{"nodes": [{"layer": 5, "name": "Sunflower seed"}, {"layer": 10, "name": "Feed", "fill": "#dbdb8d"}, {"layer": 5, "name": "Maize"}, {"layer": 5, "name": "Rye"}, {"layer": 5, "name": "Wheat"}, {"layer": 5, "name": "Oats"}, {"layer": 5, "name": "Soyabeans"}, {"layer": 5, "name": "Potatoes"}, {"layer": 5, "name": "Vegetables, Other"}, {"layer": 13, "name": "Milk - Excluding Butter"}, {"layer": 13, "name": "Pelagic Fish"}, {"layer": 5, "name": "Beans"}, {"layer": 5, "name": "Barley"}, {"layer": 13, "name": "Fish, Seafood"}, {"layer": 5, "name": "Sugar beet"}, {"layer": 5, "name": "Oilcrops, Other"}, {"layer": 5, "name": "Sorghum"}, {"layer": 5, "name": "Cereals, Other"}, {"layer": 5, "name": "Pulses, Other"}, {"layer": 16, "name": "Food", "fill": "#b5cf6b"}, {"layer": 5, "name": "Olives"}, {"layer": 5, "name": "Nuts"}, {"layer": 13, "name": "Sugar", "fill": "#d6616b"}, {"layer": 13, "name": "Oilcrops Oil, Other"}, {"layer": 5, "name": "Citrus, Other"}, {"layer": 13, "name": "Beer"}, {"layer": 5, "name": "Grapefruit"}, {"layer": 13, "name": "Beverages, Alcoholic"}, {"layer": 13, "name": "Aquatic Products, Other"}, {"layer": 5, "name": "Cocoa Beans"}, {"layer": 13, "name": "Honey"}, {"layer": 5, "name": "Rice"}, {"layer": 13, "name": "Butter, Ghee"}, {"layer": 5, "name": "Tomatoes"}, {"layer": 13, "name": "Fats, Animals, Raw"}, {"layer": 5, "name": "Coffee"}, {"layer": 13, "name": "Soyabean Oil"}, {"layer": 5, "name": "Treenuts"}, {"layer": 13, "name": "Crustaceans"}, {"layer": 13, "name": "Eggs"}, {"layer": 5, "name": "Peas"}, {"layer": 13, "name": "Marine Fish, Other"}, {"layer": 5, "name": "Grapes"}, {"layer": 5, "name": "Pimento"}, {"layer": 13, "name": "Palm Oil"}, {"layer": 5, "name": "Rape and Mustardseed"}, {"layer": 13, "name": "Wine"}, {"layer": 13, "name": "Sunflowerseed Oil"}, {"layer": 13, "name": "Olive Oil"}, {"layer": 13, "name": "Pigmeat"}, {"layer": 13, "name": "Freshwater Fish"}, {"layer": 5, "name": "Groundnuts"}, {"layer": 5, "name": "Pineapples"}, {"layer": 5, "name": "Apples"}, {"layer": 13, "name": "Meat, Other"}, {"layer": 5, "name": "Lemons, Limes"}, {"layer": 13, "name": "Cephalopods"}, {"layer": 13, "name": "Mutton & Goat Meat"}, {"layer": 13, "name": "Sweeteners, Other"}, {"layer": 5, "name": "Bananas"}, {"layer": 13, "name": "Bovine Meat"}, {"layer": 5, "name": "Fruits, Other"}, {"layer": 13, "name": "Molluscs, Other"}, {"layer": 13, "name": "Aquatic Animals, Others"}, {"layer": 13, "name": "Poultry Meat"}, {"layer": 13, "name": "Offals, Edible"}, {"layer": 13, "name": "Demersal Fish"}, {"layer": 5, "name": "Oranges, Mandarines"}, {"layer": 5, "name": "Onions"}, {"layer": 13, "name": "Cream"}, {"layer": 10, "name": "Processing", "fill": "#9edae5"}, {"layer": 13, "name": "Alcohol, Non-Food"}, {"layer": 16, "name": "Biofuels & Other", "fill": "#e7ba52"}, {"layer": 13, "name": "Rape and Mustard Oil"}, {"name": "Seed", "fill": "#dbdb8d"}, {"name": "Waste", "fill": "#c7c7c7"}, {"layer": 0, "name": "Import", "fill": "#aec7e8"}, {"layer": 5, "name": "Infant food"}, {"layer": 5, "name": "Pepper"}, {"layer": 16, "name": "Export", "fill": "#aec7e8"}, {"layer": 0, "name": "Stock Draw", "fill": "#c7c7c7"}, {"layer": 16, "name": "Stock Deposit", "fill": "#c7c7c7"}, {"layer": 0, "name": "Production", "fill": "#b5cf6b"}], "links": [{"source": 0, "prod": 0.030953246468593751, "target": 1, "value": 5.0, "supply": [{"l": "Sunflower seed", "v": 5.0}]}, {"source": 2, "prod": 7.0286723480786693, "target": 1, "value": 2075.0, "supply": [{"l": "Maize", "v": 2075.0}]}, {"source": 3, "prod": 0.021225083292750004, "target": 1, "value": 7.0, "supply": [{"l": "Rye", "v": 7.0}]}, {"source": 4, "prod": 0.72884076312750412, "target": 1, "value": 230.0, "supply": [{"l": "Wheat", "v": 230.0}]}, {"source": 5, "prod": 0.10812778281212265, "target": 1, "value": 45.0, "supply": [{"l": "Oats", "v": 45.0}]}, {"source": 6, "prod": 0.068097142230906252, "target": 1, "value": 11.0, "supply": [{"l": "Soyabeans", "v": 11.0}]}, {"source": 7, "prod": 0.027867789117314561, "target": 1, "value": 36.0, "supply": [{"l": "Potatoes", "v": 36.0}]}, {"source": 8, "prod": 0.0057525136066440821, "target": 1, "value": 17.0, "supply": [{"l": "Vegetables, Other", "v": 17.0}]}, {"source": 9, "prod": 0.0049259090252696917, "target": 1, "value": 8.0, "supply": [{"l": "Milk - Excluding Butter", "v": 8.0}]}, {"source": 10, "prod": 0.072117044369684663, "target": 1, "value": 69.0, "supply": [{"l": "Pelagic Fish", "v": 69.0}]}, {"source": 11, "prod": 0.011898910330784091, "target": 1, "value": 3.0, "supply": [{"l": "Beans", "v": 3.0}]}, {"source": 12, "prod": 0.50481279182756755, "target": 1, "value": 165.0, "supply": [{"l": "Barley", "v": 165.0}]}, {"source": 13, "prod": 0.052336181377243191, "target": 1, "value": 69.0, "supply": [{"l": "Fish, Seafood", "v": 69.0}]}, {"source": 14, "prod": 0.017433333299999999, "target": 1, "value": 15.0, "supply": [{"l": "Sugar beet", "v": 15.0}]}, {"source": 15, "prod": 0.015918812469562501, "target": 1, "value": 3.0, "supply": [{"l": "Oilcrops, Other", "v": 3.0}]}, {"source": 16, "prod": 0.003387311974977672, "target": 1, "value": 1.0, "supply": [{"l": "Sorghum", "v": 1.0}]}, {"source": 17, "prod": 0.0084900333171, "target": 1, "value": 2.0, "supply": [{"l": "Cereals, Other", "v": 2.0}]}, {"source": 18, "prod": 0.011577318159681819, "target": 1, "value": 3.0, "supply": [{"l": "Pulses, Other", "v": 3.0}]}, {"source": 2, "prod": 0.20662603047363795, "target": 19, "value": 61.0, "supply": [{"l": "Maize", "v": 61.0}]}, {"source": 20, "prod": 0.01099428774876259, "target": 19, "value": 6.0, "supply": [{"l": "Olives", "v": 6.0}]}, {"source": 3, "prod": 0.0030321547561071431, "target": 19, "value": 1.0, "supply": [{"l": "Rye", "v": 1.0}]}, {"source": 21, "prod": 0.033710426406132359, "target": 19, "value": 12.0, "supply": [{"l": "Nuts", "v": 12.0}]}, {"source": 22, "prod": 0.51736140526078134, "target": 19, "value": 130.0, "supply": [{"l": "Sugar", "v": 130.0}]}, {"source": 23, "prod": 0.0088437847053125015, "target": 19, "value": 1.0, "supply": [{"l": "Oilcrops Oil, Other", "v": 1.0}]}, {"source": 24, "prod": 0.00086632993031632646, "target": 19, "value": 2.0, "supply": [{"l": "Citrus, Other", "v": 2.0}]}, {"source": 25, "prod": 0.21926022963642303, "target": 19, "value": 384.0, "supply": [{"l": "Beer", "v": 384.0}]}, {"source": 26, "prod": 0.0010920957577975226, "target": 19, "value": 2.0, "supply": [{"l": "Grapefruit", "v": 2.0}]}, {"source": 27, "prod": 0.024604873625990446, "target": 19, "value": 7.0, "supply": [{"l": "Beverages, Alcoholic", "v": 7.0}]}, {"source": 28, "prod": 0.00082108639430367506, "target": 19, "value": 1.0, "supply": [{"l": "Aquatic Products, Other", "v": 1.0}]}, {"source": 29, "prod": 0.055283937878790698, "target": 19, "value": 6.0, "supply": [{"l": "Cocoa Beans", "v": 6.0}]}, {"source": 30, "prod": 0.0039797031173906252, "target": 19, "value": 1.0, "supply": [{"l": "Honey", "v": 1.0}]}, {"source": 31, "prod": 0.042822536467828944, "target": 19, "value": 10.0, "supply": [{"l": "Rice", "v": 10.0}]}, {"source": 32, "prod": 0.016171492032571431, "target": 19, "value": 2.0, "supply": [{"l": "Butter, Ghee", "v": 2.0}]}, {"source": 33, "prod": 0.020786749769035572, "target": 19, "value": 97.0, "supply": [{"l": "Tomatoes", "v": 97.0}]}, {"source": 34, "prod": 0.13951189883234597, "target": 19, "value": 16.0, "supply": [{"l": "Fats, Animals, Raw", "v": 16.0}]}, {"source": 35, "prod": 0.011073956500565219, "target": 19, "value": 19.0, "supply": [{"l": "Coffee", "v": 19.0}]}, {"source": 4, "prod": 1.3150822465126704, "target": 19, "value": 415.0, "supply": [{"l": "Wheat", "v": 415.0}]}, {"source": 36, "prod": 0.18735217752638944, "target": 19, "value": 18.0, "supply": [{"l": "Soyabean Oil", "v": 18.0}]}, {"source": 37, "prod": 0.0339601332684, "target": 19, "value": 12.0, "supply": [{"l": "Treenuts", "v": 12.0}]}, {"source": 38, "prod": 0.00058551953911034486, "target": 19, "value": 1.0, "supply": [{"l": "Crustaceans", "v": 1.0}]}, {"source": 39, "prod": 0.07237266686062313, "target": 19, "value": 45.0, "supply": [{"l": "Eggs", "v": 45.0}]}, {"source": 8, "prod": 0.11335835636622163, "target": 19, "value": 335.0, "supply": [{"l": "Vegetables, Other", "v": 335.0}]}, {"source": 40, "prod": 0.0044684385879473695, "target": 19, "value": 1.0, "supply": [{"l": "Peas", "v": 1.0}]}, {"source": 41, "prod": 0.0018063900674680853, "target": 19, "value": 2.0, "supply": [{"l": "Marine Fish, Other", "v": 2.0}]}, {"source": 42, "prod": 0.0526436430868207, "target": 19, "value": 83.0, "supply": [{"l": "Grapes", "v": 83.0}]}, {"source": 43, "prod": 0.0028300111056999999, "target": 19, "value": 1.0, "supply": [{"l": "Pimento", "v": 1.0}]}, {"source": 44, "prod": 0.031837624939125002, "target": 19, "value": 3.0, "supply": [{"l": "Palm Oil", "v": 3.0}]}, {"source": 45, "prod": 0.006190649293718751, "target": 19, "value": 1.0, "supply": [{"l": "Rape and Mustardseed", "v": 1.0}]}, {"source": 46, "prod": 0.1511460604590302, "target": 19, "value": 190.0, "supply": [{"l": "Wine", "v": 190.0}]}, {"source": 47, "prod": 0.24558740442684748, "target": 19, "value": 24.0, "supply": [{"l": "Sunflowerseed Oil", "v": 24.0}]}, {"source": 48, "prod": 0.040262013668721647, "target": 19, "value": 4.0, "supply": [{"l": "Olive Oil", "v": 4.0}]}, {"source": 49, "prod": 0.16925216395880016, "target": 19, "value": 96.0, "supply": [{"l": "Pigmeat", "v": 96.0}]}, {"source": 17, "prod": 0.0084900333171, "target": 19, "value": 2.0, "supply": [{"l": "Cereals, Other", "v": 2.0}]}, {"source": 7, "prod": 0.43040252081185826, "target": 19, "value": 556.0, "supply": [{"l": "Potatoes", "v": 556.0}]}, {"source": 50, "prod": 0.0040428730081428577, "target": 19, "value": 4.0, "supply": [{"l": "Freshwater Fish", "v": 4.0}]}, {"source": 51, "prod": 0.014150055528500001, "target": 19, "value": 2.0, "supply": [{"l": "Groundnuts", "v": 2.0}]}, {"source": 9, "prod": 0.48704925487354073, "target": 19, "value": 791.0, "supply": [{"l": "Milk - Excluding Butter", "v": 791.0}]}, {"source": 52, "prod": 0.0021769316197692307, "target": 19, "value": 2.0, "supply": [{"l": "Pineapples", "v": 2.0}]}, {"source": 11, "prod": 0.071393461984704545, "target": 19, "value": 18.0, "supply": [{"l": "Beans", "v": 18.0}]}, {"source": 53, "prod": 0.03773348140933333, "target": 19, "value": 70.0, "supply": [{"l": "Apples", "v": 70.0}]}, {"source": 13, "prod": 0.034890787584828789, "target": 19, "value": 46.0, "supply": [{"l": "Fish, Seafood", "v": 46.0}]}, {"source": 54, "prod": 0.0035873380213098595, "target": 19, "value": 3.0, "supply": [{"l": "Meat, Other", "v": 3.0}]}, {"source": 55, "prod": 0.0017987358722669491, "target": 19, "value": 10.0, "supply": [{"l": "Lemons, Limes", "v": 10.0}]}, {"source": 56, "prod": 0.0034795218512704918, "target": 19, "value": 5.0, "supply": [{"l": "Cephalopods", "v": 5.0}]}, {"source": 57, "prod": 0.0089368771758947391, "target": 19, "value": 3.0, "supply": [{"l": "Mutton & Goat Meat", "v": 3.0}]}, {"source": 58, "prod": 0.071859690406673199, "target": 19, "value": 125.0, "supply": [{"l": "Sweeteners, Other", "v": 125.0}]}, {"source": 10, "prod": 0.024039014789894887, "target": 19, "value": 23.0, "supply": [{"l": "Pelagic Fish", "v": 23.0}]}, {"source": 59, "prod": 0.028284780552635433, "target": 19, "value": 41.0, "supply": [{"l": "Bananas", "v": 41.0}]}, {"source": 60, "prod": 0.059710124427956056, "target": 19, "value": 24.0, "supply": [{"l": "Bovine Meat", "v": 24.0}]}, {"source": 61, "prod": 0.050782452737584804, "target": 19, "value": 93.0, "supply": [{"l": "Fruits, Other", "v": 93.0}]}, {"source": 62, "prod": 0.0018141096831410259, "target": 19, "value": 5.0, "supply": [{"l": "Molluscs, Other", "v": 5.0}]}, {"source": 63, "prod": 0.00082108639430367506, "target": 19, "value": 1.0, "supply": [{"l": "Aquatic Animals, Others", "v": 1.0}]}, {"source": 64, "prod": 0.049465740334924374, "target": 19, "value": 32.0, "supply": [{"l": "Poultry Meat", "v": 32.0}]}, {"source": 65, "prod": 0.0087226369696232885, "target": 19, "value": 6.0, "supply": [{"l": "Offals, Edible", "v": 6.0}]}, {"source": 66, "prod": 0.0036647625829208637, "target": 19, "value": 6.0, "supply": [{"l": "Demersal Fish", "v": 6.0}]}, {"source": 67, "prod": 0.020772919864207706, "target": 19, "value": 71.0, "supply": [{"l": "Oranges, Mandarines", "v": 71.0}]}, {"source": 68, "prod": 0.024709798460216419, "target": 19, "value": 66.0, "supply": [{"l": "Onions", "v": 66.0}]}, {"source": 69, "prod": 0.0054191702024042557, "target": 19, "value": 2.0, "supply": [{"l": "Cream", "v": 2.0}]}, {"source": 0, "prod": 0.29715116609850001, "target": 70, "value": 48.0, "supply": [{"l": "Sunflower seed", "v": 48.0}]}, {"source": 2, "prod": 0.1083939831992855, "target": 70, "value": 32.0, "supply": [{"l": "Maize", "v": 32.0}]}, {"source": 20, "prod": 0.025653338080446043, "target": 70, "value": 14.0, "supply": [{"l": "Olives", "v": 14.0}]}, {"source": 34, "prod": 0.052316962062129733, "target": 70, "value": 6.0, "supply": [{"l": "Fats, Animals, Raw", "v": 6.0}]}, {"source": 6, "prod": 0.74287791524625002, "target": 70, "value": 120.0, "supply": [{"l": "Soyabeans", "v": 120.0}]}, {"source": 61, "prod": 0.0092828139412789428, "target": 70, "value": 17.0, "supply": [{"l": "Fruits, Other", "v": 17.0}]}, {"source": 45, "prod": 0.074287791524625002, "target": 70, "value": 12.0, "supply": [{"l": "Rape and Mustardseed", "v": 12.0}]}, {"source": 12, "prod": 0.31512556095902705, "target": 70, "value": 103.0, "supply": [{"l": "Barley", "v": 103.0}]}, {"source": 42, "prod": 0.1775930128230096, "target": 70, "value": 280.0, "supply": [{"l": "Grapes", "v": 280.0}]}, {"source": 14, "prod": 1.1041111090000002, "target": 70, "value": 950.0, "supply": [{"l": "Sugar beet", "v": 950.0}]}, {"source": 71, "prod": 0.011137078139086437, "target": 72, "value": 14.0, "supply": [{"l": "Alcohol, Non-Food", "v": 14.0}]}, {"source": 7, "prod": 0.00077410525325873785, "target": 72, "value": 1.0, "supply": [{"l": "Potatoes", "v": 1.0}]}, {"source": 73, "prod": 0.10201202822872095, "target": 72, "value": 10.0, "supply": [{"l": "Rape and Mustard Oil", "v": 10.0}]}, {"source": 9, "prod": 0.0043101703971109798, "target": 72, "value": 7.0, "supply": [{"l": "Milk - Excluding Butter", "v": 7.0}]}, {"source": 65, "prod": 0.039251866363304792, "target": 72, "value": 27.0, "supply": [{"l": "Offals, Edible", "v": 27.0}]}, {"source": 44, "prod": 0.010612541646375, "target": 72, "value": 1.0, "supply": [{"l": "Palm Oil", "v": 1.0}]}, {"source": 23, "prod": 0.044218923526562509, "target": 72, "value": 5.0, "supply": [{"l": "Oilcrops Oil, Other", "v": 5.0}]}, {"source": 2, "prod": 0.03387311974977672, "target": 74, "value": 10.0, "supply": [{"l": "Maize", "v": 10.0}]}, {"source": 4, "prod": 0.22182110182141426, "target": 74, "value": 70.0, "supply": [{"l": "Wheat", "v": 70.0}]}, {"source": 5, "prod": 0.0072085188541415098, "target": 74, "value": 3.0, "supply": [{"l": "Oats", "v": 3.0}]}, {"source": 6, "prod": 0.012381298587437502, "target": 74, "value": 2.0, "supply": [{"l": "Soyabeans", "v": 2.0}]}, {"source": 7, "prod": 0.075088209566097575, "target": 74, "value": 97.0, "supply": [{"l": "Potatoes", "v": 97.0}]}, {"source": 39, "prod": 0.0032165629715832501, "target": 39, "value": 2.0, "supply": [{"l": "Eggs", "v": 2.0}]}, {"source": 3, "prod": 0.0030321547561071431, "target": 74, "value": 1.0, "supply": [{"l": "Rye", "v": 1.0}]}, {"source": 11, "prod": 0.0039663034435946966, "target": 74, "value": 1.0, "supply": [{"l": "Beans", "v": 1.0}]}, {"source": 12, "prod": 0.024475771724972971, "target": 74, "value": 8.0, "supply": [{"l": "Barley", "v": 8.0}]}, {"source": 0, "prod": 0.012381298587437502, "target": 75, "value": 2.0, "supply": [{"l": "Sunflower seed", "v": 2.0}]}, {"source": 2, "prod": 0.16259097479892823, "target": 75, "value": 48.0, "supply": [{"l": "Maize", "v": 48.0}]}, {"source": 3, "prod": 0.0030321547561071431, "target": 75, "value": 1.0, "supply": [{"l": "Rye", "v": 1.0}]}, {"source": 4, "prod": 0.13309266109284856, "target": 75, "value": 42.0, "supply": [{"l": "Wheat", "v": 42.0}]}, {"source": 59, "prod": 0.0013797453928114844, "target": 75, "value": 2.0, "supply": [{"l": "Bananas", "v": 2.0}]}, {"source": 5, "prod": 0.0024028396180471702, "target": 75, "value": 1.0, "supply": [{"l": "Oats", "v": 1.0}]}, {"source": 6, "prod": 0.030953246468593751, "target": 75, "value": 5.0, "supply": [{"l": "Soyabeans", "v": 5.0}]}, {"source": 7, "prod": 0.027867789117314561, "target": 75, "value": 36.0, "supply": [{"l": "Potatoes", "v": 36.0}]}, {"source": 8, "prod": 0.0067676630666400964, "target": 75, "value": 20.0, "supply": [{"l": "Vegetables, Other", "v": 20.0}]}, {"source": 61, "prod": 0.0027302393944938067, "target": 75, "value": 5.0, "supply": [{"l": "Fruits, Other", "v": 5.0}]}, {"source": 9, "prod": 0.0043101703971109798, "target": 75, "value": 7.0, "supply": [{"l": "Milk - Excluding Butter", "v": 7.0}]}, {"source": 12, "prod": 0.012237885862486485, "target": 75, "value": 4.0, "supply": [{"l": "Barley", "v": 4.0}]}, {"source": 42, "prod": 0.0044398253205752405, "target": 75, "value": 7.0, "supply": [{"l": "Grapes", "v": 7.0}]}, {"source": 67, "prod": 0.00087772900834680453, "target": 75, "value": 3.0, "supply": [{"l": "Oranges, Mandarines", "v": 3.0}]}, {"source": 68, "prod": 0.0011231726572825645, "target": 75, "value": 3.0, "supply": [{"l": "Onions", "v": 3.0}]}, {"source": 33, "prod": 0.00085718555748600278, "target": 75, "value": 4.0, "supply": [{"l": "Tomatoes", "v": 4.0}]}, {"source": 53, "prod": 0.0021561989376761904, "target": 75, "value": 4.0, "supply": [{"l": "Apples", "v": 4.0}]}, {"source": 76, "prod": 0.0028300111056999999, "target": 77, "value": 1.0, "supply": [{"l": "Infant food", "v": 1.0}]}, {"source": 76, "prod": 0.0060002989024020206, "target": 33, "value": 28.0, "supply": [{"l": "Tomatoes", "v": 28.0}]}, {"source": 76, "prod": 0.0017987358722669491, "target": 55, "value": 10.0, "supply": [{"l": "Lemons, Limes", "v": 10.0}]}, {"source": 76, "prod": 0.0169800666342, "target": 37, "value": 6.0, "supply": [{"l": "Treenuts", "v": 6.0}]}, {"source": 76, "prod": 0.0060643095122142861, "target": 3, "value": 2.0, "supply": [{"l": "Rye", "v": 2.0}]}, {"source": 76, "prod": 0.011859094157219047, "target": 53, "value": 22.0, "supply": [{"l": "Apples", "v": 22.0}]}, {"source": 76, "prod": 0.021656521813248307, "target": 8, "value": 64.0, "supply": [{"l": "Vegetables, Other", "v": 64.0}]}, {"source": 76, "prod": 0.047104790114611841, "target": 31, "value": 11.0, "supply": [{"l": "Rice", "v": 11.0}]}, {"source": 76, "prod": 0.19330124587294673, "target": 4, "value": 61.0, "supply": [{"l": "Wheat", "v": 61.0}]}, {"source": 76, "prod": 0.29370926069967568, "target": 12, "value": 96.0, "supply": [{"l": "Barley", "v": 96.0}]}, {"source": 76, "prod": 0.003859106053227273, "target": 78, "value": 1.0, "supply": [{"l": "Pepper", "v": 1.0}]}, {"source": 76, "prod": 0.0016381436366962839, "target": 26, "value": 3.0, "supply": [{"l": "Grapefruit", "v": 3.0}]}, {"source": 76, "prod": 0.012239636132203661, "target": 35, "value": 21.0, "supply": [{"l": "Coffee", "v": 21.0}]}, {"source": 76, "prod": 0.012381298587437502, "target": 0, "value": 2.0, "supply": [{"l": "Sunflower seed", "v": 2.0}]}, {"source": 76, "prod": 0.0018323812914604319, "target": 20, "value": 1.0, "supply": [{"l": "Olives", "v": 1.0}]}, {"source": 76, "prod": 0.012735049975650002, "target": 17, "value": 3.0, "supply": [{"l": "Cereals, Other", "v": 3.0}]}, {"source": 76, "prod": 0.40171387941431674, "target": 1, "value": 472.0, "supply": [{"l": "Crustaceans", "v": 1.0}, {"l": "Eggs", "v": 1.0}, {"l": "Marine Fish, Other", "v": 1.0}, {"l": "Demersal Fish", "v": 2.0}, {"l": "Pigmeat", "v": 34.0}, {"l": "Milk - Excluding Butter", "v": 189.0}, {"l": "Pelagic Fish", "v": 110.0}, {"l": "Fish, Seafood", "v": 121.0}, {"l": "Cephalopods", "v": 5.0}, {"l": "Bovine Meat", "v": 1.0}, {"l": "Molluscs, Other", "v": 2.0}, {"l": "Poultry Meat", "v": 4.0}, {"l": "Offals, Edible", "v": 1.0}]}, {"source": 76, "prod": 0.0028300111056999999, "target": 43, "value": 1.0, "supply": [{"l": "Pimento", "v": 1.0}]}, {"source": 76, "prod": 0.016855213203066179, "target": 21, "value": 6.0, "supply": [{"l": "Nuts", "v": 6.0}]}, {"source": 76, "prod": 0.02122508329275, "target": 15, "value": 4.0, "supply": [{"l": "Oilcrops, Other", "v": 4.0}]}, {"source": 76, "prod": 0.082925906818186054, "target": 29, "value": 9.0, "supply": [{"l": "Cocoa Beans", "v": 9.0}]}, {"source": 76, "prod": 0.018432309175282893, "target": 67, "value": 63.0, "supply": [{"l": "Oranges, Mandarines", "v": 63.0}]}, {"source": 76, "prod": 0.0021769316197692307, "target": 52, "value": 2.0, "supply": [{"l": "Pineapples", "v": 2.0}]}, {"source": 76, "prod": 0.006190649293718751, "target": 45, "value": 1.0, "supply": [{"l": "Rape and Mustardseed", "v": 1.0}]}, {"source": 76, "prod": 0.042575788929230585, "target": 7, "value": 55.0, "supply": [{"l": "Potatoes", "v": 55.0}]}, {"source": 76, "prod": 0.0041182997433694031, "target": 68, "value": 11.0, "supply": [{"l": "Onions", "v": 11.0}]}, {"source": 76, "prod": 0.029664525945446916, "target": 59, "value": 43.0, "supply": [{"l": "Bananas", "v": 43.0}]}, {"source": 76, "prod": 0.00086632993031632646, "target": 24, "value": 2.0, "supply": [{"l": "Citrus, Other", "v": 2.0}]}, {"source": 76, "prod": 0.0076111291209861268, "target": 42, "value": 12.0, "supply": [{"l": "Grapes", "v": 12.0}]}, {"source": 76, "prod": 0.76054374067334451, "target": 70, "value": 267.0, "supply": [{"l": "Alcohol, Non-Food", "v": 1.0}, {"l": "Sugar", "v": 77.0}, {"l": "Beer", "v": 23.0}, {"l": "Beverages, Alcoholic", "v": 2.0}, {"l": "Fats, Animals, Raw", "v": 6.0}, {"l": "Soyabean Oil", "v": 4.0}, {"l": "Palm Oil", "v": 7.0}, {"l": "Sunflowerseed Oil", "v": 6.0}, {"l": "Olive Oil", "v": 1.0}, {"l": "Rape and Mustard Oil", "v": 6.0}, {"l": "Oilcrops Oil, Other", "v": 6.0}, {"l": "Wine", "v": 6.0}, {"l": "Sweeteners, Other", "v": 120.0}, {"l": "Cream", "v": 2.0}]}, {"source": 76, "prod": 0.4890612942037813, "target": 6, "value": 79.0, "supply": [{"l": "Soyabeans", "v": 79.0}]}, {"source": 76, "prod": 0.019831517217973486, "target": 11, "value": 5.0, "supply": [{"l": "Beans", "v": 5.0}]}, {"source": 76, "prod": 0.77230713029490916, "target": 2, "value": 228.0, "supply": [{"l": "Maize", "v": 228.0}]}, {"source": 76, "prod": 0.025664250308241786, "target": 61, "value": 47.0, "supply": [{"l": "Fruits, Other", "v": 47.0}]}, {"source": 76, "prod": 0.014150055528500001, "target": 51, "value": 2.0, "supply": [{"l": "Groundnuts", "v": 2.0}]}, {"source": 76, "prod": 0.0048056792360943405, "target": 5, "value": 2.0, "supply": [{"l": "Oats", "v": 2.0}]}, {"source": 2, "prod": 0.047422367649687401, "target": 79, "value": 14.0, "supply": [{"l": "Maize", "v": 14.0}]}, {"source": 71, "prod": 0.0015910111627266338, "target": 79, "value": 2.0, "supply": [{"l": "Alcohol, Non-Food", "v": 2.0}]}, {"source": 3, "prod": 0.0030321547561071431, "target": 79, "value": 1.0, "supply": [{"l": "Rye", "v": 1.0}]}, {"source": 61, "prod": 0.0054604787889876135, "target": 79, "value": 10.0, "supply": [{"l": "Fruits, Other", "v": 10.0}]}, {"source": 22, "prod": 0.18306634339996875, "target": 79, "value": 46.0, "supply": [{"l": "Sugar", "v": 46.0}]}, {"source": 25, "prod": 0.011419803626897032, "target": 79, "value": 20.0, "supply": [{"l": "Beer", "v": 20.0}]}, {"source": 77, "prod": 0.0028300111056999999, "target": 79, "value": 1.0, "supply": [{"l": "Infant food", "v": 1.0}]}, {"source": 27, "prod": 0.028119855572560512, "target": 79, "value": 8.0, "supply": [{"l": "Beverages, Alcoholic", "v": 8.0}]}, {"source": 12, "prod": 0.03671365758745946, "target": 79, "value": 12.0, "supply": [{"l": "Barley", "v": 12.0}]}, {"source": 30, "prod": 0.0039797031173906252, "target": 79, "value": 1.0, "supply": [{"l": "Honey", "v": 1.0}]}, {"source": 32, "prod": 0.0080857460162857154, "target": 79, "value": 1.0, "supply": [{"l": "Butter, Ghee", "v": 1.0}]}, {"source": 33, "prod": 0.0002142963893715007, "target": 79, "value": 1.0, "supply": [{"l": "Tomatoes", "v": 1.0}]}, {"source": 0, "prod": 0.037143895762312501, "target": 79, "value": 6.0, "supply": [{"l": "Sunflower seed", "v": 6.0}]}, {"source": 34, "prod": 0.061036455739151355, "target": 79, "value": 7.0, "supply": [{"l": "Fats, Animals, Raw", "v": 7.0}]}, {"source": 35, "prod": 0.001165679631638444, "target": 79, "value": 2.0, "supply": [{"l": "Coffee", "v": 2.0}]}, {"source": 4, "prod": 0.9474929920657551, "target": 79, "value": 299.0, "supply": [{"l": "Wheat", "v": 299.0}]}, {"source": 36, "prod": 0.072859180149151451, "target": 79, "value": 7.0, "supply": [{"l": "Soyabean Oil", "v": 7.0}]}, {"source": 37, "prod": 0.0028300111056999999, "target": 79, "value": 1.0, "supply": [{"l": "Treenuts", "v": 1.0}]}, {"source": 39, "prod": 0.0016082814857916251, "target": 79, "value": 1.0, "supply": [{"l": "Eggs", "v": 1.0}]}, {"source": 8, "prod": 0.0020302989199920286, "target": 79, "value": 6.0, "supply": [{"l": "Vegetables, Other", "v": 6.0}]}, {"source": 44, "prod": 0.031837624939125002, "target": 79, "value": 3.0, "supply": [{"l": "Palm Oil", "v": 3.0}]}, {"source": 47, "prod": 0.04093123407114125, "target": 79, "value": 4.0, "supply": [{"l": "Sunflowerseed Oil", "v": 4.0}]}, {"source": 49, "prod": 0.0035260867491416705, "target": 79, "value": 2.0, "supply": [{"l": "Pigmeat", "v": 2.0}]}, {"source": 29, "prod": 0.027641968939395349, "target": 79, "value": 3.0, "supply": [{"l": "Cocoa Beans", "v": 3.0}]}, {"source": 6, "prod": 0.012381298587437502, "target": 79, "value": 2.0, "supply": [{"l": "Soyabeans", "v": 2.0}]}, {"source": 21, "prod": 0.0028092022005110294, "target": 79, "value": 1.0, "supply": [{"l": "Nuts", "v": 1.0}]}, {"source": 50, "prod": 0.0010107182520357144, "target": 79, "value": 1.0, "supply": [{"l": "Freshwater Fish", "v": 1.0}]}, {"source": 9, "prod": 0.024629545126348455, "target": 79, "value": 40.0, "supply": [{"l": "Milk - Excluding Butter", "v": 40.0}]}, {"source": 53, "prod": 0.0005390497344190476, "target": 79, "value": 1.0, "supply": [{"l": "Apples", "v": 1.0}]}, {"source": 13, "prod": 0.025030347615203265, "target": 79, "value": 33.0, "supply": [{"l": "Fish, Seafood", "v": 33.0}]}, {"source": 23, "prod": 0.0088437847053125015, "target": 79, "value": 1.0, "supply": [{"l": "Oilcrops Oil, Other", "v": 1.0}]}, {"source": 56, "prod": 0.00069590437025409833, "target": 79, "value": 1.0, "supply": [{"l": "Cephalopods", "v": 1.0}]}, {"source": 46, "prod": 0.0095460669763598027, "target": 79, "value": 12.0, "supply": [{"l": "Wine", "v": 12.0}]}, {"source": 58, "prod": 0.0097729178953075545, "target": 79, "value": 17.0, "supply": [{"l": "Sweeteners, Other", "v": 17.0}]}, {"source": 10, "prod": 0.032400411238553979, "target": 79, "value": 31.0, "supply": [{"l": "Pelagic Fish", "v": 31.0}]}, {"source": 60, "prod": 0.007463765553494507, "target": 79, "value": 3.0, "supply": [{"l": "Bovine Meat", "v": 3.0}]}, {"source": 64, "prod": 0.0092748263127983219, "target": 79, "value": 6.0, "supply": [{"l": "Poultry Meat", "v": 6.0}]}, {"source": 65, "prod": 0.0014537728282705482, "target": 79, "value": 1.0, "supply": [{"l": "Offals, Edible", "v": 1.0}]}, {"source": 45, "prod": 0.061906492937187502, "target": 79, "value": 10.0, "supply": [{"l": "Rape and Mustardseed", "v": 10.0}]}, {"source": 67, "prod": 0.0023406106889248121, "target": 79, "value": 8.0, "supply": [{"l": "Oranges, Mandarines", "v": 8.0}]}, {"source": 80, "prod": 0.099050388699500017, "target": 0, "value": 16.0, "supply": [{"l": "Sunflower seed", "v": 16.0}]}, {"source": 2, "prod": 0.6774623949955344, "target": 81, "value": 200.0, "supply": [{"l": "Maize", "v": 200.0}]}, {"source": 80, "prod": 0.010780994688380953, "target": 53, "value": 20.0, "supply": [{"l": "Apples", "v": 20.0}]}, {"source": 80, "prod": 0.095066186494891833, "target": 4, "value": 30.0, "supply": [{"l": "Wheat", "v": 30.0}]}, {"source": 6, "prod": 0.18571947881156251, "target": 81, "value": 30.0, "supply": [{"l": "Soyabeans", "v": 30.0}]}, {"source": 22, "prod": 0.12735049975650001, "target": 81, "value": 32.0, "supply": [{"l": "Sugar", "v": 32.0}]}, {"source": 82, "prod": 7.49273408865061, "target": 2, "value": 2212.0, "supply": [{"l": "Maize", "v": 2212.0}]}, {"source": 82, "prod": 0.034815244537748209, "target": 20, "value": 19.0, "supply": [{"l": "Olives", "v": 19.0}]}, {"source": 82, "prod": 0.027289392804964292, "target": 3, "value": 9.0, "supply": [{"l": "Rye", "v": 9.0}]}, {"source": 82, "prod": 0.016855213203066179, "target": 21, "value": 6.0, "supply": [{"l": "Nuts", "v": 6.0}]}, {"source": 82, "prod": 0.49257490596508108, "target": 12, "value": 161.0, "supply": [{"l": "Barley", "v": 161.0}]}, {"source": 82, "prod": 0.01585793281349105, "target": 33, "value": 74.0, "supply": [{"l": "Tomatoes", "v": 74.0}]}, {"source": 82, "prod": 0.26619791962990624, "target": 0, "value": 43.0, "supply": [{"l": "Sunflower seed", "v": 43.0}]}, {"source": 82, "prod": 0.0084900333171, "target": 17, "value": 2.0, "supply": [{"l": "Cereals, Other", "v": 2.0}]}, {"source": 82, "prod": 3.0579623322523535, "target": 4, "value": 965.0, "supply": [{"l": "Wheat", "v": 965.0}]}, {"source": 82, "prod": 0.0169800666342, "target": 37, "value": 6.0, "supply": [{"l": "Treenuts", "v": 6.0}]}, {"source": 82, "prod": 0.10625231014624952, "target": 8, "value": 314.0, "supply": [{"l": "Vegetables, Other", "v": 314.0}]}, {"source": 82, "prod": 0.0044684385879473695, "target": 40, "value": 1.0, "supply": [{"l": "Peas", "v": 1.0}]}, {"source": 82, "prod": 0.22769961286950161, "target": 42, "value": 359.0, "supply": [{"l": "Grapes", "v": 359.0}]}, {"source": 82, "prod": 0.1361942844618125, "target": 45, "value": 22.0, "supply": [{"l": "Rape and Mustardseed", "v": 22.0}]}, {"source": 82, "prod": 0.0053062708231875, "target": 15, "value": 1.0, "supply": [{"l": "Oilcrops, Other", "v": 1.0}]}, {"source": 82, "prod": 0.11533630166626416, "target": 5, "value": 48.0, "supply": [{"l": "Oats", "v": 48.0}]}, {"source": 82, "prod": 0.56953973502212507, "target": 6, "value": 92.0, "supply": [{"l": "Soyabeans", "v": 92.0}]}, {"source": 82, "prod": 0.51865051968335441, "target": 7, "value": 670.0, "supply": [{"l": "Potatoes", "v": 670.0}]}, {"source": 82, "prod": 0.067427158541109838, "target": 11, "value": 17.0, "supply": [{"l": "Beans", "v": 17.0}]}, {"source": 82, "prod": 0.017249591501409523, "target": 53, "value": 32.0, "supply": [{"l": "Apples", "v": 32.0}]}, {"source": 82, "prod": 1.1215444423000001, "target": 14, "value": 965.0, "supply": [{"l": "Sugar beet", "v": 965.0}]}, {"source": 82, "prod": 0.00017987358722669491, "target": 55, "value": 1.0, "supply": [{"l": "Lemons, Limes", "v": 1.0}]}, {"source": 82, "prod": 0.003387311974977672, "target": 16, "value": 1.0, "supply": [{"l": "Sorghum", "v": 1.0}]}, {"source": 82, "prod": 0.043137782433002148, "target": 61, "value": 79.0, "supply": [{"l": "Fruits, Other", "v": 79.0}]}, {"source": 82, "prod": 0.0058515267223120306, "target": 67, "value": 20.0, "supply": [{"l": "Oranges, Mandarines", "v": 20.0}]}, {"source": 82, "prod": 0.011577318159681819, "target": 18, "value": 3.0, "supply": [{"l": "Pulses, Other", "v": 3.0}]}, {"source": 82, "prod": 0.021714671374129583, "target": 68, "value": 58.0, "supply": [{"l": "Onions", "v": 58.0}]}, {"source": 1, "prod": 0.058740566647722696, "target": 64, "value": 38.0, "supply": [{"l": "Poultry Meat", "v": 38.0}]}, {"source": 1, "prod": 0.17277825070794184, "target": 49, "value": 98.0, "supply": [{"l": "Pigmeat", "v": 98.0}]}, {"source": 1, "prod": 0.12855647039813353, "target": 10, "value": 123.0, "supply": [{"l": "Pelagic Fish", "v": 123.0}]}, {"source": 1, "prod": 0.00058551953911034486, "target": 38, "value": 1.0, "supply": [{"l": "Crustaceans", "v": 1.0}]}, {"source": 1, "prod": 0.073980948346414749, "target": 39, "value": 46.0, "supply": [{"l": "Eggs", "v": 48.0}]}, {"source": 1, "prod": 0.0018141096831410259, "target": 62, "value": 5.0, "supply": [{"l": "Molluscs, Other", "v": 5.0}]}, {"source": 1, "prod": 0.00082108639430367506, "target": 63, "value": 1.0, "supply": [{"l": "Aquatic Animals, Others", "v": 1.0}]}, {"source": 1, "prod": 0.0041754262215245898, "target": 56, "value": 6.0, "supply": [{"l": "Cephalopods", "v": 6.0}]}, {"source": 1, "prod": 0.52522504981938078, "target": 9, "value": 853.0, "supply": [{"l": "Milk - Excluding Butter", "v": 853.0}]}, {"source": 1, "prod": 0.049428276161198631, "target": 65, "value": 34.0, "supply": [{"l": "Offals, Edible", "v": 34.0}]}, {"source": 1, "prod": 0.0018063900674680853, "target": 41, "value": 2.0, "supply": [{"l": "Marine Fish, Other", "v": 2.0}]}, {"source": 1, "prod": 0.00082108639430367506, "target": 28, "value": 1.0, "supply": [{"l": "Aquatic Products, Other", "v": 1.0}]}, {"source": 1, "prod": 0.11225731657727525, "target": 13, "value": 148.0, "supply": [{"l": "Fish, Seafood", "v": 148.0}]}, {"source": 1, "prod": 0.06717388998145056, "target": 60, "value": 27.0, "supply": [{"l": "Bovine Meat", "v": 27.0}]}, {"source": 1, "prod": 0.0036647625829208637, "target": 66, "value": 6.0, "supply": [{"l": "Demersal Fish", "v": 6.0}]}, {"source": 1, "prod": 0.0035873380213098595, "target": 54, "value": 3.0, "supply": [{"l": "Meat, Other", "v": 3.0}]}, {"source": 1, "prod": 0.0050535912601785719, "target": 50, "value": 5.0, "supply": [{"l": "Freshwater Fish", "v": 5.0}]}, {"source": 1, "prod": 0.0089368771758947391, "target": 57, "value": 3.0, "supply": [{"l": "Mutton & Goat Meat", "v": 3.0}]}, {"source": 70, "prod": 0.040262013668721647, "target": 48, "value": 4.0, "supply": [{"l": "Olive Oil", "v": 4.0}]}, {"source": 70, "prod": 0.25286531663362705, "target": 34, "value": 29.0, "supply": [{"l": "Fats, Animals, Raw", "v": 29.0}]}, {"source": 70, "prod": 0.081632608301980755, "target": 58, "value": 142.0, "supply": [{"l": "Sweeteners, Other", "v": 142.0}]}, {"source": 70, "prod": 0.012728089301813071, "target": 71, "value": 16.0, "supply": [{"l": "Alcohol, Non-Food", "v": 16.0}]}, {"source": 70, "prod": 0.26021135767554088, "target": 36, "value": 25.0, "supply": [{"l": "Soyabean Oil", "v": 25.0}]}, {"source": 70, "prod": 0.10201202822872095, "target": 73, "value": 10.0, "supply": [{"l": "Rape and Mustard Oil", "v": 10.0}]}, {"source": 70, "prod": 0.82777824841725012, "target": 22, "value": 208.0, "supply": [{"l": "Sugar", "v": 208.0}]}, {"source": 70, "prod": 0.0079594062347812505, "target": 30, "value": 2.0, "supply": [{"l": "Honey", "v": 2.0}]}, {"source": 70, "prod": 0.23068003326332007, "target": 25, "value": 404.0, "supply": [{"l": "Beer", "v": 404.0}]}, {"source": 70, "prod": 0.052724729198550958, "target": 27, "value": 15.0, "supply": [{"l": "Beverages, Alcoholic", "v": 15.0}]}, {"source": 70, "prod": 0.28651863849798875, "target": 47, "value": 28.0, "supply": [{"l": "Sunflowerseed Oil", "v": 28.0}]}, {"source": 70, "prod": 0.074287791524625002, "target": 44, "value": 7.0, "supply": [{"l": "Palm Oil", "v": 7.0}]}, {"source": 70, "prod": 0.061906492937187516, "target": 23, "value": 7.0, "supply": [{"l": "Oilcrops Oil, Other", "v": 7.0}]}, {"source": 70, "prod": 0.0054191702024042557, "target": 69, "value": 2.0, "supply": [{"l": "Cream", "v": 2.0}]}, {"source": 70, "prod": 0.024257238048857148, "target": 32, "value": 3.0, "supply": [{"l": "Butter, Ghee", "v": 3.0}]}, {"source": 70, "prod": 0.16069212743538999, "target": 46, "value": 202.0, "supply": [{"l": "Wine", "v": 202.0}]}]}