{"nodes": [{"layer": 5, "name": "Cereals", "fill": "#e7ba52"}, {"layer": 10, "name": "Feed", "fill": "#dbdb8d"}, {"layer": 13, "name": "Other Processed", "fill": "#9c9ede"}, {"layer": 16, "name": "Food", "fill": "#b5cf6b"}, {"layer": 13, "name": "Animal Products", "fill": "#17becf"}, {"layer": 5, "name": "Oilcrops", "fill": "#ff9896"}, {"layer": 5, "name": "Fruits, Roots & Vegetables", "fill": "#98df8a"}, {"layer": 13, "name": "Sugar", "fill": "#d6616b"}, {"layer": 13, "name": "Aquatic Products", "fill": "#1f77b4"}, {"layer": 5, "name": "Sugar Crops", "fill": "#ffbb78"}, {"layer": 10, "name": "Processing", "fill": "#9edae5"}, {"layer": 16, "name": "Biofuels & Other", "fill": "#e7ba52"}, {"name": "Waste", "fill": "#c7c7c7"}, {"layer": 0, "name": "Import", "fill": "#aec7e8"}, {"layer": 16, "name": "Export", "fill": "#aec7e8"}, {"layer": 16, "name": "Stock Deposit", "fill": "#c7c7c7"}, {"layer": 0, "name": "Stock Draw", "fill": "#c7c7c7"}, {"layer": 0, "name": "Production", "fill": "#b5cf6b"}], "links": [{"source": 0, "prod": 0.051969294850127273, "target": 1, "value": 14.0, "supply": [{"l": "Maize", "v": 14.0}]}, {"source": 2, "prod": 0.01266560672268637, "target": 3, "value": 4.0, "supply": [{"l": "Beer", "v": 2.0}, {"l": "Fats, Animals, Raw", "v": 1.0}, {"l": "Beverages, Alcoholic", "v": 1.0}]}, {"source": 4, "prod": 0.023827211222260898, "target": 3, "value": 20.0, "supply": [{"l": "Pigmeat", "v": 2.0}, {"l": "Milk - Excluding Butter", "v": 15.0}, {"l": "Bovine Meat", "v": 1.0}, {"l": "Poultry Meat", "v": 2.0}]}, {"source": 0, "prod": 0.043653158566353795, "target": 3, "value": 13.0, "supply": [{"l": "Maize", "v": 1.0}, {"l": "Rice", "v": 3.0}, {"l": "Wheat", "v": 9.0}]}, {"source": 5, "prod": 0.0015706125355375129, "target": 3, "value": 1.0, "supply": [{"l": "Coconuts - Incl Copra", "v": 1.0}]}, {"source": 6, "prod": 0.0084920697261375456, "target": 3, "value": 10.0, "supply": [{"l": "Roots, Other", "v": 1.0}, {"l": "Potatoes", "v": 1.0}, {"l": "Fruits, Other", "v": 1.0}, {"l": "Grapefruit", "v": 1.0}, {"l": "Beans", "v": 1.0}, {"l": "Bananas", "v": 1.0}, {"l": "Vegetables, Other", "v": 1.0}, {"l": "Oranges, Mandarines", "v": 3.0}]}, {"source": 7, "prod": 0.021259188943461439, "target": 3, "value": 5.0, "supply": [{"l": "Sugar", "v": 5.0}]}, {"source": 8, "prod": 0.0005193489457259125, "target": 3, "value": 2.0, "supply": [{"l": "Fish, Seafood", "v": 1.0}, {"l": "Molluscs, Other", "v": 1.0}]}, {"source": 9, "prod": 0.19123452094582624, "target": 10, "value": 687.0, "supply": [{"l": "Sugar cane", "v": 687.0}]}, {"source": 6, "prod": 0.00030462339888286198, "target": 11, "value": 1.0, "supply": [{"l": "Oranges, Mandarines", "v": 1.0}]}, {"source": 2, "prod": 0.0083975182851450132, "target": 11, "value": 1.0, "supply": [{"l": "Fats, Animals, Raw", "v": 1.0}]}, {"source": 7, "prod": 0.0042518377886922873, "target": 11, "value": 1.0, "supply": [{"l": "Sugar", "v": 1.0}]}, {"source": 6, "prod": 0.00061002028079293401, "target": 12, "value": 2.0, "supply": [{"l": "Vegetables, Other", "v": 1.0}, {"l": "Oranges, Mandarines", "v": 1.0}]}, {"source": 0, "prod": 0.0037120924892948054, "target": 12, "value": 1.0, "supply": [{"l": "Maize", "v": 1.0}]}, {"source": 13, "prod": 0.026127008081050212, "target": 10, "value": 6.0, "supply": [{"l": "Fats, Animals, Raw", "v": 2.0}, {"l": "Sugar", "v": 2.0}, {"l": "Beer", "v": 2.0}]}, {"source": 13, "prod": 0.042587386790472928, "target": 0, "value": 13.0, "supply": [{"l": "Maize", "v": 1.0}, {"l": "Wheat", "v": 10.0}, {"l": "Rice", "v": 2.0}]}, {"source": 13, "prod": 0.018057130488695609, "target": 1, "value": 17.0, "supply": [{"l": "Pigmeat", "v": 1.0}, {"l": "Bovine Meat", "v": 1.0}, {"l": "Poultry Meat", "v": 1.0}, {"l": "Milk - Excluding Butter", "v": 14.0}]}, {"source": 13, "prod": 0.0011246106230337564, "target": 6, "value": 2.0, "supply": [{"l": "Vegetables, Other", "v": 1.0}, {"l": "Potatoes", "v": 1.0}]}, {"source": 6, "prod": 0.01013809789520345, "target": 14, "value": 35.0, "supply": [{"l": "Grapefruit", "v": 10.0}, {"l": "Oranges, Mandarines", "v": 20.0}, {"l": "Vegetables, Other", "v": 4.0}, {"l": "Fruits, Other", "v": 1.0}]}, {"source": 8, "prod": 0.00088912391598288103, "target": 14, "value": 2.0, "supply": [{"l": "Fish, Seafood", "v": 1.0}, {"l": "Crustaceans", "v": 1.0}]}, {"source": 4, "prod": 0.0015624093289025732, "target": 14, "value": 2.0, "supply": [{"l": "Milk - Excluding Butter", "v": 2.0}]}, {"source": 0, "prod": 0.003061979229118033, "target": 14, "value": 1.0, "supply": [{"l": "Wheat", "v": 1.0}]}, {"source": 7, "prod": 0.2551102673215373, "target": 14, "value": 60.0, "supply": [{"l": "Sugar", "v": 60.0}]}, {"source": 6, "prod": 0.0039084552354936072, "target": 15, "value": 1.0, "supply": [{"l": "Beans", "v": 1.0}]}, {"source": 16, "prod": 0.00083149897884164019, "target": 6, "value": 3.0, "supply": [{"l": "Grapefruit", "v": 1.0}, {"l": "Oranges, Mandarines", "v": 2.0}]}, {"source": 4, "prod": 0.0007812046644512866, "target": 15, "value": 1.0, "supply": [{"l": "Milk - Excluding Butter", "v": 1.0}]}, {"source": 7, "prod": 0.017007351154769149, "target": 15, "value": 4.0, "supply": [{"l": "Sugar", "v": 4.0}]}, {"source": 17, "prod": 0.067648981838714678, "target": 0, "value": 18.0, "supply": [{"l": "Maize", "v": 16.0}, {"l": "Rice", "v": 2.0}]}, {"source": 17, "prod": 0.0031412250710750257, "target": 5, "value": 2.0, "supply": [{"l": "Coconuts - Incl Copra", "v": 2.0}]}, {"source": 17, "prod": 0.02231572319325453, "target": 6, "value": 45.0, "supply": [{"l": "Vegetables, Other", "v": 6.0}, {"l": "Bananas", "v": 2.0}, {"l": "Roots, Other", "v": 1.0}, {"l": "Fruits, Other", "v": 2.0}, {"l": "Grapefruit", "v": 9.0}, {"l": "Beans", "v": 2.0}, {"l": "Oranges, Mandarines", "v": 23.0}]}, {"source": 17, "prod": 0.19123452094582624, "target": 9, "value": 687.0, "supply": [{"l": "Sugar cane", "v": 687.0}]}, {"source": 1, "prod": 0.0014084728617087935, "target": 8, "value": 4.0, "supply": [{"l": "Crustaceans", "v": 1.0}, {"l": "Molluscs, Other", "v": 1.0}, {"l": "Fish, Seafood", "v": 2.0}]}, {"source": 1, "prod": 0.026170825215614757, "target": 4, "value": 23.0, "supply": [{"l": "Milk - Excluding Butter", "v": 18.0}, {"l": "Bovine Meat", "v": 1.0}, {"l": "Pigmeat", "v": 2.0}, {"l": "Poultry Meat", "v": 2.0}]}, {"source": 10, "prod": 0.021063125007831383, "target": 2, "value": 5.0, "supply": [{"l": "Fats, Animals, Raw", "v": 2.0}, {"l": "Beer", "v": 2.0}, {"l": "Beverages, Alcoholic", "v": 1.0}]}, {"source": 10, "prod": 0.29762864520846016, "target": 7, "value": 70.0, "supply": [{"l": "Sugar", "v": 70.0}]}]}