{"nodes": [{"layer": 3, "name": "Oilcrops", "fill": "#ff9896"}, {"layer": 5, "name": "Production", "fill": "#b5cf6b"}, {"layer": 3, "name": "Vegetables"}, {"layer": 3, "name": "Sugar Crops", "fill": "#ffbb78"}, {"layer": 3, "name": "Starchy Roots"}, {"layer": 3, "name": "Pulses"}, {"layer": 3, "name": "Fruits - Excluding Wine"}, {"layer": 3, "name": "Cereals - Excluding Beer"}, {"layer": 1, "name": "Electricity", "fill": "#bcbd22"}, {"layer": 0, "name": "Fossil Fuels", "fill": "#c49c94"}, {"layer": 0, "name": "Renewables & Nuclear", "fill": "#2ca02c"}, {"layer": 1, "name": "Fertilizers", "fill": "#c5b0d5"}, {"layer": 0, "name": "Labor", "fill": "#7f7f7f"}], "links": [{"source": 0, "prod": 1.0, "target": 1, "value": 0.0016009777112245716, "supply": [{"l": "Coconuts - Incl Copra", "v": 0.0016009777112245716}]}, {"source": 2, "prod": 2.0, "target": 1, "value": 0.0005438455505615659, "supply": [{"l": "Vegetables, Other", "v": 0.0005438455505615659}]}, {"source": 3, "prod": 418.0, "target": 1, "value": 0.12951948637035768, "supply": [{"l": "Sugar cane", "v": 0.12951948637035768}]}, {"source": 4, "prod": 2.0, "target": 1, "value": 0.0020118562362796207, "supply": [{"l": "Roots, Other", "v": 0.0020118562362796207}]}, {"source": 5, "prod": 1.0, "target": 1, "value": 0.0039322259573936853, "supply": [{"l": "Beans", "v": 0.0039322259573936853}]}, {"source": 6, "prod": 56.0, "target": 1, "value": 0.020185324801385802, "supply": [{"l": "Bananas", "v": 0.0043303106563261215}, {"l": "Fruits, Other", "v": 0.0012538023886012658}, {"l": "Grapefruit", "v": 0.0022539911461327434}, {"l": "Oranges, Mandarines", "v": 0.012347220610325671}]}, {"source": 7, "prod": 4.0, "target": 1, "value": 0.015209391366620438, "supply": [{"l": "Maize", "v": 0.011091492457019004}, {"l": "Rice", "v": 0.0041178989096014341}]}, {"source": 8, "prod": 0, "target": 0, "value": 6.0245582194553101e-07, "supply": "[{\"l\":'Energy for power irrigation',\"v\":6.0245582194553101e-07}]"}, {"source": 8, "prod": 0, "target": 2, "value": 1.204911643891062e-06, "supply": "[{\"l\":'Energy for power irrigation',\"v\":1.204911643891062e-06}]"}, {"source": 8, "prod": 0, "target": 3, "value": 0.00025182653357323201, "supply": "[{\"l\":'Energy for power irrigation',\"v\":0.00025182653357323201}]"}, {"source": 8, "prod": 0, "target": 4, "value": 1.5061395548638277e-06, "supply": "[{\"l\":'Energy for power irrigation',\"v\":1.5061395548638277e-06}]"}, {"source": 8, "prod": 0, "target": 5, "value": 9.0368373291829657e-07, "supply": "[{\"l\":'Energy for power irrigation',\"v\":9.0368373291829657e-07}]"}, {"source": 8, "prod": 0, "target": 7, "value": 5.7233303084825447e-06, "supply": "[{\"l\":'Energy for power irrigation',\"v\":5.7233303084825447e-06}]"}, {"source": 8, "prod": 0, "target": 6, "value": 3.433998185089527e-05, "supply": "[{\"l\":'Energy for power irrigation',\"v\":3.433998185089527e-05}]"}, {"source": 9, "prod": 0, "target": 8, "value": 0.00056009549306164916, "supply": [{"l": "Coal", "v": 0.00029027428113236856}, {"l": "Natural gas", "v": 8.7642503858060484e-05}, {"l": "Oil", "v": 0.00018217870807122011}]}, {"source": 10, "prod": 0, "target": 8, "value": 7.8615156234316952e-05, "supply": [{"l": "Nuclear", "v": 8.9759169591301908e-06}, {"l": "Hydroelectric", "v": 6.8744929561280439e-05}, {"l": "Renewable", "v": 8.9430971390632338e-07}]}, {"source": 9, "prod": 0, "target": 0, "value": 4.0503372173618172e-05, "supply": [{"l": "Gas-Diesel oil", "v": 4.0503372173618172e-05}]}, {"source": 9, "prod": 0, "target": 2, "value": 8.1006744347236344e-05, "supply": [{"l": "Gas-Diesel oil", "v": 8.1006744347236344e-05}]}, {"source": 9, "prod": 0, "target": 3, "value": 0.016930409568572394, "supply": [{"l": "Gas-Diesel oil", "v": 0.016930409568572394}]}, {"source": 9, "prod": 0, "target": 4, "value": 0.00010125843043404543, "supply": [{"l": "Gas-Diesel oil", "v": 0.00010125843043404543}]}, {"source": 9, "prod": 0, "target": 5, "value": 6.0755058260427261e-05, "supply": [{"l": "Gas-Diesel oil", "v": 6.0755058260427261e-05}]}, {"source": 9, "prod": 0, "target": 7, "value": 0.00038478203564937263, "supply": [{"l": "Gas-Diesel oil", "v": 0.00038478203564937263}]}, {"source": 9, "prod": 0, "target": 6, "value": 0.0023086922138962356, "supply": [{"l": "Gas-Diesel oil", "v": 0.0023086922138962356}]}, {"source": 11, "prod": 0.0024313326551373346, "target": 0, "value": 1.5480010185323987e-05, "supply": [{"l": "Potash", "v": 0.00038714722253193994}, {"l": "Phosphate", "v": 0.0035518333361747997}, {"l": "Nitrogen", "v": 0.0036694444473799998}]}, {"source": 11, "prod": 0.0048626653102746692, "target": 2, "value": 3.0960020370647973e-05, "supply": [{"l": "Potash", "v": 0.00038714722253193994}, {"l": "Phosphate", "v": 0.0035518333361747997}, {"l": "Nitrogen", "v": 0.0036694444473799998}]}, {"source": 11, "prod": 1.016297049847406, "target": 3, "value": 0.0064706442574654259, "supply": [{"l": "Potash", "v": 0.00038714722253193994}, {"l": "Phosphate", "v": 0.0035518333361747997}, {"l": "Nitrogen", "v": 0.0036694444473799998}]}, {"source": 11, "prod": 0.0060783316378433374, "target": 4, "value": 3.8700025463309967e-05, "supply": [{"l": "Potash", "v": 0.00038714722253193994}, {"l": "Phosphate", "v": 0.0035518333361747997}, {"l": "Nitrogen", "v": 0.0036694444473799998}]}, {"source": 11, "prod": 0.0036469989827060023, "target": 5, "value": 2.3220015277985977e-05, "supply": [{"l": "Potash", "v": 0.00038714722253193994}, {"l": "Phosphate", "v": 0.0035518333361747997}, {"l": "Nitrogen", "v": 0.0036694444473799998}]}, {"source": 11, "prod": 0.023097660223804679, "target": 7, "value": 0.00014706009676057787, "supply": [{"l": "Potash", "v": 0.00038714722253193994}, {"l": "Phosphate", "v": 0.0035518333361747997}, {"l": "Nitrogen", "v": 0.0036694444473799998}]}, {"source": 11, "prod": 0.13858596134282808, "target": 6, "value": 0.00088236058056346709, "supply": [{"l": "Potash", "v": 0.00038714722253193994}, {"l": "Phosphate", "v": 0.0035518333361747997}, {"l": "Nitrogen", "v": 0.0036694444473799998}]}, {"source": 9, "prod": 0, "target": 11, "value": 0.0091948085632691488, "supply": [{"l": "Natural gas (including LNG)", "v": 0.0063783203428369635}, {"l": "Fuel oil", "v": 0.0021678361718906651}, {"l": "Liquefied petroleum gas (LPG)", "v": 0.00032432602427076026}, {"l": "Coal", "v": 0.00032432602427076026}]}, {"source": 12, "prod": 0, "target": 0, "value": 1.479918593831123e-05, "supply": "[{\"l\":'Labor',\"v\":1.479918593831123e-05}]"}, {"source": 12, "prod": 0, "target": 2, "value": 2.9598371876622459e-05, "supply": "[{\"l\":'Labor',\"v\":2.9598371876622459e-05}]"}, {"source": 12, "prod": 0, "target": 3, "value": 0.0061860597222140948, "supply": "[{\"l\":'Labor',\"v\":0.0061860597222140948}]"}, {"source": 12, "prod": 0, "target": 4, "value": 3.699796484577808e-05, "supply": "[{\"l\":'Labor',\"v\":3.699796484577808e-05}]"}, {"source": 12, "prod": 0, "target": 5, "value": 2.2198778907466845e-05, "supply": "[{\"l\":'Labor',\"v\":2.2198778907466845e-05}]"}, {"source": 12, "prod": 0, "target": 7, "value": 0.00014059226641395669, "supply": "[{\"l\":'Labor',\"v\":0.00014059226641395669}]"}, {"source": 12, "prod": 0, "target": 6, "value": 0.00084355359848374014, "supply": "[{\"l\":'Labor',\"v\":0.00084355359848374014}]"}]}