{"nodes": [{"layer": 13, "name": "Other Processed", "fill": "#9c9ede"}, {"layer": 10, "name": "Feed", "fill": "#dbdb8d"}, {"layer": 13, "name": "Animal Products", "fill": "#17becf"}, {"layer": 5, "name": "Cereals", "fill": "#e7ba52"}, {"layer": 5, "name": "Oilcrops", "fill": "#ff9896"}, {"layer": 5, "name": "Sugar Crops", "fill": "#ffbb78"}, {"layer": 13, "name": "Sugar", "fill": "#d6616b"}, {"layer": 5, "name": "Starchy Roots"}, {"layer": 5, "name": "Fruits & Vegetables"}, {"layer": 13, "name": "Aquatic Products", "fill": "#1f77b4"}, {"layer": 13, "name": "Vegetable Oils", "fill": "#f7b6d2"}, {"layer": 16, "name": "Food", "fill": "#b5cf6b"}, {"layer": 5, "name": "Others"}, {"layer": 10, "name": "Processing", "fill": "#9edae5"}, {"layer": 16, "name": "Biofuels & Other", "fill": "#e7ba52"}, {"name": "Waste", "fill": "#c7c7c7"}, {"layer": 0, "name": "Stock Draw", "fill": "#c7c7c7"}, {"layer": 16, "name": "Stock Deposit", "fill": "#c7c7c7"}, {"layer": 0, "name": "Production", "fill": "#b5cf6b"}], "links": [{"source": 0, "prod": 14.987047406211561, "target": 1, "value": 1908.0, "supply": [{"l": "Butter, Ghee", "v": 5.0}, {"l": "Fats, Animals, Raw", "v": 1212.0}, {"l": "Fish, Body Oil", "v": 676.0}, {"l": "Fish, Liver Oil", "v": 15.0}]}, {"source": 2, "prod": 69.073177224382661, "target": 1, "value": 106346.0, "supply": [{"l": "Eggs", "v": 6.0}, {"l": "Milk - Excluding Butter", "v": 105516.0}, {"l": "Meat, Other", "v": 29.0}, {"l": "Poultry Meat", "v": 2.0}, {"l": "Offals, Edible", "v": 793.0}]}, {"source": 3, "prod": 2070.3886963085897, "target": 1, "value": 631288.0, "supply": [{"l": "Maize", "v": 288097.0}, {"l": "Rye", "v": 17352.0}, {"l": "Barley", "v": 123925.0}, {"l": "Cereals, Other", "v": 6757.0}, {"l": "Rice", "v": 16715.0}, {"l": "Wheat", "v": 97457.0}, {"l": "Oats", "v": 36418.0}, {"l": "Sorghum", "v": 41491.0}, {"l": "Millet", "v": 3076.0}]}, {"source": 4, "prod": 40.690852703060813, "target": 1, "value": 10413.0, "supply": [{"l": "Sunflower seed", "v": 804.0}, {"l": "Coconuts - Incl Copra", "v": 26.0}, {"l": "Cottonseed", "v": 6384.0}, {"l": "Groundnuts", "v": 3.0}, {"l": "Oilcrops, Other", "v": 246.0}, {"l": "Soyabeans", "v": 2148.0}, {"l": "Rape and Mustardseed", "v": 802.0}]}, {"source": 5, "prod": 9.9476521495675296, "target": 1, "value": 27105.0, "supply": [{"l": "Sugar beet", "v": 9256.0}, {"l": "Sugar cane", "v": 17849.0}]}, {"source": 6, "prod": 3.0637816342215167, "target": 1, "value": 739.0, "supply": [{"l": "Sugar", "v": 177.0}, {"l": "Sugar non-centrifugal", "v": 553.0}, {"l": "Sweeteners, Other", "v": 9.0}]}, {"source": 7, "prod": 155.42280130194715, "target": 1, "value": 159033.0, "supply": [{"l": "Roots, Other", "v": 304.0}, {"l": "Yams", "v": 1252.0}, {"l": "Potatoes", "v": 69035.0}, {"l": "Sweet potatoes", "v": 42794.0}, {"l": "Cassava", "v": 45648.0}]}, {"source": 8, "prod": 59.364551087982818, "target": 1, "value": 26656.0, "supply": [{"l": "Plantains", "v": 2117.0}, {"l": "Fruits, Other", "v": 96.0}, {"l": "Tomatoes", "v": 789.0}, {"l": "Vegetables, Other", "v": 8595.0}, {"l": "Peas", "v": 7515.0}, {"l": "Dates", "v": 145.0}, {"l": "Beans", "v": 397.0}, {"l": "Apples", "v": 1015.0}, {"l": "Bananas", "v": 744.0}, {"l": "Oranges, Mandarines", "v": 4.0}, {"l": "Pulses, Other", "v": 5239.0}]}, {"source": 9, "prod": 50.090254322821643, "target": 1, "value": 51427.0, "supply": [{"l": "Crustaceans", "v": 63.0}, {"l": "Aquatic Products, Other", "v": 350.0}, {"l": "Marine Fish, Other", "v": 1100.0}, {"l": "Demersal Fish", "v": 1831.0}, {"l": "Freshwater Fish", "v": 59.0}, {"l": "Fish, Seafood", "v": 25362.0}, {"l": "Cephalopods", "v": 40.0}, {"l": "Pelagic Fish", "v": 22265.0}, {"l": "Molluscs, Other", "v": 6.0}, {"l": "Aquatic Plants", "v": 351.0}]}, {"source": 10, "prod": 0.56086645484526487, "target": 1, "value": 56.0, "supply": [{"l": "Soyabean Oil", "v": 10.0}, {"l": "Rape and Mustard Oil", "v": 46.0}]}, {"source": 0, "prod": 280.84368925166302, "target": 11, "value": 177117.0, "supply": [{"l": "Beverages, Alcoholic", "v": 17337.0}, {"l": "Butter, Ghee", "v": 7381.0}, {"l": "Fats, Animals, Raw", "v": 8109.0}, {"l": "Wine", "v": 26353.0}, {"l": "Fish, Body Oil", "v": 280.0}, {"l": "Cream", "v": 3516.0}, {"l": "Beer", "v": 96706.0}, {"l": "Beverages, Fermented", "v": 17428.0}, {"l": "Fish, Liver Oil", "v": 7.0}]}, {"source": 2, "prod": 636.96032001729554, "target": 11, "value": 568346.0, "supply": [{"l": "Eggs", "v": 29137.0}, {"l": "Pigmeat", "v": 59359.0}, {"l": "Offals, Edible", "v": 8851.0}, {"l": "Milk - Excluding Butter", "v": 379271.0}, {"l": "Meat, Other", "v": 3554.0}, {"l": "Mutton & Goat Meat", "v": 7705.0}, {"l": "Bovine Meat", "v": 50118.0}, {"l": "Poultry Meat", "v": 30351.0}]}, {"source": 3, "prod": 2664.0991248504329, "target": 11, "value": 716374.0, "supply": [{"l": "Maize", "v": 65542.0}, {"l": "Barley", "v": 7837.0}, {"l": "Cereals, Other", "v": 3566.0}, {"l": "Sorghum", "v": 23125.0}, {"l": "Rye", "v": 8839.0}, {"l": "Rice", "v": 255380.0}, {"l": "Wheat", "v": 328913.0}, {"l": "Oats", "v": 2901.0}, {"l": "Millet", "v": 20271.0}]}, {"source": 4, "prod": 87.426735939341768, "target": 11, "value": 25168.0, "supply": [{"l": "Sunflower seed", "v": 566.0}, {"l": "Coconuts - Incl Copra", "v": 10471.0}, {"l": "Sesame seed", "v": 490.0}, {"l": "Cottonseed", "v": 12.0}, {"l": "Olives", "v": 958.0}, {"l": "Groundnuts", "v": 5625.0}, {"l": "Oilcrops, Other", "v": 358.0}, {"l": "Soyabeans", "v": 6298.0}, {"l": "Rape and Mustardseed", "v": 382.0}, {"l": "Palm kernels", "v": 8.0}]}, {"source": 5, "prod": 6.1264031482284, "target": 11, "value": 16693.0, "supply": [{"l": "Sugar cane", "v": 16653.0}, {"l": "Sugar beet", "v": 40.0}]}, {"source": 6, "prod": 487.246102712332, "target": 11, "value": 118749.0, "supply": [{"l": "Sugar", "v": 94310.0}, {"l": "Sweeteners, Other", "v": 10219.0}, {"l": "Honey", "v": 993.0}, {"l": "Sugar non-centrifugal", "v": 13227.0}]}, {"source": 7, "prod": 266.58567830613777, "target": 11, "value": 276129.0, "supply": [{"l": "Roots, Other", "v": 6645.0}, {"l": "Yams", "v": 6423.0}, {"l": "Potatoes", "v": 133368.0}, {"l": "Sweet potatoes", "v": 71111.0}, {"l": "Cassava", "v": 58582.0}]}, {"source": 8, "prod": 361.06312737274669, "target": 11, "value": 616368.0, "supply": [{"l": "Plantains", "v": 14135.0}, {"l": "Tomatoes", "v": 56091.0}, {"l": "Treenuts", "v": 4500.0}, {"l": "Vegetables, Other", "v": 271230.0}, {"l": "Peas", "v": 3000.0}, {"l": "Grapes", "v": 15031.0}, {"l": "Pulses, Other", "v": 14451.0}, {"l": "Pineapples", "v": 8553.0}, {"l": "Citrus, Other", "v": 2839.0}, {"l": "Grapefruit", "v": 3108.0}, {"l": "Fruits, Other", "v": 69218.0}, {"l": "Dates", "v": 2200.0}, {"l": "Beans", "v": 12581.0}, {"l": "Apples", "v": 34333.0}, {"l": "Lemons, Limes", "v": 5530.0}, {"l": "Bananas", "v": 31850.0}, {"l": "Oranges, Mandarines", "v": 43360.0}, {"l": "Onions", "v": 24358.0}]}, {"source": 12, "prod": 35.099541635333146, "target": 11, "value": 17608.0, "supply": [{"l": "Nuts", "v": 4501.0}, {"l": "Infant food", "v": 181.0}, {"l": "Pepper", "v": 161.0}, {"l": "Pimento", "v": 1843.0}, {"l": "Tea", "v": 2475.0}, {"l": "Coffee", "v": 5166.0}, {"l": "Cloves", "v": 16.0}, {"l": "Cocoa Beans", "v": 1924.0}, {"l": "Spices, Other", "v": 1341.0}]}, {"source": 9, "prod": 111.42502085482263, "target": 11, "value": 124723.0, "supply": [{"l": "Crustaceans", "v": 4026.0}, {"l": "Aquatic Products, Other", "v": 2247.0}, {"l": "Marine Fish, Other", "v": 6600.0}, {"l": "Pelagic Fish", "v": 15109.0}, {"l": "Fish, Seafood", "v": 60113.0}, {"l": "Aquatic Animals, Others", "v": 221.0}, {"l": "Demersal Fish", "v": 16041.0}, {"l": "Aquatic Plants", "v": 2029.0}, {"l": "Freshwater Fish", "v": 10962.0}, {"l": "Cephalopods", "v": 1734.0}, {"l": "Molluscs, Other", "v": 5641.0}]}, {"source": 10, "prod": 406.75565343332573, "target": 11, "value": 40334.0, "supply": [{"l": "Ricebran Oil", "v": 266.0}, {"l": "Sunflowerseed Oil", "v": 6007.0}, {"l": "Rape and Mustard Oil", "v": 5272.0}, {"l": "Palmkernel Oil", "v": 473.0}, {"l": "Oilcrops Oil, Other", "v": 1000.0}, {"l": "Maize Germ Oil", "v": 1055.0}, {"l": "Groundnut Oil", "v": 2962.0}, {"l": "Soyabean Oil", "v": 12682.0}, {"l": "Palm Oil", "v": 4191.0}, {"l": "Coconut Oil", "v": 1567.0}, {"l": "Olive Oil", "v": 1650.0}, {"l": "Sesameseed Oil", "v": 513.0}, {"l": "Cottonseed Oil", "v": 2696.0}]}, {"source": 0, "prod": 5.8809259669336313, "target": 13, "value": 5545.0, "supply": [{"l": "Fats, Animals, Raw", "v": 213.0}, {"l": "Wine", "v": 5332.0}]}, {"source": 2, "prod": 0.31136762714504762, "target": 13, "value": 251.0, "supply": [{"l": "Meat, Other", "v": 3.0}, {"l": "Pigmeat", "v": 3.0}, {"l": "Poultry Meat", "v": 40.0}, {"l": "Milk - Excluding Butter", "v": 118.0}, {"l": "Bovine Meat", "v": 87.0}]}, {"source": 3, "prod": 161.56020545657421, "target": 13, "value": 49196.0, "supply": [{"l": "Maize", "v": 22129.0}, {"l": "Rye", "v": 1125.0}, {"l": "Barley", "v": 17697.0}, {"l": "Cereals, Other", "v": 78.0}, {"l": "Rice", "v": 2793.0}, {"l": "Wheat", "v": 2936.0}, {"l": "Oats", "v": 325.0}, {"l": "Sorghum", "v": 1766.0}, {"l": "Millet", "v": 347.0}]}, {"source": 4, "prod": 809.25299539482864, "target": 13, "value": 211931.44827586206, "supply": [{"l": "Olives", "v": 8594.0}, {"l": "Sunflower seed", "v": 16393.0}, {"l": "Coconuts - Incl Copra", "v": 19395.0}, {"l": "Sesame seed", "v": 1436.0}, {"l": "Cottonseed", "v": 21404.0}, {"l": "Groundnuts", "v": 7270.0}, {"l": "Oilcrops, Other", "v": 7519.0}, {"l": "Soyabeans", "v": 77674.0}, {"l": "Rape and Mustardseed", "v": 16818.0}, {"l": "Palm kernels", "v": 2485.0}, {"l": "Oil Palm", "v": 32943.448275862065}]}, {"source": 5, "prod": 355.9571249663677, "target": 13, "value": 969899.0, "supply": [{"l": "Sugar beet", "v": 269525.0}, {"l": "Sugar cane", "v": 700374.0}]}, {"source": 6, "prod": 4.2193284464664185, "target": 13, "value": 1114.0, "supply": [{"l": "Sugar", "v": 288.0}, {"l": "Sugar non-centrifugal", "v": 96.0}, {"l": "Sweeteners, Other", "v": 717.0}, {"l": "Honey", "v": 13.0}]}, {"source": 7, "prod": 12.734019146079303, "target": 13, "value": 15200.0, "supply": [{"l": "Potatoes", "v": 12512.0}, {"l": "Sweet potatoes", "v": 273.0}, {"l": "Cassava", "v": 2415.0}]}, {"source": 8, "prod": 32.745965206878644, "target": 13, "value": 48376.0, "supply": [{"l": "Vegetables, Other", "v": 99.0}, {"l": "Plantains", "v": 2727.0}, {"l": "Citrus, Other", "v": 19.0}, {"l": "Treenuts", "v": 1.0}, {"l": "Peas", "v": 10.0}, {"l": "Grapes", "v": 41000.0}, {"l": "Apples", "v": 2726.0}, {"l": "Lemons, Limes", "v": 8.0}, {"l": "Bananas", "v": 24.0}, {"l": "Fruits, Other", "v": 1752.0}, {"l": "Oranges, Mandarines", "v": 10.0}]}, {"source": 12, "prod": 0.022263757581544152, "target": 13, "value": 10.0, "supply": [{"l": "Nuts", "v": 1.0}, {"l": "Cocoa Beans", "v": 9.0}]}, {"source": 10, "prod": 1.0814685296782145, "target": 13, "value": 107.0, "supply": [{"l": "Oilcrops Oil, Other", "v": 107.0}]}, {"source": 0, "prod": 83.08928182671508, "target": 14, "value": 20536.0, "supply": [{"l": "Beverages, Alcoholic", "v": 1450.0}, {"l": "Butter, Ghee", "v": 100.0}, {"l": "Fats, Animals, Raw", "v": 7856.0}, {"l": "Wine", "v": 386.0}, {"l": "Fish, Body Oil", "v": 720.0}, {"l": "Alcohol, Non-Food", "v": 9841.0}, {"l": "Beer", "v": 163.0}, {"l": "Beverages, Fermented", "v": 16.0}, {"l": "Fish, Liver Oil", "v": 4.0}]}, {"source": 2, "prod": 11.258179209837035, "target": 14, "value": 14459.0, "supply": [{"l": "Eggs", "v": 136.0}, {"l": "Pigmeat", "v": 209.0}, {"l": "Offals, Edible", "v": 1169.0}, {"l": "Milk - Excluding Butter", "v": 12557.0}, {"l": "Meat, Other", "v": 1.0}, {"l": "Mutton & Goat Meat", "v": 134.0}, {"l": "Bovine Meat", "v": 69.0}, {"l": "Poultry Meat", "v": 184.0}]}, {"source": 3, "prod": 96.740561111097861, "target": 14, "value": 27711.0, "supply": [{"l": "Maize", "v": 20636.0}, {"l": "Barley", "v": 301.0}, {"l": "Cereals, Other", "v": 2.0}, {"l": "Sorghum", "v": 27.0}, {"l": "Rye", "v": 85.0}, {"l": "Rice", "v": 1339.0}, {"l": "Wheat", "v": 5312.0}, {"l": "Oats", "v": 9.0}]}, {"source": 4, "prod": 11.588862452053942, "target": 14, "value": 3391.0, "supply": [{"l": "Sunflower seed", "v": 311.0}, {"l": "Coconuts - Incl Copra", "v": 902.0}, {"l": "Sesame seed", "v": 7.0}, {"l": "Cottonseed", "v": 1444.0}, {"l": "Olives", "v": 3.0}, {"l": "Groundnuts", "v": 41.0}, {"l": "Oilcrops, Other", "v": 227.0}, {"l": "Soyabeans", "v": 9.0}, {"l": "Rape and Mustardseed", "v": 395.0}, {"l": "Palm kernels", "v": 52.0}]}, {"source": 5, "prod": 62.001343165312257, "target": 14, "value": 168939.0, "supply": [{"l": "Sugar cane", "v": 165089.0}, {"l": "Sugar beet", "v": 3850.0}]}, {"source": 6, "prod": 11.925247410143879, "target": 14, "value": 3120.0, "supply": [{"l": "Sugar", "v": 1296.0}, {"l": "Sweeteners, Other", "v": 1824.0}]}, {"source": 7, "prod": 11.365819150018066, "target": 14, "value": 12147.0, "supply": [{"l": "Roots, Other", "v": 118.0}, {"l": "Yams", "v": 1659.0}, {"l": "Potatoes", "v": 7229.0}, {"l": "Sweet potatoes", "v": 66.0}, {"l": "Cassava", "v": 3075.0}]}, {"source": 8, "prod": 1.831529891760874, "target": 14, "value": 2513.0, "supply": [{"l": "Plantains", "v": 1.0}, {"l": "Tomatoes", "v": 119.0}, {"l": "Treenuts", "v": 19.0}, {"l": "Vegetables, Other", "v": 1514.0}, {"l": "Peas", "v": 32.0}, {"l": "Grapes", "v": 309.0}, {"l": "Pulses, Other", "v": 104.0}, {"l": "Pineapples", "v": 1.0}, {"l": "Citrus, Other", "v": 13.0}, {"l": "Grapefruit", "v": 4.0}, {"l": "Fruits, Other", "v": 141.0}, {"l": "Dates", "v": 35.0}, {"l": "Beans", "v": 90.0}, {"l": "Apples", "v": 22.0}, {"l": "Lemons, Limes", "v": 26.0}, {"l": "Bananas", "v": 20.0}, {"l": "Oranges, Mandarines", "v": 56.0}, {"l": "Onions", "v": 7.0}]}, {"source": 12, "prod": 0.33881844295594105, "target": 14, "value": 109.0, "supply": [{"l": "Nuts", "v": 18.0}, {"l": "Pepper", "v": 1.0}, {"l": "Tea", "v": 5.0}, {"l": "Coffee", "v": 14.0}, {"l": "Cloves", "v": 50.0}, {"l": "Cocoa Beans", "v": 9.0}, {"l": "Spices, Other", "v": 12.0}]}, {"source": 9, "prod": 6.2720279338196363, "target": 14, "value": 5695.0, "supply": [{"l": "Marine Fish, Other", "v": 311.0}, {"l": "Fish, Seafood", "v": 645.0}, {"l": "Aquatic Animals, Others", "v": 104.0}, {"l": "Demersal Fish", "v": 90.0}, {"l": "Aquatic Products, Other", "v": 2201.0}, {"l": "Aquatic Plants", "v": 2099.0}, {"l": "Freshwater Fish", "v": 123.0}, {"l": "Pelagic Fish", "v": 79.0}, {"l": "Molluscs, Other", "v": 43.0}]}, {"source": 10, "prod": 96.521782820488752, "target": 14, "value": 9611.0, "supply": [{"l": "Ricebran Oil", "v": 143.0}, {"l": "Sunflowerseed Oil", "v": 355.0}, {"l": "Rape and Mustard Oil", "v": 614.0}, {"l": "Sesameseed Oil", "v": 91.0}, {"l": "Palmkernel Oil", "v": 582.0}, {"l": "Oilcrops Oil, Other", "v": 2376.0}, {"l": "Maize Germ Oil", "v": 76.0}, {"l": "Groundnut Oil", "v": 10.0}, {"l": "Soyabean Oil", "v": 1059.0}, {"l": "Palm Oil", "v": 2581.0}, {"l": "Coconut Oil", "v": 946.0}, {"l": "Olive Oil", "v": 110.0}, {"l": "Cottonseed Oil", "v": 668.0}]}, {"source": 2, "prod": 3.0932766125065658, "target": 2, "value": 1846.0, "supply": [{"l": "Eggs", "v": 1846.0}]}, {"source": 3, "prod": 250.90197152883962, "target": 3, "value": 74128.0, "supply": [{"l": "Maize", "v": 6974.0}, {"l": "Oats", "v": 4352.0}, {"l": "Rye", "v": 2654.0}, {"l": "Barley", "v": 11483.0}, {"l": "Rice", "v": 12703.0}, {"l": "Sorghum", "v": 920.0}, {"l": "Cereals, Other", "v": 718.0}, {"l": "Wheat", "v": 33633.0}, {"l": "Millet", "v": 691.0}]}, {"source": 4, "prod": 30.255548211869645, "target": 4, "value": 7059.0, "supply": [{"l": "Soyabeans", "v": 3514.0}, {"l": "Sunflower seed", "v": 492.0}, {"l": "Coconuts - Incl Copra", "v": 86.0}, {"l": "Sesame seed", "v": 58.0}, {"l": "Cottonseed", "v": 1285.0}, {"l": "Rape and Mustardseed", "v": 333.0}, {"l": "Groundnuts", "v": 999.0}, {"l": "Oilcrops, Other", "v": 292.0}]}, {"source": 5, "prod": 5.5424992718232371, "target": 5, "value": 15102.0, "supply": [{"l": "Sugar cane", "v": 15102.0}]}, {"source": 7, "prod": 29.654070227285949, "target": 7, "value": 37158.0, "supply": [{"l": "Potatoes", "v": 35500.0}, {"l": "Yams", "v": 954.0}, {"l": "Roots, Other", "v": 169.0}, {"l": "Sweet potatoes", "v": 535.0}]}, {"source": 8, "prod": 15.467778617740981, "target": 8, "value": 3908.0, "supply": [{"l": "Vegetables, Other", "v": 50.0}, {"l": "Beans", "v": 1112.0}, {"l": "Peas", "v": 1055.0}, {"l": "Onions", "v": 14.0}, {"l": "Pulses, Other", "v": 1677.0}]}, {"source": 9, "prod": 0.3061684623608657, "target": 9, "value": 356.0, "supply": [{"l": "Freshwater Fish", "v": 25.0}, {"l": "Fish, Seafood", "v": 178.0}, {"l": "Molluscs, Other", "v": 48.0}, {"l": "Cephalopods", "v": 37.0}, {"l": "Pelagic Fish", "v": 20.0}, {"l": "Marine Fish, Other", "v": 2.0}, {"l": "Demersal Fish", "v": 46.0}]}, {"source": 0, "prod": 1.4740985455285016, "target": 15, "value": 1166.0, "supply": [{"l": "Beer", "v": 58.0}, {"l": "Fats, Animals, Raw", "v": 47.0}, {"l": "Butter, Ghee", "v": 38.0}, {"l": "Wine", "v": 214.0}, {"l": "Beverages, Fermented", "v": 756.0}, {"l": "Cream", "v": 53.0}]}, {"source": 2, "prod": 11.917701571542, "target": 15, "value": 14640.0, "supply": [{"l": "Mutton & Goat Meat", "v": 30.0}, {"l": "Pigmeat", "v": 301.0}, {"l": "Meat, Other", "v": 14.0}, {"l": "Milk - Excluding Butter", "v": 12590.0}, {"l": "Poultry Meat", "v": 101.0}, {"l": "Offals, Edible", "v": 93.0}, {"l": "Bovine Meat", "v": 298.0}, {"l": "Eggs", "v": 1213.0}]}, {"source": 3, "prod": 268.96490871647575, "target": 15, "value": 76187.0, "supply": [{"l": "Maize", "v": 20197.0}, {"l": "Rye", "v": 2050.0}, {"l": "Barley", "v": 5268.0}, {"l": "Cereals, Other", "v": 437.0}, {"l": "Rice", "v": 16313.0}, {"l": "Wheat", "v": 24402.0}, {"l": "Oats", "v": 2548.0}, {"l": "Sorghum", "v": 3047.0}, {"l": "Millet", "v": 1925.0}]}, {"source": 4, "prod": 21.095423728821103, "target": 15, "value": 5864.0, "supply": [{"l": "Olives", "v": 84.0}, {"l": "Sunflower seed", "v": 294.0}, {"l": "Coconuts - Incl Copra", "v": 1503.0}, {"l": "Sesame seed", "v": 62.0}, {"l": "Cottonseed", "v": 630.0}, {"l": "Groundnuts", "v": 524.0}, {"l": "Oilcrops, Other", "v": 261.0}, {"l": "Soyabeans", "v": 2007.0}, {"l": "Rape and Mustardseed", "v": 483.0}, {"l": "Palm kernels", "v": 16.0}]}, {"source": 5, "prod": 3.5742550925894911, "target": 15, "value": 9739.0, "supply": [{"l": "Sugar beet", "v": 946.0}, {"l": "Sugar cane", "v": 8793.0}]}, {"source": 6, "prod": 1.0298779545525651, "target": 15, "value": 248.0, "supply": [{"l": "Sugar", "v": 225.0}, {"l": "Sugar non-centrifugal", "v": 23.0}]}, {"source": 7, "prod": 45.15148333100727, "target": 15, "value": 48175.0, "supply": [{"l": "Yams", "v": 1291.0}, {"l": "Roots, Other", "v": 852.0}, {"l": "Potatoes", "v": 26750.0}, {"l": "Sweet potatoes", "v": 6701.0}, {"l": "Cassava", "v": 12581.0}]}, {"source": 8, "prod": 35.53617729774745, "target": 15, "value": 67082.0, "supply": [{"l": "Vegetables, Other", "v": 29153.0}, {"l": "Plantains", "v": 2801.0}, {"l": "Grapefruit", "v": 284.0}, {"l": "Tomatoes", "v": 5548.0}, {"l": "Treenuts", "v": 181.0}, {"l": "Apples", "v": 3381.0}, {"l": "Peas", "v": 525.0}, {"l": "Grapes", "v": 1708.0}, {"l": "Dates", "v": 167.0}, {"l": "Beans", "v": 672.0}, {"l": "Pulses, Other", "v": 880.0}, {"l": "Lemons, Limes", "v": 572.0}, {"l": "Pineapples", "v": 915.0}, {"l": "Bananas", "v": 5116.0}, {"l": "Citrus, Other", "v": 419.0}, {"l": "Fruits, Other", "v": 7761.0}, {"l": "Oranges, Mandarines", "v": 4744.0}, {"l": "Onions", "v": 2255.0}]}, {"source": 12, "prod": 1.194928818926672, "target": 15, "value": 487.0, "supply": [{"l": "Infant food", "v": 1.0}, {"l": "Nuts", "v": 184.0}, {"l": "Cocoa Beans", "v": 41.0}, {"l": "Coffee", "v": 91.0}, {"l": "Cloves", "v": 3.0}, {"l": "Pimento", "v": 109.0}, {"l": "Pepper", "v": 4.0}, {"l": "Spices, Other", "v": 17.0}, {"l": "Tea", "v": 37.0}]}, {"source": 10, "prod": 0.78224477960287553, "target": 15, "value": 78.0, "supply": [{"l": "Maize Germ Oil", "v": 1.0}, {"l": "Soyabean Oil", "v": 12.0}, {"l": "Palm Oil", "v": 52.0}, {"l": "Sunflowerseed Oil", "v": 2.0}, {"l": "Rape and Mustard Oil", "v": 2.0}, {"l": "Oilcrops Oil, Other", "v": 1.0}, {"l": "Cottonseed Oil", "v": 1.0}, {"l": "Palmkernel Oil", "v": 7.0}]}, {"source": 16, "prod": 1.3962746598916957, "target": 8, "value": 1412.0, "supply": [{"l": "Tomatoes", "v": 578.0}, {"l": "Treenuts", "v": 55.0}, {"l": "Peas", "v": 62.0}, {"l": "Pineapples", "v": 2.0}, {"l": "Fruits, Other", "v": 55.0}, {"l": "Dates", "v": 42.0}, {"l": "Beans", "v": 147.0}, {"l": "Bananas", "v": 11.0}, {"l": "Oranges, Mandarines", "v": 353.0}, {"l": "Onions", "v": 107.0}]}, {"source": 16, "prod": 48.397841412797639, "target": 4, "value": 13234.0, "supply": [{"l": "Sunflower seed", "v": 361.0}, {"l": "Coconuts - Incl Copra", "v": 2045.0}, {"l": "Sesame seed", "v": 165.0}, {"l": "Cottonseed", "v": 591.0}, {"l": "Oilcrops, Other", "v": 492.0}, {"l": "Soyabeans", "v": 9159.0}, {"l": "Rape and Mustardseed", "v": 421.0}]}, {"source": 2, "prod": 1.7066931513416082, "target": 17, "value": 1777.0, "supply": [{"l": "Eggs", "v": 6.0}, {"l": "Pigmeat", "v": 250.0}, {"l": "Offals, Edible", "v": 8.0}, {"l": "Milk - Excluding Butter", "v": 1513.0}]}, {"source": 0, "prod": 3.4773295952179204, "target": 17, "value": 3280.0, "supply": [{"l": "Beverages, Alcoholic", "v": 108.0}, {"l": "Wine", "v": 3067.0}, {"l": "Fish, Body Oil", "v": 105.0}]}, {"source": 12, "prod": 0.067640677815530084, "target": 17, "value": 20.0, "supply": [{"l": "Infant food", "v": 1.0}, {"l": "Pepper", "v": 2.0}, {"l": "Pimento", "v": 5.0}, {"l": "Cloves", "v": 12.0}]}, {"source": 9, "prod": 0.98987131426759156, "target": 17, "value": 1011.0, "supply": [{"l": "Marine Fish, Other", "v": 3.0}, {"l": "Fish, Seafood", "v": 479.0}, {"l": "Aquatic Animals, Others", "v": 5.0}, {"l": "Demersal Fish", "v": 43.0}, {"l": "Aquatic Products, Other", "v": 5.0}, {"l": "Pelagic Fish", "v": 475.0}, {"l": "Molluscs, Other", "v": 1.0}]}, {"source": 16, "prod": 1.0151339548313516, "target": 5, "value": 2766.0, "supply": [{"l": "Sugar cane", "v": 2700.0}, {"l": "Sugar beet", "v": 66.0}]}, {"source": 3, "prod": 1.1216371571777441, "target": 17, "value": 348.0, "supply": [{"l": "Cereals, Other", "v": 176.0}, {"l": "Rye", "v": 172.0}]}, {"source": 8, "prod": 0.76839313862282022, "target": 17, "value": 1950.0, "supply": [{"l": "Vegetables, Other", "v": 1215.0}, {"l": "Grapes", "v": 3.0}, {"l": "Pulses, Other", "v": 17.0}, {"l": "Grapefruit", "v": 30.0}, {"l": "Apples", "v": 683.0}, {"l": "Lemons, Limes", "v": 2.0}]}, {"source": 16, "prod": 1.0646061988085849, "target": 1, "value": 577.0, "supply": [{"l": "Crustaceans", "v": 8.0}, {"l": "Freshwater Fish", "v": 29.0}, {"l": "Cephalopods", "v": 8.0}, {"l": "Mutton & Goat Meat", "v": 109.0}, {"l": "Bovine Meat", "v": 388.0}, {"l": "Poultry Meat", "v": 35.0}]}, {"source": 10, "prod": 0.019636039623774068, "target": 17, "value": 2.0, "supply": [{"l": "Maize Germ Oil", "v": 1.0}, {"l": "Olive Oil", "v": 1.0}]}, {"source": 4, "prod": 1.1568537289710314, "target": 17, "value": 225.0, "supply": [{"l": "Olives", "v": 43.0}, {"l": "Groundnuts", "v": 157.0}, {"l": "Palm kernels", "v": 25.0}]}, {"source": 16, "prod": 0.55155089841984484, "target": 12, "value": 415.0, "supply": [{"l": "Nuts", "v": 56.0}, {"l": "Tea", "v": 17.0}, {"l": "Coffee", "v": 214.0}, {"l": "Cocoa Beans", "v": 126.0}, {"l": "Spices, Other", "v": 2.0}]}, {"source": 16, "prod": 0.9581878475935981, "target": 7, "value": 859.0, "supply": [{"l": "Sweet potatoes", "v": 99.0}, {"l": "Cassava", "v": 760.0}]}, {"source": 16, "prod": 12.76251443614243, "target": 13, "value": 1800.0, "supply": [{"l": "Sugar", "v": 137.0}, {"l": "Butter, Ghee", "v": 41.0}, {"l": "Fats, Animals, Raw", "v": 124.0}, {"l": "Sunflowerseed Oil", "v": 173.0}, {"l": "Rape and Mustard Oil", "v": 151.0}, {"l": "Sesameseed Oil", "v": 30.0}, {"l": "Sweeteners, Other", "v": 7.0}, {"l": "Palmkernel Oil", "v": 37.0}, {"l": "Alcohol, Non-Food", "v": 353.0}, {"l": "Beer", "v": 44.0}, {"l": "Groundnut Oil", "v": 67.0}, {"l": "Sugar non-centrifugal", "v": 80.0}, {"l": "Soyabean Oil", "v": 45.0}, {"l": "Palm Oil", "v": 380.0}, {"l": "Coconut Oil", "v": 2.0}, {"l": "Oilcrops Oil, Other", "v": 42.0}, {"l": "Beverages, Fermented", "v": 14.0}, {"l": "Cottonseed Oil", "v": 73.0}]}, {"source": 7, "prod": 2.2517185445514274, "target": 17, "value": 2865.0, "supply": [{"l": "Roots, Other", "v": 50.0}, {"l": "Potatoes", "v": 2815.0}]}, {"source": 6, "prod": 0.068728841138428587, "target": 17, "value": 17.0, "supply": [{"l": "Honey", "v": 17.0}]}, {"source": 16, "prod": 265.14414584320406, "target": 3, "value": 75437.0, "supply": [{"l": "Maize", "v": 60154.0}, {"l": "Barley", "v": 1458.0}, {"l": "Sorghum", "v": 5758.0}, {"l": "Rice", "v": 4812.0}, {"l": "Wheat", "v": 1546.0}, {"l": "Oats", "v": 736.0}, {"l": "Millet", "v": 973.0}]}, {"source": 18, "prod": 5803.7446315361176, "target": 3, "value": 1658573.0, "supply": [{"l": "Maize", "v": 484157.0}, {"l": "Barley", "v": 171790.0}, {"l": "Cereals, Other", "v": 11088.0}, {"l": "Sorghum", "v": 77248.0}, {"l": "Rye", "v": 32045.0}, {"l": "Rice", "v": 309969.0}, {"l": "Wheat", "v": 497640.0}, {"l": "Oats", "v": 47424.0}, {"l": "Millet", "v": 27212.0}]}, {"source": 18, "prod": 905.80305010953339, "target": 4, "value": 243515.0, "supply": [{"l": "Sunflower seed", "v": 18851.0}, {"l": "Coconuts - Incl Copra", "v": 34446.0}, {"l": "Sesame seed", "v": 2235.0}, {"l": "Cottonseed", "v": 31770.0}, {"l": "Olives", "v": 9563.0}, {"l": "Groundnuts", "v": 14348.0}, {"l": "Oilcrops, Other", "v": 9046.0}, {"l": "Soyabeans", "v": 101150.0}, {"l": "Rape and Mustardseed", "v": 19587.0}, {"l": "Palm kernels", "v": 2519.0}]}, {"source": 18, "prod": 444.48443951756053, "target": 5, "value": 1211115.0, "supply": [{"l": "Sugar cane", "v": 927372.0}, {"l": "Sugar beet", "v": 283743.0}]}, {"source": 18, "prod": 515.09331491834735, "target": 7, "value": 541624.0, "supply": [{"l": "Roots, Other", "v": 8031.0}, {"l": "Yams", "v": 11588.0}, {"l": "Potatoes", "v": 281109.0}, {"l": "Sweet potatoes", "v": 121513.0}, {"l": "Cassava", "v": 119383.0}]}, {"source": 18, "prod": 506.8320895453603, "target": 8, "value": 765000.0, "supply": [{"l": "Plantains", "v": 21724.0}, {"l": "Tomatoes", "v": 64286.0}, {"l": "Treenuts", "v": 4567.0}, {"l": "Vegetables, Other", "v": 308827.0}, {"l": "Peas", "v": 12345.0}, {"l": "Grapes", "v": 58160.0}, {"l": "Pulses, Other", "v": 22354.0}, {"l": "Pineapples", "v": 9518.0}, {"l": "Citrus, Other", "v": 3165.0}, {"l": "Grapefruit", "v": 3845.0}, {"l": "Fruits, Other", "v": 78766.0}, {"l": "Dates", "v": 2620.0}, {"l": "Beans", "v": 15041.0}, {"l": "Apples", "v": 38772.0}, {"l": "Lemons, Limes", "v": 6239.0}, {"l": "Bananas", "v": 37289.0}, {"l": "Oranges, Mandarines", "v": 50564.0}, {"l": "Onions", "v": 26918.0}]}, {"source": 18, "prod": 35.918313071203912, "target": 12, "value": 18260.0, "supply": [{"l": "Nuts", "v": 4566.0}, {"l": "Infant food", "v": 2.0}, {"l": "Pepper", "v": 143.0}, {"l": "Pimento", "v": 1951.0}, {"l": "Tea", "v": 2626.0}, {"l": "Coffee", "v": 5623.0}, {"l": "Cloves", "v": 58.0}, {"l": "Cocoa Beans", "v": 1968.0}, {"l": "Spices, Other", "v": 1323.0}]}, {"source": 1, "prod": 168.77717442573149, "target": 9, "value": 182856.0, "supply": [{"l": "Pelagic Fish", "v": 37948.0}, {"l": "Crustaceans", "v": 4089.0}, {"l": "Freshwater Fish", "v": 11169.0}, {"l": "Molluscs, Other", "v": 5739.0}, {"l": "Aquatic Plants", "v": 4479.0}, {"l": "Aquatic Animals, Others", "v": 330.0}, {"l": "Demersal Fish", "v": 18051.0}, {"l": "Aquatic Products, Other", "v": 4803.0}, {"l": "Fish, Seafood", "v": 86777.0}, {"l": "Marine Fish, Other", "v": 8016.0}, {"l": "Cephalopods", "v": 1811.0}]}, {"source": 1, "prod": 731.22743880154394, "target": 2, "value": 705819.0, "supply": [{"l": "Poultry Meat", "v": 30678.0}, {"l": "Pigmeat", "v": 60122.0}, {"l": "Bovine Meat", "v": 50572.0}, {"l": "Eggs", "v": 32344.0}, {"l": "Milk - Excluding Butter", "v": 511565.0}, {"l": "Offals, Edible", "v": 10914.0}, {"l": "Meat, Other", "v": 3601.0}, {"l": "Mutton & Goat Meat", "v": 7869.0}]}, {"source": 13, "prod": 389.75237259226969, "target": 0, "value": 209552.0, "supply": [{"l": "Fats, Animals, Raw", "v": 17437.0}, {"l": "Alcohol, Non-Food", "v": 9841.0}, {"l": "Beverages, Fermented", "v": 18200.0}, {"l": "Fish, Body Oil", "v": 1781.0}, {"l": "Beer", "v": 96927.0}, {"l": "Beverages, Alcoholic", "v": 18895.0}, {"l": "Fish, Liver Oil", "v": 26.0}, {"l": "Cream", "v": 3569.0}, {"l": "Butter, Ghee", "v": 7524.0}, {"l": "Wine", "v": 35352.0}]}, {"source": 13, "prod": 505.7216520575646, "target": 10, "value": 50188.0, "supply": [{"l": "Olive Oil", "v": 1761.0}, {"l": "Ricebran Oil", "v": 409.0}, {"l": "Sesameseed Oil", "v": 604.0}, {"l": "Soyabean Oil", "v": 13763.0}, {"l": "Coconut Oil", "v": 2513.0}, {"l": "Cottonseed Oil", "v": 3365.0}, {"l": "Rape and Mustard Oil", "v": 5934.0}, {"l": "Maize Germ Oil", "v": 1133.0}, {"l": "Groundnut Oil", "v": 2972.0}, {"l": "Palm Oil", "v": 6824.0}, {"l": "Palmkernel Oil", "v": 1062.0}, {"l": "Oilcrops Oil, Other", "v": 3484.0}, {"l": "Sunflowerseed Oil", "v": 6364.0}]}, {"source": 13, "prod": 507.55306699885477, "target": 6, "value": 123987.0, "supply": [{"l": "Honey", "v": 1023.0}, {"l": "Sweeteners, Other", "v": 12769.0}, {"l": "Sugar non-centrifugal", "v": 13899.0}, {"l": "Sugar", "v": 96296.0}]}]}