{"nodes": [{"layer": 13, "name": "Milk - Excluding Butter"}, {"layer": 10, "name": "Feed", "fill": "#dbdb8d"}, {"layer": 13, "name": "Meat"}, {"layer": 5, "name": "Vegetables"}, {"layer": 5, "name": "Sugar Crops", "fill": "#ffbb78"}, {"layer": 13, "name": "Animal Fats"}, {"layer": 5, "name": "Starchy Roots"}, {"layer": 5, "name": "Pulses"}, {"layer": 13, "name": "Aquatic Products, Other"}, {"layer": 13, "name": "Fish, Seafood"}, {"layer": 13, "name": "Sugar & Sweeteners"}, {"layer": 5, "name": "Cereals - Excluding Beer"}, {"layer": 13, "name": "Vegetable Oils", "fill": "#f7b6d2"}, {"layer": 13, "name": "Eggs"}, {"layer": 5, "name": "Fruits - Excluding Wine"}, {"layer": 5, "name": "Oilcrops", "fill": "#ff9896"}, {"layer": 16, "name": "Food", "fill": "#b5cf6b"}, {"layer": 5, "name": "Treenuts"}, {"layer": 13, "name": "Alcoholic Beverages"}, {"layer": 5, "name": "Others"}, {"layer": 5, "name": "Spices"}, {"layer": 5, "name": "Stimulants"}, {"layer": 10, "name": "Processing", "fill": "#9edae5"}, {"layer": 16, "name": "Biofuels & Other", "fill": "#e7ba52"}, {"name": "Waste", "fill": "#c7c7c7"}, {"layer": 16, "name": "Stock Deposit", "fill": "#c7c7c7"}, {"layer": 0, "name": "Stock Draw", "fill": "#c7c7c7"}, {"name": "Crop Residue", "fill": "#bd9e39"}, {"layer": 2, "name": "Electricity", "fill": "#bcbd22"}, {"layer": 0, "name": "Fossil Fuels", "fill": "#c49c94"}, {"layer": 0, "name": "Renewables & Nuclear", "fill": "#2ca02c"}, {"layer": 2, "name": "Fertilizers", "fill": "#c5b0d5"}, {"layer": 0, "name": "Labor", "fill": "#7f7f7f"}], "links": [{"source": 0, "prod": 101227.0, "target": 1, "value": 66.247472632368456, "supply": [{"l": "Milk - Excluding Butter", "v": 66.247472632368456}]}, {"source": 2, "prod": 711.0, "target": 1, "value": 0.89343038880900261, "supply": [{"l": "Meat, Other", "v": 0.054356920627774398}, {"l": "Offals, Edible", "v": 0.83907346818122819}]}, {"source": 3, "prod": 5719.0, "target": 1, "value": 1.632437137291942, "supply": [{"l": "Tomatoes", "v": 0.048681383698967899}, {"l": "Vegetables, Other", "v": 1.583755753592974}]}, {"source": 4, "prod": 36947.0, "target": 1, "value": 14.455357648243947, "supply": [{"l": "Sugar beet", "v": 3.0184611539827877}, {"l": "Sugar cane", "v": 11.436896494261159}]}, {"source": 5, "prod": 1448.0, "target": 1, "value": 15.697885290194336, "supply": [{"l": "Fats, Animals, Raw", "v": 6.1855957024585724}, {"l": "Butter, Ghee", "v": 0.04219444269040664}, {"l": "Fish, Body Oil", "v": 9.2965864822245017}, {"l": "Fish, Liver Oil", "v": 0.17350866282085395}]}, {"source": 6, "prod": 141791.0, "target": 1, "value": 126.88556547686804, "supply": [{"l": "Roots, Other", "v": 0.44254298665383751}, {"l": "Yams", "v": 2.0469425877091885}, {"l": "Potatoes", "v": 73.079364823494572}, {"l": "Sweet potatoes", "v": 24.646359313841526}, {"l": "Cassava", "v": 26.670355765168903}]}, {"source": 7, "prod": 9149.0, "target": 1, "value": 36.265627802562406, "supply": [{"l": "Peas", "v": 13.362604938338976}, {"l": "Beans", "v": 0.94659339439410328}, {"l": "Pulses, Other", "v": 21.956429469829324}]}, {"source": 8, "prod": 336.0, "target": 1, "value": 0.39050666592, "supply": [{"l": "Aquatic Products, Other", "v": 0.19525333296}, {"l": "Aquatic Plants", "v": 0.19525333296}]}, {"source": 9, "prod": 40126.0, "target": 1, "value": 41.499297758815622, "supply": [{"l": "Crustaceans", "v": 0.018866740704666665}, {"l": "Marine Fish, Other", "v": 0.29054780685186665}, {"l": "Demersal Fish", "v": 0.92634897421747875}, {"l": "Freshwater Fish", "v": 0.034958960717470594}, {"l": "Fish, Seafood", "v": 19.465745796831701}, {"l": "Cephalopods", "v": 0.13249597449413639}, {"l": "Pelagic Fish", "v": 20.146849061478303}, {"l": "Molluscs, Other", "v": 0.48348444352000003}]}, {"source": 10, "prod": 826.0, "target": 1, "value": 3.333950652111604, "supply": [{"l": "Sugar", "v": 2.0133507580551431}, {"l": "Sugar non-centrifugal", "v": 1.3091383490783761}, {"l": "Sweeteners, Other", "v": 0.011461544978085001}]}, {"source": 11, "prod": 412485.0, "target": 1, "value": 1363.9077286571373, "supply": [{"l": "Maize", "v": 661.04918827661493}, {"l": "Rye", "v": 37.109050304714245}, {"l": "Barley", "v": 216.61159795024454}, {"l": "Cereals, Other", "v": 24.614502418955357}, {"l": "Rice", "v": 34.548835466058705}, {"l": "Wheat", "v": 183.32948328801984}, {"l": "Oats", "v": 104.56376488087737}, {"l": "Sorghum", "v": 92.851378009332578}, {"l": "Millet", "v": 9.2299280623196438}]}, {"source": 12, "prod": 9.0, "target": 1, "value": 0.093425161706612705, "supply": [{"l": "Groundnut Oil", "v": 0.010612541646375}, {"l": "Soyabean Oil", "v": 0.040362453474737707}, {"l": "Oilcrops Oil, Other", "v": 0.0424501665855}]}, {"source": 13, "prod": 3.0, "target": 1, "value": 0.0049889886502546398, "supply": [{"l": "Eggs", "v": 0.0049889886502546398}]}, {"source": 14, "prod": 2441.0, "target": 1, "value": 2.1035525720093822, "supply": [{"l": "Plantains", "v": 1.5612227933111666}, {"l": "Fruits, Other", "v": 0.045674229870474689}, {"l": "Dates", "v": 0.047386232467534886}, {"l": "Bananas", "v": 0.37064168821730381}, {"l": "Apples", "v": 0.07862762814290207}]}, {"source": 15, "prod": 4274.0, "target": 1, "value": 17.183639890998698, "supply": [{"l": "Sunflower seed", "v": 0.169800666342}, {"l": "Coconuts - Incl Copra", "v": 0.028169695798672807}, {"l": "Cottonseed", "v": 11.777943735244005}, {"l": "Groundnuts", "v": 0.053062708231874998}, {"l": "Oilcrops, Other", "v": 0.87932487927107161}, {"l": "Soyabeans", "v": 3.2628621832022522}, {"l": "Rape and Mustardseed", "v": 1.0124760229088199}]}, {"source": 0, "prod": 267794.0, "target": 16, "value": 175.25636130787717, "supply": [{"l": "Milk - Excluding Butter", "v": 175.25636130787717}]}, {"source": 15, "prod": 18286.0, "target": 16, "value": 64.562442998722148, "supply": [{"l": "Sunflower seed", "v": 1.4510238760134546}, {"l": "Coconuts - Incl Copra", "v": 11.865701863640959}, {"l": "Sesame seed", "v": 2.925202388346273}, {"l": "Olives", "v": 1.4659457527526001}, {"l": "Groundnuts", "v": 22.392462873851251}, {"l": "Oilcrops, Other", "v": 1.4796915209802861}, {"l": "Soyabeans", "v": 22.227012690420189}, {"l": "Rape and Mustardseed", "v": 0.73958209485917703}, {"l": "Palm kernels", "v": 0.015819937857950311}]}, {"source": 17, "prod": 3070.0, "target": 16, "value": 8.885591687555797, "supply": [{"l": "Treenuts", "v": 8.885591687555797}]}, {"source": 7, "prod": 27347.0, "target": 16, "value": 108.36867111409227, "supply": [{"l": "Peas", "v": 16.343314135417501}, {"l": "Pulses, Other", "v": 53.431055346656265}, {"l": "Beans", "v": 38.5943016320185}]}, {"source": 3, "prod": 219876.0, "target": 16, "value": 62.383722413305875, "supply": [{"l": "Tomatoes", "v": 5.9426338709004094}, {"l": "Vegetables, Other", "v": 50.496875028848955}, {"l": "Onions", "v": 5.9442135135565088}]}, {"source": 18, "prod": 104185.0, "target": 16, "value": 90.560272189544563, "supply": [{"l": "Beverages, Alcoholic", "v": 32.631080097459183}, {"l": "Wine", "v": 19.320966015213198}, {"l": "Beer", "v": 31.189554106930046}, {"l": "Beverages, Fermented", "v": 7.4186719699421442}]}, {"source": 4, "prod": 7627.0, "target": 16, "value": 2.9840315257844097, "supply": [{"l": "Sugar cane", "v": 2.9660342201352576}, {"l": "Sugar beet", "v": 0.017997305649152074}]}, {"source": 5, "prod": 14175.0, "target": 16, "value": 107.02647489454495, "supply": [{"l": "Butter, Ghee", "v": 49.10589240309524}, {"l": "Fats, Animals, Raw", "v": 53.349752215453144}, {"l": "Fish, Body Oil", "v": 1.4291556083785}, {"l": "Cream", "v": 2.9516413702428514}, {"l": "Fish, Liver Oil", "v": 0.19003329737522098}]}, {"source": 6, "prod": 263116.0, "target": 16, "value": 255.46396228238243, "supply": [{"l": "Roots, Other", "v": 5.9504521011224627}, {"l": "Yams", "v": 7.4210003261248438}, {"l": "Potatoes", "v": 90.611565513938402}, {"l": "Sweet potatoes", "v": 99.504635516123557}, {"l": "Cassava", "v": 51.976308825073176}]}, {"source": 9, "prod": 74481.0, "target": 16, "value": 69.683971045802778, "supply": [{"l": "Crustaceans", "v": 1.4794669169242778}, {"l": "Marine Fish, Other", "v": 4.449720795195633}, {"l": "Pelagic Fish", "v": 10.403719480748636}, {"l": "Fish, Seafood", "v": 36.130992858653038}, {"l": "Demersal Fish", "v": 7.4353745173274781}, {"l": "Freshwater Fish", "v": 5.9300385651320822}, {"l": "Cephalopods", "v": 1.4767512497016366}, {"l": "Molluscs, Other", "v": 2.37790666212}]}, {"source": 8, "prod": 1564.0, "target": 16, "value": 1.8177155520800001, "supply": [{"l": "Aquatic Products, Other", "v": 0.90885777604000006}, {"l": "Aquatic Animals, Others", "v": 0.13597999974}, {"l": "Aquatic Plants", "v": 0.7728777763000001}]}, {"source": 10, "prod": 75644.0, "target": 16, "value": 304.8989180454476, "supply": [{"l": "Sugar", "v": 249.87785201428559}, {"l": "Sweeteners, Other", "v": 13.375622989425196}, {"l": "Honey", "v": 2.963425914968715}, {"l": "Sugar non-centrifugal", "v": 38.682017126768137}]}, {"source": 19, "prod": 3116.0, "target": 16, "value": 8.9373218023558767, "supply": [{"l": "Nuts", "v": 8.8826973580158768}, {"l": "Infant food", "v": 0.054624444340000002}]}, {"source": 11, "prod": 469955.0, "target": 16, "value": 1714.0687033517997, "supply": [{"l": "Maize", "v": 145.61112841341409}, {"l": "Barley", "v": 32.716657327583583}, {"l": "Cereals, Other", "v": 13.327291620148676}, {"l": "Sorghum", "v": 84.684590765929116}, {"l": "Rye", "v": 40.149117849703636}, {"l": "Rice", "v": 674.26848812567096}, {"l": "Wheat", "v": 641.64506851375472}, {"l": "Oats", "v": 5.9172959482818195}, {"l": "Millet", "v": 75.749064787312932}]}, {"source": 12, "prod": 19771.0, "target": 16, "value": 203.14157019306862, "supply": [{"l": "Ricebran Oil", "v": 1.3159551641505001}, {"l": "Sunflowerseed Oil", "v": 29.645198688415061}, {"l": "Rape and Mustard Oil", "v": 17.797232340970876}, {"l": "Palmkernel Oil", "v": 2.8017109946430003}, {"l": "Oilcrops Oil, Other", "v": 7.269591027766876}, {"l": "Maize Germ Oil", "v": 4.290732222565155}, {"l": "Groundnut Oil", "v": 29.884917276191999}, {"l": "Soyabean Oil", "v": 43.076828470913817}, {"l": "Palm Oil", "v": 13.4567028076035}, {"l": "Coconut Oil", "v": 14.808197646104651}, {"l": "Olive Oil", "v": 14.910621013156877}, {"l": "Sesameseed Oil", "v": 4.548232134160715}, {"l": "Cottonseed Oil", "v": 19.335650406425575}]}, {"source": 20, "prod": 1776.0, "target": 16, "value": 4.6535253499732141, "supply": [{"l": "Pepper", "v": 0.11854666644}, {"l": "Pimento", "v": 2.9824665426844841}, {"l": "Cloves", "v": 0.026959279182323589}, {"l": "Spices, Other", "v": 1.5255528616664062}]}, {"source": 21, "prod": 6980.0, "target": 16, "value": 7.548337172845538, "supply": [{"l": "Tea", "v": 1.61897555246}, {"l": "Coffee", "v": 2.9645526172824588}, {"l": "Cocoa Beans", "v": 2.9648090031030794}]}, {"source": 13, "prod": 16957.0, "target": 16, "value": 28.199426847455975, "supply": [{"l": "Eggs", "v": 28.199426847455975}]}, {"source": 14, "prod": 149631.0, "target": 16, "value": 89.76329324021269, "supply": [{"l": "Plantains", "v": 8.9220816792368662}, {"l": "Grapes", "v": 8.9205103729729007}, {"l": "Pineapples", "v": 1.4815108138339499}, {"l": "Citrus, Other", "v": 1.7410088855600001}, {"l": "Grapefruit", "v": 2.9253133277400001}, {"l": "Fruits, Other", "v": 26.727484632440127}, {"l": "Dates", "v": 2.989281498160326}, {"l": "Apples", "v": 10.399780244433584}, {"l": "Lemons, Limes", "v": 3.3692822157800002}, {"l": "Bananas", "v": 14.85614093709243}, {"l": "Oranges, Mandarines", "v": 7.4308986329624904}]}, {"source": 2, "prod": 99589.0, "target": 16, "value": 206.48736405735585, "supply": [{"l": "Pigmeat", "v": 90.647106443740014}, {"l": "Offals, Edible", "v": 7.4473976465789482}, {"l": "Meat, Other", "v": 4.437077778101469}, {"l": "Mutton & Goat Meat", "v": 14.866837029861721}, {"l": "Bovine Meat", "v": 68.321197915172988}, {"l": "Poultry Meat", "v": 20.767747243900693}]}, {"source": 0, "prod": 13.0, "target": 22, "value": 0.0085077809697095639, "supply": [{"l": "Milk - Excluding Butter", "v": 0.0085077809697095639}]}, {"source": 15, "prod": 101648.0, "target": 22, "value": 393.49059723646747, "supply": [{"l": "Olives", "v": 19.645937095769401}, {"l": "Sunflower seed", "v": 33.971710586559688}, {"l": "Coconuts - Incl Copra", "v": 24.678218502737305}, {"l": "Sesame seed", "v": 9.0457445887647285}, {"l": "Cottonseed", "v": 58.039397016355196}, {"l": "Groundnuts", "v": 43.27263856309407}, {"l": "Oilcrops, Other", "v": 38.49623678353629}, {"l": "Soyabeans", "v": 105.81956433182962}, {"l": "Rape and Mustardseed", "v": 19.988491483520217}, {"l": "Palm kernels", "v": 3.2826371055246897}, {"l": "Oil Palm", "v": 37.250021178776251}]}, {"source": 17, "prod": 1.0, "target": 22, "value": 0.0028943295399204549, "supply": [{"l": "Treenuts", "v": 0.0028943295399204549}]}, {"source": 3, "prod": 108.0, "target": 22, "value": 0.031394907039947705, "supply": [{"l": "Tomatoes", "v": 0.00019472553479587157}, {"l": "Vegetables, Other", "v": 0.030406720447478938}, {"l": "Onions", "v": 0.00079346105767289714}]}, {"source": 18, "prod": 1745.0, "target": 22, "value": 1.3393352280835433, "supply": [{"l": "Wine", "v": 1.3393352280835433}]}, {"source": 4, "prod": 657708.0, "target": 22, "value": 257.32547617157633, "supply": [{"l": "Sugar beet", "v": 92.458419052093902}, {"l": "Sugar cane", "v": 164.86705711948241}]}, {"source": 5, "prod": 171.0, "target": 22, "value": 1.3826625687848573, "supply": [{"l": "Fats, Animals, Raw", "v": 1.3826625687848573}]}, {"source": 6, "prod": 10708.0, "target": 22, "value": 8.6955880752698995, "supply": [{"l": "Potatoes", "v": 7.6315994624177916}, {"l": "Sweet potatoes", "v": 0.79504384883359758}, {"l": "Cassava", "v": 0.26894476401850992}]}, {"source": 7, "prod": 3.0, "target": 22, "value": 0.011673795811012501, "supply": [{"l": "Peas", "v": 0.011673795811012501}]}, {"source": 10, "prod": 1189.0, "target": 22, "value": 4.6443026008429724, "supply": [{"l": "Sugar", "v": 1.6211920762652858}, {"l": "Sugar non-centrifugal", "v": 0.21751837184686859}, {"l": "Sweeteners, Other", "v": 2.7813349146819606}, {"l": "Honey", "v": 0.024257238048857144}]}, {"source": 19, "prod": 1.0, "target": 22, "value": 0.0028943295399204549, "supply": [{"l": "Nuts", "v": 0.0028943295399204549}]}, {"source": 11, "prod": 23907.0, "target": 22, "value": 78.851238568703394, "supply": [{"l": "Maize", "v": 27.977576203503055}, {"l": "Rye", "v": 1.1614774189021966}, {"l": "Barley", "v": 34.980848206426906}, {"l": "Cereals, Other", "v": 0.16691570356434468}, {"l": "Rice", "v": 6.8073744626706159}, {"l": "Wheat", "v": 3.0834886418717691}, {"l": "Oats", "v": 0.47852915060018192}, {"l": "Sorghum", "v": 3.222721088354604}, {"l": "Millet", "v": 0.97230769280972351}]}, {"source": 12, "prod": 57.0, "target": 22, "value": 0.60491487384337506, "supply": [{"l": "Oilcrops Oil, Other", "v": 0.60491487384337506}]}, {"source": 21, "prod": 7.0, "target": 22, "value": 0.015639535057815793, "supply": [{"l": "Cocoa Beans", "v": 0.015639535057815793}]}, {"source": 14, "prod": 46963.0, "target": 22, "value": 34.646195939511053, "supply": [{"l": "Plantains", "v": 1.8678073297619997}, {"l": "Citrus, Other", "v": 0.0092977777600000006}, {"l": "Grapes", "v": 30.843469424896842}, {"l": "Apples", "v": 1.1319315038494409}, {"l": "Lemons, Limes", "v": 0.0092977777600000006}, {"l": "Bananas", "v": 0.014173678325709517}, {"l": "Fruits, Other", "v": 0.76840174958563301}, {"l": "Oranges, Mandarines", "v": 0.0018166975714194013}]}, {"source": 2, "prod": 122.0, "target": 22, "value": 0.21784405053611086, "supply": [{"l": "Meat, Other", "v": 0.0046591646252378046}, {"l": "Pigmeat", "v": 0.0026667972829201854}, {"l": "Poultry Meat", "v": 0.032834382994309394}, {"l": "Bovine Meat", "v": 0.17768370563364347}]}, {"source": 0, "prod": 7312.0, "target": 23, "value": 4.7852995731166406, "supply": [{"l": "Milk - Excluding Butter", "v": 4.7852995731166406}]}, {"source": 15, "prod": 2174.0, "target": 23, "value": 8.3750325752842247, "supply": [{"l": "Sunflower seed", "v": 0.23154636319363636}, {"l": "Coconuts - Incl Copra", "v": 0.4162855045803871}, {"l": "Sesame seed", "v": 0.023154636319363639}, {"l": "Cottonseed", "v": 5.9166567588734162}, {"l": "Rape and Mustardseed", "v": 0.27684891251413046}, {"l": "Oilcrops, Other", "v": 1.1704117358573574}, {"l": "Soyabeans", "v": 0.0079099689289751553}, {"l": "Palm kernels", "v": 0.33221869501695656}]}, {"source": 17, "prod": 25.0, "target": 23, "value": 0.072358238498011374, "supply": [{"l": "Treenuts", "v": 0.072358238498011374}]}, {"source": 7, "prod": 61.0, "target": 23, "value": 0.24459013516528932, "supply": [{"l": "Pulses, Other", "v": 0.2406623617445669}, {"l": "Beans", "v": 0.0039277734207224203}]}, {"source": 3, "prod": 686.0, "target": 23, "value": 0.19716400466515069, "supply": [{"l": "Tomatoes", "v": 0.0035050596263256884}, {"l": "Vegetables, Other", "v": 0.19286548398115211}, {"l": "Onions", "v": 0.00079346105767289714}]}, {"source": 19, "prod": 26.0, "target": 23, "value": 0.07525256803793183, "supply": [{"l": "Nuts", "v": 0.07525256803793183}]}, {"source": 4, "prod": 17616.0, "target": 23, "value": 6.89218557207528, "supply": [{"l": "Sugar cane", "v": 5.4743108835420822}, {"l": "Sugar beet", "v": 1.4178746885331981}]}, {"source": 5, "prod": 6019.0, "target": 23, "value": 52.43091799439015, "supply": [{"l": "Butter, Ghee", "v": 0.19409443637587048}, {"l": "Fats, Animals, Raw", "v": 43.436627599486862}, {"l": "Fish, Body Oil", "v": 8.7588843721415}, {"l": "Fish, Liver Oil", "v": 0.041311586385917608}]}, {"source": 6, "prod": 11529.0, "target": 23, "value": 11.160978026287816, "supply": [{"l": "Roots, Other", "v": 0.70679527364857508}, {"l": "Yams", "v": 3.2026539293039531}, {"l": "Potatoes", "v": 3.7165357890000608}, {"l": "Sweet potatoes", "v": 0.20160854046353405}, {"l": "Cassava", "v": 3.3333844938716943}]}, {"source": 9, "prod": 1634.0, "target": 23, "value": 1.5152583149405154, "supply": [{"l": "Crustaceans", "v": 0.0023583425880833331}, {"l": "Marine Fish, Other", "v": 0.26979439207673334}, {"l": "Fish, Seafood", "v": 0.79252077121699815}, {"l": "Demersal Fish", "v": 0.16308538575220338}, {"l": "Freshwater Fish", "v": 0.045946062657247058}, {"l": "Pelagic Fish", "v": 0.14857558304925}, {"l": "Molluscs, Other", "v": 0.092977777600000006}]}, {"source": 8, "prod": 2030.0, "target": 23, "value": 2.3593111065999999, "supply": [{"l": "Aquatic Animals, Others", "v": 0.010459999980000001}, {"l": "Aquatic Products, Other", "v": 1.1819799977400001}, {"l": "Aquatic Plants", "v": 1.1668711088800001}]}, {"source": 10, "prod": 1619.0, "target": 23, "value": 6.3664131977477609, "supply": [{"l": "Sugar", "v": 3.2908986286282862}, {"l": "Sweeteners, Other", "v": 3.0755145691194752}]}, {"source": 18, "prod": 3829.0, "target": 23, "value": 5.5455220958345013, "supply": [{"l": "Beverages, Alcoholic", "v": 3.5828571827404909}, {"l": "Wine", "v": 0.25712166269798681}, {"l": "Alcohol, Non-Food", "v": 1.6447904672894547}, {"l": "Beer", "v": 0.05443579403134554}, {"l": "Beverages, Fermented", "v": 0.0063169890752232151}]}, {"source": 11, "prod": 11580.0, "target": 23, "value": 40.283170279871761, "supply": [{"l": "Maize", "v": 23.450494570372211}, {"l": "Barley", "v": 1.2792378174897299}, {"l": "Sorghum", "v": 0.038407293577357143}, {"l": "Rye", "v": 0.38307302734241311}, {"l": "Rice", "v": 3.6922088385804299}, {"l": "Wheat", "v": 11.437175995140809}, {"l": "Oats", "v": 0.002572737368818182}]}, {"source": 12, "prod": 4916.0, "target": 23, "value": 51.191913294023792, "supply": [{"l": "Ricebran Oil", "v": 0.68981520701437504}, {"l": "Sunflowerseed Oil", "v": 5.7532461066465883}, {"l": "Rape and Mustard Oil", "v": 1.6555564968345002}, {"l": "Sesameseed Oil", "v": 0.10006110695153574}, {"l": "Palmkernel Oil", "v": 1.6767815801272503}, {"l": "Maize Germ Oil", "v": 0.21551623035715387}, {"l": "Groundnut Oil", "v": 0.65797758207525003}, {"l": "Soyabean Oil", "v": 3.2794493448224387}, {"l": "Palm Oil", "v": 4.913606782271625}, {"l": "Coconut Oil", "v": 4.0475740232686048}, {"l": "Olive Oil", "v": 1.0824792479302501}, {"l": "Oilcrops Oil, Other", "v": 21.299371084274625}, {"l": "Cottonseed Oil", "v": 5.8204785014495952}]}, {"source": 20, "prod": 31.0, "target": 23, "value": 0.081997267260332143, "supply": [{"l": "Pepper", "v": 0.0011622222200000001}, {"l": "Cloves", "v": 0.078181909628738402}, {"l": "Spices, Other", "v": 0.00265313541159375}]}, {"source": 21, "prod": 83.0, "target": 23, "value": 0.068388905822645382, "supply": [{"l": "Tea", "v": 0.0034866666600000002}, {"l": "Coffee", "v": 0.051496923398803275}, {"l": "Cocoa Beans", "v": 0.013405315763842109}]}, {"source": 13, "prod": 43.0, "target": 23, "value": 0.071508837320316501, "supply": [{"l": "Eggs", "v": 0.071508837320316501}]}, {"source": 14, "prod": 194.0, "target": 23, "value": 0.13849998900900831, "supply": [{"l": "Grapes", "v": 0.043321577629777126}, {"l": "Pineapples", "v": 0.00035375138821249998}, {"l": "Citrus, Other", "v": 0.015108888860000001}, {"l": "Grapefruit", "v": 0.0011622222200000001}, {"l": "Fruits, Other", "v": 0.027941881803113924}, {"l": "Dates", "v": 0.011846558116883722}, {"l": "Apples", "v": 0.0056162591530644337}, {"l": "Lemons, Limes", "v": 0.018595555520000001}, {"l": "Bananas", "v": 0.0063781552465692823}, {"l": "Oranges, Mandarines", "v": 0.0081751390713873055}]}, {"source": 2, "prod": 1292.0, "target": 23, "value": 1.9957375401398918, "supply": [{"l": "Pigmeat", "v": 0.46135592994519209}, {"l": "Offals, Edible", "v": 1.1704826634539913}, {"l": "Mutton & Goat Meat", "v": 0.24356652958893441}, {"l": "Bovine Meat", "v": 0.03988817881571588}, {"l": "Poultry Meat", "v": 0.080444238336058016}]}, {"source": 15, "prod": 5707.0, "target": 15, "value": 25.842353657952685, "supply": [{"l": "Soyabeans", "v": 9.6066572642403258}, {"l": "Sunflower seed", "v": 1.8369344813361821}, {"l": "Coconuts - Incl Copra", "v": 0.09546396909550231}, {"l": "Sesame seed", "v": 0.34731954479045463}, {"l": "Cottonseed", "v": 5.0109653165057608}, {"l": "Rape and Mustardseed", "v": 0.49041807359645967}, {"l": "Groundnuts", "v": 6.3078294410641407}, {"l": "Oilcrops, Other", "v": 2.1467655673238575}]}, {"source": 3, "prod": 59.0, "target": 3, "value": 0.019014249884262136, "supply": [{"l": "Vegetables, Other", "v": 0.011873100365206063}, {"l": "Onions", "v": 0.0071411495190560744}]}, {"source": 4, "prod": 9046.0, "target": 4, "value": 3.5392092804832531, "supply": [{"l": "Sugar cane", "v": 3.5392092804832531}]}, {"source": 6, "prod": 44188.0, "target": 6, "value": 35.071395129905582, "supply": [{"l": "Potatoes", "v": 33.305788231518527}, {"l": "Yams", "v": 0.68898176133534039}, {"l": "Roots, Other", "v": 0.16767815801272501}, {"l": "Sweet potatoes", "v": 0.90894697903898403}]}, {"source": 7, "prod": 3648.0, "target": 7, "value": 14.45386851512713, "supply": [{"l": "Beans", "v": 3.923845647301698}, {"l": "Peas", "v": 3.0935558899183127}, {"l": "Pulses, Other", "v": 7.4364669779071191}]}, {"source": 9, "prod": 250.0, "target": 9, "value": 0.2663530012936926, "supply": [{"l": "Freshwater Fish", "v": 0.0049941372453529411}, {"l": "Fish, Seafood", "v": 0.12125470795853704}, {"l": "Molluscs, Other", "v": 0.0011622222200000001}, {"l": "Cephalopods", "v": 0.043736535269909095}, {"l": "Pelagic Fish", "v": 0.088002460729171159}, {"l": "Marine Fish, Other", "v": 0.0066033592466333332}, {"l": "Demersal Fish", "v": 0.0005995786240889831}]}, {"source": 11, "prod": 64565.0, "target": 11, "value": 217.46260466017631, "supply": [{"l": "Maize", "v": 21.753280022019968}, {"l": "Oats", "v": 12.076429209232547}, {"l": "Rye", "v": 10.594267644181777}, {"l": "Barley", "v": 27.560668283851506}, {"l": "Rice", "v": 44.349892770821562}, {"l": "Sorghum", "v": 3.6102855962715719}, {"l": "Cereals, Other", "v": 3.3160586441449804}, {"l": "Wheat", "v": 90.938545952273003}, {"l": "Millet", "v": 3.2631765373793962}]}, {"source": 13, "prod": 877.0, "target": 13, "value": 1.4584476820911061, "supply": [{"l": "Eggs", "v": 1.4584476820911061}]}, {"source": 0, "prod": 8410.0, "target": 24, "value": 5.5038798427121103, "supply": [{"l": "Milk - Excluding Butter", "v": 5.5038798427121103}]}, {"source": 2, "prod": 490.0, "target": 24, "value": 0.95645521226253094, "supply": [{"l": "Mutton & Goat Meat", "v": 0.04407394344942623}, {"l": "Pigmeat", "v": 0.34401684949670391}, {"l": "Meat, Other", "v": 0.012424439000634146}, {"l": "Poultry Meat", "v": 0.026267506395447518}, {"l": "Offals, Edible", "v": 0.10178110116991229}, {"l": "Bovine Meat", "v": 0.42789137275040673}]}, {"source": 17, "prod": 135.0, "target": 24, "value": 0.39073448788926141, "supply": [{"l": "Treenuts", "v": 0.39073448788926141}]}, {"source": 3, "prod": 23173.0, "target": 24, "value": 6.5444007671309139, "supply": [{"l": "Tomatoes", "v": 0.63986810733923394}, {"l": "Vegetables, Other", "v": 5.3657726016317824}, {"l": "Onions", "v": 0.53876005815989725}]}, {"source": 18, "prod": 932.0, "target": 24, "value": 0.64384911177681237, "supply": [{"l": "Beer", "v": 0.043656428876623653}, {"l": "Wine", "v": 0.35383010896648337}, {"l": "Beverages, Fermented", "v": 0.24636257393370539}]}, {"source": 4, "prod": 16370.0, "target": 24, "value": 6.4046933364482479, "supply": [{"l": "Sugar beet", "v": 0.45932253982835947}, {"l": "Sugar cane", "v": 5.9453707966198888}]}, {"source": 5, "prod": 100.0, "target": 24, "value": 0.68510633778299257, "supply": [{"l": "Fats, Animals, Raw", "v": 0.59834520520514289}, {"l": "Butter, Ghee", "v": 0.050633331228487954}, {"l": "Cream", "v": 0.0361278013493617}]}, {"source": 6, "prod": 42166.0, "target": 24, "value": 38.232456509530572, "supply": [{"l": "Roots, Other", "v": 1.0145589813934501}, {"l": "Yams", "v": 1.6135508346111518}, {"l": "Potatoes", "v": 20.448372095019895}, {"l": "Sweet potatoes", "v": 7.2647416444995496}, {"l": "Cassava", "v": 7.8912329540065231}]}, {"source": 7, "prod": 1630.0, "target": 24, "value": 6.4570727500555893, "supply": [{"l": "Peas", "v": 1.4008554973215002}, {"l": "Beans", "v": 1.7832091330079789}, {"l": "Pulses, Other", "v": 3.2730081197261103}]}, {"source": 10, "prod": 162.0, "target": 24, "value": 0.65479787720935678, "supply": [{"l": "Sugar", "v": 0.6145166972377144}, {"l": "Sugar non-centrifugal", "v": 0.040281179971642336}]}, {"source": 19, "prod": 137.0, "target": 24, "value": 0.39652314696910229, "supply": [{"l": "Nuts", "v": 0.39652314696910229}]}, {"source": 11, "prod": 43527.0, "target": 24, "value": 153.54691940837805, "supply": [{"l": "Maize", "v": 33.654952935932918}, {"l": "Rye", "v": 5.0872098031072461}, {"l": "Barley", "v": 11.807425113543704}, {"l": "Cereals, Other", "v": 1.5059505699360871}, {"l": "Rice", "v": 41.035148290591899}, {"l": "Wheat", "v": 43.178588579382449}, {"l": "Oats", "v": 2.920056913608637}, {"l": "Sorghum", "v": 8.0445822183846225}, {"l": "Millet", "v": 6.3130049838904725}]}, {"source": 12, "prod": 73.0, "target": 24, "value": 0.7488784885341776, "supply": [{"l": "Maize Germ Oil", "v": 0.029388576866884623}, {"l": "Soyabean Oil", "v": 0.41371514811606147}, {"l": "Palm Oil", "v": 0.25470099951300001}, {"l": "Sunflowerseed Oil", "v": 0.019976548981411765}, {"l": "Coconut Oil", "v": 0.0098721317640697668}, {"l": "Oilcrops Oil, Other", "v": 0.02122508329275}]}, {"source": 20, "prod": 79.0, "target": 24, "value": 0.2109447388439758, "supply": [{"l": "Cloves", "v": 0.005391855836464717}, {"l": "Pimento", "v": 0.18349426846635486}, {"l": "Pepper", "v": 0.0034866666600000002}, {"l": "Spices, Other", "v": 0.018571947881156251}]}, {"source": 21, "prod": 106.0, "target": 24, "value": 0.1201511397856044, "supply": [{"l": "Cocoa Beans", "v": 0.055855482349342109}, {"l": "Coffee", "v": 0.044537879696262293}, {"l": "Tea", "v": 0.019757777740000003}]}, {"source": 13, "prod": 626.0, "target": 24, "value": 1.041035631686468, "supply": [{"l": "Eggs", "v": 1.041035631686468}]}, {"source": 14, "prod": 20565.0, "target": 24, "value": 13.217741658120525, "supply": [{"l": "Plantains", "v": 2.4517329545714328}, {"l": "Grapefruit", "v": 0.17549555522000002}, {"l": "Apples", "v": 1.2549786362029434}, {"l": "Grapes", "v": 1.3773273991260178}, {"l": "Dates", "v": 0.23298230963204652}, {"l": "Lemons, Limes", "v": 0.40212888812000003}, {"l": "Pineapples", "v": 0.14433056639070002}, {"l": "Bananas", "v": 3.3216015156300251}, {"l": "Citrus, Other", "v": 0.24987777730000002}, {"l": "Fruits, Other", "v": 2.895746173788095}, {"l": "Oranges, Mandarines", "v": 0.71153988213926556}]}, {"source": 15, "prod": 4052.0, "target": 24, "value": 15.446990356943243, "supply": [{"l": "Olives", "v": 0.18678073297620001}, {"l": "Sunflower seed", "v": 0.76410299853899999}, {"l": "Coconuts - Incl Copra", "v": 1.5915878126250136}, {"l": "Sesame seed", "v": 0.34731954479045463}, {"l": "Cottonseed", "v": 1.6531835061558076}, {"l": "Groundnuts", "v": 2.7791593436444533}, {"l": "Oilcrops, Other", "v": 1.8799359487864289}, {"l": "Soyabeans", "v": 5.5527981881405593}, {"l": "Rape and Mustardseed", "v": 0.58138271627967397}, {"l": "Palm kernels", "v": 0.11073956500565217}]}, {"source": 20, "prod": 10.0, "target": 25, "value": 0.026959279182323589, "supply": [{"l": "Cloves", "v": 0.026959279182323589}]}, {"source": 3, "prod": 401.0, "target": 25, "value": 0.12298184709125082, "supply": [{"l": "Vegetables, Other", "v": 0.097591093245718102}, {"l": "Onions", "v": 0.025390753845532708}]}, {"source": 9, "prod": 2192.0, "target": 25, "value": 2.3166605549160297, "supply": [{"l": "Freshwater Fish", "v": 0.012984756837917649}, {"l": "Pelagic Fish", "v": 1.2560351213163521}, {"l": "Fish, Seafood", "v": 1.0476406767617601}]}, {"source": 14, "prod": 880.0, "target": 25, "value": 0.50491535721760206, "supply": [{"l": "Apples", "v": 0.41151862521544852}, {"l": "Dates", "v": 0.057258364231604658}, {"l": "Lemons, Limes", "v": 0.0023244444400000001}, {"l": "Bananas", "v": 0.0077955230791402338}, {"l": "Grapefruit", "v": 0.02208222218}, {"l": "Oranges, Mandarines", "v": 0.0039361780714087021}]}, {"source": 18, "prod": 16.0, "target": 25, "value": 0.024375406384597252, "supply": [{"l": "Alcohol, Non-Food", "v": 0.0006996131294297978}, {"l": "Beverages, Alcoholic", "v": 0.017358804179944239}, {"l": "Beverages, Fermented", "v": 0.0063169890752232151}]}, {"source": 4, "prod": 1675.0, "target": 25, "value": 0.65533667309412436, "supply": [{"l": "Sugar beet", "v": 0.071206731046645155}, {"l": "Sugar cane", "v": 0.58412994204747926}]}, {"source": 11, "prod": 7892.0, "target": 25, "value": 27.741524336011111, "supply": [{"l": "Maize", "v": 17.480251294255783}, {"l": "Sorghum", "v": 8.4740455920223443}, {"l": "Millet", "v": 1.7872274497329812}]}, {"source": 26, "prod": 809.0, "target": 1, "value": 0.5834613056085467, "supply": [{"l": "Mutton & Goat Meat", "v": 0.076549480727950814}, {"l": "Crustaceans", "v": 0.00078611419602777775}, {"l": "Demersal Fish", "v": 0.018586937346758474}, {"l": "Milk - Excluding Butter", "v": 0.48625240465340047}, {"l": "Cephalopods", "v": 0.001286368684409091}]}, {"source": 15, "prod": 348.0, "target": 25, "value": 2.0192488783211728, "supply": [{"l": "Olives", "v": 0.045280177691199998}, {"l": "Sesame seed", "v": 0.30101027215172732}, {"l": "Groundnuts", "v": 1.2735049975650001}, {"l": "Rape and Mustardseed", "v": 0.39945343091324537}]}, {"source": 26, "prod": 67.0, "target": 19, "value": 0.19392007917467047, "supply": [{"l": "Nuts", "v": 0.19392007917467047}]}, {"source": 12, "prod": 425.0, "target": 25, "value": 4.3822841579327854, "supply": [{"l": "Maize Germ Oil", "v": 0.039184769155846164}, {"l": "Groundnut Oil", "v": 1.9420951212866251}, {"l": "Soyabean Oil", "v": 1.1099674705552869}, {"l": "Sunflowerseed Oil", "v": 0.5293785480074118}, {"l": "Coconut Oil", "v": 0.38501313879872084}, {"l": "Rape and Mustard Oil", "v": 0.095512874817374999}, {"l": "Cottonseed Oil", "v": 0.28113223531151893}]}, {"source": 5, "prod": 228.0, "target": 25, "value": 2.2384364950506632, "supply": [{"l": "Fats, Animals, Raw", "v": 1.2856336165894289}, {"l": "Fish, Body Oil", "v": 0.91975360935250006}, {"l": "Fish, Liver Oil", "v": 0.03304926910873409}]}, {"source": 26, "prod": 256.0, "target": 14, "value": 0.1412846328648516, "supply": [{"l": "Grapes", "v": 0.080667765241653963}, {"l": "Pineapples", "v": 0.036436392985887502}, {"l": "Fruits, Other", "v": 0.024180474637310129}]}, {"source": 26, "prod": 67.0, "target": 17, "value": 0.19392007917467047, "supply": [{"l": "Treenuts", "v": 0.19392007917467047}]}, {"source": 26, "prod": 6080.0, "target": 15, "value": 23.935338654458572, "supply": [{"l": "Sunflower seed", "v": 0.54799305955827271}, {"l": "Coconuts - Incl Copra", "v": 0.27230705938717054}, {"l": "Cottonseed", "v": 6.5059494440820664}, {"l": "Oilcrops, Other", "v": 0.91571073634435729}, {"l": "Soyabeans", "v": 15.685468386157732}, {"l": "Palm kernels", "v": 0.0079099689289751553}]}, {"source": 2, "prod": 108.0, "target": 25, "value": 0.19485324680035324, "supply": [{"l": "Pigmeat", "v": 0.040001959243802787}, {"l": "Meat, Other", "v": 0.013977493875713416}, {"l": "Poultry Meat", "v": 0.098503148982928182}, {"l": "Offals, Edible", "v": 0.0024824658821929828}, {"l": "Bovine Meat", "v": 0.03988817881571588}]}, {"source": 7, "prod": 231.0, "target": 25, "value": 0.90392040220108161, "supply": [{"l": "Peas", "v": 0.36188767014138756}, {"l": "Beans", "v": 0.54203273205969404}]}, {"source": 26, "prod": 10845.0, "target": 6, "value": 8.5116805369888464, "supply": [{"l": "Roots, Other", "v": 0.1050641622991125}, {"l": "Potatoes", "v": 8.3803778611269522}, {"l": "Cassava", "v": 0.026238513562781458}]}, {"source": 26, "prod": 3.0, "target": 21, "value": 0.0034866666600000002, "supply": [{"l": "Tea", "v": 0.0034866666600000002}]}, {"source": 26, "prod": 178.0, "target": 3, "value": 0.034661145193665137, "supply": [{"l": "Tomatoes", "v": 0.034661145193665137}]}, {"source": 26, "prod": 27.0, "target": 20, "value": 0.048036800087362906, "supply": [{"l": "Pimento", "v": 0.0082161612746129049}, {"l": "Pepper", "v": 0.018595555520000001}, {"l": "Spices, Other", "v": 0.02122508329275}]}, {"source": 13, "prod": 11.0, "target": 25, "value": 0.018292958384267012, "supply": [{"l": "Eggs", "v": 0.018292958384267012}]}, {"source": 21, "prod": 555.0, "target": 25, "value": 0.54467336263414201, "supply": [{"l": "Cocoa Beans", "v": 0.23012458727928953}, {"l": "Coffee", "v": 0.31454877535485248}]}, {"source": 26, "prod": 18.0, "target": 7, "value": 0.072198708523370084, "supply": [{"l": "Pulses, Other", "v": 0.072198708523370084}]}, {"source": 10, "prod": 1.0, "target": 25, "value": 0.0040428730081428577, "supply": [{"l": "Honey", "v": 0.0040428730081428577}]}, {"source": 26, "prod": 1243.0, "target": 22, "value": 5.5573581673738071, "supply": [{"l": "Sugar", "v": 1.9041931868352859}, {"l": "Beer", "v": 0.015091111216610643}, {"l": "Butter, Ghee", "v": 0.88608329649853912}, {"l": "Palm Oil", "v": 0.12735049975650001}, {"l": "Wine", "v": 0.29242792085950137}, {"l": "Olive Oil", "v": 1.0400290813447501}, {"l": "Oilcrops Oil, Other", "v": 0.97635383146650001}, {"l": "Sweeteners, Other", "v": 0.15664111470049502}, {"l": "Palmkernel Oil", "v": 0.15918812469562502}]}, {"source": 26, "prod": 37028.0, "target": 11, "value": 120.71897131381668, "supply": [{"l": "Rye", "v": 6.3130434906029684}, {"l": "Barley", "v": 14.489019881192363}, {"l": "Rice", "v": 15.588844132807855}, {"l": "Cereals, Other", "v": 0.33754064498567471}, {"l": "Wheat", "v": 76.460120885697009}, {"l": "Oats", "v": 7.5304022785308184}]}, {"source": 1, "prod": 384756.0, "target": 0, "value": 251.80152113704409, "supply": [{"l": "Milk - Excluding Butter", "v": 251.80152113704409}]}, {"source": 1, "prod": 17640.0, "target": 13, "value": 29.335253263497282, "supply": [{"l": "Eggs", "v": 30.793700945588387}]}, {"source": 1, "prod": 102312.0, "target": 2, "value": 210.74568449590376, "supply": [{"l": "Pigmeat", "v": 91.495147979708605}, {"l": "Bovine Meat", "v": 69.006549351188468}, {"l": "Poultry Meat", "v": 21.005796520609437}, {"l": "Offals, Edible", "v": 9.5612173452662752}, {"l": "Meat, Other", "v": 4.522495796230829}, {"l": "Mutton & Goat Meat", "v": 15.154477502900081}]}, {"source": 1, "prod": 118433.0, "target": 9, "value": 115.01518767447493, "supply": [{"l": "Pelagic Fish", "v": 32.043181707321715}, {"l": "Crustaceans", "v": 1.5006920002170279}, {"l": "Freshwater Fish", "v": 6.0289224825900707}, {"l": "Molluscs, Other", "v": 2.95553110546}, {"l": "Demersal Fish", "v": 8.5254084559212497}, {"l": "Fish, Seafood", "v": 57.558154811422035}, {"l": "Marine Fish, Other", "v": 5.0166663533708657}, {"l": "Cephalopods", "v": 1.652983759465682}]}, {"source": 1, "prod": 3930.0, "target": 8, "value": 4.5675333245999994, "supply": [{"l": "Aquatic Plants", "v": 2.1350022181400004}, {"l": "Aquatic Products, Other", "v": 2.2860911067399998}, {"l": "Aquatic Animals, Others", "v": 0.14643999971999999}]}, {"source": 22, "prod": 79441.0, "target": 10, "value": 319.90242524636744, "supply": [{"l": "Honey", "v": 2.9917260260257148}, {"l": "Sweeteners, Other", "v": 19.243934018204719}, {"l": "Sugar non-centrifugal", "v": 40.248955027665026}, {"l": "Sugar", "v": 257.41781017447204}]}, {"source": 22, "prod": 25251.0, "target": 12, "value": 260.16298616910939, "supply": [{"l": "Olive Oil", "v": 15.993100261087127}, {"l": "Ricebran Oil", "v": 2.0057703711648749}, {"l": "Sesameseed Oil", "v": 4.6482932411122508}, {"l": "Soyabean Oil", "v": 47.920322887882342}, {"l": "Coconut Oil", "v": 19.250656939936047}, {"l": "Cottonseed Oil", "v": 25.437261143186689}, {"l": "Rape and Mustard Oil", "v": 19.548301712622749}, {"l": "Maize Germ Oil", "v": 4.5748217989450399}, {"l": "Groundnut Oil", "v": 32.495602521200247}, {"l": "Palm Oil", "v": 18.625010589388125}, {"l": "Palmkernel Oil", "v": 4.4784925747702502}, {"l": "Oilcrops Oil, Other", "v": 29.237552235763129}, {"l": "Sunflowerseed Oil", "v": 35.947799892050476}]}, {"source": 22, "prod": 110707.0, "target": 18, "value": 98.113354031624013, "supply": [{"l": "Beer", "v": 31.287646329838015}, {"l": "Beverages, Alcoholic", "v": 36.231296084379615}, {"l": "Alcohol, Non-Food", "v": 1.6454900804188846}, {"l": "Beverages, Fermented", "v": 7.6776685220262966}, {"l": "Wine", "v": 21.271253014961214}]}, {"source": 22, "prod": 22141.0, "target": 5, "value": 179.46148358074794, "supply": [{"l": "Fats, Animals, Raw", "v": 106.238616907978}, {"l": "Cream", "v": 2.987769171592213}, {"l": "Fish, Body Oil", "v": 20.404380072097002}, {"l": "Butter, Ghee", "v": 49.392814613390009}, {"l": "Fish, Liver Oil", "v": 0.43790281569072659}]}, {"source": 15, "prod": 130572.0, "target": 27, "value": 440.73049663335524, "supply": [{"l": "Coconuts - Incl Copra", "v": 86.739549834150012}, {"l": "Sesame seed", "v": 5.7355666557000005}, {"l": "Groundnuts", "v": 39.226743258330011}, {"l": "Oilcrops, Other", "v": 26.585833282500005}, {"l": "Soyabeans", "v": 136.77147307182003}, {"l": "Palm kernels", "v": 3.2425999938000003}, {"l": "Sunflower seed", "v": 34.819596600090001}, {"l": "Cottonseed", "v": 75.496793188980007}, {"l": "Olives", "v": 26.247626616480002}, {"l": "Rape and Mustardseed", "v": 20.395256627669998}]}, {"source": 3, "prod": 250162.0, "target": 27, "value": 853.96256241395213, "supply": [{"l": "Onions", "v": 57.214456557270005}, {"l": "Vegetables, Other", "v": 694.62593533850998}, {"l": "Tomatoes", "v": 120.39111310314001}]}, {"source": 4, "prod": 298144.60000000003, "target": 27, "value": 1039.5308366790359, "supply": [{"l": "Sugar beet", "v": 347.09766600300009}, {"l": "Sugar cane", "v": 692.43317067603596}]}, {"source": 6, "prod": 259554.5, "target": 27, "value": 765.33284650770634, "supply": [{"l": "Roots, Other", "v": 13.755771640365001}, {"l": "Yams", "v": 23.494031621745002}, {"l": "Potatoes", "v": 519.76088567286001}, {"l": "Sweet potatoes", "v": 204.04496294318997}, {"l": "Cassava", "v": 143.92436972481002}]}, {"source": 7, "prod": 41867.5, "target": 27, "value": 147.28442606257076, "supply": [{"l": "Pulses, Other", "v": 75.113259856379997}, {"l": "Beans", "v": 40.101896589989998}, {"l": "Peas", "v": 30.762859941180004}]}, {"source": 11, "prod": 2093243.0, "target": 27, "value": 7260.7594781709849, "supply": [{"l": "Sorghum", "v": 385.45099926300003}, {"l": "Wheat", "v": 2182.0187558278799}, {"l": "Oats", "v": 351.88834599384001}, {"l": "Maize", "v": 1808.7920098748405}, {"l": "Barley", "v": 770.9089718593201}, {"l": "Cereals, Other", "v": 79.450673181420001}, {"l": "Rye", "v": 222.64807290762005}, {"l": "Rice", "v": 1307.0153508342603}, {"l": "Millet", "v": 190.26739963620003}]}, {"source": 28, "prod": 0, "target": 15, "value": 0.04284705072734829, "supply": "[{\"l\":'Energy for power irrigation',\"v\":0.04284705072734829}]"}, {"source": 28, "prod": 0, "target": 17, "value": 0.0010467342146945364, "supply": "[{\"l\":'Energy for power irrigation',\"v\":0.0010467342146945364}]"}, {"source": 28, "prod": 0, "target": 3, "value": 0.079421633186658971, "supply": "[{\"l\":'Energy for power irrigation',\"v\":0.079421633186658971}]"}, {"source": 28, "prod": 0, "target": 4, "value": 0.23663796917380706, "supply": "[{\"l\":'Energy for power irrigation',\"v\":0.23663796917380706}]"}, {"source": 28, "prod": 0, "target": 6, "value": 0.16480714329871585, "supply": "[{\"l\":'Energy for power irrigation',\"v\":0.16480714329871585}]"}, {"source": 28, "prod": 0, "target": 7, "value": 0.0132921276110778, "supply": "[{\"l\":'Energy for power irrigation',\"v\":0.0132921276110778}]"}, {"source": 28, "prod": 0, "target": 19, "value": 0.001054512494421566, "supply": "[{\"l\":'Energy for power irrigation',\"v\":0.001054512494421566}]"}, {"source": 28, "prod": 0, "target": 11, "value": 0.33228223654380284, "supply": "[{\"l\":'Energy for power irrigation',\"v\":0.33228223654380284}]"}, {"source": 28, "prod": 0, "target": 20, "value": 0.00059972124099423097, "supply": "[{\"l\":'Energy for power irrigation',\"v\":0.00059972124099423097}]"}, {"source": 28, "prod": 0, "target": 21, "value": 0.0022501452067478092, "supply": "[{\"l\":'Energy for power irrigation',\"v\":0.0022501452067478092}]"}, {"source": 28, "prod": 0, "target": 14, "value": 0.069791964144193905, "supply": "[{\"l\":'Energy for power irrigation',\"v\":0.069791964144193905}]"}, {"source": 28, "prod": 0, "target": 22, "value": 58.335384841893223, "supply": "[{\"l\":'Electricity',\"v\":58.335384841893223}]"}, {"source": 29, "prod": 0, "target": 28, "value": 111.84119005385186, "supply": [{"l": "Coal", "v": 58.111722344335874}, {"l": "Natural gas", "v": 17.258036416376743}, {"l": "Oil", "v": 36.471431293139247}]}, {"source": 30, "prod": 0, "target": 28, "value": 15.738432331391904, "supply": [{"l": "Nuclear", "v": 1.7969418168223128}, {"l": "Hydroelectric", "v": 13.762453372244646}, {"l": "Renewable", "v": 0.17903714232494411}]}, {"source": 29, "prod": 0, "target": 15, "value": 17.583532240665285, "supply": [{"l": "Motor Gasoline", "v": 3.1530102639763511}, {"l": "Gas-Diesel oil", "v": 11.405254333437938}, {"l": "Natural gas (including LNG)", "v": 0.9848544798347596}, {"l": "Fuel oil", "v": 1.4793123822056535}, {"l": "Liquefied petroleum gas (LPG)", "v": 0.041743729616632815}, {"l": "Coal", "v": 0.51935705159395118}]}, {"source": 29, "prod": 0, "target": 17, "value": 0.42955779917288844, "supply": [{"l": "Motor Gasoline", "v": 0.077026625323374995}, {"l": "Gas-Diesel oil", "v": 0.27862524340520589}, {"l": "Natural gas (including LNG)", "v": 0.02405955282892425}, {"l": "Fuel oil", "v": 0.036138937415536067}, {"l": "Liquefied petroleum gas (LPG)", "v": 0.0010197805752543421}, {"l": "Coal", "v": 0.012687659624592984}]}, {"source": 29, "prod": 0, "target": 3, "value": 32.592974873123481, "supply": [{"l": "Motor Gasoline", "v": 5.8444448420218791}, {"l": "Gas-Diesel oil", "v": 21.140869924395847}, {"l": "Natural gas (including LNG)", "v": 1.8255340778857592}, {"l": "Fuel oil", "v": 2.7420651688642197}, {"l": "Liquefied petroleum gas (LPG)", "v": 0.077376508421830983}, {"l": "Coal", "v": 0.96268435153394905}]}, {"source": 29, "prod": 0, "target": 4, "value": 97.11126646290657, "supply": [{"l": "Motor Gasoline", "v": 17.413612675453074}, {"l": "Gas-Diesel oil", "v": 62.989544847549098}, {"l": "Natural gas (including LNG)", "v": 5.4392066684550269}, {"l": "Fuel oil", "v": 8.1700250532150704}, {"l": "Liquefied petroleum gas (LPG)", "v": 0.23054448869955699}, {"l": "Coal", "v": 2.8683327295347478}]}, {"source": 29, "prod": 0, "target": 6, "value": 67.633399930494079, "supply": [{"l": "Motor Gasoline", "v": 12.127756883528019}, {"l": "Gas-Diesel oil", "v": 43.869236117328789}, {"l": "Natural gas (including LNG)", "v": 3.7881499573764148}, {"l": "Fuel oil", "v": 5.6900356878500196}, {"l": "Liquefied petroleum gas (LPG)", "v": 0.16056332260834283}, {"l": "Coal", "v": 1.9976579618024992}]}, {"source": 29, "prod": 0, "target": 7, "value": 5.4548107846135601, "supply": [{"l": "Motor Gasoline", "v": 0.97813534598920315}, {"l": "Gas-Diesel oil", "v": 3.5381687528867021}, {"l": "Natural gas (including LNG)", "v": 0.30552421233393573}, {"l": "Fuel oil", "v": 0.45891627608278929}, {"l": "Liquefied petroleum gas (LPG)", "v": 0.012949852361074059}, {"l": "Coal", "v": 0.16111634495985647}]}, {"source": 29, "prod": 0, "target": 19, "value": 0.43274984226652996, "supply": [{"l": "Motor Gasoline", "v": 0.07759901001261453}, {"l": "Gas-Diesel oil", "v": 0.28069570699738894}, {"l": "Natural gas (including LNG)", "v": 0.024238339314914134}, {"l": "Fuel oil", "v": 0.036407485782742811}, {"l": "Liquefied petroleum gas (LPG)", "v": 0.001027358562543918}, {"l": "Coal", "v": 0.012781941596325629}]}, {"source": 29, "prod": 0, "target": 11, "value": 136.36167064210716, "supply": [{"l": "Motor Gasoline", "v": 24.451841715465193}, {"l": "Gas-Diesel oil", "v": 88.448641246776376}, {"l": "Natural gas (including LNG)", "v": 7.6376236794473593}, {"l": "Fuel oil", "v": 11.472183465651952}, {"l": "Liquefied petroleum gas (LPG)", "v": 0.3237258948570102}, {"l": "Coal", "v": 4.0276546399092954}]}, {"source": 29, "prod": 0, "target": 20, "value": 0.2461130368934141, "supply": [{"l": "Motor Gasoline", "v": 0.044132027672385617}, {"l": "Gas-Diesel oil", "v": 0.15963696839321623}, {"l": "Natural gas (including LNG)", "v": 0.013784802940199547}, {"l": "Fuel oil", "v": 0.020705627169532191}, {"l": "Liquefied petroleum gas (LPG)", "v": 0.00058427828530647628}, {"l": "Coal", "v": 0.0072693324327740812}]}, {"source": 29, "prod": 0, "target": 21, "value": 0.92341246637483987, "supply": [{"l": "Motor Gasoline", "v": 0.16558271367286026}, {"l": "Gas-Diesel oil", "v": 0.59895553916724187}, {"l": "Natural gas (including LNG)", "v": 0.051720376304216144}, {"l": "Fuel oil", "v": 0.077687206227665104}, {"l": "Liquefied petroleum gas (LPG)", "v": 0.0021922034659129968}, {"l": "Coal", "v": 0.027274427536943514}]}, {"source": 29, "prod": 0, "target": 14, "value": 28.6411603794588, "supply": [{"l": "Motor Gasoline", "v": 5.1358209154231691}, {"l": "Gas-Diesel oil", "v": 18.5775937429142}, {"l": "Natural gas (including LNG)", "v": 1.6041927595264884}, {"l": "Fuel oil", "v": 2.4095968096833489}, {"l": "Liquefied petroleum gas (LPG)", "v": 0.067994805504534322}, {"l": "Coal", "v": 0.84596134640706344}]}, {"source": 29, "prod": 0, "target": 1, "value": 4.15621578110275, "supply": [{"l": "Gas-diesel oils used in fisheries", "v": 1.7749125940125225}, {"l": "Fuel oil used in fisheries", "v": 2.3813031870902277}]}, {"source": 31, "prod": 398.86326685496118, "target": 15, "value": 4.8705294315266761, "supply": [{"l": "Potash", "v": 3.7139610780869678}, {"l": "Phosphate", "v": 9.2452606800805732}, {"l": "Nitrogen", "v": 94.351126332080824}]}, {"source": 31, "prod": 9.7440505545797595, "target": 17, "value": 0.11898484757088941, "supply": [{"l": "Potash", "v": 3.7139610780869678}, {"l": "Phosphate", "v": 9.2452606800805732}, {"l": "Nitrogen", "v": 94.351126332080824}]}, {"source": 31, "prod": 739.33611611610002, "target": 3, "value": 9.0280519981889089, "supply": [{"l": "Potash", "v": 3.7139610780869678}, {"l": "Phosphate", "v": 9.2452606800805732}, {"l": "Nitrogen", "v": 94.351126332080824}]}, {"source": 31, "prod": 2202.8632506634522, "target": 4, "value": 26.899218823994389, "supply": [{"l": "Potash", "v": 3.7139610780869678}, {"l": "Phosphate", "v": 9.2452606800805732}, {"l": "Nitrogen", "v": 94.351126332080824}]}, {"source": 31, "prod": 1534.1899725014694, "target": 6, "value": 18.73403252583465, "supply": [{"l": "Potash", "v": 3.7139610780869678}, {"l": "Phosphate", "v": 9.2452606800805732}, {"l": "Nitrogen", "v": 94.351126332080824}]}, {"source": 31, "prod": 123.73643815403945, "target": 7, "value": 1.5109487733315778, "supply": [{"l": "Potash", "v": 3.7139610780869678}, {"l": "Phosphate", "v": 9.2452606800805732}, {"l": "Nitrogen", "v": 94.351126332080824}]}, {"source": 31, "prod": 9.8164585735628371, "target": 19, "value": 0.11986902372056694, "supply": [{"l": "Potash", "v": 3.7139610780869678}, {"l": "Phosphate", "v": 9.2452606800805732}, {"l": "Nitrogen", "v": 94.351126332080824}]}, {"source": 31, "prod": 3093.215895514134, "target": 11, "value": 37.771337471008685, "supply": [{"l": "Potash", "v": 3.7139610780869678}, {"l": "Phosphate", "v": 9.2452606800805732}, {"l": "Nitrogen", "v": 94.351126332080824}]}, {"source": 31, "prod": 5.5828060350625313, "target": 20, "value": 0.068171785581258748, "supply": [{"l": "Potash", "v": 3.7139610780869678}, {"l": "Phosphate", "v": 9.2452606800805732}, {"l": "Nitrogen", "v": 94.351126332080824}]}, {"source": 31, "prod": 20.946605491532921, "target": 21, "value": 0.25577952901385459, "supply": [{"l": "Potash", "v": 3.7139610780869678}, {"l": "Phosphate", "v": 9.2452606800805732}, {"l": "Nitrogen", "v": 94.351126332080824}]}, {"source": 31, "prod": 649.69351090037787, "target": 14, "value": 7.9334238804769202, "supply": [{"l": "Potash", "v": 3.7139610780869678}, {"l": "Phosphate", "v": 9.2452606800805732}, {"l": "Nitrogen", "v": 94.351126332080824}]}, {"source": 29, "prod": 0, "target": 31, "value": 129.88184800712787, "supply": [{"l": "Natural gas (including LNG)", "v": 87.564746041554017}, {"l": "Fuel oil", "v": 25.63854142183763}, {"l": "Liquefied petroleum gas (LPG)", "v": 8.3392802718681107}, {"l": "Coal", "v": 8.3392802718681107}]}, {"source": 32, "prod": 0, "target": 6, "value": 85.28072746073137, "supply": "[{\"l\":'Labor',\"v\":85.28072746073137}]"}, {"source": 32, "prod": 0, "target": 20, "value": 0.3103303818144581, "supply": "[{\"l\":'Labor',\"v\":0.3103303818144581}]"}, {"source": 32, "prod": 0, "target": 17, "value": 0.54164069287573757, "supply": "[{\"l\":'Labor',\"v\":0.54164069287573757}]"}, {"source": 32, "prod": 0, "target": 3, "value": 41.097336673090773, "supply": "[{\"l\":'Labor',\"v\":41.097336673090773}]"}, {"source": 32, "prod": 0, "target": 4, "value": 122.45014234240193, "supply": "[{\"l\":'Labor',\"v\":122.45014234240193}]"}, {"source": 32, "prod": 0, "target": 7, "value": 6.8781139547998018, "supply": "[{\"l\":'Labor',\"v\":6.8781139547998018}]"}, {"source": 32, "prod": 0, "target": 11, "value": 171.94200619916404, "supply": "[{\"l\":'Labor',\"v\":171.94200619916404}]"}, {"source": 32, "prod": 0, "target": 19, "value": 0.54566562371451699, "supply": "[{\"l\":'Labor',\"v\":0.54566562371451699}]"}, {"source": 32, "prod": 0, "target": 21, "value": 1.1643549926468881, "supply": "[{\"l\":'Labor',\"v\":1.1643549926468881}]"}, {"source": 32, "prod": 0, "target": 14, "value": 36.114390153236229, "supply": "[{\"l\":'Labor',\"v\":36.114390153236229}]"}, {"source": 32, "prod": 0, "target": 15, "value": 22.171536879030366, "supply": "[{\"l\":'Labor',\"v\":22.171536879030366}]"}]}