{"nodes": [{"layer": 13, "name": "Other Processed", "fill": "#9c9ede"}, {"layer": 10, "name": "Feed", "fill": "#dbdb8d"}, {"layer": 13, "name": "Animal Products", "fill": "#17becf"}, {"layer": 5, "name": "Cereals", "fill": "#e7ba52"}, {"layer": 5, "name": "Oilcrops", "fill": "#ff9896"}, {"layer": 5, "name": "Sugar Crops", "fill": "#ffbb78"}, {"layer": 13, "name": "Sugar", "fill": "#d6616b"}, {"layer": 5, "name": "Starchy Roots"}, {"layer": 5, "name": "Fruits & Vegetables"}, {"layer": 13, "name": "Aquatic Products", "fill": "#1f77b4"}, {"layer": 13, "name": "Vegetable Oils", "fill": "#f7b6d2"}, {"layer": 16, "name": "Food", "fill": "#b5cf6b"}, {"layer": 5, "name": "Others"}, {"layer": 10, "name": "Processing", "fill": "#9edae5"}, {"layer": 16, "name": "Biofuels & Other", "fill": "#e7ba52"}, {"name": "Waste", "fill": "#c7c7c7"}, {"layer": 0, "name": "Stock Draw", "fill": "#c7c7c7"}, {"layer": 16, "name": "Stock Deposit", "fill": "#c7c7c7"}, {"layer": 0, "name": "Production", "fill": "#b5cf6b"}], "links": [{"source": 0, "prod": 16.213037231835877, "target": 1, "value": 1798.0, "supply": [{"l": "Butter, Ghee", "v": 9.0}, {"l": "Fats, Animals, Raw", "v": 1220.0}, {"l": "Fish, Body Oil", "v": 565.0}, {"l": "Fish, Liver Oil", "v": 4.0}]}, {"source": 2, "prod": 72.038434868714688, "target": 1, "value": 112837.0, "supply": [{"l": "Eggs", "v": 8.0}, {"l": "Milk - Excluding Butter", "v": 112017.0}, {"l": "Meat, Other", "v": 16.0}, {"l": "Offals, Edible", "v": 796.0}]}, {"source": 3, "prod": 2020.3518138881529, "target": 1, "value": 607107.0, "supply": [{"l": "Maize", "v": 290723.0}, {"l": "Rye", "v": 16393.0}, {"l": "Barley", "v": 116733.0}, {"l": "Cereals, Other", "v": 6067.0}, {"l": "Rice", "v": 15378.0}, {"l": "Wheat", "v": 89460.0}, {"l": "Oats", "v": 35352.0}, {"l": "Sorghum", "v": 33956.0}, {"l": "Millet", "v": 3045.0}]}, {"source": 4, "prod": 37.592502579179069, "target": 1, "value": 8196.0, "supply": [{"l": "Sunflower seed", "v": 288.0}, {"l": "Coconuts - Incl Copra", "v": 29.0}, {"l": "Cottonseed", "v": 5434.0}, {"l": "Groundnuts", "v": 3.0}, {"l": "Oilcrops, Other", "v": 252.0}, {"l": "Soyabeans", "v": 1572.0}, {"l": "Rape and Mustardseed", "v": 618.0}]}, {"source": 5, "prod": 6.96459854751423, "target": 1, "value": 18430.0, "supply": [{"l": "Sugar beet", "v": 5151.0}, {"l": "Sugar cane", "v": 13279.0}]}, {"source": 6, "prod": 2.7537355682797044, "target": 1, "value": 682.0, "supply": [{"l": "Sugar", "v": 168.0}, {"l": "Sugar non-centrifugal", "v": 501.0}, {"l": "Sweeteners, Other", "v": 13.0}]}, {"source": 7, "prod": 136.95089706730741, "target": 1, "value": 141154.0, "supply": [{"l": "Roots, Other", "v": 273.0}, {"l": "Yams", "v": 1270.0}, {"l": "Potatoes", "v": 62739.0}, {"l": "Sweet potatoes", "v": 39810.0}, {"l": "Cassava", "v": 37062.0}]}, {"source": 8, "prod": 50.949342425311698, "target": 1, "value": 23709.0, "supply": [{"l": "Plantains", "v": 2104.0}, {"l": "Fruits, Other", "v": 125.0}, {"l": "Tomatoes", "v": 660.0}, {"l": "Vegetables, Other", "v": 7906.0}, {"l": "Peas", "v": 6211.0}, {"l": "Dates", "v": 144.0}, {"l": "Beans", "v": 506.0}, {"l": "Apples", "v": 387.0}, {"l": "Bananas", "v": 793.0}, {"l": "Oranges, Mandarines", "v": 3.0}, {"l": "Pulses, Other", "v": 4870.0}]}, {"source": 9, "prod": 41.686792759029743, "target": 1, "value": 43459.0, "supply": [{"l": "Crustaceans", "v": 78.0}, {"l": "Aquatic Products, Other", "v": 354.0}, {"l": "Marine Fish, Other", "v": 875.0}, {"l": "Demersal Fish", "v": 1416.0}, {"l": "Freshwater Fish", "v": 57.0}, {"l": "Fish, Seafood", "v": 21376.0}, {"l": "Cephalopods", "v": 30.0}, {"l": "Pelagic Fish", "v": 18909.0}, {"l": "Molluscs, Other", "v": 10.0}, {"l": "Aquatic Plants", "v": 354.0}]}, {"source": 10, "prod": 0.88748253409580258, "target": 1, "value": 88.0, "supply": [{"l": "Soyabean Oil", "v": 32.0}, {"l": "Rape and Mustard Oil", "v": 56.0}]}, {"source": 0, "prod": 274.64910197702113, "target": 11, "value": 176219.0, "supply": [{"l": "Beverages, Alcoholic", "v": 16833.0}, {"l": "Butter, Ghee", "v": 7239.0}, {"l": "Fats, Animals, Raw", "v": 7578.0}, {"l": "Wine", "v": 29096.0}, {"l": "Fish, Body Oil", "v": 185.0}, {"l": "Cream", "v": 3123.0}, {"l": "Beer", "v": 95635.0}, {"l": "Beverages, Fermented", "v": 16519.0}, {"l": "Fish, Liver Oil", "v": 11.0}]}, {"source": 2, "prod": 583.11837444923822, "target": 11, "value": 532485.0, "supply": [{"l": "Eggs", "v": 26232.0}, {"l": "Pigmeat", "v": 54710.0}, {"l": "Offals, Edible", "v": 8368.0}, {"l": "Milk - Excluding Butter", "v": 355850.0}, {"l": "Meat, Other", "v": 3448.0}, {"l": "Mutton & Goat Meat", "v": 7432.0}, {"l": "Bovine Meat", "v": 47985.0}, {"l": "Poultry Meat", "v": 28460.0}]}, {"source": 3, "prod": 2585.8596616765585, "target": 11, "value": 695280.0, "supply": [{"l": "Maize", "v": 63004.0}, {"l": "Barley", "v": 8979.0}, {"l": "Cereals, Other", "v": 3785.0}, {"l": "Sorghum", "v": 24464.0}, {"l": "Rye", "v": 10130.0}, {"l": "Rice", "v": 245866.0}, {"l": "Wheat", "v": 312079.0}, {"l": "Oats", "v": 2732.0}, {"l": "Millet", "v": 24241.0}]}, {"source": 4, "prod": 80.071710885342483, "target": 11, "value": 23030.0, "supply": [{"l": "Sunflower seed", "v": 430.0}, {"l": "Coconuts - Incl Copra", "v": 9805.0}, {"l": "Sesame seed", "v": 520.0}, {"l": "Olives", "v": 840.0}, {"l": "Groundnuts", "v": 4394.0}, {"l": "Oilcrops, Other", "v": 367.0}, {"l": "Soyabeans", "v": 6370.0}, {"l": "Rape and Mustardseed", "v": 296.0}, {"l": "Palm kernels", "v": 8.0}]}, {"source": 5, "prod": 5.9023366637886472, "target": 11, "value": 15619.0, "supply": [{"l": "Sugar cane", "v": 15583.0}, {"l": "Sugar beet", "v": 36.0}]}, {"source": 6, "prod": 449.56898539451612, "target": 11, "value": 111802.0, "supply": [{"l": "Sugar", "v": 89841.0}, {"l": "Sweeteners, Other", "v": 8331.0}, {"l": "Honey", "v": 1017.0}, {"l": "Sugar non-centrifugal", "v": 12613.0}]}, {"source": 7, "prod": 276.88993288040734, "target": 11, "value": 283202.0, "supply": [{"l": "Roots, Other", "v": 6405.0}, {"l": "Yams", "v": 6216.0}, {"l": "Potatoes", "v": 125968.0}, {"l": "Sweet potatoes", "v": 88423.0}, {"l": "Cassava", "v": 56190.0}]}, {"source": 8, "prod": 354.45456799664981, "target": 11, "value": 571202.0, "supply": [{"l": "Plantains", "v": 13390.0}, {"l": "Tomatoes", "v": 51408.0}, {"l": "Treenuts", "v": 4241.0}, {"l": "Vegetables, Other", "v": 243260.0}, {"l": "Peas", "v": 3099.0}, {"l": "Grapes", "v": 14737.0}, {"l": "Pulses, Other", "v": 14124.0}, {"l": "Pineapples", "v": 7642.0}, {"l": "Citrus, Other", "v": 2869.0}, {"l": "Grapefruit", "v": 3057.0}, {"l": "Fruits, Other", "v": 64427.0}, {"l": "Dates", "v": 2167.0}, {"l": "Beans", "v": 13326.0}, {"l": "Apples", "v": 34773.0}, {"l": "Lemons, Limes", "v": 5090.0}, {"l": "Bananas", "v": 28672.0}, {"l": "Oranges, Mandarines", "v": 42545.0}, {"l": "Onions", "v": 22375.0}]}, {"source": 12, "prod": 31.853034605914445, "target": 11, "value": 16416.0, "supply": [{"l": "Nuts", "v": 4239.0}, {"l": "Infant food", "v": 175.0}, {"l": "Pepper", "v": 164.0}, {"l": "Pimento", "v": 1540.0}, {"l": "Tea", "v": 2226.0}, {"l": "Coffee", "v": 5147.0}, {"l": "Cloves", "v": 12.0}, {"l": "Cocoa Beans", "v": 1672.0}, {"l": "Spices, Other", "v": 1241.0}]}, {"source": 9, "prod": 99.20030313134923, "target": 11, "value": 114110.0, "supply": [{"l": "Crustaceans", "v": 3477.0}, {"l": "Aquatic Products, Other", "v": 2156.0}, {"l": "Marine Fish, Other", "v": 6187.0}, {"l": "Pelagic Fish", "v": 14454.0}, {"l": "Fish, Seafood", "v": 54896.0}, {"l": "Aquatic Animals, Others", "v": 322.0}, {"l": "Demersal Fish", "v": 14779.0}, {"l": "Aquatic Plants", "v": 1836.0}, {"l": "Freshwater Fish", "v": 9511.0}, {"l": "Cephalopods", "v": 1621.0}, {"l": "Molluscs, Other", "v": 4871.0}]}, {"source": 10, "prod": 379.19297991142633, "target": 11, "value": 37352.0, "supply": [{"l": "Ricebran Oil", "v": 296.0}, {"l": "Sunflowerseed Oil", "v": 5300.0}, {"l": "Rape and Mustard Oil", "v": 4271.0}, {"l": "Palmkernel Oil", "v": 336.0}, {"l": "Oilcrops Oil, Other", "v": 1008.0}, {"l": "Maize Germ Oil", "v": 928.0}, {"l": "Groundnut Oil", "v": 2970.0}, {"l": "Soyabean Oil", "v": 12195.0}, {"l": "Palm Oil", "v": 4025.0}, {"l": "Coconut Oil", "v": 1715.0}, {"l": "Olive Oil", "v": 1494.0}, {"l": "Sesameseed Oil", "v": 535.0}, {"l": "Cottonseed Oil", "v": 2279.0}]}, {"source": 0, "prod": 5.2045099271278552, "target": 13, "value": 4747.0, "supply": [{"l": "Fats, Animals, Raw", "v": 182.0}, {"l": "Wine", "v": 4565.0}]}, {"source": 2, "prod": 0.26245932945256367, "target": 13, "value": 185.0, "supply": [{"l": "Meat, Other", "v": 3.0}, {"l": "Pigmeat", "v": 4.0}, {"l": "Poultry Meat", "v": 34.0}, {"l": "Milk - Excluding Butter", "v": 56.0}, {"l": "Bovine Meat", "v": 88.0}]}, {"source": 3, "prod": 157.93473547236954, "target": 13, "value": 47191.0, "supply": [{"l": "Maize", "v": 20267.0}, {"l": "Rye", "v": 1189.0}, {"l": "Barley", "v": 17406.0}, {"l": "Cereals, Other", "v": 69.0}, {"l": "Rice", "v": 2548.0}, {"l": "Wheat", "v": 3736.0}, {"l": "Oats", "v": 527.0}, {"l": "Sorghum", "v": 1164.0}, {"l": "Millet", "v": 285.0}]}, {"source": 4, "prod": 835.39106489879896, "target": 13, "value": 205716.0, "supply": [{"l": "Olives", "v": 8183.0}, {"l": "Sunflower seed", "v": 15107.0}, {"l": "Coconuts - Incl Copra", "v": 20420.0}, {"l": "Sesame seed", "v": 1301.0}, {"l": "Cottonseed", "v": 19355.0}, {"l": "Groundnuts", "v": 7404.0}, {"l": "Oilcrops, Other", "v": 7197.0}, {"l": "Soyabeans", "v": 77419.0}, {"l": "Rape and Mustardseed", "v": 13606.0}, {"l": "Palm kernels", "v": 1844.0}, {"l": "Oil Palm", "v": 33880.0}]}, {"source": 5, "prod": 373.29416846428597, "target": 13, "value": 987826.0, "supply": [{"l": "Sugar beet", "v": 264532.0}, {"l": "Sugar cane", "v": 723294.0}]}, {"source": 6, "prod": 4.3237179197751816, "target": 13, "value": 1114.0, "supply": [{"l": "Sugar", "v": 349.0}, {"l": "Sugar non-centrifugal", "v": 90.0}, {"l": "Sweeteners, Other", "v": 653.0}, {"l": "Honey", "v": 22.0}]}, {"source": 7, "prod": 10.839352296368988, "target": 13, "value": 13548.0, "supply": [{"l": "Potatoes", "v": 12680.0}, {"l": "Sweet potatoes", "v": 217.0}, {"l": "Cassava", "v": 651.0}]}, {"source": 8, "prod": 45.048610471872287, "target": 13, "value": 57358.0, "supply": [{"l": "Plantains", "v": 2715.0}, {"l": "Citrus, Other", "v": 23.0}, {"l": "Tomatoes", "v": 1.0}, {"l": "Treenuts", "v": 1.0}, {"l": "Vegetables, Other", "v": 104.0}, {"l": "Peas", "v": 14.0}, {"l": "Grapes", "v": 49697.0}, {"l": "Apples", "v": 2713.0}, {"l": "Lemons, Limes", "v": 10.0}, {"l": "Bananas", "v": 28.0}, {"l": "Fruits, Other", "v": 2042.0}, {"l": "Oranges, Mandarines", "v": 10.0}]}, {"source": 12, "prod": 0.02209664468399819, "target": 13, "value": 9.0, "supply": [{"l": "Nuts", "v": 1.0}, {"l": "Cocoa Beans", "v": 8.0}]}, {"source": 10, "prod": 0.87009534238022512, "target": 13, "value": 90.0, "supply": [{"l": "Palm Oil", "v": 3.0}, {"l": "Oilcrops Oil, Other", "v": 87.0}]}, {"source": 0, "prod": 80.983043404203613, "target": 14, "value": 20462.0, "supply": [{"l": "Beverages, Alcoholic", "v": 1162.0}, {"l": "Butter, Ghee", "v": 56.0}, {"l": "Fats, Animals, Raw", "v": 7791.0}, {"l": "Wine", "v": 415.0}, {"l": "Fish, Body Oil", "v": 398.0}, {"l": "Alcohol, Non-Food", "v": 10448.0}, {"l": "Beer", "v": 171.0}, {"l": "Beverages, Fermented", "v": 16.0}, {"l": "Fish, Liver Oil", "v": 5.0}]}, {"source": 2, "prod": 9.696441531656264, "target": 14, "value": 12636.0, "supply": [{"l": "Eggs", "v": 90.0}, {"l": "Pigmeat", "v": 210.0}, {"l": "Offals, Edible", "v": 1083.0}, {"l": "Milk - Excluding Butter", "v": 10803.0}, {"l": "Meat, Other", "v": 1.0}, {"l": "Mutton & Goat Meat", "v": 149.0}, {"l": "Bovine Meat", "v": 59.0}, {"l": "Poultry Meat", "v": 241.0}]}, {"source": 3, "prod": 81.651924101444166, "target": 14, "value": 23259.0, "supply": [{"l": "Maize", "v": 17136.0}, {"l": "Barley", "v": 332.0}, {"l": "Cereals, Other", "v": 1.0}, {"l": "Sorghum", "v": 21.0}, {"l": "Rye", "v": 61.0}, {"l": "Rice", "v": 1354.0}, {"l": "Wheat", "v": 4345.0}, {"l": "Oats", "v": 9.0}]}, {"source": 4, "prod": 12.540423206438502, "target": 14, "value": 3258.0, "supply": [{"l": "Sunflower seed", "v": 321.0}, {"l": "Coconuts - Incl Copra", "v": 962.0}, {"l": "Sesame seed", "v": 6.0}, {"l": "Cottonseed", "v": 1342.0}, {"l": "Groundnuts", "v": 25.0}, {"l": "Oilcrops, Other", "v": 196.0}, {"l": "Soyabeans", "v": 3.0}, {"l": "Rape and Mustardseed", "v": 364.0}, {"l": "Palm kernels", "v": 39.0}]}, {"source": 5, "prod": 47.09436596781692, "target": 14, "value": 124623.0, "supply": [{"l": "Sugar cane", "v": 121896.0}, {"l": "Sugar beet", "v": 2727.0}]}, {"source": 6, "prod": 12.444771693665341, "target": 14, "value": 3214.0, "supply": [{"l": "Sugar", "v": 1177.0}, {"l": "Sweeteners, Other", "v": 2037.0}]}, {"source": 7, "prod": 9.7887576145124982, "target": 14, "value": 10391.0, "supply": [{"l": "Roots, Other", "v": 114.0}, {"l": "Yams", "v": 1750.0}, {"l": "Potatoes", "v": 5957.0}, {"l": "Sweet potatoes", "v": 57.0}, {"l": "Cassava", "v": 2513.0}]}, {"source": 8, "prod": 1.6243284557831348, "target": 14, "value": 2799.0, "supply": [{"l": "Tomatoes", "v": 94.0}, {"l": "Treenuts", "v": 18.0}, {"l": "Vegetables, Other", "v": 1938.0}, {"l": "Peas", "v": 3.0}, {"l": "Grapes", "v": 227.0}, {"l": "Pulses, Other", "v": 52.0}, {"l": "Pineapples", "v": 1.0}, {"l": "Citrus, Other", "v": 16.0}, {"l": "Grapefruit", "v": 1.0}, {"l": "Fruits, Other", "v": 221.0}, {"l": "Dates", "v": 31.0}, {"l": "Beans", "v": 90.0}, {"l": "Apples", "v": 18.0}, {"l": "Lemons, Limes", "v": 24.0}, {"l": "Bananas", "v": 14.0}, {"l": "Oranges, Mandarines", "v": 49.0}, {"l": "Onions", "v": 2.0}]}, {"source": 12, "prod": 0.22148437201474375, "target": 14, "value": 79.0, "supply": [{"l": "Nuts", "v": 17.0}, {"l": "Pepper", "v": 1.0}, {"l": "Tea", "v": 2.0}, {"l": "Coffee", "v": 11.0}, {"l": "Cloves", "v": 37.0}, {"l": "Cocoa Beans", "v": 6.0}, {"l": "Spices, Other", "v": 5.0}]}, {"source": 9, "prod": 5.008859470083177, "target": 14, "value": 4647.0, "supply": [{"l": "Crustaceans", "v": 2.0}, {"l": "Marine Fish, Other", "v": 198.0}, {"l": "Fish, Seafood", "v": 609.0}, {"l": "Aquatic Animals, Others", "v": 107.0}, {"l": "Demersal Fish", "v": 62.0}, {"l": "Aquatic Products, Other", "v": 1714.0}, {"l": "Aquatic Plants", "v": 1609.0}, {"l": "Freshwater Fish", "v": 104.0}, {"l": "Cephalopods", "v": 5.0}, {"l": "Pelagic Fish", "v": 188.0}, {"l": "Molluscs, Other", "v": 49.0}]}, {"source": 10, "prod": 92.439791352588955, "target": 14, "value": 9091.0, "supply": [{"l": "Ricebran Oil", "v": 117.0}, {"l": "Sunflowerseed Oil", "v": 242.0}, {"l": "Rape and Mustard Oil", "v": 614.0}, {"l": "Sesameseed Oil", "v": 33.0}, {"l": "Palmkernel Oil", "v": 578.0}, {"l": "Oilcrops Oil, Other", "v": 2159.0}, {"l": "Maize Germ Oil", "v": 53.0}, {"l": "Groundnut Oil", "v": 12.0}, {"l": "Soyabean Oil", "v": 1070.0}, {"l": "Palm Oil", "v": 2252.0}, {"l": "Coconut Oil", "v": 1030.0}, {"l": "Olive Oil", "v": 142.0}, {"l": "Cottonseed Oil", "v": 789.0}]}, {"source": 2, "prod": 2.8181819587502486, "target": 2, "value": 1711.0, "supply": [{"l": "Eggs", "v": 1711.0}]}, {"source": 3, "prod": 253.28433879986645, "target": 3, "value": 74093.0, "supply": [{"l": "Maize", "v": 6558.0}, {"l": "Oats", "v": 4353.0}, {"l": "Rye", "v": 2987.0}, {"l": "Barley", "v": 11422.0}, {"l": "Rice", "v": 12568.0}, {"l": "Sorghum", "v": 952.0}, {"l": "Cereals, Other", "v": 700.0}, {"l": "Wheat", "v": 33669.0}, {"l": "Millet", "v": 884.0}]}, {"source": 4, "prod": 32.568918354389083, "target": 4, "value": 7120.0, "supply": [{"l": "Soyabeans", "v": 3522.0}, {"l": "Sunflower seed", "v": 482.0}, {"l": "Coconuts - Incl Copra", "v": 97.0}, {"l": "Sesame seed", "v": 54.0}, {"l": "Cottonseed", "v": 1441.0}, {"l": "Rape and Mustardseed", "v": 271.0}, {"l": "Groundnuts", "v": 964.0}, {"l": "Oilcrops, Other", "v": 289.0}]}, {"source": 5, "prod": 6.0618082094777943, "target": 5, "value": 16041.0, "supply": [{"l": "Sugar cane", "v": 16041.0}]}, {"source": 7, "prod": 30.753719377290565, "target": 7, "value": 38507.0, "supply": [{"l": "Potatoes", "v": 36853.0}, {"l": "Yams", "v": 940.0}, {"l": "Roots, Other", "v": 162.0}, {"l": "Sweet potatoes", "v": 552.0}]}, {"source": 8, "prod": 14.72236591065934, "target": 8, "value": 3783.0, "supply": [{"l": "Vegetables, Other", "v": 45.0}, {"l": "Beans", "v": 1095.0}, {"l": "Peas", "v": 978.0}, {"l": "Onions", "v": 24.0}, {"l": "Pulses, Other", "v": 1641.0}]}, {"source": 9, "prod": 0.14184752364083852, "target": 9, "value": 182.0, "supply": [{"l": "Freshwater Fish", "v": 20.0}, {"l": "Fish, Seafood", "v": 91.0}, {"l": "Molluscs, Other", "v": 44.0}, {"l": "Cephalopods", "v": 11.0}, {"l": "Pelagic Fish", "v": 10.0}, {"l": "Marine Fish, Other", "v": 1.0}, {"l": "Demersal Fish", "v": 5.0}]}, {"source": 0, "prod": 1.5352148020230918, "target": 15, "value": 1224.0, "supply": [{"l": "Beer", "v": 61.0}, {"l": "Fats, Animals, Raw", "v": 63.0}, {"l": "Butter, Ghee", "v": 22.0}, {"l": "Wine", "v": 294.0}, {"l": "Beverages, Fermented", "v": 738.0}, {"l": "Cream", "v": 46.0}]}, {"source": 2, "prod": 11.02246569180905, "target": 15, "value": 13903.0, "supply": [{"l": "Mutton & Goat Meat", "v": 29.0}, {"l": "Pigmeat", "v": 243.0}, {"l": "Meat, Other", "v": 15.0}, {"l": "Milk - Excluding Butter", "v": 12007.0}, {"l": "Poultry Meat", "v": 100.0}, {"l": "Offals, Edible", "v": 94.0}, {"l": "Bovine Meat", "v": 307.0}, {"l": "Eggs", "v": 1108.0}]}, {"source": 3, "prod": 258.36721168177979, "target": 15, "value": 72498.0, "supply": [{"l": "Maize", "v": 20056.0}, {"l": "Rye", "v": 2069.0}, {"l": "Barley", "v": 5206.0}, {"l": "Cereals, Other", "v": 446.0}, {"l": "Rice", "v": 16215.0}, {"l": "Wheat", "v": 21283.0}, {"l": "Oats", "v": 2187.0}, {"l": "Sorghum", "v": 3017.0}, {"l": "Millet", "v": 2019.0}]}, {"source": 4, "prod": 21.814581784557383, "target": 15, "value": 5636.0, "supply": [{"l": "Olives", "v": 48.0}, {"l": "Sunflower seed", "v": 251.0}, {"l": "Coconuts - Incl Copra", "v": 1350.0}, {"l": "Sesame seed", "v": 58.0}, {"l": "Cottonseed", "v": 591.0}, {"l": "Groundnuts", "v": 524.0}, {"l": "Oilcrops, Other", "v": 223.0}, {"l": "Soyabeans", "v": 2177.0}, {"l": "Rape and Mustardseed", "v": 396.0}, {"l": "Palm kernels", "v": 18.0}]}, {"source": 5, "prod": 3.4720961179902732, "target": 15, "value": 9188.0, "supply": [{"l": "Sugar beet", "v": 1008.0}, {"l": "Sugar cane", "v": 8180.0}]}, {"source": 6, "prod": 0.81666034764485718, "target": 15, "value": 202.0, "supply": [{"l": "Sugar", "v": 181.0}, {"l": "Sugar non-centrifugal", "v": 21.0}]}, {"source": 7, "prod": 39.953715524234347, "target": 15, "value": 42336.0, "supply": [{"l": "Yams", "v": 1277.0}, {"l": "Roots, Other", "v": 751.0}, {"l": "Potatoes", "v": 22334.0}, {"l": "Sweet potatoes", "v": 7495.0}, {"l": "Cassava", "v": 10479.0}]}, {"source": 8, "prod": 34.823493093366068, "target": 15, "value": 62825.0, "supply": [{"l": "Vegetables, Other", "v": 26124.0}, {"l": "Plantains", "v": 2811.0}, {"l": "Grapefruit", "v": 286.0}, {"l": "Tomatoes", "v": 5610.0}, {"l": "Treenuts", "v": 194.0}, {"l": "Apples", "v": 3124.0}, {"l": "Peas", "v": 448.0}, {"l": "Grapes", "v": 1908.0}, {"l": "Dates", "v": 166.0}, {"l": "Beans", "v": 697.0}, {"l": "Pulses, Other", "v": 872.0}, {"l": "Lemons, Limes", "v": 684.0}, {"l": "Pineapples", "v": 778.0}, {"l": "Bananas", "v": 4862.0}, {"l": "Citrus, Other", "v": 414.0}, {"l": "Fruits, Other", "v": 7114.0}, {"l": "Oranges, Mandarines", "v": 4714.0}, {"l": "Onions", "v": 2019.0}]}, {"source": 12, "prod": 1.2388061287681233, "target": 15, "value": 486.0, "supply": [{"l": "Nuts", "v": 195.0}, {"l": "Cocoa Beans", "v": 52.0}, {"l": "Coffee", "v": 90.0}, {"l": "Cloves", "v": 2.0}, {"l": "Pimento", "v": 94.0}, {"l": "Pepper", "v": 5.0}, {"l": "Spices, Other", "v": 15.0}, {"l": "Tea", "v": 33.0}]}, {"source": 10, "prod": 0.7205092397884677, "target": 15, "value": 70.0, "supply": [{"l": "Maize Germ Oil", "v": 1.0}, {"l": "Soyabean Oil", "v": 13.0}, {"l": "Palm Oil", "v": 44.0}, {"l": "Sunflowerseed Oil", "v": 2.0}, {"l": "Coconut Oil", "v": 2.0}, {"l": "Rape and Mustard Oil", "v": 2.0}, {"l": "Oilcrops Oil, Other", "v": 1.0}, {"l": "Cottonseed Oil", "v": 1.0}, {"l": "Palmkernel Oil", "v": 4.0}]}, {"source": 16, "prod": 0.9072966654329031, "target": 8, "value": 2327.0, "supply": [{"l": "Tomatoes", "v": 53.0}, {"l": "Vegetables, Other", "v": 518.0}, {"l": "Peas", "v": 15.0}, {"l": "Grapes", "v": 19.0}, {"l": "Pulses, Other", "v": 17.0}, {"l": "Fruits, Other", "v": 16.0}, {"l": "Apples", "v": 204.0}, {"l": "Lemons, Limes", "v": 261.0}, {"l": "Oranges, Mandarines", "v": 1224.0}]}, {"source": 5, "prod": 0.65375775839390216, "target": 17, "value": 1730.0, "supply": [{"l": "Sugar cane", "v": 1500.0}, {"l": "Sugar beet", "v": 230.0}]}, {"source": 16, "prod": 0.084042754048060608, "target": 4, "value": 14.0, "supply": [{"l": "Sesame seed", "v": 6.0}, {"l": "Palm kernels", "v": 8.0}]}, {"source": 2, "prod": 0.27653512994480539, "target": 17, "value": 156.0, "supply": [{"l": "Eggs", "v": 14.0}, {"l": "Pigmeat", "v": 17.0}, {"l": "Meat, Other", "v": 3.0}, {"l": "Mutton & Goat Meat", "v": 12.0}, {"l": "Poultry Meat", "v": 110.0}]}, {"source": 0, "prod": 0.51252799222717049, "target": 17, "value": 104.0, "supply": [{"l": "Beverages, Alcoholic", "v": 65.0}, {"l": "Fish, Body Oil", "v": 27.0}, {"l": "Beer", "v": 12.0}]}, {"source": 12, "prod": 0.34501055166611816, "target": 17, "value": 138.0, "supply": [{"l": "Nuts", "v": 32.0}, {"l": "Pepper", "v": 14.0}, {"l": "Pimento", "v": 6.0}, {"l": "Tea", "v": 2.0}, {"l": "Cocoa Beans", "v": 81.0}, {"l": "Spices, Other", "v": 3.0}]}, {"source": 9, "prod": 0.62240944390586594, "target": 17, "value": 653.0, "supply": [{"l": "Marine Fish, Other", "v": 20.0}, {"l": "Fish, Seafood", "v": 322.0}, {"l": "Demersal Fish", "v": 11.0}, {"l": "Freshwater Fish", "v": 9.0}, {"l": "Pelagic Fish", "v": 291.0}]}, {"source": 3, "prod": 272.38127657689415, "target": 17, "value": 78698.0, "supply": [{"l": "Maize", "v": 72613.0}, {"l": "Barley", "v": 2433.0}, {"l": "Sorghum", "v": 2458.0}, {"l": "Oats", "v": 1194.0}]}, {"source": 8, "prod": 4.3398072334241915, "target": 17, "value": 1203.0, "supply": [{"l": "Treenuts", "v": 32.0}, {"l": "Pineapples", "v": 61.0}, {"l": "Grapefruit", "v": 12.0}, {"l": "Dates", "v": 9.0}, {"l": "Beans", "v": 1044.0}, {"l": "Bananas", "v": 1.0}, {"l": "Onions", "v": 44.0}]}, {"source": 16, "prod": 3.3131152003232049, "target": 1, "value": 4926.0, "supply": [{"l": "Aquatic Animals, Others", "v": 11.0}, {"l": "Offals, Edible", "v": 1.0}, {"l": "Aquatic Products, Other", "v": 11.0}, {"l": "Milk - Excluding Butter", "v": 4748.0}, {"l": "Cephalopods", "v": 2.0}, {"l": "Bovine Meat", "v": 150.0}, {"l": "Molluscs, Other", "v": 3.0}]}, {"source": 10, "prod": 7.542567107792669, "target": 17, "value": 732.0, "supply": [{"l": "Palmkernel Oil", "v": 21.0}, {"l": "Palm Oil", "v": 694.0}, {"l": "Cottonseed Oil", "v": 17.0}]}, {"source": 4, "prod": 65.4478293381989, "target": 17, "value": 16381.0, "supply": [{"l": "Sunflower seed", "v": 886.0}, {"l": "Coconuts - Incl Copra", "v": 1279.0}, {"l": "Cottonseed", "v": 1212.0}, {"l": "Olives", "v": 58.0}, {"l": "Groundnuts", "v": 230.0}, {"l": "Oilcrops, Other", "v": 190.0}, {"l": "Soyabeans", "v": 11371.0}, {"l": "Rape and Mustardseed", "v": 1155.0}]}, {"source": 16, "prod": 0.091393452641704342, "target": 12, "value": 188.0, "supply": [{"l": "Infant food", "v": 1.0}, {"l": "Coffee", "v": 181.0}, {"l": "Cloves", "v": 6.0}]}, {"source": 16, "prod": 5.1056894187699235, "target": 7, "value": 4714.0, "supply": [{"l": "Cassava", "v": 4714.0}]}, {"source": 16, "prod": 30.095238532959982, "target": 13, "value": 5675.0, "supply": [{"l": "Sugar", "v": 3424.0}, {"l": "Butter, Ghee", "v": 282.0}, {"l": "Fats, Animals, Raw", "v": 128.0}, {"l": "Sunflowerseed Oil", "v": 302.0}, {"l": "Rape and Mustard Oil", "v": 102.0}, {"l": "Wine", "v": 449.0}, {"l": "Sweeteners, Other", "v": 23.0}, {"l": "Honey", "v": 11.0}, {"l": "Alcohol, Non-Food", "v": 62.0}, {"l": "Oilcrops Oil, Other", "v": 67.0}, {"l": "Groundnut Oil", "v": 172.0}, {"l": "Sugar non-centrifugal", "v": 140.0}, {"l": "Soyabean Oil", "v": 421.0}, {"l": "Coconut Oil", "v": 2.0}, {"l": "Olive Oil", "v": 86.0}, {"l": "Beverages, Fermented", "v": 4.0}]}, {"source": 7, "prod": 1.6099328302652545, "target": 17, "value": 2036.0, "supply": [{"l": "Roots, Other", "v": 50.0}, {"l": "Potatoes", "v": 1985.0}, {"l": "Sweet potatoes", "v": 1.0}]}, {"source": 16, "prod": 64.937589417961235, "target": 3, "value": 18693.0, "supply": [{"l": "Cereals, Other", "v": 131.0}, {"l": "Rye", "v": 1816.0}, {"l": "Rice", "v": 2396.0}, {"l": "Wheat", "v": 13739.0}, {"l": "Millet", "v": 611.0}]}, {"source": 18, "prod": 5189.9520453334026, "target": 3, "value": 1471156.0, "supply": [{"l": "Maize", "v": 345896.0}, {"l": "Barley", "v": 158217.0}, {"l": "Cereals, Other", "v": 10702.0}, {"l": "Sorghum", "v": 61781.0}, {"l": "Rye", "v": 34862.0}, {"l": "Rice", "v": 296788.0}, {"l": "Wheat", "v": 487712.0}, {"l": "Oats", "v": 44179.0}, {"l": "Millet", "v": 31019.0}]}, {"source": 18, "prod": 807.12812536515344, "target": 4, "value": 201903.0, "supply": [{"l": "Sunflower seed", "v": 15722.0}, {"l": "Coconuts - Incl Copra", "v": 31354.0}, {"l": "Sesame seed", "v": 1937.0}, {"l": "Cottonseed", "v": 26952.0}, {"l": "Olives", "v": 8988.0}, {"l": "Groundnuts", "v": 13090.0}, {"l": "Oilcrops, Other", "v": 8048.0}, {"l": "Soyabeans", "v": 79460.0}, {"l": "Rape and Mustardseed", "v": 14450.0}, {"l": "Palm kernels", "v": 1902.0}]}, {"source": 18, "prod": 442.50141824145413, "target": 5, "value": 1170965.0, "supply": [{"l": "Sugar cane", "v": 897727.0}, {"l": "Sugar beet", "v": 273238.0}]}, {"source": 18, "prod": 508.17648552735164, "target": 7, "value": 531187.0, "supply": [{"l": "Roots, Other", "v": 7666.0}, {"l": "Yams", "v": 11467.0}, {"l": "Potatoes", "v": 263944.0}, {"l": "Sweet potatoes", "v": 136534.0}, {"l": "Cassava", "v": 111576.0}]}, {"source": 18, "prod": 498.52331327922457, "target": 8, "value": 724028.0, "supply": [{"l": "Plantains", "v": 20956.0}, {"l": "Tomatoes", "v": 58387.0}, {"l": "Treenuts", "v": 4335.0}, {"l": "Vegetables, Other", "v": 279003.0}, {"l": "Peas", "v": 10923.0}, {"l": "Grapes", "v": 66852.0}, {"l": "Pulses, Other", "v": 21725.0}, {"l": "Pineapples", "v": 8484.0}, {"l": "Citrus, Other", "v": 3064.0}, {"l": "Grapefruit", "v": 3981.0}, {"l": "Fruits, Other", "v": 73625.0}, {"l": "Dates", "v": 2512.0}, {"l": "Beans", "v": 14405.0}, {"l": "Apples", "v": 39656.0}, {"l": "Lemons, Limes", "v": 6087.0}, {"l": "Bananas", "v": 34295.0}, {"l": "Oranges, Mandarines", "v": 51251.0}, {"l": "Onions", "v": 24487.0}]}, {"source": 18, "prod": 32.209234254358826, "target": 12, "value": 16652.0, "supply": [{"l": "Nuts", "v": 4331.0}, {"l": "Infant food", "v": 1.0}, {"l": "Pepper", "v": 152.0}, {"l": "Pimento", "v": 1621.0}, {"l": "Tea", "v": 2343.0}, {"l": "Coffee", "v": 5384.0}, {"l": "Cloves", "v": 55.0}, {"l": "Cocoa Beans", "v": 1566.0}, {"l": "Spices, Other", "v": 1199.0}]}, {"source": 1, "prod": 146.51836480436802, "target": 9, "value": 162869.0, "supply": [{"l": "Pelagic Fish", "v": 33852.0}, {"l": "Crustaceans", "v": 3557.0}, {"l": "Freshwater Fish", "v": 9701.0}, {"l": "Molluscs, Other", "v": 4974.0}, {"l": "Aquatic Plants", "v": 3799.0}, {"l": "Aquatic Animals, Others", "v": 429.0}, {"l": "Demersal Fish", "v": 16273.0}, {"l": "Aquatic Products, Other", "v": 4224.0}, {"l": "Fish, Seafood", "v": 77294.0}, {"l": "Marine Fish, Other", "v": 7281.0}, {"l": "Cephalopods", "v": 1667.0}]}, {"source": 1, "prod": 676.41471100081571, "target": 2, "value": 672202.0, "supply": [{"l": "Poultry Meat", "v": 28945.0}, {"l": "Pigmeat", "v": 55184.0}, {"l": "Bovine Meat", "v": 48439.0}, {"l": "Eggs", "v": 29163.0}, {"l": "Milk - Excluding Butter", "v": 490733.0}, {"l": "Offals, Edible", "v": 10341.0}, {"l": "Meat, Other", "v": 3486.0}, {"l": "Mutton & Goat Meat", "v": 7622.0}]}, {"source": 13, "prod": 379.09743533443873, "target": 0, "value": 204554.0, "supply": [{"l": "Fats, Animals, Raw", "v": 16834.0}, {"l": "Alcohol, Non-Food", "v": 10448.0}, {"l": "Beverages, Fermented", "v": 17273.0}, {"l": "Fish, Body Oil", "v": 1175.0}, {"l": "Beer", "v": 95879.0}, {"l": "Beverages, Alcoholic", "v": 18060.0}, {"l": "Fish, Liver Oil", "v": 20.0}, {"l": "Cream", "v": 3169.0}, {"l": "Butter, Ghee", "v": 7326.0}, {"l": "Wine", "v": 34370.0}]}, {"source": 13, "prod": 481.6534254880724, "target": 10, "value": 47423.0, "supply": [{"l": "Olive Oil", "v": 1636.0}, {"l": "Ricebran Oil", "v": 413.0}, {"l": "Sesameseed Oil", "v": 568.0}, {"l": "Soyabean Oil", "v": 13310.0}, {"l": "Coconut Oil", "v": 2747.0}, {"l": "Cottonseed Oil", "v": 3086.0}, {"l": "Rape and Mustard Oil", "v": 4943.0}, {"l": "Maize Germ Oil", "v": 982.0}, {"l": "Groundnut Oil", "v": 2982.0}, {"l": "Palm Oil", "v": 7018.0}, {"l": "Palmkernel Oil", "v": 939.0}, {"l": "Oilcrops Oil, Other", "v": 3255.0}, {"l": "Sunflowerseed Oil", "v": 5544.0}]}, {"source": 13, "prod": 469.90787092388121, "target": 6, "value": 117014.0, "supply": [{"l": "Honey", "v": 1039.0}, {"l": "Sweeteners, Other", "v": 11034.0}, {"l": "Sugar non-centrifugal", "v": 13225.0}, {"l": "Sugar", "v": 91716.0}]}]}