{"nodes": [{"name": "Balance", "fill": "#9edae5"}, {"name": "Food", "fill": "#b5cf6b"}, {"name": "Stock Deposit", "fill": "#c7c7c7"}, {"name": "Biofuels & Other", "fill": "#e7ba52"}, {"name": "Crop Residue", "fill": "#bd9e39"}, {"name": "Renewables & Nuclear", "fill": "#2ca02c"}, {"name": "Fossil Fuels", "fill": "#c49c94"}, {"name": "Stock Draw", "fill": "#c7c7c7"}, {"name": "Labor", "fill": "#7f7f7f"}], "links": [{"source": 0, "target": 1, "value": 4158.8627985938383}, {"source": 0, "target": 2, "value": 80.984487146247432}, {"source": 0, "target": 3, "value": 226.84050287324726}, {"source": 0, "target": 4, "value": 14041.246434334236}, {"source": 5, "target": 0, "value": 38.073334884988952}, {"source": 6, "target": 0, "value": 947.80120085747012}, {"source": 7, "target": 0, "value": 162.05907692984354}, {"source": 8, "target": 0, "value": 576.4310276575402}]}