{"nodes": [{"layer": 3, "name": "Oilcrops", "fill": "#ff9896"}, {"layer": 5, "name": "Production", "fill": "#b5cf6b"}, {"layer": 3, "name": "Treenuts"}, {"layer": 3, "name": "Pulses"}, {"layer": 3, "name": "Vegetables"}, {"layer": 3, "name": "Sugar Crops", "fill": "#ffbb78"}, {"layer": 3, "name": "Starchy Roots"}, {"layer": 3, "name": "Others"}, {"layer": 3, "name": "Cereals - Excluding Beer"}, {"layer": 3, "name": "Spices"}, {"layer": 3, "name": "Stimulants"}, {"layer": 3, "name": "Fruits - Excluding Wine"}, {"layer": 1, "name": "Electricity", "fill": "#bcbd22"}, {"layer": 0, "name": "Fossil Fuels", "fill": "#c49c94"}, {"layer": 0, "name": "Renewables & Nuclear", "fill": "#2ca02c"}, {"layer": 1, "name": "Fertilizers", "fill": "#c5b0d5"}, {"layer": 0, "name": "Labor", "fill": "#7f7f7f"}], "links": [{"source": 0, "prod": 142205.0, "target": 1, "value": 547.43572369039714, "supply": [{"l": "Sunflower seed", "v": 38.652806229124366}, {"l": "Coconuts - Incl Copra", "v": 39.190306788353581}, {"l": "Sesame seed", "v": 12.403166855072456}, {"l": "Cottonseed", "v": 88.876410885964845}, {"l": "Olives", "v": 21.264703448229803}, {"l": "Groundnuts", "v": 73.166841813226654}, {"l": "Oilcrops, Other", "v": 46.428353625512585}, {"l": "Soyabeans", "v": 163.8075465501465}, {"l": "Rape and Mustardseed", "v": 22.780710515448444}, {"l": "Palm kernels", "v": 3.6148558005416458}, {"l": "Oil Palm", "v": 37.250021178776251}]}, {"source": 2, "prod": 3363.0, "target": 1, "value": 9.7336302427524899, "supply": [{"l": "Treenuts", "v": 9.7336302427524899}]}, {"source": 3, "prod": 41666.0, "target": 1, "value": 165.13005641101211, "supply": [{"l": "Peas", "v": 34.091375033426836}, {"l": "Pulses, Other", "v": 86.482019692910129}, {"l": "Beans", "v": 44.556661684675134}]}, {"source": 4, "prod": 250302.0, "target": 1, "value": 70.921935520803942, "supply": [{"l": "Tomatoes", "v": 6.8124728348335672}, {"l": "Vegetables, Other", "v": 57.606255857283301}, {"l": "Onions", "v": 6.5032068286870661}]}, {"source": 5, "prod": 743734.0, "target": 1, "value": 290.98278521014061, "supply": [{"l": "Sugar cane", "v": 193.68348218419979}, {"l": "Sugar beet", "v": 97.29930302594083}]}, {"source": 6, "prod": 524720.0, "target": 1, "value": 484.39427589223942, "supply": [{"l": "Roots, Other", "v": 8.4656244713133386}, {"l": "Yams", "v": 14.978685743611377}, {"l": "Potatoes", "v": 237.26583326612754}, {"l": "Sweet potatoes", "v": 133.30994552978021}, {"l": "Cassava", "v": 90.374186881406928}]}, {"source": 7, "prod": 3363.0, "target": 1, "value": 9.7336302427524899, "supply": [{"l": "Nuts", "v": 9.7336302427524899}]}, {"source": 8, "prod": 1059332.0, "target": 1, "value": 3675.1129431530871, "supply": [{"l": "Maize", "v": 899.52371062669101}, {"l": "Barley", "v": 338.99201582342869}, {"l": "Cereals, Other", "v": 41.591684090377704}, {"l": "Sorghum", "v": 185.06728988856707}, {"l": "Rye", "v": 101.2109584080843}, {"l": "Rice", "v": 821.69652142174982}, {"l": "Wheat", "v": 1059.7940714520091}, {"l": "Oats", "v": 133.69229737063682}, {"l": "Millet", "v": 93.544394071542698}]}, {"source": 9, "prod": 1882.0, "target": 1, "value": 4.9033542717625549, "supply": [{"l": "Pepper", "v": 0.14876444416000001}, {"l": "Pimento", "v": 3.1851318541249354}, {"l": "Cloves", "v": 0.091661549219900204}, {"l": "Spices, Other", "v": 1.4777964242577191}]}, {"source": 10, "prod": 6444.0, "target": 1, "value": 6.9729823469396033, "supply": [{"l": "Tea", "v": 1.67824888568}, {"l": "Coffee", "v": 2.6583546943706557}, {"l": "Cocoa Beans", "v": 2.6363787668889476}]}, {"source": 11, "prod": 218987.0, "target": 1, "value": 139.41874124850989, "supply": [{"l": "Plantains", "v": 14.841521575326032}, {"l": "Grapes", "v": 41.210024182201614}, {"l": "Pineapples", "v": 1.7040204370196124}, {"l": "Citrus, Other", "v": 1.9536955518200001}, {"l": "Grapefruit", "v": 2.9671533276600002}, {"l": "Fruits, Other", "v": 30.420649125378628}, {"l": "Dates", "v": 3.3663969315477913}, {"l": "Apples", "v": 12.28326933676583}, {"l": "Lemons, Limes", "v": 3.8725244370400005}, {"l": "Bananas", "v": 18.602244118577456}, {"l": "Oranges, Mandarines", "v": 8.1972422251729071}]}, {"source": 12, "prod": 0, "target": 0, "value": 0.04284705072734829, "supply": "[{\"l\":'Energy for power irrigation',\"v\":0.04284705072734829}]"}, {"source": 12, "prod": 0, "target": 2, "value": 0.0010467342146945364, "supply": "[{\"l\":'Energy for power irrigation',\"v\":0.0010467342146945364}]"}, {"source": 12, "prod": 0, "target": 4, "value": 0.079421633186658971, "supply": "[{\"l\":'Energy for power irrigation',\"v\":0.079421633186658971}]"}, {"source": 12, "prod": 0, "target": 5, "value": 0.23663796917380706, "supply": "[{\"l\":'Energy for power irrigation',\"v\":0.23663796917380706}]"}, {"source": 12, "prod": 0, "target": 6, "value": 0.16480714329871585, "supply": "[{\"l\":'Energy for power irrigation',\"v\":0.16480714329871585}]"}, {"source": 12, "prod": 0, "target": 3, "value": 0.0132921276110778, "supply": "[{\"l\":'Energy for power irrigation',\"v\":0.0132921276110778}]"}, {"source": 12, "prod": 0, "target": 7, "value": 0.001054512494421566, "supply": "[{\"l\":'Energy for power irrigation',\"v\":0.001054512494421566}]"}, {"source": 12, "prod": 0, "target": 8, "value": 0.33228223654380284, "supply": "[{\"l\":'Energy for power irrigation',\"v\":0.33228223654380284}]"}, {"source": 12, "prod": 0, "target": 9, "value": 0.00059972124099423097, "supply": "[{\"l\":'Energy for power irrigation',\"v\":0.00059972124099423097}]"}, {"source": 12, "prod": 0, "target": 10, "value": 0.0022501452067478092, "supply": "[{\"l\":'Energy for power irrigation',\"v\":0.0022501452067478092}]"}, {"source": 12, "prod": 0, "target": 11, "value": 0.069791964144193905, "supply": "[{\"l\":'Energy for power irrigation',\"v\":0.069791964144193905}]"}, {"source": 13, "prod": 0, "target": 12, "value": 1.7810832843949749, "supply": [{"l": "Coal", "v": 0.92543558634401291}, {"l": "Natural gas", "v": 0.27483613298363452}, {"l": "Oil", "v": 0.58081156506732734}]}, {"source": 14, "prod": 0, "target": 12, "value": 0.25063627036270203, "supply": [{"l": "Nuclear", "v": 0.028616496582623153}, {"l": "Hydroelectric", "v": 0.21916858754603344}, {"l": "Renewable", "v": 0.0028511862340454388}]}, {"source": 13, "prod": 0, "target": 0, "value": 17.583532240665285, "supply": [{"l": "Motor Gasoline", "v": 3.1530102639763511}, {"l": "Gas-Diesel oil", "v": 11.405254333437938}, {"l": "Natural gas (including LNG)", "v": 0.9848544798347596}, {"l": "Fuel oil", "v": 1.4793123822056535}, {"l": "Liquefied petroleum gas (LPG)", "v": 0.041743729616632815}, {"l": "Coal", "v": 0.51935705159395118}]}, {"source": 13, "prod": 0, "target": 2, "value": 0.42955779917288844, "supply": [{"l": "Motor Gasoline", "v": 0.077026625323374995}, {"l": "Gas-Diesel oil", "v": 0.27862524340520589}, {"l": "Natural gas (including LNG)", "v": 0.02405955282892425}, {"l": "Fuel oil", "v": 0.036138937415536067}, {"l": "Liquefied petroleum gas (LPG)", "v": 0.0010197805752543421}, {"l": "Coal", "v": 0.012687659624592984}]}, {"source": 13, "prod": 0, "target": 4, "value": 32.592974873123481, "supply": [{"l": "Motor Gasoline", "v": 5.8444448420218791}, {"l": "Gas-Diesel oil", "v": 21.140869924395847}, {"l": "Natural gas (including LNG)", "v": 1.8255340778857592}, {"l": "Fuel oil", "v": 2.7420651688642197}, {"l": "Liquefied petroleum gas (LPG)", "v": 0.077376508421830983}, {"l": "Coal", "v": 0.96268435153394905}]}, {"source": 13, "prod": 0, "target": 5, "value": 97.11126646290657, "supply": [{"l": "Motor Gasoline", "v": 17.413612675453074}, {"l": "Gas-Diesel oil", "v": 62.989544847549098}, {"l": "Natural gas (including LNG)", "v": 5.4392066684550269}, {"l": "Fuel oil", "v": 8.1700250532150704}, {"l": "Liquefied petroleum gas (LPG)", "v": 0.23054448869955699}, {"l": "Coal", "v": 2.8683327295347478}]}, {"source": 13, "prod": 0, "target": 6, "value": 67.633399930494079, "supply": [{"l": "Motor Gasoline", "v": 12.127756883528019}, {"l": "Gas-Diesel oil", "v": 43.869236117328789}, {"l": "Natural gas (including LNG)", "v": 3.7881499573764148}, {"l": "Fuel oil", "v": 5.6900356878500196}, {"l": "Liquefied petroleum gas (LPG)", "v": 0.16056332260834283}, {"l": "Coal", "v": 1.9976579618024992}]}, {"source": 13, "prod": 0, "target": 3, "value": 5.4548107846135601, "supply": [{"l": "Motor Gasoline", "v": 0.97813534598920315}, {"l": "Gas-Diesel oil", "v": 3.5381687528867021}, {"l": "Natural gas (including LNG)", "v": 0.30552421233393573}, {"l": "Fuel oil", "v": 0.45891627608278929}, {"l": "Liquefied petroleum gas (LPG)", "v": 0.012949852361074059}, {"l": "Coal", "v": 0.16111634495985647}]}, {"source": 13, "prod": 0, "target": 7, "value": 0.43274984226652996, "supply": [{"l": "Motor Gasoline", "v": 0.07759901001261453}, {"l": "Gas-Diesel oil", "v": 0.28069570699738894}, {"l": "Natural gas (including LNG)", "v": 0.024238339314914134}, {"l": "Fuel oil", "v": 0.036407485782742811}, {"l": "Liquefied petroleum gas (LPG)", "v": 0.001027358562543918}, {"l": "Coal", "v": 0.012781941596325629}]}, {"source": 13, "prod": 0, "target": 8, "value": 136.36167064210716, "supply": [{"l": "Motor Gasoline", "v": 24.451841715465193}, {"l": "Gas-Diesel oil", "v": 88.448641246776376}, {"l": "Natural gas (including LNG)", "v": 7.6376236794473593}, {"l": "Fuel oil", "v": 11.472183465651952}, {"l": "Liquefied petroleum gas (LPG)", "v": 0.3237258948570102}, {"l": "Coal", "v": 4.0276546399092954}]}, {"source": 13, "prod": 0, "target": 9, "value": 0.2461130368934141, "supply": [{"l": "Motor Gasoline", "v": 0.044132027672385617}, {"l": "Gas-Diesel oil", "v": 0.15963696839321623}, {"l": "Natural gas (including LNG)", "v": 0.013784802940199547}, {"l": "Fuel oil", "v": 0.020705627169532191}, {"l": "Liquefied petroleum gas (LPG)", "v": 0.00058427828530647628}, {"l": "Coal", "v": 0.0072693324327740812}]}, {"source": 13, "prod": 0, "target": 10, "value": 0.92341246637483987, "supply": [{"l": "Motor Gasoline", "v": 0.16558271367286026}, {"l": "Gas-Diesel oil", "v": 0.59895553916724187}, {"l": "Natural gas (including LNG)", "v": 0.051720376304216144}, {"l": "Fuel oil", "v": 0.077687206227665104}, {"l": "Liquefied petroleum gas (LPG)", "v": 0.0021922034659129968}, {"l": "Coal", "v": 0.027274427536943514}]}, {"source": 13, "prod": 0, "target": 11, "value": 28.6411603794588, "supply": [{"l": "Motor Gasoline", "v": 5.1358209154231691}, {"l": "Gas-Diesel oil", "v": 18.5775937429142}, {"l": "Natural gas (including LNG)", "v": 1.6041927595264884}, {"l": "Fuel oil", "v": 2.4095968096833489}, {"l": "Liquefied petroleum gas (LPG)", "v": 0.067994805504534322}, {"l": "Coal", "v": 0.84596134640706344}]}, {"source": 15, "prod": 398.86326685496118, "target": 0, "value": 4.8705294315266761, "supply": [{"l": "Potash", "v": 3.7139610780869678}, {"l": "Phosphate", "v": 9.2452606800805732}, {"l": "Nitrogen", "v": 94.351126332080824}]}, {"source": 15, "prod": 9.7440505545797595, "target": 2, "value": 0.11898484757088941, "supply": [{"l": "Potash", "v": 3.7139610780869678}, {"l": "Phosphate", "v": 9.2452606800805732}, {"l": "Nitrogen", "v": 94.351126332080824}]}, {"source": 15, "prod": 739.33611611610002, "target": 4, "value": 9.0280519981889089, "supply": [{"l": "Potash", "v": 3.7139610780869678}, {"l": "Phosphate", "v": 9.2452606800805732}, {"l": "Nitrogen", "v": 94.351126332080824}]}, {"source": 15, "prod": 2202.8632506634522, "target": 5, "value": 26.899218823994389, "supply": [{"l": "Potash", "v": 3.7139610780869678}, {"l": "Phosphate", "v": 9.2452606800805732}, {"l": "Nitrogen", "v": 94.351126332080824}]}, {"source": 15, "prod": 1534.1899725014694, "target": 6, "value": 18.73403252583465, "supply": [{"l": "Potash", "v": 3.7139610780869678}, {"l": "Phosphate", "v": 9.2452606800805732}, {"l": "Nitrogen", "v": 94.351126332080824}]}, {"source": 15, "prod": 123.73643815403945, "target": 3, "value": 1.5109487733315778, "supply": [{"l": "Potash", "v": 3.7139610780869678}, {"l": "Phosphate", "v": 9.2452606800805732}, {"l": "Nitrogen", "v": 94.351126332080824}]}, {"source": 15, "prod": 9.8164585735628371, "target": 7, "value": 0.11986902372056694, "supply": [{"l": "Potash", "v": 3.7139610780869678}, {"l": "Phosphate", "v": 9.2452606800805732}, {"l": "Nitrogen", "v": 94.351126332080824}]}, {"source": 15, "prod": 3093.215895514134, "target": 8, "value": 37.771337471008685, "supply": [{"l": "Potash", "v": 3.7139610780869678}, {"l": "Phosphate", "v": 9.2452606800805732}, {"l": "Nitrogen", "v": 94.351126332080824}]}, {"source": 15, "prod": 5.5828060350625313, "target": 9, "value": 0.068171785581258748, "supply": [{"l": "Potash", "v": 3.7139610780869678}, {"l": "Phosphate", "v": 9.2452606800805732}, {"l": "Nitrogen", "v": 94.351126332080824}]}, {"source": 15, "prod": 20.946605491532921, "target": 10, "value": 0.25577952901385459, "supply": [{"l": "Potash", "v": 3.7139610780869678}, {"l": "Phosphate", "v": 9.2452606800805732}, {"l": "Nitrogen", "v": 94.351126332080824}]}, {"source": 15, "prod": 649.69351090037787, "target": 11, "value": 7.9334238804769202, "supply": [{"l": "Potash", "v": 3.7139610780869678}, {"l": "Phosphate", "v": 9.2452606800805732}, {"l": "Nitrogen", "v": 94.351126332080824}]}, {"source": 13, "prod": 0, "target": 15, "value": 129.88184800712787, "supply": [{"l": "Natural gas (including LNG)", "v": 87.564746041554017}, {"l": "Fuel oil", "v": 25.63854142183763}, {"l": "Liquefied petroleum gas (LPG)", "v": 8.3392802718681107}, {"l": "Coal", "v": 8.3392802718681107}]}, {"source": 16, "prod": 0, "target": 0, "value": 22.171536879030366, "supply": "[{\"l\":'Labor',\"v\":22.171536879030366}]"}, {"source": 16, "prod": 0, "target": 2, "value": 0.54164069287573757, "supply": "[{\"l\":'Labor',\"v\":0.54164069287573757}]"}, {"source": 16, "prod": 0, "target": 4, "value": 41.097336673090773, "supply": "[{\"l\":'Labor',\"v\":41.097336673090773}]"}, {"source": 16, "prod": 0, "target": 5, "value": 122.45014234240193, "supply": "[{\"l\":'Labor',\"v\":122.45014234240193}]"}, {"source": 16, "prod": 0, "target": 6, "value": 85.28072746073137, "supply": "[{\"l\":'Labor',\"v\":85.28072746073137}]"}, {"source": 16, "prod": 0, "target": 3, "value": 6.8781139547998018, "supply": "[{\"l\":'Labor',\"v\":6.8781139547998018}]"}, {"source": 16, "prod": 0, "target": 7, "value": 0.54566562371451699, "supply": "[{\"l\":'Labor',\"v\":0.54566562371451699}]"}, {"source": 16, "prod": 0, "target": 8, "value": 171.94200619916404, "supply": "[{\"l\":'Labor',\"v\":171.94200619916404}]"}, {"source": 16, "prod": 0, "target": 9, "value": 0.3103303818144581, "supply": "[{\"l\":'Labor',\"v\":0.3103303818144581}]"}, {"source": 16, "prod": 0, "target": 10, "value": 1.1643549926468881, "supply": "[{\"l\":'Labor',\"v\":1.1643549926468881}]"}, {"source": 16, "prod": 0, "target": 11, "value": 36.114390153236229, "supply": "[{\"l\":'Labor',\"v\":36.114390153236229}]"}]}