{"nodes": [{"layer": 13, "name": "Aquatic Products", "fill": "#1f77b4"}, {"layer": 10, "name": "Feed", "fill": "#dbdb8d"}, {"layer": 5, "name": "Fruits, Roots & Vegetables", "fill": "#98df8a"}, {"layer": 5, "name": "Cereals", "fill": "#e7ba52"}, {"layer": 13, "name": "Other Processed", "fill": "#9c9ede"}, {"layer": 16, "name": "Food", "fill": "#b5cf6b"}, {"layer": 13, "name": "Animal Products", "fill": "#17becf"}, {"layer": 5, "name": "Oilcrops", "fill": "#ff9896"}, {"layer": 13, "name": "Sugar", "fill": "#d6616b"}, {"layer": 13, "name": "Vegetable Oils", "fill": "#f7b6d2"}, {"layer": 10, "name": "Processing", "fill": "#9edae5"}, {"layer": 5, "name": "Sugar Crops", "fill": "#ffbb78"}, {"layer": 16, "name": "Biofuels & Other", "fill": "#e7ba52"}, {"name": "Seed", "fill": "#dbdb8d"}, {"name": "Waste", "fill": "#c7c7c7"}, {"layer": 0, "name": "Import", "fill": "#aec7e8"}, {"layer": 16, "name": "Export", "fill": "#aec7e8"}, {"layer": 16, "name": "Stock Deposit", "fill": "#c7c7c7"}, {"layer": 0, "name": "Stock Draw", "fill": "#c7c7c7"}, {"layer": 0, "name": "Production", "fill": "#b5cf6b"}], "links": [{"source": 0, "prod": 0.12890193220885127, "target": 1, "value": 128.0, "supply": [{"l": "Pelagic Fish", "v": 64.0}, {"l": "Fish, Seafood", "v": 64.0}]}, {"source": 2, "prod": 0.061663744500192741, "target": 1, "value": 16.0, "supply": [{"l": "Vegetables, Other", "v": 1.0}, {"l": "Pulses, Other", "v": 15.0}]}, {"source": 3, "prod": 1.6140154857868656, "target": 1, "value": 502.0, "supply": [{"l": "Maize", "v": 75.0}, {"l": "Barley", "v": 332.0}, {"l": "Oats", "v": 95.0}]}, {"source": 4, "prod": 0.48493599237024987, "target": 5, "value": 116.0, "supply": [{"l": "Beer", "v": 62.0}, {"l": "Beverages, Alcoholic", "v": 1.0}, {"l": "Fats, Animals, Raw", "v": 12.0}, {"l": "Butter, Ghee", "v": 41.0}]}, {"source": 6, "prod": 1.8013958500272502, "target": 5, "value": 1829.0, "supply": [{"l": "Meat, Other", "v": 10.0}, {"l": "Eggs", "v": 66.0}, {"l": "Poultry Meat", "v": 60.0}, {"l": "Milk - Excluding Butter", "v": 1537.0}, {"l": "Mutton & Goat Meat", "v": 75.0}, {"l": "Offals, Edible", "v": 19.0}, {"l": "Bovine Meat", "v": 62.0}]}, {"source": 3, "prod": 12.191288130856378, "target": 5, "value": 3751.0, "supply": [{"l": "Maize", "v": 26.0}, {"l": "Barley", "v": 299.0}, {"l": "Rice", "v": 22.0}, {"l": "Cereals, Other", "v": 2.0}, {"l": "Wheat", "v": 3401.0}, {"l": "Sorghum", "v": 1.0}]}, {"source": 7, "prod": 0.026485212630518479, "target": 5, "value": 7.0, "supply": [{"l": "Olives", "v": 4.0}, {"l": "Sesame seed", "v": 2.0}, {"l": "Groundnuts", "v": 1.0}]}, {"source": 2, "prod": 1.9613836877475952, "target": 5, "value": 2474.0, "supply": [{"l": "Infant food", "v": 3.0}, {"l": "Nuts", "v": 10.0}, {"l": "Tomatoes", "v": 367.0}, {"l": "Pepper", "v": 2.0}, {"l": "Treenuts", "v": 10.0}, {"l": "Vegetables, Other", "v": 456.0}, {"l": "Peas", "v": 3.0}, {"l": "Grapes", "v": 65.0}, {"l": "Pimento", "v": 7.0}, {"l": "Dates", "v": 191.0}, {"l": "Cocoa Beans", "v": 2.0}, {"l": "Potatoes", "v": 533.0}, {"l": "Coffee", "v": 65.0}, {"l": "Beans", "v": 26.0}, {"l": "Apples", "v": 21.0}, {"l": "Lemons, Limes", "v": 7.0}, {"l": "Spices, Other", "v": 2.0}, {"l": "Tea", "v": 7.0}, {"l": "Fruits, Other", "v": 146.0}, {"l": "Grapefruit", "v": 4.0}, {"l": "Oranges, Mandarines", "v": 370.0}, {"l": "Onions", "v": 112.0}, {"l": "Pulses, Other", "v": 65.0}]}, {"source": 8, "prod": 2.105159130757448, "target": 5, "value": 571.0, "supply": [{"l": "Sugar", "v": 564.0}, {"l": "Sweeteners, Other", "v": 4.0}, {"l": "Honey", "v": 3.0}]}, {"source": 0, "prod": 0.093745803098612704, "target": 5, "value": 96.0, "supply": [{"l": "Crustaceans", "v": 2.0}, {"l": "Fish, Seafood", "v": 48.0}, {"l": "Pelagic Fish", "v": 37.0}, {"l": "Demersal Fish", "v": 9.0}]}, {"source": 9, "prod": 2.3994573102356118, "target": 5, "value": 235.0, "supply": [{"l": "Groundnut Oil", "v": 3.0}, {"l": "Soyabean Oil", "v": 2.0}, {"l": "Palm Oil", "v": 5.0}, {"l": "Sunflowerseed Oil", "v": 105.0}, {"l": "Olive Oil", "v": 12.0}, {"l": "Coconut Oil", "v": 4.0}, {"l": "Rape and Mustard Oil", "v": 92.0}, {"l": "Oilcrops Oil, Other", "v": 12.0}]}, {"source": 2, "prod": 0.21731950953472393, "target": 10, "value": 343.0, "supply": [{"l": "Grapes", "v": 343.0}]}, {"source": 11, "prod": 0.043002222140000004, "target": 10, "value": 37.0, "supply": [{"l": "Sugar beet", "v": 37.0}]}, {"source": 3, "prod": 0.039572189189872882, "target": 10, "value": 13.0, "supply": [{"l": "Barley", "v": 13.0}]}, {"source": 7, "prod": 0.81019834247260281, "target": 10, "value": 189.0, "supply": [{"l": "Olives", "v": 98.0}, {"l": "Rape and Mustardseed", "v": 90.0}, {"l": "Groundnuts", "v": 1.0}]}, {"source": 4, "prod": 0.010679287191320757, "target": 10, "value": 20.0, "supply": [{"l": "Wine", "v": 20.0}]}, {"source": 2, "prod": 0.011504026152827246, "target": 12, "value": 14.0, "supply": [{"l": "Potatoes", "v": 14.0}]}, {"source": 4, "prod": 0.34099507016490116, "target": 12, "value": 47.0, "supply": [{"l": "Wine", "v": 8.0}, {"l": "Fats, Animals, Raw", "v": 39.0}]}, {"source": 9, "prod": 0.25306162732914839, "target": 12, "value": 25.0, "supply": [{"l": "Oilcrops Oil, Other", "v": 2.0}, {"l": "Rape and Mustard Oil", "v": 23.0}]}, {"source": 2, "prod": 0.093590649293300243, "target": 13, "value": 94.0, "supply": [{"l": "Potatoes", "v": 89.0}, {"l": "Pulses, Other", "v": 5.0}]}, {"source": 6, "prod": 0.0055097561349911504, "target": 6, "value": 4.0, "supply": [{"l": "Eggs", "v": 4.0}]}, {"source": 3, "prod": 0.8323586570176944, "target": 13, "value": 260.0, "supply": [{"l": "Wheat", "v": 151.0}, {"l": "Barley", "v": 92.0}, {"l": "Oats", "v": 17.0}]}, {"source": 7, "prod": 0.0068981520701437505, "target": 13, "value": 1.0, "supply": [{"l": "Rape and Mustardseed", "v": 1.0}]}, {"source": 2, "prod": 0.13858440712576245, "target": 14, "value": 193.0, "supply": [{"l": "Dates", "v": 8.0}, {"l": "Grapes", "v": 2.0}, {"l": "Potatoes", "v": 73.0}, {"l": "Apples", "v": 1.0}, {"l": "Vegetables, Other", "v": 45.0}, {"l": "Fruits, Other", "v": 9.0}, {"l": "Oranges, Mandarines", "v": 20.0}, {"l": "Beans", "v": 1.0}, {"l": "Lemons, Limes", "v": 1.0}, {"l": "Onions", "v": 6.0}, {"l": "Tomatoes", "v": 22.0}, {"l": "Pulses, Other", "v": 5.0}]}, {"source": 11, "prod": 0.013946666640000001, "target": 14, "value": 12.0, "supply": [{"l": "Sugar beet", "v": 12.0}]}, {"source": 6, "prod": 0.036942029081416812, "target": 14, "value": 43.0, "supply": [{"l": "Milk - Excluding Butter", "v": 41.0}, {"l": "Eggs", "v": 2.0}]}, {"source": 3, "prod": 0.9779264086603684, "target": 14, "value": 303.0, "supply": [{"l": "Maize", "v": 8.0}, {"l": "Wheat", "v": 225.0}, {"l": "Oats", "v": 6.0}, {"l": "Barley", "v": 64.0}]}, {"source": 7, "prod": 0.068981520701437496, "target": 14, "value": 10.0, "supply": [{"l": "Rape and Mustardseed", "v": 10.0}]}, {"source": 15, "prod": 5.2974116052704607, "target": 10, "value": 908.0, "supply": [{"l": "Sugar", "v": 580.0}, {"l": "Fats, Animals, Raw", "v": 47.0}, {"l": "Soyabean Oil", "v": 2.0}, {"l": "Butter, Ghee", "v": 41.0}, {"l": "Palm Oil", "v": 5.0}, {"l": "Sunflowerseed Oil", "v": 94.0}, {"l": "Coconut Oil", "v": 4.0}, {"l": "Rape and Mustard Oil", "v": 114.0}, {"l": "Oilcrops Oil, Other", "v": 14.0}, {"l": "Sweeteners, Other", "v": 5.0}, {"l": "Honey", "v": 2.0}]}, {"source": 15, "prod": 10.892507568799198, "target": 3, "value": 3341.0, "supply": [{"l": "Maize", "v": 107.0}, {"l": "Barley", "v": 279.0}, {"l": "Rice", "v": 29.0}, {"l": "Cereals, Other", "v": 2.0}, {"l": "Wheat", "v": 2916.0}, {"l": "Oats", "v": 8.0}]}, {"source": 15, "prod": 0.51736140526078123, "target": 7, "value": 75.0, "supply": [{"l": "Sesame seed", "v": 2.0}, {"l": "Groundnuts", "v": 2.0}, {"l": "Rape and Mustardseed", "v": 71.0}]}, {"source": 15, "prod": 0.58743157124051837, "target": 2, "value": 462.0, "supply": [{"l": "Vegetables, Other", "v": 1.0}, {"l": "Nuts", "v": 6.0}, {"l": "Infant food", "v": 3.0}, {"l": "Tomatoes", "v": 112.0}, {"l": "Pepper", "v": 2.0}, {"l": "Treenuts", "v": 6.0}, {"l": "Cocoa Beans", "v": 2.0}, {"l": "Peas", "v": 1.0}, {"l": "Grapes", "v": 3.0}, {"l": "Pimento", "v": 2.0}, {"l": "Potatoes", "v": 168.0}, {"l": "Coffee", "v": 65.0}, {"l": "Beans", "v": 26.0}, {"l": "Pulses, Other", "v": 46.0}, {"l": "Spices, Other", "v": 2.0}, {"l": "Tea", "v": 10.0}, {"l": "Fruits, Other", "v": 7.0}]}, {"source": 15, "prod": 0.87525034335422414, "target": 1, "value": 960.0, "supply": [{"l": "Meat, Other", "v": 1.0}, {"l": "Eggs", "v": 47.0}, {"l": "Milk - Excluding Butter", "v": 761.0}, {"l": "Fish, Seafood", "v": 65.0}, {"l": "Mutton & Goat Meat", "v": 4.0}, {"l": "Pelagic Fish", "v": 65.0}, {"l": "Bovine Meat", "v": 17.0}]}, {"source": 2, "prod": 0.011838187648899724, "target": 16, "value": 22.0, "supply": [{"l": "Oranges, Mandarines", "v": 19.0}, {"l": "Vegetables, Other", "v": 1.0}, {"l": "Dates", "v": 2.0}]}, {"source": 4, "prod": 0.12067594526192454, "target": 16, "value": 226.0, "supply": [{"l": "Wine", "v": 226.0}]}, {"source": 6, "prod": 0.0016676659031181094, "target": 16, "value": 2.0, "supply": [{"l": "Milk - Excluding Butter", "v": 2.0}]}, {"source": 7, "prod": 0.0036913188335217393, "target": 16, "value": 2.0, "supply": [{"l": "Olives", "v": 2.0}]}, {"source": 9, "prod": 0.30424115163815008, "target": 17, "value": 30.0, "supply": [{"l": "Rape and Mustard Oil", "v": 30.0}]}, {"source": 4, "prod": 0.016018930786981134, "target": 17, "value": 30.0, "supply": [{"l": "Wine", "v": 30.0}]}, {"source": 3, "prod": 2.9863335669774989, "target": 17, "value": 932.0, "supply": [{"l": "Wheat", "v": 650.0}, {"l": "Barley", "v": 274.0}, {"l": "Rice", "v": 8.0}]}, {"source": 2, "prod": 0.064253304397340755, "target": 17, "value": 58.0, "supply": [{"l": "Potatoes", "v": 50.0}, {"l": "Tea", "v": 3.0}, {"l": "Pulses, Other", "v": 5.0}]}, {"source": 18, "prod": 0.14178933192843879, "target": 10, "value": 14.0, "supply": [{"l": "Groundnut Oil", "v": 3.0}, {"l": "Sunflowerseed Oil", "v": 11.0}]}, {"source": 8, "prod": 0.084900333171, "target": 17, "value": 23.0, "supply": [{"l": "Sweeteners, Other", "v": 1.0}, {"l": "Sugar", "v": 22.0}]}, {"source": 19, "prod": 7.7423783373315214, "target": 3, "value": 2418.0, "supply": [{"l": "Maize", "v": 1.0}, {"l": "Barley", "v": 794.0}, {"l": "Rice", "v": 1.0}, {"l": "Wheat", "v": 1511.0}, {"l": "Oats", "v": 110.0}, {"l": "Sorghum", "v": 1.0}]}, {"source": 19, "prod": 0.39704748203068208, "target": 7, "value": 133.0, "supply": [{"l": "Olives", "v": 103.0}, {"l": "Rape and Mustardseed", "v": 30.0}]}, {"source": 19, "prod": 1.9748389359028269, "target": 2, "value": 2754.0, "supply": [{"l": "Nuts", "v": 4.0}, {"l": "Grapefruit", "v": 5.0}, {"l": "Tomatoes", "v": 278.0}, {"l": "Treenuts", "v": 4.0}, {"l": "Vegetables, Other", "v": 501.0}, {"l": "Peas", "v": 3.0}, {"l": "Grapes", "v": 407.0}, {"l": "Pimento", "v": 5.0}, {"l": "Dates", "v": 201.0}, {"l": "Potatoes", "v": 591.0}, {"l": "Beans", "v": 1.0}, {"l": "Apples", "v": 22.0}, {"l": "Lemons, Limes", "v": 8.0}, {"l": "Fruits, Other", "v": 149.0}, {"l": "Oranges, Mandarines", "v": 409.0}, {"l": "Onions", "v": 118.0}, {"l": "Pulses, Other", "v": 48.0}]}, {"source": 19, "prod": 0.056948888780000005, "target": 11, "value": 49.0, "supply": [{"l": "Sugar beet", "v": 49.0}]}, {"source": 1, "prod": 0.22264773530746396, "target": 0, "value": 224.0, "supply": [{"l": "Crustaceans", "v": 2.0}, {"l": "Pelagic Fish", "v": 101.0}, {"l": "Demersal Fish", "v": 9.0}, {"l": "Fish, Seafood", "v": 112.0}]}, {"source": 1, "prod": 1.8400055450117851, "target": 6, "value": 1874.0, "supply": [{"l": "Milk - Excluding Butter", "v": 1580.0}, {"l": "Bovine Meat", "v": 62.0}, {"l": "Eggs", "v": 72.0}, {"l": "Poultry Meat", "v": 60.0}, {"l": "Offals, Edible", "v": 19.0}, {"l": "Meat, Other", "v": 10.0}, {"l": "Mutton & Goat Meat", "v": 75.0}]}, {"source": 10, "prod": 0.97330522577537759, "target": 4, "value": 439.0, "supply": [{"l": "Fats, Animals, Raw", "v": 51.0}, {"l": "Beer", "v": 62.0}, {"l": "Beverages, Alcoholic", "v": 1.0}, {"l": "Butter, Ghee", "v": 41.0}, {"l": "Wine", "v": 284.0}]}, {"source": 10, "prod": 2.9567600892029104, "target": 9, "value": 290.0, "supply": [{"l": "Olive Oil", "v": 12.0}, {"l": "Soyabean Oil", "v": 2.0}, {"l": "Coconut Oil", "v": 4.0}, {"l": "Rape and Mustard Oil", "v": 145.0}, {"l": "Groundnut Oil", "v": 3.0}, {"l": "Palm Oil", "v": 5.0}, {"l": "Oilcrops Oil, Other", "v": 14.0}, {"l": "Sunflowerseed Oil", "v": 105.0}]}, {"source": 10, "prod": 2.1900594639284479, "target": 8, "value": 594.0, "supply": [{"l": "Honey", "v": 3.0}, {"l": "Sweeteners, Other", "v": 5.0}, {"l": "Sugar", "v": 586.0}]}]}