{"nodes": [{"layer": 5, "name": "Fruits & Vegetables"}, {"layer": 10, "name": "Feed", "fill": "#dbdb8d"}, {"layer": 5, "name": "Cereals", "fill": "#e7ba52"}, {"layer": 13, "name": "Other Processed", "fill": "#9c9ede"}, {"layer": 16, "name": "Food", "fill": "#b5cf6b"}, {"layer": 13, "name": "Animal Products", "fill": "#17becf"}, {"layer": 5, "name": "Oilcrops", "fill": "#ff9896"}, {"layer": 13, "name": "Sugar", "fill": "#d6616b"}, {"layer": 5, "name": "Starchy Roots"}, {"layer": 5, "name": "Others"}, {"layer": 13, "name": "Aquatic Products", "fill": "#1f77b4"}, {"layer": 13, "name": "Vegetable Oils", "fill": "#f7b6d2"}, {"layer": 5, "name": "Sugar Crops", "fill": "#ffbb78"}, {"layer": 10, "name": "Processing", "fill": "#9edae5"}, {"layer": 16, "name": "Biofuels & Other", "fill": "#e7ba52"}, {"name": "Waste", "fill": "#c7c7c7"}, {"layer": 2, "name": "Import", "fill": "#aec7e8"}, {"layer": 16, "name": "Export", "fill": "#aec7e8"}, {"layer": 0, "name": "Stock Draw", "fill": "#c7c7c7"}, {"layer": 16, "name": "Stock Deposit", "fill": "#c7c7c7"}, {"layer": 2, "name": "Electricity", "fill": "#bcbd22"}, {"layer": 0, "name": "Fossil Fuels", "fill": "#c49c94"}, {"layer": 0, "name": "Renewables & Nuclear", "fill": "#2ca02c"}, {"layer": 2, "name": "Fertilizers", "fill": "#c5b0d5"}, {"layer": 0, "name": "Labor", "fill": "#7f7f7f"}], "links": [{"source": 0, "prod": 11.0, "target": 1, "value": 0.014444448969231876, "supply": [{"l": "Vegetables, Other", "v": 0.0020953095989046035}, {"l": "Pulses, Other", "v": 0.012349139370327273}]}, {"source": 2, "prod": 54.0, "target": 1, "value": 0.1773180477677917, "supply": [{"l": "Sorghum", "v": 0.0047166851761666672}, {"l": "Barley", "v": 0.063928936132745029}, {"l": "Oats", "v": 0.10867242645888002}]}, {"source": 3, "prod": 69.0, "target": 4, "value": 0.16590510449609719, "supply": [{"l": "Beer", "v": 0.023468384778975612}, {"l": "Beverages, Alcoholic", "v": 0.0065307948593076922}, {"l": "Butter, Ghee", "v": 0.039098837644539475}, {"l": "Fats, Animals, Raw", "v": 0.096807087213274398}]}, {"source": 5, "prod": 815.0, "target": 4, "value": 0.82411512865657444, "supply": [{"l": "Eggs", "v": 0.011630182626164385}, {"l": "Milk - Excluding Butter", "v": 0.57786443974656443}, {"l": "Meat, Other", "v": 0.010838340404808511}, {"l": "Mutton & Goat Meat", "v": 0.1005398682288158}, {"l": "Bovine Meat", "v": 0.070042774866075005}, {"l": "Poultry Meat", "v": 0.035772612291151688}, {"l": "Offals, Edible", "v": 0.017426910492994736}]}, {"source": 2, "prod": 1976.0, "target": 4, "value": 6.3750112062161239, "supply": [{"l": "Maize", "v": 0.033960133268400007}, {"l": "Barley", "v": 1.0624380338251433}, {"l": "Rice", "v": 0.028033128877216981}, {"l": "Wheat", "v": 5.245863225069197}, {"l": "Sorghum", "v": 0.0047166851761666672}]}, {"source": 6, "prod": 3.0, "target": 4, "value": 0.011724331723614286, "supply": [{"l": "Olives", "v": 0.0056600222113999997}, {"l": "Groundnuts", "v": 0.0060643095122142861}]}, {"source": 7, "prod": 244.0, "target": 4, "value": 1.0066217847456191, "supply": [{"l": "Sugar", "v": 0.996514602225262}, {"l": "Honey", "v": 0.0040428730081428577}, {"l": "Sweeteners, Other", "v": 0.0060643095122142861}]}, {"source": 8, "prod": 217.0, "target": 4, "value": 0.17646908331520117, "supply": [{"l": "Potatoes", "v": 0.17646908331520117}]}, {"source": 0, "prod": 900.0, "target": 4, "value": 0.63764680311427813, "supply": [{"l": "Tomatoes", "v": 0.017591216892434824}, {"l": "Treenuts", "v": 0.019295530266136365}, {"l": "Vegetables, Other", "v": 0.076740714059881115}, {"l": "Peas", "v": 0.010612541646375}, {"l": "Grapes", "v": 0.0059788967021830999}, {"l": "Dates", "v": 0.22304680121961484}, {"l": "Beans", "v": 0.013061589718615384}, {"l": "Apples", "v": 0.0058958564702083346}, {"l": "Lemons, Limes", "v": 0.015108888860000001}, {"l": "Bananas", "v": 0.0057886590798409097}, {"l": "Fruits, Other", "v": 0.047401333242699809}, {"l": "Grapefruit", "v": 0.0024821480248457106}, {"l": "Oranges, Mandarines", "v": 0.088255500976726797}, {"l": "Onions", "v": 0.011710390782206896}, {"l": "Pulses, Other", "v": 0.094676735172509102}]}, {"source": 9, "prod": 39.0, "target": 4, "value": 0.069523010599392032, "supply": [{"l": "Infant food", "v": 0.0011622222200000001}, {"l": "Nuts", "v": 0.019295530266136365}, {"l": "Pepper", "v": 0.0011622222200000001}, {"l": "Pimento", "v": 0.019295530266136365}, {"l": "Cocoa Beans", "v": 0.0053062708231875}, {"l": "Coffee", "v": 0.011577318159681819}, {"l": "Spices, Other", "v": 0.0070750277642500003}, {"l": "Tea", "v": 0.0046488888800000003}]}, {"source": 10, "prod": 32.0, "target": 4, "value": 0.028181437744235642, "supply": [{"l": "Crustaceans", "v": 0.00078611419602777775}, {"l": "Marine Fish, Other", "v": 0.0018866740704666664}, {"l": "Fish, Seafood", "v": 0.012021286112707967}, {"l": "Pelagic Fish", "v": 0.012288206116855264}, {"l": "Demersal Fish", "v": 0.0011991572481779662}]}, {"source": 11, "prod": 79.0, "target": 4, "value": 0.80974411765780419, "supply": [{"l": "Groundnut Oil", "v": 0.069546017597521284}, {"l": "Palm Oil", "v": 0.010612541646375}, {"l": "Sunflowerseed Oil", "v": 0.23959603226171783}, {"l": "Olive Oil", "v": 0.14407329265381819}, {"l": "Rape and Mustard Oil", "v": 0.34591623349837192}]}, {"source": 12, "prod": 55.0, "target": 13, "value": 0.063922222100000009, "supply": [{"l": "Sugar beet", "v": 0.063922222100000009}]}, {"source": 0, "prod": 1327.0, "target": 13, "value": 0.79339959237969704, "supply": [{"l": "Grapes", "v": 0.79339959237969704}]}, {"source": 2, "prod": 10.0, "target": 13, "value": 0.030442350539402384, "supply": [{"l": "Barley", "v": 0.030442350539402384}]}, {"source": 6, "prod": 206.0, "target": 13, "value": 0.7641029985390001, "supply": [{"l": "Olives", "v": 0.42450166585499999}, {"l": "Rape and Mustardseed", "v": 0.32140840414735722}, {"l": "Groundnuts", "v": 0.018192928536642859}]}, {"source": 3, "prod": 25.0, "target": 13, "value": 0.046569522963559262, "supply": [{"l": "Wine", "v": 0.046569522963559262}]}, {"source": 8, "prod": 2.0, "target": 14, "value": 0.0016264431641954025, "supply": [{"l": "Potatoes", "v": 0.0016264431641954025}]}, {"source": 3, "prod": 22.0, "target": 14, "value": 0.096484087196520019, "supply": [{"l": "Fats, Animals, Raw", "v": 0.070405154336926831}, {"l": "Wine", "v": 0.026078932859593187}]}, {"source": 11, "prod": 7.0, "target": 14, "value": 0.079725622781445252, "supply": [{"l": "Olive Oil", "v": 0.010290949475272726}, {"l": "Palm Oil", "v": 0.010612541646375}, {"l": "Oilcrops Oil, Other", "v": 0.028300111057000001}, {"l": "Rape and Mustard Oil", "v": 0.030522020602797528}]}, {"source": 6, "prod": 2.0, "target": 14, "value": 0.012128619024428572, "supply": [{"l": "Oilcrops, Other", "v": 0.012128619024428572}]}, {"source": 8, "prod": 46.0, "target": 8, "value": 0.037408192776494251, "supply": [{"l": "Potatoes", "v": 0.037408192776494251}]}, {"source": 0, "prod": 4.0, "target": 0, "value": 0.016465519160436363, "supply": [{"l": "Pulses, Other", "v": 0.016465519160436363}]}, {"source": 5, "prod": 2.0, "target": 5, "value": 0.0023260365252328768, "supply": [{"l": "Eggs", "v": 0.0023260365252328768}]}, {"source": 2, "prod": 253.0, "target": 2, "value": 0.81255018908745669, "supply": [{"l": "Wheat", "v": 0.59663950912844188}, {"l": "Barley", "v": 0.18874257334429484}, {"l": "Oats", "v": 0.027168106614720005}]}, {"source": 5, "prod": 28.0, "target": 15, "value": 0.023689903825627825, "supply": [{"l": "Milk - Excluding Butter", "v": 0.023689903825627825}]}, {"source": 2, "prod": 193.0, "target": 15, "value": 0.62230276090758607, "supply": [{"l": "Maize", "v": 0.0033960133268400006}, {"l": "Wheat", "v": 0.50861072909309801}, {"l": "Oats", "v": 0.0067920266536800012}, {"l": "Barley", "v": 0.10350399183396812}]}, {"source": 6, "prod": 6.0, "target": 15, "value": 0.036385857073285718, "supply": [{"l": "Rape and Mustardseed", "v": 0.036385857073285718}]}, {"source": 12, "prod": 21.0, "target": 15, "value": 0.02440666662, "supply": [{"l": "Sugar beet", "v": 0.02440666662}]}, {"source": 8, "prod": 34.0, "target": 15, "value": 0.027649533791321842, "supply": [{"l": "Potatoes", "v": 0.027649533791321842}]}, {"source": 0, "prod": 74.0, "target": 15, "value": 0.043953355906506855, "supply": [{"l": "Dates", "v": 0.011948935779622223}, {"l": "Bananas", "v": 0.0006431843422045455}, {"l": "Apples", "v": 0.0005895856470208334}, {"l": "Vegetables, Other", "v": 0.0070716698963030379}, {"l": "Fruits, Other", "v": 0.0038959999925506695}, {"l": "Grapes", "v": 0.00059788967021830988}, {"l": "Oranges, Mandarines", "v": 0.0076585352087242264}, {"l": "Lemons, Limes", "v": 0.0011622222200000001}, {"l": "Onions", "v": 0.00041822824222167488}, {"l": "Tomatoes", "v": 0.0017343453274231515}, {"l": "Pulses, Other", "v": 0.0082327595802181817}]}, {"source": 16, "prod": 35.0, "target": 9, "value": 0.036936639088827113, "supply": [{"l": "Cocoa Beans", "v": 0.0053062708231875}, {"l": "Pimento", "v": 0.003859106053227273}, {"l": "Pepper", "v": 0.0011622222200000001}, {"l": "Coffee", "v": 0.014885123348162339}, {"l": "Spices, Other", "v": 0.0070750277642500003}, {"l": "Tea", "v": 0.0034866666600000002}, {"l": "Infant food", "v": 0.0011622222200000001}]}, {"source": 16, "prod": 199.0, "target": 1, "value": 0.16996092136505864, "supply": [{"l": "Bovine Meat", "v": 0.002122508329275}, {"l": "Milk - Excluding Butter", "v": 0.1666753947731672}, {"l": "Eggs", "v": 0.0011630182626164384}]}, {"source": 16, "prod": 333.0, "target": 13, "value": 1.7620811591126091, "supply": [{"l": "Rape and Mustard Oil", "v": 0.18313212361678513}, {"l": "Groundnut Oil", "v": 0.0099351453710744692}, {"l": "Oilcrops Oil, Other", "v": 0.028300111057000001}, {"l": "Sugar", "v": 1.0792129094638729}, {"l": "Butter, Ghee", "v": 0.039098837644539475}, {"l": "Wine", "v": 0.0018627809185423705}, {"l": "Fats, Animals, Raw", "v": 0.14961095296596949}, {"l": "Sweeteners, Other", "v": 0.0060643095122142861}, {"l": "Honey", "v": 0.0040428730081428577}, {"l": "Palm Oil", "v": 0.02122508329275}, {"l": "Sunflowerseed Oil", "v": 0.23959603226171783}]}, {"source": 16, "prod": 752.0, "target": 2, "value": 2.4469930958167807, "supply": [{"l": "Maize", "v": 0.016980066634200004}, {"l": "Barley", "v": 0.11872516710366933}, {"l": "Rice", "v": 0.01601893078698113}, {"l": "Wheat", "v": 2.2952689312919303}]}, {"source": 16, "prod": 35.0, "target": 0, "value": 0.016591262071239499, "supply": [{"l": "Bananas", "v": 0.0064318434220454555}, {"l": "Vegetables, Other", "v": 0.0060240150968507355}, {"l": "Peas", "v": 0.0035375138821250002}, {"l": "Grapes", "v": 0.00059788967021830988}]}, {"source": 16, "prod": 65.0, "target": 6, "value": 0.39418011829392868, "supply": [{"l": "Rape and Mustardseed", "v": 0.35779426122064295}, {"l": "Groundnuts", "v": 0.024257238048857144}, {"l": "Oilcrops, Other", "v": 0.012128619024428572}]}, {"source": 16, "prod": 72.0, "target": 8, "value": 0.058551953911034488, "supply": [{"l": "Potatoes", "v": 0.058551953911034488}]}, {"source": 3, "prod": 640.0, "target": 17, "value": 1.1921797878671172, "supply": [{"l": "Wine", "v": 1.1921797878671172}]}, {"source": 6, "prod": 20.0, "target": 17, "value": 0.059834520520514294, "supply": [{"l": "Olives", "v": 0.053770211008300005}, {"l": "Cottonseed", "v": 0.0060643095122142861}]}, {"source": 8, "prod": 44.0, "target": 17, "value": 0.035781749612298852, "supply": [{"l": "Potatoes", "v": 0.035781749612298852}]}, {"source": 0, "prod": 283.0, "target": 17, "value": 0.17654620023696529, "supply": [{"l": "Grapes", "v": 0.037069159553535208}, {"l": "Vegetables, Other", "v": 0.004976360297398434}, {"l": "Fruits, Other", "v": 0.0064933333209177824}, {"l": "Dates", "v": 0.05775318960150741}, {"l": "Grapefruit", "v": 0.00062053700621142764}, {"l": "Pulses, Other", "v": 0.012349139370327273}, {"l": "Oranges, Mandarines", "v": 0.055797899377847938}, {"l": "Tomatoes", "v": 0.0014865817092198444}]}, {"source": 10, "prod": 6.0, "target": 17, "value": 0.0056053200870932705, "supply": [{"l": "Pelagic Fish", "v": 0.0033513289409605272}, {"l": "Fish, Seafood", "v": 0.0022539911461327434}]}, {"source": 11, "prod": 6.0, "target": 17, "value": 0.061745696851636361, "supply": [{"l": "Olive Oil", "v": 0.061745696851636361}]}, {"source": 18, "prod": 2.0, "target": 0, "value": 0.0065307948593076922, "supply": [{"l": "Beans", "v": 0.0065307948593076922}]}, {"source": 3, "prod": 317.0, "target": 19, "value": 0.59190416768904297, "supply": [{"l": "Beverages, Alcoholic", "v": 0.0032653974296538461}, {"l": "Wine", "v": 0.58863877025938915}]}, {"source": 9, "prod": 6.0, "target": 19, "value": 0.0033078051884805199, "supply": [{"l": "Coffee", "v": 0.0033078051884805199}]}, {"source": 2, "prod": 390.0, "target": 19, "value": 1.2499178094773473, "supply": [{"l": "Wheat", "v": 0.94549430408332347}, {"l": "Barley", "v": 0.30442350539402391}]}, {"source": 0, "prod": 13.0, "target": 19, "value": 0.029243612065296992, "supply": [{"l": "Fruits, Other", "v": 0.0045453333246424478}, {"l": "Pulses, Other", "v": 0.024698278740654545}]}, {"source": 18, "prod": 32.0, "target": 1, "value": 0.027074175800717512, "supply": [{"l": "Milk - Excluding Butter", "v": 0.027074175800717512}]}, {"source": 18, "prod": 1.0, "target": 9, "value": 0.0011622222200000001, "supply": [{"l": "Tea", "v": 0.0011622222200000001}]}, {"source": 18, "prod": 7.0, "target": 13, "value": 0.070613429910116057, "supply": [{"l": "Olive Oil", "v": 0.030872848425818181}, {"l": "Groundnut Oil", "v": 0.039740581484297877}]}, {"source": 7, "prod": 28.0, "target": 19, "value": 0.11577763013405536, "supply": [{"l": "Sugar", "v": 0.11577763013405536}]}, {"source": 1, "prod": 38.0, "target": 10, "value": 0.033786757831328909, "supply": [{"l": "Crustaceans", "v": 0.00078611419602777775}, {"l": "Demersal Fish", "v": 0.0011991572481779662}, {"l": "Pelagic Fish", "v": 0.01563953505781579}, {"l": "Marine Fish, Other", "v": 0.0018866740704666664}, {"l": "Fish, Seafood", "v": 0.01427527725884071}]}, {"source": 1, "prod": 843.0, "target": 5, "value": 0.84780503248220229, "supply": [{"l": "Poultry Meat", "v": 0.035772612291151688}, {"l": "Bovine Meat", "v": 0.070042774866075005}, {"l": "Eggs", "v": 0.013956219151397262}, {"l": "Milk - Excluding Butter", "v": 0.60155434357219228}, {"l": "Offals, Edible", "v": 0.017426910492994736}, {"l": "Meat, Other", "v": 0.010838340404808511}, {"l": "Mutton & Goat Meat", "v": 0.1005398682288158}]}, {"source": 13, "prod": 1073.0, "target": 3, "value": 2.0930426702123368, "supply": [{"l": "Fats, Animals, Raw", "v": 0.16721224155020123}, {"l": "Beer", "v": 0.023468384778975612}, {"l": "Beverages, Alcoholic", "v": 0.0097961922889615374}, {"l": "Butter, Ghee", "v": 0.039098837644539475}, {"l": "Wine", "v": 1.8534670139496587}]}, {"source": 13, "prod": 92.0, "target": 11, "value": 0.95121543729088576, "supply": [{"l": "Olive Oil", "v": 0.21610993898072728}, {"l": "Rape and Mustard Oil", "v": 0.37643825410116943}, {"l": "Groundnut Oil", "v": 0.069546017597521284}, {"l": "Palm Oil", "v": 0.02122508329275}, {"l": "Oilcrops Oil, Other", "v": 0.028300111057000001}, {"l": "Sunflowerseed Oil", "v": 0.23959603226171783}]}, {"source": 13, "prod": 272.0, "target": 7, "value": 1.1223994148796745, "supply": [{"l": "Honey", "v": 0.0040428730081428577}, {"l": "Sweeteners, Other", "v": 0.0060643095122142861}, {"l": "Sugar", "v": 1.1122922323593174}]}, {"source": 20, "prod": 0, "target": 2, "value": 0.0034943437267883244, "supply": "[{\"l\":'Energy for power irrigation',\"v\":0.0034943437267883244}]"}, {"source": 20, "prod": 0, "target": 6, "value": 0.00028712020625949649, "supply": "[{\"l\":'Energy for power irrigation',\"v\":0.00028712020625949649}]"}, {"source": 20, "prod": 0, "target": 12, "value": 0.00010618557506433933, "supply": "[{\"l\":'Energy for power irrigation',\"v\":0.00010618557506433933}]"}, {"source": 20, "prod": 0, "target": 8, "value": 0.00042963242542479402, "supply": "[{\"l\":'Energy for power irrigation',\"v\":0.00042963242542479402}]"}, {"source": 20, "prod": 0, "target": 0, "value": 0.0036158982666646077, "supply": "[{\"l\":'Energy for power irrigation',\"v\":0.0036158982666646077}]"}, {"source": 20, "prod": 0, "target": 9, "value": 3.7025233410592007e-05, "supply": "[{\"l\":'Energy for power irrigation',\"v\":3.7025233410592007e-05}]"}, {"source": 20, "prod": 0, "target": 13, "value": 0.010649175657174397, "supply": "[{\"l\":'Electricity',\"v\":0.010649175657174397}]"}, {"source": 21, "prod": 0, "target": 20, "value": 0.03733845772608195, "supply": [{"l": "Coal", "v": 0.0}, {"l": "Natural gas", "v": 0.02202868673615466}, {"l": "Oil", "v": 0.01530977098992729}]}, {"source": 22, "prod": 0, "target": 20, "value": 0.0038433355085779508, "supply": [{"l": "Nuclear", "v": 0.0}, {"l": "Hydroelectric", "v": 0.0038433355085779508}, {"l": "Renewable", "v": 0.0}]}, {"source": 21, "prod": 0, "target": 2, "value": 1.1790799008173243, "supply": [{"l": "Gas-Diesel oil", "v": 0.13091881663359625}, {"l": "Natural gas (including LNG)", "v": 0.1517846373311679}, {"l": "Liquefied petroleum gas (LPG)", "v": 0.036482710235228824}, {"l": "Other fossil fuels", "v": 0.85989373661733137}]}, {"source": 21, "prod": 0, "target": 6, "value": 0.096881615201103624, "supply": [{"l": "Gas-Diesel oil", "v": 0.010757223837746514}, {"l": "Natural gas (including LNG)", "v": 0.012471708505219914}, {"l": "Liquefied petroleum gas (LPG)", "v": 0.0029976797094520289}, {"l": "Other fossil fuels", "v": 0.070655003148685169}]}, {"source": 21, "prod": 0, "target": 12, "value": 0.035829697106004262, "supply": [{"l": "Gas-Diesel oil", "v": 0.0039783406893855724}, {"l": "Natural gas (including LNG)", "v": 0.0046124080116628392}, {"l": "Liquefied petroleum gas (LPG)", "v": 0.0011086309387754463}, {"l": "Other fossil fuels", "v": 0.026130317466180403}]}, {"source": 21, "prod": 0, "target": 8, "value": 0.14496884026442514, "supply": [{"l": "Gas-Diesel oil", "v": 0.016096575815606098}, {"l": "Natural gas (including LNG)", "v": 0.01866204557350425}, {"l": "Liquefied petroleum gas (LPG)", "v": 0.0044855791272822325}, {"l": "Other fossil fuels", "v": 0.10572463974803256}]}, {"source": 21, "prod": 0, "target": 0, "value": 1.2200954751360398, "supply": [{"l": "Gas-Diesel oil", "v": 0.13547296979118237}, {"l": "Natural gas (including LNG)", "v": 0.15706463071293983}, {"l": "Liquefied petroleum gas (LPG)", "v": 0.037751800915142825}, {"l": "Other fossil fuels", "v": 0.88980607371677478}]}, {"source": 21, "prod": 0, "target": 9, "value": 0.012493249648804118, "supply": [{"l": "Gas-Diesel oil", "v": 0.0013871845824831273}, {"l": "Natural gas (including LNG)", "v": 0.0016082738461719111}, {"l": "Liquefied petroleum gas (LPG)", "v": 0.00038656210365196479}, {"l": "Other fossil fuels", "v": 0.009111229116497116}]}, {"source": 23, "prod": 29.812954684897885, "target": 2, "value": 0.23574155510138137, "supply": [{"l": "Potash", "v": 0.048713888927859994}, {"l": "Phosphate", "v": 0.12204166676429999}, {"l": "Nitrogen", "v": 0.36694444473799998}]}, {"source": 23, "prod": 2.4496450170917696, "target": 6, "value": 0.019370207746235057, "supply": [{"l": "Potash", "v": 0.048713888927859994}, {"l": "Phosphate", "v": 0.12204166676429999}, {"l": "Nitrogen", "v": 0.36694444473799998}]}, {"source": 23, "prod": 0.9059514418441581, "target": 12, "value": 0.0071636778039604098, "supply": [{"l": "Potash", "v": 0.048713888927859994}, {"l": "Phosphate", "v": 0.12204166676429999}, {"l": "Nitrogen", "v": 0.36694444473799998}]}, {"source": 23, "prod": 3.6655272153562977, "target": 8, "value": 0.028984617430497711, "supply": [{"l": "Potash", "v": 0.048713888927859994}, {"l": "Phosphate", "v": 0.12204166676429999}, {"l": "Nitrogen", "v": 0.36694444473799998}]}, {"source": 23, "prod": 30.85003067753528, "target": 0, "value": 0.24394208100854659, "supply": [{"l": "Potash", "v": 0.048713888927859994}, {"l": "Phosphate", "v": 0.12204166676429999}, {"l": "Nitrogen", "v": 0.36694444473799998}]}, {"source": 23, "prod": 0.31589096327460781, "target": 9, "value": 0.0024978613395388273, "supply": [{"l": "Potash", "v": 0.048713888927859994}, {"l": "Phosphate", "v": 0.12204166676429999}, {"l": "Nitrogen", "v": 0.36694444473799998}]}, {"source": 21, "prod": 0, "target": 23, "value": 0.67847676413889069, "supply": [{"l": "Natural gas (including LNG)", "v": 0.45152387254564152}, {"l": "Fuel oil", "v": 0.16208768673909713}, {"l": "Liquefied petroleum gas (LPG)", "v": 0.032432602427076025}, {"l": "Coal", "v": 0.032432602427076025}]}, {"source": 24, "prod": 0, "target": 2, "value": 0.24102665994258349, "supply": "[{\"l\":'Labor',\"v\":0.24102665994258349}]"}, {"source": 24, "prod": 0, "target": 6, "value": 0.019804469659416599, "supply": "[{\"l\":'Labor',\"v\":0.019804469659416599}]"}, {"source": 24, "prod": 0, "target": 12, "value": 0.0073242807499545566, "supply": "[{\"l\":'Labor',\"v\":0.0073242807499545566}]"}, {"source": 24, "prod": 0, "target": 8, "value": 0.029634425402776662, "supply": "[{\"l\":'Labor',\"v\":0.029634425402776662}]"}, {"source": 24, "prod": 0, "target": 0, "value": 0.24941103395897884, "supply": "[{\"l\":'Labor',\"v\":0.24941103395897884}]"}, {"source": 24, "prod": 0, "target": 9, "value": 0.0025538610509709971, "supply": "[{\"l\":'Labor',\"v\":0.0025538610509709971}]"}, {"source": 21, "prod": 0, "target": 16, "value": 1.2231050794460312, "supply": "[{\"l\":'Fossil Fuels',\"v\":1.2231050794460312}]"}, {"source": 22, "prod": 0, "target": 16, "value": 0.015241932030314476, "supply": "[{\"l\":'Renewables & Nuclear',\"v\":0.013287849509007965},{\"l\":'Biomass & Waste',\"v\":0.0019540825213065103}]"}]}