{"nodes": [{"layer": 13, "name": "Aquatic Products", "fill": "#1f77b4"}, {"layer": 10, "name": "Feed", "fill": "#dbdb8d"}, {"layer": 5, "name": "Fruits, Roots & Vegetables", "fill": "#98df8a"}, {"layer": 5, "name": "Cereals", "fill": "#e7ba52"}, {"layer": 13, "name": "Other Processed", "fill": "#9c9ede"}, {"layer": 16, "name": "Food", "fill": "#b5cf6b"}, {"layer": 13, "name": "Animal Products", "fill": "#17becf"}, {"layer": 5, "name": "Oilcrops", "fill": "#ff9896"}, {"layer": 13, "name": "Sugar", "fill": "#d6616b"}, {"layer": 13, "name": "Vegetable Oils", "fill": "#f7b6d2"}, {"layer": 10, "name": "Processing", "fill": "#9edae5"}, {"layer": 5, "name": "Sugar Crops", "fill": "#ffbb78"}, {"layer": 16, "name": "Biofuels & Other", "fill": "#e7ba52"}, {"name": "Waste", "fill": "#c7c7c7"}, {"layer": 2, "name": "Import", "fill": "#aec7e8"}, {"layer": 16, "name": "Export", "fill": "#aec7e8"}, {"layer": 16, "name": "Stock Deposit", "fill": "#c7c7c7"}, {"layer": 0, "name": "Stock Draw", "fill": "#c7c7c7"}, {"layer": 2, "name": "Electricity", "fill": "#bcbd22"}, {"layer": 0, "name": "Fossil Fuels", "fill": "#c49c94"}, {"layer": 0, "name": "Renewables & Nuclear", "fill": "#2ca02c"}, {"layer": 2, "name": "Fertilizers", "fill": "#c5b0d5"}, {"layer": 0, "name": "Labor", "fill": "#7f7f7f"}], "links": [{"source": 0, "prod": 128.0, "target": 1, "value": 0.12890193220885127, "supply": [{"l": "Pelagic Fish", "v": 0.071873297922539686}, {"l": "Fish, Seafood", "v": 0.05702863428631158}]}, {"source": 2, "prod": 16.0, "target": 1, "value": 0.061663744500192741, "supply": [{"l": "Vegetables, Other", "v": 0.00029000967778309141}, {"l": "Pulses, Other", "v": 0.061373734822409647}]}, {"source": 3, "prod": 502.0, "target": 1, "value": 1.6140154857868656, "supply": [{"l": "Maize", "v": 0.2673388353666985}, {"l": "Barley", "v": 1.0106128316182921}, {"l": "Oats", "v": 0.33606381880187497}]}, {"source": 4, "prod": 116.0, "target": 5, "value": 0.48493599237024987, "supply": [{"l": "Beer", "v": 0.033105790293094343}, {"l": "Beverages, Alcoholic", "v": 0.0034155306448103444}, {"l": "Fats, Animals, Raw", "v": 0.10360718624257627}, {"l": "Butter, Ghee", "v": 0.34480748518976889}]}, {"source": 6, "prod": 1829.0, "target": 5, "value": 1.8013958500272502, "supply": [{"l": "Meat, Other", "v": 0.016018930786981134}, {"l": "Eggs", "v": 0.090910976227353987}, {"l": "Poultry Meat", "v": 0.090670258726310682}, {"l": "Milk - Excluding Butter", "v": 1.2816012465462669}, {"l": "Mutton & Goat Meat", "v": 0.17231704219629509}, {"l": "Offals, Edible", "v": 0.024944943251273197}, {"l": "Bovine Meat", "v": 0.124932452292769}]}, {"source": 3, "prod": 3751.0, "target": 5, "value": 12.191288130856378, "supply": [{"l": "Maize", "v": 0.092677462927122145}, {"l": "Barley", "v": 0.91016035136707629}, {"l": "Rice", "v": 0.092549011835054054}, {"l": "Cereals, Other", "v": 0.0070750277642500003}, {"l": "Wheat", "v": 11.08526854871571}, {"l": "Sorghum", "v": 0.0035577282471657146}]}, {"source": 7, "prod": 7.0, "target": 5, "value": 0.026485212630518479, "supply": [{"l": "Olives", "v": 0.0073826376670434787}, {"l": "Sesame seed", "v": 0.010612541646375}, {"l": "Groundnuts", "v": 0.0084900333171}]}, {"source": 2, "prod": 2474.0, "target": 5, "value": 1.9613836877475952, "supply": [{"l": "Infant food", "v": 0.0090964642683214296}, {"l": "Nuts", "v": 0.032037861573962267}, {"l": "Tomatoes", "v": 0.099178001932383034}, {"l": "Pepper", "v": 0.0065307948593076922}, {"l": "Treenuts", "v": 0.032037861573962267}, {"l": "Vegetables, Other", "v": 0.13224441306908966}, {"l": "Peas", "v": 0.014982411736058824}, {"l": "Grapes", "v": 0.041182997433694038}, {"l": "Pimento", "v": 0.026219220538102946}, {"l": "Dates", "v": 0.41367254172604589}, {"l": "Cocoa Beans", "v": 0.0048514476097714296}, {"l": "Potatoes", "v": 0.4379747099612088}, {"l": "Coffee", "v": 0.032946397946955225}, {"l": "Beans", "v": 0.1003367573839091}, {"l": "Apples", "v": 0.0084099386631650945}, {"l": "Lemons, Limes", "v": 0.0028849627776553395}, {"l": "Spices, Other", "v": 0.010612541646375}, {"l": "Tea", "v": 0.0063223652361382989}, {"l": "Fruits, Other", "v": 0.091265016782212841}, {"l": "Grapefruit", "v": 0.0025004114186907627}, {"l": "Oranges, Mandarines", "v": 0.14053239359094472}, {"l": "Onions", "v": 0.049611325122532177}, {"l": "Pulses, Other", "v": 0.26595285089710852}]}, {"source": 8, "prod": 571.0, "target": 5, "value": 2.105159130757448, "supply": [{"l": "Sugar", "v": 2.0819038221062613}, {"l": "Sweeteners, Other", "v": 0.014765275334086957}, {"l": "Honey", "v": 0.0084900333171}]}, {"source": 0, "prod": 96.0, "target": 5, "value": 0.093745803098612704, "supply": [{"l": "Crustaceans", "v": 0.0011171096469868424}, {"l": "Fish, Seafood", "v": 0.042771475714733685}, {"l": "Pelagic Fish", "v": 0.041551750361468257}, {"l": "Demersal Fish", "v": 0.0083054673754239146}]}, {"source": 9, "prod": 235.0, "target": 5, "value": 2.3994573102356118, "supply": [{"l": "Groundnut Oil", "v": 0.028300111057000001}, {"l": "Soyabean Oil", "v": 0.025470099951300004}, {"l": "Palm Oil", "v": 0.053062708231874998}, {"l": "Sunflowerseed Oil", "v": 1.0833061992273703}, {"l": "Olive Oil", "v": 0.1188604664394}, {"l": "Coconut Oil", "v": 0.038591060532272729}, {"l": "Rape and Mustard Oil", "v": 0.93300619835699361}, {"l": "Oilcrops Oil, Other", "v": 0.1188604664394}]}, {"source": 2, "prod": 343.0, "target": 10, "value": 0.21731950953472393, "supply": [{"l": "Grapes", "v": 0.21731950953472393}]}, {"source": 11, "prod": 37.0, "target": 10, "value": 0.043002222140000004, "supply": [{"l": "Sugar beet", "v": 0.043002222140000004}]}, {"source": 3, "prod": 13.0, "target": 10, "value": 0.039572189189872882, "supply": [{"l": "Barley", "v": 0.039572189189872882}]}, {"source": 7, "prod": 189.0, "target": 10, "value": 0.81019834247260281, "supply": [{"l": "Olives", "v": 0.18087462284256525}, {"l": "Rape and Mustardseed", "v": 0.62083368631293756}, {"l": "Groundnuts", "v": 0.0084900333171}]}, {"source": 4, "prod": 20.0, "target": 10, "value": 0.010679287191320757, "supply": [{"l": "Wine", "v": 0.010679287191320757}]}, {"source": 2, "prod": 14.0, "target": 12, "value": 0.011504026152827246, "supply": [{"l": "Potatoes", "v": 0.011504026152827246}]}, {"source": 4, "prod": 47.0, "target": 12, "value": 0.34099507016490116, "supply": [{"l": "Wine", "v": 0.0042717148765283024}, {"l": "Fats, Animals, Raw", "v": 0.33672335528837288}]}, {"source": 9, "prod": 25.0, "target": 12, "value": 0.25306162732914839, "supply": [{"l": "Oilcrops Oil, Other", "v": 0.019810077739900001}, {"l": "Rape and Mustard Oil", "v": 0.2332515495892484}]}, {"source": 2, "prod": 94.0, "target": 2, "value": 0.093590649293300243, "supply": [{"l": "Potatoes", "v": 0.073132737685830354}, {"l": "Pulses, Other", "v": 0.020457911607469882}]}, {"source": 6, "prod": 4.0, "target": 6, "value": 0.0055097561349911504, "supply": [{"l": "Eggs", "v": 0.0055097561349911504}]}, {"source": 3, "prod": 260.0, "target": 3, "value": 0.8323586570176944, "supply": [{"l": "Wheat", "v": 0.49217158213939199}, {"l": "Barley", "v": 0.28004933888217737}, {"l": "Oats", "v": 0.060137735996125007}]}, {"source": 7, "prod": 1.0, "target": 7, "value": 0.0068981520701437505, "supply": [{"l": "Rape and Mustardseed", "v": 0.0068981520701437505}]}, {"source": 2, "prod": 193.0, "target": 13, "value": 0.13858440712576245, "supply": [{"l": "Dates", "v": 0.017326598606326533}, {"l": "Grapes", "v": 0.0012671691518059702}, {"l": "Potatoes", "v": 0.059985279225456357}, {"l": "Apples", "v": 0.00040047326967452835}, {"l": "Vegetables, Other", "v": 0.013050435500239115}, {"l": "Fruits, Other", "v": 0.0056259256920542164}, {"l": "Oranges, Mandarines", "v": 0.0075963455995105263}, {"l": "Beans", "v": 0.003859106053227273}, {"l": "Lemons, Limes", "v": 0.00041213753966504852}, {"l": "Onions", "v": 0.0026577495601356528}, {"l": "Tomatoes", "v": 0.0059452753201973485}, {"l": "Pulses, Other", "v": 0.020457911607469882}]}, {"source": 11, "prod": 12.0, "target": 13, "value": 0.013946666640000001, "supply": [{"l": "Sugar beet", "v": 0.013946666640000001}]}, {"source": 6, "prod": 43.0, "target": 13, "value": 0.036942029081416812, "supply": [{"l": "Milk - Excluding Butter", "v": 0.034187151013921238}, {"l": "Eggs", "v": 0.0027548780674955752}]}, {"source": 3, "prod": 303.0, "target": 13, "value": 0.9779264086603684, "supply": [{"l": "Maize", "v": 0.028516142439114506}, {"l": "Wheat", "v": 0.73336825153220664}, {"l": "Oats", "v": 0.02122508329275}, {"l": "Barley", "v": 0.19481693139629727}]}, {"source": 7, "prod": 10.0, "target": 13, "value": 0.068981520701437496, "supply": [{"l": "Rape and Mustardseed", "v": 0.068981520701437496}]}, {"source": 14, "prod": 908.0, "target": 10, "value": 5.2974116052704607, "supply": [{"l": "Sugar", "v": 2.1409649234426094}, {"l": "Fats, Animals, Raw", "v": 0.40579481278342378}, {"l": "Soyabean Oil", "v": 0.025470099951300004}, {"l": "Butter, Ghee", "v": 0.34480748518976889}, {"l": "Palm Oil", "v": 0.053062708231874998}, {"l": "Sunflowerseed Oil", "v": 0.96981697835593139}, {"l": "Coconut Oil", "v": 0.038591060532272729}, {"l": "Rape and Mustard Oil", "v": 1.1561163762249702}, {"l": "Oilcrops Oil, Other", "v": 0.13867054417930003}, {"l": "Sweeteners, Other", "v": 0.018456594167608701}, {"l": "Honey", "v": 0.0056600222113999997}]}, {"source": 14, "prod": 3341.0, "target": 3, "value": 10.892507568799198, "supply": [{"l": "Maize", "v": 0.38140340512315651}, {"l": "Barley", "v": 0.84928006030573344}, {"l": "Rice", "v": 0.12199642469166216}, {"l": "Cereals, Other", "v": 0.0070750277642500003}, {"l": "Wheat", "v": 9.5044525398573967}, {"l": "Oats", "v": 0.028300111057000001}]}, {"source": 14, "prod": 75.0, "target": 7, "value": 0.51736140526078123, "supply": [{"l": "Sesame seed", "v": 0.010612541646375}, {"l": "Groundnuts", "v": 0.0169800666342}, {"l": "Rape and Mustardseed", "v": 0.48976879698020626}]}, {"source": 14, "prod": 462.0, "target": 2, "value": 0.58743157124051837, "supply": [{"l": "Vegetables, Other", "v": 0.00029000967778309141}, {"l": "Nuts", "v": 0.019222716944377362}, {"l": "Infant food", "v": 0.0090964642683214296}, {"l": "Tomatoes", "v": 0.030266856175550135}, {"l": "Pepper", "v": 0.0065307948593076922}, {"l": "Treenuts", "v": 0.019222716944377362}, {"l": "Cocoa Beans", "v": 0.0048514476097714296}, {"l": "Peas", "v": 0.004994137245352942}, {"l": "Grapes", "v": 0.0019007537277089554}, {"l": "Pimento", "v": 0.0074912058680294122}, {"l": "Potatoes", "v": 0.13804831383392696}, {"l": "Coffee", "v": 0.032946397946955225}, {"l": "Beans", "v": 0.1003367573839091}, {"l": "Pulses, Other", "v": 0.18821278678872294}, {"l": "Spices, Other", "v": 0.010612541646375}, {"l": "Tea", "v": 0.0090319503373404251}, {"l": "Fruits, Other", "v": 0.0043757199827088346}]}, {"source": 14, "prod": 960.0, "target": 1, "value": 0.87525034335422414, "supply": [{"l": "Meat, Other", "v": 0.0016018930786981134}, {"l": "Eggs", "v": 0.064739634586146011}, {"l": "Milk - Excluding Butter", "v": 0.63454687613644045}, {"l": "Fish, Seafood", "v": 0.057919706697035195}, {"l": "Mutton & Goat Meat", "v": 0.0091902422504690721}, {"l": "Pelagic Fish", "v": 0.072996318202579374}, {"l": "Bovine Meat", "v": 0.034255672402856013}]}, {"source": 2, "prod": 22.0, "target": 15, "value": 0.011838187648899724, "supply": [{"l": "Oranges, Mandarines", "v": 0.007216528319534999}, {"l": "Vegetables, Other", "v": 0.00029000967778309141}, {"l": "Dates", "v": 0.0043316496515816332}]}, {"source": 4, "prod": 226.0, "target": 15, "value": 0.12067594526192454, "supply": [{"l": "Wine", "v": 0.12067594526192454}]}, {"source": 6, "prod": 2.0, "target": 15, "value": 0.0016676659031181094, "supply": [{"l": "Milk - Excluding Butter", "v": 0.0016676659031181094}]}, {"source": 7, "prod": 2.0, "target": 15, "value": 0.0036913188335217393, "supply": [{"l": "Olives", "v": 0.0036913188335217393}]}, {"source": 9, "prod": 30.0, "target": 16, "value": 0.30424115163815008, "supply": [{"l": "Rape and Mustard Oil", "v": 0.30424115163815008}]}, {"source": 4, "prod": 30.0, "target": 16, "value": 0.016018930786981134, "supply": [{"l": "Wine", "v": 0.016018930786981134}]}, {"source": 3, "prod": 932.0, "target": 16, "value": 2.9863335669774989, "supply": [{"l": "Wheat", "v": 2.1186193933152633}, {"l": "Barley", "v": 0.83405998754039767}, {"l": "Rice", "v": 0.033654186121837834}]}, {"source": 2, "prod": 58.0, "target": 16, "value": 0.064253304397340755, "supply": [{"l": "Potatoes", "v": 0.041085807688668742}, {"l": "Tea", "v": 0.0027095851012021279}, {"l": "Pulses, Other", "v": 0.020457911607469882}]}, {"source": 17, "prod": 14.0, "target": 10, "value": 0.14178933192843879, "supply": [{"l": "Groundnut Oil", "v": 0.028300111057000001}, {"l": "Sunflowerseed Oil", "v": 0.11348922087143878}]}, {"source": 8, "prod": 23.0, "target": 16, "value": 0.084900333171, "supply": [{"l": "Sweeteners, Other", "v": 0.0036913188335217393}, {"l": "Sugar", "v": 0.081209014337478264}]}, {"source": 1, "prod": 224.0, "target": 0, "value": 0.22264773530746396, "supply": [{"l": "Crustaceans", "v": 0.0011171096469868424}, {"l": "Pelagic Fish", "v": 0.11342504828400794}, {"l": "Demersal Fish", "v": 0.0083054673754239146}, {"l": "Fish, Seafood", "v": 0.099800110001045272}]}, {"source": 1, "prod": 1874.0, "target": 6, "value": 1.8400055450117851, "supply": [{"l": "Milk - Excluding Butter", "v": 1.3174560634633063}, {"l": "Bovine Meat", "v": 0.124932452292769}, {"l": "Eggs", "v": 0.099175610429840716}, {"l": "Poultry Meat", "v": 0.090670258726310682}, {"l": "Offals, Edible", "v": 0.024944943251273197}, {"l": "Meat, Other", "v": 0.016018930786981134}, {"l": "Mutton & Goat Meat", "v": 0.17231704219629509}]}, {"source": 10, "prod": 439.0, "target": 4, "value": 0.97330522577537759, "supply": [{"l": "Fats, Animals, Raw", "v": 0.44033054153094914}, {"l": "Beer", "v": 0.033105790293094343}, {"l": "Beverages, Alcoholic", "v": 0.0034155306448103444}, {"l": "Butter, Ghee", "v": 0.34480748518976889}, {"l": "Wine", "v": 0.15164587811675473}]}, {"source": 10, "prod": 290.0, "target": 9, "value": 2.9567600892029104, "supply": [{"l": "Olive Oil", "v": 0.1188604664394}, {"l": "Soyabean Oil", "v": 0.025470099951300004}, {"l": "Coconut Oil", "v": 0.038591060532272729}, {"l": "Rape and Mustard Oil", "v": 1.4704988995843919}, {"l": "Groundnut Oil", "v": 0.028300111057000001}, {"l": "Palm Oil", "v": 0.053062708231874998}, {"l": "Oilcrops Oil, Other", "v": 0.1386705441793}, {"l": "Sunflowerseed Oil", "v": 1.0833061992273703}]}, {"source": 10, "prod": 594.0, "target": 8, "value": 2.1900594639284479, "supply": [{"l": "Honey", "v": 0.0084900333171}, {"l": "Sweeteners, Other", "v": 0.018456594167608698}, {"l": "Sugar", "v": 2.1631128364437395}]}, {"source": 18, "prod": 0, "target": 2, "value": 0.035845484389684983, "supply": "[{\"l\":'Energy for power irrigation',\"v\":0.035845484389684983}]"}, {"source": 18, "prod": 0, "target": 11, "value": 0.00058861552784670397, "supply": "[{\"l\":'Energy for power irrigation',\"v\":0.00058861552784670397}]"}, {"source": 18, "prod": 0, "target": 3, "value": 0.049125371451614198, "supply": "[{\"l\":'Energy for power irrigation',\"v\":0.049125371451614198}]"}, {"source": 18, "prod": 0, "target": 7, "value": 0.0020541480665670687, "supply": "[{\"l\":'Energy for power irrigation',\"v\":0.0020541480665670687}]"}, {"source": 18, "prod": 0, "target": 10, "value": 0.056000000044799991, "supply": "[{\"l\":'Electricity',\"v\":0.056000000044799991}]"}, {"source": 19, "prod": 0, "target": 18, "value": 0.316827810979108, "supply": [{"l": "Coal", "v": 0.0}, {"l": "Natural gas", "v": 0.27056142551651924}, {"l": "Oil", "v": 0.046266385462588745}]}, {"source": 20, "prod": 0, "target": 18, "value": 0.0051816229406839607, "supply": [{"l": "Nuclear", "v": 0.0}, {"l": "Hydroelectric", "v": 0.0051816229406839607}, {"l": "Renewable", "v": 0.0}]}, {"source": 19, "prod": 0, "target": 2, "value": 2.836458708840544, "supply": [{"l": "Gas-Diesel oil", "v": 0.12217118753251523}, {"l": "Natural gas (including LNG)", "v": 0.14164281246017812}, {"l": "Liquefied petroleum gas (LPG)", "v": 0.034045037592394245}, {"l": "Other fossil fuels", "v": 2.5385996712554562}]}, {"source": 19, "prod": 0, "target": 11, "value": 0.046577237511121541, "supply": [{"l": "Gas-Diesel oil", "v": 0.0020061622617604715}, {"l": "Natural gas (including LNG)", "v": 0.0023259040920069465}, {"l": "Liquefied petroleum gas (LPG)", "v": 0.00055905055027725135}, {"l": "Other fossil fuels", "v": 0.041686120607076868}]}, {"source": 19, "prod": 0, "target": 3, "value": 3.8872982204435012, "supply": [{"l": "Gas-Diesel oil", "v": 0.16743266468304996}, {"l": "Natural gas (including LNG)", "v": 0.19411805682168182}, {"l": "Liquefied petroleum gas (LPG)", "v": 0.046657902558343255}, {"l": "Other fossil fuels", "v": 3.4790895963804256}]}, {"source": 19, "prod": 0, "target": 7, "value": 0.16254505335513841, "supply": [{"l": "Gas-Diesel oil", "v": 0.0070010968726742983}, {"l": "Natural gas (including LNG)", "v": 0.0081169306067997524}, {"l": "Liquefied petroleum gas (LPG)", "v": 0.0019509723285185711}, {"l": "Other fossil fuels", "v": 0.14547605354714579}]}, {"source": 21, "prod": 96.432275313635415, "target": 2, "value": 0.86764488601818668, "supply": [{"l": "Potash", "v": 0.091787222295651977}, {"l": "Phosphate", "v": 0.48774583372353003}, {"l": "Nitrogen", "v": 1.5411666678995999}]}, {"source": 21, "prod": 1.5835058613834236, "target": 11, "value": 0.014247519911156553, "supply": [{"l": "Potash", "v": 0.091787222295651977}, {"l": "Phosphate", "v": 0.48774583372353003}, {"l": "Nitrogen", "v": 1.5411666678995999}]}, {"source": 21, "prod": 132.15810653321452, "target": 3, "value": 1.189086381156627, "supply": [{"l": "Potash", "v": 0.091787222295651977}, {"l": "Phosphate", "v": 0.48774583372353003}, {"l": "Nitrogen", "v": 1.5411666678995999}]}, {"source": 21, "prod": 5.5261122917666414, "target": 7, "value": 0.049720936832811639, "supply": [{"l": "Potash", "v": 0.091787222295651977}, {"l": "Phosphate", "v": 0.48774583372353003}, {"l": "Nitrogen", "v": 1.5411666678995999}]}, {"source": 19, "prod": 0, "target": 21, "value": 2.5708781210281435, "supply": [{"l": "Natural gas (including LNG)", "v": 1.7500298879816074}, {"l": "Fuel oil", "v": 0.54841437265909754}, {"l": "Liquefied petroleum gas (LPG)", "v": 0.1362169301937193}, {"l": "Coal", "v": 0.1362169301937193}]}, {"source": 22, "prod": 0, "target": 3, "value": 0.66393927136019093, "supply": "[{\"l\":'Labor',\"v\":0.66393927136019093}]"}, {"source": 22, "prod": 0, "target": 7, "value": 0.027762224086708066, "supply": "[{\"l\":'Labor',\"v\":0.027762224086708066}]"}, {"source": 22, "prod": 0, "target": 2, "value": 0.48445892792243783, "supply": "[{\"l\":'Labor',\"v\":0.48445892792243783}]"}, {"source": 22, "prod": 0, "target": 11, "value": 0.0079552571944368142, "supply": "[{\"l\":'Labor',\"v\":0.0079552571944368142}]"}, {"source": 19, "prod": 0, "target": 14, "value": 6.9446403123515061, "supply": "[{\"l\":'Fossil Fuels',\"v\":6.9446403123515061}]"}, {"source": 20, "prod": 0, "target": 14, "value": 0.018617760515317307, "supply": "[{\"l\":'Renewables & Nuclear',\"v\":0.013735096061602291},{\"l\":'Biomass & Waste',\"v\":0.0048826644537150162}]"}]}