{"nodes": [{"layer": 3, "name": "Cereals", "fill": "#e7ba52"}, {"layer": 5, "name": "Production", "fill": "#b5cf6b"}, {"layer": 3, "name": "Oilcrops", "fill": "#ff9896"}, {"layer": 3, "name": "Sugar Crops", "fill": "#ffbb78"}, {"layer": 3, "name": "Starchy Roots"}, {"layer": 3, "name": "Fruits & Vegetables"}, {"layer": 3, "name": "Others"}, {"layer": 1, "name": "Electricity", "fill": "#bcbd22"}, {"layer": 0, "name": "Fossil Fuels", "fill": "#c49c94"}, {"layer": 0, "name": "Renewables & Nuclear", "fill": "#2ca02c"}, {"layer": 1, "name": "Fertilizers", "fill": "#c5b0d5"}, {"layer": 0, "name": "Labor", "fill": "#7f7f7f"}], "links": [{"source": 0, "prod": 2918.0, "target": 1, "value": 9.2232463175940005, "supply": [{"l": "Maize", "v": 0.0036685329147962964}, {"l": "Barley", "v": 4.023713601547029}, {"l": "Rice", "v": 0.0042839617655091745}, {"l": "Wheat", "v": 4.8174690719218081}, {"l": "Oats", "v": 0.37411114944485768}]}, {"source": 2, "prod": 225.0, "target": 1, "value": 0.40327658256225002, "supply": [{"l": "Olives", "v": 0.14061617681446875}, {"l": "Rape and Mustardseed", "v": 0.26266040574778127}]}, {"source": 3, "prod": 112.0, "target": 1, "value": 0.13016888864000001, "supply": [{"l": "Sugar beet", "v": 0.13016888864000001}]}, {"source": 4, "prod": 815.0, "target": 1, "value": 0.67295688025941036, "supply": [{"l": "Potatoes", "v": 0.67295688025941036}]}, {"source": 5, "prod": 2713.0, "target": 1, "value": 1.7082322868536994, "supply": [{"l": "Tomatoes", "v": 0.096058057754819709}, {"l": "Treenuts", "v": 0.033387771471741573}, {"l": "Vegetables, Other", "v": 0.28537383329581556}, {"l": "Peas", "v": 0.02497068622676471}, {"l": "Grapes", "v": 0.32152984703810561}, {"l": "Dates", "v": 0.42574026488004107}, {"l": "Beans", "v": 0.0039488527056279069}, {"l": "Apples", "v": 0.020260306779443186}, {"l": "Lemons, Limes", "v": 0.0022147913001130436}, {"l": "Fruits, Other", "v": 0.13843748444118353}, {"l": "Grapefruit", "v": 0.0013711294116763564}, {"l": "Oranges, Mandarines", "v": 0.082044358660660552}, {"l": "Onions", "v": 0.071351085271089298}, {"l": "Pulses, Other", "v": 0.20154381761661724}]}, {"source": 6, "prod": 16.0, "target": 1, "value": 0.052980156049664648, "supply": [{"l": "Nuts", "v": 0.033387771471741573}, {"l": "Pimento", "v": 0.019592384577923075}]}, {"source": 7, "prod": 0, "target": 0, "value": 0.067754452189985576, "supply": "[{\"l\":'Energy for power irrigation',\"v\":0.067754452189985576}]"}, {"source": 7, "prod": 0, "target": 2, "value": 0.0027845135597224084, "supply": "[{\"l\":'Energy for power irrigation',\"v\":0.0027845135597224084}]"}, {"source": 7, "prod": 0, "target": 3, "value": 0.0013738569105238316, "supply": "[{\"l\":'Energy for power irrigation',\"v\":0.0013738569105238316}]"}, {"source": 7, "prod": 0, "target": 4, "value": 0.012131647183107762, "supply": "[{\"l\":'Energy for power irrigation',\"v\":0.012131647183107762}]"}, {"source": 7, "prod": 0, "target": 5, "value": 0.034959751741008217, "supply": "[{\"l\":'Energy for power irrigation',\"v\":0.034959751741008217}]"}, {"source": 7, "prod": 0, "target": 6, "value": 0.00087092714863564315, "supply": "[{\"l\":'Energy for power irrigation',\"v\":0.00087092714863564315}]"}, {"source": 8, "prod": 0, "target": 7, "value": 0.25040380387200345, "supply": [{"l": "Coal", "v": 0.0}, {"l": "Natural gas", "v": 0.22094981888705473}, {"l": "Oil", "v": 0.029453984984948719}]}, {"source": 9, "prod": 0, "target": 7, "value": 0.0063092183543675441, "supply": [{"l": "Nuclear", "v": 0.0}, {"l": "Hydroelectric", "v": 0.0063092183543675441}, {"l": "Renewable", "v": 0.0}]}, {"source": 8, "prod": 0, "target": 0, "value": 0.44322820271573088, "supply": [{"l": "Gas-Diesel oil", "v": 0.16877753630511383}, {"l": "Natural gas (including LNG)", "v": 0.19567727387436298}, {"l": "Liquefied petroleum gas (LPG)", "v": 0.047032673450358387}, {"l": "Other fossil fuels", "v": 0.031740719085895736}]}, {"source": 8, "prod": 0, "target": 2, "value": 0.01821540726287153, "supply": [{"l": "Gas-Diesel oil", "v": 0.006936272425321053}, {"l": "Natural gas (including LNG)", "v": 0.0080417744490776481}, {"l": "Liquefied petroleum gas (LPG)", "v": 0.0019329079158561333}, {"l": "Other fossil fuels", "v": 0.0013044524726166979}]}, {"source": 8, "prod": 0, "target": 3, "value": 0.0089873375041480685, "supply": [{"l": "Gas-Diesel oil", "v": 0.0034223018133742642}, {"l": "Natural gas (including LNG)", "v": 0.0039677477458004264}, {"l": "Liquefied petroleum gas (LPG)", "v": 0.00095368143866029489}, {"l": "Other fossil fuels", "v": 0.00064360650631308447}]}, {"source": 8, "prod": 0, "target": 4, "value": 0.079361399925021781, "supply": [{"l": "Gas-Diesel oil", "v": 0.030220147262742386}, {"l": "Natural gas (including LNG)", "v": 0.035036629648184117}, {"l": "Liquefied petroleum gas (LPG)", "v": 0.0084213477038842105}, {"l": "Other fossil fuels", "v": 0.0056832753102110762}]}, {"source": 8, "prod": 0, "target": 5, "value": 0.22869564184662497, "supply": [{"l": "Gas-Diesel oil", "v": 0.087085358643898686}, {"l": "Natural gas (including LNG)", "v": 0.10096500960295728}, {"l": "Liquefied petroleum gas (LPG)", "v": 0.024267786608766433}, {"l": "Other fossil fuels", "v": 0.016377486991002596}]}, {"source": 8, "prod": 0, "target": 6, "value": 0.0056973300249510079, "supply": [{"l": "Gas-Diesel oil", "v": 0.0021694948995497568}, {"l": "Natural gas (including LNG)", "v": 0.0025152686602841986}, {"l": "Liquefied petroleum gas (LPG)", "v": 0.00060456591200786555}, {"l": "Other fossil fuels", "v": 0.00040800055310918746}]}, {"source": 10, "prod": 158.61558986953185, "target": 0, "value": 1.4065438223830162, "supply": [{"l": "Potash", "v": 0.12552543621153148}, {"l": "Phosphate", "v": 0.56181250044944997}, {"l": "Nitrogen", "v": 1.8012018486631836}]}, {"source": 10, "prod": 6.5186455871066764, "target": 2, "value": 0.057804914941784136, "supply": [{"l": "Potash", "v": 0.12552543621153148}, {"l": "Phosphate", "v": 0.56181250044944997}, {"l": "Nitrogen", "v": 1.8012018486631836}]}, {"source": 10, "prod": 3.2162480429777438, "target": 3, "value": 0.028520486667311998, "supply": [{"l": "Potash", "v": 0.12552543621153148}, {"l": "Phosphate", "v": 0.56181250044944997}, {"l": "Nitrogen", "v": 1.8012018486631836}]}, {"source": 10, "prod": 28.400618879508826, "target": 4, "value": 0.25184608316046042, "supply": [{"l": "Potash", "v": 0.12552543621153148}, {"l": "Phosphate", "v": 0.56181250044944997}, {"l": "Nitrogen", "v": 1.8012018486631836}]}, {"source": 10, "prod": 81.842026093630096, "target": 5, "value": 0.72574452680213564, "supply": [{"l": "Potash", "v": 0.12552543621153148}, {"l": "Phosphate", "v": 0.56181250044944997}, {"l": "Nitrogen", "v": 1.8012018486631836}]}, {"source": 10, "prod": 2.0388715272448197, "target": 6, "value": 0.018079951369456712, "supply": [{"l": "Potash", "v": 0.12552543621153148}, {"l": "Phosphate", "v": 0.56181250044944997}, {"l": "Nitrogen", "v": 1.8012018486631836}]}, {"source": 8, "prod": 0, "target": 10, "value": 3.0359204351769402, "supply": [{"l": "Natural gas (including LNG)", "v": 2.0586170319550989}, {"l": "Fuel oil", "v": 0.65890281541450824}, {"l": "Liquefied petroleum gas (LPG)", "v": 0.15920029390366672}, {"l": "Coal", "v": 0.15920029390366672}]}, {"source": 11, "prod": 0, "target": 0, "value": 0.71095242908297951, "supply": "[{\"l\":'Labor',\"v\":0.71095242908297951}]"}, {"source": 11, "prod": 0, "target": 2, "value": 0.029218104716545002, "supply": "[{\"l\":'Labor',\"v\":0.029218104716545002}]"}, {"source": 11, "prod": 0, "target": 3, "value": 0.014415981181731456, "supply": "[{\"l\":'Labor',\"v\":0.014415981181731456}]"}, {"source": 11, "prod": 0, "target": 4, "value": 0.12729826239939651, "supply": "[{\"l\":'Labor',\"v\":0.12729826239939651}]"}, {"source": 11, "prod": 0, "target": 5, "value": 0.36683523542798796, "supply": "[{\"l\":'Labor',\"v\":0.36683523542798796}]"}, {"source": 11, "prod": 0, "target": 6, "value": 0.0091387023562761911, "supply": "[{\"l\":'Labor',\"v\":0.0091387023562761911}]"}]}