{"nodes": [{"layer": 13, "name": "Milk - Excluding Butter"}, {"layer": 10, "name": "Feed", "fill": "#dbdb8d"}, {"layer": 13, "name": "Animal Fats"}, {"layer": 5, "name": "Starchy Roots"}, {"layer": 5, "name": "Pulses"}, {"layer": 13, "name": "Fish, Seafood"}, {"layer": 5, "name": "Cereals - Excluding Beer"}, {"layer": 16, "name": "Food", "fill": "#b5cf6b"}, {"layer": 13, "name": "Meat"}, {"layer": 5, "name": "Treenuts"}, {"layer": 5, "name": "Vegetables"}, {"layer": 13, "name": "Alcoholic Beverages"}, {"layer": 5, "name": "Others"}, {"layer": 13, "name": "Sugar & Sweeteners"}, {"layer": 5, "name": "Fruits - Excluding Wine"}, {"layer": 13, "name": "Vegetable Oils", "fill": "#f7b6d2"}, {"layer": 5, "name": "Stimulants"}, {"layer": 13, "name": "Eggs"}, {"layer": 5, "name": "Oilcrops", "fill": "#ff9896"}, {"layer": 10, "name": "Processing", "fill": "#9edae5"}, {"layer": 5, "name": "Sugar Crops", "fill": "#ffbb78"}, {"layer": 16, "name": "Biofuels & Other", "fill": "#e7ba52"}, {"name": "Waste", "fill": "#c7c7c7"}, {"layer": 2, "name": "Import", "fill": "#aec7e8"}, {"layer": 16, "name": "Export", "fill": "#aec7e8"}, {"layer": 0, "name": "Stock Draw", "fill": "#c7c7c7"}, {"layer": 16, "name": "Stock Deposit", "fill": "#c7c7c7"}, {"name": "Crop Residue", "fill": "#bd9e39"}, {"layer": 2, "name": "Electricity", "fill": "#bcbd22"}, {"layer": 0, "name": "Fossil Fuels", "fill": "#c49c94"}, {"layer": 0, "name": "Renewables & Nuclear", "fill": "#2ca02c"}, {"layer": 2, "name": "Fertilizers", "fill": "#c5b0d5"}, {"layer": 0, "name": "Labor", "fill": "#7f7f7f"}], "links": [{"source": 0, "prod": 1694.0, "target": 1, "value": 1.118239351802192, "supply": [{"l": "Milk - Excluding Butter", "v": 1.118239351802192}]}, {"source": 2, "prod": 1.0, "target": 1, "value": 0.0083021006410978811, "supply": [{"l": "Fish, Body Oil", "v": 0.0083021006410978811}]}, {"source": 3, "prod": 291.0, "target": 1, "value": 0.217121348085977, "supply": [{"l": "Potatoes", "v": 0.217121348085977}]}, {"source": 4, "prod": 5.0, "target": 1, "value": 0.019472553479587162, "supply": [{"l": "Peas", "v": 0.015578042783669728}, {"l": "Pulses, Other", "v": 0.0038945106959174321}]}, {"source": 5, "prod": 328.0, "target": 1, "value": 0.3151116730380078, "supply": [{"l": "Pelagic Fish", "v": 0.17105226830520884}, {"l": "Fish, Seafood", "v": 0.14405940473279893}]}, {"source": 6, "prod": 1680.0, "target": 1, "value": 4.6729279261987573, "supply": [{"l": "Maize", "v": 0.048562762847789334}, {"l": "Wheat", "v": 0.37026441541766031}, {"l": "Oats", "v": 2.1623318388462276}, {"l": "Rye", "v": 0.2085595140939783}, {"l": "Barley", "v": 1.7446220864345576}, {"l": "Cereals, Other", "v": 0.13858730855854415}]}, {"source": 0, "prod": 1567.0, "target": 7, "value": 1.0344044063010833, "supply": [{"l": "Milk - Excluding Butter", "v": 1.0344044063010833}]}, {"source": 8, "prod": 197.0, "target": 7, "value": 0.58459781274280664, "supply": [{"l": "Meat, Other", "v": 0.0074912058680294122}, {"l": "Mutton & Goat Meat", "v": 0.0018456594167608697}, {"l": "Pigmeat", "v": 0.35729914388351358}, {"l": "Poultry Meat", "v": 0.009839442586043046}, {"l": "Bovine Meat", "v": 0.18900066432832469}, {"l": "Offals, Edible", "v": 0.019121696660135135}]}, {"source": 9, "prod": 1.0, "target": 7, "value": 0.0019295530266136365, "supply": [{"l": "Treenuts", "v": 0.0019295530266136365}]}, {"source": 4, "prod": 5.0, "target": 7, "value": 0.019472553479587158, "supply": [{"l": "Peas", "v": 0.019472553479587158}]}, {"source": 10, "prod": 78.0, "target": 7, "value": 0.021609777072366693, "supply": [{"l": "Vegetables, Other", "v": 0.015582972544044307}, {"l": "Tomatoes", "v": 0.0020408733935336539}, {"l": "Onions", "v": 0.003985931134788733}]}, {"source": 11, "prod": 185.0, "target": 7, "value": 0.16664928890752076, "supply": [{"l": "Beer", "v": 0.087736252441847587}, {"l": "Beverages, Alcoholic", "v": 0.068626135357621243}, {"l": "Wine", "v": 0.0082161612746129032}, {"l": "Beverages, Fermented", "v": 0.0020707398334390242}]}, {"source": 12, "prod": 1.0, "target": 7, "value": 0.002497068622676471, "supply": [{"l": "Nuts", "v": 0.002497068622676471}]}, {"source": 3, "prod": 470.0, "target": 7, "value": 0.35067709141034081, "supply": [{"l": "Potatoes", "v": 0.35067709141034081}]}, {"source": 5, "prod": 204.0, "target": 7, "value": 0.17823043043584094, "supply": [{"l": "Crustaceans", "v": 0.00078611419602777775}, {"l": "Marine Fish, Other", "v": 0.0020457911607469881}, {"l": "Freshwater Fish", "v": 0.023367064175504586}, {"l": "Fish, Seafood", "v": 0.0895979224557652}, {"l": "Pelagic Fish", "v": 0.058408091616412777}, {"l": "Demersal Fish", "v": 0.004025446831383621}]}, {"source": 13, "prod": 213.0, "target": 7, "value": 0.87771377373634962, "supply": [{"l": "Sugar", "v": 0.8480545126088489}, {"l": "Sweeteners, Other", "v": 0.025414244468950666}, {"l": "Honey", "v": 0.00424501665855}]}, {"source": 6, "prod": 481.0, "target": 7, "value": 1.6088570072987194, "supply": [{"l": "Rye", "v": 0.44029230753173193}, {"l": "Barley", "v": 0.066289612956062657}, {"l": "Rice", "v": 0.0679202665368}, {"l": "Wheat", "v": 0.97034812316352359}, {"l": "Oats", "v": 0.056515491242571859}, {"l": "Cereals, Other", "v": 0.0074912058680294122}]}, {"source": 14, "prod": 209.0, "target": 7, "value": 0.11857236471139496, "supply": [{"l": "Grapefruit", "v": 0.0023244444400000001}, {"l": "Grapes", "v": 0.019859727057543856}, {"l": "Apples", "v": 0.030973411450006517}, {"l": "Lemons, Limes", "v": 0.0034866666600000002}, {"l": "Bananas", "v": 0.011676836653891118}, {"l": "Fruits, Other", "v": 0.032853022442327545}, {"l": "Oranges, Mandarines", "v": 0.017398256007625932}]}, {"source": 15, "prod": 22.0, "target": 7, "value": 0.23304600747058812, "supply": [{"l": "Soyabean Oil", "v": 0.12835325959710236}, {"l": "Coconut Oil", "v": 0.010107182520357146}, {"l": "Oilcrops Oil, Other", "v": 0.094585565353128634}]}, {"source": 2, "prod": 103.0, "target": 7, "value": 0.74972624658317011, "supply": [{"l": "Fats, Animals, Raw", "v": 0.082541990582916683}, {"l": "Butter, Ghee", "v": 0.62625016679280698}, {"l": "Cream", "v": 0.040934089207446435}]}, {"source": 16, "prod": 51.0, "target": 7, "value": 0.028483616565085062, "supply": [{"l": "Coffee", "v": 0.025154191734849767}, {"l": "Cocoa Beans", "v": 0.0033294248302352942}]}, {"source": 17, "prod": 40.0, "target": 7, "value": 0.065004895467354981, "supply": [{"l": "Eggs", "v": 0.065004895467354981}]}, {"source": 18, "prod": 3.0, "target": 7, "value": 0.016238873249373811, "supply": [{"l": "Coconuts - Incl Copra", "v": 0.0030321547561071431}, {"l": "Groundnuts", "v": 0.013206718493266666}]}, {"source": 6, "prod": 61.0, "target": 19, "value": 0.19085057067002875, "supply": [{"l": "Maize", "v": 0.003468768774842096}, {"l": "Barley", "v": 0.1536713754890543}, {"l": "Cereals, Other", "v": 0.033710426406132359}]}, {"source": 20, "prod": 448.0, "target": 19, "value": 0.52067555456000003, "supply": [{"l": "Sugar beet", "v": 0.52067555456000003}]}, {"source": 18, "prod": 114.0, "target": 19, "value": 0.48672821957199885, "supply": [{"l": "Sunflower seed", "v": 0.072266355020553577}, {"l": "Rape and Mustardseed", "v": 0.07708411202192382}, {"l": "Oilcrops, Other", "v": 0.033724299009591674}, {"l": "Coconuts - Incl Copra", "v": 0.10612541646375}, {"l": "Soyabeans", "v": 0.19752803705617977}]}, {"source": 14, "prod": 3.0, "target": 19, "value": 0.0016592898991074918, "supply": [{"l": "Apples", "v": 0.0016592898991074918}]}, {"source": 2, "prod": 3.0, "target": 21, "value": 0.024762597174875004, "supply": [{"l": "Fats, Animals, Raw", "v": 0.024762597174875004}]}, {"source": 0, "prod": 102.0, "target": 21, "value": 0.067332003473331514, "supply": [{"l": "Milk - Excluding Butter", "v": 0.067332003473331514}]}, {"source": 5, "prod": 24.0, "target": 21, "value": 0.022528752692060117, "supply": [{"l": "Pelagic Fish", "v": 0.010430016360073709}, {"l": "Fish, Seafood", "v": 0.010540932053619435}, {"l": "Freshwater Fish", "v": 0.0015578042783669724}]}, {"source": 6, "prod": 15.0, "target": 21, "value": 0.051230412276507653, "supply": [{"l": "Wheat", "v": 0.031919346156694853}, {"l": "Rye", "v": 0.019311066119812804}]}, {"source": 13, "prod": 1.0, "target": 21, "value": 0.0036306063527072373, "supply": [{"l": "Sweeteners, Other", "v": 0.0036306063527072373}]}, {"source": 15, "prod": 7.0, "target": 21, "value": 0.12714443098666747, "supply": [{"l": "Oilcrops Oil, Other", "v": 0.021019014522917476}, {"l": "Rape and Mustard Oil", "v": 0.10612541646375}]}, {"source": 3, "prod": 159.0, "target": 3, "value": 0.11863331390264721, "supply": [{"l": "Potatoes", "v": 0.11863331390264721}]}, {"source": 6, "prod": 271.0, "target": 6, "value": 0.7772798876440884, "supply": [{"l": "Cereals, Other", "v": 0.014982411736058824}, {"l": "Wheat", "v": 0.1755564038618217}, {"l": "Barley", "v": 0.25009263069787269}, {"l": "Oats", "v": 0.28257745621285929}, {"l": "Rye", "v": 0.054070985135475855}]}, {"source": 17, "prod": 1.0, "target": 17, "value": 0.0016251223866838747, "supply": [{"l": "Eggs", "v": 0.0016251223866838747}]}, {"source": 14, "prod": 7.0, "target": 22, "value": 0.0038578204168169287, "supply": [{"l": "Bananas", "v": 0.00072980229086819486}, {"l": "Oranges, Mandarines", "v": 0.00035506644913522312}, {"l": "Fruits, Other", "v": 0.0011136617777060187}, {"l": "Apples", "v": 0.0016592898991074918}]}, {"source": 17, "prod": 1.0, "target": 22, "value": 0.0016251223866838747, "supply": [{"l": "Eggs", "v": 0.0016251223866838747}]}, {"source": 10, "prod": 6.0, "target": 22, "value": 0.0016773682144904667, "supply": [{"l": "Vegetables, Other", "v": 0.001074687761658228}, {"l": "Onions", "v": 0.00039859311347887331}, {"l": "Tomatoes", "v": 0.00020408733935336538}]}, {"source": 23, "prod": 1.0, "target": 12, "value": 0.002497068622676471, "supply": [{"l": "Nuts", "v": 0.002497068622676471}]}, {"source": 23, "prod": 407.0, "target": 1, "value": 0.37511706078529161, "supply": [{"l": "Crustaceans", "v": 0.00078611419602777775}, {"l": "Marine Fish, Other", "v": 0.0020457911607469881}, {"l": "Demersal Fish", "v": 0.004025446831383621}, {"l": "Freshwater Fish", "v": 0.00077890213918348618}, {"l": "Pigmeat", "v": 0.0045227739732090332}, {"l": "Milk - Excluding Butter", "v": 0.023104118838888268}, {"l": "Fish, Seafood", "v": 0.16250603582663295}, {"l": "Pelagic Fish", "v": 0.1752242748492383}, {"l": "Bovine Meat", "v": 0.0021236029699811762}]}, {"source": 23, "prod": 119.0, "target": 6, "value": 0.41491626431575873, "supply": [{"l": "Maize", "v": 0.055500300397473536}, {"l": "Rye", "v": 0.092693117375101455}, {"l": "Barley", "v": 0.057250120280235919}, {"l": "Rice", "v": 0.0679202665368}, {"l": "Wheat", "v": 0.1340612538581184}, {"l": "Cereals, Other", "v": 0.0074912058680294122}]}, {"source": 23, "prod": 7.0, "target": 4, "value": 0.027261574871422022, "supply": [{"l": "Peas", "v": 0.02336706417550459}, {"l": "Pulses, Other", "v": 0.0038945106959174321}]}, {"source": 23, "prod": 237.0, "target": 19, "value": 0.99265627495489217, "supply": [{"l": "Sugar", "v": 0.89355987670005543}, {"l": "Beverages, Alcoholic", "v": 0.010293920303643187}, {"l": "Fats, Animals, Raw", "v": 0.016508398116583337}, {"l": "Coconut Oil", "v": 0.010107182520357146}, {"l": "Oilcrops Oil, Other", "v": 0.042038029045834951}, {"l": "Wine", "v": 0.0082161612746129032}, {"l": "Sweeteners, Other", "v": 0.0036306063527072373}, {"l": "Fish, Body Oil", "v": 0.0083021006410978811}]}, {"source": 23, "prod": 1.0, "target": 9, "value": 0.0019295530266136365, "supply": [{"l": "Treenuts", "v": 0.0019295530266136365}]}, {"source": 23, "prod": 14.0, "target": 10, "value": 0.0038928322807519804, "supply": [{"l": "Tomatoes", "v": 0.00081634935741346152}, {"l": "Vegetables, Other", "v": 0.0018807035829018989}, {"l": "Onions", "v": 0.00119577934043662}]}, {"source": 23, "prod": 53.0, "target": 16, "value": 0.031813041395320353, "supply": [{"l": "Coffee", "v": 0.025154191734849767}, {"l": "Cocoa Beans", "v": 0.0066588496604705885}]}, {"source": 23, "prod": 173.0, "target": 14, "value": 0.098344440560889576, "supply": [{"l": "Grapefruit", "v": 0.0023244444400000001}, {"l": "Grapes", "v": 0.019859727057543856}, {"l": "Apples", "v": 0.023783155220540718}, {"l": "Lemons, Limes", "v": 0.0034866666600000002}, {"l": "Bananas", "v": 0.012406638944759314}, {"l": "Fruits, Other", "v": 0.018375419332149305}, {"l": "Oranges, Mandarines", "v": 0.018108388905896378}]}, {"source": 23, "prod": 62.0, "target": 20, "value": 0.072057777640000001, "supply": [{"l": "Sugar beet", "v": 0.072057777640000001}]}, {"source": 23, "prod": 111.0, "target": 18, "value": 0.47406055081315124, "supply": [{"l": "Sunflower seed", "v": 0.072266355020553577}, {"l": "Coconuts - Incl Copra", "v": 0.10915757121985717}, {"l": "Groundnuts", "v": 0.013206718493266666}, {"l": "Oilcrops, Other", "v": 0.033724299009591674}, {"l": "Soyabeans", "v": 0.19752803705617977}, {"l": "Rape and Mustardseed", "v": 0.048177570013702382}]}, {"source": 23, "prod": 8.0, "target": 3, "value": 0.0059689717686866517, "supply": [{"l": "Potatoes", "v": 0.0059689717686866517}]}, {"source": 8, "prod": 8.0, "target": 24, "value": 0.032907952123801466, "supply": [{"l": "Pigmeat", "v": 0.031659417812463231}, {"l": "Meat, Other", "v": 0.0012485343113382355}]}, {"source": 17, "prod": 13.0, "target": 24, "value": 0.021126591026890372, "supply": [{"l": "Eggs", "v": 0.021126591026890372}]}, {"source": 11, "prod": 4.0, "target": 24, "value": 0.010863636228590249, "supply": [{"l": "Beer", "v": 0.00056971592494706234}, {"l": "Beverages, Alcoholic", "v": 0.010293920303643187}]}, {"source": 2, "prod": 18.0, "target": 24, "value": 0.1503000400302737, "supply": [{"l": "Butter, Ghee", "v": 0.1503000400302737}]}, {"source": 0, "prod": 270.0, "target": 24, "value": 0.17823177389999517, "supply": [{"l": "Milk - Excluding Butter", "v": 0.17823177389999517}]}, {"source": 13, "prod": 57.0, "target": 24, "value": 0.2358005230180702, "supply": [{"l": "Sugar", "v": 0.2358005230180702}]}, {"source": 14, "prod": 1.0, "target": 24, "value": 0.00055683088885300934, "supply": [{"l": "Fruits, Other", "v": 0.00055683088885300934}]}, {"source": 6, "prod": 8.0, "target": 24, "value": 0.025195293291731549, "supply": [{"l": "Cereals, Other", "v": 0.0037456029340147061}, {"l": "Wheat", "v": 0.0063838692313389709}, {"l": "Barley", "v": 0.015065821126377874}]}, {"source": 15, "prod": 18.0, "target": 24, "value": 0.19019966652796805, "supply": [{"l": "Soyabean Oil", "v": 0.010696104966425196}, {"l": "Coconut Oil", "v": 0.060643095122142866}, {"l": "Rape and Mustard Oil", "v": 0.0424501665855}, {"l": "Sunflowerseed Oil", "v": 0.076410299853900007}]}, {"source": 16, "prod": 2.0, "target": 24, "value": 0.0033294248302352942, "supply": [{"l": "Cocoa Beans", "v": 0.0033294248302352942}]}, {"source": 25, "prod": 3.0, "target": 3, "value": 0.0022383644132574947, "supply": [{"l": "Potatoes", "v": 0.0022383644132574947}]}, {"source": 6, "prod": 116.0, "target": 26, "value": 0.33646640558200769, "supply": [{"l": "Wheat", "v": 0.22343542309686398}, {"l": "Oats", "v": 0.11303098248514372}]}, {"source": 25, "prod": 3.0, "target": 1, "value": 0.0019803530433332799, "supply": [{"l": "Milk - Excluding Butter", "v": 0.0019803530433332799}]}, {"source": 13, "prod": 7.0, "target": 26, "value": 0.028957958967131422, "supply": [{"l": "Sugar", "v": 0.028957958967131422}]}, {"source": 2, "prod": 10.0, "target": 26, "value": 0.083404219073428515, "supply": [{"l": "Fats, Animals, Raw", "v": 0.0082541990582916686}, {"l": "Butter, Ghee", "v": 0.075150020015136848}]}, {"source": 25, "prod": 14.0, "target": 19, "value": 0.14017479211278613, "supply": [{"l": "Soyabean Oil", "v": 0.064176629798551182}, {"l": "Sunflowerseed Oil", "v": 0.0339601332684}, {"l": "Oilcrops Oil, Other", "v": 0.042038029045834951}]}, {"source": 25, "prod": 32.0, "target": 6, "value": 0.12104367617074098, "supply": [{"l": "Rye", "v": 0.11200418349491426}, {"l": "Barley", "v": 0.0090394926758267241}]}, {"source": 1, "prod": 3633.0, "target": 0, "value": 2.3982075354766019, "supply": [{"l": "Milk - Excluding Butter", "v": 2.3982075354766019}]}, {"source": 1, "prod": 54.0, "target": 17, "value": 0.087756608880929232, "supply": [{"l": "Eggs", "v": 0.08938173126761309}]}, {"source": 1, "prod": 205.0, "target": 8, "value": 0.61750576486660813, "supply": [{"l": "Pigmeat", "v": 0.38895856169597681}, {"l": "Bovine Meat", "v": 0.18900066432832469}, {"l": "Poultry Meat", "v": 0.009839442586043046}, {"l": "Offals, Edible", "v": 0.019121696660135135}, {"l": "Meat, Other", "v": 0.0087397401793676485}, {"l": "Mutton & Goat Meat", "v": 0.0018456594167608697}]}, {"source": 1, "prod": 556.0, "target": 5, "value": 0.51587085616590889, "supply": [{"l": "Pelagic Fish", "v": 0.23989037628169532}, {"l": "Crustaceans", "v": 0.00078611419602777775}, {"l": "Freshwater Fish", "v": 0.024924868453871558}, {"l": "Demersal Fish", "v": 0.004025446831383621}, {"l": "Fish, Seafood", "v": 0.24419825924218358}, {"l": "Marine Fish, Other", "v": 0.0020457911607469881}]}, {"source": 19, "prod": 278.0, "target": 13, "value": 1.1461028620742584, "supply": [{"l": "Honey", "v": 0.00424501665855}, {"l": "Sweeteners, Other", "v": 0.029044850821657902}, {"l": "Sugar", "v": 1.1128129945940504}]}, {"source": 19, "prod": 47.0, "target": 15, "value": 0.55039010498522367, "supply": [{"l": "Sunflowerseed Oil", "v": 0.076410299853900007}, {"l": "Coconut Oil", "v": 0.070750277642500012}, {"l": "Oilcrops Oil, Other", "v": 0.11560457987604611}, {"l": "Soyabean Oil", "v": 0.13904936456352757}, {"l": "Rape and Mustard Oil", "v": 0.14857558304925}]}, {"source": 19, "prod": 189.0, "target": 11, "value": 0.177512925136111, "supply": [{"l": "Beer", "v": 0.088305968366794649}, {"l": "Beverages, Alcoholic", "v": 0.078920055661264435}, {"l": "Beverages, Fermented", "v": 0.0020707398334390242}, {"l": "Wine", "v": 0.0082161612746129032}]}, {"source": 19, "prod": 135.0, "target": 2, "value": 1.0164952035028454, "supply": [{"l": "Fats, Animals, Raw", "v": 0.11555878681608335}, {"l": "Fish, Body Oil", "v": 0.0083021006410978811}, {"l": "Butter, Ghee", "v": 0.85170022683821756}, {"l": "Cream", "v": 0.040934089207446435}]}, {"source": 18, "prod": 61.5, "target": 27, "value": 0.19246156140356641, "supply": [{"l": "Sunflower seed", "v": 0.026149999949999999}, {"l": "Coconuts - Incl Copra", "v": 0.06275999988}, {"l": "Groundnuts", "v": 0.0034866666600000002}, {"l": "Rape and Mustardseed", "v": 0.038353333259999997}, {"l": "Oilcrops, Other", "v": 0.012203333310000002}, {"l": "Soyabeans", "v": 0.071476666529999996}]}, {"source": 10, "prod": 76.0, "target": 27, "value": 0.27303683362384207, "supply": [{"l": "Tomatoes", "v": 0.029636666610000001}, {"l": "Vegetables, Other", "v": 0.20396999961000001}, {"l": "Onions", "v": 0.03137999994}]}, {"source": 20, "prod": 166.80000000000001, "target": 27, "value": 0.19385866629600002, "supply": [{"l": "Sugar beet", "v": 0.19385866629600002}]}, {"source": 3, "prod": 457.0, "target": 27, "value": 1.5934066636200002, "supply": [{"l": "Potatoes", "v": 1.5934066636200002}]}, {"source": 4, "prod": 6.5, "target": 27, "value": 0.02266333329, "supply": [{"l": "Peas", "v": 0.020919999960000001}, {"l": "Pulses, Other", "v": 0.012192984326389641}]}, {"source": 6, "prod": 5115.0, "target": 27, "value": 14.872660655898647, "supply": [{"l": "Maize", "v": 0.052299999900000005}, {"l": "Rye", "v": 1.1192199978599999}, {"l": "Barley", "v": 5.0835599902799995}, {"l": "Rice", "v": 0.055786666559999996}, {"l": "Cereals, Other", "v": 0.36261333264000001}, {"l": "Wheat", "v": 3.7411933261799999}, {"l": "Oats", "v": 7.4196266524800008}]}, {"source": 28, "prod": 0, "target": 18, "value": 6.5793857754642038e-05, "supply": "[{\"l\":'Energy for power irrigation',\"v\":6.5793857754642038e-05}]"}, {"source": 28, "prod": 0, "target": 10, "value": 8.1306230721183665e-05, "supply": "[{\"l\":'Energy for power irrigation',\"v\":8.1306230721183665e-05}]"}, {"source": 28, "prod": 0, "target": 20, "value": 0.00044611445014123142, "supply": "[{\"l\":'Energy for power irrigation',\"v\":0.00044611445014123142}]"}, {"source": 28, "prod": 0, "target": 3, "value": 0.00097781440630476135, "supply": "[{\"l\":'Energy for power irrigation',\"v\":0.00097781440630476135}]"}, {"source": 28, "prod": 0, "target": 4, "value": 6.9538223643117611e-06, "supply": "[{\"l\":'Energy for power irrigation',\"v\":6.9538223643117611e-06}]"}, {"source": 28, "prod": 0, "target": 14, "value": 0.00014389063199998951, "supply": "[{\"l\":'Energy for power irrigation',\"v\":0.00014389063199998951}]"}, {"source": 28, "prod": 0, "target": 6, "value": 0.002736061645650358, "supply": "[{\"l\":'Energy for power irrigation',\"v\":0.002736061645650358}]"}, {"source": 28, "prod": 0, "target": 19, "value": 0.16505545889591416, "supply": "[{\"l\":'Electricity',\"v\":0.16505545889591416}]"}, {"source": 29, "prod": 0, "target": 28, "value": 0.14898186824215565, "supply": [{"l": "Coal", "v": 0.061856498325350381}, {"l": "Natural gas", "v": 0.0}, {"l": "Oil", "v": 0.087125369916805251}]}, {"source": 30, "prod": 0, "target": 28, "value": 0.11231113904327318, "supply": [{"l": "Nuclear", "v": 0.0}, {"l": "Hydroelectric", "v": 0.11231113904327318}, {"l": "Renewable", "v": 0.0}]}, {"source": 29, "prod": 0, "target": 18, "value": 0.083371445478016185, "supply": [{"l": "Motor Gasoline", "v": 0.0042700527179496241}, {"l": "Gas-Diesel oil", "v": 0.070285559187895558}, {"l": "Natural gas (including LNG)", "v": 0.00052267519677315528}, {"l": "Fuel oil", "v": 0.0067461755527406832}, {"l": "Liquefied petroleum gas (LPG)", "v": 0.00070635819449629258}, {"l": "Coal", "v": 0.00084062462816087726}]}, {"source": 29, "prod": 0, "target": 10, "value": 0.10302812774519073, "supply": [{"l": "Motor Gasoline", "v": 0.0052768131148645753}, {"l": "Gas-Diesel oil", "v": 0.086856951191545739}, {"l": "Natural gas (including LNG)", "v": 0.00064590756023999679}, {"l": "Fuel oil", "v": 0.0083367372684275114}, {"l": "Liquefied petroleum gas (LPG)", "v": 0.00087289793141005257}, {"l": "Coal", "v": 0.0010388206787028727}]}, {"source": 29, "prod": 0, "target": 20, "value": 0.56529906933874385, "supply": [{"l": "Motor Gasoline", "v": 0.028953040380243791}, {"l": "Gas-Diesel oil", "v": 0.47657037693256021}, {"l": "Natural gas (including LNG)", "v": 0.0035439927976326142}, {"l": "Fuel oil", "v": 0.04574236106492463}, {"l": "Liquefied petroleum gas (LPG)", "v": 0.0047894531236577888}, {"l": "Coal", "v": 0.0056998450397249736}]}, {"source": 29, "prod": 0, "target": 3, "value": 1.2390487994618988, "supply": [{"l": "Motor Gasoline", "v": 0.063460620881397659}, {"l": "Gas-Diesel oil", "v": 1.0445691235404315}, {"l": "Natural gas (including LNG)", "v": 0.0077678882902546976}, {"l": "Fuel oil", "v": 0.10026023504398347}, {"l": "Liquefied petroleum gas (LPG)", "v": 0.010497746175115633}, {"l": "Coal", "v": 0.012493185530716128}]}, {"source": 29, "prod": 0, "target": 4, "value": 0.0088116161887334173, "supply": [{"l": "Motor Gasoline", "v": 0.00045130638482394398}, {"l": "Gas-Diesel oil", "v": 0.0074285550361190434}, {"l": "Natural gas (including LNG)", "v": 5.5242093967894464e-05}, {"l": "Fuel oil", "v": 0.0007130104242734055}, {"l": "Liquefied petroleum gas (LPG)", "v": 7.4655744133754503e-05}, {"l": "Coal", "v": 8.8846505415377284e-05}]}, {"source": 29, "prod": 0, "target": 14, "value": 0.1823326734437915, "supply": [{"l": "Motor Gasoline", "v": 0.0093385705782800723}, {"l": "Gas-Diesel oil", "v": 0.15371394651661713}, {"l": "Natural gas (including LNG)", "v": 0.0011430864059510471}, {"l": "Fuel oil", "v": 0.014753831086888162}, {"l": "Liquefied petroleum gas (LPG)", "v": 0.0015447996286138432}, {"l": "Coal", "v": 0.0018384392274412684}]}, {"source": 29, "prod": 0, "target": 6, "value": 3.4670320619516484, "supply": [{"l": "Motor Gasoline", "v": 0.1775717044903441}, {"l": "Gas-Diesel oil", "v": 2.9228506930576081}, {"l": "Natural gas (including LNG)", "v": 0.02173563928044463}, {"l": "Fuel oil", "v": 0.28054217847372842}, {"l": "Liquefied petroleum gas (LPG)", "v": 0.02937416394185802}, {"l": "Coal", "v": 0.034957682707665749}]}, {"source": 29, "prod": 0, "target": 1, "value": 0.53474083376112591, "supply": [{"l": "Gas-diesel oils used in fisheries", "v": 0.53474083376112591}]}, {"source": 31, "prod": 6.1229631660507806, "target": 18, "value": 0.046610470615823754, "supply": [{"l": "Potash", "v": 0.33254664471048173}, {"l": "Phosphate", "v": 0.7249864172466558}, {"l": "Nitrogen", "v": 2.1214526128082727}]}, {"source": 31, "prod": 7.5665886279651922, "target": 10, "value": 0.057599931167522031, "supply": [{"l": "Potash", "v": 0.33254664471048173}, {"l": "Phosphate", "v": 0.7249864172466558}, {"l": "Nitrogen", "v": 2.1214526128082727}]}, {"source": 31, "prod": 41.516677077124811, "target": 20, "value": 0.31604172759021959, "supply": [{"l": "Potash", "v": 0.33254664471048173}, {"l": "Phosphate", "v": 0.7249864172466558}, {"l": "Nitrogen", "v": 2.1214526128082727}]}, {"source": 31, "prod": 90.998184288949815, "target": 3, "value": 0.69271496167256763, "supply": [{"l": "Potash", "v": 0.33254664471048173}, {"l": "Phosphate", "v": 0.7249864172466558}, {"l": "Nitrogen", "v": 2.1214526128082727}]}, {"source": 31, "prod": 0.6471424484443915, "target": 4, "value": 0.0049263099024854373, "supply": [{"l": "Potash", "v": 0.33254664471048173}, {"l": "Phosphate", "v": 0.7249864172466558}, {"l": "Nitrogen", "v": 2.1214526128082727}]}, {"source": 31, "prod": 13.390870663964717, "target": 14, "value": 0.10193672028989098, "supply": [{"l": "Potash", "v": 0.33254664471048173}, {"l": "Phosphate", "v": 0.7249864172466558}, {"l": "Nitrogen", "v": 2.1214526128082727}]}, {"source": 31, "prod": 254.6256633686971, "target": 6, "value": 1.9383134731702316, "supply": [{"l": "Potash", "v": 0.33254664471048173}, {"l": "Phosphate", "v": 0.7249864172466558}, {"l": "Nitrogen", "v": 2.1214526128082727}]}, {"source": 29, "prod": 0, "target": 31, "value": 4.0576035644897965, "supply": [{"l": "Natural gas (including LNG)", "v": 2.6834490795899759}, {"l": "Fuel oil", "v": 0.99914278955602631}, {"l": "Liquefied petroleum gas (LPG)", "v": 0.18750584767189729}, {"l": "Coal", "v": 0.18750584767189729}]}, {"source": 32, "prod": 0, "target": 3, "value": 0.050987898152017756, "supply": "[{\"l\":'Labor',\"v\":0.050987898152017756}]"}, {"source": 32, "prod": 0, "target": 9, "value": 2.7892723277909058e-05, "supply": "[{\"l\":'Labor',\"v\":2.7892723277909058e-05}]"}, {"source": 32, "prod": 0, "target": 10, "value": 0.0042396939382421768, "supply": "[{\"l\":'Labor',\"v\":0.0042396939382421768}]"}, {"source": 32, "prod": 0, "target": 12, "value": 2.7892723277909058e-05, "supply": "[{\"l\":'Labor',\"v\":2.7892723277909058e-05}]"}, {"source": 32, "prod": 0, "target": 20, "value": 0.023262531213776156, "supply": "[{\"l\":'Labor',\"v\":0.023262531213776156}]"}, {"source": 32, "prod": 0, "target": 4, "value": 0.00036260540261281776, "supply": "[{\"l\":'Labor',\"v\":0.00036260540261281776}]"}, {"source": 32, "prod": 0, "target": 6, "value": 0.14267127956650483, "supply": "[{\"l\":'Labor',\"v\":0.14267127956650483}]"}, {"source": 32, "prod": 0, "target": 16, "value": 0.0014783143337291802, "supply": "[{\"l\":'Labor',\"v\":0.0014783143337291802}]"}, {"source": 32, "prod": 0, "target": 14, "value": 0.007503142561757538, "supply": "[{\"l\":'Labor',\"v\":0.007503142561757538}]"}, {"source": 32, "prod": 0, "target": 18, "value": 0.0034308049631828143, "supply": "[{\"l\":'Labor',\"v\":0.0034308049631828143}]"}, {"source": 29, "prod": 0, "target": 23, "value": 2.7078569139166531, "supply": "[{\"l\":'Fossil Fuels',\"v\":2.7078569139166531}]"}, {"source": 30, "prod": 0, "target": 23, "value": 1.3710658846640875, "supply": "[{\"l\":'Renewables & Nuclear',\"v\":0.23855568056065912},{\"l\":'Biomass & Waste',\"v\":1.1325102041034283}]"}]}