{"nodes": [{"layer": 13, "name": "Milk - Excluding Butter"}, {"layer": 10, "name": "Feed", "fill": "#dbdb8d"}, {"layer": 13, "name": "Animal Fats"}, {"layer": 5, "name": "Starchy Roots"}, {"layer": 5, "name": "Pulses"}, {"layer": 13, "name": "Fish, Seafood"}, {"layer": 5, "name": "Cereals - Excluding Beer"}, {"layer": 16, "name": "Food", "fill": "#b5cf6b"}, {"layer": 13, "name": "Meat"}, {"layer": 5, "name": "Treenuts"}, {"layer": 5, "name": "Vegetables"}, {"layer": 13, "name": "Alcoholic Beverages"}, {"layer": 5, "name": "Others"}, {"layer": 13, "name": "Sugar & Sweeteners"}, {"layer": 5, "name": "Fruits - Excluding Wine"}, {"layer": 13, "name": "Vegetable Oils", "fill": "#f7b6d2"}, {"layer": 5, "name": "Stimulants"}, {"layer": 13, "name": "Eggs"}, {"layer": 5, "name": "Oilcrops", "fill": "#ff9896"}, {"layer": 10, "name": "Processing", "fill": "#9edae5"}, {"layer": 5, "name": "Sugar Crops", "fill": "#ffbb78"}, {"layer": 16, "name": "Biofuels & Other", "fill": "#e7ba52"}, {"name": "Seed", "fill": "#dbdb8d"}, {"name": "Waste", "fill": "#c7c7c7"}, {"layer": 0, "name": "Import", "fill": "#aec7e8"}, {"layer": 16, "name": "Export", "fill": "#aec7e8"}, {"layer": 16, "name": "Stock Deposit", "fill": "#c7c7c7"}, {"layer": 0, "name": "Stock Draw", "fill": "#c7c7c7"}, {"layer": 0, "name": "Production", "fill": "#b5cf6b"}], "links": [{"source": 0, "prod": 0.45695935451655423, "target": 1, "value": 758.0, "supply": [{"l": "Milk - Excluding Butter", "v": 758.0}]}, {"source": 2, "prod": 0.023100788327923255, "target": 1, "value": 3.0, "supply": [{"l": "Fish, Body Oil", "v": 3.0}]}, {"source": 3, "prod": 0.01492199418892262, "target": 1, "value": 20.0, "supply": [{"l": "Potatoes", "v": 20.0}]}, {"source": 4, "prod": 0.035957788166541181, "target": 1, "value": 9.0, "supply": [{"l": "Peas", "v": 9.0}]}, {"source": 5, "prod": 0.51161281195827391, "target": 1, "value": 558.0, "supply": [{"l": "Pelagic Fish", "v": 279.0}, {"l": "Fish, Seafood", "v": 279.0}]}, {"source": 6, "prod": 5.8978830642511477, "target": 1, "value": 2089.0, "supply": [{"l": "Maize", "v": 179.0}, {"l": "Wheat", "v": 112.0}, {"l": "Oats", "v": 962.0}, {"l": "Rye", "v": 21.0}, {"l": "Barley", "v": 793.0}, {"l": "Cereals, Other", "v": 22.0}]}, {"source": 0, "prod": 0.92416713782833471, "target": 7, "value": 1533.0, "supply": [{"l": "Milk - Excluding Butter", "v": 1533.0}]}, {"source": 8, "prod": 0.7942340782946562, "target": 7, "value": 261.0, "supply": [{"l": "Meat, Other", "v": 6.0}, {"l": "Mutton & Goat Meat", "v": 1.0}, {"l": "Pigmeat", "v": 113.0}, {"l": "Bovine Meat", "v": 109.0}, {"l": "Poultry Meat", "v": 9.0}, {"l": "Offals, Edible", "v": 23.0}]}, {"source": 9, "prod": 0.0040428730081428577, "target": 7, "value": 1.0, "supply": [{"l": "Treenuts", "v": 1.0}]}, {"source": 4, "prod": 0.015981239185129413, "target": 7, "value": 4.0, "supply": [{"l": "Peas", "v": 4.0}]}, {"source": 10, "prod": 0.029766440586884872, "target": 7, "value": 122.0, "supply": [{"l": "Vegetables, Other", "v": 89.0}, {"l": "Tomatoes", "v": 25.0}, {"l": "Onions", "v": 8.0}]}, {"source": 11, "prod": 0.28590392947790783, "target": 7, "value": 316.0, "supply": [{"l": "Beer", "v": 264.0}, {"l": "Beverages, Alcoholic", "v": 35.0}, {"l": "Wine", "v": 16.0}, {"l": "Beverages, Fermented", "v": 1.0}]}, {"source": 12, "prod": 0.0090560355382399999, "target": 7, "value": 2.0, "supply": [{"l": "Nuts", "v": 1.0}, {"l": "Infant food", "v": 1.0}]}, {"source": 3, "prod": 0.30664698058235984, "target": 7, "value": 411.0, "supply": [{"l": "Potatoes", "v": 411.0}]}, {"source": 5, "prod": 0.20973787403230207, "target": 7, "value": 246.0, "supply": [{"l": "Crustaceans", "v": 1.0}, {"l": "Marine Fish, Other", "v": 7.0}, {"l": "Freshwater Fish", "v": 37.0}, {"l": "Pelagic Fish", "v": 64.0}, {"l": "Fish, Seafood", "v": 123.0}, {"l": "Demersal Fish", "v": 14.0}]}, {"source": 13, "prod": 0.93676043494974037, "target": 7, "value": 227.0, "supply": [{"l": "Sugar", "v": 220.0}, {"l": "Sweeteners, Other", "v": 7.0}]}, {"source": 6, "prod": 1.5232900241570448, "target": 7, "value": 455.0, "supply": [{"l": "Rye", "v": 106.0}, {"l": "Barley", "v": 19.0}, {"l": "Rice", "v": 13.0}, {"l": "Cereals, Other", "v": 5.0}, {"l": "Wheat", "v": 291.0}, {"l": "Oats", "v": 21.0}]}, {"source": 14, "prod": 0.17111036808371938, "target": 7, "value": 336.0, "supply": [{"l": "Grapefruit", "v": 5.0}, {"l": "Grapes", "v": 20.0}, {"l": "Apples", "v": 62.0}, {"l": "Lemons, Limes", "v": 4.0}, {"l": "Pineapples", "v": 2.0}, {"l": "Bananas", "v": 39.0}, {"l": "Fruits, Other", "v": 107.0}, {"l": "Oranges, Mandarines", "v": 97.0}]}, {"source": 15, "prod": 0.34676315182492951, "target": 7, "value": 33.0, "supply": [{"l": "Soyabean Oil", "v": 21.0}, {"l": "Sunflowerseed Oil", "v": 5.0}, {"l": "Rape and Mustard Oil", "v": 1.0}, {"l": "Oilcrops Oil, Other", "v": 6.0}]}, {"source": 2, "prod": 0.69511042042117588, "target": 7, "value": 100.0, "supply": [{"l": "Fats, Animals, Raw", "v": 16.0}, {"l": "Butter, Ghee", "v": 61.0}, {"l": "Cream", "v": 23.0}]}, {"source": 16, "prod": 0.03466318634182862, "target": 7, "value": 63.0, "supply": [{"l": "Coffee", "v": 60.0}, {"l": "Cocoa Beans", "v": 2.0}, {"l": "Tea", "v": 1.0}]}, {"source": 17, "prod": 0.081221318733590009, "target": 7, "value": 49.0, "supply": [{"l": "Eggs", "v": 49.0}]}, {"source": 18, "prod": 0.0073253166937956608, "target": 7, "value": 2.0, "supply": [{"l": "Coconuts - Incl Copra", "v": 1.0}, {"l": "Groundnuts", "v": 1.0}]}, {"source": 6, "prod": 0.3599280132328086, "target": 19, "value": 111.0, "supply": [{"l": "Maize", "v": 1.0}, {"l": "Barley", "v": 88.0}, {"l": "Cereals, Other", "v": 22.0}]}, {"source": 20, "prod": 0.73452444304000009, "target": 19, "value": 632.0, "supply": [{"l": "Sugar beet", "v": 632.0}]}, {"source": 18, "prod": 0.83771413685293483, "target": 19, "value": 155.0, "supply": [{"l": "Sunflower seed", "v": 1.0}, {"l": "Rape and Mustardseed", "v": 20.0}, {"l": "Oilcrops, Other", "v": 4.0}, {"l": "Coconuts - Incl Copra", "v": 14.0}, {"l": "Soyabeans", "v": 116.0}]}, {"source": 14, "prod": 0.0015459848225371773, "target": 19, "value": 3.0, "supply": [{"l": "Apples", "v": 3.0}]}, {"source": 0, "prod": 0.29057309878229437, "target": 21, "value": 482.0, "supply": [{"l": "Milk - Excluding Butter", "v": 482.0}]}, {"source": 18, "prod": 0.011577318159681819, "target": 21, "value": 2.0, "supply": [{"l": "Oilcrops, Other", "v": 2.0}]}, {"source": 2, "prod": 0.016776712542772455, "target": 21, "value": 2.0, "supply": [{"l": "Fats, Animals, Raw", "v": 2.0}]}, {"source": 3, "prod": 0.011937595351138095, "target": 21, "value": 16.0, "supply": [{"l": "Potatoes", "v": 16.0}]}, {"source": 5, "prod": 0.0016502624861845947, "target": 21, "value": 2.0, "supply": [{"l": "Freshwater Fish", "v": 1.0}, {"l": "Fish, Seafood", "v": 1.0}]}, {"source": 6, "prod": 0.10355763274186955, "target": 21, "value": 32.0, "supply": [{"l": "Wheat", "v": 30.0}, {"l": "Rye", "v": 2.0}]}, {"source": 15, "prod": 0.041033587055394331, "target": 21, "value": 4.0, "supply": [{"l": "Rape and Mustard Oil", "v": 2.0}, {"l": "Cottonseed Oil", "v": 1.0}, {"l": "Oilcrops Oil, Other", "v": 1.0}]}, {"source": 3, "prod": 0.077594369782397629, "target": 22, "value": 104.0, "supply": [{"l": "Potatoes", "v": 104.0}]}, {"source": 6, "prod": 0.77066166842112083, "target": 22, "value": 273.0, "supply": [{"l": "Cereals, Other", "v": 2.0}, {"l": "Wheat", "v": 49.0}, {"l": "Barley", "v": 92.0}, {"l": "Oats", "v": 122.0}, {"l": "Rye", "v": 8.0}]}, {"source": 17, "prod": 0.0016575779333385715, "target": 17, "value": 1.0, "supply": [{"l": "Eggs", "v": 1.0}]}, {"source": 4, "prod": 0.0039953097962823533, "target": 22, "value": 1.0, "supply": [{"l": "Peas", "v": 1.0}]}, {"source": 14, "prod": 0.0063219156854936436, "target": 23, "value": 12.0, "supply": [{"l": "Apples", "v": 3.0}, {"l": "Oranges, Mandarines", "v": 2.0}, {"l": "Fruits, Other", "v": 5.0}, {"l": "Bananas", "v": 2.0}]}, {"source": 17, "prod": 0.0016575779333385715, "target": 23, "value": 1.0, "supply": [{"l": "Eggs", "v": 1.0}]}, {"source": 10, "prod": 0.002047364236572021, "target": 23, "value": 9.0, "supply": [{"l": "Vegetables, Other", "v": 7.0}, {"l": "Tomatoes", "v": 2.0}]}, {"source": 24, "prod": 0.0090560355382399999, "target": 12, "value": 2.0, "supply": [{"l": "Nuts", "v": 1.0}, {"l": "Infant food", "v": 1.0}]}, {"source": 24, "prod": 0.57026227229211268, "target": 1, "value": 653.0, "supply": [{"l": "Freshwater Fish", "v": 2.0}, {"l": "Meat, Other", "v": 3.0}, {"l": "Crustaceans", "v": 1.0}, {"l": "Marine Fish, Other", "v": 7.0}, {"l": "Demersal Fish", "v": 14.0}, {"l": "Milk - Excluding Butter", "v": 63.0}, {"l": "Pelagic Fish", "v": 269.0}, {"l": "Fish, Seafood", "v": 293.0}, {"l": "Offals, Edible", "v": 1.0}]}, {"source": 24, "prod": 0.81023591309043586, "target": 6, "value": 228.0, "supply": [{"l": "Maize", "v": 180.0}, {"l": "Rye", "v": 12.0}, {"l": "Barley", "v": 12.0}, {"l": "Rice", "v": 13.0}, {"l": "Cereals, Other", "v": 3.0}, {"l": "Wheat", "v": 8.0}]}, {"source": 24, "prod": 0.019976548981411765, "target": 4, "value": 5.0, "supply": [{"l": "Peas", "v": 5.0}]}, {"source": 24, "prod": 0.85364583641983205, "target": 19, "value": 191.0, "supply": [{"l": "Sugar", "v": 145.0}, {"l": "Beer", "v": 1.0}, {"l": "Beverages, Alcoholic", "v": 5.0}, {"l": "Fats, Animals, Raw", "v": 3.0}, {"l": "Soyabean Oil", "v": 1.0}, {"l": "Palm Oil", "v": 2.0}, {"l": "Sunflowerseed Oil", "v": 4.0}, {"l": "Coconut Oil", "v": 2.0}, {"l": "Rape and Mustard Oil", "v": 1.0}, {"l": "Oilcrops Oil, Other", "v": 5.0}, {"l": "Wine", "v": 16.0}, {"l": "Sweeteners, Other", "v": 2.0}, {"l": "Fish, Body Oil", "v": 3.0}, {"l": "Cottonseed Oil", "v": 1.0}]}, {"source": 24, "prod": 0.0040428730081428577, "target": 9, "value": 1.0, "supply": [{"l": "Treenuts", "v": 1.0}]}, {"source": 24, "prod": 0.0087597708011123761, "target": 10, "value": 34.0, "supply": [{"l": "Tomatoes", "v": 8.0}, {"l": "Vegetables, Other", "v": 22.0}, {"l": "Onions", "v": 4.0}]}, {"source": 24, "prod": 0.038436534482761957, "target": 16, "value": 67.0, "supply": [{"l": "Coffee", "v": 60.0}, {"l": "Cocoa Beans", "v": 6.0}, {"l": "Tea", "v": 1.0}]}, {"source": 24, "prod": 0.13196532793815707, "target": 14, "value": 264.0, "supply": [{"l": "Grapefruit", "v": 5.0}, {"l": "Grapes", "v": 20.0}, {"l": "Apples", "v": 51.0}, {"l": "Lemons, Limes", "v": 4.0}, {"l": "Pineapples", "v": 2.0}, {"l": "Bananas", "v": 41.0}, {"l": "Fruits, Other", "v": 40.0}, {"l": "Oranges, Mandarines", "v": 101.0}]}, {"source": 24, "prod": 0.0034866666600000002, "target": 20, "value": 3.0, "supply": [{"l": "Sugar beet", "v": 3.0}]}, {"source": 24, "prod": 0.76399822642895776, "target": 18, "value": 143.0, "supply": [{"l": "Sunflower seed", "v": 1.0}, {"l": "Coconuts - Incl Copra", "v": 15.0}, {"l": "Groundnuts", "v": 1.0}, {"l": "Oilcrops, Other", "v": 6.0}, {"l": "Soyabeans", "v": 116.0}, {"l": "Rape and Mustardseed", "v": 4.0}]}, {"source": 24, "prod": 0.0089531965133535715, "target": 3, "value": 12.0, "supply": [{"l": "Potatoes", "v": 12.0}]}, {"source": 8, "prod": 0.075469589098873829, "target": 25, "value": 22.0, "supply": [{"l": "Bovine Meat", "v": 10.0}, {"l": "Pigmeat", "v": 12.0}]}, {"source": 17, "prod": 0.043097026266802861, "target": 25, "value": 26.0, "supply": [{"l": "Eggs", "v": 26.0}]}, {"source": 2, "prod": 0.16657281423766415, "target": 25, "value": 20.0, "supply": [{"l": "Fats, Animals, Raw", "v": 1.0}, {"l": "Butter, Ghee", "v": 19.0}]}, {"source": 0, "prod": 0.24897653484872939, "target": 25, "value": 413.0, "supply": [{"l": "Milk - Excluding Butter", "v": 413.0}]}, {"source": 11, "prod": 0.018906333969308218, "target": 25, "value": 8.0, "supply": [{"l": "Beverages, Fermented", "v": 1.0}, {"l": "Beer", "v": 2.0}, {"l": "Beverages, Alcoholic", "v": 5.0}]}, {"source": 13, "prod": 0.09021054746289435, "target": 25, "value": 22.0, "supply": [{"l": "Sweeteners, Other", "v": 2.0}, {"l": "Sugar", "v": 20.0}]}, {"source": 6, "prod": 0.35381365983129454, "target": 25, "value": 113.0, "supply": [{"l": "Wheat", "v": 80.0}, {"l": "Barley", "v": 33.0}]}, {"source": 16, "prod": 0.0037733481409333329, "target": 25, "value": 4.0, "supply": [{"l": "Cocoa Beans", "v": 4.0}]}, {"source": 15, "prod": 0.12412001851251393, "target": 25, "value": 12.0, "supply": [{"l": "Soyabean Oil", "v": 1.0}, {"l": "Coconut Oil", "v": 3.0}, {"l": "Rape and Mustard Oil", "v": 6.0}, {"l": "Palm Oil", "v": 2.0}]}, {"source": 14, "prod": 0.0033592387719028312, "target": 25, "value": 7.0, "supply": [{"l": "Fruits, Other", "v": 5.0}, {"l": "Oranges, Mandarines", "v": 2.0}]}, {"source": 4, "prod": 0.015981239185129413, "target": 26, "value": 4.0, "supply": [{"l": "Peas", "v": 4.0}]}, {"source": 27, "prod": 0.011191495641691964, "target": 3, "value": 15.0, "supply": [{"l": "Potatoes", "v": 15.0}]}, {"source": 0, "prod": 0.018688311332471216, "target": 26, "value": 31.0, "supply": [{"l": "Milk - Excluding Butter", "v": 31.0}]}, {"source": 6, "prod": 0.17910874017736639, "target": 26, "value": 56.0, "supply": [{"l": "Wheat", "v": 39.0}, {"l": "Oats", "v": 8.0}, {"l": "Rye", "v": 9.0}]}, {"source": 2, "prod": 0.016776712542772455, "target": 26, "value": 2.0, "supply": [{"l": "Fats, Animals, Raw", "v": 2.0}]}, {"source": 27, "prod": 0.041491936328582085, "target": 19, "value": 8.0, "supply": [{"l": "Butter, Ghee", "v": 2.0}, {"l": "Sugar", "v": 6.0}]}, {"source": 27, "prod": 0.14894795293157898, "target": 6, "value": 50.0, "supply": [{"l": "Barley", "v": 50.0}]}, {"source": 28, "prod": 0.023770848690249785, "target": 10, "value": 99.0, "supply": [{"l": "Tomatoes", "v": 20.0}, {"l": "Vegetables, Other", "v": 74.0}, {"l": "Onions", "v": 5.0}]}, {"source": 28, "prod": 0.73103777638000011, "target": 20, "value": 629.0, "supply": [{"l": "Sugar beet", "v": 629.0}]}, {"source": 28, "prod": 0.39170234745921872, "target": 3, "value": 525.0, "supply": [{"l": "Potatoes", "v": 525.0}]}, {"source": 28, "prod": 0.051939027351670594, "target": 4, "value": 13.0, "supply": [{"l": "Peas", "v": 13.0}]}, {"source": 28, "prod": 8.2333428985561454, "target": 6, "value": 2852.0, "supply": [{"l": "Oats", "v": 1113.0}, {"l": "Rye", "v": 134.0}, {"l": "Barley", "v": 963.0}, {"l": "Cereals, Other", "v": 49.0}, {"l": "Wheat", "v": 593.0}]}, {"source": 28, "prod": 0.049831769051931638, "target": 14, "value": 93.0, "supply": [{"l": "Fruits, Other", "v": 76.0}, {"l": "Apples", "v": 17.0}]}, {"source": 28, "prod": 0.098407204357295483, "target": 18, "value": 17.0, "supply": [{"l": "Rape and Mustardseed", "v": 17.0}]}, {"source": 1, "prod": 1.9393644373083838, "target": 0, "value": 3217.0, "supply": [{"l": "Milk - Excluding Butter", "v": 3217.0}]}, {"source": 1, "prod": 0.12597592293373144, "target": 17, "value": 76.0, "supply": [{"l": "Eggs", "v": 77.0}]}, {"source": 1, "prod": 0.86970366739353, "target": 8, "value": 283.0, "supply": [{"l": "Pigmeat", "v": 125.0}, {"l": "Bovine Meat", "v": 119.0}, {"l": "Poultry Meat", "v": 9.0}, {"l": "Offals, Edible", "v": 23.0}, {"l": "Meat, Other", "v": 6.0}, {"l": "Mutton & Goat Meat", "v": 1.0}]}, {"source": 1, "prod": 0.72300094847676055, "target": 5, "value": 806.0, "supply": [{"l": "Pelagic Fish", "v": 343.0}, {"l": "Crustaceans", "v": 1.0}, {"l": "Freshwater Fish", "v": 38.0}, {"l": "Demersal Fish", "v": 14.0}, {"l": "Fish, Seafood", "v": 403.0}, {"l": "Marine Fish, Other", "v": 7.0}]}, {"source": 19, "prod": 1.0269709824126347, "target": 13, "value": 249.0, "supply": [{"l": "Sweeteners, Other", "v": 9.0}, {"l": "Sugar", "v": 240.0}]}, {"source": 19, "prod": 0.51191675739283782, "target": 15, "value": 49.0, "supply": [{"l": "Soyabean Oil", "v": 22.0}, {"l": "Coconut Oil", "v": 3.0}, {"l": "Rape and Mustard Oil", "v": 9.0}, {"l": "Palm Oil", "v": 2.0}, {"l": "Cottonseed Oil", "v": 1.0}, {"l": "Oilcrops Oil, Other", "v": 7.0}, {"l": "Sunflowerseed Oil", "v": 5.0}]}, {"source": 19, "prod": 0.30481026344721607, "target": 11, "value": 324.0, "supply": [{"l": "Beer", "v": 266.0}, {"l": "Beverages, Alcoholic", "v": 40.0}, {"l": "Beverages, Fermented", "v": 2.0}, {"l": "Wine", "v": 16.0}]}, {"source": 19, "prod": 0.91833744807230822, "target": 2, "value": 127.0, "supply": [{"l": "Fats, Animals, Raw", "v": 21.0}, {"l": "Fish, Body Oil", "v": 3.0}, {"l": "Butter, Ghee", "v": 80.0}, {"l": "Cream", "v": 23.0}]}]}