{"nodes": [{"name": "Balance", "fill": "#9edae5"}, {"name": "Food", "fill": "#b5cf6b"}, {"name": "Stock Deposit", "fill": "#c7c7c7"}, {"name": "Export", "fill": "#aec7e8"}, {"name": "Biofuels & Other", "fill": "#e7ba52"}, {"name": "Crop Residue", "fill": "#bd9e39"}, {"name": "Renewables & Nuclear", "fill": "#2ca02c"}, {"name": "Fossil Fuels", "fill": "#c49c94"}, {"name": "Stock Draw", "fill": "#c7c7c7"}, {"name": "Labor", "fill": "#7f7f7f"}], "links": [{"source": 0, "target": 1, "value": 6.1470328629159017}, {"source": 0, "target": 2, "value": 0.41498539053154926}, {"source": 0, "target": 3, "value": 1.4182790439628334}, {"source": 0, "target": 4, "value": 0.54126387920761232}, {"source": 0, "target": 5, "value": 22.718967262718838}, {"source": 6, "target": 0, "value": 1.3385924073529427}, {"source": 7, "target": 0, "value": 17.939288076064368}, {"source": 8, "target": 0, "value": 0.51542197751219399}, {"source": 9, "target": 0, "value": 0.23999168573068511}]}