{"nodes": [{"layer": 13, "name": "Aquatic Products", "fill": "#1f77b4"}, {"layer": 10, "name": "Feed", "fill": "#dbdb8d"}, {"layer": 5, "name": "Fruits, Roots & Vegetables", "fill": "#98df8a"}, {"layer": 13, "name": "Animal Products", "fill": "#17becf"}, {"layer": 5, "name": "Cereals", "fill": "#e7ba52"}, {"layer": 13, "name": "Other Processed", "fill": "#9c9ede"}, {"layer": 16, "name": "Food", "fill": "#b5cf6b"}, {"layer": 5, "name": "Oilcrops", "fill": "#ff9896"}, {"layer": 13, "name": "Sugar", "fill": "#d6616b"}, {"layer": 13, "name": "Vegetable Oils", "fill": "#f7b6d2"}, {"layer": 10, "name": "Processing", "fill": "#9edae5"}, {"layer": 5, "name": "Sugar Crops", "fill": "#ffbb78"}, {"layer": 16, "name": "Biofuels & Other", "fill": "#e7ba52"}, {"name": "Waste", "fill": "#c7c7c7"}, {"layer": 2, "name": "Import", "fill": "#aec7e8"}, {"layer": 16, "name": "Export", "fill": "#aec7e8"}, {"layer": 0, "name": "Stock Draw", "fill": "#c7c7c7"}, {"layer": 16, "name": "Stock Deposit", "fill": "#c7c7c7"}, {"layer": 2, "name": "Electricity", "fill": "#bcbd22"}, {"layer": 0, "name": "Fossil Fuels", "fill": "#c49c94"}, {"layer": 0, "name": "Renewables & Nuclear", "fill": "#2ca02c"}, {"layer": 2, "name": "Fertilizers", "fill": "#c5b0d5"}, {"layer": 0, "name": "Labor", "fill": "#7f7f7f"}], "links": [{"source": 0, "prod": 492.0, "target": 1, "value": 0.44386890695361891, "supply": [{"l": "Pelagic Fish", "v": 0.2422715907367656}, {"l": "Fish, Seafood", "v": 0.20159731621685331}]}, {"source": 2, "prod": 199.0, "target": 1, "value": 0.17510764184310557, "supply": [{"l": "Potatoes", "v": 0.14076593404359994}, {"l": "Peas", "v": 0.034341707799505614}]}, {"source": 3, "prod": 592.0, "target": 1, "value": 0.35633719139745473, "supply": [{"l": "Milk - Excluding Butter", "v": 0.35633719139745473}]}, {"source": 4, "prod": 2212.0, "target": 1, "value": 6.2962821491679195, "supply": [{"l": "Maize", "v": 0.68847996324680083}, {"l": "Wheat", "v": 0.43183359533434013}, {"l": "Oats", "v": 2.6524101809573235}, {"l": "Rye", "v": 0.030900524668243837}, {"l": "Barley", "v": 2.396872893691365}, {"l": "Cereals, Other", "v": 0.095784991269846159}]}, {"source": 5, "prod": 1.0, "target": 1, "value": 0.008346033869024239, "supply": [{"l": "Fish, Body Oil", "v": 0.008346033869024239}]}, {"source": 5, "prod": 383.0, "target": 6, "value": 0.94107006702550244, "supply": [{"l": "Beer", "v": 0.13190516503370764}, {"l": "Beverages, Alcoholic", "v": 0.12369291360161357}, {"l": "Fats, Animals, Raw", "v": 0.091759093711015288}, {"l": "Butter, Ghee", "v": 0.52607091260669381}, {"l": "Wine", "v": 0.012324241911919356}, {"l": "Beverages, Fermented", "v": 0.00063044801859653472}, {"l": "Cream", "v": 0.054687292141956265}]}, {"source": 3, "prod": 1961.0, "target": 6, "value": 1.9448965348025842, "supply": [{"l": "Meat, Other", "v": 0.0055978241651208792}, {"l": "Eggs", "v": 0.08209702028327831}, {"l": "Mutton & Goat Meat", "v": 0.0035375138821250002}, {"l": "Pigmeat", "v": 0.58529021776816037}, {"l": "Poultry Meat", "v": 0.015762087170987343}, {"l": "Milk - Excluding Butter", "v": 0.97992727634300036}, {"l": "Offals, Edible", "v": 0.028596137323286617}, {"l": "Bovine Meat", "v": 0.24408845786662506}]}, {"source": 4, "prod": 456.0, "target": 6, "value": 1.5316688105492651, "supply": [{"l": "Rye", "v": 0.40556938627070033}, {"l": "Barley", "v": 0.051125268748749321}, {"l": "Rice", "v": 0.067523071995649137}, {"l": "Cereals, Other", "v": 0.017415452958153846}, {"l": "Wheat", "v": 0.93723884024416027}, {"l": "Oats", "v": 0.052796790331851938}]}, {"source": 7, "prod": 2.0, "target": 6, "value": 0.0096406009510386758, "supply": [{"l": "Coconuts - Incl Copra", "v": 0.001681194716257426}, {"l": "Groundnuts", "v": 0.0079594062347812505}]}, {"source": 2, "prod": 1012.0, "target": 6, "value": 0.61081580273284641, "supply": [{"l": "Vegetables, Other", "v": 0.022082206741341391}, {"l": "Nuts", "v": 0.0035375138821250002}, {"l": "Grapefruit", "v": 0.0020214365040714288}, {"l": "Tomatoes", "v": 0.0059067949794295001}, {"l": "Coffee", "v": 0.032215146183462454}, {"l": "Treenuts", "v": 0.0040428730081428577}, {"l": "Cocoa Beans", "v": 0.0040428730081428568}, {"l": "Peas", "v": 0.015262981244224719}, {"l": "Grapes", "v": 0.022002965926515707}, {"l": "Potatoes", "v": 0.31561204159249245}, {"l": "Apples", "v": 0.042083584836057002}, {"l": "Lemons, Limes", "v": 0.0015160773780535715}, {"l": "Pineapples", "v": 0.0034419053988243241}, {"l": "Bananas", "v": 0.027791116253816552}, {"l": "Tea", "v": 0.00094227171955266328}, {"l": "Fruits, Other", "v": 0.062188598474622783}, {"l": "Infant food", "v": 0.0040428730081428577}, {"l": "Oranges, Mandarines", "v": 0.038087232797545841}, {"l": "Onions", "v": 0.0039953097962823533}]}, {"source": 8, "prod": 212.0, "target": 6, "value": 0.81677007899203713, "supply": [{"l": "Sugar", "v": 0.78725763485836386}, {"l": "Sweeteners, Other", "v": 0.025653338080446043}, {"l": "Honey", "v": 0.003859106053227273}]}, {"source": 0, "prod": 244.0, "target": 6, "value": 0.20038705994353967, "supply": [{"l": "Freshwater Fish", "v": 0.030170317897425195}, {"l": "Crustaceans", "v": 0.00069590437025409833}, {"l": "Marine Fish, Other", "v": 0.0035747508703578949}, {"l": "Pelagic Fish", "v": 0.058105788022232409}, {"l": "Fish, Seafood", "v": 0.099979156822992271}, {"l": "Demersal Fish", "v": 0.0078611419602777795}]}, {"source": 9, "prod": 38.0, "target": 6, "value": 0.40944425402293366, "supply": [{"l": "Soyabean Oil", "v": 0.18241779918824583}, {"l": "Palm Oil", "v": 0.03241649084710909}, {"l": "Sunflowerseed Oil", "v": 0.051979795818979602}, {"l": "Coconut Oil", "v": 0.065203455875327998}, {"l": "Oilcrops Oil, Other", "v": 0.077426712293271124}]}, {"source": 2, "prod": 4.0, "target": 10, "value": 0.0020528577968808291, "supply": [{"l": "Apples", "v": 0.0020528577968808291}]}, {"source": 11, "prod": 630.0, "target": 10, "value": 0.73219999860000007, "supply": [{"l": "Sugar beet", "v": 0.73219999860000007}]}, {"source": 4, "prod": 100.0, "target": 10, "value": 0.32953655700275797, "supply": [{"l": "Maize", "v": 0.0035306664781887221}, {"l": "Barley", "v": 0.23457476249426157}, {"l": "Cereals, Other", "v": 0.091431128030307687}]}, {"source": 7, "prod": 162.0, "target": 10, "value": 1.1010774644788477, "supply": [{"l": "Rape and Mustardseed", "v": 0.21490396833909375}, {"l": "Coconuts - Incl Copra", "v": 0.050435841487722781}, {"l": "Soyabeans", "v": 0.8357376546520312}]}, {"source": 5, "prod": 2.0, "target": 12, "value": 0.016683471583820962, "supply": [{"l": "Fats, Animals, Raw", "v": 0.016683471583820962}]}, {"source": 3, "prod": 462.0, "target": 12, "value": 0.27808747031355413, "supply": [{"l": "Milk - Excluding Butter", "v": 0.27808747031355413}]}, {"source": 4, "prod": 31.0, "target": 12, "value": 0.1004893849796229, "supply": [{"l": "Wheat", "v": 0.092764253812561939}, {"l": "Rye", "v": 0.0077251311670609593}]}, {"source": 2, "prod": 51.0, "target": 12, "value": 0.037784540190650501, "supply": [{"l": "Potatoes", "v": 0.037784540190650501}]}, {"source": 0, "prod": 2.0, "target": 12, "value": 0.0016134570195771314, "supply": [{"l": "Fish, Seafood", "v": 0.00081950128543436303}, {"l": "Freshwater Fish", "v": 0.00079395573414276833}]}, {"source": 9, "prod": 1.0, "target": 12, "value": 0.011060958899038733, "supply": [{"l": "Oilcrops Oil, Other", "v": 0.011060958899038733}]}, {"source": 2, "prod": 106.0, "target": 2, "value": 0.081607445703571924, "supply": [{"l": "Potatoes", "v": 0.077791700392515747}, {"l": "Peas", "v": 0.0038157453110561797}]}, {"source": 3, "prod": 1.0, "target": 3, "value": 0.0016419404056655662, "supply": [{"l": "Eggs", "v": 0.0016419404056655662}]}, {"source": 4, "prod": 297.0, "target": 4, "value": 0.85462486975263174, "supply": [{"l": "Cereals, Other", "v": 0.0087077264790769229}, {"l": "Wheat", "v": 0.19192604237081781}, {"l": "Barley", "v": 0.29472213749279019}, {"l": "Oats", "v": 0.31678074199111161}, {"l": "Rye", "v": 0.042488221418835279}]}, {"source": 2, "prod": 23.0, "target": 13, "value": 0.0094120057952989476, "supply": [{"l": "Apples", "v": 0.0020528577968808291}, {"l": "Oranges, Mandarines", "v": 0.00096018233943392863}, {"l": "Vegetables, Other", "v": 0.0014886880949218917}, {"l": "Fruits, Other", "v": 0.0027762767176170888}, {"l": "Tomatoes", "v": 0.00070881539753154003}, {"l": "Bananas", "v": 0.0014251854489136693}]}, {"source": 3, "prod": 1.0, "target": 13, "value": 0.0016419404056655662, "supply": [{"l": "Eggs", "v": 0.0016419404056655662}]}, {"source": 14, "prod": 219.0, "target": 10, "value": 0.93233701743590014, "supply": [{"l": "Sugar", "v": 0.66762534720831823}, {"l": "Beer", "v": 0.00056611658812750056}, {"l": "Beverages, Alcoholic", "v": 0.020615485600268931}, {"l": "Fats, Animals, Raw", "v": 0.02502520737573145}, {"l": "Palm Oil", "v": 0.03241649084710909}, {"l": "Sunflowerseed Oil", "v": 0.051979795818979602}, {"l": "Coconut Oil", "v": 0.010867242645888}, {"l": "Rape and Mustard Oil", "v": 0.014150055528500001}, {"l": "Oilcrops Oil, Other", "v": 0.077426712293271124}, {"l": "Wine", "v": 0.012324241911919356}, {"l": "Sweeteners, Other", "v": 0.01099428774876259}, {"l": "Fish, Body Oil", "v": 0.008346033869024239}]}, {"source": 14, "prod": 271.0, "target": 4, "value": 0.96522891603556493, "supply": [{"l": "Maize", "v": 0.6920106297249895}, {"l": "Rye", "v": 0.11587696750591439}, {"l": "Barley", "v": 0.018044212499558582}, {"l": "Rice", "v": 0.067523071995649137}, {"l": "Cereals, Other", "v": 0.0087077264790769229}, {"l": "Wheat", "v": 0.047981510592704453}, {"l": "Oats", "v": 0.015084797237671983}]}, {"source": 14, "prod": 138.0, "target": 7, "value": 0.91005171484409775, "supply": [{"l": "Coconuts - Incl Copra", "v": 0.050435841487722781}, {"l": "Groundnuts", "v": 0.0079594062347812505}, {"l": "Soyabeans", "v": 0.8357376546520312}, {"l": "Rape and Mustardseed", "v": 0.015918812469562501}]}, {"source": 14, "prod": 496.0, "target": 2, "value": 0.29361921354998444, "supply": [{"l": "Vegetables, Other", "v": 0.0049622936497396393}, {"l": "Nuts", "v": 0.0035375138821250002}, {"l": "Grapefruit", "v": 0.0020214365040714288}, {"l": "Tomatoes", "v": 0.00189017439341744}, {"l": "Coffee", "v": 0.032215146183462454}, {"l": "Treenuts", "v": 0.0040428730081428577}, {"l": "Cocoa Beans", "v": 0.0080857460162857137}, {"l": "Peas", "v": 0.019078726555280898}, {"l": "Grapes", "v": 0.022002965926515707}, {"l": "Potatoes", "v": 0.061492486976941013}, {"l": "Apples", "v": 0.03181929585165285}, {"l": "Lemons, Limes", "v": 0.0015160773780535715}, {"l": "Pineapples", "v": 0.0034419053988243241}, {"l": "Bananas", "v": 0.029216301702730221}, {"l": "Tea", "v": 0.00094227171955266328}, {"l": "Fruits, Other", "v": 0.02276546908446013}, {"l": "Infant food", "v": 0.0040428730081428577}, {"l": "Oranges, Mandarines", "v": 0.03904741513697977}, {"l": "Onions", "v": 0.0014982411736058823}]}, {"source": 14, "prod": 567.0, "target": 1, "value": 0.50684071724203206, "supply": [{"l": "Freshwater Fish", "v": 0.0015879114682855367}, {"l": "Meat, Other", "v": 0.0013994560412802198}, {"l": "Crustaceans", "v": 0.00069590437025409833}, {"l": "Marine Fish, Other", "v": 0.0044684385879473687}, {"l": "Demersal Fish", "v": 0.0078611419602777795}, {"l": "Pigmeat", "v": 0.018148533884284043}, {"l": "Milk - Excluding Butter", "v": 0.022271074462340921}, {"l": "Pelagic Fish", "v": 0.22848377662979524}, {"l": "Fish, Seafood", "v": 0.21307033421293436}, {"l": "Offals, Edible", "v": 0.0024866206368075318}, {"l": "Bovine Meat", "v": 0.0063675249878250018}]}, {"source": 5, "prod": 22.0, "target": 15, "value": 0.12804549210787541, "supply": [{"l": "Fats, Animals, Raw", "v": 0.016683471583820962}, {"l": "Beverages, Fermented", "v": 0.00063044801859653472}, {"l": "Beer", "v": 0.0016983497643825018}, {"l": "Beverages, Alcoholic", "v": 0.01717957133355744}, {"l": "Butter, Ghee", "v": 0.091853651407517972}]}, {"source": 3, "prod": 415.0, "target": 15, "value": 0.28678815689540632, "supply": [{"l": "Eggs", "v": 0.04597433135863585}, {"l": "Pigmeat", "v": 0.0090742669421420216}, {"l": "Milk - Excluding Butter", "v": 0.23173955859462847}]}, {"source": 4, "prod": 63.0, "target": 15, "value": 0.19520618993298111, "supply": [{"l": "Wheat", "v": 0.095963021185408906}, {"l": "Barley", "v": 0.099243168747572205}]}, {"source": 2, "prod": 7.0, "target": 15, "value": 0.0060286998185244195, "supply": [{"l": "Cocoa Beans", "v": 0.0040428730081428568}, {"l": "Fruits, Other", "v": 0.0016657660305702529}, {"l": "Oranges, Mandarines", "v": 0.00032006077981130954}]}, {"source": 8, "prod": 39.0, "target": 15, "value": 0.15031079260555724, "supply": [{"l": "Sweeteners, Other", "v": 0.0036647625829208637}, {"l": "Sugar", "v": 0.14664603002263638}]}, {"source": 0, "prod": 2.0, "target": 15, "value": 0.0018043451502179632, "supply": [{"l": "Pelagic Fish", "v": 0.0009848438647836002}, {"l": "Fish, Seafood", "v": 0.00081950128543436303}]}, {"source": 9, "prod": 14.0, "target": 15, "value": 0.19126158389355832, "supply": [{"l": "Soyabean Oil", "v": 0.021460917551558333}, {"l": "Rape and Mustard Oil", "v": 0.169800666342}]}, {"source": 16, "prod": 11.0, "target": 2, "value": 0.0081496067077873654, "supply": [{"l": "Potatoes", "v": 0.0081496067077873654}]}, {"source": 3, "prod": 131.0, "target": 17, "value": 0.078851642015315138, "supply": [{"l": "Milk - Excluding Butter", "v": 0.078851642015315138}]}, {"source": 5, "prod": 3.0, "target": 17, "value": 0.02502520737573145, "supply": [{"l": "Fats, Animals, Raw", "v": 0.02502520737573145}]}, {"source": 4, "prod": 568.0, "target": 17, "value": 1.5999380146449405, "supply": [{"l": "Wheat", "v": 0.28469029618337977}, {"l": "Barley", "v": 0.67665796873344686}, {"l": "Oats", "v": 0.63858974972811389}]}, {"source": 2, "prod": 1.0, "target": 17, "value": 0.0038157453110561797, "supply": [{"l": "Peas", "v": 0.0038157453110561797}]}, {"source": 8, "prod": 28.0, "target": 17, "value": 0.10786062602005725, "supply": [{"l": "Sweeteners, Other", "v": 0.0036647625829208637}, {"l": "Sugar", "v": 0.10419586343713638}]}, {"source": 16, "prod": 15.0, "target": 4, "value": 0.057938483752957196, "supply": [{"l": "Rye", "v": 0.057938483752957196}]}, {"source": 1, "prod": 740.0, "target": 0, "value": 0.64767376906695373, "supply": [{"l": "Pelagic Fish", "v": 0.30136222262378159}, {"l": "Crustaceans", "v": 0.00069590437025409833}, {"l": "Freshwater Fish", "v": 0.030964273631567965}, {"l": "Demersal Fish", "v": 0.0078611419602777795}, {"l": "Fish, Seafood", "v": 0.30321547561071427}, {"l": "Marine Fish, Other", "v": 0.0035747508703578949}]}, {"source": 1, "prod": 3562.0, "target": 3, "value": 2.9466029358299801, "supply": [{"l": "Poultry Meat", "v": 0.015762087170987343}, {"l": "Pigmeat", "v": 0.59436448471030234}, {"l": "Bovine Meat", "v": 0.24408845786662506}, {"l": "Eggs", "v": 0.13135523245324529}, {"l": "Milk - Excluding Butter", "v": 1.9249431386639528}, {"l": "Offals, Edible", "v": 0.028596137323286617}, {"l": "Meat, Other", "v": 0.0055978241651208792}, {"l": "Mutton & Goat Meat", "v": 0.0035375138821250002}]}, {"source": 10, "prod": 411.0, "target": 5, "value": 1.1191702719619547, "supply": [{"l": "Fats, Animals, Raw", "v": 0.15015124425438867}, {"l": "Beverages, Fermented", "v": 0.0012608960371930694}, {"l": "Fish, Body Oil", "v": 0.008346033869024239}, {"l": "Beer", "v": 0.13360351479809013}, {"l": "Beverages, Alcoholic", "v": 0.14087248493517102}, {"l": "Cream", "v": 0.054687292141956265}, {"l": "Butter, Ghee", "v": 0.61792456401421181}, {"l": "Wine", "v": 0.012324241911919356}]}, {"source": 10, "prod": 53.0, "target": 9, "value": 0.6117667968155307, "supply": [{"l": "Soyabean Oil", "v": 0.20387871673980415}, {"l": "Coconut Oil", "v": 0.065203455875327998}, {"l": "Rape and Mustard Oil", "v": 0.169800666342}, {"l": "Palm Oil", "v": 0.03241649084710909}, {"l": "Oilcrops Oil, Other", "v": 0.088487671192309852}, {"l": "Sunflowerseed Oil", "v": 0.051979795818979602}]}, {"source": 10, "prod": 279.0, "target": 8, "value": 1.0749414976176517, "supply": [{"l": "Honey", "v": 0.003859106053227273}, {"l": "Sweeteners, Other", "v": 0.032982863246287769}, {"l": "Sugar", "v": 1.0380995283181367}]}, {"source": 18, "prod": 0, "target": 2, "value": 0.003159793675945335, "supply": "[{\"l\":'Energy for power irrigation',\"v\":0.003159793675945335}]"}, {"source": 18, "prod": 0, "target": 11, "value": 0.0017310174050830967, "supply": "[{\"l\":'Energy for power irrigation',\"v\":0.0017310174050830967}]"}, {"source": 18, "prod": 0, "target": 4, "value": 0.0098489395055878729, "supply": "[{\"l\":'Energy for power irrigation',\"v\":0.0098489395055878729}]"}, {"source": 18, "prod": 0, "target": 7, "value": 0.00026102643409983201, "supply": "[{\"l\":'Energy for power irrigation',\"v\":0.00026102643409983201}]"}, {"source": 18, "prod": 0, "target": 10, "value": 0.28000000022399996, "supply": "[{\"l\":'Electricity',\"v\":0.28000000022399996}]"}, {"source": 19, "prod": 0, "target": 18, "value": 0.37819950714977218, "supply": [{"l": "Coal", "v": 0.19747847478159566}, {"l": "Natural gas", "v": 0.024007722952411697}, {"l": "Oil", "v": 0.15671330941576483}]}, {"source": 20, "prod": 0, "target": 18, "value": 0.14810979363236609, "supply": [{"l": "Nuclear", "v": 0.0}, {"l": "Hydroelectric", "v": 0.14810979363236609}, {"l": "Renewable", "v": 0.0}]}, {"source": 19, "prod": 0, "target": 2, "value": 1.2707485772327085, "supply": [{"l": "Motor Gasoline", "v": 0.038881002564914363}, {"l": "Gas-Diesel oil", "v": 1.0768487151312023}, {"l": "Natural gas (including LNG)", "v": 0.0075089972347589821}, {"l": "Fuel oil", "v": 0.12528518087583843}, {"l": "Liquefied petroleum gas (LPG)", "v": 0.010147873405831422}, {"l": "Coal", "v": 0.012076808020163018}]}, {"source": 19, "prod": 0, "target": 11, "value": 0.69614922057096207, "supply": [{"l": "Motor Gasoline", "v": 0.021300027492083522}, {"l": "Gas-Diesel oil", "v": 0.58992581785448472}, {"l": "Natural gas (including LNG)", "v": 0.0041136245720853554}, {"l": "Fuel oil", "v": 0.068634490392850619}, {"l": "Liquefied petroleum gas (LPG)", "v": 0.0055592697788467791}, {"l": "Coal", "v": 0.0066159904806110444}]}, {"source": 19, "prod": 0, "target": 4, "value": 3.9608680652962116, "supply": [{"l": "Motor Gasoline", "v": 0.12119039451646568}, {"l": "Gas-Diesel oil", "v": 3.3564906255546041}, {"l": "Natural gas (including LNG)", "v": 0.023405217902603106}, {"l": "Fuel oil", "v": 0.39050846160821112}, {"l": "Liquefied petroleum gas (LPG)", "v": 0.03163048019408933}, {"l": "Coal", "v": 0.037642885520238555}]}, {"source": 19, "prod": 0, "target": 7, "value": 0.10497488246704983, "supply": [{"l": "Motor Gasoline", "v": 0.003211908907536404}, {"l": "Gas-Diesel oil", "v": 0.088957067771708018}, {"l": "Natural gas (including LNG)", "v": 0.00062030846721922031}, {"l": "Fuel oil", "v": 0.010349645376699695}, {"l": "Liquefied petroleum gas (LPG)", "v": 0.00083830258569911754}, {"l": "Coal", "v": 0.00099764935818737969}]}, {"source": 19, "prod": 0, "target": 1, "value": 0.53474083376112591, "supply": [{"l": "Gas-diesel oils used in fisheries", "v": 0.53474083376112591}]}, {"source": 21, "prod": 108.85409836065571, "target": 2, "value": 1.0011385111193158, "supply": [{"l": "Potash", "v": 0.37426624474385745}, {"l": "Phosphate", "v": 0.72165341724398935}, {"l": "Nitrogen", "v": 3.6568766001477226}]}, {"source": 21, "prod": 59.633114754098351, "target": 11, "value": 0.54844979304797303, "supply": [{"l": "Potash", "v": 0.37426624474385745}, {"l": "Phosphate", "v": 0.72165341724398935}, {"l": "Nitrogen", "v": 3.6568766001477226}]}, {"source": 21, "prod": 339.29349180327864, "target": 4, "value": 3.1205052113975542, "supply": [{"l": "Potash", "v": 0.37426624474385745}, {"l": "Phosphate", "v": 0.72165341724398935}, {"l": "Nitrogen", "v": 3.6568766001477226}]}, {"source": 21, "prod": 8.9922950819672121, "target": 7, "value": 0.082702746570726085, "supply": [{"l": "Potash", "v": 0.37426624474385745}, {"l": "Phosphate", "v": 0.72165341724398935}, {"l": "Nitrogen", "v": 3.6568766001477226}]}, {"source": 19, "prod": 0, "target": 21, "value": 5.9560088551435211, "supply": [{"l": "Natural gas (including LNG)", "v": 3.9574134227048186}, {"l": "Fuel oil", "v": 1.3521650171634372}, {"l": "Liquefied petroleum gas (LPG)", "v": 0.32321520763763284}, {"l": "Coal", "v": 0.32321520763763284}]}, {"source": 22, "prod": 0, "target": 4, "value": 0.16470357237467248, "supply": "[{\"l\":'Labor',\"v\":0.16470357237467248}]"}, {"source": 22, "prod": 0, "target": 7, "value": 0.0043651386178250482, "supply": "[{\"l\":'Labor',\"v\":0.0043651386178250482}]"}, {"source": 22, "prod": 0, "target": 2, "value": 0.052841151689461109, "supply": "[{\"l\":'Labor',\"v\":0.052841151689461109}]"}, {"source": 22, "prod": 0, "target": 11, "value": 0.028947761360313479, "supply": "[{\"l\":'Labor',\"v\":0.028947761360313479}]"}, {"source": 19, "prod": 0, "target": 14, "value": 4.0656639979123677, "supply": "[{\"l\":'Fossil Fuels',\"v\":4.0656639979123677}]"}, {"source": 20, "prod": 0, "target": 14, "value": 1.1355468919822738, "supply": "[{\"l\":'Renewables & Nuclear',\"v\":0.28138472546678583},{\"l\":'Biomass & Waste',\"v\":0.85416216651548793}]"}]}