{"nodes": [{"layer": 13, "name": "Other Processed", "fill": "#9c9ede"}, {"layer": 10, "name": "Feed", "fill": "#dbdb8d"}, {"layer": 13, "name": "Animal Products", "fill": "#17becf"}, {"layer": 5, "name": "Cereals", "fill": "#e7ba52"}, {"layer": 13, "name": "Sugar", "fill": "#d6616b"}, {"layer": 5, "name": "Starchy Roots"}, {"layer": 5, "name": "Fruits & Vegetables"}, {"layer": 13, "name": "Aquatic Products", "fill": "#1f77b4"}, {"layer": 16, "name": "Food", "fill": "#b5cf6b"}, {"layer": 5, "name": "Oilcrops", "fill": "#ff9896"}, {"layer": 5, "name": "Others"}, {"layer": 13, "name": "Vegetable Oils", "fill": "#f7b6d2"}, {"layer": 5, "name": "Sugar Crops", "fill": "#ffbb78"}, {"layer": 10, "name": "Processing", "fill": "#9edae5"}, {"layer": 16, "name": "Biofuels & Other", "fill": "#e7ba52"}, {"name": "Seed", "fill": "#dbdb8d"}, {"name": "Waste", "fill": "#c7c7c7"}, {"layer": 0, "name": "Import", "fill": "#aec7e8"}, {"layer": 16, "name": "Export", "fill": "#aec7e8"}, {"layer": 16, "name": "Stock Deposit", "fill": "#c7c7c7"}, {"layer": 0, "name": "Stock Draw", "fill": "#c7c7c7"}, {"layer": 0, "name": "Production", "fill": "#b5cf6b"}], "links": [{"source": 0, "prod": 0.033400863004144563, "target": 1, "value": 4.0, "supply": [{"l": "Fish, Body Oil", "v": 4.0}]}, {"source": 2, "prod": 0.24667520342083876, "target": 1, "value": 456.0, "supply": [{"l": "Milk - Excluding Butter", "v": 456.0}]}, {"source": 3, "prod": 6.4529906995610382, "target": 1, "value": 2288.0, "supply": [{"l": "Maize", "v": 1.0}, {"l": "Wheat", "v": 131.0}, {"l": "Oats", "v": 937.0}, {"l": "Rye", "v": 2.0}, {"l": "Barley", "v": 1210.0}, {"l": "Cereals, Other", "v": 7.0}]}, {"source": 4, "prod": 0.0033513289409605267, "target": 1, "value": 1.0, "supply": [{"l": "Sugar", "v": 1.0}]}, {"source": 5, "prod": 0.046794705726576867, "target": 1, "value": 60.0, "supply": [{"l": "Potatoes", "v": 60.0}]}, {"source": 6, "prod": 0.026792318254782788, "target": 1, "value": 7.0, "supply": [{"l": "Peas", "v": 7.0}]}, {"source": 7, "prod": 0.92873232760873758, "target": 1, "value": 1072.0, "supply": [{"l": "Pelagic Fish", "v": 476.0}, {"l": "Freshwater Fish", "v": 59.0}, {"l": "Marine Fish, Other", "v": 1.0}, {"l": "Fish, Seafood", "v": 536.0}]}, {"source": 0, "prod": 0.86398703008571487, "target": 8, "value": 443.0, "supply": [{"l": "Beer", "v": 306.0}, {"l": "Beverages, Alcoholic", "v": 39.0}, {"l": "Fats, Animals, Raw", "v": 3.0}, {"l": "Butter, Ghee", "v": 54.0}, {"l": "Wine", "v": 11.0}, {"l": "Cream", "v": 30.0}]}, {"source": 2, "prod": 1.9030242182105099, "target": 8, "value": 1853.0, "supply": [{"l": "Meat, Other", "v": 15.0}, {"l": "Eggs", "v": 53.0}, {"l": "Mutton & Goat Meat", "v": 1.0}, {"l": "Pigmeat", "v": 154.0}, {"l": "Poultry Meat", "v": 20.0}, {"l": "Milk - Excluding Butter", "v": 1481.0}, {"l": "Bovine Meat", "v": 107.0}, {"l": "Offals, Edible", "v": 22.0}]}, {"source": 3, "prod": 1.5425904717883379, "target": 8, "value": 461.0, "supply": [{"l": "Rye", "v": 100.0}, {"l": "Barley", "v": 17.0}, {"l": "Rice", "v": 17.0}, {"l": "Cereals, Other", "v": 3.0}, {"l": "Wheat", "v": 299.0}, {"l": "Oats", "v": 25.0}]}, {"source": 9, "prod": 0.015890129924572297, "target": 8, "value": 3.0, "supply": [{"l": "Coconuts - Incl Copra", "v": 1.0}, {"l": "Groundnuts", "v": 2.0}]}, {"source": 4, "prod": 0.60536171770216973, "target": 8, "value": 181.0, "supply": [{"l": "Sugar", "v": 178.0}, {"l": "Sweeteners, Other", "v": 1.0}, {"l": "Honey", "v": 2.0}]}, {"source": 5, "prod": 0.33926161651768233, "target": 8, "value": 435.0, "supply": [{"l": "Potatoes", "v": 435.0}]}, {"source": 6, "prod": 0.24734764880078092, "target": 8, "value": 530.0, "supply": [{"l": "Vegetables, Other", "v": 168.0}, {"l": "Grapefruit", "v": 7.0}, {"l": "Tomatoes", "v": 42.0}, {"l": "Treenuts", "v": 3.0}, {"l": "Peas", "v": 6.0}, {"l": "Grapes", "v": 24.0}, {"l": "Apples", "v": 74.0}, {"l": "Lemons, Limes", "v": 4.0}, {"l": "Pineapples", "v": 6.0}, {"l": "Bananas", "v": 46.0}, {"l": "Fruits, Other", "v": 58.0}, {"l": "Oranges, Mandarines", "v": 82.0}, {"l": "Onions", "v": 10.0}]}, {"source": 10, "prod": 0.045475046339601824, "target": 8, "value": 59.0, "supply": [{"l": "Nuts", "v": 3.0}, {"l": "Coffee", "v": 52.0}, {"l": "Cocoa Beans", "v": 2.0}, {"l": "Spices, Other", "v": 1.0}, {"l": "Tea", "v": 1.0}]}, {"source": 7, "prod": 0.24549312762848474, "target": 8, "value": 304.0, "supply": [{"l": "Crustaceans", "v": 6.0}, {"l": "Marine Fish, Other", "v": 9.0}, {"l": "Freshwater Fish", "v": 31.0}, {"l": "Pelagic Fish", "v": 82.0}, {"l": "Fish, Seafood", "v": 152.0}, {"l": "Demersal Fish", "v": 24.0}]}, {"source": 11, "prod": 0.3485340986422264, "target": 8, "value": 34.0, "supply": [{"l": "Sunflowerseed Oil", "v": 4.0}, {"l": "Rape and Mustard Oil", "v": 24.0}, {"l": "Oilcrops Oil, Other", "v": 6.0}]}, {"source": 12, "prod": 0.85888222058000008, "target": 13, "value": 739.0, "supply": [{"l": "Sugar beet", "v": 739.0}]}, {"source": 6, "prod": 0.0019015884899960475, "target": 13, "value": 4.0, "supply": [{"l": "Apples", "v": 4.0}]}, {"source": 3, "prod": 0.37405760355204692, "target": 13, "value": 117.0, "supply": [{"l": "Maize", "v": 1.0}, {"l": "Barley", "v": 100.0}, {"l": "Cereals, Other", "v": 16.0}]}, {"source": 9, "prod": 0.99069510396160143, "target": 13, "value": 220.0, "supply": [{"l": "Sunflower seed", "v": 7.0}, {"l": "Rape and Mustardseed", "v": 90.0}, {"l": "Soyabeans", "v": 123.0}]}, {"source": 0, "prod": 0.13001512060277598, "target": 14, "value": 20.0, "supply": [{"l": "Fats, Animals, Raw", "v": 15.0}, {"l": "Alcohol, Non-Food", "v": 5.0}]}, {"source": 2, "prod": 0.31158973063684897, "target": 14, "value": 576.0, "supply": [{"l": "Milk - Excluding Butter", "v": 576.0}]}, {"source": 3, "prod": 0.22165266039842013, "target": 14, "value": 69.0, "supply": [{"l": "Wheat", "v": 68.0}, {"l": "Rye", "v": 1.0}]}, {"source": 4, "prod": 0.047812292891036848, "target": 14, "value": 15.0, "supply": [{"l": "Sweeteners, Other", "v": 2.0}, {"l": "Sugar", "v": 13.0}]}, {"source": 5, "prod": 0.17236049942622483, "target": 14, "value": 221.0, "supply": [{"l": "Potatoes", "v": 221.0}]}, {"source": 11, "prod": 0.092829672794323526, "target": 14, "value": 9.0, "supply": [{"l": "Rape and Mustard Oil", "v": 2.0}, {"l": "Palm Oil", "v": 4.0}, {"l": "Oilcrops Oil, Other", "v": 3.0}]}, {"source": 5, "prod": 0.087350117356276832, "target": 15, "value": 112.0, "supply": [{"l": "Potatoes", "v": 112.0}]}, {"source": 6, "prod": 0.0038274740363975412, "target": 15, "value": 1.0, "supply": [{"l": "Peas", "v": 1.0}]}, {"source": 2, "prod": 0.0032834382994309397, "target": 2, "value": 2.0, "supply": [{"l": "Eggs", "v": 2.0}]}, {"source": 3, "prod": 0.78688216572602521, "target": 15, "value": 272.0, "supply": [{"l": "Cereals, Other", "v": 2.0}, {"l": "Wheat", "v": 43.0}, {"l": "Barley", "v": 133.0}, {"l": "Oats", "v": 91.0}, {"l": "Rye", "v": 3.0}]}, {"source": 6, "prod": 0.0090051952082420873, "target": 16, "value": 25.0, "supply": [{"l": "Bananas", "v": 2.0}, {"l": "Oranges, Mandarines", "v": 2.0}, {"l": "Fruits, Other", "v": 2.0}, {"l": "Vegetables, Other", "v": 11.0}, {"l": "Onions", "v": 1.0}, {"l": "Tomatoes", "v": 4.0}, {"l": "Apples", "v": 3.0}]}, {"source": 2, "prod": 0.0016417191497154699, "target": 16, "value": 1.0, "supply": [{"l": "Eggs", "v": 1.0}]}, {"source": 17, "prod": 0.059798351878906912, "target": 10, "value": 69.0, "supply": [{"l": "Nuts", "v": 3.0}, {"l": "Coffee", "v": 54.0}, {"l": "Cocoa Beans", "v": 9.0}, {"l": "Spices, Other", "v": 1.0}, {"l": "Tea", "v": 1.0}, {"l": "Infant food", "v": 1.0}]}, {"source": 17, "prod": 0.8918913332697912, "target": 1, "value": 1051.0, "supply": [{"l": "Freshwater Fish", "v": 2.0}, {"l": "Crustaceans", "v": 6.0}, {"l": "Marine Fish, Other", "v": 10.0}, {"l": "Demersal Fish", "v": 20.0}, {"l": "Milk - Excluding Butter", "v": 40.0}, {"l": "Pelagic Fish", "v": 467.0}, {"l": "Fish, Seafood", "v": 505.0}, {"l": "Offals, Edible", "v": 1.0}]}, {"source": 17, "prod": 0.54226845858867645, "target": 13, "value": 125.0, "supply": [{"l": "Alcohol, Non-Food", "v": 5.0}, {"l": "Sugar", "v": 79.0}, {"l": "Beverages, Alcoholic", "v": 3.0}, {"l": "Fats, Animals, Raw", "v": 2.0}, {"l": "Soyabean Oil", "v": 2.0}, {"l": "Palm Oil", "v": 4.0}, {"l": "Sunflowerseed Oil", "v": 2.0}, {"l": "Coconut Oil", "v": 3.0}, {"l": "Oilcrops Oil, Other", "v": 8.0}, {"l": "Wine", "v": 11.0}, {"l": "Sweeteners, Other", "v": 1.0}, {"l": "Fish, Body Oil", "v": 4.0}, {"l": "Honey", "v": 1.0}]}, {"source": 17, "prod": 0.48548720279416224, "target": 3, "value": 139.0, "supply": [{"l": "Maize", "v": 1.0}, {"l": "Rye", "v": 31.0}, {"l": "Rice", "v": 17.0}, {"l": "Wheat", "v": 89.0}, {"l": "Cereals, Other", "v": 1.0}]}, {"source": 17, "prod": 0.1801874004751034, "target": 6, "value": 357.0, "supply": [{"l": "Grapefruit", "v": 7.0}, {"l": "Tomatoes", "v": 18.0}, {"l": "Treenuts", "v": 3.0}, {"l": "Vegetables, Other", "v": 40.0}, {"l": "Peas", "v": 1.0}, {"l": "Grapes", "v": 24.0}, {"l": "Apples", "v": 67.0}, {"l": "Lemons, Limes", "v": 4.0}, {"l": "Pineapples", "v": 6.0}, {"l": "Bananas", "v": 48.0}, {"l": "Fruits, Other", "v": 52.0}, {"l": "Oranges, Mandarines", "v": 84.0}, {"l": "Onions", "v": 3.0}]}, {"source": 17, "prod": 0.60580403273807137, "target": 9, "value": 134.0, "supply": [{"l": "Sunflower seed", "v": 7.0}, {"l": "Coconuts - Incl Copra", "v": 1.0}, {"l": "Groundnuts", "v": 2.0}, {"l": "Soyabeans", "v": 123.0}, {"l": "Rape and Mustardseed", "v": 1.0}]}, {"source": 17, "prod": 0.0023397352863288434, "target": 5, "value": 3.0, "supply": [{"l": "Potatoes", "v": 3.0}]}, {"source": 0, "prod": 0.20473124791813777, "target": 18, "value": 32.0, "supply": [{"l": "Beer", "v": 1.0}, {"l": "Beverages, Alcoholic", "v": 8.0}, {"l": "Butter, Ghee", "v": 19.0}, {"l": "Fats, Animals, Raw", "v": 2.0}, {"l": "Beverages, Fermented", "v": 2.0}]}, {"source": 2, "prod": 0.56807734055615178, "target": 18, "value": 776.0, "supply": [{"l": "Pigmeat", "v": 21.0}, {"l": "Milk - Excluding Butter", "v": 705.0}, {"l": "Bovine Meat", "v": 18.0}, {"l": "Eggs", "v": 32.0}]}, {"source": 3, "prod": 1.9360744809751347, "target": 18, "value": 662.0, "supply": [{"l": "Oats", "v": 153.0}, {"l": "Barley", "v": 475.0}, {"l": "Wheat", "v": 34.0}]}, {"source": 4, "prod": 0.042897010444294739, "target": 18, "value": 15.0, "supply": [{"l": "Sugar", "v": 9.0}, {"l": "Sweeteners, Other", "v": 6.0}]}, {"source": 6, "prod": 0.0032354945227888849, "target": 18, "value": 7.0, "supply": [{"l": "Fruits, Other", "v": 5.0}, {"l": "Vegetables, Other", "v": 2.0}]}, {"source": 10, "prod": 0.016723302411234178, "target": 18, "value": 12.0, "supply": [{"l": "Coffee", "v": 1.0}, {"l": "Infant food", "v": 5.0}, {"l": "Cocoa Beans", "v": 6.0}]}, {"source": 7, "prod": 0.011398165889506463, "target": 18, "value": 16.0, "supply": [{"l": "Fish, Seafood", "v": 8.0}, {"l": "Demersal Fish", "v": 4.0}, {"l": "Marine Fish, Other", "v": 1.0}, {"l": "Freshwater Fish", "v": 3.0}]}, {"source": 11, "prod": 0.38119030893842176, "target": 18, "value": 38.0, "supply": [{"l": "Coconut Oil", "v": 3.0}, {"l": "Rape and Mustard Oil", "v": 10.0}, {"l": "Oilcrops Oil, Other", "v": 1.0}, {"l": "Soyabean Oil", "v": 24.0}]}, {"source": 2, "prod": 0.0021273876587675862, "target": 19, "value": 1.0, "supply": [{"l": "Bovine Meat", "v": 1.0}]}, {"source": 20, "prod": 0.091249676166824903, "target": 5, "value": 117.0, "supply": [{"l": "Potatoes", "v": 117.0}]}, {"source": 3, "prod": 0.031816526446786286, "target": 19, "value": 13.0, "supply": [{"l": "Oats", "v": 13.0}]}, {"source": 20, "prod": 0.064546356202071845, "target": 1, "value": 97.0, "supply": [{"l": "Milk - Excluding Butter", "v": 94.0}, {"l": "Pigmeat", "v": 3.0}]}, {"source": 20, "prod": 0.060323920937289471, "target": 13, "value": 18.0, "supply": [{"l": "Sugar", "v": 18.0}]}, {"source": 20, "prod": 0.30803287252408296, "target": 3, "value": 99.0, "supply": [{"l": "Wheat", "v": 14.0}, {"l": "Barley", "v": 81.0}, {"l": "Rye", "v": 4.0}]}, {"source": 21, "prod": 10.55042907316713, "target": 3, "value": 3643.0, "supply": [{"l": "Oats", "v": 1218.0}, {"l": "Rye", "v": 72.0}, {"l": "Barley", "v": 1854.0}, {"l": "Cereals, Other", "v": 27.0}, {"l": "Wheat", "v": 472.0}]}, {"source": 21, "prod": 0.40078120114810234, "target": 9, "value": 89.0, "supply": [{"l": "Rape and Mustardseed", "v": 89.0}]}, {"source": 21, "prod": 0.85888222058000008, "target": 12, "value": 739.0, "supply": [{"l": "Sugar beet", "v": 739.0}]}, {"source": 21, "prod": 0.55217752757360705, "target": 5, "value": 708.0, "supply": [{"l": "Potatoes", "v": 708.0}]}, {"source": 21, "prod": 0.11622518999678144, "target": 6, "value": 219.0, "supply": [{"l": "Fruits, Other", "v": 13.0}, {"l": "Tomatoes", "v": 28.0}, {"l": "Vegetables, Other", "v": 141.0}, {"l": "Peas", "v": 14.0}, {"l": "Onions", "v": 8.0}, {"l": "Apples", "v": 15.0}]}, {"source": 1, "prod": 1.1856236211267288, "target": 7, "value": 1392.0, "supply": [{"l": "Pelagic Fish", "v": 558.0}, {"l": "Crustaceans", "v": 6.0}, {"l": "Freshwater Fish", "v": 93.0}, {"l": "Demersal Fish", "v": 28.0}, {"l": "Fish, Seafood", "v": 696.0}, {"l": "Marine Fish, Other", "v": 11.0}]}, {"source": 1, "prod": 3.0331355996328324, "target": 2, "value": 3663.0, "supply": [{"l": "Poultry Meat", "v": 20.0}, {"l": "Pigmeat", "v": 175.0}, {"l": "Bovine Meat", "v": 126.0}, {"l": "Eggs", "v": 88.0}, {"l": "Milk - Excluding Butter", "v": 3218.0}, {"l": "Offals, Edible", "v": 22.0}, {"l": "Meat, Other", "v": 15.0}, {"l": "Mutton & Goat Meat", "v": 1.0}]}, {"source": 13, "prod": 1.2321342616107733, "target": 0, "value": 499.0, "supply": [{"l": "Fats, Animals, Raw", "v": 20.0}, {"l": "Alcohol, Non-Food", "v": 5.0}, {"l": "Beverages, Fermented", "v": 2.0}, {"l": "Fish, Body Oil", "v": 4.0}, {"l": "Beer", "v": 307.0}, {"l": "Beverages, Alcoholic", "v": 47.0}, {"l": "Cream", "v": 30.0}, {"l": "Butter, Ghee", "v": 73.0}, {"l": "Wine", "v": 11.0}]}, {"source": 13, "prod": 0.82255408037497169, "target": 11, "value": 81.0, "supply": [{"l": "Soyabean Oil", "v": 24.0}, {"l": "Coconut Oil", "v": 3.0}, {"l": "Rape and Mustard Oil", "v": 36.0}, {"l": "Palm Oil", "v": 4.0}, {"l": "Oilcrops Oil, Other", "v": 10.0}, {"l": "Sunflowerseed Oil", "v": 4.0}]}, {"source": 13, "prod": 0.69942234997846187, "target": 4, "value": 212.0, "supply": [{"l": "Honey", "v": 2.0}, {"l": "Sweeteners, Other", "v": 9.0}, {"l": "Sugar", "v": 201.0}]}]}