{"nodes": [{"name": "Balance", "fill": "#9edae5"}, {"name": "Food", "fill": "#b5cf6b"}, {"name": "Stock Deposit", "fill": "#c7c7c7"}, {"name": "Export", "fill": "#aec7e8"}, {"name": "Biofuels & Other", "fill": "#e7ba52"}, {"name": "Renewables & Nuclear", "fill": "#2ca02c"}, {"name": "Fossil Fuels", "fill": "#c49c94"}, {"name": "Stock Draw", "fill": "#c7c7c7"}, {"name": "Labor", "fill": "#7f7f7f"}], "links": [{"source": 0, "target": 1, "value": 55.102534722038257}, {"source": 0, "target": 2, "value": 1.982935960093585}, {"source": 0, "target": 3, "value": 7.3679079503034579}, {"source": 0, "target": 4, "value": 2.4951174085746928}, {"source": 5, "target": 0, "value": 0.80967616559914968}, {"source": 6, "target": 0, "value": 31.596020976979545}, {"source": 7, "target": 0, "value": 3.3942983041095616}, {"source": 8, "target": 0, "value": 3.96351920032382}]}