{"nodes": [{"layer": 5, "name": "Maize"}, {"layer": 10, "name": "Feed", "fill": "#dbdb8d"}, {"layer": 13, "name": "Pelagic Fish"}, {"layer": 5, "name": "Wheat"}, {"layer": 5, "name": "Oats"}, {"layer": 5, "name": "Soyabeans"}, {"layer": 13, "name": "Milk - Excluding Butter"}, {"layer": 13, "name": "Demersal Fish"}, {"layer": 5, "name": "Barley"}, {"layer": 13, "name": "Fish, Seafood"}, {"layer": 5, "name": "Oilcrops, Other"}, {"layer": 5, "name": "Sorghum"}, {"layer": 5, "name": "Cereals, Other"}, {"layer": 5, "name": "Pulses, Other"}, {"layer": 16, "name": "Food", "fill": "#b5cf6b"}, {"layer": 5, "name": "Olives"}, {"layer": 5, "name": "Vegetables, Other"}, {"layer": 5, "name": "Nuts"}, {"layer": 5, "name": "Dates"}, {"layer": 13, "name": "Sugar", "fill": "#d6616b"}, {"layer": 13, "name": "Oilcrops Oil, Other"}, {"layer": 13, "name": "Maize Germ Oil"}, {"layer": 13, "name": "Beer"}, {"layer": 13, "name": "Groundnut Oil"}, {"layer": 13, "name": "Beverages, Alcoholic"}, {"layer": 13, "name": "Aquatic Products, Other"}, {"layer": 5, "name": "Apples"}, {"layer": 13, "name": "Honey"}, {"layer": 13, "name": "Sugar non-centrifugal"}, {"layer": 13, "name": "Butter, Ghee"}, {"layer": 5, "name": "Tomatoes"}, {"layer": 13, "name": "Fats, Animals, Raw"}, {"layer": 5, "name": "Coffee"}, {"layer": 5, "name": "Rice"}, {"layer": 13, "name": "Soyabean Oil"}, {"layer": 5, "name": "Coconuts - Incl Copra"}, {"layer": 5, "name": "Treenuts"}, {"layer": 13, "name": "Crustaceans"}, {"layer": 13, "name": "Eggs"}, {"layer": 5, "name": "Roots, Other"}, {"layer": 5, "name": "Peas"}, {"layer": 5, "name": "Sesame seed"}, {"layer": 13, "name": "Cephalopods"}, {"layer": 13, "name": "Coconut Oil"}, {"layer": 5, "name": "Sweet potatoes"}, {"layer": 13, "name": "Marine Fish, Other"}, {"layer": 5, "name": "Grapes"}, {"layer": 5, "name": "Groundnuts"}, {"layer": 13, "name": "Palm Oil"}, {"layer": 13, "name": "Wine"}, {"layer": 13, "name": "Sunflowerseed Oil"}, {"layer": 13, "name": "Olive Oil"}, {"layer": 13, "name": "Pigmeat"}, {"layer": 5, "name": "Cocoa Beans"}, {"layer": 5, "name": "Potatoes"}, {"layer": 13, "name": "Freshwater Fish"}, {"layer": 5, "name": "Pimento"}, {"layer": 5, "name": "Pepper"}, {"layer": 5, "name": "Grapefruit"}, {"layer": 13, "name": "Rape and Mustard Oil"}, {"layer": 5, "name": "Beans"}, {"layer": 13, "name": "Meat, Other"}, {"layer": 5, "name": "Lemons, Limes"}, {"layer": 13, "name": "Mutton & Goat Meat"}, {"layer": 13, "name": "Sweeteners, Other"}, {"layer": 13, "name": "Sesameseed Oil"}, {"layer": 5, "name": "Bananas"}, {"layer": 5, "name": "Spices, Other"}, {"layer": 13, "name": "Bovine Meat"}, {"layer": 5, "name": "Fruits, Other"}, {"layer": 13, "name": "Molluscs, Other"}, {"layer": 13, "name": "Aquatic Animals, Others"}, {"layer": 13, "name": "Poultry Meat"}, {"layer": 13, "name": "Offals, Edible"}, {"layer": 5, "name": "Infant food"}, {"layer": 5, "name": "Oranges, Mandarines"}, {"layer": 13, "name": "Cottonseed Oil"}, {"layer": 5, "name": "Onions"}, {"layer": 5, "name": "Pineapples"}, {"layer": 5, "name": "Cassava"}, {"layer": 5, "name": "Sunflower seed"}, {"layer": 10, "name": "Processing", "fill": "#9edae5"}, {"layer": 5, "name": "Sugar cane"}, {"layer": 5, "name": "Cottonseed"}, {"layer": 5, "name": "Rape and Mustardseed"}, {"layer": 5, "name": "Palm kernels"}, {"layer": 16, "name": "Biofuels & Other", "fill": "#e7ba52"}, {"layer": 13, "name": "Alcohol, Non-Food"}, {"layer": 13, "name": "Fish, Body Oil"}, {"layer": 13, "name": "Aquatic Plants"}, {"layer": 13, "name": "Palmkernel Oil"}, {"name": "Seed", "fill": "#dbdb8d"}, {"name": "Waste", "fill": "#c7c7c7"}, {"layer": 0, "name": "Import", "fill": "#aec7e8"}, {"layer": 16, "name": "Export", "fill": "#aec7e8"}, {"layer": 0, "name": "Stock Draw", "fill": "#c7c7c7"}, {"layer": 16, "name": "Stock Deposit", "fill": "#c7c7c7"}, {"layer": 0, "name": "Production", "fill": "#b5cf6b"}, {"layer": 5, "name": "Oil Palm"}], "links": [{"source": 0, "prod": 5.739496485699445, "target": 1, "value": 1526.0, "supply": [{"l": "Maize", "v": 1526.0}]}, {"source": 2, "prod": 0.27415732586468755, "target": 1, "value": 248.0, "supply": [{"l": "Pelagic Fish", "v": 248.0}]}, {"source": 3, "prod": 0.92048150070880053, "target": 1, "value": 296.0, "supply": [{"l": "Wheat", "v": 296.0}]}, {"source": 4, "prod": 0.082403264548323543, "target": 1, "value": 33.0, "supply": [{"l": "Oats", "v": 33.0}]}, {"source": 5, "prod": 0.15577120787766335, "target": 1, "value": 31.0, "supply": [{"l": "Soyabeans", "v": 31.0}]}, {"source": 6, "prod": 0.29166638720653604, "target": 1, "value": 441.0, "supply": [{"l": "Milk - Excluding Butter", "v": 441.0}]}, {"source": 7, "prod": 0.0050209874455967741, "target": 1, "value": 11.0, "supply": [{"l": "Demersal Fish", "v": 11.0}]}, {"source": 8, "prod": 0.51718452956667504, "target": 1, "value": 172.0, "supply": [{"l": "Barley", "v": 172.0}]}, {"source": 9, "prod": 0.19288759904639477, "target": 1, "value": 259.0, "supply": [{"l": "Fish, Seafood", "v": 259.0}]}, {"source": 10, "prod": 0.42711460224520598, "target": 1, "value": 85.0, "supply": [{"l": "Oilcrops, Other", "v": 85.0}]}, {"source": 11, "prod": 16.895476049595008, "target": 1, "value": 4918.0, "supply": [{"l": "Sorghum", "v": 4918.0}]}, {"source": 12, "prod": 0.049525194349750008, "target": 1, "value": 15.0, "supply": [{"l": "Cereals, Other", "v": 15.0}]}, {"source": 13, "prod": 0.33371229223283244, "target": 1, "value": 85.0, "supply": [{"l": "Pulses, Other", "v": 85.0}]}, {"source": 0, "prod": 29.393292946095126, "target": 14, "value": 7815.0, "supply": [{"l": "Maize", "v": 7815.0}]}, {"source": 15, "prod": 0.027013742372590913, "target": 14, "value": 7.0, "supply": [{"l": "Olives", "v": 7.0}]}, {"source": 16, "prod": 0.33230200258869647, "target": 14, "value": 1214.0, "supply": [{"l": "Vegetables, Other", "v": 1214.0}]}, {"source": 17, "prod": 0.11171096469868422, "target": 14, "value": 25.0, "supply": [{"l": "Nuts", "v": 25.0}]}, {"source": 18, "prod": 0.0018063900674680853, "target": 14, "value": 1.0, "supply": [{"l": "Dates", "v": 1.0}]}, {"source": 19, "prod": 10.638371511757398, "target": 14, "value": 2572.0, "supply": [{"l": "Sugar", "v": 2572.0}]}, {"source": 20, "prod": 1.3556597975737541, "target": 14, "value": 131.0, "supply": [{"l": "Oilcrops Oil, Other", "v": 131.0}]}, {"source": 21, "prod": 0.031837624939125002, "target": 14, "value": 3.0, "supply": [{"l": "Maize Germ Oil", "v": 3.0}]}, {"source": 22, "prod": 0.88643807057467972, "target": 14, "value": 2143.0, "supply": [{"l": "Beer", "v": 2143.0}]}, {"source": 23, "prod": 0.02122508329275, "target": 14, "value": 1.0, "supply": [{"l": "Groundnut Oil", "v": 1.0}]}, {"source": 24, "prod": 0.44164902378608867, "target": 14, "value": 132.0, "supply": [{"l": "Beverages, Alcoholic", "v": 132.0}]}, {"source": 25, "prod": 0.0029789590586315794, "target": 14, "value": 4.0, "supply": [{"l": "Aquatic Products, Other", "v": 4.0}]}, {"source": 26, "prod": 0.11085100104590943, "target": 14, "value": 173.0, "supply": [{"l": "Apples", "v": 173.0}]}, {"source": 27, "prod": 0.057732226556279992, "target": 14, "value": 17.0, "supply": [{"l": "Honey", "v": 17.0}]}, {"source": 28, "prod": 0.27592608280574998, "target": 14, "value": 65.0, "supply": [{"l": "Sugar non-centrifugal", "v": 65.0}]}, {"source": 29, "prod": 0.32808942310149158, "target": 14, "value": 38.0, "supply": [{"l": "Butter, Ghee", "v": 38.0}]}, {"source": 30, "prod": 0.1107728951982799, "target": 14, "value": 578.0, "supply": [{"l": "Tomatoes", "v": 578.0}]}, {"source": 31, "prod": 0.85786950574368059, "target": 14, "value": 103.0, "supply": [{"l": "Fats, Animals, Raw", "v": 103.0}]}, {"source": 32, "prod": 0.027828442539383335, "target": 14, "value": 59.0, "supply": [{"l": "Coffee", "v": 59.0}]}, {"source": 33, "prod": 1.410772134597621, "target": 14, "value": 318.0, "supply": [{"l": "Rice", "v": 318.0}]}, {"source": 3, "prod": 7.5348874196534572, "target": 14, "value": 2423.0, "supply": [{"l": "Wheat", "v": 2423.0}]}, {"source": 34, "prod": 1.5856492012234853, "target": 14, "value": 154.0, "supply": [{"l": "Soyabean Oil", "v": 154.0}]}, {"source": 35, "prod": 0.13877939076028847, "target": 14, "value": 85.0, "supply": [{"l": "Coconuts - Incl Copra", "v": 85.0}]}, {"source": 36, "prod": 0.11171096469868422, "target": 14, "value": 25.0, "supply": [{"l": "Treenuts", "v": 25.0}]}, {"source": 37, "prod": 0.011073956500565217, "target": 14, "value": 18.0, "supply": [{"l": "Crustaceans", "v": 18.0}]}, {"source": 38, "prod": 0.66443739003391311, "target": 14, "value": 435.0, "supply": [{"l": "Eggs", "v": 435.0}]}, {"source": 39, "prod": 0.055185216561150004, "target": 14, "value": 39.0, "supply": [{"l": "Roots, Other", "v": 39.0}]}, {"source": 40, "prod": 0.011846558116883722, "target": 14, "value": 3.0, "supply": [{"l": "Peas", "v": 3.0}]}, {"source": 41, "prod": 0.13928960910867189, "target": 14, "value": 21.0, "supply": [{"l": "Sesame seed", "v": 21.0}]}, {"source": 42, "prod": 0.0099050388699500006, "target": 14, "value": 7.0, "supply": [{"l": "Cephalopods", "v": 7.0}]}, {"source": 43, "prod": 0.52373582150941567, "target": 14, "value": 50.0, "supply": [{"l": "Coconut Oil", "v": 50.0}]}, {"source": 44, "prod": 0.055445115540244894, "target": 14, "value": 64.0, "supply": [{"l": "Sweet potatoes", "v": 64.0}]}, {"source": 45, "prod": 0.0034188053625906047, "target": 14, "value": 4.0, "supply": [{"l": "Marine Fish, Other", "v": 4.0}]}, {"source": 46, "prod": 0.027704319245273681, "target": 14, "value": 124.0, "supply": [{"l": "Grapes", "v": 124.0}]}, {"source": 47, "prod": 0.19191012810528124, "target": 14, "value": 31.0, "supply": [{"l": "Groundnuts", "v": 31.0}]}, {"source": 48, "prod": 0.084900333171, "target": 14, "value": 8.0, "supply": [{"l": "Palm Oil", "v": 8.0}]}, {"source": 49, "prod": 0.022556816766840151, "target": 14, "value": 12.0, "supply": [{"l": "Wine", "v": 12.0}]}, {"source": 50, "prod": 0.0097961922889615374, "target": 14, "value": 1.0, "supply": [{"l": "Sunflowerseed Oil", "v": 1.0}]}, {"source": 4, "prod": 0.054935509698882355, "target": 14, "value": 22.0, "supply": [{"l": "Oats", "v": 22.0}]}, {"source": 51, "prod": 0.009988274490705884, "target": 14, "value": 1.0, "supply": [{"l": "Olive Oil", "v": 1.0}]}, {"source": 52, "prod": 3.8773899731687766, "target": 14, "value": 1008.0, "supply": [{"l": "Pigmeat", "v": 1008.0}]}, {"source": 53, "prod": 0.027535243190594593, "target": 14, "value": 24.0, "supply": [{"l": "Cocoa Beans", "v": 24.0}]}, {"source": 54, "prod": 0.38825702168109316, "target": 14, "value": 505.0, "supply": [{"l": "Potatoes", "v": 505.0}]}, {"source": 55, "prod": 0.010978491358318965, "target": 14, "value": 15.0, "supply": [{"l": "Freshwater Fish", "v": 15.0}]}, {"source": 56, "prod": 0.13644696402482145, "target": 14, "value": 36.0, "supply": [{"l": "Pimento", "v": 36.0}]}, {"source": 57, "prod": 0.0011622222200000001, "target": 14, "value": 1.0, "supply": [{"l": "Pepper", "v": 1.0}]}, {"source": 58, "prod": 0.027743022256665351, "target": 14, "value": 83.0, "supply": [{"l": "Grapefruit", "v": 83.0}]}, {"source": 59, "prod": 0.028300111057000001, "target": 14, "value": 2.0, "supply": [{"l": "Rape and Mustard Oil", "v": 2.0}]}, {"source": 6, "prod": 4.3492021820185514, "target": 14, "value": 6576.0, "supply": [{"l": "Milk - Excluding Butter", "v": 6576.0}]}, {"source": 2, "prod": 0.13818413602050783, "target": 14, "value": 125.0, "supply": [{"l": "Pelagic Fish", "v": 125.0}]}, {"source": 60, "prod": 3.1294640787765955, "target": 14, "value": 762.0, "supply": [{"l": "Beans", "v": 762.0}]}, {"source": 13, "prod": 0.44364104732129483, "target": 14, "value": 113.0, "supply": [{"l": "Pulses, Other", "v": 113.0}]}, {"source": 9, "prod": 0.19437707857571054, "target": 14, "value": 261.0, "supply": [{"l": "Fish, Seafood", "v": 261.0}]}, {"source": 61, "prod": 0.054661858342972602, "target": 14, "value": 47.0, "supply": [{"l": "Meat, Other", "v": 47.0}]}, {"source": 62, "prod": 0.11068294968611965, "target": 14, "value": 425.0, "supply": [{"l": "Lemons, Limes", "v": 425.0}]}, {"source": 12, "prod": 0.0099050388699500006, "target": 14, "value": 3.0, "supply": [{"l": "Cereals, Other", "v": 3.0}]}, {"source": 63, "prod": 0.10947674540471054, "target": 14, "value": 49.0, "supply": [{"l": "Mutton & Goat Meat", "v": 49.0}]}, {"source": 64, "prod": 0.055185216561150004, "target": 14, "value": 13.0, "supply": [{"l": "Sweeteners, Other", "v": 13.0}]}, {"source": 65, "prod": 0.36082641597675003, "target": 14, "value": 34.0, "supply": [{"l": "Sesameseed Oil", "v": 34.0}]}, {"source": 66, "prod": 0.85847045294015922, "target": 14, "value": 1094.0, "supply": [{"l": "Bananas", "v": 1094.0}]}, {"source": 67, "prod": 0.0067920266536800004, "target": 14, "value": 2.0, "supply": [{"l": "Spices, Other", "v": 2.0}]}, {"source": 68, "prod": 0.99769618041280128, "target": 14, "value": 709.0, "supply": [{"l": "Bovine Meat", "v": 709.0}]}, {"source": 69, "prod": 0.60933102880094914, "target": 14, "value": 1408.0, "supply": [{"l": "Fruits, Other", "v": 1408.0}]}, {"source": 70, "prod": 0.03602888882, "target": 14, "value": 31.0, "supply": [{"l": "Molluscs, Other", "v": 31.0}]}, {"source": 71, "prod": 0.0029789590586315794, "target": 14, "value": 4.0, "supply": [{"l": "Aquatic Animals, Others", "v": 4.0}]}, {"source": 72, "prod": 0.58224084575019752, "target": 14, "value": 354.0, "supply": [{"l": "Poultry Meat", "v": 354.0}]}, {"source": 73, "prod": 0.27722557770122452, "target": 14, "value": 224.0, "supply": [{"l": "Offals, Edible", "v": 224.0}]}, {"source": 74, "prod": 0.0037901934451339291, "target": 14, "value": 1.0, "supply": [{"l": "Infant food", "v": 1.0}]}, {"source": 7, "prod": 0.027843657652854837, "target": 14, "value": 61.0, "supply": [{"l": "Demersal Fish", "v": 61.0}]}, {"source": 75, "prod": 0.47102239635965754, "target": 14, "value": 1620.0, "supply": [{"l": "Oranges, Mandarines", "v": 1620.0}]}, {"source": 76, "prod": 0.60861137711346069, "target": 14, "value": 58.0, "supply": [{"l": "Cottonseed Oil", "v": 58.0}]}, {"source": 77, "prod": 0.083109631354738214, "target": 14, "value": 263.0, "supply": [{"l": "Onions", "v": 263.0}]}, {"source": 78, "prod": 0.11090853382549649, "target": 14, "value": 371.0, "supply": [{"l": "Pineapples", "v": 371.0}]}, {"source": 79, "prod": 0.083967362476813176, "target": 14, "value": 60.0, "supply": [{"l": "Cassava", "v": 60.0}]}, {"source": 80, "prod": 0.007718212106454546, "target": 81, "value": 2.0, "supply": [{"l": "Sunflower seed", "v": 2.0}]}, {"source": 0, "prod": 1.6549006905031163, "target": 81, "value": 440.0, "supply": [{"l": "Maize", "v": 440.0}]}, {"source": 15, "prod": 0.023154636319363639, "target": 81, "value": 6.0, "supply": [{"l": "Olives", "v": 6.0}]}, {"source": 35, "prod": 1.29473008085775, "target": 81, "value": 793.0, "supply": [{"l": "Coconuts - Incl Copra", "v": 793.0}]}, {"source": 5, "prod": 3.6179119249005685, "target": 81, "value": 720.0, "supply": [{"l": "Soyabeans", "v": 720.0}]}, {"source": 41, "prod": 0.49746288967382818, "target": 81, "value": 75.0, "supply": [{"l": "Sesame seed", "v": 75.0}]}, {"source": 82, "prod": 9.8145932447475612, "target": 81, "value": 28515.0, "supply": [{"l": "Sugar cane", "v": 28515.0}]}, {"source": 83, "prod": 1.9697520480014206, "target": 81, "value": 392.0, "supply": [{"l": "Cottonseed", "v": 392.0}]}, {"source": 84, "prod": 0.03014926604083807, "target": 81, "value": 6.0, "supply": [{"l": "Rape and Mustardseed", "v": 6.0}]}, {"source": 8, "prod": 0.8840247191430376, "target": 81, "value": 294.0, "supply": [{"l": "Barley", "v": 294.0}]}, {"source": 46, "prod": 0.036417774491771054, "target": 81, "value": 163.0, "supply": [{"l": "Grapes", "v": 163.0}]}, {"source": 47, "prod": 0.018571947881156251, "target": 81, "value": 3.0, "supply": [{"l": "Groundnuts", "v": 3.0}]}, {"source": 85, "prod": 0.070348287428622161, "target": 81, "value": 14.0, "supply": [{"l": "Palm kernels", "v": 14.0}]}, {"source": 33, "prod": 0.06210946504517828, "target": 81, "value": 14.0, "supply": [{"l": "Rice", "v": 14.0}]}, {"source": 10, "prod": 1.8943788828993255, "target": 81, "value": 377.0, "supply": [{"l": "Oilcrops, Other", "v": 377.0}]}, {"source": 49, "prod": 0.19361267724871131, "target": 81, "value": 103.0, "supply": [{"l": "Wine", "v": 103.0}]}, {"source": 0, "prod": 0.063939344860347677, "target": 86, "value": 17.0, "supply": [{"l": "Maize", "v": 17.0}]}, {"source": 64, "prod": 0.16555564968344999, "target": 86, "value": 39.0, "supply": [{"l": "Sweeteners, Other", "v": 39.0}]}, {"source": 87, "prod": 0.14285983952332096, "target": 86, "value": 76.0, "supply": [{"l": "Alcohol, Non-Food", "v": 76.0}]}, {"source": 31, "prod": 0.95781546757789582, "target": 86, "value": 115.0, "supply": [{"l": "Fats, Animals, Raw", "v": 115.0}]}, {"source": 83, "prod": 0.75373165102095174, "target": 86, "value": 150.0, "supply": [{"l": "Cottonseed", "v": 150.0}]}, {"source": 43, "prod": 0.52373582150941567, "target": 86, "value": 50.0, "supply": [{"l": "Coconut Oil", "v": 50.0}]}, {"source": 88, "prod": 0.084813811698663116, "target": 86, "value": 10.0, "supply": [{"l": "Fish, Body Oil", "v": 10.0}]}, {"source": 6, "prod": 0.041666626743790867, "target": 86, "value": 63.0, "supply": [{"l": "Milk - Excluding Butter", "v": 63.0}]}, {"source": 48, "prod": 0.02122508329275, "target": 86, "value": 2.0, "supply": [{"l": "Palm Oil", "v": 2.0}]}, {"source": 73, "prod": 0.01237614186166181, "target": 86, "value": 10.0, "supply": [{"l": "Offals, Edible", "v": 10.0}]}, {"source": 89, "prod": 0.034258029174263155, "target": 86, "value": 46.0, "supply": [{"l": "Aquatic Plants", "v": 46.0}]}, {"source": 25, "prod": 0.034258029174263155, "target": 86, "value": 46.0, "supply": [{"l": "Aquatic Products, Other", "v": 46.0}]}, {"source": 76, "prod": 0.073453097237831472, "target": 86, "value": 7.0, "supply": [{"l": "Cottonseed Oil", "v": 7.0}]}, {"source": 90, "prod": 0.084900333171, "target": 86, "value": 8.0, "supply": [{"l": "Palmkernel Oil", "v": 8.0}]}, {"source": 10, "prod": 0.03517414371431108, "target": 86, "value": 7.0, "supply": [{"l": "Oilcrops, Other", "v": 7.0}]}, {"source": 20, "prod": 0.21731950953472393, "target": 86, "value": 21.0, "supply": [{"l": "Oilcrops Oil, Other", "v": 21.0}]}, {"source": 82, "prod": 0.10119201872543514, "target": 86, "value": 294.0, "supply": [{"l": "Sugar cane", "v": 294.0}]}, {"source": 0, "prod": 1.354009655866186, "target": 91, "value": 360.0, "supply": [{"l": "Maize", "v": 360.0}]}, {"source": 3, "prod": 0.24877878397535144, "target": 91, "value": 80.0, "supply": [{"l": "Wheat", "v": 80.0}]}, {"source": 4, "prod": 0.0074912058680294122, "target": 91, "value": 3.0, "supply": [{"l": "Oats", "v": 3.0}]}, {"source": 5, "prod": 0.045223899061257102, "target": 91, "value": 9.0, "supply": [{"l": "Soyabeans", "v": 9.0}]}, {"source": 54, "prod": 0.043054243988398452, "target": 91, "value": 56.0, "supply": [{"l": "Potatoes", "v": 56.0}]}, {"source": 38, "prod": 0.032076287794740629, "target": 38, "value": 21.0, "supply": [{"l": "Eggs", "v": 21.0}]}, {"source": 41, "prod": 0.01326567705796875, "target": 91, "value": 2.0, "supply": [{"l": "Sesame seed", "v": 2.0}]}, {"source": 83, "prod": 0.06029853208167614, "target": 91, "value": 12.0, "supply": [{"l": "Cottonseed", "v": 12.0}]}, {"source": 44, "prod": 0.0051979795818979588, "target": 91, "value": 6.0, "supply": [{"l": "Sweet potatoes", "v": 6.0}]}, {"source": 60, "prod": 0.19302468727362199, "target": 91, "value": 47.0, "supply": [{"l": "Beans", "v": 47.0}]}, {"source": 8, "prod": 0.045103301997093753, "target": 91, "value": 15.0, "supply": [{"l": "Barley", "v": 15.0}]}, {"source": 47, "prod": 0.012381298587437502, "target": 91, "value": 2.0, "supply": [{"l": "Groundnuts", "v": 2.0}]}, {"source": 10, "prod": 0.090447798122514203, "target": 91, "value": 18.0, "supply": [{"l": "Oilcrops, Other", "v": 18.0}]}, {"source": 33, "prod": 0.022181951801849387, "target": 91, "value": 5.0, "supply": [{"l": "Rice", "v": 5.0}]}, {"source": 11, "prod": 0.072144163692861973, "target": 91, "value": 21.0, "supply": [{"l": "Sorghum", "v": 21.0}]}, {"source": 12, "prod": 0.0033016796233166666, "target": 91, "value": 1.0, "supply": [{"l": "Cereals, Other", "v": 1.0}]}, {"source": 13, "prod": 0.035334242707005782, "target": 91, "value": 9.0, "supply": [{"l": "Pulses, Other", "v": 9.0}]}, {"source": 0, "prod": 2.7606752427938352, "target": 92, "value": 734.0, "supply": [{"l": "Maize", "v": 734.0}]}, {"source": 16, "prod": 0.035584234214605048, "target": 92, "value": 130.0, "supply": [{"l": "Vegetables, Other", "v": 130.0}]}, {"source": 69, "prod": 0.070973216422837812, "target": 92, "value": 164.0, "supply": [{"l": "Fruits, Other", "v": 164.0}]}, {"source": 58, "prod": 0.0036767860822086613, "target": 92, "value": 11.0, "supply": [{"l": "Grapefruit", "v": 11.0}]}, {"source": 8, "prod": 0.048110188796900009, "target": 92, "value": 16.0, "supply": [{"l": "Barley", "v": 16.0}]}, {"source": 53, "prod": 0.0011473017996081081, "target": 92, "value": 1.0, "supply": [{"l": "Cocoa Beans", "v": 1.0}]}, {"source": 33, "prod": 0.084291416847027664, "target": 92, "value": 19.0, "supply": [{"l": "Rice", "v": 19.0}]}, {"source": 30, "prod": 0.0086241873424266376, "target": 92, "value": 45.0, "supply": [{"l": "Tomatoes", "v": 45.0}]}, {"source": 32, "prod": 0.0023583425880833331, "target": 92, "value": 5.0, "supply": [{"l": "Coffee", "v": 5.0}]}, {"source": 3, "prod": 0.63438589913714627, "target": 92, "value": 204.0, "supply": [{"l": "Wheat", "v": 204.0}]}, {"source": 38, "prod": 0.077899556072941536, "target": 92, "value": 51.0, "supply": [{"l": "Eggs", "v": 51.0}]}, {"source": 39, "prod": 0.0028300111056999999, "target": 92, "value": 2.0, "supply": [{"l": "Roots, Other", "v": 2.0}]}, {"source": 47, "prod": 0.030953246468593751, "target": 92, "value": 5.0, "supply": [{"l": "Groundnuts", "v": 5.0}]}, {"source": 10, "prod": 0.73865701800053274, "target": 92, "value": 147.0, "supply": [{"l": "Oilcrops, Other", "v": 147.0}]}, {"source": 4, "prod": 0.002497068622676471, "target": 92, "value": 1.0, "supply": [{"l": "Oats", "v": 1.0}]}, {"source": 5, "prod": 0.15577120787766335, "target": 92, "value": 31.0, "supply": [{"l": "Soyabeans", "v": 31.0}]}, {"source": 54, "prod": 0.049204850272455379, "target": 92, "value": 64.0, "supply": [{"l": "Potatoes", "v": 64.0}]}, {"source": 6, "prod": 0.219576509189501, "target": 92, "value": 332.0, "supply": [{"l": "Milk - Excluding Butter", "v": 332.0}]}, {"source": 60, "prod": 0.20123850375335064, "target": 92, "value": 49.0, "supply": [{"l": "Beans", "v": 49.0}]}, {"source": 26, "prod": 0.01217438739810566, "target": 92, "value": 19.0, "supply": [{"l": "Apples", "v": 19.0}]}, {"source": 62, "prod": 0.012500662552785279, "target": 92, "value": 48.0, "supply": [{"l": "Lemons, Limes", "v": 48.0}]}, {"source": 11, "prod": 0.34697907299900288, "target": 92, "value": 101.0, "supply": [{"l": "Sorghum", "v": 101.0}]}, {"source": 82, "prod": 0.20238403745087027, "target": 92, "value": 588.0, "supply": [{"l": "Sugar cane", "v": 588.0}]}, {"source": 78, "prod": 0.015246186590566901, "target": 92, "value": 51.0, "supply": [{"l": "Pineapples", "v": 51.0}]}, {"source": 66, "prod": 0.13026151296898211, "target": 92, "value": 166.0, "supply": [{"l": "Bananas", "v": 166.0}]}, {"source": 44, "prod": 0.0043316496515816323, "target": 92, "value": 5.0, "supply": [{"l": "Sweet potatoes", "v": 5.0}]}, {"source": 75, "prod": 0.05582487660558904, "target": 92, "value": 192.0, "supply": [{"l": "Oranges, Mandarines", "v": 192.0}]}, {"source": 13, "prod": 0.062816431479121387, "target": 92, "value": 16.0, "supply": [{"l": "Pulses, Other", "v": 16.0}]}, {"source": 77, "prod": 0.005056099245915633, "target": 92, "value": 16.0, "supply": [{"l": "Onions", "v": 16.0}]}, {"source": 79, "prod": 0.0097961922889615374, "target": 92, "value": 7.0, "supply": [{"l": "Cassava", "v": 7.0}]}, {"source": 93, "prod": 0.0037901934451339291, "target": 74, "value": 1.0, "supply": [{"l": "Infant food", "v": 1.0}]}, {"source": 93, "prod": 0.0067920266536800004, "target": 67, "value": 2.0, "supply": [{"l": "Spices, Other", "v": 2.0}]}, {"source": 93, "prod": 0.0011622222200000001, "target": 57, "value": 1.0, "supply": [{"l": "Pepper", "v": 1.0}]}, {"source": 93, "prod": 0.00026043046984969325, "target": 62, "value": 1.0, "supply": [{"l": "Lemons, Limes", "v": 1.0}]}, {"source": 93, "prod": 0.013405315763842109, "target": 36, "value": 3.0, "supply": [{"l": "Treenuts", "v": 3.0}]}, {"source": 93, "prod": 0.0021897990285910801, "target": 16, "value": 8.0, "supply": [{"l": "Vegetables, Other", "v": 8.0}]}, {"source": 93, "prod": 0.0032037861573962268, "target": 26, "value": 5.0, "supply": [{"l": "Apples", "v": 5.0}]}, {"source": 93, "prod": 1.4802337646533414, "target": 3, "value": 476.0, "supply": [{"l": "Wheat", "v": 476.0}]}, {"source": 93, "prod": 0.0011498916456568848, "target": 30, "value": 6.0, "supply": [{"l": "Tomatoes", "v": 6.0}]}, {"source": 93, "prod": 0.0099050388699500006, "target": 12, "value": 3.0, "supply": [{"l": "Cereals, Other", "v": 3.0}]}, {"source": 93, "prod": 0.64758701935008245, "target": 1, "value": 916.0, "supply": [{"l": "Milk - Excluding Butter", "v": 777.0}, {"l": "Fish, Seafood", "v": 59.0}, {"l": "Meat, Other", "v": 1.0}, {"l": "Pelagic Fish", "v": 56.0}, {"l": "Bovine Meat", "v": 1.0}, {"l": "Marine Fish, Other", "v": 1.0}, {"l": "Offals, Edible", "v": 19.0}, {"l": "Demersal Fish", "v": 2.0}]}, {"source": 93, "prod": 0.013405315763842109, "target": 17, "value": 3.0, "supply": [{"l": "Nuts", "v": 3.0}]}, {"source": 93, "prod": 0.0039488527056279069, "target": 40, "value": 1.0, "supply": [{"l": "Peas", "v": 1.0}]}, {"source": 93, "prod": 0.47233850130646304, "target": 10, "value": 94.0, "supply": [{"l": "Oilcrops, Other", "v": 94.0}]}, {"source": 93, "prod": 0.0002907545656541096, "target": 75, "value": 1.0, "supply": [{"l": "Oranges, Mandarines", "v": 1.0}]}, {"source": 93, "prod": 2.4563370019236337, "target": 11, "value": 715.0, "supply": [{"l": "Sorghum", "v": 715.0}]}, {"source": 93, "prod": 0.0046129547130426916, "target": 54, "value": 6.0, "supply": [{"l": "Potatoes", "v": 6.0}]}, {"source": 93, "prod": 0.00031600620286972706, "target": 77, "value": 1.0, "supply": [{"l": "Onions", "v": 1.0}]}, {"source": 93, "prod": 2.638060778573331, "target": 5, "value": 525.0, "supply": [{"l": "Soyabeans", "v": 525.0}]}, {"source": 93, "prod": 0.20099510693892042, "target": 83, "value": 40.0, "supply": [{"l": "Cottonseed", "v": 40.0}]}, {"source": 93, "prod": 1.0302081890803663, "target": 81, "value": 127.0, "supply": [{"l": "Fats, Animals, Raw", "v": 66.0}, {"l": "Coconut Oil", "v": 6.0}, {"l": "Sugar", "v": 1.0}, {"l": "Palm Oil", "v": 4.0}, {"l": "Oilcrops Oil, Other", "v": 2.0}, {"l": "Wine", "v": 3.0}, {"l": "Sweeteners, Other", "v": 4.0}, {"l": "Soyabean Oil", "v": 15.0}, {"l": "Fish, Body Oil", "v": 1.0}, {"l": "Butter, Ghee", "v": 14.0}, {"l": "Cottonseed Oil", "v": 1.0}, {"l": "Beverages, Alcoholic", "v": 10.0}]}, {"source": 93, "prod": 0.11910033895606466, "target": 60, "value": 29.0, "supply": [{"l": "Beans", "v": 29.0}]}, {"source": 93, "prod": 6.6007970723476577, "target": 0, "value": 1755.0, "supply": [{"l": "Maize", "v": 1755.0}]}, {"source": 93, "prod": 0.0051931621772808171, "target": 69, "value": 12.0, "supply": [{"l": "Fruits, Other", "v": 12.0}]}, {"source": 0, "prod": 0.0037611379329616284, "target": 94, "value": 1.0, "supply": [{"l": "Maize", "v": 1.0}]}, {"source": 69, "prod": 0.056259256920542178, "target": 94, "value": 130.0, "supply": [{"l": "Fruits, Other", "v": 130.0}]}, {"source": 19, "prod": 0.0041362253156132962, "target": 94, "value": 1.0, "supply": [{"l": "Sugar", "v": 1.0}]}, {"source": 22, "prod": 0.0086865139906991476, "target": 94, "value": 21.0, "supply": [{"l": "Beer", "v": 21.0}]}, {"source": 58, "prod": 0.0043452926426102365, "target": 94, "value": 13.0, "supply": [{"l": "Grapefruit", "v": 13.0}]}, {"source": 24, "prod": 0.10372060407097537, "target": 94, "value": 31.0, "supply": [{"l": "Beverages, Alcoholic", "v": 31.0}]}, {"source": 8, "prod": 0.15335122679011876, "target": 94, "value": 51.0, "supply": [{"l": "Barley", "v": 51.0}]}, {"source": 33, "prod": 0.013309171081109634, "target": 94, "value": 3.0, "supply": [{"l": "Rice", "v": 3.0}]}, {"source": 20, "prod": 0.051742740365410461, "target": 94, "value": 5.0, "supply": [{"l": "Oilcrops Oil, Other", "v": 5.0}]}, {"source": 30, "prod": 0.087966710892751709, "target": 94, "value": 459.0, "supply": [{"l": "Tomatoes", "v": 459.0}]}, {"source": 12, "prod": 0.0033016796233166666, "target": 94, "value": 1.0, "supply": [{"l": "Cereals, Other", "v": 1.0}]}, {"source": 57, "prod": 0.0023244444400000001, "target": 94, "value": 2.0, "supply": [{"l": "Pepper", "v": 2.0}]}, {"source": 3, "prod": 0.090182309191064916, "target": 94, "value": 29.0, "supply": [{"l": "Wheat", "v": 29.0}]}, {"source": 35, "prod": 0.001632698714826923, "target": 94, "value": 1.0, "supply": [{"l": "Coconuts - Incl Copra", "v": 1.0}]}, {"source": 37, "prod": 0.022763132806717393, "target": 94, "value": 37.0, "supply": [{"l": "Crustaceans", "v": 37.0}]}, {"source": 38, "prod": 0.0030548845518800606, "target": 94, "value": 2.0, "supply": [{"l": "Eggs", "v": 2.0}]}, {"source": 16, "prod": 0.14233693685842019, "target": 94, "value": 520.0, "supply": [{"l": "Vegetables, Other", "v": 520.0}]}, {"source": 41, "prod": 0.08622690087679688, "target": 94, "value": 13.0, "supply": [{"l": "Sesame seed", "v": 13.0}]}, {"source": 45, "prod": 0.0068376107251812094, "target": 94, "value": 8.0, "supply": [{"l": "Marine Fish, Other", "v": 8.0}]}, {"source": 46, "prod": 0.002457641223371053, "target": 94, "value": 11.0, "supply": [{"l": "Grapes", "v": 11.0}]}, {"source": 47, "prod": 0.006190649293718751, "target": 94, "value": 1.0, "supply": [{"l": "Groundnuts", "v": 1.0}]}, {"source": 10, "prod": 0.010049755346946023, "target": 94, "value": 2.0, "supply": [{"l": "Oilcrops, Other", "v": 2.0}]}, {"source": 52, "prod": 0.0076932340737475733, "target": 94, "value": 2.0, "supply": [{"l": "Pigmeat", "v": 2.0}]}, {"source": 53, "prod": 0.0080311125972567562, "target": 94, "value": 7.0, "supply": [{"l": "Cocoa Beans", "v": 7.0}]}, {"source": 54, "prod": 0.0099947352115924981, "target": 94, "value": 13.0, "supply": [{"l": "Potatoes", "v": 13.0}]}, {"source": 56, "prod": 0.0037901934451339291, "target": 94, "value": 1.0, "supply": [{"l": "Pimento", "v": 1.0}]}, {"source": 32, "prod": 0.050940199902599993, "target": 94, "value": 108.0, "supply": [{"l": "Coffee", "v": 108.0}]}, {"source": 6, "prod": 0.0006613750276792201, "target": 94, "value": 1.0, "supply": [{"l": "Milk - Excluding Butter", "v": 1.0}]}, {"source": 78, "prod": 0.026307145489605634, "target": 94, "value": 88.0, "supply": [{"l": "Pineapples", "v": 88.0}]}, {"source": 60, "prod": 0.53389807118235877, "target": 94, "value": 130.0, "supply": [{"l": "Beans", "v": 130.0}]}, {"source": 13, "prod": 0.18844929443736419, "target": 94, "value": 48.0, "supply": [{"l": "Pulses, Other", "v": 48.0}]}, {"source": 9, "prod": 0.050642303996736845, "target": 94, "value": 68.0, "supply": [{"l": "Fish, Seafood", "v": 68.0}]}, {"source": 61, "prod": 0.003489054787849315, "target": 94, "value": 3.0, "supply": [{"l": "Meat, Other", "v": 3.0}]}, {"source": 62, "prod": 0.0026043046984969326, "target": 94, "value": 10.0, "supply": [{"l": "Lemons, Limes", "v": 10.0}]}, {"source": 49, "prod": 0.0037594694611400251, "target": 94, "value": 2.0, "supply": [{"l": "Wine", "v": 2.0}]}, {"source": 64, "prod": 0.012735049975650002, "target": 94, "value": 3.0, "supply": [{"l": "Sweeteners, Other", "v": 3.0}]}, {"source": 2, "prod": 0.015476623234296875, "target": 94, "value": 14.0, "supply": [{"l": "Pelagic Fish", "v": 14.0}]}, {"source": 66, "prod": 0.012555326551227193, "target": 94, "value": 16.0, "supply": [{"l": "Bananas", "v": 16.0}]}, {"source": 68, "prod": 0.053473138019303874, "target": 94, "value": 38.0, "supply": [{"l": "Bovine Meat", "v": 38.0}]}, {"source": 70, "prod": 0.0081355555400000005, "target": 94, "value": 7.0, "supply": [{"l": "Molluscs, Other", "v": 7.0}]}, {"source": 27, "prod": 0.17998870632252001, "target": 94, "value": 53.0, "supply": [{"l": "Honey", "v": 53.0}]}, {"source": 7, "prod": 0.00045645340414516129, "target": 94, "value": 1.0, "supply": [{"l": "Demersal Fish", "v": 1.0}]}, {"source": 75, "prod": 0.030238474828027398, "target": 94, "value": 104.0, "supply": [{"l": "Oranges, Mandarines", "v": 104.0}]}, {"source": 77, "prod": 0.0116922295061799, "target": 94, "value": 37.0, "supply": [{"l": "Onions", "v": 37.0}]}, {"source": 95, "prod": 0.024970686226764714, "target": 4, "value": 10.0, "supply": [{"l": "Oats", "v": 10.0}]}, {"source": 33, "prod": 0.084291416847027664, "target": 96, "value": 19.0, "supply": [{"l": "Rice", "v": 19.0}]}, {"source": 32, "prod": 0.0047166851761666663, "target": 96, "value": 10.0, "supply": [{"l": "Coffee", "v": 10.0}]}, {"source": 95, "prod": 0.0080311125972567562, "target": 53, "value": 7.0, "supply": [{"l": "Cocoa Beans", "v": 7.0}]}, {"source": 68, "prod": 0.0014071878426132598, "target": 96, "value": 1.0, "supply": [{"l": "Bovine Meat", "v": 1.0}]}, {"source": 83, "prod": 0.72860726265358666, "target": 96, "value": 145.0, "supply": [{"l": "Cottonseed", "v": 145.0}]}, {"source": 0, "prod": 3.7611379329616286, "target": 96, "value": 1000.0, "supply": [{"l": "Maize", "v": 1000.0}]}, {"source": 95, "prod": 0.0033016796233166666, "target": 12, "value": 1.0, "supply": [{"l": "Cereals, Other", "v": 1.0}]}, {"source": 10, "prod": 0.0050248776734730114, "target": 96, "value": 1.0, "supply": [{"l": "Oilcrops, Other", "v": 1.0}]}, {"source": 95, "prod": 0.38788839717500628, "target": 8, "value": 129.0, "supply": [{"l": "Barley", "v": 129.0}]}, {"source": 41, "prod": 0.06632838528984375, "target": 96, "value": 10.0, "supply": [{"l": "Sesame seed", "v": 10.0}]}, {"source": 95, "prod": 0.31097347996918939, "target": 3, "value": 100.0, "supply": [{"l": "Wheat", "v": 100.0}]}, {"source": 95, "prod": 0.25062676744749651, "target": 81, "value": 33.0, "supply": [{"l": "Soyabean Oil", "v": 15.0}, {"l": "Oilcrops Oil, Other", "v": 3.0}, {"l": "Honey", "v": 13.0}, {"l": "Cottonseed Oil", "v": 2.0}]}, {"source": 95, "prod": 0.78031256557421669, "target": 60, "value": 190.0, "supply": [{"l": "Beans", "v": 190.0}]}, {"source": 5, "prod": 1.2562194183682529, "target": 96, "value": 250.0, "supply": [{"l": "Soyabeans", "v": 250.0}]}, {"source": 19, "prod": 0.64938737455128748, "target": 96, "value": 157.0, "supply": [{"l": "Sugar", "v": 157.0}]}, {"source": 13, "prod": 0.15704107869780348, "target": 96, "value": 40.0, "supply": [{"l": "Pulses, Other", "v": 40.0}]}, {"source": 46, "prod": 0.00044684385879473687, "target": 96, "value": 2.0, "supply": [{"l": "Grapes", "v": 2.0}]}, {"source": 97, "prod": 0.098305648934842116, "target": 17, "value": 22.0, "supply": [{"l": "Nuts", "v": 22.0}]}, {"source": 97, "prod": 1.4351421703328655, "target": 35, "value": 879.0, "supply": [{"l": "Coconuts - Incl Copra", "v": 879.0}]}, {"source": 97, "prod": 0.098305648934842116, "target": 36, "value": 22.0, "supply": [{"l": "Treenuts", "v": 22.0}]}, {"source": 97, "prod": 0.058015227666850001, "target": 39, "value": 41.0, "supply": [{"l": "Roots, Other", "v": 41.0}]}, {"source": 97, "prod": 0.80257346200710944, "target": 41, "value": 121.0, "supply": [{"l": "Sesame seed", "v": 121.0}]}, {"source": 97, "prod": 0.26619791962990624, "target": 47, "value": 43.0, "supply": [{"l": "Groundnuts", "v": 43.0}]}, {"source": 97, "prod": 1.217068359907977, "target": 13, "value": 310.0, "supply": [{"l": "Pulses, Other", "v": 310.0}]}, {"source": 97, "prod": 14.858262284363239, "target": 11, "value": 4325.0, "supply": [{"l": "Sorghum", "v": 4325.0}]}, {"source": 97, "prod": 0.035430847701283463, "target": 58, "value": 106.0, "supply": [{"l": "Grapefruit", "v": 106.0}]}, {"source": 97, "prod": 0.085843670206233333, "target": 32, "value": 182.0, "supply": [{"l": "Coffee", "v": 182.0}]}, {"source": 97, "prod": 7.6375086680432913, "target": 3, "value": 2456.0, "supply": [{"l": "Wheat", "v": 2456.0}]}, {"source": 97, "prod": 0.14023715746995535, "target": 56, "value": 37.0, "supply": [{"l": "Pimento", "v": 37.0}]}, {"source": 97, "prod": 2.7234836990223723, "target": 10, "value": 542.0, "supply": [{"l": "Oilcrops, Other", "v": 542.0}]}, {"source": 97, "prod": 0.0036127801349361706, "target": 18, "value": 2.0, "supply": [{"l": "Dates", "v": 2.0}]}, {"source": 97, "prod": 0.12235636251114707, "target": 4, "value": 49.0, "supply": [{"l": "Oats", "v": 49.0}]}, {"source": 97, "prod": 2.592836879512074, "target": 5, "value": 516.0, "supply": [{"l": "Soyabeans", "v": 516.0}]}, {"source": 97, "prod": 3.1623193446955096, "target": 60, "value": 770.0, "supply": [{"l": "Beans", "v": 770.0}]}, {"source": 97, "prod": 0.070348287428622161, "target": 85, "value": 14.0, "supply": [{"l": "Palm kernels", "v": 14.0}]}, {"source": 97, "prod": 0.099541953903964003, "target": 77, "value": 315.0, "supply": [{"l": "Onions", "v": 315.0}]}, {"source": 97, "prod": 38.13041636436499, "target": 0, "value": 10138.0, "supply": [{"l": "Maize", "v": 10138.0}]}, {"source": 97, "prod": 0.50830709951170439, "target": 16, "value": 1857.0, "supply": [{"l": "Vegetables, Other", "v": 1857.0}]}, {"source": 97, "prod": 1.2568786823190126, "target": 8, "value": 418.0, "supply": [{"l": "Barley", "v": 418.0}]}, {"source": 97, "prod": 0.20621390178780136, "target": 30, "value": 1076.0, "supply": [{"l": "Tomatoes", "v": 1076.0}]}, {"source": 97, "prod": 0.007718212106454546, "target": 80, "value": 2.0, "supply": [{"l": "Sunflower seed", "v": 2.0}]}, {"source": 97, "prod": 0.049525194349750008, "target": 12, "value": 15.0, "supply": [{"l": "Cereals, Other", "v": 15.0}]}, {"source": 97, "prod": 0.0011622222200000001, "target": 57, "value": 1.0, "supply": [{"l": "Pepper", "v": 1.0}]}, {"source": 97, "prod": 0.0078977054112558138, "target": 40, "value": 2.0, "supply": [{"l": "Peas", "v": 2.0}]}, {"source": 97, "prod": 0.067026578819210522, "target": 46, "value": 300.0, "supply": [{"l": "Grapes", "v": 300.0}]}, {"source": 97, "prod": 3.3113943868187139, "target": 83, "value": 659.0, "supply": [{"l": "Cottonseed", "v": 659.0}]}, {"source": 97, "prod": 10.118169300923867, "target": 82, "value": 29397.0, "supply": [{"l": "Sugar cane", "v": 29397.0}]}, {"source": 97, "prod": 0.15246186590566901, "target": 78, "value": 510.0, "supply": [{"l": "Pineapples", "v": 510.0}]}, {"source": 97, "prod": 0.050168378691954549, "target": 15, "value": 13.0, "supply": [{"l": "Olives", "v": 13.0}]}, {"source": 97, "prod": 0.73137033996704826, "target": 69, "value": 1690.0, "supply": [{"l": "Fruits, Other", "v": 1690.0}]}, {"source": 97, "prod": 1.6769555562198135, "target": 33, "value": 378.0, "supply": [{"l": "Rice", "v": 378.0}]}, {"source": 97, "prod": 0.028682544990202702, "target": 53, "value": 25.0, "supply": [{"l": "Cocoa Beans", "v": 25.0}]}, {"source": 97, "prod": 0.48512907065498972, "target": 54, "value": 631.0, "supply": [{"l": "Potatoes", "v": 631.0}]}, {"source": 97, "prod": 0.11982160228661888, "target": 26, "value": 187.0, "supply": [{"l": "Apples", "v": 187.0}]}, {"source": 97, "prod": 0.12578791693740185, "target": 62, "value": 483.0, "supply": [{"l": "Lemons, Limes", "v": 483.0}]}, {"source": 97, "prod": 1.0012872924603686, "target": 66, "value": 1276.0, "supply": [{"l": "Bananas", "v": 1276.0}]}, {"source": 97, "prod": 0.0033960133268400002, "target": 67, "value": 1.0, "supply": [{"l": "Spices, Other", "v": 1.0}]}, {"source": 97, "prod": 0.064108414843408165, "target": 44, "value": 74.0, "supply": [{"l": "Sweet potatoes", "v": 74.0}]}, {"source": 97, "prod": 0.03014926604083807, "target": 84, "value": 6.0, "supply": [{"l": "Rape and Mustardseed", "v": 6.0}]}, {"source": 97, "prod": 0.55679499322761994, "target": 75, "value": 1915.0, "supply": [{"l": "Oranges, Mandarines", "v": 1915.0}]}, {"source": 97, "prod": 0.092364098724494498, "target": 79, "value": 66.0, "supply": [{"l": "Cassava", "v": 66.0}]}, {"source": 1, "prod": 0.58224084575019752, "target": 72, "value": 354.0, "supply": [{"l": "Poultry Meat", "v": 354.0}]}, {"source": 1, "prod": 3.8850832072425243, "target": 52, "value": 1010.0, "supply": [{"l": "Pigmeat", "v": 1010.0}]}, {"source": 1, "prod": 0.42781808511949226, "target": 2, "value": 387.0, "supply": [{"l": "Pelagic Fish", "v": 387.0}]}, {"source": 1, "prod": 0.010978491358318965, "target": 55, "value": 15.0, "supply": [{"l": "Freshwater Fish", "v": 15.0}]}, {"source": 1, "prod": 0.03383708930728261, "target": 37, "value": 55.0, "supply": [{"l": "Crustaceans", "v": 55.0}]}, {"source": 1, "prod": 0.74539183065873471, "target": 38, "value": 488.0, "supply": [{"l": "Eggs", "v": 509.0}]}, {"source": 1, "prod": 0.044164444359999999, "target": 70, "value": 38.0, "supply": [{"l": "Molluscs, Other", "v": 38.0}]}, {"source": 1, "prod": 0.0029789590586315794, "target": 71, "value": 4.0, "supply": [{"l": "Aquatic Animals, Others", "v": 4.0}]}, {"source": 1, "prod": 4.9027730801860594, "target": 6, "value": 7413.0, "supply": [{"l": "Milk - Excluding Butter", "v": 7413.0}]}, {"source": 1, "prod": 0.28960171956288633, "target": 73, "value": 234.0, "supply": [{"l": "Offals, Edible", "v": 234.0}]}, {"source": 1, "prod": 0.034258029174263155, "target": 89, "value": 46.0, "supply": [{"l": "Aquatic Plants", "v": 46.0}]}, {"source": 1, "prod": 0.033321098502596777, "target": 7, "value": 73.0, "supply": [{"l": "Demersal Fish", "v": 73.0}]}, {"source": 1, "prod": 0.037236988232894737, "target": 25, "value": 50.0, "supply": [{"l": "Aquatic Products, Other", "v": 50.0}]}, {"source": 1, "prod": 0.43790698161884217, "target": 9, "value": 588.0, "supply": [{"l": "Fish, Seafood", "v": 588.0}]}, {"source": 1, "prod": 1.0525765062747183, "target": 68, "value": 748.0, "supply": [{"l": "Bovine Meat", "v": 748.0}]}, {"source": 1, "prod": 0.010256416087771815, "target": 45, "value": 12.0, "supply": [{"l": "Marine Fish, Other", "v": 12.0}]}, {"source": 1, "prod": 0.058150913130821914, "target": 61, "value": 50.0, "supply": [{"l": "Meat, Other", "v": 50.0}]}, {"source": 1, "prod": 0.0099050388699500006, "target": 42, "value": 7.0, "supply": [{"l": "Cephalopods", "v": 7.0}]}, {"source": 1, "prod": 0.10947674540471054, "target": 63, "value": 49.0, "supply": [{"l": "Mutton & Goat Meat", "v": 49.0}]}, {"source": 81, "prod": 0.14285983952332096, "target": 87, "value": 76.0, "supply": [{"l": "Alcohol, Non-Food", "v": 76.0}]}, {"source": 81, "prod": 11.291895111624299, "target": 19, "value": 2730.0, "supply": [{"l": "Sugar", "v": 2730.0}]}, {"source": 81, "prod": 0.031837624939125002, "target": 21, "value": 3.0, "supply": [{"l": "Maize Germ Oil", "v": 3.0}]}, {"source": 81, "prod": 0.89512458456537891, "target": 22, "value": 2164.0, "supply": [{"l": "Beer", "v": 2164.0}]}, {"source": 81, "prod": 0.02122508329275, "target": 23, "value": 1.0, "supply": [{"l": "Groundnut Oil", "v": 1.0}]}, {"source": 81, "prod": 0.545369627857064, "target": 24, "value": 163.0, "supply": [{"l": "Beverages, Alcoholic", "v": 163.0}]}, {"source": 81, "prod": 0.27592608280574998, "target": 28, "value": 65.0, "supply": [{"l": "Sugar non-centrifugal", "v": 65.0}]}, {"source": 81, "prod": 0.32808942310149158, "target": 29, "value": 38.0, "supply": [{"l": "Butter, Ghee", "v": 38.0}]}, {"source": 81, "prod": 1.8156849733215763, "target": 31, "value": 218.0, "supply": [{"l": "Fats, Animals, Raw", "v": 218.0}]}, {"source": 81, "prod": 1.5856492012234853, "target": 34, "value": 154.0, "supply": [{"l": "Soyabean Oil", "v": 154.0}]}, {"source": 81, "prod": 0.10612541646375, "target": 48, "value": 10.0, "supply": [{"l": "Palm Oil", "v": 10.0}]}, {"source": 81, "prod": 0.0097961922889615374, "target": 50, "value": 1.0, "supply": [{"l": "Sunflowerseed Oil", "v": 1.0}]}, {"source": 81, "prod": 0.009988274490705884, "target": 51, "value": 1.0, "supply": [{"l": "Olive Oil", "v": 1.0}]}, {"source": 81, "prod": 1.0474716430188313, "target": 43, "value": 100.0, "supply": [{"l": "Coconut Oil", "v": 100.0}]}, {"source": 81, "prod": 0.028300111057000001, "target": 59, "value": 2.0, "supply": [{"l": "Rape and Mustard Oil", "v": 2.0}]}, {"source": 81, "prod": 1.6247220474738886, "target": 20, "value": 157.0, "supply": [{"l": "Oilcrops Oil, Other", "v": 157.0}]}, {"source": 81, "prod": 0.2199289634766915, "target": 49, "value": 117.0, "supply": [{"l": "Wine", "v": 117.0}]}, {"source": 81, "prod": 0.23347591622024999, "target": 64, "value": 55.0, "supply": [{"l": "Sweeteners, Other", "v": 55.0}]}, {"source": 81, "prod": 0.36082641597675003, "target": 65, "value": 34.0, "supply": [{"l": "Sesameseed Oil", "v": 34.0}]}, {"source": 81, "prod": 0.084813811698663116, "target": 88, "value": 10.0, "supply": [{"l": "Fish, Body Oil", "v": 10.0}]}, {"source": 81, "prod": 0.2377209328788, "target": 27, "value": 70.0, "supply": [{"l": "Honey", "v": 70.0}]}, {"source": 81, "prod": 0.68206447435129214, "target": 76, "value": 65.0, "supply": [{"l": "Cottonseed Oil", "v": 65.0}]}, {"source": 81, "prod": 0.084900333171, "target": 90, "value": 8.0, "supply": [{"l": "Palmkernel Oil", "v": 8.0}]}, {"source": 97, "prod": 0.12735049975649998, "target": 98, "value": 29.999999999999996, "supply": [{"l": "Oil Palm", "v": 29.999999999999996}]}, {"source": 98, "prod": 0.12735049975649998, "target": 81, "value": 29.999999999999996, "supply": [{"l": "Oil Palm", "v": 29.999999999999996}]}]}