{"nodes": [{"layer": 13, "name": "Aquatic Products", "fill": "#1f77b4"}, {"layer": 10, "name": "Feed", "fill": "#dbdb8d"}, {"layer": 5, "name": "Fruits & Vegetables"}, {"layer": 13, "name": "Animal Products", "fill": "#17becf"}, {"layer": 5, "name": "Cereals", "fill": "#e7ba52"}, {"layer": 5, "name": "Oilcrops", "fill": "#ff9896"}, {"layer": 13, "name": "Other Processed", "fill": "#9c9ede"}, {"layer": 16, "name": "Food", "fill": "#b5cf6b"}, {"layer": 13, "name": "Sugar", "fill": "#d6616b"}, {"layer": 5, "name": "Starchy Roots"}, {"layer": 5, "name": "Others"}, {"layer": 13, "name": "Vegetable Oils", "fill": "#f7b6d2"}, {"layer": 10, "name": "Processing", "fill": "#9edae5"}, {"layer": 5, "name": "Sugar Crops", "fill": "#ffbb78"}, {"layer": 16, "name": "Biofuels & Other", "fill": "#e7ba52"}, {"name": "Waste", "fill": "#c7c7c7"}, {"layer": 2, "name": "Import", "fill": "#aec7e8"}, {"layer": 16, "name": "Export", "fill": "#aec7e8"}, {"layer": 16, "name": "Stock Deposit", "fill": "#c7c7c7"}, {"layer": 0, "name": "Stock Draw", "fill": "#c7c7c7"}, {"layer": 2, "name": "Electricity", "fill": "#bcbd22"}, {"layer": 0, "name": "Fossil Fuels", "fill": "#c49c94"}, {"layer": 0, "name": "Renewables & Nuclear", "fill": "#2ca02c"}, {"layer": 2, "name": "Fertilizers", "fill": "#c5b0d5"}, {"layer": 0, "name": "Labor", "fill": "#7f7f7f"}], "links": [{"source": 0, "prod": 333.0, "target": 1, "value": 0.35027059088192525, "supply": [{"l": "Pelagic Fish", "v": 0.20731476704546509}, {"l": "Marine Fish, Other", "v": 0.019761284444974141}, {"l": "Fish, Seafood", "v": 0.123194539391486}]}, {"source": 2, "prod": 62.0, "target": 1, "value": 0.2160523403829179, "supply": [{"l": "Pulses, Other", "v": 0.2160523403829179}]}, {"source": 3, "prod": 273.0, "target": 1, "value": 0.16886140199769051, "supply": [{"l": "Milk - Excluding Butter", "v": 0.16886140199769051}]}, {"source": 4, "prod": 1405.0, "target": 1, "value": 5.0165001297306375, "supply": [{"l": "Maize", "v": 2.7647062578892894}, {"l": "Wheat", "v": 0.21702333686314795}, {"l": "Oats", "v": 0.14008554973215001}, {"l": "Barley", "v": 0.057937235234803153}, {"l": "Sorghum", "v": 1.8265142277093853}, {"l": "Cereals, Other", "v": 0.010233522301861609}]}, {"source": 5, "prod": 41.0, "target": 1, "value": 0.24863669000078573, "supply": [{"l": "Soyabeans", "v": 0.24863669000078573}]}, {"source": 6, "prod": 971.0, "target": 7, "value": 1.0483739887077781, "supply": [{"l": "Beer", "v": 0.36162037171089279}, {"l": "Beverages, Alcoholic", "v": 0.18192928536642858}, {"l": "Fats, Animals, Raw", "v": 0.38205149926949999}, {"l": "Butter, Ghee", "v": 0.10681009656996776}, {"l": "Wine", "v": 0.015962735790989165}]}, {"source": 3, "prod": 3701.0, "target": 7, "value": 4.4281986789115155, "supply": [{"l": "Pigmeat", "v": 1.6264039727938553}, {"l": "Meat, Other", "v": 0.054578785609928578}, {"l": "Poultry Meat", "v": 0.25400318855543014}, {"l": "Eggs", "v": 0.23430594741046931}, {"l": "Mutton & Goat Meat", "v": 0.073108620230583343}, {"l": "Milk - Excluding Butter", "v": 1.4634654839799848}, {"l": "Bovine Meat", "v": 0.57822141369414259}, {"l": "Offals, Edible", "v": 0.14411126663712179}]}, {"source": 4, "prod": 6483.0, "target": 7, "value": 23.795027874046632, "supply": [{"l": "Maize", "v": 19.134479278034863}, {"l": "Rice", "v": 0.70383284223712705}, {"l": "Wheat", "v": 3.9032285438769105}, {"l": "Oats", "v": 0.053487209897730009}]}, {"source": 5, "prod": 116.0, "target": 7, "value": 0.38213129281571334, "supply": [{"l": "Olives", "v": 0.0060643095122142861}, {"l": "Coconuts - Incl Copra", "v": 0.10764149384180359}, {"l": "Sesame seed", "v": 0.018192928536642859}, {"l": "Groundnuts", "v": 0.25023256092505258}]}, {"source": 8, "prod": 1134.0, "target": 7, "value": 4.6878885147620553, "supply": [{"l": "Sugar", "v": 3.3050777463429473}, {"l": "Sugar non-centrifugal", "v": 1.3561242601855341}, {"l": "Sweeteners, Other", "v": 0.0078197675289078949}, {"l": "Honey", "v": 0.018866740704666669}]}, {"source": 9, "prod": 491.0, "target": 7, "value": 0.43313089682809119, "supply": [{"l": "Roots, Other", "v": 0.035566355787851348}, {"l": "Potatoes", "v": 0.25265391026141498}, {"l": "Sweet potatoes", "v": 0.10852477370553913}, {"l": "Cassava", "v": 0.036385857073285718}]}, {"source": 2, "prod": 4534.0, "target": 7, "value": 4.196166980968461, "supply": [{"l": "Tomatoes", "v": 0.054295326383436981}, {"l": "Treenuts", "v": 0.034731954479045458}, {"l": "Vegetables, Other", "v": 0.18074397394565772}, {"l": "Peas", "v": 0.0169800666342}, {"l": "Grapes", "v": 0.018134051745262135}, {"l": "Dates", "v": 0.016326987148269231}, {"l": "Beans", "v": 2.2940277571365049}, {"l": "Pulses, Other", "v": 0.19862876454558581}, {"l": "Lemons, Limes", "v": 0.036018323163454553}, {"l": "Pineapples", "v": 0.036048950989273812}, {"l": "Bananas", "v": 0.63226990463408395}, {"l": "Fruits, Other", "v": 0.3252882383107204}, {"l": "Grapefruit", "v": 0.0092977777600000006}, {"l": "Oranges, Mandarines", "v": 0.23493220232407455}, {"l": "Onions", "v": 0.036047068832379889}, {"l": "Apples", "v": 0.072395632936511634}]}, {"source": 10, "prod": 102.0, "target": 7, "value": 0.14839047797780638, "supply": [{"l": "Nuts", "v": 0.034731954479045458}, {"l": "Cocoa Beans", "v": 0.017801682761661292}, {"l": "Coffee", "v": 0.036302211424841378}, {"l": "Pimento", "v": 0.055511756304115381}, {"l": "Spices, Other", "v": 0.0040428730081428577}]}, {"source": 0, "prod": 247.0, "target": 7, "value": 0.21811604303915369, "supply": [{"l": "Aquatic Products, Other", "v": 0.0014842715589335664}, {"l": "Crustaceans", "v": 0.011996786208945653}, {"l": "Marine Fish, Other", "v": 0.0065870948149913799}, {"l": "Demersal Fish", "v": 0.01835682879372973}, {"l": "Freshwater Fish", "v": 0.0050940199902600016}, {"l": "Fish, Seafood", "v": 0.090540565094947553}, {"l": "Pelagic Fish", "v": 0.053309511525976738}, {"l": "Cephalopods", "v": 0.0013693602124354839}, {"l": "Molluscs, Other", "v": 0.027893333280000002}, {"l": "Aquatic Animals, Others", "v": 0.0014842715589335664}]}, {"source": 11, "prod": 230.0, "target": 7, "value": 2.396374101797754, "supply": [{"l": "Maize Germ Oil", "v": 0.02122508329275}, {"l": "Groundnut Oil", "v": 0.02122508329275}, {"l": "Soyabean Oil", "v": 0.0339601332684}, {"l": "Palm Oil", "v": 0.20163829128112501}, {"l": "Olive Oil", "v": 0.014150055528500001}, {"l": "Coconut Oil", "v": 0.339601332684}, {"l": "Rape and Mustard Oil", "v": 0.02122508329275}, {"l": "Sesameseed Oil", "v": 0.70952421292907142}, {"l": "Oilcrops Oil, Other", "v": 0.16653526891234616}, {"l": "Cottonseed Oil", "v": 0.8672895573160615}]}, {"source": 6, "prod": 25.0, "target": 12, "value": 0.049883549346841145, "supply": [{"l": "Wine", "v": 0.049883549346841145}]}, {"source": 2, "prod": 46.0, "target": 12, "value": 0.018958326824592232, "supply": [{"l": "Grapes", "v": 0.018958326824592232}]}, {"source": 4, "prod": 341.0, "target": 12, "value": 1.173934420900238, "supply": [{"l": "Maize", "v": 0.64032706245392246}, {"l": "Barley", "v": 0.42294181721406304}, {"l": "Rice", "v": 0.11066554123225268}]}, {"source": 5, "prod": 1793.0, "target": 12, "value": 7.4674471049574898, "supply": [{"l": "Olives", "v": 0.0090964642683214296}, {"l": "Coconuts - Incl Copra", "v": 1.0748988610399823}, {"l": "Cottonseed", "v": 4.4269459439164294}, {"l": "Sesame seed", "v": 0.94603228390542871}, {"l": "Soyabeans", "v": 0.078836023658785725}, {"l": "Rape and Mustardseed", "v": 0.018192928536642859}, {"l": "Groundnuts", "v": 0.025023256092505261}, {"l": "Palm kernels", "v": 0.14554342829314287}, {"l": "Oilcrops, Other", "v": 0.33960133268400006}, {"l": "Oil Palm", "v": 0.40327658256225002}]}, {"source": 13, "prod": 21650.0, "target": 12, "value": 7.6269386437848548, "supply": [{"l": "Sugar cane", "v": 7.6269386437848548}]}, {"source": 6, "prod": 80.0, "target": 14, "value": 0.43876214964738136, "supply": [{"l": "Alcohol, Non-Food", "v": 0.073827653033324891}, {"l": "Fats, Animals, Raw", "v": 0.35658139931820004}, {"l": "Fish, Body Oil", "v": 0.0083530972958564525}]}, {"source": 3, "prod": 41.0, "target": 14, "value": 0.031071550931005235, "supply": [{"l": "Milk - Excluding Butter", "v": 0.019793277889839183}, {"l": "Offals, Edible", "v": 0.011278273041166052}]}, {"source": 4, "prod": 7.0, "target": 14, "value": 0.026366408453985045, "supply": [{"l": "Maize", "v": 0.026366408453985045}]}, {"source": 5, "prod": 111.0, "target": 14, "value": 0.67313835585578574, "supply": [{"l": "Cottonseed", "v": 0.67313835585578574}]}, {"source": 13, "prod": 230.0, "target": 14, "value": 0.081025214229585071, "supply": [{"l": "Sugar cane", "v": 0.081025214229585071}]}, {"source": 8, "prod": 20.0, "target": 14, "value": 0.078197675289078949, "supply": [{"l": "Sweeteners, Other", "v": 0.078197675289078949}]}, {"source": 0, "prod": 6.0, "target": 14, "value": 0.0044425783212218468, "supply": [{"l": "Aquatic Products, Other", "v": 0.0014842715589335664}, {"l": "Marine Fish, Other", "v": 0.00073189942388793099}, {"l": "Aquatic Plants", "v": 0.0014842715589335664}, {"l": "Fish, Seafood", "v": 0.00074213577946678321}]}, {"source": 11, "prod": 107.0, "target": 14, "value": 1.1224803664435095, "supply": [{"l": "Coconut Oil", "v": 0.55185216561149997}, {"l": "Cottonseed Oil", "v": 0.3134781532467692}, {"l": "Palm Oil", "v": 0.010612541646375}, {"l": "Palmkernel Oil", "v": 0.14857558304925}, {"l": "Oilcrops Oil, Other", "v": 0.097961922889615388}]}, {"source": 9, "prod": 58.0, "target": 9, "value": 0.050453957650164014, "supply": [{"l": "Potatoes", "v": 0.029413440299090102}, {"l": "Sweet potatoes", "v": 0.021040517351073915}]}, {"source": 2, "prod": 69.0, "target": 2, "value": 0.2803764215247263, "supply": [{"l": "Beans", "v": 0.25946813051992779}, {"l": "Pulses, Other", "v": 0.020908291004798508}]}, {"source": 3, "prod": 7.0, "target": 3, "value": 0.01079040547285056, "supply": [{"l": "Eggs", "v": 0.01079040547285056}]}, {"source": 4, "prod": 484.0, "target": 4, "value": 1.7600735348372041, "supply": [{"l": "Maize", "v": 1.4049529076194889}, {"l": "Wheat", "v": 0.27447069073868713}, {"l": "Oats", "v": 0.012735049975650002}, {"l": "Barley", "v": 0.031865479379141727}, {"l": "Rice", "v": 0.022133108246450536}, {"l": "Sorghum", "v": 0.013916298877785793}]}, {"source": 5, "prod": 37.0, "target": 5, "value": 0.22476246097375269, "supply": [{"l": "Soyabeans", "v": 0.0060643095122142861}, {"l": "Sesame seed", "v": 0.018192928536642859}, {"l": "Cottonseed", "v": 0.16980066634200003}, {"l": "Groundnuts", "v": 0.012511628046252631}, {"l": "Oilcrops, Other", "v": 0.018192928536642859}]}, {"source": 3, "prod": 139.0, "target": 15, "value": 0.10259008895114156, "supply": [{"l": "Milk - Excluding Butter", "v": 0.074843332020954417}, {"l": "Eggs", "v": 0.02774675693018715}]}, {"source": 4, "prod": 1123.0, "target": 15, "value": 4.1613612735211776, "supply": [{"l": "Maize", "v": 3.6950638133370473}, {"l": "Oats", "v": 0.0025470099951300004}, {"l": "Barley", "v": 0.017381170570440946}, {"l": "Sorghum", "v": 0.038269821913910936}, {"l": "Rice", "v": 0.044266216492901071}, {"l": "Wheat", "v": 0.36383324121174804}]}, {"source": 5, "prod": 19.0, "target": 15, "value": 0.11656241230845565, "supply": [{"l": "Soyabeans", "v": 0.012128619024428572}, {"l": "Groundnuts", "v": 0.04379069816188421}, {"l": "Oilcrops, Other", "v": 0.060643095122142866}]}, {"source": 13, "prod": 447.0, "target": 15, "value": 0.15747074243749792, "supply": [{"l": "Sugar cane", "v": 0.15747074243749792}]}, {"source": 9, "prod": 56.0, "target": 15, "value": 0.047980050087657114, "supply": [{"l": "Roots, Other", "v": 0.0022946035992162162}, {"l": "Potatoes", "v": 0.031676012629789342}, {"l": "Sweet potatoes", "v": 0.0099665608505086958}, {"l": "Cassava", "v": 0.0040428730081428568}]}, {"source": 2, "prod": 488.0, "target": 15, "value": 0.37091620472582826, "supply": [{"l": "Dates", "v": 0.0032653974296538461}, {"l": "Pineapples", "v": 0.0064012155962261908}, {"l": "Fruits, Other", "v": 0.037069884707774413}, {"l": "Grapefruit", "v": 0.0011622222200000001}, {"l": "Beans", "v": 0.14003041964567534}, {"l": "Lemons, Limes", "v": 0.0039760486609008265}, {"l": "Tomatoes", "v": 0.0034272797384893774}, {"l": "Bananas", "v": 0.095703385068682673}, {"l": "Apples", "v": 0.0078977054112558138}, {"l": "Vegetables, Other", "v": 0.017491352317321712}, {"l": "Oranges, Mandarines", "v": 0.027726770071242305}, {"l": "Onions", "v": 0.002371517686340782}, {"l": "Pulses, Other", "v": 0.02439300617226493}]}, {"source": 10, "prod": 5.0, "target": 15, "value": 0.0037114383688768631, "supply": [{"l": "Cocoa Beans", "v": 0.0013693602124354839}, {"l": "Coffee", "v": 0.0023420781564413794}]}, {"source": 16, "prod": 3.0, "target": 10, "value": 0.0092713392738056136, "supply": [{"l": "Nuts", "v": 0.003859106053227273}, {"l": "Cocoa Beans", "v": 0.0013693602124354839}, {"l": "Spices, Other", "v": 0.0040428730081428577}]}, {"source": 16, "prod": 661.0, "target": 1, "value": 0.5512963046885907, "supply": [{"l": "Fish, Seafood", "v": 0.10612541646375}, {"l": "Milk - Excluding Butter", "v": 0.22824123566720808}, {"l": "Pelagic Fish", "v": 0.20731476704546509}, {"l": "Poultry Meat", "v": 0.0016282255676630137}, {"l": "Offals, Edible", "v": 0.0062657072450922509}, {"l": "Demersal Fish", "v": 0.0017209526994121621}]}, {"source": 16, "prod": 13.0, "target": 12, "value": 0.09732223595649718, "supply": [{"l": "Olive Oil", "v": 0.014150055528500001}, {"l": "Sugar", "v": 0.0041365178302164539}, {"l": "Wine", "v": 0.0019953419738736457}, {"l": "Fats, Animals, Raw", "v": 0.0424501665855}, {"l": "Soyabean Oil", "v": 0.0084900333171}, {"l": "Fish, Body Oil", "v": 0.0083530972958564525}, {"l": "Palm Oil", "v": 0.010612541646375}, {"l": "Beverages, Alcoholic", "v": 0.0071344817790756302}]}, {"source": 16, "prod": 673.0, "target": 4, "value": 2.4571641003736238, "supply": [{"l": "Maize", "v": 1.7891491450918426}, {"l": "Oats", "v": 0.0076410299853900011}, {"l": "Barley", "v": 0.040556064664362214}, {"l": "Sorghum", "v": 0.48011231128360987}, {"l": "Rice", "v": 0.0088532432985802146}, {"l": "Wheat", "v": 0.13085230604983919}]}, {"source": 16, "prod": 45.0, "target": 2, "value": 0.05444276913550973, "supply": [{"l": "Oranges, Mandarines", "v": 0.0011925492503760129}, {"l": "Beans", "v": 0.037066875788561111}, {"l": "Lemons, Limes", "v": 0.00070165564604132247}, {"l": "Treenuts", "v": 0.003859106053227273}, {"l": "Fruits, Other", "v": 0.0037069884707774409}, {"l": "Vegetables, Other", "v": 0.0013454886397939779}, {"l": "Grapes", "v": 0.0041213753966504851}, {"l": "Onions", "v": 0.00047430353726815653}, {"l": "Apples", "v": 0.0019744263528139534}]}, {"source": 16, "prod": 2.0, "target": 5, "value": 0.012128619024428572, "supply": [{"l": "Soyabeans", "v": 0.0060643095122142861}, {"l": "Cottonseed", "v": 0.0060643095122142861}]}, {"source": 16, "prod": 2.0, "target": 9, "value": 0.0015083815537994926, "supply": [{"l": "Potatoes", "v": 0.0015083815537994926}]}, {"source": 6, "prod": 4.0, "target": 17, "value": 0.0079813678954945826, "supply": [{"l": "Beer", "v": 0.00084688611641895275}, {"l": "Beverages, Alcoholic", "v": 0.0071344817790756302}]}, {"source": 3, "prod": 47.0, "target": 17, "value": 0.065096082539305378, "supply": [{"l": "Meat, Other", "v": 0.0069972802064010983}, {"l": "Bovine Meat", "v": 0.058098802332904285}]}, {"source": 4, "prod": 74.0, "target": 17, "value": 0.23552794515703881, "supply": [{"l": "Wheat", "v": 0.23298093516190882}, {"l": "Oats", "v": 0.0025470099951300004}]}, {"source": 5, "prod": 149.0, "target": 17, "value": 0.38264197151147877, "supply": [{"l": "Coconuts - Incl Copra", "v": 0.17434889847616072}, {"l": "Sesame seed", "v": 0.13947911878092858}, {"l": "Groundnuts", "v": 0.068813954254389464}]}, {"source": 8, "prod": 416.0, "target": 17, "value": 1.6887842630116487, "supply": [{"l": "Sugar", "v": 1.6463340964261488}, {"l": "Honey", "v": 0.042450166585500007}]}, {"source": 2, "prod": 486.0, "target": 17, "value": 0.2821076208215999, "supply": [{"l": "Oranges, Mandarines", "v": 0.015503140254888168}, {"l": "Fruits, Other", "v": 0.016681448118498483}, {"l": "Grapefruit", "v": 0.0011622222200000001}, {"l": "Beans", "v": 0.13179333613710617}, {"l": "Pulses, Other", "v": 0.02439300617226493}, {"l": "Lemons, Limes", "v": 0.00046777043069421494}, {"l": "Tomatoes", "v": 0.025434023322473801}, {"l": "Pineapples", "v": 0.022572707628797622}, {"l": "Bananas", "v": 0.0094134477116737062}, {"l": "Vegetables, Other", "v": 0.026685524689247231}, {"l": "Grapes", "v": 0.00041213753966504852}, {"l": "Onions", "v": 0.0075888565962905045}]}, {"source": 10, "prod": 91.0, "target": 17, "value": 0.072751165959980879, "supply": [{"l": "Cocoa Beans", "v": 0.024648483823838711}, {"l": "Pimento", "v": 0.0065307948593076922}, {"l": "Coffee", "v": 0.041571887276834481}]}, {"source": 0, "prod": 191.0, "target": 17, "value": 0.15697470988578141, "supply": [{"l": "Molluscs, Other", "v": 0.0092977777600000006}, {"l": "Crustaceans", "v": 0.054446952794445662}, {"l": "Fish, Seafood", "v": 0.057144455018942303}, {"l": "Pelagic Fish", "v": 0.004442459293831396}, {"l": "Aquatic Plants", "v": 0.014100579809868881}, {"l": "Demersal Fish", "v": 0.0034419053988243241}, {"l": "Aquatic Products, Other", "v": 0.014100579809868881}]}, {"source": 11, "prod": 5.0, "target": 18, "value": 0.052246358874461538, "supply": [{"l": "Cottonseed Oil", "v": 0.052246358874461538}]}, {"source": 4, "prod": 197.0, "target": 18, "value": 0.62372018870497437, "supply": [{"l": "Wheat", "v": 0.57447353875539164}, {"l": "Barley", "v": 0.04924664994958268}]}, {"source": 19, "prod": 15.0, "target": 5, "value": 0.090964642683214303, "supply": [{"l": "Sesame seed", "v": 0.090964642683214303}]}, {"source": 5, "prod": 40.0, "target": 18, "value": 0.24257238048857147, "supply": [{"l": "Cottonseed", "v": 0.24257238048857147}]}, {"source": 19, "prod": 1.0, "target": 10, "value": 0.0013693602124354839, "supply": [{"l": "Cocoa Beans", "v": 0.0013693602124354839}]}, {"source": 19, "prod": 2.0, "target": 12, "value": 0.0169800666342, "supply": [{"l": "Soyabean Oil", "v": 0.0169800666342}]}, {"source": 8, "prod": 489.0, "target": 18, "value": 2.0227572189758463, "supply": [{"l": "Sugar", "v": 2.0227572189758463}]}, {"source": 1, "prod": 777.0, "target": 0, "value": 0.72980392212808221, "supply": [{"l": "Pelagic Fish", "v": 0.26506673786527324}, {"l": "Crustaceans", "v": 0.066443739003391317}, {"l": "Freshwater Fish", "v": 0.0050940199902600016}, {"l": "Molluscs, Other", "v": 0.037191111040000002}, {"l": "Aquatic Animals, Others", "v": 0.0014842715589335664}, {"l": "Aquatic Plants", "v": 0.015584851368802447}, {"l": "Demersal Fish", "v": 0.021798734192554053}, {"l": "Aquatic Products, Other", "v": 0.017069122927736012}, {"l": "Fish, Seafood", "v": 0.27162169528484265}, {"l": "Marine Fish, Other", "v": 0.027080278683853449}, {"l": "Cephalopods", "v": 0.0013693602124354839}]}, {"source": 1, "prod": 4201.0, "target": 3, "value": 4.7958178033306593, "supply": [{"l": "Poultry Meat", "v": 0.25400318855543014}, {"l": "Pigmeat", "v": 1.6264039727938553}, {"l": "Bovine Meat", "v": 0.63632021602704691}, {"l": "Eggs", "v": 0.27284310981350701}, {"l": "Milk - Excluding Butter", "v": 1.7269634958884688}, {"l": "Offals, Edible", "v": 0.15538953967828784}, {"l": "Meat, Other", "v": 0.061576065816329677}, {"l": "Mutton & Goat Meat", "v": 0.073108620230583343}]}, {"source": 12, "prod": 1080.0, "target": 6, "value": 1.5450010555974951, "supply": [{"l": "Fats, Animals, Raw", "v": 0.73863289858769998}, {"l": "Alcohol, Non-Food", "v": 0.073827653033324891}, {"l": "Fish, Body Oil", "v": 0.0083530972958564525}, {"l": "Beer", "v": 0.36246725782731176}, {"l": "Beverages, Alcoholic", "v": 0.18906376714550421}, {"l": "Butter, Ghee", "v": 0.10681009656996776}, {"l": "Wine", "v": 0.065846285137830307}]}, {"source": 12, "prod": 342.0, "target": 11, "value": 3.5711008271157252, "supply": [{"l": "Olive Oil", "v": 0.014150055528500001}, {"l": "Sesameseed Oil", "v": 0.70952421292907142}, {"l": "Soyabean Oil", "v": 0.0339601332684}, {"l": "Coconut Oil", "v": 0.89145349829550002}, {"l": "Cottonseed Oil", "v": 1.2330140694372922}, {"l": "Rape and Mustard Oil", "v": 0.02122508329275}, {"l": "Maize Germ Oil", "v": 0.02122508329275}, {"l": "Groundnut Oil", "v": 0.02122508329275}, {"l": "Palm Oil", "v": 0.21225083292750002}, {"l": "Palmkernel Oil", "v": 0.14857558304925}, {"l": "Oilcrops Oil, Other", "v": 0.26449719180196152}]}, {"source": 12, "prod": 2059.0, "target": 8, "value": 8.4776276720386292, "supply": [{"l": "Honey", "v": 0.061316907290166672}, {"l": "Sweeteners, Other", "v": 0.086017442817986844}, {"l": "Sugar non-centrifugal", "v": 1.3561242601855341}, {"l": "Sugar", "v": 6.9741690617449414}]}, {"source": 20, "prod": 0, "target": 4, "value": 9.6565570915616413e-05, "supply": "[{\"l\":'Energy for power irrigation',\"v\":9.6565570915616413e-05}]"}, {"source": 20, "prod": 0, "target": 5, "value": 2.2690810450383915e-05, "supply": "[{\"l\":'Energy for power irrigation',\"v\":2.2690810450383915e-05}]"}, {"source": 20, "prod": 0, "target": 13, "value": 0.00022050825894481897, "supply": "[{\"l\":'Energy for power irrigation',\"v\":0.00022050825894481897}]"}, {"source": 20, "prod": 0, "target": 9, "value": 5.9652881445187743e-06, "supply": "[{\"l\":'Energy for power irrigation',\"v\":5.9652881445187743e-06}]"}, {"source": 20, "prod": 0, "target": 2, "value": 5.5924576354863502e-05, "supply": "[{\"l\":'Energy for power irrigation',\"v\":5.5924576354863502e-05}]"}, {"source": 20, "prod": 0, "target": 10, "value": 1.9406939079436082e-06, "supply": "[{\"l\":'Energy for power irrigation',\"v\":1.9406939079436082e-06}]"}, {"source": 20, "prod": 0, "target": 12, "value": 0.61667035884072552, "supply": "[{\"l\":'Electricity',\"v\":0.61667035884072552}]"}, {"source": 21, "prod": 0, "target": 20, "value": 0.88590904778631863, "supply": [{"l": "Coal", "v": 0.0090843965331660718}, {"l": "Natural gas", "v": 0.24857770202043666}, {"l": "Oil", "v": 0.62824694923271596}]}, {"source": 22, "prod": 0, "target": 20, "value": 0.27785189489510648, "supply": [{"l": "Nuclear", "v": 0.0}, {"l": "Hydroelectric", "v": 0.27695927219429473}, {"l": "Renewable", "v": 0.0008926227008117729}]}, {"source": 21, "prod": 0, "target": 4, "value": 4.552725227229514, "supply": [{"l": "Motor Gasoline", "v": 0.0029442694124727389}, {"l": "Gas-Diesel oil", "v": 2.1148228601553622}, {"l": "Fuel oil", "v": 0.086817178130911735}, {"l": "Liquefied petroleum gas (LPG)", "v": 0.02724501522542494}, {"l": "Other fossil fuels", "v": 2.3208959043053428}]}, {"source": 21, "prod": 0, "target": 5, "value": 1.0697914814175209, "supply": [{"l": "Motor Gasoline", "v": 0.00069183932243989962}, {"l": "Gas-Diesel oil", "v": 0.49693740948166149}, {"l": "Fuel oil", "v": 0.020400150013374557}, {"l": "Liquefied petroleum gas (LPG)", "v": 0.0064019864464754592}, {"l": "Other fossil fuels", "v": 0.5453600961535694}]}, {"source": 21, "prod": 0, "target": 13, "value": 10.396184724965826, "supply": [{"l": "Motor Gasoline", "v": 0.0067232629171341185}, {"l": "Gas-Diesel oil", "v": 4.8292150343839193}, {"l": "Fuel oil", "v": 0.19824772550538136}, {"l": "Liquefied petroleum gas (LPG)", "v": 0.062214211704225274}, {"l": "Other fossil fuels", "v": 5.2997844904551661}]}, {"source": 21, "prod": 0, "target": 9, "value": 0.28124224364578132, "supply": [{"l": "Motor Gasoline", "v": 0.00018188071849997795}, {"l": "Gas-Diesel oil", "v": 0.13064208719343789}, {"l": "Fuel oil", "v": 0.005363086227672789}, {"l": "Liquefied petroleum gas (LPG)", "v": 0.0016830467088884342}, {"l": "Other fossil fuels", "v": 0.14337214279728225}]}, {"source": 21, "prod": 0, "target": 2, "value": 2.6366460341791997, "supply": [{"l": "Motor Gasoline", "v": 0.0017051317359372932}, {"l": "Gas-Diesel oil", "v": 1.22476956743848}, {"l": "Fuel oil", "v": 0.050278933384432387}, {"l": "Liquefied petroleum gas (LPG)", "v": 0.015778562895829067}, {"l": "Other fossil fuels", "v": 1.3441138387245208}]}, {"source": 21, "prod": 0, "target": 10, "value": 0.091496855755622566, "supply": [{"l": "Motor Gasoline", "v": 5.9171458915969651e-05}, {"l": "Gas-Diesel oil", "v": 0.042501937307136667}, {"l": "Fuel oil", "v": 0.0017447788803604354}, {"l": "Liquefied petroleum gas (LPG)", "v": 0.00054754748062347234}, {"l": "Other fossil fuels", "v": 0.046643420628586028}]}, {"source": 23, "prod": 66.754496512908361, "target": 4, "value": 1.0254026356817216, "supply": [{"l": "Potash", "v": 0.02051111112752}, {"l": "Phosphate", "v": 0.21041666683499999}, {"l": "Nitrogen", "v": 4.054736114354899}]}, {"source": 23, "prod": 15.685855866878747, "target": 5, "value": 0.24094733372321717, "supply": [{"l": "Potash", "v": 0.02051111112752}, {"l": "Phosphate", "v": 0.21041666683499999}, {"l": "Nitrogen", "v": 4.054736114354899}]}, {"source": 23, "prod": 152.43443044169825, "target": 13, "value": 2.3415151773833598, "supply": [{"l": "Potash", "v": 0.02051111112752}, {"l": "Phosphate", "v": 0.21041666683499999}, {"l": "Nitrogen", "v": 4.054736114354899}]}, {"source": 23, "prod": 4.1237244585831396, "target": 9, "value": 0.063343716896114552, "supply": [{"l": "Potash", "v": 0.02051111112752}, {"l": "Phosphate", "v": 0.21041666683499999}, {"l": "Nitrogen", "v": 4.054736114354899}]}, {"source": 23, "prod": 38.65991679921693, "target": 2, "value": 0.5938473459010738, "supply": [{"l": "Potash", "v": 0.02051111112752}, {"l": "Phosphate", "v": 0.21041666683499999}, {"l": "Nitrogen", "v": 4.054736114354899}]}, {"source": 23, "prod": 1.3415759207145481, "target": 10, "value": 0.020607682731931306, "supply": [{"l": "Potash", "v": 0.02051111112752}, {"l": "Phosphate", "v": 0.21041666683499999}, {"l": "Nitrogen", "v": 4.054736114354899}]}, {"source": 21, "prod": 0, "target": 23, "value": 5.0615508756970407, "supply": [{"l": "Natural gas (including LNG)", "v": 3.4502798553373588}, {"l": "Fuel oil", "v": 0.89451050672130195}, {"l": "Liquefied petroleum gas (LPG)", "v": 0.35838025681919}, {"l": "Coal", "v": 0.35838025681919}]}, {"source": 24, "prod": 0, "target": 4, "value": 0.71985889380140688, "supply": "[{\"l\":'Labor',\"v\":0.71985889380140688}]"}, {"source": 24, "prod": 0, "target": 5, "value": 0.16915119493824929, "supply": "[{\"l\":'Labor',\"v\":0.16915119493824929}]"}, {"source": 24, "prod": 0, "target": 13, "value": 1.6438035818873955, "supply": "[{\"l\":'Labor',\"v\":1.6438035818873955}]"}, {"source": 24, "prod": 0, "target": 9, "value": 0.044468910442960856, "supply": "[{\"l\":'Labor',\"v\":0.044468910442960856}]"}, {"source": 24, "prod": 0, "target": 2, "value": 0.41689603540275799, "supply": "[{\"l\":'Labor',\"v\":0.41689603540275799}]"}, {"source": 24, "prod": 0, "target": 10, "value": 0.014467120698744717, "supply": "[{\"l\":'Labor',\"v\":0.014467120698744717}]"}, {"source": 21, "prod": 0, "target": 16, "value": 1.7092733970750589, "supply": "[{\"l\":'Fossil Fuels',\"v\":1.7092733970750589}]"}, {"source": 22, "prod": 0, "target": 16, "value": 0.31682925257546107, "supply": "[{\"l\":'Renewables & Nuclear',\"v\":0.057874893525627448},{\"l\":'Biomass & Waste',\"v\":0.2589543590498336}]"}]}