{"nodes": [{"layer": 13, "name": "Milk - Excluding Butter"}, {"layer": 10, "name": "Feed", "fill": "#dbdb8d"}, {"layer": 5, "name": "Cereals - Excluding Beer"}, {"layer": 5, "name": "Pulses"}, {"layer": 5, "name": "Oilcrops", "fill": "#ff9896"}, {"layer": 13, "name": "Fish, Seafood"}, {"layer": 16, "name": "Food", "fill": "#b5cf6b"}, {"layer": 13, "name": "Sugar & Sweeteners"}, {"layer": 5, "name": "Treenuts"}, {"layer": 5, "name": "Vegetables"}, {"layer": 13, "name": "Alcoholic Beverages"}, {"layer": 5, "name": "Sugar Crops", "fill": "#ffbb78"}, {"layer": 13, "name": "Animal Fats"}, {"layer": 5, "name": "Starchy Roots"}, {"layer": 13, "name": "Aquatic Products, Other"}, {"layer": 5, "name": "Others"}, {"layer": 13, "name": "Vegetable Oils", "fill": "#f7b6d2"}, {"layer": 5, "name": "Spices"}, {"layer": 5, "name": "Stimulants"}, {"layer": 13, "name": "Eggs"}, {"layer": 5, "name": "Fruits - Excluding Wine"}, {"layer": 13, "name": "Meat"}, {"layer": 10, "name": "Processing", "fill": "#9edae5"}, {"layer": 16, "name": "Biofuels & Other", "fill": "#e7ba52"}, {"name": "Waste", "fill": "#c7c7c7"}, {"layer": 2, "name": "Import", "fill": "#aec7e8"}, {"layer": 16, "name": "Export", "fill": "#aec7e8"}, {"layer": 0, "name": "Stock Draw", "fill": "#c7c7c7"}, {"layer": 16, "name": "Stock Deposit", "fill": "#c7c7c7"}, {"name": "Crop Residue", "fill": "#bd9e39"}, {"layer": 2, "name": "Electricity", "fill": "#bcbd22"}, {"layer": 0, "name": "Fossil Fuels", "fill": "#c49c94"}, {"layer": 0, "name": "Renewables & Nuclear", "fill": "#2ca02c"}, {"layer": 2, "name": "Fertilizers", "fill": "#c5b0d5"}, {"layer": 0, "name": "Labor", "fill": "#7f7f7f"}], "links": [{"source": 0, "prod": 459.0, "target": 1, "value": 0.2942018996151099, "supply": [{"l": "Milk - Excluding Butter", "v": 0.2942018996151099}]}, {"source": 2, "prod": 11675.0, "target": 1, "value": 40.923532493874532, "supply": [{"l": "Maize", "v": 10.622810717386848}, {"l": "Wheat", "v": 1.3377376381258026}, {"l": "Oats", "v": 0.33474988507422865}, {"l": "Barley", "v": 0.88532667012852073}, {"l": "Sorghum", "v": 27.699422046656913}, {"l": "Cereals, Other", "v": 0.043485536502219514}]}, {"source": 3, "prod": 33.0, "target": 1, "value": 0.12536839081087353, "supply": [{"l": "Pulses, Other", "v": 0.12536839081087353}]}, {"source": 4, "prod": 227.0, "target": 1, "value": 1.3765982592726431, "supply": [{"l": "Soyabeans", "v": 0.9642252124420716}, {"l": "Oilcrops, Other", "v": 0.41237304683057147}]}, {"source": 5, "prod": 724.0, "target": 1, "value": 0.63211971919331744, "supply": [{"l": "Pelagic Fish", "v": 0.3634078450258682}, {"l": "Fish, Seafood", "v": 0.26871187416744918}]}, {"source": 0, "prod": 7588.0, "target": 6, "value": 4.8636253034410757, "supply": [{"l": "Milk - Excluding Butter", "v": 4.8636253034410757}]}, {"source": 4, "prod": 248.0, "target": 6, "value": 0.85681246009941281, "supply": [{"l": "Olives", "v": 0.014150055528500001}, {"l": "Sunflower seed", "v": 0.014150055528500001}, {"l": "Coconuts - Incl Copra", "v": 0.22208139782098421}, {"l": "Sesame seed", "v": 0.097028952195428578}, {"l": "Groundnuts", "v": 0.50940199902600003}]}, {"source": 7, "prod": 3003.0, "target": 6, "value": 12.397977187029515, "supply": [{"l": "Sugar", "v": 11.982097279399229}, {"l": "Sugar non-centrifugal", "v": 0.31738442306915887}, {"l": "Sweeteners, Other", "v": 0.066033592466333349}, {"l": "Honey", "v": 0.032461892094794123}]}, {"source": 8, "prod": 36.0, "target": 6, "value": 0.15593938745693878, "supply": [{"l": "Treenuts", "v": 0.15593938745693878}]}, {"source": 9, "prod": 3360.0, "target": 6, "value": 0.9216558820911317, "supply": [{"l": "Tomatoes", "v": 0.2542336582294899}, {"l": "Vegetables, Other", "v": 0.54023689985061074}, {"l": "Onions", "v": 0.12718532401103114}]}, {"source": 10, "prod": 2657.0, "target": 6, "value": 1.6821270184376849, "supply": [{"l": "Beer", "v": 1.0169437351218991}, {"l": "Beverages, Alcoholic", "v": 0.63587903856469152}, {"l": "Wine", "v": 0.029304244751094326}]}, {"source": 11, "prod": 16.0, "target": 6, "value": 0.0060463145284985172, "supply": [{"l": "Sugar cane", "v": 0.0060463145284985172}]}, {"source": 12, "prod": 181.0, "target": 6, "value": 1.5304298174507203, "supply": [{"l": "Fats, Animals, Raw", "v": 1.1758923150421925}, {"l": "Butter, Ghee", "v": 0.35453750240852783}]}, {"source": 13, "prod": 813.0, "target": 6, "value": 0.63776247629807659, "supply": [{"l": "Roots, Other", "v": 0.062889135682222236}, {"l": "Potatoes", "v": 0.54066929770172667}, {"l": "Sweet potatoes", "v": 0.032037861573962267}, {"l": "Cassava", "v": 0.0021661813401654319}]}, {"source": 3, "prod": 1437.0, "target": 6, "value": 5.8546424126784906, "supply": [{"l": "Peas", "v": 0.0076030149108358216}, {"l": "Beans", "v": 5.1176233057771183}, {"l": "Pulses, Other", "v": 0.72941609199053703}]}, {"source": 14, "prod": 16.0, "target": 6, "value": 0.011286436442714235, "supply": [{"l": "Aquatic Products, Other", "v": 0.0056432182213571177}, {"l": "Aquatic Animals, Others", "v": 0.0056432182213571177}]}, {"source": 5, "prod": 1370.0, "target": 6, "value": 1.0163007773103439, "supply": [{"l": "Freshwater Fish", "v": 0.063508123238149597}, {"l": "Crustaceans", "v": 0.031837624939125009}, {"l": "Marine Fish, Other", "v": 0.12773995082609177}, {"l": "Demersal Fish", "v": 0.031751344112731707}, {"l": "Fish, Seafood", "v": 0.50847412653232782}, {"l": "Pelagic Fish", "v": 0.22185948549921788}, {"l": "Cephalopods", "v": 0.010915757121985717}, {"l": "Molluscs, Other", "v": 0.020214365040714288}]}, {"source": 15, "prod": 36.0, "target": 6, "value": 0.15593938745693878, "supply": [{"l": "Nuts", "v": 0.15593938745693878}]}, {"source": 2, "prod": 13046.0, "target": 6, "value": 47.138548513448278, "supply": [{"l": "Maize", "v": 34.041791659357365}, {"l": "Rice", "v": 1.5896610499591004}, {"l": "Wheat", "v": 11.444026985204783}, {"l": "Oats", "v": 0.063068818927028578}]}, {"source": 16, "prod": 905.0, "target": 6, "value": 9.3315236684526202, "supply": [{"l": "Maize Germ Oil", "v": 0.025470099951300004}, {"l": "Groundnut Oil", "v": 0.095512874817374999}, {"l": "Soyabean Oil", "v": 5.3143185392840282}, {"l": "Palm Oil", "v": 0.028300111057000001}, {"l": "Sunflowerseed Oil", "v": 2.1279307958096445}, {"l": "Olive Oil", "v": 0.010612541646375}, {"l": "Coconut Oil", "v": 0.19357275962988002}, {"l": "Rape and Mustard Oil", "v": 0.0424501665855}, {"l": "Sesameseed Oil", "v": 0.0339601332684}, {"l": "Oilcrops Oil, Other", "v": 0.98696637311287505}, {"l": "Cottonseed Oil", "v": 0.47242927329024204}]}, {"source": 17, "prod": 29.0, "target": 6, "value": 0.1296749441965, "supply": [{"l": "Pimento", "v": 0.063675249878250004}, {"l": "Pepper", "v": 0.0023244444400000001}, {"l": "Spices, Other", "v": 0.063675249878250004}]}, {"source": 18, "prod": 125.0, "target": 6, "value": 0.096749060987172536, "supply": [{"l": "Cocoa Beans", "v": 0.032747271365957148}, {"l": "Coffee", "v": 0.064001789621215388}]}, {"source": 19, "prod": 615.0, "target": 6, "value": 0.95396537576428142, "supply": [{"l": "Eggs", "v": 0.95396537576428142}]}, {"source": 20, "prod": 7276.0, "target": 6, "value": 3.2753225274333171, "supply": [{"l": "Grapes", "v": 0.0635466130098091}, {"l": "Dates", "v": 0.0018063900674680853}, {"l": "Lemons, Limes", "v": 0.19064807911352669}, {"l": "Pineapples", "v": 0.095378538847167724}, {"l": "Bananas", "v": 1.0807286076371014}, {"l": "Fruits, Other", "v": 1.0489365895231098}, {"l": "Grapefruit", "v": 0.03167435506764231}, {"l": "Oranges, Mandarines", "v": 0.60399833615573362}, {"l": "Apples", "v": 0.15860501801175825}]}, {"source": 21, "prod": 3379.0, "target": 6, "value": 8.5187091675888347, "supply": [{"l": "Mutton & Goat Meat", "v": 0.12793200888780823}, {"l": "Pigmeat", "v": 5.7201866792390641}, {"l": "Meat, Other", "v": 0.095512874817374999}, {"l": "Poultry Meat", "v": 0.85756624084956456}, {"l": "Bovine Meat", "v": 1.3357697197560738}, {"l": "Offals, Edible", "v": 0.38174164403894895}]}, {"source": 2, "prod": 933.0, "target": 22, "value": 3.3591117790243508, "supply": [{"l": "Maize", "v": 2.3798098921636974}, {"l": "Barley", "v": 0.7750437631228918}, {"l": "Rice", "v": 0.2042581237377615}]}, {"source": 11, "prod": 32600.0, "target": 22, "value": 12.319365851815729, "supply": [{"l": "Sugar cane", "v": 12.319365851815729}]}, {"source": 4, "prod": 3250.3333333333335, "target": 22, "value": 15.829339670661826, "supply": [{"l": "Sunflower seed", "v": 1.9715744036376668}, {"l": "Olives", "v": 0.011791712940416669}, {"l": "Coconuts - Incl Copra", "v": 1.140122105714771}, {"l": "Soyabeans", "v": 8.7932487927107168}, {"l": "Sesame seed", "v": 0.048514476097714289}, {"l": "Cottonseed", "v": 1.7950356156154288}, {"l": "Rape and Mustardseed", "v": 0.030321547561071433}, {"l": "Groundnuts", "v": 0.1446450120691111}, {"l": "Palm kernels", "v": 0.024257238048857144}, {"l": "Oilcrops, Other", "v": 1.8132285441520717}, {"l": "Oil Palm", "v": 0.056600222113999996}]}, {"source": 20, "prod": 328.0, "target": 22, "value": 0.084385785697236371, "supply": [{"l": "Grapes", "v": 0.084385785697236371}]}, {"source": 10, "prod": 215.0, "target": 22, "value": 0.42002750809901862, "supply": [{"l": "Wine", "v": 0.42002750809901862}]}, {"source": 13, "prod": 1.0, "target": 23, "value": 0.001083090670082716, "supply": [{"l": "Cassava", "v": 0.001083090670082716}]}, {"source": 4, "prod": 377.0, "target": 23, "value": 1.0486467843357914, "supply": [{"l": "Coconuts - Incl Copra", "v": 0.43008721408993417}, {"l": "Cottonseed", "v": 0.61855957024585728}]}, {"source": 11, "prod": 932.0, "target": 23, "value": 0.35219782128503868, "supply": [{"l": "Sugar cane", "v": 0.35219782128503868}]}, {"source": 12, "prod": 206.0, "target": 23, "value": 1.7309856252800959, "supply": [{"l": "Fish, Body Oil", "v": 0.051139460934106512}, {"l": "Fats, Animals, Raw", "v": 1.6798461643459894}]}, {"source": 0, "prod": 100.0, "target": 23, "value": 0.064096274425949867, "supply": [{"l": "Milk - Excluding Butter", "v": 0.064096274425949867}]}, {"source": 14, "prod": 22.0, "target": 23, "value": 0.015518850108732076, "supply": [{"l": "Aquatic Plants", "v": 0.0077594250543660381}, {"l": "Aquatic Products, Other", "v": 0.0077594250543660381}]}, {"source": 7, "prod": 51.0, "target": 23, "value": 0.24055094398450005, "supply": [{"l": "Sweeteners, Other", "v": 0.24055094398450005}]}, {"source": 10, "prod": 115.0, "target": 23, "value": 0.22466587642505648, "supply": [{"l": "Alcohol, Non-Food", "v": 0.22466587642505648}]}, {"source": 2, "prod": 29.0, "target": 23, "value": 0.10885565752799245, "supply": [{"l": "Maize", "v": 0.10885565752799245}]}, {"source": 16, "prod": 121.0, "target": 23, "value": 1.2528602691625874, "supply": [{"l": "Coconut Oil", "v": 0.78447907850003995}, {"l": "Palm Oil", "v": 0.056600222114000003}, {"l": "Cottonseed Oil", "v": 0.1335126207124597}, {"l": "Palmkernel Oil", "v": 0.020551101313191912}, {"l": "Oilcrops Oil, Other", "v": 0.1850561949586641}, {"l": "Sunflowerseed Oil", "v": 0.072661051564231749}]}, {"source": 21, "prod": 13.0, "target": 23, "value": 0.016112471988656934, "supply": [{"l": "Offals, Edible", "v": 0.016112471988656934}]}, {"source": 13, "prod": 61.0, "target": 13, "value": 0.046508070654193649, "supply": [{"l": "Potatoes", "v": 0.044105231036146476}, {"l": "Sweet potatoes", "v": 0.0024028396180471702}]}, {"source": 2, "prod": 565.0, "target": 2, "value": 2.0343227414424194, "supply": [{"l": "Maize", "v": 1.4901964151245863}, {"l": "Wheat", "v": 0.35673003683354737}, {"l": "Oats", "v": 0.014554342829314287}, {"l": "Barley", "v": 0.045951211252345373}, {"l": "Rice", "v": 0.026642363965794981}, {"l": "Sorghum", "v": 0.097142261686672546}, {"l": "Cereals, Other", "v": 0.0031061097501585365}]}, {"source": 19, "prod": 30.0, "target": 19, "value": 0.046534896378745437, "supply": [{"l": "Eggs", "v": 0.046534896378745437}]}, {"source": 3, "prod": 68.0, "target": 3, "value": 0.27773973239169047, "supply": [{"l": "Beans", "v": 0.25114643737120212}, {"l": "Pulses, Other", "v": 0.026593295020488329}]}, {"source": 4, "prod": 41.0, "target": 4, "value": 0.24908589811280163, "supply": [{"l": "Soyabeans", "v": 0.10309326170764287}, {"l": "Sesame seed", "v": 0.012128619024428572}, {"l": "Cottonseed", "v": 0.060643095122142866}, {"l": "Groundnuts", "v": 0.012577827136444444}, {"l": "Oilcrops, Other", "v": 0.060643095122142866}]}, {"source": 0, "prod": 364.0, "target": 24, "value": 0.23331043891045752, "supply": [{"l": "Milk - Excluding Butter", "v": 0.23331043891045752}]}, {"source": 4, "prod": 95.0, "target": 24, "value": 0.57902925638846037, "supply": [{"l": "Soyabeans", "v": 0.30321547561071432}, {"l": "Groundnuts", "v": 0.081755876386888887}, {"l": "Oilcrops, Other", "v": 0.19405790439085716}]}, {"source": 9, "prod": 251.0, "target": 24, "value": 0.070907230374056107, "supply": [{"l": "Tomatoes", "v": 0.014539506598091745}, {"l": "Vegetables, Other", "v": 0.048439287993458528}, {"l": "Onions", "v": 0.0079284357825058355}]}, {"source": 11, "prod": 685.0, "target": 24, "value": 0.25885784075134277, "supply": [{"l": "Sugar cane", "v": 0.25885784075134277}]}, {"source": 13, "prod": 91.0, "target": 24, "value": 0.070184272920648799, "supply": [{"l": "Roots, Other", "v": 0.003144456784111111}, {"l": "Potatoes", "v": 0.064636976518490513}, {"l": "Sweet potatoes", "v": 0.0024028396180471702}]}, {"source": 3, "prod": 82.0, "target": 24, "value": 0.33442556065007911, "supply": [{"l": "Beans", "v": 0.29643513919223863}, {"l": "Pulses, Other", "v": 0.037990421457840463}]}, {"source": 20, "prod": 853.0, "target": 24, "value": 0.40475530054103381, "supply": [{"l": "Pineapples", "v": 0.011552893437825951}, {"l": "Fruits, Other", "v": 0.11639695141652191}, {"l": "Grapefruit", "v": 0.0035919371726192313}, {"l": "Lemons, Limes", "v": 0.021753822022462635}, {"l": "Bananas", "v": 0.16339309402720759}, {"l": "Apples", "v": 0.017493200516002748}, {"l": "Oranges, Mandarines", "v": 0.07057340194839376}]}, {"source": 2, "prod": 2355.0, "target": 24, "value": 8.6402444833519123, "supply": [{"l": "Maize", "v": 7.1244151030389533}, {"l": "Oats", "v": 0.0048514476097714296}, {"l": "Barley", "v": 0.061268281669793818}, {"l": "Sorghum", "v": 0.56897610416479627}, {"l": "Rice", "v": 0.062165515920188284}, {"l": "Wheat", "v": 0.81856803094840769}]}, {"source": 18, "prod": 11.0, "target": 24, "value": 0.0083034391782626383, "supply": [{"l": "Cocoa Beans", "v": 0.0024257238048857148}, {"l": "Coffee", "v": 0.0058777153733769235}]}, {"source": 19, "prod": 72.0, "target": 24, "value": 0.11168375130898905, "supply": [{"l": "Eggs", "v": 0.11168375130898905}]}, {"source": 25, "prod": 1360.0, "target": 1, "value": 0.92128474772956059, "supply": [{"l": "Pigmeat", "v": 0.0038493853830680103}, {"l": "Milk - Excluding Butter", "v": 0.79158898916048093}, {"l": "Fish, Seafood", "v": 0.0304342177924459}, {"l": "Pelagic Fish", "v": 0.041159452060940876}, {"l": "Bovine Meat", "v": 0.0056421107487056978}, {"l": "Eggs", "v": 0.0015511632126248478}, {"l": "Poultry Meat", "v": 0.0049191180163454945}, {"l": "Offals, Edible", "v": 0.04214031135494891}]}, {"source": 25, "prod": 8544.0, "target": 2, "value": 30.806077481798106, "supply": [{"l": "Maize", "v": 17.608341015993538}, {"l": "Barley", "v": 0.37067310410225268}, {"l": "Sorghum", "v": 11.476664344982598}, {"l": "Cereals, Other", "v": 0.0031061097501585365}, {"l": "Wheat", "v": 1.3472929069695585}]}, {"source": 25, "prod": 148.0, "target": 3, "value": 0.6087076027173195, "supply": [{"l": "Beans", "v": 0.60110458780648368}, {"l": "Peas", "v": 0.0076030149108358216}]}, {"source": 25, "prod": 829.0, "target": 22, "value": 4.470711766638245, "supply": [{"l": "Fats, Animals, Raw", "v": 1.133896160933543}, {"l": "Coconut Oil", "v": 0.040752159922080006}, {"l": "Sugar", "v": 2.4286916792152442}, {"l": "Palm Oil", "v": 0.056600222114000003}, {"l": "Beer", "v": 0.0070276599581594644}, {"l": "Oilcrops Oil, Other", "v": 0.010280899719925782}, {"l": "Butter, Ghee", "v": 0.14700335465719447}, {"l": "Sweeteners, Other", "v": 0.014150055528500001}, {"l": "Cottonseed Oil", "v": 0.082161612746129042}, {"l": "Sunflowerseed Oil", "v": 0.55014796184346904}]}, {"source": 25, "prod": 5.0, "target": 9, "value": 0.001542652483868106, "supply": [{"l": "Vegetables, Other", "v": 0.001542652483868106}]}, {"source": 25, "prod": 28.0, "target": 20, "value": 0.011743907288237232, "supply": [{"l": "Fruits, Other", "v": 0.010457538603828141}, {"l": "Grapes", "v": 0.001286368684409091}]}, {"source": 25, "prod": 1513.0, "target": 4, "value": 8.6052551978320739, "supply": [{"l": "Soyabeans", "v": 5.9976021075799295}, {"l": "Sunflower seed", "v": 1.9951578295185004}, {"l": "Cottonseed", "v": 0.20012221390307147}, {"l": "Oilcrops, Other", "v": 0.41237304683057147}]}, {"source": 25, "prod": 1.0, "target": 17, "value": 0.0053062708231875, "supply": [{"l": "Spices, Other", "v": 0.0053062708231875}]}, {"source": 25, "prod": 9.0, "target": 13, "value": 0.0071665708129994713, "supply": [{"l": "Potatoes", "v": 0.0060834801429167553}, {"l": "Cassava", "v": 0.001083090670082716}]}, {"source": 21, "prod": 5.0, "target": 26, "value": 0.0075966991152215998, "supply": [{"l": "Meat, Other", "v": 0.0047756437408687505}, {"l": "Bovine Meat", "v": 0.0028210553743528489}]}, {"source": 9, "prod": 868.0, "target": 26, "value": 0.23177376449871567, "supply": [{"l": "Tomatoes", "v": 0.077059384969886249}, {"l": "Vegetables, Other", "v": 0.13390223559975162}, {"l": "Onions", "v": 0.02081214392907782}]}, {"source": 10, "prod": 52.0, "target": 26, "value": 0.07694445559854117, "supply": [{"l": "Beer", "v": 0.014055319916318929}, {"l": "Beverages, Alcoholic", "v": 0.062889135682222236}]}, {"source": 13, "prod": 2.0, "target": 26, "value": 0.0020963045227407411, "supply": [{"l": "Roots, Other", "v": 0.0020963045227407411}]}, {"source": 3, "prod": 114.0, "target": 26, "value": 0.45090510827166025, "supply": [{"l": "Beans", "v": 0.23056066381618553}, {"l": "Pulses, Other", "v": 0.22034444445547471}]}, {"source": 5, "prod": 103.0, "target": 26, "value": 0.071414366840971327, "supply": [{"l": "Fish, Seafood", "v": 0.038599495736760657}, {"l": "Molluscs, Other", "v": 0.00080857460162857145}, {"l": "Pelagic Fish", "v": 0.0040155562986283781}, {"l": "Marine Fish, Other", "v": 0.0070101192526513768}, {"l": "Demersal Fish", "v": 0.00034512330557317074}, {"l": "Crustaceans", "v": 0.020635497645729171}]}, {"source": 7, "prod": 65.0, "target": 26, "value": 0.19743426120797652, "supply": [{"l": "Sugar", "v": 0.066199432482868664}, {"l": "Sweeteners, Other", "v": 0.018866740704666669}, {"l": "Honey", "v": 0.11236808802044118}]}, {"source": 2, "prod": 26.0, "target": 26, "value": 0.095320512445093875, "supply": [{"l": "Maize", "v": 0.082580153986752905}, {"l": "Wheat", "v": 0.012740358458340977}]}, {"source": 16, "prod": 3.0, "target": 26, "value": 0.030842699159777345, "supply": [{"l": "Oilcrops Oil, Other", "v": 0.030842699159777345}]}, {"source": 17, "prod": 5.0, "target": 26, "value": 0.018142288854200002, "supply": [{"l": "Pepper", "v": 0.0011622222200000001}, {"l": "Pimento", "v": 0.0169800666342}]}, {"source": 18, "prod": 207.0, "target": 26, "value": 0.14414397225186265, "supply": [{"l": "Cocoa Beans", "v": 0.019405790439085718}, {"l": "Coffee", "v": 0.12473818181277693}]}, {"source": 20, "prod": 261.0, "target": 26, "value": 0.094630295488269373, "supply": [{"l": "Oranges, Mandarines", "v": 0.032078819067451712}, {"l": "Fruits, Other", "v": 0.025916508713834961}, {"l": "Grapefruit", "v": 0.0013061589718615385}, {"l": "Lemons, Limes", "v": 0.0042299098377010678}, {"l": "Pineapples", "v": 0.0085975020932658238}, {"l": "Bananas", "v": 0.014783184697699731}, {"l": "Grapes", "v": 0.007718212106454546}]}, {"source": 4, "prod": 20.0, "target": 26, "value": 0.11228547823142031, "supply": [{"l": "Coconuts - Incl Copra", "v": 0.0031279070115631576}, {"l": "Sesame seed", "v": 0.10309326170764287}, {"l": "Oilcrops, Other", "v": 0.0060643095122142861}]}, {"source": 27, "prod": 80.0, "target": 4, "value": 0.48514476097714287, "supply": [{"l": "Cottonseed", "v": 0.12128619024428573}, {"l": "Rape and Mustardseed", "v": 0.012128619024428572}, {"l": "Oilcrops, Other", "v": 0.35172995170842858}]}, {"source": 27, "prod": 11.0, "target": 18, "value": 0.013341480926871431, "supply": [{"l": "Cocoa Beans", "v": 0.013341480926871431}]}, {"source": 2, "prod": 3101.0, "target": 28, "value": 11.570334911535125, "supply": [{"l": "Maize", "v": 11.260930089102667}, {"l": "Barley", "v": 0.30940482243245881}]}, {"source": 27, "prod": 1.0, "target": 1, "value": 0.0014105276871764244, "supply": [{"l": "Bovine Meat", "v": 0.0014105276871764244}]}, {"source": 4, "prod": 52.0, "target": 28, "value": 0.30591072428280958, "supply": [{"l": "Sunflower seed", "v": 0.033016796233166675}, {"l": "Sesame seed", "v": 0.27289392804964291}]}, {"source": 18, "prod": 10.0, "target": 28, "value": 0.0065307948593076922, "supply": [{"l": "Coffee", "v": 0.0065307948593076922}]}, {"source": 7, "prod": 764.0, "target": 28, "value": 3.1446189419819506, "supply": [{"l": "Sugar", "v": 3.1196482557551857}, {"l": "Honey", "v": 0.024970686226764714}]}, {"source": 27, "prod": 218.0, "target": 22, "value": 2.2365496782547756, "supply": [{"l": "Soyabean Oil", "v": 2.2160092750682434}, {"l": "Cottonseed Oil", "v": 0.020540403186532261}]}, {"source": 27, "prod": 643.0, "target": 2, "value": 2.2275211484774022, "supply": [{"l": "Wheat", "v": 1.592544807292622}, {"l": "Rice", "v": 0.6349763411847803}]}, {"source": 1, "prod": 8511.0, "target": 0, "value": 5.4552339163925927, "supply": [{"l": "Milk - Excluding Butter", "v": 5.4552339163925927}]}, {"source": 1, "prod": 687.0, "target": 19, "value": 1.0656491270732704, "supply": [{"l": "Eggs", "v": 1.1121840234520159}]}, {"source": 1, "prod": 38.0, "target": 14, "value": 0.02680528655144631, "supply": [{"l": "Aquatic Plants", "v": 0.0077594250543660381}, {"l": "Aquatic Products, Other", "v": 0.013402643275723155}, {"l": "Aquatic Animals, Others", "v": 0.0056432182213571177}]}, {"source": 1, "prod": 2197.0, "target": 5, "value": 1.7198348633446325, "supply": [{"l": "Pelagic Fish", "v": 0.58928288682371444}, {"l": "Crustaceans", "v": 0.052473122584854176}, {"l": "Freshwater Fish", "v": 0.063508123238149597}, {"l": "Molluscs, Other", "v": 0.02102293964234286}, {"l": "Demersal Fish", "v": 0.03209646741830488}, {"l": "Fish, Seafood", "v": 0.81578549643653775}, {"l": "Marine Fish, Other", "v": 0.13475007007874315}, {"l": "Cephalopods", "v": 0.010915757121985717}]}, {"source": 1, "prod": 3397.0, "target": 21, "value": 8.5424183386927144, "supply": [{"l": "Pigmeat", "v": 5.7201866792390641}, {"l": "Bovine Meat", "v": 1.3385907751304267}, {"l": "Poultry Meat", "v": 0.85756624084956456}, {"l": "Offals, Edible", "v": 0.3978541160276059}, {"l": "Meat, Other", "v": 0.10028851855824375}, {"l": "Mutton & Goat Meat", "v": 0.12793200888780823}]}, {"source": 22, "prod": 3883.0, "target": 7, "value": 15.980581334203944, "supply": [{"l": "Honey", "v": 0.169800666342}, {"l": "Sweeteners, Other", "v": 0.32545127715550004}, {"l": "Sugar non-centrifugal", "v": 0.31738442306915887}, {"l": "Sugar", "v": 15.167944967637283}]}, {"source": 22, "prod": 1029.0, "target": 16, "value": 10.615226636774985, "supply": [{"l": "Olive Oil", "v": 0.010612541646375}, {"l": "Sesameseed Oil", "v": 0.0339601332684}, {"l": "Soyabean Oil", "v": 5.3143185392840282}, {"l": "Coconut Oil", "v": 0.97805183812991991}, {"l": "Cottonseed Oil", "v": 0.60594189400270171}, {"l": "Rape and Mustard Oil", "v": 0.0424501665855}, {"l": "Maize Germ Oil", "v": 0.025470099951300004}, {"l": "Groundnut Oil", "v": 0.095512874817374999}, {"l": "Palm Oil", "v": 0.084900333171}, {"l": "Palmkernel Oil", "v": 0.020551101313191912}, {"l": "Oilcrops Oil, Other", "v": 1.2028652672313167}, {"l": "Sunflowerseed Oil", "v": 2.2005918473738761}]}, {"source": 22, "prod": 387.0, "target": 12, "value": 3.261415442730816, "supply": [{"l": "Fats, Animals, Raw", "v": 2.8557384793881821}, {"l": "Fish, Body Oil", "v": 0.051139460934106512}, {"l": "Butter, Ghee", "v": 0.35453750240852783}]}, {"source": 22, "prod": 3039.0, "target": 10, "value": 2.4037648585603013, "supply": [{"l": "Beer", "v": 1.030999055038218}, {"l": "Beverages, Alcoholic", "v": 0.69876817424691373}, {"l": "Alcohol, Non-Food", "v": 0.22466587642505648}, {"l": "Wine", "v": 0.44933175285011295}]}, {"source": 4, "prod": 3500.0, "target": 29, "value": 9.0570951314803398, "supply": [{"l": "Coconuts - Incl Copra", "v": 4.0026933256800001}, {"l": "Sesame seed", "v": 0.30508333274999999}, {"l": "Groundnuts", "v": 0.41491333254000001}, {"l": "Oilcrops, Other", "v": 1.20812999769}, {"l": "Soyabeans", "v": 4.1212399921200014}, {"l": "Palm kernels", "v": 0.013946666640000001}, {"l": "Sunflower seed", "v": 0.5871159248033333}, {"l": "Cottonseed", "v": 1.3301633307900003}, {"l": "Olives", "v": 0.014915185156666668}, {"l": "Rape and Mustardseed", "v": 0.013946666640000003}]}, {"source": 9, "prod": 4476.5, "target": 29, "value": 13.827246302625976, "supply": [{"l": "Onions", "v": 1.6439633301899998}, {"l": "Vegetables, Other", "v": 8.1587999843999999}, {"l": "Tomatoes", "v": 5.8052999889000008}]}, {"source": 11, "prod": 13693.0, "target": 29, "value": 5.1745115524206371, "supply": [{"l": "Sugar cane", "v": 5.1745115524206371}]}, {"source": 13, "prod": 481.75, "target": 29, "value": 1.6412607503876742, "supply": [{"l": "Roots, Other", "v": 0.11331666645000003}, {"l": "Potatoes", "v": 1.4818333305}, {"l": "Sweet potatoes", "v": 0.08019333318000002}, {"l": "Cassava", "v": 0.0058936145291975306}]}, {"source": 3, "prod": 1660.0, "target": 29, "value": 5.9359680702965516, "supply": [{"l": "Pulses, Other", "v": 1.0459999980000001}, {"l": "Beans", "v": 4.7366366576100001}, {"l": "Peas", "v": 0.060533260082300304}]}, {"source": 2, "prod": 54272.0, "target": 29, "value": 195.67437289458584, "supply": [{"l": "Sorghum", "v": 45.476593246379998}, {"l": "Rice", "v": 2.4580999953}, {"l": "Wheat", "v": 27.366846614340002}, {"l": "Oats", "v": 1.1994133310400001}, {"l": "Maize", "v": 108.32027312622002}, {"l": "Barley", "v": 3.8021820913514652}, {"l": "Cereals, Other", "v": 0.090526357175062452}]}, {"source": 30, "prod": 0, "target": 4, "value": 0.00018792085283469433, "supply": "[{\"l\":'Energy for power irrigation',\"v\":0.00018792085283469433}]"}, {"source": 30, "prod": 0, "target": 8, "value": 1.9523086703414638e-06, "supply": "[{\"l\":'Energy for power irrigation',\"v\":1.9523086703414638e-06}]"}, {"source": 30, "prod": 0, "target": 9, "value": 0.00023943862363790585, "supply": "[{\"l\":'Energy for power irrigation',\"v\":0.00023943862363790585}]"}, {"source": 30, "prod": 0, "target": 11, "value": 0.001831024837190799, "supply": "[{\"l\":'Energy for power irrigation',\"v\":0.001831024837190799}]"}, {"source": 30, "prod": 0, "target": 13, "value": 5.1535600106136998e-05, "supply": "[{\"l\":'Energy for power irrigation',\"v\":5.1535600106136998e-05}]"}, {"source": 30, "prod": 0, "target": 3, "value": 8.8789928568954265e-05, "supply": "[{\"l\":'Energy for power irrigation',\"v\":8.8789928568954265e-05}]"}, {"source": 30, "prod": 0, "target": 15, "value": 1.9523086703414638e-06, "supply": "[{\"l\":'Energy for power irrigation',\"v\":1.9523086703414638e-06}]"}, {"source": 30, "prod": 0, "target": 2, "value": 0.0014514478925585197, "supply": "[{\"l\":'Energy for power irrigation',\"v\":0.0014514478925585197}]"}, {"source": 30, "prod": 0, "target": 17, "value": 1.7918449440120286e-06, "supply": "[{\"l\":'Energy for power irrigation',\"v\":1.7918449440120286e-06}]"}, {"source": 30, "prod": 0, "target": 18, "value": 1.8560304345438027e-05, "supply": "[{\"l\":'Energy for power irrigation',\"v\":1.8560304345438027e-05}]"}, {"source": 30, "prod": 0, "target": 20, "value": 0.00046558550194485679, "supply": "[{\"l\":'Energy for power irrigation',\"v\":0.00046558550194485679}]"}, {"source": 30, "prod": 0, "target": 22, "value": 4.440000003552, "supply": "[{\"l\":'Electricity',\"v\":4.440000003552}]"}, {"source": 31, "prod": 0, "target": 30, "value": 8.3325257390836214, "supply": [{"l": "Coal", "v": 0.33737536162337511}, {"l": "Natural gas", "v": 0.9867991601836863}, {"l": "Oil", "v": 7.0083512172765596}]}, {"source": 32, "prod": 0, "target": 30, "value": 1.1989518668067125, "supply": [{"l": "Nuclear", "v": 0.0}, {"l": "Hydroelectric", "v": 1.1255100940889704}, {"l": "Renewable", "v": 0.073441772717742146}]}, {"source": 31, "prod": 0, "target": 4, "value": 1.5067944861793001, "supply": [{"l": "Motor Gasoline", "v": 0.00053282730290431116}, {"l": "Gas-Diesel oil", "v": 0.65010944806503213}, {"l": "Fuel oil", "v": 0.0060656127808148153}, {"l": "Liquefied petroleum gas (LPG)", "v": 0.014222760399195214}, {"l": "Other fossil fuels", "v": 0.83586383763135341}]}, {"source": 31, "prod": 0, "target": 8, "value": 0.01565407933933903, "supply": [{"l": "Motor Gasoline", "v": 5.5355398167003872e-06}, {"l": "Gas-Diesel oil", "v": 0.0067539833551348225}, {"l": "Fuel oil", "v": 6.30156166507801e-05}, {"l": "Liquefied petroleum gas (LPG)", "v": 0.00014776017682275865}, {"l": "Other fossil fuels", "v": 0.0086837846509139668}]}, {"source": 31, "prod": 0, "target": 9, "value": 1.9198763332205799, "supply": [{"l": "Motor Gasoline", "v": 0.00067889983532765162}, {"l": "Gas-Diesel oil", "v": 0.82833442436331595}, {"l": "Fuel oil", "v": 0.0077284769297867716}, {"l": "Liquefied petroleum gas (LPG)", "v": 0.018121874836906277}, {"l": "Other fossil fuels", "v": 1.0650126572552432}]}, {"source": 31, "prod": 0, "target": 11, "value": 14.681596465312968, "supply": [{"l": "Motor Gasoline", "v": 0.0051916538842519452}, {"l": "Gas-Diesel oil", "v": 6.3344037042370633}, {"l": "Fuel oil", "v": 0.059100879369803565}, {"l": "Liquefied petroleum gas (LPG)", "v": 0.13858082885164616}, {"l": "Other fossil fuels", "v": 8.1443193989702021}]}, {"source": 31, "prod": 0, "target": 13, "value": 0.41322480666994943, "supply": [{"l": "Motor Gasoline", "v": 0.00014612308529837872}, {"l": "Gas-Diesel oil", "v": 0.17828665651157263}, {"l": "Fuel oil", "v": 0.0016634396340555241}, {"l": "Liquefied petroleum gas (LPG)", "v": 0.003900463845718574}, {"l": "Other fossil fuels", "v": 0.2292281235933043}]}, {"source": 31, "prod": 0, "target": 3, "value": 0.71193895077541891, "supply": [{"l": "Motor Gasoline", "v": 0.00025175331769103132}, {"l": "Gas-Diesel oil", "v": 0.30716746217873442}, {"l": "Fuel oil", "v": 0.0028659157161724652}, {"l": "Liquefied petroleum gas (LPG)", "v": 0.0067200518774186129}, {"l": "Other fossil fuels", "v": 0.39493376768540234}]}, {"source": 31, "prod": 0, "target": 15, "value": 0.01565407933933903, "supply": [{"l": "Motor Gasoline", "v": 5.5355398167003872e-06}, {"l": "Gas-Diesel oil", "v": 0.0067539833551348225}, {"l": "Fuel oil", "v": 6.30156166507801e-05}, {"l": "Liquefied petroleum gas (LPG)", "v": 0.00014776017682275865}, {"l": "Other fossil fuels", "v": 0.0086837846509139668}]}, {"source": 31, "prod": 0, "target": 2, "value": 11.638057450748052, "supply": [{"l": "Motor Gasoline", "v": 0.0041154084511227868}, {"l": "Gas-Diesel oil", "v": 5.0212628034229736}, {"l": "Fuel oil", "v": 0.046849089683166277}, {"l": "Liquefied petroleum gas (LPG)", "v": 0.1098526070756816}, {"l": "Other fossil fuels", "v": 6.4559775421151073}]}, {"source": 31, "prod": 0, "target": 17, "value": 0.014367442681311163, "supply": [{"l": "Motor Gasoline", "v": 5.0805639413551495e-06}, {"l": "Gas-Diesel oil", "v": 0.0061988614355347003}, {"l": "Fuel oil", "v": 5.7836250898661195e-05}, {"l": "Liquefied petroleum gas (LPG)", "v": 0.00013561550475513464}, {"l": "Other fossil fuels", "v": 0.0079700489261813126}]}, {"source": 31, "prod": 0, "target": 18, "value": 0.1488209734452231, "supply": [{"l": "Motor Gasoline", "v": 5.2625542914932451e-05}, {"l": "Gas-Diesel oil", "v": 0.064209102033747495}, {"l": "Fuel oil", "v": 0.00059907997199508758}, {"l": "Liquefied petroleum gas (LPG)", "v": 0.0014047337358218425}, {"l": "Other fossil fuels", "v": 0.082555432160743736}]}, {"source": 31, "prod": 0, "target": 20, "value": 3.7331762632678513, "supply": [{"l": "Motor Gasoline", "v": 0.0013201125023142061}, {"l": "Gas-Diesel oil", "v": 1.6106862497197552}, {"l": "Fuel oil", "v": 0.015027929729773026}, {"l": "Liquefied petroleum gas (LPG)", "v": 0.035237766004211031}, {"l": "Other fossil fuels", "v": 2.0709042053117979}]}, {"source": 33, "prod": 64.334747216225495, "target": 4, "value": 0.93196633513264271, "supply": [{"l": "Potash", "v": 0.17280611124935602}, {"l": "Phosphate", "v": 1.3908541677793498}, {"l": "Nitrogen", "v": 19.959943071523508}]}, {"source": 33, "prod": 0.66837332259740911, "target": 8, "value": 0.009682192950381821, "supply": [{"l": "Potash", "v": 0.17280611124935602}, {"l": "Phosphate", "v": 1.3908541677793498}, {"l": "Nitrogen", "v": 19.959943071523508}]}, {"source": 33, "prod": 81.971867907049372, "target": 9, "value": 1.1874612806132663, "supply": [{"l": "Potash", "v": 0.17280611124935602}, {"l": "Phosphate", "v": 1.3908541677793498}, {"l": "Nitrogen", "v": 19.959943071523508}]}, {"source": 33, "prod": 626.85177440591258, "target": 11, "value": 9.0807032924368674, "supply": [{"l": "Potash", "v": 0.17280611124935602}, {"l": "Phosphate", "v": 1.3908541677793498}, {"l": "Nitrogen", "v": 19.959943071523508}]}, {"source": 33, "prod": 17.643224556783661, "target": 13, "value": 0.25558336733405163, "supply": [{"l": "Potash", "v": 0.17280611124935602}, {"l": "Phosphate", "v": 1.3908541677793498}, {"l": "Nitrogen", "v": 19.959943071523508}]}, {"source": 33, "prod": 30.397252479772582, "target": 3, "value": 0.44034083007215957, "supply": [{"l": "Potash", "v": 0.17280611124935602}, {"l": "Phosphate", "v": 1.3908541677793498}, {"l": "Nitrogen", "v": 19.959943071523508}]}, {"source": 33, "prod": 0.66837332259740911, "target": 15, "value": 0.009682192950381821, "supply": [{"l": "Potash", "v": 0.17280611124935602}, {"l": "Phosphate", "v": 1.3908541677793498}, {"l": "Nitrogen", "v": 19.959943071523508}]}, {"source": 33, "prod": 496.90352005488478, "target": 2, "value": 7.1982462438783861, "supply": [{"l": "Potash", "v": 0.17280611124935602}, {"l": "Phosphate", "v": 1.3908541677793498}, {"l": "Nitrogen", "v": 19.959943071523508}]}, {"source": 33, "prod": 0.61343852895926587, "target": 17, "value": 0.0088863962695285206, "supply": [{"l": "Potash", "v": 0.17280611124935602}, {"l": "Phosphate", "v": 1.3908541677793498}, {"l": "Nitrogen", "v": 19.959943071523508}]}, {"source": 33, "prod": 6.3541244641452321, "target": 18, "value": 0.092047149418698404, "supply": [{"l": "Potash", "v": 0.17280611124935602}, {"l": "Phosphate", "v": 1.3908541677793498}, {"l": "Nitrogen", "v": 19.959943071523508}]}, {"source": 33, "prod": 159.39330374107254, "target": 20, "value": 2.3090040694958507, "supply": [{"l": "Potash", "v": 0.17280611124935602}, {"l": "Phosphate", "v": 1.3908541677793498}, {"l": "Nitrogen", "v": 19.959943071523508}]}, {"source": 31, "prod": 0, "target": 33, "value": 25.476618255851157, "supply": [{"l": "Natural gas (including LNG)", "v": 17.36490031499709}, {"l": "Fuel oil", "v": 4.5833751228124671}, {"l": "Liquefied petroleum gas (LPG)", "v": 1.7641714090208003}, {"l": "Coal", "v": 1.7641714090208003}]}, {"source": 34, "prod": 0, "target": 13, "value": 0.082515482843617011, "supply": "[{\"l\":'Labor',\"v\":0.082515482843617011}]"}, {"source": 34, "prod": 0, "target": 4, "value": 0.30088676324916908, "supply": "[{\"l\":'Labor',\"v\":0.30088676324916908}]"}, {"source": 34, "prod": 0, "target": 8, "value": 0.0031259108705677433, "supply": "[{\"l\":'Labor',\"v\":0.0031259108705677433}]"}, {"source": 34, "prod": 0, "target": 9, "value": 0.38337369896154805, "supply": "[{\"l\":'Labor',\"v\":0.38337369896154805}]"}, {"source": 34, "prod": 0, "target": 11, "value": 2.9317190103208297, "supply": "[{\"l\":'Labor',\"v\":2.9317190103208297}]"}, {"source": 34, "prod": 0, "target": 3, "value": 0.14216471356554669, "supply": "[{\"l\":'Labor',\"v\":0.14216471356554669}]"}, {"source": 34, "prod": 0, "target": 2, "value": 2.3239648598281177, "supply": "[{\"l\":'Labor',\"v\":2.3239648598281177}]"}, {"source": 34, "prod": 0, "target": 17, "value": 0.0028689866894251893, "supply": "[{\"l\":'Labor',\"v\":0.0028689866894251893}]"}, {"source": 34, "prod": 0, "target": 18, "value": 0.029717563618822111, "supply": "[{\"l\":'Labor',\"v\":0.029717563618822111}]"}, {"source": 34, "prod": 0, "target": 20, "value": 0.7454655115851212, "supply": "[{\"l\":'Labor',\"v\":0.7454655115851212}]"}, {"source": 34, "prod": 0, "target": 15, "value": 0.0031259108705677433, "supply": "[{\"l\":'Labor',\"v\":0.0031259108705677433}]"}, {"source": 31, "prod": 0, "target": 25, "value": 15.463563591210729, "supply": "[{\"l\":'Fossil Fuels',\"v\":15.463563591210729}]"}, {"source": 32, "prod": 0, "target": 25, "value": 1.7026451423087221, "supply": "[{\"l\":'Renewables & Nuclear',\"v\":0.5053742917126719},{\"l\":'Biomass & Waste',\"v\":1.1972708505960501}]"}]}