{"nodes": [{"layer": 13, "name": "Aquatic Products", "fill": "#1f77b4"}, {"layer": 10, "name": "Feed", "fill": "#dbdb8d"}, {"layer": 5, "name": "Fruits & Vegetables"}, {"layer": 13, "name": "Animal Products", "fill": "#17becf"}, {"layer": 5, "name": "Cereals", "fill": "#e7ba52"}, {"layer": 5, "name": "Oilcrops", "fill": "#ff9896"}, {"layer": 13, "name": "Other Processed", "fill": "#9c9ede"}, {"layer": 16, "name": "Food", "fill": "#b5cf6b"}, {"layer": 13, "name": "Sugar", "fill": "#d6616b"}, {"layer": 5, "name": "Starchy Roots"}, {"layer": 5, "name": "Others"}, {"layer": 13, "name": "Vegetable Oils", "fill": "#f7b6d2"}, {"layer": 10, "name": "Processing", "fill": "#9edae5"}, {"layer": 5, "name": "Sugar Crops", "fill": "#ffbb78"}, {"layer": 16, "name": "Biofuels & Other", "fill": "#e7ba52"}, {"name": "Seed", "fill": "#dbdb8d"}, {"name": "Waste", "fill": "#c7c7c7"}, {"layer": 0, "name": "Import", "fill": "#aec7e8"}, {"layer": 16, "name": "Export", "fill": "#aec7e8"}, {"layer": 0, "name": "Stock Draw", "fill": "#c7c7c7"}, {"layer": 16, "name": "Stock Deposit", "fill": "#c7c7c7"}, {"layer": 0, "name": "Production", "fill": "#b5cf6b"}], "links": [{"source": 0, "prod": 0.99530550112286065, "target": 1, "value": 872.0, "supply": [{"l": "Pelagic Fish", "v": 348.0}, {"l": "Marine Fish, Other", "v": 88.0}, {"l": "Fish, Seafood", "v": 436.0}]}, {"source": 2, "prod": 0.48548166706115481, "target": 1, "value": 131.0, "supply": [{"l": "Pulses, Other", "v": 131.0}]}, {"source": 3, "prod": 0.2094928867983388, "target": 1, "value": 323.0, "supply": [{"l": "Milk - Excluding Butter", "v": 323.0}]}, {"source": 4, "prod": 13.239526066243807, "target": 1, "value": 3545.0, "supply": [{"l": "Maize", "v": 988.0}, {"l": "Wheat", "v": 140.0}, {"l": "Oats", "v": 23.0}, {"l": "Barley", "v": 23.0}, {"l": "Sorghum", "v": 2360.0}, {"l": "Cereals, Other", "v": 11.0}]}, {"source": 5, "prod": 0.85219352604733456, "target": 1, "value": 169.0, "supply": [{"l": "Soyabeans", "v": 168.0}, {"l": "Oilcrops, Other", "v": 1.0}]}, {"source": 6, "prod": 1.4471635132525467, "target": 7, "value": 1520.0, "supply": [{"l": "Beer", "v": 1362.0}, {"l": "Beverages, Alcoholic", "v": 81.0}, {"l": "Fats, Animals, Raw", "v": 51.0}, {"l": "Butter, Ghee", "v": 18.0}, {"l": "Wine", "v": 8.0}]}, {"source": 3, "prod": 5.9285326137110923, "target": 7, "value": 5351.0, "supply": [{"l": "Pigmeat", "v": 460.0}, {"l": "Meat, Other", "v": 36.0}, {"l": "Eggs", "v": 267.0}, {"l": "Mutton & Goat Meat", "v": 37.0}, {"l": "Poultry Meat", "v": 205.0}, {"l": "Milk - Excluding Butter", "v": 3731.0}, {"l": "Bovine Meat", "v": 480.0}, {"l": "Offals, Edible", "v": 135.0}]}, {"source": 4, "prod": 30.547833279537535, "target": 7, "value": 8316.0, "supply": [{"l": "Maize", "v": 6409.0}, {"l": "Rice", "v": 226.0}, {"l": "Cereals, Other", "v": 4.0}, {"l": "Wheat", "v": 1653.0}, {"l": "Oats", "v": 24.0}]}, {"source": 5, "prod": 0.67231803566746051, "target": 7, "value": 168.0, "supply": [{"l": "Olives", "v": 5.0}, {"l": "Coconuts - Incl Copra", "v": 82.0}, {"l": "Sesame seed", "v": 43.0}, {"l": "Groundnuts", "v": 38.0}]}, {"source": 8, "prod": 7.3259807731177959, "target": 7, "value": 1771.0, "supply": [{"l": "Sugar", "v": 1557.0}, {"l": "Sugar non-centrifugal", "v": 200.0}, {"l": "Sweeteners, Other", "v": 7.0}, {"l": "Honey", "v": 7.0}]}, {"source": 9, "prod": 0.50141494434930134, "target": 7, "value": 577.0, "supply": [{"l": "Roots, Other", "v": 30.0}, {"l": "Potatoes", "v": 394.0}, {"l": "Sweet potatoes", "v": 117.0}, {"l": "Cassava", "v": 36.0}]}, {"source": 2, "prod": 5.2868726260358807, "target": 7, "value": 5702.0, "supply": [{"l": "Tomatoes", "v": 429.0}, {"l": "Treenuts", "v": 22.0}, {"l": "Vegetables, Other", "v": 672.0}, {"l": "Peas", "v": 3.0}, {"l": "Grapes", "v": 56.0}, {"l": "Dates", "v": 1.0}, {"l": "Beans", "v": 735.0}, {"l": "Pulses, Other", "v": 65.0}, {"l": "Lemons, Limes", "v": 202.0}, {"l": "Pineapples", "v": 168.0}, {"l": "Bananas", "v": 626.0}, {"l": "Fruits, Other", "v": 945.0}, {"l": "Grapefruit", "v": 26.0}, {"l": "Oranges, Mandarines", "v": 1505.0}, {"l": "Onions", "v": 114.0}, {"l": "Apples", "v": 133.0}]}, {"source": 10, "prod": 0.22731144543981596, "target": 7, "value": 149.0, "supply": [{"l": "Nuts", "v": 22.0}, {"l": "Cocoa Beans", "v": 19.0}, {"l": "Coffee", "v": 86.0}, {"l": "Pimento", "v": 20.0}, {"l": "Spices, Other", "v": 2.0}]}, {"source": 0, "prod": 0.34121658373121, "target": 7, "value": 359.0, "supply": [{"l": "Aquatic Products, Other", "v": 5.0}, {"l": "Crustaceans", "v": 21.0}, {"l": "Marine Fish, Other", "v": 7.0}, {"l": "Demersal Fish", "v": 38.0}, {"l": "Freshwater Fish", "v": 8.0}, {"l": "Fish, Seafood", "v": 175.0}, {"l": "Pelagic Fish", "v": 52.0}, {"l": "Cephalopods", "v": 2.0}, {"l": "Molluscs, Other", "v": 46.0}, {"l": "Aquatic Animals, Others", "v": 5.0}]}, {"source": 11, "prod": 2.8238909071956222, "target": 7, "value": 270.0, "supply": [{"l": "Maize Germ Oil", "v": 3.0}, {"l": "Groundnut Oil", "v": 2.0}, {"l": "Soyabean Oil", "v": 21.0}, {"l": "Palm Oil", "v": 15.0}, {"l": "Olive Oil", "v": 1.0}, {"l": "Coconut Oil", "v": 38.0}, {"l": "Rape and Mustard Oil", "v": 2.0}, {"l": "Sesameseed Oil", "v": 55.0}, {"l": "Oilcrops Oil, Other", "v": 54.0}, {"l": "Cottonseed Oil", "v": 79.0}]}, {"source": 6, "prod": 0.076226871206236377, "target": 12, "value": 39.0, "supply": [{"l": "Wine", "v": 39.0}]}, {"source": 2, "prod": 0.02570377059305505, "target": 12, "value": 66.0, "supply": [{"l": "Grapes", "v": 66.0}]}, {"source": 4, "prod": 1.66940265973971, "target": 12, "value": 482.0, "supply": [{"l": "Maize", "v": 259.0}, {"l": "Barley", "v": 205.0}, {"l": "Rice", "v": 18.0}]}, {"source": 5, "prod": 7.8978133977563525, "target": 12, "value": 2022.4137931034484, "supply": [{"l": "Olives", "v": 5.0}, {"l": "Coconuts - Incl Copra", "v": 706.0}, {"l": "Cottonseed", "v": 809.0}, {"l": "Sesame seed", "v": 122.0}, {"l": "Soyabeans", "v": 121.0}, {"l": "Rape and Mustardseed", "v": 5.0}, {"l": "Groundnuts", "v": 3.0}, {"l": "Palm kernels", "v": 19.0}, {"l": "Oilcrops, Other", "v": 160.0}, {"l": "Oil Palm", "v": 72.413793103448299}]}, {"source": 13, "prod": 8.8731274520400216, "target": 12, "value": 29786.0, "supply": [{"l": "Sugar cane", "v": 29786.0}]}, {"source": 6, "prod": 0.5153391742655351, "target": 14, "value": 100.0, "supply": [{"l": "Alcohol, Non-Food", "v": 51.0}, {"l": "Fats, Animals, Raw", "v": 46.0}, {"l": "Fish, Body Oil", "v": 3.0}]}, {"source": 3, "prod": 0.046689273232047891, "target": 14, "value": 63.0, "supply": [{"l": "Milk - Excluding Butter", "v": 54.0}, {"l": "Offals, Edible", "v": 9.0}]}, {"source": 4, "prod": 0.052676581135589186, "target": 14, "value": 14.0, "supply": [{"l": "Maize", "v": 14.0}]}, {"source": 5, "prod": 0.25212826214418183, "target": 14, "value": 50.0, "supply": [{"l": "Cottonseed", "v": 50.0}]}, {"source": 13, "prod": 0.59906866669081049, "target": 14, "value": 2011.0, "supply": [{"l": "Sugar cane", "v": 2011.0}]}, {"source": 8, "prod": 0.048514476097714289, "target": 14, "value": 16.0, "supply": [{"l": "Sweeteners, Other", "v": 16.0}]}, {"source": 0, "prod": 0.0053953307609828135, "target": 14, "value": 6.0, "supply": [{"l": "Aquatic Products, Other", "v": 1.0}, {"l": "Molluscs, Other", "v": 1.0}, {"l": "Marine Fish, Other", "v": 1.0}, {"l": "Aquatic Plants", "v": 1.0}, {"l": "Fish, Seafood", "v": 2.0}]}, {"source": 11, "prod": 0.97530564424783117, "target": 14, "value": 94.0, "supply": [{"l": "Coconut Oil", "v": 46.0}, {"l": "Cottonseed Oil", "v": 19.0}, {"l": "Palm Oil", "v": 2.0}, {"l": "Palmkernel Oil", "v": 11.0}, {"l": "Oilcrops Oil, Other", "v": 16.0}]}, {"source": 9, "prod": 0.048131908664623399, "target": 15, "value": 55.0, "supply": [{"l": "Potatoes", "v": 39.0}, {"l": "Sweet potatoes", "v": 16.0}]}, {"source": 2, "prod": 0.24622749366417229, "target": 15, "value": 61.0, "supply": [{"l": "Beans", "v": 52.0}, {"l": "Pulses, Other", "v": 9.0}]}, {"source": 3, "prod": 0.017061701569941346, "target": 3, "value": 11.0, "supply": [{"l": "Eggs", "v": 11.0}]}, {"source": 4, "prod": 1.8298553836985754, "target": 15, "value": 501.0, "supply": [{"l": "Maize", "v": 372.0}, {"l": "Wheat", "v": 93.0}, {"l": "Oats", "v": 3.0}, {"l": "Barley", "v": 11.0}, {"l": "Rice", "v": 6.0}, {"l": "Sorghum", "v": 15.0}, {"l": "Cereals, Other", "v": 1.0}]}, {"source": 5, "prod": 0.16854777424022133, "target": 15, "value": 32.0, "supply": [{"l": "Soyabeans", "v": 4.0}, {"l": "Sesame seed", "v": 3.0}, {"l": "Cottonseed", "v": 14.0}, {"l": "Groundnuts", "v": 2.0}, {"l": "Oilcrops, Other", "v": 9.0}]}, {"source": 3, "prod": 0.17585418055497409, "target": 16, "value": 228.0, "supply": [{"l": "Milk - Excluding Butter", "v": 197.0}, {"l": "Eggs", "v": 31.0}]}, {"source": 4, "prod": 1.2049599126416581, "target": 16, "value": 346.0, "supply": [{"l": "Maize", "v": 88.0}, {"l": "Barley", "v": 8.0}, {"l": "Sorghum", "v": 49.0}, {"l": "Rice", "v": 13.0}, {"l": "Wheat", "v": 188.0}]}, {"source": 5, "prod": 0.37520801786844371, "target": 16, "value": 73.0, "supply": [{"l": "Soyabeans", "v": 9.0}, {"l": "Groundnuts", "v": 6.0}, {"l": "Oilcrops, Other", "v": 58.0}]}, {"source": 13, "prod": 0.1933344429051895, "target": 16, "value": 649.0, "supply": [{"l": "Sugar cane", "v": 649.0}]}, {"source": 9, "prod": 0.054654640418487797, "target": 16, "value": 64.0, "supply": [{"l": "Roots, Other", "v": 2.0}, {"l": "Potatoes", "v": 48.0}, {"l": "Sweet potatoes", "v": 10.0}, {"l": "Cassava", "v": 4.0}]}, {"source": 2, "prod": 0.44972803937135342, "target": 16, "value": 603.0, "supply": [{"l": "Pineapples", "v": 24.0}, {"l": "Fruits, Other", "v": 110.0}, {"l": "Grapefruit", "v": 3.0}, {"l": "Beans", "v": 44.0}, {"l": "Lemons, Limes", "v": 22.0}, {"l": "Tomatoes", "v": 31.0}, {"l": "Bananas", "v": 94.0}, {"l": "Apples", "v": 15.0}, {"l": "Vegetables, Other", "v": 69.0}, {"l": "Oranges, Mandarines", "v": 173.0}, {"l": "Pulses, Other", "v": 11.0}, {"l": "Onions", "v": 7.0}]}, {"source": 10, "prod": 0.0041794565557152514, "target": 16, "value": 7.0, "supply": [{"l": "Cocoa Beans", "v": 1.0}, {"l": "Coffee", "v": 6.0}]}, {"source": 17, "prod": 0.018681338588619048, "target": 10, "value": 5.0, "supply": [{"l": "Nuts", "v": 2.0}, {"l": "Pepper", "v": 1.0}, {"l": "Spices, Other", "v": 2.0}]}, {"source": 17, "prod": 1.1093727587595359, "target": 1, "value": 1089.0, "supply": [{"l": "Milk - Excluding Butter", "v": 374.0}, {"l": "Pelagic Fish", "v": 348.0}, {"l": "Fish, Seafood", "v": 350.0}, {"l": "Aquatic Products, Other", "v": 1.0}, {"l": "Bovine Meat", "v": 1.0}, {"l": "Poultry Meat", "v": 1.0}, {"l": "Offals, Edible", "v": 10.0}, {"l": "Demersal Fish", "v": 3.0}, {"l": "Aquatic Plants", "v": 1.0}]}, {"source": 17, "prod": 0.15585728899533591, "target": 12, "value": 22.0, "supply": [{"l": "Sugar", "v": 2.0}, {"l": "Beverages, Alcoholic", "v": 2.0}, {"l": "Oilcrops Oil, Other", "v": 3.0}, {"l": "Butter, Ghee", "v": 1.0}, {"l": "Wine", "v": 1.0}, {"l": "Sweeteners, Other", "v": 3.0}, {"l": "Fats, Animals, Raw", "v": 5.0}, {"l": "Soyabean Oil", "v": 1.0}, {"l": "Fish, Body Oil", "v": 2.0}, {"l": "Palm Oil", "v": 2.0}]}, {"source": 17, "prod": 0.14986724890371358, "target": 4, "value": 40.0, "supply": [{"l": "Maize", "v": 8.0}, {"l": "Oats", "v": 7.0}, {"l": "Barley", "v": 3.0}, {"l": "Sorghum", "v": 12.0}, {"l": "Cereals, Other", "v": 4.0}, {"l": "Rice", "v": 5.0}, {"l": "Wheat", "v": 1.0}]}, {"source": 17, "prod": 0.019085000836618776, "target": 2, "value": 28.0, "supply": [{"l": "Lemons, Limes", "v": 1.0}, {"l": "Treenuts", "v": 2.0}, {"l": "Fruits, Other", "v": 11.0}, {"l": "Vegetables, Other", "v": 4.0}, {"l": "Grapes", "v": 8.0}, {"l": "Apples", "v": 2.0}]}, {"source": 17, "prod": 0.12102156582920727, "target": 5, "value": 24.0, "supply": [{"l": "Soyabeans", "v": 16.0}, {"l": "Cottonseed", "v": 6.0}, {"l": "Oilcrops, Other", "v": 2.0}]}, {"source": 17, "prod": 0.00077383116171484388, "target": 9, "value": 1.0, "supply": [{"l": "Potatoes", "v": 1.0}]}, {"source": 6, "prod": 0.015219946180194835, "target": 18, "value": 7.0, "supply": [{"l": "Beer", "v": 3.0}, {"l": "Beverages, Alcoholic", "v": 4.0}]}, {"source": 3, "prod": 0.072843058964362203, "target": 18, "value": 53.0, "supply": [{"l": "Meat, Other", "v": 9.0}, {"l": "Bovine Meat", "v": 44.0}]}, {"source": 4, "prod": 3.9590342575353019, "target": 18, "value": 1087.0, "supply": [{"l": "Maize", "v": 789.0}, {"l": "Sorghum", "v": 43.0}, {"l": "Cereals, Other", "v": 2.0}, {"l": "Wheat", "v": 253.0}]}, {"source": 5, "prod": 0.040624840419159272, "target": 18, "value": 8.0, "supply": [{"l": "Coconuts - Incl Copra", "v": 2.0}, {"l": "Sesame seed", "v": 3.0}, {"l": "Groundnuts", "v": 2.0}, {"l": "Oilcrops, Other", "v": 1.0}]}, {"source": 8, "prod": 2.5880040873999022, "target": 18, "value": 630.0, "supply": [{"l": "Sugar", "v": 604.0}, {"l": "Honey", "v": 26.0}]}, {"source": 2, "prod": 0.44091445985620858, "target": 18, "value": 804.0, "supply": [{"l": "Grapes", "v": 4.0}, {"l": "Fruits, Other", "v": 104.0}, {"l": "Grapefruit", "v": 1.0}, {"l": "Beans", "v": 54.0}, {"l": "Pulses, Other", "v": 2.0}, {"l": "Lemons, Limes", "v": 1.0}, {"l": "Tomatoes", "v": 288.0}, {"l": "Pineapples", "v": 49.0}, {"l": "Bananas", "v": 2.0}, {"l": "Vegetables, Other", "v": 232.0}, {"l": "Oranges, Mandarines", "v": 53.0}, {"l": "Onions", "v": 14.0}]}, {"source": 10, "prod": 0.076918845929361213, "target": 18, "value": 114.0, "supply": [{"l": "Cocoa Beans", "v": 11.0}, {"l": "Pimento", "v": 3.0}, {"l": "Coffee", "v": 99.0}, {"l": "Spices, Other", "v": 1.0}]}, {"source": 0, "prod": 0.15352384399589233, "target": 18, "value": 174.0, "supply": [{"l": "Molluscs, Other", "v": 6.0}, {"l": "Freshwater Fish", "v": 1.0}, {"l": "Crustaceans", "v": 39.0}, {"l": "Fish, Seafood", "v": 56.0}, {"l": "Pelagic Fish", "v": 2.0}, {"l": "Aquatic Plants", "v": 31.0}, {"l": "Demersal Fish", "v": 8.0}, {"l": "Aquatic Products, Other", "v": 31.0}]}, {"source": 11, "prod": 0.020824610023075472, "target": 18, "value": 2.0, "supply": [{"l": "Oilcrops Oil, Other", "v": 2.0}]}, {"source": 19, "prod": 0.20468633783364784, "target": 2, "value": 50.0, "supply": [{"l": "Beans", "v": 50.0}]}, {"source": 19, "prod": 1.16483257110612, "target": 5, "value": 231.0, "supply": [{"l": "Cottonseed", "v": 230.0}, {"l": "Oilcrops, Other", "v": 1.0}]}, {"source": 10, "prod": 0.0011622222200000001, "target": 20, "value": 1.0, "supply": [{"l": "Pepper", "v": 1.0}]}, {"source": 4, "prod": 0.022189859806056821, "target": 20, "value": 5.0, "supply": [{"l": "Rice", "v": 5.0}]}, {"source": 11, "prod": 0.3142414929056494, "target": 20, "value": 30.0, "supply": [{"l": "Cottonseed Oil", "v": 30.0}]}, {"source": 5, "prod": 0.033244106362138565, "target": 20, "value": 5.0, "supply": [{"l": "Sesame seed", "v": 5.0}]}, {"source": 19, "prod": 0.012538369667145754, "target": 10, "value": 21.0, "supply": [{"l": "Coffee", "v": 18.0}, {"l": "Cocoa Beans", "v": 3.0}]}, {"source": 8, "prod": 1.6120982787997402, "target": 20, "value": 389.0, "supply": [{"l": "Sugar", "v": 389.0}]}, {"source": 19, "prod": 2.0122410255026479, "target": 4, "value": 545.0, "supply": [{"l": "Maize", "v": 500.0}, {"l": "Oats", "v": 14.0}, {"l": "Barley", "v": 31.0}]}, {"source": 21, "prod": 50.364132327097295, "target": 4, "value": 13711.0, "supply": [{"l": "Maize", "v": 8411.0}, {"l": "Barley", "v": 212.0}, {"l": "Cereals, Other", "v": 14.0}, {"l": "Rice", "v": 263.0}, {"l": "Wheat", "v": 2326.0}, {"l": "Oats", "v": 29.0}, {"l": "Sorghum", "v": 2456.0}]}, {"source": 21, "prod": 9.0046175675404179, "target": 5, "value": 2272.4137931034484, "supply": [{"l": "Olives", "v": 10.0}, {"l": "Coconuts - Incl Copra", "v": 790.0}, {"l": "Sesame seed", "v": 175.0}, {"l": "Cottonseed", "v": 637.0}, {"l": "Groundnuts", "v": 51.0}, {"l": "Oilcrops, Other", "v": 226.0}, {"l": "Soyabeans", "v": 287.0}, {"l": "Rape and Mustardseed", "v": 5.0}, {"l": "Palm kernels", "v": 19.0}, {"l": "Oil Palm", "v": 72.413793103448299}]}, {"source": 21, "prod": 9.6655305616360234, "target": 13, "value": 32446.0, "supply": [{"l": "Sugar cane", "v": 32446.0}]}, {"source": 21, "prod": 0.60342766227069766, "target": 9, "value": 695.0, "supply": [{"l": "Roots, Other", "v": 32.0}, {"l": "Potatoes", "v": 480.0}, {"l": "Sweet potatoes", "v": 143.0}, {"l": "Cassava", "v": 40.0}]}, {"source": 21, "prod": 6.7049495469161622, "target": 2, "value": 7283.0, "supply": [{"l": "Vegetables, Other", "v": 968.0}, {"l": "Tomatoes", "v": 748.0}, {"l": "Treenuts", "v": 20.0}, {"l": "Apples", "v": 145.0}, {"l": "Peas", "v": 3.0}, {"l": "Grapes", "v": 118.0}, {"l": "Dates", "v": 1.0}, {"l": "Grapefruit", "v": 30.0}, {"l": "Pineapples", "v": 241.0}, {"l": "Beans", "v": 835.0}, {"l": "Pulses, Other", "v": 217.0}, {"l": "Lemons, Limes", "v": 223.0}, {"l": "Bananas", "v": 721.0}, {"l": "Fruits, Other", "v": 1147.0}, {"l": "Oranges, Mandarines", "v": 1731.0}, {"l": "Onions", "v": 135.0}]}, {"source": 21, "prod": 0.27365049713335288, "target": 10, "value": 244.0, "supply": [{"l": "Nuts", "v": 20.0}, {"l": "Cocoa Beans", "v": 27.0}, {"l": "Coffee", "v": 173.0}, {"l": "Pimento", "v": 23.0}, {"l": "Pepper", "v": 1.0}]}, {"source": 1, "prod": 1.4954412596109459, "target": 0, "value": 1411.0, "supply": [{"l": "Pelagic Fish", "v": 402.0}, {"l": "Crustaceans", "v": 60.0}, {"l": "Freshwater Fish", "v": 9.0}, {"l": "Molluscs, Other", "v": 53.0}, {"l": "Aquatic Animals, Others", "v": 5.0}, {"l": "Aquatic Plants", "v": 32.0}, {"l": "Demersal Fish", "v": 46.0}, {"l": "Aquatic Products, Other", "v": 37.0}, {"l": "Fish, Seafood", "v": 669.0}, {"l": "Marine Fish, Other", "v": 96.0}, {"l": "Cephalopods", "v": 2.0}]}, {"source": 1, "prod": 6.4334120132608152, "target": 3, "value": 6018.0, "supply": [{"l": "Poultry Meat", "v": 205.0}, {"l": "Pigmeat", "v": 460.0}, {"l": "Bovine Meat", "v": 524.0}, {"l": "Eggs", "v": 309.0}, {"l": "Milk - Excluding Butter", "v": 4305.0}, {"l": "Offals, Edible", "v": 144.0}, {"l": "Meat, Other", "v": 45.0}, {"l": "Mutton & Goat Meat", "v": 37.0}]}, {"source": 12, "prod": 2.0539495049045131, "target": 6, "value": 1666.0, "supply": [{"l": "Fats, Animals, Raw", "v": 97.0}, {"l": "Alcohol, Non-Food", "v": 51.0}, {"l": "Fish, Body Oil", "v": 3.0}, {"l": "Beer", "v": 1365.0}, {"l": "Beverages, Alcoholic", "v": 85.0}, {"l": "Butter, Ghee", "v": 18.0}, {"l": "Wine", "v": 47.0}]}, {"source": 12, "prod": 4.1342626543721783, "target": 11, "value": 396.0, "supply": [{"l": "Olive Oil", "v": 1.0}, {"l": "Sesameseed Oil", "v": 55.0}, {"l": "Soyabean Oil", "v": 21.0}, {"l": "Coconut Oil", "v": 84.0}, {"l": "Cottonseed Oil", "v": 128.0}, {"l": "Rape and Mustard Oil", "v": 2.0}, {"l": "Maize Germ Oil", "v": 3.0}, {"l": "Groundnut Oil", "v": 2.0}, {"l": "Palm Oil", "v": 17.0}, {"l": "Palmkernel Oil", "v": 11.0}, {"l": "Oilcrops Oil, Other", "v": 72.0}]}, {"source": 12, "prod": 11.574597615415152, "target": 8, "value": 2806.0, "supply": [{"l": "Honey", "v": 33.0}, {"l": "Sweeteners, Other", "v": 23.0}, {"l": "Sugar non-centrifugal", "v": 200.0}, {"l": "Sugar", "v": 2550.0}]}]}