{"nodes": [{"layer": 5, "name": "Cereals", "fill": "#e7ba52"}, {"layer": 10, "name": "Feed", "fill": "#dbdb8d"}, {"layer": 13, "name": "Other Processed", "fill": "#9c9ede"}, {"layer": 16, "name": "Food", "fill": "#b5cf6b"}, {"layer": 13, "name": "Animal Products", "fill": "#17becf"}, {"layer": 5, "name": "Oilcrops", "fill": "#ff9896"}, {"layer": 5, "name": "Sugar Crops", "fill": "#ffbb78"}, {"layer": 13, "name": "Sugar", "fill": "#d6616b"}, {"layer": 5, "name": "Starchy Roots"}, {"layer": 5, "name": "Fruits & Vegetables"}, {"layer": 5, "name": "Others"}, {"layer": 13, "name": "Aquatic Products", "fill": "#1f77b4"}, {"layer": 13, "name": "Vegetable Oils", "fill": "#f7b6d2"}, {"layer": 10, "name": "Processing", "fill": "#9edae5"}, {"layer": 16, "name": "Biofuels & Other", "fill": "#e7ba52"}, {"name": "Waste", "fill": "#c7c7c7"}, {"layer": 2, "name": "Import", "fill": "#aec7e8"}, {"layer": 16, "name": "Export", "fill": "#aec7e8"}, {"layer": 0, "name": "Stock Draw", "fill": "#c7c7c7"}, {"layer": 2, "name": "Electricity", "fill": "#bcbd22"}, {"layer": 0, "name": "Fossil Fuels", "fill": "#c49c94"}, {"layer": 0, "name": "Renewables & Nuclear", "fill": "#2ca02c"}, {"layer": 2, "name": "Fertilizers", "fill": "#c5b0d5"}, {"layer": 0, "name": "Labor", "fill": "#7f7f7f"}], "links": [{"source": 0, "prod": 144.0, "target": 1, "value": 0.53019391735359189, "supply": [{"l": "Maize", "v": 0.53019391735359189}]}, {"source": 2, "prod": 253.0, "target": 3, "value": 0.13242833529858145, "supply": [{"l": "Beer", "v": 0.034633563673155815}, {"l": "Beverages, Alcoholic", "v": 0.0033690608401190482}, {"l": "Fats, Animals, Raw", "v": 0.0090964642683214296}, {"l": "Butter, Ghee", "v": 0.015918812469562501}, {"l": "Beverages, Fermented", "v": 0.069410434047422628}]}, {"source": 4, "prod": 189.0, "target": 3, "value": 0.2124835418016334, "supply": [{"l": "Meat, Other", "v": 0.060565842771668786}, {"l": "Eggs", "v": 0.01326567705796875}, {"l": "Mutton & Goat Meat", "v": 0.01664712415117647}, {"l": "Pigmeat", "v": 0.031097215056819769}, {"l": "Milk - Excluding Butter", "v": 0.034626018234447067}, {"l": "Bovine Meat", "v": 0.034390008373063295}, {"l": "Poultry Meat", "v": 0.012629801628743805}, {"l": "Offals, Edible", "v": 0.0092618545277454549}]}, {"source": 0, "prod": 484.0, "target": 3, "value": 1.6705977743991547, "supply": [{"l": "Maize", "v": 0.44182826446132656}, {"l": "Barley", "v": 0.007718212106454546}, {"l": "Rice", "v": 0.25115801806691507}, {"l": "Wheat", "v": 0.32356550753089652}, {"l": "Sorghum", "v": 0.33165302743420455}, {"l": "Millet", "v": 0.31467474479935764}]}, {"source": 5, "prod": 110.0, "target": 3, "value": 0.34077113548291754, "supply": [{"l": "Coconuts - Incl Copra", "v": 0.13483846688442219}, {"l": "Groundnuts", "v": 0.17829069965909997}, {"l": "Oilcrops, Other", "v": 0.027641968939395349}]}, {"source": 6, "prod": 48.0, "target": 3, "value": 0.017158804177717896, "supply": [{"l": "Sugar cane", "v": 0.017158804177717896}]}, {"source": 7, "prod": 41.0, "target": 3, "value": 0.16859372806301232, "supply": [{"l": "Sugar", "v": 0.16460268676010206}, {"l": "Sweeteners, Other", "v": 0.0039910413029102566}]}, {"source": 8, "prod": 2340.0, "target": 3, "value": 2.7677711450901081, "supply": [{"l": "Roots, Other", "v": 0.57535645247931055}, {"l": "Yams", "v": 0.52296487537950787}, {"l": "Cassava", "v": 1.6694498172312897}]}, {"source": 9, "prod": 1250.0, "target": 3, "value": 1.0590096122034836, "supply": [{"l": "Plantains", "v": 0.86486964534767319}, {"l": "Tomatoes", "v": 0.021691568639843405}, {"l": "Treenuts", "v": 0.017326598606326529}, {"l": "Vegetables, Other", "v": 0.056176567756859287}, {"l": "Fruits, Other", "v": 0.017372345401326737}, {"l": "Pulses, Other", "v": 0.05903665551625828}, {"l": "Lemons, Limes", "v": 0.00424501665855}, {"l": "Pineapples", "v": 0.0015625828190981598}, {"l": "Bananas", "v": 0.0037456029340147061}, {"l": "Oranges, Mandarines", "v": 0.0042955525711517867}, {"l": "Onions", "v": 0.008687475952381396}]}, {"source": 10, "prod": 24.0, "target": 3, "value": 0.085984167211480847, "supply": [{"l": "Nuts", "v": 0.01806390067468085}, {"l": "Pimento", "v": 0.0679202665368}]}, {"source": 11, "prod": 682.0, "target": 3, "value": 0.6342730503394125, "supply": [{"l": "Crustaceans", "v": 0.00092613931881096827}, {"l": "Marine Fish, Other", "v": 0.00424501665855}, {"l": "Freshwater Fish", "v": 0.039018025457310646}, {"l": "Pelagic Fish", "v": 0.22947562336019736}, {"l": "Fish, Seafood", "v": 0.3158135077145402}, {"l": "Cephalopods", "v": 0.0014150055528499999}, {"l": "Demersal Fish", "v": 0.043379732277153291}]}, {"source": 12, "prod": 62.0, "target": 3, "value": 0.61725732426556923, "supply": [{"l": "Groundnut Oil", "v": 0.15584851368802446}, {"l": "Soyabean Oil", "v": 0.010612541646375}, {"l": "Palm Oil", "v": 0.29352552909475621}, {"l": "Coconut Oil", "v": 0.039488527056279067}, {"l": "Oilcrops Oil, Other", "v": 0.067026578819210536}, {"l": "Palmkernel Oil", "v": 0.050755633960923918}]}, {"source": 6, "prod": 200.0, "target": 13, "value": 0.071495017407157913, "supply": [{"l": "Sugar cane", "v": 0.071495017407157913}]}, {"source": 0, "prod": 51.0, "target": 13, "value": 0.16084515889997564, "supply": [{"l": "Barley", "v": 0.041163797901090912}, {"l": "Millet", "v": 0.034203776608625829}, {"l": "Sorghum", "v": 0.08547758439025889}]}, {"source": 5, "prod": 265.98576512455514, "target": 13, "value": 1.2648112139274796, "supply": [{"l": "Groundnuts", "v": 0.21130749589226666}, {"l": "Coconuts - Incl Copra", "v": 0.073393089570001957}, {"l": "Palm kernels", "v": 0.19810077739900003}, {"l": "Oilcrops, Other", "v": 0.255688212689407}, {"l": "Oil Palm", "v": 0.52632163837680412}]}, {"source": 8, "prod": 5.0, "target": 14, "value": 0.0063525487718085602, "supply": [{"l": "Cassava", "v": 0.0063525487718085602}]}, {"source": 2, "prod": 7.0, "target": 14, "value": 0.063675249878250004, "supply": [{"l": "Fats, Animals, Raw", "v": 0.063675249878250004}]}, {"source": 12, "prod": 15.0, "target": 14, "value": 0.14325509556685401, "supply": [{"l": "Palm Oil", "v": 0.05060784984392349}, {"l": "Palmkernel Oil", "v": 0.050755633960923918}, {"l": "Oilcrops Oil, Other", "v": 0.041891611762006578}]}, {"source": 5, "prod": 4.0, "target": 14, "value": 0.026413436986533333, "supply": [{"l": "Cottonseed", "v": 0.026413436986533333}]}, {"source": 6, "prod": 8.0, "target": 6, "value": 0.0028598006962863159, "supply": [{"l": "Sugar cane", "v": 0.0028598006962863159}]}, {"source": 9, "prod": 2.0, "target": 9, "value": 0.0078715540688344375, "supply": [{"l": "Pulses, Other", "v": 0.0078715540688344375}]}, {"source": 4, "prod": 3.0, "target": 4, "value": 0.0039797031173906252, "supply": [{"l": "Eggs", "v": 0.0039797031173906252}]}, {"source": 0, "prod": 15.0, "target": 0, "value": 0.054797497876839102, "supply": [{"l": "Maize", "v": 0.022091413223066327}, {"l": "Millet", "v": 0.0068407553217251669}, {"l": "Rice", "v": 0.019027122580826897}, {"l": "Sorghum", "v": 0.0068382067512207127}]}, {"source": 5, "prod": 5.0, "target": 5, "value": 0.033016796233166668, "supply": [{"l": "Cottonseed", "v": 0.0066033592466333332}, {"l": "Groundnuts", "v": 0.026413436986533333}]}, {"source": 4, "prod": 2.0, "target": 15, "value": 0.0017704910164949143, "supply": [{"l": "Milk - Excluding Butter", "v": 0.00044392331069803933}, {"l": "Eggs", "v": 0.001326567705796875}]}, {"source": 0, "prod": 110.0, "target": 15, "value": 0.39343352805886578, "supply": [{"l": "Maize", "v": 0.18777701239606379}, {"l": "Rice", "v": 0.045665094193984554}, {"l": "Sorghum", "v": 0.082058481014648535}, {"l": "Wheat", "v": 0.0061050095760546508}, {"l": "Millet", "v": 0.07182793087811426}]}, {"source": 5, "prod": 34.0, "target": 15, "value": 0.078232184058314558, "supply": [{"l": "Coconuts - Incl Copra", "v": 0.05120448109535021}, {"l": "Groundnuts", "v": 0.013206718493266666}, {"l": "Oilcrops, Other", "v": 0.013820984469697675}]}, {"source": 6, "prod": 14.0, "target": 15, "value": 0.0050046512185010538, "supply": [{"l": "Sugar cane", "v": 0.0050046512185010538}]}, {"source": 8, "prod": 721.0, "target": 15, "value": 0.86740952544342176, "supply": [{"l": "Yams", "v": 0.099002259258926875}, {"l": "Roots, Other", "v": 0.14458697679289431}, {"l": "Cassava", "v": 0.62382028939160061}]}, {"source": 9, "prod": 138.0, "target": 15, "value": 0.11305971172229955, "supply": [{"l": "Vegetables, Other", "v": 0.0062785575728254491}, {"l": "Plantains", "v": 0.096442298581934788}, {"l": "Fruits, Other", "v": 0.0019613938356336635}, {"l": "Pulses, Other", "v": 0.0039357770344172188}, {"l": "Tomatoes", "v": 0.0023324267354670326}, {"l": "Pineapples", "v": 0.00026043046984969325}, {"l": "Oranges, Mandarines", "v": 0.00050535912601785721}, {"l": "Onions", "v": 0.00078977054112558138}, {"l": "Lemons, Limes", "v": 0.0005536978250282609}]}, {"source": 10, "prod": 1.0, "target": 15, "value": 0.0035747508703578949, "supply": [{"l": "Pimento", "v": 0.0035747508703578949}]}, {"source": 16, "prod": 42.0, "target": 13, "value": 0.2690707436055505, "supply": [{"l": "Sugar", "v": 0.090531477718056128}, {"l": "Beverages, Alcoholic", "v": 0.0033690608401190482}, {"l": "Butter, Ghee", "v": 0.015918812469562501}, {"l": "Fats, Animals, Raw", "v": 0.063675249878250004}, {"l": "Sweeteners, Other", "v": 0.0039910413029102566}, {"l": "Soyabean Oil", "v": 0.010612541646375}, {"l": "Palm Oil", "v": 0.08097255975027759}]}, {"source": 16, "prod": 191.0, "target": 0, "value": 0.61782172952007008, "supply": [{"l": "Maize", "v": 0.17304940358068624}, {"l": "Barley", "v": 0.036018323163454546}, {"l": "Rice", "v": 0.038054245161653795}, {"l": "Sorghum", "v": 0.041029240507324267}, {"l": "Wheat", "v": 0.32967051710695117}]}, {"source": 16, "prod": 9.0, "target": 5, "value": 0.0594302332197, "supply": [{"l": "Groundnuts", "v": 0.0594302332197}]}, {"source": 16, "prod": 11.0, "target": 9, "value": 0.018213497857242272, "supply": [{"l": "Fruits, Other", "v": 0.00056039823875247529}, {"l": "Vegetables, Other", "v": 0.00033045039856976051}, {"l": "Onions", "v": 0.0015795410822511628}, {"l": "Pulses, Other", "v": 0.015743108137668875}]}, {"source": 16, "prod": 218.0, "target": 1, "value": 0.18018246078301295, "supply": [{"l": "Milk - Excluding Butter", "v": 0.027967168573976478}, {"l": "Fish, Seafood", "v": 0.07038658822963359}, {"l": "Pelagic Fish", "v": 0.072833567414323508}, {"l": "Bovine Meat", "v": 0.0064481265699493683}, {"l": "Marine Fish, Other", "v": 0.0025470099951300004}]}, {"source": 5, "prod": 1.0, "target": 17, "value": 0.0069104922348488373, "supply": [{"l": "Oilcrops, Other", "v": 0.0069104922348488373}]}, {"source": 8, "prod": 1.0, "target": 17, "value": 0.0011647324618697279, "supply": [{"l": "Yams", "v": 0.0011647324618697279}]}, {"source": 9, "prod": 6.0, "target": 17, "value": 0.0012986620054568233, "supply": [{"l": "Lemons, Limes", "v": 0.00073826376670434787}, {"l": "Fruits, Other", "v": 0.00056039823875247529}]}, {"source": 10, "prod": 295.0, "target": 17, "value": 0.72836212744473172, "supply": [{"l": "Coffee", "v": 0.0017151582458787879}, {"l": "Cocoa Beans", "v": 0.72664696919885297}]}, {"source": 11, "prod": 18.0, "target": 17, "value": 0.017314734783393394, "supply": [{"l": "Pelagic Fish", "v": 0.0089794809140946799}, {"l": "Fish, Seafood", "v": 0.0083352538692987137}]}, {"source": 12, "prod": 22.0, "target": 17, "value": 0.18432309175282896, "supply": [{"l": "Oilcrops Oil, Other", "v": 0.18432309175282896}]}, {"source": 18, "prod": 23.0, "target": 13, "value": 0.18412453339042065, "supply": [{"l": "Groundnut Oil", "v": 0.02077980182506993}, {"l": "Palm Oil", "v": 0.05060784984392349}, {"l": "Oilcrops Oil, Other", "v": 0.09216154587641448}, {"l": "Sugar", "v": 0.020575335845012758}]}, {"source": 18, "prod": 14.0, "target": 10, "value": 0.034958960717470594, "supply": [{"l": "Cocoa Beans", "v": 0.034958960717470594}]}, {"source": 18, "prod": 10.0, "target": 0, "value": 0.029959203722142693, "supply": [{"l": "Barley", "v": 0.012863686844090911}, {"l": "Sorghum", "v": 0.017095516878051782}]}, {"source": 1, "prod": 700.0, "target": 11, "value": 0.65158778512280591, "supply": [{"l": "Pelagic Fish", "v": 0.23845510427429203}, {"l": "Crustaceans", "v": 0.00092613931881096827}, {"l": "Freshwater Fish", "v": 0.039018025457310646}, {"l": "Marine Fish, Other", "v": 0.00424501665855}, {"l": "Fish, Seafood", "v": 0.32414876158383893}, {"l": "Demersal Fish", "v": 0.043379732277153291}, {"l": "Cephalopods", "v": 0.0014150055528499999}]}, {"source": 1, "prod": 191.0, "target": 4, "value": 0.2142540328181283, "supply": [{"l": "Poultry Meat", "v": 0.012629801628743805}, {"l": "Pigmeat", "v": 0.031097215056819769}, {"l": "Bovine Meat", "v": 0.034390008373063295}, {"l": "Eggs", "v": 0.018571947881156251}, {"l": "Milk - Excluding Butter", "v": 0.03506994154514511}, {"l": "Offals, Edible", "v": 0.0092618545277454549}, {"l": "Meat, Other", "v": 0.060565842771668786}, {"l": "Mutton & Goat Meat", "v": 0.01664712415117647}]}, {"source": 13, "prod": 260.0, "target": 2, "value": 0.19610358517683146, "supply": [{"l": "Fats, Animals, Raw", "v": 0.072771714146571437}, {"l": "Beer", "v": 0.034633563673155815}, {"l": "Beverages, Alcoholic", "v": 0.0033690608401190482}, {"l": "Butter, Ghee", "v": 0.015918812469562501}, {"l": "Beverages, Fermented", "v": 0.069410434047422628}]}, {"source": 13, "prod": 99.0, "target": 12, "value": 0.94483551158525225, "supply": [{"l": "Soyabean Oil", "v": 0.010612541646375}, {"l": "Coconut Oil", "v": 0.039488527056279067}, {"l": "Groundnut Oil", "v": 0.15584851368802446}, {"l": "Palm Oil", "v": 0.34413337893867968}, {"l": "Palmkernel Oil", "v": 0.10151126792184784}, {"l": "Oilcrops Oil, Other", "v": 0.29324128233404606}]}, {"source": 13, "prod": 41.0, "target": 7, "value": 0.16859372806301232, "supply": [{"l": "Sweeteners, Other", "v": 0.0039910413029102566}, {"l": "Sugar", "v": 0.16460268676010206}]}, {"source": 19, "prod": 0, "target": 0, "value": 8.1932222185752463e-05, "supply": "[{\"l\":'Energy for power irrigation',\"v\":8.1932222185752463e-05}]"}, {"source": 19, "prod": 0, "target": 5, "value": 4.8389014958354529e-05, "supply": "[{\"l\":'Energy for power irrigation',\"v\":4.8389014958354529e-05}]"}, {"source": 19, "prod": 0, "target": 6, "value": 3.1445202544638472e-05, "supply": "[{\"l\":'Energy for power irrigation',\"v\":3.1445202544638472e-05}]"}, {"source": 19, "prod": 0, "target": 8, "value": 0.00035725244002103151, "supply": "[{\"l\":'Energy for power irrigation',\"v\":0.00035725244002103151}]"}, {"source": 19, "prod": 0, "target": 9, "value": 0.00016194279310488812, "supply": "[{\"l\":'Energy for power irrigation',\"v\":0.00016194279310488812}]"}, {"source": 19, "prod": 0, "target": 10, "value": 3.6453142209154966e-05, "supply": "[{\"l\":'Energy for power irrigation',\"v\":3.6453142209154966e-05}]"}, {"source": 19, "prod": 0, "target": 13, "value": 0.00053777706890371501, "supply": "[{\"l\":'Electricity',\"v\":0.00053777706890371501}]"}, {"source": 20, "prod": 0, "target": 19, "value": 3.7898754413773309e-05, "supply": [{"l": "Coal", "v": 0.0}, {"l": "Natural gas", "v": 0.0}, {"l": "Oil", "v": 3.7898754413773309e-05}]}, {"source": 21, "prod": 0, "target": 19, "value": 0.001240790357250301, "supply": [{"l": "Nuclear", "v": 0.0}, {"l": "Hydroelectric", "v": 0.001240790357250301}, {"l": "Renewable", "v": 0.0}]}, {"source": 20, "prod": 0, "target": 0, "value": 0.097179833232242177, "supply": [{"l": "Motor Gasoline", "v": 0.042160608824477648}, {"l": "Gas-Diesel oil", "v": 0.055019224407764529}]}, {"source": 20, "prod": 0, "target": 5, "value": 0.057394225110411951, "supply": [{"l": "Motor Gasoline", "v": 0.024899975572928449}, {"l": "Gas-Diesel oil", "v": 0.032494249537483498}]}, {"source": 20, "prod": 0, "target": 6, "value": 0.037297164140306163, "supply": [{"l": "Motor Gasoline", "v": 0.016181043898520205}, {"l": "Gas-Diesel oil", "v": 0.021116120241785958}]}, {"source": 20, "prod": 0, "target": 8, "value": 0.42373722592736723, "supply": [{"l": "Motor Gasoline", "v": 0.18383463762485455}, {"l": "Gas-Diesel oil", "v": 0.23990258830251271}]}, {"source": 20, "prod": 0, "target": 9, "value": 0.19208039532257676, "supply": [{"l": "Motor Gasoline", "v": 0.083332376077379061}, {"l": "Gas-Diesel oil", "v": 0.1087480192451977}]}, {"source": 20, "prod": 0, "target": 10, "value": 0.043237082873762329, "supply": [{"l": "Motor Gasoline", "v": 0.018758024963840089}, {"l": "Gas-Diesel oil", "v": 0.02447905790992224}]}, {"source": 22, "prod": 3.5631900522023674, "target": 0, "value": 0.029632404674180376, "supply": [{"l": "Potash", "v": 0.022818611129366}, {"l": "Phosphate", "v": 0.051341666707739993}, {"l": "Nitrogen", "v": 0.18530694459268995}]}, {"source": 22, "prod": 2.1044132837576459, "target": 5, "value": 0.017500841973748793, "supply": [{"l": "Potash", "v": 0.022818611129366}, {"l": "Phosphate", "v": 0.051341666707739993}, {"l": "Nitrogen", "v": 0.18530694459268995}]}, {"source": 22, "prod": 1.3675356277109298, "target": 6, "value": 0.011372777913331487, "supply": [{"l": "Potash", "v": 0.022818611129366}, {"l": "Phosphate", "v": 0.051341666707739993}, {"l": "Nitrogen", "v": 0.18530694459268995}]}, {"source": 22, "prod": 15.536724214826954, "target": 8, "value": 0.12920739351534941, "supply": [{"l": "Potash", "v": 0.022818611129366}, {"l": "Phosphate", "v": 0.051341666707739993}, {"l": "Nitrogen", "v": 0.18530694459268995}]}, {"source": 22, "prod": 7.0428084827112896, "target": 9, "value": 0.05856980625365716, "supply": [{"l": "Potash", "v": 0.022818611129366}, {"l": "Phosphate", "v": 0.051341666707739993}, {"l": "Nitrogen", "v": 0.18530694459268995}]}, {"source": 22, "prod": 1.5853283387908186, "target": 10, "value": 0.013183998099528723, "supply": [{"l": "Potash", "v": 0.022818611129366}, {"l": "Phosphate", "v": 0.051341666707739993}, {"l": "Nitrogen", "v": 0.18530694459268995}]}, {"source": 20, "prod": 0, "target": 22, "value": 0.32705394563673851, "supply": [{"l": "Natural gas (including LNG)", "v": 0.21732688643394427}, {"l": "Fuel oil", "v": 0.076970130751447458}, {"l": "Liquefied petroleum gas (LPG)", "v": 0.016378464225673389}, {"l": "Coal", "v": 0.016378464225673389}]}, {"source": 23, "prod": 0, "target": 0, "value": 0.13520655157762113, "supply": "[{\"l\":'Labor',\"v\":0.13520655157762113}]"}, {"source": 23, "prod": 0, "target": 5, "value": 0.07985273281034902, "supply": "[{\"l\":'Labor',\"v\":0.07985273281034902}]"}, {"source": 23, "prod": 0, "target": 6, "value": 0.051891640264332198, "supply": "[{\"l\":'Labor',\"v\":0.051891640264332198}]"}, {"source": 23, "prod": 0, "target": 8, "value": 0.58954669078088529, "supply": "[{\"l\":'Labor',\"v\":0.58954669078088529}]"}, {"source": 23, "prod": 0, "target": 9, "value": 0.26724194736131085, "supply": "[{\"l\":'Labor',\"v\":0.26724194736131085}]"}, {"source": 23, "prod": 0, "target": 10, "value": 0.060155864454577691, "supply": "[{\"l\":'Labor',\"v\":0.060155864454577691}]"}, {"source": 20, "prod": 0, "target": 16, "value": 0.36427542706419613, "supply": "[{\"l\":'Fossil Fuels',\"v\":0.36427542706419613}]"}, {"source": 21, "prod": 0, "target": 16, "value": 1.2325735610126398, "supply": "[{\"l\":'Renewables & Nuclear',\"v\":0.15460541118465709},{\"l\":'Biomass & Waste',\"v\":1.0779681498279827}]"}]}