{"nodes": [{"layer": 3, "name": "Cereals", "fill": "#e7ba52"}, {"layer": 5, "name": "Production", "fill": "#b5cf6b"}, {"layer": 3, "name": "Oilcrops", "fill": "#ff9896"}, {"layer": 3, "name": "Sugar Crops", "fill": "#ffbb78"}, {"layer": 3, "name": "Starchy Roots"}, {"layer": 3, "name": "Fruits & Vegetables"}, {"layer": 3, "name": "Others"}, {"layer": 1, "name": "Electricity", "fill": "#bcbd22"}, {"layer": 0, "name": "Fossil Fuels", "fill": "#c49c94"}, {"layer": 0, "name": "Renewables & Nuclear", "fill": "#2ca02c"}, {"layer": 1, "name": "Fertilizers", "fill": "#c5b0d5"}, {"layer": 0, "name": "Labor", "fill": "#7f7f7f"}], "links": [{"source": 0, "prod": 894.0, "target": 1, "value": 3.2310368366107576, "supply": [{"l": "Maize", "v": 2.1578870073797738}, {"l": "Rice", "v": 0.20040310234841155}, {"l": "Sorghum", "v": 0.49180717342501878}, {"l": "Millet", "v": 0.38093955345755309}]}, {"source": 2, "prod": 619.93811074918563, "target": 1, "value": 2.5169790062042949, "supply": [{"l": "Coconuts - Incl Copra", "v": 0.36808819574289908}, {"l": "Groundnuts", "v": 0.64414704392965172}, {"l": "Oilcrops, Other", "v": 0.38007707291668608}, {"l": "Cottonseed", "v": 0.0065729290196903231}, {"l": "Palm kernels", "v": 0.19718787059070969}, {"l": "Oil Palm", "v": 0.92090589400465805}]}, {"source": 3, "prod": 110.0, "target": 1, "value": 0.035197374304560297, "supply": [{"l": "Sugar cane", "v": 0.035197374304560297}]}, {"source": 4, "prod": 4187.0, "target": 1, "value": 4.965784613798248, "supply": [{"l": "Roots, Other", "v": 0.89743640768003363}, {"l": "Yams", "v": 1.1458062284381543}, {"l": "Cassava", "v": 2.9225419776800603}]}, {"source": 5, "prod": 1780.0, "target": 1, "value": 1.604842017436404, "supply": [{"l": "Plantains", "v": 1.3976030876563772}, {"l": "Tomatoes", "v": 0.011689176306152174}, {"l": "Treenuts", "v": 0.022857782007576922}, {"l": "Vegetables, Other", "v": 0.059937395799542284}, {"l": "Fruits, Other", "v": 0.012011622699434083}, {"l": "Pulses, Other", "v": 0.046695183244050004}, {"l": "Lemons, Limes", "v": 0.0061820630949757285}, {"l": "Pineapples", "v": 0.0028618089832921352}, {"l": "Bananas", "v": 0.0028129628460271091}, {"l": "Oranges, Mandarines", "v": 0.030000117728268546}, {"l": "Onions", "v": 0.012190817070707696}]}, {"source": 6, "prod": 225.0, "target": 1, "value": 0.51994048203769139, "supply": [{"l": "Nuts", "v": 0.02409333779177027}, {"l": "Coffee", "v": 0.00039305709801388888}, {"l": "Cocoa Beans", "v": 0.41176661587935004}, {"l": "Pimento", "v": 0.083687471268557148}]}, {"source": 7, "prod": 0, "target": 0, "value": 0.00013076748195910604, "supply": "[{\"l\":'Energy for power irrigation',\"v\":0.00013076748195910604}]"}, {"source": 7, "prod": 0, "target": 2, "value": 7.9013397381244064e-05, "supply": "[{\"l\":'Energy for power irrigation',\"v\":7.9013397381244064e-05}]"}, {"source": 7, "prod": 0, "target": 3, "value": 1.4019905473198503e-05, "supply": "[{\"l\":'Energy for power irrigation',\"v\":1.4019905473198503e-05}]"}, {"source": 7, "prod": 0, "target": 4, "value": 0.00053364858378438299, "supply": "[{\"l\":'Energy for power irrigation',\"v\":0.00053364858378438299}]"}, {"source": 7, "prod": 0, "target": 5, "value": 0.00022699501497969575, "supply": "[{\"l\":'Energy for power irrigation',\"v\":0.00022699501497969575}]"}, {"source": 7, "prod": 0, "target": 6, "value": 2.8740806220056931e-05, "supply": "[{\"l\":'Energy for power irrigation',\"v\":2.8740806220056931e-05}]"}, {"source": 8, "prod": 0, "target": 7, "value": 2.7387203867783061e-05, "supply": [{"l": "Coal", "v": 0.0}, {"l": "Natural gas", "v": 0.0}, {"l": "Oil", "v": 2.7387203867783061e-05}]}, {"source": 9, "prod": 0, "target": 7, "value": 0.0010027780523279267, "supply": [{"l": "Nuclear", "v": 0.0}, {"l": "Hydroelectric", "v": 0.0010027780523279267}, {"l": "Renewable", "v": 0.0}]}, {"source": 8, "prod": 0, "target": 0, "value": 0.10982537237668491, "supply": [{"l": "Motor Gasoline", "v": 0.047646763837414882}, {"l": "Gas-Diesel oil", "v": 0.062178608539270035}]}, {"source": 8, "prod": 0, "target": 2, "value": 0.066359584662307833, "supply": [{"l": "Motor Gasoline", "v": 0.028789517306705262}, {"l": "Gas-Diesel oil", "v": 0.037570067355602574}]}, {"source": 8, "prod": 0, "target": 3, "value": 0.011774650059878499, "supply": [{"l": "Motor Gasoline", "v": 0.0051083275069353186}, {"l": "Gas-Diesel oil", "v": 0.0066663225529431805}]}, {"source": 8, "prod": 0, "target": 4, "value": 0.44818599818828436, "supply": [{"l": "Motor Gasoline", "v": 0.19444152065034709}, {"l": "Gas-Diesel oil", "v": 0.25374447753793727}]}, {"source": 8, "prod": 0, "target": 5, "value": 0.19064228869676006, "supply": [{"l": "Motor Gasoline", "v": 0.082708466271380024}, {"l": "Gas-Diesel oil", "v": 0.10793382242538005}]}, {"source": 8, "prod": 0, "target": 6, "value": 0.024138032622750924, "supply": [{"l": "Motor Gasoline", "v": 0.010472071389217404}, {"l": "Gas-Diesel oil", "v": 0.013665961233533521}]}, {"source": 10, "prod": 1.6133215733396438, "target": 0, "value": 0.015234452222871741, "supply": [{"l": "Potash", "v": 0.008204444451008}, {"l": "Phosphate", "v": 0.018095833347809998}, {"l": "Nitrogen", "v": 0.091736111184499994}]}, {"source": 10, "prod": 0.97481435497766311, "target": 2, "value": 0.0092050853112532541, "supply": [{"l": "Potash", "v": 0.008204444451008}, {"l": "Phosphate", "v": 0.018095833347809998}, {"l": "Nitrogen", "v": 0.091736111184499994}]}, {"source": 10, "prod": 0.17296819987072204, "target": 3, "value": 0.0016333233377347871, "supply": [{"l": "Potash", "v": 0.008204444451008}, {"l": "Phosphate", "v": 0.018095833347809998}, {"l": "Nitrogen", "v": 0.091736111184499994}]}, {"source": 10, "prod": 6.5837986623519376, "target": 4, "value": 0.062170225591777754, "supply": [{"l": "Potash", "v": 0.008204444451008}, {"l": "Phosphate", "v": 0.018095833347809998}, {"l": "Nitrogen", "v": 0.091736111184499994}]}, {"source": 10, "prod": 2.8005123997250538, "target": 5, "value": 0.026444989677324143, "supply": [{"l": "Potash", "v": 0.008204444451008}, {"l": "Phosphate", "v": 0.018095833347809998}, {"l": "Nitrogen", "v": 0.091736111184499994}]}, {"source": 10, "prod": 0.35458480973498019, "target": 6, "value": 0.0033483128423563136, "supply": [{"l": "Potash", "v": 0.008204444451008}, {"l": "Phosphate", "v": 0.018095833347809998}, {"l": "Nitrogen", "v": 0.091736111184499994}]}, {"source": 8, "prod": 0, "target": 10, "value": 0.14677155312317494, "supply": [{"l": "Natural gas (including LNG)", "v": 0.097953032914392363}, {"l": "Fuel oil", "v": 0.032602218995244577}, {"l": "Liquefied petroleum gas (LPG)", "v": 0.0081081506067690063}, {"l": "Coal", "v": 0.0081081506067690063}]}, {"source": 11, "prod": 0, "target": 0, "value": 0.19701895389926452, "supply": "[{\"l\":'Labor',\"v\":0.19701895389926452}]"}, {"source": 11, "prod": 0, "target": 2, "value": 0.11904440356928941, "supply": "[{\"l\":'Labor',\"v\":0.11904440356928941}]"}, {"source": 11, "prod": 0, "target": 3, "value": 0.021122889794268126, "supply": "[{\"l\":'Labor',\"v\":0.021122889794268126}]"}, {"source": 11, "prod": 0, "target": 4, "value": 0.80401399607818769, "supply": "[{\"l\":'Labor',\"v\":0.80401399607818769}]"}, {"source": 11, "prod": 0, "target": 5, "value": 0.34199878839628667, "supply": "[{\"l\":'Labor',\"v\":0.34199878839628667}]"}, {"source": 11, "prod": 0, "target": 6, "value": 0.043301924078249662, "supply": "[{\"l\":'Labor',\"v\":0.043301924078249662}]"}]}