{"nodes": [{"layer": 5, "name": "Cereals - Excluding Beer"}, {"layer": 10, "name": "Feed", "fill": "#dbdb8d"}, {"layer": 13, "name": "Milk - Excluding Butter"}, {"layer": 16, "name": "Food", "fill": "#b5cf6b"}, {"layer": 13, "name": "Meat"}, {"layer": 5, "name": "Treenuts"}, {"layer": 5, "name": "Pulses"}, {"layer": 5, "name": "Vegetables"}, {"layer": 13, "name": "Alcoholic Beverages"}, {"layer": 5, "name": "Sugar Crops", "fill": "#ffbb78"}, {"layer": 13, "name": "Animal Fats"}, {"layer": 5, "name": "Starchy Roots"}, {"layer": 13, "name": "Fish, Seafood"}, {"layer": 13, "name": "Sugar & Sweeteners"}, {"layer": 5, "name": "Others"}, {"layer": 13, "name": "Vegetable Oils", "fill": "#f7b6d2"}, {"layer": 5, "name": "Spices"}, {"layer": 13, "name": "Eggs"}, {"layer": 5, "name": "Fruits - Excluding Wine"}, {"layer": 5, "name": "Oilcrops", "fill": "#ff9896"}, {"layer": 10, "name": "Processing", "fill": "#9edae5"}, {"layer": 16, "name": "Biofuels & Other", "fill": "#e7ba52"}, {"layer": 5, "name": "Stimulants"}, {"name": "Waste", "fill": "#c7c7c7"}, {"layer": 2, "name": "Import", "fill": "#aec7e8"}, {"layer": 16, "name": "Export", "fill": "#aec7e8"}, {"layer": 16, "name": "Stock Deposit", "fill": "#c7c7c7"}, {"layer": 0, "name": "Stock Draw", "fill": "#c7c7c7"}, {"layer": 2, "name": "Electricity", "fill": "#bcbd22"}, {"layer": 0, "name": "Fossil Fuels", "fill": "#c49c94"}, {"layer": 0, "name": "Renewables & Nuclear", "fill": "#2ca02c"}, {"layer": 2, "name": "Fertilizers", "fill": "#c5b0d5"}, {"layer": 0, "name": "Labor", "fill": "#7f7f7f"}], "links": [{"source": 0, "prod": 190.0, "target": 1, "value": 0.70347037718112704, "supply": [{"l": "Maize", "v": 0.70347037718112704}]}, {"source": 2, "prod": 35.0, "target": 3, "value": 0.022928330717476856, "supply": [{"l": "Milk - Excluding Butter", "v": 0.022928330717476856}]}, {"source": 4, "prod": 122.0, "target": 3, "value": 0.20214187644266704, "supply": [{"l": "Meat, Other", "v": 0.091676416100140837}, {"l": "Mutton & Goat Meat", "v": 0.018258136165806453}, {"l": "Pigmeat", "v": 0.037318827767472522}, {"l": "Bovine Meat", "v": 0.035747508703578956}, {"l": "Poultry Meat", "v": 0.0095296292334795911}, {"l": "Offals, Edible", "v": 0.0096113584721886809}]}, {"source": 5, "prod": 5.0, "target": 3, "value": 0.018456594167608701, "supply": [{"l": "Treenuts", "v": 0.018456594167608701}]}, {"source": 6, "prod": 13.0, "target": 3, "value": 0.051443845946834744, "supply": [{"l": "Pulses, Other", "v": 0.051443845946834744}]}, {"source": 7, "prod": 293.0, "target": 3, "value": 0.091566433007249634, "supply": [{"l": "Tomatoes", "v": 0.018286225606061541}, {"l": "Vegetables, Other", "v": 0.06427562661032446}, {"l": "Onions", "v": 0.0090045807908636366}]}, {"source": 8, "prod": 204.0, "target": 3, "value": 0.086237412376759762, "supply": [{"l": "Beer", "v": 0.02318273660615898}, {"l": "Beverages, Alcoholic", "v": 0.0035375138821250002}, {"l": "Beverages, Fermented", "v": 0.059517161888475778}]}, {"source": 9, "prod": 88.0, "target": 3, "value": 0.027671219700177781, "supply": [{"l": "Sugar cane", "v": 0.027671219700177781}]}, {"source": 10, "prod": 2.0, "target": 3, "value": 0.018192928536642859, "supply": [{"l": "Fats, Animals, Raw", "v": 0.018192928536642859}]}, {"source": 11, "prod": 2413.0, "target": 3, "value": 2.8662546637971031, "supply": [{"l": "Roots, Other", "v": 0.51358533824731278}, {"l": "Yams", "v": 0.63733606352346339}, {"l": "Cassava", "v": 1.7153332620263269}]}, {"source": 12, "prod": 480.0, "target": 3, "value": 0.42448395573648029, "supply": [{"l": "Crustaceans", "v": 0.00087880632895274535}, {"l": "Marine Fish, Other", "v": 0.0047166851761666672}, {"l": "Freshwater Fish", "v": 0.037002566515205816}, {"l": "Pelagic Fish", "v": 0.13764945152529939}, {"l": "Fish, Seafood", "v": 0.21091351894865892}, {"l": "Cephalopods", "v": 0.0011791712940416668}, {"l": "Demersal Fish", "v": 0.032143755948155051}]}, {"source": 13, "prod": 20.0, "target": 3, "value": 0.082161612746129042, "supply": [{"l": "Sugar", "v": 0.082161612746129042}]}, {"source": 14, "prod": 5.0, "target": 3, "value": 0.019295530266136365, "supply": [{"l": "Nuts", "v": 0.019295530266136365}]}, {"source": 0, "prod": 495.0, "target": 3, "value": 1.7075317640851111, "supply": [{"l": "Maize", "v": 0.46280945867179407}, {"l": "Barley", "v": 0.0035375138821250002}, {"l": "Rice", "v": 0.29514099107913089}, {"l": "Wheat", "v": 0.39442390963110296}, {"l": "Sorghum", "v": 0.32105988061217239}, {"l": "Millet", "v": 0.23056001020878594}]}, {"source": 15, "prod": 61.0, "target": 3, "value": 0.61167651915465859, "supply": [{"l": "Groundnut Oil", "v": 0.19375299497404191}, {"l": "Soyabean Oil", "v": 0.011577318159681819}, {"l": "Palm Oil", "v": 0.22449607328870194}, {"l": "Coconut Oil", "v": 0.053062708231874998}, {"l": "Oilcrops Oil, Other", "v": 0.07825151189857231}, {"l": "Palmkernel Oil", "v": 0.050535912601785721}]}, {"source": 16, "prod": 19.0, "target": 3, "value": 0.067212763760375008, "supply": [{"l": "Pimento", "v": 0.067212763760375008}]}, {"source": 17, "prod": 9.0, "target": 3, "value": 0.013484170562452942, "supply": [{"l": "Eggs", "v": 0.013484170562452942}]}, {"source": 18, "prod": 877.0, "target": 3, "value": 0.75620921429786547, "supply": [{"l": "Plantains", "v": 0.68359621596456988}, {"l": "Fruits, Other", "v": 0.013612286197250596}, {"l": "Lemons, Limes", "v": 0.0045482321341607148}, {"l": "Pineapples", "v": 0.0025093694533300497}, {"l": "Bananas", "v": 0.001432367584173313}, {"l": "Oranges, Mandarines", "v": 0.050510742964380934}]}, {"source": 19, "prod": 139.0, "target": 3, "value": 0.45423244483926178, "supply": [{"l": "Coconuts - Incl Copra", "v": 0.16127141809040993}, {"l": "Groundnuts", "v": 0.2681121487475836}, {"l": "Oilcrops, Other", "v": 0.024848878001268292}]}, {"source": 0, "prod": 42.0, "target": 20, "value": 0.14447258138008487, "supply": [{"l": "Barley", "v": 0.035375138821250006}, {"l": "Millet", "v": 0.02712470708338658}, {"l": "Sorghum", "v": 0.081972735475448283}]}, {"source": 9, "prod": 70.0, "target": 20, "value": 0.022011197488777778, "supply": [{"l": "Sugar cane", "v": 0.022011197488777778}]}, {"source": 19, "prod": 261.96153846153845, "target": 20, "value": 1.2376095684802833, "supply": [{"l": "Groundnuts", "v": 0.31388739365570761}, {"l": "Coconuts - Incl Copra", "v": 0.078920055661264421}, {"l": "Palm kernels", "v": 0.1863665850095122}, {"l": "Oilcrops, Other", "v": 0.22985212151173168}, {"l": "Oil Palm", "v": 0.42858341264206734}]}, {"source": 11, "prod": 6.0, "target": 21, "value": 0.0076237033867836744, "supply": [{"l": "Cassava", "v": 0.0076237033867836744}]}, {"source": 15, "prod": 12.0, "target": 21, "value": 0.11441770870299577, "supply": [{"l": "Palm Oil", "v": 0.020408733935336539}, {"l": "Palmkernel Oil", "v": 0.050535912601785721}, {"l": "Oilcrops Oil, Other", "v": 0.043473062165873502}]}, {"source": 22, "prod": 1.0, "target": 21, "value": 0.0024257238048857148, "supply": [{"l": "Cocoa Beans", "v": 0.0024257238048857148}]}, {"source": 19, "prod": 4.0, "target": 21, "value": 0.024848878001268292, "supply": [{"l": "Cottonseed", "v": 0.024848878001268292}]}, {"source": 10, "prod": 7.0, "target": 21, "value": 0.063675249878250004, "supply": [{"l": "Fats, Animals, Raw", "v": 0.063675249878250004}]}, {"source": 0, "prod": 19.0, "target": 0, "value": 0.069474905863540645, "supply": [{"l": "Maize", "v": 0.040727232363117878}, {"l": "Millet", "v": 0.0067811767708466451}, {"l": "Rice", "v": 0.015135435439955431}, {"l": "Sorghum", "v": 0.0068310612896206888}]}, {"source": 17, "prod": 2.0, "target": 17, "value": 0.0029964823472117645, "supply": [{"l": "Eggs", "v": 0.0029964823472117645}]}, {"source": 6, "prod": 3.0, "target": 6, "value": 0.011871656756961864, "supply": [{"l": "Pulses, Other", "v": 0.011871656756961864}]}, {"source": 19, "prod": 7.0, "target": 19, "value": 0.045775244908124027, "supply": [{"l": "Groundnuts", "v": 0.045775244908124027}]}, {"source": 9, "prod": 5.0, "target": 9, "value": 0.0015722283920555555, "supply": [{"l": "Sugar cane", "v": 0.0015722283920555555}]}, {"source": 2, "prod": 1.0, "target": 23, "value": 0.00065509516335648151, "supply": [{"l": "Milk - Excluding Butter", "v": 0.00065509516335648151}]}, {"source": 19, "prod": 40.0, "target": 23, "value": 0.092090269542034447, "supply": [{"l": "Coconuts - Incl Copra", "v": 0.060047868437918588}, {"l": "Groundnuts", "v": 0.019617962103481726}, {"l": "Oilcrops, Other", "v": 0.012424439000634146}]}, {"source": 7, "prod": 32.0, "target": 23, "value": 0.010009055874410963, "supply": [{"l": "Vegetables, Other", "v": 0.0072516091560366047}, {"l": "Tomatoes", "v": 0.001899867595434965}, {"l": "Onions", "v": 0.00085757912293939393}]}, {"source": 9, "prod": 9.0, "target": 23, "value": 0.0028300111056999999, "supply": [{"l": "Sugar cane", "v": 0.0028300111056999999}]}, {"source": 11, "prod": 732.0, "target": 23, "value": 0.88387746563428915, "supply": [{"l": "Yams", "v": 0.11587928427699336}, {"l": "Roots, Other", "v": 0.13014833132972836}, {"l": "Cassava", "v": 0.63784985002756744}]}, {"source": 6, "prod": 1.0, "target": 23, "value": 0.0039572189189872884, "supply": [{"l": "Pulses, Other", "v": 0.0039572189189872884}]}, {"source": 18, "prod": 97.0, "target": 23, "value": 0.083445530479418314, "supply": [{"l": "Plantains", "v": 0.075495497375814832}, {"l": "Fruits, Other", "v": 0.0015124762441389549}, {"l": "Pineapples", "v": 0.00041822824222167488}, {"l": "Oranges, Mandarines", "v": 0.0054507996004727619}, {"l": "Lemons, Limes", "v": 0.00056852901677008935}]}, {"source": 0, "prod": 117.0, "target": 23, "value": 0.42079066245177199, "supply": [{"l": "Maize", "v": 0.24436339417870725}, {"l": "Rice", "v": 0.037838588599888576}, {"l": "Sorghum", "v": 0.078557204830637925}, {"l": "Wheat", "v": 0.0091726490611884412}, {"l": "Millet", "v": 0.050858825781349835}]}, {"source": 16, "prod": 1.0, "target": 23, "value": 0.0035375138821250002, "supply": [{"l": "Pimento", "v": 0.0035375138821250002}]}, {"source": 17, "prod": 1.0, "target": 23, "value": 0.0014982411736058823, "supply": [{"l": "Eggs", "v": 0.0014982411736058823}]}, {"source": 24, "prod": 258.0, "target": 0, "value": 0.8731730632901894, "supply": [{"l": "Maize", "v": 0.14809902677497411}, {"l": "Wheat", "v": 0.40359655869229144}, {"l": "Barley", "v": 0.024762597174875004}, {"l": "Rice", "v": 0.27622169677918662}, {"l": "Sorghum", "v": 0.020493183868862071}]}, {"source": 24, "prod": 29.0, "target": 20, "value": 0.18382708545313958, "supply": [{"l": "Soyabean Oil", "v": 0.011577318159681819}, {"l": "Fats, Animals, Raw", "v": 0.063675249878250004}, {"l": "Sugar", "v": 0.065729290196903239}, {"l": "Beverages, Alcoholic", "v": 0.0035375138821250002}, {"l": "Palm Oil", "v": 0.030613100903004811}, {"l": "Oilcrops Oil, Other", "v": 0.0086946124331747001}]}, {"source": 24, "prod": 4.0, "target": 7, "value": 0.0013325460217981351, "supply": [{"l": "Onions", "v": 0.00085757912293939393}, {"l": "Tomatoes", "v": 0.00047496689885874124}]}, {"source": 24, "prod": 97.0, "target": 1, "value": 0.090458560288227463, "supply": [{"l": "Pigmeat", "v": 0.0037318827767472531}, {"l": "Pelagic Fish", "v": 0.036640501485151633}, {"l": "Milk - Excluding Butter", "v": 0.013101903267129631}, {"l": "Fish, Seafood", "v": 0.032515834171251583}, {"l": "Bovine Meat", "v": 0.0044684385879473695}]}, {"source": 18, "prod": 4.0, "target": 25, "value": 0.00087102426559788036, "supply": [{"l": "Lemons, Limes", "v": 0.00056852901677008935}, {"l": "Fruits, Other", "v": 0.00030249524882779101}]}, {"source": 15, "prod": 11.0, "target": 25, "value": 0.095640736764921699, "supply": [{"l": "Oilcrops Oil, Other", "v": 0.095640736764921699}]}, {"source": 22, "prod": 223.0, "target": 25, "value": 0.54093640848951441, "supply": [{"l": "Cocoa Beans", "v": 0.54093640848951441}]}, {"source": 12, "prod": 60.0, "target": 25, "value": 0.056072704586272878, "supply": [{"l": "Pelagic Fish", "v": 0.029708514717690516}, {"l": "Fish, Seafood", "v": 0.026364189868582365}]}, {"source": 0, "prod": 63.0, "target": 26, "value": 0.23594161246086293, "supply": [{"l": "Maize", "v": 0.11107427008123059}, {"l": "Rice", "v": 0.12486734237963232}]}, {"source": 27, "prod": 1.0, "target": 20, "value": 0.0086946124331747001, "supply": [{"l": "Oilcrops Oil, Other", "v": 0.0086946124331747001}]}, {"source": 22, "prod": 54.0, "target": 26, "value": 0.12894238100345629, "supply": [{"l": "Coffee", "v": 0.00037901934451339288}, {"l": "Cocoa Beans", "v": 0.12856336165894289}]}, {"source": 27, "prod": 19.0, "target": 0, "value": 0.065133592606784946, "supply": [{"l": "Barley", "v": 0.014150055528500001}, {"l": "Sorghum", "v": 0.017077653224051723}, {"l": "Millet", "v": 0.033905883854233224}]}, {"source": 1, "prod": 36.0, "target": 2, "value": 0.023583425880833338, "supply": [{"l": "Milk - Excluding Butter", "v": 0.023583425880833338}]}, {"source": 1, "prod": 10.0, "target": 17, "value": 0.014982411736058824, "supply": [{"l": "Eggs", "v": 0.017978894083270587}]}, {"source": 1, "prod": 122.0, "target": 4, "value": 0.20214187644266704, "supply": [{"l": "Pigmeat", "v": 0.037318827767472522}, {"l": "Bovine Meat", "v": 0.035747508703578956}, {"l": "Poultry Meat", "v": 0.0095296292334795911}, {"l": "Offals, Edible", "v": 0.0096113584721886809}, {"l": "Meat, Other", "v": 0.091676416100140837}, {"l": "Mutton & Goat Meat", "v": 0.018258136165806453}]}, {"source": 1, "prod": 540.0, "target": 12, "value": 0.48055666032275318, "supply": [{"l": "Pelagic Fish", "v": 0.1673579662429899}, {"l": "Crustaceans", "v": 0.00087880632895274535}, {"l": "Freshwater Fish", "v": 0.037002566515205816}, {"l": "Marine Fish, Other", "v": 0.0047166851761666672}, {"l": "Fish, Seafood", "v": 0.23727770881724128}, {"l": "Demersal Fish", "v": 0.032143755948155051}, {"l": "Cephalopods", "v": 0.0011791712940416668}]}, {"source": 20, "prod": 20.0, "target": 13, "value": 0.082161612746129042, "supply": [{"l": "Sugar", "v": 0.082161612746129042}]}, {"source": 20, "prod": 84.0, "target": 15, "value": 0.821734964622576, "supply": [{"l": "Soyabean Oil", "v": 0.011577318159681819}, {"l": "Coconut Oil", "v": 0.053062708231874998}, {"l": "Groundnut Oil", "v": 0.19375299497404191}, {"l": "Palm Oil", "v": 0.24490480722403848}, {"l": "Palmkernel Oil", "v": 0.10107182520357144}, {"l": "Oilcrops Oil, Other", "v": 0.2173653108293675}]}, {"source": 20, "prod": 9.0, "target": 10, "value": 0.081868178414892856, "supply": [{"l": "Fats, Animals, Raw", "v": 0.081868178414892856}]}, {"source": 20, "prod": 204.0, "target": 8, "value": 0.086237412376759762, "supply": [{"l": "Beer", "v": 0.02318273660615898}, {"l": "Beverages, Alcoholic", "v": 0.0035375138821250002}, {"l": "Beverages, Fermented", "v": 0.059517161888475778}]}, {"source": 28, "prod": 0, "target": 19, "value": 7.3099665800904141e-05, "supply": "[{\"l\":'Energy for power irrigation',\"v\":7.3099665800904141e-05}]"}, {"source": 28, "prod": 0, "target": 5, "value": 8.0779977508649588e-07, "supply": "[{\"l\":'Energy for power irrigation',\"v\":8.0779977508649588e-07}]"}, {"source": 28, "prod": 0, "target": 7, "value": 5.2264645448096283e-05, "supply": "[{\"l\":'Energy for power irrigation',\"v\":5.2264645448096283e-05}]"}, {"source": 28, "prod": 0, "target": 9, "value": 2.770753228546681e-05, "supply": "[{\"l\":'Energy for power irrigation',\"v\":2.770753228546681e-05}]"}, {"source": 28, "prod": 0, "target": 11, "value": 0.00050907541825950971, "supply": "[{\"l\":'Energy for power irrigation',\"v\":0.00050907541825950971}]"}, {"source": 28, "prod": 0, "target": 6, "value": 2.6657392577854364e-06, "supply": "[{\"l\":'Energy for power irrigation',\"v\":2.6657392577854364e-06}]"}, {"source": 28, "prod": 0, "target": 14, "value": 8.0779977508649588e-07, "supply": "[{\"l\":'Energy for power irrigation',\"v\":8.0779977508649588e-07}]"}, {"source": 28, "prod": 0, "target": 0, "value": 0.00012714768459861446, "supply": "[{\"l\":'Energy for power irrigation',\"v\":0.00012714768459861446}]"}, {"source": 28, "prod": 0, "target": 16, "value": 3.2311991003459835e-06, "supply": "[{\"l\":'Energy for power irrigation',\"v\":3.2311991003459835e-06}]"}, {"source": 28, "prod": 0, "target": 22, "value": 4.4994447472317822e-05, "supply": "[{\"l\":'Energy for power irrigation',\"v\":4.4994447472317822e-05}]"}, {"source": 28, "prod": 0, "target": 18, "value": 0.00015808641598442726, "supply": "[{\"l\":'Energy for power irrigation',\"v\":0.00015808641598442726}]"}, {"source": 28, "prod": 0, "target": 20, "value": 0.00074952038015862435, "supply": "[{\"l\":'Electricity',\"v\":0.00074952038015862435}]"}, {"source": 29, "prod": 0, "target": 28, "value": 3.549971681922276e-05, "supply": [{"l": "Coal", "v": 0.0}, {"l": "Natural gas", "v": 0.0}, {"l": "Oil", "v": 3.549971681922276e-05}]}, {"source": 30, "prod": 0, "target": 28, "value": 0.0017359188355249606, "supply": [{"l": "Nuclear", "v": 0.0}, {"l": "Hydroelectric", "v": 0.0017359188355249606}, {"l": "Renewable", "v": 0.0}]}, {"source": 29, "prod": 0, "target": 19, "value": 0.062209346669323339, "supply": [{"l": "Motor Gasoline", "v": 0.026988973359150396}, {"l": "Gas-Diesel oil", "v": 0.035220373310172942}]}, {"source": 29, "prod": 0, "target": 5, "value": 0.00068745452796770091, "supply": [{"l": "Motor Gasoline", "v": 0.00029824605038163479}, {"l": "Gas-Diesel oil", "v": 0.00038920847758606612}]}, {"source": 29, "prod": 0, "target": 7, "value": 0.044478307959510244, "supply": [{"l": "Motor Gasoline", "v": 0.019296519459691769}, {"l": "Gas-Diesel oil", "v": 0.025181788499818478}]}, {"source": 29, "prod": 0, "target": 9, "value": 0.023579690309292141, "supply": [{"l": "Motor Gasoline", "v": 0.010229839528090073}, {"l": "Gas-Diesel oil", "v": 0.013349850781202068}]}, {"source": 29, "prod": 0, "target": 11, "value": 0.43323384352524513, "supply": [{"l": "Motor Gasoline", "v": 0.18795466095050625}, {"l": "Gas-Diesel oil", "v": 0.24527918257473888}]}, {"source": 29, "prod": 0, "target": 6, "value": 0.0022685999422934131, "supply": [{"l": "Motor Gasoline", "v": 0.00098421196625939479}, {"l": "Gas-Diesel oil", "v": 0.0012843879760340183}]}, {"source": 29, "prod": 0, "target": 14, "value": 0.00068745452796770091, "supply": [{"l": "Motor Gasoline", "v": 0.00029824605038163479}, {"l": "Gas-Diesel oil", "v": 0.00038920847758606612}]}, {"source": 29, "prod": 0, "target": 0, "value": 0.10820534270211613, "supply": [{"l": "Motor Gasoline", "v": 0.046943928330069315}, {"l": "Gas-Diesel oil", "v": 0.06126141437204681}]}, {"source": 29, "prod": 0, "target": 16, "value": 0.0027498181118708036, "supply": [{"l": "Motor Gasoline", "v": 0.0011929842015265392}, {"l": "Gas-Diesel oil", "v": 0.0015568339103442645}]}, {"source": 29, "prod": 0, "target": 22, "value": 0.038291217207800939, "supply": [{"l": "Motor Gasoline", "v": 0.016612305006257058}, {"l": "Gas-Diesel oil", "v": 0.021678912201543884}]}, {"source": 29, "prod": 0, "target": 18, "value": 0.13453485112327906, "supply": [{"l": "Motor Gasoline", "v": 0.058366752059685924}, {"l": "Gas-Diesel oil", "v": 0.076168099063593148}]}, {"source": 31, "prod": 0.87729394144662032, "target": 19, "value": 0.008259153848883722, "supply": [{"l": "Potash", "v": 0.012819444454700001}, {"l": "Phosphate", "v": 0.0084166666733999987}, {"l": "Nitrogen", "v": 0.091736111184499994}]}, {"source": 31, "prod": 0.0096946797337691803, "target": 5, "value": 9.1269126177735791e-05, "supply": [{"l": "Potash", "v": 0.012819444454700001}, {"l": "Phosphate", "v": 0.0084166666733999987}, {"l": "Nitrogen", "v": 0.091736111184499994}]}, {"source": 31, "prod": 0.62724577877486598, "target": 7, "value": 0.0059051124636995056, "supply": [{"l": "Potash", "v": 0.012819444454700001}, {"l": "Phosphate", "v": 0.0084166666733999987}, {"l": "Nitrogen", "v": 0.091736111184499994}]}, {"source": 31, "prod": 0.33252751486828291, "target": 9, "value": 0.0031305310278963378, "supply": [{"l": "Potash", "v": 0.012819444454700001}, {"l": "Phosphate", "v": 0.0084166666733999987}, {"l": "Nitrogen", "v": 0.091736111184499994}]}, {"source": 31, "prod": 6.1095871682213376, "target": 11, "value": 0.057517803317209099, "supply": [{"l": "Potash", "v": 0.012819444454700001}, {"l": "Phosphate", "v": 0.0084166666733999987}, {"l": "Nitrogen", "v": 0.091736111184499994}]}, {"source": 31, "prod": 0.031992443121438292, "target": 6, "value": 0.0003011881163865281, "supply": [{"l": "Potash", "v": 0.012819444454700001}, {"l": "Phosphate", "v": 0.0084166666733999987}, {"l": "Nitrogen", "v": 0.091736111184499994}]}, {"source": 31, "prod": 0.0096946797337691803, "target": 14, "value": 9.1269126177735791e-05, "supply": [{"l": "Potash", "v": 0.012819444454700001}, {"l": "Phosphate", "v": 0.0084166666733999987}, {"l": "Nitrogen", "v": 0.091736111184499994}]}, {"source": 31, "prod": 1.525942590095269, "target": 0, "value": 0.014365760460375613, "supply": [{"l": "Potash", "v": 0.012819444454700001}, {"l": "Phosphate", "v": 0.0084166666733999987}, {"l": "Nitrogen", "v": 0.091736111184499994}]}, {"source": 31, "prod": 0.038778718935076721, "target": 16, "value": 0.00036507650471094316, "supply": [{"l": "Potash", "v": 0.012819444454700001}, {"l": "Phosphate", "v": 0.0084166666733999987}, {"l": "Nitrogen", "v": 0.091736111184499994}]}, {"source": 31, "prod": 0.53999366117094327, "target": 22, "value": 0.0050836903280998833, "supply": [{"l": "Potash", "v": 0.012819444454700001}, {"l": "Phosphate", "v": 0.0084166666733999987}, {"l": "Nitrogen", "v": 0.091736111184499994}]}, {"source": 31, "prod": 1.8972488238986287, "target": 18, "value": 0.017861367992982893, "supply": [{"l": "Potash", "v": 0.012819444454700001}, {"l": "Phosphate", "v": 0.0084166666733999987}, {"l": "Nitrogen", "v": 0.091736111184499994}]}, {"source": 29, "prod": 0, "target": 31, "value": 0.14609901728034302, "supply": [{"l": "Natural gas (including LNG)", "v": 0.094884742141328415}, {"l": "Fuel oil", "v": 0.0349979739254766}, {"l": "Liquefied petroleum gas (LPG)", "v": 0.0081081506067690063}, {"l": "Coal", "v": 0.0081081506067690063}]}, {"source": 32, "prod": 0, "target": 11, "value": 0.59690739735156273, "supply": "[{\"l\":'Labor',\"v\":0.59690739735156273}]"}, {"source": 32, "prod": 0, "target": 5, "value": 0.00094717136996439648, "supply": "[{\"l\":'Labor',\"v\":0.00094717136996439648}]"}, {"source": 32, "prod": 0, "target": 7, "value": 0.061281987636696449, "supply": "[{\"l\":'Labor',\"v\":0.061281987636696449}]"}, {"source": 32, "prod": 0, "target": 14, "value": 0.00094717136996439648, "supply": "[{\"l\":'Labor',\"v\":0.00094717136996439648}]"}, {"source": 32, "prod": 0, "target": 9, "value": 0.032487977989778802, "supply": "[{\"l\":'Labor',\"v\":0.032487977989778802}]"}, {"source": 32, "prod": 0, "target": 6, "value": 0.0031256655208825083, "supply": "[{\"l\":'Labor',\"v\":0.0031256655208825083}]"}, {"source": 32, "prod": 0, "target": 0, "value": 0.149084773632396, "supply": "[{\"l\":'Labor',\"v\":0.149084773632396}]"}, {"source": 32, "prod": 0, "target": 16, "value": 0.0037886854798575859, "supply": "[{\"l\":'Labor',\"v\":0.0037886854798575859}]"}, {"source": 32, "prod": 0, "target": 22, "value": 0.052757445307016884, "supply": "[{\"l\":'Labor',\"v\":0.052757445307016884}]"}, {"source": 32, "prod": 0, "target": 18, "value": 0.1853614371020324, "supply": "[{\"l\":'Labor',\"v\":0.1853614371020324}]"}, {"source": 32, "prod": 0, "target": 19, "value": 0.085711723048162769, "supply": "[{\"l\":'Labor',\"v\":0.085711723048162769}]"}, {"source": 29, "prod": 0, "target": 24, "value": 0.26315926533086875, "supply": "[{\"l\":'Fossil Fuels',\"v\":0.26315926533086875}]"}, {"source": 30, "prod": 0, "target": 24, "value": 1.150075514819481, "supply": "[{\"l\":'Renewables & Nuclear',\"v\":0.15788859970667096},{\"l\":'Biomass & Waste',\"v\":0.99218691511280999}]"}]}