{"nodes": [{"layer": 5, "name": "Cereals", "fill": "#e7ba52"}, {"layer": 10, "name": "Feed", "fill": "#dbdb8d"}, {"layer": 13, "name": "Other Processed", "fill": "#9c9ede"}, {"layer": 16, "name": "Food", "fill": "#b5cf6b"}, {"layer": 13, "name": "Animal Products", "fill": "#17becf"}, {"layer": 5, "name": "Oilcrops", "fill": "#ff9896"}, {"layer": 5, "name": "Fruits, Roots & Vegetables", "fill": "#98df8a"}, {"layer": 5, "name": "Sugar Crops", "fill": "#ffbb78"}, {"layer": 13, "name": "Sugar", "fill": "#d6616b"}, {"layer": 13, "name": "Aquatic Products", "fill": "#1f77b4"}, {"layer": 13, "name": "Vegetable Oils", "fill": "#f7b6d2"}, {"layer": 10, "name": "Processing", "fill": "#9edae5"}, {"layer": 16, "name": "Biofuels & Other", "fill": "#e7ba52"}, {"name": "Waste", "fill": "#c7c7c7"}, {"layer": 2, "name": "Import", "fill": "#aec7e8"}, {"layer": 16, "name": "Export", "fill": "#aec7e8"}, {"layer": 0, "name": "Stock Draw", "fill": "#c7c7c7"}, {"layer": 16, "name": "Stock Deposit", "fill": "#c7c7c7"}, {"name": "Crop Residue", "fill": "#bd9e39"}, {"layer": 2, "name": "Electricity", "fill": "#bcbd22"}, {"layer": 0, "name": "Fossil Fuels", "fill": "#c49c94"}, {"layer": 0, "name": "Renewables & Nuclear", "fill": "#2ca02c"}, {"layer": 2, "name": "Fertilizers", "fill": "#c5b0d5"}, {"layer": 0, "name": "Labor", "fill": "#7f7f7f"}], "links": [{"source": 0, "prod": 192.0, "target": 1, "value": 0.70945900529990791, "supply": [{"l": "Maize", "v": 0.70945900529990791}]}, {"source": 2, "prod": 248.0, "target": 3, "value": 0.11917075857326392, "supply": [{"l": "Beer", "v": 0.023059349750148148}, {"l": "Fats, Animals, Raw", "v": 0.010612541646375}, {"l": "Butter, Ghee", "v": 0.0084900333171}, {"l": "Beverages, Fermented", "v": 0.077008833859640774}]}, {"source": 4, "prod": 177.0, "target": 3, "value": 0.20666951310694381, "supply": [{"l": "Meat, Other", "v": 0.046309272638727278}, {"l": "Eggs", "v": 0.012046668895885135}, {"l": "Mutton & Goat Meat", "v": 0.015918812469562501}, {"l": "Pigmeat", "v": 0.023772093287880006}, {"l": "Milk - Excluding Butter", "v": 0.042400107426790686}, {"l": "Bovine Meat", "v": 0.050568126729340641}, {"l": "Poultry Meat", "v": 0.0075133038204424794}, {"l": "Offals, Edible", "v": 0.0081411278383150681}]}, {"source": 0, "prod": 529.0, "target": 3, "value": 1.8512295141262074, "supply": [{"l": "Maize", "v": 0.65403252051085259}, {"l": "Barley", "v": 0.0029762109414188192}, {"l": "Rice", "v": 0.2515348268671202}, {"l": "Wheat", "v": 0.26627831767268184}, {"l": "Sorghum", "v": 0.43035686124610345}, {"l": "Millet", "v": 0.24605077688803026}]}, {"source": 5, "prod": 201.0, "target": 3, "value": 0.47847850616378784, "supply": [{"l": "Coconuts - Incl Copra", "v": 0.29298414187199689}, {"l": "Groundnuts", "v": 0.15848062191920001}, {"l": "Oilcrops, Other", "v": 0.027013742372590913}]}, {"source": 6, "prod": 3951.0, "target": 3, "value": 4.0857917822205136, "supply": [{"l": "Roots, Other", "v": 0.75583944772567269}, {"l": "Plantains", "v": 0.79055306671072767}, {"l": "Nuts", "v": 0.020408733935336539}, {"l": "Yams", "v": 0.66355495156694677}, {"l": "Tomatoes", "v": 0.023072381838655419}, {"l": "Treenuts", "v": 0.019295530266136365}, {"l": "Vegetables, Other", "v": 0.11191407554359092}, {"l": "Potatoes", "v": 0.00078509393101022058}, {"l": "Pimento", "v": 0.062413217898681081}, {"l": "Pulses, Other", "v": 0.049053525832133342}, {"l": "Lemons, Limes", "v": 0.0038826371876981708}, {"l": "Pineapples", "v": 0.0078197675289078949}, {"l": "Bananas", "v": 0.011577318159681819}, {"l": "Fruits, Other", "v": 0.011485190959472149}, {"l": "Oranges, Mandarines", "v": 0.026983457908047646}, {"l": "Onions", "v": 0.0075888565962905045}, {"l": "Cassava", "v": 1.5195645286315249}]}, {"source": 7, "prod": 30.0, "target": 3, "value": 0.011577318159681819, "supply": [{"l": "Sugar cane", "v": 0.011577318159681819}]}, {"source": 8, "prod": 90.0, "target": 3, "value": 0.37282691578613175, "supply": [{"l": "Sugar", "v": 0.37282691578613175}]}, {"source": 9, "prod": 712.0, "target": 3, "value": 0.64045605686354334, "supply": [{"l": "Crustaceans", "v": 0.00089904665133873449}, {"l": "Marine Fish, Other", "v": 0.042722719822004013}, {"l": "Freshwater Fish", "v": 0.030646949534897563}, {"l": "Pelagic Fish", "v": 0.20779067945436341}, {"l": "Fish, Seafood", "v": 0.32006060787658946}, {"l": "Demersal Fish", "v": 0.038336053524350225}]}, {"source": 10, "prod": 53.0, "target": 3, "value": 0.53298668803305738, "supply": [{"l": "Groundnut Oil", "v": 0.13320569514760344}, {"l": "Soyabean Oil", "v": 0.010612541646375}, {"l": "Palm Oil", "v": 0.22758996875251258}, {"l": "Coconut Oil", "v": 0.060824119286686559}, {"l": "Oilcrops Oil, Other", "v": 0.048692838142191185}, {"l": "Palmkernel Oil", "v": 0.052061525057688678}]}, {"source": 7, "prod": 200.0, "target": 11, "value": 0.077182121064545459, "supply": [{"l": "Sugar cane", "v": 0.077182121064545459}]}, {"source": 0, "prod": 50.0, "target": 11, "value": 0.16639806525790035, "supply": [{"l": "Barley", "v": 0.029762109414188193}, {"l": "Millet", "v": 0.027338975209781135}, {"l": "Sorghum", "v": 0.10929698063393102}]}, {"source": 5, "prod": 251.47899159663865, "target": 11, "value": 1.1208416864254127, "supply": [{"l": "Groundnuts", "v": 0.19149741815236665}, {"l": "Coconuts - Incl Copra", "v": 0.10838719699310868}, {"l": "Palm kernels", "v": 0.21130749589226666}, {"l": "Oilcrops, Other", "v": 0.19584963220128412}, {"l": "Oil Palm", "v": 0.41379994318638652}]}, {"source": 6, "prod": 5.0, "target": 12, "value": 0.0063473873376421255, "supply": [{"l": "Cassava", "v": 0.0063473873376421255}]}, {"source": 2, "prod": 21.0, "target": 12, "value": 0.22286337457387501, "supply": [{"l": "Fats, Animals, Raw", "v": 0.22286337457387501}]}, {"source": 10, "prod": 9.0, "target": 12, "value": 0.084523417152482794, "supply": [{"l": "Palmkernel Oil", "v": 0.052061525057688678}, {"l": "Oilcrops Oil, Other", "v": 0.032461892094794116}]}, {"source": 5, "prod": 1.0, "target": 12, "value": 0.0066033592466333332, "supply": [{"l": "Cottonseed", "v": 0.0066033592466333332}]}, {"source": 6, "prod": 2.0, "target": 6, "value": 0.0081755876386888898, "supply": [{"l": "Pulses, Other", "v": 0.0081755876386888898}]}, {"source": 7, "prod": 8.0, "target": 7, "value": 0.0030872848425818182, "supply": [{"l": "Sugar cane", "v": 0.0030872848425818182}]}, {"source": 4, "prod": 2.0, "target": 4, "value": 0.0034419053988243241, "supply": [{"l": "Eggs", "v": 0.0034419053988243241}]}, {"source": 0, "prod": 18.0, "target": 0, "value": 0.065629260404132042, "supply": [{"l": "Maize", "v": 0.044341187831244244}, {"l": "Millet", "v": 0.0068347438024452837}, {"l": "Rice", "v": 0.0076222674808218236}, {"l": "Sorghum", "v": 0.0068310612896206888}]}, {"source": 5, "prod": 4.0, "target": 5, "value": 0.026413436986533333, "supply": [{"l": "Groundnuts", "v": 0.026413436986533333}]}, {"source": 6, "prod": 900.0, "target": 13, "value": 0.99881017021005447, "supply": [{"l": "Vegetables, Other", "v": 0.012544940621405471}, {"l": "Plantains", "v": 0.087839229634525312}, {"l": "Pimento", "v": 0.0036713657587459456}, {"l": "Fruits, Other", "v": 0.0013511989364084881}, {"l": "Yams", "v": 0.12201973715329144}, {"l": "Pulses, Other", "v": 0.0040877938193444449}, {"l": "Tomatoes", "v": 0.0024881980414236237}, {"l": "Pineapples", "v": 0.00074473976465789485}, {"l": "Bananas", "v": 0.0016539025942402599}, {"l": "Roots, Other", "v": 0.18895986193141817}, {"l": "Oranges, Mandarines", "v": 0.002998161989783072}, {"l": "Onions", "v": 0.00094860707453631307}, {"l": "Lemons, Limes", "v": 0.00077652743753963414}, {"l": "Cassava", "v": 0.56872590545273449}]}, {"source": 7, "prod": 13.0, "target": 13, "value": 0.005016837869195454, "supply": [{"l": "Sugar cane", "v": 0.005016837869195454}]}, {"source": 4, "prod": 1.0, "target": 13, "value": 0.00055065074580247638, "supply": [{"l": "Milk - Excluding Butter", "v": 0.00055065074580247638}]}, {"source": 0, "prod": 126.0, "target": 13, "value": 0.45224767575225211, "supply": [{"l": "Maize", "v": 0.25126673104371738}, {"l": "Rice", "v": 0.034300203663698209}, {"l": "Sorghum", "v": 0.10588144998912068}, {"l": "Wheat", "v": 0.0061213406361536058}, {"l": "Millet", "v": 0.05467795041956227}]}, {"source": 5, "prod": 66.0, "target": 13, "value": 0.14644311464748416, "supply": [{"l": "Coconuts - Incl Copra", "v": 0.099919447228022054}, {"l": "Groundnuts", "v": 0.033016796233166661}, {"l": "Oilcrops, Other", "v": 0.013506871186295457}]}, {"source": 14, "prod": 74.0, "target": 11, "value": 0.46563948973578562, "supply": [{"l": "Fats, Animals, Raw", "v": 0.22286337457387501}, {"l": "Soyabean Oil", "v": 0.010612541646375}, {"l": "Sugar", "v": 0.20298354303911623}, {"l": "Palm Oil", "v": 0.020689997159319327}, {"l": "Butter, Ghee", "v": 0.0084900333171}]}, {"source": 14, "prod": 128.0, "target": 0, "value": 0.41101480059695594, "supply": [{"l": "Wheat", "v": 0.27239965830883545}, {"l": "Barley", "v": 0.035714531297025835}, {"l": "Rice", "v": 0.10290061099109464}]}, {"source": 14, "prod": 222.0, "target": 1, "value": 0.17836670391903231, "supply": [{"l": "Pigmeat", "v": 0.0033960133268400006}, {"l": "Pelagic Fish", "v": 0.025501583387580969}, {"l": "Bovine Meat", "v": 0.0043972284112470126}, {"l": "Freshwater Fish", "v": 0.00082829593337560971}, {"l": "Milk - Excluding Butter", "v": 0.033039044748148588}, {"l": "Demersal Fish", "v": 0.00093502569571585908}, {"l": "Fish, Seafood", "v": 0.071024685455760017}, {"l": "Marine Fish, Other", "v": 0.037476070019301769}, {"l": "Mutton & Goat Meat", "v": 0.0017687569410625001}]}, {"source": 14, "prod": 3.0, "target": 6, "value": 0.001237493574905425, "supply": [{"l": "Potatoes", "v": 0.00078509393101022058}, {"l": "Tomatoes", "v": 0.00045239964389520433}]}, {"source": 6, "prod": 484.0, "target": 15, "value": 0.97122811328731873, "supply": [{"l": "Coffee", "v": 0.0025182302211737288}, {"l": "Cocoa Beans", "v": 0.96289402254914636}, {"l": "Lemons, Limes", "v": 0.0023295823126189023}, {"l": "Yams", "v": 0.0034862782043797551}]}, {"source": 9, "prod": 8.0, "target": 15, "value": 0.0073741989590706365, "supply": [{"l": "Pelagic Fish", "v": 0.0037780123537156985}, {"l": "Fish, Seafood", "v": 0.003596186605354938}]}, {"source": 10, "prod": 19.0, "target": 15, "value": 0.15419398745027205, "supply": [{"l": "Oilcrops Oil, Other", "v": 0.15419398745027205}]}, {"source": 5, "prod": 7.0, "target": 15, "value": 0.047274049152034099, "supply": [{"l": "Oilcrops, Other", "v": 0.047274049152034099}]}, {"source": 16, "prod": 30.0, "target": 11, "value": 0.13648377989121419, "supply": [{"l": "Groundnut Oil", "v": 0.020493183868862071}, {"l": "Sugar", "v": 0.11599059602235212}]}, {"source": 16, "prod": 50.0, "target": 6, "value": 0.10353699167195123, "supply": [{"l": "Cocoa Beans", "v": 0.10353699167195123}]}, {"source": 0, "prod": 2.0, "target": 17, "value": 0.0059524218828376383, "supply": [{"l": "Barley", "v": 0.0059524218828376383}]}, {"source": 16, "prod": 90.0, "target": 0, "value": 0.32172427935268649, "supply": [{"l": "Maize", "v": 0.17366965233903997}, {"l": "Rice", "v": 0.011433401221232735}, {"l": "Sorghum", "v": 0.13662122579241379}]}, {"source": 10, "prod": 1.0, "target": 17, "value": 0.008115473023698529, "supply": [{"l": "Oilcrops Oil, Other", "v": 0.008115473023698529}]}, {"source": 1, "prod": 720.0, "target": 9, "value": 0.647830255822614, "supply": [{"l": "Pelagic Fish", "v": 0.21156869180807911}, {"l": "Crustaceans", "v": 0.00089904665133873449}, {"l": "Freshwater Fish", "v": 0.030646949534897563}, {"l": "Demersal Fish", "v": 0.038336053524350225}, {"l": "Fish, Seafood", "v": 0.3236567944819444}, {"l": "Marine Fish, Other", "v": 0.042722719822004013}]}, {"source": 1, "prod": 178.0, "target": 4, "value": 0.2072201638527463, "supply": [{"l": "Poultry Meat", "v": 0.0075133038204424794}, {"l": "Pigmeat", "v": 0.023772093287880006}, {"l": "Bovine Meat", "v": 0.050568126729340641}, {"l": "Eggs", "v": 0.01548857429470946}, {"l": "Milk - Excluding Butter", "v": 0.042950758172593161}, {"l": "Offals, Edible", "v": 0.0081411278383150681}, {"l": "Meat, Other", "v": 0.046309272638727278}, {"l": "Mutton & Goat Meat", "v": 0.015918812469562501}]}, {"source": 11, "prod": 269.0, "target": 2, "value": 0.34203413314713893, "supply": [{"l": "Fats, Animals, Raw", "v": 0.23347591622025002}, {"l": "Beer", "v": 0.023059349750148148}, {"l": "Butter, Ghee", "v": 0.0084900333171}, {"l": "Beverages, Fermented", "v": 0.077008833859640774}]}, {"source": 11, "prod": 82.0, "target": 10, "value": 0.77981956565951072, "supply": [{"l": "Soyabean Oil", "v": 0.010612541646375}, {"l": "Coconut Oil", "v": 0.060824119286686559}, {"l": "Groundnut Oil", "v": 0.13320569514760344}, {"l": "Palm Oil", "v": 0.22758996875251258}, {"l": "Palmkernel Oil", "v": 0.10412305011537736}, {"l": "Oilcrops Oil, Other", "v": 0.24346419071095587}]}, {"source": 11, "prod": 90.0, "target": 8, "value": 0.37282691578613175, "supply": [{"l": "Sugar", "v": 0.37282691578613175}]}, {"source": 6, "prod": 5315.5, "target": 18, "value": 22.96978688542459, "supply": [{"l": "Roots, Other", "v": 1.64744999685}, {"l": "Yams", "v": 1.1837233310700002}, {"l": "Tomatoes", "v": 0.39050666592000005}, {"l": "Vegetables, Other", "v": 1.3127299974900002}, {"l": "Potatoes", "v": 0.00058888605708146884}, {"l": "Pulses, Other", "v": 0.052299999900000005}, {"l": "Onions", "v": 0.06275999988}, {"l": "Cassava", "v": 2.8764999945000005}]}, {"source": 7, "prod": 100.2, "target": 18, "value": 0.34936399933199996, "supply": [{"l": "Sugar cane", "v": 0.34936399933199996}]}, {"source": 0, "prod": 1617.0, "target": 18, "value": 5.890008791318853, "supply": [{"l": "Maize", "v": 2.9671533276600002}, {"l": "Barley", "v": 0.039475282442971625}, {"l": "Rice", "v": 0.43234666584000003}, {"l": "Wheat", "v": 0.31031333274}, {"l": "Sorghum", "v": 1.1959266643799999}, {"l": "Millet", "v": 0.68687333202000012}]}, {"source": 5, "prod": 432.0, "target": 18, "value": 0.74212419856738987, "supply": [{"l": "Coconuts - Incl Copra", "v": 1.03205333136}, {"l": "Groundnuts", "v": 0.21617333291999999}, {"l": "Oilcrops, Other", "v": 0.14295333306000002}, {"l": "Cottonseed", "v": 0.0034866666600000002}, {"l": "Palm kernels", "v": 0.11157333312000001}]}, {"source": 19, "prod": 0, "target": 6, "value": 0.0003658106449790605, "supply": "[{\"l\":'Energy for power irrigation',\"v\":0.0003658106449790605}]"}, {"source": 19, "prod": 0, "target": 7, "value": 1.7239312683144512e-05, "supply": "[{\"l\":'Energy for power irrigation',\"v\":1.7239312683144512e-05}]"}, {"source": 19, "prod": 0, "target": 0, "value": 5.5640655905478398e-05, "supply": "[{\"l\":'Energy for power irrigation',\"v\":5.5640655905478398e-05}]"}, {"source": 19, "prod": 0, "target": 5, "value": 3.6438538504153689e-05, "supply": "[{\"l\":'Energy for power irrigation',\"v\":3.6438538504153689e-05}]"}, {"source": 19, "prod": 0, "target": 11, "value": 0.000356158748608246, "supply": "[{\"l\":'Electricity',\"v\":0.000356158748608246}]"}, {"source": 20, "prod": 0, "target": 19, "value": 2.3459514623397218e-05, "supply": [{"l": "Coal", "v": 0.0}, {"l": "Natural gas", "v": 0.0}, {"l": "Oil", "v": 2.3459514623397218e-05}]}, {"source": 21, "prod": 0, "target": 19, "value": 0.00082237328512319214, "supply": [{"l": "Nuclear", "v": 0.0}, {"l": "Hydroelectric", "v": 0.00082237328512319214}, {"l": "Renewable", "v": 0.0}]}, {"source": 20, "prod": 0, "target": 6, "value": 0.65514347137833762, "supply": [{"l": "Motor Gasoline", "v": 0.28422818502561831}, {"l": "Gas-Diesel oil", "v": 0.37091528635271931}]}, {"source": 20, "prod": 0, "target": 7, "value": 0.030874506552586504, "supply": [{"l": "Motor Gasoline", "v": 0.013394630862368051}, {"l": "Gas-Diesel oil", "v": 0.017479875690218451}]}, {"source": 20, "prod": 0, "target": 0, "value": 0.099648856478108533, "supply": [{"l": "Motor Gasoline", "v": 0.043231772663571137}, {"l": "Gas-Diesel oil", "v": 0.056417083814537403}]}, {"source": 20, "prod": 0, "target": 5, "value": 0.065259092197633997, "supply": [{"l": "Motor Gasoline", "v": 0.028312078410442518}, {"l": "Gas-Diesel oil", "v": 0.036947013787191473}]}, {"source": 22, "prod": 3.4661723375936542, "target": 6, "value": 0.041408068646839449, "supply": [{"l": "Potash", "v": 0.0026920833354870002}, {"l": "Phosphate", "v": 0.0036444166695821997}, {"l": "Nitrogen", "v": 0.047445916704623392}]}, {"source": 22, "prod": 0.16334797677870574, "target": 7, "value": 0.0019514102522873262, "supply": [{"l": "Potash", "v": 0.0026920833354870002}, {"l": "Phosphate", "v": 0.0036444166695821997}, {"l": "Nitrogen", "v": 0.047445916704623392}]}, {"source": 22, "prod": 0.52721293104025391, "target": 0, "value": 0.0062982642274423285, "supply": [{"l": "Potash", "v": 0.0026920833354870002}, {"l": "Phosphate", "v": 0.0036444166695821997}, {"l": "Nitrogen", "v": 0.047445916704623392}]}, {"source": 22, "prod": 0.34526675458738632, "target": 5, "value": 0.0041246735831234954, "supply": [{"l": "Potash", "v": 0.0026920833354870002}, {"l": "Phosphate", "v": 0.0036444166695821997}, {"l": "Nitrogen", "v": 0.047445916704623392}]}, {"source": 20, "prod": 0, "target": 22, "value": 0.066010877978258747, "supply": [{"l": "Natural gas (including LNG)", "v": 0.044098590169746196}, {"l": "Fuel oil", "v": 0.013525216820870697}, {"l": "Liquefied petroleum gas (LPG)", "v": 0.0041935354938209294}, {"l": "Coal", "v": 0.0041935354938209294}]}, {"source": 23, "prod": 0, "target": 0, "value": 0.14960216442331964, "supply": "[{\"l\":'Labor',\"v\":0.14960216442331964}]"}, {"source": 23, "prod": 0, "target": 5, "value": 0.097973040395218078, "supply": "[{\"l\":'Labor',\"v\":0.097973040395218078}]"}, {"source": 23, "prod": 0, "target": 6, "value": 0.98356252936568411, "supply": "[{\"l\":'Labor',\"v\":0.98356252936568411}]"}, {"source": 23, "prod": 0, "target": 7, "value": 0.046351691017985863, "supply": "[{\"l\":'Labor',\"v\":0.046351691017985863}]"}, {"source": 20, "prod": 0, "target": 14, "value": 0.18786242889279076, "supply": "[{\"l\":'Fossil Fuels',\"v\":0.18786242889279076}]"}, {"source": 21, "prod": 0, "target": 14, "value": 0.66699747137379672, "supply": "[{\"l\":'Renewables & Nuclear',\"v\":0.077030894208113945},{\"l\":'Biomass & Waste',\"v\":0.58996657716568279}]"}]}