{"nodes": [{"name": "Balance", "fill": "#9edae5"}, {"name": "Food", "fill": "#b5cf6b"}, {"name": "Stock Deposit", "fill": "#c7c7c7"}, {"name": "Export", "fill": "#aec7e8"}, {"name": "Biofuels & Other", "fill": "#e7ba52"}, {"name": "Crop Residue", "fill": "#bd9e39"}, {"name": "Renewables & Nuclear", "fill": "#2ca02c"}, {"name": "Fossil Fuels", "fill": "#c49c94"}, {"name": "Stock Draw", "fill": "#c7c7c7"}, {"name": "Labor", "fill": "#7f7f7f"}], "links": [{"source": 0, "target": 1, "value": 7.3517115017544885}, {"source": 0, "target": 2, "value": 0.11397812824498191}, {"source": 0, "target": 3, "value": 1.1964636040926548}, {"source": 0, "target": 4, "value": 0.29938578412704081}, {"source": 0, "target": 5, "value": 27.511072833351776}, {"source": 6, "target": 0, "value": 0.80503233595876655}, {"source": 7, "target": 0, "value": 1.0936415345759809}, {"source": 8, "target": 0, "value": 0.19669752016914607}, {"source": 9, "target": 0, "value": 1.1507628305320305}]}