{"nodes": [{"layer": 5, "name": "Cereals", "fill": "#e7ba52"}, {"layer": 10, "name": "Feed", "fill": "#dbdb8d"}, {"layer": 13, "name": "Other Processed", "fill": "#9c9ede"}, {"layer": 16, "name": "Food", "fill": "#b5cf6b"}, {"layer": 13, "name": "Animal Products", "fill": "#17becf"}, {"layer": 5, "name": "Oilcrops", "fill": "#ff9896"}, {"layer": 5, "name": "Sugar Crops", "fill": "#ffbb78"}, {"layer": 13, "name": "Sugar", "fill": "#d6616b"}, {"layer": 5, "name": "Starchy Roots"}, {"layer": 5, "name": "Fruits & Vegetables"}, {"layer": 5, "name": "Others"}, {"layer": 13, "name": "Aquatic Products", "fill": "#1f77b4"}, {"layer": 13, "name": "Vegetable Oils", "fill": "#f7b6d2"}, {"layer": 10, "name": "Processing", "fill": "#9edae5"}, {"layer": 16, "name": "Biofuels & Other", "fill": "#e7ba52"}, {"name": "Waste", "fill": "#c7c7c7"}, {"layer": 2, "name": "Import", "fill": "#aec7e8"}, {"layer": 16, "name": "Export", "fill": "#aec7e8"}, {"layer": 0, "name": "Stock Draw", "fill": "#c7c7c7"}, {"layer": 16, "name": "Stock Deposit", "fill": "#c7c7c7"}, {"name": "Crop Residue", "fill": "#bd9e39"}, {"layer": 2, "name": "Electricity", "fill": "#bcbd22"}, {"layer": 0, "name": "Fossil Fuels", "fill": "#c49c94"}, {"layer": 0, "name": "Renewables & Nuclear", "fill": "#2ca02c"}, {"layer": 2, "name": "Fertilizers", "fill": "#c5b0d5"}, {"layer": 0, "name": "Labor", "fill": "#7f7f7f"}], "links": [{"source": 0, "prod": 190.0, "target": 1, "value": 0.70347037718112704, "supply": [{"l": "Maize", "v": 0.70347037718112704}]}, {"source": 2, "prod": 206.0, "target": 3, "value": 0.10443034091340261, "supply": [{"l": "Beer", "v": 0.02318273660615898}, {"l": "Beverages, Alcoholic", "v": 0.0035375138821250002}, {"l": "Fats, Animals, Raw", "v": 0.018192928536642859}, {"l": "Beverages, Fermented", "v": 0.059517161888475778}]}, {"source": 4, "prod": 166.0, "target": 3, "value": 0.23855437772259686, "supply": [{"l": "Meat, Other", "v": 0.091676416100140837}, {"l": "Eggs", "v": 0.013484170562452942}, {"l": "Mutton & Goat Meat", "v": 0.018258136165806453}, {"l": "Pigmeat", "v": 0.037318827767472522}, {"l": "Milk - Excluding Butter", "v": 0.022928330717476856}, {"l": "Bovine Meat", "v": 0.035747508703578956}, {"l": "Poultry Meat", "v": 0.0095296292334795911}, {"l": "Offals, Edible", "v": 0.0096113584721886809}]}, {"source": 0, "prod": 495.0, "target": 3, "value": 1.7075317640851111, "supply": [{"l": "Maize", "v": 0.46280945867179407}, {"l": "Barley", "v": 0.0035375138821250002}, {"l": "Rice", "v": 0.29514099107913089}, {"l": "Wheat", "v": 0.39442390963110296}, {"l": "Sorghum", "v": 0.32105988061217239}, {"l": "Millet", "v": 0.23056001020878594}]}, {"source": 5, "prod": 139.0, "target": 3, "value": 0.45423244483926178, "supply": [{"l": "Coconuts - Incl Copra", "v": 0.16127141809040993}, {"l": "Groundnuts", "v": 0.2681121487475836}, {"l": "Oilcrops, Other", "v": 0.024848878001268292}]}, {"source": 6, "prod": 88.0, "target": 3, "value": 0.027671219700177781, "supply": [{"l": "Sugar cane", "v": 0.027671219700177781}]}, {"source": 7, "prod": 20.0, "target": 3, "value": 0.082161612746129042, "supply": [{"l": "Sugar", "v": 0.082161612746129042}]}, {"source": 8, "prod": 2413.0, "target": 3, "value": 2.8662546637971031, "supply": [{"l": "Roots, Other", "v": 0.51358533824731278}, {"l": "Yams", "v": 0.63733606352346339}, {"l": "Cassava", "v": 1.7153332620263269}]}, {"source": 9, "prod": 1188.0, "target": 3, "value": 0.91767608741955853, "supply": [{"l": "Plantains", "v": 0.68359621596456988}, {"l": "Tomatoes", "v": 0.018286225606061541}, {"l": "Treenuts", "v": 0.018456594167608701}, {"l": "Vegetables, Other", "v": 0.06427562661032446}, {"l": "Fruits, Other", "v": 0.013612286197250596}, {"l": "Pulses, Other", "v": 0.051443845946834744}, {"l": "Lemons, Limes", "v": 0.0045482321341607148}, {"l": "Pineapples", "v": 0.0025093694533300497}, {"l": "Bananas", "v": 0.001432367584173313}, {"l": "Oranges, Mandarines", "v": 0.050510742964380934}, {"l": "Onions", "v": 0.0090045807908636366}]}, {"source": 10, "prod": 24.0, "target": 3, "value": 0.086508294026511376, "supply": [{"l": "Nuts", "v": 0.019295530266136365}, {"l": "Pimento", "v": 0.067212763760375008}]}, {"source": 11, "prod": 480.0, "target": 3, "value": 0.42448395573648029, "supply": [{"l": "Crustaceans", "v": 0.00087880632895274535}, {"l": "Marine Fish, Other", "v": 0.0047166851761666672}, {"l": "Freshwater Fish", "v": 0.037002566515205816}, {"l": "Pelagic Fish", "v": 0.13764945152529939}, {"l": "Fish, Seafood", "v": 0.21091351894865892}, {"l": "Cephalopods", "v": 0.0011791712940416668}, {"l": "Demersal Fish", "v": 0.032143755948155051}]}, {"source": 12, "prod": 61.0, "target": 3, "value": 0.61167651915465859, "supply": [{"l": "Groundnut Oil", "v": 0.19375299497404191}, {"l": "Soyabean Oil", "v": 0.011577318159681819}, {"l": "Palm Oil", "v": 0.22449607328870194}, {"l": "Coconut Oil", "v": 0.053062708231874998}, {"l": "Oilcrops Oil, Other", "v": 0.07825151189857231}, {"l": "Palmkernel Oil", "v": 0.050535912601785721}]}, {"source": 6, "prod": 70.0, "target": 13, "value": 0.022011197488777778, "supply": [{"l": "Sugar cane", "v": 0.022011197488777778}]}, {"source": 0, "prod": 42.0, "target": 13, "value": 0.14447258138008487, "supply": [{"l": "Barley", "v": 0.035375138821250006}, {"l": "Millet", "v": 0.02712470708338658}, {"l": "Sorghum", "v": 0.081972735475448283}]}, {"source": 5, "prod": 261.96153846153845, "target": 13, "value": 1.2376095684802833, "supply": [{"l": "Groundnuts", "v": 0.31388739365570761}, {"l": "Coconuts - Incl Copra", "v": 0.078920055661264421}, {"l": "Palm kernels", "v": 0.1863665850095122}, {"l": "Oilcrops, Other", "v": 0.22985212151173168}, {"l": "Oil Palm", "v": 0.42858341264206734}]}, {"source": 8, "prod": 6.0, "target": 14, "value": 0.0076237033867836744, "supply": [{"l": "Cassava", "v": 0.0076237033867836744}]}, {"source": 2, "prod": 7.0, "target": 14, "value": 0.063675249878250004, "supply": [{"l": "Fats, Animals, Raw", "v": 0.063675249878250004}]}, {"source": 12, "prod": 12.0, "target": 14, "value": 0.11441770870299577, "supply": [{"l": "Palm Oil", "v": 0.020408733935336539}, {"l": "Palmkernel Oil", "v": 0.050535912601785721}, {"l": "Oilcrops Oil, Other", "v": 0.043473062165873502}]}, {"source": 5, "prod": 4.0, "target": 14, "value": 0.024848878001268292, "supply": [{"l": "Cottonseed", "v": 0.024848878001268292}]}, {"source": 10, "prod": 1.0, "target": 14, "value": 0.0024257238048857148, "supply": [{"l": "Cocoa Beans", "v": 0.0024257238048857148}]}, {"source": 6, "prod": 5.0, "target": 6, "value": 0.0015722283920555555, "supply": [{"l": "Sugar cane", "v": 0.0015722283920555555}]}, {"source": 9, "prod": 3.0, "target": 9, "value": 0.011871656756961864, "supply": [{"l": "Pulses, Other", "v": 0.011871656756961864}]}, {"source": 4, "prod": 2.0, "target": 4, "value": 0.0029964823472117645, "supply": [{"l": "Eggs", "v": 0.0029964823472117645}]}, {"source": 0, "prod": 19.0, "target": 0, "value": 0.069474905863540645, "supply": [{"l": "Maize", "v": 0.040727232363117878}, {"l": "Millet", "v": 0.0067811767708466451}, {"l": "Rice", "v": 0.015135435439955431}, {"l": "Sorghum", "v": 0.0068310612896206888}]}, {"source": 5, "prod": 7.0, "target": 5, "value": 0.045775244908124027, "supply": [{"l": "Groundnuts", "v": 0.045775244908124027}]}, {"source": 4, "prod": 2.0, "target": 15, "value": 0.0021533363369623639, "supply": [{"l": "Milk - Excluding Butter", "v": 0.00065509516335648151}, {"l": "Eggs", "v": 0.0014982411736058823}]}, {"source": 0, "prod": 117.0, "target": 15, "value": 0.42079066245177199, "supply": [{"l": "Maize", "v": 0.24436339417870725}, {"l": "Rice", "v": 0.037838588599888576}, {"l": "Sorghum", "v": 0.078557204830637925}, {"l": "Wheat", "v": 0.0091726490611884412}, {"l": "Millet", "v": 0.050858825781349835}]}, {"source": 5, "prod": 40.0, "target": 15, "value": 0.092090269542034447, "supply": [{"l": "Coconuts - Incl Copra", "v": 0.060047868437918588}, {"l": "Groundnuts", "v": 0.019617962103481726}, {"l": "Oilcrops, Other", "v": 0.012424439000634146}]}, {"source": 6, "prod": 9.0, "target": 15, "value": 0.0028300111056999999, "supply": [{"l": "Sugar cane", "v": 0.0028300111056999999}]}, {"source": 8, "prod": 732.0, "target": 15, "value": 0.88387746563428915, "supply": [{"l": "Yams", "v": 0.11587928427699336}, {"l": "Roots, Other", "v": 0.13014833132972836}, {"l": "Cassava", "v": 0.63784985002756744}]}, {"source": 9, "prod": 130.0, "target": 15, "value": 0.097411805272816565, "supply": [{"l": "Vegetables, Other", "v": 0.0072516091560366047}, {"l": "Plantains", "v": 0.075495497375814832}, {"l": "Fruits, Other", "v": 0.0015124762441389549}, {"l": "Pulses, Other", "v": 0.0039572189189872884}, {"l": "Tomatoes", "v": 0.001899867595434965}, {"l": "Pineapples", "v": 0.00041822824222167488}, {"l": "Oranges, Mandarines", "v": 0.0054507996004727619}, {"l": "Onions", "v": 0.00085757912293939393}, {"l": "Lemons, Limes", "v": 0.00056852901677008935}]}, {"source": 10, "prod": 1.0, "target": 15, "value": 0.0035375138821250002, "supply": [{"l": "Pimento", "v": 0.0035375138821250002}]}, {"source": 16, "prod": 29.0, "target": 13, "value": 0.18382708545313958, "supply": [{"l": "Soyabean Oil", "v": 0.011577318159681819}, {"l": "Fats, Animals, Raw", "v": 0.063675249878250004}, {"l": "Sugar", "v": 0.065729290196903239}, {"l": "Beverages, Alcoholic", "v": 0.0035375138821250002}, {"l": "Palm Oil", "v": 0.030613100903004811}, {"l": "Oilcrops Oil, Other", "v": 0.0086946124331747001}]}, {"source": 16, "prod": 258.0, "target": 0, "value": 0.8731730632901894, "supply": [{"l": "Maize", "v": 0.14809902677497411}, {"l": "Wheat", "v": 0.40359655869229144}, {"l": "Barley", "v": 0.024762597174875004}, {"l": "Rice", "v": 0.27622169677918662}, {"l": "Sorghum", "v": 0.020493183868862071}]}, {"source": 16, "prod": 97.0, "target": 1, "value": 0.090458560288227463, "supply": [{"l": "Pigmeat", "v": 0.0037318827767472531}, {"l": "Pelagic Fish", "v": 0.036640501485151633}, {"l": "Milk - Excluding Butter", "v": 0.013101903267129631}, {"l": "Fish, Seafood", "v": 0.032515834171251583}, {"l": "Bovine Meat", "v": 0.0044684385879473695}]}, {"source": 16, "prod": 4.0, "target": 9, "value": 0.0013325460217981351, "supply": [{"l": "Onions", "v": 0.00085757912293939393}, {"l": "Tomatoes", "v": 0.00047496689885874124}]}, {"source": 11, "prod": 60.0, "target": 17, "value": 0.056072704586272878, "supply": [{"l": "Pelagic Fish", "v": 0.029708514717690516}, {"l": "Fish, Seafood", "v": 0.026364189868582365}]}, {"source": 12, "prod": 11.0, "target": 17, "value": 0.095640736764921699, "supply": [{"l": "Oilcrops Oil, Other", "v": 0.095640736764921699}]}, {"source": 9, "prod": 4.0, "target": 17, "value": 0.00087102426559788036, "supply": [{"l": "Lemons, Limes", "v": 0.00056852901677008935}, {"l": "Fruits, Other", "v": 0.00030249524882779101}]}, {"source": 10, "prod": 223.0, "target": 17, "value": 0.54093640848951441, "supply": [{"l": "Cocoa Beans", "v": 0.54093640848951441}]}, {"source": 18, "prod": 1.0, "target": 13, "value": 0.0086946124331747001, "supply": [{"l": "Oilcrops Oil, Other", "v": 0.0086946124331747001}]}, {"source": 0, "prod": 63.0, "target": 19, "value": 0.23594161246086293, "supply": [{"l": "Maize", "v": 0.11107427008123059}, {"l": "Rice", "v": 0.12486734237963232}]}, {"source": 18, "prod": 19.0, "target": 0, "value": 0.065133592606784946, "supply": [{"l": "Barley", "v": 0.014150055528500001}, {"l": "Sorghum", "v": 0.017077653224051723}, {"l": "Millet", "v": 0.033905883854233224}]}, {"source": 10, "prod": 54.0, "target": 19, "value": 0.12894238100345629, "supply": [{"l": "Coffee", "v": 0.00037901934451339288}, {"l": "Cocoa Beans", "v": 0.12856336165894289}]}, {"source": 1, "prod": 540.0, "target": 11, "value": 0.48055666032275318, "supply": [{"l": "Pelagic Fish", "v": 0.1673579662429899}, {"l": "Crustaceans", "v": 0.00087880632895274535}, {"l": "Freshwater Fish", "v": 0.037002566515205816}, {"l": "Marine Fish, Other", "v": 0.0047166851761666672}, {"l": "Fish, Seafood", "v": 0.23727770881724128}, {"l": "Demersal Fish", "v": 0.032143755948155051}, {"l": "Cephalopods", "v": 0.0011791712940416668}]}, {"source": 1, "prod": 168.0, "target": 4, "value": 0.24070771405955921, "supply": [{"l": "Poultry Meat", "v": 0.0095296292334795911}, {"l": "Pigmeat", "v": 0.037318827767472522}, {"l": "Bovine Meat", "v": 0.035747508703578956}, {"l": "Eggs", "v": 0.017978894083270587}, {"l": "Milk - Excluding Butter", "v": 0.023583425880833338}, {"l": "Offals, Edible", "v": 0.0096113584721886809}, {"l": "Meat, Other", "v": 0.091676416100140837}, {"l": "Mutton & Goat Meat", "v": 0.018258136165806453}]}, {"source": 13, "prod": 213.0, "target": 2, "value": 0.1681055907916526, "supply": [{"l": "Fats, Animals, Raw", "v": 0.081868178414892856}, {"l": "Beer", "v": 0.02318273660615898}, {"l": "Beverages, Alcoholic", "v": 0.0035375138821250002}, {"l": "Beverages, Fermented", "v": 0.059517161888475778}]}, {"source": 13, "prod": 84.0, "target": 12, "value": 0.821734964622576, "supply": [{"l": "Soyabean Oil", "v": 0.011577318159681819}, {"l": "Coconut Oil", "v": 0.053062708231874998}, {"l": "Groundnut Oil", "v": 0.19375299497404191}, {"l": "Palm Oil", "v": 0.24490480722403848}, {"l": "Palmkernel Oil", "v": 0.10107182520357144}, {"l": "Oilcrops Oil, Other", "v": 0.2173653108293675}]}, {"source": 13, "prod": 20.0, "target": 7, "value": 0.082161612746129042, "supply": [{"l": "Sugar", "v": 0.082161612746129042}]}, {"source": 8, "prod": 1575.5, "target": 20, "value": 5.653315025397057, "supply": [{"l": "Roots, Other", "v": 1.1209633311899998}, {"l": "Yams", "v": 1.1331666644999998}, {"l": "Cassava", "v": 3.2391133271400001}]}, {"source": 6, "prod": 68.600000000000009, "target": 20, "value": 0.23918533287600002, "supply": [{"l": "Sugar cane", "v": 0.23918533287600002}]}, {"source": 9, "prod": 1323.5, "target": 20, "value": 9.8416282381626949, "supply": [{"l": "Tomatoes", "v": 0.29462333277000002}, {"l": "Vegetables, Other", "v": 0.7548633318900001}, {"l": "Pulses, Other", "v": 0.05752999989000001}, {"l": "Onions", "v": 0.078449999849999993}]}, {"source": 0, "prod": 1574.0, "target": 20, "value": 5.6380704312742811, "supply": [{"l": "Maize", "v": 2.80327999464}, {"l": "Barley", "v": 0.038353333260000004}, {"l": "Rice", "v": 0.61713999882000004}, {"l": "Wheat", "v": 0.46023999911999997}, {"l": "Sorghum", "v": 0.95883333149999994}, {"l": "Millet", "v": 0.61016666549999987}]}, {"source": 5, "prod": 351.5, "target": 20, "value": 0.80343776041128834, "supply": [{"l": "Coconuts - Incl Copra", "v": 0.60842333216999989}, {"l": "Groundnuts", "v": 0.34692333267000003}, {"l": "Oilcrops, Other", "v": 0.15166999971}, {"l": "Cottonseed", "v": 0.013946666640000001}, {"l": "Palm kernels", "v": 0.10459999980000001}]}, {"source": 21, "prod": 0, "target": 0, "value": 0.00012714768459861443, "supply": "[{\"l\":'Energy for power irrigation',\"v\":0.00012714768459861443}]"}, {"source": 21, "prod": 0, "target": 5, "value": 7.3099665800904128e-05, "supply": "[{\"l\":'Energy for power irrigation',\"v\":7.3099665800904128e-05}]"}, {"source": 21, "prod": 0, "target": 6, "value": 2.7707532285466806e-05, "supply": "[{\"l\":'Energy for power irrigation',\"v\":2.7707532285466806e-05}]"}, {"source": 21, "prod": 0, "target": 8, "value": 0.0005090754182595096, "supply": "[{\"l\":'Energy for power irrigation',\"v\":0.0005090754182595096}]"}, {"source": 21, "prod": 0, "target": 9, "value": 0.00021382460046539544, "supply": "[{\"l\":'Energy for power irrigation',\"v\":0.00021382460046539544}]"}, {"source": 21, "prod": 0, "target": 10, "value": 4.9033446347750294e-05, "supply": "[{\"l\":'Energy for power irrigation',\"v\":4.9033446347750294e-05}]"}, {"source": 21, "prod": 0, "target": 13, "value": 0.00074952038015862435, "supply": "[{\"l\":'Electricity',\"v\":0.00074952038015862435}]"}, {"source": 22, "prod": 0, "target": 21, "value": 3.549971681922276e-05, "supply": [{"l": "Coal", "v": 0.0}, {"l": "Natural gas", "v": 0.0}, {"l": "Oil", "v": 3.549971681922276e-05}]}, {"source": 23, "prod": 0, "target": 21, "value": 0.0017359188355249606, "supply": [{"l": "Nuclear", "v": 0.0}, {"l": "Hydroelectric", "v": 0.0017359188355249606}, {"l": "Renewable", "v": 0.0}]}, {"source": 22, "prod": 0, "target": 0, "value": 0.1082053427021161, "supply": [{"l": "Motor Gasoline", "v": 0.046943928330069308}, {"l": "Gas-Diesel oil", "v": 0.061261414372046796}]}, {"source": 22, "prod": 0, "target": 5, "value": 0.062209346669323325, "supply": [{"l": "Motor Gasoline", "v": 0.026988973359150393}, {"l": "Gas-Diesel oil", "v": 0.035220373310172935}]}, {"source": 22, "prod": 0, "target": 6, "value": 0.023579690309292137, "supply": [{"l": "Motor Gasoline", "v": 0.010229839528090073}, {"l": "Gas-Diesel oil", "v": 0.013349850781202066}]}, {"source": 22, "prod": 0, "target": 8, "value": 0.43323384352524502, "supply": [{"l": "Motor Gasoline", "v": 0.1879546609505062}, {"l": "Gas-Diesel oil", "v": 0.24527918257473885}]}, {"source": 22, "prod": 0, "target": 9, "value": 0.1819692135530504, "supply": [{"l": "Motor Gasoline", "v": 0.078945729536018708}, {"l": "Gas-Diesel oil", "v": 0.10302348401703169}]}, {"source": 22, "prod": 0, "target": 10, "value": 0.041728489847639438, "supply": [{"l": "Motor Gasoline", "v": 0.018103535258165229}, {"l": "Gas-Diesel oil", "v": 0.023624954589474209}]}, {"source": 24, "prod": 1.5259425900952688, "target": 0, "value": 0.014365760460375611, "supply": [{"l": "Potash", "v": 0.012819444454700001}, {"l": "Phosphate", "v": 0.0084166666733999987}, {"l": "Nitrogen", "v": 0.091736111184499994}]}, {"source": 24, "prod": 0.8772939414466201, "target": 5, "value": 0.0082591538488837202, "supply": [{"l": "Potash", "v": 0.012819444454700001}, {"l": "Phosphate", "v": 0.0084166666733999987}, {"l": "Nitrogen", "v": 0.091736111184499994}]}, {"source": 24, "prod": 0.33252751486828286, "target": 6, "value": 0.0031305310278963373, "supply": [{"l": "Potash", "v": 0.012819444454700001}, {"l": "Phosphate", "v": 0.0084166666733999987}, {"l": "Nitrogen", "v": 0.091736111184499994}]}, {"source": 24, "prod": 6.1095871682213367, "target": 8, "value": 0.057517803317209085, "supply": [{"l": "Potash", "v": 0.012819444454700001}, {"l": "Phosphate", "v": 0.0084166666733999987}, {"l": "Nitrogen", "v": 0.091736111184499994}]}, {"source": 24, "prod": 2.5661817255287014, "target": 9, "value": 0.024158937699246659, "supply": [{"l": "Potash", "v": 0.012819444454700001}, {"l": "Phosphate", "v": 0.0084166666733999987}, {"l": "Nitrogen", "v": 0.091736111184499994}]}, {"source": 24, "prod": 0.5884670598397892, "target": 10, "value": 0.0055400359589885617, "supply": [{"l": "Potash", "v": 0.012819444454700001}, {"l": "Phosphate", "v": 0.0084166666733999987}, {"l": "Nitrogen", "v": 0.091736111184499994}]}, {"source": 22, "prod": 0, "target": 24, "value": 0.14609901728034302, "supply": [{"l": "Natural gas (including LNG)", "v": 0.094884742141328415}, {"l": "Fuel oil", "v": 0.0349979739254766}, {"l": "Liquefied petroleum gas (LPG)", "v": 0.0081081506067690063}, {"l": "Coal", "v": 0.0081081506067690063}]}, {"source": 25, "prod": 0, "target": 0, "value": 0.14908477363239597, "supply": "[{\"l\":'Labor',\"v\":0.14908477363239597}]"}, {"source": 25, "prod": 0, "target": 5, "value": 0.085711723048162755, "supply": "[{\"l\":'Labor',\"v\":0.085711723048162755}]"}, {"source": 25, "prod": 0, "target": 6, "value": 0.032487977989778795, "supply": "[{\"l\":'Labor',\"v\":0.032487977989778795}]"}, {"source": 25, "prod": 0, "target": 8, "value": 0.59690739735156262, "supply": "[{\"l\":'Labor',\"v\":0.59690739735156262}]"}, {"source": 25, "prod": 0, "target": 9, "value": 0.25071626162957572, "supply": "[{\"l\":'Labor',\"v\":0.25071626162957572}]"}, {"source": 25, "prod": 0, "target": 10, "value": 0.057493302156838857, "supply": "[{\"l\":'Labor',\"v\":0.057493302156838857}]"}, {"source": 22, "prod": 0, "target": 16, "value": 0.26315926533086875, "supply": "[{\"l\":'Fossil Fuels',\"v\":0.26315926533086875}]"}, {"source": 23, "prod": 0, "target": 16, "value": 1.150075514819481, "supply": "[{\"l\":'Renewables & Nuclear',\"v\":0.15788859970667096},{\"l\":'Biomass & Waste',\"v\":0.99218691511280999}]"}]}