{"nodes": [{"layer": 5, "name": "Cereals", "fill": "#e7ba52"}, {"layer": 10, "name": "Feed", "fill": "#dbdb8d"}, {"layer": 13, "name": "Other Processed", "fill": "#9c9ede"}, {"layer": 16, "name": "Food", "fill": "#b5cf6b"}, {"layer": 13, "name": "Animal Products", "fill": "#17becf"}, {"layer": 5, "name": "Oilcrops", "fill": "#ff9896"}, {"layer": 5, "name": "Fruits, Roots & Vegetables", "fill": "#98df8a"}, {"layer": 5, "name": "Sugar Crops", "fill": "#ffbb78"}, {"layer": 13, "name": "Sugar", "fill": "#d6616b"}, {"layer": 13, "name": "Aquatic Products", "fill": "#1f77b4"}, {"layer": 13, "name": "Vegetable Oils", "fill": "#f7b6d2"}, {"layer": 10, "name": "Processing", "fill": "#9edae5"}, {"layer": 16, "name": "Biofuels & Other", "fill": "#e7ba52"}, {"name": "Waste", "fill": "#c7c7c7"}, {"layer": 2, "name": "Import", "fill": "#aec7e8"}, {"layer": 16, "name": "Export", "fill": "#aec7e8"}, {"layer": 0, "name": "Stock Draw", "fill": "#c7c7c7"}, {"layer": 16, "name": "Stock Deposit", "fill": "#c7c7c7"}, {"layer": 2, "name": "Electricity", "fill": "#bcbd22"}, {"layer": 0, "name": "Fossil Fuels", "fill": "#c49c94"}, {"layer": 0, "name": "Renewables & Nuclear", "fill": "#2ca02c"}, {"layer": 2, "name": "Fertilizers", "fill": "#c5b0d5"}, {"layer": 0, "name": "Labor", "fill": "#7f7f7f"}], "links": [{"source": 0, "prod": 219.0, "target": 1, "value": 0.81082079172530586, "supply": [{"l": "Maize", "v": 0.81082079172530586}]}, {"source": 2, "prod": 206.0, "target": 3, "value": 0.10293061739122333, "supply": [{"l": "Beer", "v": 0.018192928536642856}, {"l": "Fats, Animals, Raw", "v": 0.018866740704666669}, {"l": "Beverages, Fermented", "v": 0.065870948149913802}]}, {"source": 4, "prod": 188.0, "target": 3, "value": 0.25146189284861009, "supply": [{"l": "Meat, Other", "v": 0.04380606871230959}, {"l": "Eggs", "v": 0.0074912058680294122}, {"l": "Mutton & Goat Meat", "v": 0.017987358722669492}, {"l": "Pigmeat", "v": 0.031837624939125002}, {"l": "Milk - Excluding Butter", "v": 0.076616326951584934}, {"l": "Bovine Meat", "v": 0.059245092306242995}, {"l": "Poultry Meat", "v": 0.0071411495190560744}, {"l": "Offals, Edible", "v": 0.0073370658295925928}]}, {"source": 0, "prod": 479.0, "target": 3, "value": 1.6723676535238683, "supply": [{"l": "Maize", "v": 0.47760676772860494}, {"l": "Rice", "v": 0.29348263318370371}, {"l": "Cereals, Other", "v": 0.0060643095122142861}, {"l": "Wheat", "v": 0.25574485606838115}, {"l": "Oats", "v": 0.0035375138821250002}, {"l": "Sorghum", "v": 0.28143051312025985}, {"l": "Millet", "v": 0.35450106002857951}]}, {"source": 5, "prod": 203.0, "target": 3, "value": 0.47655945991947846, "supply": [{"l": "Coconuts - Incl Copra", "v": 0.29943343311922577}, {"l": "Groundnuts", "v": 0.1504906281583703}, {"l": "Oilcrops, Other", "v": 0.026635398641882354}]}, {"source": 6, "prod": 4042.0, "target": 3, "value": 4.2687785881408447, "supply": [{"l": "Roots, Other", "v": 0.90874994373674978}, {"l": "Plantains", "v": 0.74448722006904366}, {"l": "Nuts", "v": 0.019295530266136365}, {"l": "Yams", "v": 0.89040882063708626}, {"l": "Tomatoes", "v": 0.021803198401891048}, {"l": "Treenuts", "v": 0.018297485597198279}, {"l": "Vegetables, Other", "v": 0.058361585273144445}, {"l": "Potatoes", "v": 0.0007815311430285363}, {"l": "Pimento", "v": 0.048148175523151003}, {"l": "Pulses, Other", "v": 0.043103246071430769}, {"l": "Lemons, Limes", "v": 0.0035801345313072291}, {"l": "Pineapples", "v": 0.010812778281212266}, {"l": "Bananas", "v": 0.010612541646375002}, {"l": "Fruits, Other", "v": 0.010798726587539475}, {"l": "Infant food", "v": 0.0056600222113999997}, {"l": "Oranges, Mandarines", "v": 0.040123268565257782}, {"l": "Onions", "v": 0.0071145530590223469}, {"l": "Cassava", "v": 1.4266398265398701}]}, {"source": 7, "prod": 29.0, "target": 3, "value": 0.010798726587539475, "supply": [{"l": "Sugar cane", "v": 0.010798726587539475}]}, {"source": 8, "prod": 85.0, "target": 3, "value": 0.35202577168463411, "supply": [{"l": "Sugar", "v": 0.35202577168463411}]}, {"source": 9, "prod": 492.0, "target": 3, "value": 0.46054483937081492, "supply": [{"l": "Crustaceans", "v": 0.0009347642414842712}, {"l": "Marine Fish, Other", "v": 0.017836204447689075}, {"l": "Freshwater Fish", "v": 0.025642486414591374}, {"l": "Pelagic Fish", "v": 0.13868780034457867}, {"l": "Fish, Seafood", "v": 0.22995200340513072}, {"l": "Demersal Fish", "v": 0.047491580517340794}]}, {"source": 10, "prod": 49.0, "target": 3, "value": 0.48807501540840392, "supply": [{"l": "Groundnut Oil", "v": 0.081209014337478264}, {"l": "Soyabean Oil", "v": 0.010612541646375}, {"l": "Palm Oil", "v": 0.19519323174245895}, {"l": "Coconut Oil", "v": 0.061954297178837846}, {"l": "Oilcrops Oil, Other", "v": 0.076410299853900007}, {"l": "Palmkernel Oil", "v": 0.062695630649353851}]}, {"source": 7, "prod": 81.0, "target": 11, "value": 0.030161960468644743, "supply": [{"l": "Sugar cane", "v": 0.030161960468644743}]}, {"source": 0, "prod": 41.0, "target": 11, "value": 0.13594095148238822, "supply": [{"l": "Barley", "v": 0.023831672469052635}, {"l": "Millet", "v": 0.040903968464836099}, {"l": "Sorghum", "v": 0.07120531054849949}]}, {"source": 5, "prod": 263.80365296803654, "target": 11, "value": 1.1883546248425689, "supply": [{"l": "Groundnuts", "v": 0.17666291131634776}, {"l": "Coconuts - Incl Copra", "v": 0.11228753741970968}, {"l": "Palm kernels", "v": 0.24209361921129136}, {"l": "Oilcrops, Other", "v": 0.24637743743741175}, {"l": "Oil Palm", "v": 0.4109331194578083}]}, {"source": 6, "prod": 5.0, "target": 12, "value": 0.0063462625735759351, "supply": [{"l": "Cassava", "v": 0.0063462625735759351}]}, {"source": 2, "prod": 16.0, "target": 12, "value": 0.15093392563733335, "supply": [{"l": "Fats, Animals, Raw", "v": 0.15093392563733335}]}, {"source": 10, "prod": 13.0, "target": 12, "value": 0.12569245320774428, "supply": [{"l": "Palm Oil", "v": 0.020546655972890415}, {"l": "Palmkernel Oil", "v": 0.062695630649353851}, {"l": "Oilcrops Oil, Other", "v": 0.0424501665855}]}, {"source": 6, "prod": 2.0, "target": 6, "value": 0.0078369538311692313, "supply": [{"l": "Pulses, Other", "v": 0.0078369538311692313}]}, {"source": 7, "prod": 4.0, "target": 7, "value": 0.0014894795293157897, "supply": [{"l": "Sugar cane", "v": 0.0014894795293157897}]}, {"source": 4, "prod": 2.0, "target": 4, "value": 0.002497068622676471, "supply": [{"l": "Eggs", "v": 0.002497068622676471}]}, {"source": 0, "prod": 19.0, "target": 0, "value": 0.069352626339489146, "supply": [{"l": "Maize", "v": 0.048130914577301259}, {"l": "Millet", "v": 0.0068173280774726829}, {"l": "Rice", "v": 0.0076229255372390579}, {"l": "Sorghum", "v": 0.0067814581474761413}]}, {"source": 5, "prod": 5.0, "target": 5, "value": 0.032715353947471805, "supply": [{"l": "Groundnuts", "v": 0.032715353947471805}]}, {"source": 6, "prod": 924.0, "target": 13, "value": 1.029468968318249, "supply": [{"l": "Vegetables, Other", "v": 0.0063093605700696711}, {"l": "Plantains", "v": 0.082720802229893739}, {"l": "Fruits, Other", "v": 0.0011171096469868424}, {"l": "Yams", "v": 0.16295063384208114}, {"l": "Pulses, Other", "v": 0.0039184769155846157}, {"l": "Tomatoes", "v": 0.0022298725638297667}, {"l": "Pineapples", "v": 0.0012014198090235851}, {"l": "Bananas", "v": 0.0015160773780535715}, {"l": "Roots, Other", "v": 0.22693755470653709}, {"l": "Oranges, Mandarines", "v": 0.0044965732012788888}, {"l": "Onions", "v": 0.00094860707453631307}, {"l": "Lemons, Limes", "v": 0.0007671716852801205}, {"l": "Cassava", "v": 0.53435530869509362}]}, {"source": 7, "prod": 6.0, "target": 13, "value": 0.0022342192939736848, "supply": [{"l": "Sugar cane", "v": 0.0022342192939736848}]}, {"source": 4, "prod": 1.0, "target": 13, "value": 0.00090136855237158743, "supply": [{"l": "Milk - Excluding Butter", "v": 0.00090136855237158743}]}, {"source": 0, "prod": 137.0, "target": 13, "value": 0.49045981632951052, "supply": [{"l": "Maize", "v": 0.28138073137499203}, {"l": "Rice", "v": 0.022868776611717174}, {"l": "Sorghum", "v": 0.10172187221214213}, {"l": "Wheat", "v": 0.0060891632397233608}, {"l": "Millet", "v": 0.078399272890935845}]}, {"source": 5, "prod": 78.0, "target": 13, "value": 0.22008641142531427, "supply": [{"l": "Coconuts - Incl Copra", "v": 0.10207957947246334}, {"l": "Groundnuts", "v": 0.10468913263190976}, {"l": "Oilcrops, Other", "v": 0.013317699320941177}]}, {"source": 14, "prod": 161.0, "target": 11, "value": 0.76839994128393641, "supply": [{"l": "Sugar", "v": 0.58809011269668288}, {"l": "Oilcrops Oil, Other", "v": 0.0084900333171}, {"l": "Fats, Animals, Raw", "v": 0.15093392563733335}, {"l": "Soyabean Oil", "v": 0.010612541646375}, {"l": "Palm Oil", "v": 0.010273327986445207}]}, {"source": 14, "prod": 160.0, "target": 0, "value": 0.53865570874208757, "supply": [{"l": "Maize", "v": 0.018511890222038949}, {"l": "Oats", "v": 0.0035375138821250002}, {"l": "Barley", "v": 0.023831672469052635}, {"l": "Rice", "v": 0.22487630334855221}, {"l": "Cereals, Other", "v": 0.0060643095122142861}, {"l": "Wheat", "v": 0.26183401930810452}]}, {"source": 14, "prod": 230.0, "target": 1, "value": 0.22930521202154219, "supply": [{"l": "Pigmeat", "v": 0.0079594062347812505}, {"l": "Freshwater Fish", "v": 0.0015083815537994926}, {"l": "Milk - Excluding Butter", "v": 0.061293061561267938}, {"l": "Fish, Seafood", "v": 0.071042082352804611}, {"l": "Mutton & Goat Meat", "v": 0.0053962076168008475}, {"l": "Pelagic Fish", "v": 0.046229266781526224}, {"l": "Bovine Meat", "v": 0.010579480768971963}, {"l": "Demersal Fish", "v": 0.019946463817283135}, {"l": "Marine Fish, Other", "v": 0.0053508613343067222}]}, {"source": 14, "prod": 10.0, "target": 6, "value": 0.0086159729744808115, "supply": [{"l": "Potatoes", "v": 0.0007815311430285363}, {"l": "Fruits, Other", "v": 0.00037236988232894742}, {"l": "Infant food", "v": 0.0056600222113999997}, {"l": "Tomatoes", "v": 0.0014865817092198444}, {"l": "Vegetables, Other", "v": 0.00031546802850348355}]}, {"source": 6, "prod": 432.0, "target": 15, "value": 0.98109146236433831, "supply": [{"l": "Coffee", "v": 0.0024970686226764706}, {"l": "Cocoa Beans", "v": 0.97163714629033349}, {"l": "Lemons, Limes", "v": 0.0023015150558403615}, {"l": "Yams", "v": 0.004655732395488033}]}, {"source": 9, "prod": 2.0, "target": 15, "value": 0.001918365662367808, "supply": [{"l": "Pelagic Fish", "v": 0.00098360142088353675}, {"l": "Fish, Seafood", "v": 0.0009347642414842712}]}, {"source": 10, "prod": 17.0, "target": 15, "value": 0.14433056639070002, "supply": [{"l": "Oilcrops Oil, Other", "v": 0.14433056639070002}]}, {"source": 5, "prod": 1.0, "target": 15, "value": 0.0066588496604705885, "supply": [{"l": "Oilcrops, Other", "v": 0.0066588496604705885}]}, {"source": 16, "prod": 6.0, "target": 6, "value": 0.014150055528500001, "supply": [{"l": "Cocoa Beans", "v": 0.014150055528500001}]}, {"source": 0, "prod": 107.0, "target": 17, "value": 0.38133559528762973, "supply": [{"l": "Maize", "v": 0.18511890222038951}, {"l": "Rice", "v": 0.026680239380336701}, {"l": "Sorghum", "v": 0.16953645368690354}]}, {"source": 8, "prod": 62.0, "target": 17, "value": 0.25677173934643904, "supply": [{"l": "Sugar", "v": 0.25677173934643904}]}, {"source": 16, "prod": 1.0, "target": 0, "value": 0.0029789590586315794, "supply": [{"l": "Barley", "v": 0.0029789590586315794}]}, {"source": 10, "prod": 3.0, "target": 17, "value": 0.030453380376554352, "supply": [{"l": "Groundnut Oil", "v": 0.030453380376554352}]}, {"source": 1, "prod": 494.0, "target": 9, "value": 0.46246320503318272, "supply": [{"l": "Pelagic Fish", "v": 0.13967140176546219}, {"l": "Crustaceans", "v": 0.0009347642414842712}, {"l": "Freshwater Fish", "v": 0.025642486414591374}, {"l": "Demersal Fish", "v": 0.047491580517340794}, {"l": "Fish, Seafood", "v": 0.230886767646615}, {"l": "Marine Fish, Other", "v": 0.017836204447689075}]}, {"source": 1, "prod": 189.0, "target": 4, "value": 0.2523632614009817, "supply": [{"l": "Poultry Meat", "v": 0.0071411495190560744}, {"l": "Pigmeat", "v": 0.031837624939125002}, {"l": "Bovine Meat", "v": 0.059245092306242995}, {"l": "Eggs", "v": 0.009988274490705884}, {"l": "Milk - Excluding Butter", "v": 0.077517695503956527}, {"l": "Offals, Edible", "v": 0.0073370658295925928}, {"l": "Meat, Other", "v": 0.04380606871230959}, {"l": "Mutton & Goat Meat", "v": 0.017987358722669492}]}, {"source": 11, "prod": 222.0, "target": 2, "value": 0.25386454302855666, "supply": [{"l": "Fats, Animals, Raw", "v": 0.16980066634200003}, {"l": "Beer", "v": 0.018192928536642856}, {"l": "Beverages, Fermented", "v": 0.065870948149913802}]}, {"source": 11, "prod": 82.0, "target": 10, "value": 0.78855141538340257, "supply": [{"l": "Soyabean Oil", "v": 0.010612541646375}, {"l": "Coconut Oil", "v": 0.061954297178837846}, {"l": "Groundnut Oil", "v": 0.11166239471403261}, {"l": "Palm Oil", "v": 0.21573988771534935}, {"l": "Palmkernel Oil", "v": 0.1253912612987077}, {"l": "Oilcrops Oil, Other", "v": 0.26319103283010004}]}, {"source": 11, "prod": 147.0, "target": 8, "value": 0.60879751103107316, "supply": [{"l": "Sugar", "v": 0.60879751103107316}]}, {"source": 18, "prod": 0, "target": 6, "value": 0.00038472617685142484, "supply": "[{\"l\":'Energy for power irrigation',\"v\":0.00038472617685142484}]"}, {"source": 18, "prod": 0, "target": 7, "value": 8.5518461095065277e-06, "supply": "[{\"l\":'Energy for power irrigation',\"v\":8.5518461095065277e-06}]"}, {"source": 18, "prod": 0, "target": 0, "value": 6.570668427470848e-05, "supply": "[{\"l\":'Energy for power irrigation',\"v\":6.570668427470848e-05}]"}, {"source": 18, "prod": 0, "target": 5, "value": 3.9253233972805721e-05, "supply": "[{\"l\":'Energy for power irrigation',\"v\":3.9253233972805721e-05}]"}, {"source": 18, "prod": 0, "target": 11, "value": 0.0003734811911164715, "supply": "[{\"l\":'Electricity',\"v\":0.0003734811911164715}]"}, {"source": 19, "prod": 0, "target": 18, "value": 2.4722503334621929e-05, "supply": [{"l": "Coal", "v": 0.0}, {"l": "Natural gas", "v": 0.0}, {"l": "Oil", "v": 2.4722503334621929e-05}]}, {"source": 20, "prod": 0, "target": 18, "value": 0.00086232458105776064, "supply": [{"l": "Nuclear", "v": 0.0}, {"l": "Hydroelectric", "v": 0.00086232458105776064}, {"l": "Renewable", "v": 0.0}]}, {"source": 19, "prod": 0, "target": 6, "value": 0.65706252264352782, "supply": [{"l": "Motor Gasoline", "v": 0.28506074839823126}, {"l": "Gas-Diesel oil", "v": 0.37200177424529651}]}, {"source": 19, "prod": 0, "target": 7, "value": 0.014605446460539658, "supply": [{"l": "Motor Gasoline", "v": 0.0063364434209109482}, {"l": "Gas-Diesel oil", "v": 0.0082690030396287088}]}, {"source": 19, "prod": 0, "target": 0, "value": 0.11221851363847969, "supply": [{"l": "Motor Gasoline", "v": 0.048685006950665778}, {"l": "Gas-Diesel oil", "v": 0.063533506687813907}]}, {"source": 19, "prod": 0, "target": 5, "value": 0.067039443864119364, "supply": [{"l": "Motor Gasoline", "v": 0.029084468192191935}, {"l": "Gas-Diesel oil", "v": 0.037954975671927425}]}, {"source": 21, "prod": 2.5813762920079117, "target": 6, "value": 0.025056078335252824, "supply": [{"l": "Potash", "v": 0.0016537083346562999}, {"l": "Phosphate", "v": 0.0055676250044540991}, {"l": "Nitrogen", "v": 0.025227430575737494}]}, {"source": 21, "prod": 0.057379856449189484, "target": 7, "value": 0.00055695645090864858, "supply": [{"l": "Potash", "v": 0.0016537083346562999}, {"l": "Phosphate", "v": 0.0055676250044540991}, {"l": "Nitrogen", "v": 0.025227430575737494}]}, {"source": 21, "prod": 0.44086856371793914, "target": 0, "value": 0.0042792820644814494, "supply": [{"l": "Potash", "v": 0.0016537083346562999}, {"l": "Phosphate", "v": 0.0055676250044540991}, {"l": "Nitrogen", "v": 0.025227430575737494}]}, {"source": 21, "prod": 0.26337528782495934, "target": 5, "value": 0.0025564470642049711, "supply": [{"l": "Potash", "v": 0.0016537083346562999}, {"l": "Phosphate", "v": 0.0055676250044540991}, {"l": "Nitrogen", "v": 0.025227430575737494}]}, {"source": 19, "prod": 0, "target": 21, "value": 0.039690821199335626, "supply": [{"l": "Natural gas (including LNG)", "v": 0.026768297057844177}, {"l": "Fuel oil", "v": 0.0084630413077684992}, {"l": "Liquefied petroleum gas (LPG)", "v": 0.0022297414168614767}, {"l": "Coal", "v": 0.0022297414168614767}]}, {"source": 22, "prod": 0, "target": 0, "value": 0.1657722603654323, "supply": "[{\"l\":'Labor',\"v\":0.1657722603654323}]"}, {"source": 22, "prod": 0, "target": 5, "value": 0.099032501702872644, "supply": "[{\"l\":'Labor',\"v\":0.099032501702872644}]"}, {"source": 22, "prod": 0, "target": 6, "value": 0.97063074575139507, "supply": "[{\"l\":'Labor',\"v\":0.97063074575139507}]"}, {"source": 22, "prod": 0, "target": 7, "value": 0.021575565340403339, "supply": "[{\"l\":'Labor',\"v\":0.021575565340403339}]"}, {"source": 19, "prod": 0, "target": 14, "value": 0.2708049146036457, "supply": "[{\"l\":'Fossil Fuels',\"v\":0.2708049146036457}]"}, {"source": 20, "prod": 0, "target": 14, "value": 0.95742966490203019, "supply": "[{\"l\":'Renewables & Nuclear',\"v\":0.11149572379443767},{\"l\":'Biomass & Waste',\"v\":0.84593394110759246}]"}]}