{"nodes": [{"layer": 3, "name": "Maize"}, {"layer": 5, "name": "Production", "fill": "#b5cf6b"}, {"layer": 3, "name": "Olives"}, {"layer": 3, "name": "Rye"}, {"layer": 3, "name": "Nuts"}, {"layer": 3, "name": "Grapefruit"}, {"layer": 3, "name": "Barley"}, {"layer": 3, "name": "Apples"}, {"layer": 3, "name": "Rice"}, {"layer": 3, "name": "Tomatoes"}, {"layer": 3, "name": "Sunflower seed"}, {"layer": 3, "name": "Cereals, Other"}, {"layer": 3, "name": "Wheat"}, {"layer": 3, "name": "Treenuts"}, {"layer": 3, "name": "Vegetables, Other"}, {"layer": 3, "name": "Peas"}, {"layer": 3, "name": "Soyabeans"}, {"layer": 3, "name": "Sugar cane"}, {"layer": 3, "name": "Grapes"}, {"layer": 3, "name": "Groundnuts"}, {"layer": 3, "name": "Oilcrops, Other"}, {"layer": 3, "name": "Oats"}, {"layer": 3, "name": "Cottonseed"}, {"layer": 3, "name": "Potatoes"}, {"layer": 3, "name": "Rape and Mustardseed"}, {"layer": 3, "name": "Pineapples"}, {"layer": 3, "name": "Beans"}, {"layer": 3, "name": "Pulses, Other"}, {"layer": 3, "name": "Lemons, Limes"}, {"layer": 3, "name": "Sorghum"}, {"layer": 3, "name": "Bananas"}, {"layer": 3, "name": "Citrus, Other"}, {"layer": 3, "name": "Fruits, Other"}, {"layer": 3, "name": "Millet"}, {"layer": 3, "name": "Sweet potatoes"}, {"layer": 3, "name": "Oranges, Mandarines"}, {"layer": 3, "name": "Onions"}, {"layer": 3, "name": "Oil Palm"}, {"layer": 1, "name": "Electricity", "fill": "#bcbd22"}, {"layer": 0, "name": "Fossil Fuels", "fill": "#c49c94"}, {"layer": 0, "name": "Renewables & Nuclear", "fill": "#2ca02c"}, {"layer": 1, "name": "Fertilizers", "fill": "#c5b0d5"}, {"layer": 0, "name": "Labor", "fill": "#7f7f7f"}], "links": [{"source": 0, "prod": 382.0, "target": 1, "value": 1.2993560605497598, "supply": [{"l": "Maize", "v": 1.2993560605497598}]}, {"source": 2, "prod": 3.0, "target": 1, "value": 0.0043913965433275866, "supply": [{"l": "Olives", "v": 0.0043913965433275866}]}, {"source": 3, "prod": 10.0, "target": 1, "value": 0.045892071984324323, "supply": [{"l": "Rye", "v": 0.045892071984324323}]}, {"source": 4, "prod": 8.0, "target": 1, "value": 0.016793472495362637, "supply": [{"l": "Nuts", "v": 0.016793472495362637}]}, {"source": 5, "prod": 37.0, "target": 1, "value": 0.0077755255626905948, "supply": [{"l": "Grapefruit", "v": 0.0077755255626905948}]}, {"source": 6, "prod": 2295.0, "target": 1, "value": 9.7423132313722505, "supply": [{"l": "Barley", "v": 9.7423132313722505}]}, {"source": 7, "prod": 520.0, "target": 1, "value": 0.27267260288496353, "supply": [{"l": "Apples", "v": 0.27267260288496353}]}, {"source": 8, "prod": 572.0, "target": 1, "value": 2.3310235475429759, "supply": [{"l": "Rice", "v": 2.3310235475429759}]}, {"source": 9, "prod": 289.0, "target": 1, "value": 0.060921654342443211, "supply": [{"l": "Tomatoes", "v": 0.060921654342443211}]}, {"source": 10, "prod": 115.0, "target": 1, "value": 0.17816675756687961, "supply": [{"l": "Sunflower seed", "v": 0.17816675756687961}]}, {"source": 11, "prod": 93.0, "target": 1, "value": 0.32898879103762502, "supply": [{"l": "Cereals, Other", "v": 0.32898879103762502}]}, {"source": 12, "prod": 9168.0, "target": 1, "value": 30.309916404936676, "supply": [{"l": "Wheat", "v": 30.309916404936676}]}, {"source": 13, "prod": 8.0, "target": 1, "value": 0.0169800666342, "supply": [{"l": "Treenuts", "v": 0.0169800666342}]}, {"source": 14, "prod": 1063.0, "target": 1, "value": 0.34538482265890935, "supply": [{"l": "Vegetables, Other", "v": 0.34538482265890935}]}, {"source": 15, "prod": 86.0, "target": 1, "value": 0.33872607151728873, "supply": [{"l": "Peas", "v": 0.33872607151728873}]}, {"source": 16, "prod": 77.0, "target": 1, "value": 0.29715116609850001, "supply": [{"l": "Soyabeans", "v": 0.29715116609850001}]}, {"source": 17, "prod": 24817.0, "target": 1, "value": 7.2156560558380383, "supply": [{"l": "Sugar cane", "v": 7.2156560558380383}]}, {"source": 18, "prod": 934.0, "target": 1, "value": 0.79752640556321552, "supply": [{"l": "Grapes", "v": 0.79752640556321552}]}, {"source": 19, "prod": 40.0, "target": 1, "value": 0.25127452866753364, "supply": [{"l": "Groundnuts", "v": 0.25127452866753364}]}, {"source": 20, "prod": 11.0, "target": 1, "value": 0.017042037680310221, "supply": [{"l": "Oilcrops, Other", "v": 0.017042037680310221}]}, {"source": 21, "prod": 909.0, "target": 1, "value": 2.0764413323526192, "supply": [{"l": "Oats", "v": 2.0764413323526192}]}, {"source": 22, "prod": 219.0, "target": 1, "value": 0.3392914774534489, "supply": [{"l": "Cottonseed", "v": 0.3392914774534489}]}, {"source": 23, "prod": 1157.0, "target": 1, "value": 0.79217488289392746, "supply": [{"l": "Potatoes", "v": 0.79217488289392746}]}, {"source": 24, "prod": 7.0, "target": 1, "value": 0.010844933069288323, "supply": [{"l": "Rape and Mustardseed", "v": 0.010844933069288323}]}, {"source": 25, "prod": 126.0, "target": 1, "value": 0.064152575589481259, "supply": [{"l": "Pineapples", "v": 0.064152575589481259}]}, {"source": 26, "prod": 5.0, "target": 1, "value": 0.020540403186532261, "supply": [{"l": "Beans", "v": 0.020540403186532261}]}, {"source": 27, "prod": 210.0, "target": 1, "value": 0.85039971876873355, "supply": [{"l": "Pulses, Other", "v": 0.85039971876873355}]}, {"source": 28, "prod": 44.0, "target": 1, "value": 0.0082282261222995593, "supply": [{"l": "Lemons, Limes", "v": 0.0082282261222995593}]}, {"source": 29, "prod": 1317.0, "target": 1, "value": 4.6589057827586258, "supply": [{"l": "Sorghum", "v": 4.6589057827586258}]}, {"source": 30, "prod": 130.0, "target": 1, "value": 0.096477651330681799, "supply": [{"l": "Bananas", "v": 0.096477651330681799}]}, {"source": 31, "prod": 8.0, "target": 1, "value": 0.0041949631213071313, "supply": [{"l": "Citrus, Other", "v": 0.0041949631213071313}]}, {"source": 32, "prod": 378.0, "target": 1, "value": 0.2008724377602526, "supply": [{"l": "Fruits, Other", "v": 0.2008724377602526}]}, {"source": 33, "prod": 39.0, "target": 1, "value": 0.13796304140287499, "supply": [{"l": "Millet", "v": 0.13796304140287499}]}, {"source": 34, "prod": 11.0, "target": 1, "value": 0.0084900333171, "supply": [{"l": "Sweet potatoes", "v": 0.0084900333171}]}, {"source": 35, "prod": 420.0, "target": 1, "value": 0.15791913167325067, "supply": [{"l": "Oranges, Mandarines", "v": 0.15791913167325067}]}, {"source": 36, "prod": 127.0, "target": 1, "value": 0.044926426302987509, "supply": [{"l": "Onions", "v": 0.044926426302987509}]}, {"source": 37, "prod": 1.3076780539706799e-14, "target": 1, "value": 5.5511151231257827e-17, "supply": [{"l": "Oil Palm", "v": 5.5511151231257827e-17}]}, {"source": 38, "prod": 0, "target": 0, "value": 0.00031697215951936571, "supply": "[{\"l\":'Energy for power irrigation',\"v\":0.00031697215951936571}]"}, {"source": 38, "prod": 0, "target": 2, "value": 4.0899633486369775e-06, "supply": "[{\"l\":'Energy for power irrigation',\"v\":4.0899633486369775e-06}]"}, {"source": 38, "prod": 0, "target": 3, "value": 1.3496879050502026e-05, "supply": "[{\"l\":'Energy for power irrigation',\"v\":1.3496879050502026e-05}]"}, {"source": 38, "prod": 0, "target": 4, "value": 1.7177846064275306e-05, "supply": "[{\"l\":'Energy for power irrigation',\"v\":1.7177846064275306e-05}]"}, {"source": 38, "prod": 0, "target": 31, "value": 6.1349450229554663e-06, "supply": "[{\"l\":'Energy for power irrigation',\"v\":6.1349450229554663e-06}]"}, {"source": 38, "prod": 0, "target": 5, "value": 3.1083721449641029e-05, "supply": "[{\"l\":'Energy for power irrigation',\"v\":3.1083721449641029e-05}]"}, {"source": 38, "prod": 0, "target": 6, "value": 0.0023316881050579408, "supply": "[{\"l\":'Energy for power irrigation',\"v\":0.0023316881050579408}]"}, {"source": 38, "prod": 0, "target": 8, "value": 0.00050347448821721195, "supply": "[{\"l\":'Energy for power irrigation',\"v\":0.00050347448821721195}]"}, {"source": 38, "prod": 0, "target": 9, "value": 0.00024171683390444536, "supply": "[{\"l\":'Energy for power irrigation',\"v\":0.00024171683390444536}]"}, {"source": 38, "prod": 0, "target": 10, "value": 9.4069157018650479e-05, "supply": "[{\"l\":'Energy for power irrigation',\"v\":9.4069157018650479e-05}]"}, {"source": 38, "prod": 0, "target": 11, "value": 7.8118299958966275e-05, "supply": "[{\"l\":'Energy for power irrigation',\"v\":7.8118299958966275e-05}]"}, {"source": 38, "prod": 0, "target": 12, "value": 0.0097406567111138244, "supply": "[{\"l\":'Energy for power irrigation',\"v\":0.0097406567111138244}]"}, {"source": 38, "prod": 0, "target": 13, "value": 1.7177846064275306e-05, "supply": "[{\"l\":'Energy for power irrigation',\"v\":1.7177846064275306e-05}]"}, {"source": 38, "prod": 0, "target": 14, "value": 0.00089529297701663438, "supply": "[{\"l\":'Energy for power irrigation',\"v\":0.00089529297701663438}]"}, {"source": 38, "prod": 0, "target": 15, "value": 8.7525215660831315e-05, "supply": "[{\"l\":'Energy for power irrigation',\"v\":8.7525215660831315e-05}]"}, {"source": 38, "prod": 0, "target": 16, "value": 6.7484395252510117e-05, "supply": "[{\"l\":'Energy for power irrigation',\"v\":6.7484395252510117e-05}]"}, {"source": 38, "prod": 0, "target": 18, "value": 0.00077668403990616196, "supply": "[{\"l\":'Energy for power irrigation',\"v\":0.00077668403990616196}]"}, {"source": 38, "prod": 0, "target": 19, "value": 3.8036659142323886e-05, "supply": "[{\"l\":'Energy for power irrigation',\"v\":3.8036659142323886e-05}]"}, {"source": 38, "prod": 0, "target": 37, "value": 5.348355312557008e-21, "supply": "[{\"l\":'Energy for power irrigation',\"v\":5.348355312557008e-21}]"}, {"source": 38, "prod": 0, "target": 20, "value": 1.3905875385365724e-05, "supply": "[{\"l\":'Energy for power irrigation',\"v\":1.3905875385365724e-05}]"}, {"source": 38, "prod": 0, "target": 21, "value": 0.00086707222991103919, "supply": "[{\"l\":'Energy for power irrigation',\"v\":0.00086707222991103919}]"}, {"source": 38, "prod": 0, "target": 22, "value": 0.00017914039467029961, "supply": "[{\"l\":'Energy for power irrigation',\"v\":0.00017914039467029961}]"}, {"source": 38, "prod": 0, "target": 23, "value": 0.00095746041991591642, "supply": "[{\"l\":'Energy for power irrigation',\"v\":0.00095746041991591642}]"}, {"source": 38, "prod": 0, "target": 26, "value": 7.3619340275465587e-06, "supply": "[{\"l\":'Energy for power irrigation',\"v\":7.3619340275465587e-06}]"}, {"source": 38, "prod": 0, "target": 7, "value": 0.0004269921735977004, "supply": "[{\"l\":'Energy for power irrigation',\"v\":0.0004269921735977004}]"}, {"source": 38, "prod": 0, "target": 28, "value": 3.6809670137732801e-05, "supply": "[{\"l\":'Energy for power irrigation',\"v\":3.6809670137732801e-05}]"}, {"source": 38, "prod": 0, "target": 29, "value": 0.0012220810485727288, "supply": "[{\"l\":'Energy for power irrigation',\"v\":0.0012220810485727288}]"}, {"source": 38, "prod": 0, "target": 17, "value": 0.020300124084624775, "supply": "[{\"l\":'Energy for power irrigation',\"v\":0.020300124084624775}]"}, {"source": 38, "prod": 0, "target": 25, "value": 0.0001059300507296977, "supply": "[{\"l\":'Energy for power irrigation',\"v\":0.0001059300507296977}]"}, {"source": 38, "prod": 0, "target": 30, "value": 0.00012106291511965453, "supply": "[{\"l\":'Energy for power irrigation',\"v\":0.00012106291511965453}]"}, {"source": 38, "prod": 0, "target": 32, "value": 0.00031942613752854789, "supply": "[{\"l\":'Energy for power irrigation',\"v\":0.00031942613752854789}]"}, {"source": 38, "prod": 0, "target": 33, "value": 3.1901714119368421e-05, "supply": "[{\"l\":'Energy for power irrigation',\"v\":3.1901714119368421e-05}]"}, {"source": 38, "prod": 0, "target": 34, "value": 8.9979193670013505e-06, "supply": "[{\"l\":'Energy for power irrigation',\"v\":8.9979193670013505e-06}]"}, {"source": 38, "prod": 0, "target": 24, "value": 1.3905875385365724e-05, "supply": "[{\"l\":'Energy for power irrigation',\"v\":1.3905875385365724e-05}]"}, {"source": 38, "prod": 0, "target": 35, "value": 0.00035746279667087181, "supply": "[{\"l\":'Energy for power irrigation',\"v\":0.00035746279667087181}]"}, {"source": 38, "prod": 0, "target": 36, "value": 0.0001059300507296977, "supply": "[{\"l\":'Energy for power irrigation',\"v\":0.0001059300507296977}]"}, {"source": 38, "prod": 0, "target": 27, "value": 0.00017218745697761674, "supply": "[{\"l\":'Energy for power irrigation',\"v\":0.00017218745697761674}]"}, {"source": 39, "prod": 0, "target": 38, "value": 0.067072344910553999, "supply": [{"l": "Coal", "v": 0.041828100511939595}, {"l": "Natural gas", "v": 0.00893477122690544}, {"l": "Oil", "v": 0.016309473171708968}]}, {"source": 40, "prod": 0, "target": 38, "value": 0.014042122515823943, "supply": [{"l": "Nuclear", "v": 0.0046592992339480497}, {"l": "Hydroelectric", "v": 0.0091500119199794724}, {"l": "Renewable", "v": 0.00023281136189642264}]}, {"source": 39, "prod": 0, "target": 0, "value": 0.15841950682809824, "supply": [{"l": "Motor Gasoline", "v": 0.010855291147216367}, {"l": "Gas-Diesel oil", "v": 0.14630214902999394}, {"l": "Natural gas (including LNG)", "v": 9.1076974806345988e-05}, {"l": "Fuel oil", "v": 0.00035042950306441698}, {"l": "Liquefied petroleum gas (LPG)", "v": 0.00061542012976288087}, {"l": "Coal", "v": 0.00020514004325429362}]}, {"source": 39, "prod": 0, "target": 2, "value": 0.0020441226687496544, "supply": [{"l": "Motor Gasoline", "v": 0.00014006827286730796}, {"l": "Gas-Diesel oil", "v": 0.0018877696649031476}, {"l": "Natural gas (including LNG)", "v": 1.175186771694787e-06}, {"l": "Fuel oil", "v": 4.5216710072827995e-06}, {"l": "Liquefied petroleum gas (LPG)", "v": 7.940904900166204e-06}, {"l": "Coal", "v": 2.6469683000554015e-06}]}, {"source": 39, "prod": 0, "target": 3, "value": 0.0067456048068738608, "supply": [{"l": "Motor Gasoline", "v": 0.00046222530046211631}, {"l": "Gas-Diesel oil", "v": 0.0062296398941803881}, {"l": "Natural gas (including LNG)", "v": 3.8781163465927977e-06}, {"l": "Fuel oil", "v": 1.4921514324033241e-05}, {"l": "Liquefied petroleum gas (LPG)", "v": 2.620498617054848e-05}, {"l": "Coal", "v": 8.7349953901828268e-06}]}, {"source": 39, "prod": 0, "target": 4, "value": 0.0085853152087485493, "supply": [{"l": "Motor Gasoline", "v": 0.00058828674604269348}, {"l": "Gas-Diesel oil", "v": 0.0079286325925932207}, {"l": "Natural gas (including LNG)", "v": 4.9357844411181052e-06}, {"l": "Fuel oil", "v": 1.899101823058776e-05}, {"l": "Liquefied petroleum gas (LPG)", "v": 3.3351800580698062e-05}, {"l": "Coal", "v": 1.1117266860232687e-05}]}, {"source": 39, "prod": 0, "target": 31, "value": 0.003066184003124482, "supply": [{"l": "Motor Gasoline", "v": 0.00021010240930096195}, {"l": "Gas-Diesel oil", "v": 0.0028316544973547219}, {"l": "Natural gas (including LNG)", "v": 1.7627801575421807e-06}, {"l": "Fuel oil", "v": 6.7825065109242002e-06}, {"l": "Liquefied petroleum gas (LPG)", "v": 1.1911357350249308e-05}, {"l": "Coal", "v": 3.9704524500831029e-06}]}, {"source": 39, "prod": 0, "target": 5, "value": 0.015535332282497377, "supply": [{"l": "Motor Gasoline", "v": 0.0010645188737915404}, {"l": "Gas-Diesel oil", "v": 0.014347049453263924}, {"l": "Natural gas (including LNG)", "v": 8.9314194648803815e-06}, {"l": "Fuel oil", "v": 3.436469965534928e-05}, {"l": "Liquefied petroleum gas (LPG)", "v": 6.0350877241263161e-05}, {"l": "Coal", "v": 2.0116959080421054e-05}]}, {"source": 39, "prod": 0, "target": 6, "value": 1.1653543334541783, "supply": [{"l": "Motor Gasoline", "v": 0.07985292236165227}, {"l": "Gas-Diesel oil", "v": 1.0762174859612845}, {"l": "Natural gas (including LNG)", "v": 0.00066997397854319811}, {"l": "Fuel oil", "v": 0.0025778046412519243}, {"l": "Liquefied petroleum gas (LPG)", "v": 0.0045271098835847536}, {"l": "Coal", "v": 0.0015090366278615846}]}, {"source": 39, "prod": 0, "target": 8, "value": 0.25163150052308253, "supply": [{"l": "Motor Gasoline", "v": 0.017242404389965611}, {"l": "Gas-Diesel oil", "v": 0.23238444574957751}, {"l": "Natural gas (including LNG)", "v": 0.00014466549159562828}, {"l": "Fuel oil", "v": 0.00055661770099651271}, {"l": "Liquefied petroleum gas (LPG)", "v": 0.00097752539321045999}, {"l": "Coal", "v": 0.00032584179773681996}]}, {"source": 39, "prod": 0, "target": 9, "value": 0.12080764972310459, "supply": [{"l": "Motor Gasoline", "v": 0.0082780349264579001}, {"l": "Gas-Diesel oil", "v": 0.11156718719577603}, {"l": "Natural gas (including LNG)", "v": 6.9453538207161917e-05}, {"l": "Fuel oil", "v": 0.00026723075653041348}, {"l": "Liquefied petroleum gas (LPG)", "v": 0.00046930747959982272}, {"l": "Coal", "v": 0.00015643582653327424}]}, {"source": 39, "prod": 0, "target": 10, "value": 0.047014821381242064, "supply": [{"l": "Motor Gasoline", "v": 0.0032215702759480834}, {"l": "Gas-Diesel oil", "v": 0.0434187022927724}, {"l": "Natural gas (including LNG)", "v": 2.7029295748980103e-05}, {"l": "Fuel oil", "v": 0.0001039984331675044}, {"l": "Liquefied petroleum gas (LPG)", "v": 0.00018264081270382272}, {"l": "Coal", "v": 6.0880270901274245e-05}]}, {"source": 39, "prod": 0, "target": 11, "value": 0.039042742973118404, "supply": [{"l": "Motor Gasoline", "v": 0.0026753040117655823}, {"l": "Gas-Diesel oil", "v": 0.036056400599650124}, {"l": "Natural gas (including LNG)", "v": 2.2446067339370433e-05}, {"l": "Fuel oil", "v": 8.6363916239101475e-05}, {"l": "Liquefied petroleum gas (LPG)", "v": 0.00015167128359317453}, {"l": "Coal", "v": 5.0557094531058177e-05}]}, {"source": 39, "prod": 0, "target": 12, "value": 4.8682825478941769, "supply": [{"l": "Motor Gasoline", "v": 0.33358659866078061}, {"l": "Gas-Diesel oil", "v": 4.4959122339333364}, {"l": "Natural gas (including LNG)", "v": 0.0027988248154683045}, {"l": "Fuel oil", "v": 0.010768811670944716}, {"l": "Liquefied petroleum gas (LPG)", "v": 0.018912059110235833}, {"l": "Coal", "v": 0.0063040197034119443}]}, {"source": 39, "prod": 0, "target": 13, "value": 0.0085853152087485493, "supply": [{"l": "Motor Gasoline", "v": 0.00058828674604269348}, {"l": "Gas-Diesel oil", "v": 0.0079286325925932207}, {"l": "Natural gas (including LNG)", "v": 4.9357844411181052e-06}, {"l": "Fuel oil", "v": 1.899101823058776e-05}, {"l": "Liquefied petroleum gas (LPG)", "v": 3.3351800580698062e-05}, {"l": "Coal", "v": 1.1117266860232687e-05}]}, {"source": 39, "prod": 0, "target": 14, "value": 0.44745845218929942, "supply": [{"l": "Motor Gasoline", "v": 0.030660944930653713}, {"l": "Gas-Diesel oil", "v": 0.41323277964729904}, {"l": "Natural gas (including LNG)", "v": 0.00025724838432398888}, {"l": "Fuel oil", "v": 0.00098979378349420494}, {"l": "Liquefied petroleum gas (LPG)", "v": 0.0017382640826463824}, {"l": "Coal", "v": 0.00057942136088212745}]}, {"source": 39, "prod": 0, "target": 15, "value": 0.04374422511124261, "supply": [{"l": "Motor Gasoline", "v": 0.0029974610393603903}, {"l": "Gas-Diesel oil", "v": 0.040398270828927364}, {"l": "Natural gas (including LNG)", "v": 2.5148996914268442e-05}, {"l": "Fuel oil", "v": 9.6763759555851912e-05}, {"l": "Liquefied petroleum gas (LPG)", "v": 0.00016993536486355679}, {"l": "Coal", "v": 5.6645121621185593e-05}]}, {"source": 39, "prod": 0, "target": 16, "value": 0.033728024034369301, "supply": [{"l": "Motor Gasoline", "v": 0.0023111265023105813}, {"l": "Gas-Diesel oil", "v": 0.031148199470901937}, {"l": "Natural gas (including LNG)", "v": 1.9390581732963984e-05}, {"l": "Fuel oil", "v": 7.4607571620166198e-05}, {"l": "Liquefied petroleum gas (LPG)", "v": 0.00013102493085274239}, {"l": "Coal", "v": 4.3674976950914124e-05}]}, {"source": 39, "prod": 0, "target": 18, "value": 0.38817889479555939, "supply": [{"l": "Motor Gasoline", "v": 0.02659896501750178}, {"l": "Gas-Diesel oil", "v": 0.35848745936510773}, {"l": "Natural gas (including LNG)", "v": 0.00022316796794484006}, {"l": "Fuel oil", "v": 0.00085866532428300365}, {"l": "Liquefied petroleum gas (LPG)", "v": 0.0015079778405415623}, {"l": "Coal", "v": 0.00050265928018052074}]}, {"source": 39, "prod": 0, "target": 19, "value": 0.019010340819371786, "supply": [{"l": "Motor Gasoline", "v": 0.001302634937665964}, {"l": "Gas-Diesel oil", "v": 0.017556257883599272}, {"l": "Natural gas (including LNG)", "v": 1.0929236976761519e-05}, {"l": "Fuel oil", "v": 4.2051540367730035e-05}, {"l": "Liquefied petroleum gas (LPG)", "v": 7.3850415571545701e-05}, {"l": "Coal", "v": 2.4616805190515235e-05}]}, {"source": 39, "prod": 0, "target": 37, "value": 2.6730543535479012e-18, "supply": [{"l": "Motor Gasoline", "v": 1.8316420648615546e-19}, {"l": "Gas-Diesel oil", "v": 2.4685949617454309e-18}, {"l": "Natural gas (including LNG)", "v": 1.5367659506619248e-21}, {"l": "Fuel oil", "v": 5.9128899434992157e-21}, {"l": "Liquefied petroleum gas (LPG)", "v": 1.0384147066615579e-20}, {"l": "Coal", "v": 3.4613823555385267e-21}]}, {"source": 39, "prod": 0, "target": 20, "value": 0.0069500170737488258, "supply": [{"l": "Motor Gasoline", "v": 0.00047623212774884708}, {"l": "Gas-Diesel oil", "v": 0.0064184168606707028}, {"l": "Natural gas (including LNG)", "v": 3.9956350237622763e-06}, {"l": "Fuel oil", "v": 1.537368142476152e-05}, {"l": "Liquefied petroleum gas (LPG)", "v": 2.69990766605651e-05}, {"l": "Coal", "v": 8.9996922201883655e-06}]}, {"source": 39, "prod": 0, "target": 21, "value": 0.43335400577492678, "supply": [{"l": "Motor Gasoline", "v": 0.029694473847869288}, {"l": "Gas-Diesel oil", "v": 0.40020716895946734}, {"l": "Natural gas (including LNG)", "v": 0.00024913959559929487}, {"l": "Fuel oil", "v": 0.00095859425354395363}, {"l": "Liquefied petroleum gas (LPG)", "v": 0.0016834718388352356}, {"l": "Coal", "v": 0.00056115727961174517}]}, {"source": 39, "prod": 0, "target": 22, "value": 0.089532572891234868, "supply": [{"l": "Motor Gasoline", "v": 0.0061349903515880884}, {"l": "Gas-Diesel oil", "v": 0.082684311322757872}, {"l": "Natural gas (including LNG)", "v": 5.1473180600231669e-05}, {"l": "Fuel oil", "v": 0.00019804919011898664}, {"l": "Liquefied petroleum gas (LPG)", "v": 0.00034781163462727977}, {"l": "Coal", "v": 0.00011593721154242659}]}, {"source": 39, "prod": 0, "target": 23, "value": 0.47852911675429421, "supply": [{"l": "Motor Gasoline", "v": 0.032789982678236795}, {"l": "Gas-Diesel oil", "v": 0.4419268785538269}, {"l": "Natural gas (including LNG)", "v": 0.00027511122325374966}, {"l": "Fuel oil", "v": 0.0010585231828049036}, {"l": "Liquefied petroleum gas (LPG)", "v": 0.0018589658371289087}, {"l": "Coal", "v": 0.0006196552790429696}]}, {"source": 39, "prod": 0, "target": 26, "value": 0.0036794208037493783, "supply": [{"l": "Motor Gasoline", "v": 0.00025212289116115433}, {"l": "Gas-Diesel oil", "v": 0.0033979853968256657}, {"l": "Natural gas (including LNG)", "v": 2.1153361890506168e-06}, {"l": "Fuel oil", "v": 8.1390078131090392e-06}, {"l": "Liquefied petroleum gas (LPG)", "v": 1.4293628820299169e-05}, {"l": "Coal", "v": 4.7645429400997231e-06}]}, {"source": 39, "prod": 0, "target": 7, "value": 0.21340640661746393, "supply": [{"l": "Motor Gasoline", "v": 0.01462312768734695}, {"l": "Gas-Diesel oil", "v": 0.19708315301588861}, {"l": "Natural gas (including LNG)", "v": 0.00012268949896493577}, {"l": "Fuel oil", "v": 0.0004720624531603243}, {"l": "Liquefied petroleum gas (LPG)", "v": 0.00082903047157735174}, {"l": "Coal", "v": 0.00027634349052578391}]}, {"source": 39, "prod": 0, "target": 28, "value": 0.018397104018746894, "supply": [{"l": "Motor Gasoline", "v": 0.0012606144558057718}, {"l": "Gas-Diesel oil", "v": 0.01698992698412833}, {"l": "Natural gas (including LNG)", "v": 1.0576680945253084e-05}, {"l": "Fuel oil", "v": 4.0695039065545201e-05}, {"l": "Liquefied petroleum gas (LPG)", "v": 7.1468144101495846e-05}, {"l": "Coal", "v": 2.3822714700498615e-05}]}, {"source": 39, "prod": 0, "target": 29, "value": 0.61078385342239683, "supply": [{"l": "Motor Gasoline", "v": 0.041852399932751617}, {"l": "Gas-Diesel oil", "v": 0.56406557587306061}, {"l": "Natural gas (including LNG)", "v": 0.00035114580738240239}, {"l": "Fuel oil", "v": 0.0013510752969761006}, {"l": "Liquefied petroleum gas (LPG)", "v": 0.0023727423841696624}, {"l": "Coal", "v": 0.00079091412805655406}]}, {"source": 39, "prod": 0, "target": 17, "value": 10.145798454072036, "supply": [{"l": "Motor Gasoline", "v": 0.69521486554959633}, {"l": "Gas-Diesel oil", "v": 9.3697559547802847}, {"l": "Natural gas (including LNG)", "v": 0.0058329220226299066}, {"l": "Fuel oil", "v": 0.022442861877547449}, {"l": "Liquefied petroleum gas (LPG)", "v": 0.039413887381484942}, {"l": "Coal", "v": 0.013137962460494982}]}, {"source": 39, "prod": 0, "target": 25, "value": 0.052942777120616055, "supply": [{"l": "Motor Gasoline", "v": 0.0036277682672632757}, {"l": "Gas-Diesel oil", "v": 0.048893234320991526}, {"l": "Natural gas (including LNG)", "v": 3.0437337386894982e-05}, {"l": "Fuel oil", "v": 0.00011711127908862451}, {"l": "Liquefied petroleum gas (LPG)", "v": 0.00020566943691430469}, {"l": "Coal", "v": 6.8556478971434901e-05}]}, {"source": 39, "prod": 0, "target": 30, "value": 0.06050603099498978, "supply": [{"l": "Motor Gasoline", "v": 0.0041460208768723155}, {"l": "Gas-Diesel oil", "v": 0.055877982081133176}, {"l": "Natural gas (including LNG)", "v": 3.4785528442165697e-05}, {"l": "Fuel oil", "v": 0.00013384146181557089}, {"l": "Liquefied petroleum gas (LPG)", "v": 0.00023505078504491969}, {"l": "Coal", "v": 7.8350261681639892e-05}]}, {"source": 39, "prod": 0, "target": 32, "value": 0.15964598042934802, "supply": [{"l": "Motor Gasoline", "v": 0.010939332110936751}, {"l": "Gas-Diesel oil", "v": 0.14743481082893584}, {"l": "Natural gas (including LNG)", "v": 9.1782086869362855e-05}, {"l": "Fuel oil", "v": 0.00035314250566878666}, {"l": "Liquefied petroleum gas (LPG)", "v": 0.00062018467270298064}, {"l": "Coal", "v": 0.00020672822423432687}]}, {"source": 39, "prod": 0, "target": 33, "value": 0.015944156816247307, "supply": [{"l": "Motor Gasoline", "v": 0.0010925325283650021}, {"l": "Gas-Diesel oil", "v": 0.014724603386244553}, {"l": "Natural gas (including LNG)", "v": 9.1664568192193387e-06}, {"l": "Fuel oil", "v": 3.5269033856805838e-05}, {"l": "Liquefied petroleum gas (LPG)", "v": 6.19390582212964e-05}, {"l": "Coal", "v": 2.0646352740432135e-05}]}, {"source": 39, "prod": 0, "target": 34, "value": 0.0044970698712492405, "supply": [{"l": "Motor Gasoline", "v": 0.00030815020030807751}, {"l": "Gas-Diesel oil", "v": 0.0041530932627869251}, {"l": "Natural gas (including LNG)", "v": 2.5854108977285312e-06}, {"l": "Fuel oil", "v": 9.947676216022159e-06}, {"l": "Liquefied petroleum gas (LPG)", "v": 1.746999078036565e-05}, {"l": "Coal", "v": 5.8233302601218837e-06}]}, {"source": 39, "prod": 0, "target": 24, "value": 0.0069500170737488258, "supply": [{"l": "Motor Gasoline", "v": 0.00047623212774884708}, {"l": "Gas-Diesel oil", "v": 0.0064184168606707028}, {"l": "Natural gas (including LNG)", "v": 3.9956350237622763e-06}, {"l": "Fuel oil", "v": 1.537368142476152e-05}, {"l": "Liquefied petroleum gas (LPG)", "v": 2.69990766605651e-05}, {"l": "Coal", "v": 8.9996922201883655e-06}]}, {"source": 39, "prod": 0, "target": 35, "value": 0.1786563212487198, "supply": [{"l": "Motor Gasoline", "v": 0.012241967048602715}, {"l": "Gas-Diesel oil", "v": 0.1649910687125351}, {"l": "Natural gas (including LNG)", "v": 0.00010271132384612438}, {"l": "Fuel oil", "v": 0.00039519404603651669}, {"l": "Liquefied petroleum gas (LPG)", "v": 0.00069403508827452622}, {"l": "Coal", "v": 0.00023134502942484208}]}, {"source": 39, "prod": 0, "target": 36, "value": 0.052942777120616055, "supply": [{"l": "Motor Gasoline", "v": 0.0036277682672632757}, {"l": "Gas-Diesel oil", "v": 0.048893234320991526}, {"l": "Natural gas (including LNG)", "v": 3.0437337386894982e-05}, {"l": "Fuel oil", "v": 0.00011711127908862451}, {"l": "Liquefied petroleum gas (LPG)", "v": 0.00020566943691430469}, {"l": "Coal", "v": 6.8556478971434901e-05}]}, {"source": 39, "prod": 0, "target": 27, "value": 0.086057564354360461, "supply": [{"l": "Motor Gasoline", "v": 0.0058968742877136644}, {"l": "Gas-Diesel oil", "v": 0.079475102892422517}, {"l": "Natural gas (including LNG)", "v": 4.9475363088350533e-05}, {"l": "Fuel oil", "v": 0.00019036234940660585}, {"l": "Liquefied petroleum gas (LPG)", "v": 0.0003343120962969972}, {"l": "Coal", "v": 0.00011143736543233241}]}, {"source": 41, "prod": 25.143315957357508, "target": 0, "value": 0.24514577551089875, "supply": [{"l": "Potash", "v": 0.81355954879899595}, {"l": "Phosphate", "v": 6.7510237692897075}, {"l": "Nitrogen", "v": 23.837799732033197}]}, {"source": 41, "prod": 0.32442988332074207, "target": 2, "value": 0.0031631712969148224, "supply": [{"l": "Potash", "v": 0.81355954879899595}, {"l": "Phosphate", "v": 6.7510237692897075}, {"l": "Nitrogen", "v": 23.837799732033197}]}, {"source": 41, "prod": 1.0706186149584489, "target": 3, "value": 0.010438465279818916, "supply": [{"l": "Potash", "v": 0.81355954879899595}, {"l": "Phosphate", "v": 6.7510237692897075}, {"l": "Nitrogen", "v": 23.837799732033197}]}, {"source": 41, "prod": 1.3626055099471166, "target": 4, "value": 0.013285319447042256, "supply": [{"l": "Potash", "v": 0.81355954879899595}, {"l": "Phosphate", "v": 6.7510237692897075}, {"l": "Nitrogen", "v": 23.837799732033197}]}, {"source": 41, "prod": 0.48664482498111311, "target": 31, "value": 0.0047447569453722338, "supply": [{"l": "Potash", "v": 0.81355954879899595}, {"l": "Phosphate", "v": 6.7510237692897075}, {"l": "Nitrogen", "v": 23.837799732033197}]}, {"source": 41, "prod": 2.4656671132376395, "target": 5, "value": 0.024040101856552653, "supply": [{"l": "Potash", "v": 0.81355954879899595}, {"l": "Phosphate", "v": 6.7510237692897075}, {"l": "Nitrogen", "v": 23.837799732033197}]}, {"source": 41, "prod": 184.95747648115506, "target": 6, "value": 1.8033239563711405, "supply": [{"l": "Potash", "v": 0.81355954879899595}, {"l": "Phosphate", "v": 6.7510237692897075}, {"l": "Nitrogen", "v": 23.837799732033197}]}, {"source": 41, "prod": 39.937318636783353, "target": 8, "value": 0.38938638665021469, "supply": [{"l": "Potash", "v": 0.81355954879899595}, {"l": "Phosphate", "v": 6.7510237692897075}, {"l": "Nitrogen", "v": 23.837799732033197}]}, {"source": 41, "prod": 19.173806104255856, "target": 9, "value": 0.18694342364766603, "supply": [{"l": "Potash", "v": 0.81355954879899595}, {"l": "Phosphate", "v": 6.7510237692897075}, {"l": "Nitrogen", "v": 23.837799732033197}]}, {"source": 41, "prod": 7.4618873163770676, "target": 10, "value": 0.072752939829040922, "supply": [{"l": "Potash", "v": 0.81355954879899595}, {"l": "Phosphate", "v": 6.7510237692897075}, {"l": "Nitrogen", "v": 23.837799732033197}]}, {"source": 41, "prod": 6.1966107714261733, "target": 11, "value": 0.060416571771073117, "supply": [{"l": "Potash", "v": 0.81355954879899595}, {"l": "Phosphate", "v": 6.7510237692897075}, {"l": "Nitrogen", "v": 23.837799732033197}]}, {"source": 41, "prod": 772.66221011667926, "target": 12, "value": 7.5334087607323408, "supply": [{"l": "Potash", "v": 0.81355954879899595}, {"l": "Phosphate", "v": 6.7510237692897075}, {"l": "Nitrogen", "v": 23.837799732033197}]}, {"source": 41, "prod": 1.3626055099471166, "target": 13, "value": 0.013285319447042256, "supply": [{"l": "Potash", "v": 0.81355954879899595}, {"l": "Phosphate", "v": 6.7510237692897075}, {"l": "Nitrogen", "v": 23.837799732033197}]}, {"source": 41, "prod": 71.017701458910437, "target": 14, "value": 0.69241819689465467, "supply": [{"l": "Potash", "v": 0.81355954879899595}, {"l": "Phosphate", "v": 6.7510237692897075}, {"l": "Nitrogen", "v": 23.837799732033197}]}, {"source": 41, "prod": 6.9427995030638803, "target": 15, "value": 0.067691865753977204, "supply": [{"l": "Potash", "v": 0.81355954879899595}, {"l": "Phosphate", "v": 6.7510237692897075}, {"l": "Nitrogen", "v": 23.837799732033197}]}, {"source": 41, "prod": 5.3530930747922438, "target": 16, "value": 0.052192326399094574, "supply": [{"l": "Potash", "v": 0.81355954879899595}, {"l": "Phosphate", "v": 6.7510237692897075}, {"l": "Nitrogen", "v": 23.837799732033197}]}, {"source": 41, "prod": 61.609234842608913, "target": 18, "value": 0.60068622928412474, "supply": [{"l": "Potash", "v": 0.81355954879899595}, {"l": "Phosphate", "v": 6.7510237692897075}, {"l": "Nitrogen", "v": 23.837799732033197}]}, {"source": 41, "prod": 3.0171979148829009, "target": 19, "value": 0.029417493061307847, "supply": [{"l": "Potash", "v": 0.81355954879899595}, {"l": "Phosphate", "v": 6.7510237692897075}, {"l": "Nitrogen", "v": 23.837799732033197}]}, {"source": 41, "prod": 4.2424983847080272e-16, "target": 37, "value": 4.1364096859254872e-18, "supply": [{"l": "Potash", "v": 0.81355954879899595}, {"l": "Phosphate", "v": 6.7510237692897075}, {"l": "Nitrogen", "v": 23.837799732033197}]}, {"source": 41, "prod": 1.1030616032905232, "target": 20, "value": 0.010754782409510397, "supply": [{"l": "Potash", "v": 0.81355954879899595}, {"l": "Phosphate", "v": 6.7510237692897075}, {"l": "Nitrogen", "v": 23.837799732033197}]}, {"source": 41, "prod": 68.779135263997318, "target": 21, "value": 0.6705923149459424, "supply": [{"l": "Potash", "v": 0.81355954879899595}, {"l": "Phosphate", "v": 6.7510237692897075}, {"l": "Nitrogen", "v": 23.837799732033197}]}, {"source": 41, "prod": 14.210028889448502, "target": 22, "value": 0.13854690280486923, "supply": [{"l": "Potash", "v": 0.81355954879899595}, {"l": "Phosphate", "v": 6.7510237692897075}, {"l": "Nitrogen", "v": 23.837799732033197}]}, {"source": 41, "prod": 75.949035685385724, "target": 23, "value": 0.74049840060776007, "supply": [{"l": "Potash", "v": 0.81355954879899595}, {"l": "Phosphate", "v": 6.7510237692897075}, {"l": "Nitrogen", "v": 23.837799732033197}]}, {"source": 41, "prod": 0.58397378997733573, "target": 26, "value": 0.0056937083344466809, "supply": [{"l": "Potash", "v": 0.81355954879899595}, {"l": "Phosphate", "v": 6.7510237692897075}, {"l": "Nitrogen", "v": 23.837799732033197}]}, {"source": 41, "prod": 33.870479818685467, "target": 7, "value": 0.33023508339790747, "supply": [{"l": "Potash", "v": 0.81355954879899595}, {"l": "Phosphate", "v": 6.7510237692897075}, {"l": "Nitrogen", "v": 23.837799732033197}]}, {"source": 41, "prod": 2.9198689498866788, "target": 28, "value": 0.028468541672233404, "supply": [{"l": "Potash", "v": 0.81355954879899595}, {"l": "Phosphate", "v": 6.7510237692897075}, {"l": "Nitrogen", "v": 23.837799732033197}]}, {"source": 41, "prod": 96.939649136237733, "target": 29, "value": 0.9451555835181491, "supply": [{"l": "Potash", "v": 0.81355954879899595}, {"l": "Phosphate", "v": 6.7510237692897075}, {"l": "Nitrogen", "v": 23.837799732033197}]}, {"source": 41, "prod": 1610.2752828741711, "target": 17, "value": 15.700084415107032, "supply": [{"l": "Potash", "v": 0.81355954879899595}, {"l": "Phosphate", "v": 6.7510237692897075}, {"l": "Nitrogen", "v": 23.837799732033197}]}, {"source": 41, "prod": 8.4027339780072197, "target": 25, "value": 0.081926136590093901, "supply": [{"l": "Potash", "v": 0.81355954879899595}, {"l": "Phosphate", "v": 6.7510237692897075}, {"l": "Nitrogen", "v": 23.837799732033197}]}, {"source": 41, "prod": 9.6031245462939658, "target": 30, "value": 0.09362987038867876, "supply": [{"l": "Potash", "v": 0.81355954879899595}, {"l": "Phosphate", "v": 6.7510237692897075}, {"l": "Nitrogen", "v": 23.837799732033197}]}, {"source": 41, "prod": 25.337973887349953, "target": 32, "value": 0.24704367828904764, "supply": [{"l": "Potash", "v": 0.81355954879899595}, {"l": "Phosphate", "v": 6.7510237692897075}, {"l": "Nitrogen", "v": 23.837799732033197}]}, {"source": 41, "prod": 2.5305530899017881, "target": 33, "value": 0.024672736115935616, "supply": [{"l": "Potash", "v": 0.81355954879899595}, {"l": "Phosphate", "v": 6.7510237692897075}, {"l": "Nitrogen", "v": 23.837799732033197}]}, {"source": 41, "prod": 0.71374574330563256, "target": 34, "value": 0.0069589768532126095, "supply": [{"l": "Potash", "v": 0.81355954879899595}, {"l": "Phosphate", "v": 6.7510237692897075}, {"l": "Nitrogen", "v": 23.837799732033197}]}, {"source": 41, "prod": 1.1030616032905232, "target": 24, "value": 0.010754782409510397, "supply": [{"l": "Potash", "v": 0.81355954879899595}, {"l": "Phosphate", "v": 6.7510237692897075}, {"l": "Nitrogen", "v": 23.837799732033197}]}, {"source": 41, "prod": 28.355171802232853, "target": 35, "value": 0.27646117135035547, "supply": [{"l": "Potash", "v": 0.81355954879899595}, {"l": "Phosphate", "v": 6.7510237692897075}, {"l": "Nitrogen", "v": 23.837799732033197}]}, {"source": 41, "prod": 8.4027339780072197, "target": 36, "value": 0.081926136590093901, "supply": [{"l": "Potash", "v": 0.81355954879899595}, {"l": "Phosphate", "v": 6.7510237692897075}, {"l": "Nitrogen", "v": 23.837799732033197}]}, {"source": 41, "prod": 13.65849808780324, "target": 27, "value": 0.13316951160011403, "supply": [{"l": "Potash", "v": 0.81355954879899595}, {"l": "Phosphate", "v": 6.7510237692897075}, {"l": "Nitrogen", "v": 23.837799732033197}]}, {"source": 39, "prod": 0, "target": 41, "value": 37.522274657375824, "supply": [{"l": "Natural gas (including LNG)", "v": 25.723271600230145}, {"l": "Fuel oil", "v": 7.5851669163788902}, {"l": "Liquefied petroleum gas (LPG)", "v": 2.1069180703833918}, {"l": "Coal", "v": 2.1069180703833918}]}, {"source": 42, "prod": 0, "target": 0, "value": 0.0039178073475861393, "supply": "[{\"l\":'Labor',\"v\":0.0039178073475861393}]"}, {"source": 42, "prod": 0, "target": 2, "value": 5.0552352872079213e-05, "supply": "[{\"l\":'Labor',\"v\":5.0552352872079213e-05}]"}, {"source": 42, "prod": 0, "target": 3, "value": 0.00016682276447786142, "supply": "[{\"l\":'Labor',\"v\":0.00016682276447786142}]"}, {"source": 42, "prod": 0, "target": 4, "value": 0.00021231988206273271, "supply": "[{\"l\":'Labor',\"v\":0.00021231988206273271}]"}, {"source": 42, "prod": 0, "target": 31, "value": 7.5828529308118826e-05, "supply": "[{\"l\":'Labor',\"v\":7.5828529308118826e-05}]"}, {"source": 42, "prod": 0, "target": 5, "value": 0.00038419788182780204, "supply": "[{\"l\":'Labor',\"v\":0.00038419788182780204}]"}, {"source": 42, "prod": 0, "target": 6, "value": 0.028819896372372363, "supply": "[{\"l\":'Labor',\"v\":0.028819896372372363}]"}, {"source": 42, "prod": 0, "target": 8, "value": 0.0062229946385529518, "supply": "[{\"l\":'Labor',\"v\":0.0062229946385529518}]"}, {"source": 42, "prod": 0, "target": 9, "value": 0.0029876440547398817, "supply": "[{\"l\":'Labor',\"v\":0.0029876440547398817}]"}, {"source": 42, "prod": 0, "target": 10, "value": 0.0011627041160578221, "supply": "[{\"l\":'Labor',\"v\":0.0011627041160578221}]"}, {"source": 42, "prod": 0, "target": 11, "value": 0.00096554993985671308, "supply": "[{\"l\":'Labor',\"v\":0.00096554993985671308}]"}, {"source": 42, "prod": 0, "target": 12, "value": 0.12039548360014386, "supply": "[{\"l\":'Labor',\"v\":0.12039548360014386}]"}, {"source": 42, "prod": 0, "target": 13, "value": 0.00021231988206273271, "supply": "[{\"l\":'Labor',\"v\":0.00021231988206273271}]"}, {"source": 42, "prod": 0, "target": 14, "value": 0.011065910043698141, "supply": "[{\"l\":'Labor',\"v\":0.011065910043698141}]"}, {"source": 42, "prod": 0, "target": 15, "value": 0.0010818203514624952, "supply": "[{\"l\":'Labor',\"v\":0.0010818203514624952}]"}, {"source": 42, "prod": 0, "target": 16, "value": 0.00083411382238930709, "supply": "[{\"l\":'Labor',\"v\":0.00083411382238930709}]"}, {"source": 42, "prod": 0, "target": 18, "value": 0.0095998918104078425, "supply": "[{\"l\":'Labor',\"v\":0.0095998918104078425}]"}, {"source": 42, "prod": 0, "target": 19, "value": 0.0004701368817103367, "supply": "[{\"l\":'Labor',\"v\":0.0004701368817103367}]"}, {"source": 42, "prod": 0, "target": 37, "value": 6.6106202427399667e-20, "supply": "[{\"l\":'Labor',\"v\":6.6106202427399667e-20}]"}, {"source": 42, "prod": 0, "target": 20, "value": 0.00017187799976506934, "supply": "[{\"l\":'Labor',\"v\":0.00017187799976506934}]"}, {"source": 42, "prod": 0, "target": 21, "value": 0.010717098808880793, "supply": "[{\"l\":'Labor',\"v\":0.010717098808880793}]"}, {"source": 42, "prod": 0, "target": 22, "value": 0.0022141930557970698, "supply": "[{\"l\":'Labor',\"v\":0.0022141930557970698}]"}, {"source": 42, "prod": 0, "target": 23, "value": 0.011834305807353746, "supply": "[{\"l\":'Labor',\"v\":0.011834305807353746}]"}, {"source": 42, "prod": 0, "target": 26, "value": 9.0994235169742583e-05, "supply": "[{\"l\":'Labor',\"v\":9.0994235169742583e-05}]"}, {"source": 42, "prod": 0, "target": 7, "value": 0.0052776656398450701, "supply": "[{\"l\":'Labor',\"v\":0.0052776656398450701}]"}, {"source": 42, "prod": 0, "target": 28, "value": 0.00045497117584871296, "supply": "[{\"l\":'Labor',\"v\":0.00045497117584871296}]"}, {"source": 42, "prod": 0, "target": 29, "value": 0.015105043038177271, "supply": "[{\"l\":'Labor',\"v\":0.015105043038177271}]"}, {"source": 42, "prod": 0, "target": 17, "value": 0.250911548245278, "supply": "[{\"l\":'Labor',\"v\":0.250911548245278}]"}, {"source": 42, "prod": 0, "target": 25, "value": 0.0013093059393868517, "supply": "[{\"l\":'Labor',\"v\":0.0013093059393868517}]"}, {"source": 42, "prod": 0, "target": 30, "value": 0.0014963496450135449, "supply": "[{\"l\":'Labor',\"v\":0.0014963496450135449}]"}, {"source": 42, "prod": 0, "target": 32, "value": 0.0039481387593093865, "supply": "[{\"l\":'Labor',\"v\":0.0039481387593093865}]"}, {"source": 42, "prod": 0, "target": 33, "value": 0.00039430835240221787, "supply": "[{\"l\":'Labor',\"v\":0.00039430835240221787}]"}, {"source": 42, "prod": 0, "target": 34, "value": 0.00011121517631857427, "supply": "[{\"l\":'Labor',\"v\":0.00011121517631857427}]"}, {"source": 42, "prod": 0, "target": 24, "value": 0.00017187799976506934, "supply": "[{\"l\":'Labor',\"v\":0.00017187799976506934}]"}, {"source": 42, "prod": 0, "target": 35, "value": 0.0044182756410197227, "supply": "[{\"l\":'Labor',\"v\":0.0044182756410197227}]"}, {"source": 42, "prod": 0, "target": 36, "value": 0.0013093059393868517, "supply": "[{\"l\":'Labor',\"v\":0.0013093059393868517}]"}, {"source": 42, "prod": 0, "target": 27, "value": 0.0021282540559145347, "supply": "[{\"l\":'Labor',\"v\":0.0021282540559145347}]"}]}