{"nodes": [{"layer": 13, "name": "Other Processed", "fill": "#9c9ede"}, {"layer": 10, "name": "Feed", "fill": "#dbdb8d"}, {"layer": 13, "name": "Animal Products", "fill": "#17becf"}, {"layer": 5, "name": "Cereals", "fill": "#e7ba52"}, {"layer": 5, "name": "Oilcrops", "fill": "#ff9896"}, {"layer": 5, "name": "Fruits, Roots & Vegetables", "fill": "#98df8a"}, {"layer": 5, "name": "Sugar Crops", "fill": "#ffbb78"}, {"layer": 13, "name": "Sugar", "fill": "#d6616b"}, {"layer": 13, "name": "Aquatic Products", "fill": "#1f77b4"}, {"layer": 16, "name": "Food", "fill": "#b5cf6b"}, {"layer": 13, "name": "Vegetable Oils", "fill": "#f7b6d2"}, {"layer": 10, "name": "Processing", "fill": "#9edae5"}, {"layer": 16, "name": "Biofuels & Other", "fill": "#e7ba52"}, {"name": "Waste", "fill": "#c7c7c7"}, {"layer": 0, "name": "Import", "fill": "#aec7e8"}, {"layer": 16, "name": "Export", "fill": "#aec7e8"}, {"layer": 0, "name": "Stock Draw", "fill": "#c7c7c7"}, {"layer": 16, "name": "Stock Deposit", "fill": "#c7c7c7"}, {"layer": 0, "name": "Production", "fill": "#b5cf6b"}], "links": [{"source": 0, "prod": 0.018452827515737756, "target": 1, "value": 2.0, "supply": [{"l": "Fish, Body Oil", "v": 2.0}]}, {"source": 2, "prod": 2.8581857412202645, "target": 1, "value": 3743.0, "supply": [{"l": "Milk - Excluding Butter", "v": 3743.0}]}, {"source": 3, "prod": 8.4548238648174561, "target": 1, "value": 2451.0, "supply": [{"l": "Maize", "v": 519.0}, {"l": "Rice", "v": 446.0}, {"l": "Wheat", "v": 319.0}, {"l": "Oats", "v": 2.0}, {"l": "Millet", "v": 135.0}, {"l": "Barley", "v": 898.0}, {"l": "Sorghum", "v": 132.0}]}, {"source": 4, "prod": 8.6453670540831311, "target": 1, "value": 1517.0, "supply": [{"l": "Cottonseed", "v": 1514.0}, {"l": "Oilcrops, Other", "v": 3.0}]}, {"source": 5, "prod": 4.4643673324148478, "target": 1, "value": 1180.0, "supply": [{"l": "Peas", "v": 34.0}, {"l": "Sweet potatoes", "v": 17.0}, {"l": "Beans", "v": 103.0}, {"l": "Pulses, Other", "v": 934.0}, {"l": "Cassava", "v": 92.0}]}, {"source": 6, "prod": 0.51323208924424069, "target": 1, "value": 1608.0, "supply": [{"l": "Sugar cane", "v": 1608.0}]}, {"source": 7, "prod": 1.2949402301972825, "target": 1, "value": 316.0, "supply": [{"l": "Sugar non-centrifugal", "v": 316.0}]}, {"source": 8, "prod": 0.13434042867912652, "target": 1, "value": 162.0, "supply": [{"l": "Fish, Seafood", "v": 81.0}, {"l": "Pelagic Fish", "v": 78.0}, {"l": "Marine Fish, Other", "v": 3.0}]}, {"source": 0, "prod": 7.4964691121059319, "target": 9, "value": 913.0, "supply": [{"l": "Beer", "v": 31.0}, {"l": "Beverages, Alcoholic", "v": 176.0}, {"l": "Fats, Animals, Raw", "v": 68.0}, {"l": "Butter, Ghee", "v": 637.0}, {"l": "Beverages, Fermented", "v": 1.0}]}, {"source": 2, "prod": 26.290524984419793, "target": 9, "value": 29302.0, "supply": [{"l": "Meat, Other", "v": 94.0}, {"l": "Pigmeat", "v": 157.0}, {"l": "Mutton & Goat Meat", "v": 809.0}, {"l": "Poultry Meat", "v": 192.0}, {"l": "Milk - Excluding Butter", "v": 25601.0}, {"l": "Offals, Edible", "v": 452.0}, {"l": "Bovine Meat", "v": 1714.0}, {"l": "Eggs", "v": 283.0}]}, {"source": 3, "prod": 374.48047113736271, "target": 9, "value": 96461.0, "supply": [{"l": "Maize", "v": 5376.0}, {"l": "Barley", "v": 1893.0}, {"l": "Cereals, Other", "v": 6.0}, {"l": "Rice", "v": 45549.0}, {"l": "Wheat", "v": 26502.0}, {"l": "Oats", "v": 1.0}, {"l": "Sorghum", "v": 8845.0}, {"l": "Millet", "v": 8289.0}]}, {"source": 4, "prod": 7.9805371655845416, "target": 9, "value": 3468.0, "supply": [{"l": "Olives", "v": 9.0}, {"l": "Coconuts - Incl Copra", "v": 2988.0}, {"l": "Sesame seed", "v": 100.0}, {"l": "Groundnuts", "v": 242.0}, {"l": "Oilcrops, Other", "v": 43.0}, {"l": "Soyabeans", "v": 2.0}, {"l": "Rape and Mustardseed", "v": 84.0}]}, {"source": 5, "prod": 67.565502274465317, "target": 9, "value": 58268.0, "supply": [{"l": "Roots, Other", "v": 44.0}, {"l": "Plantains", "v": 342.0}, {"l": "Nuts", "v": 331.0}, {"l": "Citrus, Other", "v": 34.0}, {"l": "Cocoa Beans", "v": 2.0}, {"l": "Tomatoes", "v": 625.0}, {"l": "Cloves", "v": 2.0}, {"l": "Coffee", "v": 45.0}, {"l": "Treenuts", "v": 331.0}, {"l": "Apples", "v": 189.0}, {"l": "Vegetables, Other", "v": 20861.0}, {"l": "Peas", "v": 704.0}, {"l": "Grapes", "v": 654.0}, {"l": "Dates", "v": 442.0}, {"l": "Potatoes", "v": 2615.0}, {"l": "Pimento", "v": 542.0}, {"l": "Pepper", "v": 3.0}, {"l": "Grapefruit", "v": 22.0}, {"l": "Pineapples", "v": 263.0}, {"l": "Beans", "v": 1808.0}, {"l": "Pulses, Other", "v": 7087.0}, {"l": "Lemons, Limes", "v": 452.0}, {"l": "Bananas", "v": 2693.0}, {"l": "Infant food", "v": 1.0}, {"l": "Spices, Other", "v": 413.0}, {"l": "Tea", "v": 218.0}, {"l": "Fruits, Other", "v": 10680.0}, {"l": "Sweet potatoes", "v": 1228.0}, {"l": "Oranges, Mandarines", "v": 1187.0}, {"l": "Onions", "v": 1562.0}, {"l": "Cassava", "v": 2888.0}]}, {"source": 6, "prod": 1.9281312506992896, "target": 9, "value": 6041.0, "supply": [{"l": "Sugar cane", "v": 6041.0}]}, {"source": 7, "prod": 48.140302588126453, "target": 9, "value": 11808.0, "supply": [{"l": "Sugar", "v": 3661.0}, {"l": "Sugar non-centrifugal", "v": 7862.0}, {"l": "Sweeteners, Other", "v": 260.0}, {"l": "Honey", "v": 25.0}]}, {"source": 8, "prod": 3.1466508224669276, "target": 9, "value": 4047.0, "supply": [{"l": "Freshwater Fish", "v": 983.0}, {"l": "Marine Fish, Other", "v": 56.0}, {"l": "Crustaceans", "v": 112.0}, {"l": "Demersal Fish", "v": 311.0}, {"l": "Fish, Seafood", "v": 2024.0}, {"l": "Pelagic Fish", "v": 559.0}, {"l": "Cephalopods", "v": 1.0}, {"l": "Molluscs, Other", "v": 1.0}]}, {"source": 10, "prod": 24.290413720940656, "target": 9, "value": 2365.0, "supply": [{"l": "Ricebran Oil", "v": 20.0}, {"l": "Groundnut Oil", "v": 1202.0}, {"l": "Soyabean Oil", "v": 89.0}, {"l": "Sunflowerseed Oil", "v": 23.0}, {"l": "Olive Oil", "v": 2.0}, {"l": "Coconut Oil", "v": 232.0}, {"l": "Rape and Mustard Oil", "v": 351.0}, {"l": "Oilcrops Oil, Other", "v": 116.0}, {"l": "Sesameseed Oil", "v": 166.0}, {"l": "Cottonseed Oil", "v": 164.0}]}, {"source": 2, "prod": 0.0014982411736058823, "target": 11, "value": 1.0, "supply": [{"l": "Meat, Other", "v": 1.0}]}, {"source": 3, "prod": 0.64160121437721795, "target": 11, "value": 159.0, "supply": [{"l": "Maize", "v": 4.0}, {"l": "Rice", "v": 136.0}, {"l": "Barley", "v": 19.0}]}, {"source": 4, "prod": 44.634131272890777, "target": 11, "value": 9750.0, "supply": [{"l": "Olives", "v": 7.0}, {"l": "Soyabeans", "v": 9.0}, {"l": "Sunflower seed", "v": 14.0}, {"l": "Coconuts - Incl Copra", "v": 2851.0}, {"l": "Sesame seed", "v": 420.0}, {"l": "Cottonseed", "v": 1290.0}, {"l": "Rape and Mustardseed", "v": 1134.0}, {"l": "Groundnuts", "v": 3379.0}, {"l": "Oilcrops, Other", "v": 646.0}]}, {"source": 5, "prod": 0.055249069974756829, "target": 11, "value": 72.0, "supply": [{"l": "Potatoes", "v": 25.0}, {"l": "Fruits, Other", "v": 29.0}, {"l": "Apples", "v": 1.0}, {"l": "Lemons, Limes", "v": 16.0}, {"l": "Grapes", "v": 1.0}]}, {"source": 6, "prod": 35.510681458417743, "target": 11, "value": 111258.0, "supply": [{"l": "Sugar beet", "v": 1135.0}, {"l": "Sugar cane", "v": 110123.0}]}, {"source": 7, "prod": 0.87099546009204243, "target": 11, "value": 273.0, "supply": [{"l": "Sugar", "v": 2.0}, {"l": "Sweeteners, Other", "v": 271.0}]}, {"source": 0, "prod": 2.4973275779410447, "target": 12, "value": 495.0, "supply": [{"l": "Alcohol, Non-Food", "v": 248.0}, {"l": "Beverages, Alcoholic", "v": 71.0}, {"l": "Fats, Animals, Raw", "v": 176.0}]}, {"source": 3, "prod": 0.41938824010238079, "target": 12, "value": 107.0, "supply": [{"l": "Maize", "v": 40.0}, {"l": "Barley", "v": 2.0}, {"l": "Rice", "v": 63.0}, {"l": "Wheat", "v": 2.0}]}, {"source": 4, "prod": 0.14282268402550077, "target": 12, "value": 25.0, "supply": [{"l": "Cottonseed", "v": 16.0}, {"l": "Rape and Mustardseed", "v": 8.0}, {"l": "Oilcrops, Other", "v": 1.0}]}, {"source": 5, "prod": 0.026965862644883369, "target": 12, "value": 32.0, "supply": [{"l": "Potatoes", "v": 32.0}]}, {"source": 8, "prod": 0.017211365618800482, "target": 12, "value": 22.0, "supply": [{"l": "Fish, Seafood", "v": 11.0}, {"l": "Demersal Fish", "v": 11.0}]}, {"source": 10, "prod": 2.5752980121224458, "target": 12, "value": 255.0, "supply": [{"l": "Ricebran Oil", "v": 8.0}, {"l": "Coconut Oil", "v": 12.0}, {"l": "Rape and Mustard Oil", "v": 22.0}, {"l": "Cottonseed Oil", "v": 60.0}, {"l": "Oilcrops Oil, Other", "v": 95.0}, {"l": "Sesameseed Oil", "v": 3.0}, {"l": "Soyabean Oil", "v": 14.0}, {"l": "Palm Oil", "v": 38.0}, {"l": "Sunflowerseed Oil", "v": 3.0}]}, {"source": 5, "prod": 3.9873479072204736, "target": 5, "value": 1467.0, "supply": [{"l": "Potatoes", "v": 593.0}, {"l": "Peas", "v": 56.0}, {"l": "Beans", "v": 223.0}, {"l": "Onions", "v": 11.0}, {"l": "Pulses, Other", "v": 584.0}]}, {"source": 6, "prod": 2.1844281211365564, "target": 6, "value": 6844.0, "supply": [{"l": "Sugar cane", "v": 6844.0}]}, {"source": 2, "prod": 0.034731954479045458, "target": 2, "value": 18.0, "supply": [{"l": "Eggs", "v": 18.0}]}, {"source": 3, "prod": 25.021838677762506, "target": 3, "value": 6471.0, "supply": [{"l": "Maize", "v": 369.0}, {"l": "Wheat", "v": 1879.0}, {"l": "Millet", "v": 280.0}, {"l": "Barley", "v": 361.0}, {"l": "Rice", "v": 3239.0}, {"l": "Sorghum", "v": 343.0}]}, {"source": 4, "prod": 3.9711600607122093, "target": 4, "value": 693.0, "supply": [{"l": "Soyabeans", "v": 2.0}, {"l": "Sesame seed", "v": 13.0}, {"l": "Cottonseed", "v": 244.0}, {"l": "Groundnuts", "v": 381.0}, {"l": "Rape and Mustardseed", "v": 21.0}, {"l": "Oilcrops, Other", "v": 32.0}]}, {"source": 5, "prod": 4.2424962514980136, "target": 13, "value": 5450.0, "supply": [{"l": "Roots, Other", "v": 7.0}, {"l": "Plantains", "v": 38.0}, {"l": "Nuts", "v": 7.0}, {"l": "Citrus, Other", "v": 3.0}, {"l": "Grapefruit", "v": 2.0}, {"l": "Tomatoes", "v": 70.0}, {"l": "Pepper", "v": 1.0}, {"l": "Treenuts", "v": 7.0}, {"l": "Vegetables, Other", "v": 1899.0}, {"l": "Peas", "v": 27.0}, {"l": "Grapes", "v": 72.0}, {"l": "Dates", "v": 33.0}, {"l": "Potatoes", "v": 566.0}, {"l": "Pimento", "v": 27.0}, {"l": "Coffee", "v": 1.0}, {"l": "Beans", "v": 88.0}, {"l": "Apples", "v": 19.0}, {"l": "Lemons, Limes", "v": 48.0}, {"l": "Pineapples", "v": 9.0}, {"l": "Bananas", "v": 598.0}, {"l": "Spices, Other", "v": 5.0}, {"l": "Tea", "v": 5.0}, {"l": "Fruits, Other", "v": 1229.0}, {"l": "Sweet potatoes", "v": 87.0}, {"l": "Oranges, Mandarines", "v": 98.0}, {"l": "Pulses, Other", "v": 247.0}, {"l": "Onions", "v": 97.0}, {"l": "Cassava", "v": 160.0}]}, {"source": 6, "prod": 0.55823564930856773, "target": 13, "value": 1749.0, "supply": [{"l": "Sugar cane", "v": 1749.0}]}, {"source": 2, "prod": 1.2078806400310349, "target": 13, "value": 1536.0, "supply": [{"l": "Eggs", "v": 30.0}, {"l": "Milk - Excluding Butter", "v": 1506.0}]}, {"source": 3, "prod": 17.55933773940616, "target": 13, "value": 4562.0, "supply": [{"l": "Maize", "v": 663.0}, {"l": "Barley", "v": 121.0}, {"l": "Rice", "v": 1907.0}, {"l": "Wheat", "v": 786.0}, {"l": "Sorghum", "v": 659.0}, {"l": "Millet", "v": 426.0}]}, {"source": 4, "prod": 2.0360651433590471, "target": 13, "value": 435.0, "supply": [{"l": "Coconuts - Incl Copra", "v": 114.0}, {"l": "Sesame seed", "v": 9.0}, {"l": "Cottonseed", "v": 130.0}, {"l": "Groundnuts", "v": 126.0}, {"l": "Oilcrops, Other", "v": 13.0}, {"l": "Soyabeans", "v": 1.0}, {"l": "Rape and Mustardseed", "v": 42.0}]}, {"source": 14, "prod": 6.4435039469763975, "target": 11, "value": 1139.0, "supply": [{"l": "Sugar", "v": 812.0}, {"l": "Beer", "v": 2.0}, {"l": "Beverages, Alcoholic", "v": 1.0}, {"l": "Butter, Ghee", "v": 14.0}, {"l": "Fats, Animals, Raw", "v": 83.0}, {"l": "Soyabean Oil", "v": 104.0}, {"l": "Palm Oil", "v": 38.0}, {"l": "Sunflowerseed Oil", "v": 22.0}, {"l": "Olive Oil", "v": 1.0}, {"l": "Coconut Oil", "v": 12.0}, {"l": "Rape and Mustard Oil", "v": 5.0}, {"l": "Oilcrops Oil, Other", "v": 24.0}, {"l": "Sweeteners, Other", "v": 3.0}, {"l": "Fish, Body Oil", "v": 1.0}, {"l": "Cottonseed Oil", "v": 17.0}]}, {"source": 14, "prod": 36.081682135517916, "target": 3, "value": 9771.0, "supply": [{"l": "Maize", "v": 175.0}, {"l": "Barley", "v": 6.0}, {"l": "Rice", "v": 1728.0}, {"l": "Cereals, Other", "v": 6.0}, {"l": "Wheat", "v": 7853.0}, {"l": "Oats", "v": 3.0}]}, {"source": 14, "prod": 1.5814961213607335, "target": 4, "value": 574.0, "supply": [{"l": "Coconuts - Incl Copra", "v": 428.0}, {"l": "Sesame seed", "v": 1.0}, {"l": "Oilcrops, Other", "v": 2.0}, {"l": "Groundnuts", "v": 1.0}, {"l": "Rape and Mustardseed", "v": 142.0}]}, {"source": 14, "prod": 1.8892505495373701, "target": 5, "value": 911.0, "supply": [{"l": "Vegetables, Other", "v": 6.0}, {"l": "Nuts", "v": 178.0}, {"l": "Infant food", "v": 1.0}, {"l": "Pulses, Other", "v": 78.0}, {"l": "Cloves", "v": 2.0}, {"l": "Pepper", "v": 1.0}, {"l": "Treenuts", "v": 178.0}, {"l": "Peas", "v": 17.0}, {"l": "Grapes", "v": 44.0}, {"l": "Pimento", "v": 22.0}, {"l": "Dates", "v": 79.0}, {"l": "Cocoa Beans", "v": 2.0}, {"l": "Potatoes", "v": 115.0}, {"l": "Beans", "v": 13.0}, {"l": "Apples", "v": 1.0}, {"l": "Bananas", "v": 2.0}, {"l": "Spices, Other", "v": 20.0}, {"l": "Tea", "v": 33.0}, {"l": "Fruits, Other", "v": 38.0}, {"l": "Oranges, Mandarines", "v": 2.0}, {"l": "Onions", "v": 69.0}, {"l": "Cassava", "v": 10.0}]}, {"source": 14, "prod": 0.82161013662870863, "target": 1, "value": 1056.0, "supply": [{"l": "Freshwater Fish", "v": 19.0}, {"l": "Crustaceans", "v": 3.0}, {"l": "Marine Fish, Other", "v": 3.0}, {"l": "Milk - Excluding Butter", "v": 788.0}, {"l": "Fish, Seafood", "v": 133.0}, {"l": "Pelagic Fish", "v": 109.0}, {"l": "Bovine Meat", "v": 1.0}]}, {"source": 0, "prod": 0.019925588397275512, "target": 15, "value": 2.0, "supply": [{"l": "Butter, Ghee", "v": 2.0}]}, {"source": 3, "prod": 2.5878401342900514, "target": 15, "value": 617.0, "supply": [{"l": "Barley", "v": 2.0}, {"l": "Rice", "v": 606.0}, {"l": "Wheat", "v": 9.0}]}, {"source": 4, "prod": 1.946473610587651, "target": 15, "value": 695.0, "supply": [{"l": "Coconuts - Incl Copra", "v": 511.0}, {"l": "Sesame seed", "v": 2.0}, {"l": "Groundnuts", "v": 29.0}, {"l": "Oilcrops, Other", "v": 8.0}, {"l": "Cottonseed", "v": 5.0}, {"l": "Rape and Mustardseed", "v": 140.0}]}, {"source": 5, "prod": 2.2024500785511028, "target": 15, "value": 1419.0, "supply": [{"l": "Nuts", "v": 204.0}, {"l": "Pepper", "v": 17.0}, {"l": "Treenuts", "v": 203.0}, {"l": "Vegetables, Other", "v": 13.0}, {"l": "Grapes", "v": 169.0}, {"l": "Dates", "v": 23.0}, {"l": "Cocoa Beans", "v": 2.0}, {"l": "Potatoes", "v": 5.0}, {"l": "Pimento", "v": 15.0}, {"l": "Coffee", "v": 32.0}, {"l": "Pulses, Other", "v": 13.0}, {"l": "Bananas", "v": 8.0}, {"l": "Spices, Other", "v": 34.0}, {"l": "Tea", "v": 438.0}, {"l": "Fruits, Other", "v": 61.0}, {"l": "Oranges, Mandarines", "v": 5.0}, {"l": "Onions", "v": 115.0}, {"l": "Cassava", "v": 62.0}]}, {"source": 6, "prod": 0.025533934788270679, "target": 15, "value": 80.0, "supply": [{"l": "Sugar cane", "v": 80.0}]}, {"source": 7, "prod": 1.1055221230099535, "target": 15, "value": 270.0, "supply": [{"l": "Sugar", "v": 266.0}, {"l": "Sugar non-centrifugal", "v": 3.0}, {"l": "Sweeteners, Other", "v": 1.0}]}, {"source": 8, "prod": 0.19071324870264345, "target": 15, "value": 247.0, "supply": [{"l": "Crustaceans", "v": 24.0}, {"l": "Marine Fish, Other", "v": 6.0}, {"l": "Demersal Fish", "v": 23.0}, {"l": "Freshwater Fish", "v": 26.0}, {"l": "Fish, Seafood", "v": 124.0}, {"l": "Pelagic Fish", "v": 44.0}]}, {"source": 10, "prod": 2.3879497733387018, "target": 15, "value": 232.0, "supply": [{"l": "Groundnut Oil", "v": 57.0}, {"l": "Coconut Oil", "v": 122.0}, {"l": "Rape and Mustard Oil", "v": 5.0}, {"l": "Oilcrops Oil, Other", "v": 47.0}, {"l": "Cottonseed Oil", "v": 1.0}]}, {"source": 16, "prod": 0.034864369929252757, "target": 5, "value": 12.0, "supply": [{"l": "Tea", "v": 2.0}, {"l": "Nuts", "v": 2.0}, {"l": "Pepper", "v": 6.0}, {"l": "Treenuts", "v": 2.0}]}, {"source": 10, "prod": 0.020832026194736113, "target": 17, "value": 2.0, "supply": [{"l": "Rape and Mustard Oil", "v": 1.0}, {"l": "Coconut Oil", "v": 1.0}]}, {"source": 3, "prod": 9.4305602480323358, "target": 17, "value": 2632.0, "supply": [{"l": "Wheat", "v": 2603.0}, {"l": "Millet", "v": 23.0}, {"l": "Barley", "v": 6.0}]}, {"source": 16, "prod": 0.48943894771281887, "target": 4, "value": 85.0, "supply": [{"l": "Sesame seed", "v": 6.0}, {"l": "Groundnuts", "v": 72.0}, {"l": "Oilcrops, Other", "v": 7.0}]}, {"source": 4, "prod": 0.036741033552309108, "target": 17, "value": 21.0, "supply": [{"l": "Coconuts - Incl Copra", "v": 21.0}]}, {"source": 16, "prod": 2.12645622487894, "target": 11, "value": 282.0, "supply": [{"l": "Soyabean Oil", "v": 2.0}, {"l": "Sugar", "v": 125.0}, {"l": "Oilcrops Oil, Other", "v": 5.0}, {"l": "Groundnut Oil", "v": 150.0}]}, {"source": 7, "prod": 0.0031837624939125004, "target": 17, "value": 1.0, "supply": [{"l": "Sweeteners, Other", "v": 1.0}]}, {"source": 16, "prod": 16.922708733236856, "target": 3, "value": 4022.0, "supply": [{"l": "Rice", "v": 4022.0}]}, {"source": 18, "prod": 400.579155418011, "target": 3, "value": 102448.0, "supply": [{"l": "Maize", "v": 6797.0}, {"l": "Barley", "v": 3284.0}, {"l": "Rice", "v": 54240.0}, {"l": "Wheat", "v": 19041.0}, {"l": "Sorghum", "v": 9978.0}, {"l": "Millet", "v": 9108.0}]}, {"source": 18, "prod": 68.243161066480127, "target": 4, "value": 16075.0, "supply": [{"l": "Olives", "v": 16.0}, {"l": "Sunflower seed", "v": 14.0}, {"l": "Coconuts - Incl Copra", "v": 6015.0}, {"l": "Sesame seed", "v": 548.0}, {"l": "Cottonseed", "v": 3199.0}, {"l": "Groundnuts", "v": 4230.0}, {"l": "Oilcrops, Other", "v": 752.0}, {"l": "Soyabeans", "v": 12.0}, {"l": "Rape and Mustardseed", "v": 1289.0}]}, {"source": 18, "prod": 80.695958922575912, "target": 5, "value": 66994.0, "supply": [{"l": "Roots, Other", "v": 51.0}, {"l": "Plantains", "v": 380.0}, {"l": "Nuts", "v": 365.0}, {"l": "Citrus, Other", "v": 38.0}, {"l": "Tomatoes", "v": 695.0}, {"l": "Coffee", "v": 78.0}, {"l": "Treenuts", "v": 365.0}, {"l": "Apples", "v": 209.0}, {"l": "Vegetables, Other", "v": 22767.0}, {"l": "Peas", "v": 804.0}, {"l": "Grapes", "v": 852.0}, {"l": "Dates", "v": 419.0}, {"l": "Cocoa Beans", "v": 3.0}, {"l": "Potatoes", "v": 3722.0}, {"l": "Pimento", "v": 562.0}, {"l": "Pepper", "v": 27.0}, {"l": "Grapefruit", "v": 24.0}, {"l": "Pineapples", "v": 272.0}, {"l": "Beans", "v": 2209.0}, {"l": "Pulses, Other", "v": 8786.0}, {"l": "Lemons, Limes", "v": 516.0}, {"l": "Bananas", "v": 3297.0}, {"l": "Spices, Other", "v": 433.0}, {"l": "Tea", "v": 630.0}, {"l": "Fruits, Other", "v": 11961.0}, {"l": "Sweet potatoes", "v": 1332.0}, {"l": "Oranges, Mandarines", "v": 1289.0}, {"l": "Onions", "v": 1716.0}, {"l": "Cassava", "v": 3192.0}]}, {"source": 18, "prod": 40.720242503594662, "target": 6, "value": 127580.0, "supply": [{"l": "Sugar beet", "v": 1135.0}, {"l": "Sugar cane", "v": 126445.0}]}, {"source": 1, "prod": 3.4889158654674981, "target": 8, "value": 4478.0, "supply": [{"l": "Pelagic Fish", "v": 681.0}, {"l": "Crustaceans", "v": 136.0}, {"l": "Freshwater Fish", "v": 1009.0}, {"l": "Molluscs, Other", "v": 1.0}, {"l": "Demersal Fish", "v": 345.0}, {"l": "Fish, Seafood", "v": 2240.0}, {"l": "Marine Fish, Other", "v": 65.0}, {"l": "Cephalopods", "v": 1.0}]}, {"source": 1, "prod": 30.3580896068447, "target": 2, "value": 34582.0, "supply": [{"l": "Poultry Meat", "v": 192.0}, {"l": "Pigmeat", "v": 157.0}, {"l": "Bovine Meat", "v": 1714.0}, {"l": "Eggs", "v": 331.0}, {"l": "Milk - Excluding Butter", "v": 30850.0}, {"l": "Offals, Edible", "v": 452.0}, {"l": "Meat, Other", "v": 95.0}, {"l": "Mutton & Goat Meat", "v": 809.0}]}, {"source": 11, "prod": 10.03217510595999, "target": 0, "value": 1412.0, "supply": [{"l": "Fats, Animals, Raw", "v": 244.0}, {"l": "Alcohol, Non-Food", "v": 248.0}, {"l": "Beverages, Fermented", "v": 1.0}, {"l": "Fish, Body Oil", "v": 2.0}, {"l": "Beer", "v": 31.0}, {"l": "Beverages, Alcoholic", "v": 247.0}, {"l": "Butter, Ghee", "v": 639.0}]}, {"source": 11, "prod": 29.274493532596537, "target": 10, "value": 2854.0, "supply": [{"l": "Olive Oil", "v": 2.0}, {"l": "Ricebran Oil", "v": 28.0}, {"l": "Sesameseed Oil", "v": 169.0}, {"l": "Soyabean Oil", "v": 103.0}, {"l": "Coconut Oil", "v": 367.0}, {"l": "Rape and Mustard Oil", "v": 379.0}, {"l": "Palm Oil", "v": 38.0}, {"l": "Groundnut Oil", "v": 1259.0}, {"l": "Cottonseed Oil", "v": 225.0}, {"l": "Oilcrops Oil, Other", "v": 258.0}, {"l": "Sunflowerseed Oil", "v": 26.0}]}, {"source": 11, "prod": 51.414944163919643, "target": 7, "value": 12668.0, "supply": [{"l": "Honey", "v": 25.0}, {"l": "Sweeteners, Other", "v": 533.0}, {"l": "Sugar non-centrifugal", "v": 8181.0}, {"l": "Sugar", "v": 3929.0}]}]}