{"nodes": [{"layer": 5, "name": "Starchy Roots"}, {"layer": 10, "name": "Feed", "fill": "#dbdb8d"}, {"layer": 5, "name": "Oilcrops", "fill": "#ff9896"}, {"layer": 5, "name": "Sugar Crops", "fill": "#ffbb78"}, {"layer": 13, "name": "Animal Fats"}, {"layer": 13, "name": "Milk - Excluding Butter"}, {"layer": 5, "name": "Pulses"}, {"layer": 13, "name": "Fish, Seafood"}, {"layer": 13, "name": "Sugar & Sweeteners"}, {"layer": 5, "name": "Cereals - Excluding Beer"}, {"layer": 16, "name": "Food", "fill": "#b5cf6b"}, {"layer": 5, "name": "Treenuts"}, {"layer": 5, "name": "Vegetables"}, {"layer": 13, "name": "Alcoholic Beverages"}, {"layer": 5, "name": "Others"}, {"layer": 13, "name": "Vegetable Oils", "fill": "#f7b6d2"}, {"layer": 5, "name": "Spices"}, {"layer": 5, "name": "Stimulants"}, {"layer": 13, "name": "Eggs"}, {"layer": 5, "name": "Fruits - Excluding Wine"}, {"layer": 13, "name": "Meat"}, {"layer": 10, "name": "Processing", "fill": "#9edae5"}, {"layer": 16, "name": "Biofuels & Other", "fill": "#e7ba52"}, {"name": "Waste", "fill": "#c7c7c7"}, {"layer": 0, "name": "Import", "fill": "#aec7e8"}, {"layer": 16, "name": "Export", "fill": "#aec7e8"}, {"layer": 16, "name": "Stock Deposit", "fill": "#c7c7c7"}, {"layer": 0, "name": "Stock Draw", "fill": "#c7c7c7"}, {"layer": 0, "name": "Production", "fill": "#b5cf6b"}], "links": [{"source": 0, "prod": 0.12055243037448042, "target": 1, "value": 114.0, "supply": [{"l": "Sweet potatoes", "v": 18.0}, {"l": "Cassava", "v": 96.0}]}, {"source": 2, "prod": 9.9483313017455295, "target": 1, "value": 1687.0, "supply": [{"l": "Cottonseed", "v": 1675.0}, {"l": "Oilcrops, Other", "v": 12.0}]}, {"source": 3, "prod": 0.50170499079895869, "target": 1, "value": 1434.0, "supply": [{"l": "Sugar beet", "v": 23.0}, {"l": "Sugar cane", "v": 1411.0}]}, {"source": 4, "prod": 0.017446375282298296, "target": 1, "value": 2.0, "supply": [{"l": "Fish, Body Oil", "v": 2.0}]}, {"source": 5, "prod": 2.9120226732094725, "target": 1, "value": 3965.0, "supply": [{"l": "Milk - Excluding Butter", "v": 3965.0}]}, {"source": 6, "prod": 3.7049002327749356, "target": 1, "value": 916.0, "supply": [{"l": "Peas", "v": 33.0}, {"l": "Beans", "v": 100.0}, {"l": "Pulses, Other", "v": 783.0}]}, {"source": 7, "prod": 0.18011629563789397, "target": 1, "value": 196.0, "supply": [{"l": "Pelagic Fish", "v": 74.0}, {"l": "Fish, Seafood", "v": 98.0}, {"l": "Marine Fish, Other", "v": 24.0}]}, {"source": 8, "prod": 1.1714471057740767, "target": 1, "value": 288.0, "supply": [{"l": "Sugar non-centrifugal", "v": 288.0}]}, {"source": 9, "prod": 9.6813126705486994, "target": 1, "value": 2850.0, "supply": [{"l": "Maize", "v": 551.0}, {"l": "Rice", "v": 457.0}, {"l": "Wheat", "v": 392.0}, {"l": "Millet", "v": 139.0}, {"l": "Barley", "v": 1175.0}, {"l": "Sorghum", "v": 136.0}]}, {"source": 5, "prod": 19.165001679041914, "target": 10, "value": 26095.0, "supply": [{"l": "Milk - Excluding Butter", "v": 26095.0}]}, {"source": 2, "prod": 8.1226685766581141, "target": 10, "value": 3551.0, "supply": [{"l": "Olives", "v": 9.0}, {"l": "Coconuts - Incl Copra", "v": 3082.0}, {"l": "Sesame seed", "v": 94.0}, {"l": "Groundnuts", "v": 253.0}, {"l": "Oilcrops, Other", "v": 26.0}, {"l": "Soyabeans", "v": 5.0}, {"l": "Rape and Mustardseed", "v": 82.0}]}, {"source": 8, "prod": 51.121384259480898, "target": 10, "value": 12665.0, "supply": [{"l": "Sugar", "v": 4346.0}, {"l": "Sugar non-centrifugal", "v": 7970.0}, {"l": "Sweeteners, Other", "v": 312.0}, {"l": "Honey", "v": 37.0}]}, {"source": 11, "prod": 0.88591652004521748, "target": 10, "value": 320.0, "supply": [{"l": "Treenuts", "v": 320.0}]}, {"source": 12, "prod": 7.2160801952803597, "target": 10, "value": 26059.0, "supply": [{"l": "Tomatoes", "v": 683.0}, {"l": "Vegetables, Other", "v": 23339.0}, {"l": "Onions", "v": 2037.0}]}, {"source": 13, "prod": 0.61819451967325478, "target": 10, "value": 237.0, "supply": [{"l": "Beer", "v": 40.0}, {"l": "Beverages, Alcoholic", "v": 196.0}, {"l": "Beverages, Fermented", "v": 1.0}]}, {"source": 3, "prod": 1.7699620282091579, "target": 10, "value": 5059.0, "supply": [{"l": "Sugar cane", "v": 5059.0}]}, {"source": 4, "prod": 7.046084468850796, "target": 10, "value": 740.0, "supply": [{"l": "Fats, Animals, Raw", "v": 76.0}, {"l": "Butter, Ghee", "v": 664.0}]}, {"source": 0, "prod": 9.191545498672177, "target": 10, "value": 9515.0, "supply": [{"l": "Roots, Other", "v": 49.0}, {"l": "Potatoes", "v": 3613.0}, {"l": "Sweet potatoes", "v": 1952.0}, {"l": "Cassava", "v": 3901.0}]}, {"source": 6, "prod": 33.317091816060326, "target": 10, "value": 8293.0, "supply": [{"l": "Peas", "v": 715.0}, {"l": "Beans", "v": 1778.0}, {"l": "Pulses, Other", "v": 5800.0}]}, {"source": 7, "prod": 3.6843412886063907, "target": 10, "value": 4307.0, "supply": [{"l": "Freshwater Fish", "v": 1114.0}, {"l": "Marine Fish, Other", "v": 58.0}, {"l": "Crustaceans", "v": 100.0}, {"l": "Demersal Fish", "v": 308.0}, {"l": "Fish, Seafood", "v": 2153.0}, {"l": "Pelagic Fish", "v": 572.0}, {"l": "Cephalopods", "v": 1.0}, {"l": "Molluscs, Other", "v": 1.0}]}, {"source": 14, "prod": 0.89870096446521752, "target": 10, "value": 331.0, "supply": [{"l": "Nuts", "v": 320.0}, {"l": "Infant food", "v": 11.0}]}, {"source": 9, "prod": 405.6957374388341, "target": 10, "value": 104954.0, "supply": [{"l": "Maize", "v": 6905.0}, {"l": "Barley", "v": 2146.0}, {"l": "Cereals, Other", "v": 6.0}, {"l": "Rice", "v": 47051.0}, {"l": "Wheat", "v": 28886.0}, {"l": "Sorghum", "v": 11252.0}, {"l": "Millet", "v": 8708.0}]}, {"source": 15, "prod": 26.120078063846144, "target": 10, "value": 2509.0, "supply": [{"l": "Ricebran Oil", "v": 28.0}, {"l": "Groundnut Oil", "v": 1197.0}, {"l": "Soyabean Oil", "v": 111.0}, {"l": "Palm Oil", "v": 1.0}, {"l": "Sunflowerseed Oil", "v": 24.0}, {"l": "Olive Oil", "v": 2.0}, {"l": "Coconut Oil", "v": 239.0}, {"l": "Rape and Mustard Oil", "v": 452.0}, {"l": "Oilcrops Oil, Other", "v": 152.0}, {"l": "Sesameseed Oil", "v": 161.0}, {"l": "Cottonseed Oil", "v": 142.0}]}, {"source": 16, "prod": 2.9522820983437055, "target": 10, "value": 925.0, "supply": [{"l": "Cloves", "v": 1.0}, {"l": "Pimento", "v": 561.0}, {"l": "Pepper", "v": 5.0}, {"l": "Spices, Other", "v": 358.0}]}, {"source": 17, "prod": 0.30582606085063152, "target": 10, "value": 295.0, "supply": [{"l": "Coffee", "v": 53.0}, {"l": "Cocoa Beans", "v": 5.0}, {"l": "Tea", "v": 237.0}]}, {"source": 18, "prod": 0.58967140493312731, "target": 10, "value": 382.0, "supply": [{"l": "Eggs", "v": 382.0}]}, {"source": 19, "prod": 11.627226445143531, "target": 10, "value": 19356.0, "supply": [{"l": "Plantains", "v": 501.0}, {"l": "Citrus, Other", "v": 43.0}, {"l": "Apples", "v": 230.0}, {"l": "Grapes", "v": 731.0}, {"l": "Dates", "v": 458.0}, {"l": "Grapefruit", "v": 24.0}, {"l": "Pineapples", "v": 481.0}, {"l": "Lemons, Limes", "v": 475.0}, {"l": "Bananas", "v": 3271.0}, {"l": "Fruits, Other", "v": 11627.0}, {"l": "Oranges, Mandarines", "v": 1515.0}]}, {"source": 20, "prod": 6.6456506040880221, "target": 10, "value": 3688.0, "supply": [{"l": "Meat, Other", "v": 103.0}, {"l": "Pigmeat", "v": 164.0}, {"l": "Mutton & Goat Meat", "v": 855.0}, {"l": "Poultry Meat", "v": 236.0}, {"l": "Offals, Edible", "v": 486.0}, {"l": "Bovine Meat", "v": 1844.0}]}, {"source": 2, "prod": 46.049815125129484, "target": 21, "value": 9544.0, "supply": [{"l": "Olives", "v": 7.0}, {"l": "Soyabeans", "v": 10.0}, {"l": "Sunflower seed", "v": 16.0}, {"l": "Coconuts - Incl Copra", "v": 2526.0}, {"l": "Sesame seed", "v": 400.0}, {"l": "Cottonseed", "v": 1248.0}, {"l": "Rape and Mustardseed", "v": 1443.0}, {"l": "Groundnuts", "v": 3344.0}, {"l": "Oilcrops, Other", "v": 550.0}]}, {"source": 3, "prod": 39.131589826277505, "target": 21, "value": 111848.0, "supply": [{"l": "Sugar beet", "v": 2923.0}, {"l": "Sugar cane", "v": 108925.0}]}, {"source": 0, "prod": 0.027755878152057691, "target": 21, "value": 34.0, "supply": [{"l": "Potatoes", "v": 34.0}]}, {"source": 8, "prod": 0.8822534970355066, "target": 21, "value": 310.0, "supply": [{"l": "Sugar", "v": 4.0}, {"l": "Sweeteners, Other", "v": 306.0}]}, {"source": 9, "prod": 0.63706453935089069, "target": 21, "value": 160.0, "supply": [{"l": "Maize", "v": 6.0}, {"l": "Rice", "v": 130.0}, {"l": "Barley", "v": 24.0}]}, {"source": 19, "prod": 0.033478892983886982, "target": 21, "value": 49.0, "supply": [{"l": "Fruits, Other", "v": 33.0}, {"l": "Apples", "v": 1.0}, {"l": "Lemons, Limes", "v": 14.0}, {"l": "Grapes", "v": 1.0}]}, {"source": 20, "prod": 0.0015722283920555555, "target": 21, "value": 1.0, "supply": [{"l": "Meat, Other", "v": 1.0}]}, {"source": 2, "prod": 1.9281135188001313, "target": 22, "value": 327.0, "supply": [{"l": "Cottonseed", "v": 325.0}, {"l": "Rape and Mustardseed", "v": 1.0}, {"l": "Oilcrops, Other", "v": 1.0}]}, {"source": 4, "prod": 2.5856010556622731, "target": 22, "value": 335.0, "supply": [{"l": "Fats, Animals, Raw", "v": 335.0}]}, {"source": 0, "prod": 0.032653974296538463, "target": 22, "value": 40.0, "supply": [{"l": "Potatoes", "v": 40.0}]}, {"source": 7, "prod": 0.044659816019202714, "target": 22, "value": 50.0, "supply": [{"l": "Demersal Fish", "v": 25.0}, {"l": "Fish, Seafood", "v": 25.0}]}, {"source": 13, "prod": 1.0885435574424644, "target": 22, "value": 359.0, "supply": [{"l": "Alcohol, Non-Food", "v": 279.0}, {"l": "Beverages, Alcoholic", "v": 80.0}]}, {"source": 9, "prod": 1.4521309921850247, "target": 22, "value": 397.0, "supply": [{"l": "Maize", "v": 325.0}, {"l": "Wheat", "v": 2.0}, {"l": "Barley", "v": 1.0}, {"l": "Rice", "v": 69.0}]}, {"source": 15, "prod": 2.4604944252625138, "target": 22, "value": 243.0, "supply": [{"l": "Ricebran Oil", "v": 11.0}, {"l": "Soyabean Oil", "v": 11.0}, {"l": "Coconut Oil", "v": 14.0}, {"l": "Rape and Mustard Oil", "v": 32.0}, {"l": "Oilcrops Oil, Other", "v": 106.0}, {"l": "Palm Oil", "v": 14.0}, {"l": "Cottonseed Oil", "v": 52.0}, {"l": "Sunflowerseed Oil", "v": 3.0}]}, {"source": 2, "prod": 3.9285322663997406, "target": 2, "value": 665.0, "supply": [{"l": "Soyabeans", "v": 2.0}, {"l": "Sesame seed", "v": 12.0}, {"l": "Cottonseed", "v": 245.0}, {"l": "Groundnuts", "v": 354.0}, {"l": "Rape and Mustardseed", "v": 26.0}, {"l": "Oilcrops, Other", "v": 26.0}]}, {"source": 18, "prod": 0.03241649084710909, "target": 18, "value": 21.0, "supply": [{"l": "Eggs", "v": 21.0}]}, {"source": 3, "prod": 2.4014665668368571, "target": 3, "value": 6864.0, "supply": [{"l": "Sugar cane", "v": 6864.0}]}, {"source": 0, "prod": 0.62940535456577895, "target": 0, "value": 771.0, "supply": [{"l": "Potatoes", "v": 771.0}]}, {"source": 6, "prod": 3.1337145440195191, "target": 6, "value": 780.0, "supply": [{"l": "Peas", "v": 51.0}, {"l": "Beans", "v": 233.0}, {"l": "Pulses, Other", "v": 496.0}]}, {"source": 9, "prod": 25.923657018986372, "target": 9, "value": 6746.0, "supply": [{"l": "Maize", "v": 402.0}, {"l": "Wheat", "v": 2128.0}, {"l": "Millet", "v": 288.0}, {"l": "Barley", "v": 386.0}, {"l": "Rice", "v": 3190.0}, {"l": "Sorghum", "v": 352.0}]}, {"source": 12, "prod": 0.0082582235336979542, "target": 12, "value": 19.0, "supply": [{"l": "Onions", "v": 19.0}]}, {"source": 5, "prod": 1.1589336137010209, "target": 23, "value": 1578.0, "supply": [{"l": "Milk - Excluding Butter", "v": 1578.0}]}, {"source": 2, "prod": 2.1990481733705587, "target": 23, "value": 457.0, "supply": [{"l": "Coconuts - Incl Copra", "v": 120.0}, {"l": "Sesame seed", "v": 9.0}, {"l": "Cottonseed", "v": 144.0}, {"l": "Groundnuts", "v": 122.0}, {"l": "Oilcrops, Other", "v": 12.0}, {"l": "Soyabeans", "v": 1.0}, {"l": "Rape and Mustardseed", "v": 49.0}]}, {"source": 11, "prod": 0.016610934750847826, "target": 23, "value": 6.0, "supply": [{"l": "Treenuts", "v": 6.0}]}, {"source": 12, "prod": 0.62734147941454677, "target": 23, "value": 2302.0, "supply": [{"l": "Tomatoes", "v": 76.0}, {"l": "Vegetables, Other", "v": 2100.0}, {"l": "Onions", "v": 126.0}]}, {"source": 3, "prod": 0.52549574350072248, "target": 23, "value": 1502.0, "supply": [{"l": "Sugar cane", "v": 1502.0}]}, {"source": 0, "prod": 1.0077858743044983, "target": 23, "value": 1128.0, "supply": [{"l": "Roots, Other", "v": 8.0}, {"l": "Potatoes", "v": 768.0}, {"l": "Sweet potatoes", "v": 142.0}, {"l": "Cassava", "v": 210.0}]}, {"source": 6, "prod": 1.2679341227188725, "target": 23, "value": 316.0, "supply": [{"l": "Peas", "v": 27.0}, {"l": "Beans", "v": 87.0}, {"l": "Pulses, Other", "v": 202.0}]}, {"source": 14, "prod": 0.016610934750847826, "target": 23, "value": 6.0, "supply": [{"l": "Nuts", "v": 6.0}]}, {"source": 9, "prod": 18.936213296920634, "target": 23, "value": 4948.0, "supply": [{"l": "Maize", "v": 823.0}, {"l": "Barley", "v": 141.0}, {"l": "Rice", "v": 1923.0}, {"l": "Wheat", "v": 891.0}, {"l": "Sorghum", "v": 704.0}, {"l": "Millet", "v": 466.0}]}, {"source": 16, "prod": 0.10757670421026283, "target": 23, "value": 34.0, "supply": [{"l": "Pepper", "v": 1.0}, {"l": "Pimento", "v": 28.0}, {"l": "Spices, Other", "v": 5.0}]}, {"source": 17, "prod": 0.0061678351889537814, "target": 23, "value": 6.0, "supply": [{"l": "Coffee", "v": 1.0}, {"l": "Tea", "v": 5.0}]}, {"source": 18, "prod": 0.061745696851636361, "target": 23, "value": 40.0, "supply": [{"l": "Eggs", "v": 40.0}]}, {"source": 19, "prod": 1.4821533763045791, "target": 23, "value": 2425.0, "supply": [{"l": "Plantains", "v": 56.0}, {"l": "Citrus, Other", "v": 4.0}, {"l": "Grapefruit", "v": 2.0}, {"l": "Grapes", "v": 89.0}, {"l": "Dates", "v": 33.0}, {"l": "Apples", "v": 23.0}, {"l": "Lemons, Limes", "v": 50.0}, {"l": "Pineapples", "v": 16.0}, {"l": "Bananas", "v": 720.0}, {"l": "Fruits, Other", "v": 1298.0}, {"l": "Oranges, Mandarines", "v": 134.0}]}, {"source": 24, "prod": 0.44466874794204353, "target": 14, "value": 167.0, "supply": [{"l": "Nuts", "v": 156.0}, {"l": "Infant food", "v": 11.0}]}, {"source": 24, "prod": 0.70533925882688242, "target": 1, "value": 895.0, "supply": [{"l": "Crustaceans", "v": 1.0}, {"l": "Eggs", "v": 1.0}, {"l": "Marine Fish, Other", "v": 24.0}, {"l": "Milk - Excluding Butter", "v": 644.0}, {"l": "Fish, Seafood", "v": 124.0}, {"l": "Pelagic Fish", "v": 100.0}, {"l": "Bovine Meat", "v": 1.0}]}, {"source": 24, "prod": 53.172077632763994, "target": 9, "value": 14485.0, "supply": [{"l": "Maize", "v": 394.0}, {"l": "Barley", "v": 5.0}, {"l": "Rice", "v": 1611.0}, {"l": "Cereals, Other", "v": 6.0}, {"l": "Wheat", "v": 10361.0}, {"l": "Oats", "v": 1.0}, {"l": "Sorghum", "v": 2107.0}]}, {"source": 24, "prod": 0.46980687205846416, "target": 6, "value": 117.0, "supply": [{"l": "Pulses, Other", "v": 85.0}, {"l": "Peas", "v": 12.0}, {"l": "Beans", "v": 20.0}]}, {"source": 24, "prod": 6.7784219644610362, "target": 21, "value": 1058.0, "supply": [{"l": "Sugar", "v": 560.0}, {"l": "Beer", "v": 2.0}, {"l": "Beverages, Alcoholic", "v": 1.0}, {"l": "Butter, Ghee", "v": 5.0}, {"l": "Fats, Animals, Raw", "v": 240.0}, {"l": "Soyabean Oil", "v": 105.0}, {"l": "Palm Oil", "v": 19.0}, {"l": "Sunflowerseed Oil", "v": 23.0}, {"l": "Coconut Oil", "v": 15.0}, {"l": "Rape and Mustard Oil", "v": 12.0}, {"l": "Oilcrops Oil, Other", "v": 66.0}, {"l": "Sweeteners, Other", "v": 6.0}, {"l": "Cottonseed Oil", "v": 4.0}]}, {"source": 24, "prod": 0.43188430352204354, "target": 11, "value": 156.0, "supply": [{"l": "Treenuts", "v": 156.0}]}, {"source": 24, "prod": 0.026005254568450827, "target": 12, "value": 61.0, "supply": [{"l": "Vegetables, Other", "v": 3.0}, {"l": "Onions", "v": 58.0}]}, {"source": 24, "prod": 0.052180636536864868, "target": 17, "value": 41.0, "supply": [{"l": "Cocoa Beans", "v": 4.0}, {"l": "Tea", "v": 37.0}]}, {"source": 24, "prod": 0.24163317650096136, "target": 19, "value": 198.0, "supply": [{"l": "Grapes", "v": 77.0}, {"l": "Dates", "v": 84.0}, {"l": "Apples", "v": 1.0}, {"l": "Fruits, Other", "v": 30.0}, {"l": "Oranges, Mandarines", "v": 6.0}]}, {"source": 24, "prod": 0.70501240307426349, "target": 2, "value": 225.0, "supply": [{"l": "Coconuts - Incl Copra", "v": 149.0}, {"l": "Oilcrops, Other", "v": 3.0}, {"l": "Cottonseed", "v": 1.0}, {"l": "Groundnuts", "v": 1.0}, {"l": "Rape and Mustardseed", "v": 71.0}]}, {"source": 24, "prod": 0.13188577396435258, "target": 16, "value": 41.0, "supply": [{"l": "Cloves", "v": 1.0}, {"l": "Pepper", "v": 2.0}, {"l": "Pimento", "v": 15.0}, {"l": "Spices, Other", "v": 23.0}]}, {"source": 24, "prod": 0.060465050447851866, "target": 0, "value": 72.0, "supply": [{"l": "Potatoes", "v": 65.0}, {"l": "Cassava", "v": 7.0}]}, {"source": 5, "prod": 0.00073443194784602076, "target": 25, "value": 1.0, "supply": [{"l": "Milk - Excluding Butter", "v": 1.0}]}, {"source": 20, "prod": 0.0015722283920555555, "target": 25, "value": 1.0, "supply": [{"l": "Meat, Other", "v": 1.0}]}, {"source": 11, "prod": 0.5564663141534022, "target": 25, "value": 201.0, "supply": [{"l": "Treenuts", "v": 201.0}]}, {"source": 6, "prod": 0.056939145599712582, "target": 25, "value": 14.0, "supply": [{"l": "Pulses, Other", "v": 14.0}]}, {"source": 12, "prod": 0.055809145480152707, "target": 25, "value": 134.0, "supply": [{"l": "Tomatoes", "v": 1.0}, {"l": "Vegetables, Other", "v": 13.0}, {"l": "Onions", "v": 120.0}]}, {"source": 14, "prod": 0.5564663141534022, "target": 25, "value": 201.0, "supply": [{"l": "Nuts", "v": 201.0}]}, {"source": 3, "prod": 0.014344424423122252, "target": 25, "value": 41.0, "supply": [{"l": "Sugar cane", "v": 41.0}]}, {"source": 4, "prod": 0.019456326351687502, "target": 25, "value": 2.0, "supply": [{"l": "Butter, Ghee", "v": 2.0}]}, {"source": 0, "prod": 0.0081634935741346157, "target": 25, "value": 10.0, "supply": [{"l": "Potatoes", "v": 10.0}]}, {"source": 7, "prod": 0.24317012580870037, "target": 25, "value": 275.0, "supply": [{"l": "Crustaceans", "v": 36.0}, {"l": "Marine Fish, Other", "v": 10.0}, {"l": "Demersal Fish", "v": 44.0}, {"l": "Freshwater Fish", "v": 2.0}, {"l": "Fish, Seafood", "v": 138.0}, {"l": "Pelagic Fish", "v": 45.0}]}, {"source": 8, "prod": 0.72401939176314467, "target": 25, "value": 178.0, "supply": [{"l": "Sugar", "v": 178.0}]}, {"source": 13, "prod": 0.00052150081800368545, "target": 25, "value": 1.0, "supply": [{"l": "Beer", "v": 1.0}]}, {"source": 9, "prod": 3.3430677068645367, "target": 25, "value": 821.0, "supply": [{"l": "Maize", "v": 3.0}, {"l": "Barley", "v": 16.0}, {"l": "Rice", "v": 665.0}, {"l": "Wheat", "v": 132.0}, {"l": "Sorghum", "v": 5.0}]}, {"source": 15, "prod": 1.062352525591111, "target": 25, "value": 106.0, "supply": [{"l": "Coconut Oil", "v": 68.0}, {"l": "Rape and Mustard Oil", "v": 11.0}, {"l": "Oilcrops Oil, Other", "v": 19.0}, {"l": "Cottonseed Oil", "v": 8.0}]}, {"source": 16, "prod": 0.21908397940066454, "target": 25, "value": 68.0, "supply": [{"l": "Pepper", "v": 21.0}, {"l": "Pimento", "v": 14.0}, {"l": "Spices, Other", "v": 33.0}]}, {"source": 17, "prod": 0.54275571784076859, "target": 25, "value": 490.0, "supply": [{"l": "Cocoa Beans", "v": 2.0}, {"l": "Coffee", "v": 36.0}, {"l": "Tea", "v": 452.0}]}, {"source": 19, "prod": 0.33661447072269618, "target": 25, "value": 421.0, "supply": [{"l": "Grapes", "v": 316.0}, {"l": "Dates", "v": 20.0}, {"l": "Apples", "v": 3.0}, {"l": "Lemons, Limes", "v": 1.0}, {"l": "Bananas", "v": 5.0}, {"l": "Fruits, Other", "v": 72.0}, {"l": "Oranges, Mandarines", "v": 4.0}]}, {"source": 2, "prod": 1.0767539457873951, "target": 25, "value": 402.0, "supply": [{"l": "Coconuts - Incl Copra", "v": 311.0}, {"l": "Sesame seed", "v": 1.0}, {"l": "Oilcrops, Other", "v": 26.0}, {"l": "Cottonseed", "v": 2.0}, {"l": "Rape and Mustardseed", "v": 62.0}]}, {"source": 15, "prod": 0.18813142009482955, "target": 26, "value": 18.0, "supply": [{"l": "Soyabean Oil", "v": 15.0}, {"l": "Oilcrops Oil, Other", "v": 3.0}]}, {"source": 27, "prod": 0.0017493200516002746, "target": 3, "value": 5.0, "supply": [{"l": "Sugar cane", "v": 5.0}]}, {"source": 14, "prod": 0.013842445625706523, "target": 26, "value": 5.0, "supply": [{"l": "Nuts", "v": 5.0}]}, {"source": 9, "prod": 0.22410534281454797, "target": 26, "value": 65.0, "supply": [{"l": "Wheat", "v": 50.0}, {"l": "Millet", "v": 3.0}, {"l": "Barley", "v": 12.0}]}, {"source": 11, "prod": 0.013842445625706523, "target": 26, "value": 5.0, "supply": [{"l": "Treenuts", "v": 5.0}]}, {"source": 27, "prod": 0.0096147813206474367, "target": 16, "value": 3.0, "supply": [{"l": "Pepper", "v": 3.0}]}, {"source": 27, "prod": 0.25987436403797287, "target": 2, "value": 46.0, "supply": [{"l": "Coconuts - Incl Copra", "v": 4.0}, {"l": "Sesame seed", "v": 5.0}, {"l": "Groundnuts", "v": 24.0}, {"l": "Oilcrops, Other", "v": 13.0}]}, {"source": 17, "prod": 0.0081355555400000005, "target": 26, "value": 7.0, "supply": [{"l": "Tea", "v": 7.0}]}, {"source": 8, "prod": 2.7211740061210326, "target": 26, "value": 669.0, "supply": [{"l": "Sugar", "v": 669.0}]}, {"source": 27, "prod": 1.6451235616189586, "target": 21, "value": 159.0, "supply": [{"l": "Coconut Oil", "v": 1.0}, {"l": "Groundnut Oil", "v": 154.0}, {"l": "Palm Oil", "v": 4.0}]}, {"source": 27, "prod": 6.422175476070656, "target": 9, "value": 1528.0, "supply": [{"l": "Maize", "v": 3.0}, {"l": "Rice", "v": 1525.0}]}, {"source": 28, "prod": 3.1534063918812736, "target": 16, "value": 988.0, "supply": [{"l": "Pimento", "v": 588.0}, {"l": "Pepper", "v": 28.0}, {"l": "Spices, Other", "v": 372.0}]}, {"source": 28, "prod": 72.81945009644798, "target": 2, "value": 16456.0, "supply": [{"l": "Olives", "v": 16.0}, {"l": "Sunflower seed", "v": 16.0}, {"l": "Coconuts - Incl Copra", "v": 5894.0}, {"l": "Sesame seed", "v": 520.0}, {"l": "Cottonseed", "v": 3639.0}, {"l": "Groundnuts", "v": 4097.0}, {"l": "Oilcrops, Other", "v": 664.0}, {"l": "Soyabeans", "v": 18.0}, {"l": "Rape and Mustardseed", "v": 1592.0}]}, {"source": 28, "prod": 1.0132670198017175, "target": 11, "value": 366.0, "supply": [{"l": "Treenuts", "v": 366.0}]}, {"source": 28, "prod": 7.8807838322552666, "target": 12, "value": 28451.0, "supply": [{"l": "Tomatoes", "v": 760.0}, {"l": "Vegetables, Other", "v": 25448.0}, {"l": "Onions", "v": 2243.0}]}, {"source": 28, "prod": 44.345963036087603, "target": 3, "value": 126752.0, "supply": [{"l": "Sugar beet", "v": 2946.0}, {"l": "Sugar cane", "v": 123806.0}]}, {"source": 28, "prod": 1.0132670198017175, "target": 14, "value": 366.0, "supply": [{"l": "Nuts", "v": 366.0}]}, {"source": 28, "prod": 10.958454930951239, "target": 0, "value": 11541.0, "supply": [{"l": "Roots, Other", "v": 57.0}, {"l": "Potatoes", "v": 5171.0}, {"l": "Sweet potatoes", "v": 2113.0}, {"l": "Cassava", "v": 4200.0}]}, {"source": 28, "prod": 41.014752692232292, "target": 6, "value": 10203.0, "supply": [{"l": "Peas", "v": 814.0}, {"l": "Beans", "v": 2179.0}, {"l": "Pulses, Other", "v": 7210.0}]}, {"source": 28, "prod": 13.238858120804075, "target": 19, "value": 22055.0, "supply": [{"l": "Plantains", "v": 557.0}, {"l": "Citrus, Other", "v": 48.0}, {"l": "Apples", "v": 256.0}, {"l": "Grapes", "v": 1060.0}, {"l": "Dates", "v": 427.0}, {"l": "Grapefruit", "v": 26.0}, {"l": "Pineapples", "v": 497.0}, {"l": "Lemons, Limes", "v": 540.0}, {"l": "Bananas", "v": 3996.0}, {"l": "Fruits, Other", "v": 12999.0}, {"l": "Oranges, Mandarines", "v": 1649.0}]}, {"source": 28, "prod": 418.68962425028485, "target": 9, "value": 107853.0, "supply": [{"l": "Maize", "v": 8624.0}, {"l": "Barley", "v": 3872.0}, {"l": "Rice", "v": 53398.0}, {"l": "Wheat", "v": 22020.0}, {"l": "Sorghum", "v": 10341.0}, {"l": "Millet", "v": 9598.0}]}, {"source": 28, "prod": 0.79559564402348892, "target": 17, "value": 744.0, "supply": [{"l": "Coffee", "v": 90.0}, {"l": "Cocoa Beans", "v": 3.0}, {"l": "Tea", "v": 651.0}]}, {"source": 1, "prod": 23.236692397900253, "target": 5, "value": 31639.0, "supply": [{"l": "Milk - Excluding Butter", "v": 31639.0}]}, {"source": 1, "prod": 0.65141710178476364, "target": 18, "value": 422.0, "supply": [{"l": "Eggs", "v": 443.0}]}, {"source": 1, "prod": 6.6487950608721338, "target": 20, "value": 3690.0, "supply": [{"l": "Pigmeat", "v": 164.0}, {"l": "Bovine Meat", "v": 1844.0}, {"l": "Poultry Meat", "v": 236.0}, {"l": "Offals, Edible", "v": 486.0}, {"l": "Meat, Other", "v": 105.0}, {"l": "Mutton & Goat Meat", "v": 855.0}]}, {"source": 1, "prod": 4.1522875260721879, "target": 7, "value": 4828.0, "supply": [{"l": "Pelagic Fish", "v": 691.0}, {"l": "Crustaceans", "v": 136.0}, {"l": "Freshwater Fish", "v": 1116.0}, {"l": "Molluscs, Other", "v": 1.0}, {"l": "Demersal Fish", "v": 377.0}, {"l": "Fish, Seafood", "v": 2414.0}, {"l": "Marine Fish, Other", "v": 92.0}, {"l": "Cephalopods", "v": 1.0}]}, {"source": 21, "prod": 56.620278260174658, "target": 8, "value": 14110.0, "supply": [{"l": "Honey", "v": 37.0}, {"l": "Sweeteners, Other", "v": 618.0}, {"l": "Sugar non-centrifugal", "v": 8258.0}, {"l": "Sugar", "v": 5197.0}]}, {"source": 21, "prod": 29.831056434794601, "target": 15, "value": 2876.0, "supply": [{"l": "Olive Oil", "v": 2.0}, {"l": "Ricebran Oil", "v": 39.0}, {"l": "Sesameseed Oil", "v": 161.0}, {"l": "Soyabean Oil", "v": 137.0}, {"l": "Coconut Oil", "v": 321.0}, {"l": "Rape and Mustard Oil", "v": 495.0}, {"l": "Cottonseed Oil", "v": 202.0}, {"l": "Groundnut Oil", "v": 1197.0}, {"l": "Palm Oil", "v": 15.0}, {"l": "Oilcrops Oil, Other", "v": 280.0}, {"l": "Sunflowerseed Oil", "v": 27.0}]}, {"source": 21, "prod": 1.707259577933723, "target": 13, "value": 597.0, "supply": [{"l": "Beer", "v": 41.0}, {"l": "Beverages, Alcoholic", "v": 276.0}, {"l": "Alcohol, Non-Food", "v": 279.0}, {"l": "Beverages, Fermented", "v": 1.0}]}, {"source": 21, "prod": 9.6685882261470546, "target": 4, "value": 1079.0, "supply": [{"l": "Fats, Animals, Raw", "v": 411.0}, {"l": "Fish, Body Oil", "v": 2.0}, {"l": "Butter, Ghee", "v": 666.0}]}]}