{"nodes": [{"layer": 13, "name": "Other Processed", "fill": "#9c9ede"}, {"layer": 10, "name": "Feed", "fill": "#dbdb8d"}, {"layer": 13, "name": "Animal Products", "fill": "#17becf"}, {"layer": 5, "name": "Cereals", "fill": "#e7ba52"}, {"layer": 5, "name": "Oilcrops", "fill": "#ff9896"}, {"layer": 5, "name": "Sugar Crops", "fill": "#ffbb78"}, {"layer": 13, "name": "Sugar", "fill": "#d6616b"}, {"layer": 5, "name": "Starchy Roots"}, {"layer": 5, "name": "Fruits & Vegetables"}, {"layer": 13, "name": "Aquatic Products", "fill": "#1f77b4"}, {"layer": 16, "name": "Food", "fill": "#b5cf6b"}, {"layer": 5, "name": "Others"}, {"layer": 13, "name": "Vegetable Oils", "fill": "#f7b6d2"}, {"layer": 10, "name": "Processing", "fill": "#9edae5"}, {"layer": 16, "name": "Biofuels & Other", "fill": "#e7ba52"}, {"name": "Waste", "fill": "#c7c7c7"}, {"layer": 2, "name": "Import", "fill": "#aec7e8"}, {"layer": 16, "name": "Export", "fill": "#aec7e8"}, {"layer": 16, "name": "Stock Deposit", "fill": "#c7c7c7"}, {"layer": 0, "name": "Stock Draw", "fill": "#c7c7c7"}, {"name": "Crop Residue", "fill": "#bd9e39"}, {"layer": 2, "name": "Electricity", "fill": "#bcbd22"}, {"layer": 0, "name": "Fossil Fuels", "fill": "#c49c94"}, {"layer": 0, "name": "Renewables & Nuclear", "fill": "#2ca02c"}, {"layer": 2, "name": "Fertilizers", "fill": "#c5b0d5"}, {"layer": 0, "name": "Labor", "fill": "#7f7f7f"}], "links": [{"source": 0, "prod": 2.0, "target": 1, "value": 0.017290308493381017, "supply": [{"l": "Fish, Body Oil", "v": 0.017290308493381017}]}, {"source": 2, "prod": 3738.0, "target": 1, "value": 2.7917797145859073, "supply": [{"l": "Milk - Excluding Butter", "v": 2.7917797145859073}]}, {"source": 3, "prod": 2537.0, "target": 1, "value": 8.6726377417230029, "supply": [{"l": "Maize", "v": 1.7866207414198656}, {"l": "Rice", "v": 1.734678941294636}, {"l": "Wheat", "v": 1.2069330241604441}, {"l": "Oats", "v": 0.0023324267354670326}, {"l": "Millet", "v": 0.42298804565259973}, {"l": "Barley", "v": 3.1098789896886898}, {"l": "Sorghum", "v": 0.40920557277129932}]}, {"source": 4, "prod": 1066.0, "target": 1, "value": 6.3871173724029235, "supply": [{"l": "Cottonseed", "v": 6.3517422335816738}, {"l": "Oilcrops, Other", "v": 0.035375138821250006}]}, {"source": 5, "prod": 1695.0, "target": 1, "value": 0.55669657533789174, "supply": [{"l": "Sugar cane", "v": 0.55669657533789174}]}, {"source": 6, "prod": 265.0, "target": 1, "value": 1.0790689827489208, "supply": [{"l": "Sugar non-centrifugal", "v": 1.0790689827489208}]}, {"source": 7, "prod": 89.0, "target": 1, "value": 0.096824318089456171, "supply": [{"l": "Sweet potatoes", "v": 0.017548297210541339}, {"l": "Cassava", "v": 0.079276020878914832}]}, {"source": 8, "prod": 1353.0, "target": 1, "value": 5.5252470836508332, "supply": [{"l": "Peas", "v": 0.19709005914696431}, {"l": "Beans", "v": 0.33750502816125921}, {"l": "Pulses, Other", "v": 4.9906519963426099}]}, {"source": 9, "prod": 162.0, "target": 1, "value": 0.11160461533075065, "supply": [{"l": "Fish, Seafood", "v": 0.055236361340168683}, {"l": "Pelagic Fish", "v": 0.056368253990581971}]}, {"source": 0, "prod": 888.0, "target": 10, "value": 6.9475772324742433, "supply": [{"l": "Beer", "v": 0.016154397432114165}, {"l": "Beverages, Alcoholic", "v": 0.5064744013304483}, {"l": "Fats, Animals, Raw", "v": 0.49396557481309095}, {"l": "Butter, Ghee", "v": 5.9251276635074861}, {"l": "Beverages, Fermented", "v": 0.0058551953911034479}]}, {"source": 2, "prod": 29017.0, "target": 10, "value": 25.402909425669034, "supply": [{"l": "Meat, Other", "v": 0.12300900544661934}, {"l": "Pigmeat", "v": 0.5224635887446154}, {"l": "Mutton & Goat Meat", "v": 1.8044744199368592}, {"l": "Poultry Meat", "v": 0.25784545629711109}, {"l": "Milk - Excluding Butter", "v": 19.090604945032204}, {"l": "Offals, Edible", "v": 0.5178920323431}, {"l": "Bovine Meat", "v": 2.577217978842528}, {"l": "Eggs", "v": 0.50940199902600003}]}, {"source": 3, "prod": 86904.0, "target": 10, "value": 338.18786332682924, "supply": [{"l": "Maize", "v": 17.798586310439735}, {"l": "Barley", "v": 7.4742614738041073}, {"l": "Cereals, Other", "v": 0.014455704603885072}, {"l": "Rice", "v": 178.77298021206366}, {"l": "Wheat", "v": 78.941298868084601}, {"l": "Sorghum", "v": 27.852501531868711}, {"l": "Millet", "v": 27.333779225964545}]}, {"source": 4, "prod": 3227.0, "target": 10, "value": 7.5067049968129576, "supply": [{"l": "Olives", "v": 0.053879057589288466}, {"l": "Coconuts - Incl Copra", "v": 4.9027161827655199}, {"l": "Sesame seed", "v": 0.50940199902600003}, {"l": "Groundnuts", "v": 1.2789473266144231}, {"l": "Oilcrops, Other", "v": 0.26885105504150003}, {"l": "Soyabeans", "v": 0.0079978574726304354}, {"l": "Rape and Mustardseed", "v": 0.48491151830359619}]}, {"source": 5, "prod": 6284.0, "target": 10, "value": 2.0638827607217176, "supply": [{"l": "Sugar cane", "v": 2.0638827607217176}]}, {"source": 6, "prod": 11013.0, "target": 10, "value": 44.599626358892294, "supply": [{"l": "Sugar", "v": 12.781877497542878}, {"l": "Sugar non-centrifugal", "v": 30.950955991979423}, {"l": "Sweeteners, Other", "v": 0.77031521803931713}, {"l": "Honey", "v": 0.096477651330681813}]}, {"source": 7, "prod": 6185.0, "target": 10, "value": 5.9783417102653953, "supply": [{"l": "Roots, Other", "v": 0.042450166585500007}, {"l": "Potatoes", "v": 2.0653935596872364}, {"l": "Sweet potatoes", "v": 1.8039649532436497}, {"l": "Cassava", "v": 2.0665330307490093}]}, {"source": 8, "prod": 47997.0, "target": 10, "value": 62.985184624789468, "supply": [{"l": "Plantains", "v": 0.26076530902521428}, {"l": "Citrus, Other", "v": 0.019361233245907553}, {"l": "Tomatoes", "v": 0.12199063023812878}, {"l": "Treenuts", "v": 1.0408151955407778}, {"l": "Apples", "v": 0.1478334472697832}, {"l": "Vegetables, Other", "v": 5.1591773605789824}, {"l": "Peas", "v": 3.8697875074817407}, {"l": "Grapes", "v": 0.25856010556622733}, {"l": "Dates", "v": 0.7680827016563907}, {"l": "Grapefruit", "v": 0.013115674134324471}, {"l": "Pineapples", "v": 0.045392257338950498}, {"l": "Beans", "v": 5.9304454948335561}, {"l": "Pulses, Other", "v": 37.399134105706331}, {"l": "Lemons, Limes", "v": 0.47069999909999999}, {"l": "Bananas", "v": 1.549140325805096}, {"l": "Fruits, Other", "v": 4.9005942312069886}, {"l": "Oranges, Mandarines", "v": 0.25751537519822654}, {"l": "Onions", "v": 0.77277367086284698}]}, {"source": 11, "prod": 1401.0, "target": 10, "value": 4.4102521800294472, "supply": [{"l": "Nuts", "v": 1.0408151955407778}, {"l": "Cloves", "v": 0.0036878582221153127}, {"l": "Coffee", "v": 0.0057886590798409097}, {"l": "Cocoa Beans", "v": 0.0053062708231875}, {"l": "Pimento", "v": 1.5553741036927204}, {"l": "Pepper", "v": 0.014751432888461251}, {"l": "Spices, Other", "v": 1.5520842157823438}, {"l": "Tea", "v": 0.23244444400000003}]}, {"source": 9, "prod": 3028.0, "target": 10, "value": 2.1578736360383086, "supply": [{"l": "Freshwater Fish", "v": 0.51803593121288138}, {"l": "Marine Fish, Other", "v": 0.040428730081428575}, {"l": "Crustaceans", "v": 0.052508639792506029}, {"l": "Demersal Fish", "v": 0.25556732944331634}, {"l": "Fish, Seafood", "v": 1.0317606754033977}, {"l": "Pelagic Fish", "v": 0.2595723301047787}]}, {"source": 12, "prod": 2151.0, "target": 10, "value": 22.248508626720422, "supply": [{"l": "Ricebran Oil", "v": 0.22640088845600001}, {"l": "Groundnut Oil", "v": 10.86426368682937}, {"l": "Soyabean Oil", "v": 0.25470099951300001}, {"l": "Sunflowerseed Oil", "v": 0.28300111057000005}, {"l": "Olive Oil", "v": 0.02122508329275}, {"l": "Coconut Oil", "v": 2.3241466205561254}, {"l": "Rape and Mustard Oil", "v": 4.3800317717177712}, {"l": "Oilcrops Oil, Other", "v": 1.0640841757432}, {"l": "Sesameseed Oil", "v": 1.3024482929642047}, {"l": "Cottonseed Oil", "v": 1.528205997078}]}, {"source": 2, "prod": 1.0, "target": 13, "value": 0.0014471647699602274, "supply": [{"l": "Meat, Other", "v": 0.0014471647699602274}]}, {"source": 3, "prod": 151.0, "target": 13, "value": 0.60245946310615461, "supply": [{"l": "Maize", "v": 0.014236021843982991}, {"l": "Rice", "v": 0.51787745092048587}, {"l": "Barley", "v": 0.070345990341685719}]}, {"source": 4, "prod": 8866.0, "target": 13, "value": 42.182592364710707, "supply": [{"l": "Olives", "v": 0.041905933680557686}, {"l": "Soyabeans", "v": 0.01999464368157609}, {"l": "Sunflower seed", "v": 0.071838743452384612}, {"l": "Coconuts - Incl Copra", "v": 4.2986818254779573}, {"l": "Sesame seed", "v": 2.1943470727273846}, {"l": "Cottonseed", "v": 6.9743446768356732}, {"l": "Rape and Mustardseed", "v": 9.1115472945441169}, {"l": "Groundnuts", "v": 14.765038711084808}, {"l": "Oilcrops, Other", "v": 4.7048934632262505}]}, {"source": 5, "prod": 110531.0, "target": 13, "value": 36.302200099511801, "supply": [{"l": "Sugar beet", "v": 0.28672336889084338}, {"l": "Sugar cane", "v": 36.015476730620961}]}, {"source": 6, "prod": 245.0, "target": 13, "value": 0.76196273746415044, "supply": [{"l": "Sugar", "v": 0.0040719584254676252}, {"l": "Sweeteners, Other", "v": 0.75789077903868285}]}, {"source": 7, "prod": 22.0, "target": 13, "value": 0.0169800666342, "supply": [{"l": "Potatoes", "v": 0.0169800666342}]}, {"source": 8, "prod": 45.0, "target": 13, "value": 0.032684322096697492, "supply": [{"l": "Fruits, Other", "v": 0.012350048464803889}, {"l": "Apples", "v": 0.0011874172471468532}, {"l": "Lemons, Limes", "v": 0.018595555520000001}, {"l": "Grapes", "v": 0.00055130086474675327}]}, {"source": 7, "prod": 13.0, "target": 14, "value": 0.010033675738390908, "supply": [{"l": "Potatoes", "v": 0.010033675738390908}]}, {"source": 0, "prod": 468.0, "target": 14, "value": 2.093498497564533, "supply": [{"l": "Alcohol, Non-Food", "v": 0.72018903310572424}, {"l": "Fats, Animals, Raw", "v": 1.1654500280746365}, {"l": "Beverages, Alcoholic", "v": 0.20785943638417245}]}, {"source": 12, "prod": 269.0, "target": 14, "value": 2.8418513727525245, "supply": [{"l": "Ricebran Oil", "v": 0.070750277642500012}, {"l": "Soyabean Oil", "v": 0.10612541646375}, {"l": "Coconut Oil", "v": 0.063675249878250004}, {"l": "Rape and Mustard Oil", "v": 0.6314462279593126}, {"l": "Oilcrops Oil, Other", "v": 1.1433244867028001}, {"l": "Palm Oil", "v": 0.35957788166541182}, {"l": "Cottonseed Oil", "v": 0.42450166585499999}, {"l": "Sunflowerseed Oil", "v": 0.0424501665855}]}, {"source": 3, "prod": 92.0, "target": 14, "value": 0.36006683210292356, "supply": [{"l": "Maize", "v": 0.13168320205684267}, {"l": "Wheat", "v": 0.0035814036325235734}, {"l": "Barley", "v": 0.0058621658618071438}, {"l": "Rice", "v": 0.21894006055175017}]}, {"source": 4, "prod": 158.0, "target": 14, "value": 0.94696525459961534, "supply": [{"l": "Cottonseed", "v": 0.73036055843257697}, {"l": "Rape and Mustardseed", "v": 0.20952966840278844}, {"l": "Oilcrops, Other", "v": 0.0070750277642500003}]}, {"source": 2, "prod": 15.0, "target": 2, "value": 0.031061097501585366, "supply": [{"l": "Eggs", "v": 0.031061097501585366}]}, {"source": 3, "prod": 6005.0, "target": 3, "value": 23.188877134332532, "supply": [{"l": "Maize", "v": 1.1887078239725797}, {"l": "Wheat", "v": 6.4250381167472908}, {"l": "Millet", "v": 0.90067282134648385}, {"l": "Barley", "v": 1.122604762536068}, {"l": "Rice", "v": 12.479583451449757}, {"l": "Sorghum", "v": 1.0722701582803491}]}, {"source": 4, "prod": 665.0, "target": 4, "value": 3.8256023872411991, "supply": [{"l": "Soyabeans", "v": 0.0039989287363152177}, {"l": "Sesame seed", "v": 0.071838743452384612}, {"l": "Cottonseed", "v": 1.3948689353671346}, {"l": "Groundnuts", "v": 1.9537961287428842}, {"l": "Rape and Mustardseed", "v": 0.16762373472223074}, {"l": "Oilcrops, Other", "v": 0.23347591622024999}]}, {"source": 5, "prod": 6676.0, "target": 5, "value": 2.1926291073485342, "supply": [{"l": "Sugar cane", "v": 2.1926291073485342}]}, {"source": 7, "prod": 605.0, "target": 7, "value": 0.46695183244049998, "supply": [{"l": "Potatoes", "v": 0.46695183244049998}]}, {"source": 8, "prod": 984.0, "target": 8, "value": 3.9517699576227177, "supply": [{"l": "Peas", "v": 0.23878218704343751}, {"l": "Beans", "v": 0.85179840440698773}, {"l": "Onions", "v": 0.0070449212631255344}, {"l": "Pulses, Other", "v": 2.8541444449091671}]}, {"source": 2, "prod": 1476.0, "target": 15, "value": 1.1367928435210908, "supply": [{"l": "Eggs", "v": 0.053839235669414627}, {"l": "Milk - Excluding Butter", "v": 1.0829536078516762}]}, {"source": 3, "prod": 4342.0, "target": 15, "value": 16.74798382927543, "supply": [{"l": "Maize", "v": 2.2243784131223423}, {"l": "Barley", "v": 0.41328269325740358}, {"l": "Rice", "v": 7.8018448500460185}, {"l": "Wheat", "v": 2.8794485205489524}, {"l": "Sorghum", "v": 2.0725504472768583}, {"l": "Millet", "v": 1.3564789050238542}]}, {"source": 4, "prod": 390.0, "target": 15, "value": 1.8698844457398147, "supply": [{"l": "Coconuts - Incl Copra", "v": 0.17786434427418016}, {"l": "Sesame seed", "v": 0.045715564015153844}, {"l": "Groundnuts", "v": 0.57144455018942308}, {"l": "Oilcrops, Other", "v": 0.099050388699500017}, {"l": "Cottonseed", "v": 0.65253525302582682}, {"l": "Rape and Mustardseed", "v": 0.32327434553573076}]}, {"source": 5, "prod": 1754.0, "target": 15, "value": 0.57607421424345839, "supply": [{"l": "Sugar cane", "v": 0.57607421424345839}]}, {"source": 7, "prod": 796.0, "target": 15, "value": 0.68969070570182833, "supply": [{"l": "Roots, Other", "v": 0.0067026578819210543}, {"l": "Potatoes", "v": 0.44611265975307274}, {"l": "Sweet potatoes", "v": 0.11581876158957283}, {"l": "Cassava", "v": 0.12105662647726183}]}, {"source": 8, "prod": 4262.0, "target": 15, "value": 3.4240937874451207, "supply": [{"l": "Plantains", "v": 0.028588887700438773}, {"l": "Citrus, Other", "v": 0.0018736677334749248}, {"l": "Grapefruit", "v": 0.0012491118223166163}, {"l": "Tomatoes", "v": 0.013721265967030303}, {"l": "Treenuts", "v": 0.022011197488777778}, {"l": "Vegetables, Other", "v": 0.47008386054166995}, {"l": "Peas", "v": 0.15918812469562502}, {"l": "Grapes", "v": 0.034180653614298701}, {"l": "Dates", "v": 0.063675249878250004}, {"l": "Beans", "v": 0.29330794114014203}, {"l": "Apples", "v": 0.01543642421290909}, {"l": "Lemons, Limes", "v": 0.049975555460000001}, {"l": "Pineapples", "v": 0.0021014933953217825}, {"l": "Bananas", "v": 0.34820766782736162}, {"l": "Fruits, Other", "v": 0.56620222192485514}, {"l": "Oranges, Mandarines", "v": 0.022515005481812161}, {"l": "Pulses, Other", "v": 1.2835448437594388}, {"l": "Onions", "v": 0.048230614801397884}]}, {"source": 11, "prod": 39.0, "target": 15, "value": 0.12136496085625834, "supply": [{"l": "Nuts", "v": 0.022011197488777778}, {"l": "Pepper", "v": 0.0036878582221153127}, {"l": "Pimento", "v": 0.07471229319048002}, {"l": "Coffee", "v": 0.00038591060532272727}, {"l": "Spices, Other", "v": 0.015918812469562501}, {"l": "Tea", "v": 0.0046488888800000003}]}, {"source": 16, "prod": 207.0, "target": 11, "value": 0.62261181770614249, "supply": [{"l": "Nuts", "v": 0.43707949299144444}, {"l": "Cloves", "v": 0.0036878582221153127}, {"l": "Pepper", "v": 0.0036878582221153127}, {"l": "Pimento", "v": 0.057732226556280013}, {"l": "Cocoa Beans", "v": 0.00265313541159375}, {"l": "Spices, Other", "v": 0.08755346858259376}, {"l": "Tea", "v": 0.030217777720000002}]}, {"source": 16, "prod": 905.0, "target": 1, "value": 0.66563016983382006, "supply": [{"l": "Freshwater Fish", "v": 0.013670392629228813}, {"l": "Crustaceans", "v": 0.0013638607738313256}, {"l": "Eggs", "v": 0.0041414796668780484}, {"l": "Marine Fish, Other", "v": 0.00080857460162857145}, {"l": "Milk - Excluding Butter", "v": 0.48919628492610201}, {"l": "Fish, Seafood", "v": 0.083877437590626519}, {"l": "Pelagic Fish", "v": 0.070982245765918037}, {"l": "Bovine Meat", "v": 0.0015898938796067414}]}, {"source": 16, "prod": 972.0, "target": 13, "value": 5.1446979454334789, "supply": [{"l": "Sugar", "v": 3.0661846943771223}, {"l": "Beer", "v": 0.0021539196576152221}, {"l": "Beverages, Alcoholic", "v": 0.002927597695551724}, {"l": "Butter, Ghee", "v": 0.028716289160779413}, {"l": "Fats, Animals, Raw", "v": 0.47852915060018192}, {"l": "Soyabean Oil", "v": 0.27592608280574998}, {"l": "Palm Oil", "v": 0.35957788166541182}, {"l": "Sunflowerseed Oil", "v": 0.28300111057000005}, {"l": "Coconut Oil", "v": 0.14857558304925}, {"l": "Rape and Mustard Oil", "v": 0.14032138399095836}, {"l": "Oilcrops Oil, Other", "v": 0.10188039980520001}, {"l": "Sweeteners, Other", "v": 0.012424439000634146}, {"l": "Fish, Body Oil", "v": 0.0086451542466905087}, {"l": "Cottonseed Oil", "v": 0.23583425880833336}]}, {"source": 16, "prod": 6752.0, "target": 3, "value": 25.250277824375232, "supply": [{"l": "Maize", "v": 0.45911170446845145}, {"l": "Barley", "v": 0.020517580516325001}, {"l": "Rice", "v": 7.1955492977488644}, {"l": "Cereals, Other", "v": 0.014455704603885072}, {"l": "Wheat", "v": 17.509482359407748}, {"l": "Oats", "v": 0.0023324267354670326}, {"l": "Sorghum", "v": 0.037889404886231416}, {"l": "Millet", "v": 0.010939346008256889}]}, {"source": 16, "prod": 437.0, "target": 8, "value": 0.94846885678131321, "supply": [{"l": "Vegetables, Other", "v": 0.001677872197055336}, {"l": "Citrus, Other", "v": 0.00062455591115830815}, {"l": "Pulses, Other", "v": 0.16813207218574117}, {"l": "Treenuts", "v": 0.43707949299144444}, {"l": "Peas", "v": 0.053062708231874998}, {"l": "Grapes", "v": 0.019295530266136365}, {"l": "Dates", "v": 0.14127946066736718}, {"l": "Beans", "v": 0.06830458903263581}, {"l": "Apples", "v": 0.00059370862357342659}, {"l": "Bananas", "v": 0.0020934328727095892}, {"l": "Fruits, Other", "v": 0.019475076425267669}, {"l": "Onions", "v": 0.036850357376348945}]}, {"source": 16, "prod": 568.0, "target": 4, "value": 1.4149128668967565, "supply": [{"l": "Coconuts - Incl Copra", "v": 0.8276855624640066}, {"l": "Oilcrops, Other", "v": 0.0070750277642500003}, {"l": "Groundnuts", "v": 0.0054423290494230768}, {"l": "Rape and Mustardseed", "v": 0.5747099476190769}]}, {"source": 16, "prod": 81.0, "target": 7, "value": 0.064314376275077856, "supply": [{"l": "Potatoes", "v": 0.05788659079840909}, {"l": "Cassava", "v": 0.0064277854766687705}]}, {"source": 0, "prod": 2.0, "target": 17, "value": 0.019144192773852944, "supply": [{"l": "Butter, Ghee", "v": 0.019144192773852944}]}, {"source": 2, "prod": 2.0, "target": 17, "value": 0.0041414796668780484, "supply": [{"l": "Eggs", "v": 0.0041414796668780484}]}, {"source": 3, "prod": 477.0, "target": 17, "value": 2.0036260464359557, "supply": [{"l": "Barley", "v": 0.0029310829309035719}, {"l": "Rice", "v": 1.9788813165254338}, {"l": "Wheat", "v": 0.0035814036325235734}, {"l": "Millet", "v": 0.018232243347094813}]}, {"source": 4, "prod": 622.0, "target": 17, "value": 1.742828639783371, "supply": [{"l": "Coconuts - Incl Copra", "v": 0.82416349624075569}, {"l": "Sesame seed", "v": 0.026123179437230769}, {"l": "Oilcrops, Other", "v": 0.070750277642500012}, {"l": "Cottonseed", "v": 0.017959685863096153}, {"l": "Groundnuts", "v": 0.16326987148269229}, {"l": "Rape and Mustardseed", "v": 0.6405621291170962}]}, {"source": 5, "prod": 73.0, "target": 17, "value": 0.023975722713667311, "supply": [{"l": "Sugar cane", "v": 0.023975722713667311}]}, {"source": 6, "prod": 328.0, "target": 17, "value": 1.3356023635533811, "supply": [{"l": "Sugar", "v": 1.3111706130005754}, {"l": "Sugar non-centrifugal", "v": 0.024431750552805755}]}, {"source": 7, "prod": 175.0, "target": 17, "value": 0.18178702539565161, "supply": [{"l": "Potatoes", "v": 0.014664603002263637}, {"l": "Cassava", "v": 0.16712242239338798}]}, {"source": 8, "prod": 639.0, "target": 17, "value": 0.89204329264473703, "supply": [{"l": "Treenuts", "v": 0.54399102365122221}, {"l": "Vegetables, Other", "v": 0.0030760990279347826}, {"l": "Grapes", "v": 0.13396611013346105}, {"l": "Dates", "v": 0.051736140526078132}, {"l": "Apples", "v": 0.00059370862357342659}, {"l": "Bananas", "v": 0.0083737314908383566}, {"l": "Fruits, Other", "v": 0.017100067105113078}, {"l": "Oranges, Mandarines", "v": 0.0011726565355110498}, {"l": "Onions", "v": 0.062320457327648945}, {"l": "Pulses, Other", "v": 0.069713298223356104}]}, {"source": 11, "prod": 693.0, "target": 17, "value": 1.3138190578579372, "supply": [{"l": "Nuts", "v": 0.54399102365122221}, {"l": "Pepper", "v": 0.062693589775960318}, {"l": "Pimento", "v": 0.03735614659524001}, {"l": "Cocoa Beans", "v": 0.0079594062347812505}, {"l": "Coffee", "v": 0.012349139370327273}, {"l": "Spices, Other", "v": 0.16714753093040627}, {"l": "Tea", "v": 0.48232222130000002}]}, {"source": 9, "prod": 224.0, "target": 17, "value": 0.15962811322790146, "supply": [{"l": "Crustaceans", "v": 0.0068193038691566265}, {"l": "Marine Fish, Other", "v": 0.0056600222113999997}, {"l": "Demersal Fish", "v": 0.021658248257908165}, {"l": "Freshwater Fish", "v": 0.012231403931415254}, {"l": "Fish, Seafood", "v": 0.076376203334554221}, {"l": "Pelagic Fish", "v": 0.036882931623467209}]}, {"source": 12, "prod": 145.0, "target": 17, "value": 1.5551407518997939, "supply": [{"l": "Groundnut Oil", "v": 0.010426356705210527}, {"l": "Coconut Oil", "v": 1.0081914564056251}, {"l": "Rape and Mustard Oil", "v": 0.14032138399095836}, {"l": "Oilcrops Oil, Other", "v": 0.39620155479800007}]}, {"source": 12, "prod": 7.0, "target": 18, "value": 0.074287791524625002, "supply": [{"l": "Soyabean Oil", "v": 0.074287791524625002}]}, {"source": 19, "prod": 88.0, "target": 4, "value": 0.45014715614859147, "supply": [{"l": "Coconuts - Incl Copra", "v": 0.015849298004629916}, {"l": "Sesame seed", "v": 0.026123179437230769}, {"l": "Groundnuts", "v": 0.4081746787067308}]}, {"source": 4, "prod": 3.0, "target": 18, "value": 0.02122508329275, "supply": [{"l": "Oilcrops, Other", "v": 0.02122508329275}]}, {"source": 19, "prod": 14.0, "target": 11, "value": 0.039001835099037818, "supply": [{"l": "Pepper", "v": 0.033190723999037816}, {"l": "Tea", "v": 0.0058111111000000003}]}, {"source": 19, "prod": 995.0, "target": 13, "value": 4.8734841060453489, "supply": [{"l": "Sugar", "v": 3.538531871731367}, {"l": "Rape and Mustard Oil", "v": 0.010022955999354169}, {"l": "Oilcrops Oil, Other", "v": 0.2716810661472}, {"l": "Groundnut Oil", "v": 1.0426356705210527}, {"l": "Coconut Oil", "v": 0.010612541646375}]}, {"source": 19, "prod": 2496.0, "target": 3, "value": 10.475200806972119, "supply": [{"l": "Wheat", "v": 0.12893053077084862}, {"l": "Millet", "v": 0.072928973388379253}, {"l": "Rice", "v": 10.273341302812891}]}, {"source": 1, "prod": 3414.0, "target": 9, "value": 2.4291063645969606, "supply": [{"l": "Pelagic Fish", "v": 0.35282351571882792}, {"l": "Crustaceans", "v": 0.059327943661662656}, {"l": "Freshwater Fish", "v": 0.53026733514429669}, {"l": "Demersal Fish", "v": 0.27722557770122452}, {"l": "Fish, Seafood", "v": 1.1633732400781207}, {"l": "Marine Fish, Other", "v": 0.046088752292828578}]}, {"source": 1, "prod": 34234.0, "target": 2, "value": 29.337070628212867, "supply": [{"l": "Poultry Meat", "v": 0.25784545629711109}, {"l": "Pigmeat", "v": 0.5224635887446154}, {"l": "Bovine Meat", "v": 2.577217978842528}, {"l": "Eggs", "v": 0.59844381186387807}, {"l": "Milk - Excluding Butter", "v": 22.965338267469786}, {"l": "Offals, Edible", "v": 0.5178920323431}, {"l": "Meat, Other", "v": 0.12445617021657956}, {"l": "Mutton & Goat Meat", "v": 1.8044744199368592}]}, {"source": 13, "prod": 1360.0, "target": 0, "value": 9.0775102313060092, "supply": [{"l": "Fats, Animals, Raw", "v": 1.6594156028877274}, {"l": "Alcohol, Non-Food", "v": 0.72018903310572424}, {"l": "Beverages, Fermented", "v": 0.0058551953911034479}, {"l": "Fish, Body Oil", "v": 0.017290308493381017}, {"l": "Beer", "v": 0.016154397432114165}, {"l": "Beverages, Alcoholic", "v": 0.71433383771462078}, {"l": "Butter, Ghee", "v": 5.9442718562813388}]}, {"source": 13, "prod": 2572.0, "target": 12, "value": 26.719788542897369, "supply": [{"l": "Olive Oil", "v": 0.02122508329275}, {"l": "Ricebran Oil", "v": 0.29715116609850001}, {"l": "Sesameseed Oil", "v": 1.3024482929642047}, {"l": "Soyabean Oil", "v": 0.43511420750137503}, {"l": "Coconut Oil", "v": 3.3960133268400003}, {"l": "Rape and Mustard Oil", "v": 5.1517993836680418}, {"l": "Palm Oil", "v": 0.35957788166541182}, {"l": "Groundnut Oil", "v": 10.87469004353458}, {"l": "Cottonseed Oil", "v": 1.952707662933}, {"l": "Oilcrops Oil, Other", "v": 2.6036102172440003}, {"l": "Sunflowerseed Oil", "v": 0.32545127715550004}]}, {"source": 13, "prod": 11851.0, "target": 6, "value": 47.776260442658753, "supply": [{"l": "Honey", "v": 0.096477651330681813}, {"l": "Sweeteners, Other", "v": 1.528205997078}, {"l": "Sugar non-centrifugal", "v": 32.054456725281149}, {"l": "Sugar", "v": 14.097120068968922}]}, {"source": 7, "prod": 3922.25, "target": 20, "value": 12.055848718288189, "supply": [{"l": "Roots, Other", "v": 0.079986885811973704}, {"l": "Potatoes", "v": 6.7562883204149999}, {"l": "Sweet potatoes", "v": 2.8869599944800002}, {"l": "Cassava", "v": 3.9556233257700004}]}, {"source": 5, "prod": 50805.200000000004, "target": 20, "value": 177.14079699463201, "supply": [{"l": "Sugar beet", "v": 1.2175439976720002}, {"l": "Sugar cane", "v": 175.92325299696}]}, {"source": 8, "prod": 55064.5, "target": 20, "value": 340.34882894537481, "supply": [{"l": "Tomatoes", "v": 0.60503775270957372}, {"l": "Vegetables, Other", "v": 70.21449319908001}, {"l": "Peas", "v": 4.0846299921899991}, {"l": "Beans", "v": 6.4032633210900007}, {"l": "Pulses, Other", "v": 39.549259924380003}, {"l": "Onions", "v": 5.6117899892700009}]}, {"source": 3, "prod": 196759.0, "target": 20, "value": 737.81944629301518, "supply": [{"l": "Maize", "v": 44.89431991416}, {"l": "Barley", "v": 28.995119944559999}, {"l": "Rice", "v": 339.59784601734009}, {"l": "Cereals, Other", "v": 0.013946666640000001}, {"l": "Wheat", "v": 157.26958636596004}, {"l": "Oats", "v": 0.0022502935023339934}, {"l": "Sorghum", "v": 57.767093222880007}, {"l": "Millet", "v": 57.491646556740001}]}, {"source": 4, "prod": 14755.5, "target": 20, "value": 37.267616844703049, "supply": [{"l": "Olives", "v": 0.05578666656000001}, {"l": "Coconuts - Incl Copra", "v": 19.39806996291}, {"l": "Sesame seed", "v": 1.5271599970800003}, {"l": "Sunflower seed", "v": 0.041839999920000003}, {"l": "Soyabeans", "v": 0.018632305629723324}, {"l": "Groundnuts", "v": 12.13185664347}, {"l": "Oilcrops, Other", "v": 2.6690433282299999}, {"l": "Cottonseed", "v": 9.3913366487100021}, {"l": "Rape and Mustardseed", "v": 6.2045233214700009}]}, {"source": 21, "prod": 0, "target": 3, "value": 0.049873027488360207, "supply": "[{\"l\":'Energy for power irrigation',\"v\":0.049873027488360207}]"}, {"source": 21, "prod": 0, "target": 4, "value": 0.0074802317261675353, "supply": "[{\"l\":'Energy for power irrigation',\"v\":0.0074802317261675353}]"}, {"source": 21, "prod": 0, "target": 5, "value": 0.064388646419011028, "supply": "[{\"l\":'Energy for power irrigation',\"v\":0.064388646419011028}]"}, {"source": 21, "prod": 0, "target": 7, "value": 0.0039767325929938825, "supply": "[{\"l\":'Energy for power irrigation',\"v\":0.0039767325929938825}]"}, {"source": 21, "prod": 0, "target": 8, "value": 0.027914690785507252, "supply": "[{\"l\":'Energy for power irrigation',\"v\":0.027914690785507252}]"}, {"source": 21, "prod": 0, "target": 11, "value": 0.0010321406793722409, "supply": "[{\"l\":'Energy for power irrigation',\"v\":0.0010321406793722409}]"}, {"source": 21, "prod": 0, "target": 13, "value": 3.1367148148476161, "supply": "[{\"l\":'Electricity',\"v\":3.1367148148476161}]"}, {"source": 22, "prod": 0, "target": 21, "value": 4.7872619297810211, "supply": [{"l": "Coal", "v": 3.7103118609582593}, {"l": "Natural gas", "v": 0.45388525022114612}, {"l": "Oil", "v": 0.62306481860161567}]}, {"source": 23, "prod": 0, "target": 21, "value": 1.4336046817785868, "supply": [{"l": "Nuclear", "v": 0.070990822535358711}, {"l": "Hydroelectric", "v": 1.3626138592432282}, {"l": "Renewable", "v": 0.0}]}, {"source": 22, "prod": 0, "target": 3, "value": 10.348798323850573, "supply": [{"l": "Motor Gasoline", "v": 0.093909750650878171}, {"l": "Gas-Diesel oil", "v": 0.38900904245391266}, {"l": "Natural gas (including LNG)", "v": 0.30752883086002769}, {"l": "Fuel oil", "v": 0.66945742189743107}, {"l": "Liquefied petroleum gas (LPG)", "v": 0.0084734642910753253}, {"l": "Other fossil fuels", "v": 8.8804198136972481}]}, {"source": 22, "prod": 0, "target": 4, "value": 1.5521698490801146, "supply": [{"l": "Motor Gasoline", "v": 0.014085102340721724}, {"l": "Gas-Diesel oil", "v": 0.058345721679096844}, {"l": "Natural gas (including LNG)", "v": 0.046124870158469382}, {"l": "Fuel oil", "v": 0.10040891637798062}, {"l": "Liquefied petroleum gas (LPG)", "v": 0.0012708969078615154}, {"l": "Other fossil fuels", "v": 1.3319343416159846}]}, {"source": 22, "prod": 0, "target": 5, "value": 13.360831489357365, "supply": [{"l": "Motor Gasoline", "v": 0.12124232344563642}, {"l": "Gas-Diesel oil", "v": 0.50223070364454792}, {"l": "Natural gas (including LNG)", "v": 0.39703555511081778}, {"l": "Fuel oil", "v": 0.86430400162084997}, {"l": "Liquefied petroleum gas (LPG)", "v": 0.01093967869324758}, {"l": "Other fossil fuels", "v": 11.465079226842265}]}, {"source": 22, "prod": 0, "target": 7, "value": 0.8251835845013018, "supply": [{"l": "Motor Gasoline", "v": 0.007488094968777172}, {"l": "Gas-Diesel oil", "v": 0.031018468619272488}, {"l": "Natural gas (including LNG)", "v": 0.024521469550886996}, {"l": "Fuel oil", "v": 0.053380620414561958}, {"l": "Liquefied petroleum gas (LPG)", "v": 0.00067564981150890571}, {"l": "Other fossil fuels", "v": 0.70809928113629439}]}, {"source": 22, "prod": 0, "target": 8, "value": 5.7923795638691997, "supply": [{"l": "Motor Gasoline", "v": 0.052562713418093009}, {"l": "Gas-Diesel oil", "v": 0.21773426799489196}, {"l": "Natural gas (including LNG)", "v": 0.17212855632415286}, {"l": "Fuel oil", "v": 0.37470548445632573}, {"l": "Liquefied petroleum gas (LPG)", "v": 0.0047427266295917061}, {"l": "Other fossil fuels", "v": 4.9705058150461445}]}, {"source": 22, "prod": 0, "target": 11, "value": 0.21417219428193646, "supply": [{"l": "Motor Gasoline", "v": 0.0019434968903601659}, {"l": "Gas-Diesel oil", "v": 0.0080506854622778741}, {"l": "Natural gas (including LNG)", "v": 0.0063644224623119281}, {"l": "Fuel oil", "v": 0.013854668004850296}, {"l": "Liquefied petroleum gas (LPG)", "v": 0.00017536146551496362}, {"l": "Other fossil fuels", "v": 0.18378355999662122}]}, {"source": 22, "prod": 0, "target": 1, "value": 1.4697951856747582, "supply": [{"l": "Fossil fuels in fisheries", "v": 1.4697951856747582}]}, {"source": 24, "prod": 454.30755451719784, "target": 3, "value": 6.075001407148747, "supply": [{"l": "Potash", "v": 0.34783018067484867}, {"l": "Phosphate", "v": 1.4490125050953659}, {"l": "Nitrogen", "v": 17.042858718599931}]}, {"source": 24, "prod": 68.13955265760157, "target": 4, "value": 0.91116221634774863, "supply": [{"l": "Potash", "v": 0.34783018067484867}, {"l": "Phosphate", "v": 1.4490125050953659}, {"l": "Nitrogen", "v": 17.042858718599931}]}, {"source": 24, "prod": 586.53444489850881, "target": 5, "value": 7.843139614718349, "supply": [{"l": "Potash", "v": 0.34783018067484867}, {"l": "Phosphate", "v": 1.4490125050953659}, {"l": "Nitrogen", "v": 17.042858718599931}]}, {"source": 24, "prod": 36.22518524093087, "target": 7, "value": 0.48440323988613837, "supply": [{"l": "Potash", "v": 0.34783018067484867}, {"l": "Phosphate", "v": 1.4490125050953659}, {"l": "Nitrogen", "v": 17.042858718599931}]}, {"source": 24, "prod": 254.28283672627165, "target": 8, "value": 3.4002705338403043, "supply": [{"l": "Potash", "v": 0.34783018067484867}, {"l": "Phosphate", "v": 1.4490125050953659}, {"l": "Nitrogen", "v": 17.042858718599931}]}, {"source": 24, "prod": 9.4020622283810642, "target": 11, "value": 0.12572439242885813, "supply": [{"l": "Potash", "v": 0.34783018067484867}, {"l": "Phosphate", "v": 1.4490125050953659}, {"l": "Nitrogen", "v": 17.042858718599931}]}, {"source": 22, "prod": 0, "target": 24, "value": 22.493513524498514, "supply": [{"l": "Natural gas (including LNG)", "v": 15.270975854630457}, {"l": "Fuel oil", "v": 4.2098513138402929}, {"l": "Liquefied petroleum gas (LPG)", "v": 1.5063431780138814}, {"l": "Coal", "v": 1.5063431780138814}]}, {"source": 25, "prod": 0, "target": 3, "value": 26.397066939560666, "supply": "[{\"l\":'Labor',\"v\":26.397066939560666}]"}, {"source": 25, "prod": 0, "target": 4, "value": 3.9591776866795154, "supply": "[{\"l\":'Labor',\"v\":3.9591776866795154}]"}, {"source": 25, "prod": 0, "target": 5, "value": 34.079972587728328, "supply": "[{\"l\":'Labor',\"v\":34.079972587728328}]"}, {"source": 25, "prod": 0, "target": 7, "value": 2.1048266316395554, "supply": "[{\"l\":'Labor',\"v\":2.1048266316395554}]"}, {"source": 25, "prod": 0, "target": 8, "value": 14.774839194074358, "supply": "[{\"l\":'Labor',\"v\":14.774839194074358}]"}, {"source": 25, "prod": 0, "target": 11, "value": 0.54629702619901011, "supply": "[{\"l\":'Labor',\"v\":0.54629702619901011}]"}, {"source": 22, "prod": 0, "target": 16, "value": 12.750025530882553, "supply": "[{\"l\":'Fossil Fuels',\"v\":12.750025530882553}]"}, {"source": 23, "prod": 0, "target": 16, "value": 22.992807455918214, "supply": "[{\"l\":'Renewables & Nuclear',\"v\":0.6144963930193087},{\"l\":'Biomass & Waste',\"v\":22.378311062898906}]"}]}