{"nodes": [{"layer": 13, "name": "Other Processed", "fill": "#9c9ede"}, {"layer": 10, "name": "Feed", "fill": "#dbdb8d"}, {"layer": 13, "name": "Animal Products", "fill": "#17becf"}, {"layer": 5, "name": "Cereals", "fill": "#e7ba52"}, {"layer": 5, "name": "Oilcrops", "fill": "#ff9896"}, {"layer": 5, "name": "Fruits, Roots & Vegetables", "fill": "#98df8a"}, {"layer": 5, "name": "Sugar Crops", "fill": "#ffbb78"}, {"layer": 13, "name": "Sugar", "fill": "#d6616b"}, {"layer": 13, "name": "Aquatic Products", "fill": "#1f77b4"}, {"layer": 16, "name": "Food", "fill": "#b5cf6b"}, {"layer": 13, "name": "Vegetable Oils", "fill": "#f7b6d2"}, {"layer": 10, "name": "Processing", "fill": "#9edae5"}, {"layer": 16, "name": "Biofuels & Other", "fill": "#e7ba52"}, {"name": "Waste", "fill": "#c7c7c7"}, {"layer": 2, "name": "Import", "fill": "#aec7e8"}, {"layer": 16, "name": "Export", "fill": "#aec7e8"}, {"layer": 0, "name": "Stock Draw", "fill": "#c7c7c7"}, {"layer": 16, "name": "Stock Deposit", "fill": "#c7c7c7"}, {"name": "Crop Residue", "fill": "#bd9e39"}, {"layer": 2, "name": "Electricity", "fill": "#bcbd22"}, {"layer": 0, "name": "Fossil Fuels", "fill": "#c49c94"}, {"layer": 0, "name": "Renewables & Nuclear", "fill": "#2ca02c"}, {"layer": 2, "name": "Fertilizers", "fill": "#c5b0d5"}, {"layer": 0, "name": "Labor", "fill": "#7f7f7f"}], "links": [{"source": 0, "prod": 18.0, "target": 1, "value": 0.24196594953735001, "supply": [{"l": "Fats, Animals, Raw", "v": 0.093390366488100007}, {"l": "Fish, Body Oil", "v": 0.14857558304925}]}, {"source": 2, "prod": 5807.0, "target": 1, "value": 4.1960528442110663, "supply": [{"l": "Milk - Excluding Butter", "v": 4.1802396932780512}, {"l": "Meat, Other", "v": 0.001463798847775862}, {"l": "Offals, Edible", "v": 0.014349352085239438}]}, {"source": 3, "prod": 53907.0, "target": 1, "value": 185.75429635683358, "supply": [{"l": "Maize", "v": 102.90296448915083}, {"l": "Rye", "v": 1.2735049975650001}, {"l": "Barley", "v": 18.300835734767414}, {"l": "Rice", "v": 30.912613342564978}, {"l": "Wheat", "v": 9.2878078358767908}, {"l": "Oats", "v": 3.490709852299962}, {"l": "Cereals, Other", "v": 0.57914155841646431}, {"l": "Sorghum", "v": 14.874461731338686}, {"l": "Millet", "v": 4.1322568148534264}]}, {"source": 4, "prod": 3369.0, "target": 1, "value": 16.512218374000661, "supply": [{"l": "Coconuts - Incl Copra", "v": 0.030245743692168751}, {"l": "Cottonseed", "v": 14.378206183170926}, {"l": "Groundnuts", "v": 0.063101598978445944}, {"l": "Rape and Mustardseed", "v": 0.050449846256740087}, {"l": "Oilcrops, Other", "v": 0.46695183244050015}, {"l": "Soyabeans", "v": 1.5232631694618803}]}, {"source": 5, "prod": 31021.0, "target": 1, "value": 36.544303354253785, "supply": [{"l": "Roots, Other", "v": 0.24276189016082814}, {"l": "Yams", "v": 0.0056497940019596491}, {"l": "Tomatoes", "v": 0.048238825665340906}, {"l": "Vegetables, Other", "v": 0.55025114559421384}, {"l": "Peas", "v": 1.0301240424747999}, {"l": "Potatoes", "v": 4.5175147964876734}, {"l": "Beans", "v": 0.40134702953563639}, {"l": "Pulses, Other", "v": 5.2383116115437414}, {"l": "Bananas", "v": 0.076757718097054978}, {"l": "Sweet potatoes", "v": 22.578385163569887}, {"l": "Cassava", "v": 1.8549613371226465}]}, {"source": 6, "prod": 2757.0, "target": 1, "value": 0.75506522113692598, "supply": [{"l": "Sugar beet", "v": 0.0095855214870483891}, {"l": "Sugar cane", "v": 0.74547969964987759}]}, {"source": 7, "prod": 289.0, "target": 1, "value": 1.1684921670196324, "supply": [{"l": "Sugar", "v": 0.0041447406744897644}, {"l": "Sugar non-centrifugal", "v": 1.1643474263451428}]}, {"source": 8, "prod": 5006.0, "target": 1, "value": 4.8134391246614063, "supply": [{"l": "Aquatic Products, Other", "v": 0.14179111084000001}, {"l": "Marine Fish, Other", "v": 0.13068927690367416}, {"l": "Freshwater Fish", "v": 0.0010353699167195121}, {"l": "Fish, Seafood", "v": 2.2232780005225052}, {"l": "Cephalopods", "v": 0.0039488527056279069}, {"l": "Pelagic Fish", "v": 1.430881224906366}, {"l": "Molluscs, Other", "v": 0.37772222150000007}, {"l": "Aquatic Plants", "v": 0.14179111084000001}, {"l": "Demersal Fish", "v": 0.36230195652651348}]}, {"source": 0, "prod": 9454.0, "target": 9, "value": 27.682107348172032, "supply": [{"l": "Beverages, Alcoholic", "v": 6.5028611624837227}, {"l": "Butter, Ghee", "v": 8.1947278104182626}, {"l": "Fats, Animals, Raw", "v": 7.3268987526573008}, {"l": "Wine", "v": 0.062444375175275811}, {"l": "Fish, Body Oil", "v": 0.55185216561149997}, {"l": "Cream", "v": 0.017718330400904352}, {"l": "Beer", "v": 1.6329471689791795}, {"l": "Beverages, Fermented", "v": 3.2509109392386546}, {"l": "Fish, Liver Oil", "v": 0.14174664320723482}]}, {"source": 2, "prod": 63296.0, "target": 9, "value": 86.493520567890315, "supply": [{"l": "Eggs", "v": 7.3325189155573529}, {"l": "Pigmeat", "v": 32.640336905880979}, {"l": "Offals, Edible", "v": 1.6346303583768593}, {"l": "Milk - Excluding Butter", "v": 30.208256119701769}, {"l": "Meat, Other", "v": 0.82704634899336216}, {"l": "Mutton & Goat Meat", "v": 4.0733081195524719}, {"l": "Bovine Meat", "v": 5.710546233198821}, {"l": "Poultry Meat", "v": 4.0668775666287056}]}, {"source": 3, "prod": 266697.0, "target": 9, "value": 1045.1590856187354, "supply": [{"l": "Maize", "v": 47.384870245863276}, {"l": "Barley", "v": 22.868386133250542}, {"l": "Cereals, Other", "v": 4.8969299311130365}, {"l": "Sorghum", "v": 67.792064479037776}, {"l": "Rye", "v": 4.8966267156374252}, {"l": "Rice", "v": 600.9117876606856}, {"l": "Wheat", "v": 238.42101188671543}, {"l": "Oats", "v": 1.6196371251083077}, {"l": "Millet", "v": 56.367771441324031}]}, {"source": 4, "prod": 13690.0, "target": 9, "value": 42.729818078116168, "supply": [{"l": "Sunflower seed", "v": 0.015134953877022028}, {"l": "Coconuts - Incl Copra", "v": 9.7980290750157195}, {"l": "Sesame seed", "v": 1.6060313024847499}, {"l": "Olives", "v": 0.40327658256225002}, {"l": "Groundnuts", "v": 8.998288014326393}, {"l": "Oilcrops, Other", "v": 0.20618652341528573}, {"l": "Soyabeans", "v": 21.253867994749758}, {"l": "Rape and Mustardseed", "v": 0.44395864705931287}, {"l": "Palm kernels", "v": 0.0050449846256740098}]}, {"source": 5, "prod": 283359.0, "target": 9, "value": 257.74885030521932, "supply": [{"l": "Roots, Other", "v": 3.272642530200891}, {"l": "Plantains", "v": 0.81427137723095455}, {"l": "Nuts", "v": 2.4257238048857146}, {"l": "Infant food", "v": 0.023244444400000001}, {"l": "Tomatoes", "v": 1.6314370840018295}, {"l": "Pepper", "v": 0.070847093811905529}, {"l": "Treenuts", "v": 2.4226916501296074}, {"l": "Vegetables, Other", "v": 25.31011825743396}, {"l": "Peas", "v": 9.7918384257220001}, {"l": "Grapes", "v": 3.2594009725557544}, {"l": "Pimento", "v": 2.4766320873698291}, {"l": "Pulses, Other", "v": 34.288245794531043}, {"l": "Pineapples", "v": 0.81745253222077707}, {"l": "Citrus, Other", "v": 0.16619777746}, {"l": "Tea", "v": 0.61713999882000004}, {"l": "Grapefruit", "v": 0.19990222184000001}, {"l": "Fruits, Other", "v": 11.435410440743667}, {"l": "Yams", "v": 0.09717645683370596}, {"l": "Coffee", "v": 0.074198610502386561}, {"l": "Cloves", "v": 0.010121013401700789}, {"l": "Dates", "v": 1.6171492032571431}, {"l": "Cocoa Beans", "v": 0.16291685554435134}, {"l": "Potatoes", "v": 13.874254667424591}, {"l": "Beans", "v": 17.149867300541999}, {"l": "Apples", "v": 1.6352282480470777}, {"l": "Lemons, Limes", "v": 0.78333777628000012}, {"l": "Bananas", "v": 5.7203499417478509}, {"l": "Spices, Other", "v": 1.6436704501905601}, {"l": "Sweet potatoes", "v": 95.539070611626528}, {"l": "Oranges, Mandarines", "v": 1.6358844684168294}, {"l": "Cassava", "v": 15.520878652120707}, {"l": "Onions", "v": 3.2615495559259302}]}, {"source": 6, "prod": 5958.0, "target": 9, "value": 1.6317296291381229, "supply": [{"l": "Sugar cane", "v": 1.6317296291381229}]}, {"source": 7, "prod": 21955.0, "target": 9, "value": 89.875843458432328, "supply": [{"l": "Sugar", "v": 50.619717857543492}, {"l": "Sweeteners, Other", "v": 4.0831304300459745}, {"l": "Honey", "v": 0.87730344276700012}, {"l": "Sugar non-centrifugal", "v": 34.295691728075859}]}, {"source": 8, "prod": 34869.0, "target": 9, "value": 33.006766762053033, "supply": [{"l": "Crustaceans", "v": 0.81116731366640227}, {"l": "Aquatic Products, Other", "v": 0.85423333170000004}, {"l": "Marine Fish, Other", "v": 3.2662779862640896}, {"l": "Fish, Seafood", "v": 15.593760020464444}, {"l": "Aquatic Animals, Others", "v": 0.09413999982}, {"l": "Demersal Fish", "v": 2.4516673749914442}, {"l": "Aquatic Plants", "v": 0.76009333187999994}, {"l": "Freshwater Fish", "v": 3.2738396766670972}, {"l": "Cephalopods", "v": 0.82037414959419774}, {"l": "Pelagic Fish", "v": 4.0886758011253548}, {"l": "Molluscs, Other", "v": 0.99253777588000003}]}, {"source": 10, "prod": 5849.0, "target": 9, "value": 60.457995734747008, "supply": [{"l": "Ricebran Oil", "v": 0.77825305406750001}, {"l": "Sunflowerseed Oil", "v": 1.6697065523630001}, {"l": "Rape and Mustard Oil", "v": 8.9966053050202994}, {"l": "Sesameseed Oil", "v": 3.3280930603032006}, {"l": "Palmkernel Oil", "v": 0.19810077739900003}, {"l": "Oilcrops Oil, Other", "v": 3.2601727937664005}, {"l": "Maize Germ Oil", "v": 0.37225530698053855}, {"l": "Groundnut Oil", "v": 16.325413462760967}, {"l": "Soyabean Oil", "v": 9.0796189641208329}, {"l": "Palm Oil", "v": 1.734392520493286}, {"l": "Coconut Oil", "v": 8.1261747463671448}, {"l": "Olive Oil", "v": 1.7687569410625001}, {"l": "Cottonseed Oil", "v": 4.8204522500423339}]}, {"source": 0, "prod": 14.0, "target": 11, "value": 0.026346722910491373, "supply": [{"l": "Fats, Animals, Raw", "v": 0.0169800666342}, {"l": "Wine", "v": 0.0093666562762913727}]}, {"source": 2, "prod": 11.0, "target": 11, "value": 0.011896785519355087, "supply": [{"l": "Pigmeat", "v": 0.0039396906343851512}, {"l": "Meat, Other", "v": 0.001463798847775862}, {"l": "Milk - Excluding Butter", "v": 0.0064932960371940742}]}, {"source": 3, "prod": 2437.0, "target": 11, "value": 9.2655369515223143, "supply": [{"l": "Maize", "v": 1.3748155964764348}, {"l": "Oats", "v": 0.022857782007576922}, {"l": "Barley", "v": 1.8012874810919386}, {"l": "Rice", "v": 5.4871629258128429}, {"l": "Sorghum", "v": 0.003533965723767804}, {"l": "Wheat", "v": 0.57587920040975182}]}, {"source": 4, "prod": 31959.285714285714, "target": 11, "value": 130.62594776422074, "supply": [{"l": "Olives", "v": 1.8465822464692505}, {"l": "Soyabeans", "v": 17.175453702319562}, {"l": "Oilcrops, Other", "v": 15.755076112732718}, {"l": "Sunflower seed", "v": 1.8212394498683175}, {"l": "Coconuts - Incl Copra", "v": 14.293501716420169}, {"l": "Sesame seed", "v": 5.0869449624957506}, {"l": "Cottonseed", "v": 22.853780354303261}, {"l": "Rape and Mustardseed", "v": 13.14722993450647}, {"l": "Groundnuts", "v": 26.950692923694259}, {"l": "Palm kernels", "v": 0.34305895454583263}, {"l": "Oil Palm", "v": 11.352387406865144}]}, {"source": 5, "prod": 3193.0, "target": 11, "value": 2.9057598079931242, "supply": [{"l": "Grapes", "v": 0.15282059970780001}, {"l": "Potatoes", "v": 1.2716736297587672}, {"l": "Fruits, Other", "v": 0.089403742147896537}, {"l": "Lemons, Limes", "v": 0.016271111080000001}, {"l": "Bananas", "v": 0.0098797062897199479}, {"l": "Apples", "v": 0.0029894483510915499}, {"l": "Sweet potatoes", "v": 1.0803110149601083}, {"l": "Oranges, Mandarines", "v": 0.0017256165278658536}, {"l": "Cassava", "v": 0.28068493916987414}]}, {"source": 6, "prod": 176108.0, "target": 11, "value": 48.231057658317646, "supply": [{"l": "Sugar beet", "v": 3.6156587049146522}, {"l": "Sugar cane", "v": 44.615398953402995}]}, {"source": 7, "prod": 686.0, "target": 11, "value": 2.4716964992599455, "supply": [{"l": "Sugar", "v": 0.029013184721428349}, {"l": "Sweeteners, Other", "v": 2.4426833145385172}]}, {"source": 10, "prod": 1.0, "target": 11, "value": 0.011320044422799999, "supply": [{"l": "Oilcrops Oil, Other", "v": 0.011320044422799999}]}, {"source": 0, "prod": 1471.0, "target": 12, "value": 9.0932279566264942, "supply": [{"l": "Alcohol, Non-Food", "v": 0.73631743495576374}, {"l": "Beer", "v": 0.0013842445625706524}, {"l": "Beverages, Alcoholic", "v": 0.27571593346621787}, {"l": "Fats, Animals, Raw", "v": 7.4627392857309012}, {"l": "Beverages, Fermented", "v": 0.0015436424212909091}, {"l": "Fish, Body Oil", "v": 0.6155274154897501}]}, {"source": 2, "prod": 127.0, "target": 12, "value": 0.16148471675700546, "supply": [{"l": "Pigmeat", "v": 0.023638143806310907}, {"l": "Eggs", "v": 0.050222732298338041}, {"l": "Milk - Excluding Butter", "v": 0.039681253560630451}, {"l": "Poultry Meat", "v": 0.0037901934451339291}, {"l": "Offals, Edible", "v": 0.040656497574845074}, {"l": "Bovine Meat", "v": 0.0034958960717470593}]}, {"source": 3, "prod": 5250.0, "target": 12, "value": 18.578118000651344, "supply": [{"l": "Maize", "v": 5.2018263193603573}, {"l": "Barley", "v": 0.07352193800375259}, {"l": "Rice", "v": 2.4803194827226962}, {"l": "Wheat", "v": 10.801246466221931}, {"l": "Sorghum", "v": 0.021203794342606823}]}, {"source": 4, "prod": 1277.0, "target": 12, "value": 5.9980179764171737, "supply": [{"l": "Coconuts - Incl Copra", "v": 0.21967961207996251}, {"l": "Sesame seed", "v": 0.02122508329275}, {"l": "Cottonseed", "v": 5.39813354947119}, {"l": "Oilcrops, Other", "v": 0.16980066634200003}, {"l": "Soyabeans", "v": 0.0075596187070068495}, {"l": "Rape and Mustardseed", "v": 0.18161944652426434}]}, {"source": 5, "prod": 873.0, "target": 12, "value": 0.9805910497297885, "supply": [{"l": "Fruits, Other", "v": 0.002067138546772174}, {"l": "Tomatoes", "v": 0.00024119412832670456}, {"l": "Cloves", "v": 0.067473422678005268}, {"l": "Pepper", "v": 0.0033736711339002632}, {"l": "Vegetables, Other", "v": 0.0068853115194270767}, {"l": "Grapes", "v": 0.017751887844845451}, {"l": "Dates", "v": 0.010107182520357146}, {"l": "Potatoes", "v": 0.041511003607944692}, {"l": "Apples", "v": 0.00059788967021830988}, {"l": "Bananas", "v": 0.00075997740690153461}, {"l": "Spices, Other", "v": 0.0033960133268400002}, {"l": "Tea", "v": 0.0023244444400000001}, {"l": "Sweet potatoes", "v": 0.21399131925727383}, {"l": "Oranges, Mandarines", "v": 0.0010353699167195123}, {"l": "Cassava", "v": 0.60907522373225653}]}, {"source": 6, "prod": 246.0, "target": 12, "value": 0.067372522451825817, "supply": [{"l": "Sugar cane", "v": 0.067372522451825817}]}, {"source": 7, "prod": 43.0, "target": 12, "value": 0.177676580073104, "supply": [{"l": "Sugar", "v": 0.1740791083285701}, {"l": "Sweeteners, Other", "v": 0.0035974717445338982}]}, {"source": 8, "prod": 1291.0, "target": 12, "value": 1.3873813525127194, "supply": [{"l": "Freshwater Fish", "v": 0.0031061097501585365}, {"l": "Aquatic Products, Other", "v": 0.47999777686}, {"l": "Marine Fish, Other", "v": 0.11638023198721349}, {"l": "Demersal Fish", "v": 0.039499085485973272}, {"l": "Pelagic Fish", "v": 0.05176849583597562}, {"l": "Fish, Seafood", "v": 0.21663187573339826}, {"l": "Aquatic Plants", "v": 0.47883555464000005}, {"l": "Aquatic Animals, Others", "v": 0.0011622222200000001}]}, {"source": 10, "prod": 1078.0, "target": 12, "value": 11.445899546636621, "supply": [{"l": "Ricebran Oil", "v": 0.5801522766685}, {"l": "Groundnut Oil", "v": 0.010228955803734941}, {"l": "Soyabean Oil", "v": 0.33205463640213329}, {"l": "Palm Oil", "v": 0.8975178078077144}, {"l": "Sunflowerseed Oil", "v": 0.10376707387566668}, {"l": "Olive Oil", "v": 0.21225083292749999}, {"l": "Coconut Oil", "v": 0.80857460162857153}, {"l": "Rape and Mustard Oil", "v": 0.37356146595239997}, {"l": "Oilcrops Oil, Other", "v": 6.3845050544592006}, {"l": "Sesameseed Oil", "v": 0.10188039980520001}, {"l": "Cottonseed Oil", "v": 1.5187726267256669}, {"l": "Palmkernel Oil", "v": 0.12263381458033334}]}, {"source": 2, "prod": 180.0, "target": 2, "value": 0.32286042191788739, "supply": [{"l": "Eggs", "v": 0.32286042191788739}]}, {"source": 3, "prod": 21425.0, "target": 3, "value": 81.790569360689716, "supply": [{"l": "Maize", "v": 5.3241055911623469}, {"l": "Oats", "v": 0.45389024272188466}, {"l": "Rye", "v": 0.79912438597203761}, {"l": "Barley", "v": 4.2213846070487948}, {"l": "Rice", "v": 40.133309805528825}, {"l": "Sorghum", "v": 2.0885737427467719}, {"l": "Cereals, Other", "v": 0.84900333170999998}, {"l": "Wheat", "v": 26.030442150228602}, {"l": "Millet", "v": 1.8907355035704558}]}, {"source": 4, "prod": 2318.0, "target": 4, "value": 11.055130987239675, "supply": [{"l": "Soyabeans", "v": 3.6210573606562808}, {"l": "Sunflower seed", "v": 0.050449846256740087}, {"l": "Coconuts - Incl Copra", "v": 0.10028851855824376}, {"l": "Sesame seed", "v": 0.22640088845600001}, {"l": "Cottonseed", "v": 3.0169008061530578}, {"l": "Rape and Mustardseed", "v": 0.38341883155122475}, {"l": "Groundnuts", "v": 3.4201066646317702}, {"l": "Oilcrops, Other", "v": 0.23650807097635718}]}, {"source": 5, "prod": 5568.0, "target": 5, "value": 9.9692315042256094, "supply": [{"l": "Potatoes", "v": 2.6391418832281759}, {"l": "Yams", "v": 0.011299588003919298}, {"l": "Beans", "v": 2.0414671021572275}, {"l": "Roots, Other", "v": 0.080920630053609374}, {"l": "Peas", "v": 0.98107051664266665}, {"l": "Sweet potatoes", "v": 0.56719204512815058}, {"l": "Onions", "v": 0.0087194936770216228}, {"l": "Pulses, Other", "v": 3.6394202453348394}]}, {"source": 6, "prod": 7843.0, "target": 6, "value": 2.1479784292263004, "supply": [{"l": "Sugar cane", "v": 2.1479784292263004}]}, {"source": 8, "prod": 64.0, "target": 8, "value": 0.061404526669585423, "supply": [{"l": "Fish, Seafood", "v": 0.029880258721848033}, {"l": "Cephalopods", "v": 0.029616395292209306}, {"l": "Marine Fish, Other", "v": 0.0019078726555280898}]}, {"source": 0, "prod": 1.0, "target": 13, "value": 0.0015436424212909091, "supply": [{"l": "Beverages, Fermented", "v": 0.0015436424212909091}]}, {"source": 2, "prod": 2498.0, "target": 13, "value": 2.0884386992784352, "supply": [{"l": "Pigmeat", "v": 0.05515566888139211}, {"l": "Meat, Other", "v": 0.001463798847775862}, {"l": "Eggs", "v": 0.36770214718426059}, {"l": "Mutton & Goat Meat", "v": 0.0047696816388202246}, {"l": "Milk - Excluding Butter", "v": 1.6298173053357126}, {"l": "Poultry Meat", "v": 0.018950967225669645}, {"l": "Offals, Edible", "v": 0.0035873380213098595}, {"l": "Bovine Meat", "v": 0.0069917921434941186}]}, {"source": 3, "prod": 18747.0, "target": 13, "value": 71.425660778858571, "supply": [{"l": "Maize", "v": 12.218012644647548}, {"l": "Rye", "v": 0.33747882435472504}, {"l": "Barley", "v": 2.1106923035243974}, {"l": "Rice", "v": 34.946396080256093}, {"l": "Cereals, Other", "v": 0.29715116609850006}, {"l": "Wheat", "v": 13.894841439154806}, {"l": "Oats", "v": 0.24490480722403846}, {"l": "Sorghum", "v": 4.1594776568747056}, {"l": "Millet", "v": 3.2167058567237619}]}, {"source": 4, "prod": 1755.0, "target": 13, "value": 6.2070580856326725, "supply": [{"l": "Olives", "v": 0.018192928536642859}, {"l": "Sunflower seed", "v": 0.050449846256740087}, {"l": "Coconuts - Incl Copra", "v": 1.2130135101806625}, {"l": "Sesame seed", "v": 0.15565061081350001}, {"l": "Cottonseed", "v": 1.5387203108305729}, {"l": "Groundnuts", "v": 1.3440640582408987}, {"l": "Oilcrops, Other", "v": 0.3153440946351429}, {"l": "Soyabeans", "v": 1.1074841405765035}, {"l": "Rape and Mustardseed", "v": 0.46413858556200888}]}, {"source": 5, "prod": 26303.0, "target": 13, "value": 19.658089266202786, "supply": [{"l": "Roots, Other", "v": 0.14990215075504687}, {"l": "Plantains", "v": 0.10162312606831819}, {"l": "Nuts", "v": 0.08186817841489287}, {"l": "Yams", "v": 0.0056497940019596491}, {"l": "Citrus, Other", "v": 0.017433333299999999}, {"l": "Grapefruit", "v": 0.010459999980000001}, {"l": "Tomatoes", "v": 0.18065440211670172}, {"l": "Coffee", "v": 0.0035672408895378151}, {"l": "Treenuts", "v": 0.08186817841489287}, {"l": "Vegetables, Other", "v": 2.6224430249617878}, {"l": "Peas", "v": 0.3773348140933333}, {"l": "Grapes", "v": 0.39748792348240913}, {"l": "Cloves", "v": 0.0033736711339002632}, {"l": "Dates", "v": 0.11724331723614285}, {"l": "Potatoes", "v": 1.6827922231836041}, {"l": "Pimento", "v": 0.11394518399265792}, {"l": "Pepper", "v": 0.010121013401700789}, {"l": "Beans", "v": 0.81041227117772729}, {"l": "Apples", "v": 0.1745837837037465}, {"l": "Lemons, Limes", "v": 0.087166666500000003}, {"l": "Pineapples", "v": 0.06711715527707432}, {"l": "Bananas", "v": 0.96593128417185026}, {"l": "Spices, Other", "v": 0.020376079961040003}, {"l": "Tea", "v": 0.011622222200000001}, {"l": "Fruits, Other", "v": 1.1839536026637627}, {"l": "Sweet potatoes", "v": 6.7085128096191591}, {"l": "Oranges, Mandarines", "v": 0.18257022864820732}, {"l": "Pulses, Other", "v": 1.2921986489054038}, {"l": "Onions", "v": 0.29875738861795137}, {"l": "Cassava", "v": 1.8971195493299795}]}, {"source": 6, "prod": 2523.0, "target": 13, "value": 0.69097916319494534, "supply": [{"l": "Sugar cane", "v": 0.69097916319494534}]}, {"source": 7, "prod": 35.0, "target": 13, "value": 0.14506592360714177, "supply": [{"l": "Sugar", "v": 0.14506592360714177}]}, {"source": 10, "prod": 6.0, "target": 13, "value": 0.068459316271219053, "supply": [{"l": "Soyabean Oil", "v": 0.02075341477513333}, {"l": "Palm Oil", "v": 0.036385857073285718}, {"l": "Oilcrops Oil, Other", "v": 0.011320044422799999}]}, {"source": 14, "prod": 7445.0, "target": 1, "value": 6.7579527283282825, "supply": [{"l": "Crustaceans", "v": 0.084900333171000014}, {"l": "Eggs", "v": 0.13452517579911974}, {"l": "Aquatic Products, Other", "v": 0.13597999974}, {"l": "Marine Fish, Other", "v": 0.071545224582303377}, {"l": "Pigmeat", "v": 0.11031133776278422}, {"l": "Fish, Seafood", "v": 1.3688893526946631}, {"l": "Aquatic Animals, Others", "v": 0.044164444359999999}, {"l": "Offals, Edible", "v": 0.016740910766112678}, {"l": "Demersal Fish", "v": 0.027240748611016045}, {"l": "Aquatic Plants", "v": 0.090653333160000002}, {"l": "Freshwater Fish", "v": 0.044520906418939028}, {"l": "Milk - Excluding Butter", "v": 2.7906743413185198}, {"l": "Meat, Other", "v": 0.096610723953206912}, {"l": "Cephalopods", "v": 0.083913119994593027}, {"l": "Mutton & Goat Meat", "v": 0.25279312685747191}, {"l": "Pelagic Fish", "v": 1.0788554532217318}, {"l": "Bovine Meat", "v": 0.16430711537211176}, {"l": "Molluscs, Other", "v": 0.098788888700000008}, {"l": "Poultry Meat", "v": 0.062538191844709823}]}, {"source": 14, "prod": 5975.0, "target": 11, "value": 32.271340647424324, "supply": [{"l": "Sugar", "v": 17.718766383443743}, {"l": "Beverages, Alcoholic", "v": 0.080697346380356444}, {"l": "Butter, Ghee", "v": 0.52601293377684788}, {"l": "Fats, Animals, Raw", "v": 6.3250748212395003}, {"l": "Sunflowerseed Oil", "v": 0.39620155479800007}, {"l": "Rape and Mustard Oil", "v": 0.36318475856483334}, {"l": "Sesameseed Oil", "v": 0.011320044422799999}, {"l": "Wine", "v": 0.0039027734484547382}, {"l": "Sweeteners, Other", "v": 0.69790951843957627}, {"l": "Fish, Body Oil", "v": 0.19102574963475}, {"l": "Honey", "v": 0.10612541646375}, {"l": "Palmkernel Oil", "v": 0.018866740704666669}, {"l": "Cream", "v": 0.0088591652004521761}, {"l": "Oilcrops Oil, Other", "v": 1.69800666342}, {"l": "Beer", "v": 0.018456594167608701}, {"l": "Groundnut Oil", "v": 0.22503702768216868}, {"l": "Sugar non-centrifugal", "v": 0.020214365040714288}, {"l": "Soyabean Oil", "v": 1.8366772075993001}, {"l": "Palm Oil", "v": 1.4069198068337143}, {"l": "Coconut Oil", "v": 0.40428730081428577}, {"l": "Olive Oil", "v": 0.099050388699500017}, {"l": "Beverages, Fermented", "v": 0.0015436424212909091}, {"l": "Cottonseed Oil", "v": 0.11320044422800001}]}, {"source": 14, "prod": 40381.0, "target": 3, "value": 144.65511958622022, "supply": [{"l": "Maize", "v": 17.899041515664354}, {"l": "Barley", "v": 3.2104579594971963}, {"l": "Cereals, Other", "v": 0.73984576049014306}, {"l": "Sorghum", "v": 17.931342082397837}, {"l": "Rye", "v": 0.32156001188516248}, {"l": "Rice", "v": 23.284543073770436}, {"l": "Wheat", "v": 81.037440164977156}, {"l": "Oats", "v": 0.15020828176407694}, {"l": "Millet", "v": 0.080680735773878437}]}, {"source": 14, "prod": 4374.0, "target": 5, "value": 6.2007486160180134, "supply": [{"l": "Roots, Other", "v": 0.015918812469562501}, {"l": "Nuts", "v": 0.60339879646532157}, {"l": "Infant food", "v": 0.02440666662}, {"l": "Tomatoes", "v": 0.032802401452431823}, {"l": "Pepper", "v": 0.037110382472902902}, {"l": "Treenuts", "v": 0.60643095122142865}, {"l": "Vegetables, Other", "v": 0.15319818130725246}, {"l": "Peas", "v": 0.14716057749639999}, {"l": "Grapes", "v": 0.15436424212909092}, {"l": "Pimento", "v": 0.070377907760171055}, {"l": "Pulses, Other", "v": 1.1204507272154451}, {"l": "Pineapples", "v": 0.020077781493141891}, {"l": "Tea", "v": 0.11041111090000001}, {"l": "Grapefruit", "v": 0.0034866666600000002}, {"l": "Fruits, Other", "v": 0.14056542118050783}, {"l": "Citrus, Other", "v": 0.0092977777600000006}, {"l": "Coffee", "v": 0.032461892094794116}, {"l": "Cloves", "v": 0.057352409276304472}, {"l": "Dates", "v": 0.36183713422878577}, {"l": "Cocoa Beans", "v": 0.15373844114748647}, {"l": "Potatoes", "v": 0.23549511662199393}, {"l": "Beans", "v": 0.87215796802936385}, {"l": "Apples", "v": 0.078323546798598598}, {"l": "Lemons, Limes", "v": 0.044164444359999999}, {"l": "Bananas", "v": 0.40658791269232097}, {"l": "Spices, Other", "v": 0.19696877295672}, {"l": "Sweet potatoes", "v": 0.010354418673739057}, {"l": "Oranges, Mandarines", "v": 0.060741701780878045}, {"l": "Onions", "v": 0.073886235894762162}, {"l": "Cassava", "v": 0.36722021685861}]}, {"source": 14, "prod": 4738.0, "target": 4, "value": 18.493547933215719, "supply": [{"l": "Sunflower seed", "v": 0.48936350869037887}, {"l": "Coconuts - Incl Copra", "v": 1.1111331103754625}, {"l": "Sesame seed", "v": 0.46695183244049998}, {"l": "Cottonseed", "v": 1.2763811102955243}, {"l": "Olives", "v": 0.0060643095122142861}, {"l": "Groundnuts", "v": 0.41016039335989857}, {"l": "Oilcrops, Other", "v": 2.352952090739143}, {"l": "Soyabeans", "v": 10.776236466838263}, {"l": "Rape and Mustardseed", "v": 1.5084504030765289}, {"l": "Palm kernels", "v": 0.095854707887806187}]}, {"source": 14, "prod": 12.0, "target": 6, "value": 0.0032864645098451615, "supply": [{"l": "Sugar beet", "v": 0.0032864645098451615}]}, {"source": 0, "prod": 150.0, "target": 15, "value": 1.4434268409287563, "supply": [{"l": "Beverages, Alcoholic", "v": 0.026899115460118816}, {"l": "Butter, Ghee", "v": 0.064598079586630441}, {"l": "Fats, Animals, Raw", "v": 0.1358405330736}, {"l": "Wine", "v": 0.021074976621655587}, {"l": "Fish, Body Oil", "v": 1.1673795811012502}, {"l": "Beer", "v": 0.015688105042467392}, {"l": "Beverages, Fermented", "v": 0.0030872848425818182}, {"l": "Fish, Liver Oil", "v": 0.0088591652004521761}]}, {"source": 2, "prod": 356.0, "target": 15, "value": 0.81351512869101428, "supply": [{"l": "Eggs", "v": 0.13811251382042961}, {"l": "Pigmeat", "v": 0.51609947310445481}, {"l": "Offals, Edible", "v": 0.010762014063929577}, {"l": "Milk - Excluding Butter", "v": 0.063490005697008731}, {"l": "Meat, Other", "v": 0.046841563128827583}, {"l": "Mutton & Goat Meat", "v": 0.014309044916460676}, {"l": "Bovine Meat", "v": 0.0087397401793676485}, {"l": "Poultry Meat", "v": 0.015160773780535717}]}, {"source": 3, "prod": 7044.0, "target": 15, "value": 28.552687025032196, "supply": [{"l": "Maize", "v": 4.9010854076311361}, {"l": "Barley", "v": 0.11028290700562887}, {"l": "Cereals, Other", "v": 0.039418011829392863}, {"l": "Sorghum", "v": 0.3533965723767804}, {"l": "Rice", "v": 21.474344995151764}, {"l": "Wheat", "v": 1.5977136352831534}, {"l": "Oats", "v": 0.0097961922889615374}, {"l": "Millet", "v": 0.06664930346537784}]}, {"source": 4, "prod": 5799.0, "target": 15, "value": 12.596403661017836, "supply": [{"l": "Sunflower seed", "v": 0.040359877005392078}, {"l": "Coconuts - Incl Copra", "v": 7.5041281981517622}, {"l": "Sesame seed", "v": 0.19102574963475}, {"l": "Cottonseed", "v": 0.20179938502696035}, {"l": "Olives", "v": 0.0090964642683214296}, {"l": "Groundnuts", "v": 0.55529407101032435}, {"l": "Rape and Mustardseed", "v": 0.43386867780796479}, {"l": "Oilcrops, Other", "v": 1.1582831168329286}, {"l": "Soyabeans", "v": 2.1998490437389933}, {"l": "Palm kernels", "v": 0.30269907754044056}]}, {"source": 5, "prod": 9709.0, "target": 15, "value": 11.502868183193341, "supply": [{"l": "Roots, Other", "v": 0.18041320798837501}, {"l": "Nuts", "v": 1.2098297476867501}, {"l": "Tomatoes", "v": 0.015918812469562501}, {"l": "Pepper", "v": 0.28001470411372187}, {"l": "Treenuts", "v": 1.2037654381745357}, {"l": "Vegetables, Other", "v": 0.18360830718472204}, {"l": "Peas", "v": 0.19998745146946667}, {"l": "Grapes", "v": 0.52715388687084552}, {"l": "Pimento", "v": 0.1005398682288158}, {"l": "Pulses, Other", "v": 0.82193648237337402}, {"l": "Pineapples", "v": 0.20020416403161487}, {"l": "Tea", "v": 0.63457333212}, {"l": "Grapefruit", "v": 0.24057999954000003}, {"l": "Fruits, Other", "v": 0.21653276277438527}, {"l": "Coffee", "v": 0.070631369612848743}, {"l": "Cloves", "v": 0.0067473422678005265}, {"l": "Dates", "v": 0.6327096257743573}, {"l": "Cocoa Beans", "v": 0.011473017996081081}, {"l": "Potatoes", "v": 0.23549511662199393}, {"l": "Beans", "v": 0.5865841200905455}, {"l": "Apples", "v": 0.15066819689501409}, {"l": "Lemons, Limes", "v": 0.11505999978000001}, {"l": "Bananas", "v": 0.37542883900935808}, {"l": "Spices, Other", "v": 0.18678073297620001}, {"l": "Sweet potatoes", "v": 0.004601963854995136}, {"l": "Oranges, Mandarines", "v": 0.36341484076854874}, {"l": "Cassava", "v": 2.6692804887063919}, {"l": "Onions", "v": 0.078934363813037839}]}, {"source": 6, "prod": 43.0, "target": 15, "value": 0.011776497826945162, "supply": [{"l": "Sugar cane", "v": 0.011776497826945162}]}, {"source": 7, "prod": 2271.0, "target": 15, "value": 9.4667397196818328, "supply": [{"l": "Sugar", "v": 9.3215217769274794}, {"l": "Sweeteners, Other", "v": 0.010792415233601695}, {"l": "Honey", "v": 0.13442552752075002}]}, {"source": 8, "prod": 2481.0, "target": 15, "value": 2.3718744001056926, "supply": [{"l": "Crustaceans", "v": 0.14027011567382611}, {"l": "Marine Fish, Other", "v": 0.084900333171}, {"l": "Fish, Seafood", "v": 1.1223772182394169}, {"l": "Demersal Fish", "v": 0.12939355590232623}, {"l": "Aquatic Products, Other", "v": 0.046488888800000003}, {"l": "Freshwater Fish", "v": 0.097324772171634141}, {"l": "Cephalopods", "v": 0.045411806114720933}, {"l": "Pelagic Fish", "v": 0.5767010436127683}, {"l": "Molluscs, Other", "v": 0.083679999840000005}, {"l": "Aquatic Plants", "v": 0.045326666580000001}]}, {"source": 10, "prod": 866.0, "target": 15, "value": 9.5412517395433927, "supply": [{"l": "Rape and Mustard Oil", "v": 0.37356146595239997}, {"l": "Sesameseed Oil", "v": 0.011320044422799999}, {"l": "Palmkernel Oil", "v": 0.0094333703523333343}, {"l": "Oilcrops Oil, Other", "v": 0.71316279863640009}, {"l": "Groundnut Oil", "v": 0.36824240893445792}, {"l": "Soyabean Oil", "v": 0.15565061081349998}, {"l": "Palm Oil", "v": 3.9660584209881433}, {"l": "Coconut Oil", "v": 3.4061205093603575}, {"l": "Olive Oil", "v": 0.19810077739900003}, {"l": "Cottonseed Oil", "v": 0.33960133268400006}]}, {"source": 16, "prod": 229.0, "target": 5, "value": 0.6570254228432757, "supply": [{"l": "Nuts", "v": 0.28199039231796436}, {"l": "Coffee", "v": 0.0024970686226764706}, {"l": "Treenuts", "v": 0.28199039231796436}, {"l": "Cloves", "v": 0.0033736711339002632}, {"l": "Potatoes", "v": 0.0095794623710641607}, {"l": "Pepper", "v": 0.07759443607970605}]}, {"source": 10, "prod": 166.0, "target": 17, "value": 1.7682942025856647, "supply": [{"l": "Groundnut Oil", "v": 1.3195352986818074}, {"l": "Palm Oil", "v": 0.4487589039038572}]}, {"source": 2, "prod": 14.0, "target": 17, "value": 0.010100682724524114, "supply": [{"l": "Milk - Excluding Butter", "v": 0.010100682724524114}]}, {"source": 0, "prod": 22.0, "target": 17, "value": 0.14897160360585909, "supply": [{"l": "Butter, Ghee", "v": 0.0092282970838043505}, {"l": "Fats, Animals, Raw", "v": 0.1358405330736}, {"l": "Wine", "v": 0.0039027734484547382}]}, {"source": 8, "prod": 28.0, "target": 17, "value": 0.027567792024881688, "supply": [{"l": "Freshwater Fish", "v": 0.014495178834073171}, {"l": "Fish, Seafood", "v": 0.013072613190808515}]}, {"source": 3, "prod": 4208.0, "target": 17, "value": 16.648490368916633, "supply": [{"l": "Rye", "v": 0.060491487384337503}, {"l": "Barley", "v": 0.34922920551782483}, {"l": "Rice", "v": 9.9909009339145811}, {"l": "Wheat", "v": 4.63863673012977}, {"l": "Oats", "v": 0.013061589718615384}, {"l": "Sorghum", "v": 0.48768726987995697}, {"l": "Millet", "v": 1.1084831523715473}]}, {"source": 16, "prod": 7.0, "target": 1, "value": 0.015420100168797621, "supply": [{"l": "Mutton & Goat Meat", "v": 0.011924204097050561}, {"l": "Bovine Meat", "v": 0.0034958960717470593}]}, {"source": 5, "prod": 253.0, "target": 17, "value": 0.51003085669895398, "supply": [{"l": "Tomatoes", "v": 0.00072358238498011372}, {"l": "Vegetables, Other", "v": 0.00028688797997612823}, {"l": "Dates", "v": 0.0020214365040714288}, {"l": "Beans", "v": 0.32416490847109097}, {"l": "Apples", "v": 0.0239155868087324}, {"l": "Pineapples", "v": 0.034419053988243242}, {"l": "Bananas", "v": 0.0075997740690153448}, {"l": "Spices, Other", "v": 0.0033960133268400002}, {"l": "Fruits, Other", "v": 0.006718200277009566}, {"l": "Pulses, Other", "v": 0.09814166953711928}, {"l": "Onions", "v": 0.0064248900778054062}, {"l": "Cassava", "v": 0.0022188532740701514}]}, {"source": 16, "prod": 78.0, "target": 4, "value": 0.33313400815607214, "supply": [{"l": "Oilcrops, Other", "v": 0.084900333171000014}, {"l": "Soyabeans", "v": 0.22300875185670208}, {"l": "Palm kernels", "v": 0.025224923128370044}]}, {"source": 4, "prod": 113.0, "target": 17, "value": 0.63778754013204864, "supply": [{"l": "Olives", "v": 0.0060643095122142861}, {"l": "Sunflower seed", "v": 0.13116960026752425}, {"l": "Sesame seed", "v": 0.14857558304925}, {"l": "Cottonseed", "v": 0.12612461564185024}, {"l": "Groundnuts", "v": 0.14513367765042567}, {"l": "Rape and Mustardseed", "v": 0.080719754010784156}]}, {"source": 16, "prod": 585.0, "target": 11, "value": 2.7530741848915166, "supply": [{"l": "Sugar", "v": 2.2050020388285545}, {"l": "Beverages, Alcoholic", "v": 0.003362389432514852}, {"l": "Sunflowerseed Oil", "v": 0.10376707387566668}, {"l": "Olive Oil", "v": 0.084900333171}, {"l": "Coconut Oil", "v": 0.30321547561071432}, {"l": "Oilcrops Oil, Other", "v": 0.0339601332684}, {"l": "Palmkernel Oil", "v": 0.018866740704666669}]}, {"source": 6, "prod": 1505.0, "target": 17, "value": 0.41217742394308077, "supply": [{"l": "Sugar cane", "v": 0.41217742394308077}]}, {"source": 7, "prod": 1.0, "target": 17, "value": 0.0035974717445338982, "supply": [{"l": "Sweeteners, Other", "v": 0.0035974717445338982}]}, {"source": 16, "prod": 939.0, "target": 3, "value": 3.1024315563402998, "supply": [{"l": "Maize", "v": 3.0933350920719782}, {"l": "Cereals, Other", "v": 0.0090964642683214296}]}, {"source": 1, "prod": 43675.0, "target": 8, "value": 41.607029431357731, "supply": [{"l": "Demersal Fish", "v": 2.9828619729062571}, {"l": "Pelagic Fish", "v": 6.1480265654804649}, {"l": "Crustaceans", "v": 0.95143742934022835}, {"l": "Freshwater Fish", "v": 3.3898011073396823}, {"l": "Molluscs, Other", "v": 1.45393999722}, {"l": "Aquatic Animals, Others", "v": 0.095302222039999995}, {"l": "Marine Fish, Other", "v": 3.6001557009815048}, {"l": "Aquatic Products, Other", "v": 1.5225111081999998}, {"l": "Fish, Seafood", "v": 19.198999986872423}, {"l": "Aquatic Plants", "v": 1.42604666394}, {"l": "Cephalopods", "v": 0.89935120370675592}]}, {"source": 1, "prod": 72109.0, "target": 2, "value": 93.775009425071715, "supply": [{"l": "Poultry Meat", "v": 4.1047795010800447}, {"l": "Pigmeat", "v": 33.239169882307515}, {"l": "Bovine Meat", "v": 5.7297736615934305}, {"l": "Eggs", "v": 8.2114167307782679}, {"l": "Milk - Excluding Butter", "v": 36.138078356334887}, {"l": "Offals, Edible", "v": 1.7039855601221832}, {"l": "Meat, Other", "v": 0.87827930866551718}, {"l": "Mutton & Goat Meat", "v": 4.0923868461077531}]}, {"source": 11, "prod": 11130.0, "target": 0, "value": 38.637590064202271, "supply": [{"l": "Fats, Animals, Raw", "v": 15.1716895376577}, {"l": "Alcohol, Non-Food", "v": 0.73631743495576374}, {"l": "Beverages, Fermented", "v": 3.2570855089238187}, {"l": "Fish, Body Oil", "v": 2.4833347452517502}, {"l": "Beer", "v": 1.6500195185842175}, {"l": "Beverages, Alcoholic", "v": 6.8054762114100598}, {"l": "Fish, Liver Oil", "v": 0.150605808407687}, {"l": "Wine", "v": 0.096788781521677511}, {"l": "Butter, Ghee", "v": 8.2685541870886983}, {"l": "Cream", "v": 0.017718330400904352}]}, {"source": 11, "prod": 7966.0, "target": 10, "value": 83.293220584206708, "supply": [{"l": "Olive Oil", "v": 2.1791085513890001}, {"l": "Ricebran Oil", "v": 1.358405330736}, {"l": "Sesameseed Oil", "v": 3.4412935045312008}, {"l": "Soyabean Oil", "v": 9.5880776261116001}, {"l": "Coconut Oil", "v": 12.340869857356074}, {"l": "Cottonseed Oil", "v": 6.6788262094520015}, {"l": "Rape and Mustard Oil", "v": 9.7437282369251008}, {"l": "Maize Germ Oil", "v": 0.37225530698053855}, {"l": "Groundnut Oil", "v": 18.023420126180966}, {"l": "Palm Oil", "v": 7.0831135102662861}, {"l": "Palmkernel Oil", "v": 0.33016796233166673}, {"l": "Oilcrops Oil, Other", "v": 10.3804807357076}, {"l": "Sunflowerseed Oil", "v": 1.7734736262386668}]}, {"source": 11, "prod": 25280.0, "target": 7, "value": 103.30911181981851, "supply": [{"l": "Honey", "v": 1.0117289702877501}, {"l": "Sweeteners, Other", "v": 6.5438011033071612}, {"l": "Sugar non-centrifugal", "v": 35.460039154421004}, {"l": "Sugar", "v": 60.293542591802606}]}, {"source": 5, "prod": 357987.5, "target": 18, "value": 1038.0529194708872, "supply": [{"l": "Roots, Other", "v": 5.1498066568200001}, {"l": "Pulses, Other", "v": 38.213866593600002}, {"l": "Beans", "v": 18.86460996393}, {"l": "Onions", "v": 27.483649947450001}, {"l": "Vegetables, Other", "v": 347.54918933547003}, {"l": "Tomatoes", "v": 26.901376615229999}, {"l": "Peas", "v": 11.371763311590001}, {"l": "Yams", "v": 0.18566499964500002}, {"l": "Potatoes", "v": 52.71752823253501}, {"l": "Sweet potatoes", "v": 191.96889296628004}, {"l": "Cassava", "v": 35.594508265275003}]}, {"source": 6, "prod": 78790.600000000006, "target": 18, "value": 274.71655814139604, "supply": [{"l": "Sugar beet", "v": 18.452834631384004}, {"l": "Sugar cane", "v": 256.26372351001203}]}, {"source": 3, "prod": 718100.0, "target": 18, "value": 2918.7617629560864, "supply": [{"l": "Sorghum", "v": 159.46618636176001}, {"l": "Wheat", "v": 525.71959899479998}, {"l": "Oats", "v": 12.297473309820003}, {"l": "Maize", "v": 356.19437931893998}, {"l": "Barley", "v": 109.78467312342001}, {"l": "Cereals, Other", "v": 14.48012663898}, {"l": "Rye", "v": 15.787626636479999}, {"l": "Rice", "v": 1177.3671377488204}, {"l": "Millet", "v": 132.67812641297999}]}, {"source": 4, "prod": 55191.0, "target": 18, "value": 142.06148475463536, "supply": [{"l": "Coconuts - Incl Copra", "v": 71.408676530129995}, {"l": "Sesame seed", "v": 3.5372233265700004}, {"l": "Groundnuts", "v": 22.802799956400001}, {"l": "Oilcrops, Other", "v": 11.802244059913914}, {"l": "Soyabeans", "v": 38.177256593669995}, {"l": "Palm kernels", "v": 0.40619666588999997}, {"l": "Sunflower seed", "v": 1.2883233308700002}, {"l": "Cottonseed", "v": 32.398106604719999}, {"l": "Olives", "v": 1.5758678148180512}, {"l": "Rape and Mustardseed", "v": 9.9736099809300018}]}, {"source": 19, "prod": 0, "target": 5, "value": 0.10124593903628049, "supply": "[{\"l\":'Energy for power irrigation',\"v\":0.10124593903628049}]"}, {"source": 19, "prod": 0, "target": 6, "value": 0.055708846567491609, "supply": "[{\"l\":'Energy for power irrigation',\"v\":0.055708846567491609}]"}, {"source": 19, "prod": 0, "target": 3, "value": 0.10154643503188382, "supply": "[{\"l\":'Energy for power irrigation',\"v\":0.10154643503188382}]"}, {"source": 19, "prod": 0, "target": 4, "value": 0.016365446250904078, "supply": "[{\"l\":'Energy for power irrigation',\"v\":0.016365446250904078}]"}, {"source": 19, "prod": 0, "target": 11, "value": 7.9246666730063993, "supply": "[{\"l\":'Electricity',\"v\":7.9246666730063993}]"}, {"source": 20, "prod": 0, "target": 19, "value": 15.489610284064099, "supply": [{"l": "Coal", "v": 8.0380178536183262}, {"l": "Natural gas", "v": 2.4068612806067549}, {"l": "Oil", "v": 5.044731149839019}]}, {"source": 21, "prod": 0, "target": 19, "value": 2.1769411568649275, "supply": [{"l": "Nuclear", "v": 0.24855312874647464}, {"l": "Hydroelectric", "v": 1.9036235969776683}, {"l": "Renewable", "v": 0.024764431140784707}]}, {"source": 20, "prod": 0, "target": 5, "value": 73.01615406700239, "supply": [{"l": "Motor Gasoline", "v": 0.32635423958092835}, {"l": "Gas-Diesel oil", "v": 8.9680226911009946}, {"l": "Natural gas (including LNG)", "v": 0.35129260384620453}, {"l": "Fuel oil", "v": 1.9813994251423324}, {"l": "Liquefied petroleum gas (LPG)", "v": 0.0064528699657963005}, {"l": "Coal", "v": 61.382632237366131}]}, {"source": 20, "prod": 0, "target": 6, "value": 40.175890140239247, "supply": [{"l": "Motor Gasoline", "v": 0.17957083940867416}, {"l": "Gas-Diesel oil", "v": 4.9345011253567659}, {"l": "Natural gas (including LNG)", "v": 0.19329274787949835}, {"l": "Fuel oil", "v": 1.0902311501562167}, {"l": "Liquefied petroleum gas (LPG)", "v": 0.0035505813493981633}, {"l": "Coal", "v": 33.774743696088692}]}, {"source": 20, "prod": 0, "target": 3, "value": 73.232864604929532, "supply": [{"l": "Motor Gasoline", "v": 0.32732285267371719}, {"l": "Gas-Diesel oil", "v": 8.9946396095947829}, {"l": "Natural gas (including LNG)", "v": 0.35233523352346036}, {"l": "Fuel oil", "v": 1.987280180445838}, {"l": "Liquefied petroleum gas (LPG)", "v": 0.0064720219594794843}, {"l": "Coal", "v": 61.56481470673225}]}, {"source": 20, "prod": 0, "target": 4, "value": 11.802369124188409, "supply": [{"l": "Motor Gasoline", "v": 0.052752069045480278}, {"l": "Gas-Diesel oil", "v": 1.4495958526841202}, {"l": "Natural gas (including LNG)", "v": 0.056783119217503432}, {"l": "Fuel oil", "v": 0.32027443374414616}, {"l": "Liquefied petroleum gas (LPG)", "v": 0.0010430452578593834}, {"l": "Coal", "v": 9.9219206042392987}]}, {"source": 20, "prod": 0, "target": 1, "value": 4.1459943551686473, "supply": [{"l": "Gas-diesel oils used in fisheries", "v": 1.2402991676589059}, {"l": "Fuel oil used in fisheries", "v": 2.9056951875097412}]}, {"source": 22, "prod": 31205.48024053852, "target": 5, "value": 402.97694121134145, "supply": [{"l": "Potash", "v": 25.316867028586824}, {"l": "Phosphate", "v": 90.622965489165011}, {"l": "Nitrogen", "v": 978.07865076394432}]}, {"source": 22, "prod": 17170.281863474105, "target": 6, "value": 221.73117067080781, "supply": [{"l": "Potash", "v": 25.316867028586824}, {"l": "Phosphate", "v": 90.622965489165011}, {"l": "Nitrogen", "v": 978.07865076394432}]}, {"source": 22, "prod": 31298.09750442503, "target": 3, "value": 404.17296900571154, "supply": [{"l": "Potash", "v": 25.316867028586824}, {"l": "Phosphate", "v": 90.622965489165011}, {"l": "Nitrogen", "v": 978.07865076394432}]}, {"source": 22, "prod": 5044.0700582290128, "target": 4, "value": 65.137402393835515, "supply": [{"l": "Potash", "v": 25.316867028586824}, {"l": "Phosphate", "v": 90.622965489165011}, {"l": "Nitrogen", "v": 978.07865076394432}]}, {"source": 20, "prod": 0, "target": 22, "value": 1311.2167793856386, "supply": [{"l": "Natural gas (including LNG)", "v": 888.6628007659109}, {"l": "Fuel oil", "v": 249.65785509188765}, {"l": "Liquefied petroleum gas (LPG)", "v": 86.448061763919981}, {"l": "Coal", "v": 86.448061763919981}]}, {"source": 23, "prod": 0, "target": 3, "value": 110.58699702667445, "supply": "[{\"l\":'Labor',\"v\":110.58699702667445}]"}, {"source": 23, "prod": 0, "target": 4, "value": 17.822443055934777, "supply": "[{\"l\":'Labor',\"v\":17.822443055934777}]"}, {"source": 23, "prod": 0, "target": 5, "value": 110.25974821915226, "supply": "[{\"l\":'Labor',\"v\":110.25974821915226}]"}, {"source": 23, "prod": 0, "target": 6, "value": 60.668540926959309, "supply": "[{\"l\":'Labor',\"v\":60.668540926959309}]"}, {"source": 20, "prod": 0, "target": 14, "value": 148.40242003662416, "supply": "[{\"l\":'Fossil Fuels',\"v\":148.40242003662416}]"}, {"source": 21, "prod": 0, "target": 14, "value": 8.3263439468290095, "supply": "[{\"l\":'Renewables & Nuclear',\"v\":4.7929970661605523},{\"l\":'Biomass & Waste',\"v\":3.5333468806684567}]"}]}