{"nodes": [{"layer": 13, "name": "Other Processed", "fill": "#9c9ede"}, {"layer": 10, "name": "Feed", "fill": "#dbdb8d"}, {"layer": 13, "name": "Animal Products", "fill": "#17becf"}, {"layer": 5, "name": "Cereals", "fill": "#e7ba52"}, {"layer": 5, "name": "Oilcrops", "fill": "#ff9896"}, {"layer": 5, "name": "Fruits, Roots & Vegetables", "fill": "#98df8a"}, {"layer": 5, "name": "Sugar Crops", "fill": "#ffbb78"}, {"layer": 13, "name": "Sugar", "fill": "#d6616b"}, {"layer": 13, "name": "Aquatic Products", "fill": "#1f77b4"}, {"layer": 16, "name": "Food", "fill": "#b5cf6b"}, {"layer": 13, "name": "Vegetable Oils", "fill": "#f7b6d2"}, {"layer": 10, "name": "Processing", "fill": "#9edae5"}, {"layer": 16, "name": "Biofuels & Other", "fill": "#e7ba52"}, {"name": "Seed", "fill": "#dbdb8d"}, {"name": "Waste", "fill": "#c7c7c7"}, {"layer": 0, "name": "Import", "fill": "#aec7e8"}, {"layer": 16, "name": "Export", "fill": "#aec7e8"}, {"layer": 0, "name": "Stock Draw", "fill": "#c7c7c7"}, {"layer": 16, "name": "Stock Deposit", "fill": "#c7c7c7"}, {"layer": 0, "name": "Production", "fill": "#b5cf6b"}], "links": [{"source": 0, "prod": 0.28360324059248937, "target": 1, "value": 22.0, "supply": [{"l": "Fats, Animals, Raw", "v": 14.0}, {"l": "Fish, Body Oil", "v": 8.0}]}, {"source": 2, "prod": 4.4090831383672384, "target": 1, "value": 5911.0, "supply": [{"l": "Milk - Excluding Butter", "v": 5895.0}, {"l": "Meat, Other", "v": 1.0}, {"l": "Offals, Edible", "v": 15.0}]}, {"source": 3, "prod": 219.47980215927669, "target": 1, "value": 64498.0, "supply": [{"l": "Maize", "v": 36732.0}, {"l": "Rye", "v": 403.0}, {"l": "Barley", "v": 6518.0}, {"l": "Rice", "v": 8974.0}, {"l": "Wheat", "v": 3498.0}, {"l": "Oats", "v": 935.0}, {"l": "Cereals, Other", "v": 294.0}, {"l": "Sorghum", "v": 5896.0}, {"l": "Millet", "v": 1248.0}]}, {"source": 4, "prod": 16.693135879947686, "target": 1, "value": 3511.0, "supply": [{"l": "Coconuts - Incl Copra", "v": 22.0}, {"l": "Cottonseed", "v": 2913.0}, {"l": "Groundnuts", "v": 8.0}, {"l": "Rape and Mustardseed", "v": 2.0}, {"l": "Oilcrops, Other", "v": 93.0}, {"l": "Soyabeans", "v": 473.0}]}, {"source": 5, "prod": 42.388696096146219, "target": 1, "value": 35731.0, "supply": [{"l": "Roots, Other", "v": 237.0}, {"l": "Yams", "v": 7.0}, {"l": "Tomatoes", "v": 285.0}, {"l": "Vegetables, Other", "v": 1941.0}, {"l": "Peas", "v": 349.0}, {"l": "Potatoes", "v": 7232.0}, {"l": "Beans", "v": 112.0}, {"l": "Pulses, Other", "v": 1573.0}, {"l": "Bananas", "v": 148.0}, {"l": "Sweet potatoes", "v": 22042.0}, {"l": "Cassava", "v": 1805.0}]}, {"source": 6, "prod": 1.0965415239579528, "target": 1, "value": 3470.0, "supply": [{"l": "Sugar beet", "v": 22.0}, {"l": "Sugar cane", "v": 3448.0}]}, {"source": 7, "prod": 1.4905593496212959, "target": 1, "value": 365.0, "supply": [{"l": "Sugar", "v": 1.0}, {"l": "Sugar non-centrifugal", "v": 364.0}]}, {"source": 8, "prod": 6.3479086207734881, "target": 1, "value": 6461.0, "supply": [{"l": "Crustaceans", "v": 2.0}, {"l": "Aquatic Products, Other", "v": 87.0}, {"l": "Marine Fish, Other", "v": 281.0}, {"l": "Freshwater Fish", "v": 1.0}, {"l": "Fish, Seafood", "v": 3145.0}, {"l": "Cephalopods", "v": 4.0}, {"l": "Pelagic Fish", "v": 1476.0}, {"l": "Molluscs, Other", "v": 308.0}, {"l": "Aquatic Plants", "v": 87.0}, {"l": "Demersal Fish", "v": 1070.0}]}, {"source": 0, "prod": 33.791899141123444, "target": 9, "value": 11941.0, "supply": [{"l": "Beverages, Alcoholic", "v": 2430.0}, {"l": "Butter, Ghee", "v": 917.0}, {"l": "Fats, Animals, Raw", "v": 1002.0}, {"l": "Wine", "v": 80.0}, {"l": "Fish, Body Oil", "v": 47.0}, {"l": "Cream", "v": 2.0}, {"l": "Beer", "v": 4556.0}, {"l": "Beverages, Fermented", "v": 2891.0}, {"l": "Fish, Liver Oil", "v": 16.0}]}, {"source": 2, "prod": 99.192936729232599, "target": 9, "value": 72256.0, "supply": [{"l": "Eggs", "v": 5104.0}, {"l": "Pigmeat", "v": 9343.0}, {"l": "Offals, Edible", "v": 1580.0}, {"l": "Milk - Excluding Butter", "v": 47194.0}, {"l": "Meat, Other", "v": 555.0}, {"l": "Mutton & Goat Meat", "v": 1874.0}, {"l": "Bovine Meat", "v": 3753.0}, {"l": "Poultry Meat", "v": 2853.0}]}, {"source": 3, "prod": 1168.9338616915488, "target": 9, "value": 297236.0, "supply": [{"l": "Maize", "v": 13173.0}, {"l": "Barley", "v": 7089.0}, {"l": "Cereals, Other", "v": 1901.0}, {"l": "Sorghum", "v": 14695.0}, {"l": "Rye", "v": 1618.0}, {"l": "Rice", "v": 160435.0}, {"l": "Wheat", "v": 81231.0}, {"l": "Oats", "v": 594.0}, {"l": "Millet", "v": 16500.0}]}, {"source": 4, "prod": 44.312739294165851, "target": 9, "value": 14495.0, "supply": [{"l": "Sunflower seed", "v": 3.0}, {"l": "Coconuts - Incl Copra", "v": 6476.0}, {"l": "Sesame seed", "v": 250.0}, {"l": "Olives", "v": 121.0}, {"l": "Groundnuts", "v": 1515.0}, {"l": "Oilcrops, Other", "v": 38.0}, {"l": "Soyabeans", "v": 6002.0}, {"l": "Rape and Mustardseed", "v": 89.0}, {"l": "Palm kernels", "v": 1.0}]}, {"source": 5, "prod": 280.69993462477345, "target": 9, "value": 308696.0, "supply": [{"l": "Roots, Other", "v": 2830.0}, {"l": "Plantains", "v": 542.0}, {"l": "Nuts", "v": 941.0}, {"l": "Infant food", "v": 41.0}, {"l": "Tomatoes", "v": 7683.0}, {"l": "Pepper", "v": 28.0}, {"l": "Treenuts", "v": 942.0}, {"l": "Vegetables, Other", "v": 97160.0}, {"l": "Peas", "v": 2482.0}, {"l": "Grapes", "v": 4506.0}, {"l": "Pimento", "v": 790.0}, {"l": "Pulses, Other", "v": 10392.0}, {"l": "Pineapples", "v": 1639.0}, {"l": "Citrus, Other", "v": 217.0}, {"l": "Tea", "v": 652.0}, {"l": "Grapefruit", "v": 183.0}, {"l": "Fruits, Other", "v": 21970.0}, {"l": "Yams", "v": 110.0}, {"l": "Coffee", "v": 369.0}, {"l": "Cloves", "v": 2.0}, {"l": "Dates", "v": 853.0}, {"l": "Cocoa Beans", "v": 76.0}, {"l": "Potatoes", "v": 20280.0}, {"l": "Beans", "v": 4386.0}, {"l": "Apples", "v": 3333.0}, {"l": "Lemons, Limes", "v": 768.0}, {"l": "Bananas", "v": 8822.0}, {"l": "Spices, Other", "v": 615.0}, {"l": "Sweet potatoes", "v": 88667.0}, {"l": "Oranges, Mandarines", "v": 6165.0}, {"l": "Cassava", "v": 13872.0}, {"l": "Onions", "v": 7380.0}]}, {"source": 6, "prod": 2.7034330655505148, "target": 9, "value": 8555.0, "supply": [{"l": "Sugar cane", "v": 8555.0}]}, {"source": 7, "prod": 110.91530660031447, "target": 9, "value": 26911.0, "supply": [{"l": "Sugar", "v": 16110.0}, {"l": "Sweeteners, Other", "v": 1148.0}, {"l": "Honey", "v": 156.0}, {"l": "Sugar non-centrifugal", "v": 9497.0}]}, {"source": 8, "prod": 40.578230333384241, "target": 9, "value": 41412.0, "supply": [{"l": "Crustaceans", "v": 1006.0}, {"l": "Aquatic Products, Other", "v": 1002.0}, {"l": "Marine Fish, Other", "v": 3838.0}, {"l": "Fish, Seafood", "v": 19703.0}, {"l": "Aquatic Animals, Others", "v": 154.0}, {"l": "Demersal Fish", "v": 5008.0}, {"l": "Aquatic Plants", "v": 848.0}, {"l": "Freshwater Fish", "v": 3625.0}, {"l": "Cephalopods", "v": 742.0}, {"l": "Pelagic Fish", "v": 4305.0}, {"l": "Molluscs, Other", "v": 1181.0}]}, {"source": 10, "prod": 70.551521117223828, "target": 9, "value": 6895.0, "supply": [{"l": "Ricebran Oil", "v": 152.0}, {"l": "Sunflowerseed Oil", "v": 248.0}, {"l": "Rape and Mustard Oil", "v": 1264.0}, {"l": "Sesameseed Oil", "v": 318.0}, {"l": "Palmkernel Oil", "v": 13.0}, {"l": "Oilcrops Oil, Other", "v": 217.0}, {"l": "Maize Germ Oil", "v": 49.0}, {"l": "Groundnut Oil", "v": 1614.0}, {"l": "Soyabean Oil", "v": 1240.0}, {"l": "Palm Oil", "v": 228.0}, {"l": "Coconut Oil", "v": 909.0}, {"l": "Olive Oil", "v": 87.0}, {"l": "Cottonseed Oil", "v": 556.0}]}, {"source": 0, "prod": 0.027562174534873092, "target": 11, "value": 16.0, "supply": [{"l": "Fats, Animals, Raw", "v": 2.0}, {"l": "Wine", "v": 14.0}]}, {"source": 2, "prod": 0.01368394217929104, "target": 11, "value": 13.0, "supply": [{"l": "Pigmeat", "v": 1.0}, {"l": "Meat, Other", "v": 1.0}, {"l": "Milk - Excluding Butter", "v": 11.0}]}, {"source": 3, "prod": 10.458669754295403, "target": 11, "value": 2799.0, "supply": [{"l": "Maize", "v": 531.0}, {"l": "Oats", "v": 5.0}, {"l": "Barley", "v": 769.0}, {"l": "Rice", "v": 1383.0}, {"l": "Sorghum", "v": 2.0}, {"l": "Wheat", "v": 109.0}]}, {"source": 4, "prod": 162.63936525573143, "target": 11, "value": 41071.545454545456, "supply": [{"l": "Olives", "v": 318.0}, {"l": "Soyabeans", "v": 5810.0}, {"l": "Oilcrops, Other", "v": 2930.0}, {"l": "Sunflower seed", "v": 668.0}, {"l": "Coconuts - Incl Copra", "v": 12042.0}, {"l": "Sesame seed", "v": 795.0}, {"l": "Cottonseed", "v": 4644.0}, {"l": "Rape and Mustardseed", "v": 3707.0}, {"l": "Groundnuts", "v": 4650.0}, {"l": "Palm kernels", "v": 173.0}, {"l": "Oil Palm", "v": 5334.545454545455}]}, {"source": 5, "prod": 2.6753520308608834, "target": 11, "value": 3176.0, "supply": [{"l": "Grapes", "v": 225.0}, {"l": "Potatoes", "v": 2082.0}, {"l": "Fruits, Other", "v": 214.0}, {"l": "Pineapples", "v": 4.0}, {"l": "Lemons, Limes", "v": 10.0}, {"l": "Bananas", "v": 2.0}, {"l": "Apples", "v": 9.0}, {"l": "Sweet potatoes", "v": 437.0}, {"l": "Oranges, Mandarines", "v": 5.0}, {"l": "Cassava", "v": 188.0}]}, {"source": 6, "prod": 69.196510254789857, "target": 11, "value": 218972.0, "supply": [{"l": "Sugar beet", "v": 14746.0}, {"l": "Sugar cane", "v": 204226.0}]}, {"source": 7, "prod": 4.1134590496179202, "target": 11, "value": 1046.0, "supply": [{"l": "Sugar", "v": 10.0}, {"l": "Sweeteners, Other", "v": 1036.0}]}, {"source": 10, "prod": 0.0084900333171, "target": 11, "value": 1.0, "supply": [{"l": "Oilcrops Oil, Other", "v": 1.0}]}, {"source": 0, "prod": 10.051864299920661, "target": 12, "value": 1811.0, "supply": [{"l": "Alcohol, Non-Food", "v": 666.0}, {"l": "Beer", "v": 5.0}, {"l": "Beverages, Alcoholic", "v": 119.0}, {"l": "Butter, Ghee", "v": 1.0}, {"l": "Fats, Animals, Raw", "v": 994.0}, {"l": "Beverages, Fermented", "v": 1.0}, {"l": "Fish, Body Oil", "v": 24.0}, {"l": "Fish, Liver Oil", "v": 1.0}]}, {"source": 2, "prod": 0.18760544880195892, "target": 12, "value": 142.0, "supply": [{"l": "Pigmeat", "v": 8.0}, {"l": "Eggs", "v": 32.0}, {"l": "Mutton & Goat Meat", "v": 1.0}, {"l": "Milk - Excluding Butter", "v": 56.0}, {"l": "Poultry Meat", "v": 3.0}, {"l": "Offals, Edible", "v": 38.0}, {"l": "Bovine Meat", "v": 4.0}]}, {"source": 3, "prod": 16.676885168689719, "target": 12, "value": 4715.0, "supply": [{"l": "Maize", "v": 1555.0}, {"l": "Barley", "v": 67.0}, {"l": "Rice", "v": 689.0}, {"l": "Wheat", "v": 2362.0}, {"l": "Sorghum", "v": 42.0}]}, {"source": 4, "prod": 7.8768305436119954, "target": 12, "value": 1708.0, "supply": [{"l": "Coconuts - Incl Copra", "v": 159.0}, {"l": "Sesame seed", "v": 3.0}, {"l": "Cottonseed", "v": 1290.0}, {"l": "Oilcrops, Other", "v": 42.0}, {"l": "Soyabeans", "v": 1.0}, {"l": "Rape and Mustardseed", "v": 213.0}]}, {"source": 5, "prod": 1.8423671382430711, "target": 12, "value": 1638.0, "supply": [{"l": "Fruits, Other", "v": 11.0}, {"l": "Grapefruit", "v": 1.0}, {"l": "Tomatoes", "v": 2.0}, {"l": "Cloves", "v": 21.0}, {"l": "Vegetables, Other", "v": 13.0}, {"l": "Sweet potatoes", "v": 144.0}, {"l": "Grapes", "v": 29.0}, {"l": "Dates", "v": 8.0}, {"l": "Potatoes", "v": 47.0}, {"l": "Apples", "v": 1.0}, {"l": "Bananas", "v": 5.0}, {"l": "Spices, Other", "v": 2.0}, {"l": "Tea", "v": 2.0}, {"l": "Oranges, Mandarines", "v": 4.0}, {"l": "Cassava", "v": 1348.0}]}, {"source": 6, "prod": 0.065729290196903226, "target": 12, "value": 208.0, "supply": [{"l": "Sugar cane", "v": 208.0}]}, {"source": 7, "prod": 0.44677697285627727, "target": 12, "value": 108.0, "supply": [{"l": "Sugar", "v": 107.0}, {"l": "Sweeteners, Other", "v": 1.0}]}, {"source": 8, "prod": 2.2777511266567885, "target": 12, "value": 2117.0, "supply": [{"l": "Freshwater Fish", "v": 64.0}, {"l": "Aquatic Products, Other", "v": 627.0}, {"l": "Marine Fish, Other", "v": 295.0}, {"l": "Demersal Fish", "v": 61.0}, {"l": "Pelagic Fish", "v": 12.0}, {"l": "Fish, Seafood", "v": 431.0}, {"l": "Aquatic Plants", "v": 621.0}, {"l": "Aquatic Animals, Others", "v": 6.0}]}, {"source": 10, "prod": 13.116198361873318, "target": 12, "value": 1369.0, "supply": [{"l": "Ricebran Oil", "v": 82.0}, {"l": "Soyabean Oil", "v": 68.0}, {"l": "Palm Oil", "v": 132.0}, {"l": "Sunflowerseed Oil", "v": 14.0}, {"l": "Olive Oil", "v": 11.0}, {"l": "Coconut Oil", "v": 222.0}, {"l": "Rape and Mustard Oil", "v": 3.0}, {"l": "Oilcrops Oil, Other", "v": 650.0}, {"l": "Sesameseed Oil", "v": 16.0}, {"l": "Groundnut Oil", "v": 1.0}, {"l": "Cottonseed Oil", "v": 155.0}, {"l": "Palmkernel Oil", "v": 15.0}]}, {"source": 2, "prod": 0.39089528397481255, "target": 2, "value": 221.0, "supply": [{"l": "Eggs", "v": 221.0}]}, {"source": 3, "prod": 94.304990852208633, "target": 13, "value": 24747.0, "supply": [{"l": "Maize", "v": 1915.0}, {"l": "Oats", "v": 159.0}, {"l": "Rye", "v": 269.0}, {"l": "Barley", "v": 1254.0}, {"l": "Rice", "v": 10414.0}, {"l": "Sorghum", "v": 474.0}, {"l": "Cereals, Other", "v": 306.0}, {"l": "Wheat", "v": 9248.0}, {"l": "Millet", "v": 708.0}]}, {"source": 4, "prod": 10.903509868560977, "target": 13, "value": 2328.0, "supply": [{"l": "Soyabeans", "v": 877.0}, {"l": "Sunflower seed", "v": 20.0}, {"l": "Coconuts - Incl Copra", "v": 75.0}, {"l": "Sesame seed", "v": 33.0}, {"l": "Cottonseed", "v": 608.0}, {"l": "Rape and Mustardseed", "v": 107.0}, {"l": "Groundnuts", "v": 557.0}, {"l": "Oilcrops, Other", "v": 51.0}]}, {"source": 5, "prod": 10.178652528541139, "target": 13, "value": 5910.0, "supply": [{"l": "Potatoes", "v": 3780.0}, {"l": "Yams", "v": 12.0}, {"l": "Beans", "v": 488.0}, {"l": "Roots, Other", "v": 68.0}, {"l": "Peas", "v": 216.0}, {"l": "Sweet potatoes", "v": 389.0}, {"l": "Onions", "v": 17.0}, {"l": "Pulses, Other", "v": 940.0}]}, {"source": 6, "prod": 3.1824984691010205, "target": 13, "value": 10071.0, "supply": [{"l": "Sugar cane", "v": 10071.0}]}, {"source": 8, "prod": 0.1724059055048581, "target": 8, "value": 158.0, "supply": [{"l": "Aquatic Animals, Others", "v": 8.0}, {"l": "Fish, Seafood", "v": 71.0}, {"l": "Cephalopods", "v": 70.0}, {"l": "Aquatic Products, Other", "v": 8.0}, {"l": "Marine Fish, Other", "v": 1.0}]}, {"source": 0, "prod": 0.011432799653242561, "target": 14, "value": 2.0, "supply": [{"l": "Butter, Ghee", "v": 1.0}, {"l": "Beverages, Fermented", "v": 1.0}]}, {"source": 2, "prod": 2.3378915627500474, "target": 14, "value": 2661.0, "supply": [{"l": "Pigmeat", "v": 20.0}, {"l": "Meat, Other", "v": 1.0}, {"l": "Eggs", "v": 251.0}, {"l": "Mutton & Goat Meat", "v": 4.0}, {"l": "Milk - Excluding Butter", "v": 2356.0}, {"l": "Poultry Meat", "v": 17.0}, {"l": "Offals, Edible", "v": 3.0}, {"l": "Bovine Meat", "v": 9.0}]}, {"source": 3, "prod": 80.756775553235983, "target": 14, "value": 21214.0, "supply": [{"l": "Maize", "v": 4000.0}, {"l": "Rye", "v": 107.0}, {"l": "Barley", "v": 700.0}, {"l": "Rice", "v": 9434.0}, {"l": "Cereals, Other", "v": 118.0}, {"l": "Wheat", "v": 4831.0}, {"l": "Oats", "v": 69.0}, {"l": "Sorghum", "v": 1004.0}, {"l": "Millet", "v": 951.0}]}, {"source": 4, "prod": 6.8193349587206757, "target": 14, "value": 1981.0, "supply": [{"l": "Olives", "v": 5.0}, {"l": "Sunflower seed", "v": 18.0}, {"l": "Coconuts - Incl Copra", "v": 872.0}, {"l": "Sesame seed", "v": 22.0}, {"l": "Cottonseed", "v": 317.0}, {"l": "Groundnuts", "v": 233.0}, {"l": "Oilcrops, Other", "v": 66.0}, {"l": "Soyabeans", "v": 318.0}, {"l": "Rape and Mustardseed", "v": 130.0}]}, {"source": 5, "prod": 21.129017359418043, "target": 14, "value": 28823.0, "supply": [{"l": "Roots, Other", "v": 126.0}, {"l": "Plantains", "v": 70.0}, {"l": "Nuts", "v": 36.0}, {"l": "Yams", "v": 7.0}, {"l": "Citrus, Other", "v": 25.0}, {"l": "Grapefruit", "v": 13.0}, {"l": "Tomatoes", "v": 891.0}, {"l": "Coffee", "v": 12.0}, {"l": "Treenuts", "v": 35.0}, {"l": "Vegetables, Other", "v": 10151.0}, {"l": "Peas", "v": 99.0}, {"l": "Grapes", "v": 556.0}, {"l": "Cloves", "v": 1.0}, {"l": "Dates", "v": 65.0}, {"l": "Potatoes", "v": 2551.0}, {"l": "Pimento", "v": 36.0}, {"l": "Pepper", "v": 2.0}, {"l": "Beans", "v": 212.0}, {"l": "Apples", "v": 351.0}, {"l": "Lemons, Limes", "v": 88.0}, {"l": "Pineapples", "v": 137.0}, {"l": "Bananas", "v": 1529.0}, {"l": "Spices, Other", "v": 8.0}, {"l": "Tea", "v": 12.0}, {"l": "Fruits, Other", "v": 2324.0}, {"l": "Sweet potatoes", "v": 6314.0}, {"l": "Oranges, Mandarines", "v": 743.0}, {"l": "Pulses, Other", "v": 384.0}, {"l": "Onions", "v": 652.0}, {"l": "Cassava", "v": 1393.0}]}, {"source": 6, "prod": 1.0968575301608225, "target": 14, "value": 3471.0, "supply": [{"l": "Sugar cane", "v": 3471.0}]}, {"source": 7, "prod": 0.16968880819552964, "target": 14, "value": 41.0, "supply": [{"l": "Sugar", "v": 41.0}]}, {"source": 10, "prod": 0.10869371807848402, "target": 14, "value": 10.0, "supply": [{"l": "Soyabean Oil", "v": 3.0}, {"l": "Palm Oil", "v": 6.0}, {"l": "Oilcrops Oil, Other", "v": 1.0}]}, {"source": 15, "prod": 8.2488084873105763, "target": 1, "value": 8656.0, "supply": [{"l": "Crustaceans", "v": 137.0}, {"l": "Eggs", "v": 124.0}, {"l": "Aquatic Products, Other", "v": 178.0}, {"l": "Marine Fish, Other", "v": 89.0}, {"l": "Pigmeat", "v": 56.0}, {"l": "Fish, Seafood", "v": 1545.0}, {"l": "Aquatic Animals, Others", "v": 100.0}, {"l": "Offals, Edible", "v": 29.0}, {"l": "Demersal Fish", "v": 43.0}, {"l": "Aquatic Plants", "v": 78.0}, {"l": "Freshwater Fish", "v": 53.0}, {"l": "Milk - Excluding Butter", "v": 4546.0}, {"l": "Meat, Other", "v": 69.0}, {"l": "Cephalopods", "v": 100.0}, {"l": "Mutton & Goat Meat", "v": 159.0}, {"l": "Pelagic Fish", "v": 998.0}, {"l": "Bovine Meat", "v": 149.0}, {"l": "Molluscs, Other", "v": 127.0}, {"l": "Poultry Meat", "v": 76.0}]}, {"source": 15, "prod": 40.907923608052343, "target": 11, "value": 7742.0, "supply": [{"l": "Sugar", "v": 5604.0}, {"l": "Beverages, Alcoholic", "v": 60.0}, {"l": "Butter, Ghee", "v": 70.0}, {"l": "Fats, Animals, Raw", "v": 787.0}, {"l": "Sunflowerseed Oil", "v": 11.0}, {"l": "Rape and Mustard Oil", "v": 36.0}, {"l": "Sesameseed Oil", "v": 1.0}, {"l": "Wine", "v": 8.0}, {"l": "Sweeteners, Other", "v": 240.0}, {"l": "Fish, Body Oil", "v": 11.0}, {"l": "Honey", "v": 18.0}, {"l": "Cream", "v": 1.0}, {"l": "Oilcrops Oil, Other", "v": 118.0}, {"l": "Maize Germ Oil", "v": 1.0}, {"l": "Beer", "v": 53.0}, {"l": "Groundnut Oil", "v": 23.0}, {"l": "Sugar non-centrifugal", "v": 4.0}, {"l": "Soyabean Oil", "v": 428.0}, {"l": "Palm Oil", "v": 184.0}, {"l": "Coconut Oil", "v": 63.0}, {"l": "Olive Oil", "v": 11.0}, {"l": "Beverages, Fermented", "v": 2.0}, {"l": "Cottonseed Oil", "v": 8.0}]}, {"source": 15, "prod": 143.35271727149669, "target": 3, "value": 40528.0, "supply": [{"l": "Maize", "v": 6998.0}, {"l": "Barley", "v": 2570.0}, {"l": "Cereals, Other", "v": 298.0}, {"l": "Sorghum", "v": 4430.0}, {"l": "Rye", "v": 163.0}, {"l": "Rice", "v": 5078.0}, {"l": "Wheat", "v": 20736.0}, {"l": "Oats", "v": 218.0}, {"l": "Millet", "v": 37.0}]}, {"source": 15, "prod": 6.6725786505035458, "target": 5, "value": 5296.0, "supply": [{"l": "Roots, Other", "v": 53.0}, {"l": "Nuts", "v": 234.0}, {"l": "Infant food", "v": 47.0}, {"l": "Tomatoes", "v": 91.0}, {"l": "Pepper", "v": 10.0}, {"l": "Treenuts", "v": 235.0}, {"l": "Vegetables, Other", "v": 663.0}, {"l": "Peas", "v": 57.0}, {"l": "Grapes", "v": 216.0}, {"l": "Pimento", "v": 24.0}, {"l": "Pulses, Other", "v": 170.0}, {"l": "Pineapples", "v": 67.0}, {"l": "Citrus, Other", "v": 14.0}, {"l": "Tea", "v": 131.0}, {"l": "Grapefruit", "v": 12.0}, {"l": "Fruits, Other", "v": 316.0}, {"l": "Coffee", "v": 143.0}, {"l": "Cloves", "v": 14.0}, {"l": "Dates", "v": 172.0}, {"l": "Cocoa Beans", "v": 73.0}, {"l": "Potatoes", "v": 258.0}, {"l": "Beans", "v": 219.0}, {"l": "Apples", "v": 142.0}, {"l": "Lemons, Limes", "v": 73.0}, {"l": "Bananas", "v": 1070.0}, {"l": "Spices, Other", "v": 87.0}, {"l": "Sweet potatoes", "v": 13.0}, {"l": "Oranges, Mandarines", "v": 309.0}, {"l": "Onions", "v": 140.0}, {"l": "Cassava", "v": 243.0}]}, {"source": 15, "prod": 25.51946462089143, "target": 4, "value": 6503.0, "supply": [{"l": "Sunflower seed", "v": 37.0}, {"l": "Coconuts - Incl Copra", "v": 715.0}, {"l": "Sesame seed", "v": 84.0}, {"l": "Cottonseed", "v": 292.0}, {"l": "Olives", "v": 4.0}, {"l": "Groundnuts", "v": 88.0}, {"l": "Oilcrops, Other", "v": 358.0}, {"l": "Soyabeans", "v": 4305.0}, {"l": "Rape and Mustardseed", "v": 581.0}, {"l": "Palm kernels", "v": 39.0}]}, {"source": 15, "prod": 0.0028440558258275433, "target": 6, "value": 9.0, "supply": [{"l": "Sugar beet", "v": 9.0}]}, {"source": 0, "prod": 2.1003286917628361, "target": 16, "value": 213.0, "supply": [{"l": "Beverages, Alcoholic", "v": 12.0}, {"l": "Butter, Ghee", "v": 7.0}, {"l": "Fats, Animals, Raw", "v": 31.0}, {"l": "Wine", "v": 40.0}, {"l": "Fish, Body Oil", "v": 79.0}, {"l": "Beer", "v": 40.0}, {"l": "Beverages, Fermented", "v": 4.0}]}, {"source": 2, "prod": 1.1087393921708557, "target": 16, "value": 548.0, "supply": [{"l": "Eggs", "v": 82.0}, {"l": "Pigmeat", "v": 160.0}, {"l": "Offals, Edible", "v": 15.0}, {"l": "Milk - Excluding Butter", "v": 194.0}, {"l": "Meat, Other", "v": 34.0}, {"l": "Mutton & Goat Meat", "v": 26.0}, {"l": "Bovine Meat", "v": 18.0}, {"l": "Poultry Meat", "v": 19.0}]}, {"source": 3, "prod": 31.659088785654966, "target": 16, "value": 7968.0, "supply": [{"l": "Maize", "v": 2277.0}, {"l": "Barley", "v": 22.0}, {"l": "Cereals, Other", "v": 41.0}, {"l": "Sorghum", "v": 141.0}, {"l": "Rice", "v": 5293.0}, {"l": "Wheat", "v": 167.0}, {"l": "Oats", "v": 2.0}, {"l": "Millet", "v": 25.0}]}, {"source": 4, "prod": 10.637070506197626, "target": 16, "value": 4967.0, "supply": [{"l": "Sunflower seed", "v": 4.0}, {"l": "Coconuts - Incl Copra", "v": 4043.0}, {"l": "Sesame seed", "v": 24.0}, {"l": "Cottonseed", "v": 36.0}, {"l": "Olives", "v": 1.0}, {"l": "Groundnuts", "v": 96.0}, {"l": "Rape and Mustardseed", "v": 74.0}, {"l": "Oilcrops, Other", "v": 145.0}, {"l": "Soyabeans", "v": 472.0}, {"l": "Palm kernels", "v": 72.0}]}, {"source": 5, "prod": 15.334972410167012, "target": 16, "value": 13854.0, "supply": [{"l": "Roots, Other", "v": 81.0}, {"l": "Nuts", "v": 440.0}, {"l": "Infant food", "v": 2.0}, {"l": "Tomatoes", "v": 125.0}, {"l": "Pepper", "v": 72.0}, {"l": "Treenuts", "v": 440.0}, {"l": "Vegetables, Other", "v": 932.0}, {"l": "Peas", "v": 35.0}, {"l": "Grapes", "v": 775.0}, {"l": "Pimento", "v": 34.0}, {"l": "Pulses, Other", "v": 169.0}, {"l": "Pineapples", "v": 486.0}, {"l": "Tea", "v": 554.0}, {"l": "Grapefruit", "v": 382.0}, {"l": "Fruits, Other", "v": 588.0}, {"l": "Citrus, Other", "v": 2.0}, {"l": "Coffee", "v": 151.0}, {"l": "Cloves", "v": 2.0}, {"l": "Dates", "v": 324.0}, {"l": "Cocoa Beans", "v": 11.0}, {"l": "Potatoes", "v": 306.0}, {"l": "Beans", "v": 244.0}, {"l": "Apples", "v": 265.0}, {"l": "Lemons, Limes", "v": 146.0}, {"l": "Bananas", "v": 718.0}, {"l": "Spices, Other", "v": 75.0}, {"l": "Sweet potatoes", "v": 7.0}, {"l": "Oranges, Mandarines", "v": 1469.0}, {"l": "Onions", "v": 184.0}, {"l": "Cassava", "v": 4835.0}]}, {"source": 6, "prod": 0.018960372172183621, "target": 16, "value": 60.0, "supply": [{"l": "Sugar cane", "v": 60.0}]}, {"source": 7, "prod": 12.158078997932902, "target": 16, "value": 2930.0, "supply": [{"l": "Sugar", "v": 2897.0}, {"l": "Sweeteners, Other", "v": 15.0}, {"l": "Honey", "v": 18.0}]}, {"source": 8, "prod": 4.005528380767001, "target": 16, "value": 4025.0, "supply": [{"l": "Crustaceans", "v": 224.0}, {"l": "Marine Fish, Other", "v": 163.0}, {"l": "Fish, Seafood", "v": 1930.0}, {"l": "Aquatic Animals, Others", "v": 18.0}, {"l": "Demersal Fish", "v": 143.0}, {"l": "Aquatic Products, Other", "v": 81.0}, {"l": "Freshwater Fish", "v": 92.0}, {"l": "Cephalopods", "v": 68.0}, {"l": "Pelagic Fish", "v": 1138.0}, {"l": "Molluscs, Other", "v": 105.0}, {"l": "Aquatic Plants", "v": 63.0}]}, {"source": 10, "prod": 16.281575161555057, "target": 16, "value": 1516.0, "supply": [{"l": "Ricebran Oil", "v": 2.0}, {"l": "Sunflowerseed Oil", "v": 1.0}, {"l": "Rape and Mustard Oil", "v": 34.0}, {"l": "Sesameseed Oil", "v": 1.0}, {"l": "Palmkernel Oil", "v": 13.0}, {"l": "Oilcrops Oil, Other", "v": 70.0}, {"l": "Groundnut Oil", "v": 23.0}, {"l": "Soyabean Oil", "v": 35.0}, {"l": "Palm Oil", "v": 796.0}, {"l": "Coconut Oil", "v": 514.0}, {"l": "Olive Oil", "v": 3.0}, {"l": "Cottonseed Oil", "v": 24.0}]}, {"source": 17, "prod": 0.46335720869185665, "target": 5, "value": 321.0, "supply": [{"l": "Tomatoes", "v": 17.0}, {"l": "Coffee", "v": 10.0}, {"l": "Potatoes", "v": 7.0}, {"l": "Pepper", "v": 3.0}, {"l": "Beans", "v": 66.0}, {"l": "Pineapples", "v": 90.0}, {"l": "Bananas", "v": 8.0}, {"l": "Tea", "v": 9.0}, {"l": "Fruits, Other", "v": 9.0}, {"l": "Oranges, Mandarines", "v": 2.0}, {"l": "Cassava", "v": 100.0}]}, {"source": 10, "prod": 4.6095427137081977, "target": 18, "value": 459.0, "supply": [{"l": "Groundnut Oil", "v": 300.0}, {"l": "Soyabean Oil", "v": 53.0}, {"l": "Coconut Oil", "v": 8.0}, {"l": "Rape and Mustard Oil", "v": 5.0}, {"l": "Sesameseed Oil", "v": 3.0}, {"l": "Oilcrops Oil, Other", "v": 56.0}, {"l": "Palmkernel Oil", "v": 34.0}]}, {"source": 2, "prod": 0.038252542457428235, "target": 18, "value": 43.0, "supply": [{"l": "Pigmeat", "v": 2.0}, {"l": "Milk - Excluding Butter", "v": 41.0}]}, {"source": 8, "prod": 0.045395142202898364, "target": 18, "value": 46.0, "supply": [{"l": "Freshwater Fish", "v": 10.0}, {"l": "Demersal Fish", "v": 1.0}, {"l": "Fish, Seafood", "v": 23.0}, {"l": "Pelagic Fish", "v": 12.0}]}, {"source": 3, "prod": 25.037368933892626, "target": 18, "value": 6994.0, "supply": [{"l": "Maize", "v": 351.0}, {"l": "Barley", "v": 781.0}, {"l": "Rice", "v": 1071.0}, {"l": "Wheat", "v": 4202.0}, {"l": "Oats", "v": 9.0}, {"l": "Sorghum", "v": 242.0}, {"l": "Millet", "v": 338.0}]}, {"source": 17, "prod": 0.0091272218730636557, "target": 1, "value": 5.0, "supply": [{"l": "Mutton & Goat Meat", "v": 1.0}, {"l": "Bovine Meat", "v": 4.0}]}, {"source": 5, "prod": 0.24111228123478526, "target": 18, "value": 134.0, "supply": [{"l": "Nuts", "v": 1.0}, {"l": "Cocoa Beans", "v": 1.0}, {"l": "Treenuts", "v": 1.0}, {"l": "Vegetables, Other", "v": 22.0}, {"l": "Grapes", "v": 1.0}, {"l": "Dates", "v": 106.0}, {"l": "Onions", "v": 2.0}]}, {"source": 17, "prod": 0.21922530961602546, "target": 4, "value": 104.0, "supply": [{"l": "Sunflower seed", "v": 3.0}, {"l": "Coconuts - Incl Copra", "v": 86.0}, {"l": "Cottonseed", "v": 13.0}, {"l": "Rape and Mustardseed", "v": 2.0}]}, {"source": 4, "prod": 1.9658197566417888, "target": 18, "value": 424.0, "supply": [{"l": "Olives", "v": 1.0}, {"l": "Sesame seed", "v": 10.0}, {"l": "Soyabeans", "v": 278.0}, {"l": "Groundnuts", "v": 78.0}, {"l": "Oilcrops, Other", "v": 48.0}, {"l": "Palm kernels", "v": 9.0}]}, {"source": 17, "prod": 3.413016183945238, "target": 11, "value": 761.0, "supply": [{"l": "Sugar", "v": 712.0}, {"l": "Beverages, Alcoholic", "v": 1.0}, {"l": "Fats, Animals, Raw", "v": 21.0}, {"l": "Palm Oil", "v": 16.0}, {"l": "Sunflowerseed Oil", "v": 1.0}, {"l": "Olive Oil", "v": 9.0}, {"l": "Wine", "v": 1.0}]}, {"source": 7, "prod": 0.0078611419602777795, "target": 18, "value": 2.0, "supply": [{"l": "Sweeteners, Other", "v": 2.0}]}, {"source": 17, "prod": 0.13355666446198247, "target": 3, "value": 40.0, "supply": [{"l": "Rye", "v": 30.0}, {"l": "Cereals, Other", "v": 10.0}]}, {"source": 19, "prod": 1503.7981655494707, "target": 3, "value": 389596.0, "supply": [{"l": "Maize", "v": 53535.0}, {"l": "Barley", "v": 14630.0}, {"l": "Cereals, Other", "v": 2365.0}, {"l": "Sorghum", "v": 18067.0}, {"l": "Rye", "v": 2203.0}, {"l": "Rice", "v": 192614.0}, {"l": "Wheat", "v": 84905.0}, {"l": "Oats", "v": 1545.0}, {"l": "Millet", "v": 19732.0}]}, {"source": 19, "prod": 235.97401102310923, "target": 4, "value": 63860.545454545456, "supply": [{"l": "Sunflower seed", "v": 673.0}, {"l": "Coconuts - Incl Copra", "v": 22889.0}, {"l": "Sesame seed", "v": 1048.0}, {"l": "Cottonseed", "v": 9502.0}, {"l": "Olives", "v": 442.0}, {"l": "Groundnuts", "v": 7049.0}, {"l": "Oilcrops, Other", "v": 3040.0}, {"l": "Soyabeans", "v": 9926.0}, {"l": "Rape and Mustardseed", "v": 3740.0}, {"l": "Palm kernels", "v": 217.0}, {"l": "Oil Palm", "v": 5334.545454545455}]}, {"source": 19, "prod": 367.35310021616471, "target": 5, "value": 392343.0, "supply": [{"l": "Roots, Other", "v": 3289.0}, {"l": "Plantains", "v": 611.0}, {"l": "Nuts", "v": 1185.0}, {"l": "Tomatoes", "v": 8878.0}, {"l": "Pepper", "v": 90.0}, {"l": "Treenuts", "v": 1185.0}, {"l": "Vegetables, Other", "v": 109555.0}, {"l": "Peas", "v": 3124.0}, {"l": "Grapes", "v": 5877.0}, {"l": "Pimento", "v": 836.0}, {"l": "Pulses, Other", "v": 13288.0}, {"l": "Pineapples", "v": 2101.0}, {"l": "Citrus, Other", "v": 230.0}, {"l": "Tea", "v": 1079.0}, {"l": "Grapefruit", "v": 567.0}, {"l": "Fruits, Other", "v": 24783.0}, {"l": "Yams", "v": 136.0}, {"l": "Coffee", "v": 379.0}, {"l": "Cloves", "v": 12.0}, {"l": "Dates", "v": 1184.0}, {"l": "Cocoa Beans", "v": 12.0}, {"l": "Potatoes", "v": 36014.0}, {"l": "Beans", "v": 5157.0}, {"l": "Apples", "v": 3818.0}, {"l": "Lemons, Limes", "v": 939.0}, {"l": "Bananas", "v": 10145.0}, {"l": "Spices, Other", "v": 611.0}, {"l": "Sweet potatoes", "v": 117988.0}, {"l": "Oranges, Mandarines", "v": 8075.0}, {"l": "Cassava", "v": 23099.0}, {"l": "Onions", "v": 8096.0}]}, {"source": 19, "prod": 77.357370443900564, "target": 6, "value": 244797.0, "supply": [{"l": "Sugar cane", "v": 230038.0}, {"l": "Sugar beet", "v": 14759.0}]}, {"source": 1, "prod": 53.25481360378442, "target": 8, "value": 54061.0, "supply": [{"l": "Demersal Fish", "v": 6283.0}, {"l": "Pelagic Fish", "v": 6943.0}, {"l": "Crustaceans", "v": 1232.0}, {"l": "Freshwater Fish", "v": 3792.0}, {"l": "Molluscs, Other", "v": 1594.0}, {"l": "Aquatic Animals, Others", "v": 186.0}, {"l": "Marine Fish, Other", "v": 4578.0}, {"l": "Aquatic Products, Other", "v": 1805.0}, {"l": "Fish, Seafood", "v": 25303.0}, {"l": "Aquatic Plants", "v": 1619.0}, {"l": "Cephalopods", "v": 884.0}]}, {"source": 1, "prod": 107.28819275595941, "target": 2, "value": 81574.0, "supply": [{"l": "Poultry Meat", "v": 2892.0}, {"l": "Pigmeat", "v": 9534.0}, {"l": "Bovine Meat", "v": 3784.0}, {"l": "Eggs", "v": 5690.0}, {"l": "Milk - Excluding Butter", "v": 55747.0}, {"l": "Offals, Edible", "v": 1651.0}, {"l": "Meat, Other", "v": 592.0}, {"l": "Mutton & Goat Meat", "v": 1905.0}]}, {"source": 11, "prod": 46.266690347587542, "target": 0, "value": 14005.0, "supply": [{"l": "Fats, Animals, Raw", "v": 2043.0}, {"l": "Alcohol, Non-Food", "v": 666.0}, {"l": "Beverages, Fermented", "v": 2897.0}, {"l": "Fish, Body Oil", "v": 158.0}, {"l": "Beer", "v": 4601.0}, {"l": "Beverages, Alcoholic", "v": 2561.0}, {"l": "Fish, Liver Oil", "v": 17.0}, {"l": "Wine", "v": 134.0}, {"l": "Butter, Ghee", "v": 926.0}, {"l": "Cream", "v": 2.0}]}, {"source": 11, "prod": 104.67602110575598, "target": 10, "value": 10250.0, "supply": [{"l": "Olive Oil", "v": 101.0}, {"l": "Ricebran Oil", "v": 236.0}, {"l": "Sesameseed Oil", "v": 338.0}, {"l": "Soyabean Oil", "v": 1399.0}, {"l": "Coconut Oil", "v": 1653.0}, {"l": "Cottonseed Oil", "v": 735.0}, {"l": "Rape and Mustard Oil", "v": 1306.0}, {"l": "Maize Germ Oil", "v": 49.0}, {"l": "Groundnut Oil", "v": 1938.0}, {"l": "Palm Oil", "v": 1162.0}, {"l": "Palmkernel Oil", "v": 75.0}, {"l": "Oilcrops Oil, Other", "v": 995.0}, {"l": "Sunflowerseed Oil", "v": 263.0}]}, {"source": 11, "prod": 129.30173092049867, "target": 7, "value": 31403.0, "supply": [{"l": "Honey", "v": 174.0}, {"l": "Sweeteners, Other", "v": 2202.0}, {"l": "Sugar non-centrifugal", "v": 9861.0}, {"l": "Sugar", "v": 19166.0}]}]}