{"nodes": [{"layer": 13, "name": "Other Processed", "fill": "#9c9ede"}, {"layer": 10, "name": "Feed", "fill": "#dbdb8d"}, {"layer": 13, "name": "Animal Products", "fill": "#17becf"}, {"layer": 5, "name": "Cereals", "fill": "#e7ba52"}, {"layer": 5, "name": "Oilcrops", "fill": "#ff9896"}, {"layer": 5, "name": "Fruits, Roots & Vegetables", "fill": "#98df8a"}, {"layer": 5, "name": "Sugar Crops", "fill": "#ffbb78"}, {"layer": 13, "name": "Sugar", "fill": "#d6616b"}, {"layer": 13, "name": "Aquatic Products", "fill": "#1f77b4"}, {"layer": 16, "name": "Food", "fill": "#b5cf6b"}, {"layer": 13, "name": "Vegetable Oils", "fill": "#f7b6d2"}, {"layer": 10, "name": "Processing", "fill": "#9edae5"}, {"layer": 16, "name": "Biofuels & Other", "fill": "#e7ba52"}, {"name": "Waste", "fill": "#c7c7c7"}, {"layer": 2, "name": "Import", "fill": "#aec7e8"}, {"layer": 16, "name": "Export", "fill": "#aec7e8"}, {"layer": 0, "name": "Stock Draw", "fill": "#c7c7c7"}, {"layer": 16, "name": "Stock Deposit", "fill": "#c7c7c7"}, {"name": "Crop Residue", "fill": "#bd9e39"}, {"layer": 2, "name": "Electricity", "fill": "#bcbd22"}, {"layer": 0, "name": "Fossil Fuels", "fill": "#c49c94"}, {"layer": 0, "name": "Renewables & Nuclear", "fill": "#2ca02c"}, {"layer": 2, "name": "Fertilizers", "fill": "#c5b0d5"}, {"layer": 0, "name": "Labor", "fill": "#7f7f7f"}], "links": [{"source": 0, "prod": 28.0, "target": 1, "value": 0.1725676492426923, "supply": [{"l": "Fats, Animals, Raw", "v": 0.16326987148269231}, {"l": "Fish, Body Oil", "v": 0.0092977777600000006}]}, {"source": 2, "prod": 7573.0, "target": 1, "value": 5.4512534929683705, "supply": [{"l": "Milk - Excluding Butter", "v": 5.4243290817544185}, {"l": "Meat, Other", "v": 0.0017687569410625001}, {"l": "Offals, Edible", "v": 0.025155654272888888}]}, {"source": 3, "prod": 100881.0, "target": 1, "value": 337.25698891846781, "supply": [{"l": "Maize", "v": 204.77982384277931}, {"l": "Rye", "v": 1.241345780454773}, {"l": "Barley", "v": 26.290700262458248}, {"l": "Rice", "v": 48.206210793948969}, {"l": "Wheat", "v": 15.808798974777858}, {"l": "Oats", "v": 1.4741785123328186}, {"l": "Sorghum", "v": 32.855449317948107}, {"l": "Cereals, Other", "v": 1.5167587611448314}, {"l": "Millet", "v": 5.0837226726229234}]}, {"source": 4, "prod": 2840.0, "target": 1, "value": 12.0297992963871, "supply": [{"l": "Coconuts - Incl Copra", "v": 0.048863501105611509}, {"l": "Cottonseed", "v": 10.179549947202901}, {"l": "Groundnuts", "v": 0.041270995291458341}, {"l": "Rape and Mustardseed", "v": 0.012735049975650002}, {"l": "Oilcrops, Other", "v": 0.48514476097714293}, {"l": "Soyabeans", "v": 1.2622350418343364}]}, {"source": 5, "prod": 52733.0, "target": 1, "value": 62.281218979151468, "supply": [{"l": "Roots, Other", "v": 0.1099845225169773}, {"l": "Yams", "v": 0.010590075957837454}, {"l": "Tomatoes", "v": 0.093807287767064748}, {"l": "Vegetables, Other", "v": 0.64440427118714627}, {"l": "Peas", "v": 1.7990784886235716}, {"l": "Dates", "v": 0.19295530266136363}, {"l": "Potatoes", "v": 6.9479739384015735}, {"l": "Beans", "v": 0.52856639462042476}, {"l": "Pulses, Other", "v": 7.120537402301121}, {"l": "Bananas", "v": 0.2572037304228027}, {"l": "Sweet potatoes", "v": 39.178438086842895}, {"l": "Oranges, Mandarines", "v": 0.00052246358874461548}, {"l": "Cassava", "v": 5.3971570142599488}]}, {"source": 6, "prod": 4983.0, "target": 1, "value": 1.7058804846415041, "supply": [{"l": "Sugar beet", "v": 0.0075314811683951611}, {"l": "Sugar cane", "v": 1.698349003473109}]}, {"source": 7, "prod": 475.0, "target": 1, "value": 1.9364011271256265, "supply": [{"l": "Sugar non-centrifugal", "v": 1.9364011271256265}]}, {"source": 8, "prod": 10402.0, "target": 1, "value": 10.045275972617244, "supply": [{"l": "Crustaceans", "v": 0.00061521980558695648}, {"l": "Aquatic Products, Other", "v": 0.042967851543859757}, {"l": "Marine Fish, Other", "v": 0.41002444141254624}, {"l": "Freshwater Fish", "v": 0.0007671716852801205}, {"l": "Fish, Seafood", "v": 4.7432168101049328}, {"l": "Pelagic Fish", "v": 4.0805222630311881}, {"l": "Molluscs, Other", "v": 0.02440666662}, {"l": "Aquatic Plants", "v": 0.048935608702729179}, {"l": "Demersal Fish", "v": 0.69381993971112021}]}, {"source": 0, "prod": 17446.0, "target": 9, "value": 44.285850206555359, "supply": [{"l": "Beverages, Alcoholic", "v": 14.66936256639595}, {"l": "Butter, Ghee", "v": 11.54304929792916}, {"l": "Fats, Animals, Raw", "v": 10.539070204207789}, {"l": "Wine", "v": 0.10769764485580556}, {"l": "Fish, Body Oil", "v": 0.015108888860000001}, {"l": "Cream", "v": 0.01750253022294462}, {"l": "Beer", "v": 3.1439381108271336}, {"l": "Beverages, Fermented", "v": 4.1888621074762673}, {"l": "Fish, Liver Oil", "v": 0.061258855780306168}]}, {"source": 2, "prod": 95921.0, "target": 9, "value": 127.77150146892077, "supply": [{"l": "Eggs", "v": 11.509089164660759}, {"l": "Pigmeat", "v": 45.051931143327238}, {"l": "Offals, Edible", "v": 2.1004971317862227}, {"l": "Milk - Excluding Butter", "v": 45.036016811789331}, {"l": "Meat, Other", "v": 1.0417978382858124}, {"l": "Mutton & Goat Meat", "v": 6.2826246546540006}, {"l": "Bovine Meat", "v": 8.3762493654275278}, {"l": "Poultry Meat", "v": 8.3732953589898749}]}, {"source": 3, "prod": 376550.0, "target": 9, "value": 1477.6912657223213, "supply": [{"l": "Maize", "v": 60.757585510287861}, {"l": "Barley", "v": 19.879335829868587}, {"l": "Cereals, Other", "v": 6.3074269991758651}, {"l": "Sorghum", "v": 57.567977065568421}, {"l": "Rye", "v": 5.2451683106780695}, {"l": "Rice", "v": 833.61344864309376}, {"l": "Wheat", "v": 439.85154410993459}, {"l": "Oats", "v": 1.0593246116108865}, {"l": "Millet", "v": 53.4094546421031}]}, {"source": 4, "prod": 14904.0, "target": 9, "value": 47.059106802244081, "supply": [{"l": "Sunflower seed", "v": 0.025470099951300004}, {"l": "Coconuts - Incl Copra", "v": 10.473586065105916}, {"l": "Sesame seed", "v": 2.0206279294698}, {"l": "Olives", "v": 1.0952142979059001}, {"l": "Groundnuts", "v": 10.482832804030418}, {"l": "Oilcrops, Other", "v": 0.53972354658707145}, {"l": "Soyabeans", "v": 21.958945243411723}, {"l": "Rape and Mustardseed", "v": 0.45846179912340007}, {"l": "Palm kernels", "v": 0.00424501665855}]}, {"source": 5, "prod": 375696.0, "target": 9, "value": 326.80175424040237, "supply": [{"l": "Roots, Other", "v": 2.0839172687427276}, {"l": "Plantains", "v": 1.0357840646862}, {"l": "Nuts", "v": 3.1659334239465902}, {"l": "Infant food", "v": 0.074382222080000004}, {"l": "Tomatoes", "v": 2.0946504074532659}, {"l": "Pepper", "v": 0.11208836660645004}, {"l": "Treenuts", "v": 3.1659334239465902}, {"l": "Vegetables, Other", "v": 33.508740333357672}, {"l": "Peas", "v": 8.3808757458801431}, {"l": "Grapes", "v": 3.1484243971214294}, {"l": "Pimento", "v": 3.1803205885136761}, {"l": "Pulses, Other", "v": 44.988476208649637}, {"l": "Pineapples", "v": 1.0454100883767148}, {"l": "Citrus, Other", "v": 0.63689777656000002}, {"l": "Tea", "v": 1.22963110876}, {"l": "Grapefruit", "v": 0.43118444362000008}, {"l": "Fruits, Other", "v": 13.608461176831884}, {"l": "Yams", "v": 0.17050022292118303}, {"l": "Coffee", "v": 0.16656636793548571}, {"l": "Cloves", "v": 0.016983085849462124}, {"l": "Dates", "v": 2.1167196701951592}, {"l": "Cocoa Beans", "v": 0.2422156563996177}, {"l": "Potatoes", "v": 22.000292214543364}, {"l": "Beans", "v": 19.862350517847517}, {"l": "Apples", "v": 3.1452863854754303}, {"l": "Lemons, Limes", "v": 1.1633844422200001}, {"l": "Bananas", "v": 8.3737525886753197}, {"l": "Spices, Other", "v": 3.1468978755619346}, {"l": "Sweet potatoes", "v": 116.2401305854075}, {"l": "Oranges, Mandarines", "v": 2.0974300770152592}, {"l": "Cassava", "v": 21.977269491613644}, {"l": "Onions", "v": 4.1908640136084969}]}, {"source": 6, "prod": 12247.0, "target": 9, "value": 4.1926386304243435, "supply": [{"l": "Sugar cane", "v": 4.1926386304243435}]}, {"source": 7, "prod": 34423.0, "target": 9, "value": 142.33980609371091, "supply": [{"l": "Sugar", "v": 87.948404079791828}, {"l": "Sweeteners, Other", "v": 5.2599615505487733}, {"l": "Honey", "v": 0.9945467600031429}, {"l": "Sugar non-centrifugal", "v": 48.13689370336715}]}, {"source": 8, "prod": 52404.0, "target": 9, "value": 46.729680344431458, "supply": [{"l": "Crustaceans", "v": 1.0489497685257607}, {"l": "Aquatic Products, Other", "v": 1.050382780511945}, {"l": "Marine Fish, Other", "v": 3.1499005113182865}, {"l": "Fish, Seafood", "v": 22.403775530964566}, {"l": "Aquatic Animals, Others", "v": 0.12993892454829878}, {"l": "Demersal Fish", "v": 5.228178535600966}, {"l": "Aquatic Plants", "v": 1.0482832804030418}, {"l": "Freshwater Fish", "v": 3.136197849425133}, {"l": "Cephalopods", "v": 1.0543436724026511}, {"l": "Pelagic Fish", "v": 6.2773183838308126}, {"l": "Molluscs, Other", "v": 2.2024111069000001}]}, {"source": 10, "prod": 10346.0, "target": 9, "value": 105.37657494621682, "supply": [{"l": "Ricebran Oil", "v": 2.1989186291289}, {"l": "Sunflowerseed Oil", "v": 4.1770963920132003}, {"l": "Rape and Mustard Oil", "v": 18.756181604137325}, {"l": "Sesameseed Oil", "v": 3.1641701093345773}, {"l": "Palmkernel Oil", "v": 0.57004509414814297}, {"l": "Oilcrops Oil, Other", "v": 4.2749814820221186}, {"l": "Maize Germ Oil", "v": 1.1037043312229999}, {"l": "Groundnut Oil", "v": 18.968340652920855}, {"l": "Soyabean Oil", "v": 21.999432883223431}, {"l": "Palm Oil", "v": 8.469451418149454}, {"l": "Coconut Oil", "v": 12.465366564400943}, {"l": "Olive Oil", "v": 1.9845452878721253}, {"l": "Cottonseed Oil", "v": 7.2443404976427423}]}, {"source": 0, "prod": 17.0, "target": 11, "value": 0.035496079466792736, "supply": [{"l": "Fats, Animals, Raw", "v": 0.024490480722403847}, {"l": "Wine", "v": 0.011005598744388889}]}, {"source": 2, "prod": 19.0, "target": 11, "value": 0.017764921709578302, "supply": [{"l": "Pigmeat", "v": 0.0037792073771770189}, {"l": "Meat, Other", "v": 0.0017687569410625001}, {"l": "Milk - Excluding Butter", "v": 0.012216957391338781}]}, {"source": 3, "prod": 4298.0, "target": 11, "value": 15.56741628950914, "supply": [{"l": "Maize", "v": 2.781449436532152}, {"l": "Oats", "v": 0.015436424212909092}, {"l": "Barley", "v": 4.0063695402184258}, {"l": "Rice", "v": 8.1037798562901973}, {"l": "Sorghum", "v": 0.0071838743452384626}, {"l": "Wheat", "v": 0.65319715791021626}]}, {"source": 4, "prod": 58979.0, "target": 11, "value": 218.16111088281281, "supply": [{"l": "Olives", "v": 4.2153015419401507}, {"l": "Soyabeans", "v": 32.975890467922042}, {"l": "Oilcrops, Other", "v": 20.242665151771288}, {"l": "Sunflower seed", "v": 3.6252442264017004}, {"l": "Coconuts - Incl Copra", "v": 26.603122383186371}, {"l": "Sesame seed", "v": 7.7429103851952004}, {"l": "Cottonseed", "v": 22.855169689633204}, {"l": "Rape and Mustardseed", "v": 19.225680446572952}, {"l": "Groundnuts", "v": 27.557233141753748}, {"l": "Palm kernels", "v": 2.1776935458361502}, {"l": "Oil Palm", "v": 50.940199902599993}]}, {"source": 5, "prod": 4808.0, "target": 11, "value": 4.0093168368245182, "supply": [{"l": "Grapes", "v": 0.29070585284729838}, {"l": "Potatoes", "v": 2.7133666643652457}, {"l": "Fruits, Other", "v": 0.10052136963300551}, {"l": "Lemons, Limes", "v": 0.012784444420000001}, {"l": "Bananas", "v": 0.00077007104917006808}, {"l": "Apples", "v": 0.0487725318216383}, {"l": "Sweet potatoes", "v": 0.42131086482941332}, {"l": "Oranges, Mandarines", "v": 0.0013061589718615385}, {"l": "Cassava", "v": 0.41977887888688492}]}, {"source": 6, "prod": 304717.0, "target": 11, "value": 104.31683396317585, "supply": [{"l": "Sugar beet", "v": 6.4216147162162018}, {"l": "Sugar cane", "v": 97.895219246959655}]}, {"source": 7, "prod": 740.0, "target": 11, "value": 2.8600985921921791, "supply": [{"l": "Sugar", "v": 0.058387597549178959}, {"l": "Sweeteners, Other", "v": 2.8017109946430003}]}, {"source": 10, "prod": 1.0, "target": 11, "value": 0.009988274490705884, "supply": [{"l": "Oilcrops Oil, Other", "v": 0.009988274490705884}]}, {"source": 0, "prod": 2642.0, "target": 12, "value": 11.848452388773794, "supply": [{"l": "Alcohol, Non-Food", "v": 1.6819625059703622}, {"l": "Beer", "v": 0.0061268281669793808}, {"l": "Beverages, Alcoholic", "v": 0.62401744880685006}, {"l": "Fats, Animals, Raw", "v": 9.396181103828944}, {"l": "Butter, Ghee", "v": 0.10272940313691002}, {"l": "Beverages, Fermented", "v": 0.0013370131208031496}, {"l": "Fish, Body Oil", "v": 0.018595555520000001}, {"l": "Fish, Liver Oil", "v": 0.01750253022294462}]}, {"source": 2, "prod": 905.0, "target": 12, "value": 0.76198214149887478, "supply": [{"l": "Meat, Other", "v": 0.0017687569410625001}, {"l": "Eggs", "v": 0.071316279863640003}, {"l": "Pigmeat", "v": 0.037792073771770192}, {"l": "Mutton & Goat Meat", "v": 0.0025727373688181816}, {"l": "Milk - Excluding Butter", "v": 0.56198004000158397}, {"l": "Poultry Meat", "v": 0.017687569410625003}, {"l": "Offals, Edible", "v": 0.05135946080714815}, {"l": "Bovine Meat", "v": 0.017505223334226806}]}, {"source": 3, "prod": 5921.0, "target": 12, "value": 20.737479647126392, "supply": [{"l": "Maize", "v": 8.1367774561239088}, {"l": "Barley", "v": 0.39301136046066548}, {"l": "Rice", "v": 3.6527744320108924}, {"l": "Wheat", "v": 8.4344529188078745}, {"l": "Oats", "v": 0.0019295530266136365}, {"l": "Sorghum", "v": 0.11853392669643462}]}, {"source": 4, "prod": 1325.0, "target": 12, "value": 5.1327749317923104, "supply": [{"l": "Olives", "v": 0.012735049975650002}, {"l": "Coconuts - Incl Copra", "v": 0.35120641419658272}, {"l": "Sesame seed", "v": 0.0339601332684}, {"l": "Cottonseed", "v": 3.7992899094022503}, {"l": "Oilcrops, Other", "v": 0.4487589039038572}, {"l": "Soyabeans", "v": 0.24061355484967037}, {"l": "Rape and Mustardseed", "v": 0.24621096619590002}]}, {"source": 5, "prod": 1565.0, "target": 12, "value": 1.7763271865273571, "supply": [{"l": "Fruits, Other", "v": 0.014722826865440202}, {"l": "Tomatoes", "v": 0.0062538191844709835}, {"l": "Cloves", "v": 0.095105280756987903}, {"l": "Coffee", "v": 0.00040428730081428573}, {"l": "Vegetables, Other", "v": 0.0047900623568786554}, {"l": "Grapes", "v": 0.032671070618159687}, {"l": "Dates", "v": 0.013506871186295457}, {"l": "Potatoes", "v": 0.022753598862601643}, {"l": "Apples", "v": 0.0016257510607212769}, {"l": "Bananas", "v": 0.0092408525900408173}, {"l": "Spices, Other", "v": 0.016756644704802634}, {"l": "Tea", "v": 0.0058111111000000003}, {"l": "Sweet potatoes", "v": 0.063659608696752037}, {"l": "Oranges, Mandarines", "v": 0.0023510861493507697}, {"l": "Cassava", "v": 1.4784519855301825}, {"l": "Pulses, Other", "v": 0.0082223295638581065}]}, {"source": 6, "prod": 516.0, "target": 12, "value": 0.17664746740417744, "supply": [{"l": "Sugar cane", "v": 0.17664746740417744}]}, {"source": 7, "prod": 217.0, "target": 12, "value": 0.90376201549684609, "supply": [{"l": "Sugar", "v": 0.88832559128393696}, {"l": "Sweeteners, Other", "v": 0.015436424212909092}]}, {"source": 8, "prod": 3175.0, "target": 12, "value": 2.1612500158219041, "supply": [{"l": "Freshwater Fish", "v": 0.053702017969608447}, {"l": "Marine Fish, Other", "v": 0.28193781159965031}, {"l": "Aquatic Products, Other", "v": 0.4974952449837256}, {"l": "Demersal Fish", "v": 0.041048510141639148}, {"l": "Pelagic Fish", "v": 0.14008554973215001}, {"l": "Fish, Seafood", "v": 0.58015899240439395}, {"l": "Aquatic Plants", "v": 0.56423346419893761}, {"l": "Aquatic Animals, Others", "v": 0.0025884247917987799}]}, {"source": 10, "prod": 2038.0, "target": 12, "value": 20.594609483833409, "supply": [{"l": "Ricebran Oil", "v": 0.57732226556280009}, {"l": "Groundnut Oil", "v": 0.010325716196472974}, {"l": "Soyabean Oil", "v": 2.2440036336403968}, {"l": "Palm Oil", "v": 4.4662720722683646}, {"l": "Sunflowerseed Oil", "v": 0.169800666342}, {"l": "Olive Oil", "v": 0.265313541159375}, {"l": "Coconut Oil", "v": 2.3372562308251768}, {"l": "Rape and Mustard Oil", "v": 0.76410299853900032}, {"l": "Oilcrops Oil, Other", "v": 7.0916748884011769}, {"l": "Sesameseed Oil", "v": 0.62695630649353862}, {"l": "Cottonseed Oil", "v": 1.6292081175745345}, {"l": "Palmkernel Oil", "v": 0.41237304683057147}]}, {"source": 2, "prod": 344.0, "target": 2, "value": 0.58411429221648004, "supply": [{"l": "Eggs", "v": 0.58411429221648004}]}, {"source": 3, "prod": 26080.0, "target": 3, "value": 99.612752278205704, "supply": [{"l": "Maize", "v": 6.6614276975959452}, {"l": "Oats", "v": 0.21803949200734096}, {"l": "Rye", "v": 0.57886590798409099}, {"l": "Barley", "v": 3.434450023130144}, {"l": "Rice", "v": 47.820109933558271}, {"l": "Sorghum", "v": 1.925278324523908}, {"l": "Cereals, Other", "v": 0.75551757158912347}, {"l": "Wheat", "v": 36.322045239859897}, {"l": "Millet", "v": 1.8970180879569731}]}, {"source": 4, "prod": 2385.0, "target": 4, "value": 10.786051192472749, "supply": [{"l": "Soyabeans", "v": 3.4553684270214959}, {"l": "Sunflower seed", "v": 0.11037043312230001}, {"l": "Coconuts - Incl Copra", "v": 0.16186034741233812}, {"l": "Sesame seed", "v": 0.35658139931820004}, {"l": "Cottonseed", "v": 2.4705996952761002}, {"l": "Rape and Mustardseed", "v": 0.56034219892860004}, {"l": "Groundnuts", "v": 3.3252630491975004}, {"l": "Oilcrops, Other", "v": 0.34566564219621432}]}, {"source": 5, "prod": 6501.0, "target": 5, "value": 10.820814876954074, "supply": [{"l": "Potatoes", "v": 3.5780034211441079}, {"l": "Yams", "v": 0.018003129128323678}, {"l": "Beans", "v": 2.0202982194380676}, {"l": "Roots, Other", "v": 0.050168378691954549}, {"l": "Peas", "v": 0.67920266536800011}, {"l": "Sweet potatoes", "v": 0.38311509961136225}, {"l": "Onions", "v": 0.0096373351167081071}, {"l": "Pulses, Other", "v": 4.0823866284555503}]}, {"source": 6, "prod": 13334.0, "target": 6, "value": 4.5647622681536859, "supply": [{"l": "Sugar cane", "v": 4.5647622681536859}]}, {"source": 8, "prod": 63.0, "target": 8, "value": 0.059818573559212419, "supply": [{"l": "Fish, Seafood", "v": 0.028729918154211206}, {"l": "Cephalopods", "v": 0.029616395292209306}, {"l": "Marine Fish, Other", "v": 0.0014722601127919077}]}, {"source": 0, "prod": 2.0, "target": 13, "value": 0.0026740262416062991, "supply": [{"l": "Beverages, Fermented", "v": 0.0026740262416062991}]}, {"source": 2, "prod": 3396.0, "target": 13, "value": 2.9352840921954764, "supply": [{"l": "Pigmeat", "v": 0.12093463606966461}, {"l": "Meat, Other", "v": 0.0035375138821250002}, {"l": "Mutton & Goat Meat", "v": 0.010290949475272726}, {"l": "Milk - Excluding Butter", "v": 2.1286251643026746}, {"l": "Poultry Meat", "v": 0.051293951290812503}, {"l": "Offals, Edible", "v": 0.005240761306851853}, {"l": "Bovine Meat", "v": 0.022756790334494847}, {"l": "Eggs", "v": 0.59260432553358011}]}, {"source": 3, "prod": 27846.0, "target": 13, "value": 104.73407343301797, "supply": [{"l": "Maize", "v": 19.495693237690915}, {"l": "Rye", "v": 0.33123993623534098}, {"l": "Barley", "v": 2.0794407057209834}, {"l": "Rice", "v": 46.744233378761713}, {"l": "Cereals, Other", "v": 0.38348240376114612}, {"l": "Wheat", "v": 28.230253125201639}, {"l": "Oats", "v": 0.11191407554359092}, {"l": "Sorghum", "v": 4.3318762301787928}, {"l": "Millet", "v": 3.0259403399238347}]}, {"source": 4, "prod": 2260.0, "target": 13, "value": 7.3442620282445237, "supply": [{"l": "Olives", "v": 0.0169800666342}, {"l": "Sunflower seed", "v": 0.10188039980520001}, {"l": "Coconuts - Incl Copra", "v": 1.5651590197891183}, {"l": "Sesame seed", "v": 0.22923089956170004}, {"l": "Cottonseed", "v": 1.358405330736}, {"l": "Groundnuts", "v": 1.444484835201042}, {"l": "Oilcrops, Other", "v": 0.45482321341607146}, {"l": "Soyabeans", "v": 1.5620158642699915}, {"l": "Rape and Mustardseed", "v": 0.61128239883120006}]}, {"source": 5, "prod": 36573.0, "target": 13, "value": 26.270038163301404, "supply": [{"l": "Roots, Other", "v": 0.11480840508351138}, {"l": "Plantains", "v": 0.12735049975650001}, {"l": "Nuts", "v": 0.12735049975650001}, {"l": "Yams", "v": 0.010590075957837454}, {"l": "Citrus, Other", "v": 0.053462222120000007}, {"l": "Grapefruit", "v": 0.038353333260000004}, {"l": "Tomatoes", "v": 0.24806816098401568}, {"l": "Coffee", "v": 0.0072771714146571435}, {"l": "Treenuts", "v": 0.12480348976137001}, {"l": "Apples", "v": 0.33436280148834263}, {"l": "Vegetables, Other", "v": 3.5378837031157877}, {"l": "Peas", "v": 0.33151558666771436}, {"l": "Grapes", "v": 0.4127223002579764}, {"l": "Cloves", "v": 0.0067932343397848509}, {"l": "Dates", "v": 0.12542094672988638}, {"l": "Potatoes", "v": 2.9839719651240442}, {"l": "Pimento", "v": 0.1411181213517973}, {"l": "Pepper", "v": 0.0067932343397848509}, {"l": "Beans", "v": 0.96708073682403639}, {"l": "Pulses, Other", "v": 1.6732440662451247}, {"l": "Lemons, Limes", "v": 0.12900666642}, {"l": "Pineapples", "v": 0.10343491294776762}, {"l": "Bananas", "v": 1.4900874801440815}, {"l": "Spices, Other", "v": 0.050269934114407902}, {"l": "Tea", "v": 0.020919999960000001}, {"l": "Fruits, Other", "v": 1.401206970641895}, {"l": "Sweet potatoes", "v": 8.6125663329551241}, {"l": "Oranges, Mandarines", "v": 0.24372926414936308}, {"l": "Onions", "v": 0.37906851459051893}, {"l": "Cassava", "v": 2.4667775327995791}]}, {"source": 6, "prod": 4503.0, "target": 13, "value": 1.5415572591492464, "supply": [{"l": "Sugar cane", "v": 1.5415572591492464}]}, {"source": 7, "prod": 28.0, "target": 13, "value": 0.11677519509835792, "supply": [{"l": "Sugar", "v": 0.11677519509835792}]}, {"source": 10, "prod": 19.0, "target": 13, "value": 0.19688560443140407, "supply": [{"l": "Soyabean Oil", "v": 0.040986367737724141}, {"l": "Palm Oil", "v": 0.13378234317854548}, {"l": "Oilcrops Oil, Other", "v": 0.009988274490705884}, {"l": "Palmkernel Oil", "v": 0.012128619024428572}]}, {"source": 14, "prod": 18612.0, "target": 1, "value": 17.096859962370708, "supply": [{"l": "Crustaceans", "v": 0.25285534009623911}, {"l": "Eggs", "v": 0.31243322606927998}, {"l": "Aquatic Products, Other", "v": 0.14754021313253049}, {"l": "Marine Fish, Other", "v": 0.17299056325304915}, {"l": "Pigmeat", "v": 0.59711476559396903}, {"l": "Fish, Seafood", "v": 3.1519500529829769}, {"l": "Aquatic Animals, Others", "v": 0.072475894170365845}, {"l": "Offals, Edible", "v": 0.097478160307444453}, {"l": "Demersal Fish", "v": 0.091107668850955184}, {"l": "Aquatic Plants", "v": 0.084900333171000014}, {"l": "Freshwater Fish", "v": 0.08822474380721386}, {"l": "Milk - Excluding Butter", "v": 6.8637741202750995}, {"l": "Meat, Other", "v": 0.26177602727725002}, {"l": "Cephalopods", "v": 0.24581608092533724}, {"l": "Mutton & Goat Meat", "v": 0.78211216012072737}, {"l": "Pelagic Fish", "v": 2.2212049665862876}, {"l": "Bovine Meat", "v": 0.74747303637148466}, {"l": "Molluscs, Other", "v": 0.24057999954000003}, {"l": "Poultry Meat", "v": 0.6650526098395001}]}, {"source": 14, "prod": 11800.0, "target": 11, "value": 69.444317420433961, "supply": [{"l": "Sugar", "v": 29.873597231769203}, {"l": "Beverages, Alcoholic", "v": 0.44572674914775001}, {"l": "Butter, Ghee", "v": 1.37283838737507}, {"l": "Fats, Animals, Raw", "v": 7.5920490239451928}, {"l": "Sunflowerseed Oil", "v": 0.5433621322944}, {"l": "Rape and Mustard Oil", "v": 3.3824292735326411}, {"l": "Sesameseed Oil", "v": 0.019592384577923082}, {"l": "Wine", "v": 0.024369540076861113}, {"l": "Sweeteners, Other", "v": 0.7370892561664093}, {"l": "Fish, Body Oil", "v": 0.0092977777600000006}, {"l": "Honey", "v": 0.18192928536642861}, {"l": "Palmkernel Oil", "v": 0.14554342829314287}, {"l": "Cream", "v": 0.01750253022294462}, {"l": "Alcohol, Non-Food", "v": 0.25804353231500787}, {"l": "Oilcrops Oil, Other", "v": 2.1474790155017653}, {"l": "Maize Germ Oil", "v": 0.339601332684}, {"l": "Beer", "v": 0.059517759336371129}, {"l": "Groundnut Oil", "v": 0.42335436405539201}, {"l": "Sugar non-centrifugal", "v": 0.020383169759217119}, {"l": "Soyabean Oil", "v": 9.8879612167259481}, {"l": "Palm Oil", "v": 9.2927273761712748}, {"l": "Coconut Oil", "v": 1.9177487022155293}, {"l": "Olive Oil", "v": 0.23347591622024999}, {"l": "Beverages, Fermented", "v": 0.009359091845622048}, {"l": "Cottonseed Oil", "v": 0.4918364128526897}, {"l": "Fish, Liver Oil", "v": 0.01750253022294462}]}, {"source": 14, "prod": 61922.0, "target": 3, "value": 215.42693713649737, "supply": [{"l": "Maize", "v": 57.165013046339901}, {"l": "Barley", "v": 10.951525522090483}, {"l": "Cereals, Other", "v": 0.56949998767513488}, {"l": "Sorghum", "v": 23.5523320408643}, {"l": "Rye", "v": 0.28300111057000005}, {"l": "Rice", "v": 21.461134341042616}, {"l": "Wheat", "v": 100.88505175505109}, {"l": "Oats", "v": 0.3164466963646364}, {"l": "Millet", "v": 0.24293263649919805}]}, {"source": 14, "prod": 8800.0, "target": 5, "value": 8.555445546600021, "supply": [{"l": "Roots, Other", "v": 0.037626284018965915}, {"l": "Nuts", "v": 0.36167541930845998}, {"l": "Infant food", "v": 0.088328888719999998}, {"l": "Tomatoes", "v": 0.081678668742636157}, {"l": "Pepper", "v": 0.078122194907525783}, {"l": "Treenuts", "v": 0.35912840931333001}, {"l": "Vegetables, Other", "v": 0.35615522465262472}, {"l": "Peas", "v": 0.10915757121985717}, {"l": "Grapes", "v": 0.18069102321471991}, {"l": "Pimento", "v": 0.072280013375310814}, {"l": "Pulses, Other", "v": 0.85101110985931416}, {"l": "Pineapples", "v": 0.043048056255718309}, {"l": "Citrus, Other", "v": 0.23941777732000002}, {"l": "Tea", "v": 0.24522888842000001}, {"l": "Grapefruit", "v": 0.17665777744}, {"l": "Fruits, Other", "v": 0.53916007348612049}, {"l": "Coffee", "v": 0.071558852244128571}, {"l": "Cloves", "v": 0.040759406038709096}, {"l": "Dates", "v": 0.23154636319363636}, {"l": "Cocoa Beans", "v": 0.25470099951300007}, {"l": "Potatoes", "v": 0.4250047216121664}, {"l": "Beans", "v": 1.1158623886431187}, {"l": "Apples", "v": 0.14035650824227022}, {"l": "Lemons, Limes", "v": 0.18711777742000002}, {"l": "Bananas", "v": 0.79933374903853061}, {"l": "Spices, Other", "v": 0.47253738067543422}, {"l": "Sweet potatoes", "v": 0.0034723422925501107}, {"l": "Oranges, Mandarines", "v": 0.17345791146321232}, {"l": "Cassava", "v": 0.67810434281727572}, {"l": "Onions", "v": 0.14226542315140539}]}, {"source": 14, "prod": 8741.0, "target": 4, "value": 33.861300321079256, "supply": [{"l": "Sunflower seed", "v": 0.012735049975650002}, {"l": "Coconuts - Incl Copra", "v": 1.3345843739470142}, {"l": "Sesame seed", "v": 0.99333389810070005}, {"l": "Cottonseed", "v": 0.48817691573325001}, {"l": "Olives", "v": 0.072165283195350011}, {"l": "Groundnuts", "v": 0.50704365643791671}, {"l": "Oilcrops, Other", "v": 1.3584053307360002}, {"l": "Soyabeans", "v": 25.134255270526225}, {"l": "Rape and Mustardseed", "v": 3.91815037584165}, {"l": "Palm kernels", "v": 0.0424501665855}]}, {"source": 14, "prod": 9.0, "target": 6, "value": 0.0030810604779798389, "supply": [{"l": "Sugar beet", "v": 0.0030810604779798389}]}, {"source": 0, "prod": 403.0, "target": 15, "value": 0.75980068936707945, "supply": [{"l": "Beverages, Alcoholic", "v": 0.069335272089650013}, {"l": "Butter, Ghee", "v": 0.046695183244050004}, {"l": "Fats, Animals, Raw", "v": 0.2857222750947116}, {"l": "Wine", "v": 0.03773348140933333}, {"l": "Fish, Body Oil", "v": 0.24755333286000003}, {"l": "Alcohol, Non-Food", "v": 0.021392209932850393}, {"l": "Beer", "v": 0.024507312667917523}, {"l": "Beverages, Fermented", "v": 0.009359091845622048}, {"l": "Fish, Liver Oil", "v": 0.01750253022294462}]}, {"source": 2, "prod": 538.0, "target": 15, "value": 1.0691353465862095, "supply": [{"l": "Eggs", "v": 0.11546445311255998}, {"l": "Pigmeat", "v": 0.396816774603587}, {"l": "Offals, Edible", "v": 0.023059349750148148}, {"l": "Milk - Excluding Butter", "v": 0.081206834424781299}, {"l": "Meat, Other", "v": 0.11320044422800001}, {"l": "Mutton & Goat Meat", "v": 0.14921876739145454}, {"l": "Bovine Meat", "v": 0.08227454967086599}, {"l": "Poultry Meat", "v": 0.1078941734048125}]}, {"source": 3, "prod": 10989.0, "target": 15, "value": 42.381113028536333, "supply": [{"l": "Maize", "v": 7.3096874399794451}, {"l": "Barley", "v": 0.25809701283983999}, {"l": "Cereals, Other", "v": 0.017170853899752807}, {"l": "Sorghum", "v": 0.59626157065479235}, {"l": "Rye", "v": 0.19938714608340913}, {"l": "Rice", "v": 23.131345928125985}, {"l": "Wheat", "v": 10.75098273019438}, {"l": "Oats", "v": 0.003859106053227273}, {"l": "Millet", "v": 0.11432124070550496}]}, {"source": 4, "prod": 2951.0, "target": 15, "value": 6.3468093647879078, "supply": [{"l": "Sunflower seed", "v": 0.025470099951300004}, {"l": "Coconuts - Incl Copra", "v": 3.806772133009046}, {"l": "Sesame seed", "v": 0.46695183244049998}, {"l": "Cottonseed", "v": 0.10188039980520001}, {"l": "Olives", "v": 0.025470099951300004}, {"l": "Groundnuts", "v": 0.38323067056354171}, {"l": "Oilcrops, Other", "v": 0.97635383146650023}, {"l": "Soyabeans", "v": 0.49700504772227}, {"l": "Rape and Mustardseed", "v": 0.0169800666342}, {"l": "Palm kernels", "v": 0.046695183244050004}]}, {"source": 5, "prod": 28923.0, "target": 15, "value": 31.56658749296782, "supply": [{"l": "Roots, Other", "v": 0.097442427843988655}, {"l": "Nuts", "v": 1.3346332374481202}, {"l": "Infant food", "v": 0.0092977777600000006}, {"l": "Tomatoes", "v": 0.042639676257756706}, {"l": "Pepper", "v": 0.32607524830967277}, {"l": "Treenuts", "v": 1.3397272574383803}, {"l": "Vegetables, Other", "v": 0.40461938496927935}, {"l": "Peas", "v": 0.0080857460162857154}, {"l": "Grapes", "v": 0.63675249878250006}, {"l": "Pimento", "v": 0.15488574294709459}, {"l": "Pulses, Other", "v": 0.75234315509301697}, {"l": "Pineapples", "v": 0.19610781183160564}, {"l": "Citrus, Other", "v": 0.023244444400000001}, {"l": "Tea", "v": 0.6706022209400001}, {"l": "Grapefruit", "v": 0.48697111018}, {"l": "Fruits, Other", "v": 0.45996141862375256}, {"l": "Coffee", "v": 0.13098908546382856}, {"l": "Cloves", "v": 0.0033966171698924254}, {"l": "Dates", "v": 0.48817691573325001}, {"l": "Cocoa Beans", "v": 0.094888607661705884}, {"l": "Potatoes", "v": 0.26410427251234053}, {"l": "Beans", "v": 1.0218950295994877}, {"l": "Apples", "v": 0.13873075718154895}, {"l": "Lemons, Limes", "v": 0.18479333298}, {"l": "Bananas", "v": 0.73079742566239458}, {"l": "Spices, Other", "v": 0.41221345973814477}, {"l": "Sweet potatoes", "v": 0.012731921739350407}, {"l": "Oranges, Mandarines", "v": 0.35423031316884929}, {"l": "Cassava", "v": 20.661424159718212}, {"l": "Onions", "v": 0.12482643579736216}]}, {"source": 6, "prod": 15.0, "target": 15, "value": 0.0051351007966330652, "supply": [{"l": "Sugar cane", "v": 0.0051351007966330652}]}, {"source": 7, "prod": 3435.0, "target": 15, "value": 14.36401424518615, "supply": [{"l": "Sugar", "v": 14.004682326438781}, {"l": "Sweeteners, Other", "v": 0.18137798450168183}, {"l": "Honey", "v": 0.16980066634200003}, {"l": "Sugar non-centrifugal", "v": 0.0081532679036868481}]}, {"source": 8, "prod": 6691.0, "target": 15, "value": 6.2168511013337646, "supply": [{"l": "Crustaceans", "v": 0.23316830631745653}, {"l": "Marine Fish, Other", "v": 0.54988915212777745}, {"l": "Fish, Seafood", "v": 3.0815154149274924}, {"l": "Aquatic Animals, Others", "v": 0.0082829593337560969}, {"l": "Demersal Fish", "v": 0.21625556562424525}, {"l": "Aquatic Products, Other", "v": 0.01035369916719512}, {"l": "Aquatic Plants", "v": 0.0023583425880833336}, {"l": "Freshwater Fish", "v": 0.015343433705602412}, {"l": "Cephalopods", "v": 0.10859344940476744}, {"l": "Pelagic Fish", "v": 1.7202930008773876}, {"l": "Molluscs, Other", "v": 0.27079777726000004}]}, {"source": 10, "prod": 3370.0, "target": 15, "value": 34.579197605661207, "supply": [{"l": "Rape and Mustard Oil", "v": 0.12225647976624002}, {"l": "Sesameseed Oil", "v": 0.029388576866884623}, {"l": "Palmkernel Oil", "v": 1.7101352824444289}, {"l": "Oilcrops Oil, Other", "v": 1.0387805470334119}, {"l": "Maize Germ Oil", "v": 0.0169800666342}, {"l": "Groundnut Oil", "v": 0.17553717534004054}, {"l": "Soyabean Oil", "v": 0.16394547095089657}, {"l": "Palm Oil", "v": 20.376079961040002}, {"l": "Coconut Oil", "v": 10.747383351999531}, {"l": "Olive Oil", "v": 0.116737958110125}, {"l": "Cottonseed Oil", "v": 0.081972735475448283}]}, {"source": 16, "prod": 997.0, "target": 5, "value": 1.0499418854167994, "supply": [{"l": "Nuts", "v": 0.0050940199902600007}, {"l": "Coffee", "v": 0.024257238048857141}, {"l": "Treenuts", "v": 0.0050940199902600007}, {"l": "Vegetables, Other", "v": 0.0078895144701530799}, {"l": "Dates", "v": 0.050168378691954549}, {"l": "Pulses, Other", "v": 0.045222812601219589}, {"l": "Pineapples", "v": 0.021822972962968312}, {"l": "Tea", "v": 0.0046488888800000003}, {"l": "Fruits, Other", "v": 0.020815031085622354}, {"l": "Cassava", "v": 0.86492900869550449}]}, {"source": 10, "prod": 251.0, "target": 17, "value": 2.5939016103488317, "supply": [{"l": "Groundnut Oil", "v": 1.0325716196472974}, {"l": "Palm Oil", "v": 1.3172415328349092}, {"l": "Olive Oil", "v": 0.244088457866625}]}, {"source": 2, "prod": 155.0, "target": 17, "value": 0.1124217834079034, "supply": [{"l": "Milk - Excluding Butter", "v": 0.11067126107448072}, {"l": "Bovine Meat", "v": 0.0017505223334226808}]}, {"source": 0, "prod": 3.0, "target": 17, "value": 0.0073894734426611106, "supply": [{"l": "Beverages, Alcoholic", "v": 0.0066033592466333332}, {"l": "Wine", "v": 0.00078611419602777775}]}, {"source": 8, "prod": 8.0, "target": 17, "value": 0.0064609649420647244, "supply": [{"l": "Marine Fish, Other", "v": 0.0036806502819797691}, {"l": "Fish, Seafood", "v": 0.0027803146600849553}]}, {"source": 3, "prod": 5744.0, "target": 17, "value": 24.406028203055563, "supply": [{"l": "Maize", "v": 0.054287761677435799}, {"l": "Rice", "v": 22.389511690746097}, {"l": "Oats", "v": 0.07525256803793183}, {"l": "Sorghum", "v": 0.78663424080361166}, {"l": "Millet", "v": 1.1003419417904852}]}, {"source": 16, "prod": 1.0, "target": 1, "value": 0.00098721317640697672, "supply": [{"l": "Cephalopods", "v": 0.00098721317640697672}]}, {"source": 5, "prod": 1071.0, "target": 17, "value": 0.98771413933214269, "supply": [{"l": "Cocoa Beans", "v": 0.002497068622676471}, {"l": "Tomatoes", "v": 0.0015160773780535715}, {"l": "Grapes", "v": 0.012001617778099478}, {"l": "Potatoes", "v": 0.81262853080720165}, {"l": "Pepper", "v": 0.020379703019354548}, {"l": "Beans", "v": 0.12920511868499271}, {"l": "Spices, Other", "v": 0.0067026578819210534}, {"l": "Infant food", "v": 0.0023244444400000001}, {"l": "Onions", "v": 0.0004589207198432432}]}, {"source": 16, "prod": 626.0, "target": 4, "value": 1.490598552477074, "supply": [{"l": "Coconuts - Incl Copra", "v": 0.67798107784035977}, {"l": "Oilcrops, Other", "v": 0.1334148092687143}, {"l": "Cottonseed", "v": 0.48393189907470002}, {"l": "Rape and Mustardseed", "v": 0.169800666342}, {"l": "Palm kernels", "v": 0.025470099951300004}]}, {"source": 4, "prod": 397.0, "target": 17, "value": 1.6897336811021573, "supply": [{"l": "Olives", "v": 0.0679202665368}, {"l": "Sesame seed", "v": 0.076410299853900007}, {"l": "Soyabeans", "v": 1.309568855903124}, {"l": "Groundnuts", "v": 0.23583425880833336}]}, {"source": 16, "prod": 182.0, "target": 11, "value": 1.6672111806241421, "supply": [{"l": "Butter, Ghee", "v": 0.0093390366488100025}, {"l": "Fats, Animals, Raw", "v": 0.81634935741346171}, {"l": "Soyabean Oil", "v": 0.020493183868862071}, {"l": "Sunflowerseed Oil", "v": 0.24904097730159999}, {"l": "Coconut Oil", "v": 0.169800666342}, {"l": "Oilcrops Oil, Other", "v": 0.36956615615611776}, {"l": "Cottonseed Oil", "v": 0.020493183868862071}, {"l": "Palmkernel Oil", "v": 0.012128619024428572}]}, {"source": 6, "prod": 591.0, "target": 17, "value": 0.20232297138734276, "supply": [{"l": "Sugar cane", "v": 0.20232297138734276}]}, {"source": 7, "prod": 2039.0, "target": 17, "value": 8.5031136555119922, "supply": [{"l": "Sugar", "v": 8.4953954434055383}, {"l": "Sweeteners, Other", "v": 0.007718212106454546}]}, {"source": 16, "prod": 1049.0, "target": 3, "value": 3.5936975963147724, "supply": [{"l": "Barley", "v": 0.47220021667288914}, {"l": "Cereals, Other", "v": 0.19460301086386514}, {"l": "Wheat", "v": 2.9268943687780182}]}, {"source": 1, "prod": 72680.0, "target": 8, "value": 65.159518399146435, "supply": [{"l": "Demersal Fish", "v": 6.1793025510779707}, {"l": "Pelagic Fish", "v": 12.218219197471539}, {"l": "Crustaceans", "v": 1.2827332946488041}, {"l": "Freshwater Fish", "v": 3.2060104727856236}, {"l": "Molluscs, Other", "v": 2.49761555078}, {"l": "Aquatic Animals, Others", "v": 0.14081030867385363}, {"l": "Marine Fish, Other", "v": 4.3969048268530315}, {"l": "Aquatic Products, Other", "v": 1.6011995762067255}, {"l": "Fish, Seafood", "v": 30.840176981215681}, {"l": "Aquatic Plants", "v": 1.6638106958927921}, {"l": "Cephalopods", "v": 1.1925535170996278}]}, {"source": 1, "prod": 108507.0, "target": 2, "value": 138.11934324728719, "supply": [{"l": "Poultry Meat", "v": 8.5501710530961255}, {"l": "Pigmeat", "v": 45.611253835149434}, {"l": "Bovine Meat", "v": 8.5005364511005368}, {"l": "Eggs", "v": 12.872588515387019}, {"l": "Milk - Excluding Butter", "v": 53.355046150738609}, {"l": "Offals, Edible", "v": 2.2053123579232601}, {"l": "Meat, Other", "v": 1.1638420672191248}, {"l": "Mutton & Goat Meat", "v": 6.4447071088895465}]}, {"source": 11, "prod": 20541.0, "target": 0, "value": 57.112230513089997, "supply": [{"l": "Fats, Animals, Raw", "v": 20.408733935336542}, {"l": "Alcohol, Non-Food", "v": 1.7033547159032125}, {"l": "Beverages, Fermented", "v": 4.2022322386842985}, {"l": "Fish, Body Oil", "v": 0.29055555500000002}, {"l": "Beer", "v": 3.1745722516620307}, {"l": "Beverages, Alcoholic", "v": 15.369318646539082}, {"l": "Fish, Liver Oil", "v": 0.096263916226195415}, {"l": "Wine", "v": 0.15722283920555555}, {"l": "Butter, Ghee", "v": 11.692473884310122}, {"l": "Cream", "v": 0.01750253022294462}]}, {"source": 11, "prod": 16025.0, "target": 10, "value": 163.3511575249824, "supply": [{"l": "Olive Oil", "v": 2.6106852450082503}, {"l": "Ricebran Oil", "v": 2.7762408946916999}, {"l": "Sesameseed Oil", "v": 3.8205149926950006}, {"l": "Soyabean Oil", "v": 24.448368355552446}, {"l": "Coconut Oil", "v": 25.550006147225652}, {"l": "Cottonseed Oil", "v": 8.9555213506927256}, {"l": "Rape and Mustard Oil", "v": 19.642541082442566}, {"l": "Maize Germ Oil", "v": 1.1206843978571999}, {"l": "Groundnut Oil", "v": 20.186775164104663}, {"l": "Palm Oil", "v": 34.762827327471271}, {"l": "Palmkernel Oil", "v": 2.7046820424475717}, {"l": "Oilcrops Oil, Other", "v": 12.425413466438119}, {"l": "Sunflowerseed Oil", "v": 4.3468970583552}]}, {"source": 11, "prod": 41357.0, "target": 7, "value": 171.02397092432207, "supply": [{"l": "Honey", "v": 1.164347426345143}, {"l": "Sweeteners, Other", "v": 8.2662051660128189}, {"l": "Sugar non-centrifugal", "v": 50.081448098396464}, {"l": "Sugar", "v": 111.51197023356762}]}, {"source": 5, "prod": 502964.5, "target": 18, "value": 1513.4543597553022, "supply": [{"l": "Roots, Other", "v": 4.4045316582449994}, {"l": "Pulses, Other", "v": 49.341563238989998}, {"l": "Beans", "v": 21.348859959180004}, {"l": "Onions", "v": 35.189183266050009}, {"l": "Vegetables, Other", "v": 469.24082910279003}, {"l": "Tomatoes", "v": 45.005893247280007}, {"l": "Peas", "v": 9.6092533149600019}, {"l": "Yams", "v": 0.34517999933999999}, {"l": "Potatoes", "v": 83.904889839570004}, {"l": "Sweet potatoes", "v": 248.38403119174498}, {"l": "Cassava", "v": 78.048161517435005}]}, {"source": 6, "prod": 136360.60000000001, "target": 18, "value": 475.44395775759614, "supply": [{"l": "Sugar beet", "v": 26.185563949932007}, {"l": "Sugar cane", "v": 449.25839380766416}]}, {"source": 3, "prod": 1053626.0, "target": 18, "value": 4364.6232961989735, "supply": [{"l": "Sorghum", "v": 167.74004634594002}, {"l": "Wheat", "v": 953.66260484321981}, {"l": "Oats", "v": 10.069493314080001}, {"l": "Maize", "v": 614.4726988251}, {"l": "Barley", "v": 120.37716643650005}, {"l": "Cereals, Other", "v": 20.954866626600001}, {"l": "Rye", "v": 16.167673302420003}, {"l": "Rice", "v": 1644.2806168560599}, {"l": "Millet", "v": 125.91747975924001}]}, {"source": 4, "prod": 69351.0, "target": 18, "value": 197.03545070380562, "supply": [{"l": "Coconuts - Incl Copra", "v": 95.911226483279989}, {"l": "Sesame seed", "v": 4.2746533251600001}, {"l": "Groundnuts", "v": 25.559009951130001}, {"l": "Oilcrops, Other", "v": 18.668609488114285}, {"l": "Soyabeans", "v": 44.810639914320006}, {"l": "Palm kernels", "v": 1.8008633298900001}, {"l": "Sunflower seed", "v": 3.1868133272400003}, {"l": "Cottonseed", "v": 33.081493270079996}, {"l": "Olives", "v": 4.4332966581899997}, {"l": "Rape and Mustardseed", "v": 15.677796636689999}]}, {"source": 19, "prod": 0, "target": 5, "value": 0.10643256368411516, "supply": "[{\"l\":'Energy for power irrigation',\"v\":0.10643256368411516}]"}, {"source": 19, "prod": 0, "target": 6, "value": 0.07213833304092114, "supply": "[{\"l\":'Energy for power irrigation',\"v\":0.07213833304092114}]"}, {"source": 19, "prod": 0, "target": 3, "value": 0.11147915642579101, "supply": "[{\"l\":'Energy for power irrigation',\"v\":0.11147915642579101}]"}, {"source": 19, "prod": 0, "target": 4, "value": 0.017214724872762297, "supply": "[{\"l\":'Energy for power irrigation',\"v\":0.017214724872762297}]"}, {"source": 19, "prod": 0, "target": 11, "value": 18.175000014539997, "supply": "[{\"l\":'Electricity',\"v\":18.175000014539997}]"}, {"source": 20, "prod": 0, "target": 19, "value": 32.342708703643652, "supply": [{"l": "Coal", "v": 17.224317566390528}, {"l": "Natural gas", "v": 4.1836003080740047}, {"l": "Oil", "v": 10.934790829179116}]}, {"source": 21, "prod": 0, "target": 19, "value": 5.7687762910306555, "supply": [{"l": "Nuclear", "v": 1.6628769287552245}, {"l": "Hydroelectric", "v": 4.0456134624256643}, {"l": "Renewable", "v": 0.060285899849766261}]}, {"source": 20, "prod": 0, "target": 5, "value": 78.294943988072021, "supply": [{"l": "Motor Gasoline", "v": 0.28984905060350458}, {"l": "Gas-Diesel oil", "v": 17.252965497183112}, {"l": "Natural gas (including LNG)", "v": 0.33035068618776803}, {"l": "Fuel oil", "v": 2.6938526887386929}, {"l": "Liquefied petroleum gas (LPG)", "v": 0.0045511419776742019}, {"l": "Coal", "v": 57.723374923381265}]}, {"source": 20, "prod": 0, "target": 6, "value": 53.067092902083012, "supply": [{"l": "Motor Gasoline", "v": 0.19645516954836892}, {"l": "Gas-Diesel oil", "v": 11.693791147164399}, {"l": "Natural gas (including LNG)", "v": 0.22390654697784712}, {"l": "Fuel oil", "v": 1.825851371955781}, {"l": "Liquefied petroleum gas (LPG)", "v": 0.003084693108364709}, {"l": "Coal", "v": 39.12400397332825}]}, {"source": 20, "prod": 0, "target": 3, "value": 82.007366975578165, "supply": [{"l": "Motor Gasoline", "v": 0.3035924958830773}, {"l": "Gas-Diesel oil", "v": 18.071029888724802}, {"l": "Natural gas (including LNG)", "v": 0.34601455180760593}, {"l": "Fuel oil", "v": 2.8215840611265741}, {"l": "Liquefied petroleum gas (LPG)", "v": 0.0047669383399513866}, {"l": "Coal", "v": 60.460379039696143}]}, {"source": 20, "prod": 0, "target": 4, "value": 12.663661129908068, "supply": [{"l": "Motor Gasoline", "v": 0.046881062412249166}, {"l": "Gas-Diesel oil", "v": 2.7905468401076878}, {"l": "Natural gas (including LNG)", "v": 0.053431919493445591}, {"l": "Fuel oil", "v": 0.43571188440055186}, {"l": "Liquefied petroleum gas (LPG)", "v": 0.00073611547340970182}, {"l": "Coal", "v": 9.3363533080207226}]}, {"source": 20, "prod": 0, "target": 1, "value": 4.6581243555783507, "supply": [{"l": "Gas-diesel oils used in fisheries", "v": 1.7524291680686097}, {"l": "Fuel oil used in fisheries", "v": 2.9056951875097412}]}, {"source": 22, "prod": 29345.200261585622, "target": 5, "value": 378.95391929542558, "supply": [{"l": "Potash", "v": 25.316867028586824}, {"l": "Phosphate", "v": 90.622965489165011}, {"l": "Nitrogen", "v": 978.07865076394432}]}, {"source": 22, "prod": 19889.719427464424, "target": 6, "value": 256.84906095497695, "supply": [{"l": "Potash", "v": 25.316867028586824}, {"l": "Phosphate", "v": 90.622965489165011}, {"l": "Nitrogen", "v": 978.07865076394432}]}, {"source": 22, "prod": 30736.628500434334, "target": 3, "value": 396.92234956101476, "supply": [{"l": "Potash", "v": 25.316867028586824}, {"l": "Phosphate", "v": 90.622965489165011}, {"l": "Nitrogen", "v": 978.07865076394432}]}, {"source": 22, "prod": 4746.3814771822899, "target": 4, "value": 61.293153470279037, "supply": [{"l": "Potash", "v": 25.316867028586824}, {"l": "Phosphate", "v": 90.622965489165011}, {"l": "Nitrogen", "v": 978.07865076394432}]}, {"source": 20, "prod": 0, "target": 22, "value": 1311.2167793856386, "supply": [{"l": "Natural gas (including LNG)", "v": 888.6628007659109}, {"l": "Fuel oil", "v": 249.65785509188765}, {"l": "Liquefied petroleum gas (LPG)", "v": 86.448061763919981}, {"l": "Coal", "v": 86.448061763919981}]}, {"source": 23, "prod": 0, "target": 3, "value": 153.58388960612399, "supply": "[{\"l\":'Labor',\"v\":153.58388960612399}]"}, {"source": 23, "prod": 0, "target": 4, "value": 23.71658065261828, "supply": "[{\"l\":'Labor',\"v\":23.71658065261828}]"}, {"source": 23, "prod": 0, "target": 5, "value": 146.631241529346, "supply": "[{\"l\":'Labor',\"v\":146.631241529346}]"}, {"source": 23, "prod": 0, "target": 6, "value": 99.384370436116953, "supply": "[{\"l\":'Labor',\"v\":99.384370436116953}]"}, {"source": 20, "prod": 0, "target": 14, "value": 312.89170056004053, "supply": "[{\"l\":'Fossil Fuels',\"v\":312.89170056004053}]"}, {"source": 21, "prod": 0, "target": 14, "value": 62.095597703073885, "supply": "[{\"l\":'Renewables & Nuclear',\"v\":18.319254677243045},{\"l\":'Biomass & Waste',\"v\":43.77634302583084}]"}]}