{"nodes": [{"layer": 13, "name": "Milk - Excluding Butter"}, {"layer": 10, "name": "Feed", "fill": "#dbdb8d"}, {"layer": 5, "name": "Oilcrops", "fill": "#ff9896"}, {"layer": 5, "name": "Vegetables"}, {"layer": 5, "name": "Sugar Crops", "fill": "#ffbb78"}, {"layer": 13, "name": "Animal Fats"}, {"layer": 5, "name": "Starchy Roots"}, {"layer": 5, "name": "Pulses"}, {"layer": 13, "name": "Aquatic Products, Other"}, {"layer": 13, "name": "Fish, Seafood"}, {"layer": 13, "name": "Sugar & Sweeteners"}, {"layer": 5, "name": "Cereals - Excluding Beer"}, {"layer": 13, "name": "Vegetable Oils", "fill": "#f7b6d2"}, {"layer": 5, "name": "Fruits - Excluding Wine"}, {"layer": 13, "name": "Meat"}, {"layer": 16, "name": "Food", "fill": "#b5cf6b"}, {"layer": 5, "name": "Treenuts"}, {"layer": 13, "name": "Alcoholic Beverages"}, {"layer": 5, "name": "Others"}, {"layer": 5, "name": "Spices"}, {"layer": 5, "name": "Stimulants"}, {"layer": 13, "name": "Eggs"}, {"layer": 10, "name": "Processing", "fill": "#9edae5"}, {"layer": 16, "name": "Biofuels & Other", "fill": "#e7ba52"}, {"name": "Seed", "fill": "#dbdb8d"}, {"name": "Waste", "fill": "#c7c7c7"}, {"layer": 0, "name": "Import", "fill": "#aec7e8"}, {"layer": 16, "name": "Export", "fill": "#aec7e8"}, {"layer": 16, "name": "Stock Deposit", "fill": "#c7c7c7"}, {"layer": 0, "name": "Stock Draw", "fill": "#c7c7c7"}, {"layer": 0, "name": "Production", "fill": "#b5cf6b"}], "links": [{"source": 0, "prod": 6.0032034927018971, "target": 1, "value": 8105.0, "supply": [{"l": "Milk - Excluding Butter", "v": 8105.0}]}, {"source": 2, "prod": 15.444021857913386, "target": 1, "value": 3840.0, "supply": [{"l": "Coconuts - Incl Copra", "v": 28.0}, {"l": "Cottonseed", "v": 3024.0}, {"l": "Groundnuts", "v": 3.0}, {"l": "Oilcrops, Other", "v": 137.0}, {"l": "Soyabeans", "v": 446.0}, {"l": "Rape and Mustardseed", "v": 201.0}, {"l": "Palm kernels", "v": 1.0}]}, {"source": 3, "prod": 0.87755188639774995, "target": 1, "value": 3099.0, "supply": [{"l": "Tomatoes", "v": 555.0}, {"l": "Vegetables, Other", "v": 2544.0}]}, {"source": 4, "prod": 2.3994293378600977, "target": 1, "value": 7235.0, "supply": [{"l": "Sugar beet", "v": 450.0}, {"l": "Sugar cane", "v": 6785.0}]}, {"source": 5, "prod": 0.30880415300432351, "target": 1, "value": 36.0, "supply": [{"l": "Fats, Animals, Raw", "v": 32.0}, {"l": "Fish, Body Oil", "v": 4.0}]}, {"source": 6, "prod": 46.740552312316126, "target": 1, "value": 42961.0, "supply": [{"l": "Roots, Other", "v": 114.0}, {"l": "Yams", "v": 8.0}, {"l": "Potatoes", "v": 7685.0}, {"l": "Sweet potatoes", "v": 31235.0}, {"l": "Cassava", "v": 3919.0}]}, {"source": 7, "prod": 10.073647127941562, "target": 1, "value": 2485.0, "supply": [{"l": "Peas", "v": 565.0}, {"l": "Beans", "v": 161.0}, {"l": "Pulses, Other", "v": 1759.0}]}, {"source": 8, "prod": 0.12208337647124345, "target": 1, "value": 192.0, "supply": [{"l": "Aquatic Products, Other", "v": 96.0}, {"l": "Aquatic Plants", "v": 96.0}]}, {"source": 9, "prod": 14.041699678569959, "target": 1, "value": 14367.0, "supply": [{"l": "Crustaceans", "v": 1.0}, {"l": "Marine Fish, Other", "v": 644.0}, {"l": "Demersal Fish", "v": 631.0}, {"l": "Freshwater Fish", "v": 1.0}, {"l": "Fish, Seafood", "v": 7184.0}, {"l": "Pelagic Fish", "v": 5876.0}, {"l": "Molluscs, Other", "v": 30.0}]}, {"source": 10, "prod": 1.7131342977996771, "target": 1, "value": 417.0, "supply": [{"l": "Sugar", "v": 2.0}, {"l": "Sugar non-centrifugal", "v": 415.0}]}, {"source": 11, "prod": 387.97047831913471, "target": 1, "value": 115725.0, "supply": [{"l": "Maize", "v": 73054.0}, {"l": "Rye", "v": 257.0}, {"l": "Barley", "v": 12712.0}, {"l": "Rice", "v": 14417.0}, {"l": "Wheat", "v": 4843.0}, {"l": "Oats", "v": 614.0}, {"l": "Sorghum", "v": 7659.0}, {"l": "Cereals, Other", "v": 750.0}, {"l": "Millet", "v": 1419.0}]}, {"source": 12, "prod": 0.0099665608505086958, "target": 1, "value": 1.0, "supply": [{"l": "Soyabean Oil", "v": 1.0}]}, {"source": 13, "prod": 0.53864398932307955, "target": 1, "value": 535.0, "supply": [{"l": "Dates", "v": 125.0}, {"l": "Bananas", "v": 407.0}, {"l": "Oranges, Mandarines", "v": 3.0}]}, {"source": 14, "prod": 0.047118440036984607, "target": 1, "value": 34.0, "supply": [{"l": "Meat, Other", "v": 1.0}, {"l": "Offals, Edible", "v": 33.0}]}, {"source": 0, "prod": 54.307326747488688, "target": 15, "value": 73321.0, "supply": [{"l": "Milk - Excluding Butter", "v": 73321.0}]}, {"source": 2, "prod": 55.726226835965527, "target": 15, "value": 16887.0, "supply": [{"l": "Sunflower seed", "v": 20.0}, {"l": "Coconuts - Incl Copra", "v": 7467.0}, {"l": "Sesame seed", "v": 294.0}, {"l": "Olives", "v": 381.0}, {"l": "Groundnuts", "v": 2451.0}, {"l": "Oilcrops, Other", "v": 100.0}, {"l": "Soyabeans", "v": 6007.0}, {"l": "Rape and Mustardseed", "v": 167.0}]}, {"source": 16, "prod": 4.5446648932711762, "target": 15, "value": 1365.0, "supply": [{"l": "Treenuts", "v": 1365.0}]}, {"source": 7, "prod": 70.200878983179322, "target": 15, "value": 17444.0, "supply": [{"l": "Peas", "v": 1705.0}, {"l": "Pulses, Other", "v": 10246.0}, {"l": "Beans", "v": 5493.0}]}, {"source": 3, "prod": 47.525501290206392, "target": 15, "value": 161212.0, "supply": [{"l": "Tomatoes", "v": 12896.0}, {"l": "Vegetables, Other", "v": 137725.0}, {"l": "Onions", "v": 10591.0}]}, {"source": 17, "prod": 30.723468413552204, "target": 15, "value": 18600.0, "supply": [{"l": "Beverages, Alcoholic", "v": 6172.0}, {"l": "Wine", "v": 265.0}, {"l": "Beer", "v": 8934.0}, {"l": "Beverages, Fermented", "v": 3229.0}]}, {"source": 4, "prod": 3.3900437721639145, "target": 15, "value": 10222.0, "supply": [{"l": "Sugar cane", "v": 10222.0}]}, {"source": 5, "prod": 24.753265181240256, "target": 15, "value": 2838.0, "supply": [{"l": "Butter, Ghee", "v": 1378.0}, {"l": "Fats, Animals, Raw", "v": 1351.0}, {"l": "Fish, Body Oil", "v": 95.0}, {"l": "Cream", "v": 4.0}, {"l": "Fish, Liver Oil", "v": 10.0}]}, {"source": 6, "prod": 140.45078133511089, "target": 15, "value": 131228.0, "supply": [{"l": "Roots, Other", "v": 2377.0}, {"l": "Yams", "v": 127.0}, {"l": "Potatoes", "v": 28147.0}, {"l": "Sweet potatoes", "v": 82280.0}, {"l": "Cassava", "v": 18297.0}]}, {"source": 9, "prod": 48.968584872088428, "target": 15, "value": 52639.0, "supply": [{"l": "Crustaceans", "v": 1826.0}, {"l": "Marine Fish, Other", "v": 4245.0}, {"l": "Fish, Seafood", "v": 26318.0}, {"l": "Demersal Fish", "v": 5343.0}, {"l": "Freshwater Fish", "v": 5193.0}, {"l": "Cephalopods", "v": 1203.0}, {"l": "Pelagic Fish", "v": 6298.0}, {"l": "Molluscs, Other", "v": 2213.0}]}, {"source": 8, "prod": 2.404399073314595, "target": 15, "value": 3807.0, "supply": [{"l": "Aquatic Products, Other", "v": 1904.0}, {"l": "Aquatic Animals, Others", "v": 214.0}, {"l": "Aquatic Plants", "v": 1689.0}]}, {"source": 10, "prod": 159.51100326736426, "target": 15, "value": 38829.0, "supply": [{"l": "Sugar", "v": 25952.0}, {"l": "Sweeteners, Other", "v": 1921.0}, {"l": "Honey", "v": 213.0}, {"l": "Sugar non-centrifugal", "v": 10743.0}]}, {"source": 18, "prod": 4.6175704094716465, "target": 15, "value": 1424.0, "supply": [{"l": "Nuts", "v": 1367.0}, {"l": "Infant food", "v": 57.0}]}, {"source": 11, "prod": 1653.1248078763174, "target": 15, "value": 420162.0, "supply": [{"l": "Maize", "v": 19430.0}, {"l": "Barley", "v": 5135.0}, {"l": "Cereals, Other", "v": 1959.0}, {"l": "Sorghum", "v": 14673.0}, {"l": "Rye", "v": 1395.0}, {"l": "Rice", "v": 214513.0}, {"l": "Wheat", "v": 149100.0}, {"l": "Oats", "v": 663.0}, {"l": "Millet", "v": 13294.0}]}, {"source": 12, "prod": 140.2781520238758, "target": 15, "value": 13940.0, "supply": [{"l": "Ricebran Oil", "v": 268.0}, {"l": "Sunflowerseed Oil", "v": 743.0}, {"l": "Rape and Mustard Oil", "v": 2823.0}, {"l": "Sesameseed Oil", "v": 384.0}, {"l": "Palmkernel Oil", "v": 73.0}, {"l": "Oilcrops Oil, Other", "v": 331.0}, {"l": "Maize Germ Oil", "v": 202.0}, {"l": "Groundnut Oil", "v": 2024.0}, {"l": "Soyabean Oil", "v": 3052.0}, {"l": "Palm Oil", "v": 1772.0}, {"l": "Coconut Oil", "v": 1141.0}, {"l": "Olive Oil", "v": 157.0}, {"l": "Cottonseed Oil", "v": 970.0}]}, {"source": 19, "prod": 6.9387829438755873, "target": 15, "value": 1907.0, "supply": [{"l": "Pepper", "v": 39.0}, {"l": "Pimento", "v": 926.0}, {"l": "Cloves", "v": 6.0}, {"l": "Spices, Other", "v": 936.0}]}, {"source": 20, "prod": 1.5752886223186637, "target": 15, "value": 1882.0, "supply": [{"l": "Tea", "v": 1126.0}, {"l": "Coffee", "v": 608.0}, {"l": "Cocoa Beans", "v": 148.0}]}, {"source": 21, "prod": 13.579996636150465, "target": 15, "value": 7811.0, "supply": [{"l": "Eggs", "v": 7811.0}]}, {"source": 13, "prod": 41.396890127499631, "target": 15, "value": 73967.0, "supply": [{"l": "Plantains", "v": 998.0}, {"l": "Grapes", "v": 5384.0}, {"l": "Pineapples", "v": 3551.0}, {"l": "Citrus, Other", "v": 634.0}, {"l": "Grapefruit", "v": 550.0}, {"l": "Fruits, Other", "v": 30923.0}, {"l": "Dates", "v": 1195.0}, {"l": "Apples", "v": 7460.0}, {"l": "Lemons, Limes", "v": 1125.0}, {"l": "Bananas", "v": 12201.0}, {"l": "Oranges, Mandarines", "v": 9946.0}]}, {"source": 14, "prod": 98.355563468172363, "target": 15, "value": 35099.0, "supply": [{"l": "Pigmeat", "v": 17341.0}, {"l": "Offals, Edible", "v": 2479.0}, {"l": "Meat, Other", "v": 587.0}, {"l": "Mutton & Goat Meat", "v": 2841.0}, {"l": "Bovine Meat", "v": 5572.0}, {"l": "Poultry Meat", "v": 6279.0}]}, {"source": 0, "prod": 0.017035617561029445, "target": 22, "value": 23.0, "supply": [{"l": "Milk - Excluding Butter", "v": 23.0}]}, {"source": 14, "prod": 0.0096240532679177839, "target": 22, "value": 3.0, "supply": [{"l": "Pigmeat", "v": 2.0}, {"l": "Meat, Other", "v": 1.0}]}, {"source": 17, "prod": 0.010921329228735068, "target": 22, "value": 14.0, "supply": [{"l": "Wine", "v": 14.0}]}, {"source": 4, "prod": 121.41278270535318, "target": 22, "value": 366096.0, "supply": [{"l": "Sugar beet", "v": 27872.0}, {"l": "Sugar cane", "v": 338224.0}]}, {"source": 5, "prod": 0.03329424830235294, "target": 22, "value": 4.0, "supply": [{"l": "Fats, Animals, Raw", "v": 4.0}]}, {"source": 6, "prod": 5.0568817200167171, "target": 22, "value": 5969.0, "supply": [{"l": "Potatoes", "v": 5169.0}, {"l": "Sweet potatoes", "v": 243.0}, {"l": "Cassava", "v": 557.0}]}, {"source": 10, "prod": 2.6616559532441251, "target": 22, "value": 749.0, "supply": [{"l": "Sugar", "v": 20.0}, {"l": "Sweeteners, Other", "v": 729.0}]}, {"source": 11, "prod": 20.333177504293129, "target": 22, "value": 5749.0, "supply": [{"l": "Maize", "v": 1731.0}, {"l": "Oats", "v": 6.0}, {"l": "Barley", "v": 1669.0}, {"l": "Rice", "v": 2142.0}, {"l": "Sorghum", "v": 2.0}, {"l": "Cereals, Other", "v": 1.0}, {"l": "Wheat", "v": 198.0}]}, {"source": 13, "prod": 0.62478700232688988, "target": 22, "value": 923.0, "supply": [{"l": "Grapes", "v": 515.0}, {"l": "Fruits, Other", "v": 156.0}, {"l": "Lemons, Limes", "v": 10.0}, {"l": "Bananas", "v": 16.0}, {"l": "Apples", "v": 220.0}, {"l": "Oranges, Mandarines", "v": 6.0}]}, {"source": 2, "prod": 304.58007740337274, "target": 22, "value": 80066.939393939407, "supply": [{"l": "Olives", "v": 1124.0}, {"l": "Soyabeans", "v": 11167.0}, {"l": "Oilcrops, Other", "v": 3712.0}, {"l": "Sunflower seed", "v": 2122.0}, {"l": "Coconuts - Incl Copra", "v": 17132.0}, {"l": "Sesame seed", "v": 1061.0}, {"l": "Cottonseed", "v": 7695.0}, {"l": "Rape and Mustardseed", "v": 7683.0}, {"l": "Groundnuts", "v": 4676.0}, {"l": "Palm kernels", "v": 1101.0}, {"l": "Oil Palm", "v": 22593.939393939403}]}, {"source": 0, "prod": 0.67179587512407413, "target": 23, "value": 907.0, "supply": [{"l": "Milk - Excluding Butter", "v": 907.0}]}, {"source": 14, "prod": 0.28466369483734494, "target": 23, "value": 162.0, "supply": [{"l": "Mutton & Goat Meat", "v": 4.0}, {"l": "Meat, Other", "v": 1.0}, {"l": "Pigmeat", "v": 13.0}, {"l": "Poultry Meat", "v": 73.0}, {"l": "Offals, Edible", "v": 54.0}, {"l": "Bovine Meat", "v": 17.0}]}, {"source": 10, "prod": 1.1355201644955, "target": 23, "value": 276.0, "supply": [{"l": "Sugar", "v": 264.0}, {"l": "Sweeteners, Other", "v": 12.0}]}, {"source": 3, "prod": 0.02415611158210778, "target": 23, "value": 88.0, "supply": [{"l": "Tomatoes", "v": 47.0}, {"l": "Vegetables, Other", "v": 41.0}]}, {"source": 17, "prod": 2.8508326673599846, "target": 23, "value": 1710.0, "supply": [{"l": "Alcohol, Non-Food", "v": 1460.0}, {"l": "Beer", "v": 21.0}, {"l": "Beverages, Alcoholic", "v": 227.0}, {"l": "Wine", "v": 1.0}, {"l": "Beverages, Fermented", "v": 1.0}]}, {"source": 4, "prod": 0.31141176893581646, "target": 23, "value": 939.0, "supply": [{"l": "Sugar cane", "v": 939.0}]}, {"source": 5, "prod": 11.774302823075228, "target": 23, "value": 1402.0, "supply": [{"l": "Fats, Animals, Raw", "v": 1347.0}, {"l": "Butter, Ghee", "v": 12.0}, {"l": "Fish, Body Oil", "v": 42.0}, {"l": "Fish, Liver Oil", "v": 1.0}]}, {"source": 6, "prod": 1.2443484012359827, "target": 23, "value": 1146.0, "supply": [{"l": "Potatoes", "v": 111.0}, {"l": "Sweet potatoes", "v": 55.0}, {"l": "Cassava", "v": 980.0}]}, {"source": 7, "prod": 0.016361001704828126, "target": 23, "value": 4.0, "supply": [{"l": "Pulses, Other", "v": 4.0}]}, {"source": 8, "prod": 1.4430968770380348, "target": 23, "value": 2276.0, "supply": [{"l": "Aquatic Products, Other", "v": 1138.0}, {"l": "Aquatic Animals, Others", "v": 54.0}, {"l": "Aquatic Plants", "v": 1084.0}]}, {"source": 9, "prod": 1.0383543911687623, "target": 23, "value": 1184.0, "supply": [{"l": "Freshwater Fish", "v": 76.0}, {"l": "Marine Fish, Other", "v": 422.0}, {"l": "Demersal Fish", "v": 62.0}, {"l": "Pelagic Fish", "v": 32.0}, {"l": "Fish, Seafood", "v": 592.0}]}, {"source": 18, "prod": 0.0033294248302352942, "target": 23, "value": 1.0, "supply": [{"l": "Nuts", "v": 1.0}]}, {"source": 11, "prod": 26.321705298614397, "target": 23, "value": 7544.0, "supply": [{"l": "Maize", "v": 3642.0}, {"l": "Rye", "v": 1.0}, {"l": "Barley", "v": 159.0}, {"l": "Rice", "v": 1036.0}, {"l": "Cereals, Other", "v": 1.0}, {"l": "Wheat", "v": 2670.0}, {"l": "Oats", "v": 1.0}, {"l": "Sorghum", "v": 34.0}]}, {"source": 12, "prod": 29.105595848566388, "target": 23, "value": 2825.0, "supply": [{"l": "Ricebran Oil", "v": 99.0}, {"l": "Maize Germ Oil", "v": 1.0}, {"l": "Groundnut Oil", "v": 2.0}, {"l": "Soyabean Oil", "v": 197.0}, {"l": "Palm Oil", "v": 1009.0}, {"l": "Sunflowerseed Oil", "v": 16.0}, {"l": "Olive Oil", "v": 26.0}, {"l": "Coconut Oil", "v": 257.0}, {"l": "Rape and Mustard Oil", "v": 30.0}, {"l": "Oilcrops Oil, Other", "v": 849.0}, {"l": "Sesameseed Oil", "v": 70.0}, {"l": "Cottonseed Oil", "v": 214.0}, {"l": "Palmkernel Oil", "v": 55.0}]}, {"source": 19, "prod": 0.1455434282931429, "target": 23, "value": 40.0, "supply": [{"l": "Cloves", "v": 37.0}, {"l": "Spices, Other", "v": 3.0}]}, {"source": 20, "prod": 0.0053904973441904766, "target": 23, "value": 5.0, "supply": [{"l": "Cocoa Beans", "v": 1.0}, {"l": "Coffee", "v": 1.0}, {"l": "Tea", "v": 3.0}]}, {"source": 21, "prod": 0.093882962277829357, "target": 23, "value": 54.0, "supply": [{"l": "Eggs", "v": 54.0}]}, {"source": 13, "prod": 0.18745023149591239, "target": 23, "value": 264.0, "supply": [{"l": "Apples", "v": 3.0}, {"l": "Grapes", "v": 61.0}, {"l": "Dates", "v": 26.0}, {"l": "Grapefruit", "v": 1.0}, {"l": "Lemons, Limes", "v": 1.0}, {"l": "Bananas", "v": 12.0}, {"l": "Citrus, Other", "v": 1.0}, {"l": "Fruits, Other", "v": 148.0}, {"l": "Oranges, Mandarines", "v": 11.0}]}, {"source": 2, "prod": 6.4393937270841901, "target": 23, "value": 1784.0, "supply": [{"l": "Olives", "v": 2.0}, {"l": "Sunflower seed", "v": 1.0}, {"l": "Coconuts - Incl Copra", "v": 319.0}, {"l": "Sesame seed", "v": 5.0}, {"l": "Cottonseed", "v": 1100.0}, {"l": "Groundnuts", "v": 1.0}, {"l": "Oilcrops, Other", "v": 40.0}, {"l": "Soyabeans", "v": 1.0}, {"l": "Rape and Mustardseed", "v": 315.0}]}, {"source": 2, "prod": 11.643054355959448, "target": 24, "value": 2617.0, "supply": [{"l": "Soyabeans", "v": 939.0}, {"l": "Sunflower seed", "v": 48.0}, {"l": "Coconuts - Incl Copra", "v": 93.0}, {"l": "Sesame seed", "v": 40.0}, {"l": "Cottonseed", "v": 677.0}, {"l": "Rape and Mustardseed", "v": 165.0}, {"l": "Groundnuts", "v": 598.0}, {"l": "Oilcrops, Other", "v": 57.0}]}, {"source": 21, "prod": 0.75801799172469631, "target": 21, "value": 436.0, "supply": [{"l": "Eggs", "v": 436.0}]}, {"source": 4, "prod": 4.7341885000625981, "target": 24, "value": 14275.0, "supply": [{"l": "Sugar cane", "v": 14275.0}]}, {"source": 6, "prod": 3.9358568370936116, "target": 24, "value": 4761.0, "supply": [{"l": "Potatoes", "v": 4417.0}, {"l": "Yams", "v": 15.0}, {"l": "Roots, Other", "v": 54.0}, {"l": "Sweet potatoes", "v": 275.0}]}, {"source": 7, "prod": 6.5718926170315637, "target": 24, "value": 1634.0, "supply": [{"l": "Beans", "v": 543.0}, {"l": "Peas", "v": 150.0}, {"l": "Pulses, Other", "v": 941.0}]}, {"source": 9, "prod": 0.021856400120911692, "target": 9, "value": 24.0, "supply": [{"l": "Fish, Seafood", "v": 12.0}, {"l": "Cephalopods", "v": 10.0}, {"l": "Marine Fish, Other", "v": 2.0}]}, {"source": 11, "prod": 99.638884338948102, "target": 24, "value": 26074.0, "supply": [{"l": "Maize", "v": 1981.0}, {"l": "Oats", "v": 106.0}, {"l": "Rye", "v": 134.0}, {"l": "Barley", "v": 1229.0}, {"l": "Rice", "v": 10725.0}, {"l": "Sorghum", "v": 489.0}, {"l": "Cereals, Other", "v": 208.0}, {"l": "Wheat", "v": 10726.0}, {"l": "Millet", "v": 476.0}]}, {"source": 3, "prod": 0.0094096087141662468, "target": 24, "value": 22.0, "supply": [{"l": "Onions", "v": 22.0}]}, {"source": 0, "prod": 2.3864678165929072, "target": 25, "value": 3222.0, "supply": [{"l": "Milk - Excluding Butter", "v": 3222.0}]}, {"source": 14, "prod": 0.24828477375692842, "target": 25, "value": 100.0, "supply": [{"l": "Pigmeat", "v": 36.0}, {"l": "Meat, Other", "v": 1.0}, {"l": "Mutton & Goat Meat", "v": 5.0}, {"l": "Poultry Meat", "v": 35.0}, {"l": "Offals, Edible", "v": 6.0}, {"l": "Bovine Meat", "v": 17.0}]}, {"source": 16, "prod": 0.14649469253035294, "target": 25, "value": 44.0, "supply": [{"l": "Treenuts", "v": 44.0}]}, {"source": 3, "prod": 4.93883023376726, "target": 25, "value": 16819.0, "supply": [{"l": "Tomatoes", "v": 1556.0}, {"l": "Vegetables, Other", "v": 14260.0}, {"l": "Onions", "v": 1003.0}]}, {"source": 17, "prod": 0.0042099338762479335, "target": 25, "value": 3.0, "supply": [{"l": "Beverages, Fermented", "v": 3.0}]}, {"source": 4, "prod": 1.703976218096086, "target": 25, "value": 5138.0, "supply": [{"l": "Sugar cane", "v": 5138.0}]}, {"source": 5, "prod": 0.0089798429315480783, "target": 25, "value": 1.0, "supply": [{"l": "Butter, Ghee", "v": 1.0}]}, {"source": 6, "prod": 13.536443333604959, "target": 25, "value": 13069.0, "supply": [{"l": "Roots, Other", "v": 122.0}, {"l": "Yams", "v": 8.0}, {"l": "Potatoes", "v": 4061.0}, {"l": "Sweet potatoes", "v": 6255.0}, {"l": "Cassava", "v": 2623.0}]}, {"source": 7, "prod": 3.0489098030042845, "target": 25, "value": 759.0, "supply": [{"l": "Peas", "v": 74.0}, {"l": "Beans", "v": 271.0}, {"l": "Pulses, Other", "v": 414.0}]}, {"source": 10, "prod": 0.15733583303250001, "target": 25, "value": 38.0, "supply": [{"l": "Sugar", "v": 38.0}]}, {"source": 18, "prod": 0.15315354219082353, "target": 25, "value": 46.0, "supply": [{"l": "Nuts", "v": 46.0}]}, {"source": 11, "prod": 129.19048756849404, "target": 25, "value": 34174.0, "supply": [{"l": "Maize", "v": 6713.0}, {"l": "Rye", "v": 110.0}, {"l": "Barley", "v": 1260.0}, {"l": "Rice", "v": 13787.0}, {"l": "Cereals, Other", "v": 129.0}, {"l": "Wheat", "v": 10211.0}, {"l": "Oats", "v": 78.0}, {"l": "Sorghum", "v": 1114.0}, {"l": "Millet", "v": 772.0}]}, {"source": 12, "prod": 0.32994238173628476, "target": 25, "value": 31.0, "supply": [{"l": "Soyabean Oil", "v": 4.0}, {"l": "Palm Oil", "v": 22.0}, {"l": "Oilcrops Oil, Other", "v": 1.0}, {"l": "Maize Germ Oil", "v": 1.0}, {"l": "Palmkernel Oil", "v": 3.0}]}, {"source": 19, "prod": 0.20376079961040003, "target": 25, "value": 56.0, "supply": [{"l": "Cloves", "v": 2.0}, {"l": "Pimento", "v": 40.0}, {"l": "Pepper", "v": 3.0}, {"l": "Spices, Other", "v": 11.0}]}, {"source": 20, "prod": 0.028173771275495536, "target": 25, "value": 45.0, "supply": [{"l": "Coffee", "v": 23.0}, {"l": "Tea", "v": 22.0}]}, {"source": 21, "prod": 0.7423708313450581, "target": 25, "value": 427.0, "supply": [{"l": "Eggs", "v": 427.0}]}, {"source": 13, "prod": 4.8893397733465882, "target": 25, "value": 8516.0, "supply": [{"l": "Plantains", "v": 121.0}, {"l": "Citrus, Other", "v": 64.0}, {"l": "Grapefruit", "v": 38.0}, {"l": "Apples", "v": 798.0}, {"l": "Grapes", "v": 690.0}, {"l": "Dates", "v": 70.0}, {"l": "Lemons, Limes", "v": 125.0}, {"l": "Pineapples", "v": 315.0}, {"l": "Bananas", "v": 2076.0}, {"l": "Fruits, Other", "v": 3205.0}, {"l": "Oranges, Mandarines", "v": 1014.0}]}, {"source": 2, "prod": 8.9664932517878331, "target": 25, "value": 2665.0, "supply": [{"l": "Olives", "v": 5.0}, {"l": "Sunflower seed", "v": 58.0}, {"l": "Coconuts - Incl Copra", "v": 1072.0}, {"l": "Sesame seed", "v": 31.0}, {"l": "Cottonseed", "v": 411.0}, {"l": "Groundnuts", "v": 276.0}, {"l": "Oilcrops, Other", "v": 92.0}, {"l": "Soyabeans", "v": 400.0}, {"l": "Rape and Mustardseed", "v": 320.0}]}, {"source": 26, "prod": 0.63953670465952939, "target": 18, "value": 237.0, "supply": [{"l": "Nuts", "v": 168.0}, {"l": "Infant food", "v": 69.0}]}, {"source": 26, "prod": 23.215914512178681, "target": 1, "value": 24147.0, "supply": [{"l": "Crustaceans", "v": 492.0}, {"l": "Eggs", "v": 243.0}, {"l": "Aquatic Products, Other", "v": 98.0}, {"l": "Marine Fish, Other", "v": 331.0}, {"l": "Pigmeat", "v": 230.0}, {"l": "Fish, Seafood", "v": 5072.0}, {"l": "Aquatic Animals, Others", "v": 42.0}, {"l": "Offals, Edible", "v": 97.0}, {"l": "Demersal Fish", "v": 169.0}, {"l": "Aquatic Plants", "v": 55.0}, {"l": "Freshwater Fish", "v": 225.0}, {"l": "Milk - Excluding Butter", "v": 11287.0}, {"l": "Meat, Other", "v": 145.0}, {"l": "Cephalopods", "v": 244.0}, {"l": "Mutton & Goat Meat", "v": 378.0}, {"l": "Pelagic Fish", "v": 3401.0}, {"l": "Bovine Meat", "v": 669.0}, {"l": "Molluscs, Other", "v": 215.0}, {"l": "Poultry Meat", "v": 754.0}]}, {"source": 26, "prod": 280.98486457093992, "target": 11, "value": 81758.0, "supply": [{"l": "Maize", "v": 24753.0}, {"l": "Barley", "v": 7976.0}, {"l": "Cereals, Other", "v": 526.0}, {"l": "Sorghum", "v": 5292.0}, {"l": "Rye", "v": 52.0}, {"l": "Rice", "v": 4217.0}, {"l": "Wheat", "v": 38743.0}, {"l": "Oats", "v": 132.0}, {"l": "Millet", "v": 67.0}]}, {"source": 26, "prod": 3.5688384816892293, "target": 7, "value": 893.0, "supply": [{"l": "Peas", "v": 55.0}, {"l": "Pulses, Other", "v": 394.0}, {"l": "Beans", "v": 444.0}]}, {"source": 26, "prod": 92.418790056682568, "target": 22, "value": 15644.0, "supply": [{"l": "Ricebran Oil", "v": 2.0}, {"l": "Sugar", "v": 9665.0}, {"l": "Beverages, Alcoholic", "v": 152.0}, {"l": "Butter, Ghee", "v": 178.0}, {"l": "Fats, Animals, Raw", "v": 926.0}, {"l": "Sunflowerseed Oil", "v": 21.0}, {"l": "Rape and Mustard Oil", "v": 155.0}, {"l": "Sesameseed Oil", "v": 3.0}, {"l": "Wine", "v": 52.0}, {"l": "Sweeteners, Other", "v": 191.0}, {"l": "Fish, Body Oil", "v": 6.0}, {"l": "Honey", "v": 37.0}, {"l": "Palmkernel Oil", "v": 27.0}, {"l": "Cream", "v": 2.0}, {"l": "Alcohol, Non-Food", "v": 218.0}, {"l": "Oilcrops Oil, Other", "v": 282.0}, {"l": "Maize Germ Oil", "v": 75.0}, {"l": "Beer", "v": 162.0}, {"l": "Groundnut Oil", "v": 34.0}, {"l": "Sugar non-centrifugal", "v": 8.0}, {"l": "Soyabean Oil", "v": 1559.0}, {"l": "Palm Oil", "v": 1660.0}, {"l": "Coconut Oil", "v": 132.0}, {"l": "Olive Oil", "v": 21.0}, {"l": "Beverages, Fermented", "v": 6.0}, {"l": "Cottonseed Oil", "v": 68.0}, {"l": "Fish, Liver Oil", "v": 2.0}]}, {"source": 26, "prod": 0.54935509698882345, "target": 16, "value": 165.0, "supply": [{"l": "Treenuts", "v": 165.0}]}, {"source": 26, "prod": 0.94027401697327861, "target": 3, "value": 3105.0, "supply": [{"l": "Tomatoes", "v": 640.0}, {"l": "Vegetables, Other", "v": 2015.0}, {"l": "Onions", "v": 450.0}]}, {"source": 26, "prod": 0.73142310838984526, "target": 20, "value": 723.0, "supply": [{"l": "Tea", "v": 204.0}, {"l": "Coffee", "v": 340.0}, {"l": "Cocoa Beans", "v": 179.0}]}, {"source": 26, "prod": 2.9541059069164186, "target": 13, "value": 4841.0, "supply": [{"l": "Grapes", "v": 323.0}, {"l": "Pineapples", "v": 161.0}, {"l": "Citrus, Other", "v": 190.0}, {"l": "Grapefruit", "v": 174.0}, {"l": "Fruits, Other", "v": 1284.0}, {"l": "Dates", "v": 125.0}, {"l": "Apples", "v": 463.0}, {"l": "Lemons, Limes", "v": 183.0}, {"l": "Bananas", "v": 1054.0}, {"l": "Oranges, Mandarines", "v": 884.0}]}, {"source": 26, "prod": 0.0023214934851445313, "target": 4, "value": 7.0, "supply": [{"l": "Sugar cane", "v": 7.0}]}, {"source": 26, "prod": 40.452664888370229, "target": 2, "value": 10271.0, "supply": [{"l": "Sunflower seed", "v": 22.0}, {"l": "Coconuts - Incl Copra", "v": 731.0}, {"l": "Sesame seed", "v": 156.0}, {"l": "Cottonseed", "v": 100.0}, {"l": "Olives", "v": 27.0}, {"l": "Groundnuts", "v": 215.0}, {"l": "Oilcrops, Other", "v": 208.0}, {"l": "Soyabeans", "v": 7542.0}, {"l": "Rape and Mustardseed", "v": 1255.0}, {"l": "Palm kernels", "v": 15.0}]}, {"source": 26, "prod": 0.89145349829550025, "target": 19, "value": 245.0, "supply": [{"l": "Pepper", "v": 22.0}, {"l": "Pimento", "v": 35.0}, {"l": "Cloves", "v": 12.0}, {"l": "Spices, Other", "v": 176.0}]}, {"source": 26, "prod": 1.9928354119444094, "target": 6, "value": 2039.0, "supply": [{"l": "Roots, Other", "v": 65.0}, {"l": "Potatoes", "v": 865.0}, {"l": "Sweet potatoes", "v": 3.0}, {"l": "Cassava", "v": 1106.0}]}, {"source": 0, "prod": 0.15924599024440567, "target": 27, "value": 215.0, "supply": [{"l": "Milk - Excluding Butter", "v": 215.0}]}, {"source": 2, "prod": 7.3553334929834442, "target": 27, "value": 2586.0, "supply": [{"l": "Sunflower seed", "v": 21.0}, {"l": "Coconuts - Incl Copra", "v": 1788.0}, {"l": "Sesame seed", "v": 109.0}, {"l": "Cottonseed", "v": 71.0}, {"l": "Olives", "v": 3.0}, {"l": "Groundnuts", "v": 255.0}, {"l": "Oilcrops, Other", "v": 136.0}, {"l": "Soyabeans", "v": 178.0}, {"l": "Rape and Mustardseed", "v": 9.0}, {"l": "Palm kernels", "v": 16.0}]}, {"source": 16, "prod": 1.6547241406269413, "target": 27, "value": 497.0, "supply": [{"l": "Treenuts", "v": 497.0}]}, {"source": 7, "prod": 4.1270540938441513, "target": 27, "value": 1027.0, "supply": [{"l": "Peas", "v": 3.0}, {"l": "Pulses, Other", "v": 605.0}, {"l": "Beans", "v": 419.0}]}, {"source": 3, "prod": 1.0031121743773508, "target": 27, "value": 3263.0, "supply": [{"l": "Tomatoes", "v": 616.0}, {"l": "Vegetables, Other", "v": 2077.0}, {"l": "Onions", "v": 570.0}]}, {"source": 18, "prod": 1.6708380098771765, "target": 27, "value": 509.0, "supply": [{"l": "Nuts", "v": 498.0}, {"l": "Infant food", "v": 11.0}]}, {"source": 4, "prod": 0.018903589807605471, "target": 27, "value": 57.0, "supply": [{"l": "Sugar cane", "v": 57.0}]}, {"source": 5, "prod": 2.3275720864872325, "target": 27, "value": 231.0, "supply": [{"l": "Butter, Ghee", "v": 2.0}, {"l": "Fats, Animals, Raw", "v": 52.0}, {"l": "Fish, Body Oil", "v": 176.0}, {"l": "Fish, Liver Oil", "v": 1.0}]}, {"source": 6, "prod": 25.974531804264736, "target": 27, "value": 23489.0, "supply": [{"l": "Roots, Other", "v": 89.0}, {"l": "Potatoes", "v": 570.0}, {"l": "Sweet potatoes", "v": 51.0}, {"l": "Cassava", "v": 22779.0}]}, {"source": 9, "prod": 6.7551047488464517, "target": 27, "value": 7256.0, "supply": [{"l": "Crustaceans", "v": 476.0}, {"l": "Marine Fish, Other", "v": 757.0}, {"l": "Fish, Seafood", "v": 3627.0}, {"l": "Demersal Fish", "v": 157.0}, {"l": "Freshwater Fish", "v": 38.0}, {"l": "Cephalopods", "v": 125.0}, {"l": "Pelagic Fish", "v": 1801.0}, {"l": "Molluscs, Other", "v": 275.0}]}, {"source": 8, "prod": 0.027436492644462442, "target": 27, "value": 45.0, "supply": [{"l": "Aquatic Animals, Others", "v": 15.0}, {"l": "Aquatic Products, Other", "v": 23.0}, {"l": "Aquatic Plants", "v": 7.0}]}, {"source": 10, "prod": 20.906976978842103, "target": 27, "value": 5037.0, "supply": [{"l": "Sugar", "v": 4836.0}, {"l": "Sweeteners, Other", "v": 45.0}, {"l": "Honey", "v": 70.0}, {"l": "Sugar non-centrifugal", "v": 86.0}]}, {"source": 17, "prod": 0.22687621487705026, "target": 27, "value": 183.0, "supply": [{"l": "Beverages, Alcoholic", "v": 29.0}, {"l": "Wine", "v": 51.0}, {"l": "Alcohol, Non-Food", "v": 32.0}, {"l": "Beer", "v": 65.0}, {"l": "Beverages, Fermented", "v": 6.0}]}, {"source": 11, "prod": 49.475105392752738, "target": 27, "value": 12717.0, "supply": [{"l": "Maize", "v": 3062.0}, {"l": "Barley", "v": 681.0}, {"l": "Cereals, Other", "v": 48.0}, {"l": "Sorghum", "v": 291.0}, {"l": "Rice", "v": 7468.0}, {"l": "Wheat", "v": 1152.0}, {"l": "Oats", "v": 12.0}, {"l": "Millet", "v": 3.0}]}, {"source": 12, "prod": 53.198615095076157, "target": 27, "value": 5089.0, "supply": [{"l": "Ricebran Oil", "v": 2.0}, {"l": "Sunflowerseed Oil", "v": 28.0}, {"l": "Rape and Mustard Oil", "v": 37.0}, {"l": "Sesameseed Oil", "v": 4.0}, {"l": "Palmkernel Oil", "v": 337.0}, {"l": "Oilcrops Oil, Other", "v": 182.0}, {"l": "Maize Germ Oil", "v": 9.0}, {"l": "Groundnut Oil", "v": 58.0}, {"l": "Soyabean Oil", "v": 72.0}, {"l": "Palm Oil", "v": 3285.0}, {"l": "Coconut Oil", "v": 1015.0}, {"l": "Olive Oil", "v": 23.0}, {"l": "Cottonseed Oil", "v": 37.0}]}, {"source": 19, "prod": 1.113407226442543, "target": 27, "value": 306.0, "supply": [{"l": "Pepper", "v": 87.0}, {"l": "Pimento", "v": 46.0}, {"l": "Cloves", "v": 1.0}, {"l": "Spices, Other", "v": 172.0}]}, {"source": 20, "prod": 0.95348633101419211, "target": 27, "value": 1107.0, "supply": [{"l": "Tea", "v": 610.0}, {"l": "Coffee", "v": 383.0}, {"l": "Cocoa Beans", "v": 114.0}]}, {"source": 21, "prod": 0.17038019080050515, "target": 27, "value": 98.0, "supply": [{"l": "Eggs", "v": 98.0}]}, {"source": 13, "prod": 4.1121444021868436, "target": 27, "value": 6824.0, "supply": [{"l": "Grapes", "v": 965.0}, {"l": "Pineapples", "v": 872.0}, {"l": "Citrus, Other", "v": 16.0}, {"l": "Grapefruit", "v": 399.0}, {"l": "Fruits, Other", "v": 1255.0}, {"l": "Dates", "v": 204.0}, {"l": "Apples", "v": 329.0}, {"l": "Lemons, Limes", "v": 237.0}, {"l": "Bananas", "v": 1129.0}, {"l": "Oranges, Mandarines", "v": 1418.0}]}, {"source": 14, "prod": 1.5939558318984428, "target": 27, "value": 628.0, "supply": [{"l": "Pigmeat", "v": 207.0}, {"l": "Offals, Edible", "v": 11.0}, {"l": "Meat, Other", "v": 78.0}, {"l": "Mutton & Goat Meat", "v": 89.0}, {"l": "Bovine Meat", "v": 128.0}, {"l": "Poultry Meat", "v": 115.0}]}, {"source": 19, "prod": 0.0072771714146571444, "target": 28, "value": 2.0, "supply": [{"l": "Pepper", "v": 2.0}]}, {"source": 3, "prod": 0.0099672217023930414, "target": 28, "value": 31.0, "supply": [{"l": "Tomatoes", "v": 20.0}, {"l": "Onions", "v": 11.0}]}, {"source": 9, "prod": 0.019842145700699695, "target": 28, "value": 19.0, "supply": [{"l": "Freshwater Fish", "v": 1.0}, {"l": "Crustaceans", "v": 1.0}, {"l": "Pelagic Fish", "v": 17.0}]}, {"source": 13, "prod": 0.072710039883882638, "target": 28, "value": 134.0, "supply": [{"l": "Apples", "v": 20.0}, {"l": "Grapes", "v": 26.0}, {"l": "Lemons, Limes", "v": 1.0}, {"l": "Fruits, Other", "v": 87.0}]}, {"source": 17, "prod": 0.0024170466135274207, "target": 28, "value": 3.0, "supply": [{"l": "Alcohol, Non-Food", "v": 1.0}, {"l": "Beer", "v": 2.0}]}, {"source": 4, "prod": 0.49746288967382818, "target": 28, "value": 1500.0, "supply": [{"l": "Sugar cane", "v": 1500.0}]}, {"source": 0, "prod": 0.10665777951253216, "target": 28, "value": 144.0, "supply": [{"l": "Milk - Excluding Butter", "v": 144.0}]}, {"source": 11, "prod": 35.486104998899492, "target": 28, "value": 10278.0, "supply": [{"l": "Barley", "v": 1885.0}, {"l": "Cereals, Other", "v": 43.0}, {"l": "Wheat", "v": 8350.0}]}, {"source": 29, "prod": 0.024734235390122976, "target": 1, "value": 27.0, "supply": [{"l": "Marine Fish, Other", "v": 4.0}, {"l": "Fish, Seafood", "v": 4.0}, {"l": "Cephalopods", "v": 19.0}]}, {"source": 2, "prod": 4.1727300891644052, "target": 28, "value": 1056.0, "supply": [{"l": "Olives", "v": 12.0}, {"l": "Rape and Mustardseed", "v": 1016.0}, {"l": "Palm kernels", "v": 28.0}]}, {"source": 29, "prod": 0.24970686226764705, "target": 18, "value": 75.0, "supply": [{"l": "Nuts", "v": 75.0}]}, {"source": 29, "prod": 3.46374850809373, "target": 2, "value": 688.0, "supply": [{"l": "Coconuts - Incl Copra", "v": 11.0}, {"l": "Sesame seed", "v": 94.0}, {"l": "Soyabeans", "v": 336.0}, {"l": "Groundnuts", "v": 190.0}, {"l": "Oilcrops, Other", "v": 11.0}, {"l": "Cottonseed", "v": 46.0}]}, {"source": 5, "prod": 0.14982411736058823, "target": 28, "value": 18.0, "supply": [{"l": "Fats, Animals, Raw", "v": 18.0}]}, {"source": 29, "prod": 0.056415810362751381, "target": 13, "value": 108.0, "supply": [{"l": "Dates", "v": 14.0}, {"l": "Pineapples", "v": 94.0}]}, {"source": 29, "prod": 0.24970686226764705, "target": 16, "value": 75.0, "supply": [{"l": "Treenuts", "v": 75.0}]}, {"source": 12, "prod": 4.1239576666243272, "target": 28, "value": 411.0, "supply": [{"l": "Ricebran Oil", "v": 1.0}, {"l": "Soyabean Oil", "v": 98.0}, {"l": "Palm Oil", "v": 232.0}, {"l": "Sunflowerseed Oil", "v": 1.0}, {"l": "Olive Oil", "v": 26.0}, {"l": "Coconut Oil", "v": 7.0}, {"l": "Rape and Mustard Oil", "v": 1.0}, {"l": "Oilcrops Oil, Other", "v": 39.0}, {"l": "Cottonseed Oil", "v": 6.0}]}, {"source": 14, "prod": 0.20212741584906502, "target": 28, "value": 116.0, "supply": [{"l": "Mutton & Goat Meat", "v": 4.0}, {"l": "Poultry Meat", "v": 58.0}, {"l": "Bovine Meat", "v": 54.0}]}, {"source": 7, "prod": 1.1755010518373059, "target": 28, "value": 290.0, "supply": [{"l": "Beans", "v": 61.0}, {"l": "Pulses, Other", "v": 229.0}]}, {"source": 29, "prod": 3.0056018375015978, "target": 6, "value": 2702.0, "supply": [{"l": "Potatoes", "v": 13.0}, {"l": "Cassava", "v": 2689.0}]}, {"source": 29, "prod": 0.0070750277642500003, "target": 20, "value": 8.0, "supply": [{"l": "Tea", "v": 8.0}]}, {"source": 29, "prod": 0.0066135831432799505, "target": 3, "value": 23.0, "supply": [{"l": "Vegetables, Other", "v": 23.0}]}, {"source": 29, "prod": 0.018192928536642859, "target": 19, "value": 5.0, "supply": [{"l": "Spices, Other", "v": 5.0}]}, {"source": 20, "prod": 0.022741160670803576, "target": 28, "value": 13.0, "supply": [{"l": "Cocoa Beans", "v": 9.0}, {"l": "Coffee", "v": 4.0}]}, {"source": 10, "prod": 24.48448395856089, "target": 28, "value": 5914.0, "supply": [{"l": "Sugar", "v": 5854.0}, {"l": "Sugar non-centrifugal", "v": 60.0}]}, {"source": 29, "prod": 1.8039033459043174, "target": 22, "value": 187.0, "supply": [{"l": "Maize Germ Oil", "v": 3.0}, {"l": "Groundnut Oil", "v": 149.0}, {"l": "Butter, Ghee", "v": 4.0}, {"l": "Wine", "v": 15.0}, {"l": "Palmkernel Oil", "v": 16.0}]}, {"source": 29, "prod": 27.897992027541076, "target": 11, "value": 6597.0, "supply": [{"l": "Maize", "v": 501.0}, {"l": "Rye", "v": 9.0}, {"l": "Rice", "v": 5953.0}, {"l": "Oats", "v": 5.0}, {"l": "Sorghum", "v": 128.0}, {"l": "Millet", "v": 1.0}]}, {"source": 30, "prod": 370.35935720439159, "target": 2, "value": 100532.93939393941, "supply": [{"l": "Sunflower seed", "v": 2247.0}, {"l": "Coconuts - Incl Copra", "v": 27156.0}, {"l": "Sesame seed", "v": 1291.0}, {"l": "Cottonseed", "v": 12833.0}, {"l": "Olives", "v": 1499.0}, {"l": "Groundnuts", "v": 7855.0}, {"l": "Oilcrops, Other", "v": 4046.0}, {"l": "Soyabeans", "v": 11260.0}, {"l": "Rape and Mustardseed", "v": 8621.0}, {"l": "Palm kernels", "v": 1131.0}, {"l": "Oil Palm", "v": 22593.939393939403}]}, {"source": 30, "prod": 5.55348061683247, "target": 16, "value": 1668.0, "supply": [{"l": "Treenuts", "v": 1668.0}]}, {"source": 30, "prod": 91.633595880482758, "target": 7, "value": 22747.0, "supply": [{"l": "Peas", "v": 2441.0}, {"l": "Pulses, Other", "v": 13804.0}, {"l": "Beans", "v": 6502.0}]}, {"source": 30, "prod": 53.43531489058077, "target": 3, "value": 181384.0, "supply": [{"l": "Tomatoes", "v": 15050.0}, {"l": "Vegetables, Other", "v": 154587.0}, {"l": "Onions", "v": 11747.0}]}, {"source": 30, "prod": 134.46587728846799, "target": 4, "value": 405455.0, "supply": [{"l": "Sugar cane", "v": 377133.0}, {"l": "Sugar beet", "v": 28322.0}]}, {"source": 30, "prod": 231.94371160108648, "target": 6, "value": 217885.0, "supply": [{"l": "Roots, Other", "v": 2693.0}, {"l": "Yams", "v": 158.0}, {"l": "Potatoes", "v": 49283.0}, {"l": "Sweet potatoes", "v": 120392.0}, {"l": "Cassava", "v": 45359.0}]}, {"source": 30, "prod": 5.5501511920022351, "target": 18, "value": 1667.0, "supply": [{"l": "Nuts", "v": 1667.0}]}, {"source": 30, "prod": 2092.592098952322, "target": 11, "value": 544040.0, "supply": [{"l": "Maize", "v": 84359.0}, {"l": "Barley", "v": 16712.0}, {"l": "Cereals, Other", "v": 2613.0}, {"l": "Sorghum", "v": 18867.0}, {"l": "Rye", "v": 1835.0}, {"l": "Rice", "v": 253919.0}, {"l": "Wheat", "v": 148506.0}, {"l": "Oats", "v": 1332.0}, {"l": "Millet", "v": 15897.0}]}, {"source": 30, "prod": 7.4736550428528865, "target": 19, "value": 2054.0, "supply": [{"l": "Pepper", "v": 108.0}, {"l": "Pimento", "v": 978.0}, {"l": "Cloves", "v": 34.0}, {"l": "Spices, Other", "v": 934.0}]}, {"source": 30, "prod": 1.8470876055952679, "target": 20, "value": 2321.0, "supply": [{"l": "Tea", "v": 1550.0}, {"l": "Coffee", "v": 678.0}, {"l": "Cocoa Beans", "v": 93.0}]}, {"source": 30, "prod": 48.781136830893246, "target": 13, "value": 86185.0, "supply": [{"l": "Plantains", "v": 1119.0}, {"l": "Grapes", "v": 7317.0}, {"l": "Pineapples", "v": 4484.0}, {"l": "Citrus, Other", "v": 525.0}, {"l": "Grapefruit", "v": 803.0}, {"l": "Fruits, Other", "v": 34478.0}, {"l": "Dates", "v": 1475.0}, {"l": "Apples", "v": 8367.0}, {"l": "Lemons, Limes", "v": 1317.0}, {"l": "Bananas", "v": 14787.0}, {"l": "Oranges, Mandarines", "v": 11513.0}]}, {"source": 1, "prod": 63.651733319225535, "target": 0, "value": 85937.0, "supply": [{"l": "Milk - Excluding Butter", "v": 85937.0}]}, {"source": 1, "prod": 14.586630620573859, "target": 21, "value": 8390.0, "supply": [{"l": "Eggs", "v": 8826.0}]}, {"source": 1, "prod": 3.9970158194683356, "target": 8, "value": 6320.0, "supply": [{"l": "Aquatic Plants", "v": 2876.0}, {"l": "Aquatic Products, Other", "v": 3161.0}, {"l": "Aquatic Animals, Others", "v": 283.0}]}, {"source": 1, "prod": 70.823585836374292, "target": 9, "value": 75465.0, "supply": [{"l": "Pelagic Fish", "v": 14024.0}, {"l": "Crustaceans", "v": 2304.0}, {"l": "Freshwater Fish", "v": 5309.0}, {"l": "Molluscs, Other", "v": 2518.0}, {"l": "Demersal Fish", "v": 6193.0}, {"l": "Fish, Seafood", "v": 37733.0}, {"l": "Marine Fish, Other", "v": 6070.0}, {"l": "Cephalopods", "v": 1338.0}]}, {"source": 1, "prod": 100.74133767781903, "target": 14, "value": 36142.0, "supply": [{"l": "Pigmeat", "v": 17599.0}, {"l": "Bovine Meat", "v": 5788.0}, {"l": "Poultry Meat", "v": 6560.0}, {"l": "Offals, Edible", "v": 2583.0}, {"l": "Meat, Other", "v": 669.0}, {"l": "Mutton & Goat Meat", "v": 2943.0}]}, {"source": 22, "prod": 210.57011045333905, "target": 10, "value": 51260.0, "supply": [{"l": "Honey", "v": 283.0}, {"l": "Sweeteners, Other", "v": 2707.0}, {"l": "Sugar non-centrifugal", "v": 11304.0}, {"l": "Sugar", "v": 36966.0}]}, {"source": 22, "prod": 227.04622957672947, "target": 12, "value": 22297.0, "supply": [{"l": "Olive Oil", "v": 232.0}, {"l": "Ricebran Oil", "v": 370.0}, {"l": "Sesameseed Oil", "v": 458.0}, {"l": "Soyabean Oil", "v": 3424.0}, {"l": "Coconut Oil", "v": 2420.0}, {"l": "Cottonseed Oil", "v": 1227.0}, {"l": "Rape and Mustard Oil", "v": 2891.0}, {"l": "Maize Germ Oil", "v": 213.0}, {"l": "Groundnut Oil", "v": 2084.0}, {"l": "Palm Oil", "v": 6320.0}, {"l": "Palmkernel Oil", "v": 468.0}, {"l": "Oilcrops Oil, Other", "v": 1402.0}, {"l": "Sunflowerseed Oil", "v": 788.0}]}, {"source": 22, "prod": 33.818725605507758, "target": 17, "value": 20513.0, "supply": [{"l": "Beer", "v": 9022.0}, {"l": "Beverages, Alcoholic", "v": 6428.0}, {"l": "Alcohol, Non-Food", "v": 1493.0}, {"l": "Beverages, Fermented", "v": 3239.0}, {"l": "Wine", "v": 331.0}]}, {"source": 22, "prod": 39.356042452401525, "target": 5, "value": 4530.0, "supply": [{"l": "Fats, Animals, Raw", "v": 2804.0}, {"l": "Fish, Body Oil", "v": 317.0}, {"l": "Butter, Ghee", "v": 1393.0}, {"l": "Fish, Liver Oil", "v": 12.0}, {"l": "Cream", "v": 4.0}]}]}