{"nodes": [{"layer": 13, "name": "Milk - Excluding Butter"}, {"layer": 10, "name": "Feed", "fill": "#dbdb8d"}, {"layer": 5, "name": "Oilcrops", "fill": "#ff9896"}, {"layer": 5, "name": "Sugar Crops", "fill": "#ffbb78"}, {"layer": 13, "name": "Animal Fats"}, {"layer": 5, "name": "Starchy Roots"}, {"layer": 13, "name": "Fish, Seafood"}, {"layer": 5, "name": "Cereals - Excluding Beer"}, {"layer": 16, "name": "Food", "fill": "#b5cf6b"}, {"layer": 5, "name": "Treenuts"}, {"layer": 5, "name": "Pulses"}, {"layer": 5, "name": "Vegetables"}, {"layer": 13, "name": "Alcoholic Beverages"}, {"layer": 13, "name": "Sugar & Sweeteners"}, {"layer": 5, "name": "Others"}, {"layer": 13, "name": "Vegetable Oils", "fill": "#f7b6d2"}, {"layer": 5, "name": "Spices"}, {"layer": 5, "name": "Stimulants"}, {"layer": 13, "name": "Eggs"}, {"layer": 5, "name": "Fruits - Excluding Wine"}, {"layer": 13, "name": "Meat"}, {"layer": 10, "name": "Processing", "fill": "#9edae5"}, {"layer": 16, "name": "Biofuels & Other", "fill": "#e7ba52"}, {"name": "Seed", "fill": "#dbdb8d"}, {"name": "Waste", "fill": "#c7c7c7"}, {"layer": 0, "name": "Import", "fill": "#aec7e8"}, {"layer": 16, "name": "Export", "fill": "#aec7e8"}, {"layer": 16, "name": "Stock Deposit", "fill": "#c7c7c7"}, {"layer": 0, "name": "Stock Draw", "fill": "#c7c7c7"}, {"layer": 0, "name": "Production", "fill": "#b5cf6b"}], "links": [{"source": 0, "prod": 0.82593735322200901, "target": 1, "value": 1206.0, "supply": [{"l": "Milk - Excluding Butter", "v": 1206.0}]}, {"source": 2, "prod": 0.67920266536800011, "target": 1, "value": 336.0, "supply": [{"l": "Soyabeans", "v": 336.0}]}, {"source": 3, "prod": 1.2042600449787235, "target": 1, "value": 4000.0, "supply": [{"l": "Sugar cane", "v": 4000.0}]}, {"source": 4, "prod": 0.008332490418873198, "target": 1, "value": 1.0, "supply": [{"l": "Fish, Body Oil", "v": 1.0}]}, {"source": 5, "prod": 13.200139693364489, "target": 1, "value": 13523.0, "supply": [{"l": "Yams", "v": 56.0}, {"l": "Sweet potatoes", "v": 430.0}, {"l": "Cassava", "v": 13037.0}]}, {"source": 6, "prod": 0.17155278920524686, "target": 1, "value": 170.0, "supply": [{"l": "Pelagic Fish", "v": 85.0}, {"l": "Fish, Seafood", "v": 85.0}]}, {"source": 7, "prod": 45.163045078817227, "target": 1, "value": 12431.0, "supply": [{"l": "Maize", "v": 12032.0}, {"l": "Cereals, Other", "v": 18.0}, {"l": "Rye", "v": 3.0}, {"l": "Millet", "v": 2.0}, {"l": "Barley", "v": 5.0}, {"l": "Sorghum", "v": 371.0}]}, {"source": 0, "prod": 6.020576510924279, "target": 8, "value": 8791.0, "supply": [{"l": "Milk - Excluding Butter", "v": 8791.0}]}, {"source": 2, "prod": 0.93889689908868501, "target": 8, "value": 477.0, "supply": [{"l": "Olives", "v": 22.0}, {"l": "Sunflower seed", "v": 2.0}, {"l": "Coconuts - Incl Copra", "v": 267.0}, {"l": "Sesame seed", "v": 2.0}, {"l": "Groundnuts", "v": 17.0}, {"l": "Soyabeans", "v": 167.0}]}, {"source": 9, "prod": 0.19244075518760004, "target": 8, "value": 68.0, "supply": [{"l": "Treenuts", "v": 68.0}]}, {"source": 10, "prod": 7.3665222224848979, "target": 8, "value": 1876.0, "supply": [{"l": "Peas", "v": 9.0}, {"l": "Beans", "v": 1816.0}, {"l": "Pulses, Other", "v": 51.0}]}, {"source": 11, "prod": 0.91509345439611078, "target": 8, "value": 3195.0, "supply": [{"l": "Tomatoes", "v": 1164.0}, {"l": "Vegetables, Other", "v": 1592.0}, {"l": "Onions", "v": 439.0}]}, {"source": 12, "prod": 1.9717759701447843, "target": 8, "value": 2166.0, "supply": [{"l": "Beer", "v": 1604.0}, {"l": "Beverages, Alcoholic", "v": 318.0}, {"l": "Wine", "v": 244.0}]}, {"source": 3, "prod": 0.096340803598297886, "target": 8, "value": 320.0, "supply": [{"l": "Sugar cane", "v": 320.0}]}, {"source": 4, "prod": 2.5603712282707538, "target": 8, "value": 305.0, "supply": [{"l": "Butter, Ghee", "v": 71.0}, {"l": "Fats, Animals, Raw", "v": 234.0}]}, {"source": 5, "prod": 9.7770310807905929, "target": 8, "value": 10245.0, "supply": [{"l": "Yams", "v": 74.0}, {"l": "Potatoes", "v": 1378.0}, {"l": "Sweet potatoes", "v": 439.0}, {"l": "Cassava", "v": 8354.0}]}, {"source": 6, "prod": 1.1120580251423884, "target": 8, "value": 1448.0, "supply": [{"l": "Crustaceans", "v": 75.0}, {"l": "Marine Fish, Other", "v": 41.0}, {"l": "Demersal Fish", "v": 331.0}, {"l": "Freshwater Fish", "v": 159.0}, {"l": "Pelagic Fish", "v": 112.0}, {"l": "Fish, Seafood", "v": 724.0}, {"l": "Cephalopods", "v": 1.0}, {"l": "Molluscs, Other", "v": 5.0}]}, {"source": 13, "prod": 21.839813423356883, "target": 8, "value": 5273.0, "supply": [{"l": "Sugar", "v": 5060.0}, {"l": "Sugar non-centrifugal", "v": 200.0}, {"l": "Sweeteners, Other", "v": 8.0}, {"l": "Honey", "v": 5.0}]}, {"source": 14, "prod": 0.19244075518760004, "target": 8, "value": 68.0, "supply": [{"l": "Nuts", "v": 68.0}]}, {"source": 7, "prod": 45.140702181542032, "target": 8, "value": 12389.0, "supply": [{"l": "Maize", "v": 2592.0}, {"l": "Rye", "v": 4.0}, {"l": "Cereals, Other", "v": 1.0}, {"l": "Rice", "v": 4669.0}, {"l": "Wheat", "v": 5080.0}, {"l": "Oats", "v": 43.0}]}, {"source": 15, "prod": 12.3197756257625, "target": 8, "value": 1196.0, "supply": [{"l": "Ricebran Oil", "v": 4.0}, {"l": "Maize Germ Oil", "v": 42.0}, {"l": "Groundnut Oil", "v": 10.0}, {"l": "Soyabean Oil", "v": 1000.0}, {"l": "Palm Oil", "v": 12.0}, {"l": "Olive Oil", "v": 11.0}, {"l": "Coconut Oil", "v": 1.0}, {"l": "Cottonseed Oil", "v": 116.0}]}, {"source": 16, "prod": 0.054548464062367498, "target": 8, "value": 20.0, "supply": [{"l": "Pepper", "v": 18.0}, {"l": "Spices, Other", "v": 2.0}]}, {"source": 17, "prod": 0.33628414217184477, "target": 8, "value": 535.0, "supply": [{"l": "Cocoa Beans", "v": 29.0}, {"l": "Coffee", "v": 437.0}, {"l": "Tea", "v": 69.0}]}, {"source": 18, "prod": 0.77140212220528515, "target": 8, "value": 502.0, "supply": [{"l": "Eggs", "v": 502.0}]}, {"source": 19, "prod": 5.3109232757701506, "target": 8, "value": 10398.0, "supply": [{"l": "Grapes", "v": 237.0}, {"l": "Lemons, Limes", "v": 141.0}, {"l": "Pineapples", "v": 325.0}, {"l": "Bananas", "v": 3669.0}, {"l": "Fruits, Other", "v": 1656.0}, {"l": "Grapefruit", "v": 28.0}, {"l": "Oranges, Mandarines", "v": 4118.0}, {"l": "Apples", "v": 224.0}]}, {"source": 20, "prod": 6.9547164280226461, "target": 8, "value": 4015.0, "supply": [{"l": "Mutton & Goat Meat", "v": 55.0}, {"l": "Pigmeat", "v": 811.0}, {"l": "Poultry Meat", "v": 684.0}, {"l": "Meat, Other", "v": 12.0}, {"l": "Offals, Edible", "v": 180.0}, {"l": "Bovine Meat", "v": 2273.0}]}, {"source": 7, "prod": 1.2164760327607027, "target": 21, "value": 363.0, "supply": [{"l": "Maize", "v": 10.0}, {"l": "Barley", "v": 353.0}]}, {"source": 3, "prod": 26.519913645510204, "target": 21, "value": 88087.0, "supply": [{"l": "Sugar cane", "v": 88087.0}]}, {"source": 2, "prod": 20.728141598725962, "target": 21, "value": 9800.454545454546, "supply": [{"l": "Sunflower seed", "v": 1.0}, {"l": "Coconuts - Incl Copra", "v": 10.0}, {"l": "Soyabeans", "v": 8162.0}, {"l": "Cottonseed", "v": 860.0}, {"l": "Groundnuts", "v": 172.0}, {"l": "Palm kernels", "v": 210.0}, {"l": "Oilcrops, Other", "v": 320.0}, {"l": "Oil Palm", "v": 65.454545454545467}]}, {"source": 19, "prod": 0.35260042675802872, "target": 21, "value": 481.0, "supply": [{"l": "Pineapples", "v": 104.0}, {"l": "Grapes", "v": 377.0}]}, {"source": 2, "prod": 0.20639930620518801, "target": 22, "value": 97.0, "supply": [{"l": "Cottonseed", "v": 58.0}, {"l": "Oilcrops, Other", "v": 3.0}, {"l": "Palm kernels", "v": 36.0}]}, {"source": 3, "prod": 7.3288255687292665, "target": 22, "value": 24343.0, "supply": [{"l": "Sugar cane", "v": 24343.0}]}, {"source": 4, "prod": 2.1205373812022468, "target": 22, "value": 251.0, "supply": [{"l": "Fats, Animals, Raw", "v": 250.0}, {"l": "Fish, Body Oil", "v": 1.0}]}, {"source": 5, "prod": 1.8863255879546699, "target": 22, "value": 1936.0, "supply": [{"l": "Cassava", "v": 1936.0}]}, {"source": 12, "prod": 1.9515230071213117, "target": 22, "value": 2471.0, "supply": [{"l": "Alcohol, Non-Food", "v": 2471.0}]}, {"source": 15, "prod": 2.2455167730143892, "target": 22, "value": 195.0, "supply": [{"l": "Soyabean Oil", "v": 22.0}, {"l": "Palmkernel Oil", "v": 129.0}, {"l": "Oilcrops Oil, Other", "v": 44.0}]}, {"source": 20, "prod": 0.33759989983975253, "target": 22, "value": 246.0, "supply": [{"l": "Pigmeat", "v": 10.0}, {"l": "Offals, Edible", "v": 236.0}]}, {"source": 2, "prod": 1.1023637996466158, "target": 23, "value": 522.0, "supply": [{"l": "Soyabeans", "v": 311.0}, {"l": "Cottonseed", "v": 198.0}, {"l": "Groundnuts", "v": 7.0}, {"l": "Oilcrops, Other", "v": 6.0}]}, {"source": 11, "prod": 0.0010892416230064148, "target": 23, "value": 4.0, "supply": [{"l": "Vegetables, Other", "v": 4.0}]}, {"source": 5, "prod": 0.41386401418053881, "target": 23, "value": 487.0, "supply": [{"l": "Potatoes", "v": 380.0}, {"l": "Yams", "v": 9.0}, {"l": "Sweet potatoes", "v": 98.0}]}, {"source": 10, "prod": 0.78257496359494316, "target": 23, "value": 200.0, "supply": [{"l": "Beans", "v": 185.0}, {"l": "Pulses, Other", "v": 15.0}]}, {"source": 7, "prod": 3.0318449135072703, "target": 23, "value": 823.0, "supply": [{"l": "Maize", "v": 278.0}, {"l": "Wheat", "v": 239.0}, {"l": "Oats", "v": 6.0}, {"l": "Rye", "v": 1.0}, {"l": "Barley", "v": 9.0}, {"l": "Rice", "v": 285.0}, {"l": "Sorghum", "v": 2.0}, {"l": "Cereals, Other", "v": 3.0}]}, {"source": 18, "prod": 0.066076277400054298, "target": 18, "value": 43.0, "supply": [{"l": "Eggs", "v": 43.0}]}, {"source": 0, "prod": 0.34105870804689919, "target": 24, "value": 498.0, "supply": [{"l": "Milk - Excluding Butter", "v": 498.0}]}, {"source": 2, "prod": 0.1113392739103656, "target": 24, "value": 53.0, "supply": [{"l": "Palm kernels", "v": 8.0}, {"l": "Coconuts - Incl Copra", "v": 31.0}, {"l": "Groundnuts", "v": 4.0}, {"l": "Oilcrops, Other", "v": 10.0}]}, {"source": 11, "prod": 0.10823344679391478, "target": 24, "value": 379.0, "supply": [{"l": "Tomatoes", "v": 130.0}, {"l": "Vegetables, Other", "v": 200.0}, {"l": "Onions", "v": 49.0}]}, {"source": 12, "prod": 0.0039488527056279069, "target": 24, "value": 5.0, "supply": [{"l": "Wine", "v": 5.0}]}, {"source": 3, "prod": 1.0034496824785215, "target": 24, "value": 3333.0, "supply": [{"l": "Sugar cane", "v": 3333.0}]}, {"source": 5, "prod": 2.7798651947145667, "target": 24, "value": 2872.0, "supply": [{"l": "Potatoes", "v": 153.0}, {"l": "Yams", "v": 19.0}, {"l": "Sweet potatoes", "v": 107.0}, {"l": "Cassava", "v": 2593.0}]}, {"source": 10, "prod": 0.28616402949887731, "target": 24, "value": 73.0, "supply": [{"l": "Beans", "v": 71.0}, {"l": "Pulses, Other", "v": 2.0}]}, {"source": 19, "prod": 1.0815088500250667, "target": 24, "value": 2141.0, "supply": [{"l": "Grapes", "v": 67.0}, {"l": "Pineapples", "v": 110.0}, {"l": "Fruits, Other", "v": 459.0}, {"l": "Grapefruit", "v": 5.0}, {"l": "Lemons, Limes", "v": 25.0}, {"l": "Bananas", "v": 667.0}, {"l": "Apples", "v": 25.0}, {"l": "Oranges, Mandarines", "v": 783.0}]}, {"source": 7, "prod": 10.919282099341617, "target": 24, "value": 2915.0, "supply": [{"l": "Maize", "v": 1926.0}, {"l": "Oats", "v": 2.0}, {"l": "Barley", "v": 3.0}, {"l": "Rice", "v": 703.0}, {"l": "Sorghum", "v": 9.0}, {"l": "Cereals, Other", "v": 1.0}, {"l": "Wheat", "v": 271.0}]}, {"source": 16, "prod": 0.0053062708231875, "target": 24, "value": 2.0, "supply": [{"l": "Pepper", "v": 2.0}]}, {"source": 17, "prod": 0.023071906429193566, "target": 24, "value": 17.0, "supply": [{"l": "Cocoa Beans", "v": 12.0}, {"l": "Tea", "v": 5.0}]}, {"source": 18, "prod": 0.026123179437230769, "target": 24, "value": 17.0, "supply": [{"l": "Eggs", "v": 17.0}]}, {"source": 25, "prod": 0.0209722999599, "target": 14, "value": 8.0, "supply": [{"l": "Nuts", "v": 7.0}, {"l": "Infant food", "v": 1.0}]}, {"source": 25, "prod": 0.56116631438557285, "target": 1, "value": 788.0, "supply": [{"l": "Milk - Excluding Butter", "v": 542.0}, {"l": "Fish, Seafood", "v": 109.0}, {"l": "Pelagic Fish", "v": 5.0}, {"l": "Bovine Meat", "v": 27.0}, {"l": "Offals, Edible", "v": 2.0}, {"l": "Demersal Fish", "v": 103.0}]}, {"source": 25, "prod": 9.0547445683792542, "target": 7, "value": 2955.0, "supply": [{"l": "Maize", "v": 1.0}, {"l": "Oats", "v": 32.0}, {"l": "Cereals, Other", "v": 19.0}, {"l": "Wheat", "v": 2626.0}, {"l": "Millet", "v": 2.0}, {"l": "Barley", "v": 275.0}]}, {"source": 25, "prod": 0.39217992518097577, "target": 10, "value": 97.0, "supply": [{"l": "Beans", "v": 82.0}, {"l": "Peas", "v": 9.0}, {"l": "Pulses, Other", "v": 6.0}]}, {"source": 25, "prod": 0.37585989554500576, "target": 21, "value": 60.0, "supply": [{"l": "Olive Oil", "v": 11.0}, {"l": "Beer", "v": 8.0}, {"l": "Oilcrops Oil, Other", "v": 5.0}, {"l": "Butter, Ghee", "v": 2.0}, {"l": "Wine", "v": 7.0}, {"l": "Sweeteners, Other", "v": 3.0}, {"l": "Fats, Animals, Raw", "v": 19.0}, {"l": "Honey", "v": 1.0}, {"l": "Palmkernel Oil", "v": 1.0}, {"l": "Beverages, Alcoholic", "v": 3.0}]}, {"source": 25, "prod": 0.019810077739900001, "target": 9, "value": 7.0, "supply": [{"l": "Treenuts", "v": 7.0}]}, {"source": 25, "prod": 0.014744042553911393, "target": 11, "value": 56.0, "supply": [{"l": "Tomatoes", "v": 21.0}, {"l": "Vegetables, Other", "v": 35.0}]}, {"source": 25, "prod": 0.0027565043237337667, "target": 17, "value": 5.0, "supply": [{"l": "Coffee", "v": 5.0}]}, {"source": 25, "prod": 0.20353220422279467, "target": 19, "value": 342.0, "supply": [{"l": "Apples", "v": 203.0}, {"l": "Fruits, Other", "v": 117.0}, {"l": "Grapes", "v": 22.0}]}, {"source": 25, "prod": 0.072452539961718049, "target": 2, "value": 33.0, "supply": [{"l": "Olives", "v": 21.0}, {"l": "Oilcrops, Other", "v": 12.0}]}, {"source": 25, "prod": 0.0067920266536800004, "target": 16, "value": 2.0, "supply": [{"l": "Spices, Other", "v": 2.0}]}, {"source": 25, "prod": 0.012053751005759259, "target": 5, "value": 15.0, "supply": [{"l": "Potatoes", "v": 15.0}]}, {"source": 20, "prod": 0.45925291099991794, "target": 26, "value": 286.0, "supply": [{"l": "Meat, Other", "v": 30.0}, {"l": "Mutton & Goat Meat", "v": 2.0}, {"l": "Pigmeat", "v": 13.0}, {"l": "Bovine Meat", "v": 200.0}, {"l": "Poultry Meat", "v": 33.0}, {"l": "Offals, Edible", "v": 8.0}]}, {"source": 9, "prod": 0.15282059970780001, "target": 26, "value": 54.0, "supply": [{"l": "Treenuts", "v": 54.0}]}, {"source": 11, "prod": 0.0092015791687500969, "target": 26, "value": 36.0, "supply": [{"l": "Vegetables, Other", "v": 11.0}, {"l": "Tomatoes", "v": 25.0}]}, {"source": 14, "prod": 0.15398282192780002, "target": 26, "value": 55.0, "supply": [{"l": "Nuts", "v": 54.0}, {"l": "Infant food", "v": 1.0}]}, {"source": 5, "prod": 0.012355735236877363, "target": 26, "value": 12.0, "supply": [{"l": "Yams", "v": 2.0}, {"l": "Cassava", "v": 10.0}]}, {"source": 6, "prod": 0.046019733348164713, "target": 26, "value": 62.0, "supply": [{"l": "Crustaceans", "v": 6.0}, {"l": "Fish, Seafood", "v": 31.0}, {"l": "Pelagic Fish", "v": 7.0}, {"l": "Demersal Fish", "v": 18.0}]}, {"source": 13, "prod": 10.462398316942883, "target": 26, "value": 2526.0, "supply": [{"l": "Sugar", "v": 2523.0}, {"l": "Honey", "v": 1.0}, {"l": "Sweeteners, Other", "v": 2.0}]}, {"source": 12, "prod": 0.019843809233655248, "target": 26, "value": 10.0, "supply": [{"l": "Beer", "v": 4.0}, {"l": "Beverages, Alcoholic", "v": 5.0}, {"l": "Wine", "v": 1.0}]}, {"source": 7, "prod": 7.1879510592501283, "target": 26, "value": 1914.0, "supply": [{"l": "Maize", "v": 1420.0}, {"l": "Rice", "v": 400.0}, {"l": "Cereals, Other", "v": 18.0}, {"l": "Wheat", "v": 2.0}, {"l": "Oats", "v": 20.0}, {"l": "Sorghum", "v": 54.0}]}, {"source": 15, "prod": 7.2205707334387821, "target": 26, "value": 704.0, "supply": [{"l": "Groundnut Oil", "v": 50.0}, {"l": "Soyabean Oil", "v": 502.0}, {"l": "Oilcrops Oil, Other", "v": 126.0}, {"l": "Cottonseed Oil", "v": 22.0}, {"l": "Palmkernel Oil", "v": 4.0}]}, {"source": 16, "prod": 0.051152450735527502, "target": 26, "value": 19.0, "supply": [{"l": "Pepper", "v": 18.0}, {"l": "Spices, Other", "v": 1.0}]}, {"source": 17, "prod": 0.67850189453361831, "target": 26, "value": 835.0, "supply": [{"l": "Cocoa Beans", "v": 198.0}, {"l": "Coffee", "v": 609.0}, {"l": "Tea", "v": 28.0}]}, {"source": 19, "prod": 0.94670566624243191, "target": 26, "value": 2840.0, "supply": [{"l": "Fruits, Other", "v": 10.0}, {"l": "Pineapples", "v": 10.0}, {"l": "Bananas", "v": 112.0}, {"l": "Oranges, Mandarines", "v": 2708.0}]}, {"source": 2, "prod": 5.3638924026930308, "target": 26, "value": 2612.0, "supply": [{"l": "Groundnuts", "v": 23.0}, {"l": "Oilcrops, Other", "v": 2.0}, {"l": "Soyabeans", "v": 2587.0}]}, {"source": 12, "prod": 0.015795410822511628, "target": 27, "value": 20.0, "supply": [{"l": "Wine", "v": 20.0}]}, {"source": 15, "prod": 0.066033592466333349, "target": 27, "value": 7.0, "supply": [{"l": "Groundnut Oil", "v": 7.0}]}, {"source": 10, "prod": 1.1772563375366645, "target": 27, "value": 300.0, "supply": [{"l": "Beans", "v": 300.0}]}, {"source": 28, "prod": 0.035834556208538967, "target": 17, "value": 65.0, "supply": [{"l": "Coffee", "v": 65.0}]}, {"source": 7, "prod": 3.6428339101392293, "target": 27, "value": 1000.0, "supply": [{"l": "Maize", "v": 1000.0}]}, {"source": 28, "prod": 0.14894795293157898, "target": 2, "value": 70.0, "supply": [{"l": "Oilcrops, Other", "v": 70.0}]}, {"source": 2, "prod": 2.1331474687701131, "target": 27, "value": 1050.0, "supply": [{"l": "Cottonseed", "v": 100.0}, {"l": "Soyabeans", "v": 950.0}]}, {"source": 17, "prod": 0.016326987148269231, "target": 27, "value": 10.0, "supply": [{"l": "Cocoa Beans", "v": 10.0}]}, {"source": 13, "prod": 4.8731553903459801, "target": 27, "value": 1177.0, "supply": [{"l": "Sugar", "v": 1177.0}]}, {"source": 28, "prod": 2.9930401873033863, "target": 7, "value": 959.0, "supply": [{"l": "Wheat", "v": 900.0}, {"l": "Rice", "v": 59.0}]}, {"source": 29, "prod": 0.32545127715550004, "target": 9, "value": 115.0, "supply": [{"l": "Treenuts", "v": 115.0}]}, {"source": 29, "prod": 9.2203376279344074, "target": 10, "value": 2352.0, "supply": [{"l": "Beans", "v": 2290.0}, {"l": "Pulses, Other", "v": 62.0}]}, {"source": 29, "prod": 1.0186013690221192, "target": 11, "value": 3557.0, "supply": [{"l": "Tomatoes", "v": 1298.0}, {"l": "Vegetables, Other", "v": 1771.0}, {"l": "Onions", "v": 488.0}]}, {"source": 29, "prod": 36.152488680283774, "target": 3, "value": 120082.0, "supply": [{"l": "Sugar cane", "v": 120082.0}]}, {"source": 29, "prod": 28.05655321350666, "target": 5, "value": 29059.0, "supply": [{"l": "Yams", "v": 160.0}, {"l": "Potatoes", "v": 1896.0}, {"l": "Sweet potatoes", "v": 1074.0}, {"l": "Cassava", "v": 25929.0}]}, {"source": 29, "prod": 0.32545127715550004, "target": 14, "value": 115.0, "supply": [{"l": "Nuts", "v": 115.0}]}, {"source": 29, "prod": 104.24720735861248, "target": 7, "value": 27918.0, "supply": [{"l": "Maize", "v": 19256.0}, {"l": "Rye", "v": 8.0}, {"l": "Barley", "v": 95.0}, {"l": "Cereals, Other", "v": 22.0}, {"l": "Rice", "v": 5999.0}, {"l": "Wheat", "v": 2066.0}, {"l": "Oats", "v": 37.0}, {"l": "Sorghum", "v": 435.0}]}, {"source": 29, "prod": 0.1008191456405625, "target": 16, "value": 38.0, "supply": [{"l": "Pepper", "v": 38.0}]}, {"source": 29, "prod": 1.0166752676007331, "target": 17, "value": 1327.0, "supply": [{"l": "Cocoa Beans", "v": 250.0}, {"l": "Coffee", "v": 975.0}, {"l": "Tea", "v": 102.0}]}, {"source": 29, "prod": 7.4885731764848291, "target": 19, "value": 15518.0, "supply": [{"l": "Apples", "v": 46.0}, {"l": "Grapes", "v": 660.0}, {"l": "Lemons, Limes", "v": 166.0}, {"l": "Pineapples", "v": 548.0}, {"l": "Bananas", "v": 4448.0}, {"l": "Fruits, Other", "v": 2008.0}, {"l": "Grapefruit", "v": 33.0}, {"l": "Oranges, Mandarines", "v": 7609.0}]}, {"source": 29, "prod": 31.056624414741972, "target": 2, "value": 14845.454545454546, "supply": [{"l": "Olives", "v": 1.0}, {"l": "Sunflower seed", "v": 3.0}, {"l": "Coconuts - Incl Copra", "v": 307.0}, {"l": "Sesame seed", "v": 3.0}, {"l": "Cottonseed", "v": 1216.0}, {"l": "Groundnuts", "v": 225.0}, {"l": "Oilcrops, Other", "v": 259.0}, {"l": "Soyabeans", "v": 12513.0}, {"l": "Palm kernels", "v": 253.0}, {"l": "Oil Palm", "v": 65.454545454545467}]}, {"source": 1, "prod": 7.1875725721931865, "target": 0, "value": 10495.0, "supply": [{"l": "Milk - Excluding Butter", "v": 10495.0}]}, {"source": 1, "prod": 0.79752530164251589, "target": 18, "value": 519.0, "supply": [{"l": "Eggs", "v": 562.0}]}, {"source": 1, "prod": 7.7515692388623165, "target": 20, "value": 4547.0, "supply": [{"l": "Pigmeat", "v": 834.0}, {"l": "Bovine Meat", "v": 2473.0}, {"l": "Poultry Meat", "v": 717.0}, {"l": "Offals, Edible", "v": 424.0}, {"l": "Meat, Other", "v": 42.0}, {"l": "Mutton & Goat Meat", "v": 57.0}]}, {"source": 1, "prod": 1.3296305476957999, "target": 6, "value": 1680.0, "supply": [{"l": "Pelagic Fish", "v": 204.0}, {"l": "Crustaceans", "v": 81.0}, {"l": "Freshwater Fish", "v": 159.0}, {"l": "Molluscs, Other", "v": 5.0}, {"l": "Demersal Fish", "v": 349.0}, {"l": "Fish, Seafood", "v": 840.0}, {"l": "Marine Fish, Other", "v": 41.0}, {"l": "Cephalopods", "v": 1.0}]}, {"source": 21, "prod": 37.175367130645746, "target": 13, "value": 8976.0, "supply": [{"l": "Honey", "v": 6.0}, {"l": "Sweeteners, Other", "v": 10.0}, {"l": "Sugar non-centrifugal", "v": 200.0}, {"l": "Sugar", "v": 8760.0}]}, {"source": 21, "prod": 21.851896724682003, "target": 15, "value": 2102.0, "supply": [{"l": "Olive Oil", "v": 11.0}, {"l": "Ricebran Oil", "v": 4.0}, {"l": "Soyabean Oil", "v": 1524.0}, {"l": "Coconut Oil", "v": 1.0}, {"l": "Cottonseed Oil", "v": 138.0}, {"l": "Maize Germ Oil", "v": 42.0}, {"l": "Groundnut Oil", "v": 67.0}, {"l": "Palm Oil", "v": 12.0}, {"l": "Palmkernel Oil", "v": 133.0}, {"l": "Oilcrops Oil, Other", "v": 170.0}]}, {"source": 21, "prod": 3.9628870500278905, "target": 12, "value": 4672.0, "supply": [{"l": "Beer", "v": 1608.0}, {"l": "Beverages, Alcoholic", "v": 323.0}, {"l": "Alcohol, Non-Food", "v": 2471.0}, {"l": "Wine", "v": 270.0}]}, {"source": 21, "prod": 4.6892410998918734, "target": 4, "value": 557.0, "supply": [{"l": "Fats, Animals, Raw", "v": 484.0}, {"l": "Fish, Body Oil", "v": 2.0}, {"l": "Butter, Ghee", "v": 71.0}]}]}