{"nodes": [{"layer": 5, "name": "Maize"}, {"layer": 10, "name": "Feed", "fill": "#dbdb8d"}, {"layer": 5, "name": "Cassava"}, {"layer": 13, "name": "Pelagic Fish"}, {"layer": 5, "name": "Cereals, Other"}, {"layer": 5, "name": "Soyabeans"}, {"layer": 5, "name": "Rye"}, {"layer": 13, "name": "Fish, Body Oil"}, {"layer": 5, "name": "Yams"}, {"layer": 5, "name": "Millet"}, {"layer": 13, "name": "Milk - Excluding Butter"}, {"layer": 5, "name": "Sweet potatoes"}, {"layer": 13, "name": "Fish, Liver Oil"}, {"layer": 13, "name": "Fish, Seafood"}, {"layer": 5, "name": "Sugar cane"}, {"layer": 5, "name": "Sorghum"}, {"layer": 5, "name": "Barley"}, {"layer": 16, "name": "Food", "fill": "#b5cf6b"}, {"layer": 5, "name": "Olives"}, {"layer": 5, "name": "Nuts"}, {"layer": 13, "name": "Ricebran Oil"}, {"layer": 13, "name": "Sugar", "fill": "#d6616b"}, {"layer": 13, "name": "Maize Germ Oil"}, {"layer": 13, "name": "Beer"}, {"layer": 13, "name": "Groundnut Oil"}, {"layer": 13, "name": "Beverages, Alcoholic"}, {"layer": 5, "name": "Apples"}, {"layer": 13, "name": "Honey"}, {"layer": 5, "name": "Rice"}, {"layer": 13, "name": "Butter, Ghee"}, {"layer": 5, "name": "Tomatoes"}, {"layer": 5, "name": "Sunflower seed"}, {"layer": 5, "name": "Coffee"}, {"layer": 13, "name": "Sugar non-centrifugal"}, {"layer": 5, "name": "Wheat"}, {"layer": 13, "name": "Fats, Animals, Raw"}, {"layer": 13, "name": "Soyabean Oil"}, {"layer": 5, "name": "Coconuts - Incl Copra"}, {"layer": 5, "name": "Treenuts"}, {"layer": 13, "name": "Crustaceans"}, {"layer": 13, "name": "Eggs"}, {"layer": 5, "name": "Vegetables, Other"}, {"layer": 5, "name": "Peas"}, {"layer": 5, "name": "Sesame seed"}, {"layer": 13, "name": "Coconut Oil"}, {"layer": 13, "name": "Marine Fish, Other"}, {"layer": 5, "name": "Grapes"}, {"layer": 5, "name": "Groundnuts"}, {"layer": 13, "name": "Palm Oil"}, {"layer": 13, "name": "Wine"}, {"layer": 13, "name": "Sunflowerseed Oil"}, {"layer": 5, "name": "Oats"}, {"layer": 13, "name": "Olive Oil"}, {"layer": 13, "name": "Pigmeat"}, {"layer": 5, "name": "Cocoa Beans"}, {"layer": 5, "name": "Potatoes"}, {"layer": 13, "name": "Freshwater Fish"}, {"layer": 5, "name": "Pepper"}, {"layer": 5, "name": "Grapefruit"}, {"layer": 5, "name": "Pineapples"}, {"layer": 5, "name": "Beans"}, {"layer": 5, "name": "Pulses, Other"}, {"layer": 13, "name": "Meat, Other"}, {"layer": 5, "name": "Lemons, Limes"}, {"layer": 13, "name": "Cephalopods"}, {"layer": 13, "name": "Mutton & Goat Meat"}, {"layer": 13, "name": "Sweeteners, Other"}, {"layer": 5, "name": "Bananas"}, {"layer": 5, "name": "Spices, Other"}, {"layer": 5, "name": "Tea"}, {"layer": 5, "name": "Fruits, Other"}, {"layer": 13, "name": "Molluscs, Other"}, {"layer": 13, "name": "Poultry Meat"}, {"layer": 13, "name": "Offals, Edible"}, {"layer": 13, "name": "Demersal Fish"}, {"layer": 5, "name": "Oranges, Mandarines"}, {"layer": 13, "name": "Bovine Meat"}, {"layer": 13, "name": "Cottonseed Oil"}, {"layer": 5, "name": "Onions"}, {"layer": 10, "name": "Processing", "fill": "#9edae5"}, {"layer": 5, "name": "Oilcrops, Other"}, {"layer": 5, "name": "Cottonseed"}, {"layer": 5, "name": "Rape and Mustardseed"}, {"layer": 13, "name": "Oilcrops Oil, Other"}, {"layer": 5, "name": "Palm kernels"}, {"layer": 16, "name": "Biofuels & Other", "fill": "#e7ba52"}, {"layer": 13, "name": "Alcohol, Non-Food"}, {"layer": 13, "name": "Rape and Mustard Oil"}, {"layer": 13, "name": "Palmkernel Oil"}, {"name": "Waste", "fill": "#c7c7c7"}, {"layer": 2, "name": "Import", "fill": "#aec7e8"}, {"layer": 16, "name": "Export", "fill": "#aec7e8"}, {"layer": 5, "name": "Infant food"}, {"layer": 16, "name": "Stock Deposit", "fill": "#c7c7c7"}, {"layer": 0, "name": "Stock Draw", "fill": "#c7c7c7"}, {"layer": 5, "name": "Oil Palm"}, {"layer": 2, "name": "Electricity", "fill": "#bcbd22"}, {"layer": 0, "name": "Fossil Fuels", "fill": "#c49c94"}, {"layer": 0, "name": "Renewables & Nuclear", "fill": "#2ca02c"}, {"layer": 2, "name": "Fertilizers", "fill": "#c5b0d5"}, {"layer": 0, "name": "Labor", "fill": "#7f7f7f"}], "links": [{"source": 0, "prod": 13455.0, "target": 1, "value": 48.826385730328269, "supply": [{"l": "Maize", "v": 48.826385730328269}]}, {"source": 2, "prod": 12547.0, "target": 1, "value": 12.303262272430764, "supply": [{"l": "Cassava", "v": 12.303262272430764}]}, {"source": 3, "prod": 53.0, "target": 1, "value": 0.067664927188917298, "supply": [{"l": "Pelagic Fish", "v": 0.067664927188917298}]}, {"source": 4, "prod": 31.0, "target": 1, "value": 0.1042340724079604, "supply": [{"l": "Cereals, Other", "v": 0.1042340724079604}]}, {"source": 5, "prod": 343.0, "target": 1, "value": 0.75638478643254559, "supply": [{"l": "Soyabeans", "v": 0.75638478643254559}]}, {"source": 6, "prod": 5.0, "target": 1, "value": 0.015476623234296875, "supply": [{"l": "Rye", "v": 0.015476623234296875}]}, {"source": 7, "prod": 2.0, "target": 1, "value": 0.01661231313726811, "supply": [{"l": "Fish, Body Oil", "v": 0.01661231313726811}]}, {"source": 8, "prod": 61.0, "target": 1, "value": 0.079675697283553865, "supply": [{"l": "Yams", "v": 0.079675697283553865}]}, {"source": 9, "prod": 6.0, "target": 1, "value": 0.020019789521592515, "supply": [{"l": "Millet", "v": 0.020019789521592515}]}, {"source": 10, "prod": 1594.0, "target": 1, "value": 1.09788811092256, "supply": [{"l": "Milk - Excluding Butter", "v": 1.09788811092256}]}, {"source": 11, "prod": 328.0, "target": 1, "value": 0.35571380467265695, "supply": [{"l": "Sweet potatoes", "v": 0.35571380467265695}]}, {"source": 12, "prod": 1.0, "target": 1, "value": 0.0083061565686340551, "supply": [{"l": "Fish, Liver Oil", "v": 0.0083061565686340551}]}, {"source": 13, "prod": 53.0, "target": 1, "value": 0.039847635936525204, "supply": [{"l": "Fish, Seafood", "v": 0.039847635936525204}]}, {"source": 14, "prod": 9000.0, "target": 1, "value": 3.4111741006205363, "supply": [{"l": "Sugar cane", "v": 3.4111741006205363}]}, {"source": 15, "prod": 119.0, "target": 1, "value": 0.39705915884491821, "supply": [{"l": "Sorghum", "v": 0.39705915884491821}]}, {"source": 16, "prod": 5.0, "target": 1, "value": 0.016683157934660429, "supply": [{"l": "Barley", "v": 0.016683157934660429}]}, {"source": 0, "prod": 2671.0, "target": 17, "value": 9.692699835429714, "supply": [{"l": "Maize", "v": 9.692699835429714}]}, {"source": 18, "prod": 31.0, "target": 17, "value": 0.050613660159634616, "supply": [{"l": "Olives", "v": 0.050613660159634616}]}, {"source": 6, "prod": 3.0, "target": 17, "value": 0.0092859739405781253, "supply": [{"l": "Rye", "v": 0.0092859739405781253}]}, {"source": 19, "prod": 43.0, "target": 17, "value": 0.098667954766297292, "supply": [{"l": "Nuts", "v": 0.098667954766297292}]}, {"source": 20, "prod": 4.0, "target": 17, "value": 0.056600222114000003, "supply": [{"l": "Ricebran Oil", "v": 0.056600222114000003}]}, {"source": 8, "prod": 77.0, "target": 17, "value": 0.10057424083333848, "supply": [{"l": "Yams", "v": 0.10057424083333848}]}, {"source": 21, "prod": 6009.0, "target": 17, "value": 24.887382574519865, "supply": [{"l": "Sugar", "v": 24.887382574519865}]}, {"source": 22, "prod": 43.0, "target": 17, "value": 0.45633929079412505, "supply": [{"l": "Maize Germ Oil", "v": 0.45633929079412505}]}, {"source": 23, "prod": 2245.0, "target": 17, "value": 0.95906348289433396, "supply": [{"l": "Beer", "v": 0.95906348289433396}]}, {"source": 24, "prod": 10.0, "target": 17, "value": 0.094333703523333354, "supply": [{"l": "Groundnut Oil", "v": 0.094333703523333354}]}, {"source": 25, "prod": 338.0, "target": 17, "value": 1.157921386090095, "supply": [{"l": "Beverages, Alcoholic", "v": 1.157921386090095}]}, {"source": 26, "prod": 227.0, "target": 17, "value": 0.15135373531269894, "supply": [{"l": "Apples", "v": 0.15135373531269894}]}, {"source": 27, "prod": 6.0, "target": 17, "value": 0.025470099951300004, "supply": [{"l": "Honey", "v": 0.025470099951300004}]}, {"source": 28, "prod": 4832.0, "target": 17, "value": 20.850167767828989, "supply": [{"l": "Rice", "v": 20.850167767828989}]}, {"source": 29, "prod": 93.0, "target": 17, "value": 0.75920490239451921, "supply": [{"l": "Butter, Ghee", "v": 0.75920490239451921}]}, {"source": 30, "prod": 1332.0, "target": 17, "value": 0.30291226013510358, "supply": [{"l": "Tomatoes", "v": 0.30291226013510358}]}, {"source": 31, "prod": 13.0, "target": 17, "value": 0.050168378691954549, "supply": [{"l": "Sunflower seed", "v": 0.050168378691954549}]}, {"source": 4, "prod": 5.0, "target": 17, "value": 0.01681194716257426, "supply": [{"l": "Cereals, Other", "v": 0.01681194716257426}]}, {"source": 32, "prod": 412.0, "target": 17, "value": 0.20160770758761962, "supply": [{"l": "Coffee", "v": 0.20160770758761962}]}, {"source": 33, "prod": 200.0, "target": 17, "value": 0.80857460162857153, "supply": [{"l": "Sugar non-centrifugal", "v": 0.80857460162857153}]}, {"source": 34, "prod": 6185.0, "target": 17, "value": 18.829599416185623, "supply": [{"l": "Wheat", "v": 18.829599416185623}]}, {"source": 35, "prod": 245.0, "target": 17, "value": 2.0699607929677062, "supply": [{"l": "Fats, Animals, Raw", "v": 2.0699607929677062}]}, {"source": 36, "prod": 1199.0, "target": 17, "value": 12.370980838614635, "supply": [{"l": "Soyabean Oil", "v": 12.370980838614635}]}, {"source": 37, "prod": 277.0, "target": 17, "value": 0.45419856350923399, "supply": [{"l": "Coconuts - Incl Copra", "v": 0.45419856350923399}]}, {"source": 38, "prod": 43.0, "target": 17, "value": 0.098667954766297292, "supply": [{"l": "Treenuts", "v": 0.098667954766297292}]}, {"source": 39, "prod": 97.0, "target": 17, "value": 0.050835384676462966, "supply": [{"l": "Crustaceans", "v": 0.050835384676462966}]}, {"source": 40, "prod": 653.0, "target": 17, "value": 1.0098345639465029, "supply": [{"l": "Eggs", "v": 1.0098345639465029}]}, {"source": 41, "prod": 1660.0, "target": 17, "value": 0.45430192606545133, "supply": [{"l": "Vegetables, Other", "v": 0.45430192606545133}]}, {"source": 42, "prod": 16.0, "target": 17, "value": 0.052246358874461538, "supply": [{"l": "Peas", "v": 0.052246358874461538}]}, {"source": 43, "prod": 3.0, "target": 17, "value": 0.025470099951300004, "supply": [{"l": "Sesame seed", "v": 0.025470099951300004}]}, {"source": 44, "prod": 1.0, "target": 17, "value": 0.010915757121985717, "supply": [{"l": "Coconut Oil", "v": 0.010915757121985717}]}, {"source": 45, "prod": 103.0, "target": 17, "value": 0.10168295716991863, "supply": [{"l": "Marine Fish, Other", "v": 0.10168295716991863}]}, {"source": 46, "prod": 246.0, "target": 17, "value": 0.20179209623252173, "supply": [{"l": "Grapes", "v": 0.20179209623252173}]}, {"source": 47, "prod": 40.0, "target": 17, "value": 0.25727373688181826, "supply": [{"l": "Groundnuts", "v": 0.25727373688181826}]}, {"source": 48, "prod": 18.0, "target": 17, "value": 0.20376079961040003, "supply": [{"l": "Palm Oil", "v": 0.20376079961040003}]}, {"source": 49, "prod": 274.0, "target": 17, "value": 0.20140858258748054, "supply": [{"l": "Wine", "v": 0.20140858258748054}]}, {"source": 50, "prod": 5.0, "target": 17, "value": 0.053062708231874998, "supply": [{"l": "Sunflowerseed Oil", "v": 0.053062708231874998}]}, {"source": 51, "prod": 92.0, "target": 17, "value": 0.20287871822680523, "supply": [{"l": "Oats", "v": 0.20287871822680523}]}, {"source": 52, "prod": 13.0, "target": 17, "value": 0.15050513607586366, "supply": [{"l": "Olive Oil", "v": 0.15050513607586366}]}, {"source": 53, "prod": 888.0, "target": 17, "value": 2.0689767939021206, "supply": [{"l": "Pigmeat", "v": 2.0689767939021206}]}, {"source": 54, "prod": 34.0, "target": 17, "value": 0.051546630853821433, "supply": [{"l": "Cocoa Beans", "v": 0.051546630853821433}]}, {"source": 5, "prod": 183.0, "target": 17, "value": 0.40355223299462339, "supply": [{"l": "Soyabeans", "v": 0.40355223299462339}]}, {"source": 55, "prod": 1660.0, "target": 17, "value": 1.3124277864113036, "supply": [{"l": "Potatoes", "v": 1.3124277864113036}]}, {"source": 56, "prod": 120.0, "target": 17, "value": 0.10087168297544556, "supply": [{"l": "Freshwater Fish", "v": 0.10087168297544556}]}, {"source": 57, "prod": 10.0, "target": 17, "value": 0.047166851761666677, "supply": [{"l": "Pepper", "v": 0.047166851761666677}]}, {"source": 58, "prod": 30.0, "target": 17, "value": 0.013950758971760562, "supply": [{"l": "Grapefruit", "v": 0.013950758971760562}]}, {"source": 14, "prod": 400.0, "target": 17, "value": 0.15160773780535716, "supply": [{"l": "Sugar cane", "v": 0.15160773780535716}]}, {"source": 10, "prod": 8576.0, "target": 17, "value": 5.9068308903838602, "supply": [{"l": "Milk - Excluding Butter", "v": 5.9068308903838602}]}, {"source": 59, "prod": 443.0, "target": 17, "value": 0.15125005735155361, "supply": [{"l": "Pineapples", "v": 0.15125005735155361}]}, {"source": 60, "prod": 1888.0, "target": 17, "value": 7.4190487616330776, "supply": [{"l": "Beans", "v": 7.4190487616330776}]}, {"source": 61, "prod": 48.0, "target": 17, "value": 0.20376079961040003, "supply": [{"l": "Pulses, Other", "v": 0.20376079961040003}]}, {"source": 13, "prod": 873.0, "target": 17, "value": 0.65635822967144353, "supply": [{"l": "Fish, Seafood", "v": 0.65635822967144353}]}, {"source": 62, "prod": 18.0, "target": 17, "value": 0.047756437408687499, "supply": [{"l": "Meat, Other", "v": 0.047756437408687499}]}, {"source": 63, "prod": 162.0, "target": 17, "value": 0.050565639609198534, "supply": [{"l": "Lemons, Limes", "v": 0.050565639609198534}]}, {"source": 64, "prod": 3.0, "target": 17, "value": 0.0022555265624448228, "supply": [{"l": "Cephalopods", "v": 0.0022555265624448228}]}, {"source": 65, "prod": 52.0, "target": 17, "value": 0.10267017034632558, "supply": [{"l": "Mutton & Goat Meat", "v": 0.10267017034632558}]}, {"source": 66, "prod": 8.0, "target": 17, "value": 0.056600222114000003, "supply": [{"l": "Sweeteners, Other", "v": 0.056600222114000003}]}, {"source": 3, "prod": 158.0, "target": 17, "value": 0.20171808482733838, "supply": [{"l": "Pelagic Fish", "v": 0.20171808482733838}]}, {"source": 67, "prod": 3486.0, "target": 17, "value": 2.5749045774717518, "supply": [{"l": "Bananas", "v": 2.5749045774717518}]}, {"source": 68, "prod": 2.0, "target": 17, "value": 0.0067920266536800004, "supply": [{"l": "Spices, Other", "v": 0.0067920266536800004}]}, {"source": 69, "prod": 55.0, "target": 17, "value": 0.050755633960923925, "supply": [{"l": "Tea", "v": 0.050755633960923925}]}, {"source": 70, "prod": 1520.0, "target": 17, "value": 0.7068384545692018, "supply": [{"l": "Fruits, Other", "v": 0.7068384545692018}]}, {"source": 71, "prod": 2.0, "target": 17, "value": 0.0015036843749632153, "supply": [{"l": "Molluscs, Other", "v": 0.0015036843749632153}]}, {"source": 72, "prod": 1037.0, "target": 17, "value": 1.9183386060415288, "supply": [{"l": "Poultry Meat", "v": 1.9183386060415288}]}, {"source": 73, "prod": 192.0, "target": 17, "value": 0.25311900572720497, "supply": [{"l": "Offals, Edible", "v": 0.25311900572720497}]}, {"source": 11, "prod": 326.0, "target": 17, "value": 0.35354481805879934, "supply": [{"l": "Sweet potatoes", "v": 0.35354481805879934}]}, {"source": 74, "prod": 391.0, "target": 17, "value": 0.20241481871866462, "supply": [{"l": "Demersal Fish", "v": 0.20241481871866462}]}, {"source": 75, "prod": 4266.0, "target": 17, "value": 1.3631154412185842, "supply": [{"l": "Oranges, Mandarines", "v": 1.3631154412185842}]}, {"source": 76, "prod": 2646.0, "target": 17, "value": 4.1900317686176809, "supply": [{"l": "Bovine Meat", "v": 4.1900317686176809}]}, {"source": 77, "prod": 109.0, "target": 17, "value": 1.1064728203481413, "supply": [{"l": "Cottonseed Oil", "v": 1.1064728203481413}]}, {"source": 78, "prod": 622.0, "target": 17, "value": 0.30291399942081454, "supply": [{"l": "Onions", "v": 0.30291399942081454}]}, {"source": 2, "prod": 8134.0, "target": 17, "value": 7.975989106874299, "supply": [{"l": "Cassava", "v": 7.975989106874299}]}, {"source": 31, "prod": 6.0, "target": 79, "value": 0.023154636319363639, "supply": [{"l": "Sunflower seed", "v": 0.023154636319363639}]}, {"source": 0, "prod": 75.0, "target": 79, "value": 0.27216491488477296, "supply": [{"l": "Maize", "v": 0.27216491488477296}]}, {"source": 80, "prod": 415.0, "target": 79, "value": 0.91515943547961043, "supply": [{"l": "Oilcrops, Other", "v": 0.91515943547961043}]}, {"source": 37, "prod": 12.0, "target": 79, "value": 0.019676472065381978, "supply": [{"l": "Coconuts - Incl Copra", "v": 0.019676472065381978}]}, {"source": 5, "prod": 8988.0, "target": 79, "value": 19.820368689375275, "supply": [{"l": "Soyabeans", "v": 19.820368689375275}]}, {"source": 81, "prod": 905.0, "target": 79, "value": 1.9957091303832468, "supply": [{"l": "Cottonseed", "v": 1.9957091303832468}]}, {"source": 82, "prod": 90.0, "target": 79, "value": 0.19846831130883122, "supply": [{"l": "Rape and Mustardseed", "v": 0.19846831130883122}]}, {"source": 16, "prod": 436.0, "target": 79, "value": 1.4547713719023896, "supply": [{"l": "Barley", "v": 1.4547713719023896}]}, {"source": 46, "prod": 405.0, "target": 79, "value": 0.33221869501695656, "supply": [{"l": "Grapes", "v": 0.33221869501695656}]}, {"source": 47, "prod": 253.0, "target": 79, "value": 1.6272563857775004, "supply": [{"l": "Groundnuts", "v": 1.6272563857775004}]}, {"source": 83, "prod": 1.0, "target": 79, "value": 0.010612541646375, "supply": [{"l": "Oilcrops Oil, Other", "v": 0.010612541646375}]}, {"source": 28, "prod": 6.0, "target": 79, "value": 0.025890108983231359, "supply": [{"l": "Rice", "v": 0.025890108983231359}]}, {"source": 84, "prod": 230.0, "target": 79, "value": 0.50719679556701303, "supply": [{"l": "Palm kernels", "v": 0.50719679556701303}]}, {"source": 14, "prod": 63501.0, "target": 79, "value": 24.068107395944963, "supply": [{"l": "Sugar cane", "v": 24.068107395944963}]}, {"source": 35, "prod": 340.0, "target": 85, "value": 2.8725986514653878, "supply": [{"l": "Fats, Animals, Raw", "v": 2.8725986514653878}]}, {"source": 53, "prod": 10.0, "target": 85, "value": 0.023299288219618474, "supply": [{"l": "Pigmeat", "v": 0.023299288219618474}]}, {"source": 86, "prod": 198.0, "target": 85, "value": 0.14554342829314287, "supply": [{"l": "Alcohol, Non-Food", "v": 0.14554342829314287}]}, {"source": 36, "prod": 32.0, "target": 85, "value": 0.33016796233166668, "supply": [{"l": "Soyabean Oil", "v": 0.33016796233166668}]}, {"source": 2, "prod": 1737.0, "target": 85, "value": 1.7032570787608381, "supply": [{"l": "Cassava", "v": 1.7032570787608381}]}, {"source": 81, "prod": 37.0, "target": 85, "value": 0.08159252798251948, "supply": [{"l": "Cottonseed", "v": 0.08159252798251948}]}, {"source": 7, "prod": 1.0, "target": 85, "value": 0.0083061565686340551, "supply": [{"l": "Fish, Body Oil", "v": 0.0083061565686340551}]}, {"source": 87, "prod": 11.0, "target": 85, "value": 0.116737958110125, "supply": [{"l": "Rape and Mustard Oil", "v": 0.116737958110125}]}, {"source": 73, "prod": 264.0, "target": 85, "value": 0.34803863287490683, "supply": [{"l": "Offals, Edible", "v": 0.34803863287490683}]}, {"source": 88, "prod": 125.0, "target": 85, "value": 1.326567705796875, "supply": [{"l": "Palmkernel Oil", "v": 1.326567705796875}]}, {"source": 80, "prod": 2.0, "target": 85, "value": 0.0044104069179740262, "supply": [{"l": "Oilcrops, Other", "v": 0.0044104069179740262}]}, {"source": 84, "prod": 32.0, "target": 85, "value": 0.070566510687584419, "supply": [{"l": "Palm kernels", "v": 0.070566510687584419}]}, {"source": 83, "prod": 41.0, "target": 85, "value": 0.43511420750137503, "supply": [{"l": "Oilcrops Oil, Other", "v": 0.43511420750137503}]}, {"source": 14, "prod": 52580.0, "target": 85, "value": 19.9288371345142, "supply": [{"l": "Sugar cane", "v": 19.9288371345142}]}, {"source": 31, "prod": 1.0, "target": 31, "value": 0.003859106053227273, "supply": [{"l": "Sunflower seed", "v": 0.003859106053227273}]}, {"source": 0, "prod": 286.0, "target": 0, "value": 1.0378555420939342, "supply": [{"l": "Maize", "v": 1.0378555420939342}]}, {"source": 6, "prod": 1.0, "target": 6, "value": 0.0030953246468593755, "supply": [{"l": "Rye", "v": 0.0030953246468593755}]}, {"source": 34, "prod": 265.0, "target": 34, "value": 0.80676537514780766, "supply": [{"l": "Wheat", "v": 0.80676537514780766}]}, {"source": 51, "prod": 8.0, "target": 51, "value": 0.017641627671896105, "supply": [{"l": "Oats", "v": 0.017641627671896105}]}, {"source": 5, "prod": 351.0, "target": 5, "value": 0.77402641410444162, "supply": [{"l": "Soyabeans", "v": 0.77402641410444162}]}, {"source": 55, "prod": 326.0, "target": 55, "value": 0.25774184239161746, "supply": [{"l": "Potatoes", "v": 0.25774184239161746}]}, {"source": 40, "prod": 65.0, "target": 40, "value": 0.10051952014781422, "supply": [{"l": "Eggs", "v": 0.10051952014781422}]}, {"source": 41, "prod": 6.0, "target": 41, "value": 0.0016420551544534387, "supply": [{"l": "Vegetables, Other", "v": 0.0016420551544534387}]}, {"source": 8, "prod": 10.0, "target": 8, "value": 0.013061589718615384, "supply": [{"l": "Yams", "v": 0.013061589718615384}]}, {"source": 81, "prod": 185.0, "target": 81, "value": 0.4079626399125974, "supply": [{"l": "Cottonseed", "v": 0.4079626399125974}]}, {"source": 11, "prod": 84.0, "target": 11, "value": 0.091097437782021909, "supply": [{"l": "Sweet potatoes", "v": 0.091097437782021909}]}, {"source": 60, "prod": 186.0, "target": 60, "value": 0.73090204961003835, "supply": [{"l": "Beans", "v": 0.73090204961003835}]}, {"source": 16, "prod": 7.0, "target": 16, "value": 0.023356421108524601, "supply": [{"l": "Barley", "v": 0.023356421108524601}]}, {"source": 47, "prod": 9.0, "target": 47, "value": 0.057886590798409097, "supply": [{"l": "Groundnuts", "v": 0.057886590798409097}]}, {"source": 80, "prod": 7.0, "target": 80, "value": 0.015436424212909092, "supply": [{"l": "Oilcrops, Other", "v": 0.015436424212909092}]}, {"source": 28, "prod": 316.0, "target": 28, "value": 1.3635457397835182, "supply": [{"l": "Rice", "v": 1.3635457397835182}]}, {"source": 15, "prod": 1.0, "target": 15, "value": 0.0033366315869320855, "supply": [{"l": "Sorghum", "v": 0.0033366315869320855}]}, {"source": 4, "prod": 2.0, "target": 4, "value": 0.0067247788650297039, "supply": [{"l": "Cereals, Other", "v": 0.0067247788650297039}]}, {"source": 61, "prod": 11.0, "target": 61, "value": 0.046695183244050004, "supply": [{"l": "Pulses, Other", "v": 0.046695183244050004}]}, {"source": 0, "prod": 1833.0, "target": 89, "value": 6.6517105197838502, "supply": [{"l": "Maize", "v": 6.6517105197838502}]}, {"source": 41, "prod": 211.0, "target": 89, "value": 0.057745606264945924, "supply": [{"l": "Vegetables, Other", "v": 0.057745606264945924}]}, {"source": 70, "prod": 430.0, "target": 89, "value": 0.19996087859523473, "supply": [{"l": "Fruits, Other", "v": 0.19996087859523473}]}, {"source": 8, "prod": 21.0, "target": 89, "value": 0.027429338409092313, "supply": [{"l": "Yams", "v": 0.027429338409092313}]}, {"source": 58, "prod": 5.0, "target": 89, "value": 0.0023251264952934268, "supply": [{"l": "Grapefruit", "v": 0.0023251264952934268}]}, {"source": 16, "prod": 4.0, "target": 89, "value": 0.013346526347728342, "supply": [{"l": "Barley", "v": 0.013346526347728342}]}, {"source": 28, "prod": 605.0, "target": 89, "value": 2.6105859891424954, "supply": [{"l": "Rice", "v": 2.6105859891424954}]}, {"source": 30, "prod": 150.0, "target": 89, "value": 0.034111741006205364, "supply": [{"l": "Tomatoes", "v": 0.034111741006205364}]}, {"source": 4, "prod": 1.0, "target": 89, "value": 0.003362389432514852, "supply": [{"l": "Cereals, Other", "v": 0.003362389432514852}]}, {"source": 57, "prod": 2.0, "target": 89, "value": 0.0094333703523333343, "supply": [{"l": "Pepper", "v": 0.0094333703523333343}]}, {"source": 34, "prod": 330.0, "target": 89, "value": 1.0046512218821755, "supply": [{"l": "Wheat", "v": 1.0046512218821755}]}, {"source": 37, "prod": 32.0, "target": 89, "value": 0.052470592174351932, "supply": [{"l": "Coconuts - Incl Copra", "v": 0.052470592174351932}]}, {"source": 40, "prod": 22.0, "target": 89, "value": 0.034021991434644808, "supply": [{"l": "Eggs", "v": 0.034021991434644808}]}, {"source": 54, "prod": 4.0, "target": 89, "value": 0.0060643095122142861, "supply": [{"l": "Cocoa Beans", "v": 0.0060643095122142861}]}, {"source": 46, "prod": 72.0, "target": 89, "value": 0.059061101336347822, "supply": [{"l": "Grapes", "v": 0.059061101336347822}]}, {"source": 47, "prod": 7.0, "target": 89, "value": 0.04502290395431819, "supply": [{"l": "Groundnuts", "v": 0.04502290395431819}]}, {"source": 80, "prod": 13.0, "target": 89, "value": 0.028667644966831173, "supply": [{"l": "Oilcrops, Other", "v": 0.028667644966831173}]}, {"source": 49, "prod": 6.0, "target": 89, "value": 0.0044104069179740253, "supply": [{"l": "Wine", "v": 0.0044104069179740253}]}, {"source": 51, "prod": 3.0, "target": 89, "value": 0.0066156103769610397, "supply": [{"l": "Oats", "v": 0.0066156103769610397}]}, {"source": 55, "prod": 173.0, "target": 89, "value": 0.1367771126802142, "supply": [{"l": "Potatoes", "v": 0.1367771126802142}]}, {"source": 10, "prod": 530.0, "target": 89, "value": 0.36504435306709959, "supply": [{"l": "Milk - Excluding Butter", "v": 0.36504435306709959}]}, {"source": 60, "prod": 66.0, "target": 89, "value": 0.25935234018420716, "supply": [{"l": "Beans", "v": 0.25935234018420716}]}, {"source": 26, "prod": 25.0, "target": 89, "value": 0.016668913580693716, "supply": [{"l": "Apples", "v": 0.016668913580693716}]}, {"source": 63, "prod": 29.0, "target": 89, "value": 0.0090518737572022074, "supply": [{"l": "Lemons, Limes", "v": 0.0090518737572022074}]}, {"source": 15, "prod": 2.0, "target": 89, "value": 0.0066732631738641709, "supply": [{"l": "Sorghum", "v": 0.0066732631738641709}]}, {"source": 14, "prod": 13417.0, "target": 89, "value": 5.0853025453361926, "supply": [{"l": "Sugar cane", "v": 5.0853025453361926}]}, {"source": 59, "prod": 116.0, "target": 89, "value": 0.039604981157517434, "supply": [{"l": "Pineapples", "v": 0.039604981157517434}]}, {"source": 67, "prod": 638.0, "target": 89, "value": 0.47125333345581683, "supply": [{"l": "Bananas", "v": 0.47125333345581683}]}, {"source": 69, "prod": 5.0, "target": 89, "value": 0.0046141485419021753, "supply": [{"l": "Tea", "v": 0.0046141485419021753}]}, {"source": 11, "prod": 82.0, "target": 89, "value": 0.088928451168164238, "supply": [{"l": "Sweet potatoes", "v": 0.088928451168164238}]}, {"source": 75, "prod": 921.0, "target": 89, "value": 0.29428722957391373, "supply": [{"l": "Oranges, Mandarines", "v": 0.29428722957391373}]}, {"source": 61, "prod": 2.0, "target": 89, "value": 0.0084900333171, "supply": [{"l": "Pulses, Other", "v": 0.0084900333171}]}, {"source": 84, "prod": 8.0, "target": 89, "value": 0.017641627671896105, "supply": [{"l": "Palm kernels", "v": 0.017641627671896105}]}, {"source": 78, "prod": 69.0, "target": 89, "value": 0.033602999935749528, "supply": [{"l": "Onions", "v": 0.033602999935749528}]}, {"source": 2, "prod": 2496.0, "target": 89, "value": 2.4475127625717055, "supply": [{"l": "Cassava", "v": 2.4475127625717055}]}, {"source": 90, "prod": 2.0, "target": 68, "value": 0.0067920266536800004, "supply": [{"l": "Spices, Other", "v": 0.0067920266536800004}]}, {"source": 90, "prod": 13.0, "target": 38, "value": 0.029829846789810811, "supply": [{"l": "Treenuts", "v": 0.029829846789810811}]}, {"source": 90, "prod": 183.0, "target": 26, "value": 0.12201644741067801, "supply": [{"l": "Apples", "v": 0.12201644741067801}]}, {"source": 90, "prod": 36.0, "target": 41, "value": 0.0098523309267206302, "supply": [{"l": "Vegetables, Other", "v": 0.0098523309267206302}]}, {"source": 90, "prod": 694.0, "target": 28, "value": 2.9946226057270939, "supply": [{"l": "Rice", "v": 2.9946226057270939}]}, {"source": 90, "prod": 3658.0, "target": 34, "value": 11.136406574681812, "supply": [{"l": "Wheat", "v": 11.136406574681812}]}, {"source": 90, "prod": 354.0, "target": 16, "value": 1.1811675817739584, "supply": [{"l": "Barley", "v": 1.1811675817739584}]}, {"source": 90, "prod": 31.0, "target": 32, "value": 0.015169511978680116, "supply": [{"l": "Coffee", "v": 0.015169511978680116}]}, {"source": 90, "prod": 6.0, "target": 9, "value": 0.020019789521592515, "supply": [{"l": "Millet", "v": 0.020019789521592515}]}, {"source": 90, "prod": 30.0, "target": 18, "value": 0.048980961444807694, "supply": [{"l": "Olives", "v": 0.048980961444807694}]}, {"source": 90, "prod": 31.0, "target": 4, "value": 0.1042340724079604, "supply": [{"l": "Cereals, Other", "v": 0.1042340724079604}]}, {"source": 90, "prod": 580.0, "target": 1, "value": 0.49678985122050928, "supply": [{"l": "Milk - Excluding Butter", "v": 0.073008870613419916}, {"l": "Fish, Seafood", "v": 0.13082054062179974}, {"l": "Cephalopods", "v": 0.0015036843749632153}, {"l": "Pelagic Fish", "v": 0.010213573915308272}, {"l": "Bovine Meat", "v": 0.18052291066606785}, {"l": "Offals, Edible", "v": 0.015819937857950311}, {"l": "Demersal Fish", "v": 0.084900333171}]}, {"source": 90, "prod": 13.0, "target": 19, "value": 0.029829846789810811, "supply": [{"l": "Nuts", "v": 0.029829846789810811}]}, {"source": 90, "prod": 16.0, "target": 42, "value": 0.052246358874461538, "supply": [{"l": "Peas", "v": 0.052246358874461538}]}, {"source": 90, "prod": 7.0, "target": 80, "value": 0.015436424212909092, "supply": [{"l": "Oilcrops, Other", "v": 0.015436424212909092}]}, {"source": 90, "prod": 14.0, "target": 55, "value": 0.01106866807816762, "supply": [{"l": "Potatoes", "v": 0.01106866807816762}]}, {"source": 90, "prod": 90.0, "target": 82, "value": 0.19846831130883122, "supply": [{"l": "Rape and Mustardseed", "v": 0.19846831130883122}]}, {"source": 90, "prod": 19.0, "target": 46, "value": 0.015585568408202896, "supply": [{"l": "Grapes", "v": 0.015585568408202896}]}, {"source": 90, "prod": 211.0, "target": 79, "value": 1.8506668132095823, "supply": [{"l": "Beer", "v": 0.0012815993089902015}, {"l": "Beverages, Alcoholic", "v": 0.017129014587131581}, {"l": "Butter, Ghee", "v": 0.0081634935741346157}, {"l": "Fats, Animals, Raw", "v": 0.76884258024514796}, {"l": "Soyabean Oil", "v": 0.79446665936057281}, {"l": "Palm Oil", "v": 0.022640088845599999}, {"l": "Sunflowerseed Oil", "v": 0.02122508329275}, {"l": "Olive Oil", "v": 0.15050513607586366}, {"l": "Oilcrops Oil, Other", "v": 0.02122508329275}, {"l": "Wine", "v": 0.0073506781966233767}, {"l": "Sweeteners, Other", "v": 0.02122508329275}, {"l": "Fish, Body Oil", "v": 0.0083061565686340551}, {"l": "Fish, Liver Oil", "v": 0.0083061565686340551}]}, {"source": 90, "prod": 213.0, "target": 5, "value": 0.46970833676423385, "supply": [{"l": "Soyabeans", "v": 0.46970833676423385}]}, {"source": 90, "prod": 8.0, "target": 60, "value": 0.031436647295055416, "supply": [{"l": "Beans", "v": 0.031436647295055416}]}, {"source": 90, "prod": 1526.0, "target": 0, "value": 5.5376488015221801, "supply": [{"l": "Maize", "v": 5.5376488015221801}]}, {"source": 90, "prod": 82.0, "target": 70, "value": 0.038132074522812205, "supply": [{"l": "Fruits, Other", "v": 0.038132074522812205}]}, {"source": 90, "prod": 3.0, "target": 47, "value": 0.019295530266136368, "supply": [{"l": "Groundnuts", "v": 0.019295530266136368}]}, {"source": 90, "prod": 1.0, "target": 37, "value": 0.0016397060054484979, "supply": [{"l": "Coconuts - Incl Copra", "v": 0.0016397060054484979}]}, {"source": 90, "prod": 52.0, "target": 51, "value": 0.11467057986732469, "supply": [{"l": "Oats", "v": 0.11467057986732469}]}, {"source": 90, "prod": 6.0, "target": 61, "value": 0.025470099951300004, "supply": [{"l": "Pulses, Other", "v": 0.025470099951300004}]}, {"source": 0, "prod": 13.0, "target": 91, "value": 0.047175251913360645, "supply": [{"l": "Maize", "v": 0.047175251913360645}]}, {"source": 86, "prod": 93.0, "target": 91, "value": 0.068361307228597401, "supply": [{"l": "Alcohol, Non-Food", "v": 0.068361307228597401}]}, {"source": 19, "prod": 79.0, "target": 91, "value": 0.18127368433808108, "supply": [{"l": "Nuts", "v": 0.18127368433808108}]}, {"source": 8, "prod": 6.0, "target": 91, "value": 0.0078369538311692313, "supply": [{"l": "Yams", "v": 0.0078369538311692313}]}, {"source": 21, "prod": 1885.0, "target": 91, "value": 7.8070754123764257, "supply": [{"l": "Sugar", "v": 7.8070754123764257}]}, {"source": 22, "prod": 2.0, "target": 91, "value": 0.02122508329275, "supply": [{"l": "Maize Germ Oil", "v": 0.02122508329275}]}, {"source": 23, "prod": 7.0, "target": 91, "value": 0.0029903983876438029, "supply": [{"l": "Beer", "v": 0.0029903983876438029}]}, {"source": 24, "prod": 83.0, "target": 91, "value": 0.78296973924366686, "supply": [{"l": "Groundnut Oil", "v": 0.78296973924366686}]}, {"source": 25, "prod": 6.0, "target": 91, "value": 0.020554817504557898, "supply": [{"l": "Beverages, Alcoholic", "v": 0.020554817504557898}]}, {"source": 27, "prod": 2.0, "target": 91, "value": 0.0084900333171, "supply": [{"l": "Honey", "v": 0.0084900333171}]}, {"source": 83, "prod": 175.0, "target": 91, "value": 1.857194788115625, "supply": [{"l": "Oilcrops Oil, Other", "v": 1.857194788115625}]}, {"source": 30, "prod": 19.0, "target": 91, "value": 0.0043208205274526791, "supply": [{"l": "Tomatoes", "v": 0.0043208205274526791}]}, {"source": 4, "prod": 24.0, "target": 91, "value": 0.080697346380356444, "supply": [{"l": "Cereals, Other", "v": 0.080697346380356444}]}, {"source": 57, "prod": 25.0, "target": 91, "value": 0.11791712940416668, "supply": [{"l": "Pepper", "v": 0.11791712940416668}]}, {"source": 34, "prod": 5.0, "target": 91, "value": 0.015221988210335992, "supply": [{"l": "Wheat", "v": 0.015221988210335992}]}, {"source": 36, "prod": 529.0, "target": 91, "value": 5.4580891272953647, "supply": [{"l": "Soyabean Oil", "v": 5.4580891272953647}]}, {"source": 38, "prod": 79.0, "target": 91, "value": 0.18127368433808108, "supply": [{"l": "Treenuts", "v": 0.18127368433808108}]}, {"source": 39, "prod": 12.0, "target": 91, "value": 0.006288913568222222, "supply": [{"l": "Crustaceans", "v": 0.006288913568222222}]}, {"source": 41, "prod": 6.0, "target": 91, "value": 0.0016420551544534387, "supply": [{"l": "Vegetables, Other", "v": 0.0016420551544534387}]}, {"source": 47, "prod": 18.0, "target": 91, "value": 0.11577318159681819, "supply": [{"l": "Groundnuts", "v": 0.11577318159681819}]}, {"source": 51, "prod": 7.0, "target": 91, "value": 0.015436424212909092, "supply": [{"l": "Oats", "v": 0.015436424212909092}]}, {"source": 53, "prod": 2.0, "target": 91, "value": 0.0046598576439236946, "supply": [{"l": "Pigmeat", "v": 0.0046598576439236946}]}, {"source": 54, "prod": 303.0, "target": 91, "value": 0.45937144555023224, "supply": [{"l": "Cocoa Beans", "v": 0.45937144555023224}]}, {"source": 5, "prod": 638.0, "target": 91, "value": 1.4069198068337143, "supply": [{"l": "Soyabeans", "v": 1.4069198068337143}]}, {"source": 55, "prod": 9.0, "target": 91, "value": 0.0071155723359649006, "supply": [{"l": "Potatoes", "v": 0.0071155723359649006}]}, {"source": 32, "prod": 723.0, "target": 91, "value": 0.35379216647050726, "supply": [{"l": "Coffee", "v": 0.35379216647050726}]}, {"source": 10, "prod": 5.0, "target": 91, "value": 0.0034438146515764117, "supply": [{"l": "Milk - Excluding Butter", "v": 0.0034438146515764117}]}, {"source": 59, "prod": 21.0, "target": 91, "value": 0.0071698672785160851, "supply": [{"l": "Pineapples", "v": 0.0071698672785160851}]}, {"source": 60, "prod": 4.0, "target": 91, "value": 0.015718323647527708, "supply": [{"l": "Beans", "v": 0.015718323647527708}]}, {"source": 13, "prod": 31.0, "target": 91, "value": 0.023307107811929836, "supply": [{"l": "Fish, Seafood", "v": 0.023307107811929836}]}, {"source": 62, "prod": 31.0, "target": 91, "value": 0.082247197759406254, "supply": [{"l": "Meat, Other", "v": 0.082247197759406254}]}, {"source": 63, "prod": 4.0, "target": 91, "value": 0.0012485343113382355, "supply": [{"l": "Lemons, Limes", "v": 0.0012485343113382355}]}, {"source": 49, "prod": 5.0, "target": 91, "value": 0.0036753390983116883, "supply": [{"l": "Wine", "v": 0.0036753390983116883}]}, {"source": 66, "prod": 55.0, "target": 91, "value": 0.38912652703375, "supply": [{"l": "Sweeteners, Other", "v": 0.38912652703375}]}, {"source": 3, "prod": 3.0, "target": 91, "value": 0.0038300902182406018, "supply": [{"l": "Pelagic Fish", "v": 0.0038300902182406018}]}, {"source": 67, "prod": 128.0, "target": 91, "value": 0.094546123326558859, "supply": [{"l": "Bananas", "v": 0.094546123326558859}]}, {"source": 68, "prod": 1.0, "target": 91, "value": 0.0033960133268400002, "supply": [{"l": "Spices, Other", "v": 0.0033960133268400002}]}, {"source": 76, "prod": 118.0, "target": 91, "value": 0.18685704788242113, "supply": [{"l": "Bovine Meat", "v": 0.18685704788242113}]}, {"source": 70, "prod": 46.0, "target": 91, "value": 0.021391163756699531, "supply": [{"l": "Fruits, Other", "v": 0.021391163756699531}]}, {"source": 72, "prod": 82.0, "target": 91, "value": 0.15169119160598393, "supply": [{"l": "Poultry Meat", "v": 0.15169119160598393}]}, {"source": 73, "prod": 5.0, "target": 91, "value": 0.0065916407741459628, "supply": [{"l": "Offals, Edible", "v": 0.0065916407741459628}]}, {"source": 92, "prod": 1.0, "target": 91, "value": 0.0011622222200000001, "supply": [{"l": "Infant food", "v": 0.0011622222200000001}]}, {"source": 74, "prod": 16.0, "target": 91, "value": 0.0082829593337560969, "supply": [{"l": "Demersal Fish", "v": 0.0082829593337560969}]}, {"source": 75, "prod": 3769.0, "target": 91, "value": 1.2043089774854296, "supply": [{"l": "Oranges, Mandarines", "v": 1.2043089774854296}]}, {"source": 69, "prod": 34.0, "target": 91, "value": 0.031376210084934783, "supply": [{"l": "Tea", "v": 0.031376210084934783}]}, {"source": 77, "prod": 36.0, "target": 91, "value": 0.36544056451865214, "supply": [{"l": "Cottonseed Oil", "v": 0.36544056451865214}]}, {"source": 88, "prod": 20.0, "target": 91, "value": 0.21225083292749999, "supply": [{"l": "Palmkernel Oil", "v": 0.21225083292749999}]}, {"source": 2, "prod": 48.0, "target": 91, "value": 0.047067553126378947, "supply": [{"l": "Cassava", "v": 0.047067553126378947}]}, {"source": 57, "prod": 11.0, "target": 93, "value": 0.05188353693783334, "supply": [{"l": "Pepper", "v": 0.05188353693783334}]}, {"source": 94, "prod": 5.0, "target": 54, "value": 0.0075803868902678583, "supply": [{"l": "Cocoa Beans", "v": 0.0075803868902678583}]}, {"source": 94, "prod": 500.0, "target": 0, "value": 1.814432765898486, "supply": [{"l": "Maize", "v": 1.814432765898486}]}, {"source": 87, "prod": 20.0, "target": 93, "value": 0.21225083292749999, "supply": [{"l": "Rape and Mustard Oil", "v": 0.21225083292749999}]}, {"source": 94, "prod": 73.0, "target": 80, "value": 0.16097985250605196, "supply": [{"l": "Oilcrops, Other", "v": 0.16097985250605196}]}, {"source": 94, "prod": 200.0, "target": 34, "value": 0.60887952841343973, "supply": [{"l": "Wheat", "v": 0.60887952841343973}]}, {"source": 94, "prod": 50.0, "target": 5, "value": 0.11026017294935066, "supply": [{"l": "Soyabeans", "v": 0.11026017294935066}]}, {"source": 60, "prod": 50.0, "target": 93, "value": 0.19647904559409635, "supply": [{"l": "Beans", "v": 0.19647904559409635}]}, {"source": 24, "prod": 5.0, "target": 93, "value": 0.047166851761666677, "supply": [{"l": "Groundnut Oil", "v": 0.047166851761666677}]}, {"source": 94, "prod": 869.0, "target": 79, "value": 3.6314781757614414, "supply": [{"l": "Sugar", "v": 3.5784154675295663}, {"l": "Oilcrops Oil, Other", "v": 0.053062708231874998}]}, {"source": 94, "prod": 80.0, "target": 81, "value": 0.17641627671896107, "supply": [{"l": "Cottonseed", "v": 0.17641627671896107}]}, {"source": 32, "prod": 229.0, "target": 93, "value": 0.11205865300379829, "supply": [{"l": "Coffee", "v": 0.11205865300379829}]}, {"source": 49, "prod": 10.0, "target": 93, "value": 0.0073506781966233767, "supply": [{"l": "Wine", "v": 0.0073506781966233767}]}, {"source": 1, "prod": 1119.0, "target": 72, "value": 2.0700297976475128, "supply": [{"l": "Poultry Meat", "v": 2.0700297976475128}]}, {"source": 1, "prod": 900.0, "target": 53, "value": 2.0969359397656628, "supply": [{"l": "Pigmeat", "v": 2.0969359397656628}]}, {"source": 1, "prod": 214.0, "target": 3, "value": 0.2732131022344963, "supply": [{"l": "Pelagic Fish", "v": 0.2732131022344963}]}, {"source": 1, "prod": 109.0, "target": 39, "value": 0.057124298244685186, "supply": [{"l": "Crustaceans", "v": 0.057124298244685186}]}, {"source": 1, "prod": 675.0, "target": 40, "value": 1.0438565553811479, "supply": [{"l": "Eggs", "v": 1.144376075528962}]}, {"source": 1, "prod": 2.0, "target": 71, "value": 0.0015036843749632153, "supply": [{"l": "Molluscs, Other", "v": 0.0015036843749632153}]}, {"source": 1, "prod": 3.0, "target": 64, "value": 0.0022555265624448228, "supply": [{"l": "Cephalopods", "v": 0.0022555265624448228}]}, {"source": 1, "prod": 10705.0, "target": 10, "value": 7.373207169025096, "supply": [{"l": "Milk - Excluding Butter", "v": 7.373207169025096}]}, {"source": 1, "prod": 461.0, "target": 73, "value": 0.60774927937625778, "supply": [{"l": "Offals, Edible", "v": 0.60774927937625778}]}, {"source": 1, "prod": 103.0, "target": 45, "value": 0.10168295716991863, "supply": [{"l": "Marine Fish, Other", "v": 0.10168295716991863}]}, {"source": 1, "prod": 957.0, "target": 13, "value": 0.7195129734198985, "supply": [{"l": "Fish, Seafood", "v": 0.7195129734198985}]}, {"source": 1, "prod": 2764.0, "target": 76, "value": 4.3768888165001023, "supply": [{"l": "Bovine Meat", "v": 4.3768888165001023}]}, {"source": 1, "prod": 407.0, "target": 74, "value": 0.21069777805242071, "supply": [{"l": "Demersal Fish", "v": 0.21069777805242071}]}, {"source": 1, "prod": 49.0, "target": 62, "value": 0.13000363516809377, "supply": [{"l": "Meat, Other", "v": 0.13000363516809377}]}, {"source": 1, "prod": 120.0, "target": 56, "value": 0.10087168297544556, "supply": [{"l": "Freshwater Fish", "v": 0.10087168297544556}]}, {"source": 1, "prod": 52.0, "target": 65, "value": 0.10267017034632558, "supply": [{"l": "Mutton & Goat Meat", "v": 0.10267017034632558}]}, {"source": 79, "prod": 4.0, "target": 20, "value": 0.056600222114000003, "supply": [{"l": "Ricebran Oil", "v": 0.056600222114000003}]}, {"source": 79, "prod": 291.0, "target": 86, "value": 0.21390473552174027, "supply": [{"l": "Alcohol, Non-Food", "v": 0.21390473552174027}]}, {"source": 79, "prod": 7894.0, "target": 21, "value": 32.694457986896289, "supply": [{"l": "Sugar", "v": 32.694457986896289}]}, {"source": 79, "prod": 45.0, "target": 22, "value": 0.47756437408687508, "supply": [{"l": "Maize Germ Oil", "v": 0.47756437408687508}]}, {"source": 79, "prod": 2252.0, "target": 23, "value": 0.96205388128197777, "supply": [{"l": "Beer", "v": 0.96205388128197777}]}, {"source": 79, "prod": 98.0, "target": 24, "value": 0.92447029452866691, "supply": [{"l": "Groundnut Oil", "v": 0.92447029452866691}]}, {"source": 79, "prod": 344.0, "target": 25, "value": 1.178476203594653, "supply": [{"l": "Beverages, Alcoholic", "v": 1.178476203594653}]}, {"source": 79, "prod": 200.0, "target": 33, "value": 0.80857460162857153, "supply": [{"l": "Sugar non-centrifugal", "v": 0.80857460162857153}]}, {"source": 79, "prod": 93.0, "target": 29, "value": 0.75920490239451921, "supply": [{"l": "Butter, Ghee", "v": 0.75920490239451921}]}, {"source": 79, "prod": 585.0, "target": 35, "value": 4.942559444433094, "supply": [{"l": "Fats, Animals, Raw", "v": 4.942559444433094}]}, {"source": 79, "prod": 1760.0, "target": 36, "value": 18.159237928241666, "supply": [{"l": "Soyabean Oil", "v": 18.159237928241666}]}, {"source": 79, "prod": 18.0, "target": 48, "value": 0.20376079961040003, "supply": [{"l": "Palm Oil", "v": 0.20376079961040003}]}, {"source": 79, "prod": 5.0, "target": 50, "value": 0.053062708231874998, "supply": [{"l": "Sunflowerseed Oil", "v": 0.053062708231874998}]}, {"source": 79, "prod": 13.0, "target": 52, "value": 0.15050513607586366, "supply": [{"l": "Olive Oil", "v": 0.15050513607586366}]}, {"source": 79, "prod": 1.0, "target": 44, "value": 0.010915757121985717, "supply": [{"l": "Coconut Oil", "v": 0.010915757121985717}]}, {"source": 79, "prod": 31.0, "target": 87, "value": 0.32898879103762502, "supply": [{"l": "Rape and Mustard Oil", "v": 0.32898879103762502}]}, {"source": 79, "prod": 1.0, "target": 12, "value": 0.0083061565686340551, "supply": [{"l": "Fish, Liver Oil", "v": 0.0083061565686340551}]}, {"source": 79, "prod": 217.0, "target": 83, "value": 2.3029215372633751, "supply": [{"l": "Oilcrops Oil, Other", "v": 2.3029215372633751}]}, {"source": 79, "prod": 295.0, "target": 49, "value": 0.21684500680038965, "supply": [{"l": "Wine", "v": 0.21684500680038965}]}, {"source": 79, "prod": 63.0, "target": 66, "value": 0.44572674914775001, "supply": [{"l": "Sweeteners, Other", "v": 0.44572674914775001}]}, {"source": 79, "prod": 3.0, "target": 7, "value": 0.024918469705902165, "supply": [{"l": "Fish, Body Oil", "v": 0.024918469705902165}]}, {"source": 79, "prod": 8.0, "target": 27, "value": 0.0339601332684, "supply": [{"l": "Honey", "v": 0.0339601332684}]}, {"source": 79, "prod": 145.0, "target": 77, "value": 1.4719133848667934, "supply": [{"l": "Cottonseed Oil", "v": 1.4719133848667934}]}, {"source": 79, "prod": 145.0, "target": 88, "value": 1.5388185387243749, "supply": [{"l": "Palmkernel Oil", "v": 1.5388185387243749}]}, {"source": 95, "prod": 85.333333333333343, "target": 79, "value": 0.36224142152960004, "supply": [{"l": "Oil Palm", "v": 0.36224142152960004}]}, {"source": 96, "prod": 0, "target": 0, "value": 0.0024726627563460522, "supply": "[{\"l\":'Energy for power irrigation',\"v\":0.0024726627563460522}]"}, {"source": 96, "prod": 0, "target": 18, "value": 2.2842809608555002e-06, "supply": "[{\"l\":'Energy for power irrigation',\"v\":2.2842809608555002e-06}]"}, {"source": 96, "prod": 0, "target": 6, "value": 1.3562918205079532e-06, "supply": "[{\"l\":'Energy for power irrigation',\"v\":1.3562918205079532e-06}]"}, {"source": 96, "prod": 0, "target": 19, "value": 1.6489653186175643e-05, "supply": "[{\"l\":'Energy for power irrigation',\"v\":1.6489653186175643e-05}]"}, {"source": 96, "prod": 0, "target": 8, "value": 2.4984323009357034e-05, "supply": "[{\"l\":'Energy for power irrigation',\"v\":2.4984323009357034e-05}]"}, {"source": 96, "prod": 0, "target": 58, "value": 4.9968646018714065e-06, "supply": "[{\"l\":'Energy for power irrigation',\"v\":4.9968646018714065e-06}]"}, {"source": 96, "prod": 0, "target": 16, "value": 3.9261079014703908e-05, "supply": "[{\"l\":'Energy for power irrigation',\"v\":3.9261079014703908e-05}]"}, {"source": 96, "prod": 0, "target": 54, "value": 4.8326819078099173e-05, "supply": "[{\"l\":'Energy for power irrigation',\"v\":4.8326819078099173e-05}]"}, {"source": 96, "prod": 0, "target": 28, "value": 0.00077272941878939964, "supply": "[{\"l\":'Energy for power irrigation',\"v\":0.00077272941878939964}]"}, {"source": 96, "prod": 0, "target": 30, "value": 0.00021429410764025659, "supply": "[{\"l\":'Energy for power irrigation',\"v\":0.00021429410764025659}]"}, {"source": 96, "prod": 0, "target": 31, "value": 2.8553512010693751e-06, "supply": "[{\"l\":'Energy for power irrigation',\"v\":2.8553512010693751e-06}]"}, {"source": 96, "prod": 0, "target": 4, "value": 6.7814591025397661e-06, "supply": "[{\"l\":'Energy for power irrigation',\"v\":6.7814591025397661e-06}]"}, {"source": 96, "prod": 0, "target": 32, "value": 0.00019252205473210262, "supply": "[{\"l\":'Energy for power irrigation',\"v\":0.00019252205473210262}]"}, {"source": 96, "prod": 0, "target": 34, "value": 0.0006932792716196443, "supply": "[{\"l\":'Energy for power irrigation',\"v\":0.0006932792716196443}]"}, {"source": 96, "prod": 0, "target": 37, "value": 4.5757002997136735e-05, "supply": "[{\"l\":'Energy for power irrigation',\"v\":4.5757002997136735e-05}]"}, {"source": 96, "prod": 0, "target": 38, "value": 1.6489653186175643e-05, "supply": "[{\"l\":'Energy for power irrigation',\"v\":1.6489653186175643e-05}]"}, {"source": 96, "prod": 0, "target": 41, "value": 0.00026633288327974593, "supply": "[{\"l\":'Energy for power irrigation',\"v\":0.00026633288327974593}]"}, {"source": 96, "prod": 0, "target": 43, "value": 4.2830268016040631e-07, "supply": "[{\"l\":'Energy for power irrigation',\"v\":4.2830268016040631e-07}]"}, {"source": 96, "prod": 0, "target": 81, "value": 0.00015518833777812053, "supply": "[{\"l\":'Energy for power irrigation',\"v\":0.00015518833777812053}]"}, {"source": 96, "prod": 0, "target": 46, "value": 0.00010186465409814996, "supply": "[{\"l\":'Energy for power irrigation',\"v\":0.00010186465409814996}]"}, {"source": 96, "prod": 0, "target": 47, "value": 4.6399457017377346e-05, "supply": "[{\"l\":'Energy for power irrigation',\"v\":4.6399457017377346e-05}]"}, {"source": 96, "prod": 0, "target": 95, "value": 6.0914158956146677e-06, "supply": "[{\"l\":'Energy for power irrigation',\"v\":6.0914158956146677e-06}]"}, {"source": 96, "prod": 0, "target": 80, "value": 5.6750105121253835e-05, "supply": "[{\"l\":'Energy for power irrigation',\"v\":5.6750105121253835e-05}]"}, {"source": 96, "prod": 0, "target": 51, "value": 1.1992475044491375e-05, "supply": "[{\"l\":'Energy for power irrigation',\"v\":1.1992475044491375e-05}]"}, {"source": 96, "prod": 0, "target": 5, "value": 0.0014807137490945512, "supply": "[{\"l\":'Energy for power irrigation',\"v\":0.0014807137490945512}]"}, {"source": 96, "prod": 0, "target": 55, "value": 0.00030852069727554596, "supply": "[{\"l\":'Energy for power irrigation',\"v\":0.00030852069727554596}]"}, {"source": 96, "prod": 0, "target": 57, "value": 6.9242266625932348e-06, "supply": "[{\"l\":'Energy for power irrigation',\"v\":6.9242266625932348e-06}]"}, {"source": 96, "prod": 0, "target": 60, "value": 0.00031266095651709657, "supply": "[{\"l\":'Energy for power irrigation',\"v\":0.00031266095651709657}]"}, {"source": 96, "prod": 0, "target": 26, "value": 2.2914193388581737e-05, "supply": "[{\"l\":'Energy for power irrigation',\"v\":2.2914193388581737e-05}]"}, {"source": 96, "prod": 0, "target": 63, "value": 2.7839674210426406e-05, "supply": "[{\"l\":'Energy for power irrigation',\"v\":2.7839674210426406e-05}]"}, {"source": 96, "prod": 0, "target": 15, "value": 1.7417642326523191e-05, "supply": "[{\"l\":'Energy for power irrigation',\"v\":1.7417642326523191e-05}]"}, {"source": 96, "prod": 0, "target": 14, "value": 0.01983019994008673, "supply": "[{\"l\":'Energy for power irrigation',\"v\":0.01983019994008673}]"}, {"source": 96, "prod": 0, "target": 59, "value": 8.2805184831011882e-05, "supply": "[{\"l\":'Energy for power irrigation',\"v\":8.2805184831011882e-05}]"}, {"source": 96, "prod": 0, "target": 67, "value": 0.00060704766534734925, "supply": "[{\"l\":'Energy for power irrigation',\"v\":0.00060704766534734925}]"}, {"source": 96, "prod": 0, "target": 69, "value": 1.334876686499933e-05, "supply": "[{\"l\":'Energy for power irrigation',\"v\":1.334876686499933e-05}]"}, {"source": 96, "prod": 0, "target": 70, "value": 0.00027911057990453141, "supply": "[{\"l\":'Energy for power irrigation',\"v\":0.00027911057990453141}]"}, {"source": 96, "prod": 0, "target": 11, "value": 0.00011699801546381765, "supply": "[{\"l\":'Energy for power irrigation',\"v\":0.00011699801546381765}]"}, {"source": 96, "prod": 0, "target": 75, "value": 0.0012786262678388663, "supply": "[{\"l\":'Energy for power irrigation',\"v\":0.0012786262678388663}]"}, {"source": 96, "prod": 0, "target": 61, "value": 8.2091347030744551e-06, "supply": "[{\"l\":'Energy for power irrigation',\"v\":8.2091347030744551e-06}]"}, {"source": 96, "prod": 0, "target": 84, "value": 3.8618624994463303e-05, "supply": "[{\"l\":'Energy for power irrigation',\"v\":3.8618624994463303e-05}]"}, {"source": 96, "prod": 0, "target": 78, "value": 9.8652383996946914e-05, "supply": "[{\"l\":'Energy for power irrigation',\"v\":9.8652383996946914e-05}]"}, {"source": 96, "prod": 0, "target": 2, "value": 0.0035637638340546875, "supply": "[{\"l\":'Energy for power irrigation',\"v\":0.0035637638340546875}]"}, {"source": 96, "prod": 0, "target": 79, "value": 1.5940000012751998, "supply": "[{\"l\":'Electricity',\"v\":1.5940000012751998}]"}, {"source": 97, "prod": 0, "target": 96, "value": 0.28175519968551604, "supply": [{"l": "Coal", "v": 0.1000561346804061}, {"l": "Natural gas", "v": 0.0}, {"l": "Oil", "v": 0.18169906500510996}]}, {"source": 98, "prod": 0, "target": 96, "value": 1.5192352341221453, "supply": [{"l": "Nuclear", "v": 0.0}, {"l": "Hydroelectric", "v": 1.4964382337520674}, {"l": "Renewable", "v": 0.022797000370077865}]}, {"source": 97, "prod": 0, "target": 0, "value": 5.6183237453437407, "supply": [{"l": "Gas-Diesel oil", "v": 1.7568511173957846}, {"l": "Natural gas (including LNG)", "v": 0.0015880813782031089}, {"l": "Fuel oil", "v": 0.10165370775178549}, {"l": "Liquefied petroleum gas (LPG)", "v": 0.00097553570375333808}, {"l": "Other fossil fuels", "v": 3.757255303114214}]}, {"source": 97, "prod": 0, "target": 18, "value": 0.005190287244175632, "supply": [{"l": "Gas-Diesel oil", "v": 0.00162300400579304}, {"l": "Natural gas (including LNG)", "v": 1.4670921245561213e-06}, {"l": "Fuel oil", "v": 9.3909138487171558e-05}, {"l": "Liquefied petroleum gas (LPG)", "v": 9.0121373365590292e-07}, {"l": "Other fossil fuels", "v": 0.003471005794037208}]}, {"source": 97, "prod": 0, "target": 6, "value": 0.0030817330512292818, "supply": [{"l": "Gas-Diesel oil", "v": 0.00096365862843961756}, {"l": "Natural gas (including LNG)", "v": 8.7108594895519701e-07}, {"l": "Fuel oil", "v": 5.5758550976758118e-05}, {"l": "Liquefied petroleum gas (LPG)", "v": 5.3509565435819232e-07}, {"l": "Other fossil fuels", "v": 0.0020609096902095923}]}, {"source": 97, "prod": 0, "target": 19, "value": 0.037467386043892846, "supply": [{"l": "Gas-Diesel oil", "v": 0.011716060166818507}, {"l": "Natural gas (including LNG)", "v": 1.05905712741395e-05}, {"l": "Fuel oil", "v": 0.00067790659345426971}, {"l": "Liquefied petroleum gas (LPG)", "v": 6.5056366398285495e-06}, {"l": "Other fossil fuels", "v": 0.025056323075706096}]}, {"source": 97, "prod": 0, "target": 8, "value": 0.056768766733170974, "supply": [{"l": "Gas-Diesel oil", "v": 0.017751606313361375}, {"l": "Natural gas (including LNG)", "v": 1.6046320112332578e-05}, {"l": "Fuel oil", "v": 0.001027131202203439}, {"l": "Liquefied petroleum gas (LPG)", "v": 9.8570252118614383e-06}, {"l": "Other fossil fuels", "v": 0.037964125872281963}]}, {"source": 97, "prod": 0, "target": 58, "value": 0.011353753346634195, "supply": [{"l": "Gas-Diesel oil", "v": 0.0035503212626722749}, {"l": "Natural gas (including LNG)", "v": 3.2092640224665153e-06}, {"l": "Fuel oil", "v": 0.00020542624044068779}, {"l": "Liquefied petroleum gas (LPG)", "v": 1.9714050423722877e-06}, {"l": "Other fossil fuels", "v": 0.007592825174456393}]}, {"source": 97, "prod": 0, "target": 16, "value": 0.089208062009268674, "supply": [{"l": "Gas-Diesel oil", "v": 0.027895381349567872}, {"l": "Natural gas (including LNG)", "v": 2.5215645890808331e-05}, {"l": "Fuel oil", "v": 0.0016140633177482611}, {"l": "Liquefied petroleum gas (LPG)", "v": 1.548961104721083e-05}, {"l": "Other fossil fuels", "v": 0.05965791208501451}]}, {"source": 97, "prod": 0, "target": 54, "value": 0.10980701450959071, "supply": [{"l": "Gas-Diesel oil", "v": 0.034336678497559003}, {"l": "Natural gas (including LNG)", "v": 3.1038167760140438e-05}, {"l": "Fuel oil", "v": 0.0019867652111192234}, {"l": "Liquefied petroleum gas (LPG)", "v": 1.9066303052657696e-05}, {"l": "Other fossil fuels", "v": 0.073433466330099686}]}, {"source": 97, "prod": 0, "target": 28, "value": 1.7557768568187879, "supply": [{"l": "Gas-Diesel oil", "v": 0.54903182383467675}, {"l": "Natural gas (including LNG)", "v": 0.00049628975776000038}, {"l": "Fuel oil", "v": 0.031767700753863502}, {"l": "Liquefied petroleum gas (LPG)", "v": 0.00030486370833828592}, {"l": "Other fossil fuels", "v": 1.1741761787641494}]}, {"source": 97, "prod": 0, "target": 30, "value": 0.48691382209422646, "supply": [{"l": "Gas-Diesel oil", "v": 0.15225806329345956}, {"l": "Natural gas (including LNG)", "v": 0.00013763157993492111}, {"l": "Fuel oil", "v": 0.0088098510543277823}, {"l": "Liquefied petroleum gas (LPG)", "v": 8.4545113388594383e-05}, {"l": "Other fossil fuels", "v": 0.32562373105311554}]}, {"source": 97, "prod": 0, "target": 31, "value": 0.0064878590552195393, "supply": [{"l": "Gas-Diesel oil", "v": 0.0020287550072412997}, {"l": "Natural gas (including LNG)", "v": 1.8338651556951515e-06}, {"l": "Fuel oil", "v": 0.00011738642310896445}, {"l": "Liquefied petroleum gas (LPG)", "v": 1.1265171670698786e-06}, {"l": "Other fossil fuels", "v": 0.0043387572425465102}]}, {"source": 97, "prod": 0, "target": 4, "value": 0.015408665256146406, "supply": [{"l": "Gas-Diesel oil", "v": 0.004818293142198087}, {"l": "Natural gas (including LNG)", "v": 4.3554297447759848e-06}, {"l": "Fuel oil", "v": 0.00027879275488379055}, {"l": "Liquefied petroleum gas (LPG)", "v": 2.6754782717909616e-06}, {"l": "Other fossil fuels", "v": 0.010304548451047961}]}, {"source": 97, "prod": 0, "target": 32, "value": 0.43744389679817747, "supply": [{"l": "Gas-Diesel oil", "v": 0.13678880636324464}, {"l": "Natural gas (including LNG)", "v": 0.00012364835812274559}, {"l": "Fuel oil", "v": 0.0079147795781219273}, {"l": "Liquefied petroleum gas (LPG)", "v": 7.5955419989686557e-05}, {"l": "Other fossil fuels", "v": 0.29254070707869845}]}, {"source": 97, "prod": 0, "target": 34, "value": 1.5752521786073044, "supply": [{"l": "Gas-Diesel oil", "v": 0.4925817157581876}, {"l": "Natural gas (including LNG)", "v": 0.0004452624598027828}, {"l": "Fuel oil", "v": 0.028501423530856568}, {"l": "Liquefied petroleum gas (LPG)", "v": 0.00027351836816456653}, {"l": "Other fossil fuels", "v": 1.0534502584902927}]}, {"source": 97, "prod": 0, "target": 37, "value": 0.10396794135989312, "supply": [{"l": "Gas-Diesel oil", "v": 0.032510798991041832}, {"l": "Natural gas (including LNG)", "v": 2.9387689120014804e-05}, {"l": "Fuel oil", "v": 0.0018811174303211553}, {"l": "Liquefied petroleum gas (LPG)", "v": 1.8052437602294806e-05}, {"l": "Other fossil fuels", "v": 0.06952858481180782}]}, {"source": 97, "prod": 0, "target": 38, "value": 0.037467386043892846, "supply": [{"l": "Gas-Diesel oil", "v": 0.011716060166818507}, {"l": "Natural gas (including LNG)", "v": 1.05905712741395e-05}, {"l": "Fuel oil", "v": 0.00067790659345426971}, {"l": "Liquefied petroleum gas (LPG)", "v": 6.5056366398285495e-06}, {"l": "Other fossil fuels", "v": 0.025056323075706096}]}, {"source": 97, "prod": 0, "target": 41, "value": 0.6051550533756026, "supply": [{"l": "Gas-Diesel oil", "v": 0.18923212330043224}, {"l": "Natural gas (including LNG)", "v": 0.00017105377239746525}, {"l": "Fuel oil", "v": 0.010949218615488658}, {"l": "Liquefied petroleum gas (LPG)", "v": 0.00010507588875844292}, {"l": "Other fossil fuels", "v": 0.40469758179852572}]}, {"source": 97, "prod": 0, "target": 43, "value": 0.00097317885828293105, "supply": [{"l": "Gas-Diesel oil", "v": 0.00030431325108619503}, {"l": "Natural gas (including LNG)", "v": 2.7507977335427277e-07}, {"l": "Fuel oil", "v": 1.7607963466344669e-05}, {"l": "Liquefied petroleum gas (LPG)", "v": 1.6897757506048179e-07}, {"l": "Other fossil fuels", "v": 0.00065081358638197659}]}, {"source": 97, "prod": 0, "target": 81, "value": 0.35261513965118196, "supply": [{"l": "Gas-Diesel oil", "v": 0.11026283464356465}, {"l": "Natural gas (including LNG)", "v": 9.9670571212031478e-05}, {"l": "Fuel oil", "v": 0.0063799520959722175}, {"l": "Liquefied petroleum gas (LPG)", "v": 6.1226208030247894e-05}, {"l": "Other fossil fuels", "v": 0.23581145613240281}]}, {"source": 97, "prod": 0, "target": 46, "value": 0.23145437179495709, "supply": [{"l": "Gas-Diesel oil", "v": 0.072375834883333379}, {"l": "Natural gas (including LNG)", "v": 6.5423139429424536e-05}, {"l": "Fuel oil", "v": 0.0041877606444123069}, {"l": "Liquefied petroleum gas (LPG)", "v": 4.0188499935217921e-05}, {"l": "Other fossil fuels", "v": 0.15478516462784675}]}, {"source": 97, "prod": 0, "target": 47, "value": 0.10542770964731753, "supply": [{"l": "Gas-Diesel oil", "v": 0.032967268867671123}, {"l": "Natural gas (including LNG)", "v": 2.9800308780046216e-05}, {"l": "Fuel oil", "v": 0.0019075293755206725}, {"l": "Liquefied petroleum gas (LPG)", "v": 1.8305903964885529e-05}, {"l": "Other fossil fuels", "v": 0.07050480519138079}]}, {"source": 97, "prod": 0, "target": 95, "value": 0.013840765984468354, "supply": [{"l": "Gas-Diesel oil", "v": 0.0043280106821147737}, {"l": "Natural gas (including LNG)", "v": 3.9122456654829904e-06}, {"l": "Fuel oil", "v": 0.00025042436929912423}, {"l": "Liquefied petroleum gas (LPG)", "v": 2.4032366230824079e-06}, {"l": "Other fossil fuels", "v": 0.0092560154507658893}]}, {"source": 97, "prod": 0, "target": 80, "value": 0.12894619872248836, "supply": [{"l": "Gas-Diesel oil", "v": 0.040321505768920837}, {"l": "Natural gas (including LNG)", "v": 3.6448069969441137e-05}, {"l": "Fuel oil", "v": 0.0023330551592906684}, {"l": "Liquefied petroleum gas (LPG)", "v": 2.2389528695513837e-05}, {"l": "Other fossil fuels", "v": 0.086232800195611886}]}, {"source": 97, "prod": 0, "target": 51, "value": 0.027249008031922067, "supply": [{"l": "Gas-Diesel oil", "v": 0.0085207710304134598}, {"l": "Natural gas (including LNG)", "v": 7.7022336539196361e-06}, {"l": "Fuel oil", "v": 0.00049302297705765068}, {"l": "Liquefied petroleum gas (LPG)", "v": 4.7313721016934901e-06}, {"l": "Other fossil fuels", "v": 0.018222780418695343}]}, {"source": 97, "prod": 0, "target": 5, "value": 3.3644415095604727, "supply": [{"l": "Gas-Diesel oil", "v": 1.0520616278801571}, {"l": "Natural gas (including LNG)", "v": 0.00095099662311461314}, {"l": "Fuel oil", "v": 0.060873664363731241}, {"l": "Liquefied petroleum gas (LPG)", "v": 0.0005841836399132623}, {"l": "Other fossil fuels", "v": 2.2499710370535562}]}, {"source": 97, "prod": 0, "target": 55, "value": 0.70101317091647131, "supply": [{"l": "Gas-Diesel oil", "v": 0.21920697853242246}, {"l": "Natural gas (including LNG)", "v": 0.00019814913007286112}, {"l": "Fuel oil", "v": 0.012683603016923608}, {"l": "Liquefied petroleum gas (LPG)", "v": 0.00012172017990190038}, {"l": "Other fossil fuels", "v": 0.4688027200571504}]}, {"source": 97, "prod": 0, "target": 57, "value": 0.015733058208907386, "supply": [{"l": "Gas-Diesel oil", "v": 0.0049197308925601523}, {"l": "Natural gas (including LNG)", "v": 4.447123002560743e-06}, {"l": "Fuel oil", "v": 0.0002846620760392388}, {"l": "Liquefied petroleum gas (LPG)", "v": 2.7318041301444557e-06}, {"l": "Other fossil fuels", "v": 0.010521486313175288}]}, {"source": 97, "prod": 0, "target": 60, "value": 0.71042056654653962, "supply": [{"l": "Gas-Diesel oil", "v": 0.22214867329292234}, {"l": "Natural gas (including LNG)", "v": 0.0002008082345486191}, {"l": "Fuel oil", "v": 0.012853813330431608}, {"l": "Liquefied petroleum gas (LPG)", "v": 0.00012335362979415171}, {"l": "Other fossil fuels", "v": 0.47509391805884288}]}, {"source": 97, "prod": 0, "target": 26, "value": 0.052065068918136809, "supply": [{"l": "Gas-Diesel oil", "v": 0.016280758933111435}, {"l": "Natural gas (including LNG)", "v": 1.4716767874453592e-05}, {"l": "Fuel oil", "v": 0.00094202604544943978}, {"l": "Liquefied petroleum gas (LPG)", "v": 9.0403002657357761e-06}, {"l": "Other fossil fuels", "v": 0.034818526871435745}]}, {"source": 97, "prod": 0, "target": 63, "value": 0.063256625788390516, "supply": [{"l": "Gas-Diesel oil", "v": 0.019780361320602673}, {"l": "Natural gas (including LNG)", "v": 1.7880185268027727e-05}, {"l": "Fuel oil", "v": 0.0011445176253124035}, {"l": "Liquefied petroleum gas (LPG)", "v": 1.0983542378931316e-05}, {"l": "Other fossil fuels", "v": 0.042302883114828473}]}, {"source": 97, "prod": 0, "target": 15, "value": 0.039575940236839198, "supply": [{"l": "Gas-Diesel oil", "v": 0.012375405544171931}, {"l": "Natural gas (including LNG)", "v": 1.1186577449740425e-05}, {"l": "Fuel oil", "v": 0.00071605718096468321}, {"l": "Liquefied petroleum gas (LPG)", "v": 6.8717547191262602e-06}, {"l": "Other fossil fuels", "v": 0.026466419179533712}]}, {"source": 97, "prod": 0, "target": 14, "value": 45.057694549070561, "supply": [{"l": "Gas-Diesel oil", "v": 14.089551368665285}, {"l": "Natural gas (including LNG)", "v": 0.01273605596641615}, {"l": "Fuel oil", "v": 0.81523990451002493}, {"l": "Liquefied petroleum gas (LPG)", "v": 0.0078235772365127763}, {"l": "Other fossil fuels", "v": 30.132343642692319}]}, {"source": 97, "prod": 0, "target": 59, "value": 0.18814791260136668, "supply": [{"l": "Gas-Diesel oil", "v": 0.058833895209997704}, {"l": "Natural gas (including LNG)", "v": 5.3182089515159398e-05}, {"l": "Fuel oil", "v": 0.0034042062701599694}, {"l": "Liquefied petroleum gas (LPG)", "v": 3.2668997845026482e-05}, {"l": "Other fossil fuels", "v": 0.1258239600338488}]}, {"source": 97, "prod": 0, "target": 67, "value": 1.3793188351396743, "supply": [{"l": "Gas-Diesel oil", "v": 0.43131331453950039}, {"l": "Natural gas (including LNG)", "v": 0.00038987973210078926}, {"l": "Fuel oil", "v": 0.024956353552965844}, {"l": "Liquefied petroleum gas (LPG)", "v": 0.00023949754971905622}, {"l": "Other fossil fuels", "v": 0.92241978976538808}]}, {"source": 97, "prod": 0, "target": 69, "value": 0.030330741083151352, "supply": [{"l": "Gas-Diesel oil", "v": 0.0094844296588530771}, {"l": "Natural gas (including LNG)", "v": 8.5733196028748346e-06}, {"l": "Fuel oil", "v": 0.00054878152803440887}, {"l": "Liquefied petroleum gas (LPG)", "v": 5.2664677560516824e-06}, {"l": "Other fossil fuels", "v": 0.020283690108904934}]}, {"source": 97, "prod": 0, "target": 70, "value": 0.63418822264771002, "supply": [{"l": "Gas-Diesel oil", "v": 0.19831080195783707}, {"l": "Natural gas (including LNG)", "v": 0.00017926031896920106}, {"l": "Fuel oil", "v": 0.011474522858901276}, {"l": "Liquefied petroleum gas (LPG)", "v": 0.00011011705308108063}, {"l": "Other fossil fuels", "v": 0.42411352045892137}]}, {"source": 97, "prod": 0, "target": 11, "value": 0.26584002478762064, "supply": [{"l": "Gas-Diesel oil", "v": 0.08312823642171227}, {"l": "Natural gas (including LNG)", "v": 7.5142624754608839e-05}, {"l": "Fuel oil", "v": 0.0048099086868898184}, {"l": "Liquefied petroleum gas (LPG)", "v": 4.6159040920688275e-05}, {"l": "Other fossil fuels", "v": 0.17778057801334327}]}, {"source": 97, "prod": 0, "target": 75, "value": 2.9052632849273103, "supply": [{"l": "Gas-Diesel oil", "v": 0.90847649224265414}, {"l": "Natural gas (including LNG)", "v": 0.00082120481672028891}, {"l": "Fuel oil", "v": 0.052565640268194283}, {"l": "Liquefied petroleum gas (LPG)", "v": 0.00050445438741389165}, {"l": "Other fossil fuels", "v": 1.9428954932123272}]}, {"source": 97, "prod": 0, "target": 61, "value": 0.01865259478375618, "supply": [{"l": "Gas-Diesel oil", "v": 0.0058326706458187378}, {"l": "Natural gas (including LNG)", "v": 5.2723623226235611e-06}, {"l": "Fuel oil", "v": 0.00033748596643827283}, {"l": "Liquefied petroleum gas (LPG)", "v": 3.2387368553259014e-06}, {"l": "Other fossil fuels", "v": 0.012473927072321218}]}, {"source": 97, "prod": 0, "target": 84, "value": 0.087748293721844284, "supply": [{"l": "Gas-Diesel oil", "v": 0.027438911472938584}, {"l": "Natural gas (including LNG)", "v": 2.4803026230776926e-05}, {"l": "Fuel oil", "v": 0.0015876513725487443}, {"l": "Liquefied petroleum gas (LPG)", "v": 1.5236144684620109e-05}, {"l": "Other fossil fuels", "v": 0.058681691705441553}]}, {"source": 97, "prod": 0, "target": 78, "value": 0.22415553035783511, "supply": [{"l": "Gas-Diesel oil", "v": 0.070093485500186917}, {"l": "Natural gas (including LNG)", "v": 6.3360041129267489e-05}, {"l": "Fuel oil", "v": 0.0040557009184147216}, {"l": "Liquefied petroleum gas (LPG)", "v": 3.8921168122264309e-05}, {"l": "Other fossil fuels", "v": 0.14990406272998191}]}, {"source": 97, "prod": 0, "target": 2, "value": 8.0974968868195081, "supply": [{"l": "Gas-Diesel oil", "v": 2.5320891245378667}, {"l": "Natural gas (including LNG)", "v": 0.0022888471008231186}, {"l": "Fuel oil", "v": 0.14650999468229856}, {"l": "Liquefied petroleum gas (LPG)", "v": 0.0014060060762199156}, {"l": "Other fossil fuels", "v": 5.4152029144222995}]}, {"source": 99, "prod": 264.84537070250371, "target": 0, "value": 1.7972565372238556, "supply": [{"l": "Potash", "v": 2.8289283411520314}, {"l": "Phosphate", "v": 7.0910921723395397}, {"l": "Nitrogen", "v": 14.286119636428895}]}, {"source": 99, "prod": 0.24466791369497154, "target": 18, "value": 0.0016603311063010879, "supply": [{"l": "Potash", "v": 2.8289283411520314}, {"l": "Phosphate", "v": 7.0910921723395397}, {"l": "Nitrogen", "v": 14.286119636428895}]}, {"source": 99, "prod": 0.14527157375638935, "target": 6, "value": 0.00098582159436627105, "supply": [{"l": "Potash", "v": 2.8289283411520314}, {"l": "Phosphate", "v": 7.0910921723395397}, {"l": "Nitrogen", "v": 14.286119636428895}]}, {"source": 99, "prod": 1.7661965019855759, "target": 19, "value": 0.011985515173610978, "supply": [{"l": "Potash", "v": 2.8289283411520314}, {"l": "Phosphate", "v": 7.0910921723395397}, {"l": "Nitrogen", "v": 14.286119636428895}]}, {"source": 99, "prod": 2.6760553060387511, "target": 8, "value": 0.018159871475168149, "supply": [{"l": "Potash", "v": 2.8289283411520314}, {"l": "Phosphate", "v": 7.0910921723395397}, {"l": "Nitrogen", "v": 14.286119636428895}]}, {"source": 99, "prod": 0.53521106120775019, "target": 58, "value": 0.0036319742950336295, "supply": [{"l": "Potash", "v": 2.8289283411520314}, {"l": "Phosphate", "v": 7.0910921723395397}, {"l": "Nitrogen", "v": 14.286119636428895}]}, {"source": 99, "prod": 4.2052297666323231, "target": 16, "value": 0.028536940889549944, "supply": [{"l": "Potash", "v": 2.8289283411520314}, {"l": "Phosphate", "v": 7.0910921723395397}, {"l": "Nitrogen", "v": 14.286119636428895}]}, {"source": 99, "prod": 5.1762555491092419, "target": 54, "value": 0.035126379967682392, "supply": [{"l": "Potash", "v": 2.8289283411520314}, {"l": "Phosphate", "v": 7.0910921723395397}, {"l": "Nitrogen", "v": 14.286119636428895}]}, {"source": 99, "prod": 82.766567679627087, "target": 28, "value": 0.56165888205341485, "supply": [{"l": "Potash", "v": 2.8289283411520314}, {"l": "Phosphate", "v": 7.0910921723395397}, {"l": "Nitrogen", "v": 14.286119636428895}]}, {"source": 99, "prod": 22.952908653509517, "target": 30, "value": 0.15575981190987079, "supply": [{"l": "Potash", "v": 2.8289283411520314}, {"l": "Phosphate", "v": 7.0910921723395397}, {"l": "Nitrogen", "v": 14.286119636428895}]}, {"source": 99, "prod": 0.3058348921187144, "target": 31, "value": 0.0020754138828763596, "supply": [{"l": "Potash", "v": 2.8289283411520314}, {"l": "Phosphate", "v": 7.0910921723395397}, {"l": "Nitrogen", "v": 14.286119636428895}]}, {"source": 99, "prod": 0.72635786878194675, "target": 4, "value": 0.0049291079718313544, "supply": [{"l": "Potash", "v": 2.8289283411520314}, {"l": "Phosphate", "v": 7.0910921723395397}, {"l": "Nitrogen", "v": 14.286119636428895}]}, {"source": 99, "prod": 20.62091760110432, "target": 32, "value": 0.13993478105293855, "supply": [{"l": "Potash", "v": 2.8289283411520314}, {"l": "Phosphate", "v": 7.0910921723395397}, {"l": "Nitrogen", "v": 14.286119636428895}]}, {"source": 99, "prod": 74.256711806423866, "target": 34, "value": 0.50391049076238015, "supply": [{"l": "Potash", "v": 2.8289283411520314}, {"l": "Phosphate", "v": 7.0910921723395397}, {"l": "Nitrogen", "v": 14.286119636428895}]}, {"source": 99, "prod": 4.901004146202399, "target": 37, "value": 0.033258507473093668, "supply": [{"l": "Potash", "v": 2.8289283411520314}, {"l": "Phosphate", "v": 7.0910921723395397}, {"l": "Nitrogen", "v": 14.286119636428895}]}, {"source": 99, "prod": 1.7661965019855759, "target": 38, "value": 0.011985515173610978, "supply": [{"l": "Potash", "v": 2.8289283411520314}, {"l": "Phosphate", "v": 7.0910921723395397}, {"l": "Nitrogen", "v": 14.286119636428895}]}, {"source": 99, "prod": 28.526749562373087, "target": 41, "value": 0.19358422992529245, "supply": [{"l": "Potash", "v": 2.8289283411520314}, {"l": "Phosphate", "v": 7.0910921723395397}, {"l": "Nitrogen", "v": 14.286119636428895}]}, {"source": 99, "prod": 0.045875233817807164, "target": 43, "value": 0.00031131208243145397, "supply": [{"l": "Potash", "v": 2.8289283411520314}, {"l": "Phosphate", "v": 7.0910921723395397}, {"l": "Nitrogen", "v": 14.286119636428895}]}, {"source": 99, "prod": 16.622126386652127, "target": 81, "value": 0.11279874453433016, "supply": [{"l": "Potash", "v": 2.8289283411520314}, {"l": "Phosphate", "v": 7.0910921723395397}, {"l": "Nitrogen", "v": 14.286119636428895}]}, {"source": 99, "prod": 10.910659776335137, "target": 46, "value": 0.074040390271614145, "supply": [{"l": "Potash", "v": 2.8289283411520314}, {"l": "Phosphate", "v": 7.0910921723395397}, {"l": "Nitrogen", "v": 14.286119636428895}]}, {"source": 99, "prod": 4.9698169969291097, "target": 47, "value": 0.033725475596740849, "supply": [{"l": "Potash", "v": 2.8289283411520314}, {"l": "Phosphate", "v": 7.0910921723395397}, {"l": "Nitrogen", "v": 14.286119636428895}]}, {"source": 99, "prod": 0.65244776985325748, "target": 95, "value": 0.0044275496168029015, "supply": [{"l": "Potash", "v": 2.8289283411520314}, {"l": "Phosphate", "v": 7.0910921723395397}, {"l": "Nitrogen", "v": 14.286119636428895}]}, {"source": 99, "prod": 6.0784684808594491, "target": 80, "value": 0.041248850922167651, "supply": [{"l": "Potash", "v": 2.8289283411520314}, {"l": "Phosphate", "v": 7.0910921723395397}, {"l": "Nitrogen", "v": 14.286119636428895}]}, {"source": 99, "prod": 1.2845065468986006, "target": 51, "value": 0.0087167383080807119, "supply": [{"l": "Potash", "v": 2.8289283411520314}, {"l": "Phosphate", "v": 7.0910921723395397}, {"l": "Nitrogen", "v": 14.286119636428895}]}, {"source": 99, "prod": 158.59832918046231, "target": 5, "value": 1.0762577543126082, "supply": [{"l": "Potash", "v": 2.8289283411520314}, {"l": "Phosphate", "v": 7.0910921723395397}, {"l": "Nitrogen", "v": 14.286119636428895}]}, {"source": 99, "prod": 33.045460093427089, "target": 55, "value": 0.22424847004479068, "supply": [{"l": "Potash", "v": 2.8289283411520314}, {"l": "Phosphate", "v": 7.0910921723395397}, {"l": "Nitrogen", "v": 14.286119636428895}]}, {"source": 99, "prod": 0.74164961338788249, "target": 57, "value": 0.0050328786659751728, "supply": [{"l": "Potash", "v": 2.8289283411520314}, {"l": "Phosphate", "v": 7.0910921723395397}, {"l": "Nitrogen", "v": 14.286119636428895}]}, {"source": 99, "prod": 33.488920686999229, "target": 60, "value": 0.22725782017496141, "supply": [{"l": "Potash", "v": 2.8289283411520314}, {"l": "Phosphate", "v": 7.0910921723395397}, {"l": "Nitrogen", "v": 14.286119636428895}]}, {"source": 99, "prod": 2.4543250092526834, "target": 26, "value": 0.016655196410082788, "supply": [{"l": "Potash", "v": 2.8289283411520314}, {"l": "Phosphate", "v": 7.0910921723395397}, {"l": "Nitrogen", "v": 14.286119636428895}]}, {"source": 99, "prod": 2.9818901981574655, "target": 63, "value": 0.020235285358044506, "supply": [{"l": "Potash", "v": 2.8289283411520314}, {"l": "Phosphate", "v": 7.0910921723395397}, {"l": "Nitrogen", "v": 14.286119636428895}]}, {"source": 99, "prod": 1.8655928419241581, "target": 15, "value": 0.012660024685545796, "supply": [{"l": "Potash", "v": 2.8289283411520314}, {"l": "Phosphate", "v": 7.0910921723395397}, {"l": "Nitrogen", "v": 14.286119636428895}]}, {"source": 99, "prod": 2124.0003881475627, "target": 14, "value": 14.413593760535102, "supply": [{"l": "Potash", "v": 2.8289283411520314}, {"l": "Phosphate", "v": 7.0910921723395397}, {"l": "Nitrogen", "v": 14.286119636428895}]}, {"source": 99, "prod": 8.8692118714427188, "target": 59, "value": 0.06018700260341444, "supply": [{"l": "Potash", "v": 2.8289283411520314}, {"l": "Phosphate", "v": 7.0910921723395397}, {"l": "Nitrogen", "v": 14.286119636428895}]}, {"source": 99, "prod": 65.020498064438698, "target": 67, "value": 0.44123299149951412, "supply": [{"l": "Potash", "v": 2.8289283411520314}, {"l": "Phosphate", "v": 7.0910921723395397}, {"l": "Nitrogen", "v": 14.286119636428895}]}, {"source": 99, "prod": 1.42977812065499, "target": 69, "value": 0.009702559902446983, "supply": [{"l": "Potash", "v": 2.8289283411520314}, {"l": "Phosphate", "v": 7.0910921723395397}, {"l": "Nitrogen", "v": 14.286119636428895}]}, {"source": 99, "prod": 29.895360704604332, "target": 70, "value": 0.20287170705116417, "supply": [{"l": "Potash", "v": 2.8289283411520314}, {"l": "Phosphate", "v": 7.0910921723395397}, {"l": "Nitrogen", "v": 14.286119636428895}]}, {"source": 99, "prod": 12.531584704564324, "target": 11, "value": 0.085040083850858844, "supply": [{"l": "Potash", "v": 2.8289283411520314}, {"l": "Phosphate", "v": 7.0910921723395397}, {"l": "Nitrogen", "v": 14.286119636428895}]}, {"source": 99, "prod": 136.95286469076032, "target": 75, "value": 0.92937033675203395, "supply": [{"l": "Potash", "v": 2.8289283411520314}, {"l": "Phosphate", "v": 7.0910921723395397}, {"l": "Nitrogen", "v": 14.286119636428895}]}, {"source": 99, "prod": 0.87927531484130406, "target": 61, "value": 0.0059668149132695346, "supply": [{"l": "Potash", "v": 2.8289283411520314}, {"l": "Phosphate", "v": 7.0910921723395397}, {"l": "Nitrogen", "v": 14.286119636428895}]}, {"source": 99, "prod": 4.1364169159056132, "target": 84, "value": 0.028069972765902767, "supply": [{"l": "Potash", "v": 2.8289283411520314}, {"l": "Phosphate", "v": 7.0910921723395397}, {"l": "Nitrogen", "v": 14.286119636428895}]}, {"source": 99, "prod": 10.566595522701583, "target": 78, "value": 0.071705549653378234, "supply": [{"l": "Potash", "v": 2.8289283411520314}, {"l": "Phosphate", "v": 7.0910921723395397}, {"l": "Nitrogen", "v": 14.286119636428895}]}, {"source": 99, "prod": 381.71252885336747, "target": 2, "value": 2.5903240672179848, "supply": [{"l": "Potash", "v": 2.8289283411520314}, {"l": "Phosphate", "v": 7.0910921723395397}, {"l": "Nitrogen", "v": 14.286119636428895}]}, {"source": 97, "prod": 0, "target": 99, "value": 31.128408017362439, "supply": [{"l": "Natural gas (including LNG)", "v": 20.596171141869256}, {"l": "Fuel oil", "v": 8.00686255772818}, {"l": "Liquefied petroleum gas (LPG)", "v": 1.2626871588825015}, {"l": "Coal", "v": 1.2626871588825015}]}, {"source": 100, "prod": 0, "target": 19, "value": 0.0056826385520576507, "supply": "[{\"l\":'Labor',\"v\":0.0056826385520576507}]"}, {"source": 100, "prod": 0, "target": 37, "value": 0.015768706977787681, "supply": "[{\"l\":'Labor',\"v\":0.015768706977787681}]"}, {"source": 100, "prod": 0, "target": 38, "value": 0.0056826385520576507, "supply": "[{\"l\":'Labor',\"v\":0.0056826385520576507}]"}, {"source": 100, "prod": 0, "target": 41, "value": 0.091783222674143267, "supply": "[{\"l\":'Labor',\"v\":0.091783222674143267}]"}, {"source": 100, "prod": 0, "target": 43, "value": 0.00014760100135214677, "supply": "[{\"l\":'Labor',\"v\":0.00014760100135214677}]"}, {"source": 100, "prod": 0, "target": 15, "value": 0.0060024407216539696, "supply": "[{\"l\":'Labor',\"v\":0.0060024407216539696}]"}, {"source": 100, "prod": 0, "target": 28, "value": 0.26629680660616478, "supply": "[{\"l\":'Labor',\"v\":0.26629680660616478}]"}, {"source": 100, "prod": 0, "target": 32, "value": 0.066346650107789978, "supply": "[{\"l\":'Labor',\"v\":0.066346650107789978}]"}, {"source": 100, "prod": 0, "target": 34, "value": 0.23891682085534158, "supply": "[{\"l\":'Labor',\"v\":0.23891682085534158}]"}, {"source": 100, "prod": 0, "target": 47, "value": 0.015990108479815902, "supply": "[{\"l\":'Labor',\"v\":0.015990108479815902}]"}, {"source": 100, "prod": 0, "target": 80, "value": 0.019557132679159449, "supply": "[{\"l\":'Labor',\"v\":0.019557132679159449}]"}, {"source": 100, "prod": 0, "target": 51, "value": 0.0041328280378601099, "supply": "[{\"l\":'Labor',\"v\":0.0041328280378601099}]"}, {"source": 100, "prod": 0, "target": 5, "value": 0.51028126184126343, "supply": "[{\"l\":'Labor',\"v\":0.51028126184126343}]"}, {"source": 100, "prod": 0, "target": 60, "value": 0.10774873098706715, "supply": "[{\"l\":'Labor',\"v\":0.10774873098706715}]"}, {"source": 100, "prod": 0, "target": 84, "value": 0.013308690288585235, "supply": "[{\"l\":'Labor',\"v\":0.013308690288585235}]"}, {"source": 100, "prod": 0, "target": 78, "value": 0.03399743064477781, "supply": "[{\"l\":'Labor',\"v\":0.03399743064477781}]"}, {"source": 100, "prod": 0, "target": 0, "value": 0.85212518097283529, "supply": "[{\"l\":'Labor',\"v\":0.85212518097283529}]"}, {"source": 100, "prod": 0, "target": 92, "value": 2.4600166892024463e-05, "supply": "[{\"l\":'Labor',\"v\":2.4600166892024463e-05}]"}, {"source": 100, "prod": 0, "target": 16, "value": 0.013530091790613452, "supply": "[{\"l\":'Labor',\"v\":0.013530091790613452}]"}, {"source": 100, "prod": 0, "target": 30, "value": 0.073849701009857438, "supply": "[{\"l\":'Labor',\"v\":0.073849701009857438}]"}, {"source": 100, "prod": 0, "target": 31, "value": 0.00098400667568097834, "supply": "[{\"l\":'Labor',\"v\":0.00098400667568097834}]"}, {"source": 100, "prod": 0, "target": 4, "value": 0.0023370158547423238, "supply": "[{\"l\":'Labor',\"v\":0.0023370158547423238}]"}, {"source": 100, "prod": 0, "target": 57, "value": 0.0023862161885263729, "supply": "[{\"l\":'Labor',\"v\":0.0023862161885263729}]"}, {"source": 100, "prod": 0, "target": 42, "value": 0.00039360267027239141, "supply": "[{\"l\":'Labor',\"v\":0.00039360267027239141}]"}, {"source": 100, "prod": 0, "target": 46, "value": 0.035104438154918913, "supply": "[{\"l\":'Labor',\"v\":0.035104438154918913}]"}, {"source": 100, "prod": 0, "target": 81, "value": 0.053480762823261176, "supply": "[{\"l\":'Labor',\"v\":0.053480762823261176}]"}, {"source": 100, "prod": 0, "target": 14, "value": 6.8338525621037194, "supply": "[{\"l\":'Labor',\"v\":6.8338525621037194}]"}, {"source": 100, "prod": 0, "target": 59, "value": 0.028536193594748377, "supply": "[{\"l\":'Labor',\"v\":0.028536193594748377}]"}, {"source": 100, "prod": 0, "target": 69, "value": 0.0046002312088085744, "supply": "[{\"l\":'Labor',\"v\":0.0046002312088085744}]"}, {"source": 100, "prod": 0, "target": 58, "value": 0.0017220116824417124, "supply": "[{\"l\":'Labor',\"v\":0.0017220116824417124}]"}, {"source": 100, "prod": 0, "target": 18, "value": 0.00078720534054478283, "supply": "[{\"l\":'Labor',\"v\":0.00078720534054478283}]"}, {"source": 100, "prod": 0, "target": 6, "value": 0.00046740317094846483, "supply": "[{\"l\":'Labor',\"v\":0.00046740317094846483}]"}, {"source": 100, "prod": 0, "target": 70, "value": 0.096186652547815651, "supply": "[{\"l\":'Labor',\"v\":0.096186652547815651}]"}, {"source": 100, "prod": 0, "target": 8, "value": 0.0086100584122085627, "supply": "[{\"l\":'Labor',\"v\":0.0086100584122085627}]"}, {"source": 100, "prod": 0, "target": 95, "value": 0.0020992142414527543, "supply": "[{\"l\":'Labor',\"v\":0.0020992142414527543}]"}, {"source": 100, "prod": 0, "target": 54, "value": 0.01665431298590056, "supply": "[{\"l\":'Labor',\"v\":0.01665431298590056}]"}, {"source": 100, "prod": 0, "target": 55, "value": 0.10632192130732972, "supply": "[{\"l\":'Labor',\"v\":0.10632192130732972}]"}, {"source": 100, "prod": 0, "target": 26, "value": 0.0078966535723398526, "supply": "[{\"l\":'Labor',\"v\":0.0078966535723398526}]"}, {"source": 100, "prod": 0, "target": 63, "value": 0.00959406508788954, "supply": "[{\"l\":'Labor',\"v\":0.00959406508788954}]"}, {"source": 100, "prod": 0, "target": 67, "value": 0.20919981924977604, "supply": "[{\"l\":'Labor',\"v\":0.20919981924977604}]"}, {"source": 100, "prod": 0, "target": 68, "value": 7.3800500676073387e-05, "supply": "[{\"l\":'Labor',\"v\":7.3800500676073387e-05}]"}, {"source": 100, "prod": 0, "target": 9, "value": 0.00014760100135214677, "supply": "[{\"l\":'Labor',\"v\":0.00014760100135214677}]"}, {"source": 100, "prod": 0, "target": 11, "value": 0.040319673536028097, "supply": "[{\"l\":'Labor',\"v\":0.040319673536028097}]"}, {"source": 100, "prod": 0, "target": 82, "value": 0.0022140150202822019, "supply": "[{\"l\":'Labor',\"v\":0.0022140150202822019}]"}, {"source": 100, "prod": 0, "target": 75, "value": 0.4406381893699422, "supply": "[{\"l\":'Labor',\"v\":0.4406381893699422}]"}, {"source": 100, "prod": 0, "target": 2, "value": 1.2281387319174293, "supply": "[{\"l\":'Labor',\"v\":1.2281387319174293}]"}, {"source": 100, "prod": 0, "target": 61, "value": 0.0028290191925828133, "supply": "[{\"l\":'Labor',\"v\":0.0028290191925828133}]"}, {"source": 97, "prod": 0, "target": 90, "value": 7.6890303094385022, "supply": "[{\"l\":'Fossil Fuels',\"v\":7.6890303094385022}]"}, {"source": 98, "prod": 0, "target": 90, "value": 5.9577585249227285, "supply": "[{\"l\":'Renewables & Nuclear',\"v\":1.2237951254375796},{\"l\":'Biomass & Waste',\"v\":4.7339633994851491}]"}]}