{"nodes": [{"layer": 13, "name": "Other Processed", "fill": "#9c9ede"}, {"layer": 10, "name": "Feed", "fill": "#dbdb8d"}, {"layer": 13, "name": "Animal Products", "fill": "#17becf"}, {"layer": 5, "name": "Cereals", "fill": "#e7ba52"}, {"layer": 5, "name": "Oilcrops", "fill": "#ff9896"}, {"layer": 5, "name": "Fruits, Roots & Vegetables", "fill": "#98df8a"}, {"layer": 5, "name": "Sugar Crops", "fill": "#ffbb78"}, {"layer": 13, "name": "Aquatic Products", "fill": "#1f77b4"}, {"layer": 16, "name": "Food", "fill": "#b5cf6b"}, {"layer": 13, "name": "Sugar", "fill": "#d6616b"}, {"layer": 13, "name": "Vegetable Oils", "fill": "#f7b6d2"}, {"layer": 10, "name": "Processing", "fill": "#9edae5"}, {"layer": 16, "name": "Biofuels & Other", "fill": "#e7ba52"}, {"name": "Waste", "fill": "#c7c7c7"}, {"layer": 2, "name": "Import", "fill": "#aec7e8"}, {"layer": 16, "name": "Export", "fill": "#aec7e8"}, {"layer": 0, "name": "Stock Draw", "fill": "#c7c7c7"}, {"layer": 16, "name": "Stock Deposit", "fill": "#c7c7c7"}, {"layer": 2, "name": "Electricity", "fill": "#bcbd22"}, {"layer": 0, "name": "Fossil Fuels", "fill": "#c49c94"}, {"layer": 0, "name": "Renewables & Nuclear", "fill": "#2ca02c"}, {"layer": 2, "name": "Fertilizers", "fill": "#c5b0d5"}, {"layer": 0, "name": "Labor", "fill": "#7f7f7f"}], "links": [{"source": 0, "prod": 1.0, "target": 1, "value": 0.0081886829361764151, "supply": [{"l": "Fish, Body Oil", "v": 0.0081886829361764151}]}, {"source": 2, "prod": 784.0, "target": 1, "value": 0.54083355980699077, "supply": [{"l": "Milk - Excluding Butter", "v": 0.54083355980699077}]}, {"source": 3, "prod": 8972.0, "target": 1, "value": 32.618948760924297, "supply": [{"l": "Maize", "v": 32.521484422404917}, {"l": "Cereals, Other", "v": 0.051748774504228573}, {"l": "Rye", "v": 0.0097961922889615374}, {"l": "Millet", "v": 0.0065307948593076922}, {"l": "Barley", "v": 0.016326987148269231}, {"l": "Sorghum", "v": 0.013061589718615384}]}, {"source": 4, "prod": 65.0, "target": 1, "value": 0.13139337276464289, "supply": [{"l": "Soyabeans", "v": 0.13139337276464289}]}, {"source": 5, "prod": 15712.0, "target": 1, "value": 15.36804878746538, "supply": [{"l": "Yams", "v": 0.059847775841852455}, {"l": "Sweet potatoes", "v": 0.86690622805258044}, {"l": "Cassava", "v": 14.441294783570948}]}, {"source": 6, "prod": 9000.0, "target": 1, "value": 3.4111741006205363, "supply": [{"l": "Sugar cane", "v": 3.4111741006205363}]}, {"source": 7, "prod": 88.0, "target": 1, "value": 0.075441328660100546, "supply": [{"l": "Pelagic Fish", "v": 0.0424501665855}, {"l": "Fish, Seafood", "v": 0.032991162074600545}]}, {"source": 0, "prod": 1600.0, "target": 8, "value": 3.4202040185578153, "supply": [{"l": "Beer", "v": 0.36718724535470348}, {"l": "Beverages, Alcoholic", "v": 0.85729819184739653}, {"l": "Butter, Ghee", "v": 0.36579398866228724}, {"l": "Fats, Animals, Raw", "v": 1.6662193348867822}, {"l": "Wine", "v": 0.16370525780664619}]}, {"source": 2, "prod": 9879.0, "target": 8, "value": 10.359613128611649, "supply": [{"l": "Mutton & Goat Meat", "v": 0.12303353366305933}, {"l": "Eggs", "v": 0.44798191424760475}, {"l": "Pigmeat", "v": 1.7127672543393238}, {"l": "Poultry Meat", "v": 0.69417873936643781}, {"l": "Milk - Excluding Butter", "v": 4.4853313850319561}, {"l": "Meat, Other", "v": 0.041035161032650001}, {"l": "Offals, Edible", "v": 0.16406415734395946}, {"l": "Bovine Meat", "v": 2.6912209835866565}]}, {"source": 3, "prod": 9360.0, "target": 8, "value": 34.468973060114344, "supply": [{"l": "Maize", "v": 7.706668026288976}, {"l": "Rye", "v": 0.0424501665855}, {"l": "Cereals, Other", "v": 0.012937193626057143}, {"l": "Rice", "v": 16.064471796332892}, {"l": "Wheat", "v": 10.561158324244857}, {"l": "Oats", "v": 0.081287553036063831}]}, {"source": 4, "prod": 644.0, "target": 8, "value": 2.1292415230434547, "supply": [{"l": "Olives", "v": 0.039953097962823536}, {"l": "Sunflower seed", "v": 0.0424501665855}, {"l": "Coconuts - Incl Copra", "v": 0.57126735808083717}, {"l": "Sesame seed", "v": 0.0065307948593076922}, {"l": "Groundnuts", "v": 1.4286113754735579}, {"l": "Soyabeans", "v": 0.040428730081428582}]}, {"source": 5, "prod": 25722.0, "target": 8, "value": 25.978340460914641, "supply": [{"l": "Infant food", "v": 0.0424501665855}, {"l": "Nuts", "v": 0.32588006671696967}, {"l": "Yams", "v": 0.082116715689983605}, {"l": "Cocoa Beans", "v": 0.040091823997416676}, {"l": "Tomatoes", "v": 0.1630472307488523}, {"l": "Coffee", "v": 0.28545648693183279}, {"l": "Treenuts", "v": 0.32588006671696967}, {"l": "Vegetables, Other", "v": 0.40779807249028494}, {"l": "Peas", "v": 0.0424501665855}, {"l": "Grapes", "v": 0.2042823716230546}, {"l": "Potatoes", "v": 0.89697425809748066}, {"l": "Pepper", "v": 0.0011622222200000001}, {"l": "Beans", "v": 7.786796064660404}, {"l": "Pulses, Other", "v": 0.24635014706995084}, {"l": "Lemons, Limes", "v": 0.092977777600000006}, {"l": "Pineapples", "v": 0.12207562698552071}, {"l": "Bananas", "v": 3.0585624883688673}, {"l": "Spices, Other", "v": 0.0084900333171}, {"l": "Tea", "v": 0.040986367737724141}, {"l": "Fruits, Other", "v": 0.61196736967207022}, {"l": "Sweet potatoes", "v": 0.89735960842913498}, {"l": "Grapefruit", "v": 0.01812909214779692}, {"l": "Oranges, Mandarines", "v": 0.8563159151510058}, {"l": "Cassava", "v": 9.2164996408142628}, {"l": "Onions", "v": 0.12258081811767978}, {"l": "Apples", "v": 0.081659862439282443}]}, {"source": 6, "prod": 215.0, "target": 8, "value": 0.081489159070379472, "supply": [{"l": "Sugar cane", "v": 0.081489159070379472}]}, {"source": 9, "prod": 3964.0, "target": 8, "value": 16.41356102804157, "supply": [{"l": "Sugar", "v": 15.535848063484712}, {"l": "Sugar non-centrifugal", "v": 0.81634935741346171}, {"l": "Sweeteners, Other", "v": 0.018913440557896042}, {"l": "Honey", "v": 0.042450166585500007}]}, {"source": 7, "prod": 1414.0, "target": 8, "value": 1.0630316226553278, "supply": [{"l": "Crustaceans", "v": 0.040774502115019741}, {"l": "Marine Fish, Other", "v": 0.040273234965730771}, {"l": "Demersal Fish", "v": 0.20385673219025421}, {"l": "Freshwater Fish", "v": 0.081972735475448283}, {"l": "Pelagic Fish", "v": 0.1630472307488523}, {"l": "Fish, Seafood", "v": 0.53010799060778602}, {"l": "Cephalopods", "v": 0.00074979913805910332}, {"l": "Molluscs, Other", "v": 0.0022493974141773103}]}, {"source": 10, "prod": 500.0, "target": 8, "value": 5.1836533206486068, "supply": [{"l": "Ricebran Oil", "v": 0.031837624939125002}, {"l": "Maize Germ Oil", "v": 0.37113574214751438}, {"l": "Groundnut Oil", "v": 1.020040410670995}, {"l": "Soyabean Oil", "v": 1.7103468281250871}, {"l": "Palm Oil", "v": 0.0424501665855}, {"l": "Olive Oil", "v": 0.11825403548817859}, {"l": "Coconut Oil", "v": 0.0097961922889615374}, {"l": "Cottonseed Oil", "v": 1.5086565782557304}, {"l": "Palmkernel Oil", "v": 0.37113574214751438}]}, {"source": 5, "prod": 271.0, "target": 11, "value": 0.19631391031860926, "supply": [{"l": "Grapes", "v": 0.19631391031860926}]}, {"source": 6, "prod": 51335.0, "target": 11, "value": 19.456958050595027, "supply": [{"l": "Sugar cane", "v": 19.456958050595027}]}, {"source": 3, "prod": 186.0, "target": 11, "value": 0.62013485656922973, "supply": [{"l": "Maize", "v": 0.021821617818656845}, {"l": "Barley", "v": 0.55511756304115389}, {"l": "Rice", "v": 0.043195675709418901}]}, {"source": 4, "prod": 2866.0, "target": 11, "value": 8.0155285203574653, "supply": [{"l": "Coconuts - Incl Copra", "v": 0.015356649410775193}, {"l": "Cottonseed", "v": 2.284817789748971}, {"l": "Soyabeans", "v": 1.9911149565103574}, {"l": "Groundnuts", "v": 2.1460917551558332}, {"l": "Palm kernels", "v": 0.36457201891076479}, {"l": "Oilcrops, Other", "v": 1.1286750174497648}, {"l": "Oil Palm", "v": 0.084900333171}]}, {"source": 0, "prod": 858.0, "target": 12, "value": 2.2890910573600998, "supply": [{"l": "Fats, Animals, Raw", "v": 1.7239596088680074}, {"l": "Alcohol, Non-Food", "v": 0.5651314484920924}]}, {"source": 2, "prod": 177.0, "target": 12, "value": 0.2119945827793642, "supply": [{"l": "Pigmeat", "v": 0.018100578645593911}, {"l": "Offals, Edible", "v": 0.19389400413377028}]}, {"source": 4, "prod": 287.0, "target": 12, "value": 0.71665869470814714, "supply": [{"l": "Cottonseed", "v": 0.48692838142191186}, {"l": "Oilcrops, Other", "v": 0.024970686226764714}, {"l": "Palm kernels", "v": 0.20475962705947062}]}, {"source": 5, "prod": 2107.0, "target": 12, "value": 2.0538513742142412, "supply": [{"l": "Cassava", "v": 2.0538513742142412}]}, {"source": 6, "prod": 9898.0, "target": 12, "value": 3.7515334719935636, "supply": [{"l": "Sugar cane", "v": 3.7515334719935636}]}, {"source": 10, "prod": 78.0, "target": 12, "value": 0.83279132434970005, "supply": [{"l": "Soyabean Oil", "v": 0.031097215056819769}, {"l": "Rape and Mustard Oil", "v": 0.020699002586901546}, {"l": "Palmkernel Oil", "v": 0.49120907048935719}, {"l": "Oilcrops Oil, Other", "v": 0.28978603621662163}]}, {"source": 5, "prod": 745.0, "target": 5, "value": 1.1903840915529029, "supply": [{"l": "Vegetables, Other", "v": 0.0020159509233276798}, {"l": "Potatoes", "v": 0.30692440304524954}, {"l": "Yams", "v": 0.0097426611835573773}, {"l": "Sweet potatoes", "v": 0.18576562029698152}, {"l": "Beans", "v": 0.61495321033786887}, {"l": "Pulses, Other", "v": 0.070982245765918023}]}, {"source": 2, "prod": 20.0, "target": 2, "value": 0.029184489527531249, "supply": [{"l": "Eggs", "v": 0.029184489527531249}]}, {"source": 3, "prod": 705.0, "target": 3, "value": 2.6087528026947711, "supply": [{"l": "Maize", "v": 0.96015118402090127}, {"l": "Wheat", "v": 0.58910507415585478}, {"l": "Oats", "v": 0.0054191702024042557}, {"l": "Rye", "v": 0.0065307948593076922}, {"l": "Barley", "v": 0.0065307948593076922}, {"l": "Rice", "v": 1.0410157845969956}]}, {"source": 4, "prod": 216.0, "target": 4, "value": 0.58359451168071219, "supply": [{"l": "Soyabeans", "v": 0.13947911878092858}, {"l": "Cottonseed", "v": 0.30214530334385298}, {"l": "Groundnuts", "v": 0.1269876778198718}, {"l": "Oilcrops, Other", "v": 0.014982411736058824}]}, {"source": 0, "prod": 4.0, "target": 13, "value": 0.0034830905916307699, "supply": [{"l": "Wine", "v": 0.0034830905916307699}]}, {"source": 2, "prod": 381.0, "target": 13, "value": 0.27052241145814521, "supply": [{"l": "Milk - Excluding Butter", "v": 0.25593016669437957}, {"l": "Eggs", "v": 0.014592244763765624}]}, {"source": 3, "prod": 2200.0, "target": 13, "value": 8.2922375156412862, "supply": [{"l": "Maize", "v": 5.171723423021672}, {"l": "Oats", "v": 0.0018063900674680853}, {"l": "Rye", "v": 0.0032653974296538461}, {"l": "Barley", "v": 0.0065307948593076922}, {"l": "Rice", "v": 2.5442252992847738}, {"l": "Wheat", "v": 0.56468621097840999}]}, {"source": 4, "prod": 76.0, "target": 13, "value": 0.19851695550277942, "supply": [{"l": "Oilcrops, Other", "v": 0.032461892094794123}, {"l": "Coconuts - Incl Copra", "v": 0.066033592466333349}, {"l": "Groundnuts", "v": 0.082541990582916669}, {"l": "Palm kernels", "v": 0.017479480358735297}]}, {"source": 5, "prod": 5354.0, "target": 13, "value": 4.5592778678689472, "supply": [{"l": "Grapes", "v": 0.044188739961015362}, {"l": "Potatoes", "v": 0.10504364596201056}, {"l": "Fruits, Other", "v": 0.16222993599554145}, {"l": "Yams", "v": 0.020877131107622952}, {"l": "Grapefruit", "v": 0.0032961985723267127}, {"l": "Beans", "v": 0.25851536230763911}, {"l": "Cocoa Beans", "v": 0.037733481409333337}, {"l": "Tomatoes", "v": 0.018330753752829547}, {"l": "Pepper", "v": 0.0011622222200000001}, {"l": "Lemons, Limes", "v": 0.016271111080000001}, {"l": "Bananas", "v": 0.56634590742972768}, {"l": "Tea", "v": 0.002927597695551724}, {"l": "Apples", "v": 0.0090733180488091602}, {"l": "Vegetables, Other", "v": 0.052414724006519677}, {"l": "Sweet potatoes", "v": 0.21621900067353589}, {"l": "Oranges, Mandarines", "v": 0.11875201710870714}, {"l": "Cassava", "v": 2.8716877780897745}, {"l": "Onions", "v": 0.013832076752578653}, {"l": "Pineapples", "v": 0.032026013252374259}, {"l": "Pulses, Other", "v": 0.0083508524430491796}]}, {"source": 6, "prod": 9305.0, "target": 13, "value": 3.5267750006971208, "supply": [{"l": "Sugar cane", "v": 3.5267750006971208}]}, {"source": 14, "prod": 75.0, "target": 11, "value": 0.61303446213331825, "supply": [{"l": "Olive Oil", "v": 0.11825403548817859}, {"l": "Rape and Mustard Oil", "v": 0.020699002586901546}, {"l": "Wine", "v": 0.0017415452958153849}, {"l": "Fats, Animals, Raw", "v": 0.39593330729982945}, {"l": "Soyabean Oil", "v": 0.051828691761366279}, {"l": "Palmkernel Oil", "v": 0.010915757121985717}, {"l": "Beverages, Alcoholic", "v": 0.013662122579241383}]}, {"source": 14, "prod": 2200.0, "target": 3, "value": 6.7274951398079228, "supply": [{"l": "Maize", "v": 0.025458554121766321}, {"l": "Oats", "v": 0.041546971551765954}, {"l": "Sorghum", "v": 0.0065307948593076922}, {"l": "Cereals, Other", "v": 0.064685968130285709}, {"l": "Wheat", "v": 6.0864016469781053}, {"l": "Millet", "v": 0.0065307948593076922}, {"l": "Barley", "v": 0.49634040930738466}]}, {"source": 14, "prod": 15.0, "target": 4, "value": 0.037456029340147065, "supply": [{"l": "Olives", "v": 0.037456029340147065}]}, {"source": 14, "prod": 244.0, "target": 5, "value": 0.29163662772950405, "supply": [{"l": "Potatoes", "v": 0.0098478418089384887}, {"l": "Nuts", "v": 0.027442531934060606}, {"l": "Infant food", "v": 0.0424501665855}, {"l": "Beans", "v": 0.0078337988578072466}, {"l": "Apples", "v": 0.070642261951442742}, {"l": "Pulses, Other", "v": 0.016701704886098359}, {"l": "Spices, Other", "v": 0.0084900333171}, {"l": "Fruits, Other", "v": 0.020278741999442681}, {"l": "Vegetables, Other", "v": 0.0057598597809362271}, {"l": "Peas", "v": 0.0424501665855}, {"l": "Treenuts", "v": 0.027442531934060606}, {"l": "Grapes", "v": 0.010866083596970992}, {"l": "Onions", "v": 0.0014309044916460676}]}, {"source": 14, "prod": 617.0, "target": 1, "value": 0.43576555560327523, "supply": [{"l": "Milk - Excluding Butter", "v": 0.16418161636997933}, {"l": "Fish, Seafood", "v": 0.14171203709317054}, {"l": "Pelagic Fish", "v": 0.03955583704557955}, {"l": "Bovine Meat", "v": 0.0015784287293763382}, {"l": "Demersal Fish", "v": 0.088737636365169473}]}, {"source": 0, "prod": 4.0, "target": 15, "value": 0.013662122579241383, "supply": [{"l": "Beverages, Alcoholic", "v": 0.013662122579241383}]}, {"source": 2, "prod": 171.0, "target": 15, "value": 0.26230114172610075, "supply": [{"l": "Pigmeat", "v": 0.0045251446613984777}, {"l": "Bovine Meat", "v": 0.22098002211268736}, {"l": "Milk - Excluding Butter", "v": 0.0027593548969744425}, {"l": "Meat, Other", "v": 0.028300111057000001}, {"l": "Offals, Edible", "v": 0.0057365089980405404}]}, {"source": 3, "prod": 1566.0, "target": 15, "value": 5.7505247986336681, "supply": [{"l": "Maize", "v": 5.3499333018740369}, {"l": "Rice", "v": 0.37148281110100256}, {"l": "Cereals, Other", "v": 0.029108685658628574}]}, {"source": 4, "prod": 353.0, "target": 15, "value": 0.95788298997683519, "supply": [{"l": "Soyabeans", "v": 0.58621658618071437}, {"l": "Coconuts - Incl Copra", "v": 0.0030713298821550389}, {"l": "Sesame seed", "v": 0.019592384577923075}, {"l": "Groundnuts", "v": 0.33651734622266027}, {"l": "Oilcrops, Other", "v": 0.012485343113382357}]}, {"source": 5, "prod": 2164.0, "target": 15, "value": 1.677948521049319, "supply": [{"l": "Cocoa Beans", "v": 0.38676818444566669}, {"l": "Fruits, Other", "v": 0.0058583032442834403}, {"l": "Nuts", "v": 0.13035202668678786}, {"l": "Pepper", "v": 0.010459999980000001}, {"l": "Beans", "v": 0.0039168994289036233}, {"l": "Tomatoes", "v": 0.00265313541159375}, {"l": "Coffee", "v": 0.5443341575757854}, {"l": "Pineapples", "v": 0.0056516493974778119}, {"l": "Bananas", "v": 0.15024000665235948}, {"l": "Treenuts", "v": 0.13035202668678786}, {"l": "Tea", "v": 0.014637988477758622}, {"l": "Vegetables, Other", "v": 0.0008639789671404342}, {"l": "Grapefruit", "v": 0.00054936642872111874}, {"l": "Oranges, Mandarines", "v": 0.15291355627696535}, {"l": "Onions", "v": 0.00095393632776404492}, {"l": "Cassava", "v": 0.13744330506132324}]}, {"source": 9, "prod": 1126.0, "target": 15, "value": 4.6624106928261693, "supply": [{"l": "Sugar", "v": 4.6624106928261693}]}, {"source": 7, "prod": 20.0, "target": 15, "value": 0.013247634817907491, "supply": [{"l": "Fish, Seafood", "v": 0.0074979913805910325}, {"l": "Crustaceans", "v": 0.0033513289409605272}, {"l": "Demersal Fish", "v": 0.0023983144963559324}]}, {"source": 10, "prod": 239.0, "target": 15, "value": 2.4800168551934827, "supply": [{"l": "Groundnut Oil", "v": 0.32971003173203883}, {"l": "Oilcrops Oil, Other", "v": 1.956055744462196}, {"l": "Soyabean Oil", "v": 0.031097215056819769}, {"l": "Cottonseed Oil", "v": 0.010333264234628292}, {"l": "Palmkernel Oil", "v": 0.15282059970780001}]}, {"source": 16, "prod": 806.0, "target": 5, "value": 0.42845051856062794, "supply": [{"l": "Coffee", "v": 0.42845051856062794}]}, {"source": 16, "prod": 81.0, "target": 4, "value": 0.20226255843679414, "supply": [{"l": "Oilcrops, Other", "v": 0.20226255843679414}]}, {"source": 0, "prod": 15.0, "target": 17, "value": 0.1237291585311967, "supply": [{"l": "Fats, Animals, Raw", "v": 0.1237291585311967}]}, {"source": 3, "prod": 392.0, "target": 17, "value": 1.6932704878092213, "supply": [{"l": "Rice", "v": 1.6932704878092213}]}, {"source": 5, "prod": 4.0, "target": 17, "value": 0.0046488888800000003, "supply": [{"l": "Pepper", "v": 0.0046488888800000003}]}, {"source": 10, "prod": 7.0, "target": 17, "value": 0.072446509054155409, "supply": [{"l": "Oilcrops Oil, Other", "v": 0.072446509054155409}]}, {"source": 4, "prod": 80.0, "target": 17, "value": 0.16171492032571433, "supply": [{"l": "Soyabeans", "v": 0.16171492032571433}]}, {"source": 9, "prod": 456.0, "target": 17, "value": 1.8881521100610419, "supply": [{"l": "Sugar", "v": 1.8881521100610419}]}, {"source": 1, "prod": 1522.0, "target": 7, "value": 1.1517205861333359, "supply": [{"l": "Pelagic Fish", "v": 0.20549739733435229}, {"l": "Crustaceans", "v": 0.044125831055980266}, {"l": "Freshwater Fish", "v": 0.081972735475448283}, {"l": "Molluscs, Other", "v": 0.0022493974141773103}, {"l": "Demersal Fish", "v": 0.20625504668661016}, {"l": "Fish, Seafood", "v": 0.57059714406297757}, {"l": "Marine Fish, Other", "v": 0.040273234965730771}, {"l": "Cephalopods", "v": 0.00074979913805910332}]}, {"source": 1, "prod": 11392.0, "target": 2, "value": 11.645264824382251, "supply": [{"l": "Poultry Meat", "v": 0.69417873936643781}, {"l": "Pigmeat", "v": 1.7353929776463162}, {"l": "Bovine Meat", "v": 2.9122010056993437}, {"l": "Eggs", "v": 0.49175864853890161}, {"l": "Milk - Excluding Butter", "v": 5.2848544664303008}, {"l": "Offals, Edible", "v": 0.36369467047577031}, {"l": "Meat, Other", "v": 0.069335272089649999}, {"l": "Mutton & Goat Meat", "v": 0.12303353366305933}]}, {"source": 11, "prod": 2482.0, "target": 0, "value": 5.8583581305561614, "supply": [{"l": "Fats, Animals, Raw", "v": 3.5139081022859862}, {"l": "Alcohol, Non-Food", "v": 0.5651314484920924}, {"l": "Fish, Body Oil", "v": 0.0081886829361764151}, {"l": "Beer", "v": 0.36718724535470348}, {"l": "Beverages, Alcoholic", "v": 0.8709603144266379}, {"l": "Butter, Ghee", "v": 0.36579398866228724}, {"l": "Wine", "v": 0.16718834839827695}]}, {"source": 11, "prod": 824.0, "target": 10, "value": 8.5689080092459449, "supply": [{"l": "Olive Oil", "v": 0.11825403548817859}, {"l": "Ricebran Oil", "v": 0.031837624939125002}, {"l": "Soyabean Oil", "v": 1.7725412582387268}, {"l": "Coconut Oil", "v": 0.0097961922889615374}, {"l": "Cottonseed Oil", "v": 1.5189898424903587}, {"l": "Rape and Mustard Oil", "v": 0.020699002586901546}, {"l": "Maize Germ Oil", "v": 0.37113574214751438}, {"l": "Groundnut Oil", "v": 1.349750442403034}, {"l": "Palm Oil", "v": 0.0424501665855}, {"l": "Palmkernel Oil", "v": 1.0151654123446716}, {"l": "Oilcrops Oil, Other", "v": 2.3182882897329731}]}, {"source": 11, "prod": 5546.0, "target": 9, "value": 22.964123830928784, "supply": [{"l": "Honey", "v": 0.042450166585500007}, {"l": "Sweeteners, Other", "v": 0.018913440557896042}, {"l": "Sugar non-centrifugal", "v": 0.81634935741346171}, {"l": "Sugar", "v": 22.086410866371924}]}, {"source": 18, "prod": 0, "target": 5, "value": 0.002042792124320493, "supply": "[{\"l\":'Energy for power irrigation',\"v\":0.002042792124320493}]"}, {"source": 18, "prod": 0, "target": 6, "value": 0.0031602195854932257, "supply": "[{\"l\":'Energy for power irrigation',\"v\":0.0031602195854932257}]"}, {"source": 18, "prod": 0, "target": 3, "value": 0.00088294600721919932, "supply": "[{\"l\":'Energy for power irrigation',\"v\":0.00088294600721919932}]"}, {"source": 18, "prod": 0, "target": 4, "value": 0.00017989789623135491, "supply": "[{\"l\":'Energy for power irrigation',\"v\":0.00017989789623135491}]"}, {"source": 18, "prod": 0, "target": 11, "value": 0.30600000024479995, "supply": "[{\"l\":'Electricity',\"v\":0.30600000024479995}]"}, {"source": 19, "prod": 0, "target": 18, "value": 0.093967437248115571, "supply": [{"l": "Coal", "v": 0.023840985760421946}, {"l": "Natural gas", "v": 0.0}, {"l": "Oil", "v": 0.070126451487693628}]}, {"source": 20, "prod": 0, "target": 18, "value": 0.2763198198461761, "supply": [{"l": "Nuclear", "v": 0.0}, {"l": "Hydroelectric", "v": 0.27256813044709199}, {"l": "Renewable", "v": 0.0037516893990841081}]}, {"source": 19, "prod": 0, "target": 5, "value": 22.858700442951644, "supply": [{"l": "Gas-Diesel oil", "v": 0.17523556804856674}, {"l": "Natural gas (including LNG)", "v": 0.006973198315110926}, {"l": "Fuel oil", "v": 0.64026639075109404}, {"l": "Liquefied petroleum gas (LPG)", "v": 0.0042835361078538536}, {"l": "Other fossil fuels", "v": 22.031941749729018}]}, {"source": 19, "prod": 0, "target": 6, "value": 35.362635276835917, "supply": [{"l": "Gas-Diesel oil", "v": 0.27109115393046657}, {"l": "Natural gas (including LNG)", "v": 0.010787606642194277}, {"l": "Fuel oil", "v": 0.99049842805601995}, {"l": "Liquefied petroleum gas (LPG)", "v": 0.0066266726516336265}, {"l": "Other fossil fuels", "v": 34.083631415555608}]}, {"source": 19, "prod": 0, "target": 3, "value": 9.8801038275186688, "supply": [{"l": "Gas-Diesel oil", "v": 0.075741208950830946}, {"l": "Natural gas (including LNG)", "v": 0.0030139912605757022}, {"l": "Fuel oil", "v": 0.27673919756195081}, {"l": "Liquefied petroleum gas (LPG)", "v": 0.0018514517743536453}, {"l": "Other fossil fuels", "v": 9.5227579779709579}]}, {"source": 19, "prod": 0, "target": 4, "value": 2.0130448278664765, "supply": [{"l": "Gas-Diesel oil", "v": 0.015432069500135648}, {"l": "Natural gas (including LNG)", "v": 0.00061409268811909307}, {"l": "Fuel oil", "v": 0.0563848740909349}, {"l": "Liquefied petroleum gas (LPG)", "v": 0.00037722836555887133}, {"l": "Other fossil fuels", "v": 1.940236563221728}]}, {"source": 21, "prod": 326.64464091545801, "target": 5, "value": 2.4948549734591947, "supply": [{"l": "Potash", "v": 0.78417054507178074}, {"l": "Phosphate", "v": 1.7568529180721488}, {"l": "Nitrogen", "v": 5.1114443790891553}]}, {"source": 21, "prod": 505.32248456793047, "target": 6, "value": 3.8595652764784032, "supply": [{"l": "Potash", "v": 0.78417054507178074}, {"l": "Phosphate", "v": 1.7568529180721488}, {"l": "Nitrogen", "v": 5.1114443790891553}]}, {"source": 21, "prod": 141.18400890731272, "target": 3, "value": 1.0783389123058695, "supply": [{"l": "Potash", "v": 0.78417054507178074}, {"l": "Phosphate", "v": 1.7568529180721488}, {"l": "Nitrogen", "v": 5.1114443790891553}]}, {"source": 21, "prod": 28.765865609298768, "target": 4, "value": 0.21970867998961735, "supply": [{"l": "Potash", "v": 0.78417054507178074}, {"l": "Phosphate", "v": 1.7568529180721488}, {"l": "Nitrogen", "v": 5.1114443790891553}]}, {"source": 19, "prod": 0, "target": 21, "value": 9.7498520772296882, "supply": [{"l": "Natural gas (including LNG)", "v": 6.4550792476899517}, {"l": "Fuel oil", "v": 2.3912167422226114}, {"l": "Liquefied petroleum gas (LPG)", "v": 0.45177804365856228}, {"l": "Coal", "v": 0.45177804365856228}]}, {"source": 22, "prod": 0, "target": 3, "value": 1.1622906489249507, "supply": "[{\"l\":'Labor',\"v\":1.1622906489249507}]"}, {"source": 22, "prod": 0, "target": 4, "value": 0.23681362262399985, "supply": "[{\"l\":'Labor',\"v\":0.23681362262399985}]"}, {"source": 22, "prod": 0, "target": 5, "value": 2.6890864949636706, "supply": "[{\"l\":'Labor',\"v\":2.6890864949636706}]"}, {"source": 22, "prod": 0, "target": 6, "value": 4.1600433579585587, "supply": "[{\"l\":'Labor',\"v\":4.1600433579585587}]"}, {"source": 19, "prod": 0, "target": 14, "value": 2.558283989316728, "supply": "[{\"l\":'Fossil Fuels',\"v\":2.558283989316728}]"}, {"source": 20, "prod": 0, "target": 14, "value": 2.9904419946527301, "supply": "[{\"l\":'Renewables & Nuclear',\"v\":0.31857379422130094},{\"l\":'Biomass & Waste',\"v\":2.6718682004314291}]"}]}