{"nodes": [{"layer": 5, "name": "Maize"}, {"layer": 10, "name": "Feed", "fill": "#dbdb8d"}, {"layer": 13, "name": "Pelagic Fish"}, {"layer": 5, "name": "Cereals, Other"}, {"layer": 5, "name": "Soyabeans"}, {"layer": 5, "name": "Rye"}, {"layer": 13, "name": "Fish, Body Oil"}, {"layer": 5, "name": "Yams"}, {"layer": 5, "name": "Millet"}, {"layer": 13, "name": "Milk - Excluding Butter"}, {"layer": 5, "name": "Sweet potatoes"}, {"layer": 5, "name": "Barley"}, {"layer": 13, "name": "Fish, Seafood"}, {"layer": 5, "name": "Cassava"}, {"layer": 5, "name": "Sorghum"}, {"layer": 5, "name": "Sugar cane"}, {"layer": 16, "name": "Food", "fill": "#b5cf6b"}, {"layer": 5, "name": "Olives"}, {"layer": 5, "name": "Nuts"}, {"layer": 13, "name": "Ricebran Oil"}, {"layer": 13, "name": "Sugar", "fill": "#d6616b"}, {"layer": 13, "name": "Maize Germ Oil"}, {"layer": 13, "name": "Beer"}, {"layer": 13, "name": "Groundnut Oil"}, {"layer": 13, "name": "Beverages, Alcoholic"}, {"layer": 13, "name": "Honey"}, {"layer": 5, "name": "Rice"}, {"layer": 13, "name": "Butter, Ghee"}, {"layer": 5, "name": "Tomatoes"}, {"layer": 5, "name": "Sunflower seed"}, {"layer": 5, "name": "Coffee"}, {"layer": 13, "name": "Sugar non-centrifugal"}, {"layer": 5, "name": "Wheat"}, {"layer": 13, "name": "Fats, Animals, Raw"}, {"layer": 13, "name": "Soyabean Oil"}, {"layer": 5, "name": "Coconuts - Incl Copra"}, {"layer": 5, "name": "Treenuts"}, {"layer": 13, "name": "Crustaceans"}, {"layer": 13, "name": "Eggs"}, {"layer": 5, "name": "Vegetables, Other"}, {"layer": 5, "name": "Peas"}, {"layer": 5, "name": "Sesame seed"}, {"layer": 13, "name": "Coconut Oil"}, {"layer": 13, "name": "Marine Fish, Other"}, {"layer": 5, "name": "Grapes"}, {"layer": 5, "name": "Groundnuts"}, {"layer": 13, "name": "Palm Oil"}, {"layer": 13, "name": "Wine"}, {"layer": 13, "name": "Sunflowerseed Oil"}, {"layer": 5, "name": "Oats"}, {"layer": 13, "name": "Olive Oil"}, {"layer": 13, "name": "Pigmeat"}, {"layer": 5, "name": "Cocoa Beans"}, {"layer": 5, "name": "Potatoes"}, {"layer": 13, "name": "Freshwater Fish"}, {"layer": 5, "name": "Pepper"}, {"layer": 5, "name": "Grapefruit"}, {"layer": 5, "name": "Pineapples"}, {"layer": 5, "name": "Beans"}, {"layer": 5, "name": "Apples"}, {"layer": 13, "name": "Meat, Other"}, {"layer": 5, "name": "Lemons, Limes"}, {"layer": 13, "name": "Cephalopods"}, {"layer": 13, "name": "Mutton & Goat Meat"}, {"layer": 13, "name": "Sweeteners, Other"}, {"layer": 5, "name": "Bananas"}, {"layer": 5, "name": "Spices, Other"}, {"layer": 5, "name": "Tea"}, {"layer": 5, "name": "Fruits, Other"}, {"layer": 13, "name": "Molluscs, Other"}, {"layer": 13, "name": "Poultry Meat"}, {"layer": 13, "name": "Offals, Edible"}, {"layer": 5, "name": "Infant food"}, {"layer": 13, "name": "Demersal Fish"}, {"layer": 5, "name": "Oranges, Mandarines"}, {"layer": 13, "name": "Bovine Meat"}, {"layer": 13, "name": "Cottonseed Oil"}, {"layer": 13, "name": "Palmkernel Oil"}, {"layer": 5, "name": "Onions"}, {"layer": 5, "name": "Pulses, Other"}, {"layer": 10, "name": "Processing", "fill": "#9edae5"}, {"layer": 5, "name": "Oilcrops, Other"}, {"layer": 5, "name": "Cottonseed"}, {"layer": 13, "name": "Oilcrops Oil, Other"}, {"layer": 5, "name": "Palm kernels"}, {"layer": 16, "name": "Biofuels & Other", "fill": "#e7ba52"}, {"layer": 13, "name": "Alcohol, Non-Food"}, {"name": "Waste", "fill": "#c7c7c7"}, {"layer": 2, "name": "Import", "fill": "#aec7e8"}, {"layer": 16, "name": "Export", "fill": "#aec7e8"}, {"layer": 16, "name": "Stock Deposit", "fill": "#c7c7c7"}, {"layer": 0, "name": "Stock Draw", "fill": "#c7c7c7"}, {"layer": 5, "name": "Oil Palm"}, {"layer": 2, "name": "Electricity", "fill": "#bcbd22"}, {"layer": 0, "name": "Fossil Fuels", "fill": "#c49c94"}, {"layer": 0, "name": "Renewables & Nuclear", "fill": "#2ca02c"}, {"layer": 2, "name": "Fertilizers", "fill": "#c5b0d5"}, {"layer": 0, "name": "Labor", "fill": "#7f7f7f"}], "links": [{"source": 0, "prod": 9969.0, "target": 1, "value": 36.232858022574817, "supply": [{"l": "Maize", "v": 36.232858022574817}]}, {"source": 2, "prod": 4.0, "target": 1, "value": 0.0044853006203547166, "supply": [{"l": "Pelagic Fish", "v": 0.0044853006203547166}]}, {"source": 3, "prod": 20.0, "target": 1, "value": 0.064685968130285709, "supply": [{"l": "Cereals, Other", "v": 0.064685968130285709}]}, {"source": 4, "prod": 138.0, "target": 1, "value": 0.31953398120721821, "supply": [{"l": "Soyabeans", "v": 0.31953398120721821}]}, {"source": 5, "prod": 3.0, "target": 1, "value": 0.011577318159681819, "supply": [{"l": "Rye", "v": 0.011577318159681819}]}, {"source": 6, "prod": 4.0, "target": 1, "value": 0.033915308606194988, "supply": [{"l": "Fish, Body Oil", "v": 0.033915308606194988}]}, {"source": 7, "prod": 49.0, "target": 1, "value": 0.065001817584046884, "supply": [{"l": "Yams", "v": 0.065001817584046884}]}, {"source": 8, "prod": 2.0, "target": 1, "value": 0.00726910583259601, "supply": [{"l": "Millet", "v": 0.00726910583259601}]}, {"source": 9, "prod": 1455.0, "target": 1, "value": 1.0015419104748045, "supply": [{"l": "Milk - Excluding Butter", "v": 1.0015419104748045}]}, {"source": 10, "prod": 731.0, "target": 1, "value": 0.7527753260539205, "supply": [{"l": "Sweet potatoes", "v": 0.7527753260539205}]}, {"source": 11, "prod": 5.0, "target": 1, "value": 0.018172764581490027, "supply": [{"l": "Barley", "v": 0.018172764581490027}]}, {"source": 12, "prod": 4.0, "target": 1, "value": 0.003079818615634825, "supply": [{"l": "Fish, Seafood", "v": 0.003079818615634825}]}, {"source": 13, "prod": 13338.0, "target": 1, "value": 12.958568762701434, "supply": [{"l": "Cassava", "v": 12.958568762701434}]}, {"source": 14, "prod": 205.0, "target": 1, "value": 0.74508334784109109, "supply": [{"l": "Sorghum", "v": 0.74508334784109109}]}, {"source": 15, "prod": 7000.0, "target": 1, "value": 2.192997535782288, "supply": [{"l": "Sugar cane", "v": 2.192997535782288}]}, {"source": 0, "prod": 2484.0, "target": 16, "value": 9.0282294440842445, "supply": [{"l": "Maize", "v": 9.0282294440842445}]}, {"source": 17, "prod": 21.0, "target": 16, "value": 0.044572674914775005, "supply": [{"l": "Olives", "v": 0.044572674914775005}]}, {"source": 5, "prod": 11.0, "target": 16, "value": 0.0424501665855, "supply": [{"l": "Rye", "v": 0.0424501665855}]}, {"source": 18, "prod": 46.0, "target": 16, "value": 0.13018051086220001, "supply": [{"l": "Nuts", "v": 0.13018051086220001}]}, {"source": 19, "prod": 4.0, "target": 16, "value": 0.056600222114000003, "supply": [{"l": "Ricebran Oil", "v": 0.056600222114000003}]}, {"source": 7, "prod": 66.0, "target": 16, "value": 0.08755346858259376, "supply": [{"l": "Yams", "v": 0.08755346858259376}]}, {"source": 20, "prod": 4267.0, "target": 16, "value": 17.662073290731279, "supply": [{"l": "Sugar", "v": 17.662073290731279}]}, {"source": 21, "prod": 40.0, "target": 16, "value": 0.43538632395384608, "supply": [{"l": "Maize Germ Oil", "v": 0.43538632395384608}]}, {"source": 22, "prod": 1128.0, "target": 16, "value": 0.48190454436677399, "supply": [{"l": "Beer", "v": 0.48190454436677399}]}, {"source": 23, "prod": 14.0, "target": 16, "value": 0.13714669204546157, "supply": [{"l": "Groundnut Oil", "v": 0.13714669204546157}]}, {"source": 24, "prod": 280.0, "target": 16, "value": 0.96137141973044127, "supply": [{"l": "Beverages, Alcoholic", "v": 0.96137141973044127}]}, {"source": 25, "prod": 3.0, "target": 16, "value": 0.012128619024428572, "supply": [{"l": "Honey", "v": 0.012128619024428572}]}, {"source": 26, "prod": 3749.0, "target": 16, "value": 16.168709774563762, "supply": [{"l": "Rice", "v": 16.168709774563762}]}, {"source": 27, "prod": 66.0, "target": 16, "value": 0.56909754578685945, "supply": [{"l": "Butter, Ghee", "v": 0.56909754578685945}]}, {"source": 28, "prod": 729.0, "target": 16, "value": 0.17533241609535127, "supply": [{"l": "Tomatoes", "v": 0.17533241609535127}]}, {"source": 29, "prod": 16.0, "target": 16, "value": 0.045280177691199998, "supply": [{"l": "Sunflower seed", "v": 0.045280177691199998}]}, {"source": 3, "prod": 3.0, "target": 16, "value": 0.0097028952195428592, "supply": [{"l": "Cereals, Other", "v": 0.0097028952195428592}]}, {"source": 30, "prod": 412.0, "target": 16, "value": 0.21916627359932331, "supply": [{"l": "Coffee", "v": 0.21916627359932331}]}, {"source": 31, "prod": 200.0, "target": 16, "value": 0.8314981083757732, "supply": [{"l": "Sugar non-centrifugal", "v": 0.8314981083757732}]}, {"source": 32, "prod": 4147.0, "target": 16, "value": 12.621300014702447, "supply": [{"l": "Wheat", "v": 12.621300014702447}]}, {"source": 33, "prod": 226.0, "target": 16, "value": 1.8837019126844252, "supply": [{"l": "Fats, Animals, Raw", "v": 1.8837019126844252}]}, {"source": 34, "prod": 370.0, "target": 16, "value": 3.81695771616549, "supply": [{"l": "Soyabean Oil", "v": 3.81695771616549}]}, {"source": 35, "prod": 306.0, "target": 16, "value": 0.48272723218511154, "supply": [{"l": "Coconuts - Incl Copra", "v": 0.48272723218511154}]}, {"source": 36, "prod": 46.0, "target": 16, "value": 0.13018051086220001, "supply": [{"l": "Treenuts", "v": 0.13018051086220001}]}, {"source": 37, "prod": 80.0, "target": 16, "value": 0.043538632395384615, "supply": [{"l": "Crustaceans", "v": 0.043538632395384615}]}, {"source": 38, "prod": 354.0, "target": 16, "value": 0.52573850628339369, "supply": [{"l": "Eggs", "v": 0.52573850628339369}]}, {"source": 39, "prod": 1552.0, "target": 16, "value": 0.43834104152159681, "supply": [{"l": "Vegetables, Other", "v": 0.43834104152159681}]}, {"source": 40, "prod": 14.0, "target": 16, "value": 0.045715564015153844, "supply": [{"l": "Peas", "v": 0.045715564015153844}]}, {"source": 41, "prod": 2.0, "target": 16, "value": 0.013061589718615384, "supply": [{"l": "Sesame seed", "v": 0.013061589718615384}]}, {"source": 42, "prod": 7.0, "target": 16, "value": 0.084900333171000014, "supply": [{"l": "Coconut Oil", "v": 0.084900333171000014}]}, {"source": 10, "prod": 766.0, "target": 16, "value": 0.78881792032462816, "supply": [{"l": "Sweet potatoes", "v": 0.78881792032462816}]}, {"source": 43, "prod": 75.0, "target": 16, "value": 0.043613184848116437, "supply": [{"l": "Marine Fish, Other", "v": 0.043613184848116437}]}, {"source": 44, "prod": 122.0, "target": 16, "value": 0.087778310566627132, "supply": [{"l": "Grapes", "v": 0.087778310566627132}]}, {"source": 45, "prod": 178.0, "target": 16, "value": 1.1356033003334915, "supply": [{"l": "Groundnuts", "v": 1.1356033003334915}]}, {"source": 46, "prod": 8.0, "target": 16, "value": 0.084900333171, "supply": [{"l": "Palm Oil", "v": 0.084900333171}]}, {"source": 47, "prod": 235.0, "target": 16, "value": 0.17501384469460529, "supply": [{"l": "Wine", "v": 0.17501384469460529}]}, {"source": 48, "prod": 1.0, "target": 16, "value": 0.0098721317640697668, "supply": [{"l": "Sunflowerseed Oil", "v": 0.0098721317640697668}]}, {"source": 49, "prod": 62.0, "target": 16, "value": 0.12943821286726229, "supply": [{"l": "Oats", "v": 0.12943821286726229}]}, {"source": 50, "prod": 14.0, "target": 16, "value": 0.12735049975650001, "supply": [{"l": "Olive Oil", "v": 0.12735049975650001}]}, {"source": 51, "prod": 689.0, "target": 16, "value": 1.5347612701789091, "supply": [{"l": "Pigmeat", "v": 1.5347612701789091}]}, {"source": 52, "prod": 20.0, "target": 16, "value": 0.0424501665855, "supply": [{"l": "Cocoa Beans", "v": 0.0424501665855}]}, {"source": 4, "prod": 57.0, "target": 16, "value": 0.13198142702037272, "supply": [{"l": "Soyabeans", "v": 0.13198142702037272}]}, {"source": 53, "prod": 901.0, "target": 16, "value": 0.74479862725097756, "supply": [{"l": "Potatoes", "v": 0.74479862725097756}]}, {"source": 54, "prod": 78.0, "target": 16, "value": 0.044148173248920008, "supply": [{"l": "Freshwater Fish", "v": 0.044148173248920008}]}, {"source": 55, "prod": 10.0, "target": 16, "value": 0.0424501665855, "supply": [{"l": "Pepper", "v": 0.0424501665855}]}, {"source": 56, "prod": 25.0, "target": 16, "value": 0.011802365400756526, "supply": [{"l": "Grapefruit", "v": 0.011802365400756526}]}, {"source": 15, "prod": 280.0, "target": 16, "value": 0.087719901431291519, "supply": [{"l": "Sugar cane", "v": 0.087719901431291519}]}, {"source": 9, "prod": 6557.0, "target": 16, "value": 4.5134778742153214, "supply": [{"l": "Milk - Excluding Butter", "v": 4.5134778742153214}]}, {"source": 57, "prod": 380.0, "target": 16, "value": 0.13150323344421197, "supply": [{"l": "Pineapples", "v": 0.13150323344421197}]}, {"source": 58, "prod": 2007.0, "target": 16, "value": 7.8886559571387496, "supply": [{"l": "Beans", "v": 7.8886559571387496}]}, {"source": 59, "prod": 91.0, "target": 16, "value": 0.043897331355460228, "supply": [{"l": "Apples", "v": 0.043897331355460228}]}, {"source": 12, "prod": 854.0, "target": 16, "value": 0.65754127443803512, "supply": [{"l": "Fish, Seafood", "v": 0.65754127443803512}]}, {"source": 60, "prod": 14.0, "target": 16, "value": 0.022011197488777778, "supply": [{"l": "Meat, Other", "v": 0.022011197488777778}]}, {"source": 61, "prod": 96.0, "target": 16, "value": 0.11157333312000001, "supply": [{"l": "Lemons, Limes", "v": 0.11157333312000001}]}, {"source": 62, "prod": 1.0, "target": 16, "value": 0.00076995465390870626, "supply": [{"l": "Cephalopods", "v": 0.00076995465390870626}]}, {"source": 63, "prod": 58.0, "target": 16, "value": 0.13189873189066073, "supply": [{"l": "Mutton & Goat Meat", "v": 0.13189873189066073}]}, {"source": 64, "prod": 5.0, "target": 16, "value": 0.018913440557896042, "supply": [{"l": "Sweeteners, Other", "v": 0.018913440557896042}]}, {"source": 2, "prod": 274.0, "target": 16, "value": 0.3072430924942981, "supply": [{"l": "Pelagic Fish", "v": 0.3072430924942981}]}, {"source": 65, "prod": 2987.0, "target": 16, "value": 2.1907160952123101, "supply": [{"l": "Bananas", "v": 2.1907160952123101}]}, {"source": 66, "prod": 2.0, "target": 16, "value": 0.0089368771758947391, "supply": [{"l": "Spices, Other", "v": 0.0089368771758947391}]}, {"source": 67, "prod": 81.0, "target": 16, "value": 0.043524854347158241, "supply": [{"l": "Tea", "v": 0.043524854347158241}]}, {"source": 68, "prod": 1233.0, "target": 16, "value": 0.56940060267697024, "supply": [{"l": "Fruits, Other", "v": 0.56940060267697024}]}, {"source": 69, "prod": 3.0, "target": 16, "value": 0.002309863961726119, "supply": [{"l": "Molluscs, Other", "v": 0.002309863961726119}]}, {"source": 70, "prod": 525.0, "target": 16, "value": 0.96515634657977356, "supply": [{"l": "Poultry Meat", "v": 0.96515634657977356}]}, {"source": 71, "prod": 147.0, "target": 16, "value": 0.17455033533058742, "supply": [{"l": "Offals, Edible", "v": 0.17455033533058742}]}, {"source": 72, "prod": 17.0, "target": 16, "value": 0.090206603994187506, "supply": [{"l": "Infant food", "v": 0.090206603994187506}]}, {"source": 73, "prod": 343.0, "target": 16, "value": 0.21928324004256783, "supply": [{"l": "Demersal Fish", "v": 0.21928324004256783}]}, {"source": 74, "prod": 3205.0, "target": 16, "value": 1.0081230766269758, "supply": [{"l": "Oranges, Mandarines", "v": 1.0081230766269758}]}, {"source": 75, "prod": 2017.0, "target": 16, "value": 3.1987742979609033, "supply": [{"l": "Bovine Meat", "v": 3.1987742979609033}]}, {"source": 76, "prod": 142.0, "target": 16, "value": 1.4414600044902393, "supply": [{"l": "Cottonseed Oil", "v": 1.4414600044902393}]}, {"source": 77, "prod": 55.0, "target": 16, "value": 0.57267677563457553, "supply": [{"l": "Palmkernel Oil", "v": 0.57267677563457553}]}, {"source": 13, "prod": 8525.0, "target": 16, "value": 8.2824860325408398, "supply": [{"l": "Cassava", "v": 8.2824860325408398}]}, {"source": 78, "prod": 320.0, "target": 16, "value": 0.13145858039380648, "supply": [{"l": "Onions", "v": 0.13145858039380648}]}, {"source": 79, "prod": 73.0, "target": 16, "value": 0.30552162148155637, "supply": [{"l": "Pulses, Other", "v": 0.30552162148155637}]}, {"source": 0, "prod": 6.0, "target": 80, "value": 0.021807317497788033, "supply": [{"l": "Maize", "v": 0.021807317497788033}]}, {"source": 81, "prod": 452.0, "target": 80, "value": 1.0465895616352363, "supply": [{"l": "Oilcrops, Other", "v": 1.0465895616352363}]}, {"source": 35, "prod": 10.0, "target": 80, "value": 0.015775399744611486, "supply": [{"l": "Coconuts - Incl Copra", "v": 0.015775399744611486}]}, {"source": 82, "prod": 900.0, "target": 80, "value": 2.0839172687427272, "supply": [{"l": "Cottonseed", "v": 2.0839172687427272}]}, {"source": 4, "prod": 2780.0, "target": 80, "value": 6.4369888967830899, "supply": [{"l": "Soyabeans", "v": 6.4369888967830899}]}, {"source": 11, "prod": 194.0, "target": 80, "value": 0.70510326576181304, "supply": [{"l": "Barley", "v": 0.70510326576181304}]}, {"source": 44, "prod": 337.0, "target": 80, "value": 0.24246959558158476, "supply": [{"l": "Grapes", "v": 0.24246959558158476}]}, {"source": 45, "prod": 162.0, "target": 80, "value": 1.0335265991799192, "supply": [{"l": "Groundnuts", "v": 1.0335265991799192}]}, {"source": 83, "prod": 1.0, "target": 80, "value": 0.010412305011537736, "supply": [{"l": "Oilcrops Oil, Other", "v": 0.010412305011537736}]}, {"source": 26, "prod": 13.0, "target": 80, "value": 0.056066478279362203, "supply": [{"l": "Rice", "v": 0.056066478279362203}]}, {"source": 84, "prod": 167.0, "target": 80, "value": 0.38668242653337276, "supply": [{"l": "Palm kernels", "v": 0.38668242653337276}]}, {"source": 15, "prod": 69697.0, "target": 80, "value": 21.835049893059733, "supply": [{"l": "Sugar cane", "v": 21.835049893059733}]}, {"source": 33, "prod": 251.0, "target": 85, "value": 2.0920760180698701, "supply": [{"l": "Fats, Animals, Raw", "v": 2.0920760180698701}]}, {"source": 51, "prod": 9.0, "target": 85, "value": 0.020047679871712895, "supply": [{"l": "Pigmeat", "v": 0.020047679871712895}]}, {"source": 86, "prod": 966.0, "target": 85, "value": 0.71941861265952634, "supply": [{"l": "Alcohol, Non-Food", "v": 0.71941861265952634}]}, {"source": 34, "prod": 7.0, "target": 85, "value": 0.072212713549076837, "supply": [{"l": "Soyabean Oil", "v": 0.072212713549076837}]}, {"source": 13, "prod": 1924.0, "target": 85, "value": 1.8692672289276921, "supply": [{"l": "Cassava", "v": 1.8692672289276921}]}, {"source": 82, "prod": 133.0, "target": 85, "value": 0.30795666304753638, "supply": [{"l": "Cottonseed", "v": 0.30795666304753638}]}, {"source": 6, "prod": 1.0, "target": 85, "value": 0.0084788271515487471, "supply": [{"l": "Fish, Body Oil", "v": 0.0084788271515487471}]}, {"source": 71, "prod": 188.0, "target": 85, "value": 0.22323444246360841, "supply": [{"l": "Offals, Edible", "v": 0.22323444246360841}]}, {"source": 46, "prod": 1.0, "target": 85, "value": 0.010612541646375, "supply": [{"l": "Palm Oil", "v": 0.010612541646375}]}, {"source": 77, "prod": 50.0, "target": 85, "value": 0.52061525057688696, "supply": [{"l": "Palmkernel Oil", "v": 0.52061525057688696}]}, {"source": 81, "prod": 1.0, "target": 85, "value": 0.0023154636319363637, "supply": [{"l": "Oilcrops, Other", "v": 0.0023154636319363637}]}, {"source": 84, "prod": 55.0, "target": 85, "value": 0.12735049975650001, "supply": [{"l": "Palm kernels", "v": 0.12735049975650001}]}, {"source": 83, "prod": 38.0, "target": 85, "value": 0.39566759043843397, "supply": [{"l": "Oilcrops Oil, Other", "v": 0.39566759043843397}]}, {"source": 15, "prod": 10932.0, "target": 85, "value": 3.4248355801674246, "supply": [{"l": "Sugar cane", "v": 3.4248355801674246}]}, {"source": 0, "prod": 267.0, "target": 0, "value": 0.97042562865156734, "supply": [{"l": "Maize", "v": 0.97042562865156734}]}, {"source": 5, "prod": 2.0, "target": 5, "value": 0.007718212106454546, "supply": [{"l": "Rye", "v": 0.007718212106454546}]}, {"source": 32, "prod": 210.0, "target": 32, "value": 0.63913021535749071, "supply": [{"l": "Wheat", "v": 0.63913021535749071}]}, {"source": 49, "prod": 3.0, "target": 49, "value": 0.0062631393322868847, "supply": [{"l": "Oats", "v": 0.0062631393322868847}]}, {"source": 4, "prod": 206.0, "target": 4, "value": 0.47698550817889102, "supply": [{"l": "Soyabeans", "v": 0.47698550817889102}]}, {"source": 53, "prod": 346.0, "target": 53, "value": 0.2860158990331168, "supply": [{"l": "Potatoes", "v": 0.2860158990331168}]}, {"source": 38, "prod": 28.0, "target": 38, "value": 0.04158383665518367, "supply": [{"l": "Eggs", "v": 0.04158383665518367}]}, {"source": 39, "prod": 5.0, "target": 39, "value": 0.0014121811904690619, "supply": [{"l": "Vegetables, Other", "v": 0.0014121811904690619}]}, {"source": 7, "prod": 8.0, "target": 7, "value": 0.010612541646375, "supply": [{"l": "Yams", "v": 0.010612541646375}]}, {"source": 82, "prod": 115.0, "target": 82, "value": 0.26627831767268184, "supply": [{"l": "Cottonseed", "v": 0.26627831767268184}]}, {"source": 10, "prod": 148.0, "target": 10, "value": 0.1524086843447062, "supply": [{"l": "Sweet potatoes", "v": 0.1524086843447062}]}, {"source": 58, "prod": 172.0, "target": 58, "value": 0.67605820858388899, "supply": [{"l": "Beans", "v": 0.67605820858388899}]}, {"source": 11, "prod": 2.0, "target": 11, "value": 0.00726910583259601, "supply": [{"l": "Barley", "v": 0.00726910583259601}]}, {"source": 45, "prod": 10.0, "target": 45, "value": 0.063797938220982675, "supply": [{"l": "Groundnuts", "v": 0.063797938220982675}]}, {"source": 81, "prod": 10.0, "target": 81, "value": 0.023154636319363639, "supply": [{"l": "Oilcrops, Other", "v": 0.023154636319363639}]}, {"source": 26, "prod": 236.0, "target": 26, "value": 1.0178222210714984, "supply": [{"l": "Rice", "v": 1.0178222210714984}]}, {"source": 14, "prod": 2.0, "target": 14, "value": 0.00726910583259601, "supply": [{"l": "Sorghum", "v": 0.00726910583259601}]}, {"source": 3, "prod": 2.0, "target": 3, "value": 0.0064685968130285716, "supply": [{"l": "Cereals, Other", "v": 0.0064685968130285716}]}, {"source": 79, "prod": 17.0, "target": 79, "value": 0.07114887075597888, "supply": [{"l": "Pulses, Other", "v": 0.07114887075597888}]}, {"source": 0, "prod": 1419.0, "target": 87, "value": 5.1574305882268687, "supply": [{"l": "Maize", "v": 5.1574305882268687}]}, {"source": 39, "prod": 200.0, "target": 87, "value": 0.056487247618762476, "supply": [{"l": "Vegetables, Other", "v": 0.056487247618762476}]}, {"source": 5, "prod": 1.0, "target": 87, "value": 0.003859106053227273, "supply": [{"l": "Rye", "v": 0.003859106053227273}]}, {"source": 68, "prod": 328.0, "target": 87, "value": 0.15147071993353306, "supply": [{"l": "Fruits, Other", "v": 0.15147071993353306}]}, {"source": 7, "prod": 17.0, "target": 87, "value": 0.022551650998546877, "supply": [{"l": "Yams", "v": 0.022551650998546877}]}, {"source": 56, "prod": 5.0, "target": 87, "value": 0.0023604730801513054, "supply": [{"l": "Grapefruit", "v": 0.0023604730801513054}]}, {"source": 11, "prod": 1.0, "target": 87, "value": 0.003634552916298005, "supply": [{"l": "Barley", "v": 0.003634552916298005}]}, {"source": 26, "prod": 559.0, "target": 87, "value": 2.4108585660125748, "supply": [{"l": "Rice", "v": 2.4108585660125748}]}, {"source": 28, "prod": 81.0, "target": 87, "value": 0.019481379566150144, "supply": [{"l": "Tomatoes", "v": 0.019481379566150144}]}, {"source": 3, "prod": 1.0, "target": 87, "value": 0.0032342984065142858, "supply": [{"l": "Cereals, Other", "v": 0.0032342984065142858}]}, {"source": 55, "prod": 1.0, "target": 87, "value": 0.00424501665855, "supply": [{"l": "Pepper", "v": 0.00424501665855}]}, {"source": 32, "prod": 234.0, "target": 87, "value": 0.71217366854120401, "supply": [{"l": "Wheat", "v": 0.71217366854120401}]}, {"source": 35, "prod": 36.0, "target": 87, "value": 0.056791439080601351, "supply": [{"l": "Coconuts - Incl Copra", "v": 0.056791439080601351}]}, {"source": 38, "prod": 12.0, "target": 87, "value": 0.017821644280793005, "supply": [{"l": "Eggs", "v": 0.017821644280793005}]}, {"source": 49, "prod": 2.0, "target": 87, "value": 0.0041754262215245898, "supply": [{"l": "Oats", "v": 0.0041754262215245898}]}, {"source": 44, "prod": 50.0, "target": 87, "value": 0.035974717445338984, "supply": [{"l": "Grapes", "v": 0.035974717445338984}]}, {"source": 45, "prod": 8.0, "target": 87, "value": 0.051038350576786143, "supply": [{"l": "Groundnuts", "v": 0.051038350576786143}]}, {"source": 81, "prod": 15.0, "target": 87, "value": 0.034731954479045458, "supply": [{"l": "Oilcrops, Other", "v": 0.034731954479045458}]}, {"source": 47, "prod": 5.0, "target": 87, "value": 0.003723698823289474, "supply": [{"l": "Wine", "v": 0.003723698823289474}]}, {"source": 52, "prod": 14.0, "target": 87, "value": 0.02971511660985, "supply": [{"l": "Cocoa Beans", "v": 0.02971511660985}]}, {"source": 53, "prod": 108.0, "target": 87, "value": 0.089276639004556693, "supply": [{"l": "Potatoes", "v": 0.089276639004556693}]}, {"source": 9, "prod": 392.0, "target": 87, "value": 0.26983122261589232, "supply": [{"l": "Milk - Excluding Butter", "v": 0.26983122261589232}]}, {"source": 58, "prod": 67.0, "target": 87, "value": 0.26334825566930559, "supply": [{"l": "Beans", "v": 0.26334825566930559}]}, {"source": 59, "prod": 10.0, "target": 87, "value": 0.0048238825665340912, "supply": [{"l": "Apples", "v": 0.0048238825665340912}]}, {"source": 61, "prod": 17.0, "target": 87, "value": 0.019757777740000003, "supply": [{"l": "Lemons, Limes", "v": 0.019757777740000003}]}, {"source": 14, "prod": 5.0, "target": 87, "value": 0.018172764581490027, "supply": [{"l": "Sorghum", "v": 0.018172764581490027}]}, {"source": 15, "prod": 4085.0, "target": 87, "value": 1.2797707048100924, "supply": [{"l": "Sugar cane", "v": 1.2797707048100924}]}, {"source": 57, "prod": 98.0, "target": 87, "value": 0.033913991782980983, "supply": [{"l": "Pineapples", "v": 0.033913991782980983}]}, {"source": 65, "prod": 552.0, "target": 87, "value": 0.40484609459564624, "supply": [{"l": "Bananas", "v": 0.40484609459564624}]}, {"source": 67, "prod": 6.0, "target": 87, "value": 0.0032240632849746841, "supply": [{"l": "Tea", "v": 0.0032240632849746841}]}, {"source": 10, "prod": 183.0, "target": 87, "value": 0.18845127861541375, "supply": [{"l": "Sweet potatoes", "v": 0.18845127861541375}]}, {"source": 74, "prod": 550.0, "target": 87, "value": 0.17300083998278837, "supply": [{"l": "Oranges, Mandarines", "v": 0.17300083998278837}]}, {"source": 79, "prod": 3.0, "target": 87, "value": 0.012555683074584507, "supply": [{"l": "Pulses, Other", "v": 0.012555683074584507}]}, {"source": 84, "prod": 7.0, "target": 87, "value": 0.016208245423554545, "supply": [{"l": "Palm kernels", "v": 0.016208245423554545}]}, {"source": 78, "prod": 36.0, "target": 87, "value": 0.014789090294303229, "supply": [{"l": "Onions", "v": 0.014789090294303229}]}, {"source": 13, "prod": 2653.0, "target": 87, "value": 2.5775290843789849, "supply": [{"l": "Cassava", "v": 2.5775290843789849}]}, {"source": 88, "prod": 17.0, "target": 72, "value": 0.090206603994187506, "supply": [{"l": "Infant food", "v": 0.090206603994187506}]}, {"source": 88, "prod": 2.0, "target": 66, "value": 0.0089368771758947391, "supply": [{"l": "Spices, Other", "v": 0.0089368771758947391}]}, {"source": 88, "prod": 19.0, "target": 36, "value": 0.053770211008300005, "supply": [{"l": "Treenuts", "v": 0.053770211008300005}]}, {"source": 88, "prod": 1.0, "target": 5, "value": 0.003859106053227273, "supply": [{"l": "Rye", "v": 0.003859106053227273}]}, {"source": 88, "prod": 79.0, "target": 59, "value": 0.038108672275619322, "supply": [{"l": "Apples", "v": 0.038108672275619322}]}, {"source": 88, "prod": 35.0, "target": 39, "value": 0.0098852683332834347, "supply": [{"l": "Vegetables, Other", "v": 0.0098852683332834347}]}, {"source": 88, "prod": 11.0, "target": 26, "value": 0.047440866236383404, "supply": [{"l": "Rice", "v": 0.047440866236383404}]}, {"source": 88, "prod": 2960.0, "target": 32, "value": 9.008692559324631, "supply": [{"l": "Wheat", "v": 9.008692559324631}]}, {"source": 88, "prod": 189.0, "target": 11, "value": 0.68693050118032306, "supply": [{"l": "Barley", "v": 0.68693050118032306}]}, {"source": 88, "prod": 4.0, "target": 30, "value": 0.0021278278990225562, "supply": [{"l": "Coffee", "v": 0.0021278278990225562}]}, {"source": 88, "prod": 2.0, "target": 8, "value": 0.00726910583259601, "supply": [{"l": "Millet", "v": 0.00726910583259601}]}, {"source": 88, "prod": 20.0, "target": 17, "value": 0.0424501665855, "supply": [{"l": "Olives", "v": 0.0424501665855}]}, {"source": 88, "prod": 22.0, "target": 3, "value": 0.071154564943314277, "supply": [{"l": "Cereals, Other", "v": 0.071154564943314277}]}, {"source": 88, "prod": 833.0, "target": 1, "value": 0.58227819164623928, "supply": [{"l": "Milk - Excluding Butter", "v": 0.38684986507686608}, {"l": "Fish, Seafood", "v": 0.10317392362376664}, {"l": "Cephalopods", "v": 0.00076995465390870626}, {"l": "Pelagic Fish", "v": 0.0033639754652660375}, {"l": "Bovine Meat", "v": 0.0031718138799810645}, {"l": "Poultry Meat", "v": 0.0018383930411043307}, {"l": "Demersal Fish", "v": 0.083110265905346398}]}, {"source": 88, "prod": 19.0, "target": 18, "value": 0.053770211008300005, "supply": [{"l": "Nuts", "v": 0.053770211008300005}]}, {"source": 88, "prod": 14.0, "target": 40, "value": 0.045715564015153844, "supply": [{"l": "Peas", "v": 0.045715564015153844}]}, {"source": 88, "prod": 18.0, "target": 81, "value": 0.041678345374854542, "supply": [{"l": "Oilcrops, Other", "v": 0.041678345374854542}]}, {"source": 88, "prod": 3.0, "target": 14, "value": 0.010903658748894016, "supply": [{"l": "Sorghum", "v": 0.010903658748894016}]}, {"source": 88, "prod": 19.0, "target": 53, "value": 0.01570607538043127, "supply": [{"l": "Potatoes", "v": 0.01570607538043127}]}, {"source": 88, "prod": 48.0, "target": 78, "value": 0.019718787059070972, "supply": [{"l": "Onions", "v": 0.019718787059070972}]}, {"source": 88, "prod": 14.0, "target": 44, "value": 0.010072920884694915, "supply": [{"l": "Grapes", "v": 0.010072920884694915}]}, {"source": 88, "prod": 17.0, "target": 82, "value": 0.039362881742918181, "supply": [{"l": "Cottonseed", "v": 0.039362881742918181}]}, {"source": 88, "prod": 117.0, "target": 80, "value": 0.94733296886655438, "supply": [{"l": "Beverages, Alcoholic", "v": 0.024034285493261035}, {"l": "Butter, Ghee", "v": 0.051736140526078132}, {"l": "Fats, Animals, Raw", "v": 0.54177267400215756}, {"l": "Palm Oil", "v": 0.031837624939125002}, {"l": "Sunflowerseed Oil", "v": 0.0098721317640697668}, {"l": "Olive Oil", "v": 0.12735049975650001}, {"l": "Coconut Oil", "v": 0.072771714146571437}, {"l": "Oilcrops Oil, Other", "v": 0.062473830069226424}, {"l": "Wine", "v": 0.003723698823289474}, {"l": "Sweeteners, Other", "v": 0.011348064334737624}, {"l": "Palmkernel Oil", "v": 0.010412305011537736}]}, {"source": 88, "prod": 5.0, "target": 4, "value": 0.011577318159681819, "supply": [{"l": "Soyabeans", "v": 0.011577318159681819}]}, {"source": 88, "prod": 14.0, "target": 58, "value": 0.055027993721944453, "supply": [{"l": "Beans", "v": 0.055027993721944453}]}, {"source": 88, "prod": 4.0, "target": 0, "value": 0.01453821166519202, "supply": [{"l": "Maize", "v": 0.01453821166519202}]}, {"source": 88, "prod": 53.0, "target": 68, "value": 0.024475451696576989, "supply": [{"l": "Fruits, Other", "v": 0.024475451696576989}]}, {"source": 88, "prod": 30.0, "target": 49, "value": 0.062631393322868864, "supply": [{"l": "Oats", "v": 0.062631393322868864}]}, {"source": 88, "prod": 7.0, "target": 79, "value": 0.029296593840697181, "supply": [{"l": "Pulses, Other", "v": 0.029296593840697181}]}, {"source": 0, "prod": 45.0, "target": 89, "value": 0.16355488123341022, "supply": [{"l": "Maize", "v": 0.16355488123341022}]}, {"source": 68, "prod": 18.0, "target": 89, "value": 0.0083124175573280317, "supply": [{"l": "Fruits, Other", "v": 0.0083124175573280317}]}, {"source": 20, "prod": 2826.0, "target": 89, "value": 11.697449992877102, "supply": [{"l": "Sugar", "v": 11.697449992877102}]}, {"source": 22, "prod": 2.0, "target": 89, "value": 0.00085444068150137252, "supply": [{"l": "Beer", "v": 0.00085444068150137252}]}, {"source": 23, "prod": 44.0, "target": 89, "value": 0.43103246071430773, "supply": [{"l": "Groundnut Oil", "v": 0.43103246071430773}]}, {"source": 24, "prod": 7.0, "target": 89, "value": 0.024034285493261035, "supply": [{"l": "Beverages, Alcoholic", "v": 0.024034285493261035}]}, {"source": 26, "prod": 33.0, "target": 89, "value": 0.14232259870915021, "supply": [{"l": "Rice", "v": 0.14232259870915021}]}, {"source": 83, "prod": 171.0, "target": 89, "value": 1.7805041569729532, "supply": [{"l": "Oilcrops Oil, Other", "v": 1.7805041569729532}]}, {"source": 3, "prod": 25.0, "target": 89, "value": 0.08085746016285715, "supply": [{"l": "Cereals, Other", "v": 0.08085746016285715}]}, {"source": 55, "prod": 14.0, "target": 89, "value": 0.0594302332197, "supply": [{"l": "Pepper", "v": 0.0594302332197}]}, {"source": 32, "prod": 1.0, "target": 89, "value": 0.003043477215988051, "supply": [{"l": "Wheat", "v": 0.003043477215988051}]}, {"source": 34, "prod": 91.0, "target": 89, "value": 0.93876527613799876, "supply": [{"l": "Soyabean Oil", "v": 0.93876527613799876}]}, {"source": 35, "prod": 4.0, "target": 89, "value": 0.0063101598978445948, "supply": [{"l": "Coconuts - Incl Copra", "v": 0.0063101598978445948}]}, {"source": 36, "prod": 63.0, "target": 89, "value": 0.17829069965910002, "supply": [{"l": "Treenuts", "v": 0.17829069965910002}]}, {"source": 37, "prod": 5.0, "target": 89, "value": 0.0027211645247115384, "supply": [{"l": "Crustaceans", "v": 0.0027211645247115384}]}, {"source": 39, "prod": 3.0, "target": 89, "value": 0.00084730871428143712, "supply": [{"l": "Vegetables, Other", "v": 0.00084730871428143712}]}, {"source": 41, "prod": 1.0, "target": 89, "value": 0.0065307948593076922, "supply": [{"l": "Sesame seed", "v": 0.0065307948593076922}]}, {"source": 45, "prod": 54.0, "target": 89, "value": 0.34450886639330641, "supply": [{"l": "Groundnuts", "v": 0.34450886639330641}]}, {"source": 47, "prod": 1.0, "target": 89, "value": 0.00074473976465789485, "supply": [{"l": "Wine", "v": 0.00074473976465789485}]}, {"source": 51, "prod": 3.0, "target": 89, "value": 0.0066825599572376323, "supply": [{"l": "Pigmeat", "v": 0.0066825599572376323}]}, {"source": 52, "prod": 150.0, "target": 89, "value": 0.31837624939125003, "supply": [{"l": "Cocoa Beans", "v": 0.31837624939125003}]}, {"source": 4, "prod": 1786.0, "target": 89, "value": 4.1354180466383452, "supply": [{"l": "Soyabeans", "v": 4.1354180466383452}]}, {"source": 18, "prod": 63.0, "target": 89, "value": 0.17829069965910002, "supply": [{"l": "Nuts", "v": 0.17829069965910002}]}, {"source": 30, "prod": 1190.0, "target": 89, "value": 0.63302879995921058, "supply": [{"l": "Coffee", "v": 0.63302879995921058}]}, {"source": 9, "prod": 3.0, "target": 89, "value": 0.0020650348669583596, "supply": [{"l": "Milk - Excluding Butter", "v": 0.0020650348669583596}]}, {"source": 2, "prod": 2.0, "target": 89, "value": 0.0022426503101773583, "supply": [{"l": "Pelagic Fish", "v": 0.0022426503101773583}]}, {"source": 12, "prod": 36.0, "target": 89, "value": 0.027718367540713423, "supply": [{"l": "Fish, Seafood", "v": 0.027718367540713423}]}, {"source": 60, "prod": 52.0, "target": 89, "value": 0.081755876386888887, "supply": [{"l": "Meat, Other", "v": 0.081755876386888887}]}, {"source": 14, "prod": 41.0, "target": 89, "value": 0.14901666956821821, "supply": [{"l": "Sorghum", "v": 0.14901666956821821}]}, {"source": 63, "prod": 1.0, "target": 89, "value": 0.0022741160670803574, "supply": [{"l": "Mutton & Goat Meat", "v": 0.0022741160670803574}]}, {"source": 64, "prod": 3.0, "target": 89, "value": 0.011348064334737624, "supply": [{"l": "Sweeteners, Other", "v": 0.011348064334737624}]}, {"source": 57, "prod": 11.0, "target": 89, "value": 0.003806672547069294, "supply": [{"l": "Pineapples", "v": 0.003806672547069294}]}, {"source": 65, "prod": 139.0, "target": 89, "value": 0.10194494048694715, "supply": [{"l": "Bananas", "v": 0.10194494048694715}]}, {"source": 75, "prod": 187.0, "target": 89, "value": 0.29656459777822958, "supply": [{"l": "Bovine Meat", "v": 0.29656459777822958}]}, {"source": 69, "prod": 1.0, "target": 89, "value": 0.00076995465390870626, "supply": [{"l": "Molluscs, Other", "v": 0.00076995465390870626}]}, {"source": 25, "prod": 2.0, "target": 89, "value": 0.0080857460162857154, "supply": [{"l": "Honey", "v": 0.0080857460162857154}]}, {"source": 71, "prod": 10.0, "target": 89, "value": 0.011874172471468531, "supply": [{"l": "Offals, Edible", "v": 0.011874172471468531}]}, {"source": 56, "prod": 1.0, "target": 89, "value": 0.00047209461603026103, "supply": [{"l": "Grapefruit", "v": 0.00047209461603026103}]}, {"source": 73, "prod": 28.0, "target": 89, "value": 0.017900672656536148, "supply": [{"l": "Demersal Fish", "v": 0.017900672656536148}]}, {"source": 74, "prod": 1554.0, "target": 89, "value": 0.48880600969682386, "supply": [{"l": "Oranges, Mandarines", "v": 0.48880600969682386}]}, {"source": 67, "prod": 24.0, "target": 89, "value": 0.012896253139898737, "supply": [{"l": "Tea", "v": 0.012896253139898737}]}, {"source": 76, "prod": 3.0, "target": 89, "value": 0.030453380376554352, "supply": [{"l": "Cottonseed Oil", "v": 0.030453380376554352}]}, {"source": 77, "prod": 1.0, "target": 89, "value": 0.010412305011537736, "supply": [{"l": "Palmkernel Oil", "v": 0.010412305011537736}]}, {"source": 13, "prod": 87.0, "target": 89, "value": 0.084525077399537005, "supply": [{"l": "Cassava", "v": 0.084525077399537005}]}, {"source": 26, "prod": 196.0, "target": 90, "value": 0.8453099802119225, "supply": [{"l": "Rice", "v": 0.8453099802119225}]}, {"source": 83, "prod": 25.0, "target": 90, "value": 0.26030762528844348, "supply": [{"l": "Oilcrops Oil, Other", "v": 0.26030762528844348}]}, {"source": 91, "prod": 726.0, "target": 30, "value": 0.38620076367259398, "supply": [{"l": "Coffee", "v": 0.38620076367259398}]}, {"source": 82, "prod": 300.0, "target": 90, "value": 0.69463908958090914, "supply": [{"l": "Cottonseed", "v": 0.69463908958090914}]}, {"source": 81, "prod": 64.0, "target": 90, "value": 0.14818967244392728, "supply": [{"l": "Oilcrops, Other", "v": 0.14818967244392728}]}, {"source": 23, "prod": 5.0, "target": 90, "value": 0.048980961444807694, "supply": [{"l": "Groundnut Oil", "v": 0.048980961444807694}]}, {"source": 52, "prod": 12.0, "target": 90, "value": 0.025470099951300004, "supply": [{"l": "Cocoa Beans", "v": 0.025470099951300004}]}, {"source": 91, "prod": 171.0, "target": 80, "value": 0.80011374527234413, "supply": [{"l": "Fats, Animals, Raw", "v": 0.18336921273919182}, {"l": "Sugar", "v": 0.61674453253315231}]}, {"source": 4, "prod": 50.0, "target": 90, "value": 0.11577318159681818, "supply": [{"l": "Soyabeans", "v": 0.11577318159681818}]}, {"source": 32, "prod": 400.0, "target": 90, "value": 1.2173908863952203, "supply": [{"l": "Wheat", "v": 1.2173908863952203}]}, {"source": 1, "prod": 525.0, "target": 70, "value": 0.96515634657977356, "supply": [{"l": "Poultry Meat", "v": 0.96515634657977356}]}, {"source": 1, "prod": 701.0, "target": 51, "value": 1.5614915100078595, "supply": [{"l": "Pigmeat", "v": 1.5614915100078595}]}, {"source": 1, "prod": 280.0, "target": 2, "value": 0.31397104342483018, "supply": [{"l": "Pelagic Fish", "v": 0.31397104342483018}]}, {"source": 1, "prod": 85.0, "target": 37, "value": 0.046259796920096151, "supply": [{"l": "Crustaceans", "v": 0.046259796920096151}]}, {"source": 1, "prod": 366.0, "target": 38, "value": 0.54356015056418672, "supply": [{"l": "Eggs", "v": 0.58514398721937044}]}, {"source": 1, "prod": 4.0, "target": 69, "value": 0.003079818615634825, "supply": [{"l": "Molluscs, Other", "v": 0.003079818615634825}]}, {"source": 1, "prod": 1.0, "target": 62, "value": 0.00076995465390870626, "supply": [{"l": "Cephalopods", "v": 0.00076995465390870626}]}, {"source": 1, "prod": 8407.0, "target": 9, "value": 5.7869160421729768, "supply": [{"l": "Milk - Excluding Butter", "v": 5.7869160421729768}]}, {"source": 1, "prod": 345.0, "target": 71, "value": 0.4096589502656644, "supply": [{"l": "Offals, Edible", "v": 0.4096589502656644}]}, {"source": 1, "prod": 75.0, "target": 43, "value": 0.043613184848116437, "supply": [{"l": "Marine Fish, Other", "v": 0.043613184848116437}]}, {"source": 1, "prod": 894.0, "target": 12, "value": 0.68833946059438333, "supply": [{"l": "Fish, Seafood", "v": 0.68833946059438333}]}, {"source": 1, "prod": 2204.0, "target": 75, "value": 3.4953388957391329, "supply": [{"l": "Bovine Meat", "v": 3.4953388957391329}]}, {"source": 1, "prod": 371.0, "target": 73, "value": 0.23718391269910397, "supply": [{"l": "Demersal Fish", "v": 0.23718391269910397}]}, {"source": 1, "prod": 66.0, "target": 60, "value": 0.10376707387566667, "supply": [{"l": "Meat, Other", "v": 0.10376707387566667}]}, {"source": 1, "prod": 78.0, "target": 54, "value": 0.044148173248920008, "supply": [{"l": "Freshwater Fish", "v": 0.044148173248920008}]}, {"source": 1, "prod": 59.0, "target": 63, "value": 0.13417284795774109, "supply": [{"l": "Mutton & Goat Meat", "v": 0.13417284795774109}]}, {"source": 80, "prod": 4.0, "target": 19, "value": 0.056600222114000003, "supply": [{"l": "Ricebran Oil", "v": 0.056600222114000003}]}, {"source": 80, "prod": 966.0, "target": 86, "value": 0.71941861265952634, "supply": [{"l": "Alcohol, Non-Food", "v": 0.71941861265952634}]}, {"source": 80, "prod": 7093.0, "target": 20, "value": 29.359523283608382, "supply": [{"l": "Sugar", "v": 29.359523283608382}]}, {"source": 80, "prod": 40.0, "target": 21, "value": 0.43538632395384608, "supply": [{"l": "Maize Germ Oil", "v": 0.43538632395384608}]}, {"source": 80, "prod": 1130.0, "target": 22, "value": 0.48275898504827536, "supply": [{"l": "Beer", "v": 0.48275898504827536}]}, {"source": 80, "prod": 63.0, "target": 23, "value": 0.61716011420457695, "supply": [{"l": "Groundnut Oil", "v": 0.61716011420457695}]}, {"source": 80, "prod": 287.0, "target": 24, "value": 0.9854057052237023, "supply": [{"l": "Beverages, Alcoholic", "v": 0.9854057052237023}]}, {"source": 80, "prod": 200.0, "target": 31, "value": 0.8314981083757732, "supply": [{"l": "Sugar non-centrifugal", "v": 0.8314981083757732}]}, {"source": 80, "prod": 66.0, "target": 27, "value": 0.56909754578685945, "supply": [{"l": "Butter, Ghee", "v": 0.56909754578685945}]}, {"source": 80, "prod": 477.0, "target": 33, "value": 3.9757779307542953, "supply": [{"l": "Fats, Animals, Raw", "v": 3.9757779307542953}]}, {"source": 80, "prod": 468.0, "target": 34, "value": 4.8279357058525658, "supply": [{"l": "Soyabean Oil", "v": 4.8279357058525658}]}, {"source": 80, "prod": 9.0, "target": 46, "value": 0.095512874817374999, "supply": [{"l": "Palm Oil", "v": 0.095512874817374999}]}, {"source": 80, "prod": 1.0, "target": 48, "value": 0.0098721317640697668, "supply": [{"l": "Sunflowerseed Oil", "v": 0.0098721317640697668}]}, {"source": 80, "prod": 14.0, "target": 50, "value": 0.12735049975650001, "supply": [{"l": "Olive Oil", "v": 0.12735049975650001}]}, {"source": 80, "prod": 7.0, "target": 42, "value": 0.084900333171000014, "supply": [{"l": "Coconut Oil", "v": 0.084900333171000014}]}, {"source": 80, "prod": 235.0, "target": 83, "value": 2.4468916777113683, "supply": [{"l": "Oilcrops Oil, Other", "v": 2.4468916777113683}]}, {"source": 80, "prod": 241.0, "target": 47, "value": 0.17948228328255264, "supply": [{"l": "Wine", "v": 0.17948228328255264}]}, {"source": 80, "prod": 8.0, "target": 64, "value": 0.030261504892633666, "supply": [{"l": "Sweeteners, Other", "v": 0.030261504892633666}]}, {"source": 80, "prod": 5.0, "target": 6, "value": 0.042394135757743735, "supply": [{"l": "Fish, Body Oil", "v": 0.042394135757743735}]}, {"source": 80, "prod": 5.0, "target": 25, "value": 0.020214365040714288, "supply": [{"l": "Honey", "v": 0.020214365040714288}]}, {"source": 80, "prod": 145.0, "target": 76, "value": 1.4719133848667936, "supply": [{"l": "Cottonseed Oil", "v": 1.4719133848667936}]}, {"source": 80, "prod": 106.0, "target": 77, "value": 1.1037043312230002, "supply": [{"l": "Palmkernel Oil", "v": 1.1037043312230002}]}, {"source": 92, "prod": 29.999999999999996, "target": 80, "value": 0.12735049975649998, "supply": [{"l": "Oil Palm", "v": 0.12735049975649998}]}, {"source": 93, "prod": 0, "target": 0, "value": 0.00097063184378745648, "supply": "[{\"l\":'Energy for power irrigation',\"v\":0.00097063184378745648}]"}, {"source": 93, "prod": 0, "target": 17, "value": 7.5253385125895266e-07, "supply": "[{\"l\":'Energy for power irrigation',\"v\":7.5253385125895266e-07}]"}, {"source": 93, "prod": 0, "target": 5, "value": 1.1288007768884289e-06, "supply": "[{\"l\":'Energy for power irrigation',\"v\":1.1288007768884289e-06}]"}, {"source": 93, "prod": 0, "target": 18, "value": 6.8412168296268423e-06, "supply": "[{\"l\":'Energy for power irrigation',\"v\":6.8412168296268423e-06}]"}, {"source": 93, "prod": 0, "target": 7, "value": 9.5777035614775795e-06, "supply": "[{\"l\":'Energy for power irrigation',\"v\":9.5777035614775795e-06}]"}, {"source": 93, "prod": 0, "target": 56, "value": 2.0865711330361868e-06, "supply": "[{\"l\":'Energy for power irrigation',\"v\":2.0865711330361868e-06}]"}, {"source": 93, "prod": 0, "target": 11, "value": 7.3543080918488556e-06, "supply": "[{\"l\":'Energy for power irrigation',\"v\":7.3543080918488556e-06}]"}, {"source": 93, "prod": 0, "target": 52, "value": 1.3408784986068612e-05, "supply": "[{\"l\":'Energy for power irrigation',\"v\":1.3408784986068612e-05}]"}, {"source": 93, "prod": 0, "target": 26, "value": 0.0003270785766244593, "supply": "[{\"l\":'Energy for power irrigation',\"v\":0.0003270785766244593}]"}, {"source": 93, "prod": 0, "target": 28, "value": 5.5413856319977417e-05, "supply": "[{\"l\":'Energy for power irrigation',\"v\":5.5413856319977417e-05}]"}, {"source": 93, "prod": 0, "target": 29, "value": 1.0945946927402948e-06, "supply": "[{\"l\":'Energy for power irrigation',\"v\":1.0945946927402948e-06}]"}, {"source": 93, "prod": 0, "target": 3, "value": 2.7022806477026025e-06, "supply": "[{\"l\":'Energy for power irrigation',\"v\":2.7022806477026025e-06}]"}, {"source": 93, "prod": 0, "target": 30, "value": 8.4660058266632166e-05, "supply": "[{\"l\":'Energy for power irrigation',\"v\":8.4660058266632166e-05}]"}, {"source": 93, "prod": 0, "target": 32, "value": 0.00024022932897234655, "supply": "[{\"l\":'Energy for power irrigation',\"v\":0.00024022932897234655}]"}, {"source": 93, "prod": 0, "target": 35, "value": 2.4354731913471559e-05, "supply": "[{\"l\":'Energy for power irrigation',\"v\":2.4354731913471559e-05}]"}, {"source": 93, "prod": 0, "target": 36, "value": 6.8412168296268423e-06, "supply": "[{\"l\":'Energy for power irrigation',\"v\":6.8412168296268423e-06}]"}, {"source": 93, "prod": 0, "target": 39, "value": 0.00011920820325624772, "supply": "[{\"l\":'Energy for power irrigation',\"v\":0.00011920820325624772}]"}, {"source": 93, "prod": 0, "target": 41, "value": 2.0523650488880525e-07, "supply": "[{\"l\":'Energy for power irrigation',\"v\":2.0523650488880525e-07}]"}, {"source": 93, "prod": 0, "target": 82, "value": 9.8513522346626521e-05, "supply": "[{\"l\":'Energy for power irrigation',\"v\":9.8513522346626521e-05}]"}, {"source": 93, "prod": 0, "target": 44, "value": 3.4342908484726748e-05, "supply": "[{\"l\":'Energy for power irrigation',\"v\":3.4342908484726748e-05}]"}, {"source": 93, "prod": 0, "target": 45, "value": 2.8220019422210724e-05, "supply": "[{\"l\":'Energy for power irrigation',\"v\":2.8220019422210724e-05}]"}, {"source": 93, "prod": 0, "target": 92, "value": 1.0261825244440263e-06, "supply": "[{\"l\":'Energy for power irrigation',\"v\":1.0261825244440263e-06}]"}, {"source": 93, "prod": 0, "target": 81, "value": 3.6497891786059203e-05, "supply": "[{\"l\":'Energy for power irrigation',\"v\":3.6497891786059203e-05}]"}, {"source": 93, "prod": 0, "target": 49, "value": 3.5916388355540921e-06, "supply": "[{\"l\":'Energy for power irrigation',\"v\":3.5916388355540921e-06}]"}, {"source": 93, "prod": 0, "target": 4, "value": 0.00034305281792163802, "supply": "[{\"l\":'Energy for power irrigation',\"v\":0.00034305281792163802}]"}, {"source": 93, "prod": 0, "target": 53, "value": 9.2082778526777296e-05, "supply": "[{\"l\":'Energy for power irrigation',\"v\":9.2082778526777296e-05}]"}, {"source": 93, "prod": 0, "target": 55, "value": 1.7103042074067106e-06, "supply": "[{\"l\":'Energy for power irrigation',\"v\":1.7103042074067106e-06}]"}, {"source": 93, "prod": 0, "target": 58, "value": 0.00015317484481534499, "supply": "[{\"l\":'Energy for power irrigation',\"v\":0.00015317484481534499}]"}, {"source": 93, "prod": 0, "target": 59, "value": 4.2073483502205079e-06, "supply": "[{\"l\":'Energy for power irrigation',\"v\":4.2073483502205079e-06}]"}, {"source": 93, "prod": 0, "target": 61, "value": 7.7305750174783318e-06, "supply": "[{\"l\":'Energy for power irrigation',\"v\":7.7305750174783318e-06}]"}, {"source": 93, "prod": 0, "target": 14, "value": 1.7171454242363374e-05, "supply": "[{\"l\":'Energy for power irrigation',\"v\":1.7171454242363374e-05}]"}, {"source": 93, "prod": 0, "target": 15, "value": 0.006293509010246918, "supply": "[{\"l\":'Energy for power irrigation',\"v\":0.006293509010246918}]"}, {"source": 93, "prod": 0, "target": 57, "value": 3.3419344212727121e-05, "supply": "[{\"l\":'Energy for power irrigation',\"v\":3.3419344212727121e-05}]"}, {"source": 93, "prod": 0, "target": 65, "value": 0.00025158574890952714, "supply": "[{\"l\":'Energy for power irrigation',\"v\":0.00025158574890952714}]"}, {"source": 93, "prod": 0, "target": 67, "value": 7.5937506808857947e-06, "supply": "[{\"l\":'Energy for power irrigation',\"v\":7.5937506808857947e-06}]"}, {"source": 93, "prod": 0, "target": 68, "value": 0.00010620989127995672, "supply": "[{\"l\":'Energy for power irrigation',\"v\":0.00010620989127995672}]"}, {"source": 93, "prod": 0, "target": 10, "value": 0.00012505744364557867, "supply": "[{\"l\":'Energy for power irrigation',\"v\":0.00012505744364557867}]"}, {"source": 93, "prod": 0, "target": 74, "value": 0.00036316599540074093, "supply": "[{\"l\":'Energy for power irrigation',\"v\":0.00036316599540074093}]"}, {"source": 93, "prod": 0, "target": 79, "value": 6.1228890625160241e-06, "supply": "[{\"l\":'Energy for power irrigation',\"v\":6.1228890625160241e-06}]"}, {"source": 93, "prod": 0, "target": 84, "value": 1.5666386539845469e-05, "supply": "[{\"l\":'Energy for power irrigation',\"v\":1.5666386539845469e-05}]"}, {"source": 93, "prod": 0, "target": 78, "value": 2.2678633790212981e-05, "supply": "[{\"l\":'Energy for power irrigation',\"v\":2.2678633790212981e-05}]"}, {"source": 93, "prod": 0, "target": 13, "value": 0.0018147695883951123, "supply": "[{\"l\":'Energy for power irrigation',\"v\":0.0018147695883951123}]"}, {"source": 93, "prod": 0, "target": 80, "value": 0.52800000042239992, "supply": "[{\"l\":'Electricity',\"v\":0.52800000042239992}]"}, {"source": 94, "prod": 0, "target": 93, "value": 0.13276291603011917, "supply": [{"l": "Coal", "v": 0.029912238104694552}, {"l": "Natural gas", "v": 0.0}, {"l": "Oil", "v": 0.10285067792542461}]}, {"source": 95, "prod": 0, "target": 93, "value": 0.48898683797854348, "supply": [{"l": "Nuclear", "v": 0.0}, {"l": "Hydroelectric", "v": 0.48272451101751135}, {"l": "Renewable", "v": 0.0062623269610321552}]}, {"source": 94, "prod": 0, "target": 0, "value": 5.889783025170261, "supply": [{"l": "Gas-Diesel oil", "v": 0.049394122851049715}, {"l": "Natural gas (including LNG)", "v": 0.0017689988183864317}, {"l": "Fuel oil", "v": 0.24410345772882489}, {"l": "Liquefied petroleum gas (LPG)", "v": 0.0010866707027230936}, {"l": "Other fossil fuels", "v": 5.5934297750692767}]}, {"source": 94, "prod": 0, "target": 17, "value": 0.0045663668788323139, "supply": [{"l": "Gas-Diesel oil", "v": 3.8295415235519226e-05}, {"l": "Natural gas (including LNG)", "v": 1.3715102200627818e-06}, {"l": "Fuel oil", "v": 0.00018925416091183206}, {"l": "Liquefied petroleum gas (LPG)", "v": 8.4249913518142294e-07}, {"l": "Other fossil fuels", "v": 0.0043366032933297178}]}, {"source": 94, "prod": 0, "target": 5, "value": 0.0068495503182484704, "supply": [{"l": "Gas-Diesel oil", "v": 5.7443122853278839e-05}, {"l": "Natural gas (including LNG)", "v": 2.0572653300941727e-06}, {"l": "Fuel oil", "v": 0.0002838812413677481}, {"l": "Liquefied petroleum gas (LPG)", "v": 1.2637487027721344e-06}, {"l": "Other fossil fuels", "v": 0.0065049049399945767}]}, {"source": 94, "prod": 0, "target": 18, "value": 0.041512426171202849, "supply": [{"l": "Gas-Diesel oil", "v": 0.00034814013850472026}, {"l": "Natural gas (including LNG)", "v": 1.2468274727843471e-05}, {"l": "Fuel oil", "v": 0.0017204923719257462}, {"l": "Liquefied petroleum gas (LPG)", "v": 7.6590830471038455e-06}, {"l": "Other fossil fuels", "v": 0.039423666302997436}]}, {"source": 94, "prod": 0, "target": 7, "value": 0.058117396639683995, "supply": [{"l": "Gas-Diesel oil", "v": 0.00048739619390660835}, {"l": "Natural gas (including LNG)", "v": 1.7455584618980858e-05}, {"l": "Fuel oil", "v": 0.0024086893206960447}, {"l": "Liquefied petroleum gas (LPG)", "v": 1.0722716265945383e-05}, {"l": "Other fossil fuels", "v": 0.055193132824196411}]}, {"source": 94, "prod": 0, "target": 56, "value": 0.01266128998221687, "supply": [{"l": "Gas-Diesel oil", "v": 0.00010618274224393969}, {"l": "Natural gas (including LNG)", "v": 3.8028237919922587e-06}, {"l": "Fuel oil", "v": 0.00052475017343735263}, {"l": "Liquefied petroleum gas (LPG)", "v": 2.3360203293666726e-06}, {"l": "Other fossil fuels", "v": 0.012024218222414219}]}, {"source": 94, "prod": 0, "target": 11, "value": 0.044625858134043066, "supply": [{"l": "Gas-Diesel oil", "v": 0.00037425064889257429}, {"l": "Natural gas (including LNG)", "v": 1.340339533243173e-05}, {"l": "Fuel oil", "v": 0.0018495292998201771}, {"l": "Liquefied petroleum gas (LPG)", "v": 8.2335142756366336e-06}, {"l": "Other fossil fuels", "v": 0.042380441275722248}]}, {"source": 94, "prod": 0, "target": 52, "value": 0.081364355295557592, "supply": [{"l": "Gas-Diesel oil", "v": 0.00068235467146925176}, {"l": "Natural gas (including LNG)", "v": 2.4437818466573202e-05}, {"l": "Fuel oil", "v": 0.0033721650489744628}, {"l": "Liquefied petroleum gas (LPG)", "v": 1.5011802772323536e-05}, {"l": "Other fossil fuels", "v": 0.077270385953874976}]}, {"source": 94, "prod": 0, "target": 26, "value": 1.9847090952452082, "supply": [{"l": "Gas-Diesel oil", "v": 0.016644580021910674}, {"l": "Natural gas (including LNG)", "v": 0.00059610821473819633}, {"l": "Fuel oil", "v": 0.082256740301769923}, {"l": "Liquefied petroleum gas (LPG)", "v": 0.00036618076048203479}, {"l": "Other fossil fuels", "v": 1.8848454859463075}]}, {"source": 94, "prod": 0, "target": 28, "value": 0.33625065198674309, "supply": [{"l": "Gas-Diesel oil", "v": 0.0028199351218882339}, {"l": "Natural gas (including LNG)", "v": 0.00010099302529553211}, {"l": "Fuel oil", "v": 0.013935988212598543}, {"l": "Liquefied petroleum gas (LPG)", "v": 6.2038572681541137e-05}, {"l": "Other fossil fuels", "v": 0.31933169705427922}]}, {"source": 94, "prod": 0, "target": 29, "value": 0.0066419881873924563, "supply": [{"l": "Gas-Diesel oil", "v": 5.5702422160755243e-05}, {"l": "Natural gas (including LNG)", "v": 1.9949239564549552e-06}, {"l": "Fuel oil", "v": 0.00027527877950811941}, {"l": "Liquefied petroleum gas (LPG)", "v": 1.2254532875366153e-06}, {"l": "Other fossil fuels", "v": 0.0063077866084795906}]}, {"source": 94, "prod": 0, "target": 3, "value": 0.016397408337625128, "supply": [{"l": "Gas-Diesel oil", "v": 0.0001375153547093645}, {"l": "Natural gas (including LNG)", "v": 4.9249685174981709e-06}, {"l": "Fuel oil", "v": 0.00067959448691066971}, {"l": "Liquefied petroleum gas (LPG)", "v": 3.0253378036060187e-06}, {"l": "Other fossil fuels", "v": 0.015572348189683989}]}, {"source": 94, "prod": 0, "target": 30, "value": 0.51371627386863528, "supply": [{"l": "Gas-Diesel oil", "v": 0.0043082342139959132}, {"l": "Natural gas (including LNG)", "v": 0.00015429489975706293}, {"l": "Fuel oil", "v": 0.021291093102581107}, {"l": "Liquefied petroleum gas (LPG)", "v": 9.4781152707910078e-05}, {"l": "Other fossil fuels", "v": 0.48786787049959329}]}, {"source": 94, "prod": 0, "target": 32, "value": 1.4577088450017881, "supply": [{"l": "Gas-Diesel oil", "v": 0.01222494096359325}, {"l": "Natural gas (including LNG)", "v": 0.00043782346706822345}, {"l": "Fuel oil", "v": 0.060415089640172566}, {"l": "Liquefied petroleum gas (LPG)", "v": 0.00026894870119905149}, {"l": "Other fossil fuels", "v": 1.3843620422297549}]}, {"source": 94, "prod": 0, "target": 35, "value": 0.14778423716948216, "supply": [{"l": "Gas-Diesel oil", "v": 0.0012393788930768041}, {"l": "Natural gas (including LNG)", "v": 4.4387058031122761e-05}, {"l": "Fuel oil", "v": 0.0061249528440556564}, {"l": "Liquefied petroleum gas (LPG)", "v": 2.7266335647689688e-05}, {"l": "Other fossil fuels", "v": 0.14034825203867088}]}, {"source": 94, "prod": 0, "target": 36, "value": 0.041512426171202849, "supply": [{"l": "Gas-Diesel oil", "v": 0.00034814013850472026}, {"l": "Natural gas (including LNG)", "v": 1.2468274727843471e-05}, {"l": "Fuel oil", "v": 0.0017204923719257462}, {"l": "Liquefied petroleum gas (LPG)", "v": 7.6590830471038455e-06}, {"l": "Other fossil fuels", "v": 0.039423666302997436}]}, {"source": 94, "prod": 0, "target": 39, "value": 0.72335402603320964, "supply": [{"l": "Gas-Diesel oil", "v": 0.0060663419134447498}, {"l": "Natural gas (including LNG)", "v": 0.00021725968713267246}, {"l": "Fuel oil", "v": 0.029979579580806125}, {"l": "Liquefied petroleum gas (LPG)", "v": 0.00013345952209578449}, {"l": "Other fossil fuels", "v": 0.68695738532973027}]}, {"source": 94, "prod": 0, "target": 41, "value": 0.0012453727851360855, "supply": [{"l": "Gas-Diesel oil", "v": 1.0444204155141608e-05}, {"l": "Natural gas (including LNG)", "v": 3.740482418353041e-07}, {"l": "Fuel oil", "v": 5.1614771157772382e-05}, {"l": "Liquefied petroleum gas (LPG)", "v": 2.2977249141311531e-07}, {"l": "Other fossil fuels", "v": 0.0011827099890899231}]}, {"source": 94, "prod": 0, "target": 82, "value": 0.59777893686532102, "supply": [{"l": "Gas-Diesel oil", "v": 0.005013217994467971}, {"l": "Natural gas (including LNG)", "v": 0.00017954315608094596}, {"l": "Fuel oil", "v": 0.024775090155730744}, {"l": "Liquefied petroleum gas (LPG)", "v": 0.00011029079587829536}, {"l": "Other fossil fuels", "v": 0.56770079476316304}]}, {"source": 94, "prod": 0, "target": 44, "value": 0.2083923793794383, "supply": [{"l": "Gas-Diesel oil", "v": 0.0017476634952936956}, {"l": "Natural gas (including LNG)", "v": 6.2590739133774228e-05}, {"l": "Fuel oil", "v": 0.0086368717070672459}, {"l": "Liquefied petroleum gas (LPG)", "v": 3.8448596896461303e-05}, {"l": "Other fossil fuels", "v": 0.19790680484104714}]}, {"source": 94, "prod": 0, "target": 45, "value": 0.17123875795621177, "supply": [{"l": "Gas-Diesel oil", "v": 0.0014360780713319711}, {"l": "Natural gas (including LNG)", "v": 5.1431633252354318e-05}, {"l": "Fuel oil", "v": 0.0070970310341937027}, {"l": "Liquefied petroleum gas (LPG)", "v": 3.1593717569303362e-05}, {"l": "Other fossil fuels", "v": 0.16262262349986442}]}, {"source": 94, "prod": 0, "target": 92, "value": 0.0062268639256804273, "supply": [{"l": "Gas-Diesel oil", "v": 5.2221020775708031e-05}, {"l": "Natural gas (including LNG)", "v": 1.8702412091765204e-06}, {"l": "Fuel oil", "v": 0.00025807385578886192}, {"l": "Liquefied petroleum gas (LPG)", "v": 1.1488624570655767e-06}, {"l": "Other fossil fuels", "v": 0.005913549945449615}]}, {"source": 94, "prod": 0, "target": 81, "value": 0.22146879362336722, "supply": [{"l": "Gas-Diesel oil", "v": 0.0018573276389226825}, {"l": "Natural gas (including LNG)", "v": 6.6518245673044925e-05}, {"l": "Fuel oil", "v": 0.0091788268042238552}, {"l": "Liquefied petroleum gas (LPG)", "v": 4.0861208056299017e-05}, {"l": "Other fossil fuels", "v": 0.21032525972649135}]}, {"source": 94, "prod": 0, "target": 49, "value": 0.021794023739881496, "supply": [{"l": "Gas-Diesel oil", "v": 0.00018277357271497812}, {"l": "Natural gas (including LNG)", "v": 6.5458442321178219e-06}, {"l": "Fuel oil", "v": 0.00090325849526101665}, {"l": "Liquefied petroleum gas (LPG)", "v": 4.0210185997295185e-06}, {"l": "Other fossil fuels", "v": 0.020697424809073654}]}, {"source": 94, "prod": 0, "target": 4, "value": 2.0816406103549672, "supply": [{"l": "Gas-Diesel oil", "v": 0.017457487245319196}, {"l": "Natural gas (including LNG)", "v": 0.00062522163622771084}, {"l": "Fuel oil", "v": 0.086274089990216532}, {"l": "Liquefied petroleum gas (LPG)", "v": 0.0003840647193970223}, {"l": "Other fossil fuels", "v": 1.9768997467638065}]}, {"source": 94, "prod": 0, "target": 53, "value": 0.55875725626439032, "supply": [{"l": "Gas-Diesel oil", "v": 0.0046859662642735342}, {"l": "Natural gas (including LNG)", "v": 0.00016782297783677312}, {"l": "Fuel oil", "v": 0.023157827326120543}, {"l": "Liquefied petroleum gas (LPG)", "v": 0.00010309125781401775}, {"l": "Other fossil fuels", "v": 0.53064254843834546}]}, {"source": 94, "prod": 0, "target": 55, "value": 0.010378106542800712, "supply": [{"l": "Gas-Diesel oil", "v": 8.7035034626180066e-05}, {"l": "Natural gas (including LNG)", "v": 3.1170686819608678e-06}, {"l": "Fuel oil", "v": 0.00043012309298143654}, {"l": "Liquefied petroleum gas (LPG)", "v": 1.9147707617759614e-06}, {"l": "Other fossil fuels", "v": 0.0098559165757493589}]}, {"source": 94, "prod": 0, "target": 58, "value": 0.92946322197323183, "supply": [{"l": "Gas-Diesel oil", "v": 0.0077948577011206863}, {"l": "Natural gas (including LNG)", "v": 0.00027916467115641531}, {"l": "Fuel oil", "v": 0.038521824207417454}, {"l": "Liquefied petroleum gas (LPG)", "v": 0.00017148686942465509}, {"l": "Other fossil fuels", "v": 0.88269588852411263}]}, {"source": 94, "prod": 0, "target": 59, "value": 0.025530142095289754, "supply": [{"l": "Gas-Diesel oil", "v": 0.00021410618518040295}, {"l": "Natural gas (including LNG)", "v": 7.6679889576237345e-06}, {"l": "Fuel oil", "v": 0.0010581028087343338}, {"l": "Liquefied petroleum gas (LPG)", "v": 4.7103360739688646e-06}, {"l": "Other fossil fuels", "v": 0.024245554776343423}]}, {"source": 94, "prod": 0, "target": 61, "value": 0.046909041573459223, "supply": [{"l": "Gas-Diesel oil", "v": 0.00039339835651033389}, {"l": "Natural gas (including LNG)", "v": 1.4089150442463122e-05}, {"l": "Fuel oil", "v": 0.0019441563802760932}, {"l": "Liquefied petroleum gas (LPG)", "v": 8.6547638432273444e-06}, {"l": "Other fossil fuels", "v": 0.044548742922387106}]}, {"source": 94, "prod": 0, "target": 14, "value": 0.10419618968971915, "supply": [{"l": "Gas-Diesel oil", "v": 0.0008738317476468478}, {"l": "Natural gas (including LNG)", "v": 3.1295369566887114e-05}, {"l": "Fuel oil", "v": 0.0043184358535336229}, {"l": "Liquefied petroleum gas (LPG)", "v": 1.9224298448230652e-05}, {"l": "Other fossil fuels", "v": 0.09895340242052357}]}, {"source": 94, "prod": 0, "target": 15, "value": 38.188941331936356, "supply": [{"l": "Gas-Diesel oil", "v": 0.32026803901603235}, {"l": "Natural gas (including LNG)", "v": 0.011470064653132323}, {"l": "Fuel oil", "v": 1.582749752629371}, {"l": "Liquefied petroleum gas (LPG)", "v": 0.0070458968583527112}, {"l": "Other fossil fuels", "v": 36.267407578779462}]}, {"source": 94, "prod": 0, "target": 57, "value": 0.20278820184632593, "supply": [{"l": "Gas-Diesel oil", "v": 0.0017006645765955584}, {"l": "Natural gas (including LNG)", "v": 6.0907522045515349e-05}, {"l": "Fuel oil", "v": 0.0084046052368572689}, {"l": "Liquefied petroleum gas (LPG)", "v": 3.7414620685102278e-05}, {"l": "Other fossil fuels", "v": 0.19258460989014248}]}, {"source": 94, "prod": 0, "target": 65, "value": 1.5266194724459849, "supply": [{"l": "Gas-Diesel oil", "v": 0.012802853593511089}, {"l": "Natural gas (including LNG)", "v": 0.00045852080311644365}, {"l": "Fuel oil", "v": 0.063271106977569311}, {"l": "Liquefied petroleum gas (LPG)", "v": 0.00028166277905724392}, {"l": "Other fossil fuels", "v": 1.4498053282927308}]}, {"source": 94, "prod": 0, "target": 67, "value": 0.046078793050035163, "supply": [{"l": "Gas-Diesel oil", "v": 0.00038643555374023945}, {"l": "Natural gas (including LNG)", "v": 1.3839784947906252e-05}, {"l": "Fuel oil", "v": 0.001909746532837578}, {"l": "Liquefied petroleum gas (LPG)", "v": 8.5015821822852671e-06}, {"l": "Other fossil fuels", "v": 0.043760269596327152}]}, {"source": 94, "prod": 0, "target": 68, "value": 0.6444804163079243, "supply": [{"l": "Gas-Diesel oil", "v": 0.0054048756502857818}, {"l": "Natural gas (including LNG)", "v": 0.00019356996514976988}, {"l": "Fuel oil", "v": 0.026710644074147208}, {"l": "Liquefied petroleum gas (LPG)", "v": 0.00011890726430628719}, {"l": "Other fossil fuels", "v": 0.6120524193540352}]}, {"source": 94, "prod": 0, "target": 10, "value": 0.75884715040958817, "supply": [{"l": "Gas-Diesel oil", "v": 0.0063640017318662865}, {"l": "Natural gas (including LNG)", "v": 0.00022792006202497863}, {"l": "Fuel oil", "v": 0.031450600558802638}, {"l": "Liquefied petroleum gas (LPG)", "v": 0.00014000803810105828}, {"l": "Other fossil fuels", "v": 0.72066462001879317}]}, {"source": 94, "prod": 0, "target": 74, "value": 2.2036871432983034, "supply": [{"l": "Gas-Diesel oil", "v": 0.018481019252523073}, {"l": "Natural gas (including LNG)", "v": 0.00066187836392757066}, {"l": "Fuel oil", "v": 0.091332337563678229}, {"l": "Liquefied petroleum gas (LPG)", "v": 0.00040658242355550762}, {"l": "Other fossil fuels", "v": 2.0928053256946191}]}, {"source": 94, "prod": 0, "target": 79, "value": 0.037153621423226556, "supply": [{"l": "Gas-Diesel oil", "v": 0.00031158542396172463}, {"l": "Natural gas (including LNG)", "v": 1.1159105881419906e-05}, {"l": "Fuel oil", "v": 0.0015398406728735427}, {"l": "Liquefied petroleum gas (LPG)", "v": 6.8548793271579414e-06}, {"l": "Other fossil fuels", "v": 0.035284181341182705}]}, {"source": 94, "prod": 0, "target": 84, "value": 0.095063455932054536, "supply": [{"l": "Gas-Diesel oil", "v": 0.00079724091717580943}, {"l": "Natural gas (including LNG)", "v": 2.8552349126761549e-05}, {"l": "Fuel oil", "v": 0.0039399275317099584}, {"l": "Liquefied petroleum gas (LPG)", "v": 1.7539300177867805e-05}, {"l": "Other fossil fuels", "v": 0.090280195833864138}]}, {"source": 94, "prod": 0, "target": 78, "value": 0.13761369275753746, "supply": [{"l": "Gas-Diesel oil", "v": 0.0011540845591431475}, {"l": "Natural gas (including LNG)", "v": 4.1332330722801104e-05}, {"l": "Fuel oil", "v": 0.0057034322129338481}, {"l": "Liquefied petroleum gas (LPG)", "v": 2.5389860301149245e-05}, {"l": "Other fossil fuels", "v": 0.1306894537944365}]}, {"source": 94, "prod": 0, "target": 13, "value": 11.012001290434981, "supply": [{"l": "Gas-Diesel oil", "v": 0.092351134541147142}, {"l": "Natural gas (including LNG)", "v": 0.0033074592370550371}, {"l": "Fuel oil", "v": 0.45639501150074263}, {"l": "Liquefied petroleum gas (LPG)", "v": 0.0020317249599052368}, {"l": "Other fossil fuels", "v": 10.45791596019613}]}, {"source": 96, "prod": 138.33123214988356, "target": 0, "value": 0.91672530684552278, "supply": [{"l": "Potash", "v": 1.3550973233063}, {"l": "Phosphate", "v": 3.3516597526813272}, {"l": "Nitrogen", "v": 6.3773293245463067}]}, {"source": 96, "prod": 0.10724862938037208, "target": 17, "value": 0.00071073994751203482, "supply": [{"l": "Potash", "v": 1.3550973233063}, {"l": "Phosphate", "v": 3.3516597526813272}, {"l": "Nitrogen", "v": 6.3773293245463067}]}, {"source": 96, "prod": 0.1608729440705581, "target": 5, "value": 0.0010661099212680521, "supply": [{"l": "Potash", "v": 1.3550973233063}, {"l": "Phosphate", "v": 3.3516597526813272}, {"l": "Nitrogen", "v": 6.3773293245463067}]}, {"source": 96, "prod": 0.97498753982156428, "target": 18, "value": 0.0064612722501094068, "supply": [{"l": "Potash", "v": 1.3550973233063}, {"l": "Phosphate", "v": 3.3516597526813272}, {"l": "Nitrogen", "v": 6.3773293245463067}]}, {"source": 96, "prod": 1.36498255575019, "target": 7, "value": 0.0090457811501531704, "supply": [{"l": "Potash", "v": 1.3550973233063}, {"l": "Phosphate", "v": 3.3516597526813272}, {"l": "Nitrogen", "v": 6.3773293245463067}]}, {"source": 96, "prod": 0.29737119964557712, "target": 56, "value": 0.0019706880362833695, "supply": [{"l": "Potash", "v": 1.3550973233063}, {"l": "Phosphate", "v": 3.3516597526813272}, {"l": "Nitrogen", "v": 6.3773293245463067}]}, {"source": 96, "prod": 1.0481116053081816, "target": 11, "value": 0.0069458676688676129, "supply": [{"l": "Potash", "v": 1.3550973233063}, {"l": "Phosphate", "v": 3.3516597526813272}, {"l": "Nitrogen", "v": 6.3773293245463067}]}, {"source": 96, "prod": 1.9109755780502662, "target": 52, "value": 0.012664093610214439, "supply": [{"l": "Potash", "v": 1.3550973233063}, {"l": "Phosphate", "v": 3.3516597526813272}, {"l": "Nitrogen", "v": 6.3773293245463067}]}, {"source": 96, "prod": 46.614154278868988, "target": 26, "value": 0.30891342627773077, "supply": [{"l": "Potash", "v": 1.3550973233063}, {"l": "Phosphate", "v": 3.3516597526813272}, {"l": "Nitrogen", "v": 6.3773293245463067}]}, {"source": 96, "prod": 7.8973990725546708, "target": 28, "value": 0.052336305225886198, "supply": [{"l": "Potash", "v": 1.3550973233063}, {"l": "Phosphate", "v": 3.3516597526813272}, {"l": "Nitrogen", "v": 6.3773293245463067}]}, {"source": 96, "prod": 0.15599800637145028, "target": 29, "value": 0.0010338035600175053, "supply": [{"l": "Potash", "v": 1.3550973233063}, {"l": "Phosphate", "v": 3.3516597526813272}, {"l": "Nitrogen", "v": 6.3773293245463067}]}, {"source": 96, "prod": 0.38512007822951788, "target": 3, "value": 0.0025522025387932157, "supply": [{"l": "Potash", "v": 1.3550973233063}, {"l": "Phosphate", "v": 3.3516597526813272}, {"l": "Nitrogen", "v": 6.3773293245463067}]}, {"source": 96, "prod": 12.065470805291858, "target": 30, "value": 0.079958244095103909, "supply": [{"l": "Potash", "v": 1.3550973233063}, {"l": "Phosphate", "v": 3.3516597526813272}, {"l": "Nitrogen", "v": 6.3773293245463067}]}, {"source": 96, "prod": 34.236687460834226, "target": 32, "value": 0.2268875750625918, "supply": [{"l": "Potash", "v": 1.3550973233063}, {"l": "Phosphate", "v": 3.3516597526813272}, {"l": "Nitrogen", "v": 6.3773293245463067}]}, {"source": 96, "prod": 3.4709556417647693, "target": 35, "value": 0.02300212921038949, "supply": [{"l": "Potash", "v": 1.3550973233063}, {"l": "Phosphate", "v": 3.3516597526813272}, {"l": "Nitrogen", "v": 6.3773293245463067}]}, {"source": 96, "prod": 0.97498753982156428, "target": 36, "value": 0.0064612722501094068, "supply": [{"l": "Potash", "v": 1.3550973233063}, {"l": "Phosphate", "v": 3.3516597526813272}, {"l": "Nitrogen", "v": 6.3773293245463067}]}, {"source": 96, "prod": 16.989157881390756, "target": 39, "value": 0.11258766895815642, "supply": [{"l": "Potash", "v": 1.3550973233063}, {"l": "Phosphate", "v": 3.3516597526813272}, {"l": "Nitrogen", "v": 6.3773293245463067}]}, {"source": 96, "prod": 0.029249626194646928, "target": 41, "value": 0.00019383816750328221, "supply": [{"l": "Potash", "v": 1.3550973233063}, {"l": "Phosphate", "v": 3.3516597526813272}, {"l": "Nitrogen", "v": 6.3773293245463067}]}, {"source": 96, "prod": 14.039820573430525, "target": 82, "value": 0.093042320401575465, "supply": [{"l": "Potash", "v": 1.3550973233063}, {"l": "Phosphate", "v": 3.3516597526813272}, {"l": "Nitrogen", "v": 6.3773293245463067}]}, {"source": 96, "prod": 4.8944374499042524, "target": 44, "value": 0.032435586695549225, "supply": [{"l": "Potash", "v": 1.3550973233063}, {"l": "Phosphate", "v": 3.3516597526813272}, {"l": "Nitrogen", "v": 6.3773293245463067}]}, {"source": 96, "prod": 4.0218236017639528, "target": 45, "value": 0.026652748031701305, "supply": [{"l": "Potash", "v": 1.3550973233063}, {"l": "Phosphate", "v": 3.3516597526813272}, {"l": "Nitrogen", "v": 6.3773293245463067}]}, {"source": 96, "prod": 0.14624813097323464, "target": 92, "value": 0.00096919083751641102, "supply": [{"l": "Potash", "v": 1.3550973233063}, {"l": "Phosphate", "v": 3.3516597526813272}, {"l": "Nitrogen", "v": 6.3773293245463067}]}, {"source": 96, "prod": 5.2015585249480463, "target": 81, "value": 0.034470887454333687, "supply": [{"l": "Potash", "v": 1.3550973233063}, {"l": "Phosphate", "v": 3.3516597526813272}, {"l": "Nitrogen", "v": 6.3773293245463067}]}, {"source": 96, "prod": 0.51186845840632123, "target": 49, "value": 0.0033921679313074385, "supply": [{"l": "Potash", "v": 1.3550973233063}, {"l": "Phosphate", "v": 3.3516597526813272}, {"l": "Nitrogen", "v": 6.3773293245463067}]}, {"source": 96, "prod": 48.890750184352342, "target": 4, "value": 0.32400049698173622, "supply": [{"l": "Potash", "v": 1.3550973233063}, {"l": "Phosphate", "v": 3.3516597526813272}, {"l": "Nitrogen", "v": 6.3773293245463067}]}, {"source": 96, "prod": 13.123332285998256, "target": 53, "value": 0.086968724486472623, "supply": [{"l": "Potash", "v": 1.3550973233063}, {"l": "Phosphate", "v": 3.3516597526813272}, {"l": "Nitrogen", "v": 6.3773293245463067}]}, {"source": 96, "prod": 0.24374688495539107, "target": 55, "value": 0.0016153180625273517, "supply": [{"l": "Potash", "v": 1.3550973233063}, {"l": "Phosphate", "v": 3.3516597526813272}, {"l": "Nitrogen", "v": 6.3773293245463067}]}, {"source": 96, "prod": 21.829971016604826, "target": 58, "value": 0.14466788567994962, "supply": [{"l": "Potash", "v": 1.3550973233063}, {"l": "Phosphate", "v": 3.3516597526813272}, {"l": "Nitrogen", "v": 6.3773293245463067}]}, {"source": 96, "prod": 0.59961733699026198, "target": 59, "value": 0.0039736824338172851, "supply": [{"l": "Potash", "v": 1.3550973233063}, {"l": "Phosphate", "v": 3.3516597526813272}, {"l": "Nitrogen", "v": 6.3773293245463067}]}, {"source": 96, "prod": 1.1017359199983676, "target": 61, "value": 0.0073012376426236309, "supply": [{"l": "Potash", "v": 1.3550973233063}, {"l": "Phosphate", "v": 3.3516597526813272}, {"l": "Nitrogen", "v": 6.3773293245463067}]}, {"source": 96, "prod": 2.4472187249521262, "target": 14, "value": 0.016217793347774612, "supply": [{"l": "Potash", "v": 1.3550973233063}, {"l": "Phosphate", "v": 3.3516597526813272}, {"l": "Nitrogen", "v": 6.3773293245463067}]}, {"source": 96, "prod": 896.93003738344987, "target": 15, "value": 5.9439827937656489, "supply": [{"l": "Potash", "v": 1.3550973233063}, {"l": "Phosphate", "v": 3.3516597526813272}, {"l": "Nitrogen", "v": 6.3773293245463067}]}, {"source": 96, "prod": 4.7628141320283408, "target": 57, "value": 0.031563314941784451, "supply": [{"l": "Potash", "v": 1.3550973233063}, {"l": "Phosphate", "v": 3.3516597526813272}, {"l": "Nitrogen", "v": 6.3773293245463067}]}, {"source": 96, "prod": 35.855166776938027, "target": 65, "value": 0.23761328699777345, "supply": [{"l": "Potash", "v": 1.3550973233063}, {"l": "Phosphate", "v": 3.3516597526813272}, {"l": "Nitrogen", "v": 6.3773293245463067}]}, {"source": 96, "prod": 1.0822361692019362, "target": 67, "value": 0.007172012197621442, "supply": [{"l": "Potash", "v": 1.3550973233063}, {"l": "Phosphate", "v": 3.3516597526813272}, {"l": "Nitrogen", "v": 6.3773293245463067}]}, {"source": 96, "prod": 15.136681555729785, "target": 68, "value": 0.10031125168294855, "supply": [{"l": "Potash", "v": 1.3550973233063}, {"l": "Phosphate", "v": 3.3516597526813272}, {"l": "Nitrogen", "v": 6.3773293245463067}]}, {"source": 96, "prod": 17.822772227938195, "target": 10, "value": 0.11811205673199997, "supply": [{"l": "Potash", "v": 1.3550973233063}, {"l": "Phosphate", "v": 3.3516597526813272}, {"l": "Nitrogen", "v": 6.3773293245463067}]}, {"source": 96, "prod": 51.757213551427739, "target": 74, "value": 0.34299663739705788, "supply": [{"l": "Potash", "v": 1.3550973233063}, {"l": "Phosphate", "v": 3.3516597526813272}, {"l": "Nitrogen", "v": 6.3773293245463067}]}, {"source": 96, "prod": 0.87261384814030007, "target": 79, "value": 0.0057828386638479196, "supply": [{"l": "Potash", "v": 1.3550973233063}, {"l": "Phosphate", "v": 3.3516597526813272}, {"l": "Nitrogen", "v": 6.3773293245463067}]}, {"source": 96, "prod": 2.2327214661913826, "target": 84, "value": 0.014796313452750544, "supply": [{"l": "Potash", "v": 1.3550973233063}, {"l": "Phosphate", "v": 3.3516597526813272}, {"l": "Nitrogen", "v": 6.3773293245463067}]}, {"source": 96, "prod": 3.2320836945084856, "target": 78, "value": 0.021419117509112684, "supply": [{"l": "Potash", "v": 1.3550973233063}, {"l": "Phosphate", "v": 3.3516597526813272}, {"l": "Nitrogen", "v": 6.3773293245463067}]}, {"source": 96, "prod": 258.63494468846636, "target": 13, "value": 1.7139816897865223, "supply": [{"l": "Potash", "v": 1.3550973233063}, {"l": "Phosphate", "v": 3.3516597526813272}, {"l": "Nitrogen", "v": 6.3773293245463067}]}, {"source": 94, "prod": 0, "target": 96, "value": 14.310979837445389, "supply": [{"l": "Natural gas (including LNG)", "v": 9.454316598658707}, {"l": "Fuel oil", "v": 3.7293351677637032}, {"l": "Liquefied petroleum gas (LPG)", "v": 0.56366403551148914}, {"l": "Coal", "v": 0.56366403551148914}]}, {"source": 97, "prod": 0, "target": 0, "value": 0.72699720052156291, "supply": "[{\"l\":'Labor',\"v\":0.72699720052156291}]"}, {"source": 97, "prod": 0, "target": 17, "value": 0.0005636431636409072, "supply": "[{\"l\":'Labor',\"v\":0.0005636431636409072}]"}, {"source": 97, "prod": 0, "target": 79, "value": 0.0045860057405328362, "supply": "[{\"l\":'Labor',\"v\":0.0045860057405328362}]"}, {"source": 97, "prod": 0, "target": 5, "value": 0.00084546474546136081, "supply": "[{\"l\":'Labor',\"v\":0.00084546474546136081}]"}, {"source": 97, "prod": 0, "target": 18, "value": 0.0051240287603718836, "supply": "[{\"l\":'Labor',\"v\":0.0051240287603718836}]"}, {"source": 97, "prod": 0, "target": 7, "value": 0.0071736402645206374, "supply": "[{\"l\":'Labor',\"v\":0.0071736402645206374}]"}, {"source": 97, "prod": 0, "target": 11, "value": 0.0055083309173997756, "supply": "[{\"l\":'Labor',\"v\":0.0055083309173997756}]"}, {"source": 97, "prod": 0, "target": 52, "value": 0.010043096370328894, "supply": "[{\"l\":'Labor',\"v\":0.010043096370328894}]"}, {"source": 97, "prod": 0, "target": 26, "value": 0.24497981503337976, "supply": "[{\"l\":'Labor',\"v\":0.24497981503337976}]"}, {"source": 97, "prod": 0, "target": 28, "value": 0.041504632959012258, "supply": "[{\"l\":'Labor',\"v\":0.041504632959012258}]"}, {"source": 97, "prod": 0, "target": 29, "value": 0.00081984460165950143, "supply": "[{\"l\":'Labor',\"v\":0.00081984460165950143}]"}, {"source": 97, "prod": 0, "target": 3, "value": 0.0020239913603468944, "supply": "[{\"l\":'Labor',\"v\":0.0020239913603468944}]"}, {"source": 97, "prod": 0, "target": 30, "value": 0.063409855909602061, "supply": "[{\"l\":'Labor',\"v\":0.063409855909602061}]"}, {"source": 97, "prod": 0, "target": 32, "value": 0.17993026992045869, "supply": "[{\"l\":'Labor',\"v\":0.17993026992045869}]"}, {"source": 97, "prod": 0, "target": 35, "value": 0.018241542386923909, "supply": "[{\"l\":'Labor',\"v\":0.018241542386923909}]"}, {"source": 97, "prod": 0, "target": 36, "value": 0.0051240287603718836, "supply": "[{\"l\":'Labor',\"v\":0.0051240287603718836}]"}, {"source": 97, "prod": 0, "target": 39, "value": 0.089286201149480077, "supply": "[{\"l\":'Labor',\"v\":0.089286201149480077}]"}, {"source": 97, "prod": 0, "target": 40, "value": 0.0003586820132260319, "supply": "[{\"l\":'Labor',\"v\":0.0003586820132260319}]"}, {"source": 97, "prod": 0, "target": 41, "value": 0.00015372086281115652, "supply": "[{\"l\":'Labor',\"v\":0.00015372086281115652}]"}, {"source": 97, "prod": 0, "target": 82, "value": 0.073786014149355122, "supply": "[{\"l\":'Labor',\"v\":0.073786014149355122}]"}, {"source": 97, "prod": 0, "target": 44, "value": 0.025722624377066856, "supply": "[{\"l\":'Labor',\"v\":0.025722624377066856}]"}, {"source": 97, "prod": 0, "target": 45, "value": 0.021136618636534023, "supply": "[{\"l\":'Labor',\"v\":0.021136618636534023}]"}, {"source": 97, "prod": 0, "target": 81, "value": 0.027336693436584004, "supply": "[{\"l\":'Labor',\"v\":0.027336693436584004}]"}, {"source": 97, "prod": 0, "target": 49, "value": 0.0026901150991952391, "supply": "[{\"l\":'Labor',\"v\":0.0026901150991952391}]"}, {"source": 97, "prod": 0, "target": 4, "value": 0.25694442218884811, "supply": "[{\"l\":'Labor',\"v\":0.25694442218884811}]"}, {"source": 97, "prod": 0, "target": 53, "value": 0.068969427114605561, "supply": "[{\"l\":'Labor',\"v\":0.068969427114605561}]"}, {"source": 97, "prod": 0, "target": 55, "value": 0.0012810071900929709, "supply": "[{\"l\":'Labor',\"v\":0.0012810071900929709}]"}, {"source": 97, "prod": 0, "target": 92, "value": 0.00076860431405578256, "supply": "[{\"l\":'Labor',\"v\":0.00076860431405578256}]"}, {"source": 97, "prod": 0, "target": 57, "value": 0.025030880494416652, "supply": "[{\"l\":'Labor',\"v\":0.025030880494416652}]"}, {"source": 97, "prod": 0, "target": 58, "value": 0.11472700394472649, "supply": "[{\"l\":'Labor',\"v\":0.11472700394472649}]"}, {"source": 97, "prod": 0, "target": 59, "value": 0.0031512776876287084, "supply": "[{\"l\":'Labor',\"v\":0.0031512776876287084}]"}, {"source": 97, "prod": 0, "target": 61, "value": 0.0057901524992202292, "supply": "[{\"l\":'Labor',\"v\":0.0057901524992202292}]"}, {"source": 97, "prod": 0, "target": 14, "value": 0.012861312188533428, "supply": "[{\"l\":'Labor',\"v\":0.012861312188533428}]"}, {"source": 97, "prod": 0, "target": 15, "value": 4.7137990178165117, "supply": "[{\"l\":'Labor',\"v\":4.7137990178165117}]"}, {"source": 97, "prod": 0, "target": 65, "value": 0.18843615766267605, "supply": "[{\"l\":'Labor',\"v\":0.18843615766267605}]"}, {"source": 97, "prod": 0, "target": 72, "value": 0.00043554244463161015, "supply": "[{\"l\":'Labor',\"v\":0.00043554244463161015}]"}, {"source": 97, "prod": 0, "target": 66, "value": 5.1240287603718839e-05, "supply": "[{\"l\":'Labor',\"v\":5.1240287603718839e-05}]"}, {"source": 97, "prod": 0, "target": 67, "value": 0.0056876719240127908, "supply": "[{\"l\":'Labor',\"v\":0.0056876719240127908}]"}, {"source": 97, "prod": 0, "target": 68, "value": 0.079550546504773501, "supply": "[{\"l\":'Labor',\"v\":0.079550546504773501}]"}, {"source": 97, "prod": 0, "target": 8, "value": 5.1240287603718839e-05, "supply": "[{\"l\":'Labor',\"v\":5.1240287603718839e-05}]"}, {"source": 97, "prod": 0, "target": 10, "value": 0.093667245739598032, "supply": "[{\"l\":'Labor',\"v\":0.093667245739598032}]"}, {"source": 97, "prod": 0, "target": 56, "value": 0.0015628287719134247, "supply": "[{\"l\":'Labor',\"v\":0.0015628287719134247}]"}, {"source": 97, "prod": 0, "target": 74, "value": 0.27200906674434144, "supply": "[{\"l\":'Labor',\"v\":0.27200906674434144}]"}, {"source": 97, "prod": 0, "target": 84, "value": 0.011734025861251616, "supply": "[{\"l\":'Labor',\"v\":0.011734025861251616}]"}, {"source": 97, "prod": 0, "target": 78, "value": 0.016986155340632796, "supply": "[{\"l\":'Labor',\"v\":0.016986155340632796}]"}, {"source": 97, "prod": 0, "target": 13, "value": 1.3592511092638495, "supply": "[{\"l\":'Labor',\"v\":1.3592511092638495}]"}, {"source": 94, "prod": 0, "target": 88, "value": 4.5019123732813453, "supply": "[{\"l\":'Fossil Fuels',\"v\":4.5019123732813453}]"}, {"source": 95, "prod": 0, "target": 88, "value": 4.6319730753055541, "supply": "[{\"l\":'Renewables & Nuclear',\"v\":0.55474087240058478},{\"l\":'Biomass & Waste',\"v\":4.0772322029049697}]"}]}