{"nodes": [{"layer": 13, "name": "Animal Products", "fill": "#17becf"}, {"layer": 10, "name": "Feed", "fill": "#dbdb8d"}, {"layer": 5, "name": "Cereals", "fill": "#e7ba52"}, {"layer": 5, "name": "Oilcrops", "fill": "#ff9896"}, {"layer": 13, "name": "Other Processed", "fill": "#9c9ede"}, {"layer": 16, "name": "Food", "fill": "#b5cf6b"}, {"layer": 5, "name": "Fruits, Roots & Vegetables", "fill": "#98df8a"}, {"layer": 13, "name": "Sugar", "fill": "#d6616b"}, {"layer": 13, "name": "Aquatic Products", "fill": "#1f77b4"}, {"layer": 13, "name": "Vegetable Oils", "fill": "#f7b6d2"}, {"layer": 10, "name": "Processing", "fill": "#9edae5"}, {"layer": 5, "name": "Sugar Crops", "fill": "#ffbb78"}, {"layer": 16, "name": "Biofuels & Other", "fill": "#e7ba52"}, {"name": "Seed", "fill": "#dbdb8d"}, {"name": "Waste", "fill": "#c7c7c7"}, {"layer": 0, "name": "Import", "fill": "#aec7e8"}, {"layer": 16, "name": "Export", "fill": "#aec7e8"}, {"layer": 0, "name": "Stock Draw", "fill": "#c7c7c7"}, {"layer": 16, "name": "Stock Deposit", "fill": "#c7c7c7"}, {"layer": 0, "name": "Production", "fill": "#b5cf6b"}], "links": [{"source": 0, "prod": 0.0087289944781535241, "target": 1, "value": 13.0, "supply": [{"l": "Milk - Excluding Butter", "v": 13.0}]}, {"source": 2, "prod": 0.92250547446144082, "target": 1, "value": 274.0, "supply": [{"l": "Maize", "v": 270.0}, {"l": "Barley", "v": 1.0}, {"l": "Oats", "v": 1.0}, {"l": "Sorghum", "v": 2.0}]}, {"source": 3, "prod": 0.05188353693783334, "target": 1, "value": 11.0, "supply": [{"l": "Cottonseed", "v": 8.0}, {"l": "Oilcrops, Other", "v": 3.0}]}, {"source": 4, "prod": 0.47548395542539246, "target": 5, "value": 281.0, "supply": [{"l": "Beer", "v": 26.0}, {"l": "Beverages, Alcoholic", "v": 66.0}, {"l": "Butter, Ghee", "v": 2.0}, {"l": "Fats, Animals, Raw", "v": 18.0}, {"l": "Wine", "v": 1.0}, {"l": "Beverages, Fermented", "v": 168.0}]}, {"source": 0, "prod": 0.47333177417180661, "target": 5, "value": 498.0, "supply": [{"l": "Meat, Other", "v": 16.0}, {"l": "Eggs", "v": 8.0}, {"l": "Mutton & Goat Meat", "v": 6.0}, {"l": "Pigmeat", "v": 8.0}, {"l": "Milk - Excluding Butter", "v": 381.0}, {"l": "Bovine Meat", "v": 56.0}, {"l": "Poultry Meat", "v": 9.0}, {"l": "Offals, Edible", "v": 14.0}]}, {"source": 2, "prod": 4.8332594855651463, "target": 5, "value": 1439.0, "supply": [{"l": "Maize", "v": 1084.0}, {"l": "Barley", "v": 1.0}, {"l": "Rice", "v": 6.0}, {"l": "Cereals, Other", "v": 1.0}, {"l": "Wheat", "v": 211.0}, {"l": "Sorghum", "v": 44.0}, {"l": "Millet", "v": 92.0}]}, {"source": 3, "prod": 0.27168106614720006, "target": 5, "value": 51.0, "supply": [{"l": "Sunflower seed", "v": 12.0}, {"l": "Groundnuts", "v": 36.0}, {"l": "Soyabeans", "v": 3.0}]}, {"source": 6, "prod": 0.40420137690702618, "target": 5, "value": 388.0, "supply": [{"l": "Roots, Other", "v": 1.0}, {"l": "Fruits, Other", "v": 2.0}, {"l": "Tomatoes", "v": 9.0}, {"l": "Coffee", "v": 1.0}, {"l": "Vegetables, Other", "v": 114.0}, {"l": "Pulses, Other", "v": 1.0}, {"l": "Potatoes", "v": 24.0}, {"l": "Beans", "v": 45.0}, {"l": "Apples", "v": 5.0}, {"l": "Lemons, Limes", "v": 7.0}, {"l": "Bananas", "v": 58.0}, {"l": "Spices, Other", "v": 1.0}, {"l": "Sweet potatoes", "v": 1.0}, {"l": "Grapefruit", "v": 1.0}, {"l": "Oranges, Mandarines", "v": 33.0}, {"l": "Tea", "v": 4.0}, {"l": "Onions", "v": 3.0}, {"l": "Cassava", "v": 78.0}]}, {"source": 7, "prod": 0.83829982542094172, "target": 5, "value": 203.0, "supply": [{"l": "Sugar", "v": 202.0}, {"l": "Sweeteners, Other", "v": 1.0}]}, {"source": 8, "prod": 0.030315864047001879, "target": 5, "value": 35.0, "supply": [{"l": "Freshwater Fish", "v": 17.0}, {"l": "Fish, Seafood", "v": 18.0}]}, {"source": 9, "prod": 0.56413694087527178, "target": 5, "value": 55.0, "supply": [{"l": "Maize Germ Oil", "v": 9.0}, {"l": "Groundnut Oil", "v": 3.0}, {"l": "Soyabean Oil", "v": 14.0}, {"l": "Sunflowerseed Oil", "v": 1.0}, {"l": "Oilcrops Oil, Other", "v": 2.0}, {"l": "Cottonseed Oil", "v": 25.0}, {"l": "Palmkernel Oil", "v": 1.0}]}, {"source": 0, "prod": 0.0094004555918576413, "target": 10, "value": 14.0, "supply": [{"l": "Milk - Excluding Butter", "v": 14.0}]}, {"source": 2, "prod": 0.14074993795376789, "target": 10, "value": 42.0, "supply": [{"l": "Millet", "v": 16.0}, {"l": "Barley", "v": 5.0}, {"l": "Sorghum", "v": 21.0}]}, {"source": 3, "prod": 1.1125874216381142, "target": 10, "value": 235.0, "supply": [{"l": "Sunflower seed", "v": 5.0}, {"l": "Cottonseed", "v": 143.0}, {"l": "Soyabeans", "v": 74.0}, {"l": "Groundnuts", "v": 8.0}, {"l": "Oilcrops, Other", "v": 5.0}]}, {"source": 6, "prod": 0.0013519161332961784, "target": 10, "value": 2.0, "supply": [{"l": "Grapes", "v": 2.0}]}, {"source": 11, "prod": 1.2771750407856484, "target": 10, "value": 3480.0, "supply": [{"l": "Sugar cane", "v": 3480.0}]}, {"source": 7, "prod": 0.016494921873222858, "target": 10, "value": 4.0, "supply": [{"l": "Sugar", "v": 4.0}]}, {"source": 4, "prod": 0.059728877607738699, "target": 12, "value": 7.0, "supply": [{"l": "Fats, Animals, Raw", "v": 7.0}]}, {"source": 9, "prod": 0.010246591934431035, "target": 12, "value": 1.0, "supply": [{"l": "Palm Oil", "v": 1.0}]}, {"source": 3, "prod": 0.014150055528500001, "target": 12, "value": 3.0, "supply": [{"l": "Cottonseed", "v": 3.0}]}, {"source": 7, "prod": 0.061855957024585712, "target": 12, "value": 15.0, "supply": [{"l": "Sugar", "v": 15.0}]}, {"source": 6, "prod": 0.017093550788814537, "target": 13, "value": 6.0, "supply": [{"l": "Potatoes", "v": 2.0}, {"l": "Beans", "v": 4.0}]}, {"source": 0, "prod": 0.0014309044916460676, "target": 0, "value": 1.0, "supply": [{"l": "Eggs", "v": 1.0}]}, {"source": 2, "prod": 0.17437362594141778, "target": 13, "value": 52.0, "supply": [{"l": "Maize", "v": 39.0}, {"l": "Wheat", "v": 5.0}, {"l": "Millet", "v": 4.0}, {"l": "Barley", "v": 1.0}, {"l": "Sorghum", "v": 3.0}]}, {"source": 3, "prod": 0.065168866850702778, "target": 13, "value": 13.0, "supply": [{"l": "Sunflower seed", "v": 1.0}, {"l": "Soyabeans", "v": 3.0}, {"l": "Cottonseed", "v": 5.0}, {"l": "Groundnuts", "v": 4.0}]}, {"source": 6, "prod": 0.027568532644215136, "target": 14, "value": 33.0, "supply": [{"l": "Bananas", "v": 6.0}, {"l": "Potatoes", "v": 1.0}, {"l": "Vegetables, Other", "v": 13.0}, {"l": "Beans", "v": 3.0}, {"l": "Oranges, Mandarines", "v": 4.0}, {"l": "Lemons, Limes", "v": 1.0}, {"l": "Tomatoes", "v": 1.0}, {"l": "Cassava", "v": 4.0}]}, {"source": 0, "prod": 0.0094004555918576413, "target": 14, "value": 14.0, "supply": [{"l": "Milk - Excluding Butter", "v": 14.0}]}, {"source": 2, "prod": 0.57437585832492832, "target": 14, "value": 171.0, "supply": [{"l": "Maize", "v": 141.0}, {"l": "Wheat", "v": 10.0}, {"l": "Millet", "v": 11.0}, {"l": "Barley", "v": 2.0}, {"l": "Sorghum", "v": 7.0}]}, {"source": 3, "prod": 0.024919820014080558, "target": 14, "value": 5.0, "supply": [{"l": "Sunflower seed", "v": 1.0}, {"l": "Soyabeans", "v": 2.0}, {"l": "Groundnuts", "v": 2.0}]}, {"source": 15, "prod": 0.22446154849241429, "target": 10, "value": 25.0, "supply": [{"l": "Soyabean Oil", "v": 1.0}, {"l": "Fats, Animals, Raw", "v": 21.0}, {"l": "Palm Oil", "v": 1.0}, {"l": "Palmkernel Oil", "v": 1.0}, {"l": "Oilcrops Oil, Other", "v": 1.0}]}, {"source": 15, "prod": 0.5263812779870678, "target": 2, "value": 157.0, "supply": [{"l": "Cereals, Other", "v": 4.0}, {"l": "Wheat", "v": 139.0}, {"l": "Barley", "v": 7.0}, {"l": "Rice", "v": 6.0}, {"l": "Sorghum", "v": 1.0}]}, {"source": 15, "prod": 0.0020143833411123517, "target": 1, "value": 3.0, "supply": [{"l": "Milk - Excluding Butter", "v": 3.0}]}, {"source": 15, "prod": 0.030995359729095239, "target": 6, "value": 8.0, "supply": [{"l": "Beans", "v": 8.0}]}, {"source": 4, "prod": 0.007718212106454546, "target": 16, "value": 1.0, "supply": [{"l": "Butter, Ghee", "v": 1.0}]}, {"source": 0, "prod": 0.057853445098755306, "target": 16, "value": 30.0, "supply": [{"l": "Milk - Excluding Butter", "v": 2.0}, {"l": "Bovine Meat", "v": 28.0}]}, {"source": 2, "prod": 0.71531080012657766, "target": 16, "value": 213.0, "supply": [{"l": "Maize", "v": 192.0}, {"l": "Cereals, Other", "v": 1.0}, {"l": "Barley", "v": 13.0}, {"l": "Sorghum", "v": 7.0}]}, {"source": 3, "prod": 0.0094333703523333343, "target": 16, "value": 2.0, "supply": [{"l": "Oilcrops, Other", "v": 2.0}]}, {"source": 6, "prod": 0.031199021198198944, "target": 16, "value": 35.0, "supply": [{"l": "Coffee", "v": 12.0}, {"l": "Tea", "v": 10.0}, {"l": "Vegetables, Other", "v": 1.0}, {"l": "Grapefruit", "v": 1.0}, {"l": "Beans", "v": 3.0}, {"l": "Oranges, Mandarines", "v": 7.0}, {"l": "Pulses, Other", "v": 1.0}]}, {"source": 7, "prod": 1.0474275389496512, "target": 16, "value": 254.0, "supply": [{"l": "Sugar", "v": 254.0}]}, {"source": 9, "prod": 0.0070750277642500003, "target": 16, "value": 1.0, "supply": [{"l": "Sunflowerseed Oil", "v": 1.0}]}, {"source": 17, "prod": 0.00078611419602777775, "target": 6, "value": 2.0, "supply": [{"l": "Coffee", "v": 2.0}]}, {"source": 9, "prod": 0.010612541646375, "target": 18, "value": 1.0, "supply": [{"l": "Oilcrops Oil, Other", "v": 1.0}]}, {"source": 4, "prod": 0.017500036946089897, "target": 18, "value": 3.0, "supply": [{"l": "Alcohol, Non-Food", "v": 1.0}, {"l": "Fats, Animals, Raw", "v": 2.0}]}, {"source": 2, "prod": 4.6592515930861165, "target": 18, "value": 1385.0, "supply": [{"l": "Maize", "v": 1100.0}, {"l": "Wheat", "v": 120.0}, {"l": "Cereals, Other", "v": 5.0}, {"l": "Barley", "v": 10.0}, {"l": "Millet", "v": 100.0}, {"l": "Sorghum", "v": 50.0}]}, {"source": 3, "prod": 0.12263381458033336, "target": 18, "value": 26.0, "supply": [{"l": "Cottonseed", "v": 20.0}, {"l": "Soyabeans", "v": 6.0}]}, {"source": 17, "prod": 0.074227148429502857, "target": 10, "value": 18.0, "supply": [{"l": "Sugar", "v": 18.0}]}, {"source": 19, "prod": 11.500495524061114, "target": 2, "value": 3421.0, "supply": [{"l": "Maize", "v": 2828.0}, {"l": "Barley", "v": 25.0}, {"l": "Cereals, Other", "v": 3.0}, {"l": "Wheat", "v": 207.0}, {"l": "Oats", "v": 1.0}, {"l": "Sorghum", "v": 133.0}, {"l": "Millet", "v": 224.0}]}, {"source": 19, "prod": 1.6689204381669724, "target": 3, "value": 345.0, "supply": [{"l": "Sunflower seed", "v": 18.0}, {"l": "Soyabeans", "v": 88.0}, {"l": "Groundnuts", "v": 50.0}, {"l": "Oilcrops, Other", "v": 10.0}, {"l": "Cottonseed", "v": 179.0}]}, {"source": 19, "prod": 0.45129490554534313, "target": 6, "value": 456.0, "supply": [{"l": "Roots, Other", "v": 1.0}, {"l": "Fruits, Other", "v": 3.0}, {"l": "Tomatoes", "v": 10.0}, {"l": "Pepper", "v": 1.0}, {"l": "Vegetables, Other", "v": 128.0}, {"l": "Grapes", "v": 2.0}, {"l": "Pulses, Other", "v": 2.0}, {"l": "Potatoes", "v": 27.0}, {"l": "Coffee", "v": 11.0}, {"l": "Beans", "v": 47.0}, {"l": "Apples", "v": 5.0}, {"l": "Lemons, Limes", "v": 8.0}, {"l": "Bananas", "v": 64.0}, {"l": "Spices, Other", "v": 1.0}, {"l": "Tea", "v": 14.0}, {"l": "Sweet potatoes", "v": 1.0}, {"l": "Grapefruit", "v": 2.0}, {"l": "Oranges, Mandarines", "v": 44.0}, {"l": "Onions", "v": 3.0}, {"l": "Cassava", "v": 82.0}]}, {"source": 19, "prod": 1.2771750407856484, "target": 11, "value": 3480.0, "supply": [{"l": "Sugar cane", "v": 3480.0}]}, {"source": 1, "prod": 0.030315864047001879, "target": 8, "value": 35.0, "supply": [{"l": "Freshwater Fish", "v": 17.0}, {"l": "Fish, Seafood", "v": 18.0}]}, {"source": 1, "prod": 0.5587151249324307, "target": 0, "value": 569.0, "supply": [{"l": "Poultry Meat", "v": 9.0}, {"l": "Pigmeat", "v": 8.0}, {"l": "Bovine Meat", "v": 84.0}, {"l": "Eggs", "v": 9.0}, {"l": "Milk - Excluding Butter", "v": 424.0}, {"l": "Offals, Edible", "v": 14.0}, {"l": "Meat, Other", "v": 16.0}, {"l": "Mutton & Goat Meat", "v": 6.0}]}, {"source": 10, "prod": 0.5604310820856756, "target": 4, "value": 292.0, "supply": [{"l": "Fats, Animals, Raw", "v": 27.0}, {"l": "Alcohol, Non-Food", "v": 1.0}, {"l": "Beverages, Fermented", "v": 168.0}, {"l": "Beer", "v": 26.0}, {"l": "Beverages, Alcoholic", "v": 66.0}, {"l": "Butter, Ghee", "v": 3.0}, {"l": "Wine", "v": 1.0}]}, {"source": 10, "prod": 0.59207110222032777, "target": 9, "value": 58.0, "supply": [{"l": "Soyabean Oil", "v": 14.0}, {"l": "Maize Germ Oil", "v": 9.0}, {"l": "Groundnut Oil", "v": 3.0}, {"l": "Cottonseed Oil", "v": 25.0}, {"l": "Palmkernel Oil", "v": 1.0}, {"l": "Oilcrops Oil, Other", "v": 3.0}, {"l": "Palm Oil", "v": 1.0}, {"l": "Sunflowerseed Oil", "v": 2.0}]}, {"source": 10, "prod": 1.9640782432684016, "target": 7, "value": 476.0, "supply": [{"l": "Sweeteners, Other", "v": 1.0}, {"l": "Sugar", "v": 475.0}]}]}