{"nodes": [{"layer": 13, "name": "Milk - Excluding Butter"}, {"layer": 10, "name": "Feed", "fill": "#dbdb8d"}, {"layer": 5, "name": "Cereals - Excluding Beer"}, {"layer": 5, "name": "Oilcrops", "fill": "#ff9896"}, {"layer": 13, "name": "Fish, Seafood"}, {"layer": 16, "name": "Food", "fill": "#b5cf6b"}, {"layer": 5, "name": "Treenuts"}, {"layer": 5, "name": "Pulses"}, {"layer": 5, "name": "Vegetables"}, {"layer": 5, "name": "Others"}, {"layer": 13, "name": "Animal Fats"}, {"layer": 5, "name": "Starchy Roots"}, {"layer": 13, "name": "Sugar & Sweeteners"}, {"layer": 13, "name": "Alcoholic Beverages"}, {"layer": 13, "name": "Vegetable Oils", "fill": "#f7b6d2"}, {"layer": 5, "name": "Stimulants"}, {"layer": 13, "name": "Eggs"}, {"layer": 5, "name": "Fruits - Excluding Wine"}, {"layer": 13, "name": "Meat"}, {"layer": 10, "name": "Processing", "fill": "#9edae5"}, {"layer": 5, "name": "Sugar Crops", "fill": "#ffbb78"}, {"layer": 16, "name": "Biofuels & Other", "fill": "#e7ba52"}, {"name": "Seed", "fill": "#dbdb8d"}, {"name": "Waste", "fill": "#c7c7c7"}, {"layer": 0, "name": "Import", "fill": "#aec7e8"}, {"layer": 16, "name": "Export", "fill": "#aec7e8"}, {"layer": 0, "name": "Stock Draw", "fill": "#c7c7c7"}, {"layer": 16, "name": "Stock Deposit", "fill": "#c7c7c7"}, {"layer": 0, "name": "Production", "fill": "#b5cf6b"}], "links": [{"source": 0, "prod": 0.013933147553761951, "target": 1, "value": 20.0, "supply": [{"l": "Milk - Excluding Butter", "v": 20.0}]}, {"source": 2, "prod": 1.0867055755517141, "target": 1, "value": 323.0, "supply": [{"l": "Maize", "v": 320.0}, {"l": "Barley", "v": 1.0}, {"l": "Oats", "v": 2.0}]}, {"source": 3, "prod": 0.026968341124905884, "target": 1, "value": 6.0, "supply": [{"l": "Cottonseed", "v": 6.0}]}, {"source": 4, "prod": 0.0094354278348624931, "target": 1, "value": 10.0, "supply": [{"l": "Pelagic Fish", "v": 5.0}, {"l": "Fish, Seafood", "v": 5.0}]}, {"source": 0, "prod": 0.27169637729835805, "target": 5, "value": 390.0, "supply": [{"l": "Milk - Excluding Butter", "v": 390.0}]}, {"source": 3, "prod": 0.50542492004045847, "target": 5, "value": 88.0, "supply": [{"l": "Sunflower seed", "v": 3.0}, {"l": "Groundnuts", "v": 79.0}, {"l": "Soyabeans", "v": 6.0}]}, {"source": 6, "prod": 0.0060643095122142861, "target": 5, "value": 1.0, "supply": [{"l": "Treenuts", "v": 1.0}]}, {"source": 7, "prod": 0.078307302432051723, "target": 5, "value": 20.0, "supply": [{"l": "Pulses, Other", "v": 1.0}, {"l": "Beans", "v": 19.0}]}, {"source": 8, "prod": 0.033705227367743555, "target": 5, "value": 120.0, "supply": [{"l": "Tomatoes", "v": 9.0}, {"l": "Vegetables, Other", "v": 109.0}, {"l": "Onions", "v": 2.0}]}, {"source": 9, "prod": 0.0060643095122142861, "target": 5, "value": 1.0, "supply": [{"l": "Nuts", "v": 1.0}]}, {"source": 10, "prod": 0.095723505414936655, "target": 5, "value": 11.0, "supply": [{"l": "Butter, Ghee", "v": 2.0}, {"l": "Fats, Animals, Raw", "v": 9.0}]}, {"source": 11, "prod": 0.080886280896863297, "target": 5, "value": 69.0, "supply": [{"l": "Potatoes", "v": 17.0}, {"l": "Sweet potatoes", "v": 1.0}, {"l": "Cassava", "v": 51.0}]}, {"source": 4, "prod": 0.020171971954848249, "target": 5, "value": 24.0, "supply": [{"l": "Marine Fish, Other", "v": 2.0}, {"l": "Freshwater Fish", "v": 10.0}, {"l": "Fish, Seafood", "v": 12.0}]}, {"source": 12, "prod": 0.51469342713359822, "target": 5, "value": 125.0, "supply": [{"l": "Sugar", "v": 124.0}, {"l": "Sweeteners, Other", "v": 1.0}]}, {"source": 13, "prod": 0.18353197568792878, "target": 5, "value": 217.0, "supply": [{"l": "Beer", "v": 25.0}, {"l": "Beverages, Alcoholic", "v": 30.0}, {"l": "Wine", "v": 1.0}, {"l": "Beverages, Fermented", "v": 161.0}]}, {"source": 2, "prod": 4.3861944447746719, "target": 5, "value": 1309.0, "supply": [{"l": "Maize", "v": 982.0}, {"l": "Barley", "v": 1.0}, {"l": "Rice", "v": 4.0}, {"l": "Wheat", "v": 163.0}, {"l": "Sorghum", "v": 31.0}, {"l": "Millet", "v": 128.0}]}, {"source": 14, "prod": 0.31632328390031639, "target": 5, "value": 31.0, "supply": [{"l": "Maize Germ Oil", "v": 6.0}, {"l": "Groundnut Oil", "v": 2.0}, {"l": "Soyabean Oil", "v": 8.0}, {"l": "Cottonseed Oil", "v": 15.0}]}, {"source": 15, "prod": 0.0022147913001130436, "target": 5, "value": 3.0, "supply": [{"l": "Coffee", "v": 1.0}, {"l": "Tea", "v": 2.0}]}, {"source": 16, "prod": 0.011665694634183205, "target": 5, "value": 9.0, "supply": [{"l": "Eggs", "v": 9.0}]}, {"source": 17, "prod": 0.052107611670021425, "target": 5, "value": 84.0, "supply": [{"l": "Apples", "v": 3.0}, {"l": "Lemons, Limes", "v": 6.0}, {"l": "Bananas", "v": 47.0}, {"l": "Fruits, Other", "v": 3.0}, {"l": "Grapefruit", "v": 2.0}, {"l": "Oranges, Mandarines", "v": 23.0}]}, {"source": 18, "prod": 0.17334961855500922, "target": 5, "value": 90.0, "supply": [{"l": "Mutton & Goat Meat", "v": 6.0}, {"l": "Pigmeat", "v": 8.0}, {"l": "Meat, Other", "v": 13.0}, {"l": "Bovine Meat", "v": 40.0}, {"l": "Poultry Meat", "v": 7.0}, {"l": "Offals, Edible", "v": 16.0}]}, {"source": 3, "prod": 0.69470935102505882, "target": 19, "value": 155.0, "supply": [{"l": "Sunflower seed", "v": 7.0}, {"l": "Cottonseed", "v": 91.0}, {"l": "Soyabeans", "v": 52.0}, {"l": "Groundnuts", "v": 5.0}]}, {"source": 20, "prod": 0.68863603572033338, "target": 19, "value": 2555.0, "supply": [{"l": "Sugar cane", "v": 2555.0}]}, {"source": 0, "prod": 0.00835988853225717, "target": 19, "value": 12.0, "supply": [{"l": "Milk - Excluding Butter", "v": 12.0}]}, {"source": 12, "prod": 0.0041244195943866482, "target": 19, "value": 1.0, "supply": [{"l": "Sugar", "v": 1.0}]}, {"source": 2, "prod": 0.13473565289382297, "target": 19, "value": 41.0, "supply": [{"l": "Millet", "v": 23.0}, {"l": "Barley", "v": 5.0}, {"l": "Sorghum", "v": 13.0}]}, {"source": 17, "prod": 0.00072938430559278341, "target": 19, "value": 1.0, "supply": [{"l": "Grapes", "v": 1.0}]}, {"source": 18, "prod": 0.0044450436215183247, "target": 19, "value": 2.0, "supply": [{"l": "Bovine Meat", "v": 2.0}]}, {"source": 12, "prod": 0.082488391887732965, "target": 21, "value": 20.0, "supply": [{"l": "Sugar", "v": 20.0}]}, {"source": 3, "prod": 0.0089894470416352953, "target": 21, "value": 2.0, "supply": [{"l": "Cottonseed", "v": 2.0}]}, {"source": 11, "prod": 0.00085241298364457832, "target": 22, "value": 1.0, "supply": [{"l": "Potatoes", "v": 1.0}]}, {"source": 2, "prod": 0.16372086034572836, "target": 22, "value": 49.0, "supply": [{"l": "Maize", "v": 34.0}, {"l": "Wheat", "v": 5.0}, {"l": "Millet", "v": 6.0}, {"l": "Barley", "v": 1.0}, {"l": "Sorghum", "v": 3.0}]}, {"source": 16, "prod": 0.0012961882926870228, "target": 16, "value": 1.0, "supply": [{"l": "Eggs", "v": 1.0}]}, {"source": 7, "prod": 0.011619571145666061, "target": 22, "value": 3.0, "supply": [{"l": "Beans", "v": 3.0}]}, {"source": 3, "prod": 0.065765163727715736, "target": 22, "value": 13.0, "supply": [{"l": "Sunflower seed", "v": 1.0}, {"l": "Soyabeans", "v": 3.0}, {"l": "Cottonseed", "v": 3.0}, {"l": "Groundnuts", "v": 6.0}]}, {"source": 0, "prod": 0.017416434442202436, "target": 23, "value": 25.0, "supply": [{"l": "Milk - Excluding Butter", "v": 25.0}]}, {"source": 3, "prod": 0.032731487114233529, "target": 23, "value": 6.0, "supply": [{"l": "Soyabeans", "v": 2.0}, {"l": "Groundnuts", "v": 4.0}]}, {"source": 16, "prod": 0.0012961882926870228, "target": 23, "value": 1.0, "supply": [{"l": "Eggs", "v": 1.0}]}, {"source": 11, "prod": 0.0046903732502788257, "target": 23, "value": 4.0, "supply": [{"l": "Potatoes", "v": 1.0}, {"l": "Cassava", "v": 3.0}]}, {"source": 7, "prod": 0.0038731903818886864, "target": 23, "value": 1.0, "supply": [{"l": "Beans", "v": 1.0}]}, {"source": 17, "prod": 0.0056907621880649363, "target": 23, "value": 10.0, "supply": [{"l": "Bananas", "v": 5.0}, {"l": "Oranges, Mandarines", "v": 4.0}, {"l": "Lemons, Limes", "v": 1.0}]}, {"source": 2, "prod": 0.3285415287341924, "target": 23, "value": 98.0, "supply": [{"l": "Maize", "v": 82.0}, {"l": "Wheat", "v": 5.0}, {"l": "Millet", "v": 8.0}, {"l": "Barley", "v": 1.0}, {"l": "Sorghum", "v": 2.0}]}, {"source": 8, "prod": 0.0032758970998456594, "target": 23, "value": 12.0, "supply": [{"l": "Vegetables, Other", "v": 12.0}]}, {"source": 24, "prod": 0.0060643095122142861, "target": 9, "value": 1.0, "supply": [{"l": "Nuts", "v": 1.0}]}, {"source": 24, "prod": 0.012819714903875651, "target": 1, "value": 14.0, "supply": [{"l": "Pelagic Fish", "v": 5.0}, {"l": "Fish, Seafood", "v": 7.0}, {"l": "Marine Fish, Other", "v": 2.0}]}, {"source": 24, "prod": 0.035611181108336075, "target": 2, "value": 10.0, "supply": [{"l": "Maize", "v": 5.0}, {"l": "Oats", "v": 1.0}, {"l": "Rice", "v": 4.0}]}, {"source": 24, "prod": 0.0038731903818886864, "target": 7, "value": 1.0, "supply": [{"l": "Beans", "v": 1.0}]}, {"source": 24, "prod": 0.052495625853824432, "target": 19, "value": 6.0, "supply": [{"l": "Fats, Animals, Raw", "v": 6.0}]}, {"source": 24, "prod": 0.0060643095122142861, "target": 6, "value": 1.0, "supply": [{"l": "Treenuts", "v": 1.0}]}, {"source": 24, "prod": 0.00025572389509337352, "target": 17, "value": 1.0, "supply": [{"l": "Oranges, Mandarines", "v": 1.0}]}, {"source": 0, "prod": 0.0027866295107523897, "target": 25, "value": 4.0, "supply": [{"l": "Milk - Excluding Butter", "v": 4.0}]}, {"source": 3, "prod": 0.016365743557116764, "target": 25, "value": 3.0, "supply": [{"l": "Soyabeans", "v": 1.0}, {"l": "Groundnuts", "v": 2.0}]}, {"source": 11, "prod": 0.0017048259672891566, "target": 25, "value": 2.0, "supply": [{"l": "Potatoes", "v": 2.0}]}, {"source": 7, "prod": 0.0047166851761666672, "target": 25, "value": 1.0, "supply": [{"l": "Pulses, Other", "v": 1.0}]}, {"source": 12, "prod": 1.0269804790022754, "target": 25, "value": 249.0, "supply": [{"l": "Sugar", "v": 249.0}]}, {"source": 17, "prod": 0.0028168433300194205, "target": 25, "value": 10.0, "supply": [{"l": "Fruits, Other", "v": 1.0}, {"l": "Oranges, Mandarines", "v": 9.0}]}, {"source": 2, "prod": 0.85448736034908035, "target": 25, "value": 257.0, "supply": [{"l": "Maize", "v": 229.0}, {"l": "Wheat", "v": 9.0}, {"l": "Barley", "v": 18.0}, {"l": "Millet", "v": 1.0}]}, {"source": 14, "prod": 0.12103442059758399, "target": 25, "value": 12.0, "supply": [{"l": "Soyabean Oil", "v": 1.0}, {"l": "Maize Germ Oil", "v": 4.0}, {"l": "Groundnut Oil", "v": 3.0}, {"l": "Cottonseed Oil", "v": 2.0}, {"l": "Sunflowerseed Oil", "v": 2.0}]}, {"source": 15, "prod": 0.0088591652004521744, "target": 25, "value": 12.0, "supply": [{"l": "Coffee", "v": 4.0}, {"l": "Tea", "v": 8.0}]}, {"source": 18, "prod": 0.11812178794572967, "target": 25, "value": 54.0, "supply": [{"l": "Bovine Meat", "v": 52.0}, {"l": "Offals, Edible", "v": 2.0}]}, {"source": 26, "prod": 0.42120843833361621, "target": 19, "value": 98.0, "supply": [{"l": "Groundnut Oil", "v": 3.0}, {"l": "Sugar", "v": 95.0}]}, {"source": 26, "prod": 0.16653900856583148, "target": 3, "value": 30.0, "supply": [{"l": "Cottonseed", "v": 8.0}, {"l": "Groundnuts", "v": 22.0}]}, {"source": 3, "prod": 0.10337864097880589, "target": 27, "value": 23.0, "supply": [{"l": "Soyabeans", "v": 23.0}]}, {"source": 17, "prod": 0.00025572389509337352, "target": 27, "value": 1.0, "supply": [{"l": "Oranges, Mandarines", "v": 1.0}]}, {"source": 26, "prod": 1.8398773694809527, "target": 2, "value": 548.0, "supply": [{"l": "Maize", "v": 500.0}, {"l": "Wheat", "v": 20.0}, {"l": "Barley", "v": 3.0}, {"l": "Millet", "v": 25.0}]}, {"source": 28, "prod": 0.038030506728768045, "target": 8, "value": 135.0, "supply": [{"l": "Tomatoes", "v": 10.0}, {"l": "Vegetables, Other", "v": 122.0}, {"l": "Onions", "v": 3.0}]}, {"source": 28, "prod": 0.68863603572033338, "target": 20, "value": 2555.0, "supply": [{"l": "Sugar cane", "v": 2555.0}]}, {"source": 28, "prod": 0.088986306081720451, "target": 11, "value": 77.0, "supply": [{"l": "Potatoes", "v": 22.0}, {"l": "Sweet potatoes", "v": 1.0}, {"l": "Cassava", "v": 54.0}]}, {"source": 28, "prod": 0.093800063959606467, "target": 7, "value": 24.0, "supply": [{"l": "Beans", "v": 23.0}, {"l": "Pulses, Other", "v": 1.0}]}, {"source": 28, "prod": 5.0727456908962933, "target": 2, "value": 1517.0, "supply": [{"l": "Maize", "v": 1142.0}, {"l": "Barley", "v": 23.0}, {"l": "Wheat", "v": 162.0}, {"l": "Oats", "v": 1.0}, {"l": "Sorghum", "v": 49.0}, {"l": "Millet", "v": 140.0}]}, {"source": 28, "prod": 0.011073956500565221, "target": 15, "value": 15.0, "supply": [{"l": "Coffee", "v": 5.0}, {"l": "Tea", "v": 10.0}]}, {"source": 28, "prod": 0.061558657525112283, "target": 17, "value": 105.0, "supply": [{"l": "Fruits, Other", "v": 3.0}, {"l": "Grapes", "v": 2.0}, {"l": "Lemons, Limes", "v": 7.0}, {"l": "Bananas", "v": 52.0}, {"l": "Grapefruit", "v": 2.0}, {"l": "Oranges, Mandarines", "v": 36.0}, {"l": "Apples", "v": 3.0}]}, {"source": 28, "prod": 1.2937295960622486, "target": 3, "value": 267.0, "supply": [{"l": "Sunflower seed", "v": 11.0}, {"l": "Soyabeans", "v": 87.0}, {"l": "Groundnuts", "v": 75.0}, {"l": "Cottonseed", "v": 94.0}]}, {"source": 1, "prod": 0.31419247733733197, "target": 0, "value": 451.0, "supply": [{"l": "Milk - Excluding Butter", "v": 451.0}]}, {"source": 1, "prod": 0.012961882926870227, "target": 16, "value": 10.0, "supply": [{"l": "Eggs", "v": 11.0}]}, {"source": 1, "prod": 0.2959164501222572, "target": 18, "value": 146.0, "supply": [{"l": "Pigmeat", "v": 8.0}, {"l": "Bovine Meat", "v": 94.0}, {"l": "Poultry Meat", "v": 7.0}, {"l": "Offals, Edible", "v": 18.0}, {"l": "Meat, Other", "v": 13.0}, {"l": "Mutton & Goat Meat", "v": 6.0}]}, {"source": 1, "prod": 0.029607399789710741, "target": 4, "value": 34.0, "supply": [{"l": "Freshwater Fish", "v": 10.0}, {"l": "Pelagic Fish", "v": 5.0}, {"l": "Marine Fish, Other", "v": 2.0}, {"l": "Fish, Seafood", "v": 17.0}]}, {"source": 19, "prod": 1.6282867176179932, "target": 12, "value": 395.0, "supply": [{"l": "Sweeteners, Other", "v": 1.0}, {"l": "Sugar", "v": 394.0}]}, {"source": 19, "prod": 0.43735770449790035, "target": 14, "value": 43.0, "supply": [{"l": "Cottonseed Oil", "v": 17.0}, {"l": "Maize Germ Oil", "v": 10.0}, {"l": "Groundnut Oil", "v": 5.0}, {"l": "Sunflowerseed Oil", "v": 2.0}, {"l": "Soyabean Oil", "v": 9.0}]}, {"source": 19, "prod": 0.18353197568792878, "target": 13, "value": 217.0, "supply": [{"l": "Beer", "v": 25.0}, {"l": "Beverages, Alcoholic", "v": 30.0}, {"l": "Beverages, Fermented", "v": 161.0}, {"l": "Wine", "v": 1.0}]}, {"source": 19, "prod": 0.095723505414936655, "target": 10, "value": 11.0, "supply": [{"l": "Fats, Animals, Raw", "v": 9.0}, {"l": "Butter, Ghee", "v": 2.0}]}]}