{"nodes": [{"name": "Balance", "fill": "#9edae5"}, {"name": "Food", "fill": "#b5cf6b"}, {"name": "Stock Deposit", "fill": "#c7c7c7"}, {"name": "Export", "fill": "#aec7e8"}, {"name": "Biofuels & Other", "fill": "#e7ba52"}, {"name": "Crop Residue", "fill": "#bd9e39"}, {"name": "Renewables & Nuclear", "fill": "#2ca02c"}, {"name": "Fossil Fuels", "fill": "#c49c94"}, {"name": "Stock Draw", "fill": "#c7c7c7"}, {"name": "Labor", "fill": "#7f7f7f"}], "links": [{"source": 0, "target": 1, "value": 5.8830363673442383}, {"source": 0, "target": 2, "value": 2.5151269494128385}, {"source": 0, "target": 3, "value": 2.0791776191500113}, {"source": 0, "target": 4, "value": 0.017873754351789478}, {"source": 0, "target": 5, "value": 20.712796732437553}, {"source": 6, "target": 0, "value": 0.54063527353238916}, {"source": 7, "target": 0, "value": 7.8866059044765668}, {"source": 8, "target": 0, "value": 0.13492620795100177}, {"source": 9, "target": 0, "value": 1.0327893870746057}]}