{"nodes": [{"layer": 13, "name": "Aquatic Products", "fill": "#1f77b4"}, {"layer": 10, "name": "Feed", "fill": "#dbdb8d"}, {"layer": 13, "name": "Animal Products", "fill": "#17becf"}, {"layer": 5, "name": "Cereals", "fill": "#e7ba52"}, {"layer": 5, "name": "Oilcrops", "fill": "#ff9896"}, {"layer": 13, "name": "Other Processed", "fill": "#9c9ede"}, {"layer": 16, "name": "Food", "fill": "#b5cf6b"}, {"layer": 5, "name": "Fruits, Roots & Vegetables", "fill": "#98df8a"}, {"layer": 13, "name": "Sugar", "fill": "#d6616b"}, {"layer": 13, "name": "Vegetable Oils", "fill": "#f7b6d2"}, {"layer": 5, "name": "Sugar Crops", "fill": "#ffbb78"}, {"layer": 10, "name": "Processing", "fill": "#9edae5"}, {"layer": 16, "name": "Biofuels & Other", "fill": "#e7ba52"}, {"name": "Waste", "fill": "#c7c7c7"}, {"layer": 2, "name": "Import", "fill": "#aec7e8"}, {"layer": 16, "name": "Export", "fill": "#aec7e8"}, {"layer": 16, "name": "Stock Deposit", "fill": "#c7c7c7"}, {"layer": 0, "name": "Stock Draw", "fill": "#c7c7c7"}, {"name": "Crop Residue", "fill": "#bd9e39"}, {"layer": 2, "name": "Electricity", "fill": "#bcbd22"}, {"layer": 0, "name": "Fossil Fuels", "fill": "#c49c94"}, {"layer": 0, "name": "Renewables & Nuclear", "fill": "#2ca02c"}, {"layer": 2, "name": "Fertilizers", "fill": "#c5b0d5"}, {"layer": 0, "name": "Labor", "fill": "#7f7f7f"}], "links": [{"source": 0, "prod": 56.0, "target": 1, "value": 0.055080597031850406, "supply": [{"l": "Pelagic Fish", "v": 0.032000894810607694}, {"l": "Fish, Seafood", "v": 0.023079702221242716}]}, {"source": 2, "prod": 12.0, "target": 1, "value": 0.0083245453670324869, "supply": [{"l": "Milk - Excluding Butter", "v": 0.0083245453670324869}]}, {"source": 3, "prod": 200.0, "target": 1, "value": 0.67321569513688684, "supply": [{"l": "Maize", "v": 0.67321569513688684}]}, {"source": 4, "prod": 13.0, "target": 1, "value": 0.056994567923810656, "supply": [{"l": "Cottonseed", "v": 0.056994567923810656}]}, {"source": 5, "prod": 305.0, "target": 6, "value": 0.22010594507627146, "supply": [{"l": "Beer", "v": 0.014401510473271406}, {"l": "Beverages, Alcoholic", "v": 0.033458259377733987}, {"l": "Butter, Ghee", "v": 0.0090964642683214296}, {"l": "Fats, Animals, Raw", "v": 0.059857788854374101}, {"l": "Beverages, Fermented", "v": 0.10329192210257053}]}, {"source": 2, "prod": 315.0, "target": 6, "value": 0.30086485750668673, "supply": [{"l": "Eggs", "v": 0.0078369538311692313}, {"l": "Pigmeat", "v": 0.036082641597675005}, {"l": "Milk - Excluding Butter", "v": 0.17204060425200474}, {"l": "Meat, Other", "v": 0.012424439000634146}, {"l": "Mutton & Goat Meat", "v": 0.0080857460162857137}, {"l": "Bovine Meat", "v": 0.047880891521811311}, {"l": "Poultry Meat", "v": 0.0055978241651208792}, {"l": "Offals, Edible", "v": 0.010915757121985717}]}, {"source": 3, "prod": 969.0, "target": 6, "value": 3.2540409249754871, "supply": [{"l": "Maize", "v": 2.1879510091948822}, {"l": "Rice", "v": 0.02436270430124348}, {"l": "Wheat", "v": 0.33649473409063246}, {"l": "Sorghum", "v": 0.26968494413341898}, {"l": "Millet", "v": 0.43554753325531015}]}, {"source": 4, "prod": 46.0, "target": 6, "value": 0.27005728928327377, "supply": [{"l": "Sunflower seed", "v": 0.0028300111056999999}, {"l": "Groundnuts", "v": 0.26722727817757375}]}, {"source": 7, "prod": 233.0, "target": 6, "value": 0.21308284370234531, "supply": [{"l": "Fruits, Other", "v": 0.00053734388082911399}, {"l": "Tomatoes", "v": 0.0021769316197692307}, {"l": "Vegetables, Other", "v": 0.022736546923457092}, {"l": "Potatoes", "v": 0.01418980287549017}, {"l": "Beans", "v": 0.073323015011318174}, {"l": "Pulses, Other", "v": 0.0047166851761666672}, {"l": "Lemons, Limes", "v": 0.0058111111000000003}, {"l": "Bananas", "v": 0.023130740925845203}, {"l": "Sweet potatoes", "v": 0.0011390313020538648}, {"l": "Oranges, Mandarines", "v": 0.0063675249878250009}, {"l": "Tea", "v": 0.0021584830467203391}, {"l": "Cassava", "v": 0.054115491724730902}, {"l": "Onions", "v": 0.00079346105767289714}, {"l": "Apples", "v": 0.0018866740704666664}]}, {"source": 8, "prod": 81.0, "target": 6, "value": 0.33446283013435513, "supply": [{"l": "Sugar", "v": 0.331318373350244}, {"l": "Sweeteners, Other", "v": 0.003144456784111111}]}, {"source": 0, "prod": 20.0, "target": 6, "value": 0.015471936025747219, "supply": [{"l": "Marine Fish, Other", "v": 0.0040155562986283781}, {"l": "Freshwater Fish", "v": 0.0020707398334390242}, {"l": "Fish, Seafood", "v": 0.0082427507933009701}, {"l": "Pelagic Fish", "v": 0.0011428891003788463}]}, {"source": 9, "prod": 11.0, "target": 6, "value": 0.1097199097204629, "supply": [{"l": "Groundnut Oil", "v": 0.07123486858525685}, {"l": "Sunflowerseed Oil", "v": 0.0090964642683214296}, {"l": "Cottonseed Oil", "v": 0.029388576866884623}]}, {"source": 10, "prod": 1363.0, "target": 11, "value": 0.53326799129987545, "supply": [{"l": "Sugar cane", "v": 0.53326799129987545}]}, {"source": 2, "prod": 8.0, "target": 11, "value": 0.0069377626896882823, "supply": [{"l": "Milk - Excluding Butter", "v": 0.0048559847974356165}, {"l": "Bovine Meat", "v": 0.0020817778922526653}]}, {"source": 3, "prod": 64.0, "target": 11, "value": 0.21355745529992487, "supply": [{"l": "Barley", "v": 0.021020339724009643}, {"l": "Millet", "v": 0.076470177594443772}, {"l": "Sorghum", "v": 0.11606693798147144}]}, {"source": 4, "prod": 34.0, "target": 11, "value": 0.17392969893884097, "supply": [{"l": "Sunflower seed", "v": 0.0056600222113999997}, {"l": "Groundnuts", "v": 0.10689091127102951}, {"l": "Cottonseed", "v": 0.06137876545641148}]}, {"source": 4, "prod": 4.0, "target": 12, "value": 0.017536790130403278, "supply": [{"l": "Cottonseed", "v": 0.017536790130403278}]}, {"source": 7, "prod": 4.0, "target": 7, "value": 0.012412012446475357, "supply": [{"l": "Potatoes", "v": 0.00083469428679353941}, {"l": "Beans", "v": 0.011577318159681818}]}, {"source": 2, "prod": 1.0, "target": 2, "value": 0.0013061589718615385, "supply": [{"l": "Eggs", "v": 0.0013061589718615385}]}, {"source": 3, "prod": 42.0, "target": 3, "value": 0.14140966775091368, "supply": [{"l": "Maize", "v": 0.090884118843479716}, {"l": "Wheat", "v": 0.0032669391659284701}, {"l": "Sorghum", "v": 0.027309867760346229}, {"l": "Millet", "v": 0.019948741981159247}]}, {"source": 4, "prod": 12.0, "target": 4, "value": 0.06659804823331722, "supply": [{"l": "Groundnuts", "v": 0.053445455635514755}, {"l": "Cottonseed", "v": 0.01315259259780246}]}, {"source": 7, "prod": 21.0, "target": 13, "value": 0.014827625002032305, "supply": [{"l": "Bananas", "v": 0.0028913426157306504}, {"l": "Potatoes", "v": 0.00083469428679353941}, {"l": "Vegetables, Other", "v": 0.0025578615288889229}, {"l": "Beans", "v": 0.0038591060532272726}, {"l": "Oranges, Mandarines", "v": 0.0010053986822881578}, {"l": "Lemons, Limes", "v": 0.0011622222200000001}, {"l": "Cassava", "v": 0.0025169996151037629}]}, {"source": 2, "prod": 16.0, "target": 13, "value": 0.011099393822709983, "supply": [{"l": "Milk - Excluding Butter", "v": 0.011099393822709983}]}, {"source": 3, "prod": 77.0, "target": 13, "value": 0.25876367320967431, "supply": [{"l": "Maize", "v": 0.19523255158969718}, {"l": "Wheat", "v": 0.0098008174977854117}, {"l": "Millet", "v": 0.033247903301932072}, {"l": "Sorghum", "v": 0.020482400820259667}]}, {"source": 4, "prod": 3.0, "target": 13, "value": 0.017815151878504919, "supply": [{"l": "Groundnuts", "v": 0.017815151878504919}]}, {"source": 14, "prod": 5.0, "target": 11, "value": 0.037348907558039171, "supply": [{"l": "Fats, Animals, Raw", "v": 0.034204450773928058}, {"l": "Sweeteners, Other", "v": 0.003144456784111111}]}, {"source": 14, "prod": 100.0, "target": 3, "value": 0.32922222683148172, "supply": [{"l": "Wheat", "v": 0.2678890116061346}, {"l": "Barley", "v": 0.015014528374292603}, {"l": "Rice", "v": 0.01218135215062174}, {"l": "Sorghum", "v": 0.034137334700432787}]}, {"source": 14, "prod": 74.0, "target": 1, "value": 0.06777149030687768, "supply": [{"l": "Pelagic Fish", "v": 0.032000894810607694}, {"l": "Milk - Excluding Butter", "v": 0.0020811363417581217}, {"l": "Fish, Seafood", "v": 0.029673902855883495}, {"l": "Marine Fish, Other", "v": 0.0040155562986283781}]}, {"source": 14, "prod": 4.0, "target": 7, "value": 0.01543642421290909, "supply": [{"l": "Beans", "v": 0.01543642421290909}]}, {"source": 5, "prod": 4.0, "target": 15, "value": 0.0019202013964361875, "supply": [{"l": "Beer", "v": 0.0019202013964361875}]}, {"source": 2, "prod": 36.0, "target": 15, "value": 0.074732658408991182, "supply": [{"l": "Bovine Meat", "v": 0.068698670444337959}, {"l": "Offals, Edible", "v": 0.0024257238048857148}, {"l": "Pigmeat", "v": 0.0036082641597675008}]}, {"source": 3, "prod": 221.0, "target": 15, "value": 0.74390334312625994, "supply": [{"l": "Maize", "v": 0.74390334312625994}]}, {"source": 4, "prod": 3.0, "target": 15, "value": 0.01315259259780246, "supply": [{"l": "Cottonseed", "v": 0.01315259259780246}]}, {"source": 7, "prod": 10.0, "target": 15, "value": 0.021355556191427351, "supply": [{"l": "Beans", "v": 0.019295530266136361}, {"l": "Oranges, Mandarines", "v": 0.0013405315763842104}, {"l": "Tea", "v": 0.00071949434890677965}]}, {"source": 8, "prod": 100.0, "target": 15, "value": 0.41414796668780496, "supply": [{"l": "Sugar", "v": 0.41414796668780496}]}, {"source": 3, "prod": 30.0, "target": 16, "value": 0.099743709905796202, "supply": [{"l": "Millet", "v": 0.099743709905796202}]}, {"source": 17, "prod": 16.0, "target": 11, "value": 0.066263674670048789, "supply": [{"l": "Sugar", "v": 0.066263674670048789}]}, {"source": 17, "prod": 17.0, "target": 4, "value": 0.10095252731152787, "supply": [{"l": "Groundnuts", "v": 0.10095252731152787}]}, {"source": 17, "prod": 260.0, "target": 3, "value": 0.8789928032266604, "supply": [{"l": "Maize", "v": 0.60589412562319811}, {"l": "Sorghum", "v": 0.27309867760346229}]}, {"source": 1, "prod": 76.0, "target": 0, "value": 0.070552533057597622, "supply": [{"l": "Freshwater Fish", "v": 0.0020707398334390242}, {"l": "Pelagic Fish", "v": 0.033143783910986539}, {"l": "Marine Fish, Other", "v": 0.0040155562986283781}, {"l": "Fish, Seafood", "v": 0.031322453014543686}]}, {"source": 1, "prod": 387.0, "target": 2, "value": 0.40195921779510863, "supply": [{"l": "Poultry Meat", "v": 0.0055978241651208792}, {"l": "Pigmeat", "v": 0.039690905757442503}, {"l": "Bovine Meat", "v": 0.11866133985840194}, {"l": "Eggs", "v": 0.0091431128030307705}, {"l": "Milk - Excluding Butter", "v": 0.19632052823918283}, {"l": "Offals, Edible", "v": 0.013341480926871431}, {"l": "Meat, Other", "v": 0.012424439000634146}, {"l": "Mutton & Goat Meat", "v": 0.0080857460162857137}]}, {"source": 11, "prod": 309.0, "target": 5, "value": 0.22202614647270766, "supply": [{"l": "Fats, Animals, Raw", "v": 0.059857788854374101}, {"l": "Beer", "v": 0.016321711869707593}, {"l": "Beverages, Alcoholic", "v": 0.033458259377733987}, {"l": "Butter, Ghee", "v": 0.0090964642683214296}, {"l": "Beverages, Fermented", "v": 0.10329192210257053}]}, {"source": 11, "prod": 11.0, "target": 9, "value": 0.1097199097204629, "supply": [{"l": "Cottonseed Oil", "v": 0.029388576866884623}, {"l": "Groundnut Oil", "v": 0.07123486858525685}, {"l": "Sunflowerseed Oil", "v": 0.0090964642683214296}]}, {"source": 11, "prod": 181.0, "target": 8, "value": 0.74861079682216003, "supply": [{"l": "Sweeteners, Other", "v": 0.003144456784111111}, {"l": "Sugar", "v": 0.74546634003804901}]}, {"source": 7, "prod": 264.5, "target": 18, "value": 1.1323102457272911, "supply": [{"l": "Tomatoes", "v": 0.027893333280000002}, {"l": "Vegetables, Other", "v": 0.31031333274}, {"l": "Potatoes", "v": 0.033994999935000006}, {"l": "Beans", "v": 0.090653333159999988}, {"l": "Sweet potatoes", "v": 0.0018973025369678077}, {"l": "Cassava", "v": 0.078449999850000007}, {"l": "Onions", "v": 0.0038273350252506369}, {"l": "Pulses, Other", "v": 0.0034866666600000002}]}, {"source": 10, "prod": 545.20000000000005, "target": 18, "value": 0.2133071965199502, "supply": [{"l": "Sugar cane", "v": 0.2133071965199502}]}, {"source": 3, "prod": 2846.0, "target": 18, "value": 9.9028016089674153, "supply": [{"l": "Maize", "v": 7.43008665246}, {"l": "Barley", "v": 0.027994350273644688}, {"l": "Rice", "v": 0.027893333280000005}, {"l": "Wheat", "v": 0.46372666577999999}, {"l": "Sorghum", "v": 0.57529999889999994}, {"l": "Millet", "v": 1.3946666640000001}]}, {"source": 4, "prod": 107.0, "target": 18, "value": 0.45156022841349219, "supply": [{"l": "Sunflower seed", "v": 0.010459999980000001}, {"l": "Groundnuts", "v": 0.23186333289000002}, {"l": "Cottonseed", "v": 0.13074999975000001}]}, {"source": 19, "prod": 0, "target": 7, "value": 0.0032859075175302398, "supply": "[{\"l\":'Energy for power irrigation',\"v\":0.0032859075175302398}]"}, {"source": 19, "prod": 0, "target": 10, "value": 0.016932672765193637, "supply": "[{\"l\":'Energy for power irrigation',\"v\":0.016932672765193637}]"}, {"source": 19, "prod": 0, "target": 3, "value": 0.017678058213404655, "supply": "[{\"l\":'Energy for power irrigation',\"v\":0.017678058213404655}]"}, {"source": 19, "prod": 0, "target": 4, "value": 0.0013292707159763162, "supply": "[{\"l\":'Energy for power irrigation',\"v\":0.0013292707159763162}]"}, {"source": 19, "prod": 0, "target": 11, "value": 0.17337055444514068, "supply": "[{\"l\":'Electricity',\"v\":0.17337055444514068}]"}, {"source": 20, "prod": 0, "target": 19, "value": 0.14995573713807792, "supply": [{"l": "Coal", "v": 0.14995573713807792}, {"l": "Natural gas", "v": 0.0}, {"l": "Oil", "v": 0.0}]}, {"source": 21, "prod": 0, "target": 19, "value": 0.15411372617339514, "supply": [{"l": "Nuclear", "v": 0.0}, {"l": "Hydroelectric", "v": 0.15411372617339514}, {"l": "Renewable", "v": 0.0}]}, {"source": 20, "prod": 0, "target": 7, "value": 0.39283194395916832, "supply": [{"l": "Motor Gasoline", "v": 0.0089337878726055212}, {"l": "Gas-Diesel oil", "v": 0.083047462017700385}, {"l": "Coal", "v": 0.28916525931464349}, {"l": "Other fossil fuels", "v": 0.011685434754218949}]}, {"source": 20, "prod": 0, "target": 10, "value": 2.0243097906100052, "supply": [{"l": "Motor Gasoline", "v": 0.04603687285580841}, {"l": "Gas-Diesel oil", "v": 0.42795346211767721}, {"l": "Coal", "v": 1.4901030186989002}, {"l": "Other fossil fuels", "v": 0.060216436937619765}]}, {"source": 20, "prod": 0, "target": 3, "value": 2.1134210066309889, "supply": [{"l": "Motor Gasoline", "v": 0.048063440993261458}, {"l": "Gas-Diesel oil", "v": 0.44679220586460361}, {"l": "Coal", "v": 1.5556981625888004}, {"l": "Other fossil fuels", "v": 0.062867197184323501}]}, {"source": 20, "prod": 0, "target": 4, "value": 0.15891500190408697, "supply": [{"l": "Motor Gasoline", "v": 0.0036140465117912692}, {"l": "Gas-Diesel oil", "v": 0.03359575968201868}, {"l": "Coal", "v": 0.1169780066036554}, {"l": "Other fossil fuels", "v": 0.0047271891066216539}]}, {"source": 22, "prod": 6.9528107680126681, "target": 7, "value": 0.072103998474151915, "supply": [{"l": "Potash", "v": 0.051277777818800004}, {"l": "Phosphate", "v": 0.10310416674914999}, {"l": "Nitrogen", "v": 0.7063680561206499}]}, {"source": 22, "prod": 35.828661916072839, "target": 10, "value": 0.37156049119194351, "supply": [{"l": "Potash", "v": 0.051277777818800004}, {"l": "Phosphate", "v": 0.10310416674914999}, {"l": "Nitrogen", "v": 0.7063680561206499}]}, {"source": 22, "prod": 37.405859065716548, "target": 3, "value": 0.38791678574184563, "supply": [{"l": "Potash", "v": 0.051277777818800004}, {"l": "Phosphate", "v": 0.10310416674914999}, {"l": "Nitrogen", "v": 0.7063680561206499}]}, {"source": 22, "prod": 2.8126682501979414, "target": 4, "value": 0.029168725280658805, "supply": [{"l": "Potash", "v": 0.051277777818800004}, {"l": "Phosphate", "v": 0.10310416674914999}, {"l": "Nitrogen", "v": 0.7063680561206499}]}, {"source": 20, "prod": 0, "target": 22, "value": 1.0627953432040489, "supply": [{"l": "Natural gas (including LNG)", "v": 0.7103382773652791}, {"l": "Fuel oil", "v": 0.22759154649452729}, {"l": "Liquefied petroleum gas (LPG)", "v": 0.062432759672121349}, {"l": "Coal", "v": 0.062432759672121349}]}, {"source": 23, "prod": 0, "target": 3, "value": 0.37274860072810939, "supply": "[{\"l\":'Labor',\"v\":0.37274860072810939}]"}, {"source": 23, "prod": 0, "target": 4, "value": 0.028028180096913352, "supply": "[{\"l\":'Labor',\"v\":0.028028180096913352}]"}, {"source": 23, "prod": 0, "target": 7, "value": 0.069284613417136279, "supply": "[{\"l\":'Labor',\"v\":0.069284613417136279}]"}, {"source": 23, "prod": 0, "target": 10, "value": 0.35703186422516731, "supply": "[{\"l\":'Labor',\"v\":0.35703186422516731}]"}, {"source": 20, "prod": 0, "target": 14, "value": 0.16792706938508445, "supply": "[{\"l\":'Fossil Fuels',\"v\":0.16792706938508445}]"}, {"source": 21, "prod": 0, "target": 14, "value": 0.25805271785691281, "supply": "[{\"l\":'Renewables & Nuclear',\"v\":0.02069392046487677},{\"l\":'Biomass & Waste',\"v\":0.23735879739203603}]"}]}