{"nodes": [{"layer": 13, "name": "Milk - Excluding Butter"}, {"layer": 10, "name": "Feed", "fill": "#dbdb8d"}, {"layer": 5, "name": "Oilcrops", "fill": "#ff9896"}, {"layer": 5, "name": "Starchy Roots"}, {"layer": 5, "name": "Pulses"}, {"layer": 13, "name": "Fish, Seafood"}, {"layer": 13, "name": "Sugar & Sweeteners"}, {"layer": 5, "name": "Cereals - Excluding Beer"}, {"layer": 13, "name": "Vegetable Oils", "fill": "#f7b6d2"}, {"layer": 16, "name": "Food", "fill": "#b5cf6b"}, {"layer": 5, "name": "Treenuts"}, {"layer": 5, "name": "Vegetables"}, {"layer": 5, "name": "Others"}, {"layer": 13, "name": "Alcoholic Beverages"}, {"layer": 13, "name": "Animal Fats"}, {"layer": 5, "name": "Spices"}, {"layer": 5, "name": "Stimulants"}, {"layer": 13, "name": "Eggs"}, {"layer": 5, "name": "Fruits - Excluding Wine"}, {"layer": 13, "name": "Meat"}, {"layer": 10, "name": "Processing", "fill": "#9edae5"}, {"layer": 5, "name": "Sugar Crops", "fill": "#ffbb78"}, {"layer": 16, "name": "Biofuels & Other", "fill": "#e7ba52"}, {"name": "Waste", "fill": "#c7c7c7"}, {"layer": 2, "name": "Import", "fill": "#aec7e8"}, {"layer": 16, "name": "Export", "fill": "#aec7e8"}, {"layer": 16, "name": "Stock Deposit", "fill": "#c7c7c7"}, {"layer": 0, "name": "Stock Draw", "fill": "#c7c7c7"}, {"name": "Crop Residue", "fill": "#bd9e39"}, {"layer": 2, "name": "Electricity", "fill": "#bcbd22"}, {"layer": 0, "name": "Fossil Fuels", "fill": "#c49c94"}, {"layer": 0, "name": "Renewables & Nuclear", "fill": "#2ca02c"}, {"layer": 2, "name": "Fertilizers", "fill": "#c5b0d5"}, {"layer": 0, "name": "Labor", "fill": "#7f7f7f"}], "links": [{"source": 0, "prod": 1128.0, "target": 1, "value": 0.65424256741808062, "supply": [{"l": "Milk - Excluding Butter", "v": 0.65424256741808062}]}, {"source": 2, "prod": 2.0, "target": 1, "value": 0.010063238248529505, "supply": [{"l": "Soyabeans", "v": 0.0039989287363152177}, {"l": "Oilcrops, Other", "v": 0.0060643095122142861}]}, {"source": 3, "prod": 227.0, "target": 1, "value": 0.17629092376180203, "supply": [{"l": "Potatoes", "v": 0.17629092376180203}]}, {"source": 4, "prod": 37.0, "target": 1, "value": 0.20072864485429287, "supply": [{"l": "Peas", "v": 0.14554342829314287}, {"l": "Pulses, Other", "v": 0.055185216561150004}]}, {"source": 5, "prod": 304.0, "target": 1, "value": 0.29274892660074447, "supply": [{"l": "Pelagic Fish", "v": 0.14338722935546666}, {"l": "Fish, Seafood", "v": 0.14936169724527779}]}, {"source": 6, "prod": 10.0, "target": 1, "value": 0.036197816468255817, "supply": [{"l": "Sugar", "v": 0.036197816468255817}]}, {"source": 7, "prod": 3189.0, "target": 1, "value": 9.4700667641438869, "supply": [{"l": "Maize", "v": 4.6512096647707954}, {"l": "Wheat", "v": 1.0368474980175}, {"l": "Oats", "v": 0.75161765542561765}, {"l": "Rye", "v": 0.39612370029715549}, {"l": "Barley", "v": 2.2900747763230265}, {"l": "Millet", "v": 0.0064942164020715277}, {"l": "Cereals, Other", "v": 0.33769925290771952}]}, {"source": 8, "prod": 4.0, "target": 1, "value": 0.041320314242920153, "supply": [{"l": "Soyabean Oil", "v": 0.041320314242920153}]}, {"source": 0, "prod": 1925.0, "target": 9, "value": 1.1165043814537281, "supply": [{"l": "Milk - Excluding Butter", "v": 1.1165043814537281}]}, {"source": 2, "prod": 13.0, "target": 9, "value": 0.042182701175543839, "supply": [{"l": "Olives", "v": 0.0023583425880833336}, {"l": "Coconuts - Incl Copra", "v": 0.010130153389721593}, {"l": "Groundnuts", "v": 0.011710390782206896}, {"l": "Oilcrops, Other", "v": 0.012128619024428572}, {"l": "Rape and Mustardseed", "v": 0.0058551953911034479}]}, {"source": 10, "prod": 44.0, "target": 9, "value": 0.11553447400589689, "supply": [{"l": "Treenuts", "v": 0.11553447400589689}]}, {"source": 11, "prod": 407.0, "target": 9, "value": 0.11222652304468607, "supply": [{"l": "Vegetables, Other", "v": 0.086517773019333222}, {"l": "Tomatoes", "v": 0.015942607405989347}, {"l": "Onions", "v": 0.0097661426193634982}]}, {"source": 12, "prod": 45.0, "target": 9, "value": 0.11936565039760987, "supply": [{"l": "Nuts", "v": 0.11653563929190987}, {"l": "Infant food", "v": 0.0028300111056999999}]}, {"source": 13, "prod": 1168.0, "target": 9, "value": 0.82130587060564819, "supply": [{"l": "Beer", "v": 0.48476401774191608}, {"l": "Beverages, Alcoholic", "v": 0.10867242645888001}, {"l": "Wine", "v": 0.22155926650700752}, {"l": "Beverages, Fermented", "v": 0.0063101598978445948}]}, {"source": 14, "prod": 160.0, "target": 9, "value": 1.2162563676385014, "supply": [{"l": "Fats, Animals, Raw", "v": 0.80059524700723694}, {"l": "Butter, Ghee", "v": 0.34107853628312912}, {"l": "Cream", "v": 0.074582584348135431}]}, {"source": 3, "prod": 463.0, "target": 9, "value": 0.35957135551416008, "supply": [{"l": "Potatoes", "v": 0.35957135551416008}]}, {"source": 4, "prod": 6.0, "target": 9, "value": 0.026031610091319844, "supply": [{"l": "Peas", "v": 0.0060643095122142861}, {"l": "Beans", "v": 0.015722283920555559}, {"l": "Pulses, Other", "v": 0.00424501665855}]}, {"source": 5, "prod": 98.0, "target": 9, "value": 0.093789501071071563, "supply": [{"l": "Freshwater Fish", "v": 0.0032653974296538461}, {"l": "Crustaceans", "v": 0.0016980066634200003}, {"l": "Marine Fish, Other", "v": 0.031557677797374104}, {"l": "Demersal Fish", "v": 0.006288913568222222}, {"l": "Pelagic Fish", "v": 0.0028300111056999999}, {"l": "Fish, Seafood", "v": 0.04814949450670139}]}, {"source": 6, "prod": 315.0, "target": 9, "value": 1.1295236011839993, "supply": [{"l": "Sugar", "v": 1.0569762408730698}, {"l": "Sweeteners, Other", "v": 0.036349543842673658}, {"l": "Honey", "v": 0.036197816468255817}]}, {"source": 7, "prod": 665.0, "target": 9, "value": 2.2244950317112897, "supply": [{"l": "Maize", "v": 0.068049885366068694}, {"l": "Rye", "v": 0.51062820741430204}, {"l": "Barley", "v": 0.0022342192939736848}, {"l": "Rice", "v": 0.11769774869829847}, {"l": "Wheat", "v": 1.502578997127}, {"l": "Oats", "v": 0.023305973811647059}]}, {"source": 8, "prod": 120.0, "target": 9, "value": 1.2576157674066817, "supply": [{"l": "Groundnut Oil", "v": 0.018866740704666669}, {"l": "Soyabean Oil", "v": 0.20660157121460074}, {"l": "Palm Oil", "v": 0.053062708231874998}, {"l": "Sunflowerseed Oil", "v": 0.32009720209066217}, {"l": "Olive Oil", "v": 0.010612541646375}, {"l": "Coconut Oil", "v": 0.053062708231874998}, {"l": "Rape and Mustard Oil", "v": 0.28679469114064349}, {"l": "Oilcrops Oil, Other", "v": 0.30851760414598361}]}, {"source": 15, "prod": 6.0, "target": 9, "value": 0.020719724166732144, "supply": [{"l": "Pepper", "v": 0.0030321547561071431}, {"l": "Pimento", "v": 0.010612541646375}, {"l": "Spices, Other", "v": 0.0070750277642500003}]}, {"source": 16, "prod": 87.0, "target": 9, "value": 0.10173553428355962, "supply": [{"l": "Cocoa Beans", "v": 0.065789926073468646}, {"l": "Coffee", "v": 0.035061229739559732}, {"l": "Tea", "v": 0.00088437847053125004}]}, {"source": 17, "prod": 106.0, "target": 9, "value": 0.17269705297469937, "supply": [{"l": "Eggs", "v": 0.17269705297469937}]}, {"source": 18, "prod": 933.0, "target": 9, "value": 0.48741201138822787, "supply": [{"l": "Grapes", "v": 0.051394846622724109}, {"l": "Apples", "v": 0.18587042305817397}, {"l": "Lemons, Limes", "v": 0.0063675249878249992}, {"l": "Pineapples", "v": 0.0062122195003170731}, {"l": "Bananas", "v": 0.048194569861978211}, {"l": "Fruits, Other", "v": 0.14106516896104615}, {"l": "Grapefruit", "v": 0.0032653974296538461}, {"l": "Oranges, Mandarines", "v": 0.045041860966509487}]}, {"source": 19, "prod": 767.0, "target": 9, "value": 1.3725614034207338, "supply": [{"l": "Meat, Other", "v": 0.0093837210346894746}, {"l": "Poultry Meat", "v": 0.13208824156291743}, {"l": "Mutton & Goat Meat", "v": 0.011915836234526318}, {"l": "Pigmeat", "v": 0.93357372311987563}, {"l": "Offals, Edible", "v": 0.044507223116074898}, {"l": "Bovine Meat", "v": 0.24109265835265037}]}, {"source": 2, "prod": 13.0, "target": 20, "value": 0.071261445494104278, "supply": [{"l": "Sunflower seed", "v": 0.023583425880833338}, {"l": "Rape and Mustardseed", "v": 0.023420781564413792}, {"l": "Oilcrops, Other", "v": 0.024257238048857144}]}, {"source": 21, "prod": 2020.0, "target": 20, "value": 2.3476888844000001, "supply": [{"l": "Sugar beet", "v": 2.3476888844000001}]}, {"source": 14, "prod": 2.0, "target": 20, "value": 0.018618494116447372, "supply": [{"l": "Fats, Animals, Raw", "v": 0.018618494116447372}]}, {"source": 3, "prod": 85.0, "target": 20, "value": 0.066012019910806921, "supply": [{"l": "Potatoes", "v": 0.066012019910806921}]}, {"source": 13, "prod": 21.0, "target": 20, "value": 0.016796911901253275, "supply": [{"l": "Wine", "v": 0.016796911901253275}]}, {"source": 7, "prod": 223.0, "target": 20, "value": 0.57486393472007502, "supply": [{"l": "Maize", "v": 0.14290475926874427}, {"l": "Wheat", "v": 0.027195999948000003}, {"l": "Barley", "v": 0.36417774491771054}, {"l": "Rice", "v": 0.040585430585620162}]}, {"source": 18, "prod": 688.0, "target": 20, "value": 0.50111977435925725, "supply": [{"l": "Fruits, Other", "v": 0.074189829601735383}, {"l": "Grapes", "v": 0.41669360261808619}, {"l": "Apples", "v": 0.010236342139435669}]}, {"source": 0, "prod": 29.0, "target": 22, "value": 0.016820066006315901, "supply": [{"l": "Milk - Excluding Butter", "v": 0.016820066006315901}]}, {"source": 11, "prod": 1.0, "target": 22, "value": 0.00027465959688677212, "supply": [{"l": "Vegetables, Other", "v": 0.00027465959688677212}]}, {"source": 14, "prod": 11.0, "target": 22, "value": 0.10042120090367801, "supply": [{"l": "Fats, Animals, Raw", "v": 0.083783223524013184}, {"l": "Fish, Body Oil", "v": 0.008318988689832418}, {"l": "Butter, Ghee", "v": 0.008318988689832418}]}, {"source": 3, "prod": 199.0, "target": 22, "value": 0.15454578779118328, "supply": [{"l": "Potatoes", "v": 0.15376917579223259}, {"l": "Roots, Other", "v": 0.00077661199895066966}]}, {"source": 6, "prod": 58.0, "target": 22, "value": 0.1819427972661912, "supply": [{"l": "Sweeteners, Other", "v": 0.095068037742377237}, {"l": "Sugar", "v": 0.08687475952381396}]}, {"source": 13, "prod": 34.0, "target": 22, "value": 0.023349565407207288, "supply": [{"l": "Alcohol, Non-Food", "v": 0.023349565407207288}]}, {"source": 7, "prod": 20.0, "target": 22, "value": 0.068728461578301439, "supply": [{"l": "Maize", "v": 0.034024942683034347}, {"l": "Rye", "v": 0.0061894328171430545}, {"l": "Wheat", "v": 0.020396999961000001}, {"l": "Rice", "v": 0.0081170861171240317}]}, {"source": 8, "prod": 26.0, "target": 22, "value": 0.27581958033083465, "supply": [{"l": "Soyabean Oil", "v": 0.092970707046570344}, {"l": "Palm Oil", "v": 0.116737958110125}, {"l": "Oilcrops Oil, Other", "v": 0.066110915174139334}]}, {"source": 3, "prod": 103.0, "target": 3, "value": 0.079991035891918971, "supply": [{"l": "Potatoes", "v": 0.079991035891918971}]}, {"source": 7, "prod": 160.0, "target": 7, "value": 0.46151759741403581, "supply": [{"l": "Maize", "v": 0.034024942683034347}, {"l": "Wheat", "v": 0.19377149962949999}, {"l": "Barley", "v": 0.13628737693239476}, {"l": "Oats", "v": 0.037872207443926477}, {"l": "Rye", "v": 0.04332602972000138}, {"l": "Cereals, Other", "v": 0.016235541005178818}]}, {"source": 17, "prod": 4.0, "target": 17, "value": 0.0065168699235735603, "supply": [{"l": "Eggs", "v": 0.0065168699235735603}]}, {"source": 4, "prod": 3.0, "target": 4, "value": 0.016373635682978574, "supply": [{"l": "Pulses, Other", "v": 0.00424501665855}, {"l": "Peas", "v": 0.012128619024428572}]}, {"source": 0, "prod": 37.0, "target": 23, "value": 0.021460084214954774, "supply": [{"l": "Milk - Excluding Butter", "v": 0.021460084214954774}]}, {"source": 10, "prod": 1.0, "target": 23, "value": 0.0026257835001340206, "supply": [{"l": "Treenuts", "v": 0.0026257835001340206}]}, {"source": 11, "prod": 102.0, "target": 23, "value": 0.02822225168567391, "supply": [{"l": "Vegetables, Other", "v": 0.024994023316696264}, {"l": "Onions", "v": 0.0015625828190981598}, {"l": "Tomatoes", "v": 0.0016656455498794845}]}, {"source": 14, "prod": 1.0, "target": 23, "value": 0.0022600783135798613, "supply": [{"l": "Cream", "v": 0.0022600783135798613}]}, {"source": 3, "prod": 101.0, "target": 23, "value": 0.078437811894017634, "supply": [{"l": "Potatoes", "v": 0.078437811894017634}]}, {"source": 4, "prod": 1.0, "target": 23, "value": 0.0060643095122142861, "supply": [{"l": "Peas", "v": 0.0060643095122142861}]}, {"source": 12, "prod": 1.0, "target": 23, "value": 0.0026485372566343152, "supply": [{"l": "Nuts", "v": 0.0026485372566343152}]}, {"source": 7, "prod": 176.0, "target": 23, "value": 0.53801218610948509, "supply": [{"l": "Maize", "v": 0.19734466756159924}, {"l": "Wheat", "v": 0.14617849972050001}, {"l": "Oats", "v": 0.040785454170382353}, {"l": "Rye", "v": 0.037136596902858324}, {"l": "Barley", "v": 0.093837210346894753}, {"l": "Cereals, Other", "v": 0.022729757407250348}]}, {"source": 18, "prod": 96.0, "target": 23, "value": 0.050478697863992561, "supply": [{"l": "Bananas", "v": 0.0021906622664535549}, {"l": "Fruits, Other", "v": 0.020376079961040003}, {"l": "Grapes", "v": 0.00079068994804190921}, {"l": "Oranges, Mandarines", "v": 0.0015639535057815793}, {"l": "Lemons, Limes", "v": 0.0002358342588083333}, {"l": "Apples", "v": 0.025321477923867176}]}, {"source": 24, "prod": 37.0, "target": 12, "value": 0.098540300042666729, "supply": [{"l": "Nuts", "v": 0.090050266725566722}, {"l": "Infant food", "v": 0.0084900333171}]}, {"source": 24, "prod": 631.0, "target": 1, "value": 0.55592830060514964, "supply": [{"l": "Freshwater Fish", "v": 0.00054423290494230768}, {"l": "Meat, Other", "v": 0.0026810631527684208}, {"l": "Crustaceans", "v": 0.0016980066634200003}, {"l": "Eggs", "v": 0.019550609770720682}, {"l": "Marine Fish, Other", "v": 0.03359365701010792}, {"l": "Demersal Fish", "v": 0.006288913568222222}, {"l": "Mutton & Goat Meat", "v": 0.0029789590586315794}, {"l": "Pigmeat", "v": 0.0040856618079644445}, {"l": "Poultry Meat", "v": 0.015539793125049111}, {"l": "Milk - Excluding Butter", "v": 0.1136804461116523}, {"l": "Pelagic Fish", "v": 0.14810391453163332}, {"l": "Fish, Seafood", "v": 0.19652854900694447}, {"l": "Offals, Edible", "v": 0.0026180719480044055}, {"l": "Bovine Meat", "v": 0.0080364219450883463}]}, {"source": 24, "prod": 120.0, "target": 7, "value": 0.4260133016279643, "supply": [{"l": "Maize", "v": 0.091867345244192752}, {"l": "Barley", "v": 0.011171096469868422}, {"l": "Rice", "v": 0.17045880845960465}, {"l": "Cereals, Other", "v": 0.0032471082010357638}, {"l": "Wheat", "v": 0.122381999766}, {"l": "Oats", "v": 0.020392727085191176}, {"l": "Millet", "v": 0.0064942164020715277}]}, {"source": 24, "prod": 8.0, "target": 4, "value": 0.036026490583673021, "supply": [{"l": "Peas", "v": 0.012128619024428572}, {"l": "Beans", "v": 0.019652854900694447}, {"l": "Pulses, Other", "v": 0.00424501665855}]}, {"source": 24, "prod": 224.0, "target": 20, "value": 1.6735708187247735, "supply": [{"l": "Sugar", "v": 0.018098908234127908}, {"l": "Beer", "v": 0.016578014757683449}, {"l": "Groundnut Oil", "v": 0.018866740704666669}, {"l": "Beverages, Alcoholic", "v": 0.010188039980520001}, {"l": "Fats, Animals, Raw", "v": 0.027927741174671054}, {"l": "Soyabean Oil", "v": 0.33056251394336122}, {"l": "Butter, Ghee", "v": 0.008318988689832418}, {"l": "Palm Oil", "v": 0.22286337457387501}, {"l": "Sunflowerseed Oil", "v": 0.29944576969771625}, {"l": "Olive Oil", "v": 0.010612541646375}, {"l": "Coconut Oil", "v": 0.053062708231874998}, {"l": "Rape and Mustard Oil", "v": 0.27655202359990616}, {"l": "Oilcrops Oil, Other", "v": 0.30851760414598361}, {"l": "Wine", "v": 0.017596764848932005}, {"l": "Sweeteners, Other", "v": 0.027961187571287422}, {"l": "Fish, Body Oil", "v": 0.008318988689832418}, {"l": "Honey", "v": 0.018098908234127908}]}, {"source": 24, "prod": 34.0, "target": 10, "value": 0.089276639004556693, "supply": [{"l": "Treenuts", "v": 0.089276639004556693}]}, {"source": 24, "prod": 184.0, "target": 11, "value": 0.048493303620608601, "supply": [{"l": "Tomatoes", "v": 0.014752860584646863}, {"l": "Vegetables, Other", "v": 0.032959151626412657}, {"l": "Onions", "v": 0.00078129140954907991}]}, {"source": 24, "prod": 98.0, "target": 16, "value": 0.12412866587374868, "supply": [{"l": "Cocoa Beans", "v": 0.085526903895509251}, {"l": "Coffee", "v": 0.037717383507708195}, {"l": "Tea", "v": 0.00088437847053125004}]}, {"source": 24, "prod": 659.0, "target": 18, "value": 0.34099012201504503, "supply": [{"l": "Grapes", "v": 0.051394846622724109}, {"l": "Apples", "v": 0.10397968594268864}, {"l": "Lemons, Limes", "v": 0.0068391935054416663}, {"l": "Pineapples", "v": 0.0062122195003170731}, {"l": "Bananas", "v": 0.051115452883916286}, {"l": "Fruits, Other", "v": 0.071577511658012308}, {"l": "Grapefruit", "v": 0.0032653974296538461}, {"l": "Oranges, Mandarines", "v": 0.046605814472291056}]}, {"source": 24, "prod": 25.0, "target": 2, "value": 0.10438506028770882, "supply": [{"l": "Olives", "v": 0.0023583425880833336}, {"l": "Sunflower seed", "v": 0.028300111057000001}, {"l": "Coconuts - Incl Copra", "v": 0.010130153389721593}, {"l": "Groundnuts", "v": 0.011710390782206896}, {"l": "Oilcrops, Other", "v": 0.030321547561071433}, {"l": "Soyabeans", "v": 0.0039989287363152177}, {"l": "Rape and Mustardseed", "v": 0.017565586173310346}]}, {"source": 24, "prod": 6.0, "target": 15, "value": 0.020719724166732144, "supply": [{"l": "Pimento", "v": 0.010612541646375}, {"l": "Pepper", "v": 0.0030321547561071431}, {"l": "Spices, Other", "v": 0.0070750277642500003}]}, {"source": 24, "prod": 179.0, "target": 3, "value": 0.13901354781216987, "supply": [{"l": "Roots, Other", "v": 0.00077661199895066966}, {"l": "Potatoes", "v": 0.13823693581321919}]}, {"source": 0, "prod": 687.0, "target": 25, "value": 0.39846156366686292, "supply": [{"l": "Milk - Excluding Butter", "v": 0.39846156366686292}]}, {"source": 19, "prod": 34.0, "target": 25, "value": 0.046246535358576583, "supply": [{"l": "Pigmeat", "v": 0.0020428309039822222}, {"l": "Meat, Other", "v": 0.0040215947291526314}, {"l": "Bovine Meat", "v": 0.040182109725441728}]}, {"source": 10, "prod": 1.0, "target": 25, "value": 0.0026257835001340206, "supply": [{"l": "Treenuts", "v": 0.0026257835001340206}]}, {"source": 11, "prod": 27.0, "target": 25, "value": 0.0083436979790449898, "supply": [{"l": "Vegetables, Other", "v": 0.0052185323408486702}, {"l": "Onions", "v": 0.0031251656381963196}]}, {"source": 13, "prod": 81.0, "target": 25, "value": 0.058484555752345568, "supply": [{"l": "Beer", "v": 0.022294571570677744}, {"l": "Beverages, Alcoholic", "v": 0.0033960133268400002}, {"l": "Wine", "v": 0.032793970854827825}]}, {"source": 12, "prod": 3.0, "target": 25, "value": 0.0083085594680343145, "supply": [{"l": "Infant food", "v": 0.0056600222113999997}, {"l": "Nuts", "v": 0.0026485372566343152}]}, {"source": 3, "prod": 7.0, "target": 25, "value": 0.0054362839926546877, "supply": [{"l": "Potatoes", "v": 0.0054362839926546877}]}, {"source": 4, "prod": 1.0, "target": 25, "value": 0.0060643095122142861, "supply": [{"l": "Peas", "v": 0.0060643095122142861}]}, {"source": 5, "prod": 4.0, "target": 25, "value": 0.003926612131669685, "supply": [{"l": "Fish, Seafood", "v": 0.0019652854900694449}, {"l": "Pelagic Fish", "v": 0.00094333703523333322}, {"l": "Marine Fish, Other", "v": 0.0010179896063669067}]}, {"source": 6, "prod": 144.0, "target": 25, "value": 0.51301192824591535, "supply": [{"l": "Sugar", "v": 0.48505074067462794}, {"l": "Sweeteners, Other", "v": 0.027961187571287422}]}, {"source": 7, "prod": 775.0, "target": 25, "value": 2.5817388542862263, "supply": [{"l": "Maize", "v": 0.22116212743972327}, {"l": "Rye", "v": 0.16711468606286245}, {"l": "Barley", "v": 0.069260798113184224}, {"l": "Wheat", "v": 2.1212879959440003}, {"l": "Oats", "v": 0.0029132467264558824}]}, {"source": 8, "prod": 4.0, "target": 25, "value": 0.0424501665855, "supply": [{"l": "Palm Oil", "v": 0.0424501665855}]}, {"source": 14, "prod": 40.0, "target": 25, "value": 0.3674185904869911, "supply": [{"l": "Butter, Ghee", "v": 0.041594943449162092}, {"l": "Fats, Animals, Raw", "v": 0.32582364703782901}]}, {"source": 16, "prod": 10.0, "target": 25, "value": 0.019103635286515624, "supply": [{"l": "Cocoa Beans", "v": 0.016447481518367162}, {"l": "Coffee", "v": 0.0026561537681484642}]}, {"source": 18, "prod": 129.0, "target": 25, "value": 0.068947586215998724, "supply": [{"l": "Fruits, Other", "v": 0.010449271774892308}, {"l": "Oranges, Mandarines", "v": 0.00031279070115631586}, {"l": "Apples", "v": 0.058185523739950104}]}, {"source": 2, "prod": 11.0, "target": 25, "value": 0.064616263423248776, "supply": [{"l": "Rape and Mustardseed", "v": 0.058551953911034495}, {"l": "Oilcrops, Other", "v": 0.0060643095122142861}]}, {"source": 13, "prod": 53.0, "target": 26, "value": 0.042392206226972561, "supply": [{"l": "Wine", "v": 0.042392206226972561}]}, {"source": 12, "prod": 1.0, "target": 26, "value": 0.0028300111056999999, "supply": [{"l": "Infant food", "v": 0.0028300111056999999}]}, {"source": 0, "prod": 73.0, "target": 26, "value": 0.042340166153829684, "supply": [{"l": "Milk - Excluding Butter", "v": 0.042340166153829684}]}, {"source": 7, "prod": 136.0, "target": 26, "value": 0.30724896114283212, "supply": [{"l": "Oats", "v": 0.014566233632279412}, {"l": "Barley", "v": 0.29268272751055269}]}, {"source": 27, "prod": 74.0, "target": 20, "value": 0.26440892937991267, "supply": [{"l": "Fats, Animals, Raw", "v": 0.0093092470582236859}, {"l": "Sugar", "v": 0.25338471527779072}, {"l": "Beer", "v": 0.0017149670438982877}]}, {"source": 3, "prod": 5.0, "target": 26, "value": 0.0038830599947533477, "supply": [{"l": "Potatoes", "v": 0.0038830599947533477}]}, {"source": 27, "prod": 148.0, "target": 7, "value": 0.4954741048369723, "supply": [{"l": "Maize", "v": 0.3096269784156126}, {"l": "Wheat", "v": 0.10538449979850001}, {"l": "Rye", "v": 0.080462626622859704}]}, {"source": 1, "prod": 3879.0, "target": 0, "value": 2.2498288289137718, "supply": [{"l": "Milk - Excluding Butter", "v": 2.2498288289137718}]}, {"source": 1, "prod": 106.0, "target": 17, "value": 0.17269705297469937, "supply": [{"l": "Eggs", "v": 0.17921392289827293}]}, {"source": 1, "prod": 801.0, "target": 19, "value": 1.4188079387793104, "supply": [{"l": "Pigmeat", "v": 0.9356165540238579}, {"l": "Bovine Meat", "v": 0.2812747680780921}, {"l": "Poultry Meat", "v": 0.13208824156291743}, {"l": "Offals, Edible", "v": 0.044507223116074898}, {"l": "Meat, Other", "v": 0.013405315763842105}, {"l": "Mutton & Goat Meat", "v": 0.011915836234526318}]}, {"source": 1, "prod": 406.0, "target": 5, "value": 0.39046503980348568, "supply": [{"l": "Pelagic Fish", "v": 0.14716057749639999}, {"l": "Crustaceans", "v": 0.0016980066634200003}, {"l": "Freshwater Fish", "v": 0.0032653974296538461}, {"l": "Demersal Fish", "v": 0.006288913568222222}, {"l": "Fish, Seafood", "v": 0.19947647724204862}, {"l": "Marine Fish, Other", "v": 0.032575667403741008}]}, {"source": 20, "prod": 527.0, "target": 6, "value": 1.8606761431643615, "supply": [{"l": "Honey", "v": 0.036197816468255817}, {"l": "Sweeteners, Other", "v": 0.15937876915633833}, {"l": "Sugar", "v": 1.6650995575397678}]}, {"source": 20, "prod": 154.0, "target": 8, "value": 1.6172058285659363, "supply": [{"l": "Olive Oil", "v": 0.010612541646375}, {"l": "Soyabean Oil", "v": 0.34089259250409121}, {"l": "Coconut Oil", "v": 0.053062708231874998}, {"l": "Rape and Mustard Oil", "v": 0.28679469114064349}, {"l": "Groundnut Oil", "v": 0.018866740704666669}, {"l": "Palm Oil", "v": 0.21225083292749999}, {"l": "Oilcrops Oil, Other", "v": 0.37462851932012298}, {"l": "Sunflowerseed Oil", "v": 0.32009720209066217}]}, {"source": 20, "prod": 214.0, "target": 14, "value": 1.7049747314591976, "supply": [{"l": "Fats, Animals, Raw", "v": 1.2288206116855265}, {"l": "Fish, Body Oil", "v": 0.008318988689832418}, {"l": "Butter, Ghee", "v": 0.39099246842212365}, {"l": "Cream", "v": 0.076842662661715286}]}, {"source": 20, "prod": 1357.0, "target": 13, "value": 0.96232910989342701, "supply": [{"l": "Beer", "v": 0.50705858931259384}, {"l": "Beverages, Alcoholic", "v": 0.11206843978572001}, {"l": "Alcohol, Non-Food", "v": 0.023349565407207288}, {"l": "Beverages, Fermented", "v": 0.0063101598978445948}, {"l": "Wine", "v": 0.31354235549006115}]}, {"source": 2, "prod": 27.0, "target": 28, "value": 0.082348960221437451, "supply": [{"l": "Olives", "v": 0.00070217592458333338}, {"l": "Sunflower seed", "v": 0.0070217592458333344}, {"l": "Coconuts - Incl Copra", "v": 0.012203333310000002}, {"l": "Groundnuts", "v": 0.0034866666599999993}, {"l": "Oilcrops, Other", "v": 0.019176666630000002}, {"l": "Soyabeans", "v": 0.0011906461329891304}, {"l": "Rape and Mustardseed", "v": 0.047069999909999993}]}, {"source": 11, "prod": 445.5, "target": 28, "value": 1.5853079061348971, "supply": [{"l": "Tomatoes", "v": 0.15166999971}, {"l": "Vegetables, Other", "v": 1.27786333089}, {"l": "Onions", "v": 0.12377666643}]}, {"source": 21, "prod": 808.0, "target": 28, "value": 0.93907555376000007, "supply": [{"l": "Sugar beet", "v": 0.93907555376000007}]}, {"source": 3, "prod": 550.5, "target": 28, "value": 1.9194099963300002, "supply": [{"l": "Roots, Other", "v": 0.00087166666500000005}, {"l": "Potatoes", "v": 1.9185383296650005}]}, {"source": 4, "prod": 45.0, "target": 28, "value": 0.19897059926682542, "supply": [{"l": "Peas", "v": 0.099369999809999998}, {"l": "Beans", "v": 0.0069733333200000013}, {"l": "Pulses, Other", "v": 0.050556666569999999}]}, {"source": 7, "prod": 10420.0, "target": 28, "value": 33.859019796041245, "supply": [{"l": "Maize", "v": 10.550653313160002}, {"l": "Rye", "v": 2.5208599951799999}, {"l": "Barley", "v": 10.12179331398}, {"l": "Rice", "v": 0.14295333306000002}, {"l": "Cereals, Other", "v": 0.80890666512000009}, {"l": "Wheat", "v": 10.118306647319999}, {"l": "Oats", "v": 2.0606199960599998}, {"l": "Millet", "v": 0.0069733333199999996}]}, {"source": 29, "prod": 0, "target": 2, "value": 6.7430801970467606e-07, "supply": "[{\"l\":'Energy for power irrigation',\"v\":6.7430801970467606e-07}]"}, {"source": 29, "prod": 0, "target": 10, "value": 7.2425676190502257e-07, "supply": "[{\"l\":'Energy for power irrigation',\"v\":7.2425676190502257e-07}]"}, {"source": 29, "prod": 0, "target": 11, "value": 1.1126082325127157e-05, "supply": "[{\"l\":'Energy for power irrigation',\"v\":1.1126082325127157e-05}]"}, {"source": 29, "prod": 0, "target": 21, "value": 5.0448229622349843e-05, "supply": "[{\"l\":'Energy for power irrigation',\"v\":5.0448229622349843e-05}]"}, {"source": 29, "prod": 0, "target": 3, "value": 2.7496782581290683e-05, "supply": "[{\"l\":'Energy for power irrigation',\"v\":2.7496782581290683e-05}]"}, {"source": 29, "prod": 0, "target": 4, "value": 1.1238466995077935e-06, "supply": "[{\"l\":'Energy for power irrigation',\"v\":1.1238466995077935e-06}]"}, {"source": 29, "prod": 0, "target": 12, "value": 7.7420550410536888e-07, "supply": "[{\"l\":'Energy for power irrigation',\"v\":7.7420550410536888e-07}]"}, {"source": 29, "prod": 0, "target": 7, "value": 0.00013011647343190232, "supply": "[{\"l\":'Energy for power irrigation',\"v\":0.00013011647343190232}]"}, {"source": 29, "prod": 0, "target": 18, "value": 3.7911095330062905e-05, "supply": "[{\"l\":'Energy for power irrigation',\"v\":3.7911095330062905e-05}]"}, {"source": 29, "prod": 0, "target": 20, "value": 1.1430000009143999, "supply": "[{\"l\":'Electricity',\"v\":1.1430000009143999}]"}, {"source": 30, "prod": 0, "target": 29, "value": 0.72353853775836141, "supply": [{"l": "Coal", "v": 0.29550695823752621}, {"l": "Natural gas", "v": 0.20424612818063523}, {"l": "Oil", "v": 0.2237854513402}]}, {"source": 31, "prod": 0, "target": 29, "value": 0.84970309861705284, "supply": [{"l": "Nuclear", "v": 0.0}, {"l": "Hydroelectric", "v": 0.83446215422023173}, {"l": "Renewable", "v": 0.015240944396821145}]}, {"source": 30, "prod": 0, "target": 2, "value": 0.014770879617947385, "supply": [{"l": "Motor Gasoline", "v": 0.0013634997147766177}, {"l": "Gas-Diesel oil", "v": 0.0097480460579069776}, {"l": "Natural gas (including LNG)", "v": 0.00032472800178679135}, {"l": "Fuel oil", "v": 0.0032484252745972123}, {"l": "Liquefied petroleum gas (LPG)", "v": 6.7713304119832013e-05}, {"l": "Coal", "v": 1.8467264759954189e-05}]}, {"source": 30, "prod": 0, "target": 10, "value": 0.015865018848906454, "supply": [{"l": "Motor Gasoline", "v": 0.0014644996936489599}, {"l": "Gas-Diesel oil", "v": 0.010470123543677866}, {"l": "Natural gas (including LNG)", "v": 0.0003487819278450722}, {"l": "Fuel oil", "v": 0.0034890493690118208}, {"l": "Liquefied petroleum gas (LPG)", "v": 7.2729104425004764e-05}, {"l": "Coal", "v": 1.9835210297728574e-05}]}, {"source": 30, "prod": 0, "target": 11, "value": 0.24371951369613187, "supply": [{"l": "Motor Gasoline", "v": 0.022497745293814191}, {"l": "Gas-Diesel oil", "v": 0.16084275995546513}, {"l": "Natural gas (including LNG)", "v": 0.005358012029482058}, {"l": "Fuel oil", "v": 0.053599017030854006}, {"l": "Liquefied petroleum gas (LPG)", "v": 0.0011172695179772283}, {"l": "Coal", "v": 0.00030470986853924412}]}, {"source": 30, "prod": 0, "target": 21, "value": 1.1050806232686563, "supply": [{"l": "Motor Gasoline", "v": 0.10200997866106547}, {"l": "Gas-Diesel oil", "v": 0.72929826062859615}, {"l": "Natural gas (including LNG)", "v": 0.024294465318863652}, {"l": "Fuel oil", "v": 0.24303033535875443}, {"l": "Liquefied petroleum gas (LPG)", "v": 0.0050659583082244691}, {"l": "Coal", "v": 0.0013816249931521282}]}, {"source": 30, "prod": 0, "target": 3, "value": 0.60232364664296567, "supply": [{"l": "Motor Gasoline", "v": 0.0556004883692243}, {"l": "Gas-Diesel oil", "v": 0.39750365591687342}, {"l": "Natural gas (including LNG)", "v": 0.013241686295083604}, {"l": "Fuel oil", "v": 0.13246356397524189}, {"l": "Liquefied petroleum gas (LPG)", "v": 0.0027611980679975944}, {"l": "Coal", "v": 0.00075305401854479858}]}, {"source": 30, "prod": 0, "target": 4, "value": 0.024618132696578976, "supply": [{"l": "Motor Gasoline", "v": 0.0022724995246276962}, {"l": "Gas-Diesel oil", "v": 0.016246743429844963}, {"l": "Natural gas (including LNG)", "v": 0.00054121333631131888}, {"l": "Fuel oil", "v": 0.0054140421243286871}, {"l": "Liquefied petroleum gas (LPG)", "v": 0.00011285550686638669}, {"l": "Coal", "v": 3.0778774599923648e-05}]}, {"source": 30, "prod": 0, "target": 12, "value": 0.016959158079865515, "supply": [{"l": "Motor Gasoline", "v": 0.0015654996725213018}, {"l": "Gas-Diesel oil", "v": 0.011192201029448751}, {"l": "Natural gas (including LNG)", "v": 0.00037283585390335305}, {"l": "Fuel oil", "v": 0.0037296734634264289}, {"l": "Liquefied petroleum gas (LPG)", "v": 7.7744904730177487e-05}, {"l": "Coal", "v": 2.1203155835502956e-05}]}, {"source": 30, "prod": 0, "target": 7, "value": 2.8502326966483662, "supply": [{"l": "Motor Gasoline", "v": 0.26310494496245102}, {"l": "Gas-Diesel oil", "v": 1.8810118504331612}, {"l": "Natural gas (including LNG)", "v": 0.062660477381821594}, {"l": "Fuel oil", "v": 0.62682576595005468}, {"l": "Liquefied petroleum gas (LPG)", "v": 0.013066159794974993}, {"l": "Coal", "v": 0.0035634981259022713}]}, {"source": 30, "prod": 0, "target": 18, "value": 0.83045167629793082, "supply": [{"l": "Motor Gasoline", "v": 0.076658983964107613}, {"l": "Gas-Diesel oil", "v": 0.54805681170010345}, {"l": "Natural gas (including LNG)", "v": 0.01825692987823516}, {"l": "Fuel oil", "v": 0.18263368766068774}, {"l": "Liquefied petroleum gas (LPG)", "v": 0.0038069924316261111}, {"l": "Coal", "v": 0.0010382706631707579}]}, {"source": 32, "prod": 0.98885760641343767, "target": 2, "value": 0.0092041102812705222, "supply": [{"l": "Potash", "v": 0.34650189194386816}, {"l": "Phosphate", "v": 0.39759070865140589}, {"l": "Nitrogen", "v": 2.8277839744844493}]}, {"source": 32, "prod": 1.0621063179996182, "target": 10, "value": 0.0098858962280313021, "supply": [{"l": "Potash", "v": 0.34650189194386816}, {"l": "Phosphate", "v": 0.39759070865140589}, {"l": "Nitrogen", "v": 2.8277839744844493}]}, {"source": 32, "prod": 16.316150505821721, "target": 11, "value": 0.15186781964096363, "supply": [{"l": "Potash", "v": 0.34650189194386816}, {"l": "Phosphate", "v": 0.39759070865140589}, {"l": "Nitrogen", "v": 2.8277839744844493}]}, {"source": 32, "prod": 73.981198702042377, "target": 21, "value": 0.68860380622838724, "supply": [{"l": "Potash", "v": 0.34650189194386816}, {"l": "Phosphate", "v": 0.39759070865140589}, {"l": "Nitrogen", "v": 2.8277839744844493}]}, {"source": 32, "prod": 40.323415728192401, "target": 3, "value": 0.37532316369180907, "supply": [{"l": "Potash", "v": 0.34650189194386816}, {"l": "Phosphate", "v": 0.39759070865140589}, {"l": "Nitrogen", "v": 2.8277839744844493}]}, {"source": 32, "prod": 1.6480960106890628, "target": 4, "value": 0.015340183802117536, "supply": [{"l": "Potash", "v": 0.34650189194386816}, {"l": "Phosphate", "v": 0.39759070865140589}, {"l": "Nitrogen", "v": 2.8277839744844493}]}, {"source": 32, "prod": 1.1353550295857988, "target": 12, "value": 0.01056768217479208, "supply": [{"l": "Potash", "v": 0.34650189194386816}, {"l": "Phosphate", "v": 0.39759070865140589}, {"l": "Nitrogen", "v": 2.8277839744844493}]}, {"source": 32, "prod": 190.81289368200038, "target": 7, "value": 1.7760523913118305, "supply": [{"l": "Potash", "v": 0.34650189194386816}, {"l": "Phosphate", "v": 0.39759070865140589}, {"l": "Nitrogen", "v": 2.8277839744844493}]}, {"source": 32, "prod": 55.595772093911059, "target": 18, "value": 0.51747553359143161, "supply": [{"l": "Potash", "v": 0.34650189194386816}, {"l": "Phosphate", "v": 0.39759070865140589}, {"l": "Nitrogen", "v": 2.8277839744844493}]}, {"source": 30, "prod": 0, "target": 32, "value": 4.5513684610108882, "supply": [{"l": "Natural gas (including LNG)", "v": 2.9877522882000482}, {"l": "Fuel oil", "v": 1.0637454446432877}, {"l": "Liquefied petroleum gas (LPG)", "v": 0.24993536408377598}, {"l": "Coal", "v": 0.24993536408377598}]}, {"source": 33, "prod": 0, "target": 3, "value": 0.029289749573162528, "supply": "[{\"l\":'Labor',\"v\":0.029289749573162528}]"}, {"source": 33, "prod": 0, "target": 2, "value": 0.0007182772374889993, "supply": "[{\"l\":'Labor',\"v\":0.0007182772374889993}]"}, {"source": 33, "prod": 0, "target": 10, "value": 0.00077148295878448083, "supply": "[{\"l\":'Labor',\"v\":0.00077148295878448083}]"}, {"source": 33, "prod": 0, "target": 11, "value": 0.011851574418568489, "supply": "[{\"l\":'Labor',\"v\":0.011851574418568489}]"}, {"source": 33, "prod": 0, "target": 12, "value": 0.00082468868007996225, "supply": "[{\"l\":'Labor',\"v\":0.00082468868007996225}]"}, {"source": 33, "prod": 0, "target": 21, "value": 0.053737778508436251, "supply": "[{\"l\":'Labor',\"v\":0.053737778508436251}]"}, {"source": 33, "prod": 0, "target": 4, "value": 0.0011971287291483322, "supply": "[{\"l\":'Labor',\"v\":0.0011971287291483322}]"}, {"source": 33, "prod": 0, "target": 7, "value": 0.13860090397472913, "supply": "[{\"l\":'Labor',\"v\":0.13860090397472913}]"}, {"source": 33, "prod": 0, "target": 15, "value": 7.9808581943222159e-05, "supply": "[{\"l\":'Labor',\"v\":7.9808581943222159e-05}]"}, {"source": 33, "prod": 0, "target": 16, "value": 0.0012902387414154247, "supply": "[{\"l\":'Labor',\"v\":0.0012902387414154247}]"}, {"source": 33, "prod": 0, "target": 18, "value": 0.040383142463270412, "supply": "[{\"l\":'Labor',\"v\":0.040383142463270412}]"}, {"source": 30, "prod": 0, "target": 24, "value": 4.173280083384233, "supply": "[{\"l\":'Fossil Fuels',\"v\":4.173280083384233}]"}, {"source": 31, "prod": 0, "target": 24, "value": 0.9593121568373667, "supply": "[{\"l\":'Renewables & Nuclear',\"v\":0.61964538834417271},{\"l\":'Biomass & Waste',\"v\":0.33966676849319399}]"}]}