{"nodes": [{"layer": 13, "name": "Animal Products", "fill": "#17becf"}, {"layer": 10, "name": "Feed", "fill": "#dbdb8d"}, {"layer": 5, "name": "Cereals", "fill": "#e7ba52"}, {"layer": 13, "name": "Sugar", "fill": "#d6616b"}, {"layer": 5, "name": "Starchy Roots"}, {"layer": 5, "name": "Fruits & Vegetables"}, {"layer": 13, "name": "Aquatic Products", "fill": "#1f77b4"}, {"layer": 13, "name": "Vegetable Oils", "fill": "#f7b6d2"}, {"layer": 13, "name": "Other Processed", "fill": "#9c9ede"}, {"layer": 16, "name": "Food", "fill": "#b5cf6b"}, {"layer": 5, "name": "Oilcrops", "fill": "#ff9896"}, {"layer": 5, "name": "Others"}, {"layer": 10, "name": "Processing", "fill": "#9edae5"}, {"layer": 5, "name": "Sugar Crops", "fill": "#ffbb78"}, {"layer": 16, "name": "Biofuels & Other", "fill": "#e7ba52"}, {"name": "Waste", "fill": "#c7c7c7"}, {"layer": 2, "name": "Import", "fill": "#aec7e8"}, {"layer": 16, "name": "Export", "fill": "#aec7e8"}, {"layer": 16, "name": "Stock Deposit", "fill": "#c7c7c7"}, {"layer": 0, "name": "Stock Draw", "fill": "#c7c7c7"}, {"layer": 2, "name": "Electricity", "fill": "#bcbd22"}, {"layer": 0, "name": "Fossil Fuels", "fill": "#c49c94"}, {"layer": 0, "name": "Renewables & Nuclear", "fill": "#2ca02c"}, {"layer": 2, "name": "Fertilizers", "fill": "#c5b0d5"}, {"layer": 0, "name": "Labor", "fill": "#7f7f7f"}], "links": [{"source": 0, "prod": 1230.0, "target": 1, "value": 0.76106871893723338, "supply": [{"l": "Milk - Excluding Butter", "v": 0.76106871893723338}]}, {"source": 2, "prod": 2167.0, "target": 1, "value": 6.2638459050227988, "supply": [{"l": "Maize", "v": 1.9445340283730592}, {"l": "Wheat", "v": 1.2470362071028591}, {"l": "Oats", "v": 0.85850710034854472}, {"l": "Rye", "v": 0.27427417073348725}, {"l": "Barley", "v": 1.6443854003646319}, {"l": "Millet", "v": 0.022453945507625174}, {"l": "Cereals, Other", "v": 0.27265505259259137}]}, {"source": 3, "prod": 6.0, "target": 1, "value": 0.020908291004798508, "supply": [{"l": "Sugar", "v": 0.020908291004798508}]}, {"source": 4, "prod": 1636.0, "target": 1, "value": 1.2722361993993399, "supply": [{"l": "Potatoes", "v": 1.270680898422079}, {"l": "Cassava", "v": 0.0015553009772608065}]}, {"source": 5, "prod": 4.0, "target": 1, "value": 0.0169800666342, "supply": [{"l": "Pulses, Other", "v": 0.0169800666342}]}, {"source": 6, "prod": 574.0, "target": 1, "value": 0.50599962961150502, "supply": [{"l": "Pelagic Fish", "v": 0.31308518278245562}, {"l": "Fish, Seafood", "v": 0.19211350028970042}, {"l": "Crustaceans", "v": 0.00080094653934905671}]}, {"source": 7, "prod": 2.0, "target": 1, "value": 0.020963045227407408, "supply": [{"l": "Soyabean Oil", "v": 0.020963045227407408}]}, {"source": 8, "prod": 1191.0, "target": 9, "value": 1.80280474149884, "supply": [{"l": "Beer", "v": 0.42622583228494326}, {"l": "Beverages, Alcoholic", "v": 0.086047634970608106}, {"l": "Fats, Animals, Raw", "v": 0.66429853164519115}, {"l": "Butter, Ghee", "v": 0.35021387433037504}, {"l": "Wine", "v": 0.21619557795000832}, {"l": "Beverages, Fermented", "v": 0.0063675249878250009}, {"l": "Cream", "v": 0.053455765329888889}]}, {"source": 0, "prod": 2301.0, "target": 9, "value": 2.2081447993258405, "supply": [{"l": "Meat, Other", "v": 0.0090045807908636366}, {"l": "Poultry Meat", "v": 0.098494803697153993}, {"l": "Eggs", "v": 0.16841239781267767}, {"l": "Mutton & Goat Meat", "v": 0.0058551953911034479}, {"l": "Pigmeat", "v": 0.67409212257019835}, {"l": "Milk - Excluding Butter", "v": 0.99186435484258961}, {"l": "Offals, Edible", "v": 0.035217037642160623}, {"l": "Bovine Meat", "v": 0.22520430657909329}]}, {"source": 2, "prod": 888.0, "target": 9, "value": 2.8180285627233066, "supply": [{"l": "Maize", "v": 0.079099689289751557}, {"l": "Rye", "v": 0.8169868915465579}, {"l": "Barley", "v": 0.0022342192939736848}, {"l": "Rice", "v": 0.13073854122107043}, {"l": "Wheat", "v": 1.773129606974378}, {"l": "Oats", "v": 0.015839614397574628}]}, {"source": 10, "prod": 3.0, "target": 9, "value": 0.018413048664127948, "supply": [{"l": "Oilcrops, Other", "v": 0.0067026578819210534}, {"l": "Groundnuts", "v": 0.011710390782206896}]}, {"source": 3, "prod": 308.0, "target": 9, "value": 1.0721658990002736, "supply": [{"l": "Sugar", "v": 1.034960404737526}, {"l": "Sweeteners, Other", "v": 0.0023583425880833336}, {"l": "Honey", "v": 0.034847151674664179}]}, {"source": 4, "prod": 466.0, "target": 9, "value": 0.36238512770176795, "supply": [{"l": "Potatoes", "v": 0.36238512770176795}]}, {"source": 5, "prod": 1393.0, "target": 9, "value": 0.6878851304960657, "supply": [{"l": "Vegetables, Other", "v": 0.11128028553790635}, {"l": "Tomatoes", "v": 0.0095683738636368528}, {"l": "Treenuts", "v": 0.063675249878250004}, {"l": "Peas", "v": 0.014150055528500001}, {"l": "Grapes", "v": 0.038342085948193542}, {"l": "Beans", "v": 0.010838340404808511}, {"l": "Apples", "v": 0.15238981577627697}, {"l": "Lemons, Limes", "v": 0.0032240632849746841}, {"l": "Bananas", "v": 0.038205149926950004}, {"l": "Fruits, Other", "v": 0.184193516234407}, {"l": "Grapefruit", "v": 0.0069733333200000004}, {"l": "Oranges, Mandarines", "v": 0.041270214900132031}, {"l": "Onions", "v": 0.0095296292334795928}, {"l": "Pulses, Other", "v": 0.00424501665855}]}, {"source": 11, "prod": 62.0, "target": 9, "value": 0.12245850596928329, "supply": [{"l": "Nuts", "v": 0.064075723147924521}, {"l": "Pepper", "v": 0.0060643095122142861}, {"l": "Cocoa Beans", "v": 0.025923765853740455}, {"l": "Pimento", "v": 0.00265313541159375}, {"l": "Coffee", "v": 0.012804640412675412}, {"l": "Infant food", "v": 0.0044684385879473695}, {"l": "Spices, Other", "v": 0.0053062708231875}, {"l": "Tea", "v": 0.0011622222200000001}]}, {"source": 6, "prod": 114.0, "target": 9, "value": 0.080263425149854684, "supply": [{"l": "Freshwater Fish", "v": 0.0034653197212653059}, {"l": "Crustaceans", "v": 0.00080094653934905671}, {"l": "Fish, Seafood", "v": 0.038154946050567677}, {"l": "Pelagic Fish", "v": 0.028462289343859602}, {"l": "Demersal Fish", "v": 0.0093799234948130309}]}, {"source": 7, "prod": 91.0, "target": 9, "value": 0.96571076623911523, "supply": [{"l": "Groundnut Oil", "v": 0.041649220046150945}, {"l": "Soyabean Oil", "v": 0.062889135682222236}, {"l": "Palm Oil", "v": 0.020214365040714291}, {"l": "Sunflowerseed Oil", "v": 0.33998290721510566}, {"l": "Coconut Oil", "v": 0.073453097237831472}, {"l": "Rape and Mustard Oil", "v": 0.21484670642373563}, {"l": "Oilcrops Oil, Other", "v": 0.20206279294697999}, {"l": "Cottonseed Oil", "v": 0.010612541646375}]}, {"source": 2, "prod": 194.0, "target": 12, "value": 0.47302103577205862, "supply": [{"l": "Maize", "v": 0.042845665031948761}, {"l": "Wheat", "v": 0.029227411103973262}, {"l": "Barley", "v": 0.36417774491771054}, {"l": "Rice", "v": 0.036770214718426057}]}, {"source": 10, "prod": 17.761904761904773, "target": 12, "value": 0.088450503960455437, "supply": [{"l": "Sunflower seed", "v": 0.02971511660985}, {"l": "Rape and Mustardseed", "v": 0.025115706546049003}, {"l": "Oilcrops, Other", "v": 0.013405315763842107}, {"l": "Oil Palm", "v": 0.020214365040714333}]}, {"source": 13, "prod": 1947.0, "target": 12, "value": 2.2628466623400003, "supply": [{"l": "Sugar beet", "v": 2.2628466623400003}]}, {"source": 3, "prod": 10.0, "target": 12, "value": 0.023583425880833338, "supply": [{"l": "Sweeteners, Other", "v": 0.023583425880833338}]}, {"source": 4, "prod": 34.0, "target": 12, "value": 0.02644011661343371, "supply": [{"l": "Potatoes", "v": 0.02644011661343371}]}, {"source": 5, "prod": 535.0, "target": 12, "value": 0.39721690601527626, "supply": [{"l": "Fruits, Other", "v": 0.045625916865403571}, {"l": "Grapes", "v": 0.34351379043381564}, {"l": "Apples", "v": 0.0080771987160570824}]}, {"source": 11, "prod": 3.0, "target": 12, "value": 0.0077771297561221361, "supply": [{"l": "Cocoa Beans", "v": 0.0077771297561221361}]}, {"source": 7, "prod": 1.0, "target": 12, "value": 0.011886046643940001, "supply": [{"l": "Oilcrops Oil, Other", "v": 0.011886046643940001}]}, {"source": 8, "prod": 46.0, "target": 14, "value": 0.18630186994435968, "supply": [{"l": "Alcohol, Non-Food", "v": 0.021115179948839328}, {"l": "Fats, Animals, Raw", "v": 0.15684826441622571}, {"l": "Fish, Body Oil", "v": 0.0083384255792946435}]}, {"source": 0, "prod": 80.0, "target": 14, "value": 0.049500404483722511, "supply": [{"l": "Milk - Excluding Butter", "v": 0.049500404483722511}]}, {"source": 2, "prod": 7.0, "target": 14, "value": 0.024553600232863237, "supply": [{"l": "Maize", "v": 0.0098874611612189446}, {"l": "Wheat", "v": 0.0064949802453273921}, {"l": "Rice", "v": 0.0081711588263169016}]}, {"source": 3, "prod": 17.0, "target": 14, "value": 0.040091823997416676, "supply": [{"l": "Sweeteners, Other", "v": 0.040091823997416676}]}, {"source": 4, "prod": 80.0, "target": 14, "value": 0.06221203909043227, "supply": [{"l": "Potatoes", "v": 0.061434388601801865}, {"l": "Roots, Other", "v": 0.00077765048863040324}]}, {"source": 5, "prod": 2.0, "target": 14, "value": 0.00050467249677055032, "supply": [{"l": "Vegetables, Other", "v": 0.00050467249677055032}]}, {"source": 7, "prod": 25.0, "target": 14, "value": 0.26747048877723789, "supply": [{"l": "Soyabean Oil", "v": 0.10481522613703705}, {"l": "Palm Oil", "v": 0.080857460162857164}, {"l": "Palmkernel Oil", "v": 0.010481522613703704}, {"l": "Oilcrops Oil, Other", "v": 0.071316279863640003}]}, {"source": 4, "prod": 221.0, "target": 4, "value": 0.17186075798731915, "supply": [{"l": "Potatoes", "v": 0.17186075798731915}]}, {"source": 0, "prod": 3.0, "target": 0, "value": 0.0049052154702721659, "supply": [{"l": "Eggs", "v": 0.0049052154702721659}]}, {"source": 2, "prod": 171.0, "target": 2, "value": 0.4855796298243738, "supply": [{"l": "Maize", "v": 0.032958203870729813}, {"l": "Wheat", "v": 0.15912701601052112}, {"l": "Barley", "v": 0.13181893834444738}, {"l": "Oats", "v": 0.063358457590298511}, {"l": "Rye", "v": 0.075863068500751807}, {"l": "Cereals, Other", "v": 0.022453945507625174}]}, {"source": 4, "prod": 270.0, "target": 15, "value": 0.20996563193020887, "supply": [{"l": "Potatoes", "v": 0.20996563193020887}]}, {"source": 8, "prod": 1.0, "target": 15, "value": 0.0022273235554120373, "supply": [{"l": "Cream", "v": 0.0022273235554120373}]}, {"source": 5, "prod": 182.0, "target": 15, "value": 0.071352383666118263, "supply": [{"l": "Bananas", "v": 0.002122508329275}, {"l": "Vegetables, Other", "v": 0.021700917361133665}, {"l": "Fruits, Other", "v": 0.021968034046305426}, {"l": "Grapes", "v": 0.00078249154996313348}, {"l": "Oranges, Mandarines", "v": 0.0018261157035456652}, {"l": "Lemons, Limes", "v": 0.0001343359702072785}, {"l": "Onions", "v": 0.0012994948954744901}, {"l": "Tomatoes", "v": 0.0015947289772728088}, {"l": "Apples", "v": 0.019923756832940804}]}, {"source": 0, "prod": 38.0, "target": 15, "value": 0.023512692129768187, "supply": [{"l": "Milk - Excluding Butter", "v": 0.023512692129768187}]}, {"source": 2, "prod": 119.0, "target": 15, "value": 0.34435526078288275, "supply": [{"l": "Maize", "v": 0.085691330063897522}, {"l": "Rye", "v": 0.029178103269519928}, {"l": "Wheat", "v": 0.071444782698601314}, {"l": "Oats", "v": 0.050686766072238806}, {"l": "Barley", "v": 0.084900333171000014}, {"l": "Cereals, Other", "v": 0.022453945507625174}]}, {"source": 16, "prod": 59.0, "target": 11, "value": 0.11570554087871691, "supply": [{"l": "Nuts", "v": 0.034707683371792447}, {"l": "Coffee", "v": 0.012804640412675412}, {"l": "Cocoa Beans", "v": 0.044070401951358779}, {"l": "Pimento", "v": 0.00265313541159375}, {"l": "Pepper", "v": 0.0060643095122142861}, {"l": "Infant food", "v": 0.0089368771758947391}, {"l": "Spices, Other", "v": 0.0053062708231875}, {"l": "Tea", "v": 0.0011622222200000001}]}, {"source": 16, "prod": 821.0, "target": 1, "value": 0.72215033126023409, "supply": [{"l": "Freshwater Fish", "v": 0.00086632993031632646}, {"l": "Meat, Other", "v": 0.0025727373688181816}, {"l": "Crustaceans", "v": 0.0016018930786981134}, {"l": "Eggs", "v": 0.034336508291905161}, {"l": "Demersal Fish", "v": 0.0093799234948130309}, {"l": "Pigmeat", "v": 0.0020365320923570944}, {"l": "Poultry Meat", "v": 0.022605364782953375}, {"l": "Milk - Excluding Butter", "v": 0.047644139315582909}, {"l": "Fish, Seafood", "v": 0.22892967630340608}, {"l": "Pelagic Fish", "v": 0.3426421755626175}, {"l": "Offals, Edible", "v": 0.0039130041824622912}, {"l": "Bovine Meat", "v": 0.02562204685630403}]}, {"source": 16, "prod": 161.0, "target": 12, "value": 1.1822626632409732, "supply": [{"l": "Sugar", "v": 0.0069694303349328371}, {"l": "Beer", "v": 0.010812137267575333}, {"l": "Groundnut Oil", "v": 0.041649220046150945}, {"l": "Beverages, Alcoholic", "v": 0.0068838107976486483}, {"l": "Fats, Animals, Raw", "v": 0.0092263684950721001}, {"l": "Soyabean Oil", "v": 0.18866740704666668}, {"l": "Butter, Ghee", "v": 0.025015276737883934}, {"l": "Palm Oil", "v": 0.10107182520357144}, {"l": "Sunflowerseed Oil", "v": 0.31937788253540228}, {"l": "Coconut Oil", "v": 0.073453097237831472}, {"l": "Rape and Mustard Oil", "v": 0.09207715989588669}, {"l": "Oilcrops Oil, Other", "v": 0.2377209328788}, {"l": "Wine", "v": 0.020018109069445216}, {"l": "Sweeteners, Other", "v": 0.0094333703523333343}, {"l": "Fish, Body Oil", "v": 0.0083384255792946435}, {"l": "Honey", "v": 0.010454145502399254}, {"l": "Cottonseed Oil", "v": 0.010612541646375}, {"l": "Palmkernel Oil", "v": 0.010481522613703704}]}, {"source": 16, "prod": 229.0, "target": 2, "value": 0.72115922686170408, "supply": [{"l": "Maize", "v": 0.16808683974072205}, {"l": "Barley", "v": 0.12735049975650004}, {"l": "Rice", "v": 0.17567991476581341}, {"l": "Cereals, Other", "v": 0.0032077065010893109}, {"l": "Wheat", "v": 0.11041466417056567}, {"l": "Oats", "v": 0.12038106942156716}, {"l": "Millet", "v": 0.016038532505446554}]}, {"source": 16, "prod": 534.0, "target": 5, "value": 0.30799581874189302, "supply": [{"l": "Tomatoes", "v": 0.0056954606331171744}, {"l": "Treenuts", "v": 0.034490760350718748}, {"l": "Vegetables, Other", "v": 0.01362615741280486}, {"l": "Peas", "v": 0.0070750277642500003}, {"l": "Grapes", "v": 0.038342085948193542}, {"l": "Pulses, Other", "v": 0.00424501665855}, {"l": "Beans", "v": 0.010838340404808511}, {"l": "Apples", "v": 0.024231596148171247}, {"l": "Lemons, Limes", "v": 0.003358399255181963}, {"l": "Bananas", "v": 0.040327658256225002}, {"l": "Fruits, Other", "v": 0.072663497230087179}, {"l": "Grapefruit", "v": 0.0069733333200000004}, {"l": "Oranges, Mandarines", "v": 0.043096330603677693}, {"l": "Onions", "v": 0.0030321547561071431}]}, {"source": 16, "prod": 12.0, "target": 10, "value": 0.063143659770373506, "supply": [{"l": "Sunflower seed", "v": 0.025470099951300004}, {"l": "Groundnuts", "v": 0.011710390782206896}, {"l": "Oilcrops, Other", "v": 0.013405315763842107}, {"l": "Rape and Mustardseed", "v": 0.012557853273024501}]}, {"source": 16, "prod": 41.0, "target": 4, "value": 0.03188367003384654, "supply": [{"l": "Roots, Other", "v": 0.00077765048863040324}, {"l": "Potatoes", "v": 0.029550718567955325}, {"l": "Cassava", "v": 0.0015553009772608065}]}, {"source": 8, "prod": 28.0, "target": 17, "value": 0.10699473603927552, "supply": [{"l": "Beer", "v": 0.0068287182742581042}, {"l": "Butter, Ghee", "v": 0.050030553475767868}, {"l": "Wine", "v": 0.0040036218138890436}, {"l": "Fats, Animals, Raw", "v": 0.0461318424753605}]}, {"source": 0, "prod": 394.0, "target": 17, "value": 0.25229714535144693, "supply": [{"l": "Pigmeat", "v": 0.0061095962770712827}, {"l": "Meat, Other", "v": 0.0025727373688181816}, {"l": "Bovine Meat", "v": 0.0053941151276429532}, {"l": "Milk - Excluding Butter", "v": 0.23822069657791453}]}, {"source": 2, "prod": 46.0, "target": 17, "value": 0.11594660829575965, "supply": [{"l": "Barley", "v": 0.073729236701131601}, {"l": "Wheat", "v": 0.042217371594628045}]}, {"source": 10, "prod": 5.0, "target": 17, "value": 0.031394633182561256, "supply": [{"l": "Rape and Mustardseed", "v": 0.031394633182561256}]}, {"source": 3, "prod": 2.0, "target": 17, "value": 0.0058430577555497517, "supply": [{"l": "Sugar", "v": 0.0034847151674664185}, {"l": "Sweeteners, Other", "v": 0.0023583425880833336}]}, {"source": 4, "prod": 31.0, "target": 17, "value": 0.024107165147542502, "supply": [{"l": "Potatoes", "v": 0.024107165147542502}]}, {"source": 5, "prod": 67.0, "target": 17, "value": 0.032394973439626058, "supply": [{"l": "Fruits, Other", "v": 0.01689848772792725}, {"l": "Vegetables, Other", "v": 0.0035327074773938527}, {"l": "Onions", "v": 0.0017326598606326531}, {"l": "Apples", "v": 0.010231118373672304}]}, {"source": 11, "prod": 4.0, "target": 17, "value": 0.010369506341496183, "supply": [{"l": "Cocoa Beans", "v": 0.010369506341496183}]}, {"source": 6, "prod": 2.0, "target": 17, "value": 0.0017640884547333044, "supply": [{"l": "Fish, Seafood", "v": 0.00066938501843101181}, {"l": "Pelagic Fish", "v": 0.0010947034363022925}]}, {"source": 7, "prod": 3.0, "target": 17, "value": 0.033879275808237144, "supply": [{"l": "Oilcrops Oil, Other", "v": 0.023772093287880002}, {"l": "Palm Oil", "v": 0.010107182520357146}]}, {"source": 0, "prod": 101.0, "target": 18, "value": 0.062494260660699651, "supply": [{"l": "Milk - Excluding Butter", "v": 0.062494260660699651}]}, {"source": 8, "prod": 59.0, "target": 18, "value": 0.047242737403890712, "supply": [{"l": "Wine", "v": 0.047242737403890712}]}, {"source": 19, "prod": 10.0, "target": 12, "value": 0.1023079554398741, "supply": [{"l": "Rape and Mustard Oil", "v": 0.1023079554398741}]}, {"source": 4, "prod": 8.0, "target": 18, "value": 0.0062212039090432259, "supply": [{"l": "Potatoes", "v": 0.0062212039090432259}]}, {"source": 3, "prod": 21.0, "target": 18, "value": 0.073179018516794786, "supply": [{"l": "Sugar", "v": 0.073179018516794786}]}, {"source": 19, "prod": 294.0, "target": 2, "value": 0.87850508251461545, "supply": [{"l": "Maize", "v": 0.013183281548291926}, {"l": "Wheat", "v": 0.58779571220212889}, {"l": "Barley", "v": 0.13405315763842107}, {"l": "Oats", "v": 0.0063358457590298508}, {"l": "Rye", "v": 0.13713708536674363}]}, {"source": 1, "prod": 690.0, "target": 6, "value": 0.58802714321609295, "supply": [{"l": "Crustaceans", "v": 0.0016018930786981134}, {"l": "Freshwater Fish", "v": 0.0034653197212653059}, {"l": "Pelagic Fish", "v": 0.3426421755626175}, {"l": "Demersal Fish", "v": 0.0093799234948130309}, {"l": "Fish, Seafood", "v": 0.23093783135869911}]}, {"source": 1, "prod": 4144.0, "target": 0, "value": 3.3570180208887117, "supply": [{"l": "Poultry Meat", "v": 0.098494803697153993}, {"l": "Pigmeat", "v": 0.68020171884726965}, {"l": "Bovine Meat", "v": 0.23059842170673625}, {"l": "Eggs", "v": 0.17331761328294984}, {"l": "Milk - Excluding Butter", "v": 2.126661127631928}, {"l": "Offals, Edible", "v": 0.035217037642160623}, {"l": "Meat, Other", "v": 0.011577318159681818}, {"l": "Mutton & Goat Meat", "v": 0.0058551953911034479}]}, {"source": 12, "prod": 1325.0, "target": 8, "value": 2.1455714084417776, "supply": [{"l": "Fats, Animals, Raw", "v": 0.86727863853677734}, {"l": "Alcohol, Non-Food", "v": 0.021115179948839328}, {"l": "Beverages, Fermented", "v": 0.0063675249878250009}, {"l": "Fish, Body Oil", "v": 0.0083384255792946435}, {"l": "Beer", "v": 0.43305455055920139}, {"l": "Beverages, Alcoholic", "v": 0.086047634970608106}, {"l": "Cream", "v": 0.055683088885300928}, {"l": "Butter, Ghee", "v": 0.40024442780614289}, {"l": "Wine", "v": 0.26744193716778808}]}, {"source": 12, "prod": 122.0, "target": 7, "value": 1.2999096226959377, "supply": [{"l": "Soyabean Oil", "v": 0.18866740704666668}, {"l": "Coconut Oil", "v": 0.073453097237831472}, {"l": "Rape and Mustard Oil", "v": 0.21484670642373563}, {"l": "Cottonseed Oil", "v": 0.010612541646375}, {"l": "Groundnut Oil", "v": 0.041649220046150945}, {"l": "Palm Oil", "v": 0.11117900772392861}, {"l": "Palmkernel Oil", "v": 0.010481522613703704}, {"l": "Oilcrops Oil, Other", "v": 0.30903721274244}, {"l": "Sunflowerseed Oil", "v": 0.33998290721510566}]}, {"source": 12, "prod": 364.0, "target": 3, "value": 1.2357715161556666, "supply": [{"l": "Honey", "v": 0.034847151674664179}, {"l": "Sweeteners, Other", "v": 0.06839193505441668}, {"l": "Sugar", "v": 1.1325324294265857}]}, {"source": 20, "prod": 0, "target": 2, "value": 1.8620423045705791e-05, "supply": "[{\"l\":'Energy for power irrigation',\"v\":1.8620423045705791e-05}]"}, {"source": 20, "prod": 0, "target": 10, "value": 1.160424583224735e-07, "supply": "[{\"l\":'Energy for power irrigation',\"v\":1.160424583224735e-07}]"}, {"source": 20, "prod": 0, "target": 13, "value": 1.0882174296860024e-05, "supply": "[{\"l\":'Energy for power irrigation',\"v\":1.0882174296860024e-05}]"}, {"source": 20, "prod": 0, "target": 4, "value": 1.5230572654824637e-05, "supply": "[{\"l\":'Energy for power irrigation',\"v\":1.5230572654824637e-05}]"}, {"source": 20, "prod": 0, "target": 5, "value": 1.0706114466171226e-05, "supply": "[{\"l\":'Energy for power irrigation',\"v\":1.0706114466171226e-05}]"}, {"source": 20, "prod": 0, "target": 11, "value": 2.2356803896990295e-07, "supply": "[{\"l\":'Energy for power irrigation',\"v\":2.2356803896990295e-07}]"}, {"source": 20, "prod": 0, "target": 12, "value": 0.64100000051279993, "supply": "[{\"l\":'Electricity',\"v\":0.64100000051279993}]"}, {"source": 21, "prod": 0, "target": 20, "value": 0.47101308616211601, "supply": [{"l": "Coal", "v": 0.15983208656789866}, {"l": "Natural gas", "v": 0.1926074303147555}, {"l": "Oil", "v": 0.11857356927946185}]}, {"source": 22, "prod": 0, "target": 20, "value": 0.45405223812331924, "supply": [{"l": "Nuclear", "v": 0.0}, {"l": "Hydroelectric", "v": 0.45014547890428497}, {"l": "Renewable", "v": 0.0039067592190342969}]}, {"source": 21, "prod": 0, "target": 2, "value": 2.0310536771188983, "supply": [{"l": "Motor Gasoline", "v": 0.20128756368244241}, {"l": "Gas-Diesel oil", "v": 1.3557028520925547}, {"l": "Natural gas (including LNG)", "v": 0.042068207517053507}, {"l": "Fuel oil", "v": 0.42083044210373255}, {"l": "Liquefied petroleum gas (LPG)", "v": 0.0087721949253047639}, {"l": "Coal", "v": 0.0023924167978103907}]}, {"source": 21, "prod": 0, "target": 10, "value": 0.012657524541695648, "supply": [{"l": "Motor Gasoline", "v": 0.0012544239012248872}, {"l": "Gas-Diesel oil", "v": 0.0084487388565475888}, {"l": "Natural gas (including LNG)", "v": 0.00026216902835753006}, {"l": "Fuel oil", "v": 0.0026226149061587801}, {"l": "Liquefied petroleum gas (LPG)", "v": 5.4668310248249094e-05}, {"l": "Coal", "v": 1.4909539158613393e-05}]}, {"source": 21, "prod": 0, "target": 13, "value": 1.1869912980190589, "supply": [{"l": "Motor Gasoline", "v": 0.11763676616830718}, {"l": "Gas-Diesel oil", "v": 0.79230180189830524}, {"l": "Natural gas (including LNG)", "v": 0.024585562069849371}, {"l": "Fuel oil", "v": 0.24594232951402289}, {"l": "Liquefied petroleum gas (LPG)", "v": 0.0051266587181655028}, {"l": "Coal", "v": 0.001398179650408774}]}, {"source": 21, "prod": 0, "target": 4, "value": 1.6613000960975528, "supply": [{"l": "Motor Gasoline", "v": 0.16464313703576633}, {"l": "Gas-Diesel oil", "v": 1.1088969749218704}, {"l": "Natural gas (including LNG)", "v": 0.0344096849719258}, {"l": "Fuel oil", "v": 0.34421820643333967}, {"l": "Liquefied petroleum gas (LPG)", "v": 0.0071752157200826892}, {"l": "Coal", "v": 0.0019568770145680066}]}, {"source": 21, "prod": 0, "target": 5, "value": 1.1677872785595824, "supply": [{"l": "Motor Gasoline", "v": 0.11573355192367354}, {"l": "Gas-Diesel oil", "v": 0.77948335980287808}, {"l": "Natural gas (including LNG)", "v": 0.024187798738981237}, {"l": "Fuel oil", "v": 0.24196329336626135}, {"l": "Liquefied petroleum gas (LPG)", "v": 0.0050437158575480333}, {"l": "Coal", "v": 0.0013755588702403731}]}, {"source": 21, "prod": 0, "target": 11, "value": 0.024386056456477841, "supply": [{"l": "Motor Gasoline", "v": 0.0024167799931855611}, {"l": "Gas-Diesel oil", "v": 0.016277386787843972}, {"l": "Natural gas (including LNG)", "v": 0.00050509629316588341}, {"l": "Fuel oil", "v": 0.0050527443146178306}, {"l": "Liquefied petroleum gas (LPG)", "v": 0.00010532426745075509}, {"l": "Coal", "v": 2.87248002138423e-05}]}, {"source": 23, "prod": 136.14008830728855, "target": 2, "value": 1.0794159909920069, "supply": [{"l": "Potash", "v": 0.40809163088202888}, {"l": "Phosphate", "v": 0.51689695874685082}, {"l": "Nitrogen", "v": 2.3084841962912312}]}, {"source": 23, "prod": 0.84842489800787357, "target": 10, "value": 0.0067269194067096231, "supply": [{"l": "Potash", "v": 0.40809163088202888}, {"l": "Phosphate", "v": 0.51689695874685082}, {"l": "Nitrogen", "v": 2.3084841962912312}]}, {"source": 23, "prod": 79.563185332219959, "target": 13, "value": 0.63083383894985368, "supply": [{"l": "Potash", "v": 0.40809163088202888}, {"l": "Phosphate", "v": 0.51689695874685082}, {"l": "Nitrogen", "v": 2.3084841962912312}]}, {"source": 23, "prod": 111.35576786353333, "target": 4, "value": 0.88290817213063744, "supply": [{"l": "Potash", "v": 0.40809163088202888}, {"l": "Phosphate", "v": 0.51689695874685082}, {"l": "Nitrogen", "v": 2.3084841962912312}]}, {"source": 23, "prod": 78.275953520219488, "target": 5, "value": 0.62062774448302249, "supply": [{"l": "Potash", "v": 0.40809163088202888}, {"l": "Phosphate", "v": 0.51689695874685082}, {"l": "Nitrogen", "v": 2.3084841962912312}]}, {"source": 23, "prod": 1.6345800787307647, "target": 11, "value": 0.01296011995788092, "supply": [{"l": "Potash", "v": 0.40809163088202888}, {"l": "Phosphate", "v": 0.51689695874685082}, {"l": "Nitrogen", "v": 2.3084841962912312}]}, {"source": 21, "prod": 0, "target": 23, "value": 4.2109535664226296, "supply": [{"l": "Natural gas (including LNG)", "v": 2.7410633066510219}, {"l": "Fuel oil", "v": 1.0618167695136527}, {"l": "Liquefied petroleum gas (LPG)", "v": 0.20403674512897796}, {"l": "Coal", "v": 0.20403674512897796}]}, {"source": 24, "prod": 0, "target": 2, "value": 0.091448410262820745, "supply": "[{\"l\":'Labor',\"v\":0.091448410262820745}]"}, {"source": 24, "prod": 0, "target": 10, "value": 0.00056990640387341422, "supply": "[{\"l\":'Labor',\"v\":0.00056990640387341422}]"}, {"source": 24, "prod": 0, "target": 13, "value": 0.053444410860486867, "supply": "[{\"l\":'Labor',\"v\":0.053444410860486867}]"}, {"source": 24, "prod": 0, "target": 4, "value": 0.074800215508385573, "supply": "[{\"l\":'Labor',\"v\":0.074800215508385573}]"}, {"source": 24, "prod": 0, "target": 5, "value": 0.052579747818830298, "supply": "[{\"l\":'Labor',\"v\":0.052579747818830298}]"}, {"source": 24, "prod": 0, "target": 11, "value": 0.0010979848148019902, "supply": "[{\"l\":'Labor',\"v\":0.0010979848148019902}]"}, {"source": 21, "prod": 0, "target": 16, "value": 4.7628053087109734, "supply": "[{\"l\":'Fossil Fuels',\"v\":4.7628053087109734}]"}, {"source": 22, "prod": 0, "target": 16, "value": 0.72714054754033142, "supply": "[{\"l\":'Renewables & Nuclear',\"v\":0.52865661175500545},{\"l\":'Biomass & Waste',\"v\":0.19848393578532592}]"}]}