{"nodes": [{"name": "Balance", "fill": "#9edae5"}, {"name": "Food", "fill": "#b5cf6b"}, {"name": "Stock Deposit", "fill": "#c7c7c7"}, {"name": "Export", "fill": "#aec7e8"}, {"name": "Biofuels & Other", "fill": "#e7ba52"}, {"name": "Renewables & Nuclear", "fill": "#2ca02c"}, {"name": "Fossil Fuels", "fill": "#c49c94"}, {"name": "Stock Draw", "fill": "#c7c7c7"}, {"name": "Labor", "fill": "#7f7f7f"}], "links": [{"source": 0, "target": 1, "value": 10.138260006768476}, {"source": 0, "target": 2, "value": 0.18913722049042839}, {"source": 0, "target": 3, "value": 0.61499118981622825}, {"source": 0, "target": 4, "value": 0.63063489902280279}, {"source": 5, "target": 0, "value": 1.1811927856636506}, {"source": 6, "target": 0, "value": 15.528947892088985}, {"source": 7, "target": 0, "value": 0.9808130379544896}, {"source": 8, "target": 0, "value": 0.27394067566919889}]}