{"nodes": [{"layer": 13, "name": "Animal Products", "fill": "#17becf"}, {"layer": 10, "name": "Feed", "fill": "#dbdb8d"}, {"layer": 5, "name": "Cereals", "fill": "#e7ba52"}, {"layer": 5, "name": "Oilcrops", "fill": "#ff9896"}, {"layer": 5, "name": "Fruits, Roots & Vegetables", "fill": "#98df8a"}, {"layer": 13, "name": "Sugar", "fill": "#d6616b"}, {"layer": 13, "name": "Aquatic Products", "fill": "#1f77b4"}, {"layer": 13, "name": "Vegetable Oils", "fill": "#f7b6d2"}, {"layer": 13, "name": "Other Processed", "fill": "#9c9ede"}, {"layer": 16, "name": "Food", "fill": "#b5cf6b"}, {"layer": 10, "name": "Processing", "fill": "#9edae5"}, {"layer": 5, "name": "Sugar Crops", "fill": "#ffbb78"}, {"layer": 16, "name": "Biofuels & Other", "fill": "#e7ba52"}, {"name": "Seed", "fill": "#dbdb8d"}, {"name": "Waste", "fill": "#c7c7c7"}, {"layer": 0, "name": "Import", "fill": "#aec7e8"}, {"layer": 16, "name": "Export", "fill": "#aec7e8"}, {"layer": 16, "name": "Stock Deposit", "fill": "#c7c7c7"}, {"layer": 0, "name": "Stock Draw", "fill": "#c7c7c7"}, {"layer": 0, "name": "Production", "fill": "#b5cf6b"}], "links": [{"source": 0, "prod": 0.66447672230477184, "target": 1, "value": 1177.0, "supply": [{"l": "Milk - Excluding Butter", "v": 1177.0}]}, {"source": 2, "prod": 9.3733288511264785, "target": 1, "value": 3167.0, "supply": [{"l": "Maize", "v": 1317.0}, {"l": "Wheat", "v": 294.0}, {"l": "Oats", "v": 294.0}, {"l": "Rye", "v": 95.0}, {"l": "Barley", "v": 1048.0}, {"l": "Millet", "v": 2.0}, {"l": "Cereals, Other", "v": 117.0}]}, {"source": 3, "prod": 0.010934133817477274, "target": 1, "value": 2.0, "supply": [{"l": "Soyabeans", "v": 1.0}, {"l": "Oilcrops, Other", "v": 1.0}]}, {"source": 4, "prod": 0.36127138001862258, "target": 1, "value": 357.0, "supply": [{"l": "Potatoes", "v": 326.0}, {"l": "Peas", "v": 20.0}, {"l": "Pulses, Other", "v": 11.0}]}, {"source": 5, "prod": 0.032152848948423268, "target": 1, "value": 9.0, "supply": [{"l": "Sugar", "v": 9.0}]}, {"source": 6, "prod": 0.3394310872950092, "target": 1, "value": 334.0, "supply": [{"l": "Pelagic Fish", "v": 167.0}, {"l": "Fish, Seafood", "v": 167.0}]}, {"source": 7, "prod": 0.061889962498485974, "target": 1, "value": 6.0, "supply": [{"l": "Soyabean Oil", "v": 6.0}]}, {"source": 8, "prod": 2.0412828007744688, "target": 9, "value": 1320.0, "supply": [{"l": "Beer", "v": 831.0}, {"l": "Beverages, Alcoholic", "v": 32.0}, {"l": "Fats, Animals, Raw", "v": 86.0}, {"l": "Butter, Ghee", "v": 42.0}, {"l": "Wine", "v": 284.0}, {"l": "Beverages, Fermented", "v": 14.0}, {"l": "Cream", "v": 31.0}]}, {"source": 0, "prod": 2.5987028046932976, "target": 9, "value": 2753.0, "supply": [{"l": "Meat, Other", "v": 7.0}, {"l": "Poultry Meat", "v": 77.0}, {"l": "Eggs", "v": 103.0}, {"l": "Mutton & Goat Meat", "v": 4.0}, {"l": "Pigmeat", "v": 459.0}, {"l": "Milk - Excluding Butter", "v": 1885.0}, {"l": "Offals, Edible", "v": 34.0}, {"l": "Bovine Meat", "v": 184.0}]}, {"source": 2, "prod": 2.2030910796911161, "target": 9, "value": 661.0, "supply": [{"l": "Maize", "v": 19.0}, {"l": "Rye", "v": 171.0}, {"l": "Barley", "v": 1.0}, {"l": "Rice", "v": 27.0}, {"l": "Wheat", "v": 436.0}, {"l": "Oats", "v": 7.0}]}, {"source": 3, "prod": 0.04596454938295548, "target": 9, "value": 13.0, "supply": [{"l": "Olives", "v": 1.0}, {"l": "Coconuts - Incl Copra", "v": 7.0}, {"l": "Oilcrops, Other", "v": 1.0}, {"l": "Groundnuts", "v": 3.0}, {"l": "Rape and Mustardseed", "v": 1.0}]}, {"source": 4, "prod": 1.4348828750617006, "target": 9, "value": 2342.0, "supply": [{"l": "Vegetables, Other", "v": 595.0}, {"l": "Nuts", "v": 46.0}, {"l": "Tomatoes", "v": 80.0}, {"l": "Pepper", "v": 1.0}, {"l": "Treenuts", "v": 46.0}, {"l": "Cocoa Beans", "v": 20.0}, {"l": "Peas", "v": 1.0}, {"l": "Grapes", "v": 60.0}, {"l": "Pimento", "v": 2.0}, {"l": "Potatoes", "v": 458.0}, {"l": "Coffee", "v": 60.0}, {"l": "Beans", "v": 4.0}, {"l": "Apples", "v": 387.0}, {"l": "Lemons, Limes", "v": 27.0}, {"l": "Pineapples", "v": 7.0}, {"l": "Bananas", "v": 73.0}, {"l": "Infant food", "v": 1.0}, {"l": "Spices, Other", "v": 2.0}, {"l": "Tea", "v": 1.0}, {"l": "Fruits, Other", "v": 278.0}, {"l": "Grapefruit", "v": 10.0}, {"l": "Oranges, Mandarines", "v": 149.0}, {"l": "Onions", "v": 33.0}, {"l": "Pulses, Other", "v": 1.0}]}, {"source": 5, "prod": 1.1820778168836463, "target": 9, "value": 334.0, "supply": [{"l": "Sugar", "v": 306.0}, {"l": "Sweeteners, Other", "v": 13.0}, {"l": "Honey", "v": 15.0}]}, {"source": 6, "prod": 0.086940298628218782, "target": 9, "value": 90.0, "supply": [{"l": "Freshwater Fish", "v": 5.0}, {"l": "Crustaceans", "v": 2.0}, {"l": "Marine Fish, Other", "v": 29.0}, {"l": "Demersal Fish", "v": 6.0}, {"l": "Pelagic Fish", "v": 3.0}, {"l": "Fish, Seafood", "v": 45.0}]}, {"source": 7, "prod": 1.2828647854982409, "target": 9, "value": 122.0, "supply": [{"l": "Groundnut Oil", "v": 2.0}, {"l": "Soyabean Oil", "v": 32.0}, {"l": "Palm Oil", "v": 5.0}, {"l": "Sunflowerseed Oil", "v": 28.0}, {"l": "Coconut Oil", "v": 6.0}, {"l": "Rape and Mustard Oil", "v": 20.0}, {"l": "Oilcrops Oil, Other", "v": 29.0}]}, {"source": 4, "prod": 0.68760565652499661, "target": 10, "value": 927.0, "supply": [{"l": "Potatoes", "v": 40.0}, {"l": "Fruits, Other", "v": 165.0}, {"l": "Grapes", "v": 699.0}, {"l": "Apples", "v": 23.0}]}, {"source": 8, "prod": 0.016010421394796814, "target": 10, "value": 20.0, "supply": [{"l": "Wine", "v": 20.0}]}, {"source": 2, "prod": 0.54058030202646468, "target": 10, "value": 213.0, "supply": [{"l": "Maize", "v": 23.0}, {"l": "Wheat", "v": 7.0}, {"l": "Barley", "v": 167.0}, {"l": "Rice", "v": 16.0}]}, {"source": 3, "prod": 0.084326682271195955, "target": 10, "value": 16.0, "supply": [{"l": "Sunflower seed", "v": 8.0}, {"l": "Rape and Mustardseed", "v": 3.0}, {"l": "Oilcrops, Other", "v": 5.0}]}, {"source": 11, "prod": 4.0805622144200004, "target": 10, "value": 3511.0, "supply": [{"l": "Sugar beet", "v": 3511.0}]}, {"source": 8, "prod": 0.15508340024184453, "target": 12, "value": 78.0, "supply": [{"l": "Alcohol, Non-Food", "v": 66.0}, {"l": "Fats, Animals, Raw", "v": 10.0}, {"l": "Fish, Body Oil", "v": 1.0}, {"l": "Butter, Ghee", "v": 1.0}]}, {"source": 0, "prod": 0.017501086143965953, "target": 12, "value": 31.0, "supply": [{"l": "Milk - Excluding Butter", "v": 31.0}]}, {"source": 2, "prod": 0.053072132161665939, "target": 12, "value": 15.0, "supply": [{"l": "Maize", "v": 6.0}, {"l": "Rye", "v": 2.0}, {"l": "Wheat", "v": 3.0}, {"l": "Rice", "v": 4.0}]}, {"source": 4, "prod": 0.069398416120867251, "target": 12, "value": 90.0, "supply": [{"l": "Potatoes", "v": 88.0}, {"l": "Roots, Other", "v": 1.0}, {"l": "Vegetables, Other", "v": 1.0}]}, {"source": 5, "prod": 0.17004258244215914, "target": 12, "value": 56.0, "supply": [{"l": "Sweeteners, Other", "v": 35.0}, {"l": "Sugar", "v": 21.0}]}, {"source": 7, "prod": 0.23294945768334296, "target": 12, "value": 22.0, "supply": [{"l": "Soyabean Oil", "v": 5.0}, {"l": "Palm Oil", "v": 11.0}, {"l": "Oilcrops Oil, Other", "v": 6.0}]}, {"source": 4, "prod": 0.09886832364527863, "target": 13, "value": 117.0, "supply": [{"l": "Potatoes", "v": 114.0}, {"l": "Pulses, Other", "v": 1.0}, {"l": "Peas", "v": 2.0}]}, {"source": 0, "prod": 0.0065978264780982409, "target": 0, "value": 4.0, "supply": [{"l": "Eggs", "v": 4.0}]}, {"source": 2, "prod": 0.47404472077959242, "target": 13, "value": 164.0, "supply": [{"l": "Maize", "v": 10.0}, {"l": "Wheat", "v": 57.0}, {"l": "Barley", "v": 63.0}, {"l": "Oats", "v": 14.0}, {"l": "Rye", "v": 14.0}, {"l": "Cereals, Other", "v": 6.0}]}, {"source": 4, "prod": 0.17949218981665632, "target": 14, "value": 334.0, "supply": [{"l": "Vegetables, Other", "v": 103.0}, {"l": "Bananas", "v": 4.0}, {"l": "Treenuts", "v": 1.0}, {"l": "Potatoes", "v": 114.0}, {"l": "Fruits, Other", "v": 42.0}, {"l": "Nuts", "v": 1.0}, {"l": "Peas", "v": 1.0}, {"l": "Grapes", "v": 1.0}, {"l": "Oranges, Mandarines", "v": 5.0}, {"l": "Lemons, Limes", "v": 1.0}, {"l": "Onions", "v": 4.0}, {"l": "Tomatoes", "v": 10.0}, {"l": "Apples", "v": 47.0}]}, {"source": 8, "prod": 0.0022833830437188267, "target": 14, "value": 1.0, "supply": [{"l": "Cream", "v": 1.0}]}, {"source": 0, "prod": 0.020323841973637881, "target": 14, "value": 36.0, "supply": [{"l": "Milk - Excluding Butter", "v": 36.0}]}, {"source": 2, "prod": 0.53498389475097219, "target": 14, "value": 176.0, "supply": [{"l": "Maize", "v": 57.0}, {"l": "Wheat", "v": 40.0}, {"l": "Oats", "v": 16.0}, {"l": "Rye", "v": 10.0}, {"l": "Barley", "v": 45.0}, {"l": "Cereals, Other", "v": 8.0}]}, {"source": 15, "prod": 1.7130587190150213, "target": 10, "value": 251.0, "supply": [{"l": "Sugar", "v": 5.0}, {"l": "Beer", "v": 30.0}, {"l": "Groundnut Oil", "v": 2.0}, {"l": "Beverages, Alcoholic", "v": 3.0}, {"l": "Fats, Animals, Raw", "v": 3.0}, {"l": "Soyabean Oil", "v": 43.0}, {"l": "Butter, Ghee", "v": 1.0}, {"l": "Palm Oil", "v": 20.0}, {"l": "Sunflowerseed Oil", "v": 26.0}, {"l": "Coconut Oil", "v": 6.0}, {"l": "Rape and Mustard Oil", "v": 18.0}, {"l": "Oilcrops Oil, Other", "v": 29.0}, {"l": "Wine", "v": 35.0}, {"l": "Sweeteners, Other", "v": 24.0}, {"l": "Fish, Body Oil", "v": 1.0}, {"l": "Honey", "v": 5.0}]}, {"source": 15, "prod": 0.47360838655370741, "target": 2, "value": 136.0, "supply": [{"l": "Maize", "v": 28.0}, {"l": "Barley", "v": 17.0}, {"l": "Rice", "v": 47.0}, {"l": "Cereals, Other", "v": 1.0}, {"l": "Wheat", "v": 33.0}, {"l": "Oats", "v": 8.0}, {"l": "Millet", "v": 2.0}]}, {"source": 15, "prod": 0.11311647138123006, "target": 3, "value": 27.0, "supply": [{"l": "Olives", "v": 1.0}, {"l": "Sunflower seed", "v": 8.0}, {"l": "Coconuts - Incl Copra", "v": 7.0}, {"l": "Groundnuts", "v": 3.0}, {"l": "Oilcrops, Other", "v": 4.0}, {"l": "Soyabeans", "v": 1.0}, {"l": "Rape and Mustardseed", "v": 3.0}]}, {"source": 15, "prod": 0.7251892099237075, "target": 4, "value": 973.0, "supply": [{"l": "Roots, Other", "v": 1.0}, {"l": "Nuts", "v": 35.0}, {"l": "Cocoa Beans", "v": 25.0}, {"l": "Tomatoes", "v": 58.0}, {"l": "Coffee", "v": 62.0}, {"l": "Treenuts", "v": 35.0}, {"l": "Vegetables, Other", "v": 110.0}, {"l": "Peas", "v": 2.0}, {"l": "Grapes", "v": 60.0}, {"l": "Potatoes", "v": 42.0}, {"l": "Pimento", "v": 2.0}, {"l": "Pepper", "v": 1.0}, {"l": "Beans", "v": 4.0}, {"l": "Apples", "v": 104.0}, {"l": "Lemons, Limes", "v": 28.0}, {"l": "Pineapples", "v": 7.0}, {"l": "Bananas", "v": 77.0}, {"l": "Infant food", "v": 3.0}, {"l": "Spices, Other", "v": 2.0}, {"l": "Tea", "v": 1.0}, {"l": "Fruits, Other", "v": 140.0}, {"l": "Grapefruit", "v": 11.0}, {"l": "Oranges, Mandarines", "v": 156.0}, {"l": "Onions", "v": 6.0}, {"l": "Pulses, Other", "v": 1.0}]}, {"source": 15, "prod": 0.59540328291342226, "target": 1, "value": 657.0, "supply": [{"l": "Freshwater Fish", "v": 1.0}, {"l": "Meat, Other", "v": 2.0}, {"l": "Crustaceans", "v": 2.0}, {"l": "Eggs", "v": 15.0}, {"l": "Marine Fish, Other", "v": 31.0}, {"l": "Demersal Fish", "v": 6.0}, {"l": "Mutton & Goat Meat", "v": 1.0}, {"l": "Pigmeat", "v": 1.0}, {"l": "Poultry Meat", "v": 8.0}, {"l": "Milk - Excluding Butter", "v": 199.0}, {"l": "Pelagic Fish", "v": 170.0}, {"l": "Fish, Seafood", "v": 210.0}, {"l": "Offals, Edible", "v": 2.0}, {"l": "Bovine Meat", "v": 9.0}]}, {"source": 8, "prod": 0.36947888103296306, "target": 16, "value": 121.0, "supply": [{"l": "Beer", "v": 43.0}, {"l": "Beverages, Alcoholic", "v": 1.0}, {"l": "Butter, Ghee", "v": 1.0}, {"l": "Wine", "v": 44.0}, {"l": "Fats, Animals, Raw", "v": 32.0}]}, {"source": 0, "prod": 0.48097384614833788, "target": 16, "value": 800.0, "supply": [{"l": "Pigmeat", "v": 5.0}, {"l": "Milk - Excluding Butter", "v": 767.0}, {"l": "Meat, Other", "v": 2.0}, {"l": "Bovine Meat", "v": 25.0}, {"l": "Poultry Meat", "v": 1.0}]}, {"source": 2, "prod": 1.6563085477175576, "target": 16, "value": 527.0, "supply": [{"l": "Maize", "v": 91.0}, {"l": "Rye", "v": 32.0}, {"l": "Barley", "v": 103.0}, {"l": "Wheat", "v": 301.0}]}, {"source": 3, "prod": 0.062145514145439187, "target": 16, "value": 9.0, "supply": [{"l": "Rape and Mustardseed", "v": 8.0}, {"l": "Oilcrops, Other", "v": 1.0}]}, {"source": 4, "prod": 0.10209796653052222, "target": 16, "value": 157.0, "supply": [{"l": "Cocoa Beans", "v": 5.0}, {"l": "Potatoes", "v": 14.0}, {"l": "Fruits, Other", "v": 27.0}, {"l": "Coffee", "v": 2.0}, {"l": "Infant food", "v": 2.0}, {"l": "Vegetables, Other", "v": 26.0}, {"l": "Oranges, Mandarines", "v": 2.0}, {"l": "Onions", "v": 4.0}, {"l": "Apples", "v": 75.0}]}, {"source": 5, "prod": 0.4041220671143213, "target": 16, "value": 116.0, "supply": [{"l": "Sugar", "v": 104.0}, {"l": "Sweeteners, Other", "v": 12.0}]}, {"source": 6, "prod": 0.0019767707929850805, "target": 16, "value": 2.0, "supply": [{"l": "Fish, Seafood", "v": 1.0}, {"l": "Marine Fish, Other", "v": 1.0}]}, {"source": 7, "prod": 0.052136187204661039, "target": 16, "value": 5.0, "supply": [{"l": "Palm Oil", "v": 4.0}, {"l": "Sunflowerseed Oil", "v": 1.0}]}, {"source": 8, "prod": 0.15100147640217548, "target": 17, "value": 178.0, "supply": [{"l": "Fats, Animals, Raw", "v": 1.0}, {"l": "Wine", "v": 177.0}]}, {"source": 2, "prod": 0.76767064495190507, "target": 17, "value": 238.0, "supply": [{"l": "Maize", "v": 55.0}, {"l": "Wheat", "v": 131.0}, {"l": "Oats", "v": 1.0}, {"l": "Rye", "v": 25.0}, {"l": "Barley", "v": 26.0}]}, {"source": 18, "prod": 0.05363236076376663, "target": 1, "value": 95.0, "supply": [{"l": "Milk - Excluding Butter", "v": 95.0}]}, {"source": 4, "prod": 0.0062152923211746085, "target": 17, "value": 8.0, "supply": [{"l": "Potatoes", "v": 8.0}]}, {"source": 18, "prod": 0.0074215466161292156, "target": 10, "value": 13.0, "supply": [{"l": "Beer", "v": 13.0}]}, {"source": 5, "prod": 0.62876682388027727, "target": 17, "value": 176.0, "supply": [{"l": "Sugar", "v": 176.0}]}, {"source": 19, "prod": 15.135142656613517, "target": 2, "value": 5027.0, "supply": [{"l": "Maize", "v": 1551.0}, {"l": "Rye", "v": 348.0}, {"l": "Barley", "v": 1437.0}, {"l": "Cereals, Other", "v": 130.0}, {"l": "Wheat", "v": 1236.0}, {"l": "Oats", "v": 325.0}]}, {"source": 19, "prod": 0.093791922117962848, "target": 3, "value": 14.0, "supply": [{"l": "Sunflower seed", "v": 1.0}, {"l": "Oilcrops, Other", "v": 4.0}, {"l": "Rape and Mustardseed", "v": 9.0}]}, {"source": 19, "prod": 2.2186653353074122, "target": 4, "value": 3362.0, "supply": [{"l": "Nuts", "v": 12.0}, {"l": "Tomatoes", "v": 32.0}, {"l": "Treenuts", "v": 12.0}, {"l": "Vegetables, Other", "v": 614.0}, {"l": "Peas", "v": 23.0}, {"l": "Grapes", "v": 700.0}, {"l": "Potatoes", "v": 1121.0}, {"l": "Apples", "v": 429.0}, {"l": "Fruits, Other", "v": 372.0}, {"l": "Pulses, Other", "v": 12.0}, {"l": "Onions", "v": 35.0}]}, {"source": 19, "prod": 4.0793999921999999, "target": 11, "value": 3510.0, "supply": [{"l": "Sugar beet", "v": 3510.0}]}, {"source": 1, "prod": 0.42834815671621307, "target": 6, "value": 426.0, "supply": [{"l": "Pelagic Fish", "v": 170.0}, {"l": "Crustaceans", "v": 2.0}, {"l": "Freshwater Fish", "v": 5.0}, {"l": "Demersal Fish", "v": 6.0}, {"l": "Fish, Seafood", "v": 213.0}, {"l": "Marine Fish, Other", "v": 30.0}]}, {"source": 1, "prod": 3.7819783012640107, "target": 0, "value": 4797.0, "supply": [{"l": "Poultry Meat", "v": 78.0}, {"l": "Pigmeat", "v": 464.0}, {"l": "Bovine Meat", "v": 209.0}, {"l": "Eggs", "v": 107.0}, {"l": "Milk - Excluding Butter", "v": 3896.0}, {"l": "Offals, Edible", "v": 34.0}, {"l": "Meat, Other", "v": 9.0}, {"l": "Mutton & Goat Meat", "v": 4.0}]}, {"source": 10, "prod": 2.7351403628899673, "target": 8, "value": 1718.0, "supply": [{"l": "Fats, Animals, Raw", "v": 129.0}, {"l": "Alcohol, Non-Food", "v": 66.0}, {"l": "Beverages, Fermented", "v": 14.0}, {"l": "Fish, Body Oil", "v": 1.0}, {"l": "Beer", "v": 874.0}, {"l": "Beverages, Alcoholic", "v": 33.0}, {"l": "Cream", "v": 32.0}, {"l": "Butter, Ghee", "v": 44.0}, {"l": "Wine", "v": 525.0}]}, {"source": 10, "prod": 1.6298403928847307, "target": 7, "value": 155.0, "supply": [{"l": "Soyabean Oil", "v": 43.0}, {"l": "Coconut Oil", "v": 6.0}, {"l": "Rape and Mustard Oil", "v": 20.0}, {"l": "Groundnut Oil", "v": 2.0}, {"l": "Palm Oil", "v": 20.0}, {"l": "Oilcrops Oil, Other", "v": 35.0}, {"l": "Sunflowerseed Oil", "v": 29.0}]}, {"source": 10, "prod": 2.4171621392688274, "target": 5, "value": 691.0, "supply": [{"l": "Honey", "v": 15.0}, {"l": "Sweeteners, Other", "v": 60.0}, {"l": "Sugar", "v": 616.0}]}]}