{"nodes": [{"layer": 3, "name": "Cereals", "fill": "#e7ba52"}, {"layer": 5, "name": "Production", "fill": "#b5cf6b"}, {"layer": 3, "name": "Oilcrops", "fill": "#ff9896"}, {"layer": 3, "name": "Sugar Crops", "fill": "#ffbb78"}, {"layer": 3, "name": "Starchy Roots"}, {"layer": 3, "name": "Fruits & Vegetables"}, {"layer": 3, "name": "Others"}, {"layer": 1, "name": "Electricity", "fill": "#bcbd22"}, {"layer": 0, "name": "Fossil Fuels", "fill": "#c49c94"}, {"layer": 0, "name": "Renewables & Nuclear", "fill": "#2ca02c"}, {"layer": 1, "name": "Fertilizers", "fill": "#c5b0d5"}, {"layer": 0, "name": "Labor", "fill": "#7f7f7f"}], "links": [{"source": 0, "prod": 3405.0, "target": 1, "value": 10.857022356815939, "supply": [{"l": "Maize", "v": 2.2535657449868536}, {"l": "Rye", "v": 1.2846059825507479}, {"l": "Barley", "v": 2.9369226363597778}, {"l": "Cereals, Other", "v": 0.29771385291897645}, {"l": "Wheat", "v": 3.1637445531105355}, {"l": "Oats", "v": 0.91406713843917753}, {"l": "Millet", "v": 0.0064024484498704619}]}, {"source": 2, "prod": 12.0, "target": 1, "value": 0.074257030534345667, "supply": [{"l": "Sunflower seed", "v": 0.00424501665855}, {"l": "Oilcrops, Other", "v": 0.011320044422799999}, {"l": "Rape and Mustardseed", "v": 0.058691969452995665}]}, {"source": 3, "prod": 2005.0, "target": 1, "value": 2.3302555511000005, "supply": [{"l": "Sugar beet", "v": 2.3302555511000005}]}, {"source": 4, "prod": 2941.0, "target": 1, "value": 2.2988629165204273, "supply": [{"l": "Potatoes", "v": 2.2988629165204273}]}, {"source": 5, "prod": 1555.0, "target": 1, "value": 0.83158013245215689, "supply": [{"l": "Tomatoes", "v": 0.0036989771713506225}, {"l": "Treenuts", "v": 0.027340785258457626}, {"l": "Vegetables, Other", "v": 0.13047236323320205}, {"l": "Peas", "v": 0.0078977054112558138}, {"l": "Grapes", "v": 0.26208908160310179}, {"l": "Apples", "v": 0.17906105038399048}, {"l": "Fruits, Other", "v": 0.19302452429460537}, {"l": "Pulses, Other", "v": 0.015436424212909092}, {"l": "Onions", "v": 0.012559220883284023}]}, {"source": 6, "prod": 10.0, "target": 1, "value": 0.026795786216760799, "supply": [{"l": "Nuts", "v": 0.026795786216760799}]}, {"source": 7, "prod": 0, "target": 0, "value": 1.6916109742974425e-05, "supply": "[{\"l\":'Energy for power irrigation',\"v\":1.6916109742974425e-05}]"}, {"source": 7, "prod": 0, "target": 2, "value": 7.8613099777236445e-08, "supply": "[{\"l\":'Energy for power irrigation',\"v\":7.8613099777236445e-08}]"}, {"source": 7, "prod": 0, "target": 3, "value": 9.5526827305066094e-06, "supply": "[{\"l\":'Energy for power irrigation',\"v\":9.5526827305066094e-06}]"}, {"source": 7, "prod": 0, "target": 4, "value": 1.4064598214691029e-05, "supply": "[{\"l\":'Energy for power irrigation',\"v\":1.4064598214691029e-05}]"}, {"source": 7, "prod": 0, "target": 5, "value": 8.6021788877454794e-06, "supply": "[{\"l\":'Energy for power irrigation',\"v\":8.6021788877454794e-06}]"}, {"source": 7, "prod": 0, "target": 6, "value": 1.8819499643641452e-07, "supply": "[{\"l\":'Energy for power irrigation',\"v\":1.8819499643641452e-07}]"}, {"source": 8, "prod": 0, "target": 7, "value": 4.6777998372017615e-05, "supply": [{"l": "Coal", "v": 1.9743620449022374e-05}, {"l": "Natural gas", "v": 1.22756372951471e-05}, {"l": "Oil", "v": 1.4758740627848147e-05}]}, {"source": 9, "prod": 0, "target": 7, "value": 3.1061032967419857e-05, "supply": [{"l": "Nuclear", "v": 0.0}, {"l": "Hydroelectric", "v": 3.1061032967419857e-05}, {"l": "Renewable", "v": 0.0}]}, {"source": 8, "prod": 0, "target": 0, "value": 2.1330101521548599, "supply": [{"l": "Motor Gasoline", "v": 0.22753469494526432}, {"l": "Gas-Diesel oil", "v": 1.419214607172598}, {"l": "Natural gas (including LNG)", "v": 0.043150617258939435}, {"l": "Fuel oil", "v": 0.43165835698531113}, {"l": "Liquefied petroleum gas (LPG)", "v": 0.0089979024085870742}, {"l": "Coal", "v": 0.0024539733841601116}]}, {"source": 8, "prod": 0, "target": 2, "value": 0.0099125947079440058, "supply": [{"l": "Motor Gasoline", "v": 0.0010574066938732183}, {"l": "Gas-Diesel oil", "v": 0.0065954206501472653}, {"l": "Natural gas (including LNG)", "v": 0.00020053096318053815}, {"l": "Fuel oil", "v": 0.0020060168681193167}, {"l": "Liquefied petroleum gas (LPG)", "v": 4.1815347061452397e-05}, {"l": "Coal", "v": 1.1404185562214293e-05}]}, {"source": 8, "prod": 0, "target": 3, "value": 1.2045304478441048, "supply": [{"l": "Motor Gasoline", "v": 0.12849093461913955}, {"l": "Gas-Diesel oil", "v": 0.80144353960880399}, {"l": "Natural gas (including LNG)", "v": 0.024367550374362362}, {"l": "Fuel oil", "v": 0.24376144367146849}, {"l": "Liquefied petroleum gas (LPG)", "v": 0.0050811982338310338}, {"l": "Coal", "v": 0.0013857813364993731}]}, {"source": 8, "prod": 0, "target": 4, "value": 1.7734533077485275, "supply": [{"l": "Motor Gasoline", "v": 0.18917967032204486}, {"l": "Gas-Diesel oil", "v": 1.1799807126808926}, {"l": "Natural gas (including LNG)", "v": 0.035876812321754464}, {"l": "Fuel oil", "v": 0.35889465422352868}, {"l": "Liquefied petroleum gas (LPG)", "v": 0.0074811457288125743}, {"l": "Coal", "v": 0.0020403124714943391}]}, {"source": 8, "prod": 0, "target": 5, "value": 1.0846781663753273, "supply": [{"l": "Motor Gasoline", "v": 0.11570592641139973}, {"l": "Gas-Diesel oil", "v": 0.721698908111569}, {"l": "Natural gas (including LNG)", "v": 0.021942948728634039}, {"l": "Fuel oil", "v": 0.21950687608420766}, {"l": "Liquefied petroleum gas (LPG)", "v": 0.0045756126739062005}, {"l": "Coal", "v": 0.0012478943656107821}]}, {"source": 8, "prod": 0, "target": 6, "value": 0.023730150967502316, "supply": [{"l": "Motor Gasoline", "v": 0.0025313675398783101}, {"l": "Gas-Diesel oil", "v": 0.015789037313988907}, {"l": "Natural gas (including LNG)", "v": 0.0004800589724625004}, {"l": "Fuel oil", "v": 0.0048022828054977585}, {"l": "Liquefied petroleum gas (LPG)", "v": 0.00010010340660165877}, {"l": "Coal", "v": 2.730092907317967e-05}]}, {"source": 10, "prod": 144.30870112836337, "target": 0, "value": 1.1063890330844555, "supply": [{"l": "Potash", "v": 0.38904450031123561}, {"l": "Phosphate", "v": 0.626902792168189}, {"l": "Nitrogen", "v": 2.2151885712165948}]}, {"source": 10, "prod": 0.6706361269167711, "target": 2, "value": 0.0051416473865352813, "supply": [{"l": "Potash", "v": 0.38904450031123561}, {"l": "Phosphate", "v": 0.626902792168189}, {"l": "Nitrogen", "v": 2.2151885712165948}]}, {"source": 10, "prod": 81.49245057382582, "target": 3, "value": 0.62478806121231745, "supply": [{"l": "Potash", "v": 0.38904450031123561}, {"l": "Phosphate", "v": 0.626902792168189}, {"l": "Nitrogen", "v": 2.2151885712165948}]}, {"source": 10, "prod": 119.98289979747324, "target": 4, "value": 0.91988745970013019, "supply": [{"l": "Potash", "v": 0.38904450031123561}, {"l": "Phosphate", "v": 0.626902792168189}, {"l": "Nitrogen", "v": 2.2151885712165948}]}, {"source": 10, "prod": 73.383850130195768, "target": 5, "value": 0.56262087008420902, "supply": [{"l": "Potash", "v": 0.38904450031123561}, {"l": "Phosphate", "v": 0.626902792168189}, {"l": "Nitrogen", "v": 2.2151885712165948}]}, {"source": 10, "prod": 1.6054622432249974, "target": 6, "value": 0.012308792228372339, "supply": [{"l": "Potash", "v": 0.38904450031123561}, {"l": "Phosphate", "v": 0.626902792168189}, {"l": "Nitrogen", "v": 2.2151885712165948}]}, {"source": 8, "prod": 0, "target": 10, "value": 4.1828802218788201, "supply": [{"l": "Natural gas (including LNG)", "v": 2.7382862940051056}, {"l": "Fuel oil", "v": 1.053012415949927}, {"l": "Liquefied petroleum gas (LPG)", "v": 0.19579075596189385}, {"l": "Coal", "v": 0.19579075596189385}]}, {"source": 11, "prod": 0, "target": 0, "value": 0.091493315483888588, "supply": "[{\"l\":'Labor',\"v\":0.091493315483888588}]"}, {"source": 11, "prod": 0, "target": 2, "value": 0.00042519073524409568, "supply": "[{\"l\":'Labor',\"v\":0.00042519073524409568}]"}, {"source": 11, "prod": 0, "target": 3, "value": 0.051667116616024959, "supply": "[{\"l\":'Labor',\"v\":0.051667116616024959}]"}, {"source": 11, "prod": 0, "target": 4, "value": 0.07607048790548912, "supply": "[{\"l\":'Labor',\"v\":0.07607048790548912}]"}, {"source": 11, "prod": 0, "target": 5, "value": 0.046526174089891806, "supply": "[{\"l\":'Labor',\"v\":0.046526174089891806}]"}, {"source": 11, "prod": 0, "target": 6, "value": 0.0010178808510388957, "supply": "[{\"l\":'Labor',\"v\":0.0010178808510388957}]"}]}