{"nodes": [{"layer": 13, "name": "Milk - Excluding Butter"}, {"layer": 10, "name": "Feed", "fill": "#dbdb8d"}, {"layer": 5, "name": "Starchy Roots"}, {"layer": 5, "name": "Pulses"}, {"layer": 13, "name": "Fish, Seafood"}, {"layer": 13, "name": "Sugar & Sweeteners"}, {"layer": 5, "name": "Cereals - Excluding Beer"}, {"layer": 13, "name": "Vegetable Oils", "fill": "#f7b6d2"}, {"layer": 16, "name": "Food", "fill": "#b5cf6b"}, {"layer": 13, "name": "Meat"}, {"layer": 5, "name": "Treenuts"}, {"layer": 5, "name": "Vegetables"}, {"layer": 5, "name": "Others"}, {"layer": 13, "name": "Alcoholic Beverages"}, {"layer": 13, "name": "Animal Fats"}, {"layer": 5, "name": "Spices"}, {"layer": 5, "name": "Stimulants"}, {"layer": 13, "name": "Eggs"}, {"layer": 5, "name": "Fruits - Excluding Wine"}, {"layer": 5, "name": "Oilcrops", "fill": "#ff9896"}, {"layer": 10, "name": "Processing", "fill": "#9edae5"}, {"layer": 5, "name": "Sugar Crops", "fill": "#ffbb78"}, {"layer": 16, "name": "Biofuels & Other", "fill": "#e7ba52"}, {"name": "Seed", "fill": "#dbdb8d"}, {"name": "Waste", "fill": "#c7c7c7"}, {"layer": 0, "name": "Import", "fill": "#aec7e8"}, {"layer": 16, "name": "Export", "fill": "#aec7e8"}, {"layer": 16, "name": "Stock Deposit", "fill": "#c7c7c7"}, {"layer": 0, "name": "Stock Draw", "fill": "#c7c7c7"}, {"layer": 0, "name": "Production", "fill": "#b5cf6b"}], "links": [{"source": 0, "prod": 0.77892526573156173, "target": 1, "value": 1236.0, "supply": [{"l": "Milk - Excluding Butter", "v": 1236.0}]}, {"source": 2, "prod": 1.5584455656107528, "target": 1, "value": 2002.0, "supply": [{"l": "Potatoes", "v": 2002.0}]}, {"source": 3, "prod": 0.015436424212909092, "target": 1, "value": 4.0, "supply": [{"l": "Pulses, Other", "v": 4.0}]}, {"source": 4, "prod": 0.20994315939424246, "target": 1, "value": 238.0, "supply": [{"l": "Pelagic Fish", "v": 119.0}, {"l": "Fish, Seafood", "v": 119.0}]}, {"source": 5, "prod": 0.0096721898549240511, "target": 1, "value": 3.0, "supply": [{"l": "Sugar", "v": 3.0}]}, {"source": 6, "prod": 4.2734007822230682, "target": 1, "value": 1404.0, "supply": [{"l": "Maize", "v": 484.0}, {"l": "Wheat", "v": 74.0}, {"l": "Oats", "v": 293.0}, {"l": "Rye", "v": 81.0}, {"l": "Barley", "v": 424.0}, {"l": "Millet", "v": 8.0}, {"l": "Cereals, Other", "v": 40.0}]}, {"source": 7, "prod": 0.0098721317640697668, "target": 1, "value": 1.0, "supply": [{"l": "Soyabean Oil", "v": 1.0}]}, {"source": 0, "prod": 0.97869816964491529, "target": 8, "value": 1553.0, "supply": [{"l": "Milk - Excluding Butter", "v": 1553.0}]}, {"source": 9, "prod": 0.87104275220445482, "target": 8, "value": 491.0, "supply": [{"l": "Pigmeat", "v": 291.0}, {"l": "Meat, Other", "v": 14.0}, {"l": "Poultry Meat", "v": 29.0}, {"l": "Mutton & Goat Meat", "v": 3.0}, {"l": "Offals, Edible", "v": 25.0}, {"l": "Bovine Meat", "v": 129.0}]}, {"source": 10, "prod": 0.048152427768626868, "target": 8, "value": 19.0, "supply": [{"l": "Treenuts", "v": 19.0}]}, {"source": 11, "prod": 0.12355530316112545, "target": 8, "value": 473.0, "supply": [{"l": "Vegetables, Other", "v": 426.0}, {"l": "Tomatoes", "v": 21.0}, {"l": "Onions", "v": 26.0}]}, {"source": 12, "prod": 0.048882010007545461, "target": 8, "value": 19.0, "supply": [{"l": "Nuts", "v": 19.0}]}, {"source": 13, "prod": 0.5627420144864852, "target": 8, "value": 778.0, "supply": [{"l": "Beer", "v": 577.0}, {"l": "Beverages, Alcoholic", "v": 29.0}, {"l": "Wine", "v": 167.0}, {"l": "Beverages, Fermented", "v": 5.0}]}, {"source": 14, "prod": 1.0444970621861482, "target": 8, "value": 158.0, "supply": [{"l": "Fats, Animals, Raw", "v": 69.0}, {"l": "Butter, Ghee", "v": 35.0}, {"l": "Cream", "v": 54.0}]}, {"source": 2, "prod": 0.46940193609554648, "target": 8, "value": 603.0, "supply": [{"l": "Potatoes", "v": 603.0}]}, {"source": 3, "prod": 0.019536724394463072, "target": 8, "value": 5.0, "supply": [{"l": "Peas", "v": 2.0}, {"l": "Beans", "v": 2.0}, {"l": "Pulses, Other", "v": 1.0}]}, {"source": 4, "prod": 0.068700249313346964, "target": 8, "value": 98.0, "supply": [{"l": "Freshwater Fish", "v": 4.0}, {"l": "Fish, Seafood", "v": 49.0}, {"l": "Pelagic Fish", "v": 22.0}, {"l": "Demersal Fish", "v": 23.0}]}, {"source": 5, "prod": 0.92741754429927481, "target": 8, "value": 290.0, "supply": [{"l": "Sugar", "v": 277.0}, {"l": "Sweeteners, Other", "v": 7.0}, {"l": "Honey", "v": 6.0}]}, {"source": 6, "prod": 2.9521278048201722, "target": 8, "value": 952.0, "supply": [{"l": "Maize", "v": 37.0}, {"l": "Rye", "v": 329.0}, {"l": "Barley", "v": 6.0}, {"l": "Rice", "v": 30.0}, {"l": "Wheat", "v": 544.0}, {"l": "Oats", "v": 6.0}]}, {"source": 7, "prod": 0.57681501450172767, "target": 8, "value": 54.0, "supply": [{"l": "Groundnut Oil", "v": 8.0}, {"l": "Palm Oil", "v": 1.0}, {"l": "Sunflowerseed Oil", "v": 11.0}, {"l": "Olive Oil", "v": 1.0}, {"l": "Coconut Oil", "v": 12.0}, {"l": "Rape and Mustard Oil", "v": 4.0}, {"l": "Oilcrops Oil, Other", "v": 17.0}]}, {"source": 15, "prod": 0.006367524987825, "target": 8, "value": 2.0, "supply": [{"l": "Pimento", "v": 1.0}, {"l": "Spices, Other", "v": 1.0}]}, {"source": 16, "prod": 0.027761480565217662, "target": 8, "value": 28.0, "supply": [{"l": "Coffee", "v": 13.0}, {"l": "Cocoa Beans", "v": 14.0}, {"l": "Tea", "v": 1.0}]}, {"source": 17, "prod": 0.15055571803646881, "target": 8, "value": 92.0, "supply": [{"l": "Eggs", "v": 92.0}]}, {"source": 18, "prod": 0.53478177298692009, "target": 8, "value": 951.0, "supply": [{"l": "Grapes", "v": 41.0}, {"l": "Dates", "v": 1.0}, {"l": "Apples", "v": 403.0}, {"l": "Lemons, Limes", "v": 19.0}, {"l": "Bananas", "v": 27.0}, {"l": "Fruits, Other", "v": 392.0}, {"l": "Grapefruit", "v": 2.0}, {"l": "Oranges, Mandarines", "v": 66.0}]}, {"source": 19, "prod": 0.028300111057000001, "target": 8, "value": 4.0, "supply": [{"l": "Oilcrops, Other", "v": 2.0}, {"l": "Groundnuts", "v": 2.0}]}, {"source": 2, "prod": 0.026467107507874926, "target": 20, "value": 34.0, "supply": [{"l": "Potatoes", "v": 34.0}]}, {"source": 6, "prod": 0.40659594391740489, "target": 20, "value": 147.0, "supply": [{"l": "Maize", "v": 4.0}, {"l": "Wheat", "v": 9.0}, {"l": "Barley", "v": 127.0}, {"l": "Rice", "v": 7.0}]}, {"source": 21, "prod": 1.4527777750000002, "target": 20, "value": 1250.0, "supply": [{"l": "Sugar beet", "v": 1250.0}]}, {"source": 19, "prod": 0.14418785123837394, "target": 20, "value": 49.0, "supply": [{"l": "Sunflower seed", "v": 2.0}, {"l": "Coconuts - Incl Copra", "v": 34.0}, {"l": "Rape and Mustardseed", "v": 6.0}, {"l": "Oilcrops, Other", "v": 2.0}, {"l": "Oil Palm", "v": 5.0000000000000027}]}, {"source": 18, "prod": 0.25195113143470627, "target": 20, "value": 370.0, "supply": [{"l": "Fruits, Other", "v": 191.0}, {"l": "Grapes", "v": 171.0}, {"l": "Apples", "v": 8.0}]}, {"source": 0, "prod": 0.020796548356910631, "target": 22, "value": 33.0, "supply": [{"l": "Milk - Excluding Butter", "v": 33.0}]}, {"source": 19, "prod": 0.0070750277642500003, "target": 22, "value": 1.0, "supply": [{"l": "Cottonseed", "v": 1.0}]}, {"source": 11, "prod": 0.00076308555113748357, "target": 22, "value": 3.0, "supply": [{"l": "Vegetables, Other", "v": 3.0}]}, {"source": 14, "prod": 0.1363203465734675, "target": 22, "value": 15.0, "supply": [{"l": "Fats, Animals, Raw", "v": 14.0}, {"l": "Fish, Body Oil", "v": 1.0}]}, {"source": 2, "prod": 0.061497102738885853, "target": 22, "value": 79.0, "supply": [{"l": "Potatoes", "v": 79.0}]}, {"source": 5, "prod": 0.021439478073484852, "target": 22, "value": 10.0, "supply": [{"l": "Sweeteners, Other", "v": 10.0}]}, {"source": 13, "prod": 0.009794529098420119, "target": 22, "value": 14.0, "supply": [{"l": "Alcohol, Non-Food", "v": 14.0}]}, {"source": 6, "prod": 0.017645528701354107, "target": 22, "value": 5.0, "supply": [{"l": "Maize", "v": 1.0}, {"l": "Wheat", "v": 2.0}, {"l": "Rice", "v": 2.0}]}, {"source": 7, "prod": 0.19046660192280165, "target": 22, "value": 18.0, "supply": [{"l": "Soyabean Oil", "v": 7.0}, {"l": "Palm Oil", "v": 4.0}, {"l": "Oilcrops Oil, Other", "v": 7.0}]}, {"source": 2, "prod": 0.27556929581728601, "target": 23, "value": 354.0, "supply": [{"l": "Potatoes", "v": 354.0}]}, {"source": 6, "prod": 0.51645113559150013, "target": 23, "value": 172.0, "supply": [{"l": "Maize", "v": 8.0}, {"l": "Wheat", "v": 49.0}, {"l": "Barley", "v": 39.0}, {"l": "Oats", "v": 30.0}, {"l": "Rye", "v": 42.0}, {"l": "Cereals, Other", "v": 4.0}]}, {"source": 17, "prod": 0.0016364751960485737, "target": 17, "value": 1.0, "supply": [{"l": "Eggs", "v": 1.0}]}, {"source": 0, "prod": 0.022056945227026423, "target": 24, "value": 35.0, "supply": [{"l": "Milk - Excluding Butter", "v": 35.0}]}, {"source": 11, "prod": 0.018512427532551667, "target": 24, "value": 72.0, "supply": [{"l": "Vegetables, Other", "v": 65.0}, {"l": "Onions", "v": 3.0}, {"l": "Tomatoes", "v": 4.0}]}, {"source": 14, "prod": 0.0045383489700273798, "target": 24, "value": 2.0, "supply": [{"l": "Cream", "v": 2.0}]}, {"source": 2, "prod": 0.27556929581728601, "target": 24, "value": 354.0, "supply": [{"l": "Potatoes", "v": 354.0}]}, {"source": 18, "prod": 0.063372228366918956, "target": 24, "value": 113.0, "supply": [{"l": "Bananas", "v": 1.0}, {"l": "Fruits, Other", "v": 62.0}, {"l": "Grapes", "v": 1.0}, {"l": "Oranges, Mandarines", "v": 3.0}, {"l": "Lemons, Limes", "v": 1.0}, {"l": "Apples", "v": 45.0}]}, {"source": 6, "prod": 0.2057769642092063, "target": 24, "value": 68.0, "supply": [{"l": "Maize", "v": 10.0}, {"l": "Rye", "v": 13.0}, {"l": "Wheat", "v": 18.0}, {"l": "Oats", "v": 10.0}, {"l": "Barley", "v": 15.0}, {"l": "Cereals, Other", "v": 2.0}]}, {"source": 25, "prod": 0.030872848425818184, "target": 12, "value": 12.0, "supply": [{"l": "Nuts", "v": 12.0}]}, {"source": 25, "prod": 0.34786812348797136, "target": 1, "value": 399.0, "supply": [{"l": "Freshwater Fish", "v": 1.0}, {"l": "Pigmeat", "v": 2.0}, {"l": "Eggs", "v": 13.0}, {"l": "Demersal Fish", "v": 23.0}, {"l": "Poultry Meat", "v": 7.0}, {"l": "Milk - Excluding Butter", "v": 37.0}, {"l": "Fish, Seafood", "v": 166.0}, {"l": "Pelagic Fish", "v": 142.0}, {"l": "Offals, Edible", "v": 3.0}, {"l": "Bovine Meat", "v": 5.0}]}, {"source": 25, "prod": 1.6822576871202308, "target": 6, "value": 525.0, "supply": [{"l": "Maize", "v": 311.0}, {"l": "Rye", "v": 40.0}, {"l": "Barley", "v": 70.0}, {"l": "Rice", "v": 39.0}, {"l": "Cereals, Other", "v": 1.0}, {"l": "Wheat", "v": 50.0}, {"l": "Oats", "v": 6.0}, {"l": "Millet", "v": 8.0}]}, {"source": 25, "prod": 0.015557021277072444, "target": 3, "value": 4.0, "supply": [{"l": "Peas", "v": 1.0}, {"l": "Beans", "v": 2.0}, {"l": "Pulses, Other", "v": 1.0}]}, {"source": 25, "prod": 0.82366513245098583, "target": 20, "value": 143.0, "supply": [{"l": "Sugar", "v": 17.0}, {"l": "Beer", "v": 2.0}, {"l": "Groundnut Oil", "v": 8.0}, {"l": "Beverages, Alcoholic", "v": 1.0}, {"l": "Fats, Animals, Raw", "v": 2.0}, {"l": "Soyabean Oil", "v": 13.0}, {"l": "Palm Oil", "v": 5.0}, {"l": "Sunflowerseed Oil", "v": 10.0}, {"l": "Olive Oil", "v": 1.0}, {"l": "Coconut Oil", "v": 7.0}, {"l": "Rape and Mustard Oil", "v": 2.0}, {"l": "Oilcrops Oil, Other", "v": 19.0}, {"l": "Wine", "v": 52.0}, {"l": "Fish, Body Oil", "v": 1.0}, {"l": "Honey", "v": 3.0}]}, {"source": 25, "prod": 0.03041205964334328, "target": 10, "value": 12.0, "supply": [{"l": "Treenuts", "v": 12.0}]}, {"source": 25, "prod": 0.017247695322545914, "target": 11, "value": 63.0, "supply": [{"l": "Tomatoes", "v": 16.0}, {"l": "Vegetables, Other", "v": 33.0}, {"l": "Onions", "v": 14.0}]}, {"source": 25, "prod": 0.02923984457565796, "target": 16, "value": 29.0, "supply": [{"l": "Cocoa Beans", "v": 15.0}, {"l": "Coffee", "v": 13.0}, {"l": "Tea", "v": 1.0}]}, {"source": 25, "prod": 0.12870259854967059, "target": 18, "value": 233.0, "supply": [{"l": "Grapes", "v": 41.0}, {"l": "Dates", "v": 1.0}, {"l": "Apples", "v": 15.0}, {"l": "Lemons, Limes", "v": 20.0}, {"l": "Bananas", "v": 28.0}, {"l": "Fruits, Other", "v": 57.0}, {"l": "Grapefruit", "v": 2.0}, {"l": "Oranges, Mandarines", "v": 69.0}]}, {"source": 25, "prod": 0.10704395547606142, "target": 19, "value": 42.0, "supply": [{"l": "Sunflower seed", "v": 3.0}, {"l": "Coconuts - Incl Copra", "v": 34.0}, {"l": "Groundnuts", "v": 2.0}, {"l": "Oilcrops, Other", "v": 1.0}, {"l": "Cottonseed", "v": 1.0}, {"l": "Rape and Mustardseed", "v": 1.0}]}, {"source": 25, "prod": 0.006367524987825, "target": 15, "value": 2.0, "supply": [{"l": "Pimento", "v": 1.0}, {"l": "Spices, Other", "v": 1.0}]}, {"source": 25, "prod": 0.013233553753937463, "target": 2, "value": 17.0, "supply": [{"l": "Potatoes", "v": 17.0}]}, {"source": 0, "prod": 0.095790162128800482, "target": 26, "value": 152.0, "supply": [{"l": "Milk - Excluding Butter", "v": 152.0}]}, {"source": 4, "prod": 0.0017642282302037181, "target": 26, "value": 2.0, "supply": [{"l": "Fish, Seafood", "v": 1.0}, {"l": "Pelagic Fish", "v": 1.0}]}, {"source": 11, "prod": 0.00090601540496071593, "target": 26, "value": 4.0, "supply": [{"l": "Tomatoes", "v": 1.0}, {"l": "Vegetables, Other", "v": 3.0}]}, {"source": 14, "prod": 0.052379640402202512, "target": 26, "value": 6.0, "supply": [{"l": "Butter, Ghee", "v": 3.0}, {"l": "Fats, Animals, Raw", "v": 3.0}]}, {"source": 2, "prod": 0.010119776400069827, "target": 26, "value": 13.0, "supply": [{"l": "Potatoes", "v": 13.0}]}, {"source": 3, "prod": 0.0039797031173906252, "target": 26, "value": 1.0, "supply": [{"l": "Peas", "v": 1.0}]}, {"source": 5, "prod": 0.038688759419696205, "target": 26, "value": 12.0, "supply": [{"l": "Sugar", "v": 12.0}]}, {"source": 13, "prod": 0.0048777155512631934, "target": 26, "value": 7.0, "supply": [{"l": "Beer", "v": 3.0}, {"l": "Wine", "v": 4.0}]}, {"source": 6, "prod": 0.17429005549859475, "target": 26, "value": 57.0, "supply": [{"l": "Maize", "v": 2.0}, {"l": "Barley", "v": 9.0}, {"l": "Wheat", "v": 46.0}]}, {"source": 7, "prod": 0.010612541646375, "target": 26, "value": 1.0, "supply": [{"l": "Palm Oil", "v": 1.0}]}, {"source": 19, "prod": 0.038912652703375003, "target": 26, "value": 6.0, "supply": [{"l": "Sunflower seed", "v": 2.0}, {"l": "Rape and Mustardseed", "v": 4.0}]}, {"source": 18, "prod": 0.010113373313198762, "target": 26, "value": 18.0, "supply": [{"l": "Fruits, Other", "v": 2.0}, {"l": "Apples", "v": 16.0}]}, {"source": 9, "prod": 0.0024625834421298557, "target": 26, "value": 2.0, "supply": [{"l": "Meat, Other", "v": 1.0}, {"l": "Bovine Meat", "v": 1.0}]}, {"source": 7, "prod": 0.049360658820348825, "target": 27, "value": 5.0, "supply": [{"l": "Soyabean Oil", "v": 5.0}]}, {"source": 28, "prod": 0.021796441477073471, "target": 2, "value": 28.0, "supply": [{"l": "Potatoes", "v": 28.0}]}, {"source": 0, "prod": 0.0012603968701157958, "target": 27, "value": 2.0, "supply": [{"l": "Milk - Excluding Butter", "v": 2.0}]}, {"source": 6, "prod": 0.2079520566788382, "target": 27, "value": 69.0, "supply": [{"l": "Wheat", "v": 20.0}, {"l": "Oats", "v": 2.0}, {"l": "Rye", "v": 47.0}]}, {"source": 28, "prod": 0.00014292985382323233, "target": 11, "value": 1.0, "supply": [{"l": "Tomatoes", "v": 1.0}]}, {"source": 28, "prod": 0.21601224009330383, "target": 20, "value": 67.0, "supply": [{"l": "Sugar", "v": 67.0}]}, {"source": 28, "prod": 0.21837345310810097, "target": 6, "value": 74.0, "supply": [{"l": "Maize", "v": 36.0}, {"l": "Barley", "v": 38.0}]}, {"source": 29, "prod": 0.017740368125283582, "target": 10, "value": 7.0, "supply": [{"l": "Treenuts", "v": 7.0}]}, {"source": 29, "prod": 0.12634620647340616, "target": 11, "value": 488.0, "supply": [{"l": "Tomatoes", "v": 9.0}, {"l": "Vegetables, Other", "v": 464.0}, {"l": "Onions", "v": 15.0}]}, {"source": 29, "prod": 0.018009161581727273, "target": 12, "value": 7.0, "supply": [{"l": "Nuts", "v": 7.0}]}, {"source": 29, "prod": 1.4527777750000002, "target": 21, "value": 1250.0, "supply": [{"l": "Sugar beet", "v": 1250.0}]}, {"source": 29, "prod": 2.642818529095158, "target": 2, "value": 3395.0, "supply": [{"l": "Potatoes", "v": 3395.0}]}, {"source": 29, "prod": 0.027254936500917613, "target": 3, "value": 7.0, "supply": [{"l": "Peas", "v": 2.0}, {"l": "Beans", "v": 1.0}, {"l": "Pulses, Other", "v": 4.0}]}, {"source": 29, "prod": 6.850343733982152, "target": 6, "value": 2274.0, "supply": [{"l": "Maize", "v": 198.0}, {"l": "Rye", "v": 472.0}, {"l": "Barley", "v": 512.0}, {"l": "Cereals, Other", "v": 44.0}, {"l": "Wheat", "v": 712.0}, {"l": "Oats", "v": 335.0}, {"l": "Millet", "v": 1.0}]}, {"source": 29, "prod": 0.73014280199126924, "target": 18, "value": 1217.0, "supply": [{"l": "Grapes", "v": 171.0}, {"l": "Apples", "v": 456.0}, {"l": "Fruits, Other", "v": 590.0}]}, {"source": 29, "prod": 0.10435665952268751, "target": 19, "value": 17.000000000000004, "supply": [{"l": "Sunflower seed", "v": 1.0}, {"l": "Oilcrops, Other", "v": 2.0}, {"l": "Rape and Mustardseed", "v": 9.0}, {"l": "Oil Palm", "v": 5.0000000000000027}]}, {"source": 1, "prod": 1.8975274879593302, "target": 0, "value": 3011.0, "supply": [{"l": "Milk - Excluding Butter", "v": 3011.0}]}, {"source": 1, "prod": 0.15055571803646881, "target": 17, "value": 92.0, "supply": [{"l": "Eggs", "v": 93.0}]}, {"source": 1, "prod": 0.87350533564658472, "target": 9, "value": 493.0, "supply": [{"l": "Pigmeat", "v": 291.0}, {"l": "Bovine Meat", "v": 130.0}, {"l": "Poultry Meat", "v": 29.0}, {"l": "Offals, Edible", "v": 25.0}, {"l": "Meat, Other", "v": 15.0}, {"l": "Mutton & Goat Meat", "v": 3.0}]}, {"source": 1, "prod": 0.28040763693779314, "target": 4, "value": 338.0, "supply": [{"l": "Freshwater Fish", "v": 4.0}, {"l": "Pelagic Fish", "v": 142.0}, {"l": "Demersal Fish", "v": 23.0}, {"l": "Fish, Seafood", "v": 169.0}]}, {"source": 20, "prod": 0.99721797164737991, "target": 5, "value": 315.0, "supply": [{"l": "Honey", "v": 6.0}, {"l": "Sweeteners, Other", "v": 17.0}, {"l": "Sugar", "v": 292.0}]}, {"source": 20, "prod": 0.83712694865532289, "target": 7, "value": 79.0, "supply": [{"l": "Olive Oil", "v": 1.0}, {"l": "Soyabean Oil", "v": 13.0}, {"l": "Coconut Oil", "v": 12.0}, {"l": "Rape and Mustard Oil", "v": 4.0}, {"l": "Groundnut Oil", "v": 8.0}, {"l": "Palm Oil", "v": 6.0}, {"l": "Oilcrops Oil, Other", "v": 24.0}, {"l": "Sunflowerseed Oil", "v": 11.0}]}, {"source": 20, "prod": 1.2377353981318457, "target": 14, "value": 181.0, "supply": [{"l": "Fats, Animals, Raw", "v": 86.0}, {"l": "Fish, Body Oil", "v": 1.0}, {"l": "Butter, Ghee", "v": 38.0}, {"l": "Cream", "v": 56.0}]}, {"source": 20, "prod": 0.57741425913616851, "target": 13, "value": 799.0, "supply": [{"l": "Beer", "v": 580.0}, {"l": "Beverages, Alcoholic", "v": 29.0}, {"l": "Alcohol, Non-Food", "v": 14.0}, {"l": "Beverages, Fermented", "v": 5.0}, {"l": "Wine", "v": 171.0}]}]}