{"nodes": [{"layer": 5, "name": "Maize"}, {"layer": 10, "name": "Feed", "fill": "#dbdb8d"}, {"layer": 13, "name": "Pelagic Fish"}, {"layer": 5, "name": "Wheat"}, {"layer": 13, "name": "Soyabean Oil"}, {"layer": 5, "name": "Oats"}, {"layer": 5, "name": "Potatoes"}, {"layer": 5, "name": "Rye"}, {"layer": 13, "name": "Sugar", "fill": "#d6616b"}, {"layer": 13, "name": "Milk - Excluding Butter"}, {"layer": 5, "name": "Barley"}, {"layer": 13, "name": "Fish, Seafood"}, {"layer": 13, "name": "Crustaceans"}, {"layer": 5, "name": "Millet"}, {"layer": 5, "name": "Cereals, Other"}, {"layer": 5, "name": "Pulses, Other"}, {"layer": 16, "name": "Food", "fill": "#b5cf6b"}, {"layer": 5, "name": "Nuts"}, {"layer": 13, "name": "Oilcrops Oil, Other"}, {"layer": 13, "name": "Beer"}, {"layer": 13, "name": "Groundnut Oil"}, {"layer": 13, "name": "Beverages, Alcoholic"}, {"layer": 13, "name": "Honey"}, {"layer": 5, "name": "Rice"}, {"layer": 13, "name": "Butter, Ghee"}, {"layer": 5, "name": "Tomatoes"}, {"layer": 13, "name": "Fats, Animals, Raw"}, {"layer": 5, "name": "Coffee"}, {"layer": 5, "name": "Treenuts"}, {"layer": 13, "name": "Eggs"}, {"layer": 5, "name": "Vegetables, Other"}, {"layer": 5, "name": "Peas"}, {"layer": 13, "name": "Coconut Oil"}, {"layer": 5, "name": "Grapes"}, {"layer": 5, "name": "Pimento"}, {"layer": 13, "name": "Palm Oil"}, {"layer": 5, "name": "Oilcrops, Other"}, {"layer": 13, "name": "Wine"}, {"layer": 13, "name": "Sunflowerseed Oil"}, {"layer": 13, "name": "Olive Oil"}, {"layer": 13, "name": "Pigmeat"}, {"layer": 5, "name": "Cocoa Beans"}, {"layer": 13, "name": "Freshwater Fish"}, {"layer": 5, "name": "Groundnuts"}, {"layer": 13, "name": "Rape and Mustard Oil"}, {"layer": 5, "name": "Beans"}, {"layer": 5, "name": "Apples"}, {"layer": 13, "name": "Meat, Other"}, {"layer": 5, "name": "Lemons, Limes"}, {"layer": 13, "name": "Mutton & Goat Meat"}, {"layer": 5, "name": "Bananas"}, {"layer": 13, "name": "Beverages, Fermented"}, {"layer": 5, "name": "Spices, Other"}, {"layer": 5, "name": "Tea"}, {"layer": 5, "name": "Fruits, Other"}, {"layer": 13, "name": "Poultry Meat"}, {"layer": 13, "name": "Offals, Edible"}, {"layer": 5, "name": "Grapefruit"}, {"layer": 13, "name": "Demersal Fish"}, {"layer": 5, "name": "Oranges, Mandarines"}, {"layer": 13, "name": "Bovine Meat"}, {"layer": 13, "name": "Cottonseed Oil"}, {"layer": 5, "name": "Onions"}, {"layer": 13, "name": "Cream"}, {"layer": 5, "name": "Sunflower seed"}, {"layer": 10, "name": "Processing", "fill": "#9edae5"}, {"layer": 13, "name": "Sweeteners, Other"}, {"layer": 5, "name": "Rape and Mustardseed"}, {"layer": 5, "name": "Sugar beet"}, {"layer": 16, "name": "Biofuels & Other", "fill": "#e7ba52"}, {"layer": 13, "name": "Alcohol, Non-Food"}, {"layer": 13, "name": "Fish, Body Oil"}, {"name": "Waste", "fill": "#c7c7c7"}, {"layer": 2, "name": "Import", "fill": "#aec7e8"}, {"layer": 16, "name": "Export", "fill": "#aec7e8"}, {"layer": 0, "name": "Stock Draw", "fill": "#c7c7c7"}, {"layer": 16, "name": "Stock Deposit", "fill": "#c7c7c7"}, {"name": "Crop Residue", "fill": "#bd9e39"}, {"layer": 5, "name": "Oil Palm"}, {"layer": 2, "name": "Electricity", "fill": "#bcbd22"}, {"layer": 0, "name": "Fossil Fuels", "fill": "#c49c94"}, {"layer": 0, "name": "Renewables & Nuclear", "fill": "#2ca02c"}, {"layer": 2, "name": "Fertilizers", "fill": "#c5b0d5"}, {"layer": 0, "name": "Labor", "fill": "#7f7f7f"}], "links": [{"source": 0, "prod": 513.0, "target": 1, "value": 1.6673755687376555, "supply": [{"l": "Maize", "v": 1.6673755687376555}]}, {"source": 2, "prod": 182.0, "target": 1, "value": 0.18786456701668086, "supply": [{"l": "Pelagic Fish", "v": 0.18786456701668086}]}, {"source": 3, "prod": 141.0, "target": 1, "value": 0.45805586101827528, "supply": [{"l": "Wheat", "v": 0.45805586101827528}]}, {"source": 4, "prod": 1.0, "target": 1, "value": 0.010369506341496183, "supply": [{"l": "Soyabean Oil", "v": 0.010369506341496183}]}, {"source": 5, "prod": 304.0, "target": 1, "value": 0.98189080971678278, "supply": [{"l": "Oats", "v": 0.98189080971678278}]}, {"source": 6, "prod": 2102.0, "target": 1, "value": 1.6394881469997153, "supply": [{"l": "Potatoes", "v": 1.6394881469997153}]}, {"source": 7, "prod": 45.0, "target": 1, "value": 0.13284440391855554, "supply": [{"l": "Rye", "v": 0.13284440391855554}]}, {"source": 8, "prod": 5.0, "target": 1, "value": 0.020747560084456947, "supply": [{"l": "Sugar", "v": 0.020747560084456947}]}, {"source": 9, "prod": 1282.0, "target": 1, "value": 0.80205789639219272, "supply": [{"l": "Milk - Excluding Butter", "v": 0.80205789639219272}]}, {"source": 10, "prod": 645.0, "target": 1, "value": 1.7329340156738926, "supply": [{"l": "Barley", "v": 1.7329340156738926}]}, {"source": 11, "prod": 184.0, "target": 1, "value": 0.12804640412675411, "supply": [{"l": "Fish, Seafood", "v": 0.12804640412675411}]}, {"source": 12, "prod": 2.0, "target": 1, "value": 0.0018063900674680853, "supply": [{"l": "Crustaceans", "v": 0.0018063900674680853}]}, {"source": 13, "prod": 8.0, "target": 1, "value": 0.025914108428482834, "supply": [{"l": "Millet", "v": 0.025914108428482834}]}, {"source": 14, "prod": 61.0, "target": 1, "value": 0.1975950767671816, "supply": [{"l": "Cereals, Other", "v": 0.1975950767671816}]}, {"source": 15, "prod": 8.0, "target": 1, "value": 0.026123179437230769, "supply": [{"l": "Pulses, Other", "v": 0.026123179437230769}]}, {"source": 0, "prod": 31.0, "target": 16, "value": 0.10075758797440024, "supply": [{"l": "Maize", "v": 0.10075758797440024}]}, {"source": 15, "prod": 1.0, "target": 16, "value": 0.0032653974296538461, "supply": [{"l": "Pulses, Other", "v": 0.0032653974296538461}]}, {"source": 7, "prod": 307.0, "target": 16, "value": 0.90629404451103435, "supply": [{"l": "Rye", "v": 0.90629404451103435}]}, {"source": 17, "prod": 19.0, "target": 16, "value": 0.050018800937953495, "supply": [{"l": "Nuts", "v": 0.050018800937953495}]}, {"source": 8, "prod": 280.0, "target": 16, "value": 1.1618633647295888, "supply": [{"l": "Sugar", "v": 1.1618633647295888}]}, {"source": 18, "prod": 10.0, "target": 16, "value": 0.10535077838737227, "supply": [{"l": "Oilcrops Oil, Other", "v": 0.10535077838737227}]}, {"source": 19, "prod": 672.0, "target": 16, "value": 0.38412301984078423, "supply": [{"l": "Beer", "v": 0.38412301984078423}]}, {"source": 20, "prod": 8.0, "target": 16, "value": 0.081755876386888887, "supply": [{"l": "Groundnut Oil", "v": 0.081755876386888887}]}, {"source": 21, "prod": 27.0, "target": 16, "value": 0.093502077452798676, "supply": [{"l": "Beverages, Alcoholic", "v": 0.093502077452798676}]}, {"source": 10, "prod": 6.0, "target": 16, "value": 0.01612031642487342, "supply": [{"l": "Barley", "v": 0.01612031642487342}]}, {"source": 22, "prod": 9.0, "target": 16, "value": 0.031837624939125002, "supply": [{"l": "Honey", "v": 0.031837624939125002}]}, {"source": 23, "prod": 26.0, "target": 16, "value": 0.1057068936945972, "supply": [{"l": "Rice", "v": 0.1057068936945972}]}, {"source": 24, "prod": 39.0, "target": 16, "value": 0.32371216418551685, "supply": [{"l": "Butter, Ghee", "v": 0.32371216418551685}]}, {"source": 25, "prod": 22.0, "target": 16, "value": 0.0060251849347161303, "supply": [{"l": "Tomatoes", "v": 0.0060251849347161303}]}, {"source": 26, "prod": 70.0, "target": 16, "value": 0.64571468637264162, "supply": [{"l": "Fats, Animals, Raw", "v": 0.64571468637264162}]}, {"source": 27, "prod": 18.0, "target": 16, "value": 0.0094333703523333343, "supply": [{"l": "Coffee", "v": 0.0094333703523333343}]}, {"source": 3, "prod": 549.0, "target": 16, "value": 1.7834940971562634, "supply": [{"l": "Wheat", "v": 1.7834940971562634}]}, {"source": 4, "prod": 10.0, "target": 16, "value": 0.10369506341496182, "supply": [{"l": "Soyabean Oil", "v": 0.10369506341496182}]}, {"source": 28, "prod": 19.0, "target": 16, "value": 0.049067873163467682, "supply": [{"l": "Treenuts", "v": 0.049067873163467682}]}, {"source": 29, "prod": 103.0, "target": 16, "value": 0.16947159528319766, "supply": [{"l": "Eggs", "v": 0.16947159528319766}]}, {"source": 30, "prod": 470.0, "target": 16, "value": 0.11974631479104569, "supply": [{"l": "Vegetables, Other", "v": 0.11974631479104569}]}, {"source": 31, "prod": 3.0, "target": 16, "value": 0.011577318159681819, "supply": [{"l": "Peas", "v": 0.011577318159681819}]}, {"source": 32, "prod": 12.0, "target": 16, "value": 0.12657867854585456, "supply": [{"l": "Coconut Oil", "v": 0.12657867854585456}]}, {"source": 33, "prod": 46.0, "target": 16, "value": 0.037135486458313792, "supply": [{"l": "Grapes", "v": 0.037135486458313792}]}, {"source": 34, "prod": 1.0, "target": 16, "value": 0.0035375138821250002, "supply": [{"l": "Pimento", "v": 0.0035375138821250002}]}, {"source": 35, "prod": 1.0, "target": 16, "value": 0.010612541646375, "supply": [{"l": "Palm Oil", "v": 0.010612541646375}]}, {"source": 36, "prod": 2.0, "target": 16, "value": 0.01369360212435484, "supply": [{"l": "Oilcrops, Other", "v": 0.01369360212435484}]}, {"source": 37, "prod": 227.0, "target": 16, "value": 0.18152461081724186, "supply": [{"l": "Wine", "v": 0.18152461081724186}]}, {"source": 38, "prod": 26.0, "target": 16, "value": 0.26821865032514247, "supply": [{"l": "Sunflowerseed Oil", "v": 0.26821865032514247}]}, {"source": 5, "prod": 7.0, "target": 16, "value": 0.022609327855320657, "supply": [{"l": "Oats", "v": 0.022609327855320657}]}, {"source": 39, "prod": 1.0, "target": 16, "value": 0.012128619024428572, "supply": [{"l": "Olive Oil", "v": 0.012128619024428572}]}, {"source": 40, "prod": 314.0, "target": 16, "value": 0.638531847082491, "supply": [{"l": "Pigmeat", "v": 0.638531847082491}]}, {"source": 41, "prod": 13.0, "target": 16, "value": 0.023993572417891306, "supply": [{"l": "Cocoa Beans", "v": 0.023993572417891306}]}, {"source": 6, "prod": 583.0, "target": 16, "value": 0.45472007121828456, "supply": [{"l": "Potatoes", "v": 0.45472007121828456}]}, {"source": 42, "prod": 5.0, "target": 16, "value": 0.0031213357783455892, "supply": [{"l": "Freshwater Fish", "v": 0.0031213357783455892}]}, {"source": 43, "prod": 2.0, "target": 16, "value": 0.013584053307360001, "supply": [{"l": "Groundnuts", "v": 0.013584053307360001}]}, {"source": 44, "prod": 7.0, "target": 16, "value": 0.071941861265952631, "supply": [{"l": "Rape and Mustard Oil", "v": 0.071941861265952631}]}, {"source": 9, "prod": 1591.0, "target": 16, "value": 0.99537762336971813, "supply": [{"l": "Milk - Excluding Butter", "v": 0.99537762336971813}]}, {"source": 45, "prod": 1.0, "target": 16, "value": 0.0047166851761666672, "supply": [{"l": "Beans", "v": 0.0047166851761666672}]}, {"source": 46, "prod": 418.0, "target": 16, "value": 0.23351634495033149, "supply": [{"l": "Apples", "v": 0.23351634495033149}]}, {"source": 11, "prod": 53.0, "target": 16, "value": 0.036882931623467209, "supply": [{"l": "Fish, Seafood", "v": 0.036882931623467209}]}, {"source": 47, "prod": 10.0, "target": 16, "value": 0.011791712940416669, "supply": [{"l": "Meat, Other", "v": 0.011791712940416669}]}, {"source": 48, "prod": 24.0, "target": 16, "value": 0.006137373482240964, "supply": [{"l": "Lemons, Limes", "v": 0.006137373482240964}]}, {"source": 49, "prod": 3.0, "target": 16, "value": 0.0070750277642500003, "supply": [{"l": "Mutton & Goat Meat", "v": 0.0070750277642500003}]}, {"source": 2, "prod": 24.0, "target": 16, "value": 0.024773349496705167, "supply": [{"l": "Pelagic Fish", "v": 0.024773349496705167}]}, {"source": 50, "prod": 38.0, "target": 16, "value": 0.027919148023540386, "supply": [{"l": "Bananas", "v": 0.027919148023540386}]}, {"source": 51, "prod": 6.0, "target": 16, "value": 0.0029964823472117645, "supply": [{"l": "Beverages, Fermented", "v": 0.0029964823472117645}]}, {"source": 52, "prod": 1.0, "target": 16, "value": 0.0028300111056999999, "supply": [{"l": "Spices, Other", "v": 0.0028300111056999999}]}, {"source": 53, "prod": 1.0, "target": 16, "value": 0.0011622222200000001, "supply": [{"l": "Tea", "v": 0.0011622222200000001}]}, {"source": 54, "prod": 306.0, "target": 16, "value": 0.16893740923006978, "supply": [{"l": "Fruits, Other", "v": 0.16893740923006978}]}, {"source": 55, "prod": 52.0, "target": 16, "value": 0.08560587610593906, "supply": [{"l": "Poultry Meat", "v": 0.08560587610593906}]}, {"source": 56, "prod": 26.0, "target": 16, "value": 0.034103223717564607, "supply": [{"l": "Offals, Edible", "v": 0.034103223717564607}]}, {"source": 57, "prod": 3.0, "target": 16, "value": 0.0034866666600000002, "supply": [{"l": "Grapefruit", "v": 0.0034866666600000002}]}, {"source": 58, "prod": 24.0, "target": 16, "value": 0.0091236178930029881, "supply": [{"l": "Demersal Fish", "v": 0.0091236178930029881}]}, {"source": 59, "prod": 83.0, "target": 16, "value": 0.030664611197532641, "supply": [{"l": "Oranges, Mandarines", "v": 0.030664611197532641}]}, {"source": 60, "prod": 140.0, "target": 16, "value": 0.18764204070402171, "supply": [{"l": "Bovine Meat", "v": 0.18764204070402171}]}, {"source": 61, "prod": 3.0, "target": 16, "value": 0.032653974296538463, "supply": [{"l": "Cottonseed Oil", "v": 0.032653974296538463}]}, {"source": 62, "prod": 23.0, "target": 16, "value": 0.0090964642683214279, "supply": [{"l": "Onions", "v": 0.0090964642683214279}]}, {"source": 63, "prod": 46.0, "target": 16, "value": 0.10538422307892382, "supply": [{"l": "Cream", "v": 0.10538422307892382}]}, {"source": 64, "prod": 7.0, "target": 65, "value": 0.02971511660985, "supply": [{"l": "Sunflower seed", "v": 0.02971511660985}]}, {"source": 0, "prod": 3.0, "target": 65, "value": 0.0097507343201032482, "supply": [{"l": "Maize", "v": 0.0097507343201032482}]}, {"source": 66, "prod": 7.0, "target": 65, "value": 0.026329850160626583, "supply": [{"l": "Sweeteners, Other", "v": 0.026329850160626583}]}, {"source": 3, "prod": 9.0, "target": 65, "value": 0.029237608150102679, "supply": [{"l": "Wheat", "v": 0.029237608150102679}]}, {"source": 6, "prod": 33.0, "target": 65, "value": 0.025738871955751957, "supply": [{"l": "Potatoes", "v": 0.025738871955751957}]}, {"source": 54, "prod": 157.0, "target": 65, "value": 0.086677036761833193, "supply": [{"l": "Fruits, Other", "v": 0.086677036761833193}]}, {"source": 67, "prod": 4.0, "target": 65, "value": 0.027277655431714839, "supply": [{"l": "Rape and Mustardseed", "v": 0.027277655431714839}]}, {"source": 10, "prod": 148.0, "target": 65, "value": 0.39763447181354439, "supply": [{"l": "Barley", "v": 0.39763447181354439}]}, {"source": 33, "prod": 402.0, "target": 65, "value": 0.32453185991830752, "supply": [{"l": "Grapes", "v": 0.32453185991830752}]}, {"source": 68, "prod": 2132.0, "target": 65, "value": 2.4778577730400002, "supply": [{"l": "Sugar beet", "v": 2.4778577730400002}]}, {"source": 36, "prod": 2.0, "target": 65, "value": 0.01369360212435484, "supply": [{"l": "Oilcrops, Other", "v": 0.01369360212435484}]}, {"source": 23, "prod": 7.0, "target": 65, "value": 0.02845954830239155, "supply": [{"l": "Rice", "v": 0.02845954830239155}]}, {"source": 46, "prod": 10.0, "target": 65, "value": 0.0055865154294337674, "supply": [{"l": "Apples", "v": 0.0055865154294337674}]}, {"source": 0, "prod": 1.0, "target": 69, "value": 0.0032502447733677494, "supply": [{"l": "Maize", "v": 0.0032502447733677494}]}, {"source": 66, "prod": 10.0, "target": 69, "value": 0.037614071658037977, "supply": [{"l": "Sweeteners, Other", "v": 0.037614071658037977}]}, {"source": 3, "prod": 2.0, "target": 69, "value": 0.0064972462555783726, "supply": [{"l": "Wheat", "v": 0.0064972462555783726}]}, {"source": 70, "prod": 26.0, "target": 69, "value": 0.017826633834497452, "supply": [{"l": "Alcohol, Non-Food", "v": 0.017826633834497452}]}, {"source": 4, "prod": 3.0, "target": 69, "value": 0.031108519024488544, "supply": [{"l": "Soyabean Oil", "v": 0.031108519024488544}]}, {"source": 26, "prod": 16.0, "target": 69, "value": 0.14759192831374665, "supply": [{"l": "Fats, Animals, Raw", "v": 0.14759192831374665}]}, {"source": 6, "prod": 78.0, "target": 69, "value": 0.060837333713595523, "supply": [{"l": "Potatoes", "v": 0.060837333713595523}]}, {"source": 30, "prod": 4.0, "target": 69, "value": 0.0010191175726897506, "supply": [{"l": "Vegetables, Other", "v": 0.0010191175726897506}]}, {"source": 71, "prod": 1.0, "target": 69, "value": 0.0083003119021927384, "supply": [{"l": "Fish, Body Oil", "v": 0.0083003119021927384}]}, {"source": 9, "prod": 33.0, "target": 69, "value": 0.020645796084978442, "supply": [{"l": "Milk - Excluding Butter", "v": 0.020645796084978442}]}, {"source": 35, "prod": 4.0, "target": 69, "value": 0.0424501665855, "supply": [{"l": "Palm Oil", "v": 0.0424501665855}]}, {"source": 18, "prod": 8.0, "target": 69, "value": 0.084280622709897821, "supply": [{"l": "Oilcrops Oil, Other", "v": 0.084280622709897821}]}, {"source": 23, "prod": 2.0, "target": 69, "value": 0.0081312995149690134, "supply": [{"l": "Rice", "v": 0.0081312995149690134}]}, {"source": 0, "prod": 7.0, "target": 0, "value": 0.022751713413574244, "supply": [{"l": "Maize", "v": 0.022751713413574244}]}, {"source": 3, "prod": 52.0, "target": 3, "value": 0.16892840264503767, "supply": [{"l": "Wheat", "v": 0.16892840264503767}]}, {"source": 5, "prod": 28.0, "target": 5, "value": 0.090437311421282626, "supply": [{"l": "Oats", "v": 0.090437311421282626}]}, {"source": 6, "prod": 315.0, "target": 6, "value": 0.24568923230490503, "supply": [{"l": "Potatoes", "v": 0.24568923230490503}]}, {"source": 29, "prod": 3.0, "target": 29, "value": 0.0049360658820348834, "supply": [{"l": "Eggs", "v": 0.0049360658820348834}]}, {"source": 7, "prod": 29.0, "target": 7, "value": 0.085610838080846907, "supply": [{"l": "Rye", "v": 0.085610838080846907}]}, {"source": 10, "prod": 45.0, "target": 10, "value": 0.12090237318655066, "supply": [{"l": "Barley", "v": 0.12090237318655066}]}, {"source": 14, "prod": 5.0, "target": 14, "value": 0.016196317767801772, "supply": [{"l": "Cereals, Other", "v": 0.016196317767801772}]}, {"source": 0, "prod": 10.0, "target": 72, "value": 0.032502447733677491, "supply": [{"l": "Maize", "v": 0.032502447733677491}]}, {"source": 30, "prod": 71.0, "target": 72, "value": 0.018089336915243073, "supply": [{"l": "Vegetables, Other", "v": 0.018089336915243073}]}, {"source": 3, "prod": 19.0, "target": 72, "value": 0.061723839427994545, "supply": [{"l": "Wheat", "v": 0.061723839427994545}]}, {"source": 50, "prod": 2.0, "target": 72, "value": 0.0014694288433442309, "supply": [{"l": "Bananas", "v": 0.0014694288433442309}]}, {"source": 5, "prod": 10.0, "target": 72, "value": 0.032299039793315221, "supply": [{"l": "Oats", "v": 0.032299039793315221}]}, {"source": 6, "prod": 344.0, "target": 72, "value": 0.26830824099329309, "supply": [{"l": "Potatoes", "v": 0.26830824099329309}]}, {"source": 46, "prod": 48.0, "target": 72, "value": 0.02681527406128208, "supply": [{"l": "Apples", "v": 0.02681527406128208}]}, {"source": 7, "prod": 10.0, "target": 72, "value": 0.029520978648567894, "supply": [{"l": "Rye", "v": 0.029520978648567894}]}, {"source": 54, "prod": 48.0, "target": 72, "value": 0.026499985761579574, "supply": [{"l": "Fruits, Other", "v": 0.026499985761579574}]}, {"source": 9, "prod": 34.0, "target": 72, "value": 0.021271426269371726, "supply": [{"l": "Milk - Excluding Butter", "v": 0.021271426269371726}]}, {"source": 10, "prod": 18.0, "target": 72, "value": 0.048360949274620264, "supply": [{"l": "Barley", "v": 0.048360949274620264}]}, {"source": 33, "prod": 1.0, "target": 72, "value": 0.00080729318387638682, "supply": [{"l": "Grapes", "v": 0.00080729318387638682}]}, {"source": 59, "prod": 4.0, "target": 72, "value": 0.0014778125878328982, "supply": [{"l": "Oranges, Mandarines", "v": 0.0014778125878328982}]}, {"source": 48, "prod": 1.0, "target": 72, "value": 0.00025572389509337352, "supply": [{"l": "Lemons, Limes", "v": 0.00025572389509337352}]}, {"source": 62, "prod": 3.0, "target": 72, "value": 0.0011864953393462732, "supply": [{"l": "Onions", "v": 0.0011864953393462732}]}, {"source": 14, "prod": 2.0, "target": 72, "value": 0.0064785271071207086, "supply": [{"l": "Cereals, Other", "v": 0.0064785271071207086}]}, {"source": 25, "prod": 4.0, "target": 72, "value": 0.0010954881699483871, "supply": [{"l": "Tomatoes", "v": 0.0010954881699483871}]}, {"source": 63, "prod": 1.0, "target": 72, "value": 0.0022909613712809528, "supply": [{"l": "Cream", "v": 0.0022909613712809528}]}, {"source": 73, "prod": 1.0, "target": 52, "value": 0.0028300111056999999, "supply": [{"l": "Spices, Other", "v": 0.0028300111056999999}]}, {"source": 73, "prod": 17.0, "target": 25, "value": 0.0046558247222806461, "supply": [{"l": "Tomatoes", "v": 0.0046558247222806461}]}, {"source": 73, "prod": 25.0, "target": 48, "value": 0.0063930973773343377, "supply": [{"l": "Lemons, Limes", "v": 0.0063930973773343377}]}, {"source": 73, "prod": 12.0, "target": 28, "value": 0.030990235682190118, "supply": [{"l": "Treenuts", "v": 0.030990235682190118}]}, {"source": 73, "prod": 36.0, "target": 46, "value": 0.020111455545961561, "supply": [{"l": "Apples", "v": 0.020111455545961561}]}, {"source": 73, "prod": 1.0, "target": 53, "value": 0.0011622222200000001, "supply": [{"l": "Tea", "v": 0.0011622222200000001}]}, {"source": 73, "prod": 40.0, "target": 30, "value": 0.010191175726897506, "supply": [{"l": "Vegetables, Other", "v": 0.010191175726897506}]}, {"source": 73, "prod": 34.0, "target": 23, "value": 0.13823209175447324, "supply": [{"l": "Rice", "v": 0.13823209175447324}]}, {"source": 73, "prod": 50.0, "target": 3, "value": 0.16243115638945935, "supply": [{"l": "Wheat", "v": 0.16243115638945935}]}, {"source": 73, "prod": 236.0, "target": 10, "value": 0.63406577937835462, "supply": [{"l": "Barley", "v": 0.63406577937835462}]}, {"source": 73, "prod": 3.0, "target": 57, "value": 0.0034866666600000002, "supply": [{"l": "Grapefruit", "v": 0.0034866666600000002}]}, {"source": 73, "prod": 18.0, "target": 27, "value": 0.0094333703523333343, "supply": [{"l": "Coffee", "v": 0.0094333703523333343}]}, {"source": 73, "prod": 4.0, "target": 64, "value": 0.0169800666342, "supply": [{"l": "Sunflower seed", "v": 0.0169800666342}]}, {"source": 73, "prod": 7.0, "target": 13, "value": 0.022674844874922481, "supply": [{"l": "Millet", "v": 0.022674844874922481}]}, {"source": 73, "prod": 3.0, "target": 14, "value": 0.0097177906606810624, "supply": [{"l": "Cereals, Other", "v": 0.0097177906606810624}]}, {"source": 73, "prod": 559.0, "target": 1, "value": 0.48412203121187863, "supply": [{"l": "Freshwater Fish", "v": 0.00062426715566911775}, {"l": "Meat, Other", "v": 0.0023583425880833336}, {"l": "Crustaceans", "v": 0.0018063900674680853}, {"l": "Eggs", "v": 0.024680329410174413}, {"l": "Demersal Fish", "v": 0.0091236178930029881}, {"l": "Pigmeat", "v": 0.0061006227428263473}, {"l": "Poultry Meat", "v": 0.018108935330102494}, {"l": "Milk - Excluding Butter", "v": 0.031907139404057594}, {"l": "Fish, Seafood", "v": 0.1621457182692049}, {"l": "Pelagic Fish", "v": 0.21263791651338607}, {"l": "Offals, Edible", "v": 0.0052466498027022475}, {"l": "Bovine Meat", "v": 0.0093821020352010866}]}, {"source": 73, "prod": 1.0, "target": 34, "value": 0.0035375138821250002, "supply": [{"l": "Pimento", "v": 0.0035375138821250002}]}, {"source": 73, "prod": 12.0, "target": 17, "value": 0.031590821645023255, "supply": [{"l": "Nuts", "v": 0.031590821645023255}]}, {"source": 73, "prod": 2.0, "target": 31, "value": 0.007718212106454546, "supply": [{"l": "Peas", "v": 0.007718212106454546}]}, {"source": 73, "prod": 2.0, "target": 36, "value": 0.01369360212435484, "supply": [{"l": "Oilcrops, Other", "v": 0.01369360212435484}]}, {"source": 73, "prod": 14.0, "target": 41, "value": 0.025839231834652178, "supply": [{"l": "Cocoa Beans", "v": 0.025839231834652178}]}, {"source": 73, "prod": 87.0, "target": 59, "value": 0.03214242378536554, "supply": [{"l": "Oranges, Mandarines", "v": 0.03214242378536554}]}, {"source": 73, "prod": 19.0, "target": 6, "value": 0.014819350519978396, "supply": [{"l": "Potatoes", "v": 0.014819350519978396}]}, {"source": 73, "prod": 6.0, "target": 62, "value": 0.0023729906786925463, "supply": [{"l": "Onions", "v": 0.0023729906786925463}]}, {"source": 73, "prod": 1.0, "target": 67, "value": 0.0068194138579287097, "supply": [{"l": "Rape and Mustardseed", "v": 0.0068194138579287097}]}, {"source": 73, "prod": 40.0, "target": 50, "value": 0.029388576866884616, "supply": [{"l": "Bananas", "v": 0.029388576866884616}]}, {"source": 73, "prod": 46.0, "target": 33, "value": 0.037135486458313792, "supply": [{"l": "Grapes", "v": 0.037135486458313792}]}, {"source": 73, "prod": 127.0, "target": 65, "value": 0.95963932495642268, "supply": [{"l": "Sugar", "v": 0.0082990240337827773}, {"l": "Beer", "v": 0.0028580581833391686}, {"l": "Groundnut Oil", "v": 0.081755876386888887}, {"l": "Beverages, Alcoholic", "v": 0.0034630399056592102}, {"l": "Fats, Animals, Raw", "v": 0.018448991039218331}, {"l": "Soyabean Oil", "v": 0.14517308878094656}, {"l": "Butter, Ghee", "v": 0.0083003119021927384}, {"l": "Palm Oil", "v": 0.053062708231874998}, {"l": "Sunflowerseed Oil", "v": 0.23727034451839529}, {"l": "Olive Oil", "v": 0.012128619024428572}, {"l": "Coconut Oil", "v": 0.12657867854585456}, {"l": "Rape and Mustard Oil", "v": 0.051387043761394732}, {"l": "Oilcrops Oil, Other", "v": 0.13695601190358395}, {"l": "Wine", "v": 0.022390700893756707}, {"l": "Fish, Body Oil", "v": 0.0083003119021927384}, {"l": "Honey", "v": 0.010612541646375}, {"l": "Cottonseed Oil", "v": 0.032653974296538463}]}, {"source": 73, "prod": 3.0, "target": 45, "value": 0.014150055528500001, "supply": [{"l": "Beans", "v": 0.014150055528500001}]}, {"source": 73, "prod": 398.0, "target": 0, "value": 1.2935974198003644, "supply": [{"l": "Maize", "v": 1.2935974198003644}]}, {"source": 73, "prod": 78.0, "target": 54, "value": 0.043062476862566805, "supply": [{"l": "Fruits, Other", "v": 0.043062476862566805}]}, {"source": 73, "prod": 2.0, "target": 43, "value": 0.013584053307360001, "supply": [{"l": "Groundnuts", "v": 0.013584053307360001}]}, {"source": 73, "prod": 4.0, "target": 5, "value": 0.012919615917326089, "supply": [{"l": "Oats", "v": 0.012919615917326089}]}, {"source": 73, "prod": 1.0, "target": 15, "value": 0.0032653974296538461, "supply": [{"l": "Pulses, Other", "v": 0.0032653974296538461}]}, {"source": 0, "prod": 2.0, "target": 74, "value": 0.0065004895467354988, "supply": [{"l": "Maize", "v": 0.0065004895467354988}]}, {"source": 26, "prod": 4.0, "target": 74, "value": 0.036897982078436663, "supply": [{"l": "Fats, Animals, Raw", "v": 0.036897982078436663}]}, {"source": 6, "prod": 7.0, "target": 74, "value": 0.0054597607178867779, "supply": [{"l": "Potatoes", "v": 0.0054597607178867779}]}, {"source": 46, "prod": 6.0, "target": 74, "value": 0.00335190925766026, "supply": [{"l": "Apples", "v": 0.00335190925766026}]}, {"source": 30, "prod": 4.0, "target": 74, "value": 0.0010191175726897506, "supply": [{"l": "Vegetables, Other", "v": 0.0010191175726897506}]}, {"source": 54, "prod": 1.0, "target": 74, "value": 0.00055208303669957446, "supply": [{"l": "Fruits, Other", "v": 0.00055208303669957446}]}, {"source": 8, "prod": 1.0, "target": 74, "value": 0.0041495120168913886, "supply": [{"l": "Sugar", "v": 0.0041495120168913886}]}, {"source": 9, "prod": 286.0, "target": 74, "value": 0.17893023273647979, "supply": [{"l": "Milk - Excluding Butter", "v": 0.17893023273647979}]}, {"source": 68, "prod": 71.0, "target": 74, "value": 0.082517777619999996, "supply": [{"l": "Sugar beet", "v": 0.082517777619999996}]}, {"source": 19, "prod": 5.0, "target": 74, "value": 0.0028580581833391686, "supply": [{"l": "Beer", "v": 0.0028580581833391686}]}, {"source": 45, "prod": 1.0, "target": 74, "value": 0.0047166851761666672, "supply": [{"l": "Beans", "v": 0.0047166851761666672}]}, {"source": 10, "prod": 15.0, "target": 74, "value": 0.040300791062183546, "supply": [{"l": "Barley", "v": 0.040300791062183546}]}, {"source": 60, "prod": 1.0, "target": 74, "value": 0.0013403002907430126, "supply": [{"l": "Bovine Meat", "v": 0.0013403002907430126}]}, {"source": 35, "prod": 1.0, "target": 74, "value": 0.010612541646375, "supply": [{"l": "Palm Oil", "v": 0.010612541646375}]}, {"source": 67, "prod": 7.0, "target": 74, "value": 0.047735897005500974, "supply": [{"l": "Rape and Mustardseed", "v": 0.047735897005500974}]}, {"source": 47, "prod": 2.0, "target": 74, "value": 0.0023583425880833336, "supply": [{"l": "Meat, Other", "v": 0.0023583425880833336}]}, {"source": 24, "prod": 4.0, "target": 74, "value": 0.033201247608770953, "supply": [{"l": "Butter, Ghee", "v": 0.033201247608770953}]}, {"source": 37, "prod": 2.0, "target": 74, "value": 0.0015993357781254791, "supply": [{"l": "Wine", "v": 0.0015993357781254791}]}, {"source": 75, "prod": 18.0, "target": 5, "value": 0.058138271627967392, "supply": [{"l": "Oats", "v": 0.058138271627967392}]}, {"source": 9, "prod": 6.0, "target": 76, "value": 0.0037537811063597165, "supply": [{"l": "Milk - Excluding Butter", "v": 0.0037537811063597165}]}, {"source": 0, "prod": 42.0, "target": 76, "value": 0.13651028048144545, "supply": [{"l": "Maize", "v": 0.13651028048144545}]}, {"source": 45, "prod": 2.0, "target": 76, "value": 0.0094333703523333343, "supply": [{"l": "Beans", "v": 0.0094333703523333343}]}, {"source": 75, "prod": 35.0, "target": 10, "value": 0.094035179145094946, "supply": [{"l": "Barley", "v": 0.094035179145094946}]}, {"source": 75, "prod": 4.0, "target": 6, "value": 0.0031198632673638733, "supply": [{"l": "Potatoes", "v": 0.0031198632673638733}]}, {"source": 75, "prod": 3.0, "target": 7, "value": 0.0088562935945703698, "supply": [{"l": "Rye", "v": 0.0088562935945703698}]}, {"source": 8, "prod": 47.0, "target": 76, "value": 0.19502706479389531, "supply": [{"l": "Sugar", "v": 0.19502706479389531}]}, {"source": 37, "prod": 84.0, "target": 76, "value": 0.067172102681270121, "supply": [{"l": "Wine", "v": 0.067172102681270121}]}, {"source": 3, "prod": 27.0, "target": 76, "value": 0.087712824450308022, "supply": [{"l": "Wheat", "v": 0.087712824450308022}]}, {"source": 1, "prod": 52.0, "target": 55, "value": 0.08560587610593906, "supply": [{"l": "Poultry Meat", "v": 0.08560587610593906}]}, {"source": 1, "prod": 314.0, "target": 40, "value": 0.638531847082491, "supply": [{"l": "Pigmeat", "v": 0.638531847082491}]}, {"source": 1, "prod": 206.0, "target": 2, "value": 0.21263791651338604, "supply": [{"l": "Pelagic Fish", "v": 0.21263791651338604}]}, {"source": 1, "prod": 2.0, "target": 12, "value": 0.0018063900674680853, "supply": [{"l": "Crustaceans", "v": 0.0018063900674680853}]}, {"source": 1, "prod": 103.0, "target": 29, "value": 0.16947159528319766, "supply": [{"l": "Eggs", "v": 0.17440766116523254}]}, {"source": 1, "prod": 3232.0, "target": 9, "value": 2.0220367559591006, "supply": [{"l": "Milk - Excluding Butter", "v": 2.0220367559591006}]}, {"source": 1, "prod": 26.0, "target": 56, "value": 0.034103223717564607, "supply": [{"l": "Offals, Edible", "v": 0.034103223717564607}]}, {"source": 1, "prod": 24.0, "target": 58, "value": 0.0091236178930029881, "supply": [{"l": "Demersal Fish", "v": 0.0091236178930029881}]}, {"source": 1, "prod": 237.0, "target": 11, "value": 0.16492933575022131, "supply": [{"l": "Fish, Seafood", "v": 0.16492933575022131}]}, {"source": 1, "prod": 141.0, "target": 60, "value": 0.18898234099476471, "supply": [{"l": "Bovine Meat", "v": 0.18898234099476471}]}, {"source": 1, "prod": 12.0, "target": 47, "value": 0.014150055528500002, "supply": [{"l": "Meat, Other", "v": 0.014150055528500002}]}, {"source": 1, "prod": 5.0, "target": 42, "value": 0.0031213357783455892, "supply": [{"l": "Freshwater Fish", "v": 0.0031213357783455892}]}, {"source": 1, "prod": 3.0, "target": 49, "value": 0.0070750277642500003, "supply": [{"l": "Mutton & Goat Meat", "v": 0.0070750277642500003}]}, {"source": 65, "prod": 1.0, "target": 39, "value": 0.012128619024428572, "supply": [{"l": "Olive Oil", "v": 0.012128619024428572}]}, {"source": 65, "prod": 90.0, "target": 26, "value": 0.83020459676482494, "supply": [{"l": "Fats, Animals, Raw", "v": 0.83020459676482494}]}, {"source": 65, "prod": 17.0, "target": 66, "value": 0.063943921818664567, "supply": [{"l": "Sweeteners, Other", "v": 0.063943921818664567}]}, {"source": 65, "prod": 47.0, "target": 63, "value": 0.10767518445020478, "supply": [{"l": "Cream", "v": 0.10767518445020478}]}, {"source": 65, "prod": 6.0, "target": 51, "value": 0.0029964823472117645, "supply": [{"l": "Beverages, Fermented", "v": 0.0029964823472117645}]}, {"source": 65, "prod": 14.0, "target": 4, "value": 0.14517308878094654, "supply": [{"l": "Soyabean Oil", "v": 0.14517308878094654}]}, {"source": 65, "prod": 12.0, "target": 32, "value": 0.12657867854585456, "supply": [{"l": "Coconut Oil", "v": 0.12657867854585456}]}, {"source": 65, "prod": 1.0, "target": 71, "value": 0.0083003119021927384, "supply": [{"l": "Fish, Body Oil", "v": 0.0083003119021927384}]}, {"source": 65, "prod": 333.0, "target": 8, "value": 1.3817875016248324, "supply": [{"l": "Sugar", "v": 1.3817875016248324}]}, {"source": 65, "prod": 9.0, "target": 22, "value": 0.031837624939125002, "supply": [{"l": "Honey", "v": 0.031837624939125002}]}, {"source": 65, "prod": 3.0, "target": 61, "value": 0.032653974296538463, "supply": [{"l": "Cottonseed Oil", "v": 0.032653974296538463}]}, {"source": 65, "prod": 677.0, "target": 19, "value": 0.3869810780241234, "supply": [{"l": "Beer", "v": 0.3869810780241234}]}, {"source": 65, "prod": 8.0, "target": 20, "value": 0.081755876386888887, "supply": [{"l": "Groundnut Oil", "v": 0.081755876386888887}]}, {"source": 65, "prod": 27.0, "target": 21, "value": 0.093502077452798676, "supply": [{"l": "Beverages, Alcoholic", "v": 0.093502077452798676}]}, {"source": 65, "prod": 26.0, "target": 38, "value": 0.26821865032514247, "supply": [{"l": "Sunflowerseed Oil", "v": 0.26821865032514247}]}, {"source": 65, "prod": 26.0, "target": 70, "value": 0.017826633834497452, "supply": [{"l": "Alcohol, Non-Food", "v": 0.017826633834497452}]}, {"source": 65, "prod": 6.0, "target": 35, "value": 0.063675249878250004, "supply": [{"l": "Palm Oil", "v": 0.063675249878250004}]}, {"source": 65, "prod": 18.0, "target": 18, "value": 0.18963140109727009, "supply": [{"l": "Oilcrops Oil, Other", "v": 0.18963140109727009}]}, {"source": 65, "prod": 7.0, "target": 44, "value": 0.071941861265952631, "supply": [{"l": "Rape and Mustard Oil", "v": 0.071941861265952631}]}, {"source": 65, "prod": 43.0, "target": 24, "value": 0.35691341179428782, "supply": [{"l": "Butter, Ghee", "v": 0.35691341179428782}]}, {"source": 65, "prod": 313.0, "target": 37, "value": 0.25029604927663746, "supply": [{"l": "Wine", "v": 0.25029604927663746}]}, {"source": 64, "prod": 5.0, "target": 77, "value": 0.010852074945783134, "supply": [{"l": "Sunflower seed", "v": 0.010852074945783134}]}, {"source": 0, "prod": 821.0, "target": 77, "value": 2.8625533278600006, "supply": [{"l": "Maize", "v": 2.8625533278600006}]}, {"source": 30, "prod": 529.0, "target": 77, "value": 1.8444466631400001, "supply": [{"l": "Vegetables, Other", "v": 1.8444466631400001}]}, {"source": 3, "prod": 1550.0, "target": 77, "value": 5.4043333230000004, "supply": [{"l": "Wheat", "v": 5.4043333230000004}]}, {"source": 14, "prod": 134.0, "target": 77, "value": 0.46721333244000007, "supply": [{"l": "Cereals, Other", "v": 0.46721333244000007}]}, {"source": 6, "prod": 1725.0, "target": 77, "value": 6.0144999884999999, "supply": [{"l": "Potatoes", "v": 6.0144999884999999}]}, {"source": 5, "prod": 676.0, "target": 77, "value": 2.3569866621600002, "supply": [{"l": "Oats", "v": 2.3569866621600002}]}, {"source": 7, "prod": 779.0, "target": 77, "value": 2.7161133281400005, "supply": [{"l": "Rye", "v": 2.7161133281400005}]}, {"source": 31, "prod": 2.5, "target": 77, "value": 0.0087166666499999997, "supply": [{"l": "Peas", "v": 0.0087166666499999997}]}, {"source": 13, "prod": 10.0, "target": 77, "value": 0.034866666600000006, "supply": [{"l": "Millet", "v": 0.034866666600000006}]}, {"source": 67, "prod": 11.0, "target": 77, "value": 0.038353333260000004, "supply": [{"l": "Rape and Mustardseed", "v": 0.038353333260000004}]}, {"source": 10, "prod": 1482.0, "target": 77, "value": 5.1672399901200006, "supply": [{"l": "Barley", "v": 5.1672399901200006}]}, {"source": 43, "prod": 1.0, "target": 77, "value": 0.0034866666600000006, "supply": [{"l": "Groundnuts", "v": 0.0034866666600000006}]}, {"source": 68, "prod": 881.20000000000005, "target": 77, "value": 1.0241502202640003, "supply": [{"l": "Sugar beet", "v": 1.0241502202640003}]}, {"source": 45, "prod": 2.5, "target": 77, "value": 0.0087166666499999997, "supply": [{"l": "Beans", "v": 0.0087166666499999997}]}, {"source": 36, "prod": 4.0, "target": 77, "value": 0.013946666640000001, "supply": [{"l": "Oilcrops, Other", "v": 0.013946666640000001}]}, {"source": 23, "prod": 35.0, "target": 77, "value": 0.12203333310000002, "supply": [{"l": "Rice", "v": 0.12203333310000002}]}, {"source": 62, "prod": 23.0, "target": 77, "value": 0.080193333180000007, "supply": [{"l": "Onions", "v": 0.080193333180000007}]}, {"source": 25, "prod": 18.0, "target": 77, "value": 0.062759999880000014, "supply": [{"l": "Tomatoes", "v": 0.062759999880000014}]}, {"source": 15, "prod": 9.0, "target": 77, "value": 0.03137999994, "supply": [{"l": "Pulses, Other", "v": 0.03137999994}]}, {"source": 78, "prod": 5.0000000000000027, "target": 65, "value": 0.02122508329275001, "supply": [{"l": "Oil Palm", "v": 0.02122508329275001}]}, {"source": 79, "prod": 0, "target": 0, "value": 1.305412139118388e-06, "supply": "[{\"l\":'Energy for power irrigation',\"v\":1.305412139118388e-06}]"}, {"source": 79, "prod": 0, "target": 7, "value": 1.238631006544731e-06, "supply": "[{\"l\":'Energy for power irrigation',\"v\":1.238631006544731e-06}]"}, {"source": 79, "prod": 0, "target": 17, "value": 4.1340701117025682e-08, "supply": "[{\"l\":'Energy for power irrigation',\"v\":4.1340701117025682e-08}]"}, {"source": 79, "prod": 0, "target": 10, "value": 2.356419963670464e-06, "supply": "[{\"l\":'Energy for power irrigation',\"v\":2.356419963670464e-06}]"}, {"source": 79, "prod": 0, "target": 25, "value": 5.724097077742018e-08, "supply": "[{\"l\":'Energy for power irrigation',\"v\":5.724097077742018e-08}]"}, {"source": 79, "prod": 0, "target": 64, "value": 1.5900269660394495e-08, "supply": "[{\"l\":'Energy for power irrigation',\"v\":1.5900269660394495e-08}]"}, {"source": 79, "prod": 0, "target": 14, "value": 2.1306361344928624e-07, "supply": "[{\"l\":'Energy for power irrigation',\"v\":2.1306361344928624e-07}]"}, {"source": 79, "prod": 0, "target": 3, "value": 2.4645417973611467e-06, "supply": "[{\"l\":'Energy for power irrigation',\"v\":2.4645417973611467e-06}]"}, {"source": 79, "prod": 0, "target": 28, "value": 4.1340701117025682e-08, "supply": "[{\"l\":'Energy for power irrigation',\"v\":4.1340701117025682e-08}]"}, {"source": 79, "prod": 0, "target": 30, "value": 1.6822485300697375e-06, "supply": "[{\"l\":'Energy for power irrigation',\"v\":1.6822485300697375e-06}]"}, {"source": 79, "prod": 0, "target": 31, "value": 7.9501348301972474e-09, "supply": "[{\"l\":'Energy for power irrigation',\"v\":7.9501348301972474e-09}]"}, {"source": 79, "prod": 0, "target": 33, "value": 1.354702975065611e-06, "supply": "[{\"l\":'Energy for power irrigation',\"v\":1.354702975065611e-06}]"}, {"source": 79, "prod": 0, "target": 78, "value": 7.9501348301972523e-09, "supply": "[{\"l\":'Energy for power irrigation',\"v\":7.9501348301972523e-09}]"}, {"source": 79, "prod": 0, "target": 36, "value": 1.2720215728315597e-08, "supply": "[{\"l\":'Energy for power irrigation',\"v\":1.2720215728315597e-08}]"}, {"source": 79, "prod": 0, "target": 5, "value": 1.0748582290426679e-06, "supply": "[{\"l\":'Energy for power irrigation',\"v\":1.0748582290426679e-06}]"}, {"source": 79, "prod": 0, "target": 6, "value": 1.0971186065672202e-05, "supply": "[{\"l\":'Energy for power irrigation',\"v\":1.0971186065672202e-05}]"}, {"source": 79, "prod": 0, "target": 45, "value": 7.9501348301972474e-09, "supply": "[{\"l\":'Energy for power irrigation',\"v\":7.9501348301972474e-09}]"}, {"source": 79, "prod": 0, "target": 46, "value": 1.4771350514506486e-06, "supply": "[{\"l\":'Energy for power irrigation',\"v\":1.4771350514506486e-06}]"}, {"source": 79, "prod": 0, "target": 68, "value": 7.0056588123698144e-06, "supply": "[{\"l\":'Energy for power irrigation',\"v\":7.0056588123698144e-06}]"}, {"source": 79, "prod": 0, "target": 54, "value": 1.5041655098733192e-06, "supply": "[{\"l\":'Energy for power irrigation',\"v\":1.5041655098733192e-06}]"}, {"source": 79, "prod": 0, "target": 13, "value": 1.5900269660394495e-08, "supply": "[{\"l\":'Energy for power irrigation',\"v\":1.5900269660394495e-08}]"}, {"source": 79, "prod": 0, "target": 67, "value": 3.4980593252867889e-08, "supply": "[{\"l\":'Energy for power irrigation',\"v\":3.4980593252867889e-08}]"}, {"source": 79, "prod": 0, "target": 62, "value": 7.3141240437814671e-08, "supply": "[{\"l\":'Energy for power irrigation',\"v\":7.3141240437814671e-08}]"}, {"source": 79, "prod": 0, "target": 15, "value": 2.862048538871009e-08, "supply": "[{\"l\":'Energy for power irrigation',\"v\":2.862048538871009e-08}]"}, {"source": 79, "prod": 0, "target": 65, "value": 0.35375075107224313, "supply": "[{\"l\":'Electricity',\"v\":0.35375075107224313}]"}, {"source": 80, "prod": 0, "target": 79, "value": 0.3298258163042046, "supply": [{"l": "Coal", "v": 0.15278557869567722}, {"l": "Natural gas", "v": 0.066138770341556866}, {"l": "Oil", "v": 0.11090146726697052}]}, {"source": 81, "prod": 0, "target": 79, "value": 0.22604058722410747, "supply": [{"l": "Nuclear", "v": 0.0}, {"l": "Hydroelectric", "v": 0.22604058722410747}, {"l": "Renewable", "v": 0.0}]}, {"source": 80, "prod": 0, "target": 0, "value": 0.24381519198390428, "supply": [{"l": "Motor Gasoline", "v": 0.026008509746207262}, {"l": "Gas-Diesel oil", "v": 0.16222430144768771}, {"l": "Natural gas (including LNG)", "v": 0.0049323609738020913}, {"l": "Fuel oil", "v": 0.049341005280029902}, {"l": "Liquefied petroleum gas (LPG)", "v": 0.0010285114212821699}, {"l": "Coal", "v": 0.00028050311489513728}]}, {"source": 80, "prod": 0, "target": 7, "value": 0.23134230761931965, "supply": [{"l": "Motor Gasoline", "v": 0.02467798915017717}, {"l": "Gas-Diesel oil", "v": 0.1539253725063931}, {"l": "Natural gas (including LNG)", "v": 0.0046800355646672703}, {"l": "Fuel oil", "v": 0.04681686128275675}, {"l": "Liquefied petroleum gas (LPG)", "v": 0.00097589573346992722}, {"l": "Coal", "v": 0.00026615338185543473}]}, {"source": 80, "prod": 0, "target": 17, "value": 0.0077213093685523891, "supply": [{"l": "Motor Gasoline", "v": 0.00082365560706624706}, {"l": "Gas-Diesel oil", "v": 0.0051374322017538132}, {"l": "Natural gas (including LNG)", "v": 0.0001562014437501271}, {"l": "Fuel oil", "v": 0.001562565331645283}, {"l": "Liquefied petroleum gas (LPG)", "v": 3.2571616264721576e-05}, {"l": "Coal", "v": 8.8831680721967947e-06}]}, {"source": 80, "prod": 0, "target": 10, "value": 0.44011463400748618, "supply": [{"l": "Motor Gasoline", "v": 0.046948369602776083}, {"l": "Gas-Diesel oil", "v": 0.29283363549996733}, {"l": "Natural gas (including LNG)", "v": 0.008903482293757245}, {"l": "Fuel oil", "v": 0.089066223903781133}, {"l": "Liquefied petroleum gas (LPG)", "v": 0.0018565821270891299}, {"l": "Coal", "v": 0.00050634058011521735}]}, {"source": 80, "prod": 0, "target": 25, "value": 0.010691043741072539, "supply": [{"l": "Motor Gasoline", "v": 0.0011404462251686498}, {"l": "Gas-Diesel oil", "v": 0.0071133676639668179}, {"l": "Natural gas (including LNG)", "v": 0.00021627892211556062}, {"l": "Fuel oil", "v": 0.0021635519976626995}, {"l": "Liquefied petroleum gas (LPG)", "v": 4.5099160981922186e-05}, {"l": "Coal", "v": 1.229977117688787e-05}]}, {"source": 80, "prod": 0, "target": 64, "value": 0.0029697343725201496, "supply": [{"l": "Motor Gasoline", "v": 0.00031679061810240271}, {"l": "Gas-Diesel oil", "v": 0.0019759354622130051}, {"l": "Natural gas (including LNG)", "v": 6.0077478365433509e-05}, {"l": "Fuel oil", "v": 0.00060098666601741653}, {"l": "Liquefied petroleum gas (LPG)", "v": 1.2527544717200606e-05}, {"l": "Coal", "v": 3.4166031046910754e-06}]}, {"source": 80, "prod": 0, "target": 14, "value": 0.039794440591770008, "supply": [{"l": "Motor Gasoline", "v": 0.0042449942825721967}, {"l": "Gas-Diesel oil", "v": 0.02647753519365427}, {"l": "Natural gas (including LNG)", "v": 0.00080503821009680909}, {"l": "Fuel oil", "v": 0.008053221324633382}, {"l": "Liquefied petroleum gas (LPG)", "v": 0.00016786909921048815}, {"l": "Coal", "v": 4.5782481602860412e-05}]}, {"source": 80, "prod": 0, "target": 3, "value": 0.46030882774062321, "supply": [{"l": "Motor Gasoline", "v": 0.049102545805872422}, {"l": "Gas-Diesel oil", "v": 0.3062699966430158}, {"l": "Natural gas (including LNG)", "v": 0.0093120091466421945}, {"l": "Fuel oil", "v": 0.093152933232699575}, {"l": "Liquefied petroleum gas (LPG)", "v": 0.001941769431166094}, {"l": "Coal", "v": 0.00052957348122711662}]}, {"source": 80, "prod": 0, "target": 28, "value": 0.0077213093685523891, "supply": [{"l": "Motor Gasoline", "v": 0.00082365560706624706}, {"l": "Gas-Diesel oil", "v": 0.0051374322017538132}, {"l": "Natural gas (including LNG)", "v": 0.0001562014437501271}, {"l": "Fuel oil", "v": 0.001562565331645283}, {"l": "Liquefied petroleum gas (LPG)", "v": 3.2571616264721576e-05}, {"l": "Coal", "v": 8.8831680721967947e-06}]}, {"source": 80, "prod": 0, "target": 30, "value": 0.31419789661263181, "supply": [{"l": "Motor Gasoline", "v": 0.033516447395234204}, {"l": "Gas-Diesel oil", "v": 0.20905397190213593}, {"l": "Natural gas (including LNG)", "v": 0.0063561972110628652}, {"l": "Fuel oil", "v": 0.063584389264642674}, {"l": "Liquefied petroleum gas (LPG)", "v": 0.0013254142310798241}, {"l": "Coal", "v": 0.00036147660847631578}]}, {"source": 80, "prod": 0, "target": 31, "value": 0.0014848671862600748, "supply": [{"l": "Motor Gasoline", "v": 0.00015839530905120136}, {"l": "Gas-Diesel oil", "v": 0.00098796773110650256}, {"l": "Natural gas (including LNG)", "v": 3.0038739182716754e-05}, {"l": "Fuel oil", "v": 0.00030049333300870827}, {"l": "Liquefied petroleum gas (LPG)", "v": 6.2637723586003032e-06}, {"l": "Coal", "v": 1.7083015523455377e-06}]}, {"source": 80, "prod": 0, "target": 33, "value": 0.25302136853871676, "supply": [{"l": "Motor Gasoline", "v": 0.026990560662324713}, {"l": "Gas-Diesel oil", "v": 0.16834970138054806}, {"l": "Natural gas (including LNG)", "v": 0.0051186011567349353}, {"l": "Fuel oil", "v": 0.051204063944683895}, {"l": "Liquefied petroleum gas (LPG)", "v": 0.0010673468099054917}, {"l": "Coal", "v": 0.00029109458451967961}]}, {"source": 80, "prod": 0, "target": 78, "value": 0.0014848671862600757, "supply": [{"l": "Motor Gasoline", "v": 0.00015839530905120144}, {"l": "Gas-Diesel oil", "v": 0.00098796773110650321}, {"l": "Natural gas (including LNG)", "v": 3.0038739182716771e-05}, {"l": "Fuel oil", "v": 0.00030049333300870848}, {"l": "Liquefied petroleum gas (LPG)", "v": 6.2637723586003066e-06}, {"l": "Coal", "v": 1.7083015523455386e-06}]}, {"source": 80, "prod": 0, "target": 36, "value": 0.00237578749801612, "supply": [{"l": "Motor Gasoline", "v": 0.0002534324944819222}, {"l": "Gas-Diesel oil", "v": 0.0015807483697704043}, {"l": "Natural gas (including LNG)", "v": 4.8061982692346814e-05}, {"l": "Fuel oil", "v": 0.00048078933281393328}, {"l": "Liquefied petroleum gas (LPG)", "v": 1.0022035773760487e-05}, {"l": "Coal", "v": 2.7332824837528605e-06}]}, {"source": 80, "prod": 0, "target": 5, "value": 0.20075404358236212, "supply": [{"l": "Motor Gasoline", "v": 0.021415045783722424}, {"l": "Gas-Diesel oil", "v": 0.13357323724559916}, {"l": "Natural gas (including LNG)", "v": 0.0040612375375033054}, {"l": "Fuel oil", "v": 0.04062669862277736}, {"l": "Liquefied petroleum gas (LPG)", "v": 0.0008468620228827611}, {"l": "Coal", "v": 0.0002309623698771167}]}, {"source": 80, "prod": 0, "target": 6, "value": 2.0491167170389035, "supply": [{"l": "Motor Gasoline", "v": 0.21858552649065791}, {"l": "Gas-Diesel oil", "v": 1.3633954689269736}, {"l": "Natural gas (including LNG)", "v": 0.041453460072149124}, {"l": "Fuel oil", "v": 0.41468079955201748}, {"l": "Liquefied petroleum gas (LPG)", "v": 0.0086440058548684189}, {"l": "Coal", "v": 0.0023574561422368421}]}, {"source": 80, "prod": 0, "target": 45, "value": 0.0014848671862600748, "supply": [{"l": "Motor Gasoline", "v": 0.00015839530905120136}, {"l": "Gas-Diesel oil", "v": 0.00098796773110650256}, {"l": "Natural gas (including LNG)", "v": 3.0038739182716754e-05}, {"l": "Fuel oil", "v": 0.00030049333300870827}, {"l": "Liquefied petroleum gas (LPG)", "v": 6.2637723586003032e-06}, {"l": "Coal", "v": 1.7083015523455377e-06}]}, {"source": 80, "prod": 0, "target": 46, "value": 0.27588832320712192, "supply": [{"l": "Motor Gasoline", "v": 0.029429848421713214}, {"l": "Gas-Diesel oil", "v": 0.18356440443958819}, {"l": "Natural gas (including LNG)", "v": 0.0055811977401487734}, {"l": "Fuel oil", "v": 0.055831661273018009}, {"l": "Liquefied petroleum gas (LPG)", "v": 0.0011638089042279366}, {"l": "Coal", "v": 0.00031740242842580091}]}, {"source": 80, "prod": 0, "target": 68, "value": 1.308464964532378, "supply": [{"l": "Motor Gasoline", "v": 0.13957794633591863}, {"l": "Gas-Diesel oil", "v": 0.87059716465105008}, {"l": "Natural gas (including LNG)", "v": 0.026470136967810004}, {"l": "Fuel oil", "v": 0.26479472504727375}, {"l": "Liquefied petroleum gas (LPG)", "v": 0.005519636202398588}, {"l": "Coal", "v": 0.0015053553279268878}]}, {"source": 80, "prod": 0, "target": 54, "value": 0.28093687164040615, "supply": [{"l": "Motor Gasoline", "v": 0.029968392472487299}, {"l": "Gas-Diesel oil", "v": 0.1869234947253503}, {"l": "Natural gas (including LNG)", "v": 0.0056833294533700099}, {"l": "Fuel oil", "v": 0.056853338605247612}, {"l": "Liquefied petroleum gas (LPG)", "v": 0.0011851057302471775}, {"l": "Coal", "v": 0.00032321065370377573}]}, {"source": 80, "prod": 0, "target": 13, "value": 0.0029697343725201496, "supply": [{"l": "Motor Gasoline", "v": 0.00031679061810240271}, {"l": "Gas-Diesel oil", "v": 0.0019759354622130051}, {"l": "Natural gas (including LNG)", "v": 6.0077478365433509e-05}, {"l": "Fuel oil", "v": 0.00060098666601741653}, {"l": "Liquefied petroleum gas (LPG)", "v": 1.2527544717200606e-05}, {"l": "Coal", "v": 3.4166031046910754e-06}]}, {"source": 80, "prod": 0, "target": 67, "value": 0.0065334156195443298, "supply": [{"l": "Motor Gasoline", "v": 0.00069693935982528604}, {"l": "Gas-Diesel oil", "v": 0.0043470580168686115}, {"l": "Natural gas (including LNG)", "v": 0.00013217045240395374}, {"l": "Fuel oil", "v": 0.0013221706652383166}, {"l": "Liquefied petroleum gas (LPG)", "v": 2.756059837784134e-05}, {"l": "Coal", "v": 7.5165268303203666e-06}]}, {"source": 80, "prod": 0, "target": 62, "value": 0.013660778113592687, "supply": [{"l": "Motor Gasoline", "v": 0.0014572368432710524}, {"l": "Gas-Diesel oil", "v": 0.0090893031261798235}, {"l": "Natural gas (including LNG)", "v": 0.00027635640048099413}, {"l": "Fuel oil", "v": 0.0027645386636801161}, {"l": "Liquefied petroleum gas (LPG)", "v": 5.7626705699122789e-05}, {"l": "Coal", "v": 1.5716374281578946e-05}]}, {"source": 80, "prod": 0, "target": 15, "value": 0.0053455218705362696, "supply": [{"l": "Motor Gasoline", "v": 0.00057022311258432491}, {"l": "Gas-Diesel oil", "v": 0.003556683831983409}, {"l": "Natural gas (including LNG)", "v": 0.00010813946105778031}, {"l": "Fuel oil", "v": 0.0010817759988313498}, {"l": "Liquefied petroleum gas (LPG)", "v": 2.2549580490961093e-05}, {"l": "Coal", "v": 6.1498855884439351e-06}]}, {"source": 82, "prod": 13.560903508771929, "target": 0, "value": 0.088226483819203935, "supply": [{"l": "Potash", "v": 0.37645580585672023}, {"l": "Phosphate", "v": 0.53135258375841532}, {"l": "Nitrogen", "v": 1.3463191677437218}]}, {"source": 82, "prod": 12.867166666666666, "target": 7, "value": 0.083713070517856106, "supply": [{"l": "Potash", "v": 0.37645580585672023}, {"l": "Phosphate", "v": 0.53135258375841532}, {"l": "Nitrogen", "v": 1.3463191677437218}]}, {"source": 82, "prod": 0.42945614035087715, "target": 17, "value": 0.0027940177579772255, "supply": [{"l": "Potash", "v": 0.37645580585672023}, {"l": "Phosphate", "v": 0.53135258375841532}, {"l": "Nitrogen", "v": 1.3463191677437218}]}, {"source": 82, "prod": 24.478999999999996, "target": 10, "value": 0.15925901220470187, "supply": [{"l": "Potash", "v": 0.37645580585672023}, {"l": "Phosphate", "v": 0.53135258375841532}, {"l": "Nitrogen", "v": 1.3463191677437218}]}, {"source": 82, "prod": 0.5946315789473684, "target": 25, "value": 0.0038686399725838508, "supply": [{"l": "Potash", "v": 0.37645580585672023}, {"l": "Phosphate", "v": 0.53135258375841532}, {"l": "Nitrogen", "v": 1.3463191677437218}]}, {"source": 82, "prod": 0.16517543859649123, "target": 64, "value": 0.0010746222146066253, "supply": [{"l": "Potash", "v": 0.37645580585672023}, {"l": "Phosphate", "v": 0.53135258375841532}, {"l": "Nitrogen", "v": 1.3463191677437218}]}, {"source": 82, "prod": 2.2133508771929824, "target": 14, "value": 0.01439993767572878, "supply": [{"l": "Potash", "v": 0.37645580585672023}, {"l": "Phosphate", "v": 0.53135258375841532}, {"l": "Nitrogen", "v": 1.3463191677437218}]}, {"source": 82, "prod": 25.602192982456138, "target": 3, "value": 0.16656644326402692, "supply": [{"l": "Potash", "v": 0.37645580585672023}, {"l": "Phosphate", "v": 0.53135258375841532}, {"l": "Nitrogen", "v": 1.3463191677437218}]}, {"source": 82, "prod": 0.42945614035087715, "target": 28, "value": 0.0027940177579772255, "supply": [{"l": "Potash", "v": 0.37645580585672023}, {"l": "Phosphate", "v": 0.53135258375841532}, {"l": "Nitrogen", "v": 1.3463191677437218}]}, {"source": 82, "prod": 17.47556140350877, "target": 30, "value": 0.11369503030538096, "supply": [{"l": "Potash", "v": 0.37645580585672023}, {"l": "Phosphate", "v": 0.53135258375841532}, {"l": "Nitrogen", "v": 1.3463191677437218}]}, {"source": 82, "prod": 0.082587719298245613, "target": 31, "value": 0.00053731110730331267, "supply": [{"l": "Potash", "v": 0.37645580585672023}, {"l": "Phosphate", "v": 0.53135258375841532}, {"l": "Nitrogen", "v": 1.3463191677437218}]}, {"source": 82, "prod": 14.072947368421053, "target": 33, "value": 0.091557812684484485, "supply": [{"l": "Potash", "v": 0.37645580585672023}, {"l": "Phosphate", "v": 0.53135258375841532}, {"l": "Nitrogen", "v": 1.3463191677437218}]}, {"source": 82, "prod": 0.082587719298245654, "target": 78, "value": 0.000537311107303313, "supply": [{"l": "Potash", "v": 0.37645580585672023}, {"l": "Phosphate", "v": 0.53135258375841532}, {"l": "Nitrogen", "v": 1.3463191677437218}]}, {"source": 82, "prod": 0.13214035087719297, "target": 36, "value": 0.00085969777168530027, "supply": [{"l": "Potash", "v": 0.37645580585672023}, {"l": "Phosphate", "v": 0.53135258375841532}, {"l": "Nitrogen", "v": 1.3463191677437218}]}, {"source": 82, "prod": 11.165859649122806, "target": 5, "value": 0.072644461707407876, "supply": [{"l": "Potash", "v": 0.37645580585672023}, {"l": "Phosphate", "v": 0.53135258375841532}, {"l": "Nitrogen", "v": 1.3463191677437218}]}, {"source": 82, "prod": 113.97105263157894, "target": 6, "value": 0.74148932807857149, "supply": [{"l": "Potash", "v": 0.37645580585672023}, {"l": "Phosphate", "v": 0.53135258375841532}, {"l": "Nitrogen", "v": 1.3463191677437218}]}, {"source": 82, "prod": 0.082587719298245613, "target": 45, "value": 0.00053731110730331267, "supply": [{"l": "Potash", "v": 0.37645580585672023}, {"l": "Phosphate", "v": 0.53135258375841532}, {"l": "Nitrogen", "v": 1.3463191677437218}]}, {"source": 82, "prod": 15.344798245614035, "target": 46, "value": 0.099832403736955497, "supply": [{"l": "Potash", "v": 0.37645580585672023}, {"l": "Phosphate", "v": 0.53135258375841532}, {"l": "Nitrogen", "v": 1.3463191677437218}]}, {"source": 82, "prod": 72.776298245614029, "target": 68, "value": 0.4734785477556791, "supply": [{"l": "Potash", "v": 0.37645580585672023}, {"l": "Phosphate", "v": 0.53135258375841532}, {"l": "Nitrogen", "v": 1.3463191677437218}]}, {"source": 82, "prod": 15.62559649122807, "target": 54, "value": 0.10165926150178675, "supply": [{"l": "Potash", "v": 0.37645580585672023}, {"l": "Phosphate", "v": 0.53135258375841532}, {"l": "Nitrogen", "v": 1.3463191677437218}]}, {"source": 82, "prod": 0.16517543859649123, "target": 13, "value": 0.0010746222146066253, "supply": [{"l": "Potash", "v": 0.37645580585672023}, {"l": "Phosphate", "v": 0.53135258375841532}, {"l": "Nitrogen", "v": 1.3463191677437218}]}, {"source": 82, "prod": 0.3633859649122807, "target": 67, "value": 0.0023641688721345758, "supply": [{"l": "Potash", "v": 0.37645580585672023}, {"l": "Phosphate", "v": 0.53135258375841532}, {"l": "Nitrogen", "v": 1.3463191677437218}]}, {"source": 82, "prod": 0.7598070175438596, "target": 62, "value": 0.0049432621871904761, "supply": [{"l": "Potash", "v": 0.37645580585672023}, {"l": "Phosphate", "v": 0.53135258375841532}, {"l": "Nitrogen", "v": 1.3463191677437218}]}, {"source": 82, "prod": 0.2973157894736842, "target": 15, "value": 0.0019343199862919254, "supply": [{"l": "Potash", "v": 0.37645580585672023}, {"l": "Phosphate", "v": 0.53135258375841532}, {"l": "Nitrogen", "v": 1.3463191677437218}]}, {"source": 80, "prod": 0, "target": 82, "value": 3.0230855756611166, "supply": [{"l": "Natural gas (including LNG)", "v": 1.9471098636297135}, {"l": "Fuel oil", "v": 0.8379852754215189}, {"l": "Liquefied petroleum gas (LPG)", "v": 0.11899521830494193}, {"l": "Coal", "v": 0.11899521830494193}]}, {"source": 83, "prod": 0, "target": 0, "value": 0.010531941525167491, "supply": "[{\"l\":'Labor',\"v\":0.010531941525167491}]"}, {"source": 83, "prod": 0, "target": 7, "value": 0.0099931576712612366, "supply": "[{\"l\":'Labor',\"v\":0.0099931576712612366}]"}, {"source": 83, "prod": 0, "target": 17, "value": 0.00033353286194196679, "supply": "[{\"l\":'Labor',\"v\":0.00033353286194196679}]"}, {"source": 83, "prod": 0, "target": 10, "value": 0.019011373130692108, "supply": "[{\"l\":'Labor',\"v\":0.019011373130692108}]"}, {"source": 83, "prod": 0, "target": 41, "value": 0.0001667664309709834, "supply": "[{\"l\":'Labor',\"v\":0.0001667664309709834}]"}, {"source": 83, "prod": 0, "target": 23, "value": 0.00044898654492187847, "supply": "[{\"l\":'Labor',\"v\":0.00044898654492187847}]"}, {"source": 83, "prod": 0, "target": 25, "value": 0.00046181473191964637, "supply": "[{\"l\":'Labor',\"v\":0.00046181473191964637}]"}, {"source": 83, "prod": 0, "target": 64, "value": 0.00012828186997767955, "supply": "[{\"l\":'Labor',\"v\":0.00012828186997767955}]"}, {"source": 83, "prod": 0, "target": 14, "value": 0.0017189770577009061, "supply": "[{\"l\":'Labor',\"v\":0.0017189770577009061}]"}, {"source": 83, "prod": 0, "target": 27, "value": 0.00023090736595982319, "supply": "[{\"l\":'Labor',\"v\":0.00023090736595982319}]"}, {"source": 83, "prod": 0, "target": 3, "value": 0.01988368984654033, "supply": "[{\"l\":'Labor',\"v\":0.01988368984654033}]"}, {"source": 83, "prod": 0, "target": 28, "value": 0.00033353286194196679, "supply": "[{\"l\":'Labor',\"v\":0.00033353286194196679}]"}, {"source": 83, "prod": 0, "target": 30, "value": 0.013572221843638496, "supply": "[{\"l\":'Labor',\"v\":0.013572221843638496}]"}, {"source": 83, "prod": 0, "target": 31, "value": 6.4140934988839775e-05, "supply": "[{\"l\":'Labor',\"v\":6.4140934988839775e-05}]"}, {"source": 83, "prod": 0, "target": 33, "value": 0.010929615322098298, "supply": "[{\"l\":'Labor',\"v\":0.010929615322098298}]"}, {"source": 83, "prod": 0, "target": 34, "value": 1.2828186997767956e-05, "supply": "[{\"l\":'Labor',\"v\":1.2828186997767956e-05}]"}, {"source": 83, "prod": 0, "target": 67, "value": 0.00028222011395089507, "supply": "[{\"l\":'Labor',\"v\":0.00028222011395089507}]"}, {"source": 83, "prod": 0, "target": 36, "value": 0.00010262549598214365, "supply": "[{\"l\":'Labor',\"v\":0.00010262549598214365}]"}, {"source": 83, "prod": 0, "target": 5, "value": 0.0086718544104911373, "supply": "[{\"l\":'Labor',\"v\":0.0086718544104911373}]"}, {"source": 83, "prod": 0, "target": 6, "value": 0.088514490284598901, "supply": "[{\"l\":'Labor',\"v\":0.088514490284598901}]"}, {"source": 83, "prod": 0, "target": 43, "value": 2.5656373995535912e-05, "supply": "[{\"l\":'Labor',\"v\":2.5656373995535912e-05}]"}, {"source": 83, "prod": 0, "target": 78, "value": 6.4140934988839816e-05, "supply": "[{\"l\":'Labor',\"v\":6.4140934988839816e-05}]"}, {"source": 83, "prod": 0, "target": 45, "value": 6.4140934988839775e-05, "supply": "[{\"l\":'Labor',\"v\":6.4140934988839775e-05}]"}, {"source": 83, "prod": 0, "target": 15, "value": 0.00023090736595982319, "supply": "[{\"l\":'Labor',\"v\":0.00023090736595982319}]"}, {"source": 83, "prod": 0, "target": 68, "value": 0.056520991912165613, "supply": "[{\"l\":'Labor',\"v\":0.056520991912165613}]"}, {"source": 83, "prod": 0, "target": 48, "value": 0.00032070467494419889, "supply": "[{\"l\":'Labor',\"v\":0.00032070467494419889}]"}, {"source": 83, "prod": 0, "target": 50, "value": 0.0005131274799107182, "supply": "[{\"l\":'Labor',\"v\":0.0005131274799107182}]"}, {"source": 83, "prod": 0, "target": 52, "value": 1.2828186997767956e-05, "supply": "[{\"l\":'Labor',\"v\":1.2828186997767956e-05}]"}, {"source": 83, "prod": 0, "target": 53, "value": 1.2828186997767956e-05, "supply": "[{\"l\":'Labor',\"v\":1.2828186997767956e-05}]"}, {"source": 83, "prod": 0, "target": 54, "value": 0.012135464899888485, "supply": "[{\"l\":'Labor',\"v\":0.012135464899888485}]"}, {"source": 83, "prod": 0, "target": 13, "value": 0.00012828186997767955, "supply": "[{\"l\":'Labor',\"v\":0.00012828186997767955}]"}, {"source": 83, "prod": 0, "target": 57, "value": 3.8484560993303867e-05, "supply": "[{\"l\":'Labor',\"v\":3.8484560993303867e-05}]"}, {"source": 83, "prod": 0, "target": 59, "value": 0.001116052268805812, "supply": "[{\"l\":'Labor',\"v\":0.001116052268805812}]"}, {"source": 83, "prod": 0, "target": 62, "value": 0.00059009660189732595, "supply": "[{\"l\":'Labor',\"v\":0.00059009660189732595}]"}, {"source": 83, "prod": 0, "target": 46, "value": 0.011917385720926432, "supply": "[{\"l\":'Labor',\"v\":0.011917385720926432}]"}, {"source": 80, "prod": 0, "target": 73, "value": 4.8825692823680065, "supply": "[{\"l\":'Fossil Fuels',\"v\":4.8825692823680065}]"}, {"source": 81, "prod": 0, "target": 73, "value": 0.69326595539354852, "supply": "[{\"l\":'Renewables & Nuclear',\"v\":0.44710545401424184},{\"l\":'Biomass & Waste',\"v\":0.24616050137930665}]"}]}