{"nodes": [{"layer": 3, "name": "Starchy Roots"}, {"layer": 5, "name": "Production", "fill": "#b5cf6b"}, {"layer": 3, "name": "Fruits - Excluding Wine"}, {"layer": 3, "name": "Stimulants"}, {"layer": 3, "name": "Oilcrops", "fill": "#ff9896"}, {"layer": 0, "name": "Fossil Fuels", "fill": "#c49c94"}, {"layer": 1, "name": "Fertilizers", "fill": "#c5b0d5"}, {"layer": 0, "name": "Labor", "fill": "#7f7f7f"}], "links": [{"source": 0, "prod": 39.0, "target": 1, "value": 0.036090418115809486, "supply": [{"l": "Roots, Other", "v": 0.034986860925545191}, {"l": "Yams", "v": 0.001103557190264298}]}, {"source": 2, "prod": 52.0, "target": 1, "value": 0.026423884339844668, "supply": [{"l": "Pineapples", "v": 0.00147774489762642}, {"l": "Bananas", "v": 0.014605976547861206}, {"l": "Fruits, Other", "v": 0.010056531491781323}, {"l": "Citrus, Other", "v": 0.0002836314025757238}]}, {"source": 3, "prod": 1.0, "target": 1, "value": 0.0013693602124354839, "supply": [{"l": "Cocoa Beans", "v": 0.0013693602124354839}]}, {"source": 4, "prod": 182.0, "target": 1, "value": 0.235609355817467, "supply": [{"l": "Coconuts - Incl Copra", "v": 0.235609355817467}]}, {"source": 5, "prod": 0, "target": 0, "value": 0.0019862172005289734, "supply": [{"l": "Motor Gasoline", "v": 0.00016761015339079307}, {"l": "Gas-Diesel oil", "v": 0.0010846104734091953}, {"l": "Other fossil fuels", "v": 0.00073399657372898511}]}, {"source": 5, "prod": 0, "target": 2, "value": 0.0026147669475318131, "supply": [{"l": "Motor Gasoline", "v": 0.00022065134117268961}, {"l": "Gas-Diesel oil", "v": 0.0014278416358804596}, {"l": "Other fossil fuels", "v": 0.00096627397047866403}]}, {"source": 5, "prod": 0, "target": 3, "value": 7.5425969640340761e-05, "supply": [{"l": "Motor Gasoline", "v": 6.3649425338275849e-06}, {"l": "Gas-Diesel oil", "v": 4.1187739496551719e-05}, {"l": "Other fossil fuels", "v": 2.7873287609961464e-05}]}, {"source": 5, "prod": 0, "target": 4, "value": 0.0095790981443232785, "supply": [{"l": "Motor Gasoline", "v": 0.00080834770179610339}, {"l": "Gas-Diesel oil", "v": 0.0052308429160620685}, {"l": "Other fossil fuels", "v": 0.003539907526465106}]}, {"source": 6, "prod": 0.01838793103448276, "target": 0, "value": 0.00015396487081282702, "supply": [{"l": "Potash", "v": 0.00011537500009229999}, {"l": "Phosphate", "v": 0.00018937500015149997}, {"l": "Nitrogen", "v": 0.00082562500066049984}]}, {"source": 6, "prod": 0.024206896551724141, "target": 2, "value": 0.00020268793119663305, "supply": [{"l": "Potash", "v": 0.00011537500009229999}, {"l": "Phosphate", "v": 0.00018937500015149997}, {"l": "Nitrogen", "v": 0.00082562500066049984}]}, {"source": 6, "prod": 0.00069827586206896552, "target": 3, "value": 5.8467672460567229e-06, "supply": [{"l": "Potash", "v": 0.00011537500009229999}, {"l": "Phosphate", "v": 0.00018937500015149997}, {"l": "Nitrogen", "v": 0.00082562500066049984}]}, {"source": 6, "prod": 0.088681034482758631, "target": 4, "value": 0.00074253944024920381, "supply": [{"l": "Potash", "v": 0.00011537500009229999}, {"l": "Phosphate", "v": 0.00018937500015149997}, {"l": "Nitrogen", "v": 0.00082562500066049984}]}, {"source": 5, "prod": 0, "target": 6, "value": 0.0014431774459482969, "supply": [{"l": "Natural gas (including LNG)", "v": 0.00095017739709086298}, {"l": "Fuel oil", "v": 0.00034705333793559178}, {"l": "Liquefied petroleum gas (LPG)", "v": 7.2973355460921054e-05}, {"l": "Coal", "v": 7.2973355460921054e-05}]}, {"source": 7, "prod": 0, "target": 0, "value": 0.0023503356548558044, "supply": "[{\"l\":'Labor',\"v\":0.0023503356548558044}]"}, {"source": 7, "prod": 0, "target": 2, "value": 0.0030941127608228309, "supply": "[{\"l\":'Labor',\"v\":0.0030941127608228309}]"}, {"source": 7, "prod": 0, "target": 3, "value": 8.9253252716043209e-05, "supply": "[{\"l\":'Labor',\"v\":8.9253252716043209e-05}]"}, {"source": 7, "prod": 0, "target": 4, "value": 0.011335163094937487, "supply": "[{\"l\":'Labor',\"v\":0.011335163094937487}]"}]}