{"nodes": [{"layer": 5, "name": "Roots, Other"}, {"layer": 10, "name": "Feed", "fill": "#dbdb8d"}, {"layer": 5, "name": "Bananas"}, {"layer": 13, "name": "Pigmeat"}, {"layer": 16, "name": "Food", "fill": "#b5cf6b"}, {"layer": 5, "name": "Pineapples"}, {"layer": 5, "name": "Wheat"}, {"layer": 5, "name": "Coconuts - Incl Copra"}, {"layer": 13, "name": "Bovine Meat"}, {"layer": 5, "name": "Fruits, Other"}, {"layer": 5, "name": "Yams"}, {"layer": 13, "name": "Sugar", "fill": "#d6616b"}, {"layer": 13, "name": "Milk - Excluding Butter"}, {"layer": 5, "name": "Citrus, Other"}, {"layer": 13, "name": "Beer"}, {"layer": 13, "name": "Pelagic Fish"}, {"layer": 13, "name": "Marine Fish, Other"}, {"layer": 13, "name": "Fish, Seafood"}, {"layer": 5, "name": "Rice"}, {"layer": 10, "name": "Processing", "fill": "#9edae5"}, {"layer": 16, "name": "Biofuels & Other", "fill": "#e7ba52"}, {"name": "Waste", "fill": "#c7c7c7"}, {"layer": 2, "name": "Import", "fill": "#aec7e8"}, {"layer": 16, "name": "Export", "fill": "#aec7e8"}, {"layer": 5, "name": "Cocoa Beans"}, {"layer": 0, "name": "Stock Draw", "fill": "#c7c7c7"}, {"name": "Crop Residue", "fill": "#bd9e39"}, {"layer": 2, "name": "Electricity", "fill": "#bcbd22"}, {"layer": 0, "name": "Fossil Fuels", "fill": "#c49c94"}, {"layer": 0, "name": "Renewables & Nuclear", "fill": "#2ca02c"}, {"layer": 2, "name": "Fertilizers", "fill": "#c5b0d5"}, {"layer": 0, "name": "Labor", "fill": "#7f7f7f"}], "links": [{"source": 0, "prod": 1.0, "target": 1, "value": 0.00091595202573593589, "supply": [{"l": "Roots, Other", "v": 0.00091595202573593589}]}, {"source": 2, "prod": 3.0, "target": 1, "value": 0.0021959611980524488, "supply": [{"l": "Bananas", "v": 0.0021959611980524488}]}, {"source": 3, "prod": 1.0, "target": 4, "value": 0.004149264403093985, "supply": [{"l": "Pigmeat", "v": 0.004149264403093985}]}, {"source": 5, "prod": 3.0, "target": 4, "value": 0.00085546685908978958, "supply": [{"l": "Pineapples", "v": 0.00085546685908978958}]}, {"source": 6, "prod": 5.0, "target": 4, "value": 0.015275161510742891, "supply": [{"l": "Wheat", "v": 0.015275161510742891}]}, {"source": 2, "prod": 11.0, "target": 4, "value": 0.008051857726192312, "supply": [{"l": "Bananas", "v": 0.008051857726192312}]}, {"source": 7, "prod": 20.0, "target": 4, "value": 0.025886001712141744, "supply": [{"l": "Coconuts - Incl Copra", "v": 0.025886001712141744}]}, {"source": 8, "prod": 2.0, "target": 4, "value": 0.0047549191753839355, "supply": [{"l": "Bovine Meat", "v": 0.0047549191753839355}]}, {"source": 0, "prod": 22.0, "target": 4, "value": 0.020150944566190588, "supply": [{"l": "Roots, Other", "v": 0.020150944566190588}]}, {"source": 9, "prod": 17.0, "target": 4, "value": 0.0063539636910351811, "supply": [{"l": "Fruits, Other", "v": 0.0063539636910351811}]}, {"source": 10, "prod": 1.0, "target": 4, "value": 0.0011067082536256984, "supply": [{"l": "Yams", "v": 0.0011067082536256984}]}, {"source": 11, "prod": 3.0, "target": 4, "value": 0.012546000650775303, "supply": [{"l": "Sugar", "v": 0.012546000650775303}]}, {"source": 12, "prod": 1.0, "target": 4, "value": 0.00085355562839477218, "supply": [{"l": "Milk - Excluding Butter", "v": 0.00085355562839477218}]}, {"source": 13, "prod": 1.0, "target": 4, "value": 0.00033425328020078739, "supply": [{"l": "Citrus, Other", "v": 0.00033425328020078739}]}, {"source": 14, "prod": 1.0, "target": 4, "value": 0.00050296405906990538, "supply": [{"l": "Beer", "v": 0.00050296405906990538}]}, {"source": 15, "prod": 3.0, "target": 4, "value": 0.0032420627450292549, "supply": [{"l": "Pelagic Fish", "v": 0.0032420627450292549}]}, {"source": 16, "prod": 1.0, "target": 4, "value": 0.000711058066758794, "supply": [{"l": "Marine Fish, Other", "v": 0.000711058066758794}]}, {"source": 17, "prod": 4.0, "target": 4, "value": 0.0038112712378271362, "supply": [{"l": "Fish, Seafood", "v": 0.0038112712378271362}]}, {"source": 18, "prod": 1.0, "target": 4, "value": 0.00424501665855, "supply": [{"l": "Rice", "v": 0.00424501665855}]}, {"source": 7, "prod": 4.0, "target": 19, "value": 0.0051772003424283494, "supply": [{"l": "Coconuts - Incl Copra", "v": 0.0051772003424283494}]}, {"source": 6, "prod": 1.0, "target": 20, "value": 0.0030550323021485779, "supply": [{"l": "Wheat", "v": 0.0030550323021485779}]}, {"source": 9, "prod": 1.0, "target": 20, "value": 0.000373762570060893, "supply": [{"l": "Fruits, Other", "v": 0.000373762570060893}]}, {"source": 2, "prod": 2.0, "target": 20, "value": 0.0014639741320349659, "supply": [{"l": "Bananas", "v": 0.0014639741320349659}]}, {"source": 7, "prod": 3.0, "target": 20, "value": 0.0038829002568212621, "supply": [{"l": "Coconuts - Incl Copra", "v": 0.0038829002568212621}]}, {"source": 9, "prod": 1.0, "target": 21, "value": 0.000373762570060893, "supply": [{"l": "Fruits, Other", "v": 0.000373762570060893}]}, {"source": 2, "prod": 2.0, "target": 21, "value": 0.0014639741320349659, "supply": [{"l": "Bananas", "v": 0.0014639741320349659}]}, {"source": 7, "prod": 4.0, "target": 21, "value": 0.0051772003424283494, "supply": [{"l": "Coconuts - Incl Copra", "v": 0.0051772003424283494}]}, {"source": 22, "prod": 4.0, "target": 19, "value": 0.013048964709845208, "supply": [{"l": "Beer", "v": 0.00050296405906990538}, {"l": "Sugar", "v": 0.012546000650775303}]}, {"source": 22, "prod": 4.0, "target": 6, "value": 0.012220129208594312, "supply": [{"l": "Wheat", "v": 0.012220129208594312}]}, {"source": 22, "prod": 8.0, "target": 1, "value": 0.010855435348783544, "supply": [{"l": "Pelagic Fish", "v": 0.0032420627450292549}, {"l": "Fish, Seafood", "v": 0.0028584534283703522}, {"l": "Bovine Meat", "v": 0.0047549191753839355}]}, {"source": 7, "prod": 50.0, "target": 23, "value": 0.064715004280354371, "supply": [{"l": "Coconuts - Incl Copra", "v": 0.064715004280354371}]}, {"source": 0, "prod": 1.0, "target": 23, "value": 0.00091595202573593589, "supply": [{"l": "Roots, Other", "v": 0.00091595202573593589}]}, {"source": 2, "prod": 3.0, "target": 23, "value": 0.0021959611980524488, "supply": [{"l": "Bananas", "v": 0.0021959611980524488}]}, {"source": 24, "prod": 3.0, "target": 23, "value": 0.007796969372846939, "supply": [{"l": "Cocoa Beans", "v": 0.007796969372846939}]}, {"source": 25, "prod": 2.0, "target": 6, "value": 0.0061100646042971558, "supply": [{"l": "Wheat", "v": 0.0061100646042971558}]}, {"source": 25, "prod": 1.0, "target": 18, "value": 0.00424501665855, "supply": [{"l": "Rice", "v": 0.00424501665855}]}, {"source": 1, "prod": 1.0, "target": 3, "value": 0.004149264403093985, "supply": [{"l": "Pigmeat", "v": 0.004149264403093985}]}, {"source": 1, "prod": 3.0, "target": 15, "value": 0.0032420627450292549, "supply": [{"l": "Pelagic Fish", "v": 0.0032420627450292549}]}, {"source": 1, "prod": 2.0, "target": 8, "value": 0.0047549191753839355, "supply": [{"l": "Bovine Meat", "v": 0.0047549191753839355}]}, {"source": 1, "prod": 1.0, "target": 12, "value": 0.00085355562839477218, "supply": [{"l": "Milk - Excluding Butter", "v": 0.00085355562839477218}]}, {"source": 1, "prod": 1.0, "target": 16, "value": 0.000711058066758794, "supply": [{"l": "Marine Fish, Other", "v": 0.000711058066758794}]}, {"source": 1, "prod": 4.0, "target": 17, "value": 0.0038112712378271362, "supply": [{"l": "Fish, Seafood", "v": 0.0038112712378271362}]}, {"source": 19, "prod": 1.0, "target": 14, "value": 0.00050296405906990538, "supply": [{"l": "Beer", "v": 0.00050296405906990538}]}, {"source": 19, "prod": 3.0, "target": 11, "value": 0.012546000650775303, "supply": [{"l": "Sugar", "v": 0.012546000650775303}]}, {"source": 18, "prod": 1.0, "target": 26, "value": 0.0034866666599999998, "supply": [{"l": "Rice", "v": 0.0034866666599999998}]}, {"source": 0, "prod": 12.0, "target": 26, "value": 0.041839999920000009, "supply": [{"l": "Roots, Other", "v": 0.041839999920000009}]}, {"source": 6, "prod": 6.0, "target": 26, "value": 0.020919999960000005, "supply": [{"l": "Wheat", "v": 0.020919999960000005}]}, {"source": 10, "prod": 0.5, "target": 26, "value": 0.0017433333300000001, "supply": [{"l": "Yams", "v": 0.0017433333300000001}]}, {"source": 7, "prod": 81.0, "target": 26, "value": 0.28241999945999996, "supply": [{"l": "Coconuts - Incl Copra", "v": 0.28241999945999996}]}, {"source": 27, "prod": 0, "target": 19, "value": 0.00286102762229029, "supply": "[{\"l\":'Electricity',\"v\":0.00286102762229029}]"}, {"source": 28, "prod": 0, "target": 27, "value": 0.0057341896191540394, "supply": [{"l": "Coal", "v": 0.001937021678219572}, {"l": "Natural gas", "v": 9.2993699667569943e-05}, {"l": "Oil", "v": 0.0037041742412668973}]}, {"source": 29, "prod": 0, "target": 27, "value": 0.00066049549723731619, "supply": [{"l": "Nuclear", "v": 3.5343051298550535e-05}, {"l": "Hydroelectric", "v": 0.00061878103951246014}, {"l": "Renewable", "v": 6.3714064263054637e-06}]}, {"source": 28, "prod": 0, "target": 5, "value": 0.00028010039096067288, "supply": [{"l": "Motor Gasoline", "v": 2.7345679034222219e-05}, {"l": "Gas-Diesel oil", "v": 0.00017695473265185184}, {"l": "Other fossil fuels", "v": 7.5799979274598841e-05}]}, {"source": 28, "prod": 0, "target": 2, "value": 0.0017206166873298477, "supply": [{"l": "Motor Gasoline", "v": 0.00016798059978165075}, {"l": "Gas-Diesel oil", "v": 0.0010870076434328041}, {"l": "Other fossil fuels", "v": 0.00046562844411539284}]}, {"source": 28, "prod": 0, "target": 7, "value": 0.006482323333661286, "supply": [{"l": "Motor Gasoline", "v": 0.00063285714336342835}, {"l": "Gas-Diesel oil", "v": 0.0040952380985142854}, {"l": "Other fossil fuels", "v": 0.001754228091783573}]}, {"source": 28, "prod": 0, "target": 0, "value": 0.0019206883951589, "supply": [{"l": "Motor Gasoline", "v": 0.00018751322766323808}, {"l": "Gas-Diesel oil", "v": 0.0012134038810412699}, {"l": "Other fossil fuels", "v": 0.00051977128645439203}]}, {"source": 28, "prod": 0, "target": 9, "value": 0.0015205449795007958, "supply": [{"l": "Motor Gasoline", "v": 0.00014844797190006348}, {"l": "Gas-Diesel oil", "v": 0.00096061140582433854}, {"l": "Other fossil fuels", "v": 0.0004114856017763937}]}, {"source": 28, "prod": 0, "target": 10, "value": 8.0028683131620824e-05, "supply": [{"l": "Motor Gasoline", "v": 7.8130511526349194e-06}, {"l": "Gas-Diesel oil", "v": 5.0558495043386241e-05}, {"l": "Other fossil fuels", "v": 2.1657136935599669e-05}]}, {"source": 28, "prod": 0, "target": 13, "value": 8.0028683131620824e-05, "supply": [{"l": "Motor Gasoline", "v": 7.8130511526349194e-06}, {"l": "Gas-Diesel oil", "v": 5.0558495043386241e-05}, {"l": "Other fossil fuels", "v": 2.1657136935599669e-05}]}, {"source": 28, "prod": 0, "target": 24, "value": 0.0002400860493948625, "supply": [{"l": "Motor Gasoline", "v": 2.343915345790476e-05}, {"l": "Gas-Diesel oil", "v": 0.00015167548513015874}, {"l": "Other fossil fuels", "v": 6.4971410806799004e-05}]}, {"source": 30, "prod": 0.00072889770454129916, "target": 5, "value": 4.4445793493159409e-06, "supply": [{"l": "Potash", "v": 3.0834259096251374e-05}, {"l": "Phosphate", "v": 6.3092456926567707e-05}, {"l": "Nitrogen", "v": 0.00010607935469639823}]}, {"source": 30, "prod": 0.0044775144707536949, "target": 2, "value": 2.7302416002940775e-05, "supply": [{"l": "Potash", "v": 3.0834259096251374e-05}, {"l": "Phosphate", "v": 6.3092456926567707e-05}, {"l": "Nitrogen", "v": 0.00010607935469639823}]}, {"source": 30, "prod": 0.016868775447955779, "target": 7, "value": 0.00010286026494131176, "supply": [{"l": "Potash", "v": 3.0834259096251374e-05}, {"l": "Phosphate", "v": 6.3092456926567707e-05}, {"l": "Nitrogen", "v": 0.00010607935469639823}]}, {"source": 30, "prod": 0.004998155688283195, "target": 0, "value": 3.047711553816645e-05, "supply": [{"l": "Potash", "v": 3.0834259096251374e-05}, {"l": "Phosphate", "v": 6.3092456926567707e-05}, {"l": "Nitrogen", "v": 0.00010607935469639823}]}, {"source": 30, "prod": 0.0039568732532241956, "target": 9, "value": 2.4127716467715107e-05, "supply": [{"l": "Potash", "v": 3.0834259096251374e-05}, {"l": "Phosphate", "v": 6.3092456926567707e-05}, {"l": "Nitrogen", "v": 0.00010607935469639823}]}, {"source": 30, "prod": 0.00020825648701179976, "target": 10, "value": 1.2698798140902687e-06, "supply": [{"l": "Potash", "v": 3.0834259096251374e-05}, {"l": "Phosphate", "v": 6.3092456926567707e-05}, {"l": "Nitrogen", "v": 0.00010607935469639823}]}, {"source": 30, "prod": 0.00020825648701179976, "target": 13, "value": 1.2698798140902687e-06, "supply": [{"l": "Potash", "v": 3.0834259096251374e-05}, {"l": "Phosphate", "v": 6.3092456926567707e-05}, {"l": "Nitrogen", "v": 0.00010607935469639823}]}, {"source": 30, "prod": 0.00062476946103539937, "target": 24, "value": 3.8096394422708062e-06, "supply": [{"l": "Potash", "v": 3.0834259096251374e-05}, {"l": "Phosphate", "v": 6.3092456926567707e-05}, {"l": "Nitrogen", "v": 0.00010607935469639823}]}, {"source": 28, "prod": 0, "target": 30, "value": 0.00026476581745704729, "supply": [{"l": "Natural gas (including LNG)", "v": 0.00017269339157003645}, {"l": "Fuel oil", "v": 7.3320652500466997e-05}, {"l": "Liquefied petroleum gas (LPG)", "v": 9.3758866932719113e-06}, {"l": "Coal", "v": 9.3758866932719113e-06}]}, {"source": 31, "prod": 0, "target": 24, "value": 0.00023921664138711198, "supply": "[{\"l\":'Labor',\"v\":0.00023921664138711198}]"}, {"source": 31, "prod": 0, "target": 5, "value": 0.0002790860816182973, "supply": "[{\"l\":'Labor',\"v\":0.0002790860816182973}]"}, {"source": 31, "prod": 0, "target": 6, "value": 0.00023921664138711198, "supply": "[{\"l\":'Labor',\"v\":0.00023921664138711198}]"}, {"source": 31, "prod": 0, "target": 2, "value": 0.001714385929940969, "supply": "[{\"l\":'Labor',\"v\":0.001714385929940969}]"}, {"source": 31, "prod": 0, "target": 7, "value": 0.006458849317452023, "supply": "[{\"l\":'Labor',\"v\":0.006458849317452023}]"}, {"source": 31, "prod": 0, "target": 0, "value": 0.0019137331310968959, "supply": "[{\"l\":'Labor',\"v\":0.0019137331310968959}]"}, {"source": 31, "prod": 0, "target": 9, "value": 0.0015150387287850425, "supply": "[{\"l\":'Labor',\"v\":0.0015150387287850425}]"}, {"source": 31, "prod": 0, "target": 10, "value": 7.9738880462370656e-05, "supply": "[{\"l\":'Labor',\"v\":7.9738880462370656e-05}]"}, {"source": 31, "prod": 0, "target": 13, "value": 7.9738880462370656e-05, "supply": "[{\"l\":'Labor',\"v\":7.9738880462370656e-05}]"}, {"source": 31, "prod": 0, "target": 18, "value": 3.9869440231185328e-05, "supply": "[{\"l\":'Labor',\"v\":3.9869440231185328e-05}]"}, {"source": 28, "prod": 0, "target": 22, "value": 0.022664275607693622, "supply": "[{\"l\":'Fossil Fuels',\"v\":0.022664275607693622}]"}, {"source": 29, "prod": 0, "target": 22, "value": 0.0013428129670793746, "supply": "[{\"l\":'Renewables & Nuclear',\"v\":0.00092069147025033461},{\"l\":'Biomass & Waste',\"v\":0.00042212149682903995}]"}]}