{"nodes": [{"layer": 5, "name": "Starchy Roots"}, {"layer": 10, "name": "Feed", "fill": "#dbdb8d"}, {"layer": 5, "name": "Fruits & Vegetables"}, {"layer": 13, "name": "Other Processed", "fill": "#9c9ede"}, {"layer": 16, "name": "Food", "fill": "#b5cf6b"}, {"layer": 13, "name": "Animal Products", "fill": "#17becf"}, {"layer": 5, "name": "Cereals", "fill": "#e7ba52"}, {"layer": 5, "name": "Oilcrops", "fill": "#ff9896"}, {"layer": 13, "name": "Sugar", "fill": "#d6616b"}, {"layer": 13, "name": "Aquatic Products", "fill": "#1f77b4"}, {"layer": 10, "name": "Processing", "fill": "#9edae5"}, {"layer": 16, "name": "Biofuels & Other", "fill": "#e7ba52"}, {"name": "Waste", "fill": "#c7c7c7"}, {"layer": 0, "name": "Import", "fill": "#aec7e8"}, {"layer": 16, "name": "Export", "fill": "#aec7e8"}, {"layer": 5, "name": "Others"}, {"layer": 16, "name": "Stock Deposit", "fill": "#c7c7c7"}, {"layer": 0, "name": "Stock Draw", "fill": "#c7c7c7"}, {"layer": 0, "name": "Production", "fill": "#b5cf6b"}], "links": [{"source": 0, "prod": 0.00091523005848870515, "target": 1, "value": 1.0, "supply": [{"l": "Roots, Other", "v": 1.0}]}, {"source": 2, "prod": 0.0036643570093725102, "target": 1, "value": 5.0, "supply": [{"l": "Bananas", "v": 5.0}]}, {"source": 3, "prod": 0.00050535912601785721, "target": 4, "value": 1.0, "supply": [{"l": "Beer", "v": 1.0}]}, {"source": 5, "prod": 0.010092591777611629, "target": 4, "value": 4.0, "supply": [{"l": "Pigmeat", "v": 1.0}, {"l": "Bovine Meat", "v": 2.0}, {"l": "Milk - Excluding Butter", "v": 1.0}]}, {"source": 6, "prod": 0.019536188558450955, "target": 4, "value": 6.0, "supply": [{"l": "Wheat", "v": 5.0}, {"l": "Rice", "v": 1.0}]}, {"source": 7, "prod": 0.023261586140700188, "target": 4, "value": 18.0, "supply": [{"l": "Coconuts - Incl Copra", "v": 18.0}]}, {"source": 8, "prod": 0.012616127462682097, "target": 4, "value": 3.0, "supply": [{"l": "Sugar", "v": 3.0}]}, {"source": 0, "prod": 0.021183213548121884, "target": 4, "value": 23.0, "supply": [{"l": "Roots, Other", "v": 22.0}, {"l": "Yams", "v": 1.0}]}, {"source": 2, "prod": 0.011550674723028247, "target": 4, "value": 26.0, "supply": [{"l": "Pineapples", "v": 3.0}, {"l": "Bananas", "v": 6.0}, {"l": "Fruits, Other", "v": 16.0}, {"l": "Citrus, Other", "v": 1.0}]}, {"source": 9, "prod": 0.0077787516461447033, "target": 4, "value": 8.0, "supply": [{"l": "Pelagic Fish", "v": 3.0}, {"l": "Marine Fish, Other", "v": 1.0}, {"l": "Fish, Seafood", "v": 4.0}]}, {"source": 7, "prod": 0.0025846206823000213, "target": 10, "value": 2.0, "supply": [{"l": "Coconuts - Incl Copra", "v": 2.0}]}, {"source": 2, "prod": 0.0025741596340917057, "target": 11, "value": 4.0, "supply": [{"l": "Fruits, Other", "v": 1.0}, {"l": "Bananas", "v": 3.0}]}, {"source": 6, "prod": 0.0030483786199105895, "target": 11, "value": 1.0, "supply": [{"l": "Wheat", "v": 1.0}]}, {"source": 7, "prod": 0.0038769310234500315, "target": 11, "value": 3.0, "supply": [{"l": "Coconuts - Incl Copra", "v": 3.0}]}, {"source": 2, "prod": 0.0025741596340917057, "target": 12, "value": 4.0, "supply": [{"l": "Fruits, Other", "v": 1.0}, {"l": "Bananas", "v": 3.0}]}, {"source": 7, "prod": 0.0077538620469000631, "target": 12, "value": 6.0, "supply": [{"l": "Coconuts - Incl Copra", "v": 6.0}]}, {"source": 13, "prod": 0.013121486588699955, "target": 10, "value": 4.0, "supply": [{"l": "Beer", "v": 1.0}, {"l": "Sugar", "v": 3.0}]}, {"source": 13, "prod": 0.019536188558450955, "target": 6, "value": 6.0, "supply": [{"l": "Wheat", "v": 5.0}, {"l": "Rice", "v": 1.0}]}, {"source": 13, "prod": 0.010751532021334699, "target": 1, "value": 8.0, "supply": [{"l": "Pelagic Fish", "v": 3.0}, {"l": "Fish, Seafood", "v": 3.0}, {"l": "Bovine Meat", "v": 2.0}]}, {"source": 0, "prod": 0.00091523005848870515, "target": 14, "value": 1.0, "supply": [{"l": "Roots, Other", "v": 1.0}]}, {"source": 2, "prod": 0.011725942429992033, "target": 14, "value": 16.0, "supply": [{"l": "Bananas", "v": 16.0}]}, {"source": 7, "prod": 0.098215585927400803, "target": 14, "value": 76.0, "supply": [{"l": "Coconuts - Incl Copra", "v": 76.0}]}, {"source": 15, "prod": 0.011073956500565219, "target": 14, "value": 3.0, "supply": [{"l": "Cocoa Beans", "v": 3.0}]}, {"source": 7, "prod": 0.0077538620469000631, "target": 16, "value": 6.0, "supply": [{"l": "Coconuts - Incl Copra", "v": 6.0}]}, {"source": 17, "prod": 0.0036913188335217393, "target": 15, "value": 1.0, "supply": [{"l": "Cocoa Beans", "v": 1.0}]}, {"source": 18, "prod": 0.14344644786765115, "target": 7, "value": 111.0, "supply": [{"l": "Coconuts - Incl Copra", "v": 111.0}]}, {"source": 18, "prod": 0.023013673665099293, "target": 0, "value": 25.0, "supply": [{"l": "Roots, Other", "v": 24.0}, {"l": "Yams", "v": 1.0}]}, {"source": 18, "prod": 0.032089293430576205, "target": 2, "value": 55.0, "supply": [{"l": "Pineapples", "v": 3.0}, {"l": "Bananas", "v": 33.0}, {"l": "Fruits, Other", "v": 18.0}, {"l": "Citrus, Other", "v": 1.0}]}, {"source": 18, "prod": 0.0073826376670434787, "target": 15, "value": 2.0, "supply": [{"l": "Cocoa Beans", "v": 2.0}]}, {"source": 1, "prod": 0.0077787516461447033, "target": 9, "value": 8.0, "supply": [{"l": "Pelagic Fish", "v": 3.0}, {"l": "Marine Fish, Other", "v": 1.0}, {"l": "Fish, Seafood", "v": 4.0}]}, {"source": 1, "prod": 0.010092591777611629, "target": 5, "value": 4.0, "supply": [{"l": "Milk - Excluding Butter", "v": 1.0}, {"l": "Bovine Meat", "v": 2.0}, {"l": "Pigmeat", "v": 1.0}]}, {"source": 10, "prod": 0.00050535912601785721, "target": 3, "value": 1.0, "supply": [{"l": "Beer", "v": 1.0}]}, {"source": 10, "prod": 0.012616127462682097, "target": 8, "value": 3.0, "supply": [{"l": "Sugar", "v": 3.0}]}]}