{"nodes": [{"layer": 3, "name": "Oilcrops", "fill": "#ff9896"}, {"layer": 5, "name": "Production", "fill": "#b5cf6b"}, {"layer": 3, "name": "Starchy Roots"}, {"layer": 3, "name": "Fruits & Vegetables"}, {"layer": 3, "name": "Others"}, {"layer": 0, "name": "Fossil Fuels", "fill": "#c49c94"}, {"layer": 1, "name": "Fertilizers", "fill": "#c5b0d5"}, {"layer": 0, "name": "Labor", "fill": "#7f7f7f"}], "links": [{"source": 0, "prod": 130.0, "target": 1, "value": 0.16861990997642257, "supply": [{"l": "Coconuts - Incl Copra", "v": 0.16861990997642257}]}, {"source": 2, "prod": 36.0, "target": 1, "value": 0.033199650282788998, "supply": [{"l": "Roots, Other", "v": 0.032124054845656398}, {"l": "Yams", "v": 0.0010755954371326013}]}, {"source": 3, "prod": 54.0, "target": 1, "value": 0.02836332127604467, "supply": [{"l": "Pineapples", "v": 0.0014192106213577265}, {"l": "Bananas", "v": 0.016905143417929792}, {"l": "Fruits, Other", "v": 0.0097578403057273499}, {"l": "Citrus, Other", "v": 0.00028112693102980136}]}, {"source": 4, "prod": 2.0, "target": 1, "value": 0.0027886970749598544, "supply": [{"l": "Cocoa Beans", "v": 0.0027886970749598544}]}, {"source": 5, "prod": 0, "target": 2, "value": 0.0021540330758386553, "supply": [{"l": "Motor Gasoline", "v": 0.00019742979258773624}, {"l": "Gas-Diesel oil", "v": 0.001277574278596337}, {"l": "Other fossil fuels", "v": 0.00067902900465458221}]}, {"source": 5, "prod": 0, "target": 3, "value": 0.0032162959625536085, "supply": [{"l": "Motor Gasoline", "v": 0.0002947924300282637}, {"l": "Gas-Diesel oil", "v": 0.0019076109091369963}, {"l": "Other fossil fuels", "v": 0.0010138926233883487}]}, {"source": 5, "prod": 0, "target": 0, "value": 0.0076718986262746623, "supply": [{"l": "Motor Gasoline", "v": 0.00070317460373714273}, {"l": "Gas-Diesel oil", "v": 0.0045502645539047615}, {"l": "Other fossil fuels", "v": 0.0024184594686327584}]}, {"source": 5, "prod": 0, "target": 4, "value": 0.00011802920963499481, "supply": [{"l": "Motor Gasoline", "v": 1.0818070826725273e-05}, {"l": "Gas-Diesel oil", "v": 7.0004070060073251e-05}, {"l": "Other fossil fuels", "v": 3.7207068748196282e-05}]}, {"source": 6, "prod": 0.0091111632656851894, "target": 2, "value": 5.5532493630216018e-05, "supply": [{"l": "Potash", "v": 5.3396365957286462e-05}, {"l": "Phosphate", "v": 0.00010925859799903258}, {"l": "Nitrogen", "v": 0.00018347222236899998}]}, {"source": 6, "prod": 0.013604339670680626, "target": 3, "value": 8.2918380899911582e-05, "supply": [{"l": "Potash", "v": 5.3396365957286462e-05}, {"l": "Phosphate", "v": 0.00010925859799903258}, {"l": "Nitrogen", "v": 0.00018347222236899998}]}, {"source": 6, "prod": 0.03245071848052259, "target": 0, "value": 0.00019778696361446798, "supply": [{"l": "Potash", "v": 5.3396365957286462e-05}, {"l": "Phosphate", "v": 0.00010925859799903258}, {"l": "Nitrogen", "v": 0.00018347222236899998}]}, {"source": 6, "prod": 0.00049924182277727067, "target": 4, "value": 3.0428763632995075e-06, "supply": [{"l": "Potash", "v": 5.3396365957286462e-05}, {"l": "Phosphate", "v": 0.00010925859799903258}, {"l": "Nitrogen", "v": 0.00018347222236899998}]}, {"source": 5, "prod": 0, "target": 6, "value": 0.00045823242214184328, "supply": [{"l": "Natural gas (including LNG)", "v": 0.00029887445438636564}, {"l": "Fuel oil", "v": 0.00012692536532840163}, {"l": "Liquefied petroleum gas (LPG)", "v": 1.6216301213538011e-05}, {"l": "Coal", "v": 1.6216301213538011e-05}]}, {"source": 7, "prod": 0, "target": 2, "value": 0.0027429487209004312, "supply": "[{\"l\":'Labor',\"v\":0.0027429487209004312}]"}, {"source": 7, "prod": 0, "target": 3, "value": 0.004095635761344479, "supply": "[{\"l\":'Labor',\"v\":0.004095635761344479}]"}, {"source": 7, "prod": 0, "target": 0, "value": 0.0097694064032070125, "supply": "[{\"l\":'Labor',\"v\":0.0097694064032070125}]"}, {"source": 7, "prod": 0, "target": 4, "value": 0.00015029856004933868, "supply": "[{\"l\":'Labor',\"v\":0.00015029856004933868}]"}]}