{"nodes": [{"layer": 5, "name": "Roots, Other"}, {"layer": 10, "name": "Feed", "fill": "#dbdb8d"}, {"layer": 5, "name": "Bananas"}, {"layer": 13, "name": "Pigmeat"}, {"layer": 16, "name": "Food", "fill": "#b5cf6b"}, {"layer": 5, "name": "Pineapples"}, {"layer": 5, "name": "Wheat"}, {"layer": 5, "name": "Coconuts - Incl Copra"}, {"layer": 13, "name": "Bovine Meat"}, {"layer": 5, "name": "Fruits, Other"}, {"layer": 5, "name": "Yams"}, {"layer": 13, "name": "Sugar", "fill": "#d6616b"}, {"layer": 13, "name": "Milk - Excluding Butter"}, {"layer": 5, "name": "Citrus, Other"}, {"layer": 13, "name": "Beer"}, {"layer": 13, "name": "Pelagic Fish"}, {"layer": 13, "name": "Marine Fish, Other"}, {"layer": 13, "name": "Fish, Seafood"}, {"layer": 5, "name": "Rice"}, {"layer": 10, "name": "Processing", "fill": "#9edae5"}, {"layer": 16, "name": "Biofuels & Other", "fill": "#e7ba52"}, {"name": "Waste", "fill": "#c7c7c7"}, {"layer": 2, "name": "Import", "fill": "#aec7e8"}, {"layer": 16, "name": "Export", "fill": "#aec7e8"}, {"layer": 5, "name": "Cocoa Beans"}, {"layer": 16, "name": "Stock Deposit", "fill": "#c7c7c7"}, {"name": "Crop Residue", "fill": "#bd9e39"}, {"layer": 2, "name": "Electricity", "fill": "#bcbd22"}, {"layer": 0, "name": "Fossil Fuels", "fill": "#c49c94"}, {"layer": 0, "name": "Renewables & Nuclear", "fill": "#2ca02c"}, {"layer": 2, "name": "Fertilizers", "fill": "#c5b0d5"}, {"layer": 0, "name": "Labor", "fill": "#7f7f7f"}], "links": [{"source": 0, "prod": 1.0, "target": 1, "value": 0.00091658976660548893, "supply": [{"l": "Roots, Other", "v": 0.00091658976660548893}]}, {"source": 2, "prod": 4.0, "target": 1, "value": 0.0029288601352652011, "supply": [{"l": "Bananas", "v": 0.0029288601352652011}]}, {"source": 3, "prod": 1.0, "target": 4, "value": 0.0041683572155062085, "supply": [{"l": "Pigmeat", "v": 0.0041683572155062085}]}, {"source": 5, "prod": 3.0, "target": 4, "value": 0.00089134208053543319, "supply": [{"l": "Pineapples", "v": 0.00089134208053543319}]}, {"source": 6, "prod": 5.0, "target": 4, "value": 0.015272341208192968, "supply": [{"l": "Wheat", "v": 0.015272341208192968}]}, {"source": 2, "prod": 10.0, "target": 4, "value": 0.0073221503381630023, "supply": [{"l": "Bananas", "v": 0.0073221503381630023}]}, {"source": 7, "prod": 24.0, "target": 4, "value": 0.031076707005384448, "supply": [{"l": "Coconuts - Incl Copra", "v": 0.031076707005384448}]}, {"source": 8, "prod": 2.0, "target": 4, "value": 0.0047770008433810742, "supply": [{"l": "Bovine Meat", "v": 0.0047770008433810742}]}, {"source": 0, "prod": 25.0, "target": 4, "value": 0.022914744165137221, "supply": [{"l": "Roots, Other", "v": 0.022914744165137221}]}, {"source": 9, "prod": 19.0, "target": 4, "value": 0.0070595463030590812, "supply": [{"l": "Fruits, Other", "v": 0.0070595463030590812}]}, {"source": 10, "prod": 1.0, "target": 4, "value": 0.001109324910770906, "supply": [{"l": "Yams", "v": 0.001109324910770906}]}, {"source": 11, "prod": 3.0, "target": 4, "value": 0.012533888797419806, "supply": [{"l": "Sugar", "v": 0.012533888797419806}]}, {"source": 12, "prod": 1.0, "target": 4, "value": 0.00095797272971509181, "supply": [{"l": "Milk - Excluding Butter", "v": 0.00095797272971509181}]}, {"source": 13, "prod": 1.0, "target": 4, "value": 0.00035155417462111804, "supply": [{"l": "Citrus, Other", "v": 0.00035155417462111804}]}, {"source": 14, "prod": 1.0, "target": 4, "value": 0.00053229049010031356, "supply": [{"l": "Beer", "v": 0.00053229049010031356}]}, {"source": 15, "prod": 3.0, "target": 4, "value": 0.00323611135405157, "supply": [{"l": "Pelagic Fish", "v": 0.00323611135405157}]}, {"source": 16, "prod": 1.0, "target": 4, "value": 0.00077438114832587088, "supply": [{"l": "Marine Fish, Other", "v": 0.00077438114832587088}]}, {"source": 17, "prod": 4.0, "target": 4, "value": 0.0036509836612132539, "supply": [{"l": "Fish, Seafood", "v": 0.0036509836612132539}]}, {"source": 18, "prod": 1.0, "target": 4, "value": 0.00424501665855, "supply": [{"l": "Rice", "v": 0.00424501665855}]}, {"source": 7, "prod": 1.0, "target": 19, "value": 0.0012948627918910186, "supply": [{"l": "Coconuts - Incl Copra", "v": 0.0012948627918910186}]}, {"source": 6, "prod": 1.0, "target": 20, "value": 0.003054468241638594, "supply": [{"l": "Wheat", "v": 0.003054468241638594}]}, {"source": 9, "prod": 1.0, "target": 20, "value": 0.00037155506858205689, "supply": [{"l": "Fruits, Other", "v": 0.00037155506858205689}]}, {"source": 2, "prod": 3.0, "target": 20, "value": 0.0021966451014489006, "supply": [{"l": "Bananas", "v": 0.0021966451014489006}]}, {"source": 7, "prod": 4.0, "target": 20, "value": 0.0051794511675640744, "supply": [{"l": "Coconuts - Incl Copra", "v": 0.0051794511675640744}]}, {"source": 9, "prod": 1.0, "target": 21, "value": 0.00037155506858205689, "supply": [{"l": "Fruits, Other", "v": 0.00037155506858205689}]}, {"source": 2, "prod": 3.0, "target": 21, "value": 0.0021966451014489006, "supply": [{"l": "Bananas", "v": 0.0021966451014489006}]}, {"source": 7, "prod": 7.0, "target": 21, "value": 0.0090640395432371301, "supply": [{"l": "Coconuts - Incl Copra", "v": 0.0090640395432371301}]}, {"source": 22, "prod": 4.0, "target": 19, "value": 0.01306617928752012, "supply": [{"l": "Beer", "v": 0.00053229049010031356}, {"l": "Sugar", "v": 0.012533888797419806}]}, {"source": 22, "prod": 6.0, "target": 6, "value": 0.018326809449831564, "supply": [{"l": "Wheat", "v": 0.018326809449831564}]}, {"source": 22, "prod": 9.0, "target": 1, "value": 0.011709322673057677, "supply": [{"l": "Milk - Excluding Butter", "v": 0.00095797272971509181}, {"l": "Pelagic Fish", "v": 0.00323611135405157}, {"l": "Fish, Seafood", "v": 0.0027382377459099407}, {"l": "Bovine Meat", "v": 0.0047770008433810742}]}, {"source": 22, "prod": 1.0, "target": 18, "value": 0.00424501665855, "supply": [{"l": "Rice", "v": 0.00424501665855}]}, {"source": 7, "prod": 91.0, "target": 23, "value": 0.11783251406208269, "supply": [{"l": "Coconuts - Incl Copra", "v": 0.11783251406208269}]}, {"source": 2, "prod": 7.0, "target": 23, "value": 0.0051255052367141021, "supply": [{"l": "Bananas", "v": 0.0051255052367141021}]}, {"source": 24, "prod": 3.0, "target": 23, "value": 0.0066156103769610397, "supply": [{"l": "Cocoa Beans", "v": 0.0066156103769610397}]}, {"source": 7, "prod": 6.0, "target": 25, "value": 0.0077691767513461121, "supply": [{"l": "Coconuts - Incl Copra", "v": 0.0077691767513461121}]}, {"source": 1, "prod": 1.0, "target": 3, "value": 0.0041683572155062085, "supply": [{"l": "Pigmeat", "v": 0.0041683572155062085}]}, {"source": 1, "prod": 3.0, "target": 15, "value": 0.00323611135405157, "supply": [{"l": "Pelagic Fish", "v": 0.00323611135405157}]}, {"source": 1, "prod": 2.0, "target": 8, "value": 0.0047770008433810742, "supply": [{"l": "Bovine Meat", "v": 0.0047770008433810742}]}, {"source": 1, "prod": 1.0, "target": 12, "value": 0.00095797272971509181, "supply": [{"l": "Milk - Excluding Butter", "v": 0.00095797272971509181}]}, {"source": 1, "prod": 1.0, "target": 16, "value": 0.00077438114832587088, "supply": [{"l": "Marine Fish, Other", "v": 0.00077438114832587088}]}, {"source": 1, "prod": 4.0, "target": 17, "value": 0.0036509836612132539, "supply": [{"l": "Fish, Seafood", "v": 0.0036509836612132539}]}, {"source": 19, "prod": 1.0, "target": 14, "value": 0.00053229049010031356, "supply": [{"l": "Beer", "v": 0.00053229049010031356}]}, {"source": 19, "prod": 3.0, "target": 11, "value": 0.012533888797419806, "supply": [{"l": "Sugar", "v": 0.012533888797419806}]}, {"source": 18, "prod": 1.0, "target": 26, "value": 0.0034866666599999998, "supply": [{"l": "Rice", "v": 0.0034866666599999998}]}, {"source": 0, "prod": 13.25, "target": 26, "value": 0.046198333245000001, "supply": [{"l": "Roots, Other", "v": 0.046198333245000001}]}, {"source": 6, "prod": 6.0, "target": 26, "value": 0.020919999959999998, "supply": [{"l": "Wheat", "v": 0.020919999959999998}]}, {"source": 10, "prod": 0.5, "target": 26, "value": 0.0017433333300000001, "supply": [{"l": "Yams", "v": 0.0017433333300000001}]}, {"source": 7, "prod": 133.0, "target": 26, "value": 0.4637266657800001, "supply": [{"l": "Coconuts - Incl Copra", "v": 0.4637266657800001}]}, {"source": 27, "prod": 0, "target": 19, "value": 0.0028781178523831059, "supply": "[{\"l\":'Electricity',\"v\":0.0028781178523831059}]"}, {"source": 28, "prod": 0, "target": 27, "value": 0.0057669214384234316, "supply": [{"l": "Coal", "v": 0.0019485923970471817}, {"l": "Natural gas", "v": 9.2028068583267531e-05}, {"l": "Oil", "v": 0.0037263009727929826}]}, {"source": 29, "prod": 0, "target": 27, "value": 0.00066444093975423187, "supply": [{"l": "Nuclear", "v": 3.5554171552744692e-05}, {"l": "Hydroelectric", "v": 0.00062247730244258668}, {"l": "Renewable", "v": 6.4094657589005263e-06}]}, {"source": 28, "prod": 0, "target": 5, "value": 0.00020144206199226473, "supply": [{"l": "Motor Gasoline", "v": 1.9666413004063923e-05}, {"l": "Gas-Diesel oil", "v": 0.0001272619652633181}, {"l": "Other fossil fuels", "v": 5.4513683724882725e-05}]}, {"source": 28, "prod": 0, "target": 2, "value": 0.0015252041836557187, "supply": [{"l": "Motor Gasoline", "v": 0.00014890284131648397}, {"l": "Gas-Diesel oil", "v": 0.00096355487985083697}, {"l": "Other fossil fuels", "v": 0.00041274646248839775}]}, {"source": 28, "prod": 0, "target": 24, "value": 0.00017266462456479834, "supply": [{"l": "Motor Gasoline", "v": 1.6856925432054789e-05}, {"l": "Gas-Diesel oil", "v": 0.00010908168451141551}, {"l": "Other fossil fuels", "v": 4.6726014621328046e-05}]}, {"source": 28, "prod": 0, "target": 7, "value": 0.0076547983557060609, "supply": [{"l": "Motor Gasoline", "v": 0.00074732369415442907}, {"l": "Gas-Diesel oil", "v": 0.0048359546800060878}, {"l": "Other fossil fuels", "v": 0.0020715199815455436}]}, {"source": 28, "prod": 0, "target": 0, "value": 0.0015252041836557187, "supply": [{"l": "Motor Gasoline", "v": 0.00014890284131648397}, {"l": "Gas-Diesel oil", "v": 0.00096355487985083697}, {"l": "Other fossil fuels", "v": 0.00041274646248839775}]}, {"source": 28, "prod": 0, "target": 9, "value": 0.0012086523719535883, "supply": [{"l": "Motor Gasoline", "v": 0.00011799847802438354}, {"l": "Gas-Diesel oil", "v": 0.00076357179157990861}, {"l": "Other fossil fuels", "v": 0.00032708210234929633}]}, {"source": 28, "prod": 0, "target": 10, "value": 5.7554874854932785e-05, "supply": [{"l": "Motor Gasoline", "v": 5.6189751440182632e-06}, {"l": "Gas-Diesel oil", "v": 3.6360561503805174e-05}, {"l": "Other fossil fuels", "v": 1.5575338207109351e-05}]}, {"source": 28, "prod": 0, "target": 13, "value": 5.7554874854932785e-05, "supply": [{"l": "Motor Gasoline", "v": 5.6189751440182632e-06}, {"l": "Gas-Diesel oil", "v": 3.6360561503805174e-05}, {"l": "Other fossil fuels", "v": 1.5575338207109351e-05}]}, {"source": 30, "prod": 0.00059224060184382755, "target": 5, "value": 3.6112891183242524e-06, "supply": [{"l": "Potash", "v": 3.4836031075109801e-05}, {"l": "Phosphate", "v": 7.1280804355897259e-05}, {"l": "Nitrogen", "v": 0.00011984668368699618}]}, {"source": 30, "prod": 0.0044841074139604087, "target": 2, "value": 2.734261761016934e-05, "supply": [{"l": "Potash", "v": 3.4836031075109801e-05}, {"l": "Phosphate", "v": 7.1280804355897259e-05}, {"l": "Nitrogen", "v": 0.00011984668368699618}]}, {"source": 30, "prod": 0.00050763480158042364, "target": 24, "value": 3.095390672849359e-06, "supply": [{"l": "Potash", "v": 3.4836031075109801e-05}, {"l": "Phosphate", "v": 7.1280804355897259e-05}, {"l": "Nitrogen", "v": 0.00011984668368699618}]}, {"source": 30, "prod": 0.022505142870065449, "target": 7, "value": 0.0001372289864963216, "supply": [{"l": "Potash", "v": 3.4836031075109801e-05}, {"l": "Phosphate", "v": 7.1280804355897259e-05}, {"l": "Nitrogen", "v": 0.00011984668368699618}]}, {"source": 30, "prod": 0.0044841074139604087, "target": 0, "value": 2.734261761016934e-05, "supply": [{"l": "Potash", "v": 3.4836031075109801e-05}, {"l": "Phosphate", "v": 7.1280804355897259e-05}, {"l": "Nitrogen", "v": 0.00011984668368699618}]}, {"source": 30, "prod": 0.0035534436110629653, "target": 9, "value": 2.1667734709945512e-05, "supply": [{"l": "Potash", "v": 3.4836031075109801e-05}, {"l": "Phosphate", "v": 7.1280804355897259e-05}, {"l": "Nitrogen", "v": 0.00011984668368699618}]}, {"source": 30, "prod": 0.00016921160052680789, "target": 10, "value": 1.0317968909497865e-06, "supply": [{"l": "Potash", "v": 3.4836031075109801e-05}, {"l": "Phosphate", "v": 7.1280804355897259e-05}, {"l": "Nitrogen", "v": 0.00011984668368699618}]}, {"source": 30, "prod": 0.00016921160052680789, "target": 13, "value": 1.0317968909497865e-06, "supply": [{"l": "Potash", "v": 3.4836031075109801e-05}, {"l": "Phosphate", "v": 7.1280804355897259e-05}, {"l": "Nitrogen", "v": 0.00011984668368699618}]}, {"source": 28, "prod": 0, "target": 30, "value": 0.00029912799966326633, "supply": [{"l": "Natural gas (including LNG)", "v": 0.00019510611026587874}, {"l": "Fuel oil", "v": 8.2836448931056613e-05}, {"l": "Liquefied petroleum gas (LPG)", "v": 1.0592720233165481e-05}, {"l": "Coal", "v": 1.0592720233165481e-05}]}, {"source": 31, "prod": 0, "target": 24, "value": 0.00019159155431563315, "supply": "[{\"l\":'Labor',\"v\":0.00019159155431563315}]"}, {"source": 31, "prod": 0, "target": 5, "value": 0.00022352348003490532, "supply": "[{\"l\":'Labor',\"v\":0.00022352348003490532}]"}, {"source": 31, "prod": 0, "target": 6, "value": 0.00019159155431563315, "supply": "[{\"l\":'Labor',\"v\":0.00019159155431563315}]"}, {"source": 31, "prod": 0, "target": 2, "value": 0.0016923920631214261, "supply": "[{\"l\":'Labor',\"v\":0.0016923920631214261}]"}, {"source": 31, "prod": 0, "target": 7, "value": 0.0084938922413264027, "supply": "[{\"l\":'Labor',\"v\":0.0084938922413264027}]"}, {"source": 31, "prod": 0, "target": 0, "value": 0.0016923920631214261, "supply": "[{\"l\":'Labor',\"v\":0.0016923920631214261}]"}, {"source": 31, "prod": 0, "target": 9, "value": 0.001341140880209432, "supply": "[{\"l\":'Labor',\"v\":0.001341140880209432}]"}, {"source": 31, "prod": 0, "target": 10, "value": 6.3863851438544379e-05, "supply": "[{\"l\":'Labor',\"v\":6.3863851438544379e-05}]"}, {"source": 31, "prod": 0, "target": 13, "value": 6.3863851438544379e-05, "supply": "[{\"l\":'Labor',\"v\":6.3863851438544379e-05}]"}, {"source": 31, "prod": 0, "target": 18, "value": 3.193192571927219e-05, "supply": "[{\"l\":'Labor',\"v\":3.193192571927219e-05}]"}, {"source": 28, "prod": 0, "target": 22, "value": 0.023844011740836644, "supply": "[{\"l\":'Fossil Fuels',\"v\":0.023844011740836644}]"}, {"source": 29, "prod": 0, "target": 22, "value": 0.0011930007016690719, "supply": "[{\"l\":'Renewables & Nuclear',\"v\":0.00085209162270428226},{\"l\":'Biomass & Waste',\"v\":0.00034090907896478949}]"}]}