{"nodes": [{"layer": 5, "name": "Starchy Roots"}, {"layer": 10, "name": "Feed", "fill": "#dbdb8d"}, {"layer": 5, "name": "Fruits - Excluding Wine"}, {"layer": 16, "name": "Food", "fill": "#b5cf6b"}, {"layer": 5, "name": "Oilcrops", "fill": "#ff9896"}, {"layer": 13, "name": "Sugar & Sweeteners"}, {"layer": 5, "name": "Vegetables"}, {"layer": 13, "name": "Alcoholic Beverages"}, {"layer": 13, "name": "Milk - Excluding Butter"}, {"layer": 13, "name": "Fish, Seafood"}, {"layer": 5, "name": "Cereals - Excluding Beer"}, {"layer": 13, "name": "Meat"}, {"layer": 10, "name": "Processing", "fill": "#9edae5"}, {"layer": 16, "name": "Biofuels & Other", "fill": "#e7ba52"}, {"name": "Waste", "fill": "#c7c7c7"}, {"layer": 2, "name": "Import", "fill": "#aec7e8"}, {"layer": 16, "name": "Export", "fill": "#aec7e8"}, {"layer": 13, "name": "Vegetable Oils", "fill": "#f7b6d2"}, {"layer": 5, "name": "Stimulants"}, {"layer": 16, "name": "Stock Deposit", "fill": "#c7c7c7"}, {"layer": 2, "name": "Electricity", "fill": "#bcbd22"}, {"layer": 0, "name": "Fossil Fuels", "fill": "#c49c94"}, {"layer": 0, "name": "Renewables & Nuclear", "fill": "#2ca02c"}, {"layer": 2, "name": "Fertilizers", "fill": "#c5b0d5"}, {"layer": 0, "name": "Labor", "fill": "#7f7f7f"}], "links": [{"source": 0, "prod": 2.0, "target": 1, "value": 0.0018400985807301973, "supply": [{"l": "Roots, Other", "v": 0.0018400985807301973}]}, {"source": 2, "prod": 3.0, "target": 1, "value": 0.0022032469737178666, "supply": [{"l": "Bananas", "v": 0.0022032469737178666}]}, {"source": 0, "prod": 34.0, "target": 3, "value": 0.031458884522868935, "supply": [{"l": "Roots, Other", "v": 0.030361626582048259}, {"l": "Yams", "v": 0.0010972579408206784}]}, {"source": 4, "prod": 27.0, "target": 3, "value": 0.034978937266452001, "supply": [{"l": "Coconuts - Incl Copra", "v": 0.034978937266452001}]}, {"source": 5, "prod": 3.0, "target": 3, "value": 0.010612541646375, "supply": [{"l": "Sugar", "v": 0.010612541646375}]}, {"source": 6, "prod": 1.0, "target": 3, "value": 0.00027168106614720004, "supply": [{"l": "Vegetables, Other", "v": 0.00027168106614720004}]}, {"source": 7, "prod": 3.0, "target": 3, "value": 0.0015221175269701198, "supply": [{"l": "Beer", "v": 0.0015221175269701198}]}, {"source": 8, "prod": 3.0, "target": 3, "value": 0.0025130498618615997, "supply": [{"l": "Milk - Excluding Butter", "v": 0.0025130498618615997}]}, {"source": 9, "prod": 14.0, "target": 3, "value": 0.014644931196390019, "supply": [{"l": "Pelagic Fish", "v": 0.0019961871134988982}, {"l": "Marine Fish, Other", "v": 0.0053133552969167226}, {"l": "Fish, Seafood", "v": 0.0073353887859743993}]}, {"source": 10, "prod": 9.0, "target": 3, "value": 0.029997975764785072, "supply": [{"l": "Wheat", "v": 0.021493886101133584}, {"l": "Rice", "v": 0.0085040896636514891}]}, {"source": 2, "prod": 34.0, "target": 3, "value": 0.017990293863192942, "supply": [{"l": "Bananas", "v": 0.010281819210683376}, {"l": "Fruits, Other", "v": 0.006528791343142654}, {"l": "Pineapples", "v": 0.0011796833093669127}]}, {"source": 11, "prod": 10.0, "target": 3, "value": 0.031010868506004579, "supply": [{"l": "Pigmeat", "v": 0.012515365370738109}, {"l": "Bovine Meat", "v": 0.0024478999015548528}, {"l": "Poultry Meat", "v": 0.001435744078427283}, {"l": "Meat, Other", "v": 0.0024048123927746311}, {"l": "Mutton & Goat Meat", "v": 0.012207046762509704}]}, {"source": 10, "prod": 1.0, "target": 12, "value": 0.0028647351683466259, "supply": [{"l": "Barley", "v": 0.0028647351683466259}]}, {"source": 4, "prod": 108.0, "target": 12, "value": 0.139915749065808, "supply": [{"l": "Coconuts - Incl Copra", "v": 0.139915749065808}]}, {"source": 2, "prod": 3.0, "target": 13, "value": 0.001876880774758327, "supply": [{"l": "Fruits, Other", "v": 0.00040804945894641587}, {"l": "Bananas", "v": 0.001468831315811911}]}, {"source": 4, "prod": 4.0, "target": 13, "value": 0.0051820647802151114, "supply": [{"l": "Coconuts - Incl Copra", "v": 0.0051820647802151114}]}, {"source": 5, "prod": 3.0, "target": 13, "value": 0.010612541646375, "supply": [{"l": "Sugar", "v": 0.010612541646375}]}, {"source": 10, "prod": 2.0, "target": 13, "value": 0.0061411103146095962, "supply": [{"l": "Wheat", "v": 0.0061411103146095962}]}, {"source": 2, "prod": 4.0, "target": 14, "value": 0.0021718016021000548, "supply": [{"l": "Pineapples", "v": 0.00029492082734172817}, {"l": "Fruits, Other", "v": 0.00040804945894641587}, {"l": "Bananas", "v": 0.001468831315811911}]}, {"source": 4, "prod": 9.0, "target": 14, "value": 0.011659645755484, "supply": [{"l": "Coconuts - Incl Copra", "v": 0.011659645755484}]}, {"source": 15, "prod": 14.0, "target": 10, "value": 0.045144931562350894, "supply": [{"l": "Wheat", "v": 0.033776106730352778}, {"l": "Barley", "v": 0.0028647351683466259}, {"l": "Rice", "v": 0.0085040896636514891}]}, {"source": 15, "prod": 8.0, "target": 12, "value": 0.033280106327952676, "supply": [{"l": "Fats, Animals, Raw", "v": 0.0085175091530776698}, {"l": "Sugar", "v": 0.024762597174875004}]}, {"source": 15, "prod": 1.0, "target": 6, "value": 0.00027168106614720004, "supply": [{"l": "Vegetables, Other", "v": 0.00027168106614720004}]}, {"source": 15, "prod": 9.0, "target": 4, "value": 0.011659645755484, "supply": [{"l": "Coconuts - Incl Copra", "v": 0.011659645755484}]}, {"source": 15, "prod": 15.0, "target": 1, "value": 0.026502620939122791, "supply": [{"l": "Bovine Meat", "v": 0.0024478999015548528}, {"l": "Milk - Excluding Butter", "v": 0.0016753665745744002}, {"l": "Poultry Meat", "v": 0.001435744078427283}, {"l": "Marine Fish, Other", "v": 0.0031880131781500333}, {"l": "Fish, Seafood", "v": 0.0031437380511318853}, {"l": "Meat, Other", "v": 0.0024048123927746311}, {"l": "Mutton & Goat Meat", "v": 0.012207046762509704}]}, {"source": 0, "prod": 6.0, "target": 16, "value": 0.0055202957421905926, "supply": [{"l": "Roots, Other", "v": 0.0055202957421905926}]}, {"source": 2, "prod": 3.0, "target": 16, "value": 0.0012241483768392475, "supply": [{"l": "Fruits, Other", "v": 0.0012241483768392475}]}, {"source": 17, "prod": 12.0, "target": 16, "value": 0.12475150996555102, "supply": [{"l": "Coconut Oil", "v": 0.12475150996555102}]}, {"source": 18, "prod": 1.0, "target": 16, "value": 0.0013749041809068827, "supply": [{"l": "Cocoa Beans", "v": 0.0013749041809068827}]}, {"source": 4, "prod": 17.0, "target": 16, "value": 0.022023775315914221, "supply": [{"l": "Coconuts - Incl Copra", "v": 0.022023775315914221}]}, {"source": 10, "prod": 3.0, "target": 19, "value": 0.0092116654719143938, "supply": [{"l": "Wheat", "v": 0.0092116654719143938}]}, {"source": 4, "prod": 22.0, "target": 19, "value": 0.028501356291183111, "supply": [{"l": "Coconuts - Incl Copra", "v": 0.028501356291183111}]}, {"source": 1, "prod": 3.0, "target": 8, "value": 0.0025130498618615997, "supply": [{"l": "Milk - Excluding Butter", "v": 0.0025130498618615997}]}, {"source": 1, "prod": 10.0, "target": 11, "value": 0.031010868506004579, "supply": [{"l": "Poultry Meat", "v": 0.001435744078427283}, {"l": "Bovine Meat", "v": 0.0024478999015548528}, {"l": "Pigmeat", "v": 0.012515365370738109}, {"l": "Meat, Other", "v": 0.0024048123927746311}, {"l": "Mutton & Goat Meat", "v": 0.012207046762509704}]}, {"source": 1, "prod": 14.0, "target": 9, "value": 0.014644931196390019, "supply": [{"l": "Pelagic Fish", "v": 0.0019961871134988982}, {"l": "Marine Fish, Other", "v": 0.0053133552969167226}, {"l": "Fish, Seafood", "v": 0.0073353887859743993}]}, {"source": 12, "prod": 6.0, "target": 5, "value": 0.02122508329275, "supply": [{"l": "Sugar", "v": 0.02122508329275}]}, {"source": 12, "prod": 12.0, "target": 17, "value": 0.12475150996555102, "supply": [{"l": "Coconut Oil", "v": 0.12475150996555102}]}, {"source": 12, "prod": 3.0, "target": 7, "value": 0.0015221175269701198, "supply": [{"l": "Beer", "v": 0.0015221175269701198}]}, {"source": 20, "prod": 0, "target": 12, "value": 0.0019446758056670666, "supply": "[{\"l\":'Electricity',\"v\":0.0019446758056670666}]"}, {"source": 21, "prod": 0, "target": 20, "value": 0.0033254993680131763, "supply": [{"l": "Coal", "v": 0.0017781521583245233}, {"l": "Natural gas", "v": 0.00045607013525726761}, {"l": "Oil", "v": 0.0010912770744313856}]}, {"source": 22, "prod": 0, "target": 20, "value": 0.00062519867963404174, "supply": [{"l": "Nuclear", "v": 0.00026994466059022899}, {"l": "Hydroelectric", "v": 0.00032783037981067421}, {"l": "Renewable", "v": 2.7423639233138578e-05}]}, {"source": 21, "prod": 0, "target": 0, "value": 0.0025687624554107552, "supply": [{"l": "Motor Gasoline", "v": 0.00018327423182510635}, {"l": "Gas-Diesel oil", "v": 0.0011859732081985815}, {"l": "Other fossil fuels", "v": 0.0011995150153870672}]}, {"source": 21, "prod": 0, "target": 2, "value": 0.0029357285204694343, "supply": [{"l": "Motor Gasoline", "v": 0.00020945626494297867}, {"l": "Gas-Diesel oil", "v": 0.0013553979522269502}, {"l": "Other fossil fuels", "v": 0.0013708743032995055}]}, {"source": 21, "prod": 0, "target": 6, "value": 6.1161010843113211e-05, "supply": [{"l": "Motor Gasoline", "v": 4.3636721863120562e-06}, {"l": "Gas-Diesel oil", "v": 2.8237457338061462e-05}, {"l": "Other fossil fuels", "v": 2.85598813187397e-05}]}, {"source": 21, "prod": 0, "target": 18, "value": 6.1161010843113211e-05, "supply": [{"l": "Motor Gasoline", "v": 4.3636721863120562e-06}, {"l": "Gas-Diesel oil", "v": 2.8237457338061462e-05}, {"l": "Other fossil fuels", "v": 2.85598813187397e-05}]}, {"source": 21, "prod": 0, "target": 4, "value": 0.011161884478868163, "supply": [{"l": "Motor Gasoline", "v": 0.00079637017400195024}, {"l": "Gas-Diesel oil", "v": 0.005153335964196217}, {"l": "Other fossil fuels", "v": 0.0052121783406699953}]}, {"source": 23, "prod": 0.050148450339162653, "target": 0, "value": 0.00053059791265381087, "supply": [{"l": "Potash", "v": 0.00022741587714672905}, {"l": "Phosphate", "v": 0.00036168047422907563}, {"l": "Nitrogen", "v": 0.0029734896335854972}]}, {"source": 23, "prod": 0.057312514673328749, "target": 2, "value": 0.00060639761446149812, "supply": [{"l": "Potash", "v": 0.00022741587714672905}, {"l": "Phosphate", "v": 0.00036168047422907563}, {"l": "Nitrogen", "v": 0.0029734896335854972}]}, {"source": 23, "prod": 0.0011940107223610155, "target": 6, "value": 1.2633283634614545e-05, "supply": [{"l": "Potash", "v": 0.00022741587714672905}, {"l": "Phosphate", "v": 0.00036168047422907563}, {"l": "Nitrogen", "v": 0.0029734896335854972}]}, {"source": 23, "prod": 0.0011940107223610155, "target": 18, "value": 1.2633283634614545e-05, "supply": [{"l": "Potash", "v": 0.00022741587714672905}, {"l": "Phosphate", "v": 0.00036168047422907563}, {"l": "Nitrogen", "v": 0.0029734896335854972}]}, {"source": 23, "prod": 0.21790695683088537, "target": 4, "value": 0.0023055742633171544, "supply": [{"l": "Potash", "v": 0.00022741587714672905}, {"l": "Phosphate", "v": 0.00036168047422907563}, {"l": "Nitrogen", "v": 0.0029734896335854972}]}, {"source": 21, "prod": 0, "target": 23, "value": 0.0044178994743847523, "supply": [{"l": "Natural gas (including LNG)", "v": 0.0029417897162991092}, {"l": "Fuel oil", "v": 0.0009504824676876784}, {"l": "Liquefied petroleum gas (LPG)", "v": 0.0002628136451989826}, {"l": "Coal", "v": 0.0002628136451989826}]}, {"source": 24, "prod": 0, "target": 4, "value": 0.012846031678268349, "supply": "[{\"l\":'Labor',\"v\":0.012846031678268349}]"}, {"source": 24, "prod": 0, "target": 6, "value": 7.0389214675442997e-05, "supply": "[{\"l\":'Labor',\"v\":7.0389214675442997e-05}]"}, {"source": 24, "prod": 0, "target": 0, "value": 0.0029563470163686059, "supply": "[{\"l\":'Labor',\"v\":0.0029563470163686059}]"}, {"source": 24, "prod": 0, "target": 2, "value": 0.0033786823044212638, "supply": "[{\"l\":'Labor',\"v\":0.0033786823044212638}]"}, {"source": 24, "prod": 0, "target": 10, "value": 0.00052791911006582252, "supply": "[{\"l\":'Labor',\"v\":0.00052791911006582252}]"}, {"source": 24, "prod": 0, "target": 18, "value": 7.0389214675442997e-05, "supply": "[{\"l\":'Labor',\"v\":7.0389214675442997e-05}]"}, {"source": 21, "prod": 0, "target": 15, "value": 0.042276690496627661, "supply": "[{\"l\":'Fossil Fuels',\"v\":0.042276690496627661}]"}, {"source": 22, "prod": 0, "target": 15, "value": 0.014024749634514217, "supply": "[{\"l\":'Renewables & Nuclear',\"v\":0.0032137224844720328},{\"l\":'Biomass & Waste',\"v\":0.010811027150042184}]"}]}