{"nodes": [{"layer": 5, "name": "Sunflower seed"}, {"layer": 10, "name": "Feed", "fill": "#dbdb8d"}, {"layer": 5, "name": "Maize"}, {"layer": 5, "name": "Rye"}, {"layer": 5, "name": "Wheat"}, {"layer": 5, "name": "Oats"}, {"layer": 5, "name": "Potatoes"}, {"layer": 5, "name": "Vegetables, Other"}, {"layer": 5, "name": "Millet"}, {"layer": 13, "name": "Milk - Excluding Butter"}, {"layer": 13, "name": "Pelagic Fish"}, {"layer": 5, "name": "Beans"}, {"layer": 5, "name": "Barley"}, {"layer": 13, "name": "Fish, Seafood"}, {"layer": 5, "name": "Sugar beet"}, {"layer": 5, "name": "Sorghum"}, {"layer": 5, "name": "Cereals, Other"}, {"layer": 5, "name": "Tomatoes"}, {"layer": 5, "name": "Pulses, Other"}, {"layer": 16, "name": "Food", "fill": "#b5cf6b"}, {"layer": 5, "name": "Olives"}, {"layer": 5, "name": "Nuts"}, {"layer": 13, "name": "Sugar", "fill": "#d6616b"}, {"layer": 13, "name": "Oilcrops Oil, Other"}, {"layer": 13, "name": "Maize Germ Oil"}, {"layer": 13, "name": "Beer"}, {"layer": 13, "name": "Groundnut Oil"}, {"layer": 13, "name": "Beverages, Alcoholic"}, {"layer": 5, "name": "Cocoa Beans"}, {"layer": 13, "name": "Honey"}, {"layer": 5, "name": "Rice"}, {"layer": 13, "name": "Butter, Ghee"}, {"layer": 13, "name": "Fats, Animals, Raw"}, {"layer": 5, "name": "Pepper"}, {"layer": 13, "name": "Soyabean Oil"}, {"layer": 5, "name": "Treenuts"}, {"layer": 13, "name": "Crustaceans"}, {"layer": 13, "name": "Eggs"}, {"layer": 5, "name": "Peas"}, {"layer": 13, "name": "Marine Fish, Other"}, {"layer": 5, "name": "Grapes"}, {"layer": 5, "name": "Pimento"}, {"layer": 13, "name": "Palm Oil"}, {"layer": 13, "name": "Wine"}, {"layer": 13, "name": "Sunflowerseed Oil"}, {"layer": 13, "name": "Olive Oil"}, {"layer": 13, "name": "Pigmeat"}, {"layer": 13, "name": "Freshwater Fish"}, {"layer": 5, "name": "Coffee"}, {"layer": 13, "name": "Rape and Mustard Oil"}, {"layer": 5, "name": "Apples"}, {"layer": 13, "name": "Meat, Other"}, {"layer": 5, "name": "Lemons, Limes"}, {"layer": 13, "name": "Cephalopods"}, {"layer": 13, "name": "Mutton & Goat Meat"}, {"layer": 5, "name": "Bananas"}, {"layer": 13, "name": "Beverages, Fermented"}, {"layer": 5, "name": "Spices, Other"}, {"layer": 5, "name": "Tea"}, {"layer": 5, "name": "Fruits, Other"}, {"layer": 13, "name": "Molluscs, Other"}, {"layer": 13, "name": "Poultry Meat"}, {"layer": 13, "name": "Offals, Edible"}, {"layer": 5, "name": "Grapefruit"}, {"layer": 13, "name": "Demersal Fish"}, {"layer": 5, "name": "Oranges, Mandarines"}, {"layer": 13, "name": "Bovine Meat"}, {"layer": 13, "name": "Palmkernel Oil"}, {"layer": 5, "name": "Onions"}, {"layer": 13, "name": "Cream"}, {"layer": 10, "name": "Processing", "fill": "#9edae5"}, {"layer": 5, "name": "Soyabeans"}, {"layer": 5, "name": "Sesame seed"}, {"layer": 5, "name": "Rape and Mustardseed"}, {"layer": 5, "name": "Groundnuts"}, {"layer": 5, "name": "Oilcrops, Other"}, {"layer": 16, "name": "Biofuels & Other", "fill": "#e7ba52"}, {"layer": 13, "name": "Sweeteners, Other"}, {"layer": 13, "name": "Coconut Oil"}, {"name": "Waste", "fill": "#c7c7c7"}, {"layer": 2, "name": "Import", "fill": "#aec7e8"}, {"layer": 16, "name": "Export", "fill": "#aec7e8"}, {"layer": 5, "name": "Infant food"}, {"layer": 0, "name": "Stock Draw", "fill": "#c7c7c7"}, {"layer": 16, "name": "Stock Deposit", "fill": "#c7c7c7"}, {"name": "Crop Residue", "fill": "#bd9e39"}, {"layer": 5, "name": "Cottonseed"}, {"layer": 2, "name": "Electricity", "fill": "#bcbd22"}, {"layer": 0, "name": "Fossil Fuels", "fill": "#c49c94"}, {"layer": 0, "name": "Renewables & Nuclear", "fill": "#2ca02c"}, {"layer": 2, "name": "Fertilizers", "fill": "#c5b0d5"}, {"layer": 0, "name": "Labor", "fill": "#7f7f7f"}], "links": [{"source": 0, "prod": 45.0, "target": 1, "value": 0.15918812469562502, "supply": [{"l": "Sunflower seed", "v": 0.15918812469562502}]}, {"source": 2, "prod": 8105.0, "target": 1, "value": 30.747918043417094, "supply": [{"l": "Maize", "v": 30.747918043417094}]}, {"source": 3, "prod": 13.0, "target": 1, "value": 0.040166455091976278, "supply": [{"l": "Rye", "v": 0.040166455091976278}]}, {"source": 4, "prod": 822.0, "target": 1, "value": 2.5649382992515641, "supply": [{"l": "Wheat", "v": 2.5649382992515641}]}, {"source": 5, "prod": 230.0, "target": 1, "value": 0.75690891982679387, "supply": [{"l": "Oats", "v": 0.75690891982679387}]}, {"source": 6, "prod": 560.0, "target": 1, "value": 0.43496703820273502, "supply": [{"l": "Potatoes", "v": 0.43496703820273502}]}, {"source": 7, "prod": 171.0, "target": 1, "value": 0.044123696945852296, "supply": [{"l": "Vegetables, Other", "v": 0.044123696945852296}]}, {"source": 8, "prod": 2.0, "target": 1, "value": 0.0065818166941460339, "supply": [{"l": "Millet", "v": 0.0065818166941460339}]}, {"source": 9, "prod": 708.0, "target": 1, "value": 0.4538287035686393, "supply": [{"l": "Milk - Excluding Butter", "v": 0.4538287035686393}]}, {"source": 10, "prod": 485.0, "target": 1, "value": 0.6433853373114844, "supply": [{"l": "Pelagic Fish", "v": 0.6433853373114844}]}, {"source": 11, "prod": 8.0, "target": 1, "value": 0.031236915034613205, "supply": [{"l": "Beans", "v": 0.031236915034613205}]}, {"source": 12, "prod": 457.0, "target": 1, "value": 1.5156036038729297, "supply": [{"l": "Barley", "v": 1.5156036038729297}]}, {"source": 13, "prod": 485.0, "target": 1, "value": 0.54322772543449882, "supply": [{"l": "Fish, Seafood", "v": 0.54322772543449882}]}, {"source": 14, "prod": 65.0, "target": 1, "value": 0.075544444299999999, "supply": [{"l": "Sugar beet", "v": 0.075544444299999999}]}, {"source": 15, "prod": 12.0, "target": 1, "value": 0.039490900164876198, "supply": [{"l": "Sorghum", "v": 0.039490900164876198}]}, {"source": 16, "prod": 35.0, "target": 1, "value": 0.11428891003788461, "supply": [{"l": "Cereals, Other", "v": 0.11428891003788461}]}, {"source": 17, "prod": 5.0, "target": 1, "value": 0.0010687353118202416, "supply": [{"l": "Tomatoes", "v": 0.0010687353118202416}]}, {"source": 18, "prod": 35.0, "target": 1, "value": 0.123812985874375, "supply": [{"l": "Pulses, Other", "v": 0.123812985874375}]}, {"source": 2, "prod": 575.0, "target": 19, "value": 2.1813760487310088, "supply": [{"l": "Maize", "v": 2.1813760487310088}]}, {"source": 20, "prod": 2.0, "target": 19, "value": 0.00424501665855, "supply": [{"l": "Olives", "v": 0.00424501665855}]}, {"source": 3, "prod": 70.0, "target": 19, "value": 0.21628091203371841, "supply": [{"l": "Rye", "v": 0.21628091203371841}]}, {"source": 21, "prod": 35.0, "target": 19, "value": 0.094634129330732494, "supply": [{"l": "Nuts", "v": 0.094634129330732494}]}, {"source": 22, "prod": 873.0, "target": 19, "value": 3.6024353424774609, "supply": [{"l": "Sugar", "v": 3.6024353424774609}]}, {"source": 23, "prod": 1.0, "target": 19, "value": 0.010107182520357146, "supply": [{"l": "Oilcrops Oil, Other", "v": 0.010107182520357146}]}, {"source": 24, "prod": 13.0, "target": 19, "value": 0.13796304140287499, "supply": [{"l": "Maize Germ Oil", "v": 0.13796304140287499}]}, {"source": 25, "prod": 1061.0, "target": 19, "value": 0.60165646249672156, "supply": [{"l": "Beer", "v": 0.60165646249672156}]}, {"source": 26, "prod": 2.0, "target": 19, "value": 0.018866740704666669, "supply": [{"l": "Groundnut Oil", "v": 0.018866740704666669}]}, {"source": 27, "prod": 83.0, "target": 19, "value": 0.28111945424972073, "supply": [{"l": "Beverages, Alcoholic", "v": 0.28111945424972073}]}, {"source": 12, "prod": 14.0, "target": 19, "value": 0.046429869702890626, "supply": [{"l": "Barley", "v": 0.046429869702890626}]}, {"source": 28, "prod": 16.0, "target": 19, "value": 0.018608292201863014, "supply": [{"l": "Cocoa Beans", "v": 0.018608292201863014}]}, {"source": 29, "prod": 9.0, "target": 19, "value": 0.029388576866884616, "supply": [{"l": "Honey", "v": 0.029388576866884616}]}, {"source": 30, "prod": 30.0, "target": 19, "value": 0.12263381458033333, "supply": [{"l": "Rice", "v": 0.12263381458033333}]}, {"source": 31, "prod": 16.0, "target": 19, "value": 0.1320671849326667, "supply": [{"l": "Butter, Ghee", "v": 0.1320671849326667}]}, {"source": 17, "prod": 440.0, "target": 19, "value": 0.094048707440181276, "supply": [{"l": "Tomatoes", "v": 0.094048707440181276}]}, {"source": 32, "prod": 294.0, "target": 19, "value": 2.4923078211577283, "supply": [{"l": "Fats, Animals, Raw", "v": 2.4923078211577283}]}, {"source": 33, "prod": 2.0, "target": 19, "value": 0.010612541646375, "supply": [{"l": "Pepper", "v": 0.010612541646375}]}, {"source": 4, "prod": 4264.0, "target": 19, "value": 13.305227382005681, "supply": [{"l": "Wheat", "v": 13.305227382005681}]}, {"source": 34, "prod": 110.0, "target": 19, "value": 1.1368445015151005, "supply": [{"l": "Soyabean Oil", "v": 1.1368445015151005}]}, {"source": 35, "prod": 35.0, "target": 19, "value": 0.094035179145094946, "supply": [{"l": "Treenuts", "v": 0.094035179145094946}]}, {"source": 36, "prod": 3.0, "target": 19, "value": 0.0033601714975329822, "supply": [{"l": "Crustaceans", "v": 0.0033601714975329822}]}, {"source": 37, "prod": 200.0, "target": 19, "value": 0.32834382994309391, "supply": [{"l": "Eggs", "v": 0.32834382994309391}]}, {"source": 7, "prod": 1276.0, "target": 19, "value": 0.32925051054331889, "supply": [{"l": "Vegetables, Other", "v": 0.32925051054331889}]}, {"source": 38, "prod": 19.0, "target": 19, "value": 0.075028201406930228, "supply": [{"l": "Peas", "v": 0.075028201406930228}]}, {"source": 39, "prod": 1.0, "target": 19, "value": 0.00092282970838043483, "supply": [{"l": "Marine Fish, Other", "v": 0.00092282970838043483}]}, {"source": 40, "prod": 181.0, "target": 19, "value": 0.14106756704973378, "supply": [{"l": "Grapes", "v": 0.14106756704973378}]}, {"source": 41, "prod": 5.0, "target": 19, "value": 0.020214365040714291, "supply": [{"l": "Pimento", "v": 0.020214365040714291}]}, {"source": 42, "prod": 5.0, "target": 19, "value": 0.038591060532272729, "supply": [{"l": "Palm Oil", "v": 0.038591060532272729}]}, {"source": 43, "prod": 388.0, "target": 19, "value": 0.31023512155293498, "supply": [{"l": "Wine", "v": 0.31023512155293498}]}, {"source": 44, "prod": 100.0, "target": 19, "value": 1.025957462931153, "supply": [{"l": "Sunflowerseed Oil", "v": 1.025957462931153}]}, {"source": 45, "prod": 4.0, "target": 19, "value": 0.037733481409333337, "supply": [{"l": "Olive Oil", "v": 0.037733481409333337}]}, {"source": 46, "prod": 785.0, "target": 19, "value": 1.2784146078047898, "supply": [{"l": "Pigmeat", "v": 1.2784146078047898}]}, {"source": 16, "prod": 3.0, "target": 19, "value": 0.0097961922889615374, "supply": [{"l": "Cereals, Other", "v": 0.0097961922889615374}]}, {"source": 6, "prod": 1150.0, "target": 19, "value": 0.8932358820234737, "supply": [{"l": "Potatoes", "v": 0.8932358820234737}]}, {"source": 47, "prod": 24.0, "target": 19, "value": 0.01904306538414953, "supply": [{"l": "Freshwater Fish", "v": 0.01904306538414953}]}, {"source": 48, "prod": 14.0, "target": 19, "value": 0.0097426611835573773, "supply": [{"l": "Coffee", "v": 0.0097426611835573773}]}, {"source": 49, "prod": 34.0, "target": 19, "value": 0.3513309839773619, "supply": [{"l": "Rape and Mustard Oil", "v": 0.3513309839773619}]}, {"source": 9, "prod": 3785.0, "target": 19, "value": 2.4261887613097457, "supply": [{"l": "Milk - Excluding Butter", "v": 2.4261887613097457}]}, {"source": 11, "prod": 94.0, "target": 19, "value": 0.36703375165670521, "supply": [{"l": "Beans", "v": 0.36703375165670521}]}, {"source": 50, "prod": 204.0, "target": 19, "value": 0.11307726637791513, "supply": [{"l": "Apples", "v": 0.11307726637791513}]}, {"source": 13, "prod": 84.0, "target": 19, "value": 0.094084801930923501, "supply": [{"l": "Fish, Seafood", "v": 0.094084801930923501}]}, {"source": 51, "prod": 6.0, "target": 19, "value": 0.0094333703523333326, "supply": [{"l": "Meat, Other", "v": 0.0094333703523333326}]}, {"source": 52, "prod": 29.0, "target": 19, "value": 0.0094696525459961548, "supply": [{"l": "Lemons, Limes", "v": 0.0094696525459961548}]}, {"source": 53, "prod": 1.0, "target": 19, "value": 0.0011791712940416668, "supply": [{"l": "Cephalopods", "v": 0.0011791712940416668}]}, {"source": 54, "prod": 56.0, "target": 19, "value": 0.14974546952995277, "supply": [{"l": "Mutton & Goat Meat", "v": 0.14974546952995277}]}, {"source": 10, "prod": 50.0, "target": 19, "value": 0.06632838528984375, "supply": [{"l": "Pelagic Fish", "v": 0.06632838528984375}]}, {"source": 55, "prod": 19.0, "target": 19, "value": 0.0096018233943392876, "supply": [{"l": "Bananas", "v": 0.0096018233943392876}]}, {"source": 56, "prod": 5.0, "target": 19, "value": 0.0029155334193337913, "supply": [{"l": "Beverages, Fermented", "v": 0.0029155334193337913}]}, {"source": 57, "prod": 1.0, "target": 19, "value": 0.0045482321341607148, "supply": [{"l": "Spices, Other", "v": 0.0045482321341607148}]}, {"source": 58, "prod": 2.0, "target": 19, "value": 0.0018589226328705368, "supply": [{"l": "Tea", "v": 0.0018589226328705368}]}, {"source": 59, "prod": 544.0, "target": 19, "value": 0.33835737175841762, "supply": [{"l": "Fruits, Other", "v": 0.33835737175841762}]}, {"source": 60, "prod": 1.0, "target": 19, "value": 0.0011200571658443272, "supply": [{"l": "Molluscs, Other", "v": 0.0011200571658443272}]}, {"source": 61, "prod": 256.0, "target": 19, "value": 0.37668085427688042, "supply": [{"l": "Poultry Meat", "v": 0.37668085427688042}]}, {"source": 62, "prod": 76.0, "target": 19, "value": 0.09433370352333334, "supply": [{"l": "Offals, Edible", "v": 0.09433370352333334}]}, {"source": 63, "prod": 4.0, "target": 19, "value": 0.0021193189027995884, "supply": [{"l": "Grapefruit", "v": 0.0021193189027995884}]}, {"source": 64, "prod": 4.0, "target": 19, "value": 0.0035480736250567161, "supply": [{"l": "Demersal Fish", "v": 0.0035480736250567161}]}, {"source": 65, "prod": 48.0, "target": 19, "value": 0.018866740704666665, "supply": [{"l": "Oranges, Mandarines", "v": 0.018866740704666665}]}, {"source": 66, "prod": 338.0, "target": 19, "value": 0.42283368288503931, "supply": [{"l": "Bovine Meat", "v": 0.42283368288503931}]}, {"source": 18, "prod": 3.0, "target": 19, "value": 0.010612541646375, "supply": [{"l": "Pulses, Other", "v": 0.010612541646375}]}, {"source": 67, "prod": 1.0, "target": 19, "value": 0.0060643095122142861, "supply": [{"l": "Palmkernel Oil", "v": 0.0060643095122142861}]}, {"source": 68, "prod": 258.0, "target": 19, "value": 0.11281177317485667, "supply": [{"l": "Onions", "v": 0.11281177317485667}]}, {"source": 69, "prod": 10.0, "target": 19, "value": 0.018456594167608701, "supply": [{"l": "Cream", "v": 0.018456594167608701}]}, {"source": 0, "prod": 173.0, "target": 70, "value": 0.61198990160762501, "supply": [{"l": "Sunflower seed", "v": 0.61198990160762501}]}, {"source": 2, "prod": 139.0, "target": 70, "value": 0.52732394917149616, "supply": [{"l": "Maize", "v": 0.52732394917149616}]}, {"source": 20, "prod": 7.0, "target": 70, "value": 0.014857558304925, "supply": [{"l": "Olives", "v": 0.014857558304925}]}, {"source": 32, "prod": 26.0, "target": 70, "value": 0.22040817466020723, "supply": [{"l": "Fats, Animals, Raw", "v": 0.22040817466020723}]}, {"source": 71, "prod": 440.0, "target": 70, "value": 1.71096854634687, "supply": [{"l": "Soyabeans", "v": 1.71096854634687}]}, {"source": 6, "prod": 57.0, "target": 70, "value": 0.04427343067420695, "supply": [{"l": "Potatoes", "v": 0.04427343067420695}]}, {"source": 7, "prod": 99.0, "target": 70, "value": 0.025545298231809222, "supply": [{"l": "Vegetables, Other", "v": 0.025545298231809222}]}, {"source": 59, "prod": 347.0, "target": 70, "value": 0.21582722058854947, "supply": [{"l": "Fruits, Other", "v": 0.21582722058854947}]}, {"source": 72, "prod": 1.0, "target": 70, "value": 0.0084900333171, "supply": [{"l": "Sesame seed", "v": 0.0084900333171}]}, {"source": 9, "prod": 3.0, "target": 70, "value": 0.001923002981223048, "supply": [{"l": "Milk - Excluding Butter", "v": 0.001923002981223048}]}, {"source": 73, "prod": 152.0, "target": 70, "value": 0.17665777744, "supply": [{"l": "Rape and Mustardseed", "v": 0.17665777744}]}, {"source": 12, "prod": 189.0, "target": 70, "value": 0.62680324098902351, "supply": [{"l": "Barley", "v": 0.62680324098902351}]}, {"source": 40, "prod": 760.0, "target": 70, "value": 0.59232790584418604, "supply": [{"l": "Grapes", "v": 0.59232790584418604}]}, {"source": 74, "prod": 4.0, "target": 70, "value": 0.024671891690717949, "supply": [{"l": "Groundnuts", "v": 0.024671891690717949}]}, {"source": 14, "prod": 6203.0, "target": 70, "value": 7.2092644306600002, "supply": [{"l": "Sugar beet", "v": 7.2092644306600002}]}, {"source": 75, "prod": 14.0, "target": 70, "value": 0.084900333171000014, "supply": [{"l": "Oilcrops, Other", "v": 0.084900333171000014}]}, {"source": 23, "prod": 1.0, "target": 70, "value": 0.010107182520357146, "supply": [{"l": "Oilcrops Oil, Other", "v": 0.010107182520357146}]}, {"source": 50, "prod": 22.0, "target": 70, "value": 0.012194607158402614, "supply": [{"l": "Apples", "v": 0.012194607158402614}]}, {"source": 2, "prod": 162.0, "target": 76, "value": 0.61457899112073644, "supply": [{"l": "Maize", "v": 0.61457899112073644}]}, {"source": 77, "prod": 25.0, "target": 76, "value": 0.089683450532746484, "supply": [{"l": "Sweeteners, Other", "v": 0.089683450532746484}]}, {"source": 4, "prod": 16.0, "target": 76, "value": 0.049925806311465974, "supply": [{"l": "Wheat", "v": 0.049925806311465974}]}, {"source": 34, "prod": 10.0, "target": 76, "value": 0.10334950013773642, "supply": [{"l": "Soyabean Oil", "v": 0.10334950013773642}]}, {"source": 32, "prod": 33.0, "target": 76, "value": 0.27974883706872455, "supply": [{"l": "Fats, Animals, Raw", "v": 0.27974883706872455}]}, {"source": 23, "prod": 14.0, "target": 76, "value": 0.14150055528500002, "supply": [{"l": "Oilcrops Oil, Other", "v": 0.14150055528500002}]}, {"source": 78, "prod": 1.0, "target": 76, "value": 0.0098464724908224315, "supply": [{"l": "Coconut Oil", "v": 0.0098464724908224315}]}, {"source": 46, "prod": 25.0, "target": 76, "value": 0.040713841012891397, "supply": [{"l": "Pigmeat", "v": 0.040713841012891397}]}, {"source": 49, "prod": 11.0, "target": 76, "value": 0.11366590658091119, "supply": [{"l": "Rape and Mustard Oil", "v": 0.11366590658091119}]}, {"source": 9, "prod": 56.0, "target": 76, "value": 0.035896055649496897, "supply": [{"l": "Milk - Excluding Butter", "v": 0.035896055649496897}]}, {"source": 25, "prod": 28.0, "target": 76, "value": 0.015877833129036945, "supply": [{"l": "Beer", "v": 0.015877833129036945}]}, {"source": 27, "prod": 10.0, "target": 76, "value": 0.033869813765026596, "supply": [{"l": "Beverages, Alcoholic", "v": 0.033869813765026596}]}, {"source": 75, "prod": 1.0, "target": 76, "value": 0.0060643095122142861, "supply": [{"l": "Oilcrops, Other", "v": 0.0060643095122142861}]}, {"source": 62, "prod": 5.0, "target": 76, "value": 0.0062061647054824564, "supply": [{"l": "Offals, Edible", "v": 0.0062061647054824564}]}, {"source": 44, "prod": 16.0, "target": 76, "value": 0.16415319406898449, "supply": [{"l": "Sunflowerseed Oil", "v": 0.16415319406898449}]}, {"source": 0, "prod": 2.0, "target": 0, "value": 0.0070750277642500003, "supply": [{"l": "Sunflower seed", "v": 0.0070750277642500003}]}, {"source": 2, "prod": 117.0, "target": 2, "value": 0.44386260469830963, "supply": [{"l": "Maize", "v": 0.44386260469830963}]}, {"source": 4, "prod": 479.0, "target": 4, "value": 1.4946538264495126, "supply": [{"l": "Wheat", "v": 1.4946538264495126}]}, {"source": 5, "prod": 24.0, "target": 5, "value": 0.078981800329752397, "supply": [{"l": "Oats", "v": 0.078981800329752397}]}, {"source": 71, "prod": 4.0, "target": 71, "value": 0.015554259512244272, "supply": [{"l": "Soyabeans", "v": 0.015554259512244272}]}, {"source": 6, "prod": 528.0, "target": 6, "value": 0.41011177887686445, "supply": [{"l": "Potatoes", "v": 0.41011177887686445}]}, {"source": 37, "prod": 25.0, "target": 37, "value": 0.041042978742886739, "supply": [{"l": "Eggs", "v": 0.041042978742886739}]}, {"source": 3, "prod": 7.0, "target": 3, "value": 0.021628091203371839, "supply": [{"l": "Rye", "v": 0.021628091203371839}]}, {"source": 38, "prod": 1.0, "target": 38, "value": 0.0039488527056279069, "supply": [{"l": "Peas", "v": 0.0039488527056279069}]}, {"source": 11, "prod": 14.0, "target": 11, "value": 0.054664601310573116, "supply": [{"l": "Beans", "v": 0.054664601310573116}]}, {"source": 12, "prod": 52.0, "target": 12, "value": 0.17245380175359376, "supply": [{"l": "Barley", "v": 0.17245380175359376}]}, {"source": 73, "prod": 1.0, "target": 73, "value": 0.0011622222200000001, "supply": [{"l": "Rape and Mustardseed", "v": 0.0011622222200000001}]}, {"source": 30, "prod": 1.0, "target": 30, "value": 0.0040877938193444449, "supply": [{"l": "Rice", "v": 0.0040877938193444449}]}, {"source": 16, "prod": 1.0, "target": 16, "value": 0.0032653974296538461, "supply": [{"l": "Cereals, Other", "v": 0.0032653974296538461}]}, {"source": 0, "prod": 20.0, "target": 79, "value": 0.070750277642500012, "supply": [{"l": "Sunflower seed", "v": 0.070750277642500012}]}, {"source": 2, "prod": 950.0, "target": 79, "value": 3.6040126022512324, "supply": [{"l": "Maize", "v": 3.6040126022512324}]}, {"source": 3, "prod": 2.0, "target": 79, "value": 0.0061794546295348115, "supply": [{"l": "Rye", "v": 0.0061794546295348115}]}, {"source": 4, "prod": 145.0, "target": 79, "value": 0.45245261969766032, "supply": [{"l": "Wheat", "v": 0.45245261969766032}]}, {"source": 5, "prod": 3.0, "target": 79, "value": 0.0098727250412190496, "supply": [{"l": "Oats", "v": 0.0098727250412190496}]}, {"source": 71, "prod": 3.0, "target": 79, "value": 0.011665694634183205, "supply": [{"l": "Soyabeans", "v": 0.011665694634183205}]}, {"source": 6, "prod": 250.0, "target": 79, "value": 0.19418171348336385, "supply": [{"l": "Potatoes", "v": 0.19418171348336385}]}, {"source": 7, "prod": 158.0, "target": 79, "value": 0.040769263844705625, "supply": [{"l": "Vegetables, Other", "v": 0.040769263844705625}]}, {"source": 59, "prod": 35.0, "target": 79, "value": 0.021769316197692307, "supply": [{"l": "Fruits, Other", "v": 0.021769316197692307}]}, {"source": 9, "prod": 343.0, "target": 79, "value": 0.21986334085316853, "supply": [{"l": "Milk - Excluding Butter", "v": 0.21986334085316853}]}, {"source": 25, "prod": 25.0, "target": 79, "value": 0.014176636722354417, "supply": [{"l": "Beer", "v": 0.014176636722354417}]}, {"source": 11, "prod": 2.0, "target": 79, "value": 0.0078092287586533013, "supply": [{"l": "Beans", "v": 0.0078092287586533013}]}, {"source": 50, "prod": 20.0, "target": 79, "value": 0.011086006507638739, "supply": [{"l": "Apples", "v": 0.011086006507638739}]}, {"source": 40, "prod": 23.0, "target": 79, "value": 0.017925712940021422, "supply": [{"l": "Grapes", "v": 0.017925712940021422}]}, {"source": 18, "prod": 1.0, "target": 79, "value": 0.0035375138821250002, "supply": [{"l": "Pulses, Other", "v": 0.0035375138821250002}]}, {"source": 73, "prod": 11.0, "target": 79, "value": 0.012784444420000001, "supply": [{"l": "Rape and Mustardseed", "v": 0.012784444420000001}]}, {"source": 43, "prod": 5.0, "target": 79, "value": 0.0039978752777440072, "supply": [{"l": "Wine", "v": 0.0039978752777440072}]}, {"source": 68, "prod": 48.0, "target": 79, "value": 0.020988236869740776, "supply": [{"l": "Onions", "v": 0.020988236869740776}]}, {"source": 17, "prod": 46.0, "target": 79, "value": 0.009832364868746224, "supply": [{"l": "Tomatoes", "v": 0.009832364868746224}]}, {"source": 12, "prod": 11.0, "target": 79, "value": 0.036480611909414068, "supply": [{"l": "Barley", "v": 0.036480611909414068}]}, {"source": 80, "prod": 2.0, "target": 33, "value": 0.010612541646375, "supply": [{"l": "Pepper", "v": 0.010612541646375}]}, {"source": 80, "prod": 29.0, "target": 52, "value": 0.0094696525459961548, "supply": [{"l": "Lemons, Limes", "v": 0.0094696525459961548}]}, {"source": 80, "prod": 7.0, "target": 35, "value": 0.018807035829018989, "supply": [{"l": "Treenuts", "v": 0.018807035829018989}]}, {"source": 80, "prod": 2.0, "target": 50, "value": 0.0011086006507638737, "supply": [{"l": "Apples", "v": 0.0011086006507638737}]}, {"source": 80, "prod": 2.0, "target": 58, "value": 0.0018589226328705368, "supply": [{"l": "Tea", "v": 0.0018589226328705368}]}, {"source": 80, "prod": 2.0, "target": 7, "value": 0.00051606663094564081, "supply": [{"l": "Vegetables, Other", "v": 0.00051606663094564081}]}, {"source": 80, "prod": 21.0, "target": 30, "value": 0.085843670206233347, "supply": [{"l": "Rice", "v": 0.085843670206233347}]}, {"source": 80, "prod": 61.0, "target": 4, "value": 0.19034213656246404, "supply": [{"l": "Wheat", "v": 0.19034213656246404}]}, {"source": 80, "prod": 24.0, "target": 12, "value": 0.079594062347812508, "supply": [{"l": "Barley", "v": 0.079594062347812508}]}, {"source": 80, "prod": 4.0, "target": 63, "value": 0.0021193189027995884, "supply": [{"l": "Grapefruit", "v": 0.0021193189027995884}]}, {"source": 80, "prod": 14.0, "target": 48, "value": 0.0097426611835573773, "supply": [{"l": "Coffee", "v": 0.0097426611835573773}]}, {"source": 80, "prod": 17.0, "target": 0, "value": 0.060137735996125007, "supply": [{"l": "Sunflower seed", "v": 0.060137735996125007}]}, {"source": 80, "prod": 1.0, "target": 8, "value": 0.003290908347073017, "supply": [{"l": "Millet", "v": 0.003290908347073017}]}, {"source": 80, "prod": 1.0, "target": 20, "value": 0.002122508329275, "supply": [{"l": "Olives", "v": 0.002122508329275}]}, {"source": 80, "prod": 36.0, "target": 16, "value": 0.11755430746753846, "supply": [{"l": "Cereals, Other", "v": 0.11755430746753846}]}, {"source": 80, "prod": 1162.0, "target": 1, "value": 1.363730905250446, "supply": [{"l": "Crustaceans", "v": 0.0033601714975329822}, {"l": "Pigmeat", "v": 0.016285536405156557}, {"l": "Milk - Excluding Butter", "v": 0.067946105336547699}, {"l": "Fish, Seafood", "v": 0.57458932607813995}, {"l": "Pelagic Fish", "v": 0.67654952995640627}, {"l": "Offals, Edible", "v": 0.0024824658821929828}, {"l": "Bovine Meat", "v": 0.02251777009446955}]}, {"source": 80, "prod": 7.0, "target": 21, "value": 0.018926825866146496, "supply": [{"l": "Nuts", "v": 0.018926825866146496}]}, {"source": 80, "prod": 1.0, "target": 75, "value": 0.0060643095122142861, "supply": [{"l": "Oilcrops, Other", "v": 0.0060643095122142861}]}, {"source": 80, "prod": 19.0, "target": 28, "value": 0.02209734698971233, "supply": [{"l": "Cocoa Beans", "v": 0.02209734698971233}]}, {"source": 80, "prod": 45.0, "target": 65, "value": 0.017687569410625003, "supply": [{"l": "Oranges, Mandarines", "v": 0.017687569410625003}]}, {"source": 80, "prod": 61.0, "target": 6, "value": 0.047380338089940778, "supply": [{"l": "Potatoes", "v": 0.047380338089940778}]}, {"source": 80, "prod": 1.0, "target": 68, "value": 0.00043725493478626617, "supply": [{"l": "Onions", "v": 0.00043725493478626617}]}, {"source": 80, "prod": 47.0, "target": 73, "value": 0.054624444340000002, "supply": [{"l": "Rape and Mustardseed", "v": 0.054624444340000002}]}, {"source": 80, "prod": 19.0, "target": 55, "value": 0.0096018233943392876, "supply": [{"l": "Bananas", "v": 0.0096018233943392876}]}, {"source": 80, "prod": 8.0, "target": 40, "value": 0.0062350305878335378, "supply": [{"l": "Grapes", "v": 0.0062350305878335378}]}, {"source": 80, "prod": 203.0, "target": 70, "value": 1.7362030371242319, "supply": [{"l": "Sugar", "v": 0.053644512545483379}, {"l": "Beverages, Alcoholic", "v": 0.0067739627530053192}, {"l": "Butter, Ghee", "v": 0.016508398116583337}, {"l": "Fats, Animals, Raw", "v": 0.025431712460793149}, {"l": "Soyabean Oil", "v": 0.68210670090906034}, {"l": "Palm Oil", "v": 0.038591060532272729}, {"l": "Sunflowerseed Oil", "v": 0.48220000757764198}, {"l": "Olive Oil", "v": 0.0094333703523333343}, {"l": "Coconut Oil", "v": 0.0098464724908224315}, {"l": "Rape and Mustard Oil", "v": 0.30999792703884876}, {"l": "Oilcrops Oil, Other", "v": 0.050535912601785721}, {"l": "Wine", "v": 0.014392350999878427}, {"l": "Sweeteners, Other", "v": 0.014349352085239438}, {"l": "Honey", "v": 0.016326987148269231}, {"l": "Palmkernel Oil", "v": 0.0060643095122142861}]}, {"source": 80, "prod": 228.0, "target": 71, "value": 0.88659279219792364, "supply": [{"l": "Soyabeans", "v": 0.88659279219792364}]}, {"source": 80, "prod": 1.0, "target": 11, "value": 0.0039046143793266506, "supply": [{"l": "Beans", "v": 0.0039046143793266506}]}, {"source": 80, "prod": 3.0, "target": 2, "value": 0.011381092428161786, "supply": [{"l": "Maize", "v": 0.011381092428161786}]}, {"source": 80, "prod": 9.0, "target": 59, "value": 0.0055978241651208792, "supply": [{"l": "Fruits, Other", "v": 0.0055978241651208792}]}, {"source": 80, "prod": 4.0, "target": 74, "value": 0.024671891690717949, "supply": [{"l": "Groundnuts", "v": 0.024671891690717949}]}, {"source": 80, "prod": 3.0, "target": 5, "value": 0.0098727250412190496, "supply": [{"l": "Oats", "v": 0.0098727250412190496}]}, {"source": 2, "prod": 907.0, "target": 81, "value": 3.4408836107809133, "supply": [{"l": "Maize", "v": 3.4408836107809133}]}, {"source": 59, "prod": 184.0, "target": 81, "value": 0.11444440515358241, "supply": [{"l": "Fruits, Other", "v": 0.11444440515358241}]}, {"source": 22, "prod": 134.0, "target": 81, "value": 0.55295112931498247, "supply": [{"l": "Sugar", "v": 0.55295112931498247}]}, {"source": 25, "prod": 7.0, "target": 81, "value": 0.0039694582822592363, "supply": [{"l": "Beer", "v": 0.0039694582822592363}]}, {"source": 82, "prod": 2.0, "target": 81, "value": 0.0054076645331847138, "supply": [{"l": "Infant food", "v": 0.0054076645331847138}]}, {"source": 27, "prod": 6.0, "target": 81, "value": 0.020321888259015958, "supply": [{"l": "Beverages, Alcoholic", "v": 0.020321888259015958}]}, {"source": 12, "prod": 5.0, "target": 81, "value": 0.016582096322460937, "supply": [{"l": "Barley", "v": 0.016582096322460937}]}, {"source": 29, "prod": 2.0, "target": 81, "value": 0.0065307948593076922, "supply": [{"l": "Honey", "v": 0.0065307948593076922}]}, {"source": 51, "prod": 2.0, "target": 81, "value": 0.003144456784111111, "supply": [{"l": "Meat, Other", "v": 0.003144456784111111}]}, {"source": 21, "prod": 1.0, "target": 81, "value": 0.0027038322665923569, "supply": [{"l": "Nuts", "v": 0.0027038322665923569}]}, {"source": 0, "prod": 1.0, "target": 81, "value": 0.0035375138821250002, "supply": [{"l": "Sunflower seed", "v": 0.0035375138821250002}]}, {"source": 16, "prod": 3.0, "target": 81, "value": 0.0097961922889615374, "supply": [{"l": "Cereals, Other", "v": 0.0097961922889615374}]}, {"source": 4, "prod": 45.0, "target": 81, "value": 0.14041633025099806, "supply": [{"l": "Wheat", "v": 0.14041633025099806}]}, {"source": 32, "prod": 23.0, "target": 81, "value": 0.19497646219941409, "supply": [{"l": "Fats, Animals, Raw", "v": 0.19497646219941409}]}, {"source": 34, "prod": 1.0, "target": 81, "value": 0.010334950013773643, "supply": [{"l": "Soyabean Oil", "v": 0.010334950013773643}]}, {"source": 35, "prod": 1.0, "target": 81, "value": 0.00268671940414557, "supply": [{"l": "Treenuts", "v": 0.00268671940414557}]}, {"source": 36, "prod": 1.0, "target": 81, "value": 0.0011200571658443272, "supply": [{"l": "Crustaceans", "v": 0.0011200571658443272}]}, {"source": 37, "prod": 10.0, "target": 81, "value": 0.016417191497154694, "supply": [{"l": "Eggs", "v": 0.016417191497154694}]}, {"source": 7, "prod": 79.0, "target": 81, "value": 0.020384631922352812, "supply": [{"l": "Vegetables, Other", "v": 0.020384631922352812}]}, {"source": 17, "prod": 6.0, "target": 81, "value": 0.0012824823741842903, "supply": [{"l": "Tomatoes", "v": 0.0012824823741842903}]}, {"source": 40, "prod": 7.0, "target": 81, "value": 0.005455651764354346, "supply": [{"l": "Grapes", "v": 0.005455651764354346}]}, {"source": 41, "prod": 2.0, "target": 81, "value": 0.0080857460162857154, "supply": [{"l": "Pimento", "v": 0.0080857460162857154}]}, {"source": 75, "prod": 5.0, "target": 81, "value": 0.030321547561071433, "supply": [{"l": "Oilcrops, Other", "v": 0.030321547561071433}]}, {"source": 54, "prod": 6.0, "target": 81, "value": 0.016044157449637796, "supply": [{"l": "Mutton & Goat Meat", "v": 0.016044157449637796}]}, {"source": 46, "prod": 53.0, "target": 81, "value": 0.086313342947329771, "supply": [{"l": "Pigmeat", "v": 0.086313342947329771}]}, {"source": 28, "prod": 3.0, "target": 81, "value": 0.003489054787849315, "supply": [{"l": "Cocoa Beans", "v": 0.003489054787849315}]}, {"source": 6, "prod": 1.0, "target": 81, "value": 0.00077672685393345524, "supply": [{"l": "Potatoes", "v": 0.00077672685393345524}]}, {"source": 47, "prod": 2.0, "target": 81, "value": 0.0015869221153457943, "supply": [{"l": "Freshwater Fish", "v": 0.0015869221153457943}]}, {"source": 49, "prod": 9.0, "target": 81, "value": 0.092999378111654624, "supply": [{"l": "Rape and Mustard Oil", "v": 0.092999378111654624}]}, {"source": 9, "prod": 18.0, "target": 81, "value": 0.011538017887338291, "supply": [{"l": "Milk - Excluding Butter", "v": 0.011538017887338291}]}, {"source": 11, "prod": 8.0, "target": 81, "value": 0.031236915034613205, "supply": [{"l": "Beans", "v": 0.031236915034613205}]}, {"source": 50, "prod": 164.0, "target": 81, "value": 0.090905253362637647, "supply": [{"l": "Apples", "v": 0.090905253362637647}]}, {"source": 13, "prod": 21.0, "target": 81, "value": 0.023521200482730875, "supply": [{"l": "Fish, Seafood", "v": 0.023521200482730875}]}, {"source": 23, "prod": 1.0, "target": 81, "value": 0.010107182520357146, "supply": [{"l": "Oilcrops Oil, Other", "v": 0.010107182520357146}]}, {"source": 43, "prod": 137.0, "target": 81, "value": 0.10954178261018582, "supply": [{"l": "Wine", "v": 0.10954178261018582}]}, {"source": 77, "prod": 5.0, "target": 81, "value": 0.017936690106549299, "supply": [{"l": "Sweeteners, Other", "v": 0.017936690106549299}]}, {"source": 10, "prod": 18.0, "target": 81, "value": 0.02387821870434375, "supply": [{"l": "Pelagic Fish", "v": 0.02387821870434375}]}, {"source": 57, "prod": 3.0, "target": 81, "value": 0.013644696402482144, "supply": [{"l": "Spices, Other", "v": 0.013644696402482144}]}, {"source": 66, "prod": 55.0, "target": 81, "value": 0.068804297510879173, "supply": [{"l": "Bovine Meat", "v": 0.068804297510879173}]}, {"source": 61, "prod": 41.0, "target": 81, "value": 0.060327793067781625, "supply": [{"l": "Poultry Meat", "v": 0.060327793067781625}]}, {"source": 62, "prod": 2.0, "target": 81, "value": 0.0024824658821929828, "supply": [{"l": "Offals, Edible", "v": 0.0024824658821929828}]}, {"source": 68, "prod": 16.0, "target": 81, "value": 0.0069960789565802588, "supply": [{"l": "Onions", "v": 0.0069960789565802588}]}, {"source": 83, "prod": 1.0, "target": 35, "value": 0.00268671940414557, "supply": [{"l": "Treenuts", "v": 0.00268671940414557}]}, {"source": 83, "prod": 2.0, "target": 5, "value": 0.0065818166941460339, "supply": [{"l": "Oats", "v": 0.0065818166941460339}]}, {"source": 83, "prod": 1.0, "target": 21, "value": 0.0027038322665923569, "supply": [{"l": "Nuts", "v": 0.0027038322665923569}]}, {"source": 83, "prod": 14.0, "target": 3, "value": 0.043256182406743678, "supply": [{"l": "Rye", "v": 0.043256182406743678}]}, {"source": 83, "prod": 42.0, "target": 1, "value": 0.052541463553762276, "supply": [{"l": "Bovine Meat", "v": 0.052541463553762276}]}, {"source": 83, "prod": 1051.0, "target": 2, "value": 3.9871760473326789, "supply": [{"l": "Maize", "v": 3.9871760473326789}]}, {"source": 22, "prod": 4.0, "target": 84, "value": 0.016506003860148732, "supply": [{"l": "Sugar", "v": 0.016506003860148732}]}, {"source": 83, "prod": 100.0, "target": 59, "value": 0.062198046279120893, "supply": [{"l": "Fruits, Other", "v": 0.062198046279120893}]}, {"source": 9, "prod": 26.0, "target": 84, "value": 0.016666025837266417, "supply": [{"l": "Milk - Excluding Butter", "v": 0.016666025837266417}]}, {"source": 30, "prod": 13.0, "target": 84, "value": 0.053141319651477781, "supply": [{"l": "Rice", "v": 0.053141319651477781}]}, {"source": 83, "prod": 45.0, "target": 71, "value": 0.17498541951274807, "supply": [{"l": "Soyabeans", "v": 0.17498541951274807}]}, {"source": 83, "prod": 40.0, "target": 50, "value": 0.022172013015277478, "supply": [{"l": "Apples", "v": 0.022172013015277478}]}, {"source": 0, "prod": 8.0, "target": 84, "value": 0.028300111057000001, "supply": [{"l": "Sunflower seed", "v": 0.028300111057000001}]}, {"source": 83, "prod": 851.0, "target": 4, "value": 2.6554288231910963, "supply": [{"l": "Wheat", "v": 2.6554288231910963}]}, {"source": 49, "prod": 35.0, "target": 84, "value": 0.36166424821199017, "supply": [{"l": "Rape and Mustard Oil", "v": 0.36166424821199017}]}, {"source": 83, "prod": 71.0, "target": 6, "value": 0.055147606629275335, "supply": [{"l": "Potatoes", "v": 0.055147606629275335}]}, {"source": 83, "prod": 132.0, "target": 70, "value": 0.20750729492342626, "supply": [{"l": "Olive Oil", "v": 0.018866740704666669}, {"l": "Beer", "v": 0.031188600789179715}, {"l": "Butter, Ghee", "v": 0.016508398116583337}, {"l": "Wine", "v": 0.040778327832988875}, {"l": "Fats, Animals, Raw", "v": 0.042386187434655234}, {"l": "Sweeteners, Other", "v": 0.0035873380213098595}, {"l": "Beverages, Alcoholic", "v": 0.054191702024042554}]}, {"source": 83, "prod": 5.0, "target": 11, "value": 0.019523071896633257, "supply": [{"l": "Beans", "v": 0.019523071896633257}]}, {"source": 12, "prod": 1.0, "target": 84, "value": 0.0033164192644921874, "supply": [{"l": "Barley", "v": 0.0033164192644921874}]}, {"source": 73, "prod": 10.0, "target": 84, "value": 0.011622222200000001, "supply": [{"l": "Rape and Mustardseed", "v": 0.011622222200000001}]}, {"source": 34, "prod": 30.0, "target": 84, "value": 0.3100485004132093, "supply": [{"l": "Soyabean Oil", "v": 0.3100485004132093}]}, {"source": 1, "prod": 297.0, "target": 61, "value": 0.43700864734466205, "supply": [{"l": "Poultry Meat", "v": 0.43700864734466205}]}, {"source": 1, "prod": 863.0, "target": 46, "value": 1.4054417917650108, "supply": [{"l": "Pigmeat", "v": 1.4054417917650108}]}, {"source": 1, "prod": 553.0, "target": 10, "value": 0.73359194130567185, "supply": [{"l": "Pelagic Fish", "v": 0.73359194130567185}]}, {"source": 1, "prod": 4.0, "target": 36, "value": 0.004480228663377309, "supply": [{"l": "Crustaceans", "v": 0.004480228663377309}]}, {"source": 1, "prod": 210.0, "target": 37, "value": 0.34476102144024862, "supply": [{"l": "Eggs", "v": 0.38580400018313538}]}, {"source": 1, "prod": 1.0, "target": 60, "value": 0.0011200571658443272, "supply": [{"l": "Molluscs, Other", "v": 0.0011200571658443272}]}, {"source": 1, "prod": 1.0, "target": 53, "value": 0.0011791712940416668, "supply": [{"l": "Cephalopods", "v": 0.0011791712940416668}]}, {"source": 1, "prod": 4939.0, "target": 9, "value": 3.1659039080868778, "supply": [{"l": "Milk - Excluding Butter", "v": 3.1659039080868778}]}, {"source": 1, "prod": 83.0, "target": 62, "value": 0.10302233411100878, "supply": [{"l": "Offals, Edible", "v": 0.10302233411100878}]}, {"source": 1, "prod": 1.0, "target": 39, "value": 0.00092282970838043483, "supply": [{"l": "Marine Fish, Other", "v": 0.00092282970838043483}]}, {"source": 1, "prod": 590.0, "target": 13, "value": 0.6608337278481532, "supply": [{"l": "Fish, Seafood", "v": 0.6608337278481532}]}, {"source": 1, "prod": 393.0, "target": 66, "value": 0.49163798039591849, "supply": [{"l": "Bovine Meat", "v": 0.49163798039591849}]}, {"source": 1, "prod": 4.0, "target": 64, "value": 0.0035480736250567161, "supply": [{"l": "Demersal Fish", "v": 0.0035480736250567161}]}, {"source": 1, "prod": 8.0, "target": 51, "value": 0.012577827136444444, "supply": [{"l": "Meat, Other", "v": 0.012577827136444444}]}, {"source": 1, "prod": 26.0, "target": 47, "value": 0.020629987499495323, "supply": [{"l": "Freshwater Fish", "v": 0.020629987499495323}]}, {"source": 1, "prod": 62.0, "target": 54, "value": 0.16578962697959057, "supply": [{"l": "Mutton & Goat Meat", "v": 0.16578962697959057}]}, {"source": 70, "prod": 4.0, "target": 45, "value": 0.037733481409333337, "supply": [{"l": "Olive Oil", "v": 0.037733481409333337}]}, {"source": 70, "prod": 376.0, "target": 32, "value": 3.187441295086074, "supply": [{"l": "Fats, Animals, Raw", "v": 3.187441295086074}]}, {"source": 70, "prod": 30.0, "target": 77, "value": 0.10762014063929579, "supply": [{"l": "Sweeteners, Other", "v": 0.10762014063929579}]}, {"source": 70, "prod": 10.0, "target": 69, "value": 0.018456594167608701, "supply": [{"l": "Cream", "v": 0.018456594167608701}]}, {"source": 70, "prod": 5.0, "target": 56, "value": 0.0029155334193337913, "supply": [{"l": "Beverages, Fermented", "v": 0.0029155334193337913}]}, {"source": 70, "prod": 151.0, "target": 34, "value": 1.5605774520798201, "supply": [{"l": "Soyabean Oil", "v": 1.5605774520798201}]}, {"source": 70, "prod": 1.0, "target": 78, "value": 0.0098464724908224315, "supply": [{"l": "Coconut Oil", "v": 0.0098464724908224315}]}, {"source": 70, "prod": 1011.0, "target": 22, "value": 4.1718924756525917, "supply": [{"l": "Sugar", "v": 4.1718924756525917}]}, {"source": 70, "prod": 11.0, "target": 29, "value": 0.035919371726192306, "supply": [{"l": "Honey", "v": 0.035919371726192306}]}, {"source": 70, "prod": 13.0, "target": 24, "value": 0.13796304140287499, "supply": [{"l": "Maize Germ Oil", "v": 0.13796304140287499}]}, {"source": 70, "prod": 1121.0, "target": 25, "value": 0.63568039063037207, "supply": [{"l": "Beer", "v": 0.63568039063037207}]}, {"source": 70, "prod": 2.0, "target": 26, "value": 0.018866740704666669, "supply": [{"l": "Groundnut Oil", "v": 0.018866740704666669}]}, {"source": 70, "prod": 99.0, "target": 27, "value": 0.33531115627376329, "supply": [{"l": "Beverages, Alcoholic", "v": 0.33531115627376329}]}, {"source": 70, "prod": 116.0, "target": 44, "value": 1.1901106570001374, "supply": [{"l": "Sunflowerseed Oil", "v": 1.1901106570001374}]}, {"source": 70, "prod": 5.0, "target": 42, "value": 0.038591060532272729, "supply": [{"l": "Palm Oil", "v": 0.038591060532272729}]}, {"source": 70, "prod": 1.0, "target": 67, "value": 0.0060643095122142861, "supply": [{"l": "Palmkernel Oil", "v": 0.0060643095122142861}]}, {"source": 70, "prod": 17.0, "target": 23, "value": 0.17182210284607147, "supply": [{"l": "Oilcrops Oil, Other", "v": 0.17182210284607147}]}, {"source": 70, "prod": 89.0, "target": 49, "value": 0.91966051688191786, "supply": [{"l": "Rape and Mustard Oil", "v": 0.91966051688191786}]}, {"source": 70, "prod": 16.0, "target": 31, "value": 0.1320671849326667, "supply": [{"l": "Butter, Ghee", "v": 0.1320671849326667}]}, {"source": 70, "prod": 530.0, "target": 43, "value": 0.42377477944086483, "supply": [{"l": "Wine", "v": 0.42377477944086483}]}, {"source": 2, "prod": 20856.0, "target": 85, "value": 72.717919860959995, "supply": [{"l": "Maize", "v": 72.717919860959995}]}, {"source": 20, "prod": 9.0, "target": 85, "value": 0.019102574963474998, "supply": [{"l": "Olives", "v": 0.019102574963474998}]}, {"source": 3, "prod": 169.0, "target": 85, "value": 0.58924666554000005, "supply": [{"l": "Rye", "v": 0.58924666554000005}]}, {"source": 12, "prod": 1433.0, "target": 85, "value": 4.9963933237800005, "supply": [{"l": "Barley", "v": 4.9963933237800005}]}, {"source": 30, "prod": 68.0, "target": 85, "value": 0.23709333288000004, "supply": [{"l": "Rice", "v": 0.23709333288000004}]}, {"source": 17, "prod": 497.0, "target": 85, "value": 1.7328733300199999, "supply": [{"l": "Tomatoes", "v": 1.7328733300199999}]}, {"source": 0, "prod": 241.0, "target": 85, "value": 0.85254084559212506, "supply": [{"l": "Sunflower seed", "v": 0.85254084559212506}]}, {"source": 16, "prod": 48.0, "target": 85, "value": 0.16735999967999998, "supply": [{"l": "Cereals, Other", "v": 0.16735999967999998}]}, {"source": 4, "prod": 10630.0, "target": 85, "value": 37.063266595800002, "supply": [{"l": "Wheat", "v": 37.063266595800002}]}, {"source": 7, "prod": 1782.0, "target": 85, "value": 6.2132399881199998, "supply": [{"l": "Vegetables, Other", "v": 6.2132399881199998}]}, {"source": 38, "prod": 20.5, "target": 85, "value": 0.071476666529999996, "supply": [{"l": "Peas", "v": 0.071476666529999996}]}, {"source": 72, "prod": 0.5, "target": 85, "value": 0.00424501665855, "supply": [{"l": "Sesame seed", "v": 0.00424501665855}]}, {"source": 71, "prod": 310.5, "target": 85, "value": 1.2073993946379615, "supply": [{"l": "Soyabeans", "v": 1.2073993946379615}]}, {"source": 74, "prod": 2.0, "target": 85, "value": 0.012335945845358975, "supply": [{"l": "Groundnuts", "v": 0.012335945845358975}]}, {"source": 75, "prod": 19.0, "target": 85, "value": 0.11522188073207146, "supply": [{"l": "Oilcrops, Other", "v": 0.11522188073207146}]}, {"source": 5, "prod": 509.0, "target": 85, "value": 1.7747133299399998, "supply": [{"l": "Oats", "v": 1.7747133299399998}]}, {"source": 86, "prod": 0.5, "target": 85, "value": 0.00058111111000000003, "supply": [{"l": "Cottonseed", "v": 0.00058111111000000003}]}, {"source": 6, "prod": 1239.75, "target": 85, "value": 4.3225949917349995, "supply": [{"l": "Potatoes", "v": 4.3225949917349995}]}, {"source": 11, "prod": 123.0, "target": 85, "value": 0.42885999918000001, "supply": [{"l": "Beans", "v": 0.42885999918000001}]}, {"source": 18, "prod": 39.0, "target": 85, "value": 0.13597999974000002, "supply": [{"l": "Pulses, Other", "v": 0.13597999974000002}]}, {"source": 14, "prod": 2507.2000000000003, "target": 85, "value": 2.9139235499840002, "supply": [{"l": "Sugar beet", "v": 2.9139235499840002}]}, {"source": 15, "prod": 25.0, "target": 85, "value": 0.087166666500000003, "supply": [{"l": "Sorghum", "v": 0.087166666500000003}]}, {"source": 8, "prod": 4.0, "target": 85, "value": 0.013946666639999999, "supply": [{"l": "Millet", "v": 0.013946666639999999}]}, {"source": 73, "prod": 150.0, "target": 85, "value": 0.17433333300000003, "supply": [{"l": "Rape and Mustardseed", "v": 0.17433333300000003}]}, {"source": 68, "prod": 321.5, "target": 85, "value": 1.1209633311900002, "supply": [{"l": "Onions", "v": 1.1209633311900002}]}, {"source": 87, "prod": 0, "target": 2, "value": 0.021003757099418471, "supply": "[{\"l\":'Energy for power irrigation',\"v\":0.021003757099418471}]"}, {"source": 87, "prod": 0, "target": 20, "value": 1.8127523388450924e-05, "supply": "[{\"l\":'Energy for power irrigation',\"v\":1.8127523388450924e-05}]"}, {"source": 87, "prod": 0, "target": 3, "value": 0.00017019730292490036, "supply": "[{\"l\":'Energy for power irrigation',\"v\":0.00017019730292490036}]"}, {"source": 87, "prod": 0, "target": 21, "value": 6.5460501124961677e-05, "supply": "[{\"l\":'Energy for power irrigation',\"v\":6.5460501124961677e-05}]"}, {"source": 87, "prod": 0, "target": 82, "value": 4.0283385307668721e-06, "supply": "[{\"l\":'Energy for power irrigation',\"v\":4.0283385307668721e-06}]"}, {"source": 87, "prod": 0, "target": 12, "value": 0.0014431522786472319, "supply": "[{\"l\":'Energy for power irrigation',\"v\":0.0014431522786472319}]"}, {"source": 87, "prod": 0, "target": 30, "value": 6.8481755023036832e-05, "supply": "[{\"l\":'Energy for power irrigation',\"v\":6.8481755023036832e-05}]"}, {"source": 87, "prod": 0, "target": 17, "value": 0.0010010421248955678, "supply": "[{\"l\":'Energy for power irrigation',\"v\":0.0010010421248955678}]"}, {"source": 87, "prod": 0, "target": 0, "value": 0.00048541479295740805, "supply": "[{\"l\":'Energy for power irrigation',\"v\":0.00048541479295740805}]"}, {"source": 87, "prod": 0, "target": 16, "value": 4.8340062369202462e-05, "supply": "[{\"l\":'Energy for power irrigation',\"v\":4.8340062369202462e-05}]"}, {"source": 87, "prod": 0, "target": 4, "value": 0.010705309645512962, "supply": "[{\"l\":'Energy for power irrigation',\"v\":0.010705309645512962}]"}, {"source": 87, "prod": 0, "target": 35, "value": 6.5460501124961677e-05, "supply": "[{\"l\":'Energy for power irrigation',\"v\":6.5460501124961677e-05}]"}, {"source": 87, "prod": 0, "target": 7, "value": 0.0035892496309132831, "supply": "[{\"l\":'Energy for power irrigation',\"v\":0.0035892496309132831}]"}, {"source": 87, "prod": 0, "target": 38, "value": 4.1290469940360436e-05, "supply": "[{\"l\":'Energy for power irrigation',\"v\":4.1290469940360436e-05}]"}, {"source": 87, "prod": 0, "target": 71, "value": 0.00062539955690155689, "supply": "[{\"l\":'Energy for power irrigation',\"v\":0.00062539955690155689}]"}, {"source": 87, "prod": 0, "target": 40, "value": 0.0019466945949930909, "supply": "[{\"l\":'Energy for power irrigation',\"v\":0.0019466945949930909}]"}, {"source": 87, "prod": 0, "target": 41, "value": 1.4099184857684053e-05, "supply": "[{\"l\":'Energy for power irrigation',\"v\":1.4099184857684053e-05}]"}, {"source": 87, "prod": 0, "target": 75, "value": 3.8269216042285287e-05, "supply": "[{\"l\":'Energy for power irrigation',\"v\":3.8269216042285287e-05}]"}, {"source": 87, "prod": 0, "target": 5, "value": 0.00051260607804008446, "supply": "[{\"l\":'Energy for power irrigation',\"v\":0.00051260607804008446}]"}, {"source": 87, "prod": 0, "target": 86, "value": 1.007084632691718e-06, "supply": "[{\"l\":'Energy for power irrigation',\"v\":1.007084632691718e-06}]"}, {"source": 87, "prod": 0, "target": 6, "value": 0.004994132693518229, "supply": "[{\"l\":'Energy for power irrigation',\"v\":0.004994132693518229}]"}, {"source": 87, "prod": 0, "target": 11, "value": 0.00024774281964216264, "supply": "[{\"l\":'Energy for power irrigation',\"v\":0.00024774281964216264}]"}, {"source": 87, "prod": 0, "target": 50, "value": 0.00078351184423415651, "supply": "[{\"l\":'Energy for power irrigation',\"v\":0.00078351184423415651}]"}, {"source": 87, "prod": 0, "target": 14, "value": 0.012624812955423377, "supply": "[{\"l\":'Energy for power irrigation',\"v\":0.012624812955423377}]"}, {"source": 87, "prod": 0, "target": 15, "value": 2.5177115817292947e-05, "supply": "[{\"l\":'Energy for power irrigation',\"v\":2.5177115817292947e-05}]"}, {"source": 87, "prod": 0, "target": 57, "value": 7.0495924288420264e-06, "supply": "[{\"l\":'Energy for power irrigation',\"v\":7.0495924288420264e-06}]"}, {"source": 87, "prod": 0, "target": 59, "value": 0.0021259556596122165, "supply": "[{\"l\":'Energy for power irrigation',\"v\":0.0021259556596122165}]"}, {"source": 87, "prod": 0, "target": 8, "value": 4.0283385307668721e-06, "supply": "[{\"l\":'Energy for power irrigation',\"v\":4.0283385307668721e-06}]"}, {"source": 87, "prod": 0, "target": 73, "value": 0.00030212538980751541, "supply": "[{\"l\":'Energy for power irrigation',\"v\":0.00030212538980751541}]"}, {"source": 87, "prod": 0, "target": 65, "value": 5.1361316267277617e-05, "supply": "[{\"l\":'Energy for power irrigation',\"v\":5.1361316267277617e-05}]"}, {"source": 87, "prod": 0, "target": 68, "value": 0.00064755541882077468, "supply": "[{\"l\":'Energy for power irrigation',\"v\":0.00064755541882077468}]"}, {"source": 87, "prod": 0, "target": 18, "value": 7.8552601349953993e-05, "supply": "[{\"l\":'Energy for power irrigation',\"v\":7.8552601349953993e-05}]"}, {"source": 87, "prod": 0, "target": 70, "value": 1.4680000011743999, "supply": "[{\"l\":'Electricity',\"v\":1.4680000011743999}]"}, {"source": 88, "prod": 0, "target": 87, "value": 2.891161285370889, "supply": [{"l": "Coal", "v": 2.5942105431109934}, {"l": "Natural gas", "v": 0.10810441776112087}, {"l": "Oil", "v": 0.18884632449877453}]}, {"source": 89, "prod": 0, "target": 87, "value": 0.39824196526542333, "supply": [{"l": "Nuclear", "v": 0.0}, {"l": "Hydroelectric", "v": 0.39824196526542333}, {"l": "Renewable", "v": 0.0}]}, {"source": 88, "prod": 0, "target": 2, "value": 1.561888863446155, "supply": [{"l": "Motor Gasoline", "v": 0.064783697561753062}, {"l": "Natural gas (including LNG)", "v": 0.31240219845664785}, {"l": "Liquefied petroleum gas (LPG)", "v": 0.12249005645552494}, {"l": "Other fossil fuels", "v": 1.0622129109722294}]}, {"source": 88, "prod": 0, "target": 20, "value": 0.0013480053481986377, "supply": [{"l": "Motor Gasoline", "v": 5.5912282130396772e-05}, {"l": "Natural gas (including LNG)", "v": 0.00026962215056672712}, {"l": "Liquefied petroleum gas (LPG)", "v": 0.00010571638934596512}, {"l": "Other fossil fuels", "v": 0.0009167545261555488}]}, {"source": 88, "prod": 0, "target": 3, "value": 0.012656272435864988, "supply": [{"l": "Motor Gasoline", "v": 0.00052495420444650302}, {"l": "Natural gas (including LNG)", "v": 0.0025314524136542714}, {"l": "Liquefied petroleum gas (LPG)", "v": 0.00099255943330378376}, {"l": "Other fossil fuels", "v": 0.0086073063844604308}]}, {"source": 88, "prod": 0, "target": 21, "value": 0.0048677970907173036, "supply": [{"l": "Motor Gasoline", "v": 0.00020190546324865504}, {"l": "Natural gas (including LNG)", "v": 0.0009736355437131814}, {"l": "Liquefied petroleum gas (LPG)", "v": 0.00038175362819376299}, {"l": "Other fossil fuels", "v": 0.0033105024555617041}]}, {"source": 88, "prod": 0, "target": 82, "value": 0.0002995567440441417, "supply": [{"l": "Motor Gasoline", "v": 1.2424951584532615e-05}, {"l": "Natural gas (including LNG)", "v": 5.9916033459272693e-05}, {"l": "Liquefied petroleum gas (LPG)", "v": 2.3492530965770027e-05}, {"l": "Other fossil fuels", "v": 0.00020372322803456638}]}, {"source": 88, "prod": 0, "target": 12, "value": 0.10731620355381379, "supply": [{"l": "Motor Gasoline", "v": 0.0044512389051588105}, {"l": "Natural gas (including LNG)", "v": 0.021464918986784445}, {"l": "Liquefied petroleum gas (LPG)", "v": 0.008416199218487113}, {"l": "Other fossil fuels", "v": 0.072983846443383418}]}, {"source": 88, "prod": 0, "target": 30, "value": 0.0050924646487504098, "supply": [{"l": "Motor Gasoline", "v": 0.00021122417693705448}, {"l": "Natural gas (including LNG)", "v": 0.0010185725688076359}, {"l": "Liquefied petroleum gas (LPG)", "v": 0.00039937302641809049}, {"l": "Other fossil fuels", "v": 0.0034632948765876289}]}, {"source": 88, "prod": 0, "target": 17, "value": 0.074439850894969226, "supply": [{"l": "Motor Gasoline", "v": 0.0030876004687563556}, {"l": "Natural gas (including LNG)", "v": 0.014889134314629265}, {"l": "Liquefied petroleum gas (LPG)", "v": 0.0058378939449938525}, {"l": "Other fossil fuels", "v": 0.050625222166589753}]}, {"source": 88, "prod": 0, "target": 0, "value": 0.036096587657319081, "supply": [{"l": "Motor Gasoline", "v": 0.0014972066659361804}, {"l": "Natural gas (including LNG)", "v": 0.0072198820318423599}, {"l": "Liquefied petroleum gas (LPG)", "v": 0.0028308499813752886}, {"l": "Other fossil fuels", "v": 0.024548648978165253}]}, {"source": 88, "prod": 0, "target": 16, "value": 0.0035946809285297009, "supply": [{"l": "Motor Gasoline", "v": 0.00014909941901439141}, {"l": "Natural gas (including LNG)", "v": 0.00071899240151127237}, {"l": "Liquefied petroleum gas (LPG)", "v": 0.00028191037158924035}, {"l": "Other fossil fuels", "v": 0.0024446787364147968}]}, {"source": 88, "prod": 0, "target": 4, "value": 0.79607204729730663, "supply": [{"l": "Motor Gasoline", "v": 0.033019308835895426}, {"l": "Natural gas (including LNG)", "v": 0.15922685891801719}, {"l": "Liquefied petroleum gas (LPG)", "v": 0.06243140104153385}, {"l": "Other fossil fuels", "v": 0.54139447850186018}]}, {"source": 88, "prod": 0, "target": 35, "value": 0.0048677970907173036, "supply": [{"l": "Motor Gasoline", "v": 0.00020190546324865504}, {"l": "Natural gas (including LNG)", "v": 0.0009736355437131814}, {"l": "Liquefied petroleum gas (LPG)", "v": 0.00038175362819376299}, {"l": "Other fossil fuels", "v": 0.0033105024555617041}]}, {"source": 88, "prod": 0, "target": 7, "value": 0.26690505894333028, "supply": [{"l": "Motor Gasoline", "v": 0.011070631861818562}, {"l": "Natural gas (including LNG)", "v": 0.053385185812211973}, {"l": "Liquefied petroleum gas (LPG)", "v": 0.020931845090501097}, {"l": "Other fossil fuels", "v": 0.18151739617879867}]}, {"source": 88, "prod": 0, "target": 38, "value": 0.0030704566264524529, "supply": [{"l": "Motor Gasoline", "v": 0.00012735575374145933}, {"l": "Natural gas (including LNG)", "v": 0.00061413934295754516}, {"l": "Liquefied petroleum gas (LPG)", "v": 0.00024079844239914281}, {"l": "Other fossil fuels", "v": 0.0020881630873543057}]}, {"source": 88, "prod": 0, "target": 71, "value": 0.046506184512853002, "supply": [{"l": "Motor Gasoline", "v": 0.0019289737334986887}, {"l": "Natural gas (including LNG)", "v": 0.0093019641945520856}, {"l": "Liquefied petroleum gas (LPG)", "v": 0.0036472154324357969}, {"l": "Other fossil fuels", "v": 0.031628031152366433}]}, {"source": 88, "prod": 0, "target": 40, "value": 0.14476079655933149, "supply": [{"l": "Motor Gasoline", "v": 0.0060043578532253871}, {"l": "Natural gas (including LNG)", "v": 0.028954423169193531}, {"l": "Liquefied petroleum gas (LPG)", "v": 0.011352765589208367}, {"l": "Other fossil fuels", "v": 0.098449249947704209}]}, {"source": 88, "prod": 0, "target": 41, "value": 0.0010484486041544962, "supply": [{"l": "Motor Gasoline", "v": 4.3487330545864157e-05}, {"l": "Natural gas (including LNG)", "v": 0.00020970611710745444}, {"l": "Liquefied petroleum gas (LPG)", "v": 8.2223858380195105e-05}, {"l": "Other fossil fuels", "v": 0.00071303129812098237}]}, {"source": 88, "prod": 0, "target": 75, "value": 0.0028457890684193466, "supply": [{"l": "Motor Gasoline", "v": 0.00011803704005305986}, {"l": "Natural gas (including LNG)", "v": 0.00056920231786309066}, {"l": "Liquefied petroleum gas (LPG)", "v": 0.00022317904417481528}, {"l": "Other fossil fuels", "v": 0.001935370666328381}]}, {"source": 88, "prod": 0, "target": 5, "value": 0.038118595679617034, "supply": [{"l": "Motor Gasoline", "v": 0.0015810750891317755}, {"l": "Natural gas (including LNG)", "v": 0.0076243152576924503}, {"l": "Liquefied petroleum gas (LPG)", "v": 0.0029894245653942363}, {"l": "Other fossil fuels", "v": 0.025923780767398572}]}, {"source": 88, "prod": 0, "target": 86, "value": 7.4889186011035426e-05, "supply": [{"l": "Motor Gasoline", "v": 3.1062378961331538e-06}, {"l": "Natural gas (including LNG)", "v": 1.4979008364818173e-05}, {"l": "Liquefied petroleum gas (LPG)", "v": 5.8731327414425068e-06}, {"l": "Other fossil fuels", "v": 5.0930807008641596e-05}]}, {"source": 88, "prod": 0, "target": 6, "value": 0.37137547342872468, "supply": [{"l": "Motor Gasoline", "v": 0.015403833726924311}, {"l": "Natural gas (including LNG)", "v": 0.074280902481133324}, {"l": "Liquefied petroleum gas (LPG)", "v": 0.029124865264813393}, {"l": "Other fossil fuels", "v": 0.25256587195585367}]}, {"source": 88, "prod": 0, "target": 11, "value": 0.018422739758714717, "supply": [{"l": "Motor Gasoline", "v": 0.000764134522448756}, {"l": "Natural gas (including LNG)", "v": 0.0036848360577452707}, {"l": "Liquefied petroleum gas (LPG)", "v": 0.0014447906543948569}, {"l": "Other fossil fuels", "v": 0.012528978524125834}]}, {"source": 88, "prod": 0, "target": 50, "value": 0.058263786716585567, "supply": [{"l": "Motor Gasoline", "v": 0.0024166530831915937}, {"l": "Natural gas (including LNG)", "v": 0.011653668507828539}, {"l": "Liquefied petroleum gas (LPG)", "v": 0.0045692972728422704}, {"l": "Other fossil fuels", "v": 0.039624167852723165}]}, {"source": 88, "prod": 0, "target": 14, "value": 0.93881083583434022, "supply": [{"l": "Motor Gasoline", "v": 0.038939798265925224}, {"l": "Natural gas (including LNG)", "v": 0.18777684886136065}, {"l": "Liquefied petroleum gas (LPG)", "v": 0.073625592046723282}, {"l": "Other fossil fuels", "v": 0.63846859666033118}]}, {"source": 88, "prod": 0, "target": 15, "value": 0.0018722296502758856, "supply": [{"l": "Motor Gasoline", "v": 7.7655947403328844e-05}, {"l": "Natural gas (including LNG)", "v": 0.00037447520912045433}, {"l": "Liquefied petroleum gas (LPG)", "v": 0.00014682831853606268}, {"l": "Other fossil fuels", "v": 0.00127327017521604}]}, {"source": 88, "prod": 0, "target": 57, "value": 0.00052422430207724809, "supply": [{"l": "Motor Gasoline", "v": 2.1743665272932079e-05}, {"l": "Natural gas (including LNG)", "v": 0.00010485305855372722}, {"l": "Liquefied petroleum gas (LPG)", "v": 4.1111929190097552e-05}, {"l": "Other fossil fuels", "v": 0.00035651564906049118}]}, {"source": 88, "prod": 0, "target": 59, "value": 0.15809107166929579, "supply": [{"l": "Motor Gasoline", "v": 0.0065572681987370882}, {"l": "Natural gas (including LNG)", "v": 0.031620686658131163}, {"l": "Liquefied petroleum gas (LPG)", "v": 0.012398183217185133}, {"l": "Other fossil fuels", "v": 0.10751493359524242}]}, {"source": 88, "prod": 0, "target": 8, "value": 0.0002995567440441417, "supply": [{"l": "Motor Gasoline", "v": 1.2424951584532615e-05}, {"l": "Natural gas (including LNG)", "v": 5.9916033459272693e-05}, {"l": "Liquefied petroleum gas (LPG)", "v": 2.3492530965770027e-05}, {"l": "Other fossil fuels", "v": 0.00020372322803456638}]}, {"source": 88, "prod": 0, "target": 73, "value": 0.022466755803310628, "supply": [{"l": "Motor Gasoline", "v": 0.00093187136883994624}, {"l": "Natural gas (including LNG)", "v": 0.0044937025094454516}, {"l": "Liquefied petroleum gas (LPG)", "v": 0.001761939822432752}, {"l": "Other fossil fuels", "v": 0.01527924210259248}]}, {"source": 88, "prod": 0, "target": 65, "value": 0.0038193484865628072, "supply": [{"l": "Motor Gasoline", "v": 0.00015841813270279085}, {"l": "Natural gas (including LNG)", "v": 0.00076392942660572687}, {"l": "Liquefied petroleum gas (LPG)", "v": 0.00029952976981356786}, {"l": "Other fossil fuels", "v": 0.0025974711574407216}]}, {"source": 88, "prod": 0, "target": 68, "value": 0.048153746605095783, "supply": [{"l": "Motor Gasoline", "v": 0.0019973109672136182}, {"l": "Natural gas (including LNG)", "v": 0.0096315023785780857}, {"l": "Liquefied petroleum gas (LPG)", "v": 0.0037764243527475322}, {"l": "Other fossil fuels", "v": 0.032748508906556548}]}, {"source": 88, "prod": 0, "target": 18, "value": 0.0058413565088607632, "supply": [{"l": "Motor Gasoline", "v": 0.000242286555898386}, {"l": "Natural gas (including LNG)", "v": 0.0011683626524558175}, {"l": "Liquefied petroleum gas (LPG)", "v": 0.00045810435383251551}, {"l": "Other fossil fuels", "v": 0.0039726029466740443}]}, {"source": 90, "prod": 344.50156977202812, "target": 2, "value": 3.7873209496260545, "supply": [{"l": "Potash", "v": 0.65122777829876}, {"l": "Phosphate", "v": 1.0983750008786999}, {"l": "Nitrogen", "v": 9.7607222300307992}]}, {"source": 90, "prod": 0.29732586574110592, "target": 20, "value": 0.0032686889668809443, "supply": [{"l": "Potash", "v": 0.65122777829876}, {"l": "Phosphate", "v": 1.0983750008786999}, {"l": "Nitrogen", "v": 9.7607222300307992}]}, {"source": 90, "prod": 2.7915595172359393, "target": 3, "value": 0.0306893575223822, "supply": [{"l": "Potash", "v": 0.65122777829876}, {"l": "Phosphate", "v": 1.0983750008786999}, {"l": "Nitrogen", "v": 9.7607222300307992}]}, {"source": 90, "prod": 1.0736767373984382, "target": 21, "value": 0.011803599047070078, "supply": [{"l": "Potash", "v": 0.65122777829876}, {"l": "Phosphate", "v": 1.0983750008786999}, {"l": "Nitrogen", "v": 9.7607222300307992}]}, {"source": 90, "prod": 0.066072414609134655, "target": 82, "value": 0.0007263753259735431, "supply": [{"l": "Potash", "v": 0.65122777829876}, {"l": "Phosphate", "v": 1.0983750008786999}, {"l": "Nitrogen", "v": 9.7607222300307992}]}, {"source": 90, "prod": 23.67044253372249, "target": 12, "value": 0.26022396053002189, "supply": [{"l": "Potash", "v": 0.65122777829876}, {"l": "Phosphate", "v": 1.0983750008786999}, {"l": "Nitrogen", "v": 9.7607222300307992}]}, {"source": 90, "prod": 1.1232310483552892, "target": 30, "value": 0.012348380541550234, "supply": [{"l": "Potash", "v": 0.65122777829876}, {"l": "Phosphate", "v": 1.0983750008786999}, {"l": "Nitrogen", "v": 9.7607222300307992}]}, {"source": 90, "prod": 16.418995030369963, "target": 17, "value": 0.1805042685044255, "supply": [{"l": "Potash", "v": 0.65122777829876}, {"l": "Phosphate", "v": 1.0983750008786999}, {"l": "Nitrogen", "v": 9.7607222300307992}]}, {"source": 90, "prod": 7.9617259604007256, "target": 0, "value": 0.087528226779811952, "supply": [{"l": "Potash", "v": 0.65122777829876}, {"l": "Phosphate", "v": 1.0983750008786999}, {"l": "Nitrogen", "v": 9.7607222300307992}]}, {"source": 90, "prod": 0.79286897530961586, "target": 16, "value": 0.0087165039116825181, "supply": [{"l": "Potash", "v": 0.65122777829876}, {"l": "Phosphate", "v": 1.0983750008786999}, {"l": "Nitrogen", "v": 9.7607222300307992}]}, {"source": 90, "prod": 175.58744182377532, "target": 4, "value": 1.9303424287746909, "supply": [{"l": "Potash", "v": 0.65122777829876}, {"l": "Phosphate", "v": 1.0983750008786999}, {"l": "Nitrogen", "v": 9.7607222300307992}]}, {"source": 90, "prod": 1.0736767373984382, "target": 35, "value": 0.011803599047070078, "supply": [{"l": "Potash", "v": 0.65122777829876}, {"l": "Phosphate", "v": 1.0983750008786999}, {"l": "Nitrogen", "v": 9.7607222300307992}]}, {"source": 90, "prod": 58.870521416738981, "target": 7, "value": 0.64720041544242701, "supply": [{"l": "Potash", "v": 0.65122777829876}, {"l": "Phosphate", "v": 1.0983750008786999}, {"l": "Nitrogen", "v": 9.7607222300307992}]}, {"source": 90, "prod": 0.67724224974363023, "target": 38, "value": 0.0074453470912288176, "supply": [{"l": "Potash", "v": 0.65122777829876}, {"l": "Phosphate", "v": 1.0983750008786999}, {"l": "Nitrogen", "v": 9.7607222300307992}]}, {"source": 90, "prod": 10.257742368068154, "target": 71, "value": 0.11276976935739258, "supply": [{"l": "Potash", "v": 0.65122777829876}, {"l": "Phosphate", "v": 1.0983750008786999}, {"l": "Nitrogen", "v": 9.7607222300307992}]}, {"source": 90, "prod": 31.929494359864321, "target": 40, "value": 0.35102087627671474, "supply": [{"l": "Potash", "v": 0.65122777829876}, {"l": "Phosphate", "v": 1.0983750008786999}, {"l": "Nitrogen", "v": 9.7607222300307992}]}, {"source": 90, "prod": 0.23125345113197129, "target": 41, "value": 0.0025423136409074014, "supply": [{"l": "Potash", "v": 0.65122777829876}, {"l": "Phosphate", "v": 1.0983750008786999}, {"l": "Nitrogen", "v": 9.7607222300307992}]}, {"source": 90, "prod": 0.6276879387867792, "target": 75, "value": 0.0069005655967486609, "supply": [{"l": "Potash", "v": 0.65122777829876}, {"l": "Phosphate", "v": 1.0983750008786999}, {"l": "Nitrogen", "v": 9.7607222300307992}]}, {"source": 90, "prod": 8.407714759012384, "target": 5, "value": 0.092431260230133372, "supply": [{"l": "Potash", "v": 0.65122777829876}, {"l": "Phosphate", "v": 1.0983750008786999}, {"l": "Nitrogen", "v": 9.7607222300307992}]}, {"source": 90, "prod": 0.016518103652283664, "target": 86, "value": 0.00018159383149338578, "supply": [{"l": "Potash", "v": 0.65122777829876}, {"l": "Phosphate", "v": 1.0983750008786999}, {"l": "Nitrogen", "v": 9.7607222300307992}]}, {"source": 90, "prod": 81.913276011674682, "target": 6, "value": 0.90052381037570017, "supply": [{"l": "Potash", "v": 0.65122777829876}, {"l": "Phosphate", "v": 1.0983750008786999}, {"l": "Nitrogen", "v": 9.7607222300307992}]}, {"source": 90, "prod": 4.0634534984617812, "target": 11, "value": 0.044672082547372906, "supply": [{"l": "Potash", "v": 0.65122777829876}, {"l": "Phosphate", "v": 1.0983750008786999}, {"l": "Nitrogen", "v": 9.7607222300307992}]}, {"source": 90, "prod": 12.851084641476689, "target": 50, "value": 0.14128000090185414, "supply": [{"l": "Potash", "v": 0.65122777829876}, {"l": "Phosphate", "v": 1.0983750008786999}, {"l": "Nitrogen", "v": 9.7607222300307992}]}, {"source": 90, "prod": 207.07094738502801, "target": 14, "value": 2.2764602716010844, "supply": [{"l": "Potash", "v": 0.65122777829876}, {"l": "Phosphate", "v": 1.0983750008786999}, {"l": "Nitrogen", "v": 9.7607222300307992}]}, {"source": 90, "prod": 0.41295259130709155, "target": 15, "value": 0.0045398457873346443, "supply": [{"l": "Potash", "v": 0.65122777829876}, {"l": "Phosphate", "v": 1.0983750008786999}, {"l": "Nitrogen", "v": 9.7607222300307992}]}, {"source": 90, "prod": 0.11562672556598565, "target": 57, "value": 0.0012711568204537007, "supply": [{"l": "Potash", "v": 0.65122777829876}, {"l": "Phosphate", "v": 1.0983750008786999}, {"l": "Nitrogen", "v": 9.7607222300307992}]}, {"source": 90, "prod": 34.869716809970811, "target": 59, "value": 0.38334457828253743, "supply": [{"l": "Potash", "v": 0.65122777829876}, {"l": "Phosphate", "v": 1.0983750008786999}, {"l": "Nitrogen", "v": 9.7607222300307992}]}, {"source": 90, "prod": 0.066072414609134655, "target": 8, "value": 0.0007263753259735431, "supply": [{"l": "Potash", "v": 0.65122777829876}, {"l": "Phosphate", "v": 1.0983750008786999}, {"l": "Nitrogen", "v": 9.7607222300307992}]}, {"source": 90, "prod": 4.9554310956850989, "target": 73, "value": 0.054478149448015739, "supply": [{"l": "Potash", "v": 0.65122777829876}, {"l": "Phosphate", "v": 1.0983750008786999}, {"l": "Nitrogen", "v": 9.7607222300307992}]}, {"source": 90, "prod": 0.84242328626646679, "target": 65, "value": 0.0092612854061626757, "supply": [{"l": "Potash", "v": 0.65122777829876}, {"l": "Phosphate", "v": 1.0983750008786999}, {"l": "Nitrogen", "v": 9.7607222300307992}]}, {"source": 90, "prod": 10.621140648418395, "target": 68, "value": 0.11676483365024706, "supply": [{"l": "Potash", "v": 0.65122777829876}, {"l": "Phosphate", "v": 1.0983750008786999}, {"l": "Nitrogen", "v": 9.7607222300307992}]}, {"source": 90, "prod": 1.2884120848781258, "target": 18, "value": 0.014164318856484091, "supply": [{"l": "Potash", "v": 0.65122777829876}, {"l": "Phosphate", "v": 1.0983750008786999}, {"l": "Nitrogen", "v": 9.7607222300307992}]}, {"source": 88, "prod": 0, "target": 90, "value": 14.190036642243903, "supply": [{"l": "Natural gas (including LNG)", "v": 9.4755408619274082}, {"l": "Fuel oil", "v": 2.9890813311960498}, {"l": "Liquefied petroleum gas (LPG)", "v": 0.86270722456022231}, {"l": "Coal", "v": 0.86270722456022231}]}, {"source": 91, "prod": 0, "target": 2, "value": 1.0796409414142532, "supply": "[{\"l\":'Labor',\"v\":1.0796409414142532}]"}, {"source": 91, "prod": 0, "target": 20, "value": 0.00093179597935637477, "supply": "[{\"l\":'Labor',\"v\":0.00093179597935637477}]"}, {"source": 91, "prod": 0, "target": 82, "value": 0.00020706577319030552, "supply": "[{\"l\":'Labor',\"v\":0.00020706577319030552}]"}, {"source": 91, "prod": 0, "target": 3, "value": 0.0087485289172904088, "supply": "[{\"l\":'Labor',\"v\":0.0087485289172904088}]"}, {"source": 91, "prod": 0, "target": 21, "value": 0.0033648188143424649, "supply": "[{\"l\":'Labor',\"v\":0.0033648188143424649}]"}, {"source": 91, "prod": 0, "target": 12, "value": 0.074181313245426955, "supply": "[{\"l\":'Labor',\"v\":0.074181313245426955}]"}, {"source": 91, "prod": 0, "target": 28, "value": 0.00098356242265395123, "supply": "[{\"l\":'Labor',\"v\":0.00098356242265395123}]"}, {"source": 91, "prod": 0, "target": 30, "value": 0.0035201181442351941, "supply": "[{\"l\":'Labor',\"v\":0.0035201181442351941}]"}, {"source": 91, "prod": 0, "target": 17, "value": 0.051455844637790925, "supply": "[{\"l\":'Labor',\"v\":0.051455844637790925}]"}, {"source": 91, "prod": 0, "target": 0, "value": 0.024951425669431815, "supply": "[{\"l\":'Labor',\"v\":0.024951425669431815}]"}, {"source": 91, "prod": 0, "target": 16, "value": 0.0024847892782836663, "supply": "[{\"l\":'Labor',\"v\":0.0024847892782836663}]"}, {"source": 91, "prod": 0, "target": 33, "value": 0.00010353288659515276, "supply": "[{\"l\":'Labor',\"v\":0.00010353288659515276}]"}, {"source": 91, "prod": 0, "target": 4, "value": 0.55027729225323685, "supply": "[{\"l\":'Labor',\"v\":0.55027729225323685}]"}, {"source": 91, "prod": 0, "target": 35, "value": 0.0033648188143424649, "supply": "[{\"l\":'Labor',\"v\":0.0033648188143424649}]"}, {"source": 91, "prod": 0, "target": 7, "value": 0.18449560391256223, "supply": "[{\"l\":'Labor',\"v\":0.18449560391256223}]"}, {"source": 91, "prod": 0, "target": 38, "value": 0.0021224241752006317, "supply": "[{\"l\":'Labor',\"v\":0.0021224241752006317}]"}, {"source": 91, "prod": 0, "target": 72, "value": 5.176644329757638e-05, "supply": "[{\"l\":'Labor',\"v\":5.176644329757638e-05}]"}, {"source": 91, "prod": 0, "target": 86, "value": 5.176644329757638e-05, "supply": "[{\"l\":'Labor',\"v\":5.176644329757638e-05}]"}, {"source": 91, "prod": 0, "target": 40, "value": 0.10006453489421514, "supply": "[{\"l\":'Labor',\"v\":0.10006453489421514}]"}, {"source": 91, "prod": 0, "target": 41, "value": 0.00072473020616606939, "supply": "[{\"l\":'Labor',\"v\":0.00072473020616606939}]"}, {"source": 91, "prod": 0, "target": 73, "value": 0.015529932989272913, "supply": "[{\"l\":'Labor',\"v\":0.015529932989272913}]"}, {"source": 91, "prod": 0, "target": 75, "value": 0.0019671248453079025, "supply": "[{\"l\":'Labor',\"v\":0.0019671248453079025}]"}, {"source": 91, "prod": 0, "target": 5, "value": 0.026349119638466378, "supply": "[{\"l\":'Labor',\"v\":0.026349119638466378}]"}, {"source": 91, "prod": 0, "target": 71, "value": 0.032146961287794928, "supply": "[{\"l\":'Labor',\"v\":0.032146961287794928}]"}, {"source": 91, "prod": 0, "target": 6, "value": 0.25670979231268126, "supply": "[{\"l\":'Labor',\"v\":0.25670979231268126}]"}, {"source": 91, "prod": 0, "target": 74, "value": 0.00020706577319030552, "supply": "[{\"l\":'Labor',\"v\":0.00020706577319030552}]"}, {"source": 91, "prod": 0, "target": 48, "value": 0.00072473020616606939, "supply": "[{\"l\":'Labor',\"v\":0.00072473020616606939}]"}, {"source": 91, "prod": 0, "target": 11, "value": 0.012734545051203789, "supply": "[{\"l\":'Labor',\"v\":0.012734545051203789}]"}, {"source": 91, "prod": 0, "target": 18, "value": 0.0040377825772109572, "supply": "[{\"l\":'Labor',\"v\":0.0040377825772109572}]"}, {"source": 91, "prod": 0, "target": 14, "value": 0.64894413317841748, "supply": "[{\"l\":'Labor',\"v\":0.64894413317841748}]"}, {"source": 91, "prod": 0, "target": 52, "value": 0.0015012268556297149, "supply": "[{\"l\":'Labor',\"v\":0.0015012268556297149}]"}, {"source": 91, "prod": 0, "target": 15, "value": 0.0012941610824394095, "supply": "[{\"l\":'Labor',\"v\":0.0012941610824394095}]"}, {"source": 91, "prod": 0, "target": 55, "value": 0.00098356242265395123, "supply": "[{\"l\":'Labor',\"v\":0.00098356242265395123}]"}, {"source": 91, "prod": 0, "target": 57, "value": 0.00036236510308303469, "supply": "[{\"l\":'Labor',\"v\":0.00036236510308303469}]"}, {"source": 91, "prod": 0, "target": 58, "value": 0.00010353288659515276, "supply": "[{\"l\":'Labor',\"v\":0.00010353288659515276}]"}, {"source": 91, "prod": 0, "target": 59, "value": 0.10927896180118374, "supply": "[{\"l\":'Labor',\"v\":0.10927896180118374}]"}, {"source": 91, "prod": 0, "target": 8, "value": 0.00020706577319030552, "supply": "[{\"l\":'Labor',\"v\":0.00020706577319030552}]"}, {"source": 91, "prod": 0, "target": 63, "value": 0.00020706577319030552, "supply": "[{\"l\":'Labor',\"v\":0.00020706577319030552}]"}, {"source": 91, "prod": 0, "target": 65, "value": 0.0026400886081763952, "supply": "[{\"l\":'Labor',\"v\":0.0026400886081763952}]"}, {"source": 91, "prod": 0, "target": 68, "value": 0.033285823040341611, "supply": "[{\"l\":'Labor',\"v\":0.033285823040341611}]"}, {"source": 91, "prod": 0, "target": 50, "value": 0.040274292885514422, "supply": "[{\"l\":'Labor',\"v\":0.040274292885514422}]"}, {"source": 88, "prod": 0, "target": 80, "value": 6.7976598812632201, "supply": "[{\"l\":'Fossil Fuels',\"v\":6.7976598812632201}]"}, {"source": 89, "prod": 0, "target": 80, "value": 0.82986479890458631, "supply": "[{\"l\":'Renewables & Nuclear',\"v\":0.37738768218756114},{\"l\":'Biomass & Waste',\"v\":0.45247711671702517}]"}]}