{"nodes": [{"layer": 13, "name": "Other Processed", "fill": "#9c9ede"}, {"layer": 10, "name": "Feed", "fill": "#dbdb8d"}, {"layer": 13, "name": "Animal Products", "fill": "#17becf"}, {"layer": 5, "name": "Cereals", "fill": "#e7ba52"}, {"layer": 5, "name": "Oilcrops", "fill": "#ff9896"}, {"layer": 5, "name": "Fruits, Roots & Vegetables", "fill": "#98df8a"}, {"layer": 5, "name": "Sugar Crops", "fill": "#ffbb78"}, {"layer": 13, "name": "Aquatic Products", "fill": "#1f77b4"}, {"layer": 16, "name": "Food", "fill": "#b5cf6b"}, {"layer": 13, "name": "Sugar", "fill": "#d6616b"}, {"layer": 13, "name": "Vegetable Oils", "fill": "#f7b6d2"}, {"layer": 10, "name": "Processing", "fill": "#9edae5"}, {"layer": 16, "name": "Biofuels & Other", "fill": "#e7ba52"}, {"name": "Seed", "fill": "#dbdb8d"}, {"name": "Waste", "fill": "#c7c7c7"}, {"layer": 0, "name": "Import", "fill": "#aec7e8"}, {"layer": 16, "name": "Export", "fill": "#aec7e8"}, {"layer": 0, "name": "Stock Draw", "fill": "#c7c7c7"}, {"layer": 16, "name": "Stock Deposit", "fill": "#c7c7c7"}, {"layer": 0, "name": "Production", "fill": "#b5cf6b"}], "links": [{"source": 0, "prod": 0.0085258562424886074, "target": 1, "value": 1.0, "supply": [{"l": "Fish, Body Oil", "v": 1.0}]}, {"source": 2, "prod": 0.4865563460224952, "target": 1, "value": 742.0, "supply": [{"l": "Milk - Excluding Butter", "v": 742.0}]}, {"source": 3, "prod": 34.545602999611759, "target": 1, "value": 9343.0, "supply": [{"l": "Maize", "v": 7720.0}, {"l": "Wheat", "v": 875.0}, {"l": "Oats", "v": 261.0}, {"l": "Rye", "v": 6.0}, {"l": "Millet", "v": 2.0}, {"l": "Barley", "v": 464.0}, {"l": "Sorghum", "v": 12.0}, {"l": "Cereals, Other", "v": 3.0}]}, {"source": 4, "prod": 0.076410299853900007, "target": 1, "value": 45.0, "supply": [{"l": "Sunflower seed", "v": 45.0}]}, {"source": 5, "prod": 0.84111527824980614, "target": 1, "value": 889.0, "supply": [{"l": "Vegetables, Other", "v": 217.0}, {"l": "Potatoes", "v": 614.0}, {"l": "Beans", "v": 7.0}, {"l": "Tomatoes", "v": 5.0}, {"l": "Pulses, Other", "v": 46.0}]}, {"source": 6, "prod": 0.088328888719999998, "target": 1, "value": 76.0, "supply": [{"l": "Sugar beet", "v": 76.0}]}, {"source": 7, "prod": 1.1033729710653923, "target": 1, "value": 892.0, "supply": [{"l": "Pelagic Fish", "v": 446.0}, {"l": "Fish, Seafood", "v": 446.0}]}, {"source": 0, "prod": 3.6987412404064672, "target": 8, "value": 1989.0, "supply": [{"l": "Beer", "v": 1030.0}, {"l": "Beverages, Alcoholic", "v": 88.0}, {"l": "Butter, Ghee", "v": 15.0}, {"l": "Fats, Animals, Raw", "v": 256.0}, {"l": "Wine", "v": 584.0}, {"l": "Beverages, Fermented", "v": 5.0}, {"l": "Cream", "v": 11.0}]}, {"source": 2, "prod": 4.9528768446101399, "target": 8, "value": 5342.0, "supply": [{"l": "Pigmeat", "v": 745.0}, {"l": "Eggs", "v": 200.0}, {"l": "Mutton & Goat Meat", "v": 52.0}, {"l": "Poultry Meat", "v": 270.0}, {"l": "Milk - Excluding Butter", "v": 3663.0}, {"l": "Meat, Other", "v": 2.0}, {"l": "Offals, Edible", "v": 81.0}, {"l": "Bovine Meat", "v": 329.0}]}, {"source": 3, "prod": 15.759974280006059, "target": 8, "value": 4918.0, "supply": [{"l": "Maize", "v": 570.0}, {"l": "Rye", "v": 65.0}, {"l": "Barley", "v": 16.0}, {"l": "Rice", "v": 39.0}, {"l": "Cereals, Other", "v": 3.0}, {"l": "Wheat", "v": 4225.0}]}, {"source": 4, "prod": 0.01528205997078, "target": 8, "value": 9.0, "supply": [{"l": "Olives", "v": 5.0}, {"l": "Rape and Mustardseed", "v": 4.0}]}, {"source": 5, "prod": 3.2440448320075488, "target": 8, "value": 5205.0, "supply": [{"l": "Nuts", "v": 41.0}, {"l": "Tomatoes", "v": 422.0}, {"l": "Pepper", "v": 2.0}, {"l": "Treenuts", "v": 41.0}, {"l": "Vegetables, Other", "v": 1660.0}, {"l": "Peas", "v": 13.0}, {"l": "Grapes", "v": 163.0}, {"l": "Pimento", "v": 6.0}, {"l": "Dates", "v": 1.0}, {"l": "Cocoa Beans", "v": 16.0}, {"l": "Potatoes", "v": 1279.0}, {"l": "Coffee", "v": 45.0}, {"l": "Beans", "v": 124.0}, {"l": "Apples", "v": 346.0}, {"l": "Lemons, Limes", "v": 44.0}, {"l": "Pineapples", "v": 1.0}, {"l": "Bananas", "v": 58.0}, {"l": "Tea", "v": 3.0}, {"l": "Fruits, Other", "v": 547.0}, {"l": "Grapefruit", "v": 5.0}, {"l": "Oranges, Mandarines", "v": 76.0}, {"l": "Onions", "v": 310.0}, {"l": "Pulses, Other", "v": 2.0}]}, {"source": 9, "prod": 3.4551542471132004, "target": 8, "value": 839.0, "supply": [{"l": "Sugar", "v": 829.0}, {"l": "Honey", "v": 10.0}]}, {"source": 7, "prod": 0.17128661868131825, "target": 8, "value": 152.0, "supply": [{"l": "Crustaceans", "v": 2.0}, {"l": "Marine Fish, Other", "v": 1.0}, {"l": "Demersal Fish", "v": 3.0}, {"l": "Freshwater Fish", "v": 23.0}, {"l": "Pelagic Fish", "v": 46.0}, {"l": "Fish, Seafood", "v": 76.0}, {"l": "Molluscs, Other", "v": 1.0}]}, {"source": 10, "prod": 2.6022323060162784, "target": 8, "value": 253.0, "supply": [{"l": "Maize Germ Oil", "v": 13.0}, {"l": "Groundnut Oil", "v": 2.0}, {"l": "Soyabean Oil", "v": 79.0}, {"l": "Palm Oil", "v": 3.0}, {"l": "Sunflowerseed Oil", "v": 132.0}, {"l": "Olive Oil", "v": 4.0}, {"l": "Rape and Mustard Oil", "v": 20.0}]}, {"source": 0, "prod": 0.2472498310321696, "target": 11, "value": 29.0, "supply": [{"l": "Fats, Animals, Raw", "v": 29.0}]}, {"source": 2, "prod": 0.0019672089461825952, "target": 11, "value": 3.0, "supply": [{"l": "Milk - Excluding Butter", "v": 3.0}]}, {"source": 3, "prod": 1.0700657901257025, "target": 11, "value": 303.0, "supply": [{"l": "Maize", "v": 103.0}, {"l": "Barley", "v": 200.0}]}, {"source": 4, "prod": 1.15634253778902, "target": 11, "value": 681.0, "supply": [{"l": "Sunflower seed", "v": 253.0}, {"l": "Olives", "v": 29.0}, {"l": "Soyabeans", "v": 309.0}, {"l": "Sesame seed", "v": 1.0}, {"l": "Rape and Mustardseed", "v": 72.0}, {"l": "Groundnuts", "v": 5.0}, {"l": "Oilcrops, Other", "v": 12.0}]}, {"source": 5, "prod": 1.277739921511672, "target": 11, "value": 1818.0, "supply": [{"l": "Potatoes", "v": 18.0}, {"l": "Vegetables, Other", "v": 108.0}, {"l": "Fruits, Other", "v": 559.0}, {"l": "Grapes", "v": 1125.0}, {"l": "Apples", "v": 8.0}]}, {"source": 6, "prod": 7.2057777640000005, "target": 11, "value": 6200.0, "supply": [{"l": "Sugar beet", "v": 6200.0}]}, {"source": 10, "prod": 0.010612541646375, "target": 11, "value": 1.0, "supply": [{"l": "Oilcrops Oil, Other", "v": 1.0}]}, {"source": 0, "prod": 0.84483283183867275, "target": 12, "value": 173.0, "supply": [{"l": "Fats, Animals, Raw", "v": 92.0}, {"l": "Beer", "v": 76.0}, {"l": "Beverages, Alcoholic", "v": 5.0}]}, {"source": 2, "prod": 0.049875503294285556, "target": 12, "value": 36.0, "supply": [{"l": "Pigmeat", "v": 25.0}, {"l": "Milk - Excluding Butter", "v": 6.0}, {"l": "Offals, Edible", "v": 5.0}]}, {"source": 3, "prod": 0.63230557662559572, "target": 12, "value": 170.0, "supply": [{"l": "Maize", "v": 151.0}, {"l": "Wheat", "v": 19.0}]}, {"source": 4, "prod": 0.0016980066634200001, "target": 12, "value": 1.0, "supply": [{"l": "Oilcrops, Other", "v": 1.0}]}, {"source": 9, "prod": 0.071921938291356693, "target": 12, "value": 19.0, "supply": [{"l": "Sweeteners, Other", "v": 19.0}]}, {"source": 10, "prod": 0.66503664242120153, "target": 12, "value": 64.0, "supply": [{"l": "Soyabean Oil", "v": 17.0}, {"l": "Coconut Oil", "v": 3.0}, {"l": "Sunflowerseed Oil", "v": 19.0}, {"l": "Oilcrops Oil, Other", "v": 18.0}, {"l": "Rape and Mustard Oil", "v": 7.0}]}, {"source": 5, "prod": 0.49026189364072387, "target": 13, "value": 575.0, "supply": [{"l": "Potatoes", "v": 562.0}, {"l": "Peas", "v": 1.0}, {"l": "Beans", "v": 12.0}]}, {"source": 2, "prod": 0.031322453014543693, "target": 2, "value": 19.0, "supply": [{"l": "Eggs", "v": 19.0}]}, {"source": 3, "prod": 1.9540734142195717, "target": 13, "value": 596.0, "supply": [{"l": "Maize", "v": 108.0}, {"l": "Wheat", "v": 389.0}, {"l": "Oats", "v": 31.0}, {"l": "Rye", "v": 10.0}, {"l": "Barley", "v": 56.0}, {"l": "Rice", "v": 1.0}, {"l": "Cereals, Other", "v": 1.0}]}, {"source": 4, "prod": 0.0084900333171, "target": 13, "value": 5.0, "supply": [{"l": "Sunflower seed", "v": 2.0}, {"l": "Soyabeans", "v": 3.0}]}, {"source": 5, "prod": 0.29655489421972714, "target": 14, "value": 486.0, "supply": [{"l": "Oranges, Mandarines", "v": 1.0}, {"l": "Potatoes", "v": 232.0}, {"l": "Fruits, Other", "v": 36.0}, {"l": "Beans", "v": 2.0}, {"l": "Apples", "v": 15.0}, {"l": "Tomatoes", "v": 22.0}, {"l": "Bananas", "v": 1.0}, {"l": "Vegetables, Other", "v": 126.0}, {"l": "Grapes", "v": 30.0}, {"l": "Pulses, Other", "v": 1.0}, {"l": "Onions", "v": 20.0}]}, {"source": 0, "prod": 0.016301342990463256, "target": 14, "value": 27.0, "supply": [{"l": "Beer", "v": 23.0}, {"l": "Wine", "v": 4.0}]}, {"source": 2, "prod": 0.165245551479338, "target": 14, "value": 252.0, "supply": [{"l": "Milk - Excluding Butter", "v": 252.0}]}, {"source": 3, "prod": 4.0530169116024686, "target": 14, "value": 1090.0, "supply": [{"l": "Maize", "v": 960.0}, {"l": "Oats", "v": 4.0}, {"l": "Rye", "v": 4.0}, {"l": "Wheat", "v": 107.0}, {"l": "Barley", "v": 15.0}]}, {"source": 4, "prod": 0.01528205997078, "target": 14, "value": 9.0, "supply": [{"l": "Soyabeans", "v": 3.0}, {"l": "Sunflower seed", "v": 5.0}, {"l": "Rape and Mustardseed", "v": 1.0}]}, {"source": 15, "prod": 1.2616382836065811, "target": 1, "value": 1041.0, "supply": [{"l": "Pigmeat", "v": 4.0}, {"l": "Crustaceans", "v": 2.0}, {"l": "Eggs", "v": 3.0}, {"l": "Milk - Excluding Butter", "v": 48.0}, {"l": "Pelagic Fish", "v": 472.0}, {"l": "Fish, Seafood", "v": 474.0}, {"l": "Offals, Edible", "v": 7.0}, {"l": "Bovine Meat", "v": 31.0}]}, {"source": 15, "prod": 2.257112664773528, "target": 11, "value": 334.0, "supply": [{"l": "Sugar", "v": 179.0}, {"l": "Beverages, Alcoholic", "v": 1.0}, {"l": "Butter, Ghee", "v": 5.0}, {"l": "Fats, Animals, Raw", "v": 6.0}, {"l": "Soyabean Oil", "v": 82.0}, {"l": "Palm Oil", "v": 3.0}, {"l": "Sunflowerseed Oil", "v": 38.0}, {"l": "Olive Oil", "v": 1.0}, {"l": "Coconut Oil", "v": 3.0}, {"l": "Oilcrops Oil, Other", "v": 9.0}, {"l": "Sweeteners, Other", "v": 2.0}, {"l": "Honey", "v": 5.0}]}, {"source": 15, "prod": 1.4637438319045606, "target": 3, "value": 458.0, "supply": [{"l": "Maize", "v": 2.0}, {"l": "Barley", "v": 5.0}, {"l": "Rice", "v": 36.0}, {"l": "Cereals, Other", "v": 1.0}, {"l": "Wheat", "v": 412.0}, {"l": "Oats", "v": 1.0}, {"l": "Millet", "v": 1.0}]}, {"source": 15, "prod": 0.21156533839306321, "target": 5, "value": 309.0, "supply": [{"l": "Vegetables, Other", "v": 2.0}, {"l": "Nuts", "v": 5.0}, {"l": "Grapefruit", "v": 5.0}, {"l": "Coffee", "v": 45.0}, {"l": "Treenuts", "v": 5.0}, {"l": "Cocoa Beans", "v": 17.0}, {"l": "Grapes", "v": 13.0}, {"l": "Dates", "v": 1.0}, {"l": "Potatoes", "v": 19.0}, {"l": "Pepper", "v": 2.0}, {"l": "Beans", "v": 2.0}, {"l": "Apples", "v": 4.0}, {"l": "Lemons, Limes", "v": 45.0}, {"l": "Pineapples", "v": 1.0}, {"l": "Bananas", "v": 59.0}, {"l": "Tea", "v": 3.0}, {"l": "Fruits, Other", "v": 9.0}, {"l": "Oranges, Mandarines", "v": 70.0}, {"l": "Onions", "v": 2.0}]}, {"source": 15, "prod": 0.46864983910392, "target": 4, "value": 276.0, "supply": [{"l": "Olives", "v": 1.0}, {"l": "Sunflower seed", "v": 28.0}, {"l": "Sesame seed", "v": 1.0}, {"l": "Groundnuts", "v": 5.0}, {"l": "Soyabeans", "v": 228.0}, {"l": "Rape and Mustardseed", "v": 13.0}]}, {"source": 15, "prod": 0.060435555440000004, "target": 6, "value": 52.0, "supply": [{"l": "Sugar beet", "v": 52.0}]}, {"source": 0, "prod": 0.18696886280161978, "target": 16, "value": 167.0, "supply": [{"l": "Beer", "v": 17.0}, {"l": "Beverages, Alcoholic", "v": 10.0}, {"l": "Wine", "v": 136.0}, {"l": "Fats, Animals, Raw", "v": 4.0}]}, {"source": 2, "prod": 0.1551791553670972, "target": 16, "value": 108.0, "supply": [{"l": "Pigmeat", "v": 41.0}, {"l": "Milk - Excluding Butter", "v": 5.0}, {"l": "Meat, Other", "v": 7.0}, {"l": "Bovine Meat", "v": 29.0}, {"l": "Eggs", "v": 5.0}, {"l": "Poultry Meat", "v": 16.0}, {"l": "Offals, Edible", "v": 1.0}, {"l": "Mutton & Goat Meat", "v": 4.0}]}, {"source": 3, "prod": 1.2973807075570059, "target": 16, "value": 363.0, "supply": [{"l": "Maize", "v": 221.0}, {"l": "Oats", "v": 13.0}, {"l": "Barley", "v": 31.0}, {"l": "Rice", "v": 5.0}, {"l": "Wheat", "v": 93.0}]}, {"source": 4, "prod": 0.0067920266536800004, "target": 16, "value": 4.0, "supply": [{"l": "Sunflower seed", "v": 1.0}, {"l": "Oilcrops, Other", "v": 3.0}]}, {"source": 5, "prod": 0.24012608841474647, "target": 16, "value": 394.0, "supply": [{"l": "Potatoes", "v": 2.0}, {"l": "Fruits, Other", "v": 161.0}, {"l": "Infant food", "v": 2.0}, {"l": "Cocoa Beans", "v": 2.0}, {"l": "Nuts", "v": 2.0}, {"l": "Spices, Other", "v": 3.0}, {"l": "Vegetables, Other", "v": 61.0}, {"l": "Treenuts", "v": 2.0}, {"l": "Tomatoes", "v": 5.0}, {"l": "Grapes", "v": 8.0}, {"l": "Pimento", "v": 1.0}, {"l": "Onions", "v": 8.0}, {"l": "Apples", "v": 137.0}]}, {"source": 9, "prod": 0.0164893643701031, "target": 16, "value": 4.0, "supply": [{"l": "Sugar", "v": 4.0}]}, {"source": 7, "prod": 0.052016698805151126, "target": 16, "value": 44.0, "supply": [{"l": "Fish, Seafood", "v": 22.0}, {"l": "Freshwater Fish", "v": 4.0}, {"l": "Pelagic Fish", "v": 18.0}]}, {"source": 10, "prod": 0.13273919114933999, "target": 16, "value": 13.0, "supply": [{"l": "Soyabean Oil", "v": 9.0}, {"l": "Sunflowerseed Oil", "v": 4.0}]}, {"source": 17, "prod": 0.010483112204140796, "target": 5, "value": 11.0, "supply": [{"l": "Fruits, Other", "v": 9.0}, {"l": "Nuts", "v": 1.0}, {"l": "Treenuts", "v": 1.0}]}, {"source": 10, "prod": 0.3321742276740603, "target": 18, "value": 33.0, "supply": [{"l": "Olive Oil", "v": 3.0}, {"l": "Soyabean Oil", "v": 30.0}]}, {"source": 2, "prod": 0.0026421265509647307, "target": 18, "value": 1.0, "supply": [{"l": "Mutton & Goat Meat", "v": 1.0}]}, {"source": 0, "prod": 0.060470154984678365, "target": 18, "value": 76.0, "supply": [{"l": "Beer", "v": 70.0}, {"l": "Beverages, Alcoholic", "v": 6.0}]}, {"source": 3, "prod": 0.081758696108017018, "target": 18, "value": 21.0, "supply": [{"l": "Oats", "v": 3.0}, {"l": "Rice", "v": 18.0}]}, {"source": 17, "prod": 0.0070353670667238407, "target": 1, "value": 6.0, "supply": [{"l": "Meat, Other", "v": 3.0}, {"l": "Bovine Meat", "v": 3.0}]}, {"source": 5, "prod": 0.070100124554201004, "target": 18, "value": 91.0, "supply": [{"l": "Potatoes", "v": 86.0}, {"l": "Apples", "v": 5.0}]}, {"source": 4, "prod": 0.093390366488100007, "target": 18, "value": 55.0, "supply": [{"l": "Soyabeans", "v": 5.0}, {"l": "Sunflower seed", "v": 50.0}]}, {"source": 17, "prod": 0.096306472955348374, "target": 11, "value": 43.0, "supply": [{"l": "Butter, Ghee", "v": 1.0}, {"l": "Wine", "v": 35.0}, {"l": "Fats, Animals, Raw", "v": 7.0}]}, {"source": 9, "prod": 0.88630333489304158, "target": 18, "value": 215.0, "supply": [{"l": "Sugar", "v": 215.0}]}, {"source": 17, "prod": 3.5122721625598223, "target": 3, "value": 1116.0, "supply": [{"l": "Maize", "v": 23.0}, {"l": "Rye", "v": 10.0}, {"l": "Barley", "v": 57.0}, {"l": "Wheat", "v": 1026.0}]}, {"source": 19, "prod": 54.421685331371791, "target": 3, "value": 15231.0, "supply": [{"l": "Maize", "v": 9807.0}, {"l": "Rye", "v": 75.0}, {"l": "Barley", "v": 720.0}, {"l": "Rice", "v": 28.0}, {"l": "Cereals, Other", "v": 6.0}, {"l": "Wheat", "v": 4270.0}, {"l": "Oats", "v": 311.0}, {"l": "Sorghum", "v": 12.0}, {"l": "Millet", "v": 2.0}]}, {"source": 19, "prod": 0.90843356492969995, "target": 4, "value": 535.0, "supply": [{"l": "Olives", "v": 34.0}, {"l": "Sunflower seed", "v": 327.0}, {"l": "Cottonseed", "v": 1.0}, {"l": "Oilcrops, Other", "v": 16.0}, {"l": "Soyabeans", "v": 92.0}, {"l": "Rape and Mustardseed", "v": 65.0}]}, {"source": 19, "prod": 6.2522412832656302, "target": 5, "value": 9141.0, "supply": [{"l": "Nuts", "v": 38.0}, {"l": "Tomatoes", "v": 453.0}, {"l": "Treenuts", "v": 38.0}, {"l": "Vegetables, Other", "v": 2169.0}, {"l": "Peas", "v": 15.0}, {"l": "Grapes", "v": 1313.0}, {"l": "Pimento", "v": 7.0}, {"l": "Potatoes", "v": 2774.0}, {"l": "Beans", "v": 143.0}, {"l": "Apples", "v": 508.0}, {"l": "Spices, Other", "v": 3.0}, {"l": "Fruits, Other", "v": 1285.0}, {"l": "Infant food", "v": 2.0}, {"l": "Oranges, Mandarines", "v": 6.0}, {"l": "Onions", "v": 337.0}, {"l": "Pulses, Other", "v": 50.0}]}, {"source": 19, "prod": 7.2336710972800002, "target": 6, "value": 6224.0, "supply": [{"l": "Sugar beet", "v": 6224.0}]}, {"source": 1, "prod": 1.3266762885518617, "target": 7, "value": 1088.0, "supply": [{"l": "Pelagic Fish", "v": 510.0}, {"l": "Crustaceans", "v": 2.0}, {"l": "Freshwater Fish", "v": 27.0}, {"l": "Molluscs, Other", "v": 1.0}, {"l": "Demersal Fish", "v": 3.0}, {"l": "Fish, Seafood", "v": 544.0}, {"l": "Marine Fish, Other", "v": 1.0}]}, {"source": 1, "prod": 5.814342736270504, "target": 2, "value": 6484.0, "supply": [{"l": "Poultry Meat", "v": 286.0}, {"l": "Pigmeat", "v": 811.0}, {"l": "Bovine Meat", "v": 358.0}, {"l": "Eggs", "v": 224.0}, {"l": "Milk - Excluding Butter", "v": 4671.0}, {"l": "Offals, Edible", "v": 87.0}, {"l": "Meat, Other", "v": 9.0}, {"l": "Mutton & Goat Meat", "v": 57.0}]}, {"source": 11, "prod": 5.0630901202965592, "target": 0, "value": 2462.0, "supply": [{"l": "Fats, Animals, Raw", "v": 381.0}, {"l": "Beverages, Fermented", "v": 5.0}, {"l": "Fish, Body Oil", "v": 1.0}, {"l": "Beer", "v": 1216.0}, {"l": "Beverages, Alcoholic", "v": 109.0}, {"l": "Cream", "v": 11.0}, {"l": "Butter, Ghee", "v": 15.0}, {"l": "Wine", "v": 724.0}]}, {"source": 11, "prod": 3.7427949089072552, "target": 10, "value": 364.0, "supply": [{"l": "Olive Oil", "v": 7.0}, {"l": "Soyabean Oil", "v": 135.0}, {"l": "Coconut Oil", "v": 3.0}, {"l": "Rape and Mustard Oil", "v": 27.0}, {"l": "Maize Germ Oil", "v": 13.0}, {"l": "Groundnut Oil", "v": 2.0}, {"l": "Palm Oil", "v": 3.0}, {"l": "Oilcrops Oil, Other", "v": 19.0}, {"l": "Sunflowerseed Oil", "v": 155.0}]}, {"source": 11, "prod": 4.4298688846677017, "target": 9, "value": 1077.0, "supply": [{"l": "Honey", "v": 10.0}, {"l": "Sweeteners, Other", "v": 19.0}, {"l": "Sugar", "v": 1048.0}]}]}