{"nodes": [{"layer": 5, "name": "Sunflower seed"}, {"layer": 10, "name": "Feed", "fill": "#dbdb8d"}, {"layer": 5, "name": "Maize"}, {"layer": 5, "name": "Rye"}, {"layer": 5, "name": "Wheat"}, {"layer": 5, "name": "Oats"}, {"layer": 5, "name": "Potatoes"}, {"layer": 5, "name": "Vegetables, Other"}, {"layer": 13, "name": "Fish, Body Oil"}, {"layer": 5, "name": "Millet"}, {"layer": 13, "name": "Milk - Excluding Butter"}, {"layer": 13, "name": "Pelagic Fish"}, {"layer": 5, "name": "Beans"}, {"layer": 5, "name": "Barley"}, {"layer": 13, "name": "Fish, Seafood"}, {"layer": 5, "name": "Sugar beet"}, {"layer": 5, "name": "Sorghum"}, {"layer": 5, "name": "Cereals, Other"}, {"layer": 5, "name": "Tomatoes"}, {"layer": 5, "name": "Pulses, Other"}, {"layer": 16, "name": "Food", "fill": "#b5cf6b"}, {"layer": 5, "name": "Olives"}, {"layer": 5, "name": "Nuts"}, {"layer": 5, "name": "Dates"}, {"layer": 13, "name": "Sugar", "fill": "#d6616b"}, {"layer": 13, "name": "Oilcrops Oil, Other"}, {"layer": 13, "name": "Maize Germ Oil"}, {"layer": 13, "name": "Beer"}, {"layer": 13, "name": "Groundnut Oil"}, {"layer": 13, "name": "Beverages, Alcoholic"}, {"layer": 5, "name": "Cocoa Beans"}, {"layer": 13, "name": "Honey"}, {"layer": 5, "name": "Rice"}, {"layer": 13, "name": "Butter, Ghee"}, {"layer": 13, "name": "Fats, Animals, Raw"}, {"layer": 5, "name": "Pepper"}, {"layer": 13, "name": "Soyabean Oil"}, {"layer": 5, "name": "Treenuts"}, {"layer": 13, "name": "Crustaceans"}, {"layer": 13, "name": "Eggs"}, {"layer": 5, "name": "Peas"}, {"layer": 13, "name": "Marine Fish, Other"}, {"layer": 5, "name": "Grapes"}, {"layer": 5, "name": "Pimento"}, {"layer": 5, "name": "Rape and Mustardseed"}, {"layer": 13, "name": "Wine"}, {"layer": 13, "name": "Sunflowerseed Oil"}, {"layer": 13, "name": "Olive Oil"}, {"layer": 13, "name": "Pigmeat"}, {"layer": 13, "name": "Freshwater Fish"}, {"layer": 5, "name": "Pineapples"}, {"layer": 5, "name": "Coffee"}, {"layer": 13, "name": "Rape and Mustard Oil"}, {"layer": 5, "name": "Apples"}, {"layer": 13, "name": "Meat, Other"}, {"layer": 5, "name": "Lemons, Limes"}, {"layer": 13, "name": "Cephalopods"}, {"layer": 13, "name": "Mutton & Goat Meat"}, {"layer": 13, "name": "Sesameseed Oil"}, {"layer": 5, "name": "Bananas"}, {"layer": 13, "name": "Beverages, Fermented"}, {"layer": 5, "name": "Tea"}, {"layer": 5, "name": "Fruits, Other"}, {"layer": 13, "name": "Molluscs, Other"}, {"layer": 13, "name": "Poultry Meat"}, {"layer": 13, "name": "Offals, Edible"}, {"layer": 5, "name": "Grapefruit"}, {"layer": 13, "name": "Demersal Fish"}, {"layer": 5, "name": "Oranges, Mandarines"}, {"layer": 13, "name": "Bovine Meat"}, {"layer": 5, "name": "Onions"}, {"layer": 13, "name": "Cream"}, {"layer": 10, "name": "Processing", "fill": "#9edae5"}, {"layer": 5, "name": "Coconuts - Incl Copra"}, {"layer": 5, "name": "Soyabeans"}, {"layer": 5, "name": "Sesame seed"}, {"layer": 5, "name": "Cottonseed"}, {"layer": 5, "name": "Groundnuts"}, {"layer": 5, "name": "Oilcrops, Other"}, {"layer": 16, "name": "Biofuels & Other", "fill": "#e7ba52"}, {"layer": 13, "name": "Sweeteners, Other"}, {"layer": 13, "name": "Coconut Oil"}, {"layer": 13, "name": "Palm Oil"}, {"name": "Waste", "fill": "#c7c7c7"}, {"layer": 2, "name": "Import", "fill": "#aec7e8"}, {"layer": 16, "name": "Export", "fill": "#aec7e8"}, {"layer": 5, "name": "Spices, Other"}, {"layer": 16, "name": "Stock Deposit", "fill": "#c7c7c7"}, {"layer": 0, "name": "Stock Draw", "fill": "#c7c7c7"}, {"name": "Crop Residue", "fill": "#bd9e39"}, {"layer": 2, "name": "Electricity", "fill": "#bcbd22"}, {"layer": 0, "name": "Fossil Fuels", "fill": "#c49c94"}, {"layer": 0, "name": "Renewables & Nuclear", "fill": "#2ca02c"}, {"layer": 2, "name": "Fertilizers", "fill": "#c5b0d5"}, {"layer": 0, "name": "Labor", "fill": "#7f7f7f"}], "links": [{"source": 0, "prod": 45.0, "target": 1, "value": 0.12735049975650001, "supply": [{"l": "Sunflower seed", "v": 0.12735049975650001}]}, {"source": 2, "prod": 6800.0, "target": 1, "value": 25.857267594425085, "supply": [{"l": "Maize", "v": 25.857267594425085}]}, {"source": 3, "prod": 6.0, "target": 1, "value": 0.017888698962451502, "supply": [{"l": "Rye", "v": 0.017888698962451502}]}, {"source": 4, "prod": 1159.0, "target": 1, "value": 3.6200647775630816, "supply": [{"l": "Wheat", "v": 3.6200647775630816}]}, {"source": 5, "prod": 295.0, "target": 1, "value": 0.98249041986585728, "supply": [{"l": "Oats", "v": 0.98249041986585728}]}, {"source": 6, "prod": 623.0, "target": 1, "value": 0.48648042934276647, "supply": [{"l": "Potatoes", "v": 0.48648042934276647}]}, {"source": 7, "prod": 216.0, "target": 1, "value": 0.055210777106106529, "supply": [{"l": "Vegetables, Other", "v": 0.055210777106106529}]}, {"source": 8, "prod": 1.0, "target": 1, "value": 0.0083613964486590926, "supply": [{"l": "Fish, Body Oil", "v": 0.0083613964486590926}]}, {"source": 9, "prod": 3.0, "target": 1, "value": 0.0099914279986358361, "supply": [{"l": "Millet", "v": 0.0099914279986358361}]}, {"source": 10, "prod": 662.0, "target": 1, "value": 0.43380173797401056, "supply": [{"l": "Milk - Excluding Butter", "v": 0.43380173797401056}]}, {"source": 11, "prod": 410.0, "target": 1, "value": 0.50448024058130436, "supply": [{"l": "Pelagic Fish", "v": 0.50448024058130436}]}, {"source": 12, "prod": 3.0, "target": 1, "value": 0.011673795811012501, "supply": [{"l": "Beans", "v": 0.011673795811012501}]}, {"source": 13, "prod": 400.0, "target": 1, "value": 1.4150055528500003, "supply": [{"l": "Barley", "v": 1.4150055528500003}]}, {"source": 14, "prod": 410.0, "target": 1, "value": 0.42335436405539184, "supply": [{"l": "Fish, Seafood", "v": 0.42335436405539184}]}, {"source": 15, "prod": 8.0, "target": 1, "value": 0.0092977777600000006, "supply": [{"l": "Sugar beet", "v": 0.0092977777600000006}]}, {"source": 16, "prod": 11.0, "target": 1, "value": 0.036635235994998065, "supply": [{"l": "Sorghum", "v": 0.036635235994998065}]}, {"source": 17, "prod": 11.0, "target": 1, "value": 0.033353702317178574, "supply": [{"l": "Cereals, Other", "v": 0.033353702317178574}]}, {"source": 18, "prod": 4.0, "target": 1, "value": 0.00081188843196311488, "supply": [{"l": "Tomatoes", "v": 0.00081188843196311488}]}, {"source": 19, "prod": 38.0, "target": 1, "value": 0.18977721532341177, "supply": [{"l": "Pulses, Other", "v": 0.18977721532341177}]}, {"source": 2, "prod": 518.0, "target": 20, "value": 1.9697153843988517, "supply": [{"l": "Maize", "v": 1.9697153843988517}]}, {"source": 21, "prod": 3.0, "target": 20, "value": 0.0084900333171, "supply": [{"l": "Olives", "v": 0.0084900333171}]}, {"source": 3, "prod": 63.0, "target": 20, "value": 0.18783133910574079, "supply": [{"l": "Rye", "v": 0.18783133910574079}]}, {"source": 22, "prod": 28.0, "target": 20, "value": 0.070961472501134326, "supply": [{"l": "Nuts", "v": 0.070961472501134326}]}, {"source": 23, "prod": 1.0, "target": 20, "value": 0.0018063900674680853, "supply": [{"l": "Dates", "v": 0.0018063900674680853}]}, {"source": 24, "prod": 746.0, "target": 20, "value": 3.0764562411288767, "supply": [{"l": "Sugar", "v": 3.0764562411288767}]}, {"source": 25, "prod": 5.0, "target": 20, "value": 0.055369782502826093, "supply": [{"l": "Oilcrops Oil, Other", "v": 0.055369782502826093}]}, {"source": 26, "prod": 12.0, "target": 20, "value": 0.12087505061633896, "supply": [{"l": "Maize Germ Oil", "v": 0.12087505061633896}]}, {"source": 27, "prod": 872.0, "target": 20, "value": 0.50106998663358382, "supply": [{"l": "Beer", "v": 0.50106998663358382}]}, {"source": 28, "prod": 6.0, "target": 20, "value": 0.063675249878250004, "supply": [{"l": "Groundnut Oil", "v": 0.063675249878250004}]}, {"source": 29, "prod": 112.0, "target": 20, "value": 0.38573585335050559, "supply": [{"l": "Beverages, Alcoholic", "v": 0.38573585335050559}]}, {"source": 13, "prod": 15.0, "target": 20, "value": 0.053062708231874998, "supply": [{"l": "Barley", "v": 0.053062708231874998}]}, {"source": 30, "prod": 12.0, "target": 20, "value": 0.017873754351789478, "supply": [{"l": "Cocoa Beans", "v": 0.017873754351789478}]}, {"source": 31, "prod": 9.0, "target": 20, "value": 0.035539674350651168, "supply": [{"l": "Honey", "v": 0.035539674350651168}]}, {"source": 32, "prod": 33.0, "target": 20, "value": 0.13556666103111292, "supply": [{"l": "Rice", "v": 0.13556666103111292}]}, {"source": 33, "prod": 14.0, "target": 20, "value": 0.1170595502812273, "supply": [{"l": "Butter, Ghee", "v": 0.1170595502812273}]}, {"source": 18, "prod": 309.0, "target": 20, "value": 0.062718381369150616, "supply": [{"l": "Tomatoes", "v": 0.062718381369150616}]}, {"source": 34, "prod": 269.0, "target": 20, "value": 2.2981263637865088, "supply": [{"l": "Fats, Animals, Raw", "v": 2.2981263637865088}]}, {"source": 35, "prod": 1.0, "target": 20, "value": 0.0011622222200000001, "supply": [{"l": "Pepper", "v": 0.0011622222200000001}]}, {"source": 4, "prod": 4132.0, "target": 20, "value": 12.906046299301687, "supply": [{"l": "Wheat", "v": 12.906046299301687}]}, {"source": 36, "prod": 49.0, "target": 20, "value": 0.49992814210563091, "supply": [{"l": "Soyabean Oil", "v": 0.49992814210563091}]}, {"source": 37, "prod": 28.0, "target": 20, "value": 0.071495017407157899, "supply": [{"l": "Treenuts", "v": 0.071495017407157899}]}, {"source": 38, "prod": 2.0, "target": 20, "value": 0.0020651432392945947, "supply": [{"l": "Crustaceans", "v": 0.0020651432392945947}]}, {"source": 39, "prod": 188.0, "target": 20, "value": 0.3038538239804211, "supply": [{"l": "Eggs", "v": 0.3038538239804211}]}, {"source": 7, "prod": 1366.0, "target": 20, "value": 0.34915704410621085, "supply": [{"l": "Vegetables, Other", "v": 0.34915704410621085}]}, {"source": 40, "prod": 15.0, "target": 20, "value": 0.063675249878250004, "supply": [{"l": "Peas", "v": 0.063675249878250004}]}, {"source": 41, "prod": 1.0, "target": 20, "value": 0.00087226369696232885, "supply": [{"l": "Marine Fish, Other", "v": 0.00087226369696232885}]}, {"source": 42, "prod": 83.0, "target": 20, "value": 0.062917211189223221, "supply": [{"l": "Grapes", "v": 0.062917211189223221}]}, {"source": 43, "prod": 6.0, "target": 20, "value": 0.017565586173310346, "supply": [{"l": "Pimento", "v": 0.017565586173310346}]}, {"source": 44, "prod": 4.0, "target": 20, "value": 0.011320044422799999, "supply": [{"l": "Rape and Mustardseed", "v": 0.011320044422799999}]}, {"source": 45, "prod": 555.0, "target": 20, "value": 0.44756539618070851, "supply": [{"l": "Wine", "v": 0.44756539618070851}]}, {"source": 46, "prod": 125.0, "target": 20, "value": 1.2885379402006745, "supply": [{"l": "Sunflowerseed Oil", "v": 1.2885379402006745}]}, {"source": 47, "prod": 3.0, "target": 20, "value": 0.027289392804964289, "supply": [{"l": "Olive Oil", "v": 0.027289392804964289}]}, {"source": 48, "prod": 753.0, "target": 20, "value": 1.1898521503977721, "supply": [{"l": "Pigmeat", "v": 1.1898521503977721}]}, {"source": 17, "prod": 3.0, "target": 20, "value": 0.0090964642683214296, "supply": [{"l": "Cereals, Other", "v": 0.0090964642683214296}]}, {"source": 6, "prod": 1295.0, "target": 20, "value": 1.0112233643641775, "supply": [{"l": "Potatoes", "v": 1.0112233643641775}]}, {"source": 49, "prod": 24.0, "target": 20, "value": 0.018031929169061947, "supply": [{"l": "Freshwater Fish", "v": 0.018031929169061947}]}, {"source": 50, "prod": 2.0, "target": 20, "value": 0.00098721317640697672, "supply": [{"l": "Pineapples", "v": 0.00098721317640697672}]}, {"source": 51, "prod": 46.0, "target": 20, "value": 0.026749420040178089, "supply": [{"l": "Coffee", "v": 0.026749420040178089}]}, {"source": 52, "prod": 12.0, "target": 20, "value": 0.10915757121985716, "supply": [{"l": "Rape and Mustard Oil", "v": 0.10915757121985716}]}, {"source": 10, "prod": 3551.0, "target": 20, "value": 2.3269334917608937, "supply": [{"l": "Milk - Excluding Butter", "v": 2.3269334917608937}]}, {"source": 11, "prod": 44.0, "target": 20, "value": 0.054139342891652176, "supply": [{"l": "Pelagic Fish", "v": 0.054139342891652176}]}, {"source": 12, "prod": 152.0, "target": 20, "value": 0.59147232109129999, "supply": [{"l": "Beans", "v": 0.59147232109129999}]}, {"source": 53, "prod": 302.0, "target": 20, "value": 0.16974150234675889, "supply": [{"l": "Apples", "v": 0.16974150234675889}]}, {"source": 14, "prod": 78.0, "target": 20, "value": 0.080540586332489172, "supply": [{"l": "Fish, Seafood", "v": 0.080540586332489172}]}, {"source": 54, "prod": 2.0, "target": 20, "value": 0.0032240632849746837, "supply": [{"l": "Meat, Other", "v": 0.0032240632849746837}]}, {"source": 55, "prod": 48.0, "target": 20, "value": 0.0089368771758947391, "supply": [{"l": "Lemons, Limes", "v": 0.0089368771758947391}]}, {"source": 56, "prod": 1.0, "target": 20, "value": 0.001286368684409091, "supply": [{"l": "Cephalopods", "v": 0.001286368684409091}]}, {"source": 57, "prod": 56.0, "target": 20, "value": 0.15079312906491044, "supply": [{"l": "Mutton & Goat Meat", "v": 0.15079312906491044}]}, {"source": 58, "prod": 1.0, "target": 20, "value": 0.014150055528500001, "supply": [{"l": "Sesameseed Oil", "v": 0.014150055528500001}]}, {"source": 59, "prod": 127.0, "target": 20, "value": 0.089554338145490034, "supply": [{"l": "Bananas", "v": 0.089554338145490034}]}, {"source": 60, "prod": 5.0, "target": 20, "value": 0.0030321547561071431, "supply": [{"l": "Beverages, Fermented", "v": 0.0030321547561071431}]}, {"source": 61, "prod": 2.0, "target": 20, "value": 0.0020709886606240092, "supply": [{"l": "Tea", "v": 0.0020709886606240092}]}, {"source": 62, "prod": 575.0, "target": 20, "value": 0.36711763655655266, "supply": [{"l": "Fruits, Other", "v": 0.36711763655655266}]}, {"source": 63, "prod": 1.0, "target": 20, "value": 0.0010325716196472974, "supply": [{"l": "Molluscs, Other", "v": 0.0010325716196472974}]}, {"source": 64, "prod": 250.0, "target": 20, "value": 0.36687538575158102, "supply": [{"l": "Poultry Meat", "v": 0.36687538575158102}]}, {"source": 65, "prod": 82.0, "target": 20, "value": 0.10793530728716279, "supply": [{"l": "Offals, Edible", "v": 0.10793530728716279}]}, {"source": 66, "prod": 7.0, "target": 20, "value": 0.0042018319338504376, "supply": [{"l": "Grapefruit", "v": 0.0042018319338504376}]}, {"source": 67, "prod": 5.0, "target": 20, "value": 0.0044218923526562507, "supply": [{"l": "Demersal Fish", "v": 0.0044218923526562507}]}, {"source": 68, "prod": 122.0, "target": 20, "value": 0.044877992404081454, "supply": [{"l": "Oranges, Mandarines", "v": 0.044877992404081454}]}, {"source": 69, "prod": 299.0, "target": 20, "value": 0.36751171763534218, "supply": [{"l": "Bovine Meat", "v": 0.36751171763534218}]}, {"source": 19, "prod": 4.0, "target": 20, "value": 0.019976548981411768, "supply": [{"l": "Pulses, Other", "v": 0.019976548981411768}]}, {"source": 70, "prod": 264.0, "target": 20, "value": 0.12521613383879332, "supply": [{"l": "Onions", "v": 0.12521613383879332}]}, {"source": 71, "prod": 6.0, "target": 20, "value": 0.0090964642683214296, "supply": [{"l": "Cream", "v": 0.0090964642683214296}]}, {"source": 0, "prod": 357.0, "target": 72, "value": 1.0103139647349, "supply": [{"l": "Sunflower seed", "v": 1.0103139647349}]}, {"source": 2, "prod": 109.0, "target": 72, "value": 0.41447678938122562, "supply": [{"l": "Maize", "v": 0.41447678938122562}]}, {"source": 21, "prod": 10.0, "target": 72, "value": 0.028300111057000001, "supply": [{"l": "Olives", "v": 0.028300111057000001}]}, {"source": 34, "prod": 22.0, "target": 72, "value": 0.18795085503086689, "supply": [{"l": "Fats, Animals, Raw", "v": 0.18795085503086689}]}, {"source": 73, "prod": 1.0, "target": 72, "value": 0.0028300111056999999, "supply": [{"l": "Coconuts - Incl Copra", "v": 0.0028300111056999999}]}, {"source": 74, "prod": 273.0, "target": 72, "value": 0.77259303185610007, "supply": [{"l": "Soyabeans", "v": 0.77259303185610007}]}, {"source": 6, "prod": 24.0, "target": 72, "value": 0.018740819107907539, "supply": [{"l": "Potatoes", "v": 0.018740819107907539}]}, {"source": 7, "prod": 51.0, "target": 72, "value": 0.013035877927830709, "supply": [{"l": "Vegetables, Other", "v": 0.013035877927830709}]}, {"source": 62, "prod": 297.0, "target": 72, "value": 0.18962424009964546, "supply": [{"l": "Fruits, Other", "v": 0.18962424009964546}]}, {"source": 75, "prod": 2.0, "target": 72, "value": 0.0056600222113999997, "supply": [{"l": "Sesame seed", "v": 0.0056600222113999997}]}, {"source": 10, "prod": 3.0, "target": 72, "value": 0.0019658689032054865, "supply": [{"l": "Milk - Excluding Butter", "v": 0.0019658689032054865}]}, {"source": 76, "prod": 1.0, "target": 72, "value": 0.0028300111056999999, "supply": [{"l": "Cottonseed", "v": 0.0028300111056999999}]}, {"source": 44, "prod": 67.0, "target": 72, "value": 0.18961074408190001, "supply": [{"l": "Rape and Mustardseed", "v": 0.18961074408190001}]}, {"source": 13, "prod": 147.0, "target": 72, "value": 0.52001454067237507, "supply": [{"l": "Barley", "v": 0.52001454067237507}]}, {"source": 42, "prod": 980.0, "target": 72, "value": 0.74287791524624991, "supply": [{"l": "Grapes", "v": 0.74287791524624991}]}, {"source": 77, "prod": 14.0, "target": 72, "value": 0.039620155479800002, "supply": [{"l": "Groundnuts", "v": 0.039620155479800002}]}, {"source": 15, "prod": 5149.0, "target": 72, "value": 5.9842822107800009, "supply": [{"l": "Sugar beet", "v": 5.9842822107800009}]}, {"source": 78, "prod": 12.0, "target": 72, "value": 0.0339601332684, "supply": [{"l": "Oilcrops, Other", "v": 0.0339601332684}]}, {"source": 25, "prod": 1.0, "target": 72, "value": 0.011073956500565219, "supply": [{"l": "Oilcrops Oil, Other", "v": 0.011073956500565219}]}, {"source": 53, "prod": 36.0, "target": 72, "value": 0.020234086372461327, "supply": [{"l": "Apples", "v": 0.020234086372461327}]}, {"source": 2, "prod": 129.0, "target": 79, "value": 0.4905275764236523, "supply": [{"l": "Maize", "v": 0.4905275764236523}]}, {"source": 80, "prod": 18.0, "target": 79, "value": 0.066182149479755911, "supply": [{"l": "Sweeteners, Other", "v": 0.066182149479755911}]}, {"source": 4, "prod": 20.0, "target": 79, "value": 0.06246876233931116, "supply": [{"l": "Wheat", "v": 0.06246876233931116}]}, {"source": 36, "prod": 2.0, "target": 79, "value": 0.020405230290025753, "supply": [{"l": "Soyabean Oil", "v": 0.020405230290025753}]}, {"source": 34, "prod": 50.0, "target": 79, "value": 0.4271610341610611, "supply": [{"l": "Fats, Animals, Raw", "v": 0.4271610341610611}]}, {"source": 25, "prod": 15.0, "target": 79, "value": 0.16610934750847828, "supply": [{"l": "Oilcrops Oil, Other", "v": 0.16610934750847828}]}, {"source": 81, "prod": 3.0, "target": 79, "value": 0.030766377999927409, "supply": [{"l": "Coconut Oil", "v": 0.030766377999927409}]}, {"source": 48, "prod": 29.0, "target": 79, "value": 0.045824319205226283, "supply": [{"l": "Pigmeat", "v": 0.045824319205226283}]}, {"source": 52, "prod": 6.0, "target": 79, "value": 0.054578785609928578, "supply": [{"l": "Rape and Mustard Oil", "v": 0.054578785609928578}]}, {"source": 10, "prod": 19.0, "target": 79, "value": 0.012450503053634744, "supply": [{"l": "Milk - Excluding Butter", "v": 0.012450503053634744}]}, {"source": 27, "prod": 102.0, "target": 79, "value": 0.058611397519065987, "supply": [{"l": "Beer", "v": 0.058611397519065987}]}, {"source": 29, "prod": 5.0, "target": 79, "value": 0.01722035059600472, "supply": [{"l": "Beverages, Alcoholic", "v": 0.01722035059600472}]}, {"source": 78, "prod": 1.0, "target": 79, "value": 0.0028300111056999999, "supply": [{"l": "Oilcrops, Other", "v": 0.0028300111056999999}]}, {"source": 82, "prod": 1.0, "target": 79, "value": 0.010412305011537736, "supply": [{"l": "Palm Oil", "v": 0.010412305011537736}]}, {"source": 65, "prod": 6.0, "target": 79, "value": 0.0078977054112558138, "supply": [{"l": "Offals, Edible", "v": 0.0078977054112558138}]}, {"source": 46, "prod": 6.0, "target": 79, "value": 0.061849821129632394, "supply": [{"l": "Sunflowerseed Oil", "v": 0.061849821129632394}]}, {"source": 0, "prod": 3.0, "target": 0, "value": 0.0084900333171, "supply": [{"l": "Sunflower seed", "v": 0.0084900333171}]}, {"source": 2, "prod": 101.0, "target": 2, "value": 0.3840564745642549, "supply": [{"l": "Maize", "v": 0.3840564745642549}]}, {"source": 4, "prod": 479.0, "target": 4, "value": 1.4961268580265021, "supply": [{"l": "Wheat", "v": 1.4961268580265021}]}, {"source": 5, "prod": 34.0, "target": 5, "value": 0.11323618398453948, "supply": [{"l": "Oats", "v": 0.11323618398453948}]}, {"source": 74, "prod": 1.0, "target": 74, "value": 0.0028300111056999999, "supply": [{"l": "Soyabeans", "v": 0.0028300111056999999}]}, {"source": 6, "prod": 576.0, "target": 6, "value": 0.44977965858978086, "supply": [{"l": "Potatoes", "v": 0.44977965858978086}]}, {"source": 39, "prod": 15.0, "target": 39, "value": 0.024243656168650617, "supply": [{"l": "Eggs", "v": 0.024243656168650617}]}, {"source": 3, "prod": 8.0, "target": 3, "value": 0.023851598616602007, "supply": [{"l": "Rye", "v": 0.023851598616602007}]}, {"source": 40, "prod": 1.0, "target": 40, "value": 0.00424501665855, "supply": [{"l": "Peas", "v": 0.00424501665855}]}, {"source": 12, "prod": 11.0, "target": 12, "value": 0.042803917973712503, "supply": [{"l": "Beans", "v": 0.042803917973712503}]}, {"source": 13, "prod": 49.0, "target": 13, "value": 0.173338180224125, "supply": [{"l": "Barley", "v": 0.173338180224125}]}, {"source": 32, "prod": 1.0, "target": 32, "value": 0.0041080806373064525, "supply": [{"l": "Rice", "v": 0.0041080806373064525}]}, {"source": 17, "prod": 1.0, "target": 17, "value": 0.0030321547561071431, "supply": [{"l": "Cereals, Other", "v": 0.0030321547561071431}]}, {"source": 19, "prod": 1.0, "target": 19, "value": 0.004994137245352942, "supply": [{"l": "Pulses, Other", "v": 0.004994137245352942}]}, {"source": 2, "prod": 2270.0, "target": 83, "value": 8.6317643293154322, "supply": [{"l": "Maize", "v": 8.6317643293154322}]}, {"source": 3, "prod": 4.0, "target": 83, "value": 0.011925799308301004, "supply": [{"l": "Rye", "v": 0.011925799308301004}]}, {"source": 62, "prod": 25.0, "target": 83, "value": 0.015961636372024031, "supply": [{"l": "Fruits, Other", "v": 0.015961636372024031}]}, {"source": 27, "prod": 17.0, "target": 83, "value": 0.0097685662531776657, "supply": [{"l": "Beer", "v": 0.0097685662531776657}]}, {"source": 13, "prod": 13.0, "target": 83, "value": 0.045987680467625004, "supply": [{"l": "Barley", "v": 0.045987680467625004}]}, {"source": 22, "prod": 1.0, "target": 83, "value": 0.0025343383036119404, "supply": [{"l": "Nuts", "v": 0.0025343383036119404}]}, {"source": 0, "prod": 2.0, "target": 83, "value": 0.0056600222113999997, "supply": [{"l": "Sunflower seed", "v": 0.0056600222113999997}]}, {"source": 4, "prod": 107.0, "target": 83, "value": 0.33420787851531469, "supply": [{"l": "Wheat", "v": 0.33420787851531469}]}, {"source": 37, "prod": 1.0, "target": 83, "value": 0.002553393478827068, "supply": [{"l": "Treenuts", "v": 0.002553393478827068}]}, {"source": 7, "prod": 243.0, "target": 83, "value": 0.062112124244369855, "supply": [{"l": "Vegetables, Other", "v": 0.062112124244369855}]}, {"source": 18, "prod": 112.0, "target": 83, "value": 0.022732876094967217, "supply": [{"l": "Tomatoes", "v": 0.022732876094967217}]}, {"source": 42, "prod": 20.0, "target": 83, "value": 0.015160773780535713, "supply": [{"l": "Grapes", "v": 0.015160773780535713}]}, {"source": 5, "prod": 2.0, "target": 83, "value": 0.0066609519990905577, "supply": [{"l": "Oats", "v": 0.0066609519990905577}]}, {"source": 74, "prod": 3.0, "target": 83, "value": 0.0084900333171, "supply": [{"l": "Soyabeans", "v": 0.0084900333171}]}, {"source": 6, "prod": 230.0, "target": 83, "value": 0.17959951645078057, "supply": [{"l": "Potatoes", "v": 0.17959951645078057}]}, {"source": 10, "prod": 43.0, "target": 83, "value": 0.028177454279278633, "supply": [{"l": "Milk - Excluding Butter", "v": 0.028177454279278633}]}, {"source": 12, "prod": 1.0, "target": 83, "value": 0.0038912652703374999, "supply": [{"l": "Beans", "v": 0.0038912652703374999}]}, {"source": 53, "prod": 19.0, "target": 83, "value": 0.010679101141021257, "supply": [{"l": "Apples", "v": 0.010679101141021257}]}, {"source": 45, "prod": 6.0, "target": 83, "value": 0.0048385448235752282, "supply": [{"l": "Wine", "v": 0.0048385448235752282}]}, {"source": 59, "prod": 3.0, "target": 83, "value": 0.0021154568065863788, "supply": [{"l": "Bananas", "v": 0.0021154568065863788}]}, {"source": 44, "prod": 1.0, "target": 83, "value": 0.0028300111056999999, "supply": [{"l": "Rape and Mustardseed", "v": 0.0028300111056999999}]}, {"source": 68, "prod": 1.0, "target": 83, "value": 0.00036785239675476603, "supply": [{"l": "Oranges, Mandarines", "v": 0.00036785239675476603}]}, {"source": 70, "prod": 33.0, "target": 83, "value": 0.015652016729849165, "supply": [{"l": "Onions", "v": 0.015652016729849165}]}, {"source": 19, "prod": 1.0, "target": 83, "value": 0.004994137245352942, "supply": [{"l": "Pulses, Other", "v": 0.004994137245352942}]}, {"source": 84, "prod": 1.0, "target": 35, "value": 0.0011622222200000001, "supply": [{"l": "Pepper", "v": 0.0011622222200000001}]}, {"source": 84, "prod": 49.0, "target": 55, "value": 0.0091230621170592125, "supply": [{"l": "Lemons, Limes", "v": 0.0091230621170592125}]}, {"source": 84, "prod": 13.0, "target": 37, "value": 0.03319411522475188, "supply": [{"l": "Treenuts", "v": 0.03319411522475188}]}, {"source": 84, "prod": 6.0, "target": 53, "value": 0.003372347728743555, "supply": [{"l": "Apples", "v": 0.003372347728743555}]}, {"source": 84, "prod": 2.0, "target": 61, "value": 0.0020709886606240092, "supply": [{"l": "Tea", "v": 0.0020709886606240092}]}, {"source": 84, "prod": 9.0, "target": 7, "value": 0.0023004490460877725, "supply": [{"l": "Vegetables, Other", "v": 0.0023004490460877725}]}, {"source": 84, "prod": 8.0, "target": 32, "value": 0.03286464509845162, "supply": [{"l": "Rice", "v": 0.03286464509845162}]}, {"source": 84, "prod": 3.0, "target": 4, "value": 0.0093703143508966739, "supply": [{"l": "Wheat", "v": 0.0093703143508966739}]}, {"source": 84, "prod": 11.0, "target": 13, "value": 0.038912652703375003, "supply": [{"l": "Barley", "v": 0.038912652703375003}]}, {"source": 84, "prod": 7.0, "target": 66, "value": 0.0042018319338504376, "supply": [{"l": "Grapefruit", "v": 0.0042018319338504376}]}, {"source": 84, "prod": 46.0, "target": 51, "value": 0.026749420040178089, "supply": [{"l": "Coffee", "v": 0.026749420040178089}]}, {"source": 84, "prod": 8.0, "target": 0, "value": 0.022640088845599999, "supply": [{"l": "Sunflower seed", "v": 0.022640088845599999}]}, {"source": 84, "prod": 1.0, "target": 9, "value": 0.0033304759995452789, "supply": [{"l": "Millet", "v": 0.0033304759995452789}]}, {"source": 84, "prod": 1.0, "target": 23, "value": 0.0018063900674680853, "supply": [{"l": "Dates", "v": 0.0018063900674680853}]}, {"source": 84, "prod": 1.0, "target": 21, "value": 0.0028300111056999999, "supply": [{"l": "Olives", "v": 0.0028300111056999999}]}, {"source": 84, "prod": 9.0, "target": 17, "value": 0.027289392804964292, "supply": [{"l": "Cereals, Other", "v": 0.027289392804964292}]}, {"source": 84, "prod": 948.0, "target": 1, "value": 1.0679905601963389, "supply": [{"l": "Pigmeat", "v": 0.0015801489381112512}, {"l": "Crustaceans", "v": 0.0010325716196472974}, {"l": "Eggs", "v": 0.0016162437445767079}, {"l": "Milk - Excluding Butter", "v": 0.012450503053634744}, {"l": "Pelagic Fish", "v": 0.54385430813886959}, {"l": "Fish, Seafood", "v": 0.4584617991233999}, {"l": "Offals, Edible", "v": 0.0026325684704186047}, {"l": "Demersal Fish", "v": 0.00088437847053125004}, {"l": "Bovine Meat", "v": 0.045478038637149366}]}, {"source": 84, "prod": 13.0, "target": 22, "value": 0.032946397946955225, "supply": [{"l": "Nuts", "v": 0.032946397946955225}]}, {"source": 84, "prod": 14.0, "target": 30, "value": 0.020852713410421053, "supply": [{"l": "Cocoa Beans", "v": 0.020852713410421053}]}, {"source": 84, "prod": 119.0, "target": 68, "value": 0.043774435213817152, "supply": [{"l": "Oranges, Mandarines", "v": 0.043774435213817152}]}, {"source": 84, "prod": 2.0, "target": 50, "value": 0.00098721317640697672, "supply": [{"l": "Pineapples", "v": 0.00098721317640697672}]}, {"source": 84, "prod": 25.0, "target": 6, "value": 0.019521686570737017, "supply": [{"l": "Potatoes", "v": 0.019521686570737017}]}, {"source": 84, "prod": 9.0, "target": 70, "value": 0.0042687318354134082, "supply": [{"l": "Onions", "v": 0.0042687318354134082}]}, {"source": 84, "prod": 130.0, "target": 59, "value": 0.091669794952076417, "supply": [{"l": "Bananas", "v": 0.091669794952076417}]}, {"source": 84, "prod": 7.0, "target": 42, "value": 0.0053062708231875, "supply": [{"l": "Grapes", "v": 0.0053062708231875}]}, {"source": 84, "prod": 1.0, "target": 75, "value": 0.0028300111056999999, "supply": [{"l": "Sesame seed", "v": 0.0028300111056999999}]}, {"source": 84, "prod": 54.0, "target": 72, "value": 0.42241492454698576, "supply": [{"l": "Beverages, Alcoholic", "v": 0.006888140238401886}, {"l": "Fats, Animals, Raw", "v": 0.068345765465769773}, {"l": "Palm Oil", "v": 0.010412305011537736}, {"l": "Sunflowerseed Oil", "v": 0.010308303521605397}, {"l": "Olive Oil", "v": 0.0090964642683214296}, {"l": "Coconut Oil", "v": 0.030766377999927409}, {"l": "Rape and Mustard Oil", "v": 0.10915757121985716}, {"l": "Oilcrops Oil, Other", "v": 0.14396143450734783}, {"l": "Wine", "v": 0.0056449689608377663}, {"l": "Sweeteners, Other", "v": 0.0036767860822086613}, {"l": "Fish, Body Oil", "v": 0.0083613964486590926}, {"l": "Honey", "v": 0.015795410822511628}]}, {"source": 84, "prod": 215.0, "target": 74, "value": 0.60845238772550003, "supply": [{"l": "Soyabeans", "v": 0.60845238772550003}]}, {"source": 84, "prod": 4.0, "target": 12, "value": 0.015565061081349999, "supply": [{"l": "Beans", "v": 0.015565061081349999}]}, {"source": 84, "prod": 107.0, "target": 2, "value": 0.40687171067698297, "supply": [{"l": "Maize", "v": 0.40687171067698297}]}, {"source": 84, "prod": 22.0, "target": 62, "value": 0.014046240007381146, "supply": [{"l": "Fruits, Other", "v": 0.014046240007381146}]}, {"source": 84, "prod": 14.0, "target": 77, "value": 0.039620155479800002, "supply": [{"l": "Groundnuts", "v": 0.039620155479800002}]}, {"source": 84, "prod": 2.0, "target": 73, "value": 0.0056600222113999997, "supply": [{"l": "Coconuts - Incl Copra", "v": 0.0056600222113999997}]}, {"source": 84, "prod": 2.0, "target": 5, "value": 0.0066609519990905577, "supply": [{"l": "Oats", "v": 0.0066609519990905577}]}, {"source": 84, "prod": 3.0, "target": 19, "value": 0.014982411736058824, "supply": [{"l": "Pulses, Other", "v": 0.014982411736058824}]}, {"source": 2, "prod": 177.0, "target": 85, "value": 0.67304946532547649, "supply": [{"l": "Maize", "v": 0.67304946532547649}]}, {"source": 62, "prod": 82.0, "target": 85, "value": 0.05235416730023882, "supply": [{"l": "Fruits, Other", "v": 0.05235416730023882}]}, {"source": 24, "prod": 2.0, "target": 85, "value": 0.0082478719601310375, "supply": [{"l": "Sugar", "v": 0.0082478719601310375}]}, {"source": 27, "prod": 29.0, "target": 85, "value": 0.016664024784832487, "supply": [{"l": "Beer", "v": 0.016664024784832487}]}, {"source": 29, "prod": 5.0, "target": 85, "value": 0.01722035059600472, "supply": [{"l": "Beverages, Alcoholic", "v": 0.01722035059600472}]}, {"source": 54, "prod": 2.0, "target": 85, "value": 0.0032240632849746837, "supply": [{"l": "Meat, Other", "v": 0.0032240632849746837}]}, {"source": 18, "prod": 2.0, "target": 85, "value": 0.00040594421598155744, "supply": [{"l": "Tomatoes", "v": 0.00040594421598155744}]}, {"source": 34, "prod": 10.0, "target": 85, "value": 0.08543220683221224, "supply": [{"l": "Fats, Animals, Raw", "v": 0.08543220683221224}]}, {"source": 4, "prod": 87.0, "target": 85, "value": 0.27173911617600355, "supply": [{"l": "Wheat", "v": 0.27173911617600355}]}, {"source": 7, "prod": 31.0, "target": 85, "value": 0.0079237689365245483, "supply": [{"l": "Vegetables, Other", "v": 0.0079237689365245483}]}, {"source": 42, "prod": 4.0, "target": 85, "value": 0.0030321547561071426, "supply": [{"l": "Grapes", "v": 0.0030321547561071426}]}, {"source": 43, "prod": 1.0, "target": 85, "value": 0.002927597695551724, "supply": [{"l": "Pimento", "v": 0.002927597695551724}]}, {"source": 78, "prod": 5.0, "target": 85, "value": 0.014150055528500001, "supply": [{"l": "Oilcrops, Other", "v": 0.014150055528500001}]}, {"source": 57, "prod": 4.0, "target": 85, "value": 0.010770937790350748, "supply": [{"l": "Mutton & Goat Meat", "v": 0.010770937790350748}]}, {"source": 46, "prod": 13.0, "target": 85, "value": 0.13400794578087016, "supply": [{"l": "Sunflowerseed Oil", "v": 0.13400794578087016}]}, {"source": 48, "prod": 58.0, "target": 85, "value": 0.091648638410452565, "supply": [{"l": "Pigmeat", "v": 0.091648638410452565}]}, {"source": 30, "prod": 2.0, "target": 85, "value": 0.0029789590586315794, "supply": [{"l": "Cocoa Beans", "v": 0.0029789590586315794}]}, {"source": 6, "prod": 22.0, "target": 85, "value": 0.017179084182248575, "supply": [{"l": "Potatoes", "v": 0.017179084182248575}]}, {"source": 49, "prod": 2.0, "target": 85, "value": 0.0015026607640884959, "supply": [{"l": "Freshwater Fish", "v": 0.0015026607640884959}]}, {"source": 52, "prod": 10.0, "target": 85, "value": 0.090964642683214303, "supply": [{"l": "Rape and Mustard Oil", "v": 0.090964642683214303}]}, {"source": 10, "prod": 26.0, "target": 85, "value": 0.017037530494447548, "supply": [{"l": "Milk - Excluding Butter", "v": 0.017037530494447548}]}, {"source": 53, "prod": 30.0, "target": 85, "value": 0.016861738643717771, "supply": [{"l": "Apples", "v": 0.016861738643717771}]}, {"source": 14, "prod": 21.0, "target": 85, "value": 0.021684004012593242, "supply": [{"l": "Fish, Seafood", "v": 0.021684004012593242}]}, {"source": 25, "prod": 1.0, "target": 85, "value": 0.011073956500565219, "supply": [{"l": "Oilcrops Oil, Other", "v": 0.011073956500565219}]}, {"source": 17, "prod": 2.0, "target": 85, "value": 0.0060643095122142861, "supply": [{"l": "Cereals, Other", "v": 0.0060643095122142861}]}, {"source": 45, "prod": 86.0, "target": 85, "value": 0.069352475804578276, "supply": [{"l": "Wine", "v": 0.069352475804578276}]}, {"source": 11, "prod": 19.0, "target": 85, "value": 0.023378352612304348, "supply": [{"l": "Pelagic Fish", "v": 0.023378352612304348}]}, {"source": 86, "prod": 1.0, "target": 85, "value": 0.0032653974296538461, "supply": [{"l": "Spices, Other", "v": 0.0032653974296538461}]}, {"source": 69, "prod": 67.0, "target": 85, "value": 0.082352124018621811, "supply": [{"l": "Bovine Meat", "v": 0.082352124018621811}]}, {"source": 64, "prod": 3.0, "target": 85, "value": 0.0044025046290189721, "supply": [{"l": "Poultry Meat", "v": 0.0044025046290189721}]}, {"source": 70, "prod": 2.0, "target": 85, "value": 0.00094860707453631307, "supply": [{"l": "Onions", "v": 0.00094860707453631307}]}, {"source": 34, "prod": 37.0, "target": 87, "value": 0.31609916527918519, "supply": [{"l": "Fats, Animals, Raw", "v": 0.31609916527918519}]}, {"source": 88, "prod": 45.0, "target": 5, "value": 0.14987141997953754, "supply": [{"l": "Oats", "v": 0.14987141997953754}]}, {"source": 54, "prod": 2.0, "target": 87, "value": 0.0032240632849746837, "supply": [{"l": "Meat, Other", "v": 0.0032240632849746837}]}, {"source": 69, "prod": 9.0, "target": 87, "value": 0.011062225614441736, "supply": [{"l": "Bovine Meat", "v": 0.011062225614441736}]}, {"source": 88, "prod": 2412.0, "target": 2, "value": 9.1717249173166628, "supply": [{"l": "Maize", "v": 9.1717249173166628}]}, {"source": 37, "prod": 5.0, "target": 87, "value": 0.01276696739413534, "supply": [{"l": "Treenuts", "v": 0.01276696739413534}]}, {"source": 88, "prod": 3.0, "target": 62, "value": 0.0019153963646428834, "supply": [{"l": "Fruits, Other", "v": 0.0019153963646428834}]}, {"source": 88, "prod": 4.0, "target": 32, "value": 0.01643232254922581, "supply": [{"l": "Rice", "v": 0.01643232254922581}]}, {"source": 22, "prod": 5.0, "target": 87, "value": 0.012671691518059702, "supply": [{"l": "Nuts", "v": 0.012671691518059702}]}, {"source": 88, "prod": 2.0, "target": 1, "value": 0.0013105792688036574, "supply": [{"l": "Milk - Excluding Butter", "v": 0.0013105792688036574}]}, {"source": 88, "prod": 53.0, "target": 13, "value": 0.18748823575262502, "supply": [{"l": "Barley", "v": 0.18748823575262502}]}, {"source": 0, "prod": 140.0, "target": 87, "value": 0.39620155479800007, "supply": [{"l": "Sunflower seed", "v": 0.39620155479800007}]}, {"source": 88, "prod": 627.0, "target": 4, "value": 1.958395699337405, "supply": [{"l": "Wheat", "v": 1.958395699337405}]}, {"source": 52, "prod": 10.0, "target": 87, "value": 0.090964642683214303, "supply": [{"l": "Rape and Mustard Oil", "v": 0.090964642683214303}]}, {"source": 88, "prod": 244.0, "target": 6, "value": 0.19053166093039325, "supply": [{"l": "Potatoes", "v": 0.19053166093039325}]}, {"source": 88, "prod": 103.0, "target": 72, "value": 0.19398538484803224, "supply": [{"l": "Beer", "v": 0.011492430886091372}, {"l": "Soyabean Oil", "v": 0.051013075725064382}, {"l": "Beverages, Alcoholic", "v": 0.089545823099224528}, {"l": "Wine", "v": 0.041934055137651978}]}, {"source": 88, "prod": 30.0, "target": 12, "value": 0.116737958110125, "supply": [{"l": "Beans", "v": 0.116737958110125}]}, {"source": 24, "prod": 35.0, "target": 87, "value": 0.14433775930229314, "supply": [{"l": "Sugar", "v": 0.14433775930229314}]}, {"source": 57, "prod": 2.0, "target": 87, "value": 0.005385468895175374, "supply": [{"l": "Mutton & Goat Meat", "v": 0.005385468895175374}]}, {"source": 1, "prod": 253.0, "target": 64, "value": 0.3712778903806, "supply": [{"l": "Poultry Meat", "v": 0.3712778903806}]}, {"source": 1, "prod": 840.0, "target": 48, "value": 1.3273251080134512, "supply": [{"l": "Pigmeat", "v": 1.3273251080134512}]}, {"source": 1, "prod": 473.0, "target": 11, "value": 0.58199793608526096, "supply": [{"l": "Pelagic Fish", "v": 0.58199793608526096}]}, {"source": 1, "prod": 2.0, "target": 38, "value": 0.0020651432392945947, "supply": [{"l": "Crustaceans", "v": 0.0020651432392945947}]}, {"source": 1, "prod": 188.0, "target": 39, "value": 0.3038538239804211, "supply": [{"l": "Eggs", "v": 0.3280974801490717}]}, {"source": 1, "prod": 1.0, "target": 63, "value": 0.0010325716196472974, "supply": [{"l": "Molluscs, Other", "v": 0.0010325716196472974}]}, {"source": 1, "prod": 1.0, "target": 56, "value": 0.001286368684409091, "supply": [{"l": "Cephalopods", "v": 0.001286368684409091}]}, {"source": 1, "prod": 4304.0, "target": 10, "value": 2.8203665864654708, "supply": [{"l": "Milk - Excluding Butter", "v": 2.8203665864654708}]}, {"source": 1, "prod": 88.0, "target": 65, "value": 0.1158330126984186, "supply": [{"l": "Offals, Edible", "v": 0.1158330126984186}]}, {"source": 1, "prod": 1.0, "target": 41, "value": 0.00087226369696232885, "supply": [{"l": "Marine Fish, Other", "v": 0.00087226369696232885}]}, {"source": 1, "prod": 509.0, "target": 14, "value": 0.52557895440047431, "supply": [{"l": "Fish, Seafood", "v": 0.52557895440047431}]}, {"source": 1, "prod": 375.0, "target": 69, "value": 0.46092606726840574, "supply": [{"l": "Bovine Meat", "v": 0.46092606726840574}]}, {"source": 1, "prod": 5.0, "target": 67, "value": 0.0044218923526562507, "supply": [{"l": "Demersal Fish", "v": 0.0044218923526562507}]}, {"source": 1, "prod": 6.0, "target": 54, "value": 0.0096721898549240511, "supply": [{"l": "Meat, Other", "v": 0.0096721898549240511}]}, {"source": 1, "prod": 26.0, "target": 49, "value": 0.019534589933150444, "supply": [{"l": "Freshwater Fish", "v": 0.019534589933150444}]}, {"source": 1, "prod": 62.0, "target": 57, "value": 0.16694953575043656, "supply": [{"l": "Mutton & Goat Meat", "v": 0.16694953575043656}]}, {"source": 72, "prod": 3.0, "target": 47, "value": 0.027289392804964289, "supply": [{"l": "Olive Oil", "v": 0.027289392804964289}]}, {"source": 72, "prod": 388.0, "target": 34, "value": 3.3147696250898342, "supply": [{"l": "Fats, Animals, Raw", "v": 3.3147696250898342}]}, {"source": 72, "prod": 18.0, "target": 80, "value": 0.066182149479755911, "supply": [{"l": "Sweeteners, Other", "v": 0.066182149479755911}]}, {"source": 72, "prod": 1.0, "target": 58, "value": 0.014150055528500001, "supply": [{"l": "Sesameseed Oil", "v": 0.014150055528500001}]}, {"source": 72, "prod": 5.0, "target": 60, "value": 0.0030321547561071431, "supply": [{"l": "Beverages, Fermented", "v": 0.0030321547561071431}]}, {"source": 72, "prod": 51.0, "target": 36, "value": 0.52033337239565669, "supply": [{"l": "Soyabean Oil", "v": 0.52033337239565669}]}, {"source": 72, "prod": 3.0, "target": 81, "value": 0.030766377999927409, "supply": [{"l": "Coconut Oil", "v": 0.030766377999927409}]}, {"source": 72, "prod": 1.0, "target": 8, "value": 0.0083613964486590926, "supply": [{"l": "Fish, Body Oil", "v": 0.0083613964486590926}]}, {"source": 72, "prod": 783.0, "target": 24, "value": 3.229041872391301, "supply": [{"l": "Sugar", "v": 3.229041872391301}]}, {"source": 72, "prod": 9.0, "target": 31, "value": 0.035539674350651168, "supply": [{"l": "Honey", "v": 0.035539674350651168}]}, {"source": 72, "prod": 12.0, "target": 26, "value": 0.12087505061633896, "supply": [{"l": "Maize Germ Oil", "v": 0.12087505061633896}]}, {"source": 72, "prod": 1020.0, "target": 27, "value": 0.58611397519066, "supply": [{"l": "Beer", "v": 0.58611397519066}]}, {"source": 72, "prod": 6.0, "target": 28, "value": 0.063675249878250004, "supply": [{"l": "Groundnut Oil", "v": 0.063675249878250004}]}, {"source": 72, "prod": 122.0, "target": 29, "value": 0.42017655454251507, "supply": [{"l": "Beverages, Alcoholic", "v": 0.42017655454251507}]}, {"source": 72, "prod": 144.0, "target": 46, "value": 1.4843957071111769, "supply": [{"l": "Sunflowerseed Oil", "v": 1.4843957071111769}]}, {"source": 72, "prod": 1.0, "target": 82, "value": 0.010412305011537736, "supply": [{"l": "Palm Oil", "v": 0.010412305011537736}]}, {"source": 72, "prod": 6.0, "target": 71, "value": 0.0090964642683214296, "supply": [{"l": "Cream", "v": 0.0090964642683214296}]}, {"source": 72, "prod": 22.0, "target": 25, "value": 0.24362704301243482, "supply": [{"l": "Oilcrops Oil, Other", "v": 0.24362704301243482}]}, {"source": 72, "prod": 38.0, "target": 52, "value": 0.34566564219621437, "supply": [{"l": "Rape and Mustard Oil", "v": 0.34566564219621437}]}, {"source": 72, "prod": 14.0, "target": 33, "value": 0.1170595502812273, "supply": [{"l": "Butter, Ghee", "v": 0.1170595502812273}]}, {"source": 72, "prod": 647.0, "target": 45, "value": 0.52175641680886198, "supply": [{"l": "Wine", "v": 0.52175641680886198}]}, {"source": 2, "prod": 17689.0, "target": 89, "value": 61.675646548740005, "supply": [{"l": "Maize", "v": 61.675646548740005}]}, {"source": 21, "prod": 12.5, "target": 89, "value": 0.043583333250000002, "supply": [{"l": "Olives", "v": 0.043583333250000002}]}, {"source": 3, "prod": 162.0, "target": 89, "value": 0.56483999892000003, "supply": [{"l": "Rye", "v": 0.56483999892000003}]}, {"source": 13, "prod": 1184.0, "target": 89, "value": 4.12821332544, "supply": [{"l": "Barley", "v": 4.12821332544}]}, {"source": 32, "prod": 57.0, "target": 89, "value": 0.19873999962000002, "supply": [{"l": "Rice", "v": 0.19873999962000002}]}, {"source": 18, "prod": 427.0, "target": 89, "value": 1.4888066638200002, "supply": [{"l": "Tomatoes", "v": 1.4888066638200002}]}, {"source": 0, "prod": 543.0, "target": 89, "value": 1.8932599963800005, "supply": [{"l": "Sunflower seed", "v": 1.8932599963800005}]}, {"source": 17, "prod": 25.0, "target": 89, "value": 0.087166666500000003, "supply": [{"l": "Cereals, Other", "v": 0.087166666500000003}]}, {"source": 4, "prod": 11339.0, "target": 89, "value": 39.53531325774, "supply": [{"l": "Wheat", "v": 39.53531325774}]}, {"source": 73, "prod": 0.5, "target": 89, "value": 0.0017433333299999999, "supply": [{"l": "Coconuts - Incl Copra", "v": 0.0017433333299999999}]}, {"source": 7, "prod": 1902.5, "target": 89, "value": 6.6333833206500001, "supply": [{"l": "Vegetables, Other", "v": 6.6333833206500001}]}, {"source": 40, "prod": 16.0, "target": 89, "value": 0.055786666559999996, "supply": [{"l": "Peas", "v": 0.055786666559999996}]}, {"source": 75, "prod": 1.0, "target": 89, "value": 0.0034866666599999998, "supply": [{"l": "Sesame seed", "v": 0.0034866666599999998}]}, {"source": 74, "prod": 170.0, "target": 89, "value": 0.59273333220000013, "supply": [{"l": "Soyabeans", "v": 0.59273333220000013}]}, {"source": 77, "prod": 7.0, "target": 89, "value": 0.024406666620000003, "supply": [{"l": "Groundnuts", "v": 0.024406666620000003}]}, {"source": 78, "prod": 17.5, "target": 89, "value": 0.061016666550000001, "supply": [{"l": "Oilcrops, Other", "v": 0.061016666550000001}]}, {"source": 5, "prod": 615.0, "target": 89, "value": 2.1442999959, "supply": [{"l": "Oats", "v": 2.1442999959}]}, {"source": 76, "prod": 1.0, "target": 89, "value": 0.0034866666599999998, "supply": [{"l": "Cottonseed", "v": 0.0034866666599999998}]}, {"source": 6, "prod": 1317.75, "target": 89, "value": 4.5945549912150012, "supply": [{"l": "Potatoes", "v": 4.5945549912150012}]}, {"source": 12, "prod": 150.0, "target": 89, "value": 0.52299999899999994, "supply": [{"l": "Beans", "v": 0.52299999899999994}]}, {"source": 19, "prod": 42.0, "target": 89, "value": 0.14643999972000002, "supply": [{"l": "Pulses, Other", "v": 0.14643999972000002}]}, {"source": 15, "prod": 2062.8000000000002, "target": 89, "value": 2.3974319954160004, "supply": [{"l": "Sugar beet", "v": 2.3974319954160004}]}, {"source": 16, "prod": 22.0, "target": 89, "value": 0.076706666519999994, "supply": [{"l": "Sorghum", "v": 0.076706666519999994}]}, {"source": 9, "prod": 6.0, "target": 89, "value": 0.020919999960000001, "supply": [{"l": "Millet", "v": 0.020919999960000001}]}, {"source": 44, "prod": 72.5, "target": 89, "value": 0.25278333285000004, "supply": [{"l": "Rape and Mustardseed", "v": 0.25278333285000004}]}, {"source": 70, "prod": 294.0, "target": 89, "value": 1.0250799980400001, "supply": [{"l": "Onions", "v": 1.0250799980400001}]}, {"source": 90, "prod": 0, "target": 2, "value": 0.016815901934128179, "supply": "[{\"l\":'Energy for power irrigation',\"v\":0.016815901934128179}]"}, {"source": 90, "prod": 0, "target": 21, "value": 2.3766043775974022e-05, "supply": "[{\"l\":'Energy for power irrigation',\"v\":2.3766043775974022e-05}]"}, {"source": 90, "prod": 0, "target": 3, "value": 0.00015400396366831165, "supply": "[{\"l\":'Energy for power irrigation',\"v\":0.00015400396366831165}]"}, {"source": 90, "prod": 0, "target": 22, "value": 5.2285296307142849e-05, "supply": "[{\"l\":'Energy for power irrigation',\"v\":5.2285296307142849e-05}]"}, {"source": 90, "prod": 0, "target": 13, "value": 0.0011255598332301296, "supply": "[{\"l\":'Energy for power irrigation',\"v\":0.0011255598332301296}]"}, {"source": 90, "prod": 0, "target": 32, "value": 5.4186579809220776e-05, "supply": "[{\"l\":'Energy for power irrigation',\"v\":5.4186579809220776e-05}]"}, {"source": 90, "prod": 0, "target": 18, "value": 0.00081184805538727267, "supply": "[{\"l\":'Energy for power irrigation',\"v\":0.00081184805538727267}]"}, {"source": 90, "prod": 0, "target": 0, "value": 0.0010323969416283114, "supply": "[{\"l\":'Energy for power irrigation',\"v\":0.0010323969416283114}]"}, {"source": 90, "prod": 0, "target": 17, "value": 2.3766043775974022e-05, "supply": "[{\"l\":'Energy for power irrigation',\"v\":2.3766043775974022e-05}]"}, {"source": 90, "prod": 0, "target": 4, "value": 0.010779326815030778, "supply": "[{\"l\":'Energy for power irrigation',\"v\":0.010779326815030778}]"}, {"source": 90, "prod": 0, "target": 37, "value": 5.2285296307142849e-05, "supply": "[{\"l\":'Energy for power irrigation',\"v\":5.2285296307142849e-05}]"}, {"source": 90, "prod": 0, "target": 7, "value": 0.0036171918627032461, "supply": "[{\"l\":'Energy for power irrigation',\"v\":0.0036171918627032461}]"}, {"source": 90, "prod": 0, "target": 40, "value": 3.0420536033246748e-05, "supply": "[{\"l\":'Energy for power irrigation',\"v\":3.0420536033246748e-05}]"}, {"source": 90, "prod": 0, "target": 74, "value": 0.00032321819535324672, "supply": "[{\"l\":'Energy for power irrigation',\"v\":0.00032321819535324672}]"}, {"source": 90, "prod": 0, "target": 42, "value": 0.0020600406745014282, "supply": "[{\"l\":'Energy for power irrigation',\"v\":0.0020600406745014282}]"}, {"source": 90, "prod": 0, "target": 43, "value": 1.3308984514545453e-05, "supply": "[{\"l\":'Energy for power irrigation',\"v\":1.3308984514545453e-05}]"}, {"source": 90, "prod": 0, "target": 78, "value": 3.3272461286363629e-05, "supply": "[{\"l\":'Energy for power irrigation',\"v\":3.3272461286363629e-05}]"}, {"source": 90, "prod": 0, "target": 5, "value": 0.00058464467688896095, "supply": "[{\"l\":'Energy for power irrigation',\"v\":0.00058464467688896095}]"}, {"source": 90, "prod": 0, "target": 76, "value": 1.9012835020779217e-06, "supply": "[{\"l\":'Energy for power irrigation',\"v\":1.9012835020779217e-06}]"}, {"source": 90, "prod": 0, "target": 6, "value": 0.0050108326697263636, "supply": "[{\"l\":'Energy for power irrigation',\"v\":0.0050108326697263636}]"}, {"source": 90, "prod": 0, "target": 12, "value": 0.00028519252531168828, "supply": "[{\"l\":'Energy for power irrigation',\"v\":0.00028519252531168828}]"}, {"source": 90, "prod": 0, "target": 53, "value": 0.00073009286479792197, "supply": "[{\"l\":'Energy for power irrigation',\"v\":0.00073009286479792197}]"}, {"source": 90, "prod": 0, "target": 15, "value": 0.0098049190202158416, "supply": "[{\"l\":'Energy for power irrigation',\"v\":0.0098049190202158416}]"}, {"source": 90, "prod": 0, "target": 16, "value": 2.0914118522857137e-05, "supply": "[{\"l\":'Energy for power irrigation',\"v\":2.0914118522857137e-05}]"}, {"source": 90, "prod": 0, "target": 86, "value": 1.9012835020779217e-06, "supply": "[{\"l\":'Energy for power irrigation',\"v\":1.9012835020779217e-06}]"}, {"source": 90, "prod": 0, "target": 62, "value": 0.0018375905047583116, "supply": "[{\"l\":'Energy for power irrigation',\"v\":0.0018375905047583116}]"}, {"source": 90, "prod": 0, "target": 9, "value": 5.7038505062337654e-06, "supply": "[{\"l\":'Energy for power irrigation',\"v\":5.7038505062337654e-06}]"}, {"source": 90, "prod": 0, "target": 44, "value": 0.00013784305390064931, "supply": "[{\"l\":'Energy for power irrigation',\"v\":0.00013784305390064931}]"}, {"source": 90, "prod": 0, "target": 68, "value": 0.00012073150238194805, "supply": "[{\"l\":'Energy for power irrigation',\"v\":0.00012073150238194805}]"}, {"source": 90, "prod": 0, "target": 70, "value": 0.00055897734961090901, "supply": "[{\"l\":'Energy for power irrigation',\"v\":0.00055897734961090901}]"}, {"source": 90, "prod": 0, "target": 19, "value": 7.9853907087272709e-05, "supply": "[{\"l\":'Energy for power irrigation',\"v\":7.9853907087272709e-05}]"}, {"source": 90, "prod": 0, "target": 72, "value": 0.6360000005087999, "supply": "[{\"l\":'Electricity',\"v\":0.6360000005087999}]"}, {"source": 91, "prod": 0, "target": 90, "value": 1.3094900355066694, "supply": [{"l": "Coal", "v": 1.1726672582198121}, {"l": "Natural gas", "v": 0.051458117057970154}, {"l": "Oil", "v": 0.085364660228887196}]}, {"source": 92, "prod": 0, "target": 90, "value": 0.1800182775280213, "supply": [{"l": "Nuclear", "v": 0.0}, {"l": "Hydroelectric", "v": 0.1800182775280213}, {"l": "Renewable", "v": 0.0}]}, {"source": 91, "prod": 0, "target": 2, "value": 1.1806016235804291, "supply": [{"l": "Motor Gasoline", "v": 0.05621877147014203}, {"l": "Natural gas (including LNG)", "v": 0.15236837512493592}, {"l": "Liquefied petroleum gas (LPG)", "v": 0.11091744562553049}, {"l": "Other fossil fuels", "v": 0.86109703135982063}]}, {"source": 91, "prod": 0, "target": 21, "value": 0.0016685533715592022, "supply": [{"l": "Motor Gasoline", "v": 7.9454422904265415e-05}, {"l": "Natural gas (including LNG)", "v": 0.00021534339861628121}, {"l": "Liquefied petroleum gas (LPG)", "v": 0.00015676048056070227}, {"l": "Other fossil fuels", "v": 0.0012169950694779534}]}, {"source": 91, "prod": 0, "target": 3, "value": 0.010812225847703629, "supply": [{"l": "Motor Gasoline", "v": 0.00051486466041963984}, {"l": "Natural gas (including LNG)", "v": 0.0013954252230335021}, {"l": "Liquefied petroleum gas (LPG)", "v": 0.0010158079140333506}, {"l": "Other fossil fuels", "v": 0.0078861280502171369}]}, {"source": 91, "prod": 0, "target": 22, "value": 0.0036708174174302447, "supply": [{"l": "Motor Gasoline", "v": 0.00017479973038938391}, {"l": "Natural gas (including LNG)", "v": 0.00047375547695581866}, {"l": "Liquefied petroleum gas (LPG)", "v": 0.00034487305723354499}, {"l": "Other fossil fuels", "v": 0.0026773891528514972}]}, {"source": 91, "prod": 0, "target": 13, "value": 0.079022687677043804, "supply": [{"l": "Motor Gasoline", "v": 0.0037629614687460095}, {"l": "Natural gas (including LNG)", "v": 0.010198663358467077}, {"l": "Liquefied petroleum gas (LPG)", "v": 0.0074241763593548595}, {"l": "Other fossil fuels", "v": 0.057636886490475867}]}, {"source": 91, "prod": 0, "target": 32, "value": 0.0038043016871549809, "supply": [{"l": "Motor Gasoline", "v": 0.00018115608422172513}, {"l": "Natural gas (including LNG)", "v": 0.00049098294884512112}, {"l": "Liquefied petroleum gas (LPG)", "v": 0.00035741389567840119}, {"l": "Other fossil fuels", "v": 0.0027747487584097335}]}, {"source": 91, "prod": 0, "target": 18, "value": 0.056997783172462346, "supply": [{"l": "Motor Gasoline", "v": 0.0027141630864097066}, {"l": "Natural gas (including LNG)", "v": 0.0073561304967321665}, {"l": "Liquefied petroleum gas (LPG)", "v": 0.0053549380159535901}, {"l": "Other fossil fuels", "v": 0.041572551573366888}]}, {"source": 91, "prod": 0, "target": 0, "value": 0.072481958460531737, "supply": [{"l": "Motor Gasoline", "v": 0.0034515001309612888}, {"l": "Natural gas (including LNG)", "v": 0.0093545172358912559}, {"l": "Liquefied petroleum gas (LPG)", "v": 0.0068096752755569057}, {"l": "Other fossil fuels", "v": 0.052866265818122288}]}, {"source": 91, "prod": 0, "target": 17, "value": 0.0016685533715592022, "supply": [{"l": "Motor Gasoline", "v": 7.9454422904265415e-05}, {"l": "Natural gas (including LNG)", "v": 0.00021534339861628121}, {"l": "Liquefied petroleum gas (LPG)", "v": 0.00015676048056070227}, {"l": "Other fossil fuels", "v": 0.0012169950694779534}]}, {"source": 91, "prod": 0, "target": 4, "value": 0.75678906720439176, "supply": [{"l": "Motor Gasoline", "v": 0.036037348052458618}, {"l": "Natural gas (including LNG)", "v": 0.097671151876400505}, {"l": "Liquefied petroleum gas (LPG)", "v": 0.071100283563112127}, {"l": "Other fossil fuels", "v": 0.55198028371242047}]}, {"source": 91, "prod": 0, "target": 37, "value": 0.0036708174174302447, "supply": [{"l": "Motor Gasoline", "v": 0.00017479973038938391}, {"l": "Natural gas (including LNG)", "v": 0.00047375547695581866}, {"l": "Liquefied petroleum gas (LPG)", "v": 0.00034487305723354499}, {"l": "Other fossil fuels", "v": 0.0026773891528514972}]}, {"source": 91, "prod": 0, "target": 7, "value": 0.25395382315131054, "supply": [{"l": "Motor Gasoline", "v": 0.012092963166029196}, {"l": "Natural gas (including LNG)", "v": 0.032775265269398002}, {"l": "Liquefied petroleum gas (LPG)", "v": 0.023858945141338884}, {"l": "Other fossil fuels", "v": 0.18522664957454449}]}, {"source": 91, "prod": 0, "target": 40, "value": 0.0021357483155957785, "supply": [{"l": "Motor Gasoline", "v": 0.00010170166131745972}, {"l": "Natural gas (including LNG)", "v": 0.00027563955022883992}, {"l": "Liquefied petroleum gas (LPG)", "v": 0.00020065341511769889}, {"l": "Other fossil fuels", "v": 0.0015577536889317799}]}, {"source": 91, "prod": 0, "target": 74, "value": 0.022692325853205152, "supply": [{"l": "Motor Gasoline", "v": 0.0010805801514980097}, {"l": "Natural gas (including LNG)", "v": 0.0029286702211814247}, {"l": "Liquefied petroleum gas (LPG)", "v": 0.0021319425356255512}, {"l": "Other fossil fuels", "v": 0.016551132944900165}]}, {"source": 91, "prod": 0, "target": 42, "value": 0.14463020624675163, "supply": [{"l": "Motor Gasoline", "v": 0.0068871093773417253}, {"l": "Natural gas (including LNG)", "v": 0.018665965792059255}, {"l": "Liquefied petroleum gas (LPG)", "v": 0.013587998455001672}, {"l": "Other fossil fuels", "v": 0.10548913262234899}]}, {"source": 91, "prod": 0, "target": 43, "value": 0.00093438988807315309, "supply": [{"l": "Motor Gasoline", "v": 4.4494476826388627e-05}, {"l": "Natural gas (including LNG)", "v": 0.00012059230322511747}, {"l": "Liquefied petroleum gas (LPG)", "v": 8.7785869113993272e-05}, {"l": "Other fossil fuels", "v": 0.00068151723890765383}]}, {"source": 91, "prod": 0, "target": 78, "value": 0.0023359747201828827, "supply": [{"l": "Motor Gasoline", "v": 0.00011123619206597157}, {"l": "Natural gas (including LNG)", "v": 0.00030148075806279371}, {"l": "Liquefied petroleum gas (LPG)", "v": 0.00021946467278498316}, {"l": "Other fossil fuels", "v": 0.0017037930972691345}]}, {"source": 91, "prod": 0, "target": 5, "value": 0.041046412940356373, "supply": [{"l": "Motor Gasoline", "v": 0.0019545788034449289}, {"l": "Natural gas (including LNG)", "v": 0.0052974476059605181}, {"l": "Liquefied petroleum gas (LPG)", "v": 0.003856307821793276}, {"l": "Other fossil fuels", "v": 0.029938078709157649}]}, {"source": 91, "prod": 0, "target": 76, "value": 0.00013348426972473616, "supply": [{"l": "Motor Gasoline", "v": 6.3563538323412324e-06}, {"l": "Natural gas (including LNG)", "v": 1.7227471889302495e-05}, {"l": "Liquefied petroleum gas (LPG)", "v": 1.254083844485618e-05}, {"l": "Other fossil fuels", "v": 9.7359605558236246e-05}]}, {"source": 91, "prod": 0, "target": 6, "value": 0.35179779285954221, "supply": [{"l": "Motor Gasoline", "v": 0.016752170525135321}, {"l": "Natural gas (including LNG)", "v": 0.045403002164256731}, {"l": "Liquefied petroleum gas (LPG)", "v": 0.033051379721418465}, {"l": "Other fossil fuels", "v": 0.25659124044873166}]}, {"source": 91, "prod": 0, "target": 12, "value": 0.020022640458710425, "supply": [{"l": "Motor Gasoline", "v": 0.00095345307485118498}, {"l": "Natural gas (including LNG)", "v": 0.0025841207833953747}, {"l": "Liquefied petroleum gas (LPG)", "v": 0.0018811257667284275}, {"l": "Other fossil fuels", "v": 0.014603940833735439}]}, {"source": 91, "prod": 0, "target": 53, "value": 0.051257959574298691, "supply": [{"l": "Motor Gasoline", "v": 0.0024408398716190332}, {"l": "Natural gas (including LNG)", "v": 0.0066153492054921593}, {"l": "Liquefied petroleum gas (LPG)", "v": 0.0048156819628247744}, {"l": "Other fossil fuels", "v": 0.037386088534362726}]}, {"source": 91, "prod": 0, "target": 15, "value": 0.68837837897046439, "supply": [{"l": "Motor Gasoline", "v": 0.032779716713383734}, {"l": "Natural gas (including LNG)", "v": 0.088842072533132976}, {"l": "Liquefied petroleum gas (LPG)", "v": 0.064673103860123329}, {"l": "Other fossil fuels", "v": 0.50208348586382434}]}, {"source": 91, "prod": 0, "target": 16, "value": 0.0014683269669720977, "supply": [{"l": "Motor Gasoline", "v": 6.9919892155753549e-05}, {"l": "Natural gas (including LNG)", "v": 0.00018950219078232747}, {"l": "Liquefied petroleum gas (LPG)", "v": 0.000137949222893418}, {"l": "Other fossil fuels", "v": 0.0010709556611405988}]}, {"source": 91, "prod": 0, "target": 86, "value": 0.00013348426972473616, "supply": [{"l": "Motor Gasoline", "v": 6.3563538323412324e-06}, {"l": "Natural gas (including LNG)", "v": 1.7227471889302495e-05}, {"l": "Liquefied petroleum gas (LPG)", "v": 1.254083844485618e-05}, {"l": "Other fossil fuels", "v": 9.7359605558236246e-05}]}, {"source": 91, "prod": 0, "target": 62, "value": 0.12901254668895751, "supply": [{"l": "Motor Gasoline", "v": 0.0061434159789578013}, {"l": "Natural gas (including LNG)", "v": 0.016650351581010865}, {"l": "Liquefied petroleum gas (LPG)", "v": 0.0121207203569535}, {"l": "Other fossil fuels", "v": 0.094098058772035351}]}, {"source": 91, "prod": 0, "target": 9, "value": 0.00040045280917420852, "supply": [{"l": "Motor Gasoline", "v": 1.9069061497023697e-05}, {"l": "Natural gas (including LNG)", "v": 5.1682415667907494e-05}, {"l": "Liquefied petroleum gas (LPG)", "v": 3.762251533456855e-05}, {"l": "Other fossil fuels", "v": 0.00029207881667470879}]}, {"source": 91, "prod": 0, "target": 44, "value": 0.0096776095550433709, "supply": [{"l": "Motor Gasoline", "v": 0.00046083565284473936}, {"l": "Natural gas (including LNG)", "v": 0.0012489917119744309}, {"l": "Liquefied petroleum gas (LPG)", "v": 0.00090921078725207313}, {"l": "Other fossil fuels", "v": 0.0070585714029721284}]}, {"source": 91, "prod": 0, "target": 68, "value": 0.0084762511275207463, "supply": [{"l": "Motor Gasoline", "v": 0.0004036284683536683}, {"l": "Natural gas (including LNG)", "v": 0.0010939444649707085}, {"l": "Liquefied petroleum gas (LPG)", "v": 0.00079634324124836756}, {"l": "Other fossil fuels", "v": 0.0061823349529480029}]}, {"source": 91, "prod": 0, "target": 70, "value": 0.039244375299072438, "supply": [{"l": "Motor Gasoline", "v": 0.0018687680267083224}, {"l": "Natural gas (including LNG)", "v": 0.0050648767354549342}, {"l": "Liquefied petroleum gas (LPG)", "v": 0.0036870065027877178}, {"l": "Other fossil fuels", "v": 0.028623724034121462}]}, {"source": 91, "prod": 0, "target": 19, "value": 0.0056063393284389185, "supply": [{"l": "Motor Gasoline", "v": 0.00026696686095833175}, {"l": "Natural gas (including LNG)", "v": 0.00072355381935070484}, {"l": "Liquefied petroleum gas (LPG)", "v": 0.0005267152146839596}, {"l": "Other fossil fuels", "v": 0.0040891034334459226}]}, {"source": 93, "prod": 254.74734288938672, "target": 2, "value": 2.7595601119076223, "supply": [{"l": "Potash", "v": 0.53841666709739999}, {"l": "Phosphate", "v": 0.92583333407399993}, {"l": "Nitrogen", "v": 7.7975694506824995}]}, {"source": 93, "prod": 0.36003638262392834, "target": 21, "value": 0.0039001075695455118, "supply": [{"l": "Potash", "v": 0.53841666709739999}, {"l": "Phosphate", "v": 0.92583333407399993}, {"l": "Nitrogen", "v": 7.7975694506824995}]}, {"source": 93, "prod": 2.3330357594030553, "target": 3, "value": 0.025272697050654915, "supply": [{"l": "Potash", "v": 0.53841666709739999}, {"l": "Phosphate", "v": 0.92583333407399993}, {"l": "Nitrogen", "v": 7.7975694506824995}]}, {"source": 93, "prod": 0.79208004177264235, "target": 22, "value": 0.008580236653000126, "supply": [{"l": "Potash", "v": 0.53841666709739999}, {"l": "Phosphate", "v": 0.92583333407399993}, {"l": "Nitrogen", "v": 7.7975694506824995}]}, {"source": 93, "prod": 17.051323081069246, "target": 13, "value": 0.18470909449367542, "supply": [{"l": "Potash", "v": 0.53841666709739999}, {"l": "Phosphate", "v": 0.92583333407399993}, {"l": "Nitrogen", "v": 7.7975694506824995}]}, {"source": 93, "prod": 0.8208829523825566, "target": 32, "value": 0.0088922452585637659, "supply": [{"l": "Potash", "v": 0.53841666709739999}, {"l": "Phosphate", "v": 0.92583333407399993}, {"l": "Nitrogen", "v": 7.7975694506824995}]}, {"source": 93, "prod": 12.298842830433392, "target": 18, "value": 0.13322767457567469, "supply": [{"l": "Potash", "v": 0.53841666709739999}, {"l": "Phosphate", "v": 0.92583333407399993}, {"l": "Nitrogen", "v": 7.7975694506824995}]}, {"source": 93, "prod": 15.639980461183445, "target": 0, "value": 0.16942067282105702, "supply": [{"l": "Potash", "v": 0.53841666709739999}, {"l": "Phosphate", "v": 0.92583333407399993}, {"l": "Nitrogen", "v": 7.7975694506824995}]}, {"source": 93, "prod": 0.36003638262392834, "target": 17, "value": 0.0039001075695455118, "supply": [{"l": "Potash", "v": 0.53841666709739999}, {"l": "Phosphate", "v": 0.92583333407399993}, {"l": "Nitrogen", "v": 7.7975694506824995}]}, {"source": 93, "prod": 163.29810170290892, "target": 4, "value": 1.7689327892430622, "supply": [{"l": "Potash", "v": 0.53841666709739999}, {"l": "Phosphate", "v": 0.92583333407399993}, {"l": "Nitrogen", "v": 7.7975694506824995}]}, {"source": 93, "prod": 0.79208004177264235, "target": 37, "value": 0.008580236653000126, "supply": [{"l": "Potash", "v": 0.53841666709739999}, {"l": "Phosphate", "v": 0.92583333407399993}, {"l": "Nitrogen", "v": 7.7975694506824995}]}, {"source": 93, "prod": 54.797537435361889, "target": 7, "value": 0.59359637208482685, "supply": [{"l": "Potash", "v": 0.53841666709739999}, {"l": "Phosphate", "v": 0.92583333407399993}, {"l": "Nitrogen", "v": 7.7975694506824995}]}, {"source": 93, "prod": 0.4608465697586282, "target": 40, "value": 0.0049921376890182546, "supply": [{"l": "Potash", "v": 0.53841666709739999}, {"l": "Phosphate", "v": 0.92583333407399993}, {"l": "Nitrogen", "v": 7.7975694506824995}]}, {"source": 93, "prod": 4.8964948036854254, "target": 74, "value": 0.053041462945818962, "supply": [{"l": "Potash", "v": 0.53841666709739999}, {"l": "Phosphate", "v": 0.92583333407399993}, {"l": "Nitrogen", "v": 7.7975694506824995}]}, {"source": 93, "prod": 31.207953645842103, "target": 42, "value": 0.33806132412820494, "supply": [{"l": "Potash", "v": 0.53841666709739999}, {"l": "Phosphate", "v": 0.92583333407399993}, {"l": "Nitrogen", "v": 7.7975694506824995}]}, {"source": 93, "prod": 0.20162037426939985, "target": 43, "value": 0.0021840602389454865, "supply": [{"l": "Potash", "v": 0.53841666709739999}, {"l": "Phosphate", "v": 0.92583333407399993}, {"l": "Nitrogen", "v": 7.7975694506824995}]}, {"source": 93, "prod": 0.50405093567349957, "target": 78, "value": 0.0054601505973637162, "supply": [{"l": "Potash", "v": 0.53841666709739999}, {"l": "Phosphate", "v": 0.92583333407399993}, {"l": "Nitrogen", "v": 7.7975694506824995}]}, {"source": 93, "prod": 8.8568950125486356, "target": 5, "value": 0.09594264621081959, "supply": [{"l": "Potash", "v": 0.53841666709739999}, {"l": "Phosphate", "v": 0.92583333407399993}, {"l": "Nitrogen", "v": 7.7975694506824995}]}, {"source": 93, "prod": 0.028802910609914262, "target": 76, "value": 0.00031200860556364091, "supply": [{"l": "Potash", "v": 0.53841666709739999}, {"l": "Phosphate", "v": 0.92583333407399993}, {"l": "Nitrogen", "v": 7.7975694506824995}]}, {"source": 93, "prod": 75.910070912429049, "target": 6, "value": 0.82229867996297568, "supply": [{"l": "Potash", "v": 0.53841666709739999}, {"l": "Phosphate", "v": 0.92583333407399993}, {"l": "Nitrogen", "v": 7.7975694506824995}]}, {"source": 93, "prod": 4.3204365914871401, "target": 12, "value": 0.046801290834546143, "supply": [{"l": "Potash", "v": 0.53841666709739999}, {"l": "Phosphate", "v": 0.92583333407399993}, {"l": "Nitrogen", "v": 7.7975694506824995}]}, {"source": 93, "prod": 11.060317674207079, "target": 53, "value": 0.11981130453643812, "supply": [{"l": "Potash", "v": 0.53841666709739999}, {"l": "Phosphate", "v": 0.92583333407399993}, {"l": "Nitrogen", "v": 7.7975694506824995}]}, {"source": 93, "prod": 148.53661001532785, "target": 15, "value": 1.6090283788916961, "supply": [{"l": "Potash", "v": 0.53841666709739999}, {"l": "Phosphate", "v": 0.92583333407399993}, {"l": "Nitrogen", "v": 7.7975694506824995}]}, {"source": 93, "prod": 0.31683201670905692, "target": 16, "value": 0.0034320946612000501, "supply": [{"l": "Potash", "v": 0.53841666709739999}, {"l": "Phosphate", "v": 0.92583333407399993}, {"l": "Nitrogen", "v": 7.7975694506824995}]}, {"source": 93, "prod": 0.028802910609914262, "target": 86, "value": 0.00031200860556364091, "supply": [{"l": "Potash", "v": 0.53841666709739999}, {"l": "Phosphate", "v": 0.92583333407399993}, {"l": "Nitrogen", "v": 7.7975694506824995}]}, {"source": 93, "prod": 27.838013104482137, "target": 62, "value": 0.30155631727725896, "supply": [{"l": "Potash", "v": 0.53841666709739999}, {"l": "Phosphate", "v": 0.92583333407399993}, {"l": "Nitrogen", "v": 7.7975694506824995}]}, {"source": 93, "prod": 0.086408731829742805, "target": 9, "value": 0.00093602581669092284, "supply": [{"l": "Potash", "v": 0.53841666709739999}, {"l": "Phosphate", "v": 0.92583333407399993}, {"l": "Nitrogen", "v": 7.7975694506824995}]}, {"source": 93, "prod": 2.0882110192187842, "target": 44, "value": 0.022620623903363966, "supply": [{"l": "Potash", "v": 0.53841666709739999}, {"l": "Phosphate", "v": 0.92583333407399993}, {"l": "Nitrogen", "v": 7.7975694506824995}]}, {"source": 93, "prod": 1.8289848237295558, "target": 68, "value": 0.0198125464532912, "supply": [{"l": "Potash", "v": 0.53841666709739999}, {"l": "Phosphate", "v": 0.92583333407399993}, {"l": "Nitrogen", "v": 7.7975694506824995}]}, {"source": 93, "prod": 8.4680557193147941, "target": 70, "value": 0.091730530035710439, "supply": [{"l": "Potash", "v": 0.53841666709739999}, {"l": "Phosphate", "v": 0.92583333407399993}, {"l": "Nitrogen", "v": 7.7975694506824995}]}, {"source": 93, "prod": 1.2097222456163992, "target": 19, "value": 0.013104361433672919, "supply": [{"l": "Potash", "v": 0.53841666709739999}, {"l": "Phosphate", "v": 0.92583333407399993}, {"l": "Nitrogen", "v": 7.7975694506824995}]}, {"source": 91, "prod": 0, "target": 93, "value": 11.431014536537841, "supply": [{"l": "Natural gas (including LNG)", "v": 7.6308939169900398}, {"l": "Fuel oil", "v": 2.4217350163970703}, {"l": "Liquefied petroleum gas (LPG)", "v": 0.68919280157536555}, {"l": "Coal", "v": 0.68919280157536555}]}, {"source": 94, "prod": 0, "target": 2, "value": 1.1019154853682944, "supply": "[{\"l\":'Labor',\"v\":1.1019154853682944}]"}, {"source": 94, "prod": 0, "target": 21, "value": 0.0015573456461194734, "supply": "[{\"l\":'Labor',\"v\":0.0015573456461194734}]"}, {"source": 94, "prod": 0, "target": 3, "value": 0.010091599786854186, "supply": "[{\"l\":'Labor',\"v\":0.010091599786854186}]"}, {"source": 94, "prod": 0, "target": 22, "value": 0.0034261604214628413, "supply": "[{\"l\":'Labor',\"v\":0.0034261604214628413}]"}, {"source": 94, "prod": 0, "target": 13, "value": 0.073755889800218244, "supply": "[{\"l\":'Labor',\"v\":0.073755889800218244}]"}, {"source": 94, "prod": 0, "target": 30, "value": 0.00087211356182690498, "supply": "[{\"l\":'Labor',\"v\":0.00087211356182690498}]"}, {"source": 94, "prod": 0, "target": 32, "value": 0.0035507480731523993, "supply": "[{\"l\":'Labor',\"v\":0.0035507480731523993}]"}, {"source": 94, "prod": 0, "target": 18, "value": 0.05319892727144121, "supply": "[{\"l\":'Labor',\"v\":0.05319892727144121}]"}, {"source": 94, "prod": 0, "target": 0, "value": 0.067651094867429915, "supply": "[{\"l\":'Labor',\"v\":0.067651094867429915}]"}, {"source": 94, "prod": 0, "target": 17, "value": 0.0015573456461194734, "supply": "[{\"l\":'Labor',\"v\":0.0015573456461194734}]"}, {"source": 94, "prod": 0, "target": 35, "value": 6.2293825844778923e-05, "supply": "[{\"l\":'Labor',\"v\":6.2293825844778923e-05}]"}, {"source": 94, "prod": 0, "target": 4, "value": 0.70634969125394831, "supply": "[{\"l\":'Labor',\"v\":0.70634969125394831}]"}, {"source": 94, "prod": 0, "target": 73, "value": 6.2293825844778923e-05, "supply": "[{\"l\":'Labor',\"v\":6.2293825844778923e-05}]"}, {"source": 94, "prod": 0, "target": 37, "value": 0.0034261604214628413, "supply": "[{\"l\":'Labor',\"v\":0.0034261604214628413}]"}, {"source": 94, "prod": 0, "target": 7, "value": 0.23702800733938384, "supply": "[{\"l\":'Labor',\"v\":0.23702800733938384}]"}, {"source": 94, "prod": 0, "target": 40, "value": 0.0019934024270329255, "supply": "[{\"l\":'Labor',\"v\":0.0019934024270329255}]"}, {"source": 94, "prod": 0, "target": 75, "value": 0.00012458765168955785, "supply": "[{\"l\":'Labor',\"v\":0.00012458765168955785}]"}, {"source": 94, "prod": 0, "target": 76, "value": 0.00012458765168955785, "supply": "[{\"l\":'Labor',\"v\":0.00012458765168955785}]"}, {"source": 94, "prod": 0, "target": 42, "value": 0.13499072060563594, "supply": "[{\"l\":'Labor',\"v\":0.13499072060563594}]"}, {"source": 94, "prod": 0, "target": 43, "value": 0.00087211356182690498, "supply": "[{\"l\":'Labor',\"v\":0.00087211356182690498}]"}, {"source": 94, "prod": 0, "target": 78, "value": 0.0021802839045672625, "supply": "[{\"l\":'Labor',\"v\":0.0021802839045672625}]"}, {"source": 94, "prod": 0, "target": 23, "value": 6.2293825844778923e-05, "supply": "[{\"l\":'Labor',\"v\":6.2293825844778923e-05}]"}, {"source": 94, "prod": 0, "target": 5, "value": 0.038310702894539042, "supply": "[{\"l\":'Labor',\"v\":0.038310702894539042}]"}, {"source": 94, "prod": 0, "target": 74, "value": 0.021179900787224839, "supply": "[{\"l\":'Labor',\"v\":0.021179900787224839}]"}, {"source": 94, "prod": 0, "target": 6, "value": 0.32835075602782976, "supply": "[{\"l\":'Labor',\"v\":0.32835075602782976}]"}, {"source": 94, "prod": 0, "target": 77, "value": 0.00087211356182690498, "supply": "[{\"l\":'Labor',\"v\":0.00087211356182690498}]"}, {"source": 94, "prod": 0, "target": 51, "value": 0.0028655159888598312, "supply": "[{\"l\":'Labor',\"v\":0.0028655159888598312}]"}, {"source": 94, "prod": 0, "target": 50, "value": 0.00012458765168955785, "supply": "[{\"l\":'Labor',\"v\":0.00012458765168955785}]"}, {"source": 94, "prod": 0, "target": 12, "value": 0.018688147753433682, "supply": "[{\"l\":'Labor',\"v\":0.018688147753433682}]"}, {"source": 94, "prod": 0, "target": 19, "value": 0.0052326813709614303, "supply": "[{\"l\":'Labor',\"v\":0.0052326813709614303}]"}, {"source": 94, "prod": 0, "target": 15, "value": 0.64249851976304984, "supply": "[{\"l\":'Labor',\"v\":0.64249851976304984}]"}, {"source": 94, "prod": 0, "target": 55, "value": 0.0029901036405493887, "supply": "[{\"l\":'Labor',\"v\":0.0029901036405493887}]"}, {"source": 94, "prod": 0, "target": 16, "value": 0.0013704641685851364, "supply": "[{\"l\":'Labor',\"v\":0.0013704641685851364}]"}, {"source": 94, "prod": 0, "target": 59, "value": 0.008098197359821261, "supply": "[{\"l\":'Labor',\"v\":0.008098197359821261}]"}, {"source": 94, "prod": 0, "target": 86, "value": 0.00012458765168955785, "supply": "[{\"l\":'Labor',\"v\":0.00012458765168955785}]"}, {"source": 94, "prod": 0, "target": 61, "value": 0.00012458765168955785, "supply": "[{\"l\":'Labor',\"v\":0.00012458765168955785}]"}, {"source": 94, "prod": 0, "target": 62, "value": 0.12041396535795768, "supply": "[{\"l\":'Labor',\"v\":0.12041396535795768}]"}, {"source": 94, "prod": 0, "target": 9, "value": 0.00037376295506867359, "supply": "[{\"l\":'Labor',\"v\":0.00037376295506867359}]"}, {"source": 94, "prod": 0, "target": 66, "value": 0.00043605678091345249, "supply": "[{\"l\":'Labor',\"v\":0.00043605678091345249}]"}, {"source": 94, "prod": 0, "target": 44, "value": 0.0090326047474929439, "supply": "[{\"l\":'Labor',\"v\":0.0090326047474929439}]"}, {"source": 94, "prod": 0, "target": 68, "value": 0.0079113158822869244, "supply": "[{\"l\":'Labor',\"v\":0.0079113158822869244}]"}, {"source": 94, "prod": 0, "target": 70, "value": 0.036628769596730011, "supply": "[{\"l\":'Labor',\"v\":0.036628769596730011}]"}, {"source": 94, "prod": 0, "target": 53, "value": 0.04784165824879022, "supply": "[{\"l\":'Labor',\"v\":0.04784165824879022}]"}, {"source": 91, "prod": 0, "target": 84, "value": 8.9907959455024624, "supply": "[{\"l\":'Fossil Fuels',\"v\":8.9907959455024624}]"}, {"source": 92, "prod": 0, "target": 84, "value": 1.0976049404696098, "supply": "[{\"l\":'Renewables & Nuclear',\"v\":0.49914466186324802},{\"l\":'Biomass & Waste',\"v\":0.59846027860636186}]"}]}