{"nodes": [{"layer": 13, "name": "Other Processed", "fill": "#9c9ede"}, {"layer": 10, "name": "Feed", "fill": "#dbdb8d"}, {"layer": 13, "name": "Animal Products", "fill": "#17becf"}, {"layer": 5, "name": "Cereals", "fill": "#e7ba52"}, {"layer": 5, "name": "Oilcrops", "fill": "#ff9896"}, {"layer": 5, "name": "Fruits, Roots & Vegetables", "fill": "#98df8a"}, {"layer": 5, "name": "Sugar Crops", "fill": "#ffbb78"}, {"layer": 13, "name": "Aquatic Products", "fill": "#1f77b4"}, {"layer": 16, "name": "Food", "fill": "#b5cf6b"}, {"layer": 13, "name": "Sugar", "fill": "#d6616b"}, {"layer": 13, "name": "Vegetable Oils", "fill": "#f7b6d2"}, {"layer": 10, "name": "Processing", "fill": "#9edae5"}, {"layer": 16, "name": "Biofuels & Other", "fill": "#e7ba52"}, {"name": "Seed", "fill": "#dbdb8d"}, {"name": "Waste", "fill": "#c7c7c7"}, {"layer": 0, "name": "Import", "fill": "#aec7e8"}, {"layer": 16, "name": "Export", "fill": "#aec7e8"}, {"layer": 0, "name": "Stock Draw", "fill": "#c7c7c7"}, {"layer": 16, "name": "Stock Deposit", "fill": "#c7c7c7"}, {"layer": 0, "name": "Production", "fill": "#b5cf6b"}], "links": [{"source": 0, "prod": 0.0083687471268557145, "target": 1, "value": 1.0, "supply": [{"l": "Fish, Body Oil", "v": 1.0}]}, {"source": 2, "prod": 0.20871473847956254, "target": 1, "value": 311.0, "supply": [{"l": "Milk - Excluding Butter", "v": 311.0}]}, {"source": 3, "prod": 27.303299213225543, "target": 1, "value": 7366.0, "supply": [{"l": "Maize", "v": 6100.0}, {"l": "Wheat", "v": 334.0}, {"l": "Oats", "v": 290.0}, {"l": "Rye", "v": 164.0}, {"l": "Millet", "v": 6.0}, {"l": "Barley", "v": 450.0}, {"l": "Sorghum", "v": 10.0}, {"l": "Cereals, Other", "v": 12.0}]}, {"source": 4, "prod": 0.025470099951300004, "target": 1, "value": 12.0, "supply": [{"l": "Sunflower seed", "v": 12.0}]}, {"source": 5, "prod": 0.75786443562306105, "target": 1, "value": 887.0, "supply": [{"l": "Tomatoes", "v": 4.0}, {"l": "Vegetables, Other", "v": 151.0}, {"l": "Potatoes", "v": 656.0}, {"l": "Beans", "v": 5.0}, {"l": "Pulses, Other", "v": 70.0}, {"l": "Cassava", "v": 1.0}]}, {"source": 6, "prod": 0.17549555522000002, "target": 1, "value": 151.0, "supply": [{"l": "Sugar beet", "v": 151.0}]}, {"source": 7, "prod": 0.88841800783559077, "target": 1, "value": 696.0, "supply": [{"l": "Pelagic Fish", "v": 348.0}, {"l": "Fish, Seafood", "v": 348.0}]}, {"source": 0, "prod": 3.1233574988714841, "target": 8, "value": 1552.0, "supply": [{"l": "Beer", "v": 648.0}, {"l": "Beverages, Alcoholic", "v": 114.0}, {"l": "Butter, Ghee", "v": 18.0}, {"l": "Fats, Animals, Raw", "v": 208.0}, {"l": "Wine", "v": 552.0}, {"l": "Beverages, Fermented", "v": 6.0}, {"l": "Cream", "v": 6.0}]}, {"source": 2, "prod": 3.4232021217105841, "target": 8, "value": 3606.0, "supply": [{"l": "Pigmeat", "v": 546.0}, {"l": "Eggs", "v": 137.0}, {"l": "Mutton & Goat Meat", "v": 47.0}, {"l": "Poultry Meat", "v": 148.0}, {"l": "Milk - Excluding Butter", "v": 2469.0}, {"l": "Meat, Other", "v": 5.0}, {"l": "Offals, Edible", "v": 66.0}, {"l": "Bovine Meat", "v": 188.0}]}, {"source": 3, "prod": 14.765771226896932, "target": 8, "value": 4605.0, "supply": [{"l": "Maize", "v": 500.0}, {"l": "Rye", "v": 79.0}, {"l": "Barley", "v": 15.0}, {"l": "Rice", "v": 47.0}, {"l": "Cereals, Other", "v": 14.0}, {"l": "Wheat", "v": 3950.0}]}, {"source": 4, "prod": 0.0084900333171, "target": 8, "value": 4.0, "supply": [{"l": "Olives", "v": 4.0}]}, {"source": 5, "prod": 3.2731379684490043, "target": 8, "value": 4559.0, "supply": [{"l": "Nuts", "v": 46.0}, {"l": "Tomatoes", "v": 325.0}, {"l": "Pepper", "v": 2.0}, {"l": "Treenuts", "v": 46.0}, {"l": "Vegetables, Other", "v": 1164.0}, {"l": "Peas", "v": 17.0}, {"l": "Grapes", "v": 144.0}, {"l": "Pimento", "v": 11.0}, {"l": "Dates", "v": 1.0}, {"l": "Cocoa Beans", "v": 10.0}, {"l": "Potatoes", "v": 1340.0}, {"l": "Coffee", "v": 36.0}, {"l": "Beans", "v": 163.0}, {"l": "Apples", "v": 265.0}, {"l": "Lemons, Limes", "v": 37.0}, {"l": "Pineapples", "v": 1.0}, {"l": "Bananas", "v": 52.0}, {"l": "Spices, Other", "v": 1.0}, {"l": "Tea", "v": 1.0}, {"l": "Fruits, Other", "v": 540.0}, {"l": "Grapefruit", "v": 1.0}, {"l": "Oranges, Mandarines", "v": 112.0}, {"l": "Onions", "v": 241.0}, {"l": "Pulses, Other", "v": 3.0}]}, {"source": 9, "prod": 2.5495837851736831, "target": 8, "value": 620.0, "supply": [{"l": "Sugar", "v": 615.0}, {"l": "Honey", "v": 5.0}]}, {"source": 7, "prod": 0.13011098791464198, "target": 8, "value": 120.0, "supply": [{"l": "Marine Fish, Other", "v": 1.0}, {"l": "Freshwater Fish", "v": 17.0}, {"l": "Fish, Seafood", "v": 60.0}, {"l": "Pelagic Fish", "v": 27.0}, {"l": "Cephalopods", "v": 1.0}, {"l": "Molluscs, Other", "v": 2.0}, {"l": "Demersal Fish", "v": 12.0}]}, {"source": 10, "prod": 2.0374847659282893, "target": 8, "value": 198.0, "supply": [{"l": "Maize Germ Oil", "v": 11.0}, {"l": "Groundnut Oil", "v": 1.0}, {"l": "Soyabean Oil", "v": 64.0}, {"l": "Sunflowerseed Oil", "v": 114.0}, {"l": "Olive Oil", "v": 5.0}, {"l": "Rape and Mustard Oil", "v": 2.0}, {"l": "Sesameseed Oil", "v": 1.0}]}, {"source": 0, "prod": 0.11716245977598, "target": 11, "value": 14.0, "supply": [{"l": "Fats, Animals, Raw", "v": 14.0}]}, {"source": 2, "prod": 0.0040266509031426853, "target": 11, "value": 6.0, "supply": [{"l": "Milk - Excluding Butter", "v": 6.0}]}, {"source": 3, "prod": 0.74264159749066816, "target": 11, "value": 215.0, "supply": [{"l": "Maize", "v": 37.0}, {"l": "Barley", "v": 161.0}, {"l": "Rice", "v": 17.0}]}, {"source": 4, "prod": 0.80018564013667504, "target": 11, "value": 377.0, "supply": [{"l": "Sunflower seed", "v": 282.0}, {"l": "Olives", "v": 13.0}, {"l": "Soyabeans", "v": 49.0}, {"l": "Sesame seed", "v": 2.0}, {"l": "Cottonseed", "v": 3.0}, {"l": "Rape and Mustardseed", "v": 9.0}, {"l": "Groundnuts", "v": 3.0}, {"l": "Oilcrops, Other", "v": 16.0}]}, {"source": 5, "prod": 1.0972872742762891, "target": 11, "value": 1614.0, "supply": [{"l": "Vegetables, Other", "v": 125.0}, {"l": "Fruits, Other", "v": 536.0}, {"l": "Grapes", "v": 943.0}, {"l": "Apples", "v": 10.0}]}, {"source": 6, "prod": 3.2658444382000003, "target": 11, "value": 2810.0, "supply": [{"l": "Sugar beet", "v": 2810.0}]}, {"source": 0, "prod": 0.38170613070547793, "target": 12, "value": 148.0, "supply": [{"l": "Fats, Animals, Raw", "v": 37.0}, {"l": "Beer", "v": 108.0}, {"l": "Beverages, Alcoholic", "v": 3.0}]}, {"source": 2, "prod": 0.072647189375818211, "target": 12, "value": 71.0, "supply": [{"l": "Pigmeat", "v": 22.0}, {"l": "Milk - Excluding Butter", "v": 41.0}, {"l": "Offals, Edible", "v": 8.0}]}, {"source": 3, "prod": 0.29704480122609256, "target": 12, "value": 81.0, "supply": [{"l": "Maize", "v": 65.0}, {"l": "Wheat", "v": 16.0}]}, {"source": 4, "prod": 0.0063675249878250009, "target": 12, "value": 3.0, "supply": [{"l": "Oilcrops, Other", "v": 3.0}]}, {"source": 9, "prod": 0.031187877491387756, "target": 12, "value": 8.0, "supply": [{"l": "Sweeteners, Other", "v": 8.0}]}, {"source": 10, "prod": 0.68791417781511133, "target": 12, "value": 66.0, "supply": [{"l": "Soyabean Oil", "v": 37.0}, {"l": "Coconut Oil", "v": 1.0}, {"l": "Sunflowerseed Oil", "v": 3.0}, {"l": "Cottonseed Oil", "v": 1.0}, {"l": "Oilcrops Oil, Other", "v": 24.0}]}, {"source": 5, "prod": 0.4974314672692296, "target": 13, "value": 584.0, "supply": [{"l": "Potatoes", "v": 570.0}, {"l": "Peas", "v": 1.0}, {"l": "Beans", "v": 12.0}, {"l": "Pulses, Other", "v": 1.0}]}, {"source": 2, "prod": 0.016610934750847826, "target": 2, "value": 10.0, "supply": [{"l": "Eggs", "v": 10.0}]}, {"source": 3, "prod": 2.4501988129306045, "target": 13, "value": 752.0, "supply": [{"l": "Maize", "v": 117.0}, {"l": "Wheat", "v": 540.0}, {"l": "Oats", "v": 37.0}, {"l": "Rye", "v": 7.0}, {"l": "Barley", "v": 47.0}, {"l": "Rice", "v": 1.0}, {"l": "Cereals, Other", "v": 3.0}]}, {"source": 4, "prod": 0.006367524987825, "target": 13, "value": 3.0, "supply": [{"l": "Sunflower seed", "v": 2.0}, {"l": "Cottonseed", "v": 1.0}]}, {"source": 5, "prod": 0.3426531139847554, "target": 14, "value": 540.0, "supply": [{"l": "Vegetables, Other", "v": 113.0}, {"l": "Bananas", "v": 1.0}, {"l": "Potatoes", "v": 300.0}, {"l": "Apples", "v": 27.0}, {"l": "Fruits, Other", "v": 31.0}, {"l": "Grapes", "v": 16.0}, {"l": "Oranges, Mandarines", "v": 1.0}, {"l": "Beans", "v": 3.0}, {"l": "Onions", "v": 14.0}, {"l": "Tomatoes", "v": 32.0}, {"l": "Pulses, Other", "v": 2.0}]}, {"source": 0, "prod": 0.008610253952591072, "target": 14, "value": 13.0, "supply": [{"l": "Beer", "v": 8.0}, {"l": "Wine", "v": 5.0}]}, {"source": 2, "prod": 0.0020133254515713427, "target": 14, "value": 3.0, "supply": [{"l": "Milk - Excluding Butter", "v": 3.0}]}, {"source": 3, "prod": 3.2085039305817449, "target": 14, "value": 866.0, "supply": [{"l": "Maize", "v": 740.0}, {"l": "Wheat", "v": 111.0}, {"l": "Oats", "v": 3.0}, {"l": "Rye", "v": 3.0}, {"l": "Barley", "v": 9.0}]}, {"source": 4, "prod": 0.023347591622025002, "target": 14, "value": 11.0, "supply": [{"l": "Sunflower seed", "v": 10.0}, {"l": "Rape and Mustardseed", "v": 1.0}]}, {"source": 15, "prod": 2.271457398375222, "target": 11, "value": 327.0, "supply": [{"l": "Sugar", "v": 156.0}, {"l": "Beer", "v": 7.0}, {"l": "Beverages, Alcoholic", "v": 2.0}, {"l": "Fats, Animals, Raw", "v": 10.0}, {"l": "Soyabean Oil", "v": 120.0}, {"l": "Butter, Ghee", "v": 5.0}, {"l": "Sunflowerseed Oil", "v": 4.0}, {"l": "Olive Oil", "v": 1.0}, {"l": "Coconut Oil", "v": 1.0}, {"l": "Oilcrops Oil, Other", "v": 16.0}, {"l": "Sweeteners, Other", "v": 2.0}, {"l": "Fish, Body Oil", "v": 1.0}, {"l": "Honey", "v": 2.0}]}, {"source": 15, "prod": 4.2991204040523243, "target": 3, "value": 1290.0, "supply": [{"l": "Maize", "v": 311.0}, {"l": "Rye", "v": 130.0}, {"l": "Barley", "v": 224.0}, {"l": "Rice", "v": 27.0}, {"l": "Cereals, Other", "v": 8.0}, {"l": "Wheat", "v": 566.0}, {"l": "Oats", "v": 22.0}, {"l": "Millet", "v": 2.0}]}, {"source": 15, "prod": 0.108247924793025, "target": 4, "value": 51.0, "supply": [{"l": "Olives", "v": 1.0}, {"l": "Sunflower seed", "v": 1.0}, {"l": "Sesame seed", "v": 1.0}, {"l": "Groundnuts", "v": 3.0}, {"l": "Soyabeans", "v": 45.0}]}, {"source": 15, "prod": 0.19844942837955321, "target": 5, "value": 339.0, "supply": [{"l": "Vegetables, Other", "v": 18.0}, {"l": "Nuts", "v": 5.0}, {"l": "Grapefruit", "v": 1.0}, {"l": "Tomatoes", "v": 5.0}, {"l": "Coffee", "v": 36.0}, {"l": "Treenuts", "v": 5.0}, {"l": "Cocoa Beans", "v": 10.0}, {"l": "Grapes", "v": 14.0}, {"l": "Dates", "v": 1.0}, {"l": "Potatoes", "v": 2.0}, {"l": "Pepper", "v": 2.0}, {"l": "Apples", "v": 18.0}, {"l": "Lemons, Limes", "v": 38.0}, {"l": "Pineapples", "v": 1.0}, {"l": "Bananas", "v": 53.0}, {"l": "Tea", "v": 1.0}, {"l": "Fruits, Other", "v": 9.0}, {"l": "Oranges, Mandarines", "v": 111.0}, {"l": "Pulses, Other", "v": 1.0}, {"l": "Onions", "v": 7.0}, {"l": "Cassava", "v": 1.0}]}, {"source": 15, "prod": 1.0330337762469448, "target": 1, "value": 872.0, "supply": [{"l": "Meat, Other", "v": 3.0}, {"l": "Eggs", "v": 2.0}, {"l": "Milk - Excluding Butter", "v": 123.0}, {"l": "Pelagic Fish", "v": 361.0}, {"l": "Fish, Seafood", "v": 370.0}, {"l": "Molluscs, Other", "v": 1.0}, {"l": "Offals, Edible", "v": 3.0}, {"l": "Demersal Fish", "v": 8.0}, {"l": "Bovine Meat", "v": 1.0}]}, {"source": 0, "prod": 0.20050321686784731, "target": 16, "value": 122.0, "supply": [{"l": "Fats, Animals, Raw", "v": 9.0}, {"l": "Beer", "v": 36.0}, {"l": "Wine", "v": 61.0}, {"l": "Beverages, Alcoholic", "v": 16.0}]}, {"source": 2, "prod": 0.21219582717831259, "target": 16, "value": 155.0, "supply": [{"l": "Pigmeat", "v": 73.0}, {"l": "Milk - Excluding Butter", "v": 21.0}, {"l": "Meat, Other", "v": 1.0}, {"l": "Poultry Meat", "v": 1.0}, {"l": "Bovine Meat", "v": 53.0}, {"l": "Eggs", "v": 2.0}, {"l": "Offals, Edible", "v": 1.0}, {"l": "Mutton & Goat Meat", "v": 3.0}]}, {"source": 3, "prod": 0.26688390484620028, "target": 16, "value": 71.0, "supply": [{"l": "Maize", "v": 63.0}, {"l": "Barley", "v": 1.0}, {"l": "Rice", "v": 2.0}, {"l": "Wheat", "v": 4.0}, {"l": "Millet", "v": 1.0}]}, {"source": 4, "prod": 0.072165283195350011, "target": 16, "value": 34.0, "supply": [{"l": "Cottonseed", "v": 3.0}, {"l": "Sunflower seed", "v": 17.0}, {"l": "Rape and Mustardseed", "v": 9.0}, {"l": "Oilcrops, Other", "v": 5.0}]}, {"source": 5, "prod": 0.18445416051978764, "target": 16, "value": 266.0, "supply": [{"l": "Potatoes", "v": 45.0}, {"l": "Fruits, Other", "v": 127.0}, {"l": "Beans", "v": 4.0}, {"l": "Spices, Other", "v": 1.0}, {"l": "Vegetables, Other", "v": 23.0}, {"l": "Grapes", "v": 8.0}, {"l": "Pimento", "v": 1.0}, {"l": "Onions", "v": 4.0}, {"l": "Apples", "v": 53.0}]}, {"source": 9, "prod": 0.0032653974296538461, "target": 16, "value": 1.0, "supply": [{"l": "Honey", "v": 1.0}]}, {"source": 7, "prod": 0.032580577149592296, "target": 16, "value": 26.0, "supply": [{"l": "Freshwater Fish", "v": 1.0}, {"l": "Fish, Seafood", "v": 13.0}, {"l": "Pelagic Fish", "v": 12.0}]}, {"source": 10, "prod": 0.070583537300319132, "target": 16, "value": 7.0, "supply": [{"l": "Rape and Mustard Oil", "v": 2.0}, {"l": "Oilcrops Oil, Other", "v": 1.0}, {"l": "Soyabean Oil", "v": 1.0}, {"l": "Sunflowerseed Oil", "v": 3.0}]}, {"source": 17, "prod": 0.085425938720770839, "target": 5, "value": 68.0, "supply": [{"l": "Fruits, Other", "v": 45.0}, {"l": "Beans", "v": 13.0}, {"l": "Apples", "v": 10.0}]}, {"source": 10, "prod": 0.27860370869806617, "target": 18, "value": 27.0, "supply": [{"l": "Soyabean Oil", "v": 27.0}]}, {"source": 2, "prod": 0.013247988464826816, "target": 18, "value": 18.0, "supply": [{"l": "Milk - Excluding Butter", "v": 16.0}, {"l": "Bovine Meat", "v": 2.0}]}, {"source": 0, "prod": 0.16514448636008833, "target": 18, "value": 57.0, "supply": [{"l": "Fats, Animals, Raw", "v": 16.0}, {"l": "Beer", "v": 40.0}, {"l": "Butter, Ghee", "v": 1.0}]}, {"source": 3, "prod": 4.3630027453706832, "target": 18, "value": 1368.0, "supply": [{"l": "Maize", "v": 132.0}, {"l": "Wheat", "v": 1217.0}, {"l": "Oats", "v": 4.0}, {"l": "Rye", "v": 11.0}, {"l": "Barley", "v": 4.0}]}, {"source": 5, "prod": 0.033468030198711515, "target": 18, "value": 43.0, "supply": [{"l": "Potatoes", "v": 43.0}]}, {"source": 4, "prod": 0.053062708231874998, "target": 18, "value": 25.0, "supply": [{"l": "Sunflower seed", "v": 25.0}]}, {"source": 17, "prod": 0.26257879283891389, "target": 11, "value": 115.0, "supply": [{"l": "Olive Oil", "v": 1.0}, {"l": "Sugar", "v": 38.0}, {"l": "Beverages, Alcoholic", "v": 13.0}, {"l": "Wine", "v": 63.0}]}, {"source": 17, "prod": 0.069447762070838914, "target": 3, "value": 17.0, "supply": [{"l": "Rice", "v": 17.0}]}, {"source": 19, "prod": 49.032907552083124, "target": 3, "value": 14018.0, "supply": [{"l": "Maize", "v": 7443.0}, {"l": "Rye", "v": 134.0}, {"l": "Barley", "v": 464.0}, {"l": "Rice", "v": 24.0}, {"l": "Cereals, Other", "v": 20.0}, {"l": "Wheat", "v": 5605.0}, {"l": "Oats", "v": 312.0}, {"l": "Sorghum", "v": 11.0}, {"l": "Millet", "v": 5.0}]}, {"source": 19, "prod": 0.88296346497840006, "target": 4, "value": 416.0, "supply": [{"l": "Olives", "v": 16.0}, {"l": "Sunflower seed", "v": 347.0}, {"l": "Cottonseed", "v": 7.0}, {"l": "Oilcrops, Other", "v": 24.0}, {"l": "Soyabeans", "v": 4.0}, {"l": "Rape and Mustardseed", "v": 18.0}]}, {"source": 19, "prod": 5.8975398580850698, "target": 5, "value": 8084.0, "supply": [{"l": "Nuts", "v": 41.0}, {"l": "Tomatoes", "v": 355.0}, {"l": "Treenuts", "v": 41.0}, {"l": "Vegetables, Other", "v": 1559.0}, {"l": "Peas", "v": 18.0}, {"l": "Grapes", "v": 1096.0}, {"l": "Pimento", "v": 12.0}, {"l": "Potatoes", "v": 2952.0}, {"l": "Beans", "v": 173.0}, {"l": "Apples", "v": 327.0}, {"l": "Spices, Other", "v": 2.0}, {"l": "Fruits, Other", "v": 1180.0}, {"l": "Oranges, Mandarines", "v": 2.0}, {"l": "Onions", "v": 251.0}, {"l": "Pulses, Other", "v": 75.0}]}, {"source": 19, "prod": 3.4413399934200002, "target": 6, "value": 2961.0, "supply": [{"l": "Sugar beet", "v": 2961.0}]}, {"source": 1, "prod": 1.0511095728998252, "target": 7, "value": 842.0, "supply": [{"l": "Pelagic Fish", "v": 387.0}, {"l": "Freshwater Fish", "v": 18.0}, {"l": "Molluscs, Other", "v": 2.0}, {"l": "Marine Fish, Other", "v": 1.0}, {"l": "Fish, Seafood", "v": 421.0}, {"l": "Demersal Fish", "v": 12.0}, {"l": "Cephalopods", "v": 1.0}]}, {"source": 1, "prod": 3.9360478415638176, "target": 2, "value": 4170.0, "supply": [{"l": "Poultry Meat", "v": 149.0}, {"l": "Pigmeat", "v": 641.0}, {"l": "Bovine Meat", "v": 243.0}, {"l": "Eggs", "v": 149.0}, {"l": "Milk - Excluding Butter", "v": 2867.0}, {"l": "Offals, Edible", "v": 75.0}, {"l": "Meat, Other", "v": 6.0}, {"l": "Mutton & Goat Meat", "v": 50.0}]}, {"source": 11, "prod": 4.0048527936603238, "target": 0, "value": 1907.0, "supply": [{"l": "Fats, Animals, Raw", "v": 284.0}, {"l": "Beverages, Fermented", "v": 6.0}, {"l": "Fish, Body Oil", "v": 1.0}, {"l": "Beer", "v": 840.0}, {"l": "Beverages, Alcoholic", "v": 133.0}, {"l": "Cream", "v": 6.0}, {"l": "Butter, Ghee", "v": 19.0}, {"l": "Wine", "v": 618.0}]}, {"source": 11, "prod": 3.0745861897417859, "target": 10, "value": 298.0, "supply": [{"l": "Olive Oil", "v": 5.0}, {"l": "Sesameseed Oil", "v": 1.0}, {"l": "Soyabean Oil", "v": 129.0}, {"l": "Coconut Oil", "v": 1.0}, {"l": "Rape and Mustard Oil", "v": 4.0}, {"l": "Maize Germ Oil", "v": 11.0}, {"l": "Groundnut Oil", "v": 1.0}, {"l": "Cottonseed Oil", "v": 1.0}, {"l": "Oilcrops Oil, Other", "v": 25.0}, {"l": "Sunflowerseed Oil", "v": 120.0}]}, {"source": 11, "prod": 2.5840370600947247, "target": 9, "value": 629.0, "supply": [{"l": "Honey", "v": 6.0}, {"l": "Sweeteners, Other", "v": 8.0}, {"l": "Sugar", "v": 615.0}]}]}