{"nodes": [{"layer": 5, "name": "Sunflower seed"}, {"layer": 10, "name": "Feed", "fill": "#dbdb8d"}, {"layer": 5, "name": "Maize"}, {"layer": 5, "name": "Rye"}, {"layer": 5, "name": "Wheat"}, {"layer": 5, "name": "Oats"}, {"layer": 5, "name": "Potatoes"}, {"layer": 5, "name": "Vegetables, Other"}, {"layer": 5, "name": "Millet"}, {"layer": 13, "name": "Milk - Excluding Butter"}, {"layer": 13, "name": "Pelagic Fish"}, {"layer": 5, "name": "Beans"}, {"layer": 5, "name": "Barley"}, {"layer": 13, "name": "Fish, Seafood"}, {"layer": 5, "name": "Sugar beet"}, {"layer": 5, "name": "Sorghum"}, {"layer": 5, "name": "Cereals, Other"}, {"layer": 5, "name": "Tomatoes"}, {"layer": 5, "name": "Pulses, Other"}, {"layer": 16, "name": "Food", "fill": "#b5cf6b"}, {"layer": 5, "name": "Olives"}, {"layer": 5, "name": "Nuts"}, {"layer": 13, "name": "Sugar", "fill": "#d6616b"}, {"layer": 13, "name": "Maize Germ Oil"}, {"layer": 13, "name": "Beer"}, {"layer": 13, "name": "Groundnut Oil"}, {"layer": 13, "name": "Beverages, Alcoholic"}, {"layer": 5, "name": "Cocoa Beans"}, {"layer": 13, "name": "Honey"}, {"layer": 5, "name": "Rice"}, {"layer": 13, "name": "Butter, Ghee"}, {"layer": 13, "name": "Fats, Animals, Raw"}, {"layer": 5, "name": "Pepper"}, {"layer": 13, "name": "Soyabean Oil"}, {"layer": 5, "name": "Treenuts"}, {"layer": 13, "name": "Crustaceans"}, {"layer": 13, "name": "Eggs"}, {"layer": 5, "name": "Peas"}, {"layer": 13, "name": "Marine Fish, Other"}, {"layer": 5, "name": "Grapes"}, {"layer": 5, "name": "Pimento"}, {"layer": 5, "name": "Rape and Mustardseed"}, {"layer": 13, "name": "Wine"}, {"layer": 13, "name": "Sunflowerseed Oil"}, {"layer": 13, "name": "Olive Oil"}, {"layer": 13, "name": "Pigmeat"}, {"layer": 13, "name": "Freshwater Fish"}, {"layer": 5, "name": "Coffee"}, {"layer": 13, "name": "Rape and Mustard Oil"}, {"layer": 13, "name": "Sesameseed Oil"}, {"layer": 5, "name": "Apples"}, {"layer": 13, "name": "Meat, Other"}, {"layer": 5, "name": "Lemons, Limes"}, {"layer": 13, "name": "Mutton & Goat Meat"}, {"layer": 5, "name": "Bananas"}, {"layer": 13, "name": "Beverages, Fermented"}, {"layer": 13, "name": "Bovine Meat"}, {"layer": 5, "name": "Fruits, Other"}, {"layer": 13, "name": "Molluscs, Other"}, {"layer": 13, "name": "Poultry Meat"}, {"layer": 13, "name": "Offals, Edible"}, {"layer": 5, "name": "Grapefruit"}, {"layer": 13, "name": "Demersal Fish"}, {"layer": 5, "name": "Oranges, Mandarines"}, {"layer": 5, "name": "Tea"}, {"layer": 5, "name": "Onions"}, {"layer": 13, "name": "Cream"}, {"layer": 10, "name": "Processing", "fill": "#9edae5"}, {"layer": 5, "name": "Soyabeans"}, {"layer": 5, "name": "Sesame seed"}, {"layer": 5, "name": "Groundnuts"}, {"layer": 5, "name": "Oilcrops, Other"}, {"layer": 13, "name": "Oilcrops Oil, Other"}, {"layer": 16, "name": "Biofuels & Other", "fill": "#e7ba52"}, {"layer": 13, "name": "Sweeteners, Other"}, {"layer": 13, "name": "Coconut Oil"}, {"layer": 13, "name": "Palm Oil"}, {"name": "Waste", "fill": "#c7c7c7"}, {"layer": 2, "name": "Import", "fill": "#aec7e8"}, {"layer": 5, "name": "Pineapples"}, {"layer": 16, "name": "Export", "fill": "#aec7e8"}, {"layer": 5, "name": "Infant food"}, {"layer": 5, "name": "Spices, Other"}, {"layer": 0, "name": "Stock Draw", "fill": "#c7c7c7"}, {"layer": 16, "name": "Stock Deposit", "fill": "#c7c7c7"}, {"layer": 2, "name": "Electricity", "fill": "#bcbd22"}, {"layer": 5, "name": "Cottonseed"}, {"layer": 0, "name": "Fossil Fuels", "fill": "#c49c94"}, {"layer": 0, "name": "Renewables & Nuclear", "fill": "#2ca02c"}, {"layer": 2, "name": "Fertilizers", "fill": "#c5b0d5"}, {"layer": 0, "name": "Labor", "fill": "#7f7f7f"}], "links": [{"source": 0, "prod": 44.0, "target": 1, "value": 0.15565061081350001, "supply": [{"l": "Sunflower seed", "v": 0.15565061081350001}]}, {"source": 2, "prod": 8131.0, "target": 1, "value": 30.948382040733918, "supply": [{"l": "Maize", "v": 30.948382040733918}]}, {"source": 3, "prod": 6.0, "target": 1, "value": 0.017676410060839115, "supply": [{"l": "Rye", "v": 0.017676410060839115}]}, {"source": 4, "prod": 900.0, "target": 1, "value": 2.8064919802672481, "supply": [{"l": "Wheat", "v": 2.8064919802672481}]}, {"source": 5, "prod": 230.0, "target": 1, "value": 0.7823348008545673, "supply": [{"l": "Oats", "v": 0.7823348008545673}]}, {"source": 6, "prod": 572.0, "target": 1, "value": 0.44611671130798419, "supply": [{"l": "Potatoes", "v": 0.44611671130798419}]}, {"source": 7, "prod": 207.0, "target": 1, "value": 0.053363468521448382, "supply": [{"l": "Vegetables, Other", "v": 0.053363468521448382}]}, {"source": 8, "prod": 1.0, "target": 1, "value": 0.0034014556558894233, "supply": [{"l": "Millet", "v": 0.0034014556558894233}]}, {"source": 9, "prod": 796.0, "target": 1, "value": 0.50816921977165885, "supply": [{"l": "Milk - Excluding Butter", "v": 0.50816921977165885}]}, {"source": 10, "prod": 393.0, "target": 1, "value": 0.52407064297701045, "supply": [{"l": "Pelagic Fish", "v": 0.52407064297701045}]}, {"source": 11, "prod": 9.0, "target": 1, "value": 0.035179696065331501, "supply": [{"l": "Beans", "v": 0.035179696065331501}]}, {"source": 12, "prod": 420.0, "target": 1, "value": 1.4857558304925, "supply": [{"l": "Barley", "v": 1.4857558304925}]}, {"source": 13, "prod": 393.0, "target": 1, "value": 0.40814472093214682, "supply": [{"l": "Fish, Seafood", "v": 0.40814472093214682}]}, {"source": 14, "prod": 125.0, "target": 1, "value": 0.14527777750000001, "supply": [{"l": "Sugar beet", "v": 0.14527777750000001}]}, {"source": 15, "prod": 12.0, "target": 1, "value": 0.040817467870673071, "supply": [{"l": "Sorghum", "v": 0.040817467870673071}]}, {"source": 16, "prod": 9.0, "target": 1, "value": 0.029388576866884616, "supply": [{"l": "Cereals, Other", "v": 0.029388576866884616}]}, {"source": 17, "prod": 5.0, "target": 1, "value": 0.0010725155782086912, "supply": [{"l": "Tomatoes", "v": 0.0010725155782086912}]}, {"source": 18, "prod": 38.0, "target": 1, "value": 0.12408510232684616, "supply": [{"l": "Pulses, Other", "v": 0.12408510232684616}]}, {"source": 2, "prod": 555.0, "target": 19, "value": 2.1124525928677067, "supply": [{"l": "Maize", "v": 2.1124525928677067}]}, {"source": 20, "prod": 1.0, "target": 19, "value": 0.0017687569410625001, "supply": [{"l": "Olives", "v": 0.0017687569410625001}]}, {"source": 3, "prod": 69.0, "target": 19, "value": 0.20327871569964984, "supply": [{"l": "Rye", "v": 0.20327871569964984}]}, {"source": 21, "prod": 52.0, "target": 19, "value": 0.13739058065016599, "supply": [{"l": "Nuts", "v": 0.13739058065016599}]}, {"source": 22, "prod": 822.0, "target": 19, "value": 3.3952949739416733, "supply": [{"l": "Sugar", "v": 3.3952949739416733}]}, {"source": 23, "prod": 13.0, "target": 19, "value": 0.13320569514760344, "supply": [{"l": "Maize Germ Oil", "v": 0.13320569514760344}]}, {"source": 24, "prod": 1084.0, "target": 19, "value": 0.61822151569514616, "supply": [{"l": "Beer", "v": 0.61822151569514616}]}, {"source": 25, "prod": 3.0, "target": 19, "value": 0.031837624939125002, "supply": [{"l": "Groundnut Oil", "v": 0.031837624939125002}]}, {"source": 26, "prod": 99.0, "target": 19, "value": 0.34025155405401863, "supply": [{"l": "Beverages, Alcoholic", "v": 0.34025155405401863}]}, {"source": 12, "prod": 13.0, "target": 19, "value": 0.045987680467625004, "supply": [{"l": "Barley", "v": 0.045987680467625004}]}, {"source": 27, "prod": 10.0, "target": 19, "value": 0.0088437847053125015, "supply": [{"l": "Cocoa Beans", "v": 0.0088437847053125015}]}, {"source": 28, "prod": 10.0, "target": 19, "value": 0.036913188335217402, "supply": [{"l": "Honey", "v": 0.036913188335217402}]}, {"source": 29, "prod": 37.0, "target": 19, "value": 0.14782646246244707, "supply": [{"l": "Rice", "v": 0.14782646246244707}]}, {"source": 30, "prod": 11.0, "target": 19, "value": 0.091559182831470576, "supply": [{"l": "Butter, Ghee", "v": 0.091559182831470576}]}, {"source": 17, "prod": 430.0, "target": 19, "value": 0.092236339725947442, "supply": [{"l": "Tomatoes", "v": 0.092236339725947442}]}, {"source": 31, "prod": 295.0, "target": 19, "value": 2.5174699307534927, "supply": [{"l": "Fats, Animals, Raw", "v": 2.5174699307534927}]}, {"source": 32, "prod": 2.0, "target": 19, "value": 0.010612541646375, "supply": [{"l": "Pepper", "v": 0.010612541646375}]}, {"source": 4, "prod": 4146.0, "target": 19, "value": 12.928573055764456, "supply": [{"l": "Wheat", "v": 12.928573055764456}]}, {"source": 33, "prod": 68.0, "target": 19, "value": 0.70540984216676517, "supply": [{"l": "Soyabean Oil", "v": 0.70540984216676517}]}, {"source": 34, "prod": 52.0, "target": 19, "value": 0.13854029262213391, "supply": [{"l": "Treenuts", "v": 0.13854029262213391}]}, {"source": 35, "prod": 2.0, "target": 19, "value": 0.0020770723711559633, "supply": [{"l": "Crustaceans", "v": 0.0020770723711559633}]}, {"source": 36, "prod": 210.0, "target": 19, "value": 0.3414469921007609, "supply": [{"l": "Eggs", "v": 0.3414469921007609}]}, {"source": 7, "prod": 1504.0, "target": 19, "value": 0.38772297901574093, "supply": [{"l": "Vegetables, Other", "v": 0.38772297901574093}]}, {"source": 37, "prod": 14.0, "target": 19, "value": 0.054027484745181827, "supply": [{"l": "Peas", "v": 0.054027484745181827}]}, {"source": 38, "prod": 1.0, "target": 19, "value": 0.00093640073350367652, "supply": [{"l": "Marine Fish, Other", "v": 0.00093640073350367652}]}, {"source": 39, "prod": 112.0, "target": 19, "value": 0.083410853641684213, "supply": [{"l": "Grapes", "v": 0.083410853641684213}]}, {"source": 40, "prod": 5.0, "target": 19, "value": 0.0169800666342, "supply": [{"l": "Pimento", "v": 0.0169800666342}]}, {"source": 41, "prod": 4.0, "target": 19, "value": 0.0046488888800000003, "supply": [{"l": "Rape and Mustardseed", "v": 0.0046488888800000003}]}, {"source": 42, "prod": 633.0, "target": 19, "value": 0.50752147997052965, "supply": [{"l": "Wine", "v": 0.50752147997052965}]}, {"source": 43, "prod": 133.0, "target": 19, "value": 1.3631143214828418, "supply": [{"l": "Sunflowerseed Oil", "v": 1.3631143214828418}]}, {"source": 44, "prod": 7.0, "target": 19, "value": 0.074287791524625002, "supply": [{"l": "Olive Oil", "v": 0.074287791524625002}]}, {"source": 45, "prod": 737.0, "target": 19, "value": 1.1628340322898822, "supply": [{"l": "Pigmeat", "v": 1.1628340322898822}]}, {"source": 16, "prod": 3.0, "target": 19, "value": 0.0097961922889615374, "supply": [{"l": "Cereals, Other", "v": 0.0097961922889615374}]}, {"source": 6, "prod": 1325.0, "target": 19, "value": 1.0333997246207678, "supply": [{"l": "Potatoes", "v": 1.0333997246207678}]}, {"source": 46, "prod": 22.0, "target": 19, "value": 0.018866740704666665, "supply": [{"l": "Freshwater Fish", "v": 0.018866740704666665}]}, {"source": 47, "prod": 25.0, "target": 19, "value": 0.0093916297755530995, "supply": [{"l": "Coffee", "v": 0.0093916297755530995}]}, {"source": 48, "prod": 22.0, "target": 19, "value": 0.21479784292263002, "supply": [{"l": "Rape and Mustard Oil", "v": 0.21479784292263002}]}, {"source": 9, "prod": 3773.0, "target": 19, "value": 2.4086965655759656, "supply": [{"l": "Milk - Excluding Butter", "v": 2.4086965655759656}]}, {"source": 49, "prod": 1.0, "target": 19, "value": 0.02122508329275, "supply": [{"l": "Sesameseed Oil", "v": 0.02122508329275}]}, {"source": 11, "prod": 118.0, "target": 19, "value": 0.46124490396767959, "supply": [{"l": "Beans", "v": 0.46124490396767959}]}, {"source": 50, "prod": 193.0, "target": 19, "value": 0.1109645438058894, "supply": [{"l": "Apples", "v": 0.1109645438058894}]}, {"source": 13, "prod": 71.0, "target": 19, "value": 0.0737360691760367, "supply": [{"l": "Fish, Seafood", "v": 0.0737360691760367}]}, {"source": 51, "prod": 2.0, "target": 19, "value": 0.0022946035992162162, "supply": [{"l": "Meat, Other", "v": 0.0022946035992162162}]}, {"source": 52, "prod": 41.0, "target": 19, "value": 0.0093072557754304841, "supply": [{"l": "Lemons, Limes", "v": 0.0093072557754304841}]}, {"source": 53, "prod": 50.0, "target": 19, "value": 0.1384244562570652, "supply": [{"l": "Mutton & Goat Meat", "v": 0.1384244562570652}]}, {"source": 10, "prod": 41.0, "target": 19, "value": 0.05467403654467539, "supply": [{"l": "Pelagic Fish", "v": 0.05467403654467539}]}, {"source": 54, "prod": 11.0, "target": 19, "value": 0.0097281631758437508, "supply": [{"l": "Bananas", "v": 0.0097281631758437508}]}, {"source": 55, "prod": 5.0, "target": 19, "value": 0.0032078211525566752, "supply": [{"l": "Beverages, Fermented", "v": 0.0032078211525566752}]}, {"source": 56, "prod": 333.0, "target": 19, "value": 0.41576192567563242, "supply": [{"l": "Bovine Meat", "v": 0.41576192567563242}]}, {"source": 57, "prod": 763.0, "target": 19, "value": 0.47998085193681911, "supply": [{"l": "Fruits, Other", "v": 0.47998085193681911}]}, {"source": 58, "prod": 1.0, "target": 19, "value": 0.0010385361855779816, "supply": [{"l": "Molluscs, Other", "v": 0.0010385361855779816}]}, {"source": 59, "prod": 247.0, "target": 19, "value": 0.36060181192074209, "supply": [{"l": "Poultry Meat", "v": 0.36060181192074209}]}, {"source": 60, "prod": 79.0, "target": 19, "value": 0.10218613507700694, "supply": [{"l": "Offals, Edible", "v": 0.10218613507700694}]}, {"source": 61, "prod": 8.0, "target": 19, "value": 0.0048160656081516155, "supply": [{"l": "Grapefruit", "v": 0.0048160656081516155}]}, {"source": 62, "prod": 4.0, "target": 19, "value": 0.0036018323163454552, "supply": [{"l": "Demersal Fish", "v": 0.0036018323163454552}]}, {"source": 63, "prod": 75.0, "target": 19, "value": 0.02760487711484827, "supply": [{"l": "Oranges, Mandarines", "v": 0.02760487711484827}]}, {"source": 64, "prod": 2.0, "target": 19, "value": 0.0012600436615533739, "supply": [{"l": "Tea", "v": 0.0012600436615533739}]}, {"source": 18, "prod": 3.0, "target": 19, "value": 0.0097961922889615374, "supply": [{"l": "Pulses, Other", "v": 0.0097961922889615374}]}, {"source": 65, "prod": 294.0, "target": 19, "value": 0.13836307068888026, "supply": [{"l": "Onions", "v": 0.13836307068888026}]}, {"source": 66, "prod": 13.0, "target": 19, "value": 0.027592608280575002, "supply": [{"l": "Cream", "v": 0.027592608280575002}]}, {"source": 0, "prod": 248.0, "target": 67, "value": 0.87730344276700012, "supply": [{"l": "Sunflower seed", "v": 0.87730344276700012}]}, {"source": 2, "prod": 119.0, "target": 67, "value": 0.4529402856779407, "supply": [{"l": "Maize", "v": 0.4529402856779407}]}, {"source": 20, "prod": 3.0, "target": 67, "value": 0.0053062708231875, "supply": [{"l": "Olives", "v": 0.0053062708231875}]}, {"source": 31, "prod": 29.0, "target": 67, "value": 0.24748009488763148, "supply": [{"l": "Fats, Animals, Raw", "v": 0.24748009488763148}]}, {"source": 68, "prod": 392.0, "target": 67, "value": 1.5127695728650912, "supply": [{"l": "Soyabeans", "v": 1.5127695728650912}]}, {"source": 6, "prod": 23.0, "target": 67, "value": 0.017938259370775589, "supply": [{"l": "Potatoes", "v": 0.017938259370775589}]}, {"source": 7, "prod": 237.0, "target": 67, "value": 0.061097304539049595, "supply": [{"l": "Vegetables, Other", "v": 0.061097304539049595}]}, {"source": 57, "prod": 531.0, "target": 67, "value": 0.33403647756022403, "supply": [{"l": "Fruits, Other", "v": 0.33403647756022403}]}, {"source": 69, "prod": 1.0, "target": 67, "value": 0.007718212106454546, "supply": [{"l": "Sesame seed", "v": 0.007718212106454546}]}, {"source": 9, "prod": 6.0, "target": 67, "value": 0.0038304212545602423, "supply": [{"l": "Milk - Excluding Butter", "v": 0.0038304212545602423}]}, {"source": 41, "prod": 76.0, "target": 67, "value": 0.088328888719999998, "supply": [{"l": "Rape and Mustardseed", "v": 0.088328888719999998}]}, {"source": 12, "prod": 265.0, "target": 67, "value": 0.93744117876312505, "supply": [{"l": "Barley", "v": 0.93744117876312505}]}, {"source": 39, "prod": 1508.0, "target": 67, "value": 1.1230675651041053, "supply": [{"l": "Grapes", "v": 1.1230675651041053}]}, {"source": 70, "prod": 6.0, "target": 67, "value": 0.037143895762312501, "supply": [{"l": "Groundnuts", "v": 0.037143895762312501}]}, {"source": 14, "prod": 5598.0, "target": 67, "value": 6.5061199875600009, "supply": [{"l": "Sugar beet", "v": 6.5061199875600009}]}, {"source": 71, "prod": 13.0, "target": 67, "value": 0.078836023658785725, "supply": [{"l": "Oilcrops, Other", "v": 0.078836023658785725}]}, {"source": 72, "prod": 1.0, "target": 67, "value": 0.0096477651330681823, "supply": [{"l": "Oilcrops Oil, Other", "v": 0.0096477651330681823}]}, {"source": 50, "prod": 147.0, "target": 67, "value": 0.084517035955781042, "supply": [{"l": "Apples", "v": 0.084517035955781042}]}, {"source": 2, "prod": 157.0, "target": 73, "value": 0.59757667942383774, "supply": [{"l": "Maize", "v": 0.59757667942383774}]}, {"source": 74, "prod": 21.0, "target": 73, "value": 0.080070673499595804, "supply": [{"l": "Sweeteners, Other", "v": 0.080070673499595804}]}, {"source": 4, "prod": 19.0, "target": 73, "value": 0.05924816402786412, "supply": [{"l": "Wheat", "v": 0.05924816402786412}]}, {"source": 33, "prod": 11.0, "target": 73, "value": 0.11411041564462381, "supply": [{"l": "Soyabean Oil", "v": 0.11411041564462381}]}, {"source": 31, "prod": 50.0, "target": 73, "value": 0.42668981877177836, "supply": [{"l": "Fats, Animals, Raw", "v": 0.42668981877177836}]}, {"source": 72, "prod": 11.0, "target": 73, "value": 0.10612541646375, "supply": [{"l": "Oilcrops Oil, Other", "v": 0.10612541646375}]}, {"source": 75, "prod": 1.0, "target": 73, "value": 0.010373674149511253, "supply": [{"l": "Coconut Oil", "v": 0.010373674149511253}]}, {"source": 45, "prod": 25.0, "target": 73, "value": 0.039444845057323014, "supply": [{"l": "Pigmeat", "v": 0.039444845057323014}]}, {"source": 48, "prod": 7.0, "target": 73, "value": 0.068344768202655018, "supply": [{"l": "Rape and Mustard Oil", "v": 0.068344768202655018}]}, {"source": 9, "prod": 10.0, "target": 73, "value": 0.0063840354242670691, "supply": [{"l": "Milk - Excluding Butter", "v": 0.0063840354242670691}]}, {"source": 24, "prod": 43.0, "target": 73, "value": 0.024523547209309302, "supply": [{"l": "Beer", "v": 0.024523547209309302}]}, {"source": 26, "prod": 10.0, "target": 73, "value": 0.034368843843840258, "supply": [{"l": "Beverages, Alcoholic", "v": 0.034368843843840258}]}, {"source": 71, "prod": 2.0, "target": 73, "value": 0.012128619024428572, "supply": [{"l": "Oilcrops, Other", "v": 0.012128619024428572}]}, {"source": 76, "prod": 1.0, "target": 73, "value": 0.010325716196472974, "supply": [{"l": "Palm Oil", "v": 0.010325716196472974}]}, {"source": 60, "prod": 4.0, "target": 73, "value": 0.0051739815228864271, "supply": [{"l": "Offals, Edible", "v": 0.0051739815228864271}]}, {"source": 43, "prod": 12.0, "target": 73, "value": 0.12298775832927897, "supply": [{"l": "Sunflowerseed Oil", "v": 0.12298775832927897}]}, {"source": 0, "prod": 1.0, "target": 0, "value": 0.0035375138821250002, "supply": [{"l": "Sunflower seed", "v": 0.0035375138821250002}]}, {"source": 2, "prod": 106.0, "target": 2, "value": 0.40345941413329178, "supply": [{"l": "Maize", "v": 0.40345941413329178}]}, {"source": 4, "prod": 441.0, "target": 4, "value": 1.3751810703309517, "supply": [{"l": "Wheat", "v": 1.3751810703309517}]}, {"source": 5, "prod": 28.0, "target": 5, "value": 0.095240758364903866, "supply": [{"l": "Oats", "v": 0.095240758364903866}]}, {"source": 68, "prod": 4.0, "target": 68, "value": 0.015436424212909092, "supply": [{"l": "Soyabeans", "v": 0.015436424212909092}]}, {"source": 6, "prod": 544.0, "target": 6, "value": 0.42427883033486613, "supply": [{"l": "Potatoes", "v": 0.42427883033486613}]}, {"source": 36, "prod": 20.0, "target": 36, "value": 0.032518761152453425, "supply": [{"l": "Eggs", "v": 0.032518761152453425}]}, {"source": 3, "prod": 7.0, "target": 3, "value": 0.020622478404312302, "supply": [{"l": "Rye", "v": 0.020622478404312302}]}, {"source": 37, "prod": 1.0, "target": 37, "value": 0.003859106053227273, "supply": [{"l": "Peas", "v": 0.003859106053227273}]}, {"source": 11, "prod": 12.0, "target": 11, "value": 0.046906261420441991, "supply": [{"l": "Beans", "v": 0.046906261420441991}]}, {"source": 12, "prod": 51.0, "target": 12, "value": 0.18041320798837501, "supply": [{"l": "Barley", "v": 0.18041320798837501}]}, {"source": 29, "prod": 1.0, "target": 29, "value": 0.0039953097962823533, "supply": [{"l": "Rice", "v": 0.0039953097962823533}]}, {"source": 16, "prod": 1.0, "target": 16, "value": 0.0032653974296538461, "supply": [{"l": "Cereals, Other", "v": 0.0032653974296538461}]}, {"source": 0, "prod": 9.0, "target": 77, "value": 0.031837624939125002, "supply": [{"l": "Sunflower seed", "v": 0.031837624939125002}]}, {"source": 2, "prod": 1030.0, "target": 77, "value": 3.9204075146914206, "supply": [{"l": "Maize", "v": 3.9204075146914206}]}, {"source": 3, "prod": 2.0, "target": 77, "value": 0.0058921366869463723, "supply": [{"l": "Rye", "v": 0.0058921366869463723}]}, {"source": 4, "prod": 123.0, "target": 77, "value": 0.38355390396985728, "supply": [{"l": "Wheat", "v": 0.38355390396985728}]}, {"source": 63, "prod": 1.0, "target": 77, "value": 0.00036806502819797693, "supply": [{"l": "Oranges, Mandarines", "v": 0.00036806502819797693}]}, {"source": 5, "prod": 3.0, "target": 77, "value": 0.010204366967668268, "supply": [{"l": "Oats", "v": 0.010204366967668268}]}, {"source": 68, "prod": 3.0, "target": 77, "value": 0.011577318159681819, "supply": [{"l": "Soyabeans", "v": 0.011577318159681819}]}, {"source": 6, "prod": 270.0, "target": 77, "value": 0.21057956652649604, "supply": [{"l": "Potatoes", "v": 0.21057956652649604}]}, {"source": 7, "prod": 118.0, "target": 77, "value": 0.030419755002564778, "supply": [{"l": "Vegetables, Other", "v": 0.030419755002564778}]}, {"source": 57, "prod": 43.0, "target": 77, "value": 0.027050034906006847, "supply": [{"l": "Fruits, Other", "v": 0.027050034906006847}]}, {"source": 9, "prod": 250.0, "target": 77, "value": 0.15960088560667673, "supply": [{"l": "Milk - Excluding Butter", "v": 0.15960088560667673}]}, {"source": 24, "prod": 25.0, "target": 77, "value": 0.014257876284482154, "supply": [{"l": "Beer", "v": 0.014257876284482154}]}, {"source": 11, "prod": 2.0, "target": 77, "value": 0.0078177102367403325, "supply": [{"l": "Beans", "v": 0.0078177102367403325}]}, {"source": 50, "prod": 158.0, "target": 77, "value": 0.090841440006893925, "supply": [{"l": "Apples", "v": 0.090841440006893925}]}, {"source": 39, "prod": 42.0, "target": 77, "value": 0.03127907011563158, "supply": [{"l": "Grapes", "v": 0.03127907011563158}]}, {"source": 18, "prod": 1.0, "target": 77, "value": 0.0032653974296538461, "supply": [{"l": "Pulses, Other", "v": 0.0032653974296538461}]}, {"source": 41, "prod": 2.0, "target": 77, "value": 0.0023244444400000001, "supply": [{"l": "Rape and Mustardseed", "v": 0.0023244444400000001}]}, {"source": 42, "prod": 4.0, "target": 77, "value": 0.00320708676126717, "supply": [{"l": "Wine", "v": 0.00320708676126717}]}, {"source": 65, "prod": 16.0, "target": 77, "value": 0.0075299630306873621, "supply": [{"l": "Onions", "v": 0.0075299630306873621}]}, {"source": 17, "prod": 34.0, "target": 77, "value": 0.0072931059318191013, "supply": [{"l": "Tomatoes", "v": 0.0072931059318191013}]}, {"source": 12, "prod": 13.0, "target": 77, "value": 0.045987680467625004, "supply": [{"l": "Barley", "v": 0.045987680467625004}]}, {"source": 78, "prod": 2.0, "target": 32, "value": 0.010612541646375, "supply": [{"l": "Pepper", "v": 0.010612541646375}]}, {"source": 78, "prod": 41.0, "target": 52, "value": 0.0093072557754304841, "supply": [{"l": "Lemons, Limes", "v": 0.0093072557754304841}]}, {"source": 78, "prod": 7.0, "target": 34, "value": 0.018649654776056485, "supply": [{"l": "Treenuts", "v": 0.018649654776056485}]}, {"source": 78, "prod": 2.0, "target": 64, "value": 0.0012600436615533739, "supply": [{"l": "Tea", "v": 0.0012600436615533739}]}, {"source": 78, "prod": 32.0, "target": 29, "value": 0.1278499134810353, "supply": [{"l": "Rice", "v": 0.1278499134810353}]}, {"source": 78, "prod": 830.0, "target": 4, "value": 2.5882092706909066, "supply": [{"l": "Wheat", "v": 2.5882092706909066}]}, {"source": 78, "prod": 52.0, "target": 14, "value": 0.060435555440000004, "supply": [{"l": "Sugar beet", "v": 0.060435555440000004}]}, {"source": 78, "prod": 14.0, "target": 12, "value": 0.049525194349750008, "supply": [{"l": "Barley", "v": 0.049525194349750008}]}, {"source": 78, "prod": 8.0, "target": 61, "value": 0.0048160656081516155, "supply": [{"l": "Grapefruit", "v": 0.0048160656081516155}]}, {"source": 78, "prod": 25.0, "target": 47, "value": 0.0093916297755530995, "supply": [{"l": "Coffee", "v": 0.0093916297755530995}]}, {"source": 78, "prod": 10.0, "target": 0, "value": 0.035375138821250006, "supply": [{"l": "Sunflower seed", "v": 0.035375138821250006}]}, {"source": 78, "prod": 2.0, "target": 8, "value": 0.0068029113117788467, "supply": [{"l": "Millet", "v": 0.0068029113117788467}]}, {"source": 78, "prod": 7.0, "target": 16, "value": 0.022857782007576922, "supply": [{"l": "Cereals, Other", "v": 0.022857782007576922}]}, {"source": 78, "prod": 949.0, "target": 1, "value": 1.0963701655043059, "supply": [{"l": "Crustaceans", "v": 0.0020770723711559633}, {"l": "Eggs", "v": 0.0048778141728680127}, {"l": "Milk - Excluding Butter", "v": 0.037665809003175711}, {"l": "Pelagic Fish", "v": 0.56540954865713089}, {"l": "Fish, Seafood", "v": 0.4424164150562202}, {"l": "Offals, Edible", "v": 0.0064674769036080337}, {"l": "Bovine Meat", "v": 0.037456029340147065}]}, {"source": 78, "prod": 7.0, "target": 21, "value": 0.018494885856753112, "supply": [{"l": "Nuts", "v": 0.018494885856753112}]}, {"source": 78, "prod": 1.0, "target": 71, "value": 0.0060643095122142861, "supply": [{"l": "Oilcrops, Other", "v": 0.0060643095122142861}]}, {"source": 78, "prod": 13.0, "target": 27, "value": 0.011496920116906251, "supply": [{"l": "Cocoa Beans", "v": 0.011496920116906251}]}, {"source": 78, "prod": 68.0, "target": 63, "value": 0.025028421917462431, "supply": [{"l": "Oranges, Mandarines", "v": 0.025028421917462431}]}, {"source": 78, "prod": 1.0, "target": 79, "value": 0.00050838522856886227, "supply": [{"l": "Pineapples", "v": 0.00050838522856886227}]}, {"source": 78, "prod": 206.0, "target": 68, "value": 0.79497584696481827, "supply": [{"l": "Soyabeans", "v": 0.79497584696481827}]}, {"source": 78, "prod": 25.0, "target": 6, "value": 0.019498108011712596, "supply": [{"l": "Potatoes", "v": 0.019498108011712596}]}, {"source": 78, "prod": 4.0, "target": 65, "value": 0.0018824907576718405, "supply": [{"l": "Onions", "v": 0.0018824907576718405}]}, {"source": 78, "prod": 3.0, "target": 41, "value": 0.0034866666600000002, "supply": [{"l": "Rape and Mustardseed", "v": 0.0034866666600000002}]}, {"source": 78, "prod": 11.0, "target": 54, "value": 0.0097281631758437508, "supply": [{"l": "Bananas", "v": 0.0097281631758437508}]}, {"source": 78, "prod": 14.0, "target": 11, "value": 0.054723971657182319, "supply": [{"l": "Beans", "v": 0.054723971657182319}]}, {"source": 78, "prod": 1.0, "target": 69, "value": 0.007718212106454546, "supply": [{"l": "Sesame seed", "v": 0.007718212106454546}]}, {"source": 78, "prod": 143.0, "target": 67, "value": 1.1797155485975777, "supply": [{"l": "Sugar", "v": 0.15282957911902909}, {"l": "Butter, Ghee", "v": 0.02497068622676471}, {"l": "Fats, Animals, Raw", "v": 0.068270371003484542}, {"l": "Soyabean Oil", "v": 0.65354147141920893}, {"l": "Palm Oil", "v": 0.010325716196472974}, {"l": "Sunflowerseed Oil", "v": 0.19473061735469174}, {"l": "Coconut Oil", "v": 0.010373674149511253}, {"l": "Oilcrops Oil, Other", "v": 0.038591060532272729}, {"l": "Sweeteners, Other", "v": 0.0076257784285329346}, {"l": "Honey", "v": 0.018456594167608701}]}, {"source": 78, "prod": 7.0, "target": 39, "value": 0.0052131783526052633, "supply": [{"l": "Grapes", "v": 0.0052131783526052633}]}, {"source": 78, "prod": 386.0, "target": 2, "value": 1.4692012627872699, "supply": [{"l": "Maize", "v": 1.4692012627872699}]}, {"source": 78, "prod": 10.0, "target": 57, "value": 0.0062907057920946153, "supply": [{"l": "Fruits, Other", "v": 0.0062907057920946153}]}, {"source": 78, "prod": 6.0, "target": 70, "value": 0.037143895762312501, "supply": [{"l": "Groundnuts", "v": 0.037143895762312501}]}, {"source": 78, "prod": 1.0, "target": 18, "value": 0.0032653974296538461, "supply": [{"l": "Pulses, Other", "v": 0.0032653974296538461}]}, {"source": 2, "prod": 208.0, "target": 80, "value": 0.79169394471438381, "supply": [{"l": "Maize", "v": 0.79169394471438381}]}, {"source": 7, "prod": 53.0, "target": 80, "value": 0.013663110297762144, "supply": [{"l": "Vegetables, Other", "v": 0.013663110297762144}]}, {"source": 57, "prod": 138.0, "target": 80, "value": 0.086811739930905685, "supply": [{"l": "Fruits, Other", "v": 0.086811739930905685}]}, {"source": 22, "prod": 15.0, "target": 80, "value": 0.061957937480687474, "supply": [{"l": "Sugar", "v": 0.061957937480687474}]}, {"source": 24, "prod": 20.0, "target": 80, "value": 0.011406301027585724, "supply": [{"l": "Beer", "v": 0.011406301027585724}]}, {"source": 81, "prod": 1.0, "target": 80, "value": 0.0026421265509647307, "supply": [{"l": "Infant food", "v": 0.0026421265509647307}]}, {"source": 26, "prod": 4.0, "target": 80, "value": 0.013747537537536105, "supply": [{"l": "Beverages, Alcoholic", "v": 0.013747537537536105}]}, {"source": 12, "prod": 6.0, "target": 80, "value": 0.02122508329275, "supply": [{"l": "Barley", "v": 0.02122508329275}]}, {"source": 21, "prod": 2.0, "target": 80, "value": 0.0052842531019294614, "supply": [{"l": "Nuts", "v": 0.0052842531019294614}]}, {"source": 0, "prod": 1.0, "target": 80, "value": 0.0035375138821250002, "supply": [{"l": "Sunflower seed", "v": 0.0035375138821250002}]}, {"source": 31, "prod": 4.0, "target": 80, "value": 0.034135185501742271, "supply": [{"l": "Fats, Animals, Raw", "v": 0.034135185501742271}]}, {"source": 4, "prod": 44.0, "target": 80, "value": 0.13720627459084325, "supply": [{"l": "Wheat", "v": 0.13720627459084325}]}, {"source": 33, "prod": 7.0, "target": 80, "value": 0.072615719046578778, "supply": [{"l": "Soyabean Oil", "v": 0.072615719046578778}]}, {"source": 34, "prod": 2.0, "target": 80, "value": 0.0053284727931589958, "supply": [{"l": "Treenuts", "v": 0.0053284727931589958}]}, {"source": 36, "prod": 3.0, "target": 80, "value": 0.0048778141728680127, "supply": [{"l": "Eggs", "v": 0.0048778141728680127}]}, {"source": 27, "prod": 2.0, "target": 80, "value": 0.0017687569410625001, "supply": [{"l": "Cocoa Beans", "v": 0.0017687569410625001}]}, {"source": 17, "prod": 1.0, "target": 80, "value": 0.00021450311564173827, "supply": [{"l": "Tomatoes", "v": 0.00021450311564173827}]}, {"source": 39, "prod": 126.0, "target": 80, "value": 0.093837210346894739, "supply": [{"l": "Grapes", "v": 0.093837210346894739}]}, {"source": 40, "prod": 1.0, "target": 80, "value": 0.0033960133268400002, "supply": [{"l": "Pimento", "v": 0.0033960133268400002}]}, {"source": 71, "prod": 2.0, "target": 80, "value": 0.012128619024428572, "supply": [{"l": "Oilcrops, Other", "v": 0.012128619024428572}]}, {"source": 53, "prod": 5.0, "target": 80, "value": 0.013842445625706521, "supply": [{"l": "Mutton & Goat Meat", "v": 0.013842445625706521}]}, {"source": 43, "prod": 4.0, "target": 80, "value": 0.040995919443092992, "supply": [{"l": "Sunflowerseed Oil", "v": 0.040995919443092992}]}, {"source": 45, "prod": 49.0, "target": 80, "value": 0.077311896312353093, "supply": [{"l": "Pigmeat", "v": 0.077311896312353093}]}, {"source": 5, "prod": 2.0, "target": 80, "value": 0.0068029113117788467, "supply": [{"l": "Oats", "v": 0.0068029113117788467}]}, {"source": 6, "prod": 31.0, "target": 80, "value": 0.024177653934523619, "supply": [{"l": "Potatoes", "v": 0.024177653934523619}]}, {"source": 46, "prod": 5.0, "target": 80, "value": 0.0042878956146969694, "supply": [{"l": "Freshwater Fish", "v": 0.0042878956146969694}]}, {"source": 9, "prod": 9.0, "target": 80, "value": 0.0057456318818403631, "supply": [{"l": "Milk - Excluding Butter", "v": 0.0057456318818403631}]}, {"source": 50, "prod": 38.0, "target": 80, "value": 0.021847941267480814, "supply": [{"l": "Apples", "v": 0.021847941267480814}]}, {"source": 13, "prod": 29.0, "target": 80, "value": 0.030117549381761467, "supply": [{"l": "Fish, Seafood", "v": 0.030117549381761467}]}, {"source": 51, "prod": 7.0, "target": 80, "value": 0.0080311125972567562, "supply": [{"l": "Meat, Other", "v": 0.0080311125972567562}]}, {"source": 42, "prod": 155.0, "target": 80, "value": 0.12427461199910284, "supply": [{"l": "Wine", "v": 0.12427461199910284}]}, {"source": 10, "prod": 24.0, "target": 80, "value": 0.032004314074931942, "supply": [{"l": "Pelagic Fish", "v": 0.032004314074931942}]}, {"source": 82, "prod": 2.0, "target": 80, "value": 0.0070750277642500003, "supply": [{"l": "Spices, Other", "v": 0.0070750277642500003}]}, {"source": 56, "prod": 49.0, "target": 80, "value": 0.061178181255573533, "supply": [{"l": "Bovine Meat", "v": 0.061178181255573533}]}, {"source": 59, "prod": 35.0, "target": 80, "value": 0.051097422741805565, "supply": [{"l": "Poultry Meat", "v": 0.051097422741805565}]}, {"source": 60, "prod": 1.0, "target": 80, "value": 0.0012934953807216068, "supply": [{"l": "Offals, Edible", "v": 0.0012934953807216068}]}, {"source": 65, "prod": 10.0, "target": 80, "value": 0.004706226894179601, "supply": [{"l": "Onions", "v": 0.004706226894179601}]}, {"source": 83, "prod": 90.0, "target": 0, "value": 0.31837624939125003, "supply": [{"l": "Sunflower seed", "v": 0.31837624939125003}]}, {"source": 83, "prod": 104.0, "target": 6, "value": 0.081112129328724414, "supply": [{"l": "Potatoes", "v": 0.081112129328724414}]}, {"source": 83, "prod": 2.0, "target": 21, "value": 0.0052842531019294614, "supply": [{"l": "Nuts", "v": 0.0052842531019294614}]}, {"source": 11, "prod": 30.0, "target": 84, "value": 0.11726565355110498, "supply": [{"l": "Beans", "v": 0.11726565355110498}]}, {"source": 16, "prod": 1.0, "target": 84, "value": 0.0032653974296538461, "supply": [{"l": "Cereals, Other", "v": 0.0032653974296538461}]}, {"source": 42, "prod": 65.0, "target": 84, "value": 0.052115159870591524, "supply": [{"l": "Wine", "v": 0.052115159870591524}]}, {"source": 83, "prod": 48.0, "target": 1, "value": 0.037051110959318366, "supply": [{"l": "Milk - Excluding Butter", "v": 0.023620931069788159}, {"l": "Meat, Other", "v": 0.0034419053988243241}, {"l": "Bovine Meat", "v": 0.009988274490705884}]}, {"source": 83, "prod": 84.0, "target": 12, "value": 0.29715116609850001, "supply": [{"l": "Barley", "v": 0.29715116609850001}]}, {"source": 68, "prod": 5.0, "target": 84, "value": 0.019295530266136365, "supply": [{"l": "Soyabeans", "v": 0.019295530266136365}]}, {"source": 26, "prod": 30.0, "target": 84, "value": 0.1031065315315208, "supply": [{"l": "Beverages, Alcoholic", "v": 0.1031065315315208}]}, {"source": 8, "prod": 2.0, "target": 84, "value": 0.0068029113117788467, "supply": [{"l": "Millet", "v": 0.0068029113117788467}]}, {"source": 29, "prod": 21.0, "target": 84, "value": 0.08390150572192942, "supply": [{"l": "Rice", "v": 0.08390150572192942}]}, {"source": 57, "prod": 92.0, "target": 84, "value": 0.057874493287270463, "supply": [{"l": "Fruits, Other", "v": 0.057874493287270463}]}, {"source": 2, "prod": 1217.0, "target": 84, "value": 4.6321708207567562, "supply": [{"l": "Maize", "v": 4.6321708207567562}]}, {"source": 5, "prod": 6.0, "target": 84, "value": 0.020408733935336536, "supply": [{"l": "Oats", "v": 0.020408733935336536}]}, {"source": 24, "prod": 175.0, "target": 84, "value": 0.09980513399137507, "supply": [{"l": "Beer", "v": 0.09980513399137507}]}, {"source": 33, "prod": 44.0, "target": 84, "value": 0.45644166257849522, "supply": [{"l": "Soyabean Oil", "v": 0.45644166257849522}]}, {"source": 50, "prod": 210.0, "target": 84, "value": 0.12073862279397293, "supply": [{"l": "Apples", "v": 0.12073862279397293}]}, {"source": 83, "prod": 2.0, "target": 34, "value": 0.0053284727931589958, "supply": [{"l": "Treenuts", "v": 0.0053284727931589958}]}, {"source": 83, "prod": 129.0, "target": 67, "value": 0.69409935112776899, "supply": [{"l": "Olive Oil", "v": 0.063675249878250004}, {"l": "Sugar", "v": 0.42544450403405398}, {"l": "Sunflowerseed Oil", "v": 0.20497959721546496}]}, {"source": 53, "prod": 4.0, "target": 84, "value": 0.011073956500565217, "supply": [{"l": "Mutton & Goat Meat", "v": 0.011073956500565217}]}, {"source": 4, "prod": 375.0, "target": 84, "value": 1.1693716584446867, "supply": [{"l": "Wheat", "v": 1.1693716584446867}]}, {"source": 1, "prod": 282.0, "target": 59, "value": 0.41169923466254765, "supply": [{"l": "Poultry Meat", "v": 0.41169923466254765}]}, {"source": 1, "prod": 811.0, "target": 45, "value": 1.2795907736595584, "supply": [{"l": "Pigmeat", "v": 1.2795907736595584}]}, {"source": 1, "prod": 458.0, "target": 10, "value": 0.61074899359661783, "supply": [{"l": "Pelagic Fish", "v": 0.61074899359661783}]}, {"source": 1, "prod": 2.0, "target": 35, "value": 0.0020770723711559633, "supply": [{"l": "Crustaceans", "v": 0.0020770723711559633}]}, {"source": 1, "prod": 213.0, "target": 36, "value": 0.34632480627362894, "supply": [{"l": "Eggs", "v": 0.37884356742608238}]}, {"source": 1, "prod": 1.0, "target": 58, "value": 0.0010385361855779816, "supply": [{"l": "Molluscs, Other", "v": 0.0010385361855779816}]}, {"source": 1, "prod": 4844.0, "target": 9, "value": 3.0924267595149688, "supply": [{"l": "Milk - Excluding Butter", "v": 3.0924267595149688}]}, {"source": 1, "prod": 84.0, "target": 60, "value": 0.10865361198061498, "supply": [{"l": "Offals, Edible", "v": 0.10865361198061498}]}, {"source": 1, "prod": 1.0, "target": 38, "value": 0.00093640073350367652, "supply": [{"l": "Marine Fish, Other", "v": 0.00093640073350367652}]}, {"source": 1, "prod": 493.0, "target": 13, "value": 0.511998339489945, "supply": [{"l": "Fish, Seafood", "v": 0.511998339489945}]}, {"source": 1, "prod": 382.0, "target": 56, "value": 0.47694010693120592, "supply": [{"l": "Bovine Meat", "v": 0.47694010693120592}]}, {"source": 1, "prod": 4.0, "target": 62, "value": 0.0036018323163454552, "supply": [{"l": "Demersal Fish", "v": 0.0036018323163454552}]}, {"source": 1, "prod": 9.0, "target": 51, "value": 0.010325716196472972, "supply": [{"l": "Meat, Other", "v": 0.010325716196472972}]}, {"source": 1, "prod": 27.0, "target": 46, "value": 0.023154636319363636, "supply": [{"l": "Freshwater Fish", "v": 0.023154636319363636}]}, {"source": 1, "prod": 59.0, "target": 53, "value": 0.16334085838333695, "supply": [{"l": "Mutton & Goat Meat", "v": 0.16334085838333695}]}, {"source": 67, "prod": 7.0, "target": 44, "value": 0.074287791524625002, "supply": [{"l": "Olive Oil", "v": 0.074287791524625002}]}, {"source": 67, "prod": 378.0, "target": 31, "value": 3.225775029914645, "supply": [{"l": "Fats, Animals, Raw", "v": 3.225775029914645}]}, {"source": 67, "prod": 21.0, "target": 74, "value": 0.080070673499595804, "supply": [{"l": "Sweeteners, Other", "v": 0.080070673499595804}]}, {"source": 67, "prod": 1.0, "target": 49, "value": 0.02122508329275, "supply": [{"l": "Sesameseed Oil", "v": 0.02122508329275}]}, {"source": 67, "prod": 5.0, "target": 55, "value": 0.0032078211525566752, "supply": [{"l": "Beverages, Fermented", "v": 0.0032078211525566752}]}, {"source": 67, "prod": 130.0, "target": 33, "value": 1.348577639436463, "supply": [{"l": "Soyabean Oil", "v": 1.348577639436463}]}, {"source": 67, "prod": 1.0, "target": 75, "value": 0.010373674149511253, "supply": [{"l": "Coconut Oil", "v": 0.010373674149511253}]}, {"source": 67, "prod": 837.0, "target": 22, "value": 3.4572529114223607, "supply": [{"l": "Sugar", "v": 3.4572529114223607}]}, {"source": 67, "prod": 10.0, "target": 28, "value": 0.036913188335217402, "supply": [{"l": "Honey", "v": 0.036913188335217402}]}, {"source": 67, "prod": 13.0, "target": 23, "value": 0.13320569514760344, "supply": [{"l": "Maize Germ Oil", "v": 0.13320569514760344}]}, {"source": 67, "prod": 1347.0, "target": 24, "value": 0.7682143742078984, "supply": [{"l": "Beer", "v": 0.7682143742078984}]}, {"source": 67, "prod": 3.0, "target": 25, "value": 0.031837624939125002, "supply": [{"l": "Groundnut Oil", "v": 0.031837624939125002}]}, {"source": 67, "prod": 143.0, "target": 26, "value": 0.49147446696691577, "supply": [{"l": "Beverages, Alcoholic", "v": 0.49147446696691577}]}, {"source": 67, "prod": 149.0, "target": 43, "value": 1.5270979992552136, "supply": [{"l": "Sunflowerseed Oil", "v": 1.5270979992552136}]}, {"source": 67, "prod": 1.0, "target": 76, "value": 0.010325716196472974, "supply": [{"l": "Palm Oil", "v": 0.010325716196472974}]}, {"source": 67, "prod": 13.0, "target": 66, "value": 0.027592608280575002, "supply": [{"l": "Cream", "v": 0.027592608280575002}]}, {"source": 67, "prod": 12.0, "target": 72, "value": 0.11577318159681818, "supply": [{"l": "Oilcrops Oil, Other", "v": 0.11577318159681818}]}, {"source": 67, "prod": 29.0, "target": 48, "value": 0.28314261112528505, "supply": [{"l": "Rape and Mustard Oil", "v": 0.28314261112528505}]}, {"source": 67, "prod": 11.0, "target": 30, "value": 0.091559182831470576, "supply": [{"l": "Butter, Ghee", "v": 0.091559182831470576}]}, {"source": 67, "prod": 857.0, "target": 42, "value": 0.68711833860149119, "supply": [{"l": "Wine", "v": 0.68711833860149119}]}, {"source": 85, "prod": 0, "target": 2, "value": 0.020277031758889501, "supply": "[{\"l\":'Energy for power irrigation',\"v\":0.020277031758889501}]"}, {"source": 85, "prod": 0, "target": 20, "value": 7.1587049457685784e-06, "supply": "[{\"l\":'Energy for power irrigation',\"v\":7.1587049457685784e-06}]"}, {"source": 85, "prod": 0, "target": 3, "value": 0.00015033280386114013, "supply": "[{\"l\":'Energy for power irrigation',\"v\":0.00015033280386114013}]"}, {"source": 85, "prod": 0, "target": 21, "value": 8.948381182210723e-05, "supply": "[{\"l\":'Energy for power irrigation',\"v\":8.948381182210723e-05}]"}, {"source": 85, "prod": 0, "target": 81, "value": 1.7896762364421446e-06, "supply": "[{\"l\":'Energy for power irrigation',\"v\":1.7896762364421446e-06}]"}, {"source": 85, "prod": 0, "target": 12, "value": 0.0012858823758836809, "supply": "[{\"l\":'Energy for power irrigation',\"v\":0.0012858823758836809}]"}, {"source": 85, "prod": 0, "target": 29, "value": 7.7850916285233297e-05, "supply": "[{\"l\":'Energy for power irrigation',\"v\":7.7850916285233297e-05}]"}, {"source": 85, "prod": 0, "target": 17, "value": 0.00084114783112780795, "supply": "[{\"l\":'Energy for power irrigation',\"v\":0.00084114783112780795}]"}, {"source": 85, "prod": 0, "target": 0, "value": 0.0004518932497016415, "supply": "[{\"l\":'Energy for power irrigation',\"v\":0.0004518932497016415}]"}, {"source": 85, "prod": 0, "target": 16, "value": 1.7896762364421445e-05, "supply": "[{\"l\":'Energy for power irrigation',\"v\":1.7896762364421445e-05}]"}, {"source": 85, "prod": 0, "target": 4, "value": 0.010081246239878602, "supply": "[{\"l\":'Energy for power irrigation',\"v\":0.010081246239878602}]"}, {"source": 85, "prod": 0, "target": 34, "value": 8.948381182210723e-05, "supply": "[{\"l\":'Energy for power irrigation',\"v\":8.948381182210723e-05}]"}, {"source": 85, "prod": 0, "target": 7, "value": 0.0037923239450209042, "supply": "[{\"l\":'Energy for power irrigation',\"v\":0.0037923239450209042}]"}, {"source": 85, "prod": 0, "target": 37, "value": 2.7739981664853243e-05, "supply": "[{\"l\":'Energy for power irrigation',\"v\":2.7739981664853243e-05}]"}, {"source": 85, "prod": 0, "target": 68, "value": 0.00053869254716908555, "supply": "[{\"l\":'Energy for power irrigation',\"v\":0.00053869254716908555}]"}, {"source": 85, "prod": 0, "target": 39, "value": 0.0031927824058127861, "supply": "[{\"l\":'Energy for power irrigation',\"v\":0.0031927824058127861}]"}, {"source": 85, "prod": 0, "target": 40, "value": 1.0738057418652867e-05, "supply": "[{\"l\":'Energy for power irrigation',\"v\":1.0738057418652867e-05}]"}, {"source": 85, "prod": 0, "target": 71, "value": 2.9529657901295388e-05, "supply": "[{\"l\":'Energy for power irrigation',\"v\":2.9529657901295388e-05}]"}, {"source": 85, "prod": 0, "target": 5, "value": 0.00048142290760293688, "supply": "[{\"l\":'Energy for power irrigation',\"v\":0.00048142290760293688}]"}, {"source": 85, "prod": 0, "target": 86, "value": 8.948381182210723e-07, "supply": "[{\"l\":'Energy for power irrigation',\"v\":8.948381182210723e-07}]"}, {"source": 85, "prod": 0, "target": 6, "value": 0.0048330206765120117, "supply": "[{\"l\":'Energy for power irrigation',\"v\":0.0048330206765120117}]"}, {"source": 85, "prod": 0, "target": 11, "value": 0.00029350690277651171, "supply": "[{\"l\":'Energy for power irrigation',\"v\":0.00029350690277651171}]"}, {"source": 85, "prod": 0, "target": 50, "value": 0.0013350984723858399, "supply": "[{\"l\":'Energy for power irrigation',\"v\":0.0013350984723858399}]"}, {"source": 85, "prod": 0, "target": 14, "value": 0.010195785519010899, "supply": "[{\"l\":'Energy for power irrigation',\"v\":0.010195785519010899}]"}, {"source": 85, "prod": 0, "target": 15, "value": 2.1476114837305734e-05, "supply": "[{\"l\":'Energy for power irrigation',\"v\":2.1476114837305734e-05}]"}, {"source": 85, "prod": 0, "target": 82, "value": 3.5793524728842892e-06, "supply": "[{\"l\":'Energy for power irrigation',\"v\":3.5793524728842892e-06}]"}, {"source": 85, "prod": 0, "target": 57, "value": 0.0027954742813226297, "supply": "[{\"l\":'Energy for power irrigation',\"v\":0.0027954742813226297}]"}, {"source": 85, "prod": 0, "target": 8, "value": 4.4741905911053613e-06, "supply": "[{\"l\":'Energy for power irrigation',\"v\":4.4741905911053613e-06}]"}, {"source": 85, "prod": 0, "target": 41, "value": 0.00014406893703359264, "supply": "[{\"l\":'Energy for power irrigation',\"v\":0.00014406893703359264}]"}, {"source": 85, "prod": 0, "target": 63, "value": 7.5166401930570063e-05, "supply": "[{\"l\":'Energy for power irrigation',\"v\":7.5166401930570063e-05}]"}, {"source": 85, "prod": 0, "target": 65, "value": 0.00056911704318860195, "supply": "[{\"l\":'Energy for power irrigation',\"v\":0.00056911704318860195}]"}, {"source": 85, "prod": 0, "target": 18, "value": 7.5166401930570063e-05, "supply": "[{\"l\":'Energy for power irrigation',\"v\":7.5166401930570063e-05}]"}, {"source": 85, "prod": 0, "target": 67, "value": 0.83000000066399993, "supply": "[{\"l\":'Electricity',\"v\":0.83000000066399993}]"}, {"source": 87, "prod": 0, "target": 85, "value": 1.6847246572565944, "supply": [{"l": "Coal", "v": 1.5104410146705289}, {"l": "Natural gas", "v": 0.064330641758821153}, {"l": "Oil", "v": 0.1099530008272443}]}, {"source": 88, "prod": 0, "target": 85, "value": 0.2318705394584295, "supply": [{"l": "Nuclear", "v": 0.0}, {"l": "Hydroelectric", "v": 0.2318705394584295}, {"l": "Renewable", "v": 0.0}]}, {"source": 87, "prod": 0, "target": 2, "value": 1.4102821745238114, "supply": [{"l": "Motor Gasoline", "v": 0.060477123475361258}, {"l": "Natural gas (including LNG)", "v": 0.78096944551102332}, {"l": "Liquefied petroleum gas (LPG)", "v": 0.12197054172695759}, {"l": "Other fossil fuels", "v": 0.44686506381046914}]}, {"source": 87, "prod": 0, "target": 20, "value": 0.00049789308897574985, "supply": [{"l": "Motor Gasoline", "v": 2.1351146858026922e-05}, {"l": "Natural gas (including LNG)", "v": 0.00027571736822984053}, {"l": "Liquefied petroleum gas (LPG)", "v": 4.306109151878467e-05}, {"l": "Other fossil fuels", "v": 0.00015776348236909768}]}, {"source": 87, "prod": 0, "target": 3, "value": 0.010455754868490746, "supply": [{"l": "Motor Gasoline", "v": 0.0004483740840185653}, {"l": "Natural gas (including LNG)", "v": 0.0057900647328266502}, {"l": "Liquefied petroleum gas (LPG)", "v": 0.00090428292189447803}, {"l": "Other fossil fuels", "v": 0.0033130331297510506}]}, {"source": 87, "prod": 0, "target": 21, "value": 0.0062236636121968721, "supply": [{"l": "Motor Gasoline", "v": 0.0002668893357253365}, {"l": "Natural gas (including LNG)", "v": 0.0034464671028730061}, {"l": "Liquefied petroleum gas (LPG)", "v": 0.00053826364398480838}, {"l": "Other fossil fuels", "v": 0.0019720435296137206}]}, {"source": 87, "prod": 0, "target": 81, "value": 0.00012447327224393746, "supply": [{"l": "Motor Gasoline", "v": 5.3377867145067305e-06}, {"l": "Natural gas (including LNG)", "v": 6.8929342057460132e-05}, {"l": "Liquefied petroleum gas (LPG)", "v": 1.0765272879696168e-05}, {"l": "Other fossil fuels", "v": 3.9440870592274421e-05}]}, {"source": 87, "prod": 0, "target": 12, "value": 0.089434046107269058, "supply": [{"l": "Motor Gasoline", "v": 0.0038351997543730853}, {"l": "Natural gas (including LNG)", "v": 0.049525732268285098}, {"l": "Liquefied petroleum gas (LPG)", "v": 0.0077348485640616957}, {"l": "Other fossil fuels", "v": 0.028338265520549164}]}, {"source": 87, "prod": 0, "target": 29, "value": 0.0054145873426112798, "supply": [{"l": "Motor Gasoline", "v": 0.00023219372208104278}, {"l": "Natural gas (including LNG)", "v": 0.0029984263794995158}, {"l": "Liquefied petroleum gas (LPG)", "v": 0.00046828937026678331}, {"l": "Other fossil fuels", "v": 0.0017156778707639372}]}, {"source": 87, "prod": 0, "target": 17, "value": 0.058502437954650599, "supply": [{"l": "Motor Gasoline", "v": 0.002508759755818163}, {"l": "Natural gas (including LNG)", "v": 0.032396790767006259}, {"l": "Liquefied petroleum gas (LPG)", "v": 0.0050596782534571986}, {"l": "Other fossil fuels", "v": 0.018537209178368975}]}, {"source": 87, "prod": 0, "target": 0, "value": 0.031429501241594208, "supply": [{"l": "Motor Gasoline", "v": 0.0013477911454129494}, {"l": "Natural gas (including LNG)", "v": 0.017404658869508684}, {"l": "Liquefied petroleum gas (LPG)", "v": 0.0027182314021232824}, {"l": "Other fossil fuels", "v": 0.0099588198245492907}]}, {"source": 87, "prod": 0, "target": 16, "value": 0.0012447327224393745, "supply": [{"l": "Motor Gasoline", "v": 5.33778671450673e-05}, {"l": "Natural gas (including LNG)", "v": 0.0006892934205746013}, {"l": "Liquefied petroleum gas (LPG)", "v": 0.00010765272879696167}, {"l": "Other fossil fuels", "v": 0.00039440870592274415}]}, {"source": 87, "prod": 0, "target": 4, "value": 0.70115794255009967, "supply": [{"l": "Motor Gasoline", "v": 0.030067752562816411}, {"l": "Natural gas (including LNG)", "v": 0.38827898380967291}, {"l": "Liquefied petroleum gas (LPG)", "v": 0.060640782131328515}, {"l": "Other fossil fuels", "v": 0.22217042404628179}]}, {"source": 87, "prod": 0, "target": 34, "value": 0.0062236636121968721, "supply": [{"l": "Motor Gasoline", "v": 0.0002668893357253365}, {"l": "Natural gas (including LNG)", "v": 0.0034464671028730061}, {"l": "Liquefied petroleum gas (LPG)", "v": 0.00053826364398480838}, {"l": "Other fossil fuels", "v": 0.0019720435296137206}]}, {"source": 87, "prod": 0, "target": 7, "value": 0.26375886388490344, "supply": [{"l": "Motor Gasoline", "v": 0.011310770048039761}, {"l": "Natural gas (including LNG)", "v": 0.146061275819758}, {"l": "Liquefied petroleum gas (LPG)", "v": 0.022811613232076179}, {"l": "Other fossil fuels", "v": 0.083575204785029486}]}, {"source": 87, "prod": 0, "target": 37, "value": 0.0019293357197810307, "supply": [{"l": "Motor Gasoline", "v": 8.2735694074854326e-05}, {"l": "Natural gas (including LNG)", "v": 0.001068404801890632}, {"l": "Liquefied petroleum gas (LPG)", "v": 0.00016686172963529061}, {"l": "Other fossil fuels", "v": 0.0006113334941802535}]}, {"source": 87, "prod": 0, "target": 68, "value": 0.037466454945425179, "supply": [{"l": "Motor Gasoline", "v": 0.0016066738010665259}, {"l": "Natural gas (including LNG)", "v": 0.020747731959295503}, {"l": "Liquefied petroleum gas (LPG)", "v": 0.0032403471367885468}, {"l": "Other fossil fuels", "v": 0.011871702048274601}]}, {"source": 87, "prod": 0, "target": 39, "value": 0.22206031768318443, "supply": [{"l": "Motor Gasoline", "v": 0.0095226114986800073}, {"l": "Natural gas (including LNG)", "v": 0.12296994623050887}, {"l": "Liquefied petroleum gas (LPG)", "v": 0.019205246817377963}, {"l": "Other fossil fuels", "v": 0.070362513136617566}]}, {"source": 87, "prod": 0, "target": 40, "value": 0.00074683963346362466, "supply": [{"l": "Motor Gasoline", "v": 3.2026720287040381e-05}, {"l": "Natural gas (including LNG)", "v": 0.00041357605234476077}, {"l": "Liquefied petroleum gas (LPG)", "v": 6.4591637278176999e-05}, {"l": "Other fossil fuels", "v": 0.00023664522355364647}]}, {"source": 87, "prod": 0, "target": 71, "value": 0.0020538089920249681, "supply": [{"l": "Motor Gasoline", "v": 8.807348078936105e-05}, {"l": "Natural gas (including LNG)", "v": 0.0011373341439480922}, {"l": "Liquefied petroleum gas (LPG)", "v": 0.00017762700251498678}, {"l": "Other fossil fuels", "v": 0.00065077436477252784}]}, {"source": 87, "prod": 0, "target": 5, "value": 0.033483310233619175, "supply": [{"l": "Motor Gasoline", "v": 0.0014358646262023103}, {"l": "Natural gas (including LNG)", "v": 0.018541993013456774}, {"l": "Liquefied petroleum gas (LPG)", "v": 0.0028958584046382689}, {"l": "Other fossil fuels", "v": 0.010609594189321819}]}, {"source": 87, "prod": 0, "target": 86, "value": 6.2236636121968731e-05, "supply": [{"l": "Motor Gasoline", "v": 2.6688933572533653e-06}, {"l": "Natural gas (including LNG)", "v": 3.4464671028730066e-05}, {"l": "Liquefied petroleum gas (LPG)", "v": 5.3826364398480838e-06}, {"l": "Other fossil fuels", "v": 1.972043529613721e-05}]}, {"source": 87, "prod": 0, "target": 6, "value": 0.33614007169475313, "supply": [{"l": "Motor Gasoline", "v": 0.014414693022525425}, {"l": "Natural gas (including LNG)", "v": 0.18614368822617108}, {"l": "Liquefied petroleum gas (LPG)", "v": 0.029071619411619502}, {"l": "Other fossil fuels", "v": 0.10651007103443706}]}, {"source": 87, "prod": 0, "target": 11, "value": 0.020413616648005742, "supply": [{"l": "Motor Gasoline", "v": 0.0008753970211791037}, {"l": "Natural gas (including LNG)", "v": 0.011304412097423461}, {"l": "Liquefied petroleum gas (LPG)", "v": 0.0017655047522701715}, {"l": "Other fossil fuels", "v": 0.0064683027771330042}]}, {"source": 87, "prod": 0, "target": 50, "value": 0.092857061093977331, "supply": [{"l": "Motor Gasoline", "v": 0.0039819888890220206}, {"l": "Natural gas (including LNG)", "v": 0.051421289174865256}, {"l": "Liquefied petroleum gas (LPG)", "v": 0.008030893568253341}, {"l": "Other fossil fuels", "v": 0.029422889461836715}]}, {"source": 87, "prod": 0, "target": 14, "value": 0.70912423197371166, "supply": [{"l": "Motor Gasoline", "v": 0.030409370912544843}, {"l": "Natural gas (including LNG)", "v": 0.39269046170135041}, {"l": "Liquefied petroleum gas (LPG)", "v": 0.061329759595629071}, {"l": "Other fossil fuels", "v": 0.22469463976418735}]}, {"source": 87, "prod": 0, "target": 15, "value": 0.0014936792669272493, "supply": [{"l": "Motor Gasoline", "v": 6.4053440574080763e-05}, {"l": "Natural gas (including LNG)", "v": 0.00082715210468952154}, {"l": "Liquefied petroleum gas (LPG)", "v": 0.000129183274556354}, {"l": "Other fossil fuels", "v": 0.00047329044710729294}]}, {"source": 87, "prod": 0, "target": 82, "value": 0.00024894654448787492, "supply": [{"l": "Motor Gasoline", "v": 1.0675573429013461e-05}, {"l": "Natural gas (including LNG)", "v": 0.00013785868411492026}, {"l": "Liquefied petroleum gas (LPG)", "v": 2.1530545759392335e-05}, {"l": "Other fossil fuels", "v": 7.8881741184548841e-05}]}, {"source": 87, "prod": 0, "target": 57, "value": 0.1944272512450303, "supply": [{"l": "Motor Gasoline", "v": 0.0083376228480595126}, {"l": "Natural gas (including LNG)", "v": 0.10766763229375272}, {"l": "Liquefied petroleum gas (LPG)", "v": 0.016815356238085413}, {"l": "Other fossil fuels", "v": 0.061606639865132637}]}, {"source": 87, "prod": 0, "target": 8, "value": 0.00031118318060984363, "supply": [{"l": "Motor Gasoline", "v": 1.3344466786266825e-05}, {"l": "Natural gas (including LNG)", "v": 0.00017232335514365032}, {"l": "Liquefied petroleum gas (LPG)", "v": 2.6913182199240417e-05}, {"l": "Other fossil fuels", "v": 9.8602176480686038e-05}]}, {"source": 87, "prod": 0, "target": 41, "value": 0.010020098415636964, "supply": [{"l": "Motor Gasoline", "v": 0.00042969183051779175}, {"l": "Natural gas (including LNG)", "v": 0.00554881203562554}, {"l": "Liquefied petroleum gas (LPG)", "v": 0.0008666044668155415}, {"l": "Other fossil fuels", "v": 0.0031749900826780904}]}, {"source": 87, "prod": 0, "target": 63, "value": 0.0052278774342453729, "supply": [{"l": "Motor Gasoline", "v": 0.00022418704200928265}, {"l": "Natural gas (including LNG)", "v": 0.0028950323664133251}, {"l": "Liquefied petroleum gas (LPG)", "v": 0.00045214146094723902}, {"l": "Other fossil fuels", "v": 0.0016565165648755253}]}, {"source": 87, "prod": 0, "target": 65, "value": 0.039582500573572106, "supply": [{"l": "Motor Gasoline", "v": 0.00169741617521314}, {"l": "Natural gas (including LNG)", "v": 0.021919530774272319}, {"l": "Liquefied petroleum gas (LPG)", "v": 0.0034233567757433812}, {"l": "Other fossil fuels", "v": 0.012542196848343262}]}, {"source": 87, "prod": 0, "target": 18, "value": 0.0052278774342453729, "supply": [{"l": "Motor Gasoline", "v": 0.00022418704200928265}, {"l": "Natural gas (including LNG)", "v": 0.0028950323664133251}, {"l": "Liquefied petroleum gas (LPG)", "v": 0.00045214146094723902}, {"l": "Other fossil fuels", "v": 0.0016565165648755253}]}, {"source": 89, "prod": 311.16094330619859, "target": 2, "value": 3.4576200370982262, "supply": [{"l": "Potash", "v": 0.57943888935243992}, {"l": "Phosphate", "v": 0.98348750078678981}, {"l": "Nitrogen", "v": 8.9901388960809996}]}, {"source": 89, "prod": 0.10985381934905511, "target": 20, "value": 0.001220695511773425, "supply": [{"l": "Potash", "v": 0.57943888935243992}, {"l": "Phosphate", "v": 0.98348750078678981}, {"l": "Nitrogen", "v": 8.9901388960809996}]}, {"source": 89, "prod": 2.3069302063301573, "target": 3, "value": 0.025634605747241922, "supply": [{"l": "Potash", "v": 0.57943888935243992}, {"l": "Phosphate", "v": 0.98348750078678981}, {"l": "Nitrogen", "v": 8.9901388960809996}]}, {"source": 89, "prod": 1.3731727418631887, "target": 21, "value": 0.015258693897167811, "supply": [{"l": "Potash", "v": 0.57943888935243992}, {"l": "Phosphate", "v": 0.98348750078678981}, {"l": "Nitrogen", "v": 8.9901388960809996}]}, {"source": 89, "prod": 0.027463454837263777, "target": 81, "value": 0.00030517387794335625, "supply": [{"l": "Potash", "v": 0.57943888935243992}, {"l": "Phosphate", "v": 0.98348750078678981}, {"l": "Nitrogen", "v": 8.9901388960809996}]}, {"source": 89, "prod": 19.732492300574023, "target": 12, "value": 0.21926743130230142, "supply": [{"l": "Potash", "v": 0.57943888935243992}, {"l": "Phosphate", "v": 0.98348750078678981}, {"l": "Nitrogen", "v": 8.9901388960809996}]}, {"source": 89, "prod": 1.1946602854209745, "target": 29, "value": 0.013275063690535997, "supply": [{"l": "Potash", "v": 0.57943888935243992}, {"l": "Phosphate", "v": 0.98348750078678981}, {"l": "Nitrogen", "v": 8.9901388960809996}]}, {"source": 89, "prod": 12.907823773513975, "target": 17, "value": 0.14343172263337742, "supply": [{"l": "Potash", "v": 0.57943888935243992}, {"l": "Phosphate", "v": 0.98348750078678981}, {"l": "Nitrogen", "v": 8.9901388960809996}]}, {"source": 89, "prod": 6.9345223464091035, "target": 0, "value": 0.077056404180697452, "supply": [{"l": "Potash", "v": 0.57943888935243992}, {"l": "Phosphate", "v": 0.98348750078678981}, {"l": "Nitrogen", "v": 8.9901388960809996}]}, {"source": 89, "prod": 0.27463454837263773, "target": 16, "value": 0.003051738779433562, "supply": [{"l": "Potash", "v": 0.57943888935243992}, {"l": "Phosphate", "v": 0.98348750078678981}, {"l": "Nitrogen", "v": 8.9901388960809996}]}, {"source": 89, "prod": 154.70164109830685, "target": 4, "value": 1.7190444544549257, "supply": [{"l": "Potash", "v": 0.57943888935243992}, {"l": "Phosphate", "v": 0.98348750078678981}, {"l": "Nitrogen", "v": 8.9901388960809996}]}, {"source": 89, "prod": 1.3731727418631887, "target": 34, "value": 0.015258693897167811, "supply": [{"l": "Potash", "v": 0.57943888935243992}, {"l": "Phosphate", "v": 0.98348750078678981}, {"l": "Nitrogen", "v": 8.9901388960809996}]}, {"source": 89, "prod": 58.195060800161947, "target": 7, "value": 0.64666344736197179, "supply": [{"l": "Potash", "v": 0.57943888935243992}, {"l": "Phosphate", "v": 0.98348750078678981}, {"l": "Nitrogen", "v": 8.9901388960809996}]}, {"source": 89, "prod": 0.42568354997758856, "target": 37, "value": 0.0047301951081220213, "supply": [{"l": "Potash", "v": 0.57943888935243992}, {"l": "Phosphate", "v": 0.98348750078678981}, {"l": "Nitrogen", "v": 8.9901388960809996}]}, {"source": 89, "prod": 8.2664999060163975, "target": 68, "value": 0.091857337260950231, "supply": [{"l": "Potash", "v": 0.57943888935243992}, {"l": "Phosphate", "v": 0.98348750078678981}, {"l": "Nitrogen", "v": 8.9901388960809996}]}, {"source": 89, "prod": 48.994803429678583, "target": 39, "value": 0.54443019825094752, "supply": [{"l": "Potash", "v": 0.57943888935243992}, {"l": "Phosphate", "v": 0.98348750078678981}, {"l": "Nitrogen", "v": 8.9901388960809996}]}, {"source": 89, "prod": 0.16478072902358265, "target": 40, "value": 0.0018310432676601372, "supply": [{"l": "Potash", "v": 0.57943888935243992}, {"l": "Phosphate", "v": 0.98348750078678981}, {"l": "Nitrogen", "v": 8.9901388960809996}]}, {"source": 89, "prod": 0.45314700481485232, "target": 71, "value": 0.0050353689860653779, "supply": [{"l": "Potash", "v": 0.57943888935243992}, {"l": "Phosphate", "v": 0.98348750078678981}, {"l": "Nitrogen", "v": 8.9901388960809996}]}, {"source": 89, "prod": 7.3876693512239564, "target": 5, "value": 0.082091773166762819, "supply": [{"l": "Potash", "v": 0.57943888935243992}, {"l": "Phosphate", "v": 0.98348750078678981}, {"l": "Nitrogen", "v": 8.9901388960809996}]}, {"source": 89, "prod": 0.013731727418631889, "target": 86, "value": 0.00015258693897167813, "supply": [{"l": "Potash", "v": 0.57943888935243992}, {"l": "Phosphate", "v": 0.98348750078678981}, {"l": "Nitrogen", "v": 8.9901388960809996}]}, {"source": 89, "prod": 74.165059788030831, "target": 6, "value": 0.8241220573860335, "supply": [{"l": "Potash", "v": 0.57943888935243992}, {"l": "Phosphate", "v": 0.98348750078678981}, {"l": "Nitrogen", "v": 8.9901388960809996}]}, {"source": 89, "prod": 4.5040065933112592, "target": 11, "value": 0.050048515982710422, "supply": [{"l": "Potash", "v": 0.57943888935243992}, {"l": "Phosphate", "v": 0.98348750078678981}, {"l": "Nitrogen", "v": 8.9901388960809996}]}, {"source": 89, "prod": 20.487737308598778, "target": 50, "value": 0.22765971294574375, "supply": [{"l": "Potash", "v": 0.57943888935243992}, {"l": "Phosphate", "v": 0.98348750078678981}, {"l": "Nitrogen", "v": 8.9901388960809996}]}, {"source": 89, "prod": 156.45930220789174, "target": 14, "value": 1.7385755826433005, "supply": [{"l": "Potash", "v": 0.57943888935243992}, {"l": "Phosphate", "v": 0.98348750078678981}, {"l": "Nitrogen", "v": 8.9901388960809996}]}, {"source": 89, "prod": 0.3295614580471653, "target": 15, "value": 0.0036620865353202744, "supply": [{"l": "Potash", "v": 0.57943888935243992}, {"l": "Phosphate", "v": 0.98348750078678981}, {"l": "Nitrogen", "v": 8.9901388960809996}]}, {"source": 89, "prod": 0.054926909674527555, "target": 82, "value": 0.00061034775588671251, "supply": [{"l": "Potash", "v": 0.57943888935243992}, {"l": "Phosphate", "v": 0.98348750078678981}, {"l": "Nitrogen", "v": 8.9901388960809996}]}, {"source": 89, "prod": 42.897916455806019, "target": 57, "value": 0.47668159734752241, "supply": [{"l": "Potash", "v": 0.57943888935243992}, {"l": "Phosphate", "v": 0.98348750078678981}, {"l": "Nitrogen", "v": 8.9901388960809996}]}, {"source": 89, "prod": 0.068658637093159433, "target": 8, "value": 0.0007629346948583905, "supply": [{"l": "Potash", "v": 0.57943888935243992}, {"l": "Phosphate", "v": 0.98348750078678981}, {"l": "Nitrogen", "v": 8.9901388960809996}]}, {"source": 89, "prod": 2.2108081143997338, "target": 41, "value": 0.024566497174440174, "supply": [{"l": "Potash", "v": 0.57943888935243992}, {"l": "Phosphate", "v": 0.98348750078678981}, {"l": "Nitrogen", "v": 8.9901388960809996}]}, {"source": 89, "prod": 1.1534651031650787, "target": 63, "value": 0.012817302873620961, "supply": [{"l": "Potash", "v": 0.57943888935243992}, {"l": "Phosphate", "v": 0.98348750078678981}, {"l": "Nitrogen", "v": 8.9901388960809996}]}, {"source": 89, "prod": 8.7333786382498797, "target": 65, "value": 0.097045293185987272, "supply": [{"l": "Potash", "v": 0.57943888935243992}, {"l": "Phosphate", "v": 0.98348750078678981}, {"l": "Nitrogen", "v": 8.9901388960809996}]}, {"source": 89, "prod": 1.1534651031650787, "target": 18, "value": 0.012817302873620961, "supply": [{"l": "Potash", "v": 0.57943888935243992}, {"l": "Phosphate", "v": 0.98348750078678981}, {"l": "Nitrogen", "v": 8.9901388960809996}]}, {"source": 87, "prod": 0, "target": 89, "value": 12.992681216308462, "supply": [{"l": "Natural gas (including LNG)", "v": 8.6809749093141857}, {"l": "Fuel oil", "v": 2.7225087880675511}, {"l": "Liquefied petroleum gas (LPG)", "v": 0.79459875946336267}, {"l": "Coal", "v": 0.79459875946336267}]}, {"source": 90, "prod": 0, "target": 2, "value": 1.2143044567254795, "supply": "[{\"l\":'Labor',\"v\":1.2143044567254795}]"}, {"source": 90, "prod": 0, "target": 20, "value": 0.00042870413300105192, "supply": "[{\"l\":'Labor',\"v\":0.00042870413300105192}]"}, {"source": 90, "prod": 0, "target": 81, "value": 0.00010717603325026298, "supply": "[{\"l\":'Labor',\"v\":0.00010717603325026298}]"}, {"source": 90, "prod": 0, "target": 3, "value": 0.0090027867930220894, "supply": "[{\"l\":'Labor',\"v\":0.0090027867930220894}]"}, {"source": 90, "prod": 0, "target": 21, "value": 0.0053588016625131484, "supply": "[{\"l\":'Labor',\"v\":0.0053588016625131484}]"}, {"source": 90, "prod": 0, "target": 12, "value": 0.077005979890313936, "supply": "[{\"l\":'Labor',\"v\":0.077005979890313936}]"}, {"source": 90, "prod": 0, "target": 27, "value": 0.00064305619950157783, "supply": "[{\"l\":'Labor',\"v\":0.00064305619950157783}]"}, {"source": 90, "prod": 0, "target": 29, "value": 0.0046621574463864392, "supply": "[{\"l\":'Labor',\"v\":0.0046621574463864392}]"}, {"source": 90, "prod": 0, "target": 17, "value": 0.050372735627623594, "supply": "[{\"l\":'Labor',\"v\":0.050372735627623594}]"}, {"source": 90, "prod": 0, "target": 0, "value": 0.027061948395691399, "supply": "[{\"l\":'Labor',\"v\":0.027061948395691399}]"}, {"source": 90, "prod": 0, "target": 16, "value": 0.0010717603325026295, "supply": "[{\"l\":'Labor',\"v\":0.0010717603325026295}]"}, {"source": 90, "prod": 0, "target": 32, "value": 0.00010717603325026298, "supply": "[{\"l\":'Labor',\"v\":0.00010717603325026298}]"}, {"source": 90, "prod": 0, "target": 4, "value": 0.60372259529873129, "supply": "[{\"l\":'Labor',\"v\":0.60372259529873129}]"}, {"source": 90, "prod": 0, "target": 34, "value": 0.0053588016625131484, "supply": "[{\"l\":'Labor',\"v\":0.0053588016625131484}]"}, {"source": 90, "prod": 0, "target": 7, "value": 0.22710601445730724, "supply": "[{\"l\":'Labor',\"v\":0.22710601445730724}]"}, {"source": 90, "prod": 0, "target": 37, "value": 0.0016612285153790761, "supply": "[{\"l\":'Labor',\"v\":0.0016612285153790761}]"}, {"source": 90, "prod": 0, "target": 69, "value": 5.3588016625131491e-05, "supply": "[{\"l\":'Labor',\"v\":5.3588016625131491e-05}]"}, {"source": 90, "prod": 0, "target": 86, "value": 5.3588016625131491e-05, "supply": "[{\"l\":'Labor',\"v\":5.3588016625131491e-05}]"}, {"source": 90, "prod": 0, "target": 39, "value": 0.19120204331846916, "supply": "[{\"l\":'Labor',\"v\":0.19120204331846916}]"}, {"source": 90, "prod": 0, "target": 40, "value": 0.00064305619950157783, "supply": "[{\"l\":'Labor',\"v\":0.00064305619950157783}]"}, {"source": 90, "prod": 0, "target": 71, "value": 0.0017684045486293391, "supply": "[{\"l\":'Labor',\"v\":0.0017684045486293391}]"}, {"source": 90, "prod": 0, "target": 5, "value": 0.02883035294432074, "supply": "[{\"l\":'Labor',\"v\":0.02883035294432074}]"}, {"source": 90, "prod": 0, "target": 68, "value": 0.032259986008329154, "supply": "[{\"l\":'Labor',\"v\":0.032259986008329154}]"}, {"source": 90, "prod": 0, "target": 6, "value": 0.28942887779233517, "supply": "[{\"l\":'Labor',\"v\":0.28942887779233517}]"}, {"source": 90, "prod": 0, "target": 70, "value": 0.00032152809975078892, "supply": "[{\"l\":'Labor',\"v\":0.00032152809975078892}]"}, {"source": 90, "prod": 0, "target": 47, "value": 0.0013397004156282871, "supply": "[{\"l\":'Labor',\"v\":0.0013397004156282871}]"}, {"source": 90, "prod": 0, "target": 11, "value": 0.017576869453043129, "supply": "[{\"l\":'Labor',\"v\":0.017576869453043129}]"}, {"source": 90, "prod": 0, "target": 18, "value": 0.0045013933965110447, "supply": "[{\"l\":'Labor',\"v\":0.0045013933965110447}]"}, {"source": 90, "prod": 0, "target": 14, "value": 0.6105818614267482, "supply": "[{\"l\":'Labor',\"v\":0.6105818614267482}]"}, {"source": 90, "prod": 0, "target": 52, "value": 0.0021971086816303912, "supply": "[{\"l\":'Labor',\"v\":0.0021971086816303912}]"}, {"source": 90, "prod": 0, "target": 15, "value": 0.0012861123990031557, "supply": "[{\"l\":'Labor',\"v\":0.0012861123990031557}]"}, {"source": 90, "prod": 0, "target": 54, "value": 0.0005894681828764463, "supply": "[{\"l\":'Labor',\"v\":0.0005894681828764463}]"}, {"source": 90, "prod": 0, "target": 82, "value": 0.00021435206650052596, "supply": "[{\"l\":'Labor',\"v\":0.00021435206650052596}]"}, {"source": 90, "prod": 0, "target": 57, "value": 0.16740896393691077, "supply": "[{\"l\":'Labor',\"v\":0.16740896393691077}]"}, {"source": 90, "prod": 0, "target": 8, "value": 0.00026794008312565739, "supply": "[{\"l\":'Labor',\"v\":0.00026794008312565739}]"}, {"source": 90, "prod": 0, "target": 61, "value": 0.00042870413300105192, "supply": "[{\"l\":'Labor',\"v\":0.00042870413300105192}]"}, {"source": 90, "prod": 0, "target": 41, "value": 0.0086276706766461684, "supply": "[{\"l\":'Labor',\"v\":0.0086276706766461684}]"}, {"source": 90, "prod": 0, "target": 63, "value": 0.0045013933965110447, "supply": "[{\"l\":'Labor',\"v\":0.0045013933965110447}]"}, {"source": 90, "prod": 0, "target": 64, "value": 0.00010717603325026298, "supply": "[{\"l\":'Labor',\"v\":0.00010717603325026298}]"}, {"source": 90, "prod": 0, "target": 65, "value": 0.034081978573583624, "supply": "[{\"l\":'Labor',\"v\":0.034081978573583624}]"}, {"source": 90, "prod": 0, "target": 50, "value": 0.079953320804696179, "supply": "[{\"l\":'Labor',\"v\":0.079953320804696179}]"}, {"source": 87, "prod": 0, "target": 78, "value": 8.3698175641125605, "supply": "[{\"l\":'Fossil Fuels',\"v\":8.3698175641125605}]"}, {"source": 88, "prod": 0, "target": 78, "value": 1.0217953076551387, "supply": "[{\"l\":'Renewables & Nuclear',\"v\":0.46466962249164467},{\"l\":'Biomass & Waste',\"v\":0.55712568516349403}]"}]}