{"nodes": [{"layer": 3, "name": "Maize"}, {"layer": 5, "name": "Production", "fill": "#b5cf6b"}, {"layer": 3, "name": "Fruits, Other"}, {"layer": 3, "name": "Apples"}, {"layer": 3, "name": "Rice"}, {"layer": 3, "name": "Tomatoes"}, {"layer": 3, "name": "Coffee"}, {"layer": 3, "name": "Wheat"}, {"layer": 3, "name": "Vegetables, Other"}, {"layer": 3, "name": "Peas"}, {"layer": 3, "name": "Soyabeans"}, {"layer": 3, "name": "Grapes"}, {"layer": 3, "name": "Groundnuts"}, {"layer": 3, "name": "Oilcrops, Other"}, {"layer": 3, "name": "Cottonseed"}, {"layer": 3, "name": "Potatoes"}, {"layer": 3, "name": "Sugar cane"}, {"layer": 3, "name": "Beans"}, {"layer": 3, "name": "Pulses, Other"}, {"layer": 3, "name": "Lemons, Limes"}, {"layer": 3, "name": "Sorghum"}, {"layer": 3, "name": "Pineapples"}, {"layer": 3, "name": "Bananas"}, {"layer": 3, "name": "Sweet potatoes"}, {"layer": 3, "name": "Grapefruit"}, {"layer": 3, "name": "Oranges, Mandarines"}, {"layer": 3, "name": "Tea"}, {"layer": 3, "name": "Palm kernels"}, {"layer": 3, "name": "Onions"}, {"layer": 3, "name": "Cassava"}, {"layer": 3, "name": "Oil Palm"}, {"layer": 1, "name": "Electricity", "fill": "#bcbd22"}, {"layer": 0, "name": "Fossil Fuels", "fill": "#c49c94"}, {"layer": 0, "name": "Renewables & Nuclear", "fill": "#2ca02c"}, {"layer": 1, "name": "Fertilizers", "fill": "#c5b0d5"}, {"layer": 0, "name": "Labor", "fill": "#7f7f7f"}], "links": [{"source": 0, "prod": 124.0, "target": 1, "value": 0.48901882926678292, "supply": [{"l": "Maize", "v": 0.48901882926678292}]}, {"source": 2, "prod": 65.0, "target": 1, "value": 0.028261462902603281, "supply": [{"l": "Fruits, Other", "v": 0.028261462902603281}]}, {"source": 3, "prod": 1.0, "target": 1, "value": 0.00057365089980405406, "supply": [{"l": "Apples", "v": 0.00057365089980405406}]}, {"source": 4, "prod": 11.0, "target": 1, "value": 0.046966141754170222, "supply": [{"l": "Rice", "v": 0.046966141754170222}]}, {"source": 5, "prod": 36.0, "target": 1, "value": 0.0085374636708268146, "supply": [{"l": "Tomatoes", "v": 0.0085374636708268146}]}, {"source": 6, "prod": 6.0, "target": 1, "value": 0.0032653974296538461, "supply": [{"l": "Coffee", "v": 0.0032653974296538461}]}, {"source": 7, "prod": 7.0, "target": 1, "value": 0.022124806788357456, "supply": [{"l": "Wheat", "v": 0.022124806788357456}]}, {"source": 8, "prod": 94.0, "target": 1, "value": 0.018729248399630187, "supply": [{"l": "Vegetables, Other", "v": 0.018729248399630187}]}, {"source": 9, "prod": 2.0, "target": 1, "value": 0.0081287553036063828, "supply": [{"l": "Peas", "v": 0.0081287553036063828}]}, {"source": 10, "prod": 3.0, "target": 1, "value": 0.020376079961040003, "supply": [{"l": "Soyabeans", "v": 0.020376079961040003}]}, {"source": 11, "prod": 11.0, "target": 1, "value": 0.0079144378379745767, "supply": [{"l": "Grapes", "v": 0.0079144378379745767}]}, {"source": 12, "prod": 6.0, "target": 1, "value": 0.040752159922080006, "supply": [{"l": "Groundnuts", "v": 0.040752159922080006}]}, {"source": 13, "prod": 51.0, "target": 1, "value": 0.34639335933768001, "supply": [{"l": "Oilcrops, Other", "v": 0.34639335933768001}]}, {"source": 14, "prod": 20.0, "target": 1, "value": 0.1358405330736, "supply": [{"l": "Cottonseed", "v": 0.1358405330736}]}, {"source": 15, "prod": 4.0, "target": 1, "value": 0.0032497735185071769, "supply": [{"l": "Potatoes", "v": 0.0032497735185071769}]}, {"source": 16, "prod": 672.0, "target": 1, "value": 0.21693164977533083, "supply": [{"l": "Sugar cane", "v": 0.21693164977533083}]}, {"source": 17, "prod": 17.0, "target": 1, "value": 0.066674446430486423, "supply": [{"l": "Beans", "v": 0.066674446430486423}]}, {"source": 18, "prod": 2.0, "target": 1, "value": 0.0083054673754239146, "supply": [{"l": "Pulses, Other", "v": 0.0083054673754239146}]}, {"source": 19, "prod": 12.0, "target": 1, "value": 0.0019078726555280898, "supply": [{"l": "Lemons, Limes", "v": 0.0019078726555280898}]}, {"source": 20, "prod": 4.0, "target": 1, "value": 0.016426698972803105, "supply": [{"l": "Sorghum", "v": 0.016426698972803105}]}, {"source": 21, "prod": 10.0, "target": 1, "value": 0.0040142001499290777, "supply": [{"l": "Pineapples", "v": 0.0040142001499290777}]}, {"source": 22, "prod": 141.0, "target": 1, "value": 0.10140096262964614, "supply": [{"l": "Bananas", "v": 0.10140096262964614}]}, {"source": 23, "prod": 70.0, "target": 1, "value": 0.070750277642500012, "supply": [{"l": "Sweet potatoes", "v": 0.070750277642500012}]}, {"source": 24, "prod": 14.0, "target": 1, "value": 0.0035445467129045726, "supply": [{"l": "Grapefruit", "v": 0.0035445467129045726}]}, {"source": 25, "prod": 177.0, "target": 1, "value": 0.056792739876292513, "supply": [{"l": "Oranges, Mandarines", "v": 0.056792739876292513}]}, {"source": 26, "prod": 16.0, "target": 1, "value": 0.0066263674670048777, "supply": [{"l": "Tea", "v": 0.0066263674670048777}]}, {"source": 27, "prod": 7.0, "target": 1, "value": 0.047544186575760004, "supply": [{"l": "Palm kernels", "v": 0.047544186575760004}]}, {"source": 28, "prod": 11.0, "target": 1, "value": 0.0054935509698882364, "supply": [{"l": "Onions", "v": 0.0054935509698882364}]}, {"source": 29, "prod": 997.0, "target": 1, "value": 1.0017541702904702, "supply": [{"l": "Cassava", "v": 1.0017541702904702}]}, {"source": 30, "prod": 19.130434782608695, "target": 1, "value": 0.081209014337478264, "supply": [{"l": "Oil Palm", "v": 0.081209014337478264}]}, {"source": 31, "prod": 0, "target": 0, "value": 0.00079474609166432547, "supply": "[{\"l\":'Energy for power irrigation',\"v\":0.00079474609166432547}]"}, {"source": 31, "prod": 0, "target": 2, "value": 0.00041660077385629967, "supply": "[{\"l\":'Energy for power irrigation',\"v\":0.00041660077385629967}]"}, {"source": 31, "prod": 0, "target": 24, "value": 8.6524776108616081e-05, "supply": "[{\"l\":'Energy for power irrigation',\"v\":8.6524776108616081e-05}]"}, {"source": 31, "prod": 0, "target": 4, "value": 7.0501669421835328e-05, "supply": "[{\"l\":'Energy for power irrigation',\"v\":7.0501669421835328e-05}]"}, {"source": 31, "prod": 0, "target": 5, "value": 0.0002307327362896429, "supply": "[{\"l\":'Energy for power irrigation',\"v\":0.0002307327362896429}]"}, {"source": 31, "prod": 0, "target": 6, "value": 4.1660077385629965e-05, "supply": "[{\"l\":'Energy for power irrigation',\"v\":4.1660077385629965e-05}]"}, {"source": 31, "prod": 0, "target": 7, "value": 0.00035250834710917665, "supply": "[{\"l\":'Energy for power irrigation',\"v\":0.00035250834710917665}]"}, {"source": 31, "prod": 0, "target": 8, "value": 0.00060246881142295638, "supply": "[{\"l\":'Energy for power irrigation',\"v\":0.00060246881142295638}]"}, {"source": 31, "prod": 0, "target": 9, "value": 1.2818485349424606e-05, "supply": "[{\"l\":'Energy for power irrigation',\"v\":1.2818485349424606e-05}]"}, {"source": 31, "prod": 0, "target": 14, "value": 0.00012818485349424605, "supply": "[{\"l\":'Energy for power irrigation',\"v\":0.00012818485349424605}]"}, {"source": 31, "prod": 0, "target": 11, "value": 6.7297048084479191e-05, "supply": "[{\"l\":'Energy for power irrigation',\"v\":6.7297048084479191e-05}]"}, {"source": 31, "prod": 0, "target": 12, "value": 3.8455456048273815e-05, "supply": "[{\"l\":'Energy for power irrigation',\"v\":3.8455456048273815e-05}]"}, {"source": 31, "prod": 0, "target": 30, "value": 6.1305799497248106e-05, "supply": "[{\"l\":'Energy for power irrigation',\"v\":6.1305799497248106e-05}]"}, {"source": 31, "prod": 0, "target": 13, "value": 0.00032687137641032745, "supply": "[{\"l\":'Energy for power irrigation',\"v\":0.00032687137641032745}]"}, {"source": 31, "prod": 0, "target": 10, "value": 1.6023106686780757e-05, "supply": "[{\"l\":'Energy for power irrigation',\"v\":1.6023106686780757e-05}]"}, {"source": 31, "prod": 0, "target": 15, "value": 3.2046213373561513e-05, "supply": "[{\"l\":'Energy for power irrigation',\"v\":3.2046213373561513e-05}]"}, {"source": 31, "prod": 0, "target": 17, "value": 0.00010895712547010915, "supply": "[{\"l\":'Energy for power irrigation',\"v\":0.00010895712547010915}]"}, {"source": 31, "prod": 0, "target": 3, "value": 6.409242674712303e-06, "supply": "[{\"l\":'Energy for power irrigation',\"v\":6.409242674712303e-06}]"}, {"source": 31, "prod": 0, "target": 19, "value": 7.6910912096547629e-05, "supply": "[{\"l\":'Energy for power irrigation',\"v\":7.6910912096547629e-05}]"}, {"source": 31, "prod": 0, "target": 20, "value": 2.2432349361493058e-05, "supply": "[{\"l\":'Energy for power irrigation',\"v\":2.2432349361493058e-05}]"}, {"source": 31, "prod": 0, "target": 16, "value": 0.0043102156987440245, "supply": "[{\"l\":'Energy for power irrigation',\"v\":0.0043102156987440245}]"}, {"source": 31, "prod": 0, "target": 21, "value": 6.4092426747123027e-05, "supply": "[{\"l\":'Energy for power irrigation',\"v\":6.4092426747123027e-05}]"}, {"source": 31, "prod": 0, "target": 22, "value": 0.00090049859579707857, "supply": "[{\"l\":'Energy for power irrigation',\"v\":0.00090049859579707857}]"}, {"source": 31, "prod": 0, "target": 26, "value": 9.9343261458040684e-05, "supply": "[{\"l\":'Energy for power irrigation',\"v\":9.9343261458040684e-05}]"}, {"source": 31, "prod": 0, "target": 23, "value": 0.0004486469872298612, "supply": "[{\"l\":'Energy for power irrigation',\"v\":0.0004486469872298612}]"}, {"source": 31, "prod": 0, "target": 25, "value": 0.0011376405747614336, "supply": "[{\"l\":'Energy for power irrigation',\"v\":0.0011376405747614336}]"}, {"source": 31, "prod": 0, "target": 27, "value": 4.4864698722986116e-05, "supply": "[{\"l\":'Energy for power irrigation',\"v\":4.4864698722986116e-05}]"}, {"source": 31, "prod": 0, "target": 29, "value": 0.0063900149466881656, "supply": "[{\"l\":'Energy for power irrigation',\"v\":0.0063900149466881656}]"}, {"source": 31, "prod": 0, "target": 28, "value": 7.6910912096547629e-05, "supply": "[{\"l\":'Energy for power irrigation',\"v\":7.6910912096547629e-05}]"}, {"source": 31, "prod": 0, "target": 18, "value": 1.2818485349424606e-05, "supply": "[{\"l\":'Energy for power irrigation',\"v\":1.2818485349424606e-05}]"}, {"source": 32, "prod": 0, "target": 31, "value": 0.0051598134233172711, "supply": [{"l": "Coal", "v": 0.0}, {"l": "Natural gas", "v": 0.0}, {"l": "Oil", "v": 0.0051598134233172711}]}, {"source": 33, "prod": 0, "target": 31, "value": 0.015020977359877164, "supply": [{"l": "Nuclear", "v": 0.0}, {"l": "Hydroelectric", "v": 0.012652931806572142}, {"l": "Renewable", "v": 0.0023680455533050234}]}, {"source": 32, "prod": 0, "target": 0, "value": 0.042382183048249172, "supply": [{"l": "Other fossil fuels", "v": 0.042382183048249172}]}, {"source": 32, "prod": 0, "target": 2, "value": 0.022216466920453194, "supply": [{"l": "Other fossil fuels", "v": 0.022216466920453194}]}, {"source": 32, "prod": 0, "target": 24, "value": 0.0046141892834787408, "supply": [{"l": "Other fossil fuels", "v": 0.0046141892834787408}]}, {"source": 32, "prod": 0, "target": 4, "value": 0.0037597097865382334, "supply": [{"l": "Other fossil fuels", "v": 0.0037597097865382334}]}, {"source": 32, "prod": 0, "target": 5, "value": 0.012304504755943309, "supply": [{"l": "Other fossil fuels", "v": 0.012304504755943309}]}, {"source": 32, "prod": 0, "target": 6, "value": 0.0022216466920453194, "supply": [{"l": "Other fossil fuels", "v": 0.0022216466920453194}]}, {"source": 32, "prod": 0, "target": 7, "value": 0.018798548932691166, "supply": [{"l": "Other fossil fuels", "v": 0.018798548932691166}]}, {"source": 32, "prod": 0, "target": 8, "value": 0.032128429084963078, "supply": [{"l": "Other fossil fuels", "v": 0.032128429084963078}]}, {"source": 32, "prod": 0, "target": 9, "value": 0.00068358359755240608, "supply": [{"l": "Other fossil fuels", "v": 0.00068358359755240608}]}, {"source": 32, "prod": 0, "target": 14, "value": 0.0068358359755240601, "supply": [{"l": "Other fossil fuels", "v": 0.0068358359755240601}]}, {"source": 32, "prod": 0, "target": 11, "value": 0.0035888138871501317, "supply": [{"l": "Other fossil fuels", "v": 0.0035888138871501317}]}, {"source": 32, "prod": 0, "target": 12, "value": 0.0020507507926572181, "supply": [{"l": "Other fossil fuels", "v": 0.0020507507926572181}]}, {"source": 32, "prod": 0, "target": 30, "value": 0.003269312857859333, "supply": [{"l": "Other fossil fuels", "v": 0.003269312857859333}]}, {"source": 32, "prod": 0, "target": 13, "value": 0.017431381737586356, "supply": [{"l": "Other fossil fuels", "v": 0.017431381737586356}]}, {"source": 32, "prod": 0, "target": 10, "value": 0.00085447949694050752, "supply": [{"l": "Other fossil fuels", "v": 0.00085447949694050752}]}, {"source": 32, "prod": 0, "target": 15, "value": 0.001708958993881015, "supply": [{"l": "Other fossil fuels", "v": 0.001708958993881015}]}, {"source": 32, "prod": 0, "target": 17, "value": 0.0058104605791954511, "supply": [{"l": "Other fossil fuels", "v": 0.0058104605791954511}]}, {"source": 32, "prod": 0, "target": 3, "value": 0.00034179179877620304, "supply": [{"l": "Other fossil fuels", "v": 0.00034179179877620304}]}, {"source": 32, "prod": 0, "target": 19, "value": 0.0041015015853144363, "supply": [{"l": "Other fossil fuels", "v": 0.0041015015853144363}]}, {"source": 32, "prod": 0, "target": 20, "value": 0.0011962712957167105, "supply": [{"l": "Other fossil fuels", "v": 0.0011962712957167105}]}, {"source": 32, "prod": 0, "target": 16, "value": 0.22985498467699655, "supply": [{"l": "Other fossil fuels", "v": 0.22985498467699655}]}, {"source": 32, "prod": 0, "target": 21, "value": 0.0034179179877620301, "supply": [{"l": "Other fossil fuels", "v": 0.0034179179877620301}]}, {"source": 32, "prod": 0, "target": 22, "value": 0.048021747728056521, "supply": [{"l": "Other fossil fuels", "v": 0.048021747728056521}]}, {"source": 32, "prod": 0, "target": 26, "value": 0.0052977728810311465, "supply": [{"l": "Other fossil fuels", "v": 0.0052977728810311465}]}, {"source": 32, "prod": 0, "target": 23, "value": 0.023925425914334213, "supply": [{"l": "Other fossil fuels", "v": 0.023925425914334213}]}, {"source": 32, "prod": 0, "target": 25, "value": 0.060668044282776036, "supply": [{"l": "Other fossil fuels", "v": 0.060668044282776036}]}, {"source": 32, "prod": 0, "target": 27, "value": 0.002392542591433421, "supply": [{"l": "Other fossil fuels", "v": 0.002392542591433421}]}, {"source": 32, "prod": 0, "target": 29, "value": 0.34076642337987439, "supply": [{"l": "Other fossil fuels", "v": 0.34076642337987439}]}, {"source": 32, "prod": 0, "target": 28, "value": 0.0041015015853144363, "supply": [{"l": "Other fossil fuels", "v": 0.0041015015853144363}]}, {"source": 32, "prod": 0, "target": 18, "value": 0.00068358359755240608, "supply": [{"l": "Other fossil fuels", "v": 0.00068358359755240608}]}, {"source": 34, "prod": 0.035100098457499174, "target": 0, "value": 0.0002100350893267634, "supply": [{"l": "Potash", "v": 0.000128194444547}, {"l": "Phosphate", "v": 0.0025250000020199995}, {"l": "Nitrogen", "v": 0.0018347222236899999}]}, {"source": 34, "prod": 0.018399245159172954, "target": 2, "value": 0.00011009903875999695, "supply": [{"l": "Potash", "v": 0.000128194444547}, {"l": "Phosphate", "v": 0.0025250000020199995}, {"l": "Nitrogen", "v": 0.0018347222236899999}]}, {"source": 34, "prod": 0.0038213816869051521, "target": 24, "value": 2.2866723434768597e-05, "supply": [{"l": "Potash", "v": 0.000128194444547}, {"l": "Phosphate", "v": 0.0025250000020199995}, {"l": "Nitrogen", "v": 0.0018347222236899999}]}, {"source": 34, "prod": 0.0031137184115523466, "target": 4, "value": 1.8632145020922561e-05, "supply": [{"l": "Potash", "v": 0.000128194444547}, {"l": "Phosphate", "v": 0.0025250000020199995}, {"l": "Nitrogen", "v": 0.0018347222236899999}]}, {"source": 34, "prod": 0.010190351165080406, "target": 5, "value": 6.0977929159382927e-05, "supply": [{"l": "Potash", "v": 0.000128194444547}, {"l": "Phosphate", "v": 0.0025250000020199995}, {"l": "Nitrogen", "v": 0.0018347222236899999}]}, {"source": 34, "prod": 0.0018399245159172956, "target": 6, "value": 1.1009903875999696e-05, "supply": [{"l": "Potash", "v": 0.000128194444547}, {"l": "Phosphate", "v": 0.0025250000020199995}, {"l": "Nitrogen", "v": 0.0018347222236899999}]}, {"source": 34, "prod": 0.015568592057761732, "target": 7, "value": 9.316072510461281e-05, "supply": [{"l": "Potash", "v": 0.000128194444547}, {"l": "Phosphate", "v": 0.0025250000020199995}, {"l": "Nitrogen", "v": 0.0018347222236899999}]}, {"source": 34, "prod": 0.026608139153265504, "target": 8, "value": 0.00015922014836061097, "supply": [{"l": "Potash", "v": 0.000128194444547}, {"l": "Phosphate", "v": 0.0025250000020199995}, {"l": "Nitrogen", "v": 0.0018347222236899999}]}, {"source": 34, "prod": 0.00056613062028224481, "target": 9, "value": 3.3876627310768295e-06, "supply": [{"l": "Potash", "v": 0.000128194444547}, {"l": "Phosphate", "v": 0.0025250000020199995}, {"l": "Nitrogen", "v": 0.0018347222236899999}]}, {"source": 34, "prod": 0.0056613062028224477, "target": 14, "value": 3.3876627310768291e-05, "supply": [{"l": "Potash", "v": 0.000128194444547}, {"l": "Phosphate", "v": 0.0025250000020199995}, {"l": "Nitrogen", "v": 0.0018347222236899999}]}, {"source": 34, "prod": 0.0029721857564817857, "target": 11, "value": 1.7785229338153357e-05, "supply": [{"l": "Potash", "v": 0.000128194444547}, {"l": "Phosphate", "v": 0.0025250000020199995}, {"l": "Nitrogen", "v": 0.0018347222236899999}]}, {"source": 34, "prod": 0.0016983918608467344, "target": 12, "value": 1.0162988193230488e-05, "supply": [{"l": "Potash", "v": 0.000128194444547}, {"l": "Phosphate", "v": 0.0025250000020199995}, {"l": "Nitrogen", "v": 0.0018347222236899999}]}, {"source": 34, "prod": 0.002707581227436823, "target": 30, "value": 1.6201865235584836e-05, "supply": [{"l": "Potash", "v": 0.000128194444547}, {"l": "Phosphate", "v": 0.0025250000020199995}, {"l": "Nitrogen", "v": 0.0018347222236899999}]}, {"source": 34, "prod": 0.014436330817197245, "target": 13, "value": 8.6385399642459161e-05, "supply": [{"l": "Potash", "v": 0.000128194444547}, {"l": "Phosphate", "v": 0.0025250000020199995}, {"l": "Nitrogen", "v": 0.0018347222236899999}]}, {"source": 34, "prod": 0.00070766327535280596, "target": 10, "value": 4.2345784138460364e-06, "supply": [{"l": "Potash", "v": 0.000128194444547}, {"l": "Phosphate", "v": 0.0025250000020199995}, {"l": "Nitrogen", "v": 0.0018347222236899999}]}, {"source": 34, "prod": 0.0014153265507056119, "target": 15, "value": 8.4691568276920729e-06, "supply": [{"l": "Potash", "v": 0.000128194444547}, {"l": "Phosphate", "v": 0.0025250000020199995}, {"l": "Nitrogen", "v": 0.0018347222236899999}]}, {"source": 34, "prod": 0.0048121102723990812, "target": 17, "value": 2.8795133214153051e-05, "supply": [{"l": "Potash", "v": 0.000128194444547}, {"l": "Phosphate", "v": 0.0025250000020199995}, {"l": "Nitrogen", "v": 0.0018347222236899999}]}, {"source": 34, "prod": 0.00028306531014112241, "target": 3, "value": 1.6938313655384147e-06, "supply": [{"l": "Potash", "v": 0.000128194444547}, {"l": "Phosphate", "v": 0.0025250000020199995}, {"l": "Nitrogen", "v": 0.0018347222236899999}]}, {"source": 34, "prod": 0.0033967837216934689, "target": 19, "value": 2.0325976386460977e-05, "supply": [{"l": "Potash", "v": 0.000128194444547}, {"l": "Phosphate", "v": 0.0025250000020199995}, {"l": "Nitrogen", "v": 0.0018347222236899999}]}, {"source": 34, "prod": 0.00099072858549392826, "target": 20, "value": 5.9284097793844512e-06, "supply": [{"l": "Potash", "v": 0.000128194444547}, {"l": "Phosphate", "v": 0.0025250000020199995}, {"l": "Nitrogen", "v": 0.0018347222236899999}]}, {"source": 34, "prod": 0.19036142106990483, "target": 16, "value": 0.0011391015933245839, "supply": [{"l": "Potash", "v": 0.000128194444547}, {"l": "Phosphate", "v": 0.0025250000020199995}, {"l": "Nitrogen", "v": 0.0018347222236899999}]}, {"source": 34, "prod": 0.0028306531014112239, "target": 21, "value": 1.6938313655384146e-05, "supply": [{"l": "Potash", "v": 0.000128194444547}, {"l": "Phosphate", "v": 0.0025250000020199995}, {"l": "Nitrogen", "v": 0.0018347222236899999}]}, {"source": 34, "prod": 0.039770676074827697, "target": 22, "value": 0.00023798330685814728, "supply": [{"l": "Potash", "v": 0.000128194444547}, {"l": "Phosphate", "v": 0.0025250000020199995}, {"l": "Nitrogen", "v": 0.0018347222236899999}]}, {"source": 34, "prod": 0.0043875123071873967, "target": 26, "value": 2.6254386165845425e-05, "supply": [{"l": "Potash", "v": 0.000128194444547}, {"l": "Phosphate", "v": 0.0025250000020199995}, {"l": "Nitrogen", "v": 0.0018347222236899999}]}, {"source": 34, "prod": 0.019814571709878569, "target": 23, "value": 0.00011856819558768904, "supply": [{"l": "Potash", "v": 0.000128194444547}, {"l": "Phosphate", "v": 0.0025250000020199995}, {"l": "Nitrogen", "v": 0.0018347222236899999}]}, {"source": 34, "prod": 0.050244092550049226, "target": 25, "value": 0.00030065506738306862, "supply": [{"l": "Potash", "v": 0.000128194444547}, {"l": "Phosphate", "v": 0.0025250000020199995}, {"l": "Nitrogen", "v": 0.0018347222236899999}]}, {"source": 34, "prod": 0.0019814571709878565, "target": 27, "value": 1.1856819558768902e-05, "supply": [{"l": "Potash", "v": 0.000128194444547}, {"l": "Phosphate", "v": 0.0025250000020199995}, {"l": "Nitrogen", "v": 0.0018347222236899999}]}, {"source": 34, "prod": 0.28221611421069903, "target": 29, "value": 0.0016887498714417994, "supply": [{"l": "Potash", "v": 0.000128194444547}, {"l": "Phosphate", "v": 0.0025250000020199995}, {"l": "Nitrogen", "v": 0.0018347222236899999}]}, {"source": 34, "prod": 0.0033967837216934689, "target": 28, "value": 2.0325976386460977e-05, "supply": [{"l": "Potash", "v": 0.000128194444547}, {"l": "Phosphate", "v": 0.0025250000020199995}, {"l": "Nitrogen", "v": 0.0018347222236899999}]}, {"source": 34, "prod": 0.00056613062028224481, "target": 18, "value": 3.3876627310768295e-06, "supply": [{"l": "Potash", "v": 0.000128194444547}, {"l": "Phosphate", "v": 0.0025250000020199995}, {"l": "Nitrogen", "v": 0.0018347222236899999}]}, {"source": 32, "prod": 0, "target": 34, "value": 0.0052978564924697274, "supply": [{"l": "Natural gas (including LNG)", "v": 0.0037508210888331632}, {"l": "Fuel oil", "v": 0.0012227093793658042}, {"l": "Liquefied petroleum gas (LPG)", "v": 0.00016216301213538013}, {"l": "Coal", "v": 0.00016216301213538013}]}, {"source": 35, "prod": 0, "target": 0, "value": 0.0084808167764960536, "supply": "[{\"l\":'Labor',\"v\":0.0084808167764960536}]"}, {"source": 35, "prod": 0, "target": 2, "value": 0.0044455894392922864, "supply": "[{\"l\":'Labor',\"v\":0.0044455894392922864}]"}, {"source": 35, "prod": 0, "target": 24, "value": 0.00092331472969916714, "supply": "[{\"l\":'Labor',\"v\":0.00092331472969916714}]"}, {"source": 35, "prod": 0, "target": 4, "value": 0.00075233052049561769, "supply": "[{\"l\":'Labor',\"v\":0.00075233052049561769}]"}, {"source": 35, "prod": 0, "target": 5, "value": 0.0024621726125311125, "supply": "[{\"l\":'Labor',\"v\":0.0024621726125311125}]"}, {"source": 35, "prod": 0, "target": 6, "value": 0.00044455894392922863, "supply": "[{\"l\":'Labor',\"v\":0.00044455894392922863}]"}, {"source": 35, "prod": 0, "target": 7, "value": 0.0037616526024780886, "supply": "[{\"l\":'Labor',\"v\":0.0037616526024780886}]"}, {"source": 35, "prod": 0, "target": 8, "value": 0.0064290062660534598, "supply": "[{\"l\":'Labor',\"v\":0.0064290062660534598}]"}, {"source": 35, "prod": 0, "target": 9, "value": 0.00013678736736283959, "supply": "[{\"l\":'Labor',\"v\":0.00013678736736283959}]"}, {"source": 35, "prod": 0, "target": 14, "value": 0.0013678736736283958, "supply": "[{\"l\":'Labor',\"v\":0.0013678736736283958}]"}, {"source": 35, "prod": 0, "target": 11, "value": 0.0007181336786549078, "supply": "[{\"l\":'Labor',\"v\":0.0007181336786549078}]"}, {"source": 35, "prod": 0, "target": 12, "value": 0.00041036210208851874, "supply": "[{\"l\":'Labor',\"v\":0.00041036210208851874}]"}, {"source": 35, "prod": 0, "target": 30, "value": 0.00065420045260488496, "supply": "[{\"l\":'Labor',\"v\":0.00065420045260488496}]"}, {"source": 35, "prod": 0, "target": 13, "value": 0.0034880778677524094, "supply": "[{\"l\":'Labor',\"v\":0.0034880778677524094}]"}, {"source": 35, "prod": 0, "target": 10, "value": 0.00017098420920354948, "supply": "[{\"l\":'Labor',\"v\":0.00017098420920354948}]"}, {"source": 35, "prod": 0, "target": 15, "value": 0.00034196841840709896, "supply": "[{\"l\":'Labor',\"v\":0.00034196841840709896}]"}, {"source": 35, "prod": 0, "target": 17, "value": 0.0011626926225841365, "supply": "[{\"l\":'Labor',\"v\":0.0011626926225841365}]"}, {"source": 35, "prod": 0, "target": 3, "value": 6.8393683681419794e-05, "supply": "[{\"l\":'Labor',\"v\":6.8393683681419794e-05}]"}, {"source": 35, "prod": 0, "target": 19, "value": 0.00082072420417703747, "supply": "[{\"l\":'Labor',\"v\":0.00082072420417703747}]"}, {"source": 35, "prod": 0, "target": 20, "value": 0.00023937789288496926, "supply": "[{\"l\":'Labor',\"v\":0.00023937789288496926}]"}, {"source": 35, "prod": 0, "target": 16, "value": 0.045994752275754815, "supply": "[{\"l\":'Labor',\"v\":0.045994752275754815}]"}, {"source": 35, "prod": 0, "target": 21, "value": 0.00068393683681419791, "supply": "[{\"l\":'Labor',\"v\":0.00068393683681419791}]"}, {"source": 35, "prod": 0, "target": 22, "value": 0.0096093125572394803, "supply": "[{\"l\":'Labor',\"v\":0.0096093125572394803}]"}, {"source": 35, "prod": 0, "target": 26, "value": 0.0010601020970620067, "supply": "[{\"l\":'Labor',\"v\":0.0010601020970620067}]"}, {"source": 35, "prod": 0, "target": 23, "value": 0.004787557857699385, "supply": "[{\"l\":'Labor',\"v\":0.004787557857699385}]"}, {"source": 35, "prod": 0, "target": 25, "value": 0.012139878853452012, "supply": "[{\"l\":'Labor',\"v\":0.012139878853452012}]"}, {"source": 35, "prod": 0, "target": 27, "value": 0.00047875578576993852, "supply": "[{\"l\":'Labor',\"v\":0.00047875578576993852}]"}, {"source": 35, "prod": 0, "target": 29, "value": 0.068188502630375528, "supply": "[{\"l\":'Labor',\"v\":0.068188502630375528}]"}, {"source": 35, "prod": 0, "target": 28, "value": 0.00082072420417703747, "supply": "[{\"l\":'Labor',\"v\":0.00082072420417703747}]"}, {"source": 35, "prod": 0, "target": 18, "value": 0.00013678736736283959, "supply": "[{\"l\":'Labor',\"v\":0.00013678736736283959}]"}]}