{"nodes": [{"name": "Balance", "fill": "#9edae5"}, {"name": "Food", "fill": "#b5cf6b"}, {"name": "Stock Deposit", "fill": "#c7c7c7"}, {"name": "Export", "fill": "#aec7e8"}, {"name": "Biofuels & Other", "fill": "#e7ba52"}, {"name": "Renewables & Nuclear", "fill": "#2ca02c"}, {"name": "Fossil Fuels", "fill": "#c49c94"}, {"name": "Stock Draw", "fill": "#c7c7c7"}, {"name": "Labor", "fill": "#7f7f7f"}], "links": [{"source": 0, "target": 1, "value": 2.0285110565141848}, {"source": 0, "target": 2, "value": 0.24350462702427744}, {"source": 0, "target": 3, "value": 0.28451224428159355}, {"source": 0, "target": 4, "value": 0.083949685851144457}, {"source": 5, "target": 0, "value": 0.20196961359620733}, {"source": 6, "target": 0, "value": 0.95772407373370538}, {"source": 7, "target": 0, "value": 0.016116361946096752}, {"source": 8, "target": 0, "value": 0.1999182471180134}]}