{"nodes": [{"name": "Balance", "fill": "#9edae5"}, {"name": "Food", "fill": "#b5cf6b"}, {"name": "Stock Deposit", "fill": "#c7c7c7"}, {"name": "Export", "fill": "#aec7e8"}, {"name": "Biofuels & Other", "fill": "#e7ba52"}, {"name": "Crop Residue", "fill": "#bd9e39"}, {"name": "Renewables & Nuclear", "fill": "#2ca02c"}, {"name": "Fossil Fuels", "fill": "#c49c94"}, {"name": "Stock Draw", "fill": "#c7c7c7"}, {"name": "Labor", "fill": "#7f7f7f"}], "links": [{"source": 0, "target": 1, "value": 1.8296795710535769}, {"source": 0, "target": 2, "value": 0.07700937906283721}, {"source": 0, "target": 3, "value": 0.24645672649080982}, {"source": 0, "target": 4, "value": 0.074371630703601144}, {"source": 0, "target": 5, "value": 10.632205529350379}, {"source": 6, "target": 0, "value": 0.22673601131037502}, {"source": 7, "target": 0, "value": 0.95572285027920334}, {"source": 8, "target": 0, "value": 0.00054423290494230768}, {"source": 9, "target": 0, "value": 0.18121352537155314}]}