{"nodes": [{"layer": 3, "name": "Treenuts"}, {"layer": 5, "name": "Production", "fill": "#b5cf6b"}, {"layer": 3, "name": "Pulses"}, {"layer": 3, "name": "Vegetables"}, {"layer": 3, "name": "Sugar Crops", "fill": "#ffbb78"}, {"layer": 3, "name": "Starchy Roots"}, {"layer": 3, "name": "Others"}, {"layer": 3, "name": "Cereals - Excluding Beer"}, {"layer": 3, "name": "Spices"}, {"layer": 3, "name": "Stimulants"}, {"layer": 3, "name": "Fruits - Excluding Wine"}, {"layer": 3, "name": "Oilcrops", "fill": "#ff9896"}, {"layer": 1, "name": "Electricity", "fill": "#bcbd22"}, {"layer": 0, "name": "Fossil Fuels", "fill": "#c49c94"}, {"layer": 0, "name": "Renewables & Nuclear", "fill": "#2ca02c"}, {"layer": 1, "name": "Fertilizers", "fill": "#c5b0d5"}, {"layer": 0, "name": "Labor", "fill": "#7f7f7f"}], "links": [{"source": 0, "prod": 253.0, "target": 1, "value": 0.76713515329510717, "supply": [{"l": "Treenuts", "v": 0.76713515329510717}]}, {"source": 2, "prod": 1062.0, "target": 1, "value": 4.2810115860517355, "supply": [{"l": "Peas", "v": 0.88475084041357899}, {"l": "Beans", "v": 3.2679074860410542}, {"l": "Pulses, Other", "v": 0.12835325959710236}]}, {"source": 3, "prod": 24207.0, "target": 1, "value": 7.164583035323262, "supply": [{"l": "Tomatoes", "v": 1.5494439051944917}, {"l": "Vegetables, Other", "v": 5.1128121588670199}, {"l": "Onions", "v": 0.50232697126175008}]}, {"source": 4, "prod": 46804.0, "target": 1, "value": 37.033488266619869, "supply": [{"l": "Sugar beet", "v": 28.222242168259999}, {"l": "Sugar cane", "v": 8.8112460983598666}]}, {"source": 5, "prod": 16422.0, "target": 1, "value": 11.445664794190968, "supply": [{"l": "Roots, Other", "v": 0.00424501665855}, {"l": "Sweet potatoes", "v": 0.56756059729952646}, {"l": "Potatoes", "v": 10.873859180232891}]}, {"source": 6, "prod": 253.0, "target": 1, "value": 0.76713515329510717, "supply": [{"l": "Nuts", "v": 0.76713515329510717}]}, {"source": 7, "prod": 235547.0, "target": 1, "value": 738.79066415299542, "supply": [{"l": "Maize", "v": 363.77307724824487}, {"l": "Rye", "v": 3.0312072077458594}, {"l": "Barley", "v": 60.834272479515413}, {"l": "Rice", "v": 14.520051552829102}, {"l": "Cereals, Other", "v": 8.2941094713207697}, {"l": "Wheat", "v": 183.32229659840806}, {"l": "Oats", "v": 39.595905756384987}, {"l": "Sorghum", "v": 64.855952563582619}, {"l": "Millet", "v": 0.56379127496367187}]}, {"source": 8, "prod": 7.0, "target": 1, "value": 0.02971511660985, "supply": [{"l": "Pimento", "v": 0.02971511660985}]}, {"source": 9, "prod": 2.0, "target": 1, "value": 0.0010729899926824645, "supply": [{"l": "Coffee", "v": 0.0010729899926824645}]}, {"source": 10, "prod": 18202.0, "target": 1, "value": 8.3217244391159113, "supply": [{"l": "Grapefruit", "v": 0.29441832275608587}, {"l": "Grapes", "v": 2.5555936685204506}, {"l": "Dates", "v": 0.068573346022730769}, {"l": "Lemons, Limes", "v": 0.12040771550186216}, {"l": "Pineapples", "v": 0.3324434591613864}, {"l": "Bananas", "v": 0.0020403284340160216}, {"l": "Fruits, Other", "v": 1.8159915259011092}, {"l": "Oranges, Mandarines", "v": 1.4977289544012309}, {"l": "Apples", "v": 1.6345271184170398}]}, {"source": 11, "prod": 37625.0, "target": 1, "value": 150.62187461658706, "supply": [{"l": "Olives", "v": 0.10681009656996776}, {"l": "Sunflower seed", "v": 0.31021275581711538}, {"l": "Cottonseed", "v": 13.744057781413037}, {"l": "Groundnuts", "v": 5.6763941764742984}, {"l": "Oilcrops, Other", "v": 8.5142905551488592}, {"l": "Soyabeans", "v": 120.12474313988119}, {"l": "Rape and Mustardseed", "v": 2.1453661112825766}]}, {"source": 12, "prod": 0, "target": 11, "value": 0.00024816952186541787, "supply": "[{\"l\":'Energy for power irrigation',\"v\":0.00024816952186541787}]"}, {"source": 12, "prod": 0, "target": 0, "value": 2.6888019093097282e-06, "supply": "[{\"l\":'Energy for power irrigation',\"v\":2.6888019093097282e-06}]"}, {"source": 12, "prod": 0, "target": 3, "value": 0.00017125599853141959, "supply": "[{\"l\":'Energy for power irrigation',\"v\":0.00017125599853141959}]"}, {"source": 12, "prod": 0, "target": 4, "value": 0.00032268380657264747, "supply": "[{\"l\":'Energy for power irrigation',\"v\":0.00032268380657264747}]"}, {"source": 12, "prod": 0, "target": 5, "value": 0.00011502211962556115, "supply": "[{\"l\":'Energy for power irrigation',\"v\":0.00011502211962556115}]"}, {"source": 12, "prod": 0, "target": 2, "value": 7.2494236093312288e-06, "supply": "[{\"l\":'Energy for power irrigation',\"v\":7.2494236093312288e-06}]"}, {"source": 12, "prod": 0, "target": 6, "value": 2.7611927299449899e-06, "supply": "[{\"l\":'Energy for power irrigation',\"v\":2.7611927299449899e-06}]"}, {"source": 12, "prod": 0, "target": 7, "value": 0.0016110887378751688, "supply": "[{\"l\":'Energy for power irrigation',\"v\":0.0016110887378751688}]"}, {"source": 12, "prod": 0, "target": 8, "value": 2.757745548009977e-07, "supply": "[{\"l\":'Energy for power irrigation',\"v\":2.757745548009977e-07}]"}, {"source": 12, "prod": 0, "target": 9, "value": 7.325261611901502e-06, "supply": "[{\"l\":'Energy for power irrigation',\"v\":7.325261611901502e-06}]"}, {"source": 12, "prod": 0, "target": 10, "value": 0.00013882146370488725, "supply": "[{\"l\":'Energy for power irrigation',\"v\":0.00013882146370488725}]"}, {"source": 13, "prod": 0, "target": 12, "value": 0.0050999164134702879, "supply": [{"l": "Coal", "v": 0.0032241817494795349}, {"l": "Natural gas", "v": 0.001354510311705396}, {"l": "Oil", "v": 0.00052122435228535674}]}, {"source": 14, "prod": 0, "target": 12, "value": 0.00062101177299807504, "supply": [{"l": "Nuclear", "v": 2.3695831400987317e-05}, {"l": "Hydroelectric", "v": 0.00059627533013641458}, {"l": "Renewable", "v": 1.0406114606731137e-06}]}, {"source": 13, "prod": 0, "target": 11, "value": 16.020197363298944, "supply": [{"l": "Motor Gasoline", "v": 5.9624148427544288}, {"l": "Gas-Diesel oil", "v": 8.3346135854130452}, {"l": "Natural gas (including LNG)", "v": 1.1563311450442251}, {"l": "Fuel oil", "v": 0.015546839141617046}, {"l": "Liquefied petroleum gas (LPG)", "v": 0.17829800112103261}, {"l": "Coal", "v": 0.3729929498245943}]}, {"source": 13, "prod": 0, "target": 0, "value": 0.17357142381616256, "supply": [{"l": "Motor Gasoline", "v": 0.064600005241533143}, {"l": "Gas-Diesel oil", "v": 0.090301680695385245}, {"l": "Natural gas (including LNG)", "v": 0.01252831277273163}, {"l": "Fuel oil", "v": 0.0001684428065682478}, {"l": "Liquefied petroleum gas (LPG)", "v": 0.0019317763206245894}, {"l": "Coal", "v": 0.0040412059793196956}]}, {"source": 13, "prod": 0, "target": 3, "value": 11.055164532290968, "supply": [{"l": "Motor Gasoline", "v": 4.1145234107684185}, {"l": "Gas-Diesel oil", "v": 5.7515224319829983}, {"l": "Natural gas (including LNG)", "v": 0.79795715198629147}, {"l": "Fuel oil", "v": 0.010728511064500705}, {"l": "Liquefied petroleum gas (LPG)", "v": 0.12303929180593537}, {"l": "Coal", "v": 0.25739373468282367}]}, {"source": 13, "prod": 0, "target": 4, "value": 20.830351077670958, "supply": [{"l": "Motor Gasoline", "v": 7.7526631931403012}, {"l": "Gas-Diesel oil", "v": 10.837127854530285}, {"l": "Natural gas (including LNG)", "v": 1.5035260282434133}, {"l": "Fuel oil", "v": 0.02021486440671864}, {"l": "Liquefied petroleum gas (LPG)", "v": 0.23183297156541868}, {"l": "Coal", "v": 0.48498616578481807}]}, {"source": 13, "prod": 0, "target": 5, "value": 7.4250739724024317, "supply": [{"l": "Motor Gasoline", "v": 2.7634722755054315}, {"l": "Gas-Diesel oil", "v": 3.8629438202088715}, {"l": "Natural gas (including LNG)", "v": 0.535938733702226}, {"l": "Fuel oil", "v": 0.007205680931747083}, {"l": "Liquefied petroleum gas (LPG)", "v": 0.082637923705488045}, {"l": "Coal", "v": 0.17287553834866703}]}, {"source": 13, "prod": 0, "target": 2, "value": 0.46797526190434602, "supply": [{"l": "Motor Gasoline", "v": 0.17417155259351821}, {"l": "Gas-Diesel oil", "v": 0.24346722372101948}, {"l": "Natural gas (including LNG)", "v": 0.033778258668018743}, {"l": "Fuel oil", "v": 0.00045414772078592965}, {"l": "Liquefied petroleum gas (LPG)", "v": 0.0052083661567609123}, {"l": "Coal", "v": 0.010895713044242718}]}, {"source": 13, "prod": 0, "target": 6, "value": 0.17824450061121308, "supply": [{"l": "Motor Gasoline", "v": 0.066339236151882114}, {"l": "Gas-Diesel oil", "v": 0.092732879791030232}, {"l": "Natural gas (including LNG)", "v": 0.01286561350122825}, {"l": "Fuel oil", "v": 0.0001729778052066237}, {"l": "Liquefied petroleum gas (LPG)", "v": 0.0019837856831029436}, {"l": "Coal", "v": 0.0041500076787629181}]}, {"source": 13, "prod": 0, "target": 7, "value": 104.00132682104744, "supply": [{"l": "Motor Gasoline", "v": 38.707329294492176}, {"l": "Gas-Diesel oil", "v": 54.107377816048761}, {"l": "Natural gas (including LNG)", "v": 7.5067722701473665}, {"l": "Fuel oil", "v": 0.10092833826790072}, {"l": "Liquefied petroleum gas (LPG)", "v": 1.1574906516825521}, {"l": "Coal", "v": 2.4214284504086798}]}, {"source": 13, "prod": 0, "target": 8, "value": 0.01780219731447821, "supply": [{"l": "Motor Gasoline", "v": 0.0066256415632341683}, {"l": "Gas-Diesel oil", "v": 0.009261710840552332}, {"l": "Natural gas (including LNG)", "v": 0.0012849551561776029}, {"l": "Fuel oil", "v": 1.7276185289051055e-05}, {"l": "Liquefied petroleum gas (LPG)", "v": 0.00019813090467944505}, {"l": "Coal", "v": 0.00041448266454560982}]}, {"source": 13, "prod": 0, "target": 9, "value": 0.47287086616582746, "supply": [{"l": "Motor Gasoline", "v": 0.17599360402340758}, {"l": "Gas-Diesel oil", "v": 0.24601419420217133}, {"l": "Natural gas (including LNG)", "v": 0.034131621335967581}, {"l": "Fuel oil", "v": 0.00045889867174041867}, {"l": "Liquefied petroleum gas (LPG)", "v": 0.0052628521555477589}, {"l": "Coal", "v": 0.01100969577699276}]}, {"source": 13, "prod": 0, "target": 10, "value": 8.9614036006419013, "supply": [{"l": "Motor Gasoline", "v": 3.3352651424125401}, {"l": "Gas-Diesel oil", "v": 4.6622294657485375}, {"l": "Natural gas (including LNG)", "v": 0.64683036368035318}, {"l": "Fuel oil", "v": 0.0086966157221921876}, {"l": "Liquefied petroleum gas (LPG)", "v": 0.099736620779324145}, {"l": "Coal", "v": 0.20864539229895315}]}, {"source": 15, "prod": 164.89705553050237, "target": 11, "value": 1.9574094167248128, "supply": [{"l": "Potash", "v": 0.98521696258257541}, {"l": "Phosphate", "v": 1.5601570133879601}, {"l": "Nitrogen", "v": 18.177493739255702}]}, {"source": 15, "prod": 1.7865832775001644, "target": 0, "value": 0.02120762508397258, "supply": [{"l": "Potash", "v": 0.98521696258257541}, {"l": "Phosphate", "v": 1.5601570133879601}, {"l": "Nitrogen", "v": 18.177493739255702}]}, {"source": 15, "prod": 113.791611828472, "target": 3, "value": 1.3507625822714842, "supply": [{"l": "Potash", "v": 0.98521696258257541}, {"l": "Phosphate", "v": 1.5601570133879601}, {"l": "Nitrogen", "v": 18.177493739255702}]}, {"source": 15, "prod": 214.40831723107101, "target": 4, "value": 2.545132524180135, "supply": [{"l": "Potash", "v": 0.98521696258257541}, {"l": "Phosphate", "v": 1.5601570133879601}, {"l": "Nitrogen", "v": 18.177493739255702}]}, {"source": 15, "prod": 76.426825923523054, "target": 5, "value": 0.90722413612424757, "supply": [{"l": "Potash", "v": 0.98521696258257541}, {"l": "Phosphate", "v": 1.5601570133879601}, {"l": "Nitrogen", "v": 18.177493739255702}]}, {"source": 15, "prod": 4.8169033751062127, "target": 2, "value": 0.057179019937941458, "supply": [{"l": "Potash", "v": 0.98521696258257541}, {"l": "Phosphate", "v": 1.5601570133879601}, {"l": "Nitrogen", "v": 18.177493739255702}]}, {"source": 15, "prod": 1.8346835965097841, "target": 6, "value": 0.021778599605464147, "supply": [{"l": "Potash", "v": 0.98521696258257541}, {"l": "Phosphate", "v": 1.5601570133879601}, {"l": "Nitrogen", "v": 18.177493739255702}]}, {"source": 15, "prod": 1070.4932139815216, "target": 7, "value": 12.707282679161231, "supply": [{"l": "Potash", "v": 0.98521696258257541}, {"l": "Phosphate", "v": 1.5601570133879601}, {"l": "Nitrogen", "v": 18.177493739255702}]}, {"source": 15, "prod": 0.18323931051283737, "target": 8, "value": 0.0021751410342535976, "supply": [{"l": "Potash", "v": 0.98521696258257541}, {"l": "Phosphate", "v": 1.5601570133879601}, {"l": "Nitrogen", "v": 18.177493739255702}]}, {"source": 15, "prod": 4.8672941854972427, "target": 9, "value": 0.057777183722361188, "supply": [{"l": "Potash", "v": 0.98521696258257541}, {"l": "Phosphate", "v": 1.5601570133879601}, {"l": "Nitrogen", "v": 18.177493739255702}]}, {"source": 15, "prod": 92.240378420780914, "target": 10, "value": 1.094938807380333, "supply": [{"l": "Potash", "v": 0.98521696258257541}, {"l": "Phosphate", "v": 1.5601570133879601}, {"l": "Nitrogen", "v": 18.177493739255702}]}, {"source": 13, "prod": 0, "target": 15, "value": 25.372552855763388, "supply": [{"l": "Natural gas (including LNG)", "v": 16.982551888589317}, {"l": "Fuel oil", "v": 5.1767438323678459}, {"l": "Liquefied petroleum gas (LPG)", "v": 1.6066285674031131}, {"l": "Coal", "v": 1.6066285674031131}]}, {"source": 16, "prod": 0, "target": 11, "value": 0.31915966957518827, "supply": "[{\"l\":'Labor',\"v\":0.31915966957518827}]"}, {"source": 16, "prod": 0, "target": 0, "value": 0.003457947303431587, "supply": "[{\"l\":'Labor',\"v\":0.003457947303431587}]"}, {"source": 16, "prod": 0, "target": 3, "value": 0.2202446436339503, "supply": "[{\"l\":'Labor',\"v\":0.2202446436339503}]"}, {"source": 16, "prod": 0, "target": 4, "value": 0.41498914253797953, "supply": "[{\"l\":'Labor',\"v\":0.41498914253797953}]"}, {"source": 16, "prod": 0, "target": 5, "value": 0.14792477906872023, "supply": "[{\"l\":'Labor',\"v\":0.14792477906872023}]"}, {"source": 16, "prod": 0, "target": 2, "value": 0.0093231579219443944, "supply": "[{\"l\":'Labor',\"v\":0.0093231579219443944}]"}, {"source": 16, "prod": 0, "target": 6, "value": 0.003551045884677822, "supply": "[{\"l\":'Labor',\"v\":0.003551045884677822}]"}, {"source": 16, "prod": 0, "target": 7, "value": 2.0719488250269236, "supply": "[{\"l\":'Labor',\"v\":2.0719488250269236}]"}, {"source": 16, "prod": 0, "target": 8, "value": 0.00035466126189041917, "supply": "[{\"l\":'Labor',\"v\":0.00035466126189041917}]"}, {"source": 16, "prod": 0, "target": 9, "value": 0.0094206897689642598, "supply": "[{\"l\":'Labor',\"v\":0.0094206897689642598}]"}, {"source": 16, "prod": 0, "target": 10, "value": 0.17853204596986338, "supply": "[{\"l\":'Labor',\"v\":0.17853204596986338}]"}]}