{"nodes": [{"layer": 3, "name": "Cereals", "fill": "#e7ba52"}, {"layer": 5, "name": "Production", "fill": "#b5cf6b"}, {"layer": 3, "name": "Oilcrops", "fill": "#ff9896"}, {"layer": 3, "name": "Sugar Crops", "fill": "#ffbb78"}, {"layer": 3, "name": "Starchy Roots"}, {"layer": 3, "name": "Fruits & Vegetables"}, {"layer": 3, "name": "Others"}, {"layer": 1, "name": "Electricity", "fill": "#bcbd22"}, {"layer": 0, "name": "Fossil Fuels", "fill": "#c49c94"}, {"layer": 0, "name": "Renewables & Nuclear", "fill": "#2ca02c"}, {"layer": 1, "name": "Fertilizers", "fill": "#c5b0d5"}, {"layer": 0, "name": "Labor", "fill": "#7f7f7f"}], "links": [{"source": 0, "prod": 214275.0, "target": 1, "value": 672.26192378514838, "supply": [{"l": "Maize", "v": 339.12977540895821}, {"l": "Rye", "v": 5.0091196570890002}, {"l": "Barley", "v": 66.255481742881699}, {"l": "Rice", "v": 11.688104855928962}, {"l": "Cereals, Other", "v": 8.6019473926435914}, {"l": "Wheat", "v": 140.4273759693364}, {"l": "Oats", "v": 39.333154353532898}, {"l": "Sorghum", "v": 61.286337322458827}, {"l": "Millet", "v": 0.53062708231875}]}, {"source": 2, "prod": 39669.086956521736, "target": 1, "value": 160.41934141992516, "supply": [{"l": "Olives", "v": 0.043372996293880445}, {"l": "Sunflower seed", "v": 0.39266404091587503}, {"l": "Cottonseed", "v": 13.053426225041251}, {"l": "Groundnuts", "v": 6.6768677242577441}, {"l": "Oilcrops, Other", "v": 13.068586998821786}, {"l": "Soyabeans", "v": 120.93609728410209}, {"l": "Rape and Mustardseed", "v": 6.1375865854868756}, {"l": "Oil Palm", "v": 0.11073956500565174}]}, {"source": 3, "prod": 45570.0, "target": 1, "value": 33.721707952644593, "supply": [{"l": "Sugar beet", "v": 27.662051058220001}, {"l": "Sugar cane", "v": 6.0596568944245881}]}, {"source": 4, "prod": 17888.0, "target": 1, "value": 12.448559215702037, "supply": [{"l": "Roots, Other", "v": 0.004166887517595092}, {"l": "Sweet potatoes", "v": 0.57957076753719183}, {"l": "Potatoes", "v": 11.86482156064725}]}, {"source": 5, "prod": 44551.0, "target": 1, "value": 19.977267056080969, "supply": [{"l": "Grapefruit", "v": 0.40442319570531571}, {"l": "Tomatoes", "v": 1.1209160319605842}, {"l": "Treenuts", "v": 0.85053503875174485}, {"l": "Vegetables, Other", "v": 4.1082235581374951}, {"l": "Peas", "v": 0.71838743452384624}, {"l": "Grapes", "v": 2.0950566155516146}, {"l": "Dates", "v": 0.065604802904863646}, {"l": "Beans", "v": 3.3469303217255155}, {"l": "Pulses, Other", "v": 0.13323353914742531}, {"l": "Lemons, Limes", "v": 0.12642767004811958}, {"l": "Pineapples", "v": 0.33230220901771496}, {"l": "Bananas", "v": 0.0021755013099007884}, {"l": "Fruits, Other", "v": 1.9548752112268222}, {"l": "Oranges, Mandarines", "v": 2.3279514857178212}, {"l": "Onions", "v": 0.51984056457981143}, {"l": "Apples", "v": 1.8703838757723714}]}, {"source": 6, "prod": 314.0, "target": 1, "value": 0.89753688702175383, "supply": [{"l": "Nuts", "v": 0.85053503875174485}, {"l": "Coffee", "v": 0.001014167802383959}, {"l": "Pimento", "v": 0.045987680467625004}]}, {"source": 7, "prod": 0, "target": 0, "value": 0.0018320453741984305, "supply": "[{\"l\":'Energy for power irrigation',\"v\":0.0018320453741984305}]"}, {"source": 7, "prod": 0, "target": 2, "value": 0.0003316692324729023, "supply": "[{\"l\":'Energy for power irrigation',\"v\":0.0003316692324729023}]"}, {"source": 7, "prod": 0, "target": 3, "value": 0.00034509953807866872, "supply": "[{\"l\":'Energy for power irrigation',\"v\":0.00034509953807866872}]"}, {"source": 7, "prod": 0, "target": 4, "value": 0.00013591181500763368, "supply": "[{\"l\":'Energy for power irrigation',\"v\":0.00013591181500763368}]"}, {"source": 7, "prod": 0, "target": 5, "value": 0.00036076798100789331, "supply": "[{\"l\":'Energy for power irrigation',\"v\":0.00036076798100789331}]"}, {"source": 7, "prod": 0, "target": 6, "value": 1.1874392708083224e-05, "supply": "[{\"l\":'Energy for power irrigation',\"v\":1.1874392708083224e-05}]"}, {"source": 8, "prod": 0, "target": 7, "value": 0.0058322359612197278, "supply": [{"l": "Coal", "v": 0.0033372851245745028}, {"l": "Natural gas", "v": 0.0016145089951430716}, {"l": "Oil", "v": 0.00088044184150215337}]}, {"source": 9, "prod": 0, "target": 7, "value": 0.00071392885045960157, "supply": [{"l": "Nuclear", "v": 4.0092718279478554e-05}, {"l": "Hydroelectric", "v": 0.00067249153422296469}, {"l": "Renewable", "v": 1.3445979571583243e-06}]}, {"source": 8, "prod": 0, "target": 0, "value": 101.2983938587272, "supply": [{"l": "Motor Gasoline", "v": 40.435881126327416}, {"l": "Gas-Diesel oil", "v": 51.346058379168767}, {"l": "Natural gas (including LNG)", "v": 5.8728192708613705}, {"l": "Fuel oil", "v": 0.099935130485273943}, {"l": "Liquefied petroleum gas (LPG)", "v": 1.1461001072299393}, {"l": "Coal", "v": 2.397599844654406}]}, {"source": 8, "prod": 0, "target": 2, "value": 18.338825563510753, "supply": [{"l": "Motor Gasoline", "v": 7.3204178490406395}, {"l": "Gas-Diesel oil", "v": 9.2955709574490104}, {"l": "Natural gas (including LNG)", "v": 1.0632015382647879}, {"l": "Fuel oil", "v": 0.018092023533877899}, {"l": "Liquefied petroleum gas (LPG)", "v": 0.2074872971246034}, {"l": "Coal", "v": 0.43405589809783096}]}, {"source": 8, "prod": 0, "target": 3, "value": 19.081420919529837, "supply": [{"l": "Motor Gasoline", "v": 7.6168440449270962}, {"l": "Gas-Diesel oil", "v": 9.6719771673582375}, {"l": "Natural gas (including LNG)", "v": 1.1062538330856038}, {"l": "Fuel oil", "v": 0.018824625117917052}, {"l": "Liquefied petroleum gas (LPG)", "v": 0.21588909487027025}, {"l": "Coal", "v": 0.4516321541707109}]}, {"source": 8, "prod": 0, "target": 4, "value": 7.5149058863902125, "supply": [{"l": "Motor Gasoline", "v": 2.9997695868840593}, {"l": "Gas-Diesel oil", "v": 3.8091501914105392}, {"l": "Natural gas (including LNG)", "v": 0.43567999873573243}, {"l": "Fuel oil", "v": 0.0074137710553271296}, {"l": "Liquefied petroleum gas (LPG)", "v": 0.0850243929259763}, {"l": "Coal", "v": 0.17786794537857686}]}, {"source": 8, "prod": 0, "target": 5, "value": 19.947768514054903, "supply": [{"l": "Motor Gasoline", "v": 7.9626691563809953}, {"l": "Gas-Diesel oil", "v": 10.111110824572725}, {"l": "Natural gas (including LNG)", "v": 1.156480718770355}, {"l": "Fuel oil", "v": 0.019679313495555201}, {"l": "Liquefied petroleum gas (LPG)", "v": 0.22569103775564636}, {"l": "Coal", "v": 0.47213746307962468}]}, {"source": 8, "prod": 0, "target": 6, "value": 0.65656502088704816, "supply": [{"l": "Motor Gasoline", "v": 0.26208495638458823}, {"l": "Gas-Diesel oil", "v": 0.33279921436071352}, {"l": "Natural gas (including LNG)", "v": 0.038064648020149805}, {"l": "Fuel oil", "v": 0.00064772903631542538}, {"l": "Liquefied petroleum gas (LPG)", "v": 0.007428441974030804}, {"l": "Coal", "v": 0.015540031111250267}]}, {"source": 10, "prod": 1217.3085781558082, "target": 0, "value": 14.450053497173036, "supply": [{"l": "Potash", "v": 1.1314714066229774}, {"l": "Phosphate", "v": 1.7917607162014559}, {"l": "Nitrogen", "v": 20.875923975285971}]}, {"source": 10, "prod": 220.37871304157284, "target": 2, "value": 2.6160040685109487, "supply": [{"l": "Potash", "v": 1.1314714066229774}, {"l": "Phosphate", "v": 1.7917607162014559}, {"l": "Nitrogen", "v": 20.875923975285971}]}, {"source": 10, "prod": 229.30252380052119, "target": 3, "value": 2.7219341056267696, "supply": [{"l": "Potash", "v": 1.1314714066229774}, {"l": "Phosphate", "v": 1.7917607162014559}, {"l": "Nitrogen", "v": 20.875923975285971}]}, {"source": 10, "prod": 90.307052768223684, "target": 4, "value": 1.0719892778951861, "supply": [{"l": "Potash", "v": 1.1314714066229774}, {"l": "Phosphate", "v": 1.7917607162014559}, {"l": "Nitrogen", "v": 20.875923975285971}]}, {"source": 10, "prod": 239.71347226976144, "target": 5, "value": 2.8455172011839736, "supply": [{"l": "Potash", "v": 1.1314714066229774}, {"l": "Phosphate", "v": 1.7917607162014559}, {"l": "Nitrogen", "v": 20.875923975285971}]}, {"source": 10, "prod": 7.8899793135663199, "target": 6, "value": 0.093657947720490992, "supply": [{"l": "Potash", "v": 1.1314714066229774}, {"l": "Phosphate", "v": 1.7917607162014559}, {"l": "Nitrogen", "v": 20.875923975285971}]}, {"source": 8, "prod": 0, "target": 10, "value": 29.139082211975477, "supply": [{"l": "Natural gas (including LNG)", "v": 19.50359423680683}, {"l": "Fuel oil", "v": 5.9452261260119528}, {"l": "Liquefied petroleum gas (LPG)", "v": 1.8451309245783478}, {"l": "Coal", "v": 1.8451309245783478}]}, {"source": 11, "prod": 0, "target": 0, "value": 2.1122396002420283, "supply": "[{\"l\":'Labor',\"v\":2.1122396002420283}]"}, {"source": 11, "prod": 0, "target": 2, "value": 0.38239494331173951, "supply": "[{\"l\":'Labor',\"v\":0.38239494331173951}]"}, {"source": 11, "prod": 0, "target": 3, "value": 0.39787928870152778, "supply": "[{\"l\":'Labor',\"v\":0.39787928870152778}]"}, {"source": 11, "prod": 0, "target": 4, "value": 0.15669825750112615, "supply": "[{\"l\":'Labor',\"v\":0.15669825750112615}]"}, {"source": 11, "prod": 0, "target": 5, "value": 0.41594407361097391, "supply": "[{\"l\":'Labor',\"v\":0.41594407361097391}]"}, {"source": 11, "prod": 0, "target": 6, "value": 0.013690470148869772, "supply": "[{\"l\":'Labor',\"v\":0.013690470148869772}]"}]}