{"nodes": [{"layer": 5, "name": "Maize"}, {"layer": 10, "name": "Feed", "fill": "#dbdb8d"}, {"layer": 5, "name": "Rye"}, {"layer": 5, "name": "Barley"}, {"layer": 5, "name": "Sunflower seed"}, {"layer": 13, "name": "Fats, Animals, Raw"}, {"layer": 5, "name": "Wheat"}, {"layer": 5, "name": "Vegetables, Other"}, {"layer": 5, "name": "Cottonseed"}, {"layer": 5, "name": "Oats"}, {"layer": 5, "name": "Soyabeans"}, {"layer": 5, "name": "Potatoes"}, {"layer": 13, "name": "Milk - Excluding Butter"}, {"layer": 5, "name": "Pulses, Other"}, {"layer": 13, "name": "Fish, Seafood"}, {"layer": 5, "name": "Sugar beet"}, {"layer": 13, "name": "Meat, Other"}, {"layer": 5, "name": "Sorghum"}, {"layer": 5, "name": "Cereals, Other"}, {"layer": 13, "name": "Pelagic Fish"}, {"layer": 13, "name": "Fish, Body Oil"}, {"layer": 5, "name": "Millet"}, {"layer": 13, "name": "Offals, Edible"}, {"layer": 5, "name": "Sweet potatoes"}, {"layer": 5, "name": "Rape and Mustardseed"}, {"layer": 16, "name": "Food", "fill": "#b5cf6b"}, {"layer": 5, "name": "Olives"}, {"layer": 5, "name": "Infant food"}, {"layer": 5, "name": "Nuts"}, {"layer": 5, "name": "Dates"}, {"layer": 13, "name": "Sugar", "fill": "#d6616b"}, {"layer": 13, "name": "Oilcrops Oil, Other"}, {"layer": 13, "name": "Maize Germ Oil"}, {"layer": 13, "name": "Beer"}, {"layer": 13, "name": "Groundnut Oil"}, {"layer": 13, "name": "Beverages, Alcoholic"}, {"layer": 5, "name": "Cassava"}, {"layer": 13, "name": "Honey"}, {"layer": 5, "name": "Rice"}, {"layer": 13, "name": "Butter, Ghee"}, {"layer": 5, "name": "Tomatoes"}, {"layer": 5, "name": "Coffee"}, {"layer": 13, "name": "Soyabean Oil"}, {"layer": 5, "name": "Coconuts - Incl Copra"}, {"layer": 5, "name": "Treenuts"}, {"layer": 13, "name": "Crustaceans"}, {"layer": 13, "name": "Eggs"}, {"layer": 5, "name": "Roots, Other"}, {"layer": 5, "name": "Peas"}, {"layer": 5, "name": "Sesame seed"}, {"layer": 13, "name": "Cephalopods"}, {"layer": 13, "name": "Coconut Oil"}, {"layer": 13, "name": "Marine Fish, Other"}, {"layer": 5, "name": "Grapes"}, {"layer": 5, "name": "Groundnuts"}, {"layer": 13, "name": "Palm Oil"}, {"layer": 5, "name": "Oilcrops, Other"}, {"layer": 13, "name": "Wine"}, {"layer": 13, "name": "Sunflowerseed Oil"}, {"layer": 13, "name": "Olive Oil"}, {"layer": 5, "name": "Cloves"}, {"layer": 13, "name": "Pigmeat"}, {"layer": 5, "name": "Cocoa Beans"}, {"layer": 13, "name": "Freshwater Fish"}, {"layer": 5, "name": "Pimento"}, {"layer": 5, "name": "Pepper"}, {"layer": 13, "name": "Rape and Mustard Oil"}, {"layer": 5, "name": "Pineapples"}, {"layer": 5, "name": "Beans"}, {"layer": 5, "name": "Apples"}, {"layer": 5, "name": "Lemons, Limes"}, {"layer": 13, "name": "Mutton & Goat Meat"}, {"layer": 13, "name": "Sweeteners, Other"}, {"layer": 5, "name": "Bananas"}, {"layer": 13, "name": "Beverages, Fermented"}, {"layer": 5, "name": "Spices, Other"}, {"layer": 5, "name": "Tea"}, {"layer": 5, "name": "Fruits, Other"}, {"layer": 13, "name": "Molluscs, Other"}, {"layer": 13, "name": "Poultry Meat"}, {"layer": 5, "name": "Grapefruit"}, {"layer": 13, "name": "Demersal Fish"}, {"layer": 5, "name": "Oranges, Mandarines"}, {"layer": 13, "name": "Bovine Meat"}, {"layer": 13, "name": "Cottonseed Oil"}, {"layer": 13, "name": "Palmkernel Oil"}, {"layer": 13, "name": "Cream"}, {"layer": 5, "name": "Onions"}, {"layer": 10, "name": "Processing", "fill": "#9edae5"}, {"layer": 5, "name": "Sugar cane"}, {"layer": 16, "name": "Biofuels & Other", "fill": "#e7ba52"}, {"layer": 13, "name": "Alcohol, Non-Food"}, {"layer": 13, "name": "Sesameseed Oil"}, {"layer": 13, "name": "Fish, Liver Oil"}, {"layer": 13, "name": "Aquatic Animals, Others"}, {"layer": 13, "name": "Aquatic Plants"}, {"layer": 13, "name": "Aquatic Products, Other"}, {"name": "Waste", "fill": "#c7c7c7"}, {"layer": 0, "name": "Import", "fill": "#aec7e8"}, {"layer": 16, "name": "Export", "fill": "#aec7e8"}, {"layer": 5, "name": "Citrus, Other"}, {"layer": 0, "name": "Stock Draw", "fill": "#c7c7c7"}, {"layer": 16, "name": "Stock Deposit", "fill": "#c7c7c7"}, {"layer": 0, "name": "Production", "fill": "#b5cf6b"}, {"layer": 5, "name": "Oil Palm"}], "links": [{"source": 0, "prod": 351.53965756656623, "target": 1, "value": 112031.0, "supply": [{"l": "Maize", "v": 112031.0}]}, {"source": 2, "prod": 0.94696525459961545, "target": 1, "value": 290.0, "supply": [{"l": "Rye", "v": 290.0}]}, {"source": 3, "prod": 40.253994731856054, "target": 1, "value": 10747.0, "supply": [{"l": "Barley", "v": 10747.0}]}, {"source": 4, "prod": 0.23480248392604688, "target": 1, "value": 59.0, "supply": [{"l": "Sunflower seed", "v": 59.0}]}, {"source": 5, "prod": 5.8916407556019799, "target": 1, "value": 787.0, "supply": [{"l": "Fats, Animals, Raw", "v": 787.0}]}, {"source": 6, "prod": 20.136452332022586, "target": 1, "value": 6589.0, "supply": [{"l": "Wheat", "v": 6589.0}]}, {"source": 7, "prod": 0.028813140051709537, "target": 1, "value": 105.0, "supply": [{"l": "Vegetables, Other", "v": 105.0}]}, {"source": 8, "prod": 0.89145349829550002, "target": 1, "value": 224.0, "supply": [{"l": "Cottonseed", "v": 224.0}]}, {"source": 9, "prod": 22.722602422416795, "target": 1, "value": 11107.0, "supply": [{"l": "Oats", "v": 11107.0}]}, {"source": 10, "prod": 0.13402124021993572, "target": 1, "value": 34.0, "supply": [{"l": "Soyabeans", "v": 34.0}]}, {"source": 11, "prod": 0.27512832036901497, "target": 1, "value": 403.0, "supply": [{"l": "Potatoes", "v": 403.0}]}, {"source": 12, "prod": 1.0865319628180699, "target": 1, "value": 1703.0, "supply": [{"l": "Milk - Excluding Butter", "v": 1703.0}]}, {"source": 13, "prod": 0.059929646944235297, "target": 1, "value": 12.0, "supply": [{"l": "Pulses, Other", "v": 12.0}]}, {"source": 14, "prod": 0.91564829342388021, "target": 1, "value": 1228.0, "supply": [{"l": "Fish, Seafood", "v": 1228.0}]}, {"source": 15, "prod": 0.02208222218, "target": 1, "value": 19.0, "supply": [{"l": "Sugar beet", "v": 19.0}]}, {"source": 16, "prod": 0.038875415715142102, "target": 1, "value": 29.0, "supply": [{"l": "Meat, Other", "v": 29.0}]}, {"source": 17, "prod": 57.999662605768656, "target": 1, "value": 13663.0, "supply": [{"l": "Sorghum", "v": 13663.0}]}, {"source": 18, "prod": 6.4811078659862016, "target": 1, "value": 1614.0, "supply": [{"l": "Cereals, Other", "v": 1614.0}]}, {"source": 19, "prod": 1.4242842777867213, "target": 1, "value": 1228.0, "supply": [{"l": "Pelagic Fish", "v": 1228.0}]}, {"source": 20, "prod": 0.029944806889971948, "target": 1, "value": 4.0, "supply": [{"l": "Fish, Body Oil", "v": 4.0}]}, {"source": 21, "prod": 0.1612530083643767, "target": 1, "value": 46.0, "supply": [{"l": "Millet", "v": 46.0}]}, {"source": 22, "prod": 0.7170960344104238, "target": 1, "value": 598.0, "supply": [{"l": "Offals, Edible", "v": 598.0}]}, {"source": 23, "prod": 0.014150055528500001, "target": 1, "value": 18.0, "supply": [{"l": "Sweet potatoes", "v": 18.0}]}, {"source": 24, "prod": 0.73226537359987498, "target": 1, "value": 184.0, "supply": [{"l": "Rape and Mustardseed", "v": 184.0}]}, {"source": 0, "prod": 5.6230781333674313, "target": 25, "value": 1792.0, "supply": [{"l": "Maize", "v": 1792.0}]}, {"source": 26, "prod": 0.21096446424309093, "target": 25, "value": 164.0, "supply": [{"l": "Olives", "v": 164.0}]}, {"source": 7, "prod": 4.8773785836103354, "target": 25, "value": 17774.0, "supply": [{"l": "Vegetables, Other", "v": 17774.0}]}, {"source": 27, "prod": 0.013946666640000001, "target": 25, "value": 12.0, "supply": [{"l": "Infant food", "v": 12.0}]}, {"source": 2, "prod": 0.21225083292749999, "target": 25, "value": 65.0, "supply": [{"l": "Rye", "v": 65.0}]}, {"source": 28, "prod": 1.1658924733546243, "target": 25, "value": 392.0, "supply": [{"l": "Nuts", "v": 392.0}]}, {"source": 29, "prod": 0.10612541646375, "target": 25, "value": 35.0, "supply": [{"l": "Dates", "v": 35.0}]}, {"source": 30, "prod": 43.591575305239957, "target": 25, "value": 10917.0, "supply": [{"l": "Sugar", "v": 10917.0}]}, {"source": 31, "prod": 0.10188039980520001, "target": 25, "value": 12.0, "supply": [{"l": "Oilcrops Oil, Other", "v": 12.0}]}, {"source": 32, "prod": 2.5470099951300007, "target": 25, "value": 260.0, "supply": [{"l": "Maize Germ Oil", "v": 260.0}]}, {"source": 33, "prod": 11.23975358907049, "target": 25, "value": 22973.0, "supply": [{"l": "Beer", "v": 22973.0}]}, {"source": 34, "prod": 0.84900333170999998, "target": 25, "value": 80.0, "supply": [{"l": "Groundnut Oil", "v": 80.0}]}, {"source": 35, "prod": 5.4055451051706793, "target": 25, "value": 1578.0, "supply": [{"l": "Beverages, Alcoholic", "v": 1578.0}]}, {"source": 3, "prod": 0.63675249878250018, "target": 25, "value": 170.0, "supply": [{"l": "Barley", "v": 170.0}]}, {"source": 36, "prod": 0.10612541646375, "target": 25, "value": 125.0, "supply": [{"l": "Cassava", "v": 125.0}]}, {"source": 37, "prod": 0.52708956843662502, "target": 25, "value": 149.0, "supply": [{"l": "Honey", "v": 149.0}]}, {"source": 38, "prod": 2.7592608280575002, "target": 25, "value": 605.0, "supply": [{"l": "Rice", "v": 605.0}]}, {"source": 39, "prod": 4.5716899859556888, "target": 25, "value": 551.0, "supply": [{"l": "Butter, Ghee", "v": 551.0}]}, {"source": 40, "prod": 1.4845624523153975, "target": 25, "value": 7464.0, "supply": [{"l": "Tomatoes", "v": 7464.0}]}, {"source": 4, "prod": 0.31837624939125003, "target": 25, "value": 80.0, "supply": [{"l": "Sunflower seed", "v": 80.0}]}, {"source": 5, "prod": 9.3352935479487549, "target": 25, "value": 1247.0, "supply": [{"l": "Fats, Animals, Raw", "v": 1247.0}]}, {"source": 41, "prod": 0.63675249878250018, "target": 25, "value": 1175.0, "supply": [{"l": "Coffee", "v": 1175.0}]}, {"source": 6, "prod": 53.224533892017817, "target": 25, "value": 17416.0, "supply": [{"l": "Wheat", "v": 17416.0}]}, {"source": 42, "prod": 35.956856882751573, "target": 25, "value": 3658.0, "supply": [{"l": "Soyabean Oil", "v": 3658.0}]}, {"source": 43, "prod": 0.42292943746294442, "target": 25, "value": 269.0, "supply": [{"l": "Coconuts - Incl Copra", "v": 269.0}]}, {"source": 44, "prod": 1.1629182578613728, "target": 25, "value": 391.0, "supply": [{"l": "Treenuts", "v": 391.0}]}, {"source": 45, "prod": 0.31755639638852579, "target": 25, "value": 581.0, "supply": [{"l": "Crustaceans", "v": 581.0}]}, {"source": 46, "prod": 6.1487778233356032, "target": 25, "value": 3786.0, "supply": [{"l": "Eggs", "v": 3786.0}]}, {"source": 47, "prod": 0.02936402500651128, "target": 25, "value": 23.0, "supply": [{"l": "Roots, Other", "v": 23.0}]}, {"source": 48, "prod": 0.74712293190480006, "target": 25, "value": 176.0, "supply": [{"l": "Peas", "v": 176.0}]}, {"source": 49, "prod": 0.21225083292749999, "target": 25, "value": 30.0, "supply": [{"l": "Sesame seed", "v": 30.0}]}, {"source": 50, "prod": 0.018009161581727273, "target": 25, "value": 14.0, "supply": [{"l": "Cephalopods", "v": 14.0}]}, {"source": 51, "prod": 1.8041320798837501, "target": 25, "value": 180.0, "supply": [{"l": "Coconut Oil", "v": 180.0}]}, {"source": 23, "prod": 0.42371555165897218, "target": 25, "value": 539.0, "supply": [{"l": "Sweet potatoes", "v": 539.0}]}, {"source": 52, "prod": 0.10681009656996776, "target": 25, "value": 78.0, "supply": [{"l": "Marine Fish, Other", "v": 78.0}]}, {"source": 53, "prod": 0.84900333170999998, "target": 25, "value": 1325.0, "supply": [{"l": "Grapes", "v": 1325.0}]}, {"source": 54, "prod": 5.1931181832011495, "target": 25, "value": 739.0, "supply": [{"l": "Groundnuts", "v": 739.0}]}, {"source": 55, "prod": 1.3843071272966441, "target": 25, "value": 148.0, "supply": [{"l": "Palm Oil", "v": 148.0}]}, {"source": 24, "prod": 0.26266040574778127, "target": 25, "value": 66.0, "supply": [{"l": "Rape and Mustardseed", "v": 66.0}]}, {"source": 56, "prod": 0.048514476097714289, "target": 25, "value": 8.0, "supply": [{"l": "Oilcrops, Other", "v": 8.0}]}, {"source": 57, "prod": 1.4853504400885458, "target": 25, "value": 1832.0, "supply": [{"l": "Wine", "v": 1832.0}]}, {"source": 58, "prod": 0.43393503620733342, "target": 25, "value": 46.0, "supply": [{"l": "Sunflowerseed Oil", "v": 46.0}]}, {"source": 9, "prod": 1.2724821019846264, "target": 25, "value": 622.0, "supply": [{"l": "Oats", "v": 622.0}]}, {"source": 59, "prod": 0.31347815324676931, "target": 25, "value": 32.0, "supply": [{"l": "Olive Oil", "v": 32.0}]}, {"source": 60, "prod": 0.0035375138821250002, "target": 25, "value": 1.0, "supply": [{"l": "Cloves", "v": 1.0}]}, {"source": 61, "prod": 12.297838304165419, "target": 25, "value": 6773.0, "supply": [{"l": "Pigmeat", "v": 6773.0}]}, {"source": 62, "prod": 0.63748021592396575, "target": 25, "value": 438.0, "supply": [{"l": "Cocoa Beans", "v": 438.0}]}, {"source": 10, "prod": 0.019709005914696428, "target": 25, "value": 5.0, "supply": [{"l": "Soyabeans", "v": 5.0}]}, {"source": 11, "prod": 9.4369696587118952, "target": 25, "value": 13823.0, "supply": [{"l": "Potatoes", "v": 13823.0}]}, {"source": 63, "prod": 0.31789017878149234, "target": 25, "value": 327.0, "supply": [{"l": "Freshwater Fish", "v": 327.0}]}, {"source": 64, "prod": 0.10915757121985717, "target": 25, "value": 36.0, "supply": [{"l": "Pimento", "v": 36.0}]}, {"source": 65, "prod": 0.10612541646375, "target": 25, "value": 30.0, "supply": [{"l": "Pepper", "v": 30.0}]}, {"source": 66, "prod": 1.1530851372510307, "target": 25, "value": 121.0, "supply": [{"l": "Rape and Mustard Oil", "v": 121.0}]}, {"source": 12, "prod": 37.64198430669601, "target": 25, "value": 58999.0, "supply": [{"l": "Milk - Excluding Butter", "v": 58999.0}]}, {"source": 67, "prod": 0.42408343761277834, "target": 25, "value": 1014.0, "supply": [{"l": "Pineapples", "v": 1014.0}]}, {"source": 68, "prod": 2.2306690276983288, "target": 25, "value": 548.0, "supply": [{"l": "Beans", "v": 548.0}]}, {"source": 69, "prod": 2.0141486935172761, "target": 25, "value": 3606.0, "supply": [{"l": "Apples", "v": 3606.0}]}, {"source": 14, "prod": 3.0757729726168619, "target": 25, "value": 4125.0, "supply": [{"l": "Fish, Seafood", "v": 4125.0}]}, {"source": 16, "prod": 0.3190465151794421, "target": 25, "value": 238.0, "supply": [{"l": "Meat, Other", "v": 238.0}]}, {"source": 70, "prod": 0.10580382429264773, "target": 25, "value": 658.0, "supply": [{"l": "Lemons, Limes", "v": 658.0}]}, {"source": 17, "prod": 0.63250748212395003, "target": 25, "value": 149.0, "supply": [{"l": "Sorghum", "v": 149.0}]}, {"source": 18, "prod": 0.73886235894762153, "target": 25, "value": 184.0, "supply": [{"l": "Cereals, Other", "v": 184.0}]}, {"source": 71, "prod": 0.52759492756264292, "target": 25, "value": 174.0, "supply": [{"l": "Mutton & Goat Meat", "v": 174.0}]}, {"source": 72, "prod": 12.937318309881604, "target": 25, "value": 3240.0, "supply": [{"l": "Sweeteners, Other", "v": 3240.0}]}, {"source": 19, "prod": 1.0589344834033196, "target": 25, "value": 913.0, "supply": [{"l": "Pelagic Fish", "v": 913.0}]}, {"source": 73, "prod": 1.5900946237834597, "target": 25, "value": 2225.0, "supply": [{"l": "Bananas", "v": 2225.0}]}, {"source": 74, "prod": 0.10575946675180604, "target": 25, "value": 289.0, "supply": [{"l": "Beverages, Fermented", "v": 289.0}]}, {"source": 75, "prod": 0.10805496949036365, "target": 25, "value": 28.0, "supply": [{"l": "Spices, Other", "v": 28.0}]}, {"source": 76, "prod": 0.097870213855420843, "target": 25, "value": 98.0, "supply": [{"l": "Tea", "v": 98.0}]}, {"source": 77, "prod": 2.0142797754836765, "target": 25, "value": 3831.0, "supply": [{"l": "Fruits, Other", "v": 3831.0}]}, {"source": 78, "prod": 0.21202741099810266, "target": 25, "value": 949.0, "supply": [{"l": "Molluscs, Other", "v": 949.0}]}, {"source": 79, "prod": 9.8630118937362461, "target": 25, "value": 5931.0, "supply": [{"l": "Poultry Meat", "v": 5931.0}]}, {"source": 22, "prod": 0.53002750369466101, "target": 25, "value": 442.0, "supply": [{"l": "Offals, Edible", "v": 442.0}]}, {"source": 80, "prod": 0.42421771825242144, "target": 25, "value": 2241.0, "supply": [{"l": "Grapefruit", "v": 2241.0}]}, {"source": 81, "prod": 1.272498274246767, "target": 25, "value": 1264.0, "supply": [{"l": "Demersal Fish", "v": 1264.0}]}, {"source": 82, "prod": 3.180945660972601, "target": 25, "value": 10728.0, "supply": [{"l": "Oranges, Mandarines", "v": 10728.0}]}, {"source": 83, "prod": 16.330452617829202, "target": 25, "value": 13332.0, "supply": [{"l": "Bovine Meat", "v": 13332.0}]}, {"source": 84, "prod": 2.9614387401003053, "target": 25, "value": 294.0, "supply": [{"l": "Cottonseed Oil", "v": 294.0}]}, {"source": 85, "prod": 0.41388912420862506, "target": 25, "value": 39.0, "supply": [{"l": "Palmkernel Oil", "v": 39.0}]}, {"source": 86, "prod": 0.21460917551558334, "target": 25, "value": 91.0, "supply": [{"l": "Cream", "v": 91.0}]}, {"source": 87, "prod": 0.63599894552950298, "target": 25, "value": 1688.0, "supply": [{"l": "Onions", "v": 1688.0}]}, {"source": 13, "prod": 0.20975376430482356, "target": 25, "value": 42.0, "supply": [{"l": "Pulses, Other", "v": 42.0}]}, {"source": 0, "prod": 32.069117479361132, "target": 88, "value": 10220.0, "supply": [{"l": "Maize", "v": 10220.0}]}, {"source": 26, "prod": 0.0090045807908636366, "target": 88, "value": 7.0, "supply": [{"l": "Olives", "v": 7.0}]}, {"source": 2, "prod": 0.21551623035715387, "target": 88, "value": 66.0, "supply": [{"l": "Rye", "v": 66.0}]}, {"source": 30, "prod": 0.11978998435075558, "target": 88, "value": 30.0, "supply": [{"l": "Sugar", "v": 30.0}]}, {"source": 3, "prod": 13.697669929691783, "target": 88, "value": 3657.0, "supply": [{"l": "Barley", "v": 3657.0}]}, {"source": 38, "prod": 1.36366774808131, "target": 88, "value": 299.0, "supply": [{"l": "Rice", "v": 299.0}]}, {"source": 4, "prod": 1.0108445918172189, "target": 88, "value": 254.0, "supply": [{"l": "Sunflower seed", "v": 254.0}]}, {"source": 5, "prod": 0.067375815502436875, "target": 88, "value": 9.0, "supply": [{"l": "Fats, Animals, Raw", "v": 9.0}]}, {"source": 7, "prod": 0.0019208760034473025, "target": 88, "value": 7.0, "supply": [{"l": "Vegetables, Other", "v": 7.0}]}, {"source": 48, "prod": 0.025470099951300004, "target": 88, "value": 6.0, "supply": [{"l": "Peas", "v": 6.0}]}, {"source": 8, "prod": 15.572578298349518, "target": 88, "value": 3913.0, "supply": [{"l": "Cottonseed", "v": 3913.0}]}, {"source": 53, "prod": 1.6006115642351546, "target": 88, "value": 2498.0, "supply": [{"l": "Grapes", "v": 2498.0}]}, {"source": 54, "prod": 1.0892196460029477, "target": 88, "value": 155.0, "supply": [{"l": "Groundnuts", "v": 155.0}]}, {"source": 56, "prod": 2.9957688990338571, "target": 88, "value": 494.0, "supply": [{"l": "Oilcrops, Other", "v": 494.0}]}, {"source": 18, "prod": 0.0040155562986283781, "target": 88, "value": 1.0, "supply": [{"l": "Cereals, Other", "v": 1.0}]}, {"source": 10, "prod": 102.34492591383561, "target": 88, "value": 25964.0, "supply": [{"l": "Soyabeans", "v": 25964.0}]}, {"source": 69, "prod": 0.0011171096469868422, "target": 88, "value": 2.0, "supply": [{"l": "Apples", "v": 2.0}]}, {"source": 15, "prod": 28.260595501520001, "target": 88, "value": 24316.0, "supply": [{"l": "Sugar beet", "v": 24316.0}]}, {"source": 17, "prod": 0.43299169917210001, "target": 88, "value": 102.0, "supply": [{"l": "Sorghum", "v": 102.0}]}, {"source": 89, "prod": 8.1930034371917451, "target": 88, "value": 22517.0, "supply": [{"l": "Sugar cane", "v": 22517.0}]}, {"source": 79, "prod": 0.0049888780443784753, "target": 88, "value": 3.0, "supply": [{"l": "Poultry Meat", "v": 3.0}]}, {"source": 24, "prod": 2.8852847601082035, "target": 88, "value": 725.0, "supply": [{"l": "Rape and Mustardseed", "v": 725.0}]}, {"source": 0, "prod": 11.500324418968546, "target": 90, "value": 3665.0, "supply": [{"l": "Maize", "v": 3665.0}]}, {"source": 91, "prod": 0.14430445048083249, "target": 90, "value": 222.0, "supply": [{"l": "Alcohol, Non-Food", "v": 222.0}]}, {"source": 2, "prod": 0.19918924320888462, "target": 90, "value": 61.0, "supply": [{"l": "Rye", "v": 61.0}]}, {"source": 77, "prod": 0.00052578433189341591, "target": 90, "value": 1.0, "supply": [{"l": "Fruits, Other", "v": 1.0}]}, {"source": 30, "prod": 0.00399299947835852, "target": 90, "value": 1.0, "supply": [{"l": "Sugar", "v": 1.0}]}, {"source": 32, "prod": 0.32327434553573087, "target": 90, "value": 33.0, "supply": [{"l": "Maize Germ Oil", "v": 33.0}]}, {"source": 33, "prod": 0.0004892592865133195, "target": 90, "value": 1.0, "supply": [{"l": "Beer", "v": 1.0}]}, {"source": 34, "prod": 0.0424501665855, "target": 90, "value": 4.0, "supply": [{"l": "Groundnut Oil", "v": 4.0}]}, {"source": 3, "prod": 0.0074912058680294122, "target": 90, "value": 2.0, "supply": [{"l": "Barley", "v": 2.0}]}, {"source": 38, "prod": 0.75708644207858677, "target": 90, "value": 166.0, "supply": [{"l": "Rice", "v": 166.0}]}, {"source": 5, "prod": 11.438916231969284, "target": 90, "value": 1528.0, "supply": [{"l": "Fats, Animals, Raw", "v": 1528.0}]}, {"source": 6, "prod": 0.064177492635069708, "target": 90, "value": 21.0, "supply": [{"l": "Wheat", "v": 21.0}]}, {"source": 42, "prod": 3.1159988058590078, "target": 90, "value": 317.0, "supply": [{"l": "Soyabean Oil", "v": 317.0}]}, {"source": 7, "prod": 0.00027441085763532891, "target": 90, "value": 1.0, "supply": [{"l": "Vegetables, Other", "v": 1.0}]}, {"source": 55, "prod": 0.45831790025361863, "target": 90, "value": 49.0, "supply": [{"l": "Palm Oil", "v": 49.0}]}, {"source": 56, "prod": 0.18799359487864289, "target": 90, "value": 31.0, "supply": [{"l": "Oilcrops, Other", "v": 31.0}]}, {"source": 58, "prod": 0.075466962818666675, "target": 90, "value": 8.0, "supply": [{"l": "Sunflowerseed Oil", "v": 8.0}]}, {"source": 61, "prod": 0.11075862048635621, "target": 90, "value": 61.0, "supply": [{"l": "Pigmeat", "v": 61.0}]}, {"source": 11, "prod": 0.46355367129171499, "target": 90, "value": 679.0, "supply": [{"l": "Potatoes", "v": 679.0}]}, {"source": 51, "prod": 3.1071163597997922, "target": 90, "value": 310.0, "supply": [{"l": "Coconut Oil", "v": 310.0}]}, {"source": 66, "prod": 0.29541850623786736, "target": 90, "value": 31.0, "supply": [{"l": "Rape and Mustard Oil", "v": 31.0}]}, {"source": 12, "prod": 1.8598007466909416, "target": 90, "value": 2915.0, "supply": [{"l": "Milk - Excluding Butter", "v": 2915.0}]}, {"source": 92, "prod": 0.019592384577923082, "target": 90, "value": 2.0, "supply": [{"l": "Sesameseed Oil", "v": 2.0}]}, {"source": 93, "prod": 0.0074862017224929869, "target": 90, "value": 1.0, "supply": [{"l": "Fish, Liver Oil", "v": 1.0}]}, {"source": 14, "prod": 0.017895406386134467, "target": 90, "value": 24.0, "supply": [{"l": "Fish, Seafood", "v": 24.0}]}, {"source": 31, "prod": 2.6488903949351998, "target": 90, "value": 312.0, "supply": [{"l": "Oilcrops Oil, Other", "v": 312.0}]}, {"source": 50, "prod": 0.020581898950545456, "target": 90, "value": 16.0, "supply": [{"l": "Cephalopods", "v": 16.0}]}, {"source": 57, "prod": 0.1743178737003479, "target": 90, "value": 215.0, "supply": [{"l": "Wine", "v": 215.0}]}, {"source": 72, "prod": 1.2378298382911412, "target": 90, "value": 310.0, "supply": [{"l": "Sweeteners, Other", "v": 310.0}]}, {"source": 19, "prod": 0.0092787249367213102, "target": 90, "value": 8.0, "supply": [{"l": "Pelagic Fish", "v": 8.0}]}, {"source": 83, "prod": 0.033072473798483978, "target": 90, "value": 27.0, "supply": [{"l": "Bovine Meat", "v": 27.0}]}, {"source": 20, "prod": 0.15721023617235269, "target": 90, "value": 21.0, "supply": [{"l": "Fish, Body Oil", "v": 21.0}]}, {"source": 94, "prod": 0.0087492709756374024, "target": 90, "value": 9.0, "supply": [{"l": "Aquatic Animals, Others", "v": 9.0}]}, {"source": 79, "prod": 0.11308123567257879, "target": 90, "value": 68.0, "supply": [{"l": "Poultry Meat", "v": 68.0}]}, {"source": 95, "prod": 0.19053967902499236, "target": 90, "value": 196.0, "supply": [{"l": "Aquatic Plants", "v": 196.0}]}, {"source": 84, "prod": 0.45328143981127123, "target": 90, "value": 45.0, "supply": [{"l": "Cottonseed Oil", "v": 45.0}]}, {"source": 85, "prod": 0.27592608280574998, "target": 90, "value": 26.0, "supply": [{"l": "Palmkernel Oil", "v": 26.0}]}, {"source": 36, "prod": 0.0067920266536800004, "target": 90, "value": 8.0, "supply": [{"l": "Cassava", "v": 8.0}]}, {"source": 96, "prod": 0.19928895000062977, "target": 90, "value": 205.0, "supply": [{"l": "Aquatic Products, Other", "v": 205.0}]}, {"source": 0, "prod": 1.6254210229265231, "target": 0, "value": 518.0, "supply": [{"l": "Maize", "v": 518.0}]}, {"source": 2, "prod": 0.47021722987015385, "target": 2, "value": 144.0, "supply": [{"l": "Rye", "v": 144.0}]}, {"source": 3, "prod": 2.3747122601653241, "target": 3, "value": 634.0, "supply": [{"l": "Barley", "v": 634.0}]}, {"source": 38, "prod": 0.59289902090491742, "target": 38, "value": 130.0, "supply": [{"l": "Rice", "v": 130.0}]}, {"source": 4, "prod": 0.11541139040432814, "target": 4, "value": 29.0, "supply": [{"l": "Sunflower seed", "v": 29.0}]}, {"source": 18, "prod": 0.28510449720261483, "target": 18, "value": 71.0, "supply": [{"l": "Cereals, Other", "v": 71.0}]}, {"source": 6, "prod": 10.136987765263154, "target": 6, "value": 3317.0, "supply": [{"l": "Wheat", "v": 3317.0}]}, {"source": 46, "prod": 0.5668049287755218, "target": 46, "value": 349.0, "supply": [{"l": "Eggs", "v": 349.0}]}, {"source": 7, "prod": 0.0024696977187179596, "target": 7, "value": 9.0, "supply": [{"l": "Vegetables, Other", "v": 9.0}]}, {"source": 48, "prod": 0.084900333171, "target": 48, "value": 20.0, "supply": [{"l": "Peas", "v": 20.0}]}, {"source": 8, "prod": 0.63277279566510947, "target": 8, "value": 159.0, "supply": [{"l": "Cottonseed", "v": 159.0}]}, {"source": 54, "prod": 0.43568785840117902, "target": 54, "value": 62.0, "supply": [{"l": "Groundnuts", "v": 62.0}]}, {"source": 56, "prod": 0.34566564219621432, "target": 56, "value": 57.0, "supply": [{"l": "Oilcrops, Other", "v": 57.0}]}, {"source": 9, "prod": 1.3277184633247954, "target": 9, "value": 649.0, "supply": [{"l": "Oats", "v": 649.0}]}, {"source": 10, "prod": 7.3672264109135259, "target": 10, "value": 1869.0, "supply": [{"l": "Soyabeans", "v": 1869.0}]}, {"source": 11, "prod": 0.91686683438110927, "target": 11, "value": 1343.0, "supply": [{"l": "Potatoes", "v": 1343.0}]}, {"source": 63, "prod": 0.014582118292729006, "target": 63, "value": 15.0, "supply": [{"l": "Freshwater Fish", "v": 15.0}]}, {"source": 68, "prod": 0.15468142892798634, "target": 68, "value": 38.0, "supply": [{"l": "Beans", "v": 38.0}]}, {"source": 13, "prod": 0.004994137245352942, "target": 13, "value": 1.0, "supply": [{"l": "Pulses, Other", "v": 1.0}]}, {"source": 14, "prod": 0.079038044872093899, "target": 14, "value": 106.0, "supply": [{"l": "Fish, Seafood", "v": 106.0}]}, {"source": 17, "prod": 0.19527076629330001, "target": 17, "value": 46.0, "supply": [{"l": "Sorghum", "v": 46.0}]}, {"source": 50, "prod": 0.025727373688181822, "target": 50, "value": 20.0, "supply": [{"l": "Cephalopods", "v": 20.0}]}, {"source": 89, "prod": 0.38823709497195857, "target": 89, "value": 1067.0, "supply": [{"l": "Sugar cane", "v": 1067.0}]}, {"source": 19, "prod": 0.069590437025409846, "target": 19, "value": 60.0, "supply": [{"l": "Pelagic Fish", "v": 60.0}]}, {"source": 78, "prod": 0.002457641223371053, "target": 78, "value": 11.0, "supply": [{"l": "Molluscs, Other", "v": 11.0}]}, {"source": 23, "prod": 0.033016796233166661, "target": 23, "value": 42.0, "supply": [{"l": "Sweet potatoes", "v": 42.0}]}, {"source": 24, "prod": 0.10347228105215626, "target": 24, "value": 26.0, "supply": [{"l": "Rape and Mustardseed", "v": 26.0}]}, {"source": 0, "prod": 0.46126812812779705, "target": 97, "value": 147.0, "supply": [{"l": "Maize", "v": 147.0}]}, {"source": 26, "prod": 0.014150055528500001, "target": 97, "value": 11.0, "supply": [{"l": "Olives", "v": 11.0}]}, {"source": 2, "prod": 0.016326987148269231, "target": 97, "value": 5.0, "supply": [{"l": "Rye", "v": 5.0}]}, {"source": 28, "prod": 0.2468598859398822, "target": 97, "value": 83.0, "supply": [{"l": "Nuts", "v": 83.0}]}, {"source": 29, "prod": 0.0060643095122142861, "target": 97, "value": 2.0, "supply": [{"l": "Dates", "v": 2.0}]}, {"source": 30, "prod": 0.39131394887913495, "target": 97, "value": 98.0, "supply": [{"l": "Sugar", "v": 98.0}]}, {"source": 32, "prod": 0.0097961922889615409, "target": 97, "value": 1.0, "supply": [{"l": "Maize Germ Oil", "v": 1.0}]}, {"source": 80, "prod": 0.026501776240668899, "target": 97, "value": 140.0, "supply": [{"l": "Grapefruit", "v": 140.0}]}, {"source": 3, "prod": 0.022473617604088239, "target": 97, "value": 6.0, "supply": [{"l": "Barley", "v": 6.0}]}, {"source": 38, "prod": 0.38766474443783061, "target": 97, "value": 85.0, "supply": [{"l": "Rice", "v": 85.0}]}, {"source": 39, "prod": 0.016594156028877274, "target": 97, "value": 2.0, "supply": [{"l": "Butter, Ghee", "v": 2.0}]}, {"source": 40, "prod": 0.076575099697404628, "target": 97, "value": 385.0, "supply": [{"l": "Tomatoes", "v": 385.0}]}, {"source": 5, "prod": 0.22458605167478957, "target": 97, "value": 30.0, "supply": [{"l": "Fats, Animals, Raw", "v": 30.0}]}, {"source": 6, "prod": 0.12529891419227895, "target": 97, "value": 41.0, "supply": [{"l": "Wheat", "v": 41.0}]}, {"source": 42, "prod": 0.098296492298391394, "target": 97, "value": 10.0, "supply": [{"l": "Soyabean Oil", "v": 10.0}]}, {"source": 43, "prod": 0.012577827136444444, "target": 97, "value": 8.0, "supply": [{"l": "Coconuts - Incl Copra", "v": 8.0}]}, {"source": 44, "prod": 0.2468598859398822, "target": 97, "value": 83.0, "supply": [{"l": "Treenuts", "v": 83.0}]}, {"source": 46, "prod": 0.15916012326647891, "target": 97, "value": 98.0, "supply": [{"l": "Eggs", "v": 98.0}]}, {"source": 7, "prod": 0.29608931538851985, "target": 97, "value": 1079.0, "supply": [{"l": "Vegetables, Other", "v": 1079.0}]}, {"source": 48, "prod": 0.00424501665855, "target": 97, "value": 1.0, "supply": [{"l": "Peas", "v": 1.0}]}, {"source": 49, "prod": 0.014150055528500001, "target": 97, "value": 2.0, "supply": [{"l": "Sesame seed", "v": 2.0}]}, {"source": 53, "prod": 0.23964320457323776, "target": 97, "value": 374.0, "supply": [{"l": "Grapes", "v": 374.0}]}, {"source": 55, "prod": 0.0093534265357881358, "target": 97, "value": 1.0, "supply": [{"l": "Palm Oil", "v": 1.0}]}, {"source": 56, "prod": 0.10309326170764287, "target": 97, "value": 17.0, "supply": [{"l": "Oilcrops, Other", "v": 17.0}]}, {"source": 61, "prod": 0.1053114752165354, "target": 97, "value": 58.0, "supply": [{"l": "Pigmeat", "v": 58.0}]}, {"source": 9, "prod": 0.0040915823214939754, "target": 97, "value": 2.0, "supply": [{"l": "Oats", "v": 2.0}]}, {"source": 10, "prod": 4.1783092539156437, "target": 97, "value": 1060.0, "supply": [{"l": "Soyabeans", "v": 1060.0}]}, {"source": 11, "prod": 1.2124761711547656, "target": 97, "value": 1776.0, "supply": [{"l": "Potatoes", "v": 1776.0}]}, {"source": 68, "prod": 0.0081411278383150699, "target": 97, "value": 2.0, "supply": [{"l": "Beans", "v": 2.0}]}, {"source": 69, "prod": 0.10389119716977632, "target": 97, "value": 186.0, "supply": [{"l": "Apples", "v": 186.0}]}, {"source": 70, "prod": 0.00755741602090341, "target": 97, "value": 47.0, "supply": [{"l": "Lemons, Limes", "v": 47.0}]}, {"source": 57, "prod": 0.00081078080790859483, "target": 97, "value": 1.0, "supply": [{"l": "Wine", "v": 1.0}]}, {"source": 67, "prod": 0.014219760235536947, "target": 97, "value": 34.0, "supply": [{"l": "Pineapples", "v": 34.0}]}, {"source": 73, "prod": 0.085757912293939406, "target": 97, "value": 120.0, "supply": [{"l": "Bananas", "v": 120.0}]}, {"source": 77, "prod": 0.11094049402951076, "target": 97, "value": 211.0, "supply": [{"l": "Fruits, Other", "v": 211.0}]}, {"source": 21, "prod": 0.014022000727337107, "target": 97, "value": 4.0, "supply": [{"l": "Millet", "v": 4.0}]}, {"source": 23, "prod": 0.0047166851761666663, "target": 97, "value": 6.0, "supply": [{"l": "Sweet potatoes", "v": 6.0}]}, {"source": 24, "prod": 0.42582823356079691, "target": 97, "value": 107.0, "supply": [{"l": "Rape and Mustardseed", "v": 107.0}]}, {"source": 82, "prod": 0.0631563595998475, "target": 97, "value": 213.0, "supply": [{"l": "Oranges, Mandarines", "v": 213.0}]}, {"source": 84, "prod": 0.010072920884694915, "target": 97, "value": 1.0, "supply": [{"l": "Cottonseed Oil", "v": 1.0}]}, {"source": 87, "prod": 0.036170556143857995, "target": 97, "value": 96.0, "supply": [{"l": "Onions", "v": 96.0}]}, {"source": 98, "prod": 0.016271111080000001, "target": 27, "value": 14.0, "supply": [{"l": "Infant food", "v": 14.0}]}, {"source": 98, "prod": 0.0070750277642500003, "target": 23, "value": 9.0, "supply": [{"l": "Sweet potatoes", "v": 9.0}]}, {"source": 98, "prod": 0.14278692396940909, "target": 75, "value": 37.0, "supply": [{"l": "Spices, Other", "v": 37.0}]}, {"source": 98, "prod": 0.15076344304060441, "target": 40, "value": 758.0, "supply": [{"l": "Tomatoes", "v": 758.0}]}, {"source": 98, "prod": 0.11291744311743, "target": 36, "value": 133.0, "supply": [{"l": "Cassava", "v": 133.0}]}, {"source": 98, "prod": 0.010934133817477274, "target": 70, "value": 68.0, "supply": [{"l": "Lemons, Limes", "v": 68.0}]}, {"source": 98, "prod": 0.71678593387363387, "target": 44, "value": 241.0, "supply": [{"l": "Treenuts", "v": 241.0}]}, {"source": 98, "prod": 0.016326987148269231, "target": 2, "value": 5.0, "supply": [{"l": "Rye", "v": 5.0}]}, {"source": 98, "prod": 0.45716848882045796, "target": 7, "value": 1666.0, "supply": [{"l": "Vegetables, Other", "v": 1666.0}]}, {"source": 98, "prod": 0.090879484294319357, "target": 76, "value": 91.0, "supply": [{"l": "Tea", "v": 91.0}]}, {"source": 98, "prod": 0.075404901171611846, "target": 69, "value": 135.0, "supply": [{"l": "Apples", "v": 135.0}]}, {"source": 98, "prod": 0.39678626783636778, "target": 38, "value": 87.0, "supply": [{"l": "Rice", "v": 87.0}]}, {"source": 98, "prod": 0.52870029646985994, "target": 6, "value": 173.0, "supply": [{"l": "Wheat", "v": 173.0}]}, {"source": 98, "prod": 0.65548051345257363, "target": 3, "value": 175.0, "supply": [{"l": "Barley", "v": 175.0}]}, {"source": 98, "prod": 0.10966293034587501, "target": 65, "value": 31.0, "supply": [{"l": "Pepper", "v": 31.0}]}, {"source": 98, "prod": 0.031423534685364553, "target": 80, "value": 166.0, "supply": [{"l": "Grapefruit", "v": 166.0}]}, {"source": 98, "prod": 0.69744720504942781, "target": 41, "value": 1287.0, "supply": [{"l": "Coffee", "v": 1287.0}]}, {"source": 98, "prod": 0.015918812469562501, "target": 4, "value": 4.0, "supply": [{"l": "Sunflower seed", "v": 4.0}]}, {"source": 98, "prod": 0.069739559390464292, "target": 29, "value": 23.0, "supply": [{"l": "Dates", "v": 23.0}]}, {"source": 98, "prod": 0.088759439224227285, "target": 26, "value": 69.0, "supply": [{"l": "Olives", "v": 69.0}]}, {"source": 98, "prod": 0.0035375138821250002, "target": 60, "value": 1.0, "supply": [{"l": "Cloves", "v": 1.0}]}, {"source": 98, "prod": 0.18471558973690538, "target": 18, "value": 46.0, "supply": [{"l": "Cereals, Other", "v": 46.0}]}, {"source": 98, "prod": 7.6718244331777985, "target": 1, "value": 9047.0, "supply": [{"l": "Pigmeat", "v": 267.0}, {"l": "Meat, Other", "v": 17.0}, {"l": "Crustaceans", "v": 277.0}, {"l": "Marine Fish, Other", "v": 1.0}, {"l": "Demersal Fish", "v": 811.0}, {"l": "Mutton & Goat Meat", "v": 32.0}, {"l": "Freshwater Fish", "v": 62.0}, {"l": "Poultry Meat", "v": 16.0}, {"l": "Milk - Excluding Butter", "v": 3366.0}, {"l": "Fish, Seafood", "v": 2076.0}, {"l": "Pelagic Fish", "v": 677.0}, {"l": "Molluscs, Other", "v": 247.0}, {"l": "Offals, Edible", "v": 8.0}, {"l": "Bovine Meat", "v": 1170.0}, {"l": "Eggs", "v": 20.0}]}, {"source": 98, "prod": 0.036385857073285718, "target": 64, "value": 12.0, "supply": [{"l": "Pimento", "v": 12.0}]}, {"source": 98, "prod": 0.71678593387363387, "target": 28, "value": 241.0, "supply": [{"l": "Nuts", "v": 241.0}]}, {"source": 98, "prod": 0.0424501665855, "target": 48, "value": 10.0, "supply": [{"l": "Peas", "v": 10.0}]}, {"source": 98, "prod": 0.30927978512292864, "target": 56, "value": 51.0, "supply": [{"l": "Oilcrops, Other", "v": 51.0}]}, {"source": 98, "prod": 0.74227148429502865, "target": 62, "value": 510.0, "supply": [{"l": "Cocoa Beans", "v": 510.0}]}, {"source": 98, "prod": 0.75164963185733991, "target": 82, "value": 2535.0, "supply": [{"l": "Oranges, Mandarines", "v": 2535.0}]}, {"source": 98, "prod": 0.00424501665855, "target": 17, "value": 1.0, "supply": [{"l": "Sorghum", "v": 1.0}]}, {"source": 98, "prod": 0.19740373032863057, "target": 67, "value": 472.0, "supply": [{"l": "Pineapples", "v": 472.0}]}, {"source": 98, "prod": 0.27512832036901497, "target": 11, "value": 403.0, "supply": [{"l": "Potatoes", "v": 403.0}]}, {"source": 98, "prod": 0.048604184818309165, "target": 87, "value": 129.0, "supply": [{"l": "Onions", "v": 129.0}]}, {"source": 98, "prod": 0.12735049975650001, "target": 24, "value": 32.0, "supply": [{"l": "Rape and Mustardseed", "v": 32.0}]}, {"source": 98, "prod": 1.8173530913623992, "target": 73, "value": 2543.0, "supply": [{"l": "Bananas", "v": 2543.0}]}, {"source": 98, "prod": 0.17044142357347922, "target": 53, "value": 266.0, "supply": [{"l": "Grapes", "v": 266.0}]}, {"source": 98, "prod": 0.22640088845600001, "target": 49, "value": 32.0, "supply": [{"l": "Sesame seed", "v": 32.0}]}, {"source": 98, "prod": 31.713383089965749, "target": 88, "value": 7341.0, "supply": [{"l": "Sugar", "v": 4881.0}, {"l": "Maize Germ Oil", "v": 22.0}, {"l": "Beer", "v": 472.0}, {"l": "Groundnut Oil", "v": 6.0}, {"l": "Beverages, Alcoholic", "v": 390.0}, {"l": "Fats, Animals, Raw", "v": 50.0}, {"l": "Soyabean Oil", "v": 35.0}, {"l": "Butter, Ghee", "v": 6.0}, {"l": "Palm Oil", "v": 192.0}, {"l": "Olive Oil", "v": 31.0}, {"l": "Coconut Oil", "v": 503.0}, {"l": "Rape and Mustard Oil", "v": 7.0}, {"l": "Oilcrops Oil, Other", "v": 104.0}, {"l": "Wine", "v": 459.0}, {"l": "Sweeteners, Other", "v": 55.0}, {"l": "Sesameseed Oil", "v": 2.0}, {"l": "Beverages, Fermented", "v": 21.0}, {"l": "Fish, Body Oil", "v": 8.0}, {"l": "Fish, Liver Oil", "v": 1.0}, {"l": "Honey", "v": 26.0}, {"l": "Cottonseed Oil", "v": 5.0}, {"l": "Palmkernel Oil", "v": 65.0}]}, {"source": 98, "prod": 1.2810853844552679, "target": 10, "value": 325.0, "supply": [{"l": "Soyabeans", "v": 325.0}]}, {"source": 98, "prod": 0.081411278383150695, "target": 68, "value": 20.0, "supply": [{"l": "Beans", "v": 20.0}]}, {"source": 98, "prod": 1.829383120397998, "target": 0, "value": 583.0, "supply": [{"l": "Maize", "v": 583.0}]}, {"source": 98, "prod": 0.54050629318643162, "target": 77, "value": 1028.0, "supply": [{"l": "Fruits, Other", "v": 1028.0}]}, {"source": 98, "prod": 0.064923784189588246, "target": 13, "value": 13.0, "supply": [{"l": "Pulses, Other", "v": 13.0}]}, {"source": 98, "prod": 0.46379675249157765, "target": 54, "value": 66.0, "supply": [{"l": "Groundnuts", "v": 66.0}]}, {"source": 98, "prod": 0.43393503620733331, "target": 43, "value": 276.0, "supply": [{"l": "Coconuts - Incl Copra", "v": 276.0}]}, {"source": 98, "prod": 0.026595285089710843, "target": 9, "value": 13.0, "supply": [{"l": "Oats", "v": 13.0}]}, {"source": 98, "prod": 0.031917418485338349, "target": 47, "value": 25.0, "supply": [{"l": "Roots, Other", "v": 25.0}]}, {"source": 0, "prod": 159.25046782730496, "target": 99, "value": 50751.0, "supply": [{"l": "Maize", "v": 50751.0}]}, {"source": 26, "prod": 0.002572737368818182, "target": 99, "value": 2.0, "supply": [{"l": "Olives", "v": 2.0}]}, {"source": 7, "prod": 0.24834182615997263, "target": 99, "value": 905.0, "supply": [{"l": "Vegetables, Other", "v": 905.0}]}, {"source": 2, "prod": 0.73797981910176913, "target": 99, "value": 226.0, "supply": [{"l": "Rye", "v": 226.0}]}, {"source": 28, "prod": 0.52941035779878343, "target": 99, "value": 178.0, "supply": [{"l": "Nuts", "v": 178.0}]}, {"source": 29, "prod": 0.018192928536642859, "target": 99, "value": 6.0, "supply": [{"l": "Dates", "v": 6.0}]}, {"source": 30, "prod": 0.63488691705900469, "target": 99, "value": 159.0, "supply": [{"l": "Sugar", "v": 159.0}]}, {"source": 31, "prod": 0.61128239883120006, "target": 99, "value": 72.0, "supply": [{"l": "Oilcrops Oil, Other", "v": 72.0}]}, {"source": 100, "prod": 0.044164444359999999, "target": 99, "value": 38.0, "supply": [{"l": "Citrus, Other", "v": 38.0}]}, {"source": 33, "prod": 0.1076370430329303, "target": 99, "value": 220.0, "supply": [{"l": "Beer", "v": 220.0}]}, {"source": 34, "prod": 0.42450166585499999, "target": 99, "value": 40.0, "supply": [{"l": "Groundnut Oil", "v": 40.0}]}, {"source": 35, "prod": 0.62002767049169383, "target": 99, "value": 181.0, "supply": [{"l": "Beverages, Alcoholic", "v": 181.0}]}, {"source": 3, "prod": 17.079949379107063, "target": 99, "value": 4560.0, "supply": [{"l": "Barley", "v": 4560.0}]}, {"source": 69, "prod": 0.11785506775711185, "target": 99, "value": 211.0, "supply": [{"l": "Apples", "v": 211.0}]}, {"source": 37, "prod": 0.035375138821250006, "target": 99, "value": 10.0, "supply": [{"l": "Honey", "v": 10.0}]}, {"source": 38, "prod": 9.7782730832318698, "target": 99, "value": 2144.0, "supply": [{"l": "Rice", "v": 2144.0}]}, {"source": 39, "prod": 0.0082970780144386372, "target": 99, "value": 1.0, "supply": [{"l": "Butter, Ghee", "v": 1.0}]}, {"source": 40, "prod": 0.036199138038773088, "target": 99, "value": 182.0, "supply": [{"l": "Tomatoes", "v": 182.0}]}, {"source": 4, "prod": 5.535767036290359, "target": 99, "value": 1391.0, "supply": [{"l": "Sunflower seed", "v": 1391.0}]}, {"source": 5, "prod": 13.497621705654854, "target": 99, "value": 1803.0, "supply": [{"l": "Fats, Animals, Raw", "v": 1803.0}]}, {"source": 41, "prod": 0.040101859497791492, "target": 99, "value": 74.0, "supply": [{"l": "Coffee", "v": 74.0}]}, {"source": 6, "prod": 156.63281095358229, "target": 99, "value": 51253.0, "supply": [{"l": "Wheat", "v": 51253.0}]}, {"source": 42, "prod": 9.0727662391415258, "target": 99, "value": 923.0, "supply": [{"l": "Soyabean Oil", "v": 923.0}]}, {"source": 44, "prod": 0.52643614230553193, "target": 99, "value": 177.0, "supply": [{"l": "Treenuts", "v": 177.0}]}, {"source": 45, "prod": 0.094009810979047218, "target": 99, "value": 172.0, "supply": [{"l": "Crustaceans", "v": 172.0}]}, {"source": 46, "prod": 0.11043763655225067, "target": 99, "value": 68.0, "supply": [{"l": "Eggs", "v": 68.0}]}, {"source": 47, "prod": 0.0063834836970676698, "target": 99, "value": 5.0, "supply": [{"l": "Roots, Other", "v": 5.0}]}, {"source": 48, "prod": 0.34809136600110002, "target": 99, "value": 82.0, "supply": [{"l": "Peas", "v": 82.0}]}, {"source": 50, "prod": 0.007718212106454546, "target": 99, "value": 6.0, "supply": [{"l": "Cephalopods", "v": 6.0}]}, {"source": 51, "prod": 0.13029842799160418, "target": 99, "value": 13.0, "supply": [{"l": "Coconut Oil", "v": 13.0}]}, {"source": 10, "prod": 81.965813798039505, "target": 99, "value": 20794.0, "supply": [{"l": "Soyabeans", "v": 20794.0}]}, {"source": 53, "prod": 0.1896641405178566, "target": 99, "value": 296.0, "supply": [{"l": "Grapes", "v": 296.0}]}, {"source": 54, "prod": 2.557909362226277, "target": 99, "value": 364.0, "supply": [{"l": "Groundnuts", "v": 364.0}]}, {"source": 55, "prod": 0.20577538378733898, "target": 99, "value": 22.0, "supply": [{"l": "Palm Oil", "v": 22.0}]}, {"source": 24, "prod": 5.1178982089643439, "target": 99, "value": 1286.0, "supply": [{"l": "Rape and Mustardseed", "v": 1286.0}]}, {"source": 56, "prod": 2.9836402800094288, "target": 99, "value": 492.0, "supply": [{"l": "Oilcrops, Other", "v": 492.0}]}, {"source": 57, "prod": 0.0072970272711773542, "target": 99, "value": 9.0, "supply": [{"l": "Wine", "v": 9.0}]}, {"source": 58, "prod": 0.43393503620733342, "target": 99, "value": 46.0, "supply": [{"l": "Sunflowerseed Oil", "v": 46.0}]}, {"source": 9, "prod": 0.60146260125961437, "target": 99, "value": 294.0, "supply": [{"l": "Oats", "v": 294.0}]}, {"source": 61, "prod": 0.29959298984014382, "target": 99, "value": 165.0, "supply": [{"l": "Pigmeat", "v": 165.0}]}, {"source": 62, "prod": 0.049484765619668573, "target": 99, "value": 34.0, "supply": [{"l": "Cocoa Beans", "v": 34.0}]}, {"source": 8, "prod": 0.17112723404779689, "target": 99, "value": 43.0, "supply": [{"l": "Cottonseed", "v": 43.0}]}, {"source": 11, "prod": 0.43214944613793166, "target": 99, "value": 633.0, "supply": [{"l": "Potatoes", "v": 633.0}]}, {"source": 63, "prod": 0.17109685463468702, "target": 99, "value": 176.0, "supply": [{"l": "Freshwater Fish", "v": 176.0}]}, {"source": 65, "prod": 0.0035375138821250002, "target": 99, "value": 1.0, "supply": [{"l": "Pepper", "v": 1.0}]}, {"source": 80, "prod": 0.10089604811626089, "target": 99, "value": 533.0, "supply": [{"l": "Grapefruit", "v": 533.0}]}, {"source": 66, "prod": 0.90531477718056141, "target": 99, "value": 95.0, "supply": [{"l": "Rape and Mustard Oil", "v": 95.0}]}, {"source": 12, "prod": 2.0735342801871561, "target": 99, "value": 3250.0, "supply": [{"l": "Milk - Excluding Butter", "v": 3250.0}]}, {"source": 67, "prod": 0.015056216719980298, "target": 99, "value": 36.0, "supply": [{"l": "Pineapples", "v": 36.0}]}, {"source": 68, "prod": 1.0827700024959042, "target": 99, "value": 266.0, "supply": [{"l": "Beans", "v": 266.0}]}, {"source": 13, "prod": 0.18977721532341177, "target": 99, "value": 38.0, "supply": [{"l": "Pulses, Other", "v": 38.0}]}, {"source": 14, "prod": 1.0767069508990905, "target": 99, "value": 1444.0, "supply": [{"l": "Fish, Seafood", "v": 1444.0}]}, {"source": 15, "prod": 0.0069733333200000004, "target": 99, "value": 6.0, "supply": [{"l": "Sugar beet", "v": 6.0}]}, {"source": 16, "prod": 0.10992358926350526, "target": 99, "value": 82.0, "supply": [{"l": "Meat, Other", "v": 82.0}]}, {"source": 70, "prod": 0.044701311783215916, "target": 99, "value": 278.0, "supply": [{"l": "Lemons, Limes", "v": 278.0}]}, {"source": 17, "prod": 22.006166357923203, "target": 99, "value": 5184.0, "supply": [{"l": "Sorghum", "v": 5184.0}]}, {"source": 18, "prod": 0.6304423388846554, "target": 99, "value": 157.0, "supply": [{"l": "Cereals, Other", "v": 157.0}]}, {"source": 71, "prod": 0.0030321547561071431, "target": 99, "value": 1.0, "supply": [{"l": "Mutton & Goat Meat", "v": 1.0}]}, {"source": 72, "prod": 0.35138395409554973, "target": 99, "value": 88.0, "supply": [{"l": "Sweeteners, Other", "v": 88.0}]}, {"source": 19, "prod": 0.50917003090258195, "target": 99, "value": 439.0, "supply": [{"l": "Pelagic Fish", "v": 439.0}]}, {"source": 73, "prod": 0.1436445030923485, "target": 99, "value": 201.0, "supply": [{"l": "Bananas", "v": 201.0}]}, {"source": 74, "prod": 0.001463798847775862, "target": 99, "value": 4.0, "supply": [{"l": "Beverages, Fermented", "v": 4.0}]}, {"source": 32, "prod": 0.48001342215911541, "target": 99, "value": 49.0, "supply": [{"l": "Maize Germ Oil", "v": 49.0}]}, {"source": 75, "prod": 0.038591060532272729, "target": 99, "value": 10.0, "supply": [{"l": "Spices, Other", "v": 10.0}]}, {"source": 76, "prod": 0.0049933782579296357, "target": 99, "value": 5.0, "supply": [{"l": "Tea", "v": 5.0}]}, {"source": 77, "prod": 0.3859256996097673, "target": 99, "value": 734.0, "supply": [{"l": "Fruits, Other", "v": 734.0}]}, {"source": 78, "prod": 0.025246678021902634, "target": 99, "value": 113.0, "supply": [{"l": "Molluscs, Other", "v": 113.0}]}, {"source": 20, "prod": 0.81599598775173543, "target": 99, "value": 109.0, "supply": [{"l": "Fish, Body Oil", "v": 109.0}]}, {"source": 21, "prod": 0.080626504182188349, "target": 99, "value": 23.0, "supply": [{"l": "Millet", "v": 23.0}]}, {"source": 79, "prod": 0.33259186962523168, "target": 99, "value": 200.0, "supply": [{"l": "Poultry Meat", "v": 200.0}]}, {"source": 22, "prod": 0.27340785258457623, "target": 99, "value": 228.0, "supply": [{"l": "Offals, Edible", "v": 228.0}]}, {"source": 27, "prod": 0.21384888848000003, "target": 99, "value": 184.0, "supply": [{"l": "Infant food", "v": 184.0}]}, {"source": 81, "prod": 0.54061042189122932, "target": 99, "value": 537.0, "supply": [{"l": "Demersal Fish", "v": 537.0}]}, {"source": 82, "prod": 0.25559052570454716, "target": 99, "value": 862.0, "supply": [{"l": "Oranges, Mandarines", "v": 862.0}]}, {"source": 83, "prod": 0.14208914668978304, "target": 99, "value": 116.0, "supply": [{"l": "Bovine Meat", "v": 116.0}]}, {"source": 84, "prod": 3.4147201799115758, "target": 99, "value": 339.0, "supply": [{"l": "Cottonseed Oil", "v": 339.0}]}, {"source": 87, "prod": 0.049357738071306209, "target": 99, "value": 131.0, "supply": [{"l": "Onions", "v": 131.0}]}, {"source": 93, "prod": 0.014972403444985974, "target": 99, "value": 2.0, "supply": [{"l": "Fish, Liver Oil", "v": 2.0}]}, {"source": 101, "prod": 0.53725992084773433, "target": 4, "value": 135.0, "supply": [{"l": "Sunflower seed", "v": 135.0}]}, {"source": 101, "prod": 0.021676680809617026, "target": 41, "value": 40.0, "supply": [{"l": "Coffee", "v": 40.0}]}, {"source": 42, "prod": 0.76671263992745298, "target": 102, "value": 78.0, "supply": [{"l": "Soyabean Oil", "v": 78.0}]}, {"source": 14, "prod": 0.0052194935292892196, "target": 102, "value": 7.0, "supply": [{"l": "Fish, Seafood", "v": 7.0}]}, {"source": 56, "prod": 0.40024442780614294, "target": 102, "value": 66.0, "supply": [{"l": "Oilcrops, Other", "v": 66.0}]}, {"source": 101, "prod": 0.5973629784687049, "target": 11, "value": 875.0, "supply": [{"l": "Potatoes", "v": 875.0}]}, {"source": 75, "prod": 0.003859106053227273, "target": 102, "value": 1.0, "supply": [{"l": "Spices, Other", "v": 1.0}]}, {"source": 101, "prod": 0.055306502751394288, "target": 62, "value": 38.0, "supply": [{"l": "Cocoa Beans", "v": 38.0}]}, {"source": 12, "prod": 0.51487451203416468, "target": 102, "value": 807.0, "supply": [{"l": "Milk - Excluding Butter", "v": 807.0}]}, {"source": 50, "prod": 0.002572737368818182, "target": 102, "value": 2.0, "supply": [{"l": "Cephalopods", "v": 2.0}]}, {"source": 101, "prod": 0.10872423688819764, "target": 1, "value": 73.0, "supply": [{"l": "Mutton & Goat Meat", "v": 2.0}, {"l": "Pigmeat", "v": 27.0}, {"l": "Pelagic Fish", "v": 4.0}, {"l": "Bovine Meat", "v": 40.0}]}, {"source": 101, "prod": 2.6144308479422653, "target": 3, "value": 698.0, "supply": [{"l": "Barley", "v": 698.0}]}, {"source": 79, "prod": 0.03159622761439701, "target": 102, "value": 19.0, "supply": [{"l": "Poultry Meat", "v": 19.0}]}, {"source": 34, "prod": 0.52001454067237507, "target": 102, "value": 49.0, "supply": [{"l": "Groundnut Oil", "v": 49.0}]}, {"source": 55, "prod": 0.26189594300206781, "target": 102, "value": 28.0, "supply": [{"l": "Palm Oil", "v": 28.0}]}, {"source": 30, "prod": 3.3621055607778736, "target": 102, "value": 842.0, "supply": [{"l": "Sugar", "v": 842.0}]}, {"source": 101, "prod": 0.014054447045199323, "target": 54, "value": 2.0, "supply": [{"l": "Groundnuts", "v": 2.0}]}, {"source": 17, "prod": 2.4111694620563999, "target": 102, "value": 568.0, "supply": [{"l": "Sorghum", "v": 568.0}]}, {"source": 101, "prod": 33.104617358831689, "target": 0, "value": 10550.0, "supply": [{"l": "Maize", "v": 10550.0}]}, {"source": 8, "prod": 1.8545416527040315, "target": 102, "value": 466.0, "supply": [{"l": "Cottonseed", "v": 466.0}]}, {"source": 9, "prod": 1.3277184633247954, "target": 102, "value": 649.0, "supply": [{"l": "Oats", "v": 649.0}]}, {"source": 101, "prod": 0.01563953505781579, "target": 69, "value": 28.0, "supply": [{"l": "Apples", "v": 28.0}]}, {"source": 72, "prod": 0.19166397496120893, "target": 102, "value": 48.0, "supply": [{"l": "Sweeteners, Other", "v": 48.0}]}, {"source": 101, "prod": 4.994527412325235, "target": 24, "value": 1255.0, "supply": [{"l": "Rape and Mustardseed", "v": 1255.0}]}, {"source": 101, "prod": 7.7850573363050897, "target": 10, "value": 1975.0, "supply": [{"l": "Soyabeans", "v": 1975.0}]}, {"source": 77, "prod": 0.0010515686637868318, "target": 102, "value": 2.0, "supply": [{"l": "Fruits, Other", "v": 2.0}]}, {"source": 101, "prod": 0.81711229462908963, "target": 88, "value": 158.0, "supply": [{"l": "Honey", "v": 2.0}, {"l": "Butter, Ghee", "v": 9.0}, {"l": "Fats, Animals, Raw", "v": 5.0}, {"l": "Rape and Mustard Oil", "v": 50.0}, {"l": "Wine", "v": 70.0}, {"l": "Fish, Body Oil", "v": 22.0}]}, {"source": 76, "prod": 0.010985432167445196, "target": 102, "value": 11.0, "supply": [{"l": "Tea", "v": 11.0}]}, {"source": 101, "prod": 0.0424501665855, "target": 48, "value": 10.0, "supply": [{"l": "Peas", "v": 10.0}]}, {"source": 84, "prod": 0.14102089238572879, "target": 102, "value": 14.0, "supply": [{"l": "Cottonseed Oil", "v": 14.0}]}, {"source": 101, "prod": 0.052202231882168916, "target": 18, "value": 13.0, "supply": [{"l": "Cereals, Other", "v": 13.0}]}, {"source": 101, "prod": 3.1286825256982564, "target": 38, "value": 686.0, "supply": [{"l": "Rice", "v": 686.0}]}, {"source": 35, "prod": 0.10276701720856804, "target": 102, "value": 30.0, "supply": [{"l": "Beverages, Alcoholic", "v": 30.0}]}, {"source": 46, "prod": 0.0048722486714228245, "target": 102, "value": 3.0, "supply": [{"l": "Eggs", "v": 3.0}]}, {"source": 63, "prod": 0.0087492709756374024, "target": 102, "value": 9.0, "supply": [{"l": "Freshwater Fish", "v": 9.0}]}, {"source": 101, "prod": 1.1918700618236537, "target": 2, "value": 365.0, "supply": [{"l": "Rye", "v": 365.0}]}, {"source": 101, "prod": 0.40705639191575343, "target": 68, "value": 100.0, "supply": [{"l": "Beans", "v": 100.0}]}, {"source": 6, "prod": 27.519920056133465, "target": 102, "value": 9005.0, "supply": [{"l": "Wheat", "v": 9005.0}]}, {"source": 103, "prod": 593.34770669347893, "target": 0, "value": 189092.0, "supply": [{"l": "Maize", "v": 189092.0}]}, {"source": 103, "prod": 0.14664603002263638, "target": 26, "value": 114.0, "supply": [{"l": "Olives", "v": 114.0}]}, {"source": 103, "prod": 4.9970217175393392, "target": 7, "value": 18210.0, "supply": [{"l": "Vegetables, Other", "v": 18210.0}]}, {"source": 103, "prod": 3.9739886718887312, "target": 2, "value": 1217.0, "supply": [{"l": "Rye", "v": 1217.0}]}, {"source": 103, "prod": 1.2224025677264045, "target": 28, "value": 411.0, "supply": [{"l": "Nuts", "v": 411.0}]}, {"source": 103, "prod": 0.060643095122142866, "target": 29, "value": 20.0, "supply": [{"l": "Dates", "v": 20.0}]}, {"source": 103, "prod": 0.52038130632570578, "target": 80, "value": 2749.0, "supply": [{"l": "Grapefruit", "v": 2749.0}]}, {"source": 103, "prod": 76.031993957564524, "target": 3, "value": 20299.0, "supply": [{"l": "Barley", "v": 20299.0}]}, {"source": 103, "prod": 2.1772467019773551, "target": 69, "value": 3898.0, "supply": [{"l": "Apples", "v": 3898.0}]}, {"source": 103, "prod": 18.375308886353174, "target": 38, "value": 4029.0, "supply": [{"l": "Rice", "v": 4029.0}]}, {"source": 103, "prod": 1.4463743506481206, "target": 40, "value": 7272.0, "supply": [{"l": "Tomatoes", "v": 7272.0}]}, {"source": 103, "prod": 7.7325631570899853, "target": 4, "value": 1943.0, "supply": [{"l": "Sunflower seed", "v": 1943.0}]}, {"source": 103, "prod": 7.6777436429774584, "target": 18, "value": 1912.0, "supply": [{"l": "Cereals, Other", "v": 1912.0}]}, {"source": 103, "prod": 0.0005419170202404256, "target": 41, "value": 1.0, "supply": [{"l": "Coffee", "v": 1.0}]}, {"source": 103, "prod": 212.27164099710981, "target": 6, "value": 69459.0, "supply": [{"l": "Wheat", "v": 69459.0}]}, {"source": 103, "prod": 1.2224025677264045, "target": 44, "value": 411.0, "supply": [{"l": "Treenuts", "v": 411.0}]}, {"source": 103, "prod": 0.005106786957654136, "target": 47, "value": 4.0, "supply": [{"l": "Roots, Other", "v": 4.0}]}, {"source": 103, "prod": 1.2140747643453, "target": 48, "value": 286.0, "supply": [{"l": "Peas", "v": 286.0}]}, {"source": 103, "prod": 202.51397757468877, "target": 10, "value": 51376.0, "supply": [{"l": "Soyabeans", "v": 51376.0}]}, {"source": 103, "prod": 8.5812405321637026, "target": 89, "value": 23584.0, "supply": [{"l": "Sugar cane", "v": 23584.0}]}, {"source": 103, "prod": 2.7084808174627693, "target": 53, "value": 4227.0, "supply": [{"l": "Grapes", "v": 4227.0}]}, {"source": 103, "prod": 8.8191655208625761, "target": 54, "value": 1255.0, "supply": [{"l": "Groundnuts", "v": 1255.0}]}, {"source": 103, "prod": 5.8096085127012858, "target": 56, "value": 958.0, "supply": [{"l": "Oilcrops, Other", "v": 958.0}]}, {"source": 103, "prod": 24.571997631732071, "target": 9, "value": 12011.0, "supply": [{"l": "Oats", "v": 12011.0}]}, {"source": 103, "prod": 15.413390173653891, "target": 8, "value": 3873.0, "supply": [{"l": "Cottonseed", "v": 3873.0}]}, {"source": 103, "prod": 13.060061460692941, "target": 11, "value": 19130.0, "supply": [{"l": "Potatoes", "v": 19130.0}]}, {"source": 103, "prod": 0.072771714146571437, "target": 64, "value": 24.0, "supply": [{"l": "Pimento", "v": 24.0}]}, {"source": 103, "prod": 14.394586175601892, "target": 24, "value": 3617.0, "supply": [{"l": "Rape and Mustardseed", "v": 3617.0}]}, {"source": 103, "prod": 0.25595568423966503, "target": 67, "value": 612.0, "supply": [{"l": "Pineapples", "v": 612.0}]}, {"source": 103, "prod": 3.8019067004931371, "target": 68, "value": 934.0, "supply": [{"l": "Beans", "v": 934.0}]}, {"source": 103, "prod": 0.39453684238288239, "target": 13, "value": 79.0, "supply": [{"l": "Pulses, Other", "v": 79.0}]}, {"source": 103, "prod": 28.289651057020002, "target": 15, "value": 24341.0, "supply": [{"l": "Sugar beet", "v": 24341.0}]}, {"source": 103, "prod": 0.1471284182792898, "target": 70, "value": 915.0, "supply": [{"l": "Lemons, Limes", "v": 915.0}]}, {"source": 103, "prod": 78.851184432566257, "target": 17, "value": 18575.0, "supply": [{"l": "Sorghum", "v": 18575.0}]}, {"source": 103, "prod": 0.0021439478073484852, "target": 73, "value": 3.0, "supply": [{"l": "Bananas", "v": 3.0}]}, {"source": 103, "prod": 1.9664334012813756, "target": 77, "value": 3740.0, "supply": [{"l": "Fruits, Other", "v": 3740.0}]}, {"source": 103, "prod": 0.2559015132739022, "target": 21, "value": 73.0, "supply": [{"l": "Millet", "v": 73.0}]}, {"source": 103, "prod": 0.46773794663652779, "target": 23, "value": 595.0, "supply": [{"l": "Sweet potatoes", "v": 595.0}]}, {"source": 103, "prod": 2.748042914419655, "target": 82, "value": 9268.0, "supply": [{"l": "Oranges, Mandarines", "v": 9268.0}]}, {"source": 103, "prod": 0.67292305492635807, "target": 87, "value": 1786.0, "supply": [{"l": "Onions", "v": 1786.0}]}, {"source": 1, "prod": 10.345270104692831, "target": 79, "value": 6221.0, "supply": [{"l": "Poultry Meat", "v": 6221.0}]}, {"source": 1, "prod": 12.813501389708454, "target": 61, "value": 7057.0, "supply": [{"l": "Pigmeat", "v": 7057.0}]}, {"source": 1, "prod": 3.0016675170293441, "target": 19, "value": 2588.0, "supply": [{"l": "Pelagic Fish", "v": 2648.0}]}, {"source": 1, "prod": 0.49773630439181671, "target": 63, "value": 512.0, "supply": [{"l": "Freshwater Fish", "v": 527.0}]}, {"source": 1, "prod": 0.41156620736757299, "target": 45, "value": 753.0, "supply": [{"l": "Crustaceans", "v": 753.0}]}, {"source": 1, "prod": 6.4232478318257558, "target": 46, "value": 3955.0, "supply": [{"l": "Eggs", "v": 4304.0}]}, {"source": 1, "prod": 0.2372740890200053, "target": 78, "value": 1062.0, "supply": [{"l": "Molluscs, Other", "v": 1073.0}]}, {"source": 1, "prod": 0.19928895000062977, "target": 96, "value": 205.0, "supply": [{"l": "Aquatic Products, Other", "v": 205.0}]}, {"source": 1, "prod": 0.0087492709756374024, "target": 94, "value": 9.0, "supply": [{"l": "Aquatic Animals, Others", "v": 9.0}]}, {"source": 1, "prod": 43.17672580842634, "target": 12, "value": 67674.0, "supply": [{"l": "Milk - Excluding Butter", "v": 67674.0}]}, {"source": 1, "prod": 1.5205313906896609, "target": 22, "value": 1268.0, "supply": [{"l": "Offals, Edible", "v": 1268.0}]}, {"source": 1, "prod": 0.10681009656996776, "target": 52, "value": 78.0, "supply": [{"l": "Marine Fish, Other", "v": 78.0}]}, {"source": 1, "prod": 0.19053967902499236, "target": 95, "value": 196.0, "supply": [{"l": "Aquatic Plants", "v": 196.0}]}, {"source": 1, "prod": 5.0912431168552565, "target": 14, "value": 6828.0, "supply": [{"l": "Fish, Seafood", "v": 6934.0}]}, {"source": 1, "prod": 16.50561423831747, "target": 83, "value": 13475.0, "supply": [{"l": "Bovine Meat", "v": 13475.0}]}, {"source": 1, "prod": 1.8131086961379963, "target": 81, "value": 1801.0, "supply": [{"l": "Demersal Fish", "v": 1801.0}]}, {"source": 1, "prod": 0.46784552015808945, "target": 16, "value": 349.0, "supply": [{"l": "Meat, Other", "v": 349.0}]}, {"source": 1, "prod": 0.048882010007545461, "target": 50, "value": 38.0, "supply": [{"l": "Cephalopods", "v": 58.0}]}, {"source": 1, "prod": 0.53062708231875011, "target": 71, "value": 175.0, "supply": [{"l": "Mutton & Goat Meat", "v": 175.0}]}, {"source": 88, "prod": 0.14430445048083249, "target": 91, "value": 222.0, "supply": [{"l": "Alcohol, Non-Food", "v": 222.0}]}, {"source": 88, "prod": 48.103664715785087, "target": 30, "value": 12047.0, "supply": [{"l": "Sugar", "v": 12047.0}]}, {"source": 88, "prod": 3.360093955113808, "target": 32, "value": 343.0, "supply": [{"l": "Maize Germ Oil", "v": 343.0}]}, {"source": 88, "prod": 11.347879891389935, "target": 33, "value": 23194.0, "supply": [{"l": "Beer", "v": 23194.0}]}, {"source": 88, "prod": 1.8359697048228751, "target": 34, "value": 173.0, "supply": [{"l": "Groundnut Oil", "v": 173.0}]}, {"source": 88, "prod": 6.1283397928709409, "target": 35, "value": 1789.0, "supply": [{"l": "Beverages, Alcoholic", "v": 1789.0}]}, {"source": 88, "prod": 4.5965812199990044, "target": 39, "value": 554.0, "supply": [{"l": "Butter, Ghee", "v": 554.0}]}, {"source": 88, "prod": 40.455434108352101, "target": 5, "value": 5404.0, "supply": [{"l": "Fats, Animals, Raw", "v": 5404.0}]}, {"source": 88, "prod": 49.010631059977946, "target": 42, "value": 4986.0, "supply": [{"l": "Soyabean Oil", "v": 4986.0}]}, {"source": 88, "prod": 2.3196497808754577, "target": 55, "value": 248.0, "supply": [{"l": "Palm Oil", "v": 248.0}]}, {"source": 88, "prod": 0.94333703523333357, "target": 58, "value": 100.0, "supply": [{"l": "Sunflowerseed Oil", "v": 100.0}]}, {"source": 88, "prod": 0.31347815324676931, "target": 59, "value": 32.0, "supply": [{"l": "Olive Oil", "v": 32.0}]}, {"source": 88, "prod": 5.0415468676751463, "target": 51, "value": 503.0, "supply": [{"l": "Coconut Oil", "v": 503.0}]}, {"source": 88, "prod": 2.3538184206694597, "target": 66, "value": 247.0, "supply": [{"l": "Rape and Mustard Oil", "v": 247.0}]}, {"source": 88, "prod": 0.022458605167478961, "target": 93, "value": 3.0, "supply": [{"l": "Fish, Liver Oil", "v": 3.0}]}, {"source": 88, "prod": 3.3620531935716, "target": 31, "value": 396.0, "supply": [{"l": "Oilcrops Oil, Other", "v": 396.0}]}, {"source": 88, "prod": 1.6677761218679796, "target": 57, "value": 2057.0, "supply": [{"l": "Wine", "v": 2057.0}]}, {"source": 88, "prod": 14.718196077229504, "target": 72, "value": 3686.0, "supply": [{"l": "Sweeteners, Other", "v": 3686.0}]}, {"source": 88, "prod": 0.019592384577923082, "target": 92, "value": 2.0, "supply": [{"l": "Sesameseed Oil", "v": 2.0}]}, {"source": 88, "prod": 0.10722326559958191, "target": 74, "value": 293.0, "supply": [{"l": "Beverages, Fermented", "v": 293.0}]}, {"source": 88, "prod": 1.0031510308140601, "target": 20, "value": 134.0, "supply": [{"l": "Fish, Body Oil", "v": 134.0}]}, {"source": 88, "prod": 0.56246470725787501, "target": 37, "value": 159.0, "supply": [{"l": "Honey", "v": 159.0}]}, {"source": 88, "prod": 6.9805341730935755, "target": 84, "value": 693.0, "supply": [{"l": "Cottonseed Oil", "v": 693.0}]}, {"source": 88, "prod": 0.68981520701437504, "target": 85, "value": 65.0, "supply": [{"l": "Palmkernel Oil", "v": 65.0}]}, {"source": 88, "prod": 0.21460917551558334, "target": 86, "value": 91.0, "supply": [{"l": "Cream", "v": 91.0}]}, {"source": 104, "prod": 1.0475837720082715, "target": 88, "value": 246.77966101694921, "supply": [{"l": "Oil Palm", "v": 246.77966101694921}]}]}