{"nodes": [{"layer": 5, "name": "Maize"}, {"layer": 10, "name": "Feed", "fill": "#dbdb8d"}, {"layer": 5, "name": "Rye"}, {"layer": 5, "name": "Barley"}, {"layer": 5, "name": "Sunflower seed"}, {"layer": 13, "name": "Fats, Animals, Raw"}, {"layer": 5, "name": "Wheat"}, {"layer": 5, "name": "Vegetables, Other"}, {"layer": 5, "name": "Cottonseed"}, {"layer": 13, "name": "Demersal Fish"}, {"layer": 5, "name": "Oats"}, {"layer": 5, "name": "Soyabeans"}, {"layer": 5, "name": "Potatoes"}, {"layer": 13, "name": "Freshwater Fish"}, {"layer": 13, "name": "Milk - Excluding Butter"}, {"layer": 5, "name": "Pulses, Other"}, {"layer": 13, "name": "Fish, Seafood"}, {"layer": 5, "name": "Sugar beet"}, {"layer": 13, "name": "Meat, Other"}, {"layer": 5, "name": "Sorghum"}, {"layer": 5, "name": "Cereals, Other"}, {"layer": 13, "name": "Pelagic Fish"}, {"layer": 13, "name": "Fish, Body Oil"}, {"layer": 5, "name": "Millet"}, {"layer": 13, "name": "Offals, Edible"}, {"layer": 5, "name": "Sweet potatoes"}, {"layer": 5, "name": "Rape and Mustardseed"}, {"layer": 16, "name": "Food", "fill": "#b5cf6b"}, {"layer": 5, "name": "Olives"}, {"layer": 5, "name": "Nuts"}, {"layer": 5, "name": "Dates"}, {"layer": 13, "name": "Sugar", "fill": "#d6616b"}, {"layer": 13, "name": "Oilcrops Oil, Other"}, {"layer": 13, "name": "Maize Germ Oil"}, {"layer": 13, "name": "Beer"}, {"layer": 13, "name": "Groundnut Oil"}, {"layer": 13, "name": "Beverages, Alcoholic"}, {"layer": 5, "name": "Cassava"}, {"layer": 13, "name": "Honey"}, {"layer": 5, "name": "Rice"}, {"layer": 13, "name": "Butter, Ghee"}, {"layer": 5, "name": "Tomatoes"}, {"layer": 5, "name": "Coffee"}, {"layer": 13, "name": "Soyabean Oil"}, {"layer": 5, "name": "Coconuts - Incl Copra"}, {"layer": 5, "name": "Treenuts"}, {"layer": 13, "name": "Crustaceans"}, {"layer": 13, "name": "Eggs"}, {"layer": 5, "name": "Roots, Other"}, {"layer": 5, "name": "Peas"}, {"layer": 5, "name": "Sesame seed"}, {"layer": 13, "name": "Cephalopods"}, {"layer": 13, "name": "Coconut Oil"}, {"layer": 13, "name": "Marine Fish, Other"}, {"layer": 5, "name": "Grapes"}, {"layer": 5, "name": "Groundnuts"}, {"layer": 13, "name": "Palm Oil"}, {"layer": 5, "name": "Oilcrops, Other"}, {"layer": 13, "name": "Wine"}, {"layer": 13, "name": "Sunflowerseed Oil"}, {"layer": 13, "name": "Olive Oil"}, {"layer": 5, "name": "Cloves"}, {"layer": 13, "name": "Pigmeat"}, {"layer": 5, "name": "Cocoa Beans"}, {"layer": 5, "name": "Pimento"}, {"layer": 5, "name": "Pepper"}, {"layer": 5, "name": "Grapefruit"}, {"layer": 13, "name": "Rape and Mustard Oil"}, {"layer": 5, "name": "Pineapples"}, {"layer": 5, "name": "Beans"}, {"layer": 5, "name": "Apples"}, {"layer": 5, "name": "Lemons, Limes"}, {"layer": 13, "name": "Mutton & Goat Meat"}, {"layer": 13, "name": "Sweeteners, Other"}, {"layer": 5, "name": "Bananas"}, {"layer": 13, "name": "Beverages, Fermented"}, {"layer": 5, "name": "Citrus, Other"}, {"layer": 5, "name": "Spices, Other"}, {"layer": 5, "name": "Tea"}, {"layer": 5, "name": "Fruits, Other"}, {"layer": 13, "name": "Molluscs, Other"}, {"layer": 13, "name": "Poultry Meat"}, {"layer": 5, "name": "Infant food"}, {"layer": 5, "name": "Oranges, Mandarines"}, {"layer": 13, "name": "Bovine Meat"}, {"layer": 13, "name": "Cottonseed Oil"}, {"layer": 13, "name": "Palmkernel Oil"}, {"layer": 13, "name": "Cream"}, {"layer": 5, "name": "Onions"}, {"layer": 10, "name": "Processing", "fill": "#9edae5"}, {"layer": 5, "name": "Sugar cane"}, {"layer": 16, "name": "Biofuels & Other", "fill": "#e7ba52"}, {"layer": 13, "name": "Alcohol, Non-Food"}, {"layer": 13, "name": "Sesameseed Oil"}, {"layer": 13, "name": "Fish, Liver Oil"}, {"layer": 13, "name": "Aquatic Animals, Others"}, {"layer": 13, "name": "Aquatic Plants"}, {"layer": 13, "name": "Aquatic Products, Other"}, {"name": "Waste", "fill": "#c7c7c7"}, {"layer": 0, "name": "Import", "fill": "#aec7e8"}, {"layer": 16, "name": "Export", "fill": "#aec7e8"}, {"layer": 0, "name": "Stock Draw", "fill": "#c7c7c7"}, {"layer": 16, "name": "Stock Deposit", "fill": "#c7c7c7"}, {"layer": 0, "name": "Production", "fill": "#b5cf6b"}], "links": [{"source": 0, "prod": 293.26995007142, "target": 1, "value": 94317.0, "supply": [{"l": "Maize", "v": 94317.0}]}, {"source": 2, "prod": 1.4468431777891251, "target": 1, "value": 409.0, "supply": [{"l": "Rye", "v": 409.0}]}, {"source": 3, "prod": 42.522742676759087, "target": 1, "value": 10351.0, "supply": [{"l": "Barley", "v": 10351.0}]}, {"source": 4, "prod": 0.20376079961040003, "target": 1, "value": 48.0, "supply": [{"l": "Sunflower seed", "v": 48.0}]}, {"source": 5, "prod": 5.8341414011825172, "target": 1, "value": 747.0, "supply": [{"l": "Fats, Animals, Raw", "v": 747.0}]}, {"source": 6, "prod": 8.5076248408350601, "target": 1, "value": 2805.0, "supply": [{"l": "Wheat", "v": 2805.0}]}, {"source": 7, "prod": 0.025651264580762854, "target": 1, "value": 89.0, "supply": [{"l": "Vegetables, Other", "v": 89.0}]}, {"source": 8, "prod": 1.4135905472971502, "target": 1, "value": 333.0, "supply": [{"l": "Cottonseed", "v": 333.0}]}, {"source": 9, "prod": 0.010083174960926367, "target": 1, "value": 25.0, "supply": [{"l": "Demersal Fish", "v": 25.0}]}, {"source": 10, "prod": 23.488941644804378, "target": 1, "value": 12003.0, "supply": [{"l": "Oats", "v": 12003.0}]}, {"source": 11, "prod": 0.13423431055414864, "target": 1, "value": 36.0, "supply": [{"l": "Soyabeans", "v": 36.0}]}, {"source": 12, "prod": 0.18450597085341877, "target": 1, "value": 269.0, "supply": [{"l": "Potatoes", "v": 269.0}]}, {"source": 13, "prod": 0.018767442069378949, "target": 1, "value": 21.0, "supply": [{"l": "Freshwater Fish", "v": 21.0}]}, {"source": 14, "prod": 1.1508326342382806, "target": 1, "value": 1792.0, "supply": [{"l": "Milk - Excluding Butter", "v": 1792.0}]}, {"source": 15, "prod": 0.0424501665855, "target": 1, "value": 5.0, "supply": [{"l": "Pulses, Other", "v": 5.0}]}, {"source": 16, "prod": 0.80729790488915798, "target": 1, "value": 1355.0, "supply": [{"l": "Fish, Seafood", "v": 1355.0}]}, {"source": 17, "prod": 0.02208222218, "target": 1, "value": 19.0, "supply": [{"l": "Sugar beet", "v": 19.0}]}, {"source": 18, "prod": 0.028300111057000001, "target": 1, "value": 22.0, "supply": [{"l": "Meat, Other", "v": 22.0}]}, {"source": 19, "prod": 52.405774506355137, "target": 1, "value": 12551.0, "supply": [{"l": "Sorghum", "v": 12551.0}]}, {"source": 20, "prod": 7.2124465727479334, "target": 1, "value": 1767.0, "supply": [{"l": "Cereals, Other", "v": 1767.0}]}, {"source": 21, "prod": 1.5567705951542246, "target": 1, "value": 1308.0, "supply": [{"l": "Pelagic Fish", "v": 1308.0}]}, {"source": 22, "prod": 0.0078100955839123373, "target": 1, "value": 1.0, "supply": [{"l": "Fish, Body Oil", "v": 1.0}]}, {"source": 23, "prod": 0.34286673011365387, "target": 1, "value": 90.0, "supply": [{"l": "Millet", "v": 90.0}]}, {"source": 24, "prod": 0.75234756779224621, "target": 1, "value": 576.0, "supply": [{"l": "Offals, Edible", "v": 576.0}]}, {"source": 25, "prod": 0.02122508329275, "target": 1, "value": 27.0, "supply": [{"l": "Sweet potatoes", "v": 27.0}]}, {"source": 26, "prod": 0.82777824841725012, "target": 1, "value": 195.0, "supply": [{"l": "Rape and Mustardseed", "v": 195.0}]}, {"source": 0, "prod": 4.7356270233231825, "target": 27, "value": 1523.0, "supply": [{"l": "Maize", "v": 1523.0}]}, {"source": 28, "prod": 0.10376707387566667, "target": 27, "value": 110.0, "supply": [{"l": "Olives", "v": 110.0}]}, {"source": 7, "prod": 4.325552571102123, "target": 27, "value": 15008.0, "supply": [{"l": "Vegetables, Other", "v": 15008.0}]}, {"source": 2, "prod": 0.31130122162700002, "target": 27, "value": 88.0, "supply": [{"l": "Rye", "v": 88.0}]}, {"source": 29, "prod": 1.6468338598648771, "target": 27, "value": 531.0, "supply": [{"l": "Nuts", "v": 531.0}]}, {"source": 30, "prod": 0.10140873128758335, "target": 27, "value": 43.0, "supply": [{"l": "Dates", "v": 43.0}]}, {"source": 31, "prod": 42.337787516526959, "target": 27, "value": 10309.0, "supply": [{"l": "Sugar", "v": 10309.0}]}, {"source": 32, "prod": 0.11037043312230001, "target": 27, "value": 13.0, "supply": [{"l": "Oilcrops Oil, Other", "v": 13.0}]}, {"source": 33, "prod": 1.6494921873222859, "target": 27, "value": 170.0, "supply": [{"l": "Maize Germ Oil", "v": 170.0}]}, {"source": 34, "prod": 10.093691942243355, "target": 27, "value": 20757.0, "supply": [{"l": "Beer", "v": 20757.0}]}, {"source": 35, "prod": 0.80905023374717655, "target": 27, "value": 81.0, "supply": [{"l": "Groundnut Oil", "v": 81.0}]}, {"source": 36, "prod": 5.0500914596640607, "target": 27, "value": 1464.0, "supply": [{"l": "Beverages, Alcoholic", "v": 1464.0}]}, {"source": 3, "prod": 0.61621209559596779, "target": 27, "value": 150.0, "supply": [{"l": "Barley", "v": 150.0}]}, {"source": 37, "prod": 0.10202934775813161, "target": 27, "value": 137.0, "supply": [{"l": "Cassava", "v": 137.0}]}, {"source": 38, "prod": 0.41328841430411328, "target": 27, "value": 129.0, "supply": [{"l": "Honey", "v": 129.0}]}, {"source": 39, "prod": 3.3995283087865698, "target": 27, "value": 762.0, "supply": [{"l": "Rice", "v": 762.0}]}, {"source": 40, "prod": 4.9424623707150745, "target": 27, "value": 587.0, "supply": [{"l": "Butter, Ghee", "v": 587.0}]}, {"source": 41, "prod": 1.7508314993978515, "target": 27, "value": 8984.0, "supply": [{"l": "Tomatoes", "v": 8984.0}]}, {"source": 4, "prod": 0.20800581626895004, "target": 27, "value": 49.0, "supply": [{"l": "Sunflower seed", "v": 49.0}]}, {"source": 5, "prod": 8.7473070539818174, "target": 27, "value": 1120.0, "supply": [{"l": "Fats, Animals, Raw", "v": 1120.0}]}, {"source": 42, "prod": 0.72077344997150272, "target": 27, "value": 1288.0, "supply": [{"l": "Coffee", "v": 1288.0}]}, {"source": 6, "prod": 51.497669223721388, "target": 27, "value": 16979.0, "supply": [{"l": "Wheat", "v": 16979.0}]}, {"source": 43, "prod": 27.815453389156374, "target": 27, "value": 2820.0, "supply": [{"l": "Soyabean Oil", "v": 2820.0}]}, {"source": 44, "prod": 0.41109635009115791, "target": 27, "value": 230.0, "supply": [{"l": "Coconuts - Incl Copra", "v": 230.0}]}, {"source": 45, "prod": 1.6468338598648771, "target": 27, "value": 531.0, "supply": [{"l": "Treenuts", "v": 531.0}]}, {"source": 46, "prod": 0.30835329339189588, "target": 27, "value": 523.0, "supply": [{"l": "Crustaceans", "v": 523.0}]}, {"source": 47, "prod": 6.0764774078547257, "target": 27, "value": 3746.0, "supply": [{"l": "Eggs", "v": 3746.0}]}, {"source": 48, "prod": 0.014982411736058824, "target": 27, "value": 12.0, "supply": [{"l": "Roots, Other", "v": 12.0}]}, {"source": 49, "prod": 0.31321339129301351, "target": 27, "value": 91.0, "supply": [{"l": "Peas", "v": 91.0}]}, {"source": 50, "prod": 0.1008191456405625, "target": 27, "value": 19.0, "supply": [{"l": "Sesame seed", "v": 19.0}]}, {"source": 51, "prod": 0.012128619024428572, "target": 27, "value": 8.0, "supply": [{"l": "Cephalopods", "v": 8.0}]}, {"source": 52, "prod": 1.847388262290494, "target": 27, "value": 191.0, "supply": [{"l": "Coconut Oil", "v": 191.0}]}, {"source": 25, "prod": 0.41113772452252784, "target": 27, "value": 523.0, "supply": [{"l": "Sweet potatoes", "v": 523.0}]}, {"source": 53, "prod": 0.1027020159326613, "target": 27, "value": 75.0, "supply": [{"l": "Marine Fish, Other", "v": 75.0}]}, {"source": 54, "prod": 1.1324280966371407, "target": 27, "value": 1620.0, "supply": [{"l": "Grapes", "v": 1620.0}]}, {"source": 55, "prod": 5.7722267572916852, "target": 27, "value": 828.0, "supply": [{"l": "Groundnuts", "v": 828.0}]}, {"source": 56, "prod": 2.9780664661195262, "target": 27, "value": 329.0, "supply": [{"l": "Palm Oil", "v": 329.0}]}, {"source": 26, "prod": 0.31413123273270005, "target": 27, "value": 74.0, "supply": [{"l": "Rape and Mustardseed", "v": 74.0}]}, {"source": 57, "prod": 0.028300111057000001, "target": 27, "value": 6.0, "supply": [{"l": "Oilcrops, Other", "v": 6.0}]}, {"source": 58, "prod": 1.2354001236221106, "target": 27, "value": 1540.0, "supply": [{"l": "Wine", "v": 1540.0}]}, {"source": 59, "prod": 0.50535912601785726, "target": 27, "value": 50.0, "supply": [{"l": "Sunflowerseed Oil", "v": 50.0}]}, {"source": 10, "prod": 1.3385350399938512, "target": 27, "value": 684.0, "supply": [{"l": "Oats", "v": 684.0}]}, {"source": 60, "prod": 0.20376079961040003, "target": 27, "value": 24.0, "supply": [{"l": "Olive Oil", "v": 24.0}]}, {"source": 61, "prod": 0.003859106053227273, "target": 27, "value": 1.0, "supply": [{"l": "Cloves", "v": 1.0}]}, {"source": 62, "prod": 10.507122860304476, "target": 27, "value": 5904.0, "supply": [{"l": "Pigmeat", "v": 5904.0}]}, {"source": 63, "prod": 0.61921320839687422, "target": 27, "value": 406.0, "supply": [{"l": "Cocoa Beans", "v": 406.0}]}, {"source": 11, "prod": 0.014914923394905405, "target": 27, "value": 4.0, "supply": [{"l": "Soyabeans", "v": 4.0}]}, {"source": 12, "prod": 9.3734520359956175, "target": 27, "value": 13666.0, "supply": [{"l": "Potatoes", "v": 13666.0}]}, {"source": 13, "prod": 0.20554817504557896, "target": 27, "value": 230.0, "supply": [{"l": "Freshwater Fish", "v": 230.0}]}, {"source": 64, "prod": 0.10449271774892308, "target": 27, "value": 32.0, "supply": [{"l": "Pimento", "v": 32.0}]}, {"source": 65, "prod": 0.1003367573839091, "target": 27, "value": 26.0, "supply": [{"l": "Pepper", "v": 26.0}]}, {"source": 66, "prod": 0.41190775454063172, "target": 27, "value": 1897.0, "supply": [{"l": "Grapefruit", "v": 1897.0}]}, {"source": 67, "prod": 0.82070322065300005, "target": 27, "value": 87.0, "supply": [{"l": "Rape and Mustard Oil", "v": 87.0}]}, {"source": 14, "prod": 35.842785146265022, "target": 27, "value": 55812.0, "supply": [{"l": "Milk - Excluding Butter", "v": 55812.0}]}, {"source": 68, "prod": 0.41181037893768568, "target": 27, "value": 941.0, "supply": [{"l": "Pineapples", "v": 941.0}]}, {"source": 69, "prod": 2.6770700799877023, "target": 27, "value": 684.0, "supply": [{"l": "Beans", "v": 684.0}]}, {"source": 70, "prod": 2.0598302309608387, "target": 27, "value": 3615.0, "supply": [{"l": "Apples", "v": 3615.0}]}, {"source": 16, "prod": 2.0596522931378738, "target": 27, "value": 3457.0, "supply": [{"l": "Fish, Seafood", "v": 3457.0}]}, {"source": 18, "prod": 0.3100148529425909, "target": 27, "value": 241.0, "supply": [{"l": "Meat, Other", "v": 241.0}]}, {"source": 71, "prod": 0.1031104898596662, "target": 27, "value": 855.0, "supply": [{"l": "Lemons, Limes", "v": 855.0}]}, {"source": 19, "prod": 0.62213850700716389, "target": 27, "value": 149.0, "supply": [{"l": "Sorghum", "v": 149.0}]}, {"source": 20, "prod": 1.0286001903409616, "target": 27, "value": 252.0, "supply": [{"l": "Cereals, Other", "v": 252.0}]}, {"source": 72, "prod": 0.61737307490651094, "target": 27, "value": 223.0, "supply": [{"l": "Mutton & Goat Meat", "v": 223.0}]}, {"source": 73, "prod": 11.326764765795067, "target": 27, "value": 2758.0, "supply": [{"l": "Sweeteners, Other", "v": 2758.0}]}, {"source": 21, "prod": 0.92834943747728982, "target": 27, "value": 780.0, "supply": [{"l": "Pelagic Fish", "v": 780.0}]}, {"source": 74, "prod": 1.3393027557725252, "target": 27, "value": 1893.0, "supply": [{"l": "Bananas", "v": 1893.0}]}, {"source": 75, "prod": 0.10309326170764287, "target": 27, "value": 306.0, "supply": [{"l": "Beverages, Fermented", "v": 306.0}]}, {"source": 76, "prod": 0.034866666599999999, "target": 27, "value": 30.0, "supply": [{"l": "Citrus, Other", "v": 30.0}]}, {"source": 77, "prod": 0.10612541646375, "target": 27, "value": 20.0, "supply": [{"l": "Spices, Other", "v": 20.0}]}, {"source": 78, "prod": 0.10319573887538708, "target": 27, "value": 99.0, "supply": [{"l": "Tea", "v": 99.0}]}, {"source": 79, "prod": 1.9564540760774698, "target": 27, "value": 3738.0, "supply": [{"l": "Fruits, Other", "v": 3738.0}]}, {"source": 80, "prod": 0.10291331187048519, "target": 27, "value": 817.0, "supply": [{"l": "Molluscs, Other", "v": 817.0}]}, {"source": 81, "prod": 8.4465061477241541, "target": 27, "value": 5069.0, "supply": [{"l": "Poultry Meat", "v": 5069.0}]}, {"source": 24, "prod": 0.6178131936905078, "target": 27, "value": 473.0, "supply": [{"l": "Offals, Edible", "v": 473.0}]}, {"source": 82, "prod": 0.0058111111000000003, "target": 27, "value": 5.0, "supply": [{"l": "Infant food", "v": 5.0}]}, {"source": 9, "prod": 0.41220019240266992, "target": 27, "value": 1022.0, "supply": [{"l": "Demersal Fish", "v": 1022.0}]}, {"source": 83, "prod": 2.9866828545413302, "target": 27, "value": 9884.0, "supply": [{"l": "Oranges, Mandarines", "v": 9884.0}]}, {"source": 84, "prod": 16.17007409309457, "target": 27, "value": 13206.0, "supply": [{"l": "Bovine Meat", "v": 13206.0}]}, {"source": 85, "prod": 2.5678560590782364, "target": 27, "value": 271.0, "supply": [{"l": "Cottonseed Oil", "v": 271.0}]}, {"source": 86, "prod": 0.73297287637630004, "target": 27, "value": 74.0, "supply": [{"l": "Palmkernel Oil", "v": 74.0}]}, {"source": 87, "prod": 0.20778239433955267, "target": 27, "value": 93.0, "supply": [{"l": "Cream", "v": 93.0}]}, {"source": 88, "prod": 0.51506668352917206, "target": 27, "value": 1473.0, "supply": [{"l": "Onions", "v": 1473.0}]}, {"source": 15, "prod": 0.11037043312230001, "target": 27, "value": 13.0, "supply": [{"l": "Pulses, Other", "v": 13.0}]}, {"source": 4, "prod": 0.85324834836855001, "target": 89, "value": 201.0, "supply": [{"l": "Sunflower seed", "v": 201.0}]}, {"source": 0, "prod": 26.610306018121996, "target": 89, "value": 8558.0, "supply": [{"l": "Maize", "v": 8558.0}]}, {"source": 28, "prod": 0.0028300111056999999, "target": 89, "value": 3.0, "supply": [{"l": "Olives", "v": 3.0}]}, {"source": 2, "prod": 0.24762597174875001, "target": 89, "value": 70.0, "supply": [{"l": "Rye", "v": 70.0}]}, {"source": 5, "prod": 0.27335334543693179, "target": 89, "value": 35.0, "supply": [{"l": "Fats, Animals, Raw", "v": 35.0}]}, {"source": 11, "prod": 73.832599535630493, "target": 89, "value": 19801.0, "supply": [{"l": "Soyabeans", "v": 19801.0}]}, {"source": 7, "prod": 0.0011528658238545103, "target": 89, "value": 4.0, "supply": [{"l": "Vegetables, Other", "v": 4.0}]}, {"source": 49, "prod": 0.013767621595297297, "target": 89, "value": 4.0, "supply": [{"l": "Peas", "v": 4.0}]}, {"source": 31, "prod": 0.10677878314382586, "target": 89, "value": 26.0, "supply": [{"l": "Sugar", "v": 26.0}]}, {"source": 81, "prod": 0.0033326124078611775, "target": 89, "value": 2.0, "supply": [{"l": "Poultry Meat", "v": 2.0}]}, {"source": 8, "prod": 16.275393868880702, "target": 89, "value": 3834.0, "supply": [{"l": "Cottonseed", "v": 3834.0}]}, {"source": 62, "prod": 0.0017796617310813815, "target": 89, "value": 1.0, "supply": [{"l": "Pigmeat", "v": 1.0}]}, {"source": 3, "prod": 13.42109944208018, "target": 89, "value": 3267.0, "supply": [{"l": "Barley", "v": 3267.0}]}, {"source": 54, "prod": 1.4896322678603378, "target": 89, "value": 2131.0, "supply": [{"l": "Grapes", "v": 2131.0}]}, {"source": 55, "prod": 1.3106022105927979, "target": 89, "value": 188.0, "supply": [{"l": "Groundnuts", "v": 188.0}]}, {"source": 17, "prod": 32.392295493620004, "target": 89, "value": 27871.0, "supply": [{"l": "Sugar beet", "v": 27871.0}]}, {"source": 26, "prod": 1.4730207805168503, "target": 89, "value": 347.0, "supply": [{"l": "Rape and Mustardseed", "v": 347.0}]}, {"source": 57, "prod": 2.0894915330418335, "target": 89, "value": 443.0, "supply": [{"l": "Oilcrops, Other", "v": 443.0}]}, {"source": 39, "prod": 1.1331761029288567, "target": 89, "value": 254.0, "supply": [{"l": "Rice", "v": 254.0}]}, {"source": 19, "prod": 0.30063068794977049, "target": 89, "value": 72.0, "supply": [{"l": "Sorghum", "v": 72.0}]}, {"source": 90, "prod": 9.5597775150546003, "target": 89, "value": 24772.0, "supply": [{"l": "Sugar cane", "v": 24772.0}]}, {"source": 0, "prod": 10.683922818213039, "target": 91, "value": 3436.0, "supply": [{"l": "Maize", "v": 3436.0}]}, {"source": 92, "prod": 0.10243470153357037, "target": 91, "value": 159.0, "supply": [{"l": "Alcohol, Non-Food", "v": 159.0}]}, {"source": 2, "prod": 0.18748823575262502, "target": 91, "value": 53.0, "supply": [{"l": "Rye", "v": 53.0}]}, {"source": 79, "prod": 0.00052339595400681372, "target": 91, "value": 1.0, "supply": [{"l": "Fruits, Other", "v": 1.0}]}, {"source": 31, "prod": 0.0041068762747625328, "target": 91, "value": 1.0, "supply": [{"l": "Sugar", "v": 1.0}]}, {"source": 33, "prod": 0.29108685658628575, "target": 91, "value": 30.0, "supply": [{"l": "Maize Germ Oil", "v": 30.0}]}, {"source": 34, "prod": 0.00048627893926113386, "target": 91, "value": 1.0, "supply": [{"l": "Beer", "v": 1.0}]}, {"source": 35, "prod": 0.099882744907058854, "target": 91, "value": 10.0, "supply": [{"l": "Groundnut Oil", "v": 10.0}]}, {"source": 3, "prod": 0.0041080806373064525, "target": 91, "value": 1.0, "supply": [{"l": "Barley", "v": 1.0}]}, {"source": 39, "prod": 0.82980612261719433, "target": 91, "value": 186.0, "supply": [{"l": "Rice", "v": 186.0}]}, {"source": 5, "prod": 13.2303019191475, "target": 91, "value": 1694.0, "supply": [{"l": "Fats, Animals, Raw", "v": 1694.0}]}, {"source": 6, "prod": 0.048528341338096602, "target": 91, "value": 16.0, "supply": [{"l": "Wheat", "v": 16.0}]}, {"source": 43, "prod": 2.475772624353989, "target": 91, "value": 251.0, "supply": [{"l": "Soyabean Oil", "v": 251.0}]}, {"source": 7, "prod": 0.00028821645596362758, "target": 91, "value": 1.0, "supply": [{"l": "Vegetables, Other", "v": 1.0}]}, {"source": 56, "prod": 0.55216429918933463, "target": 91, "value": 61.0, "supply": [{"l": "Palm Oil", "v": 61.0}]}, {"source": 26, "prod": 0.02122508329275, "target": 91, "value": 5.0, "supply": [{"l": "Rape and Mustardseed", "v": 5.0}]}, {"source": 57, "prod": 0.11320044422800001, "target": 91, "value": 24.0, "supply": [{"l": "Oilcrops, Other", "v": 24.0}]}, {"source": 59, "prod": 0.21225083292749999, "target": 91, "value": 21.0, "supply": [{"l": "Sunflowerseed Oil", "v": 21.0}]}, {"source": 62, "prod": 0.10677970386488286, "target": 91, "value": 60.0, "supply": [{"l": "Pigmeat", "v": 60.0}]}, {"source": 12, "prod": 0.34020431800481682, "target": 91, "value": 496.0, "supply": [{"l": "Potatoes", "v": 496.0}]}, {"source": 52, "prod": 2.2536202361973041, "target": 91, "value": 233.0, "supply": [{"l": "Coconut Oil", "v": 233.0}]}, {"source": 67, "prod": 0.24526762916066669, "target": 91, "value": 26.0, "supply": [{"l": "Rape and Mustard Oil", "v": 26.0}]}, {"source": 14, "prod": 0.88945490983259967, "target": 91, "value": 1385.0, "supply": [{"l": "Milk - Excluding Butter", "v": 1385.0}]}, {"source": 93, "prod": 0.0096721898549240511, "target": 91, "value": 1.0, "supply": [{"l": "Sesameseed Oil", "v": 1.0}]}, {"source": 94, "prod": 0.0078100955839123373, "target": 91, "value": 1.0, "supply": [{"l": "Fish, Liver Oil", "v": 1.0}]}, {"source": 16, "prod": 0.0029789590586315794, "target": 91, "value": 5.0, "supply": [{"l": "Fish, Seafood", "v": 5.0}]}, {"source": 32, "prod": 2.2413687957144002, "target": 91, "value": 264.0, "supply": [{"l": "Oilcrops Oil, Other", "v": 264.0}]}, {"source": 58, "prod": 0.18531001854331655, "target": 91, "value": 231.0, "supply": [{"l": "Wine", "v": 231.0}]}, {"source": 73, "prod": 1.0020778110420581, "target": 91, "value": 244.0, "supply": [{"l": "Sweeteners, Other", "v": 244.0}]}, {"source": 21, "prod": 0.0047607663460373833, "target": 91, "value": 4.0, "supply": [{"l": "Pelagic Fish", "v": 4.0}]}, {"source": 84, "prod": 0.035509022315594614, "target": 91, "value": 29.0, "supply": [{"l": "Bovine Meat", "v": 29.0}]}, {"source": 80, "prod": 0.00012596488601038578, "target": 91, "value": 1.0, "supply": [{"l": "Molluscs, Other", "v": 1.0}]}, {"source": 22, "prod": 0.26554324985301947, "target": 91, "value": 34.0, "supply": [{"l": "Fish, Body Oil", "v": 34.0}]}, {"source": 95, "prod": 0.0029789590586315794, "target": 91, "value": 5.0, "supply": [{"l": "Aquatic Animals, Others", "v": 5.0}]}, {"source": 81, "prod": 0.093313147420112971, "target": 91, "value": 56.0, "supply": [{"l": "Poultry Meat", "v": 56.0}]}, {"source": 96, "prod": 0.094135106252757894, "target": 91, "value": 158.0, "supply": [{"l": "Aquatic Plants", "v": 158.0}]}, {"source": 85, "prod": 0.37901934451339286, "target": 91, "value": 40.0, "supply": [{"l": "Cottonseed Oil", "v": 40.0}]}, {"source": 86, "prod": 0.02971511660985, "target": 91, "value": 3.0, "supply": [{"l": "Palmkernel Oil", "v": 3.0}]}, {"source": 37, "prod": 0.0074473976465789481, "target": 91, "value": 10.0, "supply": [{"l": "Cassava", "v": 10.0}]}, {"source": 97, "prod": 0.097114065311389483, "target": 91, "value": 163.0, "supply": [{"l": "Aquatic Products, Other", "v": 163.0}]}, {"source": 0, "prod": 1.6479857664880413, "target": 0, "value": 530.0, "supply": [{"l": "Maize", "v": 530.0}]}, {"source": 2, "prod": 0.44218923526562504, "target": 2, "value": 125.0, "supply": [{"l": "Rye", "v": 125.0}]}, {"source": 3, "prod": 2.9906827039590973, "target": 3, "value": 728.0, "supply": [{"l": "Barley", "v": 728.0}]}, {"source": 39, "prod": 0.47290026342700314, "target": 39, "value": 106.0, "supply": [{"l": "Rice", "v": 106.0}]}, {"source": 4, "prod": 0.025470099951300004, "target": 4, "value": 6.0, "supply": [{"l": "Sunflower seed", "v": 6.0}]}, {"source": 20, "prod": 0.35919371726192317, "target": 20, "value": 88.0, "supply": [{"l": "Cereals, Other", "v": 88.0}]}, {"source": 6, "prod": 11.473919705126216, "target": 6, "value": 3783.0, "supply": [{"l": "Wheat", "v": 3783.0}]}, {"source": 46, "prod": 0.0011791712940416668, "target": 46, "value": 2.0, "supply": [{"l": "Crustaceans", "v": 2.0}]}, {"source": 47, "prod": 0.45419478755988335, "target": 47, "value": 280.0, "supply": [{"l": "Eggs", "v": 280.0}]}, {"source": 7, "prod": 0.0025939481036726482, "target": 7, "value": 9.0, "supply": [{"l": "Vegetables, Other", "v": 9.0}]}, {"source": 49, "prod": 0.061954297178837846, "target": 49, "value": 18.0, "supply": [{"l": "Peas", "v": 18.0}]}, {"source": 8, "prod": 0.73014286527060013, "target": 8, "value": 172.0, "supply": [{"l": "Cottonseed", "v": 172.0}]}, {"source": 55, "prod": 0.43919116631567162, "target": 55, "value": 63.0, "supply": [{"l": "Groundnuts", "v": 63.0}]}, {"source": 9, "prod": 0.00080665399687410947, "target": 9, "value": 2.0, "supply": [{"l": "Demersal Fish", "v": 2.0}]}, {"source": 57, "prod": 0.18395072187050004, "target": 57, "value": 39.0, "supply": [{"l": "Oilcrops, Other", "v": 39.0}]}, {"source": 10, "prod": 1.60859035508033, "target": 10, "value": 822.0, "supply": [{"l": "Oats", "v": 822.0}]}, {"source": 11, "prod": 5.842921239954193, "target": 11, "value": 1567.0, "supply": [{"l": "Soyabeans", "v": 1567.0}]}, {"source": 12, "prod": 0.94379262414239506, "target": 12, "value": 1376.0, "supply": [{"l": "Potatoes", "v": 1376.0}]}, {"source": 13, "prod": 0.0044684385879473687, "target": 13, "value": 5.0, "supply": [{"l": "Freshwater Fish", "v": 5.0}]}, {"source": 69, "prod": 0.15263996070105321, "target": 69, "value": 39.0, "supply": [{"l": "Beans", "v": 39.0}]}, {"source": 16, "prod": 0.047067553126378947, "target": 16, "value": 79.0, "supply": [{"l": "Fish, Seafood", "v": 79.0}]}, {"source": 19, "prod": 0.24217472084842623, "target": 19, "value": 58.0, "supply": [{"l": "Sorghum", "v": 58.0}]}, {"source": 51, "prod": 0.0045482321341607148, "target": 51, "value": 3.0, "supply": [{"l": "Cephalopods", "v": 3.0}]}, {"source": 90, "prod": 0.36352779021400905, "target": 90, "value": 942.0, "supply": [{"l": "Sugar cane", "v": 942.0}]}, {"source": 21, "prod": 0.072601686777070101, "target": 21, "value": 61.0, "supply": [{"l": "Pelagic Fish", "v": 61.0}]}, {"source": 80, "prod": 0.00075578931606231465, "target": 80, "value": 6.0, "supply": [{"l": "Molluscs, Other", "v": 6.0}]}, {"source": 25, "prod": 0.028300111057000001, "target": 25, "value": 36.0, "supply": [{"l": "Sweet potatoes", "v": 36.0}]}, {"source": 26, "prod": 0.025470099951300004, "target": 26, "value": 6.0, "supply": [{"l": "Rape and Mustardseed", "v": 6.0}]}, {"source": 0, "prod": 0.41355114517530089, "target": 98, "value": 133.0, "supply": [{"l": "Maize", "v": 133.0}]}, {"source": 28, "prod": 0.0056600222113999997, "target": 98, "value": 6.0, "supply": [{"l": "Olives", "v": 6.0}]}, {"source": 2, "prod": 0.0070750277642500003, "target": 98, "value": 2.0, "supply": [{"l": "Rye", "v": 2.0}]}, {"source": 29, "prod": 0.25431332675879459, "target": 98, "value": 82.0, "supply": [{"l": "Nuts", "v": 82.0}]}, {"source": 30, "prod": 0.0047166851761666672, "target": 98, "value": 2.0, "supply": [{"l": "Dates", "v": 2.0}]}, {"source": 31, "prod": 0.13142004079240105, "target": 98, "value": 32.0, "supply": [{"l": "Sugar", "v": 32.0}]}, {"source": 66, "prod": 0.025187822628736575, "target": 98, "value": 116.0, "supply": [{"l": "Grapefruit", "v": 116.0}]}, {"source": 3, "prod": 0.20540403186532263, "target": 98, "value": 50.0, "supply": [{"l": "Barley", "v": 50.0}]}, {"source": 39, "prod": 0.25429542467301114, "target": 98, "value": 57.0, "supply": [{"l": "Rice", "v": 57.0}]}, {"source": 41, "prod": 0.091400264160462208, "target": 98, "value": 469.0, "supply": [{"l": "Tomatoes", "v": 469.0}]}, {"source": 5, "prod": 0.1249615293425974, "target": 98, "value": 16.0, "supply": [{"l": "Fats, Animals, Raw", "v": 16.0}]}, {"source": 6, "prod": 0.22444357868869677, "target": 98, "value": 74.0, "supply": [{"l": "Wheat", "v": 74.0}]}, {"source": 43, "prod": 0.049318179768007751, "target": 98, "value": 5.0, "supply": [{"l": "Soyabean Oil", "v": 5.0}]}, {"source": 44, "prod": 0.012511628046252634, "target": 98, "value": 7.0, "supply": [{"l": "Coconuts - Incl Copra", "v": 7.0}]}, {"source": 45, "prod": 0.25431332675879459, "target": 98, "value": 82.0, "supply": [{"l": "Treenuts", "v": 82.0}]}, {"source": 47, "prod": 0.15734605140467392, "target": 98, "value": 97.0, "supply": [{"l": "Eggs", "v": 97.0}]}, {"source": 7, "prod": 0.26054767619111935, "target": 98, "value": 904.0, "supply": [{"l": "Vegetables, Other", "v": 904.0}]}, {"source": 49, "prod": 0.0034419053988243241, "target": 98, "value": 1.0, "supply": [{"l": "Peas", "v": 1.0}]}, {"source": 50, "prod": 0.0053062708231875, "target": 98, "value": 1.0, "supply": [{"l": "Sesame seed", "v": 1.0}]}, {"source": 54, "prod": 0.12093213624581811, "target": 98, "value": 173.0, "supply": [{"l": "Grapes", "v": 173.0}]}, {"source": 56, "prod": 0.0090518737572022074, "target": 98, "value": 1.0, "supply": [{"l": "Palm Oil", "v": 1.0}]}, {"source": 57, "prod": 0.061316907290166672, "target": 98, "value": 13.0, "supply": [{"l": "Oilcrops, Other", "v": 13.0}]}, {"source": 62, "prod": 0.088983086554069057, "target": 98, "value": 50.0, "supply": [{"l": "Pigmeat", "v": 50.0}]}, {"source": 10, "prod": 0.0078276902923617026, "target": 98, "value": 4.0, "supply": [{"l": "Oats", "v": 4.0}]}, {"source": 11, "prod": 5.9249533186261729, "target": 98, "value": 1589.0, "supply": [{"l": "Soyabeans", "v": 1589.0}]}, {"source": 12, "prod": 0.82033137970516312, "target": 98, "value": 1196.0, "supply": [{"l": "Potatoes", "v": 1196.0}]}, {"source": 69, "prod": 0.0078276902923617026, "target": 98, "value": 2.0, "supply": [{"l": "Beans", "v": 2.0}]}, {"source": 70, "prod": 0.1048433644527785, "target": 98, "value": 184.0, "supply": [{"l": "Apples", "v": 184.0}]}, {"source": 71, "prod": 0.0065122414648210239, "target": 98, "value": 54.0, "supply": [{"l": "Lemons, Limes", "v": 54.0}]}, {"source": 68, "prod": 0.015317070417448455, "target": 98, "value": 35.0, "supply": [{"l": "Pineapples", "v": 35.0}]}, {"source": 74, "prod": 0.072872785971775017, "target": 98, "value": 103.0, "supply": [{"l": "Bananas", "v": 103.0}]}, {"source": 79, "prod": 0.11305352606547178, "target": 98, "value": 216.0, "supply": [{"l": "Fruits, Other", "v": 216.0}]}, {"source": 23, "prod": 0.019048151672980768, "target": 98, "value": 5.0, "supply": [{"l": "Millet", "v": 5.0}]}, {"source": 25, "prod": 0.0047166851761666663, "target": 98, "value": 6.0, "supply": [{"l": "Sweet potatoes", "v": 6.0}]}, {"source": 26, "prod": 0.24621096619590002, "target": 98, "value": 58.0, "supply": [{"l": "Rape and Mustardseed", "v": 58.0}]}, {"source": 83, "prod": 0.06768686355901031, "target": 98, "value": 224.0, "supply": [{"l": "Oranges, Mandarines", "v": 224.0}]}, {"source": 88, "prod": 0.029022766281684511, "target": 98, "value": 83.0, "supply": [{"l": "Onions", "v": 83.0}]}, {"source": 99, "prod": 0.0069733333200000004, "target": 82, "value": 6.0, "supply": [{"l": "Infant food", "v": 6.0}]}, {"source": 99, "prod": 0.0055027993721944446, "target": 25, "value": 7.0, "supply": [{"l": "Sweet potatoes", "v": 7.0}]}, {"source": 99, "prod": 0.13796304140287499, "target": 77, "value": 26.0, "supply": [{"l": "Spices, Other", "v": 26.0}]}, {"source": 99, "prod": 0.10679604426425007, "target": 41, "value": 548.0, "supply": [{"l": "Tomatoes", "v": 548.0}]}, {"source": 99, "prod": 0.11022148516936843, "target": 37, "value": 148.0, "supply": [{"l": "Cassava", "v": 148.0}]}, {"source": 99, "prod": 0.0050650766948607965, "target": 71, "value": 42.0, "supply": [{"l": "Lemons, Limes", "v": 42.0}]}, {"source": 99, "prod": 0.89629940772306871, "target": 45, "value": 289.0, "supply": [{"l": "Treenuts", "v": 289.0}]}, {"source": 99, "prod": 0.063675249878250004, "target": 2, "value": 18.0, "supply": [{"l": "Rye", "v": 18.0}]}, {"source": 99, "prod": 0.3605587864104981, "target": 7, "value": 1251.0, "supply": [{"l": "Vegetables, Other", "v": 1251.0}]}, {"source": 99, "prod": 0.10006859527310259, "target": 78, "value": 96.0, "supply": [{"l": "Tea", "v": 96.0}]}, {"source": 99, "prod": 0.06096869563286577, "target": 70, "value": 107.0, "supply": [{"l": "Apples", "v": 107.0}]}, {"source": 99, "prod": 0.30783130355153981, "target": 39, "value": 69.0, "supply": [{"l": "Rice", "v": 69.0}]}, {"source": 99, "prod": 0.4670852853791797, "target": 6, "value": 154.0, "supply": [{"l": "Wheat", "v": 154.0}]}, {"source": 99, "prod": 1.5692868034510647, "target": 3, "value": 382.0, "supply": [{"l": "Barley", "v": 382.0}]}, {"source": 99, "prod": 0.10419586343713638, "target": 65, "value": 27.0, "supply": [{"l": "Pepper", "v": 27.0}]}, {"source": 99, "prod": 0.030833369080005116, "target": 66, "value": 142.0, "supply": [{"l": "Grapefruit", "v": 142.0}]}, {"source": 99, "prod": 0.7834494021429379, "target": 42, "value": 1400.0, "supply": [{"l": "Coffee", "v": 1400.0}]}, {"source": 99, "prod": 0.0084900333171, "target": 4, "value": 2.0, "supply": [{"l": "Sunflower seed", "v": 2.0}]}, {"source": 99, "prod": 0.070750277642500012, "target": 30, "value": 30.0, "supply": [{"l": "Dates", "v": 30.0}]}, {"source": 99, "prod": 0.056600222113999996, "target": 28, "value": 60.0, "supply": [{"l": "Olives", "v": 60.0}]}, {"source": 99, "prod": 0.003859106053227273, "target": 61, "value": 1.0, "supply": [{"l": "Cloves", "v": 1.0}]}, {"source": 99, "prod": 0.11428891003788463, "target": 20, "value": 28.0, "supply": [{"l": "Cereals, Other", "v": 28.0}]}, {"source": 99, "prod": 5.4888867198560645, "target": 1, "value": 6995.0, "supply": [{"l": "Pigmeat", "v": 252.0}, {"l": "Meat, Other", "v": 15.0}, {"l": "Crustaceans", "v": 242.0}, {"l": "Marine Fish, Other", "v": 1.0}, {"l": "Demersal Fish", "v": 678.0}, {"l": "Mutton & Goat Meat", "v": 29.0}, {"l": "Freshwater Fish", "v": 52.0}, {"l": "Poultry Meat", "v": 12.0}, {"l": "Milk - Excluding Butter", "v": 1913.0}, {"l": "Fish, Seafood", "v": 1900.0}, {"l": "Pelagic Fish", "v": 733.0}, {"l": "Molluscs, Other", "v": 194.0}, {"l": "Offals, Edible", "v": 6.0}, {"l": "Bovine Meat", "v": 952.0}, {"l": "Eggs", "v": 16.0}]}, {"source": 99, "prod": 0.03918476915584615, "target": 64, "value": 12.0, "supply": [{"l": "Pimento", "v": 12.0}]}, {"source": 99, "prod": 0.89940078975671256, "target": 29, "value": 290.0, "supply": [{"l": "Nuts", "v": 290.0}]}, {"source": 99, "prod": 0.034419053988243249, "target": 49, "value": 10.0, "supply": [{"l": "Peas", "v": 10.0}]}, {"source": 99, "prod": 0.094333703523333354, "target": 57, "value": 20.0, "supply": [{"l": "Oilcrops, Other", "v": 20.0}]}, {"source": 99, "prod": 0.68326974719655087, "target": 63, "value": 448.0, "supply": [{"l": "Cocoa Beans", "v": 448.0}]}, {"source": 99, "prod": 0.36351471813164915, "target": 83, "value": 1203.0, "supply": [{"l": "Oranges, Mandarines", "v": 1203.0}]}, {"source": 99, "prod": 0.15667174884132992, "target": 68, "value": 358.0, "supply": [{"l": "Pineapples", "v": 358.0}]}, {"source": 99, "prod": 0.16555564968344999, "target": 26, "value": 39.0, "supply": [{"l": "Rape and Mustardseed", "v": 39.0}]}, {"source": 99, "prod": 0.19067903307528039, "target": 12, "value": 278.0, "supply": [{"l": "Potatoes", "v": 278.0}]}, {"source": 99, "prod": 0.032869156993714989, "target": 88, "value": 94.0, "supply": [{"l": "Onions", "v": 94.0}]}, {"source": 99, "prod": 0.034866666599999999, "target": 76, "value": 30.0, "supply": [{"l": "Citrus, Other", "v": 30.0}]}, {"source": 99, "prod": 1.5416485498300754, "target": 74, "value": 2179.0, "supply": [{"l": "Bananas", "v": 2179.0}]}, {"source": 99, "prod": 0.15867973946705613, "target": 54, "value": 227.0, "supply": [{"l": "Grapes", "v": 227.0}]}, {"source": 99, "prod": 0.10612541646375, "target": 50, "value": 20.0, "supply": [{"l": "Sesame seed", "v": 20.0}]}, {"source": 99, "prod": 32.052486208363213, "target": 89, "value": 6697.0, "supply": [{"l": "Sugar", "v": 4532.0}, {"l": "Maize Germ Oil", "v": 11.0}, {"l": "Beer", "v": 213.0}, {"l": "Groundnut Oil", "v": 7.0}, {"l": "Beverages, Alcoholic", "v": 345.0}, {"l": "Fats, Animals, Raw", "v": 57.0}, {"l": "Soyabean Oil", "v": 23.0}, {"l": "Butter, Ghee", "v": 5.0}, {"l": "Palm Oil", "v": 500.0}, {"l": "Olive Oil", "v": 24.0}, {"l": "Coconut Oil", "v": 435.0}, {"l": "Rape and Mustard Oil", "v": 5.0}, {"l": "Oilcrops Oil, Other", "v": 88.0}, {"l": "Wine", "v": 247.0}, {"l": "Sweeteners, Other", "v": 71.0}, {"l": "Sesameseed Oil", "v": 1.0}, {"l": "Beverages, Fermented", "v": 13.0}, {"l": "Fish, Body Oil", "v": 6.0}, {"l": "Fish, Liver Oil", "v": 1.0}, {"l": "Honey", "v": 22.0}, {"l": "Cottonseed Oil", "v": 14.0}, {"l": "Palmkernel Oil", "v": 77.0}]}, {"source": 99, "prod": 1.4392901076083717, "target": 11, "value": 386.0, "supply": [{"l": "Soyabeans", "v": 386.0}]}, {"source": 99, "prod": 0.10958766409306385, "target": 69, "value": 28.0, "supply": [{"l": "Beans", "v": 28.0}]}, {"source": 99, "prod": 2.8948580162271065, "target": 0, "value": 931.0, "supply": [{"l": "Maize", "v": 931.0}]}, {"source": 99, "prod": 0.36794735566679004, "target": 79, "value": 703.0, "supply": [{"l": "Fruits, Other", "v": 703.0}]}, {"source": 99, "prod": 0.0424501665855, "target": 15, "value": 5.0, "supply": [{"l": "Pulses, Other", "v": 5.0}]}, {"source": 99, "prod": 0.4252485896072376, "target": 55, "value": 61.0, "supply": [{"l": "Groundnuts", "v": 61.0}]}, {"source": 99, "prod": 0.42360797813741052, "target": 44, "value": 237.0, "supply": [{"l": "Coconuts - Incl Copra", "v": 237.0}]}, {"source": 99, "prod": 0.0097846128654521282, "target": 10, "value": 5.0, "supply": [{"l": "Oats", "v": 5.0}]}, {"source": 99, "prod": 0.021225083292750004, "target": 48, "value": 17.0, "supply": [{"l": "Roots, Other", "v": 17.0}]}, {"source": 0, "prod": 104.8025665273197, "target": 100, "value": 33705.0, "supply": [{"l": "Maize", "v": 33705.0}]}, {"source": 28, "prod": 0.0018866740704666664, "target": 100, "value": 2.0, "supply": [{"l": "Olives", "v": 2.0}]}, {"source": 7, "prod": 0.21155087867730266, "target": 100, "value": 734.0, "supply": [{"l": "Vegetables, Other", "v": 734.0}]}, {"source": 2, "prod": 1.1461544978085001, "target": 100, "value": 324.0, "supply": [{"l": "Rye", "v": 324.0}]}, {"source": 29, "prod": 0.41558519250827403, "target": 100, "value": 134.0, "supply": [{"l": "Nuts", "v": 134.0}]}, {"source": 30, "prod": 0.016508398116583337, "target": 100, "value": 7.0, "supply": [{"l": "Dates", "v": 7.0}]}, {"source": 31, "prod": 1.2033147485054223, "target": 100, "value": 293.0, "supply": [{"l": "Sugar", "v": 293.0}]}, {"source": 33, "prod": 0.22316659004948572, "target": 100, "value": 23.0, "supply": [{"l": "Maize Germ Oil", "v": 23.0}]}, {"source": 34, "prod": 0.034525804687540504, "target": 100, "value": 71.0, "supply": [{"l": "Beer", "v": 71.0}]}, {"source": 35, "prod": 0.13983584286988238, "target": 100, "value": 14.0, "supply": [{"l": "Groundnut Oil", "v": 14.0}]}, {"source": 36, "prod": 0.62091288438492542, "target": 100, "value": 180.0, "supply": [{"l": "Beverages, Alcoholic", "v": 180.0}]}, {"source": 3, "prod": 17.714043708065422, "target": 100, "value": 4312.0, "supply": [{"l": "Barley", "v": 4312.0}]}, {"source": 38, "prod": 0.022426503101773583, "target": 100, "value": 7.0, "supply": [{"l": "Honey", "v": 7.0}]}, {"source": 39, "prod": 8.7441935501596824, "target": 100, "value": 1960.0, "supply": [{"l": "Rice", "v": 1960.0}]}, {"source": 32, "prod": 0.90843356492970007, "target": 100, "value": 107.0, "supply": [{"l": "Oilcrops Oil, Other", "v": 107.0}]}, {"source": 41, "prod": 0.031960859962293822, "target": 100, "value": 164.0, "supply": [{"l": "Tomatoes", "v": 164.0}]}, {"source": 4, "prod": 0.92541363156390011, "target": 100, "value": 218.0, "supply": [{"l": "Sunflower seed", "v": 218.0}]}, {"source": 5, "prod": 10.738881427879464, "target": 100, "value": 1375.0, "supply": [{"l": "Fats, Animals, Raw", "v": 1375.0}]}, {"source": 42, "prod": 0.041410896970412434, "target": 100, "value": 74.0, "supply": [{"l": "Coffee", "v": 74.0}]}, {"source": 6, "prod": 133.26185833574689, "target": 100, "value": 43937.0, "supply": [{"l": "Wheat", "v": 43937.0}]}, {"source": 43, "prod": 3.7679089342757925, "target": 100, "value": 382.0, "supply": [{"l": "Soyabean Oil", "v": 382.0}]}, {"source": 45, "prod": 0.41558519250827403, "target": 100, "value": 134.0, "supply": [{"l": "Treenuts", "v": 134.0}]}, {"source": 46, "prod": 0.032427210586145838, "target": 100, "value": 55.0, "supply": [{"l": "Crustaceans", "v": 55.0}]}, {"source": 47, "prod": 0.050285851479844233, "target": 100, "value": 31.0, "supply": [{"l": "Eggs", "v": 31.0}]}, {"source": 48, "prod": 0.009988274490705884, "target": 100, "value": 8.0, "supply": [{"l": "Roots, Other", "v": 8.0}]}, {"source": 49, "prod": 0.35795816147772974, "target": 100, "value": 104.0, "supply": [{"l": "Peas", "v": 104.0}]}, {"source": 51, "prod": 0.0060643095122142861, "target": 100, "value": 4.0, "supply": [{"l": "Cephalopods", "v": 4.0}]}, {"source": 52, "prod": 0.10639408840416457, "target": 100, "value": 11.0, "supply": [{"l": "Coconut Oil", "v": 11.0}]}, {"source": 11, "prod": 46.631507994171756, "target": 100, "value": 12506.0, "supply": [{"l": "Soyabeans", "v": 12506.0}]}, {"source": 54, "prod": 0.23906815373450752, "target": 100, "value": 342.0, "supply": [{"l": "Grapes", "v": 342.0}]}, {"source": 55, "prod": 1.6103676098241295, "target": 100, "value": 231.0, "supply": [{"l": "Groundnuts", "v": 231.0}]}, {"source": 56, "prod": 0.1176743588436287, "target": 100, "value": 13.0, "supply": [{"l": "Palm Oil", "v": 13.0}]}, {"source": 96, "prod": 0.023831672469052635, "target": 100, "value": 40.0, "supply": [{"l": "Aquatic Plants", "v": 40.0}]}, {"source": 57, "prod": 1.646123126482167, "target": 100, "value": 349.0, "supply": [{"l": "Oilcrops, Other", "v": 349.0}]}, {"source": 58, "prod": 0.0040110393624094489, "target": 100, "value": 5.0, "supply": [{"l": "Wine", "v": 5.0}]}, {"source": 59, "prod": 0.090964642683214303, "target": 100, "value": 9.0, "supply": [{"l": "Sunflowerseed Oil", "v": 9.0}]}, {"source": 10, "prod": 0.87083054502523938, "target": 100, "value": 445.0, "supply": [{"l": "Oats", "v": 445.0}]}, {"source": 15, "prod": 0.31413123273270005, "target": 100, "value": 37.0, "supply": [{"l": "Pulses, Other", "v": 37.0}]}, {"source": 62, "prod": 0.24381365715814926, "target": 100, "value": 137.0, "supply": [{"l": "Pigmeat", "v": 137.0}]}, {"source": 63, "prod": 0.035078580771251498, "target": 100, "value": 23.0, "supply": [{"l": "Cocoa Beans", "v": 23.0}]}, {"source": 8, "prod": 0.02971511660985, "target": 100, "value": 7.0, "supply": [{"l": "Cottonseed", "v": 7.0}]}, {"source": 12, "prod": 0.31276848590765416, "target": 100, "value": 456.0, "supply": [{"l": "Potatoes", "v": 456.0}]}, {"source": 13, "prod": 0.10634883839314738, "target": 100, "value": 119.0, "supply": [{"l": "Freshwater Fish", "v": 119.0}]}, {"source": 65, "prod": 0.003859106053227273, "target": 100, "value": 1.0, "supply": [{"l": "Pepper", "v": 1.0}]}, {"source": 66, "prod": 0.086854560788746815, "target": 100, "value": 400.0, "supply": [{"l": "Grapefruit", "v": 400.0}]}, {"source": 67, "prod": 0.18866740704666671, "target": 100, "value": 20.0, "supply": [{"l": "Rape and Mustard Oil", "v": 20.0}]}, {"source": 14, "prod": 0.98385914935995866, "target": 100, "value": 1532.0, "supply": [{"l": "Milk - Excluding Butter", "v": 1532.0}]}, {"source": 68, "prod": 0.015317070417448455, "target": 100, "value": 35.0, "supply": [{"l": "Pineapples", "v": 35.0}]}, {"source": 69, "prod": 0.97454744139903193, "target": 100, "value": 249.0, "supply": [{"l": "Beans", "v": 249.0}]}, {"source": 70, "prod": 0.088888939427355707, "target": 100, "value": 156.0, "supply": [{"l": "Apples", "v": 156.0}]}, {"source": 16, "prod": 0.52727575337778954, "target": 100, "value": 885.0, "supply": [{"l": "Fish, Seafood", "v": 885.0}]}, {"source": 18, "prod": 0.088759439224227285, "target": 100, "value": 69.0, "supply": [{"l": "Meat, Other", "v": 69.0}]}, {"source": 71, "prod": 0.022551650998546877, "target": 100, "value": 187.0, "supply": [{"l": "Lemons, Limes", "v": 187.0}]}, {"source": 19, "prod": 24.417892543475805, "target": 100, "value": 5848.0, "supply": [{"l": "Sorghum", "v": 5848.0}]}, {"source": 20, "prod": 0.1428611375473558, "target": 100, "value": 35.0, "supply": [{"l": "Cereals, Other", "v": 35.0}]}, {"source": 72, "prod": 0.0055369782502826094, "target": 100, "value": 2.0, "supply": [{"l": "Mutton & Goat Meat", "v": 2.0}]}, {"source": 73, "prod": 0.34087073080529023, "target": 100, "value": 83.0, "supply": [{"l": "Sweeteners, Other", "v": 83.0}]}, {"source": 21, "prod": 0.30944981249242992, "target": 100, "value": 260.0, "supply": [{"l": "Pelagic Fish", "v": 260.0}]}, {"source": 74, "prod": 0.13230301919147502, "target": 100, "value": 187.0, "supply": [{"l": "Bananas", "v": 187.0}]}, {"source": 75, "prod": 0.00033690608401190479, "target": 100, "value": 1.0, "supply": [{"l": "Beverages, Fermented", "v": 1.0}]}, {"source": 26, "prod": 3.1158422273757003, "target": 100, "value": 734.0, "supply": [{"l": "Rape and Mustardseed", "v": 734.0}]}, {"source": 77, "prod": 0.026531354115937499, "target": 100, "value": 5.0, "supply": [{"l": "Spices, Other", "v": 5.0}]}, {"source": 78, "prod": 0.0041695248030459422, "target": 100, "value": 4.0, "supply": [{"l": "Tea", "v": 4.0}]}, {"source": 79, "prod": 0.30356965332395197, "target": 100, "value": 580.0, "supply": [{"l": "Fruits, Other", "v": 580.0}]}, {"source": 80, "prod": 0.010203155766841247, "target": 100, "value": 81.0, "supply": [{"l": "Molluscs, Other", "v": 81.0}]}, {"source": 22, "prod": 0.72633888930384738, "target": 100, "value": 93.0, "supply": [{"l": "Fish, Body Oil", "v": 93.0}]}, {"source": 81, "prod": 0.16663062039305887, "target": 100, "value": 100.0, "supply": [{"l": "Poultry Meat", "v": 100.0}]}, {"source": 24, "prod": 0.2063731175541231, "target": 100, "value": 158.0, "supply": [{"l": "Offals, Edible", "v": 158.0}]}, {"source": 82, "prod": 0.1917666663, "target": 100, "value": 165.0, "supply": [{"l": "Infant food", "v": 165.0}]}, {"source": 9, "prod": 0.14721435442952496, "target": 100, "value": 365.0, "supply": [{"l": "Demersal Fish", "v": 365.0}]}, {"source": 83, "prod": 0.30459088601554646, "target": 100, "value": 1008.0, "supply": [{"l": "Oranges, Mandarines", "v": 1008.0}]}, {"source": 84, "prod": 0.061222452268266572, "target": 100, "value": 50.0, "supply": [{"l": "Bovine Meat", "v": 50.0}]}, {"source": 85, "prod": 2.8615960510761163, "target": 100, "value": 302.0, "supply": [{"l": "Cottonseed Oil", "v": 302.0}]}, {"source": 88, "prod": 0.029022766281684511, "target": 100, "value": 83.0, "supply": [{"l": "Onions", "v": 83.0}]}, {"source": 97, "prod": 0.023831672469052635, "target": 100, "value": 40.0, "supply": [{"l": "Aquatic Products, Other", "v": 40.0}]}, {"source": 101, "prod": 0.22923089956170004, "target": 4, "value": 54.0, "supply": [{"l": "Sunflower seed", "v": 54.0}]}, {"source": 101, "prod": 0.021824661916838982, "target": 42, "value": 39.0, "supply": [{"l": "Coffee", "v": 39.0}]}, {"source": 55, "prod": 0.18822478556385924, "target": 102, "value": 27.0, "supply": [{"l": "Groundnuts", "v": 27.0}]}, {"source": 40, "prod": 0.033679471009983468, "target": 102, "value": 4.0, "supply": [{"l": "Butter, Ghee", "v": 4.0}]}, {"source": 69, "prod": 0.22700301847848936, "target": 102, "value": 58.0, "supply": [{"l": "Beans", "v": 58.0}]}, {"source": 20, "prod": 0.020408733935336539, "target": 102, "value": 5.0, "supply": [{"l": "Cereals, Other", "v": 5.0}]}, {"source": 3, "prod": 2.9249534137621942, "target": 102, "value": 712.0, "supply": [{"l": "Barley", "v": 712.0}]}, {"source": 58, "prod": 0.0240662361744567, "target": 102, "value": 30.0, "supply": [{"l": "Wine", "v": 30.0}]}, {"source": 101, "prod": 0.030503113714131738, "target": 63, "value": 20.0, "supply": [{"l": "Cocoa Beans", "v": 20.0}]}, {"source": 101, "prod": 0.0053062708231875, "target": 77, "value": 1.0, "supply": [{"l": "Spices, Other", "v": 1.0}]}, {"source": 101, "prod": 1.0127311600831601, "target": 1, "value": 1551.0, "supply": [{"l": "Crustaceans", "v": 15.0}, {"l": "Freshwater Fish", "v": 5.0}, {"l": "Milk - Excluding Butter", "v": 1481.0}, {"l": "Fish, Seafood", "v": 21.0}, {"l": "Cephalopods", "v": 1.0}, {"l": "Bovine Meat", "v": 28.0}]}, {"source": 101, "prod": 22.829551578240817, "target": 6, "value": 7527.0, "supply": [{"l": "Wheat", "v": 7527.0}]}, {"source": 2, "prod": 0.35021387433037504, "target": 102, "value": 99.0, "supply": [{"l": "Rye", "v": 99.0}]}, {"source": 78, "prod": 0.0072966684053303987, "target": 102, "value": 7.0, "supply": [{"l": "Tea", "v": 7.0}]}, {"source": 81, "prod": 0.13830341492623888, "target": 102, "value": 83.0, "supply": [{"l": "Poultry Meat", "v": 83.0}]}, {"source": 35, "prod": 0.11985929388847059, "target": 102, "value": 12.0, "supply": [{"l": "Groundnut Oil", "v": 12.0}]}, {"source": 12, "prod": 0.25378144689875448, "target": 102, "value": 370.0, "supply": [{"l": "Potatoes", "v": 370.0}]}, {"source": 38, "prod": 0.0064075723147924537, "target": 102, "value": 2.0, "supply": [{"l": "Honey", "v": 2.0}]}, {"source": 101, "prod": 33.382594696255872, "target": 0, "value": 10736.0, "supply": [{"l": "Maize", "v": 10736.0}]}, {"source": 8, "prod": 6.0533937550923005, "target": 102, "value": 1426.0, "supply": [{"l": "Cottonseed", "v": 1426.0}]}, {"source": 62, "prod": 0.051610190201360054, "target": 102, "value": 29.0, "supply": [{"l": "Pigmeat", "v": 29.0}]}, {"source": 10, "prod": 0.38551374689881385, "target": 102, "value": 197.0, "supply": [{"l": "Oats", "v": 197.0}]}, {"source": 101, "prod": 0.015954425025422818, "target": 70, "value": 28.0, "supply": [{"l": "Apples", "v": 28.0}]}, {"source": 101, "prod": 2.2286337457387502, "target": 26, "value": 525.0, "supply": [{"l": "Rape and Mustardseed", "v": 525.0}]}, {"source": 34, "prod": 0.00048627893926113386, "target": 102, "value": 1.0, "supply": [{"l": "Beer", "v": 1.0}]}, {"source": 101, "prod": 27.551592241239014, "target": 11, "value": 7389.0, "supply": [{"l": "Soyabeans", "v": 7389.0}]}, {"source": 79, "prod": 0.0010467919080136274, "target": 102, "value": 2.0, "supply": [{"l": "Fruits, Other", "v": 2.0}]}, {"source": 101, "prod": 2.0167308649963771, "target": 19, "value": 483.0, "supply": [{"l": "Sorghum", "v": 483.0}]}, {"source": 5, "prod": 0.039050477919561691, "target": 102, "value": 5.0, "supply": [{"l": "Fats, Animals, Raw", "v": 5.0}]}, {"source": 101, "prod": 0.05162858098236487, "target": 49, "value": 15.0, "supply": [{"l": "Peas", "v": 15.0}]}, {"source": 101, "prod": 2.810633641122755, "target": 39, "value": 630.0, "supply": [{"l": "Rice", "v": 630.0}]}, {"source": 47, "prod": 0.016221242412852978, "target": 102, "value": 10.0, "supply": [{"l": "Eggs", "v": 10.0}]}, {"source": 101, "prod": 0.79240310959600013, "target": 57, "value": 168.0, "supply": [{"l": "Oilcrops, Other", "v": 168.0}]}, {"source": 101, "prod": 3.0091677704350328, "target": 89, "value": 529.0, "supply": [{"l": "Sugar", "v": 314.0}, {"l": "Soyabean Oil", "v": 34.0}, {"l": "Palm Oil", "v": 100.0}, {"l": "Rape and Mustard Oil", "v": 14.0}, {"l": "Sweeteners, Other", "v": 53.0}, {"l": "Fish, Body Oil", "v": 2.0}, {"l": "Cottonseed Oil", "v": 12.0}]}, {"source": 72, "prod": 0.0055369782502826094, "target": 102, "value": 2.0, "supply": [{"l": "Mutton & Goat Meat", "v": 2.0}]}, {"source": 103, "prod": 472.6485366429834, "target": 0, "value": 152006.0, "supply": [{"l": "Maize", "v": 152006.0}]}, {"source": 103, "prod": 0.057543559149233328, "target": 28, "value": 61.0, "supply": [{"l": "Olives", "v": 61.0}]}, {"source": 103, "prod": 4.466202201612373, "target": 7, "value": 15496.0, "supply": [{"l": "Vegetables, Other", "v": 15496.0}]}, {"source": 103, "prod": 3.3783257574293755, "target": 2, "value": 955.0, "supply": [{"l": "Rye", "v": 955.0}]}, {"source": 103, "prod": 1.4173315893752332, "target": 29, "value": 457.0, "supply": [{"l": "Nuts", "v": 457.0}]}, {"source": 103, "prod": 0.05188353693783334, "target": 30, "value": 22.0, "supply": [{"l": "Dates", "v": 22.0}]}, {"source": 103, "prod": 0.49311676887810996, "target": 66, "value": 2271.0, "supply": [{"l": "Grapefruit", "v": 2271.0}]}, {"source": 103, "prod": 72.980052521749116, "target": 3, "value": 17765.0, "supply": [{"l": "Barley", "v": 17765.0}]}, {"source": 103, "prod": 2.2085482642335301, "target": 70, "value": 3876.0, "supply": [{"l": "Apples", "v": 3876.0}]}, {"source": 103, "prod": 17.336702110163532, "target": 39, "value": 3886.0, "supply": [{"l": "Rice", "v": 3886.0}]}, {"source": 103, "prod": 1.7675914625488105, "target": 41, "value": 9070.0, "supply": [{"l": "Tomatoes", "v": 9070.0}]}, {"source": 103, "prod": 2.4366395620076999, "target": 4, "value": 574.0, "supply": [{"l": "Sunflower seed", "v": 574.0}]}, {"source": 103, "prod": 8.6043222271378852, "target": 20, "value": 2108.0, "supply": [{"l": "Cereals, Other", "v": 2108.0}]}, {"source": 103, "prod": 0.00055960671581638418, "target": 42, "value": 1.0, "supply": [{"l": "Coffee", "v": 1.0}]}, {"source": 103, "prod": 227.37651031831797, "target": 6, "value": 74967.0, "supply": [{"l": "Wheat", "v": 74967.0}]}, {"source": 103, "prod": 1.4173315893752332, "target": 45, "value": 457.0, "supply": [{"l": "Treenuts", "v": 457.0}]}, {"source": 103, "prod": 0.004994137245352942, "target": 48, "value": 4.0, "supply": [{"l": "Roots, Other", "v": 4.0}]}, {"source": 103, "prod": 0.76410299853899999, "target": 49, "value": 222.0, "supply": [{"l": "Peas", "v": 222.0}]}, {"source": 103, "prod": 158.49716218681104, "target": 11, "value": 42507.0, "supply": [{"l": "Soyabeans", "v": 42507.0}]}, {"source": 103, "prod": 9.9229193946632872, "target": 90, "value": 25713.0, "supply": [{"l": "Sugar cane", "v": 25713.0}]}, {"source": 103, "prod": 2.8226818853214657, "target": 54, "value": 4038.0, "supply": [{"l": "Grapes", "v": 4038.0}]}, {"source": 103, "prod": 8.5119430804989697, "target": 55, "value": 1221.0, "supply": [{"l": "Groundnuts", "v": 1221.0}]}, {"source": 103, "prod": 4.8110188796900006, "target": 57, "value": 1020.0, "supply": [{"l": "Oilcrops, Other", "v": 1020.0}]}, {"source": 103, "prod": 26.917469992858805, "target": 10, "value": 13755.0, "supply": [{"l": "Oats", "v": 13755.0}]}, {"source": 103, "prod": 12.391203626307451, "target": 8, "value": 2919.0, "supply": [{"l": "Cottonseed", "v": 2919.0}]}, {"source": 103, "prod": 11.529908438832601, "target": 12, "value": 16810.0, "supply": [{"l": "Potatoes", "v": 16810.0}]}, {"source": 103, "prod": 0.065307948593076925, "target": 64, "value": 20.0, "supply": [{"l": "Pimento", "v": 20.0}]}, {"source": 103, "prod": 8.0867567345377509, "target": 26, "value": 1905.0, "supply": [{"l": "Rape and Mustardseed", "v": 1905.0}]}, {"source": 103, "prod": 0.28577277093125258, "target": 68, "value": 653.0, "supply": [{"l": "Pineapples", "v": 653.0}]}, {"source": 103, "prod": 3.4754944898085953, "target": 69, "value": 888.0, "supply": [{"l": "Beans", "v": 888.0}]}, {"source": 103, "prod": 0.42450166585499999, "target": 15, "value": 50.0, "supply": [{"l": "Pulses, Other", "v": 50.0}]}, {"source": 103, "prod": 32.413215493579997, "target": 17, "value": 27889.0, "supply": [{"l": "Sugar beet", "v": 27889.0}]}, {"source": 103, "prod": 0.12698870856400996, "target": 71, "value": 1053.0, "supply": [{"l": "Lemons, Limes", "v": 1053.0}]}, {"source": 103, "prod": 80.005341830632673, "target": 19, "value": 19161.0, "supply": [{"l": "Sorghum", "v": 19161.0}]}, {"source": 103, "prod": 0.0028300111057000003, "target": 74, "value": 4.0, "supply": [{"l": "Bananas", "v": 4.0}]}, {"source": 103, "prod": 2.0025129200300693, "target": 79, "value": 3826.0, "supply": [{"l": "Fruits, Other", "v": 3826.0}]}, {"source": 103, "prod": 0.36191488178663461, "target": 23, "value": 95.0, "supply": [{"l": "Millet", "v": 95.0}]}, {"source": 103, "prod": 0.45987680467625003, "target": 25, "value": 585.0, "supply": [{"l": "Sweet potatoes", "v": 585.0}]}, {"source": 103, "prod": 2.9954458859842377, "target": 83, "value": 9913.0, "supply": [{"l": "Oranges, Mandarines", "v": 9913.0}]}, {"source": 103, "prod": 0.53989338721591429, "target": 88, "value": 1544.0, "supply": [{"l": "Onions", "v": 1544.0}]}, {"source": 1, "prod": 8.8480859428714282, "target": 81, "value": 5310.0, "supply": [{"l": "Poultry Meat", "v": 5310.0}]}, {"source": 1, "prod": 11.000089159814019, "target": 62, "value": 6181.0, "supply": [{"l": "Pigmeat", "v": 6181.0}]}, {"source": 1, "prod": 2.7993306114699821, "target": 21, "value": 2352.0, "supply": [{"l": "Pelagic Fish", "v": 2413.0}]}, {"source": 1, "prod": 0.34078050397804172, "target": 46, "value": 578.0, "supply": [{"l": "Crustaceans", "v": 580.0}]}, {"source": 1, "prod": 0.3306644555081053, "target": 13, "value": 370.0, "supply": [{"l": "Freshwater Fish", "v": 375.0}]}, {"source": 1, "prod": 0.11324243252333682, "target": 80, "value": 899.0, "supply": [{"l": "Molluscs, Other", "v": 905.0}]}, {"source": 1, "prod": 0.12094573778044213, "target": 97, "value": 203.0, "supply": [{"l": "Aquatic Products, Other", "v": 203.0}]}, {"source": 1, "prod": 0.0029789590586315794, "target": 95, "value": 5.0, "supply": [{"l": "Aquatic Animals, Others", "v": 5.0}]}, {"source": 1, "prod": 0.018192928536642859, "target": 51, "value": 12.0, "supply": [{"l": "Cephalopods", "v": 15.0}]}, {"source": 1, "prod": 38.866931839695859, "target": 14, "value": 60521.0, "supply": [{"l": "Milk - Excluding Butter", "v": 60521.0}]}, {"source": 1, "prod": 1.576533879036877, "target": 24, "value": 1207.0, "supply": [{"l": "Offals, Edible", "v": 1207.0}]}, {"source": 1, "prod": 0.56949772179312119, "target": 9, "value": 1412.0, "supply": [{"l": "Demersal Fish", "v": 1414.0}]}, {"source": 1, "prod": 0.11796677872181052, "target": 96, "value": 198.0, "supply": [{"l": "Aquatic Plants", "v": 198.0}]}, {"source": 1, "prod": 3.397204910463453, "target": 16, "value": 5702.0, "supply": [{"l": "Fish, Seafood", "v": 5781.0}]}, {"source": 1, "prod": 16.266805567678432, "target": 84, "value": 13285.0, "supply": [{"l": "Bovine Meat", "v": 13285.0}]}, {"source": 1, "prod": 0.1027020159326613, "target": 53, "value": 75.0, "supply": [{"l": "Marine Fish, Other", "v": 75.0}]}, {"source": 1, "prod": 0.42707440322381818, "target": 18, "value": 332.0, "supply": [{"l": "Meat, Other", "v": 332.0}]}, {"source": 1, "prod": 6.3003305531520972, "target": 47, "value": 3884.0, "supply": [{"l": "Eggs", "v": 4164.0}]}, {"source": 1, "prod": 0.62844703140707625, "target": 72, "value": 227.0, "supply": [{"l": "Mutton & Goat Meat", "v": 227.0}]}, {"source": 89, "prod": 0.10243470153357037, "target": 92, "value": 159.0, "supply": [{"l": "Alcohol, Non-Food", "v": 159.0}]}, {"source": 89, "prod": 43.783407965243363, "target": 31, "value": 10661.0, "supply": [{"l": "Sugar", "v": 10661.0}]}, {"source": 89, "prod": 2.1637456339580572, "target": 33, "value": 223.0, "supply": [{"l": "Maize Germ Oil", "v": 223.0}]}, {"source": 89, "prod": 10.129190304809418, "target": 34, "value": 20830.0, "supply": [{"l": "Beer", "v": 20830.0}]}, {"source": 89, "prod": 1.1686281154125884, "target": 35, "value": 117.0, "supply": [{"l": "Groundnut Oil", "v": 117.0}]}, {"source": 89, "prod": 5.6710043440489866, "target": 36, "value": 1644.0, "supply": [{"l": "Beverages, Alcoholic", "v": 1644.0}]}, {"source": 89, "prod": 4.9761418417250578, "target": 40, "value": 591.0, "supply": [{"l": "Butter, Ghee", "v": 591.0}]}, {"source": 89, "prod": 38.987997154890387, "target": 5, "value": 4992.0, "supply": [{"l": "Fats, Animals, Raw", "v": 4992.0}]}, {"source": 89, "prod": 34.108453127554164, "target": 43, "value": 3458.0, "supply": [{"l": "Soyabean Oil", "v": 3458.0}]}, {"source": 89, "prod": 3.6569569979096914, "target": 56, "value": 404.0, "supply": [{"l": "Palm Oil", "v": 404.0}]}, {"source": 89, "prod": 0.80857460162857153, "target": 59, "value": 80.0, "supply": [{"l": "Sunflowerseed Oil", "v": 80.0}]}, {"source": 89, "prod": 0.20376079961040003, "target": 60, "value": 24.0, "supply": [{"l": "Olive Oil", "v": 24.0}]}, {"source": 89, "prod": 4.2074025868919627, "target": 52, "value": 435.0, "supply": [{"l": "Coconut Oil", "v": 435.0}]}, {"source": 89, "prod": 1.2546382568603334, "target": 67, "value": 133.0, "supply": [{"l": "Rape and Mustard Oil", "v": 133.0}]}, {"source": 89, "prod": 0.0078100955839123373, "target": 94, "value": 1.0, "supply": [{"l": "Fish, Liver Oil", "v": 1.0}]}, {"source": 89, "prod": 3.2601727937664, "target": 32, "value": 384.0, "supply": [{"l": "Oilcrops Oil, Other", "v": 384.0}]}, {"source": 89, "prod": 1.4487874177022935, "target": 58, "value": 1806.0, "supply": [{"l": "Wine", "v": 1806.0}]}, {"source": 89, "prod": 12.669713307642416, "target": 73, "value": 3085.0, "supply": [{"l": "Sweeteners, Other", "v": 3085.0}]}, {"source": 89, "prod": 0.0096721898549240511, "target": 93, "value": 1.0, "supply": [{"l": "Sesameseed Oil", "v": 1.0}]}, {"source": 89, "prod": 0.10343016779165477, "target": 75, "value": 307.0, "supply": [{"l": "Beverages, Fermented", "v": 307.0}]}, {"source": 89, "prod": 0.99969223474077917, "target": 22, "value": 128.0, "supply": [{"l": "Fish, Body Oil", "v": 128.0}]}, {"source": 89, "prod": 0.4421224897206793, "target": 38, "value": 138.0, "supply": [{"l": "Honey", "v": 138.0}]}, {"source": 89, "prod": 5.8084714546677461, "target": 85, "value": 613.0, "supply": [{"l": "Cottonseed Oil", "v": 613.0}]}, {"source": 89, "prod": 0.76268799298615009, "target": 86, "value": 77.0, "supply": [{"l": "Palmkernel Oil", "v": 77.0}]}, {"source": 89, "prod": 0.20778239433955267, "target": 87, "value": 93.0, "supply": [{"l": "Cream", "v": 93.0}]}]}