{"nodes": [{"layer": 13, "name": "Other Processed", "fill": "#9c9ede"}, {"layer": 10, "name": "Feed", "fill": "#dbdb8d"}, {"layer": 13, "name": "Animal Products", "fill": "#17becf"}, {"layer": 5, "name": "Cereals", "fill": "#e7ba52"}, {"layer": 5, "name": "Oilcrops", "fill": "#ff9896"}, {"layer": 5, "name": "Fruits, Roots & Vegetables", "fill": "#98df8a"}, {"layer": 5, "name": "Sugar Crops", "fill": "#ffbb78"}, {"layer": 13, "name": "Aquatic Products", "fill": "#1f77b4"}, {"layer": 16, "name": "Food", "fill": "#b5cf6b"}, {"layer": 13, "name": "Sugar", "fill": "#d6616b"}, {"layer": 13, "name": "Vegetable Oils", "fill": "#f7b6d2"}, {"layer": 10, "name": "Processing", "fill": "#9edae5"}, {"layer": 16, "name": "Biofuels & Other", "fill": "#e7ba52"}, {"name": "Waste", "fill": "#c7c7c7"}, {"layer": 2, "name": "Import", "fill": "#aec7e8"}, {"layer": 16, "name": "Export", "fill": "#aec7e8"}, {"layer": 0, "name": "Stock Draw", "fill": "#c7c7c7"}, {"layer": 16, "name": "Stock Deposit", "fill": "#c7c7c7"}, {"name": "Crop Residue", "fill": "#bd9e39"}, {"layer": 2, "name": "Electricity", "fill": "#bcbd22"}, {"layer": 0, "name": "Fossil Fuels", "fill": "#c49c94"}, {"layer": 0, "name": "Renewables & Nuclear", "fill": "#2ca02c"}, {"layer": 2, "name": "Fertilizers", "fill": "#c5b0d5"}, {"layer": 0, "name": "Labor", "fill": "#7f7f7f"}], "links": [{"source": 0, "prod": 775.0, "target": 1, "value": 5.9925098549658475, "supply": [{"l": "Fats, Animals, Raw", "v": 5.9770453134046457}, {"l": "Fish, Body Oil", "v": 0.015464541561202185}]}, {"source": 2, "prod": 2409.0, "target": 1, "value": 1.879150862146415, "supply": [{"l": "Milk - Excluding Butter", "v": 1.1390848169090335}, {"l": "Meat, Other", "v": 0.019592384577923075}, {"l": "Offals, Edible", "v": 0.72047366065945839}]}, {"source": 3, "prod": 162597.0, "target": 1, "value": 519.72215192570218, "supply": [{"l": "Maize", "v": 342.15973174821391}, {"l": "Oats", "v": 18.852519453890228}, {"l": "Rye", "v": 1.8748823575262501}, {"l": "Barley", "v": 53.945671696853417}, {"l": "Sorghum", "v": 68.166881790296728}, {"l": "Cereals, Other", "v": 4.5915018020316491}, {"l": "Wheat", "v": 29.798436771970227}, {"l": "Millet", "v": 0.33252630491975005}]}, {"source": 4, "prod": 1916.0, "target": 1, "value": 6.3069780385377543, "supply": [{"l": "Soyabeans", "v": 0.31497375512294656}, {"l": "Sunflower seed", "v": 0.44409405043292305}, {"l": "Cottonseed", "v": 4.8589113753249231}, {"l": "Rape and Mustardseed", "v": 0.68899885765696156}]}, {"source": 5, "prod": 649.0, "target": 1, "value": 0.42501712274422115, "supply": [{"l": "Potatoes", "v": 0.34607465017481781}, {"l": "Vegetables, Other", "v": 0.033710604539148668}, {"l": "Sweet potatoes", "v": 0.018700513914317183}, {"l": "Pulses, Other", "v": 0.026531354115937499}]}, {"source": 6, "prod": 8.0, "target": 1, "value": 0.0092977777600000006, "supply": [{"l": "Sugar beet", "v": 0.0092977777600000006}]}, {"source": 7, "prod": 4184.0, "target": 1, "value": 3.8347619755480951, "supply": [{"l": "Fish, Seafood", "v": 1.4489358965278141}, {"l": "Pelagic Fish", "v": 2.3858260790202808}]}, {"source": 0, "prod": 32213.0, "target": 8, "value": 36.721339501205634, "supply": [{"l": "Beer", "v": 12.617256711862355}, {"l": "Beverages, Alcoholic", "v": 4.9990309520503988}, {"l": "Fats, Animals, Raw", "v": 11.366438047483607}, {"l": "Butter, Ghee", "v": 5.3567472817744601}, {"l": "Wine", "v": 1.9315066716757696}, {"l": "Beverages, Fermented", "v": 0.11341163908663435}, {"l": "Cream", "v": 0.33694819727240627}]}, {"source": 2, "prod": 100711.0, "target": 8, "value": 94.345825203016958, "supply": [{"l": "Pigmeat", "v": 14.778697745961379}, {"l": "Meat, Other", "v": 0.2274893542658846}, {"l": "Mutton & Goat Meat", "v": 0.56895014937510424}, {"l": "Poultry Meat", "v": 13.413290757869779}, {"l": "Milk - Excluding Butter", "v": 43.080443749615803}, {"l": "Offals, Edible", "v": 0.45398094820604173}, {"l": "Bovine Meat", "v": 15.686588220738436}, {"l": "Eggs", "v": 6.1363842769845407}]}, {"source": 3, "prod": 24876.0, "target": 8, "value": 77.201268008266211, "supply": [{"l": "Maize", "v": 8.1845991916677434}, {"l": "Rye", "v": 0.22993840233812501}, {"l": "Barley", "v": 0.68041552727044308}, {"l": "Rice", "v": 4.5503013211333867}, {"l": "Cereals, Other", "v": 0.017209526994121625}, {"l": "Wheat", "v": 61.609537411314342}, {"l": "Oats", "v": 1.4764648506360509}, {"l": "Sorghum", "v": 0.45280177691200002}]}, {"source": 4, "prod": 1689.0, "target": 8, "value": 8.6513870324996383, "supply": [{"l": "Olives", "v": 0.22592122555672883}, {"l": "Sunflower seed", "v": 0.45062484529223079}, {"l": "Coconuts - Incl Copra", "v": 0.45560376810576242}, {"l": "Sesame seed", "v": 0.22857782007576921}, {"l": "Groundnuts", "v": 6.9403146339746069}, {"l": "Oilcrops, Other", "v": 0.042450166585500007}, {"l": "Soyabeans", "v": 0.04666277853673282}, {"l": "Rape and Mustardseed", "v": 0.2612317943723077}]}, {"source": 5, "prod": 79492.0, "target": 8, "value": 41.744045303595257, "supply": [{"l": "Roots, Other", "v": 0.032982863246287769}, {"l": "Plantains", "v": 0.11320044422800001}, {"l": "Nuts", "v": 2.0480465616578116}, {"l": "Yams", "v": 0.01028528265287445}, {"l": "Cocoa Beans", "v": 1.020040410670995}, {"l": "Tomatoes", "v": 1.8187948185835725}, {"l": "Coffee", "v": 0.68283865394063381}, {"l": "Treenuts", "v": 2.0480465616578116}, {"l": "Apples", "v": 2.3867456306525217}, {"l": "Vegetables, Other", "v": 5.2287655040557208}, {"l": "Peas", "v": 0.11037043312230001}, {"l": "Grapes", "v": 1.5917815986778805}, {"l": "Cloves", "v": 0.0032653974296538461}, {"l": "Dates", "v": 0.11320044422800001}, {"l": "Potatoes", "v": 10.572133349078033}, {"l": "Pimento", "v": 0.22923089956170004}, {"l": "Pepper", "v": 0.11428891003788461}, {"l": "Grapefruit", "v": 0.22740562612666276}, {"l": "Beans", "v": 3.0683511035081721}, {"l": "Pulses, Other", "v": 0.1114316872869375}, {"l": "Lemons, Limes", "v": 0.11350521465476771}, {"l": "Pineapples", "v": 0.90905478687973174}, {"l": "Bananas", "v": 2.0460511231596796}, {"l": "Infant food", "v": 0.10612541646375}, {"l": "Spices, Other", "v": 0.11408482269853126}, {"l": "Tea", "v": 0.10560075743306291}, {"l": "Fruits, Other", "v": 2.2726501398445804}, {"l": "Sweet potatoes", "v": 0.56849562299524226}, {"l": "Oranges, Mandarines", "v": 2.9554224115510954}, {"l": "Onions", "v": 0.79592760195463252}, {"l": "Cassava", "v": 0.22592122555672883}]}, {"source": 9, "prod": 15302.0, "target": 8, "value": 57.463746466481524, "supply": [{"l": "Sugar", "v": 30.52242781366353}, {"l": "Sweeteners, Other", "v": 26.368999442602764}, {"l": "Honey", "v": 0.57231921021522336}]}, {"source": 7, "prod": 10174.0, "target": 8, "value": 7.112681644579081, "supply": [{"l": "Freshwater Fish", "v": 0.45446648932711758}, {"l": "Crustaceans", "v": 0.45527091411831555}, {"l": "Marine Fish, Other", "v": 0.042450166585500007}, {"l": "Demersal Fish", "v": 1.3650170380979896}, {"l": "Pelagic Fish", "v": 1.0218452040163344}, {"l": "Fish, Seafood", "v": 3.5239894079988132}, {"l": "Cephalopods", "v": 0.022404254586791669}, {"l": "Molluscs, Other", "v": 0.22723816984821898}]}, {"source": 10, "prod": 6114.0, "target": 8, "value": 59.255646103247592, "supply": [{"l": "Maize Germ Oil", "v": 3.8725313940039934}, {"l": "Groundnut Oil", "v": 0.57610940366035723}, {"l": "Soyabean Oil", "v": 45.132958962790482}, {"l": "Palm Oil", "v": 1.2607699475893503}, {"l": "Sunflowerseed Oil", "v": 0.68981520701437504}, {"l": "Olive Oil", "v": 0.55855482349342112}, {"l": "Coconut Oil", "v": 1.238851800352347}, {"l": "Rape and Mustard Oil", "v": 2.6100547969896537}, {"l": "Oilcrops Oil, Other", "v": 0.010107182520357146}, {"l": "Cottonseed Oil", "v": 2.7398903636932426}, {"l": "Palmkernel Oil", "v": 0.56600222114000009}]}, {"source": 0, "prod": 39.0, "target": 11, "value": 0.30155856044344259, "supply": [{"l": "Fats, Animals, Raw", "v": 0.30155856044344259}]}, {"source": 2, "prod": 7.0, "target": 11, "value": 0.011684051182813395, "supply": [{"l": "Poultry Meat", "v": 0.011684051182813395}]}, {"source": 3, "prod": 20207.0, "target": 11, "value": 65.712476278231165, "supply": [{"l": "Maize", "v": 48.880849138244891}, {"l": "Rye", "v": 0.13088801363862501}, {"l": "Barley", "v": 12.582229375942203}, {"l": "Rice", "v": 1.9030153419431497}, {"l": "Sorghum", "v": 2.2154944084622858}]}, {"source": 4, "prod": 34538.0, "target": 11, "value": 132.67433632265684, "supply": [{"l": "Sunflower seed", "v": 1.9755654449405768}, {"l": "Olives", "v": 0.0071949434890677963}, {"l": "Soyabeans", "v": 112.48062766279446}, {"l": "Cottonseed", "v": 10.410087005736461}, {"l": "Rape and Mustardseed", "v": 3.9543962873108081}, {"l": "Groundnuts", "v": 1.3964839354509067}, {"l": "Oilcrops, Other", "v": 2.4499810429345716}]}, {"source": 5, "prod": 2730.0, "target": 11, "value": 1.9394373008709296, "supply": [{"l": "Apples", "v": 0.0003814520745808729}, {"l": "Peas", "v": 0.0424501665855}, {"l": "Grapes", "v": 1.8966056822108488}]}, {"source": 6, "prod": 45209.0, "target": 11, "value": 33.153901556524971, "supply": [{"l": "Sugar beet", "v": 24.205602175940001}, {"l": "Sugar cane", "v": 8.9482993805849667}]}, {"source": 9, "prod": 15.0, "target": 11, "value": 0.056852901677008932, "supply": [{"l": "Sugar", "v": 0.056852901677008932}]}, {"source": 10, "prod": 2.0, "target": 11, "value": 0.020214365040714291, "supply": [{"l": "Oilcrops Oil, Other", "v": 0.020214365040714291}]}, {"source": 0, "prod": 1971.0, "target": 12, "value": 12.383057911753765, "supply": [{"l": "Alcohol, Non-Food", "v": 0.22632327745817682}, {"l": "Beer", "v": 0.00048909782966478097}, {"l": "Wine", "v": 0.047509494044611807}, {"l": "Fats, Animals, Raw", "v": 12.015948793054099}, {"l": "Fish, Body Oil", "v": 0.085054978586612026}, {"l": "Fish, Liver Oil", "v": 0.0077322707806010927}]}, {"source": 2, "prod": 4847.0, "target": 12, "value": 3.2600641199970766, "supply": [{"l": "Pigmeat", "v": 0.11163563700839514}, {"l": "Milk - Excluding Butter", "v": 3.003856253129777}, {"l": "Bovine Meat", "v": 0.029400868199744044}, {"l": "Poultry Meat", "v": 0.11517136165916061}]}, {"source": 3, "prod": 11605.0, "target": 12, "value": 36.254655059793954, "supply": [{"l": "Maize", "v": 35.403438932307004}, {"l": "Rye", "v": 0.18748823575262502}, {"l": "Barley", "v": 0.0072771714146571444}, {"l": "Wheat", "v": 0.045881395152900156}, {"l": "Rice", "v": 0.61056932516677176}]}, {"source": 4, "prod": 38.0, "target": 12, "value": 0.22484593729902203, "supply": [{"l": "Cottonseed", "v": 0.0032653974296538461}, {"l": "Rape and Mustardseed", "v": 0.0032653974296538461}, {"l": "Oilcrops, Other", "v": 0.21831514243971434}]}, {"source": 5, "prod": 605.0, "target": 12, "value": 0.42020125114561813, "supply": [{"l": "Potatoes", "v": 0.4107486404659369}, {"l": "Fruits, Other", "v": 0.00054007845528625958}, {"l": "Vegetables, Other", "v": 0.00027860003751362534}, {"l": "Cassava", "v": 0.0086339321868813563}]}, {"source": 9, "prod": 494.0, "target": 12, "value": 1.8449815295393475, "supply": [{"l": "Sugar", "v": 0.49272514786741078}, {"l": "Sweeteners, Other", "v": 1.3522563816719366}]}, {"source": 7, "prod": 235.0, "target": 12, "value": 0.18731902165123043, "supply": [{"l": "Aquatic Plants", "v": 0.086884141957379216}, {"l": "Aquatic Animals, Others", "v": 0.0071739199781322279}, {"l": "Aquatic Products, Other", "v": 0.093260959715718975}]}, {"source": 10, "prod": 1437.0, "target": 12, "value": 14.07887250072161, "supply": [{"l": "Coconut Oil", "v": 3.0780702424139084}, {"l": "Rape and Mustard Oil", "v": 0.48334348092400992}, {"l": "Cottonseed Oil", "v": 0.42532594093433013}, {"l": "Groundnut Oil", "v": 0.030321547561071433}, {"l": "Oilcrops Oil, Other", "v": 3.6082641597675003}, {"l": "Sesameseed Oil", "v": 0.039996966944636621}, {"l": "Soyabean Oil", "v": 3.0492642777503369}, {"l": "Maize Germ Oil", "v": 0.75214520513463379}, {"l": "Palm Oil", "v": 1.22341380099411}, {"l": "Palmkernel Oil", "v": 0.87932487927107161}, {"l": "Sunflowerseed Oil", "v": 0.50940199902600003}]}, {"source": 2, "prod": 413.0, "target": 2, "value": 0.66343631057450669, "supply": [{"l": "Eggs", "v": 0.66343631057450669}]}, {"source": 3, "prod": 6238.0, "target": 3, "value": 19.275033911123387, "supply": [{"l": "Maize", "v": 1.6151770700824388}, {"l": "Oats", "v": 1.2723836724099113}, {"l": "Rye", "v": 0.42803917973712502}, {"l": "Barley", "v": 3.3766075364009147}, {"l": "Rice", "v": 0.35208012181149612}, {"l": "Sorghum", "v": 0.17384353935014288}, {"l": "Cereals, Other", "v": 0.15832764834591895}, {"l": "Wheat", "v": 11.898575142985441}]}, {"source": 4, "prod": 1946.0, "target": 4, "value": 7.7915122292244252, "supply": [{"l": "Soyabeans", "v": 6.5133461707522891}, {"l": "Sunflower seed", "v": 0.032653974296538463}, {"l": "Cottonseed", "v": 0.39837848641776924}, {"l": "Rape and Mustardseed", "v": 0.071838743452384612}, {"l": "Groundnuts", "v": 0.48420799771915862}, {"l": "Oilcrops, Other", "v": 0.29108685658628575}]}, {"source": 5, "prod": 1501.0, "target": 5, "value": 1.3272718534541668, "supply": [{"l": "Potatoes", "v": 0.93708483804791609}, {"l": "Beans", "v": 0.16316782781301561}, {"l": "Vegetables, Other", "v": 0.0027860003751362535}, {"l": "Peas", "v": 0.13159551641505002}, {"l": "Sweet potatoes", "v": 0.044881233394361238}, {"l": "Pulses, Other", "v": 0.047756437408687499}]}, {"source": 6, "prod": 1212.0, "target": 6, "value": 0.44480923834258795, "supply": [{"l": "Sugar cane", "v": 0.44480923834258795}]}, {"source": 7, "prod": 196.0, "target": 7, "value": 0.12820119676775996, "supply": [{"l": "Molluscs, Other", "v": 0.0080379013653017767}, {"l": "Freshwater Fish", "v": 0.02497068622676471}, {"l": "Fish, Seafood", "v": 0.06787558215092053}, {"l": "Pelagic Fish", "v": 0.022809044732507465}, {"l": "Demersal Fish", "v": 0.0045079822922654868}]}, {"source": 0, "prod": 68.0, "target": 13, "value": 0.54295884797101157, "supply": [{"l": "Fats, Animals, Raw", "v": 0.2319681234180328}, {"l": "Butter, Ghee", "v": 0.31017159534531308}, {"l": "Wine", "v": 0.00081912920766572081}]}, {"source": 2, "prod": 184.0, "target": 13, "value": 0.31769085556466004, "supply": [{"l": "Eggs", "v": 0.15581918190248703}, {"l": "Pigmeat", "v": 0.16187167366217298}]}, {"source": 3, "prod": 467.0, "target": 13, "value": 1.5753356986532734, "supply": [{"l": "Maize", "v": 0.69576858403551223}, {"l": "Oats", "v": 0.0041649220046150945}, {"l": "Rye", "v": 0.067212763760375008}, {"l": "Barley", "v": 0.076410299853900007}, {"l": "Rice", "v": 0.36099354261685046}, {"l": "Cereals, Other", "v": 0.0034419053988243241}, {"l": "Wheat", "v": 0.34258108380832125}, {"l": "Millet", "v": 0.024762597174875004}]}, {"source": 4, "prod": 1457.0, "target": 13, "value": 5.6226613610749689, "supply": [{"l": "Olives", "v": 0.012950898280322034}, {"l": "Soyabeans", "v": 5.0668000361135714}, {"l": "Coconuts - Incl Copra", "v": 0.013449557730059408}, {"l": "Sesame seed", "v": 0.013061589718615384}, {"l": "Rape and Mustardseed", "v": 0.35266292240261543}, {"l": "Oilcrops, Other", "v": 0.16373635682978574}]}, {"source": 5, "prod": 5722.0, "target": 13, "value": 3.4672968085400968, "supply": [{"l": "Vegetables, Other", "v": 0.31955424302812824}, {"l": "Grapes", "v": 0.17229187330124296}, {"l": "Potatoes", "v": 1.8177519398844308}, {"l": "Nuts", "v": 0.29123597895134024}, {"l": "Dates", "v": 0.0056600222113999997}, {"l": "Grapefruit", "v": 0.017582909236597638}, {"l": "Beans", "v": 0.0039797031173906252}, {"l": "Fruits, Other", "v": 0.12421804471583969}, {"l": "Tomatoes", "v": 0.09084745795834058}, {"l": "Lemons, Limes", "v": 0.0065307948593076939}, {"l": "Bananas", "v": 0.108353463881221}, {"l": "Treenuts", "v": 0.29123597895134024}, {"l": "Apples", "v": 0.075527510767012848}, {"l": "Roots, Other", "v": 0.0036647625829208637}, {"l": "Peas", "v": 0.012735049975650002}, {"l": "Sweet potatoes", "v": 0.0065451798700110145}, {"l": "Oranges, Mandarines", "v": 0.045199882943554343}, {"l": "Onions", "v": 0.043752318934748471}, {"l": "Pineapples", "v": 0.020017151723243903}, {"l": "Pulses, Other", "v": 0.010612541646375}]}, {"source": 9, "prod": 111.0, "target": 13, "value": 0.42071147240986612, "supply": [{"l": "Sugar", "v": 0.42071147240986612}]}, {"source": 10, "prod": 8.0, "target": 13, "value": 0.076953041709787687, "supply": [{"l": "Soyabean Oil", "v": 0.076953041709787687}]}, {"source": 14, "prod": 8140.0, "target": 11, "value": 30.607382838872649, "supply": [{"l": "Sugar", "v": 14.167743097910625}, {"l": "Beverages, Alcoholic", "v": 1.208782074471203}, {"l": "Butter, Ghee", "v": 0.033532064361655463}, {"l": "Fats, Animals, Raw", "v": 0.52579441308087427}, {"l": "Sunflowerseed Oil", "v": 0.15918812469562502}, {"l": "Rape and Mustard Oil", "v": 0.18367052275112378}, {"l": "Sesameseed Oil", "v": 0.039996966944636621}, {"l": "Wine", "v": 0.53325311419038424}, {"l": "Sweeteners, Other", "v": 1.3411114114933216}, {"l": "Fish, Body Oil", "v": 0.061858166244808742}, {"l": "Honey", "v": 0.23878218704343751}, {"l": "Palmkernel Oil", "v": 1.4453271004110715}, {"l": "Alcohol, Non-Food", "v": 0.43040669528173509}, {"l": "Oilcrops Oil, Other", "v": 1.3947911878092858}, {"l": "Maize Germ Oil", "v": 0.1321336171182465}, {"l": "Beer", "v": 0.5032816667250597}, {"l": "Groundnut Oil", "v": 0.040428730081428582}, {"l": "Soyabean Oil", "v": 0.43286085961755577}, {"l": "Palm Oil", "v": 2.5682350784227506}, {"l": "Coconut Oil", "v": 4.5265738859028062}, {"l": "Olive Oil", "v": 0.54738372702355265}, {"l": "Beverages, Fermented", "v": 0.005385468895175374}, {"l": "Cottonseed Oil", "v": 0.079130407615689319}, {"l": "Fish, Liver Oil", "v": 0.0077322707806010927}]}, {"source": 14, "prod": 2314.0, "target": 3, "value": 7.0606647212478482, "supply": [{"l": "Maize", "v": 2.1649584958605002}, {"l": "Barley", "v": 0.64039108448982873}, {"l": "Cereals, Other", "v": 0.30977148589418918}, {"l": "Rye", "v": 0.13442552752075002}, {"l": "Rice", "v": 0.75318405805244093}, {"l": "Wheat", "v": 2.1166616963871276}, {"l": "Oats", "v": 0.94127237304301148}]}, {"source": 14, "prod": 957.0, "target": 4, "value": 3.4853108336383469, "supply": [{"l": "Sunflower seed", "v": 0.10775811517857693}, {"l": "Coconuts - Incl Copra", "v": 0.46905332583582188}, {"l": "Sesame seed", "v": 0.24163940979438461}, {"l": "Cottonseed", "v": 0.0097961922889615374}, {"l": "Olives", "v": 0.12375302801196611}, {"l": "Groundnuts", "v": 0.48420799771915862}, {"l": "Oilcrops, Other", "v": 0.91571073634435729}, {"l": "Soyabeans", "v": 0.97991834927138921}, {"l": "Rape and Mustardseed", "v": 0.15347367919373078}]}, {"source": 14, "prod": 20804.0, "target": 5, "value": 13.022313996747419, "supply": [{"l": "Roots, Other", "v": 0.037869213356848924}, {"l": "Plantains", "v": 0.11320044422800001}, {"l": "Nuts", "v": 1.1273650798116395}, {"l": "Infant food", "v": 0.17687569410625004}, {"l": "Tomatoes", "v": 0.20691892794574634}, {"l": "Pepper", "v": 0.11755430746753846}, {"l": "Treenuts", "v": 1.1242335101454959}, {"l": "Vegetables, Other", "v": 0.6251784841805752}, {"l": "Peas", "v": 0.0594302332197}, {"l": "Grapes", "v": 0.3592320435228345}, {"l": "Pimento", "v": 0.076410299853900007}, {"l": "Pulses, Other", "v": 0.058368979055062498}, {"l": "Pineapples", "v": 0.59223159236356104}, {"l": "Citrus, Other", "v": 0.0011622222200000001}, {"l": "Tea", "v": 0.11760084350500188}, {"l": "Grapefruit", "v": 0.015908346452159765}, {"l": "Fruits, Other", "v": 0.50173288496093515}, {"l": "Yams", "v": 0.01028528265287445}, {"l": "Coffee", "v": 0.72101653395328913}, {"l": "Cloves", "v": 0.0032653974296538461}, {"l": "Dates", "v": 0.048110188796900009}, {"l": "Cocoa Beans", "v": 1.1795376385213689}, {"l": "Potatoes", "v": 0.42382104275882254}, {"l": "Beans", "v": 0.10745198416954688}, {"l": "Apples", "v": 1.1050666600607888}, {"l": "Lemons, Limes", "v": 0.061781319369050777}, {"l": "Bananas", "v": 2.2909018077743868}, {"l": "Spices, Other", "v": 0.13000363516809377}, {"l": "Sweet potatoes", "v": 0.019635539610033038}, {"l": "Oranges, Mandarines", "v": 1.3081377887193373}, {"l": "Cassava", "v": 0.23311616904579663}, {"l": "Onions", "v": 0.068909902322228836}]}, {"source": 14, "prod": 13775.0, "target": 1, "value": 11.133778892191646, "supply": [{"l": "Crustaceans", "v": 0.26666681828206718}, {"l": "Eggs", "v": 0.044978732920305541}, {"l": "Marine Fish, Other", "v": 0.00092282970838043483}, {"l": "Pigmeat", "v": 0.94332113272093887}, {"l": "Fish, Seafood", "v": 2.3472484480558133}, {"l": "Offals, Edible", "v": 0.018866740704666669}, {"l": "Demersal Fish", "v": 0.84569747802900541}, {"l": "Freshwater Fish", "v": 0.070916748884011768}, {"l": "Milk - Excluding Butter", "v": 3.3929369096919642}, {"l": "Meat, Other", "v": 0.021769316197692307}, {"l": "Mutton & Goat Meat", "v": 0.079594062347812508}, {"l": "Pelagic Fish", "v": 1.6707625266561719}, {"l": "Bovine Meat", "v": 1.3120137434135779}, {"l": "Molluscs, Other", "v": 0.074685500185928996}, {"l": "Poultry Meat", "v": 0.043397904393306902}]}, {"source": 0, "prod": 2594.0, "target": 15, "value": 16.762740220267823, "supply": [{"l": "Alcohol, Non-Food", "v": 0.0078493622239830113}, {"l": "Beer", "v": 0.1550440120037356}, {"l": "Beverages, Alcoholic", "v": 0.59073248272180257}, {"l": "Fats, Animals, Raw", "v": 14.583062692213662}, {"l": "Butter, Ghee", "v": 0.37723572406862393}, {"l": "Wine", "v": 0.018839971776311578}, {"l": "Beverages, Fermented", "v": 0.0015839614397574627}, {"l": "Fish, Body Oil", "v": 1.0283920138199454}]}, {"source": 2, "prod": 6714.0, "target": 15, "value": 5.2294861201644052, "supply": [{"l": "Pigmeat", "v": 0.45212432988400036}, {"l": "Meat, Other", "v": 0.04789249563492308}, {"l": "Eggs", "v": 0.05301064951321724}, {"l": "Mutton & Goat Meat", "v": 0.0029479282351041669}, {"l": "Poultry Meat", "v": 0.38557368903284206}, {"l": "Milk - Excluding Butter", "v": 3.5497210558395551}, {"l": "Offals, Edible", "v": 0.39030569832779172}, {"l": "Bovine Meat", "v": 0.3479102736969712}]}, {"source": 3, "prod": 101650.0, "target": 15, "value": 324.70820528074665, "supply": [{"l": "Maize", "v": 138.77477141758308}, {"l": "Rye", "v": 1.199217206040375}, {"l": "Barley", "v": 11.698053049061359}, {"l": "Rice", "v": 8.0220787248188987}, {"l": "Cereals, Other", "v": 0.4646572288412838}, {"l": "Wheat", "v": 135.00141709789344}, {"l": "Oats", "v": 0.14368980915922078}, {"l": "Sorghum", "v": 29.266357705946149}, {"l": "Millet", "v": 0.13796304140287499}]}, {"source": 4, "prod": 20884.0, "target": 15, "value": 82.317726674372352, "supply": [{"l": "Olives", "v": 0.0028779773956271186}, {"l": "Sunflower seed", "v": 1.8514803426137307}, {"l": "Cottonseed", "v": 0.15020828176407694}, {"l": "Groundnuts", "v": 2.1403397000629472}, {"l": "Oilcrops, Other", "v": 4.2692738965988575}, {"l": "Soyabeans", "v": 68.714829960217145}, {"l": "Rape and Mustardseed", "v": 5.1887165157199613}]}, {"source": 5, "prod": 7051.0, "target": 15, "value": 8.8368886464207375, "supply": [{"l": "Roots, Other", "v": 0.0048863501105611516}, {"l": "Nuts", "v": 1.0240232808289058}, {"l": "Cocoa Beans", "v": 0.076039376068201464}, {"l": "Tomatoes", "v": 0.023788499149362319}, {"l": "Coffee", "v": 0.035996286869074946}, {"l": "Treenuts", "v": 1.0240232808289058}, {"l": "Vegetables, Other", "v": 0.22650183049857742}, {"l": "Peas", "v": 0.92965864822245015}, {"l": "Infant food", "v": 1.7546068855340002}, {"l": "Grapes", "v": 0.30621915943014438}, {"l": "Dates", "v": 0.0056600222113999997}, {"l": "Potatoes", "v": 0.49124711774318075}, {"l": "Pepper", "v": 0.0032653974296538461}, {"l": "Beans", "v": 1.3093223256215156}, {"l": "Pulses, Other", "v": 0.52001454067237507}, {"l": "Lemons, Limes", "v": 0.064916100901518475}, {"l": "Pineapples", "v": 0.017256165278658538}, {"l": "Bananas", "v": 0.13860800249740607}, {"l": "Citrus, Other", "v": 0.0081355555400000005}, {"l": "Spices, Other", "v": 0.026531354115937499}, {"l": "Tea", "v": 0.015600111893520657}, {"l": "Fruits, Other", "v": 0.25275671707396952}, {"l": "Grapefruit", "v": 0.11537737584776925}, {"l": "Oranges, Mandarines", "v": 0.24254316272325563}, {"l": "Onions", "v": 0.028803609965376075}, {"l": "Apples", "v": 0.19110748936501731}]}, {"source": 6, "prod": 3.0, "target": 15, "value": 0.0034866666600000002, "supply": [{"l": "Sugar beet", "v": 0.0034866666600000002}]}, {"source": 9, "prod": 792.0, "target": 15, "value": 2.9771664980707016, "supply": [{"l": "Sugar", "v": 1.6828458896394645}, {"l": "Sweeteners, Other", "v": 1.2185167395285583}, {"l": "Honey", "v": 0.075803868902678581}]}, {"source": 7, "prod": 4926.0, "target": 15, "value": 3.9721265106682675, "supply": [{"l": "Freshwater Fish", "v": 0.30164588961931765}, {"l": "Crustaceans", "v": 0.070085509933107387}, {"l": "Demersal Fish", "v": 1.4506687016510338}, {"l": "Pelagic Fish", "v": 0.42652913649788959}, {"l": "Fish, Seafood", "v": 1.7058934575277274}, {"l": "Cephalopods", "v": 0.0094333703523333343}, {"l": "Molluscs, Other", "v": 0.0078704450868579898}]}, {"source": 10, "prod": 1407.0, "target": 15, "value": 13.834362991774887, "supply": [{"l": "Maize Germ Oil", "v": 1.2501873004264861}, {"l": "Groundnut Oil", "v": 0.17182210284607144}, {"l": "Soyabean Oil", "v": 5.9253842116536521}, {"l": "Sunflowerseed Oil", "v": 1.4539182055533753}, {"l": "Coconut Oil", "v": 0.209651843136551}, {"l": "Rape and Mustard Oil", "v": 2.378049926146129}, {"l": "Oilcrops Oil, Other", "v": 0.56600222114000009}, {"l": "Cottonseed Oil", "v": 1.8793471808726216}]}, {"source": 16, "prod": 957.0, "target": 5, "value": 0.81622663450893818, "supply": [{"l": "Coffee", "v": 0.0027269914294753752}, {"l": "Cocoa Beans", "v": 0.08345785178217234}, {"l": "Peas", "v": 0.10188039980520001}, {"l": "Potatoes", "v": 0.59857842077950596}, {"l": "Apples", "v": 0.0030516165966469832}, {"l": "Pulses, Other", "v": 0.026531354115937499}]}, {"source": 16, "prod": 9455.0, "target": 4, "value": 36.876848925407337, "supply": [{"l": "Sunflower seed", "v": 0.22204702521646152}, {"l": "Oilcrops, Other", "v": 1.2249905214672858}, {"l": "Soyabeans", "v": 33.927728561082823}, {"l": "Rape and Mustardseed", "v": 1.5020828176407692}]}, {"source": 2, "prod": 1714.0, "target": 17, "value": 1.1393218449521738, "supply": [{"l": "Eggs", "v": 0.0064255332743293628}, {"l": "Pigmeat", "v": 0.042793660853218139}, {"l": "Milk - Excluding Butter", "v": 1.0680519996748183}, {"l": "Bovine Meat", "v": 0.022050651149808035}]}, {"source": 0, "prod": 88.0, "target": 17, "value": 0.51060052575236958, "supply": [{"l": "Beverages, Alcoholic", "v": 0.051219579426745883}, {"l": "Butter, Ghee", "v": 0.42753382061110712}, {"l": "Fats, Animals, Raw", "v": 0.015464541561202185}, {"l": "Wine", "v": 0.016382584153314415}]}, {"source": 7, "prod": 1.0, "target": 17, "value": 0.0011791712940416668, "supply": [{"l": "Cephalopods", "v": 0.0011791712940416668}]}, {"source": 3, "prod": 44.0, "target": 17, "value": 0.15517256839699661, "supply": [{"l": "Rye", "v": 0.13796304140287499}, {"l": "Cereals, Other", "v": 0.017209526994121625}]}, {"source": 16, "prod": 146.0, "target": 1, "value": 0.15670454286518887, "supply": [{"l": "Demersal Fish", "v": 0.0063111752091716822}, {"l": "Mutton & Goat Meat", "v": 0.011791712940416667}, {"l": "Freshwater Fish", "v": 0.028965996023047058}, {"l": "Fish, Seafood", "v": 0.039478654924515008}, {"l": "Pelagic Fish", "v": 0.025089949205758213}, {"l": "Poultry Meat", "v": 0.045067054562280245}]}, {"source": 5, "prod": 52.0, "target": 17, "value": 0.1923861594014212, "supply": [{"l": "Fruits, Other", "v": 0.00054007845528625958}, {"l": "Beans", "v": 0.18704604651735937}, {"l": "Tea", "v": 0.0048000344287755861}]}, {"source": 10, "prod": 278.0, "target": 17, "value": 2.6764574302482025, "supply": [{"l": "Soyabean Oil", "v": 2.2027808189426725}, {"l": "Rape and Mustard Oil", "v": 0.47367661130552974}]}, {"source": 4, "prod": 237.0, "target": 17, "value": 1.4642873910227436, "supply": [{"l": "Cottonseed", "v": 0.17306606377165384}, {"l": "Groundnuts", "v": 1.2912213272510897}]}, {"source": 16, "prod": 895.0, "target": 11, "value": 2.7652402105189227, "supply": [{"l": "Alcohol, Non-Food", "v": 0.1962340555995753}, {"l": "Sugar", "v": 1.9671103980245093}, {"l": "Groundnut Oil", "v": 0.13139337276464289}, {"l": "Palm Oil", "v": 0.07471229319048002}, {"l": "Sweeteners, Other", "v": 0.089159761428918891}, {"l": "Cottonseed Oil", "v": 0.30663032951079611}]}, {"source": 9, "prod": 4.0, "target": 17, "value": 0.015160773780535717, "supply": [{"l": "Honey", "v": 0.015160773780535717}]}, {"source": 16, "prod": 68060.0, "target": 3, "value": 216.37320609079507, "supply": [{"l": "Maize", "v": 148.37886276507328}, {"l": "Barley", "v": 10.100713923544117}, {"l": "Rice", "v": 3.1598076754981106}, {"l": "Wheat", "v": 39.402942157310662}, {"l": "Oats", "v": 0.56226447062303786}, {"l": "Sorghum", "v": 14.768615098745858}]}, {"source": 1, "prod": 19520.0, "target": 7, "value": 15.108068323740717, "supply": [{"l": "Pelagic Fish", "v": 3.8570094642670121}, {"l": "Crustaceans", "v": 0.52535642405142291}, {"l": "Freshwater Fish", "v": 0.78108306517319992}, {"l": "Molluscs, Other", "v": 0.24314651630037876}, {"l": "Aquatic Animals, Others", "v": 0.0071739199781322279}, {"l": "Demersal Fish", "v": 2.8201937220412887}, {"l": "Aquatic Plants", "v": 0.086884141957379216}, {"l": "Fish, Seafood", "v": 6.7466943442052747}, {"l": "Marine Fish, Other", "v": 0.042450166585500007}, {"l": "Cephalopods", "v": 0.033016796233166668}, {"l": "Aquatic Products, Other", "v": 0.093260959715718975}]}, {"source": 1, "prod": 116586.0, "target": 2, "value": 106.18322305702452, "supply": [{"l": "Poultry Meat", "v": 13.925719859744596}, {"l": "Pigmeat", "v": 15.547123047369167}, {"l": "Bovine Meat", "v": 16.085950013784959}, {"l": "Eggs", "v": 7.0150759522490809}, {"l": "Milk - Excluding Butter", "v": 51.841157875168989}, {"l": "Offals, Edible", "v": 1.5647603071932918}, {"l": "Meat, Other", "v": 0.29497423447873078}, {"l": "Mutton & Goat Meat", "v": 0.57189807761020839}]}, {"source": 11, "prod": 37748.0, "target": 0, "value": 73.214765422359889, "supply": [{"l": "Fats, Animals, Raw", "v": 44.491486071578692}, {"l": "Alcohol, Non-Food", "v": 0.23417263968215984}, {"l": "Beverages, Fermented", "v": 0.11499560052639181}, {"l": "Fish, Body Oil", "v": 1.1289115339677596}, {"l": "Beer", "v": 12.772789821695754}, {"l": "Beverages, Alcoholic", "v": 5.6409830141989481}, {"l": "Fish, Liver Oil", "v": 0.0077322707806010927}, {"l": "Cream", "v": 0.33694819727240627}, {"l": "Butter, Ghee", "v": 6.471688421799505}, {"l": "Wine", "v": 2.0150578508576733}]}, {"source": 11, "prod": 9246.0, "target": 10, "value": 89.942506432742789, "supply": [{"l": "Olive Oil", "v": 0.55855482349342112}, {"l": "Sesameseed Oil", "v": 0.039996966944636621}, {"l": "Soyabean Oil", "v": 56.387341312846928}, {"l": "Coconut Oil", "v": 4.5265738859028062}, {"l": "Cottonseed Oil", "v": 5.044563485500194}, {"l": "Rape and Mustard Oil", "v": 5.9451248153653227}, {"l": "Maize Germ Oil", "v": 5.8748638995651135}, {"l": "Groundnut Oil", "v": 0.77825305406750012}, {"l": "Palm Oil", "v": 2.4841837485834604}, {"l": "Palmkernel Oil", "v": 1.4453271004110717}, {"l": "Oilcrops Oil, Other", "v": 4.2045879284685714}, {"l": "Sunflowerseed Oil", "v": 2.65313541159375}]}, {"source": 11, "prod": 16718.0, "target": 9, "value": 62.778619641958983, "supply": [{"l": "Honey", "v": 0.66328385289843761}, {"l": "Sweeteners, Other", "v": 28.939772563803256}, {"l": "Sugar", "v": 33.175563225257278}]}, {"source": 5, "prod": 87695.5, "target": 18, "value": 190.93050966753484, "supply": [{"l": "Roots, Other", "v": 0.042135990327107922}, {"l": "Pulses, Other", "v": 0.45326666580000002}, {"l": "Beans", "v": 3.9381899924699999}, {"l": "Onions", "v": 7.975749984750002}, {"l": "Vegetables, Other", "v": 68.805879868440002}, {"l": "Tomatoes", "v": 31.11152660718}, {"l": "Peas", "v": 1.0250799980400001}, {"l": "Yams", "v": 0.009588333315000001}, {"l": "Potatoes", "v": 37.152176595630003}, {"l": "Sweet potatoes", "v": 1.1723916644249999}, {"l": "Cassava", "v": 0.14208166639500003}]}, {"source": 6, "prod": 18572.799999999999, "target": 18, "value": 13.444598095715023, "supply": [{"l": "Sugar beet", "v": 9.6873546481440016}, {"l": "Sugar cane", "v": 3.7572434475710219}]}, {"source": 3, "prod": 721003.0, "target": 18, "value": 2265.0966056326092, "supply": [{"l": "Sorghum", "v": 185.69637964494004}, {"l": "Rice", "v": 26.596293282480001}, {"l": "Wheat", "v": 586.68047887824002}, {"l": "Oats", "v": 72.194919861960017}, {"l": "Maize", "v": 1456.63170388152}, {"l": "Barley", "v": 166.92067968083998}, {"l": "Cereals, Other", "v": 9.9398270080216218}, {"l": "Rye", "v": 7.9844666514}, {"l": "Millet", "v": 0.97626666480000002}]}, {"source": 4, "prod": 66700.5, "target": 18, "value": 277.81543912618963, "supply": [{"l": "Coconuts - Incl Copra", "v": 0.48638999907000002}, {"l": "Sesame seed", "v": 0.06450333321}, {"l": "Groundnuts", "v": 5.3258833231500002}, {"l": "Oilcrops, Other", "v": 7.9969190323285728}, {"l": "Soyabeans", "v": 223.81269941938811}, {"l": "Sunflower seed", "v": 5.1393466568400008}, {"l": "Cottonseed", "v": 16.88766996771}, {"l": "Olives", "v": 0.45326666580000008}, {"l": "Rape and Mustardseed", "v": 11.954036643809999}]}, {"source": 19, "prod": 0, "target": 5, "value": 0.0015022123029781774, "supply": "[{\"l\":'Energy for power irrigation',\"v\":0.0015022123029781774}]"}, {"source": 19, "prod": 0, "target": 6, "value": 0.00079537401180086482, "supply": "[{\"l\":'Energy for power irrigation',\"v\":0.00079537401180086482}]"}, {"source": 19, "prod": 0, "target": 3, "value": 0.0061753429599248249, "supply": "[{\"l\":'Energy for power irrigation',\"v\":0.0061753429599248249}]"}, {"source": 19, "prod": 0, "target": 4, "value": 0.0011425707329885332, "supply": "[{\"l\":'Energy for power irrigation',\"v\":0.0011425707329885332}]"}, {"source": 19, "prod": 0, "target": 11, "value": 8.8490000070791996, "supply": "[{\"l\":'Electricity',\"v\":8.8490000070791996}]"}, {"source": 20, "prod": 0, "target": 19, "value": 14.490644206749664, "supply": [{"l": "Coal", "v": 11.647219939082104}, {"l": "Natural gas", "v": 1.9808583749029824}, {"l": "Oil", "v": 0.86256589276457674}]}, {"source": 21, "prod": 0, "target": 19, "value": 3.0706269778892832, "supply": [{"l": "Nuclear", "v": 1.3434799936324813}, {"l": "Hydroelectric", "v": 1.6895971852553475}, {"l": "Renewable", "v": 0.037549799001454331}]}, {"source": 20, "prod": 0, "target": 5, "value": 6.3672410533303641, "supply": [{"l": "Motor Gasoline", "v": 1.93977712683603}, {"l": "Gas-Diesel oil", "v": 2.6721966491655325}, {"l": "Natural gas (including LNG)", "v": 0.80483563491334242}, {"l": "Fuel oil", "v": 0.054350056570984046}, {"l": "Liquefied petroleum gas (LPG)", "v": 0.27916244323684619}, {"l": "Coal", "v": 0.61691914260762926}]}, {"source": 20, "prod": 0, "target": 6, "value": 3.3712532181039561, "supply": [{"l": "Motor Gasoline", "v": 1.0270507785832859}, {"l": "Gas-Diesel oil", "v": 1.4148438040042421}, {"l": "Natural gas (including LNG)", "v": 0.42613507192839217}, {"l": "Fuel oil", "v": 0.028776639926836968}, {"l": "Liquefied petroleum gas (LPG)", "v": 0.14780770466413035}, {"l": "Coal", "v": 0.32663921899706877}]}, {"source": 20, "prod": 0, "target": 3, "value": 26.174660622120591, "supply": [{"l": "Motor Gasoline", "v": 7.9740986012974338}, {"l": "Gas-Diesel oil", "v": 10.984952481246452}, {"l": "Natural gas (including LNG)", "v": 3.3085443795829015}, {"l": "Fuel oil", "v": 0.22342397179928966}, {"l": "Liquefied petroleum gas (LPG)", "v": 1.1475900078173669}, {"l": "Coal", "v": 2.5360511803771493}]}, {"source": 20, "prod": 0, "target": 4, "value": 4.8428729168276812, "supply": [{"l": "Motor Gasoline", "v": 1.4753790587718483}, {"l": "Gas-Diesel oil", "v": 2.0324515237117708}, {"l": "Natural gas (including LNG)", "v": 0.61215158436336414}, {"l": "Fuel oil", "v": 0.041338220870089357}, {"l": "Liquefied petroleum gas (LPG)", "v": 0.21232873460005655}, {"l": "Coal", "v": 0.46922379451055274}]}, {"source": 20, "prod": 0, "target": 1, "value": 3.6407517450391147, "supply": [{"l": "Fossil fuels in fisheries", "v": 3.6407517450391147}]}, {"source": 22, "prod": 1267.7720204214245, "target": 5, "value": 15.049079457783925, "supply": [{"l": "Potash", "v": 4.5796524343256682}, {"l": "Phosphate", "v": 7.2521862043088658}, {"l": "Nitrogen", "v": 84.495706645879736}]}, {"source": 22, "prod": 671.24527999963038, "target": 6, "value": 7.9680126960200148, "supply": [{"l": "Potash", "v": 4.5796524343256682}, {"l": "Phosphate", "v": 7.2521862043088658}, {"l": "Nitrogen", "v": 84.495706645879736}]}, {"source": 22, "prod": 5211.5982578348285, "target": 3, "value": 61.864242956027297, "supply": [{"l": "Potash", "v": 4.5796524343256682}, {"l": "Phosphate", "v": 7.2521862043088658}, {"l": "Nitrogen", "v": 84.495706645879736}]}, {"source": 22, "prod": 964.25731819898658, "target": 4, "value": 11.446210174683042, "supply": [{"l": "Potash", "v": 4.5796524343256682}, {"l": "Phosphate", "v": 7.2521862043088658}, {"l": "Nitrogen", "v": 84.495706645879736}]}, {"source": 20, "prod": 0, "target": 22, "value": 117.94099966200538, "supply": [{"l": "Natural gas (including LNG)", "v": 78.941175448064257}, {"l": "Fuel oil", "v": 24.063417901005486}, {"l": "Liquefied petroleum gas (LPG)", "v": 7.46820315646782}, {"l": "Coal", "v": 7.46820315646782}]}, {"source": 23, "prod": 0, "target": 3, "value": 2.6443729245484189, "supply": "[{\"l\":'Labor',\"v\":2.6443729245484189}]"}, {"source": 23, "prod": 0, "target": 4, "value": 0.48926563760162389, "supply": "[{\"l\":'Labor',\"v\":0.48926563760162389}]"}, {"source": 23, "prod": 0, "target": 5, "value": 0.64326946158264497, "supply": "[{\"l\":'Labor',\"v\":0.64326946158264497}]"}, {"source": 23, "prod": 0, "target": 6, "value": 0.34059088140446625, "supply": "[{\"l\":'Labor',\"v\":0.34059088140446625}]"}, {"source": 20, "prod": 0, "target": 14, "value": 117.99861548931824, "supply": "[{\"l\":'Fossil Fuels',\"v\":117.99861548931824}]"}, {"source": 21, "prod": 0, "target": 14, "value": 17.570850643162416, "supply": "[{\"l\":'Renewables & Nuclear',\"v\":12.499927484458187},{\"l\":'Biomass & Waste',\"v\":5.0709231587042281}]"}]}