{"nodes": [{"layer": 13, "name": "Other Processed", "fill": "#9c9ede"}, {"layer": 10, "name": "Feed", "fill": "#dbdb8d"}, {"layer": 13, "name": "Animal Products", "fill": "#17becf"}, {"layer": 5, "name": "Cereals", "fill": "#e7ba52"}, {"layer": 5, "name": "Oilcrops", "fill": "#ff9896"}, {"layer": 5, "name": "Fruits, Roots & Vegetables", "fill": "#98df8a"}, {"layer": 5, "name": "Sugar Crops", "fill": "#ffbb78"}, {"layer": 13, "name": "Aquatic Products", "fill": "#1f77b4"}, {"layer": 16, "name": "Food", "fill": "#b5cf6b"}, {"layer": 13, "name": "Sugar", "fill": "#d6616b"}, {"layer": 13, "name": "Vegetable Oils", "fill": "#f7b6d2"}, {"layer": 10, "name": "Processing", "fill": "#9edae5"}, {"layer": 16, "name": "Biofuels & Other", "fill": "#e7ba52"}, {"name": "Waste", "fill": "#c7c7c7"}, {"layer": 2, "name": "Import", "fill": "#aec7e8"}, {"layer": 16, "name": "Export", "fill": "#aec7e8"}, {"layer": 0, "name": "Stock Draw", "fill": "#c7c7c7"}, {"layer": 16, "name": "Stock Deposit", "fill": "#c7c7c7"}, {"name": "Crop Residue", "fill": "#bd9e39"}, {"layer": 2, "name": "Electricity", "fill": "#bcbd22"}, {"layer": 0, "name": "Fossil Fuels", "fill": "#c49c94"}, {"layer": 0, "name": "Renewables & Nuclear", "fill": "#2ca02c"}, {"layer": 2, "name": "Fertilizers", "fill": "#c5b0d5"}, {"layer": 0, "name": "Labor", "fill": "#7f7f7f"}], "links": [{"source": 0, "prod": 305.0, "target": 1, "value": 2.2896279324642319, "supply": [{"l": "Fats, Animals, Raw", "v": 2.2821209556364805}, {"l": "Fish, Body Oil", "v": 0.0075069768277515802}]}, {"source": 2, "prod": 2481.0, "target": 1, "value": 1.9898409185893646, "supply": [{"l": "Milk - Excluding Butter", "v": 1.2244362566193951}, {"l": "Meat, Other", "v": 0.032461892094794116}, {"l": "Offals, Edible", "v": 0.73294276987517548}]}, {"source": 3, "prod": 159083.0, "target": 1, "value": 498.55607239509368, "supply": [{"l": "Maize", "v": 342.56603768034284}, {"l": "Oats", "v": 28.758072240440448}, {"l": "Rye", "v": 0.8808409566491251}, {"l": "Barley", "v": 40.15709955119398}, {"l": "Sorghum", "v": 61.729342484721471}, {"l": "Cereals, Other", "v": 7.7625653938334178}, {"l": "Wheat", "v": 16.295299991467957}, {"l": "Millet", "v": 0.406814096444375}]}, {"source": 4, "prod": 263.0, "target": 1, "value": 0.70522394753967133, "supply": [{"l": "Soyabeans", "v": 0.13589230156943599}, {"l": "Sunflower seed", "v": 0.10487688215241178}, {"l": "Cottonseed", "v": 0.012485343113382357}, {"l": "Rape and Mustardseed", "v": 0.45196942070444124}]}, {"source": 5, "prod": 369.0, "target": 1, "value": 0.23114229419469073, "supply": [{"l": "Potatoes", "v": 0.15781400628201245}, {"l": "Vegetables, Other", "v": 0.027899162268546714}, {"l": "Sweet potatoes", "v": 0.029132467264558825}, {"l": "Pulses, Other", "v": 0.016296658379572754}]}, {"source": 6, "prod": 18.0, "target": 1, "value": 0.020919999960000001, "supply": [{"l": "Sugar beet", "v": 0.020919999960000001}]}, {"source": 7, "prod": 2240.0, "target": 1, "value": 2.0751567860465441, "supply": [{"l": "Freshwater Fish", "v": 0.019329986570183037}, {"l": "Fish, Seafood", "v": 0.72957831062547318}, {"l": "Pelagic Fish", "v": 1.3236334888558878}, {"l": "Demersal Fish", "v": 0.0026149999950000002}]}, {"source": 0, "prod": 24620.0, "target": 8, "value": 29.604446616360885, "supply": [{"l": "Beer", "v": 9.600748999116373}, {"l": "Beverages, Alcoholic", "v": 4.8520966328630379}, {"l": "Fats, Animals, Raw", "v": 8.4903907921870374}, {"l": "Butter, Ghee", "v": 4.9422181945502519}, {"l": "Wine", "v": 1.2117086894864364}, {"l": "Beverages, Fermented", "v": 0.20217273582446765}, {"l": "Cream", "v": 0.30511057233328126}]}, {"source": 2, "prod": 86606.0, "target": 8, "value": 79.740245727471702, "supply": [{"l": "Pigmeat", "v": 11.621999241154922}, {"l": "Meat, Other", "v": 0.30464237196652938}, {"l": "Mutton & Goat Meat", "v": 0.80476954467973116}, {"l": "Poultry Meat", "v": 8.4885306563359109}, {"l": "Milk - Excluding Butter", "v": 37.395204483117425}, {"l": "Offals, Edible", "v": 0.60694706266927656}, {"l": "Bovine Meat", "v": 14.350617185121347}, {"l": "Eggs", "v": 6.1675351824265601}]}, {"source": 3, "prod": 19424.0, "target": 8, "value": 60.339277232136034, "supply": [{"l": "Maize", "v": 4.3493855163964188}, {"l": "Rye", "v": 0.40327658256225002}, {"l": "Barley", "v": 0.50409572820281257}, {"l": "Rice", "v": 3.1345320923862614}, {"l": "Cereals, Other", "v": 0.70420755801425339}, {"l": "Wheat", "v": 49.928897338315593}, {"l": "Oats", "v": 1.3148824162584478}]}, {"source": 4, "prod": 1157.0, "target": 8, "value": 5.388658345142435, "supply": [{"l": "Olives", "v": 0.20023663483726417}, {"l": "Sunflower seed", "v": 0.099882744907058854}, {"l": "Coconuts - Incl Copra", "v": 0.40364895244457899}, {"l": "Sesame seed", "v": 0.19527076629330001}, {"l": "Groundnuts", "v": 4.2387399802221832}, {"l": "Oilcrops, Other", "v": 0.053062708231874998}, {"l": "Soyabeans", "v": 0.015530548750792683}, {"l": "Rape and Mustardseed", "v": 0.1822860094553824}]}, {"source": 5, "prod": 63823.0, "target": 8, "value": 34.060317194548688, "supply": [{"l": "Roots, Other", "v": 0.01054662523863354}, {"l": "Nuts", "v": 1.8174083272023231}, {"l": "Cocoa Beans", "v": 0.80981856255415385}, {"l": "Tomatoes", "v": 1.4149380108188376}, {"l": "Coffee", "v": 0.7072604809536216}, {"l": "Treenuts", "v": 1.8174083272023231}, {"l": "Apples", "v": 1.7181394027586494}, {"l": "Vegetables, Other", "v": 4.1440119308987819}, {"l": "Peas", "v": 0.047987144835782612}, {"l": "Grapes", "v": 1.0106118606407632}, {"l": "Cloves", "v": 0.003859106053227273}, {"l": "Dates", "v": 0.099882744907058854}, {"l": "Potatoes", "v": 8.8942880856516027}, {"l": "Pimento", "v": 0.10449271774892308}, {"l": "Pepper", "v": 0.1003367573839091}, {"l": "Grapefruit", "v": 0.50552774437197501}, {"l": "Beans", "v": 2.9247609873271125}, {"l": "Pulses, Other", "v": 0.040741645948931884}, {"l": "Lemons, Limes", "v": 0.10096712928901795}, {"l": "Pineapples", "v": 0.30293456754066628}, {"l": "Bananas", "v": 1.3130035090781833}, {"l": "Infant food", "v": 0.0081355555400000005}, {"l": "Spices, Other", "v": 0.097635383146650004}, {"l": "Tea", "v": 0.10386368142899832}, {"l": "Fruits, Other", "v": 1.9201026918721047}, {"l": "Sweet potatoes", "v": 0.40369276066602938}, {"l": "Oranges, Mandarines", "v": 2.9310381815458477}, {"l": "Onions", "v": 0.50499815521355873}, {"l": "Cassava", "v": 0.20192511673102703}]}, {"source": 9, "prod": 13829.0, "target": 8, "value": 58.043450271053665, "supply": [{"l": "Sugar", "v": 47.939511966128997}, {"l": "Sweeteners, Other", "v": 9.7022944210772497}, {"l": "Honey", "v": 0.401643883847423}]}, {"source": 7, "prod": 7448.0, "target": 8, "value": 4.8535082487698817, "supply": [{"l": "Freshwater Fish", "v": 0.30245743692168753}, {"l": "Crustaceans", "v": 0.30355528605751947}, {"l": "Marine Fish, Other", "v": 0.099815256565905397}, {"l": "Demersal Fish", "v": 0.50600249903250005}, {"l": "Pelagic Fish", "v": 1.1124795594577288}, {"l": "Fish, Seafood", "v": 2.4258478828296983}, {"l": "Cephalopods", "v": 0.0023244444400000001}, {"l": "Molluscs, Other", "v": 0.10102588346484255}]}, {"source": 10, "prod": 3972.0, "target": 8, "value": 38.490873382296826, "supply": [{"l": "Maize Germ Oil", "v": 1.9180227707228963}, {"l": "Groundnut Oil", "v": 0.70932859004158066}, {"l": "Soyabean Oil", "v": 25.771481027236199}, {"l": "Palm Oil", "v": 1.4055721824976666}, {"l": "Sunflowerseed Oil", "v": 0.50755633960923918}, {"l": "Olive Oil", "v": 0.3036819609578077}, {"l": "Coconut Oil", "v": 2.3351967927858559}, {"l": "Rape and Mustard Oil", "v": 0.89782102328332503}, {"l": "Oilcrops Oil, Other", "v": 0.20753414775133336}, {"l": "Cottonseed Oil", "v": 3.9394266039134194}, {"l": "Palmkernel Oil", "v": 0.49525194349750007}]}, {"source": 0, "prod": 80.0, "target": 11, "value": 0.60055814622012649, "supply": [{"l": "Fats, Animals, Raw", "v": 0.60055814622012649}]}, {"source": 2, "prod": 2.0, "target": 11, "value": 0.0033216711627219375, "supply": [{"l": "Poultry Meat", "v": 0.0033216711627219375}]}, {"source": 3, "prod": 11279.0, "target": 11, "value": 37.928262019288965, "supply": [{"l": "Maize", "v": 24.29298610786104}, {"l": "Rye", "v": 0.29361365221637503}, {"l": "Barley", "v": 12.052815155525893}, {"l": "Rice", "v": 1.0646442821078699}, {"l": "Sorghum", "v": 0.2242028215777864}]}, {"source": 4, "prod": 27093.0, "target": 11, "value": 97.69805749272453, "supply": [{"l": "Sunflower seed", "v": 0.71416162608547074}, {"l": "Olives", "v": 0.0064075723147924537}, {"l": "Coconuts - Incl Copra", "v": 1.3092525062685791}, {"l": "Soyabeans", "v": 78.46033228900464}, {"l": "Cottonseed", "v": 11.054522792588736}, {"l": "Rape and Mustardseed", "v": 0.96386848835311778}, {"l": "Groundnuts", "v": 1.8730929536170045}, {"l": "Oilcrops, Other", "v": 3.1466185981501877}, {"l": "Oil Palm", "v": 0.16980066634199975}]}, {"source": 5, "prod": 2408.0, "target": 11, "value": 1.7991015789896097, "supply": [{"l": "Vegetables, Other", "v": 0.0036635263584960331}, {"l": "Peas", "v": 0.014765275334086957}, {"l": "Grapes", "v": 1.7806727772970266}]}, {"source": 6, "prod": 45783.0, "target": 11, "value": 33.22505076816617, "supply": [{"l": "Sugar beet", "v": 26.931013281840002}, {"l": "Sugar cane", "v": 6.2940374863261681}]}, {"source": 9, "prod": 28.0, "target": 11, "value": 0.11775649925884829, "supply": [{"l": "Sugar", "v": 0.11775649925884829}]}, {"source": 0, "prod": 2409.0, "target": 12, "value": 15.072582852983444, "supply": [{"l": "Alcohol, Non-Food", "v": 0.10121153056875436}, {"l": "Beer", "v": 0.00049048477567775479}, {"l": "Wine", "v": 0.25720625524591478}, {"l": "Fats, Animals, Raw", "v": 14.548521092182563}, {"l": "Fish, Body Oil", "v": 0.15764651338278321}, {"l": "Fish, Liver Oil", "v": 0.0075069768277515802}]}, {"source": 2, "prod": 2290.0, "target": 12, "value": 1.5150077204376096, "supply": [{"l": "Milk - Excluding Butter", "v": 1.4336267769509221}, {"l": "Poultry Meat", "v": 0.081380943486687465}]}, {"source": 3, "prod": 3733.0, "target": 12, "value": 12.042146073889366, "supply": [{"l": "Maize", "v": 10.757018592650477}, {"l": "Rye", "v": 0.22993840233812501}, {"l": "Barley", "v": 0.30700566905584825}, {"l": "Wheat", "v": 0.049082228889963719}, {"l": "Rice", "v": 0.69910118095495322}]}, {"source": 4, "prod": 18.0, "target": 12, "value": 0.095512874817374999, "supply": [{"l": "Oilcrops, Other", "v": 0.095512874817374999}]}, {"source": 5, "prod": 625.0, "target": 12, "value": 0.43480581220918174, "supply": [{"l": "Potatoes", "v": 0.41332239740527071}, {"l": "Fruits, Other", "v": 0.00055017269108083224}, {"l": "Vegetables, Other", "v": 0.00028180971988431026}, {"l": "Cassava", "v": 0.020651432392945947}]}, {"source": 9, "prod": 289.0, "target": 12, "value": 1.2154152959216842, "supply": [{"l": "Sugar", "v": 0.12196208851809287}, {"l": "Sweeteners, Other", "v": 1.0934532074035912}]}, {"source": 7, "prod": 298.0, "target": 12, "value": 0.19527191340219896, "supply": [{"l": "Molluscs, Other", "v": 0.00013782521618668832}, {"l": "Aquatic Animals, Others", "v": 0.0032570460295780045}, {"l": "Pelagic Fish", "v": 0.0036197816468255817}, {"l": "Fish, Seafood", "v": 0.0026056368236624041}, {"l": "Aquatic Plants", "v": 0.091197288828184148}, {"l": "Aquatic Products, Other", "v": 0.094454334857762154}]}, {"source": 10, "prod": 725.0, "target": 12, "value": 6.9401239483103989, "supply": [{"l": "Coconut Oil", "v": 0.32209610934977317}, {"l": "Rape and Mustard Oil", "v": 0.20057703711648753}, {"l": "Maize Germ Oil", "v": 0.24590035522088413}, {"l": "Groundnut Oil", "v": 0.047927607435241937}, {"l": "Oilcrops Oil, Other", "v": 2.7262440318243337}, {"l": "Sesameseed Oil", "v": 0.0096305982911943956}, {"l": "Soyabean Oil", "v": 2.1091010257715728}, {"l": "Cottonseed Oil", "v": 0.54852775497528616}, {"l": "Palm Oil", "v": 0.43393503620733331}, {"l": "Palmkernel Oil", "v": 0.010107182520357146}, {"l": "Sunflowerseed Oil", "v": 0.28607720959793481}]}, {"source": 2, "prod": 296.0, "target": 2, "value": 0.47815359193249407, "supply": [{"l": "Eggs", "v": 0.47815359193249407}]}, {"source": 3, "prod": 5552.0, "target": 3, "value": 16.997745043140327, "supply": [{"l": "Maize", "v": 1.488610238245663}, {"l": "Oats", "v": 1.7631377854374641}, {"l": "Rye", "v": 0.53416459620087497}, {"l": "Barley", "v": 2.7592608280575002}, {"l": "Rice", "v": 0.49805247532084906}, {"l": "Sorghum", "v": 0.19617746888056314}, {"l": "Cereals, Other", "v": 0.38670357231996577}, {"l": "Wheat", "v": 9.3716380786774476}]}, {"source": 4, "prod": 1982.0, "target": 4, "value": 7.6941492432090524, "supply": [{"l": "Soyabeans", "v": 6.4684735547051524}, {"l": "Sunflower seed", "v": 0.0074912058680294122}, {"l": "Cottonseed", "v": 0.44947235208176473}, {"l": "Rape and Mustardseed", "v": 0.032461892094794123}, {"l": "Groundnuts", "v": 0.42318025989124908}, {"l": "Oilcrops, Other", "v": 0.31306997856806251}]}, {"source": 5, "prod": 1498.0, "target": 5, "value": 1.2094340925936551, "supply": [{"l": "Potatoes", "v": 0.9578148779540322}, {"l": "Beans", "v": 0.15287609012163725}, {"l": "Vegetables, Other", "v": 0.0019726680391901714}, {"l": "Peas", "v": 0.070135057836913053}, {"l": "Sweet potatoes", "v": 0.026635398641882354}]}, {"source": 6, "prod": 819.0, "target": 6, "value": 0.22797827169524265, "supply": [{"l": "Sugar cane", "v": 0.22797827169524265}]}, {"source": 7, "prod": 167.0, "target": 7, "value": 0.15186846528921258, "supply": [{"l": "Molluscs, Other", "v": 0.00013782521618668832}, {"l": "Freshwater Fish", "v": 0.0045482321341607148}, {"l": "Fish, Seafood", "v": 0.054718373296910483}, {"l": "Cephalopods", "v": 0.0058111111000000003}, {"l": "Pelagic Fish", "v": 0.085668165641538771}, {"l": "Crustaceans", "v": 0.00054892456791594832}, {"l": "Demersal Fish", "v": 0.00043583333250000003}]}, {"source": 0, "prod": 32.0, "target": 13, "value": 0.24184977013406345, "supply": [{"l": "Butter, Ghee", "v": 0.016640465301516}, {"l": "Fats, Animals, Raw", "v": 0.22520930483254745}]}, {"source": 2, "prod": 178.0, "target": 13, "value": 0.29636095635540993, "supply": [{"l": "Pigmeat", "v": 0.10413028932849511}, {"l": "Eggs", "v": 0.19223066702691483}]}, {"source": 3, "prod": 211.0, "target": 13, "value": 0.71599053081921682, "supply": [{"l": "Maize", "v": 0.33989409245355517}, {"l": "Rye", "v": 0.0070750277642500003}, {"l": "Barley", "v": 0.049272514786741078}, {"l": "Rice", "v": 0.14621724046116669}, {"l": "Wheat", "v": 0.15031432597551389}, {"l": "Oats", "v": 0.0019922460852400724}, {"l": "Millet", "v": 0.02122508329275}]}, {"source": 4, "prod": 1456.0, "target": 13, "value": 5.5686981454584714, "supply": [{"l": "Olives", "v": 0.0096113584721886809}, {"l": "Coconuts - Incl Copra", "v": 0.011915836234526318}, {"l": "Sesame seed", "v": 0.0084900333171}, {"l": "Oilcrops, Other", "v": 0.084900333171}, {"l": "Soyabeans", "v": 5.3114476727710977}, {"l": "Rape and Mustardseed", "v": 0.14233291149255886}]}, {"source": 5, "prod": 3552.0, "target": 13, "value": 2.0543495899081154, "supply": [{"l": "Nuts", "v": 0.24353880431521918}, {"l": "Grapefruit", "v": 0.02582836436016683}, {"l": "Tomatoes", "v": 0.071729637094353219}, {"l": "Treenuts", "v": 0.24353880431521918}, {"l": "Vegetables, Other", "v": 0.25447417705553216}, {"l": "Peas", "v": 0.0036913188335217393}, {"l": "Sweet potatoes", "v": 0.0049941372453529403}, {"l": "Grapes", "v": 0.10873200564005263}, {"l": "Dates", "v": 0.004994137245352942}, {"l": "Potatoes", "v": 0.69205882408518893}, {"l": "Beans", "v": 0.008046110006401961}, {"l": "Apples", "v": 0.087992506825684103}, {"l": "Lemons, Limes", "v": 0.0069340909561972121}, {"l": "Pineapples", "v": 0.013186155288138966}, {"l": "Bananas", "v": 0.07116172047076233}, {"l": "Fruits, Other", "v": 0.11883730127345976}, {"l": "Oranges, Mandarines", "v": 0.066094801357932442}, {"l": "Onions", "v": 0.028516693539579085}]}, {"source": 9, "prod": 63.0, "target": 13, "value": 0.2649521233324087, "supply": [{"l": "Sugar", "v": 0.2649521233324087}]}, {"source": 10, "prod": 268.0, "target": 13, "value": 2.5862566359079135, "supply": [{"l": "Maize Germ Oil", "v": 0.11803217050602439}, {"l": "Soyabean Oil", "v": 2.041686837733212}, {"l": "Palm Oil", "v": 0.16036729598966665}, {"l": "Sunflowerseed Oil", "v": 0.027684891251413046}, {"l": "Coconut Oil", "v": 0.050327517085902065}, {"l": "Oilcrops Oil, Other", "v": 0.018866740704666669}, {"l": "Groundnut Oil", "v": 0.0095855214870483874}, {"l": "Cottonseed Oil", "v": 0.1495984786296235}, {"l": "Palmkernel Oil", "v": 0.010107182520357146}]}, {"source": 14, "prod": 7393.0, "target": 11, "value": 33.792543455498667, "supply": [{"l": "Sugar", "v": 24.190549419174836}, {"l": "Maize Germ Oil", "v": 0.068852099461847546}, {"l": "Beer", "v": 0.071610777248952207}, {"l": "Groundnut Oil", "v": 0.067098650409338711}, {"l": "Beverages, Alcoholic", "v": 1.1619135897516122}, {"l": "Fats, Animals, Raw", "v": 0.37534884138757901}, {"l": "Soyabean Oil", "v": 0.20224256411508229}, {"l": "Butter, Ghee", "v": 0.40769139988714204}, {"l": "Palm Oil", "v": 2.0470413664563334}, {"l": "Olive Oil", "v": 0.29388576866884619}, {"l": "Coconut Oil", "v": 2.8183409568105158}, {"l": "Rape and Mustard Oil", "v": 0.057307724890425009}, {"l": "Oilcrops Oil, Other", "v": 0.94333703523333345}, {"l": "Wine", "v": 0.22463793071802299}, {"l": "Sweeteners, Other", "v": 0.13878444555507119}, {"l": "Sesameseed Oil", "v": 0.0096305982911943956}, {"l": "Beverages, Fermented", "v": 0.0042755563467410072}, {"l": "Fish, Body Oil", "v": 0.067562791449764237}, {"l": "Fish, Liver Oil", "v": 0.0075069768277515802}, {"l": "Honey", "v": 0.019592384577923075}, {"l": "Cottonseed Oil", "v": 0.089759087177774116}, {"l": "Palmkernel Oil", "v": 0.52557349105857154}]}, {"source": 14, "prod": 1477.0, "target": 3, "value": 4.8955975232871465, "supply": [{"l": "Maize", "v": 2.9961034816276344}, {"l": "Rye", "v": 0.010612541646375}, {"l": "Barley", "v": 0.76182888247191971}, {"l": "Rice", "v": 0.39752812250379693}, {"l": "Cereals, Other", "v": 0.17910481244293153}, {"l": "Wheat", "v": 0.48161937098276902}, {"l": "Oats", "v": 0.061759628642442249}, {"l": "Sorghum", "v": 0.0035031690871529125}, {"l": "Millet", "v": 0.0035375138821250002}]}, {"source": 14, "prod": 1517.0, "target": 4, "value": 3.4224060156596514, "supply": [{"l": "Olives", "v": 0.11693819474496227}, {"l": "Sunflower seed", "v": 0.004994137245352942}, {"l": "Coconuts - Incl Copra", "v": 1.5982115349558421}, {"l": "Sesame seed", "v": 0.20376079961040003}, {"l": "Groundnuts", "v": 0.41624287858155645}, {"l": "Oilcrops, Other", "v": 0.090206603994187506}, {"l": "Soyabeans", "v": 0.90465446473367384}, {"l": "Rape and Mustardseed", "v": 0.087397401793676485}]}, {"source": 14, "prod": 10359.0, "target": 5, "value": 7.6849578487702219, "supply": [{"l": "Roots, Other", "v": 0.013710612810223601}, {"l": "Infant food", "v": 0.0081355555400000005}, {"l": "Nuts", "v": 1.0198187430699803}, {"l": "Cocoa Beans", "v": 0.79349157540588466}, {"l": "Tomatoes", "v": 0.16473501400482815}, {"l": "Coffee", "v": 0.76424837582182703}, {"l": "Treenuts", "v": 1.0198187430699803}, {"l": "Apples", "v": 0.049138672642914487}, {"l": "Vegetables, Other", "v": 0.33817166386117231}, {"l": "Peas", "v": 0.029530550668173915}, {"l": "Grapes", "v": 0.20331395575160527}, {"l": "Cloves", "v": 0.003859106053227273}, {"l": "Dates", "v": 0.064923784189588246}, {"l": "Potatoes", "v": 0.22066633778826847}, {"l": "Pimento", "v": 0.052246358874461538}, {"l": "Pepper", "v": 0.10419586343713638}, {"l": "Grapefruit", "v": 0.14247259050285574}, {"l": "Pineapples", "v": 0.08501600119984333}, {"l": "Beans", "v": 0.076438045060818624}, {"l": "Pulses, Other", "v": 0.020370822974465942}, {"l": "Lemons, Limes", "v": 0.0062575942775438265}, {"l": "Bananas", "v": 1.5132330558929754}, {"l": "Spices, Other", "v": 0.1188604664394}, {"l": "Tea", "v": 0.10921747944080235}, {"l": "Fruits, Other", "v": 0.1980621687890996}, {"l": "Sweet potatoes", "v": 0.0049941372453529403}, {"l": "Oranges, Mandarines", "v": 0.29413752831800266}, {"l": "Onions", "v": 0.04331649651581633}, {"l": "Cassava", "v": 0.22257654912397296}]}, {"source": 14, "prod": 9897.0, "target": 1, "value": 7.6131182873594536, "supply": [{"l": "Pigmeat", "v": 0.47829336284783353}, {"l": "Meat, Other", "v": 0.027467754849441178}, {"l": "Crustaceans", "v": 0.14326931222606251}, {"l": "Aquatic Products, Other", "v": 0.0019542276177468032}, {"l": "Marine Fish, Other", "v": 0.0011473017996081081}, {"l": "Demersal Fish", "v": 0.33689916602250003}, {"l": "Mutton & Goat Meat", "v": 0.11415170846521008}, {"l": "Freshwater Fish", "v": 0.05798995971054912}, {"l": "Poultry Meat", "v": 0.011625849069526781}, {"l": "Milk - Excluding Butter", "v": 2.7949644750105209}, {"l": "Fish, Seafood", "v": 1.3314804168914884}, {"l": "Pelagic Fish", "v": 0.93149047711644972}, {"l": "Molluscs, Other", "v": 0.025359839778350653}, {"l": "Aquatic Animals, Others", "v": 0.0019542276177468032}, {"l": "Offals, Edible", "v": 0.012193132955409573}, {"l": "Bovine Meat", "v": 1.3202617027896089}, {"l": "Eggs", "v": 0.022615372591401742}]}, {"source": 0, "prod": 1835.0, "target": 15, "value": 12.860515161733645, "supply": [{"l": "Beer", "v": 0.014714543270332645}, {"l": "Beverages, Alcoholic", "v": 0.55880888187467559}, {"l": "Fats, Animals, Raw", "v": 11.358055940388139}, {"l": "Butter, Ghee", "v": 0.016640465301516}, {"l": "Wine", "v": 0.003340340977219673}, {"l": "Beverages, Fermented", "v": 0.00061079376382014395}, {"l": "Fish, Body Oil", "v": 0.90834419615794137}]}, {"source": 2, "prod": 2428.0, "target": 15, "value": 1.9997499123329607, "supply": [{"l": "Pigmeat", "v": 0.23826422134486169}, {"l": "Meat, Other", "v": 0.05992964694423529}, {"l": "Eggs", "v": 0.040384593913217401}, {"l": "Mutton & Goat Meat", "v": 0.0028537927116302521}, {"l": "Poultry Meat", "v": 0.12954517534615556}, {"l": "Milk - Excluding Butter", "v": 1.2173992666388238}, {"l": "Offals, Edible", "v": 0.20186409003955852}, {"l": "Bovine Meat", "v": 0.10950912539447827}]}, {"source": 3, "prod": 99646.0, "target": 15, "value": 316.56541943111989, "supply": [{"l": "Maize", "v": 105.26960646739785}, {"l": "Rye", "v": 3.7037770345848755}, {"l": "Barley", "v": 20.580750407077236}, {"l": "Rice", "v": 6.7808245263866045}, {"l": "Cereals, Other", "v": 0.26051609082608218}, {"l": "Wheat", "v": 158.52332875736033}, {"l": "Oats", "v": 1.7272773559031429}, {"l": "Sorghum", "v": 19.719338791583748}]}, {"source": 4, "prod": 15605.0, "target": 15, "value": 60.066690282562412, "supply": [{"l": "Olives", "v": 0.0016018930786981134}, {"l": "Sunflower seed", "v": 0.51439613627135305}, {"l": "Cottonseed", "v": 0.029964823472117649}, {"l": "Groundnuts", "v": 1.2556660170543621}, {"l": "Oilcrops, Other", "v": 3.6613268679993753}, {"l": "Soyabeans", "v": 51.444942737000765}, {"l": "Rape and Mustardseed", "v": 3.158791807685736}]}, {"source": 5, "prod": 4797.0, "target": 15, "value": 4.0391330277671473, "supply": [{"l": "Roots, Other", "v": 0.014765275334086956}, {"l": "Nuts", "v": 0.24353880431521918}, {"l": "Cocoa Beans", "v": 0.0424501665855}, {"l": "Tomatoes", "v": 0.031204418396978517}, {"l": "Coffee", "v": 0.044776203110732882}, {"l": "Treenuts", "v": 0.24353880431521918}, {"l": "Vegetables, Other", "v": 0.20910281215415819}, {"l": "Peas", "v": 0.55000650619473923}, {"l": "Grapes", "v": 0.18395072187050002}, {"l": "Dates", "v": 0.012485343113382357}, {"l": "Potatoes", "v": 0.25209250354139651}, {"l": "Pepper", "v": 0.003859106053227273}, {"l": "Beans", "v": 0.96955625577143634}, {"l": "Apples", "v": 0.082850087595611632}, {"l": "Lemons, Limes", "v": 0.034501330611322711}, {"l": "Pineapples", "v": 0.023943281970568119}, {"l": "Bananas", "v": 0.13116081812258154}, {"l": "Infant food", "v": 0.26963555504000003}, {"l": "Spices, Other", "v": 0.02122508329275}, {"l": "Tea", "v": 0.0032122788070824224}, {"l": "Fruits, Other", "v": 0.18100681536559382}, {"l": "Grapefruit", "v": 0.116852519403658}, {"l": "Oranges, Mandarines", "v": 0.23211491851292862}, {"l": "Onions", "v": 0.035375138821250006}, {"l": "Pulses, Other", "v": 0.1059282794672229}]}, {"source": 9, "prod": 156.0, "target": 15, "value": 0.64196904699829382, "supply": [{"l": "Sugar", "v": 0.34485831925805571}, {"l": "Sweeteners, Other", "v": 0.24812976629543038}, {"l": "Honey", "v": 0.048980961444807694}]}, {"source": 7, "prod": 2261.0, "target": 15, "value": 1.574806238105654, "supply": [{"l": "Freshwater Fish", "v": 0.17169576306456696}, {"l": "Crustaceans", "v": 0.038973644322032333}, {"l": "Aquatic Products, Other", "v": 0.026056368236624036}, {"l": "Demersal Fish", "v": 0.19525333296}, {"l": "Pelagic Fish", "v": 0.38731663621033724}, {"l": "Fish, Seafood", "v": 0.71068744365392067}, {"l": "Cephalopods", "v": 0.0058111111000000003}, {"l": "Molluscs, Other", "v": 0.012955570321548704}, {"l": "Aquatic Plants", "v": 0.026056368236624036}]}, {"source": 10, "prod": 1042.0, "target": 15, "value": 10.078027978946899, "supply": [{"l": "Maize Germ Oil", "v": 0.11803217050602439}, {"l": "Groundnut Oil", "v": 0.45051950989127421}, {"l": "Soyabean Oil", "v": 4.7286237609764479}, {"l": "Palm Oil", "v": 0.13206718493266664}, {"l": "Sunflowerseed Oil", "v": 0.23993572417891312}, {"l": "Coconut Oil", "v": 0.11072053758898454}, {"l": "Rape and Mustard Oil", "v": 0.33429506186081254}, {"l": "Oilcrops Oil, Other", "v": 1.4904725156686669}, {"l": "Cottonseed Oil", "v": 2.4733615133431086}]}, {"source": 16, "prod": 28.0, "target": 5, "value": 0.015412204143169742, "supply": [{"l": "Fruits, Other", "v": 0.00055017269108083224}, {"l": "Coffee", "v": 0.012720512247367295}, {"l": "Tea", "v": 0.0021415192047216148}]}, {"source": 16, "prod": 6255.0, "target": 4, "value": 24.405030629809843, "supply": [{"l": "Soyabeans", "v": 24.134472758731832}, {"l": "Groundnuts", "v": 0.27055787107801171}]}, {"source": 2, "prod": 152.0, "target": 17, "value": 0.11506299166855456, "supply": [{"l": "Milk - Excluding Butter", "v": 0.086363058852465174}, {"l": "Eggs", "v": 0.025846140104459136}, {"l": "Mutton & Goat Meat", "v": 0.0028537927116302521}]}, {"source": 0, "prod": 39.0, "target": 17, "value": 0.30334442198139511, "supply": [{"l": "Butter, Ghee", "v": 0.108163024459854}, {"l": "Fats, Animals, Raw", "v": 0.075069768277515811}, {"l": "Fish, Body Oil", "v": 0.12011162924402528}]}, {"source": 7, "prod": 22.0, "target": 17, "value": 0.019500393368639068, "supply": [{"l": "Fish, Seafood", "v": 0.0065140920591560091}, {"l": "Crustaceans", "v": 0.0010978491358318966}, {"l": "Pelagic Fish", "v": 0.0072395632936511634}, {"l": "Cephalopods", "v": 0.0046488888800000003}]}, {"source": 3, "prod": 24613.0, "target": 17, "value": 74.534572584104041, "supply": [{"l": "Maize", "v": 23.701318613590036}, {"l": "Oats", "v": 4.3988793562100801}, {"l": "Rye", "v": 2.5399349673657503}, {"l": "Barley", "v": 2.4598355458919197}, {"l": "Wheat", "v": 41.434604101046254}]}, {"source": 16, "prod": 138.0, "target": 1, "value": 0.21542161078809255, "supply": [{"l": "Pigmeat", "v": 0.068831886166293377}, {"l": "Freshwater Fish", "v": 0.0022741160670803574}, {"l": "Poultry Meat", "v": 0.096328463718936191}, {"l": "Bovine Meat", "v": 0.047987144835782612}]}, {"source": 5, "prod": 859.0, "target": 17, "value": 1.1850243545745711, "supply": [{"l": "Potatoes", "v": 0.44406538564202636}, {"l": "Beans", "v": 0.67989629554096565}, {"l": "Cocoa Beans", "v": 0.058777153733769232}, {"l": "Apples", "v": 0.0022855196578099764}]}, {"source": 10, "prod": 91.0, "target": 17, "value": 0.87912551343826739, "supply": [{"l": "Soyabean Oil", "v": 0.79933965816913488}, {"l": "Cottonseed Oil", "v": 0.079785855269132538}]}, {"source": 4, "prod": 1042.0, "target": 17, "value": 2.8028390563453494, "supply": [{"l": "Sunflower seed", "v": 0.45196942070444124}, {"l": "Coconuts - Incl Copra", "v": 0.12660575999184212}, {"l": "Cottonseed", "v": 0.18478307807805888}, {"l": "Rape and Mustardseed", "v": 1.4982411736058825}, {"l": "Oilcrops, Other", "v": 0.54123962396512504}]}, {"source": 16, "prod": 148.0, "target": 11, "value": 0.19502155288164946, "supply": [{"l": "Groundnut Oil", "v": 0.019171042974096775}, {"l": "Wine", "v": 0.10856108175963936}, {"l": "Sweeteners, Other", "v": 0.067289428147913319}]}, {"source": 9, "prod": 505.0, "target": 17, "value": 2.1238225759185139, "supply": [{"l": "Sugar", "v": 2.1238225759185139}]}, {"source": 16, "prod": 282.0, "target": 3, "value": 1.1991227186478151, "supply": [{"l": "Rice", "v": 0.89558059782464594}, {"l": "Sorghum", "v": 0.28725986514653884}, {"l": "Cereals, Other", "v": 0.016282255676630136}]}, {"source": 1, "prod": 12269.0, "target": 7, "value": 8.7182435796929187, "supply": [{"l": "Pelagic Fish", "v": 2.9199571951059693}, {"l": "Crustaceans", "v": 0.34417570408329962}, {"l": "Freshwater Fish", "v": 0.49803141869059825}, {"l": "Molluscs, Other", "v": 0.11425710421876463}, {"l": "Aquatic Animals, Others", "v": 0.0032570460295780045}, {"l": "Demersal Fish", "v": 0.70430666532000008}, {"l": "Aquatic Plants", "v": 0.11725365706480818}, {"l": "Fish, Seafood", "v": 3.9299517392888208}, {"l": "Marine Fish, Other", "v": 0.099815256565905397}, {"l": "Cephalopods", "v": 0.018595555520000001}, {"l": "Aquatic Products, Other", "v": 0.12051070309438619}]}, {"source": 1, "prod": 94137.0, "target": 2, "value": 85.659589898018325, "supply": [{"l": "Poultry Meat", "v": 8.7027784463314752}, {"l": "Pigmeat", "v": 11.964393751828279}, {"l": "Bovine Meat", "v": 14.460126310515825}, {"l": "Eggs", "v": 6.9041501754036458}, {"l": "Milk - Excluding Butter", "v": 41.357029842179031}, {"l": "Offals, Edible", "v": 1.5417539225840104}, {"l": "Meat, Other", "v": 0.39703391100555879}, {"l": "Mutton & Goat Meat", "v": 0.81047713010299161}]}, {"source": 11, "prod": 29320.0, "target": 0, "value": 60.972924901877789, "supply": [{"l": "Fats, Animals, Raw", "v": 37.579925999724409}, {"l": "Alcohol, Non-Food", "v": 0.10121153056875436}, {"l": "Beverages, Fermented", "v": 0.2027835295882878}, {"l": "Fish, Body Oil", "v": 1.1936093156125014}, {"l": "Beer", "v": 9.6159540271623847}, {"l": "Beverages, Alcoholic", "v": 5.4109055147377134}, {"l": "Fish, Liver Oil", "v": 0.0075069768277515802}, {"l": "Cream", "v": 0.30511057233328126}, {"l": "Butter, Ghee", "v": 5.0836621496131382}, {"l": "Wine", "v": 1.472255285709571}]}, {"source": 11, "prod": 6098.0, "target": 10, "value": 58.974407458900309, "supply": [{"l": "Olive Oil", "v": 0.3036819609578077}, {"l": "Sesameseed Oil", "v": 0.0096305982911943956}, {"l": "Soyabean Oil", "v": 35.450232309886566}, {"l": "Coconut Oil", "v": 2.8183409568105158}, {"l": "Cottonseed Oil", "v": 7.1907002061305691}, {"l": "Rape and Mustard Oil", "v": 1.432693122260625}, {"l": "Maize Germ Oil", "v": 2.399987466955829}, {"l": "Groundnut Oil", "v": 1.2173612288551452}, {"l": "Palm Oil", "v": 2.1319416996273333}, {"l": "Palmkernel Oil", "v": 0.5154663085382144}, {"l": "Oilcrops Oil, Other", "v": 4.4431174359490004}, {"l": "Sunflowerseed Oil", "v": 1.0612541646375002}]}, {"source": 11, "prod": 14870.0, "target": 9, "value": 62.407365812483413, "supply": [{"l": "Honey", "v": 0.45062484529223068}, {"l": "Sweeteners, Other", "v": 11.043877394776272}, {"l": "Sugar", "v": 50.912863572414921}]}, {"source": 5, "prod": 71772.0, "target": 18, "value": 199.03031428059282, "supply": [{"l": "Roots, Other", "v": 0.030925217332173915}, {"l": "Pulses, Other", "v": 1.1848839385484773}, {"l": "Beans", "v": 3.4849233266699997}, {"l": "Onions", "v": 5.28578665656}, {"l": "Vegetables, Other", "v": 55.315966560900002}, {"l": "Tomatoes", "v": 24.703033286100002}, {"l": "Peas", "v": 4.8874385179117423}, {"l": "Potatoes", "v": 28.725774945075006}, {"l": "Sweet potatoes", "v": 0.96754999815000009}, {"l": "Cassava", "v": 0.16910333301000002}]}, {"source": 6, "prod": 18648.0, "target": 18, "value": 13.389579615928566, "supply": [{"l": "Sugar beet", "v": 10.780773312720001}, {"l": "Sugar cane", "v": 2.6088063032085644}]}, {"source": 3, "prod": 596593.0, "target": 18, "value": 1855.3243151028969, "supply": [{"l": "Sorghum", "v": 161.66427580739531}, {"l": "Rice", "v": 19.190613296639999}, {"l": "Wheat", "v": 532.10368564926}, {"l": "Oats", "v": 117.37863310890002}, {"l": "Maize", "v": 1080.07867793484}, {"l": "Barley", "v": 139.88855306586001}, {"l": "Cereals, Other", "v": 15.470339970420001}, {"l": "Rye", "v": 11.920913310540001}, {"l": "Millet", "v": 0.84028666506000005}]}, {"source": 4, "prod": 49817.0, "target": 18, "value": 261.22210618578941, "supply": [{"l": "Coconuts - Incl Copra", "v": 2.1669633291900006}, {"l": "Sesame seed", "v": 0.041839999919999996}, {"l": "Groundnuts", "v": 3.8806599925800005}, {"l": "Oilcrops, Other", "v": 9.5615295650512504}, {"l": "Soyabeans", "v": 214.26496757812041}, {"l": "Sunflower seed", "v": 2.0083199961599996}, {"l": "Cottonseed", "v": 16.122346635840003}, {"l": "Olives", "v": 0.34866666600000007}, {"l": "Rape and Mustardseed", "v": 6.8251499869500014}]}, {"source": 19, "prod": 0, "target": 5, "value": 0.00062216543559432541, "supply": "[{\"l\":'Energy for power irrigation',\"v\":0.00062216543559432541}]"}, {"source": 19, "prod": 0, "target": 6, "value": 0.00040413187047048222, "supply": "[{\"l\":'Energy for power irrigation',\"v\":0.00040413187047048222}]"}, {"source": 19, "prod": 0, "target": 3, "value": 0.0025858241634448345, "supply": "[{\"l\":'Energy for power irrigation',\"v\":0.0025858241634448345}]"}, {"source": 19, "prod": 0, "target": 4, "value": 0.00043201887663314931, "supply": "[{\"l\":'Energy for power irrigation',\"v\":0.00043201887663314931}]"}, {"source": 19, "prod": 0, "target": 11, "value": 2.0710000016567998, "supply": "[{\"l\":'Electricity',\"v\":2.0710000016567998}]"}, {"source": 20, "prod": 0, "target": 19, "value": 3.9208918867469471, "supply": [{"l": "Coal", "v": 2.2425601220953926}, {"l": "Natural gas", "v": 0.83551901004158258}, {"l": "Oil", "v": 0.84281275460997207}]}, {"source": 21, "prod": 0, "target": 19, "value": 0.52647380004967981, "supply": [{"l": "Nuclear", "v": 0.096922147778478754}, {"l": "Hydroelectric", "v": 0.42700099615705489}, {"l": "Renewable", "v": 0.0025506561141462004}]}, {"source": 20, "prod": 0, "target": 5, "value": 28.616957339862903, "supply": [{"l": "Motor Gasoline", "v": 9.2877053940238934}, {"l": "Gas-Diesel oil", "v": 15.917094548116342}, {"l": "Natural gas (including LNG)", "v": 2.488934347487803}, {"l": "Fuel oil", "v": 0.025321530259345026}, {"l": "Liquefied petroleum gas (LPG)", "v": 0.29039846552997606}, {"l": "Coal", "v": 0.60750305444553954}]}, {"source": 20, "prod": 0, "target": 6, "value": 18.588342963612668, "supply": [{"l": "Motor Gasoline", "v": 6.032893405079891}, {"l": "Gas-Diesel oil", "v": 10.33905907363852}, {"l": "Natural gas (including LNG)", "v": 1.6167045544206846}, {"l": "Fuel oil", "v": 0.016447775465232472}, {"l": "Liquefied petroleum gas (LPG)", "v": 0.1886303358274464}, {"l": "Coal", "v": 0.39460781918089299}]}, {"source": 20, "prod": 0, "target": 3, "value": 118.93688646171785, "supply": [{"l": "Motor Gasoline", "v": 38.601265285465757}, {"l": "Gas-Diesel oil", "v": 66.154121299004998}, {"l": "Natural gas (including LNG)", "v": 10.344429646455378}, {"l": "Fuel oil", "v": 0.10524053741022561}, {"l": "Liquefied petroleum gas (LPG)", "v": 1.206944851376059}, {"l": "Coal", "v": 2.5248848420054322}]}, {"source": 20, "prod": 0, "target": 4, "value": 19.871026346580106, "supply": [{"l": "Motor Gasoline", "v": 6.4491915192828504}, {"l": "Gas-Diesel oil", "v": 11.052502939788136}, {"l": "Natural gas (including LNG)", "v": 1.7282647979121333}, {"l": "Fuel oil", "v": 0.017582749589463549}, {"l": "Liquefied petroleum gas (LPG)", "v": 0.20164671914698512}, {"l": "Coal", "v": 0.42183762086053544}]}, {"source": 20, "prod": 0, "target": 1, "value": 2.6685040026163751, "supply": [{"l": "Fossil fuels in fisheries", "v": 2.6685040026163751}]}, {"source": 22, "prod": 413.39987122992835, "target": 5, "value": 4.9072604614738191, "supply": [{"l": "Potash", "v": 1.516496715123671}, {"l": "Phosphate", "v": 2.4014740668674754}, {"l": "Nitrogen", "v": 27.979735014410011}]}, {"source": 22, "prod": 268.52675133393609, "target": 6, "value": 3.1875450414355102, "supply": [{"l": "Potash", "v": 1.516496715123671}, {"l": "Phosphate", "v": 2.4014740668674754}, {"l": "Nitrogen", "v": 27.979735014410011}]}, {"source": 22, "prod": 1718.1593753600055, "target": 3, "value": 20.395399602157177, "supply": [{"l": "Potash", "v": 1.516496715123671}, {"l": "Phosphate", "v": 2.4014740668674754}, {"l": "Nitrogen", "v": 27.979735014410011}]}, {"source": 22, "prod": 287.05636435498434, "target": 4, "value": 3.4075006913346528, "supply": [{"l": "Potash", "v": 1.516496715123671}, {"l": "Phosphate", "v": 2.4014740668674754}, {"l": "Nitrogen", "v": 27.979735014410011}]}, {"source": 20, "prod": 0, "target": 22, "value": 39.054740753960509, "supply": [{"l": "Natural gas (including LNG)", "v": 26.140418944831591}, {"l": "Fuel oil", "v": 7.9683108543358792}, {"l": "Liquefied petroleum gas (LPG)", "v": 2.4730054773965189}, {"l": "Coal", "v": 2.4730054773965189}]}, {"source": 23, "prod": 0, "target": 3, "value": 2.296449715750434, "supply": "[{\"l\":'Labor',\"v\":2.296449715750434}]"}, {"source": 23, "prod": 0, "target": 4, "value": 0.3836725019698668, "supply": "[{\"l\":'Labor',\"v\":0.3836725019698668}]"}, {"source": 23, "prod": 0, "target": 5, "value": 0.55254013707448846, "supply": "[{\"l\":'Labor',\"v\":0.55254013707448846}]"}, {"source": 23, "prod": 0, "target": 6, "value": 0.3589062752941628, "supply": "[{\"l\":'Labor',\"v\":0.3589062752941628}]"}, {"source": 20, "prod": 0, "target": 14, "value": 150.32825804203389, "supply": "[{\"l\":'Fossil Fuels',\"v\":150.32825804203389}]"}, {"source": 21, "prod": 0, "target": 14, "value": 9.6794878843098626, "supply": "[{\"l\":'Renewables & Nuclear',\"v\":5.8420160527155334},{\"l\":'Biomass & Waste',\"v\":3.8374718315943288}]"}]}