{"nodes": [{"name": "Balance", "fill": "#9edae5"}, {"name": "Food", "fill": "#b5cf6b"}, {"name": "Stock Deposit", "fill": "#c7c7c7"}, {"name": "Export", "fill": "#aec7e8"}, {"name": "Biofuels & Other", "fill": "#e7ba52"}, {"name": "Renewables & Nuclear", "fill": "#2ca02c"}, {"name": "Fossil Fuels", "fill": "#c49c94"}, {"name": "Stock Draw", "fill": "#c7c7c7"}, {"name": "Labor", "fill": "#7f7f7f"}], "links": [{"source": 0, "target": 1, "value": 286.57745107081263}, {"source": 0, "target": 2, "value": 9.259193197342146}, {"source": 0, "target": 3, "value": 229.83404386682335}, {"source": 0, "target": 4, "value": 31.646863106777527}, {"source": 5, "target": 0, "value": 5.6833797504398635}, {"source": 6, "target": 0, "value": 303.74962688957726}, {"source": 7, "target": 0, "value": 65.863898214193313}, {"source": 8, "target": 0, "value": 3.3215192779023637}]}