{"nodes": [{"layer": 5, "name": "Sunflower seed"}, {"layer": 10, "name": "Feed", "fill": "#dbdb8d"}, {"layer": 5, "name": "Maize"}, {"layer": 13, "name": "Pelagic Fish"}, {"layer": 5, "name": "Wheat"}, {"layer": 5, "name": "Oats"}, {"layer": 5, "name": "Potatoes"}, {"layer": 5, "name": "Vegetables, Other"}, {"layer": 13, "name": "Milk - Excluding Butter"}, {"layer": 5, "name": "Rape and Mustardseed"}, {"layer": 5, "name": "Apples"}, {"layer": 13, "name": "Fish, Seafood"}, {"layer": 5, "name": "Oilcrops, Other"}, {"layer": 5, "name": "Pulses, Other"}, {"layer": 5, "name": "Barley"}, {"layer": 16, "name": "Food", "fill": "#b5cf6b"}, {"layer": 5, "name": "Rye"}, {"layer": 5, "name": "Nuts"}, {"layer": 13, "name": "Sugar", "fill": "#d6616b"}, {"layer": 13, "name": "Oilcrops Oil, Other"}, {"layer": 13, "name": "Beer"}, {"layer": 5, "name": "Infant food"}, {"layer": 13, "name": "Beverages, Alcoholic"}, {"layer": 5, "name": "Rice"}, {"layer": 13, "name": "Butter, Ghee"}, {"layer": 5, "name": "Tomatoes"}, {"layer": 13, "name": "Fats, Animals, Raw"}, {"layer": 5, "name": "Coffee"}, {"layer": 5, "name": "Treenuts"}, {"layer": 13, "name": "Eggs"}, {"layer": 5, "name": "Peas"}, {"layer": 13, "name": "Marine Fish, Other"}, {"layer": 5, "name": "Grapes"}, {"layer": 13, "name": "Wine"}, {"layer": 13, "name": "Sunflowerseed Oil"}, {"layer": 13, "name": "Pigmeat"}, {"layer": 13, "name": "Poultry Meat"}, {"layer": 5, "name": "Cocoa Beans"}, {"layer": 13, "name": "Freshwater Fish"}, {"layer": 5, "name": "Beans"}, {"layer": 13, "name": "Meat, Other"}, {"layer": 5, "name": "Cereals, Other"}, {"layer": 13, "name": "Mutton & Goat Meat"}, {"layer": 13, "name": "Sweeteners, Other"}, {"layer": 5, "name": "Pineapples"}, {"layer": 5, "name": "Bananas"}, {"layer": 5, "name": "Tea"}, {"layer": 5, "name": "Fruits, Other"}, {"layer": 13, "name": "Honey"}, {"layer": 13, "name": "Offals, Edible"}, {"layer": 5, "name": "Oranges, Mandarines"}, {"layer": 13, "name": "Bovine Meat"}, {"layer": 13, "name": "Cottonseed Oil"}, {"layer": 5, "name": "Onions"}, {"layer": 10, "name": "Processing", "fill": "#9edae5"}, {"layer": 5, "name": "Cottonseed"}, {"layer": 5, "name": "Sugar beet"}, {"layer": 16, "name": "Biofuels & Other", "fill": "#e7ba52"}, {"layer": 13, "name": "Alcohol, Non-Food"}, {"layer": 13, "name": "Palm Oil"}, {"name": "Waste", "fill": "#c7c7c7"}, {"layer": 2, "name": "Import", "fill": "#aec7e8"}, {"layer": 16, "name": "Export", "fill": "#aec7e8"}, {"layer": 5, "name": "Citrus, Other"}, {"layer": 0, "name": "Stock Draw", "fill": "#c7c7c7"}, {"layer": 16, "name": "Stock Deposit", "fill": "#c7c7c7"}, {"name": "Crop Residue", "fill": "#bd9e39"}, {"layer": 2, "name": "Electricity", "fill": "#bcbd22"}, {"layer": 0, "name": "Fossil Fuels", "fill": "#c49c94"}, {"layer": 0, "name": "Renewables & Nuclear", "fill": "#2ca02c"}, {"layer": 2, "name": "Fertilizers", "fill": "#c5b0d5"}, {"layer": 0, "name": "Labor", "fill": "#7f7f7f"}], "links": [{"source": 0, "prod": 29.0, "target": 1, "value": 0.17586497585421429, "supply": [{"l": "Sunflower seed", "v": 0.17586497585421429}]}, {"source": 2, "prod": 316.0, "target": 1, "value": 1.000840675888871, "supply": [{"l": "Maize", "v": 1.000840675888871}]}, {"source": 3, "prod": 4.0, "target": 1, "value": 0.0043989809933160625, "supply": [{"l": "Pelagic Fish", "v": 0.0043989809933160625}]}, {"source": 4, "prod": 419.0, "target": 1, "value": 1.3851704393933151, "supply": [{"l": "Wheat", "v": 1.3851704393933151}]}, {"source": 5, "prod": 3.0, "target": 1, "value": 0.0070750277642500003, "supply": [{"l": "Oats", "v": 0.0070750277642500003}]}, {"source": 6, "prod": 477.0, "target": 1, "value": 0.37066727377514797, "supply": [{"l": "Potatoes", "v": 0.37066727377514797}]}, {"source": 7, "prod": 66.0, "target": 1, "value": 0.022952627576073095, "supply": [{"l": "Vegetables, Other", "v": 0.022952627576073095}]}, {"source": 8, "prod": 270.0, "target": 1, "value": 0.20310655220472523, "supply": [{"l": "Milk - Excluding Butter", "v": 0.20310655220472523}]}, {"source": 9, "prod": 1.0, "target": 1, "value": 0.0011622222200000001, "supply": [{"l": "Rape and Mustardseed", "v": 0.0011622222200000001}]}, {"source": 10, "prod": 10.0, "target": 1, "value": 0.0054262749814306789, "supply": [{"l": "Apples", "v": 0.0054262749814306789}]}, {"source": 11, "prod": 4.0, "target": 1, "value": 0.0040752159922079999, "supply": [{"l": "Fish, Seafood", "v": 0.0040752159922079999}]}, {"source": 12, "prod": 13.0, "target": 1, "value": 0.0424501665855, "supply": [{"l": "Oilcrops, Other", "v": 0.0424501665855}]}, {"source": 13, "prod": 3.0, "target": 1, "value": 0.012290804046266861, "supply": [{"l": "Pulses, Other", "v": 0.012290804046266861}]}, {"source": 14, "prod": 178.0, "target": 1, "value": 0.57147199050395792, "supply": [{"l": "Barley", "v": 0.57147199050395792}]}, {"source": 2, "prod": 140.0, "target": 15, "value": 0.44341042602671493, "supply": [{"l": "Maize", "v": 0.44341042602671493}]}, {"source": 16, "prod": 1.0, "target": 15, "value": 0.0032653974296538461, "supply": [{"l": "Rye", "v": 0.0032653974296538461}]}, {"source": 17, "prod": 10.0, "target": 15, "value": 0.034234005310887099, "supply": [{"l": "Nuts", "v": 0.034234005310887099}]}, {"source": 18, "prod": 113.0, "target": 15, "value": 0.4568446499201429, "supply": [{"l": "Sugar", "v": 0.4568446499201429}]}, {"source": 19, "prod": 3.0, "target": 15, "value": 0.029847773380429689, "supply": [{"l": "Oilcrops Oil, Other", "v": 0.029847773380429689}]}, {"source": 20, "prod": 46.0, "target": 15, "value": 0.026269609815242158, "supply": [{"l": "Beer", "v": 0.026269609815242158}]}, {"source": 21, "prod": 1.0, "target": 15, "value": 0.00424501665855, "supply": [{"l": "Infant food", "v": 0.00424501665855}]}, {"source": 22, "prod": 16.0, "target": 15, "value": 0.054249414166773161, "supply": [{"l": "Beverages, Alcoholic", "v": 0.054249414166773161}]}, {"source": 14, "prod": 6.0, "target": 15, "value": 0.019263100803504202, "supply": [{"l": "Barley", "v": 0.019263100803504202}]}, {"source": 23, "prod": 51.0, "target": 15, "value": 0.22244232765199443, "supply": [{"l": "Rice", "v": 0.22244232765199443}]}, {"source": 24, "prod": 4.0, "target": 15, "value": 0.033960133268400007, "supply": [{"l": "Butter, Ghee", "v": 0.033960133268400007}]}, {"source": 25, "prod": 174.0, "target": 15, "value": 0.035383611908392822, "supply": [{"l": "Tomatoes", "v": 0.035383611908392822}]}, {"source": 26, "prod": 1.0, "target": 15, "value": 0.0090964642683214296, "supply": [{"l": "Fats, Animals, Raw", "v": 0.0090964642683214296}]}, {"source": 27, "prod": 2.0, "target": 15, "value": 0.0020707398334390242, "supply": [{"l": "Coffee", "v": 0.0020707398334390242}]}, {"source": 4, "prod": 645.0, "target": 15, "value": 2.1323029436961529, "supply": [{"l": "Wheat", "v": 2.1323029436961529}]}, {"source": 28, "prod": 10.0, "target": 15, "value": 0.033164192644921875, "supply": [{"l": "Treenuts", "v": 0.033164192644921875}]}, {"source": 29, "prod": 21.0, "target": 15, "value": 0.033016796233166661, "supply": [{"l": "Eggs", "v": 0.033016796233166661}]}, {"source": 7, "prod": 488.0, "target": 15, "value": 0.16971033722914652, "supply": [{"l": "Vegetables, Other", "v": 0.16971033722914652}]}, {"source": 30, "prod": 1.0, "target": 15, "value": 0.00424501665855, "supply": [{"l": "Peas", "v": 0.00424501665855}]}, {"source": 31, "prod": 2.0, "target": 15, "value": 0.002927597695551724, "supply": [{"l": "Marine Fish, Other", "v": 0.002927597695551724}]}, {"source": 32, "prod": 6.0, "target": 15, "value": 0.0043538632395384615, "supply": [{"l": "Grapes", "v": 0.0043538632395384615}]}, {"source": 33, "prod": 2.0, "target": 15, "value": 0.0018063900674680853, "supply": [{"l": "Wine", "v": 0.0018063900674680853}]}, {"source": 34, "prod": 18.0, "target": 15, "value": 0.18556787107375711, "supply": [{"l": "Sunflowerseed Oil", "v": 0.18556787107375711}]}, {"source": 35, "prod": 28.0, "target": 15, "value": 0.052342223753130274, "supply": [{"l": "Pigmeat", "v": 0.052342223753130274}]}, {"source": 36, "prod": 28.0, "target": 15, "value": 0.042690904770294892, "supply": [{"l": "Poultry Meat", "v": 0.042690904770294892}]}, {"source": 37, "prod": 8.0, "target": 15, "value": 0.056239711145121024, "supply": [{"l": "Cocoa Beans", "v": 0.056239711145121024}]}, {"source": 6, "prod": 511.0, "target": 15, "value": 0.397088001884907, "supply": [{"l": "Potatoes", "v": 0.397088001884907}]}, {"source": 38, "prod": 1.0, "target": 15, "value": 0.001018803998052, "supply": [{"l": "Freshwater Fish", "v": 0.001018803998052}]}, {"source": 8, "prod": 959.0, "target": 15, "value": 0.7214043835715982, "supply": [{"l": "Milk - Excluding Butter", "v": 0.7214043835715982}]}, {"source": 3, "prod": 10.0, "target": 15, "value": 0.010997452483290157, "supply": [{"l": "Pelagic Fish", "v": 0.010997452483290157}]}, {"source": 39, "prod": 31.0, "target": 15, "value": 0.12241443387446513, "supply": [{"l": "Beans", "v": 0.12241443387446513}]}, {"source": 10, "prod": 106.0, "target": 15, "value": 0.057518514803165201, "supply": [{"l": "Apples", "v": 0.057518514803165201}]}, {"source": 11, "prod": 13.0, "target": 15, "value": 0.013244451974675999, "supply": [{"l": "Fish, Seafood", "v": 0.013244451974675999}]}, {"source": 40, "prod": 4.0, "target": 15, "value": 0.0044684385879473695, "supply": [{"l": "Meat, Other", "v": 0.0044684385879473695}]}, {"source": 41, "prod": 1.0, "target": 15, "value": 0.0030321547561071431, "supply": [{"l": "Cereals, Other", "v": 0.0030321547561071431}]}, {"source": 42, "prod": 45.0, "target": 15, "value": 0.12472471625636597, "supply": [{"l": "Mutton & Goat Meat", "v": 0.12472471625636597}]}, {"source": 43, "prod": 5.0, "target": 15, "value": 0.01020436696766827, "supply": [{"l": "Sweeteners, Other", "v": 0.01020436696766827}]}, {"source": 44, "prod": 1.0, "target": 15, "value": 0.00054262749814306787, "supply": [{"l": "Pineapples", "v": 0.00054262749814306787}]}, {"source": 45, "prod": 5.0, "target": 15, "value": 0.0043316496515816323, "supply": [{"l": "Bananas", "v": 0.0043316496515816323}]}, {"source": 46, "prod": 4.0, "target": 15, "value": 0.0022052034589870131, "supply": [{"l": "Tea", "v": 0.0022052034589870131}]}, {"source": 47, "prod": 33.0, "target": 15, "value": 0.017760450045280506, "supply": [{"l": "Fruits, Other", "v": 0.017760450045280506}]}, {"source": 48, "prod": 1.0, "target": 15, "value": 0.0040428730081428577, "supply": [{"l": "Honey", "v": 0.0040428730081428577}]}, {"source": 49, "prod": 16.0, "target": 15, "value": 0.020376079961040006, "supply": [{"l": "Offals, Edible", "v": 0.020376079961040006}]}, {"source": 50, "prod": 12.0, "target": 15, "value": 0.0044881233394361234, "supply": [{"l": "Oranges, Mandarines", "v": 0.0044881233394361234}]}, {"source": 51, "prod": 75.0, "target": 15, "value": 0.18974606685826406, "supply": [{"l": "Bovine Meat", "v": 0.18974606685826406}]}, {"source": 52, "prod": 11.0, "target": 15, "value": 0.11241433003197222, "supply": [{"l": "Cottonseed Oil", "v": 0.11241433003197222}]}, {"source": 53, "prod": 107.0, "target": 15, "value": 0.03750211414231399, "supply": [{"l": "Onions", "v": 0.03750211414231399}]}, {"source": 0, "prod": 22.0, "target": 54, "value": 0.1334148092687143, "supply": [{"l": "Sunflower seed", "v": 0.1334148092687143}]}, {"source": 4, "prod": 62.0, "target": 54, "value": 0.20496555427776975, "supply": [{"l": "Wheat", "v": 0.20496555427776975}]}, {"source": 55, "prod": 47.0, "target": 54, "value": 0.054624444340000002, "supply": [{"l": "Cottonseed", "v": 0.054624444340000002}]}, {"source": 6, "prod": 10.0, "target": 54, "value": 0.0077708023852232286, "supply": [{"l": "Potatoes", "v": 0.0077708023852232286}]}, {"source": 14, "prod": 3.0, "target": 54, "value": 0.0096315504017521012, "supply": [{"l": "Barley", "v": 0.0096315504017521012}]}, {"source": 32, "prod": 2.0, "target": 54, "value": 0.0014512877465128206, "supply": [{"l": "Grapes", "v": 0.0014512877465128206}]}, {"source": 56, "prod": 98.0, "target": 54, "value": 0.11389777756000001, "supply": [{"l": "Sugar beet", "v": 0.11389777756000001}]}, {"source": 10, "prod": 1.0, "target": 54, "value": 0.00054262749814306787, "supply": [{"l": "Apples", "v": 0.00054262749814306787}]}, {"source": 2, "prod": 5.0, "target": 57, "value": 0.015836086643811247, "supply": [{"l": "Maize", "v": 0.015836086643811247}]}, {"source": 58, "prod": 10.0, "target": 57, "value": 0.0090319503373404251, "supply": [{"l": "Alcohol, Non-Food", "v": 0.0090319503373404251}]}, {"source": 26, "prod": 11.0, "target": 57, "value": 0.10006110695153574, "supply": [{"l": "Fats, Animals, Raw", "v": 0.10006110695153574}]}, {"source": 55, "prod": 1.0, "target": 57, "value": 0.0011622222200000001, "supply": [{"l": "Cottonseed", "v": 0.0011622222200000001}]}, {"source": 51, "prod": 22.0, "target": 57, "value": 0.055658846278424122, "supply": [{"l": "Bovine Meat", "v": 0.055658846278424122}]}, {"source": 29, "prod": 1.0, "target": 57, "value": 0.0015722283920555555, "supply": [{"l": "Eggs", "v": 0.0015722283920555555}]}, {"source": 19, "prod": 4.0, "target": 57, "value": 0.039797031173906254, "supply": [{"l": "Oilcrops Oil, Other", "v": 0.039797031173906254}]}, {"source": 34, "prod": 10.0, "target": 57, "value": 0.10309326170764285, "supply": [{"l": "Sunflowerseed Oil", "v": 0.10309326170764285}]}, {"source": 36, "prod": 5.0, "target": 57, "value": 0.0076233758518383741, "supply": [{"l": "Poultry Meat", "v": 0.0076233758518383741}]}, {"source": 49, "prod": 8.0, "target": 57, "value": 0.010188039980520003, "supply": [{"l": "Offals, Edible", "v": 0.010188039980520003}]}, {"source": 59, "prod": 4.0, "target": 57, "value": 0.039797031173906254, "supply": [{"l": "Palm Oil", "v": 0.039797031173906254}]}, {"source": 40, "prod": 15.0, "target": 57, "value": 0.016756644704802634, "supply": [{"l": "Meat, Other", "v": 0.016756644704802634}]}, {"source": 24, "prod": 11.0, "target": 57, "value": 0.093390366488100007, "supply": [{"l": "Butter, Ghee", "v": 0.093390366488100007}]}, {"source": 0, "prod": 2.0, "target": 0, "value": 0.012128619024428572, "supply": [{"l": "Sunflower seed", "v": 0.012128619024428572}]}, {"source": 2, "prod": 5.0, "target": 2, "value": 0.015836086643811247, "supply": [{"l": "Maize", "v": 0.015836086643811247}]}, {"source": 4, "prod": 47.0, "target": 4, "value": 0.15537711372669644, "supply": [{"l": "Wheat", "v": 0.15537711372669644}]}, {"source": 55, "prod": 2.0, "target": 55, "value": 0.0023244444400000001, "supply": [{"l": "Cottonseed", "v": 0.0023244444400000001}]}, {"source": 6, "prod": 274.0, "target": 6, "value": 0.21291998535511644, "supply": [{"l": "Potatoes", "v": 0.21291998535511644}]}, {"source": 14, "prod": 28.0, "target": 14, "value": 0.089894470416352942, "supply": [{"l": "Barley", "v": 0.089894470416352942}]}, {"source": 0, "prod": 1.0, "target": 60, "value": 0.0060643095122142861, "supply": [{"l": "Sunflower seed", "v": 0.0060643095122142861}]}, {"source": 2, "prod": 1.0, "target": 60, "value": 0.0031672173287622496, "supply": [{"l": "Maize", "v": 0.0031672173287622496}]}, {"source": 35, "prod": 1.0, "target": 60, "value": 0.0018693651340403669, "supply": [{"l": "Pigmeat", "v": 0.0018693651340403669}]}, {"source": 4, "prod": 31.0, "target": 60, "value": 0.10248277713888487, "supply": [{"l": "Wheat", "v": 0.10248277713888487}]}, {"source": 55, "prod": 1.0, "target": 60, "value": 0.0011622222200000001, "supply": [{"l": "Cottonseed", "v": 0.0011622222200000001}]}, {"source": 6, "prod": 63.0, "target": 60, "value": 0.048956055026906337, "supply": [{"l": "Potatoes", "v": 0.048956055026906337}]}, {"source": 10, "prod": 7.0, "target": 60, "value": 0.003798392487001475, "supply": [{"l": "Apples", "v": 0.003798392487001475}]}, {"source": 7, "prod": 36.0, "target": 60, "value": 0.012519615041494417, "supply": [{"l": "Vegetables, Other", "v": 0.012519615041494417}]}, {"source": 47, "prod": 3.0, "target": 60, "value": 0.0016145863677527736, "supply": [{"l": "Fruits, Other", "v": 0.0016145863677527736}]}, {"source": 18, "prod": 1.0, "target": 60, "value": 0.0040428730081428577, "supply": [{"l": "Sugar", "v": 0.0040428730081428577}]}, {"source": 8, "prod": 12.0, "target": 60, "value": 0.0090269578757655664, "supply": [{"l": "Milk - Excluding Butter", "v": 0.0090269578757655664}]}, {"source": 14, "prod": 4.0, "target": 60, "value": 0.012842067202336134, "supply": [{"l": "Barley", "v": 0.012842067202336134}]}, {"source": 32, "prod": 1.0, "target": 60, "value": 0.00072564387325641032, "supply": [{"l": "Grapes", "v": 0.00072564387325641032}]}, {"source": 53, "prod": 2.0, "target": 60, "value": 0.00070097409611801843, "supply": [{"l": "Onions", "v": 0.00070097409611801843}]}, {"source": 25, "prod": 5.0, "target": 60, "value": 0.0010167704571377248, "supply": [{"l": "Tomatoes", "v": 0.0010167704571377248}]}, {"source": 42, "prod": 2.0, "target": 60, "value": 0.0055433207225051547, "supply": [{"l": "Mutton & Goat Meat", "v": 0.0055433207225051547}]}, {"source": 61, "prod": 2.0, "target": 21, "value": 0.0084900333171, "supply": [{"l": "Infant food", "v": 0.0084900333171}]}, {"source": 61, "prod": 8.0, "target": 25, "value": 0.0016268327314203595, "supply": [{"l": "Tomatoes", "v": 0.0016268327314203595}]}, {"source": 61, "prod": 2.0, "target": 28, "value": 0.0066328385289843748, "supply": [{"l": "Treenuts", "v": 0.0066328385289843748}]}, {"source": 61, "prod": 1.0, "target": 16, "value": 0.0032653974296538461, "supply": [{"l": "Rye", "v": 0.0032653974296538461}]}, {"source": 61, "prod": 52.0, "target": 10, "value": 0.028216629903439528, "supply": [{"l": "Apples", "v": 0.028216629903439528}]}, {"source": 61, "prod": 4.0, "target": 46, "value": 0.0022052034589870131, "supply": [{"l": "Tea", "v": 0.0022052034589870131}]}, {"source": 61, "prod": 4.0, "target": 7, "value": 0.001391068337943824, "supply": [{"l": "Vegetables, Other", "v": 0.001391068337943824}]}, {"source": 61, "prod": 41.0, "target": 23, "value": 0.17882618497513278, "supply": [{"l": "Rice", "v": 0.17882618497513278}]}, {"source": 61, "prod": 462.0, "target": 4, "value": 1.5273239689730584, "supply": [{"l": "Wheat", "v": 1.5273239689730584}]}, {"source": 61, "prod": 9.0, "target": 14, "value": 0.028894651205256298, "supply": [{"l": "Barley", "v": 0.028894651205256298}]}, {"source": 61, "prod": 2.0, "target": 27, "value": 0.0020707398334390242, "supply": [{"l": "Coffee", "v": 0.0020707398334390242}]}, {"source": 61, "prod": 2.0, "target": 41, "value": 0.0060643095122142861, "supply": [{"l": "Cereals, Other", "v": 0.0060643095122142861}]}, {"source": 61, "prod": 112.0, "target": 1, "value": 0.14749576280711274, "supply": [{"l": "Pigmeat", "v": 0.018693651340403669}, {"l": "Freshwater Fish", "v": 0.001018803998052}, {"l": "Milk - Excluding Butter", "v": 0.014292683303295481}, {"l": "Pelagic Fish", "v": 0.016496178724935237}, {"l": "Fish, Seafood", "v": 0.018338471964936001}, {"l": "Eggs", "v": 0.0015722283920555555}, {"l": "Poultry Meat", "v": 0.064036357155442328}, {"l": "Marine Fish, Other", "v": 0.002927597695551724}, {"l": "Bovine Meat", "v": 0.010119790232440749}]}, {"source": 61, "prod": 2.0, "target": 17, "value": 0.0068468010621774199, "supply": [{"l": "Nuts", "v": 0.0068468010621774199}]}, {"source": 61, "prod": 10.0, "target": 37, "value": 0.070299638931401273, "supply": [{"l": "Cocoa Beans", "v": 0.070299638931401273}]}, {"source": 61, "prod": 13.0, "target": 50, "value": 0.0048621336177224663, "supply": [{"l": "Oranges, Mandarines", "v": 0.0048621336177224663}]}, {"source": 61, "prod": 1.0, "target": 6, "value": 0.00077708023852232286, "supply": [{"l": "Potatoes", "v": 0.00077708023852232286}]}, {"source": 61, "prod": 1.0, "target": 53, "value": 0.00035048704805900921, "supply": [{"l": "Onions", "v": 0.00035048704805900921}]}, {"source": 61, "prod": 5.0, "target": 45, "value": 0.0043316496515816323, "supply": [{"l": "Bananas", "v": 0.0043316496515816323}]}, {"source": 61, "prod": 2.0, "target": 32, "value": 0.0014512877465128206, "supply": [{"l": "Grapes", "v": 0.0014512877465128206}]}, {"source": 61, "prod": 169.0, "target": 54, "value": 0.79501930230452933, "supply": [{"l": "Sugar", "v": 0.33151558666771436}, {"l": "Cottonseed Oil", "v": 0.030658453645083333}, {"l": "Beer", "v": 0.017703432701576236}, {"l": "Beverages, Alcoholic", "v": 0.0067811767708466451}, {"l": "Oilcrops Oil, Other", "v": 0.079594062347812508}, {"l": "Fats, Animals, Raw", "v": 0.08186817841489287}, {"l": "Butter, Ghee", "v": 0.0084900333171000018}, {"l": "Wine", "v": 0.00090319503373404266}, {"l": "Sweeteners, Other", "v": 0.022449607328870198}, {"l": "Palm Oil", "v": 0.039797031173906254}, {"l": "Sunflowerseed Oil", "v": 0.17525854490299284}]}, {"source": 61, "prod": 5.0, "target": 2, "value": 0.015836086643811247, "supply": [{"l": "Maize", "v": 0.015836086643811247}]}, {"source": 61, "prod": 7.0, "target": 47, "value": 0.0037673681914231383, "supply": [{"l": "Fruits, Other", "v": 0.0037673681914231383}]}, {"source": 61, "prod": 1.0, "target": 44, "value": 0.00054262749814306787, "supply": [{"l": "Pineapples", "v": 0.00054262749814306787}]}, {"source": 17, "prod": 8.0, "target": 62, "value": 0.02738720424870968, "supply": [{"l": "Nuts", "v": 0.02738720424870968}]}, {"source": 47, "prod": 64.0, "target": 62, "value": 0.034444509178725838, "supply": [{"l": "Fruits, Other", "v": 0.034444509178725838}]}, {"source": 18, "prod": 2.0, "target": 62, "value": 0.0080857460162857154, "supply": [{"l": "Sugar", "v": 0.0080857460162857154}]}, {"source": 63, "prod": 1.0, "target": 62, "value": 0.00054262749814306787, "supply": [{"l": "Citrus, Other", "v": 0.00054262749814306787}]}, {"source": 21, "prod": 1.0, "target": 62, "value": 0.00424501665855, "supply": [{"l": "Infant food", "v": 0.00424501665855}]}, {"source": 23, "prod": 1.0, "target": 62, "value": 0.0043616142676861655, "supply": [{"l": "Rice", "v": 0.0043616142676861655}]}, {"source": 25, "prod": 17.0, "target": 62, "value": 0.0034570195542682641, "supply": [{"l": "Tomatoes", "v": 0.0034570195542682641}]}, {"source": 26, "prod": 7.0, "target": 62, "value": 0.063675249878250004, "supply": [{"l": "Fats, Animals, Raw", "v": 0.063675249878250004}]}, {"source": 4, "prod": 4.0, "target": 62, "value": 0.013223584146952887, "supply": [{"l": "Wheat", "v": 0.013223584146952887}]}, {"source": 28, "prod": 8.0, "target": 62, "value": 0.026531354115937499, "supply": [{"l": "Treenuts", "v": 0.026531354115937499}]}, {"source": 7, "prod": 58.0, "target": 62, "value": 0.020170490900185446, "supply": [{"l": "Vegetables, Other", "v": 0.020170490900185446}]}, {"source": 30, "prod": 1.0, "target": 62, "value": 0.00424501665855, "supply": [{"l": "Peas", "v": 0.00424501665855}]}, {"source": 32, "prod": 5.0, "target": 62, "value": 0.0036282193662820518, "supply": [{"l": "Grapes", "v": 0.0036282193662820518}]}, {"source": 37, "prod": 2.0, "target": 62, "value": 0.014059927786280256, "supply": [{"l": "Cocoa Beans", "v": 0.014059927786280256}]}, {"source": 6, "prod": 2.0, "target": 62, "value": 0.0015541604770446457, "supply": [{"l": "Potatoes", "v": 0.0015541604770446457}]}, {"source": 8, "prod": 52.0, "target": 62, "value": 0.039116817461650785, "supply": [{"l": "Milk - Excluding Butter", "v": 0.039116817461650785}]}, {"source": 39, "prod": 33.0, "target": 62, "value": 0.13031213928572094, "supply": [{"l": "Beans", "v": 0.13031213928572094}]}, {"source": 10, "prod": 20.0, "target": 62, "value": 0.010852549962861358, "supply": [{"l": "Apples", "v": 0.010852549962861358}]}, {"source": 11, "prod": 1.0, "target": 62, "value": 0.001018803998052, "supply": [{"l": "Fish, Seafood", "v": 0.001018803998052}]}, {"source": 43, "prod": 3.0, "target": 62, "value": 0.0061226201806009618, "supply": [{"l": "Sweeteners, Other", "v": 0.0061226201806009618}]}, {"source": 3, "prod": 1.0, "target": 62, "value": 0.0010997452483290156, "supply": [{"l": "Pelagic Fish", "v": 0.0010997452483290156}]}, {"source": 50, "prod": 1.0, "target": 62, "value": 0.00037401027828634365, "supply": [{"l": "Oranges, Mandarines", "v": 0.00037401027828634365}]}, {"source": 53, "prod": 11.0, "target": 62, "value": 0.0038553575286491022, "supply": [{"l": "Onions", "v": 0.0038553575286491022}]}, {"source": 64, "prod": 3.0, "target": 17, "value": 0.01027020159326613, "supply": [{"l": "Nuts", "v": 0.01027020159326613}]}, {"source": 47, "prod": 1.0, "target": 65, "value": 0.00053819545591759122, "supply": [{"l": "Fruits, Other", "v": 0.00053819545591759122}]}, {"source": 55, "prod": 12.0, "target": 65, "value": 0.013946666640000001, "supply": [{"l": "Cottonseed", "v": 0.013946666640000001}]}, {"source": 39, "prod": 2.0, "target": 65, "value": 0.0078977054112558138, "supply": [{"l": "Beans", "v": 0.0078977054112558138}]}, {"source": 64, "prod": 2.0, "target": 32, "value": 0.0014512877465128206, "supply": [{"l": "Grapes", "v": 0.0014512877465128206}]}, {"source": 43, "prod": 5.0, "target": 65, "value": 0.01020436696766827, "supply": [{"l": "Sweeteners, Other", "v": 0.01020436696766827}]}, {"source": 36, "prod": 15.0, "target": 65, "value": 0.022870127555515124, "supply": [{"l": "Poultry Meat", "v": 0.022870127555515124}]}, {"source": 64, "prod": 24.0, "target": 54, "value": 0.10956185852067145, "supply": [{"l": "Sunflowerseed Oil", "v": 0.020618652341528571}, {"l": "Sugar", "v": 0.088943206179142878}]}, {"source": 64, "prod": 3.0, "target": 28, "value": 0.0099492577934765635, "supply": [{"l": "Treenuts", "v": 0.0099492577934765635}]}, {"source": 1, "prod": 48.0, "target": 36, "value": 0.073184408177648388, "supply": [{"l": "Poultry Meat", "v": 0.073184408177648388}]}, {"source": 1, "prod": 29.0, "target": 35, "value": 0.054211588887170641, "supply": [{"l": "Pigmeat", "v": 0.054211588887170641}]}, {"source": 1, "prod": 15.0, "target": 3, "value": 0.016496178724935237, "supply": [{"l": "Pelagic Fish", "v": 0.016496178724935237}]}, {"source": 1, "prod": 97.0, "target": 51, "value": 0.24540491313668819, "supply": [{"l": "Bovine Meat", "v": 0.24540491313668819}]}, {"source": 1, "prod": 22.0, "target": 29, "value": 0.034589024625222217, "supply": [{"l": "Eggs", "v": 0.034589024625222217}]}, {"source": 1, "prod": 1293.0, "target": 8, "value": 0.9726547111137398, "supply": [{"l": "Milk - Excluding Butter", "v": 0.9726547111137398}]}, {"source": 1, "prod": 24.0, "target": 49, "value": 0.030564119941560011, "supply": [{"l": "Offals, Edible", "v": 0.030564119941560011}]}, {"source": 1, "prod": 2.0, "target": 31, "value": 0.002927597695551724, "supply": [{"l": "Marine Fish, Other", "v": 0.002927597695551724}]}, {"source": 1, "prod": 18.0, "target": 11, "value": 0.018338471964936001, "supply": [{"l": "Fish, Seafood", "v": 0.018338471964936001}]}, {"source": 1, "prod": 19.0, "target": 40, "value": 0.021225083292750004, "supply": [{"l": "Meat, Other", "v": 0.021225083292750004}]}, {"source": 1, "prod": 1.0, "target": 38, "value": 0.001018803998052, "supply": [{"l": "Freshwater Fish", "v": 0.001018803998052}]}, {"source": 1, "prod": 47.0, "target": 42, "value": 0.13026803697887113, "supply": [{"l": "Mutton & Goat Meat", "v": 0.13026803697887113}]}, {"source": 54, "prod": 19.0, "target": 26, "value": 0.17283282109810716, "supply": [{"l": "Fats, Animals, Raw", "v": 0.17283282109810716}]}, {"source": 54, "prod": 13.0, "target": 43, "value": 0.026531354115937503, "supply": [{"l": "Sweeteners, Other", "v": 0.026531354115937503}]}, {"source": 54, "prod": 10.0, "target": 58, "value": 0.0090319503373404251, "supply": [{"l": "Alcohol, Non-Food", "v": 0.0090319503373404251}]}, {"source": 54, "prod": 116.0, "target": 18, "value": 0.46897326894457148, "supply": [{"l": "Sugar", "v": 0.46897326894457148}]}, {"source": 54, "prod": 1.0, "target": 48, "value": 0.0040428730081428577, "supply": [{"l": "Honey", "v": 0.0040428730081428577}]}, {"source": 54, "prod": 4.0, "target": 59, "value": 0.039797031173906254, "supply": [{"l": "Palm Oil", "v": 0.039797031173906254}]}, {"source": 54, "prod": 46.0, "target": 20, "value": 0.026269609815242158, "supply": [{"l": "Beer", "v": 0.026269609815242158}]}, {"source": 54, "prod": 16.0, "target": 22, "value": 0.054249414166773161, "supply": [{"l": "Beverages, Alcoholic", "v": 0.054249414166773161}]}, {"source": 54, "prod": 28.0, "target": 34, "value": 0.28866113278139993, "supply": [{"l": "Sunflowerseed Oil", "v": 0.28866113278139993}]}, {"source": 54, "prod": 11.0, "target": 52, "value": 0.11241433003197222, "supply": [{"l": "Cottonseed Oil", "v": 0.11241433003197222}]}, {"source": 54, "prod": 7.0, "target": 19, "value": 0.069644804554335943, "supply": [{"l": "Oilcrops Oil, Other", "v": 0.069644804554335943}]}, {"source": 54, "prod": 15.0, "target": 24, "value": 0.12735049975650001, "supply": [{"l": "Butter, Ghee", "v": 0.12735049975650001}]}, {"source": 54, "prod": 2.0, "target": 33, "value": 0.0018063900674680853, "supply": [{"l": "Wine", "v": 0.0018063900674680853}]}, {"source": 0, "prod": 53.5, "target": 66, "value": 0.32444055890346435, "supply": [{"l": "Sunflower seed", "v": 0.32444055890346435}]}, {"source": 2, "prod": 929.0, "target": 66, "value": 3.2391133271400001, "supply": [{"l": "Maize", "v": 3.2391133271400001}]}, {"source": 7, "prod": 644.5, "target": 66, "value": 2.2471566623699997, "supply": [{"l": "Vegetables, Other", "v": 2.2471566623699997}]}, {"source": 4, "prod": 1954.0, "target": 66, "value": 6.812946653640001, "supply": [{"l": "Wheat", "v": 6.812946653640001}]}, {"source": 5, "prod": 6.0, "target": 66, "value": 0.015236930291016949, "supply": [{"l": "Oats", "v": 0.015236930291016949}]}, {"source": 55, "prod": 63.0, "target": 66, "value": 0.07321999986000001, "supply": [{"l": "Cottonseed", "v": 0.07321999986000001}]}, {"source": 6, "prod": 668.0, "target": 66, "value": 2.3290933288800004, "supply": [{"l": "Potatoes", "v": 2.3290933288800004}]}, {"source": 16, "prod": 1.0, "target": 66, "value": 0.0034866666600000002, "supply": [{"l": "Rye", "v": 0.0034866666600000002}]}, {"source": 30, "prod": 1.5, "target": 66, "value": 0.0052299999899999994, "supply": [{"l": "Peas", "v": 0.0052299999899999994}]}, {"source": 39, "prod": 66.5, "target": 66, "value": 0.23186333289000002, "supply": [{"l": "Beans", "v": 0.23186333289000002}]}, {"source": 14, "prod": 430.0, "target": 66, "value": 1.4992666638000003, "supply": [{"l": "Barley", "v": 1.4992666638000003}]}, {"source": 56, "prod": 39.200000000000003, "target": 66, "value": 0.04555911102400001, "supply": [{"l": "Sugar beet", "v": 0.04555911102400001}]}, {"source": 9, "prod": 1.0, "target": 66, "value": 0.0011622222200000001, "supply": [{"l": "Rape and Mustardseed", "v": 0.0011622222200000001}]}, {"source": 12, "prod": 13.0, "target": 66, "value": 0.0424501665855, "supply": [{"l": "Oilcrops, Other", "v": 0.0424501665855}]}, {"source": 23, "prod": 64.0, "target": 66, "value": 0.22314666624000004, "supply": [{"l": "Rice", "v": 0.22314666624000004}]}, {"source": 53, "prod": 119.5, "target": 66, "value": 0.41665666586999994, "supply": [{"l": "Onions", "v": 0.41665666586999994}]}, {"source": 41, "prod": 1.0, "target": 66, "value": 0.0034866666600000002, "supply": [{"l": "Cereals, Other", "v": 0.0034866666600000002}]}, {"source": 25, "prod": 191.5, "target": 66, "value": 0.66769666539000005, "supply": [{"l": "Tomatoes", "v": 0.66769666539000005}]}, {"source": 13, "prod": 3.0, "target": 66, "value": 0.078974871047565287, "supply": [{"l": "Pulses, Other", "v": 0.078974871047565287}]}, {"source": 67, "prod": 0, "target": 2, "value": 9.8220663188518294e-05, "supply": "[{\"l\":'Energy for power irrigation',\"v\":9.8220663188518294e-05}]"}, {"source": 67, "prod": 0, "target": 17, "value": 3.2775463496706856e-06, "supply": "[{\"l\":'Energy for power irrigation',\"v\":3.2775463496706856e-06}]"}, {"source": 67, "prod": 0, "target": 63, "value": 2.1145460320456039e-07, "supply": "[{\"l\":'Energy for power irrigation',\"v\":2.1145460320456039e-07}]"}, {"source": 67, "prod": 0, "target": 14, "value": 4.5462739688980483e-05, "supply": "[{\"l\":'Energy for power irrigation',\"v\":4.5462739688980483e-05}]"}, {"source": 67, "prod": 0, "target": 23, "value": 6.7665473025459324e-06, "supply": "[{\"l\":'Energy for power irrigation',\"v\":6.7665473025459324e-06}]"}, {"source": 67, "prod": 0, "target": 25, "value": 4.0493556513673313e-05, "supply": "[{\"l\":'Energy for power irrigation',\"v\":4.0493556513673313e-05}]"}, {"source": 67, "prod": 0, "target": 0, "value": 1.131282127144398e-05, "supply": "[{\"l\":'Energy for power irrigation',\"v\":1.131282127144398e-05}]"}, {"source": 67, "prod": 0, "target": 4, "value": 0.00020659114733085547, "supply": "[{\"l\":'Energy for power irrigation',\"v\":0.00020659114733085547}]"}, {"source": 67, "prod": 0, "target": 28, "value": 3.2775463496706856e-06, "supply": "[{\"l\":'Energy for power irrigation',\"v\":3.2775463496706856e-06}]"}, {"source": 67, "prod": 0, "target": 7, "value": 0.00013628249176533916, "supply": "[{\"l\":'Energy for power irrigation',\"v\":0.00013628249176533916}]"}, {"source": 67, "prod": 0, "target": 30, "value": 3.1718190480684056e-07, "supply": "[{\"l\":'Energy for power irrigation',\"v\":3.1718190480684056e-07}]"}, {"source": 67, "prod": 0, "target": 32, "value": 2.5374552384547244e-06, "supply": "[{\"l\":'Energy for power irrigation',\"v\":2.5374552384547244e-06}]"}, {"source": 67, "prod": 0, "target": 6, "value": 0.00028250334988129264, "supply": "[{\"l\":'Energy for power irrigation',\"v\":0.00028250334988129264}]"}, {"source": 67, "prod": 0, "target": 12, "value": 2.7489098416592848e-06, "supply": "[{\"l\":'Energy for power irrigation',\"v\":2.7489098416592848e-06}]"}, {"source": 67, "prod": 0, "target": 5, "value": 6.3436380961368111e-07, "supply": "[{\"l\":'Energy for power irrigation',\"v\":6.3436380961368111e-07}]"}, {"source": 67, "prod": 0, "target": 55, "value": 1.3321640001887304e-05, "supply": "[{\"l\":'Energy for power irrigation',\"v\":1.3321640001887304e-05}]"}, {"source": 67, "prod": 0, "target": 47, "value": 2.0616823812444636e-05, "supply": "[{\"l\":'Energy for power irrigation',\"v\":2.0616823812444636e-05}]"}, {"source": 67, "prod": 0, "target": 39, "value": 1.4061731113103265e-05, "supply": "[{\"l\":'Energy for power irrigation',\"v\":1.4061731113103265e-05}]"}, {"source": 67, "prod": 0, "target": 10, "value": 2.4845915876535843e-05, "supply": "[{\"l\":'Energy for power irrigation',\"v\":2.4845915876535843e-05}]"}, {"source": 67, "prod": 0, "target": 56, "value": 2.0722551114046918e-05, "supply": "[{\"l\":'Energy for power irrigation',\"v\":2.0722551114046918e-05}]"}, {"source": 67, "prod": 0, "target": 9, "value": 2.1145460320456039e-07, "supply": "[{\"l\":'Energy for power irrigation',\"v\":2.1145460320456039e-07}]"}, {"source": 67, "prod": 0, "target": 53, "value": 2.5268825082944966e-05, "supply": "[{\"l\":'Energy for power irrigation',\"v\":2.5268825082944966e-05}]"}, {"source": 67, "prod": 0, "target": 13, "value": 6.3436380961368111e-07, "supply": "[{\"l\":'Energy for power irrigation',\"v\":6.3436380961368111e-07}]"}, {"source": 67, "prod": 0, "target": 54, "value": 1.6800000013439997, "supply": "[{\"l\":'Electricity',\"v\":1.6800000013439997}]"}, {"source": 68, "prod": 0, "target": 67, "value": 0.48605693785887094, "supply": [{"l": "Coal", "v": 0.16708334186490023}, {"l": "Natural gas", "v": 0.31897359599397068}, {"l": "Oil", "v": 0.0}]}, {"source": 69, "prod": 0, "target": 67, "value": 1.4435562006251603, "supply": [{"l": "Nuclear", "v": 0.0}, {"l": "Hydroelectric", "v": 1.4435562006251603}, {"l": "Renewable", "v": 0.0}]}, {"source": 68, "prod": 0, "target": 2, "value": 0.20530160308331644, "supply": [{"l": "Other fossil fuels", "v": 0.20530160308331644}]}, {"source": 68, "prod": 0, "target": 17, "value": 0.0068507531707027013, "supply": [{"l": "Other fossil fuels", "v": 0.0068507531707027013}]}, {"source": 68, "prod": 0, "target": 63, "value": 0.00044198407552920656, "supply": [{"l": "Other fossil fuels", "v": 0.00044198407552920656}]}, {"source": 68, "prod": 0, "target": 14, "value": 0.095026576238779414, "supply": [{"l": "Other fossil fuels", "v": 0.095026576238779414}]}, {"source": 68, "prod": 0, "target": 23, "value": 0.01414349041693461, "supply": [{"l": "Other fossil fuels", "v": 0.01414349041693461}]}, {"source": 68, "prod": 0, "target": 25, "value": 0.084639950463843053, "supply": [{"l": "Other fossil fuels", "v": 0.084639950463843053}]}, {"source": 68, "prod": 0, "target": 0, "value": 0.02364614804081255, "supply": [{"l": "Other fossil fuels", "v": 0.02364614804081255}]}, {"source": 68, "prod": 0, "target": 4, "value": 0.43181844179203482, "supply": [{"l": "Other fossil fuels", "v": 0.43181844179203482}]}, {"source": 68, "prod": 0, "target": 28, "value": 0.0068507531707027013, "supply": [{"l": "Other fossil fuels", "v": 0.0068507531707027013}]}, {"source": 68, "prod": 0, "target": 7, "value": 0.28485873667857364, "supply": [{"l": "Other fossil fuels", "v": 0.28485873667857364}]}, {"source": 68, "prod": 0, "target": 30, "value": 0.00066297611329380979, "supply": [{"l": "Other fossil fuels", "v": 0.00066297611329380979}]}, {"source": 68, "prod": 0, "target": 32, "value": 0.0053038089063504783, "supply": [{"l": "Other fossil fuels", "v": 0.0053038089063504783}]}, {"source": 68, "prod": 0, "target": 6, "value": 0.59049072490701993, "supply": [{"l": "Other fossil fuels", "v": 0.59049072490701993}]}, {"source": 68, "prod": 0, "target": 12, "value": 0.0057457929818796856, "supply": [{"l": "Other fossil fuels", "v": 0.0057457929818796856}]}, {"source": 68, "prod": 0, "target": 5, "value": 0.0013259522265876196, "supply": [{"l": "Other fossil fuels", "v": 0.0013259522265876196}]}, {"source": 68, "prod": 0, "target": 55, "value": 0.027844996758340013, "supply": [{"l": "Other fossil fuels", "v": 0.027844996758340013}]}, {"source": 68, "prod": 0, "target": 47, "value": 0.043093447364097634, "supply": [{"l": "Other fossil fuels", "v": 0.043093447364097634}]}, {"source": 68, "prod": 0, "target": 39, "value": 0.029391941022692238, "supply": [{"l": "Other fossil fuels", "v": 0.029391941022692238}]}, {"source": 68, "prod": 0, "target": 10, "value": 0.051933128874681773, "supply": [{"l": "Other fossil fuels", "v": 0.051933128874681773}]}, {"source": 68, "prod": 0, "target": 56, "value": 0.043314439401862241, "supply": [{"l": "Other fossil fuels", "v": 0.043314439401862241}]}, {"source": 68, "prod": 0, "target": 9, "value": 0.00044198407552920656, "supply": [{"l": "Other fossil fuels", "v": 0.00044198407552920656}]}, {"source": 68, "prod": 0, "target": 53, "value": 0.052817097025740188, "supply": [{"l": "Other fossil fuels", "v": 0.052817097025740188}]}, {"source": 68, "prod": 0, "target": 13, "value": 0.0013259522265876196, "supply": [{"l": "Other fossil fuels", "v": 0.0013259522265876196}]}, {"source": 70, "prod": 2.5670362349560847, "target": 2, "value": 0.043088927329305866, "supply": [{"l": "Potash", "v": 0.002382213035794251}, {"l": "Phosphate", "v": 0.0073519583392149005}, {"l": "Nitrogen", "v": 0.413362916997357}]}, {"source": 70, "prod": 0.085659982006069571, "target": 17, "value": 0.0014378436460801742, "supply": [{"l": "Potash", "v": 0.002382213035794251}, {"l": "Phosphate", "v": 0.0073519583392149005}, {"l": "Nitrogen", "v": 0.413362916997357}]}, {"source": 70, "prod": 0.005526450452004489, "target": 63, "value": 9.2764106198720927e-05, "supply": [{"l": "Potash", "v": 0.002382213035794251}, {"l": "Phosphate", "v": 0.0073519583392149005}, {"l": "Nitrogen", "v": 0.413362916997357}]}, {"source": 70, "prod": 1.1881868471809651, "target": 14, "value": 0.019944282832725001, "supply": [{"l": "Potash", "v": 0.002382213035794251}, {"l": "Phosphate", "v": 0.0073519583392149005}, {"l": "Nitrogen", "v": 0.413362916997357}]}, {"source": 70, "prod": 0.17684641446414365, "target": 23, "value": 0.0029684513983590697, "supply": [{"l": "Potash", "v": 0.002382213035794251}, {"l": "Phosphate", "v": 0.0073519583392149005}, {"l": "Nitrogen", "v": 0.413362916997357}]}, {"source": 70, "prod": 1.0583152615588596, "target": 25, "value": 0.017764326337055058, "supply": [{"l": "Potash", "v": 0.002382213035794251}, {"l": "Phosphate", "v": 0.0073519583392149005}, {"l": "Nitrogen", "v": 0.413362916997357}]}, {"source": 70, "prod": 0.29566509918224015, "target": 0, "value": 0.0049628796816315697, "supply": [{"l": "Potash", "v": 0.002382213035794251}, {"l": "Phosphate", "v": 0.0073519583392149005}, {"l": "Nitrogen", "v": 0.413362916997357}]}, {"source": 70, "prod": 5.3993420916083856, "target": 4, "value": 0.090630531756150337, "supply": [{"l": "Potash", "v": 0.002382213035794251}, {"l": "Phosphate", "v": 0.0073519583392149005}, {"l": "Nitrogen", "v": 0.413362916997357}]}, {"source": 70, "prod": 0.085659982006069571, "target": 28, "value": 0.0014378436460801742, "supply": [{"l": "Potash", "v": 0.002382213035794251}, {"l": "Phosphate", "v": 0.0073519583392149005}, {"l": "Nitrogen", "v": 0.413362916997357}]}, {"source": 70, "prod": 3.561797316316893, "target": 7, "value": 0.059786466445075633, "supply": [{"l": "Potash", "v": 0.002382213035794251}, {"l": "Phosphate", "v": 0.0073519583392149005}, {"l": "Nitrogen", "v": 0.413362916997357}]}, {"source": 70, "prod": 0.0082896756780067322, "target": 30, "value": 0.00013914615929808138, "supply": [{"l": "Potash", "v": 0.002382213035794251}, {"l": "Phosphate", "v": 0.0073519583392149005}, {"l": "Nitrogen", "v": 0.413362916997357}]}, {"source": 70, "prod": 0.066317405424053857, "target": 32, "value": 0.0011131692743846511, "supply": [{"l": "Potash", "v": 0.002382213035794251}, {"l": "Phosphate", "v": 0.0073519583392149005}, {"l": "Nitrogen", "v": 0.413362916997357}]}, {"source": 70, "prod": 7.3833378038779971, "target": 6, "value": 0.12393284588149116, "supply": [{"l": "Potash", "v": 0.002382213035794251}, {"l": "Phosphate", "v": 0.0073519583392149005}, {"l": "Nitrogen", "v": 0.413362916997357}]}, {"source": 70, "prod": 0.071843855876058349, "target": 12, "value": 0.0012059333805833721, "supply": [{"l": "Potash", "v": 0.002382213035794251}, {"l": "Phosphate", "v": 0.0073519583392149005}, {"l": "Nitrogen", "v": 0.413362916997357}]}, {"source": 70, "prod": 0.016579351356013464, "target": 5, "value": 0.00027829231859616277, "supply": [{"l": "Potash", "v": 0.002382213035794251}, {"l": "Phosphate", "v": 0.0073519583392149005}, {"l": "Nitrogen", "v": 0.413362916997357}]}, {"source": 70, "prod": 0.34816637847628279, "target": 55, "value": 0.0058441386905194181, "supply": [{"l": "Potash", "v": 0.002382213035794251}, {"l": "Phosphate", "v": 0.0073519583392149005}, {"l": "Nitrogen", "v": 0.413362916997357}]}, {"source": 70, "prod": 0.53882891907043762, "target": 47, "value": 0.00904450035437529, "supply": [{"l": "Potash", "v": 0.002382213035794251}, {"l": "Phosphate", "v": 0.0073519583392149005}, {"l": "Nitrogen", "v": 0.413362916997357}]}, {"source": 70, "prod": 0.3675089550582985, "target": 39, "value": 0.006168813062214942, "supply": [{"l": "Potash", "v": 0.002382213035794251}, {"l": "Phosphate", "v": 0.0073519583392149005}, {"l": "Nitrogen", "v": 0.413362916997357}]}, {"source": 70, "prod": 0.64935792811052739, "target": 10, "value": 0.010899782478349709, "supply": [{"l": "Potash", "v": 0.002382213035794251}, {"l": "Phosphate", "v": 0.0073519583392149005}, {"l": "Nitrogen", "v": 0.413362916997357}]}, {"source": 70, "prod": 0.54159214429643987, "target": 56, "value": 0.009090882407474651, "supply": [{"l": "Potash", "v": 0.002382213035794251}, {"l": "Phosphate", "v": 0.0073519583392149005}, {"l": "Nitrogen", "v": 0.413362916997357}]}, {"source": 70, "prod": 0.005526450452004489, "target": 9, "value": 9.2764106198720927e-05, "supply": [{"l": "Potash", "v": 0.002382213035794251}, {"l": "Phosphate", "v": 0.0073519583392149005}, {"l": "Nitrogen", "v": 0.413362916997357}]}, {"source": 70, "prod": 0.6604108290145364, "target": 53, "value": 0.011085310690747151, "supply": [{"l": "Potash", "v": 0.002382213035794251}, {"l": "Phosphate", "v": 0.0073519583392149005}, {"l": "Nitrogen", "v": 0.413362916997357}]}, {"source": 70, "prod": 0.016579351356013464, "target": 13, "value": 0.00027829231859616277, "supply": [{"l": "Potash", "v": 0.002382213035794251}, {"l": "Phosphate", "v": 0.0073519583392149005}, {"l": "Nitrogen", "v": 0.413362916997357}]}, {"source": 68, "prod": 0, "target": 70, "value": 0.50073209332581148, "supply": [{"l": "Natural gas (including LNG)", "v": 0.3401259801159785}, {"l": "Fuel oil", "v": 0.087535459941630672}, {"l": "Liquefied petroleum gas (LPG)", "v": 0.036535326634101147}, {"l": "Coal", "v": 0.036535326634101147}]}, {"source": 71, "prod": 0, "target": 2, "value": 0.038561930766396864, "supply": "[{\"l\":'Labor',\"v\":0.038561930766396864}]"}, {"source": 71, "prod": 0, "target": 16, "value": 4.1509075098381993e-05, "supply": "[{\"l\":'Labor',\"v\":4.1509075098381993e-05}]"}, {"source": 71, "prod": 0, "target": 17, "value": 0.0012867813280498417, "supply": "[{\"l\":'Labor',\"v\":0.0012867813280498417}]"}, {"source": 71, "prod": 0, "target": 63, "value": 8.3018150196763986e-05, "supply": "[{\"l\":'Labor',\"v\":8.3018150196763986e-05}]"}, {"source": 71, "prod": 0, "target": 21, "value": 8.3018150196763986e-05, "supply": "[{\"l\":'Labor',\"v\":8.3018150196763986e-05}]"}, {"source": 71, "prod": 0, "target": 14, "value": 0.017848902292304257, "supply": "[{\"l\":'Labor',\"v\":0.017848902292304257}]"}, {"source": 71, "prod": 0, "target": 37, "value": 0.0004150907509838199, "supply": "[{\"l\":'Labor',\"v\":0.0004150907509838199}]"}, {"source": 71, "prod": 0, "target": 23, "value": 0.0026565808062964475, "supply": "[{\"l\":'Labor',\"v\":0.0026565808062964475}]"}, {"source": 71, "prod": 0, "target": 25, "value": 0.015897975762680303, "supply": "[{\"l\":'Labor',\"v\":0.015897975762680303}]"}, {"source": 71, "prod": 0, "target": 0, "value": 0.0044414710355268729, "supply": "[{\"l\":'Labor',\"v\":0.0044414710355268729}]"}, {"source": 71, "prod": 0, "target": 27, "value": 8.3018150196763986e-05, "supply": "[{\"l\":'Labor',\"v\":8.3018150196763986e-05}]"}, {"source": 71, "prod": 0, "target": 4, "value": 0.081108732742238399, "supply": "[{\"l\":'Labor',\"v\":0.081108732742238399}]"}, {"source": 71, "prod": 0, "target": 28, "value": 0.0012867813280498417, "supply": "[{\"l\":'Labor',\"v\":0.0012867813280498417}]"}, {"source": 71, "prod": 0, "target": 7, "value": 0.053505197801814383, "supply": "[{\"l\":'Labor',\"v\":0.053505197801814383}]"}, {"source": 71, "prod": 0, "target": 30, "value": 0.00012452722529514597, "supply": "[{\"l\":'Labor',\"v\":0.00012452722529514597}]"}, {"source": 71, "prod": 0, "target": 32, "value": 0.00099621780236116772, "supply": "[{\"l\":'Labor',\"v\":0.00099621780236116772}]"}, {"source": 71, "prod": 0, "target": 12, "value": 0.0010792359525579318, "supply": "[{\"l\":'Labor',\"v\":0.0010792359525579318}]"}, {"source": 71, "prod": 0, "target": 5, "value": 0.00024905445059029193, "supply": "[{\"l\":'Labor',\"v\":0.00024905445059029193}]"}, {"source": 71, "prod": 0, "target": 55, "value": 0.0052301434623961305, "supply": "[{\"l\":'Labor',\"v\":0.0052301434623961305}]"}, {"source": 71, "prod": 0, "target": 6, "value": 0.11091224866287668, "supply": "[{\"l\":'Labor',\"v\":0.11091224866287668}]"}, {"source": 71, "prod": 0, "target": 44, "value": 4.1509075098381993e-05, "supply": "[{\"l\":'Labor',\"v\":4.1509075098381993e-05}]"}, {"source": 71, "prod": 0, "target": 39, "value": 0.0055207069880848052, "supply": "[{\"l\":'Labor',\"v\":0.0055207069880848052}]"}, {"source": 71, "prod": 0, "target": 10, "value": 0.0097546326481197671, "supply": "[{\"l\":'Labor',\"v\":0.0097546326481197671}]"}, {"source": 71, "prod": 0, "target": 56, "value": 0.0081357787192828709, "supply": "[{\"l\":'Labor',\"v\":0.0081357787192828709}]"}, {"source": 71, "prod": 0, "target": 41, "value": 4.1509075098381993e-05, "supply": "[{\"l\":'Labor',\"v\":4.1509075098381993e-05}]"}, {"source": 71, "prod": 0, "target": 45, "value": 0.00020754537549190995, "supply": "[{\"l\":'Labor',\"v\":0.00020754537549190995}]"}, {"source": 71, "prod": 0, "target": 46, "value": 0.00016603630039352797, "supply": "[{\"l\":'Labor',\"v\":0.00016603630039352797}]"}, {"source": 71, "prod": 0, "target": 47, "value": 0.0080942696441844882, "supply": "[{\"l\":'Labor',\"v\":0.0080942696441844882}]"}, {"source": 71, "prod": 0, "target": 9, "value": 8.3018150196763986e-05, "supply": "[{\"l\":'Labor',\"v\":8.3018150196763986e-05}]"}, {"source": 71, "prod": 0, "target": 50, "value": 0.00053961797627896592, "supply": "[{\"l\":'Labor',\"v\":0.00053961797627896592}]"}, {"source": 71, "prod": 0, "target": 53, "value": 0.0099206689485132962, "supply": "[{\"l\":'Labor',\"v\":0.0099206689485132962}]"}, {"source": 71, "prod": 0, "target": 13, "value": 0.00024905445059029193, "supply": "[{\"l\":'Labor',\"v\":0.00024905445059029193}]"}, {"source": 68, "prod": 0, "target": 61, "value": 2.4519727133529177, "supply": "[{\"l\":'Fossil Fuels',\"v\":2.4519727133529177}]"}, {"source": 69, "prod": 0, "target": 61, "value": 1.0603066903457943, "supply": "[{\"l\":'Renewables & Nuclear',\"v\":1.0559043802693724},{\"l\":'Biomass & Waste',\"v\":0.0044023100764219248}]"}]}