{"nodes": [{"layer": 13, "name": "Animal Products", "fill": "#17becf"}, {"layer": 10, "name": "Feed", "fill": "#dbdb8d"}, {"layer": 5, "name": "Cereals", "fill": "#e7ba52"}, {"layer": 5, "name": "Oilcrops", "fill": "#ff9896"}, {"layer": 5, "name": "Starchy Roots"}, {"layer": 5, "name": "Fruits & Vegetables"}, {"layer": 13, "name": "Aquatic Products", "fill": "#1f77b4"}, {"layer": 13, "name": "Other Processed", "fill": "#9c9ede"}, {"layer": 16, "name": "Food", "fill": "#b5cf6b"}, {"layer": 13, "name": "Sugar", "fill": "#d6616b"}, {"layer": 5, "name": "Others"}, {"layer": 13, "name": "Vegetable Oils", "fill": "#f7b6d2"}, {"layer": 10, "name": "Processing", "fill": "#9edae5"}, {"layer": 5, "name": "Sugar Crops", "fill": "#ffbb78"}, {"layer": 16, "name": "Biofuels & Other", "fill": "#e7ba52"}, {"name": "Waste", "fill": "#c7c7c7"}, {"layer": 2, "name": "Import", "fill": "#aec7e8"}, {"layer": 16, "name": "Export", "fill": "#aec7e8"}, {"layer": 0, "name": "Stock Draw", "fill": "#c7c7c7"}, {"layer": 16, "name": "Stock Deposit", "fill": "#c7c7c7"}, {"layer": 2, "name": "Electricity", "fill": "#bcbd22"}, {"layer": 0, "name": "Fossil Fuels", "fill": "#c49c94"}, {"layer": 0, "name": "Renewables & Nuclear", "fill": "#2ca02c"}, {"layer": 2, "name": "Fertilizers", "fill": "#c5b0d5"}, {"layer": 0, "name": "Labor", "fill": "#7f7f7f"}], "links": [{"source": 0, "prod": 152.0, "target": 1, "value": 0.11051754184538062, "supply": [{"l": "Milk - Excluding Butter", "v": 0.11051754184538062}]}, {"source": 2, "prod": 710.0, "target": 1, "value": 2.3014361083779158, "supply": [{"l": "Cereals, Other", "v": 0.0033513289409605267}, {"l": "Wheat", "v": 0.79630930283775814}, {"l": "Maize", "v": 0.9559562803990731}, {"l": "Oats", "v": 0.0094333703523333343}, {"l": "Barley", "v": 0.53638582584779082}]}, {"source": 3, "prod": 60.0, "target": 1, "value": 0.31837624939125003, "supply": [{"l": "Sunflower seed", "v": 0.22286337457387501}, {"l": "Rape and Mustardseed", "v": 0.010612541646375}, {"l": "Oilcrops, Other", "v": 0.084900333171}]}, {"source": 4, "prod": 286.0, "target": 1, "value": 0.22206617443344639, "supply": [{"l": "Potatoes", "v": 0.22206617443344639}]}, {"source": 5, "prod": 42.0, "target": 1, "value": 0.017961900534151139, "supply": [{"l": "Vegetables, Other", "v": 0.013502849422228869}, {"l": "Pulses, Other", "v": 0.0044590511119222695}]}, {"source": 6, "prod": 12.0, "target": 1, "value": 0.012898319847132692, "supply": [{"l": "Pelagic Fish", "v": 0.0065307948593076922}, {"l": "Fish, Seafood", "v": 0.0063675249878250009}]}, {"source": 7, "prod": 57.0, "target": 8, "value": 0.12465631549971723, "supply": [{"l": "Beer", "v": 0.014674131659185186}, {"l": "Wine", "v": 0.0021956982716637933}, {"l": "Butter, Ghee", "v": 0.018009161581727277}, {"l": "Beverages, Fermented", "v": 0.0010481522613703706}, {"l": "Beverages, Alcoholic", "v": 0.088729171725770592}]}, {"source": 0, "prod": 1222.0, "target": 8, "value": 1.212361739802672, "supply": [{"l": "Pigmeat", "v": 0.039759663069517608}, {"l": "Milk - Excluding Butter", "v": 0.73145162563455857}, {"l": "Meat, Other", "v": 0.0081831646429879525}, {"l": "Eggs", "v": 0.025301423792682121}, {"l": "Poultry Meat", "v": 0.017490197391450645}, {"l": "Offals, Edible", "v": 0.030282921385834393}, {"l": "Bovine Meat", "v": 0.2435702233488615}, {"l": "Mutton & Goat Meat", "v": 0.11632252053677936}]}, {"source": 2, "prod": 846.0, "target": 8, "value": 2.802604154722542, "supply": [{"l": "Maize", "v": 0.30171377620568751}, {"l": "Rye", "v": 0.0032653974296538461}, {"l": "Barley", "v": 0.019744263528139537}, {"l": "Rice", "v": 0.082344433088626975}, {"l": "Wheat", "v": 2.3955362844704342}]}, {"source": 9, "prod": 66.0, "target": 8, "value": 0.27766268052970228, "supply": [{"l": "Sugar", "v": 0.27380357447647502}, {"l": "Sweeteners, Other", "v": 0.003859106053227273}]}, {"source": 4, "prod": 717.0, "target": 8, "value": 0.55671834639433937, "supply": [{"l": "Potatoes", "v": 0.55671834639433937}]}, {"source": 5, "prod": 834.0, "target": 8, "value": 0.37747304674136628, "supply": [{"l": "Grapes", "v": 0.0040670818285508982}, {"l": "Beans", "v": 0.070631369612848743}, {"l": "Tomatoes", "v": 0.027693680105778579}, {"l": "Bananas", "v": 0.00070828976505283648}, {"l": "Treenuts", "v": 0.019102574963475002}, {"l": "Fruits, Other", "v": 0.017222254589362919}, {"l": "Vegetables, Other", "v": 0.14260326341036833}, {"l": "Peas", "v": 0.004994137245352942}, {"l": "Oranges, Mandarines", "v": 0.0010018833022801574}, {"l": "Onions", "v": 0.034013839330500797}, {"l": "Apples", "v": 0.055434672587795088}]}, {"source": 10, "prod": 12.0, "target": 8, "value": 0.038863657773273046, "supply": [{"l": "Cocoa Beans", "v": 0.016257510607212766}, {"l": "Nuts", "v": 0.020107973645763159}, {"l": "Coffee", "v": 0.00037566519102212397}, {"l": "Tea", "v": 0.002122508329275}]}, {"source": 6, "prod": 12.0, "target": 8, "value": 0.012898319847132692, "supply": [{"l": "Pelagic Fish", "v": 0.0065307948593076922}, {"l": "Fish, Seafood", "v": 0.0063675249878250009}]}, {"source": 11, "prod": 16.0, "target": 8, "value": 0.16626158923709494, "supply": [{"l": "Oilcrops Oil, Other", "v": 0.020651432392945947}, {"l": "Soyabean Oil", "v": 0.010246591934431035}, {"l": "Cottonseed Oil", "v": 0.04197319842161798}, {"l": "Sunflowerseed Oil", "v": 0.093390366488099993}]}, {"source": 4, "prod": 4.0, "target": 12, "value": 0.0031058206214468025, "supply": [{"l": "Potatoes", "v": 0.0031058206214468025}]}, {"source": 13, "prod": 678.0, "target": 12, "value": 0.78798666516000015, "supply": [{"l": "Sugar beet", "v": 0.78798666516000015}]}, {"source": 5, "prod": 6.0, "target": 12, "value": 0.0031881958633404395, "supply": [{"l": "Grapes", "v": 0.0015251556857065868}, {"l": "Apples", "v": 0.0016630401776338525}]}, {"source": 2, "prod": 67.0, "target": 12, "value": 0.22135363978374059, "supply": [{"l": "Wheat", "v": 0.21477221860769408}, {"l": "Barley", "v": 0.0065814211760465121}]}, {"source": 3, "prod": 37.0, "target": 12, "value": 0.19633202045793752, "supply": [{"l": "Sunflower seed", "v": 0.074287791524625002}, {"l": "Cottonseed", "v": 0.1220442289333125}]}, {"source": 7, "prod": 22.0, "target": 14, "value": 0.092219327409879315, "supply": [{"l": "Alcohol, Non-Food", "v": 0.0073189942388793118}, {"l": "Fats, Animals, Raw", "v": 0.084900333171}]}, {"source": 11, "prod": 12.0, "target": 14, "value": 0.12454240340427566, "supply": [{"l": "Palm Oil", "v": 0.02087000699297116}, {"l": "Palmkernel Oil", "v": 0.01043500349648558}, {"l": "Oilcrops Oil, Other", "v": 0.030977148589418923}, {"l": "Sunflowerseed Oil", "v": 0.062260244325399998}]}, {"source": 0, "prod": 21.0, "target": 14, "value": 0.021958592809249253, "supply": [{"l": "Meat, Other", "v": 0.019435016027096387}, {"l": "Offals, Edible", "v": 0.0025235767821528664}]}, {"source": 3, "prod": 42.0, "target": 14, "value": 0.22286337457387501, "supply": [{"l": "Cottonseed", "v": 0.22286337457387501}]}, {"source": 4, "prod": 275.0, "target": 4, "value": 0.21352516772446767, "supply": [{"l": "Potatoes", "v": 0.21352516772446767}]}, {"source": 2, "prod": 78.0, "target": 2, "value": 0.25674846010429536, "supply": [{"l": "Maize", "v": 0.015879672431878294}, {"l": "Wheat", "v": 0.15860102297183565}, {"l": "Barley", "v": 0.082267764700581406}]}, {"source": 3, "prod": 5.0, "target": 3, "value": 0.026531354115937499, "supply": [{"l": "Sunflower seed", "v": 0.0053062708231875}, {"l": "Cottonseed", "v": 0.02122508329275}]}, {"source": 0, "prod": 15.0, "target": 15, "value": 0.016157554026689554, "supply": [{"l": "Pigmeat", "v": 0.001893317289024648}, {"l": "Milk - Excluding Butter", "v": 0.0087250690930563649}, {"l": "Mutton & Goat Meat", "v": 0.0055391676446085412}]}, {"source": 2, "prod": 33.0, "target": 15, "value": 0.10885604023870614, "supply": [{"l": "Maize", "v": 0.0031759344863756585}, {"l": "Wheat", "v": 0.092517263400237457}, {"l": "Barley", "v": 0.013162842352093024}]}, {"source": 3, "prod": 2.0, "target": 15, "value": 0.010612541646375, "supply": [{"l": "Sunflower seed", "v": 0.0053062708231875}, {"l": "Cottonseed", "v": 0.0053062708231875}]}, {"source": 13, "prod": 4.0, "target": 15, "value": 0.0046488888800000003, "supply": [{"l": "Sugar beet", "v": 0.0046488888800000003}]}, {"source": 9, "prod": 1.0, "target": 15, "value": 0.0042123626842534619, "supply": [{"l": "Sugar", "v": 0.0042123626842534619}]}, {"source": 4, "prod": 26.0, "target": 15, "value": 0.020187834039404214, "supply": [{"l": "Potatoes", "v": 0.020187834039404214}]}, {"source": 5, "prod": 42.0, "target": 15, "value": 0.014132798707134823, "supply": [{"l": "Vegetables, Other", "v": 0.0095507959327960287}, {"l": "Fruits, Other", "v": 0.0010763909118351824}, {"l": "Grapes", "v": 0.00050838522856886227}, {"l": "Onions", "v": 0.0014321616560210859}, {"l": "Tomatoes", "v": 0.0010107182520357144}, {"l": "Apples", "v": 0.00055434672587795079}]}, {"source": 16, "prod": 7.0, "target": 10, "value": 0.019463186903934889, "supply": [{"l": "Cocoa Beans", "v": 0.016257510607212766}, {"l": "Coffee", "v": 0.00037566519102212397}, {"l": "Tea", "v": 0.0028300111056999999}]}, {"source": 16, "prod": 32.0, "target": 1, "value": 0.036225161709058026, "supply": [{"l": "Milk - Excluding Butter", "v": 0.0014541781821760607}, {"l": "Fish, Seafood", "v": 0.012735049975650002}, {"l": "Pelagic Fish", "v": 0.013061589718615384}, {"l": "Eggs", "v": 0.0016867615861788079}, {"l": "Poultry Meat", "v": 0.0072875822464377694}]}, {"source": 16, "prod": 99.0, "target": 12, "value": 0.45553503027263925, "supply": [{"l": "Sugar", "v": 0.25695412373946114}, {"l": "Beer", "v": 0.010394176591922839}, {"l": "Beverages, Alcoholic", "v": 0.0034126604509911768}, {"l": "Oilcrops Oil, Other", "v": 0.05162858098236487}, {"l": "Wine", "v": 0.00073189942388793099}, {"l": "Sweeteners, Other", "v": 0.007718212106454546}, {"l": "Palm Oil", "v": 0.02087000699297116}, {"l": "Palmkernel Oil", "v": 0.01043500349648558}, {"l": "Sunflowerseed Oil", "v": 0.093390366488099993}]}, {"source": 16, "prod": 120.0, "target": 2, "value": 0.40313190499753593, "supply": [{"l": "Maize", "v": 0.012703737945502634}, {"l": "Rye", "v": 0.0032653974296538461}, {"l": "Barley", "v": 0.0065814211760465121}, {"l": "Rice", "v": 0.030337422716862572}, {"l": "Wheat", "v": 0.35024392572947038}]}, {"source": 16, "prod": 15.0, "target": 5, "value": 0.0065960735735696103, "supply": [{"l": "Oranges, Mandarines", "v": 0.0013358444030402098}, {"l": "Fruits, Other", "v": 0.00053819545591759122}, {"l": "Tomatoes", "v": 0.00040428730081428583}, {"l": "Bananas", "v": 0.00070828976505283648}, {"l": "Vegetables, Other", "v": 0.00032933779078607}, {"l": "Grapes", "v": 0.00050838522856886227}, {"l": "Apples", "v": 0.0027717336293897545}]}, {"source": 16, "prod": 1.0, "target": 4, "value": 0.00077645515536170061, "supply": [{"l": "Potatoes", "v": 0.00077645515536170061}]}, {"source": 0, "prod": 25.0, "target": 17, "value": 0.01817722727720076, "supply": [{"l": "Milk - Excluding Butter", "v": 0.01817722727720076}]}, {"source": 2, "prod": 12.0, "target": 17, "value": 0.039650255742958912, "supply": [{"l": "Wheat", "v": 0.039650255742958912}]}, {"source": 13, "prod": 50.0, "target": 17, "value": 0.058111111000000007, "supply": [{"l": "Sugar beet", "v": 0.058111111000000007}]}, {"source": 9, "prod": 23.0, "target": 17, "value": 0.096361595430692837, "supply": [{"l": "Sweeteners, Other", "v": 0.003859106053227273}, {"l": "Sugar", "v": 0.088459616369322702}, {"l": "Honey", "v": 0.0040428730081428577}]}, {"source": 4, "prod": 1.0, "target": 17, "value": 0.00077645515536170061, "supply": [{"l": "Potatoes", "v": 0.00077645515536170061}]}, {"source": 5, "prod": 57.0, "target": 17, "value": 0.088470426093328433, "supply": [{"l": "Treenuts", "v": 0.0063675249878250009}, {"l": "Fruits, Other", "v": 0.0043055636473407297}, {"l": "Vegetables, Other", "v": 0.0046107290710049797}, {"l": "Beans", "v": 0.066707404634357148}, {"l": "Apples", "v": 0.0038804270811456558}, {"l": "Onions", "v": 0.0017902020700263574}, {"l": "Tomatoes", "v": 0.00080857460162857167}]}, {"source": 10, "prod": 3.0, "target": 17, "value": 0.0074101606583460537, "supply": [{"l": "Nuts", "v": 0.0067026578819210534}, {"l": "Tea", "v": 0.00070750277642499997}]}, {"source": 18, "prod": 1.0, "target": 12, "value": 0.010246591934431035, "supply": [{"l": "Soyabean Oil", "v": 0.010246591934431035}]}, {"source": 13, "prod": 80.0, "target": 19, "value": 0.092977777600000006, "supply": [{"l": "Sugar beet", "v": 0.092977777600000006}]}, {"source": 9, "prod": 49.0, "target": 19, "value": 0.20605251489739346, "supply": [{"l": "Sweeteners, Other", "v": 0.003859106053227273}, {"l": "Sugar", "v": 0.20219340884416617}]}, {"source": 5, "prod": 1.0, "target": 19, "value": 0.00033396110076005245, "supply": [{"l": "Oranges, Mandarines", "v": 0.00033396110076005245}]}, {"source": 1, "prod": 24.0, "target": 6, "value": 0.025796639694265384, "supply": [{"l": "Pelagic Fish", "v": 0.013061589718615384}, {"l": "Fish, Seafood", "v": 0.012735049975650002}]}, {"source": 1, "prod": 1435.0, "target": 0, "value": 1.3791726557611921, "supply": [{"l": "Poultry Meat", "v": 0.017490197391450645}, {"l": "Pigmeat", "v": 0.041652980358542258}, {"l": "Bovine Meat", "v": 0.2435702233488615}, {"l": "Eggs", "v": 0.025301423792682121}, {"l": "Milk - Excluding Butter", "v": 0.86887146385019631}, {"l": "Offals, Edible", "v": 0.032806498167987259}, {"l": "Meat, Other", "v": 0.027618180670084341}, {"l": "Mutton & Goat Meat", "v": 0.1218616881813879}]}, {"source": 12, "prod": 79.0, "target": 7, "value": 0.21687564290959654, "supply": [{"l": "Fats, Animals, Raw", "v": 0.084900333171}, {"l": "Alcohol, Non-Food", "v": 0.0073189942388793118}, {"l": "Beverages, Fermented", "v": 0.0010481522613703706}, {"l": "Beer", "v": 0.014674131659185186}, {"l": "Beverages, Alcoholic", "v": 0.088729171725770592}, {"l": "Butter, Ghee", "v": 0.018009161581727277}, {"l": "Wine", "v": 0.0021956982716637933}]}, {"source": 12, "prod": 28.0, "target": 11, "value": 0.29080399264137058, "supply": [{"l": "Soyabean Oil", "v": 0.010246591934431035}, {"l": "Palm Oil", "v": 0.02087000699297116}, {"l": "Cottonseed Oil", "v": 0.04197319842161798}, {"l": "Palmkernel Oil", "v": 0.01043500349648558}, {"l": "Oilcrops Oil, Other", "v": 0.05162858098236487}, {"l": "Sunflowerseed Oil", "v": 0.15565061081349998}]}, {"source": 12, "prod": 139.0, "target": 9, "value": 0.58428915354204203, "supply": [{"l": "Honey", "v": 0.0040428730081428577}, {"l": "Sweeteners, Other", "v": 0.011577318159681819}, {"l": "Sugar", "v": 0.56866896237421738}]}, {"source": 20, "prod": 0, "target": 2, "value": 0.030471582216004003, "supply": "[{\"l\":'Energy for power irrigation',\"v\":0.030471582216004003}]"}, {"source": 20, "prod": 0, "target": 3, "value": 0.0026461688172167079, "supply": "[{\"l\":'Energy for power irrigation',\"v\":0.0026461688172167079}]"}, {"source": 20, "prod": 0, "target": 13, "value": 0.014666819655835951, "supply": "[{\"l\":'Energy for power irrigation',\"v\":0.014666819655835951}]"}, {"source": 20, "prod": 0, "target": 4, "value": 0.023634893497119881, "supply": "[{\"l\":'Energy for power irrigation',\"v\":0.023634893497119881}]"}, {"source": 20, "prod": 0, "target": 5, "value": 0.01759295855268992, "supply": "[{\"l\":'Energy for power irrigation',\"v\":0.01759295855268992}]"}, {"source": 20, "prod": 0, "target": 10, "value": 0.0001986884436135412, "supply": "[{\"l\":'Energy for power irrigation',\"v\":0.0001986884436135412}]"}, {"source": 20, "prod": 0, "target": 12, "value": 2.5080000020063995, "supply": "[{\"l\":'Electricity',\"v\":2.5080000020063995}]"}, {"source": 21, "prod": 0, "target": 20, "value": 0.7610124790240389, "supply": [{"l": "Coal", "v": 0.2417583252617666}, {"l": "Natural gas", "v": 0.51925415376227224}, {"l": "Oil", "v": 0.0}]}, {"source": 22, "prod": 0, "target": 20, "value": 2.2311823592012012, "supply": [{"l": "Nuclear", "v": 0.0}, {"l": "Hydroelectric", "v": 2.2311823592012012}, {"l": "Renewable", "v": 0.0}]}, {"source": 21, "prod": 0, "target": 2, "value": 1.094238200428002, "supply": [{"l": "Other fossil fuels", "v": 1.094238200428002}]}, {"source": 21, "prod": 0, "target": 3, "value": 0.095024242064435258, "supply": [{"l": "Other fossil fuels", "v": 0.095024242064435258}]}, {"source": 21, "prod": 0, "target": 13, "value": 0.5266872665960507, "supply": [{"l": "Other fossil fuels", "v": 0.5266872665960507}]}, {"source": 21, "prod": 0, "target": 4, "value": 0.84873188219326645, "supply": [{"l": "Other fossil fuels", "v": 0.84873188219326645}]}, {"source": 21, "prod": 0, "target": 5, "value": 0.63176526805979483, "supply": [{"l": "Other fossil fuels", "v": 0.63176526805979483}]}, {"source": 21, "prod": 0, "target": 10, "value": 0.0071349260253159574, "supply": [{"l": "Other fossil fuels", "v": 0.0071349260253159574}]}, {"source": 23, "prod": 11.343785584126342, "target": 2, "value": 0.19928873892402574, "supply": [{"l": "Potash", "v": 4.6150000036919988e-05}, {"l": "Phosphate", "v": 0.0076170833394269997}, {"l": "Nitrogen", "v": 0.57579087546063268}]}, {"source": 23, "prod": 0.98510052642235268, "target": 3, "value": 0.017306342769632346, "supply": [{"l": "Potash", "v": 4.6150000036919988e-05}, {"l": "Phosphate", "v": 0.0076170833394269997}, {"l": "Nitrogen", "v": 0.57579087546063268}]}, {"source": 23, "prod": 5.4600793682931767, "target": 13, "value": 0.095923210436460515, "supply": [{"l": "Potash", "v": 4.6150000036919988e-05}, {"l": "Phosphate", "v": 0.0076170833394269997}, {"l": "Nitrogen", "v": 0.57579087546063268}]}, {"source": 23, "prod": 8.7986623810487945, "target": 4, "value": 0.15457576460111894, "supply": [{"l": "Potash", "v": 4.6150000036919988e-05}, {"l": "Phosphate", "v": 0.0076170833394269997}, {"l": "Nitrogen", "v": 0.57579087546063268}]}, {"source": 23, "prod": 6.549405547681717, "target": 5, "value": 0.11506059971072972, "supply": [{"l": "Potash", "v": 4.6150000036919988e-05}, {"l": "Phosphate", "v": 0.0076170833394269997}, {"l": "Nitrogen", "v": 0.57579087546063268}]}, {"source": 23, "prod": 0.073966592427616926, "target": 10, "value": 0.0012994523581293911, "supply": [{"l": "Potash", "v": 4.6150000036919988e-05}, {"l": "Phosphate", "v": 0.0076170833394269997}, {"l": "Nitrogen", "v": 0.57579087546063268}]}, {"source": 21, "prod": 0, "target": 23, "value": 0.68725739633750116, "supply": [{"l": "Natural gas (including LNG)", "v": 0.46791856480566651}, {"l": "Fuel oil", "v": 0.11755559533494191}, {"l": "Liquefied petroleum gas (LPG)", "v": 0.050891618098446348}, {"l": "Coal", "v": 0.050891618098446348}]}, {"source": 24, "prod": 0, "target": 2, "value": 0.12811467366288967, "supply": "[{\"l\":'Labor',\"v\":0.12811467366288967}]"}, {"source": 24, "prod": 0, "target": 3, "value": 0.011125548127808737, "supply": "[{\"l\":'Labor',\"v\":0.011125548127808737}]"}, {"source": 24, "prod": 0, "target": 13, "value": 0.061665154128195857, "supply": "[{\"l\":'Labor',\"v\":0.061665154128195857}]"}, {"source": 24, "prod": 0, "target": 4, "value": 0.099370510069882123, "supply": "[{\"l\":'Labor',\"v\":0.099370510069882123}]"}, {"source": 24, "prod": 0, "target": 5, "value": 0.07396780803061917, "supply": "[{\"l\":'Labor',\"v\":0.07396780803061917}]"}, {"source": 24, "prod": 0, "target": 10, "value": 0.00083536538843615078, "supply": "[{\"l\":'Labor',\"v\":0.00083536538843615078}]"}, {"source": 21, "prod": 0, "target": 16, "value": 0.93075290393994758, "supply": "[{\"l\":'Fossil Fuels',\"v\":0.93075290393994758}]"}, {"source": 22, "prod": 0, "target": 16, "value": 0.57489328821182517, "supply": "[{\"l\":'Renewables & Nuclear',\"v\":0.57291217916746839},{\"l\":'Biomass & Waste',\"v\":0.0019811090443567921}]"}]}