{"nodes": [{"layer": 3, "name": "Maize"}, {"layer": 5, "name": "Production", "fill": "#b5cf6b"}, {"layer": 3, "name": "Fruits, Other"}, {"layer": 3, "name": "Barley"}, {"layer": 3, "name": "Rice"}, {"layer": 3, "name": "Nuts"}, {"layer": 3, "name": "Sunflower seed"}, {"layer": 3, "name": "Wheat"}, {"layer": 3, "name": "Treenuts"}, {"layer": 3, "name": "Vegetables, Other"}, {"layer": 3, "name": "Peas"}, {"layer": 3, "name": "Tomatoes"}, {"layer": 3, "name": "Grapes"}, {"layer": 3, "name": "Oilcrops, Other"}, {"layer": 3, "name": "Oats"}, {"layer": 3, "name": "Cottonseed"}, {"layer": 3, "name": "Potatoes"}, {"layer": 3, "name": "Beans"}, {"layer": 3, "name": "Apples"}, {"layer": 3, "name": "Sugar beet"}, {"layer": 3, "name": "Rape and Mustardseed"}, {"layer": 3, "name": "Onions"}, {"layer": 3, "name": "Pulses, Other"}, {"layer": 1, "name": "Electricity", "fill": "#bcbd22"}, {"layer": 0, "name": "Fossil Fuels", "fill": "#c49c94"}, {"layer": 0, "name": "Renewables & Nuclear", "fill": "#2ca02c"}, {"layer": 1, "name": "Fertilizers", "fill": "#c5b0d5"}, {"layer": 0, "name": "Labor", "fill": "#7f7f7f"}], "links": [{"source": 0, "prod": 438.0, "target": 1, "value": 1.3855489468699977, "supply": [{"l": "Maize", "v": 1.3855489468699977}]}, {"source": 2, "prod": 50.0, "target": 1, "value": 0.027684891251413046, "supply": [{"l": "Fruits, Other", "v": 0.027684891251413046}]}, {"source": 3, "prod": 204.0, "target": 1, "value": 0.65695292288180696, "supply": [{"l": "Barley", "v": 0.65695292288180696}]}, {"source": 4, "prod": 12.0, "target": 1, "value": 0.051686786823382194, "supply": [{"l": "Rice", "v": 0.051686786823382194}]}, {"source": 5, "prod": 11.0, "target": 1, "value": 0.039740581484297877, "supply": [{"l": "Nuts", "v": 0.039740581484297877}]}, {"source": 6, "prod": 64.0, "target": 1, "value": 0.90560355382400004, "supply": [{"l": "Sunflower seed", "v": 0.90560355382400004}]}, {"source": 7, "prod": 840.0, "target": 1, "value": 2.7756840201230641, "supply": [{"l": "Wheat", "v": 2.7756840201230641}]}, {"source": 8, "prod": 11.0, "target": 1, "value": 0.040604507168739132, "supply": [{"l": "Treenuts", "v": 0.040604507168739132}]}, {"source": 9, "prod": 579.0, "target": 1, "value": 0.20333677486399396, "supply": [{"l": "Vegetables, Other", "v": 0.20333677486399396}]}, {"source": 10, "prod": 1.0, "target": 1, "value": 0.0028300111056999999, "supply": [{"l": "Peas", "v": 0.0028300111056999999}]}, {"source": 11, "prod": 173.0, "target": 1, "value": 0.034445960690860693, "supply": [{"l": "Tomatoes", "v": 0.034445960690860693}]}, {"source": 12, "prod": 15.0, "target": 1, "value": 0.0088030299370852536, "supply": [{"l": "Grapes", "v": 0.0088030299370852536}]}, {"source": 13, "prod": 13.0, "target": 1, "value": 0.18395072187050002, "supply": [{"l": "Oilcrops, Other", "v": 0.18395072187050002}]}, {"source": 14, "prod": 3.0, "target": 1, "value": 0.0067026578819210534, "supply": [{"l": "Oats", "v": 0.0067026578819210534}]}, {"source": 15, "prod": 78.0, "target": 1, "value": 1.1037043312229999, "supply": [{"l": "Cottonseed", "v": 1.1037043312229999}]}, {"source": 16, "prod": 1255.0, "target": 1, "value": 0.97631178078142289, "supply": [{"l": "Potatoes", "v": 0.97631178078142289}]}, {"source": 17, "prod": 56.0, "target": 1, "value": 0.21903825793710571, "supply": [{"l": "Beans", "v": 0.21903825793710571}]}, {"source": 18, "prod": 136.0, "target": 1, "value": 0.074360500086192383, "supply": [{"l": "Apples", "v": 0.074360500086192383}]}, {"source": 19, "prod": 226.0, "target": 1, "value": 0.26266222172000003, "supply": [{"l": "Sugar beet", "v": 0.26266222172000003}]}, {"source": 20, "prod": 1.0, "target": 1, "value": 0.014150055528500001, "supply": [{"l": "Rape and Mustardseed", "v": 0.014150055528500001}]}, {"source": 21, "prod": 108.0, "target": 1, "value": 0.038833336248618837, "supply": [{"l": "Onions", "v": 0.038833336248618837}]}, {"source": 22, "prod": 1.0, "target": 1, "value": 0.0033707042844313005, "supply": [{"l": "Pulses, Other", "v": 0.0033707042844313005}]}, {"source": 23, "prod": 0, "target": 0, "value": 9.392831707221931e-05, "supply": "[{\"l\":'Energy for power irrigation',\"v\":9.392831707221931e-05}]"}, {"source": 23, "prod": 0, "target": 5, "value": 2.3455425375582572e-06, "supply": "[{\"l\":'Energy for power irrigation',\"v\":2.3455425375582572e-06}]"}, {"source": 23, "prod": 0, "target": 3, "value": 4.392561479427282e-05, "supply": "[{\"l\":'Energy for power irrigation',\"v\":4.392561479427282e-05}]"}, {"source": 23, "prod": 0, "target": 4, "value": 6.0770874836736667e-06, "supply": "[{\"l\":'Energy for power irrigation',\"v\":6.0770874836736667e-06}]"}, {"source": 23, "prod": 0, "target": 11, "value": 3.7315449461154097e-05, "supply": "[{\"l\":'Energy for power irrigation',\"v\":3.7315449461154097e-05}]"}, {"source": 23, "prod": 0, "target": 6, "value": 1.3753408515682509e-05, "supply": "[{\"l\":'Energy for power irrigation',\"v\":1.3753408515682509e-05}]"}, {"source": 23, "prod": 0, "target": 7, "value": 0.00021301790863824537, "supply": "[{\"l\":'Energy for power irrigation',\"v\":0.00021301790863824537}]"}, {"source": 23, "prod": 0, "target": 8, "value": 2.3455425375582572e-06, "supply": "[{\"l\":'Energy for power irrigation',\"v\":2.3455425375582572e-06}]"}, {"source": 23, "prod": 0, "target": 9, "value": 0.00012580637246903381, "supply": "[{\"l\":'Energy for power irrigation',\"v\":0.00012580637246903381}]"}, {"source": 23, "prod": 0, "target": 10, "value": 2.1323113977802341e-07, "supply": "[{\"l\":'Energy for power irrigation',\"v\":2.1323113977802341e-07}]"}, {"source": 23, "prod": 0, "target": 12, "value": 3.1984670966703512e-06, "supply": "[{\"l\":'Energy for power irrigation',\"v\":3.1984670966703512e-06}]"}, {"source": 23, "prod": 0, "target": 16, "value": 0.00026781831156119738, "supply": "[{\"l\":'Energy for power irrigation',\"v\":0.00026781831156119738}]"}, {"source": 23, "prod": 0, "target": 13, "value": 2.8786203870033159e-06, "supply": "[{\"l\":'Energy for power irrigation',\"v\":2.8786203870033159e-06}]"}, {"source": 23, "prod": 0, "target": 14, "value": 5.3307784944505857e-07, "supply": "[{\"l\":'Energy for power irrigation',\"v\":5.3307784944505857e-07}]"}, {"source": 23, "prod": 0, "target": 15, "value": 1.6632028902685827e-05, "supply": "[{\"l\":'Energy for power irrigation',\"v\":1.6632028902685827e-05}]"}, {"source": 23, "prod": 0, "target": 2, "value": 1.1514481548013264e-05, "supply": "[{\"l\":'Energy for power irrigation',\"v\":1.1514481548013264e-05}]"}, {"source": 23, "prod": 0, "target": 17, "value": 1.2047559397458322e-05, "supply": "[{\"l\":'Energy for power irrigation',\"v\":1.2047559397458322e-05}]"}, {"source": 23, "prod": 0, "target": 22, "value": 2.1323113977802341e-07, "supply": "[{\"l\":'Energy for power irrigation',\"v\":2.1323113977802341e-07}]"}, {"source": 23, "prod": 0, "target": 19, "value": 4.819023758983329e-05, "supply": "[{\"l\":'Energy for power irrigation',\"v\":4.819023758983329e-05}]"}, {"source": 23, "prod": 0, "target": 20, "value": 2.1323113977802341e-07, "supply": "[{\"l\":'Energy for power irrigation',\"v\":2.1323113977802341e-07}]"}, {"source": 23, "prod": 0, "target": 21, "value": 2.2922347526137515e-05, "supply": "[{\"l\":'Energy for power irrigation',\"v\":2.2922347526137515e-05}]"}, {"source": 23, "prod": 0, "target": 18, "value": 3.6462524902042002e-05, "supply": "[{\"l\":'Energy for power irrigation',\"v\":3.6462524902042002e-05}]"}, {"source": 24, "prod": 0, "target": 23, "value": 0.00028114453704665383, "supply": [{"l": "Coal", "v": 9.5866013177436972e-05}, {"l": "Natural gas", "v": 0.00018527852386921687}, {"l": "Oil", "v": 0.0}]}, {"source": 25, "prod": 0, "target": 23, "value": 0.00082824148734655044, "supply": [{"l": "Nuclear", "v": 0.0}, {"l": "Hydroelectric", "v": 0.00082824148734655044}, {"l": "Renewable", "v": 0.0}]}, {"source": 24, "prod": 0, "target": 0, "value": 0.31499104672281408, "supply": [{"l": "Other fossil fuels", "v": 0.31499104672281408}]}, {"source": 24, "prod": 0, "target": 5, "value": 0.0078658377161202157, "supply": [{"l": "Other fossil fuels", "v": 0.0078658377161202157}]}, {"source": 24, "prod": 0, "target": 3, "value": 0.14730568813825132, "supply": [{"l": "Other fossil fuels", "v": 0.14730568813825132}]}, {"source": 24, "prod": 0, "target": 4, "value": 0.020379670446311469, "supply": [{"l": "Other fossil fuels", "v": 0.020379670446311469}]}, {"source": 24, "prod": 0, "target": 11, "value": 0.12513832730191252, "supply": [{"l": "Other fossil fuels", "v": 0.12513832730191252}]}, {"source": 24, "prod": 0, "target": 6, "value": 0.046122412062704905, "supply": [{"l": "Other fossil fuels", "v": 0.046122412062704905}]}, {"source": 24, "prod": 0, "target": 7, "value": 0.71436107985491781, "supply": [{"l": "Other fossil fuels", "v": 0.71436107985491781}]}, {"source": 24, "prod": 0, "target": 8, "value": 0.0078658377161202157, "supply": [{"l": "Other fossil fuels", "v": 0.0078658377161202157}]}, {"source": 24, "prod": 0, "target": 9, "value": 0.42189493204644796, "supply": [{"l": "Other fossil fuels", "v": 0.42189493204644796}]}, {"source": 24, "prod": 0, "target": 10, "value": 0.00071507615601092882, "supply": [{"l": "Other fossil fuels", "v": 0.00071507615601092882}]}, {"source": 24, "prod": 0, "target": 12, "value": 0.010726142340163931, "supply": [{"l": "Other fossil fuels", "v": 0.010726142340163931}]}, {"source": 24, "prod": 0, "target": 16, "value": 0.89813565194972655, "supply": [{"l": "Other fossil fuels", "v": 0.89813565194972655}]}, {"source": 24, "prod": 0, "target": 13, "value": 0.0096535281061475367, "supply": [{"l": "Other fossil fuels", "v": 0.0096535281061475367}]}, {"source": 24, "prod": 0, "target": 14, "value": 0.0017876903900273221, "supply": [{"l": "Other fossil fuels", "v": 0.0017876903900273221}]}, {"source": 24, "prod": 0, "target": 15, "value": 0.055775940168852442, "supply": [{"l": "Other fossil fuels", "v": 0.055775940168852442}]}, {"source": 24, "prod": 0, "target": 2, "value": 0.038614112424590147, "supply": [{"l": "Other fossil fuels", "v": 0.038614112424590147}]}, {"source": 24, "prod": 0, "target": 17, "value": 0.040401802814617478, "supply": [{"l": "Other fossil fuels", "v": 0.040401802814617478}]}, {"source": 24, "prod": 0, "target": 22, "value": 0.00071507615601092882, "supply": [{"l": "Other fossil fuels", "v": 0.00071507615601092882}]}, {"source": 24, "prod": 0, "target": 19, "value": 0.16160721125846991, "supply": [{"l": "Other fossil fuels", "v": 0.16160721125846991}]}, {"source": 24, "prod": 0, "target": 20, "value": 0.00071507615601092882, "supply": [{"l": "Other fossil fuels", "v": 0.00071507615601092882}]}, {"source": 24, "prod": 0, "target": 21, "value": 0.07687068677117484, "supply": [{"l": "Other fossil fuels", "v": 0.07687068677117484}]}, {"source": 24, "prod": 0, "target": 18, "value": 0.12227802267786882, "supply": [{"l": "Other fossil fuels", "v": 0.12227802267786882}]}, {"source": 26, "prod": 2.8153669978476734, "target": 0, "value": 0.048743214772061123, "supply": [{"l": "Potash", "v": 0.0010610479927622043}, {"l": "Phosphate", "v": 0.0069521666722283989}, {"l": "Nitrogen", "v": 0.49247613928286971}]}, {"source": 26, "prod": 0.070304283714697866, "target": 5, "value": 0.0012171971906757601, "supply": [{"l": "Potash", "v": 0.0010610479927622043}, {"l": "Phosphate", "v": 0.0069521666722283989}, {"l": "Nitrogen", "v": 0.49247613928286971}]}, {"source": 26, "prod": 1.3166074950207054, "target": 3, "value": 0.022794783752655146, "supply": [{"l": "Potash", "v": 0.0010610479927622043}, {"l": "Phosphate", "v": 0.0069521666722283989}, {"l": "Nitrogen", "v": 0.49247613928286971}]}, {"source": 26, "prod": 0.18215200780626264, "target": 4, "value": 0.0031536472667508331, "supply": [{"l": "Potash", "v": 0.0010610479927622043}, {"l": "Phosphate", "v": 0.0069521666722283989}, {"l": "Nitrogen", "v": 0.49247613928286971}]}, {"source": 26, "prod": 1.1184772409156478, "target": 11, "value": 0.01936450076075073, "supply": [{"l": "Potash", "v": 0.0010610479927622043}, {"l": "Phosphate", "v": 0.0069521666722283989}, {"l": "Nitrogen", "v": 0.49247613928286971}]}, {"source": 26, "prod": 0.41223875450891018, "target": 6, "value": 0.0071372017089624123, "supply": [{"l": "Potash", "v": 0.0010610479927622043}, {"l": "Phosphate", "v": 0.0069521666722283989}, {"l": "Nitrogen", "v": 0.49247613928286971}]}, {"source": 26, "prod": 6.3849072209984694, "target": 7, "value": 0.11054363577137132, "supply": [{"l": "Potash", "v": 0.0010610479927622043}, {"l": "Phosphate", "v": 0.0069521666722283989}, {"l": "Nitrogen", "v": 0.49247613928286971}]}, {"source": 26, "prod": 0.070304283714697866, "target": 8, "value": 0.0012171971906757601, "supply": [{"l": "Potash", "v": 0.0010610479927622043}, {"l": "Phosphate", "v": 0.0069521666722283989}, {"l": "Nitrogen", "v": 0.49247613928286971}]}, {"source": 26, "prod": 3.7708661265156129, "target": 9, "value": 0.065286031136245329, "supply": [{"l": "Potash", "v": 0.0010610479927622043}, {"l": "Phosphate", "v": 0.0069521666722283989}, {"l": "Nitrogen", "v": 0.49247613928286971}]}, {"source": 26, "prod": 0.0063912985195179878, "target": 10, "value": 0.00011065429006143275, "supply": [{"l": "Potash", "v": 0.0010610479927622043}, {"l": "Phosphate", "v": 0.0069521666722283989}, {"l": "Nitrogen", "v": 0.49247613928286971}]}, {"source": 26, "prod": 0.095869477792769817, "target": 12, "value": 0.0016598143509214912, "supply": [{"l": "Potash", "v": 0.0010610479927622043}, {"l": "Phosphate", "v": 0.0069521666722283989}, {"l": "Nitrogen", "v": 0.49247613928286971}]}, {"source": 26, "prod": 8.0274709405145934, "target": 16, "value": 0.13898178831715954, "supply": [{"l": "Potash", "v": 0.0010610479927622043}, {"l": "Phosphate", "v": 0.0069521666722283989}, {"l": "Nitrogen", "v": 0.49247613928286971}]}, {"source": 26, "prod": 0.086282530013492828, "target": 13, "value": 0.0014938329158293419, "supply": [{"l": "Potash", "v": 0.0010610479927622043}, {"l": "Phosphate", "v": 0.0069521666722283989}, {"l": "Nitrogen", "v": 0.49247613928286971}]}, {"source": 26, "prod": 0.015978246298794969, "target": 14, "value": 0.00027663572515358189, "supply": [{"l": "Potash", "v": 0.0010610479927622043}, {"l": "Phosphate", "v": 0.0069521666722283989}, {"l": "Nitrogen", "v": 0.49247613928286971}]}, {"source": 26, "prod": 0.49852128452240307, "target": 15, "value": 0.008631034624791754, "supply": [{"l": "Potash", "v": 0.0010610479927622043}, {"l": "Phosphate", "v": 0.0069521666722283989}, {"l": "Nitrogen", "v": 0.49247613928286971}]}, {"source": 26, "prod": 0.34513012005397131, "target": 2, "value": 0.0059753316633173676, "supply": [{"l": "Potash", "v": 0.0010610479927622043}, {"l": "Phosphate", "v": 0.0069521666722283989}, {"l": "Nitrogen", "v": 0.49247613928286971}]}, {"source": 26, "prod": 0.36110836635276633, "target": 17, "value": 0.0062519673884709505, "supply": [{"l": "Potash", "v": 0.0010610479927622043}, {"l": "Phosphate", "v": 0.0069521666722283989}, {"l": "Nitrogen", "v": 0.49247613928286971}]}, {"source": 26, "prod": 0.0063912985195179878, "target": 22, "value": 0.00011065429006143275, "supply": [{"l": "Potash", "v": 0.0010610479927622043}, {"l": "Phosphate", "v": 0.0069521666722283989}, {"l": "Nitrogen", "v": 0.49247613928286971}]}, {"source": 26, "prod": 1.4444334654110653, "target": 19, "value": 0.025007869553883802, "supply": [{"l": "Potash", "v": 0.0010610479927622043}, {"l": "Phosphate", "v": 0.0069521666722283989}, {"l": "Nitrogen", "v": 0.49247613928286971}]}, {"source": 26, "prod": 0.0063912985195179878, "target": 20, "value": 0.00011065429006143275, "supply": [{"l": "Potash", "v": 0.0010610479927622043}, {"l": "Phosphate", "v": 0.0069521666722283989}, {"l": "Nitrogen", "v": 0.49247613928286971}]}, {"source": 26, "prod": 0.68706459084818361, "target": 21, "value": 0.011895336181604019, "supply": [{"l": "Potash", "v": 0.0010610479927622043}, {"l": "Phosphate", "v": 0.0069521666722283989}, {"l": "Nitrogen", "v": 0.49247613928286971}]}, {"source": 26, "prod": 1.0929120468375759, "target": 18, "value": 0.018921883600505, "supply": [{"l": "Potash", "v": 0.0010610479927622043}, {"l": "Phosphate", "v": 0.0069521666722283989}, {"l": "Nitrogen", "v": 0.49247613928286971}]}, {"source": 24, "prod": 0, "target": 26, "value": 0.59057771442979701, "supply": [{"l": "Natural gas (including LNG)", "v": 0.40171787204570419}, {"l": "Fuel oil", "v": 0.1018042509493354}, {"l": "Liquefied petroleum gas (LPG)", "v": 0.043527795717378727}, {"l": "Coal", "v": 0.043527795717378727}]}, {"source": 27, "prod": 0, "target": 0, "value": 0.03692149031483808, "supply": "[{\"l\":'Labor',\"v\":0.03692149031483808}]"}, {"source": 27, "prod": 0, "target": 5, "value": 0.00092198954248176818, "supply": "[{\"l\":'Labor',\"v\":0.00092198954248176818}]"}, {"source": 27, "prod": 0, "target": 3, "value": 0.017266349613749479, "supply": "[{\"l\":'Labor',\"v\":0.017266349613749479}]"}, {"source": 27, "prod": 0, "target": 4, "value": 0.0023887910873391267, "supply": "[{\"l\":'Labor',\"v\":0.0023887910873391267}]"}, {"source": 27, "prod": 0, "target": 11, "value": 0.014668015448573586, "supply": "[{\"l\":'Labor',\"v\":0.014668015448573586}]"}, {"source": 27, "prod": 0, "target": 6, "value": 0.00540621140818855, "supply": "[{\"l\":'Labor',\"v\":0.00540621140818855}]"}, {"source": 27, "prod": 0, "target": 7, "value": 0.083733413903571502, "supply": "[{\"l\":'Labor',\"v\":0.083733413903571502}]"}, {"source": 27, "prod": 0, "target": 8, "value": 0.00092198954248176818, "supply": "[{\"l\":'Labor',\"v\":0.00092198954248176818}]"}, {"source": 27, "prod": 0, "target": 9, "value": 0.049452166369476663, "supply": "[{\"l\":'Labor',\"v\":0.049452166369476663}]"}, {"source": 27, "prod": 0, "target": 10, "value": 8.381723113470621e-05, "supply": "[{\"l\":'Labor',\"v\":8.381723113470621e-05}]"}, {"source": 27, "prod": 0, "target": 12, "value": 0.001257258467020593, "supply": "[{\"l\":'Labor',\"v\":0.001257258467020593}]"}, {"source": 27, "prod": 0, "target": 16, "value": 0.10527444230519099, "supply": "[{\"l\":'Labor',\"v\":0.10527444230519099}]"}, {"source": 27, "prod": 0, "target": 13, "value": 0.0011315326203185337, "supply": "[{\"l\":'Labor',\"v\":0.0011315326203185337}]"}, {"source": 27, "prod": 0, "target": 14, "value": 0.00020954307783676554, "supply": "[{\"l\":'Labor',\"v\":0.00020954307783676554}]"}, {"source": 27, "prod": 0, "target": 15, "value": 0.0065377440285070846, "supply": "[{\"l\":'Labor',\"v\":0.0065377440285070846}]"}, {"source": 27, "prod": 0, "target": 2, "value": 0.0045261304812741349, "supply": "[{\"l\":'Labor',\"v\":0.0045261304812741349}]"}, {"source": 27, "prod": 0, "target": 17, "value": 0.0047356735591109009, "supply": "[{\"l\":'Labor',\"v\":0.0047356735591109009}]"}, {"source": 27, "prod": 0, "target": 22, "value": 8.381723113470621e-05, "supply": "[{\"l\":'Labor',\"v\":8.381723113470621e-05}]"}, {"source": 27, "prod": 0, "target": 19, "value": 0.018942694236443604, "supply": "[{\"l\":'Labor',\"v\":0.018942694236443604}]"}, {"source": 27, "prod": 0, "target": 20, "value": 8.381723113470621e-05, "supply": "[{\"l\":'Labor',\"v\":8.381723113470621e-05}]"}, {"source": 27, "prod": 0, "target": 21, "value": 0.0090103523469809172, "supply": "[{\"l\":'Labor',\"v\":0.0090103523469809172}]"}, {"source": 27, "prod": 0, "target": 18, "value": 0.01433274652403476, "supply": "[{\"l\":'Labor',\"v\":0.01433274652403476}]"}]}