{"nodes": [{"layer": 3, "name": "Cereals", "fill": "#e7ba52"}, {"layer": 5, "name": "Production", "fill": "#b5cf6b"}, {"layer": 3, "name": "Oilcrops", "fill": "#ff9896"}, {"layer": 3, "name": "Sugar Crops", "fill": "#ffbb78"}, {"layer": 3, "name": "Starchy Roots"}, {"layer": 3, "name": "Fruits & Vegetables"}, {"layer": 3, "name": "Others"}, {"layer": 1, "name": "Electricity", "fill": "#bcbd22"}, {"layer": 0, "name": "Fossil Fuels", "fill": "#c49c94"}, {"layer": 0, "name": "Renewables & Nuclear", "fill": "#2ca02c"}, {"layer": 1, "name": "Fertilizers", "fill": "#c5b0d5"}, {"layer": 0, "name": "Labor", "fill": "#7f7f7f"}], "links": [{"source": 0, "prod": 1424.0, "target": 1, "value": 5.0866186967218754, "supply": [{"l": "Maize", "v": 2.4316745628765331}, {"l": "Rye", "v": 0.3541306680514083}, {"l": "Barley", "v": 0.18395072187050002}, {"l": "Rice", "v": 0.51652792627056843}, {"l": "Wheat", "v": 1.4123412227742225}, {"l": "Oats", "v": 0.15160773780535713}, {"l": "Millet", "v": 0.036385857073285718}]}, {"source": 2, "prod": 881.0, "target": 1, "value": 1.2143782977234856, "supply": [{"l": "Olives", "v": 1.1730452407849723}, {"l": "Oilcrops, Other", "v": 0.020107973645763159}, {"l": "Oil Palm", "v": 0.021225083292750024}]}, {"source": 3, "prod": 116.0, "target": 1, "value": 0.11342470696323105, "supply": [{"l": "Sugar beet", "v": 0.10576222202}, {"l": "Sugar cane", "v": 0.0076624849432310486}]}, {"source": 4, "prod": 1108.0, "target": 1, "value": 0.88450187938996561, "supply": [{"l": "Yams", "v": 0.0022946035992162162}, {"l": "Potatoes", "v": 0.82535437411374046}, {"l": "Sweet potatoes", "v": 0.056852901677008932}]}, {"source": 5, "prod": 3057.0, "target": 1, "value": 2.2783556676115784, "supply": [{"l": "Tomatoes", "v": 0.036385857073285718}, {"l": "Treenuts", "v": 0.21828413881235126}, {"l": "Vegetables, Other", "v": 0.20510072323595593}, {"l": "Grapes", "v": 0.81354315649735287}, {"l": "Beans", "v": 0.27053498704933215}, {"l": "Apples", "v": 0.03815064899980742}, {"l": "Lemons, Limes", "v": 0.011622222200000001}, {"l": "Pineapples", "v": 0.00084059735812871299}, {"l": "Bananas", "v": 0.024122100232428969}, {"l": "Fruits, Other", "v": 0.32934270402994359}, {"l": "Grapefruit", "v": 0.0011622222200000001}, {"l": "Oranges, Mandarines", "v": 0.058272760578080597}, {"l": "Onions", "v": 0.037989301622277961}, {"l": "Pulses, Other", "v": 0.23300424770263337}]}, {"source": 6, "prod": 107.0, "target": 1, "value": 0.2187314423754913, "supply": [{"l": "Nuts", "v": 0.2187314423754913}]}, {"source": 7, "prod": 0, "target": 0, "value": 0.00076837280245294526, "supply": "[{\"l\":'Energy for power irrigation',\"v\":0.00076837280245294526}]"}, {"source": 7, "prod": 0, "target": 2, "value": 0.00044602871192731566, "supply": "[{\"l\":'Energy for power irrigation',\"v\":0.00044602871192731566}]"}, {"source": 7, "prod": 0, "target": 3, "value": 5.539542889033043e-05, "supply": "[{\"l\":'Energy for power irrigation',\"v\":5.539542889033043e-05}]"}, {"source": 7, "prod": 0, "target": 4, "value": 0.00054392580608695132, "supply": "[{\"l\":'Energy for power irrigation',\"v\":0.00054392580608695132}]"}, {"source": 7, "prod": 0, "target": 5, "value": 0.001461054436982465, "supply": "[{\"l\":'Energy for power irrigation',\"v\":0.001461054436982465}]"}, {"source": 7, "prod": 0, "target": 6, "value": 5.4201561888383645e-05, "supply": "[{\"l\":'Energy for power irrigation',\"v\":5.4201561888383645e-05}]"}, {"source": 8, "prod": 0, "target": 7, "value": 0.00034933823546785478, "supply": [{"l": "Coal", "v": 0.00016171695857992839}, {"l": "Natural gas", "v": 0.0}, {"l": "Oil", "v": 0.00018762127688792642}]}, {"source": 9, "prod": 0, "target": 7, "value": 0.003194613049164807, "supply": [{"l": "Nuclear", "v": 0.0}, {"l": "Hydroelectric", "v": 0.0031452542209373679}, {"l": "Renewable", "v": 4.9358828227438974e-05}]}, {"source": 8, "prod": 0, "target": 0, "value": 0.55010875805490977, "supply": [{"l": "Motor Gasoline", "v": 0.002840286745765112}, {"l": "Gas-Diesel oil", "v": 0.29591128880258649}, {"l": "Natural gas (including LNG)", "v": 0.0065610837543257292}, {"l": "Fuel oil", "v": 0.011224368689810664}, {"l": "Liquefied petroleum gas (LPG)", "v": 0.0030326312206476252}, {"l": "Other fossil fuels", "v": 0.23053909884177412}]}, {"source": 8, "prod": 0, "target": 2, "value": 0.31932975762789662, "supply": [{"l": "Motor Gasoline", "v": 0.0016487432072993253}, {"l": "Gas-Diesel oil", "v": 0.17177199735339699}, {"l": "Natural gas (including LNG)", "v": 0.0038086092147546495}, {"l": "Fuel oil", "v": 0.0065155751126682159}, {"l": "Liquefied petroleum gas (LPG)", "v": 0.0017603962461683542}, {"l": "Other fossil fuels", "v": 0.13382443649360909}]}, {"source": 8, "prod": 0, "target": 3, "value": 0.03965979859190151, "supply": [{"l": "Motor Gasoline", "v": 0.00020476896364745369}, {"l": "Gas-Diesel oil", "v": 0.02133356712311997}, {"l": "Natural gas (including LNG)", "v": 0.00047301784680036339}, {"l": "Fuel oil", "v": 0.00080921489622003541}, {"l": "Liquefied petroleum gas (LPG)", "v": 0.0002186359363549562}, {"l": "Other fossil fuels", "v": 0.016620593825758732}]}, {"source": 8, "prod": 0, "target": 4, "value": 0.38941819479461914, "supply": [{"l": "Motor Gasoline", "v": 0.0020106193930556015}, {"l": "Gas-Diesel oil", "v": 0.20947355994166936}, {"l": "Natural gas (including LNG)", "v": 0.0046445459267725336}, {"l": "Fuel oil", "v": 0.0079456531620225885}, {"l": "Liquefied petroleum gas (LPG)", "v": 0.0021467787198990959}, {"l": "Other fossil fuels", "v": 0.16319703765119997}]}, {"source": 8, "prod": 0, "target": 5, "value": 1.0460271878614023, "supply": [{"l": "Motor Gasoline", "v": 0.0054007814162015909}, {"l": "Gas-Diesel oil", "v": 0.5626728328722892}, {"l": "Natural gas (including LNG)", "v": 0.012475845709359583}, {"l": "Fuel oil", "v": 0.021343042887803431}, {"l": "Liquefied petroleum gas (LPG)", "v": 0.0057665228213619694}, {"l": "Other fossil fuels", "v": 0.43836816215438651}]}, {"source": 8, "prod": 0, "target": 6, "value": 0.038805061553282942, "supply": [{"l": "Motor Gasoline", "v": 0.00020035583943091374}, {"l": "Gas-Diesel oil", "v": 0.020873791969604451}, {"l": "Natural gas (including LNG)", "v": 0.00046282349665380381}, {"l": "Fuel oil", "v": 0.00079177492000839669}, {"l": "Liquefied petroleum gas (LPG)", "v": 0.00021392395496799593}, {"l": "Other fossil fuels", "v": 0.016262391372617379}]}, {"source": 10, "prod": 31.892175728016067, "target": 0, "value": 0.35347325786458578, "supply": [{"l": "Potash", "v": 0.02659009168793874}, {"l": "Phosphate", "v": 0.25001287520001025}, {"l": "Nitrogen", "v": 1.2548215704483017}]}, {"source": 10, "prod": 18.512922392770047, "target": 2, "value": 0.20518584390647798, "supply": [{"l": "Potash", "v": 0.02659009168793874}, {"l": "Phosphate", "v": 0.25001287520001025}, {"l": "Nitrogen", "v": 1.2548215704483017}]}, {"source": 10, "prod": 2.299249462057094, "target": 3, "value": 0.025483466695022966, "supply": [{"l": "Potash", "v": 0.02659009168793874}, {"l": "Phosphate", "v": 0.25001287520001025}, {"l": "Nitrogen", "v": 1.2548215704483017}]}, {"source": 10, "prod": 22.576251183474394, "target": 4, "value": 0.25022128073819966, "supply": [{"l": "Potash", "v": 0.02659009168793874}, {"l": "Phosphate", "v": 0.25001287520001025}, {"l": "Nitrogen", "v": 1.2548215704483017}]}, {"source": 10, "prod": 60.642704561755842, "target": 5, "value": 0.67212643408123063, "supply": [{"l": "Potash", "v": 0.02659009168793874}, {"l": "Phosphate", "v": 0.25001287520001025}, {"l": "Nitrogen", "v": 1.2548215704483017}]}, {"source": 10, "prod": 2.2496966719265528, "target": 6, "value": 0.024934254050733674, "supply": [{"l": "Potash", "v": 0.02659009168793874}, {"l": "Phosphate", "v": 0.25001287520001025}, {"l": "Nitrogen", "v": 1.2548215704483017}]}, {"source": 8, "prod": 0, "target": 10, "value": 1.8201370122021407, "supply": [{"l": "Natural gas (including LNG)", "v": 1.2468162136945391}, {"l": "Fuel oil", "v": 0.35150450072810058}, {"l": "Liquefied petroleum gas (LPG)", "v": 0.11090814888975054}, {"l": "Coal", "v": 0.11090814888975054}]}, {"source": 11, "prod": 0, "target": 0, "value": 0.1612531104156058, "supply": "[{\"l\":'Labor',\"v\":0.1612531104156058}]"}, {"source": 11, "prod": 0, "target": 2, "value": 0.093604975219500189, "supply": "[{\"l\":'Labor',\"v\":0.093604975219500189}]"}, {"source": 11, "prod": 0, "target": 3, "value": 0.011625457307775186, "supply": "[{\"l\":'Labor',\"v\":0.011625457307775186}]"}, {"source": 11, "prod": 0, "target": 4, "value": 0.11414996442720635, "supply": "[{\"l\":'Labor',\"v\":0.11414996442720635}]"}, {"source": 11, "prod": 0, "target": 5, "value": 0.30662143649257051, "supply": "[{\"l\":'Labor',\"v\":0.30662143649257051}]"}, {"source": 11, "prod": 0, "target": 6, "value": 0.01137490865890072, "supply": "[{\"l\":'Labor',\"v\":0.01137490865890072}]"}]}