{"nodes": [{"layer": 13, "name": "Animal Products", "fill": "#17becf"}, {"layer": 10, "name": "Feed", "fill": "#dbdb8d"}, {"layer": 5, "name": "Cereals", "fill": "#e7ba52"}, {"layer": 5, "name": "Oilcrops", "fill": "#ff9896"}, {"layer": 5, "name": "Starchy Roots"}, {"layer": 5, "name": "Fruits & Vegetables"}, {"layer": 13, "name": "Aquatic Products", "fill": "#1f77b4"}, {"layer": 13, "name": "Other Processed", "fill": "#9c9ede"}, {"layer": 16, "name": "Food", "fill": "#b5cf6b"}, {"layer": 13, "name": "Sugar", "fill": "#d6616b"}, {"layer": 5, "name": "Others"}, {"layer": 13, "name": "Vegetable Oils", "fill": "#f7b6d2"}, {"layer": 10, "name": "Processing", "fill": "#9edae5"}, {"layer": 5, "name": "Sugar Crops", "fill": "#ffbb78"}, {"layer": 16, "name": "Biofuels & Other", "fill": "#e7ba52"}, {"name": "Seed", "fill": "#dbdb8d"}, {"name": "Waste", "fill": "#c7c7c7"}, {"layer": 0, "name": "Import", "fill": "#aec7e8"}, {"layer": 16, "name": "Export", "fill": "#aec7e8"}, {"layer": 16, "name": "Stock Deposit", "fill": "#c7c7c7"}, {"layer": 0, "name": "Stock Draw", "fill": "#c7c7c7"}, {"layer": 0, "name": "Production", "fill": "#b5cf6b"}], "links": [{"source": 0, "prod": 0.025516548753938752, "target": 1, "value": 38.0, "supply": [{"l": "Milk - Excluding Butter", "v": 38.0}]}, {"source": 2, "prod": 11.559465298345886, "target": 1, "value": 3065.0, "supply": [{"l": "Maize", "v": 2871.0}, {"l": "Wheat", "v": 3.0}, {"l": "Oats", "v": 75.0}, {"l": "Barley", "v": 28.0}, {"l": "Sorghum", "v": 86.0}, {"l": "Cereals, Other", "v": 2.0}]}, {"source": 3, "prod": 0.0011991572481779662, "target": 1, "value": 1.0, "supply": [{"l": "Oilcrops, Other", "v": 1.0}]}, {"source": 4, "prod": 0.085353912748313415, "target": 1, "value": 98.0, "supply": [{"l": "Potatoes", "v": 48.0}, {"l": "Sweet potatoes", "v": 46.0}, {"l": "Cassava", "v": 4.0}]}, {"source": 5, "prod": 0.099387758585585601, "target": 1, "value": 35.0, "supply": [{"l": "Bananas", "v": 1.0}, {"l": "Vegetables, Other", "v": 10.0}, {"l": "Beans", "v": 4.0}, {"l": "Pulses, Other", "v": 20.0}]}, {"source": 6, "prod": 0.088760594549892533, "target": 1, "value": 106.0, "supply": [{"l": "Pelagic Fish", "v": 49.0}, {"l": "Fish, Seafood", "v": 53.0}, {"l": "Marine Fish, Other", "v": 4.0}]}, {"source": 7, "prod": 1.4961680777094524, "target": 8, "value": 1250.0, "supply": [{"l": "Beer", "v": 361.0}, {"l": "Beverages, Alcoholic", "v": 98.0}, {"l": "Butter, Ghee", "v": 6.0}, {"l": "Fats, Animals, Raw", "v": 37.0}, {"l": "Wine", "v": 747.0}, {"l": "Beverages, Fermented", "v": 1.0}]}, {"source": 0, "prod": 1.5262115236691709, "target": 8, "value": 1346.0, "supply": [{"l": "Poultry Meat", "v": 141.0}, {"l": "Eggs", "v": 52.0}, {"l": "Mutton & Goat Meat", "v": 24.0}, {"l": "Pigmeat", "v": 148.0}, {"l": "Milk - Excluding Butter", "v": 821.0}, {"l": "Meat, Other", "v": 11.0}, {"l": "Offals, Edible", "v": 35.0}, {"l": "Bovine Meat", "v": 114.0}]}, {"source": 2, "prod": 4.0180122897426322, "target": 8, "value": 1167.0, "supply": [{"l": "Maize", "v": 146.0}, {"l": "Rye", "v": 115.0}, {"l": "Barley", "v": 10.0}, {"l": "Rice", "v": 138.0}, {"l": "Wheat", "v": 758.0}]}, {"source": 3, "prod": 0.037709930393107854, "target": 8, "value": 23.0, "supply": [{"l": "Olives", "v": 17.0}, {"l": "Coconuts - Incl Copra", "v": 4.0}, {"l": "Groundnuts", "v": 2.0}]}, {"source": 9, "prod": 1.1043856682170823, "target": 8, "value": 267.0, "supply": [{"l": "Sugar", "v": 262.0}, {"l": "Sweeteners, Other", "v": 1.0}, {"l": "Honey", "v": 4.0}]}, {"source": 4, "prod": 0.7261192450195687, "target": 8, "value": 924.0, "supply": [{"l": "Yams", "v": 3.0}, {"l": "Potatoes", "v": 908.0}, {"l": "Sweet potatoes", "v": 13.0}]}, {"source": 5, "prod": 0.86382463155968026, "target": 8, "value": 1639.0, "supply": [{"l": "Tomatoes", "v": 215.0}, {"l": "Treenuts", "v": 26.0}, {"l": "Vegetables, Other", "v": 780.0}, {"l": "Peas", "v": 1.0}, {"l": "Grapes", "v": 64.0}, {"l": "Beans", "v": 41.0}, {"l": "Apples", "v": 111.0}, {"l": "Lemons, Limes", "v": 6.0}, {"l": "Pineapples", "v": 2.0}, {"l": "Bananas", "v": 32.0}, {"l": "Fruits, Other", "v": 158.0}, {"l": "Grapefruit", "v": 7.0}, {"l": "Oranges, Mandarines", "v": 114.0}, {"l": "Onions", "v": 68.0}, {"l": "Pulses, Other", "v": 14.0}]}, {"source": 10, "prod": 0.074493940352254664, "target": 8, "value": 41.0, "supply": [{"l": "Nuts", "v": 26.0}, {"l": "Coffee", "v": 11.0}, {"l": "Cocoa Beans", "v": 3.0}, {"l": "Tea", "v": 1.0}]}, {"source": 6, "prod": 0.38840030054898206, "target": 8, "value": 564.0, "supply": [{"l": "Freshwater Fish", "v": 1.0}, {"l": "Crustaceans", "v": 2.0}, {"l": "Marine Fish, Other", "v": 20.0}, {"l": "Demersal Fish", "v": 148.0}, {"l": "Pelagic Fish", "v": 98.0}, {"l": "Fish, Seafood", "v": 282.0}, {"l": "Cephalopods", "v": 12.0}, {"l": "Molluscs, Other", "v": 1.0}]}, {"source": 11, "prod": 1.5679495228928519, "target": 8, "value": 154.0, "supply": [{"l": "Maize Germ Oil", "v": 4.0}, {"l": "Groundnut Oil", "v": 7.0}, {"l": "Soyabean Oil", "v": 21.0}, {"l": "Palm Oil", "v": 15.0}, {"l": "Sunflowerseed Oil", "v": 54.0}, {"l": "Olive Oil", "v": 46.0}, {"l": "Coconut Oil", "v": 5.0}, {"l": "Palmkernel Oil", "v": 2.0}]}, {"source": 7, "prod": 0.063472736340101948, "target": 12, "value": 80.0, "supply": [{"l": "Wine", "v": 80.0}]}, {"source": 0, "prod": 0.0019333739236960397, "target": 12, "value": 1.0, "supply": [{"l": "Pigmeat", "v": 1.0}]}, {"source": 2, "prod": 0.49869021520616263, "target": 12, "value": 159.0, "supply": [{"l": "Maize", "v": 25.0}, {"l": "Wheat", "v": 85.0}, {"l": "Barley", "v": 49.0}]}, {"source": 3, "prod": 0.98101920135501952, "target": 12, "value": 800.0, "supply": [{"l": "Sunflower seed", "v": 251.0}, {"l": "Olives", "v": 215.0}, {"l": "Coconuts - Incl Copra", "v": 80.0}, {"l": "Soyabeans", "v": 224.0}, {"l": "Groundnuts", "v": 5.0}, {"l": "Palm kernels", "v": 10.0}, {"l": "Oilcrops, Other", "v": 15.0}]}, {"source": 13, "prod": 0.051006229450703294, "target": 12, "value": 60.0, "supply": [{"l": "Sugar beet", "v": 38.0}, {"l": "Sugar cane", "v": 22.0}]}, {"source": 5, "prod": 1.0777376527866962, "target": 12, "value": 1380.0, "supply": [{"l": "Apples", "v": 2.0}, {"l": "Grapes", "v": 1378.0}]}, {"source": 7, "prod": 0.18521895144281456, "target": 14, "value": 44.0, "supply": [{"l": "Alcohol, Non-Food", "v": 6.0}, {"l": "Fats, Animals, Raw", "v": 15.0}, {"l": "Fish, Body Oil", "v": 1.0}, {"l": "Beer", "v": 11.0}, {"l": "Beverages, Alcoholic", "v": 11.0}]}, {"source": 0, "prod": 0.054292801088733716, "target": 14, "value": 61.0, "supply": [{"l": "Milk - Excluding Butter", "v": 50.0}, {"l": "Pigmeat", "v": 4.0}, {"l": "Poultry Meat", "v": 4.0}, {"l": "Bovine Meat", "v": 3.0}]}, {"source": 2, "prod": 0.38942404060786473, "target": 14, "value": 101.0, "supply": [{"l": "Maize", "v": 98.0}, {"l": "Rice", "v": 3.0}]}, {"source": 9, "prod": 0.046744212870136082, "target": 14, "value": 11.0, "supply": [{"l": "Sweeteners, Other", "v": 1.0}, {"l": "Sugar", "v": 10.0}]}, {"source": 4, "prod": 0.03435463626861375, "target": 14, "value": 44.0, "supply": [{"l": "Potatoes", "v": 44.0}]}, {"source": 6, "prod": 0.0066328385289843748, "target": 14, "value": 10.0, "supply": [{"l": "Aquatic Products, Other", "v": 5.0}, {"l": "Aquatic Plants", "v": 5.0}]}, {"source": 11, "prod": 0.58492610818359581, "target": 14, "value": 55.0, "supply": [{"l": "Olive Oil", "v": 7.0}, {"l": "Coconut Oil", "v": 4.0}, {"l": "Palm Oil", "v": 3.0}, {"l": "Oilcrops Oil, Other", "v": 6.0}, {"l": "Sunflowerseed Oil", "v": 35.0}]}, {"source": 4, "prod": 0.13585697069860891, "target": 15, "value": 174.0, "supply": [{"l": "Potatoes", "v": 174.0}]}, {"source": 5, "prod": 0.035368688128400799, "target": 15, "value": 9.0, "supply": [{"l": "Beans", "v": 6.0}, {"l": "Pulses, Other", "v": 3.0}]}, {"source": 0, "prod": 0.013405315763842107, "target": 0, "value": 8.0, "supply": [{"l": "Eggs", "v": 8.0}]}, {"source": 2, "prod": 0.373835722932643, "target": 15, "value": 119.0, "supply": [{"l": "Maize", "v": 18.0}, {"l": "Rice", "v": 3.0}, {"l": "Wheat", "v": 50.0}, {"l": "Barley", "v": 8.0}, {"l": "Oats", "v": 15.0}, {"l": "Rye", "v": 25.0}]}, {"source": 0, "prod": 0.0030186407206875664, "target": 16, "value": 3.0, "supply": [{"l": "Milk - Excluding Butter", "v": 2.0}, {"l": "Eggs", "v": 1.0}]}, {"source": 2, "prod": 0.077496209762678028, "target": 16, "value": 23.0, "supply": [{"l": "Maize", "v": 15.0}, {"l": "Oats", "v": 5.0}, {"l": "Wheat", "v": 2.0}, {"l": "Barley", "v": 1.0}]}, {"source": 3, "prod": 0.0023983144963559324, "target": 16, "value": 2.0, "supply": [{"l": "Soyabeans", "v": 1.0}, {"l": "Oilcrops, Other", "v": 1.0}]}, {"source": 4, "prod": 0.020756827264535767, "target": 16, "value": 25.0, "supply": [{"l": "Potatoes", "v": 18.0}, {"l": "Sweet potatoes", "v": 7.0}]}, {"source": 5, "prod": 0.088648045897984723, "target": 16, "value": 204.0, "supply": [{"l": "Grapefruit", "v": 1.0}, {"l": "Beans", "v": 3.0}, {"l": "Apples", "v": 13.0}, {"l": "Fruits, Other", "v": 19.0}, {"l": "Lemons, Limes", "v": 1.0}, {"l": "Tomatoes", "v": 56.0}, {"l": "Bananas", "v": 4.0}, {"l": "Treenuts", "v": 1.0}, {"l": "Vegetables, Other", "v": 88.0}, {"l": "Oranges, Mandarines", "v": 12.0}, {"l": "Pulses, Other", "v": 2.0}, {"l": "Onions", "v": 4.0}]}, {"source": 10, "prod": 0.0023583425880833331, "target": 16, "value": 1.0, "supply": [{"l": "Nuts", "v": 1.0}]}, {"source": 17, "prod": 0.012072075345993007, "target": 10, "value": 15.0, "supply": [{"l": "Coffee", "v": 12.0}, {"l": "Cocoa Beans", "v": 3.0}]}, {"source": 17, "prod": 0.29136893927537477, "target": 1, "value": 367.0, "supply": [{"l": "Crustaceans", "v": 4.0}, {"l": "Aquatic Products, Other", "v": 1.0}, {"l": "Cephalopods", "v": 1.0}, {"l": "Marine Fish, Other", "v": 12.0}, {"l": "Demersal Fish", "v": 59.0}, {"l": "Pigmeat", "v": 3.0}, {"l": "Milk - Excluding Butter", "v": 49.0}, {"l": "Fish, Seafood", "v": 148.0}, {"l": "Pelagic Fish", "v": 72.0}, {"l": "Bovine Meat", "v": 15.0}, {"l": "Offals, Edible", "v": 2.0}, {"l": "Aquatic Plants", "v": 1.0}]}, {"source": 17, "prod": 1.5054359901873215, "target": 12, "value": 320.0, "supply": [{"l": "Alcohol, Non-Food", "v": 3.0}, {"l": "Sugar", "v": 279.0}, {"l": "Beverages, Alcoholic", "v": 3.0}, {"l": "Butter, Ghee", "v": 1.0}, {"l": "Fats, Animals, Raw", "v": 8.0}, {"l": "Palm Oil", "v": 18.0}, {"l": "Sunflowerseed Oil", "v": 3.0}, {"l": "Oilcrops Oil, Other", "v": 3.0}, {"l": "Sweeteners, Other", "v": 1.0}, {"l": "Honey", "v": 1.0}]}, {"source": 17, "prod": 12.607467836799655, "target": 2, "value": 3387.0, "supply": [{"l": "Maize", "v": 2641.0}, {"l": "Barley", "v": 42.0}, {"l": "Rice", "v": 43.0}, {"l": "Wheat", "v": 573.0}, {"l": "Sorghum", "v": 86.0}, {"l": "Cereals, Other", "v": 2.0}]}, {"source": 17, "prod": 0.050604256805835475, "target": 5, "value": 22.0, "supply": [{"l": "Fruits, Other", "v": 2.0}, {"l": "Vegetables, Other", "v": 3.0}, {"l": "Peas", "v": 2.0}, {"l": "Grapes", "v": 2.0}, {"l": "Beans", "v": 9.0}, {"l": "Pulses, Other", "v": 1.0}, {"l": "Bananas", "v": 3.0}]}, {"source": 17, "prod": 0.70574908997367802, "target": 3, "value": 562.0, "supply": [{"l": "Sunflower seed", "v": 230.0}, {"l": "Coconuts - Incl Copra", "v": 84.0}, {"l": "Groundnuts", "v": 7.0}, {"l": "Soyabeans", "v": 231.0}, {"l": "Palm kernels", "v": 10.0}]}, {"source": 17, "prod": 0.085812744950159767, "target": 4, "value": 109.0, "supply": [{"l": "Potatoes", "v": 105.0}, {"l": "Cassava", "v": 4.0}]}, {"source": 7, "prod": 0.21361377717543403, "target": 18, "value": 177.0, "supply": [{"l": "Beer", "v": 6.0}, {"l": "Wine", "v": 162.0}, {"l": "Fats, Animals, Raw", "v": 3.0}, {"l": "Fish, Body Oil", "v": 5.0}, {"l": "Beverages, Alcoholic", "v": 1.0}]}, {"source": 0, "prod": 0.021753655870345921, "target": 18, "value": 23.0, "supply": [{"l": "Pigmeat", "v": 5.0}, {"l": "Milk - Excluding Butter", "v": 18.0}]}, {"source": 2, "prod": 0.10846768074705659, "target": 18, "value": 37.0, "supply": [{"l": "Rice", "v": 5.0}, {"l": "Wheat", "v": 8.0}, {"l": "Barley", "v": 24.0}]}, {"source": 3, "prod": 0.0035974717445338982, "target": 18, "value": 3.0, "supply": [{"l": "Olives", "v": 3.0}]}, {"source": 9, "prod": 0.22376488705352238, "target": 18, "value": 54.0, "supply": [{"l": "Sugar", "v": 54.0}]}, {"source": 4, "prod": 0.0085886590671534375, "target": 18, "value": 11.0, "supply": [{"l": "Potatoes", "v": 11.0}]}, {"source": 5, "prod": 0.11078383388263588, "target": 18, "value": 352.0, "supply": [{"l": "Beans", "v": 1.0}, {"l": "Apples", "v": 2.0}, {"l": "Tomatoes", "v": 287.0}, {"l": "Treenuts", "v": 9.0}, {"l": "Fruits, Other", "v": 13.0}, {"l": "Vegetables, Other", "v": 36.0}, {"l": "Oranges, Mandarines", "v": 1.0}, {"l": "Pulses, Other", "v": 1.0}, {"l": "Onions", "v": 2.0}]}, {"source": 10, "prod": 0.02122508329275, "target": 18, "value": 9.0, "supply": [{"l": "Nuts", "v": 9.0}]}, {"source": 6, "prod": 0.14195911257619992, "target": 18, "value": 170.0, "supply": [{"l": "Fish, Seafood", "v": 84.0}, {"l": "Pelagic Fish", "v": 78.0}, {"l": "Crustaceans", "v": 3.0}, {"l": "Aquatic Plants", "v": 1.0}, {"l": "Aquatic Products, Other", "v": 1.0}, {"l": "Marine Fish, Other", "v": 3.0}]}, {"source": 11, "prod": 0.41746289857155006, "target": 18, "value": 41.0, "supply": [{"l": "Olive Oil", "v": 4.0}, {"l": "Coconut Oil", "v": 3.0}, {"l": "Soyabean Oil", "v": 20.0}, {"l": "Palmkernel Oil", "v": 2.0}, {"l": "Sunflowerseed Oil", "v": 12.0}]}, {"source": 7, "prod": 0.032529777374302252, "target": 19, "value": 41.0, "supply": [{"l": "Wine", "v": 41.0}]}, {"source": 2, "prod": 0.33050835994887329, "target": 19, "value": 101.0, "supply": [{"l": "Wheat", "v": 100.0}, {"l": "Oats", "v": 1.0}]}, {"source": 3, "prod": 0.0071949434890677963, "target": 19, "value": 6.0, "supply": [{"l": "Soyabeans", "v": 6.0}]}, {"source": 20, "prod": 0.36146274639637266, "target": 12, "value": 60.0, "supply": [{"l": "Olive Oil", "v": 13.0}, {"l": "Sugar", "v": 41.0}, {"l": "Groundnut Oil", "v": 5.0}, {"l": "Butter, Ghee", "v": 1.0}]}, {"source": 4, "prod": 0.078859505980227007, "target": 19, "value": 101.0, "supply": [{"l": "Potatoes", "v": 101.0}]}, {"source": 20, "prod": 0.082048025369417729, "target": 2, "value": 30.0, "supply": [{"l": "Rye", "v": 2.0}, {"l": "Barley", "v": 25.0}, {"l": "Rice", "v": 3.0}]}, {"source": 21, "prod": 4.6689057471991102, "target": 2, "value": 1356.0, "supply": [{"l": "Maize", "v": 532.0}, {"l": "Rye", "v": 138.0}, {"l": "Barley", "v": 54.0}, {"l": "Rice", "v": 103.0}, {"l": "Wheat", "v": 433.0}, {"l": "Oats", "v": 96.0}]}, {"source": 21, "prod": 0.32976824324894066, "target": 3, "value": 275.0, "supply": [{"l": "Olives", "v": 236.0}, {"l": "Sunflower seed", "v": 22.0}, {"l": "Oilcrops, Other", "v": 17.0}]}, {"source": 21, "prod": 0.051006229450703294, "target": 13, "value": 60.0, "supply": [{"l": "Sugar beet", "v": 38.0}, {"l": "Sugar cane", "v": 22.0}]}, {"source": 21, "prod": 1.0039002767302241, "target": 4, "value": 1268.0, "supply": [{"l": "Yams", "v": 3.0}, {"l": "Potatoes", "v": 1200.0}, {"l": "Sweet potatoes", "v": 65.0}]}, {"source": 21, "prod": 2.2319919214394761, "target": 5, "value": 3599.0, "supply": [{"l": "Tomatoes", "v": 558.0}, {"l": "Treenuts", "v": 36.0}, {"l": "Vegetables, Other", "v": 911.0}, {"l": "Grapes", "v": 1440.0}, {"l": "Beans", "v": 46.0}, {"l": "Apples", "v": 128.0}, {"l": "Lemons, Limes", "v": 7.0}, {"l": "Pineapples", "v": 2.0}, {"l": "Bananas", "v": 34.0}, {"l": "Fruits, Other", "v": 188.0}, {"l": "Grapefruit", "v": 8.0}, {"l": "Oranges, Mandarines", "v": 127.0}, {"l": "Onions", "v": 74.0}, {"l": "Pulses, Other", "v": 40.0}]}, {"source": 21, "prod": 0.084900333171, "target": 10, "value": 36.0, "supply": [{"l": "Nuts", "v": 36.0}]}, {"source": 1, "prod": 0.62575284620405891, "target": 6, "value": 850.0, "supply": [{"l": "Pelagic Fish", "v": 225.0}, {"l": "Crustaceans", "v": 5.0}, {"l": "Freshwater Fish", "v": 1.0}, {"l": "Molluscs, Other", "v": 1.0}, {"l": "Aquatic Plants", "v": 6.0}, {"l": "Demersal Fish", "v": 148.0}, {"l": "Aquatic Products, Other", "v": 6.0}, {"l": "Fish, Seafood", "v": 419.0}, {"l": "Marine Fish, Other", "v": 27.0}, {"l": "Cephalopods", "v": 12.0}]}, {"source": 1, "prod": 1.632726544026573, "target": 0, "value": 1472.0, "supply": [{"l": "Poultry Meat", "v": 145.0}, {"l": "Pigmeat", "v": 158.0}, {"l": "Bovine Meat", "v": 117.0}, {"l": "Eggs", "v": 61.0}, {"l": "Milk - Excluding Butter", "v": 929.0}, {"l": "Offals, Edible", "v": 35.0}, {"l": "Meat, Other", "v": 11.0}, {"l": "Mutton & Goat Meat", "v": 24.0}]}, {"source": 12, "prod": 1.9910033200421053, "target": 7, "value": 1592.0, "supply": [{"l": "Fats, Animals, Raw", "v": 55.0}, {"l": "Alcohol, Non-Food", "v": 6.0}, {"l": "Beverages, Fermented", "v": 1.0}, {"l": "Fish, Body Oil", "v": 6.0}, {"l": "Beer", "v": 378.0}, {"l": "Beverages, Alcoholic", "v": 110.0}, {"l": "Butter, Ghee", "v": 6.0}, {"l": "Wine", "v": 1030.0}]}, {"source": 12, "prod": 2.5703385296479979, "target": 11, "value": 250.0, "supply": [{"l": "Olive Oil", "v": 57.0}, {"l": "Soyabean Oil", "v": 41.0}, {"l": "Coconut Oil", "v": 12.0}, {"l": "Maize Germ Oil", "v": 4.0}, {"l": "Groundnut Oil", "v": 7.0}, {"l": "Palm Oil", "v": 18.0}, {"l": "Palmkernel Oil", "v": 4.0}, {"l": "Oilcrops Oil, Other", "v": 6.0}, {"l": "Sunflowerseed Oil", "v": 101.0}]}, {"source": 12, "prod": 1.3748947681407406, "target": 9, "value": 332.0, "supply": [{"l": "Honey", "v": 4.0}, {"l": "Sweeteners, Other", "v": 2.0}, {"l": "Sugar", "v": 326.0}]}]}