{"nodes": [{"layer": 3, "name": "Cereals", "fill": "#e7ba52"}, {"layer": 5, "name": "Production", "fill": "#b5cf6b"}, {"layer": 3, "name": "Oilcrops", "fill": "#ff9896"}, {"layer": 3, "name": "Fruits, Roots & Vegetables", "fill": "#98df8a"}, {"layer": 3, "name": "Sugar Crops", "fill": "#ffbb78"}, {"layer": 1, "name": "Electricity", "fill": "#bcbd22"}, {"layer": 0, "name": "Fossil Fuels", "fill": "#c49c94"}, {"layer": 0, "name": "Renewables & Nuclear", "fill": "#2ca02c"}, {"layer": 1, "name": "Fertilizers", "fill": "#c5b0d5"}, {"layer": 0, "name": "Labor", "fill": "#7f7f7f"}], "links": [{"source": 0, "prod": 1479.0, "target": 1, "value": 5.1899235126213732, "supply": [{"l": "Maize", "v": 2.2952575260846344}, {"l": "Rye", "v": 0.50238268014178344}, {"l": "Barley", "v": 0.13301823316982289}, {"l": "Rice", "v": 0.52949002428520986}, {"l": "Wheat", "v": 1.5492275049813407}, {"l": "Oats", "v": 0.14615753558551903}, {"l": "Millet", "v": 0.034390008373063295}]}, {"source": 2, "prod": 319.0, "target": 1, "value": 0.43694168811245959, "supply": [{"l": "Olives", "v": 0.41807494740779289}, {"l": "Oilcrops, Other", "v": 0.018866740704666665}, {"l": "Oil Palm", "v": 5.5511151231257827e-17}]}, {"source": 3, "prod": 5527.0, "target": 1, "value": 4.1852543788177421, "supply": [{"l": "Nuts", "v": 0.2255242151221917}, {"l": "Yams", "v": 0.002122508329275}, {"l": "Tomatoes", "v": 0.081748093078017336}, {"l": "Treenuts", "v": 0.22574274633839536}, {"l": "Vegetables, Other", "v": 0.22177047689994367}, {"l": "Grapes", "v": 1.4205645032361967}, {"l": "Potatoes", "v": 0.88877844051066957}, {"l": "Pineapples", "v": 0.0012014198090235851}, {"l": "Beans", "v": 0.25649466852365493}, {"l": "Apples", "v": 0.046695183244050004}, {"l": "Lemons, Limes", "v": 0.011622222200000001}, {"l": "Bananas", "v": 0.02188836714564844}, {"l": "Fruits, Other", "v": 0.38573774868142485}, {"l": "Sweet potatoes", "v": 0.056600222113999996}, {"l": "Grapefruit", "v": 0.0023244444400000001}, {"l": "Oranges, Mandarines", "v": 0.06685568555659939}, {"l": "Onions", "v": 0.033519092576602599}, {"l": "Pulses, Other", "v": 0.23606434101204879}]}, {"source": 4, "prod": 120.0, "target": 1, "value": 0.10152950481840226, "supply": [{"l": "Sugar beet", "v": 0.087166666500000003}, {"l": "Sugar cane", "v": 0.014362838318402259}]}, {"source": 5, "prod": 0, "target": 3, "value": 0.0029654649966624107, "supply": "[{\"l\":'Energy for power irrigation',\"v\":0.0029654649966624107}]"}, {"source": 5, "prod": 0, "target": 4, "value": 6.3905144940197409e-05, "supply": "[{\"l\":'Energy for power irrigation',\"v\":6.3905144940197409e-05}]"}, {"source": 5, "prod": 0, "target": 0, "value": 0.00088987914329224894, "supply": "[{\"l\":'Energy for power irrigation',\"v\":0.00088987914329224894}]"}, {"source": 5, "prod": 0, "target": 2, "value": 0.00020662663530663831, "supply": "[{\"l\":'Energy for power irrigation',\"v\":0.00020662663530663831}]"}, {"source": 6, "prod": 0, "target": 5, "value": 0.0011919596713333171, "supply": [{"l": "Coal", "v": 0.0010906133594690681}, {"l": "Natural gas", "v": 0.0}, {"l": "Oil", "v": 0.00010134631186424912}]}, {"source": 7, "prod": 0, "target": 5, "value": 0.0036620251115001439, "supply": [{"l": "Nuclear", "v": 0.0}, {"l": "Hydroelectric", "v": 0.0036449088454964039}, {"l": "Renewable", "v": 1.7116266003739858e-05}]}, {"source": 6, "prod": 0, "target": 3, "value": 1.9437971625625039, "supply": [{"l": "Motor Gasoline", "v": 0.0088445932450377397}, {"l": "Gas-Diesel oil", "v": 0.92146153552138865}, {"l": "Natural gas (including LNG)", "v": 0.020431076946776421}, {"l": "Fuel oil", "v": 0.034952448249012953}, {"l": "Liquefied petroleum gas (LPG)", "v": 0.009443549898200565}, {"l": "Other fossil fuels", "v": 0.94866395870208753}]}, {"source": 6, "prod": 0, "target": 4, "value": 0.041888418695788895, "supply": [{"l": "Motor Gasoline", "v": 0.00019059911814753143}, {"l": "Gas-Diesel oil", "v": 0.019857301654407224}, {"l": "Natural gas (including LNG)", "v": 0.00044028539707518551}, {"l": "Fuel oil", "v": 0.00075321788450777674}, {"l": "Liquefied petroleum gas (LPG)", "v": 0.0002035065076383349}, {"l": "Other fossil fuels", "v": 0.020443508134012842}]}, {"source": 6, "prod": 0, "target": 0, "value": 0.58329623033886036, "supply": [{"l": "Motor Gasoline", "v": 0.0026540927202043751}, {"l": "Gas-Diesel oil", "v": 0.27651292553762064}, {"l": "Natural gas (including LNG)", "v": 0.006130974154271958}, {"l": "Fuel oil", "v": 0.010488559041770791}, {"l": "Liquefied petroleum gas (LPG)", "v": 0.0028338281188638134}, {"l": "Other fossil fuels", "v": 0.28467585076612878}]}, {"source": 6, "prod": 0, "target": 2, "value": 0.13543922044971743, "supply": [{"l": "Motor Gasoline", "v": 0.00061627048201035159}, {"l": "Gas-Diesel oil", "v": 0.064205275349250024}, {"l": "Natural gas (including LNG)", "v": 0.0014235894505430999}, {"l": "Fuel oil", "v": 0.0024354044932418115}, {"l": "Liquefied petroleum gas (LPG)", "v": 0.00065800437469728287}, {"l": "Other fossil fuels", "v": 0.066100676299974861}]}, {"source": 8, "prod": 143.03947363665699, "target": 3, "value": 1.6866077297294086, "supply": [{"l": "Potash", "v": 0.045637222258731999}, {"l": "Phosphate", "v": 0.30472120857711033}, {"l": "Nitrogen", "v": 1.9962328210414304}]}, {"source": 8, "prod": 3.0824704743465636, "target": 4, "value": 0.036346040687353698, "supply": [{"l": "Potash", "v": 0.045637222258731999}, {"l": "Phosphate", "v": 0.30472120857711033}, {"l": "Nitrogen", "v": 1.9962328210414304}]}, {"source": 8, "prod": 42.9234013552759, "target": 0, "value": 0.50611861657140023, "supply": [{"l": "Potash", "v": 0.045637222258731999}, {"l": "Phosphate", "v": 0.30472120857711033}, {"l": "Nitrogen", "v": 1.9962328210414304}]}, {"source": 8, "prod": 9.9666545337205559, "target": 2, "value": 0.11751886488911029, "supply": [{"l": "Potash", "v": 0.045637222258731999}, {"l": "Phosphate", "v": 0.30472120857711033}, {"l": "Nitrogen", "v": 1.9962328210414304}]}, {"source": 6, "prod": 0, "target": 8, "value": 2.7979657515792478, "supply": [{"l": "Natural gas (including LNG)", "v": 1.9084446273643929}, {"l": "Fuel oil", "v": 0.53664468002753929}, {"l": "Liquefied petroleum gas (LPG)", "v": 0.17643822209365764}, {"l": "Coal", "v": 0.17643822209365764}]}, {"source": 9, "prod": 0, "target": 3, "value": 0.51813409507071062, "supply": "[{\"l\":'Labor',\"v\":0.51813409507071062}]"}, {"source": 9, "prod": 0, "target": 4, "value": 0.011165680418153055, "supply": "[{\"l\":'Labor',\"v\":0.011165680418153055}]"}, {"source": 9, "prod": 0, "target": 0, "value": 0.15548209982278127, "supply": "[{\"l\":'Labor',\"v\":0.15548209982278127}]"}, {"source": 9, "prod": 0, "target": 2, "value": 0.036102366685361542, "supply": "[{\"l\":'Labor',\"v\":0.036102366685361542}]"}]}