{"nodes": [{"layer": 5, "name": "Cereals, Other"}, {"layer": 10, "name": "Feed", "fill": "#dbdb8d"}, {"layer": 13, "name": "Pelagic Fish"}, {"layer": 5, "name": "Oats"}, {"layer": 5, "name": "Potatoes"}, {"layer": 5, "name": "Vegetables, Other"}, {"layer": 5, "name": "Fruits, Other"}, {"layer": 13, "name": "Milk - Excluding Butter"}, {"layer": 5, "name": "Sweet potatoes"}, {"layer": 5, "name": "Barley"}, {"layer": 13, "name": "Fish, Seafood"}, {"layer": 5, "name": "Oilcrops, Other"}, {"layer": 5, "name": "Maize"}, {"layer": 5, "name": "Sorghum"}, {"layer": 5, "name": "Pulses, Other"}, {"layer": 5, "name": "Cassava"}, {"layer": 16, "name": "Food", "fill": "#b5cf6b"}, {"layer": 5, "name": "Olives"}, {"layer": 5, "name": "Rye"}, {"layer": 5, "name": "Nuts"}, {"layer": 5, "name": "Yams"}, {"layer": 13, "name": "Sugar", "fill": "#d6616b"}, {"layer": 13, "name": "Maize Germ Oil"}, {"layer": 13, "name": "Beer"}, {"layer": 13, "name": "Groundnut Oil"}, {"layer": 13, "name": "Beverages, Alcoholic"}, {"layer": 13, "name": "Sesameseed Oil"}, {"layer": 13, "name": "Honey"}, {"layer": 5, "name": "Rice"}, {"layer": 13, "name": "Butter, Ghee"}, {"layer": 5, "name": "Tomatoes"}, {"layer": 13, "name": "Fats, Animals, Raw"}, {"layer": 5, "name": "Coffee"}, {"layer": 5, "name": "Wheat"}, {"layer": 5, "name": "Coconuts - Incl Copra"}, {"layer": 5, "name": "Treenuts"}, {"layer": 13, "name": "Crustaceans"}, {"layer": 13, "name": "Eggs"}, {"layer": 13, "name": "Marine Fish, Other"}, {"layer": 5, "name": "Grapes"}, {"layer": 5, "name": "Groundnuts"}, {"layer": 13, "name": "Palm Oil"}, {"layer": 13, "name": "Wine"}, {"layer": 13, "name": "Olive Oil"}, {"layer": 13, "name": "Pigmeat"}, {"layer": 5, "name": "Cocoa Beans"}, {"layer": 13, "name": "Coconut Oil"}, {"layer": 5, "name": "Grapefruit"}, {"layer": 5, "name": "Pineapples"}, {"layer": 5, "name": "Beans"}, {"layer": 5, "name": "Apples"}, {"layer": 13, "name": "Meat, Other"}, {"layer": 5, "name": "Lemons, Limes"}, {"layer": 13, "name": "Cephalopods"}, {"layer": 13, "name": "Mutton & Goat Meat"}, {"layer": 5, "name": "Bananas"}, {"layer": 5, "name": "Tea"}, {"layer": 5, "name": "Millet"}, {"layer": 13, "name": "Poultry Meat"}, {"layer": 13, "name": "Offals, Edible"}, {"layer": 13, "name": "Demersal Fish"}, {"layer": 5, "name": "Oranges, Mandarines"}, {"layer": 13, "name": "Bovine Meat"}, {"layer": 13, "name": "Palmkernel Oil"}, {"layer": 5, "name": "Onions"}, {"layer": 13, "name": "Fish, Liver Oil"}, {"layer": 10, "name": "Processing", "fill": "#9edae5"}, {"layer": 5, "name": "Cottonseed"}, {"layer": 5, "name": "Sesame seed"}, {"layer": 5, "name": "Sugar beet"}, {"layer": 5, "name": "Palm kernels"}, {"layer": 5, "name": "Sugar cane"}, {"layer": 16, "name": "Biofuels & Other", "fill": "#e7ba52"}, {"layer": 13, "name": "Alcohol, Non-Food"}, {"layer": 13, "name": "Aquatic Products, Other"}, {"layer": 5, "name": "Roots, Other"}, {"layer": 13, "name": "Oilcrops Oil, Other"}, {"layer": 13, "name": "Fish, Body Oil"}, {"layer": 13, "name": "Aquatic Plants"}, {"layer": 13, "name": "Cottonseed Oil"}, {"name": "Waste", "fill": "#c7c7c7"}, {"layer": 2, "name": "Import", "fill": "#aec7e8"}, {"layer": 16, "name": "Export", "fill": "#aec7e8"}, {"layer": 13, "name": "Molluscs, Other"}, {"layer": 16, "name": "Stock Deposit", "fill": "#c7c7c7"}, {"layer": 0, "name": "Stock Draw", "fill": "#c7c7c7"}, {"layer": 2, "name": "Electricity", "fill": "#bcbd22"}, {"layer": 0, "name": "Fossil Fuels", "fill": "#c49c94"}, {"layer": 0, "name": "Renewables & Nuclear", "fill": "#2ca02c"}, {"layer": 2, "name": "Fertilizers", "fill": "#c5b0d5"}, {"layer": 0, "name": "Labor", "fill": "#7f7f7f"}], "links": [{"source": 0, "prod": 1.0, "target": 1, "value": 0.0034731954479045452, "supply": [{"l": "Cereals, Other", "v": 0.0034731954479045452}]}, {"source": 2, "prod": 68.0, "target": 1, "value": 0.068918176788947669, "supply": [{"l": "Pelagic Fish", "v": 0.068918176788947669}]}, {"source": 3, "prod": 90.0, "target": 1, "value": 0.21831514243971431, "supply": [{"l": "Oats", "v": 0.21831514243971431}]}, {"source": 4, "prod": 132.0, "target": 1, "value": 0.10286952990039612, "supply": [{"l": "Potatoes", "v": 0.10286952990039612}]}, {"source": 5, "prod": 21.0, "target": 1, "value": 0.0056894915914056099, "supply": [{"l": "Vegetables, Other", "v": 0.0056894915914056099}]}, {"source": 6, "prod": 1.0, "target": 1, "value": 0.00064470384621920359, "supply": [{"l": "Fruits, Other", "v": 0.00064470384621920359}]}, {"source": 7, "prod": 5.0, "target": 1, "value": 0.0031723069410697479, "supply": [{"l": "Milk - Excluding Butter", "v": 0.0031723069410697479}]}, {"source": 8, "prod": 52.0, "target": 1, "value": 0.051939027351670594, "supply": [{"l": "Sweet potatoes", "v": 0.051939027351670594}]}, {"source": 9, "prod": 49.0, "target": 1, "value": 0.13419730081867742, "supply": [{"l": "Barley", "v": 0.13419730081867742}]}, {"source": 10, "prod": 68.0, "target": 1, "value": 0.035084546733699075, "supply": [{"l": "Fish, Seafood", "v": 0.035084546733699075}]}, {"source": 11, "prod": 1.0, "target": 1, "value": 0.0015722283920555555, "supply": [{"l": "Oilcrops, Other", "v": 0.0015722283920555555}]}, {"source": 12, "prod": 539.0, "target": 1, "value": 2.0747769123671116, "supply": [{"l": "Maize", "v": 2.0747769123671116}]}, {"source": 13, "prod": 31.0, "target": 1, "value": 0.11061443196822049, "supply": [{"l": "Sorghum", "v": 0.11061443196822049}]}, {"source": 14, "prod": 30.0, "target": 1, "value": 0.12458201063135869, "supply": [{"l": "Pulses, Other", "v": 0.12458201063135869}]}, {"source": 15, "prod": 36.0, "target": 1, "value": 0.035957788166541181, "supply": [{"l": "Cassava", "v": 0.035957788166541181}]}, {"source": 12, "prod": 242.0, "target": 16, "value": 0.93153249126686644, "supply": [{"l": "Maize", "v": 0.93153249126686644}]}, {"source": 17, "prod": 18.0, "target": 16, "value": 0.021935971249923445, "supply": [{"l": "Olives", "v": 0.021935971249923445}]}, {"source": 18, "prod": 154.0, "target": 16, "value": 0.46084615185713923, "supply": [{"l": "Rye", "v": 0.46084615185713923}]}, {"source": 19, "prod": 95.0, "target": 16, "value": 0.19363233881105263, "supply": [{"l": "Nuts", "v": 0.19363233881105263}]}, {"source": 20, "prod": 2.0, "target": 16, "value": 0.0033960133268400002, "supply": [{"l": "Yams", "v": 0.0033960133268400002}]}, {"source": 21, "prod": 189.0, "target": 16, "value": 0.78292152034316687, "supply": [{"l": "Sugar", "v": 0.78292152034316687}]}, {"source": 22, "prod": 3.0, "target": 16, "value": 0.029964823472117649, "supply": [{"l": "Maize Germ Oil", "v": 0.029964823472117649}]}, {"source": 23, "prod": 67.0, "target": 16, "value": 0.037081631828272489, "supply": [{"l": "Beer", "v": 0.037081631828272489}]}, {"source": 24, "prod": 60.0, "target": 16, "value": 0.61813400466605273, "supply": [{"l": "Groundnut Oil", "v": 0.61813400466605273}]}, {"source": 25, "prod": 109.0, "target": 16, "value": 0.3753685814777265, "supply": [{"l": "Beverages, Alcoholic", "v": 0.3753685814777265}]}, {"source": 9, "prod": 3.0, "target": 16, "value": 0.0082161612746129049, "supply": [{"l": "Barley", "v": 0.0082161612746129049}]}, {"source": 26, "prod": 2.0, "target": 16, "value": 0.022147913001130438, "supply": [{"l": "Sesameseed Oil", "v": 0.022147913001130438}]}, {"source": 27, "prod": 3.0, "target": 16, "value": 0.0087827930866551732, "supply": [{"l": "Honey", "v": 0.0087827930866551732}]}, {"source": 28, "prod": 116.0, "target": 16, "value": 0.50876172502018546, "supply": [{"l": "Rice", "v": 0.50876172502018546}]}, {"source": 29, "prod": 7.0, "target": 16, "value": 0.057144455018942303, "supply": [{"l": "Butter, Ghee", "v": 0.057144455018942303}]}, {"source": 30, "prod": 293.0, "target": 16, "value": 0.059636314340073125, "supply": [{"l": "Tomatoes", "v": 0.059636314340073125}]}, {"source": 31, "prod": 24.0, "target": 16, "value": 0.20226255843679414, "supply": [{"l": "Fats, Animals, Raw", "v": 0.20226255843679414}]}, {"source": 32, "prod": 14.0, "target": 16, "value": 0.0073370658295925928, "supply": [{"l": "Coffee", "v": 0.0073370658295925928}]}, {"source": 33, "prod": 673.0, "target": 16, "value": 2.2122231123129517, "supply": [{"l": "Wheat", "v": 2.2122231123129517}]}, {"source": 34, "prod": 2.0, "target": 16, "value": 0.003144456784111111, "supply": [{"l": "Coconuts - Incl Copra", "v": 0.003144456784111111}]}, {"source": 35, "prod": 95.0, "target": 16, "value": 0.19363233881105263, "supply": [{"l": "Treenuts", "v": 0.19363233881105263}]}, {"source": 36, "prod": 1.0, "target": 16, "value": 0.00081634935741346152, "supply": [{"l": "Crustaceans", "v": 0.00081634935741346152}]}, {"source": 37, "prod": 31.0, "target": 16, "value": 0.049159244637806035, "supply": [{"l": "Eggs", "v": 0.049159244637806035}]}, {"source": 5, "prod": 784.0, "target": 16, "value": 0.21240768607914273, "supply": [{"l": "Vegetables, Other", "v": 0.21240768607914273}]}, {"source": 38, "prod": 68.0, "target": 16, "value": 0.0485458567420207, "supply": [{"l": "Marine Fish, Other", "v": 0.0485458567420207}]}, {"source": 39, "prod": 89.0, "target": 16, "value": 0.067198781492066206, "supply": [{"l": "Grapes", "v": 0.067198781492066206}]}, {"source": 40, "prod": 1.0, "target": 16, "value": 0.007718212106454546, "supply": [{"l": "Groundnuts", "v": 0.007718212106454546}]}, {"source": 41, "prod": 9.0, "target": 16, "value": 0.089894470416352942, "supply": [{"l": "Palm Oil", "v": 0.089894470416352942}]}, {"source": 42, "prod": 793.0, "target": 16, "value": 0.6255952426091429, "supply": [{"l": "Wine", "v": 0.6255952426091429}]}, {"source": 3, "prod": 1.0, "target": 16, "value": 0.0024257238048857148, "supply": [{"l": "Oats", "v": 0.0024257238048857148}]}, {"source": 43, "prod": 61.0, "target": 16, "value": 0.62865506816214456, "supply": [{"l": "Olive Oil", "v": 0.62865506816214456}]}, {"source": 44, "prod": 91.0, "target": 16, "value": 0.17915200738692175, "supply": [{"l": "Pigmeat", "v": 0.17915200738692175}]}, {"source": 45, "prod": 2.0, "target": 16, "value": 0.0032653974296538461, "supply": [{"l": "Cocoa Beans", "v": 0.0032653974296538461}]}, {"source": 4, "prod": 994.0, "target": 16, "value": 0.77463873273480122, "supply": [{"l": "Potatoes", "v": 0.77463873273480122}]}, {"source": 46, "prod": 2.0, "target": 16, "value": 0.019295530266136365, "supply": [{"l": "Coconut Oil", "v": 0.019295530266136365}]}, {"source": 47, "prod": 5.0, "target": 16, "value": 0.0058111111000000003, "supply": [{"l": "Grapefruit", "v": 0.0058111111000000003}]}, {"source": 7, "prod": 634.0, "target": 16, "value": 0.40224852012764406, "supply": [{"l": "Milk - Excluding Butter", "v": 0.40224852012764406}]}, {"source": 48, "prod": 2.0, "target": 16, "value": 0.00070165564604132225, "supply": [{"l": "Pineapples", "v": 0.00070165564604132225}]}, {"source": 49, "prod": 51.0, "target": 16, "value": 0.19886100568562651, "supply": [{"l": "Beans", "v": 0.19886100568562651}]}, {"source": 50, "prod": 81.0, "target": 16, "value": 0.048168130834624477, "supply": [{"l": "Apples", "v": 0.048168130834624477}]}, {"source": 10, "prod": 628.0, "target": 16, "value": 0.32401610807004444, "supply": [{"l": "Fish, Seafood", "v": 0.32401610807004444}]}, {"source": 51, "prod": 7.0, "target": 16, "value": 0.010487688215241178, "supply": [{"l": "Meat, Other", "v": 0.010487688215241178}]}, {"source": 52, "prod": 11.0, "target": 16, "value": 0.0037963563613048778, "supply": [{"l": "Lemons, Limes", "v": 0.0037963563613048778}]}, {"source": 53, "prod": 3.0, "target": 16, "value": 0.0039797031173906252, "supply": [{"l": "Cephalopods", "v": 0.0039797031173906252}]}, {"source": 54, "prod": 24.0, "target": 16, "value": 0.06414691839586667, "supply": [{"l": "Mutton & Goat Meat", "v": 0.06414691839586667}]}, {"source": 2, "prod": 96.0, "target": 16, "value": 0.097296249584396713, "supply": [{"l": "Pelagic Fish", "v": 0.097296249584396713}]}, {"source": 55, "prod": 41.0, "target": 16, "value": 0.029943343311922582, "supply": [{"l": "Bananas", "v": 0.029943343311922582}]}, {"source": 56, "prod": 1.0, "target": 16, "value": 0.0010783874227560542, "supply": [{"l": "Tea", "v": 0.0010783874227560542}]}, {"source": 6, "prod": 260.0, "target": 16, "value": 0.1676230000169929, "supply": [{"l": "Fruits, Other", "v": 0.1676230000169929}]}, {"source": 57, "prod": 8.0, "target": 16, "value": 0.033586944990725273, "supply": [{"l": "Millet", "v": 0.033586944990725273}]}, {"source": 58, "prod": 38.0, "target": 16, "value": 0.058926258639232891, "supply": [{"l": "Poultry Meat", "v": 0.058926258639232891}]}, {"source": 59, "prod": 22.0, "target": 16, "value": 0.029530550668173915, "supply": [{"l": "Offals, Edible", "v": 0.029530550668173915}]}, {"source": 8, "prod": 15.0, "target": 16, "value": 0.014982411736058823, "supply": [{"l": "Sweet potatoes", "v": 0.014982411736058823}]}, {"source": 60, "prod": 460.0, "target": 16, "value": 0.17524777574537143, "supply": [{"l": "Demersal Fish", "v": 0.17524777574537143}]}, {"source": 61, "prod": 127.0, "target": 16, "value": 0.052232800130808998, "supply": [{"l": "Oranges, Mandarines", "v": 0.052232800130808998}]}, {"source": 62, "prod": 79.0, "target": 16, "value": 0.1873498972209218, "supply": [{"l": "Bovine Meat", "v": 0.1873498972209218}]}, {"source": 14, "prod": 24.0, "target": 16, "value": 0.099665608505086961, "supply": [{"l": "Pulses, Other", "v": 0.099665608505086961}]}, {"source": 63, "prod": 1.0, "target": 16, "value": 0.010612541646375, "supply": [{"l": "Palmkernel Oil", "v": 0.010612541646375}]}, {"source": 64, "prod": 77.0, "target": 16, "value": 0.033697554918386594, "supply": [{"l": "Onions", "v": 0.033697554918386594}]}, {"source": 65, "prod": 1.0, "target": 16, "value": 0.012128619024428572, "supply": [{"l": "Fish, Liver Oil", "v": 0.012128619024428572}]}, {"source": 17, "prod": 547.0, "target": 66, "value": 0.66660979298378464, "supply": [{"l": "Olives", "v": 0.66660979298378464}]}, {"source": 33, "prod": 74.0, "target": 66, "value": 0.24324592913990847, "supply": [{"l": "Wheat", "v": 0.24324592913990847}]}, {"source": 34, "prod": 45.0, "target": 66, "value": 0.070750277642500012, "supply": [{"l": "Coconuts - Incl Copra", "v": 0.070750277642500012}]}, {"source": 67, "prod": 6.0, "target": 66, "value": 0.0094333703523333326, "supply": [{"l": "Cottonseed", "v": 0.0094333703523333326}]}, {"source": 44, "prod": 1.0, "target": 66, "value": 0.0019687033778782613, "supply": [{"l": "Pigmeat", "v": 0.0019687033778782613}]}, {"source": 68, "prod": 4.0, "target": 66, "value": 0.006288913568222222, "supply": [{"l": "Sesame seed", "v": 0.006288913568222222}]}, {"source": 9, "prod": 20.0, "target": 66, "value": 0.054774408497419359, "supply": [{"l": "Barley", "v": 0.054774408497419359}]}, {"source": 39, "prod": 1292.0, "target": 66, "value": 0.97551489536797253, "supply": [{"l": "Grapes", "v": 0.97551489536797253}]}, {"source": 40, "prod": 133.0, "target": 66, "value": 1.0265222101584548, "supply": [{"l": "Groundnuts", "v": 1.0265222101584548}]}, {"source": 69, "prod": 124.0, "target": 66, "value": 0.14411555528, "supply": [{"l": "Sugar beet", "v": 0.14411555528}]}, {"source": 70, "prod": 7.0, "target": 66, "value": 0.011005598744388889, "supply": [{"l": "Palm kernels", "v": 0.011005598744388889}]}, {"source": 71, "prod": 53.0, "target": 66, "value": 0.01991025512417257, "supply": [{"l": "Sugar cane", "v": 0.01991025512417257}]}, {"source": 11, "prod": 13.0, "target": 66, "value": 0.020438969096722222, "supply": [{"l": "Oilcrops, Other", "v": 0.020438969096722222}]}, {"source": 42, "prod": 186.0, "target": 66, "value": 0.14673482361324161, "supply": [{"l": "Wine", "v": 0.14673482361324161}]}, {"source": 12, "prod": 31.0, "target": 72, "value": 0.11932854226972255, "supply": [{"l": "Maize", "v": 0.11932854226972255}]}, {"source": 73, "prod": 1.0, "target": 72, "value": 0.00078889690114646027, "supply": [{"l": "Alcohol, Non-Food", "v": 0.00078889690114646027}]}, {"source": 21, "prod": 6.0, "target": 72, "value": 0.024854651439465615, "supply": [{"l": "Sugar", "v": 0.024854651439465615}]}, {"source": 23, "prod": 2.0, "target": 72, "value": 0.0011069143829335072, "supply": [{"l": "Beer", "v": 0.0011069143829335072}]}, {"source": 24, "prod": 2.0, "target": 72, "value": 0.020604466822201756, "supply": [{"l": "Groundnut Oil", "v": 0.020604466822201756}]}, {"source": 25, "prod": 14.0, "target": 72, "value": 0.048212478354937353, "supply": [{"l": "Beverages, Alcoholic", "v": 0.048212478354937353}]}, {"source": 74, "prod": 20.0, "target": 72, "value": 0.014278193159417854, "supply": [{"l": "Aquatic Products, Other", "v": 0.014278193159417854}]}, {"source": 28, "prod": 3.0, "target": 72, "value": 0.013157630819487556, "supply": [{"l": "Rice", "v": 0.013157630819487556}]}, {"source": 31, "prod": 20.0, "target": 72, "value": 0.16855213203066177, "supply": [{"l": "Fats, Animals, Raw", "v": 0.16855213203066177}]}, {"source": 75, "prod": 2.0, "target": 72, "value": 0.0019976548981411766, "supply": [{"l": "Roots, Other", "v": 0.0019976548981411766}]}, {"source": 41, "prod": 6.0, "target": 72, "value": 0.05992964694423529, "supply": [{"l": "Palm Oil", "v": 0.05992964694423529}]}, {"source": 43, "prod": 15.0, "target": 72, "value": 0.1545873118431503, "supply": [{"l": "Olive Oil", "v": 0.1545873118431503}]}, {"source": 44, "prod": 3.0, "target": 72, "value": 0.0059061101336347829, "supply": [{"l": "Pigmeat", "v": 0.0059061101336347829}]}, {"source": 4, "prod": 48.0, "target": 72, "value": 0.037407101781962229, "supply": [{"l": "Potatoes", "v": 0.037407101781962229}]}, {"source": 46, "prod": 4.0, "target": 72, "value": 0.038591060532272729, "supply": [{"l": "Coconut Oil", "v": 0.038591060532272729}]}, {"source": 7, "prod": 23.0, "target": 72, "value": 0.01459261192892084, "supply": [{"l": "Milk - Excluding Butter", "v": 0.01459261192892084}]}, {"source": 76, "prod": 5.0, "target": 72, "value": 0.048238825665340906, "supply": [{"l": "Oilcrops Oil, Other", "v": 0.048238825665340906}]}, {"source": 62, "prod": 2.0, "target": 72, "value": 0.004743035372681564, "supply": [{"l": "Bovine Meat", "v": 0.004743035372681564}]}, {"source": 77, "prod": 3.0, "target": 72, "value": 0.063675249878250004, "supply": [{"l": "Fish, Body Oil", "v": 0.063675249878250004}]}, {"source": 58, "prod": 1.0, "target": 72, "value": 0.0015506910168219181, "supply": [{"l": "Poultry Meat", "v": 0.0015506910168219181}]}, {"source": 78, "prod": 20.0, "target": 72, "value": 0.014278193159417854, "supply": [{"l": "Aquatic Plants", "v": 0.014278193159417854}]}, {"source": 79, "prod": 1.0, "target": 72, "value": 0.010304027100322116, "supply": [{"l": "Cottonseed Oil", "v": 0.010304027100322116}]}, {"source": 63, "prod": 1.0, "target": 72, "value": 0.010612541646375, "supply": [{"l": "Palmkernel Oil", "v": 0.010612541646375}]}, {"source": 12, "prod": 21.0, "target": 12, "value": 0.080835464118199141, "supply": [{"l": "Maize", "v": 0.080835464118199141}]}, {"source": 33, "prod": 65.0, "target": 33, "value": 0.21366196478505475, "supply": [{"l": "Wheat", "v": 0.21366196478505475}]}, {"source": 3, "prod": 15.0, "target": 3, "value": 0.036385857073285718, "supply": [{"l": "Oats", "v": 0.036385857073285718}]}, {"source": 4, "prod": 155.0, "target": 4, "value": 0.12079376617091969, "supply": [{"l": "Potatoes", "v": 0.12079376617091969}]}, {"source": 37, "prod": 3.0, "target": 37, "value": 0.0047573462552715513, "supply": [{"l": "Eggs", "v": 0.0047573462552715513}]}, {"source": 18, "prod": 27.0, "target": 18, "value": 0.080797701948978951, "supply": [{"l": "Rye", "v": 0.080797701948978951}]}, {"source": 49, "prod": 9.0, "target": 49, "value": 0.035093118650404674, "supply": [{"l": "Beans", "v": 0.035093118650404674}]}, {"source": 9, "prod": 9.0, "target": 9, "value": 0.024648483823838711, "supply": [{"l": "Barley", "v": 0.024648483823838711}]}, {"source": 28, "prod": 4.0, "target": 28, "value": 0.017543507759316745, "supply": [{"l": "Rice", "v": 0.017543507759316745}]}, {"source": 14, "prod": 7.0, "target": 14, "value": 0.029069135813983696, "supply": [{"l": "Pulses, Other", "v": 0.029069135813983696}]}, {"source": 12, "prod": 4.0, "target": 80, "value": 0.015397231260609361, "supply": [{"l": "Maize", "v": 0.015397231260609361}]}, {"source": 6, "prod": 31.0, "target": 80, "value": 0.019985819232795313, "supply": [{"l": "Fruits, Other", "v": 0.019985819232795313}]}, {"source": 47, "prod": 1.0, "target": 80, "value": 0.0011622222200000001, "supply": [{"l": "Grapefruit", "v": 0.0011622222200000001}]}, {"source": 9, "prod": 2.0, "target": 80, "value": 0.0054774408497419358, "supply": [{"l": "Barley", "v": 0.0054774408497419358}]}, {"source": 19, "prod": 5.0, "target": 80, "value": 0.010191175726897508, "supply": [{"l": "Nuts", "v": 0.010191175726897508}]}, {"source": 33, "prod": 2.0, "target": 80, "value": 0.0065742143010786083, "supply": [{"l": "Wheat", "v": 0.0065742143010786083}]}, {"source": 35, "prod": 5.0, "target": 80, "value": 0.010191175726897508, "supply": [{"l": "Treenuts", "v": 0.010191175726897508}]}, {"source": 37, "prod": 1.0, "target": 80, "value": 0.0015857820850905171, "supply": [{"l": "Eggs", "v": 0.0015857820850905171}]}, {"source": 5, "prod": 88.0, "target": 80, "value": 0.023841679049699697, "supply": [{"l": "Vegetables, Other", "v": 0.023841679049699697}]}, {"source": 30, "prod": 75.0, "target": 80, "value": 0.015265268175786635, "supply": [{"l": "Tomatoes", "v": 0.015265268175786635}]}, {"source": 11, "prod": 1.0, "target": 80, "value": 0.0015722283920555555, "supply": [{"l": "Oilcrops, Other", "v": 0.0015722283920555555}]}, {"source": 3, "prod": 6.0, "target": 80, "value": 0.014554342829314287, "supply": [{"l": "Oats", "v": 0.014554342829314287}]}, {"source": 4, "prod": 66.0, "target": 80, "value": 0.05143476495019806, "supply": [{"l": "Potatoes", "v": 0.05143476495019806}]}, {"source": 7, "prod": 3.0, "target": 80, "value": 0.0019033841646418487, "supply": [{"l": "Milk - Excluding Butter", "v": 0.0019033841646418487}]}, {"source": 49, "prod": 3.0, "target": 80, "value": 0.01169770621680156, "supply": [{"l": "Beans", "v": 0.01169770621680156}]}, {"source": 50, "prod": 9.0, "target": 80, "value": 0.0053520145371804958, "supply": [{"l": "Apples", "v": 0.0053520145371804958}]}, {"source": 52, "prod": 1.0, "target": 80, "value": 0.00034512330557317074, "supply": [{"l": "Lemons, Limes", "v": 0.00034512330557317074}]}, {"source": 55, "prod": 5.0, "target": 80, "value": 0.0036516272331612904, "supply": [{"l": "Bananas", "v": 0.0036516272331612904}]}, {"source": 8, "prod": 7.0, "target": 80, "value": 0.0069917921434941169, "supply": [{"l": "Sweet potatoes", "v": 0.0069917921434941169}]}, {"source": 61, "prod": 13.0, "target": 80, "value": 0.0053466645803190316, "supply": [{"l": "Oranges, Mandarines", "v": 0.0053466645803190316}]}, {"source": 64, "prod": 4.0, "target": 80, "value": 0.0017505223334226801, "supply": [{"l": "Onions", "v": 0.0017505223334226801}]}, {"source": 14, "prod": 3.0, "target": 80, "value": 0.01245820106313587, "supply": [{"l": "Pulses, Other", "v": 0.01245820106313587}]}, {"source": 81, "prod": 36.0, "target": 15, "value": 0.035957788166541181, "supply": [{"l": "Cassava", "v": 0.035957788166541181}]}, {"source": 81, "prod": 3.0, "target": 11, "value": 0.0047166851761666663, "supply": [{"l": "Oilcrops, Other", "v": 0.0047166851761666663}]}, {"source": 81, "prod": 8.0, "target": 18, "value": 0.023940059836734508, "supply": [{"l": "Rye", "v": 0.023940059836734508}]}, {"source": 81, "prod": 1.0, "target": 5, "value": 0.00027092817101931474, "supply": [{"l": "Vegetables, Other", "v": 0.00027092817101931474}]}, {"source": 81, "prod": 18.0, "target": 28, "value": 0.078945784916925346, "supply": [{"l": "Rice", "v": 0.078945784916925346}]}, {"source": 81, "prod": 313.0, "target": 33, "value": 1.0288645381188022, "supply": [{"l": "Wheat", "v": 1.0288645381188022}]}, {"source": 81, "prod": 7.0, "target": 70, "value": 0.011005598744388889, "supply": [{"l": "Palm kernels", "v": 0.011005598744388889}]}, {"source": 81, "prod": 11.0, "target": 9, "value": 0.030125924673580644, "supply": [{"l": "Barley", "v": 0.030125924673580644}]}, {"source": 81, "prod": 15.0, "target": 32, "value": 0.0078611419602777795, "supply": [{"l": "Coffee", "v": 0.0078611419602777795}]}, {"source": 81, "prod": 1.0, "target": 0, "value": 0.0034731954479045452, "supply": [{"l": "Cereals, Other", "v": 0.0034731954479045452}]}, {"source": 81, "prod": 569.0, "target": 1, "value": 0.36514444007432961, "supply": [{"l": "Pigmeat", "v": 0.01378092364514783}, {"l": "Fish, Seafood", "v": 0.1331148979013877}, {"l": "Milk - Excluding Butter", "v": 0.012689227764278992}, {"l": "Marine Fish, Other", "v": 0.0028556386318835708}, {"l": "Pelagic Fish", "v": 0.070945181988622597}, {"l": "Bovine Meat", "v": 0.061659459844860341}, {"l": "Demersal Fish", "v": 0.070099110298148581}]}, {"source": 81, "prod": 2.0, "target": 45, "value": 0.0032653974296538461, "supply": [{"l": "Cocoa Beans", "v": 0.0032653974296538461}]}, {"source": 81, "prod": 31.0, "target": 13, "value": 0.11061443196822049, "supply": [{"l": "Sorghum", "v": 0.11061443196822049}]}, {"source": 81, "prod": 32.0, "target": 4, "value": 0.024938067854641487, "supply": [{"l": "Potatoes", "v": 0.024938067854641487}]}, {"source": 81, "prod": 10.0, "target": 55, "value": 0.0073032544663225807, "supply": [{"l": "Bananas", "v": 0.0073032544663225807}]}, {"source": 81, "prod": 6.0, "target": 49, "value": 0.02339541243360312, "supply": [{"l": "Beans", "v": 0.02339541243360312}]}, {"source": 81, "prod": 6.0, "target": 67, "value": 0.0094333703523333326, "supply": [{"l": "Cottonseed", "v": 0.0094333703523333326}]}, {"source": 81, "prod": 1.0, "target": 3, "value": 0.0024257238048857148, "supply": [{"l": "Oats", "v": 0.0024257238048857148}]}, {"source": 81, "prod": 212.0, "target": 12, "value": 0.81605325681229612, "supply": [{"l": "Maize", "v": 0.81605325681229612}]}, {"source": 81, "prod": 1.0, "target": 6, "value": 0.00064470384621920359, "supply": [{"l": "Fruits, Other", "v": 0.00064470384621920359}]}, {"source": 81, "prod": 4.0, "target": 68, "value": 0.006288913568222222, "supply": [{"l": "Sesame seed", "v": 0.006288913568222222}]}, {"source": 81, "prod": 134.0, "target": 40, "value": 1.0342404222649093, "supply": [{"l": "Groundnuts", "v": 1.0342404222649093}]}, {"source": 81, "prod": 47.0, "target": 34, "value": 0.073894734426611125, "supply": [{"l": "Coconuts - Incl Copra", "v": 0.073894734426611125}]}, {"source": 81, "prod": 242.0, "target": 66, "value": 1.2505507505945468, "supply": [{"l": "Sugar", "v": 0.79949128796947733}, {"l": "Groundnut Oil", "v": 0.10302233411100876}, {"l": "Oilcrops Oil, Other", "v": 0.019295530266136365}, {"l": "Sweeteners, Other", "v": 0.0040643776518031914}, {"l": "Fats, Animals, Raw", "v": 0.14326931222606251}, {"l": "Butter, Ghee", "v": 0.0081634935741346157}, {"l": "Palm Oil", "v": 0.169800666342}, {"l": "Beverages, Alcoholic", "v": 0.0034437484539240966}]}, {"source": 81, "prod": 2.0, "target": 75, "value": 0.0019976548981411766, "supply": [{"l": "Roots, Other", "v": 0.0019976548981411766}]}, {"source": 17, "prod": 5.0, "target": 82, "value": 0.0060933253472009565, "supply": [{"l": "Olives", "v": 0.0060933253472009565}]}, {"source": 73, "prod": 1.0, "target": 82, "value": 0.00078889690114646027, "supply": [{"l": "Alcohol, Non-Food", "v": 0.00078889690114646027}]}, {"source": 18, "prod": 1.0, "target": 82, "value": 0.0029925074795918135, "supply": [{"l": "Rye", "v": 0.0029925074795918135}]}, {"source": 19, "prod": 16.0, "target": 82, "value": 0.032611762326072026, "supply": [{"l": "Nuts", "v": 0.032611762326072026}]}, {"source": 23, "prod": 6.0, "target": 82, "value": 0.0033207431488005219, "supply": [{"l": "Beer", "v": 0.0033207431488005219}]}, {"source": 25, "prod": 20.0, "target": 82, "value": 0.068874969078481924, "supply": [{"l": "Beverages, Alcoholic", "v": 0.068874969078481924}]}, {"source": 30, "prod": 383.0, "target": 82, "value": 0.077954636151017082, "supply": [{"l": "Tomatoes", "v": 0.077954636151017082}]}, {"source": 32, "prod": 1.0, "target": 82, "value": 0.00052407613068518528, "supply": [{"l": "Coffee", "v": 0.00052407613068518528}]}, {"source": 35, "prod": 16.0, "target": 82, "value": 0.032611762326072026, "supply": [{"l": "Treenuts", "v": 0.032611762326072026}]}, {"source": 5, "prod": 9.0, "target": 82, "value": 0.0024383535391738331, "supply": [{"l": "Vegetables, Other", "v": 0.0024383535391738331}]}, {"source": 39, "prod": 7.0, "target": 82, "value": 0.0052852974207243083, "supply": [{"l": "Grapes", "v": 0.0052852974207243083}]}, {"source": 41, "prod": 1.0, "target": 82, "value": 0.0099882744907058823, "supply": [{"l": "Palm Oil", "v": 0.0099882744907058823}]}, {"source": 43, "prod": 9.0, "target": 82, "value": 0.092752387105890191, "supply": [{"l": "Olive Oil", "v": 0.092752387105890191}]}, {"source": 4, "prod": 8.0, "target": 82, "value": 0.0062345169636603718, "supply": [{"l": "Potatoes", "v": 0.0062345169636603718}]}, {"source": 46, "prod": 1.0, "target": 82, "value": 0.0096477651330681823, "supply": [{"l": "Coconut Oil", "v": 0.0096477651330681823}]}, {"source": 7, "prod": 25.0, "target": 82, "value": 0.015861534705348741, "supply": [{"l": "Milk - Excluding Butter", "v": 0.015861534705348741}]}, {"source": 2, "prod": 113.0, "target": 82, "value": 0.11452579378163362, "supply": [{"l": "Pelagic Fish", "v": 0.11452579378163362}]}, {"source": 49, "prod": 1.0, "target": 82, "value": 0.0038992354056005198, "supply": [{"l": "Beans", "v": 0.0038992354056005198}]}, {"source": 14, "prod": 6.0, "target": 82, "value": 0.02491640212627174, "supply": [{"l": "Pulses, Other", "v": 0.02491640212627174}]}, {"source": 10, "prod": 123.0, "target": 82, "value": 0.063461753650661562, "supply": [{"l": "Fish, Seafood", "v": 0.063461753650661562}]}, {"source": 53, "prod": 3.0, "target": 82, "value": 0.0039797031173906252, "supply": [{"l": "Cephalopods", "v": 0.0039797031173906252}]}, {"source": 42, "prod": 252.0, "target": 82, "value": 0.19880201908890796, "supply": [{"l": "Wine", "v": 0.19880201908890796}]}, {"source": 48, "prod": 1.0, "target": 82, "value": 0.00035082782302066112, "supply": [{"l": "Pineapples", "v": 0.00035082782302066112}]}, {"source": 6, "prod": 23.0, "target": 82, "value": 0.014828188463041682, "supply": [{"l": "Fruits, Other", "v": 0.014828188463041682}]}, {"source": 83, "prod": 6.0, "target": 82, "value": 0.0069733333200000004, "supply": [{"l": "Molluscs, Other", "v": 0.0069733333200000004}]}, {"source": 77, "prod": 7.0, "target": 82, "value": 0.14857558304925, "supply": [{"l": "Fish, Body Oil", "v": 0.14857558304925}]}, {"source": 60, "prod": 1.0, "target": 82, "value": 0.00038097342553341618, "supply": [{"l": "Demersal Fish", "v": 0.00038097342553341618}]}, {"source": 64, "prod": 6.0, "target": 82, "value": 0.0026257835001340206, "supply": [{"l": "Onions", "v": 0.0026257835001340206}]}, {"source": 65, "prod": 5.0, "target": 82, "value": 0.060643095122142866, "supply": [{"l": "Fish, Liver Oil", "v": 0.060643095122142866}]}, {"source": 2, "prod": 4.0, "target": 84, "value": 0.0040540103993498625, "supply": [{"l": "Pelagic Fish", "v": 0.0040540103993498625}]}, {"source": 85, "prod": 9.0, "target": 28, "value": 0.039472892458462673, "supply": [{"l": "Rice", "v": 0.039472892458462673}]}, {"source": 35, "prod": 3.0, "target": 84, "value": 0.0061147054361385044, "supply": [{"l": "Treenuts", "v": 0.0061147054361385044}]}, {"source": 43, "prod": 23.0, "target": 84, "value": 0.23703387815949714, "supply": [{"l": "Olive Oil", "v": 0.23703387815949714}]}, {"source": 19, "prod": 3.0, "target": 84, "value": 0.0061147054361385044, "supply": [{"l": "Nuts", "v": 0.0061147054361385044}]}, {"source": 10, "prod": 4.0, "target": 84, "value": 0.002063796866688181, "supply": [{"l": "Fish, Seafood", "v": 0.002063796866688181}]}, {"source": 9, "prod": 3.0, "target": 84, "value": 0.0082161612746129049, "supply": [{"l": "Barley", "v": 0.0082161612746129049}]}, {"source": 77, "prod": 1.0, "target": 84, "value": 0.02122508329275, "supply": [{"l": "Fish, Body Oil", "v": 0.02122508329275}]}, {"source": 24, "prod": 10.0, "target": 84, "value": 0.10302233411100876, "supply": [{"l": "Groundnut Oil", "v": 0.10302233411100876}]}, {"source": 85, "prod": 258.0, "target": 66, "value": 0.20353540049578675, "supply": [{"l": "Wine", "v": 0.20353540049578675}]}, {"source": 65, "prod": 1.0, "target": 84, "value": 0.012128619024428572, "supply": [{"l": "Fish, Liver Oil", "v": 0.012128619024428572}]}, {"source": 21, "prod": 11.0, "target": 84, "value": 0.045566860972353629, "supply": [{"l": "Sugar", "v": 0.045566860972353629}]}, {"source": 25, "prod": 25.0, "target": 84, "value": 0.086093711348102411, "supply": [{"l": "Beverages, Alcoholic", "v": 0.086093711348102411}]}, {"source": 33, "prod": 150.0, "target": 84, "value": 0.49306607258089558, "supply": [{"l": "Wheat", "v": 0.49306607258089558}]}, {"source": 1, "prod": 39.0, "target": 58, "value": 0.06047694965605481, "supply": [{"l": "Poultry Meat", "v": 0.06047694965605481}]}, {"source": 1, "prod": 95.0, "target": 44, "value": 0.18702682089843481, "supply": [{"l": "Pigmeat", "v": 0.18702682089843481}]}, {"source": 1, "prod": 281.0, "target": 2, "value": 0.2847942305543279, "supply": [{"l": "Pelagic Fish", "v": 0.2847942305543279}]}, {"source": 1, "prod": 1.0, "target": 36, "value": 0.00081634935741346152, "supply": [{"l": "Crustaceans", "v": 0.00081634935741346152}]}, {"source": 1, "prod": 32.0, "target": 37, "value": 0.050745026722896554, "supply": [{"l": "Eggs", "v": 0.055502372978168103}]}, {"source": 1, "prod": 6.0, "target": 83, "value": 0.0069733333200000004, "supply": [{"l": "Molluscs, Other", "v": 0.0069733333200000004}]}, {"source": 1, "prod": 20.0, "target": 78, "value": 0.014278193159417854, "supply": [{"l": "Aquatic Plants", "v": 0.014278193159417854}]}, {"source": 1, "prod": 690.0, "target": 7, "value": 0.43777835786762526, "supply": [{"l": "Milk - Excluding Butter", "v": 0.43777835786762526}]}, {"source": 1, "prod": 22.0, "target": 59, "value": 0.029530550668173915, "supply": [{"l": "Offals, Edible", "v": 0.029530550668173915}]}, {"source": 1, "prod": 68.0, "target": 38, "value": 0.0485458567420207, "supply": [{"l": "Marine Fish, Other", "v": 0.0485458567420207}]}, {"source": 1, "prod": 20.0, "target": 74, "value": 0.014278193159417854, "supply": [{"l": "Aquatic Products, Other", "v": 0.014278193159417854}]}, {"source": 1, "prod": 823.0, "target": 10, "value": 0.42462620532109324, "supply": [{"l": "Fish, Seafood", "v": 0.42462620532109324}]}, {"source": 1, "prod": 81.0, "target": 62, "value": 0.19209293259360335, "supply": [{"l": "Bovine Meat", "v": 0.19209293259360335}]}, {"source": 1, "prod": 461.0, "target": 60, "value": 0.17562874917090485, "supply": [{"l": "Demersal Fish", "v": 0.17562874917090485}]}, {"source": 1, "prod": 7.0, "target": 51, "value": 0.010487688215241178, "supply": [{"l": "Meat, Other", "v": 0.010487688215241178}]}, {"source": 1, "prod": 6.0, "target": 53, "value": 0.0079594062347812505, "supply": [{"l": "Cephalopods", "v": 0.0079594062347812505}]}, {"source": 1, "prod": 24.0, "target": 54, "value": 0.06414691839586667, "supply": [{"l": "Mutton & Goat Meat", "v": 0.06414691839586667}]}, {"source": 66, "prod": 108.0, "target": 43, "value": 1.1130286452706821, "supply": [{"l": "Olive Oil", "v": 1.1130286452706821}]}, {"source": 66, "prod": 44.0, "target": 31, "value": 0.37081469046745591, "supply": [{"l": "Fats, Animals, Raw", "v": 0.37081469046745591}]}, {"source": 66, "prod": 2.0, "target": 26, "value": 0.022147913001130438, "supply": [{"l": "Sesameseed Oil", "v": 0.022147913001130438}]}, {"source": 66, "prod": 2.0, "target": 73, "value": 0.0015777938022929205, "supply": [{"l": "Alcohol, Non-Food", "v": 0.0015777938022929205}]}, {"source": 66, "prod": 7.0, "target": 46, "value": 0.067534355931477275, "supply": [{"l": "Coconut Oil", "v": 0.067534355931477275}]}, {"source": 66, "prod": 11.0, "target": 77, "value": 0.23347591622025002, "supply": [{"l": "Fish, Body Oil", "v": 0.23347591622025002}]}, {"source": 66, "prod": 1.0, "target": 79, "value": 0.010304027100322116, "supply": [{"l": "Cottonseed Oil", "v": 0.010304027100322116}]}, {"source": 66, "prod": 206.0, "target": 21, "value": 0.85334303275498613, "supply": [{"l": "Sugar", "v": 0.85334303275498613}]}, {"source": 66, "prod": 3.0, "target": 27, "value": 0.0087827930866551732, "supply": [{"l": "Honey", "v": 0.0087827930866551732}]}, {"source": 66, "prod": 3.0, "target": 22, "value": 0.029964823472117649, "supply": [{"l": "Maize Germ Oil", "v": 0.029964823472117649}]}, {"source": 66, "prod": 75.0, "target": 23, "value": 0.041509289360006515, "supply": [{"l": "Beer", "v": 0.041509289360006515}]}, {"source": 66, "prod": 72.0, "target": 24, "value": 0.74176080559926327, "supply": [{"l": "Groundnut Oil", "v": 0.74176080559926327}]}, {"source": 66, "prod": 168.0, "target": 25, "value": 0.57854974025924821, "supply": [{"l": "Beverages, Alcoholic", "v": 0.57854974025924821}]}, {"source": 66, "prod": 7.0, "target": 65, "value": 0.084900333171000014, "supply": [{"l": "Fish, Liver Oil", "v": 0.084900333171000014}]}, {"source": 66, "prod": 16.0, "target": 41, "value": 0.15981239185129412, "supply": [{"l": "Palm Oil", "v": 0.15981239185129412}]}, {"source": 66, "prod": 2.0, "target": 63, "value": 0.02122508329275, "supply": [{"l": "Palmkernel Oil", "v": 0.02122508329275}]}, {"source": 66, "prod": 5.0, "target": 76, "value": 0.048238825665340906, "supply": [{"l": "Oilcrops Oil, Other", "v": 0.048238825665340906}]}, {"source": 66, "prod": 7.0, "target": 29, "value": 0.057144455018942303, "supply": [{"l": "Butter, Ghee", "v": 0.057144455018942303}]}, {"source": 66, "prod": 1231.0, "target": 42, "value": 0.97113208531129247, "supply": [{"l": "Wine", "v": 0.97113208531129247}]}, {"source": 86, "prod": 0, "target": 12, "value": 0.00048082535492465417, "supply": "[{\"l\":'Energy for power irrigation',\"v\":0.00048082535492465417}]"}, {"source": 86, "prod": 0, "target": 17, "value": 0.00037518200178925782, "supply": "[{\"l\":'Energy for power irrigation',\"v\":0.00037518200178925782}]"}, {"source": 86, "prod": 0, "target": 18, "value": 0.00011749120582347811, "supply": "[{\"l\":'Energy for power irrigation',\"v\":0.00011749120582347811}]"}, {"source": 86, "prod": 0, "target": 19, "value": 7.7998363529872025e-05, "supply": "[{\"l\":'Energy for power irrigation',\"v\":7.7998363529872025e-05}]"}, {"source": 86, "prod": 0, "target": 20, "value": 1.6455350955669203e-06, "supply": "[{\"l\":'Energy for power irrigation',\"v\":1.6455350955669203e-06}]"}, {"source": 86, "prod": 0, "target": 47, "value": 3.6201772102472246e-06, "supply": "[{\"l\":'Energy for power irrigation',\"v\":3.6201772102472246e-06}]"}, {"source": 86, "prod": 0, "target": 9, "value": 5.265712305814145e-05, "supply": "[{\"l\":'Energy for power irrigation',\"v\":5.265712305814145e-05}]"}, {"source": 86, "prod": 0, "target": 28, "value": 7.2403544204944486e-05, "supply": "[{\"l\":'Energy for power irrigation',\"v\":7.2403544204944486e-05}]"}, {"source": 86, "prod": 0, "target": 30, "value": 0.00049431874270830295, "supply": "[{\"l\":'Energy for power irrigation',\"v\":0.00049431874270830295}]"}, {"source": 86, "prod": 0, "target": 33, "value": 0.00053150783586811525, "supply": "[{\"l\":'Energy for power irrigation',\"v\":0.00053150783586811525}]"}, {"source": 86, "prod": 0, "target": 35, "value": 7.7998363529872025e-05, "supply": "[{\"l\":'Energy for power irrigation',\"v\":7.7998363529872025e-05}]"}, {"source": 86, "prod": 0, "target": 5, "value": 0.00059305084844231805, "supply": "[{\"l\":'Energy for power irrigation',\"v\":0.00059305084844231805}]"}, {"source": 86, "prod": 0, "target": 39, "value": 0.00091360108505875409, "supply": "[{\"l\":'Energy for power irrigation',\"v\":0.00091360108505875409}]"}, {"source": 86, "prod": 0, "target": 11, "value": 8.8858895160613697e-06, "supply": "[{\"l\":'Energy for power irrigation',\"v\":8.8858895160613697e-06}]"}, {"source": 86, "prod": 0, "target": 3, "value": 7.3390865262284646e-05, "supply": "[{\"l\":'Energy for power irrigation',\"v\":7.3390865262284646e-05}]"}, {"source": 86, "prod": 0, "target": 4, "value": 0.00091294287102052743, "supply": "[{\"l\":'Energy for power irrigation',\"v\":0.00091294287102052743}]"}, {"source": 86, "prod": 0, "target": 49, "value": 4.0151056331832857e-05, "supply": "[{\"l\":'Energy for power irrigation',\"v\":4.0151056331832857e-05}]"}, {"source": 86, "prod": 0, "target": 50, "value": 5.9568370459522518e-05, "supply": "[{\"l\":'Energy for power irrigation',\"v\":5.9568370459522518e-05}]"}, {"source": 86, "prod": 0, "target": 69, "value": 8.1618540740119257e-05, "supply": "[{\"l\":'Energy for power irrigation',\"v\":8.1618540740119257e-05}]"}, {"source": 86, "prod": 0, "target": 52, "value": 7.8985684587212178e-06, "supply": "[{\"l\":'Energy for power irrigation',\"v\":7.8985684587212178e-06}]"}, {"source": 86, "prod": 0, "target": 71, "value": 3.4885344026018714e-05, "supply": "[{\"l\":'Energy for power irrigation',\"v\":3.4885344026018714e-05}]"}, {"source": 86, "prod": 0, "target": 48, "value": 2.3037491337936884e-06, "supply": "[{\"l\":'Energy for power irrigation',\"v\":2.3037491337936884e-06}]"}, {"source": 86, "prod": 0, "target": 55, "value": 2.6657668548184111e-05, "supply": "[{\"l\":'Energy for power irrigation',\"v\":2.6657668548184111e-05}]"}, {"source": 86, "prod": 0, "target": 6, "value": 0.00020700831502231857, "supply": "[{\"l\":'Energy for power irrigation',\"v\":0.00020700831502231857}]"}, {"source": 86, "prod": 0, "target": 57, "value": 5.5948193249275294e-06, "supply": "[{\"l\":'Energy for power irrigation',\"v\":5.5948193249275294e-06}]"}, {"source": 86, "prod": 0, "target": 8, "value": 4.8707838828780843e-05, "supply": "[{\"l\":'Energy for power irrigation',\"v\":4.8707838828780843e-05}]"}, {"source": 86, "prod": 0, "target": 61, "value": 9.2149965351747529e-05, "supply": "[{\"l\":'Energy for power irrigation',\"v\":9.2149965351747529e-05}]"}, {"source": 86, "prod": 0, "target": 64, "value": 5.7264621325728835e-05, "supply": "[{\"l\":'Energy for power irrigation',\"v\":5.7264621325728835e-05}]"}, {"source": 86, "prod": 0, "target": 14, "value": 4.6074982675873765e-05, "supply": "[{\"l\":'Energy for power irrigation',\"v\":4.6074982675873765e-05}]"}, {"source": 86, "prod": 0, "target": 66, "value": 0.023612089507124366, "supply": "[{\"l\":'Electricity',\"v\":0.023612089507124366}]"}, {"source": 87, "prod": 0, "target": 86, "value": 0.0034953646758562763, "supply": [{"l": "Coal", "v": 0.0012593520212623366}, {"l": "Natural gas", "v": 0.0}, {"l": "Oil", "v": 0.0022360126545939397}]}, {"source": 88, "prod": 0, "target": 86, "value": 0.027862785664822753, "supply": [{"l": "Nuclear", "v": 0.0}, {"l": "Hydroelectric", "v": 0.02691978287130152}, {"l": "Renewable", "v": 0.00094300279352123447}]}, {"source": 87, "prod": 0, "target": 12, "value": 0.27091863354886586, "supply": [{"l": "Motor Gasoline", "v": 0.0010581763791082635}, {"l": "Gas-Diesel oil", "v": 0.11024462110709569}, {"l": "Natural gas (including LNG)", "v": 0.0024443953979400822}, {"l": "Fuel oil", "v": 0.0041817474364759981}, {"l": "Liquefied petroleum gas (LPG)", "v": 0.001129836179047875}, {"l": "Other fossil fuels", "v": 0.15185985704919794}]}, {"source": 87, "prod": 0, "target": 17, "value": 0.21139441632149697, "supply": [{"l": "Motor Gasoline", "v": 0.00082568177425285441}, {"l": "Gas-Diesel oil", "v": 0.086022496962415526}, {"l": "Natural gas (including LNG)", "v": 0.0019073311113290169}, {"l": "Fuel oil", "v": 0.0032629651455048851}, {"l": "Liquefied petroleum gas (LPG)", "v": 0.0008815970185589168}, {"l": "Other fossil fuels", "v": 0.11849434430943576}]}, {"source": 87, "prod": 0, "target": 18, "value": 0.066199830374363527, "supply": [{"l": "Motor Gasoline", "v": 0.00025856876614760443}, {"l": "Gas-Diesel oil", "v": 0.026938624048756441}, {"l": "Natural gas (including LNG)", "v": 0.00059729579538987632}, {"l": "Fuel oil", "v": 0.0010218232955660036}, {"l": "Liquefied petroleum gas (LPG)", "v": 0.0002760790663381871}, {"l": "Other fossil fuels", "v": 0.037107439402165411}]}, {"source": 87, "prod": 0, "target": 19, "value": 0.043947786551048057, "supply": [{"l": "Motor Gasoline", "v": 0.00017165489517361975}, {"l": "Gas-Diesel oil", "v": 0.017883624368502177}, {"l": "Natural gas (including LNG)", "v": 0.00039652409946050617}, {"l": "Fuel oil", "v": 0.00067835328024969989}, {"l": "Liquefied petroleum gas (LPG)", "v": 0.00018327938017409062}, {"l": "Other fossil fuels", "v": 0.024634350527487962}]}, {"source": 87, "prod": 0, "target": 20, "value": 0.0009271684926381445, "supply": [{"l": "Motor Gasoline", "v": 3.6214112905826946e-06}, {"l": "Gas-Diesel oil", "v": 0.00037729165334392771}, {"l": "Natural gas (including LNG)", "v": 8.3654873303904248e-06}, {"l": "Fuel oil", "v": 1.431125063817932e-05}, {"l": "Liquefied petroleum gas (LPG)", "v": 3.8666535901706875e-06}, {"l": "Other fossil fuels", "v": 0.00051971203644489363}]}, {"source": 87, "prod": 0, "target": 47, "value": 0.0020397706838039178, "supply": [{"l": "Motor Gasoline", "v": 7.9671048392819279e-06}, {"l": "Gas-Diesel oil", "v": 0.00083004163735664099}, {"l": "Natural gas (including LNG)", "v": 1.8404072126858934e-05}, {"l": "Fuel oil", "v": 3.1484751403994505e-05}, {"l": "Liquefied petroleum gas (LPG)", "v": 8.5066378983755126e-06}, {"l": "Other fossil fuels", "v": 0.0011433664801787662}]}, {"source": 87, "prod": 0, "target": 9, "value": 0.029669391764420624, "supply": [{"l": "Motor Gasoline", "v": 0.00011588516129864623}, {"l": "Gas-Diesel oil", "v": 0.012073332907005687}, {"l": "Natural gas (including LNG)", "v": 0.00026769559457249359}, {"l": "Fuel oil", "v": 0.00045796002042173823}, {"l": "Liquefied petroleum gas (LPG)", "v": 0.000123732914885462}, {"l": "Other fossil fuels", "v": 0.016630785166236596}]}, {"source": 87, "prod": 0, "target": 28, "value": 0.040795413676078356, "supply": [{"l": "Motor Gasoline", "v": 0.00015934209678563857}, {"l": "Gas-Diesel oil", "v": 0.01660083274713282}, {"l": "Natural gas (including LNG)", "v": 0.0003680814425371787}, {"l": "Fuel oil", "v": 0.00062969502807989008}, {"l": "Liquefied petroleum gas (LPG)", "v": 0.00017013275796751024}, {"l": "Other fossil fuels", "v": 0.02286732960357532}]}, {"source": 87, "prod": 0, "target": 30, "value": 0.27852141518849866, "supply": [{"l": "Motor Gasoline", "v": 0.0010878719516910415}, {"l": "Gas-Diesel oil", "v": 0.1133384126645159}, {"l": "Natural gas (including LNG)", "v": 0.0025129923940492836}, {"l": "Fuel oil", "v": 0.0042990996917090683}, {"l": "Liquefied petroleum gas (LPG)", "v": 0.0011615427384872746}, {"l": "Other fossil fuels", "v": 0.15612149574804607}]}, {"source": 87, "prod": 0, "target": 33, "value": 0.29947542312212067, "supply": [{"l": "Motor Gasoline", "v": 0.0011697158468582103}, {"l": "Gas-Diesel oil", "v": 0.12186520403008864}, {"l": "Natural gas (including LNG)", "v": 0.0027020524077161069}, {"l": "Fuel oil", "v": 0.0046225339561319209}, {"l": "Liquefied petroleum gas (LPG)", "v": 0.0012489291096251321}, {"l": "Other fossil fuels", "v": 0.16786698777170064}]}, {"source": 87, "prod": 0, "target": 35, "value": 0.043947786551048057, "supply": [{"l": "Motor Gasoline", "v": 0.00017165489517361975}, {"l": "Gas-Diesel oil", "v": 0.017883624368502177}, {"l": "Natural gas (including LNG)", "v": 0.00039652409946050617}, {"l": "Fuel oil", "v": 0.00067835328024969989}, {"l": "Liquefied petroleum gas (LPG)", "v": 0.00018327938017409062}, {"l": "Other fossil fuels", "v": 0.024634350527487962}]}, {"source": 87, "prod": 0, "target": 5, "value": 0.33415152474678728, "supply": [{"l": "Motor Gasoline", "v": 0.0013051566291260033}, {"l": "Gas-Diesel oil", "v": 0.13597591186515157}, {"l": "Natural gas (including LNG)", "v": 0.0030149216338727089}, {"l": "Fuel oil", "v": 0.0051577747299998275}, {"l": "Liquefied petroleum gas (LPG)", "v": 0.0013935419538975158}, {"l": "Other fossil fuels", "v": 0.18730421793473967}]}, {"source": 87, "prod": 0, "target": 39, "value": 0.5147639471126978, "supply": [{"l": "Motor Gasoline", "v": 0.0020106075485315121}, {"l": "Gas-Diesel oil", "v": 0.20947232593654866}, {"l": "Natural gas (including LNG)", "v": 0.0046445185658327637}, {"l": "Fuel oil", "v": 0.0079456063543171581}, {"l": "Liquefied petroleum gas (LPG)", "v": 0.0021467660732627657}, {"l": "Other fossil fuels", "v": 0.28854412263420498}]}, {"source": 87, "prod": 0, "target": 11, "value": 0.0050067098602459802, "supply": [{"l": "Motor Gasoline", "v": 1.9555620969146551e-05}, {"l": "Gas-Diesel oil", "v": 0.0020373749280572099}, {"l": "Natural gas (including LNG)", "v": 4.5173631584108291e-05}, {"l": "Fuel oil", "v": 7.7280753446168335e-05}, {"l": "Liquefied petroleum gas (LPG)", "v": 2.0879929386921712e-05}, {"l": "Other fossil fuels", "v": 0.0028064449968024257}]}, {"source": 87, "prod": 0, "target": 3, "value": 0.041351714771661247, "supply": [{"l": "Motor Gasoline", "v": 0.00016151494355998817}, {"l": "Gas-Diesel oil", "v": 0.016827207739139177}, {"l": "Natural gas (including LNG)", "v": 0.00037310073493541294}, {"l": "Fuel oil", "v": 0.00063828177846279768}, {"l": "Liquefied petroleum gas (LPG)", "v": 0.00017245275012161266}, {"l": "Other fossil fuels", "v": 0.023179156825442256}]}, {"source": 87, "prod": 0, "target": 4, "value": 0.51439307971564263, "supply": [{"l": "Motor Gasoline", "v": 0.002009158984015279}, {"l": "Gas-Diesel oil", "v": 0.20932140927521112}, {"l": "Natural gas (including LNG)", "v": 0.0046411723709006078}, {"l": "Fuel oil", "v": 0.0079398818540618882}, {"l": "Liquefied petroleum gas (LPG)", "v": 0.0021452194118266976}, {"l": "Other fossil fuels", "v": 0.28833623781962703}]}, {"source": 87, "prod": 0, "target": 49, "value": 0.022622911220370728, "supply": [{"l": "Motor Gasoline", "v": 8.8362435490217759e-05}, {"l": "Gas-Diesel oil", "v": 0.0092059163415918379}, {"l": "Natural gas (including LNG)", "v": 0.00020411789086152636}, {"l": "Fuel oil", "v": 0.00034919451557157544}, {"l": "Liquefied petroleum gas (LPG)", "v": 9.4346347600164778e-05}, {"l": "Other fossil fuels", "v": 0.012680973689255406}]}, {"source": 87, "prod": 0, "target": 50, "value": 0.033563499433500836, "supply": [{"l": "Motor Gasoline", "v": 0.00013109508871909356}, {"l": "Gas-Diesel oil", "v": 0.013657957851050185}, {"l": "Natural gas (including LNG)", "v": 0.00030283064136013338}, {"l": "Fuel oil", "v": 0.00051806727310209149}, {"l": "Liquefied petroleum gas (LPG)", "v": 0.0001399728599641789}, {"l": "Other fossil fuels", "v": 0.018813575719305153}]}, {"source": 87, "prod": 0, "target": 69, "value": 0.04598755723485197, "supply": [{"l": "Motor Gasoline", "v": 0.00017962200001290168}, {"l": "Gas-Diesel oil", "v": 0.018713666005858817}, {"l": "Natural gas (including LNG)", "v": 0.00041492817158736509}, {"l": "Fuel oil", "v": 0.00070983803165369438}, {"l": "Liquefied petroleum gas (LPG)", "v": 0.0001917860180724661}, {"l": "Other fossil fuels", "v": 0.025777717007666727}]}, {"source": 87, "prod": 0, "target": 52, "value": 0.0044504087646630936, "supply": [{"l": "Motor Gasoline", "v": 1.7382774194796935e-05}, {"l": "Gas-Diesel oil", "v": 0.0018109999360508531}, {"l": "Natural gas (including LNG)", "v": 4.0154339185874038e-05}, {"l": "Fuel oil", "v": 6.8694003063260749e-05}, {"l": "Liquefied petroleum gas (LPG)", "v": 1.8559937232819301e-05}, {"l": "Other fossil fuels", "v": 0.0024946177749354897}]}, {"source": 87, "prod": 0, "target": 71, "value": 0.019655972043928664, "supply": [{"l": "Motor Gasoline", "v": 7.6773919360353124e-05}, {"l": "Gas-Diesel oil", "v": 0.0079985830508912687}, {"l": "Natural gas (including LNG)", "v": 0.00017734833140427701}, {"l": "Fuel oil", "v": 0.00030339851352940159}, {"l": "Liquefied petroleum gas (LPG)", "v": 8.1973056111618576e-05}, {"l": "Other fossil fuels", "v": 0.011017895172631745}]}, {"source": 87, "prod": 0, "target": 48, "value": 0.0012980358896934024, "supply": [{"l": "Motor Gasoline", "v": 5.0699758068157726e-06}, {"l": "Gas-Diesel oil", "v": 0.0005282083146814988}, {"l": "Natural gas (including LNG)", "v": 1.1711682262546596e-05}, {"l": "Fuel oil", "v": 2.0035750893451049e-05}, {"l": "Liquefied petroleum gas (LPG)", "v": 5.4133150262389628e-06}, {"l": "Other fossil fuels", "v": 0.00072759685102285121}]}, {"source": 87, "prod": 0, "target": 55, "value": 0.015020129580737942, "supply": [{"l": "Motor Gasoline", "v": 5.8666862907439659e-05}, {"l": "Gas-Diesel oil", "v": 0.0061121247841716296}, {"l": "Natural gas (including LNG)", "v": 0.00013552089475232489}, {"l": "Fuel oil", "v": 0.00023184226033850502}, {"l": "Liquefied petroleum gas (LPG)", "v": 6.2639788160765136e-05}, {"l": "Other fossil fuels", "v": 0.0084193349904072776}]}, {"source": 87, "prod": 0, "target": 6, "value": 0.11663779637387857, "supply": [{"l": "Motor Gasoline", "v": 0.00045557354035530295}, {"l": "Gas-Diesel oil", "v": 0.047463289990666103}, {"l": "Natural gas (including LNG)", "v": 0.0010523783061631153}, {"l": "Fuel oil", "v": 0.0018003553302829585}, {"l": "Liquefied petroleum gas (LPG)", "v": 0.00048642502164347246}, {"l": "Other fossil fuels", "v": 0.065379774184767619}]}, {"source": 87, "prod": 0, "target": 57, "value": 0.0031523728749696914, "supply": [{"l": "Motor Gasoline", "v": 1.2312798387981163e-05}, {"l": "Gas-Diesel oil", "v": 0.0012827916213693543}, {"l": "Natural gas (including LNG)", "v": 2.8442656923327445e-05}, {"l": "Fuel oil", "v": 4.8658252169809692e-05}, {"l": "Liquefied petroleum gas (LPG)", "v": 1.3146622206580339e-05}, {"l": "Other fossil fuels", "v": 0.0017670209239126385}]}, {"source": 87, "prod": 0, "target": 8, "value": 0.027444187382089081, "supply": [{"l": "Motor Gasoline", "v": 0.00010719377420124778}, {"l": "Gas-Diesel oil", "v": 0.011167832938980262}, {"l": "Natural gas (including LNG)", "v": 0.0002476184249795566}, {"l": "Fuel oil", "v": 0.00042361301889010794}, {"l": "Liquefied petroleum gas (LPG)", "v": 0.00011445294626905237}, {"l": "Other fossil fuels", "v": 0.015383476278768854}]}, {"source": 87, "prod": 0, "target": 61, "value": 0.051921435587736091, "supply": [{"l": "Motor Gasoline", "v": 0.00020279903227263089}, {"l": "Gas-Diesel oil", "v": 0.021128332587259952}, {"l": "Natural gas (including LNG)", "v": 0.00046846729050186375}, {"l": "Fuel oil", "v": 0.00080143003573804198}, {"l": "Liquefied petroleum gas (LPG)", "v": 0.00021653260104955851}, {"l": "Other fossil fuels", "v": 0.029103874040914045}]}, {"source": 87, "prod": 0, "target": 64, "value": 0.032265463543807431, "supply": [{"l": "Motor Gasoline", "v": 0.00012602511291227779}, {"l": "Gas-Diesel oil", "v": 0.013129749536368687}, {"l": "Natural gas (including LNG)", "v": 0.00029111895909758682}, {"l": "Fuel oil", "v": 0.00049803152220864039}, {"l": "Liquefied petroleum gas (LPG)", "v": 0.00013455954493793993}, {"l": "Other fossil fuels", "v": 0.018085978868282303}]}, {"source": 87, "prod": 0, "target": 14, "value": 0.025960717793868045, "supply": [{"l": "Motor Gasoline", "v": 0.00010139951613631545}, {"l": "Gas-Diesel oil", "v": 0.010564166293629976}, {"l": "Natural gas (including LNG)", "v": 0.00023423364525093187}, {"l": "Fuel oil", "v": 0.00040071501786902099}, {"l": "Liquefied petroleum gas (LPG)", "v": 0.00010826630052477925}, {"l": "Other fossil fuels", "v": 0.014551937020457022}]}, {"source": 87, "prod": 0, "target": 1, "value": 0.70201616722827964, "supply": [{"l": "Gas-diesel oils used in fisheries", "v": 0.61981713012548334}, {"l": "Fuel oil used in fisheries", "v": 0.08219903710279626}]}, {"source": 89, "prod": 15.36569558563861, "target": 12, "value": 0.18520686451936424, "supply": [{"l": "Potash", "v": 0.054213430598926297}, {"l": "Phosphate", "v": 0.2354099585216613}, {"l": "Nitrogen", "v": 1.8641511681579874}]}, {"source": 89, "prod": 11.989659799882283, "target": 17, "value": 0.1445145965448838, "supply": [{"l": "Potash", "v": 0.054213430598926297}, {"l": "Phosphate", "v": 0.2354099585216613}, {"l": "Nitrogen", "v": 1.8641511681579874}]}, {"source": 89, "prod": 3.7546566215420834, "target": 18, "value": 0.045255886812739926, "supply": [{"l": "Potash", "v": 0.054213430598926297}, {"l": "Phosphate", "v": 0.2354099585216613}, {"l": "Nitrogen", "v": 1.8641511681579874}]}, {"source": 89, "prod": 2.492587168922896, "target": 19, "value": 0.030043824018541634, "supply": [{"l": "Potash", "v": 0.054213430598926297}, {"l": "Phosphate", "v": 0.2354099585216613}, {"l": "Nitrogen", "v": 1.8641511681579874}]}, {"source": 89, "prod": 0.052586227192466153, "target": 20, "value": 0.00063383594975826218, "supply": [{"l": "Potash", "v": 0.054213430598926297}, {"l": "Phosphate", "v": 0.2354099585216613}, {"l": "Nitrogen", "v": 1.8641511681579874}]}, {"source": 89, "prod": 0.11568969982342553, "target": 47, "value": 0.0013944390894681769, "supply": [{"l": "Potash", "v": 0.054213430598926297}, {"l": "Phosphate", "v": 0.2354099585216613}, {"l": "Nitrogen", "v": 1.8641511681579874}]}, {"source": 89, "prod": 1.6827592701589169, "target": 9, "value": 0.02028275039226439, "supply": [{"l": "Potash", "v": 0.054213430598926297}, {"l": "Phosphate", "v": 0.2354099585216613}, {"l": "Nitrogen", "v": 1.8641511681579874}]}, {"source": 89, "prod": 2.3137939964685108, "target": 28, "value": 0.027888781789363538, "supply": [{"l": "Potash", "v": 0.054213430598926297}, {"l": "Phosphate", "v": 0.2354099585216613}, {"l": "Nitrogen", "v": 1.8641511681579874}]}, {"source": 89, "prod": 15.796902648616832, "target": 30, "value": 0.190404319307382, "supply": [{"l": "Potash", "v": 0.054213430598926297}, {"l": "Phosphate", "v": 0.2354099585216613}, {"l": "Nitrogen", "v": 1.8641511681579874}]}, {"source": 89, "prod": 16.985351383166567, "target": 33, "value": 0.20472901177191868, "supply": [{"l": "Potash", "v": 0.054213430598926297}, {"l": "Phosphate", "v": 0.2354099585216613}, {"l": "Nitrogen", "v": 1.8641511681579874}]}, {"source": 89, "prod": 2.492587168922896, "target": 35, "value": 0.030043824018541634, "supply": [{"l": "Potash", "v": 0.054213430598926297}, {"l": "Phosphate", "v": 0.2354099585216613}, {"l": "Nitrogen", "v": 1.8641511681579874}]}, {"source": 89, "prod": 18.952076280164803, "target": 5, "value": 0.22843447629287772, "supply": [{"l": "Potash", "v": 0.054213430598926297}, {"l": "Phosphate", "v": 0.2354099585216613}, {"l": "Nitrogen", "v": 1.8641511681579874}]}, {"source": 89, "prod": 29.195873337257208, "target": 39, "value": 0.35190571930578718, "supply": [{"l": "Potash", "v": 0.054213430598926297}, {"l": "Phosphate", "v": 0.2354099585216613}, {"l": "Nitrogen", "v": 1.8641511681579874}]}, {"source": 89, "prod": 0.2839656268393172, "target": 11, "value": 0.003422714128694616, "supply": [{"l": "Potash", "v": 0.054213430598926297}, {"l": "Phosphate", "v": 0.2354099585216613}, {"l": "Nitrogen", "v": 1.8641511681579874}]}, {"source": 89, "prod": 2.3453457327839904, "target": 3, "value": 0.028269083359218496, "supply": [{"l": "Potash", "v": 0.054213430598926297}, {"l": "Phosphate", "v": 0.2354099585216613}, {"l": "Nitrogen", "v": 1.8641511681579874}]}, {"source": 89, "prod": 29.174838846380222, "target": 4, "value": 0.3516521849258839, "supply": [{"l": "Potash", "v": 0.054213430598926297}, {"l": "Phosphate", "v": 0.2354099585216613}, {"l": "Nitrogen", "v": 1.8641511681579874}]}, {"source": 89, "prod": 1.2831039434961742, "target": 49, "value": 0.015465597174101601, "supply": [{"l": "Potash", "v": 0.054213430598926297}, {"l": "Phosphate", "v": 0.2354099585216613}, {"l": "Nitrogen", "v": 1.8641511681579874}]}, {"source": 89, "prod": 1.9036214243672749, "target": 50, "value": 0.022944861381249095, "supply": [{"l": "Potash", "v": 0.054213430598926297}, {"l": "Phosphate", "v": 0.2354099585216613}, {"l": "Nitrogen", "v": 1.8641511681579874}]}, {"source": 89, "prod": 2.6082768687463211, "target": 69, "value": 0.03143826310800981, "supply": [{"l": "Potash", "v": 0.054213430598926297}, {"l": "Phosphate", "v": 0.2354099585216613}, {"l": "Nitrogen", "v": 1.8641511681579874}]}, {"source": 89, "prod": 0.25241389052383756, "target": 52, "value": 0.003042412558839659, "supply": [{"l": "Potash", "v": 0.054213430598926297}, {"l": "Phosphate", "v": 0.2354099585216613}, {"l": "Nitrogen", "v": 1.8641511681579874}]}, {"source": 89, "prod": 1.1148280164802824, "target": 71, "value": 0.013437322134875159, "supply": [{"l": "Potash", "v": 0.054213430598926297}, {"l": "Phosphate", "v": 0.2354099585216613}, {"l": "Nitrogen", "v": 1.8641511681579874}]}, {"source": 89, "prod": 0.073620718069452612, "target": 48, "value": 0.00088737032966156721, "supply": [{"l": "Potash", "v": 0.054213430598926297}, {"l": "Phosphate", "v": 0.2354099585216613}, {"l": "Nitrogen", "v": 1.8641511681579874}]}, {"source": 89, "prod": 0.85189688051795165, "target": 55, "value": 0.010268142386083848, "supply": [{"l": "Potash", "v": 0.054213430598926297}, {"l": "Phosphate", "v": 0.2354099585216613}, {"l": "Nitrogen", "v": 1.8641511681579874}]}, {"source": 89, "prod": 6.6153473808122412, "target": 6, "value": 0.079736562479589379, "supply": [{"l": "Potash", "v": 0.054213430598926297}, {"l": "Phosphate", "v": 0.2354099585216613}, {"l": "Nitrogen", "v": 1.8641511681579874}]}, {"source": 89, "prod": 0.17879317245438492, "target": 57, "value": 0.0021550422291780917, "supply": [{"l": "Potash", "v": 0.054213430598926297}, {"l": "Phosphate", "v": 0.2354099585216613}, {"l": "Nitrogen", "v": 1.8641511681579874}]}, {"source": 89, "prod": 1.5565523248969981, "target": 8, "value": 0.018761544112844565, "supply": [{"l": "Potash", "v": 0.054213430598926297}, {"l": "Phosphate", "v": 0.2354099585216613}, {"l": "Nitrogen", "v": 1.8641511681579874}]}, {"source": 89, "prod": 2.9448287227781043, "target": 61, "value": 0.035494813186462686, "supply": [{"l": "Potash", "v": 0.054213430598926297}, {"l": "Phosphate", "v": 0.2354099585216613}, {"l": "Nitrogen", "v": 1.8641511681579874}]}, {"source": 89, "prod": 1.8300007062978223, "target": 64, "value": 0.022057491051587528, "supply": [{"l": "Potash", "v": 0.054213430598926297}, {"l": "Phosphate", "v": 0.2354099585216613}, {"l": "Nitrogen", "v": 1.8641511681579874}]}, {"source": 89, "prod": 1.4724143613890521, "target": 14, "value": 0.017747406593231343, "supply": [{"l": "Potash", "v": 0.054213430598926297}, {"l": "Phosphate", "v": 0.2354099585216613}, {"l": "Nitrogen", "v": 1.8641511681579874}]}, {"source": 87, "prod": 0, "target": 89, "value": 2.5831144852608432, "supply": [{"l": "Natural gas (including LNG)", "v": 1.7534374583306438}, {"l": "Fuel oil", "v": 0.50014881323013616}, {"l": "Liquefied petroleum gas (LPG)", "v": 0.16476410685003162}, {"l": "Coal", "v": 0.16476410685003162}]}, {"source": 90, "prod": 0, "target": 12, "value": 0.070500126297476942, "supply": "[{\"l\":'Labor',\"v\":0.070500126297476942}]"}, {"source": 90, "prod": 0, "target": 17, "value": 0.055010365488791041, "supply": "[{\"l\":'Labor',\"v\":0.055010365488791041}]"}, {"source": 90, "prod": 0, "target": 75, "value": 9.6509413138229892e-05, "supply": "[{\"l\":'Labor',\"v\":9.6509413138229892e-05}]"}, {"source": 90, "prod": 0, "target": 18, "value": 0.017226930245174035, "supply": "[{\"l\":'Labor',\"v\":0.017226930245174035}]"}, {"source": 90, "prod": 0, "target": 6, "value": 0.030352210431973298, "supply": "[{\"l\":'Labor',\"v\":0.030352210431973298}]"}, {"source": 90, "prod": 0, "target": 20, "value": 0.00024127353284557473, "supply": "[{\"l\":'Labor',\"v\":0.00024127353284557473}]"}, {"source": 90, "prod": 0, "target": 9, "value": 0.0077207530510583914, "supply": "[{\"l\":'Labor',\"v\":0.0077207530510583914}]"}, {"source": 90, "prod": 0, "target": 45, "value": 9.6509413138229892e-05, "supply": "[{\"l\":'Labor',\"v\":9.6509413138229892e-05}]"}, {"source": 90, "prod": 0, "target": 28, "value": 0.010616035445205287, "supply": "[{\"l\":'Labor',\"v\":0.010616035445205287}]"}, {"source": 90, "prod": 0, "target": 19, "value": 0.011436365456880242, "supply": "[{\"l\":'Labor',\"v\":0.011436365456880242}]"}, {"source": 90, "prod": 0, "target": 0, "value": 4.8254706569114946e-05, "supply": "[{\"l\":'Labor',\"v\":4.8254706569114946e-05}]"}, {"source": 90, "prod": 0, "target": 32, "value": 0.00072382059853672411, "supply": "[{\"l\":'Labor',\"v\":0.00072382059853672411}]"}, {"source": 90, "prod": 0, "target": 33, "value": 0.077931351109120639, "supply": "[{\"l\":'Labor',\"v\":0.077931351109120639}]"}, {"source": 90, "prod": 0, "target": 34, "value": 0.0022679712087484024, "supply": "[{\"l\":'Labor',\"v\":0.0022679712087484024}]"}, {"source": 90, "prod": 0, "target": 35, "value": 0.011436365456880242, "supply": "[{\"l\":'Labor',\"v\":0.011436365456880242}]"}, {"source": 90, "prod": 0, "target": 5, "value": 0.086954981237545137, "supply": "[{\"l\":'Labor',\"v\":0.086954981237545137}]"}, {"source": 90, "prod": 0, "target": 68, "value": 0.00019301882627645978, "supply": "[{\"l\":'Labor',\"v\":0.00019301882627645978}]"}, {"source": 90, "prod": 0, "target": 30, "value": 0.07247856926681065, "supply": "[{\"l\":'Labor',\"v\":0.07247856926681065}]"}, {"source": 90, "prod": 0, "target": 39, "value": 0.13395506543586308, "supply": "[{\"l\":'Labor',\"v\":0.13395506543586308}]"}, {"source": 90, "prod": 0, "target": 40, "value": 0.0064661306802614024, "supply": "[{\"l\":'Labor',\"v\":0.0064661306802614024}]"}, {"source": 90, "prod": 0, "target": 11, "value": 0.0013028770773661036, "supply": "[{\"l\":'Labor',\"v\":0.0013028770773661036}]"}, {"source": 90, "prod": 0, "target": 3, "value": 0.010760799564912632, "supply": "[{\"l\":'Labor',\"v\":0.010760799564912632}]"}, {"source": 90, "prod": 0, "target": 67, "value": 0.00028952823941468968, "supply": "[{\"l\":'Labor',\"v\":0.00028952823941468968}]"}, {"source": 90, "prod": 0, "target": 4, "value": 0.13385855602272487, "supply": "[{\"l\":'Labor',\"v\":0.13385855602272487}]"}, {"source": 90, "prod": 0, "target": 48, "value": 0.00033778294598380465, "supply": "[{\"l\":'Labor',\"v\":0.00033778294598380465}]"}, {"source": 90, "prod": 0, "target": 71, "value": 0.0051149988963261842, "supply": "[{\"l\":'Labor',\"v\":0.0051149988963261842}]"}, {"source": 90, "prod": 0, "target": 49, "value": 0.0058870742014320238, "supply": "[{\"l\":'Labor',\"v\":0.0058870742014320238}]"}, {"source": 90, "prod": 0, "target": 14, "value": 0.0067556589196760925, "supply": "[{\"l\":'Labor',\"v\":0.0067556589196760925}]"}, {"source": 90, "prod": 0, "target": 69, "value": 0.011967167229140508, "supply": "[{\"l\":'Labor',\"v\":0.011967167229140508}]"}, {"source": 90, "prod": 0, "target": 52, "value": 0.0011581129576587587, "supply": "[{\"l\":'Labor',\"v\":0.0011581129576587587}]"}, {"source": 90, "prod": 0, "target": 13, "value": 0.0014958959036425635, "supply": "[{\"l\":'Labor',\"v\":0.0014958959036425635}]"}, {"source": 90, "prod": 0, "target": 55, "value": 0.0039086312320983111, "supply": "[{\"l\":'Labor',\"v\":0.0039086312320983111}]"}, {"source": 90, "prod": 0, "target": 56, "value": 4.8254706569114946e-05, "supply": "[{\"l\":'Labor',\"v\":4.8254706569114946e-05}]"}, {"source": 90, "prod": 0, "target": 50, "value": 0.0087341018890098061, "supply": "[{\"l\":'Labor',\"v\":0.0087341018890098061}]"}, {"source": 90, "prod": 0, "target": 57, "value": 0.00082033001167495405, "supply": "[{\"l\":'Labor',\"v\":0.00082033001167495405}]"}, {"source": 90, "prod": 0, "target": 8, "value": 0.0071416965722290128, "supply": "[{\"l\":'Labor',\"v\":0.0071416965722290128}]"}, {"source": 90, "prod": 0, "target": 47, "value": 0.00053080177226026443, "supply": "[{\"l\":'Labor',\"v\":0.00053080177226026443}]"}, {"source": 90, "prod": 0, "target": 61, "value": 0.013511317839352185, "supply": "[{\"l\":'Labor',\"v\":0.013511317839352185}]"}, {"source": 90, "prod": 0, "target": 70, "value": 0.00033778294598380465, "supply": "[{\"l\":'Labor',\"v\":0.00033778294598380465}]"}, {"source": 90, "prod": 0, "target": 64, "value": 0.0083963189430260009, "supply": "[{\"l\":'Labor',\"v\":0.0083963189430260009}]"}, {"source": 90, "prod": 0, "target": 15, "value": 0.0017371694364881379, "supply": "[{\"l\":'Labor',\"v\":0.0017371694364881379}]"}, {"source": 87, "prod": 0, "target": 81, "value": 1.5850986105641049, "supply": "[{\"l\":'Fossil Fuels',\"v\":1.5850986105641049}]"}, {"source": 88, "prod": 0, "target": 81, "value": 0.60462024564628536, "supply": "[{\"l\":'Renewables & Nuclear',\"v\":0.23876790185570956},{\"l\":'Biomass & Waste',\"v\":0.3658523437905758}]"}]}