{"nodes": [{"layer": 3, "name": "Cereals", "fill": "#e7ba52"}, {"layer": 5, "name": "Production", "fill": "#b5cf6b"}, {"layer": 3, "name": "Oilcrops", "fill": "#ff9896"}, {"layer": 3, "name": "Fruits, Roots & Vegetables", "fill": "#98df8a"}, {"layer": 3, "name": "Sugar Crops", "fill": "#ffbb78"}, {"layer": 1, "name": "Electricity", "fill": "#bcbd22"}, {"layer": 0, "name": "Fossil Fuels", "fill": "#c49c94"}, {"layer": 0, "name": "Renewables & Nuclear", "fill": "#2ca02c"}, {"layer": 1, "name": "Fertilizers", "fill": "#c5b0d5"}, {"layer": 0, "name": "Labor", "fill": "#7f7f7f"}], "links": [{"source": 0, "prod": 1611.0, "target": 1, "value": 5.6293266048445263, "supply": [{"l": "Maize", "v": 2.4105770638612589}, {"l": "Rye", "v": 0.46997380534719113}, {"l": "Barley", "v": 0.12064784187457897}, {"l": "Rice", "v": 0.56768557274241083}, {"l": "Wheat", "v": 1.8537127251101699}, {"l": "Oats", "v": 0.18247235786005969}, {"l": "Millet", "v": 0.024257238048857141}]}, {"source": 2, "prod": 464.0, "target": 1, "value": 0.59332687155840746, "supply": [{"l": "Olives", "v": 0.57358260803026795}, {"l": "Oilcrops, Other", "v": 0.019744263528139537}]}, {"source": 3, "prod": 5712.0, "target": 1, "value": 4.0389066868545589, "supply": [{"l": "Nuts", "v": 0.23792256216877355}, {"l": "Yams", "v": 0.0023915586808732395}, {"l": "Tomatoes", "v": 0.15057063004282445}, {"l": "Treenuts", "v": 0.23852950748042862}, {"l": "Vegetables, Other", "v": 0.27406445941527818}, {"l": "Grapes", "v": 1.2397758029265571}, {"l": "Potatoes", "v": 1.0023606038656285}, {"l": "Pineapples", "v": 0.00067381216802380958}, {"l": "Beans", "v": 0.22537445955755961}, {"l": "Apples", "v": 0.049118935984088841}, {"l": "Lemons, Limes", "v": 0.0092977777600000006}, {"l": "Bananas", "v": 0.024325376357983142}, {"l": "Fruits, Other", "v": 0.197043410612255}, {"l": "Sweet potatoes", "v": 0.073078767792759514}, {"l": "Grapefruit", "v": 0.0058111111000000003}, {"l": "Oranges, Mandarines", "v": 0.048455312102473183}, {"l": "Onions", "v": 0.036472696827637235}, {"l": "Pulses, Other", "v": 0.22363990201141465}]}, {"source": 4, "prod": 119.0, "target": 1, "value": 0.092343699641285248, "supply": [{"l": "Sugar beet", "v": 0.077868888740000003}, {"l": "Sugar cane", "v": 0.014474810901285249}]}, {"source": 5, "prod": 0, "target": 3, "value": 0.0053868136372072391, "supply": "[{\"l\":'Energy for power irrigation',\"v\":0.0053868136372072391}]"}, {"source": 5, "prod": 0, "target": 4, "value": 0.00011090498664838433, "supply": "[{\"l\":'Energy for power irrigation',\"v\":0.00011090498664838433}]"}, {"source": 5, "prod": 0, "target": 0, "value": 0.0018797929249562283, "supply": "[{\"l\":'Energy for power irrigation',\"v\":0.0018797929249562283}]"}, {"source": 5, "prod": 0, "target": 2, "value": 0.00052143983218294978, "supply": "[{\"l\":'Energy for power irrigation',\"v\":0.00052143983218294978}]"}, {"source": 6, "prod": 0, "target": 5, "value": 0.0040203756109498685, "supply": [{"l": "Coal", "v": 0.00099934334320126361}, {"l": "Natural gas", "v": 0.0}, {"l": "Oil", "v": 0.0030210322677486044}]}, {"source": 7, "prod": 0, "target": 5, "value": 0.0063612152154018378, "supply": [{"l": "Nuclear", "v": 0.0}, {"l": "Hydroelectric", "v": 0.0061636883322524656}, {"l": "Renewable", "v": 0.00019752688314937232}]}, {"source": 6, "prod": 0, "target": 3, "value": 2.867209097706739, "supply": [{"l": "Motor Gasoline", "v": 0.0083919663934885255}, {"l": "Gas-Diesel oil", "v": 0.87430524216886463}, {"l": "Natural gas (including LNG)", "v": 0.019385505513927596}, {"l": "Fuel oil", "v": 0.030612681020039407}, {"l": "Liquefied petroleum gas (LPG)", "v": 0.0089602711153951974}, {"l": "Other fossil fuels", "v": 1.9255534314950236}]}, {"source": 6, "prod": 0, "target": 4, "value": 0.059030775541021097, "supply": [{"l": "Motor Gasoline", "v": 0.00017277577868946963}, {"l": "Gas-Diesel oil", "v": 0.018000402044653096}, {"l": "Natural gas (including LNG)", "v": 0.00039911334881615634}, {"l": "Fuel oil", "v": 0.00063026107982434073}, {"l": "Liquefied petroleum gas (LPG)", "v": 0.00018447617002284231}, {"l": "Other fossil fuels", "v": 0.039643747119015187}]}, {"source": 6, "prod": 0, "target": 0, "value": 1.0005468425734416, "supply": [{"l": "Motor Gasoline", "v": 0.0029284768539215144}, {"l": "Gas-Diesel oil", "v": 0.30509925146273353}, {"l": "Natural gas (including LNG)", "v": 0.0067648035677494731}, {"l": "Fuel oil", "v": 0.010682660487442815}, {"l": "Liquefied petroleum gas (LPG)", "v": 0.003126793570891369}, {"l": "Other fossil fuels", "v": 0.6719448566307028}]}, {"source": 6, "prod": 0, "target": 2, "value": 0.27754385643026303, "supply": [{"l": "Motor Gasoline", "v": 0.00081233653930048956}, {"l": "Gas-Diesel oil", "v": 0.084632142386415185}, {"l": "Natural gas (including LNG)", "v": 0.0018765035181734409}, {"l": "Fuel oil", "v": 0.0029632863374934337}, {"l": "Liquefied petroleum gas (LPG)", "v": 0.00086734804309059044}, {"l": "Other fossil fuels", "v": 0.18639223960578988}]}, {"source": 8, "prod": 88.034947790690822, "target": 3, "value": 1.0896031530554278, "supply": [{"l": "Potash", "v": 0.04548851670305748}, {"l": "Phosphate", "v": 0.1460460001168368}, {"l": "Nitrogen", "v": 1.4062045011249633}]}, {"source": 8, "prod": 1.8124842192201052, "target": 4, "value": 0.022433006092317628, "supply": [{"l": "Potash", "v": 0.04548851670305748}, {"l": "Phosphate", "v": 0.1460460001168368}, {"l": "Nitrogen", "v": 1.4062045011249633}]}, {"source": 8, "prod": 30.720845967789511, "target": 0, "value": 0.38023002763197189, "supply": [{"l": "Potash", "v": 0.04548851670305748}, {"l": "Phosphate", "v": 0.1460460001168368}, {"l": "Nitrogen", "v": 1.4062045011249633}]}, {"source": 8, "prod": 8.5217220222995689, "target": 2, "value": 0.10547283116514045, "supply": [{"l": "Potash", "v": 0.04548851670305748}, {"l": "Phosphate", "v": 0.1460460001168368}, {"l": "Nitrogen", "v": 1.4062045011249633}]}, {"source": 6, "prod": 0, "target": 8, "value": 1.9231524915805402, "supply": [{"l": "Natural gas (including LNG)", "v": 1.3010906327640686}, {"l": "Fuel oil", "v": 0.37348542077439023}, {"l": "Liquefied petroleum gas (LPG)", "v": 0.12428821902104072}, {"l": "Coal", "v": 0.12428821902104072}]}, {"source": 9, "prod": 0, "target": 3, "value": 0.56335399189152247, "supply": "[{\"l\":'Labor',\"v\":0.56335399189152247}]"}, {"source": 9, "prod": 0, "target": 4, "value": 0.01159846453894311, "supply": "[{\"l\":'Labor',\"v\":0.01159846453894311}]"}, {"source": 9, "prod": 0, "target": 0, "value": 0.19658910063065757, "supply": "[{\"l\":'Labor',\"v\":0.19658910063065757}]"}, {"source": 9, "prod": 0, "target": 2, "value": 0.054532276550745121, "supply": "[{\"l\":'Labor',\"v\":0.054532276550745121}]"}]}