{"nodes": [{"layer": 3, "name": "Cereals", "fill": "#e7ba52"}, {"layer": 5, "name": "Production", "fill": "#b5cf6b"}, {"layer": 3, "name": "Oilcrops", "fill": "#ff9896"}, {"layer": 3, "name": "Fruits, Roots & Vegetables", "fill": "#98df8a"}, {"layer": 1, "name": "Electricity", "fill": "#bcbd22"}, {"layer": 0, "name": "Fossil Fuels", "fill": "#c49c94"}, {"layer": 0, "name": "Renewables & Nuclear", "fill": "#2ca02c"}, {"layer": 1, "name": "Fertilizers", "fill": "#c5b0d5"}, {"layer": 0, "name": "Labor", "fill": "#7f7f7f"}], "links": [{"source": 0, "prod": 990.0, "target": 1, "value": 3.1953406574983529, "supply": [{"l": "Maize", "v": 0.40647611741105094}, {"l": "Rice", "v": 0.087501736137242339}, {"l": "Sorghum", "v": 1.7327471746752168}, {"l": "Cereals, Other", "v": 0.032971003173203881}, {"l": "Millet", "v": 0.93564462610163945}]}, {"source": 2, "prod": 109.0, "target": 1, "value": 0.68326014935534518, "supply": [{"l": "Cottonseed", "v": 0.063785961937154079}, {"l": "Sesame seed", "v": 0.025470099951300004}, {"l": "Groundnuts", "v": 0.3514317069783196}, {"l": "Oilcrops, Other", "v": 0.24257238048857147}]}, {"source": 3, "prod": 379.0, "target": 1, "value": 0.65792564074386495, "supply": [{"l": "Fruits, Other", "v": 0.017479480358735294}, {"l": "Yams", "v": 0.027267260288496357}, {"l": "Pulses, Other", "v": 0.48542438331776372}, {"l": "Tomatoes", "v": 0.0002075802767017115}, {"l": "Spices, Other", "v": 0.01563953505781579}, {"l": "Vegetables, Other", "v": 0.036990943388251665}, {"l": "Sweet potatoes", "v": 0.039686299311986646}, {"l": "Cassava", "v": 0.035230158744113733}]}, {"source": 4, "prod": 0, "target": 3, "value": 0.00050249189153737971, "supply": "[{\"l\":'Energy for power irrigation',\"v\":0.00050249189153737971}]"}, {"source": 4, "prod": 0, "target": 0, "value": 0.0012678935933270648, "supply": "[{\"l\":'Energy for power irrigation',\"v\":0.0012678935933270648}]"}, {"source": 4, "prod": 0, "target": 2, "value": 0.00013744445715827951, "supply": "[{\"l\":'Energy for power irrigation',\"v\":0.00013744445715827951}]"}, {"source": 5, "prod": 0, "target": 4, "value": 0.0014540382259351666, "supply": [{"l": "Coal", "v": 0.00010155563103522155}, {"l": "Natural gas", "v": 0.00018451410921230892}, {"l": "Oil", "v": 0.0011679684856876361}]}, {"source": 6, "prod": 0, "target": 4, "value": 0.0013505895776727618, "supply": [{"l": "Nuclear", "v": 0.0}, {"l": "Hydroelectric", "v": 0.0013427669163413444}, {"l": "Renewable", "v": 7.8226613314174366e-06}]}, {"source": 5, "prod": 0, "target": 3, "value": 0.0077628030577322768, "supply": [{"l": "Other fossil fuels", "v": 0.0077628030577322768}]}, {"source": 5, "prod": 0, "target": 0, "value": 0.019587198179547818, "supply": [{"l": "Other fossil fuels", "v": 0.019587198179547818}]}, {"source": 5, "prod": 0, "target": 2, "value": 0.0021233263068828564, "supply": [{"l": "Other fossil fuels", "v": 0.0021233263068828564}]}, {"source": 7, "prod": 0.13088199321355021, "target": 3, "value": 0.0017859841862221276, "supply": [{"l": "Potash", "v": 0.0001498345912784506}, {"l": "Phosphate", "v": 0.00042083333367000001}, {"l": "Nitrogen", "v": 0.0062102456854758381}]}, {"source": 7, "prod": 0.3302430217722076, "target": 0, "value": 0.0045064168111577148, "supply": [{"l": "Potash", "v": 0.0001498345912784506}, {"l": "Phosphate", "v": 0.00042083333367000001}, {"l": "Nitrogen", "v": 0.0062102456854758381}]}, {"source": 7, "prod": 0.035799591619264673, "target": 2, "value": 0.00048851261304444645, "supply": [{"l": "Potash", "v": 0.0001498345912784506}, {"l": "Phosphate", "v": 0.00042083333367000001}, {"l": "Nitrogen", "v": 0.0062102456854758381}]}, {"source": 5, "prod": 0, "target": 7, "value": 0.0081267168201099166, "supply": [{"l": "Natural gas (including LNG)", "v": 0.0054994930097921214}, {"l": "Fuel oil", "v": 0.0015294313124081305}, {"l": "Liquefied petroleum gas (LPG)", "v": 0.00054889624895483266}, {"l": "Coal", "v": 0.00054889624895483266}]}, {"source": 8, "prod": 0, "target": 3, "value": 0.23567850248267502, "supply": "[{\"l\":'Labor',\"v\":0.23567850248267502}]"}, {"source": 8, "prod": 0, "target": 0, "value": 0.59466683625176842, "supply": "[{\"l\":'Labor',\"v\":0.59466683625176842}]"}, {"source": 8, "prod": 0, "target": 2, "value": 0.064464132423115619, "supply": "[{\"l\":'Labor',\"v\":0.064464132423115619}]"}]}