{"nodes": [{"name": "Balance", "fill": "#9edae5"}, {"name": "Food", "fill": "#b5cf6b"}, {"name": "Stock Deposit", "fill": "#c7c7c7"}, {"name": "Export", "fill": "#aec7e8"}, {"name": "Biofuels & Other", "fill": "#e7ba52"}, {"name": "Crop Residue", "fill": "#bd9e39"}, {"name": "Renewables & Nuclear", "fill": "#2ca02c"}, {"name": "Fossil Fuels", "fill": "#c49c94"}, {"name": "Stock Draw", "fill": "#c7c7c7"}, {"name": "Labor", "fill": "#7f7f7f"}], "links": [{"source": 0, "target": 1, "value": 5.0065328643839688}, {"source": 0, "target": 2, "value": 0.022338286961950178}, {"source": 0, "target": 3, "value": 0.27370783555314626}, {"source": 0, "target": 4, "value": 0.29162849003425906}, {"source": 0, "target": 5, "value": 11.670651911192412}, {"source": 6, "target": 0, "value": 0.94790462122791397}, {"source": 7, "target": 0, "value": 0.47736315433542775}, {"source": 8, "target": 0, "value": 0.090042115947142759}, {"source": 9, "target": 0, "value": 1.2619120086782381}]}