{"nodes": [{"layer": 13, "name": "Milk - Excluding Butter"}, {"layer": 10, "name": "Feed", "fill": "#dbdb8d"}, {"layer": 5, "name": "Maize"}, {"layer": 16, "name": "Food", "fill": "#b5cf6b"}, {"layer": 5, "name": "Vegetables, Other"}, {"layer": 5, "name": "Nuts"}, {"layer": 5, "name": "Yams"}, {"layer": 13, "name": "Sugar", "fill": "#d6616b"}, {"layer": 13, "name": "Beer"}, {"layer": 13, "name": "Groundnut Oil"}, {"layer": 5, "name": "Rice"}, {"layer": 13, "name": "Meat, Other"}, {"layer": 5, "name": "Tomatoes"}, {"layer": 13, "name": "Fats, Animals, Raw"}, {"layer": 5, "name": "Wheat"}, {"layer": 5, "name": "Treenuts"}, {"layer": 13, "name": "Eggs"}, {"layer": 5, "name": "Roots, Other"}, {"layer": 5, "name": "Sesame seed"}, {"layer": 13, "name": "Butter, Ghee"}, {"layer": 5, "name": "Groundnuts"}, {"layer": 13, "name": "Mutton & Goat Meat"}, {"layer": 13, "name": "Pigmeat"}, {"layer": 5, "name": "Cereals, Other"}, {"layer": 5, "name": "Potatoes"}, {"layer": 13, "name": "Freshwater Fish"}, {"layer": 5, "name": "Pulses, Other"}, {"layer": 13, "name": "Fish, Seafood"}, {"layer": 13, "name": "Oilcrops Oil, Other"}, {"layer": 5, "name": "Sorghum"}, {"layer": 13, "name": "Wine"}, {"layer": 5, "name": "Bananas"}, {"layer": 13, "name": "Beverages, Fermented"}, {"layer": 5, "name": "Spices, Other"}, {"layer": 13, "name": "Bovine Meat"}, {"layer": 5, "name": "Fruits, Other"}, {"layer": 5, "name": "Millet"}, {"layer": 13, "name": "Poultry Meat"}, {"layer": 13, "name": "Offals, Edible"}, {"layer": 5, "name": "Sweet potatoes"}, {"layer": 5, "name": "Oranges, Mandarines"}, {"layer": 5, "name": "Cassava"}, {"layer": 5, "name": "Cottonseed"}, {"layer": 10, "name": "Processing", "fill": "#9edae5"}, {"layer": 5, "name": "Oilcrops, Other"}, {"layer": 5, "name": "Barley"}, {"layer": 16, "name": "Biofuels & Other", "fill": "#e7ba52"}, {"name": "Waste", "fill": "#c7c7c7"}, {"layer": 2, "name": "Import", "fill": "#aec7e8"}, {"layer": 16, "name": "Export", "fill": "#aec7e8"}, {"layer": 16, "name": "Stock Deposit", "fill": "#c7c7c7"}, {"layer": 0, "name": "Stock Draw", "fill": "#c7c7c7"}, {"name": "Crop Residue", "fill": "#bd9e39"}, {"layer": 2, "name": "Electricity", "fill": "#bcbd22"}, {"layer": 0, "name": "Fossil Fuels", "fill": "#c49c94"}, {"layer": 0, "name": "Renewables & Nuclear", "fill": "#2ca02c"}, {"layer": 2, "name": "Fertilizers", "fill": "#c5b0d5"}, {"layer": 0, "name": "Labor", "fill": "#7f7f7f"}], "links": [{"source": 0, "prod": 1.0, "target": 1, "value": 0.00072171844272102021, "supply": [{"l": "Milk - Excluding Butter", "v": 0.00072171844272102021}]}, {"source": 2, "prod": 78.0, "target": 3, "value": 0.28745997051145661, "supply": [{"l": "Maize", "v": 0.28745997051145661}]}, {"source": 4, "prod": 119.0, "target": 3, "value": 0.032093836236813854, "supply": [{"l": "Vegetables, Other", "v": 0.032093836236813854}]}, {"source": 5, "prod": 12.0, "target": 3, "value": 0.047627016169097564, "supply": [{"l": "Nuts", "v": 0.047627016169097564}]}, {"source": 6, "prod": 20.0, "target": 3, "value": 0.023703138702563454, "supply": [{"l": "Yams", "v": 0.023703138702563454}]}, {"source": 7, "prod": 10.0, "target": 3, "value": 0.0424501665855, "supply": [{"l": "Sugar", "v": 0.0424501665855}]}, {"source": 8, "prod": 5.0, "target": 3, "value": 0.0020808905188970587, "supply": [{"l": "Beer", "v": 0.0020808905188970587}]}, {"source": 9, "prod": 1.0, "target": 3, "value": 0.010612541646375, "supply": [{"l": "Groundnut Oil", "v": 0.010612541646375}]}, {"source": 10, "prod": 20.0, "target": 3, "value": 0.08663299303163266, "supply": [{"l": "Rice", "v": 0.08663299303163266}]}, {"source": 11, "prod": 6.0, "target": 3, "value": 0.0082161612746129049, "supply": [{"l": "Meat, Other", "v": 0.0082161612746129049}]}, {"source": 12, "prod": 1.0, "target": 3, "value": 0.00021853367611583013, "supply": [{"l": "Tomatoes", "v": 0.00021853367611583013}]}, {"source": 13, "prod": 1.0, "target": 3, "value": 0.010612541646375, "supply": [{"l": "Fats, Animals, Raw", "v": 0.010612541646375}]}, {"source": 14, "prod": 7.0, "target": 3, "value": 0.022235801544785719, "supply": [{"l": "Wheat", "v": 0.022235801544785719}]}, {"source": 15, "prod": 12.0, "target": 3, "value": 0.047627016169097564, "supply": [{"l": "Treenuts", "v": 0.047627016169097564}]}, {"source": 16, "prod": 2.0, "target": 3, "value": 0.0034653197212653059, "supply": [{"l": "Eggs", "v": 0.0034653197212653059}]}, {"source": 17, "prod": 1.0, "target": 3, "value": 0.0011851569351281727, "supply": [{"l": "Roots, Other", "v": 0.0011851569351281727}]}, {"source": 18, "prod": 2.0, "target": 3, "value": 0.012485343113382355, "supply": [{"l": "Sesame seed", "v": 0.012485343113382355}]}, {"source": 19, "prod": 1.0, "target": 3, "value": 0.0084900333171, "supply": [{"l": "Butter, Ghee", "v": 0.0084900333171}]}, {"source": 20, "prod": 21.0, "target": 3, "value": 0.13392728612890145, "supply": [{"l": "Groundnuts", "v": 0.13392728612890145}]}, {"source": 21, "prod": 10.0, "target": 3, "value": 0.019795414469922279, "supply": [{"l": "Mutton & Goat Meat", "v": 0.019795414469922279}]}, {"source": 22, "prod": 1.0, "target": 3, "value": 0.0040428730081428577, "supply": [{"l": "Pigmeat", "v": 0.0040428730081428577}]}, {"source": 23, "prod": 8.0, "target": 3, "value": 0.027766146697433963, "supply": [{"l": "Cereals, Other", "v": 0.027766146697433963}]}, {"source": 24, "prod": 1.0, "target": 3, "value": 0.00077992432046850404, "supply": [{"l": "Potatoes", "v": 0.00077992432046850404}]}, {"source": 25, "prod": 9.0, "target": 3, "value": 0.0064030977531201131, "supply": [{"l": "Freshwater Fish", "v": 0.0064030977531201131}]}, {"source": 0, "prod": 65.0, "target": 3, "value": 0.046911698776866316, "supply": [{"l": "Milk - Excluding Butter", "v": 0.046911698776866316}]}, {"source": 26, "prod": 55.0, "target": 3, "value": 0.21459183476125918, "supply": [{"l": "Pulses, Other", "v": 0.21459183476125918}]}, {"source": 27, "prod": 9.0, "target": 3, "value": 0.0083508524430491796, "supply": [{"l": "Fish, Seafood", "v": 0.0083508524430491796}]}, {"source": 28, "prod": 3.0, "target": 3, "value": 0.025015276737883934, "supply": [{"l": "Oilcrops Oil, Other", "v": 0.025015276737883934}]}, {"source": 29, "prod": 263.0, "target": 3, "value": 0.84465342956036538, "supply": [{"l": "Sorghum", "v": 0.84465342956036538}]}, {"source": 30, "prod": 2.0, "target": 3, "value": 0.0023583425880833336, "supply": [{"l": "Wine", "v": 0.0023583425880833336}]}, {"source": 31, "prod": 2.0, "target": 3, "value": 0.0019295530266136365, "supply": [{"l": "Bananas", "v": 0.0019295530266136365}]}, {"source": 32, "prod": 893.0, "target": 3, "value": 0.32230336784282526, "supply": [{"l": "Beverages, Fermented", "v": 0.32230336784282526}]}, {"source": 33, "prod": 4.0, "target": 3, "value": 0.01563953505781579, "supply": [{"l": "Spices, Other", "v": 0.01563953505781579}]}, {"source": 34, "prod": 17.0, "target": 3, "value": 0.037981727997552638, "supply": [{"l": "Bovine Meat", "v": 0.037981727997552638}]}, {"source": 35, "prod": 27.0, "target": 3, "value": 0.012975333937454718, "supply": [{"l": "Fruits, Other", "v": 0.012975333937454718}]}, {"source": 36, "prod": 231.0, "target": 3, "value": 0.69722944843855483, "supply": [{"l": "Millet", "v": 0.69722944843855483}]}, {"source": 37, "prod": 6.0, "target": 3, "value": 0.0078977054112558138, "supply": [{"l": "Poultry Meat", "v": 0.0078977054112558138}]}, {"source": 38, "prod": 5.0, "target": 3, "value": 0.0064974744773724502, "supply": [{"l": "Offals, Edible", "v": 0.0064974744773724502}]}, {"source": 39, "prod": 36.0, "target": 3, "value": 0.040552952436427384, "supply": [{"l": "Sweet potatoes", "v": 0.040552952436427384}]}, {"source": 40, "prod": 1.0, "target": 3, "value": 0.0007226722184581261, "supply": [{"l": "Oranges, Mandarines", "v": 0.0007226722184581261}]}, {"source": 41, "prod": 25.0, "target": 3, "value": 0.032421206658986762, "supply": [{"l": "Cassava", "v": 0.032421206658986762}]}, {"source": 42, "prod": 2.0, "target": 43, "value": 0.012620161372353151, "supply": [{"l": "Cottonseed", "v": 0.012620161372353151}]}, {"source": 44, "prod": 22.0, "target": 43, "value": 0.116737958110125, "supply": [{"l": "Oilcrops, Other", "v": 0.116737958110125}]}, {"source": 29, "prod": 179.0, "target": 43, "value": 0.57487818970078097, "supply": [{"l": "Sorghum", "v": 0.57487818970078097}]}, {"source": 45, "prod": 1.0, "target": 43, "value": 0.0033411891677538157, "supply": [{"l": "Barley", "v": 0.0033411891677538157}]}, {"source": 20, "prod": 3.0, "target": 43, "value": 0.01913246944698592, "supply": [{"l": "Groundnuts", "v": 0.01913246944698592}]}, {"source": 28, "prod": 2.0, "target": 46, "value": 0.016676851158589287, "supply": [{"l": "Oilcrops Oil, Other", "v": 0.016676851158589287}]}, {"source": 26, "prod": 46.0, "target": 46, "value": 0.17947680725487131, "supply": [{"l": "Pulses, Other", "v": 0.17947680725487131}]}, {"source": 2, "prod": 3.0, "target": 2, "value": 0.011056152711979099, "supply": [{"l": "Maize", "v": 0.011056152711979099}]}, {"source": 23, "prod": 1.0, "target": 23, "value": 0.0034707683371792454, "supply": [{"l": "Cereals, Other", "v": 0.0034707683371792454}]}, {"source": 42, "prod": 1.0, "target": 42, "value": 0.0063100806861765757, "supply": [{"l": "Cottonseed", "v": 0.0063100806861765757}]}, {"source": 16, "prod": 1.0, "target": 16, "value": 0.0017326598606326529, "supply": [{"l": "Eggs", "v": 0.0017326598606326529}]}, {"source": 36, "prod": 12.0, "target": 36, "value": 0.036219711607197655, "supply": [{"l": "Millet", "v": 0.036219711607197655}]}, {"source": 26, "prod": 5.0, "target": 26, "value": 0.019508348614659929, "supply": [{"l": "Pulses, Other", "v": 0.019508348614659929}]}, {"source": 20, "prod": 6.0, "target": 20, "value": 0.038264938893971839, "supply": [{"l": "Groundnuts", "v": 0.038264938893971839}]}, {"source": 10, "prod": 1.0, "target": 10, "value": 0.0043316496515816332, "supply": [{"l": "Rice", "v": 0.0043316496515816332}]}, {"source": 29, "prod": 16.0, "target": 29, "value": 0.051385759973254161, "supply": [{"l": "Sorghum", "v": 0.051385759973254161}]}, {"source": 2, "prod": 7.0, "target": 47, "value": 0.025797689661284567, "supply": [{"l": "Maize", "v": 0.025797689661284567}]}, {"source": 23, "prod": 1.0, "target": 47, "value": 0.0034707683371792454, "supply": [{"l": "Cereals, Other", "v": 0.0034707683371792454}]}, {"source": 15, "prod": 1.0, "target": 47, "value": 0.0039689180140914633, "supply": [{"l": "Treenuts", "v": 0.0039689180140914633}]}, {"source": 5, "prod": 1.0, "target": 47, "value": 0.0039689180140914633, "supply": [{"l": "Nuts", "v": 0.0039689180140914633}]}, {"source": 16, "prod": 1.0, "target": 47, "value": 0.0017326598606326529, "supply": [{"l": "Eggs", "v": 0.0017326598606326529}]}, {"source": 4, "prod": 12.0, "target": 47, "value": 0.003236353233964422, "supply": [{"l": "Vegetables, Other", "v": 0.003236353233964422}]}, {"source": 35, "prod": 3.0, "target": 47, "value": 0.0014417037708283017, "supply": [{"l": "Fruits, Other", "v": 0.0014417037708283017}]}, {"source": 6, "prod": 2.0, "target": 47, "value": 0.0023703138702563455, "supply": [{"l": "Yams", "v": 0.0023703138702563455}]}, {"source": 36, "prod": 27.0, "target": 47, "value": 0.081494351116194727, "supply": [{"l": "Millet", "v": 0.081494351116194727}]}, {"source": 0, "prod": 4.0, "target": 47, "value": 0.0028868737708840808, "supply": [{"l": "Milk - Excluding Butter", "v": 0.0028868737708840808}]}, {"source": 39, "prod": 4.0, "target": 47, "value": 0.0045058836040474861, "supply": [{"l": "Sweet potatoes", "v": 0.0045058836040474861}]}, {"source": 26, "prod": 12.0, "target": 47, "value": 0.046820036675183828, "supply": [{"l": "Pulses, Other", "v": 0.046820036675183828}]}, {"source": 20, "prod": 1.0, "target": 47, "value": 0.0063774898156619729, "supply": [{"l": "Groundnuts", "v": 0.0063774898156619729}]}, {"source": 44, "prod": 5.0, "target": 47, "value": 0.026531354115937499, "supply": [{"l": "Oilcrops, Other", "v": 0.026531354115937499}]}, {"source": 10, "prod": 1.0, "target": 47, "value": 0.0043316496515816332, "supply": [{"l": "Rice", "v": 0.0043316496515816332}]}, {"source": 29, "prod": 40.0, "target": 47, "value": 0.12846439993313544, "supply": [{"l": "Sorghum", "v": 0.12846439993313544}]}, {"source": 41, "prod": 1.0, "target": 47, "value": 0.0012968482663594705, "supply": [{"l": "Cassava", "v": 0.0012968482663594705}]}, {"source": 48, "prod": 1.0, "target": 23, "value": 0.0034707683371792454, "supply": [{"l": "Cereals, Other", "v": 0.0034707683371792454}]}, {"source": 48, "prod": 1.0, "target": 24, "value": 0.00077992432046850404, "supply": [{"l": "Potatoes", "v": 0.00077992432046850404}]}, {"source": 48, "prod": 2.0, "target": 10, "value": 0.0086632993031632664, "supply": [{"l": "Rice", "v": 0.0086632993031632664}]}, {"source": 48, "prod": 8.0, "target": 14, "value": 0.02541234462261225, "supply": [{"l": "Wheat", "v": 0.02541234462261225}]}, {"source": 48, "prod": 15.0, "target": 1, "value": 0.012001122125609255, "supply": [{"l": "Freshwater Fish", "v": 0.0042687318354134082}, {"l": "Milk - Excluding Butter", "v": 0.0021651553281630607}, {"l": "Fish, Seafood", "v": 0.0055672349620327867}]}, {"source": 48, "prod": 2.0, "target": 31, "value": 0.0019295530266136365, "supply": [{"l": "Bananas", "v": 0.0019295530266136365}]}, {"source": 48, "prod": 1.0, "target": 45, "value": 0.0033411891677538157, "supply": [{"l": "Barley", "v": 0.0033411891677538157}]}, {"source": 48, "prod": 13.0, "target": 5, "value": 0.051595934183189023, "supply": [{"l": "Nuts", "v": 0.051595934183189023}]}, {"source": 48, "prod": 14.0, "target": 43, "value": 0.045640865381142155, "supply": [{"l": "Sugar", "v": 0.0424501665855}, {"l": "Beer", "v": 0.00083235620755882356}, {"l": "Wine", "v": 0.0023583425880833336}]}, {"source": 48, "prod": 13.0, "target": 15, "value": 0.051595934183189023, "supply": [{"l": "Treenuts", "v": 0.051595934183189023}]}, {"source": 48, "prod": 1.0, "target": 40, "value": 0.0007226722184581261, "supply": [{"l": "Oranges, Mandarines", "v": 0.0007226722184581261}]}, {"source": 48, "prod": 2.0, "target": 2, "value": 0.0073707684746527335, "supply": [{"l": "Maize", "v": 0.0073707684746527335}]}, {"source": 48, "prod": 2.0, "target": 26, "value": 0.0078033394458639719, "supply": [{"l": "Pulses, Other", "v": 0.0078033394458639719}]}, {"source": 48, "prod": 5.0, "target": 4, "value": 0.0013484805141518424, "supply": [{"l": "Vegetables, Other", "v": 0.0013484805141518424}]}, {"source": 48, "prod": 1.0, "target": 17, "value": 0.0011851569351281727, "supply": [{"l": "Roots, Other", "v": 0.0011851569351281727}]}, {"source": 42, "prod": 3.0, "target": 49, "value": 0.018930242058529726, "supply": [{"l": "Cottonseed", "v": 0.018930242058529726}]}, {"source": 44, "prod": 3.0, "target": 49, "value": 0.015918812469562501, "supply": [{"l": "Oilcrops, Other", "v": 0.015918812469562501}]}, {"source": 4, "prod": 2.0, "target": 49, "value": 0.000539392205660737, "supply": [{"l": "Vegetables, Other", "v": 0.000539392205660737}]}, {"source": 18, "prod": 2.0, "target": 49, "value": 0.012485343113382355, "supply": [{"l": "Sesame seed", "v": 0.012485343113382355}]}, {"source": 20, "prod": 3.0, "target": 49, "value": 0.01913246944698592, "supply": [{"l": "Groundnuts", "v": 0.01913246944698592}]}, {"source": 2, "prod": 22.0, "target": 50, "value": 0.081078453221180069, "supply": [{"l": "Maize", "v": 0.081078453221180069}]}, {"source": 51, "prod": 3.0, "target": 10, "value": 0.0129949489547449, "supply": [{"l": "Rice", "v": 0.0129949489547449}]}, {"source": 51, "prod": 38.0, "target": 29, "value": 0.12204117993647864, "supply": [{"l": "Sorghum", "v": 0.12204117993647864}]}, {"source": 36, "prod": 46.0, "target": 50, "value": 0.13884222782759104, "supply": [{"l": "Millet", "v": 0.13884222782759104}]}, {"source": 1, "prod": 6.0, "target": 37, "value": 0.0078977054112558138, "supply": [{"l": "Poultry Meat", "v": 0.0078977054112558138}]}, {"source": 1, "prod": 1.0, "target": 22, "value": 0.0040428730081428577, "supply": [{"l": "Pigmeat", "v": 0.0040428730081428577}]}, {"source": 1, "prod": 17.0, "target": 34, "value": 0.037981727997552638, "supply": [{"l": "Bovine Meat", "v": 0.037981727997552638}]}, {"source": 1, "prod": 9.0, "target": 25, "value": 0.0064030977531201131, "supply": [{"l": "Freshwater Fish", "v": 0.0064030977531201131}]}, {"source": 1, "prod": 70.0, "target": 0, "value": 0.050520290990471423, "supply": [{"l": "Milk - Excluding Butter", "v": 0.050520290990471423}]}, {"source": 1, "prod": 5.0, "target": 38, "value": 0.0064974744773724502, "supply": [{"l": "Offals, Edible", "v": 0.0064974744773724502}]}, {"source": 1, "prod": 9.0, "target": 27, "value": 0.0083508524430491796, "supply": [{"l": "Fish, Seafood", "v": 0.0083508524430491796}]}, {"source": 1, "prod": 6.0, "target": 11, "value": 0.0082161612746129049, "supply": [{"l": "Meat, Other", "v": 0.0082161612746129049}]}, {"source": 1, "prod": 3.0, "target": 16, "value": 0.0051979795818979588, "supply": [{"l": "Eggs", "v": 0.0069306394425306117}]}, {"source": 1, "prod": 10.0, "target": 21, "value": 0.019795414469922279, "supply": [{"l": "Mutton & Goat Meat", "v": 0.019795414469922279}]}, {"source": 43, "prod": 1.0, "target": 13, "value": 0.010612541646375, "supply": [{"l": "Fats, Animals, Raw", "v": 0.010612541646375}]}, {"source": 43, "prod": 893.0, "target": 32, "value": 0.32230336784282526, "supply": [{"l": "Beverages, Fermented", "v": 0.32230336784282526}]}, {"source": 43, "prod": 10.0, "target": 7, "value": 0.0424501665855, "supply": [{"l": "Sugar", "v": 0.0424501665855}]}, {"source": 43, "prod": 5.0, "target": 8, "value": 0.0020808905188970587, "supply": [{"l": "Beer", "v": 0.0020808905188970587}]}, {"source": 43, "prod": 1.0, "target": 9, "value": 0.010612541646375, "supply": [{"l": "Groundnut Oil", "v": 0.010612541646375}]}, {"source": 43, "prod": 5.0, "target": 28, "value": 0.041692127896473224, "supply": [{"l": "Oilcrops Oil, Other", "v": 0.041692127896473224}]}, {"source": 43, "prod": 1.0, "target": 19, "value": 0.0084900333171, "supply": [{"l": "Butter, Ghee", "v": 0.0084900333171}]}, {"source": 43, "prod": 2.0, "target": 30, "value": 0.0023583425880833336, "supply": [{"l": "Wine", "v": 0.0023583425880833336}]}, {"source": 2, "prod": 219.0, "target": 52, "value": 0.76357999853999992, "supply": [{"l": "Maize", "v": 0.76357999853999992}]}, {"source": 41, "prod": 13.0, "target": 52, "value": 0.045326666579999994, "supply": [{"l": "Cassava", "v": 0.045326666579999994}]}, {"source": 17, "prod": 0.25, "target": 52, "value": 0.00087166666500000005, "supply": [{"l": "Roots, Other", "v": 0.00087166666500000005}]}, {"source": 14, "prod": 7.0, "target": 52, "value": 0.02440666662, "supply": [{"l": "Wheat", "v": 0.02440666662}]}, {"source": 23, "prod": 19.0, "target": 52, "value": 0.066246666539999985, "supply": [{"l": "Cereals, Other", "v": 0.066246666539999985}]}, {"source": 42, "prod": 5.5, "target": 52, "value": 0.019176666630000002, "supply": [{"l": "Cottonseed", "v": 0.019176666630000002}]}, {"source": 24, "prod": 0.25, "target": 52, "value": 0.00057362363685755193, "supply": [{"l": "Potatoes", "v": 0.00057362363685755193}]}, {"source": 4, "prod": 131.0, "target": 52, "value": 0.45675333246000005, "supply": [{"l": "Vegetables, Other", "v": 0.45675333246000005}]}, {"source": 18, "prod": 4.0, "target": 52, "value": 0.013946666640000004, "supply": [{"l": "Sesame seed", "v": 0.013946666640000004}]}, {"source": 6, "prod": 11.0, "target": 52, "value": 0.038353333259999997, "supply": [{"l": "Yams", "v": 0.038353333259999997}]}, {"source": 36, "prod": 632.0, "target": 52, "value": 2.2035733291200001, "supply": [{"l": "Millet", "v": 2.2035733291200001}]}, {"source": 39, "prod": 20.0, "target": 52, "value": 0.069733333199999997, "supply": [{"l": "Sweet potatoes", "v": 0.069733333199999997}]}, {"source": 45, "prod": 1.0, "target": 52, "value": 0.0034866666600000002, "supply": [{"l": "Barley", "v": 0.0034866666600000002}]}, {"source": 20, "prod": 34.5, "target": 52, "value": 0.12028999977000002, "supply": [{"l": "Groundnuts", "v": 0.12028999977000002}]}, {"source": 44, "prod": 30.0, "target": 52, "value": 0.087960194908453304, "supply": [{"l": "Oilcrops, Other", "v": 0.087960194908453304}]}, {"source": 10, "prod": 39.0, "target": 52, "value": 0.13597999974000002, "supply": [{"l": "Rice", "v": 0.13597999974000002}]}, {"source": 29, "prod": 958.0, "target": 52, "value": 3.3402266602800004, "supply": [{"l": "Sorghum", "v": 3.3402266602800004}]}, {"source": 12, "prod": 1.0, "target": 52, "value": 0.00078977262826254832, "supply": [{"l": "Tomatoes", "v": 0.00078977262826254832}]}, {"source": 26, "prod": 116.5, "target": 52, "value": 0.40619666588999997, "supply": [{"l": "Pulses, Other", "v": 0.40619666588999997}]}, {"source": 53, "prod": 0, "target": 2, "value": 0.0001357574359174458, "supply": "[{\"l\":'Energy for power irrigation',\"v\":0.0001357574359174458}]"}, {"source": 53, "prod": 0, "target": 41, "value": 3.2234642318297627e-05, "supply": "[{\"l\":'Energy for power irrigation',\"v\":3.2234642318297627e-05}]"}, {"source": 53, "prod": 0, "target": 23, "value": 1.1778042385531826e-05, "supply": "[{\"l\":'Energy for power irrigation',\"v\":1.1778042385531826e-05}]"}, {"source": 53, "prod": 0, "target": 42, "value": 6.8188666442552684e-06, "supply": "[{\"l\":'Energy for power irrigation',\"v\":6.8188666442552684e-06}]"}, {"source": 53, "prod": 0, "target": 4, "value": 0.00016241300552680732, "supply": "[{\"l\":'Energy for power irrigation',\"v\":0.00016241300552680732}]"}, {"source": 53, "prod": 0, "target": 35, "value": 3.7193818059574184e-05, "supply": "[{\"l\":'Energy for power irrigation',\"v\":3.7193818059574184e-05}]"}, {"source": 53, "prod": 0, "target": 6, "value": 2.7275466577021074e-05, "supply": "[{\"l\":'Energy for power irrigation',\"v\":2.7275466577021074e-05}]"}, {"source": 53, "prod": 0, "target": 36, "value": 0.00039177488356084814, "supply": "[{\"l\":'Energy for power irrigation',\"v\":0.00039177488356084814}]"}, {"source": 53, "prod": 0, "target": 33, "value": 4.9591757412765587e-06, "supply": "[{\"l\":'Energy for power irrigation',\"v\":4.9591757412765587e-06}]"}, {"source": 53, "prod": 0, "target": 39, "value": 4.9591757412765583e-05, "supply": "[{\"l\":'Energy for power irrigation',\"v\":4.9591757412765583e-05}]"}, {"source": 53, "prod": 0, "target": 18, "value": 4.9591757412765587e-06, "supply": "[{\"l\":'Energy for power irrigation',\"v\":4.9591757412765587e-06}]"}, {"source": 53, "prod": 0, "target": 20, "value": 4.2772890768510321e-05, "supply": "[{\"l\":'Energy for power irrigation',\"v\":4.2772890768510321e-05}]"}, {"source": 53, "prod": 0, "target": 44, "value": 3.7193818059574184e-05, "supply": "[{\"l\":'Energy for power irrigation',\"v\":3.7193818059574184e-05}]"}, {"source": 53, "prod": 0, "target": 10, "value": 2.4175981738723222e-05, "supply": "[{\"l\":'Energy for power irrigation',\"v\":2.4175981738723222e-05}]"}, {"source": 53, "prod": 0, "target": 29, "value": 0.00059386129501786788, "supply": "[{\"l\":'Energy for power irrigation',\"v\":0.00059386129501786788}]"}, {"source": 53, "prod": 0, "target": 12, "value": 1.2397939353191397e-06, "supply": "[{\"l\":'Energy for power irrigation',\"v\":1.2397939353191397e-06}]"}, {"source": 53, "prod": 0, "target": 26, "value": 0.00014443599346467977, "supply": "[{\"l\":'Energy for power irrigation',\"v\":0.00014443599346467977}]"}, {"source": 53, "prod": 0, "target": 43, "value": 0.0003722347574205064, "supply": "[{\"l\":'Electricity',\"v\":0.0003722347574205064}]"}, {"source": 54, "prod": 0, "target": 53, "value": 0.0016094128302775066, "supply": [{"l": "Coal", "v": 0.00011204302777362792}, {"l": "Natural gas", "v": 0.00020878812419954055}, {"l": "Oil", "v": 0.0012885816783043383}]}, {"source": 55, "prod": 0, "target": 53, "value": 0.0014900615950038199, "supply": [{"l": "Nuclear", "v": 0.0}, {"l": "Hydroelectric", "v": 0.0014814311069463362}, {"l": "Renewable", "v": 8.6304880574835846e-06}]}, {"source": 54, "prod": 0, "target": 2, "value": 0.002097264167637712, "supply": [{"l": "Other fossil fuels", "v": 0.002097264167637712}]}, {"source": 54, "prod": 0, "target": 41, "value": 0.00049798053295507306, "supply": [{"l": "Other fossil fuels", "v": 0.00049798053295507306}]}, {"source": 54, "prod": 0, "target": 23, "value": 0.00018195442550281515, "supply": [{"l": "Other fossil fuels", "v": 0.00018195442550281515}]}, {"source": 54, "prod": 0, "target": 42, "value": 0.00010534203581741931, "supply": [{"l": "Other fossil fuels", "v": 0.00010534203581741931}]}, {"source": 54, "prod": 0, "target": 4, "value": 0.0025090557621967146, "supply": [{"l": "Other fossil fuels", "v": 0.0025090557621967146}]}, {"source": 54, "prod": 0, "target": 35, "value": 0.00057459292264046887, "supply": [{"l": "Other fossil fuels", "v": 0.00057459292264046887}]}, {"source": 54, "prod": 0, "target": 6, "value": 0.00042136814326967724, "supply": [{"l": "Other fossil fuels", "v": 0.00042136814326967724}]}, {"source": 54, "prod": 0, "target": 36, "value": 0.0060523787851462733, "supply": [{"l": "Other fossil fuels", "v": 0.0060523787851462733}]}, {"source": 54, "prod": 0, "target": 33, "value": 7.6612389685395854e-05, "supply": [{"l": "Other fossil fuels", "v": 7.6612389685395854e-05}]}, {"source": 54, "prod": 0, "target": 39, "value": 0.00076612389685395857, "supply": [{"l": "Other fossil fuels", "v": 0.00076612389685395857}]}, {"source": 54, "prod": 0, "target": 18, "value": 7.6612389685395854e-05, "supply": [{"l": "Other fossil fuels", "v": 7.6612389685395854e-05}]}, {"source": 54, "prod": 0, "target": 20, "value": 0.00066078186103653931, "supply": [{"l": "Other fossil fuels", "v": 0.00066078186103653931}]}, {"source": 54, "prod": 0, "target": 44, "value": 0.00057459292264046887, "supply": [{"l": "Other fossil fuels", "v": 0.00057459292264046887}]}, {"source": 54, "prod": 0, "target": 10, "value": 0.00037348539971630482, "supply": [{"l": "Other fossil fuels", "v": 0.00037348539971630482}]}, {"source": 54, "prod": 0, "target": 29, "value": 0.009174333664826154, "supply": [{"l": "Other fossil fuels", "v": 0.009174333664826154}]}, {"source": 54, "prod": 0, "target": 12, "value": 1.9153097421348964e-05, "supply": [{"l": "Other fossil fuels", "v": 1.9153097421348964e-05}]}, {"source": 54, "prod": 0, "target": 26, "value": 0.0022313358495871546, "supply": [{"l": "Other fossil fuels", "v": 0.0022313358495871546}]}, {"source": 56, "prod": 0.034277650027331422, "target": 2, "value": 0.00047796086222192996, "supply": [{"l": "Potash", "v": 0.00013607356129241991}, {"l": "Phosphate", "v": 0.00032404166692589999}, {"l": "Nitrogen", "v": 0.0056398875567601923}]}, {"source": 56, "prod": 0.0081389853946175067, "target": 41, "value": 0.00011348842390657696, "supply": [{"l": "Potash", "v": 0.00013607356129241991}, {"l": "Phosphate", "v": 0.00032404166692589999}, {"l": "Nitrogen", "v": 0.0056398875567601923}]}, {"source": 56, "prod": 0.0029738600480333196, "target": 23, "value": 4.1466924119710814e-05, "supply": [{"l": "Potash", "v": 0.00013607356129241991}, {"l": "Phosphate", "v": 0.00032404166692589999}, {"l": "Nitrogen", "v": 0.0056398875567601923}]}, {"source": 56, "prod": 0.0017217084488613957, "target": 42, "value": 2.4007166595622052e-05, "supply": [{"l": "Potash", "v": 0.00013607356129241991}, {"l": "Phosphate", "v": 0.00032404166692589999}, {"l": "Nitrogen", "v": 0.0056398875567601923}]}, {"source": 56, "prod": 0.041007964872880519, "target": 4, "value": 0.00057180705891390709, "supply": [{"l": "Potash", "v": 0.00013607356129241991}, {"l": "Phosphate", "v": 0.00032404166692589999}, {"l": "Nitrogen", "v": 0.0056398875567601923}]}, {"source": 56, "prod": 0.0093911369937894305, "target": 35, "value": 0.00013094818143066572, "supply": [{"l": "Potash", "v": 0.00013607356129241991}, {"l": "Phosphate", "v": 0.00032404166692589999}, {"l": "Nitrogen", "v": 0.0056398875567601923}]}, {"source": 56, "prod": 0.0068868337954455829, "target": 6, "value": 9.6028666382488208e-05, "supply": [{"l": "Potash", "v": 0.00013607356129241991}, {"l": "Phosphate", "v": 0.00032404166692589999}, {"l": "Nitrogen", "v": 0.0056398875567601923}]}, {"source": 56, "prod": 0.098919976334582008, "target": 36, "value": 0.0013793208444030124, "supply": [{"l": "Potash", "v": 0.00013607356129241991}, {"l": "Phosphate", "v": 0.00032404166692589999}, {"l": "Nitrogen", "v": 0.0056398875567601923}]}, {"source": 56, "prod": 0.0012521515991719241, "target": 33, "value": 1.7459757524088765e-05, "supply": [{"l": "Potash", "v": 0.00013607356129241991}, {"l": "Phosphate", "v": 0.00032404166692589999}, {"l": "Nitrogen", "v": 0.0056398875567601923}]}, {"source": 56, "prod": 0.01252151599171924, "target": 39, "value": 0.00017459757524088763, "supply": [{"l": "Potash", "v": 0.00013607356129241991}, {"l": "Phosphate", "v": 0.00032404166692589999}, {"l": "Nitrogen", "v": 0.0056398875567601923}]}, {"source": 56, "prod": 0.0012521515991719241, "target": 18, "value": 1.7459757524088765e-05, "supply": [{"l": "Potash", "v": 0.00013607356129241991}, {"l": "Phosphate", "v": 0.00032404166692589999}, {"l": "Nitrogen", "v": 0.0056398875567601923}]}, {"source": 56, "prod": 0.010799807542857845, "target": 20, "value": 0.00015059040864526561, "supply": [{"l": "Potash", "v": 0.00013607356129241991}, {"l": "Phosphate", "v": 0.00032404166692589999}, {"l": "Nitrogen", "v": 0.0056398875567601923}]}, {"source": 56, "prod": 0.0093911369937894305, "target": 44, "value": 0.00013094818143066572, "supply": [{"l": "Potash", "v": 0.00013607356129241991}, {"l": "Phosphate", "v": 0.00032404166692589999}, {"l": "Nitrogen", "v": 0.0056398875567601923}]}, {"source": 56, "prod": 0.00610423904596313, "target": 10, "value": 8.5116317929932723e-05, "supply": [{"l": "Potash", "v": 0.00013607356129241991}, {"l": "Phosphate", "v": 0.00032404166692589999}, {"l": "Nitrogen", "v": 0.0056398875567601923}]}, {"source": 56, "prod": 0.14994515400083791, "target": 29, "value": 0.0020908059635096296, "supply": [{"l": "Potash", "v": 0.00013607356129241991}, {"l": "Phosphate", "v": 0.00032404166692589999}, {"l": "Nitrogen", "v": 0.0056398875567601923}]}, {"source": 56, "prod": 0.00031303789979298101, "target": 12, "value": 4.3649393810221914e-06, "supply": [{"l": "Potash", "v": 0.00013607356129241991}, {"l": "Phosphate", "v": 0.00032404166692589999}, {"l": "Nitrogen", "v": 0.0056398875567601923}]}, {"source": 56, "prod": 0.036468915325882291, "target": 26, "value": 0.00050851543788908531, "supply": [{"l": "Potash", "v": 0.00013607356129241991}, {"l": "Phosphate", "v": 0.00032404166692589999}, {"l": "Nitrogen", "v": 0.0056398875567601923}]}, {"source": 54, "prod": 0, "target": 56, "value": 0.0073147032853473782, "supply": [{"l": "Natural gas (including LNG)", "v": 0.0049451785541633929}, {"l": "Fuel oil", "v": 0.0013725551163834692}, {"l": "Liquefied petroleum gas (LPG)", "v": 0.00049848480740025786}, {"l": "Coal", "v": 0.00049848480740025786}]}, {"source": 57, "prod": 0, "target": 2, "value": 0.062427336422481196, "supply": "[{\"l\":'Labor',\"v\":0.062427336422481196}]"}, {"source": 57, "prod": 0, "target": 4, "value": 0.074684758642420426, "supply": "[{\"l\":'Labor',\"v\":0.074684758642420426}]"}, {"source": 57, "prod": 0, "target": 5, "value": 0.003705732299051395, "supply": "[{\"l\":'Labor',\"v\":0.003705732299051395}]"}, {"source": 57, "prod": 0, "target": 6, "value": 0.012542478550635491, "supply": "[{\"l\":'Labor',\"v\":0.012542478550635491}]"}, {"source": 57, "prod": 0, "target": 45, "value": 0.00028505633069626118, "supply": "[{\"l\":'Labor',\"v\":0.00028505633069626118}]"}, {"source": 57, "prod": 0, "target": 10, "value": 0.011117196897154185, "supply": "[{\"l\":'Labor',\"v\":0.011117196897154185}]"}, {"source": 57, "prod": 0, "target": 12, "value": 0.00057011266139252235, "supply": "[{\"l\":'Labor',\"v\":0.00057011266139252235}]"}, {"source": 57, "prod": 0, "target": 14, "value": 0.0019953943148738281, "supply": "[{\"l\":'Labor',\"v\":0.0019953943148738281}]"}, {"source": 57, "prod": 0, "target": 15, "value": 0.003705732299051395, "supply": "[{\"l\":'Labor',\"v\":0.003705732299051395}]"}, {"source": 57, "prod": 0, "target": 17, "value": 0.00028505633069626118, "supply": "[{\"l\":'Labor',\"v\":0.00028505633069626118}]"}, {"source": 57, "prod": 0, "target": 18, "value": 0.0022804506455700894, "supply": "[{\"l\":'Labor',\"v\":0.0022804506455700894}]"}, {"source": 57, "prod": 0, "target": 20, "value": 0.01966888681804202, "supply": "[{\"l\":'Labor',\"v\":0.01966888681804202}]"}, {"source": 57, "prod": 0, "target": 44, "value": 0.017103379841775668, "supply": "[{\"l\":'Labor',\"v\":0.017103379841775668}]"}, {"source": 57, "prod": 0, "target": 23, "value": 0.0054160702832289622, "supply": "[{\"l\":'Labor',\"v\":0.0054160702832289622}]"}, {"source": 57, "prod": 0, "target": 42, "value": 0.0031356196376588728, "supply": "[{\"l\":'Labor',\"v\":0.0031356196376588728}]"}, {"source": 57, "prod": 0, "target": 24, "value": 0.00028505633069626118, "supply": "[{\"l\":'Labor',\"v\":0.00028505633069626118}]"}, {"source": 57, "prod": 0, "target": 26, "value": 0.066418125052228855, "supply": "[{\"l\":'Labor',\"v\":0.066418125052228855}]"}, {"source": 57, "prod": 0, "target": 29, "value": 0.27308396480701819, "supply": "[{\"l\":'Labor',\"v\":0.27308396480701819}]"}, {"source": 57, "prod": 0, "target": 31, "value": 0.00057011266139252235, "supply": "[{\"l\":'Labor',\"v\":0.00057011266139252235}]"}, {"source": 57, "prod": 0, "target": 33, "value": 0.0022804506455700894, "supply": "[{\"l\":'Labor',\"v\":0.0022804506455700894}]"}, {"source": 57, "prod": 0, "target": 35, "value": 0.017103379841775668, "supply": "[{\"l\":'Labor',\"v\":0.017103379841775668}]"}, {"source": 57, "prod": 0, "target": 36, "value": 0.18015560100003705, "supply": "[{\"l\":'Labor',\"v\":0.18015560100003705}]"}, {"source": 57, "prod": 0, "target": 39, "value": 0.022804506455700892, "supply": "[{\"l\":'Labor',\"v\":0.022804506455700892}]"}, {"source": 57, "prod": 0, "target": 40, "value": 0.00028505633069626118, "supply": "[{\"l\":'Labor',\"v\":0.00028505633069626118}]"}, {"source": 57, "prod": 0, "target": 41, "value": 0.01482292919620558, "supply": "[{\"l\":'Labor',\"v\":0.01482292919620558}]"}, {"source": 54, "prod": 0, "target": 48, "value": 0.018363983583985281, "supply": "[{\"l\":'Fossil Fuels',\"v\":0.018363983583985281}]"}, {"source": 55, "prod": 0, "target": 48, "value": 0.1066157454468214, "supply": "[{\"l\":'Renewables & Nuclear',\"v\":0.0013097799659282153},{\"l\":'Biomass & Waste',\"v\":0.10530596548089319}]"}]}