{"nodes": [{"layer": 3, "name": "Cereals", "fill": "#e7ba52"}, {"layer": 5, "name": "Production", "fill": "#b5cf6b"}, {"layer": 3, "name": "Oilcrops", "fill": "#ff9896"}, {"layer": 3, "name": "Starchy Roots"}, {"layer": 3, "name": "Fruits & Vegetables"}, {"layer": 3, "name": "Others"}, {"layer": 1, "name": "Electricity", "fill": "#bcbd22"}, {"layer": 0, "name": "Fossil Fuels", "fill": "#c49c94"}, {"layer": 0, "name": "Renewables & Nuclear", "fill": "#2ca02c"}, {"layer": 1, "name": "Fertilizers", "fill": "#c5b0d5"}, {"layer": 0, "name": "Labor", "fill": "#7f7f7f"}], "links": [{"source": 0, "prod": 1052.0, "target": 1, "value": 3.3531906972218728, "supply": [{"l": "Maize", "v": 0.20251649761876128}, {"l": "Rice", "v": 0.10477852934014004}, {"l": "Sorghum", "v": 1.8055707192446298}, {"l": "Cereals, Other", "v": 0.036349543842673658}, {"l": "Millet", "v": 1.2039754071756679}]}, {"source": 2, "prod": 112.0, "target": 1, "value": 0.69548020706727331, "supply": [{"l": "Cottonseed", "v": 0.093204671357426216}, {"l": "Sesame seed", "v": 0.036385857073285718}, {"l": "Groundnuts", "v": 0.29906006009913277}, {"l": "Oilcrops, Other", "v": 0.26682961853742859}]}, {"source": 3, "prod": 99.0, "target": 1, "value": 0.11461858958607085, "supply": [{"l": "Yams", "v": 0.039797031173906254}, {"l": "Sweet potatoes", "v": 0.037143895762312501}, {"l": "Cassava", "v": 0.037677662649852083}]}, {"source": 4, "prod": 309.0, "target": 1, "value": 0.57338760087752361, "supply": [{"l": "Fruits, Other", "v": 0.021513206595366516}, {"l": "Pulses, Other", "v": 0.51390303809002669}, {"l": "Tomatoes", "v": 0.00019790287452447553}, {"l": "Vegetables, Other", "v": 0.037773453317605933}]}, {"source": 5, "prod": 5.0, "target": 1, "value": 0.019048151672980768, "supply": [{"l": "Spices, Other", "v": 0.019048151672980768}]}, {"source": 6, "prod": 0, "target": 3, "value": 0.00012601530963622979, "supply": "[{\"l\":'Energy for power irrigation',\"v\":0.00012601530963622979}]"}, {"source": 6, "prod": 0, "target": 4, "value": 0.00039551339757113704, "supply": "[{\"l\":'Energy for power irrigation',\"v\":0.00039551339757113704}]"}, {"source": 6, "prod": 0, "target": 0, "value": 0.0013375090290102803, "supply": "[{\"l\":'Energy for power irrigation',\"v\":0.0013375090290102803}]"}, {"source": 6, "prod": 0, "target": 2, "value": 0.0001416112637991295, "supply": "[{\"l\":'Energy for power irrigation',\"v\":0.0001416112637991295}]"}, {"source": 6, "prod": 0, "target": 5, "value": 1.4972115996383736e-05, "supply": "[{\"l\":'Energy for power irrigation',\"v\":1.4972115996383736e-05}]"}, {"source": 7, "prod": 0, "target": 6, "value": 0.0015299021015296034, "supply": [{"l": "Coal", "v": 0.0001072934593675624}, {"l": "Natural gas", "v": 0.00018865068252651987}, {"l": "Oil", "v": 0.0012339579596355209}]}, {"source": 8, "prod": 0, "target": 6, "value": 0.0014268970267540184, "supply": [{"l": "Nuclear", "v": 0.0}, {"l": "Hydroelectric", "v": 0.0014186323900504411}, {"l": "Renewable", "v": 8.2646367035772236e-06}]}, {"source": 7, "prod": 0, "target": 3, "value": 0.0019467618233048347, "supply": [{"l": "Other fossil fuels", "v": 0.0019467618233048347}]}, {"source": 7, "prod": 0, "target": 4, "value": 0.0061101336434419068, "supply": [{"l": "Other fossil fuels", "v": 0.0061101336434419068}]}, {"source": 7, "prod": 0, "target": 0, "value": 0.020662660144383983, "supply": [{"l": "Other fossil fuels", "v": 0.020662660144383983}]}, {"source": 7, "prod": 0, "target": 2, "value": 0.0021876976925257296, "supply": [{"l": "Other fossil fuels", "v": 0.0021876976925257296}]}, {"source": 7, "prod": 0, "target": 5, "value": 0.00023129843445205954, "supply": [{"l": "Other fossil fuels", "v": 0.00023129843445205954}]}, {"source": 9, "prod": 0.039621146746509801, "target": 3, "value": 0.00048922221135319654, "supply": [{"l": "Potash", "v": 0.00015830015004893405}, {"l": "Phosphate", "v": 0.00084166666734000002}, {"l": "Nitrogen", "v": 0.0068251666721267992}]}, {"source": 9, "prod": 0.12435548038260996, "target": 4, "value": 0.001535479613851122, "supply": [{"l": "Potash", "v": 0.00015830015004893405}, {"l": "Phosphate", "v": 0.00084166666734000002}, {"l": "Nitrogen", "v": 0.0068251666721267992}]}, {"source": 9, "prod": 0.42053335952731186, "target": 0, "value": 0.0051925367383230366, "supply": [{"l": "Potash", "v": 0.00015830015004893405}, {"l": "Phosphate", "v": 0.00084166666734000002}, {"l": "Nitrogen", "v": 0.0068251666721267992}]}, {"source": 9, "prod": 0.044524754017117439, "target": 2, "value": 0.00054976951473849312, "supply": [{"l": "Potash", "v": 0.00015830015004893405}, {"l": "Phosphate", "v": 0.00084166666734000002}, {"l": "Nitrogen", "v": 0.0068251666721267992}]}, {"source": 9, "prod": 0.0047074629797833421, "target": 5, "value": 5.8125411249884742e-05, "supply": [{"l": "Potash", "v": 0.00015830015004893405}, {"l": "Phosphate", "v": 0.00084166666734000002}, {"l": "Nitrogen", "v": 0.0068251666721267992}]}, {"source": 7, "prod": 0, "target": 9, "value": 0.0093453323310992258, "supply": [{"l": "Natural gas (including LNG)", "v": 0.0063580247423854156}, {"l": "Fuel oil", "v": 0.0017808147784265811}, {"l": "Liquefied petroleum gas (LPG)", "v": 0.00060324640514361407}, {"l": "Coal", "v": 0.00060324640514361407}]}, {"source": 10, "prod": 0, "target": 3, "value": 0.059333100746463016, "supply": "[{\"l\":'Labor',\"v\":0.059333100746463016}]"}, {"source": 10, "prod": 0, "target": 4, "value": 0.18622369244186907, "supply": "[{\"l\":'Labor',\"v\":0.18622369244186907}]"}, {"source": 10, "prod": 0, "target": 0, "value": 0.62975330693275589, "supply": "[{\"l\":'Labor',\"v\":0.62975330693275589}]"}, {"source": 10, "prod": 0, "target": 2, "value": 0.066676306284391598, "supply": "[{\"l\":'Labor',\"v\":0.066676306284391598}]"}, {"source": 10, "prod": 0, "target": 5, "value": 0.0070494773164114476, "supply": "[{\"l\":'Labor',\"v\":0.0070494773164114476}]"}]}