{"nodes": [{"layer": 3, "name": "Maize"}, {"layer": 5, "name": "Production", "fill": "#b5cf6b"}, {"layer": 3, "name": "Fruits, Other"}, {"layer": 3, "name": "Yams"}, {"layer": 3, "name": "Rice"}, {"layer": 3, "name": "Tomatoes"}, {"layer": 3, "name": "Vegetables, Other"}, {"layer": 3, "name": "Sesame seed"}, {"layer": 3, "name": "Groundnuts"}, {"layer": 3, "name": "Oilcrops, Other"}, {"layer": 3, "name": "Cereals, Other"}, {"layer": 3, "name": "Cottonseed"}, {"layer": 3, "name": "Pulses, Other"}, {"layer": 3, "name": "Sorghum"}, {"layer": 3, "name": "Sugar cane"}, {"layer": 3, "name": "Spices, Other"}, {"layer": 3, "name": "Millet"}, {"layer": 3, "name": "Sweet potatoes"}, {"layer": 3, "name": "Cassava"}, {"layer": 1, "name": "Electricity", "fill": "#bcbd22"}, {"layer": 0, "name": "Fossil Fuels", "fill": "#c49c94"}, {"layer": 0, "name": "Renewables & Nuclear", "fill": "#2ca02c"}, {"layer": 1, "name": "Fertilizers", "fill": "#c5b0d5"}, {"layer": 0, "name": "Labor", "fill": "#7f7f7f"}], "links": [{"source": 0, "prod": 60.0, "target": 1, "value": 0.22129758974080332, "supply": [{"l": "Maize", "v": 0.22129758974080332}]}, {"source": 2, "prod": 43.0, "target": 1, "value": 0.021402847809439698, "supply": [{"l": "Fruits, Other", "v": 0.021402847809439698}]}, {"source": 3, "prod": 50.0, "target": 1, "value": 0.059205253257322177, "supply": [{"l": "Yams", "v": 0.059205253257322177}]}, {"source": 4, "prod": 30.0, "target": 1, "value": 0.13251639304468255, "supply": [{"l": "Rice", "v": 0.13251639304468255}]}, {"source": 5, "prod": 2.0, "target": 1, "value": 0.0004440393994299163, "supply": [{"l": "Tomatoes", "v": 0.0004440393994299163}]}, {"source": 6, "prod": 139.0, "target": 1, "value": 0.038702043905145561, "supply": [{"l": "Vegetables, Other", "v": 0.038702043905145561}]}, {"source": 7, "prod": 7.0, "target": 1, "value": 0.046309272638727278, "supply": [{"l": "Sesame seed", "v": 0.046309272638727278}]}, {"source": 8, "prod": 51.0, "target": 1, "value": 0.32447780896189315, "supply": [{"l": "Groundnuts", "v": 0.32447780896189315}]}, {"source": 9, "prod": 80.0, "target": 1, "value": 0.339601332684, "supply": [{"l": "Oilcrops, Other", "v": 0.339601332684}]}, {"source": 10, "prod": 9.0, "target": 1, "value": 0.030810604779798391, "supply": [{"l": "Cereals, Other", "v": 0.030810604779798391}]}, {"source": 11, "prod": 35.0, "target": 1, "value": 0.2226808492875737, "supply": [{"l": "Cottonseed", "v": 0.2226808492875737}]}, {"source": 12, "prod": 126.0, "target": 1, "value": 0.49609672293203738, "supply": [{"l": "Pulses, Other", "v": 0.49609672293203738}]}, {"source": 13, "prod": 534.0, "target": 1, "value": 1.713894614923434, "supply": [{"l": "Sorghum", "v": 1.713894614923434}]}, {"source": 14, "prod": 211.0, "target": 1, "value": 0.083971735776942197, "supply": [{"l": "Sugar cane", "v": 0.083971735776942197}]}, {"source": 15, "prod": 5.0, "target": 1, "value": 0.02035281959578767, "supply": [{"l": "Spices, Other", "v": 0.02035281959578767}]}, {"source": 16, "prod": 347.0, "target": 1, "value": 1.0461154471128471, "supply": [{"l": "Millet", "v": 1.0461154471128471}]}, {"source": 17, "prod": 27.0, "target": 1, "value": 0.029616395292209306, "supply": [{"l": "Sweet potatoes", "v": 0.029616395292209306}]}, {"source": 18, "prod": 27.0, "target": 1, "value": 0.034298887714967585, "supply": [{"l": "Cassava", "v": 0.034298887714967585}]}, {"source": 19, "prod": 0, "target": 0, "value": 0.0001616110750216152, "supply": "[{\"l\":'Energy for power irrigation',\"v\":0.0001616110750216152}]"}, {"source": 19, "prod": 0, "target": 14, "value": 0.00047473253287599459, "supply": "[{\"l\":'Energy for power irrigation',\"v\":0.00047473253287599459}]"}, {"source": 19, "prod": 0, "target": 10, "value": 2.02013843777019e-05, "supply": "[{\"l\":'Energy for power irrigation',\"v\":2.02013843777019e-05}]"}, {"source": 19, "prod": 0, "target": 11, "value": 7.7438640114523954e-05, "supply": "[{\"l\":'Energy for power irrigation',\"v\":7.7438640114523954e-05}]"}, {"source": 19, "prod": 0, "target": 6, "value": 0.00031199915872228486, "supply": "[{\"l\":'Energy for power irrigation',\"v\":0.00031199915872228486}]"}, {"source": 19, "prod": 0, "target": 2, "value": 9.5395426228036729e-05, "supply": "[{\"l\":'Energy for power irrigation',\"v\":9.5395426228036729e-05}]"}, {"source": 19, "prod": 0, "target": 3, "value": 0.00011222991320945498, "supply": "[{\"l\":'Energy for power irrigation',\"v\":0.00011222991320945498}]"}, {"source": 19, "prod": 0, "target": 16, "value": 0.00081591146903273778, "supply": "[{\"l\":'Energy for power irrigation',\"v\":0.00081591146903273778}]"}, {"source": 19, "prod": 0, "target": 15, "value": 1.1222991320945499e-05, "supply": "[{\"l\":'Energy for power irrigation',\"v\":1.1222991320945499e-05}]"}, {"source": 19, "prod": 0, "target": 17, "value": 6.0604153133105695e-05, "supply": "[{\"l\":'Energy for power irrigation',\"v\":6.0604153133105695e-05}]"}, {"source": 19, "prod": 0, "target": 18, "value": 5.9481854001011145e-05, "supply": "[{\"l\":'Energy for power irrigation',\"v\":5.9481854001011145e-05}]"}, {"source": 19, "prod": 0, "target": 7, "value": 1.57121878493237e-05, "supply": "[{\"l\":'Energy for power irrigation',\"v\":1.57121878493237e-05}]"}, {"source": 19, "prod": 0, "target": 8, "value": 0.00011447451147364409, "supply": "[{\"l\":'Energy for power irrigation',\"v\":0.00011447451147364409}]"}, {"source": 19, "prod": 0, "target": 9, "value": 0.00018069016026722254, "supply": "[{\"l\":'Energy for power irrigation',\"v\":0.00018069016026722254}]"}, {"source": 19, "prod": 0, "target": 4, "value": 8.0805537510807602e-05, "supply": "[{\"l\":'Energy for power irrigation',\"v\":8.0805537510807602e-05}]"}, {"source": 19, "prod": 0, "target": 13, "value": 0.0013759387359479182, "supply": "[{\"l\":'Energy for power irrigation',\"v\":0.0013759387359479182}]"}, {"source": 19, "prod": 0, "target": 5, "value": 4.4891965283781996e-06, "supply": "[{\"l\":'Energy for power irrigation',\"v\":4.4891965283781996e-06}]"}, {"source": 19, "prod": 0, "target": 12, "value": 0.0002839416804199211, "supply": "[{\"l\":'Energy for power irrigation',\"v\":0.0002839416804199211}]"}, {"source": 20, "prod": 0, "target": 19, "value": 0.0021377765294449055, "supply": [{"l": "Coal", "v": 8.5203401129000517e-05}, {"l": "Natural gas", "v": 0.0004188481677569072}, {"l": "Oil", "v": 0.0016337249605589978}]}, {"source": 21, "prod": 0, "target": 19, "value": 0.0034583707952463585, "supply": [{"l": "Nuclear", "v": 0.0}, {"l": "Hydroelectric", "v": 0.0034466832390501116}, {"l": "Renewable", "v": 1.1687556196247037e-05}]}, {"source": 20, "prod": 0, "target": 0, "value": 0.0029475151113685471, "supply": [{"l": "Other fossil fuels", "v": 0.0029475151113685471}]}, {"source": 20, "prod": 0, "target": 14, "value": 0.0086583256396451057, "supply": [{"l": "Other fossil fuels", "v": 0.0086583256396451057}]}, {"source": 20, "prod": 0, "target": 10, "value": 0.00036843938892106839, "supply": [{"l": "Other fossil fuels", "v": 0.00036843938892106839}]}, {"source": 20, "prod": 0, "target": 11, "value": 0.0014123509908640956, "supply": [{"l": "Other fossil fuels", "v": 0.0014123509908640956}]}, {"source": 20, "prod": 0, "target": 6, "value": 0.0056903416733365001, "supply": [{"l": "Other fossil fuels", "v": 0.0056903416733365001}]}, {"source": 20, "prod": 0, "target": 2, "value": 0.0017398526699050449, "supply": [{"l": "Other fossil fuels", "v": 0.0017398526699050449}]}, {"source": 20, "prod": 0, "target": 3, "value": 0.0020468854940059351, "supply": [{"l": "Other fossil fuels", "v": 0.0020468854940059351}]}, {"source": 20, "prod": 0, "target": 16, "value": 0.01488085754142315, "supply": [{"l": "Other fossil fuels", "v": 0.01488085754142315}]}, {"source": 20, "prod": 0, "target": 15, "value": 0.00020468854940059353, "supply": [{"l": "Other fossil fuels", "v": 0.00020468854940059353}]}, {"source": 20, "prod": 0, "target": 17, "value": 0.0011053181667632051, "supply": [{"l": "Other fossil fuels", "v": 0.0011053181667632051}]}, {"source": 20, "prod": 0, "target": 18, "value": 0.0010848493118231458, "supply": [{"l": "Other fossil fuels", "v": 0.0010848493118231458}]}, {"source": 20, "prod": 0, "target": 7, "value": 0.00028656396916083095, "supply": [{"l": "Other fossil fuels", "v": 0.00028656396916083095}]}, {"source": 20, "prod": 0, "target": 8, "value": 0.0020878232038860542, "supply": [{"l": "Other fossil fuels", "v": 0.0020878232038860542}]}, {"source": 20, "prod": 0, "target": 9, "value": 0.0032954856453495563, "supply": [{"l": "Other fossil fuels", "v": 0.0032954856453495563}]}, {"source": 20, "prod": 0, "target": 4, "value": 0.0014737575556842736, "supply": [{"l": "Other fossil fuels", "v": 0.0014737575556842736}]}, {"source": 20, "prod": 0, "target": 13, "value": 0.025094816156512767, "supply": [{"l": "Other fossil fuels", "v": 0.025094816156512767}]}, {"source": 20, "prod": 0, "target": 5, "value": 8.1875419760237418e-05, "supply": [{"l": "Other fossil fuels", "v": 8.1875419760237418e-05}]}, {"source": 20, "prod": 0, "target": 12, "value": 0.0051786202998350163, "supply": [{"l": "Other fossil fuels", "v": 0.0051786202998350163}]}, {"source": 22, "prod": 0.18065865133298489, "target": 0, "value": 0.001906241507013754, "supply": [{"l": "Potash", "v": 0.001025555556376}, {"l": "Phosphate", "v": 0.009258333340740001}, {"l": "Nitrogen", "v": 0.040363888921179994}]}, {"source": 22, "prod": 0.53068478829064303, "target": 14, "value": 0.0055995844268529023, "supply": [{"l": "Potash", "v": 0.001025555556376}, {"l": "Phosphate", "v": 0.009258333340740001}, {"l": "Nitrogen", "v": 0.040363888921179994}]}, {"source": 22, "prod": 0.022582331416623112, "target": 10, "value": 0.00023828018837671925, "supply": [{"l": "Potash", "v": 0.001025555556376}, {"l": "Phosphate", "v": 0.009258333340740001}, {"l": "Nitrogen", "v": 0.040363888921179994}]}, {"source": 22, "prod": 0.086565603763721924, "target": 11, "value": 0.00091340738877742386, "supply": [{"l": "Potash", "v": 0.001025555556376}, {"l": "Phosphate", "v": 0.009258333340740001}, {"l": "Nitrogen", "v": 0.040363888921179994}]}, {"source": 22, "prod": 0.34877156299006801, "target": 6, "value": 0.003680105131595997, "supply": [{"l": "Potash", "v": 0.001025555556376}, {"l": "Phosphate", "v": 0.009258333340740001}, {"l": "Nitrogen", "v": 0.040363888921179994}]}, {"source": 22, "prod": 0.10663878724516468, "target": 2, "value": 0.0011252120006678408, "supply": [{"l": "Potash", "v": 0.001025555556376}, {"l": "Phosphate", "v": 0.009258333340740001}, {"l": "Nitrogen", "v": 0.040363888921179994}]}, {"source": 22, "prod": 0.12545739675901726, "target": 3, "value": 0.0013237788243151069, "supply": [{"l": "Potash", "v": 0.001025555556376}, {"l": "Phosphate", "v": 0.009258333340740001}, {"l": "Nitrogen", "v": 0.040363888921179994}]}, {"source": 22, "prod": 0.91207527443805558, "target": 16, "value": 0.009623872052770828, "supply": [{"l": "Potash", "v": 0.001025555556376}, {"l": "Phosphate", "v": 0.009258333340740001}, {"l": "Nitrogen", "v": 0.040363888921179994}]}, {"source": 22, "prod": 0.012545739675901727, "target": 15, "value": 0.00013237788243151069, "supply": [{"l": "Potash", "v": 0.001025555556376}, {"l": "Phosphate", "v": 0.009258333340740001}, {"l": "Nitrogen", "v": 0.040363888921179994}]}, {"source": 22, "prod": 0.067746994249869325, "target": 17, "value": 0.00071484056513015774, "supply": [{"l": "Potash", "v": 0.001025555556376}, {"l": "Phosphate", "v": 0.009258333340740001}, {"l": "Nitrogen", "v": 0.040363888921179994}]}, {"source": 22, "prod": 0.066492420282279155, "target": 18, "value": 0.00070160277688700672, "supply": [{"l": "Potash", "v": 0.001025555556376}, {"l": "Phosphate", "v": 0.009258333340740001}, {"l": "Nitrogen", "v": 0.040363888921179994}]}, {"source": 22, "prod": 0.017564035546262419, "target": 7, "value": 0.00018532903540411497, "supply": [{"l": "Potash", "v": 0.001025555556376}, {"l": "Phosphate", "v": 0.009258333340740001}, {"l": "Nitrogen", "v": 0.040363888921179994}]}, {"source": 22, "prod": 0.1279665446941976, "target": 8, "value": 0.0013502544008014092, "supply": [{"l": "Potash", "v": 0.001025555556376}, {"l": "Phosphate", "v": 0.009258333340740001}, {"l": "Nitrogen", "v": 0.040363888921179994}]}, {"source": 22, "prod": 0.20198640878201782, "target": 9, "value": 0.0021312839071473224, "supply": [{"l": "Potash", "v": 0.001025555556376}, {"l": "Phosphate", "v": 0.009258333340740001}, {"l": "Nitrogen", "v": 0.040363888921179994}]}, {"source": 22, "prod": 0.090329325666492447, "target": 4, "value": 0.00095312075350687702, "supply": [{"l": "Potash", "v": 0.001025555556376}, {"l": "Phosphate", "v": 0.009258333340740001}, {"l": "Nitrogen", "v": 0.040363888921179994}]}, {"source": 22, "prod": 1.5381076842655517, "target": 13, "value": 0.016229528386103212, "supply": [{"l": "Potash", "v": 0.001025555556376}, {"l": "Phosphate", "v": 0.009258333340740001}, {"l": "Nitrogen", "v": 0.040363888921179994}]}, {"source": 22, "prod": 0.0050182958703606905, "target": 5, "value": 5.2951152972604278e-05, "supply": [{"l": "Potash", "v": 0.001025555556376}, {"l": "Phosphate", "v": 0.009258333340740001}, {"l": "Nitrogen", "v": 0.040363888921179994}]}, {"source": 22, "prod": 0.31740721380031367, "target": 12, "value": 0.0033491604255172207, "supply": [{"l": "Potash", "v": 0.001025555556376}, {"l": "Phosphate", "v": 0.009258333340740001}, {"l": "Nitrogen", "v": 0.040363888921179994}]}, {"source": 20, "prod": 0, "target": 22, "value": 0.060299786238156738, "supply": [{"l": "Natural gas (including LNG)", "v": 0.041325339409228862}, {"l": "Fuel oil", "v": 0.011839274294971152}, {"l": "Liquefied petroleum gas (LPG)", "v": 0.0035675862669783628}, {"l": "Coal", "v": 0.0035675862669783628}]}, {"source": 23, "prod": 0, "target": 0, "value": 0.04040719620750028, "supply": "[{\"l\":'Labor',\"v\":0.04040719620750028}]"}, {"source": 23, "prod": 0, "target": 14, "value": 0.11869613885953206, "supply": "[{\"l\":'Labor',\"v\":0.11869613885953206}]"}, {"source": 23, "prod": 0, "target": 10, "value": 0.005050899525937535, "supply": "[{\"l\":'Labor',\"v\":0.005050899525937535}]"}, {"source": 23, "prod": 0, "target": 11, "value": 0.019361781516093884, "supply": "[{\"l\":'Labor',\"v\":0.019361781516093884}]"}, {"source": 23, "prod": 0, "target": 6, "value": 0.078008337122813035, "supply": "[{\"l\":'Labor',\"v\":0.078008337122813035}]"}, {"source": 23, "prod": 0, "target": 2, "value": 0.023851469983593911, "supply": "[{\"l\":'Labor',\"v\":0.023851469983593911}]"}, {"source": 23, "prod": 0, "target": 3, "value": 0.02806055292187519, "supply": "[{\"l\":'Labor',\"v\":0.02806055292187519}]"}, {"source": 23, "prod": 0, "target": 16, "value": 0.20400021974203267, "supply": "[{\"l\":'Labor',\"v\":0.20400021974203267}]"}, {"source": 23, "prod": 0, "target": 15, "value": 0.0028060552921875194, "supply": "[{\"l\":'Labor',\"v\":0.0028060552921875194}]"}, {"source": 23, "prod": 0, "target": 17, "value": 0.015152698577812604, "supply": "[{\"l\":'Labor',\"v\":0.015152698577812604}]"}, {"source": 23, "prod": 0, "target": 18, "value": 0.014872093048593852, "supply": "[{\"l\":'Labor',\"v\":0.014872093048593852}]"}, {"source": 23, "prod": 0, "target": 7, "value": 0.0039284774090625274, "supply": "[{\"l\":'Labor',\"v\":0.0039284774090625274}]"}, {"source": 23, "prod": 0, "target": 8, "value": 0.028621763980312697, "supply": "[{\"l\":'Labor',\"v\":0.028621763980312697}]"}, {"source": 23, "prod": 0, "target": 9, "value": 0.045177490204219059, "supply": "[{\"l\":'Labor',\"v\":0.045177490204219059}]"}, {"source": 23, "prod": 0, "target": 4, "value": 0.02020359810375014, "supply": "[{\"l\":'Labor',\"v\":0.02020359810375014}]"}, {"source": 23, "prod": 0, "target": 13, "value": 0.34402237882218989, "supply": "[{\"l\":'Labor',\"v\":0.34402237882218989}]"}, {"source": 23, "prod": 0, "target": 5, "value": 0.0011224221168750076, "supply": "[{\"l\":'Labor',\"v\":0.0011224221168750076}]"}, {"source": 23, "prod": 0, "target": 12, "value": 0.070993198892344234, "supply": "[{\"l\":'Labor',\"v\":0.070993198892344234}]"}]}