{"nodes": [{"layer": 13, "name": "Milk - Excluding Butter"}, {"layer": 10, "name": "Feed", "fill": "#dbdb8d"}, {"layer": 5, "name": "Maize"}, {"layer": 16, "name": "Food", "fill": "#b5cf6b"}, {"layer": 5, "name": "Vegetables, Other"}, {"layer": 5, "name": "Nuts"}, {"layer": 5, "name": "Yams"}, {"layer": 13, "name": "Sugar", "fill": "#d6616b"}, {"layer": 13, "name": "Beer"}, {"layer": 13, "name": "Groundnut Oil"}, {"layer": 5, "name": "Rice"}, {"layer": 13, "name": "Meat, Other"}, {"layer": 5, "name": "Tomatoes"}, {"layer": 13, "name": "Fats, Animals, Raw"}, {"layer": 5, "name": "Wheat"}, {"layer": 5, "name": "Treenuts"}, {"layer": 13, "name": "Eggs"}, {"layer": 5, "name": "Roots, Other"}, {"layer": 5, "name": "Sesame seed"}, {"layer": 13, "name": "Butter, Ghee"}, {"layer": 5, "name": "Groundnuts"}, {"layer": 13, "name": "Mutton & Goat Meat"}, {"layer": 13, "name": "Pigmeat"}, {"layer": 5, "name": "Cereals, Other"}, {"layer": 5, "name": "Fruits, Other"}, {"layer": 13, "name": "Freshwater Fish"}, {"layer": 5, "name": "Pulses, Other"}, {"layer": 13, "name": "Fish, Seafood"}, {"layer": 13, "name": "Oilcrops Oil, Other"}, {"layer": 5, "name": "Sorghum"}, {"layer": 13, "name": "Wine"}, {"layer": 5, "name": "Bananas"}, {"layer": 13, "name": "Beverages, Fermented"}, {"layer": 5, "name": "Spices, Other"}, {"layer": 13, "name": "Bovine Meat"}, {"layer": 5, "name": "Millet"}, {"layer": 13, "name": "Poultry Meat"}, {"layer": 13, "name": "Offals, Edible"}, {"layer": 5, "name": "Sweet potatoes"}, {"layer": 13, "name": "Cottonseed Oil"}, {"layer": 5, "name": "Cassava"}, {"layer": 5, "name": "Cottonseed"}, {"layer": 10, "name": "Processing", "fill": "#9edae5"}, {"layer": 5, "name": "Oilcrops, Other"}, {"layer": 5, "name": "Barley"}, {"layer": 13, "name": "Palm Oil"}, {"layer": 16, "name": "Biofuels & Other", "fill": "#e7ba52"}, {"name": "Waste", "fill": "#c7c7c7"}, {"layer": 2, "name": "Import", "fill": "#aec7e8"}, {"layer": 16, "name": "Export", "fill": "#aec7e8"}, {"layer": 16, "name": "Stock Deposit", "fill": "#c7c7c7"}, {"layer": 0, "name": "Stock Draw", "fill": "#c7c7c7"}, {"layer": 2, "name": "Electricity", "fill": "#bcbd22"}, {"layer": 0, "name": "Fossil Fuels", "fill": "#c49c94"}, {"layer": 0, "name": "Renewables & Nuclear", "fill": "#2ca02c"}, {"layer": 2, "name": "Fertilizers", "fill": "#c5b0d5"}, {"layer": 0, "name": "Labor", "fill": "#7f7f7f"}], "links": [{"source": 0, "prod": 1.0, "target": 1, "value": 0.00073897775487330756, "supply": [{"l": "Milk - Excluding Butter", "v": 0.00073897775487330756}]}, {"source": 2, "prod": 104.0, "target": 3, "value": 0.38409362601414543, "supply": [{"l": "Maize", "v": 0.38409362601414543}]}, {"source": 4, "prod": 119.0, "target": 3, "value": 0.031799450328886245, "supply": [{"l": "Vegetables, Other", "v": 0.031799450328886245}]}, {"source": 5, "prod": 12.0, "target": 3, "value": 0.048186675583540541, "supply": [{"l": "Nuts", "v": 0.048186675583540541}]}, {"source": 6, "prod": 27.0, "target": 3, "value": 0.031774580137265349, "supply": [{"l": "Yams", "v": 0.031774580137265349}]}, {"source": 7, "prod": 9.0, "target": 3, "value": 0.038205149926950004, "supply": [{"l": "Sugar", "v": 0.038205149926950004}]}, {"source": 8, "prod": 4.0, "target": 3, "value": 0.0024608792223478259, "supply": [{"l": "Beer", "v": 0.0024608792223478259}]}, {"source": 9, "prod": 2.0, "target": 3, "value": 0.020651432392945947, "supply": [{"l": "Groundnut Oil", "v": 0.020651432392945947}]}, {"source": 10, "prod": 23.0, "target": 3, "value": 0.10131973722765565, "supply": [{"l": "Rice", "v": 0.10131973722765565}]}, {"source": 11, "prod": 7.0, "target": 3, "value": 0.0096634525560487811, "supply": [{"l": "Meat, Other", "v": 0.0096634525560487811}]}, {"source": 12, "prod": 1.0, "target": 3, "value": 0.0002028681796200717, "supply": [{"l": "Tomatoes", "v": 0.0002028681796200717}]}, {"source": 13, "prod": 1.0, "target": 3, "value": 0.010612541646375, "supply": [{"l": "Fats, Animals, Raw", "v": 0.010612541646375}]}, {"source": 14, "prod": 17.0, "target": 3, "value": 0.052692111539461912, "supply": [{"l": "Wheat", "v": 0.052692111539461912}]}, {"source": 15, "prod": 12.0, "target": 3, "value": 0.048186675583540541, "supply": [{"l": "Treenuts", "v": 0.048186675583540541}]}, {"source": 16, "prod": 3.0, "target": 3, "value": 0.0051979795818979588, "supply": [{"l": "Eggs", "v": 0.0051979795818979588}]}, {"source": 17, "prod": 1.0, "target": 3, "value": 0.001176836301380198, "supply": [{"l": "Roots, Other", "v": 0.001176836301380198}]}, {"source": 18, "prod": 1.0, "target": 3, "value": 0.0060643095122142861, "supply": [{"l": "Sesame seed", "v": 0.0060643095122142861}]}, {"source": 19, "prod": 1.0, "target": 3, "value": 0.010612541646375, "supply": [{"l": "Butter, Ghee", "v": 0.010612541646375}]}, {"source": 20, "prod": 33.0, "target": 3, "value": 0.20978995370515219, "supply": [{"l": "Groundnuts", "v": 0.20978995370515219}]}, {"source": 21, "prod": 12.0, "target": 3, "value": 0.022946035992162161, "supply": [{"l": "Mutton & Goat Meat", "v": 0.022946035992162161}]}, {"source": 22, "prod": 2.0, "target": 3, "value": 0.0058551953911034479, "supply": [{"l": "Pigmeat", "v": 0.0058551953911034479}]}, {"source": 23, "prod": 8.0, "target": 3, "value": 0.026291716078761292, "supply": [{"l": "Cereals, Other", "v": 0.026291716078761292}]}, {"source": 24, "prod": 32.0, "target": 3, "value": 0.016089403240527919, "supply": [{"l": "Fruits, Other", "v": 0.016089403240527919}]}, {"source": 25, "prod": 8.0, "target": 3, "value": 0.0066156103769610397, "supply": [{"l": "Freshwater Fish", "v": 0.0066156103769610397}]}, {"source": 0, "prod": 83.0, "target": 3, "value": 0.061335153654484525, "supply": [{"l": "Milk - Excluding Butter", "v": 0.061335153654484525}]}, {"source": 26, "prod": 56.0, "target": 3, "value": 0.22061222937615912, "supply": [{"l": "Pulses, Other", "v": 0.22061222937615912}]}, {"source": 27, "prod": 8.0, "target": 3, "value": 0.0066156103769610397, "supply": [{"l": "Fish, Seafood", "v": 0.0066156103769610397}]}, {"source": 28, "prod": 3.0, "target": 3, "value": 0.024648483823838711, "supply": [{"l": "Oilcrops Oil, Other", "v": 0.024648483823838711}]}, {"source": 29, "prod": 292.0, "target": 3, "value": 0.93623267914136055, "supply": [{"l": "Sorghum", "v": 0.93623267914136055}]}, {"source": 30, "prod": 1.0, "target": 3, "value": 0.00078055468969094762, "supply": [{"l": "Wine", "v": 0.00078055468969094762}]}, {"source": 31, "prod": 1.0, "target": 3, "value": 0.00070868391628547576, "supply": [{"l": "Bananas", "v": 0.00070868391628547576}]}, {"source": 32, "prod": 994.0, "target": 3, "value": 0.35845387185256983, "supply": [{"l": "Beverages, Fermented", "v": 0.35845387185256983}]}, {"source": 33, "prod": 4.0, "target": 3, "value": 0.015436424212909092, "supply": [{"l": "Spices, Other", "v": 0.015436424212909092}]}, {"source": 34, "prod": 21.0, "target": 3, "value": 0.046801308660513755, "supply": [{"l": "Bovine Meat", "v": 0.046801308660513755}]}, {"source": 35, "prod": 265.0, "target": 3, "value": 0.79963770302871484, "supply": [{"l": "Millet", "v": 0.79963770302871484}]}, {"source": 36, "prod": 7.0, "target": 3, "value": 0.009359091845622048, "supply": [{"l": "Poultry Meat", "v": 0.009359091845622048}]}, {"source": 37, "prod": 7.0, "target": 3, "value": 0.0097426611835573773, "supply": [{"l": "Offals, Edible", "v": 0.0097426611835573773}]}, {"source": 38, "prod": 30.0, "target": 3, "value": 0.034357149214883094, "supply": [{"l": "Sweet potatoes", "v": 0.034357149214883094}]}, {"source": 39, "prod": 1.0, "target": 3, "value": 0.010612541646375, "supply": [{"l": "Cottonseed Oil", "v": 0.010612541646375}]}, {"source": 40, "prod": 29.0, "target": 3, "value": 0.03695474164291182, "supply": [{"l": "Cassava", "v": 0.03695474164291182}]}, {"source": 41, "prod": 4.0, "target": 42, "value": 0.024843161673225676, "supply": [{"l": "Cottonseed", "v": 0.024843161673225676}]}, {"source": 43, "prod": 26.0, "target": 42, "value": 0.15767204731757145, "supply": [{"l": "Oilcrops, Other", "v": 0.15767204731757145}]}, {"source": 29, "prod": 199.0, "target": 42, "value": 0.63804898338743399, "supply": [{"l": "Sorghum", "v": 0.63804898338743399}]}, {"source": 44, "prod": 1.0, "target": 42, "value": 0.0032463704041372386, "supply": [{"l": "Barley", "v": 0.0032463704041372386}]}, {"source": 20, "prod": 5.0, "target": 42, "value": 0.031786356621992758, "supply": [{"l": "Groundnuts", "v": 0.031786356621992758}]}, {"source": 45, "prod": 1.0, "target": 46, "value": 0.0097028952195428592, "supply": [{"l": "Palm Oil", "v": 0.0097028952195428592}]}, {"source": 28, "prod": 3.0, "target": 46, "value": 0.024648483823838711, "supply": [{"l": "Oilcrops Oil, Other", "v": 0.024648483823838711}]}, {"source": 26, "prod": 53.0, "target": 46, "value": 0.20879371708815056, "supply": [{"l": "Pulses, Other", "v": 0.20879371708815056}]}, {"source": 2, "prod": 4.0, "target": 2, "value": 0.014772831769774824, "supply": [{"l": "Maize", "v": 0.014772831769774824}]}, {"source": 23, "prod": 1.0, "target": 23, "value": 0.0032864645098451615, "supply": [{"l": "Cereals, Other", "v": 0.0032864645098451615}]}, {"source": 41, "prod": 1.0, "target": 41, "value": 0.0062107904183064189, "supply": [{"l": "Cottonseed", "v": 0.0062107904183064189}]}, {"source": 16, "prod": 1.0, "target": 16, "value": 0.0017326598606326529, "supply": [{"l": "Eggs", "v": 0.0017326598606326529}]}, {"source": 35, "prod": 9.0, "target": 35, "value": 0.027157506895314838, "supply": [{"l": "Millet", "v": 0.027157506895314838}]}, {"source": 26, "prod": 5.0, "target": 26, "value": 0.019697520480014205, "supply": [{"l": "Pulses, Other", "v": 0.019697520480014205}]}, {"source": 20, "prod": 7.0, "target": 20, "value": 0.044500899270789852, "supply": [{"l": "Groundnuts", "v": 0.044500899270789852}]}, {"source": 10, "prod": 2.0, "target": 10, "value": 0.0088104119328396222, "supply": [{"l": "Rice", "v": 0.0088104119328396222}]}, {"source": 29, "prod": 15.0, "target": 29, "value": 0.048094144476439747, "supply": [{"l": "Sorghum", "v": 0.048094144476439747}]}, {"source": 2, "prod": 8.0, "target": 47, "value": 0.029545663539549648, "supply": [{"l": "Maize", "v": 0.029545663539549648}]}, {"source": 23, "prod": 1.0, "target": 47, "value": 0.0032864645098451615, "supply": [{"l": "Cereals, Other", "v": 0.0032864645098451615}]}, {"source": 15, "prod": 1.0, "target": 47, "value": 0.0040155562986283781, "supply": [{"l": "Treenuts", "v": 0.0040155562986283781}]}, {"source": 5, "prod": 1.0, "target": 47, "value": 0.0040155562986283781, "supply": [{"l": "Nuts", "v": 0.0040155562986283781}]}, {"source": 16, "prod": 1.0, "target": 47, "value": 0.0017326598606326529, "supply": [{"l": "Eggs", "v": 0.0017326598606326529}]}, {"source": 4, "prod": 12.0, "target": 47, "value": 0.0032066672600557554, "supply": [{"l": "Vegetables, Other", "v": 0.0032066672600557554}]}, {"source": 24, "prod": 4.0, "target": 47, "value": 0.0020111754050659899, "supply": [{"l": "Fruits, Other", "v": 0.0020111754050659899}]}, {"source": 6, "prod": 3.0, "target": 47, "value": 0.0035305089041405948, "supply": [{"l": "Yams", "v": 0.0035305089041405948}]}, {"source": 35, "prod": 26.0, "target": 47, "value": 0.078455019919798433, "supply": [{"l": "Millet", "v": 0.078455019919798433}]}, {"source": 0, "prod": 5.0, "target": 47, "value": 0.0036948887743665382, "supply": [{"l": "Milk - Excluding Butter", "v": 0.0036948887743665382}]}, {"source": 38, "prod": 3.0, "target": 47, "value": 0.0034357149214883091, "supply": [{"l": "Sweet potatoes", "v": 0.0034357149214883091}]}, {"source": 26, "prod": 13.0, "target": 47, "value": 0.051213553248036926, "supply": [{"l": "Pulses, Other", "v": 0.051213553248036926}]}, {"source": 20, "prod": 2.0, "target": 47, "value": 0.012714542648797102, "supply": [{"l": "Groundnuts", "v": 0.012714542648797102}]}, {"source": 43, "prod": 5.0, "target": 47, "value": 0.030321547561071433, "supply": [{"l": "Oilcrops, Other", "v": 0.030321547561071433}]}, {"source": 10, "prod": 1.0, "target": 47, "value": 0.0044052059664198111, "supply": [{"l": "Rice", "v": 0.0044052059664198111}]}, {"source": 29, "prod": 48.0, "target": 47, "value": 0.15390126232460719, "supply": [{"l": "Sorghum", "v": 0.15390126232460719}]}, {"source": 40, "prod": 2.0, "target": 47, "value": 0.0025486028719249533, "supply": [{"l": "Cassava", "v": 0.0025486028719249533}]}, {"source": 48, "prod": 4.0, "target": 10, "value": 0.017620823865679244, "supply": [{"l": "Rice", "v": 0.017620823865679244}]}, {"source": 48, "prod": 17.0, "target": 14, "value": 0.052692111539461912, "supply": [{"l": "Wheat", "v": 0.052692111539461912}]}, {"source": 48, "prod": 10.0, "target": 1, "value": 0.0080935658867076557, "supply": [{"l": "Freshwater Fish", "v": 0.0033078051884805199}, {"l": "Milk - Excluding Butter", "v": 0.0014779555097466151}, {"l": "Fish, Seafood", "v": 0.0033078051884805199}]}, {"source": 48, "prod": 1.0, "target": 31, "value": 0.00070868391628547576, "supply": [{"l": "Bananas", "v": 0.00070868391628547576}]}, {"source": 48, "prod": 1.0, "target": 44, "value": 0.0032463704041372386, "supply": [{"l": "Barley", "v": 0.0032463704041372386}]}, {"source": 48, "prod": 12.0, "target": 5, "value": 0.048186675583540541, "supply": [{"l": "Nuts", "v": 0.048186675583540541}]}, {"source": 48, "prod": 11.0, "target": 42, "value": 0.048688599836183809, "supply": [{"l": "Sugar", "v": 0.038205149926950004}, {"l": "Palm Oil", "v": 0.0097028952195428592}, {"l": "Wine", "v": 0.00078055468969094762}]}, {"source": 48, "prod": 12.0, "target": 15, "value": 0.048186675583540541, "supply": [{"l": "Treenuts", "v": 0.048186675583540541}]}, {"source": 48, "prod": 3.0, "target": 2, "value": 0.011079623827331117, "supply": [{"l": "Maize", "v": 0.011079623827331117}]}, {"source": 48, "prod": 1.0, "target": 4, "value": 0.00026722227167131295, "supply": [{"l": "Vegetables, Other", "v": 0.00026722227167131295}]}, {"source": 48, "prod": 1.0, "target": 17, "value": 0.001176836301380198, "supply": [{"l": "Roots, Other", "v": 0.001176836301380198}]}, {"source": 17, "prod": 1.0, "target": 49, "value": 0.001176836301380198, "supply": [{"l": "Roots, Other", "v": 0.001176836301380198}]}, {"source": 41, "prod": 6.0, "target": 49, "value": 0.037264742509838508, "supply": [{"l": "Cottonseed", "v": 0.037264742509838508}]}, {"source": 34, "prod": 1.0, "target": 49, "value": 0.0022286337457387505, "supply": [{"l": "Bovine Meat", "v": 0.0022286337457387505}]}, {"source": 4, "prod": 3.0, "target": 49, "value": 0.00080166681501393886, "supply": [{"l": "Vegetables, Other", "v": 0.00080166681501393886}]}, {"source": 18, "prod": 3.0, "target": 49, "value": 0.018192928536642859, "supply": [{"l": "Sesame seed", "v": 0.018192928536642859}]}, {"source": 20, "prod": 9.0, "target": 49, "value": 0.057215441919586947, "supply": [{"l": "Groundnuts", "v": 0.057215441919586947}]}, {"source": 43, "prod": 3.0, "target": 49, "value": 0.018192928536642859, "supply": [{"l": "Oilcrops, Other", "v": 0.018192928536642859}]}, {"source": 2, "prod": 10.0, "target": 50, "value": 0.036932079424437055, "supply": [{"l": "Maize", "v": 0.036932079424437055}]}, {"source": 29, "prod": 50.0, "target": 50, "value": 0.16031381492146582, "supply": [{"l": "Sorghum", "v": 0.16031381492146582}]}, {"source": 10, "prod": 7.0, "target": 50, "value": 0.030836441764938681, "supply": [{"l": "Rice", "v": 0.030836441764938681}]}, {"source": 51, "prod": 47.0, "target": 35, "value": 0.14182253600886641, "supply": [{"l": "Millet", "v": 0.14182253600886641}]}, {"source": 1, "prod": 7.0, "target": 36, "value": 0.009359091845622048, "supply": [{"l": "Poultry Meat", "v": 0.009359091845622048}]}, {"source": 1, "prod": 2.0, "target": 22, "value": 0.0058551953911034479, "supply": [{"l": "Pigmeat", "v": 0.0058551953911034479}]}, {"source": 1, "prod": 22.0, "target": 34, "value": 0.049029942406252504, "supply": [{"l": "Bovine Meat", "v": 0.049029942406252504}]}, {"source": 1, "prod": 8.0, "target": 25, "value": 0.0066156103769610397, "supply": [{"l": "Freshwater Fish", "v": 0.0066156103769610397}]}, {"source": 1, "prod": 89.0, "target": 0, "value": 0.065769020183724367, "supply": [{"l": "Milk - Excluding Butter", "v": 0.065769020183724367}]}, {"source": 1, "prod": 7.0, "target": 37, "value": 0.0097426611835573773, "supply": [{"l": "Offals, Edible", "v": 0.0097426611835573773}]}, {"source": 1, "prod": 8.0, "target": 27, "value": 0.0066156103769610397, "supply": [{"l": "Fish, Seafood", "v": 0.0066156103769610397}]}, {"source": 1, "prod": 7.0, "target": 11, "value": 0.0096634525560487811, "supply": [{"l": "Meat, Other", "v": 0.0096634525560487811}]}, {"source": 1, "prod": 4.0, "target": 16, "value": 0.0069306394425306117, "supply": [{"l": "Eggs", "v": 0.0086632993031632646}]}, {"source": 1, "prod": 12.0, "target": 21, "value": 0.022946035992162161, "supply": [{"l": "Mutton & Goat Meat", "v": 0.022946035992162161}]}, {"source": 42, "prod": 1.0, "target": 13, "value": 0.010612541646375, "supply": [{"l": "Fats, Animals, Raw", "v": 0.010612541646375}]}, {"source": 42, "prod": 994.0, "target": 32, "value": 0.35845387185256983, "supply": [{"l": "Beverages, Fermented", "v": 0.35845387185256983}]}, {"source": 42, "prod": 9.0, "target": 7, "value": 0.038205149926950004, "supply": [{"l": "Sugar", "v": 0.038205149926950004}]}, {"source": 42, "prod": 1.0, "target": 45, "value": 0.0097028952195428592, "supply": [{"l": "Palm Oil", "v": 0.0097028952195428592}]}, {"source": 42, "prod": 4.0, "target": 8, "value": 0.0024608792223478259, "supply": [{"l": "Beer", "v": 0.0024608792223478259}]}, {"source": 42, "prod": 2.0, "target": 9, "value": 0.020651432392945947, "supply": [{"l": "Groundnut Oil", "v": 0.020651432392945947}]}, {"source": 42, "prod": 1.0, "target": 39, "value": 0.010612541646375, "supply": [{"l": "Cottonseed Oil", "v": 0.010612541646375}]}, {"source": 42, "prod": 6.0, "target": 28, "value": 0.049296967647677423, "supply": [{"l": "Oilcrops Oil, Other", "v": 0.049296967647677423}]}, {"source": 42, "prod": 1.0, "target": 19, "value": 0.010612541646375, "supply": [{"l": "Butter, Ghee", "v": 0.010612541646375}]}, {"source": 42, "prod": 1.0, "target": 30, "value": 0.00078055468969094762, "supply": [{"l": "Wine", "v": 0.00078055468969094762}]}, {"source": 52, "prod": 0, "target": 2, "value": 0.00015775089908645404, "supply": "[{\"l\":'Energy for power irrigation',\"v\":0.00015775089908645404}]"}, {"source": 52, "prod": 0, "target": 40, "value": 3.8491219377094786e-05, "supply": "[{\"l\":'Energy for power irrigation',\"v\":3.8491219377094786e-05}]"}, {"source": 52, "prod": 0, "target": 23, "value": 1.2620071926916323e-05, "supply": "[{\"l\":'Energy for power irrigation',\"v\":1.2620071926916323e-05}]"}, {"source": 52, "prod": 0, "target": 41, "value": 1.3882079119607955e-05, "supply": "[{\"l\":'Energy for power irrigation',\"v\":1.3882079119607955e-05}]"}, {"source": 52, "prod": 0, "target": 4, "value": 0.00016784695662798709, "supply": "[{\"l\":'Energy for power irrigation',\"v\":0.00016784695662798709}]"}, {"source": 52, "prod": 0, "target": 24, "value": 4.4801255340552948e-05, "supply": "[{\"l\":'Energy for power irrigation',\"v\":4.4801255340552948e-05}]"}, {"source": 52, "prod": 0, "target": 6, "value": 3.7860215780748968e-05, "supply": "[{\"l\":'Energy for power irrigation',\"v\":3.7860215780748968e-05}]"}, {"source": 52, "prod": 0, "target": 35, "value": 0.00034957599237558213, "supply": "[{\"l\":'Energy for power irrigation',\"v\":0.00034957599237558213}]"}, {"source": 52, "prod": 0, "target": 33, "value": 5.048028770766529e-06, "supply": "[{\"l\":'Energy for power irrigation',\"v\":5.048028770766529e-06}]"}, {"source": 52, "prod": 0, "target": 38, "value": 4.164623735882386e-05, "supply": "[{\"l\":'Energy for power irrigation',\"v\":4.164623735882386e-05}]"}, {"source": 52, "prod": 0, "target": 18, "value": 5.048028770766529e-06, "supply": "[{\"l\":'Energy for power irrigation',\"v\":5.048028770766529e-06}]"}, {"source": 52, "prod": 0, "target": 20, "value": 7.0672402790731409e-05, "supply": "[{\"l\":'Energy for power irrigation',\"v\":7.0672402790731409e-05}]"}, {"source": 52, "prod": 0, "target": 43, "value": 4.3539248147861313e-05, "supply": "[{\"l\":'Energy for power irrigation',\"v\":4.3539248147861313e-05}]"}, {"source": 52, "prod": 0, "target": 10, "value": 3.9122222973440597e-05, "supply": "[{\"l\":'Energy for power irrigation',\"v\":3.9122222973440597e-05}]"}, {"source": 52, "prod": 0, "target": 29, "value": 0.00076225234438574599, "supply": "[{\"l\":'Energy for power irrigation',\"v\":0.00076225234438574599}]"}, {"source": 52, "prod": 0, "target": 12, "value": 1.2620071926916322e-06, "supply": "[{\"l\":'Energy for power irrigation',\"v\":1.2620071926916322e-06}]"}, {"source": 52, "prod": 0, "target": 26, "value": 0.00016090591706818312, "supply": "[{\"l\":'Energy for power irrigation',\"v\":0.00016090591706818312}]"}, {"source": 52, "prod": 0, "target": 42, "value": 0.00042580952269189869, "supply": "[{\"l\":'Electricity',\"v\":0.00042580952269189869}]"}, {"source": 53, "prod": 0, "target": 52, "value": 0.0018331558813543679, "supply": [{"l": "Coal", "v": 0.00012816908476751332}, {"l": "Natural gas", "v": 0.00023094296147972324}, {"l": "Oil", "v": 0.0014740438351071312}]}, {"source": 54, "prod": 0, "target": 52, "value": 0.0017045222239505783, "supply": [{"l": "Nuclear", "v": 0.0}, {"l": "Hydroelectric", "v": 0.0016946495725468737}, {"l": "Renewable", "v": 9.8726514037046344e-06}]}, {"source": 53, "prod": 0, "target": 2, "value": 0.002437032681346752, "supply": [{"l": "Other fossil fuels", "v": 0.002437032681346752}]}, {"source": 53, "prod": 0, "target": 40, "value": 0.0005946359742486075, "supply": [{"l": "Other fossil fuels", "v": 0.0005946359742486075}]}, {"source": 53, "prod": 0, "target": 23, "value": 0.00019496261450774018, "supply": [{"l": "Other fossil fuels", "v": 0.00019496261450774018}]}, {"source": 53, "prod": 0, "target": 41, "value": 0.00021445887595851416, "supply": [{"l": "Other fossil fuels", "v": 0.00021445887595851416}]}, {"source": 53, "prod": 0, "target": 4, "value": 0.0025930027729529439, "supply": [{"l": "Other fossil fuels", "v": 0.0025930027729529439}]}, {"source": 53, "prod": 0, "target": 24, "value": 0.00069211728150247759, "supply": [{"l": "Other fossil fuels", "v": 0.00069211728150247759}]}, {"source": 53, "prod": 0, "target": 6, "value": 0.00058488784352322054, "supply": [{"l": "Other fossil fuels", "v": 0.00058488784352322054}]}, {"source": 53, "prod": 0, "target": 35, "value": 0.0054004644218644026, "supply": [{"l": "Other fossil fuels", "v": 0.0054004644218644026}]}, {"source": 53, "prod": 0, "target": 33, "value": 7.7985045803096064e-05, "supply": [{"l": "Other fossil fuels", "v": 7.7985045803096064e-05}]}, {"source": 53, "prod": 0, "target": 38, "value": 0.00064337662787554244, "supply": [{"l": "Other fossil fuels", "v": 0.00064337662787554244}]}, {"source": 53, "prod": 0, "target": 18, "value": 7.7985045803096064e-05, "supply": [{"l": "Other fossil fuels", "v": 7.7985045803096064e-05}]}, {"source": 53, "prod": 0, "target": 20, "value": 0.0010917906412433447, "supply": [{"l": "Other fossil fuels", "v": 0.0010917906412433447}]}, {"source": 53, "prod": 0, "target": 43, "value": 0.00067262102005170355, "supply": [{"l": "Other fossil fuels", "v": 0.00067262102005170355}]}, {"source": 53, "prod": 0, "target": 10, "value": 0.00060438410497399447, "supply": [{"l": "Other fossil fuels", "v": 0.00060438410497399447}]}, {"source": 53, "prod": 0, "target": 29, "value": 0.011775741916267506, "supply": [{"l": "Other fossil fuels", "v": 0.011775741916267506}]}, {"source": 53, "prod": 0, "target": 12, "value": 1.9496261450774016e-05, "supply": [{"l": "Other fossil fuels", "v": 1.9496261450774016e-05}]}, {"source": 53, "prod": 0, "target": 26, "value": 0.002485773334973687, "supply": [{"l": "Other fossil fuels", "v": 0.002485773334973687}]}, {"source": 55, "prod": 0.040779371752393476, "target": 2, "value": 0.00055938501087212462, "supply": [{"l": "Potash", "v": 0.00015565826949216579}, {"l": "Phosphate", "v": 0.00042083333367000001}, {"l": "Nitrogen", "v": 0.006451621673435208}]}, {"source": 55, "prod": 0.0099501667075840069, "target": 40, "value": 0.00013648994265279843, "supply": [{"l": "Potash", "v": 0.00015565826949216579}, {"l": "Phosphate", "v": 0.00042083333367000001}, {"l": "Nitrogen", "v": 0.006451621673435208}]}, {"source": 55, "prod": 0.0032623497401914779, "target": 23, "value": 4.4750800869769973e-05, "supply": [{"l": "Potash", "v": 0.00015565826949216579}, {"l": "Phosphate", "v": 0.00042083333367000001}, {"l": "Nitrogen", "v": 0.006451621673435208}]}, {"source": 55, "prod": 0.0035885847142106257, "target": 41, "value": 4.9225880956746968e-05, "supply": [{"l": "Potash", "v": 0.00015565826949216579}, {"l": "Phosphate", "v": 0.00042083333367000001}, {"l": "Nitrogen", "v": 0.006451621673435208}]}, {"source": 55, "prod": 0.043389251544546655, "target": 4, "value": 0.00059518565156794058, "supply": [{"l": "Potash", "v": 0.00015565826949216579}, {"l": "Phosphate", "v": 0.00042083333367000001}, {"l": "Nitrogen", "v": 0.006451621673435208}]}, {"source": 55, "prod": 0.011581341577679746, "target": 24, "value": 0.0001588653430876834, "supply": [{"l": "Potash", "v": 0.00015565826949216579}, {"l": "Phosphate", "v": 0.00042083333367000001}, {"l": "Nitrogen", "v": 0.006451621673435208}]}, {"source": 55, "prod": 0.0097870492205744345, "target": 6, "value": 0.00013425240260930992, "supply": [{"l": "Potash", "v": 0.00015565826949216579}, {"l": "Phosphate", "v": 0.00042083333367000001}, {"l": "Nitrogen", "v": 0.006451621673435208}]}, {"source": 55, "prod": 0.090367087803303936, "target": 35, "value": 0.0012395971840926281, "supply": [{"l": "Potash", "v": 0.00015565826949216579}, {"l": "Phosphate", "v": 0.00042083333367000001}, {"l": "Nitrogen", "v": 0.006451621673435208}]}, {"source": 55, "prod": 0.0013049398960765912, "target": 33, "value": 1.7900320347907989e-05, "supply": [{"l": "Potash", "v": 0.00015565826949216579}, {"l": "Phosphate", "v": 0.00042083333367000001}, {"l": "Nitrogen", "v": 0.006451621673435208}]}, {"source": 55, "prod": 0.010765754142631876, "target": 38, "value": 0.0001476776428702409, "supply": [{"l": "Potash", "v": 0.00015565826949216579}, {"l": "Phosphate", "v": 0.00042083333367000001}, {"l": "Nitrogen", "v": 0.006451621673435208}]}, {"source": 55, "prod": 0.0013049398960765912, "target": 18, "value": 1.7900320347907989e-05, "supply": [{"l": "Potash", "v": 0.00015565826949216579}, {"l": "Phosphate", "v": 0.00042083333367000001}, {"l": "Nitrogen", "v": 0.006451621673435208}]}, {"source": 55, "prod": 0.018269158545072273, "target": 20, "value": 0.00025060448487071181, "supply": [{"l": "Potash", "v": 0.00015565826949216579}, {"l": "Phosphate", "v": 0.00042083333367000001}, {"l": "Nitrogen", "v": 0.006451621673435208}]}, {"source": 55, "prod": 0.011255106603660598, "target": 43, "value": 0.00015439026300070641, "supply": [{"l": "Potash", "v": 0.00015565826949216579}, {"l": "Phosphate", "v": 0.00042083333367000001}, {"l": "Nitrogen", "v": 0.006451621673435208}]}, {"source": 55, "prod": 0.010113284194593581, "target": 10, "value": 0.00013872748269628691, "supply": [{"l": "Potash", "v": 0.00015565826949216579}, {"l": "Phosphate", "v": 0.00042083333367000001}, {"l": "Nitrogen", "v": 0.006451621673435208}]}, {"source": 55, "prod": 0.19704592430756526, "target": 29, "value": 0.0027029483725341066, "supply": [{"l": "Potash", "v": 0.00015565826949216579}, {"l": "Phosphate", "v": 0.00042083333367000001}, {"l": "Nitrogen", "v": 0.006451621673435208}]}, {"source": 55, "prod": 0.00032623497401914779, "target": 12, "value": 4.4750800869769971e-06, "supply": [{"l": "Potash", "v": 0.00015565826949216579}, {"l": "Phosphate", "v": 0.00042083333367000001}, {"l": "Nitrogen", "v": 0.006451621673435208}]}, {"source": 55, "prod": 0.041594959187441341, "target": 26, "value": 0.0005705727110895672, "supply": [{"l": "Potash", "v": 0.00015565826949216579}, {"l": "Phosphate", "v": 0.00042083333367000001}, {"l": "Nitrogen", "v": 0.006451621673435208}]}, {"source": 53, "prod": 0, "target": 55, "value": 0.0084241137923839662, "supply": [{"l": "Natural gas (including LNG)", "v": 0.005699393479652988}, {"l": "Fuel oil", "v": 0.001584259495051443}, {"l": "Liquefied petroleum gas (LPG)", "v": 0.00057023040883976707}, {"l": "Coal", "v": 0.00057023040883976707}]}, {"source": 56, "prod": 0, "target": 2, "value": 0.073652041732632345, "supply": "[{\"l\":'Labor',\"v\":0.073652041732632345}]"}, {"source": 56, "prod": 0, "target": 4, "value": 0.078365772403520814, "supply": "[{\"l\":'Labor',\"v\":0.078365772403520814}]"}, {"source": 56, "prod": 0, "target": 5, "value": 0.0038299061700968816, "supply": "[{\"l\":'Labor',\"v\":0.0038299061700968816}]"}, {"source": 56, "prod": 0, "target": 6, "value": 0.017676490015831763, "supply": "[{\"l\":'Labor',\"v\":0.017676490015831763}]"}, {"source": 56, "prod": 0, "target": 44, "value": 0.00029460816693052937, "supply": "[{\"l\":'Labor',\"v\":0.00029460816693052937}]"}, {"source": 56, "prod": 0, "target": 10, "value": 0.018265706349692819, "supply": "[{\"l\":'Labor',\"v\":0.018265706349692819}]"}, {"source": 56, "prod": 0, "target": 12, "value": 0.00058921633386105874, "supply": "[{\"l\":'Labor',\"v\":0.00058921633386105874}]"}, {"source": 56, "prod": 0, "target": 14, "value": 0.0050083388378189993, "supply": "[{\"l\":'Labor',\"v\":0.0050083388378189993}]"}, {"source": 56, "prod": 0, "target": 15, "value": 0.0038299061700968816, "supply": "[{\"l\":'Labor',\"v\":0.0038299061700968816}]"}, {"source": 56, "prod": 0, "target": 17, "value": 0.00058921633386105874, "supply": "[{\"l\":'Labor',\"v\":0.00058921633386105874}]"}, {"source": 56, "prod": 0, "target": 18, "value": 0.002356865335444235, "supply": "[{\"l\":'Labor',\"v\":0.002356865335444235}]"}, {"source": 56, "prod": 0, "target": 20, "value": 0.032996114696219284, "supply": "[{\"l\":'Labor',\"v\":0.032996114696219284}]"}, {"source": 56, "prod": 0, "target": 43, "value": 0.020327963518206524, "supply": "[{\"l\":'Labor',\"v\":0.020327963518206524}]"}, {"source": 56, "prod": 0, "target": 23, "value": 0.0058921633386105872, "supply": "[{\"l\":'Labor',\"v\":0.0058921633386105872}]"}, {"source": 56, "prod": 0, "target": 41, "value": 0.0064813796724716459, "supply": "[{\"l\":'Labor',\"v\":0.0064813796724716459}]"}, {"source": 56, "prod": 0, "target": 24, "value": 0.020917179852067584, "supply": "[{\"l\":'Labor',\"v\":0.020917179852067584}]"}, {"source": 56, "prod": 0, "target": 26, "value": 0.075125082567284993, "supply": "[{\"l\":'Labor',\"v\":0.075125082567284993}]"}, {"source": 56, "prod": 0, "target": 29, "value": 0.35588666565207949, "supply": "[{\"l\":'Labor',\"v\":0.35588666565207949}]"}, {"source": 56, "prod": 0, "target": 31, "value": 0.00029460816693052937, "supply": "[{\"l\":'Labor',\"v\":0.00029460816693052937}]"}, {"source": 56, "prod": 0, "target": 33, "value": 0.002356865335444235, "supply": "[{\"l\":'Labor',\"v\":0.002356865335444235}]"}, {"source": 56, "prod": 0, "target": 35, "value": 0.16321292447951327, "supply": "[{\"l\":'Labor',\"v\":0.16321292447951327}]"}, {"source": 56, "prod": 0, "target": 38, "value": 0.019444139017414937, "supply": "[{\"l\":'Labor',\"v\":0.019444139017414937}]"}, {"source": 56, "prod": 0, "target": 40, "value": 0.017971098182762289, "supply": "[{\"l\":'Labor',\"v\":0.017971098182762289}]"}, {"source": 53, "prod": 0, "target": 48, "value": 0.018407072075383491, "supply": "[{\"l\":'Fossil Fuels',\"v\":0.018407072075383491}]"}, {"source": 54, "prod": 0, "target": 48, "value": 0.10686590422144619, "supply": "[{\"l\":'Renewables & Nuclear',\"v\":0.0013128531794571506},{\"l\":'Biomass & Waste',\"v\":0.10555305104198905}]"}]}