{"nodes": [{"name": "Balance", "fill": "#9edae5"}, {"name": "Food", "fill": "#b5cf6b"}, {"name": "Stock Deposit", "fill": "#c7c7c7"}, {"name": "Export", "fill": "#aec7e8"}, {"name": "Biofuels & Other", "fill": "#e7ba52"}, {"name": "Renewables & Nuclear", "fill": "#2ca02c"}, {"name": "Fossil Fuels", "fill": "#c49c94"}, {"name": "Stock Draw", "fill": "#c7c7c7"}, {"name": "Labor", "fill": "#7f7f7f"}], "links": [{"source": 0, "target": 1, "value": 0.23999908911541634}, {"source": 0, "target": 2, "value": 0.0091385018438874827}, {"source": 0, "target": 3, "value": 0.0093887372301792484}, {"source": 0, "target": 4, "value": 0.035694770825801539}, {"source": 5, "target": 0, "value": 0.21752872173499088}, {"source": 6, "target": 0, "value": 1.1257593905536545}, {"source": 7, "target": 0, "value": 0.01907590007956024}, {"source": 8, "target": 0, "value": 0.00086111702827906757}]}