{"nodes": [{"layer": 5, "name": "Cereals - Excluding Beer"}, {"layer": 10, "name": "Feed", "fill": "#dbdb8d"}, {"layer": 5, "name": "Starchy Roots"}, {"layer": 16, "name": "Food", "fill": "#b5cf6b"}, {"layer": 13, "name": "Meat"}, {"layer": 5, "name": "Stimulants"}, {"layer": 5, "name": "Vegetables"}, {"layer": 13, "name": "Alcoholic Beverages"}, {"layer": 13, "name": "Animal Fats"}, {"layer": 13, "name": "Milk - Excluding Butter"}, {"layer": 5, "name": "Pulses"}, {"layer": 13, "name": "Fish, Seafood"}, {"layer": 13, "name": "Sugar & Sweeteners"}, {"layer": 5, "name": "Fruits - Excluding Wine"}, {"layer": 13, "name": "Vegetable Oils", "fill": "#f7b6d2"}, {"layer": 13, "name": "Eggs"}, {"layer": 10, "name": "Processing", "fill": "#9edae5"}, {"layer": 16, "name": "Biofuels & Other", "fill": "#e7ba52"}, {"name": "Waste", "fill": "#c7c7c7"}, {"layer": 2, "name": "Import", "fill": "#aec7e8"}, {"layer": 16, "name": "Export", "fill": "#aec7e8"}, {"layer": 0, "name": "Stock Draw", "fill": "#c7c7c7"}], "links": [{"source": 0, "prod": 0.02701048574301013, "target": 1, "value": 8.0, "supply": [{"l": "Cereals, Other", "v": 2.0}, {"l": "Maize", "v": 6.0}]}, {"source": 2, "prod": 0.0059290725629982397, "target": 3, "value": 7.0, "supply": [{"l": "Potatoes", "v": 7.0}]}, {"source": 4, "prod": 0.04367184609187566, "target": 3, "value": 19.0, "supply": [{"l": "Pigmeat", "v": 6.0}, {"l": "Poultry Meat", "v": 4.0}, {"l": "Offals, Edible", "v": 1.0}, {"l": "Bovine Meat", "v": 8.0}]}, {"source": 5, "prod": 0.0027452000473272876, "target": 3, "value": 5.0, "supply": [{"l": "Coffee", "v": 5.0}]}, {"source": 6, "prod": 0.0034811116577210983, "target": 3, "value": 9.0, "supply": [{"l": "Vegetables, Other", "v": 7.0}, {"l": "Tomatoes", "v": 1.0}, {"l": "Onions", "v": 1.0}]}, {"source": 7, "prod": 0.013098917872833819, "target": 3, "value": 16.0, "supply": [{"l": "Beer", "v": 13.0}, {"l": "Beverages, Alcoholic", "v": 2.0}, {"l": "Wine", "v": 1.0}]}, {"source": 8, "prod": 0.0084247253685069239, "target": 3, "value": 1.0, "supply": [{"l": "Fats, Animals, Raw", "v": 1.0}]}, {"source": 9, "prod": 0.023593028252934651, "target": 3, "value": 42.0, "supply": [{"l": "Milk - Excluding Butter", "v": 42.0}]}, {"source": 10, "prod": 0.0039620155479800009, "target": 3, "value": 1.0, "supply": [{"l": "Pulses, Other", "v": 1.0}]}, {"source": 11, "prod": 0.0076777120512992918, "target": 3, "value": 10.0, "supply": [{"l": "Fish, Seafood", "v": 5.0}, {"l": "Pelagic Fish", "v": 1.0}, {"l": "Crustaceans", "v": 1.0}, {"l": "Marine Fish, Other", "v": 3.0}]}, {"source": 12, "prod": 0.025470099951300004, "target": 3, "value": 6.0, "supply": [{"l": "Sugar", "v": 6.0}]}, {"source": 13, "prod": 0.011759452431242693, "target": 3, "value": 23.0, "supply": [{"l": "Plantains", "v": 4.0}, {"l": "Fruits, Other", "v": 10.0}, {"l": "Apples", "v": 1.0}, {"l": "Bananas", "v": 1.0}, {"l": "Oranges, Mandarines", "v": 7.0}]}, {"source": 14, "prod": 0.020365391905961004, "target": 3, "value": 2.0, "supply": [{"l": "Oilcrops Oil, Other", "v": 1.0}, {"l": "Soyabean Oil", "v": 1.0}]}, {"source": 0, "prod": 0.069197916543263405, "target": 3, "value": 21.0, "supply": [{"l": "Rice", "v": 5.0}, {"l": "Cereals, Other", "v": 1.0}, {"l": "Wheat", "v": 14.0}, {"l": "Oats", "v": 1.0}]}, {"source": 15, "prod": 0.0014592244763765626, "target": 3, "value": 1.0, "supply": [{"l": "Eggs", "v": 1.0}]}, {"source": 0, "prod": 0.0057610940366035722, "target": 16, "value": 2.0, "supply": [{"l": "Barley", "v": 2.0}]}, {"source": 9, "prod": 0.0016852163037810466, "target": 17, "value": 3.0, "supply": [{"l": "Milk - Excluding Butter", "v": 3.0}]}, {"source": 0, "prod": 0.011280976547588074, "target": 17, "value": 3.0, "supply": [{"l": "Wheat", "v": 1.0}, {"l": "Rice", "v": 2.0}]}, {"source": 12, "prod": 0.0169800666342, "target": 17, "value": 4.0, "supply": [{"l": "Sugar", "v": 4.0}]}, {"source": 13, "prod": 0.00042521034977128553, "target": 17, "value": 1.0, "supply": [{"l": "Fruits, Other", "v": 1.0}]}, {"source": 2, "prod": 0.00084701036614260564, "target": 18, "value": 1.0, "supply": [{"l": "Potatoes", "v": 1.0}]}, {"source": 0, "prod": 0.0060748561374529197, "target": 18, "value": 2.0, "supply": [{"l": "Wheat", "v": 2.0}]}, {"source": 13, "prod": 0.00030931025904007539, "target": 18, "value": 1.0, "supply": [{"l": "Oranges, Mandarines", "v": 1.0}]}, {"source": 19, "prod": 0.068515034658011953, "target": 1, "value": 68.0, "supply": [{"l": "Pigmeat", "v": 6.0}, {"l": "Milk - Excluding Butter", "v": 46.0}, {"l": "Fish, Seafood", "v": 3.0}, {"l": "Crustaceans", "v": 1.0}, {"l": "Poultry Meat", "v": 4.0}, {"l": "Marine Fish, Other", "v": 2.0}, {"l": "Bovine Meat", "v": 6.0}]}, {"source": 19, "prod": 0.16108795674693629, "target": 0, "value": 49.0, "supply": [{"l": "Maize", "v": 7.0}, {"l": "Barley", "v": 3.0}, {"l": "Rice", "v": 9.0}, {"l": "Cereals, Other", "v": 3.0}, {"l": "Wheat", "v": 26.0}, {"l": "Oats", "v": 1.0}]}, {"source": 19, "prod": 0.0039620155479800009, "target": 10, "value": 1.0, "supply": [{"l": "Pulses, Other", "v": 1.0}]}, {"source": 19, "prod": 0.088330005275596257, "target": 16, "value": 20.0, "supply": [{"l": "Fats, Animals, Raw", "v": 1.0}, {"l": "Sugar", "v": 10.0}, {"l": "Beer", "v": 3.0}, {"l": "Beverages, Alcoholic", "v": 2.0}, {"l": "Oilcrops Oil, Other", "v": 1.0}, {"l": "Butter, Ghee", "v": 1.0}, {"l": "Wine", "v": 1.0}, {"l": "Soyabean Oil", "v": 1.0}]}, {"source": 19, "prod": 0.0038825316727140059, "target": 6, "value": 10.0, "supply": [{"l": "Vegetables, Other", "v": 8.0}, {"l": "Tomatoes", "v": 1.0}, {"l": "Onions", "v": 1.0}]}, {"source": 19, "prod": 0.011529840198774606, "target": 5, "value": 21.0, "supply": [{"l": "Coffee", "v": 21.0}]}, {"source": 19, "prod": 0.012493973040054052, "target": 13, "value": 25.0, "supply": [{"l": "Plantains", "v": 4.0}, {"l": "Fruits, Other", "v": 11.0}, {"l": "Bananas", "v": 1.0}, {"l": "Oranges, Mandarines", "v": 8.0}, {"l": "Apples", "v": 1.0}]}, {"source": 19, "prod": 0.0067760829291408451, "target": 2, "value": 8.0, "supply": [{"l": "Potatoes", "v": 8.0}]}, {"source": 9, "prod": 0.0016852163037810466, "target": 20, "value": 3.0, "supply": [{"l": "Milk - Excluding Butter", "v": 3.0}]}, {"source": 5, "prod": 0.0087846401514473198, "target": 20, "value": 16.0, "supply": [{"l": "Coffee", "v": 16.0}]}, {"source": 21, "prod": 0.00424501665855, "target": 16, "value": 1.0, "supply": [{"l": "Sugar", "v": 1.0}]}, {"source": 21, "prod": 0.038617829166126216, "target": 0, "value": 12.0, "supply": [{"l": "Rice", "v": 2.0}, {"l": "Wheat", "v": 10.0}]}, {"source": 1, "prod": 0.026963460860496741, "target": 9, "value": 48.0, "supply": [{"l": "Milk - Excluding Butter", "v": 48.0}]}, {"source": 1, "prod": 0.0014592244763765626, "target": 15, "value": 1.0, "supply": [{"l": "Eggs", "v": 1.0}]}, {"source": 1, "prod": 0.04367184609187566, "target": 4, "value": 19.0, "supply": [{"l": "Poultry Meat", "v": 4.0}, {"l": "Bovine Meat", "v": 8.0}, {"l": "Pigmeat", "v": 6.0}, {"l": "Offals, Edible", "v": 1.0}]}, {"source": 1, "prod": 0.0076777120512992918, "target": 11, "value": 10.0, "supply": [{"l": "Crustaceans", "v": 1.0}, {"l": "Pelagic Fish", "v": 1.0}, {"l": "Marine Fish, Other", "v": 3.0}, {"l": "Fish, Seafood", "v": 5.0}]}, {"source": 16, "prod": 0.042450166585500007, "target": 12, "value": 10.0, "supply": [{"l": "Sugar", "v": 10.0}]}, {"source": 16, "prod": 0.020365391905961004, "target": 14, "value": 2.0, "supply": [{"l": "Oilcrops Oil, Other", "v": 1.0}, {"l": "Soyabean Oil", "v": 1.0}]}, {"source": 16, "prod": 0.0084247253685069239, "target": 8, "value": 1.0, "supply": [{"l": "Fats, Animals, Raw", "v": 1.0}]}, {"source": 16, "prod": 0.013098917872833819, "target": 7, "value": 16.0, "supply": [{"l": "Beer", "v": 13.0}, {"l": "Beverages, Alcoholic", "v": 2.0}, {"l": "Wine", "v": 1.0}]}]}