{"nodes": [{"layer": 5, "name": "Maize"}, {"layer": 10, "name": "Feed", "fill": "#dbdb8d"}, {"layer": 5, "name": "Rice"}, {"layer": 5, "name": "Sugar cane"}, {"layer": 16, "name": "Food", "fill": "#b5cf6b"}, {"layer": 5, "name": "Vegetables, Other"}, {"layer": 5, "name": "Nuts"}, {"layer": 13, "name": "Sugar", "fill": "#d6616b"}, {"layer": 13, "name": "Beer"}, {"layer": 5, "name": "Grapefruit"}, {"layer": 13, "name": "Beverages, Alcoholic"}, {"layer": 13, "name": "Fats, Animals, Raw"}, {"layer": 5, "name": "Coffee"}, {"layer": 5, "name": "Wheat"}, {"layer": 5, "name": "Coconuts - Incl Copra"}, {"layer": 5, "name": "Treenuts"}, {"layer": 13, "name": "Eggs"}, {"layer": 5, "name": "Roots, Other"}, {"layer": 5, "name": "Sesame seed"}, {"layer": 13, "name": "Marine Fish, Other"}, {"layer": 5, "name": "Grapes"}, {"layer": 5, "name": "Groundnuts"}, {"layer": 13, "name": "Coconut Oil"}, {"layer": 13, "name": "Pigmeat"}, {"layer": 5, "name": "Fruits, Other"}, {"layer": 13, "name": "Freshwater Fish"}, {"layer": 5, "name": "Pimento"}, {"layer": 13, "name": "Milk - Excluding Butter"}, {"layer": 5, "name": "Beans"}, {"layer": 13, "name": "Fish, Seafood"}, {"layer": 13, "name": "Oilcrops Oil, Other"}, {"layer": 5, "name": "Lemons, Limes"}, {"layer": 13, "name": "Sweeteners, Other"}, {"layer": 5, "name": "Pineapples"}, {"layer": 5, "name": "Bananas"}, {"layer": 13, "name": "Bovine Meat"}, {"layer": 13, "name": "Poultry Meat"}, {"layer": 13, "name": "Offals, Edible"}, {"layer": 5, "name": "Sweet potatoes"}, {"layer": 5, "name": "Oranges, Mandarines"}, {"layer": 5, "name": "Onions"}, {"layer": 5, "name": "Cassava"}, {"layer": 5, "name": "Soyabeans"}, {"layer": 10, "name": "Processing", "fill": "#9edae5"}, {"layer": 5, "name": "Oilcrops, Other"}, {"layer": 5, "name": "Cottonseed"}, {"layer": 16, "name": "Biofuels & Other", "fill": "#e7ba52"}, {"layer": 13, "name": "Ricebran Oil"}, {"name": "Waste", "fill": "#c7c7c7"}, {"layer": 2, "name": "Import", "fill": "#aec7e8"}, {"layer": 16, "name": "Export", "fill": "#aec7e8"}, {"layer": 5, "name": "Pepper"}, {"layer": 16, "name": "Stock Deposit", "fill": "#c7c7c7"}, {"layer": 2, "name": "Electricity", "fill": "#bcbd22"}, {"layer": 0, "name": "Fossil Fuels", "fill": "#c49c94"}, {"layer": 2, "name": "Fertilizers", "fill": "#c5b0d5"}, {"layer": 0, "name": "Labor", "fill": "#7f7f7f"}, {"layer": 0, "name": "Renewables & Nuclear", "fill": "#2ca02c"}], "links": [{"source": 0, "prod": 2.0, "target": 1, "value": 0.0076513298524991339, "supply": [{"l": "Maize", "v": 0.0076513298524991339}]}, {"source": 2, "prod": 32.0, "target": 1, "value": 0.12963276677722579, "supply": [{"l": "Rice", "v": 0.12963276677722579}]}, {"source": 3, "prod": 20.0, "target": 1, "value": 0.0064974744773724502, "supply": [{"l": "Sugar cane", "v": 0.0064974744773724502}]}, {"source": 0, "prod": 34.0, "target": 4, "value": 0.13007260749248528, "supply": [{"l": "Maize", "v": 0.13007260749248528}]}, {"source": 5, "prod": 324.0, "target": 4, "value": 0.082224127016696735, "supply": [{"l": "Vegetables, Other", "v": 0.082224127016696735}]}, {"source": 6, "prod": 1.0, "target": 4, "value": 0.0023583425880833336, "supply": [{"l": "Nuts", "v": 0.0023583425880833336}]}, {"source": 7, "prod": 29.0, "target": 4, "value": 0.12137160305431691, "supply": [{"l": "Sugar", "v": 0.12137160305431691}]}, {"source": 8, "prod": 4.0, "target": 4, "value": 0.002497068622676471, "supply": [{"l": "Beer", "v": 0.002497068622676471}]}, {"source": 9, "prod": 9.0, "target": 4, "value": 0.0025134967057203949, "supply": [{"l": "Grapefruit", "v": 0.0025134967057203949}]}, {"source": 10, "prod": 5.0, "target": 4, "value": 0.01326567705796875, "supply": [{"l": "Beverages, Alcoholic", "v": 0.01326567705796875}]}, {"source": 2, "prod": 917.0, "target": 4, "value": 3.7147889729598775, "supply": [{"l": "Rice", "v": 3.7147889729598775}]}, {"source": 11, "prod": 1.0, "target": 4, "value": 0.007718212106454546, "supply": [{"l": "Fats, Animals, Raw", "v": 0.007718212106454546}]}, {"source": 12, "prod": 1.0, "target": 4, "value": 0.00038591060532272727, "supply": [{"l": "Coffee", "v": 0.00038591060532272727}]}, {"source": 13, "prod": 22.0, "target": 4, "value": 0.066356313031018424, "supply": [{"l": "Wheat", "v": 0.066356313031018424}]}, {"source": 14, "prod": 3.0, "target": 4, "value": 0.0055369782502826094, "supply": [{"l": "Coconuts - Incl Copra", "v": 0.0055369782502826094}]}, {"source": 15, "prod": 1.0, "target": 4, "value": 0.002497068622676471, "supply": [{"l": "Treenuts", "v": 0.002497068622676471}]}, {"source": 16, "prod": 4.0, "target": 4, "value": 0.007718212106454546, "supply": [{"l": "Eggs", "v": 0.007718212106454546}]}, {"source": 17, "prod": 4.0, "target": 4, "value": 0.0052246358874461539, "supply": [{"l": "Roots, Other", "v": 0.0052246358874461539}]}, {"source": 18, "prod": 2.0, "target": 4, "value": 0.013061589718615384, "supply": [{"l": "Sesame seed", "v": 0.013061589718615384}]}, {"source": 19, "prod": 16.0, "target": 4, "value": 0.012719151036853931, "supply": [{"l": "Marine Fish, Other", "v": 0.012719151036853931}]}, {"source": 20, "prod": 1.0, "target": 4, "value": 0.00079594062347812511, "supply": [{"l": "Grapes", "v": 0.00079594062347812511}]}, {"source": 21, "prod": 5.0, "target": 4, "value": 0.031355236682471588, "supply": [{"l": "Groundnuts", "v": 0.031355236682471588}]}, {"source": 22, "prod": 4.0, "target": 4, "value": 0.041163797901090912, "supply": [{"l": "Coconut Oil", "v": 0.041163797901090912}]}, {"source": 23, "prod": 10.0, "target": 4, "value": 0.041926090454814824, "supply": [{"l": "Pigmeat", "v": 0.041926090454814824}]}, {"source": 24, "prod": 48.0, "target": 4, "value": 0.025093694533300494, "supply": [{"l": "Fruits, Other", "v": 0.025093694533300494}]}, {"source": 25, "prod": 14.0, "target": 4, "value": 0.010246591934431035, "supply": [{"l": "Freshwater Fish", "v": 0.010246591934431035}]}, {"source": 26, "prod": 5.0, "target": 4, "value": 0.017687569410625003, "supply": [{"l": "Pimento", "v": 0.017687569410625003}]}, {"source": 27, "prod": 21.0, "target": 4, "value": 0.019920748565262575, "supply": [{"l": "Milk - Excluding Butter", "v": 0.019920748565262575}]}, {"source": 28, "prod": 12.0, "target": 4, "value": 0.046983679521815536, "supply": [{"l": "Beans", "v": 0.046983679521815536}]}, {"source": 29, "prod": 30.0, "target": 4, "value": 0.022429637921888457, "supply": [{"l": "Fish, Seafood", "v": 0.022429637921888457}]}, {"source": 30, "prod": 1.0, "target": 4, "value": 0.0090964642683214296, "supply": [{"l": "Oilcrops Oil, Other", "v": 0.0090964642683214296}]}, {"source": 31, "prod": 5.0, "target": 4, "value": 0.0058111111000000003, "supply": [{"l": "Lemons, Limes", "v": 0.0058111111000000003}]}, {"source": 3, "prod": 46.0, "target": 4, "value": 0.014944191297956632, "supply": [{"l": "Sugar cane", "v": 0.014944191297956632}]}, {"source": 32, "prod": 30.0, "target": 4, "value": 0.1290882258740351, "supply": [{"l": "Sweeteners, Other", "v": 0.1290882258740351}]}, {"source": 33, "prod": 18.0, "target": 4, "value": 0.004977869697322476, "supply": [{"l": "Pineapples", "v": 0.004977869697322476}]}, {"source": 34, "prod": 123.0, "target": 4, "value": 0.089594536530311741, "supply": [{"l": "Bananas", "v": 0.089594536530311741}]}, {"source": 35, "prod": 14.0, "target": 4, "value": 0.027937289120371796, "supply": [{"l": "Bovine Meat", "v": 0.027937289120371796}]}, {"source": 36, "prod": 4.0, "target": 4, "value": 0.0074912058680294122, "supply": [{"l": "Poultry Meat", "v": 0.0074912058680294122}]}, {"source": 37, "prod": 3.0, "target": 4, "value": 0.0045482321341607148, "supply": [{"l": "Offals, Edible", "v": 0.0045482321341607148}]}, {"source": 38, "prod": 26.0, "target": 4, "value": 0.02778203122071625, "supply": [{"l": "Sweet potatoes", "v": 0.02778203122071625}]}, {"source": 39, "prod": 34.0, "target": 4, "value": 0.0099026117592247009, "supply": [{"l": "Oranges, Mandarines", "v": 0.0099026117592247009}]}, {"source": 40, "prod": 2.0, "target": 4, "value": 0.00050755633960923921, "supply": [{"l": "Onions", "v": 0.00050755633960923921}]}, {"source": 41, "prod": 13.0, "target": 4, "value": 0.014848040330354261, "supply": [{"l": "Cassava", "v": 0.014848040330354261}]}, {"source": 42, "prod": 1.0, "target": 43, "value": 0.0070750277642500003, "supply": [{"l": "Soyabeans", "v": 0.0070750277642500003}]}, {"source": 44, "prod": 4.0, "target": 43, "value": 0.025603684391604022, "supply": [{"l": "Oilcrops, Other", "v": 0.025603684391604022}]}, {"source": 21, "prod": 1.0, "target": 43, "value": 0.0062710473364943186, "supply": [{"l": "Groundnuts", "v": 0.0062710473364943186}]}, {"source": 3, "prod": 150.0, "target": 43, "value": 0.048731058580293363, "supply": [{"l": "Sugar cane", "v": 0.048731058580293363}]}, {"source": 14, "prod": 22.0, "target": 43, "value": 0.040604507168739132, "supply": [{"l": "Coconuts - Incl Copra", "v": 0.040604507168739132}]}, {"source": 45, "prod": 3.0, "target": 46, "value": 0.019202763293703018, "supply": [{"l": "Cottonseed", "v": 0.019202763293703018}]}, {"source": 47, "prod": 3.0, "target": 46, "value": 0.031355236682471588, "supply": [{"l": "Ricebran Oil", "v": 0.031355236682471588}]}, {"source": 0, "prod": 7.0, "target": 0, "value": 0.02677965448374697, "supply": [{"l": "Maize", "v": 0.02677965448374697}]}, {"source": 42, "prod": 1.0, "target": 42, "value": 0.0070750277642500003, "supply": [{"l": "Soyabeans", "v": 0.0070750277642500003}]}, {"source": 28, "prod": 1.0, "target": 28, "value": 0.0039153066268179607, "supply": [{"l": "Beans", "v": 0.0039153066268179607}]}, {"source": 21, "prod": 1.0, "target": 21, "value": 0.0062710473364943186, "supply": [{"l": "Groundnuts", "v": 0.0062710473364943186}]}, {"source": 2, "prod": 95.0, "target": 2, "value": 0.38484727636988914, "supply": [{"l": "Rice", "v": 0.38484727636988914}]}, {"source": 3, "prod": 14.0, "target": 3, "value": 0.0045482321341607148, "supply": [{"l": "Sugar cane", "v": 0.0045482321341607148}]}, {"source": 33, "prod": 2.0, "target": 48, "value": 0.00055309663303583067, "supply": [{"l": "Pineapples", "v": 0.00055309663303583067}]}, {"source": 34, "prod": 7.0, "target": 48, "value": 0.005098876062700668, "supply": [{"l": "Bananas", "v": 0.005098876062700668}]}, {"source": 5, "prod": 36.0, "target": 48, "value": 0.009136014112966306, "supply": [{"l": "Vegetables, Other", "v": 0.009136014112966306}]}, {"source": 24, "prod": 5.0, "target": 48, "value": 0.0026139265138854684, "supply": [{"l": "Fruits, Other", "v": 0.0026139265138854684}]}, {"source": 27, "prod": 1.0, "target": 48, "value": 0.00094860707453631307, "supply": [{"l": "Milk - Excluding Butter", "v": 0.00094860707453631307}]}, {"source": 38, "prod": 1.0, "target": 48, "value": 0.0010685396623352403, "supply": [{"l": "Sweet potatoes", "v": 0.0010685396623352403}]}, {"source": 9, "prod": 1.0, "target": 48, "value": 0.0002792774117467106, "supply": [{"l": "Grapefruit", "v": 0.0002792774117467106}]}, {"source": 39, "prod": 4.0, "target": 48, "value": 0.0011650131481440824, "supply": [{"l": "Oranges, Mandarines", "v": 0.0011650131481440824}]}, {"source": 2, "prod": 143.0, "target": 48, "value": 0.57929642653572788, "supply": [{"l": "Rice", "v": 0.57929642653572788}]}, {"source": 31, "prod": 1.0, "target": 48, "value": 0.0011622222200000001, "supply": [{"l": "Lemons, Limes", "v": 0.0011622222200000001}]}, {"source": 41, "prod": 1.0, "target": 48, "value": 0.0011421569484887893, "supply": [{"l": "Cassava", "v": 0.0011421569484887893}]}, {"source": 49, "prod": 2.0, "target": 40, "value": 0.00050755633960923921, "supply": [{"l": "Onions", "v": 0.00050755633960923921}]}, {"source": 49, "prod": 23.0, "target": 13, "value": 0.069372509077882893, "supply": [{"l": "Wheat", "v": 0.069372509077882893}]}, {"source": 49, "prod": 9.0, "target": 1, "value": 0.0085374636708268163, "supply": [{"l": "Milk - Excluding Butter", "v": 0.0085374636708268163}]}, {"source": 49, "prod": 1.0, "target": 20, "value": 0.00079594062347812511, "supply": [{"l": "Grapes", "v": 0.00079594062347812511}]}, {"source": 49, "prod": 20.0, "target": 43, "value": 0.074034341190937311, "supply": [{"l": "Coconut Oil", "v": 0.010290949475272728}, {"l": "Sugar", "v": 0.058593187681394363}, {"l": "Beer", "v": 0.002497068622676471}, {"l": "Beverages, Alcoholic", "v": 0.00265313541159375}]}, {"source": 49, "prod": 1.0, "target": 12, "value": 0.00038591060532272727, "supply": [{"l": "Coffee", "v": 0.00038591060532272727}]}, {"source": 49, "prod": 1.0, "target": 24, "value": 0.00052278530277709366, "supply": [{"l": "Fruits, Other", "v": 0.00052278530277709366}]}, {"source": 49, "prod": 2.0, "target": 14, "value": 0.0036913188335217393, "supply": [{"l": "Coconuts - Incl Copra", "v": 0.0036913188335217393}]}, {"source": 0, "prod": 104.0, "target": 50, "value": 0.39786915232995496, "supply": [{"l": "Maize", "v": 0.39786915232995496}]}, {"source": 51, "prod": 1.0, "target": 50, "value": 0.0011622222200000001, "supply": [{"l": "Pepper", "v": 0.0011622222200000001}]}, {"source": 15, "prod": 1.0, "target": 50, "value": 0.002497068622676471, "supply": [{"l": "Treenuts", "v": 0.002497068622676471}]}, {"source": 25, "prod": 16.0, "target": 50, "value": 0.011710390782206896, "supply": [{"l": "Freshwater Fish", "v": 0.011710390782206896}]}, {"source": 6, "prod": 1.0, "target": 50, "value": 0.0023583425880833336, "supply": [{"l": "Nuts", "v": 0.0023583425880833336}]}, {"source": 18, "prod": 6.0, "target": 50, "value": 0.03918476915584615, "supply": [{"l": "Sesame seed", "v": 0.03918476915584615}]}, {"source": 45, "prod": 3.0, "target": 50, "value": 0.019202763293703018, "supply": [{"l": "Cottonseed", "v": 0.019202763293703018}]}, {"source": 28, "prod": 5.0, "target": 50, "value": 0.019576533134089805, "supply": [{"l": "Beans", "v": 0.019576533134089805}]}, {"source": 29, "prod": 16.0, "target": 50, "value": 0.011962473558340509, "supply": [{"l": "Fish, Seafood", "v": 0.011962473558340509}]}, {"source": 44, "prod": 8.0, "target": 50, "value": 0.051207368783208043, "supply": [{"l": "Oilcrops, Other", "v": 0.051207368783208043}]}, {"source": 2, "prod": 249.0, "target": 50, "value": 1.0087049664852885, "supply": [{"l": "Rice", "v": 1.0087049664852885}]}, {"source": 42, "prod": 7.0, "target": 50, "value": 0.049525194349750008, "supply": [{"l": "Soyabeans", "v": 0.049525194349750008}]}, {"source": 45, "prod": 12.0, "target": 52, "value": 0.076811053174812072, "supply": [{"l": "Cottonseed", "v": 0.076811053174812072}]}, {"source": 0, "prod": 28.0, "target": 52, "value": 0.10711861793498788, "supply": [{"l": "Maize", "v": 0.10711861793498788}]}, {"source": 2, "prod": 153.0, "target": 52, "value": 0.61980666615361091, "supply": [{"l": "Rice", "v": 0.61980666615361091}]}, {"source": 1, "prod": 4.0, "target": 36, "value": 0.0074912058680294122, "supply": [{"l": "Poultry Meat", "v": 0.0074912058680294122}]}, {"source": 1, "prod": 10.0, "target": 23, "value": 0.041926090454814824, "supply": [{"l": "Pigmeat", "v": 0.041926090454814824}]}, {"source": 1, "prod": 14.0, "target": 35, "value": 0.027937289120371796, "supply": [{"l": "Bovine Meat", "v": 0.027937289120371796}]}, {"source": 1, "prod": 30.0, "target": 25, "value": 0.021956982716637929, "supply": [{"l": "Freshwater Fish", "v": 0.021956982716637929}]}, {"source": 1, "prod": 22.0, "target": 27, "value": 0.020869355639798887, "supply": [{"l": "Milk - Excluding Butter", "v": 0.020869355639798887}]}, {"source": 1, "prod": 3.0, "target": 37, "value": 0.0045482321341607148, "supply": [{"l": "Offals, Edible", "v": 0.0045482321341607148}]}, {"source": 1, "prod": 16.0, "target": 19, "value": 0.012719151036853931, "supply": [{"l": "Marine Fish, Other", "v": 0.012719151036853931}]}, {"source": 1, "prod": 46.0, "target": 29, "value": 0.034392111480228964, "supply": [{"l": "Fish, Seafood", "v": 0.034392111480228964}]}, {"source": 1, "prod": 4.0, "target": 16, "value": 0.007718212106454546, "supply": [{"l": "Eggs", "v": 0.007718212106454546}]}, {"source": 43, "prod": 1.0, "target": 11, "value": 0.007718212106454546, "supply": [{"l": "Fats, Animals, Raw", "v": 0.007718212106454546}]}, {"source": 43, "prod": 30.0, "target": 32, "value": 0.1290882258740351, "supply": [{"l": "Sweeteners, Other", "v": 0.1290882258740351}]}, {"source": 43, "prod": 4.0, "target": 22, "value": 0.041163797901090912, "supply": [{"l": "Coconut Oil", "v": 0.041163797901090912}]}, {"source": 43, "prod": 3.0, "target": 47, "value": 0.031355236682471588, "supply": [{"l": "Ricebran Oil", "v": 0.031355236682471588}]}, {"source": 43, "prod": 29.0, "target": 7, "value": 0.12137160305431691, "supply": [{"l": "Sugar", "v": 0.12137160305431691}]}, {"source": 43, "prod": 4.0, "target": 8, "value": 0.002497068622676471, "supply": [{"l": "Beer", "v": 0.002497068622676471}]}, {"source": 43, "prod": 5.0, "target": 10, "value": 0.01326567705796875, "supply": [{"l": "Beverages, Alcoholic", "v": 0.01326567705796875}]}, {"source": 43, "prod": 1.0, "target": 30, "value": 0.0090964642683214296, "supply": [{"l": "Oilcrops Oil, Other", "v": 0.0090964642683214296}]}, {"source": 53, "prod": 0, "target": 0, "value": 0.0010709930493913319, "supply": "[{\"l\":'Energy for power irrigation',\"v\":0.0010709930493913319}]"}, {"source": 53, "prod": 0, "target": 17, "value": 2.4549983940202445e-05, "supply": "[{\"l\":'Energy for power irrigation',\"v\":2.4549983940202445e-05}]"}, {"source": 53, "prod": 0, "target": 24, "value": 0.0003222185392151571, "supply": "[{\"l\":'Energy for power irrigation',\"v\":0.0003222185392151571}]"}, {"source": 53, "prod": 0, "target": 9, "value": 6.137495985050611e-05, "supply": "[{\"l\":'Energy for power irrigation',\"v\":6.137495985050611e-05}]"}, {"source": 53, "prod": 0, "target": 2, "value": 0.0097524811202454216, "supply": "[{\"l\":'Energy for power irrigation',\"v\":0.0097524811202454216}]"}, {"source": 53, "prod": 0, "target": 51, "value": 6.1374959850506113e-06, "supply": "[{\"l\":'Energy for power irrigation',\"v\":6.1374959850506113e-06}]"}, {"source": 53, "prod": 0, "target": 14, "value": 0.00014729990364121469, "supply": "[{\"l\":'Energy for power irrigation',\"v\":0.00014729990364121469}]"}, {"source": 53, "prod": 0, "target": 15, "value": 1.2274991970101223e-05, "supply": "[{\"l\":'Energy for power irrigation',\"v\":1.2274991970101223e-05}]"}, {"source": 53, "prod": 0, "target": 5, "value": 0.0022094985546182201, "supply": "[{\"l\":'Energy for power irrigation',\"v\":0.0022094985546182201}]"}, {"source": 53, "prod": 0, "target": 18, "value": 4.9099967880404891e-05, "supply": "[{\"l\":'Energy for power irrigation',\"v\":4.9099967880404891e-05}]"}, {"source": 53, "prod": 0, "target": 42, "value": 5.5237463865455507e-05, "supply": "[{\"l\":'Energy for power irrigation',\"v\":5.5237463865455507e-05}]"}, {"source": 53, "prod": 0, "target": 21, "value": 4.6031219887879586e-05, "supply": "[{\"l\":'Energy for power irrigation',\"v\":4.6031219887879586e-05}]"}, {"source": 53, "prod": 0, "target": 44, "value": 7.3649951820607343e-05, "supply": "[{\"l\":'Energy for power irrigation',\"v\":7.3649951820607343e-05}]"}, {"source": 53, "prod": 0, "target": 45, "value": 0.00011047492773091101, "supply": "[{\"l\":'Energy for power irrigation',\"v\":0.00011047492773091101}]"}, {"source": 53, "prod": 0, "target": 6, "value": 1.2274991970101223e-05, "supply": "[{\"l\":'Energy for power irrigation',\"v\":1.2274991970101223e-05}]"}, {"source": 53, "prod": 0, "target": 26, "value": 3.0687479925253055e-05, "supply": "[{\"l\":'Energy for power irrigation',\"v\":3.0687479925253055e-05}]"}, {"source": 53, "prod": 0, "target": 28, "value": 0.00011354367572343632, "supply": "[{\"l\":'Energy for power irrigation',\"v\":0.00011354367572343632}]"}, {"source": 53, "prod": 0, "target": 31, "value": 3.375622791777836e-05, "supply": "[{\"l\":'Energy for power irrigation',\"v\":3.375622791777836e-05}]"}, {"source": 53, "prod": 0, "target": 3, "value": 0.0014116240765616407, "supply": "[{\"l\":'Energy for power irrigation',\"v\":0.0014116240765616407}]"}, {"source": 53, "prod": 0, "target": 33, "value": 0.00012274991970101222, "supply": "[{\"l\":'Energy for power irrigation',\"v\":0.00012274991970101222}]"}, {"source": 53, "prod": 0, "target": 34, "value": 0.00079787447805657952, "supply": "[{\"l\":'Energy for power irrigation',\"v\":0.00079787447805657952}]"}, {"source": 53, "prod": 0, "target": 38, "value": 0.00016571239159636651, "supply": "[{\"l\":'Energy for power irrigation',\"v\":0.00016571239159636651}]"}, {"source": 53, "prod": 0, "target": 39, "value": 0.00023322484743192325, "supply": "[{\"l\":'Energy for power irrigation',\"v\":0.00023322484743192325}]"}, {"source": 53, "prod": 0, "target": 41, "value": 8.5924943790708562e-05, "supply": "[{\"l\":'Energy for power irrigation',\"v\":8.5924943790708562e-05}]"}, {"source": 53, "prod": 0, "target": 43, "value": 0.0052599555555555557, "supply": "[{\"l\":'Electricity',\"v\":0.0052599555555555557}]"}, {"source": 54, "prod": 0, "target": 53, "value": 0.058653784647574946, "supply": [{"l": "Coal", "v": 0.0}, {"l": "Natural gas", "v": 0.0}, {"l": "Oil", "v": 0.058653784647574946}]}, {"source": 54, "prod": 0, "target": 0, "value": 0.053179622710832201, "supply": [{"l": "Other fossil fuels", "v": 0.053179622710832201}]}, {"source": 54, "prod": 0, "target": 17, "value": 0.0012190171395033169, "supply": [{"l": "Other fossil fuels", "v": 0.0012190171395033169}]}, {"source": 54, "prod": 0, "target": 24, "value": 0.015999599955981034, "supply": [{"l": "Other fossil fuels", "v": 0.015999599955981034}]}, {"source": 54, "prod": 0, "target": 9, "value": 0.0030475428487582918, "supply": [{"l": "Other fossil fuels", "v": 0.0030475428487582918}]}, {"source": 54, "prod": 0, "target": 2, "value": 0.48425455866769257, "supply": [{"l": "Other fossil fuels", "v": 0.48425455866769257}]}, {"source": 54, "prod": 0, "target": 51, "value": 0.00030475428487582921, "supply": [{"l": "Other fossil fuels", "v": 0.00030475428487582921}]}, {"source": 54, "prod": 0, "target": 14, "value": 0.0073141028370199007, "supply": [{"l": "Other fossil fuels", "v": 0.0073141028370199007}]}, {"source": 54, "prod": 0, "target": 15, "value": 0.00060950856975165843, "supply": [{"l": "Other fossil fuels", "v": 0.00060950856975165843}]}, {"source": 54, "prod": 0, "target": 5, "value": 0.10971154255529851, "supply": [{"l": "Other fossil fuels", "v": 0.10971154255529851}]}, {"source": 54, "prod": 0, "target": 18, "value": 0.0024380342790066337, "supply": [{"l": "Other fossil fuels", "v": 0.0024380342790066337}]}, {"source": 54, "prod": 0, "target": 42, "value": 0.0027427885638824628, "supply": [{"l": "Other fossil fuels", "v": 0.0027427885638824628}]}, {"source": 54, "prod": 0, "target": 21, "value": 0.002285657136568719, "supply": [{"l": "Other fossil fuels", "v": 0.002285657136568719}]}, {"source": 54, "prod": 0, "target": 44, "value": 0.0036570514185099504, "supply": [{"l": "Other fossil fuels", "v": 0.0036570514185099504}]}, {"source": 54, "prod": 0, "target": 45, "value": 0.0054855771277649255, "supply": [{"l": "Other fossil fuels", "v": 0.0054855771277649255}]}, {"source": 54, "prod": 0, "target": 6, "value": 0.00060950856975165843, "supply": [{"l": "Other fossil fuels", "v": 0.00060950856975165843}]}, {"source": 54, "prod": 0, "target": 26, "value": 0.0015237714243791459, "supply": [{"l": "Other fossil fuels", "v": 0.0015237714243791459}]}, {"source": 54, "prod": 0, "target": 28, "value": 0.0056379542702028407, "supply": [{"l": "Other fossil fuels", "v": 0.0056379542702028407}]}, {"source": 54, "prod": 0, "target": 31, "value": 0.0016761485668170607, "supply": [{"l": "Other fossil fuels", "v": 0.0016761485668170607}]}, {"source": 54, "prod": 0, "target": 3, "value": 0.070093485521440721, "supply": [{"l": "Other fossil fuels", "v": 0.070093485521440721}]}, {"source": 54, "prod": 0, "target": 33, "value": 0.0060950856975165836, "supply": [{"l": "Other fossil fuels", "v": 0.0060950856975165836}]}, {"source": 54, "prod": 0, "target": 34, "value": 0.039618057033857797, "supply": [{"l": "Other fossil fuels", "v": 0.039618057033857797}]}, {"source": 54, "prod": 0, "target": 38, "value": 0.0082283656916473883, "supply": [{"l": "Other fossil fuels", "v": 0.0082283656916473883}]}, {"source": 54, "prod": 0, "target": 39, "value": 0.01158066282528151, "supply": [{"l": "Other fossil fuels", "v": 0.01158066282528151}]}, {"source": 54, "prod": 0, "target": 41, "value": 0.0042665599882616085, "supply": [{"l": "Other fossil fuels", "v": 0.0042665599882616085}]}, {"source": 55, "prod": 0.31428239322400436, "target": 0, "value": 0.0050544738646991529, "supply": [{"l": "Potash", "v": 7.4352777837259997e-05}, {"l": "Phosphate", "v": 0.0032320000025856002}, {"l": "Nitrogen", "v": 0.07705833339498}]}, {"source": 55, "prod": 0.0072041809335015323, "target": 17, "value": 0.00011586186509339032, "supply": [{"l": "Potash", "v": 7.4352777837259997e-05}, {"l": "Phosphate", "v": 0.0032320000025856002}, {"l": "Nitrogen", "v": 0.07705833339498}]}, {"source": 55, "prod": 0.094554874752207599, "target": 24, "value": 0.0015206869793507481, "supply": [{"l": "Potash", "v": 7.4352777837259997e-05}, {"l": "Phosphate", "v": 0.0032320000025856002}, {"l": "Nitrogen", "v": 0.07705833339498}]}, {"source": 55, "prod": 0.01801045233375383, "target": 9, "value": 0.00028965466273347582, "supply": [{"l": "Potash", "v": 7.4352777837259997e-05}, {"l": "Phosphate", "v": 0.0032320000025856002}, {"l": "Nitrogen", "v": 0.07705833339498}]}, {"source": 55, "prod": 2.8618608758334831, "target": 2, "value": 0.0460261259083493, "supply": [{"l": "Potash", "v": 7.4352777837259997e-05}, {"l": "Phosphate", "v": 0.0032320000025856002}, {"l": "Nitrogen", "v": 0.07705833339498}]}, {"source": 55, "prod": 0.0018010452333753831, "target": 51, "value": 2.8965466273347581e-05, "supply": [{"l": "Potash", "v": 7.4352777837259997e-05}, {"l": "Phosphate", "v": 0.0032320000025856002}, {"l": "Nitrogen", "v": 0.07705833339498}]}, {"source": 55, "prod": 0.04322508560100919, "target": 14, "value": 0.00069517119056034188, "supply": [{"l": "Potash", "v": 7.4352777837259997e-05}, {"l": "Phosphate", "v": 0.0032320000025856002}, {"l": "Nitrogen", "v": 0.07705833339498}]}, {"source": 55, "prod": 0.0036020904667507661, "target": 15, "value": 5.7930932546695161e-05, "supply": [{"l": "Potash", "v": 7.4352777837259997e-05}, {"l": "Phosphate", "v": 0.0032320000025856002}, {"l": "Nitrogen", "v": 0.07705833339498}]}, {"source": 55, "prod": 0.6483762840151378, "target": 5, "value": 0.010427567858405129, "supply": [{"l": "Potash", "v": 7.4352777837259997e-05}, {"l": "Phosphate", "v": 0.0032320000025856002}, {"l": "Nitrogen", "v": 0.07705833339498}]}, {"source": 55, "prod": 0.014408361867003065, "target": 18, "value": 0.00023172373018678065, "supply": [{"l": "Potash", "v": 7.4352777837259997e-05}, {"l": "Phosphate", "v": 0.0032320000025856002}, {"l": "Nitrogen", "v": 0.07705833339498}]}, {"source": 55, "prod": 0.016209407100378447, "target": 42, "value": 0.00026068919646012826, "supply": [{"l": "Potash", "v": 7.4352777837259997e-05}, {"l": "Phosphate", "v": 0.0032320000025856002}, {"l": "Nitrogen", "v": 0.07705833339498}]}, {"source": 55, "prod": 0.013507839250315372, "target": 21, "value": 0.00021724099705010687, "supply": [{"l": "Potash", "v": 7.4352777837259997e-05}, {"l": "Phosphate", "v": 0.0032320000025856002}, {"l": "Nitrogen", "v": 0.07705833339498}]}, {"source": 55, "prod": 0.021612542800504595, "target": 44, "value": 0.00034758559528017094, "supply": [{"l": "Potash", "v": 7.4352777837259997e-05}, {"l": "Phosphate", "v": 0.0032320000025856002}, {"l": "Nitrogen", "v": 0.07705833339498}]}, {"source": 55, "prod": 0.032418814200756894, "target": 45, "value": 0.00052137839292025652, "supply": [{"l": "Potash", "v": 7.4352777837259997e-05}, {"l": "Phosphate", "v": 0.0032320000025856002}, {"l": "Nitrogen", "v": 0.07705833339498}]}, {"source": 55, "prod": 0.0036020904667507661, "target": 6, "value": 5.7930932546695161e-05, "supply": [{"l": "Potash", "v": 7.4352777837259997e-05}, {"l": "Phosphate", "v": 0.0032320000025856002}, {"l": "Nitrogen", "v": 0.07705833339498}]}, {"source": 55, "prod": 0.0090052261668769149, "target": 26, "value": 0.00014482733136673791, "supply": [{"l": "Potash", "v": 7.4352777837259997e-05}, {"l": "Phosphate", "v": 0.0032320000025856002}, {"l": "Nitrogen", "v": 0.07705833339498}]}, {"source": 55, "prod": 0.033319336817444589, "target": 28, "value": 0.0005358611260569303, "supply": [{"l": "Potash", "v": 7.4352777837259997e-05}, {"l": "Phosphate", "v": 0.0032320000025856002}, {"l": "Nitrogen", "v": 0.07705833339498}]}, {"source": 55, "prod": 0.0099057487835646062, "target": 31, "value": 0.00015931006450341169, "supply": [{"l": "Potash", "v": 7.4352777837259997e-05}, {"l": "Phosphate", "v": 0.0032320000025856002}, {"l": "Nitrogen", "v": 0.07705833339498}]}, {"source": 55, "prod": 0.41424040367633808, "target": 3, "value": 0.0066620572428699436, "supply": [{"l": "Potash", "v": 7.4352777837259997e-05}, {"l": "Phosphate", "v": 0.0032320000025856002}, {"l": "Nitrogen", "v": 0.07705833339498}]}, {"source": 55, "prod": 0.03602090466750766, "target": 33, "value": 0.00057930932546695164, "supply": [{"l": "Potash", "v": 7.4352777837259997e-05}, {"l": "Phosphate", "v": 0.0032320000025856002}, {"l": "Nitrogen", "v": 0.07705833339498}]}, {"source": 55, "prod": 0.23413588033879978, "target": 34, "value": 0.0037655106155351859, "supply": [{"l": "Potash", "v": 7.4352777837259997e-05}, {"l": "Phosphate", "v": 0.0032320000025856002}, {"l": "Nitrogen", "v": 0.07705833339498}]}, {"source": 55, "prod": 0.048628221301135338, "target": 38, "value": 0.00078206758938038467, "supply": [{"l": "Potash", "v": 7.4352777837259997e-05}, {"l": "Phosphate", "v": 0.0032320000025856002}, {"l": "Nitrogen", "v": 0.07705833339498}]}, {"source": 55, "prod": 0.068439718868264554, "target": 39, "value": 0.0011006877183872082, "supply": [{"l": "Potash", "v": 7.4352777837259997e-05}, {"l": "Phosphate", "v": 0.0032320000025856002}, {"l": "Nitrogen", "v": 0.07705833339498}]}, {"source": 55, "prod": 0.02521463326725536, "target": 41, "value": 0.00040551652782686612, "supply": [{"l": "Potash", "v": 7.4352777837259997e-05}, {"l": "Phosphate", "v": 0.0032320000025856002}, {"l": "Nitrogen", "v": 0.07705833339498}]}, {"source": 54, "prod": 0, "target": 55, "value": 0.094625547451990547, "supply": [{"l": "Natural gas (including LNG)", "v": 0.064571063414487526}, {"l": "Fuel oil", "v": 0.016432791018131082}, {"l": "Liquefied petroleum gas (LPG)", "v": 0.0068108465096859659}, {"l": "Coal", "v": 0.0068108465096859659}]}, {"source": 56, "prod": 0, "target": 0, "value": 0.068556440523338119, "supply": "[{\"l\":'Labor',\"v\":0.068556440523338119}]"}, {"source": 56, "prod": 0, "target": 5, "value": 0.14143449047794682, "supply": "[{\"l\":'Labor',\"v\":0.14143449047794682}]"}, {"source": 56, "prod": 0, "target": 6, "value": 0.00078574716932192676, "supply": "[{\"l\":'Labor',\"v\":0.00078574716932192676}]"}, {"source": 56, "prod": 0, "target": 9, "value": 0.003928735846609634, "supply": "[{\"l\":'Labor',\"v\":0.003928735846609634}]"}, {"source": 56, "prod": 0, "target": 2, "value": 0.62427612602627081, "supply": "[{\"l\":'Labor',\"v\":0.62427612602627081}]"}, {"source": 56, "prod": 0, "target": 12, "value": 0.00019643679233048169, "supply": "[{\"l\":'Labor',\"v\":0.00019643679233048169}]"}, {"source": 56, "prod": 0, "target": 13, "value": 0.0043216094312705971, "supply": "[{\"l\":'Labor',\"v\":0.0043216094312705971}]"}, {"source": 56, "prod": 0, "target": 14, "value": 0.0094289660318631219, "supply": "[{\"l\":'Labor',\"v\":0.0094289660318631219}]"}, {"source": 56, "prod": 0, "target": 15, "value": 0.00078574716932192676, "supply": "[{\"l\":'Labor',\"v\":0.00078574716932192676}]"}, {"source": 56, "prod": 0, "target": 17, "value": 0.0015714943386438535, "supply": "[{\"l\":'Labor',\"v\":0.0015714943386438535}]"}, {"source": 56, "prod": 0, "target": 18, "value": 0.003142988677287707, "supply": "[{\"l\":'Labor',\"v\":0.003142988677287707}]"}, {"source": 56, "prod": 0, "target": 45, "value": 0.007071724523897341, "supply": "[{\"l\":'Labor',\"v\":0.007071724523897341}]"}, {"source": 56, "prod": 0, "target": 20, "value": 0.00019643679233048169, "supply": "[{\"l\":'Labor',\"v\":0.00019643679233048169}]"}, {"source": 56, "prod": 0, "target": 21, "value": 0.0029465518849572255, "supply": "[{\"l\":'Labor',\"v\":0.0029465518849572255}]"}, {"source": 56, "prod": 0, "target": 44, "value": 0.004714483015931561, "supply": "[{\"l\":'Labor',\"v\":0.004714483015931561}]"}, {"source": 56, "prod": 0, "target": 42, "value": 0.0035358622619486705, "supply": "[{\"l\":'Labor',\"v\":0.0035358622619486705}]"}, {"source": 56, "prod": 0, "target": 24, "value": 0.020625863194700576, "supply": "[{\"l\":'Labor',\"v\":0.020625863194700576}]"}, {"source": 56, "prod": 0, "target": 26, "value": 0.001964367923304817, "supply": "[{\"l\":'Labor',\"v\":0.001964367923304817}]"}, {"source": 56, "prod": 0, "target": 51, "value": 0.00039287358466096338, "supply": "[{\"l\":'Labor',\"v\":0.00039287358466096338}]"}, {"source": 56, "prod": 0, "target": 28, "value": 0.007268161316227823, "supply": "[{\"l\":'Labor',\"v\":0.007268161316227823}]"}, {"source": 56, "prod": 0, "target": 31, "value": 0.0021608047156352985, "supply": "[{\"l\":'Labor',\"v\":0.0021608047156352985}]"}, {"source": 56, "prod": 0, "target": 3, "value": 0.090360924472021584, "supply": "[{\"l\":'Labor',\"v\":0.090360924472021584}]"}, {"source": 56, "prod": 0, "target": 33, "value": 0.007857471693219268, "supply": "[{\"l\":'Labor',\"v\":0.007857471693219268}]"}, {"source": 56, "prod": 0, "target": 34, "value": 0.05107356600592524, "supply": "[{\"l\":'Labor',\"v\":0.05107356600592524}]"}, {"source": 56, "prod": 0, "target": 38, "value": 0.010607586785846012, "supply": "[{\"l\":'Labor',\"v\":0.010607586785846012}]"}, {"source": 56, "prod": 0, "target": 39, "value": 0.01492919621711661, "supply": "[{\"l\":'Labor',\"v\":0.01492919621711661}]"}, {"source": 56, "prod": 0, "target": 40, "value": 0.00039287358466096338, "supply": "[{\"l\":'Labor',\"v\":0.00039287358466096338}]"}, {"source": 56, "prod": 0, "target": 41, "value": 0.0055002301852534879, "supply": "[{\"l\":'Labor',\"v\":0.0055002301852534879}]"}, {"source": 54, "prod": 0, "target": 49, "value": 0.047292082488678035, "supply": "[{\"l\":'Fossil Fuels',\"v\":0.047292082488678035}]"}, {"source": 57, "prod": 0, "target": 49, "value": 0.21368001292457245, "supply": "[{\"l\":'Renewables & Nuclear',\"v\":0.0},{\"l\":'Biomass & Waste',\"v\":0.21368001292457245}]"}]}