{"nodes": [{"layer": 3, "name": "Cereals", "fill": "#e7ba52"}, {"layer": 5, "name": "Production", "fill": "#b5cf6b"}, {"layer": 3, "name": "Oilcrops", "fill": "#ff9896"}, {"layer": 3, "name": "Fruits, Roots & Vegetables", "fill": "#98df8a"}, {"layer": 3, "name": "Sugar Crops", "fill": "#ffbb78"}, {"layer": 1, "name": "Electricity", "fill": "#bcbd22"}, {"layer": 0, "name": "Fossil Fuels", "fill": "#c49c94"}, {"layer": 1, "name": "Fertilizers", "fill": "#c5b0d5"}, {"layer": 0, "name": "Labor", "fill": "#7f7f7f"}], "links": [{"source": 0, "prod": 1365.0, "target": 1, "value": 5.5099229958627163, "supply": [{"l": "Maize", "v": 0.30392337166272371}, {"l": "Rice", "v": 5.2059996241999924}]}, {"source": 2, "prod": 68.0, "target": 1, "value": 0.23124390640379727, "supply": [{"l": "Soyabeans", "v": 0.014150055528500001}, {"l": "Coconuts - Incl Copra", "v": 0.089041812837878057}, {"l": "Sesame seed", "v": 0.044256556652968085}, {"l": "Groundnuts", "v": 0.064075723147924535}, {"l": "Oilcrops, Other", "v": 0.019719758236526597}]}, {"source": 3, "prod": 744.0, "target": 1, "value": 0.39821328380191751, "supply": [{"l": "Vegetables, Other", "v": 0.12430755441407219}, {"l": "Fruits, Other", "v": 0.027124707083386587}, {"l": "Pineapples", "v": 0.0033960133268400006}, {"l": "Nuts", "v": 0.0067920266536800004}, {"l": "Pepper", "v": 0.0028300111056999999}, {"l": "Grapefruit", "v": 0.0034866666600000002}, {"l": "Beans", "v": 0.073270150544835613}, {"l": "Lemons, Limes", "v": 0.0011622222200000001}, {"l": "Bananas", "v": 0.061569586853175595}, {"l": "Roots, Other", "v": 0.0036282193662820518}, {"l": "Treenuts", "v": 0.006288913568222222}, {"l": "Sweet potatoes", "v": 0.022683295122022898}, {"l": "Oranges, Mandarines", "v": 0.010431440253092152}, {"l": "Pimento", "v": 0.025023256092505268}, {"l": "Cassava", "v": 0.026219220538102946}]}, {"source": 4, "prod": 235.0, "target": 1, "value": 0.077814267921938379, "supply": [{"l": "Sugar cane", "v": 0.077814267921938379}]}, {"source": 5, "prod": 0, "target": 3, "value": 0.0073771215963592176, "supply": "[{\"l\":'Energy for power irrigation',\"v\":0.0073771215963592176}]"}, {"source": 5, "prod": 0, "target": 4, "value": 0.002317678576396278, "supply": "[{\"l\":'Energy for power irrigation',\"v\":0.002317678576396278}]"}, {"source": 5, "prod": 0, "target": 0, "value": 0.01407373331284038, "supply": "[{\"l\":'Energy for power irrigation',\"v\":0.01407373331284038}]"}, {"source": 5, "prod": 0, "target": 2, "value": 0.00067557864886444712, "supply": "[{\"l\":'Energy for power irrigation',\"v\":0.00067557864886444712}]"}, {"source": 6, "prod": 0, "target": 5, "value": 0.064326610880158744, "supply": [{"l": "Coal", "v": 0.0}, {"l": "Natural gas", "v": 0.0}, {"l": "Oil", "v": 0.064326610880158744}]}, {"source": 6, "prod": 0, "target": 3, "value": 0.25518034739326817, "supply": [{"l": "Other fossil fuels", "v": 0.25518034739326817}]}, {"source": 6, "prod": 0, "target": 4, "value": 0.080170296306708577, "supply": [{"l": "Other fossil fuels", "v": 0.080170296306708577}]}, {"source": 6, "prod": 0, "target": 0, "value": 0.48682133119009852, "supply": [{"l": "Other fossil fuels", "v": 0.48682133119009852}]}, {"source": 6, "prod": 0, "target": 2, "value": 0.023368788497912928, "supply": [{"l": "Other fossil fuels", "v": 0.023368788497912928}]}, {"source": 7, "prod": 0.69412951381884203, "target": 3, "value": 0.007088923413646391, "supply": [{"l": "Potash", "v": 0.000512777778188}, {"l": "Phosphate", "v": 0.0046291666703700005}, {"l": "Nitrogen", "v": 0.018347222236899996}]}, {"source": 7, "prod": 0.21807544886019767, "target": 4, "value": 0.0022271350296883714, "supply": [{"l": "Potash", "v": 0.000512777778188}, {"l": "Phosphate", "v": 0.0046291666703700005}, {"l": "Nitrogen", "v": 0.018347222236899996}]}, {"source": 7, "prod": 1.3242283639297963, "target": 0, "value": 0.01352392207389492, "supply": [{"l": "Potash", "v": 0.000512777778188}, {"l": "Phosphate", "v": 0.0046291666703700005}, {"l": "Nitrogen", "v": 0.018347222236899996}]}, {"source": 7, "prod": 0.063566673391164008, "target": 2, "value": 0.00064918616822831263, "supply": [{"l": "Potash", "v": 0.000512777778188}, {"l": "Phosphate", "v": 0.0046291666703700005}, {"l": "Nitrogen", "v": 0.018347222236899996}]}, {"source": 6, "prod": 0, "target": 7, "value": 0.027987719623939963, "supply": [{"l": "Natural gas (including LNG)", "v": 0.019192391727920314}, {"l": "Fuel oil", "v": 0.0055520676533120476}, {"l": "Liquefied petroleum gas (LPG)", "v": 0.0016216301213538009}, {"l": "Coal", "v": 0.0016216301213538009}]}, {"source": 8, "prod": 0, "target": 3, "value": 0.43314030236322298, "supply": "[{\"l\":'Labor',\"v\":0.43314030236322298}]"}, {"source": 8, "prod": 0, "target": 4, "value": 0.13608017520769705, "supply": "[{\"l\":'Labor',\"v\":0.13608017520769705}]"}, {"source": 8, "prod": 0, "target": 0, "value": 0.82632514902716481, "supply": "[{\"l\":'Labor',\"v\":0.82632514902716481}]"}, {"source": 8, "prod": 0, "target": 2, "value": 0.039665923411605311, "supply": "[{\"l\":'Labor',\"v\":0.039665923411605311}]"}]}