{"nodes": [{"layer": 5, "name": "Cereals - Excluding Beer"}, {"layer": 10, "name": "Feed", "fill": "#dbdb8d"}, {"layer": 5, "name": "Sugar Crops", "fill": "#ffbb78"}, {"layer": 5, "name": "Starchy Roots"}, {"layer": 16, "name": "Food", "fill": "#b5cf6b"}, {"layer": 13, "name": "Fish, Seafood"}, {"layer": 13, "name": "Meat"}, {"layer": 5, "name": "Treenuts"}, {"layer": 5, "name": "Vegetables"}, {"layer": 5, "name": "Others"}, {"layer": 13, "name": "Alcoholic Beverages"}, {"layer": 13, "name": "Animal Fats"}, {"layer": 13, "name": "Milk - Excluding Butter"}, {"layer": 5, "name": "Pulses"}, {"layer": 13, "name": "Sugar & Sweeteners"}, {"layer": 5, "name": "Fruits - Excluding Wine"}, {"layer": 13, "name": "Vegetable Oils", "fill": "#f7b6d2"}, {"layer": 5, "name": "Spices"}, {"layer": 13, "name": "Eggs"}, {"layer": 5, "name": "Oilcrops", "fill": "#ff9896"}, {"layer": 10, "name": "Processing", "fill": "#9edae5"}, {"layer": 16, "name": "Biofuels & Other", "fill": "#e7ba52"}, {"name": "Seed", "fill": "#dbdb8d"}, {"name": "Waste", "fill": "#c7c7c7"}, {"layer": 0, "name": "Import", "fill": "#aec7e8"}, {"layer": 0, "name": "Stock Draw", "fill": "#c7c7c7"}, {"layer": 0, "name": "Production", "fill": "#b5cf6b"}], "links": [{"source": 0, "prod": 0.056453833008842186, "target": 1, "value": 14.0, "supply": [{"l": "Maize", "v": 1.0}, {"l": "Rice", "v": 13.0}]}, {"source": 2, "prod": 0.0028658340310886081, "target": 1, "value": 8.0, "supply": [{"l": "Sugar cane", "v": 8.0}]}, {"source": 3, "prod": 0.095344044981320972, "target": 4, "value": 84.0, "supply": [{"l": "Roots, Other", "v": 6.0}, {"l": "Sweet potatoes", "v": 30.0}, {"l": "Cassava", "v": 48.0}]}, {"source": 5, "prod": 0.065509932970676976, "target": 4, "value": 82.0, "supply": [{"l": "Fish, Seafood", "v": 41.0}, {"l": "Crustaceans", "v": 1.0}, {"l": "Marine Fish, Other", "v": 10.0}, {"l": "Freshwater Fish", "v": 30.0}]}, {"source": 6, "prod": 0.070631760940847069, "target": 4, "value": 33.0, "supply": [{"l": "Pigmeat", "v": 8.0}, {"l": "Bovine Meat", "v": 14.0}, {"l": "Poultry Meat", "v": 8.0}, {"l": "Offals, Edible", "v": 3.0}]}, {"source": 7, "prod": 0.0058551953911034479, "target": 4, "value": 2.0, "supply": [{"l": "Treenuts", "v": 2.0}]}, {"source": 8, "prod": 0.088740568289981669, "target": 4, "value": 342.0, "supply": [{"l": "Vegetables, Other", "v": 342.0}]}, {"source": 9, "prod": 0.007718212106454546, "target": 4, "value": 2.0, "supply": [{"l": "Nuts", "v": 2.0}]}, {"source": 2, "prod": 0.011821565378240508, "target": 4, "value": 33.0, "supply": [{"l": "Sugar cane", "v": 33.0}]}, {"source": 10, "prod": 0.0083054673754239128, "target": 4, "value": 3.0, "supply": [{"l": "Beverages, Alcoholic", "v": 3.0}]}, {"source": 11, "prod": 0.0079594062347812505, "target": 4, "value": 1.0, "supply": [{"l": "Fats, Animals, Raw", "v": 1.0}]}, {"source": 12, "prod": 0.011846558116883722, "target": 4, "value": 15.0, "supply": [{"l": "Milk - Excluding Butter", "v": 15.0}]}, {"source": 13, "prod": 0.063392248767680001, "target": 4, "value": 16.0, "supply": [{"l": "Beans", "v": 16.0}]}, {"source": 14, "prod": 0.13288845414445383, "target": 4, "value": 32.0, "supply": [{"l": "Sugar", "v": 13.0}, {"l": "Sweeteners, Other", "v": 19.0}]}, {"source": 15, "prod": 0.080228406242141712, "target": 4, "value": 138.0, "supply": [{"l": "Fruits, Other", "v": 30.0}, {"l": "Grapefruit", "v": 2.0}, {"l": "Pineapples", "v": 6.0}, {"l": "Bananas", "v": 74.0}, {"l": "Oranges, Mandarines", "v": 25.0}, {"l": "Lemons, Limes", "v": 1.0}]}, {"source": 0, "prod": 3.9264697035693477, "target": 4, "value": 974.0, "supply": [{"l": "Maize", "v": 74.0}, {"l": "Rice", "v": 900.0}]}, {"source": 16, "prod": 0.040986367737724141, "target": 4, "value": 4.0, "supply": [{"l": "Coconut Oil", "v": 4.0}]}, {"source": 17, "prod": 0.022560927695790212, "target": 4, "value": 6.0, "supply": [{"l": "Pimento", "v": 5.0}, {"l": "Pepper", "v": 1.0}]}, {"source": 18, "prod": 0.011428891003788461, "target": 4, "value": 7.0, "supply": [{"l": "Eggs", "v": 7.0}]}, {"source": 19, "prod": 0.049933179506441654, "target": 4, "value": 11.0, "supply": [{"l": "Soyabeans", "v": 1.0}, {"l": "Coconuts - Incl Copra", "v": 4.0}, {"l": "Sesame seed", "v": 3.0}, {"l": "Groundnuts", "v": 3.0}]}, {"source": 2, "prod": 0.0419128227046709, "target": 20, "value": 117.0, "supply": [{"l": "Sugar cane", "v": 117.0}]}, {"source": 19, "prod": 0.060516505033551257, "target": 20, "value": 35.0, "supply": [{"l": "Soyabeans", "v": 1.0}, {"l": "Oilcrops, Other", "v": 2.0}, {"l": "Coconuts - Incl Copra", "v": 32.0}]}, {"source": 16, "prod": 0.012381298587437502, "target": 21, "value": 1.0, "supply": [{"l": "Ricebran Oil", "v": 1.0}]}, {"source": 19, "prod": 0.009587762665792145, "target": 21, "value": 2.0, "supply": [{"l": "Cottonseed", "v": 2.0}]}, {"source": 0, "prod": 0.148611745853821, "target": 22, "value": 37.0, "supply": [{"l": "Maize", "v": 5.0}, {"l": "Rice", "v": 32.0}]}, {"source": 18, "prod": 0.001632698714826923, "target": 18, "value": 1.0, "supply": [{"l": "Eggs", "v": 1.0}]}, {"source": 13, "prod": 0.0039620155479800001, "target": 22, "value": 1.0, "supply": [{"l": "Beans", "v": 1.0}]}, {"source": 2, "prod": 0.0025076047772025316, "target": 22, "value": 7.0, "supply": [{"l": "Sugar cane", "v": 7.0}]}, {"source": 12, "prod": 0.00078977054112558138, "target": 23, "value": 1.0, "supply": [{"l": "Milk - Excluding Butter", "v": 1.0}]}, {"source": 0, "prod": 0.24301348943707274, "target": 23, "value": 60.0, "supply": [{"l": "Rice", "v": 60.0}]}, {"source": 8, "prod": 0.0098600631433312987, "target": 23, "value": 38.0, "supply": [{"l": "Vegetables, Other", "v": 38.0}]}, {"source": 3, "prod": 0.0056898687058828867, "target": 23, "value": 5.0, "supply": [{"l": "Cassava", "v": 3.0}, {"l": "Sweet potatoes", "v": 2.0}]}, {"source": 15, "prod": 0.0055300414860925805, "target": 23, "value": 11.0, "supply": [{"l": "Bananas", "v": 4.0}, {"l": "Oranges, Mandarines", "v": 3.0}, {"l": "Fruits, Other", "v": 3.0}, {"l": "Pineapples", "v": 1.0}]}, {"source": 24, "prod": 0.0081722245833048147, "target": 20, "value": 2.0, "supply": [{"l": "Sugar", "v": 2.0}]}, {"source": 25, "prod": 1.373026215319461, "target": 0, "value": 339.0, "supply": [{"l": "Rice", "v": 339.0}]}, {"source": 26, "prod": 0.099851284412827757, "target": 3, "value": 88.0, "supply": [{"l": "Roots, Other", "v": 6.0}, {"l": "Sweet potatoes", "v": 32.0}, {"l": "Cassava", "v": 50.0}]}, {"source": 26, "prod": 0.12635981244192337, "target": 19, "value": 49.0, "supply": [{"l": "Soyabeans", "v": 2.0}, {"l": "Coconuts - Incl Copra", "v": 36.0}, {"l": "Sesame seed", "v": 3.0}, {"l": "Cottonseed", "v": 2.0}, {"l": "Groundnuts", "v": 4.0}, {"l": "Oilcrops, Other", "v": 2.0}]}, {"source": 26, "prod": 0.0058551953911034479, "target": 7, "value": 2.0, "supply": [{"l": "Treenuts", "v": 2.0}]}, {"source": 26, "prod": 0.098600631433312977, "target": 8, "value": 380.0, "supply": [{"l": "Vegetables, Other", "v": 380.0}]}, {"source": 26, "prod": 0.059107826891202545, "target": 2, "value": 165.0, "supply": [{"l": "Sugar cane", "v": 165.0}]}, {"source": 26, "prod": 0.067354264315659995, "target": 13, "value": 17.0, "supply": [{"l": "Beans", "v": 17.0}]}, {"source": 26, "prod": 0.007718212106454546, "target": 9, "value": 2.0, "supply": [{"l": "Nuts", "v": 2.0}]}, {"source": 26, "prod": 3.0055727813735738, "target": 0, "value": 747.0, "supply": [{"l": "Maize", "v": 80.0}, {"l": "Rice", "v": 667.0}]}, {"source": 26, "prod": 0.026420033749017486, "target": 17, "value": 7.0, "supply": [{"l": "Pepper", "v": 1.0}, {"l": "Pimento", "v": 6.0}]}, {"source": 26, "prod": 0.085758447728234308, "target": 15, "value": 149.0, "supply": [{"l": "Fruits, Other", "v": 33.0}, {"l": "Pineapples", "v": 7.0}, {"l": "Grapefruit", "v": 2.0}, {"l": "Lemons, Limes", "v": 1.0}, {"l": "Bananas", "v": 78.0}, {"l": "Oranges, Mandarines", "v": 28.0}]}, {"source": 1, "prod": 0.012636328658009302, "target": 12, "value": 16.0, "supply": [{"l": "Milk - Excluding Butter", "v": 16.0}]}, {"source": 1, "prod": 0.011428891003788461, "target": 18, "value": 7.0, "supply": [{"l": "Eggs", "v": 8.0}]}, {"source": 1, "prod": 0.070631760940847069, "target": 6, "value": 33.0, "supply": [{"l": "Poultry Meat", "v": 8.0}, {"l": "Bovine Meat", "v": 14.0}, {"l": "Pigmeat", "v": 8.0}, {"l": "Offals, Edible", "v": 3.0}]}, {"source": 1, "prod": 0.065509932970676976, "target": 5, "value": 82.0, "supply": [{"l": "Crustaceans", "v": 1.0}, {"l": "Freshwater Fish", "v": 30.0}, {"l": "Marine Fish, Other", "v": 10.0}, {"l": "Fish, Seafood", "v": 41.0}]}, {"source": 20, "prod": 0.13288845414445383, "target": 14, "value": 32.0, "supply": [{"l": "Sweeteners, Other", "v": 19.0}, {"l": "Sugar", "v": 13.0}]}, {"source": 20, "prod": 0.053367666325161642, "target": 16, "value": 5.0, "supply": [{"l": "Coconut Oil", "v": 4.0}, {"l": "Ricebran Oil", "v": 1.0}]}, {"source": 20, "prod": 0.0079594062347812505, "target": 11, "value": 1.0, "supply": [{"l": "Fats, Animals, Raw", "v": 1.0}]}, {"source": 20, "prod": 0.0083054673754239128, "target": 10, "value": 3.0, "supply": [{"l": "Beverages, Alcoholic", "v": 3.0}]}]}