{"nodes": [{"layer": 13, "name": "Milk - Excluding Butter"}, {"layer": 10, "name": "Feed", "fill": "#dbdb8d"}, {"layer": 5, "name": "Oilcrops", "fill": "#ff9896"}, {"layer": 5, "name": "Starchy Roots"}, {"layer": 5, "name": "Pulses"}, {"layer": 13, "name": "Sugar & Sweeteners"}, {"layer": 5, "name": "Cereals - Excluding Beer"}, {"layer": 16, "name": "Food", "fill": "#b5cf6b"}, {"layer": 13, "name": "Fish, Seafood"}, {"layer": 5, "name": "Treenuts"}, {"layer": 5, "name": "Vegetables"}, {"layer": 13, "name": "Alcoholic Beverages"}, {"layer": 5, "name": "Others"}, {"layer": 5, "name": "Fruits - Excluding Wine"}, {"layer": 13, "name": "Vegetable Oils", "fill": "#f7b6d2"}, {"layer": 13, "name": "Animal Fats"}, {"layer": 5, "name": "Stimulants"}, {"layer": 13, "name": "Eggs"}, {"layer": 13, "name": "Meat"}, {"layer": 10, "name": "Processing", "fill": "#9edae5"}, {"layer": 16, "name": "Biofuels & Other", "fill": "#e7ba52"}, {"name": "Waste", "fill": "#c7c7c7"}, {"layer": 2, "name": "Import", "fill": "#aec7e8"}, {"layer": 16, "name": "Export", "fill": "#aec7e8"}, {"layer": 16, "name": "Stock Deposit", "fill": "#c7c7c7"}, {"layer": 0, "name": "Stock Draw", "fill": "#c7c7c7"}, {"name": "Crop Residue", "fill": "#bd9e39"}, {"layer": 2, "name": "Electricity", "fill": "#bcbd22"}, {"layer": 0, "name": "Fossil Fuels", "fill": "#c49c94"}, {"layer": 0, "name": "Renewables & Nuclear", "fill": "#2ca02c"}, {"layer": 2, "name": "Fertilizers", "fill": "#c5b0d5"}, {"layer": 0, "name": "Labor", "fill": "#7f7f7f"}], "links": [{"source": 0, "prod": 214.0, "target": 1, "value": 0.1417607746873189, "supply": [{"l": "Milk - Excluding Butter", "v": 0.1417607746873189}]}, {"source": 2, "prod": 22.0, "target": 1, "value": 0.15565061081350001, "supply": [{"l": "Sunflower seed", "v": 0.0070750277642500003}, {"l": "Groundnuts", "v": 0.0070750277642500003}, {"l": "Rape and Mustardseed", "v": 0.13442552752075002}, {"l": "Oilcrops, Other", "v": 0.0070750277642500003}]}, {"source": 3, "prod": 195.0, "target": 1, "value": 0.14923326168649015, "supply": [{"l": "Potatoes", "v": 0.14923326168649015}]}, {"source": 4, "prod": 4.0, "target": 1, "value": 0.016190489380039943, "supply": [{"l": "Peas", "v": 0.012263381458033335}, {"l": "Beans", "v": 0.0039271079220066082}]}, {"source": 5, "prod": 1.0, "target": 1, "value": 0.0041244195943866482, "supply": [{"l": "Sugar", "v": 0.0041244195943866482}]}, {"source": 6, "prod": 529.0, "target": 1, "value": 1.5879483087500108, "supply": [{"l": "Cereals, Other", "v": 0.072554268785575707}, {"l": "Wheat", "v": 0.45701777656886305}, {"l": "Oats", "v": 0.21396127920017582}, {"l": "Rye", "v": 0.034997083902549624}, {"l": "Barley", "v": 0.80941790029284666}]}, {"source": 0, "prod": 309.0, "target": 7, "value": 0.20469195971206328, "supply": [{"l": "Milk - Excluding Butter", "v": 0.20469195971206328}]}, {"source": 8, "prod": 48.0, "target": 7, "value": 0.046739245870889207, "supply": [{"l": "Crustaceans", "v": 0.0016052584002920168}, {"l": "Freshwater Fish", "v": 0.0039939672862701623}, {"l": "Pelagic Fish", "v": 0.0084759068057570722}, {"l": "Fish, Seafood", "v": 0.0237740261355333}, {"l": "Demersal Fish", "v": 0.0088900872430366495}]}, {"source": 9, "prod": 1.0, "target": 7, "value": 0.0040705639191575341, "supply": [{"l": "Treenuts", "v": 0.0040705639191575341}]}, {"source": 10, "prod": 94.0, "target": 7, "value": 0.028587569814276213, "supply": [{"l": "Vegetables, Other", "v": 0.021968374147359922}, {"l": "Tomatoes", "v": 0.0035375138821250002}, {"l": "Onions", "v": 0.003081681784791289}]}, {"source": 11, "prod": 115.0, "target": 7, "value": 0.093405699420619645, "supply": [{"l": "Beer", "v": 0.05064586130531995}, {"l": "Beverages, Alcoholic", "v": 0.030946734108722385}, {"l": "Wine", "v": 0.0069071457495050847}, {"l": "Beverages, Fermented", "v": 0.0049059582570722318}]}, {"source": 12, "prod": 1.0, "target": 7, "value": 0.0030953246468593755, "supply": [{"l": "Nuts", "v": 0.0030953246468593755}]}, {"source": 3, "prod": 194.0, "target": 7, "value": 0.14846796290861072, "supply": [{"l": "Potatoes", "v": 0.14846796290861072}]}, {"source": 4, "prod": 2.0, "target": 7, "value": 0.0081755876386888898, "supply": [{"l": "Peas", "v": 0.0081755876386888898}]}, {"source": 5, "prod": 74.0, "target": 7, "value": 0.30560075968150935, "supply": [{"l": "Sugar", "v": 0.29695821079583867}, {"l": "Sweeteners, Other", "v": 0.0086425488856706582}]}, {"source": 13, "prod": 113.0, "target": 7, "value": 0.054558304762307226, "supply": [{"l": "Citrus, Other", "v": 0.00047166851761666661}, {"l": "Grapefruit", "v": 0.0011622222200000001}, {"l": "Grapes", "v": 0.0072980229086819495}, {"l": "Apples", "v": 0.019336181946319288}, {"l": "Lemons, Limes", "v": 0.00022460405600793654}, {"l": "Pineapples", "v": 0.00094333703523333322}, {"l": "Bananas", "v": 0.0074119338482619059}, {"l": "Fruits, Other", "v": 0.01257178010416731}, {"l": "Oranges, Mandarines", "v": 0.0051385541260188291}]}, {"source": 6, "prod": 171.0, "target": 7, "value": 0.51854965034647016, "supply": [{"l": "Maize", "v": 0.029504371101978722}, {"l": "Rye", "v": 0.13123906463456109}, {"l": "Barley", "v": 0.034376822020159507}, {"l": "Rice", "v": 0.013134804907621079}, {"l": "Wheat", "v": 0.27725745111844358}, {"l": "Oats", "v": 0.0099516874046593415}, {"l": "Cereals, Other", "v": 0.023085449159046815}]}, {"source": 14, "prod": 10.0, "target": 7, "value": 0.10026392599671911, "supply": [{"l": "Soyabean Oil", "v": 0.030977148589418923}, {"l": "Sunflowerseed Oil", "v": 0.01005398682288158}, {"l": "Oilcrops Oil, Other", "v": 0.059232790584418611}]}, {"source": 15, "prod": 9.0, "target": 7, "value": 0.06391021445976533, "supply": [{"l": "Butter, Ghee", "v": 0.041501559510963695}, {"l": "Fats, Animals, Raw", "v": 0.017900672656536148}, {"l": "Cream", "v": 0.0045079822922654868}]}, {"source": 16, "prod": 13.0, "target": 7, "value": 0.033073833265868664, "supply": [{"l": "Coffee", "v": 0.0033809867191991155}, {"l": "Cocoa Beans", "v": 0.028985343770244552}, {"l": "Tea", "v": 0.00070750277642499997}]}, {"source": 17, "prod": 16.0, "target": 7, "value": 0.025684134404672272, "supply": [{"l": "Eggs", "v": 0.025684134404672272}]}, {"source": 18, "prod": 84.0, "target": 7, "value": 0.15717494049216524, "supply": [{"l": "Pigmeat", "v": 0.074325993618384448}, {"l": "Poultry Meat", "v": 0.035686919705776268}, {"l": "Offals, Edible", "v": 0.0052157201265460758}, {"l": "Bovine Meat", "v": 0.041946307041458464}]}, {"source": 6, "prod": 35.0, "target": 19, "value": 0.10771086149966703, "supply": [{"l": "Rye", "v": 0.023331389268366417}, {"l": "Barley", "v": 0.084379472231300615}]}, {"source": 2, "prod": 15.0, "target": 19, "value": 0.10612541646375, "supply": [{"l": "Rape and Mustardseed", "v": 0.10612541646375}]}, {"source": 13, "prod": 1.0, "target": 19, "value": 0.00050884689332419183, "supply": [{"l": "Apples", "v": 0.00050884689332419183}]}, {"source": 18, "prod": 3.0, "target": 20, "value": 0.0039117900949095568, "supply": [{"l": "Offals, Edible", "v": 0.0039117900949095568}]}, {"source": 11, "prod": 1.0, "target": 20, "value": 0.00071622392004811245, "supply": [{"l": "Alcohol, Non-Food", "v": 0.00071622392004811245}]}, {"source": 15, "prod": 4.0, "target": 20, "value": 0.035801345313072296, "supply": [{"l": "Fats, Animals, Raw", "v": 0.035801345313072296}]}, {"source": 5, "prod": 1.0, "target": 20, "value": 0.0041244195943866482, "supply": [{"l": "Sugar", "v": 0.0041244195943866482}]}, {"source": 6, "prod": 7.0, "target": 20, "value": 0.020709702098632588, "supply": [{"l": "Maize", "v": 0.0029504371101978723}, {"l": "Wheat", "v": 0.006093570354251507}, {"l": "Rye", "v": 0.011665694634183208}]}, {"source": 14, "prod": 15.0, "target": 20, "value": 0.1530714052174818, "supply": [{"l": "Oilcrops Oil, Other", "v": 0.039488527056279074}, {"l": "Palm Oil", "v": 0.020651432392945947}, {"l": "Rape and Mustard Oil", "v": 0.092931445768256765}]}, {"source": 3, "prod": 95.0, "target": 3, "value": 0.072703383898546484, "supply": [{"l": "Potatoes", "v": 0.072703383898546484}]}, {"source": 6, "prod": 68.0, "target": 6, "value": 0.20306881294020926, "supply": [{"l": "Cereals, Other", "v": 0.0065958426168705184}, {"l": "Wheat", "v": 0.042654992479760546}, {"l": "Barley", "v": 0.10938079733687117}, {"l": "Oats", "v": 0.029855062213978028}, {"l": "Rye", "v": 0.014582118292729009}]}, {"source": 4, "prod": 1.0, "target": 4, "value": 0.0040877938193444449, "supply": [{"l": "Peas", "v": 0.0040877938193444449}]}, {"source": 3, "prod": 3.0, "target": 21, "value": 0.0022958963336383101, "supply": [{"l": "Potatoes", "v": 0.0022958963336383101}]}, {"source": 6, "prod": 13.0, "target": 21, "value": 0.039081538029865914, "supply": [{"l": "Cereals, Other", "v": 0.0032979213084352592}, {"l": "Wheat", "v": 0.009140355531377261}, {"l": "Barley", "v": 0.018750993829177918}, {"l": "Oats", "v": 0.0049758437023296707}, {"l": "Rye", "v": 0.0029164236585458021}]}, {"source": 10, "prod": 3.0, "target": 21, "value": 0.00085591068106597107, "supply": [{"l": "Vegetables, Other", "v": 0.00085591068106597107}]}, {"source": 18, "prod": 5.0, "target": 21, "value": 0.0097797360024190066, "supply": [{"l": "Pigmeat", "v": 0.0097797360024190066}]}, {"source": 22, "prod": 2.0, "target": 12, "value": 0.006190649293718751, "supply": [{"l": "Nuts", "v": 0.006190649293718751}]}, {"source": 22, "prod": 346.0, "target": 1, "value": 0.34409757204107255, "supply": [{"l": "Crustaceans", "v": 0.00053508613343067227}, {"l": "Eggs", "v": 0.003210516800584034}, {"l": "Demersal Fish", "v": 0.018891435391452879}, {"l": "Pigmeat", "v": 0.044986785611127428}, {"l": "Freshwater Fish", "v": 0.0015975869145080648}, {"l": "Milk - Excluding Butter", "v": 0.10598936425220107}, {"l": "Pelagic Fish", "v": 0.039201068976626459}, {"l": "Fish, Seafood", "v": 0.057453896494205473}, {"l": "Molluscs, Other", "v": 0.00099058442231388729}, {"l": "Poultry Meat", "v": 0.05204342457092373}, {"l": "Offals, Edible", "v": 0.0052157201265460758}, {"l": "Bovine Meat", "v": 0.01398210234715282}]}, {"source": 22, "prod": 265.0, "target": 6, "value": 0.80941071717071489, "supply": [{"l": "Maize", "v": 0.03245480821217659}, {"l": "Rye", "v": 0.10499125170764886}, {"l": "Barley", "v": 0.15938344754801229}, {"l": "Rice", "v": 0.013134804907621079}, {"l": "Cereals, Other", "v": 0.026383370467482074}, {"l": "Wheat", "v": 0.46311134692311456}, {"l": "Oats", "v": 0.0099516874046593415}]}, {"source": 22, "prod": 1.0, "target": 4, "value": 0.0040877938193444449, "supply": [{"l": "Peas", "v": 0.0040877938193444449}]}, {"source": 22, "prod": 141.0, "target": 19, "value": 0.68636013765023618, "supply": [{"l": "Alcohol, Non-Food", "v": 0.00071622392004811245}, {"l": "Sugar", "v": 0.30520704998461196}, {"l": "Beer", "v": 0.00682865545689707}, {"l": "Beverages, Alcoholic", "v": 0.0034385260120802659}, {"l": "Butter, Ghee", "v": 0.016600623804385477}, {"l": "Fats, Animals, Raw", "v": 0.0089503363282680739}, {"l": "Soyabean Oil", "v": 0.030977148589418923}, {"l": "Palm Oil", "v": 0.030977148589418923}, {"l": "Sunflowerseed Oil", "v": 0.01005398682288158}, {"l": "Rape and Mustard Oil", "v": 0.13423431055414864}, {"l": "Oilcrops Oil, Other", "v": 0.11846558116883722}, {"l": "Wine", "v": 0.0069071457495050847}, {"l": "Sweeteners, Other", "v": 0.0086425488856706582}, {"l": "Beverages, Fermented", "v": 0.0043608517840642057}]}, {"source": 22, "prod": 2.0, "target": 9, "value": 0.0081411278383150681, "supply": [{"l": "Treenuts", "v": 0.0081411278383150681}]}, {"source": 22, "prod": 41.0, "target": 10, "value": 0.013151067377383341, "supply": [{"l": "Vegetables, Other", "v": 0.0077031961295937401}, {"l": "Tomatoes", "v": 0.0027513996860972223}, {"l": "Onions", "v": 0.0026964715616923777}]}, {"source": 22, "prod": 83.0, "target": 16, "value": 0.36270139156837339, "supply": [{"l": "Coffee", "v": 0.0045079822922654868}, {"l": "Cocoa Beans", "v": 0.35748590649968287}, {"l": "Tea", "v": 0.00070750277642499997}]}, {"source": 22, "prod": 112.0, "target": 13, "value": 0.050881298850052742, "supply": [{"l": "Citrus, Other", "v": 0.00070750277642499997}, {"l": "Grapefruit", "v": 0.0011622222200000001}, {"l": "Grapes", "v": 0.0072980229086819495}, {"l": "Apples", "v": 0.012721172333104795}, {"l": "Lemons, Limes", "v": 0.00022460405600793654}, {"l": "Pineapples", "v": 0.0023583425880833331}, {"l": "Bananas", "v": 0.0074119338482619059}, {"l": "Fruits, Other", "v": 0.010775811517857692}, {"l": "Oranges, Mandarines", "v": 0.0082216866016301283}]}, {"source": 22, "prod": 5.0, "target": 2, "value": 0.029921471586307296, "supply": [{"l": "Sunflower seed", "v": 0.0070750277642500003}, {"l": "Coconuts - Incl Copra", "v": 0.0016213605293072919}, {"l": "Groundnuts", "v": 0.0070750277642500003}, {"l": "Oilcrops, Other", "v": 0.0070750277642500003}, {"l": "Rape and Mustardseed", "v": 0.0070750277642500003}]}, {"source": 22, "prod": 17.0, "target": 3, "value": 0.013010079223950427, "supply": [{"l": "Potatoes", "v": 0.013010079223950427}]}, {"source": 0, "prod": 267.0, "target": 23, "value": 0.17686975159586052, "supply": [{"l": "Milk - Excluding Butter", "v": 0.17686975159586052}]}, {"source": 18, "prod": 33.0, "target": 23, "value": 0.05610659797712382, "supply": [{"l": "Pigmeat", "v": 0.019559472004838013}, {"l": "Bovine Meat", "v": 0.0069910511735764101}, {"l": "Poultry Meat", "v": 0.028252144767072877}, {"l": "Offals, Edible", "v": 0.0013039300316365189}]}, {"source": 5, "prod": 8.0, "target": 23, "value": 0.032995356755093186, "supply": [{"l": "Sugar", "v": 0.032995356755093186}]}, {"source": 9, "prod": 1.0, "target": 23, "value": 0.0040705639191575341, "supply": [{"l": "Treenuts", "v": 0.0040705639191575341}]}, {"source": 10, "prod": 3.0, "target": 23, "value": 0.00085591068106597107, "supply": [{"l": "Vegetables, Other", "v": 0.00085591068106597107}]}, {"source": 11, "prod": 19.0, "target": 23, "value": 0.013681509197425872, "supply": [{"l": "Beer", "v": 0.010242983185345606}, {"l": "Beverages, Alcoholic", "v": 0.0034385260120802659}]}, {"source": 15, "prod": 7.0, "target": 23, "value": 0.052705886985364513, "supply": [{"l": "Butter, Ghee", "v": 0.041501559510963695}, {"l": "Fats, Animals, Raw", "v": 0.0089503363282680739}, {"l": "Cream", "v": 0.0022539911461327434}]}, {"source": 3, "prod": 2.0, "target": 23, "value": 0.0015305975557588737, "supply": [{"l": "Potatoes", "v": 0.0015305975557588737}]}, {"source": 12, "prod": 1.0, "target": 23, "value": 0.0030953246468593755, "supply": [{"l": "Nuts", "v": 0.0030953246468593755}]}, {"source": 8, "prod": 238.0, "target": 23, "value": 0.23943762146317282, "supply": [{"l": "Freshwater Fish", "v": 0.00079879345725403239}, {"l": "Pelagic Fish", "v": 0.094294463214047428}, {"l": "Fish, Seafood", "v": 0.1178795462553526}, {"l": "Crustaceans", "v": 0.0053508613343067222}, {"l": "Demersal Fish", "v": 0.021113957202212045}]}, {"source": 13, "prod": 22.0, "target": 23, "value": 0.0081097448574742638, "supply": [{"l": "Fruits, Other", "v": 0.0017959685863096157}, {"l": "Pineapples", "v": 0.00094333703523333322}, {"l": "Oranges, Mandarines", "v": 0.0028262047693103564}, {"l": "Apples", "v": 0.0025442344666209587}]}, {"source": 6, "prod": 38.0, "target": 23, "value": 0.11437687182920417, "supply": [{"l": "Rye", "v": 0.043746354878187031}, {"l": "Barley", "v": 0.034376822020159507}, {"l": "Cereals, Other", "v": 0.0032979213084352592}, {"l": "Wheat", "v": 0.030467851771257538}, {"l": "Oats", "v": 0.0024879218511648354}]}, {"source": 14, "prod": 13.0, "target": 23, "value": 0.13287355725693903, "supply": [{"l": "Oilcrops Oil, Other", "v": 0.029616395292209306}, {"l": "Rape and Mustard Oil", "v": 0.092931445768256765}, {"l": "Palm Oil", "v": 0.010325716196472974}]}, {"source": 16, "prod": 77.0, "target": 23, "value": 0.36344379270112331, "supply": [{"l": "Cocoa Beans", "v": 0.36231679712805692}, {"l": "Coffee", "v": 0.0011269955730663717}]}, {"source": 17, "prod": 1.0, "target": 23, "value": 0.001605258400292017, "supply": [{"l": "Eggs", "v": 0.001605258400292017}]}, {"source": 2, "prod": 7.0, "target": 23, "value": 0.044071527114807302, "supply": [{"l": "Coconuts - Incl Copra", "v": 0.0016213605293072919}, {"l": "Rape and Mustardseed", "v": 0.035375138821250006}, {"l": "Oilcrops, Other", "v": 0.0070750277642500003}]}, {"source": 6, "prod": 104.0, "target": 24, "value": 0.3107999761105924, "supply": [{"l": "Wheat", "v": 0.091403555313772616}, {"l": "Barley", "v": 0.15625828190981597}, {"l": "Oats", "v": 0.039806749618637366}, {"l": "Rye", "v": 0.023331389268366417}]}, {"source": 25, "prod": 8.0, "target": 19, "value": 0.032995356755093186, "supply": [{"l": "Sugar", "v": 0.032995356755093186}]}, {"source": 8, "prod": 50.0, "target": 24, "value": 0.051251819325838041, "supply": [{"l": "Pelagic Fish", "v": 0.026487208767990853}, {"l": "Fish, Seafood", "v": 0.024764610557847188}]}, {"source": 25, "prod": 7.0, "target": 16, "value": 0.033816234398618646, "supply": [{"l": "Cocoa Beans", "v": 0.033816234398618646}]}, {"source": 1, "prod": 790.0, "target": 0, "value": 0.52332248599524267, "supply": [{"l": "Milk - Excluding Butter", "v": 0.52332248599524267}]}, {"source": 1, "prod": 17.0, "target": 17, "value": 0.027289392804964289, "supply": [{"l": "Eggs", "v": 0.027289392804964289}]}, {"source": 1, "prod": 125.0, "target": 18, "value": 0.22697306456661759, "supply": [{"l": "Poultry Meat", "v": 0.063939064472849139}, {"l": "Bovine Meat", "v": 0.048937358215034872}, {"l": "Pigmeat", "v": 0.10366520162564147}, {"l": "Offals, Edible", "v": 0.010431440253092152}]}, {"source": 1, "prod": 336.0, "target": 8, "value": 0.33742868665990006, "supply": [{"l": "Crustaceans", "v": 0.0069561197345987388}, {"l": "Freshwater Fish", "v": 0.0047927607435241945}, {"l": "Pelagic Fish", "v": 0.12925757878779537}, {"l": "Demersal Fish", "v": 0.030004044445248693}, {"l": "Fish, Seafood", "v": 0.16641818294873309}]}, {"source": 19, "prod": 84.0, "target": 5, "value": 0.34684495562537582, "supply": [{"l": "Sweeteners, Other", "v": 0.0086425488856706582}, {"l": "Sugar", "v": 0.33820240673970514}]}, {"source": 19, "prod": 38.0, "target": 14, "value": 0.38620888847113999, "supply": [{"l": "Palm Oil", "v": 0.030977148589418919}, {"l": "Oilcrops Oil, Other", "v": 0.12833771293290699}, {"l": "Sunflowerseed Oil", "v": 0.01005398682288158}, {"l": "Soyabean Oil", "v": 0.030977148589418923}, {"l": "Rape and Mustard Oil", "v": 0.18586289153651353}]}, {"source": 19, "prod": 20.0, "target": 15, "value": 0.15241744675820215, "supply": [{"l": "Fats, Animals, Raw", "v": 0.062652354297876509}, {"l": "Butter, Ghee", "v": 0.083003119021927391}, {"l": "Cream", "v": 0.0067619734383982302}]}, {"source": 19, "prod": 135.0, "target": 11, "value": 0.10780343253809363, "supply": [{"l": "Beer", "v": 0.060888844490665554}, {"l": "Beverages, Alcoholic", "v": 0.034385260120802653}, {"l": "Alcohol, Non-Food", "v": 0.00071622392004811245}, {"l": "Beverages, Fermented", "v": 0.0049059582570722318}, {"l": "Wine", "v": 0.0069071457495050847}]}, {"source": 3, "prod": 240.25, "target": 26, "value": 0.83767166506500013, "supply": [{"l": "Potatoes", "v": 0.83767166506500013}]}, {"source": 6, "prod": 1661.0, "target": 26, "value": 5.7020740015977935, "supply": [{"l": "Maize", "v": 0.038353333260000011}, {"l": "Rye", "v": 0.55437999894000001}, {"l": "Barley", "v": 2.6010533283599999}, {"l": "Rice", "v": 0.010459999980000002}, {"l": "Cereals, Other", "v": 0.19873999962000002}, {"l": "Wheat", "v": 1.5585399970199998}, {"l": "Oats", "v": 0.82982666508000003}]}, {"source": 10, "prod": 79.5, "target": 26, "value": 0.21428043022826979, "supply": [{"l": "Tomatoes", "v": 0.019176666630000002}, {"l": "Vegetables, Other", "v": 0.24406666620000003}, {"l": "Onions", "v": 0.013946666640000001}]}, {"source": 4, "prod": 6.5, "target": 26, "value": 0.022526276925188073, "supply": [{"l": "Peas", "v": 0.019176666630000002}, {"l": "Beans", "v": 0.029744979435758781}]}, {"source": 2, "prod": 41.5, "target": 26, "value": 0.143352846948125, "supply": [{"l": "Sunflower seed", "v": 0.0017433333299999999}, {"l": "Coconuts - Incl Copra", "v": 0.00039951388812500002}, {"l": "Groundnuts", "v": 0.0017433333299999999}, {"l": "Oilcrops, Other", "v": 0.0034866666599999998}, {"l": "Rape and Mustardseed", "v": 0.13597999974}]}, {"source": 27, "prod": 0, "target": 2, "value": 0.00018798958569956557, "supply": "[{\"l\":'Energy for power irrigation',\"v\":0.00018798958569956557}]"}, {"source": 27, "prod": 0, "target": 10, "value": 0.00036012462802687868, "supply": "[{\"l\":'Energy for power irrigation',\"v\":0.00036012462802687868}]"}, {"source": 27, "prod": 0, "target": 3, "value": 0.0021766023115335244, "supply": "[{\"l\":'Energy for power irrigation',\"v\":0.0021766023115335244}]"}, {"source": 27, "prod": 0, "target": 4, "value": 2.944415197704039e-05, "supply": "[{\"l\":'Energy for power irrigation',\"v\":2.944415197704039e-05}]"}, {"source": 27, "prod": 0, "target": 6, "value": 0.0037620566487587765, "supply": "[{\"l\":'Energy for power irrigation',\"v\":0.0037620566487587765}]"}, {"source": 27, "prod": 0, "target": 13, "value": 0.00036918436709673717, "supply": "[{\"l\":'Energy for power irrigation',\"v\":0.00036918436709673717}]"}, {"source": 27, "prod": 0, "target": 19, "value": 0.21900000017519997, "supply": "[{\"l\":'Electricity',\"v\":0.21900000017519997}]"}, {"source": 28, "prod": 0, "target": 27, "value": 0.56883269634183697, "supply": [{"l": "Coal", "v": 0.53398832740144209}, {"l": "Natural gas", "v": 0.030919781152520465}, {"l": "Oil", "v": 0.0039245877878743771}]}, {"source": 29, "prod": 0, "target": 27, "value": 0.00047936036551894158, "supply": [{"l": "Nuclear", "v": 0.0}, {"l": "Hydroelectric", "v": 0.00013315565708859481}, {"l": "Renewable", "v": 0.0003462047084303468}]}, {"source": 28, "prod": 0, "target": 2, "value": 0.010558179119274027, "supply": [{"l": "Motor Gasoline", "v": 0.00032589697253611994}, {"l": "Gas-Diesel oil", "v": 0.008224668516825781}, {"l": "Natural gas (including LNG)", "v": 0.00087543430545820031}, {"l": "Fuel oil", "v": 0.00059441253681531583}, {"l": "Liquefied petroleum gas (LPG)", "v": 0.00034796674494262913}, {"l": "Coal", "v": 0.00018980004269597957}]}, {"source": 28, "prod": 0, "target": 10, "value": 0.020225909397163497, "supply": [{"l": "Motor Gasoline", "v": 0.00062430865823184432}, {"l": "Gas-Diesel oil", "v": 0.015755690291268665}, {"l": "Natural gas (including LNG)", "v": 0.0016770368020223357}, {"l": "Fuel oil", "v": 0.0011386938958269303}, {"l": "Liquefied petroleum gas (LPG)", "v": 0.00066658689693828964}, {"l": "Coal", "v": 0.00036359285287543075}]}, {"source": 28, "prod": 0, "target": 3, "value": 0.12224590522436554, "supply": [{"l": "Motor Gasoline", "v": 0.0037733372362314613}, {"l": "Gas-Diesel oil", "v": 0.095227788489994886}, {"l": "Natural gas (including LNG)", "v": 0.010136052621028079}, {"l": "Fuel oil", "v": 0.0068822945527652838}, {"l": "Liquefied petroleum gas (LPG)", "v": 0.004028867974576706}, {"l": "Coal", "v": 0.0021975643497691129}]}, {"source": 28, "prod": 0, "target": 4, "value": 0.0016536907054284619, "supply": [{"l": "Motor Gasoline", "v": 5.1044104132163363e-05}, {"l": "Gas-Diesel oil", "v": 0.0012882010929968089}, {"l": "Natural gas (including LNG)", "v": 0.00013711621651754945}, {"l": "Fuel oil", "v": 9.3100758778302478e-05}, {"l": "Liquefied petroleum gas (LPG)", "v": 5.4500815472941909e-05}, {"l": "Coal", "v": 2.9727717530695594e-05}]}, {"source": 28, "prod": 0, "target": 6, "value": 0.2112907893628212, "supply": [{"l": "Motor Gasoline", "v": 0.0065218659202710277}, {"l": "Gas-Diesel oil", "v": 0.16459246272828462}, {"l": "Natural gas (including LNG)", "v": 0.017519233510434589}, {"l": "Fuel oil", "v": 0.011895412333135418}, {"l": "Liquefied petroleum gas (LPG)", "v": 0.0069635272692735789}, {"l": "Coal", "v": 0.0037982876014219531}]}, {"source": 28, "prod": 0, "target": 13, "value": 0.020734737306526099, "supply": [{"l": "Motor Gasoline", "v": 0.00064001453642635597}, {"l": "Gas-Diesel oil", "v": 0.016152059858344604}, {"l": "Natural gas (including LNG)", "v": 0.0017192264071046583}, {"l": "Fuel oil", "v": 0.001167340283143331}, {"l": "Liquefied petroleum gas (LPG)", "v": 0.00068335637862227165}, {"l": "Coal", "v": 0.00037273984288487553}]}, {"source": 30, "prod": 0.92759253350351001, "target": 2, "value": 0.012018114500325687, "supply": [{"l": "Potash", "v": 0.01586278056824578}, {"l": "Phosphate", "v": 0.027135333355041598}, {"l": "Nitrogen", "v": 0.41079430588419097}]}, {"source": 30, "prod": 1.7769543714103386, "target": 10, "value": 0.023022653078937163, "supply": [{"l": "Potash", "v": 0.01586278056824578}, {"l": "Phosphate", "v": 0.027135333355041598}, {"l": "Nitrogen", "v": 0.41079430588419097}]}, {"source": 30, "prod": 10.739956924058713, "target": 3, "value": 0.13914949439533719, "supply": [{"l": "Potash", "v": 0.01586278056824578}, {"l": "Phosphate", "v": 0.027135333355041598}, {"l": "Nitrogen", "v": 0.41079430588419097}]}, {"source": 30, "prod": 0.14528557753669433, "target": 4, "value": 0.0018823552831835413, "supply": [{"l": "Potash", "v": 0.01586278056824578}, {"l": "Phosphate", "v": 0.027135333355041598}, {"l": "Nitrogen", "v": 0.41079430588419097}]}, {"source": 30, "prod": 18.563026483726873, "target": 6, "value": 0.24050708656675865, "supply": [{"l": "Potash", "v": 0.01586278056824578}, {"l": "Phosphate", "v": 0.027135333355041598}, {"l": "Nitrogen", "v": 0.41079430588419097}]}, {"source": 30, "prod": 1.8216576260370136, "target": 13, "value": 0.023601839319916711, "supply": [{"l": "Potash", "v": 0.01586278056824578}, {"l": "Phosphate", "v": 0.027135333355041598}, {"l": "Nitrogen", "v": 0.41079430588419097}]}, {"source": 28, "prod": 0, "target": 30, "value": 0.54999793573765476, "supply": [{"l": "Natural gas (including LNG)", "v": 0.36979805074268929}, {"l": "Fuel oil", "v": 0.10758328816074231}, {"l": "Liquefied petroleum gas (LPG)", "v": 0.036308298417111612}, {"l": "Coal", "v": 0.036308298417111612}]}, {"source": 31, "prod": 0, "target": 3, "value": 0.019504985708151377, "supply": "[{\"l\":'Labor',\"v\":0.019504985708151377}]"}, {"source": 31, "prod": 0, "target": 2, "value": 0.0016846137500276422, "supply": "[{\"l\":'Labor',\"v\":0.0016846137500276422}]"}, {"source": 31, "prod": 0, "target": 9, "value": 4.0593102410304631e-05, "supply": "[{\"l\":'Labor',\"v\":4.0593102410304631e-05}]"}, {"source": 31, "prod": 0, "target": 10, "value": 0.0032271516416192184, "supply": "[{\"l\":'Labor',\"v\":0.0032271516416192184}]"}, {"source": 31, "prod": 0, "target": 12, "value": 4.0593102410304631e-05, "supply": "[{\"l\":'Labor',\"v\":4.0593102410304631e-05}]"}, {"source": 31, "prod": 0, "target": 4, "value": 0.00026385516566698009, "supply": "[{\"l\":'Labor',\"v\":0.00026385516566698009}]"}, {"source": 31, "prod": 0, "target": 6, "value": 0.033712571551757997, "supply": "[{\"l\":'Labor',\"v\":0.033712571551757997}]"}, {"source": 31, "prod": 0, "target": 16, "value": 0.0018266896084637083, "supply": "[{\"l\":'Labor',\"v\":0.0018266896084637083}]"}, {"source": 31, "prod": 0, "target": 13, "value": 0.0033083378464398273, "supply": "[{\"l\":'Labor',\"v\":0.0033083378464398273}]"}, {"source": 28, "prod": 0, "target": 22, "value": 4.837359497525159, "supply": "[{\"l\":'Fossil Fuels',\"v\":4.837359497525159}]"}, {"source": 29, "prod": 0, "target": 22, "value": 0.58937988488233506, "supply": "[{\"l\":'Renewables & Nuclear',\"v\":0.00049426106675235632},{\"l\":'Biomass & Waste',\"v\":0.58888562381558274}]"}]}