{"nodes": [{"layer": 13, "name": "Milk - Excluding Butter"}, {"layer": 10, "name": "Feed", "fill": "#dbdb8d"}, {"layer": 5, "name": "Cereals - Excluding Beer"}, {"layer": 5, "name": "Starchy Roots"}, {"layer": 5, "name": "Oilcrops", "fill": "#ff9896"}, {"layer": 16, "name": "Food", "fill": "#b5cf6b"}, {"layer": 13, "name": "Meat"}, {"layer": 5, "name": "Treenuts"}, {"layer": 5, "name": "Pulses"}, {"layer": 5, "name": "Vegetables"}, {"layer": 13, "name": "Alcoholic Beverages"}, {"layer": 5, "name": "Others"}, {"layer": 13, "name": "Fish, Seafood"}, {"layer": 13, "name": "Sugar & Sweeteners"}, {"layer": 5, "name": "Fruits - Excluding Wine"}, {"layer": 13, "name": "Vegetable Oils", "fill": "#f7b6d2"}, {"layer": 13, "name": "Animal Fats"}, {"layer": 5, "name": "Stimulants"}, {"layer": 13, "name": "Eggs"}, {"layer": 10, "name": "Processing", "fill": "#9edae5"}, {"layer": 16, "name": "Biofuels & Other", "fill": "#e7ba52"}, {"name": "Waste", "fill": "#c7c7c7"}, {"layer": 2, "name": "Import", "fill": "#aec7e8"}, {"layer": 16, "name": "Export", "fill": "#aec7e8"}, {"layer": 5, "name": "Sugar Crops", "fill": "#ffbb78"}, {"layer": 16, "name": "Stock Deposit", "fill": "#c7c7c7"}, {"layer": 0, "name": "Stock Draw", "fill": "#c7c7c7"}, {"name": "Crop Residue", "fill": "#bd9e39"}, {"layer": 2, "name": "Electricity", "fill": "#bcbd22"}, {"layer": 0, "name": "Fossil Fuels", "fill": "#c49c94"}, {"layer": 0, "name": "Renewables & Nuclear", "fill": "#2ca02c"}, {"layer": 2, "name": "Fertilizers", "fill": "#c5b0d5"}, {"layer": 0, "name": "Labor", "fill": "#7f7f7f"}], "links": [{"source": 0, "prod": 64.0, "target": 1, "value": 0.042030824953958545, "supply": [{"l": "Milk - Excluding Butter", "v": 0.042030824953958545}]}, {"source": 2, "prod": 377.0, "target": 1, "value": 1.1299040978438293, "supply": [{"l": "Maize", "v": 0.031218215893616733}, {"l": "Wheat", "v": 0.08973205944902439}, {"l": "Barley", "v": 0.85871196602371835}, {"l": "Oats", "v": 0.070928968162196918}, {"l": "Rye", "v": 0.046448243216821325}, {"l": "Cereals, Other", "v": 0.03286464509845162}]}, {"source": 3, "prod": 188.0, "target": 1, "value": 0.14511443529211276, "supply": [{"l": "Potatoes", "v": 0.14511443529211276}]}, {"source": 4, "prod": 8.0, "target": 1, "value": 0.050311308545777776, "supply": [{"l": "Oilcrops, Other", "v": 0.044022394977555557}, {"l": "Rape and Mustardseed", "v": 0.006288913568222222}]}, {"source": 0, "prod": 436.0, "target": 5, "value": 0.28633499499884263, "supply": [{"l": "Milk - Excluding Butter", "v": 0.28633499499884263}]}, {"source": 6, "prod": 84.0, "target": 5, "value": 0.16475912955869609, "supply": [{"l": "Meat, Other", "v": 0.0016120316424873419}, {"l": "Mutton & Goat Meat", "v": 0.0028618089832921352}, {"l": "Pigmeat", "v": 0.061543860760986398}, {"l": "Poultry Meat", "v": 0.015601898898192957}, {"l": "Bovine Meat", "v": 0.074516839186057574}, {"l": "Offals, Edible", "v": 0.008622690087679687}]}, {"source": 7, "prod": 1.0, "target": 5, "value": 0.0031213357783455888, "supply": [{"l": "Treenuts", "v": 0.0031213357783455888}]}, {"source": 8, "prod": 1.0, "target": 5, "value": 0.0041270995291458343, "supply": [{"l": "Peas", "v": 0.0041270995291458343}]}, {"source": 9, "prod": 92.0, "target": 5, "value": 0.024923124208536564, "supply": [{"l": "Vegetables, Other", "v": 0.021113917062753656}, {"l": "Tomatoes", "v": 0.001748519447457666}, {"l": "Onions", "v": 0.002060687698325243}]}, {"source": 10, "prod": 68.0, "target": 5, "value": 0.084814813663060776, "supply": [{"l": "Beer", "v": 0.028308316366091622}, {"l": "Beverages, Alcoholic", "v": 0.054725371426248878}, {"l": "Wine", "v": 0.0017811258707202795}]}, {"source": 11, "prod": 1.0, "target": 5, "value": 0.0032159217110227277, "supply": [{"l": "Nuts", "v": 0.0032159217110227277}]}, {"source": 3, "prod": 176.0, "target": 5, "value": 0.13585181176282896, "supply": [{"l": "Potatoes", "v": 0.13585181176282896}]}, {"source": 12, "prod": 50.0, "target": 5, "value": 0.045829438216124965, "supply": [{"l": "Crustaceans", "v": 0.00043763058335567019}, {"l": "Marine Fish, Other", "v": 0.0016432322549225808}, {"l": "Freshwater Fish", "v": 0.0016120316424873419}, {"l": "Fish, Seafood", "v": 0.022935983698357185}, {"l": "Pelagic Fish", "v": 0.0097811443745391708}, {"l": "Demersal Fish", "v": 0.0094194156624630172}]}, {"source": 13, "prod": 42.0, "target": 5, "value": 0.17285947374422567, "supply": [{"l": "Sugar", "v": 0.16504105538155808}, {"l": "Sweeteners, Other", "v": 0.0041270995291458343}, {"l": "Honey", "v": 0.0036913188335217393}]}, {"source": 14, "prod": 41.0, "target": 5, "value": 0.023258259613460182, "supply": [{"l": "Citrus, Other", "v": 0.00056980089376510075}, {"l": "Grapefruit", "v": 0.0011622222200000001}, {"l": "Grapes", "v": 0.0022440616697180617}, {"l": "Apples", "v": 0.0094380311084362664}, {"l": "Bananas", "v": 0.0027654831651791533}, {"l": "Fruits, Other", "v": 0.0050991191093693686}, {"l": "Oranges, Mandarines", "v": 0.001979541446992228}]}, {"source": 2, "prod": 174.0, "target": 5, "value": 0.54877311511900073, "supply": [{"l": "Rye", "v": 0.14553782874604015}, {"l": "Barley", "v": 0.027117219979696371}, {"l": "Rice", "v": 0.00424501665855}, {"l": "Wheat", "v": 0.32237073209464318}, {"l": "Oats", "v": 0.044024876790329126}, {"l": "Cereals, Other", "v": 0.0054774408497419358}]}, {"source": 15, "prod": 11.0, "target": 5, "value": 0.11233996787829392, "supply": [{"l": "Soyabean Oil", "v": 0.010612541646375}, {"l": "Sunflowerseed Oil", "v": 0.08260572957178379}, {"l": "Oilcrops Oil, Other", "v": 0.019121696660135135}]}, {"source": 16, "prod": 13.0, "target": 5, "value": 0.091140940663780257, "supply": [{"l": "Fats, Animals, Raw", "v": 0.017546068855340002}, {"l": "Butter, Ghee", "v": 0.066638752073841512}, {"l": "Cream", "v": 0.0069561197345987405}]}, {"source": 17, "prod": 5.0, "target": 5, "value": 0.0076736839596865383, "supply": [{"l": "Coffee", "v": 0.0019592384577923078}, {"l": "Cocoa Beans", "v": 0.0057144455018942305}]}, {"source": 18, "prod": 21.0, "target": 5, "value": 0.034024942683034354, "supply": [{"l": "Eggs", "v": 0.034024942683034354}]}, {"source": 3, "prod": 20.0, "target": 19, "value": 0.015437705882139654, "supply": [{"l": "Potatoes", "v": 0.015437705882139654}]}, {"source": 2, "prod": 17.0, "target": 19, "value": 0.051889616362001081, "supply": [{"l": "Rye", "v": 0.024772396382304707}, {"l": "Barley", "v": 0.027117219979696371}]}, {"source": 14, "prod": 1.0, "target": 19, "value": 0.00062920207389575099, "supply": [{"l": "Apples", "v": 0.00062920207389575099}]}, {"source": 15, "prod": 8.0, "target": 20, "value": 0.083147966255646188, "supply": [{"l": "Olive Oil", "v": 0.010915757121985717}, {"l": "Palm Oil", "v": 0.010469128921423987}, {"l": "Oilcrops Oil, Other", "v": 0.0095608483300675673}, {"l": "Sunflowerseed Oil", "v": 0.010325716196472974}, {"l": "Rape and Mustard Oil", "v": 0.041876515685695948}]}, {"source": 18, "prod": 1.0, "target": 20, "value": 0.0016202353658587786, "supply": [{"l": "Eggs", "v": 0.0016202353658587786}]}, {"source": 6, "prod": 2.0, "target": 20, "value": 0.0024636257393370539, "supply": [{"l": "Offals, Edible", "v": 0.0024636257393370539}]}, {"source": 16, "prod": 5.0, "target": 20, "value": 0.043865172138349999, "supply": [{"l": "Fats, Animals, Raw", "v": 0.043865172138349999}]}, {"source": 3, "prod": 140.0, "target": 3, "value": 0.10806394117497758, "supply": [{"l": "Potatoes", "v": 0.10806394117497758}]}, {"source": 2, "prod": 68.0, "target": 2, "value": 0.20207929788803944, "supply": [{"l": "Cereals, Other", "v": 0.0082161612746129049}, {"l": "Wheat", "v": 0.033234096092231262}, {"l": "Barley", "v": 0.11449492880316246}, {"l": "Oats", "v": 0.024458264883516184}, {"l": "Rye", "v": 0.021675846834516621}]}, {"source": 8, "prod": 1.0, "target": 8, "value": 0.0041270995291458343, "supply": [{"l": "Peas", "v": 0.0041270995291458343}]}, {"source": 3, "prod": 9.0, "target": 21, "value": 0.0069469676469628436, "supply": [{"l": "Potatoes", "v": 0.0069469676469628436}]}, {"source": 2, "prod": 24.0, "target": 21, "value": 0.072396002672469775, "supply": [{"l": "Cereals, Other", "v": 0.0027387204248709679}, {"l": "Wheat", "v": 0.013293638436892503}, {"l": "Barley", "v": 0.042182342190638808}, {"l": "Oats", "v": 0.0048916529767032363}, {"l": "Rye", "v": 0.0092896486433642639}]}, {"source": 9, "prod": 3.0, "target": 21, "value": 0.00078199692825013547, "supply": [{"l": "Vegetables, Other", "v": 0.00078199692825013547}]}, {"source": 6, "prod": 2.0, "target": 21, "value": 0.0035167920434849374, "supply": [{"l": "Pigmeat", "v": 0.0035167920434849374}]}, {"source": 22, "prod": 1.0, "target": 11, "value": 0.0032159217110227277, "supply": [{"l": "Nuts", "v": 0.0032159217110227277}]}, {"source": 22, "prod": 123.0, "target": 1, "value": 0.11522324420223168, "supply": [{"l": "Meat, Other", "v": 0.0016120316424873419}, {"l": "Crustaceans", "v": 0.00043763058335567019}, {"l": "Eggs", "v": 0.0016202353658587786}, {"l": "Pigmeat", "v": 0.014067168173939749}, {"l": "Milk - Excluding Butter", "v": 0.031523118715468909}, {"l": "Pelagic Fish", "v": 0.014671716561808757}, {"l": "Fish, Seafood", "v": 0.026605741090094333}, {"l": "Bovine Meat", "v": 0.0049677892790705039}, {"l": "Poultry Meat", "v": 0.0062407595592771821}, {"l": "Offals, Edible", "v": 0.001231812869668527}, {"l": "Demersal Fish", "v": 0.012245240361201922}]}, {"source": 22, "prod": 103.0, "target": 2, "value": 0.33213102106257192, "supply": [{"l": "Maize", "v": 0.031218215893616733}, {"l": "Rye", "v": 0.040255144121245146}, {"l": "Barley", "v": 0.066286537728146688}, {"l": "Rice", "v": 0.00424501665855}, {"l": "Cereals, Other", "v": 0.0082161612746129049}, {"l": "Wheat", "v": 0.17946411889804878}, {"l": "Oats", "v": 0.0024458264883516182}]}, {"source": 22, "prod": 1.0, "target": 8, "value": 0.0041270995291458343, "supply": [{"l": "Peas", "v": 0.0041270995291458343}]}, {"source": 22, "prod": 95.0, "target": 19, "value": 0.52003257100559552, "supply": [{"l": "Sugar", "v": 0.24756158307233711}, {"l": "Beer", "v": 0.0022646653092873296}, {"l": "Beverages, Alcoholic", "v": 0.010261007142421666}, {"l": "Fats, Animals, Raw", "v": 0.0087730344276700008}, {"l": "Soyabean Oil", "v": 0.010612541646375}, {"l": "Butter, Ghee", "v": 0.008329844009230189}, {"l": "Palm Oil", "v": 0.010469128921423987}, {"l": "Sunflowerseed Oil", "v": 0.12390859435767569}, {"l": "Olive Oil", "v": 0.010915757121985717}, {"l": "Rape and Mustard Oil", "v": 0.052345644607119934}, {"l": "Oilcrops Oil, Other", "v": 0.028682544990202702}, {"l": "Wine", "v": 0.0017811258707202795}, {"l": "Sweeteners, Other", "v": 0.0041270995291458343}]}, {"source": 22, "prod": 1.0, "target": 7, "value": 0.0031213357783455888, "supply": [{"l": "Treenuts", "v": 0.0031213357783455888}]}, {"source": 22, "prod": 21.0, "target": 9, "value": 0.0062028831460492258, "supply": [{"l": "Vegetables, Other", "v": 0.0033886533557505867}, {"l": "Tomatoes", "v": 0.001165679631638444}, {"l": "Onions", "v": 0.0016485501586601945}]}, {"source": 22, "prod": 13.0, "target": 17, "value": 0.043221987796145458, "supply": [{"l": "Coffee", "v": 0.0024490480722403844}, {"l": "Cocoa Beans", "v": 0.040001118513259624}, {"l": "Tea", "v": 0.00077182121064545454}]}, {"source": 22, "prod": 75.0, "target": 14, "value": 0.033682809019732994, "supply": [{"l": "Citrus, Other", "v": 0.00085470134064765117}, {"l": "Grapefruit", "v": 0.0011622222200000001}, {"l": "Grapes", "v": 0.0029920822262907492}, {"l": "Apples", "v": 0.0050336165911660079}, {"l": "Lemons, Limes", "v": 0.0002968543117867133}, {"l": "Pineapples", "v": 0.001230439611173913}, {"l": "Bananas", "v": 0.0034568539564739415}, {"l": "Fruits, Other", "v": 0.0061189429312432427}, {"l": "Oranges, Mandarines", "v": 0.012537095830950775}]}, {"source": 22, "prod": 9.0, "target": 4, "value": 0.056600222114000003, "supply": [{"l": "Sunflower seed", "v": 0.006288913568222222}, {"l": "Groundnuts", "v": 0.006288913568222222}, {"l": "Oilcrops, Other", "v": 0.044022394977555557}]}, {"source": 22, "prod": 10.0, "target": 3, "value": 0.0077188529410698271, "supply": [{"l": "Potatoes", "v": 0.0077188529410698271}]}, {"source": 0, "prod": 323.0, "target": 23, "value": 0.21212431968950951, "supply": [{"l": "Milk - Excluding Butter", "v": 0.21212431968950951}]}, {"source": 6, "prod": 8.0, "target": 23, "value": 0.01531995927760214, "supply": [{"l": "Pigmeat", "v": 0.0087919801087123425}, {"l": "Bovine Meat", "v": 0.0049677892790705039}, {"l": "Poultry Meat", "v": 0.0015601898898192955}]}, {"source": 13, "prod": 19.0, "target": 23, "value": 0.078394501306240094, "supply": [{"l": "Sugar", "v": 0.078394501306240094}]}, {"source": 18, "prod": 2.0, "target": 23, "value": 0.0032404707317175573, "supply": [{"l": "Eggs", "v": 0.0032404707317175573}]}, {"source": 24, "prod": 11.0, "target": 23, "value": 0.012784444420000001, "supply": [{"l": "Sugar beet", "v": 0.012784444420000001}]}, {"source": 16, "prod": 15.0, "target": 23, "value": 0.12539085055689267, "supply": [{"l": "Butter, Ghee", "v": 0.11661781612922266}, {"l": "Fats, Animals, Raw", "v": 0.0087730344276700008}]}, {"source": 3, "prod": 1.0, "target": 23, "value": 0.00077188529410698273, "supply": [{"l": "Potatoes", "v": 0.00077188529410698273}]}, {"source": 2, "prod": 13.0, "target": 23, "value": 0.040446939566306003, "supply": [{"l": "Barley", "v": 0.021091171095319404}, {"l": "Cereals, Other", "v": 0.0027387204248709679}, {"l": "Wheat", "v": 0.016617048046115631}]}, {"source": 12, "prod": 264.0, "target": 23, "value": 0.2486049611605719, "supply": [{"l": "Freshwater Fish", "v": 0.0016120316424873419}, {"l": "Pelagic Fish", "v": 0.10661447368247695}, {"l": "Fish, Seafood", "v": 0.12110199392732593}, {"l": "Crustaceans", "v": 0.00043763058335567019}, {"l": "Demersal Fish", "v": 0.018838831324926034}]}, {"source": 10, "prod": 5.0, "target": 23, "value": 0.014247509183884052, "supply": [{"l": "Beer", "v": 0.0005661663273218324}, {"l": "Beverages, Alcoholic", "v": 0.01368134285656222}]}, {"source": 14, "prod": 67.0, "target": 23, "value": 0.02711224671862561, "supply": [{"l": "Oranges, Mandarines", "v": 0.014186713703444299}, {"l": "Fruits, Other", "v": 0.0045892071984324325}, {"l": "Citrus, Other", "v": 0.00028490044688255037}, {"l": "Pineapples", "v": 0.0016405861482318839}, {"l": "Grapes", "v": 0.00074802055657268731}, {"l": "Apples", "v": 0.0056628186650617592}]}, {"source": 15, "prod": 5.0, "target": 23, "value": 0.051007125840910481, "supply": [{"l": "Rape and Mustard Oil", "v": 0.010469128921423987}, {"l": "Oilcrops Oil, Other", "v": 0.0095608483300675673}, {"l": "Sunflowerseed Oil", "v": 0.030977148589418923}]}, {"source": 17, "prod": 6.0, "target": 23, "value": 0.029062037123919228, "supply": [{"l": "Cocoa Beans", "v": 0.028572227509471151}, {"l": "Coffee", "v": 0.00048980961444807696}]}, {"source": 9, "prod": 2.0, "target": 23, "value": 0.00052133128550009035, "supply": [{"l": "Vegetables, Other", "v": 0.00052133128550009035}]}, {"source": 4, "prod": 2.0, "target": 23, "value": 0.012577827136444444, "supply": [{"l": "Rape and Mustardseed", "v": 0.006288913568222222}, {"l": "Oilcrops, Other", "v": 0.006288913568222222}]}, {"source": 9, "prod": 1.0, "target": 25, "value": 0.00026066564275004518, "supply": [{"l": "Vegetables, Other", "v": 0.00026066564275004518}]}, {"source": 26, "prod": 12.0, "target": 14, "value": 0.0045576398927785478, "supply": [{"l": "Apples", "v": 0.001258404147791502}, {"l": "Oranges, Mandarines", "v": 0.0032992357449870462}]}, {"source": 12, "prod": 7.0, "target": 25, "value": 0.0065935909637241117, "supply": [{"l": "Demersal Fish", "v": 0.0065935909637241117}]}, {"source": 26, "prod": 20.0, "target": 1, "value": 0.021537241425028712, "supply": [{"l": "Pigmeat", "v": 0.0070335840869698747}, {"l": "Fish, Seafood", "v": 0.0027523180438028621}, {"l": "Milk - Excluding Butter", "v": 0.0019701949197168068}, {"l": "Pelagic Fish", "v": 0.0097811443745391708}]}, {"source": 17, "prod": 2.0, "target": 25, "value": 0.011428891003788461, "supply": [{"l": "Cocoa Beans", "v": 0.011428891003788461}]}, {"source": 13, "prod": 1.0, "target": 25, "value": 0.0041260263845389524, "supply": [{"l": "Sugar", "v": 0.0041260263845389524}]}, {"source": 26, "prod": 7.0, "target": 19, "value": 0.03376136658916315, "supply": [{"l": "Beverages, Alcoholic", "v": 0.017101678570702775}, {"l": "Butter, Ghee", "v": 0.016659688018460378}]}, {"source": 3, "prod": 39.0, "target": 25, "value": 0.030103526470172323, "supply": [{"l": "Potatoes", "v": 0.030103526470172323}]}, {"source": 26, "prod": 57.0, "target": 2, "value": 0.18376284618984223, "supply": [{"l": "Wheat", "v": 0.10634910749514002}, {"l": "Rye", "v": 0.077413738694702208}]}, {"source": 1, "prod": 823.0, "target": 0, "value": 0.54049013964231074, "supply": [{"l": "Milk - Excluding Butter", "v": 0.54049013964231074}]}, {"source": 1, "prod": 24.0, "target": 18, "value": 0.038885648780610689, "supply": [{"l": "Eggs", "v": 0.038885648780610689}]}, {"source": 1, "prod": 96.0, "target": 6, "value": 0.18605950661912021, "supply": [{"l": "Pigmeat", "v": 0.073852632913183669}, {"l": "Bovine Meat", "v": 0.079484628465128077}, {"l": "Poultry Meat", "v": 0.017162088788012252}, {"l": "Offals, Edible", "v": 0.011086315827016741}, {"l": "Meat, Other", "v": 0.0016120316424873419}, {"l": "Mutton & Goat Meat", "v": 0.0028618089832921352}]}, {"source": 1, "prod": 321.0, "target": 12, "value": 0.30102799034042099, "supply": [{"l": "Pelagic Fish", "v": 0.11639561805701612}, {"l": "Crustaceans", "v": 0.00087526116671134038}, {"l": "Freshwater Fish", "v": 0.0032240632849746837}, {"l": "Demersal Fish", "v": 0.034851837951113164}, {"l": "Fish, Seafood", "v": 0.1440379776256831}, {"l": "Marine Fish, Other", "v": 0.0016432322549225808}]}, {"source": 19, "prod": 62.0, "target": 13, "value": 0.25538000143500472, "supply": [{"l": "Honey", "v": 0.0036913188335217393}, {"l": "Sweeteners, Other", "v": 0.0041270995291458343}, {"l": "Sugar", "v": 0.24756158307233714}]}, {"source": 19, "prod": 24.0, "target": 15, "value": 0.24649505997485061, "supply": [{"l": "Olive Oil", "v": 0.010915757121985717}, {"l": "Soyabean Oil", "v": 0.010612541646375}, {"l": "Rape and Mustard Oil", "v": 0.052345644607119934}, {"l": "Palm Oil", "v": 0.010469128921423987}, {"l": "Oilcrops Oil, Other", "v": 0.038243393320270269}, {"l": "Sunflowerseed Oil", "v": 0.12390859435767569}]}, {"source": 19, "prod": 33.0, "target": 16, "value": 0.26039696335902296, "supply": [{"l": "Fats, Animals, Raw", "v": 0.070184275421359993}, {"l": "Butter, Ghee", "v": 0.18325656820306419}, {"l": "Cream", "v": 0.0069561197345987405}]}, {"source": 19, "prod": 73.0, "target": 10, "value": 0.099062322846944828, "supply": [{"l": "Beer", "v": 0.028874482693413455}, {"l": "Beverages, Alcoholic", "v": 0.068406714282811101}, {"l": "Wine", "v": 0.0017811258707202795}]}, {"source": 4, "prod": 6.0, "target": 27, "value": 0.020919999959999998, "supply": [{"l": "Oilcrops, Other", "v": 0.013946666639999999}, {"l": "Rape and Mustardseed", "v": 0.0069733333199999996}]}, {"source": 9, "prod": 88.5, "target": 27, "value": 0.28309846187073168, "supply": [{"l": "Tomatoes", "v": 0.01568999997}, {"l": "Vegetables, Other", "v": 0.28241999945999996}, {"l": "Onions", "v": 0.010459999980000001}]}, {"source": 24, "prod": 4.4000000000000004, "target": 27, "value": 0.0051137777680000003, "supply": [{"l": "Sugar beet", "v": 0.0051137777680000003}]}, {"source": 3, "prod": 284.0, "target": 27, "value": 0.99021333144000001, "supply": [{"l": "Potatoes", "v": 0.99021333144000001}]}, {"source": 8, "prod": 1.5, "target": 27, "value": 0.0052299999900000012, "supply": [{"l": "Peas", "v": 0.0052299999900000012}]}, {"source": 2, "prod": 1183.0, "target": 27, "value": 4.0704232746575064, "supply": [{"l": "Maize", "v": 0.035631784710204624}, {"l": "Rye", "v": 0.42188666586000012}, {"l": "Barley", "v": 2.4441533286599997}, {"l": "Rice", "v": 0.0034866666599999998}, {"l": "Wheat", "v": 0.69733333200000014}, {"l": "Oats", "v": 0.40793999921999996}, {"l": "Cereals, Other", "v": 0.11854666644000002}]}, {"source": 28, "prod": 0, "target": 4, "value": 2.747600436322767e-05, "supply": "[{\"l\":'Energy for power irrigation',\"v\":2.747600436322767e-05}]"}, {"source": 28, "prod": 0, "target": 9, "value": 0.00040527106435760818, "supply": "[{\"l\":'Energy for power irrigation',\"v\":0.00040527106435760818}]"}, {"source": 28, "prod": 0, "target": 24, "value": 5.0372674665917403e-05, "supply": "[{\"l\":'Energy for power irrigation',\"v\":5.0372674665917403e-05}]"}, {"source": 28, "prod": 0, "target": 3, "value": 0.0026010617463855532, "supply": "[{\"l\":'Energy for power irrigation',\"v\":0.0026010617463855532}]"}, {"source": 28, "prod": 0, "target": 8, "value": 6.8690010908069176e-06, "supply": "[{\"l\":'Energy for power irrigation',\"v\":6.8690010908069176e-06}]"}, {"source": 28, "prod": 0, "target": 14, "value": 0.00029765671393496647, "supply": "[{\"l\":'Energy for power irrigation',\"v\":0.00029765671393496647}]"}, {"source": 28, "prod": 0, "target": 2, "value": 0.0027086760968081948, "supply": "[{\"l\":'Energy for power irrigation',\"v\":0.0027086760968081948}]"}, {"source": 28, "prod": 0, "target": 19, "value": 0.34000000027199995, "supply": "[{\"l\":'Electricity',\"v\":0.34000000027199995}]"}, {"source": 29, "prod": 0, "target": 28, "value": 0.88305474169857345, "supply": [{"l": "Coal", "v": 0.85301735295108627}, {"l": "Natural gas", "v": 0.016997692007828941}, {"l": "Oil", "v": 0.013039696739658236}]}, {"source": 30, "prod": 0, "target": 28, "value": 0.00011434810987084906, "supply": [{"l": "Nuclear", "v": 0.0}, {"l": "Hydroelectric", "v": 0.00011434810987084906}, {"l": "Renewable", "v": 0.0}]}, {"source": 29, "prod": 0, "target": 4, "value": 0.0034296738887283035, "supply": [{"l": "Motor Gasoline", "v": 5.5140652272143386e-05}, {"l": "Gas-Diesel oil", "v": 0.0021944237010336071}, {"l": "Natural gas (including LNG)", "v": 8.3395568899178482e-05}, {"l": "Fuel oil", "v": 0.0010057256667244212}, {"l": "Liquefied petroleum gas (LPG)", "v": 5.8874782222852862e-05}, {"l": "Coal", "v": 3.2113517576101568e-05}]}, {"source": 29, "prod": 0, "target": 9, "value": 0.050587689858742478, "supply": [{"l": "Motor Gasoline", "v": 0.00081332462101411484}, {"l": "Gas-Diesel oil", "v": 0.032367749590245701}, {"l": "Natural gas (including LNG)", "v": 0.0012300846412628826}, {"l": "Fuel oil", "v": 0.014834453584185212}, {"l": "Liquefied petroleum gas (LPG)", "v": 0.00086840303778707969}, {"l": "Coal", "v": 0.00047367438424749812}]}, {"source": 29, "prod": 0, "target": 24, "value": 0.0062877354626685571, "supply": [{"l": "Motor Gasoline", "v": 0.00010109119583226288}, {"l": "Gas-Diesel oil", "v": 0.0040231101185616127}, {"l": "Natural gas (including LNG)", "v": 0.00015289187631516057}, {"l": "Fuel oil", "v": 0.0018438303889947722}, {"l": "Liquefied petroleum gas (LPG)", "v": 0.00010793710074189691}, {"l": "Coal", "v": 5.8874782222852876e-05}]}, {"source": 29, "prod": 0, "target": 3, "value": 0.32467579479961278, "supply": [{"l": "Motor Gasoline", "v": 0.0052199817484295738}, {"l": "Gas-Diesel oil", "v": 0.20773877703118146}, {"l": "Natural gas (including LNG)", "v": 0.0078947805224555637}, {"l": "Fuel oil", "v": 0.095208696449911867}, {"l": "Liquefied petroleum gas (LPG)", "v": 0.0055734793837634048}, {"l": "Coal", "v": 0.0030400796638709485}]}, {"source": 29, "prod": 0, "target": 8, "value": 0.00085741847218207586, "supply": [{"l": "Motor Gasoline", "v": 1.3785163068035846e-05}, {"l": "Gas-Diesel oil", "v": 0.00054860592525840177}, {"l": "Natural gas (including LNG)", "v": 2.084889222479462e-05}, {"l": "Fuel oil", "v": 0.0002514314166811053}, {"l": "Liquefied petroleum gas (LPG)", "v": 1.4718695555713216e-05}, {"l": "Coal", "v": 8.028379394025392e-06}]}, {"source": 29, "prod": 0, "target": 14, "value": 0.03715480046122329, "supply": [{"l": "Motor Gasoline", "v": 0.00059735706628155335}, {"l": "Gas-Diesel oil", "v": 0.023772923427864075}, {"l": "Natural gas (including LNG)", "v": 0.00090345199640776694}, {"l": "Fuel oil", "v": 0.010895361389514562}, {"l": "Liquefied petroleum gas (LPG)", "v": 0.00063781014074757261}, {"l": "Coal", "v": 0.000347896440407767}]}, {"source": 29, "prod": 0, "target": 2, "value": 0.33810868419713197, "supply": [{"l": "Motor Gasoline", "v": 0.0054359493031621358}, {"l": "Gas-Diesel oil", "v": 0.2163336031935631}, {"l": "Natural gas (including LNG)", "v": 0.0082214131673106795}, {"l": "Fuel oil", "v": 0.099147788644582527}, {"l": "Liquefied petroleum gas (LPG)", "v": 0.0058040722808029117}, {"l": "Coal", "v": 0.0031658576077106797}]}, {"source": 31, "prod": 0.18677968633308439, "target": 4, "value": 0.0023817115403669074, "supply": [{"l": "Potash", "v": 0.026408055576682004}, {"l": "Phosphate", "v": 0.021037458350163296}, {"l": "Nitrogen", "v": 0.48407311149836957}]}, {"source": 31, "prod": 2.7550003734129946, "target": 9, "value": 0.035130245220411888, "supply": [{"l": "Potash", "v": 0.026408055576682004}, {"l": "Phosphate", "v": 0.021037458350163296}, {"l": "Nitrogen", "v": 0.48407311149836957}]}, {"source": 31, "prod": 0.34242942494398804, "target": 24, "value": 0.004366471157339331, "supply": [{"l": "Potash", "v": 0.026408055576682004}, {"l": "Phosphate", "v": 0.021037458350163296}, {"l": "Nitrogen", "v": 0.48407311149836957}]}, {"source": 31, "prod": 17.681810306198656, "target": 3, "value": 0.22546869248806728, "supply": [{"l": "Potash", "v": 0.026408055576682004}, {"l": "Phosphate", "v": 0.021037458350163296}, {"l": "Nitrogen", "v": 0.48407311149836957}]}, {"source": 31, "prod": 0.046694921583271098, "target": 8, "value": 0.00059542788509172684, "supply": [{"l": "Potash", "v": 0.026408055576682004}, {"l": "Phosphate", "v": 0.021037458350163296}, {"l": "Nitrogen", "v": 0.48407311149836957}]}, {"source": 31, "prod": 2.0234466019417474, "target": 14, "value": 0.025801875020641497, "supply": [{"l": "Potash", "v": 0.026408055576682004}, {"l": "Phosphate", "v": 0.021037458350163296}, {"l": "Nitrogen", "v": 0.48407311149836957}]}, {"source": 31, "prod": 18.413364077669904, "target": 2, "value": 0.23479706268783765, "supply": [{"l": "Potash", "v": 0.026408055576682004}, {"l": "Phosphate", "v": 0.021037458350163296}, {"l": "Nitrogen", "v": 0.48407311149836957}]}, {"source": 29, "prod": 0, "target": 31, "value": 0.65290439201052131, "supply": [{"l": "Natural gas (including LNG)", "v": 0.43507440217383331}, {"l": "Fuel oil", "v": 0.13225981159309061}, {"l": "Liquefied petroleum gas (LPG)", "v": 0.042785089121798688}, {"l": "Coal", "v": 0.042785089121798688}]}, {"source": 32, "prod": 0, "target": 3, "value": 0.030495454204264649, "supply": "[{\"l\":'Labor',\"v\":0.030495454204264649}]"}, {"source": 32, "prod": 0, "target": 4, "value": 0.00032213507962251386, "supply": "[{\"l\":'Labor',\"v\":0.00032213507962251386}]"}, {"source": 32, "prod": 0, "target": 7, "value": 2.6844589968542822e-05, "supply": "[{\"l\":'Labor',\"v\":2.6844589968542822e-05}]"}, {"source": 32, "prod": 0, "target": 9, "value": 0.0047514924244320793, "supply": "[{\"l\":'Labor',\"v\":0.0047514924244320793}]"}, {"source": 32, "prod": 0, "target": 11, "value": 2.6844589968542822e-05, "supply": "[{\"l\":'Labor',\"v\":2.6844589968542822e-05}]"}, {"source": 32, "prod": 0, "target": 24, "value": 0.00059058097930794209, "supply": "[{\"l\":'Labor',\"v\":0.00059058097930794209}]"}, {"source": 32, "prod": 0, "target": 8, "value": 8.0533769905628464e-05, "supply": "[{\"l\":'Labor',\"v\":8.0533769905628464e-05}]"}, {"source": 32, "prod": 0, "target": 2, "value": 0.031757149932786159, "supply": "[{\"l\":'Labor',\"v\":0.031757149932786159}]"}, {"source": 32, "prod": 0, "target": 17, "value": 0.00034897966959105667, "supply": "[{\"l\":'Labor',\"v\":0.00034897966959105667}]"}, {"source": 32, "prod": 0, "target": 14, "value": 0.0034897966959105669, "supply": "[{\"l\":'Labor',\"v\":0.0034897966959105669}]"}, {"source": 29, "prod": 0, "target": 22, "value": 4.2137583574084276, "supply": "[{\"l\":'Fossil Fuels',\"v\":4.2137583574084276}]"}, {"source": 30, "prod": 0, "target": 22, "value": 0.2420374607353234, "supply": "[{\"l\":'Renewables & Nuclear',\"v\":0.00020821815198050563},{\"l\":'Biomass & Waste',\"v\":0.2418292425833429}]"}]}