{"nodes": [{"layer": 3, "name": "Cereals", "fill": "#e7ba52"}, {"layer": 5, "name": "Production", "fill": "#b5cf6b"}, {"layer": 3, "name": "Oilcrops", "fill": "#ff9896"}, {"layer": 3, "name": "Starchy Roots"}, {"layer": 3, "name": "Fruits & Vegetables"}, {"layer": 1, "name": "Electricity", "fill": "#bcbd22"}, {"layer": 0, "name": "Fossil Fuels", "fill": "#c49c94"}, {"layer": 0, "name": "Renewables & Nuclear", "fill": "#2ca02c"}, {"layer": 1, "name": "Fertilizers", "fill": "#c5b0d5"}, {"layer": 0, "name": "Labor", "fill": "#7f7f7f"}], "links": [{"source": 0, "prod": 679.0, "target": 1, "value": 2.1926098014990489, "supply": [{"l": "Oats", "v": 0.13869856409123762}, {"l": "Rye", "v": 0.069601734174277605}, {"l": "Barley", "v": 0.80437193126832807}, {"l": "Cereals, Other", "v": 0.061745696851636368}, {"l": "Wheat", "v": 1.1181918751135693}]}, {"source": 2, "prod": 131.0, "target": 1, "value": 0.57756416908562191, "supply": [{"l": "Rape and Mustardseed", "v": 0.57756416908562191}]}, {"source": 3, "prod": 163.0, "target": 1, "value": 0.1212834647119207, "supply": [{"l": "Potatoes", "v": 0.1212834647119207}]}, {"source": 4, "prod": 91.0, "target": 1, "value": 0.074670487047755627, "supply": [{"l": "Fruits, Other", "v": 0.0015782235432168735}, {"l": "Tomatoes", "v": 0.0012290146666328894}, {"l": "Vegetables, Other", "v": 0.021389696159650296}, {"l": "Peas", "v": 0.048514476097714282}, {"l": "Onions", "v": 0.00070262344693241381}, {"l": "Apples", "v": 0.0012564531336088796}]}, {"source": 5, "prod": 0, "target": 3, "value": 0.00096481823162406584, "supply": "[{\"l\":'Energy for power irrigation',\"v\":0.00096481823162406584}]"}, {"source": 5, "prod": 0, "target": 4, "value": 0.0009913242269983533, "supply": "[{\"l\":'Energy for power irrigation',\"v\":0.0009913242269983533}]"}, {"source": 5, "prod": 0, "target": 0, "value": 0.0041322846788514247, "supply": "[{\"l\":'Energy for power irrigation',\"v\":0.0041322846788514247}]"}, {"source": 5, "prod": 0, "target": 2, "value": 0.00082168585660291323, "supply": "[{\"l\":'Energy for power irrigation',\"v\":0.00082168585660291323}]"}, {"source": 6, "prod": 0, "target": 5, "value": 0.016599595827232715, "supply": [{"l": "Coal", "v": 0.016233590881358145}, {"l": "Natural gas", "v": 0.00030636705375852654}, {"l": "Oil", "v": 5.9637892116042347e-05}]}, {"source": 7, "prod": 0, "target": 5, "value": 0.00057706206244576388, "supply": [{"l": "Nuclear", "v": 0.0}, {"l": "Hydroelectric", "v": 1.4924018856355941e-05}, {"l": "Renewable", "v": 0.00056213804358940791}]}, {"source": 6, "prod": 0, "target": 3, "value": 0.12258683936452036, "supply": [{"l": "Motor Gasoline", "v": 0.0016725997855883492}, {"l": "Gas-Diesel oil", "v": 0.10228155347988349}, {"l": "Natural gas (including LNG)", "v": 0.014347357077281553}, {"l": "Fuel oil", "v": 0.0015253505945320386}, {"l": "Liquefied petroleum gas (LPG)", "v": 0.0017858683940932033}, {"l": "Coal", "v": 0.00097411003314174752}]}, {"source": 6, "prod": 0, "target": 4, "value": 0.12595460967673247, "supply": [{"l": "Motor Gasoline", "v": 0.0017185503291484688}, {"l": "Gas-Diesel oil", "v": 0.10509148626779237}, {"l": "Natural gas (including LNG)", "v": 0.014741515238745331}, {"l": "Fuel oil", "v": 0.0015672558306455563}, {"l": "Liquefied petroleum gas (LPG)", "v": 0.0018349307126122474}, {"l": "Coal", "v": 0.0010008712977884989}]}, {"source": 6, "prod": 0, "target": 0, "value": 0.52503539167386604, "supply": [{"l": "Motor Gasoline", "v": 0.0071636897410226278}, {"l": "Gas-Diesel oil", "v": 0.43806852163499543}, {"l": "Natural gas (including LNG)", "v": 0.06144925737220313}, {"l": "Fuel oil", "v": 0.0065330263100973852}, {"l": "Liquefied petroleum gas (LPG)", "v": 0.0076488154571189666}, {"l": "Coal", "v": 0.0041720811584285283}]}, {"source": 6, "prod": 0, "target": 2, "value": 0.10440087967857503, "supply": [{"l": "Motor Gasoline", "v": 0.001424466850363704}, {"l": "Gas-Diesel oil", "v": 0.087107916425175499}, {"l": "Natural gas (including LNG)", "v": 0.012218903005377146}, {"l": "Fuel oil", "v": 0.001299062319519044}, {"l": "Liquefied petroleum gas (LPG)", "v": 0.0015209318740903655}, {"l": "Coal", "v": 0.00082959920404929047}]}, {"source": 8, "prod": 5.9956699029126215, "target": 3, "value": 0.07815534477665588, "supply": [{"l": "Potash", "v": 0.024013383352544038}, {"l": "Phosphate", "v": 0.025742375020593899}, {"l": "Nitrogen", "v": 0.52524427819797315}]}, {"source": 8, "prod": 6.1603861090365948, "target": 4, "value": 0.080302469633157403, "supply": [{"l": "Potash", "v": 0.024013383352544038}, {"l": "Phosphate", "v": 0.025742375020593899}, {"l": "Nitrogen", "v": 0.52524427819797315}]}, {"source": 8, "prod": 25.679256534727408, "target": 0, "value": 0.3347367651285893, "supply": [{"l": "Potash", "v": 0.024013383352544038}, {"l": "Phosphate", "v": 0.025742375020593899}, {"l": "Nitrogen", "v": 0.52524427819797315}]}, {"source": 8, "prod": 5.1062023898431672, "target": 2, "value": 0.066560870551547593, "supply": [{"l": "Potash", "v": 0.024013383352544038}, {"l": "Phosphate", "v": 0.025742375020593899}, {"l": "Nitrogen", "v": 0.52524427819797315}]}, {"source": 6, "prod": 0, "target": 8, "value": 0.70141407410243095, "supply": [{"l": "Natural gas (including LNG)", "v": 0.46939069507445652}, {"l": "Fuel oil", "v": 0.13917532479974112}, {"l": "Liquefied petroleum gas (LPG)", "v": 0.046424027114116619}, {"l": "Coal", "v": 0.046424027114116619}]}, {"source": 9, "prod": 0, "target": 3, "value": 0.0070249255773447185, "supply": "[{\"l\":'Labor',\"v\":0.0070249255773447185}]"}, {"source": 9, "prod": 0, "target": 4, "value": 0.0072179180382607819, "supply": "[{\"l\":'Labor',\"v\":0.0072179180382607819}]"}, {"source": 9, "prod": 0, "target": 0, "value": 0.03008752465681433, "supply": "[{\"l\":'Labor',\"v\":0.03008752465681433}]"}, {"source": 9, "prod": 0, "target": 2, "value": 0.0059827662883979752, "supply": "[{\"l\":'Labor',\"v\":0.0059827662883979752}]"}]}