{"nodes": [{"layer": 5, "name": "Fruits, Roots & Vegetables", "fill": "#98df8a"}, {"layer": 10, "name": "Feed", "fill": "#dbdb8d"}, {"layer": 13, "name": "Other Processed", "fill": "#9c9ede"}, {"layer": 16, "name": "Food", "fill": "#b5cf6b"}, {"layer": 13, "name": "Animal Products", "fill": "#17becf"}, {"layer": 5, "name": "Cereals", "fill": "#e7ba52"}, {"layer": 13, "name": "Sugar", "fill": "#d6616b"}, {"layer": 13, "name": "Aquatic Products", "fill": "#1f77b4"}, {"layer": 13, "name": "Vegetable Oils", "fill": "#f7b6d2"}, {"layer": 5, "name": "Oilcrops", "fill": "#ff9896"}, {"layer": 10, "name": "Processing", "fill": "#9edae5"}, {"layer": 16, "name": "Biofuels & Other", "fill": "#e7ba52"}, {"name": "Waste", "fill": "#c7c7c7"}, {"layer": 0, "name": "Import", "fill": "#aec7e8"}, {"layer": 16, "name": "Export", "fill": "#aec7e8"}, {"layer": 0, "name": "Stock Draw", "fill": "#c7c7c7"}, {"layer": 0, "name": "Production", "fill": "#b5cf6b"}], "links": [{"source": 0, "prod": 0.010784951013309185, "target": 1, "value": 18.0, "supply": [{"l": "Roots, Other", "v": 2.0}, {"l": "Fruits, Other", "v": 9.0}, {"l": "Bananas", "v": 7.0}]}, {"source": 2, "prod": 0.0038429162947576471, "target": 3, "value": 2.0, "supply": [{"l": "Beer", "v": 1.0}, {"l": "Beverages, Alcoholic", "v": 1.0}]}, {"source": 4, "prod": 0.012792963511050418, "target": 3, "value": 9.0, "supply": [{"l": "Milk - Excluding Butter", "v": 5.0}, {"l": "Pigmeat", "v": 1.0}, {"l": "Bovine Meat", "v": 1.0}, {"l": "Poultry Meat", "v": 2.0}]}, {"source": 5, "prod": 0.025573517987476913, "target": 3, "value": 8.0, "supply": [{"l": "Wheat", "v": 7.0}, {"l": "Rice", "v": 1.0}]}, {"source": 0, "prod": 0.018868575515419071, "target": 3, "value": 30.0, "supply": [{"l": "Vegetables, Other", "v": 1.0}, {"l": "Bananas", "v": 8.0}, {"l": "Roots, Other", "v": 2.0}, {"l": "Fruits, Other", "v": 13.0}, {"l": "Yams", "v": 3.0}, {"l": "Sweet potatoes", "v": 1.0}, {"l": "Oranges, Mandarines", "v": 1.0}, {"l": "Cassava", "v": 1.0}]}, {"source": 6, "prod": 0.012565515246138611, "target": 3, "value": 3.0, "supply": [{"l": "Sugar", "v": 3.0}]}, {"source": 7, "prod": 0.0046884442309098207, "target": 3, "value": 6.0, "supply": [{"l": "Marine Fish, Other", "v": 2.0}, {"l": "Demersal Fish", "v": 1.0}, {"l": "Fish, Seafood", "v": 3.0}]}, {"source": 8, "prod": 0.010265222101584546, "target": 3, "value": 1.0, "supply": [{"l": "Coconut Oil", "v": 1.0}]}, {"source": 9, "prod": 0.039305709801388894, "target": 10, "value": 25.0, "supply": [{"l": "Coconuts - Incl Copra", "v": 25.0}]}, {"source": 0, "prod": 0.00080627812632439854, "target": 11, "value": 2.0, "supply": [{"l": "Fruits, Other", "v": 2.0}]}, {"source": 5, "prod": 0.0030490127164341098, "target": 11, "value": 1.0, "supply": [{"l": "Wheat", "v": 1.0}]}, {"source": 0, "prod": 0.006904692823682371, "target": 12, "value": 14.0, "supply": [{"l": "Fruits, Other", "v": 10.0}, {"l": "Bananas", "v": 4.0}]}, {"source": 9, "prod": 0.0015722283920555555, "target": 12, "value": 1.0, "supply": [{"l": "Coconuts - Incl Copra", "v": 1.0}]}, {"source": 13, "prod": 0.0083770101640924053, "target": 10, "value": 2.0, "supply": [{"l": "Sugar", "v": 2.0}]}, {"source": 13, "prod": 0.03167154342034513, "target": 5, "value": 10.0, "supply": [{"l": "Wheat", "v": 9.0}, {"l": "Rice", "v": 1.0}]}, {"source": 13, "prod": 0.012520246089932519, "target": 1, "value": 10.0, "supply": [{"l": "Poultry Meat", "v": 1.0}, {"l": "Demersal Fish", "v": 1.0}, {"l": "Pigmeat", "v": 1.0}, {"l": "Fish, Seafood", "v": 1.0}, {"l": "Bovine Meat", "v": 1.0}, {"l": "Milk - Excluding Butter", "v": 5.0}]}, {"source": 13, "prod": 0.0001675664470480263, "target": 0, "value": 1.0, "supply": [{"l": "Oranges, Mandarines", "v": 1.0}]}, {"source": 0, "prod": 0.029854486531781063, "target": 14, "value": 42.0, "supply": [{"l": "Fruits, Other", "v": 1.0}, {"l": "Bananas", "v": 41.0}]}, {"source": 2, "prod": 0.00083508524430491826, "target": 14, "value": 2.0, "supply": [{"l": "Beer", "v": 2.0}]}, {"source": 8, "prod": 0.030795666304753631, "target": 14, "value": 3.0, "supply": [{"l": "Coconut Oil", "v": 3.0}]}, {"source": 9, "prod": 0.0078611419602777795, "target": 14, "value": 5.0, "supply": [{"l": "Coconuts - Incl Copra", "v": 5.0}]}, {"source": 15, "prod": 0.0050235903263511211, "target": 10, "value": 3.0, "supply": [{"l": "Beer", "v": 2.0}, {"l": "Sugar", "v": 1.0}]}, {"source": 15, "prod": 0.006288913568222222, "target": 9, "value": 4.0, "supply": [{"l": "Coconuts - Incl Copra", "v": 4.0}]}, {"source": 16, "prod": 0.044022394977555557, "target": 9, "value": 28.0, "supply": [{"l": "Coconuts - Incl Copra", "v": 28.0}]}, {"source": 16, "prod": 0.067366604048320941, "target": 0, "value": 105.0, "supply": [{"l": "Roots, Other", "v": 4.0}, {"l": "Bananas", "v": 61.0}, {"l": "Vegetables, Other", "v": 1.0}, {"l": "Fruits, Other", "v": 34.0}, {"l": "Yams", "v": 3.0}, {"l": "Sweet potatoes", "v": 1.0}, {"l": "Cassava", "v": 1.0}]}, {"source": 1, "prod": 0.0046884442309098207, "target": 7, "value": 6.0, "supply": [{"l": "Demersal Fish", "v": 1.0}, {"l": "Marine Fish, Other", "v": 2.0}, {"l": "Fish, Seafood", "v": 3.0}]}, {"source": 1, "prod": 0.012792963511050418, "target": 4, "value": 9.0, "supply": [{"l": "Milk - Excluding Butter", "v": 5.0}, {"l": "Bovine Meat", "v": 1.0}, {"l": "Pigmeat", "v": 1.0}, {"l": "Poultry Meat", "v": 2.0}]}, {"source": 10, "prod": 0.0046780015390625656, "target": 2, "value": 4.0, "supply": [{"l": "Beer", "v": 3.0}, {"l": "Beverages, Alcoholic", "v": 1.0}]}, {"source": 10, "prod": 0.041060888406338175, "target": 8, "value": 4.0, "supply": [{"l": "Coconut Oil", "v": 4.0}]}, {"source": 10, "prod": 0.012565515246138611, "target": 6, "value": 3.0, "supply": [{"l": "Sugar", "v": 3.0}]}]}