{"nodes": [{"layer": 5, "name": "Starchy Roots"}, {"layer": 10, "name": "Feed", "fill": "#dbdb8d"}, {"layer": 5, "name": "Fruits - Excluding Wine"}, {"layer": 13, "name": "Milk - Excluding Butter"}, {"layer": 16, "name": "Food", "fill": "#b5cf6b"}, {"layer": 13, "name": "Meat"}, {"layer": 5, "name": "Vegetables"}, {"layer": 13, "name": "Alcoholic Beverages"}, {"layer": 13, "name": "Fish, Seafood"}, {"layer": 13, "name": "Sugar & Sweeteners"}, {"layer": 13, "name": "Vegetable Oils", "fill": "#f7b6d2"}, {"layer": 5, "name": "Cereals - Excluding Beer"}, {"layer": 10, "name": "Processing", "fill": "#9edae5"}, {"layer": 5, "name": "Oilcrops", "fill": "#ff9896"}, {"layer": 16, "name": "Biofuels & Other", "fill": "#e7ba52"}, {"layer": 13, "name": "Animal Fats"}, {"name": "Waste", "fill": "#c7c7c7"}, {"layer": 0, "name": "Import", "fill": "#aec7e8"}, {"layer": 16, "name": "Export", "fill": "#aec7e8"}, {"layer": 16, "name": "Stock Deposit", "fill": "#c7c7c7"}, {"layer": 0, "name": "Production", "fill": "#b5cf6b"}], "links": [{"source": 0, "prod": 0.0021282603843678864, "target": 1, "value": 2.0, "supply": [{"l": "Roots, Other", "v": 2.0}]}, {"source": 2, "prod": 0.010654024786574597, "target": 1, "value": 18.0, "supply": [{"l": "Plantains", "v": 1.0}, {"l": "Fruits, Other", "v": 8.0}, {"l": "Bananas", "v": 9.0}]}, {"source": 3, "prod": 0.0069444921966439121, "target": 4, "value": 9.0, "supply": [{"l": "Milk - Excluding Butter", "v": 9.0}]}, {"source": 5, "prod": 0.011925889455145378, "target": 4, "value": 6.0, "supply": [{"l": "Pigmeat", "v": 1.0}, {"l": "Bovine Meat", "v": 1.0}, {"l": "Poultry Meat", "v": 4.0}]}, {"source": 6, "prod": 0.00092760977038962853, "target": 4, "value": 2.0, "supply": [{"l": "Vegetables, Other", "v": 1.0}, {"l": "Onions", "v": 1.0}]}, {"source": 7, "prod": 0.0042647459679073952, "target": 4, "value": 3.0, "supply": [{"l": "Beer", "v": 2.0}, {"l": "Beverages, Alcoholic", "v": 1.0}]}, {"source": 0, "prod": 0.0081602651147803535, "target": 4, "value": 8.0, "supply": [{"l": "Roots, Other", "v": 2.0}, {"l": "Potatoes", "v": 1.0}, {"l": "Yams", "v": 3.0}, {"l": "Sweet potatoes", "v": 1.0}, {"l": "Cassava", "v": 1.0}]}, {"source": 8, "prod": 0.0032485201248870521, "target": 4, "value": 4.0, "supply": [{"l": "Fish, Seafood", "v": 2.0}, {"l": "Demersal Fish", "v": 1.0}, {"l": "Marine Fish, Other", "v": 1.0}]}, {"source": 9, "prod": 0.016667550070380368, "target": 4, "value": 4.0, "supply": [{"l": "Sugar", "v": 4.0}]}, {"source": 2, "prod": 0.012067519065395141, "target": 4, "value": 24.0, "supply": [{"l": "Fruits, Other", "v": 12.0}, {"l": "Grapefruit", "v": 1.0}, {"l": "Bananas", "v": 8.0}, {"l": "Oranges, Mandarines", "v": 2.0}, {"l": "Plantains", "v": 1.0}]}, {"source": 10, "prod": 0.010376707387566669, "target": 4, "value": 1.0, "supply": [{"l": "Coconut Oil", "v": 1.0}]}, {"source": 11, "prod": 0.035222319954374734, "target": 4, "value": 11.0, "supply": [{"l": "Rice", "v": 1.0}, {"l": "Wheat", "v": 10.0}]}, {"source": 11, "prod": 0.0030634140834896913, "target": 12, "value": 1.0, "supply": [{"l": "Barley", "v": 1.0}]}, {"source": 13, "prod": 0.042218198462081975, "target": 12, "value": 26.0, "supply": [{"l": "Coconuts - Incl Copra", "v": 26.0}]}, {"source": 2, "prod": 0.00041472293558437892, "target": 14, "value": 1.0, "supply": [{"l": "Fruits, Other", "v": 1.0}]}, {"source": 15, "prod": 0.0089022560091492776, "target": 14, "value": 1.0, "supply": [{"l": "Fish, Body Oil", "v": 1.0}]}, {"source": 11, "prod": 0.0077548725121258117, "target": 14, "value": 2.0, "supply": [{"l": "Rice", "v": 1.0}, {"l": "Wheat", "v": 1.0}]}, {"source": 2, "prod": 0.0073222345294268448, "target": 16, "value": 14.0, "supply": [{"l": "Fruits, Other", "v": 9.0}, {"l": "Bananas", "v": 5.0}]}, {"source": 13, "prod": 0.0016237768639262298, "target": 16, "value": 1.0, "supply": [{"l": "Coconuts - Incl Copra", "v": 1.0}]}, {"source": 11, "prod": 0.0030519386046943247, "target": 16, "value": 1.0, "supply": [{"l": "Wheat", "v": 1.0}]}, {"source": 17, "prod": 0.019661916181862422, "target": 1, "value": 16.0, "supply": [{"l": "Milk - Excluding Butter", "v": 8.0}, {"l": "Pigmeat", "v": 1.0}, {"l": "Fish, Seafood", "v": 1.0}, {"l": "Bovine Meat", "v": 1.0}, {"l": "Poultry Meat", "v": 4.0}, {"l": "Demersal Fish", "v": 1.0}]}, {"source": 17, "prod": 0.044389611247253075, "target": 11, "value": 14.0, "supply": [{"l": "Wheat", "v": 12.0}, {"l": "Barley", "v": 1.0}, {"l": "Rice", "v": 1.0}]}, {"source": 17, "prod": 0.029012935919975752, "target": 12, "value": 6.0, "supply": [{"l": "Fish, Body Oil", "v": 1.0}, {"l": "Sugar", "v": 4.0}, {"l": "Beverages, Alcoholic", "v": 1.0}]}, {"source": 17, "prod": 0.00049591316104556074, "target": 6, "value": 1.0, "supply": [{"l": "Onions", "v": 1.0}]}, {"source": 17, "prod": 0.0002664793884839925, "target": 2, "value": 2.0, "supply": [{"l": "Oranges, Mandarines", "v": 2.0}]}, {"source": 17, "prod": 0.0008023227361520619, "target": 0, "value": 1.0, "supply": [{"l": "Potatoes", "v": 1.0}]}, {"source": 2, "prod": 0.03415816716175827, "target": 18, "value": 48.0, "supply": [{"l": "Fruits, Other", "v": 1.0}, {"l": "Bananas", "v": 47.0}]}, {"source": 10, "prod": 0.020753414775133337, "target": 18, "value": 2.0, "supply": [{"l": "Coconut Oil", "v": 2.0}]}, {"source": 7, "prod": 0.00041080806373064519, "target": 18, "value": 1.0, "supply": [{"l": "Beer", "v": 1.0}]}, {"source": 7, "prod": 0.00041080806373064519, "target": 19, "value": 1.0, "supply": [{"l": "Beer", "v": 1.0}]}, {"source": 20, "prod": 0.010529548750240677, "target": 0, "value": 10.0, "supply": [{"l": "Roots, Other", "v": 4.0}, {"l": "Yams", "v": 4.0}, {"l": "Sweet potatoes", "v": 1.0}, {"l": "Cassava", "v": 1.0}]}, {"source": 20, "prod": 0.045465752189934434, "target": 13, "value": 28.0, "supply": [{"l": "Coconuts - Incl Copra", "v": 28.0}]}, {"source": 20, "prod": 0.00043169660934406779, "target": 6, "value": 1.0, "supply": [{"l": "Vegetables, Other", "v": 1.0}]}, {"source": 20, "prod": 0.063729397384838335, "target": 2, "value": 101.0, "supply": [{"l": "Bananas", "v": 69.0}, {"l": "Plantains", "v": 2.0}, {"l": "Fruits, Other", "v": 30.0}]}, {"source": 1, "prod": 0.0069444921966439121, "target": 3, "value": 9.0, "supply": [{"l": "Milk - Excluding Butter", "v": 9.0}]}, {"source": 1, "prod": 0.011925889455145378, "target": 5, "value": 6.0, "supply": [{"l": "Poultry Meat", "v": 4.0}, {"l": "Bovine Meat", "v": 1.0}, {"l": "Pigmeat", "v": 1.0}]}, {"source": 1, "prod": 0.0032485201248870521, "target": 8, "value": 4.0, "supply": [{"l": "Marine Fish, Other", "v": 1.0}, {"l": "Demersal Fish", "v": 1.0}, {"l": "Fish, Seafood", "v": 2.0}]}, {"source": 12, "prod": 0.016667550070380368, "target": 9, "value": 4.0, "supply": [{"l": "Sugar", "v": 4.0}]}, {"source": 12, "prod": 0.031130122162700006, "target": 10, "value": 3.0, "supply": [{"l": "Coconut Oil", "v": 3.0}]}, {"source": 12, "prod": 0.0089022560091492776, "target": 15, "value": 1.0, "supply": [{"l": "Fish, Body Oil", "v": 1.0}]}, {"source": 12, "prod": 0.0050863620953686857, "target": 7, "value": 5.0, "supply": [{"l": "Beer", "v": 4.0}, {"l": "Beverages, Alcoholic", "v": 1.0}]}]}