{"nodes": [{"layer": 5, "name": "Fruits, Roots & Vegetables", "fill": "#98df8a"}, {"layer": 10, "name": "Feed", "fill": "#dbdb8d"}, {"layer": 13, "name": "Aquatic Products", "fill": "#1f77b4"}, {"layer": 5, "name": "Cereals", "fill": "#e7ba52"}, {"layer": 5, "name": "Oilcrops", "fill": "#ff9896"}, {"layer": 5, "name": "Sugar Crops", "fill": "#ffbb78"}, {"layer": 13, "name": "Other Processed", "fill": "#9c9ede"}, {"layer": 16, "name": "Food", "fill": "#b5cf6b"}, {"layer": 13, "name": "Animal Products", "fill": "#17becf"}, {"layer": 13, "name": "Sugar", "fill": "#d6616b"}, {"layer": 13, "name": "Vegetable Oils", "fill": "#f7b6d2"}, {"layer": 10, "name": "Processing", "fill": "#9edae5"}, {"layer": 16, "name": "Biofuels & Other", "fill": "#e7ba52"}, {"name": "Waste", "fill": "#c7c7c7"}, {"layer": 2, "name": "Import", "fill": "#aec7e8"}, {"layer": 16, "name": "Export", "fill": "#aec7e8"}, {"layer": 0, "name": "Stock Draw", "fill": "#c7c7c7"}, {"layer": 16, "name": "Stock Deposit", "fill": "#c7c7c7"}, {"layer": 2, "name": "Electricity", "fill": "#bcbd22"}, {"layer": 0, "name": "Fossil Fuels", "fill": "#c49c94"}, {"layer": 0, "name": "Renewables & Nuclear", "fill": "#2ca02c"}, {"layer": 2, "name": "Fertilizers", "fill": "#c5b0d5"}, {"layer": 0, "name": "Labor", "fill": "#7f7f7f"}], "links": [{"source": 0, "prod": 587.0, "target": 1, "value": 0.52322289847701564, "supply": [{"l": "Cassava", "v": 0.20128560862822437}, {"l": "Bananas", "v": 0.27073513687929429}, {"l": "Roots, Other", "v": 0.0097961922889615374}, {"l": "Yams", "v": 0.0017687569410625001}, {"l": "Sweet potatoes", "v": 0.039637203739472902}]}, {"source": 2, "prod": 232.0, "target": 1, "value": 0.18919290134567182, "supply": [{"l": "Pelagic Fish", "v": 0.10230372556616345}, {"l": "Fish, Seafood", "v": 0.086889175779508374}]}, {"source": 3, "prod": 2527.0, "target": 1, "value": 6.7005735465646747, "supply": [{"l": "Maize", "v": 5.9832248906225063}, {"l": "Oats", "v": 0.0041754262215245898}, {"l": "Rice", "v": 0.71317322972064345}]}, {"source": 4, "prod": 26.0, "target": 1, "value": 0.034707683371792447, "supply": [{"l": "Coconuts - Incl Copra", "v": 0.034707683371792447}]}, {"source": 5, "prod": 1163.0, "target": 1, "value": 0.51695857318258109, "supply": [{"l": "Sugar cane", "v": 0.51695857318258109}]}, {"source": 6, "prod": 1414.0, "target": 7, "value": 1.6627397629211285, "supply": [{"l": "Beer", "v": 0.57637079631174581}, {"l": "Beverages, Alcoholic", "v": 0.877668605490316}, {"l": "Butter, Ghee", "v": 0.0424501665855}, {"l": "Fats, Animals, Raw", "v": 0.16508398116583337}, {"l": "Beverages, Fermented", "v": 0.0011662133677335163}]}, {"source": 8, "prod": 1723.0, "target": 7, "value": 2.9755403400203995, "supply": [{"l": "Eggs", "v": 0.39111160676616558}, {"l": "Mutton & Goat Meat", "v": 0.023722151915426471}, {"l": "Pigmeat", "v": 1.6599118490833544}, {"l": "Milk - Excluding Butter", "v": 0.39230442342677657}, {"l": "Meat, Other", "v": 0.024257238048857144}, {"l": "Bovine Meat", "v": 0.13822188388205489}, {"l": "Poultry Meat", "v": 0.30029562288261114}, {"l": "Offals, Edible", "v": 0.045715564015153844}]}, {"source": 3, "prod": 7111.0, "target": 7, "value": 27.006745200042733, "supply": [{"l": "Maize", "v": 2.789459288148274}, {"l": "Barley", "v": 0.022640088845599999}, {"l": "Rice", "v": 22.000564865684499}, {"l": "Wheat", "v": 2.1919932442535988}, {"l": "Oats", "v": 0.0020877131107622949}]}, {"source": 4, "prod": 207.0, "target": 7, "value": 0.43711239264936752, "supply": [{"l": "Coconuts - Incl Copra", "v": 0.23093958551231128}, {"l": "Groundnuts", "v": 0.18237849347844445}, {"l": "Oilcrops, Other", "v": 0.012128619024428572}, {"l": "Soyabeans", "v": 0.011665694634183205}]}, {"source": 0, "prod": 11782.0, "target": 7, "value": 7.4744709208307398, "supply": [{"l": "Roots, Other", "v": 0.092519593840192316}, {"l": "Nuts", "v": 0.025470099951300004}, {"l": "Yams", "v": 0.022993840233812502}, {"l": "Grapefruit", "v": 0.040677777700000001}, {"l": "Cocoa Beans", "v": 0.014857558304925}, {"l": "Tomatoes", "v": 0.023154636319363636}, {"l": "Coffee", "v": 0.046223514726433323}, {"l": "Treenuts", "v": 0.025470099951300004}, {"l": "Vegetables, Other", "v": 1.0607340269975862}, {"l": "Peas", "v": 0.0080857460162857137}, {"l": "Grapes", "v": 0.0020278741999442676}, {"l": "Potatoes", "v": 0.023044376146414289}, {"l": "Beans", "v": 0.092282970838043474}, {"l": "Pulses, Other", "v": 0.11577318159681818}, {"l": "Lemons, Limes", "v": 0.00049086738489695857}, {"l": "Pineapples", "v": 0.18448752215610317}, {"l": "Bananas", "v": 1.5914835748985545}, {"l": "Spices, Other", "v": 0.16208245423554549}, {"l": "Fruits, Other", "v": 1.4990304769061538}, {"l": "Sweet potatoes", "v": 0.71460215884592559}, {"l": "Oranges, Mandarines", "v": 0.023031473360218088}, {"l": "Onions", "v": 0.023105786875651905}, {"l": "Cassava", "v": 1.682841309345271}]}, {"source": 5, "prod": 104.0, "target": 7, "value": 0.046228453663790574, "supply": [{"l": "Sugar cane", "v": 0.046228453663790574}]}, {"source": 9, "prod": 1369.0, "target": 7, "value": 5.737710834478353, "supply": [{"l": "Sugar", "v": 5.5565359608215781}, {"l": "Sugar non-centrifugal", "v": 0.069463908958090917}, {"l": "Sweeteners, Other", "v": 0.11171096469868422}]}, {"source": 2, "prod": 3570.0, "target": 7, "value": 2.6808655561272476, "supply": [{"l": "Crustaceans", "v": 0.045801495526460533}, {"l": "Marine Fish, Other", "v": 0.0064598079586630445}, {"l": "Freshwater Fish", "v": 0.27614047758648486}, {"l": "Pelagic Fish", "v": 0.69231400490895079}, {"l": "Fish, Seafood", "v": 1.3377936891569135}, {"l": "Cephalopods", "v": 0.022923089956170001}, {"l": "Molluscs, Other", "v": 0.13826625687848573}, {"l": "Demersal Fish", "v": 0.16116673415511865}]}, {"source": 10, "prod": 197.0, "target": 7, "value": 2.0050030042627491, "supply": [{"l": "Maize Germ Oil", "v": 0.0424501665855}, {"l": "Soyabean Oil", "v": 0.089894470416352956}, {"l": "Palm Oil", "v": 0.34918685417104844}, {"l": "Coconut Oil", "v": 1.4763046613281809}, {"l": "Palmkernel Oil", "v": 0.047166851761666677}]}, {"source": 0, "prod": 4.0, "target": 11, "value": 0.0018508170037115957, "supply": [{"l": "Fruits, Other", "v": 0.0013992194868445744}, {"l": "Oranges, Mandarines", "v": 0.00045159751686702133}]}, {"source": 6, "prod": 43.0, "target": 11, "value": 0.35493055950654173, "supply": [{"l": "Fats, Animals, Raw", "v": 0.35493055950654173}]}, {"source": 3, "prod": 197.0, "target": 11, "value": 0.55882853270394806, "supply": [{"l": "Barley", "v": 0.5546821767172001}, {"l": "Rice", "v": 0.0041463559867479273}]}, {"source": 4, "prod": 6314.3548387096771, "target": 11, "value": 9.4835553738615523, "supply": [{"l": "Coconuts - Incl Copra", "v": 7.9413849376458963}, {"l": "Cottonseed", "v": 0.019059561167843291}, {"l": "Soyabeans", "v": 0.10887981658570993}, {"l": "Palm kernels", "v": 0.034307210102117923}, {"l": "Oilcrops, Other", "v": 0.024257238048857144}, {"l": "Oil Palm", "v": 1.3556666103111294}]}, {"source": 5, "prod": 19911.0, "target": 11, "value": 8.8505263548051367, "supply": [{"l": "Sugar cane", "v": 8.8505263548051367}]}, {"source": 6, "prod": 70.0, "target": 12, "value": 0.20186127139234533, "supply": [{"l": "Alcohol, Non-Food", "v": 0.11931928080942866}, {"l": "Fats, Animals, Raw", "v": 0.082541990582916683}]}, {"source": 8, "prod": 8.0, "target": 12, "value": 0.0041623811504167265, "supply": [{"l": "Milk - Excluding Butter", "v": 0.0041623811504167265}]}, {"source": 3, "prod": 444.0, "target": 12, "value": 1.1290063117026743, "supply": [{"l": "Maize", "v": 1.1290063117026743}]}, {"source": 4, "prod": 296.0, "target": 12, "value": 0.39513362607886793, "supply": [{"l": "Coconuts - Incl Copra", "v": 0.39513362607886793}]}, {"source": 0, "prod": 85.0, "target": 12, "value": 0.098908704932447272, "supply": [{"l": "Potatoes", "v": 0.0006064309512214287}, {"l": "Cassava", "v": 0.098302273981225846}]}, {"source": 2, "prod": 368.0, "target": 12, "value": 0.27564841971430243, "supply": [{"l": "Aquatic Plants", "v": 0.13782420985715121}, {"l": "Aquatic Products, Other", "v": 0.13782420985715121}]}, {"source": 10, "prod": 120.0, "target": 12, "value": 1.2292653773106348, "supply": [{"l": "Coconut Oil", "v": 1.1687411902181433}, {"l": "Cottonseed Oil", "v": 0.009988274490705884}, {"l": "Oilcrops Oil, Other", "v": 0.050535912601785721}]}, {"source": 0, "prod": 36.0, "target": 0, "value": 0.046544082555534966, "supply": [{"l": "Roots, Other", "v": 0.026123179437230769}, {"l": "Beans", "v": 0.0073826376670434787}, {"l": "Potatoes", "v": 0.0024257238048857148}, {"l": "Yams", "v": 0.010612541646375}]}, {"source": 5, "prod": 750.0, "target": 5, "value": 0.33337827161387429, "supply": [{"l": "Sugar cane", "v": 0.33337827161387429}]}, {"source": 8, "prod": 14.0, "target": 8, "value": 0.024228152631532381, "supply": [{"l": "Eggs", "v": 0.024228152631532381}]}, {"source": 3, "prod": 236.0, "target": 3, "value": 0.86468803540550232, "supply": [{"l": "Maize", "v": 0.18053929759209431}, {"l": "Rice", "v": 0.68414873781340801}]}, {"source": 4, "prod": 88.0, "target": 4, "value": 0.12738016444314257, "supply": [{"l": "Coconuts - Incl Copra", "v": 0.11480233730669812}, {"l": "Groundnuts", "v": 0.012577827136444444}]}, {"source": 0, "prod": 768.0, "target": 13, "value": 0.46361265262298496, "supply": [{"l": "Coffee", "v": 0.0033016796233166666}, {"l": "Vegetables, Other", "v": 0.053594982416720151}, {"l": "Bananas", "v": 0.27073513687929429}, {"l": "Potatoes", "v": 0.0012128619024428574}, {"l": "Roots, Other", "v": 0.0065307948593076922}, {"l": "Fruits, Other", "v": 0.052703934004478967}, {"l": "Yams", "v": 0.0017687569410625001}, {"l": "Sweet potatoes", "v": 0.039637203739472902}, {"l": "Beans", "v": 0.0036913188335217393}, {"l": "Oranges, Mandarines", "v": 0.0013547925506010639}, {"l": "Onions", "v": 0.0016120316424873421}, {"l": "Pineapples", "v": 0.026281741983132014}, {"l": "Tomatoes", "v": 0.0011874172471468532}]}, {"source": 5, "prod": 914.0, "target": 13, "value": 0.40627698700677484, "supply": [{"l": "Sugar cane", "v": 0.40627698700677484}]}, {"source": 8, "prod": 6.0, "target": 13, "value": 0.0091732092979207973, "supply": [{"l": "Eggs", "v": 0.0086529116541187064}, {"l": "Milk - Excluding Butter", "v": 0.00052029764380209082}]}, {"source": 3, "prod": 240.0, "target": 13, "value": 0.93258702666156845, "supply": [{"l": "Maize", "v": 0.099169473325234916}, {"l": "Rice", "v": 0.83341755333633349}]}, {"source": 4, "prod": 6.0, "target": 13, "value": 0.015517122041943669, "supply": [{"l": "Coconuts - Incl Copra", "v": 0.0053396435956603767}, {"l": "Soyabeans", "v": 0.003888564878061068}, {"l": "Groundnuts", "v": 0.006288913568222222}]}, {"source": 14, "prod": 41.0, "target": 11, "value": 0.38587133392253481, "supply": [{"l": "Oilcrops Oil, Other", "v": 0.030321547561071433}, {"l": "Butter, Ghee", "v": 0.0424501665855}, {"l": "Fats, Animals, Raw", "v": 0.082541990582916683}, {"l": "Sweeteners, Other", "v": 0.12288206116855264}, {"l": "Soyabean Oil", "v": 0.039953097962823536}, {"l": "Palm Oil", "v": 0.051351007966330658}, {"l": "Palmkernel Oil", "v": 0.0094333703523333343}, {"l": "Beverages, Alcoholic", "v": 0.0069380917430064519}]}, {"source": 14, "prod": 1648.0, "target": 3, "value": 5.5217081673736477, "supply": [{"l": "Maize", "v": 0.71961438336003791}, {"l": "Oats", "v": 0.0062631393322868847}, {"l": "Barley", "v": 0.30564119941560003}, {"l": "Rice", "v": 2.2887885046848555}, {"l": "Wheat", "v": 2.201400940580867}]}, {"source": 14, "prod": 29.0, "target": 4, "value": 0.12672126549272203, "supply": [{"l": "Soyabeans", "v": 0.089436992195404574}, {"l": "Groundnuts", "v": 0.025155654272888888}, {"l": "Oilcrops, Other", "v": 0.012128619024428572}]}, {"source": 14, "prod": 45.0, "target": 0, "value": 0.045827230708522577, "supply": [{"l": "Roots, Other", "v": 0.0087077264790769229}, {"l": "Grapes", "v": 0.0020278741999442676}, {"l": "Potatoes", "v": 0.0012128619024428574}, {"l": "Fruits, Other", "v": 0.00093281299122971613}, {"l": "Beans", "v": 0.0073826376670434787}, {"l": "Cocoa Beans", "v": 0.00424501665855}, {"l": "Tomatoes", "v": 0.0019295530266136363}, {"l": "Vegetables, Other", "v": 0.00031901775248047707}, {"l": "Peas", "v": 0.0080857460162857137}, {"l": "Oranges, Mandarines", "v": 0.00045159751686702133}, {"l": "Cassava", "v": 0.010532386497988482}]}, {"source": 14, "prod": 975.0, "target": 1, "value": 0.58162723939057037, "supply": [{"l": "Milk - Excluding Butter", "v": 0.37929698233172426}, {"l": "Pelagic Fish", "v": 0.10230372556616345}, {"l": "Bovine Meat", "v": 0.0031061097501585365}, {"l": "Marine Fish, Other", "v": 0.0055369782502826094}, {"l": "Fish, Seafood", "v": 0.091383443492241576}]}, {"source": 6, "prod": 7.0, "target": 15, "value": 0.019167632690042818, "supply": [{"l": "Beer", "v": 0.0025413174440553159}, {"l": "Fish, Liver Oil", "v": 0.0083721161876958352}, {"l": "Fats, Animals, Raw", "v": 0.0082541990582916686}]}, {"source": 3, "prod": 4.0, "target": 15, "value": 0.012543595103024885, "supply": [{"l": "Wheat", "v": 0.012543595103024885}]}, {"source": 4, "prod": 593.0, "target": 15, "value": 0.90803393922250109, "supply": [{"l": "Cottonseed", "v": 0.015247648934274634}, {"l": "Oilcrops, Other", "v": 0.1334148092687143}, {"l": "Coconuts - Incl Copra", "v": 0.75555956878594344}, {"l": "Palm kernels", "v": 0.0038119122335686585}]}, {"source": 0, "prod": 1500.0, "target": 15, "value": 0.95066086158389684, "supply": [{"l": "Cocoa Beans", "v": 0.00424501665855}, {"l": "Nuts", "v": 0.00424501665855}, {"l": "Fruits, Other", "v": 0.018189853328979464}, {"l": "Coffee", "v": 0.014621724046116667}, {"l": "Pineapples", "v": 0.31950352999101667}, {"l": "Bananas", "v": 0.57732438648044104}, {"l": "Treenuts", "v": 0.00424501665855}, {"l": "Vegetables, Other", "v": 0.0019141065148828623}, {"l": "Oranges, Mandarines", "v": 0.00090319503373404266}, {"l": "Onions", "v": 0.0042987510466329119}, {"l": "Cassava", "v": 0.0011702651664431648}]}, {"source": 9, "prod": 584.0, "target": 15, "value": 2.4198486212675623, "supply": [{"l": "Sugar", "v": 2.4198486212675623}]}, {"source": 2, "prod": 180.0, "target": 15, "value": 0.14083197226132735, "supply": [{"l": "Pelagic Fish", "v": 0.056443434795124661}, {"l": "Fish, Seafood", "v": 0.065166881834631277}, {"l": "Crustaceans", "v": 0.0089368771758947391}, {"l": "Aquatic Products, Other", "v": 0.0022471338563665958}, {"l": "Aquatic Animals, Others", "v": 0.0022471338563665958}, {"l": "Cephalopods", "v": 0.00084900333171000005}, {"l": "Demersal Fish", "v": 0.00045786004021340523}, {"l": "Marine Fish, Other", "v": 0.0027684891251413047}, {"l": "Freshwater Fish", "v": 0.0017151582458787879}]}, {"source": 10, "prod": 690.0, "target": 15, "value": 7.0743391470793799, "supply": [{"l": "Coconut Oil", "v": 6.6741273230878191}, {"l": "Oilcrops Oil, Other", "v": 0.020214365040714291}, {"l": "Palm Oil", "v": 0.37999745895084686}]}, {"source": 16, "prod": 4.0, "target": 4, "value": 0.024257238048857144, "supply": [{"l": "Oilcrops, Other", "v": 0.024257238048857144}]}, {"source": 3, "prod": 780.0, "target": 17, "value": 2.9134478739816689, "supply": [{"l": "Maize", "v": 0.50856140166787123}, {"l": "Rice", "v": 2.4048864723137977}]}, {"source": 16, "prod": 8.0, "target": 1, "value": 0.0065238931498507527, "supply": [{"l": "Pelagic Fish", "v": 0.0035277146746952913}, {"l": "Fish, Seafood", "v": 0.0029961784751554609}]}, {"source": 4, "prod": 1500.0, "target": 17, "value": 2.0023663483726413, "supply": [{"l": "Coconuts - Incl Copra", "v": 2.0023663483726413}]}, {"source": 16, "prod": 213.0, "target": 11, "value": 0.96479422757788735, "supply": [{"l": "Fats, Animals, Raw", "v": 0.16508398116583337}, {"l": "Sugar", "v": 0.79971024641205402}]}, {"source": 16, "prod": 96.0, "target": 3, "value": 0.2716810661472, "supply": [{"l": "Barley", "v": 0.2716810661472}]}, {"source": 1, "prod": 4350.0, "target": 2, "value": 3.286538849448549, "supply": [{"l": "Pelagic Fish", "v": 0.8510611652702389}, {"l": "Crustaceans", "v": 0.054738372702355272}, {"l": "Freshwater Fish", "v": 0.27785563583236367}, {"l": "Molluscs, Other", "v": 0.13826625687848573}, {"l": "Aquatic Animals, Others", "v": 0.0022471338563665958}, {"l": "Marine Fish, Other", "v": 0.0092282970838043488}, {"l": "Aquatic Plants", "v": 0.13782420985715121}, {"l": "Fish, Seafood", "v": 1.4898497467710532}, {"l": "Demersal Fish", "v": 0.16162459419533204}, {"l": "Cephalopods", "v": 0.023772093287880002}, {"l": "Aquatic Products, Other", "v": 0.14007134371351782}]}, {"source": 1, "prod": 1737.0, "target": 8, "value": 2.9888759304687369, "supply": [{"l": "Poultry Meat", "v": 0.30029562288261114}, {"l": "Pigmeat", "v": 1.6599118490833544}, {"l": "Bovine Meat", "v": 0.13822188388205489}, {"l": "Eggs", "v": 0.42399267105181665}, {"l": "Milk - Excluding Butter", "v": 0.39698710222099537}, {"l": "Offals, Edible", "v": 0.045715564015153844}, {"l": "Meat, Other", "v": 0.024257238048857144}, {"l": "Mutton & Goat Meat", "v": 0.023722151915426471}]}, {"source": 11, "prod": 1534.0, "target": 6, "value": 2.2386992265100583, "supply": [{"l": "Fats, Animals, Raw", "v": 0.61081073031358346}, {"l": "Alcohol, Non-Food", "v": 0.11931928080942866}, {"l": "Beverages, Fermented", "v": 0.0011662133677335163}, {"l": "Beer", "v": 0.57891211375580109}, {"l": "Beverages, Alcoholic", "v": 0.877668605490316}, {"l": "Fish, Liver Oil", "v": 0.0083721161876958352}, {"l": "Butter, Ghee", "v": 0.0424501665855}]}, {"source": 11, "prod": 1007.0, "target": 10, "value": 10.308607528652765, "supply": [{"l": "Soyabean Oil", "v": 0.089894470416352956}, {"l": "Coconut Oil", "v": 9.3191731746341429}, {"l": "Cottonseed Oil", "v": 0.009988274490705884}, {"l": "Maize Germ Oil", "v": 0.0424501665855}, {"l": "Palm Oil", "v": 0.72918431312189536}, {"l": "Palmkernel Oil", "v": 0.047166851761666677}, {"l": "Oilcrops Oil, Other", "v": 0.070750277642500012}]}, {"source": 11, "prod": 1953.0, "target": 9, "value": 8.1575594557459148, "supply": [{"l": "Sweeteners, Other", "v": 0.11171096469868422}, {"l": "Sugar non-centrifugal", "v": 0.069463908958090917}, {"l": "Sugar", "v": 7.9763845820891408}]}, {"source": 18, "prod": 0, "target": 0, "value": 0.0020233895706304127, "supply": "[{\"l\":'Energy for power irrigation',\"v\":0.0020233895706304127}]"}, {"source": 18, "prod": 0, "target": 5, "value": 0.0031357802138774604, "supply": "[{\"l\":'Energy for power irrigation',\"v\":0.0031357802138774604}]"}, {"source": 18, "prod": 0, "target": 3, "value": 0.0014643799816754606, "supply": "[{\"l\":'Energy for power irrigation',\"v\":0.0014643799816754606}]"}, {"source": 18, "prod": 0, "target": 4, "value": 0.0012373653692269713, "supply": "[{\"l\":'Energy for power irrigation',\"v\":0.0012373653692269713}]"}, {"source": 18, "prod": 0, "target": 11, "value": 2.8380000022703995, "supply": "[{\"l\":'Electricity',\"v\":2.8380000022703995}]"}, {"source": 19, "prod": 0, "target": 18, "value": 3.6870448496411594, "supply": [{"l": "Coal", "v": 1.0727982225582986}, {"l": "Natural gas", "v": 0.0}, {"l": "Oil", "v": 2.6142466270828608}]}, {"source": 20, "prod": 0, "target": 18, "value": 1.434055892316586, "supply": [{"l": "Nuclear", "v": 0.0}, {"l": "Hydroelectric", "v": 0.69415205457060669}, {"l": "Renewable", "v": 0.73990383774597934}]}, {"source": 19, "prod": 0, "target": 0, "value": 0.83935486488526445, "supply": [{"l": "Motor Gasoline", "v": 0.11402763737629078}, {"l": "Gas-Diesel oil", "v": 0.086085575245205728}, {"l": "Fuel oil", "v": 0.014442928737152456}, {"l": "Other fossil fuels", "v": 0.62479872352661536}]}, {"source": 19, "prod": 0, "target": 5, "value": 1.3008035703717491, "supply": [{"l": "Motor Gasoline", "v": 0.17671614715715001}, {"l": "Gas-Diesel oil", "v": 0.13341249133258629}, {"l": "Fuel oil", "v": 0.022383158844835906}, {"l": "Other fossil fuels", "v": 0.96829177303717684}]}, {"source": 19, "prod": 0, "target": 3, "value": 0.60746308051639297, "supply": [{"l": "Motor Gasoline", "v": 0.082524785120625124}, {"l": "Gas-Diesel oil", "v": 0.062302383549807279}, {"l": "Fuel oil", "v": 0.010452725479286605}, {"l": "Other fossil fuels", "v": 0.45218318636667387}]}, {"source": 19, "prod": 0, "target": 4, "value": 0.51329148740132347, "supply": [{"l": "Motor Gasoline", "v": 0.06973143070033401}, {"l": "Gas-Diesel oil", "v": 0.052643994584400645}, {"l": "Fuel oil", "v": 0.0088322980947250253}, {"l": "Other fossil fuels", "v": 0.38208376402186373}]}, {"source": 19, "prod": 0, "target": 1, "value": 1.8685231126059294, "supply": [{"l": "Gas-diesel oils used in fisheries", "v": 1.8244422236817759}, {"l": "Fuel oil used in fisheries", "v": 0.044080888924153599}]}, {"source": 21, "prod": 73.018099463016767, "target": 0, "value": 1.0416461618191877, "supply": [{"l": "Potash", "v": 0.08983610284964666}, {"l": "Phosphate", "v": 0.18002408347735258}, {"l": "Nitrogen", "v": 3.7769591696882334}]}, {"source": 21, "prod": 113.16096261172596, "target": 5, "value": 1.6143077297153052, "supply": [{"l": "Potash", "v": 0.08983610284964666}, {"l": "Phosphate", "v": 0.18002408347735258}, {"l": "Nitrogen", "v": 3.7769591696882334}]}, {"source": 21, "prod": 52.845109367799708, "target": 3, "value": 0.75386658580129418, "supply": [{"l": "Potash", "v": 0.08983610284964666}, {"l": "Phosphate", "v": 0.18002408347735258}, {"l": "Nitrogen", "v": 3.7769591696882334}]}, {"source": 21, "prod": 44.652828557457546, "target": 4, "value": 0.63699887867944505, "supply": [{"l": "Potash", "v": 0.08983610284964666}, {"l": "Phosphate", "v": 0.18002408347735258}, {"l": "Nitrogen", "v": 3.7769591696882334}]}, {"source": 19, "prod": 0, "target": 21, "value": 4.8539391386766706, "supply": [{"l": "Natural gas (including LNG)", "v": 3.2789718829834875}, {"l": "Fuel oil", "v": 0.90730970212939599}, {"l": "Liquefied petroleum gas (LPG)", "v": 0.33382877678189354}, {"l": "Coal", "v": 0.33382877678189354}]}, {"source": 22, "prod": 0, "target": 3, "value": 1.0624898317765257, "supply": "[{\"l\":'Labor',\"v\":1.0624898317765257}]"}, {"source": 22, "prod": 0, "target": 4, "value": 0.89777799440543549, "supply": "[{\"l\":'Labor',\"v\":0.89777799440543549}]"}, {"source": 22, "prod": 0, "target": 0, "value": 1.4680826502816362, "supply": "[{\"l\":'Labor',\"v\":1.4680826502816362}]"}, {"source": 22, "prod": 0, "target": 5, "value": 2.2751844696202679, "supply": "[{\"l\":'Labor',\"v\":2.2751844696202679}]"}, {"source": 19, "prod": 0, "target": 14, "value": 1.9359169943761612, "supply": "[{\"l\":'Fossil Fuels',\"v\":1.9359169943761612}]"}, {"source": 20, "prod": 0, "target": 14, "value": 3.5664773384026751, "supply": "[{\"l\":'Renewables & Nuclear',\"v\":1.0918139561442937},{\"l\":'Biomass & Waste',\"v\":2.4746633822583814}]"}]}