{"nodes": [{"layer": 5, "name": "Maize"}, {"layer": 10, "name": "Feed", "fill": "#dbdb8d"}, {"layer": 5, "name": "Sugar cane"}, {"layer": 13, "name": "Pelagic Fish"}, {"layer": 13, "name": "Fish, Seafood"}, {"layer": 5, "name": "Bananas"}, {"layer": 5, "name": "Coconuts - Incl Copra"}, {"layer": 5, "name": "Oats"}, {"layer": 5, "name": "Yams"}, {"layer": 5, "name": "Sweet potatoes"}, {"layer": 13, "name": "Demersal Fish"}, {"layer": 5, "name": "Roots, Other"}, {"layer": 5, "name": "Rice"}, {"layer": 5, "name": "Sorghum"}, {"layer": 5, "name": "Cassava"}, {"layer": 16, "name": "Food", "fill": "#b5cf6b"}, {"layer": 5, "name": "Vegetables, Other"}, {"layer": 5, "name": "Nuts"}, {"layer": 13, "name": "Sugar", "fill": "#d6616b"}, {"layer": 13, "name": "Maize Germ Oil"}, {"layer": 13, "name": "Beer"}, {"layer": 5, "name": "Infant food"}, {"layer": 13, "name": "Beverages, Alcoholic"}, {"layer": 5, "name": "Barley"}, {"layer": 5, "name": "Cocoa Beans"}, {"layer": 13, "name": "Butter, Ghee"}, {"layer": 5, "name": "Tomatoes"}, {"layer": 13, "name": "Fats, Animals, Raw"}, {"layer": 5, "name": "Coffee"}, {"layer": 13, "name": "Sugar non-centrifugal"}, {"layer": 5, "name": "Wheat"}, {"layer": 13, "name": "Soyabean Oil"}, {"layer": 5, "name": "Treenuts"}, {"layer": 13, "name": "Crustaceans"}, {"layer": 13, "name": "Eggs"}, {"layer": 5, "name": "Peas"}, {"layer": 5, "name": "Grapes"}, {"layer": 5, "name": "Groundnuts"}, {"layer": 13, "name": "Palm Oil"}, {"layer": 13, "name": "Coconut Oil"}, {"layer": 13, "name": "Pigmeat"}, {"layer": 5, "name": "Cereals, Other"}, {"layer": 5, "name": "Potatoes"}, {"layer": 13, "name": "Freshwater Fish"}, {"layer": 13, "name": "Milk - Excluding Butter"}, {"layer": 5, "name": "Pineapples"}, {"layer": 5, "name": "Beans"}, {"layer": 5, "name": "Apples"}, {"layer": 13, "name": "Meat, Other"}, {"layer": 13, "name": "Cephalopods"}, {"layer": 13, "name": "Mutton & Goat Meat"}, {"layer": 13, "name": "Beverages, Fermented"}, {"layer": 5, "name": "Spices, Other"}, {"layer": 13, "name": "Bovine Meat"}, {"layer": 5, "name": "Fruits, Other"}, {"layer": 13, "name": "Molluscs, Other"}, {"layer": 13, "name": "Poultry Meat"}, {"layer": 13, "name": "Offals, Edible"}, {"layer": 5, "name": "Grapefruit"}, {"layer": 5, "name": "Oranges, Mandarines"}, {"layer": 5, "name": "Onions"}, {"layer": 5, "name": "Pulses, Other"}, {"layer": 10, "name": "Processing", "fill": "#9edae5"}, {"layer": 5, "name": "Soyabeans"}, {"layer": 5, "name": "Oilcrops, Other"}, {"layer": 16, "name": "Biofuels & Other", "fill": "#e7ba52"}, {"layer": 13, "name": "Alcohol, Non-Food"}, {"layer": 13, "name": "Aquatic Plants"}, {"layer": 13, "name": "Aquatic Products, Other"}, {"layer": 13, "name": "Oilcrops Oil, Other"}, {"name": "Waste", "fill": "#c7c7c7"}, {"layer": 2, "name": "Import", "fill": "#aec7e8"}, {"layer": 16, "name": "Export", "fill": "#aec7e8"}, {"layer": 0, "name": "Stock Draw", "fill": "#c7c7c7"}, {"layer": 16, "name": "Stock Deposit", "fill": "#c7c7c7"}, {"layer": 5, "name": "Oil Palm"}, {"layer": 2, "name": "Electricity", "fill": "#bcbd22"}, {"layer": 0, "name": "Fossil Fuels", "fill": "#c49c94"}, {"layer": 0, "name": "Renewables & Nuclear", "fill": "#2ca02c"}, {"layer": 2, "name": "Fertilizers", "fill": "#c5b0d5"}, {"layer": 0, "name": "Labor", "fill": "#7f7f7f"}], "links": [{"source": 0, "prod": 1207.0, "target": 1, "value": 3.0605585669988562, "supply": [{"l": "Maize", "v": 3.0605585669988562}]}, {"source": 2, "prod": 1308.0, "target": 1, "value": 0.48848813396334895, "supply": [{"l": "Sugar cane", "v": 0.48848813396334895}]}, {"source": 3, "prod": 40.0, "target": 1, "value": 0.044137787887064218, "supply": [{"l": "Pelagic Fish", "v": 0.044137787887064218}]}, {"source": 4, "prod": 49.0, "target": 1, "value": 0.039693707277591229, "supply": [{"l": "Fish, Seafood", "v": 0.039693707277591229}]}, {"source": 5, "prod": 131.0, "target": 1, "value": 0.095113543147671037, "supply": [{"l": "Bananas", "v": 0.095113543147671037}]}, {"source": 6, "prod": 17.0, "target": 1, "value": 0.02143523263228218, "supply": [{"l": "Coconuts - Incl Copra", "v": 0.02143523263228218}]}, {"source": 7, "prod": 3.0, "target": 1, "value": 0.0076030149108358199, "supply": [{"l": "Oats", "v": 0.0076030149108358199}]}, {"source": 8, "prod": 1.0, "target": 1, "value": 0.00088437847053125004, "supply": [{"l": "Yams", "v": 0.00088437847053125004}]}, {"source": 9, "prod": 37.0, "target": 1, "value": 0.041872770413227151, "supply": [{"l": "Sweet potatoes", "v": 0.041872770413227151}]}, {"source": 10, "prod": 9.0, "target": 1, "value": 0.0054971438743812951, "supply": [{"l": "Demersal Fish", "v": 0.0054971438743812951}]}, {"source": 11, "prod": 5.0, "target": 1, "value": 0.0047518843192723885, "supply": [{"l": "Roots, Other", "v": 0.0047518843192723885}]}, {"source": 12, "prod": 110.0, "target": 1, "value": 0.43528938186176525, "supply": [{"l": "Rice", "v": 0.43528938186176525}]}, {"source": 13, "prod": 6.0, "target": 1, "value": 0.021308165351039868, "supply": [{"l": "Sorghum", "v": 0.021308165351039868}]}, {"source": 14, "prod": 26.0, "target": 1, "value": 0.030775025712174907, "supply": [{"l": "Cassava", "v": 0.030775025712174907}]}, {"source": 0, "prod": 509.0, "target": 15, "value": 1.2906580866631463, "supply": [{"l": "Maize", "v": 1.2906580866631463}]}, {"source": 16, "prod": 2295.0, "target": 15, "value": 0.72953359610899871, "supply": [{"l": "Vegetables, Other", "v": 0.72953359610899871}]}, {"source": 17, "prod": 9.0, "target": 15, "value": 0.031837624939125002, "supply": [{"l": "Nuts", "v": 0.031837624939125002}]}, {"source": 8, "prod": 17.0, "target": 15, "value": 0.015034433999031252, "supply": [{"l": "Yams", "v": 0.015034433999031252}]}, {"source": 18, "prod": 595.0, "target": 15, "value": 2.4619564122601356, "supply": [{"l": "Sugar", "v": 2.4619564122601356}]}, {"source": 19, "prod": 2.0, "target": 15, "value": 0.024257238048857144, "supply": [{"l": "Maize Germ Oil", "v": 0.024257238048857144}]}, {"source": 20, "prod": 346.0, "target": 15, "value": 0.1672518985759969, "supply": [{"l": "Beer", "v": 0.1672518985759969}]}, {"source": 21, "prod": 1.0, "target": 15, "value": 0.0011622222200000001, "supply": [{"l": "Infant food", "v": 0.0011622222200000001}]}, {"source": 22, "prod": 80.0, "target": 15, "value": 0.27411766763730944, "supply": [{"l": "Beverages, Alcoholic", "v": 0.27411766763730944}]}, {"source": 23, "prod": 1.0, "target": 15, "value": 0.0029789590586315794, "supply": [{"l": "Barley", "v": 0.0029789590586315794}]}, {"source": 24, "prod": 8.0, "target": 15, "value": 0.015436424212909092, "supply": [{"l": "Cocoa Beans", "v": 0.015436424212909092}]}, {"source": 12, "prod": 3015.0, "target": 15, "value": 11.930886239211111, "supply": [{"l": "Rice", "v": 11.930886239211111}]}, {"source": 25, "prod": 4.0, "target": 15, "value": 0.028300111057000001, "supply": [{"l": "Butter, Ghee", "v": 0.028300111057000001}]}, {"source": 26, "prod": 104.0, "target": 15, "value": 0.015171193556329898, "supply": [{"l": "Tomatoes", "v": 0.015171193556329898}]}, {"source": 27, "prod": 39.0, "target": 15, "value": 0.33111129936689998, "supply": [{"l": "Fats, Animals, Raw", "v": 0.33111129936689998}]}, {"source": 28, "prod": 46.0, "target": 15, "value": 0.030041656352815384, "supply": [{"l": "Coffee", "v": 0.030041656352815384}]}, {"source": 29, "prod": 60.0, "target": 15, "value": 0.25620810601899408, "supply": [{"l": "Sugar non-centrifugal", "v": 0.25620810601899408}]}, {"source": 30, "prod": 517.0, "target": 15, "value": 1.62624706741224, "supply": [{"l": "Wheat", "v": 1.62624706741224}]}, {"source": 31, "prod": 1.0, "target": 15, "value": 0.014150055528500001, "supply": [{"l": "Soyabean Oil", "v": 0.014150055528500001}]}, {"source": 6, "prod": 181.0, "target": 15, "value": 0.22822218273194558, "supply": [{"l": "Coconuts - Incl Copra", "v": 0.22822218273194558}]}, {"source": 32, "prod": 9.0, "target": 15, "value": 0.031837624939125002, "supply": [{"l": "Treenuts", "v": 0.031837624939125002}]}, {"source": 33, "prod": 66.0, "target": 15, "value": 0.03061979229118033, "supply": [{"l": "Crustaceans", "v": 0.03061979229118033}]}, {"source": 34, "prod": 111.0, "target": 15, "value": 0.18298906761128159, "supply": [{"l": "Eggs", "v": 0.18298906761128159}]}, {"source": 11, "prod": 96.0, "target": 15, "value": 0.09123617893002986, "supply": [{"l": "Roots, Other", "v": 0.09123617893002986}]}, {"source": 35, "prod": 1.0, "target": 15, "value": 0.0038243393320270269, "supply": [{"l": "Peas", "v": 0.0038243393320270269}]}, {"source": 9, "prod": 658.0, "target": 15, "value": 0.74465629545685053, "supply": [{"l": "Sweet potatoes", "v": 0.74465629545685053}]}, {"source": 36, "prod": 5.0, "target": 15, "value": 0.0034795218512704918, "supply": [{"l": "Grapes", "v": 0.0034795218512704918}]}, {"source": 37, "prod": 10.0, "target": 15, "value": 0.058551953911034495, "supply": [{"l": "Groundnuts", "v": 0.058551953911034495}]}, {"source": 38, "prod": 7.0, "target": 15, "value": 0.070750277642500012, "supply": [{"l": "Palm Oil", "v": 0.070750277642500012}]}, {"source": 2, "prod": 122.0, "target": 15, "value": 0.045562348886489738, "supply": [{"l": "Sugar cane", "v": 0.045562348886489738}]}, {"source": 39, "prod": 134.0, "target": 15, "value": 1.3840570356780402, "supply": [{"l": "Coconut Oil", "v": 1.3840570356780402}]}, {"source": 40, "prod": 369.0, "target": 15, "value": 1.5330186613129841, "supply": [{"l": "Pigmeat", "v": 1.5330186613129841}]}, {"source": 41, "prod": 3.0, "target": 15, "value": 0.012735049975650002, "supply": [{"l": "Cereals, Other", "v": 0.012735049975650002}]}, {"source": 42, "prod": 16.0, "target": 15, "value": 0.015093392563733331, "supply": [{"l": "Potatoes", "v": 0.015093392563733331}]}, {"source": 43, "prod": 158.0, "target": 15, "value": 0.13688012898997962, "supply": [{"l": "Freshwater Fish", "v": 0.13688012898997962}]}, {"source": 44, "prod": 613.0, "target": 15, "value": 0.36500692624539804, "supply": [{"l": "Milk - Excluding Butter", "v": 0.36500692624539804}]}, {"source": 45, "prod": 43.0, "target": 15, "value": 0.0152113096931375, "supply": [{"l": "Pineapples", "v": 0.0152113096931375}]}, {"source": 46, "prod": 13.0, "target": 15, "value": 0.045987680467625004, "supply": [{"l": "Beans", "v": 0.045987680467625004}]}, {"source": 47, "prod": 5.0, "target": 15, "value": 0.0027475835977669909, "supply": [{"l": "Apples", "v": 0.0027475835977669909}]}, {"source": 4, "prod": 1202.0, "target": 15, "value": 0.97371094178907469, "supply": [{"l": "Fish, Seafood", "v": 0.97371094178907469}]}, {"source": 48, "prod": 8.0, "target": 15, "value": 0.014150055528500001, "supply": [{"l": "Meat, Other", "v": 0.014150055528500001}]}, {"source": 49, "prod": 22.0, "target": 15, "value": 0.015062962336790322, "supply": [{"l": "Cephalopods", "v": 0.015062962336790322}]}, {"source": 50, "prod": 5.0, "target": 15, "value": 0.015160773780535717, "supply": [{"l": "Mutton & Goat Meat", "v": 0.015160773780535717}]}, {"source": 3, "prod": 703.0, "target": 15, "value": 0.77572162211515361, "supply": [{"l": "Pelagic Fish", "v": 0.77572162211515361}]}, {"source": 5, "prod": 942.0, "target": 15, "value": 0.68394624156569561, "supply": [{"l": "Bananas", "v": 0.68394624156569561}]}, {"source": 51, "prod": 1.0, "target": 15, "value": 0.00058632826775552489, "supply": [{"l": "Beverages, Fermented", "v": 0.00058632826775552489}]}, {"source": 52, "prod": 5.0, "target": 15, "value": 0.016326987148269231, "supply": [{"l": "Spices, Other", "v": 0.016326987148269231}]}, {"source": 53, "prod": 83.0, "target": 15, "value": 0.13609559845222532, "supply": [{"l": "Bovine Meat", "v": 0.13609559845222532}]}, {"source": 54, "prod": 1820.0, "target": 15, "value": 0.85100727348429572, "supply": [{"l": "Fruits, Other", "v": 0.85100727348429572}]}, {"source": 55, "prod": 5.0, "target": 15, "value": 0.0058111111000000003, "supply": [{"l": "Molluscs, Other", "v": 0.0058111111000000003}]}, {"source": 56, "prod": 96.0, "target": 15, "value": 0.1368542683950448, "supply": [{"l": "Poultry Meat", "v": 0.1368542683950448}]}, {"source": 57, "prod": 28.0, "target": 15, "value": 0.030477042676769227, "supply": [{"l": "Offals, Edible", "v": 0.030477042676769227}]}, {"source": 58, "prod": 29.0, "target": 15, "value": 0.015388185387243751, "supply": [{"l": "Grapefruit", "v": 0.015388185387243751}]}, {"source": 10, "prod": 249.0, "target": 15, "value": 0.15208764719121584, "supply": [{"l": "Demersal Fish", "v": 0.15208764719121584}]}, {"source": 59, "prod": 32.0, "target": 15, "value": 0.015436424212909092, "supply": [{"l": "Oranges, Mandarines", "v": 0.015436424212909092}]}, {"source": 14, "prod": 283.0, "target": 15, "value": 0.33497431832867297, "supply": [{"l": "Cassava", "v": 0.33497431832867297}]}, {"source": 60, "prod": 29.0, "target": 15, "value": 0.015198207789870372, "supply": [{"l": "Onions", "v": 0.015198207789870372}]}, {"source": 61, "prod": 9.0, "target": 15, "value": 0.029388576866884616, "supply": [{"l": "Pulses, Other", "v": 0.029388576866884616}]}, {"source": 27, "prod": 1.0, "target": 62, "value": 0.0084900333171, "supply": [{"l": "Fats, Animals, Raw", "v": 0.0084900333171}]}, {"source": 6, "prod": 3262.0, "target": 62, "value": 4.113042873323792, "supply": [{"l": "Coconuts - Incl Copra", "v": 4.113042873323792}]}, {"source": 63, "prod": 2.0, "target": 62, "value": 0.0078129140954908, "supply": [{"l": "Soyabeans", "v": 0.0078129140954908}]}, {"source": 54, "prod": 2.0, "target": 62, "value": 0.00093517282800472052, "supply": [{"l": "Fruits, Other", "v": 0.00093517282800472052}]}, {"source": 23, "prod": 58.0, "target": 62, "value": 0.1727796254006316, "supply": [{"l": "Barley", "v": 0.1727796254006316}]}, {"source": 64, "prod": 1.0, "target": 62, "value": 0.0060643095122142861, "supply": [{"l": "Oilcrops, Other", "v": 0.0060643095122142861}]}, {"source": 12, "prod": 1.0, "target": 62, "value": 0.0039571761987433202, "supply": [{"l": "Rice", "v": 0.0039571761987433202}]}, {"source": 2, "prod": 22560.0, "target": 62, "value": 8.4252999252394147, "supply": [{"l": "Sugar cane", "v": 8.4252999252394147}]}, {"source": 0, "prod": 227.0, "target": 65, "value": 0.57559800721519494, "supply": [{"l": "Maize", "v": 0.57559800721519494}]}, {"source": 66, "prod": 6.0, "target": 65, "value": 0.011729573506711216, "supply": [{"l": "Alcohol, Non-Food", "v": 0.011729573506711216}]}, {"source": 6, "prod": 80.0, "target": 65, "value": 0.10087168297544556, "supply": [{"l": "Coconuts - Incl Copra", "v": 0.10087168297544556}]}, {"source": 39, "prod": 25.0, "target": 65, "value": 0.25821959620858964, "supply": [{"l": "Coconut Oil", "v": 0.25821959620858964}]}, {"source": 44, "prod": 4.0, "target": 65, "value": 0.002381774396381064, "supply": [{"l": "Milk - Excluding Butter", "v": 0.002381774396381064}]}, {"source": 67, "prod": 2.0, "target": 65, "value": 0.0015510100365340688, "supply": [{"l": "Aquatic Plants", "v": 0.0015510100365340688}]}, {"source": 68, "prod": 2.0, "target": 65, "value": 0.0015510100365340688, "supply": [{"l": "Aquatic Products, Other", "v": 0.0015510100365340688}]}, {"source": 69, "prod": 5.0, "target": 65, "value": 0.048238825665340906, "supply": [{"l": "Oilcrops Oil, Other", "v": 0.048238825665340906}]}, {"source": 27, "prod": 16.0, "target": 65, "value": 0.1358405330736, "supply": [{"l": "Fats, Animals, Raw", "v": 0.1358405330736}]}, {"source": 14, "prod": 120.0, "target": 65, "value": 0.14203858021003804, "supply": [{"l": "Cassava", "v": 0.14203858021003804}]}, {"source": 0, "prod": 49.0, "target": 0, "value": 0.12424802798918307, "supply": [{"l": "Maize", "v": 0.12424802798918307}]}, {"source": 6, "prod": 58.0, "target": 6, "value": 0.073131970157198023, "supply": [{"l": "Coconuts - Incl Copra", "v": 0.073131970157198023}]}, {"source": 42, "prod": 3.0, "target": 42, "value": 0.0028300111056999999, "supply": [{"l": "Potatoes", "v": 0.0028300111056999999}]}, {"source": 34, "prod": 7.0, "target": 34, "value": 0.01153985111062136, "supply": [{"l": "Eggs", "v": 0.01153985111062136}]}, {"source": 11, "prod": 12.0, "target": 11, "value": 0.011404522366253732, "supply": [{"l": "Roots, Other", "v": 0.011404522366253732}]}, {"source": 8, "prod": 5.0, "target": 8, "value": 0.0044218923526562507, "supply": [{"l": "Yams", "v": 0.0044218923526562507}]}, {"source": 46, "prod": 2.0, "target": 46, "value": 0.0070750277642500003, "supply": [{"l": "Beans", "v": 0.0070750277642500003}]}, {"source": 37, "prod": 1.0, "target": 37, "value": 0.0058551953911034479, "supply": [{"l": "Groundnuts", "v": 0.0058551953911034479}]}, {"source": 12, "prod": 155.0, "target": 12, "value": 0.61336231080521475, "supply": [{"l": "Rice", "v": 0.61336231080521475}]}, {"source": 2, "prod": 1104.0, "target": 2, "value": 0.41230191123512022, "supply": [{"l": "Sugar cane", "v": 0.41230191123512022}]}, {"source": 0, "prod": 20.0, "target": 70, "value": 0.050713480811911446, "supply": [{"l": "Maize", "v": 0.050713480811911446}]}, {"source": 28, "prod": 2.0, "target": 70, "value": 0.0013061589718615385, "supply": [{"l": "Coffee", "v": 0.0013061589718615385}]}, {"source": 11, "prod": 6.0, "target": 70, "value": 0.0057022611831268662, "supply": [{"l": "Roots, Other", "v": 0.0057022611831268662}]}, {"source": 5, "prod": 131.0, "target": 70, "value": 0.095113543147671037, "supply": [{"l": "Bananas", "v": 0.095113543147671037}]}, {"source": 6, "prod": 3.0, "target": 70, "value": 0.0037826881115792083, "supply": [{"l": "Coconuts - Incl Copra", "v": 0.0037826881115792083}]}, {"source": 42, "prod": 1.0, "target": 70, "value": 0.00094333703523333322, "supply": [{"l": "Potatoes", "v": 0.00094333703523333322}]}, {"source": 34, "prod": 2.0, "target": 70, "value": 0.003297100317320389, "supply": [{"l": "Eggs", "v": 0.003297100317320389}]}, {"source": 16, "prod": 115.0, "target": 70, "value": 0.036556149696093609, "supply": [{"l": "Vegetables, Other", "v": 0.036556149696093609}]}, {"source": 54, "prod": 63.0, "target": 70, "value": 0.029457944082148701, "supply": [{"l": "Fruits, Other", "v": 0.029457944082148701}]}, {"source": 8, "prod": 1.0, "target": 70, "value": 0.00088437847053125004, "supply": [{"l": "Yams", "v": 0.00088437847053125004}]}, {"source": 9, "prod": 37.0, "target": 70, "value": 0.041872770413227151, "supply": [{"l": "Sweet potatoes", "v": 0.041872770413227151}]}, {"source": 59, "prod": 2.0, "target": 70, "value": 0.00096477651330681825, "supply": [{"l": "Oranges, Mandarines", "v": 0.00096477651330681825}]}, {"source": 37, "prod": 1.0, "target": 70, "value": 0.0058551953911034479, "supply": [{"l": "Groundnuts", "v": 0.0058551953911034479}]}, {"source": 12, "prod": 128.0, "target": 70, "value": 0.50651855343914498, "supply": [{"l": "Rice", "v": 0.50651855343914498}]}, {"source": 60, "prod": 2.0, "target": 70, "value": 0.0010481522613703706, "supply": [{"l": "Onions", "v": 0.0010481522613703706}]}, {"source": 45, "prod": 14.0, "target": 70, "value": 0.0049525194349750003, "supply": [{"l": "Pineapples", "v": 0.0049525194349750003}]}, {"source": 26, "prod": 5.0, "target": 70, "value": 0.00072938430559278363, "supply": [{"l": "Tomatoes", "v": 0.00072938430559278363}]}, {"source": 2, "prod": 1046.0, "target": 70, "value": 0.39064112242023169, "supply": [{"l": "Sugar cane", "v": 0.39064112242023169}]}, {"source": 71, "prod": 1.0, "target": 21, "value": 0.0011622222200000001, "supply": [{"l": "Infant food", "v": 0.0011622222200000001}]}, {"source": 71, "prod": 4.0, "target": 41, "value": 0.0169800666342, "supply": [{"l": "Cereals, Other", "v": 0.0169800666342}]}, {"source": 71, "prod": 517.0, "target": 30, "value": 1.62624706741224, "supply": [{"l": "Wheat", "v": 1.62624706741224}]}, {"source": 71, "prod": 911.0, "target": 1, "value": 0.65501866985130164, "supply": [{"l": "Milk - Excluding Butter", "v": 0.35369349786258802}, {"l": "Fish, Seafood", "v": 0.12556172710258451}, {"l": "Pelagic Fish", "v": 0.15558570230190139}, {"l": "Bovine Meat", "v": 0.011477942038139486}, {"l": "Cephalopods", "v": 0.0027387204248709679}, {"l": "Demersal Fish", "v": 0.0054971438743812951}, {"l": "Crustaceans", "v": 0.00046393624683606556}]}, {"source": 71, "prod": 2.0, "target": 63, "value": 0.0078129140954908, "supply": [{"l": "Soyabeans", "v": 0.0078129140954908}]}, {"source": 71, "prod": 58.0, "target": 23, "value": 0.1727796254006316, "supply": [{"l": "Barley", "v": 0.1727796254006316}]}, {"source": 71, "prod": 31.0, "target": 62, "value": 0.2713035610259138, "supply": [{"l": "Oilcrops Oil, Other", "v": 0.028943295399204545}, {"l": "Butter, Ghee", "v": 0.028300111057000001}, {"l": "Fats, Animals, Raw", "v": 0.1358405330736}, {"l": "Soyabean Oil", "v": 0.014150055528500001}, {"l": "Palm Oil", "v": 0.060643095122142866}, {"l": "Beverages, Alcoholic", "v": 0.003426470845466368}]}, {"source": 71, "prod": 3.0, "target": 46, "value": 0.010612541646375, "supply": [{"l": "Beans", "v": 0.010612541646375}]}, {"source": 71, "prod": 1.0, "target": 35, "value": 0.0038243393320270269, "supply": [{"l": "Peas", "v": 0.0038243393320270269}]}, {"source": 71, "prod": 5.0, "target": 36, "value": 0.0034795218512704918, "supply": [{"l": "Grapes", "v": 0.0034795218512704918}]}, {"source": 71, "prod": 4.0, "target": 24, "value": 0.007718212106454546, "supply": [{"l": "Cocoa Beans", "v": 0.007718212106454546}]}, {"source": 71, "prod": 1.0, "target": 59, "value": 0.00048238825665340913, "supply": [{"l": "Oranges, Mandarines", "v": 0.00048238825665340913}]}, {"source": 71, "prod": 1.0, "target": 0, "value": 0.0025356740405955728, "supply": [{"l": "Maize", "v": 0.0025356740405955728}]}, {"source": 71, "prod": 3.0, "target": 54, "value": 0.0014027592420070812, "supply": [{"l": "Fruits, Other", "v": 0.0014027592420070812}]}, {"source": 71, "prod": 5.0, "target": 47, "value": 0.0027475835977669909, "supply": [{"l": "Apples", "v": 0.0027475835977669909}]}, {"source": 71, "prod": 1.0, "target": 16, "value": 0.00031787956257472701, "supply": [{"l": "Vegetables, Other", "v": 0.00031787956257472701}]}, {"source": 71, "prod": 2.0, "target": 26, "value": 0.00029175372223711344, "supply": [{"l": "Tomatoes", "v": 0.00029175372223711344}]}, {"source": 71, "prod": 3.0, "target": 7, "value": 0.0076030149108358199, "supply": [{"l": "Oats", "v": 0.0076030149108358199}]}, {"source": 71, "prod": 1.0, "target": 61, "value": 0.0032653974296538461, "supply": [{"l": "Pulses, Other", "v": 0.0032653974296538461}]}, {"source": 45, "prod": 217.0, "target": 72, "value": 0.076764051242112497, "supply": [{"l": "Pineapples", "v": 0.076764051242112497}]}, {"source": 5, "prod": 107.0, "target": 72, "value": 0.077688161196952682, "supply": [{"l": "Bananas", "v": 0.077688161196952682}]}, {"source": 6, "prod": 2184.0, "target": 72, "value": 2.7537969452296629, "supply": [{"l": "Coconuts - Incl Copra", "v": 2.7537969452296629}]}, {"source": 33, "prod": 1.0, "target": 72, "value": 0.00046393624683606556, "supply": [{"l": "Crustaceans", "v": 0.00046393624683606556}]}, {"source": 39, "prod": 339.0, "target": 72, "value": 3.5014577245884753, "supply": [{"l": "Coconut Oil", "v": 3.5014577245884753}]}, {"source": 54, "prod": 13.0, "target": 72, "value": 0.0060786233820306849, "supply": [{"l": "Fruits, Other", "v": 0.0060786233820306849}]}, {"source": 18, "prod": 1237.0, "target": 72, "value": 5.1183866923794756, "supply": [{"l": "Sugar", "v": 5.1183866923794756}]}, {"source": 44, "prod": 2.0, "target": 72, "value": 0.001190887198190532, "supply": [{"l": "Milk - Excluding Butter", "v": 0.001190887198190532}]}, {"source": 20, "prod": 4.0, "target": 72, "value": 0.0019335479604161493, "supply": [{"l": "Beer", "v": 0.0019335479604161493}]}, {"source": 3, "prod": 2.0, "target": 72, "value": 0.0022068893943532112, "supply": [{"l": "Pelagic Fish", "v": 0.0022068893943532112}]}, {"source": 46, "prod": 1.0, "target": 72, "value": 0.0035375138821250002, "supply": [{"l": "Beans", "v": 0.0035375138821250002}]}, {"source": 68, "prod": 2.0, "target": 72, "value": 0.0015510100365340688, "supply": [{"l": "Aquatic Products, Other", "v": 0.0015510100365340688}]}, {"source": 4, "prod": 3.0, "target": 72, "value": 0.0024302269761790553, "supply": [{"l": "Fish, Seafood", "v": 0.0024302269761790553}]}, {"source": 38, "prod": 1.0, "target": 72, "value": 0.010107182520357146, "supply": [{"l": "Palm Oil", "v": 0.010107182520357146}]}, {"source": 67, "prod": 2.0, "target": 72, "value": 0.0015510100365340688, "supply": [{"l": "Aquatic Plants", "v": 0.0015510100365340688}]}, {"source": 69, "prod": 1.0, "target": 72, "value": 0.0096477651330681823, "supply": [{"l": "Oilcrops Oil, Other", "v": 0.0096477651330681823}]}, {"source": 12, "prod": 1.0, "target": 72, "value": 0.0039571761987433202, "supply": [{"l": "Rice", "v": 0.0039571761987433202}]}, {"source": 14, "prod": 18.0, "target": 72, "value": 0.021305787031505704, "supply": [{"l": "Cassava", "v": 0.021305787031505704}]}, {"source": 73, "prod": 100.0, "target": 6, "value": 0.12608960371930694, "supply": [{"l": "Coconuts - Incl Copra", "v": 0.12608960371930694}]}, {"source": 12, "prod": 311.0, "target": 74, "value": 1.2306817978091726, "supply": [{"l": "Rice", "v": 1.2306817978091726}]}, {"source": 18, "prod": 94.0, "target": 74, "value": 0.38894773571840802, "supply": [{"l": "Sugar", "v": 0.38894773571840802}]}, {"source": 73, "prod": 13.0, "target": 14, "value": 0.015387512856087453, "supply": [{"l": "Cassava", "v": 0.015387512856087453}]}, {"source": 73, "prod": 40.0, "target": 45, "value": 0.014150055528500001, "supply": [{"l": "Pineapples", "v": 0.014150055528500001}]}, {"source": 1, "prod": 96.0, "target": 56, "value": 0.1368542683950448, "supply": [{"l": "Poultry Meat", "v": 0.1368542683950448}]}, {"source": 1, "prod": 369.0, "target": 40, "value": 1.5330186613129841, "supply": [{"l": "Pigmeat", "v": 1.5330186613129841}]}, {"source": 1, "prod": 745.0, "target": 3, "value": 0.82206629939657105, "supply": [{"l": "Pelagic Fish", "v": 0.82206629939657105}]}, {"source": 1, "prod": 67.0, "target": 33, "value": 0.031083728538016397, "supply": [{"l": "Crustaceans", "v": 0.031083728538016397}]}, {"source": 1, "prod": 113.0, "target": 34, "value": 0.18628616792860198, "supply": [{"l": "Eggs", "v": 0.19782601903922334}]}, {"source": 1, "prod": 5.0, "target": 55, "value": 0.0058111111000000003, "supply": [{"l": "Molluscs, Other", "v": 0.0058111111000000003}]}, {"source": 1, "prod": 22.0, "target": 49, "value": 0.015062962336790322, "supply": [{"l": "Cephalopods", "v": 0.015062962336790322}]}, {"source": 1, "prod": 619.0, "target": 44, "value": 0.36857958783996964, "supply": [{"l": "Milk - Excluding Butter", "v": 0.36857958783996964}]}, {"source": 1, "prod": 28.0, "target": 57, "value": 0.030477042676769227, "supply": [{"l": "Offals, Edible", "v": 0.030477042676769227}]}, {"source": 1, "prod": 258.0, "target": 10, "value": 0.15758479106559714, "supply": [{"l": "Demersal Fish", "v": 0.15758479106559714}]}, {"source": 1, "prod": 4.0, "target": 68, "value": 0.0031020200730681375, "supply": [{"l": "Aquatic Products, Other", "v": 0.0031020200730681375}]}, {"source": 1, "prod": 1254.0, "target": 4, "value": 1.0158348760428451, "supply": [{"l": "Fish, Seafood", "v": 1.0158348760428451}]}, {"source": 1, "prod": 83.0, "target": 53, "value": 0.13609559845222532, "supply": [{"l": "Bovine Meat", "v": 0.13609559845222532}]}, {"source": 1, "prod": 4.0, "target": 67, "value": 0.0031020200730681375, "supply": [{"l": "Aquatic Plants", "v": 0.0031020200730681375}]}, {"source": 1, "prod": 8.0, "target": 48, "value": 0.014150055528500001, "supply": [{"l": "Meat, Other", "v": 0.014150055528500001}]}, {"source": 1, "prod": 158.0, "target": 43, "value": 0.13688012898997962, "supply": [{"l": "Freshwater Fish", "v": 0.13688012898997962}]}, {"source": 1, "prod": 5.0, "target": 50, "value": 0.015160773780535717, "supply": [{"l": "Mutton & Goat Meat", "v": 0.015160773780535717}]}, {"source": 62, "prod": 56.0, "target": 27, "value": 0.4754418657576, "supply": [{"l": "Fats, Animals, Raw", "v": 0.4754418657576}]}, {"source": 62, "prod": 1.0, "target": 51, "value": 0.00058632826775552489, "supply": [{"l": "Beverages, Fermented", "v": 0.00058632826775552489}]}, {"source": 62, "prod": 1.0, "target": 31, "value": 0.014150055528500001, "supply": [{"l": "Soyabean Oil", "v": 0.014150055528500001}]}, {"source": 62, "prod": 498.0, "target": 39, "value": 5.1437343564751048, "supply": [{"l": "Coconut Oil", "v": 5.1437343564751048}]}, {"source": 62, "prod": 1926.0, "target": 18, "value": 7.9692908403580196, "supply": [{"l": "Sugar", "v": 7.9692908403580196}]}, {"source": 62, "prod": 2.0, "target": 19, "value": 0.024257238048857144, "supply": [{"l": "Maize Germ Oil", "v": 0.024257238048857144}]}, {"source": 62, "prod": 350.0, "target": 20, "value": 0.16918544653641304, "supply": [{"l": "Beer", "v": 0.16918544653641304}]}, {"source": 62, "prod": 80.0, "target": 22, "value": 0.27411766763730944, "supply": [{"l": "Beverages, Alcoholic", "v": 0.27411766763730944}]}, {"source": 62, "prod": 8.0, "target": 38, "value": 0.080857460162857164, "supply": [{"l": "Palm Oil", "v": 0.080857460162857164}]}, {"source": 62, "prod": 6.0, "target": 69, "value": 0.05788659079840909, "supply": [{"l": "Oilcrops Oil, Other", "v": 0.05788659079840909}]}, {"source": 62, "prod": 60.0, "target": 29, "value": 0.25620810601899408, "supply": [{"l": "Sugar non-centrifugal", "v": 0.25620810601899408}]}, {"source": 62, "prod": 4.0, "target": 25, "value": 0.028300111057000001, "supply": [{"l": "Butter, Ghee", "v": 0.028300111057000001}]}, {"source": 62, "prod": 6.0, "target": 66, "value": 0.011729573506711216, "supply": [{"l": "Alcohol, Non-Food", "v": 0.011729573506711216}]}, {"source": 75, "prod": 9.5238095238095291, "target": 62, "value": 0.040428730081428596, "supply": [{"l": "Oil Palm", "v": 0.040428730081428596}]}, {"source": 76, "prod": 0, "target": 0, "value": 7.5737667847617984e-05, "supply": "[{\"l\":'Energy for power irrigation',\"v\":7.5737667847617984e-05}]"}, {"source": 76, "prod": 0, "target": 16, "value": 9.070075083441131e-05, "supply": "[{\"l\":'Energy for power irrigation',\"v\":9.070075083441131e-05}]"}, {"source": 76, "prod": 0, "target": 17, "value": 3.3878678460664109e-07, "supply": "[{\"l\":'Energy for power irrigation',\"v\":3.3878678460664109e-07}]"}, {"source": 76, "prod": 0, "target": 8, "value": 9.0343142561770954e-07, "supply": "[{\"l\":'Energy for power irrigation',\"v\":9.0343142561770954e-07}]"}, {"source": 76, "prod": 0, "target": 58, "value": 1.0916463059547323e-06, "supply": "[{\"l\":'Energy for power irrigation',\"v\":1.0916463059547323e-06}]"}, {"source": 76, "prod": 0, "target": 12, "value": 0.0001400695139468124, "supply": "[{\"l\":'Energy for power irrigation',\"v\":0.0001400695139468124}]"}, {"source": 76, "prod": 0, "target": 26, "value": 4.0654414152796937e-06, "supply": "[{\"l\":'Energy for power irrigation',\"v\":4.0654414152796937e-06}]"}, {"source": 76, "prod": 0, "target": 28, "value": 1.8256843392691214e-06, "supply": "[{\"l\":'Energy for power irrigation',\"v\":1.8256843392691214e-06}]"}, {"source": 76, "prod": 0, "target": 6, "value": 0.00021590128923459892, "supply": "[{\"l\":'Energy for power irrigation',\"v\":0.00021590128923459892}]"}, {"source": 76, "prod": 0, "target": 32, "value": 3.3878678460664109e-07, "supply": "[{\"l\":'Energy for power irrigation',\"v\":3.3878678460664109e-07}]"}, {"source": 76, "prod": 0, "target": 11, "value": 4.460692663987441e-06, "supply": "[{\"l\":'Energy for power irrigation',\"v\":4.460692663987441e-06}]"}, {"source": 76, "prod": 0, "target": 37, "value": 4.5171571280885477e-07, "supply": "[{\"l\":'Energy for power irrigation',\"v\":4.5171571280885477e-07}]"}, {"source": 76, "prod": 0, "target": 75, "value": 1.792522669876409e-07, "supply": "[{\"l\":'Energy for power irrigation',\"v\":1.792522669876409e-07}]"}, {"source": 76, "prod": 0, "target": 64, "value": 3.7642976067404573e-08, "supply": "[{\"l\":'Energy for power irrigation',\"v\":3.7642976067404573e-08}]"}, {"source": 76, "prod": 0, "target": 24, "value": 2.2585785640442739e-07, "supply": "[{\"l\":'Energy for power irrigation',\"v\":2.2585785640442739e-07}]"}, {"source": 76, "prod": 0, "target": 63, "value": 5.6464464101106846e-08, "supply": "[{\"l\":'Energy for power irrigation',\"v\":5.6464464101106846e-08}]"}, {"source": 76, "prod": 0, "target": 42, "value": 7.5285952134809141e-07, "supply": "[{\"l\":'Energy for power irrigation',\"v\":7.5285952134809141e-07}]"}, {"source": 76, "prod": 0, "target": 46, "value": 5.4582315297736617e-07, "supply": "[{\"l\":'Energy for power irrigation',\"v\":5.4582315297736617e-07}]"}, {"source": 76, "prod": 0, "target": 61, "value": 3.3878678460664109e-07, "supply": "[{\"l\":'Energy for power irrigation',\"v\":3.3878678460664109e-07}]"}, {"source": 76, "prod": 0, "target": 13, "value": 2.2585785640442739e-07, "supply": "[{\"l\":'Energy for power irrigation',\"v\":2.2585785640442739e-07}]"}, {"source": 76, "prod": 0, "target": 2, "value": 0.00098398739440195551, "supply": "[{\"l\":'Energy for power irrigation',\"v\":0.00098398739440195551}]"}, {"source": 76, "prod": 0, "target": 45, "value": 9.5424944330870573e-06, "supply": "[{\"l\":'Energy for power irrigation',\"v\":9.5424944330870573e-06}]"}, {"source": 76, "prod": 0, "target": 5, "value": 4.9349941624367391e-05, "supply": "[{\"l\":'Energy for power irrigation',\"v\":4.9349941624367391e-05}]"}, {"source": 76, "prod": 0, "target": 52, "value": 1.6939339230332055e-07, "supply": "[{\"l\":'Energy for power irrigation',\"v\":1.6939339230332055e-07}]"}, {"source": 76, "prod": 0, "target": 54, "value": 7.1389904111832767e-05, "supply": "[{\"l\":'Energy for power irrigation',\"v\":7.1389904111832767e-05}]"}, {"source": 76, "prod": 0, "target": 9, "value": 2.753583699330644e-05, "supply": "[{\"l\":'Energy for power irrigation',\"v\":2.753583699330644e-05}]"}, {"source": 76, "prod": 0, "target": 59, "value": 1.2610396982580531e-06, "supply": "[{\"l\":'Energy for power irrigation',\"v\":1.2610396982580531e-06}]"}, {"source": 76, "prod": 0, "target": 60, "value": 1.1669322580895417e-06, "supply": "[{\"l\":'Energy for power irrigation',\"v\":1.1669322580895417e-06}]"}, {"source": 76, "prod": 0, "target": 14, "value": 1.6562909469658009e-05, "supply": "[{\"l\":'Energy for power irrigation',\"v\":1.6562909469658009e-05}]"}, {"source": 76, "prod": 0, "target": 62, "value": 0.95200000076159985, "supply": "[{\"l\":'Electricity',\"v\":0.95200000076159985}]"}, {"source": 77, "prod": 0, "target": 76, "value": 2.3907320694347205, "supply": [{"l": "Coal", "v": 0.0027521609390184672}, {"l": "Natural gas", "v": 0.0}, {"l": "Oil", "v": 2.3879799084957019}]}, {"source": 78, "prod": 0, "target": 76, "value": 0.045204686529465243, "supply": [{"l": "Nuclear", "v": 0.0}, {"l": "Hydroelectric", "v": 0.045204686529465243}, {"l": "Renewable", "v": 0.0}]}, {"source": 77, "prod": 0, "target": 0, "value": 0.15859832130650464, "supply": [{"l": "Motor Gasoline", "v": 0.03650832032782178}, {"l": "Gas-Diesel oil", "v": 0.031734600062592294}, {"l": "Fuel oil", "v": 0.0024846469816448232}, {"l": "Other fossil fuels", "v": 0.087870753934445753}]}, {"source": 77, "prod": 0, "target": 16, "value": 0.18993173717098558, "supply": [{"l": "Motor Gasoline", "v": 0.043721072480062913}, {"l": "Gas-Diesel oil", "v": 0.038004234021280392}, {"l": "Fuel oil", "v": 0.0029755252993405577}, {"l": "Other fossil fuels", "v": 0.10523090537030172}]}, {"source": 77, "prod": 0, "target": 17, "value": 0.00070943583089390751, "supply": [{"l": "Motor Gasoline", "v": 0.00016330759589979922}, {"l": "Gas-Diesel oil", "v": 0.00014195397642312657}, {"l": "Fuel oil", "v": 1.1114226061035492e-05}, {"l": "Other fossil fuels", "v": 0.00039306003250994621}]}, {"source": 77, "prod": 0, "target": 8, "value": 0.0018918288823837532, "supply": [{"l": "Motor Gasoline", "v": 0.00043548692239946455}, {"l": "Gas-Diesel oil", "v": 0.00037854393712833751}, {"l": "Fuel oil", "v": 2.9637936162761309e-05}, {"l": "Other fossil fuels", "v": 0.0010481600866931898}]}, {"source": 77, "prod": 0, "target": 58, "value": 0.0022859598995470351, "supply": [{"l": "Motor Gasoline", "v": 0.00052621336456601972}, {"l": "Gas-Diesel oil", "v": 0.00045740725736340783}, {"l": "Fuel oil", "v": 3.5812506196669916e-05}, {"l": "Other fossil fuels", "v": 0.0012665267714209378}]}, {"source": 77, "prod": 0, "target": 12, "value": 0.29331230297291444, "supply": [{"l": "Motor Gasoline", "v": 0.067518618260350327}, {"l": "Gas-Diesel oil", "v": 0.058690082918939339}, {"l": "Fuel oil", "v": 0.0045951150192347851}, {"l": "Other fossil fuels", "v": 0.16250848677439}]}, {"source": 77, "prod": 0, "target": 26, "value": 0.0085132299707268901, "supply": [{"l": "Motor Gasoline", "v": 0.0019596911507975909}, {"l": "Gas-Diesel oil", "v": 0.0017034477170775192}, {"l": "Fuel oil", "v": 0.00013337071273242593}, {"l": "Other fossil fuels", "v": 0.004716720390119355}]}, {"source": 77, "prod": 0, "target": 28, "value": 0.0038230708664838348, "supply": [{"l": "Motor Gasoline", "v": 0.00088004648901558464}, {"l": "Gas-Diesel oil", "v": 0.00076497420628018214}, {"l": "Fuel oil", "v": 5.9893329328913482e-05}, {"l": "Other fossil fuels", "v": 0.0021181568418591544}]}, {"source": 77, "prod": 0, "target": 6, "value": 0.45210768978800076, "supply": [{"l": "Motor Gasoline", "v": 0.10407230180925539}, {"l": "Gas-Diesel oil", "v": 0.090464114641649176}, {"l": "Fuel oil", "v": 0.0070828492858965629}, {"l": "Other fossil fuels", "v": 0.25048842405119964}]}, {"source": 77, "prod": 0, "target": 32, "value": 0.00070943583089390751, "supply": [{"l": "Motor Gasoline", "v": 0.00016330759589979922}, {"l": "Gas-Diesel oil", "v": 0.00014195397642312657}, {"l": "Fuel oil", "v": 1.1114226061035492e-05}, {"l": "Other fossil fuels", "v": 0.00039306003250994621}]}, {"source": 77, "prod": 0, "target": 11, "value": 0.0093409051067697823, "supply": [{"l": "Motor Gasoline", "v": 0.0021502166793473565}, {"l": "Gas-Diesel oil", "v": 0.0018690606895711667}, {"l": "Fuel oil", "v": 0.00014633730980363399}, {"l": "Other fossil fuels", "v": 0.005175290428047625}]}, {"source": 77, "prod": 0, "target": 37, "value": 0.00094591444119187661, "supply": [{"l": "Motor Gasoline", "v": 0.00021774346119973227}, {"l": "Gas-Diesel oil", "v": 0.00018927196856416875}, {"l": "Fuel oil", "v": 1.4818968081380655e-05}, {"l": "Other fossil fuels", "v": 0.00052408004334659488}]}, {"source": 77, "prod": 0, "target": 75, "value": 0.00037536287348884019, "supply": [{"l": "Motor Gasoline", "v": 8.6406135396719213e-05}, {"l": "Gas-Diesel oil", "v": 7.5107924033400344e-05}, {"l": "Fuel oil", "v": 5.8805428894367716e-06}, {"l": "Other fossil fuels", "v": 0.00020796827116928383}]}, {"source": 77, "prod": 0, "target": 64, "value": 7.8826203432656402e-05, "supply": [{"l": "Motor Gasoline", "v": 1.8145288433311025e-05}, {"l": "Gas-Diesel oil", "v": 1.5772664047014066e-05}, {"l": "Fuel oil", "v": 1.2349140067817214e-06}, {"l": "Other fossil fuels", "v": 4.367333694554958e-05}]}, {"source": 77, "prod": 0, "target": 24, "value": 0.0004729572205959383, "supply": [{"l": "Motor Gasoline", "v": 0.00010887173059986614}, {"l": "Gas-Diesel oil", "v": 9.4635984282084377e-05}, {"l": "Fuel oil", "v": 7.4094840406903273e-06}, {"l": "Other fossil fuels", "v": 0.00026204002167329744}]}, {"source": 77, "prod": 0, "target": 63, "value": 0.00011823930514898458, "supply": [{"l": "Motor Gasoline", "v": 2.7217932649966534e-05}, {"l": "Gas-Diesel oil", "v": 2.3658996070521094e-05}, {"l": "Fuel oil", "v": 1.8523710101725818e-06}, {"l": "Other fossil fuels", "v": 6.551000541832436e-05}]}, {"source": 77, "prod": 0, "target": 42, "value": 0.0015765240686531278, "supply": [{"l": "Motor Gasoline", "v": 0.00036290576866622047}, {"l": "Gas-Diesel oil", "v": 0.00031545328094028128}, {"l": "Fuel oil", "v": 2.4698280135634429e-05}, {"l": "Other fossil fuels", "v": 0.00087346673891099157}]}, {"source": 77, "prod": 0, "target": 46, "value": 0.0011429799497735176, "supply": [{"l": "Motor Gasoline", "v": 0.00026310668228300986}, {"l": "Gas-Diesel oil", "v": 0.00022870362868170391}, {"l": "Fuel oil", "v": 1.7906253098334958e-05}, {"l": "Other fossil fuels", "v": 0.00063326338571046889}]}, {"source": 77, "prod": 0, "target": 61, "value": 0.00070943583089390751, "supply": [{"l": "Motor Gasoline", "v": 0.00016330759589979922}, {"l": "Gas-Diesel oil", "v": 0.00014195397642312657}, {"l": "Fuel oil", "v": 1.1114226061035492e-05}, {"l": "Other fossil fuels", "v": 0.00039306003250994621}]}, {"source": 77, "prod": 0, "target": 13, "value": 0.0004729572205959383, "supply": [{"l": "Motor Gasoline", "v": 0.00010887173059986614}, {"l": "Gas-Diesel oil", "v": 9.4635984282084377e-05}, {"l": "Fuel oil", "v": 7.4094840406903273e-06}, {"l": "Other fossil fuels", "v": 0.00026204002167329744}]}, {"source": 77, "prod": 0, "target": 2, "value": 2.0605169577296381, "supply": [{"l": "Motor Gasoline", "v": 0.47431783964675017}, {"l": "Gas-Diesel oil", "v": 0.41229743818894765}, {"l": "Fuel oil", "v": 0.032280652137274199}, {"l": "Other fossil fuels", "v": 1.1416210277566661}]}, {"source": 77, "prod": 0, "target": 45, "value": 0.019982442570178394, "supply": [{"l": "Motor Gasoline", "v": 0.0045998306178443443}, {"l": "Gas-Diesel oil", "v": 0.0039983703359180653}, {"l": "Fuel oil", "v": 0.00031305070071916633}, {"l": "Other fossil fuels", "v": 0.011071190915696819}]}, {"source": 77, "prod": 0, "target": 5, "value": 0.10334115270021253, "supply": [{"l": "Motor Gasoline", "v": 0.023788473136070753}, {"l": "Gas-Diesel oil", "v": 0.020677962565635439}, {"l": "Fuel oil", "v": 0.0016189722628908367}, {"l": "Other fossil fuels", "v": 0.057255744735615503}]}, {"source": 77, "prod": 0, "target": 52, "value": 0.00035471791544695376, "supply": [{"l": "Motor Gasoline", "v": 8.1653797949899609e-05}, {"l": "Gas-Diesel oil", "v": 7.0976988211563286e-05}, {"l": "Fuel oil", "v": 5.5571130305177461e-06}, {"l": "Other fossil fuels", "v": 0.00019653001625497311}]}, {"source": 77, "prod": 0, "target": 54, "value": 0.14949389481003286, "supply": [{"l": "Motor Gasoline", "v": 0.034412539513774355}, {"l": "Gas-Diesel oil", "v": 0.029912857365162176}, {"l": "Fuel oil", "v": 0.0023420144138615348}, {"l": "Other fossil fuels", "v": 0.082826483517234775}]}, {"source": 77, "prod": 0, "target": 9, "value": 0.057661367810988143, "supply": [{"l": "Motor Gasoline", "v": 0.013273278488967012}, {"l": "Gas-Diesel oil", "v": 0.011537703750390788}, {"l": "Fuel oil", "v": 0.00090333959596082905}, {"l": "Other fossil fuels", "v": 0.031947045975669511}]}, {"source": 77, "prod": 0, "target": 59, "value": 0.0026406778149939891, "supply": [{"l": "Motor Gasoline", "v": 0.00060786716251591934}, {"l": "Gas-Diesel oil", "v": 0.00052838424557497118}, {"l": "Fuel oil", "v": 4.136961922718767e-05}, {"l": "Other fossil fuels", "v": 0.0014630567876759109}]}, {"source": 77, "prod": 0, "target": 60, "value": 0.0024436123064123481, "supply": [{"l": "Motor Gasoline", "v": 0.0005625039414326417}, {"l": "Gas-Diesel oil", "v": 0.00048895258545743597}, {"l": "Fuel oil", "v": 3.8282334210233358e-05}, {"l": "Other fossil fuels", "v": 0.001353873445312037}]}, {"source": 77, "prod": 0, "target": 14, "value": 0.034683529510368807, "supply": [{"l": "Motor Gasoline", "v": 0.0079839269106568508}, {"l": "Gas-Diesel oil", "v": 0.0069399721806861882}, {"l": "Fuel oil", "v": 0.00054336216298395742}, {"l": "Other fossil fuels", "v": 0.019216268256041814}]}, {"source": 77, "prod": 0, "target": 1, "value": 1.2843800565830594, "supply": [{"l": "Gas-diesel oils used in fisheries", "v": 1.2402991676589059}, {"l": "Fuel oil used in fisheries", "v": 0.044080888924153599}]}, {"source": 79, "prod": 8.9071789767680691, "target": 0, "value": 0.10931622111644898, "supply": [{"l": "Potash", "v": 0.097427777855719988}, {"l": "Phosphate", "v": 0.18516666681479999}, {"l": "Nitrogen", "v": 2.1861082239711087}]}, {"source": 79, "prod": 10.666922338231942, "target": 16, "value": 0.13091323796226831, "supply": [{"l": "Potash", "v": 0.097427777855719988}, {"l": "Phosphate", "v": 0.18516666681479999}, {"l": "Nitrogen", "v": 2.1861082239711087}]}, {"source": 79, "prod": 0.039843245919936696, "target": 17, "value": 0.00048898906066006009, "supply": [{"l": "Potash", "v": 0.097427777855719988}, {"l": "Phosphate", "v": 0.18516666681479999}, {"l": "Nitrogen", "v": 2.1861082239711087}]}, {"source": 79, "prod": 0.10624865578649784, "target": 8, "value": 0.0013039708284268267, "supply": [{"l": "Potash", "v": 0.097427777855719988}, {"l": "Phosphate", "v": 0.18516666681479999}, {"l": "Nitrogen", "v": 2.1861082239711087}]}, {"source": 79, "prod": 0.12838379240868489, "target": 58, "value": 0.0015756314176824156, "supply": [{"l": "Potash", "v": 0.097427777855719988}, {"l": "Phosphate", "v": 0.18516666681479999}, {"l": "Nitrogen", "v": 2.1861082239711087}]}, {"source": 79, "prod": 16.472968674231605, "target": 12, "value": 0.20216981052400931, "supply": [{"l": "Potash", "v": 0.097427777855719988}, {"l": "Phosphate", "v": 0.18516666681479999}, {"l": "Nitrogen", "v": 2.1861082239711087}]}, {"source": 79, "prod": 0.47811895103924035, "target": 26, "value": 0.0058678687279207211, "supply": [{"l": "Potash", "v": 0.097427777855719988}, {"l": "Phosphate", "v": 0.18516666681479999}, {"l": "Nitrogen", "v": 2.1861082239711087}]}, {"source": 79, "prod": 0.2147108252352144, "target": 28, "value": 0.0026351077157792126, "supply": [{"l": "Potash", "v": 0.097427777855719988}, {"l": "Phosphate", "v": 0.18516666681479999}, {"l": "Nitrogen", "v": 2.1861082239711087}]}, {"source": 79, "prod": 25.391215219310769, "target": 6, "value": 0.31162186193508612, "supply": [{"l": "Potash", "v": 0.097427777855719988}, {"l": "Phosphate", "v": 0.18516666681479999}, {"l": "Nitrogen", "v": 2.1861082239711087}]}, {"source": 79, "prod": 0.039843245919936696, "target": 32, "value": 0.00048898906066006009, "supply": [{"l": "Potash", "v": 0.097427777855719988}, {"l": "Phosphate", "v": 0.18516666681479999}, {"l": "Nitrogen", "v": 2.1861082239711087}]}, {"source": 79, "prod": 0.52460273794583312, "target": 11, "value": 0.0064383559653574578, "supply": [{"l": "Potash", "v": 0.097427777855719988}, {"l": "Phosphate", "v": 0.18516666681479999}, {"l": "Nitrogen", "v": 2.1861082239711087}]}, {"source": 79, "prod": 0.053124327893248918, "target": 37, "value": 0.00065198541421341335, "supply": [{"l": "Potash", "v": 0.097427777855719988}, {"l": "Phosphate", "v": 0.18516666681479999}, {"l": "Nitrogen", "v": 2.1861082239711087}]}, {"source": 79, "prod": 0.021081082497321015, "target": 75, "value": 0.00025872437071960866, "supply": [{"l": "Potash", "v": 0.097427777855719988}, {"l": "Phosphate", "v": 0.18516666681479999}, {"l": "Nitrogen", "v": 2.1861082239711087}]}, {"source": 79, "prod": 0.004427027324437411, "target": 64, "value": 5.4332117851117795e-05, "supply": [{"l": "Potash", "v": 0.097427777855719988}, {"l": "Phosphate", "v": 0.18516666681479999}, {"l": "Nitrogen", "v": 2.1861082239711087}]}, {"source": 79, "prod": 0.026562163946624459, "target": 24, "value": 0.00032599270710670668, "supply": [{"l": "Potash", "v": 0.097427777855719988}, {"l": "Phosphate", "v": 0.18516666681479999}, {"l": "Nitrogen", "v": 2.1861082239711087}]}, {"source": 79, "prod": 0.0066405409866561148, "target": 63, "value": 8.1498176776676669e-05, "supply": [{"l": "Potash", "v": 0.097427777855719988}, {"l": "Phosphate", "v": 0.18516666681479999}, {"l": "Nitrogen", "v": 2.1861082239711087}]}, {"source": 79, "prod": 0.088540546488748206, "target": 42, "value": 0.0010866423570223558, "supply": [{"l": "Potash", "v": 0.097427777855719988}, {"l": "Phosphate", "v": 0.18516666681479999}, {"l": "Nitrogen", "v": 2.1861082239711087}]}, {"source": 79, "prod": 0.064191896204342444, "target": 46, "value": 0.00078781570884120782, "supply": [{"l": "Potash", "v": 0.097427777855719988}, {"l": "Phosphate", "v": 0.18516666681479999}, {"l": "Nitrogen", "v": 2.1861082239711087}]}, {"source": 79, "prod": 0.039843245919936696, "target": 61, "value": 0.00048898906066006009, "supply": [{"l": "Potash", "v": 0.097427777855719988}, {"l": "Phosphate", "v": 0.18516666681479999}, {"l": "Nitrogen", "v": 2.1861082239711087}]}, {"source": 79, "prod": 0.026562163946624459, "target": 13, "value": 0.00032599270710670668, "supply": [{"l": "Potash", "v": 0.097427777855719988}, {"l": "Phosphate", "v": 0.18516666681479999}, {"l": "Nitrogen", "v": 2.1861082239711087}]}, {"source": 79, "prod": 115.72249426079391, "target": 2, "value": 1.420241560628219, "supply": [{"l": "Potash", "v": 0.097427777855719988}, {"l": "Phosphate", "v": 0.18516666681479999}, {"l": "Nitrogen", "v": 2.1861082239711087}]}, {"source": 79, "prod": 1.1222514267448835, "target": 45, "value": 0.013773191875258359, "supply": [{"l": "Potash", "v": 0.097427777855719988}, {"l": "Phosphate", "v": 0.18516666681479999}, {"l": "Nitrogen", "v": 2.1861082239711087}]}, {"source": 79, "prod": 5.8038328223374451, "target": 5, "value": 0.071229406502815423, "supply": [{"l": "Potash", "v": 0.097427777855719988}, {"l": "Phosphate", "v": 0.18516666681479999}, {"l": "Nitrogen", "v": 2.1861082239711087}]}, {"source": 79, "prod": 0.019921622959968348, "target": 52, "value": 0.00024449453033003005, "supply": [{"l": "Potash", "v": 0.097427777855719988}, {"l": "Phosphate", "v": 0.18516666681479999}, {"l": "Nitrogen", "v": 2.1861082239711087}]}, {"source": 79, "prod": 8.3958573207955496, "target": 54, "value": 0.10304086150464489, "supply": [{"l": "Potash", "v": 0.097427777855719988}, {"l": "Phosphate", "v": 0.18516666681479999}, {"l": "Nitrogen", "v": 2.1861082239711087}]}, {"source": 79, "prod": 3.2383704878259656, "target": 9, "value": 0.039743944208092657, "supply": [{"l": "Potash", "v": 0.097427777855719988}, {"l": "Phosphate", "v": 0.18516666681479999}, {"l": "Nitrogen", "v": 2.1861082239711087}]}, {"source": 79, "prod": 0.14830541536865327, "target": 59, "value": 0.001820125948012446, "supply": [{"l": "Potash", "v": 0.097427777855719988}, {"l": "Phosphate", "v": 0.18516666681479999}, {"l": "Nitrogen", "v": 2.1861082239711087}]}, {"source": 79, "prod": 0.13723784705755973, "target": 60, "value": 0.0016842956533846514, "supply": [{"l": "Potash", "v": 0.097427777855719988}, {"l": "Phosphate", "v": 0.18516666681479999}, {"l": "Nitrogen", "v": 2.1861082239711087}]}, {"source": 79, "prod": 1.9478920227524605, "target": 14, "value": 0.023906131854491825, "supply": [{"l": "Potash", "v": 0.097427777855719988}, {"l": "Phosphate", "v": 0.18516666681479999}, {"l": "Nitrogen", "v": 2.1861082239711087}]}, {"source": 77, "prod": 0, "target": 79, "value": 3.0018382758922133, "supply": [{"l": "Natural gas (including LNG)", "v": 2.0169130562610706}, {"l": "Fuel oil", "v": 0.59848427519204639}, {"l": "Liquefied petroleum gas (LPG)", "v": 0.19322047221954813}, {"l": "Coal", "v": 0.19322047221954813}]}, {"source": 80, "prod": 0, "target": 0, "value": 0.14867306194628899, "supply": "[{\"l\":'Labor',\"v\":0.14867306194628899}]"}, {"source": 80, "prod": 0, "target": 16, "value": 0.1780455977930335, "supply": "[{\"l\":'Labor',\"v\":0.1780455977930335}]"}, {"source": 80, "prod": 0, "target": 17, "value": 0.00066503854747345975, "supply": "[{\"l\":'Labor',\"v\":0.00066503854747345975}]"}, {"source": 80, "prod": 0, "target": 8, "value": 0.0017734361265958926, "supply": "[{\"l\":'Labor',\"v\":0.0017734361265958926}]"}, {"source": 80, "prod": 0, "target": 21, "value": 3.6946585970747769e-05, "supply": "[{\"l\":'Labor',\"v\":3.6946585970747769e-05}]"}, {"source": 80, "prod": 0, "target": 23, "value": 0.0021798485722741181, "supply": "[{\"l\":'Labor',\"v\":0.0021798485722741181}]"}, {"source": 80, "prod": 0, "target": 24, "value": 0.00044335903164897315, "supply": "[{\"l\":'Labor',\"v\":0.00044335903164897315}]"}, {"source": 80, "prod": 0, "target": 12, "value": 0.2749564927943049, "supply": "[{\"l\":'Labor',\"v\":0.2749564927943049}]"}, {"source": 80, "prod": 0, "target": 26, "value": 0.0079804625696815179, "supply": "[{\"l\":'Labor',\"v\":0.0079804625696815179}]"}, {"source": 80, "prod": 0, "target": 28, "value": 0.0035838188391625328, "supply": "[{\"l\":'Labor',\"v\":0.0035838188391625328}]"}, {"source": 80, "prod": 0, "target": 30, "value": 0.019101384946876594, "supply": "[{\"l\":'Labor',\"v\":0.019101384946876594}]"}, {"source": 80, "prod": 0, "target": 6, "value": 0.42381428767044765, "supply": "[{\"l\":'Labor',\"v\":0.42381428767044765}]"}, {"source": 80, "prod": 0, "target": 32, "value": 0.00066503854747345975, "supply": "[{\"l\":'Labor',\"v\":0.00066503854747345975}]"}, {"source": 80, "prod": 0, "target": 11, "value": 0.0087563408750672197, "supply": "[{\"l\":'Labor',\"v\":0.0087563408750672197}]"}, {"source": 80, "prod": 0, "target": 35, "value": 3.6946585970747769e-05, "supply": "[{\"l\":'Labor',\"v\":3.6946585970747769e-05}]"}, {"source": 80, "prod": 0, "target": 36, "value": 0.00018473292985373883, "supply": "[{\"l\":'Labor',\"v\":0.00018473292985373883}]"}, {"source": 80, "prod": 0, "target": 37, "value": 0.0008867180632979463, "supply": "[{\"l\":'Labor',\"v\":0.0008867180632979463}]"}, {"source": 80, "prod": 0, "target": 64, "value": 7.3893171941495539e-05, "supply": "[{\"l\":'Labor',\"v\":7.3893171941495539e-05}]"}, {"source": 80, "prod": 0, "target": 7, "value": 0.00011083975791224329, "supply": "[{\"l\":'Labor',\"v\":0.00011083975791224329}]"}, {"source": 80, "prod": 0, "target": 63, "value": 0.00011083975791224329, "supply": "[{\"l\":'Labor',\"v\":0.00011083975791224329}]"}, {"source": 80, "prod": 0, "target": 42, "value": 0.0014778634388299106, "supply": "[{\"l\":'Labor',\"v\":0.0014778634388299106}]"}, {"source": 80, "prod": 0, "target": 58, "value": 0.0021429019863033701, "supply": "[{\"l\":'Labor',\"v\":0.0021429019863033701}]"}, {"source": 80, "prod": 0, "target": 75, "value": 0.00035187224734045512, "supply": "[{\"l\":'Labor',\"v\":0.00035187224734045512}]"}, {"source": 80, "prod": 0, "target": 45, "value": 0.018731919087169115, "supply": "[{\"l\":'Labor',\"v\":0.018731919087169115}]"}, {"source": 80, "prod": 0, "target": 46, "value": 0.0010714509931516851, "supply": "[{\"l\":'Labor',\"v\":0.0010714509931516851}]"}, {"source": 80, "prod": 0, "target": 47, "value": 0.00018473292985373883, "supply": "[{\"l\":'Labor',\"v\":0.00018473292985373883}]"}, {"source": 80, "prod": 0, "target": 13, "value": 0.00044335903164897315, "supply": "[{\"l\":'Labor',\"v\":0.00044335903164897315}]"}, {"source": 80, "prod": 0, "target": 41, "value": 0.00011083975791224329, "supply": "[{\"l\":'Labor',\"v\":0.00011083975791224329}]"}, {"source": 80, "prod": 0, "target": 2, "value": 1.9315675145506932, "supply": "[{\"l\":'Labor',\"v\":1.9315675145506932}]"}, {"source": 80, "prod": 0, "target": 5, "value": 0.096873948415300642, "supply": "[{\"l\":'Labor',\"v\":0.096873948415300642}]"}, {"source": 80, "prod": 0, "target": 52, "value": 0.00033251927373672988, "supply": "[{\"l\":'Labor',\"v\":0.00033251927373672988}]"}, {"source": 80, "prod": 0, "target": 54, "value": 0.14013840058704627, "supply": "[{\"l\":'Labor',\"v\":0.14013840058704627}]"}, {"source": 80, "prod": 0, "target": 9, "value": 0.054052855275203975, "supply": "[{\"l\":'Labor',\"v\":0.054052855275203975}]"}, {"source": 80, "prod": 0, "target": 59, "value": 0.0024754212600401003, "supply": "[{\"l\":'Labor',\"v\":0.0024754212600401003}]"}, {"source": 80, "prod": 0, "target": 61, "value": 0.00066503854747345975, "supply": "[{\"l\":'Labor',\"v\":0.00066503854747345975}]"}, {"source": 80, "prod": 0, "target": 60, "value": 0.0022906883301863613, "supply": "[{\"l\":'Labor',\"v\":0.0022906883301863613}]"}, {"source": 80, "prod": 0, "target": 14, "value": 0.032512995654258033, "supply": "[{\"l\":'Labor',\"v\":0.032512995654258033}]"}, {"source": 77, "prod": 0, "target": 71, "value": 1.9287931642478511, "supply": "[{\"l\":'Fossil Fuels',\"v\":1.9287931642478511}]"}, {"source": 78, "prod": 0, "target": 71, "value": 1.7883361522608621, "supply": "[{\"l\":'Renewables & Nuclear',\"v\":0.01164671391822107},{\"l\":'Biomass & Waste',\"v\":1.776689438342641}]"}]}