{"nodes": [{"layer": 5, "name": "Oilcrops", "fill": "#ff9896"}, {"layer": 10, "name": "Feed", "fill": "#dbdb8d"}, {"layer": 5, "name": "Sugar Crops", "fill": "#ffbb78"}, {"layer": 5, "name": "Starchy Roots"}, {"layer": 13, "name": "Fish, Seafood"}, {"layer": 5, "name": "Fruits - Excluding Wine"}, {"layer": 5, "name": "Cereals - Excluding Beer"}, {"layer": 13, "name": "Milk - Excluding Butter"}, {"layer": 16, "name": "Food", "fill": "#b5cf6b"}, {"layer": 13, "name": "Meat"}, {"layer": 5, "name": "Treenuts"}, {"layer": 5, "name": "Vegetables"}, {"layer": 5, "name": "Others"}, {"layer": 13, "name": "Alcoholic Beverages"}, {"layer": 13, "name": "Animal Fats"}, {"layer": 5, "name": "Pulses"}, {"layer": 13, "name": "Sugar & Sweeteners"}, {"layer": 13, "name": "Vegetable Oils", "fill": "#f7b6d2"}, {"layer": 5, "name": "Spices"}, {"layer": 5, "name": "Stimulants"}, {"layer": 13, "name": "Eggs"}, {"layer": 10, "name": "Processing", "fill": "#9edae5"}, {"layer": 16, "name": "Biofuels & Other", "fill": "#e7ba52"}, {"layer": 13, "name": "Aquatic Products, Other"}, {"name": "Waste", "fill": "#c7c7c7"}, {"layer": 2, "name": "Import", "fill": "#aec7e8"}, {"layer": 16, "name": "Export", "fill": "#aec7e8"}, {"layer": 0, "name": "Stock Draw", "fill": "#c7c7c7"}, {"layer": 16, "name": "Stock Deposit", "fill": "#c7c7c7"}, {"name": "Crop Residue", "fill": "#bd9e39"}, {"layer": 2, "name": "Electricity", "fill": "#bcbd22"}, {"layer": 0, "name": "Fossil Fuels", "fill": "#c49c94"}, {"layer": 0, "name": "Renewables & Nuclear", "fill": "#2ca02c"}, {"layer": 2, "name": "Fertilizers", "fill": "#c5b0d5"}, {"layer": 0, "name": "Labor", "fill": "#7f7f7f"}], "links": [{"source": 0, "prod": 32.0, "target": 1, "value": 0.041342770935443474, "supply": [{"l": "Coconuts - Incl Copra", "v": 0.041342770935443474}]}, {"source": 2, "prod": 1531.0, "target": 1, "value": 0.6092925472725047, "supply": [{"l": "Sugar cane", "v": 0.6092925472725047}]}, {"source": 3, "prod": 109.0, "target": 1, "value": 0.12433991967723562, "supply": [{"l": "Cassava", "v": 0.05636729938925103}, {"l": "Roots, Other", "v": 0.0073295251658417274}, {"l": "Yams", "v": 0.0012128619024428574}, {"l": "Sweet potatoes", "v": 0.0594302332197}]}, {"source": 4, "prod": 182.0, "target": 1, "value": 0.13577549628876445, "supply": [{"l": "Pelagic Fish", "v": 0.084947007350863135}, {"l": "Fish, Seafood", "v": 0.050828488937901331}]}, {"source": 5, "prod": 334.0, "target": 1, "value": 0.2449171702999671, "supply": [{"l": "Bananas", "v": 0.2449171702999671}]}, {"source": 6, "prod": 2022.0, "target": 1, "value": 5.4121675918109, "supply": [{"l": "Maize", "v": 4.682377472649903}, {"l": "Cereals, Other", "v": 0.017505223334226806}, {"l": "Rice", "v": 0.57272337715149579}, {"l": "Sorghum", "v": 0.1312106662322251}, {"l": "Oats", "v": 0.0083508524430491796}]}, {"source": 7, "prod": 778.0, "target": 8, "value": 0.39997163879694292, "supply": [{"l": "Milk - Excluding Butter", "v": 0.39997163879694292}]}, {"source": 9, "prod": 651.0, "target": 8, "value": 1.8652211494543096, "supply": [{"l": "Mutton & Goat Meat", "v": 0.018678073297619998}, {"l": "Pigmeat", "v": 1.3346620172220764}, {"l": "Meat, Other", "v": 0.017959685863096153}, {"l": "Bovine Meat", "v": 0.24679103058402485}, {"l": "Poultry Meat", "v": 0.20926938310042476}, {"l": "Offals, Edible", "v": 0.037860959387067565}]}, {"source": 10, "prod": 9.0, "target": 8, "value": 0.038205149926950004, "supply": [{"l": "Treenuts", "v": 0.038205149926950004}]}, {"source": 11, "prod": 3158.0, "target": 8, "value": 0.98994337946927502, "supply": [{"l": "Tomatoes", "v": 0.038076513058509093}, {"l": "Vegetables, Other", "v": 0.91407586445050371}, {"l": "Onions", "v": 0.037791001960262194}]}, {"source": 12, "prod": 10.0, "target": 8, "value": 0.039367372146950005, "supply": [{"l": "Infant food", "v": 0.0011622222200000001}, {"l": "Nuts", "v": 0.038205149926950004}]}, {"source": 2, "prod": 144.0, "target": 8, "value": 0.057307724890425009, "supply": [{"l": "Sugar cane", "v": 0.057307724890425009}]}, {"source": 13, "prod": 848.0, "target": 8, "value": 0.86041565468968773, "supply": [{"l": "Beer", "v": 0.34310689482783485}, {"l": "Beverages, Alcoholic", "v": 0.51474004392597306}, {"l": "Wine", "v": 0.0019622849846582975}, {"l": "Beverages, Fermented", "v": 0.0006064309512214287}]}, {"source": 14, "prod": 34.0, "target": 8, "value": 0.30404478289443593, "supply": [{"l": "Butter, Ghee", "v": 0.058777153733769245}, {"l": "Fats, Animals, Raw", "v": 0.24526762916066666}]}, {"source": 3, "prod": 3052.0, "target": 8, "value": 3.524160847751812, "supply": [{"l": "Roots, Other", "v": 0.114523830716277}, {"l": "Yams", "v": 0.019405790439085718}, {"l": "Potatoes", "v": 0.018728014670073533}, {"l": "Sweet potatoes", "v": 1.0663155306534635}, {"l": "Cassava", "v": 2.305187681272912}]}, {"source": 15, "prod": 34.0, "target": 8, "value": 0.13861139768524072, "supply": [{"l": "Peas", "v": 0.0039034635940689653}, {"l": "Beans", "v": 0.09475483612834823}, {"l": "Pulses, Other", "v": 0.039953097962823536}]}, {"source": 4, "prod": 3012.0, "target": 8, "value": 1.9922766616122665, "supply": [{"l": "Crustaceans", "v": 0.018866740704666665}, {"l": "Marine Fish, Other", "v": 0.0087226369696232885}, {"l": "Freshwater Fish", "v": 0.15194876254565282}, {"l": "Pelagic Fish", "v": 0.7617226153659814}, {"l": "Fish, Seafood", "v": 0.84174211900458573}, {"l": "Cephalopods", "v": 0.018990863998776319}, {"l": "Molluscs, Other", "v": 0.038237554634267173}, {"l": "Demersal Fish", "v": 0.15204536838871283}]}, {"source": 16, "prod": 1154.0, "target": 8, "value": 4.8042253517041686, "supply": [{"l": "Sugar", "v": 4.4953637948234624}, {"l": "Sugar non-centrifugal", "v": 0.26641139029520688}, {"l": "Sweeteners, Other", "v": 0.0424501665855}]}, {"source": 6, "prod": 5537.0, "target": 8, "value": 20.861497091951691, "supply": [{"l": "Maize", "v": 2.2660771890475333}, {"l": "Barley", "v": 0.018192928536642859}, {"l": "Cereals, Other", "v": 0.0035010446668453615}, {"l": "Rice", "v": 16.418070145009548}, {"l": "Wheat", "v": 2.1535680715803598}, {"l": "Oats", "v": 0.0020877131107622949}]}, {"source": 17, "prod": 275.0, "target": 8, "value": 2.8229884571589956, "supply": [{"l": "Maize Germ Oil", "v": 0.037733481409333337}, {"l": "Soyabean Oil", "v": 0.037733481409333337}, {"l": "Palm Oil", "v": 0.11755430746753849}, {"l": "Coconut Oil", "v": 2.6299671868727903}]}, {"source": 18, "prod": 33.0, "target": 8, "value": 0.13432860933219865, "supply": [{"l": "Spices, Other", "v": 0.13432860933219865}]}, {"source": 19, "prod": 105.0, "target": 8, "value": 0.072290136626483828, "supply": [{"l": "Cocoa Beans", "v": 0.014982411736058824}, {"l": "Coffee", "v": 0.057307724890425009}]}, {"source": 20, "prod": 264.0, "target": 8, "value": 0.45664559505216984, "supply": [{"l": "Eggs", "v": 0.45664559505216984}]}, {"source": 5, "prod": 4514.0, "target": 8, "value": 2.5901751496589887, "supply": [{"l": "Grapefruit", "v": 0.033704444380000004}, {"l": "Grapes", "v": 0.00076902475698369566}, {"l": "Apples", "v": 0.0030872848425818182}, {"l": "Lemons, Limes", "v": 0.00041940799637251803}, {"l": "Pineapples", "v": 0.038113152661904029}, {"l": "Bananas", "v": 1.3903082481698732}, {"l": "Fruits, Other", "v": 1.1046146621091451}, {"l": "Oranges, Mandarines", "v": 0.019158924742128321}]}, {"source": 0, "prod": 127.0, "target": 8, "value": 0.2684460916749653, "supply": [{"l": "Coconuts - Incl Copra", "v": 0.13307204394845867}, {"l": "Groundnuts", "v": 0.13143224654356733}, {"l": "Soyabeans", "v": 0.0039418011829392861}]}, {"source": 5, "prod": 4.0, "target": 21, "value": 0.00176511759619086, "supply": [{"l": "Fruits, Other", "v": 0.001389452405168736}, {"l": "Oranges, Mandarines", "v": 0.00037566519102212397}]}, {"source": 6, "prod": 127.0, "target": 21, "value": 0.76825316793864851, "supply": [{"l": "Barley", "v": 0.76410299853899999}, {"l": "Rice", "v": 0.0041501693996485204}]}, {"source": 2, "prod": 26537.0, "target": 21, "value": 10.560938162619502, "supply": [{"l": "Sugar cane", "v": 10.560938162619502}]}, {"source": 0, "prod": 8327.6153846153848, "target": 21, "value": 10.99818711101428, "supply": [{"l": "Coconuts - Incl Copra", "v": 10.65351528542709}, {"l": "Cottonseed", "v": 0.0035032035468134199}, {"l": "Soyabeans", "v": 0.051243415378210713}, {"l": "Palm kernels", "v": 0.0035032035468134199}, {"l": "Oilcrops, Other", "v": 0.012128619024428572}, {"l": "Oil Palm", "v": 0.27429338409092313}]}, {"source": 14, "prod": 4.0, "target": 21, "value": 0.035038232737238093, "supply": [{"l": "Fats, Animals, Raw", "v": 0.035038232737238093}]}, {"source": 3, "prod": 121.0, "target": 22, "value": 0.14209256721040364, "supply": [{"l": "Cassava", "v": 0.14209256721040364}]}, {"source": 0, "prod": 106.0, "target": 22, "value": 0.13694792872365652, "supply": [{"l": "Coconuts - Incl Copra", "v": 0.13694792872365652}]}, {"source": 14, "prod": 16.0, "target": 22, "value": 0.14015293094895237, "supply": [{"l": "Fats, Animals, Raw", "v": 0.14015293094895237}]}, {"source": 7, "prod": 8.0, "target": 22, "value": 0.0041128189079377162, "supply": [{"l": "Milk - Excluding Butter", "v": 0.0041128189079377162}]}, {"source": 23, "prod": 180.0, "target": 22, "value": 0.10053986822881582, "supply": [{"l": "Aquatic Products, Other", "v": 0.050269934114407909}, {"l": "Aquatic Plants", "v": 0.050269934114407909}]}, {"source": 13, "prod": 42.0, "target": 22, "value": 0.082415969355648502, "supply": [{"l": "Alcohol, Non-Food", "v": 0.082415969355648502}]}, {"source": 6, "prod": 347.0, "target": 22, "value": 0.88351548831403814, "supply": [{"l": "Maize", "v": 0.88351548831403814}]}, {"source": 17, "prod": 10.0, "target": 22, "value": 0.10238262712818338, "supply": [{"l": "Coconut Oil", "v": 0.041254387245063383}, {"l": "Oilcrops Oil, Other", "v": 0.061128239883120009}]}, {"source": 0, "prod": 108.0, "target": 0, "value": 0.14837681972744499, "supply": [{"l": "Coconuts - Incl Copra", "v": 0.13694792872365652}, {"l": "Groundnuts", "v": 0.011428891003788461}]}, {"source": 20, "prod": 16.0, "target": 20, "value": 0.027675490609222413, "supply": [{"l": "Eggs", "v": 0.027675490609222413}]}, {"source": 2, "prod": 1128.0, "target": 2, "value": 0.44891051164166251, "supply": [{"l": "Sugar cane", "v": 0.44891051164166251}]}, {"source": 3, "prod": 30.0, "target": 3, "value": 0.031485135344752328, "supply": [{"l": "Roots, Other", "v": 0.015575240977413671}, {"l": "Potatoes", "v": 0.004994137245352942}, {"l": "Yams", "v": 0.010915757121985717}]}, {"source": 15, "prod": 2.0, "target": 15, "value": 0.0075803868902678583, "supply": [{"l": "Beans", "v": 0.0075803868902678583}]}, {"source": 6, "prod": 242.0, "target": 6, "value": 0.9016840184172592, "supply": [{"l": "Maize", "v": 0.16295386527982259}, {"l": "Rice", "v": 0.73873015313743662}]}, {"source": 0, "prod": 6.0, "target": 24, "value": 0.012174253460557272, "supply": [{"l": "Coconuts - Incl Copra", "v": 0.0064598079586630427}, {"l": "Groundnuts", "v": 0.0057144455018942305}]}, {"source": 11, "prod": 159.0, "target": 24, "value": 0.049933361112032094, "supply": [{"l": "Vegetables, Other", "v": 0.046061705120420349}, {"l": "Onions", "v": 0.0020707398334390242}, {"l": "Tomatoes", "v": 0.0018009161581727276}]}, {"source": 2, "prod": 1222.0, "target": 24, "value": 0.48631972094513443, "supply": [{"l": "Sugar cane", "v": 0.48631972094513443}]}, {"source": 3, "prod": 62.0, "target": 24, "value": 0.069221154599322821, "supply": [{"l": "Potatoes", "v": 0.0012485343113382355}, {"l": "Roots, Other", "v": 0.0073295251658417274}, {"l": "Yams", "v": 0.0012128619024428574}, {"l": "Sweet potatoes", "v": 0.0594302332197}]}, {"source": 15, "prod": 1.0, "target": 24, "value": 0.0037901934451339291, "supply": [{"l": "Beans", "v": 0.0037901934451339291}]}, {"source": 5, "prod": 447.0, "target": 24, "value": 0.29218351871007081, "supply": [{"l": "Bananas", "v": 0.2449171702999671}, {"l": "Fruits, Other", "v": 0.039830968948170425}, {"l": "Oranges, Mandarines", "v": 0.0011269955730663717}, {"l": "Pineapples", "v": 0.0063083838888668732}]}, {"source": 6, "prod": 192.0, "target": 24, "value": 0.74710805183832585, "supply": [{"l": "Maize", "v": 0.078930778494914075}, {"l": "Rice", "v": 0.66817727334341181}]}, {"source": 19, "prod": 6.0, "target": 24, "value": 0.0034731954479045452, "supply": [{"l": "Coffee", "v": 0.0034731954479045452}]}, {"source": 20, "prod": 6.0, "target": 24, "value": 0.010378308978458406, "supply": [{"l": "Eggs", "v": 0.010378308978458406}]}, {"source": 25, "prod": 1.0, "target": 12, "value": 0.0011622222200000001, "supply": [{"l": "Infant food", "v": 0.0011622222200000001}]}, {"source": 25, "prod": 1062.0, "target": 1, "value": 0.63220865339518395, "supply": [{"l": "Milk - Excluding Butter", "v": 0.38968959152709864}, {"l": "Fish, Seafood", "v": 0.079873339759559223}, {"l": "Pelagic Fish", "v": 0.1306877036167125}, {"l": "Bovine Meat", "v": 0.029135052221725157}, {"l": "Cephalopods", "v": 0.0016756644704802636}, {"l": "Offals, Edible", "v": 0.0011473017996081081}]}, {"source": 25, "prod": 925.0, "target": 6, "value": 3.2056939307143542, "supply": [{"l": "Maize", "v": 0.26989233936970619}, {"l": "Barley", "v": 0.76410299853899999}, {"l": "Cereals, Other", "v": 0.0035010446668453615}, {"l": "Wheat", "v": 2.1598466956957538}, {"l": "Oats", "v": 0.0083508524430491796}]}, {"source": 25, "prod": 3.0, "target": 15, "value": 0.011483850484336824, "supply": [{"l": "Beans", "v": 0.0075803868902678583}, {"l": "Peas", "v": 0.0039034635940689653}]}, {"source": 25, "prod": 39.0, "target": 21, "value": 0.34264481462503066, "supply": [{"l": "Oilcrops Oil, Other", "v": 0.040752159922080006}, {"l": "Butter, Ghee", "v": 0.058777153733769245}, {"l": "Wine", "v": 0.0019622849846582975}, {"l": "Sweeteners, Other", "v": 0.0424501665855}, {"l": "Fats, Animals, Raw", "v": 0.14015293094895237}, {"l": "Soyabean Oil", "v": 0.018866740704666669}, {"l": "Palm Oil", "v": 0.029388576866884623}, {"l": "Beverages, Alcoholic", "v": 0.010294800878519462}]}, {"source": 25, "prod": 9.0, "target": 11, "value": 0.0023694176323546829, "supply": [{"l": "Tomatoes", "v": 0.0020581898950545454}, {"l": "Vegetables, Other", "v": 0.00031122773730013747}]}, {"source": 25, "prod": 4.0, "target": 19, "value": 0.009988274490705884, "supply": [{"l": "Cocoa Beans", "v": 0.009988274490705884}]}, {"source": 25, "prod": 10.0, "target": 5, "value": 0.0052457620047342505, "supply": [{"l": "Fruits, Other", "v": 0.001389452405168736}, {"l": "Grapes", "v": 0.00076902475698369566}, {"l": "Apples", "v": 0.0030872848425818182}]}, {"source": 25, "prod": 8.0, "target": 0, "value": 0.031534409463514289, "supply": [{"l": "Soyabeans", "v": 0.031534409463514289}]}, {"source": 9, "prod": 1.0, "target": 26, "value": 0.0041970503686228813, "supply": [{"l": "Pigmeat", "v": 0.0041970503686228813}]}, {"source": 19, "prod": 14.0, "target": 26, "value": 0.0081041227117772726, "supply": [{"l": "Coffee", "v": 0.0081041227117772726}]}, {"source": 11, "prod": 10.0, "target": 26, "value": 0.0045574779204187055, "supply": [{"l": "Vegetables, Other", "v": 0.00093368321190041251}, {"l": "Onions", "v": 0.0036237947085182927}]}, {"source": 13, "prod": 4.0, "target": 26, "value": 0.0019718787059070974, "supply": [{"l": "Beer", "v": 0.0019718787059070974}]}, {"source": 7, "prod": 2.0, "target": 26, "value": 0.001028204726984429, "supply": [{"l": "Milk - Excluding Butter", "v": 0.001028204726984429}]}, {"source": 23, "prod": 2.0, "target": 26, "value": 0.0011171096469868424, "supply": [{"l": "Aquatic Products, Other", "v": 0.00055855482349342119}, {"l": "Aquatic Animals, Others", "v": 0.00055855482349342119}]}, {"source": 4, "prod": 94.0, "target": 26, "value": 0.066231349252872843, "supply": [{"l": "Pelagic Fish", "v": 0.032671925904178126}, {"l": "Fish, Seafood", "v": 0.026252076704190795}, {"l": "Crustaceans", "v": 0.0033016796233166666}, {"l": "Cephalopods", "v": 0.00055855482349342119}, {"l": "Marine Fish, Other", "v": 0.002616791090886987}, {"l": "Freshwater Fish", "v": 0.000830321106806846}]}, {"source": 16, "prod": 1126.0, "target": 26, "value": 4.6652346847660997, "supply": [{"l": "Sugar", "v": 4.6652346847660997}]}, {"source": 5, "prod": 1165.0, "target": 26, "value": 0.67688594433981109, "supply": [{"l": "Fruits, Other", "v": 0.012968222448241536}, {"l": "Pineapples", "v": 0.094888607661705884}, {"l": "Bananas", "v": 0.56902911422986369}]}, {"source": 17, "prod": 1023.0, "target": 26, "value": 10.548096958482693, "supply": [{"l": "Coconut Oil", "v": 10.488927957057365}, {"l": "Oilcrops Oil, Other", "v": 0.010188039980520001}, {"l": "Palm Oil", "v": 0.048980961444807694}]}, {"source": 18, "prod": 3.0, "target": 26, "value": 0.012211691757472602, "supply": [{"l": "Spices, Other", "v": 0.012211691757472602}]}, {"source": 6, "prod": 51.0, "target": 26, "value": 0.20963692469817213, "supply": [{"l": "Rice", "v": 0.20335830058277751}, {"l": "Wheat", "v": 0.006278624115394634}]}, {"source": 0, "prod": 2006.0, "target": 26, "value": 2.6342762202896277, "supply": [{"l": "Cottonseed", "v": 0.0035032035468134199}, {"l": "Palm kernels", "v": 0.0035032035468134199}, {"l": "Coconuts - Incl Copra", "v": 2.5787553370982867}, {"l": "Oilcrops, Other", "v": 0.048514476097714289}]}, {"source": 27, "prod": 300.0, "target": 0, "value": 0.38758847751978259, "supply": [{"l": "Coconuts - Incl Copra", "v": 0.38758847751978259}]}, {"source": 6, "prod": 328.0, "target": 28, "value": 1.3612555630847145, "supply": [{"l": "Rice", "v": 1.3612555630847145}]}, {"source": 0, "prod": 1.0, "target": 28, "value": 0.0060643095122142861, "supply": [{"l": "Oilcrops, Other", "v": 0.0060643095122142861}]}, {"source": 16, "prod": 124.0, "target": 28, "value": 0.51375586226553849, "supply": [{"l": "Sugar", "v": 0.51375586226553849}]}, {"source": 27, "prod": 18.0, "target": 21, "value": 0.18564474260278524, "supply": [{"l": "Coconut Oil", "v": 0.18564474260278524}]}, {"source": 27, "prod": 65.0, "target": 5, "value": 0.017085206365681112, "supply": [{"l": "Pineapples", "v": 0.017085206365681112}]}, {"source": 27, "prod": 8.0, "target": 6, "value": 0.035698151870869665, "supply": [{"l": "Cereals, Other", "v": 0.017505223334226806}, {"l": "Barley", "v": 0.018192928536642859}]}, {"source": 1, "prod": 788.0, "target": 7, "value": 0.40511266243186511, "supply": [{"l": "Milk - Excluding Butter", "v": 0.40511266243186511}]}, {"source": 1, "prod": 270.0, "target": 20, "value": 0.46702390403062827, "supply": [{"l": "Eggs", "v": 0.49469939463985069}]}, {"source": 1, "prod": 652.0, "target": 9, "value": 1.8694181998229324, "supply": [{"l": "Pigmeat", "v": 1.3388590675906993}, {"l": "Bovine Meat", "v": 0.24679103058402485}, {"l": "Poultry Meat", "v": 0.20926938310042476}, {"l": "Offals, Edible", "v": 0.037860959387067565}, {"l": "Meat, Other", "v": 0.017959685863096153}, {"l": "Mutton & Goat Meat", "v": 0.018678073297619998}]}, {"source": 1, "prod": 3288.0, "target": 4, "value": 2.1942835071539037, "supply": [{"l": "Pelagic Fish", "v": 0.87934154862102265}, {"l": "Crustaceans", "v": 0.022168420327983333}, {"l": "Freshwater Fish", "v": 0.15277908365245965}, {"l": "Molluscs, Other", "v": 0.038237554634267173}, {"l": "Marine Fish, Other", "v": 0.011339428060510276}, {"l": "Fish, Seafood", "v": 0.91882268464667793}, {"l": "Demersal Fish", "v": 0.15204536838871283}, {"l": "Cephalopods", "v": 0.019549418822269741}]}, {"source": 1, "prod": 182.0, "target": 23, "value": 0.10165697787580266, "supply": [{"l": "Aquatic Plants", "v": 0.050269934114407909}, {"l": "Aquatic Products, Other", "v": 0.050828488937901331}, {"l": "Aquatic Animals, Others", "v": 0.00055855482349342119}]}, {"source": 21, "prod": 2404.0, "target": 16, "value": 9.9832158987358071, "supply": [{"l": "Sweeteners, Other", "v": 0.0424501665855}, {"l": "Sugar non-centrifugal", "v": 0.26641139029520688}, {"l": "Sugar", "v": 9.6743543418551017}]}, {"source": 21, "prod": 1308.0, "target": 17, "value": 13.473468042769873, "supply": [{"l": "Palm Oil", "v": 0.16653526891234618}, {"l": "Maize Germ Oil", "v": 0.037733481409333337}, {"l": "Coconut Oil", "v": 13.160149531175218}, {"l": "Oilcrops Oil, Other", "v": 0.071316279863640003}, {"l": "Soyabean Oil", "v": 0.037733481409333337}]}, {"source": 21, "prod": 54.0, "target": 14, "value": 0.4792359465806264, "supply": [{"l": "Fats, Animals, Raw", "v": 0.42045879284685711}, {"l": "Butter, Ghee", "v": 0.058777153733769245}]}, {"source": 21, "prod": 894.0, "target": 13, "value": 0.94480350275124336, "supply": [{"l": "Beer", "v": 0.34507877353374194}, {"l": "Beverages, Alcoholic", "v": 0.51474004392597306}, {"l": "Alcohol, Non-Food", "v": 0.082415969355648502}, {"l": "Beverages, Fermented", "v": 0.0006064309512214287}, {"l": "Wine", "v": 0.0019622849846582975}]}, {"source": 0, "prod": 10496.0, "target": 29, "value": 13.701976723933869, "supply": [{"l": "Coconuts - Incl Copra", "v": 36.414746597040008}, {"l": "Cottonseed", "v": 0.0069733333200000004}, {"l": "Groundnuts", "v": 0.090653333160000002}, {"l": "Oilcrops, Other", "v": 0.069410353512288331}, {"l": "Soyabeans", "v": 0.041193535888814588}, {"l": "Palm kernels", "v": 0.0069733333200000004}]}, {"source": 11, "prod": 3323.0, "target": 29, "value": 11.690062565369795, "supply": [{"l": "Vegetables, Other", "v": 10.763339979420001}, {"l": "Tomatoes", "v": 0.52822999899}, {"l": "Onions", "v": 0.29462333276999997}]}, {"source": 2, "prod": 12224.800000000001, "target": 29, "value": 42.623802585168001, "supply": [{"l": "Sugar cane", "v": 42.623802585168001}]}, {"source": 3, "prod": 1686.75, "target": 29, "value": 5.7759520501128252, "supply": [{"l": "Yams", "v": 0.047069999910000007}, {"l": "Roots, Other", "v": 0.27544666614000007}, {"l": "Potatoes", "v": 0.034866666599999999}, {"l": "Sweet potatoes", "v": 1.80783666321}, {"l": "Cassava", "v": 3.7159149928950002}]}, {"source": 15, "prod": 35.5, "target": 29, "value": 0.11450319911202521, "supply": [{"l": "Peas", "v": 0.013875999352650983}, {"l": "Beans", "v": 0.094139999820000014}, {"l": "Pulses, Other", "v": 0.027893333280000002}]}, {"source": 6, "prod": 16757.0, "target": 29, "value": 56.48190107214203, "supply": [{"l": "Maize", "v": 21.742853291759999}, {"l": "Barley", "v": 0.44977999914}, {"l": "Rice", "v": 33.545219935860004}, {"l": "Cereals, Other", "v": 0.02009521657169594}, {"l": "Wheat", "v": 2.3988266620800007}, {"l": "Oats", "v": 0.0099858402021234926}, {"l": "Sorghum", "v": 0.25103999952000006}]}, {"source": 30, "prod": 0, "target": 0, "value": 0.00097604378508329352, "supply": "[{\"l\":'Energy for power irrigation',\"v\":0.00097604378508329352}]"}, {"source": 30, "prod": 0, "target": 10, "value": 8.3180702504767609e-07, "supply": "[{\"l\":'Energy for power irrigation',\"v\":8.3180702504767609e-07}]"}, {"source": 30, "prod": 0, "target": 11, "value": 0.00030712163824815863, "supply": "[{\"l\":'Energy for power irrigation',\"v\":0.00030712163824815863}]"}, {"source": 30, "prod": 0, "target": 2, "value": 0.0028246318110563421, "supply": "[{\"l\":'Energy for power irrigation',\"v\":0.0028246318110563421}]"}, {"source": 30, "prod": 0, "target": 3, "value": 0.00031178899988870392, "supply": "[{\"l\":'Energy for power irrigation',\"v\":0.00031178899988870392}]"}, {"source": 30, "prod": 0, "target": 15, "value": 3.281016598799167e-06, "supply": "[{\"l\":'Energy for power irrigation',\"v\":3.281016598799167e-06}]"}, {"source": 30, "prod": 0, "target": 12, "value": 8.7801852643921366e-07, "supply": "[{\"l\":'Energy for power irrigation',\"v\":8.7801852643921366e-07}]"}, {"source": 30, "prod": 0, "target": 6, "value": 0.00077436612881799497, "supply": "[{\"l\":'Energy for power irrigation',\"v\":0.00077436612881799497}]"}, {"source": 30, "prod": 0, "target": 18, "value": 3.281016598799167e-06, "supply": "[{\"l\":'Energy for power irrigation',\"v\":3.281016598799167e-06}]"}, {"source": 30, "prod": 0, "target": 19, "value": 1.1414240843709779e-05, "supply": "[{\"l\":'Energy for power irrigation',\"v\":1.1414240843709779e-05}]"}, {"source": 30, "prod": 0, "target": 5, "value": 0.00059395642738543236, "supply": "[{\"l\":'Energy for power irrigation',\"v\":0.00059395642738543236}]"}, {"source": 30, "prod": 0, "target": 21, "value": 1.4970000011975999, "supply": "[{\"l\":'Electricity',\"v\":1.4970000011975999}]"}, {"source": 31, "prod": 0, "target": 30, "value": 3.2394676629601187, "supply": [{"l": "Coal", "v": 0.019834527399208397}, {"l": "Natural gas", "v": 0.0}, {"l": "Oil", "v": 3.2196331355609105}]}, {"source": 32, "prod": 0, "target": 30, "value": 0.27161153888883516, "supply": [{"l": "Nuclear", "v": 0.0}, {"l": "Hydroelectric", "v": 0.27132145892562176}, {"l": "Renewable", "v": 0.00029007996321342227}]}, {"source": 31, "prod": 0, "target": 0, "value": 0.90672586266382105, "supply": [{"l": "Motor Gasoline", "v": 0.11581431392875666}, {"l": "Gas-Diesel oil", "v": 0.094348890861825685}, {"l": "Fuel oil", "v": 0.0094302206601132067}, {"l": "Other fossil fuels", "v": 0.68713243721312556}]}, {"source": 31, "prod": 0, "target": 10, "value": 0.00077273269281850627, "supply": [{"l": "Motor Gasoline", "v": 9.8699629462622594e-05}, {"l": "Gas-Diesel oil", "v": 8.0406300848097481e-05}, {"l": "Fuel oil", "v": 8.0366515444412127e-06}, {"l": "Other fossil fuels", "v": 0.00058559011096334494}]}, {"source": 31, "prod": 0, "target": 11, "value": 0.28531008202621067, "supply": [{"l": "Motor Gasoline", "v": 0.036442096522699433}, {"l": "Gas-Diesel oil", "v": 0.029687793079803102}, {"l": "Fuel oil", "v": 0.0029673103424642392}, {"l": "Other fossil fuels", "v": 0.21621288208124392}]}, {"source": 31, "prod": 0, "target": 2, "value": 2.6240285064354656, "supply": [{"l": "Motor Gasoline", "v": 0.33516200840407467}, {"l": "Gas-Diesel oil", "v": 0.27304192961328394}, {"l": "Fuel oil", "v": 0.027290682722356931}, {"l": "Other fossil fuels", "v": 1.98853388569575}]}, {"source": 31, "prod": 0, "target": 3, "value": 0.28964597102480344, "supply": [{"l": "Motor Gasoline", "v": 0.036995911110239706}, {"l": "Gas-Diesel oil", "v": 0.030138961767895205}, {"l": "Fuel oil", "v": 0.0030124048872413817}, {"l": "Other fossil fuels", "v": 0.21949869325942714}]}, {"source": 31, "prod": 0, "target": 15, "value": 0.0030480011772285524, "supply": [{"l": "Motor Gasoline", "v": 0.00038931520510256692}, {"l": "Gas-Diesel oil", "v": 0.00031715818667860671}, {"l": "Fuel oil", "v": 3.1700125536407006e-05}, {"l": "Other fossil fuels", "v": 0.0023098276599109718}]}, {"source": 31, "prod": 0, "target": 12, "value": 0.00081566228686397874, "supply": [{"l": "Motor Gasoline", "v": 0.00010418294221054607}, {"l": "Gas-Diesel oil", "v": 8.4873317561880667e-05}, {"l": "Fuel oil", "v": 8.4831321857990582e-06}, {"l": "Other fossil fuels", "v": 0.00061812289490575294}]}, {"source": 31, "prod": 0, "target": 6, "value": 0.71937120741998395, "supply": [{"l": "Motor Gasoline", "v": 0.091883871716953724}, {"l": "Gas-Diesel oil", "v": 0.074853799072864977}, {"l": "Fuel oil", "v": 0.0074816761072334127}, {"l": "Other fossil fuels", "v": 0.54515186052293174}]}, {"source": 31, "prod": 0, "target": 18, "value": 0.0030480011772285524, "supply": [{"l": "Motor Gasoline", "v": 0.00038931520510256692}, {"l": "Gas-Diesel oil", "v": 0.00031715818667860671}, {"l": "Fuel oil", "v": 3.1700125536407006e-05}, {"l": "Other fossil fuels", "v": 0.0023098276599109718}]}, {"source": 31, "prod": 0, "target": 19, "value": 0.010603609729231724, "supply": [{"l": "Motor Gasoline", "v": 0.0013543782487370989}, {"l": "Gas-Diesel oil", "v": 0.0011033531283044487}, {"l": "Fuel oil", "v": 0.00011028071841538776}, {"l": "Other fossil fuels", "v": 0.0080355976337747881}]}, {"source": 31, "prod": 0, "target": 5, "value": 0.55177407226645891, "supply": [{"l": "Motor Gasoline", "v": 0.070477018749060455}, {"l": "Gas-Diesel oil", "v": 0.05741456582225539}, {"l": "Fuel oil", "v": 0.0057386156833723846}, {"l": "Other fossil fuels", "v": 0.41814387201177072}]}, {"source": 31, "prod": 0, "target": 1, "value": 1.7965100569927632, "supply": [{"l": "Gas-diesel oils used in fisheries", "v": 1.7524291680686097}, {"l": "Fuel oil used in fisheries", "v": 0.044080888924153599}]}, {"source": 33, "prod": 52.394081861222389, "target": 0, "value": 0.69293100443180966, "supply": [{"l": "Potash", "v": 0.14507508900494898}, {"l": "Phosphate", "v": 0.20944033350088559}, {"l": "Nitrogen", "v": 3.7685194474592598}]}, {"source": 33, "prod": 0.044651444975256541, "target": 10, "value": 0.00059053178368482129, "supply": [{"l": "Potash", "v": 0.14507508900494898}, {"l": "Phosphate", "v": 0.20944033350088559}, {"l": "Nitrogen", "v": 3.7685194474592598}]}, {"source": 33, "prod": 16.486305739197498, "target": 11, "value": 0.21803745746496236, "supply": [{"l": "Potash", "v": 0.14507508900494898}, {"l": "Phosphate", "v": 0.20944033350088559}, {"l": "Nitrogen", "v": 3.7685194474592598}]}, {"source": 33, "prod": 151.62638459264338, "target": 2, "value": 2.00531470810839, "supply": [{"l": "Potash", "v": 0.14507508900494898}, {"l": "Phosphate", "v": 0.20944033350088559}, {"l": "Nitrogen", "v": 3.7685194474592598}]}, {"source": 33, "prod": 16.736849958225328, "target": 3, "value": 0.2213509969178605, "supply": [{"l": "Potash", "v": 0.14507508900494898}, {"l": "Phosphate", "v": 0.20944033350088559}, {"l": "Nitrogen", "v": 3.7685194474592598}]}, {"source": 33, "prod": 0.17612514406906746, "target": 15, "value": 0.0023293198134234617, "supply": [{"l": "Potash", "v": 0.14507508900494898}, {"l": "Phosphate", "v": 0.20944033350088559}, {"l": "Nitrogen", "v": 3.7685194474592598}]}, {"source": 33, "prod": 0.047132080807215239, "target": 12, "value": 0.00062333910500064467, "supply": [{"l": "Potash", "v": 0.14507508900494898}, {"l": "Phosphate", "v": 0.20944033350088559}, {"l": "Nitrogen", "v": 3.7685194474592598}]}, {"source": 33, "prod": 41.568014636131885, "target": 6, "value": 0.54975228328925285, "supply": [{"l": "Potash", "v": 0.14507508900494898}, {"l": "Phosphate", "v": 0.20944033350088559}, {"l": "Nitrogen", "v": 3.7685194474592598}]}, {"source": 33, "prod": 0.17612514406906746, "target": 18, "value": 0.0023293198134234617, "supply": [{"l": "Potash", "v": 0.14507508900494898}, {"l": "Phosphate", "v": 0.20944033350088559}, {"l": "Nitrogen", "v": 3.7685194474592598}]}, {"source": 33, "prod": 0.6127170504937981, "target": 19, "value": 0.0081034083650083806, "supply": [{"l": "Potash", "v": 0.14507508900494898}, {"l": "Phosphate", "v": 0.20944033350088559}, {"l": "Nitrogen", "v": 3.7685194474592598}]}, {"source": 33, "prod": 31.88361234816513, "target": 5, "value": 0.42167250087227826, "supply": [{"l": "Potash", "v": 0.14507508900494898}, {"l": "Phosphate", "v": 0.20944033350088559}, {"l": "Nitrogen", "v": 3.7685194474592598}]}, {"source": 31, "prod": 0, "target": 33, "value": 4.9999583383542321, "supply": [{"l": "Natural gas (including LNG)", "v": 3.3584941769652583}, {"l": "Fuel oil", "v": 0.97529850753683189}, {"l": "Liquefied petroleum gas (LPG)", "v": 0.33308282692607077}, {"l": "Coal", "v": 0.33308282692607077}]}, {"source": 34, "prod": 0, "target": 0, "value": 0.84571198080445176, "supply": "[{\"l\":'Labor',\"v\":0.84571198080445176}]"}, {"source": 34, "prod": 0, "target": 10, "value": 0.00072073525547841665, "supply": "[{\"l\":'Labor',\"v\":0.00072073525547841665}]"}, {"source": 34, "prod": 0, "target": 11, "value": 0.26611147266164209, "supply": "[{\"l\":'Labor',\"v\":0.26611147266164209}]"}, {"source": 34, "prod": 0, "target": 12, "value": 0.00076077610300499538, "supply": "[{\"l\":'Labor',\"v\":0.00076077610300499538}]"}, {"source": 34, "prod": 0, "target": 2, "value": 2.4474567642145968, "supply": "[{\"l\":'Labor',\"v\":2.4474567642145968}]"}, {"source": 34, "prod": 0, "target": 3, "value": 0.2701555982618265, "supply": "[{\"l\":'Labor',\"v\":0.2701555982618265}]"}, {"source": 34, "prod": 0, "target": 15, "value": 0.0028429001743870883, "supply": "[{\"l\":'Labor',\"v\":0.0028429001743870883}]"}, {"source": 34, "prod": 0, "target": 6, "value": 0.67096448200287939, "supply": "[{\"l\":'Labor',\"v\":0.67096448200287939}]"}, {"source": 34, "prod": 0, "target": 5, "value": 0.51464501325911616, "supply": "[{\"l\":'Labor',\"v\":0.51464501325911616}]"}, {"source": 34, "prod": 0, "target": 18, "value": 0.0028429001743870883, "supply": "[{\"l\":'Labor',\"v\":0.0028429001743870883}]"}, {"source": 34, "prod": 0, "target": 19, "value": 0.0098900893390649405, "supply": "[{\"l\":'Labor',\"v\":0.0098900893390649405}]"}, {"source": 31, "prod": 0, "target": 25, "value": 2.4662191184338731, "supply": "[{\"l\":'Fossil Fuels',\"v\":2.4662191184338731}]"}, {"source": 32, "prod": 0, "target": 25, "value": 2.0638850777381186, "supply": "[{\"l\":'Renewables & Nuclear',\"v\":0.05454102160441239},{\"l\":'Biomass & Waste',\"v\":2.0093440561337061}]"}]}