{"nodes": [{"layer": 5, "name": "Fruits, Roots & Vegetables", "fill": "#98df8a"}, {"layer": 10, "name": "Feed", "fill": "#dbdb8d"}, {"layer": 13, "name": "Aquatic Products", "fill": "#1f77b4"}, {"layer": 5, "name": "Cereals", "fill": "#e7ba52"}, {"layer": 5, "name": "Oilcrops", "fill": "#ff9896"}, {"layer": 5, "name": "Sugar Crops", "fill": "#ffbb78"}, {"layer": 13, "name": "Other Processed", "fill": "#9c9ede"}, {"layer": 16, "name": "Food", "fill": "#b5cf6b"}, {"layer": 13, "name": "Animal Products", "fill": "#17becf"}, {"layer": 13, "name": "Sugar", "fill": "#d6616b"}, {"layer": 13, "name": "Vegetable Oils", "fill": "#f7b6d2"}, {"layer": 10, "name": "Processing", "fill": "#9edae5"}, {"layer": 16, "name": "Biofuels & Other", "fill": "#e7ba52"}, {"name": "Waste", "fill": "#c7c7c7"}, {"layer": 2, "name": "Import", "fill": "#aec7e8"}, {"layer": 16, "name": "Export", "fill": "#aec7e8"}, {"layer": 0, "name": "Stock Draw", "fill": "#c7c7c7"}, {"layer": 2, "name": "Electricity", "fill": "#bcbd22"}, {"layer": 0, "name": "Fossil Fuels", "fill": "#c49c94"}, {"layer": 0, "name": "Renewables & Nuclear", "fill": "#2ca02c"}, {"layer": 2, "name": "Fertilizers", "fill": "#c5b0d5"}, {"layer": 0, "name": "Labor", "fill": "#7f7f7f"}], "links": [{"source": 0, "prod": 183.0, "target": 1, "value": 0.15960620443543844, "supply": [{"l": "Cassava", "v": 0.03464377033637106}, {"l": "Bananas", "v": 0.08353213441760815}, {"l": "Roots, Other", "v": 0.0036913188335217389}, {"l": "Yams", "v": 0.0013693602124354839}, {"l": "Sweet potatoes", "v": 0.036369620635502004}]}, {"source": 2, "prod": 14.0, "target": 1, "value": 0.013168977227231539, "supply": [{"l": "Pelagic Fish", "v": 0.0062722119628986009}, {"l": "Demersal Fish", "v": 0.00062846814594952902}, {"l": "Fish, Seafood", "v": 0.0062682971183834098}]}, {"source": 3, "prod": 1460.0, "target": 1, "value": 3.8680109046277509, "supply": [{"l": "Maize", "v": 3.4578253557784939}, {"l": "Oats", "v": 0.0080857460162857137}, {"l": "Rice", "v": 0.38791200002710274}, {"l": "Sorghum", "v": 0.014187802805868574}]}, {"source": 4, "prod": 24.0, "target": 1, "value": 0.031747433367059492, "supply": [{"l": "Coconuts - Incl Copra", "v": 0.031747433367059492}]}, {"source": 5, "prod": 1402.0, "target": 1, "value": 0.52980831055968247, "supply": [{"l": "Sugar cane", "v": 0.52980831055968247}]}, {"source": 6, "prod": 497.0, "target": 7, "value": 0.87832321651039424, "supply": [{"l": "Beer", "v": 0.18227505740001973}, {"l": "Beverages, Alcoholic", "v": 0.33341426386991907}, {"l": "Butter, Ghee", "v": 0.030872848425818184}, {"l": "Fats, Animals, Raw", "v": 0.33111129936689998}, {"l": "Beverages, Fermented", "v": 0.00064974744773724485}]}, {"source": 8, "prod": 1376.0, "target": 7, "value": 2.4867100740307388, "supply": [{"l": "Eggs", "v": 0.24799834163107895}, {"l": "Mutton & Goat Meat", "v": 0.016171492032571431}, {"l": "Pigmeat", "v": 1.4924536260908652}, {"l": "Milk - Excluding Butter", "v": 0.28171739419215674}, {"l": "Meat, Other", "v": 0.016610934750847829}, {"l": "Bovine Meat", "v": 0.19946463817283136}, {"l": "Poultry Meat", "v": 0.18285168843139324}, {"l": "Offals, Edible", "v": 0.049441958728994109}]}, {"source": 3, "prod": 4731.0, "target": 7, "value": 17.368921886120543, "supply": [{"l": "Maize", "v": 1.6242074787851715}, {"l": "Barley", "v": 0.0061299879545848391}, {"l": "Cereals, Other", "v": 0.017365977239522729}, {"l": "Rice", "v": 14.063789143839756}, {"l": "Wheat", "v": 1.6574292983015073}]}, {"source": 4, "prod": 150.0, "target": 7, "value": 0.25313778368264739, "supply": [{"l": "Coconuts - Incl Copra", "v": 0.18254774186059208}, {"l": "Groundnuts", "v": 0.066707404634357148}, {"l": "Soyabeans", "v": 0.0038826371876981708}]}, {"source": 0, "prod": 6302.0, "target": 7, "value": 3.5181665351801561, "supply": [{"l": "Roots, Other", "v": 0.083054673754239125}, {"l": "Nuts", "v": 0.017479480358735297}, {"l": "Yams", "v": 0.01643232254922581}, {"l": "Grapefruit", "v": 0.0088262722603514848}, {"l": "Tomatoes", "v": 0.016595744138364201}, {"l": "Coffee", "v": 0.033131837335024394}, {"l": "Treenuts", "v": 0.017479480358735297}, {"l": "Vegetables, Other", "v": 0.7952642775924591}, {"l": "Cocoa Beans", "v": 0.015918812469562501}, {"l": "Potatoes", "v": 0.016980066634199997}, {"l": "Beans", "v": 0.066443739003391317}, {"l": "Apples", "v": 0.0027387204248709679}, {"l": "Pineapples", "v": 0.03329424830235294}, {"l": "Bananas", "v": 0.33124811924223918}, {"l": "Spices, Other", "v": 0.050168378691954549}, {"l": "Fruits, Other", "v": 0.89469627940561669}, {"l": "Sweet potatoes", "v": 0.66260902595305216}, {"l": "Oranges, Mandarines", "v": 0.0091902422504690721}, {"l": "Pulses, Other", "v": 0.015160773780535717}, {"l": "Onions", "v": 0.016883588982869319}, {"l": "Cassava", "v": 0.41457045169190698}]}, {"source": 5, "prod": 132.0, "target": 7, "value": 0.049882094860112768, "supply": [{"l": "Sugar cane", "v": 0.049882094860112768}]}, {"source": 9, "prod": 827.0, "target": 7, "value": 3.441792918255735, "supply": [{"l": "Sugar", "v": 3.1920860559880877}, {"l": "Sugar non-centrifugal", "v": 0.24970686226764705}]}, {"source": 2, "prod": 2737.0, "target": 7, "value": 2.4578346757000036, "supply": [{"l": "Crustaceans", "v": 0.033096740049711866}, {"l": "Freshwater Fish", "v": 0.14862415303390158}, {"l": "Pelagic Fish", "v": 0.84465787767034495}, {"l": "Fish, Seafood", "v": 1.2258998221524127}, {"l": "Cephalopods", "v": 0.016326987148269231}, {"l": "Molluscs, Other", "v": 0.0069733333200000004}, {"l": "Demersal Fish", "v": 0.18225576232536345}]}, {"source": 10, "prod": 178.0, "target": 7, "value": 1.8355991081304621, "supply": [{"l": "Maize Germ Oil", "v": 0.036385857073285718}, {"l": "Soyabean Oil", "v": 0.014150055528500001}, {"l": "Palm Oil", "v": 0.094333703523333354}, {"l": "Coconut Oil", "v": 1.6907294920053431}]}, {"source": 0, "prod": 1.0, "target": 11, "value": 0.00046696047985679367, "supply": [{"l": "Fruits, Other", "v": 0.00046696047985679367}]}, {"source": 6, "prod": 1.0, "target": 11, "value": 0.0084900333171, "supply": [{"l": "Fats, Animals, Raw", "v": 0.0084900333171}]}, {"source": 3, "prod": 65.0, "target": 11, "value": 0.20011790026127713, "supply": [{"l": "Barley", "v": 0.19615961454671485}, {"l": "Rice", "v": 0.0039582857145622737}]}, {"source": 4, "prod": 4175.5555555555557, "target": 11, "value": 5.649079357233374, "supply": [{"l": "Coconuts - Incl Copra", "v": 5.4658497780287432}, {"l": "Soyabeans", "v": 0.023295823126189025}, {"l": "Palm kernels", "v": 0.0036935596179208828}, {"l": "Oilcrops, Other", "v": 0.0053062708231875}, {"l": "Oil Palm", "v": 0.15093392563733338}]}, {"source": 5, "prod": 24086.0, "target": 11, "value": 9.1019707333384545, "supply": [{"l": "Sugar cane", "v": 9.1019707333384545}]}, {"source": 6, "prod": 39.0, "target": 12, "value": 0.17474172824213413, "supply": [{"l": "Alcohol, Non-Food", "v": 0.047391228485634117}, {"l": "Fats, Animals, Raw", "v": 0.12735049975650001}]}, {"source": 8, "prod": 5.0, "target": 12, "value": 0.0024799066390154643, "supply": [{"l": "Milk - Excluding Butter", "v": 0.0024799066390154643}]}, {"source": 3, "prod": 255.0, "target": 12, "value": 0.65121526272046959, "supply": [{"l": "Maize", "v": 0.65121526272046959}]}, {"source": 4, "prod": 90.0, "target": 12, "value": 0.11905287512647308, "supply": [{"l": "Coconuts - Incl Copra", "v": 0.11905287512647308}]}, {"source": 0, "prod": 94.0, "target": 12, "value": 0.10855048038729598, "supply": [{"l": "Cassava", "v": 0.10855048038729598}]}, {"source": 2, "prod": 20.0, "target": 12, "value": 0.015273392096596023, "supply": [{"l": "Aquatic Products, Other", "v": 0.0076366960482980115}, {"l": "Aquatic Plants", "v": 0.0076366960482980115}]}, {"source": 10, "prod": 41.0, "target": 12, "value": 0.42650552465034047, "supply": [{"l": "Coconut Oil", "v": 0.37113574214751438}, {"l": "Oilcrops Oil, Other", "v": 0.055369782502826093}]}, {"source": 0, "prod": 21.0, "target": 0, "value": 0.027231083953958578, "supply": [{"l": "Roots, Other", "v": 0.009228297083804347}, {"l": "Beans", "v": 0.0073826376670434787}, {"l": "Potatoes", "v": 0.0037733481409333329}, {"l": "Yams", "v": 0.0068468010621774199}]}, {"source": 5, "prod": 1227.0, "target": 5, "value": 0.46367674540423004, "supply": [{"l": "Sugar cane", "v": 0.46367674540423004}]}, {"source": 8, "prod": 9.0, "target": 8, "value": 0.015080980234322368, "supply": [{"l": "Eggs", "v": 0.015080980234322368}]}, {"source": 3, "prod": 229.0, "target": 3, "value": 0.82217740640113468, "supply": [{"l": "Maize", "v": 0.15322712064011051}, {"l": "Rice", "v": 0.66895028576102422}]}, {"source": 4, "prod": 80.0, "target": 4, "value": 0.11056627767878512, "supply": [{"l": "Coconuts - Incl Copra", "v": 0.10450196816657083}, {"l": "Groundnuts", "v": 0.0060643095122142861}]}, {"source": 0, "prod": 375.0, "target": 13, "value": 0.21081443563783436, "supply": [{"l": "Coffee", "v": 0.0020707398334390247}, {"l": "Vegetables, Other", "v": 0.040126564661995358}, {"l": "Bananas", "v": 0.08353213441760815}, {"l": "Potatoes", "v": 0.00094333703523333322}, {"l": "Roots, Other", "v": 0.0046141485419021735}, {"l": "Fruits, Other", "v": 0.031286352150405178}, {"l": "Yams", "v": 0.0013693602124354839}, {"l": "Sweet potatoes", "v": 0.036369620635502004}, {"l": "Oranges, Mandarines", "v": 0.00034037934260996565}, {"l": "Onions", "v": 0.00096477651330681825}, {"l": "Pineapples", "v": 0.008323562075588235}, {"l": "Tomatoes", "v": 0.00087346021780864216}]}, {"source": 5, "prod": 1119.0, "target": 13, "value": 0.42286412233686504, "supply": [{"l": "Sugar cane", "v": 0.42286412233686504}]}, {"source": 8, "prod": 3.0, "target": 13, "value": 0.0050269934114407899, "supply": [{"l": "Eggs", "v": 0.0050269934114407899}]}, {"source": 3, "prod": 138.0, "target": 13, "value": 0.51393992008670386, "supply": [{"l": "Maize", "v": 0.058737062912042365}, {"l": "Rice", "v": 0.45520285717466147}]}, {"source": 4, "prod": 5.0, "target": 13, "value": 0.011355548406724201, "supply": [{"l": "Coconuts - Incl Copra", "v": 0.0052912388945099151}, {"l": "Groundnuts", "v": 0.0060643095122142861}]}, {"source": 14, "prod": 27.0, "target": 11, "value": 0.23261595954561437, "supply": [{"l": "Oilcrops Oil, Other", "v": 0.033221869501695651}, {"l": "Butter, Ghee", "v": 0.030872848425818184}, {"l": "Fats, Animals, Raw", "v": 0.12735049975650001}, {"l": "Palm Oil", "v": 0.037733481409333337}, {"l": "Beverages, Alcoholic", "v": 0.0034372604522672069}]}, {"source": 14, "prod": 1044.0, "target": 3, "value": 3.500917922409259, "supply": [{"l": "Maize", "v": 0.20430282752014733}, {"l": "Oats", "v": 0.0080857460162857137}, {"l": "Cereals, Other", "v": 0.017365977239522729}, {"l": "Rice", "v": 1.4328994286715431}, {"l": "Wheat", "v": 1.6574292983015073}, {"l": "Barley", "v": 0.18083464466025273}]}, {"source": 14, "prod": 5.0, "target": 4, "value": 0.019413185938490854, "supply": [{"l": "Soyabeans", "v": 0.019413185938490854}]}, {"source": 14, "prod": 721.0, "target": 1, "value": 0.44231182633699734, "supply": [{"l": "Pigmeat", "v": 0.0041572524403645271}, {"l": "Milk - Excluding Butter", "v": 0.27130178630829177}, {"l": "Fish, Seafood", "v": 0.077010507454424754}, {"l": "Pelagic Fish", "v": 0.085720230159614219}, {"l": "Bovine Meat", "v": 0.001534343370560241}, {"l": "Cephalopods", "v": 0.0019592384577923078}, {"l": "Demersal Fish", "v": 0.00062846814594952902}]}, {"source": 14, "prod": 27.0, "target": 0, "value": 0.033335498232219415, "supply": [{"l": "Fruits, Other", "v": 0.00093392095971358733}, {"l": "Beans", "v": 0.0036913188335217393}, {"l": "Apples", "v": 0.0027387204248709679}, {"l": "Coffee", "v": 0.00069024661114634148}, {"l": "Cocoa Beans", "v": 0.0079594062347812505}, {"l": "Cassava", "v": 0.01732188516818553}]}, {"source": 6, "prod": 4.0, "target": 15, "value": 0.0020480343528092109, "supply": [{"l": "Beer", "v": 0.0020480343528092109}]}, {"source": 8, "prod": 2.0, "target": 15, "value": 0.00099196265560618575, "supply": [{"l": "Milk - Excluding Butter", "v": 0.00099196265560618575}]}, {"source": 3, "prod": 13.0, "target": 15, "value": 0.037412710583705239, "supply": [{"l": "Maize", "v": 0.025537853440018417}, {"l": "Rice", "v": 0.011874857143686822}]}, {"source": 4, "prod": 3481.0, "target": 15, "value": 4.6110548589411078, "supply": [{"l": "Oilcrops, Other", "v": 0.0053062708231875}, {"l": "Coconuts - Incl Copra", "v": 4.6020550284999988}, {"l": "Palm kernels", "v": 0.0036935596179208828}]}, {"source": 0, "prod": 706.0, "target": 15, "value": 0.46731200717298521, "supply": [{"l": "Potatoes", "v": 0.00094333703523333322}, {"l": "Fruits, Other", "v": 0.0074713676777086986}, {"l": "Coffee", "v": 0.00069024661114634148}, {"l": "Pineapples", "v": 0.12152400630358823}, {"l": "Bananas", "v": 0.33556874688452931}, {"l": "Vegetables, Other", "v": 0.00063191440412591103}, {"l": "Onions", "v": 0.00048238825665340913}]}, {"source": 9, "prod": 1476.0, "target": 15, "value": 6.2235273639173236, "supply": [{"l": "Sugar", "v": 6.1386270307463233}, {"l": "Sweeteners, Other", "v": 0.084900333171}]}, {"source": 2, "prod": 30.0, "target": 15, "value": 0.027415477877289499, "supply": [{"l": "Pelagic Fish", "v": 0.012544423925797202}, {"l": "Fish, Seafood", "v": 0.013432065253678738}, {"l": "Crustaceans", "v": 0.0014389886978135593}]}, {"source": 10, "prod": 434.0, "target": 15, "value": 4.4732602768046394, "supply": [{"l": "Coconut Oil", "v": 4.4433195795994074}, {"l": "Oilcrops Oil, Other", "v": 0.011073956500565219}, {"l": "Palm Oil", "v": 0.018866740704666669}]}, {"source": 16, "prod": 208.0, "target": 11, "value": 0.9463890079943823, "supply": [{"l": "Sweeteners, Other", "v": 0.084900333171}, {"l": "Sugar", "v": 0.86148867482338232}]}, {"source": 16, "prod": 100.0, "target": 4, "value": 0.13228097236274788, "supply": [{"l": "Coconuts - Incl Copra", "v": 0.13228097236274788}]}, {"source": 16, "prod": 142.0, "target": 3, "value": 0.55671682104422371, "supply": [{"l": "Rice", "v": 0.53832685718046924}, {"l": "Barley", "v": 0.018389963863754515}]}, {"source": 1, "prod": 2801.0, "target": 2, "value": 2.5136925229011209, "supply": [{"l": "Pelagic Fish", "v": 0.86347451355904081}, {"l": "Crustaceans", "v": 0.034535728747525425}, {"l": "Freshwater Fish", "v": 0.14862415303390158}, {"l": "Molluscs, Other", "v": 0.0069733333200000004}, {"l": "Demersal Fish", "v": 0.18288423047131297}, {"l": "Aquatic Products, Other", "v": 0.0076366960482980115}, {"l": "Fish, Seafood", "v": 1.2456001845244749}, {"l": "Aquatic Plants", "v": 0.0076366960482980115}, {"l": "Cephalopods", "v": 0.016326987148269231}]}, {"source": 1, "prod": 1386.0, "target": 8, "value": 2.4952089367368013, "supply": [{"l": "Poultry Meat", "v": 0.18285168843139324}, {"l": "Pigmeat", "v": 1.4924536260908652}, {"l": "Bovine Meat", "v": 0.19946463817283136}, {"l": "Eggs", "v": 0.26810631527684214}, {"l": "Milk - Excluding Butter", "v": 0.28518926348677842}, {"l": "Offals, Edible", "v": 0.049441958728994109}, {"l": "Meat, Other", "v": 0.016610934750847829}, {"l": "Mutton & Goat Meat", "v": 0.016171492032571431}]}, {"source": 11, "prod": 541.0, "target": 6, "value": 1.0636030124224376, "supply": [{"l": "Fats, Animals, Raw", "v": 0.46695183244049998}, {"l": "Alcohol, Non-Food", "v": 0.047391228485634117}, {"l": "Beverages, Fermented", "v": 0.00064974744773724485}, {"l": "Beer", "v": 0.18432309175282893}, {"l": "Beverages, Alcoholic", "v": 0.33341426386991907}, {"l": "Butter, Ghee", "v": 0.030872848425818184}]}, {"source": 11, "prod": 653.0, "target": 10, "value": 6.7353649095854422, "supply": [{"l": "Palm Oil", "v": 0.11320044422800002}, {"l": "Maize Germ Oil", "v": 0.036385857073285718}, {"l": "Coconut Oil", "v": 6.5051848137522654}, {"l": "Oilcrops Oil, Other", "v": 0.066443739003391317}, {"l": "Soyabean Oil", "v": 0.014150055528500001}]}, {"source": 11, "prod": 2303.0, "target": 9, "value": 9.6653202821730595, "supply": [{"l": "Sweeteners, Other", "v": 0.084900333171}, {"l": "Sugar non-centrifugal", "v": 0.24970686226764705}, {"l": "Sugar", "v": 9.330713086734411}]}, {"source": 17, "prod": 0, "target": 0, "value": 0.00039636716896197463, "supply": "[{\"l\":'Energy for power irrigation',\"v\":0.00039636716896197463}]"}, {"source": 17, "prod": 0, "target": 5, "value": 0.0014458496137228333, "supply": "[{\"l\":'Energy for power irrigation',\"v\":0.0014458496137228333}]"}, {"source": 17, "prod": 0, "target": 3, "value": 0.00032558824059714797, "supply": "[{\"l\":'Energy for power irrigation',\"v\":0.00032558824059714797}]"}, {"source": 17, "prod": 0, "target": 4, "value": 0.00041110488024514655, "supply": "[{\"l\":'Energy for power irrigation',\"v\":0.00041110488024514655}]"}, {"source": 17, "prod": 0, "target": 11, "value": 1.2760000010207999, "supply": "[{\"l\":'Electricity',\"v\":1.2760000010207999}]"}, {"source": 18, "prod": 0, "target": 17, "value": 2.8861576976716536, "supply": [{"l": "Coal", "v": 0.0029835347768013341}, {"l": "Natural gas", "v": 0.0}, {"l": "Oil", "v": 2.8831741628948522}]}, {"source": 19, "prod": 0, "target": 17, "value": 0.1818091504613307, "supply": [{"l": "Nuclear", "v": 0.0}, {"l": "Hydroelectric", "v": 0.1818091504613307}, {"l": "Renewable", "v": 0.0}]}, {"source": 18, "prod": 0, "target": 0, "value": 0.54274672148173808, "supply": [{"l": "Motor Gasoline", "v": 0.085108952308917837}, {"l": "Gas-Diesel oil", "v": 0.091790442670776615}, {"l": "Fuel oil", "v": 0.008624032288137148}, {"l": "Other fossil fuels", "v": 0.35722329421390647}]}, {"source": 18, "prod": 0, "target": 5, "value": 1.9798060966017803, "supply": [{"l": "Motor Gasoline", "v": 0.31045645415705236}, {"l": "Gas-Diesel oil", "v": 0.33482888208564582}, {"l": "Fuel oil", "v": 0.03145834147967122}, {"l": "Other fossil fuels", "v": 1.3030624188794107}]}, {"source": 18, "prod": 0, "target": 3, "value": 0.4458289282633856, "supply": [{"l": "Motor Gasoline", "v": 0.069911123350343718}, {"l": "Gas-Diesel oil", "v": 0.075399505996115015}, {"l": "Fuel oil", "v": 0.007084046609866783}, {"l": "Other fossil fuels", "v": 0.29343425230706005}]}, {"source": 18, "prod": 0, "target": 4, "value": 0.56292711256214412, "supply": [{"l": "Motor Gasoline", "v": 0.088273470626686015}, {"l": "Gas-Diesel oil", "v": 0.095203391947527222}, {"l": "Fuel oil", "v": 0.0089446907783248437}, {"l": "Other fossil fuels", "v": 0.37050555920960598}]}, {"source": 18, "prod": 0, "target": 1, "value": 1.3764000566566754, "supply": [{"l": "Gas-diesel oils used in fisheries", "v": 1.3323191677325219}, {"l": "Fuel oil used in fisheries", "v": 0.044080888924153599}]}, {"source": 20, "prod": 39.736620535072881, "target": 0, "value": 0.48326308841822224, "supply": [{"l": "Potash", "v": 0.14260606400297374}, {"l": "Phosphate", "v": 0.2147007501717606}, {"l": "Nitrogen", "v": 2.7869797522295832}]}, {"source": 20, "prod": 144.94938519188426, "target": 5, "value": 1.7628244830313435, "supply": [{"l": "Potash", "v": 0.14260606400297374}, {"l": "Phosphate", "v": 0.2147007501717606}, {"l": "Nitrogen", "v": 2.7869797522295832}]}, {"source": 20, "prod": 32.640887995776623, "target": 3, "value": 0.39696723398079364, "supply": [{"l": "Potash", "v": 0.14260606400297374}, {"l": "Phosphate", "v": 0.2147007501717606}, {"l": "Nitrogen", "v": 2.7869797522295832}]}, {"source": 20, "prod": 41.214106277266247, "target": 4, "value": 0.50123176097395816, "supply": [{"l": "Potash", "v": 0.14260606400297374}, {"l": "Phosphate", "v": 0.2147007501717606}, {"l": "Nitrogen", "v": 2.7869797522295832}]}, {"source": 18, "prod": 0, "target": 20, "value": 3.843691219810756, "supply": [{"l": "Natural gas (including LNG)", "v": 2.5736358889643443}, {"l": "Fuel oil", "v": 0.77739761345864145}, {"l": "Liquefied petroleum gas (LPG)", "v": 0.2463288586938851}, {"l": "Coal", "v": 0.2463288586938851}]}, {"source": 21, "prod": 0, "target": 3, "value": 0.47810317691500037, "supply": "[{\"l\":'Labor',\"v\":0.47810317691500037}]"}, {"source": 21, "prod": 0, "target": 4, "value": 0.60367828067125551, "supply": "[{\"l\":'Labor',\"v\":0.60367828067125551}]"}, {"source": 21, "prod": 0, "target": 0, "value": 0.58203699973304501, "supply": "[{\"l\":'Labor',\"v\":0.58203699973304501}]"}, {"source": 21, "prod": 0, "target": 5, "value": 2.1231273352943938, "supply": "[{\"l\":'Labor',\"v\":2.1231273352943938}]"}, {"source": 18, "prod": 0, "target": 14, "value": 2.8309199288343194, "supply": "[{\"l\":'Fossil Fuels',\"v\":2.8309199288343194}]"}, {"source": 19, "prod": 0, "target": 14, "value": 2.4750607122351695, "supply": "[{\"l\":'Renewables & Nuclear',\"v\":0.049874968754742788},{\"l\":'Biomass & Waste',\"v\":2.4251857434804269}]"}]}