{"nodes": [{"layer": 3, "name": "Maize"}, {"layer": 5, "name": "Production", "fill": "#b5cf6b"}, {"layer": 3, "name": "Vegetables, Other"}, {"layer": 3, "name": "Nuts"}, {"layer": 3, "name": "Yams"}, {"layer": 3, "name": "Grapefruit"}, {"layer": 3, "name": "Tomatoes"}, {"layer": 3, "name": "Coffee"}, {"layer": 3, "name": "Rice"}, {"layer": 3, "name": "Coconuts - Incl Copra"}, {"layer": 3, "name": "Treenuts"}, {"layer": 3, "name": "Roots, Other"}, {"layer": 3, "name": "Soyabeans"}, {"layer": 3, "name": "Groundnuts"}, {"layer": 3, "name": "Oilcrops, Other"}, {"layer": 3, "name": "Sugar cane"}, {"layer": 3, "name": "Cocoa Beans"}, {"layer": 3, "name": "Cottonseed"}, {"layer": 3, "name": "Potatoes"}, {"layer": 3, "name": "Pineapples"}, {"layer": 3, "name": "Beans"}, {"layer": 3, "name": "Pulses, Other"}, {"layer": 3, "name": "Sorghum"}, {"layer": 3, "name": "Bananas"}, {"layer": 3, "name": "Spices, Other"}, {"layer": 3, "name": "Fruits, Other"}, {"layer": 3, "name": "Sweet potatoes"}, {"layer": 3, "name": "Oranges, Mandarines"}, {"layer": 3, "name": "Palm kernels"}, {"layer": 3, "name": "Onions"}, {"layer": 3, "name": "Cassava"}, {"layer": 3, "name": "Oil Palm"}, {"layer": 1, "name": "Electricity", "fill": "#bcbd22"}, {"layer": 0, "name": "Fossil Fuels", "fill": "#c49c94"}, {"layer": 0, "name": "Renewables & Nuclear", "fill": "#2ca02c"}, {"layer": 1, "name": "Fertilizers", "fill": "#c5b0d5"}, {"layer": 0, "name": "Labor", "fill": "#7f7f7f"}], "links": [{"source": 0, "prod": 3126.0, "target": 1, "value": 7.9223415370909258, "supply": [{"l": "Maize", "v": 7.9223415370909258}]}, {"source": 2, "prod": 3473.0, "target": 1, "value": 1.0937232398214434, "supply": [{"l": "Vegetables, Other", "v": 1.0937232398214434}]}, {"source": 3, "prod": 7.0, "target": 1, "value": 0.024762597174875004, "supply": [{"l": "Nuts", "v": 0.024762597174875004}]}, {"source": 4, "prod": 18.0, "target": 1, "value": 0.022309576599678835, "supply": [{"l": "Yams", "v": 0.022309576599678835}]}, {"source": 5, "prod": 38.0, "target": 1, "value": 0.044164444359999999, "supply": [{"l": "Grapefruit", "v": 0.044164444359999999}]}, {"source": 6, "prod": 134.0, "target": 1, "value": 0.039502238350395839, "supply": [{"l": "Tomatoes", "v": 0.039502238350395839}]}, {"source": 7, "prod": 171.0, "target": 1, "value": 0.10558514161629817, "supply": [{"l": "Coffee", "v": 0.10558514161629817}]}, {"source": 8, "prod": 5692.0, "target": 1, "value": 23.622618795802637, "supply": [{"l": "Rice", "v": 23.622618795802637}]}, {"source": 9, "prod": 9107.0, "target": 1, "value": 11.644387563076764, "supply": [{"l": "Coconuts - Incl Copra", "v": 11.644387563076764}]}, {"source": 10, "prod": 7.0, "target": 1, "value": 0.024762597174875004, "supply": [{"l": "Treenuts", "v": 0.024762597174875004}]}, {"source": 11, "prod": 130.0, "target": 1, "value": 0.1326567705796875, "supply": [{"l": "Roots, Other", "v": 0.1326567705796875}]}, {"source": 12, "prod": 11.0, "target": 1, "value": 0.058368979055062498, "supply": [{"l": "Soyabeans", "v": 0.058368979055062498}]}, {"source": 13, "prod": 31.0, "target": 1, "value": 0.19141166024007272, "supply": [{"l": "Groundnuts", "v": 0.19141166024007272}]}, {"source": 14, "prod": 22.0, "target": 1, "value": 0.1334148092687143, "supply": [{"l": "Oilcrops, Other", "v": 0.1334148092687143}]}, {"source": 15, "prod": 35800.0, "target": 1, "value": 13.488603228647042, "supply": [{"l": "Sugar cane", "v": 13.488603228647042}]}, {"source": 16, "prod": 5.0, "target": 1, "value": 0.011791712940416669, "supply": [{"l": "Cocoa Beans", "v": 0.011791712940416669}]}, {"source": 17, "prod": 9.0, "target": 1, "value": 0.047756437408687499, "supply": [{"l": "Cottonseed", "v": 0.047756437408687499}]}, {"source": 18, "prod": 41.0, "target": 1, "value": 0.024863669000078571, "supply": [{"l": "Potatoes", "v": 0.024863669000078571}]}, {"source": 19, "prod": 1010.0, "target": 1, "value": 0.48721213921994322, "supply": [{"l": "Pineapples", "v": 0.48721213921994322}]}, {"source": 20, "prod": 26.0, "target": 1, "value": 0.10820630698264706, "supply": [{"l": "Beans", "v": 0.10820630698264706}]}, {"source": 21, "prod": 34.0, "target": 1, "value": 0.12925125348420899, "supply": [{"l": "Pulses, Other", "v": 0.12925125348420899}]}, {"source": 22, "prod": 11.0, "target": 1, "value": 0.034543004102836353, "supply": [{"l": "Sorghum", "v": 0.034543004102836353}]}, {"source": 23, "prod": 4068.0, "target": 1, "value": 2.971602971302457, "supply": [{"l": "Bananas", "v": 2.971602971302457}]}, {"source": 24, "prod": 42.0, "target": 1, "value": 0.16980066634200003, "supply": [{"l": "Spices, Other", "v": 0.16980066634200003}]}, {"source": 25, "prod": 3043.0, "target": 1, "value": 1.4021500664954547, "supply": [{"l": "Fruits, Other", "v": 1.4021500664954547}]}, {"source": 26, "prod": 863.0, "target": 1, "value": 0.99139738276935119, "supply": [{"l": "Sweet potatoes", "v": 0.99139738276935119}]}, {"source": 27, "prod": 49.0, "target": 1, "value": 0.022128278326484042, "supply": [{"l": "Oranges, Mandarines", "v": 0.022128278326484042}]}, {"source": 28, "prod": 9.0, "target": 1, "value": 0.047756437408687499, "supply": [{"l": "Palm kernels", "v": 0.047756437408687499}]}, {"source": 29, "prod": 54.0, "target": 1, "value": 0.026048965859284096, "supply": [{"l": "Onions", "v": 0.026048965859284096}]}, {"source": 30, "prod": 1531.0, "target": 1, "value": 1.8066862026257564, "supply": [{"l": "Cassava", "v": 1.8066862026257564}]}, {"source": 31, "prod": 158.02469135802471, "target": 1, "value": 0.67081744727703718, "supply": [{"l": "Oil Palm", "v": 0.67081744727703718}]}, {"source": 32, "prod": 0, "target": 0, "value": 0.00045052138275707002, "supply": "[{\"l\":'Energy for power irrigation',\"v\":0.00045052138275707002}]"}, {"source": 32, "prod": 0, "target": 2, "value": 0.00047477970080329478, "supply": "[{\"l\":'Energy for power irrigation',\"v\":0.00047477970080329478}]"}, {"source": 32, "prod": 0, "target": 3, "value": 9.5666606379477939e-07, "supply": "[{\"l\":'Energy for power irrigation',\"v\":9.5666606379477939e-07}]"}, {"source": 32, "prod": 0, "target": 4, "value": 2.4599984497580038e-06, "supply": "[{\"l\":'Energy for power irrigation',\"v\":2.4599984497580038e-06}]"}, {"source": 32, "prod": 0, "target": 5, "value": 5.1933300606002305e-06, "supply": "[{\"l\":'Energy for power irrigation',\"v\":5.1933300606002305e-06}]"}, {"source": 32, "prod": 0, "target": 8, "value": 0.00077790617644569776, "supply": "[{\"l\":'Energy for power irrigation',\"v\":0.00077790617644569776}]"}, {"source": 32, "prod": 0, "target": 6, "value": 1.9474987727250867e-05, "supply": "[{\"l\":'Energy for power irrigation',\"v\":1.9474987727250867e-05}]"}, {"source": 32, "prod": 0, "target": 7, "value": 2.3438318562972095e-05, "supply": "[{\"l\":'Energy for power irrigation',\"v\":2.3438318562972095e-05}]"}, {"source": 32, "prod": 0, "target": 9, "value": 0.00125835754034149, "supply": "[{\"l\":'Energy for power irrigation',\"v\":0.00125835754034149}]"}, {"source": 32, "prod": 0, "target": 10, "value": 9.5666606379477939e-07, "supply": "[{\"l\":'Energy for power irrigation',\"v\":9.5666606379477939e-07}]"}, {"source": 32, "prod": 0, "target": 11, "value": 1.783498876074553e-05, "supply": "[{\"l\":'Energy for power irrigation',\"v\":1.783498876074553e-05}]"}, {"source": 32, "prod": 0, "target": 12, "value": 3.6899976746370061e-06, "supply": "[{\"l\":'Energy for power irrigation',\"v\":3.6899976746370061e-06}]"}, {"source": 32, "prod": 0, "target": 13, "value": 4.2366639968054511e-06, "supply": "[{\"l\":'Energy for power irrigation',\"v\":4.2366639968054511e-06}]"}, {"source": 32, "prod": 0, "target": 31, "value": 1.0798347104561884e-05, "supply": "[{\"l\":'Energy for power irrigation',\"v\":1.0798347104561884e-05}]"}, {"source": 32, "prod": 0, "target": 14, "value": 3.0066647719264496e-06, "supply": "[{\"l\":'Energy for power irrigation',\"v\":3.0066647719264496e-06}]"}, {"source": 32, "prod": 0, "target": 16, "value": 1.9816654178606145e-06, "supply": "[{\"l\":'Energy for power irrigation',\"v\":1.9816654178606145e-06}]"}, {"source": 32, "prod": 0, "target": 17, "value": 1.1616659346079464e-06, "supply": "[{\"l\":'Energy for power irrigation',\"v\":1.1616659346079464e-06}]"}, {"source": 32, "prod": 0, "target": 18, "value": 5.7399963827686764e-06, "supply": "[{\"l\":'Energy for power irrigation',\"v\":5.7399963827686764e-06}]"}, {"source": 32, "prod": 0, "target": 20, "value": 3.6899976746370061e-06, "supply": "[{\"l\":'Energy for power irrigation',\"v\":3.6899976746370061e-06}]"}, {"source": 32, "prod": 0, "target": 21, "value": 4.6466637384317855e-06, "supply": "[{\"l\":'Energy for power irrigation',\"v\":4.6466637384317855e-06}]"}, {"source": 32, "prod": 0, "target": 22, "value": 1.5033323859632248e-06, "supply": "[{\"l\":'Energy for power irrigation',\"v\":1.5033323859632248e-06}]"}, {"source": 32, "prod": 0, "target": 15, "value": 0.0048925952501173145, "supply": "[{\"l\":'Energy for power irrigation',\"v\":0.0048925952501173145}]"}, {"source": 32, "prod": 0, "target": 19, "value": 0.00013796491305726139, "supply": "[{\"l\":'Energy for power irrigation',\"v\":0.00013796491305726139}]"}, {"source": 32, "prod": 0, "target": 23, "value": 0.00055602798293558, "supply": "[{\"l\":'Energy for power irrigation',\"v\":0.00055602798293558}]"}, {"source": 32, "prod": 0, "target": 24, "value": 5.7399963827686764e-06, "supply": "[{\"l\":'Energy for power irrigation',\"v\":5.7399963827686764e-06}]"}, {"source": 32, "prod": 0, "target": 25, "value": 0.00041628640433127113, "supply": "[{\"l\":'Energy for power irrigation',\"v\":0.00041628640433127113}]"}, {"source": 32, "prod": 0, "target": 26, "value": 0.00011794325900784208, "supply": "[{\"l\":'Energy for power irrigation',\"v\":0.00011794325900784208}]"}, {"source": 32, "prod": 0, "target": 27, "value": 6.6966624465634549e-06, "supply": "[{\"l\":'Energy for power irrigation',\"v\":6.6966624465634549e-06}]"}, {"source": 32, "prod": 0, "target": 28, "value": 1.1616659346079464e-06, "supply": "[{\"l\":'Energy for power irrigation',\"v\":1.1616659346079464e-06}]"}, {"source": 32, "prod": 0, "target": 29, "value": 7.3799953492740122e-06, "supply": "[{\"l\":'Energy for power irrigation',\"v\":7.3799953492740122e-06}]"}, {"source": 32, "prod": 0, "target": 30, "value": 0.00020937320139051456, "supply": "[{\"l\":'Energy for power irrigation',\"v\":0.00020937320139051456}]"}, {"source": 33, "prod": 0, "target": 32, "value": 0.015120451537176454, "supply": [{"l": "Coal", "v": 0.00054347720858735388}, {"l": "Natural gas", "v": 0.0}, {"l": "Oil", "v": 0.0145769743285891}]}, {"source": 34, "prod": 0, "target": 32, "value": 0.0037481476780596139, "supply": [{"l": "Nuclear", "v": 0.0}, {"l": "Hydroelectric", "v": 0.0018469062543187858}, {"l": "Renewable", "v": 0.0019012414237408281}]}, {"source": 33, "prod": 0, "target": 0, "value": 0.22828216521353523, "supply": [{"l": "Motor Gasoline", "v": 0.019842732487193343}, {"l": "Gas-Diesel oil", "v": 0.025491758971397632}, {"l": "Fuel oil", "v": 0.0026611552001148953}, {"l": "Other fossil fuels", "v": 0.18028651855482936}]}, {"source": 33, "prod": 0, "target": 2, "value": 0.24057401545633894, "supply": [{"l": "Motor Gasoline", "v": 0.020911164162144599}, {"l": "Gas-Diesel oil", "v": 0.026864362404561012}, {"l": "Fuel oil", "v": 0.0028044450675562401}, {"l": "Other fossil fuels", "v": 0.1899940438220771}]}, {"source": 33, "prod": 0, "target": 3, "value": 0.00048474902365986544, "supply": [{"l": "Motor Gasoline", "v": 4.2135333660049563e-05}, {"l": "Gas-Diesel oil", "v": 5.413083961771073e-05}, {"l": "Fuel oil", "v": 5.6508680117713536e-06}, {"l": "Other fossil fuels", "v": 0.00038283198237033382}]}, {"source": 33, "prod": 0, "target": 4, "value": 0.0012464974894110825, "supply": [{"l": "Motor Gasoline", "v": 0.00010834800084012745}, {"l": "Gas-Diesel oil", "v": 0.00013919358758839902}, {"l": "Fuel oil", "v": 1.4530803458840622e-05}, {"l": "Other fossil fuels", "v": 0.00098442509752371538}]}, {"source": 33, "prod": 0, "target": 5, "value": 0.002631494699867841, "supply": [{"l": "Motor Gasoline", "v": 0.00022873466844026906}, {"l": "Gas-Diesel oil", "v": 0.00029385312935328677}, {"l": "Fuel oil", "v": 3.06761406353302e-05}, {"l": "Other fossil fuels", "v": 0.0020782307614389548}]}, {"source": 33, "prod": 0, "target": 8, "value": 0.39417020609599346, "supply": [{"l": "Motor Gasoline", "v": 0.034262045599000306}, {"l": "Gas-Diesel oil", "v": 0.044016105586287067}, {"l": "Fuel oil", "v": 0.0045949629604289353}, {"l": "Other fossil fuels", "v": 0.31129709195027716}]}, {"source": 33, "prod": 0, "target": 6, "value": 0.0098681051245044036, "supply": [{"l": "Motor Gasoline", "v": 0.00085775500665100904}, {"l": "Gas-Diesel oil", "v": 0.0011019492350748256}, {"l": "Fuel oil", "v": 0.00011503552738248826}, {"l": "Other fossil fuels", "v": 0.0077933653553960815}]}, {"source": 33, "prod": 0, "target": 7, "value": 0.011876351079666704, "supply": [{"l": "Motor Gasoline", "v": 0.0010323156746712143}, {"l": "Gas-Diesel oil", "v": 0.001326205570633913}, {"l": "Fuel oil", "v": 0.00013844626628839817}, {"l": "Other fossil fuels", "v": 0.0093793835680731786}]}, {"source": 33, "prod": 0, "target": 9, "value": 0.63761809076403009, "supply": [{"l": "Motor Gasoline", "v": 0.055423012096415189}, {"l": "Gas-Diesel oil", "v": 0.071201386540010209}, {"l": "Fuel oil", "v": 0.0074329096026263903}, {"l": "Other fossil fuels", "v": 0.50356078252497827}]}, {"source": 33, "prod": 0, "target": 10, "value": 0.00048474902365986544, "supply": [{"l": "Motor Gasoline", "v": 4.2135333660049563e-05}, {"l": "Gas-Diesel oil", "v": 5.413083961771073e-05}, {"l": "Fuel oil", "v": 5.6508680117713536e-06}, {"l": "Other fossil fuels", "v": 0.00038283198237033382}]}, {"source": 33, "prod": 0, "target": 11, "value": 0.0090371067982303495, "supply": [{"l": "Motor Gasoline", "v": 0.00078552300609092398}, {"l": "Gas-Diesel oil", "v": 0.0010091535100158928}, {"l": "Fuel oil", "v": 0.00010534832507659452}, {"l": "Other fossil fuels", "v": 0.0071370819570469373}]}, {"source": 33, "prod": 0, "target": 12, "value": 0.0018697462341166239, "supply": [{"l": "Motor Gasoline", "v": 0.00016252200126019118}, {"l": "Gas-Diesel oil", "v": 0.00020879038138259853}, {"l": "Fuel oil", "v": 2.1796205188260933e-05}, {"l": "Other fossil fuels", "v": 0.0014766376462855733}]}, {"source": 33, "prod": 0, "target": 13, "value": 0.0021467456762079753, "supply": [{"l": "Motor Gasoline", "v": 0.00018659933478021949}, {"l": "Gas-Diesel oil", "v": 0.00023972228973557607}, {"l": "Fuel oil", "v": 2.5025272623558848e-05}, {"l": "Other fossil fuels", "v": 0.0016953987790686211}]}, {"source": 33, "prod": 0, "target": 31, "value": 0.0054715939178538609, "supply": [{"l": "Motor Gasoline", "v": 0.00047560164977833723}, {"l": "Gas-Diesel oil", "v": 0.00061100065882424808}, {"l": "Fuel oil", "v": 6.3784048104650198e-05}, {"l": "Other fossil fuels", "v": 0.0043212075611466253}]}, {"source": 33, "prod": 0, "target": 14, "value": 0.0015234969315024343, "supply": [{"l": "Motor Gasoline", "v": 0.00013242533436015578}, {"l": "Gas-Diesel oil", "v": 0.00017012549594137659}, {"l": "Fuel oil", "v": 1.775987089413854e-05}, {"l": "Other fossil fuels", "v": 0.0012031862303067634}]}, {"source": 33, "prod": 0, "target": 16, "value": 0.0010041229775811498, "supply": [{"l": "Motor Gasoline", "v": 8.7280334010102662e-05}, {"l": "Gas-Diesel oil", "v": 0.00011212816777954366}, {"l": "Fuel oil", "v": 1.1705369452954946e-05}, {"l": "Other fossil fuels", "v": 0.00079300910633854855}]}, {"source": 33, "prod": 0, "target": 17, "value": 0.00058862381444412231, "supply": [{"l": "Motor Gasoline", "v": 5.1164333730060189e-05}, {"l": "Gas-Diesel oil", "v": 6.5730305250077313e-05}, {"l": "Fuel oil", "v": 6.8617683000080721e-06}, {"l": "Other fossil fuels", "v": 0.00046486740716397674}]}, {"source": 33, "prod": 0, "target": 18, "value": 0.0029084941419591928, "supply": [{"l": "Motor Gasoline", "v": 0.00025281200196029742}, {"l": "Gas-Diesel oil", "v": 0.0003247850377062644}, {"l": "Fuel oil", "v": 3.3905208070628118e-05}, {"l": "Other fossil fuels", "v": 0.0022969918942220028}]}, {"source": 33, "prod": 0, "target": 20, "value": 0.0018697462341166239, "supply": [{"l": "Motor Gasoline", "v": 0.00016252200126019118}, {"l": "Gas-Diesel oil", "v": 0.00020879038138259853}, {"l": "Fuel oil", "v": 2.1796205188260933e-05}, {"l": "Other fossil fuels", "v": 0.0014766376462855733}]}, {"source": 33, "prod": 0, "target": 21, "value": 0.0023544952577764892, "supply": [{"l": "Motor Gasoline", "v": 0.00020465733492024075}, {"l": "Gas-Diesel oil", "v": 0.00026292122100030925}, {"l": "Fuel oil", "v": 2.7447073200032288e-05}, {"l": "Other fossil fuels", "v": 0.0018594696286559069}]}, {"source": 33, "prod": 0, "target": 22, "value": 0.00076174846575121713, "supply": [{"l": "Motor Gasoline", "v": 6.621266718007789e-05}, {"l": "Gas-Diesel oil", "v": 8.5062747970688295e-05}, {"l": "Fuel oil", "v": 8.8799354470692702e-06}, {"l": "Other fossil fuels", "v": 0.00060159311515338171}]}, {"source": 33, "prod": 0, "target": 15, "value": 2.4791103817873363, "supply": [{"l": "Motor Gasoline", "v": 0.21548912533756348}, {"l": "Gas-Diesel oil", "v": 0.27683671327060505}, {"l": "Fuel oil", "v": 0.028899749912486936}, {"l": "Other fossil fuels", "v": 1.9578847932666807}]}, {"source": 33, "prod": 0, "target": 19, "value": 0.069907734197804883, "supply": [{"l": "Motor Gasoline", "v": 0.0060765170471171479}, {"l": "Gas-Diesel oil", "v": 0.0078064403705827116}, {"l": "Fuel oil", "v": 0.00081493589398331156}, {"l": "Other fossil fuels", "v": 0.055209840886121714}]}, {"source": 33, "prod": 0, "target": 23, "value": 0.28174305753716605, "supply": [{"l": "Motor Gasoline", "v": 0.024489657856558808}, {"l": "Gas-Diesel oil", "v": 0.0314616172835223}, {"l": "Fuel oil", "v": 0.0032843652151273929}, {"l": "Other fossil fuels", "v": 0.22250741718195757}]}, {"source": 33, "prod": 0, "target": 24, "value": 0.0029084941419591928, "supply": [{"l": "Motor Gasoline", "v": 0.00025281200196029742}, {"l": "Gas-Diesel oil", "v": 0.0003247850377062644}, {"l": "Fuel oil", "v": 3.3905208070628118e-05}, {"l": "Other fossil fuels", "v": 0.0022969918942220028}]}, {"source": 33, "prod": 0, "target": 25, "value": 0.21093507515256432, "supply": [{"l": "Motor Gasoline", "v": 0.018334889475501569}, {"l": "Gas-Diesel oil", "v": 0.023554648210792412}, {"l": "Fuel oil", "v": 0.0024589348519793632}, {"l": "Other fossil fuels", "v": 0.16658660261429095}]}, {"source": 33, "prod": 0, "target": 26, "value": 0.059762629631209124, "supply": [{"l": "Motor Gasoline", "v": 0.0051946847069461108}, {"l": "Gas-Diesel oil", "v": 0.0066735592271549085}, {"l": "Fuel oil", "v": 0.00069667129916552541}, {"l": "Other fossil fuels", "v": 0.047197714397942583}]}, {"source": 33, "prod": 0, "target": 27, "value": 0.0033932431656190582, "supply": [{"l": "Motor Gasoline", "v": 0.00029494733562034694}, {"l": "Gas-Diesel oil", "v": 0.00037891587732397509}, {"l": "Fuel oil", "v": 3.9556076082399473e-05}, {"l": "Other fossil fuels", "v": 0.0026798238765923365}]}, {"source": 33, "prod": 0, "target": 28, "value": 0.00058862381444412231, "supply": [{"l": "Motor Gasoline", "v": 5.1164333730060189e-05}, {"l": "Gas-Diesel oil", "v": 6.5730305250077313e-05}, {"l": "Fuel oil", "v": 6.8617683000080721e-06}, {"l": "Other fossil fuels", "v": 0.00046486740716397674}]}, {"source": 33, "prod": 0, "target": 29, "value": 0.0037394924682332478, "supply": [{"l": "Motor Gasoline", "v": 0.00032504400252038237}, {"l": "Gas-Diesel oil", "v": 0.00041758076276519706}, {"l": "Fuel oil", "v": 4.3592410376521866e-05}, {"l": "Other fossil fuels", "v": 0.0029532752925711466}]}, {"source": 33, "prod": 0, "target": 30, "value": 0.1060907863209877, "supply": [{"l": "Motor Gasoline", "v": 0.0092216187381708465}, {"l": "Gas-Diesel oil", "v": 0.011846920899190405}, {"l": "Fuel oil", "v": 0.001236732827719102}, {"l": "Other fossil fuels", "v": 0.083785513855907337}]}, {"source": 35, "prod": 16.390608173892208, "target": 0, "value": 0.22063769504509037, "supply": [{"l": "Potash", "v": 0.14614166678357998}, {"l": "Phosphate", "v": 0.23482500018785998}, {"l": "Nitrogen", "v": 4.2712333367503197}]}, {"source": 35, "prod": 17.273160259700148, "target": 2, "value": 0.23251792889023021, "supply": [{"l": "Potash", "v": 0.14614166678357998}, {"l": "Phosphate", "v": 0.23482500018785998}, {"l": "Nitrogen", "v": 4.2712333367503197}]}, {"source": 35, "prod": 0.034804870989608813, "target": 3, "value": 0.00046851626431537464, "supply": [{"l": "Potash", "v": 0.14614166678357998}, {"l": "Phosphate", "v": 0.23482500018785998}, {"l": "Nitrogen", "v": 4.2712333367503197}]}, {"source": 35, "prod": 0.089498239687565526, "target": 4, "value": 0.0012047561082395347, "supply": [{"l": "Potash", "v": 0.14614166678357998}, {"l": "Phosphate", "v": 0.23482500018785998}, {"l": "Nitrogen", "v": 4.2712333367503197}]}, {"source": 35, "prod": 0.18894072822930499, "target": 5, "value": 0.0025433740062834622, "supply": [{"l": "Potash", "v": 0.14614166678357998}, {"l": "Phosphate", "v": 0.23482500018785998}, {"l": "Nitrogen", "v": 4.2712333367503197}]}, {"source": 35, "prod": 28.301332238979054, "target": 8, "value": 0.3809706537833018, "supply": [{"l": "Potash", "v": 0.14614166678357998}, {"l": "Phosphate", "v": 0.23482500018785998}, {"l": "Nitrogen", "v": 4.2712333367503197}]}, {"source": 35, "prod": 0.70852773085989373, "target": 6, "value": 0.0095376525235629835, "supply": [{"l": "Potash", "v": 0.14614166678357998}, {"l": "Phosphate", "v": 0.23482500018785998}, {"l": "Nitrogen", "v": 4.2712333367503197}]}, {"source": 35, "prod": 0.85271933924541599, "target": 7, "value": 0.01147864847572668, "supply": [{"l": "Potash", "v": 0.14614166678357998}, {"l": "Phosphate", "v": 0.23482500018785998}, {"l": "Nitrogen", "v": 4.2712333367503197}]}, {"source": 35, "prod": 45.780835662403305, "target": 9, "value": 0.61626621481197308, "supply": [{"l": "Potash", "v": 0.14614166678357998}, {"l": "Phosphate", "v": 0.23482500018785998}, {"l": "Nitrogen", "v": 4.2712333367503197}]}, {"source": 35, "prod": 0.034804870989608813, "target": 10, "value": 0.00046851626431537464, "supply": [{"l": "Potash", "v": 0.14614166678357998}, {"l": "Phosphate", "v": 0.23482500018785998}, {"l": "Nitrogen", "v": 4.2712333367503197}]}, {"source": 35, "prod": 0.64886223773485008, "target": 11, "value": 0.0087344817847366269, "supply": [{"l": "Potash", "v": 0.14614166678357998}, {"l": "Phosphate", "v": 0.23482500018785998}, {"l": "Nitrogen", "v": 4.2712333367503197}]}, {"source": 35, "prod": 0.13424735953134828, "target": 12, "value": 0.0018071341623593022, "supply": [{"l": "Potash", "v": 0.14614166678357998}, {"l": "Phosphate", "v": 0.23482500018785998}, {"l": "Nitrogen", "v": 4.2712333367503197}]}, {"source": 35, "prod": 0.15413585723969617, "target": 13, "value": 0.0020748577419680875, "supply": [{"l": "Potash", "v": 0.14614166678357998}, {"l": "Phosphate", "v": 0.23482500018785998}, {"l": "Nitrogen", "v": 4.2712333367503197}]}, {"source": 35, "prod": 0.3928592139920572, "target": 31, "value": 0.0052883670046179852, "supply": [{"l": "Potash", "v": 0.14614166678357998}, {"l": "Phosphate", "v": 0.23482500018785998}, {"l": "Nitrogen", "v": 4.2712333367503197}]}, {"source": 35, "prod": 0.10938673739591342, "target": 14, "value": 0.0014724796878483202, "supply": [{"l": "Potash", "v": 0.14614166678357998}, {"l": "Phosphate", "v": 0.23482500018785998}, {"l": "Nitrogen", "v": 4.2712333367503197}]}, {"source": 35, "prod": 0.072095804192761112, "target": 16, "value": 0.00097049797608184747, "supply": [{"l": "Potash", "v": 0.14614166678357998}, {"l": "Phosphate", "v": 0.23482500018785998}, {"l": "Nitrogen", "v": 4.2712333367503197}]}, {"source": 35, "prod": 0.042263057630239277, "target": 17, "value": 0.00056891260666866916, "supply": [{"l": "Potash", "v": 0.14614166678357998}, {"l": "Phosphate", "v": 0.23482500018785998}, {"l": "Nitrogen", "v": 4.2712333367503197}]}, {"source": 35, "prod": 0.20882922593765291, "target": 18, "value": 0.0028110975858922482, "supply": [{"l": "Potash", "v": 0.14614166678357998}, {"l": "Phosphate", "v": 0.23482500018785998}, {"l": "Nitrogen", "v": 4.2712333367503197}]}, {"source": 35, "prod": 0.13424735953134828, "target": 20, "value": 0.0018071341623593022, "supply": [{"l": "Potash", "v": 0.14614166678357998}, {"l": "Phosphate", "v": 0.23482500018785998}, {"l": "Nitrogen", "v": 4.2712333367503197}]}, {"source": 35, "prod": 0.16905223052095711, "target": 21, "value": 0.0022756504266746766, "supply": [{"l": "Potash", "v": 0.14614166678357998}, {"l": "Phosphate", "v": 0.23482500018785998}, {"l": "Nitrogen", "v": 4.2712333367503197}]}, {"source": 35, "prod": 0.054693368697956712, "target": 22, "value": 0.00073623984392416012, "supply": [{"l": "Potash", "v": 0.14614166678357998}, {"l": "Phosphate", "v": 0.23482500018785998}, {"l": "Nitrogen", "v": 4.2712333367503197}]}, {"source": 35, "prod": 177.99956842750009, "target": 15, "value": 2.3960925720511792, "supply": [{"l": "Potash", "v": 0.14614166678357998}, {"l": "Phosphate", "v": 0.23482500018785998}, {"l": "Nitrogen", "v": 4.2712333367503197}]}, {"source": 35, "prod": 5.0193596091443, "target": 19, "value": 0.067566738403767243, "supply": [{"l": "Potash", "v": 0.14614166678357998}, {"l": "Phosphate", "v": 0.23482500018785998}, {"l": "Nitrogen", "v": 4.2712333367503197}]}, {"source": 35, "prod": 20.229088231603352, "target": 23, "value": 0.27230834590958597, "supply": [{"l": "Potash", "v": 0.14614166678357998}, {"l": "Phosphate", "v": 0.23482500018785998}, {"l": "Nitrogen", "v": 4.2712333367503197}]}, {"source": 35, "prod": 0.20882922593765291, "target": 24, "value": 0.0028110975858922482, "supply": [{"l": "Potash", "v": 0.14614166678357998}, {"l": "Phosphate", "v": 0.23482500018785998}, {"l": "Nitrogen", "v": 4.2712333367503197}]}, {"source": 35, "prod": 15.145091004906922, "target": 25, "value": 0.20387150587209016, "supply": [{"l": "Potash", "v": 0.14614166678357998}, {"l": "Phosphate", "v": 0.23482500018785998}, {"l": "Nitrogen", "v": 4.2712333367503197}]}, {"source": 35, "prod": 4.2909433805760582, "target": 26, "value": 0.057761362300595469, "supply": [{"l": "Potash", "v": 0.14614166678357998}, {"l": "Phosphate", "v": 0.23482500018785998}, {"l": "Nitrogen", "v": 4.2712333367503197}]}, {"source": 35, "prod": 0.24363409692726171, "target": 27, "value": 0.0032796138502076224, "supply": [{"l": "Potash", "v": 0.14614166678357998}, {"l": "Phosphate", "v": 0.23482500018785998}, {"l": "Nitrogen", "v": 4.2712333367503197}]}, {"source": 35, "prod": 0.042263057630239277, "target": 28, "value": 0.00056891260666866916, "supply": [{"l": "Potash", "v": 0.14614166678357998}, {"l": "Phosphate", "v": 0.23482500018785998}, {"l": "Nitrogen", "v": 4.2712333367503197}]}, {"source": 35, "prod": 0.26849471906269656, "target": 29, "value": 0.0036142683247186043, "supply": [{"l": "Potash", "v": 0.14614166678357998}, {"l": "Phosphate", "v": 0.23482500018785998}, {"l": "Nitrogen", "v": 4.2712333367503197}]}, {"source": 35, "prod": 7.6172946222972433, "target": 30, "value": 0.10253813099016484, "supply": [{"l": "Potash", "v": 0.14614166678357998}, {"l": "Phosphate", "v": 0.23482500018785998}, {"l": "Nitrogen", "v": 4.2712333367503197}]}, {"source": 33, "prod": 0, "target": 35, "value": 5.6234241564133658, "supply": [{"l": "Natural gas (including LNG)", "v": 3.7840305096625038}, {"l": "Fuel oil", "v": 1.0843626622485321}, {"l": "Liquefied petroleum gas (LPG)", "v": 0.37751549225116493}, {"l": "Coal", "v": 0.37751549225116493}]}, {"source": 36, "prod": 0, "target": 0, "value": 0.2683276812795975, "supply": "[{\"l\":'Labor',\"v\":0.2683276812795975}]"}, {"source": 36, "prod": 0, "target": 2, "value": 0.28277578181869312, "supply": "[{\"l\":'Labor',\"v\":0.28277578181869312}]"}, {"source": 36, "prod": 0, "target": 3, "value": 0.00056978424661221984, "supply": "[{\"l\":'Labor',\"v\":0.00056978424661221984}]"}, {"source": 36, "prod": 0, "target": 4, "value": 0.0014651594912885651, "supply": "[{\"l\":'Labor',\"v\":0.0014651594912885651}]"}, {"source": 36, "prod": 0, "target": 5, "value": 0.0030931144816091932, "supply": "[{\"l\":'Labor',\"v\":0.0030931144816091932}]"}, {"source": 36, "prod": 0, "target": 8, "value": 0.46331599024525078, "supply": "[{\"l\":'Labor',\"v\":0.46331599024525078}]"}, {"source": 36, "prod": 0, "target": 6, "value": 0.011599179306034475, "supply": "[{\"l\":'Labor',\"v\":0.011599179306034475}]"}, {"source": 36, "prod": 0, "target": 7, "value": 0.013959714041999386, "supply": "[{\"l\":'Labor',\"v\":0.013959714041999386}]"}, {"source": 36, "prod": 0, "target": 9, "value": 0.749469778668859, "supply": "[{\"l\":'Labor',\"v\":0.749469778668859}]"}, {"source": 36, "prod": 0, "target": 10, "value": 0.00056978424661221984, "supply": "[{\"l\":'Labor',\"v\":0.00056978424661221984}]"}, {"source": 36, "prod": 0, "target": 11, "value": 0.010622406311842098, "supply": "[{\"l\":'Labor',\"v\":0.010622406311842098}]"}, {"source": 36, "prod": 0, "target": 12, "value": 0.0021977392369328477, "supply": "[{\"l\":'Labor',\"v\":0.0021977392369328477}]"}, {"source": 36, "prod": 0, "target": 13, "value": 0.0025233302349969731, "supply": "[{\"l\":'Labor',\"v\":0.0025233302349969731}]"}, {"source": 36, "prod": 0, "target": 31, "value": 0.0064314271222543334, "supply": "[{\"l\":'Labor',\"v\":0.0064314271222543334}]"}, {"source": 36, "prod": 0, "target": 14, "value": 0.0017907504893526908, "supply": "[{\"l\":'Labor',\"v\":0.0017907504893526908}]"}, {"source": 36, "prod": 0, "target": 16, "value": 0.0011802673679824553, "supply": "[{\"l\":'Labor',\"v\":0.0011802673679824553}]"}, {"source": 36, "prod": 0, "target": 17, "value": 0.00069188087088626693, "supply": "[{\"l\":'Labor',\"v\":0.00069188087088626693}]"}, {"source": 36, "prod": 0, "target": 18, "value": 0.003418705479673319, "supply": "[{\"l\":'Labor',\"v\":0.003418705479673319}]"}, {"source": 36, "prod": 0, "target": 20, "value": 0.0021977392369328477, "supply": "[{\"l\":'Labor',\"v\":0.0021977392369328477}]"}, {"source": 36, "prod": 0, "target": 21, "value": 0.0027675234835450677, "supply": "[{\"l\":'Labor',\"v\":0.0027675234835450677}]"}, {"source": 36, "prod": 0, "target": 22, "value": 0.00089537524467634539, "supply": "[{\"l\":'Labor',\"v\":0.00089537524467634539}]"}, {"source": 36, "prod": 0, "target": 15, "value": 2.9139987337991662, "supply": "[{\"l\":'Labor',\"v\":2.9139987337991662}]"}, {"source": 36, "prod": 0, "target": 19, "value": 0.082171028136433705, "supply": "[{\"l\":'Labor',\"v\":0.082171028136433705}]"}, {"source": 36, "prod": 0, "target": 23, "value": 0.33116674390597373, "supply": "[{\"l\":'Labor',\"v\":0.33116674390597373}]"}, {"source": 36, "prod": 0, "target": 24, "value": 0.003418705479673319, "supply": "[{\"l\":'Labor',\"v\":0.003418705479673319}]"}, {"source": 36, "prod": 0, "target": 25, "value": 0.24793754502583165, "supply": "[{\"l\":'Labor',\"v\":0.24793754502583165}]"}, {"source": 36, "prod": 0, "target": 26, "value": 0.070246257832335096, "supply": "[{\"l\":'Labor',\"v\":0.070246257832335096}]"}, {"source": 36, "prod": 0, "target": 27, "value": 0.0039884897262855382, "supply": "[{\"l\":'Labor',\"v\":0.0039884897262855382}]"}, {"source": 36, "prod": 0, "target": 28, "value": 0.00069188087088626693, "supply": "[{\"l\":'Labor',\"v\":0.00069188087088626693}]"}, {"source": 36, "prod": 0, "target": 29, "value": 0.0043954784738656954, "supply": "[{\"l\":'Labor',\"v\":0.0043954784738656954}]"}, {"source": 36, "prod": 0, "target": 30, "value": 0.12470135225856011, "supply": "[{\"l\":'Labor',\"v\":0.12470135225856011}]"}]}