{"nodes": [{"layer": 3, "name": "Cereals", "fill": "#e7ba52"}, {"layer": 5, "name": "Production", "fill": "#b5cf6b"}, {"layer": 3, "name": "Oilcrops", "fill": "#ff9896"}, {"layer": 3, "name": "Sugar Crops", "fill": "#ffbb78"}, {"layer": 3, "name": "Starchy Roots"}, {"layer": 3, "name": "Fruits & Vegetables"}, {"layer": 3, "name": "Others"}, {"layer": 1, "name": "Electricity", "fill": "#bcbd22"}, {"layer": 0, "name": "Fossil Fuels", "fill": "#c49c94"}, {"layer": 0, "name": "Renewables & Nuclear", "fill": "#2ca02c"}, {"layer": 1, "name": "Fertilizers", "fill": "#c5b0d5"}, {"layer": 0, "name": "Labor", "fill": "#7f7f7f"}], "links": [{"source": 0, "prod": 8276.0, "target": 1, "value": 29.260816842343491, "supply": [{"l": "Maize", "v": 7.9103657384661776}, {"l": "Rice", "v": 21.265684936845961}, {"l": "Sorghum", "v": 0.084766167031349246}]}, {"source": 2, "prod": 8571.4285714285706, "target": 1, "value": 11.091852145272851, "supply": [{"l": "Coconuts - Incl Copra", "v": 10.504728880193419}, {"l": "Cottonseed", "v": 0.017363928753826582}, {"l": "Groundnuts", "v": 0.19387688022631344}, {"l": "Oilcrops, Other", "v": 0.084900333171000014}, {"l": "Soyabeans", "v": 0.03176127571864748}, {"l": "Palm kernels", "v": 0.0069455715015306315}, {"l": "Oil Palm", "v": 0.25227527570811437}]}, {"source": 3, "prod": 31888.0, "target": 1, "value": 12.456910233850529, "supply": [{"l": "Sugar cane", "v": 12.456910233850529}]}, {"source": 4, "prod": 3386.0, "target": 1, "value": 3.8762682356197136, "supply": [{"l": "Roots, Other", "v": 0.14343230348001709}, {"l": "Yams", "v": 0.032747271365957148}, {"l": "Potatoes", "v": 0.023420781564413792}, {"l": "Sweet potatoes", "v": 1.2837155123028177}, {"l": "Cassava", "v": 2.392952366906508}]}, {"source": 5, "prod": 10603.0, "target": 1, "value": 5.5619886406384849, "supply": [{"l": "Grapefruit", "v": 0.039515555480000006}, {"l": "Tomatoes", "v": 0.037765031142953182}, {"l": "Treenuts", "v": 0.018866740704666669}, {"l": "Vegetables, Other", "v": 1.007787258628128}, {"l": "Beans", "v": 0.12310548309795001}, {"l": "Pulses, Other", "v": 0.019295530266136365}, {"l": "Lemons, Limes", "v": 0.00044568582264845031}, {"l": "Pineapples", "v": 0.25941768468916665}, {"l": "Bananas", "v": 2.8619780560304933}, {"l": "Fruits, Other", "v": 1.1495164783106013}, {"l": "Oranges, Mandarines", "v": 0.020453262082104545}, {"l": "Onions", "v": 0.023841874383636989}]}, {"source": 6, "prod": 164.0, "target": 1, "value": 0.24091480326875242, "supply": [{"l": "Nuts", "v": 0.018866740704666669}, {"l": "Coffee", "v": 0.073131970157198023}, {"l": "Cocoa Beans", "v": 0.009988274490705884}, {"l": "Spices, Other", "v": 0.13892781791618183}]}, {"source": 7, "prod": 0, "target": 0, "value": 0.00096944055671496505, "supply": "[{\"l\":'Energy for power irrigation',\"v\":0.00096944055671496505}]"}, {"source": 7, "prod": 0, "target": 2, "value": 0.00095168340660300207, "supply": "[{\"l\":'Energy for power irrigation',\"v\":0.00095168340660300207}]"}, {"source": 7, "prod": 0, "target": 3, "value": 0.0035374208115947826, "supply": "[{\"l\":'Energy for power irrigation',\"v\":0.0035374208115947826}]"}, {"source": 7, "prod": 0, "target": 4, "value": 0.00037572893530078802, "supply": "[{\"l\":'Energy for power irrigation',\"v\":0.00037572893530078802}]"}, {"source": 7, "prod": 0, "target": 5, "value": 0.0011815438115998504, "supply": "[{\"l\":'Energy for power irrigation',\"v\":0.0011815438115998504}]"}, {"source": 7, "prod": 0, "target": 6, "value": 1.8470288670676472e-05, "supply": "[{\"l\":'Energy for power irrigation',\"v\":1.8470288670676472e-05}]"}, {"source": 8, "prod": 0, "target": 7, "value": 0.014614283698468728, "supply": [{"l": "Coal", "v": 0.00012004956111268414}, {"l": "Natural gas", "v": 0.0}, {"l": "Oil", "v": 0.014494234137356043}]}, {"source": 9, "prod": 0, "target": 7, "value": 0.001479659509454822, "supply": [{"l": "Nuclear", "v": 0.0}, {"l": "Hydroelectric", "v": 0.0012105538175984426}, {"l": "Renewable", "v": 0.00026910569185637932}]}, {"source": 8, "prod": 0, "target": 0, "value": 0.78073246597432211, "supply": [{"l": "Motor Gasoline", "v": 0.089883121482760495}, {"l": "Gas-Diesel oil", "v": 0.079014763295037108}, {"l": "Fuel oil", "v": 0.0077330340046499512}, {"l": "Other fossil fuels", "v": 0.60410154719187459}]}, {"source": 8, "prod": 0, "target": 2, "value": 0.76643186394198404, "supply": [{"l": "Motor Gasoline", "v": 0.088236740928897966}, {"l": "Gas-Diesel oil", "v": 0.077567457420352398}, {"l": "Fuel oil", "v": 0.0075913887591623954}, {"l": "Other fossil fuels", "v": 0.59303627683357119}]}, {"source": 8, "prod": 0, "target": 3, "value": 2.848838182285065, "supply": [{"l": "Motor Gasoline", "v": 0.32797722598034862}, {"l": "Gas-Diesel oil", "v": 0.28831934683054622}, {"l": "Fuel oil", "v": 0.028217300416555399}, {"l": "Other fossil fuels", "v": 2.2043243090576148}]}, {"source": 8, "prod": 0, "target": 4, "value": 0.30259078410058693, "supply": [{"l": "Motor Gasoline", "v": 0.034836266444914728}, {"l": "Gas-Diesel oil", "v": 0.030623984812940923}, {"l": "Fuel oil", "v": 0.0029971147927393737}, {"l": "Other fossil fuels", "v": 0.23413341804999191}]}, {"source": 8, "prod": 0, "target": 5, "value": 0.95154840314595557, "supply": [{"l": "Motor Gasoline", "v": 0.10954858987445726}, {"l": "Gas-Diesel oil", "v": 0.096302350824515423}, {"l": "Fuel oil", "v": 0.0094249393733295151}, {"l": "Other fossil fuels", "v": 0.73627252307365332}]}, {"source": 8, "prod": 0, "target": 6, "value": 0.014874923399098827, "supply": [{"l": "Motor Gasoline", "v": 0.0017125002548208745}, {"l": "Gas-Diesel oil", "v": 0.0015054306086078133}, {"l": "Fuel oil", "v": 0.00014733380956336159}, {"l": "Other fossil fuels", "v": 0.011509658726106776}]}, {"source": 10, "prod": 47.174569978349652, "target": 0, "value": 0.62583103486747682, "supply": [{"l": "Potash", "v": 0.16331972235287801}, {"l": "Phosphate", "v": 0.21841250017472996}, {"l": "Nitrogen", "v": 4.1593152811052292}]}, {"source": 10, "prod": 46.310477884439919, "target": 2, "value": 0.61436774755822277, "supply": [{"l": "Potash", "v": 0.16331972235287801}, {"l": "Phosphate", "v": 0.21841250017472996}, {"l": "Nitrogen", "v": 4.1593152811052292}]}, {"source": 10, "prod": 172.13670757176035, "target": 3, "value": 2.2836136903368924, "supply": [{"l": "Potash", "v": 0.16331972235287801}, {"l": "Phosphate", "v": 0.21841250017472996}, {"l": "Nitrogen", "v": 4.1593152811052292}]}, {"source": 10, "prod": 18.283587197238848, "target": 4, "value": 0.24255517966542445, "supply": [{"l": "Potash", "v": 0.16331972235287801}, {"l": "Phosphate", "v": 0.21841250017472996}, {"l": "Nitrogen", "v": 4.1593152811052292}]}, {"source": 10, "prod": 57.495862780570107, "target": 5, "value": 0.76275619091125946, "supply": [{"l": "Potash", "v": 0.16331972235287801}, {"l": "Phosphate", "v": 0.21841250017472996}, {"l": "Nitrogen", "v": 4.1593152811052292}]}, {"source": 10, "prod": 0.89879458764105935, "target": 6, "value": 0.01192366029356161, "supply": [{"l": "Potash", "v": 0.16331972235287801}, {"l": "Phosphate", "v": 0.21841250017472996}, {"l": "Nitrogen", "v": 4.1593152811052292}]}, {"source": 8, "prod": 0, "target": 10, "value": 5.5111747880802771, "supply": [{"l": "Natural gas (including LNG)", "v": 3.6995326000317625}, {"l": "Fuel oil", "v": 1.0763950910267011}, {"l": "Liquefied petroleum gas (LPG)", "v": 0.36762354851090673}, {"l": "Coal", "v": 0.36762354851090673}]}, {"source": 11, "prod": 0, "target": 0, "value": 0.716400741187045, "supply": "[{\"l\":'Labor',\"v\":0.716400741187045}]"}, {"source": 11, "prod": 0, "target": 2, "value": 0.70327849721503, "supply": "[{\"l\":'Labor',\"v\":0.70327849721503}]"}, {"source": 11, "prod": 0, "target": 3, "value": 2.6140962163831665, "supply": "[{\"l\":'Labor',\"v\":2.6140962163831665}]"}, {"source": 11, "prod": 0, "target": 4, "value": 0.27765754782017643, "supply": "[{\"l\":'Labor',\"v\":0.27765754782017643}]"}, {"source": 11, "prod": 0, "target": 5, "value": 0.87314158306250333, "supply": "[{\"l\":'Labor',\"v\":0.87314158306250333}]"}, {"source": 11, "prod": 0, "target": 6, "value": 0.013649241721895298, "supply": "[{\"l\":'Labor',\"v\":0.013649241721895298}]"}]}