{"nodes": [{"layer": 13, "name": "Other Processed", "fill": "#9c9ede"}, {"layer": 10, "name": "Feed", "fill": "#dbdb8d"}, {"layer": 13, "name": "Animal Products", "fill": "#17becf"}, {"layer": 5, "name": "Cereals", "fill": "#e7ba52"}, {"layer": 5, "name": "Oilcrops", "fill": "#ff9896"}, {"layer": 5, "name": "Sugar Crops", "fill": "#ffbb78"}, {"layer": 13, "name": "Sugar", "fill": "#d6616b"}, {"layer": 5, "name": "Starchy Roots"}, {"layer": 5, "name": "Fruits & Vegetables"}, {"layer": 13, "name": "Aquatic Products", "fill": "#1f77b4"}, {"layer": 16, "name": "Food", "fill": "#b5cf6b"}, {"layer": 5, "name": "Others"}, {"layer": 13, "name": "Vegetable Oils", "fill": "#f7b6d2"}, {"layer": 10, "name": "Processing", "fill": "#9edae5"}, {"layer": 16, "name": "Biofuels & Other", "fill": "#e7ba52"}, {"name": "Waste", "fill": "#c7c7c7"}, {"layer": 2, "name": "Import", "fill": "#aec7e8"}, {"layer": 16, "name": "Export", "fill": "#aec7e8"}, {"layer": 0, "name": "Stock Draw", "fill": "#c7c7c7"}, {"layer": 16, "name": "Stock Deposit", "fill": "#c7c7c7"}, {"layer": 2, "name": "Electricity", "fill": "#bcbd22"}, {"layer": 0, "name": "Fossil Fuels", "fill": "#c49c94"}, {"layer": 0, "name": "Renewables & Nuclear", "fill": "#2ca02c"}, {"layer": 2, "name": "Fertilizers", "fill": "#c5b0d5"}, {"layer": 0, "name": "Labor", "fill": "#7f7f7f"}], "links": [{"source": 0, "prod": 3.0, "target": 1, "value": 0.029461682779488806, "supply": [{"l": "Butter, Ghee", "v": 0.0082365994867388062}, {"l": "Fish, Body Oil", "v": 0.02122508329275}]}, {"source": 2, "prod": 1338.0, "target": 1, "value": 0.9128077314223082, "supply": [{"l": "Milk - Excluding Butter", "v": 0.85159111245482411}, {"l": "Meat, Other", "v": 0.0028300111056999999}, {"l": "Offals, Edible", "v": 0.058386607861784061}]}, {"source": 3, "prod": 11790.0, "target": 1, "value": 41.132758740935067, "supply": [{"l": "Maize", "v": 34.692915985927307}, {"l": "Oats", "v": 0.5845994369774572}, {"l": "Rye", "v": 0.38488151037520008}, {"l": "Barley", "v": 0.99817680442946832}, {"l": "Sorghum", "v": 3.6753062048990706}, {"l": "Cereals, Other", "v": 0.11014097276237837}, {"l": "Rice", "v": 0.034410750235773224}, {"l": "Wheat", "v": 0.58550332614842338}, {"l": "Millet", "v": 0.0668237491799831}]}, {"source": 4, "prod": 46.0, "target": 1, "value": 0.18395072187050002, "supply": [{"l": "Soyabeans", "v": 0.18395072187050002}]}, {"source": 5, "prod": 13647.0, "target": 1, "value": 3.9409348530089696, "supply": [{"l": "Sugar beet", "v": 0.00086632993031632657}, {"l": "Sugar cane", "v": 3.9400685230786534}]}, {"source": 6, "prod": 42.0, "target": 1, "value": 0.17184645750274702, "supply": [{"l": "Sugar non-centrifugal", "v": 0.17184645750274702}]}, {"source": 7, "prod": 10735.0, "target": 1, "value": 10.879243686252991, "supply": [{"l": "Potatoes", "v": 0.12261476022753963}, {"l": "Yams", "v": 0.051167611509308042}, {"l": "Roots, Other", "v": 0.0068049885366068706}, {"l": "Sweet potatoes", "v": 0.59915377980677154}, {"l": "Cassava", "v": 10.099502546172765}]}, {"source": 8, "prod": 306.0, "target": 1, "value": 0.25917193164059826, "supply": [{"l": "Vegetables, Other", "v": 0.0090536990997626427}, {"l": "Bananas", "v": 0.055871555869442646}, {"l": "Plantains", "v": 0.194246676671393}]}, {"source": 9, "prod": 704.0, "target": 1, "value": 0.51571564487237709, "supply": [{"l": "Freshwater Fish", "v": 0.0053904973441904766}, {"l": "Pelagic Fish", "v": 0.23592496429249038}, {"l": "Fish, Seafood", "v": 0.24406919735547006}, {"l": "Cephalopods", "v": 0.0023244444400000001}, {"l": "Demersal Fish", "v": 0.02800654144022614}]}, {"source": 0, "prod": 5257.0, "target": 10, "value": 7.478540738591219, "supply": [{"l": "Beer", "v": 0.90235043809600923}, {"l": "Beverages, Alcoholic", "v": 1.1629111425133027}, {"l": "Fats, Animals, Raw", "v": 2.7755430837341311}, {"l": "Butter, Ghee", "v": 0.83189654816061942}, {"l": "Wine", "v": 1.8050621522059305}, {"l": "Beverages, Fermented", "v": 0.00077737388122563764}]}, {"source": 2, "prod": 19126.0, "target": 10, "value": 22.562170419016056, "supply": [{"l": "Mutton & Goat Meat", "v": 0.83862250494673374}, {"l": "Pigmeat", "v": 2.320609106674}, {"l": "Meat, Other", "v": 0.19385576074045002}, {"l": "Poultry Meat", "v": 0.58042439312097116}, {"l": "Milk - Excluding Butter", "v": 8.0577683090105285}, {"l": "Offals, Edible", "v": 0.58005825636598507}, {"l": "Bovine Meat", "v": 9.1540070829268316}, {"l": "Eggs", "v": 0.83682500523055325}]}, {"source": 3, "prod": 15314.0, "target": 10, "value": 54.21640986504611, "supply": [{"l": "Maize", "v": 12.43864453052797}, {"l": "Rye", "v": 0.065090255431100003}, {"l": "Barley", "v": 0.58114875945219724}, {"l": "Cereals, Other", "v": 0.19618860773298649}, {"l": "Rice", "v": 16.246175455064432}, {"l": "Wheat", "v": 24.432035533519535}, {"l": "Oats", "v": 0.25712672331788577}]}, {"source": 4, "prod": 475.0, "target": 10, "value": 1.5612363694830058, "supply": [{"l": "Olives", "v": 0.036385857073285718}, {"l": "Coconuts - Incl Copra", "v": 0.45111550086456215}, {"l": "Sesame seed", "v": 0.025470099951300004}, {"l": "Groundnuts", "v": 1.0283255307440748}, {"l": "Soyabeans", "v": 0.015995714945260871}, {"l": "Rape and Mustardseed", "v": 0.0039436659045218999}]}, {"source": 5, "prod": 223.0, "target": 10, "value": 0.064397191486846944, "supply": [{"l": "Sugar cane", "v": 0.064397191486846944}]}, {"source": 6, "prod": 6059.0, "target": 10, "value": 25.076738263672922, "supply": [{"l": "Sugar", "v": 20.690715168353169}, {"l": "Sugar non-centrifugal", "v": 4.128406562387422}, {"l": "Sweeteners, Other", "v": 0.19557398176891072}, {"l": "Honey", "v": 0.062042551163423082}]}, {"source": 7, "prod": 13869.0, "target": 10, "value": 13.344072676434319, "supply": [{"l": "Roots, Other", "v": 0.19345610268353816}, {"l": "Yams", "v": 0.19443692373537055}, {"l": "Potatoes", "v": 4.189480548753556}, {"l": "Sweet potatoes", "v": 1.2244943506890138}, {"l": "Cassava", "v": 7.5422047505728393}]}, {"source": 8, "prod": 20688.0, "target": 10, "value": 17.644670763442392, "supply": [{"l": "Plantains", "v": 1.9345383309314241}, {"l": "Tomatoes", "v": 0.25792506279797472}, {"l": "Treenuts", "v": 0.12919615917326088}, {"l": "Apples", "v": 0.25762859720855175}, {"l": "Vegetables, Other", "v": 1.2894219846920021}, {"l": "Peas", "v": 0.38792921464287694}, {"l": "Grapes", "v": 0.25795250163444261}, {"l": "Dates", "v": 0.00051223316728493933}, {"l": "Grapefruit", "v": 0.076706666520000008}, {"l": "Pineapples", "v": 0.12921416560659513}, {"l": "Beans", "v": 7.0901716363875256}, {"l": "Pulses, Other", "v": 0.58087421827709707}, {"l": "Lemons, Limes", "v": 0.064598079586630441}, {"l": "Bananas", "v": 2.8360118865375319}, {"l": "Citrus, Other", "v": 0.03137999994}, {"l": "Fruits, Other", "v": 1.0311083941637391}, {"l": "Oranges, Mandarines", "v": 0.96715807749583749}, {"l": "Onions", "v": 0.32234355467961451}]}, {"source": 11, "prod": 898.0, "target": 10, "value": 0.61329538680636797, "supply": [{"l": "Nuts", "v": 0.12919615917326088}, {"l": "Cocoa Beans", "v": 0.064248900778054049}, {"l": "Coffee", "v": 0.25793766910602933}, {"l": "Infant food", "v": 0.0023244444400000001}, {"l": "Pimento", "v": 0.0056600222113999997}, {"l": "Pepper", "v": 0.0034866666600000002}, {"l": "Spices, Other", "v": 0.02122508329275}, {"l": "Tea", "v": 0.12921644114487363}]}, {"source": 9, "prod": 1675.0, "target": 10, "value": 1.1779839385758415, "supply": [{"l": "Freshwater Fish", "v": 0.064685968130285709}, {"l": "Crustaceans", "v": 0.049525194349750008}, {"l": "Aquatic Products, Other", "v": 0.0013867568031560799}, {"l": "Marine Fish, Other", "v": 0.065090255431100003}, {"l": "Demersal Fish", "v": 0.19340366353061827}, {"l": "Fish, Seafood", "v": 0.58035772212081949}, {"l": "Pelagic Fish", "v": 0.19347479770699039}, {"l": "Cephalopods", "v": 0.0023244444400000001}, {"l": "Molluscs, Other", "v": 0.026348379259965519}, {"l": "Aquatic Animals, Others", "v": 0.0013867568031560799}]}, {"source": 12, "prod": 708.0, "target": 10, "value": 7.2550403289610221, "supply": [{"l": "Maize Germ Oil", "v": 0.2497068622676471}, {"l": "Groundnut Oil", "v": 0.77429103851952008}, {"l": "Soyabean Oil", "v": 0.51454747376363641}, {"l": "Palm Oil", "v": 0.265313541159375}, {"l": "Sunflowerseed Oil", "v": 1.485304232975633}, {"l": "Olive Oil", "v": 0.1320671849326667}, {"l": "Coconut Oil", "v": 0.64598079586630452}, {"l": "Rape and Mustard Oil", "v": 0.18523709055490911}, {"l": "Oilcrops Oil, Other", "v": 0.009988274490705884}, {"l": "Sesameseed Oil", "v": 0.33513289409605262}, {"l": "Cottonseed Oil", "v": 2.0680200557473434}, {"l": "Palmkernel Oil", "v": 0.58945088458722872}]}, {"source": 5, "prod": 75369.0, "target": 13, "value": 21.764806839337076, "supply": [{"l": "Sugar beet", "v": 0.12128619024428573}, {"l": "Sugar cane", "v": 21.643520649092789}]}, {"source": 8, "prod": 3296.0, "target": 13, "value": 2.3696348931216584, "supply": [{"l": "Pineapples", "v": 0.015737622734136585}, {"l": "Apples", "v": 0.00053229049010031356}, {"l": "Grapes", "v": 2.3533649798974214}]}, {"source": 3, "prod": 499.0, "target": 13, "value": 1.4857757626504233, "supply": [{"l": "Maize", "v": 0.36340847485777411}, {"l": "Barley", "v": 0.98472428684955626}, {"l": "Rice", "v": 0.1376430009430929}]}, {"source": 4, "prod": 4513.0, "target": 13, "value": 20.660154515729662, "supply": [{"l": "Sunflower seed", "v": 3.3694819727240626}, {"l": "Olives", "v": 0.12735049975650004}, {"l": "Coconuts - Incl Copra", "v": 0.95149958885426433}, {"l": "Soyabeans", "v": 0.69181467138253272}, {"l": "Sesame seed", "v": 0.52638206566020007}, {"l": "Cottonseed", "v": 5.0360613600744664}, {"l": "Rape and Mustardseed", "v": 0.15380297027635409}, {"l": "Groundnuts", "v": 2.4248169922483735}, {"l": "Palm kernels", "v": 0.41408491997479951}, {"l": "Oilcrops, Other", "v": 6.5191327256303593}, {"l": "Oil Palm", "v": 0.44572674914775001}]}, {"source": 6, "prod": 1.0, "target": 13, "value": 0.0041480984699986297, "supply": [{"l": "Sugar", "v": 0.0041480984699986297}]}, {"source": 0, "prod": 1194.0, "target": 14, "value": 3.4789965574569925, "supply": [{"l": "Alcohol, Non-Food", "v": 0.67087365949772537}, {"l": "Beverages, Alcoholic", "v": 0.0067026578819210534}, {"l": "Fats, Animals, Raw", "v": 2.5254941572715963}, {"l": "Fish, Body Oil", "v": 0.27592608280574998}]}, {"source": 2, "prod": 1448.0, "target": 14, "value": 1.1564817375099052, "supply": [{"l": "Pigmeat", "v": 0.018866740704666665}, {"l": "Milk - Excluding Butter", "v": 0.7479478530320276}, {"l": "Offals, Edible", "v": 0.38966714377321099}]}, {"source": 3, "prod": 48.0, "target": 14, "value": 0.17180137795474859, "supply": [{"l": "Maize", "v": 0.16911087443876618}, {"l": "Barley", "v": 0.0026905035159823943}]}, {"source": 4, "prod": 52.0, "target": 14, "value": 0.20422049018763211, "supply": [{"l": "Cottonseed", "v": 0.051267656758784697}, {"l": "Oilcrops, Other", "v": 0.018192928536642859}, {"l": "Coconuts - Incl Copra", "v": 0.0046189300429818649}, {"l": "Palm kernels", "v": 0.13014097484922268}]}, {"source": 5, "prod": 7533.0, "target": 14, "value": 2.1753544550242965, "supply": [{"l": "Sugar cane", "v": 2.1753544550242965}]}, {"source": 6, "prod": 7.0, "target": 14, "value": 0.029036689289990415, "supply": [{"l": "Sugar", "v": 0.029036689289990415}]}, {"source": 7, "prod": 1344.0, "target": 14, "value": 1.3617306803828444, "supply": [{"l": "Cassava", "v": 1.3617306803828444}]}, {"source": 9, "prod": 30.0, "target": 14, "value": 0.020801352047341196, "supply": [{"l": "Aquatic Products, Other", "v": 0.010400676023670598}, {"l": "Aquatic Animals, Others", "v": 0.0013867568031560799}, {"l": "Aquatic Plants", "v": 0.0090139192205145185}]}, {"source": 12, "prod": 106.0, "target": 14, "value": 1.0722277714675623, "supply": [{"l": "Olive Oil", "v": 0.0094333703523333343}, {"l": "Coconut Oil", "v": 0.018456594167608701}, {"l": "Oilcrops Oil, Other", "v": 0.76909713578435313}, {"l": "Soyabean Oil", "v": 0.051454747376363644}, {"l": "Palm Oil", "v": 0.0424501665855}, {"l": "Palmkernel Oil", "v": 0.098241814097871444}, {"l": "Sunflowerseed Oil", "v": 0.083093943103531909}]}, {"source": 2, "prod": 18.0, "target": 2, "value": 0.027140270439909835, "supply": [{"l": "Eggs", "v": 0.027140270439909835}]}, {"source": 3, "prod": 1866.0, "target": 3, "value": 6.0617060294773237, "supply": [{"l": "Maize", "v": 1.1621874988025844}, {"l": "Oats", "v": 0.4511846277087429}, {"l": "Rye", "v": 0.49808195460319998}, {"l": "Barley", "v": 0.41164703794530638}, {"l": "Rice", "v": 1.0237198195142534}, {"l": "Sorghum", "v": 0.10819083200568694}, {"l": "Cereals, Other", "v": 0.013767621595297297}, {"l": "Wheat", "v": 2.3801983041251127}, {"l": "Millet", "v": 0.012728333177139639}]}, {"source": 4, "prod": 266.0, "target": 4, "value": 1.235374847940266, "supply": [{"l": "Soyabeans", "v": 0.05998393104472826}, {"l": "Sunflower seed", "v": 0.058368979055062498}, {"l": "Sesame seed", "v": 0.0084900333171}, {"l": "Cottonseed", "v": 0.65070487424611356}, {"l": "Groundnuts", "v": 0.20312603076426167}, {"l": "Oilcrops, Other", "v": 0.25470099951300007}]}, {"source": 5, "prod": 172.0, "target": 5, "value": 0.049669582671469391, "supply": [{"l": "Sugar cane", "v": 0.049669582671469391}]}, {"source": 7, "prod": 1324.0, "target": 7, "value": 1.1701783556542007, "supply": [{"l": "Potatoes", "v": 0.96977128543599522}, {"l": "Yams", "v": 0.010233522301861609}, {"l": "Roots, Other", "v": 0.033052801463519084}, {"l": "Sweet potatoes", "v": 0.1571207464528247}]}, {"source": 8, "prod": 184.0, "target": 8, "value": 0.64975545447636529, "supply": [{"l": "Vegetables, Other", "v": 0.00554904138372549}, {"l": "Beans", "v": 0.52317345775106194}, {"l": "Peas", "v": 0.035266292240261538}, {"l": "Pulses, Other", "v": 0.085766663101316337}]}, {"source": 0, "prod": 18.0, "target": 15, "value": 0.02155032019625365, "supply": [{"l": "Fats, Animals, Raw", "v": 0.0083349642154178089}, {"l": "Wine", "v": 0.013215355980835841}]}, {"source": 2, "prod": 617.0, "target": 15, "value": 0.4616372056141409, "supply": [{"l": "Eggs", "v": 0.040710405659864751}, {"l": "Milk - Excluding Butter", "v": 0.37166340799384956}, {"l": "Meat, Other", "v": 0.0070750277642500003}, {"l": "Offals, Edible", "v": 0.008884918587662792}, {"l": "Bovine Meat", "v": 0.033303445608513817}]}, {"source": 3, "prod": 2116.0, "target": 15, "value": 7.6631230531935817, "supply": [{"l": "Maize", "v": 3.9795027048781999}, {"l": "Rye", "v": 0.0339601332684}, {"l": "Barley", "v": 0.10492963712331338}, {"l": "Cereals, Other", "v": 0.0068838107976486483}, {"l": "Rice", "v": 1.9657141072185456}, {"l": "Wheat", "v": 1.3842062330139355}, {"l": "Oats", "v": 0.060643095122142866}, {"l": "Sorghum", "v": 0.095462498828547293}, {"l": "Millet", "v": 0.031820832942849098}]}, {"source": 4, "prod": 194.0, "target": 15, "value": 0.9248781628127476, "supply": [{"l": "Olives", "v": 0.0030321547561071431}, {"l": "Sunflower seed", "v": 0.031837624939125002}, {"l": "Coconuts - Incl Copra", "v": 0.080061454078352329}, {"l": "Sesame seed", "v": 0.0084900333171}, {"l": "Groundnuts", "v": 0.082519949997981304}, {"l": "Oilcrops, Other", "v": 0.69133128439242864}, {"l": "Cottonseed", "v": 0.0078873318090437999}, {"l": "Rape and Mustardseed", "v": 0.0039436659045218999}, {"l": "Palm kernels", "v": 0.0157746636180876}]}, {"source": 5, "prod": 7190.0, "target": 15, "value": 2.0763040663247962, "supply": [{"l": "Sugar cane", "v": 2.0763040663247962}]}, {"source": 6, "prod": 33.0, "target": 15, "value": 0.13609602343088964, "supply": [{"l": "Sugar", "v": 0.078813870929973981}, {"l": "Sugar non-centrifugal", "v": 0.057282152500915666}]}, {"source": 7, "prod": 3048.0, "target": 15, "value": 2.9908915777580809, "supply": [{"l": "Roots, Other", "v": 0.033052801463519084}, {"l": "Yams", "v": 0.027289392804964289}, {"l": "Potatoes", "v": 0.58220574961188398}, {"l": "Sweet potatoes", "v": 0.20949432860376629}, {"l": "Cassava", "v": 2.138849305273947}]}, {"source": 8, "prod": 3812.0, "target": 15, "value": 2.3719556686757315, "supply": [{"l": "Plantains", "v": 0.17145242379668871}, {"l": "Fruits, Other", "v": 0.19687033778782609}, {"l": "Citrus, Other", "v": 0.0011622222200000001}, {"l": "Grapefruit", "v": 0.0092977777600000006}, {"l": "Tomatoes", "v": 0.037345399717623427}, {"l": "Vegetables, Other", "v": 0.17669315985020639}, {"l": "Peas", "v": 0.011755430746753845}, {"l": "Grapes", "v": 0.048411253808144684}, {"l": "Beans", "v": 0.23425677212734114}, {"l": "Apples", "v": 0.038324915287222573}, {"l": "Lemons, Limes", "v": 0.007646303298009317}, {"l": "Pineapples", "v": 0.03437428123508781}, {"l": "Bananas", "v": 1.2320031686654316}, {"l": "Oranges, Mandarines", "v": 0.11227374033948362}, {"l": "Pulses, Other", "v": 0.023390908118540818}, {"l": "Onions", "v": 0.036697573917371495}]}, {"source": 11, "prod": 28.0, "target": 15, "value": 0.018236334560062659, "supply": [{"l": "Cocoa Beans", "v": 0.0080311125972567562}, {"l": "Coffee", "v": 0.0064733391860586518}, {"l": "Tea", "v": 0.0037318827767472531}]}, {"source": 16, "prod": 155.0, "target": 11, "value": 0.14126136871088751, "supply": [{"l": "Nuts", "v": 0.036913188335217402}, {"l": "Cocoa Beans", "v": 0.022946035992162161}, {"l": "Coffee", "v": 0.022407712567126099}, {"l": "Pepper", "v": 0.0023244444400000001}, {"l": "Spices, Other", "v": 0.02122508329275}, {"l": "Tea", "v": 0.033120459643631868}, {"l": "Infant food", "v": 0.0023244444400000001}]}, {"source": 16, "prod": 1343.0, "target": 1, "value": 0.9616904316746181, "supply": [{"l": "Meat, Other", "v": 0.0070750277642500003}, {"l": "Crustaceans", "v": 0.0010107182520357144}, {"l": "Eggs", "v": 0.022616892033258198}, {"l": "Demersal Fish", "v": 0.050200404468329872}, {"l": "Mutton & Goat Meat", "v": 0.0048196695686593891}, {"l": "Pigmeat", "v": 0.028300111057000001}, {"l": "Milk - Excluding Butter", "v": 0.6185588157908295}, {"l": "Pelagic Fish", "v": 0.063675249878250004}, {"l": "Fish, Seafood", "v": 0.12203459867773503}, {"l": "Cephalopods", "v": 0.0011622222200000001}, {"l": "Molluscs, Other", "v": 0.0013867568031560799}, {"l": "Poultry Meat", "v": 0.0018367860541802885}, {"l": "Offals, Edible", "v": 0.0012692740839518274}, {"l": "Bovine Meat", "v": 0.037743905022982326}]}, {"source": 16, "prod": 708.0, "target": 13, "value": 3.876342972522588, "supply": [{"l": "Sugar", "v": 2.0118277579493355}, {"l": "Beer", "v": 0.0016764522770014107}, {"l": "Groundnut Oil", "v": 0.061128239883120009}, {"l": "Beverages, Alcoholic", "v": 0.043567276232486851}, {"l": "Fats, Animals, Raw", "v": 0.77515167203385626}, {"l": "Soyabean Oil", "v": 0.30872848425818183}, {"l": "Butter, Ghee", "v": 0.05765619640717165}, {"l": "Palm Oil", "v": 0.084900333171}, {"l": "Sunflowerseed Oil", "v": 0.041546971551765954}, {"l": "Olive Oil", "v": 0.10376707387566668}, {"l": "Coconut Oil", "v": 0.11996786208945656}, {"l": "Oilcrops Oil, Other", "v": 0.14982411736058826}, {"l": "Wine", "v": 0.0038868694061281882}, {"l": "Sweeteners, Other", "v": 0.018192928536642859}, {"l": "Beverages, Fermented", "v": 0.00077737388122563764}, {"l": "Fish, Body Oil", "v": 0.02122508329275}, {"l": "Cottonseed Oil", "v": 0.050686766072238806}, {"l": "Palmkernel Oil", "v": 0.021831514243971433}]}, {"source": 16, "prod": 3768.0, "target": 3, "value": 11.988924642820397, "supply": [{"l": "Maize", "v": 0.46775348249020432}, {"l": "Barley", "v": 0.484290632876831}, {"l": "Rice", "v": 0.30969675212195902}, {"l": "Cereals, Other", "v": 0.13423431055414864}, {"l": "Wheat", "v": 10.395866122428799}, {"l": "Oats", "v": 0.18435500917131431}, {"l": "Sorghum", "v": 0.012728333177139639}]}, {"source": 16, "prod": 549.0, "target": 8, "value": 0.54113153891209476, "supply": [{"l": "Pulses, Other", "v": 0.050680300923505117}, {"l": "Plantains", "v": 0.0039642178912529177}, {"l": "Tomatoes", "v": 0.00053734388082911399}, {"l": "Treenuts", "v": 0.036913188335217402}, {"l": "Vegetables, Other", "v": 0.0081775346707533541}, {"l": "Peas", "v": 0.078369538311692299}, {"l": "Grapes", "v": 0.018786456701668088}, {"l": "Beans", "v": 0.078085590709113722}, {"l": "Apples", "v": 0.035131172346620686}, {"l": "Pineapples", "v": 0.0078688113670682923}, {"l": "Bananas", "v": 0.18458830483448771}, {"l": "Fruits, Other", "v": 0.031991429890521741}, {"l": "Oranges, Mandarines", "v": 0.0025662569220453401}, {"l": "Onions", "v": 0.0034713921273189256}]}, {"source": 16, "prod": 487.0, "target": 4, "value": 0.906551146898809, "supply": [{"l": "Olives", "v": 0.0030321547561071431}, {"l": "Coconuts - Incl Copra", "v": 0.69745843649026174}, {"l": "Sesame seed", "v": 0.1358405330736}, {"l": "Cottonseed", "v": 0.0039436659045218999}, {"l": "Groundnuts", "v": 0.0063476884613831771}, {"l": "Soyabeans", "v": 0.055985002308413037}, {"l": "Rape and Mustardseed", "v": 0.0039436659045218999}]}, {"source": 16, "prod": 100.0, "target": 7, "value": 0.086170776105116004, "supply": [{"l": "Roots, Other", "v": 0.00097214121951526701}, {"l": "Potatoes", "v": 0.083172249944554841}, {"l": "Cassava", "v": 0.0020263849410458996}]}, {"source": 0, "prod": 176.0, "target": 17, "value": 1.6964765882265844, "supply": [{"l": "Beverages, Alcoholic", "v": 0.016756644704802634}, {"l": "Fats, Animals, Raw", "v": 0.29172374753962332}, {"l": "Butter, Ghee", "v": 0.12354899230108207}, {"l": "Wine", "v": 0.0015547477624512753}, {"l": "Fish, Body Oil", "v": 1.2628924559186252}]}, {"source": 2, "prod": 810.0, "target": 17, "value": 1.596925302606967, "supply": [{"l": "Mutton & Goat Meat", "v": 0.084344217451539319}, {"l": "Meat, Other", "v": 0.0424501665855}, {"l": "Eggs", "v": 0.019601306428823774}, {"l": "Pigmeat", "v": 0.011791712940416666}, {"l": "Milk - Excluding Butter", "v": 0.065354666769788822}, {"l": "Offals, Edible", "v": 0.027924029846940202}, {"l": "Bovine Meat", "v": 1.3454592025839582}]}, {"source": 3, "prod": 4001.0, "target": 17, "value": 13.504563998815641, "supply": [{"l": "Maize", "v": 6.2822890802145901}, {"l": "Rye", "v": 0.1160304553337}, {"l": "Barley", "v": 0.43317106607316547}, {"l": "Rice", "v": 1.2904031338414959}, {"l": "Cereals, Other", "v": 0.055070486381189186}, {"l": "Wheat", "v": 3.5066557903019708}, {"l": "Oats", "v": 0.64039108448982862}, {"l": "Sorghum", "v": 0.86234457275121057}, {"l": "Millet", "v": 0.31820832942849098}]}, {"source": 4, "prod": 226.0, "target": 17, "value": 1.1880427054459226, "supply": [{"l": "Olives", "v": 0.0060643095122142861}, {"l": "Coconuts - Incl Copra", "v": 0.0092378600859637297}, {"l": "Sesame seed", "v": 0.0084900333171}, {"l": "Groundnuts", "v": 0.025390753845532708}, {"l": "Oilcrops, Other", "v": 0.84293902219778583}, {"l": "Soyabeans", "v": 0.29592072648732609}]}, {"source": 5, "prod": 10.0, "target": 17, "value": 0.0028877664343877557, "supply": [{"l": "Sugar cane", "v": 0.0028877664343877557}]}, {"source": 6, "prod": 1950.0, "target": 17, "value": 8.0759516345563203, "supply": [{"l": "Sugar", "v": 8.0224224409773512}, {"l": "Sweeteners, Other", "v": 0.0045482321341607148}, {"l": "Honey", "v": 0.048980961444807694}]}, {"source": 7, "prod": 169.0, "target": 17, "value": 0.16640138307939595, "supply": [{"l": "Potatoes", "v": 0.026580822147228868}, {"l": "Cassava", "v": 0.13982056093216708}]}, {"source": 8, "prod": 1990.0, "target": 17, "value": 1.61478994150551, "supply": [{"l": "Pulses, Other", "v": 0.066274239669198987}, {"l": "Plantains", "v": 0.0059463268368793775}, {"l": "Tomatoes", "v": 0.00026867194041455699}, {"l": "Treenuts", "v": 0.18087462284256525}, {"l": "Vegetables, Other", "v": 0.007009315432074302}, {"l": "Peas", "v": 0.0039184769155846157}, {"l": "Grapes", "v": 0.011560896431795746}, {"l": "Beans", "v": 0.13664978374094899}, {"l": "Apples", "v": 0.082505025965548581}, {"l": "Lemons, Limes", "v": 0.001054662523863354}, {"l": "Pineapples", "v": 0.010353699167195123}, {"l": "Bananas", "v": 1.019832703338434}, {"l": "Fruits, Other", "v": 0.029038374823704353}, {"l": "Grapefruit", "v": 0.0058111111000000003}, {"l": "Oranges, Mandarines", "v": 0.038814635945935767}, {"l": "Onions", "v": 0.014877394831366821}]}, {"source": 11, "prod": 1752.0, "target": 17, "value": 1.1427601539557488, "supply": [{"l": "Nuts", "v": 0.1771833040090435}, {"l": "Cocoa Beans", "v": 0.20766162572906754}, {"l": "Coffee", "v": 0.71804270048435204}, {"l": "Pepper", "v": 0.0034866666600000002}, {"l": "Tea", "v": 0.036385857073285711}]}, {"source": 9, "prod": 9210.0, "target": 17, "value": 6.9535519514684179, "supply": [{"l": "Crustaceans", "v": 0.017182210284607147}, {"l": "Aquatic Products, Other", "v": 0.0062404056142023601}, {"l": "Aquatic Plants", "v": 0.0062404056142023601}, {"l": "Freshwater Fish", "v": 0.0013476243360476192}, {"l": "Pelagic Fish", "v": 3.7331656114517595}, {"l": "Fish, Seafood", "v": 3.1867671336526717}, {"l": "Molluscs, Other", "v": 0.0020801352047341197}, {"l": "Demersal Fish", "v": 0.0005284253101929461}]}, {"source": 12, "prod": 442.0, "target": 17, "value": 4.4346296262258997, "supply": [{"l": "Groundnut Oil", "v": 0.31582923939612007}, {"l": "Sunflowerseed Oil", "v": 0.32198902952618619}, {"l": "Olive Oil", "v": 0.0094333703523333343}, {"l": "Oilcrops Oil, Other", "v": 3.7156381105425886}, {"l": "Cottonseed Oil", "v": 0.060824119286686559}, {"l": "Palmkernel Oil", "v": 0.010915757121985717}]}, {"source": 18, "prod": 12.0, "target": 8, "value": 0.046993328226757523, "supply": [{"l": "Beans", "v": 0.0078085590709113719}, {"l": "Peas", "v": 0.03918476915584615}]}, {"source": 18, "prod": 66.0, "target": 4, "value": 0.38173269795168502, "supply": [{"l": "Olives", "v": 0.012128619024428572}, {"l": "Sunflower seed", "v": 0.1220442289333125}, {"l": "Groundnuts", "v": 0.24755984999394395}]}, {"source": 8, "prod": 2.0, "target": 19, "value": 0.007796969372846939, "supply": [{"l": "Pulses, Other", "v": 0.007796969372846939}]}, {"source": 18, "prod": 1189.0, "target": 1, "value": 0.89880908708757423, "supply": [{"l": "Milk - Excluding Butter", "v": 0.0013202962983795722}, {"l": "Fish, Seafood", "v": 0.41117339213577764}, {"l": "Pelagic Fish", "v": 0.48409516894618271}, {"l": "Bovine Meat", "v": 0.0022202297072342544}]}, {"source": 12, "prod": 65.0, "target": 19, "value": 0.64983415679084988, "supply": [{"l": "Oilcrops Oil, Other", "v": 0.60928474393305887}, {"l": "Cottonseed Oil", "v": 0.040549412857791046}]}, {"source": 4, "prod": 87.0, "target": 19, "value": 0.43739438024288713, "supply": [{"l": "Cottonseed", "v": 0.1340846407537446}, {"l": "Coconuts - Incl Copra", "v": 0.0061585733906424868}, {"l": "Oilcrops, Other", "v": 0.29715116609850006}]}, {"source": 18, "prod": 925.0, "target": 11, "value": 0.46709650686097853, "supply": [{"l": "Coffee", "v": 0.45562348886489745}, {"l": "Cocoa Beans", "v": 0.011473017996081081}]}, {"source": 18, "prod": 257.0, "target": 13, "value": 1.3839970366180856, "supply": [{"l": "Olive Oil", "v": 0.028300111057000001}, {"l": "Coconut Oil", "v": 0.018456594167608701}, {"l": "Maize Germ Oil", "v": 0.17978894083270591}, {"l": "Palm Oil", "v": 0.02122508329275}, {"l": "Beer", "v": 0.020955653462517633}, {"l": "Groundnut Oil", "v": 0.56034219892860004}, {"l": "Wine", "v": 0.054416171685794629}, {"l": "Sweeteners, Other", "v": 0.0045482321341607148}, {"l": "Fats, Animals, Raw", "v": 0.23337899803169865}, {"l": "Soyabean Oil", "v": 0.030872848425818184}, {"l": "Honey", "v": 0.013061589718615384}, {"l": "Palmkernel Oil", "v": 0.010915757121985717}, {"l": "Sunflowerseed Oil", "v": 0.20773485775882977}]}, {"source": 6, "prod": 88.0, "target": 19, "value": 0.36503266535987949, "supply": [{"l": "Sugar", "v": 0.36503266535987949}]}, {"source": 18, "prod": 1928.0, "target": 3, "value": 5.8829129332322685, "supply": [{"l": "Maize", "v": 0.079158281652188411}, {"l": "Oats", "v": 0.35658139931820004}, {"l": "Rye", "v": 0.42450166585499999}, {"l": "Barley", "v": 0.65648285789970418}, {"l": "Rice", "v": 0.086026875589433061}, {"l": "Cereals, Other", "v": 0.0034419053988243241}, {"l": "Wheat", "v": 3.8757774524390203}, {"l": "Millet", "v": 0.4009424950798986}]}, {"source": 1, "prod": 11619.0, "target": 9, "value": 8.6680528869639772, "supply": [{"l": "Pelagic Fish", "v": 4.1625653734512404}, {"l": "Crustaceans", "v": 0.066707404634357148}, {"l": "Freshwater Fish", "v": 0.071424089810523811}, {"l": "Molluscs, Other", "v": 0.028428514464699638}, {"l": "Aquatic Animals, Others", "v": 0.0027735136063121598}, {"l": "Aquatic Plants", "v": 0.015254324834716879}, {"l": "Demersal Fish", "v": 0.22193863028103736}, {"l": "Aquatic Products, Other", "v": 0.018027838441029037}, {"l": "Fish, Seafood", "v": 4.0111940531289614}, {"l": "Marine Fish, Other", "v": 0.065090255431100003}, {"l": "Cephalopods", "v": 0.0046488888800000003}]}, {"source": 1, "prod": 23339.0, "target": 2, "value": 26.690022396169379, "supply": [{"l": "Poultry Meat", "v": 0.58042439312097116}, {"l": "Pigmeat", "v": 2.3512675603190831}, {"l": "Bovine Meat", "v": 10.532769731119304}, {"l": "Eggs", "v": 0.92427698775915157}, {"l": "Milk - Excluding Butter", "v": 10.09432534926102}, {"l": "Offals, Edible", "v": 1.064920956435583}, {"l": "Meat, Other", "v": 0.24621096619590002}, {"l": "Mutton & Goat Meat", "v": 0.92296672239827304}]}, {"source": 13, "prod": 6648.0, "target": 0, "value": 12.705025887250537, "supply": [{"l": "Fats, Animals, Raw", "v": 5.6010959527607689}, {"l": "Alcohol, Non-Food", "v": 0.67087365949772537}, {"l": "Beverages, Fermented", "v": 0.00077737388122563764}, {"l": "Fish, Body Oil", "v": 1.5600436220171252}, {"l": "Beer", "v": 0.90235043809600923}, {"l": "Beverages, Alcoholic", "v": 1.1863704451000265}, {"l": "Butter, Ghee", "v": 0.96368213994844032}, {"l": "Wine", "v": 1.8198322559492177}]}, {"source": 13, "prod": 1321.0, "target": 12, "value": 13.411731883445334, "supply": [{"l": "Olive Oil", "v": 0.15093392563733335}, {"l": "Sesameseed Oil", "v": 0.33513289409605262}, {"l": "Soyabean Oil", "v": 0.56600222114000009}, {"l": "Coconut Oil", "v": 0.66443739003391322}, {"l": "Cottonseed Oil", "v": 2.1693935878918209}, {"l": "Rape and Mustard Oil", "v": 0.18523709055490911}, {"l": "Maize Germ Oil", "v": 0.2497068622676471}, {"l": "Groundnut Oil", "v": 1.09012027791564}, {"l": "Palm Oil", "v": 0.30776370774487499}, {"l": "Palmkernel Oil", "v": 0.69860845580708586}, {"l": "Oilcrops Oil, Other", "v": 5.1040082647507061}, {"l": "Sunflowerseed Oil", "v": 1.890387205605351}]}, {"source": 13, "prod": 8180.0, "target": 6, "value": 33.858849832282743, "supply": [{"l": "Honey", "v": 0.11102351260823078}, {"l": "Sweeteners, Other", "v": 0.20012221390307144}, {"l": "Sugar non-centrifugal", "v": 4.3575351723910849}, {"l": "Sugar", "v": 29.190168933380363}]}, {"source": 20, "prod": 0, "target": 3, "value": 0.0015039654207828783, "supply": "[{\"l\":'Energy for power irrigation',\"v\":0.0015039654207828783}]"}, {"source": 20, "prod": 0, "target": 4, "value": 0.00023887732832690377, "supply": "[{\"l\":'Energy for power irrigation',\"v\":0.00023887732832690377}]"}, {"source": 20, "prod": 0, "target": 5, "value": 0.0045117229744789751, "supply": "[{\"l\":'Energy for power irrigation',\"v\":0.0045117229744789751}]"}, {"source": 20, "prod": 0, "target": 7, "value": 0.0013186340441810479, "supply": "[{\"l\":'Energy for power irrigation',\"v\":0.0013186340441810479}]"}, {"source": 20, "prod": 0, "target": 8, "value": 0.0013000055981925514, "supply": "[{\"l\":'Energy for power irrigation',\"v\":0.0013000055981925514}]"}, {"source": 20, "prod": 0, "target": 11, "value": 0.00013276016914359751, "supply": "[{\"l\":'Energy for power irrigation',\"v\":0.00013276016914359751}]"}, {"source": 20, "prod": 0, "target": 13, "value": 0.32614636300295458, "supply": "[{\"l\":'Electricity',\"v\":0.32614636300295458}]"}, {"source": 21, "prod": 0, "target": 20, "value": 0.38967431016169973, "supply": [{"l": "Coal", "v": 0.024614484336324911}, {"l": "Natural gas", "v": 0.10008087719660659}, {"l": "Oil", "v": 0.26497894862876825}]}, {"source": 22, "prod": 0, "target": 20, "value": 0.18649634290926267, "supply": [{"l": "Nuclear", "v": 0.0}, {"l": "Hydroelectric", "v": 0.18235528550139904}, {"l": "Renewable", "v": 0.0041410574078636266}]}, {"source": 21, "prod": 0, "target": 3, "value": 3.8058674652385776, "supply": [{"l": "Motor Gasoline", "v": 0.019864861406605372}, {"l": "Gas-Diesel oil", "v": 2.2207452286266554}, {"l": "Natural gas (including LNG)", "v": 0.081364443622291172}, {"l": "Fuel oil", "v": 1.4043051459942202}, {"l": "Liquefied petroleum gas (LPG)", "v": 0.002194149477385617}, {"l": "Coal", "v": 0.077393636111419944}]}, {"source": 21, "prod": 0, "target": 4, "value": 0.60449225726827738, "supply": [{"l": "Motor Gasoline", "v": 0.0031551689652039986}, {"l": "Gas-Diesel oil", "v": 0.35272465694916977}, {"l": "Natural gas (including LNG)", "v": 0.012923249859814308}, {"l": "Fuel oil", "v": 0.22304812118366549}, {"l": "Liquefied petroleum gas (LPG)", "v": 0.00034850040956055687}, {"l": "Coal", "v": 0.01229255990086328}]}, {"source": 21, "prod": 0, "target": 5, "value": 11.417163881201937, "supply": [{"l": "Motor Gasoline", "v": 0.059592295377621556}, {"l": "Gas-Diesel oil", "v": 6.6619798101767023}, {"l": "Natural gas (including LNG)", "v": 0.24408395600299262}, {"l": "Fuel oil", "v": 4.2127536330343958}, {"l": "Liquefied petroleum gas (LPG)", "v": 0.0065821956208332666}, {"l": "Coal", "v": 0.23217199098939162}]}, {"source": 21, "prod": 0, "target": 7, "value": 3.3368761927333743, "supply": [{"l": "Motor Gasoline", "v": 0.017416944679521096}, {"l": "Gas-Diesel oil", "v": 1.9470861639860046}, {"l": "Natural gas (including LNG)", "v": 0.071338026701673551}, {"l": "Fuel oil", "v": 1.2312547538245213}, {"l": "Liquefied petroleum gas (LPG)", "v": 0.0019237677668125191}, {"l": "Coal", "v": 0.067856535774841589}]}, {"source": 21, "prod": 0, "target": 8, "value": 3.2897358825002661, "supply": [{"l": "Motor Gasoline", "v": 0.017170894143605658}, {"l": "Gas-Diesel oil", "v": 1.9195795258851442}, {"l": "Natural gas (including LNG)", "v": 0.070330228834477287}, {"l": "Fuel oil", "v": 1.2138607218860054}, {"l": "Liquefied petroleum gas (LPG)", "v": 0.001896590549527238}, {"l": "Coal", "v": 0.066897921201506214}]}, {"source": 21, "prod": 0, "target": 11, "value": 0.33595693188223358, "supply": [{"l": "Motor Gasoline", "v": 0.0017535392263089689}, {"l": "Gas-Diesel oil", "v": 0.1960327731629907}, {"l": "Natural gas (including LNG)", "v": 0.0071823175907509886}, {"l": "Fuel oil", "v": 0.12396281598972486}, {"l": "Liquefied petroleum gas (LPG)", "v": 0.00019368507528079915}, {"l": "Coal", "v": 0.0068318008371772796}]}, {"source": 21, "prod": 0, "target": 1, "value": 2.9159166134438443, "supply": [{"l": "Gas-diesel oils used in fisheries", "v": 0.53461342635361664}, {"l": "Fuel oil used in fisheries", "v": 2.3813031870902277}]}, {"source": 23, "prod": 82.815206448344327, "target": 3, "value": 0.68067807098799205, "supply": [{"l": "Potash", "v": 0.42682299553610409}, {"l": "Phosphate", "v": 0.71286424899014245}, {"l": "Nitrogen", "v": 2.9363128836078487}]}, {"source": 23, "prod": 13.153676931563851, "target": 4, "value": 0.10811322973348854, "supply": [{"l": "Potash", "v": 0.42682299553610409}, {"l": "Phosphate", "v": 0.71286424899014245}, {"l": "Nitrogen", "v": 2.9363128836078487}]}, {"source": 23, "prod": 248.43607732331984, "target": 5, "value": 2.0419557847958707, "supply": [{"l": "Potash", "v": 0.42682299553610409}, {"l": "Phosphate", "v": 0.71286424899014245}, {"l": "Nitrogen", "v": 2.9363128836078487}]}, {"source": 23, "prod": 72.610014226140819, "target": 7, "value": 0.59679914519911581, "supply": [{"l": "Potash", "v": 0.42682299553610409}, {"l": "Phosphate", "v": 0.71286424899014245}, {"l": "Nitrogen", "v": 2.9363128836078487}]}, {"source": 23, "prod": 71.584246891978239, "target": 8, "value": 0.58836811712777004, "supply": [{"l": "Potash", "v": 0.42682299553610409}, {"l": "Phosphate", "v": 0.71286424899014245}, {"l": "Nitrogen", "v": 2.9363128836078487}]}, {"source": 23, "prod": 7.3103813849795829, "target": 11, "value": 0.060085780289857754, "supply": [{"l": "Potash", "v": 0.42682299553610409}, {"l": "Phosphate", "v": 0.71286424899014245}, {"l": "Nitrogen", "v": 2.9363128836078487}]}, {"source": 21, "prod": 0, "target": 23, "value": 5.213712359675978, "supply": [{"l": "Natural gas (including LNG)", "v": 3.4309344776563799}, {"l": "Fuel oil", "v": 1.2637223698231903}, {"l": "Liquefied petroleum gas (LPG)", "v": 0.25952775609820389}, {"l": "Coal", "v": 0.25952775609820389}]}, {"source": 24, "prod": 0, "target": 3, "value": 1.8067652114378323, "supply": "[{\"l\":'Labor',\"v\":1.8067652114378323}]"}, {"source": 24, "prod": 0, "target": 4, "value": 0.28697152252184033, "supply": "[{\"l\":'Labor',\"v\":0.28697152252184033}]"}, {"source": 24, "prod": 0, "target": 5, "value": 5.4200874576558826, "supply": "[{\"l\":'Labor',\"v\":5.4200874576558826}]"}, {"source": 24, "prod": 0, "target": 7, "value": 1.5841202761189292, "supply": "[{\"l\":'Labor',\"v\":1.5841202761189292}]"}, {"source": 24, "prod": 0, "target": 8, "value": 1.5617412854253507, "supply": "[{\"l\":'Labor',\"v\":1.5617412854253507}]"}, {"source": 24, "prod": 0, "target": 11, "value": 0.1594893418150489, "supply": "[{\"l\":'Labor',\"v\":0.1594893418150489}]"}, {"source": 21, "prod": 0, "target": 16, "value": 11.440003739981893, "supply": "[{\"l\":'Fossil Fuels',\"v\":11.440003739981893}]"}, {"source": 22, "prod": 0, "target": 16, "value": 5.224620459736685, "supply": "[{\"l\":'Renewables & Nuclear',\"v\":0.5661522943804852},{\"l\":'Biomass & Waste',\"v\":4.6584681653561999}]"}]}