{"nodes": [{"layer": 13, "name": "Other Processed", "fill": "#9c9ede"}, {"layer": 10, "name": "Feed", "fill": "#dbdb8d"}, {"layer": 13, "name": "Animal Products", "fill": "#17becf"}, {"layer": 5, "name": "Cereals", "fill": "#e7ba52"}, {"layer": 5, "name": "Oilcrops", "fill": "#ff9896"}, {"layer": 5, "name": "Fruits, Roots & Vegetables", "fill": "#98df8a"}, {"layer": 5, "name": "Sugar Crops", "fill": "#ffbb78"}, {"layer": 13, "name": "Sugar", "fill": "#d6616b"}, {"layer": 13, "name": "Aquatic Products", "fill": "#1f77b4"}, {"layer": 16, "name": "Food", "fill": "#b5cf6b"}, {"layer": 13, "name": "Vegetable Oils", "fill": "#f7b6d2"}, {"layer": 10, "name": "Processing", "fill": "#9edae5"}, {"layer": 16, "name": "Biofuels & Other", "fill": "#e7ba52"}, {"name": "Waste", "fill": "#c7c7c7"}, {"layer": 0, "name": "Import", "fill": "#aec7e8"}, {"layer": 16, "name": "Export", "fill": "#aec7e8"}, {"layer": 0, "name": "Stock Draw", "fill": "#c7c7c7"}, {"layer": 16, "name": "Stock Deposit", "fill": "#c7c7c7"}, {"layer": 0, "name": "Production", "fill": "#b5cf6b"}], "links": [{"source": 0, "prod": 0.18603161238939706, "target": 1, "value": 10.0, "supply": [{"l": "Butter, Ghee", "v": 2.0}, {"l": "Fish, Body Oil", "v": 8.0}]}, {"source": 2, "prod": 1.1024918744030006, "target": 1, "value": 1646.0, "supply": [{"l": "Milk - Excluding Butter", "v": 1606.0}, {"l": "Meat, Other", "v": 2.0}, {"l": "Offals, Edible", "v": 38.0}]}, {"source": 3, "prod": 50.428808864766587, "target": 1, "value": 14491.0, "supply": [{"l": "Maize", "v": 12319.0}, {"l": "Oats", "v": 195.0}, {"l": "Rye", "v": 105.0}, {"l": "Barley", "v": 356.0}, {"l": "Sorghum", "v": 1178.0}, {"l": "Cereals, Other", "v": 25.0}, {"l": "Rice", "v": 15.0}, {"l": "Wheat", "v": 281.0}, {"l": "Millet", "v": 17.0}]}, {"source": 4, "prod": 0.21831514243971428, "target": 1, "value": 51.0, "supply": [{"l": "Soyabeans", "v": 50.0}, {"l": "Oilcrops, Other", "v": 1.0}]}, {"source": 5, "prod": 16.789401770158562, "target": 1, "value": 16624.0, "supply": [{"l": "Vegetables, Other", "v": 41.0}, {"l": "Potatoes", "v": 194.0}, {"l": "Yams", "v": 58.0}, {"l": "Bananas", "v": 120.0}, {"l": "Roots, Other", "v": 5.0}, {"l": "Sweet potatoes", "v": 918.0}, {"l": "Plantains", "v": 241.0}, {"l": "Cassava", "v": 15047.0}]}, {"source": 6, "prod": 4.2341845470764587, "target": 1, "value": 14463.0, "supply": [{"l": "Sugar beet", "v": 3.0}, {"l": "Sugar cane", "v": 14460.0}]}, {"source": 7, "prod": 0.12396951303730087, "target": 1, "value": 30.0, "supply": [{"l": "Sugar non-centrifugal", "v": 30.0}]}, {"source": 8, "prod": 0.8983099388214586, "target": 1, "value": 1161.0, "supply": [{"l": "Pelagic Fish", "v": 439.0}, {"l": "Fish, Seafood", "v": 581.0}, {"l": "Demersal Fish", "v": 141.0}]}, {"source": 0, "prod": 9.075836775597816, "target": 9, "value": 6304.0, "supply": [{"l": "Beer", "v": 2493.0}, {"l": "Beverages, Alcoholic", "v": 509.0}, {"l": "Fats, Animals, Raw", "v": 371.0}, {"l": "Butter, Ghee", "v": 121.0}, {"l": "Wine", "v": 2809.0}, {"l": "Beverages, Fermented", "v": 1.0}]}, {"source": 2, "prod": 26.312586277576983, "target": 9, "value": 23045.0, "supply": [{"l": "Mutton & Goat Meat", "v": 367.0}, {"l": "Pigmeat", "v": 1178.0}, {"l": "Meat, Other", "v": 121.0}, {"l": "Poultry Meat", "v": 639.0}, {"l": "Milk - Excluding Butter", "v": 15154.0}, {"l": "Offals, Edible", "v": 513.0}, {"l": "Bovine Meat", "v": 4453.0}, {"l": "Eggs", "v": 620.0}]}, {"source": 3, "prod": 62.899173301050517, "target": 9, "value": 17792.0, "supply": [{"l": "Maize", "v": 3839.0}, {"l": "Rye", "v": 23.0}, {"l": "Barley", "v": 199.0}, {"l": "Cereals, Other", "v": 71.0}, {"l": "Rice", "v": 4671.0}, {"l": "Wheat", "v": 8876.0}, {"l": "Oats", "v": 113.0}]}, {"source": 4, "prod": 2.3586743895297091, "target": 9, "value": 787.0, "supply": [{"l": "Olives", "v": 24.0}, {"l": "Coconuts - Incl Copra", "v": 529.0}, {"l": "Sesame seed", "v": 2.0}, {"l": "Groundnuts", "v": 213.0}, {"l": "Oilcrops, Other", "v": 1.0}, {"l": "Soyabeans", "v": 18.0}]}, {"source": 5, "prod": 42.870920669128289, "target": 9, "value": 46512.0, "supply": [{"l": "Roots, Other", "v": 239.0}, {"l": "Plantains", "v": 2671.0}, {"l": "Nuts", "v": 51.0}, {"l": "Yams", "v": 197.0}, {"l": "Cocoa Beans", "v": 95.0}, {"l": "Tomatoes", "v": 1507.0}, {"l": "Coffee", "v": 699.0}, {"l": "Treenuts", "v": 50.0}, {"l": "Apples", "v": 566.0}, {"l": "Vegetables, Other", "v": 5091.0}, {"l": "Peas", "v": 110.0}, {"l": "Infant food", "v": 16.0}, {"l": "Grapes", "v": 413.0}, {"l": "Dates", "v": 1.0}, {"l": "Potatoes", "v": 5528.0}, {"l": "Pimento", "v": 2.0}, {"l": "Pepper", "v": 4.0}, {"l": "Pineapples", "v": 459.0}, {"l": "Beans", "v": 2608.0}, {"l": "Pulses, Other", "v": 197.0}, {"l": "Lemons, Limes", "v": 285.0}, {"l": "Bananas", "v": 5644.0}, {"l": "Citrus, Other", "v": 45.0}, {"l": "Spices, Other", "v": 5.0}, {"l": "Tea", "v": 240.0}, {"l": "Fruits, Other", "v": 2549.0}, {"l": "Sweet potatoes", "v": 1617.0}, {"l": "Grapefruit", "v": 134.0}, {"l": "Oranges, Mandarines", "v": 3787.0}, {"l": "Onions", "v": 826.0}, {"l": "Cassava", "v": 10876.0}]}, {"source": 6, "prod": 0.075532020545234502, "target": 9, "value": 258.0, "supply": [{"l": "Sugar cane", "v": 258.0}]}, {"source": 7, "prod": 27.439962457398579, "target": 9, "value": 6617.0, "supply": [{"l": "Sugar", "v": 5743.0}, {"l": "Sugar non-centrifugal", "v": 804.0}, {"l": "Sweeteners, Other", "v": 49.0}, {"l": "Honey", "v": 21.0}]}, {"source": 8, "prod": 1.7195890978955086, "target": 9, "value": 2380.0, "supply": [{"l": "Freshwater Fish", "v": 131.0}, {"l": "Crustaceans", "v": 72.0}, {"l": "Aquatic Products, Other", "v": 4.0}, {"l": "Marine Fish, Other", "v": 106.0}, {"l": "Demersal Fish", "v": 484.0}, {"l": "Fish, Seafood", "v": 1187.0}, {"l": "Pelagic Fish", "v": 330.0}, {"l": "Cephalopods", "v": 7.0}, {"l": "Molluscs, Other", "v": 55.0}, {"l": "Aquatic Animals, Others", "v": 4.0}]}, {"source": 10, "prod": 11.098517362712062, "target": 9, "value": 1078.0, "supply": [{"l": "Maize Germ Oil", "v": 57.0}, {"l": "Groundnut Oil", "v": 140.0}, {"l": "Soyabean Oil", "v": 133.0}, {"l": "Palm Oil", "v": 42.0}, {"l": "Sunflowerseed Oil", "v": 300.0}, {"l": "Olive Oil", "v": 18.0}, {"l": "Coconut Oil", "v": 43.0}, {"l": "Rape and Mustard Oil", "v": 26.0}, {"l": "Oilcrops Oil, Other", "v": 1.0}, {"l": "Sesameseed Oil", "v": 44.0}, {"l": "Cottonseed Oil", "v": 240.0}, {"l": "Palmkernel Oil", "v": 34.0}]}, {"source": 0, "prod": 0.0023418925129603681, "target": 11, "value": 3.0, "supply": [{"l": "Wine", "v": 3.0}]}, {"source": 3, "prod": 1.6699854038401889, "target": 11, "value": 563.0, "supply": [{"l": "Maize", "v": 101.0}, {"l": "Barley", "v": 417.0}, {"l": "Rice", "v": 45.0}]}, {"source": 4, "prod": 24.0567054220881, "target": 11, "value": 5347.0, "supply": [{"l": "Sunflower seed", "v": 1187.0}, {"l": "Coconuts - Incl Copra", "v": 435.0}, {"l": "Soyabeans", "v": 491.0}, {"l": "Olives", "v": 75.0}, {"l": "Sesame seed", "v": 92.0}, {"l": "Cottonseed", "v": 1197.0}, {"l": "Rape and Mustardseed", "v": 60.0}, {"l": "Groundnuts", "v": 450.0}, {"l": "Palm kernels", "v": 133.0}, {"l": "Oilcrops, Other", "v": 987.0}, {"l": "Oil Palm", "v": 240.0}]}, {"source": 5, "prod": 3.4725833674442157, "target": 11, "value": 4744.0, "supply": [{"l": "Apples", "v": 2.0}, {"l": "Grapes", "v": 4739.0}, {"l": "Cassava", "v": 3.0}]}, {"source": 6, "prod": 25.312009675740207, "target": 11, "value": 86460.0, "supply": [{"l": "Sugar cane", "v": 85050.0}, {"l": "Sugar beet", "v": 1410.0}]}, {"source": 7, "prod": 0.004146295340909302, "target": 11, "value": 1.0, "supply": [{"l": "Sugar", "v": 1.0}]}, {"source": 0, "prod": 4.5076261454066353, "target": 12, "value": 1089.0, "supply": [{"l": "Alcohol, Non-Food", "v": 685.0}, {"l": "Beverages, Alcoholic", "v": 5.0}, {"l": "Fats, Animals, Raw", "v": 351.0}, {"l": "Fish, Body Oil", "v": 48.0}]}, {"source": 2, "prod": 0.95668211608332276, "target": 12, "value": 1063.0, "supply": [{"l": "Pigmeat", "v": 8.0}, {"l": "Milk - Excluding Butter", "v": 687.0}, {"l": "Offals, Edible", "v": 368.0}]}, {"source": 3, "prod": 0.25052526995617519, "target": 12, "value": 71.0, "supply": [{"l": "Maize", "v": 66.0}, {"l": "Barley", "v": 1.0}, {"l": "Wheat", "v": 4.0}]}, {"source": 4, "prod": 1.6317709273032595, "target": 12, "value": 370.0, "supply": [{"l": "Cottonseed", "v": 254.0}, {"l": "Oilcrops, Other", "v": 38.0}, {"l": "Coconuts - Incl Copra", "v": 3.0}, {"l": "Palm kernels", "v": 75.0}]}, {"source": 5, "prod": 2.0667833683277115, "target": 12, "value": 2037.0, "supply": [{"l": "Potatoes", "v": 1.0}, {"l": "Cassava", "v": 2036.0}]}, {"source": 6, "prod": 3.2938401672652451, "target": 12, "value": 11251.0, "supply": [{"l": "Sugar cane", "v": 11251.0}]}, {"source": 7, "prod": 0.058048134772730228, "target": 12, "value": 14.0, "supply": [{"l": "Sugar", "v": 14.0}]}, {"source": 8, "prod": 0.082830976676509099, "target": 12, "value": 117.0, "supply": [{"l": "Fish, Seafood", "v": 15.0}, {"l": "Aquatic Products, Other", "v": 44.0}, {"l": "Molluscs, Other", "v": 15.0}, {"l": "Aquatic Animals, Others", "v": 3.0}, {"l": "Aquatic Plants", "v": 40.0}]}, {"source": 10, "prod": 1.2878168808531842, "target": 12, "value": 126.0, "supply": [{"l": "Olive Oil", "v": 1.0}, {"l": "Coconut Oil", "v": 3.0}, {"l": "Cottonseed Oil", "v": 1.0}, {"l": "Oilcrops Oil, Other", "v": 62.0}, {"l": "Soyabean Oil", "v": 4.0}, {"l": "Palm Oil", "v": 5.0}, {"l": "Palmkernel Oil", "v": 40.0}, {"l": "Sunflowerseed Oil", "v": 10.0}]}, {"source": 5, "prod": 2.1825418458480943, "target": 5, "value": 1726.0, "supply": [{"l": "Vegetables, Other", "v": 18.0}, {"l": "Potatoes", "v": 1256.0}, {"l": "Yams", "v": 11.0}, {"l": "Beans", "v": 175.0}, {"l": "Roots, Other", "v": 41.0}, {"l": "Peas", "v": 11.0}, {"l": "Sweet potatoes", "v": 187.0}, {"l": "Pulses, Other", "v": 27.0}]}, {"source": 6, "prod": 0.082851014784113788, "target": 6, "value": 283.0, "supply": [{"l": "Sugar cane", "v": 283.0}]}, {"source": 2, "prod": 0.055624356215482756, "target": 2, "value": 38.0, "supply": [{"l": "Eggs", "v": 38.0}]}, {"source": 3, "prod": 7.139863769429609, "target": 3, "value": 2170.0, "supply": [{"l": "Maize", "v": 428.0}, {"l": "Oats", "v": 162.0}, {"l": "Rye", "v": 153.0}, {"l": "Barley", "v": 145.0}, {"l": "Rice", "v": 303.0}, {"l": "Sorghum", "v": 51.0}, {"l": "Cereals, Other", "v": 3.0}, {"l": "Wheat", "v": 921.0}, {"l": "Millet", "v": 4.0}]}, {"source": 4, "prod": 1.2061084668497095, "target": 4, "value": 255.0, "supply": [{"l": "Soyabeans", "v": 35.0}, {"l": "Sunflower seed", "v": 10.0}, {"l": "Sesame seed", "v": 1.0}, {"l": "Cottonseed", "v": 147.0}, {"l": "Groundnuts", "v": 37.0}, {"l": "Oilcrops, Other", "v": 25.0}]}, {"source": 0, "prod": 0.029444613530131298, "target": 13, "value": 28.0, "supply": [{"l": "Fats, Animals, Raw", "v": 1.0}, {"l": "Wine", "v": 27.0}]}, {"source": 2, "prod": 0.61263724304897249, "target": 13, "value": 755.0, "supply": [{"l": "Eggs", "v": 29.0}, {"l": "Pigmeat", "v": 1.0}, {"l": "Milk - Excluding Butter", "v": 656.0}, {"l": "Meat, Other", "v": 6.0}, {"l": "Poultry Meat", "v": 1.0}, {"l": "Offals, Edible", "v": 7.0}, {"l": "Bovine Meat", "v": 55.0}]}, {"source": 3, "prod": 10.181326640784556, "target": 13, "value": 2818.0, "supply": [{"l": "Maize", "v": 1579.0}, {"l": "Rye", "v": 6.0}, {"l": "Barley", "v": 37.0}, {"l": "Cereals, Other", "v": 2.0}, {"l": "Rice", "v": 590.0}, {"l": "Wheat", "v": 538.0}, {"l": "Oats", "v": 18.0}, {"l": "Sorghum", "v": 38.0}, {"l": "Millet", "v": 10.0}]}, {"source": 4, "prod": 0.89498080290235194, "target": 13, "value": 212.0, "supply": [{"l": "Olives", "v": 1.0}, {"l": "Sunflower seed", "v": 6.0}, {"l": "Coconuts - Incl Copra", "v": 80.0}, {"l": "Sesame seed", "v": 1.0}, {"l": "Cottonseed", "v": 2.0}, {"l": "Groundnuts", "v": 17.0}, {"l": "Oilcrops, Other", "v": 95.0}, {"l": "Soyabeans", "v": 2.0}, {"l": "Rape and Mustardseed", "v": 2.0}, {"l": "Palm kernels", "v": 6.0}]}, {"source": 5, "prod": 6.9183974516025231, "target": 13, "value": 8565.0, "supply": [{"l": "Roots, Other", "v": 37.0}, {"l": "Plantains", "v": 270.0}, {"l": "Fruits, Other", "v": 506.0}, {"l": "Yams", "v": 30.0}, {"l": "Citrus, Other", "v": 2.0}, {"l": "Grapefruit", "v": 15.0}, {"l": "Cocoa Beans", "v": 19.0}, {"l": "Tomatoes", "v": 203.0}, {"l": "Coffee", "v": 15.0}, {"l": "Vegetables, Other", "v": 688.0}, {"l": "Peas", "v": 3.0}, {"l": "Grapes", "v": 85.0}, {"l": "Potatoes", "v": 772.0}, {"l": "Pepper", "v": 1.0}, {"l": "Beans", "v": 87.0}, {"l": "Apples", "v": 95.0}, {"l": "Lemons, Limes", "v": 36.0}, {"l": "Pineapples", "v": 104.0}, {"l": "Bananas", "v": 1622.0}, {"l": "Tea", "v": 7.0}, {"l": "Sweet potatoes", "v": 291.0}, {"l": "Oranges, Mandarines", "v": 466.0}, {"l": "Pulses, Other", "v": 7.0}, {"l": "Onions", "v": 96.0}, {"l": "Cassava", "v": 3108.0}]}, {"source": 6, "prod": 4.0181278371447418, "target": 13, "value": 13725.0, "supply": [{"l": "Sugar cane", "v": 13725.0}]}, {"source": 7, "prod": 0.1242490778306197, "target": 13, "value": 30.0, "supply": [{"l": "Sugar", "v": 20.0}, {"l": "Sugar non-centrifugal", "v": 10.0}]}, {"source": 14, "prod": 4.0988200904139855, "target": 11, "value": 570.0, "supply": [{"l": "Sugar", "v": 227.0}, {"l": "Beer", "v": 2.0}, {"l": "Groundnut Oil", "v": 10.0}, {"l": "Beverages, Alcoholic", "v": 16.0}, {"l": "Fats, Animals, Raw", "v": 144.0}, {"l": "Soyabean Oil", "v": 47.0}, {"l": "Butter, Ghee", "v": 17.0}, {"l": "Palm Oil", "v": 5.0}, {"l": "Sunflowerseed Oil", "v": 26.0}, {"l": "Olive Oil", "v": 12.0}, {"l": "Coconut Oil", "v": 4.0}, {"l": "Rape and Mustard Oil", "v": 1.0}, {"l": "Oilcrops Oil, Other", "v": 11.0}, {"l": "Wine", "v": 7.0}, {"l": "Sweeteners, Other", "v": 3.0}, {"l": "Beverages, Fermented", "v": 1.0}, {"l": "Fish, Body Oil", "v": 18.0}, {"l": "Cottonseed Oil", "v": 17.0}, {"l": "Palmkernel Oil", "v": 2.0}]}, {"source": 14, "prod": 16.926938954894645, "target": 3, "value": 5382.0, "supply": [{"l": "Maize", "v": 90.0}, {"l": "Barley", "v": 223.0}, {"l": "Rice", "v": 70.0}, {"l": "Cereals, Other", "v": 43.0}, {"l": "Wheat", "v": 4861.0}, {"l": "Oats", "v": 79.0}, {"l": "Sorghum", "v": 16.0}]}, {"source": 14, "prod": 0.6063472351641892, "target": 4, "value": 312.0, "supply": [{"l": "Olives", "v": 13.0}, {"l": "Coconuts - Incl Copra", "v": 269.0}, {"l": "Sesame seed", "v": 2.0}, {"l": "Groundnuts", "v": 2.0}, {"l": "Oilcrops, Other", "v": 3.0}, {"l": "Soyabeans", "v": 23.0}]}, {"source": 14, "prod": 0.96215931861101223, "target": 5, "value": 886.0, "supply": [{"l": "Roots, Other", "v": 2.0}, {"l": "Pulses, Other", "v": 15.0}, {"l": "Infant food", "v": 16.0}, {"l": "Plantains", "v": 3.0}, {"l": "Nuts", "v": 12.0}, {"l": "Cocoa Beans", "v": 26.0}, {"l": "Tomatoes", "v": 9.0}, {"l": "Coffee", "v": 42.0}, {"l": "Treenuts", "v": 11.0}, {"l": "Vegetables, Other", "v": 31.0}, {"l": "Peas", "v": 24.0}, {"l": "Grapes", "v": 42.0}, {"l": "Potatoes", "v": 105.0}, {"l": "Pepper", "v": 2.0}, {"l": "Beans", "v": 37.0}, {"l": "Apples", "v": 125.0}, {"l": "Pineapples", "v": 10.0}, {"l": "Bananas", "v": 234.0}, {"l": "Spices, Other", "v": 5.0}, {"l": "Tea", "v": 35.0}, {"l": "Fruits, Other", "v": 76.0}, {"l": "Grapefruit", "v": 2.0}, {"l": "Oranges, Mandarines", "v": 6.0}, {"l": "Onions", "v": 15.0}, {"l": "Cassava", "v": 1.0}]}, {"source": 14, "prod": 1.1951594641227206, "target": 1, "value": 1617.0, "supply": [{"l": "Meat, Other", "v": 1.0}, {"l": "Crustaceans", "v": 1.0}, {"l": "Eggs", "v": 2.0}, {"l": "Mutton & Goat Meat", "v": 8.0}, {"l": "Pigmeat", "v": 10.0}, {"l": "Milk - Excluding Butter", "v": 988.0}, {"l": "Pelagic Fish", "v": 161.0}, {"l": "Fish, Seafood", "v": 286.0}, {"l": "Cephalopods", "v": 1.0}, {"l": "Molluscs, Other", "v": 1.0}, {"l": "Poultry Meat", "v": 1.0}, {"l": "Offals, Edible", "v": 4.0}, {"l": "Demersal Fish", "v": 123.0}, {"l": "Bovine Meat", "v": 30.0}]}, {"source": 0, "prod": 5.574622851734226, "target": 15, "value": 360.0, "supply": [{"l": "Beverages, Alcoholic", "v": 11.0}, {"l": "Fats, Animals, Raw", "v": 133.0}, {"l": "Butter, Ghee", "v": 6.0}, {"l": "Wine", "v": 4.0}, {"l": "Fish, Body Oil", "v": 206.0}]}, {"source": 2, "prod": 2.1428690514927116, "target": 15, "value": 1080.0, "supply": [{"l": "Mutton & Goat Meat", "v": 62.0}, {"l": "Meat, Other", "v": 84.0}, {"l": "Eggs", "v": 1.0}, {"l": "Pigmeat", "v": 7.0}, {"l": "Milk - Excluding Butter", "v": 78.0}, {"l": "Offals, Edible", "v": 49.0}, {"l": "Bovine Meat", "v": 799.0}]}, {"source": 3, "prod": 28.018396510821667, "target": 15, "value": 8224.0, "supply": [{"l": "Maize", "v": 4759.0}, {"l": "Rye", "v": 3.0}, {"l": "Barley", "v": 101.0}, {"l": "Rice", "v": 322.0}, {"l": "Cereals, Other", "v": 30.0}, {"l": "Wheat", "v": 2086.0}, {"l": "Oats", "v": 201.0}, {"l": "Sorghum", "v": 509.0}, {"l": "Millet", "v": 213.0}]}, {"source": 4, "prod": 1.5528797735579991, "target": 15, "value": 353.0, "supply": [{"l": "Olives", "v": 9.0}, {"l": "Coconuts - Incl Copra", "v": 3.0}, {"l": "Sesame seed", "v": 4.0}, {"l": "Cottonseed", "v": 1.0}, {"l": "Groundnuts", "v": 16.0}, {"l": "Oilcrops, Other", "v": 14.0}, {"l": "Soyabeans", "v": 306.0}]}, {"source": 5, "prod": 3.3428004061357082, "target": 15, "value": 4668.0, "supply": [{"l": "Pulses, Other", "v": 8.0}, {"l": "Plantains", "v": 19.0}, {"l": "Nuts", "v": 37.0}, {"l": "Yams", "v": 1.0}, {"l": "Cocoa Beans", "v": 193.0}, {"l": "Tomatoes", "v": 8.0}, {"l": "Coffee", "v": 1530.0}, {"l": "Treenuts", "v": 37.0}, {"l": "Vegetables, Other", "v": 37.0}, {"l": "Peas", "v": 2.0}, {"l": "Grapes", "v": 20.0}, {"l": "Potatoes", "v": 12.0}, {"l": "Pepper", "v": 10.0}, {"l": "Beans", "v": 32.0}, {"l": "Apples", "v": 265.0}, {"l": "Lemons, Limes", "v": 1.0}, {"l": "Pineapples", "v": 21.0}, {"l": "Bananas", "v": 1786.0}, {"l": "Tea", "v": 46.0}, {"l": "Fruits, Other", "v": 98.0}, {"l": "Grapefruit", "v": 9.0}, {"l": "Oranges, Mandarines", "v": 332.0}, {"l": "Onions", "v": 26.0}, {"l": "Cassava", "v": 138.0}]}, {"source": 6, "prod": 0.01317418962998276, "target": 15, "value": 45.0, "supply": [{"l": "Sugar cane", "v": 45.0}]}, {"source": 7, "prod": 8.9478534276587354, "target": 15, "value": 2162.0, "supply": [{"l": "Sugar", "v": 2135.0}, {"l": "Honey", "v": 27.0}]}, {"source": 8, "prod": 15.269992492978925, "target": 15, "value": 18871.0, "supply": [{"l": "Meat, Aquatic Mammals", "v": 7.0}, {"l": "Crustaceans", "v": 45.0}, {"l": "Aquatic Products, Other", "v": 33.0}, {"l": "Aquatic Plants", "v": 26.0}, {"l": "Freshwater Fish", "v": 5.0}, {"l": "Pelagic Fish", "v": 9339.0}, {"l": "Fish, Seafood", "v": 9402.0}, {"l": "Molluscs, Other", "v": 1.0}, {"l": "Demersal Fish", "v": 13.0}]}, {"source": 10, "prod": 5.4444473033993326, "target": 15, "value": 553.0, "supply": [{"l": "Groundnut Oil", "v": 70.0}, {"l": "Palm Oil", "v": 6.0}, {"l": "Sunflowerseed Oil", "v": 81.0}, {"l": "Olive Oil", "v": 10.0}, {"l": "Oilcrops Oil, Other", "v": 370.0}, {"l": "Cottonseed Oil", "v": 8.0}, {"l": "Palmkernel Oil", "v": 8.0}]}, {"source": 16, "prod": 0.11008777826848194, "target": 5, "value": 37.0, "supply": [{"l": "Beans", "v": 22.0}, {"l": "Cocoa Beans", "v": 15.0}]}, {"source": 16, "prod": 1.3886166181241222, "target": 4, "value": 238.0, "supply": [{"l": "Olives", "v": 6.0}, {"l": "Sunflower seed", "v": 27.0}, {"l": "Groundnuts", "v": 76.0}, {"l": "Oilcrops, Other", "v": 129.0}]}, {"source": 2, "prod": 0.00130707999123293, "target": 17, "value": 2.0, "supply": [{"l": "Milk - Excluding Butter", "v": 2.0}]}, {"source": 0, "prod": 0.062320852080723126, "target": 17, "value": 11.0, "supply": [{"l": "Fats, Animals, Raw", "v": 5.0}, {"l": "Beverages, Alcoholic", "v": 6.0}]}, {"source": 3, "prod": 0.070042774866075005, "target": 17, "value": 22.0, "supply": [{"l": "Cereals, Other", "v": 2.0}, {"l": "Millet", "v": 20.0}]}, {"source": 16, "prod": 1.8035329333883992, "target": 1, "value": 2228.0, "supply": [{"l": "Fish, Seafood", "v": 1114.0}, {"l": "Pelagic Fish", "v": 1114.0}]}, {"source": 5, "prod": 0.025465752707881678, "target": 17, "value": 46.0, "supply": [{"l": "Pepper", "v": 1.0}, {"l": "Coffee", "v": 45.0}]}, {"source": 10, "prod": 1.4404551903121008, "target": 17, "value": 144.0, "supply": [{"l": "Coconut Oil", "v": 4.0}, {"l": "Maize Germ Oil", "v": 11.0}, {"l": "Groundnut Oil", "v": 18.0}, {"l": "Oilcrops Oil, Other", "v": 63.0}, {"l": "Soyabean Oil", "v": 7.0}, {"l": "Cottonseed Oil", "v": 41.0}]}, {"source": 4, "prod": 0.20674803355530558, "target": 17, "value": 55.0, "supply": [{"l": "Soyabeans", "v": 41.0}, {"l": "Coconuts - Incl Copra", "v": 10.0}, {"l": "Cottonseed", "v": 4.0}]}, {"source": 16, "prod": 3.3925145737268512, "target": 11, "value": 1103.0, "supply": [{"l": "Sugar", "v": 229.0}, {"l": "Wine", "v": 769.0}, {"l": "Sweeteners, Other", "v": 1.0}, {"l": "Fish, Body Oil", "v": 70.0}, {"l": "Sunflowerseed Oil", "v": 34.0}]}, {"source": 7, "prod": 0.0070750277642500003, "target": 17, "value": 2.0, "supply": [{"l": "Honey", "v": 2.0}]}, {"source": 16, "prod": 13.798681079150583, "target": 3, "value": 4171.0, "supply": [{"l": "Maize", "v": 1619.0}, {"l": "Oats", "v": 256.0}, {"l": "Rye", "v": 90.0}, {"l": "Barley", "v": 122.0}, {"l": "Rice", "v": 267.0}, {"l": "Wheat", "v": 1817.0}]}, {"source": 18, "prod": 157.39216805368105, "target": 3, "value": 44896.0, "supply": [{"l": "Maize", "v": 24620.0}, {"l": "Barley", "v": 1155.0}, {"l": "Cereals, Other", "v": 85.0}, {"l": "Sorghum", "v": 1761.0}, {"l": "Rye", "v": 381.0}, {"l": "Rice", "v": 6144.0}, {"l": "Wheat", "v": 9661.0}, {"l": "Oats", "v": 865.0}, {"l": "Millet", "v": 224.0}]}, {"source": 18, "prod": 31.491755111423327, "target": 4, "value": 7013.0, "supply": [{"l": "Sunflower seed", "v": 1229.0}, {"l": "Coconuts - Incl Copra", "v": 772.0}, {"l": "Sesame seed", "v": 98.0}, {"l": "Cottonseed", "v": 1597.0}, {"l": "Olives", "v": 110.0}, {"l": "Groundnuts", "v": 806.0}, {"l": "Oilcrops, Other", "v": 1287.0}, {"l": "Soyabeans", "v": 838.0}, {"l": "Rape and Mustardseed", "v": 62.0}, {"l": "Palm kernels", "v": 214.0}]}, {"source": 18, "prod": 76.764338978136692, "target": 5, "value": 83975.0, "supply": [{"l": "Roots, Other", "v": 320.0}, {"l": "Plantains", "v": 3198.0}, {"l": "Nuts", "v": 76.0}, {"l": "Tomatoes", "v": 1710.0}, {"l": "Pepper", "v": 10.0}, {"l": "Treenuts", "v": 76.0}, {"l": "Vegetables, Other", "v": 5844.0}, {"l": "Peas", "v": 103.0}, {"l": "Grapes", "v": 5216.0}, {"l": "Pimento", "v": 2.0}, {"l": "Pulses, Other", "v": 224.0}, {"l": "Pineapples", "v": 574.0}, {"l": "Citrus, Other", "v": 47.0}, {"l": "Tea", "v": 258.0}, {"l": "Grapefruit", "v": 155.0}, {"l": "Fruits, Other", "v": 3072.0}, {"l": "Yams", "v": 296.0}, {"l": "Coffee", "v": 2157.0}, {"l": "Dates", "v": 1.0}, {"l": "Cocoa Beans", "v": 297.0}, {"l": "Potatoes", "v": 7657.0}, {"l": "Beans", "v": 2887.0}, {"l": "Apples", "v": 802.0}, {"l": "Lemons, Limes", "v": 322.0}, {"l": "Bananas", "v": 8938.0}, {"l": "Sweet potatoes", "v": 3013.0}, {"l": "Oranges, Mandarines", "v": 4580.0}, {"l": "Onions", "v": 933.0}, {"l": "Cassava", "v": 31207.0}]}, {"source": 18, "prod": 37.029426692416429, "target": 6, "value": 126484.0, "supply": [{"l": "Sugar cane", "v": 125071.0}, {"l": "Sugar beet", "v": 1413.0}]}, {"source": 1, "prod": 17.9707225063724, "target": 8, "value": 22529.0, "supply": [{"l": "Meat, Aquatic Mammals", "v": 7.0}, {"l": "Pelagic Fish", "v": 10108.0}, {"l": "Crustaceans", "v": 117.0}, {"l": "Freshwater Fish", "v": 136.0}, {"l": "Molluscs, Other", "v": 71.0}, {"l": "Aquatic Animals, Others", "v": 7.0}, {"l": "Aquatic Plants", "v": 66.0}, {"l": "Demersal Fish", "v": 638.0}, {"l": "Aquatic Products, Other", "v": 81.0}, {"l": "Fish, Seafood", "v": 11185.0}, {"l": "Marine Fish, Other", "v": 106.0}, {"l": "Cephalopods", "v": 7.0}]}, {"source": 1, "prod": 31.128573642596219, "target": 2, "value": 27591.0, "supply": [{"l": "Poultry Meat", "v": 640.0}, {"l": "Pigmeat", "v": 1194.0}, {"l": "Bovine Meat", "v": 5307.0}, {"l": "Eggs", "v": 688.0}, {"l": "Milk - Excluding Butter", "v": 18183.0}, {"l": "Offals, Edible", "v": 975.0}, {"l": "Meat, Other", "v": 213.0}, {"l": "Mutton & Goat Meat", "v": 429.0}]}, {"source": 11, "prod": 19.43822474325189, "target": 0, "value": 7805.0, "supply": [{"l": "Fats, Animals, Raw", "v": 861.0}, {"l": "Alcohol, Non-Food", "v": 685.0}, {"l": "Beverages, Fermented", "v": 1.0}, {"l": "Fish, Body Oil", "v": 262.0}, {"l": "Beer", "v": 2493.0}, {"l": "Beverages, Alcoholic", "v": 531.0}, {"l": "Butter, Ghee", "v": 129.0}, {"l": "Wine", "v": 2843.0}]}, {"source": 11, "prod": 19.271236737276681, "target": 10, "value": 1901.0, "supply": [{"l": "Olive Oil", "v": 29.0}, {"l": "Sesameseed Oil", "v": 44.0}, {"l": "Soyabean Oil", "v": 144.0}, {"l": "Coconut Oil", "v": 50.0}, {"l": "Cottonseed Oil", "v": 290.0}, {"l": "Rape and Mustard Oil", "v": 26.0}, {"l": "Maize Germ Oil", "v": 68.0}, {"l": "Groundnut Oil", "v": 228.0}, {"l": "Palm Oil", "v": 53.0}, {"l": "Palmkernel Oil", "v": 82.0}, {"l": "Oilcrops Oil, Other", "v": 496.0}, {"l": "Sunflowerseed Oil", "v": 391.0}]}, {"source": 11, "prod": 36.70530393380313, "target": 7, "value": 8856.0, "supply": [{"l": "Honey", "v": 50.0}, {"l": "Sweeteners, Other", "v": 49.0}, {"l": "Sugar non-centrifugal", "v": 844.0}, {"l": "Sugar", "v": 7913.0}]}]}