{"nodes": [{"layer": 13, "name": "Other Processed", "fill": "#9c9ede"}, {"layer": 10, "name": "Feed", "fill": "#dbdb8d"}, {"layer": 13, "name": "Animal Products", "fill": "#17becf"}, {"layer": 5, "name": "Cereals", "fill": "#e7ba52"}, {"layer": 5, "name": "Oilcrops", "fill": "#ff9896"}, {"layer": 5, "name": "Sugar Crops", "fill": "#ffbb78"}, {"layer": 13, "name": "Sugar", "fill": "#d6616b"}, {"layer": 5, "name": "Starchy Roots"}, {"layer": 5, "name": "Fruits & Vegetables"}, {"layer": 13, "name": "Aquatic Products", "fill": "#1f77b4"}, {"layer": 16, "name": "Food", "fill": "#b5cf6b"}, {"layer": 5, "name": "Others"}, {"layer": 13, "name": "Vegetable Oils", "fill": "#f7b6d2"}, {"layer": 10, "name": "Processing", "fill": "#9edae5"}, {"layer": 16, "name": "Biofuels & Other", "fill": "#e7ba52"}, {"name": "Waste", "fill": "#c7c7c7"}, {"layer": 0, "name": "Import", "fill": "#aec7e8"}, {"layer": 16, "name": "Export", "fill": "#aec7e8"}, {"layer": 0, "name": "Stock Draw", "fill": "#c7c7c7"}, {"layer": 16, "name": "Stock Deposit", "fill": "#c7c7c7"}, {"layer": 0, "name": "Production", "fill": "#b5cf6b"}], "links": [{"source": 0, "prod": 0.12474342400390911, "target": 1, "value": 33.0, "supply": [{"l": "Butter, Ghee", "v": 12.0}, {"l": "Fish, Body Oil", "v": 21.0}]}, {"source": 2, "prod": 1.6594826152616253, "target": 1, "value": 2498.0, "supply": [{"l": "Milk - Excluding Butter", "v": 2440.0}, {"l": "Meat, Other", "v": 2.0}, {"l": "Offals, Edible", "v": 56.0}]}, {"source": 3, "prod": 71.954313242011594, "target": 1, "value": 20971.0, "supply": [{"l": "Maize", "v": 15570.0}, {"l": "Oats", "v": 271.0}, {"l": "Rye", "v": 195.0}, {"l": "Barley", "v": 407.0}, {"l": "Sorghum", "v": 3792.0}, {"l": "Cereals, Other", "v": 23.0}, {"l": "Rice", "v": 187.0}, {"l": "Wheat", "v": 410.0}, {"l": "Millet", "v": 116.0}]}, {"source": 4, "prod": 0.28531948124981077, "target": 1, "value": 131.0, "supply": [{"l": "Soyabeans", "v": 130.0}, {"l": "Oilcrops, Other", "v": 1.0}]}, {"source": 5, "prod": 5.0489774470891264, "target": 1, "value": 15581.0, "supply": [{"l": "Sugar beet", "v": 4.0}, {"l": "Sugar cane", "v": 15577.0}]}, {"source": 6, "prod": 0.18966696946810602, "target": 1, "value": 46.0, "supply": [{"l": "Sugar non-centrifugal", "v": 46.0}]}, {"source": 7, "prod": 16.049275317412963, "target": 1, "value": 15944.0, "supply": [{"l": "Potatoes", "v": 273.0}, {"l": "Yams", "v": 62.0}, {"l": "Roots, Other", "v": 6.0}, {"l": "Sweet potatoes", "v": 672.0}, {"l": "Cassava", "v": 14931.0}]}, {"source": 8, "prod": 0.38480304133947629, "target": 1, "value": 442.0, "supply": [{"l": "Vegetables, Other", "v": 29.0}, {"l": "Bananas", "v": 143.0}, {"l": "Plantains", "v": 270.0}]}, {"source": 9, "prod": 1.5135886730176067, "target": 1, "value": 1753.0, "supply": [{"l": "Pelagic Fish", "v": 850.0}, {"l": "Fish, Seafood", "v": 877.0}, {"l": "Demersal Fish", "v": 25.0}, {"l": "Marine Fish, Other", "v": 1.0}]}, {"source": 0, "prod": 11.432900438831389, "target": 10, "value": 8117.0, "supply": [{"l": "Beverages, Alcoholic", "v": 756.0}, {"l": "Butter, Ghee", "v": 142.0}, {"l": "Fats, Animals, Raw", "v": 446.0}, {"l": "Wine", "v": 3042.0}, {"l": "Cream", "v": 1.0}, {"l": "Beer", "v": 3729.0}, {"l": "Beverages, Fermented", "v": 1.0}]}, {"source": 2, "prod": 34.0524243953531, "target": 10, "value": 30319.0, "supply": [{"l": "Eggs", "v": 973.0}, {"l": "Pigmeat", "v": 1419.0}, {"l": "Offals, Edible", "v": 614.0}, {"l": "Milk - Excluding Butter", "v": 19880.0}, {"l": "Meat, Other", "v": 97.0}, {"l": "Mutton & Goat Meat", "v": 315.0}, {"l": "Bovine Meat", "v": 5711.0}, {"l": "Poultry Meat", "v": 1310.0}]}, {"source": 3, "prod": 79.344082526914448, "target": 10, "value": 22455.0, "supply": [{"l": "Maize", "v": 4389.0}, {"l": "Barley", "v": 184.0}, {"l": "Cereals, Other", "v": 57.0}, {"l": "Rye", "v": 35.0}, {"l": "Rice", "v": 6053.0}, {"l": "Wheat", "v": 11583.0}, {"l": "Oats", "v": 154.0}]}, {"source": 4, "prod": 2.080274494477794, "target": 10, "value": 681.0, "supply": [{"l": "Sunflower seed", "v": 7.0}, {"l": "Coconuts - Incl Copra", "v": 339.0}, {"l": "Sesame seed", "v": 5.0}, {"l": "Olives", "v": 37.0}, {"l": "Groundnuts", "v": 166.0}, {"l": "Soyabeans", "v": 127.0}]}, {"source": 5, "prod": 0.091381274634435114, "target": 10, "value": 282.0, "supply": [{"l": "Sugar cane", "v": 282.0}]}, {"source": 6, "prod": 40.625857637636656, "target": 10, "value": 9789.0, "supply": [{"l": "Sugar", "v": 8746.0}, {"l": "Sweeteners, Other", "v": 55.0}, {"l": "Honey", "v": 14.0}, {"l": "Sugar non-centrifugal", "v": 974.0}]}, {"source": 7, "prod": 18.075121451495445, "target": 10, "value": 18774.0, "supply": [{"l": "Roots, Other", "v": 222.0}, {"l": "Yams", "v": 150.0}, {"l": "Potatoes", "v": 5968.0}, {"l": "Sweet potatoes", "v": 1357.0}, {"l": "Cassava", "v": 11077.0}]}, {"source": 8, "prod": 24.501820152126371, "target": 10, "value": 31483.0, "supply": [{"l": "Plantains", "v": 2869.0}, {"l": "Tomatoes", "v": 2081.0}, {"l": "Treenuts", "v": 53.0}, {"l": "Vegetables, Other", "v": 5437.0}, {"l": "Peas", "v": 97.0}, {"l": "Grapes", "v": 492.0}, {"l": "Pulses, Other", "v": 173.0}, {"l": "Pineapples", "v": 756.0}, {"l": "Citrus, Other", "v": 33.0}, {"l": "Grapefruit", "v": 280.0}, {"l": "Fruits, Other", "v": 2939.0}, {"l": "Dates", "v": 1.0}, {"l": "Beans", "v": 2289.0}, {"l": "Apples", "v": 690.0}, {"l": "Lemons, Limes", "v": 595.0}, {"l": "Bananas", "v": 5811.0}, {"l": "Oranges, Mandarines", "v": 5671.0}, {"l": "Onions", "v": 1216.0}]}, {"source": 11, "prod": 0.89164176085526681, "target": 10, "value": 1087.0, "supply": [{"l": "Nuts", "v": 54.0}, {"l": "Infant food", "v": 13.0}, {"l": "Pepper", "v": 12.0}, {"l": "Pimento", "v": 4.0}, {"l": "Tea", "v": 269.0}, {"l": "Coffee", "v": 651.0}, {"l": "Cocoa Beans", "v": 75.0}, {"l": "Spices, Other", "v": 9.0}]}, {"source": 9, "prod": 2.5323906355310695, "target": 10, "value": 3338.0, "supply": [{"l": "Crustaceans", "v": 91.0}, {"l": "Aquatic Products, Other", "v": 5.0}, {"l": "Marine Fish, Other", "v": 209.0}, {"l": "Fish, Seafood", "v": 1663.0}, {"l": "Aquatic Animals, Others", "v": 5.0}, {"l": "Demersal Fish", "v": 606.0}, {"l": "Freshwater Fish", "v": 241.0}, {"l": "Cephalopods", "v": 8.0}, {"l": "Pelagic Fish", "v": 444.0}, {"l": "Molluscs, Other", "v": 66.0}]}, {"source": 12, "prod": 17.83984158442345, "target": 10, "value": 1755.0, "supply": [{"l": "Ricebran Oil", "v": 4.0}, {"l": "Sunflowerseed Oil", "v": 269.0}, {"l": "Rape and Mustard Oil", "v": 31.0}, {"l": "Sesameseed Oil", "v": 40.0}, {"l": "Palmkernel Oil", "v": 8.0}, {"l": "Oilcrops Oil, Other", "v": 1.0}, {"l": "Maize Germ Oil", "v": 54.0}, {"l": "Groundnut Oil", "v": 48.0}, {"l": "Soyabean Oil", "v": 893.0}, {"l": "Palm Oil", "v": 84.0}, {"l": "Coconut Oil", "v": 30.0}, {"l": "Olive Oil", "v": 18.0}, {"l": "Cottonseed Oil", "v": 275.0}]}, {"source": 0, "prod": 0.012488875035055162, "target": 13, "value": 16.0, "supply": [{"l": "Wine", "v": 16.0}]}, {"source": 2, "prod": 0.0018123223829605913, "target": 13, "value": 1.0, "supply": [{"l": "Poultry Meat", "v": 1.0}]}, {"source": 3, "prod": 2.5735782254783093, "target": 13, "value": 827.0, "supply": [{"l": "Maize", "v": 107.0}, {"l": "Rice", "v": 29.0}, {"l": "Barley", "v": 691.0}]}, {"source": 4, "prod": 31.973523162225483, "target": 13, "value": 11647.23076923077, "supply": [{"l": "Olives", "v": 70.0}, {"l": "Soyabeans", "v": 6777.0}, {"l": "Oilcrops, Other", "v": 976.0}, {"l": "Sunflower seed", "v": 699.0}, {"l": "Coconuts - Incl Copra", "v": 350.0}, {"l": "Sesame seed", "v": 83.0}, {"l": "Cottonseed", "v": 1527.0}, {"l": "Rape and Mustardseed", "v": 59.0}, {"l": "Groundnuts", "v": 286.0}, {"l": "Palm kernels", "v": 211.0}, {"l": "Oil Palm", "v": 609.23076923076928}]}, {"source": 5, "prod": 41.222352225252216, "target": 13, "value": 127211.0, "supply": [{"l": "Sugar beet", "v": 2190.0}, {"l": "Sugar cane", "v": 125021.0}]}, {"source": 6, "prod": 0.008287541743026065, "target": 13, "value": 2.0, "supply": [{"l": "Sugar", "v": 2.0}]}, {"source": 7, "prod": 0.0020108407390529996, "target": 13, "value": 2.0, "supply": [{"l": "Cassava", "v": 2.0}]}, {"source": 8, "prod": 3.0676382554086645, "target": 13, "value": 4138.0, "supply": [{"l": "Apples", "v": 3.0}, {"l": "Grapes", "v": 4135.0}]}, {"source": 12, "prod": 0.030321547561071433, "target": 13, "value": 3.0, "supply": [{"l": "Oilcrops Oil, Other", "v": 3.0}]}, {"source": 0, "prod": 5.8365448091110625, "target": 14, "value": 1727.0, "supply": [{"l": "Alcohol, Non-Food", "v": 1036.0}, {"l": "Beverages, Alcoholic", "v": 10.0}, {"l": "Fats, Animals, Raw", "v": 580.0}, {"l": "Fish, Body Oil", "v": 101.0}]}, {"source": 2, "prod": 0.50283261695974268, "target": 14, "value": 418.0, "supply": [{"l": "Pigmeat", "v": 9.0}, {"l": "Milk - Excluding Butter", "v": 9.0}, {"l": "Offals, Edible", "v": 400.0}]}, {"source": 3, "prod": 0.60702846645392472, "target": 14, "value": 172.0, "supply": [{"l": "Maize", "v": 169.0}, {"l": "Wheat", "v": 3.0}]}, {"source": 4, "prod": 0.62764794941856439, "target": 14, "value": 227.0, "supply": [{"l": "Cottonseed", "v": 124.0}, {"l": "Oilcrops, Other", "v": 44.0}, {"l": "Coconuts - Incl Copra", "v": 4.0}, {"l": "Soyabeans", "v": 18.0}, {"l": "Palm kernels", "v": 37.0}]}, {"source": 5, "prod": 3.3743021729374925, "target": 14, "value": 10413.0, "supply": [{"l": "Sugar cane", "v": 10413.0}]}, {"source": 6, "prod": 0.082875417430260653, "target": 14, "value": 20.0, "supply": [{"l": "Sugar", "v": 20.0}]}, {"source": 7, "prod": 2.1343586761456064, "target": 14, "value": 2123.0, "supply": [{"l": "Potatoes", "v": 1.0}, {"l": "Cassava", "v": 2122.0}]}, {"source": 9, "prod": 0.12452593342174137, "target": 14, "value": 155.0, "supply": [{"l": "Aquatic Products, Other", "v": 67.0}, {"l": "Fish, Seafood", "v": 10.0}, {"l": "Molluscs, Other", "v": 10.0}, {"l": "Aquatic Animals, Others", "v": 1.0}, {"l": "Aquatic Plants", "v": 67.0}]}, {"source": 12, "prod": 3.6847576616430491, "target": 14, "value": 362.0, "supply": [{"l": "Olive Oil", "v": 1.0}, {"l": "Coconut Oil", "v": 26.0}, {"l": "Cottonseed Oil", "v": 6.0}, {"l": "Groundnut Oil", "v": 34.0}, {"l": "Oilcrops Oil, Other", "v": 116.0}, {"l": "Soyabean Oil", "v": 45.0}, {"l": "Palm Oil", "v": 8.0}, {"l": "Palmkernel Oil", "v": 119.0}, {"l": "Sunflowerseed Oil", "v": 7.0}]}, {"source": 2, "prod": 0.11119689654254868, "target": 2, "value": 74.0, "supply": [{"l": "Eggs", "v": 74.0}]}, {"source": 3, "prod": 8.266677490717024, "target": 3, "value": 2478.0, "supply": [{"l": "Maize", "v": 467.0}, {"l": "Oats", "v": 162.0}, {"l": "Rye", "v": 148.0}, {"l": "Barley", "v": 127.0}, {"l": "Rice", "v": 426.0}, {"l": "Sorghum", "v": 72.0}, {"l": "Cereals, Other", "v": 4.0}, {"l": "Wheat", "v": 1067.0}, {"l": "Millet", "v": 5.0}]}, {"source": 4, "prod": 1.5018905569196017, "target": 4, "value": 578.0, "supply": [{"l": "Soyabeans", "v": 300.0}, {"l": "Sunflower seed", "v": 11.0}, {"l": "Sesame seed", "v": 1.0}, {"l": "Cottonseed", "v": 214.0}, {"l": "Groundnuts", "v": 32.0}, {"l": "Oilcrops, Other", "v": 20.0}]}, {"source": 5, "prod": 0.1587830658541603, "target": 5, "value": 490.0, "supply": [{"l": "Sugar cane", "v": 490.0}]}, {"source": 7, "prod": 1.2116548059115735, "target": 7, "value": 1374.0, "supply": [{"l": "Potatoes", "v": 1170.0}, {"l": "Yams", "v": 12.0}, {"l": "Roots, Other", "v": 47.0}, {"l": "Sweet potatoes", "v": 145.0}]}, {"source": 8, "prod": 0.9317309747783189, "target": 8, "value": 246.0, "supply": [{"l": "Vegetables, Other", "v": 10.0}, {"l": "Beans", "v": 203.0}, {"l": "Peas", "v": 8.0}, {"l": "Pulses, Other", "v": 25.0}]}, {"source": 0, "prod": 0.05506318781423325, "target": 15, "value": 51.0, "supply": [{"l": "Fats, Animals, Raw", "v": 2.0}, {"l": "Wine", "v": 49.0}]}, {"source": 2, "prod": 0.72445656590244645, "target": 15, "value": 941.0, "supply": [{"l": "Eggs", "v": 46.0}, {"l": "Pigmeat", "v": 1.0}, {"l": "Milk - Excluding Butter", "v": 835.0}, {"l": "Meat, Other", "v": 7.0}, {"l": "Poultry Meat", "v": 3.0}, {"l": "Offals, Edible", "v": 9.0}, {"l": "Bovine Meat", "v": 40.0}]}, {"source": 3, "prod": 12.777971543465258, "target": 15, "value": 3567.0, "supply": [{"l": "Maize", "v": 1952.0}, {"l": "Rye", "v": 9.0}, {"l": "Barley", "v": 42.0}, {"l": "Cereals, Other", "v": 4.0}, {"l": "Rice", "v": 703.0}, {"l": "Wheat", "v": 663.0}, {"l": "Oats", "v": 22.0}, {"l": "Sorghum", "v": 163.0}, {"l": "Millet", "v": 9.0}]}, {"source": 4, "prod": 0.58503608597773138, "target": 15, "value": 179.0, "supply": [{"l": "Olives", "v": 1.0}, {"l": "Sunflower seed", "v": 5.0}, {"l": "Coconuts - Incl Copra", "v": 52.0}, {"l": "Sesame seed", "v": 1.0}, {"l": "Cottonseed", "v": 3.0}, {"l": "Groundnuts", "v": 15.0}, {"l": "Oilcrops, Other", "v": 56.0}, {"l": "Soyabeans", "v": 37.0}, {"l": "Rape and Mustardseed", "v": 2.0}, {"l": "Palm kernels", "v": 7.0}]}, {"source": 5, "prod": 1.9507633804939695, "target": 15, "value": 6020.0, "supply": [{"l": "Sugar cane", "v": 6020.0}]}, {"source": 6, "prod": 0.21931121794405153, "target": 15, "value": 53.0, "supply": [{"l": "Sugar", "v": 38.0}, {"l": "Sugar non-centrifugal", "v": 15.0}]}, {"source": 7, "prod": 4.1930244413540692, "target": 15, "value": 4299.0, "supply": [{"l": "Roots, Other", "v": 36.0}, {"l": "Yams", "v": 27.0}, {"l": "Potatoes", "v": 973.0}, {"l": "Sweet potatoes", "v": 231.0}, {"l": "Cassava", "v": 3032.0}]}, {"source": 8, "prod": 2.7284896094066204, "target": 15, "value": 4792.0, "supply": [{"l": "Plantains", "v": 281.0}, {"l": "Fruits, Other", "v": 576.0}, {"l": "Citrus, Other", "v": 1.0}, {"l": "Grapefruit", "v": 27.0}, {"l": "Tomatoes", "v": 264.0}, {"l": "Vegetables, Other", "v": 714.0}, {"l": "Peas", "v": 3.0}, {"l": "Grapes", "v": 79.0}, {"l": "Beans", "v": 80.0}, {"l": "Apples", "v": 93.0}, {"l": "Lemons, Limes", "v": 68.0}, {"l": "Pineapples", "v": 167.0}, {"l": "Bananas", "v": 1381.0}, {"l": "Oranges, Mandarines", "v": 914.0}, {"l": "Pulses, Other", "v": 6.0}, {"l": "Onions", "v": 138.0}]}, {"source": 11, "prod": 0.023329495065875415, "target": 15, "value": 34.0, "supply": [{"l": "Cocoa Beans", "v": 8.0}, {"l": "Coffee", "v": 18.0}, {"l": "Pepper", "v": 1.0}, {"l": "Tea", "v": 7.0}]}, {"source": 16, "prod": 0.36059998924479097, "target": 11, "value": 174.0, "supply": [{"l": "Infant food", "v": 14.0}, {"l": "Nuts", "v": 45.0}, {"l": "Cocoa Beans", "v": 27.0}, {"l": "Coffee", "v": 48.0}, {"l": "Pepper", "v": 3.0}, {"l": "Spices, Other", "v": 8.0}, {"l": "Tea", "v": 29.0}]}, {"source": 16, "prod": 1.3367925504603975, "target": 1, "value": 1785.0, "supply": [{"l": "Meat, Other", "v": 1.0}, {"l": "Crustaceans", "v": 2.0}, {"l": "Eggs", "v": 1.0}, {"l": "Demersal Fish", "v": 158.0}, {"l": "Mutton & Goat Meat", "v": 2.0}, {"l": "Pigmeat", "v": 2.0}, {"l": "Milk - Excluding Butter", "v": 965.0}, {"l": "Pelagic Fish", "v": 222.0}, {"l": "Fish, Seafood", "v": 386.0}, {"l": "Cephalopods", "v": 1.0}, {"l": "Molluscs, Other", "v": 1.0}, {"l": "Poultry Meat", "v": 1.0}, {"l": "Offals, Edible", "v": 1.0}, {"l": "Bovine Meat", "v": 42.0}]}, {"source": 16, "prod": 4.9034580418244431, "target": 13, "value": 646.0, "supply": [{"l": "Alcohol, Non-Food", "v": 9.0}, {"l": "Sugar", "v": 64.0}, {"l": "Beer", "v": 3.0}, {"l": "Groundnut Oil", "v": 37.0}, {"l": "Beverages, Alcoholic", "v": 64.0}, {"l": "Fats, Animals, Raw", "v": 167.0}, {"l": "Soyabean Oil", "v": 93.0}, {"l": "Butter, Ghee", "v": 13.0}, {"l": "Palm Oil", "v": 7.0}, {"l": "Olive Oil", "v": 11.0}, {"l": "Coconut Oil", "v": 27.0}, {"l": "Rape and Mustard Oil", "v": 14.0}, {"l": "Oilcrops Oil, Other", "v": 44.0}, {"l": "Wine", "v": 18.0}, {"l": "Sweeteners, Other", "v": 9.0}, {"l": "Beverages, Fermented", "v": 1.0}, {"l": "Fish, Body Oil", "v": 18.0}, {"l": "Cottonseed Oil", "v": 42.0}, {"l": "Palmkernel Oil", "v": 4.0}, {"l": "Cream", "v": 1.0}]}, {"source": 16, "prod": 21.819210297022696, "target": 3, "value": 6848.0, "supply": [{"l": "Maize", "v": 450.0}, {"l": "Barley", "v": 536.0}, {"l": "Rice", "v": 156.0}, {"l": "Cereals, Other", "v": 31.0}, {"l": "Wheat", "v": 5076.0}, {"l": "Oats", "v": 107.0}, {"l": "Sorghum", "v": 488.0}, {"l": "Millet", "v": 4.0}]}, {"source": 16, "prod": 0.7704000399757267, "target": 8, "value": 690.0, "supply": [{"l": "Pulses, Other", "v": 19.0}, {"l": "Tomatoes", "v": 3.0}, {"l": "Treenuts", "v": 45.0}, {"l": "Vegetables, Other", "v": 49.0}, {"l": "Peas", "v": 31.0}, {"l": "Grapes", "v": 31.0}, {"l": "Beans", "v": 26.0}, {"l": "Apples", "v": 171.0}, {"l": "Lemons, Limes", "v": 1.0}, {"l": "Pineapples", "v": 8.0}, {"l": "Bananas", "v": 178.0}, {"l": "Fruits, Other", "v": 109.0}, {"l": "Grapefruit", "v": 3.0}, {"l": "Oranges, Mandarines", "v": 8.0}, {"l": "Onions", "v": 8.0}]}, {"source": 16, "prod": 0.75883263067314766, "target": 4, "value": 295.0, "supply": [{"l": "Olives", "v": 23.0}, {"l": "Sunflower seed", "v": 1.0}, {"l": "Coconuts - Incl Copra", "v": 157.0}, {"l": "Groundnuts", "v": 43.0}, {"l": "Oilcrops, Other", "v": 2.0}, {"l": "Soyabeans", "v": 69.0}]}, {"source": 16, "prod": 0.085396795189106062, "target": 7, "value": 99.0, "supply": [{"l": "Potatoes", "v": 96.0}, {"l": "Sweet potatoes", "v": 2.0}, {"l": "Cassava", "v": 1.0}]}, {"source": 0, "prod": 0.34120056928577391, "target": 17, "value": 217.0, "supply": [{"l": "Alcohol, Non-Food", "v": 26.0}, {"l": "Beer", "v": 2.0}, {"l": "Beverages, Alcoholic", "v": 19.0}, {"l": "Fats, Animals, Raw", "v": 5.0}, {"l": "Butter, Ghee", "v": 4.0}, {"l": "Wine", "v": 17.0}, {"l": "Beverages, Fermented", "v": 1.0}, {"l": "Fish, Body Oil", "v": 143.0}]}, {"source": 2, "prod": 1.6055189554733493, "target": 17, "value": 1112.0, "supply": [{"l": "Mutton & Goat Meat", "v": 33.0}, {"l": "Meat, Other", "v": 84.0}, {"l": "Pigmeat", "v": 10.0}, {"l": "Poultry Meat", "v": 4.0}, {"l": "Milk - Excluding Butter", "v": 433.0}, {"l": "Offals, Edible", "v": 40.0}, {"l": "Bovine Meat", "v": 508.0}]}, {"source": 3, "prod": 34.020731829893066, "target": 17, "value": 10031.0, "supply": [{"l": "Maize", "v": 5090.0}, {"l": "Rye", "v": 4.0}, {"l": "Barley", "v": 136.0}, {"l": "Rice", "v": 426.0}, {"l": "Cereals, Other", "v": 58.0}, {"l": "Wheat", "v": 1989.0}, {"l": "Oats", "v": 74.0}, {"l": "Sorghum", "v": 2160.0}, {"l": "Millet", "v": 94.0}]}, {"source": 4, "prod": 7.9957827207368339, "target": 17, "value": 3545.0, "supply": [{"l": "Olives", "v": 20.0}, {"l": "Coconuts - Incl Copra", "v": 2.0}, {"l": "Sesame seed", "v": 1.0}, {"l": "Groundnuts", "v": 58.0}, {"l": "Oilcrops, Other", "v": 29.0}, {"l": "Soyabeans", "v": 3435.0}]}, {"source": 5, "prod": 0.013934024146385495, "target": 17, "value": 43.0, "supply": [{"l": "Sugar cane", "v": 43.0}]}, {"source": 6, "prod": 12.800358459510258, "target": 17, "value": 3068.0, "supply": [{"l": "Sugar", "v": 3036.0}, {"l": "Sweeteners, Other", "v": 3.0}, {"l": "Honey", "v": 29.0}]}, {"source": 7, "prod": 0.090223773554086922, "target": 17, "value": 92.0, "supply": [{"l": "Roots, Other", "v": 1.0}, {"l": "Yams", "v": 5.0}, {"l": "Potatoes", "v": 22.0}, {"l": "Sweet potatoes", "v": 2.0}, {"l": "Cassava", "v": 62.0}]}, {"source": 8, "prod": 3.5042762660967766, "target": 17, "value": 5332.0, "supply": [{"l": "Plantains", "v": 11.0}, {"l": "Tomatoes", "v": 18.0}, {"l": "Treenuts", "v": 91.0}, {"l": "Apples", "v": 292.0}, {"l": "Vegetables, Other", "v": 80.0}, {"l": "Peas", "v": 5.0}, {"l": "Grapes", "v": 40.0}, {"l": "Beans", "v": 156.0}, {"l": "Pulses, Other", "v": 19.0}, {"l": "Lemons, Limes", "v": 37.0}, {"l": "Pineapples", "v": 14.0}, {"l": "Bananas", "v": 1950.0}, {"l": "Fruits, Other", "v": 164.0}, {"l": "Grapefruit", "v": 17.0}, {"l": "Oranges, Mandarines", "v": 2429.0}, {"l": "Onions", "v": 9.0}]}, {"source": 11, "prod": 1.6033393060852887, "target": 17, "value": 1990.0, "supply": [{"l": "Infant food", "v": 1.0}, {"l": "Nuts", "v": 91.0}, {"l": "Cocoa Beans", "v": 336.0}, {"l": "Coffee", "v": 1496.0}, {"l": "Pepper", "v": 18.0}, {"l": "Spices, Other", "v": 1.0}, {"l": "Tea", "v": 47.0}]}, {"source": 9, "prod": 7.615315108366258, "target": 17, "value": 8844.0, "supply": [{"l": "Crustaceans", "v": 50.0}, {"l": "Aquatic Products, Other", "v": 23.0}, {"l": "Demersal Fish", "v": 169.0}, {"l": "Pelagic Fish", "v": 4174.0}, {"l": "Fish, Seafood", "v": 4399.0}, {"l": "Cephalopods", "v": 1.0}, {"l": "Molluscs, Other", "v": 5.0}, {"l": "Aquatic Plants", "v": 23.0}]}, {"source": 12, "prod": 6.3320325623846152, "target": 17, "value": 622.0, "supply": [{"l": "Groundnut Oil", "v": 38.0}, {"l": "Soyabean Oil", "v": 285.0}, {"l": "Palm Oil", "v": 21.0}, {"l": "Olive Oil", "v": 9.0}, {"l": "Oilcrops Oil, Other", "v": 254.0}, {"l": "Cottonseed Oil", "v": 10.0}, {"l": "Palmkernel Oil", "v": 5.0}]}, {"source": 18, "prod": 0.1201432963958326, "target": 8, "value": 32.0, "supply": [{"l": "Beans", "v": 21.0}, {"l": "Vegetables, Other", "v": 1.0}, {"l": "Peas", "v": 10.0}]}, {"source": 18, "prod": 1.4694872332893354, "target": 4, "value": 378.0, "supply": [{"l": "Soyabeans", "v": 56.0}, {"l": "Sunflower seed", "v": 86.0}, {"l": "Cottonseed", "v": 127.0}, {"l": "Groundnuts", "v": 109.0}]}, {"source": 2, "prod": 0.0084771751965418644, "target": 19, "value": 13.0, "supply": [{"l": "Milk - Excluding Butter", "v": 13.0}]}, {"source": 0, "prod": 0.31297077977040305, "target": 19, "value": 166.0, "supply": [{"l": "Beer", "v": 20.0}, {"l": "Wine", "v": 121.0}, {"l": "Fats, Animals, Raw", "v": 25.0}]}, {"source": 11, "prod": 0.056600222114000003, "target": 19, "value": 101.0, "supply": [{"l": "Coffee", "v": 101.0}]}, {"source": 9, "prod": 1.4101888513449388, "target": 19, "value": 1618.0, "supply": [{"l": "Fish, Seafood", "v": 799.0}, {"l": "Pelagic Fish", "v": 819.0}]}, {"source": 3, "prod": 0.41514722072574539, "target": 19, "value": 145.0, "supply": [{"l": "Rye", "v": 85.0}, {"l": "Sorghum", "v": 40.0}, {"l": "Millet", "v": 20.0}]}, {"source": 8, "prod": 0.00099444021283748166, "target": 19, "value": 2.0, "supply": [{"l": "Fruits, Other", "v": 2.0}]}, {"source": 18, "prod": 0.016945659204343468, "target": 1, "value": 20.0, "supply": [{"l": "Demersal Fish", "v": 8.0}, {"l": "Crustaceans", "v": 12.0}]}, {"source": 12, "prod": 0.68259867869484014, "target": 19, "value": 68.0, "supply": [{"l": "Palm Oil", "v": 26.0}, {"l": "Sunflowerseed Oil", "v": 42.0}]}, {"source": 4, "prod": 0.072372577002455432, "target": 19, "value": 16.0, "supply": [{"l": "Coconuts - Incl Copra", "v": 1.0}, {"l": "Oilcrops, Other", "v": 15.0}]}, {"source": 18, "prod": 0.02401466566836857, "target": 11, "value": 27.0, "supply": [{"l": "Cocoa Beans", "v": 17.0}, {"l": "Tea", "v": 10.0}]}, {"source": 18, "prod": 1.372640964402716, "target": 13, "value": 159.0, "supply": [{"l": "Olive Oil", "v": 2.0}, {"l": "Groundnut Oil", "v": 37.0}, {"l": "Oilcrops Oil, Other", "v": 52.0}, {"l": "Sweeteners, Other", "v": 1.0}, {"l": "Soyabean Oil", "v": 25.0}, {"l": "Rape and Mustard Oil", "v": 8.0}, {"l": "Beverages, Alcoholic", "v": 34.0}]}, {"source": 6, "prod": 2.8507143034925599, "target": 19, "value": 683.0, "supply": [{"l": "Sugar", "v": 676.0}, {"l": "Honey", "v": 7.0}]}, {"source": 18, "prod": 6.8407091522368528, "target": 3, "value": 2073.0, "supply": [{"l": "Maize", "v": 123.0}, {"l": "Oats", "v": 96.0}, {"l": "Barley", "v": 65.0}, {"l": "Rice", "v": 289.0}, {"l": "Cereals, Other", "v": 13.0}, {"l": "Wheat", "v": 1487.0}]}, {"source": 20, "prod": 194.13756701597524, "target": 3, "value": 55577.0, "supply": [{"l": "Maize", "v": 27416.0}, {"l": "Barley", "v": 1115.0}, {"l": "Cereals, Other", "v": 125.0}, {"l": "Sorghum", "v": 5659.0}, {"l": "Rye", "v": 306.0}, {"l": "Rice", "v": 7957.0}, {"l": "Wheat", "v": 12127.0}, {"l": "Oats", "v": 672.0}, {"l": "Millet", "v": 200.0}]}, {"source": 20, "prod": 43.125079391988486, "target": 4, "value": 16455.0, "supply": [{"l": "Sunflower seed", "v": 807.0}, {"l": "Coconuts - Incl Copra", "v": 588.0}, {"l": "Sesame seed", "v": 91.0}, {"l": "Cottonseed", "v": 1995.0}, {"l": "Olives", "v": 115.0}, {"l": "Groundnuts", "v": 623.0}, {"l": "Oilcrops, Other", "v": 1109.0}, {"l": "Soyabeans", "v": 10810.0}, {"l": "Rape and Mustardseed", "v": 62.0}, {"l": "Palm kernels", "v": 255.0}]}, {"source": 20, "prod": 51.860169543334614, "target": 5, "value": 160039.0, "supply": [{"l": "Sugar cane", "v": 157845.0}, {"l": "Sugar beet", "v": 2194.0}]}, {"source": 20, "prod": 41.668442815974842, "target": 7, "value": 42507.0, "supply": [{"l": "Roots, Other", "v": 311.0}, {"l": "Yams", "v": 256.0}, {"l": "Potatoes", "v": 8311.0}, {"l": "Sweet potatoes", "v": 2405.0}, {"l": "Cassava", "v": 31224.0}]}, {"source": 20, "prod": 34.472677102988968, "target": 8, "value": 45771.0, "supply": [{"l": "Plantains", "v": 3431.0}, {"l": "Tomatoes", "v": 2360.0}, {"l": "Treenuts", "v": 100.0}, {"l": "Vegetables, Other", "v": 6221.0}, {"l": "Peas", "v": 92.0}, {"l": "Grapes", "v": 4713.0}, {"l": "Pulses, Other", "v": 205.0}, {"l": "Pineapples", "v": 929.0}, {"l": "Citrus, Other", "v": 34.0}, {"l": "Grapefruit", "v": 322.0}, {"l": "Fruits, Other", "v": 3565.0}, {"l": "Beans", "v": 2723.0}, {"l": "Apples", "v": 907.0}, {"l": "Lemons, Limes", "v": 699.0}, {"l": "Bananas", "v": 9108.0}, {"l": "Oranges, Mandarines", "v": 9007.0}, {"l": "Onions", "v": 1355.0}]}, {"source": 20, "prod": 2.1228912252091683, "target": 11, "value": 2863.0, "supply": [{"l": "Nuts", "v": 99.0}, {"l": "Pepper", "v": 29.0}, {"l": "Pimento", "v": 4.0}, {"l": "Tea", "v": 304.0}, {"l": "Coffee", "v": 2016.0}, {"l": "Cocoa Beans", "v": 409.0}, {"l": "Spices, Other", "v": 2.0}]}, {"source": 1, "prod": 13.196009201681614, "target": 9, "value": 15708.0, "supply": [{"l": "Pelagic Fish", "v": 6287.0}, {"l": "Crustaceans", "v": 141.0}, {"l": "Freshwater Fish", "v": 241.0}, {"l": "Molluscs, Other", "v": 81.0}, {"l": "Aquatic Animals, Others", "v": 6.0}, {"l": "Aquatic Plants", "v": 90.0}, {"l": "Marine Fish, Other", "v": 210.0}, {"l": "Aquatic Products, Other", "v": 95.0}, {"l": "Fish, Seafood", "v": 7748.0}, {"l": "Demersal Fish", "v": 800.0}, {"l": "Cephalopods", "v": 9.0}]}, {"source": 1, "prod": 38.55500464652976, "target": 2, "value": 35302.0, "supply": [{"l": "Poultry Meat", "v": 1318.0}, {"l": "Pigmeat", "v": 1439.0}, {"l": "Bovine Meat", "v": 6259.0}, {"l": "Eggs", "v": 1093.0}, {"l": "Milk - Excluding Butter", "v": 23610.0}, {"l": "Offals, Edible", "v": 1119.0}, {"l": "Meat, Other", "v": 190.0}, {"l": "Mutton & Goat Meat", "v": 348.0}]}, {"source": 13, "prod": 18.115912083851828, "target": 0, "value": 10327.0, "supply": [{"l": "Fats, Animals, Raw", "v": 1058.0}, {"l": "Alcohol, Non-Food", "v": 1062.0}, {"l": "Beverages, Fermented", "v": 2.0}, {"l": "Fish, Body Oil", "v": 265.0}, {"l": "Beer", "v": 3751.0}, {"l": "Beverages, Alcoholic", "v": 785.0}, {"l": "Cream", "v": 1.0}, {"l": "Butter, Ghee", "v": 158.0}, {"l": "Wine", "v": 3245.0}]}, {"source": 13, "prod": 28.56955203470703, "target": 12, "value": 2810.0, "supply": [{"l": "Olive Oil", "v": 28.0}, {"l": "Ricebran Oil", "v": 4.0}, {"l": "Sesameseed Oil", "v": 40.0}, {"l": "Soyabean Oil", "v": 1223.0}, {"l": "Coconut Oil", "v": 56.0}, {"l": "Cottonseed Oil", "v": 291.0}, {"l": "Rape and Mustard Oil", "v": 31.0}, {"l": "Maize Germ Oil", "v": 54.0}, {"l": "Groundnut Oil", "v": 120.0}, {"l": "Palm Oil", "v": 139.0}, {"l": "Palmkernel Oil", "v": 132.0}, {"l": "Oilcrops Oil, Other", "v": 374.0}, {"l": "Sunflowerseed Oil", "v": 318.0}]}, {"source": 13, "prod": 56.777071547224914, "target": 6, "value": 13661.0, "supply": [{"l": "Honey", "v": 50.0}, {"l": "Sweeteners, Other", "v": 58.0}, {"l": "Sugar non-centrifugal", "v": 1035.0}, {"l": "Sugar", "v": 12518.0}]}]}