{"nodes": [{"layer": 3, "name": "Cereals", "fill": "#e7ba52"}, {"layer": 5, "name": "Production", "fill": "#b5cf6b"}, {"layer": 3, "name": "Oilcrops", "fill": "#ff9896"}, {"layer": 3, "name": "Fruits, Roots & Vegetables", "fill": "#98df8a"}, {"layer": 3, "name": "Sugar Crops", "fill": "#ffbb78"}, {"layer": 1, "name": "Electricity", "fill": "#bcbd22"}, {"layer": 0, "name": "Fossil Fuels", "fill": "#c49c94"}, {"layer": 0, "name": "Renewables & Nuclear", "fill": "#2ca02c"}, {"layer": 1, "name": "Fertilizers", "fill": "#c5b0d5"}, {"layer": 0, "name": "Labor", "fill": "#7f7f7f"}], "links": [{"source": 0, "prod": 44257.0, "target": 1, "value": 153.97188730352923, "supply": [{"l": "Maize", "v": 80.432649047019538}, {"l": "Barley", "v": 2.9545315943507999}, {"l": "Cereals, Other", "v": 0.27934948333683873}, {"l": "Sorghum", "v": 8.4415188410022868}, {"l": "Rye", "v": 1.2401512952478215}, {"l": "Rice", "v": 25.790888858747557}, {"l": "Wheat", "v": 33.066473283555837}, {"l": "Oats", "v": 1.1720225680715393}, {"l": "Millet", "v": 0.59430233219700013}]}, {"source": 2, "prod": 7584.0, "target": 1, "value": 32.568686137635716, "supply": [{"l": "Sunflower seed", "v": 4.1261561921106003}, {"l": "Coconuts - Incl Copra", "v": 1.139679048668339}, {"l": "Sesame seed", "v": 0.65307948593076914}, {"l": "Cottonseed", "v": 7.0502651670751257}, {"l": "Olives", "v": 0.11738444422000001}, {"l": "Groundnuts", "v": 4.3875500646035048}, {"l": "Oilcrops, Other", "v": 8.5324834836855015}, {"l": "Soyabeans", "v": 4.368829644424375}, {"l": "Rape and Mustardseed", "v": 0.23347591622024999}, {"l": "Palm kernels", "v": 0.79240310959600013}, {"l": "Oil Palm", "v": 1.1673795811012502}]}, {"source": 3, "prod": 88508.0, "target": 1, "value": 78.532111854479908, "supply": [{"l": "Roots, Other", "v": 0.33034528132325192}, {"l": "Plantains", "v": 3.4269769777611883}, {"l": "Nuts", "v": 0.22183635441454841}, {"l": "Tomatoes", "v": 0.36049987623378471}, {"l": "Pepper", "v": 0.016271111080000001}, {"l": "Treenuts", "v": 0.21909763398967744}, {"l": "Vegetables, Other", "v": 1.7363462284546949}, {"l": "Peas", "v": 0.40919176970940979}, {"l": "Grapes", "v": 2.6389268847614131}, {"l": "Pimento", "v": 0.0082161612746129049}, {"l": "Pulses, Other", "v": 0.81868178414892867}, {"l": "Pineapples", "v": 0.28916549119627727}, {"l": "Citrus, Other", "v": 0.029055555500000003}, {"l": "Tea", "v": 0.086280826393292695}, {"l": "Grapefruit", "v": 0.090498157336120877}, {"l": "Fruits, Other", "v": 1.632980330211}, {"l": "Yams", "v": 0.36294892430602504}, {"l": "Coffee", "v": 1.068384037578217}, {"l": "Cocoa Beans", "v": 0.29616395292209302}, {"l": "Potatoes", "v": 7.4021708958708636}, {"l": "Beans", "v": 9.6826132479301013}, {"l": "Apples", "v": 0.45280177691200002}, {"l": "Lemons, Limes", "v": 0.089051016126026672}, {"l": "Bananas", "v": 7.2045803018449499}, {"l": "Spices, Other", "v": 0.0047166851761666672}, {"l": "Sweet potatoes", "v": 3.0662751308114009}, {"l": "Oranges, Mandarines", "v": 1.7148449340906575}, {"l": "Onions", "v": 0.44853861915661858}, {"l": "Cassava", "v": 34.424651907966577}]}, {"source": 4, "prod": 125688.0, "target": 1, "value": 34.645951544144964, "supply": [{"l": "Sugar cane", "v": 34.217866422669111}, {"l": "Sugar beet", "v": 0.42808512147585387}]}, {"source": 5, "prod": 0, "target": 3, "value": 0.0055942532054649875, "supply": "[{\"l\":'Energy for power irrigation',\"v\":0.0055942532054649875}]"}, {"source": 5, "prod": 0, "target": 4, "value": 0.0078626637170020452, "supply": "[{\"l\":'Energy for power irrigation',\"v\":0.0078626637170020452}]"}, {"source": 5, "prod": 0, "target": 0, "value": 0.0029943218934676452, "supply": "[{\"l\":'Energy for power irrigation',\"v\":0.0029943218934676452}]"}, {"source": 5, "prod": 0, "target": 2, "value": 0.00047593362579523551, "supply": "[{\"l\":'Energy for power irrigation',\"v\":0.00047593362579523551}]"}, {"source": 6, "prod": 0, "target": 5, "value": 0.019352095209655033, "supply": [{"l": "Coal", "v": 0.0012431768645101795}, {"l": "Natural gas", "v": 0.0047259161251316639}, {"l": "Oil", "v": 0.013383002220013186}]}, {"source": 7, "prod": 0, "target": 5, "value": 0.0094191670096619509, "supply": [{"l": "Nuclear", "v": 0.0}, {"l": "Hydroelectric", "v": 0.0092100191480320691}, {"l": "Renewable", "v": 0.00020914786162988096}]}, {"source": 6, "prod": 0, "target": 3, "value": 7.5318869161304711, "supply": [{"l": "Motor Gasoline", "v": 0.039312953245411286}, {"l": "Gas-Diesel oil", "v": 4.3948986884922308}, {"l": "Natural gas (including LNG)", "v": 0.16102184165747191}, {"l": "Fuel oil", "v": 2.7791476324322075}, {"l": "Liquefied petroleum gas (LPG)", "v": 0.0043422651712647781}, {"l": "Coal", "v": 0.15316353513188491}]}, {"source": 6, "prod": 0, "target": 4, "value": 10.585987405462662, "supply": [{"l": "Motor Gasoline", "v": 0.055253940023474626}, {"l": "Gas-Diesel oil", "v": 6.176983627439423}, {"l": "Natural gas (including LNG)", "v": 0.22631449552698957}, {"l": "Fuel oil", "v": 3.9060626058846011}, {"l": "Liquefied petroleum gas (LPG)", "v": 0.0061030077756137995}, {"l": "Coal", "v": 0.21526972881255951}]}, {"source": 6, "prod": 0, "target": 0, "value": 4.0314395977036233, "supply": [{"l": "Motor Gasoline", "v": 0.021042243222850428}, {"l": "Gas-Diesel oil", "v": 2.3523678459296171}, {"l": "Natural gas (including LNG)", "v": 0.086186879301501484}, {"l": "Fuel oil", "v": 1.4875377097413387}, {"l": "Liquefied petroleum gas (LPG)", "v": 0.0023241957759184834}, {"l": "Coal", "v": 0.081980723732397412}]}, {"source": 6, "prod": 0, "target": 2, "value": 0.64077869152790978, "supply": [{"l": "Motor Gasoline", "v": 0.0033445673071303143}, {"l": "Gas-Diesel oil", "v": 0.37389799692539566}, {"l": "Natural gas (including LNG)", "v": 0.013699006126036984}, {"l": "Fuel oil", "v": 0.23643724385438583}, {"l": "Liquefied petroleum gas (LPG)", "v": 0.00036942017660293575}, {"l": "Coal", "v": 0.013030457138358098}]}, {"source": 8, "prod": 308.04513703096512, "target": 3, "value": 2.531896962452854, "supply": [{"l": "Potash", "v": 0.80223563141254584}, {"l": "Phosphate", "v": 1.3398647844213036}, {"l": "Nitrogen", "v": 5.518950114782835}]}, {"source": 8, "prod": 432.95418229661169, "target": 4, "value": 3.5585544040835138, "supply": [{"l": "Potash", "v": 0.80223563141254584}, {"l": "Phosphate", "v": 1.3398647844213036}, {"l": "Nitrogen", "v": 5.518950114782835}]}, {"source": 8, "prod": 164.88104204632475, "target": 0, "value": 1.3551968829853243, "supply": [{"l": "Potash", "v": 0.80223563141254584}, {"l": "Phosphate", "v": 1.3398647844213036}, {"l": "Nitrogen", "v": 5.518950114782835}]}, {"source": 8, "prod": 26.207079585263681, "target": 2, "value": 0.21540228109499215, "supply": [{"l": "Potash", "v": 0.80223563141254584}, {"l": "Phosphate", "v": 1.3398647844213036}, {"l": "Nitrogen", "v": 5.518950114782835}]}, {"source": 6, "prod": 0, "target": 8, "value": 9.7994388086202644, "supply": [{"l": "Natural gas (including LNG)", "v": 6.4486166767107029}, {"l": "Fuel oil", "v": 2.3752307722124835}, {"l": "Liquefied petroleum gas (LPG)", "v": 0.48779567984853883}, {"l": "Coal", "v": 0.48779567984853883}]}, {"source": 9, "prod": 0, "target": 3, "value": 4.6886069354440965, "supply": "[{\"l\":'Labor',\"v\":4.6886069354440965}]"}, {"source": 9, "prod": 0, "target": 4, "value": 6.589787462352855, "supply": "[{\"l\":'Labor',\"v\":6.589787462352855}]"}, {"source": 9, "prod": 0, "target": 0, "value": 2.5095750730320363, "supply": "[{\"l\":'Labor',\"v\":2.5095750730320363}]"}, {"source": 9, "prod": 0, "target": 2, "value": 0.39888535909220069, "supply": "[{\"l\":'Labor',\"v\":0.39888535909220069}]"}]}