{"nodes": [{"layer": 5, "name": "Starchy Roots"}, {"layer": 10, "name": "Feed", "fill": "#dbdb8d"}, {"layer": 5, "name": "Sugar Crops", "fill": "#ffbb78"}, {"layer": 13, "name": "Other Processed", "fill": "#9c9ede"}, {"layer": 16, "name": "Food", "fill": "#b5cf6b"}, {"layer": 13, "name": "Animal Products", "fill": "#17becf"}, {"layer": 5, "name": "Cereals", "fill": "#e7ba52"}, {"layer": 5, "name": "Oilcrops", "fill": "#ff9896"}, {"layer": 13, "name": "Sugar", "fill": "#d6616b"}, {"layer": 5, "name": "Fruits & Vegetables"}, {"layer": 13, "name": "Aquatic Products", "fill": "#1f77b4"}, {"layer": 10, "name": "Processing", "fill": "#9edae5"}, {"layer": 16, "name": "Biofuels & Other", "fill": "#e7ba52"}, {"name": "Waste", "fill": "#c7c7c7"}, {"layer": 2, "name": "Import", "fill": "#aec7e8"}, {"layer": 16, "name": "Export", "fill": "#aec7e8"}, {"layer": 5, "name": "Others"}, {"layer": 0, "name": "Stock Draw", "fill": "#c7c7c7"}, {"layer": 2, "name": "Electricity", "fill": "#bcbd22"}, {"layer": 0, "name": "Fossil Fuels", "fill": "#c49c94"}, {"layer": 0, "name": "Renewables & Nuclear", "fill": "#2ca02c"}, {"layer": 0, "name": "Labor", "fill": "#7f7f7f"}], "links": [{"source": 0, "prod": 1.0, "target": 1, "value": 0.0010404452594485294, "supply": [{"l": "Roots, Other", "v": 0.0010404452594485294}]}, {"source": 2, "prod": 1.0, "target": 1, "value": 0.00030985523055109492, "supply": [{"l": "Sugar cane", "v": 0.00030985523055109492}]}, {"source": 3, "prod": 1.0, "target": 4, "value": 0.00041347564856006498, "supply": [{"l": "Beer", "v": 0.00041347564856006498}]}, {"source": 5, "prod": 9.0, "target": 4, "value": 0.009761284922794794, "supply": [{"l": "Milk - Excluding Butter", "v": 0.0046778524293077904}, {"l": "Bovine Meat", "v": 0.0017981916254069593}, {"l": "Eggs", "v": 0.001494724175545775}, {"l": "Poultry Meat", "v": 0.0017905166925342706}]}, {"source": 6, "prod": 9.0, "target": 4, "value": 0.029378191373567706, "supply": [{"l": "Maize", "v": 0.0038086130768299072}, {"l": "Rice", "v": 0.0042191098437201402}, {"l": "Wheat", "v": 0.021350468453017659}]}, {"source": 7, "prod": 2.0, "target": 4, "value": 0.0031782681473811231, "supply": [{"l": "Coconuts - Incl Copra", "v": 0.0031782681473811231}]}, {"source": 8, "prod": 5.0, "target": 4, "value": 0.014743557572872464, "supply": [{"l": "Sugar", "v": 0.014743557572872464}]}, {"source": 0, "prod": 1.0, "target": 4, "value": 0.0010404452594485294, "supply": [{"l": "Roots, Other", "v": 0.0010404452594485294}]}, {"source": 9, "prod": 18.0, "target": 4, "value": 0.01365244185273067, "supply": [{"l": "Fruits, Other", "v": 0.003669019974397305}, {"l": "Citrus, Other", "v": 0.00030213641697864773}, {"l": "Grapefruit", "v": 0.00018121736002347919}, {"l": "Pulses, Other", "v": 0.0039357770344172179}, {"l": "Bananas", "v": 0.0035944998554429987}, {"l": "Vegetables, Other", "v": 0.00067847895448321788}, {"l": "Oranges, Mandarines", "v": 0.00046242011531045753}, {"l": "Lemons, Limes", "v": 0.00020000078485512372}, {"l": "Apples", "v": 0.00062889135682222218}]}, {"source": 10, "prod": 6.0, "target": 4, "value": 0.0050088998601294094, "supply": [{"l": "Fish, Seafood", "v": 0.0024195788427454085}, {"l": "Pelagic Fish", "v": 0.0010264288984404145}, {"l": "Marine Fish, Other", "v": 0.0015628921189435867}]}, {"source": 2, "prod": 16.0, "target": 11, "value": 0.0049576836888175187, "supply": [{"l": "Sugar cane", "v": 0.0049576836888175187}]}, {"source": 7, "prod": 3.0, "target": 11, "value": 0.0047674022210716848, "supply": [{"l": "Coconuts - Incl Copra", "v": 0.0047674022210716848}]}, {"source": 9, "prod": 2.0, "target": 12, "value": 0.0014377999421771996, "supply": [{"l": "Bananas", "v": 0.0014377999421771996}]}, {"source": 9, "prod": 1.0, "target": 13, "value": 0.00091725499359932624, "supply": [{"l": "Fruits, Other", "v": 0.00091725499359932624}]}, {"source": 2, "prod": 1.0, "target": 13, "value": 0.00030985523055109492, "supply": [{"l": "Sugar cane", "v": 0.00030985523055109492}]}, {"source": 7, "prod": 1.0, "target": 13, "value": 0.0015891340736905615, "supply": [{"l": "Coconuts - Incl Copra", "v": 0.0015891340736905615}]}, {"source": 14, "prod": 2.0, "target": 11, "value": 0.005897423029148985, "supply": [{"l": "Sugar", "v": 0.005897423029148985}]}, {"source": 14, "prod": 9.0, "target": 6, "value": 0.028619645218597466, "supply": [{"l": "Wheat", "v": 0.024400535374877325}, {"l": "Rice", "v": 0.0042191098437201402}]}, {"source": 14, "prod": 8.0, "target": 1, "value": 0.0062945129669790528, "supply": [{"l": "Milk - Excluding Butter", "v": 0.0031185682862051932}, {"l": "Marine Fish, Other", "v": 0.0015628921189435867}, {"l": "Fish, Seafood", "v": 0.0016130525618302724}]}, {"source": 14, "prod": 1.0, "target": 9, "value": 0.00023121005765522877, "supply": [{"l": "Oranges, Mandarines", "v": 0.00023121005765522877}]}, {"source": 9, "prod": 21.0, "target": 15, "value": 0.015096899392860592, "supply": [{"l": "Bananas", "v": 0.015096899392860592}]}, {"source": 16, "prod": 3.0, "target": 15, "value": 0.01493386271294736, "supply": [{"l": "Spices, Other", "v": 0.0054191702024042557}, {"l": "Cocoa Beans", "v": 0.0095146925105431043}]}, {"source": 17, "prod": 1.0, "target": 1, "value": 0.00077964207155129829, "supply": [{"l": "Milk - Excluding Butter", "v": 0.00077964207155129829}]}, {"source": 1, "prod": 6.0, "target": 10, "value": 0.0050088998601294094, "supply": [{"l": "Pelagic Fish", "v": 0.0010264288984404145}, {"l": "Marine Fish, Other", "v": 0.0015628921189435867}, {"l": "Fish, Seafood", "v": 0.0024195788427454085}]}, {"source": 1, "prod": 9.0, "target": 5, "value": 0.009761284922794794, "supply": [{"l": "Milk - Excluding Butter", "v": 0.0046778524293077904}, {"l": "Bovine Meat", "v": 0.0017981916254069593}, {"l": "Eggs", "v": 0.001494724175545775}, {"l": "Poultry Meat", "v": 0.0017905166925342706}]}, {"source": 11, "prod": 1.0, "target": 3, "value": 0.00041347564856006498, "supply": [{"l": "Beer", "v": 0.00041347564856006498}]}, {"source": 11, "prod": 5.0, "target": 8, "value": 0.014743557572872464, "supply": [{"l": "Sugar", "v": 0.014743557572872464}]}, {"source": 18, "prod": 0, "target": 6, "value": 1.7953034634529517e-06, "supply": "[{\"l\":'Energy for power irrigation',\"v\":1.7953034634529517e-06}]"}, {"source": 18, "prod": 0, "target": 7, "value": 2.3338945024888375e-06, "supply": "[{\"l\":'Energy for power irrigation',\"v\":2.3338945024888375e-06}]"}, {"source": 18, "prod": 0, "target": 2, "value": 6.2835621220853317e-06, "supply": "[{\"l\":'Energy for power irrigation',\"v\":6.2835621220853317e-06}]"}, {"source": 18, "prod": 0, "target": 0, "value": 7.1812138538118073e-07, "supply": "[{\"l\":'Energy for power irrigation',\"v\":7.1812138538118073e-07}]"}, {"source": 18, "prod": 0, "target": 9, "value": 1.4721488400314203e-05, "supply": "[{\"l\":'Energy for power irrigation',\"v\":1.4721488400314203e-05}]"}, {"source": 18, "prod": 0, "target": 16, "value": 1.077182078071771e-06, "supply": "[{\"l\":'Energy for power irrigation',\"v\":1.077182078071771e-06}]"}, {"source": 18, "prod": 0, "target": 11, "value": 0.0010337680029737196, "supply": "[{\"l\":'Electricity',\"v\":0.0010337680029737196}]"}, {"source": 19, "prod": 0, "target": 18, "value": 0.0020063417845962665, "supply": [{"l": "Coal", "v": 0.0010398037949671765}, {"l": "Natural gas", "v": 0.00031394792455098652}, {"l": "Oil", "v": 0.00065259006507810326}]}, {"source": 20, "prod": 0, "target": 18, "value": 0.00028161068033824137, "supply": [{"l": "Nuclear", "v": 3.2153012251050111e-05}, {"l": "Hydroelectric", "v": 0.00024625412338881767}, {"l": "Renewable", "v": 3.2035446983735916e-06}]}, {"source": 19, "prod": 0, "target": 6, "value": 0.0014041358035924443, "supply": [{"l": "Gas-Diesel oil", "v": 0.0014041358035924443}]}, {"source": 19, "prod": 0, "target": 7, "value": 0.0018253765446701777, "supply": [{"l": "Gas-Diesel oil", "v": 0.0018253765446701777}]}, {"source": 19, "prod": 0, "target": 2, "value": 0.0049144753125735553, "supply": [{"l": "Gas-Diesel oil", "v": 0.0049144753125735553}]}, {"source": 19, "prod": 0, "target": 0, "value": 0.00056165432143697781, "supply": [{"l": "Gas-Diesel oil", "v": 0.00056165432143697781}]}, {"source": 19, "prod": 0, "target": 9, "value": 0.011513913589458042, "supply": [{"l": "Gas-Diesel oil", "v": 0.011513913589458042}]}, {"source": 19, "prod": 0, "target": 16, "value": 0.00084248148215546655, "supply": [{"l": "Gas-Diesel oil", "v": 0.00084248148215546655}]}, {"source": 21, "prod": 0, "target": 6, "value": 0.00042988441542874176, "supply": "[{\"l\":'Labor',\"v\":0.00042988441542874176}]"}, {"source": 21, "prod": 0, "target": 7, "value": 0.00055884974005736428, "supply": "[{\"l\":'Labor',\"v\":0.00055884974005736428}]"}, {"source": 21, "prod": 0, "target": 2, "value": 0.0015045954540005961, "supply": "[{\"l\":'Labor',\"v\":0.0015045954540005961}]"}, {"source": 21, "prod": 0, "target": 0, "value": 0.00017195376617149671, "supply": "[{\"l\":'Labor',\"v\":0.00017195376617149671}]"}, {"source": 21, "prod": 0, "target": 9, "value": 0.003525052206515682, "supply": "[{\"l\":'Labor',\"v\":0.003525052206515682}]"}, {"source": 21, "prod": 0, "target": 16, "value": 0.00025793064925724505, "supply": "[{\"l\":'Labor',\"v\":0.00025793064925724505}]"}, {"source": 19, "prod": 0, "target": 14, "value": 0.035019289188587592, "supply": "[{\"l\":'Fossil Fuels',\"v\":0.035019289188587592}]"}, {"source": 20, "prod": 0, "target": 14, "value": 0.0022137213827614619, "supply": "[{\"l\":'Renewables & Nuclear',\"v\":7.6618525925994043e-05},{\"l\":'Biomass & Waste',\"v\":0.0021371028568354677}]"}]}