{"nodes": [{"layer": 3, "name": "Oilcrops", "fill": "#ff9896"}, {"layer": 5, "name": "Production", "fill": "#b5cf6b"}, {"layer": 3, "name": "Vegetables"}, {"layer": 3, "name": "Sugar Crops", "fill": "#ffbb78"}, {"layer": 3, "name": "Starchy Roots"}, {"layer": 3, "name": "Pulses"}, {"layer": 3, "name": "Cereals - Excluding Beer"}, {"layer": 3, "name": "Spices"}, {"layer": 3, "name": "Stimulants"}, {"layer": 3, "name": "Fruits - Excluding Wine"}, {"layer": 1, "name": "Electricity", "fill": "#bcbd22"}, {"layer": 0, "name": "Fossil Fuels", "fill": "#c49c94"}, {"layer": 0, "name": "Renewables & Nuclear", "fill": "#2ca02c"}, {"layer": 0, "name": "Labor", "fill": "#7f7f7f"}], "links": [{"source": 0, "prod": 7.0, "target": 1, "value": 0.011058106371986167, "supply": [{"l": "Coconuts - Incl Copra", "v": 0.011058106371986167}]}, {"source": 2, "prod": 2.0, "target": 1, "value": 0.00069861686022044175, "supply": [{"l": "Vegetables, Other", "v": 0.00069861686022044175}]}, {"source": 3, "prod": 15.0, "target": 1, "value": 0.0040428730081428577, "supply": [{"l": "Sugar cane", "v": 0.0040428730081428577}]}, {"source": 4, "prod": 3.0, "target": 1, "value": 0.0033424689217823218, "supply": [{"l": "Yams", "v": 0.001212861902442857}, {"l": "Roots, Other", "v": 0.0021296070193394649}]}, {"source": 5, "prod": 1.0, "target": 1, "value": 0.0039472422436761826, "supply": [{"l": "Pulses, Other", "v": 0.0039472422436761826}]}, {"source": 6, "prod": 1.0, "target": 1, "value": 0.0037826881115792083, "supply": [{"l": "Maize", "v": 0.0037826881115792083}]}, {"source": 7, "prod": 3.0, "target": 1, "value": 0.015918812469562501, "supply": [{"l": "Spices, Other", "v": 0.015918812469562501}]}, {"source": 8, "prod": 3.0, "target": 1, "value": 0.017873754351789478, "supply": [{"l": "Cocoa Beans", "v": 0.017873754351789478}]}, {"source": 9, "prod": 31.0, "target": 1, "value": 0.020558395734009752, "supply": [{"l": "Fruits, Other", "v": 0.003739279153094033}, {"l": "Citrus, Other", "v": 0.00028327089237225933}, {"l": "Grapefruit", "v": 0.00036213412253033176}, {"l": "Apples", "v": 0.0006064309512214287}, {"l": "Bananas", "v": 0.015192352745047343}, {"l": "Oranges, Mandarines", "v": 0.00037492786974435726}]}, {"source": 10, "prod": 0, "target": 0, "value": 1.1055007099382199e-05, "supply": "[{\"l\":'Energy for power irrigation',\"v\":1.1055007099382199e-05}]"}, {"source": 10, "prod": 0, "target": 2, "value": 3.1585734569663426e-06, "supply": "[{\"l\":'Energy for power irrigation',\"v\":3.1585734569663426e-06}]"}, {"source": 10, "prod": 0, "target": 3, "value": 2.3689300927247567e-05, "supply": "[{\"l\":'Energy for power irrigation',\"v\":2.3689300927247567e-05}]"}, {"source": 10, "prod": 0, "target": 4, "value": 3.9482168212079285e-06, "supply": "[{\"l\":'Energy for power irrigation',\"v\":3.9482168212079285e-06}]"}, {"source": 10, "prod": 0, "target": 5, "value": 1.5792867284831713e-06, "supply": "[{\"l\":'Energy for power irrigation',\"v\":1.5792867284831713e-06}]"}, {"source": 10, "prod": 0, "target": 9, "value": 5.0537175311461482e-05, "supply": "[{\"l\":'Energy for power irrigation',\"v\":5.0537175311461482e-05}]"}, {"source": 10, "prod": 0, "target": 6, "value": 7.1067902781742711e-06, "supply": "[{\"l\":'Energy for power irrigation',\"v\":7.1067902781742711e-06}]"}, {"source": 10, "prod": 0, "target": 7, "value": 4.7378601854495143e-06, "supply": "[{\"l\":'Energy for power irrigation',\"v\":4.7378601854495143e-06}]"}, {"source": 10, "prod": 0, "target": 8, "value": 3.9482168212079285e-06, "supply": "[{\"l\":'Energy for power irrigation',\"v\":3.9482168212079285e-06}]"}, {"source": 11, "prod": 0, "target": 10, "value": 0.00019114611290969586, "supply": [{"l": "Coal", "v": 0.00010516306741025448}, {"l": "Natural gas", "v": 2.5912090397767094e-05}, {"l": "Oil", "v": 6.0070955101674269e-05}]}, {"source": 12, "prod": 0, "target": 10, "value": 3.4432174991268172e-05, "supply": [{"l": "Nuclear", "v": 9.7399562828800879e-06}, {"l": "Hydroelectric", "v": 2.4297291108004863e-05}, {"l": "Renewable", "v": 3.9492760038321992e-07}]}, {"source": 11, "prod": 0, "target": 0, "value": 0.0021213562500317505, "supply": [{"l": "Gas-Diesel oil", "v": 0.0021213562500317505}]}, {"source": 11, "prod": 0, "target": 2, "value": 0.00060610178572335731, "supply": [{"l": "Gas-Diesel oil", "v": 0.00060610178572335731}]}, {"source": 11, "prod": 0, "target": 3, "value": 0.0045457633929251789, "supply": [{"l": "Gas-Diesel oil", "v": 0.0045457633929251789}]}, {"source": 11, "prod": 0, "target": 4, "value": 0.00075762723215419656, "supply": [{"l": "Gas-Diesel oil", "v": 0.00075762723215419656}]}, {"source": 11, "prod": 0, "target": 5, "value": 0.00030305089286167866, "supply": [{"l": "Gas-Diesel oil", "v": 0.00030305089286167866}]}, {"source": 11, "prod": 0, "target": 9, "value": 0.009697628571573717, "supply": [{"l": "Gas-Diesel oil", "v": 0.009697628571573717}]}, {"source": 11, "prod": 0, "target": 6, "value": 0.0013637290178775538, "supply": [{"l": "Gas-Diesel oil", "v": 0.0013637290178775538}]}, {"source": 11, "prod": 0, "target": 7, "value": 0.00090915267858503591, "supply": [{"l": "Gas-Diesel oil", "v": 0.00090915267858503591}]}, {"source": 11, "prod": 0, "target": 8, "value": 0.00075762723215419656, "supply": [{"l": "Gas-Diesel oil", "v": 0.00075762723215419656}]}, {"source": 13, "prod": 0, "target": 0, "value": 0.00067736661411755454, "supply": "[{\"l\":'Labor',\"v\":0.00067736661411755454}]"}, {"source": 13, "prod": 0, "target": 2, "value": 0.0001935333183193013, "supply": "[{\"l\":'Labor',\"v\":0.0001935333183193013}]"}, {"source": 13, "prod": 0, "target": 3, "value": 0.0014514998873947596, "supply": "[{\"l\":'Labor',\"v\":0.0014514998873947596}]"}, {"source": 13, "prod": 0, "target": 4, "value": 0.00024191664789912661, "supply": "[{\"l\":'Labor',\"v\":0.00024191664789912661}]"}, {"source": 13, "prod": 0, "target": 5, "value": 9.6766659159650651e-05, "supply": "[{\"l\":'Labor',\"v\":9.6766659159650651e-05}]"}, {"source": 13, "prod": 0, "target": 9, "value": 0.0030965330931088208, "supply": "[{\"l\":'Labor',\"v\":0.0030965330931088208}]"}, {"source": 13, "prod": 0, "target": 6, "value": 0.00043544996621842794, "supply": "[{\"l\":'Labor',\"v\":0.00043544996621842794}]"}, {"source": 13, "prod": 0, "target": 7, "value": 0.00029029997747895199, "supply": "[{\"l\":'Labor',\"v\":0.00029029997747895199}]"}, {"source": 13, "prod": 0, "target": 8, "value": 0.00024191664789912661, "supply": "[{\"l\":'Labor',\"v\":0.00024191664789912661}]"}]}