{"nodes": [{"layer": 5, "name": "Fruits, Roots & Vegetables", "fill": "#98df8a"}, {"layer": 10, "name": "Feed", "fill": "#dbdb8d"}, {"layer": 5, "name": "Sugar Crops", "fill": "#ffbb78"}, {"layer": 13, "name": "Other Processed", "fill": "#9c9ede"}, {"layer": 16, "name": "Food", "fill": "#b5cf6b"}, {"layer": 13, "name": "Animal Products", "fill": "#17becf"}, {"layer": 5, "name": "Cereals", "fill": "#e7ba52"}, {"layer": 5, "name": "Oilcrops", "fill": "#ff9896"}, {"layer": 13, "name": "Sugar", "fill": "#d6616b"}, {"layer": 13, "name": "Aquatic Products", "fill": "#1f77b4"}, {"layer": 10, "name": "Processing", "fill": "#9edae5"}, {"layer": 16, "name": "Biofuels & Other", "fill": "#e7ba52"}, {"name": "Waste", "fill": "#c7c7c7"}, {"layer": 2, "name": "Import", "fill": "#aec7e8"}, {"layer": 16, "name": "Export", "fill": "#aec7e8"}, {"layer": 16, "name": "Stock Deposit", "fill": "#c7c7c7"}, {"layer": 0, "name": "Stock Draw", "fill": "#c7c7c7"}, {"name": "Crop Residue", "fill": "#bd9e39"}, {"layer": 2, "name": "Electricity", "fill": "#bcbd22"}, {"layer": 0, "name": "Fossil Fuels", "fill": "#c49c94"}, {"layer": 0, "name": "Renewables & Nuclear", "fill": "#2ca02c"}, {"layer": 0, "name": "Labor", "fill": "#7f7f7f"}], "links": [{"source": 0, "prod": 1.0, "target": 1, "value": 0.00107981345845469, "supply": [{"l": "Roots, Other", "v": 0.00107981345845469}]}, {"source": 2, "prod": 3.0, "target": 1, "value": 0.0010325716196472974, "supply": [{"l": "Sugar cane", "v": 0.0010325716196472974}]}, {"source": 3, "prod": 2.0, "target": 4, "value": 0.0038385125012778219, "supply": [{"l": "Beer", "v": 0.00040534013232682297}, {"l": "Beverages, Alcoholic", "v": 0.0034331723689509991}]}, {"source": 5, "prod": 11.0, "target": 4, "value": 0.013417476964349619, "supply": [{"l": "Pigmeat", "v": 0.0030990783755118845}, {"l": "Milk - Excluding Butter", "v": 0.0069914550434438073}, {"l": "Eggs", "v": 0.0015031194517454213}, {"l": "Poultry Meat", "v": 0.001823824093648506}]}, {"source": 6, "prod": 8.0, "target": 4, "value": 0.025562881235943032, "supply": [{"l": "Rice", "v": 0.00424501665855}, {"l": "Wheat", "v": 0.021317864577393032}]}, {"source": 7, "prod": 3.0, "target": 4, "value": 0.0047323812998810314, "supply": [{"l": "Coconuts - Incl Copra", "v": 0.0047323812998810314}]}, {"source": 0, "prod": 16.0, "target": 4, "value": 0.012937552516017123, "supply": [{"l": "Vegetables, Other", "v": 0.00066850656040157478}, {"l": "Fruits, Other", "v": 0.0022065680650878712}, {"l": "Citrus, Other", "v": 0.00031357463775069254}, {"l": "Grapefruit", "v": 0.00019383637710273976}, {"l": "Pulses, Other", "v": 0.0039026766054411294}, {"l": "Bananas", "v": 0.0036192828653798786}, {"l": "Roots, Other", "v": 0.00107981345845469}, {"l": "Oranges, Mandarines", "v": 0.00038157453110561796}, {"l": "Apples", "v": 0.00057171941529292932}]}, {"source": 8, "prod": 3.0, "target": 4, "value": 0.010292163030635378, "supply": [{"l": "Sugar", "v": 0.010292163030635378}]}, {"source": 9, "prod": 6.0, "target": 4, "value": 0.0059689546468757217, "supply": [{"l": "Fish, Seafood", "v": 0.0031377520280313409}, {"l": "Pelagic Fish", "v": 0.0020439670045626396}, {"l": "Marine Fish, Other", "v": 0.00078723561428174044}]}, {"source": 2, "prod": 10.0, "target": 10, "value": 0.0034419053988243241, "supply": [{"l": "Sugar cane", "v": 0.0034419053988243241}]}, {"source": 7, "prod": 1.0, "target": 10, "value": 0.0015774604332936771, "supply": [{"l": "Coconuts - Incl Copra", "v": 0.0015774604332936771}]}, {"source": 9, "prod": 2.0, "target": 11, "value": 0.0020679008449584332, "supply": [{"l": "Pelagic Fish", "v": 0.0010219835022813198}, {"l": "Fish, Seafood", "v": 0.0010459173426771136}]}, {"source": 0, "prod": 1.0, "target": 11, "value": 0.00072385657307597582, "supply": [{"l": "Bananas", "v": 0.00072385657307597582}]}, {"source": 7, "prod": 1.0, "target": 12, "value": 0.0015774604332936771, "supply": [{"l": "Coconuts - Incl Copra", "v": 0.0015774604332936771}]}, {"source": 13, "prod": 3.0, "target": 10, "value": 0.010292163030635378, "supply": [{"l": "Sugar", "v": 0.010292163030635378}]}, {"source": 13, "prod": 8.0, "target": 6, "value": 0.025562881235943032, "supply": [{"l": "Wheat", "v": 0.021317864577393032}, {"l": "Rice", "v": 0.00424501665855}]}, {"source": 13, "prod": 9.0, "target": 1, "value": 0.0089005683331902161, "supply": [{"l": "Poultry Meat", "v": 0.001823824093648506}, {"l": "Milk - Excluding Butter", "v": 0.0052435912825828553}, {"l": "Marine Fish, Other", "v": 0.00078723561428174044}, {"l": "Fish, Seafood", "v": 0.0010459173426771136}]}, {"source": 0, "prod": 19.0, "target": 14, "value": 0.034960001738719389, "supply": [{"l": "Spices, Other", "v": 0.016143021095894366}, {"l": "Bananas", "v": 0.01013399202306366}, {"l": "Cocoa Beans", "v": 0.0086829886197613646}]}, {"source": 8, "prod": 1.0, "target": 15, "value": 0.0034307210102117926, "supply": [{"l": "Sugar", "v": 0.0034307210102117926}]}, {"source": 16, "prod": 1.0, "target": 1, "value": 0.00087393188043047591, "supply": [{"l": "Milk - Excluding Butter", "v": 0.00087393188043047591}]}, {"source": 1, "prod": 8.0, "target": 9, "value": 0.0080368554918341557, "supply": [{"l": "Pelagic Fish", "v": 0.0030659505068439596}, {"l": "Marine Fish, Other", "v": 0.00078723561428174044}, {"l": "Fish, Seafood", "v": 0.0041836693707084545}]}, {"source": 1, "prod": 11.0, "target": 5, "value": 0.013417476964349619, "supply": [{"l": "Milk - Excluding Butter", "v": 0.0069914550434438073}, {"l": "Poultry Meat", "v": 0.001823824093648506}, {"l": "Pigmeat", "v": 0.0030990783755118845}, {"l": "Eggs", "v": 0.0015031194517454213}]}, {"source": 10, "prod": 2.0, "target": 3, "value": 0.0038385125012778219, "supply": [{"l": "Beer", "v": 0.00040534013232682297}, {"l": "Beverages, Alcoholic", "v": 0.0034331723689509991}]}, {"source": 10, "prod": 4.0, "target": 8, "value": 0.013722884040847171, "supply": [{"l": "Sugar", "v": 0.013722884040847171}]}, {"source": 0, "prod": 38.0, "target": 17, "value": 0.20219904825134036, "supply": [{"l": "Vegetables, Other", "v": 0.0069733333199999987}, {"l": "Yams", "v": 0.00087166666500000005}, {"l": "Roots, Other", "v": 0.0034866666600000002}, {"l": "Pulses, Other", "v": 0.0034866666600000002}]}, {"source": 2, "prod": 5.4000000000000004, "target": 17, "value": 0.0018586289153651348, "supply": [{"l": "Sugar cane", "v": 0.0018586289153651348}]}, {"source": 6, "prod": 9.0, "target": 17, "value": 0.029836364681326513, "supply": [{"l": "Maize", "v": 0.0034866666600000002}, {"l": "Rice", "v": 0.0034866666599999998}, {"l": "Wheat", "v": 0.02440666662}]}, {"source": 7, "prod": 5.5, "target": 17, "value": 0.0066064505734790193, "supply": [{"l": "Coconuts - Incl Copra", "v": 0.019176666630000002}]}, {"source": 18, "prod": 0, "target": 0, "value": 4.6176242099292423e-05, "supply": "[{\"l\":'Energy for power irrigation',\"v\":4.6176242099292423e-05}]"}, {"source": 18, "prod": 0, "target": 2, "value": 1.6404717587906519e-05, "supply": "[{\"l\":'Energy for power irrigation',\"v\":1.6404717587906519e-05}]"}, {"source": 18, "prod": 0, "target": 6, "value": 5.4682391959688392e-06, "supply": "[{\"l\":'Energy for power irrigation',\"v\":5.4682391959688392e-06}]"}, {"source": 18, "prod": 0, "target": 7, "value": 6.6834034617396927e-06, "supply": "[{\"l\":'Energy for power irrigation',\"v\":6.6834034617396927e-06}]"}, {"source": 18, "prod": 0, "target": 10, "value": 0.00033654757576532943, "supply": "[{\"l\":'Electricity',\"v\":0.00033654757576532943}]"}, {"source": 19, "prod": 0, "target": 18, "value": 0.00073386716364584994, "supply": [{"l": "Coal", "v": 0.0003919172090335668}, {"l": "Natural gas", "v": 9.6112714161566057e-05}, {"l": "Oil", "v": 0.00024583724045071701}]}, {"source": 20, "prod": 0, "target": 18, "value": 0.0001230450966986562, "supply": [{"l": "Nuclear", "v": 3.3205194723922179e-05}, {"l": "Hydroelectric", "v": 8.8460503335270602e-05}, {"l": "Renewable", "v": 1.3793986394634229e-06}]}, {"source": 19, "prod": 0, "target": 0, "value": 0.013013941594271435, "supply": [{"l": "Gas-Diesel oil", "v": 0.013013941594271435}]}, {"source": 19, "prod": 0, "target": 2, "value": 0.0046233739874385364, "supply": [{"l": "Gas-Diesel oil", "v": 0.0046233739874385364}]}, {"source": 19, "prod": 0, "target": 6, "value": 0.0015411246624795121, "supply": [{"l": "Gas-Diesel oil", "v": 0.0015411246624795121}]}, {"source": 19, "prod": 0, "target": 7, "value": 0.0018835968096971815, "supply": [{"l": "Gas-Diesel oil", "v": 0.0018835968096971815}]}, {"source": 21, "prod": 0, "target": 6, "value": 0.00048328103562583974, "supply": "[{\"l\":'Labor',\"v\":0.00048328103562583974}]"}, {"source": 21, "prod": 0, "target": 7, "value": 0.00059067682132047088, "supply": "[{\"l\":'Labor',\"v\":0.00059067682132047088}]"}, {"source": 21, "prod": 0, "target": 0, "value": 0.0040810398563959809, "supply": "[{\"l\":'Labor',\"v\":0.0040810398563959809}]"}, {"source": 21, "prod": 0, "target": 2, "value": 0.0014498431068775193, "supply": "[{\"l\":'Labor',\"v\":0.0014498431068775193}]"}, {"source": 19, "prod": 0, "target": 13, "value": 0.055529489392672493, "supply": "[{\"l\":'Fossil Fuels',\"v\":0.055529489392672493}]"}, {"source": 20, "prod": 0, "target": 13, "value": 0.002975502903828153, "supply": "[{\"l\":'Renewables & Nuclear',\"v\":0.00010356127092393467},{\"l\":'Biomass & Waste',\"v\":0.0028719416329042184}]"}]}