{"nodes": [{"layer": 3, "name": "Oilcrops", "fill": "#ff9896"}, {"layer": 5, "name": "Production", "fill": "#b5cf6b"}, {"layer": 3, "name": "Sugar Crops", "fill": "#ffbb78"}, {"layer": 3, "name": "Starchy Roots"}, {"layer": 3, "name": "Pulses"}, {"layer": 3, "name": "Fruits - Excluding Wine"}, {"layer": 3, "name": "Spices"}, {"layer": 3, "name": "Stimulants"}, {"layer": 3, "name": "Vegetables"}, {"layer": 1, "name": "Electricity", "fill": "#bcbd22"}, {"layer": 0, "name": "Fossil Fuels", "fill": "#c49c94"}, {"layer": 0, "name": "Renewables & Nuclear", "fill": "#2ca02c"}, {"layer": 0, "name": "Labor", "fill": "#7f7f7f"}], "links": [{"source": 0, "prod": 8.0, "target": 1, "value": 0.012669287782710084, "supply": [{"l": "Coconuts - Incl Copra", "v": 0.012669287782710084}]}, {"source": 2, "prod": 7.0, "target": 1, "value": 0.0023963803717620968, "supply": [{"l": "Sugar cane", "v": 0.0023963803717620968}]}, {"source": 3, "prod": 3.0, "target": 1, "value": 0.0031315696661434428, "supply": [{"l": "Roots, Other", "v": 0.0031315696661434428}]}, {"source": 4, "prod": 1.0, "target": 1, "value": 0.0038957431360110767, "supply": [{"l": "Pulses, Other", "v": 0.0038957431360110767}]}, {"source": 5, "prod": 24.0, "target": 1, "value": 0.015900254714249107, "supply": [{"l": "Bananas", "v": 0.010072920884694915}, {"l": "Fruits, Other", "v": 0.0041340500518939009}, {"l": "Citrus, Other", "v": 0.0003117515293916769}, {"l": "Grapefruit", "v": 0.00038630080815925172}, {"l": "Oranges, Mandarines", "v": 0.00037901934451339288}, {"l": "Apples", "v": 0.00061621209559596787}]}, {"source": 6, "prod": 3.0, "target": 1, "value": 0.015394016454082417, "supply": [{"l": "Spices, Other", "v": 0.015394016454082417}]}, {"source": 7, "prod": 3.0, "target": 1, "value": 0.014576262020322292, "supply": [{"l": "Cocoa Beans", "v": 0.014576262020322292}]}, {"source": 8, "prod": 2.0, "target": 1, "value": 0.00068468010621774186, "supply": [{"l": "Vegetables, Other", "v": 0.00068468010621774186}]}, {"source": 9, "prod": 0, "target": 0, "value": 2.1848957666643359e-05, "supply": "[{\"l\":'Energy for power irrigation',\"v\":2.1848957666643359e-05}]"}, {"source": 9, "prod": 0, "target": 8, "value": 5.4622394166608397e-06, "supply": "[{\"l\":'Energy for power irrigation',\"v\":5.4622394166608397e-06}]"}, {"source": 9, "prod": 0, "target": 2, "value": 1.9117837958312937e-05, "supply": "[{\"l\":'Energy for power irrigation',\"v\":1.9117837958312937e-05}]"}, {"source": 9, "prod": 0, "target": 3, "value": 6.8277992708260496e-06, "supply": "[{\"l\":'Energy for power irrigation',\"v\":6.8277992708260496e-06}]"}, {"source": 9, "prod": 0, "target": 4, "value": 2.7311197083304198e-06, "supply": "[{\"l\":'Energy for power irrigation',\"v\":2.7311197083304198e-06}]"}, {"source": 9, "prod": 0, "target": 5, "value": 6.8277992708260494e-05, "supply": "[{\"l\":'Energy for power irrigation',\"v\":6.8277992708260494e-05}]"}, {"source": 9, "prod": 0, "target": 6, "value": 8.1933591249912595e-06, "supply": "[{\"l\":'Energy for power irrigation',\"v\":8.1933591249912595e-06}]"}, {"source": 9, "prod": 0, "target": 7, "value": 8.1933591249912595e-06, "supply": "[{\"l\":'Energy for power irrigation',\"v\":8.1933591249912595e-06}]"}, {"source": 10, "prod": 0, "target": 9, "value": 0.00024535202639407335, "supply": [{"l": "Coal", "v": 0.00015955471356561158}, {"l": "Natural gas", "v": 3.3639403850867198e-05}, {"l": "Oil", "v": 5.2157908977594585e-05}]}, {"source": 11, "prod": 0, "target": 9, "value": 5.6787794047195316e-05, "supply": [{"l": "Nuclear", "v": 2.1982220978515404e-05}, {"l": "Hydroelectric", "v": 3.3820864624180783e-05}, {"l": "Renewable", "v": 9.8470844449912624e-07}]}, {"source": 10, "prod": 0, "target": 0, "value": 0.0029822353350635986, "supply": [{"l": "Gas-Diesel oil", "v": 0.0029822353350635986}]}, {"source": 10, "prod": 0, "target": 8, "value": 0.00074555883376589964, "supply": [{"l": "Gas-Diesel oil", "v": 0.00074555883376589964}]}, {"source": 10, "prod": 0, "target": 2, "value": 0.0026094559181806488, "supply": [{"l": "Gas-Diesel oil", "v": 0.0026094559181806488}]}, {"source": 10, "prod": 0, "target": 3, "value": 0.00093194854220737453, "supply": [{"l": "Gas-Diesel oil", "v": 0.00093194854220737453}]}, {"source": 10, "prod": 0, "target": 4, "value": 0.00037277941688294982, "supply": [{"l": "Gas-Diesel oil", "v": 0.00037277941688294982}]}, {"source": 10, "prod": 0, "target": 5, "value": 0.0093194854220737464, "supply": [{"l": "Gas-Diesel oil", "v": 0.0093194854220737464}]}, {"source": 10, "prod": 0, "target": 6, "value": 0.0011183382506488495, "supply": [{"l": "Gas-Diesel oil", "v": 0.0011183382506488495}]}, {"source": 10, "prod": 0, "target": 7, "value": 0.0011183382506488495, "supply": [{"l": "Gas-Diesel oil", "v": 0.0011183382506488495}]}, {"source": 12, "prod": 0, "target": 0, "value": 0.00089343057052939376, "supply": "[{\"l\":'Labor',\"v\":0.00089343057052939376}]"}, {"source": 12, "prod": 0, "target": 8, "value": 0.00022335764263234844, "supply": "[{\"l\":'Labor',\"v\":0.00022335764263234844}]"}, {"source": 12, "prod": 0, "target": 2, "value": 0.00078175174921321958, "supply": "[{\"l\":'Labor',\"v\":0.00078175174921321958}]"}, {"source": 12, "prod": 0, "target": 3, "value": 0.00027919705329043556, "supply": "[{\"l\":'Labor',\"v\":0.00027919705329043556}]"}, {"source": 12, "prod": 0, "target": 4, "value": 0.00011167882131617422, "supply": "[{\"l\":'Labor',\"v\":0.00011167882131617422}]"}, {"source": 12, "prod": 0, "target": 5, "value": 0.0027919705329043556, "supply": "[{\"l\":'Labor',\"v\":0.0027919705329043556}]"}, {"source": 12, "prod": 0, "target": 6, "value": 0.00033503646394852265, "supply": "[{\"l\":'Labor',\"v\":0.00033503646394852265}]"}, {"source": 12, "prod": 0, "target": 7, "value": 0.00033503646394852265, "supply": "[{\"l\":'Labor',\"v\":0.00033503646394852265}]"}]}