{"nodes": [{"layer": 5, "name": "Roots, Other"}, {"layer": 10, "name": "Feed", "fill": "#dbdb8d"}, {"layer": 5, "name": "Sugar cane"}, {"layer": 5, "name": "Maize"}, {"layer": 16, "name": "Food", "fill": "#b5cf6b"}, {"layer": 5, "name": "Vegetables, Other"}, {"layer": 5, "name": "Fruits, Other"}, {"layer": 13, "name": "Sugar", "fill": "#d6616b"}, {"layer": 5, "name": "Citrus, Other"}, {"layer": 13, "name": "Beer"}, {"layer": 5, "name": "Grapefruit"}, {"layer": 5, "name": "Rice"}, {"layer": 5, "name": "Wheat"}, {"layer": 5, "name": "Coconuts - Incl Copra"}, {"layer": 13, "name": "Eggs"}, {"layer": 13, "name": "Marine Fish, Other"}, {"layer": 13, "name": "Milk - Excluding Butter"}, {"layer": 5, "name": "Pulses, Other"}, {"layer": 13, "name": "Fish, Seafood"}, {"layer": 5, "name": "Lemons, Limes"}, {"layer": 13, "name": "Pelagic Fish"}, {"layer": 5, "name": "Bananas"}, {"layer": 13, "name": "Bovine Meat"}, {"layer": 13, "name": "Poultry Meat"}, {"layer": 5, "name": "Oranges, Mandarines"}, {"layer": 5, "name": "Apples"}, {"layer": 10, "name": "Processing", "fill": "#9edae5"}, {"layer": 16, "name": "Biofuels & Other", "fill": "#e7ba52"}, {"name": "Waste", "fill": "#c7c7c7"}, {"layer": 2, "name": "Import", "fill": "#aec7e8"}, {"layer": 5, "name": "Spices, Other"}, {"layer": 16, "name": "Export", "fill": "#aec7e8"}, {"layer": 5, "name": "Cocoa Beans"}, {"layer": 0, "name": "Stock Draw", "fill": "#c7c7c7"}, {"layer": 2, "name": "Electricity", "fill": "#bcbd22"}, {"layer": 0, "name": "Fossil Fuels", "fill": "#c49c94"}, {"layer": 0, "name": "Renewables & Nuclear", "fill": "#2ca02c"}, {"layer": 0, "name": "Labor", "fill": "#7f7f7f"}], "links": [{"source": 0, "prod": 1.0, "target": 1, "value": 0.0010404452594485294, "supply": [{"l": "Roots, Other", "v": 0.0010404452594485294}]}, {"source": 2, "prod": 1.0, "target": 1, "value": 0.00030985523055109492, "supply": [{"l": "Sugar cane", "v": 0.00030985523055109492}]}, {"source": 3, "prod": 1.0, "target": 4, "value": 0.0038086130768299072, "supply": [{"l": "Maize", "v": 0.0038086130768299072}]}, {"source": 5, "prod": 2.0, "target": 4, "value": 0.00067847895448321788, "supply": [{"l": "Vegetables, Other", "v": 0.00067847895448321788}]}, {"source": 6, "prod": 4.0, "target": 4, "value": 0.003669019974397305, "supply": [{"l": "Fruits, Other", "v": 0.003669019974397305}]}, {"source": 7, "prod": 5.0, "target": 4, "value": 0.014743557572872464, "supply": [{"l": "Sugar", "v": 0.014743557572872464}]}, {"source": 8, "prod": 1.0, "target": 4, "value": 0.00030213641697864773, "supply": [{"l": "Citrus, Other", "v": 0.00030213641697864773}]}, {"source": 9, "prod": 1.0, "target": 4, "value": 0.00041347564856006498, "supply": [{"l": "Beer", "v": 0.00041347564856006498}]}, {"source": 10, "prod": 1.0, "target": 4, "value": 0.00018121736002347919, "supply": [{"l": "Grapefruit", "v": 0.00018121736002347919}]}, {"source": 11, "prod": 1.0, "target": 4, "value": 0.0042191098437201402, "supply": [{"l": "Rice", "v": 0.0042191098437201402}]}, {"source": 12, "prod": 7.0, "target": 4, "value": 0.021350468453017659, "supply": [{"l": "Wheat", "v": 0.021350468453017659}]}, {"source": 13, "prod": 2.0, "target": 4, "value": 0.0031782681473811231, "supply": [{"l": "Coconuts - Incl Copra", "v": 0.0031782681473811231}]}, {"source": 14, "prod": 1.0, "target": 4, "value": 0.001494724175545775, "supply": [{"l": "Eggs", "v": 0.001494724175545775}]}, {"source": 0, "prod": 1.0, "target": 4, "value": 0.0010404452594485294, "supply": [{"l": "Roots, Other", "v": 0.0010404452594485294}]}, {"source": 15, "prod": 2.0, "target": 4, "value": 0.0015628921189435867, "supply": [{"l": "Marine Fish, Other", "v": 0.0015628921189435867}]}, {"source": 16, "prod": 6.0, "target": 4, "value": 0.0046778524293077904, "supply": [{"l": "Milk - Excluding Butter", "v": 0.0046778524293077904}]}, {"source": 17, "prod": 1.0, "target": 4, "value": 0.0039357770344172179, "supply": [{"l": "Pulses, Other", "v": 0.0039357770344172179}]}, {"source": 18, "prod": 3.0, "target": 4, "value": 0.0024195788427454085, "supply": [{"l": "Fish, Seafood", "v": 0.0024195788427454085}]}, {"source": 19, "prod": 1.0, "target": 4, "value": 0.00020000078485512372, "supply": [{"l": "Lemons, Limes", "v": 0.00020000078485512372}]}, {"source": 20, "prod": 1.0, "target": 4, "value": 0.0010264288984404145, "supply": [{"l": "Pelagic Fish", "v": 0.0010264288984404145}]}, {"source": 21, "prod": 5.0, "target": 4, "value": 0.0035944998554429987, "supply": [{"l": "Bananas", "v": 0.0035944998554429987}]}, {"source": 22, "prod": 1.0, "target": 4, "value": 0.0017981916254069593, "supply": [{"l": "Bovine Meat", "v": 0.0017981916254069593}]}, {"source": 23, "prod": 1.0, "target": 4, "value": 0.0017905166925342706, "supply": [{"l": "Poultry Meat", "v": 0.0017905166925342706}]}, {"source": 24, "prod": 2.0, "target": 4, "value": 0.00046242011531045753, "supply": [{"l": "Oranges, Mandarines", "v": 0.00046242011531045753}]}, {"source": 25, "prod": 1.0, "target": 4, "value": 0.00062889135682222218, "supply": [{"l": "Apples", "v": 0.00062889135682222218}]}, {"source": 2, "prod": 16.0, "target": 26, "value": 0.0049576836888175187, "supply": [{"l": "Sugar cane", "v": 0.0049576836888175187}]}, {"source": 13, "prod": 3.0, "target": 26, "value": 0.0047674022210716848, "supply": [{"l": "Coconuts - Incl Copra", "v": 0.0047674022210716848}]}, {"source": 21, "prod": 2.0, "target": 27, "value": 0.0014377999421771996, "supply": [{"l": "Bananas", "v": 0.0014377999421771996}]}, {"source": 2, "prod": 1.0, "target": 28, "value": 0.00030985523055109492, "supply": [{"l": "Sugar cane", "v": 0.00030985523055109492}]}, {"source": 6, "prod": 1.0, "target": 28, "value": 0.00091725499359932624, "supply": [{"l": "Fruits, Other", "v": 0.00091725499359932624}]}, {"source": 13, "prod": 1.0, "target": 28, "value": 0.0015891340736905615, "supply": [{"l": "Coconuts - Incl Copra", "v": 0.0015891340736905615}]}, {"source": 29, "prod": 2.0, "target": 26, "value": 0.005897423029148985, "supply": [{"l": "Sugar", "v": 0.005897423029148985}]}, {"source": 29, "prod": 1.0, "target": 24, "value": 0.00023121005765522877, "supply": [{"l": "Oranges, Mandarines", "v": 0.00023121005765522877}]}, {"source": 29, "prod": 1.0, "target": 11, "value": 0.0042191098437201402, "supply": [{"l": "Rice", "v": 0.0042191098437201402}]}, {"source": 29, "prod": 8.0, "target": 12, "value": 0.024400535374877325, "supply": [{"l": "Wheat", "v": 0.024400535374877325}]}, {"source": 29, "prod": 8.0, "target": 1, "value": 0.0062945129669790528, "supply": [{"l": "Milk - Excluding Butter", "v": 0.0031185682862051932}, {"l": "Marine Fish, Other", "v": 0.0015628921189435867}, {"l": "Fish, Seafood", "v": 0.0016130525618302724}]}, {"source": 30, "prod": 1.0, "target": 31, "value": 0.0054191702024042557, "supply": [{"l": "Spices, Other", "v": 0.0054191702024042557}]}, {"source": 21, "prod": 21.0, "target": 31, "value": 0.015096899392860592, "supply": [{"l": "Bananas", "v": 0.015096899392860592}]}, {"source": 32, "prod": 2.0, "target": 31, "value": 0.0095146925105431043, "supply": [{"l": "Cocoa Beans", "v": 0.0095146925105431043}]}, {"source": 33, "prod": 1.0, "target": 1, "value": 0.00077964207155129829, "supply": [{"l": "Milk - Excluding Butter", "v": 0.00077964207155129829}]}, {"source": 1, "prod": 1.0, "target": 23, "value": 0.0017905166925342706, "supply": [{"l": "Poultry Meat", "v": 0.0017905166925342706}]}, {"source": 1, "prod": 1.0, "target": 20, "value": 0.0010264288984404145, "supply": [{"l": "Pelagic Fish", "v": 0.0010264288984404145}]}, {"source": 1, "prod": 1.0, "target": 22, "value": 0.0017981916254069593, "supply": [{"l": "Bovine Meat", "v": 0.0017981916254069593}]}, {"source": 1, "prod": 1.0, "target": 14, "value": 0.001494724175545775, "supply": [{"l": "Eggs", "v": 0.001494724175545775}]}, {"source": 1, "prod": 6.0, "target": 16, "value": 0.0046778524293077904, "supply": [{"l": "Milk - Excluding Butter", "v": 0.0046778524293077904}]}, {"source": 1, "prod": 2.0, "target": 15, "value": 0.0015628921189435867, "supply": [{"l": "Marine Fish, Other", "v": 0.0015628921189435867}]}, {"source": 1, "prod": 3.0, "target": 18, "value": 0.0024195788427454085, "supply": [{"l": "Fish, Seafood", "v": 0.0024195788427454085}]}, {"source": 26, "prod": 1.0, "target": 9, "value": 0.00041347564856006498, "supply": [{"l": "Beer", "v": 0.00041347564856006498}]}, {"source": 26, "prod": 5.0, "target": 7, "value": 0.014743557572872464, "supply": [{"l": "Sugar", "v": 0.014743557572872464}]}, {"source": 34, "prod": 0, "target": 32, "value": 7.1812138538118073e-07, "supply": "[{\"l\":'Energy for power irrigation',\"v\":7.1812138538118073e-07}]"}, {"source": 34, "prod": 0, "target": 3, "value": 3.5906069269059037e-07, "supply": "[{\"l\":'Energy for power irrigation',\"v\":3.5906069269059037e-07}]"}, {"source": 34, "prod": 0, "target": 0, "value": 7.1812138538118073e-07, "supply": "[{\"l\":'Energy for power irrigation',\"v\":7.1812138538118073e-07}]"}, {"source": 34, "prod": 0, "target": 21, "value": 9.69463870264594e-06, "supply": "[{\"l\":'Energy for power irrigation',\"v\":9.69463870264594e-06}]"}, {"source": 34, "prod": 0, "target": 13, "value": 2.3338945024888375e-06, "supply": "[{\"l\":'Energy for power irrigation',\"v\":2.3338945024888375e-06}]"}, {"source": 34, "prod": 0, "target": 30, "value": 3.5906069269059037e-07, "supply": "[{\"l\":'Energy for power irrigation',\"v\":3.5906069269059037e-07}]"}, {"source": 34, "prod": 0, "target": 5, "value": 7.1812138538118073e-07, "supply": "[{\"l\":'Energy for power irrigation',\"v\":7.1812138538118073e-07}]"}, {"source": 34, "prod": 0, "target": 6, "value": 1.7953034634529517e-06, "supply": "[{\"l\":'Energy for power irrigation',\"v\":1.7953034634529517e-06}]"}, {"source": 34, "prod": 0, "target": 8, "value": 5.3859103903588552e-07, "supply": "[{\"l\":'Energy for power irrigation',\"v\":5.3859103903588552e-07}]"}, {"source": 34, "prod": 0, "target": 10, "value": 3.5906069269059037e-07, "supply": "[{\"l\":'Energy for power irrigation',\"v\":3.5906069269059037e-07}]"}, {"source": 34, "prod": 0, "target": 25, "value": 3.5906069269059037e-07, "supply": "[{\"l\":'Energy for power irrigation',\"v\":3.5906069269059037e-07}]"}, {"source": 34, "prod": 0, "target": 24, "value": 5.3859103903588552e-07, "supply": "[{\"l\":'Energy for power irrigation',\"v\":5.3859103903588552e-07}]"}, {"source": 34, "prod": 0, "target": 19, "value": 3.5906069269059037e-07, "supply": "[{\"l\":'Energy for power irrigation',\"v\":3.5906069269059037e-07}]"}, {"source": 34, "prod": 0, "target": 17, "value": 3.5906069269059037e-07, "supply": "[{\"l\":'Energy for power irrigation',\"v\":3.5906069269059037e-07}]"}, {"source": 34, "prod": 0, "target": 2, "value": 6.2835621220853317e-06, "supply": "[{\"l\":'Energy for power irrigation',\"v\":6.2835621220853317e-06}]"}, {"source": 34, "prod": 0, "target": 26, "value": 0.0010337680029737196, "supply": "[{\"l\":'Electricity',\"v\":0.0010337680029737196}]"}, {"source": 35, "prod": 0, "target": 34, "value": 0.0020063417845962665, "supply": [{"l": "Coal", "v": 0.0010398037949671765}, {"l": "Natural gas", "v": 0.00031394792455098652}, {"l": "Oil", "v": 0.00065259006507810326}]}, {"source": 36, "prod": 0, "target": 34, "value": 0.00028161068033824137, "supply": [{"l": "Nuclear", "v": 3.2153012251050111e-05}, {"l": "Hydroelectric", "v": 0.00024625412338881767}, {"l": "Renewable", "v": 3.2035446983735916e-06}]}, {"source": 35, "prod": 0, "target": 32, "value": 0.00056165432143697781, "supply": [{"l": "Gas-Diesel oil", "v": 0.00056165432143697781}]}, {"source": 35, "prod": 0, "target": 3, "value": 0.00028082716071848891, "supply": [{"l": "Gas-Diesel oil", "v": 0.00028082716071848891}]}, {"source": 35, "prod": 0, "target": 0, "value": 0.00056165432143697781, "supply": [{"l": "Gas-Diesel oil", "v": 0.00056165432143697781}]}, {"source": 35, "prod": 0, "target": 21, "value": 0.007582333339399199, "supply": [{"l": "Gas-Diesel oil", "v": 0.007582333339399199}]}, {"source": 35, "prod": 0, "target": 13, "value": 0.0018253765446701777, "supply": [{"l": "Gas-Diesel oil", "v": 0.0018253765446701777}]}, {"source": 35, "prod": 0, "target": 30, "value": 0.00028082716071848891, "supply": [{"l": "Gas-Diesel oil", "v": 0.00028082716071848891}]}, {"source": 35, "prod": 0, "target": 5, "value": 0.00056165432143697781, "supply": [{"l": "Gas-Diesel oil", "v": 0.00056165432143697781}]}, {"source": 35, "prod": 0, "target": 6, "value": 0.0014041358035924443, "supply": [{"l": "Gas-Diesel oil", "v": 0.0014041358035924443}]}, {"source": 35, "prod": 0, "target": 8, "value": 0.00042124074107773328, "supply": [{"l": "Gas-Diesel oil", "v": 0.00042124074107773328}]}, {"source": 35, "prod": 0, "target": 10, "value": 0.00028082716071848891, "supply": [{"l": "Gas-Diesel oil", "v": 0.00028082716071848891}]}, {"source": 35, "prod": 0, "target": 25, "value": 0.00028082716071848891, "supply": [{"l": "Gas-Diesel oil", "v": 0.00028082716071848891}]}, {"source": 35, "prod": 0, "target": 24, "value": 0.00042124074107773328, "supply": [{"l": "Gas-Diesel oil", "v": 0.00042124074107773328}]}, {"source": 35, "prod": 0, "target": 19, "value": 0.00028082716071848891, "supply": [{"l": "Gas-Diesel oil", "v": 0.00028082716071848891}]}, {"source": 35, "prod": 0, "target": 17, "value": 0.00028082716071848891, "supply": [{"l": "Gas-Diesel oil", "v": 0.00028082716071848891}]}, {"source": 35, "prod": 0, "target": 2, "value": 0.0049144753125735553, "supply": [{"l": "Gas-Diesel oil", "v": 0.0049144753125735553}]}, {"source": 37, "prod": 0, "target": 3, "value": 8.5976883085748357e-05, "supply": "[{\"l\":'Labor',\"v\":8.5976883085748357e-05}]"}, {"source": 37, "prod": 0, "target": 0, "value": 0.00017195376617149671, "supply": "[{\"l\":'Labor',\"v\":0.00017195376617149671}]"}, {"source": 37, "prod": 0, "target": 6, "value": 0.00042988441542874176, "supply": "[{\"l\":'Labor',\"v\":0.00042988441542874176}]"}, {"source": 37, "prod": 0, "target": 8, "value": 0.00012896532462862252, "supply": "[{\"l\":'Labor',\"v\":0.00012896532462862252}]"}, {"source": 37, "prod": 0, "target": 10, "value": 8.5976883085748357e-05, "supply": "[{\"l\":'Labor',\"v\":8.5976883085748357e-05}]"}, {"source": 37, "prod": 0, "target": 11, "value": 4.2988441542874179e-05, "supply": "[{\"l\":'Labor',\"v\":4.2988441542874179e-05}]"}, {"source": 37, "prod": 0, "target": 12, "value": 0.00030091909080011924, "supply": "[{\"l\":'Labor',\"v\":0.00030091909080011924}]"}, {"source": 37, "prod": 0, "target": 13, "value": 0.00055884974005736428, "supply": "[{\"l\":'Labor',\"v\":0.00055884974005736428}]"}, {"source": 37, "prod": 0, "target": 5, "value": 0.00017195376617149671, "supply": "[{\"l\":'Labor',\"v\":0.00017195376617149671}]"}, {"source": 37, "prod": 0, "target": 32, "value": 0.00017195376617149671, "supply": "[{\"l\":'Labor',\"v\":0.00017195376617149671}]"}, {"source": 37, "prod": 0, "target": 17, "value": 8.5976883085748357e-05, "supply": "[{\"l\":'Labor',\"v\":8.5976883085748357e-05}]"}, {"source": 37, "prod": 0, "target": 19, "value": 8.5976883085748357e-05, "supply": "[{\"l\":'Labor',\"v\":8.5976883085748357e-05}]"}, {"source": 37, "prod": 0, "target": 2, "value": 0.0015045954540005961, "supply": "[{\"l\":'Labor',\"v\":0.0015045954540005961}]"}, {"source": 37, "prod": 0, "target": 21, "value": 0.0023213758433152055, "supply": "[{\"l\":'Labor',\"v\":0.0023213758433152055}]"}, {"source": 37, "prod": 0, "target": 30, "value": 8.5976883085748357e-05, "supply": "[{\"l\":'Labor',\"v\":8.5976883085748357e-05}]"}, {"source": 37, "prod": 0, "target": 24, "value": 0.00012896532462862252, "supply": "[{\"l\":'Labor',\"v\":0.00012896532462862252}]"}, {"source": 37, "prod": 0, "target": 25, "value": 8.5976883085748357e-05, "supply": "[{\"l\":'Labor',\"v\":8.5976883085748357e-05}]"}, {"source": 35, "prod": 0, "target": 29, "value": 0.035019289188587592, "supply": "[{\"l\":'Fossil Fuels',\"v\":0.035019289188587592}]"}, {"source": 36, "prod": 0, "target": 29, "value": 0.0022137213827614619, "supply": "[{\"l\":'Renewables & Nuclear',\"v\":7.6618525925994043e-05},{\"l\":'Biomass & Waste',\"v\":0.0021371028568354677}]"}]}