{"nodes": [{"layer": 5, "name": "Fruits, Roots & Vegetables", "fill": "#98df8a"}, {"layer": 10, "name": "Feed", "fill": "#dbdb8d"}, {"layer": 5, "name": "Sugar Crops", "fill": "#ffbb78"}, {"layer": 5, "name": "Cereals", "fill": "#e7ba52"}, {"layer": 13, "name": "Other Processed", "fill": "#9c9ede"}, {"layer": 16, "name": "Food", "fill": "#b5cf6b"}, {"layer": 13, "name": "Animal Products", "fill": "#17becf"}, {"layer": 5, "name": "Oilcrops", "fill": "#ff9896"}, {"layer": 13, "name": "Sugar", "fill": "#d6616b"}, {"layer": 13, "name": "Aquatic Products", "fill": "#1f77b4"}, {"layer": 10, "name": "Processing", "fill": "#9edae5"}, {"layer": 16, "name": "Biofuels & Other", "fill": "#e7ba52"}, {"name": "Waste", "fill": "#c7c7c7"}, {"layer": 0, "name": "Import", "fill": "#aec7e8"}, {"layer": 16, "name": "Export", "fill": "#aec7e8"}, {"layer": 16, "name": "Stock Deposit", "fill": "#c7c7c7"}, {"layer": 0, "name": "Stock Draw", "fill": "#c7c7c7"}, {"layer": 0, "name": "Production", "fill": "#b5cf6b"}], "links": [{"source": 0, "prod": 0.0010686755224321679, "target": 1, "value": 1.0, "supply": [{"l": "Roots, Other", "v": 1.0}]}, {"source": 2, "prod": 0.00093297069418681337, "target": 1, "value": 3.0, "supply": [{"l": "Sugar cane", "v": 3.0}]}, {"source": 3, "prod": 0.0037981727997552631, "target": 1, "value": 1.0, "supply": [{"l": "Maize", "v": 1.0}]}, {"source": 4, "prod": 0.0038788963406797203, "target": 5, "value": 2.0, "supply": [{"l": "Beer", "v": 1.0}, {"l": "Beverages, Alcoholic", "v": 1.0}]}, {"source": 6, "prod": 0.01294047242906563, "target": 5, "value": 12.0, "supply": [{"l": "Milk - Excluding Butter", "v": 9.0}, {"l": "Eggs", "v": 1.0}, {"l": "Poultry Meat", "v": 2.0}]}, {"source": 3, "prod": 0.025563096676648214, "target": 5, "value": 8.0, "supply": [{"l": "Wheat", "v": 7.0}, {"l": "Rice", "v": 1.0}]}, {"source": 7, "prod": 0.0047469980629029568, "target": 5, "value": 3.0, "supply": [{"l": "Coconuts - Incl Copra", "v": 3.0}]}, {"source": 0, "prod": 0.013098765972945231, "target": 5, "value": 17.0, "supply": [{"l": "Roots, Other", "v": 1.0}, {"l": "Bananas", "v": 3.0}, {"l": "Vegetables, Other", "v": 2.0}, {"l": "Fruits, Other", "v": 5.0}, {"l": "Citrus, Other", "v": 1.0}, {"l": "Grapefruit", "v": 2.0}, {"l": "Pulses, Other", "v": 1.0}, {"l": "Oranges, Mandarines", "v": 1.0}, {"l": "Apples", "v": 1.0}]}, {"source": 8, "prod": 0.010571566582103281, "target": 5, "value": 3.0, "supply": [{"l": "Sugar", "v": 3.0}]}, {"source": 9, "prod": 0.0040663096147179421, "target": 5, "value": 4.0, "supply": [{"l": "Pelagic Fish", "v": 1.0}, {"l": "Marine Fish, Other", "v": 1.0}, {"l": "Fish, Seafood", "v": 2.0}]}, {"source": 2, "prod": 0.0027989120825604396, "target": 10, "value": 9.0, "supply": [{"l": "Sugar cane", "v": 9.0}]}, {"source": 7, "prod": 0.0047469980629029568, "target": 10, "value": 3.0, "supply": [{"l": "Coconuts - Incl Copra", "v": 3.0}]}, {"source": 0, "prod": 0.00072231958849672772, "target": 11, "value": 1.0, "supply": [{"l": "Bananas", "v": 1.0}]}, {"source": 4, "prod": 0.00043538632395384612, "target": 11, "value": 1.0, "supply": [{"l": "Beer", "v": 1.0}]}, {"source": 6, "prod": 0.000860589809140378, "target": 11, "value": 1.0, "supply": [{"l": "Milk - Excluding Butter", "v": 1.0}]}, {"source": 3, "prod": 0.0030459247595408722, "target": 11, "value": 1.0, "supply": [{"l": "Wheat", "v": 1.0}]}, {"source": 0, "prod": 0.00072744895751824222, "target": 12, "value": 1.0, "supply": [{"l": "Fruits, Other", "v": 1.0}]}, {"source": 3, "prod": 0.0030459247595408722, "target": 12, "value": 1.0, "supply": [{"l": "Wheat", "v": 1.0}]}, {"source": 7, "prod": 0.0015823326876343189, "target": 12, "value": 1.0, "supply": [{"l": "Coconuts - Incl Copra", "v": 1.0}]}, {"source": 13, "prod": 0.011006952906057127, "target": 10, "value": 4.0, "supply": [{"l": "Beer", "v": 1.0}, {"l": "Sugar", "v": 3.0}]}, {"source": 13, "prod": 0.038499043755026094, "target": 3, "value": 12.0, "supply": [{"l": "Maize", "v": 1.0}, {"l": "Wheat", "v": 10.0}, {"l": "Rice", "v": 1.0}]}, {"source": 13, "prod": 0.012495779333005223, "target": 1, "value": 12.0, "supply": [{"l": "Poultry Meat", "v": 2.0}, {"l": "Fish, Seafood", "v": 1.0}, {"l": "Marine Fish, Other", "v": 1.0}, {"l": "Milk - Excluding Butter", "v": 8.0}]}, {"source": 13, "prod": 0.00079843573515047024, "target": 0, "value": 1.0, "supply": [{"l": "Potatoes", "v": 1.0}]}, {"source": 0, "prod": 0.029883892805472146, "target": 14, "value": 16.0, "supply": [{"l": "Spices, Other", "v": 2.0}, {"l": "Bananas", "v": 12.0}, {"l": "Cocoa Beans", "v": 2.0}]}, {"source": 3, "prod": 0.0030459247595408722, "target": 14, "value": 1.0, "supply": [{"l": "Wheat", "v": 1.0}]}, {"source": 0, "prod": 0.0051144779018674705, "target": 15, "value": 1.0, "supply": [{"l": "Spices, Other", "v": 1.0}]}, {"source": 16, "prod": 0.00093297069418681337, "target": 2, "value": 3.0, "supply": [{"l": "Sugar cane", "v": 3.0}]}, {"source": 16, "prod": 0.000860589809140378, "target": 1, "value": 1.0, "supply": [{"l": "Milk - Excluding Butter", "v": 1.0}]}, {"source": 17, "prod": 0.011076328813440233, "target": 7, "value": 7.0, "supply": [{"l": "Coconuts - Incl Copra", "v": 7.0}]}, {"source": 17, "prod": 0.050615580748731979, "target": 0, "value": 37.0, "supply": [{"l": "Cocoa Beans", "v": 2.0}, {"l": "Roots, Other", "v": 2.0}, {"l": "Bananas", "v": 16.0}, {"l": "Spices, Other", "v": 3.0}, {"l": "Apples", "v": 1.0}, {"l": "Vegetables, Other", "v": 2.0}, {"l": "Fruits, Other", "v": 6.0}, {"l": "Citrus, Other", "v": 1.0}, {"l": "Grapefruit", "v": 2.0}, {"l": "Pulses, Other", "v": 1.0}, {"l": "Oranges, Mandarines", "v": 1.0}]}, {"source": 17, "prod": 0.0031099023139560438, "target": 2, "value": 10.0, "supply": [{"l": "Sugar cane", "v": 10.0}]}, {"source": 1, "prod": 0.0040663096147179421, "target": 9, "value": 4.0, "supply": [{"l": "Pelagic Fish", "v": 1.0}, {"l": "Marine Fish, Other", "v": 1.0}, {"l": "Fish, Seafood", "v": 2.0}]}, {"source": 1, "prod": 0.013801062238206008, "target": 6, "value": 13.0, "supply": [{"l": "Milk - Excluding Butter", "v": 10.0}, {"l": "Poultry Meat", "v": 2.0}, {"l": "Eggs", "v": 1.0}]}, {"source": 10, "prod": 0.0043142826646335661, "target": 4, "value": 3.0, "supply": [{"l": "Beer", "v": 2.0}, {"l": "Beverages, Alcoholic", "v": 1.0}]}, {"source": 10, "prod": 0.010571566582103281, "target": 8, "value": 3.0, "supply": [{"l": "Sugar", "v": 3.0}]}]}