{"nodes": [{"layer": 5, "name": "Starchy Roots"}, {"layer": 10, "name": "Feed", "fill": "#dbdb8d"}, {"layer": 5, "name": "Sugar Crops", "fill": "#ffbb78"}, {"layer": 13, "name": "Milk - Excluding Butter"}, {"layer": 16, "name": "Food", "fill": "#b5cf6b"}, {"layer": 5, "name": "Oilcrops", "fill": "#ff9896"}, {"layer": 5, "name": "Pulses"}, {"layer": 5, "name": "Vegetables"}, {"layer": 13, "name": "Alcoholic Beverages"}, {"layer": 13, "name": "Fish, Seafood"}, {"layer": 13, "name": "Sugar & Sweeteners"}, {"layer": 5, "name": "Fruits - Excluding Wine"}, {"layer": 5, "name": "Cereals - Excluding Beer"}, {"layer": 13, "name": "Eggs"}, {"layer": 10, "name": "Processing", "fill": "#9edae5"}, {"layer": 16, "name": "Biofuels & Other", "fill": "#e7ba52"}, {"name": "Waste", "fill": "#c7c7c7"}, {"layer": 0, "name": "Import", "fill": "#aec7e8"}, {"layer": 16, "name": "Export", "fill": "#aec7e8"}, {"layer": 5, "name": "Stimulants"}, {"layer": 0, "name": "Production", "fill": "#b5cf6b"}], "links": [{"source": 0, "prod": 0.0010711197412011952, "target": 1, "value": 1.0, "supply": [{"l": "Roots, Other", "v": 1.0}]}, {"source": 2, "prod": 0.00030649939772924191, "target": 1, "value": 1.0, "supply": [{"l": "Sugar cane", "v": 1.0}]}, {"source": 3, "prod": 0.0025107013904071885, "target": 4, "value": 3.0, "supply": [{"l": "Milk - Excluding Butter", "v": 3.0}]}, {"source": 5, "prod": 0.0031786356621992754, "target": 4, "value": 2.0, "supply": [{"l": "Coconuts - Incl Copra", "v": 2.0}]}, {"source": 6, "prod": 0.003923964978491597, "target": 4, "value": 1.0, "supply": [{"l": "Pulses, Other", "v": 1.0}]}, {"source": 7, "prod": 0.00069438658536804794, "target": 4, "value": 2.0, "supply": [{"l": "Vegetables, Other", "v": 2.0}]}, {"source": 8, "prod": 0.00041685924633878894, "target": 4, "value": 1.0, "supply": [{"l": "Beer", "v": 1.0}]}, {"source": 0, "prod": 0.0010711197412011952, "target": 4, "value": 1.0, "supply": [{"l": "Roots, Other", "v": 1.0}]}, {"source": 9, "prod": 0.0033612513298919375, "target": 4, "value": 4.0, "supply": [{"l": "Marine Fish, Other", "v": 1.0}, {"l": "Fish, Seafood", "v": 2.0}, {"l": "Pelagic Fish", "v": 1.0}]}, {"source": 10, "prod": 0.0095146925105431025, "target": 4, "value": 3.0, "supply": [{"l": "Sugar", "v": 3.0}]}, {"source": 11, "prod": 0.0074090575863445824, "target": 4, "value": 11.0, "supply": [{"l": "Bananas", "v": 4.0}, {"l": "Fruits, Other", "v": 4.0}, {"l": "Citrus, Other", "v": 1.0}, {"l": "Grapefruit", "v": 1.0}, {"l": "Oranges, Mandarines", "v": 1.0}]}, {"source": 12, "prod": 0.02629944804738794, "target": 4, "value": 8.0, "supply": [{"l": "Maize", "v": 1.0}, {"l": "Wheat", "v": 6.0}, {"l": "Rice", "v": 1.0}]}, {"source": 13, "prod": 0.0014857558304925004, "target": 4, "value": 1.0, "supply": [{"l": "Eggs", "v": 1.0}]}, {"source": 2, "prod": 0.0027584945795631772, "target": 14, "value": 9.0, "supply": [{"l": "Sugar cane", "v": 9.0}]}, {"source": 5, "prod": 0.0031786356621992754, "target": 14, "value": 2.0, "supply": [{"l": "Coconuts - Incl Copra", "v": 2.0}]}, {"source": 11, "prod": 0.00072556333564561604, "target": 15, "value": 1.0, "supply": [{"l": "Bananas", "v": 1.0}]}, {"source": 11, "prod": 0.00093001825528115864, "target": 16, "value": 1.0, "supply": [{"l": "Fruits, Other", "v": 1.0}]}, {"source": 5, "prod": 0.0015893178310996377, "target": 16, "value": 1.0, "supply": [{"l": "Coconuts - Incl Copra", "v": 1.0}]}, {"source": 17, "prod": 0.022526099906454607, "target": 12, "value": 7.0, "supply": [{"l": "Wheat", "v": 6.0}, {"l": "Rice", "v": 1.0}]}, {"source": 17, "prod": 0.0063431283403620684, "target": 14, "value": 2.0, "supply": [{"l": "Sugar", "v": 2.0}]}, {"source": 17, "prod": 0.0032380204629927304, "target": 1, "value": 4.0, "supply": [{"l": "Milk - Excluding Butter", "v": 2.0}, {"l": "Marine Fish, Other", "v": 1.0}, {"l": "Fish, Seafood", "v": 1.0}]}, {"source": 11, "prod": 0.0087067600277473921, "target": 18, "value": 12.0, "supply": [{"l": "Bananas", "v": 12.0}]}, {"source": 19, "prod": 0.0079820826058205133, "target": 18, "value": 2.0, "supply": [{"l": "Cocoa Beans", "v": 2.0}]}, {"source": 20, "prod": 0.0095359069865978245, "target": 5, "value": 6.0, "supply": [{"l": "Coconuts - Incl Copra", "v": 6.0}]}, {"source": 20, "prod": 0.00069438658536804794, "target": 7, "value": 2.0, "supply": [{"l": "Vegetables, Other", "v": 2.0}]}, {"source": 20, "prod": 0.0030649939772924195, "target": 2, "value": 10.0, "supply": [{"l": "Sugar cane", "v": 10.0}]}, {"source": 20, "prod": 0.0021422394824023904, "target": 0, "value": 2.0, "supply": [{"l": "Roots, Other", "v": 2.0}]}, {"source": 20, "prod": 0.003923964978491597, "target": 6, "value": 1.0, "supply": [{"l": "Pulses, Other", "v": 1.0}]}, {"source": 20, "prod": 0.016907750023807032, "target": 11, "value": 25.0, "supply": [{"l": "Bananas", "v": 16.0}, {"l": "Apples", "v": 1.0}, {"l": "Fruits, Other", "v": 4.0}, {"l": "Citrus, Other", "v": 1.0}, {"l": "Grapefruit", "v": 1.0}, {"l": "Oranges, Mandarines", "v": 1.0}, {"l": "Lemons, Limes", "v": 1.0}]}, {"source": 20, "prod": 0.0037733481409333329, "target": 12, "value": 1.0, "supply": [{"l": "Maize", "v": 1.0}]}, {"source": 20, "prod": 0.01197312390873077, "target": 19, "value": 3.0, "supply": [{"l": "Cocoa Beans", "v": 3.0}]}, {"source": 1, "prod": 0.0025107013904071885, "target": 3, "value": 3.0, "supply": [{"l": "Milk - Excluding Butter", "v": 3.0}]}, {"source": 1, "prod": 0.0014857558304925004, "target": 13, "value": 1.0, "supply": [{"l": "Eggs", "v": 1.0}]}, {"source": 1, "prod": 0.0033612513298919375, "target": 9, "value": 4.0, "supply": [{"l": "Pelagic Fish", "v": 1.0}, {"l": "Marine Fish, Other", "v": 1.0}, {"l": "Fish, Seafood", "v": 2.0}]}, {"source": 14, "prod": 0.0095146925105431025, "target": 10, "value": 3.0, "supply": [{"l": "Sugar", "v": 3.0}]}, {"source": 14, "prod": 0.00041685924633878894, "target": 8, "value": 1.0, "supply": [{"l": "Beer", "v": 1.0}]}]}