{"nodes": [{"layer": 3, "name": "Oilcrops", "fill": "#ff9896"}, {"layer": 5, "name": "Production", "fill": "#b5cf6b"}, {"layer": 3, "name": "Pulses"}, {"layer": 3, "name": "Vegetables"}, {"layer": 3, "name": "Sugar Crops", "fill": "#ffbb78"}, {"layer": 3, "name": "Starchy Roots"}, {"layer": 3, "name": "Cereals - Excluding Beer"}, {"layer": 3, "name": "Stimulants"}, {"layer": 3, "name": "Fruits - Excluding Wine"}, {"layer": 1, "name": "Electricity", "fill": "#bcbd22"}, {"layer": 0, "name": "Fossil Fuels", "fill": "#c49c94"}, {"layer": 0, "name": "Renewables & Nuclear", "fill": "#2ca02c"}, {"layer": 1, "name": "Fertilizers", "fill": "#c5b0d5"}, {"layer": 0, "name": "Labor", "fill": "#7f7f7f"}], "links": [{"source": 0, "prod": 25.0, "target": 1, "value": 0.090427225850699205, "supply": [{"l": "Coconuts - Incl Copra", "v": 0.021532693195543476}, {"l": "Groundnuts", "v": 0.06889453265515573}]}, {"source": 2, "prod": 4.0, "target": 1, "value": 0.015436424212909092, "supply": [{"l": "Beans", "v": 0.015436424212909092}]}, {"source": 3, "prod": 424.0, "target": 1, "value": 0.096321151411197403, "supply": [{"l": "Vegetables, Other", "v": 0.051121562430068088}, {"l": "Tomatoes", "v": 0.04104685529341736}, {"l": "Onions", "v": 0.0041527336877119573}]}, {"source": 4, "prod": 52389.0, "target": 1, "value": 20.217470702252356, "supply": [{"l": "Sugar cane", "v": 20.217470702252356}]}, {"source": 5, "prod": 648.0, "target": 1, "value": 0.72198890945066418, "supply": [{"l": "Roots, Other", "v": 0.040669998309333877}, {"l": "Potatoes", "v": 0.092803467091474093}, {"l": "Sweet potatoes", "v": 0.28046998741171458}, {"l": "Cassava", "v": 0.30804545663814159}]}, {"source": 6, "prod": 393.0, "target": 1, "value": 1.5646328743498943, "supply": [{"l": "Maize", "v": 0.33172115648168765}, {"l": "Rice", "v": 1.229324886886674}, {"l": "Sorghum", "v": 0.0035868309815328668}]}, {"source": 7, "prod": 21.0, "target": 1, "value": 0.01269905619370151, "supply": [{"l": "Coffee", "v": 0.010404452594485294}, {"l": "Cocoa Beans", "v": 0.0022946035992162162}]}, {"source": 8, "prod": 494.0, "target": 1, "value": 0.25357739043545363, "supply": [{"l": "Plantains", "v": 0.069765925953560862}, {"l": "Fruits, Other", "v": 0.044323487841979183}, {"l": "Citrus, Other", "v": 0.00038880252492964196}, {"l": "Grapefruit", "v": 0.0051574968748738315}, {"l": "Lemons, Limes", "v": 0.0045482321341607148}, {"l": "Pineapples", "v": 0.0088521674396303315}, {"l": "Bananas", "v": 0.074868454455218295}, {"l": "Oranges, Mandarines", "v": 0.045672823211100784}]}, {"source": 9, "prod": 0, "target": 0, "value": 0.00028590713105988995, "supply": "[{\"l\":'Energy for power irrigation',\"v\":0.00028590713105988995}]"}, {"source": 9, "prod": 0, "target": 3, "value": 0.0035084889368635062, "supply": "[{\"l\":'Energy for power irrigation',\"v\":0.0035084889368635062}]"}, {"source": 9, "prod": 0, "target": 4, "value": 0.42795396254561635, "supply": "[{\"l\":'Energy for power irrigation',\"v\":0.42795396254561635}]"}, {"source": 9, "prod": 0, "target": 5, "value": 0.0054036447770319188, "supply": "[{\"l\":'Energy for power irrigation',\"v\":0.0054036447770319188}]"}, {"source": 9, "prod": 0, "target": 2, "value": 0.00034717294485843778, "supply": "[{\"l\":'Energy for power irrigation',\"v\":0.00034717294485843778}]"}, {"source": 9, "prod": 0, "target": 8, "value": 0.0040925563617429956, "supply": "[{\"l\":'Energy for power irrigation',\"v\":0.0040925563617429956}]"}, {"source": 9, "prod": 0, "target": 6, "value": 0.0097657707194885261, "supply": "[{\"l\":'Energy for power irrigation',\"v\":0.0097657707194885261}]"}, {"source": 9, "prod": 0, "target": 7, "value": 0.00029816029381959951, "supply": "[{\"l\":'Energy for power irrigation',\"v\":0.00029816029381959951}]"}, {"source": 10, "prod": 0, "target": 9, "value": 1.0358320931353155, "supply": [{"l": "Coal", "v": 0.0}, {"l": "Natural gas", "v": 0.038106496766968083}, {"l": "Oil", "v": 0.99772559636834746}]}, {"source": 11, "prod": 0, "target": 9, "value": 0.056150481031059268, "supply": [{"l": "Nuclear", "v": 0.0}, {"l": "Hydroelectric", "v": 0.0043192677716199371}, {"l": "Renewable", "v": 0.051831213259439332}]}, {"source": 10, "prod": 0, "target": 0, "value": 0.0025936161731405886, "supply": [{"l": "Motor Gasoline", "v": 0.00012722658464626606}, {"l": "Gas-Diesel oil", "v": 0.0018561764971921145}, {"l": "Natural gas (including LNG)", "v": 1.406660538771081e-06}, {"l": "Fuel oil", "v": 0.00029124906455255231}, {"l": "Other fossil fuels", "v": 0.00031755736621088464}]}, {"source": 10, "prod": 0, "target": 3, "value": 0.031827375610396648, "supply": [{"l": "Motor Gasoline", "v": 0.0015612519458734647}, {"l": "Gas-Diesel oil", "v": 0.022777937301257517}, {"l": "Natural gas (including LNG)", "v": 1.726173432577655e-05}, {"l": "Fuel oil", "v": 0.0035740420921520346}, {"l": "Other fossil fuels", "v": 0.0038968825367878559}]}, {"source": 10, "prod": 0, "target": 4, "value": 3.8821987912760654, "supply": [{"l": "Motor Gasoline", "v": 0.19043638694380663}, {"l": "Gas-Diesel oil", "v": 2.7783780146113624}, {"l": "Natural gas (including LNG)", "v": 0.0021055296847336618}, {"l": "Fuel oil", "v": 0.43594992122410464}, {"l": "Other fossil fuels", "v": 0.47532893881205818}]}, {"source": 10, "prod": 0, "target": 5, "value": 0.04901934567235712, "supply": [{"l": "Motor Gasoline", "v": 0.0024045824498144281}, {"l": "Gas-Diesel oil", "v": 0.035081735796930962}, {"l": "Natural gas (including LNG)", "v": 2.6585884182773429e-05}, {"l": "Fuel oil", "v": 0.0055046073200432383}, {"l": "Other fossil fuels", "v": 0.0060018342213857198}]}, {"source": 10, "prod": 0, "target": 2, "value": 0.0031493910673850004, "supply": [{"l": "Motor Gasoline", "v": 0.00015448942421332306}, {"l": "Gas-Diesel oil", "v": 0.0022539286037332818}, {"l": "Natural gas (including LNG)", "v": 1.7080877970791697e-06}, {"l": "Fuel oil", "v": 0.00035365957838524208}, {"l": "Other fossil fuels", "v": 0.00038560537325607423}]}, {"source": 10, "prod": 0, "target": 8, "value": 0.037125762935526711, "supply": [{"l": "Motor Gasoline", "v": 0.0018211576830794083}, {"l": "Gas-Diesel oil", "v": 0.026569840716949979}, {"l": "Natural gas (including LNG)", "v": 2.0135340854980328e-05}, {"l": "Fuel oil", "v": 0.0041690223240236773}, {"l": "Other fossil fuels", "v": 0.0045456068706186629}]}, {"source": 10, "prod": 0, "target": 6, "value": 0.088590518142559249, "supply": [{"l": "Motor Gasoline", "v": 0.0043456966269888875}, {"l": "Gas-Diesel oil", "v": 0.063401685782662087}, {"l": "Natural gas (including LNG)", "v": 4.8047504974309352e-05}, {"l": "Fuel oil", "v": 0.0099482359049307498}, {"l": "Other fossil fuels", "v": 0.010846852323003217}]}, {"source": 10, "prod": 0, "target": 7, "value": 0.0027047711519894708, "supply": [{"l": "Motor Gasoline", "v": 0.00013267915255967745}, {"l": "Gas-Diesel oil", "v": 0.0019357269185003481}, {"l": "Natural gas (including LNG)", "v": 1.4669459904326988e-06}, {"l": "Fuel oil", "v": 0.00030373116731909023}, {"l": "Other fossil fuels", "v": 0.00033116696761992259}]}, {"source": 12, "prod": 0.20945878735814083, "target": 0, "value": 0.0021602150951957411, "supply": [{"l": "Potash", "v": 0.29587277801447598}, {"l": "Phosphate", "v": 0.24913333353264}, {"l": "Nitrogen", "v": 2.8676708356274698}]}, {"source": 12, "prod": 2.5703585477234707, "target": 3, "value": 0.026508925239616305, "supply": [{"l": "Potash", "v": 0.29587277801447598}, {"l": "Phosphate", "v": 0.24913333353264}, {"l": "Nitrogen", "v": 2.8676708356274698}]}, {"source": 12, "prod": 313.52389745444685, "target": 4, "value": 3.2334716749202763, "supply": [{"l": "Potash", "v": 0.29587277801447598}, {"l": "Phosphate", "v": 0.24913333353264}, {"l": "Nitrogen", "v": 2.8676708356274698}]}, {"source": 12, "prod": 3.9587710810688614, "target": 5, "value": 0.040828065299199502, "supply": [{"l": "Potash", "v": 0.29587277801447598}, {"l": "Phosphate", "v": 0.24913333353264}, {"l": "Nitrogen", "v": 2.8676708356274698}]}, {"source": 12, "prod": 0.25434281322059954, "target": 2, "value": 0.0026231183298805424, "supply": [{"l": "Potash", "v": 0.29587277801447598}, {"l": "Phosphate", "v": 0.24913333353264}, {"l": "Nitrogen", "v": 2.8676708356274698}]}, {"source": 12, "prod": 2.9982529276122443, "target": 8, "value": 0.030921936076944746, "supply": [{"l": "Potash", "v": 0.29587277801447598}, {"l": "Phosphate", "v": 0.24913333353264}, {"l": "Nitrogen", "v": 2.8676708356274698}]}, {"source": 12, "prod": 7.1545137224759241, "target": 6, "value": 0.073786775608757377, "supply": [{"l": "Potash", "v": 0.29587277801447598}, {"l": "Phosphate", "v": 0.24913333353264}, {"l": "Nitrogen", "v": 2.8676708356274698}]}, {"source": 12, "prod": 0.21843559253063258, "target": 7, "value": 0.0022527957421327014, "supply": [{"l": "Potash", "v": 0.29587277801447598}, {"l": "Phosphate", "v": 0.24913333353264}, {"l": "Nitrogen", "v": 2.8676708356274698}]}, {"source": 10, "prod": 0, "target": 12, "value": 4.31825180527321, "supply": [{"l": "Natural gas (including LNG)", "v": 2.8377516862882173}, {"l": "Fuel oil", "v": 0.97357854304979463}, {"l": "Liquefied petroleum gas (LPG)", "v": 0.25346078796759913}, {"l": "Coal", "v": 0.25346078796759913}]}, {"source": 13, "prod": 0, "target": 0, "value": 0.00036593036870170875, "supply": "[{\"l\":'Labor',\"v\":0.00036593036870170875}]"}, {"source": 13, "prod": 0, "target": 3, "value": 0.0044904883816395402, "supply": "[{\"l\":'Labor',\"v\":0.0044904883816395402}]"}, {"source": 13, "prod": 0, "target": 4, "value": 0.5477350310261091, "supply": "[{\"l\":'Labor',\"v\":0.5477350310261091}]"}, {"source": 13, "prod": 0, "target": 5, "value": 0.0069160839684622956, "supply": "[{\"l\":'Labor',\"v\":0.0069160839684622956}]"}, {"source": 13, "prod": 0, "target": 2, "value": 0.00044434401913778917, "supply": "[{\"l\":'Labor',\"v\":0.00044434401913778917}]"}, {"source": 13, "prod": 0, "target": 8, "value": 0.0052380318491301739, "supply": "[{\"l\":'Labor',\"v\":0.0052380318491301739}]"}, {"source": 13, "prod": 0, "target": 6, "value": 0.012499135879511224, "supply": "[{\"l\":'Labor',\"v\":0.012499135879511224}]"}, {"source": 13, "prod": 0, "target": 7, "value": 0.00038161309878892484, "supply": "[{\"l\":'Labor',\"v\":0.00038161309878892484}]"}]}