{"nodes": [{"layer": 5, "name": "Vegetables"}, {"layer": 10, "name": "Feed", "fill": "#dbdb8d"}, {"layer": 5, "name": "Sugar Crops", "fill": "#ffbb78"}, {"layer": 5, "name": "Starchy Roots"}, {"layer": 13, "name": "Fish, Seafood"}, {"layer": 5, "name": "Fruits - Excluding Wine"}, {"layer": 5, "name": "Cereals - Excluding Beer"}, {"layer": 13, "name": "Milk - Excluding Butter"}, {"layer": 16, "name": "Food", "fill": "#b5cf6b"}, {"layer": 5, "name": "Oilcrops", "fill": "#ff9896"}, {"layer": 5, "name": "Stimulants"}, {"layer": 5, "name": "Others"}, {"layer": 13, "name": "Animal Fats"}, {"layer": 13, "name": "Aquatic Products, Other"}, {"layer": 13, "name": "Sugar & Sweeteners"}, {"layer": 13, "name": "Alcoholic Beverages"}, {"layer": 5, "name": "Pulses"}, {"layer": 13, "name": "Vegetable Oils", "fill": "#f7b6d2"}, {"layer": 13, "name": "Eggs"}, {"layer": 13, "name": "Meat"}, {"layer": 10, "name": "Processing", "fill": "#9edae5"}, {"layer": 16, "name": "Biofuels & Other", "fill": "#e7ba52"}, {"name": "Seed", "fill": "#dbdb8d"}, {"name": "Waste", "fill": "#c7c7c7"}, {"layer": 0, "name": "Import", "fill": "#aec7e8"}, {"layer": 16, "name": "Export", "fill": "#aec7e8"}, {"layer": 16, "name": "Stock Deposit", "fill": "#c7c7c7"}, {"layer": 0, "name": "Stock Draw", "fill": "#c7c7c7"}, {"layer": 0, "name": "Production", "fill": "#b5cf6b"}], "links": [{"source": 0, "prod": 0.0004371298618644165, "target": 1, "value": 2.0, "supply": [{"l": "Vegetables, Other", "v": 2.0}]}, {"source": 2, "prod": 1.2196539290965371, "target": 1, "value": 3352.0, "supply": [{"l": "Sugar cane", "v": 3352.0}]}, {"source": 3, "prod": 0.09035927915809927, "target": 1, "value": 75.0, "supply": [{"l": "Cassava", "v": 48.0}, {"l": "Potatoes", "v": 2.0}, {"l": "Sweet potatoes", "v": 25.0}]}, {"source": 4, "prod": 0.16094940089174425, "target": 1, "value": 224.0, "supply": [{"l": "Pelagic Fish", "v": 89.0}, {"l": "Demersal Fish", "v": 10.0}, {"l": "Fish, Seafood", "v": 112.0}, {"l": "Marine Fish, Other", "v": 13.0}]}, {"source": 5, "prod": 0.0073211331545161885, "target": 1, "value": 9.0, "supply": [{"l": "Bananas", "v": 4.0}, {"l": "Plantains", "v": 5.0}]}, {"source": 6, "prod": 2.3378090385537518, "target": 1, "value": 691.0, "supply": [{"l": "Maize", "v": 374.0}, {"l": "Wheat", "v": 216.0}, {"l": "Oats", "v": 11.0}, {"l": "Barley", "v": 74.0}, {"l": "Rice", "v": 15.0}, {"l": "Sorghum", "v": 1.0}]}, {"source": 7, "prod": 0.81457637277825767, "target": 8, "value": 1379.0, "supply": [{"l": "Milk - Excluding Butter", "v": 1379.0}]}, {"source": 9, "prod": 0.057113315721579239, "target": 8, "value": 19.0, "supply": [{"l": "Coconuts - Incl Copra", "v": 13.0}, {"l": "Groundnuts", "v": 6.0}]}, {"source": 10, "prod": 0.022318267082942635, "target": 8, "value": 36.0, "supply": [{"l": "Coffee", "v": 35.0}, {"l": "Cocoa Beans", "v": 1.0}]}, {"source": 0, "prod": 0.10686107824683574, "target": 8, "value": 445.0, "supply": [{"l": "Vegetables, Other", "v": 163.0}, {"l": "Tomatoes", "v": 263.0}, {"l": "Onions", "v": 19.0}]}, {"source": 11, "prod": 0.01123680880204412, "target": 8, "value": 3.0, "supply": [{"l": "Infant food", "v": 3.0}]}, {"source": 12, "prod": 0.94904970637580421, "target": 8, "value": 113.0, "supply": [{"l": "Butter, Ghee", "v": 25.0}, {"l": "Fats, Animals, Raw", "v": 88.0}]}, {"source": 3, "prod": 0.52119319183654533, "target": 8, "value": 471.0, "supply": [{"l": "Roots, Other", "v": 23.0}, {"l": "Sweet potatoes", "v": 198.0}, {"l": "Potatoes", "v": 96.0}, {"l": "Cassava", "v": 154.0}]}, {"source": 4, "prod": 0.21839545039059988, "target": 8, "value": 380.0, "supply": [{"l": "Crustaceans", "v": 4.0}, {"l": "Marine Fish, Other", "v": 28.0}, {"l": "Freshwater Fish", "v": 1.0}, {"l": "Pelagic Fish", "v": 21.0}, {"l": "Fish, Seafood", "v": 190.0}, {"l": "Molluscs, Other", "v": 4.0}, {"l": "Demersal Fish", "v": 132.0}]}, {"source": 13, "prod": 0.00227098267981252, "target": 8, "value": 4.0, "supply": [{"l": "Aquatic Products, Other", "v": 2.0}, {"l": "Aquatic Animals, Others", "v": 2.0}]}, {"source": 14, "prod": 2.1663866266878329, "target": 8, "value": 523.0, "supply": [{"l": "Sugar", "v": 522.0}, {"l": "Honey", "v": 1.0}]}, {"source": 15, "prod": 0.13093840894952177, "target": 8, "value": 209.0, "supply": [{"l": "Beer", "v": 181.0}, {"l": "Beverages, Alcoholic", "v": 27.0}, {"l": "Wine", "v": 1.0}]}, {"source": 16, "prod": 0.44154549740849602, "target": 8, "value": 112.0, "supply": [{"l": "Beans", "v": 4.0}, {"l": "Pulses, Other", "v": 108.0}]}, {"source": 5, "prod": 0.209284190458569, "target": 8, "value": 420.0, "supply": [{"l": "Plantains", "v": 73.0}, {"l": "Fruits, Other", "v": 156.0}, {"l": "Citrus, Other", "v": 1.0}, {"l": "Lemons, Limes", "v": 14.0}, {"l": "Pineapples", "v": 27.0}, {"l": "Bananas", "v": 68.0}, {"l": "Grapefruit", "v": 22.0}, {"l": "Oranges, Mandarines", "v": 59.0}]}, {"source": 17, "prod": 0.57088735554813841, "target": 8, "value": 56.0, "supply": [{"l": "Groundnut Oil", "v": 2.0}, {"l": "Soyabean Oil", "v": 4.0}, {"l": "Sunflowerseed Oil", "v": 50.0}]}, {"source": 6, "prod": 4.2698763962509183, "target": 8, "value": 1216.0, "supply": [{"l": "Rice", "v": 521.0}, {"l": "Wheat", "v": 695.0}]}, {"source": 18, "prod": 0.10731225467127699, "target": 8, "value": 72.0, "supply": [{"l": "Eggs", "v": 72.0}]}, {"source": 19, "prod": 0.68578692836679589, "target": 8, "value": 301.0, "supply": [{"l": "Pigmeat", "v": 38.0}, {"l": "Meat, Other", "v": 55.0}, {"l": "Mutton & Goat Meat", "v": 1.0}, {"l": "Bovine Meat", "v": 132.0}, {"l": "Poultry Meat", "v": 50.0}, {"l": "Offals, Edible", "v": 25.0}]}, {"source": 14, "prod": 0.004142033735688281, "target": 20, "value": 1.0, "supply": [{"l": "Sugar", "v": 1.0}]}, {"source": 2, "prod": 18.033558482661864, "target": 20, "value": 49562.0, "supply": [{"l": "Sugar cane", "v": 49562.0}]}, {"source": 9, "prod": 0.10233506319599558, "target": 20, "value": 24.0, "supply": [{"l": "Soyabeans", "v": 20.0}, {"l": "Groundnuts", "v": 4.0}]}, {"source": 6, "prod": 0.12918682155730965, "target": 20, "value": 36.0, "supply": [{"l": "Barley", "v": 36.0}]}, {"source": 3, "prod": 0.015100240745477316, "target": 21, "value": 12.0, "supply": [{"l": "Cassava", "v": 12.0}]}, {"source": 14, "prod": 0.45148167719002269, "target": 21, "value": 109.0, "supply": [{"l": "Sugar", "v": 109.0}]}, {"source": 0, "prod": 0.0025348685301769648, "target": 21, "value": 11.0, "supply": [{"l": "Vegetables, Other", "v": 5.0}, {"l": "Tomatoes", "v": 6.0}]}, {"source": 17, "prod": 0.10213695490035869, "target": 21, "value": 10.0, "supply": [{"l": "Oilcrops Oil, Other", "v": 1.0}, {"l": "Sunflowerseed Oil", "v": 9.0}]}, {"source": 12, "prod": 0.39478654924515005, "target": 21, "value": 47.0, "supply": [{"l": "Fats, Animals, Raw", "v": 47.0}]}, {"source": 3, "prod": 0.0070135057836913043, "target": 22, "value": 9.0, "supply": [{"l": "Potatoes", "v": 9.0}]}, {"source": 6, "prod": 0.040016997827467482, "target": 22, "value": 10.0, "supply": [{"l": "Maize", "v": 2.0}, {"l": "Rice", "v": 8.0}]}, {"source": 18, "prod": 0.0059617919261820548, "target": 18, "value": 4.0, "supply": [{"l": "Eggs", "v": 4.0}]}, {"source": 16, "prod": 0.003859106053227273, "target": 22, "value": 1.0, "supply": [{"l": "Beans", "v": 1.0}]}, {"source": 9, "prod": 0.0061621209559596778, "target": 22, "value": 1.0, "supply": [{"l": "Groundnuts", "v": 1.0}]}, {"source": 7, "prod": 0.023628031117570929, "target": 23, "value": 40.0, "supply": [{"l": "Milk - Excluding Butter", "v": 40.0}]}, {"source": 9, "prod": 0.0015492761527554745, "target": 23, "value": 1.0, "supply": [{"l": "Coconuts - Incl Copra", "v": 1.0}]}, {"source": 0, "prod": 0.012644862361693307, "target": 23, "value": 53.0, "supply": [{"l": "Tomatoes", "v": 30.0}, {"l": "Vegetables, Other", "v": 21.0}, {"l": "Onions", "v": 2.0}]}, {"source": 3, "prod": 0.072819058741583093, "target": 23, "value": 65.0, "supply": [{"l": "Roots, Other", "v": 3.0}, {"l": "Potatoes", "v": 12.0}, {"l": "Sweet potatoes", "v": 25.0}, {"l": "Cassava", "v": 25.0}]}, {"source": 16, "prod": 0.0078909087628812394, "target": 23, "value": 2.0, "supply": [{"l": "Pulses, Other", "v": 2.0}]}, {"source": 5, "prod": 0.031340267776924315, "target": 23, "value": 56.0, "supply": [{"l": "Fruits, Other", "v": 14.0}, {"l": "Grapefruit", "v": 4.0}, {"l": "Pineapples", "v": 3.0}, {"l": "Bananas", "v": 13.0}, {"l": "Oranges, Mandarines", "v": 6.0}, {"l": "Plantains", "v": 14.0}, {"l": "Lemons, Limes", "v": 2.0}]}, {"source": 6, "prod": 0.34538663567038941, "target": 23, "value": 99.0, "supply": [{"l": "Maize", "v": 20.0}, {"l": "Barley", "v": 2.0}, {"l": "Rice", "v": 31.0}, {"l": "Wheat", "v": 46.0}]}, {"source": 10, "prod": 0.00057210467096361186, "target": 23, "value": 1.0, "supply": [{"l": "Coffee", "v": 1.0}]}, {"source": 18, "prod": 0.0059617919261820548, "target": 23, "value": 4.0, "supply": [{"l": "Eggs", "v": 4.0}]}, {"source": 24, "prod": 0.01123680880204412, "target": 11, "value": 3.0, "supply": [{"l": "Infant food", "v": 3.0}]}, {"source": 24, "prod": 0.73231281494866496, "target": 1, "value": 1020.0, "supply": [{"l": "Molluscs, Other", "v": 2.0}, {"l": "Fish, Seafood", "v": 173.0}, {"l": "Meat, Other", "v": 54.0}, {"l": "Pelagic Fish", "v": 96.0}, {"l": "Crustaceans", "v": 3.0}, {"l": "Milk - Excluding Butter", "v": 620.0}, {"l": "Demersal Fish", "v": 72.0}]}, {"source": 24, "prod": 5.5636888271244214, "target": 6, "value": 1659.0, "supply": [{"l": "Maize", "v": 301.0}, {"l": "Oats", "v": 11.0}, {"l": "Barley", "v": 106.0}, {"l": "Rice", "v": 284.0}, {"l": "Wheat", "v": 957.0}]}, {"source": 24, "prod": 0.43399998195846812, "target": 16, "value": 110.0, "supply": [{"l": "Pulses, Other", "v": 110.0}]}, {"source": 24, "prod": 1.7170267918178816, "target": 20, "value": 192.0, "supply": [{"l": "Oilcrops Oil, Other", "v": 1.0}, {"l": "Butter, Ghee", "v": 16.0}, {"l": "Wine", "v": 1.0}, {"l": "Fats, Animals, Raw", "v": 115.0}, {"l": "Sunflowerseed Oil", "v": 59.0}]}, {"source": 24, "prod": 0.0048648518208874326, "target": 0, "value": 12.0, "supply": [{"l": "Vegetables, Other", "v": 1.0}, {"l": "Onions", "v": 11.0}]}, {"source": 24, "prod": 0.0080094653934905669, "target": 10, "value": 14.0, "supply": [{"l": "Coffee", "v": 14.0}]}, {"source": 24, "prod": 0.0098780220574850846, "target": 5, "value": 26.0, "supply": [{"l": "Fruits, Other", "v": 26.0}]}, {"source": 24, "prod": 0.077686579372156866, "target": 9, "value": 20.0, "supply": [{"l": "Soyabeans", "v": 20.0}]}, {"source": 24, "prod": 0.025716187873534781, "target": 3, "value": 33.0, "supply": [{"l": "Potatoes", "v": 33.0}]}, {"source": 0, "prod": 0.00021856493093220825, "target": 25, "value": 1.0, "supply": [{"l": "Vegetables, Other", "v": 1.0}]}, {"source": 4, "prod": 0.03959641838213733, "target": 25, "value": 68.0, "supply": [{"l": "Pelagic Fish", "v": 1.0}, {"l": "Fish, Seafood", "v": 34.0}, {"l": "Crustaceans", "v": 19.0}, {"l": "Demersal Fish", "v": 14.0}]}, {"source": 15, "prod": 0.012211691757472602, "target": 25, "value": 6.0, "supply": [{"l": "Beverages, Alcoholic", "v": 6.0}]}, {"source": 14, "prod": 22.75644014898959, "target": 25, "value": 5494.0, "supply": [{"l": "Sweeteners, Other", "v": 1.0}, {"l": "Sugar", "v": 5491.0}, {"l": "Honey", "v": 2.0}]}, {"source": 17, "prod": 0.0096477651330681823, "target": 25, "value": 1.0, "supply": [{"l": "Oilcrops Oil, Other", "v": 1.0}]}, {"source": 10, "prod": 0.0040047326967452834, "target": 25, "value": 7.0, "supply": [{"l": "Coffee", "v": 7.0}]}, {"source": 5, "prod": 0.021660987723197276, "target": 25, "value": 65.0, "supply": [{"l": "Fruits, Other", "v": 9.0}, {"l": "Grapefruit", "v": 4.0}, {"l": "Oranges, Mandarines", "v": 52.0}]}, {"source": 14, "prod": 0.0169800666342, "target": 26, "value": 4.0, "supply": [{"l": "Honey", "v": 4.0}]}, {"source": 27, "prod": 0.45734896969493727, "target": 20, "value": 95.0, "supply": [{"l": "Fats, Animals, Raw", "v": 13.0}, {"l": "Butter, Ghee", "v": 2.0}, {"l": "Sugar", "v": 80.0}]}, {"source": 4, "prod": 0.0024298398520659504, "target": 26, "value": 4.0, "supply": [{"l": "Fish, Seafood", "v": 2.0}, {"l": "Crustaceans", "v": 2.0}]}, {"source": 27, "prod": 0.021531136926218278, "target": 6, "value": 6.0, "supply": [{"l": "Barley", "v": 6.0}]}, {"source": 28, "prod": 0.019295530266136365, "target": 16, "value": 5.0, "supply": [{"l": "Beans", "v": 5.0}]}, {"source": 28, "prod": 0.11783165211061521, "target": 0, "value": 500.0, "supply": [{"l": "Vegetables, Other", "v": 191.0}, {"l": "Tomatoes", "v": 299.0}, {"l": "Onions", "v": 10.0}]}, {"source": 28, "prod": 19.253212411758405, "target": 2, "value": 52914.0, "supply": [{"l": "Sugar cane", "v": 52914.0}]}, {"source": 28, "prod": 0.68106929183722531, "target": 3, "value": 600.0, "supply": [{"l": "Roots, Other", "v": 26.0}, {"l": "Potatoes", "v": 88.0}, {"l": "Sweet potatoes", "v": 248.0}, {"l": "Cassava", "v": 238.0}]}, {"source": 28, "prod": 1.5370559258091969, "target": 6, "value": 387.0, "supply": [{"l": "Maize", "v": 95.0}, {"l": "Rice", "v": 291.0}, {"l": "Sorghum", "v": 1.0}]}, {"source": 28, "prod": 0.018885639057160963, "target": 10, "value": 30.0, "supply": [{"l": "Coffee", "v": 29.0}, {"l": "Cocoa Beans", "v": 1.0}]}, {"source": 28, "prod": 0.25934863313043377, "target": 5, "value": 523.0, "supply": [{"l": "Plantains", "v": 92.0}, {"l": "Fruits, Other", "v": 152.0}, {"l": "Citrus, Other", "v": 1.0}, {"l": "Lemons, Limes", "v": 16.0}, {"l": "Pineapples", "v": 30.0}, {"l": "Bananas", "v": 85.0}, {"l": "Grapefruit", "v": 30.0}, {"l": "Oranges, Mandarines", "v": 117.0}]}, {"source": 28, "prod": 0.089473196654133114, "target": 9, "value": 25.0, "supply": [{"l": "Coconuts - Incl Copra", "v": 14.0}, {"l": "Groundnuts", "v": 11.0}]}, {"source": 1, "prod": 0.83820440389582862, "target": 7, "value": 1419.0, "supply": [{"l": "Milk - Excluding Butter", "v": 1419.0}]}, {"source": 1, "prod": 0.11327404659745904, "target": 18, "value": 76.0, "supply": [{"l": "Eggs", "v": 80.0}]}, {"source": 1, "prod": 0.00227098267981252, "target": 13, "value": 4.0, "supply": [{"l": "Aquatic Products, Other", "v": 2.0}, {"l": "Aquatic Animals, Others", "v": 2.0}]}, {"source": 1, "prod": 0.42137110951654744, "target": 4, "value": 676.0, "supply": [{"l": "Pelagic Fish", "v": 111.0}, {"l": "Crustaceans", "v": 25.0}, {"l": "Freshwater Fish", "v": 1.0}, {"l": "Molluscs, Other", "v": 4.0}, {"l": "Marine Fish, Other", "v": 41.0}, {"l": "Fish, Seafood", "v": 338.0}, {"l": "Demersal Fish", "v": 156.0}]}, {"source": 1, "prod": 0.68578692836679589, "target": 19, "value": 301.0, "supply": [{"l": "Pigmeat", "v": 38.0}, {"l": "Bovine Meat", "v": 132.0}, {"l": "Poultry Meat", "v": 50.0}, {"l": "Offals, Edible", "v": 25.0}, {"l": "Meat, Other", "v": 55.0}, {"l": "Mutton & Goat Meat", "v": 1.0}]}, {"source": 20, "prod": 25.395430553237336, "target": 14, "value": 6131.0, "supply": [{"l": "Honey", "v": 7.0}, {"l": "Sweeteners, Other", "v": 1.0}, {"l": "Sugar", "v": 6123.0}]}, {"source": 20, "prod": 0.68267207558156529, "target": 17, "value": 67.0, "supply": [{"l": "Oilcrops Oil, Other", "v": 2.0}, {"l": "Groundnut Oil", "v": 2.0}, {"l": "Sunflowerseed Oil", "v": 59.0}, {"l": "Soyabean Oil", "v": 4.0}]}, {"source": 20, "prod": 0.14315010070699438, "target": 15, "value": 215.0, "supply": [{"l": "Beer", "v": 181.0}, {"l": "Beverages, Alcoholic", "v": 33.0}, {"l": "Wine", "v": 1.0}]}, {"source": 20, "prod": 1.3438362556209542, "target": 12, "value": 160.0, "supply": [{"l": "Fats, Animals, Raw", "v": 135.0}, {"l": "Butter, Ghee", "v": 25.0}]}]}