{"nodes": [{"name": "Balance", "fill": "#9edae5"}, {"name": "Food", "fill": "#b5cf6b"}, {"name": "Stock Deposit", "fill": "#c7c7c7"}, {"name": "Export", "fill": "#aec7e8"}, {"name": "Biofuels & Other", "fill": "#e7ba52"}, {"name": "Renewables & Nuclear", "fill": "#2ca02c"}, {"name": "Fossil Fuels", "fill": "#c49c94"}, {"name": "Stock Draw", "fill": "#c7c7c7"}, {"name": "Labor", "fill": "#7f7f7f"}], "links": [{"source": 0, "target": 1, "value": 9.0517024968316928}, {"source": 0, "target": 2, "value": 0.046616518572864231}, {"source": 0, "target": 3, "value": 19.946181987252945}, {"source": 0, "target": 4, "value": 0.4435129757148924}, {"source": 5, "target": 0, "value": 1.9107130221105413}, {"source": 6, "target": 0, "value": 13.048370533611335}, {"source": 7, "target": 0, "value": 2.6062827928263945}, {"source": 8, "target": 0, "value": 0.48410538110802137}]}