{"nodes": [{"layer": 5, "name": "Maize"}, {"layer": 10, "name": "Feed", "fill": "#dbdb8d"}, {"layer": 5, "name": "Dates"}, {"layer": 13, "name": "Pelagic Fish"}, {"layer": 5, "name": "Wheat"}, {"layer": 5, "name": "Oats"}, {"layer": 5, "name": "Potatoes"}, {"layer": 5, "name": "Vegetables, Other"}, {"layer": 5, "name": "Millet"}, {"layer": 13, "name": "Milk - Excluding Butter"}, {"layer": 5, "name": "Sugar cane"}, {"layer": 5, "name": "Barley"}, {"layer": 13, "name": "Fish, Seafood"}, {"layer": 5, "name": "Sugar beet"}, {"layer": 5, "name": "Rice"}, {"layer": 5, "name": "Sorghum"}, {"layer": 5, "name": "Cereals, Other"}, {"layer": 5, "name": "Pulses, Other"}, {"layer": 16, "name": "Food", "fill": "#b5cf6b"}, {"layer": 5, "name": "Olives"}, {"layer": 5, "name": "Roots, Other"}, {"layer": 5, "name": "Rye"}, {"layer": 5, "name": "Nuts"}, {"layer": 5, "name": "Yams"}, {"layer": 13, "name": "Sugar", "fill": "#d6616b"}, {"layer": 13, "name": "Oilcrops Oil, Other"}, {"layer": 13, "name": "Maize Germ Oil"}, {"layer": 13, "name": "Beer"}, {"layer": 13, "name": "Groundnut Oil"}, {"layer": 13, "name": "Beverages, Alcoholic"}, {"layer": 13, "name": "Sesameseed Oil"}, {"layer": 13, "name": "Honey"}, {"layer": 13, "name": "Butter, Ghee"}, {"layer": 5, "name": "Tomatoes"}, {"layer": 5, "name": "Coffee"}, {"layer": 13, "name": "Fats, Animals, Raw"}, {"layer": 13, "name": "Soyabean Oil"}, {"layer": 5, "name": "Coconuts - Incl Copra"}, {"layer": 5, "name": "Treenuts"}, {"layer": 13, "name": "Crustaceans"}, {"layer": 13, "name": "Eggs"}, {"layer": 5, "name": "Peas"}, {"layer": 5, "name": "Sesame seed"}, {"layer": 13, "name": "Coconut Oil"}, {"layer": 5, "name": "Sweet potatoes"}, {"layer": 13, "name": "Marine Fish, Other"}, {"layer": 5, "name": "Grapes"}, {"layer": 5, "name": "Groundnuts"}, {"layer": 13, "name": "Palm Oil"}, {"layer": 5, "name": "Oilcrops, Other"}, {"layer": 13, "name": "Wine"}, {"layer": 13, "name": "Sunflowerseed Oil"}, {"layer": 13, "name": "Olive Oil"}, {"layer": 13, "name": "Pigmeat"}, {"layer": 5, "name": "Cocoa Beans"}, {"layer": 5, "name": "Soyabeans"}, {"layer": 13, "name": "Freshwater Fish"}, {"layer": 5, "name": "Pimento"}, {"layer": 5, "name": "Pepper"}, {"layer": 5, "name": "Grapefruit"}, {"layer": 13, "name": "Rape and Mustard Oil"}, {"layer": 5, "name": "Beans"}, {"layer": 5, "name": "Apples"}, {"layer": 13, "name": "Meat, Other"}, {"layer": 5, "name": "Lemons, Limes"}, {"layer": 13, "name": "Cephalopods"}, {"layer": 13, "name": "Mutton & Goat Meat"}, {"layer": 13, "name": "Sweeteners, Other"}, {"layer": 5, "name": "Pineapples"}, {"layer": 5, "name": "Bananas"}, {"layer": 13, "name": "Beverages, Fermented"}, {"layer": 5, "name": "Citrus, Other"}, {"layer": 5, "name": "Spices, Other"}, {"layer": 5, "name": "Tea"}, {"layer": 5, "name": "Fruits, Other"}, {"layer": 13, "name": "Molluscs, Other"}, {"layer": 13, "name": "Poultry Meat"}, {"layer": 13, "name": "Offals, Edible"}, {"layer": 5, "name": "Infant food"}, {"layer": 13, "name": "Demersal Fish"}, {"layer": 5, "name": "Oranges, Mandarines"}, {"layer": 13, "name": "Bovine Meat"}, {"layer": 13, "name": "Cottonseed Oil"}, {"layer": 13, "name": "Palmkernel Oil"}, {"layer": 5, "name": "Cassava"}, {"layer": 5, "name": "Onions"}, {"layer": 5, "name": "Sunflower seed"}, {"layer": 10, "name": "Processing", "fill": "#9edae5"}, {"layer": 5, "name": "Cottonseed"}, {"layer": 5, "name": "Rape and Mustardseed"}, {"layer": 16, "name": "Biofuels & Other", "fill": "#e7ba52"}, {"layer": 13, "name": "Alcohol, Non-Food"}, {"layer": 13, "name": "Aquatic Products, Other"}, {"layer": 13, "name": "Aquatic Plants"}, {"name": "Seed", "fill": "#dbdb8d"}, {"name": "Waste", "fill": "#c7c7c7"}, {"layer": 0, "name": "Import", "fill": "#aec7e8"}, {"layer": 16, "name": "Export", "fill": "#aec7e8"}, {"layer": 13, "name": "Fish, Body Oil"}, {"layer": 0, "name": "Stock Draw", "fill": "#c7c7c7"}, {"layer": 16, "name": "Stock Deposit", "fill": "#c7c7c7"}, {"layer": 0, "name": "Production", "fill": "#b5cf6b"}], "links": [{"source": 0, "prod": 8.4636913077218772, "target": 1, "value": 2141.0, "supply": [{"l": "Maize", "v": 2141.0}]}, {"source": 2, "prod": 0.034784658507086494, "target": 1, "value": 18.0, "supply": [{"l": "Dates", "v": 18.0}]}, {"source": 3, "prod": 0.25580360124249352, "target": 1, "value": 232.0, "supply": [{"l": "Pelagic Fish", "v": 232.0}]}, {"source": 4, "prod": 2.1685318770137711, "target": 1, "value": 648.0, "supply": [{"l": "Wheat", "v": 648.0}]}, {"source": 5, "prod": 0.19833274552241803, "target": 1, "value": 95.0, "supply": [{"l": "Oats", "v": 95.0}]}, {"source": 6, "prod": 0.017001318282052567, "target": 1, "value": 20.0, "supply": [{"l": "Potatoes", "v": 20.0}]}, {"source": 7, "prod": 0.010890641968059373, "target": 1, "value": 40.0, "supply": [{"l": "Vegetables, Other", "v": 40.0}]}, {"source": 8, "prod": 0.0039305709801388897, "target": 1, "value": 1.0, "supply": [{"l": "Millet", "v": 1.0}]}, {"source": 9, "prod": 0.53969033569160485, "target": 1, "value": 732.0, "supply": [{"l": "Milk - Excluding Butter", "v": 732.0}]}, {"source": 10, "prod": 0.23146665704451638, "target": 1, "value": 704.0, "supply": [{"l": "Sugar cane", "v": 704.0}]}, {"source": 11, "prod": 2.8339970368347891, "target": 1, "value": 948.0, "supply": [{"l": "Barley", "v": 948.0}]}, {"source": 12, "prod": 0.2095296684027885, "target": 1, "value": 231.0, "supply": [{"l": "Fish, Seafood", "v": 231.0}]}, {"source": 13, "prod": 0.032878786512005161, "target": 1, "value": 100.0, "supply": [{"l": "Sugar beet", "v": 100.0}]}, {"source": 14, "prod": 0.19927146544632193, "target": 1, "value": 45.0, "supply": [{"l": "Rice", "v": 45.0}]}, {"source": 15, "prod": 1.9512059514176574, "target": 1, "value": 543.0, "supply": [{"l": "Sorghum", "v": 543.0}]}, {"source": 16, "prod": 0.10258790258162501, "target": 1, "value": 29.0, "supply": [{"l": "Cereals, Other", "v": 29.0}]}, {"source": 17, "prod": 0.36250088949877934, "target": 1, "value": 89.0, "supply": [{"l": "Pulses, Other", "v": 89.0}]}, {"source": 0, "prod": 10.313764886429883, "target": 18, "value": 2609.0, "supply": [{"l": "Maize", "v": 2609.0}]}, {"source": 19, "prod": 0.2416046715238564, "target": 18, "value": 107.0, "supply": [{"l": "Olives", "v": 107.0}]}, {"source": 20, "prod": 0.047908045146492863, "target": 18, "value": 79.0, "supply": [{"l": "Roots, Other", "v": 79.0}]}, {"source": 21, "prod": 0.012424439000634146, "target": 18, "value": 4.0, "supply": [{"l": "Rye", "v": 4.0}]}, {"source": 22, "prod": 0.33606381880187497, "target": 18, "value": 95.0, "supply": [{"l": "Nuts", "v": 95.0}]}, {"source": 2, "prod": 1.4454958090722609, "target": 18, "value": 748.0, "supply": [{"l": "Dates", "v": 748.0}]}, {"source": 23, "prod": 0.097028952195428578, "target": 18, "value": 64.0, "supply": [{"l": "Yams", "v": 64.0}]}, {"source": 24, "prod": 10.906660657717394, "target": 18, "value": 2943.0, "supply": [{"l": "Sugar", "v": 2943.0}]}, {"source": 25, "prod": 0.7718212106454545, "target": 18, "value": 75.0, "supply": [{"l": "Oilcrops Oil, Other", "v": 75.0}]}, {"source": 26, "prod": 0.022342192939736844, "target": 18, "value": 2.0, "supply": [{"l": "Maize Germ Oil", "v": 2.0}]}, {"source": 27, "prod": 0.14459008705978166, "target": 18, "value": 260.0, "supply": [{"l": "Beer", "v": 260.0}]}, {"source": 28, "prod": 1.0557171863872175, "target": 18, "value": 104.0, "supply": [{"l": "Groundnut Oil", "v": 104.0}]}, {"source": 29, "prod": 0.048514476097714289, "target": 18, "value": 8.0, "supply": [{"l": "Beverages, Alcoholic", "v": 8.0}]}, {"source": 11, "prod": 5.3032813748364092, "target": 18, "value": 1774.0, "supply": [{"l": "Barley", "v": 1774.0}]}, {"source": 30, "prod": 0.62473830069226421, "target": 18, "value": 60.0, "supply": [{"l": "Sesameseed Oil", "v": 60.0}]}, {"source": 31, "prod": 0.047756437408687499, "target": 18, "value": 18.0, "supply": [{"l": "Honey", "v": 18.0}]}, {"source": 14, "prod": 5.5884575420724074, "target": 18, "value": 1262.0, "supply": [{"l": "Rice", "v": 1262.0}]}, {"source": 32, "prod": 1.6374344958944917, "target": 18, "value": 194.0, "supply": [{"l": "Butter, Ghee", "v": 194.0}]}, {"source": 33, "prod": 0.72314828602574821, "target": 18, "value": 3256.0, "supply": [{"l": "Tomatoes", "v": 3256.0}]}, {"source": 16, "prod": 0.045987680467625004, "target": 18, "value": 13.0, "supply": [{"l": "Cereals, Other", "v": 13.0}]}, {"source": 34, "prod": 0.048144701127457321, "target": 18, "value": 93.0, "supply": [{"l": "Coffee", "v": 93.0}]}, {"source": 4, "prod": 48.350229257862601, "target": 18, "value": 14448.0, "supply": [{"l": "Wheat", "v": 14448.0}]}, {"source": 35, "prod": 1.3957734351246445, "target": 18, "value": 161.0, "supply": [{"l": "Fats, Animals, Raw", "v": 161.0}]}, {"source": 36, "prod": 2.3580857388905723, "target": 18, "value": 229.0, "supply": [{"l": "Soyabean Oil", "v": 229.0}]}, {"source": 37, "prod": 0.022946035992162161, "target": 18, "value": 15.0, "supply": [{"l": "Coconuts - Incl Copra", "v": 15.0}]}, {"source": 38, "prod": 0.3401127804741868, "target": 18, "value": 95.0, "supply": [{"l": "Treenuts", "v": 95.0}]}, {"source": 39, "prod": 0.0028682544990202702, "target": 18, "value": 5.0, "supply": [{"l": "Crustaceans", "v": 5.0}]}, {"source": 40, "prod": 0.38564897101403389, "target": 18, "value": 268.0, "supply": [{"l": "Eggs", "v": 268.0}]}, {"source": 7, "prod": 1.6872327069015987, "target": 18, "value": 6197.0, "supply": [{"l": "Vegetables, Other", "v": 6197.0}]}, {"source": 41, "prod": 0.099882744907058854, "target": 18, "value": 20.0, "supply": [{"l": "Peas", "v": 20.0}]}, {"source": 42, "prod": 0.29215702885314709, "target": 18, "value": 39.0, "supply": [{"l": "Sesame seed", "v": 39.0}]}, {"source": 43, "prod": 0.097028952195428578, "target": 18, "value": 8.0, "supply": [{"l": "Coconut Oil", "v": 8.0}]}, {"source": 44, "prod": 0.097028952195428564, "target": 18, "value": 104.0, "supply": [{"l": "Sweet potatoes", "v": 104.0}]}, {"source": 45, "prod": 0.048152427768626868, "target": 18, "value": 76.0, "supply": [{"l": "Marine Fish, Other", "v": 76.0}]}, {"source": 10, "prod": 0.43399998195846812, "target": 18, "value": 1320.0, "supply": [{"l": "Sugar cane", "v": 1320.0}]}, {"source": 46, "prod": 0.38613157663047848, "target": 18, "value": 556.0, "supply": [{"l": "Grapes", "v": 556.0}]}, {"source": 47, "prod": 0.47987144835782608, "target": 18, "value": 78.0, "supply": [{"l": "Groundnuts", "v": 78.0}]}, {"source": 48, "prod": 0.0424501665855, "target": 18, "value": 3.0, "supply": [{"l": "Palm Oil", "v": 3.0}]}, {"source": 49, "prod": 0.048514476097714289, "target": 18, "value": 8.0, "supply": [{"l": "Oilcrops, Other", "v": 8.0}]}, {"source": 50, "prod": 0.047869336787904261, "target": 18, "value": 53.0, "supply": [{"l": "Wine", "v": 53.0}]}, {"source": 51, "prod": 1.543642421290909, "target": 18, "value": 150.0, "supply": [{"l": "Sunflowerseed Oil", "v": 150.0}]}, {"source": 5, "prod": 0.0062631393322868847, "target": 18, "value": 3.0, "supply": [{"l": "Oats", "v": 3.0}]}, {"source": 52, "prod": 0.86877464217447953, "target": 18, "value": 83.0, "supply": [{"l": "Olive Oil", "v": 83.0}]}, {"source": 53, "prod": 0.011010964711597271, "target": 18, "value": 4.0, "supply": [{"l": "Pigmeat", "v": 4.0}]}, {"source": 54, "prod": 0.011791712940416669, "target": 18, "value": 5.0, "supply": [{"l": "Cocoa Beans", "v": 5.0}]}, {"source": 55, "prod": 0.0424501665855, "target": 18, "value": 6.0, "supply": [{"l": "Soyabeans", "v": 6.0}]}, {"source": 6, "prod": 1.5420195681821678, "target": 18, "value": 1814.0, "supply": [{"l": "Potatoes", "v": 1814.0}]}, {"source": 56, "prod": 0.096610723953206912, "target": 18, "value": 132.0, "supply": [{"l": "Freshwater Fish", "v": 132.0}]}, {"source": 57, "prod": 0.19310664015364704, "target": 18, "value": 58.0, "supply": [{"l": "Pimento", "v": 58.0}]}, {"source": 58, "prod": 0.046695183244050004, "target": 18, "value": 11.0, "supply": [{"l": "Pepper", "v": 11.0}]}, {"source": 59, "prod": 0.081355555400000001, "target": 18, "value": 70.0, "supply": [{"l": "Grapefruit", "v": 70.0}]}, {"source": 60, "prod": 1.543642421290909, "target": 18, "value": 150.0, "supply": [{"l": "Rape and Mustard Oil", "v": 150.0}]}, {"source": 9, "prod": 5.350454598516361, "target": 18, "value": 7257.0, "supply": [{"l": "Milk - Excluding Butter", "v": 7257.0}]}, {"source": 3, "prod": 0.28888165312729874, "target": 18, "value": 262.0, "supply": [{"l": "Pelagic Fish", "v": 262.0}]}, {"source": 61, "prod": 0.23976482978847227, "target": 18, "value": 61.0, "supply": [{"l": "Beans", "v": 61.0}]}, {"source": 62, "prod": 0.096220377593800019, "target": 18, "value": 153.0, "supply": [{"l": "Apples", "v": 153.0}]}, {"source": 12, "prod": 0.48164612087394232, "target": 18, "value": 531.0, "supply": [{"l": "Fish, Seafood", "v": 531.0}]}, {"source": 63, "prod": 0.19160992623913764, "target": 18, "value": 123.0, "supply": [{"l": "Meat, Other", "v": 123.0}]}, {"source": 64, "prod": 0.048255317571551284, "target": 18, "value": 133.0, "supply": [{"l": "Lemons, Limes", "v": 133.0}]}, {"source": 15, "prod": 6.4608992645468648, "target": 18, "value": 1798.0, "supply": [{"l": "Sorghum", "v": 1798.0}]}, {"source": 65, "prod": 0.00090705484157051295, "target": 18, "value": 1.0, "supply": [{"l": "Cephalopods", "v": 1.0}]}, {"source": 66, "prod": 0.91710873916025715, "target": 18, "value": 365.0, "supply": [{"l": "Mutton & Goat Meat", "v": 365.0}]}, {"source": 67, "prod": 0.52995327015072613, "target": 18, "value": 143.0, "supply": [{"l": "Sweeteners, Other", "v": 143.0}]}, {"source": 68, "prod": 0.0037733481409333329, "target": 18, "value": 6.0, "supply": [{"l": "Pineapples", "v": 6.0}]}, {"source": 69, "prod": 0.14501762111000291, "target": 18, "value": 197.0, "supply": [{"l": "Bananas", "v": 197.0}]}, {"source": 70, "prod": 0.14450652563043265, "target": 18, "value": 438.0, "supply": [{"l": "Beverages, Fermented", "v": 438.0}]}, {"source": 71, "prod": 0.0037733481409333329, "target": 18, "value": 6.0, "supply": [{"l": "Citrus, Other", "v": 6.0}]}, {"source": 72, "prod": 0.048514476097714289, "target": 18, "value": 16.0, "supply": [{"l": "Spices, Other", "v": 16.0}]}, {"source": 73, "prod": 0.047683748767273978, "target": 18, "value": 82.0, "supply": [{"l": "Tea", "v": 82.0}]}, {"source": 74, "prod": 0.67516732800386126, "target": 18, "value": 1219.0, "supply": [{"l": "Fruits, Other", "v": 1219.0}]}, {"source": 75, "prod": 0.00090705484157051295, "target": 18, "value": 1.0, "supply": [{"l": "Molluscs, Other", "v": 1.0}]}, {"source": 8, "prod": 1.4464501206911111, "target": 18, "value": 368.0, "supply": [{"l": "Millet", "v": 368.0}]}, {"source": 76, "prod": 0.62731912843016668, "target": 18, "value": 399.0, "supply": [{"l": "Poultry Meat", "v": 399.0}]}, {"source": 77, "prod": 0.24125405233374222, "target": 18, "value": 183.0, "supply": [{"l": "Offals, Edible", "v": 183.0}]}, {"source": 78, "prod": 0.0058111111000000003, "target": 18, "value": 5.0, "supply": [{"l": "Infant food", "v": 5.0}]}, {"source": 79, "prod": 0.048514476097714282, "target": 18, "value": 56.0, "supply": [{"l": "Demersal Fish", "v": 56.0}]}, {"source": 80, "prod": 0.5302980112599478, "target": 18, "value": 1465.0, "supply": [{"l": "Oranges, Mandarines", "v": 1465.0}]}, {"source": 81, "prod": 1.7830809726835637, "target": 18, "value": 831.0, "supply": [{"l": "Bovine Meat", "v": 831.0}]}, {"source": 82, "prod": 4.5264821041789221, "target": 18, "value": 439.0, "supply": [{"l": "Cottonseed Oil", "v": 439.0}]}, {"source": 83, "prod": 0.024257238048857144, "target": 18, "value": 2.0, "supply": [{"l": "Palmkernel Oil", "v": 2.0}]}, {"source": 84, "prod": 0.14535966133822728, "target": 18, "value": 113.0, "supply": [{"l": "Cassava", "v": 113.0}]}, {"source": 85, "prod": 0.38597259899426506, "target": 18, "value": 849.0, "supply": [{"l": "Onions", "v": 849.0}]}, {"source": 17, "prod": 2.1668592495882093, "target": 18, "value": 532.0, "supply": [{"l": "Pulses, Other", "v": 532.0}]}, {"source": 86, "prod": 0.098435168893913044, "target": 87, "value": 16.0, "supply": [{"l": "Sunflower seed", "v": 16.0}]}, {"source": 0, "prod": 0.23323577167472714, "target": 87, "value": 59.0, "supply": [{"l": "Maize", "v": 59.0}]}, {"source": 19, "prod": 1.5015617435828457, "target": 87, "value": 665.0, "supply": [{"l": "Olives", "v": 665.0}]}, {"source": 55, "prod": 0.77825305406750001, "target": 87, "value": 110.0, "supply": [{"l": "Soyabeans", "v": 110.0}]}, {"source": 42, "prod": 1.0487688215241178, "target": 87, "value": 140.0, "supply": [{"l": "Sesame seed", "v": 140.0}]}, {"source": 24, "prod": 0.30018332085460714, "target": 87, "value": 81.0, "supply": [{"l": "Sugar", "v": 81.0}]}, {"source": 88, "prod": 7.1796151311997836, "target": 87, "value": 1167.0, "supply": [{"l": "Cottonseed", "v": 1167.0}]}, {"source": 89, "prod": 0.6828939842015217, "target": 87, "value": 111.0, "supply": [{"l": "Rape and Mustardseed", "v": 111.0}]}, {"source": 11, "prod": 0.14947241755457749, "target": 87, "value": 50.0, "supply": [{"l": "Barley", "v": 50.0}]}, {"source": 46, "prod": 0.34654614521332511, "target": 87, "value": 499.0, "supply": [{"l": "Grapes", "v": 499.0}]}, {"source": 47, "prod": 1.8641160109284782, "target": 87, "value": 303.0, "supply": [{"l": "Groundnuts", "v": 303.0}]}, {"source": 13, "prod": 0.73155299989211497, "target": 87, "value": 2225.0, "supply": [{"l": "Sugar beet", "v": 2225.0}]}, {"source": 49, "prod": 0.084900333171000014, "target": 87, "value": 14.0, "supply": [{"l": "Oilcrops, Other", "v": 14.0}]}, {"source": 10, "prod": 3.1609665352641771, "target": 87, "value": 9614.0, "supply": [{"l": "Sugar cane", "v": 9614.0}]}, {"source": 15, "prod": 0.31621753908794448, "target": 87, "value": 88.0, "supply": [{"l": "Sorghum", "v": 88.0}]}, {"source": 50, "prod": 0.022579875843351065, "target": 87, "value": 25.0, "supply": [{"l": "Wine", "v": 25.0}]}, {"source": 0, "prod": 0.1383602035358551, "target": 90, "value": 35.0, "supply": [{"l": "Maize", "v": 35.0}]}, {"source": 91, "prod": 0.0029186215063894821, "target": 90, "value": 4.0, "supply": [{"l": "Alcohol, Non-Food", "v": 4.0}]}, {"source": 74, "prod": 0.00055386983429356947, "target": 90, "value": 1.0, "supply": [{"l": "Fruits, Other", "v": 1.0}]}, {"source": 27, "prod": 0.00055611571946069874, "target": 90, "value": 1.0, "supply": [{"l": "Beer", "v": 1.0}]}, {"source": 29, "prod": 0.10915757121985717, "target": 90, "value": 18.0, "supply": [{"l": "Beverages, Alcoholic", "v": 18.0}]}, {"source": 92, "prod": 0.0043316496515816323, "target": 90, "value": 5.0, "supply": [{"l": "Aquatic Products, Other", "v": 5.0}]}, {"source": 14, "prod": 0.23469750374789031, "target": 90, "value": 53.0, "supply": [{"l": "Rice", "v": 53.0}]}, {"source": 22, "prod": 0.028300111057000001, "target": 90, "value": 8.0, "supply": [{"l": "Nuts", "v": 8.0}]}, {"source": 35, "prod": 2.2713828571593591, "target": 90, "value": 262.0, "supply": [{"l": "Fats, Animals, Raw", "v": 262.0}]}, {"source": 36, "prod": 0.28832489383814858, "target": 90, "value": 28.0, "supply": [{"l": "Soyabean Oil", "v": 28.0}]}, {"source": 38, "prod": 0.028641076250457833, "target": 90, "value": 8.0, "supply": [{"l": "Treenuts", "v": 8.0}]}, {"source": 40, "prod": 0.0028779773956271186, "target": 90, "value": 2.0, "supply": [{"l": "Eggs", "v": 2.0}]}, {"source": 7, "prod": 0.0010890641968059375, "target": 90, "value": 4.0, "supply": [{"l": "Vegetables, Other", "v": 4.0}]}, {"source": 33, "prod": 0.00044419427888559471, "target": 90, "value": 2.0, "supply": [{"l": "Tomatoes", "v": 2.0}]}, {"source": 48, "prod": 0.32545127715550004, "target": 90, "value": 23.0, "supply": [{"l": "Palm Oil", "v": 23.0}]}, {"source": 49, "prod": 0.042450166585500007, "target": 90, "value": 7.0, "supply": [{"l": "Oilcrops, Other", "v": 7.0}]}, {"source": 52, "prod": 0.083737314908383556, "target": 90, "value": 8.0, "supply": [{"l": "Olive Oil", "v": 8.0}]}, {"source": 2, "prod": 0.0038649620563429438, "target": 90, "value": 2.0, "supply": [{"l": "Dates", "v": 2.0}]}, {"source": 6, "prod": 0.010200790969231538, "target": 90, "value": 12.0, "supply": [{"l": "Potatoes", "v": 12.0}]}, {"source": 60, "prod": 0.28814658530763637, "target": 90, "value": 28.0, "supply": [{"l": "Rape and Mustard Oil", "v": 28.0}]}, {"source": 9, "prod": 0.0022118456380803477, "target": 90, "value": 3.0, "supply": [{"l": "Milk - Excluding Butter", "v": 3.0}]}, {"source": 25, "prod": 0.16465519160436365, "target": 90, "value": 16.0, "supply": [{"l": "Oilcrops Oil, Other", "v": 16.0}]}, {"source": 50, "prod": 0.012644730472276598, "target": 90, "value": 14.0, "supply": [{"l": "Wine", "v": 14.0}]}, {"source": 30, "prod": 0.052061525057688678, "target": 90, "value": 5.0, "supply": [{"l": "Sesameseed Oil", "v": 5.0}]}, {"source": 93, "prod": 0.0043316496515816323, "target": 90, "value": 5.0, "supply": [{"l": "Aquatic Plants", "v": 5.0}]}, {"source": 83, "prod": 0.012128619024428572, "target": 90, "value": 1.0, "supply": [{"l": "Palmkernel Oil", "v": 1.0}]}, {"source": 0, "prod": 0.24904836636453914, "target": 94, "value": 63.0, "supply": [{"l": "Maize", "v": 63.0}]}, {"source": 23, "prod": 0.060643095122142866, "target": 94, "value": 40.0, "supply": [{"l": "Yams", "v": 40.0}]}, {"source": 11, "prod": 0.87590836686982398, "target": 94, "value": 293.0, "supply": [{"l": "Barley", "v": 293.0}]}, {"source": 14, "prod": 0.38968642131725184, "target": 94, "value": 88.0, "supply": [{"l": "Rice", "v": 88.0}]}, {"source": 16, "prod": 0.014150055528500001, "target": 94, "value": 4.0, "supply": [{"l": "Cereals, Other", "v": 4.0}]}, {"source": 4, "prod": 1.6431314068113605, "target": 94, "value": 491.0, "supply": [{"l": "Wheat", "v": 491.0}]}, {"source": 40, "prod": 0.038852694840966102, "target": 40, "value": 27.0, "supply": [{"l": "Eggs", "v": 27.0}]}, {"source": 20, "prod": 0.0036385857073285718, "target": 94, "value": 6.0, "supply": [{"l": "Roots, Other", "v": 6.0}]}, {"source": 41, "prod": 0.009988274490705884, "target": 94, "value": 2.0, "supply": [{"l": "Peas", "v": 2.0}]}, {"source": 42, "prod": 0.037456029340147065, "target": 94, "value": 5.0, "supply": [{"l": "Sesame seed", "v": 5.0}]}, {"source": 88, "prod": 0.51678463669304353, "target": 94, "value": 84.0, "supply": [{"l": "Cottonseed", "v": 84.0}]}, {"source": 47, "prod": 0.049217584446956522, "target": 94, "value": 8.0, "supply": [{"l": "Groundnuts", "v": 8.0}]}, {"source": 49, "prod": 0.042450166585500007, "target": 94, "value": 7.0, "supply": [{"l": "Oilcrops, Other", "v": 7.0}]}, {"source": 5, "prod": 0.048017401547532784, "target": 94, "value": 23.0, "supply": [{"l": "Oats", "v": 23.0}]}, {"source": 55, "prod": 0.02122508329275, "target": 94, "value": 3.0, "supply": [{"l": "Soyabeans", "v": 3.0}]}, {"source": 6, "prod": 0.23461819229232539, "target": 94, "value": 276.0, "supply": [{"l": "Potatoes", "v": 276.0}]}, {"source": 61, "prod": 0.0078611419602777795, "target": 94, "value": 2.0, "supply": [{"l": "Beans", "v": 2.0}]}, {"source": 17, "prod": 0.23623653472954159, "target": 94, "value": 58.0, "supply": [{"l": "Pulses, Other", "v": 58.0}]}, {"source": 15, "prod": 0.16529553179597098, "target": 94, "value": 46.0, "supply": [{"l": "Sorghum", "v": 46.0}]}, {"source": 10, "prod": 0.042084846735366617, "target": 94, "value": 128.0, "supply": [{"l": "Sugar cane", "v": 128.0}]}, {"source": 8, "prod": 0.043236280781527789, "target": 94, "value": 11.0, "supply": [{"l": "Millet", "v": 11.0}]}, {"source": 44, "prod": 0.0065307948593076922, "target": 94, "value": 7.0, "supply": [{"l": "Sweet potatoes", "v": 7.0}]}, {"source": 89, "prod": 0.0061521980558695653, "target": 94, "value": 1.0, "supply": [{"l": "Rape and Mustardseed", "v": 1.0}]}, {"source": 0, "prod": 1.8105420919834752, "target": 95, "value": 458.0, "supply": [{"l": "Maize", "v": 458.0}]}, {"source": 19, "prod": 0.038385788933696804, "target": 95, "value": 17.0, "supply": [{"l": "Olives", "v": 17.0}]}, {"source": 20, "prod": 0.0054578785609928583, "target": 95, "value": 9.0, "supply": [{"l": "Roots, Other", "v": 9.0}]}, {"source": 74, "prod": 0.086403694149796845, "target": 95, "value": 156.0, "supply": [{"l": "Fruits, Other", "v": 156.0}]}, {"source": 23, "prod": 0.018192928536642859, "target": 95, "value": 12.0, "supply": [{"l": "Yams", "v": 12.0}]}, {"source": 59, "prod": 0.012784444420000001, "target": 95, "value": 11.0, "supply": [{"l": "Grapefruit", "v": 11.0}]}, {"source": 11, "prod": 0.66066808559123247, "target": 95, "value": 221.0, "supply": [{"l": "Barley", "v": 221.0}]}, {"source": 14, "prod": 0.38968642131725184, "target": 95, "value": 88.0, "supply": [{"l": "Rice", "v": 88.0}]}, {"source": 33, "prod": 0.073736250295008729, "target": 95, "value": 332.0, "supply": [{"l": "Tomatoes", "v": 332.0}]}, {"source": 86, "prod": 0.0061521980558695653, "target": 95, "value": 1.0, "supply": [{"l": "Sunflower seed", "v": 1.0}]}, {"source": 16, "prod": 0.0070750277642500003, "target": 95, "value": 2.0, "supply": [{"l": "Cereals, Other", "v": 2.0}]}, {"source": 4, "prod": 3.4669738033738691, "target": 95, "value": 1036.0, "supply": [{"l": "Wheat", "v": 1036.0}]}, {"source": 40, "prod": 0.02158483046720339, "target": 95, "value": 15.0, "supply": [{"l": "Eggs", "v": 15.0}]}, {"source": 7, "prod": 0.19548702332666576, "target": 95, "value": 718.0, "supply": [{"l": "Vegetables, Other", "v": 718.0}]}, {"source": 41, "prod": 0.004994137245352942, "target": 95, "value": 1.0, "supply": [{"l": "Peas", "v": 1.0}]}, {"source": 42, "prod": 0.097385676284382369, "target": 95, "value": 13.0, "supply": [{"l": "Sesame seed", "v": 13.0}]}, {"source": 88, "prod": 0.12919615917326088, "target": 95, "value": 21.0, "supply": [{"l": "Cottonseed", "v": 21.0}]}, {"source": 46, "prod": 0.023612362599705519, "target": 95, "value": 34.0, "supply": [{"l": "Grapes", "v": 34.0}]}, {"source": 57, "prod": 0.0099882744907058806, "target": 95, "value": 3.0, "supply": [{"l": "Pimento", "v": 3.0}]}, {"source": 49, "prod": 0.054578785609928585, "target": 95, "value": 9.0, "supply": [{"l": "Oilcrops, Other", "v": 9.0}]}, {"source": 50, "prod": 0.0018063900674680853, "target": 95, "value": 2.0, "supply": [{"l": "Wine", "v": 2.0}]}, {"source": 2, "prod": 0.13334119094383157, "target": 95, "value": 69.0, "supply": [{"l": "Dates", "v": 69.0}]}, {"source": 5, "prod": 0.014613991775336064, "target": 95, "value": 7.0, "supply": [{"l": "Oats", "v": 7.0}]}, {"source": 55, "prod": 0.0070750277642500003, "target": 95, "value": 1.0, "supply": [{"l": "Soyabeans", "v": 1.0}]}, {"source": 6, "prod": 0.21081634669745181, "target": 95, "value": 248.0, "supply": [{"l": "Potatoes", "v": 248.0}]}, {"source": 47, "prod": 0.35067528918456525, "target": 95, "value": 57.0, "supply": [{"l": "Groundnuts", "v": 57.0}]}, {"source": 9, "prod": 0.18210862420194862, "target": 95, "value": 247.0, "supply": [{"l": "Milk - Excluding Butter", "v": 247.0}]}, {"source": 61, "prod": 0.0078611419602777795, "target": 95, "value": 2.0, "supply": [{"l": "Beans", "v": 2.0}]}, {"source": 62, "prod": 0.0075466962818666657, "target": 95, "value": 12.0, "supply": [{"l": "Apples", "v": 12.0}]}, {"source": 13, "prod": 0.0052606058419208271, "target": 95, "value": 16.0, "supply": [{"l": "Sugar beet", "v": 16.0}]}, {"source": 64, "prod": 0.0061679729226794874, "target": 95, "value": 17.0, "supply": [{"l": "Lemons, Limes", "v": 17.0}]}, {"source": 15, "prod": 0.78695046659386181, "target": 95, "value": 219.0, "supply": [{"l": "Sorghum", "v": 219.0}]}, {"source": 10, "prod": 0.019727271907203098, "target": 95, "value": 60.0, "supply": [{"l": "Sugar cane", "v": 60.0}]}, {"source": 69, "prod": 0.017667121353502891, "target": 95, "value": 24.0, "supply": [{"l": "Bananas", "v": 24.0}]}, {"source": 72, "prod": 0.0030321547561071431, "target": 95, "value": 1.0, "supply": [{"l": "Spices, Other", "v": 1.0}]}, {"source": 8, "prod": 0.11398655842402779, "target": 95, "value": 29.0, "supply": [{"l": "Millet", "v": 29.0}]}, {"source": 44, "prod": 0.01212861902442857, "target": 95, "value": 13.0, "supply": [{"l": "Sweet potatoes", "v": 13.0}]}, {"source": 89, "prod": 0.073826376670434776, "target": 95, "value": 12.0, "supply": [{"l": "Rape and Mustardseed", "v": 12.0}]}, {"source": 80, "prod": 0.065880025972225587, "target": 95, "value": 182.0, "supply": [{"l": "Oranges, Mandarines", "v": 182.0}]}, {"source": 17, "prod": 0.17921392289827293, "target": 95, "value": 44.0, "supply": [{"l": "Pulses, Other", "v": 44.0}]}, {"source": 85, "prod": 0.038642721925220884, "target": 95, "value": 85.0, "supply": [{"l": "Onions", "v": 85.0}]}, {"source": 84, "prod": 0.016722792897318182, "target": 95, "value": 13.0, "supply": [{"l": "Cassava", "v": 13.0}]}, {"source": 96, "prod": 0.0058111111000000003, "target": 78, "value": 5.0, "supply": [{"l": "Infant food", "v": 5.0}]}, {"source": 96, "prod": 0.015160773780535717, "target": 72, "value": 5.0, "supply": [{"l": "Spices, Other", "v": 5.0}]}, {"source": 96, "prod": 0.043975233609673883, "target": 33, "value": 198.0, "supply": [{"l": "Tomatoes", "v": 198.0}]}, {"source": 96, "prod": 0.032221210781765063, "target": 38, "value": 9.0, "supply": [{"l": "Treenuts", "v": 9.0}]}, {"source": 96, "prod": 0.015093392563733331, "target": 62, "value": 24.0, "supply": [{"l": "Apples", "v": 24.0}]}, {"source": 96, "prod": 0.048265257898582187, "target": 73, "value": 83.0, "supply": [{"l": "Tea", "v": 83.0}]}, {"source": 96, "prod": 0.0010890641968059375, "target": 7, "value": 4.0, "supply": [{"l": "Vegetables, Other", "v": 4.0}]}, {"source": 96, "prod": 0.14613240799396943, "target": 14, "value": 33.0, "supply": [{"l": "Rice", "v": 33.0}]}, {"source": 96, "prod": 36.955397404109682, "target": 4, "value": 11043.0, "supply": [{"l": "Wheat", "v": 11043.0}]}, {"source": 96, "prod": 1.4648296920348594, "target": 11, "value": 490.0, "supply": [{"l": "Barley", "v": 490.0}]}, {"source": 96, "prod": 0.0424501665855, "target": 58, "value": 10.0, "supply": [{"l": "Pepper", "v": 10.0}]}, {"source": 96, "prod": 0.053321550711054877, "target": 34, "value": 103.0, "supply": [{"l": "Coffee", "v": 103.0}]}, {"source": 96, "prod": 0.0019324810281714719, "target": 2, "value": 1.0, "supply": [{"l": "Dates", "v": 1.0}]}, {"source": 96, "prod": 0.014150055528500001, "target": 16, "value": 4.0, "supply": [{"l": "Cereals, Other", "v": 4.0}]}, {"source": 96, "prod": 2.6470311620117872, "target": 1, "value": 2893.0, "supply": [{"l": "Meat, Other", "v": 1.0}, {"l": "Eggs", "v": 59.0}, {"l": "Marine Fish, Other", "v": 26.0}, {"l": "Poultry Meat", "v": 83.0}, {"l": "Milk - Excluding Butter", "v": 1970.0}, {"l": "Pelagic Fish", "v": 270.0}, {"l": "Fish, Seafood", "v": 295.0}, {"l": "Mutton & Goat Meat", "v": 12.0}, {"l": "Offals, Edible", "v": 17.0}, {"l": "Bovine Meat", "v": 160.0}]}, {"source": 96, "prod": 0.01664712415117647, "target": 57, "value": 5.0, "supply": [{"l": "Pimento", "v": 5.0}]}, {"source": 96, "prod": 0.031837624939125002, "target": 22, "value": 9.0, "supply": [{"l": "Nuts", "v": 9.0}]}, {"source": 96, "prod": 0.019976548981411768, "target": 41, "value": 4.0, "supply": [{"l": "Peas", "v": 4.0}]}, {"source": 96, "prod": 0.011791712940416669, "target": 54, "value": 5.0, "supply": [{"l": "Cocoa Beans", "v": 5.0}]}, {"source": 96, "prod": 0.00036197816468255817, "target": 80, "value": 1.0, "supply": [{"l": "Oranges, Mandarines", "v": 1.0}]}, {"source": 96, "prod": 0.0012577827136444444, "target": 68, "value": 2.0, "supply": [{"l": "Pineapples", "v": 2.0}]}, {"source": 96, "prod": 0.19466509432950185, "target": 6, "value": 229.0, "supply": [{"l": "Potatoes", "v": 229.0}]}, {"source": 96, "prod": 0.46141485419021744, "target": 89, "value": 75.0, "supply": [{"l": "Rape and Mustardseed", "v": 75.0}]}, {"source": 96, "prod": 0.021347771635482658, "target": 69, "value": 29.0, "supply": [{"l": "Bananas", "v": 29.0}]}, {"source": 96, "prod": 0.018750993829177914, "target": 46, "value": 27.0, "supply": [{"l": "Grapes", "v": 27.0}]}, {"source": 96, "prod": 0.14233291149255886, "target": 42, "value": 19.0, "supply": [{"l": "Sesame seed", "v": 19.0}]}, {"source": 96, "prod": 21.37489396066708, "target": 87, "value": 3423.0, "supply": [{"l": "Alcohol, Non-Food", "v": 4.0}, {"l": "Sugar", "v": 1933.0}, {"l": "Beer", "v": 13.0}, {"l": "Beverages, Alcoholic", "v": 1.0}, {"l": "Fats, Animals, Raw", "v": 431.0}, {"l": "Soyabean Oil", "v": 298.0}, {"l": "Butter, Ghee", "v": 112.0}, {"l": "Palm Oil", "v": 30.0}, {"l": "Sunflowerseed Oil", "v": 154.0}, {"l": "Olive Oil", "v": 1.0}, {"l": "Coconut Oil", "v": 8.0}, {"l": "Rape and Mustard Oil", "v": 145.0}, {"l": "Oilcrops Oil, Other", "v": 89.0}, {"l": "Sweeteners, Other", "v": 24.0}, {"l": "Honey", "v": 4.0}, {"l": "Cottonseed Oil", "v": 173.0}, {"l": "Palmkernel Oil", "v": 3.0}]}, {"source": 96, "prod": 0.169800666342, "target": 55, "value": 24.0, "supply": [{"l": "Soyabeans", "v": 24.0}]}, {"source": 96, "prod": 0.30658453645083339, "target": 61, "value": 78.0, "supply": [{"l": "Beans", "v": 78.0}]}, {"source": 96, "prod": 7.9655945749928003, "target": 0, "value": 2015.0, "supply": [{"l": "Maize", "v": 2015.0}]}, {"source": 96, "prod": 0.011077396685871391, "target": 74, "value": 20.0, "supply": [{"l": "Fruits, Other", "v": 20.0}]}, {"source": 96, "prod": 0.030760990279347825, "target": 47, "value": 5.0, "supply": [{"l": "Groundnuts", "v": 5.0}]}, {"source": 96, "prod": 0.022946035992162161, "target": 37, "value": 15.0, "supply": [{"l": "Coconuts - Incl Copra", "v": 15.0}]}, {"source": 96, "prod": 0.010438565553811476, "target": 5, "value": 5.0, "supply": [{"l": "Oats", "v": 5.0}]}, {"source": 96, "prod": 0.61095655533502136, "target": 17, "value": 150.0, "supply": [{"l": "Pulses, Other", "v": 150.0}]}, {"source": 19, "prod": 0.072255602698723401, "target": 97, "value": 32.0, "supply": [{"l": "Olives", "v": 32.0}]}, {"source": 22, "prod": 0.02122508329275, "target": 97, "value": 6.0, "supply": [{"l": "Nuts", "v": 6.0}]}, {"source": 24, "prod": 0.13712077619284524, "target": 97, "value": 37.0, "supply": [{"l": "Sugar", "v": 37.0}]}, {"source": 78, "prod": 0.0011622222200000001, "target": 97, "value": 1.0, "supply": [{"l": "Infant food", "v": 1.0}]}, {"source": 29, "prod": 0.048514476097714289, "target": 97, "value": 8.0, "supply": [{"l": "Beverages, Alcoholic", "v": 8.0}]}, {"source": 14, "prod": 0.40297118568033985, "target": 97, "value": 91.0, "supply": [{"l": "Rice", "v": 91.0}]}, {"source": 33, "prod": 0.021765519665394143, "target": 97, "value": 98.0, "supply": [{"l": "Tomatoes", "v": 98.0}]}, {"source": 86, "prod": 0.018456594167608694, "target": 97, "value": 3.0, "supply": [{"l": "Sunflower seed", "v": 3.0}]}, {"source": 16, "prod": 0.060137735996125007, "target": 97, "value": 17.0, "supply": [{"l": "Cereals, Other", "v": 17.0}]}, {"source": 4, "prod": 0.046850997342890117, "target": 97, "value": 14.0, "supply": [{"l": "Wheat", "v": 14.0}]}, {"source": 38, "prod": 0.02506094171915061, "target": 97, "value": 7.0, "supply": [{"l": "Treenuts", "v": 7.0}]}, {"source": 39, "prod": 0.0011473017996081081, "target": 97, "value": 2.0, "supply": [{"l": "Crustaceans", "v": 2.0}]}, {"source": 7, "prod": 0.028860201215357342, "target": 97, "value": 106.0, "supply": [{"l": "Vegetables, Other", "v": 106.0}]}, {"source": 42, "prod": 0.48692838142191186, "target": 97, "value": 65.0, "supply": [{"l": "Sesame seed", "v": 65.0}]}, {"source": 44, "prod": 0.0046648534709340652, "target": 97, "value": 5.0, "supply": [{"l": "Sweet potatoes", "v": 5.0}]}, {"source": 57, "prod": 0.0099882744907058806, "target": 97, "value": 3.0, "supply": [{"l": "Pimento", "v": 3.0}]}, {"source": 49, "prod": 0.15160773780535716, "target": 97, "value": 25.0, "supply": [{"l": "Oilcrops, Other", "v": 25.0}]}, {"source": 52, "prod": 0.72223434108480833, "target": 97, "value": 69.0, "supply": [{"l": "Olive Oil", "v": 69.0}]}, {"source": 2, "prod": 0.063771873929658579, "target": 97, "value": 33.0, "supply": [{"l": "Dates", "v": 33.0}]}, {"source": 6, "prod": 0.10795837109103379, "target": 97, "value": 127.0, "supply": [{"l": "Potatoes", "v": 127.0}]}, {"source": 56, "prod": 0.001463798847775862, "target": 97, "value": 2.0, "supply": [{"l": "Freshwater Fish", "v": 2.0}]}, {"source": 47, "prod": 0.62752420169869572, "target": 97, "value": 102.0, "supply": [{"l": "Groundnuts", "v": 102.0}]}, {"source": 60, "prod": 0.010290949475272728, "target": 97, "value": 1.0, "supply": [{"l": "Rape and Mustard Oil", "v": 1.0}]}, {"source": 17, "prod": 0.097753048853603419, "target": 97, "value": 24.0, "supply": [{"l": "Pulses, Other", "v": 24.0}]}, {"source": 12, "prod": 0.18503918768038463, "target": 97, "value": 204.0, "supply": [{"l": "Fish, Seafood", "v": 204.0}]}, {"source": 63, "prod": 0.0093468256702018346, "target": 97, "value": 6.0, "supply": [{"l": "Meat, Other", "v": 6.0}]}, {"source": 64, "prod": 0.00036282193662820516, "target": 97, "value": 1.0, "supply": [{"l": "Lemons, Limes", "v": 1.0}]}, {"source": 15, "prod": 0.91990556825583836, "target": 97, "value": 256.0, "supply": [{"l": "Sorghum", "v": 256.0}]}, {"source": 65, "prod": 0.029025754930256414, "target": 97, "value": 32.0, "supply": [{"l": "Cephalopods", "v": 32.0}]}, {"source": 50, "prod": 0.29986075119970212, "target": 97, "value": 332.0, "supply": [{"l": "Wine", "v": 332.0}]}, {"source": 3, "prod": 0.18413448882541558, "target": 97, "value": 167.0, "supply": [{"l": "Pelagic Fish", "v": 167.0}]}, {"source": 72, "prod": 0.075803868902678581, "target": 97, "value": 25.0, "supply": [{"l": "Spices, Other", "v": 25.0}]}, {"source": 74, "prod": 0.017723834697394223, "target": 97, "value": 32.0, "supply": [{"l": "Fruits, Other", "v": 32.0}]}, {"source": 75, "prod": 0.00090705484157051295, "target": 97, "value": 1.0, "supply": [{"l": "Molluscs, Other", "v": 1.0}]}, {"source": 98, "prod": 0.085548921088108174, "target": 97, "value": 10.0, "supply": [{"l": "Fish, Body Oil", "v": 10.0}]}, {"source": 8, "prod": 0.011791712940416667, "target": 97, "value": 3.0, "supply": [{"l": "Millet", "v": 3.0}]}, {"source": 28, "prod": 0.16241802867495653, "target": 97, "value": 16.0, "supply": [{"l": "Groundnut Oil", "v": 16.0}]}, {"source": 59, "prod": 0.0034866666600000002, "target": 97, "value": 3.0, "supply": [{"l": "Grapefruit", "v": 3.0}]}, {"source": 80, "prod": 0.28922055358136395, "target": 97, "value": 799.0, "supply": [{"l": "Oranges, Mandarines", "v": 799.0}]}, {"source": 85, "prod": 0.0090924051588755009, "target": 97, "value": 20.0, "supply": [{"l": "Onions", "v": 20.0}]}, {"source": 62, "prod": 0.004402239497755556, "target": 97, "value": 7.0, "supply": [{"l": "Apples", "v": 7.0}]}, {"source": 99, "prod": 0.010438565553811476, "target": 5, "value": 5.0, "supply": [{"l": "Oats", "v": 5.0}]}, {"source": 99, "prod": 0.061095655533502137, "target": 17, "value": 15.0, "supply": [{"l": "Pulses, Other", "v": 15.0}]}, {"source": 74, "prod": 0.0083080475144035413, "target": 100, "value": 15.0, "supply": [{"l": "Fruits, Other", "v": 15.0}]}, {"source": 12, "prod": 0.0027211645247115384, "target": 100, "value": 3.0, "supply": [{"l": "Fish, Seafood", "v": 3.0}]}, {"source": 47, "prod": 0.11689176306152176, "target": 100, "value": 19.0, "supply": [{"l": "Groundnuts", "v": 19.0}]}, {"source": 49, "prod": 0.090964642683214303, "target": 100, "value": 15.0, "supply": [{"l": "Oilcrops, Other", "v": 15.0}]}, {"source": 32, "prod": 0.10128460799347369, "target": 100, "value": 12.0, "supply": [{"l": "Butter, Ghee", "v": 12.0}]}, {"source": 60, "prod": 0.051454747376363644, "target": 100, "value": 5.0, "supply": [{"l": "Rape and Mustard Oil", "v": 5.0}]}, {"source": 61, "prod": 0.12184770038430555, "target": 100, "value": 31.0, "supply": [{"l": "Beans", "v": 31.0}]}, {"source": 7, "prod": 0.0032671925904178127, "target": 100, "value": 12.0, "supply": [{"l": "Vegetables, Other", "v": 12.0}]}, {"source": 36, "prod": 0.61783905822460394, "target": 100, "value": 60.0, "supply": [{"l": "Soyabean Oil", "v": 60.0}]}, {"source": 81, "prod": 0.070808269673354504, "target": 100, "value": 33.0, "supply": [{"l": "Bovine Meat", "v": 33.0}]}, {"source": 9, "prod": 0.19611697990979082, "target": 100, "value": 266.0, "supply": [{"l": "Milk - Excluding Butter", "v": 266.0}]}, {"source": 38, "prod": 0.035801345313072296, "target": 100, "value": 10.0, "supply": [{"l": "Treenuts", "v": 10.0}]}, {"source": 99, "prod": 2.5649466852365497, "target": 11, "value": 858.0, "supply": [{"l": "Barley", "v": 858.0}]}, {"source": 99, "prod": 1.2214724307253495, "target": 4, "value": 365.0, "supply": [{"l": "Wheat", "v": 365.0}]}, {"source": 28, "prod": 0.16241802867495653, "target": 100, "value": 16.0, "supply": [{"l": "Groundnut Oil", "v": 16.0}]}, {"source": 48, "prod": 0.0424501665855, "target": 100, "value": 3.0, "supply": [{"l": "Palm Oil", "v": 3.0}]}, {"source": 55, "prod": 0.24762597174875001, "target": 100, "value": 35.0, "supply": [{"l": "Soyabeans", "v": 35.0}]}, {"source": 24, "prod": 0.51512940245420236, "target": 100, "value": 139.0, "supply": [{"l": "Sugar", "v": 139.0}]}, {"source": 8, "prod": 0.39698766899402782, "target": 100, "value": 101.0, "supply": [{"l": "Millet", "v": 101.0}]}, {"source": 3, "prod": 0.0033078051884805199, "target": 100, "value": 3.0, "supply": [{"l": "Pelagic Fish", "v": 3.0}]}, {"source": 15, "prod": 3.7946104690553337, "target": 100, "value": 1056.0, "supply": [{"l": "Sorghum", "v": 1056.0}]}, {"source": 25, "prod": 0.051454747376363644, "target": 100, "value": 5.0, "supply": [{"l": "Oilcrops Oil, Other", "v": 5.0}]}, {"source": 0, "prod": 0.31625189379624019, "target": 100, "value": 80.0, "supply": [{"l": "Maize", "v": 80.0}]}, {"source": 99, "prod": 0.0022579875843351063, "target": 19, "value": 1.0, "supply": [{"l": "Olives", "v": 1.0}]}, {"source": 33, "prod": 0.024430685338707708, "target": 100, "value": 110.0, "supply": [{"l": "Tomatoes", "v": 110.0}]}, {"source": 80, "prod": 0.0083254977876988396, "target": 100, "value": 23.0, "supply": [{"l": "Oranges, Mandarines", "v": 23.0}]}, {"source": 59, "prod": 0.0034866666600000002, "target": 100, "value": 3.0, "supply": [{"l": "Grapefruit", "v": 3.0}]}, {"source": 73, "prod": 0.0005815091313082192, "target": 100, "value": 1.0, "supply": [{"l": "Tea", "v": 1.0}]}, {"source": 35, "prod": 0.32076780807212324, "target": 100, "value": 37.0, "supply": [{"l": "Fats, Animals, Raw", "v": 37.0}]}, {"source": 99, "prod": 0.004994137245352942, "target": 41, "value": 1.0, "supply": [{"l": "Peas", "v": 1.0}]}, {"source": 99, "prod": 0.067636835986001523, "target": 2, "value": 35.0, "supply": [{"l": "Dates", "v": 35.0}]}, {"source": 22, "prod": 0.035375138821250006, "target": 100, "value": 10.0, "supply": [{"l": "Nuts", "v": 10.0}]}, {"source": 99, "prod": 0.35868863780337945, "target": 14, "value": 81.0, "supply": [{"l": "Rice", "v": 81.0}]}, {"source": 51, "prod": 0.10290949475272729, "target": 100, "value": 10.0, "supply": [{"l": "Sunflowerseed Oil", "v": 10.0}]}, {"source": 99, "prod": 0.00424501665855, "target": 58, "value": 1.0, "supply": [{"l": "Pepper", "v": 1.0}]}, {"source": 42, "prod": 0.11985929388847059, "target": 100, "value": 16.0, "supply": [{"l": "Sesame seed", "v": 16.0}]}, {"source": 99, "prod": 0.70891096178365265, "target": 87, "value": 85.0, "supply": [{"l": "Olive Oil", "v": 36.0}, {"l": "Wine", "v": 17.0}, {"l": "Sweeteners, Other", "v": 2.0}, {"l": "Cottonseed Oil", "v": 30.0}]}, {"source": 99, "prod": 1.6918544653641303, "target": 88, "value": 275.0, "supply": [{"l": "Cottonseed", "v": 275.0}]}, {"source": 34, "prod": 0.0051768495835975599, "target": 100, "value": 10.0, "supply": [{"l": "Coffee", "v": 10.0}]}, {"source": 101, "prod": 13.563253095186251, "target": 0, "value": 3431.0, "supply": [{"l": "Maize", "v": 3431.0}]}, {"source": 101, "prod": 1.8492918315704521, "target": 19, "value": 819.0, "supply": [{"l": "Olives", "v": 819.0}]}, {"source": 101, "prod": 0.057610940366035729, "target": 20, "value": 95.0, "supply": [{"l": "Roots, Other", "v": 95.0}]}, {"source": 101, "prod": 0.012424439000634146, "target": 21, "value": 4.0, "supply": [{"l": "Rye", "v": 4.0}]}, {"source": 101, "prod": 0.39266404091587503, "target": 22, "value": 111.0, "supply": [{"l": "Nuts", "v": 111.0}]}, {"source": 101, "prod": 1.6136216585231793, "target": 2, "value": 835.0, "supply": [{"l": "Dates", "v": 835.0}]}, {"source": 101, "prod": 0.17434889847616072, "target": 23, "value": 115.0, "supply": [{"l": "Yams", "v": 115.0}]}, {"source": 101, "prod": 5.7905614560643324, "target": 11, "value": 1937.0, "supply": [{"l": "Barley", "v": 1937.0}]}, {"source": 101, "prod": 6.6999494937841133, "target": 14, "value": 1513.0, "supply": [{"l": "Rice", "v": 1513.0}]}, {"source": 101, "prod": 0.79932760485462762, "target": 33, "value": 3599.0, "supply": [{"l": "Tomatoes", "v": 3599.0}]}, {"source": 101, "prod": 0.1230439611173913, "target": 86, "value": 20.0, "supply": [{"l": "Sunflower seed", "v": 20.0}]}, {"source": 101, "prod": 17.502194007379664, "target": 4, "value": 5230.0, "supply": [{"l": "Wheat", "v": 5230.0}]}, {"source": 101, "prod": 0.39739493297510253, "target": 38, "value": 111.0, "supply": [{"l": "Treenuts", "v": 111.0}]}, {"source": 101, "prod": 1.9254654999528975, "target": 7, "value": 7072.0, "supply": [{"l": "Vegetables, Other", "v": 7072.0}]}, {"source": 101, "prod": 0.084900333171000014, "target": 41, "value": 17.0, "supply": [{"l": "Peas", "v": 17.0}]}, {"source": 101, "prod": 1.9402223198196176, "target": 42, "value": 259.0, "supply": [{"l": "Sesame seed", "v": 259.0}]}, {"source": 101, "prod": 0.92682863711675012, "target": 55, "value": 131.0, "supply": [{"l": "Soyabeans", "v": 131.0}]}, {"source": 101, "prod": 0.12035321955009889, "target": 44, "value": 129.0, "supply": [{"l": "Sweet potatoes", "v": 129.0}]}, {"source": 101, "prod": 3.888574080774851, "target": 10, "value": 11827.0, "supply": [{"l": "Sugar cane", "v": 11827.0}]}, {"source": 101, "prod": 0.73753909061433121, "target": 46, "value": 1062.0, "supply": [{"l": "Grapes", "v": 1062.0}]}, {"source": 101, "prod": 3.4636875054545651, "target": 47, "value": 563.0, "supply": [{"l": "Groundnuts", "v": 563.0}]}, {"source": 101, "prod": 0.52153061805042866, "target": 49, "value": 86.0, "supply": [{"l": "Oilcrops, Other", "v": 86.0}]}, {"source": 101, "prod": 0.24635014706995084, "target": 5, "value": 118.0, "supply": [{"l": "Oats", "v": 118.0}]}, {"source": 101, "prod": 0.21932586069175003, "target": 16, "value": 62.0, "supply": [{"l": "Cereals, Other", "v": 62.0}]}, {"source": 101, "prod": 6.1337414617019563, "target": 88, "value": 997.0, "supply": [{"l": "Cottonseed", "v": 997.0}]}, {"source": 101, "prod": 1.9287995590988638, "target": 6, "value": 2269.0, "supply": [{"l": "Potatoes", "v": 2269.0}]}, {"source": 101, "prod": 0.19643606498388233, "target": 57, "value": 59.0, "supply": [{"l": "Pimento", "v": 59.0}]}, {"source": 101, "prod": 0.30145770473760869, "target": 89, "value": 49.0, "supply": [{"l": "Rape and Mustardseed", "v": 49.0}]}, {"source": 101, "prod": 0.003144456784111111, "target": 68, "value": 5.0, "supply": [{"l": "Pineapples", "v": 5.0}]}, {"source": 101, "prod": 0.078611419602777788, "target": 61, "value": 20.0, "supply": [{"l": "Beans", "v": 20.0}]}, {"source": 101, "prod": 0.093075920809688878, "target": 62, "value": 148.0, "supply": [{"l": "Apples", "v": 148.0}]}, {"source": 101, "prod": 0.7696923922460408, "target": 13, "value": 2341.0, "supply": [{"l": "Sugar beet", "v": 2341.0}]}, {"source": 101, "prod": 0.054786112430858978, "target": 64, "value": 151.0, "supply": [{"l": "Lemons, Limes", "v": 151.0}]}, {"source": 101, "prod": 14.391491409627472, "target": 15, "value": 4005.0, "supply": [{"l": "Sorghum", "v": 4005.0}]}, {"source": 101, "prod": 0.14133697082802313, "target": 69, "value": 192.0, "supply": [{"l": "Bananas", "v": 192.0}]}, {"source": 101, "prod": 0.004402239497755556, "target": 71, "value": 7.0, "supply": [{"l": "Citrus, Other", "v": 7.0}]}, {"source": 101, "prod": 0.1121897259759643, "target": 72, "value": 37.0, "supply": [{"l": "Spices, Other", "v": 37.0}]}, {"source": 101, "prod": 0.7765255076795845, "target": 74, "value": 1402.0, "supply": [{"l": "Fruits, Other", "v": 1402.0}]}, {"source": 101, "prod": 2.0163829128112503, "target": 8, "value": 513.0, "supply": [{"l": "Millet", "v": 513.0}]}, {"source": 101, "prod": 0.10111333314000001, "target": 59, "value": 87.0, "supply": [{"l": "Grapefruit", "v": 87.0}]}, {"source": 101, "prod": 0.89336211043655367, "target": 80, "value": 2468.0, "supply": [{"l": "Oranges, Mandarines", "v": 2468.0}]}, {"source": 101, "prod": 2.3745844784021166, "target": 17, "value": 583.0, "supply": [{"l": "Pulses, Other", "v": 583.0}]}, {"source": 101, "prod": 0.16079608555113636, "target": 84, "value": 125.0, "supply": [{"l": "Cassava", "v": 125.0}]}, {"source": 101, "prod": 0.43325310582041759, "target": 85, "value": 953.0, "supply": [{"l": "Onions", "v": 953.0}]}, {"source": 1, "prod": 0.62731912843016668, "target": 76, "value": 399.0, "supply": [{"l": "Poultry Meat", "v": 399.0}]}, {"source": 1, "prod": 0.011010964711597271, "target": 53, "value": 4.0, "supply": [{"l": "Pigmeat", "v": 4.0}]}, {"source": 1, "prod": 0.73212754838368832, "target": 3, "value": 664.0, "supply": [{"l": "Pelagic Fish", "v": 664.0}]}, {"source": 1, "prod": 0.0040155562986283781, "target": 39, "value": 7.0, "supply": [{"l": "Crustaceans", "v": 7.0}]}, {"source": 1, "prod": 0.4101117788768644, "target": 40, "value": 285.0, "supply": [{"l": "Eggs", "v": 312.0}]}, {"source": 1, "prod": 0.0018141096831410259, "target": 75, "value": 2.0, "supply": [{"l": "Molluscs, Other", "v": 2.0}]}, {"source": 1, "prod": 0.0043316496515816323, "target": 93, "value": 5.0, "supply": [{"l": "Aquatic Plants", "v": 5.0}]}, {"source": 1, "prod": 0.029932809771826926, "target": 65, "value": 33.0, "supply": [{"l": "Cephalopods", "v": 33.0}]}, {"source": 1, "prod": 6.2705823839577848, "target": 9, "value": 8505.0, "supply": [{"l": "Milk - Excluding Butter", "v": 8505.0}]}, {"source": 1, "prod": 0.24125405233374222, "target": 77, "value": 183.0, "supply": [{"l": "Offals, Edible", "v": 183.0}]}, {"source": 1, "prod": 0.048152427768626868, "target": 45, "value": 76.0, "supply": [{"l": "Marine Fish, Other", "v": 76.0}]}, {"source": 1, "prod": 0.0043316496515816323, "target": 92, "value": 5.0, "supply": [{"l": "Aquatic Products, Other", "v": 5.0}]}, {"source": 1, "prod": 0.87893614148182697, "target": 12, "value": 969.0, "supply": [{"l": "Fish, Seafood", "v": 969.0}]}, {"source": 1, "prod": 1.8538892423569182, "target": 81, "value": 864.0, "supply": [{"l": "Bovine Meat", "v": 864.0}]}, {"source": 1, "prod": 0.048514476097714282, "target": 79, "value": 56.0, "supply": [{"l": "Demersal Fish", "v": 56.0}]}, {"source": 1, "prod": 0.20095675190933948, "target": 63, "value": 129.0, "supply": [{"l": "Meat, Other", "v": 129.0}]}, {"source": 1, "prod": 0.098074522800982777, "target": 56, "value": 134.0, "supply": [{"l": "Freshwater Fish", "v": 134.0}]}, {"source": 1, "prod": 0.91710873916025715, "target": 66, "value": 365.0, "supply": [{"l": "Mutton & Goat Meat", "v": 365.0}]}, {"source": 87, "prod": 0.0029186215063894821, "target": 91, "value": 4.0, "supply": [{"l": "Alcohol, Non-Food", "v": 4.0}]}, {"source": 87, "prod": 11.859094157219047, "target": 24, "value": 3200.0, "supply": [{"l": "Sugar", "v": 3200.0}]}, {"source": 87, "prod": 0.022342192939736844, "target": 26, "value": 2.0, "supply": [{"l": "Maize Germ Oil", "v": 2.0}]}, {"source": 87, "prod": 0.14514620277924237, "target": 27, "value": 261.0, "supply": [{"l": "Beer", "v": 261.0}]}, {"source": 87, "prod": 1.3805532437371306, "target": 28, "value": 136.0, "supply": [{"l": "Groundnut Oil", "v": 136.0}]}, {"source": 87, "prod": 0.20618652341528573, "target": 29, "value": 34.0, "supply": [{"l": "Beverages, Alcoholic", "v": 34.0}]}, {"source": 87, "prod": 1.7387191038879655, "target": 32, "value": 206.0, "supply": [{"l": "Butter, Ghee", "v": 206.0}]}, {"source": 87, "prod": 3.9879241003561265, "target": 35, "value": 460.0, "supply": [{"l": "Fats, Animals, Raw", "v": 460.0}]}, {"source": 87, "prod": 3.2642496909533247, "target": 36, "value": 317.0, "supply": [{"l": "Soyabean Oil", "v": 317.0}]}, {"source": 87, "prod": 0.41035161032650003, "target": 48, "value": 29.0, "supply": [{"l": "Palm Oil", "v": 29.0}]}, {"source": 87, "prod": 1.6465519160436364, "target": 51, "value": 160.0, "supply": [{"l": "Sunflowerseed Oil", "v": 160.0}]}, {"source": 87, "prod": 1.6747462981676713, "target": 52, "value": 160.0, "supply": [{"l": "Olive Oil", "v": 160.0}]}, {"source": 87, "prod": 0.097028952195428578, "target": 43, "value": 8.0, "supply": [{"l": "Coconut Oil", "v": 8.0}]}, {"source": 87, "prod": 1.8935347034501817, "target": 60, "value": 184.0, "supply": [{"l": "Rape and Mustard Oil", "v": 184.0}]}, {"source": 87, "prod": 0.98793114962618189, "target": 25, "value": 96.0, "supply": [{"l": "Oilcrops Oil, Other", "v": 96.0}]}, {"source": 87, "prod": 0.38476108437070211, "target": 50, "value": 426.0, "supply": [{"l": "Wine", "v": 426.0}]}, {"source": 87, "prod": 0.52995327015072613, "target": 67, "value": 143.0, "supply": [{"l": "Sweeteners, Other", "v": 143.0}]}, {"source": 87, "prod": 0.6767998257499529, "target": 30, "value": 65.0, "supply": [{"l": "Sesameseed Oil", "v": 65.0}]}, {"source": 87, "prod": 0.14450652563043265, "target": 70, "value": 438.0, "supply": [{"l": "Beverages, Fermented", "v": 438.0}]}, {"source": 87, "prod": 0.085548921088108174, "target": 98, "value": 10.0, "supply": [{"l": "Fish, Body Oil", "v": 10.0}]}, {"source": 87, "prod": 0.047756437408687499, "target": 31, "value": 18.0, "supply": [{"l": "Honey", "v": 18.0}]}, {"source": 87, "prod": 4.5264821041789221, "target": 82, "value": 439.0, "supply": [{"l": "Cottonseed Oil", "v": 439.0}]}, {"source": 87, "prod": 0.036385857073285718, "target": 83, "value": 3.0, "supply": [{"l": "Palmkernel Oil", "v": 3.0}]}]}