{"nodes": [{"layer": 5, "name": "Vegetables"}, {"layer": 10, "name": "Feed", "fill": "#dbdb8d"}, {"layer": 5, "name": "Sugar Crops", "fill": "#ffbb78"}, {"layer": 13, "name": "Milk - Excluding Butter"}, {"layer": 5, "name": "Pulses"}, {"layer": 5, "name": "Fruits - Excluding Wine"}, {"layer": 5, "name": "Cereals - Excluding Beer"}, {"layer": 16, "name": "Food", "fill": "#b5cf6b"}, {"layer": 5, "name": "Oilcrops", "fill": "#ff9896"}, {"layer": 13, "name": "Sugar & Sweeteners"}, {"layer": 5, "name": "Treenuts"}, {"layer": 13, "name": "Alcoholic Beverages"}, {"layer": 13, "name": "Animal Fats"}, {"layer": 5, "name": "Starchy Roots"}, {"layer": 13, "name": "Fish, Seafood"}, {"layer": 5, "name": "Others"}, {"layer": 13, "name": "Vegetable Oils", "fill": "#f7b6d2"}, {"layer": 5, "name": "Spices"}, {"layer": 5, "name": "Stimulants"}, {"layer": 13, "name": "Eggs"}, {"layer": 13, "name": "Meat"}, {"layer": 10, "name": "Processing", "fill": "#9edae5"}, {"layer": 16, "name": "Biofuels & Other", "fill": "#e7ba52"}, {"layer": 13, "name": "Aquatic Products, Other"}, {"name": "Seed", "fill": "#dbdb8d"}, {"name": "Waste", "fill": "#c7c7c7"}, {"layer": 0, "name": "Import", "fill": "#aec7e8"}, {"layer": 16, "name": "Export", "fill": "#aec7e8"}, {"layer": 16, "name": "Stock Deposit", "fill": "#c7c7c7"}, {"layer": 0, "name": "Stock Draw", "fill": "#c7c7c7"}, {"layer": 0, "name": "Production", "fill": "#b5cf6b"}], "links": [{"source": 0, "prod": 0.0065038970221606256, "target": 1, "value": 24.0, "supply": [{"l": "Vegetables, Other", "v": 24.0}]}, {"source": 2, "prod": 0.19873673495084274, "target": 1, "value": 625.0, "supply": [{"l": "Sugar cane", "v": 625.0}]}, {"source": 3, "prod": 0.25269356388273273, "target": 1, "value": 372.0, "supply": [{"l": "Milk - Excluding Butter", "v": 372.0}]}, {"source": 4, "prod": 0.32285856511766925, "target": 1, "value": 79.0, "supply": [{"l": "Pulses, Other", "v": 79.0}]}, {"source": 5, "prod": 0.02451025769203163, "target": 1, "value": 13.0, "supply": [{"l": "Dates", "v": 13.0}]}, {"source": 6, "prod": 5.9059351848536235, "target": 1, "value": 1698.0, "supply": [{"l": "Maize", "v": 423.0}, {"l": "Wheat", "v": 232.0}, {"l": "Oats", "v": 34.0}, {"l": "Millet", "v": 1.0}, {"l": "Barley", "v": 445.0}, {"l": "Rice", "v": 41.0}, {"l": "Sorghum", "v": 506.0}, {"l": "Cereals, Other", "v": 16.0}]}, {"source": 3, "prod": 2.0113592544536876, "target": 7, "value": 2961.0, "supply": [{"l": "Milk - Excluding Butter", "v": 2961.0}]}, {"source": 8, "prod": 0.80964540179550126, "target": 7, "value": 151.0, "supply": [{"l": "Olives", "v": 32.0}, {"l": "Coconuts - Incl Copra", "v": 2.0}, {"l": "Sesame seed", "v": 52.0}, {"l": "Groundnuts", "v": 45.0}, {"l": "Oilcrops, Other", "v": 20.0}]}, {"source": 9, "prod": 5.1652904411518135, "target": 7, "value": 1245.0, "supply": [{"l": "Sugar", "v": 1178.0}, {"l": "Sweeteners, Other", "v": 61.0}, {"l": "Honey", "v": 6.0}]}, {"source": 10, "prod": 0.088759439224227285, "target": 7, "value": 23.0, "supply": [{"l": "Treenuts", "v": 23.0}]}, {"source": 0, "prod": 1.4408915812929743, "target": 7, "value": 5127.0, "supply": [{"l": "Tomatoes", "v": 1213.0}, {"l": "Vegetables, Other", "v": 3434.0}, {"l": "Onions", "v": 480.0}]}, {"source": 11, "prod": 0.23862026297657746, "target": 7, "value": 481.0, "supply": [{"l": "Beer", "v": 168.0}, {"l": "Beverages, Alcoholic", "v": 8.0}, {"l": "Wine", "v": 33.0}, {"l": "Beverages, Fermented", "v": 272.0}]}, {"source": 2, "prod": 0.060097988649134827, "target": 7, "value": 189.0, "supply": [{"l": "Sugar cane", "v": 189.0}]}, {"source": 12, "prod": 1.0174073132108017, "target": 7, "value": 117.0, "supply": [{"l": "Fats, Animals, Raw", "v": 46.0}, {"l": "Butter, Ghee", "v": 71.0}]}, {"source": 13, "prod": 0.91712892204183771, "target": 7, "value": 910.0, "supply": [{"l": "Roots, Other", "v": 16.0}, {"l": "Yams", "v": 77.0}, {"l": "Potatoes", "v": 563.0}, {"l": "Sweet potatoes", "v": 74.0}, {"l": "Cassava", "v": 180.0}]}, {"source": 4, "prod": 1.9479515405898085, "target": 7, "value": 480.0, "supply": [{"l": "Peas", "v": 9.0}, {"l": "Beans", "v": 16.0}, {"l": "Pulses, Other", "v": 455.0}]}, {"source": 14, "prod": 0.32599240871010826, "target": 7, "value": 406.0, "supply": [{"l": "Freshwater Fish", "v": 71.0}, {"l": "Crustaceans", "v": 9.0}, {"l": "Marine Fish, Other", "v": 42.0}, {"l": "Demersal Fish", "v": 26.0}, {"l": "Fish, Seafood", "v": 203.0}, {"l": "Pelagic Fish", "v": 53.0}, {"l": "Cephalopods", "v": 2.0}]}, {"source": 15, "prod": 0.092695393919984367, "target": 7, "value": 24.0, "supply": [{"l": "Nuts", "v": 23.0}, {"l": "Infant food", "v": 1.0}]}, {"source": 6, "prod": 37.80250424781196, "target": 7, "value": 10796.0, "supply": [{"l": "Maize", "v": 1631.0}, {"l": "Rye", "v": 2.0}, {"l": "Barley", "v": 1216.0}, {"l": "Rice", "v": 646.0}, {"l": "Cereals, Other", "v": 10.0}, {"l": "Wheat", "v": 5741.0}, {"l": "Oats", "v": 2.0}, {"l": "Sorghum", "v": 1332.0}, {"l": "Millet", "v": 216.0}]}, {"source": 16, "prod": 3.8364176699568993, "target": 7, "value": 378.0, "supply": [{"l": "Groundnut Oil", "v": 48.0}, {"l": "Soyabean Oil", "v": 46.0}, {"l": "Palm Oil", "v": 1.0}, {"l": "Sunflowerseed Oil", "v": 17.0}, {"l": "Olive Oil", "v": 65.0}, {"l": "Coconut Oil", "v": 4.0}, {"l": "Rape and Mustard Oil", "v": 25.0}, {"l": "Oilcrops Oil, Other", "v": 3.0}, {"l": "Sesameseed Oil", "v": 25.0}, {"l": "Cottonseed Oil", "v": 144.0}]}, {"source": 17, "prod": 0.15164607160547058, "target": 7, "value": 49.0, "supply": [{"l": "Pimento", "v": 36.0}, {"l": "Pepper", "v": 3.0}, {"l": "Spices, Other", "v": 10.0}]}, {"source": 18, "prod": 0.065163458186854067, "target": 7, "value": 102.0, "supply": [{"l": "Cocoa Beans", "v": 2.0}, {"l": "Coffee", "v": 45.0}, {"l": "Tea", "v": 55.0}]}, {"source": 19, "prod": 0.15112259304438, "target": 7, "value": 89.0, "supply": [{"l": "Eggs", "v": 89.0}]}, {"source": 5, "prod": 1.9681217095525319, "target": 7, "value": 2289.0, "supply": [{"l": "Citrus, Other", "v": 3.0}, {"l": "Apples", "v": 44.0}, {"l": "Grapes", "v": 248.0}, {"l": "Dates", "v": 526.0}, {"l": "Pineapples", "v": 2.0}, {"l": "Lemons, Limes", "v": 95.0}, {"l": "Bananas", "v": 127.0}, {"l": "Fruits, Other", "v": 639.0}, {"l": "Grapefruit", "v": 36.0}, {"l": "Oranges, Mandarines", "v": 569.0}]}, {"source": 20, "prod": 1.9224739683250824, "target": 7, "value": 956.0, "supply": [{"l": "Mutton & Goat Meat", "v": 223.0}, {"l": "Pigmeat", "v": 10.0}, {"l": "Meat, Other", "v": 93.0}, {"l": "Poultry Meat", "v": 131.0}, {"l": "Offals, Edible", "v": 98.0}, {"l": "Bovine Meat", "v": 401.0}]}, {"source": 8, "prod": 6.0672178287462541, "target": 21, "value": 1368.5714285714287, "supply": [{"l": "Sunflower seed", "v": 2.0}, {"l": "Olives", "v": 452.0}, {"l": "Soyabeans", "v": 15.0}, {"l": "Sesame seed", "v": 55.0}, {"l": "Cottonseed", "v": 700.0}, {"l": "Rape and Mustardseed", "v": 48.0}, {"l": "Groundnuts", "v": 78.0}, {"l": "Palm kernels", "v": 1.0}, {"l": "Oilcrops, Other", "v": 13.0}, {"l": "Oil Palm", "v": 4.5714285714285721}]}, {"source": 2, "prod": 1.3129343657792472, "target": 21, "value": 4129.0, "supply": [{"l": "Sugar beet", "v": 103.0}, {"l": "Sugar cane", "v": 4026.0}]}, {"source": 9, "prod": 0.11629205299893279, "target": 21, "value": 28.0, "supply": [{"l": "Sugar", "v": 28.0}]}, {"source": 11, "prod": 0.036913188335217402, "target": 21, "value": 40.0, "supply": [{"l": "Wine", "v": 40.0}]}, {"source": 6, "prod": 0.43860061253297555, "target": 21, "value": 123.0, "supply": [{"l": "Maize", "v": 40.0}, {"l": "Barley", "v": 29.0}, {"l": "Sorghum", "v": 54.0}]}, {"source": 5, "prod": 1.5187456742389458, "target": 21, "value": 2087.0, "supply": [{"l": "Grapes", "v": 2087.0}]}, {"source": 8, "prod": 0.019235231734054691, "target": 22, "value": 4.0, "supply": [{"l": "Cottonseed", "v": 1.0}, {"l": "Oilcrops, Other", "v": 3.0}]}, {"source": 10, "prod": 0.019295530266136365, "target": 22, "value": 5.0, "supply": [{"l": "Treenuts", "v": 5.0}]}, {"source": 0, "prod": 0.00054199141851338543, "target": 22, "value": 2.0, "supply": [{"l": "Vegetables, Other", "v": 2.0}]}, {"source": 11, "prod": 0.095740351048012207, "target": 22, "value": 39.0, "supply": [{"l": "Beer", "v": 1.0}, {"l": "Beverages, Alcoholic", "v": 23.0}, {"l": "Wine", "v": 15.0}]}, {"source": 12, "prod": 0.37486762492426157, "target": 22, "value": 41.0, "supply": [{"l": "Fats, Animals, Raw", "v": 41.0}]}, {"source": 3, "prod": 0.0006792837738783139, "target": 22, "value": 1.0, "supply": [{"l": "Milk - Excluding Butter", "v": 1.0}]}, {"source": 23, "prod": 0.015885532722239373, "target": 22, "value": 20.0, "supply": [{"l": "Aquatic Products, Other", "v": 10.0}, {"l": "Aquatic Plants", "v": 10.0}]}, {"source": 14, "prod": 0.0043411581508168116, "target": 22, "value": 6.0, "supply": [{"l": "Fish, Seafood", "v": 3.0}, {"l": "Marine Fish, Other", "v": 3.0}]}, {"source": 15, "prod": 0.015918812469562501, "target": 22, "value": 4.0, "supply": [{"l": "Nuts", "v": 4.0}]}, {"source": 6, "prod": 0.23743142284097341, "target": 22, "value": 54.0, "supply": [{"l": "Maize", "v": 6.0}, {"l": "Rice", "v": 48.0}]}, {"source": 16, "prod": 0.29532402558000254, "target": 22, "value": 29.0, "supply": [{"l": "Olive Oil", "v": 2.0}, {"l": "Rape and Mustard Oil", "v": 2.0}, {"l": "Cottonseed Oil", "v": 5.0}, {"l": "Palmkernel Oil", "v": 1.0}, {"l": "Oilcrops Oil, Other", "v": 7.0}, {"l": "Soyabean Oil", "v": 6.0}, {"l": "Palm Oil", "v": 6.0}]}, {"source": 5, "prod": 0.0018854044378485871, "target": 22, "value": 1.0, "supply": [{"l": "Dates", "v": 1.0}]}, {"source": 8, "prod": 0.3517862924218022, "target": 24, "value": 62.0, "supply": [{"l": "Cottonseed", "v": 50.0}, {"l": "Sesame seed", "v": 4.0}, {"l": "Groundnuts", "v": 4.0}, {"l": "Oilcrops, Other", "v": 4.0}]}, {"source": 19, "prod": 0.0169800666342, "target": 19, "value": 10.0, "supply": [{"l": "Eggs", "v": 10.0}]}, {"source": 2, "prod": 0.021304577986730338, "target": 24, "value": 67.0, "supply": [{"l": "Sugar cane", "v": 67.0}]}, {"source": 13, "prod": 0.17038117371794836, "target": 24, "value": 182.0, "supply": [{"l": "Potatoes", "v": 134.0}, {"l": "Roots, Other", "v": 3.0}, {"l": "Yams", "v": 40.0}, {"l": "Sweet potatoes", "v": 5.0}]}, {"source": 4, "prod": 0.25625257034137594, "target": 24, "value": 63.0, "supply": [{"l": "Peas", "v": 1.0}, {"l": "Beans", "v": 1.0}, {"l": "Pulses, Other", "v": 61.0}]}, {"source": 6, "prod": 3.1099395991488596, "target": 24, "value": 935.0, "supply": [{"l": "Maize", "v": 80.0}, {"l": "Wheat", "v": 504.0}, {"l": "Oats", "v": 8.0}, {"l": "Millet", "v": 5.0}, {"l": "Barley", "v": 278.0}, {"l": "Rice", "v": 34.0}, {"l": "Sorghum", "v": 21.0}, {"l": "Cereals, Other", "v": 5.0}]}, {"source": 3, "prod": 0.083551904187032608, "target": 25, "value": 123.0, "supply": [{"l": "Milk - Excluding Butter", "v": 123.0}]}, {"source": 8, "prod": 0.22760735171615987, "target": 25, "value": 49.0, "supply": [{"l": "Olives", "v": 15.0}, {"l": "Cottonseed", "v": 9.0}, {"l": "Sesame seed", "v": 6.0}, {"l": "Rape and Mustardseed", "v": 5.0}, {"l": "Groundnuts", "v": 8.0}, {"l": "Oilcrops, Other", "v": 6.0}]}, {"source": 0, "prod": 0.1773655111152925, "target": 25, "value": 624.0, "supply": [{"l": "Vegetables, Other", "v": 410.0}, {"l": "Tomatoes", "v": 147.0}, {"l": "Onions", "v": 67.0}]}, {"source": 11, "prod": 0.0092282970838043505, "target": 25, "value": 10.0, "supply": [{"l": "Wine", "v": 10.0}]}, {"source": 2, "prod": 0.013037129812775279, "target": 25, "value": 41.0, "supply": [{"l": "Sugar cane", "v": 41.0}]}, {"source": 13, "prod": 0.14876247810338072, "target": 25, "value": 154.0, "supply": [{"l": "Potatoes", "v": 110.0}, {"l": "Yams", "v": 13.0}, {"l": "Roots, Other", "v": 2.0}, {"l": "Sweet potatoes", "v": 9.0}, {"l": "Cassava", "v": 20.0}]}, {"source": 4, "prod": 0.20638934313141327, "target": 25, "value": 51.0, "supply": [{"l": "Beans", "v": 1.0}, {"l": "Peas", "v": 2.0}, {"l": "Pulses, Other", "v": 48.0}]}, {"source": 5, "prod": 0.22998725776132231, "target": 25, "value": 290.0, "supply": [{"l": "Grapes", "v": 19.0}, {"l": "Fruits, Other", "v": 86.0}, {"l": "Dates", "v": 55.0}, {"l": "Grapefruit", "v": 7.0}, {"l": "Lemons, Limes", "v": 13.0}, {"l": "Bananas", "v": 18.0}, {"l": "Apples", "v": 3.0}, {"l": "Oranges, Mandarines", "v": 89.0}]}, {"source": 6, "prod": 4.2574123072590666, "target": 25, "value": 1207.0, "supply": [{"l": "Maize", "v": 240.0}, {"l": "Oats", "v": 4.0}, {"l": "Barley", "v": 187.0}, {"l": "Rice", "v": 80.0}, {"l": "Sorghum", "v": 224.0}, {"l": "Cereals, Other", "v": 2.0}, {"l": "Wheat", "v": 461.0}, {"l": "Millet", "v": 9.0}]}, {"source": 17, "prod": 0.0094888607661705888, "target": 25, "value": 3.0, "supply": [{"l": "Pimento", "v": 2.0}, {"l": "Spices, Other", "v": 1.0}]}, {"source": 19, "prod": 0.0084900333171, "target": 25, "value": 5.0, "supply": [{"l": "Eggs", "v": 5.0}]}, {"source": 26, "prod": 0.0051419253373906253, "target": 15, "value": 2.0, "supply": [{"l": "Nuts", "v": 1.0}, {"l": "Infant food", "v": 1.0}]}, {"source": 26, "prod": 0.39534905773835882, "target": 1, "value": 473.0, "supply": [{"l": "Pigmeat", "v": 7.0}, {"l": "Crustaceans", "v": 1.0}, {"l": "Eggs", "v": 5.0}, {"l": "Marine Fish, Other", "v": 4.0}, {"l": "Demersal Fish", "v": 2.0}, {"l": "Mutton & Goat Meat", "v": 5.0}, {"l": "Milk - Excluding Butter", "v": 385.0}, {"l": "Fish, Seafood", "v": 22.0}, {"l": "Pelagic Fish", "v": 16.0}, {"l": "Poultry Meat", "v": 4.0}, {"l": "Offals, Edible", "v": 1.0}, {"l": "Bovine Meat", "v": 21.0}]}, {"source": 26, "prod": 11.019876013571928, "target": 6, "value": 3270.0, "supply": [{"l": "Maize", "v": 279.0}, {"l": "Barley", "v": 240.0}, {"l": "Rice", "v": 9.0}, {"l": "Cereals, Other", "v": 5.0}, {"l": "Wheat", "v": 2731.0}, {"l": "Oats", "v": 1.0}, {"l": "Sorghum", "v": 5.0}]}, {"source": 26, "prod": 0.18282169211738986, "target": 4, "value": 46.0, "supply": [{"l": "Peas", "v": 1.0}, {"l": "Beans", "v": 11.0}, {"l": "Pulses, Other", "v": 34.0}]}, {"source": 26, "prod": 6.7353996147352664, "target": 21, "value": 1274.0, "supply": [{"l": "Sugar", "v": 957.0}, {"l": "Beer", "v": 33.0}, {"l": "Groundnut Oil", "v": 12.0}, {"l": "Beverages, Alcoholic", "v": 1.0}, {"l": "Butter, Ghee", "v": 13.0}, {"l": "Fats, Animals, Raw", "v": 82.0}, {"l": "Soyabean Oil", "v": 69.0}, {"l": "Palm Oil", "v": 7.0}, {"l": "Sunflowerseed Oil", "v": 16.0}, {"l": "Coconut Oil", "v": 4.0}, {"l": "Rape and Mustard Oil", "v": 10.0}, {"l": "Oilcrops Oil, Other", "v": 7.0}, {"l": "Wine", "v": 1.0}, {"l": "Sweeteners, Other", "v": 6.0}, {"l": "Cottonseed Oil", "v": 55.0}, {"l": "Palmkernel Oil", "v": 1.0}]}, {"source": 26, "prod": 0.003859106053227273, "target": 10, "value": 1.0, "supply": [{"l": "Treenuts", "v": 1.0}]}, {"source": 26, "prod": 0.0068226603425930749, "target": 0, "value": 27.0, "supply": [{"l": "Vegetables, Other", "v": 11.0}, {"l": "Tomatoes", "v": 15.0}, {"l": "Onions", "v": 1.0}]}, {"source": 26, "prod": 0.068591860439497943, "target": 18, "value": 107.0, "supply": [{"l": "Coffee", "v": 51.0}, {"l": "Cocoa Beans", "v": 2.0}, {"l": "Tea", "v": 54.0}]}, {"source": 26, "prod": 0.074444501242318148, "target": 5, "value": 86.0, "supply": [{"l": "Grapes", "v": 14.0}, {"l": "Dates", "v": 13.0}, {"l": "Apples", "v": 22.0}, {"l": "Bananas", "v": 24.0}, {"l": "Fruits, Other", "v": 12.0}, {"l": "Oranges, Mandarines", "v": 1.0}]}, {"source": 26, "prod": 0.80263699562578716, "target": 8, "value": 139.0, "supply": [{"l": "Coconuts - Incl Copra", "v": 2.0}, {"l": "Sesame seed", "v": 17.0}, {"l": "Cottonseed", "v": 15.0}, {"l": "Groundnuts", "v": 35.0}, {"l": "Oilcrops, Other", "v": 1.0}, {"l": "Soyabeans", "v": 15.0}, {"l": "Rape and Mustardseed", "v": 53.0}, {"l": "Palm kernels", "v": 1.0}]}, {"source": 26, "prod": 0.025793813022576471, "target": 17, "value": 10.0, "supply": [{"l": "Pimento", "v": 5.0}, {"l": "Pepper", "v": 3.0}, {"l": "Spices, Other", "v": 2.0}]}, {"source": 26, "prod": 0.18942586898454272, "target": 13, "value": 222.0, "supply": [{"l": "Potatoes", "v": 222.0}]}, {"source": 3, "prod": 0.0020378513216349416, "target": 27, "value": 3.0, "supply": [{"l": "Milk - Excluding Butter", "v": 3.0}]}, {"source": 8, "prod": 2.6023939184838114, "target": 27, "value": 443.0, "supply": [{"l": "Olives", "v": 25.0}, {"l": "Sesame seed", "v": 81.0}, {"l": "Oilcrops, Other", "v": 11.0}, {"l": "Cottonseed", "v": 205.0}, {"l": "Groundnuts", "v": 121.0}]}, {"source": 10, "prod": 0.023154636319363639, "target": 27, "value": 6.0, "supply": [{"l": "Treenuts", "v": 6.0}]}, {"source": 4, "prod": 0.67376709697578119, "target": 27, "value": 173.0, "supply": [{"l": "Peas", "v": 40.0}, {"l": "Beans", "v": 1.0}, {"l": "Pulses, Other", "v": 132.0}]}, {"source": 0, "prod": 0.17723059074843989, "target": 27, "value": 534.0, "supply": [{"l": "Tomatoes", "v": 181.0}, {"l": "Vegetables, Other", "v": 173.0}, {"l": "Onions", "v": 180.0}]}, {"source": 15, "prod": 0.02387821870434375, "target": 27, "value": 6.0, "supply": [{"l": "Nuts", "v": 6.0}]}, {"source": 11, "prod": 1.6389455620836524, "target": 27, "value": 1776.0, "supply": [{"l": "Wine", "v": 1776.0}]}, {"source": 12, "prod": 0.035098172768635798, "target": 27, "value": 4.0, "supply": [{"l": "Fish, Body Oil", "v": 4.0}]}, {"source": 13, "prod": 0.25427436467294473, "target": 27, "value": 298.0, "supply": [{"l": "Potatoes", "v": 298.0}]}, {"source": 14, "prod": 0.29620705216231907, "target": 27, "value": 319.0, "supply": [{"l": "Crustaceans", "v": 5.0}, {"l": "Marine Fish, Other", "v": 1.0}, {"l": "Freshwater Fish", "v": 3.0}, {"l": "Fish, Seafood", "v": 160.0}, {"l": "Pelagic Fish", "v": 150.0}]}, {"source": 9, "prod": 0.31544542323848357, "target": 27, "value": 76.0, "supply": [{"l": "Sugar", "v": 75.0}, {"l": "Sweeteners, Other", "v": 1.0}]}, {"source": 5, "prod": 0.40727758109025586, "target": 27, "value": 793.0, "supply": [{"l": "Grapefruit", "v": 13.0}, {"l": "Grapes", "v": 27.0}, {"l": "Dates", "v": 57.0}, {"l": "Apples", "v": 1.0}, {"l": "Lemons, Limes", "v": 12.0}, {"l": "Bananas", "v": 2.0}, {"l": "Fruits, Other", "v": 31.0}, {"l": "Oranges, Mandarines", "v": 650.0}]}, {"source": 6, "prod": 1.7809247076163268, "target": 27, "value": 481.0, "supply": [{"l": "Maize", "v": 28.0}, {"l": "Barley", "v": 44.0}, {"l": "Rice", "v": 146.0}, {"l": "Cereals, Other", "v": 30.0}, {"l": "Wheat", "v": 131.0}, {"l": "Oats", "v": 10.0}, {"l": "Sorghum", "v": 81.0}, {"l": "Millet", "v": 11.0}]}, {"source": 16, "prod": 0.70959607473829545, "target": 27, "value": 70.0, "supply": [{"l": "Palm Oil", "v": 1.0}, {"l": "Olive Oil", "v": 59.0}, {"l": "Sesameseed Oil", "v": 2.0}, {"l": "Cottonseed Oil", "v": 8.0}]}, {"source": 17, "prod": 0.044947235208176471, "target": 27, "value": 15.0, "supply": [{"l": "Pimento", "v": 5.0}, {"l": "Spices, Other", "v": 10.0}]}, {"source": 19, "prod": 0.0016980066634200001, "target": 27, "value": 1.0, "supply": [{"l": "Eggs", "v": 1.0}]}, {"source": 11, "prod": 0.0055369782502826094, "target": 28, "value": 6.0, "supply": [{"l": "Wine", "v": 6.0}]}, {"source": 17, "prod": 0.0066588496604705885, "target": 28, "value": 2.0, "supply": [{"l": "Pimento", "v": 2.0}]}, {"source": 16, "prod": 0.4338848814102112, "target": 28, "value": 42.0, "supply": [{"l": "Cottonseed Oil", "v": 21.0}, {"l": "Oilcrops Oil, Other", "v": 2.0}, {"l": "Soyabean Oil", "v": 19.0}]}, {"source": 4, "prod": 0.21581031894553887, "target": 28, "value": 53.0, "supply": [{"l": "Beans", "v": 2.0}, {"l": "Pulses, Other", "v": 51.0}]}, {"source": 15, "prod": 0.019898515586953127, "target": 28, "value": 5.0, "supply": [{"l": "Nuts", "v": 5.0}]}, {"source": 3, "prod": 0.027850634729010868, "target": 28, "value": 41.0, "supply": [{"l": "Milk - Excluding Butter", "v": 41.0}]}, {"source": 6, "prod": 7.9306425302346177, "target": 28, "value": 2245.0, "supply": [{"l": "Maize", "v": 275.0}, {"l": "Oats", "v": 3.0}, {"l": "Barley", "v": 573.0}, {"l": "Rice", "v": 392.0}, {"l": "Wheat", "v": 932.0}, {"l": "Millet", "v": 70.0}]}, {"source": 10, "prod": 0.019295530266136365, "target": 28, "value": 5.0, "supply": [{"l": "Treenuts", "v": 5.0}]}, {"source": 29, "prod": 0.15832764834591895, "target": 8, "value": 23.0, "supply": [{"l": "Sesame seed", "v": 23.0}]}, {"source": 29, "prod": 0.00055130086474675327, "target": 18, "value": 1.0, "supply": [{"l": "Tea", "v": 1.0}]}, {"source": 12, "prod": 0.1188604664394, "target": 28, "value": 13.0, "supply": [{"l": "Fats, Animals, Raw", "v": 13.0}]}, {"source": 0, "prod": 0.0010839828370267709, "target": 28, "value": 4.0, "supply": [{"l": "Vegetables, Other", "v": 4.0}]}, {"source": 8, "prod": 1.9882407264811308, "target": 28, "value": 348.0, "supply": [{"l": "Cottonseed", "v": 305.0}, {"l": "Groundnuts", "v": 42.0}, {"l": "Oilcrops, Other", "v": 1.0}]}, {"source": 18, "prod": 0.0033164192644921874, "target": 28, "value": 5.0, "supply": [{"l": "Coffee", "v": 5.0}]}, {"source": 9, "prod": 0.078912464534990109, "target": 28, "value": 19.0, "supply": [{"l": "Sugar", "v": 19.0}]}, {"source": 29, "prod": 0.41573419332919714, "target": 21, "value": 41.0, "supply": [{"l": "Olive Oil", "v": 39.0}, {"l": "Groundnut Oil", "v": 1.0}, {"l": "Palm Oil", "v": 1.0}]}, {"source": 29, "prod": 0.024534290653290488, "target": 5, "value": 18.0, "supply": [{"l": "Dates", "v": 11.0}, {"l": "Fruits, Other", "v": 5.0}, {"l": "Oranges, Mandarines", "v": 2.0}]}, {"source": 29, "prod": 0.72552832486894903, "target": 6, "value": 200.0, "supply": [{"l": "Sorghum", "v": 200.0}]}, {"source": 30, "prod": 11.11493388081883, "target": 8, "value": 2265.5714285714284, "supply": [{"l": "Olives", "v": 525.0}, {"l": "Sunflower seed", "v": 2.0}, {"l": "Sesame seed", "v": 159.0}, {"l": "Groundnuts", "v": 263.0}, {"l": "Oilcrops, Other", "v": 56.0}, {"l": "Cottonseed", "v": 1256.0}, {"l": "Oil Palm", "v": 4.5714285714285721}]}, {"source": 30, "prod": 0.14278692396940909, "target": 10, "value": 37.0, "supply": [{"l": "Treenuts", "v": 37.0}]}, {"source": 30, "prod": 3.4406336643880651, "target": 4, "value": 853.0, "supply": [{"l": "Peas", "v": 50.0}, {"l": "Beans", "v": 11.0}, {"l": "Pulses, Other", "v": 792.0}]}, {"source": 30, "prod": 1.7965238983825578, "target": 0, "value": 6287.0, "supply": [{"l": "Tomatoes", "v": 1526.0}, {"l": "Vegetables, Other", "v": 4035.0}, {"l": "Onions", "v": 726.0}]}, {"source": 30, "prod": 1.6061107971787301, "target": 2, "value": 5051.0, "supply": [{"l": "Sugar beet", "v": 103.0}, {"l": "Sugar cane", "v": 4948.0}]}, {"source": 30, "prod": 1.3011210695515687, "target": 13, "value": 1322.0, "supply": [{"l": "Roots, Other", "v": 21.0}, {"l": "Yams", "v": 130.0}, {"l": "Potatoes", "v": 883.0}, {"l": "Sweet potatoes", "v": 88.0}, {"l": "Cassava", "v": 200.0}]}, {"source": 30, "prod": 0.14724901534345314, "target": 15, "value": 37.0, "supply": [{"l": "Nuts", "v": 37.0}]}, {"source": 30, "prod": 49.703683298401231, "target": 6, "value": 14065.0, "supply": [{"l": "Maize", "v": 2443.0}, {"l": "Rye", "v": 2.0}, {"l": "Barley", "v": 2532.0}, {"l": "Rice", "v": 1377.0}, {"l": "Cereals, Other", "v": 58.0}, {"l": "Wheat", "v": 5269.0}, {"l": "Oats", "v": 59.0}, {"l": "Sorghum", "v": 2014.0}, {"l": "Millet", "v": 311.0}]}, {"source": 30, "prod": 0.18694720421771177, "target": 17, "value": 59.0, "supply": [{"l": "Pimento", "v": 40.0}, {"l": "Spices, Other", "v": 19.0}]}, {"source": 30, "prod": 4.0499248003430601, "target": 5, "value": 5369.0, "supply": [{"l": "Citrus, Other", "v": 3.0}, {"l": "Apples", "v": 25.0}, {"l": "Grapes", "v": 2368.0}, {"l": "Dates", "v": 627.0}, {"l": "Pineapples", "v": 2.0}, {"l": "Lemons, Limes", "v": 121.0}, {"l": "Bananas", "v": 122.0}, {"l": "Fruits, Other", "v": 740.0}, {"l": "Grapefruit", "v": 56.0}, {"l": "Oranges, Mandarines", "v": 1305.0}]}, {"source": 1, "prod": 2.3781724923479777, "target": 3, "value": 3501.0, "supply": [{"l": "Milk - Excluding Butter", "v": 3501.0}]}, {"source": 1, "prod": 0.16131063302489998, "target": 19, "value": 95.0, "supply": [{"l": "Eggs", "v": 105.0}]}, {"source": 1, "prod": 1.9224739683250824, "target": 20, "value": 956.0, "supply": [{"l": "Pigmeat", "v": 10.0}, {"l": "Bovine Meat", "v": 401.0}, {"l": "Poultry Meat", "v": 131.0}, {"l": "Offals, Edible", "v": 98.0}, {"l": "Meat, Other", "v": 93.0}, {"l": "Mutton & Goat Meat", "v": 223.0}]}, {"source": 1, "prod": 0.62654061902324409, "target": 14, "value": 731.0, "supply": [{"l": "Pelagic Fish", "v": 203.0}, {"l": "Crustaceans", "v": 14.0}, {"l": "Freshwater Fish", "v": 74.0}, {"l": "Demersal Fish", "v": 26.0}, {"l": "Fish, Seafood", "v": 366.0}, {"l": "Marine Fish, Other", "v": 46.0}, {"l": "Cephalopods", "v": 2.0}]}, {"source": 1, "prod": 0.015885532722239373, "target": 23, "value": 20.0, "supply": [{"l": "Aquatic Plants", "v": 10.0}, {"l": "Aquatic Products, Other", "v": 10.0}]}, {"source": 21, "prod": 5.67594038192422, "target": 9, "value": 1368.0, "supply": [{"l": "Honey", "v": 6.0}, {"l": "Sweeteners, Other", "v": 62.0}, {"l": "Sugar", "v": 1300.0}]}, {"source": 21, "prod": 5.275222651685409, "target": 16, "value": 519.0, "supply": [{"l": "Olive Oil", "v": 126.0}, {"l": "Sesameseed Oil", "v": 27.0}, {"l": "Soyabean Oil", "v": 71.0}, {"l": "Coconut Oil", "v": 4.0}, {"l": "Rape and Mustard Oil", "v": 27.0}, {"l": "Cottonseed Oil", "v": 178.0}, {"l": "Groundnut Oil", "v": 48.0}, {"l": "Palm Oil", "v": 8.0}, {"l": "Palmkernel Oil", "v": 1.0}, {"l": "Oilcrops Oil, Other", "v": 12.0}, {"l": "Sunflowerseed Oil", "v": 17.0}]}, {"source": 21, "prod": 1.5462335773430989, "target": 12, "value": 175.0, "supply": [{"l": "Fats, Animals, Raw", "v": 100.0}, {"l": "Fish, Body Oil", "v": 4.0}, {"l": "Butter, Ghee", "v": 71.0}]}, {"source": 21, "prod": 2.0249846397775464, "target": 11, "value": 2352.0, "supply": [{"l": "Beer", "v": 169.0}, {"l": "Beverages, Alcoholic", "v": 31.0}, {"l": "Beverages, Fermented", "v": 272.0}, {"l": "Wine", "v": 1880.0}]}]}