{"nodes": [{"layer": 13, "name": "Other Processed", "fill": "#9c9ede"}, {"layer": 10, "name": "Feed", "fill": "#dbdb8d"}, {"layer": 13, "name": "Animal Products", "fill": "#17becf"}, {"layer": 5, "name": "Cereals", "fill": "#e7ba52"}, {"layer": 5, "name": "Oilcrops", "fill": "#ff9896"}, {"layer": 5, "name": "Fruits, Roots & Vegetables", "fill": "#98df8a"}, {"layer": 13, "name": "Sugar", "fill": "#d6616b"}, {"layer": 13, "name": "Aquatic Products", "fill": "#1f77b4"}, {"layer": 16, "name": "Food", "fill": "#b5cf6b"}, {"layer": 13, "name": "Vegetable Oils", "fill": "#f7b6d2"}, {"layer": 10, "name": "Processing", "fill": "#9edae5"}, {"layer": 5, "name": "Sugar Crops", "fill": "#ffbb78"}, {"layer": 16, "name": "Biofuels & Other", "fill": "#e7ba52"}, {"name": "Waste", "fill": "#c7c7c7"}, {"layer": 2, "name": "Import", "fill": "#aec7e8"}, {"layer": 16, "name": "Export", "fill": "#aec7e8"}, {"layer": 0, "name": "Stock Draw", "fill": "#c7c7c7"}, {"layer": 16, "name": "Stock Deposit", "fill": "#c7c7c7"}, {"name": "Crop Residue", "fill": "#bd9e39"}, {"layer": 2, "name": "Electricity", "fill": "#bcbd22"}, {"layer": 0, "name": "Fossil Fuels", "fill": "#c49c94"}, {"layer": 0, "name": "Renewables & Nuclear", "fill": "#2ca02c"}, {"layer": 2, "name": "Fertilizers", "fill": "#c5b0d5"}, {"layer": 0, "name": "Labor", "fill": "#7f7f7f"}], "links": [{"source": 0, "prod": 109.0, "target": 1, "value": 0.89430729100713025, "supply": [{"l": "Fats, Animals, Raw", "v": 0.89430729100713025}]}, {"source": 2, "prod": 6741.0, "target": 1, "value": 4.0376561958417199, "supply": [{"l": "Milk - Excluding Butter", "v": 4.0376561958417199}]}, {"source": 3, "prod": 16977.0, "target": 1, "value": 49.30382064695219, "supply": [{"l": "Maize", "v": 15.711030075222947}, {"l": "Oats", "v": 8.2494823731155016}, {"l": "Rye", "v": 0.52622187635233031}, {"l": "Barley", "v": 10.215053722892591}, {"l": "Rice", "v": 0.11461544978085002}, {"l": "Sorghum", "v": 0.31000536623902952}, {"l": "Cereals, Other", "v": 2.2074086624459999}, {"l": "Wheat", "v": 11.92887996007531}, {"l": "Millet", "v": 0.041123160827626369}]}, {"source": 4, "prod": 33.0, "target": 1, "value": 0.04377673429129688, "supply": [{"l": "Sunflower seed", "v": 0.0039797031173906252}, {"l": "Rape and Mustardseed", "v": 0.037143895762312501}, {"l": "Oilcrops, Other", "v": 0.00265313541159375}]}, {"source": 5, "prod": 1325.0, "target": 1, "value": 1.236582154277535, "supply": [{"l": "Potatoes", "v": 0.48222599971180918}, {"l": "Vegetables, Other", "v": 0.030660189726492162}, {"l": "Peas", "v": 0.011320044422799999}, {"l": "Cassava", "v": 0.40107469878943358}, {"l": "Pulses, Other", "v": 0.31130122162700002}]}, {"source": 6, "prod": 31.0, "target": 1, "value": 0.10762617992889395, "supply": [{"l": "Sugar", "v": 0.088759439224227285}, {"l": "Sweeteners, Other", "v": 0.018866740704666669}]}, {"source": 7, "prod": 220.0, "target": 1, "value": 0.19594120932301443, "supply": [{"l": "Fish, Seafood", "v": 0.069537050859821758}, {"l": "Pelagic Fish", "v": 0.12640415846319267}]}, {"source": 0, "prod": 9441.0, "target": 8, "value": 11.930160140572754, "supply": [{"l": "Beer", "v": 1.3131251530448}, {"l": "Beverages, Alcoholic", "v": 0.48935173584170477}, {"l": "Fats, Animals, Raw", "v": 1.0255817557421218}, {"l": "Butter, Ghee", "v": 4.0715306079706739}, {"l": "Wine", "v": 4.3401531159863262}, {"l": "Beverages, Fermented", "v": 0.44514103725662291}, {"l": "Fish, Body Oil", "v": 0.063675249878250004}, {"l": "Fish, Liver Oil", "v": 0.048514476097714289}, {"l": "Cream", "v": 0.13308700875454055}]}, {"source": 2, "prod": 18079.0, "target": 8, "value": 20.523165300422242, "supply": [{"l": "Pigmeat", "v": 7.0115400767600757}, {"l": "Meat, Other", "v": 0.75737821967397034}, {"l": "Eggs", "v": 1.0911240124409263}, {"l": "Mutton & Goat Meat", "v": 0.46875822250796806}, {"l": "Poultry Meat", "v": 1.2013426766980928}, {"l": "Milk - Excluding Butter", "v": 7.3002453218986609}, {"l": "Offals, Edible", "v": 0.62355071922659067}, {"l": "Bovine Meat", "v": 2.0692260512159582}]}, {"source": 3, "prod": 5046.0, "target": 8, "value": 16.135329618986571, "supply": [{"l": "Maize", "v": 0.17873754351789475}, {"l": "Rye", "v": 0.067279509305320756}, {"l": "Barley", "v": 0.02122508329275}, {"l": "Rice", "v": 0.59952696808444617}, {"l": "Cereals, Other", "v": 0.17808362567575611}, {"l": "Wheat", "v": 15.066893463229569}, {"l": "Oats", "v": 0.023583425880833338}]}, {"source": 4, "prod": 78.0, "target": 8, "value": 0.15101830397254146, "supply": [{"l": "Olives", "v": 0.04419469397942466}, {"l": "Coconuts - Incl Copra", "v": 0.022551650998546877}, {"l": "Groundnuts", "v": 0.067026578819210536}, {"l": "Rape and Mustardseed", "v": 0.017245380175359374}]}, {"source": 5, "prod": 15373.0, "target": 8, "value": 9.2047216858588286, "supply": [{"l": "Nuts", "v": 0.40036903690570896}, {"l": "Cocoa Beans", "v": 0.26641139029520688}, {"l": "Tomatoes", "v": 0.17812967221227471}, {"l": "Coffee", "v": 0.13371802474432501}, {"l": "Treenuts", "v": 0.40036903690570896}, {"l": "Vegetables, Other", "v": 1.5135812472899994}, {"l": "Peas", "v": 0.022640088845599999}, {"l": "Grapes", "v": 0.22221206335370039}, {"l": "Dates", "v": 0.02122508329275}, {"l": "Potatoes", "v": 3.8726337161322153}, {"l": "Pimento", "v": 0.0053062708231875}, {"l": "Pepper", "v": 0.02122508329275}, {"l": "Beans", "v": 0.22382815108718185}, {"l": "Apples", "v": 0.24495833832944267}, {"l": "Lemons, Limes", "v": 0.022137990101040322}, {"l": "Pineapples", "v": 0.044587944758870506}, {"l": "Bananas", "v": 0.31126842891430362}, {"l": "Spices, Other", "v": 0.023583425880833338}, {"l": "Tea", "v": 0.0086455619446761858}, {"l": "Fruits, Other", "v": 0.75652202561186399}, {"l": "Grapefruit", "v": 0.022351312202161227}, {"l": "Oranges, Mandarines", "v": 0.31174093746070108}, {"l": "Onions", "v": 0.088839008421201043}, {"l": "Pulses, Other", "v": 0.088437847053125018}]}, {"source": 6, "prod": 2229.0, "target": 8, "value": 8.5734328868058576, "supply": [{"l": "Sugar", "v": 8.4861742110467748}, {"l": "Sweeteners, Other", "v": 0.044808509173583339}, {"l": "Honey", "v": 0.0424501665855}]}, {"source": 7, "prod": 2326.0, "target": 8, "value": 1.4819232288670754, "supply": [{"l": "Freshwater Fish", "v": 0.022594443505185486}, {"l": "Crustaceans", "v": 0.02232564316718889}, {"l": "Aquatic Products, Other", "v": 0.00063215500781656133}, {"l": "Marine Fish, Other", "v": 0.021909763398967743}, {"l": "Demersal Fish", "v": 0.2226506510219432}, {"l": "Pelagic Fish", "v": 0.37806334667627634}, {"l": "Fish, Seafood", "v": 0.73456411908284436}, {"l": "Cephalopods", "v": 0.011622222200000001}, {"l": "Molluscs, Other", "v": 0.066928729799036496}, {"l": "Aquatic Animals, Others", "v": 0.00063215500781656133}]}, {"source": 9, "prod": 522.0, "target": 8, "value": 5.3106111663482478, "supply": [{"l": "Maize Germ Oil", "v": 0.15407838242144448}, {"l": "Groundnut Oil", "v": 0.91657194006206799}, {"l": "Soyabean Oil", "v": 1.0963853369841208}, {"l": "Palm Oil", "v": 0.26379746378132146}, {"l": "Sunflowerseed Oil", "v": 1.4675629019558574}, {"l": "Olive Oil", "v": 0.24976493363096508}, {"l": "Coconut Oil", "v": 0.20012221390307147}, {"l": "Rape and Mustard Oil", "v": 0.18356828793729729}, {"l": "Oilcrops Oil, Other", "v": 0.53154991202713042}, {"l": "Palmkernel Oil", "v": 0.24720979364497059}]}, {"source": 0, "prod": 2408.0, "target": 10, "value": 2.7384827722915546, "supply": [{"l": "Fats, Animals, Raw", "v": 0.92712590719087817}, {"l": "Wine", "v": 1.8113568651006762}]}, {"source": 2, "prod": 2.0, "target": 10, "value": 0.0031993147182372643, "supply": [{"l": "Poultry Meat", "v": 0.0031993147182372643}]}, {"source": 3, "prod": 607.0, "target": 10, "value": 1.437200811088537, "supply": [{"l": "Maize", "v": 0.52727575337778954}, {"l": "Wheat", "v": 0.19296252388347757}, {"l": "Barley", "v": 0.7081459607672046}, {"l": "Rice", "v": 0.0088165730600653844}]}, {"source": 4, "prod": 1742.0, "target": 10, "value": 3.4973613779897956, "supply": [{"l": "Sunflower seed", "v": 0.14990215075504687}, {"l": "Olives", "v": 0.011630182626164385}, {"l": "Coconuts - Incl Copra", "v": 0.24939472868981252}, {"l": "Soyabeans", "v": 0.75349045689262506}, {"l": "Sesame seed", "v": 0.001326567705796875}, {"l": "Rape and Mustardseed", "v": 0.679202665368}, {"l": "Groundnuts", "v": 1.4812873919045528}, {"l": "Palm kernels", "v": 0.022551650998546877}, {"l": "Oilcrops, Other", "v": 0.14857558304925}]}, {"source": 5, "prod": 13047.0, "target": 10, "value": 9.7742517713762851, "supply": [{"l": "Potatoes", "v": 0.38000657258843218}, {"l": "Fruits, Other", "v": 0.014505584561879399}, {"l": "Grapes", "v": 8.6348542825270673}, {"l": "Apples", "v": 0.74488533169890614}]}, {"source": 11, "prod": 20560.0, "target": 10, "value": 23.895288843199999, "supply": [{"l": "Sugar beet", "v": 23.895288843199999}]}, {"source": 0, "prod": 1052.0, "target": 12, "value": 2.8097878508515239, "supply": [{"l": "Alcohol, Non-Food", "v": 0.2222633733634789}, {"l": "Beverages, Alcoholic", "v": 1.5094088753427233}, {"l": "Wine", "v": 0.13654236935181566}, {"l": "Fats, Animals, Raw", "v": 0.87789798291525623}, {"l": "Fish, Body Oil", "v": 0.063675249878250004}]}, {"source": 2, "prod": 224.0, "target": 12, "value": 0.14890724368004726, "supply": [{"l": "Milk - Excluding Butter", "v": 0.128179561772753}, {"l": "Eggs", "v": 0.0098893415024857382}, {"l": "Mutton & Goat Meat", "v": 0.010838340404808511}]}, {"source": 3, "prod": 545.0, "target": 12, "value": 1.6156735591214624, "supply": [{"l": "Maize", "v": 1.4716057749640001}, {"l": "Barley", "v": 0.028943295399204545}, {"l": "Rice", "v": 0.0044082865300326922}, {"l": "Wheat", "v": 0.11071620222822483}]}, {"source": 4, "prod": 5.0, "target": 12, "value": 0.0066328385289843748, "supply": [{"l": "Oilcrops, Other", "v": 0.0066328385289843748}]}, {"source": 5, "prod": 29.0, "target": 12, "value": 0.022628728141816289, "supply": [{"l": "Potatoes", "v": 0.011704514556111873}, {"l": "Cassava", "v": 0.010924213585704416}]}, {"source": 11, "prod": 994.0, "target": 12, "value": 1.1552488866799999, "supply": [{"l": "Sugar beet", "v": 1.1552488866799999}]}, {"source": 6, "prod": 82.0, "target": 12, "value": 0.19338409222283334, "supply": [{"l": "Sweeteners, Other", "v": 0.19338409222283334}]}, {"source": 7, "prod": 114.0, "target": 12, "value": 0.072538396776698627, "supply": [{"l": "Fish, Seafood", "v": 0.0056893950703490537}, {"l": "Aquatic Products, Other", "v": 0.030343440375194951}, {"l": "Marine Fish, Other", "v": 0.0061621209559596778}, {"l": "Aquatic Plants", "v": 0.030343440375194951}]}, {"source": 9, "prod": 437.0, "target": 12, "value": 4.3825731434044393, "supply": [{"l": "Coconut Oil", "v": 0.20012221390307147}, {"l": "Rape and Mustard Oil", "v": 0.73427315174918917}, {"l": "Groundnut Oil", "v": 1.4520971185252989}, {"l": "Oilcrops Oil, Other", "v": 1.2956529105661303}, {"l": "Palm Oil", "v": 0.70042774866075008}]}, {"source": 5, "prod": 677.0, "target": 5, "value": 0.57139742752049905, "supply": [{"l": "Potatoes", "v": 0.51421833949851492}, {"l": "Peas", "v": 0.031130122162699999}, {"l": "Beans", "v": 0.015436424212909092}, {"l": "Pulses, Other", "v": 0.010612541646375}]}, {"source": 2, "prod": 34.0, "target": 2, "value": 0.056039601847419185, "supply": [{"l": "Eggs", "v": 0.056039601847419185}]}, {"source": 3, "prod": 1243.0, "target": 3, "value": 3.6455481829798009, "supply": [{"l": "Maize", "v": 0.22342192939736844}, {"l": "Wheat", "v": 1.9359518789621026}, {"l": "Oats", "v": 0.56128553596383346}, {"l": "Rye", "v": 0.028834075416566039}, {"l": "Barley", "v": 0.75252568037931822}, {"l": "Rice", "v": 0.0088165730600653844}, {"l": "Sorghum", "v": 0.0063266401273271329}, {"l": "Cereals, Other", "v": 0.12838586967321952}]}, {"source": 4, "prod": 6.0, "target": 4, "value": 0.0079594062347812505, "supply": [{"l": "Sunflower seed", "v": 0.001326567705796875}, {"l": "Rape and Mustardseed", "v": 0.001326567705796875}, {"l": "Oilcrops, Other", "v": 0.0053062708231875}]}, {"source": 5, "prod": 2260.0, "target": 13, "value": 1.16000738672591, "supply": [{"l": "Dates", "v": 0.0084900333171}, {"l": "Oranges, Mandarines", "v": 0.030656987925637664}, {"l": "Potatoes", "v": 0.49002900941588379}, {"l": "Nuts", "v": 0.0052335821817739723}, {"l": "Grapefruit", "v": 0.0013861278885061226}, {"l": "Apples", "v": 0.14721053986144389}, {"l": "Lemons, Limes", "v": 0.0022822670207258066}, {"l": "Tomatoes", "v": 0.011105341160366253}, {"l": "Pineapples", "v": 0.0030539688191007193}, {"l": "Bananas", "v": 0.016527527198989572}, {"l": "Treenuts", "v": 0.0052335821817739723}, {"l": "Fruits, Other", "v": 0.12887653976131311}, {"l": "Vegetables, Other", "v": 0.27745953871300832}, {"l": "Grapes", "v": 0.0091949819318772573}, {"l": "Pulses, Other", "v": 0.0070750277642500003}, {"l": "Onions", "v": 0.016192331584159794}]}, {"source": 0, "prod": 103.0, "target": 13, "value": 0.072355429260229892, "supply": [{"l": "Beer", "v": 0.022074086624460004}, {"l": "Wine", "v": 0.049723521787077382}, {"l": "Beverages, Fermented", "v": 0.00055782084869250982}]}, {"source": 2, "prod": 69.0, "target": 13, "value": 0.048673699805442172, "supply": [{"l": "Milk - Excluding Butter", "v": 0.037136134719208812}, {"l": "Eggs", "v": 0.01153756508623336}]}, {"source": 3, "prod": 135.0, "target": 13, "value": 0.40071556508539385, "supply": [{"l": "Maize", "v": 0.10724252611073685}, {"l": "Oats", "v": 0.018866740704666669}, {"l": "Wheat", "v": 0.23408568471110397}, {"l": "Barley", "v": 0.040520613558886372}]}, {"source": 4, "prod": 4.0, "target": 13, "value": 0.0053062708231875, "supply": [{"l": "Sunflower seed", "v": 0.0053062708231875}]}, {"source": 14, "prod": 2167.0, "target": 10, "value": 10.799603214635219, "supply": [{"l": "Alcohol, Non-Food", "v": 0.021006599311792214}, {"l": "Sugar", "v": 1.640120072621591}, {"l": "Maize Germ Oil", "v": 0.044022394977555557}, {"l": "Beer", "v": 0.11093643534344003}, {"l": "Groundnut Oil", "v": 1.4726942407738846}, {"l": "Beverages, Alcoholic", "v": 0.21021447807284502}, {"l": "Fats, Animals, Raw", "v": 0.73841886413432778}, {"l": "Soyabean Oil", "v": 0.87096031442663813}, {"l": "Butter, Ghee", "v": 0.20815596155269295}, {"l": "Palm Oil", "v": 1.3007943903699644}, {"l": "Sunflowerseed Oil", "v": 1.1186318623299891}, {"l": "Olive Oil", "v": 0.28234296845239532}, {"l": "Coconut Oil", "v": 0.17283282109810716}, {"l": "Rape and Mustard Oil", "v": 0.064248900778054049}, {"l": "Oilcrops Oil, Other", "v": 1.572501823080261}, {"l": "Wine", "v": 0.46566472784723262}, {"l": "Sweeteners, Other", "v": 0.056600222114000003}, {"l": "Fish, Body Oil", "v": 0.23347591622024999}, {"l": "Fish, Liver Oil", "v": 0.012128619024428572}, {"l": "Honey", "v": 0.011577318159681819}, {"l": "Palmkernel Oil", "v": 0.19227428394608823}]}, {"source": 14, "prod": 843.0, "target": 3, "value": 2.7988982746743507, "supply": [{"l": "Maize", "v": 0.92943522629305275}, {"l": "Rye", "v": 0.0048056792360943405}, {"l": "Barley", "v": 0.02122508329275}, {"l": "Rice", "v": 0.65683469297487118}, {"l": "Cereals, Other", "v": 0.062122195003170733}, {"l": "Wheat", "v": 1.0628755413909583}, {"l": "Oats", "v": 0.014150055528500001}, {"l": "Sorghum", "v": 0.012653280254654266}, {"l": "Millet", "v": 0.03479652070029924}]}, {"source": 14, "prod": 1209.0, "target": 4, "value": 2.8710846514362736, "supply": [{"l": "Olives", "v": 0.048846767029890409}, {"l": "Sunflower seed", "v": 0.062348682172453131}, {"l": "Coconuts - Incl Copra", "v": 0.28255892133473437}, {"l": "Sesame seed", "v": 0.001326567705796875}, {"l": "Groundnuts", "v": 1.5885299180152896}, {"l": "Oilcrops, Other", "v": 0.055715843643468752}, {"l": "Soyabeans", "v": 0.74818418606943748}, {"l": "Rape and Mustardseed", "v": 0.061022114466656251}, {"l": "Palm kernels", "v": 0.022551650998546877}]}, {"source": 14, "prod": 2390.0, "target": 1, "value": 2.6289654156662534, "supply": [{"l": "Freshwater Fish", "v": 0.01369360212435484}, {"l": "Pigmeat", "v": 0.85737821044450091}, {"l": "Meat, Other", "v": 0.067553460416889297}, {"l": "Crustaceans", "v": 0.012892272814855554}, {"l": "Demersal Fish", "v": 0.069489693631052341}, {"l": "Mutton & Goat Meat", "v": 0.11922174445289362}, {"l": "Poultry Meat", "v": 0.0095979441547117926}, {"l": "Milk - Excluding Butter", "v": 0.34680358068422423}, {"l": "Pelagic Fish", "v": 0.40679156450882009}, {"l": "Fish, Seafood", "v": 0.40521136001041586}, {"l": "Cephalopods", "v": 0.0069733333200000004}, {"l": "Molluscs, Other", "v": 0.022619431830229929}, {"l": "Offals, Edible", "v": 0.10330281376408587}, {"l": "Bovine Meat", "v": 0.17425061483923862}, {"l": "Eggs", "v": 0.013185788669980983}]}, {"source": 14, "prod": 4708.0, "target": 5, "value": 3.4966330860128245, "supply": [{"l": "Nuts", "v": 0.24336157145248971}, {"l": "Cocoa Beans", "v": 0.31618055111958621}, {"l": "Tomatoes", "v": 0.069741542487100072}, {"l": "Coffee", "v": 0.1602493788602625}, {"l": "Treenuts", "v": 0.24336157145248971}, {"l": "Apples", "v": 0.035919371726192313}, {"l": "Vegetables, Other", "v": 0.11990866279172678}, {"l": "Peas", "v": 0.079240310959600005}, {"l": "Grapes", "v": 0.062066128040171489}, {"l": "Dates", "v": 0.0594302332197}, {"l": "Potatoes", "v": 0.26374172799772089}, {"l": "Pimento", "v": 0.0079594062347812505}, {"l": "Pepper", "v": 0.02122508329275}, {"l": "Grapefruit", "v": 0.02408397206279388}, {"l": "Beans", "v": 0.15436424212909092}, {"l": "Pulses, Other", "v": 0.15918812469562502}, {"l": "Lemons, Limes", "v": 0.025104937227983872}, {"l": "Pineapples", "v": 0.048252707341791365}, {"l": "Bananas", "v": 0.32779595611329315}, {"l": "Infant food", "v": 0.019405360752535489}, {"l": "Spices, Other", "v": 0.028300111057000001}, {"l": "Tea", "v": 0.0086455619446761858}, {"l": "Fruits, Other", "v": 0.19973074127510862}, {"l": "Sweet potatoes", "v": 0.00078030097040745832}, {"l": "Oranges, Mandarines", "v": 0.35495620959684099}, {"l": "Onions", "v": 0.051640408835969077}, {"l": "Cassava", "v": 0.41199891237513797}]}, {"source": 0, "prod": 1193.0, "target": 15, "value": 3.2151867787648589, "supply": [{"l": "Alcohol, Non-Food", "v": 0.029815818378027655}, {"l": "Beer", "v": 0.026602104393580003}, {"l": "Beverages, Alcoholic", "v": 0.73058146477775654}, {"l": "Fats, Animals, Raw", "v": 1.0173771016961848}, {"l": "Butter, Ghee", "v": 0.77434017697601776}, {"l": "Wine", "v": 0.51775603638607559}, {"l": "Beverages, Fermented", "v": 0.0011156416973850196}, {"l": "Fish, Body Oil", "v": 0.10612541646375}, {"l": "Cream", "v": 0.011473017996081081}]}, {"source": 2, "prod": 6422.0, "target": 15, "value": 4.3817927728175512, "supply": [{"l": "Pigmeat", "v": 0.21846656323826219}, {"l": "Meat, Other", "v": 0.010392840064136814}, {"l": "Eggs", "v": 0.057687825431166795}, {"l": "Poultry Meat", "v": 0.11677498721566014}, {"l": "Milk - Excluding Butter", "v": 3.5614751135550904}, {"l": "Bovine Meat", "v": 0.40703854560103392}, {"l": "Offals, Edible", "v": 0.0099568977122010474}]}, {"source": 3, "prod": 18367.0, "target": 15, "value": 51.429153371085313, "supply": [{"l": "Maize", "v": 11.850299135236423}, {"l": "Rye", "v": 0.17540729211744341}, {"l": "Barley", "v": 9.6670606633343183}, {"l": "Rice", "v": 0.013224859590098077}, {"l": "Cereals, Other", "v": 0.024848878001268292}, {"l": "Wheat", "v": 28.197835047497033}, {"l": "Oats", "v": 0.87730344276700012}, {"l": "Sorghum", "v": 0.62317405254172265}]}, {"source": 4, "prod": 300.0, "target": 15, "value": 0.40236510525610414, "supply": [{"l": "Olives", "v": 0.00697810957569863}, {"l": "Sunflower seed", "v": 0.02122508329275}, {"l": "Groundnuts", "v": 0.0067026578819210534}, {"l": "Oilcrops, Other", "v": 0.018571947881156251}, {"l": "Rape and Mustardseed", "v": 0.34888730662457818}]}, {"source": 5, "prod": 2307.0, "target": 15, "value": 1.5238077897038484, "supply": [{"l": "Nuts", "v": 0.044485448545078771}, {"l": "Cocoa Beans", "v": 0.049769160824379301}, {"l": "Tomatoes", "v": 0.0082179524586710254}, {"l": "Coffee", "v": 0.026531354115937499}, {"l": "Treenuts", "v": 0.044485448545078771}, {"l": "Vegetables, Other", "v": 0.19063959552709978}, {"l": "Peas", "v": 0.093390366488100007}, {"l": "Grapes", "v": 0.026818697301308671}, {"l": "Dates", "v": 0.02971511660985}, {"l": "Potatoes", "v": 0.35971874735783821}, {"l": "Beans", "v": 0.019295530266136365}, {"l": "Apples", "v": 0.40453456353924788}, {"l": "Lemons, Limes", "v": 0.00045645340414516129}, {"l": "Pineapples", "v": 0.00061079376382014395}, {"l": "Infant food", "v": 0.052671693471167756}, {"l": "Spices, Other", "v": 0.0047166851761666672}, {"l": "Fruits, Other", "v": 0.12329746877597487}, {"l": "Grapefruit", "v": 0.00051979795818979596}, {"l": "Oranges, Mandarines", "v": 0.019206787616062152}, {"l": "Onions", "v": 0.0035010446668453615}, {"l": "Pulses, Other", "v": 0.02122508329275}]}, {"source": 11, "prod": 2.0, "target": 15, "value": 0.0023244444400000001, "supply": [{"l": "Sugar beet", "v": 0.0023244444400000001}]}, {"source": 6, "prod": 1327.0, "target": 15, "value": 4.9829634938393488, "supply": [{"l": "Sugar", "v": 4.7621368696824549}, {"l": "Sweeteners, Other", "v": 0.21696751810366671}, {"l": "Honey", "v": 0.003859106053227273}]}, {"source": 7, "prod": 390.0, "target": 15, "value": 0.28745213598603775, "supply": [{"l": "Freshwater Fish", "v": 0.0041080806373064525}, {"l": "Crustaceans", "v": 0.0012577827136444444}, {"l": "Demersal Fish", "v": 0.026472264240400886}, {"l": "Pelagic Fish", "v": 0.12180764360998568}, {"l": "Fish, Seafood", "v": 0.12327022652422948}, {"l": "Cephalopods", "v": 0.0046488888800000003}, {"l": "Molluscs, Other", "v": 0.0058872493804708039}]}, {"source": 9, "prod": 311.0, "target": 15, "value": 3.039783682642875, "supply": [{"l": "Maize Germ Oil", "v": 0.16508398116583334}, {"l": "Groundnut Oil", "v": 0.15447841686439351}, {"l": "Soyabean Oil", "v": 0.82997394668891389}, {"l": "Palm Oil", "v": 0.32747271365957148}, {"l": "Sunflowerseed Oil", "v": 0.092364098724494512}, {"l": "Olive Oil", "v": 0.054296724702383718}, {"l": "Coconut Oil", "v": 0.045482321341607151}, {"l": "Rape and Mustard Oil", "v": 1.1197665564175137}, {"l": "Oilcrops Oil, Other", "v": 0.23255308651186957}, {"l": "Palmkernel Oil", "v": 0.018311836566294117}]}, {"source": 16, "prod": 134.0, "target": 5, "value": 0.21330273120709747, "supply": [{"l": "Nuts", "v": 0.041868657454191778}, {"l": "Pulses, Other", "v": 0.088437847053125018}, {"l": "Treenuts", "v": 0.041868657454191778}, {"l": "Fruits, Other", "v": 0.022316283941352922}, {"l": "Vegetables, Other", "v": 0.010321251987135975}, {"l": "Peas", "v": 0.0084900333171}]}, {"source": 16, "prod": 118.0, "target": 4, "value": 0.15653498928403123, "supply": [{"l": "Sunflower seed", "v": 0.026531354115937499}, {"l": "Rape and Mustardseed", "v": 0.12867706746229687}, {"l": "Oilcrops, Other", "v": 0.001326567705796875}]}, {"source": 2, "prod": 178.0, "target": 17, "value": 0.18285294619957915, "supply": [{"l": "Milk - Excluding Butter", "v": 0.046719653356423987}, {"l": "Bovine Meat", "v": 0.13613329284315517}]}, {"source": 0, "prod": 300.0, "target": 17, "value": 1.0338416954402214, "supply": [{"l": "Beverages, Alcoholic", "v": 1.0338416954402214}]}, {"source": 7, "prod": 2.0, "target": 17, "value": 0.0017943772278165614, "supply": [{"l": "Fish, Seafood", "v": 0.00063215500781656133}, {"l": "Cephalopods", "v": 0.0011622222200000001}]}, {"source": 3, "prod": 1125.0, "target": 17, "value": 3.5736746692179424, "supply": [{"l": "Rice", "v": 0.052899438360392306}, {"l": "Wheat", "v": 3.52077523085755}]}, {"source": 5, "prod": 209.0, "target": 17, "value": 0.12479114062282225, "supply": [{"l": "Potatoes", "v": 0.0062424077632596666}, {"l": "Apples", "v": 0.11776843188915512}, {"l": "Sweet potatoes", "v": 0.00078030097040745832}]}, {"source": 4, "prod": 14.0, "target": 17, "value": 0.045452398761777146, "supply": [{"l": "Soyabeans", "v": 0.001326567705796875}, {"l": "Coconuts - Incl Copra", "v": 0.010612541646375}, {"l": "Groundnuts", "v": 0.033513289409605268}]}, {"source": 16, "prod": 582.0, "target": 10, "value": 1.056957869873959, "supply": [{"l": "Sugar", "v": 0.32030580241786366}, {"l": "Butter, Ghee", "v": 0.11656733846950805}, {"l": "Wine", "v": 0.35753579951660408}, {"l": "Fats, Animals, Raw", "v": 0.26254892946998321}]}, {"source": 16, "prod": 2145.0, "target": 3, "value": 5.2764473807936998, "supply": [{"l": "Maize", "v": 3.2291916195566319}, {"l": "Barley", "v": 2.0472557612370683}]}, {"source": 1, "prod": 3052.0, "target": 7, "value": 2.0396493481806424, "supply": [{"l": "Pelagic Fish", "v": 0.62627514874945467}, {"l": "Crustaceans", "v": 0.023583425880833335}, {"l": "Freshwater Fish", "v": 0.02670252414249194}, {"l": "Molluscs, Other", "v": 0.072815979179507301}, {"l": "Aquatic Animals, Others", "v": 0.00063215500781656133}, {"l": "Aquatic Plants", "v": 0.030343440375194951}, {"l": "Marine Fish, Other", "v": 0.028071884354927419}, {"l": "Aquatic Products, Other", "v": 0.030975595383011513}, {"l": "Fish, Seafood", "v": 0.93369294654506119}, {"l": "Demersal Fish", "v": 0.24912291526234409}, {"l": "Cephalopods", "v": 0.017433333299999999}]}, {"source": 1, "prod": 31715.0, "target": 2, "value": 29.326247473484816, "supply": [{"l": "Poultry Meat", "v": 1.32131697863199}, {"l": "Pigmeat", "v": 7.2300066399983383}, {"l": "Bovine Meat", "v": 2.612397889660147}, {"l": "Eggs", "v": 1.2262783463082312}, {"l": "Milk - Excluding Butter", "v": 15.111411981143856}, {"l": "Offals, Edible", "v": 0.63350761693879176}, {"l": "Meat, Other", "v": 0.76777105973810711}, {"l": "Mutton & Goat Meat", "v": 0.47959656291277658}]}, {"source": 10, "prod": 14606.0, "target": 0, "value": 22.694121958188273, "supply": [{"l": "Fats, Animals, Raw", "v": 4.7422900385515714}, {"l": "Alcohol, Non-Food", "v": 0.25207919174150656}, {"l": "Beverages, Fermented", "v": 0.44681449980270044}, {"l": "Fish, Body Oil", "v": 0.23347591622024999}, {"l": "Beer", "v": 1.36180134406284}, {"l": "Beverages, Alcoholic", "v": 3.7631837714024057}, {"l": "Fish, Liver Oil", "v": 0.048514476097714289}, {"l": "Cream", "v": 0.14456002675062163}, {"l": "Butter, Ghee", "v": 4.8458707849466913}, {"l": "Wine", "v": 6.8555319086119715}]}, {"source": 10, "prod": 1270.0, "target": 9, "value": 12.732967992395563, "supply": [{"l": "Olive Oil", "v": 0.30406165833334881}, {"l": "Soyabean Oil", "v": 1.9263592836730346}, {"l": "Coconut Oil", "v": 0.44572674914775012}, {"l": "Rape and Mustard Oil", "v": 2.0376079961040001}, {"l": "Maize Germ Oil", "v": 0.31916236358727779}, {"l": "Groundnut Oil", "v": 2.52314747545176}, {"l": "Palm Oil", "v": 1.291697926101643}, {"l": "Palmkernel Oil", "v": 0.26552163021126468}, {"l": "Oilcrops Oil, Other", "v": 2.0597559091051303}, {"l": "Sunflowerseed Oil", "v": 1.5599270006803518}]}, {"source": 10, "prod": 3669.0, "target": 6, "value": 13.857406652796936, "supply": [{"l": "Honey", "v": 0.046309272638727271}, {"l": "Sweeteners, Other", "v": 0.47402686020475004}, {"l": "Sugar", "v": 13.337070519953457}]}, {"source": 5, "prod": 32799.0, "target": 18, "value": 104.22655414410363, "supply": [{"l": "Vegetables, Other", "v": 22.365223290570004}, {"l": "Beans", "v": 0.16212999968999997}, {"l": "Onions", "v": 0.65897999874000013}, {"l": "Tomatoes", "v": 2.5504966617900005}, {"l": "Peas", "v": 0.14120999973000001}, {"l": "Potatoes", "v": 13.371366641100002}, {"l": "Sweet potatoes", "v": 0.00087166666500000016}, {"l": "Cassava", "v": 0.46023999912000008}, {"l": "Pulses, Other", "v": 0.31031333274}]}, {"source": 11, "prod": 8622.3999999999996, "target": 18, "value": 10.021144869727999, "supply": [{"l": "Sugar beet", "v": 10.021144869727999}]}, {"source": 3, "prod": 85099.0, "target": 18, "value": 272.24341763083345, "supply": [{"l": "Sorghum", "v": 2.0571333294}, {"l": "Rice", "v": 0.74963333190000003}, {"l": "Wheat", "v": 133.71366641099999}, {"l": "Oats", "v": 14.372039972520003}, {"l": "Maize", "v": 65.521439874720002}, {"l": "Barley", "v": 73.718593192379998}, {"l": "Cereals, Other", "v": 4.2188666586000005}, {"l": "Rye", "v": 2.3081733289200006}, {"l": "Millet", "v": 0.052299999900000005}]}, {"source": 4, "prod": 1518.5, "target": 18, "value": 6.954743630057175, "supply": [{"l": "Coconuts - Incl Copra", "v": 0.37132999928999999}, {"l": "Sesame seed", "v": 0.0017433333299999999}, {"l": "Groundnuts", "v": 0.41316999921000008}, {"l": "Oilcrops, Other", "v": 0.40096666590000002}, {"l": "Soyabeans", "v": 1.00067333142}, {"l": "Palm kernels", "v": 0.029636666610000001}, {"l": "Sunflower seed", "v": 0.36086999930999997}, {"l": "Olives", "v": 0.11505999978000001}, {"l": "Rape and Mustardseed", "v": 2.6010533283599999}]}, {"source": 19, "prod": 0, "target": 5, "value": 0.0068923773527514729, "supply": "[{\"l\":'Energy for power irrigation',\"v\":0.0068923773527514729}]"}, {"source": 19, "prod": 0, "target": 11, "value": 0.0045297748777679428, "supply": "[{\"l\":'Energy for power irrigation',\"v\":0.0045297748777679428}]"}, {"source": 19, "prod": 0, "target": 3, "value": 0.008941346082834806, "supply": "[{\"l\":'Energy for power irrigation',\"v\":0.008941346082834806}]"}, {"source": 19, "prod": 0, "target": 4, "value": 0.00031909738132726947, "supply": "[{\"l\":'Energy for power irrigation',\"v\":0.00031909738132726947}]"}, {"source": 19, "prod": 0, "target": 10, "value": 1.2020000009615999, "supply": "[{\"l\":'Electricity',\"v\":1.2020000009615999}]"}, {"source": 20, "prod": 0, "target": 19, "value": 1.9472440458109714, "supply": [{"l": "Coal", "v": 0.59571739158700943}, {"l": "Natural gas", "v": 0.16309308300427935}, {"l": "Oil", "v": 1.1884335712196825}]}, {"source": 21, "prod": 0, "target": 19, "value": 0.46916167479204252, "supply": [{"l": "Nuclear", "v": 0.096160606045931005}, {"l": "Hydroelectric", "v": 0.36790347690468378}, {"l": "Renewable", "v": 0.0050975918414277151}]}, {"source": 20, "prod": 0, "target": 5, "value": 14.528217687305816, "supply": [{"l": "Motor Gasoline", "v": 0.36906914571858113}, {"l": "Gas-Diesel oil", "v": 9.6326399055619643}, {"l": "Natural gas (including LNG)", "v": 0.37153762926155298}, {"l": "Fuel oil", "v": 0.80030704946690878}, {"l": "Liquefied petroleum gas (LPG)", "v": 0.44660421380332749}, {"l": "Other fossil fuels", "v": 2.9080597434934821}]}, {"source": 20, "prod": 0, "target": 11, "value": 9.5481648973311426, "supply": [{"l": "Motor Gasoline", "v": 0.2425578372849701}, {"l": "Gas-Diesel oil", "v": 6.3307169671116101}, {"l": "Natural gas (including LNG)", "v": 0.24418016208915014}, {"l": "Fuel oil", "v": 0.52597392476321492}, {"l": "Liquefied petroleum gas (LPG)", "v": 0.29351505938426559}, {"l": "Other fossil fuels", "v": 1.9112209466979326}]}, {"source": 20, "prod": 0, "target": 3, "value": 18.847172123723858, "supply": [{"l": "Motor Gasoline", "v": 0.47878617079035241}, {"l": "Gas-Diesel oil", "v": 12.496234996850783}, {"l": "Natural gas (including LNG)", "v": 0.48198848612044415}, {"l": "Fuel oil", "v": 1.0382226531690673}, {"l": "Liquefied petroleum gas (LPG)", "v": 0.57937089530853636}, {"l": "Other fossil fuels", "v": 3.7725689214846767}]}, {"source": 20, "prod": 0, "target": 4, "value": 0.67261497479111798, "supply": [{"l": "Motor Gasoline", "v": 0.017086847092096267}, {"l": "Gas-Diesel oil", "v": 0.44596370915564021}, {"l": "Natural gas (including LNG)", "v": 0.017201130828185862}, {"l": "Fuel oil", "v": 0.037051930077609103}, {"l": "Liquefied petroleum gas (LPG)", "v": 0.020676499242670593}, {"l": "Other fossil fuels", "v": 0.13463485839491607}]}, {"source": 20, "prod": 0, "target": 1, "value": 5.1772955596973915, "supply": [{"l": "Gas-diesel oils used in fisheries", "v": 5.1772955596973915}]}, {"source": 22, "prod": 1551.5566900013207, "target": 5, "value": 13.093357777942655, "supply": [{"l": "Potash", "v": 3.5645747250738817}, {"l": "Phosphate", "v": 7.1996166724263588}, {"l": "Nitrogen", "v": 28.526261133932117}]}, {"source": 22, "prod": 1019.7065767147922, "target": 11, "value": 8.6051532138581006, "supply": [{"l": "Potash", "v": 3.5645747250738817}, {"l": "Phosphate", "v": 7.1996166724263588}, {"l": "Nitrogen", "v": 28.526261133932117}]}, {"source": 22, "prod": 2012.8040910153113, "target": 3, "value": 16.985756479544225, "supply": [{"l": "Potash", "v": 3.5645747250738817}, {"l": "Phosphate", "v": 7.1996166724263588}, {"l": "Nitrogen", "v": 28.526261133932117}]}, {"source": 22, "prod": 71.832642268575427, "target": 4, "value": 0.60618506008737827, "supply": [{"l": "Potash", "v": 3.5645747250738817}, {"l": "Phosphate", "v": 7.1996166724263588}, {"l": "Nitrogen", "v": 28.526261133932117}]}, {"source": 20, "prod": 0, "target": 22, "value": 49.667350138111189, "supply": [{"l": "Natural gas (including LNG)", "v": 32.916970166706847}, {"l": "Fuel oil", "v": 11.70775894604256}, {"l": "Liquefied petroleum gas (LPG)", "v": 2.5213105126808899}, {"l": "Coal", "v": 2.5213105126808899}]}, {"source": 23, "prod": 0, "target": 3, "value": 0.71726482526471202, "supply": "[{\"l\":'Labor',\"v\":0.71726482526471202}]"}, {"source": 23, "prod": 0, "target": 4, "value": 0.025597636568337235, "supply": "[{\"l\":'Labor',\"v\":0.025597636568337235}]"}, {"source": 23, "prod": 0, "target": 5, "value": 0.5528988355646316, "supply": "[{\"l\":'Labor',\"v\":0.5528988355646316}]"}, {"source": 23, "prod": 0, "target": 11, "value": 0.36337349612583303, "supply": "[{\"l\":'Labor',\"v\":0.36337349612583303}]"}, {"source": 20, "prod": 0, "target": 14, "value": 42.614338420398468, "supply": "[{\"l\":'Fossil Fuels',\"v\":42.614338420398468}]"}, {"source": 21, "prod": 0, "target": 14, "value": 4.7714408716664858, "supply": "[{\"l\":'Renewables & Nuclear',\"v\":2.3691272093846449},{\"l\":'Biomass & Waste',\"v\":2.4023136622818408}]"}]}