{"nodes": [{"layer": 3, "name": "Cereals", "fill": "#e7ba52"}, {"layer": 5, "name": "Production", "fill": "#b5cf6b"}, {"layer": 3, "name": "Oilcrops", "fill": "#ff9896"}, {"layer": 3, "name": "Fruits, Roots & Vegetables", "fill": "#98df8a"}, {"layer": 3, "name": "Sugar Crops", "fill": "#ffbb78"}, {"layer": 1, "name": "Electricity", "fill": "#bcbd22"}, {"layer": 0, "name": "Fossil Fuels", "fill": "#c49c94"}, {"layer": 0, "name": "Renewables & Nuclear", "fill": "#2ca02c"}, {"layer": 1, "name": "Fertilizers", "fill": "#c5b0d5"}, {"layer": 0, "name": "Labor", "fill": "#7f7f7f"}], "links": [{"source": 0, "prod": 40468.0, "target": 1, "value": 116.79922936685291, "supply": [{"l": "Maize", "v": 25.262055891637729}, {"l": "Rye", "v": 0.80328776769484633}, {"l": "Barley", "v": 21.156354451611573}, {"l": "Rice", "v": 0.12343202284091538}, {"l": "Cereals, Other", "v": 2.6203330101413185}, {"l": "Wheat", "v": 56.52957119399057}, {"l": "Oats", "v": 9.5628647998971825}, {"l": "Sorghum", "v": 0.73818899925471126}, {"l": "Millet", "v": 0.0031412297840626015}]}, {"source": 2, "prod": 880.0, "target": 1, "value": 1.1669637912233137, "supply": [{"l": "Olives", "v": 0.0088701840626417908}, {"l": "Sunflower seed", "v": 0.094186307111578133}, {"l": "Oilcrops, Other", "v": 0.11541139040432814}, {"l": "Rape and Mustardseed", "v": 0.9484959096447656}]}, {"source": 3, "prod": 27564.0, "target": 1, "value": 17.432174038451532, "supply": [{"l": "Nuts", "v": 0.19971792660225718}, {"l": "Tomatoes", "v": 0.10258002393155348}, {"l": "Treenuts", "v": 0.20035397095449364}, {"l": "Vegetables, Other", "v": 1.8558694238277653}, {"l": "Peas", "v": 0.076410299853900007}, {"l": "Grapes", "v": 6.6791186589303315}, {"l": "Potatoes", "v": 5.7517078637599921}, {"l": "Beans", "v": 0.11665694634183205}, {"l": "Apples", "v": 1.4472739041455502}, {"l": "Lemons, Limes", "v": 0.00024824658821929828}, {"l": "Fruits, Other", "v": 0.81862453047150974}, {"l": "Oranges, Mandarines", "v": 0.0052826873973066671}, {"l": "Onions", "v": 0.063898671807647356}, {"l": "Pulses, Other", "v": 0.11443088383917394}]}, {"source": 4, "prod": 19276.0, "target": 1, "value": 22.40299551272, "supply": [{"l": "Sugar beet", "v": 22.40299551272}]}, {"source": 5, "prod": 0, "target": 3, "value": 0.0048426868739621298, "supply": "[{\"l\":'Energy for power irrigation',\"v\":0.0048426868739621298}]"}, {"source": 5, "prod": 0, "target": 4, "value": 0.003092341317629184, "supply": "[{\"l\":'Energy for power irrigation',\"v\":0.003092341317629184}]"}, {"source": 5, "prod": 0, "target": 0, "value": 0.0065673651872363943, "supply": "[{\"l\":'Energy for power irrigation',\"v\":0.0065673651872363943}]"}, {"source": 5, "prod": 0, "target": 2, "value": 0.00024359817865379692, "supply": "[{\"l\":'Energy for power irrigation',\"v\":0.00024359817865379692}]"}, {"source": 6, "prod": 0, "target": 5, "value": 0.023819308283055035, "supply": [{"l": "Coal", "v": 0.0085328720643833966}, {"l": "Natural gas", "v": 0.0019084528800026894}, {"l": "Oil", "v": 0.013377983338668947}]}, {"source": 7, "prod": 0, "target": 5, "value": 0.0055329875740766504, "supply": [{"l": "Nuclear", "v": 0.0012568472661185989}, {"l": "Hydroelectric", "v": 0.0042051670248384162}, {"l": "Renewable", "v": 7.0973283119635767e-05}]}, {"source": 6, "prod": 0, "target": 3, "value": 11.955641959108723, "supply": [{"l": "Motor Gasoline", "v": 0.36371075463437214}, {"l": "Gas-Diesel oil", "v": 8.5631213510844937}, {"l": "Natural gas (including LNG)", "v": 0.36614339909309207}, {"l": "Fuel oil", "v": 0.55281845324411716}, {"l": "Liquefied petroleum gas (LPG)", "v": 0.43868181604654871}, {"l": "Other fossil fuels", "v": 1.6711661850060984}]}, {"source": 6, "prod": 0, "target": 4, "value": 7.6343828480251528, "supply": [{"l": "Motor Gasoline", "v": 0.23225077802764305}, {"l": "Gas-Diesel oil", "v": 5.468058260014252}, {"l": "Natural gas (including LNG)", "v": 0.23380416505566839}, {"l": "Fuel oil", "v": 0.35300720211876524}, {"l": "Liquefied petroleum gas (LPG)", "v": 0.28012422449759988}, {"l": "Other fossil fuels", "v": 1.0671382183112235}]}, {"source": 6, "prod": 0, "target": 0, "value": 16.213533692520826, "supply": [{"l": "Motor Gasoline", "v": 0.4932429889391054}, {"l": "Gas-Diesel oil", "v": 11.612798126091016}, {"l": "Natural gas (including LNG)", "v": 0.49654199730923565}, {"l": "Fuel oil", "v": 0.74969965211210909}, {"l": "Liquefied petroleum gas (LPG)", "v": 0.59491430314605831}, {"l": "Other fossil fuels", "v": 2.2663366249233015}]}, {"source": 6, "prod": 0, "target": 2, "value": 0.60139601871326198, "supply": [{"l": "Motor Gasoline", "v": 0.018295479284879308}, {"l": "Gas-Diesel oil", "v": 0.43074450589223368}, {"l": "Natural gas (including LNG)", "v": 0.018417846841336988}, {"l": "Fuel oil", "v": 0.027808027205008429}, {"l": "Liquefied petroleum gas (LPG)", "v": 0.022066694415459519}, {"l": "Other fossil fuels", "v": 0.084063465074344035}]}, {"source": 8, "prod": 1741.0057127859791, "target": 3, "value": 13.811649229807815, "supply": [{"l": "Potash", "v": 4.2200611228204927}, {"l": "Phosphate", "v": 8.7001147569600903}, {"l": "Nitrogen", "v": 29.136324620531276}]}, {"source": 8, "prod": 1111.7348777646023, "target": 4, "value": 8.8195530063234902, "supply": [{"l": "Potash", "v": 4.2200611228204927}, {"l": "Phosphate", "v": 8.7001147569600903}, {"l": "Nitrogen", "v": 29.136324620531276}]}, {"source": 8, "prod": 2361.0488570729212, "target": 0, "value": 18.730540852819452, "supply": [{"l": "Potash", "v": 4.2200611228204927}, {"l": "Phosphate", "v": 8.7001147569600903}, {"l": "Nitrogen", "v": 29.136324620531276}]}, {"source": 8, "prod": 87.576552376497204, "target": 2, "value": 0.6947574113610987, "supply": [{"l": "Potash", "v": 4.2200611228204927}, {"l": "Phosphate", "v": 8.7001147569600903}, {"l": "Nitrogen", "v": 29.136324620531276}]}, {"source": 6, "prod": 0, "target": 8, "value": 53.537041627019171, "supply": [{"l": "Natural gas (including LNG)", "v": 35.404753571907811}, {"l": "Fuel oil", "v": 12.981825383419306}, {"l": "Liquefied petroleum gas (LPG)", "v": 2.5752313358460248}, {"l": "Coal", "v": 2.5752313358460248}]}, {"source": 9, "prod": 0, "target": 3, "value": 0.53301532744583724, "supply": "[{\"l\":'Labor',\"v\":0.53301532744583724}]"}, {"source": 9, "prod": 0, "target": 4, "value": 0.34036173778914058, "supply": "[{\"l\":'Labor',\"v\":0.34036173778914058}]"}, {"source": 9, "prod": 0, "target": 0, "value": 0.72284382551193083, "supply": "[{\"l\":'Labor',\"v\":0.72284382551193083}]"}, {"source": 9, "prod": 0, "target": 2, "value": 0.026811884877068454, "supply": "[{\"l\":'Labor',\"v\":0.026811884877068454}]"}]}