{"nodes": [{"layer": 5, "name": "Maize"}, {"layer": 10, "name": "Feed", "fill": "#dbdb8d"}, {"layer": 5, "name": "Rye"}, {"layer": 13, "name": "Sugar", "fill": "#d6616b"}, {"layer": 5, "name": "Barley"}, {"layer": 5, "name": "Rice"}, {"layer": 5, "name": "Sunflower seed"}, {"layer": 13, "name": "Fats, Animals, Raw"}, {"layer": 5, "name": "Wheat"}, {"layer": 5, "name": "Vegetables, Other"}, {"layer": 5, "name": "Peas"}, {"layer": 5, "name": "Oats"}, {"layer": 5, "name": "Soyabeans"}, {"layer": 5, "name": "Potatoes"}, {"layer": 13, "name": "Milk - Excluding Butter"}, {"layer": 5, "name": "Pulses, Other"}, {"layer": 13, "name": "Fish, Seafood"}, {"layer": 5, "name": "Sorghum"}, {"layer": 5, "name": "Cereals, Other"}, {"layer": 13, "name": "Sweeteners, Other"}, {"layer": 13, "name": "Pelagic Fish"}, {"layer": 5, "name": "Millet"}, {"layer": 5, "name": "Sweet potatoes"}, {"layer": 5, "name": "Rape and Mustardseed"}, {"layer": 5, "name": "Cassava"}, {"layer": 16, "name": "Food", "fill": "#b5cf6b"}, {"layer": 5, "name": "Olives"}, {"layer": 5, "name": "Nuts"}, {"layer": 5, "name": "Dates"}, {"layer": 13, "name": "Oilcrops Oil, Other"}, {"layer": 5, "name": "Citrus, Other"}, {"layer": 13, "name": "Beer"}, {"layer": 13, "name": "Groundnut Oil"}, {"layer": 13, "name": "Beverages, Alcoholic"}, {"layer": 13, "name": "Honey"}, {"layer": 13, "name": "Butter, Ghee"}, {"layer": 5, "name": "Tomatoes"}, {"layer": 5, "name": "Coffee"}, {"layer": 13, "name": "Soyabean Oil"}, {"layer": 5, "name": "Coconuts - Incl Copra"}, {"layer": 5, "name": "Treenuts"}, {"layer": 13, "name": "Crustaceans"}, {"layer": 13, "name": "Eggs"}, {"layer": 13, "name": "Cephalopods"}, {"layer": 13, "name": "Coconut Oil"}, {"layer": 13, "name": "Marine Fish, Other"}, {"layer": 5, "name": "Grapes"}, {"layer": 5, "name": "Groundnuts"}, {"layer": 13, "name": "Palm Oil"}, {"layer": 13, "name": "Wine"}, {"layer": 13, "name": "Sunflowerseed Oil"}, {"layer": 13, "name": "Olive Oil"}, {"layer": 13, "name": "Pigmeat"}, {"layer": 5, "name": "Cocoa Beans"}, {"layer": 13, "name": "Freshwater Fish"}, {"layer": 5, "name": "Pimento"}, {"layer": 5, "name": "Pepper"}, {"layer": 13, "name": "Rape and Mustard Oil"}, {"layer": 5, "name": "Beans"}, {"layer": 5, "name": "Apples"}, {"layer": 13, "name": "Meat, Other"}, {"layer": 5, "name": "Lemons, Limes"}, {"layer": 13, "name": "Mutton & Goat Meat"}, {"layer": 13, "name": "Sesameseed Oil"}, {"layer": 5, "name": "Bananas"}, {"layer": 13, "name": "Beverages, Fermented"}, {"layer": 13, "name": "Maize Germ Oil"}, {"layer": 5, "name": "Spices, Other"}, {"layer": 5, "name": "Tea"}, {"layer": 5, "name": "Fruits, Other"}, {"layer": 13, "name": "Molluscs, Other"}, {"layer": 13, "name": "Fish, Body Oil"}, {"layer": 13, "name": "Aquatic Animals, Others"}, {"layer": 13, "name": "Poultry Meat"}, {"layer": 13, "name": "Offals, Edible"}, {"layer": 5, "name": "Grapefruit"}, {"layer": 13, "name": "Demersal Fish"}, {"layer": 5, "name": "Oranges, Mandarines"}, {"layer": 13, "name": "Bovine Meat"}, {"layer": 13, "name": "Palmkernel Oil"}, {"layer": 13, "name": "Cream"}, {"layer": 5, "name": "Onions"}, {"layer": 5, "name": "Pineapples"}, {"layer": 13, "name": "Aquatic Products, Other"}, {"layer": 10, "name": "Processing", "fill": "#9edae5"}, {"layer": 5, "name": "Sesame seed"}, {"layer": 5, "name": "Sugar beet"}, {"layer": 5, "name": "Oilcrops, Other"}, {"layer": 16, "name": "Biofuels & Other", "fill": "#e7ba52"}, {"layer": 13, "name": "Alcohol, Non-Food"}, {"layer": 13, "name": "Aquatic Plants"}, {"name": "Waste", "fill": "#c7c7c7"}, {"layer": 2, "name": "Import", "fill": "#aec7e8"}, {"layer": 5, "name": "Infant food"}, {"layer": 5, "name": "Cloves"}, {"layer": 16, "name": "Export", "fill": "#aec7e8"}, {"layer": 16, "name": "Stock Deposit", "fill": "#c7c7c7"}, {"layer": 0, "name": "Stock Draw", "fill": "#c7c7c7"}, {"layer": 2, "name": "Electricity", "fill": "#bcbd22"}, {"layer": 0, "name": "Fossil Fuels", "fill": "#c49c94"}, {"layer": 0, "name": "Renewables & Nuclear", "fill": "#2ca02c"}, {"layer": 2, "name": "Fertilizers", "fill": "#c5b0d5"}, {"layer": 0, "name": "Labor", "fill": "#7f7f7f"}], "links": [{"source": 0, "prod": 5400.0, "target": 1, "value": 15.897444936046311, "supply": [{"l": "Maize", "v": 15.897444936046311}]}, {"source": 2, "prod": 215.0, "target": 1, "value": 0.5531385342959092, "supply": [{"l": "Rye", "v": 0.5531385342959092}]}, {"source": 3, "prod": 10.0, "target": 1, "value": 0.038591060532272729, "supply": [{"l": "Sugar", "v": 0.038591060532272729}]}, {"source": 4, "prod": 4896.0, "target": 1, "value": 10.391800780130399, "supply": [{"l": "Barley", "v": 10.391800780130399}]}, {"source": 5, "prod": 77.0, "target": 1, "value": 0.3458902462522222, "supply": [{"l": "Rice", "v": 0.3458902462522222}]}, {"source": 6, "prod": 78.0, "target": 1, "value": 0.12984756837917646, "supply": [{"l": "Sunflower seed", "v": 0.12984756837917646}]}, {"source": 7, "prod": 164.0, "target": 1, "value": 1.3685643449615901, "supply": [{"l": "Fats, Animals, Raw", "v": 1.3685643449615901}]}, {"source": 8, "prod": 7271.0, "target": 1, "value": 23.015248680442873, "supply": [{"l": "Wheat", "v": 23.015248680442873}]}, {"source": 9, "prod": 156.0, "target": 1, "value": 0.046840962903774687, "supply": [{"l": "Vegetables, Other", "v": 0.046840962903774687}]}, {"source": 10, "prod": 359.0, "target": 1, "value": 1.3062522689309575, "supply": [{"l": "Peas", "v": 1.3062522689309575}]}, {"source": 11, "prod": 1398.0, "target": 1, "value": 3.123438572975211, "supply": [{"l": "Oats", "v": 3.123438572975211}]}, {"source": 12, "prod": 80.0, "target": 1, "value": 0.13317699320941176, "supply": [{"l": "Soyabeans", "v": 0.13317699320941176}]}, {"source": 13, "prod": 905.0, "target": 1, "value": 0.69923520243512205, "supply": [{"l": "Potatoes", "v": 0.69923520243512205}]}, {"source": 14, "prod": 6711.0, "target": 1, "value": 4.133814875243214, "supply": [{"l": "Milk - Excluding Butter", "v": 4.133814875243214}]}, {"source": 15, "prod": 120.0, "target": 1, "value": 0.42450166585499999, "supply": [{"l": "Pulses, Other", "v": 0.42450166585499999}]}, {"source": 16, "prod": 298.0, "target": 1, "value": 0.17335568600275753, "supply": [{"l": "Fish, Seafood", "v": 0.17335568600275753}]}, {"source": 17, "prod": 28.0, "target": 1, "value": 0.082431195964684567, "supply": [{"l": "Sorghum", "v": 0.082431195964684567}]}, {"source": 18, "prod": 655.0, "target": 1, "value": 2.5277144648638639, "supply": [{"l": "Cereals, Other", "v": 2.5277144648638639}]}, {"source": 19, "prod": 9.0, "target": 1, "value": 0.020763668438559785, "supply": [{"l": "Sweeteners, Other", "v": 0.020763668438559785}]}, {"source": 20, "prod": 298.0, "target": 1, "value": 0.29128634045181906, "supply": [{"l": "Pelagic Fish", "v": 0.29128634045181906}]}, {"source": 21, "prod": 11.0, "target": 1, "value": 0.032383684128983223, "supply": [{"l": "Millet", "v": 0.032383684128983223}]}, {"source": 22, "prod": 6.0, "target": 1, "value": 0.0046358134968074389, "supply": [{"l": "Sweet potatoes", "v": 0.0046358134968074389}]}, {"source": 23, "prod": 136.0, "target": 1, "value": 0.22640088845599998, "supply": [{"l": "Rape and Mustardseed", "v": 0.22640088845599998}]}, {"source": 24, "prod": 959.0, "target": 1, "value": 0.74095752390638892, "supply": [{"l": "Cassava", "v": 0.74095752390638892}]}, {"source": 0, "prod": 743.0, "target": 25, "value": 2.1873706643485944, "supply": [{"l": "Maize", "v": 2.1873706643485944}]}, {"source": 26, "prod": 44.0, "target": 25, "value": 0.046695183244050004, "supply": [{"l": "Olives", "v": 0.046695183244050004}]}, {"source": 2, "prod": 37.0, "target": 25, "value": 0.095191282646272732, "supply": [{"l": "Rye", "v": 0.095191282646272732}]}, {"source": 27, "prod": 210.0, "target": 25, "value": 0.564508811585541, "supply": [{"l": "Nuts", "v": 0.564508811585541}]}, {"source": 28, "prod": 6.0, "target": 25, "value": 0.023154636319363639, "supply": [{"l": "Dates", "v": 0.023154636319363639}]}, {"source": 3, "prod": 1864.0, "target": 25, "value": 7.1933736832156372, "supply": [{"l": "Sugar", "v": 7.1933736832156372}]}, {"source": 29, "prod": 72.0, "target": 25, "value": 0.82288015227276934, "supply": [{"l": "Oilcrops Oil, Other", "v": 0.82288015227276934}]}, {"source": 30, "prod": 3.0, "target": 25, "value": 0.0016996253542335561, "supply": [{"l": "Citrus, Other", "v": 0.0016996253542335561}]}, {"source": 31, "prod": 2076.0, "target": 25, "value": 1.1762753047450349, "supply": [{"l": "Beer", "v": 1.1762753047450349}]}, {"source": 32, "prod": 138.0, "target": 25, "value": 1.4115959009154215, "supply": [{"l": "Groundnut Oil", "v": 1.4115959009154215}]}, {"source": 33, "prod": 172.0, "target": 25, "value": 0.58882489134725813, "supply": [{"l": "Beverages, Alcoholic", "v": 0.58882489134725813}]}, {"source": 4, "prod": 11.0, "target": 25, "value": 0.023347591622025002, "supply": [{"l": "Barley", "v": 0.023347591622025002}]}, {"source": 34, "prod": 18.0, "target": 25, "value": 0.069463908958090917, "supply": [{"l": "Honey", "v": 0.069463908958090917}]}, {"source": 5, "prod": 210.0, "target": 25, "value": 0.94333703523333345, "supply": [{"l": "Rice", "v": 0.94333703523333345}]}, {"source": 35, "prod": 516.0, "target": 25, "value": 4.3055685610478998, "supply": [{"l": "Butter, Ghee", "v": 4.3055685610478998}]}, {"source": 36, "prod": 1264.0, "target": 25, "value": 0.25875805182147832, "supply": [{"l": "Tomatoes", "v": 0.25875805182147832}]}, {"source": 7, "prod": 195.0, "target": 25, "value": 1.6272563857775, "supply": [{"l": "Fats, Animals, Raw", "v": 1.6272563857775}]}, {"source": 37, "prod": 291.0, "target": 25, "value": 0.16470664635174001, "supply": [{"l": "Coffee", "v": 0.16470664635174001}]}, {"source": 8, "prod": 5046.0, "target": 25, "value": 15.972348348441031, "supply": [{"l": "Wheat", "v": 15.972348348441031}]}, {"source": 38, "prod": 93.0, "target": 25, "value": 0.95776618455923967, "supply": [{"l": "Soyabean Oil", "v": 0.95776618455923967}]}, {"source": 39, "prod": 28.0, "target": 25, "value": 0.046611947623294112, "supply": [{"l": "Coconuts - Incl Copra", "v": 0.046611947623294112}]}, {"source": 40, "prod": 210.0, "target": 25, "value": 0.564508811585541, "supply": [{"l": "Treenuts", "v": 0.564508811585541}]}, {"source": 41, "prod": 140.0, "target": 25, "value": 0.070750277642500012, "supply": [{"l": "Crustaceans", "v": 0.070750277642500012}]}, {"source": 42, "prod": 827.0, "target": 25, "value": 1.3638075622505648, "supply": [{"l": "Eggs", "v": 1.3638075622505648}]}, {"source": 9, "prod": 5406.0, "target": 25, "value": 1.6232195221654229, "supply": [{"l": "Vegetables, Other", "v": 1.6232195221654229}]}, {"source": 10, "prod": 19.0, "target": 25, "value": 0.069133128439242866, "supply": [{"l": "Peas", "v": 0.069133128439242866}]}, {"source": 43, "prod": 17.0, "target": 25, "value": 0.024055094398450005, "supply": [{"l": "Cephalopods", "v": 0.024055094398450005}]}, {"source": 44, "prod": 27.0, "target": 25, "value": 0.26266040574778127, "supply": [{"l": "Coconut Oil", "v": 0.26266040574778127}]}, {"source": 45, "prod": 22.0, "target": 25, "value": 0.023347591622025002, "supply": [{"l": "Marine Fish, Other", "v": 0.023347591622025002}]}, {"source": 46, "prod": 129.0, "target": 25, "value": 0.094415025681543113, "supply": [{"l": "Grapes", "v": 0.094415025681543113}]}, {"source": 47, "prod": 22.0, "target": 25, "value": 0.14008554973215001, "supply": [{"l": "Groundnuts", "v": 0.14008554973215001}]}, {"source": 48, "prod": 64.0, "target": 25, "value": 0.60894032067475867, "supply": [{"l": "Palm Oil", "v": 0.60894032067475867}]}, {"source": 23, "prod": 15.0, "target": 25, "value": 0.02497068622676471, "supply": [{"l": "Rape and Mustardseed", "v": 0.02497068622676471}]}, {"source": 49, "prod": 4375.0, "target": 25, "value": 3.457543488513132, "supply": [{"l": "Wine", "v": 3.457543488513132}]}, {"source": 50, "prod": 316.0, "target": 25, "value": 3.2476611657201473, "supply": [{"l": "Sunflowerseed Oil", "v": 3.2476611657201473}]}, {"source": 11, "prod": 11.0, "target": 25, "value": 0.024576412233710529, "supply": [{"l": "Oats", "v": 0.024576412233710529}]}, {"source": 51, "prod": 25.0, "target": 25, "value": 0.25941768468916665, "supply": [{"l": "Olive Oil", "v": 0.25941768468916665}]}, {"source": 52, "prod": 1951.0, "target": 25, "value": 6.844845222214814, "supply": [{"l": "Pigmeat", "v": 6.844845222214814}]}, {"source": 53, "prod": 109.0, "target": 25, "value": 0.21032127990088637, "supply": [{"l": "Cocoa Beans", "v": 0.21032127990088637}]}, {"source": 13, "prod": 4201.0, "target": 25, "value": 3.2458420833480086, "supply": [{"l": "Potatoes", "v": 3.2458420833480086}]}, {"source": 54, "prod": 65.0, "target": 25, "value": 0.04716685176166667, "supply": [{"l": "Freshwater Fish", "v": 0.04716685176166667}]}, {"source": 55, "prod": 4.0, "target": 25, "value": 0.024257238048857144, "supply": [{"l": "Pimento", "v": 0.024257238048857144}]}, {"source": 56, "prod": 6.0, "target": 25, "value": 0.023154636319363639, "supply": [{"l": "Pepper", "v": 0.023154636319363639}]}, {"source": 57, "prod": 60.0, "target": 25, "value": 0.61316907290166678, "supply": [{"l": "Rape and Mustard Oil", "v": 0.61316907290166678}]}, {"source": 14, "prod": 16230.0, "target": 25, "value": 9.997290333064722, "supply": [{"l": "Milk - Excluding Butter", "v": 9.997290333064722}]}, {"source": 20, "prod": 337.0, "target": 25, "value": 0.32940770715524509, "supply": [{"l": "Pelagic Fish", "v": 0.32940770715524509}]}, {"source": 58, "prod": 60.0, "target": 25, "value": 0.23367064175504587, "supply": [{"l": "Beans", "v": 0.23367064175504587}]}, {"source": 59, "prod": 582.0, "target": 25, "value": 0.32972731872130984, "supply": [{"l": "Apples", "v": 0.32972731872130984}]}, {"source": 16, "prod": 1456.0, "target": 25, "value": 0.84699959335575481, "supply": [{"l": "Fish, Seafood", "v": 0.84699959335575481}]}, {"source": 60, "prod": 517.0, "target": 25, "value": 0.68216007247202737, "supply": [{"l": "Meat, Other", "v": 0.68216007247202737}]}, {"source": 61, "prod": 131.0, "target": 25, "value": 0.023563439926697037, "supply": [{"l": "Lemons, Limes", "v": 0.023563439926697037}]}, {"source": 18, "prod": 12.0, "target": 25, "value": 0.046309272638727278, "supply": [{"l": "Cereals, Other", "v": 0.046309272638727278}]}, {"source": 62, "prod": 225.0, "target": 25, "value": 0.61165880424919949, "supply": [{"l": "Mutton & Goat Meat", "v": 0.61165880424919949}]}, {"source": 19, "prod": 51.0, "target": 25, "value": 0.11766078781850546, "supply": [{"l": "Sweeteners, Other", "v": 0.11766078781850546}]}, {"source": 63, "prod": 1.0, "target": 25, "value": 0.011577318159681819, "supply": [{"l": "Sesameseed Oil", "v": 0.011577318159681819}]}, {"source": 64, "prod": 401.0, "target": 25, "value": 0.28253139918316184, "supply": [{"l": "Bananas", "v": 0.28253139918316184}]}, {"source": 65, "prod": 862.0, "target": 25, "value": 0.47033475060027002, "supply": [{"l": "Beverages, Fermented", "v": 0.47033475060027002}]}, {"source": 66, "prod": 34.0, "target": 25, "value": 0.3549112288295902, "supply": [{"l": "Maize Germ Oil", "v": 0.3549112288295902}]}, {"source": 67, "prod": 4.0, "target": 25, "value": 0.024257238048857144, "supply": [{"l": "Spices, Other", "v": 0.024257238048857144}]}, {"source": 68, "prod": 9.0, "target": 25, "value": 0.011229998614891363, "supply": [{"l": "Tea", "v": 0.011229998614891363}]}, {"source": 69, "prod": 1382.0, "target": 25, "value": 0.82330174728974947, "supply": [{"l": "Fruits, Other", "v": 0.82330174728974947}]}, {"source": 70, "prod": 329.0, "target": 25, "value": 0.09420644051689378, "supply": [{"l": "Molluscs, Other", "v": 0.09420644051689378}]}, {"source": 71, "prod": 12.0, "target": 25, "value": 0.13892781791618183, "supply": [{"l": "Fish, Body Oil", "v": 0.13892781791618183}]}, {"source": 72, "prod": 1.0, "target": 25, "value": 0.00065368718159927481, "supply": [{"l": "Aquatic Animals, Others", "v": 0.00065368718159927481}]}, {"source": 73, "prod": 974.0, "target": 25, "value": 1.5766721519843818, "supply": [{"l": "Poultry Meat", "v": 1.5766721519843818}]}, {"source": 74, "prod": 598.0, "target": 25, "value": 0.75285114715489154, "supply": [{"l": "Offals, Edible", "v": 0.75285114715489154}]}, {"source": 75, "prod": 140.0, "target": 25, "value": 0.023583425880833331, "supply": [{"l": "Grapefruit", "v": 0.023583425880833331}]}, {"source": 76, "prod": 546.0, "target": 25, "value": 0.25883827463199294, "supply": [{"l": "Demersal Fish", "v": 0.25883827463199294}]}, {"source": 77, "prod": 940.0, "target": 25, "value": 0.30568122314367119, "supply": [{"l": "Oranges, Mandarines", "v": 0.30568122314367119}]}, {"source": 78, "prod": 1751.0, "target": 25, "value": 2.3992672950960352, "supply": [{"l": "Bovine Meat", "v": 2.3992672950960352}]}, {"source": 15, "prod": 20.0, "target": 25, "value": 0.070750277642500012, "supply": [{"l": "Pulses, Other", "v": 0.070750277642500012}]}, {"source": 79, "prod": 16.0, "target": 25, "value": 0.16394547095089657, "supply": [{"l": "Palmkernel Oil", "v": 0.16394547095089657}]}, {"source": 80, "prod": 153.0, "target": 25, "value": 0.35298236345551631, "supply": [{"l": "Cream", "v": 0.35298236345551631}]}, {"source": 81, "prod": 286.0, "target": 25, "value": 0.14144560361304465, "supply": [{"l": "Onions", "v": 0.14144560361304465}]}, {"source": 82, "prod": 87.0, "target": 25, "value": 0.046748917632132923, "supply": [{"l": "Pineapples", "v": 0.046748917632132923}]}, {"source": 83, "prod": 1.0, "target": 25, "value": 0.00065368718159927481, "supply": [{"l": "Aquatic Products, Other", "v": 0.00065368718159927481}]}, {"source": 6, "prod": 435.0, "target": 84, "value": 0.72414990057617645, "supply": [{"l": "Sunflower seed", "v": 0.72414990057617645}]}, {"source": 0, "prod": 368.0, "target": 84, "value": 1.0833814326787115, "supply": [{"l": "Maize", "v": 1.0833814326787115}]}, {"source": 26, "prod": 5.0, "target": 84, "value": 0.0053062708231875, "supply": [{"l": "Olives", "v": 0.0053062708231875}]}, {"source": 8, "prod": 92.0, "target": 84, "value": 0.29121205867153682, "supply": [{"l": "Wheat", "v": 0.29121205867153682}]}, {"source": 7, "prod": 45.0, "target": 84, "value": 0.37552070441019242, "supply": [{"l": "Fats, Animals, Raw", "v": 0.37552070441019242}]}, {"source": 12, "prod": 572.0, "target": 84, "value": 0.95221550144729405, "supply": [{"l": "Soyabeans", "v": 0.95221550144729405}]}, {"source": 13, "prod": 533.0, "target": 84, "value": 0.4118147656330608, "supply": [{"l": "Potatoes", "v": 0.4118147656330608}]}, {"source": 59, "prod": 1335.0, "target": 84, "value": 0.7563332826339324, "supply": [{"l": "Apples", "v": 0.7563332826339324}]}, {"source": 69, "prod": 66.0, "target": 84, "value": 0.039318317887933045, "supply": [{"l": "Fruits, Other", "v": 0.039318317887933045}]}, {"source": 85, "prod": 1.0, "target": 84, "value": 0.0016647124151176471, "supply": [{"l": "Sesame seed", "v": 0.0016647124151176471}]}, {"source": 73, "prod": 4.0, "target": 84, "value": 0.0064750396385395556, "supply": [{"l": "Poultry Meat", "v": 0.0064750396385395556}]}, {"source": 23, "prod": 802.0, "target": 84, "value": 1.3350993569243528, "supply": [{"l": "Rape and Mustardseed", "v": 1.3350993569243528}]}, {"source": 4, "prod": 228.0, "target": 84, "value": 0.48393189907470002, "supply": [{"l": "Barley", "v": 0.48393189907470002}]}, {"source": 46, "prod": 9016.0, "target": 84, "value": 6.598805205773588, "supply": [{"l": "Grapes", "v": 6.598805205773588}]}, {"source": 47, "prod": 44.0, "target": 84, "value": 0.28017109946430002, "supply": [{"l": "Groundnuts", "v": 0.28017109946430002}]}, {"source": 86, "prod": 26600.0, "target": 84, "value": 30.915111052, "supply": [{"l": "Sugar beet", "v": 30.915111052}]}, {"source": 87, "prod": 58.0, "target": 84, "value": 0.096553320076823518, "supply": [{"l": "Oilcrops, Other", "v": 0.096553320076823518}]}, {"source": 5, "prod": 3.0, "target": 84, "value": 0.013476243360476193, "supply": [{"l": "Rice", "v": 0.013476243360476193}]}, {"source": 49, "prod": 1722.0, "target": 84, "value": 1.3608891170787687, "supply": [{"l": "Wine", "v": 1.3608891170787687}]}, {"source": 0, "prod": 48.0, "target": 88, "value": 0.141310621653745, "supply": [{"l": "Maize", "v": 0.141310621653745}]}, {"source": 89, "prod": 264.0, "target": 88, "value": 0.17911109779625523, "supply": [{"l": "Alcohol, Non-Food", "v": 0.17911109779625523}]}, {"source": 33, "prod": 368.0, "target": 88, "value": 1.2598113954406454, "supply": [{"l": "Beverages, Alcoholic", "v": 1.2598113954406454}]}, {"source": 83, "prod": 80.0, "target": 88, "value": 0.05229497452794199, "supply": [{"l": "Aquatic Products, Other", "v": 0.05229497452794199}]}, {"source": 5, "prod": 1.0, "target": 88, "value": 0.0044920811201587304, "supply": [{"l": "Rice", "v": 0.0044920811201587304}]}, {"source": 7, "prod": 30.0, "target": 88, "value": 0.25034713627346156, "supply": [{"l": "Fats, Animals, Raw", "v": 0.25034713627346156}]}, {"source": 8, "prod": 280.0, "target": 88, "value": 0.88629756986989461, "supply": [{"l": "Wheat", "v": 0.88629756986989461}]}, {"source": 42, "prod": 8.0, "target": 88, "value": 0.013192818014515741, "supply": [{"l": "Eggs", "v": 0.013192818014515741}]}, {"source": 48, "prod": 56.0, "target": 88, "value": 0.53282278059041388, "supply": [{"l": "Palm Oil", "v": 0.53282278059041388}]}, {"source": 87, "prod": 30.0, "target": 88, "value": 0.04994137245352942, "supply": [{"l": "Oilcrops, Other", "v": 0.04994137245352942}]}, {"source": 62, "prod": 26.0, "target": 88, "value": 0.070680572935463065, "supply": [{"l": "Mutton & Goat Meat", "v": 0.070680572935463065}]}, {"source": 13, "prod": 40.0, "target": 88, "value": 0.030905423312049596, "supply": [{"l": "Potatoes", "v": 0.030905423312049596}]}, {"source": 44, "prod": 42.0, "target": 88, "value": 0.40858285338543754, "supply": [{"l": "Coconut Oil", "v": 0.40858285338543754}]}, {"source": 57, "prod": 7.0, "target": 88, "value": 0.07153639183852778, "supply": [{"l": "Rape and Mustard Oil", "v": 0.07153639183852778}]}, {"source": 14, "prod": 1048.0, "target": 88, "value": 0.64554283851212746, "supply": [{"l": "Milk - Excluding Butter", "v": 0.64554283851212746}]}, {"source": 86, "prod": 3316.0, "target": 88, "value": 3.8539288815199999, "supply": [{"l": "Sugar beet", "v": 3.8539288815199999}]}, {"source": 29, "prod": 104.0, "target": 88, "value": 1.188604664394, "supply": [{"l": "Oilcrops Oil, Other", "v": 1.188604664394}]}, {"source": 49, "prod": 154.0, "target": 88, "value": 0.12170553079566224, "supply": [{"l": "Wine", "v": 0.12170553079566224}]}, {"source": 19, "prod": 108.0, "target": 88, "value": 0.24916402126271742, "supply": [{"l": "Sweeteners, Other", "v": 0.24916402126271742}]}, {"source": 71, "prod": 4.0, "target": 88, "value": 0.046309272638727278, "supply": [{"l": "Fish, Body Oil", "v": 0.046309272638727278}]}, {"source": 74, "prod": 1.0, "target": 88, "value": 0.0012589484066135312, "supply": [{"l": "Offals, Edible", "v": 0.0012589484066135312}]}, {"source": 90, "prod": 80.0, "target": 88, "value": 0.05229497452794199, "supply": [{"l": "Aquatic Plants", "v": 0.05229497452794199}]}, {"source": 79, "prod": 6.0, "target": 88, "value": 0.061479551606586212, "supply": [{"l": "Palmkernel Oil", "v": 0.061479551606586212}]}, {"source": 24, "prod": 19.0, "target": 88, "value": 0.014680076073223556, "supply": [{"l": "Cassava", "v": 0.014680076073223556}]}, {"source": 4, "prod": 17.0, "target": 88, "value": 0.036082641597675005, "supply": [{"l": "Barley", "v": 0.036082641597675005}]}, {"source": 6, "prod": 9.0, "target": 6, "value": 0.014982411736058823, "supply": [{"l": "Sunflower seed", "v": 0.014982411736058823}]}, {"source": 0, "prod": 113.0, "target": 0, "value": 0.33266875514319133, "supply": [{"l": "Maize", "v": 0.33266875514319133}]}, {"source": 8, "prod": 701.0, "target": 8, "value": 2.2189092731385576, "supply": [{"l": "Wheat", "v": 2.2189092731385576}]}, {"source": 11, "prod": 63.0, "target": 11, "value": 0.14075581552034214, "supply": [{"l": "Oats", "v": 0.14075581552034214}]}, {"source": 12, "prod": 3.0, "target": 12, "value": 0.0049941372453529403, "supply": [{"l": "Soyabeans", "v": 0.0049941372453529403}]}, {"source": 13, "prod": 423.0, "target": 13, "value": 0.32682485152492441, "supply": [{"l": "Potatoes", "v": 0.32682485152492441}]}, {"source": 42, "prod": 55.0, "target": 42, "value": 0.090700623849795714, "supply": [{"l": "Eggs", "v": 0.090700623849795714}]}, {"source": 2, "prod": 15.0, "target": 2, "value": 0.038591060532272729, "supply": [{"l": "Rye", "v": 0.038591060532272729}]}, {"source": 10, "prod": 48.0, "target": 10, "value": 0.17465211395177146, "supply": [{"l": "Peas", "v": 0.17465211395177146}]}, {"source": 58, "prod": 2.0, "target": 58, "value": 0.0077890213918348642, "supply": [{"l": "Beans", "v": 0.0077890213918348642}]}, {"source": 4, "prod": 383.0, "target": 4, "value": 0.81292069011232504, "supply": [{"l": "Barley", "v": 0.81292069011232504}]}, {"source": 23, "prod": 2.0, "target": 23, "value": 0.0033294248302352942, "supply": [{"l": "Rape and Mustardseed", "v": 0.0033294248302352942}]}, {"source": 87, "prod": 3.0, "target": 87, "value": 0.0049941372453529403, "supply": [{"l": "Oilcrops, Other", "v": 0.0049941372453529403}]}, {"source": 5, "prod": 1.0, "target": 5, "value": 0.0044920811201587304, "supply": [{"l": "Rice", "v": 0.0044920811201587304}]}, {"source": 17, "prod": 1.0, "target": 17, "value": 0.0029439712844530207, "supply": [{"l": "Sorghum", "v": 0.0029439712844530207}]}, {"source": 18, "prod": 29.0, "target": 18, "value": 0.11191407554359092, "supply": [{"l": "Cereals, Other", "v": 0.11191407554359092}]}, {"source": 15, "prod": 5.0, "target": 15, "value": 0.017687569410625003, "supply": [{"l": "Pulses, Other", "v": 0.017687569410625003}]}, {"source": 0, "prod": 68.0, "target": 91, "value": 0.20019004734280541, "supply": [{"l": "Maize", "v": 0.20019004734280541}]}, {"source": 69, "prod": 252.0, "target": 91, "value": 0.15012448648119889, "supply": [{"l": "Fruits, Other", "v": 0.15012448648119889}]}, {"source": 31, "prod": 33.0, "target": 91, "value": 0.018698017849993327, "supply": [{"l": "Beer", "v": 0.018698017849993327}]}, {"source": 75, "prod": 11.0, "target": 91, "value": 0.001852983462065476, "supply": [{"l": "Grapefruit", "v": 0.001852983462065476}]}, {"source": 4, "prod": 153.0, "target": 91, "value": 0.32474377437907498, "supply": [{"l": "Barley", "v": 0.32474377437907498}]}, {"source": 27, "prod": 1.0, "target": 91, "value": 0.0026881371980263858, "supply": [{"l": "Nuts", "v": 0.0026881371980263858}]}, {"source": 6, "prod": 46.0, "target": 91, "value": 0.076576771095411764, "supply": [{"l": "Sunflower seed", "v": 0.076576771095411764}]}, {"source": 8, "prod": 368.0, "target": 91, "value": 1.1648482346861473, "supply": [{"l": "Wheat", "v": 1.1648482346861473}]}, {"source": 40, "prod": 1.0, "target": 91, "value": 0.0026881371980263858, "supply": [{"l": "Treenuts", "v": 0.0026881371980263858}]}, {"source": 42, "prod": 9.0, "target": 91, "value": 0.014841920266330209, "supply": [{"l": "Eggs", "v": 0.014841920266330209}]}, {"source": 9, "prod": 1017.0, "target": 91, "value": 0.30536704662268499, "supply": [{"l": "Vegetables, Other", "v": 0.30536704662268499}]}, {"source": 36, "prod": 100.0, "target": 91, "value": 0.020471364859294173, "supply": [{"l": "Tomatoes", "v": 0.020471364859294173}]}, {"source": 46, "prod": 9.0, "target": 91, "value": 0.0065870948149913799, "supply": [{"l": "Grapes", "v": 0.0065870948149913799}]}, {"source": 28, "prod": 2.0, "target": 91, "value": 0.007718212106454546, "supply": [{"l": "Dates", "v": 0.007718212106454546}]}, {"source": 11, "prod": 24.0, "target": 91, "value": 0.053621263055368434, "supply": [{"l": "Oats", "v": 0.053621263055368434}]}, {"source": 13, "prod": 1160.0, "target": 91, "value": 0.89625727604943817, "supply": [{"l": "Potatoes", "v": 0.89625727604943817}]}, {"source": 14, "prod": 54.0, "target": 91, "value": 0.033262703511121067, "supply": [{"l": "Milk - Excluding Butter", "v": 0.033262703511121067}]}, {"source": 59, "prod": 120.0, "target": 91, "value": 0.067985014169342245, "supply": [{"l": "Apples", "v": 0.067985014169342245}]}, {"source": 61, "prod": 13.0, "target": 91, "value": 0.002338356633947034, "supply": [{"l": "Lemons, Limes", "v": 0.002338356633947034}]}, {"source": 49, "prod": 31.0, "target": 91, "value": 0.024499165290035908, "supply": [{"l": "Wine", "v": 0.024499165290035908}]}, {"source": 82, "prod": 11.0, "target": 91, "value": 0.0059107826891202538, "supply": [{"l": "Pineapples", "v": 0.0059107826891202538}]}, {"source": 64, "prod": 21.0, "target": 91, "value": 0.01479590868540249, "supply": [{"l": "Bananas", "v": 0.01479590868540249}]}, {"source": 65, "prod": 1.0, "target": 91, "value": 0.0005456319612532134, "supply": [{"l": "Beverages, Fermented", "v": 0.0005456319612532134}]}, {"source": 77, "prod": 84.0, "target": 91, "value": 0.027316194408583384, "supply": [{"l": "Oranges, Mandarines", "v": 0.027316194408583384}]}, {"source": 81, "prod": 55.0, "target": 91, "value": 0.027201077617893202, "supply": [{"l": "Onions", "v": 0.027201077617893202}]}, {"source": 15, "prod": 3.0, "target": 91, "value": 0.010612541646375, "supply": [{"l": "Pulses, Other", "v": 0.010612541646375}]}, {"source": 92, "prod": 18.0, "target": 93, "value": 0.048386469564474933, "supply": [{"l": "Infant food", "v": 0.048386469564474933}]}, {"source": 92, "prod": 6.0, "target": 22, "value": 0.0046358134968074389, "supply": [{"l": "Sweet potatoes", "v": 0.0046358134968074389}]}, {"source": 92, "prod": 11.0, "target": 67, "value": 0.066707404634357148, "supply": [{"l": "Spices, Other", "v": 0.066707404634357148}]}, {"source": 92, "prod": 470.0, "target": 36, "value": 0.096215414838682595, "supply": [{"l": "Tomatoes", "v": 0.096215414838682595}]}, {"source": 92, "prod": 979.0, "target": 24, "value": 0.75641023556241382, "supply": [{"l": "Cassava", "v": 0.75641023556241382}]}, {"source": 92, "prod": 146.0, "target": 61, "value": 0.02626154373509746, "supply": [{"l": "Lemons, Limes", "v": 0.02626154373509746}]}, {"source": 92, "prod": 181.0, "target": 40, "value": 0.48655283284277578, "supply": [{"l": "Treenuts", "v": 0.48655283284277578}]}, {"source": 92, "prod": 6.0, "target": 2, "value": 0.015436424212909092, "supply": [{"l": "Rye", "v": 0.015436424212909092}]}, {"source": 92, "prod": 102.0, "target": 59, "value": 0.057787262043940898, "supply": [{"l": "Apples", "v": 0.057787262043940898}]}, {"source": 92, "prod": 10.0, "target": 68, "value": 0.012477776238768182, "supply": [{"l": "Tea", "v": 0.012477776238768182}]}, {"source": 92, "prod": 907.0, "target": 9, "value": 0.2723381625238695, "supply": [{"l": "Vegetables, Other", "v": 0.2723381625238695}]}, {"source": 92, "prod": 270.0, "target": 5, "value": 1.2128619024428573, "supply": [{"l": "Rice", "v": 1.2128619024428573}]}, {"source": 92, "prod": 658.0, "target": 8, "value": 2.0827992891942526, "supply": [{"l": "Wheat", "v": 2.0827992891942526}]}, {"source": 92, "prod": 136.0, "target": 4, "value": 0.28866113278140004, "supply": [{"l": "Barley", "v": 0.28866113278140004}]}, {"source": 92, "prod": 8.0, "target": 56, "value": 0.030872848425818184, "supply": [{"l": "Pepper", "v": 0.030872848425818184}]}, {"source": 92, "prod": 154.0, "target": 75, "value": 0.02594176846891667, "supply": [{"l": "Grapefruit", "v": 0.02594176846891667}]}, {"source": 92, "prod": 349.0, "target": 37, "value": 0.19753477517786, "supply": [{"l": "Coffee", "v": 0.19753477517786}]}, {"source": 92, "prod": 18.0, "target": 6, "value": 0.029964823472117645, "supply": [{"l": "Sunflower seed", "v": 0.029964823472117645}]}, {"source": 92, "prod": 12.0, "target": 21, "value": 0.03532765541343625, "supply": [{"l": "Millet", "v": 0.03532765541343625}]}, {"source": 92, "prod": 14.0, "target": 28, "value": 0.054027484745181827, "supply": [{"l": "Dates", "v": 0.054027484745181827}]}, {"source": 92, "prod": 45.0, "target": 26, "value": 0.047756437408687499, "supply": [{"l": "Olives", "v": 0.047756437408687499}]}, {"source": 92, "prod": 1.0, "target": 94, "value": 0.0060643095122142861, "supply": [{"l": "Cloves", "v": 0.0060643095122142861}]}, {"source": 92, "prod": 19.0, "target": 18, "value": 0.073323015011318188, "supply": [{"l": "Cereals, Other", "v": 0.073323015011318188}]}, {"source": 92, "prod": 4596.0, "target": 1, "value": 4.5647014972715949, "supply": [{"l": "Crustaceans", "v": 0.065191327256303569}, {"l": "Eggs", "v": 0.059367681065320838}, {"l": "Aquatic Products, Other", "v": 0.0065368718159927487}, {"l": "Marine Fish, Other", "v": 0.019102574963475002}, {"l": "Pigmeat", "v": 1.2805579221468}, {"l": "Fish, Seafood", "v": 0.68702370862166662}, {"l": "Offals, Edible", "v": 0.1460380151671696}, {"l": "Demersal Fish", "v": 0.12467850957548376}, {"l": "Freshwater Fish", "v": 0.028300111057000001}, {"l": "Milk - Excluding Butter", "v": 0.74717887701833074}, {"l": "Meat, Other", "v": 0.087084264570897116}, {"l": "Cephalopods", "v": 0.022640088845599999}, {"l": "Mutton & Goat Meat", "v": 0.18213839948753943}, {"l": "Pelagic Fish", "v": 0.57866279713918434}, {"l": "Bovine Meat", "v": 0.44121306054878551}, {"l": "Molluscs, Other", "v": 0.035506378796640814}, {"l": "Poultry Meat", "v": 0.046944037379411781}, {"l": "Aquatic Plants", "v": 0.0065368718159927487}]}, {"source": 92, "prod": 4.0, "target": 55, "value": 0.024257238048857144, "supply": [{"l": "Pimento", "v": 0.024257238048857144}]}, {"source": 92, "prod": 181.0, "target": 27, "value": 0.48655283284277578, "supply": [{"l": "Nuts", "v": 0.48655283284277578}]}, {"source": 92, "prod": 35.0, "target": 10, "value": 0.12735049975650004, "supply": [{"l": "Peas", "v": 0.12735049975650004}]}, {"source": 92, "prod": 19.0, "target": 87, "value": 0.031629535887235292, "supply": [{"l": "Oilcrops, Other", "v": 0.031629535887235292}]}, {"source": 92, "prod": 165.0, "target": 53, "value": 0.31837624939124998, "supply": [{"l": "Cocoa Beans", "v": 0.31837624939124998}]}, {"source": 92, "prod": 1044.0, "target": 77, "value": 0.33950127336382202, "supply": [{"l": "Oranges, Mandarines", "v": 0.33950127336382202}]}, {"source": 92, "prod": 1.0, "target": 17, "value": 0.0029439712844530207, "supply": [{"l": "Sorghum", "v": 0.0029439712844530207}]}, {"source": 92, "prod": 66.0, "target": 47, "value": 0.42025664919645001, "supply": [{"l": "Groundnuts", "v": 0.42025664919645001}]}, {"source": 92, "prod": 536.0, "target": 13, "value": 0.41413267238146451, "supply": [{"l": "Potatoes", "v": 0.41413267238146451}]}, {"source": 92, "prod": 146.0, "target": 81, "value": 0.072206496949316509, "supply": [{"l": "Onions", "v": 0.072206496949316509}]}, {"source": 92, "prod": 96.0, "target": 23, "value": 0.15981239185129409, "supply": [{"l": "Rape and Mustardseed", "v": 0.15981239185129409}]}, {"source": 92, "prod": 3.0, "target": 30, "value": 0.0016996253542335561, "supply": [{"l": "Citrus, Other", "v": 0.0016996253542335561}]}, {"source": 92, "prod": 220.0, "target": 46, "value": 0.16101787325534483, "supply": [{"l": "Grapes", "v": 0.16101787325534483}]}, {"source": 92, "prod": 1.0, "target": 85, "value": 0.0016647124151176471, "supply": [{"l": "Sesame seed", "v": 0.0016647124151176471}]}, {"source": 92, "prod": 2669.0, "target": 84, "value": 13.600874091406174, "supply": [{"l": "Sugar", "v": 1.3236733762569546}, {"l": "Beverages, Alcoholic", "v": 0.31837624939125003}, {"l": "Butter, Ghee", "v": 0.41720625591549415}, {"l": "Fats, Animals, Raw", "v": 0.99304364055139738}, {"l": "Sunflowerseed Oil", "v": 1.5107790865850055}, {"l": "Rape and Mustard Oil", "v": 0.3576819591926389}, {"l": "Wine", "v": 0.55162636685306654}, {"l": "Sweeteners, Other", "v": 0.37605310616502718}, {"l": "Fish, Body Oil", "v": 0.24312368135331824}, {"l": "Honey", "v": 0.030872848425818184}, {"l": "Palmkernel Oil", "v": 0.23567161449191382}, {"l": "Cream", "v": 0.018456594167608694}, {"l": "Alcohol, Non-Food", "v": 0.021710436096515785}, {"l": "Oilcrops Oil, Other", "v": 2.0572003806819232}, {"l": "Maize Germ Oil", "v": 0.2296484421838525}, {"l": "Beer", "v": 0.13881861737116258}, {"l": "Groundnut Oil", "v": 1.2479326080556625}, {"l": "Soyabean Oil", "v": 0.91657194006206799}, {"l": "Palm Oil", "v": 1.5508948792185262}, {"l": "Coconut Oil", "v": 0.74906856453996884}, {"l": "Olive Oil", "v": 0.31130122162699997}, {"l": "Fish, Liver Oil", "v": 0.0011622222200000001}]}, {"source": 92, "prod": 600.0, "target": 12, "value": 0.99882744907058818, "supply": [{"l": "Soyabeans", "v": 0.99882744907058818}]}, {"source": 92, "prod": 426.0, "target": 64, "value": 0.30014557618959337, "supply": [{"l": "Bananas", "v": 0.30014557618959337}]}, {"source": 92, "prod": 52.0, "target": 58, "value": 0.2025145561877065, "supply": [{"l": "Beans", "v": 0.2025145561877065}]}, {"source": 92, "prod": 574.0, "target": 0, "value": 1.6898395172760337, "supply": [{"l": "Maize", "v": 1.6898395172760337}]}, {"source": 92, "prod": 607.0, "target": 69, "value": 0.3616093781511418, "supply": [{"l": "Fruits, Other", "v": 0.3616093781511418}]}, {"source": 92, "prod": 104.0, "target": 82, "value": 0.055883763606227863, "supply": [{"l": "Pineapples", "v": 0.055883763606227863}]}, {"source": 92, "prod": 29.0, "target": 39, "value": 0.048276660038411759, "supply": [{"l": "Coconuts - Incl Copra", "v": 0.048276660038411759}]}, {"source": 92, "prod": 4.0, "target": 11, "value": 0.0089368771758947391, "supply": [{"l": "Oats", "v": 0.0089368771758947391}]}, {"source": 92, "prod": 22.0, "target": 15, "value": 0.077825305406750006, "supply": [{"l": "Pulses, Other", "v": 0.077825305406750006}]}, {"source": 0, "prod": 4797.0, "target": 95, "value": 14.122230251521138, "supply": [{"l": "Maize", "v": 14.122230251521138}]}, {"source": 26, "prod": 4.0, "target": 95, "value": 0.00424501665855, "supply": [{"l": "Olives", "v": 0.00424501665855}]}, {"source": 89, "prod": 117.0, "target": 95, "value": 0.079378781977885837, "supply": [{"l": "Alcohol, Non-Food", "v": 0.079378781977885837}]}, {"source": 2, "prod": 37.0, "target": 95, "value": 0.095191282646272732, "supply": [{"l": "Rye", "v": 0.095191282646272732}]}, {"source": 27, "prod": 17.0, "target": 95, "value": 0.045698332366448546, "supply": [{"l": "Nuts", "v": 0.045698332366448546}]}, {"source": 28, "prod": 6.0, "target": 95, "value": 0.023154636319363639, "supply": [{"l": "Dates", "v": 0.023154636319363639}]}, {"source": 3, "prod": 2442.0, "target": 95, "value": 9.4239369819810008, "supply": [{"l": "Sugar", "v": 9.4239369819810008}]}, {"source": 29, "prod": 39.0, "target": 95, "value": 0.44572674914775001, "supply": [{"l": "Oilcrops Oil, Other", "v": 0.44572674914775001}]}, {"source": 66, "prod": 24.0, "target": 95, "value": 0.25052557329147546, "supply": [{"l": "Maize Germ Oil", "v": 0.25052557329147546}]}, {"source": 31, "prod": 66.0, "target": 95, "value": 0.037396035699986653, "supply": [{"l": "Beer", "v": 0.037396035699986653}]}, {"source": 32, "prod": 5.0, "target": 95, "value": 0.051144779018674695, "supply": [{"l": "Groundnut Oil", "v": 0.051144779018674695}]}, {"source": 33, "prod": 333.0, "target": 95, "value": 1.1399923768525404, "supply": [{"l": "Beverages, Alcoholic", "v": 1.1399923768525404}]}, {"source": 4, "prod": 5964.0, "target": 95, "value": 12.658639675796101, "supply": [{"l": "Barley", "v": 12.658639675796101}]}, {"source": 24, "prod": 1.0, "target": 95, "value": 0.00077263558280123981, "supply": [{"l": "Cassava", "v": 0.00077263558280123981}]}, {"source": 34, "prod": 2.0, "target": 95, "value": 0.007718212106454546, "supply": [{"l": "Honey", "v": 0.007718212106454546}]}, {"source": 5, "prod": 17.0, "target": 95, "value": 0.076365379042698411, "supply": [{"l": "Rice", "v": 0.076365379042698411}]}, {"source": 35, "prod": 179.0, "target": 95, "value": 1.493598396177469, "supply": [{"l": "Butter, Ghee", "v": 1.493598396177469}]}, {"source": 36, "prod": 47.0, "target": 95, "value": 0.0096215414838682605, "supply": [{"l": "Tomatoes", "v": 0.0096215414838682605}]}, {"source": 6, "prod": 664.0, "target": 95, "value": 1.1053690436381176, "supply": [{"l": "Sunflower seed", "v": 1.1053690436381176}]}, {"source": 7, "prod": 162.0, "target": 95, "value": 1.3518745358766926, "supply": [{"l": "Fats, Animals, Raw", "v": 1.3518745358766926}]}, {"source": 37, "prod": 58.0, "target": 95, "value": 0.032828128826120004, "supply": [{"l": "Coffee", "v": 0.032828128826120004}]}, {"source": 8, "prod": 19064.0, "target": 95, "value": 60.344203114284547, "supply": [{"l": "Wheat", "v": 60.344203114284547}]}, {"source": 38, "prod": 94.0, "target": 95, "value": 0.96806474568353251, "supply": [{"l": "Soyabean Oil", "v": 0.96806474568353251}]}, {"source": 39, "prod": 1.0, "target": 95, "value": 0.0016647124151176471, "supply": [{"l": "Coconuts - Incl Copra", "v": 0.0016647124151176471}]}, {"source": 40, "prod": 17.0, "target": 95, "value": 0.045698332366448546, "supply": [{"l": "Treenuts", "v": 0.045698332366448546}]}, {"source": 41, "prod": 17.0, "target": 95, "value": 0.0085911051423035716, "supply": [{"l": "Crustaceans", "v": 0.0085911051423035716}]}, {"source": 42, "prod": 31.0, "target": 95, "value": 0.051122169806248501, "supply": [{"l": "Eggs", "v": 0.051122169806248501}]}, {"source": 9, "prod": 742.0, "target": 95, "value": 0.22279483637564629, "supply": [{"l": "Vegetables, Other", "v": 0.22279483637564629}]}, {"source": 10, "prod": 569.0, "target": 95, "value": 2.0703552674699575, "supply": [{"l": "Peas", "v": 2.0703552674699575}]}, {"source": 43, "prod": 12.0, "target": 95, "value": 0.0169800666342, "supply": [{"l": "Cephalopods", "v": 0.0169800666342}]}, {"source": 44, "prod": 8.0, "target": 95, "value": 0.077825305406750006, "supply": [{"l": "Coconut Oil", "v": 0.077825305406750006}]}, {"source": 45, "prod": 5.0, "target": 95, "value": 0.0053062708231875, "supply": [{"l": "Marine Fish, Other", "v": 0.0053062708231875}]}, {"source": 46, "prod": 36.0, "target": 95, "value": 0.026348379259965519, "supply": [{"l": "Grapes", "v": 0.026348379259965519}]}, {"source": 48, "prod": 37.0, "target": 95, "value": 0.35204362289009489, "supply": [{"l": "Palm Oil", "v": 0.35204362289009489}]}, {"source": 23, "prod": 741.0, "target": 95, "value": 1.2335518996021764, "supply": [{"l": "Rape and Mustardseed", "v": 1.2335518996021764}]}, {"source": 87, "prod": 32.0, "target": 95, "value": 0.053270797283764708, "supply": [{"l": "Oilcrops, Other", "v": 0.053270797283764708}]}, {"source": 49, "prod": 1188.0, "target": 95, "value": 0.93887123756653723, "supply": [{"l": "Wine", "v": 0.93887123756653723}]}, {"source": 50, "prod": 29.0, "target": 95, "value": 0.29804485381608953, "supply": [{"l": "Sunflowerseed Oil", "v": 0.29804485381608953}]}, {"source": 11, "prod": 278.0, "target": 95, "value": 0.62111296372468427, "supply": [{"l": "Oats", "v": 0.62111296372468427}]}, {"source": 51, "prod": 6.0, "target": 95, "value": 0.062260244325399998, "supply": [{"l": "Olive Oil", "v": 0.062260244325399998}]}, {"source": 94, "prod": 1.0, "target": 95, "value": 0.0060643095122142861, "supply": [{"l": "Cloves", "v": 0.0060643095122142861}]}, {"source": 52, "prod": 77.0, "target": 95, "value": 0.27014509590494135, "supply": [{"l": "Pigmeat", "v": 0.27014509590494135}]}, {"source": 53, "prod": 55.0, "target": 95, "value": 0.10612541646374998, "supply": [{"l": "Cocoa Beans", "v": 0.10612541646374998}]}, {"source": 12, "prod": 2.0, "target": 95, "value": 0.0033294248302352942, "supply": [{"l": "Soyabeans", "v": 0.0033294248302352942}]}, {"source": 13, "prod": 909.0, "target": 95, "value": 0.70232574476632692, "supply": [{"l": "Potatoes", "v": 0.70232574476632692}]}, {"source": 54, "prod": 9.0, "target": 95, "value": 0.0065307948593076922, "supply": [{"l": "Freshwater Fish", "v": 0.0065307948593076922}]}, {"source": 56, "prod": 2.0, "target": 95, "value": 0.007718212106454546, "supply": [{"l": "Pepper", "v": 0.007718212106454546}]}, {"source": 75, "prod": 4.0, "target": 95, "value": 0.00067381216802380958, "supply": [{"l": "Grapefruit", "v": 0.00067381216802380958}]}, {"source": 57, "prod": 279.0, "target": 95, "value": 2.85123618899275, "supply": [{"l": "Rape and Mustard Oil", "v": 2.85123618899275}]}, {"source": 14, "prod": 5568.0, "target": 95, "value": 3.4297543175911507, "supply": [{"l": "Milk - Excluding Butter", "v": 3.4297543175911507}]}, {"source": 82, "prod": 6.0, "target": 95, "value": 0.0032240632849746841, "supply": [{"l": "Pineapples", "v": 0.0032240632849746841}]}, {"source": 58, "prod": 6.0, "target": 95, "value": 0.02336706417550459, "supply": [{"l": "Beans", "v": 0.02336706417550459}]}, {"source": 59, "prod": 714.0, "target": 95, "value": 0.40451083430758628, "supply": [{"l": "Apples", "v": 0.40451083430758628}]}, {"source": 16, "prod": 278.0, "target": 95, "value": 0.16172107620391471, "supply": [{"l": "Fish, Seafood", "v": 0.16172107620391471}]}, {"source": 86, "prod": 61.0, "target": 95, "value": 0.070895555420000006, "supply": [{"l": "Sugar beet", "v": 0.070895555420000006}]}, {"source": 60, "prod": 12.0, "target": 95, "value": 0.015833502649254025, "supply": [{"l": "Meat, Other", "v": 0.015833502649254025}]}, {"source": 61, "prod": 4.0, "target": 95, "value": 0.00071949434890677965, "supply": [{"l": "Lemons, Limes", "v": 0.00071949434890677965}]}, {"source": 17, "prod": 178.0, "target": 95, "value": 0.52402688863263769, "supply": [{"l": "Sorghum", "v": 0.52402688863263769}]}, {"source": 18, "prod": 26.0, "target": 95, "value": 0.1003367573839091, "supply": [{"l": "Cereals, Other", "v": 0.1003367573839091}]}, {"source": 62, "prod": 4.0, "target": 95, "value": 0.010873934297763548, "supply": [{"l": "Mutton & Goat Meat", "v": 0.010873934297763548}]}, {"source": 19, "prod": 273.0, "target": 95, "value": 0.62983127596964683, "supply": [{"l": "Sweeteners, Other", "v": 0.62983127596964683}]}, {"source": 20, "prod": 146.0, "target": 95, "value": 0.14271075740256908, "supply": [{"l": "Pelagic Fish", "v": 0.14271075740256908}]}, {"source": 64, "prod": 4.0, "target": 95, "value": 0.0028182683210290454, "supply": [{"l": "Bananas", "v": 0.0028182683210290454}]}, {"source": 65, "prod": 6.0, "target": 95, "value": 0.0032737917675192802, "supply": [{"l": "Beverages, Fermented", "v": 0.0032737917675192802}]}, {"source": 67, "prod": 7.0, "target": 95, "value": 0.042450166585500007, "supply": [{"l": "Spices, Other", "v": 0.042450166585500007}]}, {"source": 78, "prod": 431.0, "target": 95, "value": 0.5905677922252377, "supply": [{"l": "Bovine Meat", "v": 0.5905677922252377}]}, {"source": 69, "prod": 381.0, "target": 95, "value": 0.22697392598943167, "supply": [{"l": "Fruits, Other", "v": 0.22697392598943167}]}, {"source": 70, "prod": 14.0, "target": 95, "value": 0.0040087847028465436, "supply": [{"l": "Molluscs, Other", "v": 0.0040087847028465436}]}, {"source": 71, "prod": 8.0, "target": 95, "value": 0.092618545277454556, "supply": [{"l": "Fish, Body Oil", "v": 0.092618545277454556}]}, {"source": 21, "prod": 1.0, "target": 95, "value": 0.0029439712844530207, "supply": [{"l": "Millet", "v": 0.0029439712844530207}]}, {"source": 73, "prod": 323.0, "target": 95, "value": 0.52285945081206919, "supply": [{"l": "Poultry Meat", "v": 0.52285945081206919}]}, {"source": 74, "prod": 14.0, "target": 95, "value": 0.017625277692589435, "supply": [{"l": "Offals, Edible", "v": 0.017625277692589435}]}, {"source": 93, "prod": 130.0, "target": 95, "value": 0.34945783574343009, "supply": [{"l": "Infant food", "v": 0.34945783574343009}]}, {"source": 76, "prod": 75.0, "target": 95, "value": 0.035554708053845183, "supply": [{"l": "Demersal Fish", "v": 0.035554708053845183}]}, {"source": 77, "prod": 56.0, "target": 95, "value": 0.018210796272388922, "supply": [{"l": "Oranges, Mandarines", "v": 0.018210796272388922}]}, {"source": 79, "prod": 1.0, "target": 95, "value": 0.010246591934431035, "supply": [{"l": "Palmkernel Oil", "v": 0.010246591934431035}]}, {"source": 80, "prod": 37.0, "target": 95, "value": 0.085361748025190212, "supply": [{"l": "Cream", "v": 0.085361748025190212}]}, {"source": 81, "prod": 27.0, "target": 95, "value": 0.013353256285147575, "supply": [{"l": "Onions", "v": 0.013353256285147575}]}, {"source": 15, "prod": 92.0, "target": 95, "value": 0.32545127715550004, "supply": [{"l": "Pulses, Other", "v": 0.32545127715550004}]}, {"source": 7, "prod": 9.0, "target": 96, "value": 0.07510414088203847, "supply": [{"l": "Fats, Animals, Raw", "v": 0.07510414088203847}]}, {"source": 13, "prod": 152.0, "target": 96, "value": 0.11744060858578845, "supply": [{"l": "Potatoes", "v": 0.11744060858578845}]}, {"source": 5, "prod": 3.0, "target": 96, "value": 0.013476243360476193, "supply": [{"l": "Rice", "v": 0.013476243360476193}]}, {"source": 97, "prod": 60.0, "target": 15, "value": 0.21225083292749999, "supply": [{"l": "Pulses, Other", "v": 0.21225083292749999}]}, {"source": 78, "prod": 33.0, "target": 96, "value": 0.045217487571769938, "supply": [{"l": "Bovine Meat", "v": 0.045217487571769938}]}, {"source": 0, "prod": 1446.0, "target": 96, "value": 4.2569824773190676, "supply": [{"l": "Maize", "v": 4.2569824773190676}]}, {"source": 97, "prod": 180.0, "target": 23, "value": 0.29964823472117647, "supply": [{"l": "Rape and Mustardseed", "v": 0.29964823472117647}]}, {"source": 97, "prod": 300.0, "target": 59, "value": 0.1699625354233556, "supply": [{"l": "Apples", "v": 0.1699625354233556}]}, {"source": 6, "prod": 300.0, "target": 96, "value": 0.49941372453529409, "supply": [{"l": "Sunflower seed", "v": 0.49941372453529409}]}, {"source": 97, "prod": 3379.0, "target": 8, "value": 10.695712459251338, "supply": [{"l": "Wheat", "v": 10.695712459251338}]}, {"source": 48, "prod": 5.0, "target": 96, "value": 0.047573462552715523, "supply": [{"l": "Palm Oil", "v": 0.047573462552715523}]}, {"source": 18, "prod": 12.0, "target": 96, "value": 0.046309272638727278, "supply": [{"l": "Cereals, Other", "v": 0.046309272638727278}]}, {"source": 97, "prod": 66.0, "target": 84, "value": 0.58154789005486929, "supply": [{"l": "Butter, Ghee", "v": 0.41720625591549415}, {"l": "Groundnut Oil", "v": 0.020457911607469882}, {"l": "Sunflowerseed Oil", "v": 0.14388372253190526}]}, {"source": 97, "prod": 74.0, "target": 4, "value": 0.15706561636635002, "supply": [{"l": "Barley", "v": 0.15706561636635002}]}, {"source": 3, "prod": 322.0, "target": 96, "value": 1.2426321491391819, "supply": [{"l": "Sugar", "v": 1.2426321491391819}]}, {"source": 97, "prod": 10.0, "target": 69, "value": 0.0059573208921110676, "supply": [{"l": "Fruits, Other", "v": 0.0059573208921110676}]}, {"source": 49, "prod": 256.0, "target": 96, "value": 0.20231568755642557, "supply": [{"l": "Wine", "v": 0.20231568755642557}]}, {"source": 1, "prod": 1301.0, "target": 73, "value": 2.1060066424349904, "supply": [{"l": "Poultry Meat", "v": 2.1060066424349904}]}, {"source": 1, "prod": 2028.0, "target": 52, "value": 7.1149903181197551, "supply": [{"l": "Pigmeat", "v": 7.1149903181197551}]}, {"source": 1, "prod": 781.0, "target": 20, "value": 0.76340480500963326, "supply": [{"l": "Pelagic Fish", "v": 0.76340480500963326}]}, {"source": 1, "prod": 74.0, "target": 54, "value": 0.053697646620974364, "supply": [{"l": "Freshwater Fish", "v": 0.053697646620974364}]}, {"source": 1, "prod": 157.0, "target": 41, "value": 0.079341382784803585, "supply": [{"l": "Crustaceans", "v": 0.079341382784803585}]}, {"source": 1, "prod": 875.0, "target": 42, "value": 1.4429644703376592, "supply": [{"l": "Eggs", "v": 1.533665094187455}]}, {"source": 1, "prod": 343.0, "target": 70, "value": 0.098215225219740326, "supply": [{"l": "Molluscs, Other", "v": 0.098215225219740326}]}, {"source": 1, "prod": 1.0, "target": 72, "value": 0.00065368718159927481, "supply": [{"l": "Aquatic Animals, Others", "v": 0.00065368718159927481}]}, {"source": 1, "prod": 29611.0, "target": 14, "value": 18.239665067922338, "supply": [{"l": "Milk - Excluding Butter", "v": 18.239665067922338}]}, {"source": 1, "prod": 613.0, "target": 74, "value": 0.77173537325409458, "supply": [{"l": "Offals, Edible", "v": 0.77173537325409458}]}, {"source": 1, "prod": 80.0, "target": 90, "value": 0.05229497452794199, "supply": [{"l": "Aquatic Plants", "v": 0.05229497452794199}]}, {"source": 1, "prod": 27.0, "target": 45, "value": 0.028653862445212501, "supply": [{"l": "Marine Fish, Other", "v": 0.028653862445212501}]}, {"source": 1, "prod": 81.0, "target": 83, "value": 0.052948661709541267, "supply": [{"l": "Aquatic Products, Other", "v": 0.052948661709541267}]}, {"source": 1, "prod": 2032.0, "target": 16, "value": 1.182076355562427, "supply": [{"l": "Fish, Seafood", "v": 1.182076355562427}]}, {"source": 1, "prod": 2215.0, "target": 78, "value": 3.0350525748930433, "supply": [{"l": "Bovine Meat", "v": 3.0350525748930433}]}, {"source": 1, "prod": 621.0, "target": 76, "value": 0.29439298268583813, "supply": [{"l": "Demersal Fish", "v": 0.29439298268583813}]}, {"source": 1, "prod": 529.0, "target": 60, "value": 0.69799357512128135, "supply": [{"l": "Meat, Other", "v": 0.69799357512128135}]}, {"source": 1, "prod": 29.0, "target": 43, "value": 0.041035161032650008, "supply": [{"l": "Cephalopods", "v": 0.041035161032650008}]}, {"source": 1, "prod": 255.0, "target": 62, "value": 0.69321331148242604, "supply": [{"l": "Mutton & Goat Meat", "v": 0.69321331148242604}]}, {"source": 84, "prod": 381.0, "target": 89, "value": 0.25848987977414106, "supply": [{"l": "Alcohol, Non-Food", "v": 0.25848987977414106}]}, {"source": 84, "prod": 4638.0, "target": 3, "value": 17.898533874868093, "supply": [{"l": "Sugar", "v": 17.898533874868093}]}, {"source": 84, "prod": 58.0, "target": 66, "value": 0.60543680212106565, "supply": [{"l": "Maize Germ Oil", "v": 0.60543680212106565}]}, {"source": 84, "prod": 2175.0, "target": 31, "value": 1.232369358295015, "supply": [{"l": "Beer", "v": 1.232369358295015}]}, {"source": 84, "prod": 143.0, "target": 32, "value": 1.4627406799340963, "supply": [{"l": "Groundnut Oil", "v": 1.4627406799340963}]}, {"source": 84, "prod": 873.0, "target": 33, "value": 2.9886286636404442, "supply": [{"l": "Beverages, Alcoholic", "v": 2.9886286636404442}]}, {"source": 84, "prod": 695.0, "target": 35, "value": 5.7991669572253688, "supply": [{"l": "Butter, Ghee", "v": 5.7991669572253688}]}, {"source": 84, "prod": 605.0, "target": 7, "value": 5.0486672481814745, "supply": [{"l": "Fats, Animals, Raw", "v": 5.0486672481814745}]}, {"source": 84, "prod": 187.0, "target": 38, "value": 1.9258309302427721, "supply": [{"l": "Soyabean Oil", "v": 1.9258309302427721}]}, {"source": 84, "prod": 162.0, "target": 48, "value": 1.541380186707983, "supply": [{"l": "Palm Oil", "v": 1.541380186707983}]}, {"source": 84, "prod": 345.0, "target": 50, "value": 3.5457060195362367, "supply": [{"l": "Sunflowerseed Oil", "v": 3.5457060195362367}]}, {"source": 84, "prod": 31.0, "target": 51, "value": 0.32167792901456665, "supply": [{"l": "Olive Oil", "v": 0.32167792901456665}]}, {"source": 84, "prod": 77.0, "target": 44, "value": 0.74906856453996884, "supply": [{"l": "Coconut Oil", "v": 0.74906856453996884}]}, {"source": 84, "prod": 346.0, "target": 57, "value": 3.5359416537329444, "supply": [{"l": "Rape and Mustard Oil", "v": 3.5359416537329444}]}, {"source": 84, "prod": 215.0, "target": 29, "value": 2.4572115658145193, "supply": [{"l": "Oilcrops Oil, Other", "v": 2.4572115658145193}]}, {"source": 84, "prod": 7726.0, "target": 49, "value": 6.1058242268005607, "supply": [{"l": "Wine", "v": 6.1058242268005607}]}, {"source": 84, "prod": 441.0, "target": 19, "value": 1.0174197534894294, "supply": [{"l": "Sweeteners, Other", "v": 1.0174197534894294}]}, {"source": 84, "prod": 1.0, "target": 63, "value": 0.011577318159681819, "supply": [{"l": "Sesameseed Oil", "v": 0.011577318159681819}]}, {"source": 84, "prod": 869.0, "target": 65, "value": 0.47415417432904255, "supply": [{"l": "Beverages, Fermented", "v": 0.47415417432904255}]}, {"source": 84, "prod": 24.0, "target": 71, "value": 0.27785563583236367, "supply": [{"l": "Fish, Body Oil", "v": 0.27785563583236367}]}, {"source": 84, "prod": 20.0, "target": 34, "value": 0.077182121064545459, "supply": [{"l": "Honey", "v": 0.077182121064545459}]}, {"source": 84, "prod": 23.0, "target": 79, "value": 0.23567161449191382, "supply": [{"l": "Palmkernel Oil", "v": 0.23567161449191382}]}, {"source": 84, "prod": 190.0, "target": 80, "value": 0.43834411148070651, "supply": [{"l": "Cream", "v": 0.43834411148070651}]}, {"source": 98, "prod": 0, "target": 0, "value": 0.0043120262978961991, "supply": "[{\"l\":'Energy for power irrigation',\"v\":0.0043120262978961991}]"}, {"source": 98, "prod": 0, "target": 26, "value": 1.0528734659324369e-05, "supply": "[{\"l\":'Energy for power irrigation',\"v\":1.0528734659324369e-05}]"}, {"source": 98, "prod": 0, "target": 2, "value": 0.00010206079887506362, "supply": "[{\"l\":'Energy for power irrigation',\"v\":0.00010206079887506362}]"}, {"source": 98, "prod": 0, "target": 27, "value": 4.6869851064089124e-05, "supply": "[{\"l\":'Energy for power irrigation',\"v\":4.6869851064089124e-05}]"}, {"source": 98, "prod": 0, "target": 4, "value": 0.0039217838422973706, "supply": "[{\"l\":'Energy for power irrigation',\"v\":0.0039217838422973706}]"}, {"source": 98, "prod": 0, "target": 5, "value": 5.9945860237766162e-05, "supply": "[{\"l\":'Energy for power irrigation',\"v\":5.9945860237766162e-05}]"}, {"source": 98, "prod": 0, "target": 36, "value": 0.00039924282554954177, "supply": "[{\"l\":'Energy for power irrigation',\"v\":0.00039924282554954177}]"}, {"source": 98, "prod": 0, "target": 6, "value": 0.00051726654471454881, "supply": "[{\"l\":'Energy for power irrigation',\"v\":0.00051726654471454881}]"}, {"source": 98, "prod": 0, "target": 18, "value": 0.00024606671808646792, "supply": "[{\"l\":'Energy for power irrigation',\"v\":0.00024606671808646792}]"}, {"source": 98, "prod": 0, "target": 8, "value": 0.01046182624874737, "supply": "[{\"l\":'Energy for power irrigation',\"v\":0.01046182624874737}]"}, {"source": 98, "prod": 0, "target": 40, "value": 4.6869851064089124e-05, "supply": "[{\"l\":'Energy for power irrigation',\"v\":4.6869851064089124e-05}]"}, {"source": 98, "prod": 0, "target": 9, "value": 0.0023324543636422611, "supply": "[{\"l\":'Energy for power irrigation',\"v\":0.0023324543636422611}]"}, {"source": 98, "prod": 0, "target": 10, "value": 0.00033216459667158809, "supply": "[{\"l\":'Energy for power irrigation',\"v\":0.00033216459667158809}]"}, {"source": 98, "prod": 0, "target": 46, "value": 0.0030839003453762988, "supply": "[{\"l\":'Energy for power irrigation',\"v\":0.0030839003453762988}]"}, {"source": 98, "prod": 0, "target": 87, "value": 3.8888390919117421e-05, "supply": "[{\"l\":'Energy for power irrigation',\"v\":3.8888390919117421e-05}]"}, {"source": 98, "prod": 0, "target": 11, "value": 0.00060183605859105748, "supply": "[{\"l\":'Energy for power irrigation',\"v\":0.00060183605859105748}]"}, {"source": 98, "prod": 0, "target": 12, "value": 0.00012108044858223023, "supply": "[{\"l\":'Energy for power irrigation',\"v\":0.00012108044858223023}]"}, {"source": 98, "prod": 0, "target": 13, "value": 0.0027357728284147669, "supply": "[{\"l\":'Energy for power irrigation',\"v\":0.0027357728284147669}]"}, {"source": 98, "prod": 0, "target": 58, "value": 1.4434555581331794e-05, "supply": "[{\"l\":'Energy for power irrigation',\"v\":1.4434555581331794e-05}]"}, {"source": 98, "prod": 0, "target": 59, "value": 0.00086607333487990774, "supply": "[{\"l\":'Energy for power irrigation',\"v\":0.00086607333487990774}]"}, {"source": 98, "prod": 0, "target": 86, "value": 0.010181286415566664, "supply": "[{\"l\":'Energy for power irrigation',\"v\":0.010181286415566664}]"}, {"source": 98, "prod": 0, "target": 17, "value": 7.0134958295176844e-05, "supply": "[{\"l\":'Energy for power irrigation',\"v\":7.0134958295176844e-05}]"}, {"source": 98, "prod": 0, "target": 69, "value": 0.00060200587689201426, "supply": "[{\"l\":'Energy for power irrigation',\"v\":0.00060200587689201426}]"}, {"source": 98, "prod": 0, "target": 23, "value": 0.0005289840074805711, "supply": "[{\"l\":'Energy for power irrigation',\"v\":0.0005289840074805711}]"}, {"source": 98, "prod": 0, "target": 77, "value": 0.00018951722386783862, "supply": "[{\"l\":'Energy for power irrigation',\"v\":0.00018951722386783862}]"}, {"source": 98, "prod": 0, "target": 81, "value": 0.00010019279756453833, "supply": "[{\"l\":'Energy for power irrigation',\"v\":0.00010019279756453833}]"}, {"source": 98, "prod": 0, "target": 15, "value": 6.7587683780824173e-05, "supply": "[{\"l\":'Energy for power irrigation',\"v\":6.7587683780824173e-05}]"}, {"source": 98, "prod": 0, "target": 84, "value": 2.0790000016631995, "supply": "[{\"l\":'Electricity',\"v\":2.0790000016631995}]"}, {"source": 99, "prod": 0, "target": 98, "value": 0.87919592257638302, "supply": [{"l": "Coal", "v": 0.72196042016878481}, {"l": "Natural gas", "v": 0.042143560658279275}, {"l": "Oil", "v": 0.11509194174931899}]}, {"source": 100, "prod": 0, "target": 98, "value": 1.7766095390838004, "supply": [{"l": "Nuclear", "v": 1.3878504071776454}, {"l": "Hydroelectric", "v": 0.38344554132445746}, {"l": "Renewable", "v": 0.0053135905816975417}]}, {"source": 99, "prod": 0, "target": 0, "value": 5.3712346562788715, "supply": [{"l": "Motor Gasoline", "v": 0.066271775141590425}, {"l": "Gas-Diesel oil", "v": 2.7915492829776793}, {"l": "Natural gas (including LNG)", "v": 0.11328966941804594}, {"l": "Fuel oil", "v": 0.088945703746403065}, {"l": "Liquefied petroleum gas (LPG)", "v": 0.30440024355252254}, {"l": "Other fossil fuels", "v": 2.0067779814426303}]}, {"source": 99, "prod": 0, "target": 26, "value": 0.013115018458147843, "supply": [{"l": "Motor Gasoline", "v": 0.00016181671624049333}, {"l": "Gas-Diesel oil", "v": 0.0068161647583733507}, {"l": "Natural gas (including LNG)", "v": 0.00027662096344986014}, {"l": "Fuel oil", "v": 0.00021717996346396463}, {"l": "Liquefied petroleum gas (LPG)", "v": 0.00074325831365218962}, {"l": "Other fossil fuels", "v": 0.0048999777429679847}]}, {"source": 99, "prod": 0, "target": 2, "value": 0.12713106602172344, "supply": [{"l": "Motor Gasoline", "v": 0.0015685781687183303}, {"l": "Gas-Diesel oil", "v": 0.066072822899715861}, {"l": "Natural gas (including LNG)", "v": 0.0026814386940865473}, {"l": "Fuel oil", "v": 0.0021052444845458505}, {"l": "Liquefied petroleum gas (LPG)", "v": 0.0072048104274994506}, {"l": "Other fossil fuels", "v": 0.047498171347157399}]}, {"source": 99, "prod": 0, "target": 27, "value": 0.058382985394335563, "supply": [{"l": "Motor Gasoline", "v": 0.00072034538197380898}, {"l": "Gas-Diesel oil", "v": 0.030342926988887822}, {"l": "Natural gas (including LNG)", "v": 0.0012314094501961516}, {"l": "Fuel oil", "v": 0.00096680112767829425}, {"l": "Liquefied petroleum gas (LPG)", "v": 0.0033086982994839412}, {"l": "Other fossil fuels", "v": 0.021812804146115545}]}, {"source": 99, "prod": 0, "target": 4, "value": 4.8851328431042953, "supply": [{"l": "Motor Gasoline", "v": 0.060274116852547632}, {"l": "Gas-Diesel oil", "v": 2.538911434352809}, {"l": "Natural gas (including LNG)", "v": 0.10303684725663018}, {"l": "Fuel oil", "v": 0.080896033487690311}, {"l": "Liquefied petroleum gas (LPG)", "v": 0.27685173379812367}, {"l": "Other fossil fuels", "v": 1.8251626773564944}]}, {"source": 99, "prod": 0, "target": 5, "value": 0.074670992189132077, "supply": [{"l": "Motor Gasoline", "v": 0.00092131130375635716}, {"l": "Gas-Diesel oil", "v": 0.038808163866222468}, {"l": "Natural gas (including LNG)", "v": 0.001574954840287107}, {"l": "Fuel oil", "v": 0.0012365246306899923}, {"l": "Liquefied petroleum gas (LPG)", "v": 0.004231777172890693}, {"l": "Other fossil fuels", "v": 0.027898260375285464}]}, {"source": 99, "prod": 0, "target": 36, "value": 0.49731303863073517, "supply": [{"l": "Motor Gasoline", "v": 0.0061359854819580612}, {"l": "Gas-Diesel oil", "v": 0.25846457011186691}, {"l": "Natural gas (including LNG)", "v": 0.010489288468880987}, {"l": "Fuel oil", "v": 0.0082353240984480783}, {"l": "Liquefied petroleum gas (LPG)", "v": 0.028183875732198355}, {"l": "Other fossil fuels", "v": 0.18580399473738279}]}, {"source": 99, "prod": 0, "target": 6, "value": 0.64432816489545697, "supply": [{"l": "Motor Gasoline", "v": 0.0079498986720732689}, {"l": "Gas-Diesel oil", "v": 0.33487157829040687}, {"l": "Natural gas (including LNG)", "v": 0.013590120236585065}, {"l": "Fuel oil", "v": 0.010669841430826393}, {"l": "Liquefied petroleum gas (LPG)", "v": 0.036515561667493063}, {"l": "Other fossil fuels", "v": 0.24073116459807231}]}, {"source": 99, "prod": 0, "target": 18, "value": 0.30651067332026172, "supply": [{"l": "Motor Gasoline", "v": 0.0037818132553624974}, {"l": "Gas-Diesel oil", "v": 0.15930036669166106}, {"l": "Natural gas (including LNG)", "v": 0.0064648996135297961}, {"l": "Fuel oil", "v": 0.0050757059203110451}, {"l": "Liquefied petroleum gas (LPG)", "v": 0.017370666072290691}, {"l": "Other fossil fuels", "v": 0.11451722176710662}]}, {"source": 99, "prod": 0, "target": 8, "value": 13.031674631171871, "supply": [{"l": "Motor Gasoline", "v": 0.16078839710825535}, {"l": "Gas-Diesel oil", "v": 6.7728491307153007}, {"l": "Natural gas (including LNG)", "v": 0.27486308184342073}, {"l": "Fuel oil", "v": 0.21579981982517751}, {"l": "Liquefied petroleum gas (LPG)", "v": 0.73853502694930317}, {"l": "Other fossil fuels", "v": 4.8688391747304145}]}, {"source": 99, "prod": 0, "target": 40, "value": 0.058382985394335563, "supply": [{"l": "Motor Gasoline", "v": 0.00072034538197380898}, {"l": "Gas-Diesel oil", "v": 0.030342926988887822}, {"l": "Natural gas (including LNG)", "v": 0.0012314094501961516}, {"l": "Fuel oil", "v": 0.00096680112767829425}, {"l": "Liquefied petroleum gas (LPG)", "v": 0.0033086982994839412}, {"l": "Other fossil fuels", "v": 0.021812804146115545}]}, {"source": 99, "prod": 0, "target": 9, "value": 2.9053996535913007, "supply": [{"l": "Motor Gasoline", "v": 0.035847622541341551}, {"l": "Gas-Diesel oil", "v": 1.5100003702622253}, {"l": "Natural gas (including LNG)", "v": 0.061280466661029508}, {"l": "Fuel oil", "v": 0.048112367712541203}, {"l": "Liquefied petroleum gas (LPG)", "v": 0.16465569254859397}, {"l": "Other fossil fuels", "v": 1.085503133865569}]}, {"source": 99, "prod": 0, "target": 10, "value": 0.41375767909898675, "supply": [{"l": "Motor Gasoline", "v": 0.0051050564026839506}, {"l": "Gas-Diesel oil", "v": 0.2150390043125528}, {"l": "Natural gas (including LNG)", "v": 0.0087269452339988132}, {"l": "Fuel oil", "v": 0.0068516775570244322}, {"l": "Liquefied petroleum gas (LPG)", "v": 0.023448600991994886}, {"l": "Other fossil fuels", "v": 0.1545863946007319}]}, {"source": 99, "prod": 0, "target": 46, "value": 3.8414312129026587, "supply": [{"l": "Motor Gasoline", "v": 0.047396638176247723}, {"l": "Gas-Diesel oil", "v": 1.9964766453558074}, {"l": "Natural gas (including LNG)", "v": 0.081023172520152592}, {"l": "Fuel oil", "v": 0.063612711879122541}, {"l": "Liquefied petroleum gas (LPG)", "v": 0.21770275767618974}, {"l": "Other fossil fuels", "v": 1.4352192872951388}]}, {"source": 99, "prod": 0, "target": 87, "value": 0.048440955272836393, "supply": [{"l": "Motor Gasoline", "v": 0.00059767787127537055}, {"l": "Gas-Diesel oil", "v": 0.025175834349475762}, {"l": "Natural gas (including LNG)", "v": 0.0010217129133873867}, {"l": "Fuel oil", "v": 0.00080216470376206291}, {"l": "Liquefied petroleum gas (LPG)", "v": 0.0027452605455863133}, {"l": "Other fossil fuels", "v": 0.018098304889349492}]}, {"source": 99, "prod": 0, "target": 11, "value": 0.74967137767219294, "supply": [{"l": "Motor Gasoline", "v": 0.0092496522960694907}, {"l": "Gas-Diesel oil", "v": 0.3896207726399219}, {"l": "Natural gas (including LNG)", "v": 0.015812011201069426}, {"l": "Fuel oil", "v": 0.01241428694381114}, {"l": "Liquefied petroleum gas (LPG)", "v": 0.042485604251344518}, {"l": "Other fossil fuels", "v": 0.28008905033997644}]}, {"source": 99, "prod": 0, "target": 12, "value": 0.1508227122687002, "supply": [{"l": "Motor Gasoline", "v": 0.0018608922367656731}, {"l": "Gas-Diesel oil", "v": 0.078385894721293523}, {"l": "Natural gas (including LNG)", "v": 0.0031811410796733913}, {"l": "Fuel oil", "v": 0.002497569579835593}, {"l": "Liquefied petroleum gas (LPG)", "v": 0.0085474706070001807}, {"l": "Other fossil fuels", "v": 0.056349744044131823}]}, {"source": 99, "prod": 0, "target": 13, "value": 3.4077894735606731, "supply": [{"l": "Motor Gasoline", "v": 0.042046246752166894}, {"l": "Gas-Diesel oil", "v": 1.7711034557644301}, {"l": "Natural gas (including LNG)", "v": 0.071876834212536239}, {"l": "Fuel oil", "v": 0.056431761474265645}, {"l": "Liquefied petroleum gas (LPG)", "v": 0.19312728117639957}, {"l": "Other fossil fuels", "v": 1.2732038941808748}]}, {"source": 99, "prod": 0, "target": 58, "value": 0.017980267241009141, "supply": [{"l": "Motor Gasoline", "v": 0.00022184549807164407}, {"l": "Gas-Diesel oil", "v": 0.0093447420074473358}, {"l": "Natural gas (including LNG)", "v": 0.00037923841763287279}, {"l": "Fuel oil", "v": 0.00029774672410382247}, {"l": "Liquefied petroleum gas (LPG)", "v": 0.0010189831719425179}, {"l": "Other fossil fuels", "v": 0.0067177114218109468}]}, {"source": 99, "prod": 0, "target": 59, "value": 1.0788160344605484, "supply": [{"l": "Motor Gasoline", "v": 0.013310729884298645}, {"l": "Gas-Diesel oil", "v": 0.56068452044684014}, {"l": "Natural gas (including LNG)", "v": 0.022754305057972369}, {"l": "Fuel oil", "v": 0.017864803446229351}, {"l": "Liquefied petroleum gas (LPG)", "v": 0.061138990316551088}, {"l": "Other fossil fuels", "v": 0.40306268530865685}]}, {"source": 99, "prod": 0, "target": 86, "value": 12.682222849028964, "supply": [{"l": "Motor Gasoline", "v": 0.15647676460455703}, {"l": "Gas-Diesel oil", "v": 6.5912313213470295}, {"l": "Natural gas (including LNG)", "v": 0.26749247165601475}, {"l": "Fuel oil", "v": 0.2100130246696538}, {"l": "Liquefied petroleum gas (LPG)", "v": 0.71873078930166734}, {"l": "Other fossil fuels", "v": 4.7382784774500415}]}, {"source": 99, "prod": 0, "target": 17, "value": 0.087362945535726766, "supply": [{"l": "Motor Gasoline", "v": 0.0010779081259245766}, {"l": "Gas-Diesel oil", "v": 0.045404452342067643}, {"l": "Natural gas (including LNG)", "v": 0.0018426525468514877}, {"l": "Fuel oil", "v": 0.0014466987888809258}, {"l": "Liquefied petroleum gas (LPG)", "v": 0.0049510594119089408}, {"l": "Other fossil fuels", "v": 0.032640174320093189}]}, {"source": 99, "prod": 0, "target": 69, "value": 0.74988291022796949, "supply": [{"l": "Motor Gasoline", "v": 0.0092522622431056266}, {"l": "Gas-Diesel oil", "v": 0.38973071078118593}, {"l": "Natural gas (including LNG)", "v": 0.015816472829512165}, {"l": "Fuel oil", "v": 0.012417789846447655}, {"l": "Liquefied petroleum gas (LPG)", "v": 0.042497592288661491}, {"l": "Other fossil fuels", "v": 0.28016808223905659}]}, {"source": 99, "prod": 0, "target": 23, "value": 0.65892391124404093, "supply": [{"l": "Motor Gasoline", "v": 0.0081299850175667217}, {"l": "Gas-Diesel oil", "v": 0.34245731003762886}, {"l": "Natural gas (including LNG)", "v": 0.013897972599134103}, {"l": "Fuel oil", "v": 0.010911541712745965}, {"l": "Liquefied petroleum gas (LPG)", "v": 0.037342736242364047}, {"l": "Other fossil fuels", "v": 0.24618436563460119}]}, {"source": 99, "prod": 0, "target": 77, "value": 0.23607033224666119, "supply": [{"l": "Motor Gasoline", "v": 0.0029127008923288799}, {"l": "Gas-Diesel oil", "v": 0.12269096565072032}, {"l": "Natural gas (including LNG)", "v": 0.0049791773420974827}, {"l": "Fuel oil", "v": 0.0039092393423513635}, {"l": "Liquefied petroleum gas (LPG)", "v": 0.013378649645739414}, {"l": "Other fossil fuels", "v": 0.08819959937342374}]}, {"source": 99, "prod": 0, "target": 81, "value": 0.12480420790818109, "supply": [{"l": "Motor Gasoline", "v": 0.0015398687513208235}, {"l": "Gas-Diesel oil", "v": 0.064863503345810911}, {"l": "Natural gas (including LNG)", "v": 0.0026323607812164108}, {"l": "Fuel oil", "v": 0.0020667125555441793}, {"l": "Liquefied petroleum gas (LPG)", "v": 0.0070729420170127719}, {"l": "Other fossil fuels", "v": 0.046628820457275982}]}, {"source": 99, "prod": 0, "target": 15, "value": 0.084189957199078097, "supply": [{"l": "Motor Gasoline", "v": 0.0010387589203825218}, {"l": "Gas-Diesel oil", "v": 0.043755380223106349}, {"l": "Natural gas (including LNG)", "v": 0.0017757281202103927}, {"l": "Fuel oil", "v": 0.0013941552493331923}, {"l": "Liquefied petroleum gas (LPG)", "v": 0.0047712388521543789}, {"l": "Other fossil fuels", "v": 0.031454695833891259}]}, {"source": 99, "prod": 0, "target": 1, "value": 5.1772955596973915, "supply": [{"l": "Gas-diesel oils used in fisheries", "v": 5.1772955596973915}]}, {"source": 101, "prod": 578.65852862082215, "target": 0, "value": 5.5905321879039356, "supply": [{"l": "Potash", "v": 4.6680725037344581}, {"l": "Phosphate", "v": 6.1694166716021996}, {"l": "Nitrogen", "v": 44.180111146455197}]}, {"source": 101, "prod": 1.4129185875272121, "target": 26, "value": 0.013650480294976529, "supply": [{"l": "Potash", "v": 4.6680725037344581}, {"l": "Phosphate", "v": 6.1694166716021996}, {"l": "Nitrogen", "v": 44.180111146455197}]}, {"source": 101, "prod": 13.696194695223459, "target": 2, "value": 0.13232159124646603, "supply": [{"l": "Potash", "v": 4.6680725037344581}, {"l": "Phosphate", "v": 6.1694166716021996}, {"l": "Nitrogen", "v": 44.180111146455197}]}, {"source": 101, "prod": 6.2897666154437184, "target": 27, "value": 0.060766654216347131, "supply": [{"l": "Potash", "v": 4.6680725037344581}, {"l": "Phosphate", "v": 6.1694166716021996}, {"l": "Nitrogen", "v": 44.180111146455197}]}, {"source": 101, "prod": 526.28938484441028, "target": 4, "value": 5.084583740841742, "supply": [{"l": "Potash", "v": 4.6680725037344581}, {"l": "Phosphate", "v": 6.1694166716021996}, {"l": "Nitrogen", "v": 44.180111146455197}]}, {"source": 101, "prod": 8.044520345114611, "target": 5, "value": 0.077719670066559915, "supply": [{"l": "Potash", "v": 4.6680725037344581}, {"l": "Phosphate", "v": 6.1694166716021996}, {"l": "Nitrogen", "v": 44.180111146455197}]}, {"source": 101, "prod": 53.576961278652838, "target": 36, "value": 0.51761740602402939, "supply": [{"l": "Potash", "v": 4.6680725037344581}, {"l": "Phosphate", "v": 6.1694166716021996}, {"l": "Nitrogen", "v": 44.180111146455197}]}, {"source": 101, "prod": 69.415322864643358, "target": 6, "value": 0.67063488674997596, "supply": [{"l": "Potash", "v": 4.6680725037344581}, {"l": "Phosphate", "v": 6.1694166716021996}, {"l": "Nitrogen", "v": 44.180111146455197}]}, {"source": 101, "prod": 33.021274731079522, "target": 18, "value": 0.31902493463582243, "supply": [{"l": "Potash", "v": 4.6680725037344581}, {"l": "Phosphate", "v": 6.1694166716021996}, {"l": "Nitrogen", "v": 44.180111146455197}]}, {"source": 101, "prod": 1403.9397177935714, "target": 8, "value": 13.563733694392322, "supply": [{"l": "Potash", "v": 4.6680725037344581}, {"l": "Phosphate", "v": 6.1694166716021996}, {"l": "Nitrogen", "v": 44.180111146455197}]}, {"source": 101, "prod": 6.2897666154437184, "target": 40, "value": 0.060766654216347131, "supply": [{"l": "Potash", "v": 4.6680725037344581}, {"l": "Phosphate", "v": 6.1694166716021996}, {"l": "Nitrogen", "v": 44.180111146455197}]}, {"source": 101, "prod": 313.00704515622999, "target": 9, "value": 3.0240217234113329, "supply": [{"l": "Potash", "v": 4.6680725037344581}, {"l": "Phosphate", "v": 6.1694166716021996}, {"l": "Nitrogen", "v": 44.180111146455197}]}, {"source": 101, "prod": 44.575302535535918, "target": 10, "value": 0.43065063640280787, "supply": [{"l": "Potash", "v": 4.6680725037344581}, {"l": "Phosphate", "v": 6.1694166716021996}, {"l": "Nitrogen", "v": 44.180111146455197}]}, {"source": 101, "prod": 413.8484120886157, "target": 46, "value": 3.9982697122060289, "supply": [{"l": "Potash", "v": 4.6680725037344581}, {"l": "Phosphate", "v": 6.1694166716021996}, {"l": "Nitrogen", "v": 44.180111146455197}]}, {"source": 101, "prod": 5.2186831700601868, "target": 87, "value": 0.050418709476606857, "supply": [{"l": "Potash", "v": 4.6680725037344581}, {"l": "Phosphate", "v": 6.1694166716021996}, {"l": "Nitrogen", "v": 44.180111146455197}]}, {"source": 101, "prod": 80.764249583813552, "target": 11, "value": 0.78027906718381967, "supply": [{"l": "Potash", "v": 4.6680725037344581}, {"l": "Phosphate", "v": 6.1694166716021996}, {"l": "Nitrogen", "v": 44.180111146455197}]}, {"source": 101, "prod": 16.248563756562937, "target": 12, "value": 0.15698052339223006, "supply": [{"l": "Potash", "v": 4.6680725037344581}, {"l": "Phosphate", "v": 6.1694166716021996}, {"l": "Nitrogen", "v": 44.180111146455197}]}, {"source": 101, "prod": 367.13094266231269, "target": 13, "value": 3.5469231863237396, "supply": [{"l": "Potash", "v": 4.6680725037344581}, {"l": "Phosphate", "v": 6.1694166716021996}, {"l": "Nitrogen", "v": 44.180111146455197}]}, {"source": 101, "prod": 1.9370658054808554, "target": 58, "value": 0.01871436814633879, "supply": [{"l": "Potash", "v": 4.6680725037344581}, {"l": "Phosphate", "v": 6.1694166716021996}, {"l": "Nitrogen", "v": 44.180111146455197}]}, {"source": 101, "prod": 116.22394832885132, "target": 59, "value": 1.1228620887803273, "supply": [{"l": "Potash", "v": 4.6680725037344581}, {"l": "Phosphate", "v": 6.1694166716021996}, {"l": "Nitrogen", "v": 44.180111146455197}]}, {"source": 101, "prod": 1366.292274138814, "target": 86, "value": 13.200014445242303, "supply": [{"l": "Potash", "v": 4.6680725037344581}, {"l": "Phosphate", "v": 6.1694166716021996}, {"l": "Nitrogen", "v": 44.180111146455197}]}, {"source": 101, "prod": 9.411860913689333, "target": 17, "value": 0.090929812287504949, "supply": [{"l": "Potash", "v": 4.6680725037344581}, {"l": "Phosphate", "v": 6.1694166716021996}, {"l": "Nitrogen", "v": 44.180111146455197}]}, {"source": 101, "prod": 80.787038593289793, "target": 69, "value": 0.78049923622083539, "supply": [{"l": "Potash", "v": 4.6680725037344581}, {"l": "Phosphate", "v": 6.1694166716021996}, {"l": "Nitrogen", "v": 44.180111146455197}]}, {"source": 101, "prod": 70.987764518504292, "target": 23, "value": 0.6858265503040627, "supply": [{"l": "Potash", "v": 4.6680725037344581}, {"l": "Phosphate", "v": 6.1694166716021996}, {"l": "Nitrogen", "v": 44.180111146455197}]}, {"source": 101, "prod": 25.432534575489822, "target": 77, "value": 0.24570864530957753, "supply": [{"l": "Potash", "v": 4.6680725037344581}, {"l": "Phosphate", "v": 6.1694166716021996}, {"l": "Nitrogen", "v": 44.180111146455197}]}, {"source": 101, "prod": 13.44551559098476, "target": 81, "value": 0.12989973183929276, "supply": [{"l": "Potash", "v": 4.6680725037344581}, {"l": "Phosphate", "v": 6.1694166716021996}, {"l": "Nitrogen", "v": 44.180111146455197}]}, {"source": 101, "prod": 9.0700257715456534, "target": 15, "value": 0.087627276732268694, "supply": [{"l": "Potash", "v": 4.6680725037344581}, {"l": "Phosphate", "v": 6.1694166716021996}, {"l": "Nitrogen", "v": 44.180111146455197}]}, {"source": 99, "prod": 0, "target": 101, "value": 69.404102651355856, "supply": [{"l": "Natural gas (including LNG)", "v": 45.815143731925794}, {"l": "Fuel oil", "v": 15.779188254990157}, {"l": "Liquefied petroleum gas (LPG)", "v": 3.9048853322199535}, {"l": "Coal", "v": 3.9048853322199535}]}, {"source": 102, "prod": 0, "target": 27, "value": 0.0017673026464100222, "supply": "[{\"l\":'Labor',\"v\":0.0017673026464100222}]"}, {"source": 102, "prod": 0, "target": 94, "value": 6.4032704580073264e-06, "supply": "[{\"l\":'Labor',\"v\":6.4032704580073264e-06}]"}, {"source": 102, "prod": 0, "target": 39, "value": 0.00018569484328221248, "supply": "[{\"l\":'Labor',\"v\":0.00018569484328221248}]"}, {"source": 102, "prod": 0, "target": 40, "value": 0.0017673026464100222, "supply": "[{\"l\":'Labor',\"v\":0.0017673026464100222}]"}, {"source": 102, "prod": 0, "target": 9, "value": 0.08794891974073063, "supply": "[{\"l\":'Labor',\"v\":0.08794891974073063}]"}, {"source": 102, "prod": 0, "target": 85, "value": 6.4032704580073264e-06, "supply": "[{\"l\":'Labor',\"v\":6.4032704580073264e-06}]"}, {"source": 102, "prod": 0, "target": 55, "value": 2.5613081832029305e-05, "supply": "[{\"l\":'Labor',\"v\":2.5613081832029305e-05}]"}, {"source": 102, "prod": 0, "target": 15, "value": 0.0025485016422869158, "supply": "[{\"l\":'Labor',\"v\":0.0025485016422869158}]"}, {"source": 102, "prod": 0, "target": 17, "value": 0.002644550699157026, "supply": "[{\"l\":'Labor',\"v\":0.002644550699157026}]"}, {"source": 102, "prod": 0, "target": 5, "value": 0.0022603544716765863, "supply": "[{\"l\":'Labor',\"v\":0.0022603544716765863}]"}, {"source": 102, "prod": 0, "target": 37, "value": 0.002234741389844557, "supply": "[{\"l\":'Labor',\"v\":0.002234741389844557}]"}, {"source": 102, "prod": 0, "target": 8, "value": 0.39447987983599936, "supply": "[{\"l\":'Labor',\"v\":0.39447987983599936}]"}, {"source": 102, "prod": 0, "target": 47, "value": 0.00042261585022848348, "supply": "[{\"l\":'Labor',\"v\":0.00042261585022848348}]"}, {"source": 102, "prod": 0, "target": 87, "value": 0.0014663489348836778, "supply": "[{\"l\":'Labor',\"v\":0.0014663489348836778}]"}, {"source": 102, "prod": 0, "target": 28, "value": 8.9645786412102566e-05, "supply": "[{\"l\":'Labor',\"v\":8.9645786412102566e-05}]"}, {"source": 102, "prod": 0, "target": 11, "value": 0.022693190503177967, "supply": "[{\"l\":'Labor',\"v\":0.022693190503177967}]"}, {"source": 102, "prod": 0, "target": 12, "value": 0.0045655318365592232, "supply": "[{\"l\":'Labor',\"v\":0.0045655318365592232}]"}, {"source": 102, "prod": 0, "target": 58, "value": 0.00054427798893062274, "supply": "[{\"l\":'Labor',\"v\":0.00054427798893062274}]"}, {"source": 102, "prod": 0, "target": 86, "value": 0.38390167703937123, "supply": "[{\"l\":'Labor',\"v\":0.38390167703937123}]"}, {"source": 102, "prod": 0, "target": 81, "value": 0.0037779295702243224, "supply": "[{\"l\":'Labor',\"v\":0.0037779295702243224}]"}, {"source": 102, "prod": 0, "target": 0, "value": 0.16259184346972202, "supply": "[{\"l\":'Labor',\"v\":0.16259184346972202}]"}, {"source": 102, "prod": 0, "target": 93, "value": 0.00083242515954095242, "supply": "[{\"l\":'Labor',\"v\":0.00083242515954095242}]"}, {"source": 102, "prod": 0, "target": 4, "value": 0.14787712795722119, "supply": "[{\"l\":'Labor',\"v\":0.14787712795722119}]"}, {"source": 102, "prod": 0, "target": 36, "value": 0.015054088846775225, "supply": "[{\"l\":'Labor',\"v\":0.015054088846775225}]"}, {"source": 102, "prod": 0, "target": 6, "value": 0.019504361815090316, "supply": "[{\"l\":'Labor',\"v\":0.019504361815090316}]"}, {"source": 102, "prod": 0, "target": 18, "value": 0.009278338893652616, "supply": "[{\"l\":'Labor',\"v\":0.009278338893652616}]"}, {"source": 102, "prod": 0, "target": 56, "value": 5.1226163664058611e-05, "supply": "[{\"l\":'Labor',\"v\":5.1226163664058611e-05}]"}, {"source": 102, "prod": 0, "target": 10, "value": 0.01252479701586233, "supply": "[{\"l\":'Labor',\"v\":0.01252479701586233}]"}, {"source": 102, "prod": 0, "target": 46, "value": 0.11628339151741306, "supply": "[{\"l\":'Labor',\"v\":0.11628339151741306}]"}, {"source": 102, "prod": 0, "target": 82, "value": 0.00066594012763276195, "supply": "[{\"l\":'Labor',\"v\":0.00066594012763276195}]"}, {"source": 102, "prod": 0, "target": 68, "value": 5.7629434122065932e-05, "supply": "[{\"l\":'Labor',\"v\":5.7629434122065932e-05}]"}, {"source": 102, "prod": 0, "target": 75, "value": 0.00099250692099113556, "supply": "[{\"l\":'Labor',\"v\":0.00099250692099113556}]"}, {"source": 102, "prod": 0, "target": 26, "value": 0.00039700276839645424, "supply": "[{\"l\":'Labor',\"v\":0.00039700276839645424}]"}, {"source": 102, "prod": 0, "target": 2, "value": 0.0038483655452624028, "supply": "[{\"l\":'Labor',\"v\":0.0038483655452624028}]"}, {"source": 102, "prod": 0, "target": 69, "value": 0.022699593773635972, "supply": "[{\"l\":'Labor',\"v\":0.022699593773635972}]"}, {"source": 102, "prod": 0, "target": 30, "value": 1.9209811374021981e-05, "supply": "[{\"l\":'Labor',\"v\":1.9209811374021981e-05}]"}, {"source": 102, "prod": 0, "target": 53, "value": 0.0010501363551132016, "supply": "[{\"l\":'Labor',\"v\":0.0010501363551132016}]"}, {"source": 102, "prod": 0, "target": 13, "value": 0.10315668707849802, "supply": "[{\"l\":'Labor',\"v\":0.10315668707849802}]"}, {"source": 102, "prod": 0, "target": 59, "value": 0.032656679335837366, "supply": "[{\"l\":'Labor',\"v\":0.032656679335837366}]"}, {"source": 102, "prod": 0, "target": 61, "value": 0.00094768402778508442, "supply": "[{\"l\":'Labor',\"v\":0.00094768402778508442}]"}, {"source": 102, "prod": 0, "target": 64, "value": 0.0027277932151111212, "supply": "[{\"l\":'Labor',\"v\":0.0027277932151111212}]"}, {"source": 102, "prod": 0, "target": 67, "value": 7.0435975038080588e-05, "supply": "[{\"l\":'Labor',\"v\":7.0435975038080588e-05}]"}, {"source": 102, "prod": 0, "target": 21, "value": 7.6839245496087923e-05, "supply": "[{\"l\":'Labor',\"v\":7.6839245496087923e-05}]"}, {"source": 102, "prod": 0, "target": 22, "value": 3.8419622748043962e-05, "supply": "[{\"l\":'Labor',\"v\":3.8419622748043962e-05}]"}, {"source": 102, "prod": 0, "target": 23, "value": 0.019946187476692821, "supply": "[{\"l\":'Labor',\"v\":0.019946187476692821}]"}, {"source": 102, "prod": 0, "target": 77, "value": 0.0071460498311361762, "supply": "[{\"l\":'Labor',\"v\":0.0071460498311361762}]"}, {"source": 102, "prod": 0, "target": 24, "value": 0.0062688017783891726, "supply": "[{\"l\":'Labor',\"v\":0.0062688017783891726}]"}, {"source": 99, "prod": 0, "target": 92, "value": 34.143113915000619, "supply": "[{\"l\":'Fossil Fuels',\"v\":34.143113915000619}]"}, {"source": 100, "prod": 0, "target": 92, "value": 19.443437451128027, "supply": "[{\"l\":'Renewables & Nuclear',\"v\":16.63180633215406},{\"l\":'Biomass & Waste',\"v\":2.8116311189739651}]"}]}