{"nodes": [{"name": "Balance", "fill": "#9edae5"}, {"name": "Food", "fill": "#b5cf6b"}, {"name": "Stock Deposit", "fill": "#c7c7c7"}, {"name": "Export", "fill": "#aec7e8"}, {"name": "Biofuels & Other", "fill": "#e7ba52"}, {"name": "Crop Residue", "fill": "#bd9e39"}, {"name": "Renewables & Nuclear", "fill": "#2ca02c"}, {"name": "Fossil Fuels", "fill": "#c49c94"}, {"name": "Stock Draw", "fill": "#c7c7c7"}, {"name": "Labor", "fill": "#7f7f7f"}], "links": [{"source": 0, "target": 1, "value": 66.867648603901031}, {"source": 0, "target": 2, "value": 2.3626888794741223}, {"source": 0, "target": 3, "value": 33.749086506026423}, {"source": 0, "target": 4, "value": 8.2342325788226507}, {"source": 0, "target": 5, "value": 324.98626333414836}, {"source": 6, "target": 0, "value": 1.7561625771981755}, {"source": 7, "target": 0, "value": 100.43743293329861}, {"source": 8, "target": 0, "value": 7.3824524346915616}, {"source": 9, "target": 0, "value": 1.5358144093995572}]}