{"nodes": [{"layer": 5, "name": "Maize"}, {"layer": 10, "name": "Feed", "fill": "#dbdb8d"}, {"layer": 5, "name": "Rye"}, {"layer": 13, "name": "Sugar", "fill": "#d6616b"}, {"layer": 5, "name": "Barley"}, {"layer": 5, "name": "Rice"}, {"layer": 5, "name": "Sunflower seed"}, {"layer": 13, "name": "Fats, Animals, Raw"}, {"layer": 5, "name": "Wheat"}, {"layer": 5, "name": "Vegetables, Other"}, {"layer": 5, "name": "Peas"}, {"layer": 5, "name": "Oilcrops, Other"}, {"layer": 5, "name": "Oats"}, {"layer": 5, "name": "Potatoes"}, {"layer": 13, "name": "Milk - Excluding Butter"}, {"layer": 5, "name": "Pulses, Other"}, {"layer": 13, "name": "Fish, Seafood"}, {"layer": 5, "name": "Sorghum"}, {"layer": 5, "name": "Cereals, Other"}, {"layer": 13, "name": "Sweeteners, Other"}, {"layer": 13, "name": "Pelagic Fish"}, {"layer": 5, "name": "Millet"}, {"layer": 5, "name": "Rape and Mustardseed"}, {"layer": 5, "name": "Cassava"}, {"layer": 16, "name": "Food", "fill": "#b5cf6b"}, {"layer": 5, "name": "Olives"}, {"layer": 5, "name": "Nuts"}, {"layer": 5, "name": "Dates"}, {"layer": 13, "name": "Oilcrops Oil, Other"}, {"layer": 13, "name": "Maize Germ Oil"}, {"layer": 13, "name": "Beer"}, {"layer": 13, "name": "Groundnut Oil"}, {"layer": 13, "name": "Beverages, Alcoholic"}, {"layer": 13, "name": "Honey"}, {"layer": 13, "name": "Butter, Ghee"}, {"layer": 5, "name": "Tomatoes"}, {"layer": 5, "name": "Coffee"}, {"layer": 13, "name": "Soyabean Oil"}, {"layer": 5, "name": "Coconuts - Incl Copra"}, {"layer": 5, "name": "Treenuts"}, {"layer": 13, "name": "Crustaceans"}, {"layer": 13, "name": "Eggs"}, {"layer": 13, "name": "Cephalopods"}, {"layer": 13, "name": "Coconut Oil"}, {"layer": 13, "name": "Marine Fish, Other"}, {"layer": 5, "name": "Grapes"}, {"layer": 5, "name": "Groundnuts"}, {"layer": 13, "name": "Palm Oil"}, {"layer": 13, "name": "Wine"}, {"layer": 13, "name": "Sunflowerseed Oil"}, {"layer": 13, "name": "Olive Oil"}, {"layer": 13, "name": "Pigmeat"}, {"layer": 5, "name": "Cocoa Beans"}, {"layer": 13, "name": "Freshwater Fish"}, {"layer": 5, "name": "Pimento"}, {"layer": 5, "name": "Pepper"}, {"layer": 13, "name": "Rape and Mustard Oil"}, {"layer": 5, "name": "Pineapples"}, {"layer": 5, "name": "Beans"}, {"layer": 5, "name": "Apples"}, {"layer": 13, "name": "Meat, Other"}, {"layer": 5, "name": "Lemons, Limes"}, {"layer": 13, "name": "Mutton & Goat Meat"}, {"layer": 5, "name": "Bananas"}, {"layer": 13, "name": "Beverages, Fermented"}, {"layer": 5, "name": "Spices, Other"}, {"layer": 5, "name": "Tea"}, {"layer": 5, "name": "Fruits, Other"}, {"layer": 13, "name": "Molluscs, Other"}, {"layer": 13, "name": "Fish, Body Oil"}, {"layer": 13, "name": "Aquatic Animals, Others"}, {"layer": 13, "name": "Fish, Liver Oil"}, {"layer": 13, "name": "Poultry Meat"}, {"layer": 13, "name": "Offals, Edible"}, {"layer": 5, "name": "Grapefruit"}, {"layer": 13, "name": "Demersal Fish"}, {"layer": 5, "name": "Oranges, Mandarines"}, {"layer": 13, "name": "Bovine Meat"}, {"layer": 13, "name": "Palmkernel Oil"}, {"layer": 13, "name": "Cream"}, {"layer": 5, "name": "Onions"}, {"layer": 13, "name": "Aquatic Products, Other"}, {"layer": 10, "name": "Processing", "fill": "#9edae5"}, {"layer": 5, "name": "Soyabeans"}, {"layer": 5, "name": "Sesame seed"}, {"layer": 5, "name": "Sugar beet"}, {"layer": 5, "name": "Palm kernels"}, {"layer": 16, "name": "Biofuels & Other", "fill": "#e7ba52"}, {"layer": 13, "name": "Alcohol, Non-Food"}, {"layer": 13, "name": "Aquatic Plants"}, {"name": "Seed", "fill": "#dbdb8d"}, {"name": "Waste", "fill": "#c7c7c7"}, {"layer": 0, "name": "Import", "fill": "#aec7e8"}, {"layer": 5, "name": "Infant food"}, {"layer": 5, "name": "Sweet potatoes"}, {"layer": 16, "name": "Export", "fill": "#aec7e8"}, {"layer": 0, "name": "Stock Draw", "fill": "#c7c7c7"}, {"layer": 16, "name": "Stock Deposit", "fill": "#c7c7c7"}, {"layer": 0, "name": "Production", "fill": "#b5cf6b"}], "links": [{"source": 0, "prod": 15.711030075222947, "target": 1, "value": 5274.0, "supply": [{"l": "Maize", "v": 5274.0}]}, {"source": 2, "prod": 0.52622187635233031, "target": 1, "value": 219.0, "supply": [{"l": "Rye", "v": 219.0}]}, {"source": 3, "prod": 0.088759439224227285, "target": 1, "value": 23.0, "supply": [{"l": "Sugar", "v": 23.0}]}, {"source": 4, "prod": 10.215053722892591, "target": 1, "value": 5294.0, "supply": [{"l": "Barley", "v": 5294.0}]}, {"source": 5, "prod": 0.11461544978085002, "target": 1, "value": 26.0, "supply": [{"l": "Rice", "v": 26.0}]}, {"source": 6, "prod": 0.0039797031173906252, "target": 1, "value": 3.0, "supply": [{"l": "Sunflower seed", "v": 3.0}]}, {"source": 7, "prod": 0.89430729100713025, "target": 1, "value": 109.0, "supply": [{"l": "Fats, Animals, Raw", "v": 109.0}]}, {"source": 8, "prod": 11.92887996007531, "target": 1, "value": 3771.0, "supply": [{"l": "Wheat", "v": 3771.0}]}, {"source": 9, "prod": 0.030660189726492162, "target": 1, "value": 101.0, "supply": [{"l": "Vegetables, Other", "v": 101.0}]}, {"source": 10, "prod": 0.011320044422799999, "target": 1, "value": 4.0, "supply": [{"l": "Peas", "v": 4.0}]}, {"source": 11, "prod": 0.00265313541159375, "target": 1, "value": 2.0, "supply": [{"l": "Oilcrops, Other", "v": 2.0}]}, {"source": 12, "prod": 8.2494823731155016, "target": 1, "value": 1749.0, "supply": [{"l": "Oats", "v": 1749.0}]}, {"source": 13, "prod": 0.48222599971180918, "target": 1, "value": 618.0, "supply": [{"l": "Potatoes", "v": 618.0}]}, {"source": 14, "prod": 4.0376561958417199, "target": 1, "value": 6741.0, "supply": [{"l": "Milk - Excluding Butter", "v": 6741.0}]}, {"source": 15, "prod": 0.31130122162700002, "target": 1, "value": 88.0, "supply": [{"l": "Pulses, Other", "v": 88.0}]}, {"source": 16, "prod": 0.069537050859821758, "target": 1, "value": 110.0, "supply": [{"l": "Fish, Seafood", "v": 110.0}]}, {"source": 17, "prod": 0.31000536623902952, "target": 1, "value": 98.0, "supply": [{"l": "Sorghum", "v": 98.0}]}, {"source": 18, "prod": 2.2074086624459999, "target": 1, "value": 533.0, "supply": [{"l": "Cereals, Other", "v": 533.0}]}, {"source": 19, "prod": 0.018866740704666669, "target": 1, "value": 8.0, "supply": [{"l": "Sweeteners, Other", "v": 8.0}]}, {"source": 20, "prod": 0.12640415846319267, "target": 1, "value": 110.0, "supply": [{"l": "Pelagic Fish", "v": 110.0}]}, {"source": 21, "prod": 0.041123160827626369, "target": 1, "value": 13.0, "supply": [{"l": "Millet", "v": 13.0}]}, {"source": 22, "prod": 0.037143895762312501, "target": 1, "value": 28.0, "supply": [{"l": "Rape and Mustardseed", "v": 28.0}]}, {"source": 23, "prod": 0.40107469878943358, "target": 1, "value": 514.0, "supply": [{"l": "Cassava", "v": 514.0}]}, {"source": 0, "prod": 0.17873754351789475, "target": 24, "value": 60.0, "supply": [{"l": "Maize", "v": 60.0}]}, {"source": 25, "prod": 0.04419469397942466, "target": 24, "value": 38.0, "supply": [{"l": "Olives", "v": 38.0}]}, {"source": 2, "prod": 0.067279509305320756, "target": 24, "value": 28.0, "supply": [{"l": "Rye", "v": 28.0}]}, {"source": 26, "prod": 0.40036903690570896, "target": 24, "value": 153.0, "supply": [{"l": "Nuts", "v": 153.0}]}, {"source": 27, "prod": 0.02122508329275, "target": 24, "value": 5.0, "supply": [{"l": "Dates", "v": 5.0}]}, {"source": 3, "prod": 8.4861742110467748, "target": 24, "value": 2199.0, "supply": [{"l": "Sugar", "v": 2199.0}]}, {"source": 28, "prod": 0.53154991202713042, "target": 24, "value": 48.0, "supply": [{"l": "Oilcrops Oil, Other", "v": 48.0}]}, {"source": 29, "prod": 0.15407838242144448, "target": 24, "value": 14.0, "supply": [{"l": "Maize Germ Oil", "v": 14.0}]}, {"source": 30, "prod": 1.3131251530448, "target": 24, "value": 2320.0, "supply": [{"l": "Beer", "v": 2320.0}]}, {"source": 31, "prod": 0.91657194006206799, "target": 24, "value": 89.0, "supply": [{"l": "Groundnut Oil", "v": 89.0}]}, {"source": 32, "prod": 0.48935173584170477, "target": 24, "value": 142.0, "supply": [{"l": "Beverages, Alcoholic", "v": 142.0}]}, {"source": 4, "prod": 0.02122508329275, "target": 24, "value": 11.0, "supply": [{"l": "Barley", "v": 11.0}]}, {"source": 33, "prod": 0.0424501665855, "target": 24, "value": 11.0, "supply": [{"l": "Honey", "v": 11.0}]}, {"source": 5, "prod": 0.59952696808444617, "target": 24, "value": 136.0, "supply": [{"l": "Rice", "v": 136.0}]}, {"source": 34, "prod": 4.0715306079706739, "target": 24, "value": 489.0, "supply": [{"l": "Butter, Ghee", "v": 489.0}]}, {"source": 35, "prod": 0.17812967221227471, "target": 24, "value": 802.0, "supply": [{"l": "Tomatoes", "v": 802.0}]}, {"source": 7, "prod": 1.0255817557421218, "target": 24, "value": 125.0, "supply": [{"l": "Fats, Animals, Raw", "v": 125.0}]}, {"source": 36, "prod": 0.13371802474432501, "target": 24, "value": 252.0, "supply": [{"l": "Coffee", "v": 252.0}]}, {"source": 8, "prod": 15.066893463229569, "target": 24, "value": 4763.0, "supply": [{"l": "Wheat", "v": 4763.0}]}, {"source": 37, "prod": 1.0963853369841208, "target": 24, "value": 107.0, "supply": [{"l": "Soyabean Oil", "v": 107.0}]}, {"source": 38, "prod": 0.022551650998546877, "target": 24, "value": 17.0, "supply": [{"l": "Coconuts - Incl Copra", "v": 17.0}]}, {"source": 39, "prod": 0.40036903690570896, "target": 24, "value": 153.0, "supply": [{"l": "Treenuts", "v": 153.0}]}, {"source": 40, "prod": 0.02232564316718889, "target": 24, "value": 71.0, "supply": [{"l": "Crustaceans", "v": 71.0}]}, {"source": 41, "prod": 1.0911240124409263, "target": 24, "value": 662.0, "supply": [{"l": "Eggs", "v": 662.0}]}, {"source": 9, "prod": 1.5135812472899994, "target": 24, "value": 4986.0, "supply": [{"l": "Vegetables, Other", "v": 4986.0}]}, {"source": 10, "prod": 0.022640088845599999, "target": 24, "value": 8.0, "supply": [{"l": "Peas", "v": 8.0}]}, {"source": 42, "prod": 0.011622222200000001, "target": 24, "value": 10.0, "supply": [{"l": "Cephalopods", "v": 10.0}]}, {"source": 43, "prod": 0.20012221390307147, "target": 24, "value": 22.0, "supply": [{"l": "Coconut Oil", "v": 22.0}]}, {"source": 44, "prod": 0.021909763398967743, "target": 24, "value": 32.0, "supply": [{"l": "Marine Fish, Other", "v": 32.0}]}, {"source": 45, "prod": 0.22221206335370039, "target": 24, "value": 290.0, "supply": [{"l": "Grapes", "v": 290.0}]}, {"source": 46, "prod": 0.067026578819210536, "target": 24, "value": 10.0, "supply": [{"l": "Groundnuts", "v": 10.0}]}, {"source": 47, "prod": 0.26379746378132146, "target": 24, "value": 29.0, "supply": [{"l": "Palm Oil", "v": 29.0}]}, {"source": 22, "prod": 0.017245380175359374, "target": 24, "value": 13.0, "supply": [{"l": "Rape and Mustardseed", "v": 13.0}]}, {"source": 48, "prod": 4.3401531159863262, "target": 24, "value": 5499.0, "supply": [{"l": "Wine", "v": 5499.0}]}, {"source": 49, "prod": 1.4675629019558574, "target": 24, "value": 143.0, "supply": [{"l": "Sunflowerseed Oil", "v": 143.0}]}, {"source": 12, "prod": 0.023583425880833338, "target": 24, "value": 5.0, "supply": [{"l": "Oats", "v": 5.0}]}, {"source": 50, "prod": 0.24976493363096508, "target": 24, "value": 23.0, "supply": [{"l": "Olive Oil", "v": 23.0}]}, {"source": 51, "prod": 7.0115400767600757, "target": 24, "value": 1701.0, "supply": [{"l": "Pigmeat", "v": 1701.0}]}, {"source": 52, "prod": 0.26641139029520688, "target": 24, "value": 91.0, "supply": [{"l": "Cocoa Beans", "v": 91.0}]}, {"source": 13, "prod": 3.8726337161322153, "target": 24, "value": 4963.0, "supply": [{"l": "Potatoes", "v": 4963.0}]}, {"source": 53, "prod": 0.022594443505185486, "target": 24, "value": 33.0, "supply": [{"l": "Freshwater Fish", "v": 33.0}]}, {"source": 54, "prod": 0.0053062708231875, "target": 24, "value": 2.0, "supply": [{"l": "Pimento", "v": 2.0}]}, {"source": 55, "prod": 0.02122508329275, "target": 24, "value": 5.0, "supply": [{"l": "Pepper", "v": 5.0}]}, {"source": 56, "prod": 0.18356828793729729, "target": 24, "value": 20.0, "supply": [{"l": "Rape and Mustard Oil", "v": 20.0}]}, {"source": 14, "prod": 7.3002453218986609, "target": 24, "value": 12188.0, "supply": [{"l": "Milk - Excluding Butter", "v": 12188.0}]}, {"source": 57, "prod": 0.044587944758870506, "target": 24, "value": 73.0, "supply": [{"l": "Pineapples", "v": 73.0}]}, {"source": 58, "prod": 0.22382815108718185, "target": 24, "value": 58.0, "supply": [{"l": "Beans", "v": 58.0}]}, {"source": 59, "prod": 0.24495833832944267, "target": 24, "value": 416.0, "supply": [{"l": "Apples", "v": 416.0}]}, {"source": 16, "prod": 0.73456411908284436, "target": 24, "value": 1162.0, "supply": [{"l": "Fish, Seafood", "v": 1162.0}]}, {"source": 60, "prod": 0.75737821967397034, "target": 24, "value": 583.0, "supply": [{"l": "Meat, Other", "v": 583.0}]}, {"source": 61, "prod": 0.022137990101040322, "target": 24, "value": 97.0, "supply": [{"l": "Lemons, Limes", "v": 97.0}]}, {"source": 18, "prod": 0.17808362567575611, "target": 24, "value": 43.0, "supply": [{"l": "Cereals, Other", "v": 43.0}]}, {"source": 62, "prod": 0.46875822250796806, "target": 24, "value": 173.0, "supply": [{"l": "Mutton & Goat Meat", "v": 173.0}]}, {"source": 19, "prod": 0.044808509173583339, "target": 24, "value": 19.0, "supply": [{"l": "Sweeteners, Other", "v": 19.0}]}, {"source": 20, "prod": 0.37806334667627634, "target": 24, "value": 329.0, "supply": [{"l": "Pelagic Fish", "v": 329.0}]}, {"source": 63, "prod": 0.31126842891430362, "target": 24, "value": 452.0, "supply": [{"l": "Bananas", "v": 452.0}]}, {"source": 64, "prod": 0.44514103725662291, "target": 24, "value": 798.0, "supply": [{"l": "Beverages, Fermented", "v": 798.0}]}, {"source": 65, "prod": 0.023583425880833338, "target": 24, "value": 5.0, "supply": [{"l": "Spices, Other", "v": 5.0}]}, {"source": 66, "prod": 0.0086455619446761858, "target": 24, "value": 5.0, "supply": [{"l": "Tea", "v": 5.0}]}, {"source": 67, "prod": 0.75652202561186399, "target": 24, "value": 1356.0, "supply": [{"l": "Fruits, Other", "v": 1356.0}]}, {"source": 68, "prod": 0.066928729799036496, "target": 24, "value": 216.0, "supply": [{"l": "Molluscs, Other", "v": 216.0}]}, {"source": 69, "prod": 0.063675249878250004, "target": 24, "value": 6.0, "supply": [{"l": "Fish, Body Oil", "v": 6.0}]}, {"source": 70, "prod": 0.00063215500781656133, "target": 24, "value": 1.0, "supply": [{"l": "Aquatic Animals, Others", "v": 1.0}]}, {"source": 71, "prod": 0.048514476097714289, "target": 24, "value": 4.0, "supply": [{"l": "Fish, Liver Oil", "v": 4.0}]}, {"source": 72, "prod": 1.2013426766980928, "target": 24, "value": 751.0, "supply": [{"l": "Poultry Meat", "v": 751.0}]}, {"source": 73, "prod": 0.62355071922659067, "target": 24, "value": 501.0, "supply": [{"l": "Offals, Edible", "v": 501.0}]}, {"source": 74, "prod": 0.022351312202161227, "target": 24, "value": 129.0, "supply": [{"l": "Grapefruit", "v": 129.0}]}, {"source": 75, "prod": 0.2226506510219432, "target": 24, "value": 471.0, "supply": [{"l": "Demersal Fish", "v": 471.0}]}, {"source": 76, "prod": 0.31174093746070108, "target": 24, "value": 844.0, "supply": [{"l": "Oranges, Mandarines", "v": 844.0}]}, {"source": 77, "prod": 2.0692260512159582, "target": 24, "value": 1520.0, "supply": [{"l": "Bovine Meat", "v": 1520.0}]}, {"source": 15, "prod": 0.088437847053125018, "target": 24, "value": 25.0, "supply": [{"l": "Pulses, Other", "v": 25.0}]}, {"source": 78, "prod": 0.24720979364497059, "target": 24, "value": 27.0, "supply": [{"l": "Palmkernel Oil", "v": 27.0}]}, {"source": 79, "prod": 0.13308700875454055, "target": 24, "value": 58.0, "supply": [{"l": "Cream", "v": 58.0}]}, {"source": 80, "prod": 0.088839008421201043, "target": 24, "value": 203.0, "supply": [{"l": "Onions", "v": 203.0}]}, {"source": 81, "prod": 0.00063215500781656133, "target": 24, "value": 1.0, "supply": [{"l": "Aquatic Products, Other", "v": 1.0}]}, {"source": 6, "prod": 0.14990215075504687, "target": 82, "value": 113.0, "supply": [{"l": "Sunflower seed", "v": 113.0}]}, {"source": 0, "prod": 0.52727575337778954, "target": 82, "value": 177.0, "supply": [{"l": "Maize", "v": 177.0}]}, {"source": 25, "prod": 0.011630182626164385, "target": 82, "value": 10.0, "supply": [{"l": "Olives", "v": 10.0}]}, {"source": 8, "prod": 0.19296252388347757, "target": 82, "value": 61.0, "supply": [{"l": "Wheat", "v": 61.0}]}, {"source": 7, "prod": 0.92712590719087817, "target": 82, "value": 113.0, "supply": [{"l": "Fats, Animals, Raw", "v": 113.0}]}, {"source": 38, "prod": 0.24939472868981252, "target": 82, "value": 188.0, "supply": [{"l": "Coconuts - Incl Copra", "v": 188.0}]}, {"source": 83, "prod": 0.75349045689262506, "target": 82, "value": 568.0, "supply": [{"l": "Soyabeans", "v": 568.0}]}, {"source": 13, "prod": 0.38000657258843218, "target": 82, "value": 487.0, "supply": [{"l": "Potatoes", "v": 487.0}]}, {"source": 59, "prod": 0.74488533169890614, "target": 82, "value": 1265.0, "supply": [{"l": "Apples", "v": 1265.0}]}, {"source": 67, "prod": 0.014505584561879399, "target": 82, "value": 26.0, "supply": [{"l": "Fruits, Other", "v": 26.0}]}, {"source": 84, "prod": 0.001326567705796875, "target": 82, "value": 1.0, "supply": [{"l": "Sesame seed", "v": 1.0}]}, {"source": 72, "prod": 0.0031993147182372643, "target": 82, "value": 2.0, "supply": [{"l": "Poultry Meat", "v": 2.0}]}, {"source": 22, "prod": 0.679202665368, "target": 82, "value": 512.0, "supply": [{"l": "Rape and Mustardseed", "v": 512.0}]}, {"source": 4, "prod": 0.7081459607672046, "target": 82, "value": 367.0, "supply": [{"l": "Barley", "v": 367.0}]}, {"source": 45, "prod": 8.6348542825270673, "target": 82, "value": 11269.0, "supply": [{"l": "Grapes", "v": 11269.0}]}, {"source": 46, "prod": 1.4812873919045528, "target": 82, "value": 221.0, "supply": [{"l": "Groundnuts", "v": 221.0}]}, {"source": 85, "prod": 23.895288843199999, "target": 82, "value": 20560.0, "supply": [{"l": "Sugar beet", "v": 20560.0}]}, {"source": 86, "prod": 0.022551650998546877, "target": 82, "value": 17.0, "supply": [{"l": "Palm kernels", "v": 17.0}]}, {"source": 5, "prod": 0.0088165730600653844, "target": 82, "value": 2.0, "supply": [{"l": "Rice", "v": 2.0}]}, {"source": 11, "prod": 0.14857558304925, "target": 82, "value": 112.0, "supply": [{"l": "Oilcrops, Other", "v": 112.0}]}, {"source": 48, "prod": 1.8113568651006762, "target": 82, "value": 2295.0, "supply": [{"l": "Wine", "v": 2295.0}]}, {"source": 0, "prod": 1.4716057749640001, "target": 87, "value": 494.0, "supply": [{"l": "Maize", "v": 494.0}]}, {"source": 88, "prod": 0.2222633733634789, "target": 87, "value": 328.0, "supply": [{"l": "Alcohol, Non-Food", "v": 328.0}]}, {"source": 31, "prod": 1.4520971185252989, "target": 87, "value": 141.0, "supply": [{"l": "Groundnut Oil", "v": 141.0}]}, {"source": 32, "prod": 1.5094088753427233, "target": 87, "value": 438.0, "supply": [{"l": "Beverages, Alcoholic", "v": 438.0}]}, {"source": 81, "prod": 0.030343440375194951, "target": 87, "value": 48.0, "supply": [{"l": "Aquatic Products, Other", "v": 48.0}]}, {"source": 5, "prod": 0.0044082865300326922, "target": 87, "value": 1.0, "supply": [{"l": "Rice", "v": 1.0}]}, {"source": 7, "prod": 0.87789798291525623, "target": 87, "value": 107.0, "supply": [{"l": "Fats, Animals, Raw", "v": 107.0}]}, {"source": 8, "prod": 0.11071620222822483, "target": 87, "value": 35.0, "supply": [{"l": "Wheat", "v": 35.0}]}, {"source": 41, "prod": 0.0098893415024857382, "target": 87, "value": 6.0, "supply": [{"l": "Eggs", "v": 6.0}]}, {"source": 44, "prod": 0.0061621209559596778, "target": 87, "value": 9.0, "supply": [{"l": "Marine Fish, Other", "v": 9.0}]}, {"source": 47, "prod": 0.70042774866075008, "target": 87, "value": 77.0, "supply": [{"l": "Palm Oil", "v": 77.0}]}, {"source": 11, "prod": 0.0066328385289843748, "target": 87, "value": 5.0, "supply": [{"l": "Oilcrops, Other", "v": 5.0}]}, {"source": 62, "prod": 0.010838340404808511, "target": 87, "value": 4.0, "supply": [{"l": "Mutton & Goat Meat", "v": 4.0}]}, {"source": 13, "prod": 0.011704514556111873, "target": 87, "value": 15.0, "supply": [{"l": "Potatoes", "v": 15.0}]}, {"source": 43, "prod": 0.20012221390307147, "target": 87, "value": 22.0, "supply": [{"l": "Coconut Oil", "v": 22.0}]}, {"source": 56, "prod": 0.73427315174918917, "target": 87, "value": 80.0, "supply": [{"l": "Rape and Mustard Oil", "v": 80.0}]}, {"source": 14, "prod": 0.128179561772753, "target": 87, "value": 214.0, "supply": [{"l": "Milk - Excluding Butter", "v": 214.0}]}, {"source": 16, "prod": 0.0056893950703490537, "target": 87, "value": 9.0, "supply": [{"l": "Fish, Seafood", "v": 9.0}]}, {"source": 85, "prod": 1.1552488866799999, "target": 87, "value": 994.0, "supply": [{"l": "Sugar beet", "v": 994.0}]}, {"source": 28, "prod": 1.2956529105661303, "target": 87, "value": 117.0, "supply": [{"l": "Oilcrops Oil, Other", "v": 117.0}]}, {"source": 48, "prod": 0.13654236935181566, "target": 87, "value": 173.0, "supply": [{"l": "Wine", "v": 173.0}]}, {"source": 19, "prod": 0.19338409222283334, "target": 87, "value": 82.0, "supply": [{"l": "Sweeteners, Other", "v": 82.0}]}, {"source": 69, "prod": 0.063675249878250004, "target": 87, "value": 6.0, "supply": [{"l": "Fish, Body Oil", "v": 6.0}]}, {"source": 89, "prod": 0.030343440375194951, "target": 87, "value": 48.0, "supply": [{"l": "Aquatic Plants", "v": 48.0}]}, {"source": 23, "prod": 0.010924213585704416, "target": 87, "value": 14.0, "supply": [{"l": "Cassava", "v": 14.0}]}, {"source": 4, "prod": 0.028943295399204545, "target": 87, "value": 15.0, "supply": [{"l": "Barley", "v": 15.0}]}, {"source": 6, "prod": 0.001326567705796875, "target": 90, "value": 1.0, "supply": [{"l": "Sunflower seed", "v": 1.0}]}, {"source": 0, "prod": 0.22342192939736844, "target": 90, "value": 75.0, "supply": [{"l": "Maize", "v": 75.0}]}, {"source": 8, "prod": 1.9359518789621026, "target": 90, "value": 612.0, "supply": [{"l": "Wheat", "v": 612.0}]}, {"source": 12, "prod": 0.56128553596383346, "target": 90, "value": 119.0, "supply": [{"l": "Oats", "v": 119.0}]}, {"source": 13, "prod": 0.51421833949851492, "target": 90, "value": 659.0, "supply": [{"l": "Potatoes", "v": 659.0}]}, {"source": 41, "prod": 0.056039601847419185, "target": 41, "value": 34.0, "supply": [{"l": "Eggs", "v": 34.0}]}, {"source": 2, "prod": 0.028834075416566039, "target": 90, "value": 12.0, "supply": [{"l": "Rye", "v": 12.0}]}, {"source": 10, "prod": 0.031130122162699999, "target": 90, "value": 11.0, "supply": [{"l": "Peas", "v": 11.0}]}, {"source": 58, "prod": 0.015436424212909092, "target": 90, "value": 4.0, "supply": [{"l": "Beans", "v": 4.0}]}, {"source": 4, "prod": 0.75252568037931822, "target": 90, "value": 390.0, "supply": [{"l": "Barley", "v": 390.0}]}, {"source": 22, "prod": 0.001326567705796875, "target": 90, "value": 1.0, "supply": [{"l": "Rape and Mustardseed", "v": 1.0}]}, {"source": 11, "prod": 0.0053062708231875, "target": 90, "value": 4.0, "supply": [{"l": "Oilcrops, Other", "v": 4.0}]}, {"source": 5, "prod": 0.0088165730600653844, "target": 90, "value": 2.0, "supply": [{"l": "Rice", "v": 2.0}]}, {"source": 17, "prod": 0.0063266401273271329, "target": 90, "value": 2.0, "supply": [{"l": "Sorghum", "v": 2.0}]}, {"source": 18, "prod": 0.12838586967321952, "target": 90, "value": 31.0, "supply": [{"l": "Cereals, Other", "v": 31.0}]}, {"source": 15, "prod": 0.010612541646375, "target": 90, "value": 3.0, "supply": [{"l": "Pulses, Other", "v": 3.0}]}, {"source": 0, "prod": 0.10724252611073685, "target": 91, "value": 36.0, "supply": [{"l": "Maize", "v": 36.0}]}, {"source": 67, "prod": 0.12887653976131311, "target": 91, "value": 231.0, "supply": [{"l": "Fruits, Other", "v": 231.0}]}, {"source": 30, "prod": 0.022074086624460004, "target": 91, "value": 39.0, "supply": [{"l": "Beer", "v": 39.0}]}, {"source": 74, "prod": 0.0013861278885061226, "target": 91, "value": 8.0, "supply": [{"l": "Grapefruit", "v": 8.0}]}, {"source": 4, "prod": 0.040520613558886372, "target": 91, "value": 21.0, "supply": [{"l": "Barley", "v": 21.0}]}, {"source": 26, "prod": 0.0052335821817739723, "target": 91, "value": 2.0, "supply": [{"l": "Nuts", "v": 2.0}]}, {"source": 6, "prod": 0.0053062708231875, "target": 91, "value": 4.0, "supply": [{"l": "Sunflower seed", "v": 4.0}]}, {"source": 8, "prod": 0.23408568471110397, "target": 91, "value": 74.0, "supply": [{"l": "Wheat", "v": 74.0}]}, {"source": 39, "prod": 0.0052335821817739723, "target": 91, "value": 2.0, "supply": [{"l": "Treenuts", "v": 2.0}]}, {"source": 41, "prod": 0.01153756508623336, "target": 91, "value": 7.0, "supply": [{"l": "Eggs", "v": 7.0}]}, {"source": 9, "prod": 0.27745953871300832, "target": 91, "value": 914.0, "supply": [{"l": "Vegetables, Other", "v": 914.0}]}, {"source": 35, "prod": 0.011105341160366253, "target": 91, "value": 50.0, "supply": [{"l": "Tomatoes", "v": 50.0}]}, {"source": 45, "prod": 0.0091949819318772573, "target": 91, "value": 12.0, "supply": [{"l": "Grapes", "v": 12.0}]}, {"source": 27, "prod": 0.0084900333171, "target": 91, "value": 2.0, "supply": [{"l": "Dates", "v": 2.0}]}, {"source": 12, "prod": 0.018866740704666669, "target": 91, "value": 4.0, "supply": [{"l": "Oats", "v": 4.0}]}, {"source": 13, "prod": 0.49002900941588379, "target": 91, "value": 628.0, "supply": [{"l": "Potatoes", "v": 628.0}]}, {"source": 14, "prod": 0.037136134719208812, "target": 91, "value": 62.0, "supply": [{"l": "Milk - Excluding Butter", "v": 62.0}]}, {"source": 59, "prod": 0.14721053986144389, "target": 91, "value": 250.0, "supply": [{"l": "Apples", "v": 250.0}]}, {"source": 61, "prod": 0.0022822670207258066, "target": 91, "value": 10.0, "supply": [{"l": "Lemons, Limes", "v": 10.0}]}, {"source": 48, "prod": 0.049723521787077382, "target": 91, "value": 63.0, "supply": [{"l": "Wine", "v": 63.0}]}, {"source": 57, "prod": 0.0030539688191007193, "target": 91, "value": 5.0, "supply": [{"l": "Pineapples", "v": 5.0}]}, {"source": 63, "prod": 0.016527527198989572, "target": 91, "value": 24.0, "supply": [{"l": "Bananas", "v": 24.0}]}, {"source": 64, "prod": 0.00055782084869250982, "target": 91, "value": 1.0, "supply": [{"l": "Beverages, Fermented", "v": 1.0}]}, {"source": 76, "prod": 0.030656987925637664, "target": 91, "value": 83.0, "supply": [{"l": "Oranges, Mandarines", "v": 83.0}]}, {"source": 80, "prod": 0.016192331584159794, "target": 91, "value": 37.0, "supply": [{"l": "Onions", "v": 37.0}]}, {"source": 15, "prod": 0.0070750277642500003, "target": 91, "value": 2.0, "supply": [{"l": "Pulses, Other", "v": 2.0}]}, {"source": 92, "prod": 0.019405360752535489, "target": 93, "value": 7.0, "supply": [{"l": "Infant food", "v": 7.0}]}, {"source": 92, "prod": 0.00078030097040745832, "target": 94, "value": 1.0, "supply": [{"l": "Sweet potatoes", "v": 1.0}]}, {"source": 92, "prod": 0.028300111057000001, "target": 65, "value": 6.0, "supply": [{"l": "Spices, Other", "v": 6.0}]}, {"source": 92, "prod": 0.069741542487100072, "target": 35, "value": 314.0, "supply": [{"l": "Tomatoes", "v": 314.0}]}, {"source": 92, "prod": 0.41199891237513797, "target": 23, "value": 528.0, "supply": [{"l": "Cassava", "v": 528.0}]}, {"source": 92, "prod": 0.025104937227983872, "target": 61, "value": 110.0, "supply": [{"l": "Lemons, Limes", "v": 110.0}]}, {"source": 92, "prod": 0.24336157145248971, "target": 39, "value": 93.0, "supply": [{"l": "Treenuts", "v": 93.0}]}, {"source": 92, "prod": 0.0048056792360943405, "target": 2, "value": 2.0, "supply": [{"l": "Rye", "v": 2.0}]}, {"source": 92, "prod": 0.11990866279172678, "target": 9, "value": 395.0, "supply": [{"l": "Vegetables, Other", "v": 395.0}]}, {"source": 92, "prod": 0.0086455619446761858, "target": 66, "value": 5.0, "supply": [{"l": "Tea", "v": 5.0}]}, {"source": 92, "prod": 0.035919371726192313, "target": 59, "value": 61.0, "supply": [{"l": "Apples", "v": 61.0}]}, {"source": 92, "prod": 0.65683469297487118, "target": 5, "value": 149.0, "supply": [{"l": "Rice", "v": 149.0}]}, {"source": 92, "prod": 1.0628755413909583, "target": 8, "value": 336.0, "supply": [{"l": "Wheat", "v": 336.0}]}, {"source": 92, "prod": 0.022551650998546877, "target": 86, "value": 17.0, "supply": [{"l": "Palm kernels", "v": 17.0}]}, {"source": 92, "prod": 0.02122508329275, "target": 4, "value": 11.0, "supply": [{"l": "Barley", "v": 11.0}]}, {"source": 92, "prod": 0.02122508329275, "target": 55, "value": 5.0, "supply": [{"l": "Pepper", "v": 5.0}]}, {"source": 92, "prod": 0.02408397206279388, "target": 74, "value": 139.0, "supply": [{"l": "Grapefruit", "v": 139.0}]}, {"source": 92, "prod": 0.1602493788602625, "target": 36, "value": 302.0, "supply": [{"l": "Coffee", "v": 302.0}]}, {"source": 92, "prod": 0.062348682172453131, "target": 6, "value": 47.0, "supply": [{"l": "Sunflower seed", "v": 47.0}]}, {"source": 92, "prod": 0.03479652070029924, "target": 21, "value": 11.0, "supply": [{"l": "Millet", "v": 11.0}]}, {"source": 92, "prod": 0.0594302332197, "target": 27, "value": 14.0, "supply": [{"l": "Dates", "v": 14.0}]}, {"source": 92, "prod": 0.048846767029890409, "target": 25, "value": 42.0, "supply": [{"l": "Olives", "v": 42.0}]}, {"source": 92, "prod": 0.062122195003170733, "target": 18, "value": 15.0, "supply": [{"l": "Cereals, Other", "v": 15.0}]}, {"source": 92, "prod": 2.6289654156662534, "target": 1, "value": 2390.0, "supply": [{"l": "Freshwater Fish", "v": 20.0}, {"l": "Pigmeat", "v": 208.0}, {"l": "Meat, Other", "v": 52.0}, {"l": "Crustaceans", "v": 41.0}, {"l": "Demersal Fish", "v": 147.0}, {"l": "Mutton & Goat Meat", "v": 44.0}, {"l": "Poultry Meat", "v": 6.0}, {"l": "Milk - Excluding Butter", "v": 579.0}, {"l": "Pelagic Fish", "v": 354.0}, {"l": "Fish, Seafood", "v": 641.0}, {"l": "Cephalopods", "v": 6.0}, {"l": "Molluscs, Other", "v": 73.0}, {"l": "Offals, Edible", "v": 83.0}, {"l": "Bovine Meat", "v": 128.0}, {"l": "Eggs", "v": 8.0}]}, {"source": 92, "prod": 0.0079594062347812505, "target": 54, "value": 3.0, "supply": [{"l": "Pimento", "v": 3.0}]}, {"source": 92, "prod": 0.24336157145248971, "target": 26, "value": 93.0, "supply": [{"l": "Nuts", "v": 93.0}]}, {"source": 92, "prod": 0.079240310959600005, "target": 10, "value": 28.0, "supply": [{"l": "Peas", "v": 28.0}]}, {"source": 92, "prod": 0.055715843643468752, "target": 11, "value": 42.0, "supply": [{"l": "Oilcrops, Other", "v": 42.0}]}, {"source": 92, "prod": 0.31618055111958621, "target": 52, "value": 108.0, "supply": [{"l": "Cocoa Beans", "v": 108.0}]}, {"source": 92, "prod": 0.35495620959684099, "target": 76, "value": 961.0, "supply": [{"l": "Oranges, Mandarines", "v": 961.0}]}, {"source": 92, "prod": 0.012653280254654266, "target": 17, "value": 4.0, "supply": [{"l": "Sorghum", "v": 4.0}]}, {"source": 92, "prod": 0.048252707341791365, "target": 57, "value": 79.0, "supply": [{"l": "Pineapples", "v": 79.0}]}, {"source": 92, "prod": 0.26374172799772089, "target": 13, "value": 338.0, "supply": [{"l": "Potatoes", "v": 338.0}]}, {"source": 92, "prod": 0.051640408835969077, "target": 80, "value": 118.0, "supply": [{"l": "Onions", "v": 118.0}]}, {"source": 92, "prod": 0.061022114466656251, "target": 22, "value": 46.0, "supply": [{"l": "Rape and Mustardseed", "v": 46.0}]}, {"source": 92, "prod": 0.32779595611329315, "target": 63, "value": 476.0, "supply": [{"l": "Bananas", "v": 476.0}]}, {"source": 92, "prod": 0.062066128040171489, "target": 45, "value": 81.0, "supply": [{"l": "Grapes", "v": 81.0}]}, {"source": 92, "prod": 0.001326567705796875, "target": 84, "value": 1.0, "supply": [{"l": "Sesame seed", "v": 1.0}]}, {"source": 92, "prod": 10.799603214635219, "target": 82, "value": 2167.0, "supply": [{"l": "Alcohol, Non-Food", "v": 31.0}, {"l": "Sugar", "v": 425.0}, {"l": "Maize Germ Oil", "v": 4.0}, {"l": "Beer", "v": 196.0}, {"l": "Groundnut Oil", "v": 143.0}, {"l": "Beverages, Alcoholic", "v": 61.0}, {"l": "Fats, Animals, Raw", "v": 90.0}, {"l": "Soyabean Oil", "v": 85.0}, {"l": "Butter, Ghee", "v": 25.0}, {"l": "Palm Oil", "v": 143.0}, {"l": "Sunflowerseed Oil", "v": 109.0}, {"l": "Olive Oil", "v": 26.0}, {"l": "Coconut Oil", "v": 19.0}, {"l": "Rape and Mustard Oil", "v": 7.0}, {"l": "Oilcrops Oil, Other", "v": 142.0}, {"l": "Wine", "v": 590.0}, {"l": "Sweeteners, Other", "v": 24.0}, {"l": "Fish, Body Oil", "v": 22.0}, {"l": "Fish, Liver Oil", "v": 1.0}, {"l": "Honey", "v": 3.0}, {"l": "Palmkernel Oil", "v": 21.0}]}, {"source": 92, "prod": 0.74818418606943748, "target": 83, "value": 564.0, "supply": [{"l": "Soyabeans", "v": 564.0}]}, {"source": 92, "prod": 0.15436424212909092, "target": 58, "value": 40.0, "supply": [{"l": "Beans", "v": 40.0}]}, {"source": 92, "prod": 0.92943522629305275, "target": 0, "value": 312.0, "supply": [{"l": "Maize", "v": 312.0}]}, {"source": 92, "prod": 0.19973074127510862, "target": 67, "value": 358.0, "supply": [{"l": "Fruits, Other", "v": 358.0}]}, {"source": 92, "prod": 1.5885299180152896, "target": 46, "value": 237.0, "supply": [{"l": "Groundnuts", "v": 237.0}]}, {"source": 92, "prod": 0.28255892133473437, "target": 38, "value": 213.0, "supply": [{"l": "Coconuts - Incl Copra", "v": 213.0}]}, {"source": 92, "prod": 0.014150055528500001, "target": 12, "value": 3.0, "supply": [{"l": "Oats", "v": 3.0}]}, {"source": 92, "prod": 0.15918812469562502, "target": 15, "value": 45.0, "supply": [{"l": "Pulses, Other", "v": 45.0}]}, {"source": 0, "prod": 11.850299135236423, "target": 95, "value": 3978.0, "supply": [{"l": "Maize", "v": 3978.0}]}, {"source": 25, "prod": 0.00697810957569863, "target": 95, "value": 6.0, "supply": [{"l": "Olives", "v": 6.0}]}, {"source": 88, "prod": 0.029815818378027655, "target": 95, "value": 44.0, "supply": [{"l": "Alcohol, Non-Food", "v": 44.0}]}, {"source": 2, "prod": 0.17540729211744341, "target": 95, "value": 73.0, "supply": [{"l": "Rye", "v": 73.0}]}, {"source": 26, "prod": 0.044485448545078771, "target": 95, "value": 17.0, "supply": [{"l": "Nuts", "v": 17.0}]}, {"source": 27, "prod": 0.02971511660985, "target": 95, "value": 7.0, "supply": [{"l": "Dates", "v": 7.0}]}, {"source": 3, "prod": 4.7621368696824549, "target": 95, "value": 1234.0, "supply": [{"l": "Sugar", "v": 1234.0}]}, {"source": 28, "prod": 0.23255308651186957, "target": 95, "value": 21.0, "supply": [{"l": "Oilcrops Oil, Other", "v": 21.0}]}, {"source": 29, "prod": 0.16508398116583334, "target": 95, "value": 15.0, "supply": [{"l": "Maize Germ Oil", "v": 15.0}]}, {"source": 30, "prod": 0.026602104393580003, "target": 95, "value": 47.0, "supply": [{"l": "Beer", "v": 47.0}]}, {"source": 31, "prod": 0.15447841686439351, "target": 95, "value": 15.0, "supply": [{"l": "Groundnut Oil", "v": 15.0}]}, {"source": 32, "prod": 0.73058146477775654, "target": 95, "value": 212.0, "supply": [{"l": "Beverages, Alcoholic", "v": 212.0}]}, {"source": 4, "prod": 9.6670606633343183, "target": 95, "value": 5010.0, "supply": [{"l": "Barley", "v": 5010.0}]}, {"source": 33, "prod": 0.003859106053227273, "target": 95, "value": 1.0, "supply": [{"l": "Honey", "v": 1.0}]}, {"source": 5, "prod": 0.013224859590098077, "target": 95, "value": 3.0, "supply": [{"l": "Rice", "v": 3.0}]}, {"source": 34, "prod": 0.77434017697601776, "target": 95, "value": 93.0, "supply": [{"l": "Butter, Ghee", "v": 93.0}]}, {"source": 35, "prod": 0.0082179524586710254, "target": 95, "value": 37.0, "supply": [{"l": "Tomatoes", "v": 37.0}]}, {"source": 6, "prod": 0.02122508329275, "target": 95, "value": 16.0, "supply": [{"l": "Sunflower seed", "v": 16.0}]}, {"source": 7, "prod": 1.0173771016961848, "target": 95, "value": 124.0, "supply": [{"l": "Fats, Animals, Raw", "v": 124.0}]}, {"source": 36, "prod": 0.026531354115937499, "target": 95, "value": 50.0, "supply": [{"l": "Coffee", "v": 50.0}]}, {"source": 8, "prod": 28.197835047497033, "target": 95, "value": 8914.0, "supply": [{"l": "Wheat", "v": 8914.0}]}, {"source": 37, "prod": 0.82997394668891389, "target": 95, "value": 81.0, "supply": [{"l": "Soyabean Oil", "v": 81.0}]}, {"source": 39, "prod": 0.044485448545078771, "target": 95, "value": 17.0, "supply": [{"l": "Treenuts", "v": 17.0}]}, {"source": 40, "prod": 0.0012577827136444444, "target": 95, "value": 4.0, "supply": [{"l": "Crustaceans", "v": 4.0}]}, {"source": 41, "prod": 0.057687825431166795, "target": 95, "value": 35.0, "supply": [{"l": "Eggs", "v": 35.0}]}, {"source": 9, "prod": 0.19063959552709978, "target": 95, "value": 628.0, "supply": [{"l": "Vegetables, Other", "v": 628.0}]}, {"source": 10, "prod": 0.093390366488100007, "target": 95, "value": 33.0, "supply": [{"l": "Peas", "v": 33.0}]}, {"source": 42, "prod": 0.0046488888800000003, "target": 95, "value": 4.0, "supply": [{"l": "Cephalopods", "v": 4.0}]}, {"source": 43, "prod": 0.045482321341607151, "target": 95, "value": 5.0, "supply": [{"l": "Coconut Oil", "v": 5.0}]}, {"source": 45, "prod": 0.026818697301308671, "target": 95, "value": 35.0, "supply": [{"l": "Grapes", "v": 35.0}]}, {"source": 46, "prod": 0.0067026578819210534, "target": 95, "value": 1.0, "supply": [{"l": "Groundnuts", "v": 1.0}]}, {"source": 47, "prod": 0.32747271365957148, "target": 95, "value": 36.0, "supply": [{"l": "Palm Oil", "v": 36.0}]}, {"source": 22, "prod": 0.34888730662457818, "target": 95, "value": 263.0, "supply": [{"l": "Rape and Mustardseed", "v": 263.0}]}, {"source": 11, "prod": 0.018571947881156251, "target": 95, "value": 14.0, "supply": [{"l": "Oilcrops, Other", "v": 14.0}]}, {"source": 49, "prod": 0.092364098724494512, "target": 95, "value": 9.0, "supply": [{"l": "Sunflowerseed Oil", "v": 9.0}]}, {"source": 12, "prod": 0.87730344276700012, "target": 95, "value": 186.0, "supply": [{"l": "Oats", "v": 186.0}]}, {"source": 50, "prod": 0.054296724702383718, "target": 95, "value": 5.0, "supply": [{"l": "Olive Oil", "v": 5.0}]}, {"source": 51, "prod": 0.21846656323826219, "target": 95, "value": 53.0, "supply": [{"l": "Pigmeat", "v": 53.0}]}, {"source": 52, "prod": 0.049769160824379301, "target": 95, "value": 17.0, "supply": [{"l": "Cocoa Beans", "v": 17.0}]}, {"source": 13, "prod": 0.35971874735783821, "target": 95, "value": 461.0, "supply": [{"l": "Potatoes", "v": 461.0}]}, {"source": 53, "prod": 0.0041080806373064525, "target": 95, "value": 6.0, "supply": [{"l": "Freshwater Fish", "v": 6.0}]}, {"source": 74, "prod": 0.00051979795818979596, "target": 95, "value": 3.0, "supply": [{"l": "Grapefruit", "v": 3.0}]}, {"source": 56, "prod": 1.1197665564175137, "target": 95, "value": 122.0, "supply": [{"l": "Rape and Mustard Oil", "v": 122.0}]}, {"source": 14, "prod": 3.5614751135550904, "target": 95, "value": 5946.0, "supply": [{"l": "Milk - Excluding Butter", "v": 5946.0}]}, {"source": 57, "prod": 0.00061079376382014395, "target": 95, "value": 1.0, "supply": [{"l": "Pineapples", "v": 1.0}]}, {"source": 58, "prod": 0.019295530266136365, "target": 95, "value": 5.0, "supply": [{"l": "Beans", "v": 5.0}]}, {"source": 59, "prod": 0.40453456353924788, "target": 95, "value": 687.0, "supply": [{"l": "Apples", "v": 687.0}]}, {"source": 16, "prod": 0.12327022652422948, "target": 95, "value": 195.0, "supply": [{"l": "Fish, Seafood", "v": 195.0}]}, {"source": 85, "prod": 0.0023244444400000001, "target": 95, "value": 2.0, "supply": [{"l": "Sugar beet", "v": 2.0}]}, {"source": 60, "prod": 0.010392840064136814, "target": 95, "value": 8.0, "supply": [{"l": "Meat, Other", "v": 8.0}]}, {"source": 61, "prod": 0.00045645340414516129, "target": 95, "value": 2.0, "supply": [{"l": "Lemons, Limes", "v": 2.0}]}, {"source": 17, "prod": 0.62317405254172265, "target": 95, "value": 197.0, "supply": [{"l": "Sorghum", "v": 197.0}]}, {"source": 18, "prod": 0.024848878001268292, "target": 95, "value": 6.0, "supply": [{"l": "Cereals, Other", "v": 6.0}]}, {"source": 48, "prod": 0.51775603638607559, "target": 95, "value": 656.0, "supply": [{"l": "Wine", "v": 656.0}]}, {"source": 19, "prod": 0.21696751810366671, "target": 95, "value": 92.0, "supply": [{"l": "Sweeteners, Other", "v": 92.0}]}, {"source": 20, "prod": 0.12180764360998568, "target": 95, "value": 106.0, "supply": [{"l": "Pelagic Fish", "v": 106.0}]}, {"source": 64, "prod": 0.0011156416973850196, "target": 95, "value": 2.0, "supply": [{"l": "Beverages, Fermented", "v": 2.0}]}, {"source": 65, "prod": 0.0047166851761666672, "target": 95, "value": 1.0, "supply": [{"l": "Spices, Other", "v": 1.0}]}, {"source": 77, "prod": 0.40703854560103392, "target": 95, "value": 299.0, "supply": [{"l": "Bovine Meat", "v": 299.0}]}, {"source": 67, "prod": 0.12329746877597487, "target": 95, "value": 221.0, "supply": [{"l": "Fruits, Other", "v": 221.0}]}, {"source": 68, "prod": 0.0058872493804708039, "target": 95, "value": 19.0, "supply": [{"l": "Molluscs, Other", "v": 19.0}]}, {"source": 69, "prod": 0.10612541646375, "target": 95, "value": 10.0, "supply": [{"l": "Fish, Body Oil", "v": 10.0}]}, {"source": 72, "prod": 0.11677498721566014, "target": 95, "value": 73.0, "supply": [{"l": "Poultry Meat", "v": 73.0}]}, {"source": 73, "prod": 0.0099568977122010474, "target": 95, "value": 8.0, "supply": [{"l": "Offals, Edible", "v": 8.0}]}, {"source": 93, "prod": 0.052671693471167756, "target": 95, "value": 19.0, "supply": [{"l": "Infant food", "v": 19.0}]}, {"source": 75, "prod": 0.026472264240400886, "target": 95, "value": 56.0, "supply": [{"l": "Demersal Fish", "v": 56.0}]}, {"source": 76, "prod": 0.019206787616062152, "target": 95, "value": 52.0, "supply": [{"l": "Oranges, Mandarines", "v": 52.0}]}, {"source": 15, "prod": 0.02122508329275, "target": 95, "value": 6.0, "supply": [{"l": "Pulses, Other", "v": 6.0}]}, {"source": 78, "prod": 0.018311836566294117, "target": 95, "value": 2.0, "supply": [{"l": "Palmkernel Oil", "v": 2.0}]}, {"source": 80, "prod": 0.0035010446668453615, "target": 95, "value": 8.0, "supply": [{"l": "Onions", "v": 8.0}]}, {"source": 79, "prod": 0.011473017996081081, "target": 95, "value": 5.0, "supply": [{"l": "Cream", "v": 5.0}]}, {"source": 96, "prod": 0.026531354115937499, "target": 6, "value": 20.0, "supply": [{"l": "Sunflower seed", "v": 20.0}]}, {"source": 96, "prod": 0.088437847053125018, "target": 15, "value": 25.0, "supply": [{"l": "Pulses, Other", "v": 25.0}]}, {"source": 94, "prod": 0.00078030097040745832, "target": 97, "value": 1.0, "supply": [{"l": "Sweet potatoes", "v": 1.0}]}, {"source": 16, "prod": 0.00063215500781656133, "target": 97, "value": 1.0, "supply": [{"l": "Fish, Seafood", "v": 1.0}]}, {"source": 46, "prod": 0.033513289409605268, "target": 97, "value": 5.0, "supply": [{"l": "Groundnuts", "v": 5.0}]}, {"source": 38, "prod": 0.010612541646375, "target": 97, "value": 8.0, "supply": [{"l": "Coconuts - Incl Copra", "v": 8.0}]}, {"source": 77, "prod": 0.13613329284315517, "target": 97, "value": 100.0, "supply": [{"l": "Bovine Meat", "v": 100.0}]}, {"source": 14, "prod": 0.046719653356423987, "target": 97, "value": 78.0, "supply": [{"l": "Milk - Excluding Butter", "v": 78.0}]}, {"source": 42, "prod": 0.0011622222200000001, "target": 97, "value": 1.0, "supply": [{"l": "Cephalopods", "v": 1.0}]}, {"source": 96, "prod": 2.0472557612370683, "target": 4, "value": 1061.0, "supply": [{"l": "Barley", "v": 1061.0}]}, {"source": 83, "prod": 0.001326567705796875, "target": 97, "value": 1.0, "supply": [{"l": "Soyabeans", "v": 1.0}]}, {"source": 96, "prod": 0.022316283941352922, "target": 67, "value": 40.0, "supply": [{"l": "Fruits, Other", "v": 40.0}]}, {"source": 13, "prod": 0.0062424077632596666, "target": 97, "value": 8.0, "supply": [{"l": "Potatoes", "v": 8.0}]}, {"source": 96, "prod": 0.041868657454191778, "target": 26, "value": 16.0, "supply": [{"l": "Nuts", "v": 16.0}]}, {"source": 96, "prod": 3.2291916195566319, "target": 0, "value": 1084.0, "supply": [{"l": "Maize", "v": 1084.0}]}, {"source": 96, "prod": 0.12867706746229687, "target": 22, "value": 97.0, "supply": [{"l": "Rape and Mustardseed", "v": 97.0}]}, {"source": 59, "prod": 0.11776843188915512, "target": 97, "value": 200.0, "supply": [{"l": "Apples", "v": 200.0}]}, {"source": 96, "prod": 0.041868657454191778, "target": 39, "value": 16.0, "supply": [{"l": "Treenuts", "v": 16.0}]}, {"source": 5, "prod": 0.052899438360392306, "target": 97, "value": 12.0, "supply": [{"l": "Rice", "v": 12.0}]}, {"source": 96, "prod": 0.0084900333171, "target": 10, "value": 3.0, "supply": [{"l": "Peas", "v": 3.0}]}, {"source": 96, "prod": 0.010321251987135975, "target": 9, "value": 34.0, "supply": [{"l": "Vegetables, Other", "v": 34.0}]}, {"source": 32, "prod": 1.0338416954402214, "target": 97, "value": 300.0, "supply": [{"l": "Beverages, Alcoholic", "v": 300.0}]}, {"source": 96, "prod": 0.001326567705796875, "target": 11, "value": 1.0, "supply": [{"l": "Oilcrops, Other", "v": 1.0}]}, {"source": 96, "prod": 1.056957869873959, "target": 82, "value": 582.0, "supply": [{"l": "Sugar", "v": 83.0}, {"l": "Butter, Ghee", "v": 14.0}, {"l": "Wine", "v": 453.0}, {"l": "Fats, Animals, Raw", "v": 32.0}]}, {"source": 8, "prod": 3.52077523085755, "target": 97, "value": 1113.0, "supply": [{"l": "Wheat", "v": 1113.0}]}, {"source": 98, "prod": 25.910985891977475, "target": 0, "value": 8698.0, "supply": [{"l": "Maize", "v": 8698.0}]}, {"source": 98, "prod": 0.01395621915139726, "target": 25, "value": 12.0, "supply": [{"l": "Olives", "v": 12.0}]}, {"source": 98, "prod": 0.79293707395556612, "target": 2, "value": 330.0, "supply": [{"l": "Rye", "v": 330.0}]}, {"source": 98, "prod": 0.16485783872588017, "target": 26, "value": 63.0, "supply": [{"l": "Nuts", "v": 63.0}]}, {"source": 98, "prod": 19.363064622067842, "target": 4, "value": 10035.0, "supply": [{"l": "Barley", "v": 10035.0}]}, {"source": 98, "prod": 0.14547345549107885, "target": 5, "value": 33.0, "supply": [{"l": "Rice", "v": 33.0}]}, {"source": 98, "prod": 0.12748931652100459, "target": 35, "value": 574.0, "supply": [{"l": "Tomatoes", "v": 574.0}]}, {"source": 98, "prod": 0.092859739405781253, "target": 6, "value": 70.0, "supply": [{"l": "Sunflower seed", "v": 70.0}]}, {"source": 98, "prod": 2.472463361126195, "target": 18, "value": 597.0, "supply": [{"l": "Cereals, Other", "v": 597.0}]}, {"source": 98, "prod": 60.125224450053409, "target": 8, "value": 19007.0, "supply": [{"l": "Wheat", "v": 19007.0}]}, {"source": 98, "prod": 0.16485783872588017, "target": 39, "value": 63.0, "supply": [{"l": "Treenuts", "v": 63.0}]}, {"source": 98, "prod": 1.882110656477737, "target": 9, "value": 6200.0, "supply": [{"l": "Vegetables, Other", "v": 6200.0}]}, {"source": 98, "prod": 0.070750277642500012, "target": 10, "value": 25.0, "supply": [{"l": "Peas", "v": 25.0}]}, {"source": 98, "prod": 8.8302476485794603, "target": 45, "value": 11524.0, "supply": [{"l": "Grapes", "v": 11524.0}]}, {"source": 98, "prod": 0.12337079663910938, "target": 11, "value": 93.0, "supply": [{"l": "Oilcrops, Other", "v": 93.0}]}, {"source": 98, "prod": 9.7116547777271691, "target": 12, "value": 2059.0, "supply": [{"l": "Oats", "v": 2059.0}]}, {"source": 98, "prod": 0.0066328385289843748, "target": 83, "value": 5.0, "supply": [{"l": "Soyabeans", "v": 5.0}]}, {"source": 98, "prod": 5.8530375790263438, "target": 13, "value": 7501.0, "supply": [{"l": "Potatoes", "v": 7501.0}]}, {"source": 98, "prod": 0.89543320141289073, "target": 22, "value": 675.0, "supply": [{"l": "Rape and Mustardseed", "v": 675.0}]}, {"source": 98, "prod": 0.1003367573839091, "target": 58, "value": 26.0, "supply": [{"l": "Beans", "v": 26.0}]}, {"source": 98, "prod": 1.6234378335920032, "target": 59, "value": 2757.0, "supply": [{"l": "Apples", "v": 2757.0}]}, {"source": 98, "prod": 25.052862174320001, "target": 85, "value": 21556.0, "supply": [{"l": "Sugar beet", "v": 21556.0}]}, {"source": 98, "prod": 0.92685277865342508, "target": 17, "value": 293.0, "supply": [{"l": "Sorghum", "v": 293.0}]}, {"source": 98, "prod": 0.80115459349456986, "target": 67, "value": 1436.0, "supply": [{"l": "Fruits, Other", "v": 1436.0}]}, {"source": 98, "prod": 0.0063266401273271329, "target": 21, "value": 2.0, "supply": [{"l": "Millet", "v": 2.0}]}, {"source": 98, "prod": 0.0066485034055599754, "target": 76, "value": 18.0, "supply": [{"l": "Oranges, Mandarines", "v": 18.0}]}, {"source": 98, "prod": 0.19102574963475, "target": 15, "value": 54.0, "supply": [{"l": "Pulses, Other", "v": 54.0}]}, {"source": 98, "prod": 0.056891975836237119, "target": 80, "value": 130.0, "supply": [{"l": "Onions", "v": 130.0}]}, {"source": 1, "prod": 1.32131697863199, "target": 72, "value": 826.0, "supply": [{"l": "Poultry Meat", "v": 826.0}]}, {"source": 1, "prod": 7.2300066399983383, "target": 51, "value": 1754.0, "supply": [{"l": "Pigmeat", "v": 1754.0}]}, {"source": 1, "prod": 0.62627514874945467, "target": 20, "value": 545.0, "supply": [{"l": "Pelagic Fish", "v": 545.0}]}, {"source": 1, "prod": 0.02670252414249194, "target": 53, "value": 39.0, "supply": [{"l": "Freshwater Fish", "v": 39.0}]}, {"source": 1, "prod": 0.023583425880833335, "target": 40, "value": 75.0, "supply": [{"l": "Crustaceans", "v": 75.0}]}, {"source": 1, "prod": 1.170238744460812, "target": 41, "value": 710.0, "supply": [{"l": "Eggs", "v": 744.0}]}, {"source": 1, "prod": 0.072815979179507301, "target": 68, "value": 235.0, "supply": [{"l": "Molluscs, Other", "v": 235.0}]}, {"source": 1, "prod": 0.00063215500781656133, "target": 70, "value": 1.0, "supply": [{"l": "Aquatic Animals, Others", "v": 1.0}]}, {"source": 1, "prod": 15.111411981143856, "target": 14, "value": 25229.0, "supply": [{"l": "Milk - Excluding Butter", "v": 25229.0}]}, {"source": 1, "prod": 0.63350761693879176, "target": 73, "value": 509.0, "supply": [{"l": "Offals, Edible", "v": 509.0}]}, {"source": 1, "prod": 0.030343440375194951, "target": 89, "value": 48.0, "supply": [{"l": "Aquatic Plants", "v": 48.0}]}, {"source": 1, "prod": 0.028071884354927419, "target": 44, "value": 41.0, "supply": [{"l": "Marine Fish, Other", "v": 41.0}]}, {"source": 1, "prod": 0.030975595383011513, "target": 81, "value": 49.0, "supply": [{"l": "Aquatic Products, Other", "v": 49.0}]}, {"source": 1, "prod": 0.93369294654506119, "target": 16, "value": 1477.0, "supply": [{"l": "Fish, Seafood", "v": 1477.0}]}, {"source": 1, "prod": 2.612397889660147, "target": 77, "value": 1919.0, "supply": [{"l": "Bovine Meat", "v": 1919.0}]}, {"source": 1, "prod": 0.24912291526234409, "target": 75, "value": 527.0, "supply": [{"l": "Demersal Fish", "v": 527.0}]}, {"source": 1, "prod": 0.76777105973810711, "target": 60, "value": 591.0, "supply": [{"l": "Meat, Other", "v": 591.0}]}, {"source": 1, "prod": 0.017433333299999999, "target": 42, "value": 15.0, "supply": [{"l": "Cephalopods", "v": 15.0}]}, {"source": 1, "prod": 0.47959656291277658, "target": 62, "value": 177.0, "supply": [{"l": "Mutton & Goat Meat", "v": 177.0}]}, {"source": 82, "prod": 0.25207919174150656, "target": 88, "value": 372.0, "supply": [{"l": "Alcohol, Non-Food", "v": 372.0}]}, {"source": 82, "prod": 13.337070519953457, "target": 3, "value": 3456.0, "supply": [{"l": "Sugar", "v": 3456.0}]}, {"source": 82, "prod": 0.31916236358727779, "target": 29, "value": 29.0, "supply": [{"l": "Maize Germ Oil", "v": 29.0}]}, {"source": 82, "prod": 1.36180134406284, "target": 30, "value": 2406.0, "supply": [{"l": "Beer", "v": 2406.0}]}, {"source": 82, "prod": 2.52314747545176, "target": 31, "value": 245.0, "supply": [{"l": "Groundnut Oil", "v": 245.0}]}, {"source": 82, "prod": 3.7631837714024057, "target": 32, "value": 1092.0, "supply": [{"l": "Beverages, Alcoholic", "v": 1092.0}]}, {"source": 82, "prod": 4.8458707849466913, "target": 34, "value": 582.0, "supply": [{"l": "Butter, Ghee", "v": 582.0}]}, {"source": 82, "prod": 4.7422900385515714, "target": 7, "value": 578.0, "supply": [{"l": "Fats, Animals, Raw", "v": 578.0}]}, {"source": 82, "prod": 1.9263592836730346, "target": 37, "value": 188.0, "supply": [{"l": "Soyabean Oil", "v": 188.0}]}, {"source": 82, "prod": 1.291697926101643, "target": 47, "value": 142.0, "supply": [{"l": "Palm Oil", "v": 142.0}]}, {"source": 82, "prod": 1.5599270006803518, "target": 49, "value": 152.0, "supply": [{"l": "Sunflowerseed Oil", "v": 152.0}]}, {"source": 82, "prod": 0.30406165833334881, "target": 50, "value": 28.0, "supply": [{"l": "Olive Oil", "v": 28.0}]}, {"source": 82, "prod": 0.44572674914775012, "target": 43, "value": 49.0, "supply": [{"l": "Coconut Oil", "v": 49.0}]}, {"source": 82, "prod": 2.0376079961040001, "target": 56, "value": 222.0, "supply": [{"l": "Rape and Mustard Oil", "v": 222.0}]}, {"source": 82, "prod": 0.048514476097714289, "target": 71, "value": 4.0, "supply": [{"l": "Fish, Liver Oil", "v": 4.0}]}, {"source": 82, "prod": 2.0597559091051303, "target": 28, "value": 186.0, "supply": [{"l": "Oilcrops Oil, Other", "v": 186.0}]}, {"source": 82, "prod": 6.8555319086119715, "target": 48, "value": 8686.0, "supply": [{"l": "Wine", "v": 8686.0}]}, {"source": 82, "prod": 0.47402686020475004, "target": 19, "value": 201.0, "supply": [{"l": "Sweeteners, Other", "v": 201.0}]}, {"source": 82, "prod": 0.44681449980270044, "target": 64, "value": 801.0, "supply": [{"l": "Beverages, Fermented", "v": 801.0}]}, {"source": 82, "prod": 0.23347591622024999, "target": 69, "value": 22.0, "supply": [{"l": "Fish, Body Oil", "v": 22.0}]}, {"source": 82, "prod": 0.046309272638727271, "target": 33, "value": 12.0, "supply": [{"l": "Honey", "v": 12.0}]}, {"source": 82, "prod": 0.26552163021126468, "target": 78, "value": 29.0, "supply": [{"l": "Palmkernel Oil", "v": 29.0}]}, {"source": 82, "prod": 0.14456002675062163, "target": 79, "value": 63.0, "supply": [{"l": "Cream", "v": 63.0}]}]}