{"nodes": [{"layer": 13, "name": "Aquatic Products", "fill": "#1f77b4"}, {"layer": 10, "name": "Feed", "fill": "#dbdb8d"}, {"layer": 5, "name": "Cereals", "fill": "#e7ba52"}, {"layer": 13, "name": "Other Processed", "fill": "#9c9ede"}, {"layer": 16, "name": "Food", "fill": "#b5cf6b"}, {"layer": 13, "name": "Animal Products", "fill": "#17becf"}, {"layer": 5, "name": "Oilcrops", "fill": "#ff9896"}, {"layer": 13, "name": "Sugar", "fill": "#d6616b"}, {"layer": 5, "name": "Starchy Roots"}, {"layer": 5, "name": "Fruits & Vegetables"}, {"layer": 13, "name": "Vegetable Oils", "fill": "#f7b6d2"}, {"layer": 5, "name": "Sugar Crops", "fill": "#ffbb78"}, {"layer": 10, "name": "Processing", "fill": "#9edae5"}, {"layer": 16, "name": "Biofuels & Other", "fill": "#e7ba52"}, {"name": "Waste", "fill": "#c7c7c7"}, {"layer": 2, "name": "Import", "fill": "#aec7e8"}, {"layer": 16, "name": "Stock Deposit", "fill": "#c7c7c7"}, {"layer": 0, "name": "Stock Draw", "fill": "#c7c7c7"}, {"name": "Crop Residue", "fill": "#bd9e39"}, {"layer": 2, "name": "Electricity", "fill": "#bcbd22"}, {"layer": 0, "name": "Fossil Fuels", "fill": "#c49c94"}, {"layer": 0, "name": "Renewables & Nuclear", "fill": "#2ca02c"}, {"layer": 2, "name": "Fertilizers", "fill": "#c5b0d5"}, {"layer": 0, "name": "Labor", "fill": "#7f7f7f"}], "links": [{"source": 0, "prod": 24.0, "target": 1, "value": 0.022860279912985459, "supply": [{"l": "Pelagic Fish", "v": 0.013103588399382636}, {"l": "Fish, Seafood", "v": 0.0097566915136028231}]}, {"source": 2, "prod": 31.0, "target": 1, "value": 0.11036077338922111, "supply": [{"l": "Maize", "v": 0.10719285050970619}, {"l": "Millet", "v": 0.0031679228795149254}]}, {"source": 3, "prod": 268.0, "target": 4, "value": 0.13994564460465544, "supply": [{"l": "Beer", "v": 0.029059234207670603}, {"l": "Fats, Animals, Raw", "v": 0.019592384577923082}, {"l": "Beverages, Fermented", "v": 0.082197561550740345}, {"l": "Butter, Ghee", "v": 0.0090964642683214296}]}, {"source": 5, "prod": 204.0, "target": 4, "value": 0.26285836127883294, "supply": [{"l": "Pigmeat", "v": 0.028735497380953851}, {"l": "Milk - Excluding Butter", "v": 0.063411037223153541}, {"l": "Meat, Other", "v": 0.029331145253800255}, {"l": "Mutton & Goat Meat", "v": 0.0018456594167608697}, {"l": "Bovine Meat", "v": 0.0723194998617218}, {"l": "Eggs", "v": 0.032203574651068968}, {"l": "Poultry Meat", "v": 0.026795786216760799}, {"l": "Offals, Edible", "v": 0.0082161612746129049}]}, {"source": 2, "prod": 1094.0, "target": 4, "value": 3.8848055458899706, "supply": [{"l": "Maize", "v": 3.3658555060047748}, {"l": "Rice", "v": 0.040557483998885362}, {"l": "Sorghum", "v": 0.02858888770043878}, {"l": "Wheat", "v": 0.43713197666781206}, {"l": "Millet", "v": 0.012671691518059702}]}, {"source": 6, "prod": 11.0, "target": 4, "value": 0.042993388531485759, "supply": [{"l": "Soyabeans", "v": 0.011320044422799999}, {"l": "Sunflower seed", "v": 0.02497068622676471}, {"l": "Groundnuts", "v": 0.0067026578819210534}]}, {"source": 7, "prod": 117.0, "target": 4, "value": 0.48423042981467262, "supply": [{"l": "Sugar", "v": 0.48423042981467262}]}, {"source": 8, "prod": 360.0, "target": 4, "value": 0.4523531747611696, "supply": [{"l": "Potatoes", "v": 0.0024608792223478259}, {"l": "Sweet potatoes", "v": 0.04259026614518812}, {"l": "Cassava", "v": 0.40730202939363364}]}, {"source": 9, "prod": 277.0, "target": 4, "value": 0.099997581848407943, "supply": [{"l": "Fruits, Other", "v": 0.034371415159193772}, {"l": "Pulses, Other", "v": 0.011846558116883722}, {"l": "Tomatoes", "v": 0.0053793599529834727}, {"l": "Vegetables, Other", "v": 0.039592135567862376}, {"l": "Oranges, Mandarines", "v": 0.0010027598406023622}, {"l": "Onions", "v": 0.0078053532108822588}]}, {"source": 0, "prod": 124.0, "target": 4, "value": 0.1008191456405625, "supply": [{"l": "Fish, Seafood", "v": 0.050409572820281252}, {"l": "Freshwater Fish", "v": 0.045103301997093753}, {"l": "Marine Fish, Other", "v": 0.0053062708231875}]}, {"source": 10, "prod": 24.0, "target": 4, "value": 0.2443502451778381, "supply": [{"l": "Coconut Oil", "v": 0.0094333703523333343}, {"l": "Groundnut Oil", "v": 0.0084900333171}, {"l": "Oilcrops Oil, Other", "v": 0.031837624939125002}, {"l": "Soyabean Oil", "v": 0.061664452513673682}, {"l": "Cottonseed Oil", "v": 0.0094333703523333343}, {"l": "Sunflowerseed Oil", "v": 0.12349139370327272}]}, {"source": 11, "prod": 1010.0, "target": 12, "value": 0.29366211131065068, "supply": [{"l": "Sugar cane", "v": 0.29366211131065068}]}, {"source": 2, "prod": 38.0, "target": 12, "value": 0.13053286866972807, "supply": [{"l": "Maize", "v": 0.067888805322813925}, {"l": "Barley", "v": 0.037274819715859941}, {"l": "Millet", "v": 0.015839614397574628}, {"l": "Sorghum", "v": 0.0095296292334795946}]}, {"source": 6, "prod": 28.0, "target": 12, "value": 0.10842075865717601, "supply": [{"l": "Sunflower seed", "v": 0.053508613343067231}, {"l": "Groundnuts", "v": 0.013405315763842107}, {"l": "Soyabeans", "v": 0.015093392563733331}, {"l": "Cottonseed", "v": 0.026413436986533333}]}, {"source": 3, "prod": 2.0, "target": 13, "value": 0.019592384577923082, "supply": [{"l": "Fats, Animals, Raw", "v": 0.019592384577923082}]}, {"source": 8, "prod": 1.0, "target": 8, "value": 0.00061521980558695648, "supply": [{"l": "Potatoes", "v": 0.00061521980558695648}]}, {"source": 9, "prod": 1.0, "target": 9, "value": 0.0039488527056279069, "supply": [{"l": "Pulses, Other", "v": 0.0039488527056279069}]}, {"source": 5, "prod": 1.0, "target": 5, "value": 0.001463798847775862, "supply": [{"l": "Eggs", "v": 0.001463798847775862}]}, {"source": 2, "prod": 16.0, "target": 2, "value": 0.057169520271843306, "supply": [{"l": "Maize", "v": 0.057169520271843306}]}, {"source": 6, "prod": 4.0, "target": 6, "value": 0.020745904794313257, "supply": [{"l": "Sunflower seed", "v": 0.0035672408895378151}, {"l": "Groundnuts", "v": 0.013405315763842107}, {"l": "Cottonseed", "v": 0.0037733481409333329}]}, {"source": 8, "prod": 21.0, "target": 14, "value": 0.026257193770685753, "supply": [{"l": "Sweet potatoes", "v": 0.0044831859100198023}, {"l": "Cassava", "v": 0.02177400786066595}]}, {"source": 9, "prod": 31.0, "target": 14, "value": 0.0098815436361969697, "supply": [{"l": "Vegetables, Other", "v": 0.0045392257338950498}, {"l": "Fruits, Other", "v": 0.0038190461287993076}, {"l": "Onions", "v": 0.00082161612746129039}, {"l": "Tomatoes", "v": 0.00070165564604132247}]}, {"source": 5, "prod": 4.0, "target": 14, "value": 0.0035775000885476466, "supply": [{"l": "Eggs", "v": 0.001463798847775862}, {"l": "Milk - Excluding Butter", "v": 0.0021137012407717844}]}, {"source": 2, "prod": 36.0, "target": 14, "value": 0.12727627140654513, "supply": [{"l": "Maize", "v": 0.11076594552669641}, {"l": "Wheat", "v": 0.010165859922507257}, {"l": "Sorghum", "v": 0.0031765430778265312}, {"l": "Millet", "v": 0.0031679228795149254}]}, {"source": 6, "prod": 2.0, "target": 14, "value": 0.010269898771458869, "supply": [{"l": "Sunflower seed", "v": 0.0035672408895378151}, {"l": "Groundnuts", "v": 0.0067026578819210534}]}, {"source": 15, "prod": 21.0, "target": 12, "value": 0.21396543317655214, "supply": [{"l": "Soyabean Oil", "v": 0.051387043761394732}, {"l": "Fats, Animals, Raw", "v": 0.019592384577923082}, {"l": "Coconut Oil", "v": 0.0094333703523333343}, {"l": "Butter, Ghee", "v": 0.0090964642683214296}, {"l": "Oilcrops Oil, Other", "v": 0.031837624939125002}, {"l": "Sunflowerseed Oil", "v": 0.092618545277454542}]}, {"source": 15, "prod": 216.0, "target": 2, "value": 0.74934059135521591, "supply": [{"l": "Maize", "v": 0.24654355617232426}, {"l": "Wheat", "v": 0.44052059664198112}, {"l": "Barley", "v": 0.033886199741690853}, {"l": "Rice", "v": 0.028390238799219748}]}, {"source": 15, "prod": 63.0, "target": 1, "value": 0.052068207659920429, "supply": [{"l": "Pelagic Fish", "v": 0.013103588399382636}, {"l": "Milk - Excluding Butter", "v": 0.019023311166946059}, {"l": "Marine Fish, Other", "v": 0.0053062708231875}, {"l": "Fish, Seafood", "v": 0.014635037270404234}]}, {"source": 2, "prod": 14.0, "target": 16, "value": 0.047219982543713034, "supply": [{"l": "Wheat", "v": 0.044052059664198111}, {"l": "Millet", "v": 0.0031679228795149254}]}, {"source": 6, "prod": 3.0, "target": 16, "value": 0.013837139660996683, "supply": [{"l": "Sunflower seed", "v": 0.0071344817790756302}, {"l": "Groundnuts", "v": 0.0067026578819210534}]}, {"source": 17, "prod": 220.0, "target": 2, "value": 0.78608090373784545, "supply": [{"l": "Maize", "v": 0.78608090373784545}]}, {"source": 1, "prod": 148.0, "target": 0, "value": 0.12367942555354797, "supply": [{"l": "Freshwater Fish", "v": 0.045103301997093753}, {"l": "Pelagic Fish", "v": 0.013103588399382636}, {"l": "Marine Fish, Other", "v": 0.0053062708231875}, {"l": "Fish, Seafood", "v": 0.060166264333884077}]}, {"source": 1, "prod": 208.0, "target": 5, "value": 0.26643586136738057, "supply": [{"l": "Poultry Meat", "v": 0.026795786216760799}, {"l": "Pigmeat", "v": 0.028735497380953851}, {"l": "Bovine Meat", "v": 0.0723194998617218}, {"l": "Eggs", "v": 0.035131172346620686}, {"l": "Milk - Excluding Butter", "v": 0.065524738463925328}, {"l": "Offals, Edible", "v": 0.0082161612746129049}, {"l": "Meat, Other", "v": 0.029331145253800255}, {"l": "Mutton & Goat Meat", "v": 0.0018456594167608697}]}, {"source": 12, "prod": 270.0, "target": 3, "value": 0.15953802918257853, "supply": [{"l": "Fats, Animals, Raw", "v": 0.039184769155846164}, {"l": "Beer", "v": 0.029059234207670603}, {"l": "Butter, Ghee", "v": 0.0090964642683214296}, {"l": "Beverages, Fermented", "v": 0.082197561550740345}]}, {"source": 12, "prod": 24.0, "target": 10, "value": 0.2443502451778381, "supply": [{"l": "Soyabean Oil", "v": 0.061664452513673682}, {"l": "Coconut Oil", "v": 0.0094333703523333343}, {"l": "Groundnut Oil", "v": 0.0084900333171}, {"l": "Cottonseed Oil", "v": 0.0094333703523333343}, {"l": "Oilcrops Oil, Other", "v": 0.031837624939125002}, {"l": "Sunflowerseed Oil", "v": 0.12349139370327272}]}, {"source": 12, "prod": 117.0, "target": 7, "value": 0.48423042981467262, "supply": [{"l": "Sugar", "v": 0.48423042981467262}]}, {"source": 8, "prod": 191.0, "target": 18, "value": 0.74540735762959454, "supply": [{"l": "Potatoes", "v": 0.0087166666499999997}, {"l": "Sweet potatoes", "v": 0.07321999986000001}, {"l": "Cassava", "v": 0.58401666555000009}]}, {"source": 11, "prod": 404.0, "target": 18, "value": 0.11746484452426027, "supply": [{"l": "Sugar cane", "v": 0.11746484452426027}]}, {"source": 9, "prod": 309.5, "target": 18, "value": 0.96991473803781481, "supply": [{"l": "Tomatoes", "v": 0.088909999830000017}, {"l": "Vegetables, Other", "v": 0.61016666549999998}, {"l": "Pulses, Other", "v": 0.013946666639999999}, {"l": "Onions", "v": 0.074963333189999995}]}, {"source": 2, "prod": 2026.0, "target": 18, "value": 7.4014129070918582, "supply": [{"l": "Maize", "v": 6.2341599880800009}, {"l": "Barley", "v": 0.045326666579999994}, {"l": "Rice", "v": 0.048813333240000006}, {"l": "Wheat", "v": 0.55437999894000001}, {"l": "Sorghum", "v": 0.09413999982}, {"l": "Millet", "v": 0.087166666500000003}]}, {"source": 6, "prod": 48.5, "target": 18, "value": 0.18300373693447594, "supply": [{"l": "Sunflower seed", "v": 0.092396666490000015}, {"l": "Cottonseed", "v": 0.027893333280000002}, {"l": "Groundnuts", "v": 0.02440666662}, {"l": "Soyabeans", "v": 0.024406666620000003}]}, {"source": 19, "prod": 0, "target": 8, "value": 0.0069151778766121299, "supply": "[{\"l\":'Energy for power irrigation',\"v\":0.0069151778766121299}]"}, {"source": 19, "prod": 0, "target": 11, "value": 0.018283585485283377, "supply": "[{\"l\":'Energy for power irrigation',\"v\":0.018283585485283377}]"}, {"source": 19, "prod": 0, "target": 9, "value": 0.0056027422848467382, "supply": "[{\"l\":'Energy for power irrigation',\"v\":0.0056027422848467382}]"}, {"source": 19, "prod": 0, "target": 2, "value": 0.018337893164942637, "supply": "[{\"l\":'Energy for power irrigation',\"v\":0.018337893164942637}]"}, {"source": 19, "prod": 0, "target": 6, "value": 0.00087797415449133065, "supply": "[{\"l\":'Energy for power irrigation',\"v\":0.00087797415449133065}]"}, {"source": 19, "prod": 0, "target": 12, "value": 0.21516705907366512, "supply": "[{\"l\":'Electricity',\"v\":0.21516705907366512}]"}, {"source": 20, "prod": 0, "target": 19, "value": 0.0056727738757709452, "supply": [{"l": "Coal", "v": 0.0023388651784372063}, {"l": "Natural gas", "v": 0.0}, {"l": "Oil", "v": 0.0033339086973337389}]}, {"source": 21, "prod": 0, "target": 19, "value": 0.26300538931526396, "supply": [{"l": "Nuclear", "v": 0.0}, {"l": "Hydroelectric", "v": 0.26300538931526396}, {"l": "Renewable", "v": 0.0}]}, {"source": 20, "prod": 0, "target": 8, "value": 0.047388127843128743, "supply": [{"l": "Motor Gasoline", "v": 0.0017013109757447699}, {"l": "Gas-Diesel oil", "v": 0.012110159390929664}, {"l": "Coal", "v": 0.0072660956345577997}, {"l": "Other fossil fuels", "v": 0.026310561841896507}]}, {"source": 20, "prod": 0, "target": 11, "value": 0.12529321759570686, "supply": [{"l": "Motor Gasoline", "v": 0.0044982305903199411}, {"l": "Gas-Diesel oil", "v": 0.032019007813714556}, {"l": "Coal", "v": 0.019211404688228736}, {"l": "Other fossil fuels", "v": 0.069564574503443638}]}, {"source": 20, "prod": 0, "target": 9, "value": 0.038394307768189383, "supply": [{"l": "Motor Gasoline", "v": 0.0013784181858455659}, {"l": "Gas-Diesel oil", "v": 0.0098117652656877774}, {"l": "Coal", "v": 0.0058870591594126671}, {"l": "Other fossil fuels", "v": 0.021317065157243371}]}, {"source": 20, "prod": 0, "target": 2, "value": 0.12566537566777333, "supply": [{"l": "Motor Gasoline", "v": 0.0045115916712812872}, {"l": "Gas-Diesel oil", "v": 0.032114113777517668}, {"l": "Coal", "v": 0.019268468266510606}, {"l": "Other fossil fuels", "v": 0.069771201952463766}]}, {"source": 20, "prod": 0, "target": 6, "value": 0.0060165554984077064, "supply": [{"l": "Motor Gasoline", "v": 0.00021600414220843283}, {"l": "Gas-Diesel oil", "v": 0.0015375464148169862}, {"l": "Coal", "v": 0.00092252784889019189}, {"l": "Other fossil fuels", "v": 0.0033404770924920957}]}, {"source": 22, "prod": 11.500647122692726, "target": 8, "value": 0.15252937262373259, "supply": [{"l": "Potash", "v": 0.017947222236579997}, {"l": "Phosphate", "v": 0.09300416674107001}, {"l": "Nitrogen", "v": 0.9922911674604995}]}, {"source": 22, "prod": 30.40747014115092, "target": 11, "value": 0.40328446688473801, "supply": [{"l": "Potash", "v": 0.017947222236579997}, {"l": "Phosphate", "v": 0.09300416674107001}, {"l": "Nitrogen", "v": 0.9922911674604995}]}, {"source": 22, "prod": 9.3179326818675339, "target": 9, "value": 0.12358073514933307, "supply": [{"l": "Potash", "v": 0.017947222236579997}, {"l": "Phosphate", "v": 0.09300416674107001}, {"l": "Nitrogen", "v": 0.9922911674604995}]}, {"source": 22, "prod": 30.497789359391962, "target": 2, "value": 0.4044823415388511, "supply": [{"l": "Potash", "v": 0.017947222236579997}, {"l": "Phosphate", "v": 0.09300416674107001}, {"l": "Nitrogen", "v": 0.9922911674604995}]}, {"source": 22, "prod": 1.4601606948968513, "target": 6, "value": 0.019365640241494845, "supply": [{"l": "Potash", "v": 0.017947222236579997}, {"l": "Phosphate", "v": 0.09300416674107001}, {"l": "Nitrogen", "v": 0.9922911674604995}]}, {"source": 20, "prod": 0, "target": 22, "value": 1.314277333577021, "supply": [{"l": "Natural gas (including LNG)", "v": 0.89388002724469784}, {"l": "Fuel oil", "v": 0.24498881936572525}, {"l": "Liquefied petroleum gas (LPG)", "v": 0.087704243483298985}, {"l": "Coal", "v": 0.087704243483298985}]}, {"source": 23, "prod": 0, "target": 2, "value": 0.34353870553825394, "supply": "[{\"l\":'Labor',\"v\":0.34353870553825394}]"}, {"source": 23, "prod": 0, "target": 6, "value": 0.016447805743934174, "supply": "[{\"l\":'Labor',\"v\":0.016447805743934174}]"}, {"source": 23, "prod": 0, "target": 11, "value": 0.34252131549223741, "supply": "[{\"l\":'Labor',\"v\":0.34252131549223741}]"}, {"source": 23, "prod": 0, "target": 8, "value": 0.1295476658594403, "supply": "[{\"l\":'Labor',\"v\":0.1295476658594403}]"}, {"source": 23, "prod": 0, "target": 9, "value": 0.10496073974737373, "supply": "[{\"l\":'Labor',\"v\":0.10496073974737373}]"}, {"source": 20, "prod": 0, "target": 15, "value": 0.1875300175379401, "supply": "[{\"l\":'Fossil Fuels',\"v\":0.1875300175379401}]"}, {"source": 21, "prod": 0, "target": 15, "value": 0.77946425731484648, "supply": "[{\"l\":'Renewables & Nuclear',\"v\":0.17428107886564914},{\"l\":'Biomass & Waste',\"v\":0.60518317844919733}]"}]}