{"nodes": [{"layer": 5, "name": "Maize"}, {"layer": 10, "name": "Feed", "fill": "#dbdb8d"}, {"layer": 13, "name": "Pelagic Fish"}, {"layer": 13, "name": "Fish, Body Oil"}, {"layer": 13, "name": "Fish, Seafood"}, {"layer": 5, "name": "Millet"}, {"layer": 16, "name": "Food", "fill": "#b5cf6b"}, {"layer": 5, "name": "Fruits, Other"}, {"layer": 13, "name": "Sugar", "fill": "#d6616b"}, {"layer": 13, "name": "Oilcrops Oil, Other"}, {"layer": 13, "name": "Beer"}, {"layer": 13, "name": "Groundnut Oil"}, {"layer": 5, "name": "Rice"}, {"layer": 13, "name": "Butter, Ghee"}, {"layer": 5, "name": "Tomatoes"}, {"layer": 5, "name": "Sunflower seed"}, {"layer": 13, "name": "Fats, Animals, Raw"}, {"layer": 5, "name": "Wheat"}, {"layer": 13, "name": "Soyabean Oil"}, {"layer": 13, "name": "Eggs"}, {"layer": 5, "name": "Vegetables, Other"}, {"layer": 13, "name": "Marine Fish, Other"}, {"layer": 5, "name": "Groundnuts"}, {"layer": 13, "name": "Palm Oil"}, {"layer": 5, "name": "Oilcrops, Other"}, {"layer": 13, "name": "Coconut Oil"}, {"layer": 13, "name": "Pigmeat"}, {"layer": 13, "name": "Poultry Meat"}, {"layer": 5, "name": "Soyabeans"}, {"layer": 5, "name": "Potatoes"}, {"layer": 13, "name": "Freshwater Fish"}, {"layer": 13, "name": "Milk - Excluding Butter"}, {"layer": 5, "name": "Pulses, Other"}, {"layer": 13, "name": "Meat, Other"}, {"layer": 5, "name": "Sorghum"}, {"layer": 13, "name": "Mutton & Goat Meat"}, {"layer": 13, "name": "Sweeteners, Other"}, {"layer": 5, "name": "Bananas"}, {"layer": 13, "name": "Beverages, Fermented"}, {"layer": 5, "name": "Tea"}, {"layer": 13, "name": "Honey"}, {"layer": 13, "name": "Offals, Edible"}, {"layer": 5, "name": "Sweet potatoes"}, {"layer": 13, "name": "Sunflowerseed Oil"}, {"layer": 5, "name": "Oranges, Mandarines"}, {"layer": 13, "name": "Bovine Meat"}, {"layer": 13, "name": "Cottonseed Oil"}, {"layer": 5, "name": "Onions"}, {"layer": 5, "name": "Cassava"}, {"layer": 10, "name": "Processing", "fill": "#9edae5"}, {"layer": 5, "name": "Cottonseed"}, {"layer": 5, "name": "Barley"}, {"layer": 5, "name": "Sugar cane"}, {"layer": 16, "name": "Biofuels & Other", "fill": "#e7ba52"}, {"name": "Waste", "fill": "#c7c7c7"}, {"layer": 2, "name": "Import", "fill": "#aec7e8"}, {"layer": 16, "name": "Export", "fill": "#aec7e8"}, {"layer": 16, "name": "Stock Deposit", "fill": "#c7c7c7"}, {"layer": 0, "name": "Stock Draw", "fill": "#c7c7c7"}, {"name": "Crop Residue", "fill": "#bd9e39"}, {"layer": 2, "name": "Electricity", "fill": "#bcbd22"}, {"layer": 0, "name": "Fossil Fuels", "fill": "#c49c94"}, {"layer": 0, "name": "Renewables & Nuclear", "fill": "#2ca02c"}, {"layer": 2, "name": "Fertilizers", "fill": "#c5b0d5"}, {"layer": 0, "name": "Labor", "fill": "#7f7f7f"}], "links": [{"source": 0, "prod": 30.0, "target": 1, "value": 0.10711438054430561, "supply": [{"l": "Maize", "v": 0.10711438054430561}]}, {"source": 2, "prod": 9.0, "target": 1, "value": 0.010649519143400699, "supply": [{"l": "Pelagic Fish", "v": 0.010649519143400699}]}, {"source": 3, "prod": 1.0, "target": 1, "value": 0.008757202197708043, "supply": [{"l": "Fish, Body Oil", "v": 0.008757202197708043}]}, {"source": 4, "prod": 9.0, "target": 1, "value": 0.0070230055012775738, "supply": [{"l": "Fish, Seafood", "v": 0.0070230055012775738}]}, {"source": 5, "prod": 6.0, "target": 1, "value": 0.018598855948210952, "supply": [{"l": "Millet", "v": 0.018598855948210952}]}, {"source": 0, "prod": 882.0, "target": 6, "value": 3.1491627880025845, "supply": [{"l": "Maize", "v": 3.1491627880025845}]}, {"source": 7, "prod": 55.0, "target": 6, "value": 0.026939528794644233, "supply": [{"l": "Fruits, Other", "v": 0.026939528794644233}]}, {"source": 8, "prod": 76.0, "target": 6, "value": 0.32262126604980002, "supply": [{"l": "Sugar", "v": 0.32262126604980002}]}, {"source": 9, "prod": 3.0, "target": 6, "value": 0.031837624939125002, "supply": [{"l": "Oilcrops Oil, Other", "v": 0.031837624939125002}]}, {"source": 10, "prod": 85.0, "target": 6, "value": 0.042767946996620398, "supply": [{"l": "Beer", "v": 0.042767946996620398}]}, {"source": 11, "prod": 1.0, "target": 6, "value": 0.0084900333171, "supply": [{"l": "Groundnut Oil", "v": 0.0084900333171}]}, {"source": 12, "prod": 10.0, "target": 6, "value": 0.041302864785891888, "supply": [{"l": "Rice", "v": 0.041302864785891888}]}, {"source": 13, "prod": 2.0, "target": 6, "value": 0.015436424212909092, "supply": [{"l": "Butter, Ghee", "v": 0.015436424212909092}]}, {"source": 14, "prod": 21.0, "target": 6, "value": 0.0044684385879473695, "supply": [{"l": "Tomatoes", "v": 0.0044684385879473695}]}, {"source": 15, "prod": 2.0, "target": 6, "value": 0.0062122195003170731, "supply": [{"l": "Sunflower seed", "v": 0.0062122195003170731}]}, {"source": 16, "prod": 1.0, "target": 6, "value": 0.0097961922889615409, "supply": [{"l": "Fats, Animals, Raw", "v": 0.0097961922889615409}]}, {"source": 17, "prod": 110.0, "target": 6, "value": 0.37256795141529259, "supply": [{"l": "Wheat", "v": 0.37256795141529259}]}, {"source": 18, "prod": 9.0, "target": 6, "value": 0.091975360935250008, "supply": [{"l": "Soyabean Oil", "v": 0.091975360935250008}]}, {"source": 19, "prod": 26.0, "target": 6, "value": 0.037981727997552638, "supply": [{"l": "Eggs", "v": 0.037981727997552638}]}, {"source": 20, "prod": 133.0, "target": 6, "value": 0.033875232935229004, "supply": [{"l": "Vegetables, Other", "v": 0.033875232935229004}]}, {"source": 21, "prod": 4.0, "target": 6, "value": 0.0022640088845600004, "supply": [{"l": "Marine Fish, Other", "v": 0.0022640088845600004}]}, {"source": 22, "prod": 33.0, "target": 6, "value": 0.20076672988987682, "supply": [{"l": "Groundnuts", "v": 0.20076672988987682}]}, {"source": 23, "prod": 1.0, "target": 6, "value": 0.0084900333171, "supply": [{"l": "Palm Oil", "v": 0.0084900333171}]}, {"source": 24, "prod": 9.0, "target": 6, "value": 0.028219713014224435, "supply": [{"l": "Oilcrops, Other", "v": 0.028219713014224435}]}, {"source": 25, "prod": 1.0, "target": 6, "value": 0.0084900333171, "supply": [{"l": "Coconut Oil", "v": 0.0084900333171}]}, {"source": 26, "prod": 7.0, "target": 6, "value": 0.024212317237655552, "supply": [{"l": "Pigmeat", "v": 0.024212317237655552}]}, {"source": 27, "prod": 23.0, "target": 6, "value": 0.033590154752287847, "supply": [{"l": "Poultry Meat", "v": 0.033590154752287847}]}, {"source": 28, "prod": 2.0, "target": 6, "value": 0.0090964642683214296, "supply": [{"l": "Soyabeans", "v": 0.0090964642683214296}]}, {"source": 29, "prod": 5.0, "target": 6, "value": 0.0048238825665340912, "supply": [{"l": "Potatoes", "v": 0.0048238825665340912}]}, {"source": 30, "prod": 54.0, "target": 6, "value": 0.04303742185446937, "supply": [{"l": "Freshwater Fish", "v": 0.04303742185446937}]}, {"source": 31, "prod": 97.0, "target": 6, "value": 0.067799113481781012, "supply": [{"l": "Milk - Excluding Butter", "v": 0.067799113481781012}]}, {"source": 32, "prod": 9.0, "target": 6, "value": 0.035539674350651168, "supply": [{"l": "Pulses, Other", "v": 0.035539674350651168}]}, {"source": 4, "prod": 58.0, "target": 6, "value": 0.045259368786011028, "supply": [{"l": "Fish, Seafood", "v": 0.045259368786011028}]}, {"source": 33, "prod": 21.0, "target": 6, "value": 0.02520819660989846, "supply": [{"l": "Meat, Other", "v": 0.02520819660989846}]}, {"source": 34, "prod": 21.0, "target": 6, "value": 0.065118769396900505, "supply": [{"l": "Sorghum", "v": 0.065118769396900505}]}, {"source": 35, "prod": 1.0, "target": 6, "value": 0.0017687569410625001, "supply": [{"l": "Mutton & Goat Meat", "v": 0.0017687569410625001}]}, {"source": 36, "prod": 1.0, "target": 6, "value": 0.00424501665855, "supply": [{"l": "Sweeteners, Other", "v": 0.00424501665855}]}, {"source": 37, "prod": 1.0, "target": 6, "value": 0.00074592944479313092, "supply": [{"l": "Bananas", "v": 0.00074592944479313092}]}, {"source": 38, "prod": 365.0, "target": 6, "value": 0.15069223745803492, "supply": [{"l": "Beverages, Fermented", "v": 0.15069223745803492}]}, {"source": 39, "prod": 1.0, "target": 6, "value": 0.00090319503373404266, "supply": [{"l": "Tea", "v": 0.00090319503373404266}]}, {"source": 5, "prod": 26.0, "target": 6, "value": 0.080595042442247453, "supply": [{"l": "Millet", "v": 0.080595042442247453}]}, {"source": 40, "prod": 1.0, "target": 6, "value": 0.0047166851761666672, "supply": [{"l": "Honey", "v": 0.0047166851761666672}]}, {"source": 41, "prod": 5.0, "target": 6, "value": 0.0068468010621774199, "supply": [{"l": "Offals, Edible", "v": 0.0068468010621774199}]}, {"source": 42, "prod": 35.0, "target": 6, "value": 0.038153850631982629, "supply": [{"l": "Sweet potatoes", "v": 0.038153850631982629}]}, {"source": 43, "prod": 3.0, "target": 6, "value": 0.030564119941560004, "supply": [{"l": "Sunflowerseed Oil", "v": 0.030564119941560004}]}, {"source": 44, "prod": 3.0, "target": 6, "value": 0.0010061551899497743, "supply": [{"l": "Oranges, Mandarines", "v": 0.0010061551899497743}]}, {"source": 45, "prod": 28.0, "target": 6, "value": 0.061479551606586212, "supply": [{"l": "Bovine Meat", "v": 0.061479551606586212}]}, {"source": 46, "prod": 1.0, "target": 6, "value": 0.0097961922889615409, "supply": [{"l": "Cottonseed Oil", "v": 0.0097961922889615409}]}, {"source": 47, "prod": 16.0, "target": 6, "value": 0.0066806819544393461, "supply": [{"l": "Onions", "v": 0.0066806819544393461}]}, {"source": 48, "prod": 247.0, "target": 6, "value": 0.31520866663658792, "supply": [{"l": "Cassava", "v": 0.31520866663658792}]}, {"source": 15, "prod": 10.0, "target": 49, "value": 0.031061097501585366, "supply": [{"l": "Sunflower seed", "v": 0.031061097501585366}]}, {"source": 0, "prod": 18.0, "target": 49, "value": 0.064268628326583366, "supply": [{"l": "Maize", "v": 0.064268628326583366}]}, {"source": 50, "prod": 4.0, "target": 49, "value": 0.015367511604815746, "supply": [{"l": "Cottonseed", "v": 0.015367511604815746}]}, {"source": 5, "prod": 32.0, "target": 49, "value": 0.099193898390458418, "supply": [{"l": "Millet", "v": 0.099193898390458418}]}, {"source": 51, "prod": 13.0, "target": 49, "value": 0.044030757894534582, "supply": [{"l": "Barley", "v": 0.044030757894534582}]}, {"source": 22, "prod": 1.0, "target": 49, "value": 0.0060838402996932373, "supply": [{"l": "Groundnuts", "v": 0.0060838402996932373}]}, {"source": 34, "prod": 7.0, "target": 49, "value": 0.021706256465633497, "supply": [{"l": "Sorghum", "v": 0.021706256465633497}]}, {"source": 52, "prod": 691.0, "target": 49, "value": 0.23783566305876083, "supply": [{"l": "Sugar cane", "v": 0.23783566305876083}]}, {"source": 16, "prod": 6.0, "target": 53, "value": 0.058777153733769245, "supply": [{"l": "Fats, Animals, Raw", "v": 0.058777153733769245}]}, {"source": 9, "prod": 1.0, "target": 53, "value": 0.010612541646375, "supply": [{"l": "Oilcrops Oil, Other", "v": 0.010612541646375}]}, {"source": 0, "prod": 24.0, "target": 0, "value": 0.085691504435444502, "supply": [{"l": "Maize", "v": 0.085691504435444502}]}, {"source": 50, "prod": 1.0, "target": 50, "value": 0.0038418779012039366, "supply": [{"l": "Cottonseed", "v": 0.0038418779012039366}]}, {"source": 19, "prod": 2.0, "target": 19, "value": 0.0029216713844271258, "supply": [{"l": "Eggs", "v": 0.0029216713844271258}]}, {"source": 5, "prod": 1.0, "target": 5, "value": 0.0030998093247018256, "supply": [{"l": "Millet", "v": 0.0030998093247018256}]}, {"source": 32, "prod": 2.0, "target": 32, "value": 0.0078977054112558138, "supply": [{"l": "Pulses, Other", "v": 0.0078977054112558138}]}, {"source": 22, "prod": 8.0, "target": 22, "value": 0.048670722397545899, "supply": [{"l": "Groundnuts", "v": 0.048670722397545899}]}, {"source": 34, "prod": 1.0, "target": 34, "value": 0.0031008937808047858, "supply": [{"l": "Sorghum", "v": 0.0031008937808047858}]}, {"source": 15, "prod": 1.0, "target": 54, "value": 0.0031061097501585365, "supply": [{"l": "Sunflower seed", "v": 0.0031061097501585365}]}, {"source": 0, "prod": 48.0, "target": 54, "value": 0.171383008870889, "supply": [{"l": "Maize", "v": 0.171383008870889}]}, {"source": 17, "prod": 2.0, "target": 54, "value": 0.0067739627530053201, "supply": [{"l": "Wheat", "v": 0.0067739627530053201}]}, {"source": 34, "prod": 3.0, "target": 54, "value": 0.0093026813424143574, "supply": [{"l": "Sorghum", "v": 0.0093026813424143574}]}, {"source": 19, "prod": 1.0, "target": 54, "value": 0.0014608356922135629, "supply": [{"l": "Eggs", "v": 0.0014608356922135629}]}, {"source": 20, "prod": 15.0, "target": 54, "value": 0.0038205149926950005, "supply": [{"l": "Vegetables, Other", "v": 0.0038205149926950005}]}, {"source": 7, "prod": 6.0, "target": 54, "value": 0.0029388576866884613, "supply": [{"l": "Fruits, Other", "v": 0.0029388576866884613}]}, {"source": 5, "prod": 9.0, "target": 54, "value": 0.027898283922316428, "supply": [{"l": "Millet", "v": 0.027898283922316428}]}, {"source": 31, "prod": 3.0, "target": 54, "value": 0.0020968797984055984, "supply": [{"l": "Milk - Excluding Butter", "v": 0.0020968797984055984}]}, {"source": 42, "prod": 4.0, "target": 54, "value": 0.004360440072226586, "supply": [{"l": "Sweet potatoes", "v": 0.004360440072226586}]}, {"source": 32, "prod": 1.0, "target": 54, "value": 0.0039488527056279069, "supply": [{"l": "Pulses, Other", "v": 0.0039488527056279069}]}, {"source": 22, "prod": 5.0, "target": 54, "value": 0.030419201498466185, "supply": [{"l": "Groundnuts", "v": 0.030419201498466185}]}, {"source": 47, "prod": 2.0, "target": 54, "value": 0.00083508524430491826, "supply": [{"l": "Onions", "v": 0.00083508524430491826}]}, {"source": 14, "prod": 2.0, "target": 54, "value": 0.0004255655798045113, "supply": [{"l": "Tomatoes", "v": 0.0004255655798045113}]}, {"source": 48, "prod": 13.0, "target": 54, "value": 0.01658992982297831, "supply": [{"l": "Cassava", "v": 0.01658992982297831}]}, {"source": 55, "prod": 2.0, "target": 29, "value": 0.0019295530266136365, "supply": [{"l": "Potatoes", "v": 0.0019295530266136365}]}, {"source": 55, "prod": 9.0, "target": 12, "value": 0.037172578307302702, "supply": [{"l": "Rice", "v": 0.037172578307302702}]}, {"source": 55, "prod": 97.0, "target": 17, "value": 0.32853719352075805, "supply": [{"l": "Wheat", "v": 0.32853719352075805}]}, {"source": 55, "prod": 62.0, "target": 1, "value": 0.048220426888451039, "supply": [{"l": "Pelagic Fish", "v": 0.010649519143400699}, {"l": "Milk - Excluding Butter", "v": 0.025162557580867179}, {"l": "Marine Fish, Other", "v": 0.0022640088845600004}, {"l": "Fish, Seafood", "v": 0.010144341279623161}]}, {"source": 55, "prod": 13.0, "target": 51, "value": 0.044030757894534582, "supply": [{"l": "Barley", "v": 0.044030757894534582}]}, {"source": 55, "prod": 25.0, "target": 49, "value": 0.23862139095788634, "supply": [{"l": "Sweeteners, Other", "v": 0.00424501665855}, {"l": "Soyabean Oil", "v": 0.091975360935250008}, {"l": "Fats, Animals, Raw", "v": 0.058777153733769245}, {"l": "Coconut Oil", "v": 0.0084900333171}, {"l": "Fish, Body Oil", "v": 0.008757202197708043}, {"l": "Butter, Ghee", "v": 0.015436424212909092}, {"l": "Palm Oil", "v": 0.0084900333171}, {"l": "Oilcrops Oil, Other", "v": 0.0424501665855}]}, {"source": 55, "prod": 10.0, "target": 24, "value": 0.031355236682471588, "supply": [{"l": "Oilcrops, Other", "v": 0.031355236682471588}]}, {"source": 55, "prod": 1.0, "target": 0, "value": 0.0035704793514768534, "supply": [{"l": "Maize", "v": 0.0035704793514768534}]}, {"source": 55, "prod": 1.0, "target": 32, "value": 0.0039488527056279069, "supply": [{"l": "Pulses, Other", "v": 0.0039488527056279069}]}, {"source": 0, "prod": 26.0, "target": 56, "value": 0.092832463138398186, "supply": [{"l": "Maize", "v": 0.092832463138398186}]}, {"source": 22, "prod": 2.0, "target": 56, "value": 0.012167680599386475, "supply": [{"l": "Groundnuts", "v": 0.012167680599386475}]}, {"source": 0, "prod": 580.0, "target": 57, "value": 2.0708780238565749, "supply": [{"l": "Maize", "v": 2.0708780238565749}]}, {"source": 34, "prod": 1.0, "target": 57, "value": 0.0031008937808047858, "supply": [{"l": "Sorghum", "v": 0.0031008937808047858}]}, {"source": 58, "prod": 8.0, "target": 1, "value": 0.0055916794624149288, "supply": [{"l": "Milk - Excluding Butter", "v": 0.0055916794624149288}]}, {"source": 58, "prod": 10.0, "target": 17, "value": 0.033869813765026603, "supply": [{"l": "Wheat", "v": 0.033869813765026603}]}, {"source": 58, "prod": 4.0, "target": 49, "value": 0.0169800666342, "supply": [{"l": "Sugar", "v": 0.0169800666342}]}, {"source": 58, "prod": 7.0, "target": 22, "value": 0.042586882097852656, "supply": [{"l": "Groundnuts", "v": 0.042586882097852656}]}, {"source": 5, "prod": 13.0, "target": 57, "value": 0.040297521221123726, "supply": [{"l": "Millet", "v": 0.040297521221123726}]}, {"source": 1, "prod": 100.0, "target": 31, "value": 0.069895993280186614, "supply": [{"l": "Milk - Excluding Butter", "v": 0.069895993280186614}]}, {"source": 1, "prod": 7.0, "target": 26, "value": 0.024212317237655552, "supply": [{"l": "Pigmeat", "v": 0.024212317237655552}]}, {"source": 1, "prod": 9.0, "target": 2, "value": 0.010649519143400699, "supply": [{"l": "Pelagic Fish", "v": 0.010649519143400699}]}, {"source": 1, "prod": 28.0, "target": 45, "value": 0.061479551606586212, "supply": [{"l": "Bovine Meat", "v": 0.061479551606586212}]}, {"source": 1, "prod": 27.0, "target": 19, "value": 0.039442563689766202, "supply": [{"l": "Eggs", "v": 0.042364235074193325}]}, {"source": 1, "prod": 23.0, "target": 27, "value": 0.033590154752287847, "supply": [{"l": "Poultry Meat", "v": 0.033590154752287847}]}, {"source": 1, "prod": 5.0, "target": 41, "value": 0.0068468010621774199, "supply": [{"l": "Offals, Edible", "v": 0.0068468010621774199}]}, {"source": 1, "prod": 4.0, "target": 21, "value": 0.0022640088845600004, "supply": [{"l": "Marine Fish, Other", "v": 0.0022640088845600004}]}, {"source": 1, "prod": 67.0, "target": 4, "value": 0.052282374287288602, "supply": [{"l": "Fish, Seafood", "v": 0.052282374287288602}]}, {"source": 1, "prod": 21.0, "target": 33, "value": 0.02520819660989846, "supply": [{"l": "Meat, Other", "v": 0.02520819660989846}]}, {"source": 1, "prod": 54.0, "target": 30, "value": 0.04303742185446937, "supply": [{"l": "Freshwater Fish", "v": 0.04303742185446937}]}, {"source": 1, "prod": 1.0, "target": 35, "value": 0.0017687569410625001, "supply": [{"l": "Mutton & Goat Meat", "v": 0.0017687569410625001}]}, {"source": 49, "prod": 7.0, "target": 16, "value": 0.068573346022730783, "supply": [{"l": "Fats, Animals, Raw", "v": 0.068573346022730783}]}, {"source": 49, "prod": 1.0, "target": 36, "value": 0.00424501665855, "supply": [{"l": "Sweeteners, Other", "v": 0.00424501665855}]}, {"source": 49, "prod": 365.0, "target": 38, "value": 0.15069223745803492, "supply": [{"l": "Beverages, Fermented", "v": 0.15069223745803492}]}, {"source": 49, "prod": 9.0, "target": 18, "value": 0.091975360935250008, "supply": [{"l": "Soyabean Oil", "v": 0.091975360935250008}]}, {"source": 49, "prod": 1.0, "target": 25, "value": 0.0084900333171, "supply": [{"l": "Coconut Oil", "v": 0.0084900333171}]}, {"source": 49, "prod": 1.0, "target": 3, "value": 0.008757202197708043, "supply": [{"l": "Fish, Body Oil", "v": 0.008757202197708043}]}, {"source": 49, "prod": 76.0, "target": 8, "value": 0.32262126604980002, "supply": [{"l": "Sugar", "v": 0.32262126604980002}]}, {"source": 49, "prod": 1.0, "target": 40, "value": 0.0047166851761666672, "supply": [{"l": "Honey", "v": 0.0047166851761666672}]}, {"source": 49, "prod": 1.0, "target": 46, "value": 0.0097961922889615409, "supply": [{"l": "Cottonseed Oil", "v": 0.0097961922889615409}]}, {"source": 49, "prod": 85.0, "target": 10, "value": 0.042767946996620398, "supply": [{"l": "Beer", "v": 0.042767946996620398}]}, {"source": 49, "prod": 1.0, "target": 11, "value": 0.0084900333171, "supply": [{"l": "Groundnut Oil", "v": 0.0084900333171}]}, {"source": 49, "prod": 3.0, "target": 43, "value": 0.030564119941560004, "supply": [{"l": "Sunflowerseed Oil", "v": 0.030564119941560004}]}, {"source": 49, "prod": 1.0, "target": 23, "value": 0.0084900333171, "supply": [{"l": "Palm Oil", "v": 0.0084900333171}]}, {"source": 49, "prod": 4.0, "target": 9, "value": 0.0424501665855, "supply": [{"l": "Oilcrops Oil, Other", "v": 0.0424501665855}]}, {"source": 49, "prod": 2.0, "target": 13, "value": 0.015436424212909092, "supply": [{"l": "Butter, Ghee", "v": 0.015436424212909092}]}, {"source": 15, "prod": 13.0, "target": 59, "value": 0.045326666580000008, "supply": [{"l": "Sunflower seed", "v": 0.045326666580000008}]}, {"source": 0, "prod": 3216.0, "target": 59, "value": 11.213119978560002, "supply": [{"l": "Maize", "v": 11.213119978560002}]}, {"source": 17, "prod": 117.0, "target": 59, "value": 0.40793999922000002, "supply": [{"l": "Wheat", "v": 0.40793999922000002}]}, {"source": 48, "prod": 130.0, "target": 59, "value": 0.45326666579999997, "supply": [{"l": "Cassava", "v": 0.45326666579999997}]}, {"source": 50, "prod": 5.0, "target": 59, "value": 0.017433333299999999, "supply": [{"l": "Cottonseed", "v": 0.017433333299999999}]}, {"source": 29, "prod": 2.0, "target": 59, "value": 0.0069733333200000004, "supply": [{"l": "Potatoes", "v": 0.0069733333200000004}]}, {"source": 20, "prod": 147.5, "target": 59, "value": 0.51428333235000001, "supply": [{"l": "Vegetables, Other", "v": 0.51428333235000001}]}, {"source": 5, "prod": 174.0, "target": 59, "value": 0.60667999884000001, "supply": [{"l": "Millet", "v": 0.60667999884000001}]}, {"source": 28, "prod": 1.5, "target": 59, "value": 0.0052299999900000003, "supply": [{"l": "Soyabeans", "v": 0.0052299999900000003}]}, {"source": 42, "prod": 19.5, "target": 59, "value": 0.067989999869999998, "supply": [{"l": "Sweet potatoes", "v": 0.067989999869999998}]}, {"source": 51, "prod": 13.0, "target": 59, "value": 0.045326666580000001, "supply": [{"l": "Barley", "v": 0.045326666580000001}]}, {"source": 22, "prod": 46.0, "target": 59, "value": 0.16038666636000004, "supply": [{"l": "Groundnuts", "v": 0.16038666636000004}]}, {"source": 32, "prod": 11.0, "target": 59, "value": 0.038353333260000004, "supply": [{"l": "Pulses, Other", "v": 0.038353333260000004}]}, {"source": 24, "prod": 4.5, "target": 59, "value": 0.01568999997, "supply": [{"l": "Oilcrops, Other", "v": 0.01568999997}]}, {"source": 12, "prod": 11.0, "target": 59, "value": 0.038353333260000004, "supply": [{"l": "Rice", "v": 0.038353333260000004}]}, {"source": 34, "prod": 67.0, "target": 59, "value": 0.23360666622000001, "supply": [{"l": "Sorghum", "v": 0.23360666622000001}]}, {"source": 47, "prod": 18.0, "target": 59, "value": 0.062759999880000014, "supply": [{"l": "Onions", "v": 0.062759999880000014}]}, {"source": 14, "prod": 23.5, "target": 59, "value": 0.081936666510000006, "supply": [{"l": "Tomatoes", "v": 0.081936666510000006}]}, {"source": 52, "prod": 276.40000000000003, "target": 59, "value": 0.095134265223504336, "supply": [{"l": "Sugar cane", "v": 0.095134265223504336}]}, {"source": 60, "prod": 0, "target": 15, "value": 0.00013504578236146769, "supply": "[{\"l\":'Energy for power irrigation',\"v\":0.00013504578236146769}]"}, {"source": 60, "prod": 0, "target": 0, "value": 0.016704124464403086, "supply": "[{\"l\":'Energy for power irrigation',\"v\":0.016704124464403086}]"}, {"source": 60, "prod": 0, "target": 17, "value": 0.00060770602062660466, "supply": "[{\"l\":'Energy for power irrigation',\"v\":0.00060770602062660466}]"}, {"source": 60, "prod": 0, "target": 37, "value": 1.0388137104728286e-05, "supply": "[{\"l\":'Energy for power irrigation',\"v\":1.0388137104728286e-05}]"}, {"source": 60, "prod": 0, "target": 48, "value": 0.0027009156472293542, "supply": "[{\"l\":'Energy for power irrigation',\"v\":0.0027009156472293542}]"}, {"source": 60, "prod": 0, "target": 50, "value": 5.1940685523641427e-05, "supply": "[{\"l\":'Energy for power irrigation',\"v\":5.1940685523641427e-05}]"}, {"source": 60, "prod": 0, "target": 29, "value": 4.1552548418913145e-05, "supply": "[{\"l\":'Energy for power irrigation',\"v\":4.1552548418913145e-05}]"}, {"source": 60, "prod": 0, "target": 20, "value": 0.001532250222947422, "supply": "[{\"l\":'Energy for power irrigation',\"v\":0.001532250222947422}]"}, {"source": 60, "prod": 0, "target": 7, "value": 0.00063367636338842548, "supply": "[{\"l\":'Energy for power irrigation',\"v\":0.00063367636338842548}]"}, {"source": 60, "prod": 0, "target": 5, "value": 0.00090376792811136086, "supply": "[{\"l\":'Energy for power irrigation',\"v\":0.00090376792811136086}]"}, {"source": 60, "prod": 0, "target": 28, "value": 1.5582205657092431e-05, "supply": "[{\"l\":'Energy for power irrigation',\"v\":1.5582205657092431e-05}]"}, {"source": 60, "prod": 0, "target": 42, "value": 0.00040513734708440318, "supply": "[{\"l\":'Energy for power irrigation',\"v\":0.00040513734708440318}]"}, {"source": 60, "prod": 0, "target": 32, "value": 0.00011426950815201114, "supply": "[{\"l\":'Energy for power irrigation',\"v\":0.00011426950815201114}]"}, {"source": 60, "prod": 0, "target": 44, "value": 3.1164411314184862e-05, "supply": "[{\"l\":'Energy for power irrigation',\"v\":3.1164411314184862e-05}]"}, {"source": 60, "prod": 0, "target": 22, "value": 0.00047785430681750114, "supply": "[{\"l\":'Energy for power irrigation',\"v\":0.00047785430681750114}]"}, {"source": 60, "prod": 0, "target": 47, "value": 0.00018698646788510912, "supply": "[{\"l\":'Energy for power irrigation',\"v\":0.00018698646788510912}]"}, {"source": 60, "prod": 0, "target": 12, "value": 5.7134754076005569e-05, "supply": "[{\"l\":'Energy for power irrigation',\"v\":5.7134754076005569e-05}]"}, {"source": 60, "prod": 0, "target": 34, "value": 0.00034800259300839757, "supply": "[{\"l\":'Energy for power irrigation',\"v\":0.00034800259300839757}]"}, {"source": 60, "prod": 0, "target": 14, "value": 0.00024412122196111469, "supply": "[{\"l\":'Energy for power irrigation',\"v\":0.00024412122196111469}]"}, {"source": 60, "prod": 0, "target": 52, "value": 0.0071782027393672452, "supply": "[{\"l\":'Energy for power irrigation',\"v\":0.0071782027393672452}]"}, {"source": 60, "prod": 0, "target": 49, "value": 0.13980694259790663, "supply": "[{\"l\":'Electricity',\"v\":0.13980694259790663}]"}, {"source": 61, "prod": 0, "target": 60, "value": 0.0083390074911207871, "supply": [{"l": "Coal", "v": 0.0059985538867605359}, {"l": "Natural gas", "v": 0.0}, {"l": "Oil", "v": 0.0023404536043602517}]}, {"source": 62, "prod": 0, "target": 60, "value": 0.16907742114455554, "supply": [{"l": "Nuclear", "v": 0.0}, {"l": "Hydroelectric", "v": 0.16907742114455554}, {"l": "Renewable", "v": 0.0}]}, {"source": 61, "prod": 0, "target": 15, "value": 0.0013824881316730354, "supply": [{"l": "Motor Gasoline", "v": 5.1133841249864135e-05}, {"l": "Gas-Diesel oil", "v": 0.00036397753064237377}, {"l": "Coal", "v": 0.00021838651838542431}, {"l": "Other fossil fuels", "v": 0.00074899024139537314}]}, {"source": 61, "prod": 0, "target": 0, "value": 0.17100314736386471, "supply": [{"l": "Motor Gasoline", "v": 0.0063248628253678111}, {"l": "Gas-Diesel oil", "v": 0.045021220713302855}, {"l": "Coal", "v": 0.027012732427981721}, {"l": "Other fossil fuels", "v": 0.092644331397212329}]}, {"source": 61, "prod": 0, "target": 17, "value": 0.006221196592528659, "supply": [{"l": "Motor Gasoline", "v": 0.0002301022856243886}, {"l": "Gas-Diesel oil", "v": 0.001637898887890682}, {"l": "Coal", "v": 0.00098273933273440952}, {"l": "Other fossil fuels", "v": 0.0033704560862791795}]}, {"source": 61, "prod": 0, "target": 37, "value": 0.00010634524089792581, "supply": [{"l": "Motor Gasoline", "v": 3.9333724038357033e-06}, {"l": "Gas-Diesel oil", "v": 2.7998271587874909e-05}, {"l": "Coal", "v": 1.6798962952724948e-05}, {"l": "Other fossil fuels", "v": 5.761463395349025e-05}]}, {"source": 61, "prod": 0, "target": 48, "value": 0.027649762633460709, "supply": [{"l": "Motor Gasoline", "v": 0.0010226768249972829}, {"l": "Gas-Diesel oil", "v": 0.007279550612847476}, {"l": "Coal", "v": 0.0043677303677084863}, {"l": "Other fossil fuels", "v": 0.014979804827907464}]}, {"source": 61, "prod": 0, "target": 50, "value": 0.00053172620448962906, "supply": [{"l": "Motor Gasoline", "v": 1.9666862019178516e-05}, {"l": "Gas-Diesel oil", "v": 0.00013999135793937455}, {"l": "Coal", "v": 8.3994814763624741e-05}, {"l": "Other fossil fuels", "v": 0.00028807316976745125}]}, {"source": 61, "prod": 0, "target": 29, "value": 0.00042538096359170322, "supply": [{"l": "Motor Gasoline", "v": 1.5733489615342813e-05}, {"l": "Gas-Diesel oil", "v": 0.00011199308635149964}, {"l": "Coal", "v": 6.7195851810899793e-05}, {"l": "Other fossil fuels", "v": 0.000230458535813961}]}, {"source": 61, "prod": 0, "target": 20, "value": 0.015685923032444055, "supply": [{"l": "Motor Gasoline", "v": 0.00058017242956576621}, {"l": "Gas-Diesel oil", "v": 0.0041297450592115486}, {"l": "Coal", "v": 0.00247784703552693}, {"l": "Other fossil fuels", "v": 0.0084981585081398119}]}, {"source": 61, "prod": 0, "target": 7, "value": 0.0064870596947734739, "supply": [{"l": "Motor Gasoline", "v": 0.00023993571663397789}, {"l": "Gas-Diesel oil", "v": 0.0017078945668603696}, {"l": "Coal", "v": 0.0010247367401162218}, {"l": "Other fossil fuels", "v": 0.0035144926711629053}]}, {"source": 61, "prod": 0, "target": 5, "value": 0.0092520359581195442, "supply": [{"l": "Motor Gasoline", "v": 0.00034220339913370614}, {"l": "Gas-Diesel oil", "v": 0.002435849628145117}, {"l": "Coal", "v": 0.0014615097768870705}, {"l": "Other fossil fuels", "v": 0.0050124731539536518}]}, {"source": 61, "prod": 0, "target": 28, "value": 0.00015951786134688872, "supply": [{"l": "Motor Gasoline", "v": 5.9000586057535545e-06}, {"l": "Gas-Diesel oil", "v": 4.1997407381812364e-05}, {"l": "Coal", "v": 2.5198444429087422e-05}, {"l": "Other fossil fuels", "v": 8.6421950930235371e-05}]}, {"source": 61, "prod": 0, "target": 42, "value": 0.0041474643950191068, "supply": [{"l": "Motor Gasoline", "v": 0.00015340152374959242}, {"l": "Gas-Diesel oil", "v": 0.0010919325919271216}, {"l": "Coal", "v": 0.00065515955515627305}, {"l": "Other fossil fuels", "v": 0.00224697072418612}]}, {"source": 61, "prod": 0, "target": 32, "value": 0.0011697976498771837, "supply": [{"l": "Motor Gasoline", "v": 4.326709644219273e-05}, {"l": "Gas-Diesel oil", "v": 0.000307980987466624}, {"l": "Coal", "v": 0.00018478859247997442}, {"l": "Other fossil fuels", "v": 0.00063376097348839268}]}, {"source": 61, "prod": 0, "target": 44, "value": 0.00031903572269377745, "supply": [{"l": "Motor Gasoline", "v": 1.1800117211507109e-05}, {"l": "Gas-Diesel oil", "v": 8.3994814763624728e-05}, {"l": "Coal", "v": 5.0396888858174845e-05}, {"l": "Other fossil fuels", "v": 0.00017284390186047074}]}, {"source": 61, "prod": 0, "target": 22, "value": 0.004891881081304587, "supply": [{"l": "Motor Gasoline", "v": 0.00018093513057644233}, {"l": "Gas-Diesel oil", "v": 0.0012879204930422458}, {"l": "Coal", "v": 0.00077275229582534754}, {"l": "Other fossil fuels", "v": 0.0026502731618605513}]}, {"source": 61, "prod": 0, "target": 47, "value": 0.0019142143361626643, "supply": [{"l": "Motor Gasoline", "v": 7.0800703269042651e-05}, {"l": "Gas-Diesel oil", "v": 0.00050396888858174837}, {"l": "Coal", "v": 0.00030238133314904904}, {"l": "Other fossil fuels", "v": 0.0010370634111628245}]}, {"source": 61, "prod": 0, "target": 12, "value": 0.00058489882493859187, "supply": [{"l": "Motor Gasoline", "v": 2.1633548221096365e-05}, {"l": "Gas-Diesel oil", "v": 0.000153990493733312}, {"l": "Coal", "v": 9.2394296239987209e-05}, {"l": "Other fossil fuels", "v": 0.00031688048674419634}]}, {"source": 61, "prod": 0, "target": 34, "value": 0.0035625655700805142, "supply": [{"l": "Motor Gasoline", "v": 0.00013176797552849604}, {"l": "Gas-Diesel oil", "v": 0.00093794209819380941}, {"l": "Coal", "v": 0.00056276525891628577}, {"l": "Other fossil fuels", "v": 0.0019300902374419233}]}, {"source": 61, "prod": 0, "target": 14, "value": 0.0024991131611012563, "supply": [{"l": "Motor Gasoline", "v": 9.243425149013902e-05}, {"l": "Gas-Diesel oil", "v": 0.00065795938231506031}, {"l": "Coal", "v": 0.00039477562938903626}, {"l": "Other fossil fuels", "v": 0.0013539438979070207}]}, {"source": 61, "prod": 0, "target": 52, "value": 0.073484561460466738, "supply": [{"l": "Motor Gasoline", "v": 0.0027179603310504706}, {"l": "Gas-Diesel oil", "v": 0.019346805667221561}, {"l": "Coal", "v": 0.011608083400332939}, {"l": "Other fossil fuels", "v": 0.039811712061861765}]}, {"source": 63, "prod": 0.28048585584145752, "target": 15, "value": 0.0038557698075702578, "supply": [{"l": "Potash", "v": 0.014614166678358}, {"l": "Phosphate", "v": 0.065650000052519988}, {"l": "Nitrogen", "v": 0.84764166734477997}]}, {"source": 63, "prod": 34.693942784081834, "target": 0, "value": 0.47692906542869046, "supply": [{"l": "Potash", "v": 0.014614166678358}, {"l": "Phosphate", "v": 0.065650000052519988}, {"l": "Nitrogen", "v": 0.84764166734477997}]}, {"source": 63, "prod": 1.262186351286559, "target": 17, "value": 0.017350964134066161, "supply": [{"l": "Potash", "v": 0.014614166678358}, {"l": "Phosphate", "v": 0.065650000052519988}, {"l": "Nitrogen", "v": 0.84764166734477997}]}, {"source": 63, "prod": 0.021575835064727506, "target": 37, "value": 0.00029659767750540449, "supply": [{"l": "Potash", "v": 0.014614166678358}, {"l": "Phosphate", "v": 0.065650000052519988}, {"l": "Nitrogen", "v": 0.84764166734477997}]}, {"source": 63, "prod": 5.6097171168291515, "target": 48, "value": 0.077115396151405169, "supply": [{"l": "Potash", "v": 0.014614166678358}, {"l": "Phosphate", "v": 0.065650000052519988}, {"l": "Nitrogen", "v": 0.84764166734477997}]}, {"source": 63, "prod": 0.10787917532363753, "target": 50, "value": 0.0014829883875270226, "supply": [{"l": "Potash", "v": 0.014614166678358}, {"l": "Phosphate", "v": 0.065650000052519988}, {"l": "Nitrogen", "v": 0.84764166734477997}]}, {"source": 63, "prod": 0.086303340258910025, "target": 29, "value": 0.0011863907100216179, "supply": [{"l": "Potash", "v": 0.014614166678358}, {"l": "Phosphate", "v": 0.065650000052519988}, {"l": "Nitrogen", "v": 0.84764166734477997}]}, {"source": 63, "prod": 3.182435672047307, "target": 20, "value": 0.043748157432047165, "supply": [{"l": "Potash", "v": 0.014614166678358}, {"l": "Phosphate", "v": 0.065650000052519988}, {"l": "Nitrogen", "v": 0.84764166734477997}]}, {"source": 63, "prod": 1.3161259389483779, "target": 7, "value": 0.018092458327829675, "supply": [{"l": "Potash", "v": 0.014614166678358}, {"l": "Phosphate", "v": 0.065650000052519988}, {"l": "Nitrogen", "v": 0.84764166734477997}]}, {"source": 63, "prod": 1.8770976506312929, "target": 5, "value": 0.02580399794297019, "supply": [{"l": "Potash", "v": 0.014614166678358}, {"l": "Phosphate", "v": 0.065650000052519988}, {"l": "Nitrogen", "v": 0.84764166734477997}]}, {"source": 63, "prod": 0.032363752597091261, "target": 28, "value": 0.00044489651625810676, "supply": [{"l": "Potash", "v": 0.014614166678358}, {"l": "Phosphate", "v": 0.065650000052519988}, {"l": "Nitrogen", "v": 0.84764166734477997}]}, {"source": 63, "prod": 0.84145756752437273, "target": 42, "value": 0.011567309422710776, "supply": [{"l": "Potash", "v": 0.014614166678358}, {"l": "Phosphate", "v": 0.065650000052519988}, {"l": "Nitrogen", "v": 0.84764166734477997}]}, {"source": 63, "prod": 0.23733418571200254, "target": 32, "value": 0.0032625744525594494, "supply": [{"l": "Potash", "v": 0.014614166678358}, {"l": "Phosphate", "v": 0.065650000052519988}, {"l": "Nitrogen", "v": 0.84764166734477997}]}, {"source": 63, "prod": 0.064727505194182522, "target": 44, "value": 0.00088979303251621351, "supply": [{"l": "Potash", "v": 0.014614166678358}, {"l": "Phosphate", "v": 0.065650000052519988}, {"l": "Nitrogen", "v": 0.84764166734477997}]}, {"source": 63, "prod": 0.99248841297746515, "target": 22, "value": 0.013643493165248606, "supply": [{"l": "Potash", "v": 0.014614166678358}, {"l": "Phosphate", "v": 0.065650000052519988}, {"l": "Nitrogen", "v": 0.84764166734477997}]}, {"source": 63, "prod": 0.38836503116509508, "target": 47, "value": 0.0053387581950972802, "supply": [{"l": "Potash", "v": 0.014614166678358}, {"l": "Phosphate", "v": 0.065650000052519988}, {"l": "Nitrogen", "v": 0.84764166734477997}]}, {"source": 63, "prod": 0.11866709285600127, "target": 12, "value": 0.0016312872262797247, "supply": [{"l": "Potash", "v": 0.014614166678358}, {"l": "Phosphate", "v": 0.065650000052519988}, {"l": "Nitrogen", "v": 0.84764166734477997}]}, {"source": 63, "prod": 0.72279047466837143, "target": 34, "value": 0.0099360221964310495, "supply": [{"l": "Potash", "v": 0.014614166678358}, {"l": "Phosphate", "v": 0.065650000052519988}, {"l": "Nitrogen", "v": 0.84764166734477997}]}, {"source": 63, "prod": 0.50703212402109632, "target": 14, "value": 0.0069700454213770056, "supply": [{"l": "Potash", "v": 0.014614166678358}, {"l": "Phosphate", "v": 0.065650000052519988}, {"l": "Nitrogen", "v": 0.84764166734477997}]}, {"source": 63, "prod": 14.908902029726706, "target": 52, "value": 0.20494899515623452, "supply": [{"l": "Potash", "v": 0.014614166678358}, {"l": "Phosphate", "v": 0.065650000052519988}, {"l": "Nitrogen", "v": 0.84764166734477997}]}, {"source": 61, "prod": 0, "target": 63, "value": 1.1055210485070808, "supply": [{"l": "Natural gas (including LNG)", "v": 0.75109711405955792}, {"l": "Fuel oil", "v": 0.20458531123443149}, {"l": "Liquefied petroleum gas (LPG)", "v": 0.074919311606545622}, {"l": "Coal", "v": 0.074919311606545622}]}, {"source": 64, "prod": 0, "target": 0, "value": 0.46170647428432643, "supply": "[{\"l\":'Labor',\"v\":0.46170647428432643}]"}, {"source": 64, "prod": 0, "target": 7, "value": 0.017514984410039746, "supply": "[{\"l\":'Labor',\"v\":0.017514984410039746}]"}, {"source": 64, "prod": 0, "target": 51, "value": 0.0018663507977911204, "supply": "[{\"l\":'Labor',\"v\":0.0018663507977911204}]"}, {"source": 64, "prod": 0, "target": 12, "value": 0.0015792199058232558, "supply": "[{\"l\":'Labor',\"v\":0.0015792199058232558}]"}, {"source": 64, "prod": 0, "target": 14, "value": 0.0067475759612448194, "supply": "[{\"l\":'Labor',\"v\":0.0067475759612448194}]"}, {"source": 64, "prod": 0, "target": 15, "value": 0.0037327015955822408, "supply": "[{\"l\":'Labor',\"v\":0.0037327015955822408}]"}, {"source": 64, "prod": 0, "target": 17, "value": 0.016797157180120082, "supply": "[{\"l\":'Labor',\"v\":0.016797157180120082}]"}, {"source": 64, "prod": 0, "target": 20, "value": 0.042351806565260039, "supply": "[{\"l\":'Labor',\"v\":0.042351806565260039}]"}, {"source": 64, "prod": 0, "target": 50, "value": 0.0014356544598393235, "supply": "[{\"l\":'Labor',\"v\":0.0014356544598393235}]"}, {"source": 64, "prod": 0, "target": 22, "value": 0.013208021030521775, "supply": "[{\"l\":'Labor',\"v\":0.013208021030521775}]"}, {"source": 64, "prod": 0, "target": 24, "value": 0.001292089013855391, "supply": "[{\"l\":'Labor',\"v\":0.001292089013855391}]"}, {"source": 64, "prod": 0, "target": 52, "value": 0.19840744634979451, "supply": "[{\"l\":'Labor',\"v\":0.19840744634979451}]"}, {"source": 64, "prod": 0, "target": 28, "value": 0.00043069633795179708, "supply": "[{\"l\":'Labor',\"v\":0.00043069633795179708}]"}, {"source": 64, "prod": 0, "target": 29, "value": 0.0011485235678714587, "supply": "[{\"l\":'Labor',\"v\":0.0011485235678714587}]"}, {"source": 64, "prod": 0, "target": 32, "value": 0.0031584398116465116, "supply": "[{\"l\":'Labor',\"v\":0.0031584398116465116}]"}, {"source": 64, "prod": 0, "target": 34, "value": 0.0096188848809234673, "supply": "[{\"l\":'Labor',\"v\":0.0096188848809234673}]"}, {"source": 64, "prod": 0, "target": 37, "value": 0.00028713089196786466, "supply": "[{\"l\":'Labor',\"v\":0.00028713089196786466}]"}, {"source": 64, "prod": 0, "target": 39, "value": 0.00014356544598393233, "supply": "[{\"l\":'Labor',\"v\":0.00014356544598393233}]"}, {"source": 64, "prod": 0, "target": 5, "value": 0.024980387601204228, "supply": "[{\"l\":'Labor',\"v\":0.024980387601204228}]"}, {"source": 64, "prod": 0, "target": 42, "value": 0.011198104786746724, "supply": "[{\"l\":'Labor',\"v\":0.011198104786746724}]"}, {"source": 64, "prod": 0, "target": 44, "value": 0.00086139267590359416, "supply": "[{\"l\":'Labor',\"v\":0.00086139267590359416}]"}, {"source": 64, "prod": 0, "target": 47, "value": 0.0051683560554215639, "supply": "[{\"l\":'Labor',\"v\":0.0051683560554215639}]"}, {"source": 64, "prod": 0, "target": 48, "value": 0.074654031911644825, "supply": "[{\"l\":'Labor',\"v\":0.074654031911644825}]"}, {"source": 61, "prod": 0, "target": 55, "value": 0.24702470573498356, "supply": "[{\"l\":'Fossil Fuels',\"v\":0.24702470573498356}]"}, {"source": 62, "prod": 0, "target": 55, "value": 0.75699188952261209, "supply": "[{\"l\":'Renewables & Nuclear',\"v\":0.16806984650620982},{\"l\":'Biomass & Waste',\"v\":0.58892204301640227}]"}]}