{"nodes": [{"layer": 5, "name": "Cereals - Excluding Beer"}, {"layer": 10, "name": "Feed", "fill": "#dbdb8d"}, {"layer": 13, "name": "Fish, Seafood"}, {"layer": 13, "name": "Animal Fats"}, {"layer": 13, "name": "Milk - Excluding Butter"}, {"layer": 16, "name": "Food", "fill": "#b5cf6b"}, {"layer": 5, "name": "Oilcrops", "fill": "#ff9896"}, {"layer": 5, "name": "Pulses"}, {"layer": 5, "name": "Vegetables"}, {"layer": 5, "name": "Starchy Roots"}, {"layer": 13, "name": "Sugar & Sweeteners"}, {"layer": 13, "name": "Alcoholic Beverages"}, {"layer": 13, "name": "Vegetable Oils", "fill": "#f7b6d2"}, {"layer": 5, "name": "Stimulants"}, {"layer": 13, "name": "Eggs"}, {"layer": 5, "name": "Fruits - Excluding Wine"}, {"layer": 13, "name": "Meat"}, {"layer": 10, "name": "Processing", "fill": "#9edae5"}, {"layer": 5, "name": "Sugar Crops", "fill": "#ffbb78"}, {"layer": 16, "name": "Biofuels & Other", "fill": "#e7ba52"}, {"name": "Waste", "fill": "#c7c7c7"}, {"layer": 2, "name": "Import", "fill": "#aec7e8"}, {"layer": 16, "name": "Export", "fill": "#aec7e8"}, {"layer": 16, "name": "Stock Deposit", "fill": "#c7c7c7"}, {"layer": 0, "name": "Stock Draw", "fill": "#c7c7c7"}, {"name": "Crop Residue", "fill": "#bd9e39"}, {"layer": 2, "name": "Electricity", "fill": "#bcbd22"}, {"layer": 0, "name": "Fossil Fuels", "fill": "#c49c94"}, {"layer": 0, "name": "Renewables & Nuclear", "fill": "#2ca02c"}, {"layer": 2, "name": "Fertilizers", "fill": "#c5b0d5"}, {"layer": 0, "name": "Labor", "fill": "#7f7f7f"}], "links": [{"source": 0, "prod": 36.0, "target": 1, "value": 0.12575653071737491, "supply": [{"l": "Maize", "v": 0.10715690482149265}, {"l": "Millet", "v": 0.018599625895882262}]}, {"source": 2, "prod": 50.0, "target": 1, "value": 0.050278094688752183, "supply": [{"l": "Pelagic Fish", "v": 0.030613100903004811}, {"l": "Fish, Seafood", "v": 0.019664993785747372}]}, {"source": 3, "prod": 1.0, "target": 1, "value": 0.0085447195220410624, "supply": [{"l": "Fish, Body Oil", "v": 0.0085447195220410624}]}, {"source": 4, "prod": 73.0, "target": 5, "value": 0.051849338997348025, "supply": [{"l": "Milk - Excluding Butter", "v": 0.051849338997348025}]}, {"source": 6, "prod": 31.0, "target": 5, "value": 0.1892336581693991, "supply": [{"l": "Groundnuts", "v": 0.1892336581693991}]}, {"source": 7, "prod": 17.0, "target": 5, "value": 0.067010620109967861, "supply": [{"l": "Pulses, Other", "v": 0.067010620109967861}]}, {"source": 8, "prod": 135.0, "target": 5, "value": 0.037787057876234452, "supply": [{"l": "Vegetables, Other", "v": 0.027571068383400468}, {"l": "Tomatoes", "v": 0.003387544465675811}, {"l": "Onions", "v": 0.0068284450271581766}]}, {"source": 3, "prod": 2.0, "target": 5, "value": 0.017089439044082132, "supply": [{"l": "Butter, Ghee", "v": 0.0078611419602777795}, {"l": "Fats, Animals, Raw", "v": 0.0092282970838043505}]}, {"source": 9, "prod": 212.0, "target": 5, "value": 0.26404626884498011, "supply": [{"l": "Potatoes", "v": 0.0050602847585364237}, {"l": "Sweet potatoes", "v": 0.033055457587069674}, {"l": "Cassava", "v": 0.22593052649937401}]}, {"source": 2, "prod": 132.0, "target": 5, "value": 0.1059046662511325, "supply": [{"l": "Freshwater Fish", "v": 0.048304386760848771}, {"l": "Fish, Seafood", "v": 0.051915583594373073}, {"l": "Pelagic Fish", "v": 0.0048980961444807705}, {"l": "Demersal Fish", "v": 0.000786599751429895}]}, {"source": 10, "prod": 51.0, "target": 5, "value": 0.20871653705670379, "supply": [{"l": "Sugar", "v": 0.20201387917478272}, {"l": "Sweeteners, Other", "v": 0.0067026578819210534}]}, {"source": 11, "prod": 448.0, "target": 5, "value": 0.19003222469334446, "supply": [{"l": "Beer", "v": 0.032920537352020406}, {"l": "Wine", "v": 0.00045498423479183367}, {"l": "Beverages, Fermented", "v": 0.15665670310653224}]}, {"source": 0, "prod": 708.0, "target": 5, "value": 2.4912070298069646, "supply": [{"l": "Maize", "v": 2.0859877471917239}, {"l": "Rice", "v": 0.020302253584369566}, {"l": "Wheat", "v": 0.19967624749908044}, {"l": "Oats", "v": 0.0030321547561071431}, {"l": "Sorghum", "v": 0.098510310244213736}, {"l": "Millet", "v": 0.083698316531470182}]}, {"source": 12, "prod": 11.0, "target": 5, "value": 0.1112822355738456, "supply": [{"l": "Groundnut Oil", "v": 0.04158383665518367}, {"l": "Sunflowerseed Oil", "v": 0.050613660159634616}, {"l": "Cottonseed Oil", "v": 0.0090964642683214296}, {"l": "Palmkernel Oil", "v": 0.009988274490705884}]}, {"source": 13, "prod": 2.0, "target": 5, "value": 0.0084900333171, "supply": [{"l": "Cocoa Beans", "v": 0.00424501665855}, {"l": "Tea", "v": 0.00424501665855}]}, {"source": 14, "prod": 10.0, "target": 5, "value": 0.015041397609035431, "supply": [{"l": "Eggs", "v": 0.015041397609035431}]}, {"source": 15, "prod": 51.0, "target": 5, "value": 0.026548947265460573, "supply": [{"l": "Fruits, Other", "v": 0.022392558568545988}, {"l": "Bananas", "v": 0.0015160773780535715}, {"l": "Oranges, Mandarines", "v": 0.00066588496604705891}, {"l": "Apples", "v": 0.0019744263528139534}]}, {"source": 16, "prod": 73.0, "target": 5, "value": 0.14276516138072942, "supply": [{"l": "Mutton & Goat Meat", "v": 0.0056184044010220598}, {"l": "Pigmeat", "v": 0.018297485597198279}, {"l": "Meat, Other", "v": 0.023550442068412586}, {"l": "Bovine Meat", "v": 0.077204402277323905}, {"l": "Poultry Meat", "v": 0.01328874780067826}, {"l": "Offals, Edible", "v": 0.0048056792360943405}]}, {"source": 0, "prod": 66.0, "target": 17, "value": 0.21210454046622107, "supply": [{"l": "Maize", "v": 0.050006555583363241}, {"l": "Barley", "v": 0.025937123309056904}, {"l": "Millet", "v": 0.10229794242735245}, {"l": "Sorghum", "v": 0.03386291914644847}]}, {"source": 18, "prod": 257.0, "target": 17, "value": 0.076559247806831585, "supply": [{"l": "Sugar cane", "v": 0.076559247806831585}]}, {"source": 6, "prod": 2.0, "target": 17, "value": 0.011086020357391011, "supply": [{"l": "Groundnuts", "v": 0.0061043115538515838}, {"l": "Cottonseed", "v": 0.0049817088035394282}]}, {"source": 10, "prod": 2.0, "target": 19, "value": 0.0082454644561135819, "supply": [{"l": "Sugar", "v": 0.0082454644561135819}]}, {"source": 3, "prod": 2.0, "target": 19, "value": 0.018456594167608701, "supply": [{"l": "Fats, Animals, Raw", "v": 0.018456594167608701}]}, {"source": 0, "prod": 31.0, "target": 0, "value": 0.10879798402823415, "supply": [{"l": "Maize", "v": 0.09644121433934337}, {"l": "Sorghum", "v": 0.0061568943902633585}, {"l": "Millet", "v": 0.0061998752986274219}]}, {"source": 14, "prod": 1.0, "target": 14, "value": 0.0015041397609035433, "supply": [{"l": "Eggs", "v": 0.0015041397609035433}]}, {"source": 7, "prod": 2.0, "target": 7, "value": 0.0078836023658785722, "supply": [{"l": "Pulses, Other", "v": 0.0078836023658785722}]}, {"source": 6, "prod": 6.0, "target": 6, "value": 0.036625869323109503, "supply": [{"l": "Groundnuts", "v": 0.036625869323109503}]}, {"source": 9, "prod": 12.0, "target": 20, "value": 0.014858811318334046, "supply": [{"l": "Sweet potatoes", "v": 0.0033055457587069671}, {"l": "Cassava", "v": 0.011553265559627079}]}, {"source": 6, "prod": 5.0, "target": 20, "value": 0.030521557769257916, "supply": [{"l": "Groundnuts", "v": 0.030521557769257916}]}, {"source": 14, "prod": 1.0, "target": 20, "value": 0.0015041397609035433, "supply": [{"l": "Eggs", "v": 0.0015041397609035433}]}, {"source": 4, "prod": 2.0, "target": 20, "value": 0.0014205298355437811, "supply": [{"l": "Milk - Excluding Butter", "v": 0.0014205298355437811}]}, {"source": 7, "prod": 1.0, "target": 20, "value": 0.0039418011829392861, "supply": [{"l": "Pulses, Other", "v": 0.0039418011829392861}]}, {"source": 15, "prod": 5.0, "target": 20, "value": 0.0024880620631717769, "supply": [{"l": "Fruits, Other", "v": 0.0024880620631717769}]}, {"source": 0, "prod": 36.0, "target": 20, "value": 0.12215781055054653, "supply": [{"l": "Maize", "v": 0.078581730202427938}, {"l": "Wheat", "v": 0.0033843431779505156}, {"l": "Sorghum", "v": 0.015392235975658397}, {"l": "Millet", "v": 0.024799501194509688}]}, {"source": 8, "prod": 15.0, "target": 20, "value": 0.0042500730895620271, "supply": [{"l": "Vegetables, Other", "v": 0.0029161706943981267}, {"l": "Onions", "v": 0.00091045933695442364}, {"l": "Tomatoes", "v": 0.00042344305820947637}]}, {"source": 21, "prod": 141.0, "target": 1, "value": 0.14347917736232793, "supply": [{"l": "Pigmeat", "v": 0.0073189942388793118}, {"l": "Fish, Seafood", "v": 0.036970188317205069}, {"l": "Freshwater Fish", "v": 0.013461878277613592}, {"l": "Milk - Excluding Butter", "v": 0.022728477368700498}, {"l": "Meat, Other", "v": 0.0027706402433426577}, {"l": "Pelagic Fish", "v": 0.035511197047485579}, {"l": "Demersal Fish", "v": 0.000786599751429895}, {"l": "Bovine Meat", "v": 0.022058400650663969}, {"l": "Mutton & Goat Meat", "v": 0.001872801467007353}]}, {"source": 21, "prod": 89.0, "target": 0, "value": 0.30729755734214581, "supply": [{"l": "Maize", "v": 0.092869317511960314}, {"l": "Oats", "v": 0.0030321547561071431}, {"l": "Rice", "v": 0.016241802867495655}, {"l": "Wheat", "v": 0.16921715889752581}, {"l": "Barley", "v": 0.025937123309056904}]}, {"source": 21, "prod": 4.0, "target": 7, "value": 0.015767204731757144, "supply": [{"l": "Pulses, Other", "v": 0.015767204731757144}]}, {"source": 21, "prod": 35.0, "target": 17, "value": 0.2147911129696152, "supply": [{"l": "Sugar", "v": 0.070086447876965441}, {"l": "Beer", "v": 0.00049879602048515765}, {"l": "Groundnut Oil", "v": 0.04158383665518367}, {"l": "Butter, Ghee", "v": 0.0078611419602777795}, {"l": "Wine", "v": 0.00045498423479183367}, {"l": "Fats, Animals, Raw", "v": 0.018456594167608701}, {"l": "Sweeteners, Other", "v": 0.0067026578819210534}, {"l": "Fish, Body Oil", "v": 0.0085447195220410624}, {"l": "Palmkernel Oil", "v": 0.009988274490705884}, {"l": "Sunflowerseed Oil", "v": 0.050613660159634616}]}, {"source": 21, "prod": 7.0, "target": 8, "value": 0.0022359914707717542, "supply": [{"l": "Vegetables, Other", "v": 0.0013255321338173304}, {"l": "Onions", "v": 0.00091045933695442364}]}, {"source": 21, "prod": 2.0, "target": 13, "value": 0.0084900333171, "supply": [{"l": "Cocoa Beans", "v": 0.00424501665855}, {"l": "Tea", "v": 0.00424501665855}]}, {"source": 21, "prod": 8.0, "target": 15, "value": 0.005480953381404946, "supply": [{"l": "Fruits, Other", "v": 0.0019904496505374213}, {"l": "Apples", "v": 0.0019744263528139534}, {"l": "Bananas", "v": 0.0015160773780535715}]}, {"source": 21, "prod": 4.0, "target": 9, "value": 0.0033735231723576158, "supply": [{"l": "Potatoes", "v": 0.0033735231723576158}]}, {"source": 0, "prod": 8.0, "target": 22, "value": 0.028575174619064704, "supply": [{"l": "Maize", "v": 0.028575174619064704}]}, {"source": 6, "prod": 4.0, "target": 22, "value": 0.024417246215406335, "supply": [{"l": "Groundnuts", "v": 0.024417246215406335}]}, {"source": 0, "prod": 45.0, "target": 23, "value": 0.15835407088771006, "supply": [{"l": "Maize", "v": 0.14287587309532354}, {"l": "Millet", "v": 0.012399750597254844}, {"l": "Sorghum", "v": 0.0030784471951316793}]}, {"source": 24, "prod": 4.0, "target": 17, "value": 0.016490928912227164, "supply": [{"l": "Sugar", "v": 0.016490928912227164}]}, {"source": 6, "prod": 3.0, "target": 23, "value": 0.014945126410618284, "supply": [{"l": "Cottonseed", "v": 0.014945126410618284}]}, {"source": 24, "prod": 10.0, "target": 0, "value": 0.033843431779505155, "supply": [{"l": "Wheat", "v": 0.033843431779505155}]}, {"source": 1, "prod": 75.0, "target": 4, "value": 0.053269868832891809, "supply": [{"l": "Milk - Excluding Butter", "v": 0.053269868832891809}]}, {"source": 1, "prod": 11.0, "target": 14, "value": 0.016545537369938974, "supply": [{"l": "Eggs", "v": 0.018049677130842517}]}, {"source": 1, "prod": 73.0, "target": 16, "value": 0.14276516138072942, "supply": [{"l": "Pigmeat", "v": 0.018297485597198279}, {"l": "Bovine Meat", "v": 0.077204402277323905}, {"l": "Poultry Meat", "v": 0.01328874780067826}, {"l": "Offals, Edible", "v": 0.0048056792360943405}, {"l": "Meat, Other", "v": 0.023550442068412586}, {"l": "Mutton & Goat Meat", "v": 0.0056184044010220598}]}, {"source": 1, "prod": 182.0, "target": 2, "value": 0.15618276093988467, "supply": [{"l": "Freshwater Fish", "v": 0.048304386760848771}, {"l": "Pelagic Fish", "v": 0.035511197047485579}, {"l": "Demersal Fish", "v": 0.000786599751429895}, {"l": "Fish, Seafood", "v": 0.071580577380120441}]}, {"source": 17, "prod": 53.0, "target": 10, "value": 0.21696200151281736, "supply": [{"l": "Sweeteners, Other", "v": 0.0067026578819210534}, {"l": "Sugar", "v": 0.21025934363089629}]}, {"source": 17, "prod": 11.0, "target": 12, "value": 0.1112822355738456, "supply": [{"l": "Cottonseed Oil", "v": 0.0090964642683214296}, {"l": "Palmkernel Oil", "v": 0.009988274490705884}, {"l": "Groundnut Oil", "v": 0.04158383665518367}, {"l": "Sunflowerseed Oil", "v": 0.050613660159634616}]}, {"source": 17, "prod": 448.0, "target": 11, "value": 0.19003222469334446, "supply": [{"l": "Beer", "v": 0.032920537352020406}, {"l": "Beverages, Fermented", "v": 0.15665670310653224}, {"l": "Wine", "v": 0.00045498423479183367}]}, {"source": 17, "prod": 5.0, "target": 3, "value": 0.044090752733731892, "supply": [{"l": "Fats, Animals, Raw", "v": 0.027684891251413053}, {"l": "Fish, Body Oil", "v": 0.0085447195220410624}, {"l": "Butter, Ghee", "v": 0.0078611419602777795}]}, {"source": 6, "prod": 51.5, "target": 25, "value": 0.21609850410052123, "supply": [{"l": "Sunflower seed", "v": 0.0017433333300000001}, {"l": "Groundnuts", "v": 0.16387333301999998}, {"l": "Cottonseed", "v": 0.013946666640000001}]}, {"source": 8, "prod": 146.5, "target": 25, "value": 0.53816645000160146, "supply": [{"l": "Tomatoes", "v": 0.06275999988}, {"l": "Vegetables, Other", "v": 0.39224999925000004}, {"l": "Onions", "v": 0.055786666559999996}]}, {"source": 18, "prod": 102.80000000000001, "target": 25, "value": 0.030623699122732634, "supply": [{"l": "Sugar cane", "v": 0.030623699122732634}]}, {"source": 9, "prod": 111.25, "target": 25, "value": 0.43927912367607003, "supply": [{"l": "Potatoes", "v": 0.007844999985}, {"l": "Sweet potatoes", "v": 0.057529999890000003}, {"l": "Cassava", "v": 0.32251666605000007}]}, {"source": 7, "prod": 18.0, "target": 25, "value": 0.06275999988, "supply": [{"l": "Pulses, Other", "v": 0.06275999988}]}, {"source": 0, "prod": 1760.0, "target": 25, "value": 6.6129784447669371, "supply": [{"l": "Maize", "v": 4.9684999904999998}, {"l": "Barley", "v": 0.027893333280000002}, {"l": "Rice", "v": 0.017433333299999999}, {"l": "Wheat", "v": 0.20919999960000002}, {"l": "Oats", "v": 0.0034866666600000002}, {"l": "Sorghum", "v": 0.35215333265999993}, {"l": "Millet", "v": 0.55786666560000009}]}, {"source": 26, "prod": 0, "target": 6, "value": 0.00078713700861559352, "supply": "[{\"l\":'Energy for power irrigation',\"v\":0.00078713700861559352}]"}, {"source": 26, "prod": 0, "target": 8, "value": 0.002239137315770572, "supply": "[{\"l\":'Energy for power irrigation',\"v\":0.002239137315770572}]"}, {"source": 26, "prod": 0, "target": 18, "value": 0.0039280429361982045, "supply": "[{\"l\":'Energy for power irrigation',\"v\":0.0039280429361982045}]"}, {"source": 26, "prod": 0, "target": 9, "value": 0.003400737561494554, "supply": "[{\"l\":'Energy for power irrigation',\"v\":0.003400737561494554}]"}, {"source": 26, "prod": 0, "target": 7, "value": 0.00027511584767146957, "supply": "[{\"l\":'Energy for power irrigation',\"v\":0.00027511584767146957}]"}, {"source": 26, "prod": 0, "target": 15, "value": 0.00079477911549535646, "supply": "[{\"l\":'Energy for power irrigation',\"v\":0.00079477911549535646}]"}, {"source": 26, "prod": 0, "target": 0, "value": 0.013450108108382958, "supply": "[{\"l\":'Energy for power irrigation',\"v\":0.013450108108382958}]"}, {"source": 26, "prod": 0, "target": 17, "value": 0.10707443020259783, "supply": "[{\"l\":'Electricity',\"v\":0.10707443020259783}]"}, {"source": 27, "prod": 0, "target": 26, "value": 0.046727462728347435, "supply": [{"l": "Coal", "v": 0.037277261906316153}, {"l": "Natural gas", "v": 0.0}, {"l": "Oil", "v": 0.0094502008220312857}]}, {"source": 28, "prod": 0, "target": 26, "value": 0.11383556385415085, "supply": [{"l": "Nuclear", "v": 0.0}, {"l": "Hydroelectric", "v": 0.11383556385415085}, {"l": "Renewable", "v": 0.0}]}, {"source": 27, "prod": 0, "target": 6, "value": 0.0076420242081999988, "supply": [{"l": "Motor Gasoline", "v": 0.0003891532770144918}, {"l": "Gas-Diesel oil", "v": 0.0027700451471460441}, {"l": "Coal", "v": 0.0016620270882876267}, {"l": "Other fossil fuels", "v": 0.0028207986957518366}]}, {"source": 27, "prod": 0, "target": 8, "value": 0.021738962067986405, "supply": [{"l": "Motor Gasoline", "v": 0.0011070088365557874}, {"l": "Gas-Diesel oil", "v": 0.0078798371661533105}, {"l": "Coal", "v": 0.0047279022996919865}, {"l": "Other fossil fuels", "v": 0.0080242137655853214}]}, {"source": 27, "prod": 0, "target": 18, "value": 0.038135926631211646, "supply": [{"l": "Motor Gasoline", "v": 0.0019419881979169783}, {"l": "Gas-Diesel oil", "v": 0.013823332093524919}, {"l": "Coal", "v": 0.008293999256114952}, {"l": "Other fossil fuels", "v": 0.014076607083654796}]}, {"source": 27, "prod": 0, "target": 9, "value": 0.033016512355815528, "supply": [{"l": "Motor Gasoline", "v": 0.0016812932841888235}, {"l": "Gas-Diesel oil", "v": 0.011967670781359121}, {"l": "Coal", "v": 0.0071806024688154738}, {"l": "Other fossil fuels", "v": 0.012186945821452107}]}, {"source": 27, "prod": 0, "target": 7, "value": 0.0026709987523805823, "supply": [{"l": "Motor Gasoline", "v": 0.0001360147375972981}, {"l": "Gas-Diesel oil", "v": 0.00096817111939085038}, {"l": "Coal", "v": 0.00058090267163451038}, {"l": "Other fossil fuels", "v": 0.00098591022375792343}]}, {"source": 27, "prod": 0, "target": 15, "value": 0.0077162186179883475, "supply": [{"l": "Motor Gasoline", "v": 0.00039293146416997222}, {"l": "Gas-Diesel oil", "v": 0.0027969387893513453}, {"l": "Coal", "v": 0.0016781632736108073}, {"l": "Other fossil fuels", "v": 0.0028481850908562228}]}, {"source": 27, "prod": 0, "target": 0, "value": 0.13058216122749514, "supply": [{"l": "Motor Gasoline", "v": 0.0066496093936456845}, {"l": "Gas-Diesel oil", "v": 0.047332810281330462}, {"l": "Coal", "v": 0.028399686168798281}, {"l": "Other fossil fuels", "v": 0.0482000553837207}]}, {"source": 29, "prod": 0.51892140006140619, "target": 6, "value": 0.006118543566625125, "supply": [{"l": "Potash", "v": 0.00718658056130482}, {"l": "Phosphate", "v": 0.018853333348416001}, {"l": "Nitrogen", "v": 0.16743675013394937}]}, {"source": 29, "prod": 1.4761550506601167, "target": 8, "value": 0.01740517733030254, "supply": [{"l": "Potash", "v": 0.00718658056130482}, {"l": "Phosphate", "v": 0.018853333348416001}, {"l": "Nitrogen", "v": 0.16743675013394937}]}, {"source": 29, "prod": 2.5895689284617744, "target": 18, "value": 0.03053331449752732, "supply": [{"l": "Potash", "v": 0.00718658056130482}, {"l": "Phosphate", "v": 0.018853333348416001}, {"l": "Nitrogen", "v": 0.16743675013394937}]}, {"source": 29, "prod": 2.2419419711390849, "target": 9, "value": 0.026434484341244468, "supply": [{"l": "Potash", "v": 0.00718658056130482}, {"l": "Phosphate", "v": 0.018853333348416001}, {"l": "Nitrogen", "v": 0.16743675013394937}]}, {"source": 29, "prod": 0.18137058642922935, "target": 7, "value": 0.0021385200815388786, "supply": [{"l": "Potash", "v": 0.00718658056130482}, {"l": "Phosphate", "v": 0.018853333348416001}, {"l": "Nitrogen", "v": 0.16743675013394937}]}, {"source": 29, "prod": 0.52395947190666248, "target": 15, "value": 0.0061779469022234263, "supply": [{"l": "Potash", "v": 0.00718658056130482}, {"l": "Phosphate", "v": 0.018853333348416001}, {"l": "Nitrogen", "v": 0.16743675013394937}]}, {"source": 29, "prod": 8.867006447651212, "target": 0, "value": 0.10454987065301184, "supply": [{"l": "Potash", "v": 0.00718658056130482}, {"l": "Phosphate", "v": 0.018853333348416001}, {"l": "Nitrogen", "v": 0.16743675013394937}]}, {"source": 27, "prod": 0, "target": 29, "value": 0.23457615371385754, "supply": [{"l": "Natural gas (including LNG)", "v": 0.15812717380746955}, {"l": "Fuel oil", "v": 0.046850986931438396}, {"l": "Liquefied petroleum gas (LPG)", "v": 0.014798996487474788}, {"l": "Coal", "v": 0.014798996487474788}]}, {"source": 30, "prod": 0, "target": 9, "value": 0.087310397729465028, "supply": "[{\"l\":'Labor',\"v\":0.087310397729465028}]"}, {"source": 30, "prod": 0, "target": 6, "value": 0.02020892351940427, "supply": "[{\"l\":'Labor',\"v\":0.02020892351940427}]"}, {"source": 30, "prod": 0, "target": 8, "value": 0.057487520302771364, "supply": "[{\"l\":'Labor',\"v\":0.057487520302771364}]"}, {"source": 30, "prod": 0, "target": 18, "value": 0.10084841445605625, "supply": "[{\"l\":'Labor',\"v\":0.10084841445605625}]"}, {"source": 30, "prod": 0, "target": 7, "value": 0.0070633130747432393, "supply": "[{\"l\":'Labor',\"v\":0.0070633130747432393}]"}, {"source": 30, "prod": 0, "target": 0, "value": 0.34531752809855837, "supply": "[{\"l\":'Labor',\"v\":0.34531752809855837}]"}, {"source": 30, "prod": 0, "target": 13, "value": 0.00039240628193017998, "supply": "[{\"l\":'Labor',\"v\":0.00039240628193017998}]"}, {"source": 30, "prod": 0, "target": 15, "value": 0.020405126660369356, "supply": "[{\"l\":'Labor',\"v\":0.020405126660369356}]"}, {"source": 27, "prod": 0, "target": 21, "value": 0.28970977020663519, "supply": "[{\"l\":'Fossil Fuels',\"v\":0.28970977020663519}]"}, {"source": 28, "prod": 0, "target": 21, "value": 0.63266036997386232, "supply": "[{\"l\":'Renewables & Nuclear',\"v\":0.052410295116216268},{\"l\":'Biomass & Waste',\"v\":0.58025007485764601}]"}]}