{"nodes": [{"layer": 3, "name": "Vegetables"}, {"layer": 5, "name": "Production", "fill": "#b5cf6b"}, {"layer": 3, "name": "Starchy Roots"}, {"layer": 3, "name": "Pulses"}, {"layer": 3, "name": "Fruits - Excluding Wine"}, {"layer": 3, "name": "Cereals - Excluding Beer"}, {"layer": 3, "name": "Oilcrops", "fill": "#ff9896"}, {"layer": 1, "name": "Electricity", "fill": "#bcbd22"}, {"layer": 0, "name": "Fossil Fuels", "fill": "#c49c94"}, {"layer": 0, "name": "Renewables & Nuclear", "fill": "#2ca02c"}, {"layer": 1, "name": "Fertilizers", "fill": "#c5b0d5"}, {"layer": 0, "name": "Labor", "fill": "#7f7f7f"}], "links": [{"source": 0, "prod": 117.0, "target": 1, "value": 0.031451947137910968, "supply": [{"l": "Tomatoes", "v": 0.0031679228795149263}, {"l": "Vegetables, Other", "v": 0.024266658335478059}, {"l": "Onions", "v": 0.0040173659229179818}]}, {"source": 2, "prod": 178.0, "target": 1, "value": 0.22091527800990551, "supply": [{"l": "Potatoes", "v": 0.0033513289409605267}, {"l": "Sweet potatoes", "v": 0.026202220827358548}, {"l": "Cassava", "v": 0.19136172824158643}]}, {"source": 3, "prod": 10.0, "target": 1, "value": 0.040075332091206291, "supply": [{"l": "Pulses, Other", "v": 0.040075332091206291}]}, {"source": 4, "prod": 43.0, "target": 1, "value": 0.021528504904953269, "supply": [{"l": "Fruits, Other", "v": 0.019029385021086209}, {"l": "Bananas", "v": 0.00096477651330681825}, {"l": "Oranges, Mandarines", "v": 0.001534343370560241}]}, {"source": 5, "prod": 749.0, "target": 1, "value": 2.6229949676776174, "supply": [{"l": "Maize", "v": 2.2853083594009078}, {"l": "Sorghum", "v": 0.12702680567578267}, {"l": "Wheat", "v": 0.0033929973292140319}, {"l": "Millet", "v": 0.20726680527171257}]}, {"source": 6, "prod": 32.0, "target": 1, "value": 0.19597547261606327, "supply": [{"l": "Groundnuts", "v": 0.19597547261606327}]}, {"source": 7, "prod": 0, "target": 6, "value": 0.00024496787980617948, "supply": "[{\"l\":'Energy for power irrigation',\"v\":0.00024496787980617948}]"}, {"source": 7, "prod": 0, "target": 0, "value": 0.00089949143366331531, "supply": "[{\"l\":'Energy for power irrigation',\"v\":0.00089949143366331531}]"}, {"source": 7, "prod": 0, "target": 2, "value": 0.0013702890776658165, "supply": "[{\"l\":'Energy for power irrigation',\"v\":0.0013702890776658165}]"}, {"source": 7, "prod": 0, "target": 3, "value": 8.0380085561402648e-05, "supply": "[{\"l\":'Energy for power irrigation',\"v\":8.0380085561402648e-05}]"}, {"source": 7, "prod": 0, "target": 5, "value": 0.0058409528841285923, "supply": "[{\"l\":'Energy for power irrigation',\"v\":0.0058409528841285923}]"}, {"source": 7, "prod": 0, "target": 4, "value": 0.00034065845785546836, "supply": "[{\"l\":'Energy for power irrigation',\"v\":0.00034065845785546836}]"}, {"source": 8, "prod": 0, "target": 7, "value": 0.0031077595601835817, "supply": [{"l": "Coal", "v": 0.002479243688884076}, {"l": "Natural gas", "v": 0.0}, {"l": "Oil", "v": 0.00062851587129950581}]}, {"source": 9, "prod": 0, "target": 7, "value": 0.0075709987489221723, "supply": [{"l": "Nuclear", "v": 0.0}, {"l": "Hydroelectric", "v": 0.0075709987489221723}, {"l": "Renewable", "v": 0.0}]}, {"source": 8, "prod": 0, "target": 6, "value": 0.006744734553668503, "supply": [{"l": "Motor Gasoline", "v": 0.00034346077461212376}, {"l": "Gas-Diesel oil", "v": 0.0024447997952074425}, {"l": "Coal", "v": 0.0014668798771244659}, {"l": "Other fossil fuels", "v": 0.0024895941067244708}]}, {"source": 8, "prod": 0, "target": 0, "value": 0.024765822189251531, "supply": [{"l": "Motor Gasoline", "v": 0.001261145031778892}, {"l": "Gas-Diesel oil", "v": 0.0089769992480273272}, {"l": "Coal", "v": 0.0053861995488163972}, {"l": "Other fossil fuels", "v": 0.0091414783606289154}]}, {"source": 8, "prod": 0, "target": 2, "value": 0.03772835890958319, "supply": [{"l": "Motor Gasoline", "v": 0.0019212337079865672}, {"l": "Gas-Diesel oil", "v": 0.013675598854441633}, {"l": "Coal", "v": 0.0082053593126649796}, {"l": "Other fossil fuels", "v": 0.01392616703449001}]}, {"source": 8, "prod": 0, "target": 3, "value": 0.0022131160254224773, "supply": [{"l": "Motor Gasoline", "v": 0.00011269806666960312}, {"l": "Gas-Diesel oil", "v": 0.00080219993280244214}, {"l": "Coal", "v": 0.00048131995968146534}, {"l": "Other fossil fuels", "v": 0.00081689806626896702}]}, {"source": 8, "prod": 0, "target": 5, "value": 0.16081976451403335, "supply": [{"l": "Motor Gasoline", "v": 0.0081893928446578265}, {"l": "Gas-Diesel oil", "v": 0.058293195116977461}, {"l": "Coal", "v": 0.034975917070186484}, {"l": "Other fossil fuels", "v": 0.059361259482211604}]}, {"source": 8, "prod": 0, "target": 4, "value": 0.0093793964886952613, "supply": [{"l": "Motor Gasoline", "v": 0.00047762513969498461}, {"l": "Gas-Diesel oil", "v": 0.0033997997152103495}, {"l": "Coal", "v": 0.00203987982912621}, {"l": "Other fossil fuels", "v": 0.0034620918046637172}]}, {"source": 10, "prod": 0.23752289576973398, "target": 6, "value": 0.0027084037430205286, "supply": [{"l": "Potash", "v": 0.0037432777807723996}, {"l": "Phosphate", "v": 0.010731250008584999}, {"l": "Nitrogen", "v": 0.082562500066049982}]}, {"source": 10, "prod": 0.87215438290449188, "target": 0, "value": 0.0099449199939035029, "supply": [{"l": "Potash", "v": 0.0037432777807723996}, {"l": "Phosphate", "v": 0.010731250008584999}, {"l": "Nitrogen", "v": 0.082562500066049982}]}, {"source": 10, "prod": 1.3286436982119494, "target": 2, "value": 0.015150133437521083, "supply": [{"l": "Potash", "v": 0.0037432777807723996}, {"l": "Phosphate", "v": 0.010731250008584999}, {"l": "Nitrogen", "v": 0.082562500066049982}]}, {"source": 10, "prod": 0.077937200174443957, "target": 3, "value": 0.00088869497817861101, "supply": [{"l": "Potash", "v": 0.0037432777807723996}, {"l": "Phosphate", "v": 0.010731250008584999}, {"l": "Nitrogen", "v": 0.082562500066049982}]}, {"source": 10, "prod": 5.6634365460095939, "target": 5, "value": 0.064578501747645733, "supply": [{"l": "Potash", "v": 0.0037432777807723996}, {"l": "Phosphate", "v": 0.010731250008584999}, {"l": "Nitrogen", "v": 0.082562500066049982}]}, {"source": 10, "prod": 0.33030527692978628, "target": 4, "value": 0.0037663739551379227, "supply": [{"l": "Potash", "v": 0.0037432777807723996}, {"l": "Phosphate", "v": 0.010731250008584999}, {"l": "Nitrogen", "v": 0.082562500066049982}]}, {"source": 8, "prod": 0, "target": 10, "value": 0.11773212977865875, "supply": [{"l": "Natural gas (including LNG)", "v": 0.079408652057212328}, {"l": "Fuel oil", "v": 0.02372880662926222}, {"l": "Liquefied petroleum gas (LPG)", "v": 0.007297335546092105}, {"l": "Coal", "v": 0.007297335546092105}]}, {"source": 11, "prod": 0, "target": 6, "value": 0.013764129209801921, "supply": "[{\"l\":'Labor',\"v\":0.013764129209801921}]"}, {"source": 11, "prod": 0, "target": 0, "value": 0.050540161942241424, "supply": "[{\"l\":'Labor',\"v\":0.050540161942241424}]"}, {"source": 11, "prod": 0, "target": 2, "value": 0.076993097767329488, "supply": "[{\"l\":'Labor',\"v\":0.076993097767329488}]"}, {"source": 11, "prod": 0, "target": 3, "value": 0.0045163548969662549, "supply": "[{\"l\":'Labor',\"v\":0.0045163548969662549}]"}, {"source": 11, "prod": 0, "target": 5, "value": 0.32818845584621453, "supply": "[{\"l\":'Labor',\"v\":0.32818845584621453}]"}, {"source": 11, "prod": 0, "target": 4, "value": 0.019140742182380793, "supply": "[{\"l\":'Labor',\"v\":0.019140742182380793}]"}]}