{"nodes": [{"layer": 5, "name": "Cereals - Excluding Beer"}, {"layer": 10, "name": "Feed", "fill": "#dbdb8d"}, {"layer": 13, "name": "Fish, Seafood"}, {"layer": 13, "name": "Milk - Excluding Butter"}, {"layer": 16, "name": "Food", "fill": "#b5cf6b"}, {"layer": 13, "name": "Meat"}, {"layer": 5, "name": "Vegetables"}, {"layer": 13, "name": "Alcoholic Beverages"}, {"layer": 13, "name": "Animal Fats"}, {"layer": 5, "name": "Starchy Roots"}, {"layer": 5, "name": "Pulses"}, {"layer": 13, "name": "Sugar & Sweeteners"}, {"layer": 5, "name": "Fruits - Excluding Wine"}, {"layer": 13, "name": "Vegetable Oils", "fill": "#f7b6d2"}, {"layer": 13, "name": "Eggs"}, {"layer": 5, "name": "Oilcrops", "fill": "#ff9896"}, {"layer": 10, "name": "Processing", "fill": "#9edae5"}, {"layer": 5, "name": "Sugar Crops", "fill": "#ffbb78"}, {"layer": 16, "name": "Biofuels & Other", "fill": "#e7ba52"}, {"name": "Waste", "fill": "#c7c7c7"}, {"layer": 2, "name": "Import", "fill": "#aec7e8"}, {"layer": 16, "name": "Export", "fill": "#aec7e8"}, {"layer": 16, "name": "Stock Deposit", "fill": "#c7c7c7"}, {"layer": 0, "name": "Stock Draw", "fill": "#c7c7c7"}, {"name": "Crop Residue", "fill": "#bd9e39"}, {"layer": 2, "name": "Electricity", "fill": "#bcbd22"}, {"layer": 0, "name": "Fossil Fuels", "fill": "#c49c94"}, {"layer": 0, "name": "Renewables & Nuclear", "fill": "#2ca02c"}, {"layer": 2, "name": "Fertilizers", "fill": "#c5b0d5"}, {"layer": 0, "name": "Labor", "fill": "#7f7f7f"}], "links": [{"source": 0, "prod": 31.0, "target": 1, "value": 0.11015033643117965, "supply": [{"l": "Maize", "v": 0.1071608880800881}, {"l": "Millet", "v": 0.0029894483510915499}]}, {"source": 2, "prod": 2.0, "target": 1, "value": 0.0018774584035501866, "supply": [{"l": "Pelagic Fish", "v": 0.0010780994688380954}, {"l": "Fish, Seafood", "v": 0.00079935893471209116}]}, {"source": 3, "prod": 70.0, "target": 4, "value": 0.046520730504657541, "supply": [{"l": "Milk - Excluding Butter", "v": 0.046520730504657541}]}, {"source": 2, "prod": 138.0, "target": 4, "value": 0.11092421143198074, "supply": [{"l": "Fish, Seafood", "v": 0.055155766495134297}, {"l": "Freshwater Fish", "v": 0.05484561522846601}, {"l": "Marine Fish, Other", "v": 0.00092282970838043483}]}, {"source": 5, "prod": 88.0, "target": 4, "value": 0.15629435469050698, "supply": [{"l": "Pigmeat", "v": 0.020731476704546514}, {"l": "Meat, Other", "v": 0.031949335903823678}, {"l": "Bovine Meat", "v": 0.070566510687584419}, {"l": "Poultry Meat", "v": 0.02322060394420513}, {"l": "Offals, Edible", "v": 0.006288913568222222}, {"l": "Mutton & Goat Meat", "v": 0.0035375138821250002}]}, {"source": 6, "prod": 217.0, "target": 4, "value": 0.058258463277348953, "supply": [{"l": "Tomatoes", "v": 0.005838418326945558}, {"l": "Vegetables, Other", "v": 0.043553870916723011}, {"l": "Onions", "v": 0.0088661740336803806}]}, {"source": 7, "prod": 221.0, "target": 4, "value": 0.093444910770655115, "supply": [{"l": "Beer", "v": 0.031906687032268434}, {"l": "Wine", "v": 0.00044778321791809036}, {"l": "Beverages, Fermented", "v": 0.061090440520468581}]}, {"source": 8, "prod": 2.0, "target": 4, "value": 0.017182210284607147, "supply": [{"l": "Fats, Animals, Raw", "v": 0.010107182520357146}, {"l": "Butter, Ghee", "v": 0.0070750277642500003}]}, {"source": 9, "prod": 387.0, "target": 4, "value": 0.48525198522545282, "supply": [{"l": "Potatoes", "v": 0.0029075456565410963}, {"l": "Sweet potatoes", "v": 0.04398980993316063}, {"l": "Cassava", "v": 0.43835462963575111}]}, {"source": 10, "prod": 4.0, "target": 4, "value": 0.016171492032571427, "supply": [{"l": "Pulses, Other", "v": 0.016171492032571427}]}, {"source": 11, "prod": 118.0, "target": 4, "value": 0.48841097062736627, "supply": [{"l": "Sugar", "v": 0.48841097062736627}]}, {"source": 12, "prod": 81.0, "target": 4, "value": 0.038611315508795194, "supply": [{"l": "Fruits, Other", "v": 0.037626284018965915}, {"l": "Oranges, Mandarines", "v": 0.00098503148982928188}]}, {"source": 0, "prod": 1169.0, "target": 4, "value": 4.1520690193711483, "supply": [{"l": "Maize", "v": 3.7291989051870655}, {"l": "Rice", "v": 0.040705639191575341}, {"l": "Sorghum", "v": 0.02947928235104167}, {"l": "Wheat", "v": 0.33773795088600828}, {"l": "Millet", "v": 0.014947241755457747}]}, {"source": 13, "prod": 18.0, "target": 4, "value": 0.18730834924622952, "supply": [{"l": "Coconut Oil", "v": 0.012128619024428572}, {"l": "Groundnut Oil", "v": 0.010612541646375}, {"l": "Oilcrops Oil, Other", "v": 0.012128619024428572}, {"l": "Soyabean Oil", "v": 0.049941372453529427}, {"l": "Cottonseed Oil", "v": 0.02122508329275}, {"l": "Sunflowerseed Oil", "v": 0.081272113804717952}]}, {"source": 14, "prod": 19.0, "target": 4, "value": 0.026785898472769375, "supply": [{"l": "Eggs", "v": 0.026785898472769375}]}, {"source": 15, "prod": 11.0, "target": 4, "value": 0.047864759786044125, "supply": [{"l": "Soyabeans", "v": 0.010325716196472974}, {"l": "Sunflower seed", "v": 0.018571947881156251}, {"l": "Groundnuts", "v": 0.018967095708414896}]}, {"source": 0, "prod": 42.0, "target": 16, "value": 0.14251630066805396, "supply": [{"l": "Maize", "v": 0.078584651258731264}, {"l": "Barley", "v": 0.037151174597460909}, {"l": "Millet", "v": 0.017936690106549299}, {"l": "Sorghum", "v": 0.0088437847053125015}]}, {"source": 17, "prod": 1207.0, "target": 16, "value": 0.44297421673226373, "supply": [{"l": "Sugar cane", "v": 0.44297421673226373}]}, {"source": 15, "prod": 54.0, "target": 16, "value": 0.20361311501704618, "supply": [{"l": "Sunflower seed", "v": 0.1188604664394}, {"l": "Groundnuts", "v": 0.012644730472276598}, {"l": "Soyabeans", "v": 0.027535243190594593}, {"l": "Cottonseed", "v": 0.044572674914775005}]}, {"source": 8, "prod": 1.0, "target": 18, "value": 0.010107182520357146, "supply": [{"l": "Fats, Animals, Raw", "v": 0.010107182520357146}]}, {"source": 9, "prod": 1.0, "target": 9, "value": 0.0005815091313082192, "supply": [{"l": "Potatoes", "v": 0.0005815091313082192}]}, {"source": 0, "prod": 19.0, "target": 0, "value": 0.067244461083157028, "supply": [{"l": "Maize", "v": 0.064296532848052868}, {"l": "Sorghum", "v": 0.0029479282351041669}]}, {"source": 14, "prod": 1.0, "target": 14, "value": 0.0014097841301457564, "supply": [{"l": "Eggs", "v": 0.0014097841301457564}]}, {"source": 10, "prod": 2.0, "target": 10, "value": 0.0080857460162857137, "supply": [{"l": "Pulses, Other", "v": 0.0080857460162857137}]}, {"source": 15, "prod": 6.0, "target": 15, "value": 0.027229804599794672, "supply": [{"l": "Sunflower seed", "v": 0.00371438957623125}, {"l": "Groundnuts", "v": 0.012644730472276598}, {"l": "Soyabeans", "v": 0.0034419053988243241}, {"l": "Cottonseed", "v": 0.0074287791524625}]}, {"source": 9, "prod": 22.0, "target": 19, "value": 0.027470277289934539, "supply": [{"l": "Sweet potatoes", "v": 0.0043989809933160625}, {"l": "Cassava", "v": 0.023071296296618478}]}, {"source": 15, "prod": 3.0, "target": 19, "value": 0.013751144388600799, "supply": [{"l": "Sunflower seed", "v": 0.0074287791524625}, {"l": "Groundnuts", "v": 0.0063223652361382989}]}, {"source": 14, "prod": 1.0, "target": 19, "value": 0.0014097841301457564, "supply": [{"l": "Eggs", "v": 0.0014097841301457564}]}, {"source": 3, "prod": 3.0, "target": 19, "value": 0.001993745593056752, "supply": [{"l": "Milk - Excluding Butter", "v": 0.001993745593056752}]}, {"source": 12, "prod": 9.0, "target": 19, "value": 0.0043414943098806823, "supply": [{"l": "Fruits, Other", "v": 0.0043414943098806823}]}, {"source": 0, "prod": 44.0, "target": 19, "value": 0.15436663709155649, "supply": [{"l": "Maize", "v": 0.13573712490144491}, {"l": "Wheat", "v": 0.0067547590177201655}, {"l": "Sorghum", "v": 0.0058958564702083337}, {"l": "Millet", "v": 0.0059788967021830999}]}, {"source": 6, "prod": 24.0, "target": 19, "value": 0.0063751371028588659, "supply": [{"l": "Vegetables, Other", "v": 0.0048393189907470005}, {"l": "Onions", "v": 0.00080601582124367093}, {"l": "Tomatoes", "v": 0.00072980229086819475}]}, {"source": 20, "prod": 209.0, "target": 0, "value": 0.73325638277788729, "supply": [{"l": "Maize", "v": 0.46436384834704841}, {"l": "Wheat", "v": 0.22628442709362553}, {"l": "Barley", "v": 0.030396415579740745}, {"l": "Rice", "v": 0.012211691757472602}]}, {"source": 20, "prod": 1.0, "target": 10, "value": 0.0040428730081428568, "supply": [{"l": "Pulses, Other", "v": 0.0040428730081428568}]}, {"source": 20, "prod": 9.0, "target": 16, "value": 0.081959237543857172, "supply": [{"l": "Soyabean Oil", "v": 0.029964823472117649}, {"l": "Fats, Animals, Raw", "v": 0.020214365040714291}, {"l": "Coconut Oil", "v": 0.012128619024428572}, {"l": "Oilcrops Oil, Other", "v": 0.012128619024428572}, {"l": "Butter, Ghee", "v": 0.0070750277642500003}, {"l": "Wine", "v": 0.00044778321791809036}]}, {"source": 20, "prod": 10.0, "target": 1, "value": 0.0074523611623963752, "supply": [{"l": "Pelagic Fish", "v": 0.0010780994688380954}, {"l": "Milk - Excluding Butter", "v": 0.0046520730504657536}, {"l": "Marine Fish, Other", "v": 0.00092282970838043483}, {"l": "Fish, Seafood", "v": 0.00079935893471209116}]}, {"source": 0, "prod": 1.0, "target": 21, "value": 0.003572029602669603, "supply": [{"l": "Maize", "v": 0.003572029602669603}]}, {"source": 15, "prod": 9.0, "target": 21, "value": 0.032612053653860475, "supply": [{"l": "Soyabeans", "v": 0.010325716196472974}, {"l": "Sunflower seed", "v": 0.00371438957623125}, {"l": "Cottonseed", "v": 0.018571947881156251}]}, {"source": 11, "prod": 9.0, "target": 21, "value": 0.037251684200392342, "supply": [{"l": "Sugar", "v": 0.037251684200392342}]}, {"source": 0, "prod": 109.0, "target": 22, "value": 0.38394191496283475, "supply": [{"l": "Maize", "v": 0.35720296026696036}, {"l": "Millet", "v": 0.014947241755457747}, {"l": "Sorghum", "v": 0.011791712940416667}]}, {"source": 11, "prod": 16.0, "target": 22, "value": 0.066225216356253058, "supply": [{"l": "Sugar", "v": 0.066225216356253058}]}, {"source": 15, "prod": 3.0, "target": 22, "value": 0.016359120048507848, "supply": [{"l": "Sunflower seed", "v": 0.00371438957623125}, {"l": "Groundnuts", "v": 0.012644730472276598}]}, {"source": 23, "prod": 18.0, "target": 0, "value": 0.060792831159481489, "supply": [{"l": "Wheat", "v": 0.060792831159481489}]}, {"source": 1, "prod": 73.0, "target": 3, "value": 0.048514476097714296, "supply": [{"l": "Milk - Excluding Butter", "v": 0.048514476097714296}]}, {"source": 1, "prod": 20.0, "target": 14, "value": 0.028195682602915131, "supply": [{"l": "Eggs", "v": 0.029605466733060887}]}, {"source": 1, "prod": 88.0, "target": 5, "value": 0.15629435469050698, "supply": [{"l": "Pigmeat", "v": 0.020731476704546514}, {"l": "Bovine Meat", "v": 0.070566510687584419}, {"l": "Poultry Meat", "v": 0.02322060394420513}, {"l": "Offals, Edible", "v": 0.006288913568222222}, {"l": "Meat, Other", "v": 0.031949335903823678}, {"l": "Mutton & Goat Meat", "v": 0.0035375138821250002}]}, {"source": 1, "prod": 140.0, "target": 2, "value": 0.11280166983553093, "supply": [{"l": "Freshwater Fish", "v": 0.05484561522846601}, {"l": "Pelagic Fish", "v": 0.0010780994688380954}, {"l": "Marine Fish, Other", "v": 0.00092282970838043483}, {"l": "Fish, Seafood", "v": 0.055955125429846389}]}, {"source": 16, "prod": 143.0, "target": 11, "value": 0.59188787118401165, "supply": [{"l": "Sugar", "v": 0.59188787118401165}]}, {"source": 16, "prod": 18.0, "target": 13, "value": 0.18730834924622952, "supply": [{"l": "Soyabean Oil", "v": 0.049941372453529427}, {"l": "Coconut Oil", "v": 0.012128619024428572}, {"l": "Groundnut Oil", "v": 0.010612541646375}, {"l": "Cottonseed Oil", "v": 0.02122508329275}, {"l": "Oilcrops Oil, Other", "v": 0.012128619024428572}, {"l": "Sunflowerseed Oil", "v": 0.081272113804717952}]}, {"source": 16, "prod": 3.0, "target": 8, "value": 0.027289392804964292, "supply": [{"l": "Fats, Animals, Raw", "v": 0.020214365040714291}, {"l": "Butter, Ghee", "v": 0.0070750277642500003}]}, {"source": 16, "prod": 221.0, "target": 7, "value": 0.093444910770655115, "supply": [{"l": "Beer", "v": 0.031906687032268434}, {"l": "Beverages, Fermented", "v": 0.061090440520468581}, {"l": "Wine", "v": 0.00044778321791809036}]}, {"source": 15, "prod": 86.0, "target": 24, "value": 0.3204975042476777, "supply": [{"l": "Sunflower seed", "v": 0.14643999971999999}, {"l": "Cottonseed", "v": 0.066246666540000013}, {"l": "Groundnuts", "v": 0.034866666599999999}, {"l": "Soyabeans", "v": 0.052299999900000005}]}, {"source": 6, "prod": 241.0, "target": 24, "value": 0.88478576838066825, "supply": [{"l": "Tomatoes", "v": 0.09413999982}, {"l": "Vegetables, Other", "v": 0.66246666539999999}, {"l": "Onions", "v": 0.083679999839999991}]}, {"source": 17, "prod": 482.80000000000001, "target": 24, "value": 0.1771896866929055, "supply": [{"l": "Sugar cane", "v": 0.1771896866929055}]}, {"source": 9, "prod": 205.0, "target": 24, "value": 0.8136971493044125, "supply": [{"l": "Potatoes", "v": 0.010459999980000002}, {"l": "Sweet potatoes", "v": 0.076706666520000008}, {"l": "Cassava", "v": 0.62759999879999995}]}, {"source": 10, "prod": 6.0, "target": 24, "value": 0.020919999959999998, "supply": [{"l": "Pulses, Other", "v": 0.020919999959999998}]}, {"source": 0, "prod": 2602.0, "target": 24, "value": 9.5287729418797227, "supply": [{"l": "Maize", "v": 8.2808333175000008}, {"l": "Barley", "v": 0.045326666580000008}, {"l": "Rice", "v": 0.059273333219999995}, {"l": "Wheat", "v": 0.41491333254000007}, {"l": "Sorghum", "v": 0.13946666640000002}, {"l": "Millet", "v": 0.13249333308000003}]}, {"source": 25, "prod": 0, "target": 15, "value": 0.00074902718910125352, "supply": "[{\"l\":'Energy for power irrigation',\"v\":0.00074902718910125352}]"}, {"source": 25, "prod": 0, "target": 6, "value": 0.0020990180531790942, "supply": "[{\"l\":'Energy for power irrigation',\"v\":0.0020990180531790942}]"}, {"source": 25, "prod": 0, "target": 17, "value": 0.010512509502851314, "supply": "[{\"l\":'Energy for power irrigation',\"v\":0.010512509502851314}]"}, {"source": 25, "prod": 0, "target": 9, "value": 0.0035709435759478363, "supply": "[{\"l\":'Energy for power irrigation',\"v\":0.0035709435759478363}]"}, {"source": 25, "prod": 0, "target": 10, "value": 5.2257710867529315e-05, "supply": "[{\"l\":'Energy for power irrigation',\"v\":5.2257710867529315e-05}]"}, {"source": 25, "prod": 0, "target": 0, "value": 0.01133121363977594, "supply": "[{\"l\":'Energy for power irrigation',\"v\":0.01133121363977594}]"}, {"source": 25, "prod": 0, "target": 12, "value": 0.00078822047225190052, "supply": "[{\"l\":'Energy for power irrigation',\"v\":0.00078822047225190052}]"}, {"source": 25, "prod": 0, "target": 16, "value": 0.12519745563557289, "supply": "[{\"l\":'Electricity',\"v\":0.12519745563557289}]"}, {"source": 26, "prod": 0, "target": 25, "value": 0.0034305713091794666, "supply": [{"l": "Coal", "v": 0.0014144127640016617}, {"l": "Natural gas", "v": 0.0}, {"l": "Oil", "v": 0.0020161585451778049}]}, {"source": 27, "prod": 0, "target": 25, "value": 0.15298288455441955, "supply": [{"l": "Nuclear", "v": 0.0}, {"l": "Hydroelectric", "v": 0.15298288455441955}, {"l": "Renewable", "v": 0.0}]}, {"source": 26, "prod": 0, "target": 15, "value": 0.010470669186886781, "supply": [{"l": "Motor Gasoline", "v": 0.00031670740045620222}, {"l": "Gas-Diesel oil", "v": 0.0022543656947446749}, {"l": "Coal", "v": 0.0013526194168468053}, {"l": "Other fossil fuels", "v": 0.006546976674839099}]}, {"source": 26, "prod": 0, "target": 6, "value": 0.029342224116740867, "supply": [{"l": "Motor Gasoline", "v": 0.00088751725011563653}, {"l": "Gas-Diesel oil", "v": 0.0063174666562031013}, {"l": "Coal", "v": 0.0037904799937218616}, {"l": "Other fossil fuels", "v": 0.018346760216700266}]}, {"source": 26, "prod": 0, "target": 17, "value": 0.14695462451828309, "supply": [{"l": "Motor Gasoline", "v": 0.0044449515389608845}, {"l": "Gas-Diesel oil", "v": 0.031639760390195615}, {"l": "Coal", "v": 0.018983856234117372}, {"l": "Other fossil fuels", "v": 0.091886056355009224}]}, {"source": 26, "prod": 0, "target": 9, "value": 0.049918306588646287, "supply": [{"l": "Motor Gasoline", "v": 0.0015098841184539873}, {"l": "Gas-Diesel oil", "v": 0.010747557381922289}, {"l": "Coal", "v": 0.006448534429153374}, {"l": "Other fossil fuels", "v": 0.031212330659116636}]}, {"source": 26, "prod": 0, "target": 10, "value": 0.00073051180373628715, "supply": [{"l": "Motor Gasoline", "v": 2.2095865148107133e-05}, {"l": "Gas-Diesel oil", "v": 0.00015728132754032619}, {"l": "Coal", "v": 9.4368796524195724e-05}, {"l": "Other fossil fuels", "v": 0.00045676581452365808}]}, {"source": 26, "prod": 0, "target": 0, "value": 0.15839930944348493, "supply": [{"l": "Motor Gasoline", "v": 0.0047911200929478962}, {"l": "Gas-Diesel oil", "v": 0.034103834521660728}, {"l": "Coal", "v": 0.020462300712996439}, {"l": "Other fossil fuels", "v": 0.099042054115879866}]}, {"source": 26, "prod": 0, "target": 12, "value": 0.011018553039688997, "supply": [{"l": "Motor Gasoline", "v": 0.00033327929931728257}, {"l": "Gas-Diesel oil", "v": 0.0023723266903999196}, {"l": "Coal", "v": 0.001423396014239952}, {"l": "Other fossil fuels", "v": 0.0068895510357318427}]}, {"source": 28, "prod": 2.0628418374981292, "target": 15, "value": 0.027752301325674991, "supply": [{"l": "Potash", "v": 0.020767500016614}, {"l": "Phosphate", "v": 0.078695833396289994}, {"l": "Nitrogen", "v": 0.97884265356085176}]}, {"source": 28, "prod": 5.7807544515935954, "target": 6, "value": 0.077770983947531083, "supply": [{"l": "Potash", "v": 0.020767500016614}, {"l": "Phosphate", "v": 0.078695833396289994}, {"l": "Nitrogen", "v": 0.97884265356085176}]}, {"source": 28, "prod": 28.951745323956306, "target": 17, "value": 0.38950032209406649, "supply": [{"l": "Potash", "v": 0.020767500016614}, {"l": "Phosphate", "v": 0.078695833396289994}, {"l": "Nitrogen", "v": 0.97884265356085176}]}, {"source": 28, "prod": 9.8344785276073612, "target": 9, "value": 0.13230748306426451, "supply": [{"l": "Potash", "v": 0.020767500016614}, {"l": "Phosphate", "v": 0.078695833396289994}, {"l": "Nitrogen", "v": 0.97884265356085176}]}, {"source": 28, "prod": 0.14391919796498578, "target": 10, "value": 0.0019362070692331391, "supply": [{"l": "Potash", "v": 0.020767500016614}, {"l": "Phosphate", "v": 0.078695833396289994}, {"l": "Nitrogen", "v": 0.97884265356085176}]}, {"source": 28, "prod": 31.20647942540775, "target": 0, "value": 0.41983423284538562, "supply": [{"l": "Potash", "v": 0.020767500016614}, {"l": "Phosphate", "v": 0.078695833396289994}, {"l": "Nitrogen", "v": 0.97884265356085176}]}, {"source": 28, "prod": 2.1707812359718686, "target": 12, "value": 0.029204456627599847, "supply": [{"l": "Potash", "v": 0.020767500016614}, {"l": "Phosphate", "v": 0.078695833396289994}, {"l": "Nitrogen", "v": 0.97884265356085176}]}, {"source": 26, "prod": 0, "target": 28, "value": 1.2885413159078909, "supply": [{"l": "Natural gas (including LNG)", "v": 0.87412060422429794}, {"l": "Fuel oil", "v": 0.24138953447489964}, {"l": "Liquefied petroleum gas (LPG)", "v": 0.086515588604346647}, {"l": "Coal", "v": 0.086515588604346647}]}, {"source": 29, "prod": 0, "target": 9, "value": 0.12214615025790582, "supply": "[{\"l\":'Labor',\"v\":0.12214615025790582}]"}, {"source": 29, "prod": 0, "target": 6, "value": 0.071798102956476345, "supply": "[{\"l\":'Labor',\"v\":0.071798102956476345}]"}, {"source": 29, "prod": 0, "target": 17, "value": 0.35958634966168862, "supply": "[{\"l\":'Labor',\"v\":0.35958634966168862}]"}, {"source": 29, "prod": 0, "target": 10, "value": 0.001787504637920573, "supply": "[{\"l\":'Labor',\"v\":0.001787504637920573}]"}, {"source": 29, "prod": 0, "target": 0, "value": 0.38759058898911092, "supply": "[{\"l\":'Labor',\"v\":0.38759058898911092}]"}, {"source": 29, "prod": 0, "target": 12, "value": 0.026961528288635309, "supply": "[{\"l\":'Labor',\"v\":0.026961528288635309}]"}, {"source": 29, "prod": 0, "target": 15, "value": 0.025620899810194879, "supply": "[{\"l\":'Labor',\"v\":0.025620899810194879}]"}, {"source": 26, "prod": 0, "target": 20, "value": 0.22057036761763335, "supply": "[{\"l\":'Fossil Fuels',\"v\":0.22057036761763335}]"}, {"source": 27, "prod": 0, "target": 20, "value": 1.0498367503686523, "supply": "[{\"l\":'Renewables & Nuclear',\"v\":0.2104826332420025},{\"l\":'Biomass & Waste',\"v\":0.83935411712664976}]"}]}