{"nodes": [{"layer": 3, "name": "Cereals", "fill": "#e7ba52"}, {"layer": 5, "name": "Production", "fill": "#b5cf6b"}, {"layer": 3, "name": "Oilcrops", "fill": "#ff9896"}, {"layer": 3, "name": "Sugar Crops", "fill": "#ffbb78"}, {"layer": 3, "name": "Starchy Roots"}, {"layer": 3, "name": "Fruits & Vegetables"}, {"layer": 1, "name": "Electricity", "fill": "#bcbd22"}, {"layer": 0, "name": "Fossil Fuels", "fill": "#c49c94"}, {"layer": 0, "name": "Renewables & Nuclear", "fill": "#2ca02c"}, {"layer": 1, "name": "Fertilizers", "fill": "#c5b0d5"}, {"layer": 0, "name": "Labor", "fill": "#7f7f7f"}], "links": [{"source": 0, "prod": 936.0, "target": 1, "value": 3.3213600678663062, "supply": [{"l": "Maize", "v": 3.1357188318226936}, {"l": "Rice", "v": 0.0041617810377941175}, {"l": "Sorghum", "v": 0.061479551606586212}, {"l": "Wheat", "v": 0.024627282436214482}, {"l": "Millet", "v": 0.095372620963017629}]}, {"source": 2, "prod": 38.0, "target": 1, "value": 0.18232763344142588, "supply": [{"l": "Soyabeans", "v": 0.0036913188335217393}, {"l": "Sunflower seed", "v": 0.05255734910585716}, {"l": "Cottonseed", "v": 0.034803863287490688}, {"l": "Groundnuts", "v": 0.091275102214556314}]}, {"source": 3, "prod": 888.0, "target": 1, "value": 0.23933808208205717, "supply": [{"l": "Sugar cane", "v": 0.23933808208205717}]}, {"source": 4, "prod": 339.0, "target": 1, "value": 0.42468546194336809, "supply": [{"l": "Potatoes", "v": 0.0024257238048857148}, {"l": "Sweet potatoes", "v": 0.045386970563113221}, {"l": "Cassava", "v": 0.37687276757536914}]}, {"source": 5, "prod": 281.0, "target": 1, "value": 0.11911545272161769, "supply": [{"l": "Fruits, Other", "v": 0.031955106949970481}, {"l": "Pulses, Other", "v": 0.033058536809946908}, {"l": "Tomatoes", "v": 0.0053340523458219906}, {"l": "Vegetables, Other", "v": 0.039749859663229949}, {"l": "Oranges, Mandarines", "v": 0.0010084315591578055}, {"l": "Onions", "v": 0.0080094653934905669}]}, {"source": 6, "prod": 0, "target": 4, "value": 0.005572243662081134, "supply": "[{\"l\":'Energy for power irrigation',\"v\":0.005572243662081134}]"}, {"source": 6, "prod": 0, "target": 3, "value": 0.01459631968120368, "supply": "[{\"l\":'Energy for power irrigation',\"v\":0.01459631968120368}]"}, {"source": 6, "prod": 0, "target": 5, "value": 0.0046270990881293198, "supply": "[{\"l\":'Energy for power irrigation',\"v\":0.0046270990881293198}]"}, {"source": 6, "prod": 0, "target": 0, "value": 0.017744062044886683, "supply": "[{\"l\":'Energy for power irrigation',\"v\":0.017744062044886683}]"}, {"source": 6, "prod": 0, "target": 2, "value": 0.00078077160456889059, "supply": "[{\"l\":'Energy for power irrigation',\"v\":0.00078077160456889059}]"}, {"source": 7, "prod": 0, "target": 6, "value": 0.0011380273300460398, "supply": [{"l": "Coal", "v": 0.00055537292647794725}, {"l": "Natural gas", "v": 0.0}, {"l": "Oil", "v": 0.00058265440356809262}]}, {"source": 8, "prod": 0, "target": 6, "value": 0.042890710614656574, "supply": [{"l": "Nuclear", "v": 0.0}, {"l": "Hydroelectric", "v": 0.042890710614656574}, {"l": "Renewable", "v": 0.0}]}, {"source": 7, "prod": 0, "target": 4, "value": 0.048455078997935143, "supply": [{"l": "Motor Gasoline", "v": 0.0015825429957020481}, {"l": "Gas-Diesel oil", "v": 0.011264753001761758}, {"l": "Coal", "v": 0.0067588518010570564}, {"l": "Other fossil fuels", "v": 0.028848931199414285}]}, {"source": 7, "prod": 0, "target": 3, "value": 0.1269265786140602, "supply": [{"l": "Motor Gasoline", "v": 0.0041454223604230648}, {"l": "Gas-Diesel oil", "v": 0.029507671579836112}, {"l": "Coal", "v": 0.01770460294790167}, {"l": "Other fossil fuels", "v": 0.075568881725899373}]}, {"source": 7, "prod": 0, "target": 5, "value": 0.040236297162002194, "supply": [{"l": "Motor Gasoline", "v": 0.001314117561327807}, {"l": "Gas-Diesel oil", "v": 0.0093540648082475961}, {"l": "Coal", "v": 0.0056124388849485589}, {"l": "Other fossil fuels", "v": 0.023955675907478234}]}, {"source": 7, "prod": 0, "target": 0, "value": 0.15429869551112388, "supply": [{"l": "Motor Gasoline", "v": 0.005039395763599885}, {"l": "Gas-Diesel oil", "v": 0.035871093998235452}, {"l": "Coal", "v": 0.021522656398941277}, {"l": "Other fossil fuels", "v": 0.09186554935034727}]}, {"source": 7, "prod": 0, "target": 2, "value": 0.0067894284731620045, "supply": [{"l": "Motor Gasoline", "v": 0.00022174275013524275}, {"l": "Gas-Diesel oil", "v": 0.0015783945946421345}, {"l": "Coal", "v": 0.00094703675678528077}, {"l": "Other fossil fuels", "v": 0.0040422543715993471}]}, {"source": 9, "prod": 7.4223767071320177, "target": 4, "value": 0.099608365864335122, "supply": [{"l": "Potash", "v": 0.012563055565606}, {"l": "Phosphate", "v": 0.061622625049298094}, {"l": "Nitrogen", "v": 0.70035016722694665}]}, {"source": 9, "prod": 19.442685887708649, "target": 3, "value": 0.26092102916675397, "supply": [{"l": "Potash", "v": 0.012563055565606}, {"l": "Phosphate", "v": 0.061622625049298094}, {"l": "Nitrogen", "v": 0.70035016722694665}]}, {"source": 9, "prod": 6.1634190060698026, "target": 5, "value": 0.082713141565812207, "supply": [{"l": "Potash", "v": 0.012563055565606}, {"l": "Phosphate", "v": 0.061622625049298094}, {"l": "Nitrogen", "v": 0.70035016722694665}]}, {"source": 9, "prod": 23.63556240515933, "target": 0, "value": 0.31718947183053031, "supply": [{"l": "Potash", "v": 0.012563055565606}, {"l": "Phosphate", "v": 0.061622625049298094}, {"l": "Nitrogen", "v": 0.70035016722694665}]}, {"source": 9, "prod": 1.040008535660091, "target": 2, "value": 0.013956924420518935, "supply": [{"l": "Potash", "v": 0.012563055565606}, {"l": "Phosphate", "v": 0.061622625049298094}, {"l": "Nitrogen", "v": 0.70035016722694665}]}, {"source": 7, "prod": 0, "target": 9, "value": 0.92283669932840484, "supply": [{"l": "Natural gas (including LNG)", "v": 0.6273739085225819}, {"l": "Fuel oil", "v": 0.17166106082118832}, {"l": "Liquefied petroleum gas (LPG)", "v": 0.061900864992317291}, {"l": "Coal", "v": 0.061900864992317291}]}, {"source": 10, "prod": 0, "target": 4, "value": 0.11681775988547322, "supply": "[{\"l\":'Labor',\"v\":0.11681775988547322}]"}, {"source": 10, "prod": 0, "target": 3, "value": 0.30600050377079713, "supply": "[{\"l\":'Labor',\"v\":0.30600050377079713}]"}, {"source": 10, "prod": 0, "target": 5, "value": 0.097003538075990312, "supply": "[{\"l\":'Labor',\"v\":0.097003538075990312}]"}, {"source": 10, "prod": 0, "target": 0, "value": 0.37199047727542284, "supply": "[{\"l\":'Labor',\"v\":0.37199047727542284}]"}, {"source": 10, "prod": 0, "target": 2, "value": 0.016368270190442413, "supply": "[{\"l\":'Labor',\"v\":0.016368270190442413}]"}]}