{"nodes": [{"name": "Balance", "fill": "#9edae5"}, {"name": "Food", "fill": "#b5cf6b"}, {"name": "Stock Deposit", "fill": "#c7c7c7"}, {"name": "Biofuels & Other", "fill": "#e7ba52"}, {"name": "Renewables & Nuclear", "fill": "#2ca02c"}, {"name": "Fossil Fuels", "fill": "#c49c94"}, {"name": "Stock Draw", "fill": "#c7c7c7"}, {"name": "Labor", "fill": "#7f7f7f"}], "links": [{"source": 0, "target": 1, "value": 5.6595486816344138}, {"source": 0, "target": 2, "value": 0.90470239885230752}, {"source": 0, "target": 3, "value": 0.021225083292750004}, {"source": 4, "target": 0, "value": 1.7884438759734902}, {"source": 5, "target": 0, "value": 2.0774720334286565}, {"source": 6, "target": 0, "value": 0.012375259125995221}, {"source": 7, "target": 0, "value": 0.92900406665370183}]}