{"nodes": [{"layer": 5, "name": "Cereals, Other"}, {"layer": 16, "name": "Food", "fill": "#b5cf6b"}, {"layer": 5, "name": "Vegetables, Other"}, {"layer": 5, "name": "Wheat"}, {"layer": 5, "name": "Coconuts - Incl Copra"}, {"layer": 5, "name": "Treenuts"}, {"layer": 5, "name": "Fruits, Other"}, {"layer": 13, "name": "Coconut Oil"}, {"layer": 5, "name": "Roots, Other"}, {"layer": 5, "name": "Nuts"}, {"layer": 13, "name": "Sugar", "fill": "#d6616b"}, {"layer": 13, "name": "Marine Fish, Other"}, {"layer": 13, "name": "Fish, Seafood"}, {"layer": 5, "name": "Rice"}, {"layer": 10, "name": "Processing", "fill": "#9edae5"}, {"layer": 2, "name": "Import", "fill": "#aec7e8"}, {"layer": 13, "name": "Pelagic Fish"}, {"layer": 16, "name": "Export", "fill": "#aec7e8"}, {"layer": 10, "name": "Feed", "fill": "#dbdb8d"}, {"name": "Crop Residue", "fill": "#bd9e39"}, {"layer": 2, "name": "Electricity", "fill": "#bcbd22"}, {"layer": 0, "name": "Fossil Fuels", "fill": "#c49c94"}, {"layer": 0, "name": "Renewables & Nuclear", "fill": "#2ca02c"}, {"layer": 5, "name": "Bananas"}, {"layer": 2, "name": "Fertilizers", "fill": "#c5b0d5"}, {"layer": 0, "name": "Labor", "fill": "#7f7f7f"}], "links": [{"source": 0, "prod": 4.0, "target": 1, "value": 0.010150929057085494, "supply": [{"l": "Cereals, Other", "v": 0.010150929057085494}]}, {"source": 2, "prod": 7.0, "target": 1, "value": 0.0017734486040361405, "supply": [{"l": "Vegetables, Other", "v": 0.0017734486040361405}]}, {"source": 3, "prod": 1.0, "target": 1, "value": 0.003058294021245998, "supply": [{"l": "Wheat", "v": 0.003058294021245998}]}, {"source": 4, "prod": 1.0, "target": 1, "value": 0.0017515845435764562, "supply": [{"l": "Coconuts - Incl Copra", "v": 0.0017515845435764562}]}, {"source": 5, "prod": 1.0, "target": 1, "value": 0.0014291684837702456, "supply": [{"l": "Treenuts", "v": 0.0014291684837702456}]}, {"source": 6, "prod": 4.0, "target": 1, "value": 0.0020101750193690809, "supply": [{"l": "Fruits, Other", "v": 0.0020101750193690809}]}, {"source": 7, "prod": 1.0, "target": 1, "value": 0.010278813921646226, "supply": [{"l": "Coconut Oil", "v": 0.010278813921646226}]}, {"source": 8, "prod": 4.0, "target": 1, "value": 0.0042050132142550959, "supply": [{"l": "Roots, Other", "v": 0.0042050132142550959}]}, {"source": 9, "prod": 1.0, "target": 1, "value": 0.0019682408065958648, "supply": [{"l": "Nuts", "v": 0.0019682408065958648}]}, {"source": 10, "prod": 3.0, "target": 1, "value": 0.012440043236052191, "supply": [{"l": "Sugar", "v": 0.012440043236052191}]}, {"source": 11, "prod": 1.0, "target": 1, "value": 0.00073389732950363972, "supply": [{"l": "Marine Fish, Other", "v": 0.00073389732950363972}]}, {"source": 12, "prod": 1.0, "target": 1, "value": 0.00092702820568880799, "supply": [{"l": "Fish, Seafood", "v": 0.00092702820568880799}]}, {"source": 13, "prod": 3.0, "target": 1, "value": 0.01246945508396978, "supply": [{"l": "Rice", "v": 0.01246945508396978}]}, {"source": 4, "prod": 5.0, "target": 14, "value": 0.0087579227178822827, "supply": [{"l": "Coconuts - Incl Copra", "v": 0.0087579227178822827}]}, {"source": 15, "prod": 4.0, "target": 0, "value": 0.010150929057085494, "supply": [{"l": "Cereals, Other", "v": 0.010150929057085494}]}, {"source": 15, "prod": 3.0, "target": 13, "value": 0.01246945508396978, "supply": [{"l": "Rice", "v": 0.01246945508396978}]}, {"source": 15, "prod": 1.0, "target": 3, "value": 0.003058294021245998, "supply": [{"l": "Wheat", "v": 0.003058294021245998}]}, {"source": 15, "prod": 3.0, "target": 14, "value": 0.012440043236052191, "supply": [{"l": "Sugar", "v": 0.012440043236052191}]}, {"source": 16, "prod": 11.0, "target": 17, "value": 0.010612541646375, "supply": [{"l": "Pelagic Fish", "v": 0.010612541646375}]}, {"source": 12, "prod": 11.0, "target": 17, "value": 0.010197310262576888, "supply": [{"l": "Fish, Seafood", "v": 0.010197310262576888}]}, {"source": 18, "prod": 11.0, "target": 16, "value": 0.010612541646375, "supply": [{"l": "Pelagic Fish", "v": 0.010612541646375}]}, {"source": 18, "prod": 1.0, "target": 11, "value": 0.00073389732950363972, "supply": [{"l": "Marine Fish, Other", "v": 0.00073389732950363972}]}, {"source": 18, "prod": 12.0, "target": 12, "value": 0.011124338468265696, "supply": [{"l": "Fish, Seafood", "v": 0.011124338468265696}]}, {"source": 14, "prod": 1.0, "target": 7, "value": 0.010278813921646226, "supply": [{"l": "Coconut Oil", "v": 0.010278813921646226}]}, {"source": 14, "prod": 3.0, "target": 10, "value": 0.012440043236052191, "supply": [{"l": "Sugar", "v": 0.012440043236052191}]}, {"source": 0, "prod": 4.0, "target": 19, "value": 0.013946666640000001, "supply": [{"l": "Cereals, Other", "v": 0.013946666640000001}]}, {"source": 8, "prod": 2.0, "target": 19, "value": 0.0069733333200000013, "supply": [{"l": "Roots, Other", "v": 0.0069733333200000013}]}, {"source": 3, "prod": 1.0, "target": 19, "value": 0.0034866666600000002, "supply": [{"l": "Wheat", "v": 0.0034866666600000002}]}, {"source": 4, "prod": 6.0, "target": 19, "value": 0.020919999960000001, "supply": [{"l": "Coconuts - Incl Copra", "v": 0.020919999960000001}]}, {"source": 2, "prod": 7.0, "target": 19, "value": 0.024406666619999996, "supply": [{"l": "Vegetables, Other", "v": 0.024406666619999996}]}, {"source": 13, "prod": 3.0, "target": 19, "value": 0.010459999980000002, "supply": [{"l": "Rice", "v": 0.010459999980000002}]}, {"source": 20, "prod": 0, "target": 14, "value": 0.00082928753731509959, "supply": "[{\"l\":'Electricity',\"v\":0.00082928753731509959}]"}, {"source": 21, "prod": 0, "target": 20, "value": 0.0012061859502772261, "supply": [{"l": "Coal", "v": 0.00093484043770287518}, {"l": "Natural gas", "v": 0.00011435973629290263}, {"l": "Oil", "v": 0.00015698577628144817}]}, {"source": 22, "prod": 0, "target": 20, "value": 0.00036120727271174853, "supply": [{"l": "Nuclear", "v": 1.7886661310109339e-05}, {"l": "Hydroelectric", "v": 0.00034332061140163921}, {"l": "Renewable", "v": 0.0}]}, {"source": 21, "prod": 0, "target": 8, "value": 0.0012312173383609737, "supply": [{"l": "Other fossil fuels", "v": 0.0012312173383609737}]}, {"source": 21, "prod": 0, "target": 23, "value": 0.00015390216729512172, "supply": [{"l": "Other fossil fuels", "v": 0.00015390216729512172}]}, {"source": 21, "prod": 0, "target": 4, "value": 0.0018468260075414605, "supply": [{"l": "Other fossil fuels", "v": 0.0018468260075414605}]}, {"source": 21, "prod": 0, "target": 5, "value": 0.00030780433459024343, "supply": [{"l": "Other fossil fuels", "v": 0.00030780433459024343}]}, {"source": 21, "prod": 0, "target": 9, "value": 0.00030780433459024343, "supply": [{"l": "Other fossil fuels", "v": 0.00030780433459024343}]}, {"source": 21, "prod": 0, "target": 2, "value": 0.0021546303421317039, "supply": [{"l": "Other fossil fuels", "v": 0.0021546303421317039}]}, {"source": 21, "prod": 0, "target": 6, "value": 0.0012312173383609737, "supply": [{"l": "Other fossil fuels", "v": 0.0012312173383609737}]}, {"source": 24, "prod": 2.1010992285164098e-05, "target": 8, "value": 2.1406402202838821e-07, "supply": [{"l": "Potash", "v": 1.037238931790176e-07}, {"l": "Phosphate", "v": 1.6074208326859413e-07}, {"l": "Nitrogen", "v": 1.2072241749975574e-06}]}, {"source": 24, "prod": 2.6263740356455123e-06, "target": 23, "value": 2.6758002753548526e-08, "supply": [{"l": "Potash", "v": 1.037238931790176e-07}, {"l": "Phosphate", "v": 1.6074208326859413e-07}, {"l": "Nitrogen", "v": 1.2072241749975574e-06}]}, {"source": 24, "prod": 3.1516488427746146e-05, "target": 4, "value": 3.210960330425823e-07, "supply": [{"l": "Potash", "v": 1.037238931790176e-07}, {"l": "Phosphate", "v": 1.6074208326859413e-07}, {"l": "Nitrogen", "v": 1.2072241749975574e-06}]}, {"source": 24, "prod": 5.2527480712910245e-06, "target": 5, "value": 5.3516005507097052e-08, "supply": [{"l": "Potash", "v": 1.037238931790176e-07}, {"l": "Phosphate", "v": 1.6074208326859413e-07}, {"l": "Nitrogen", "v": 1.2072241749975574e-06}]}, {"source": 24, "prod": 5.2527480712910245e-06, "target": 9, "value": 5.3516005507097052e-08, "supply": [{"l": "Potash", "v": 1.037238931790176e-07}, {"l": "Phosphate", "v": 1.6074208326859413e-07}, {"l": "Nitrogen", "v": 1.2072241749975574e-06}]}, {"source": 24, "prod": 3.6769236499037164e-05, "target": 2, "value": 3.7461203854967936e-07, "supply": [{"l": "Potash", "v": 1.037238931790176e-07}, {"l": "Phosphate", "v": 1.6074208326859413e-07}, {"l": "Nitrogen", "v": 1.2072241749975574e-06}]}, {"source": 24, "prod": 2.1010992285164098e-05, "target": 6, "value": 2.1406402202838821e-07, "supply": [{"l": "Potash", "v": 1.037238931790176e-07}, {"l": "Phosphate", "v": 1.6074208326859413e-07}, {"l": "Nitrogen", "v": 1.2072241749975574e-06}]}, {"source": 21, "prod": 0, "target": 24, "value": 1.8346635357311317e-06, "supply": [{"l": "Natural gas (including LNG)", "v": 1.2187854568322739e-06}, {"l": "Fuel oil", "v": 4.0247562918467077e-07}, {"l": "Liquefied petroleum gas (LPG)", "v": 1.0670122485709344e-07}, {"l": "Coal", "v": 1.0670122485709344e-07}]}, {"source": 25, "prod": 0, "target": 0, "value": 0.00042417957451863222, "supply": "[{\"l\":'Labor',\"v\":0.00042417957451863222}]"}, {"source": 25, "prod": 0, "target": 8, "value": 0.00084835914903726444, "supply": "[{\"l\":'Labor',\"v\":0.00084835914903726444}]"}, {"source": 25, "prod": 0, "target": 3, "value": 0.00010604489362965805, "supply": "[{\"l\":'Labor',\"v\":0.00010604489362965805}]"}, {"source": 25, "prod": 0, "target": 23, "value": 0.00010604489362965805, "supply": "[{\"l\":'Labor',\"v\":0.00010604489362965805}]"}, {"source": 25, "prod": 0, "target": 4, "value": 0.0012725387235558968, "supply": "[{\"l\":'Labor',\"v\":0.0012725387235558968}]"}, {"source": 25, "prod": 0, "target": 5, "value": 0.00021208978725931611, "supply": "[{\"l\":'Labor',\"v\":0.00021208978725931611}]"}, {"source": 25, "prod": 0, "target": 9, "value": 0.00021208978725931611, "supply": "[{\"l\":'Labor',\"v\":0.00021208978725931611}]"}, {"source": 25, "prod": 0, "target": 2, "value": 0.0014846285108152128, "supply": "[{\"l\":'Labor',\"v\":0.0014846285108152128}]"}, {"source": 25, "prod": 0, "target": 6, "value": 0.00084835914903726444, "supply": "[{\"l\":'Labor',\"v\":0.00084835914903726444}]"}, {"source": 25, "prod": 0, "target": 13, "value": 0.00031813468088897419, "supply": "[{\"l\":'Labor',\"v\":0.00031813468088897419}]"}, {"source": 21, "prod": 0, "target": 15, "value": 0.0032994769516544852, "supply": "[{\"l\":'Fossil Fuels',\"v\":0.0032994769516544852}]"}, {"source": 22, "prod": 0, "target": 15, "value": 0.005950124419035592, "supply": "[{\"l\":'Renewables & Nuclear',\"v\":0.00015902059809457341},{\"l\":'Biomass & Waste',\"v\":0.0057911038209410189}]"}]}