{"nodes": [{"layer": 13, "name": "Animal Products", "fill": "#17becf"}, {"layer": 16, "name": "Food", "fill": "#b5cf6b"}, {"layer": 5, "name": "Cereals", "fill": "#e7ba52"}, {"layer": 5, "name": "Oilcrops", "fill": "#ff9896"}, {"layer": 13, "name": "Sugar", "fill": "#d6616b"}, {"layer": 5, "name": "Starchy Roots"}, {"layer": 5, "name": "Fruits & Vegetables"}, {"layer": 5, "name": "Others"}, {"layer": 13, "name": "Aquatic Products", "fill": "#1f77b4"}, {"layer": 13, "name": "Vegetable Oils", "fill": "#f7b6d2"}, {"layer": 10, "name": "Processing", "fill": "#9edae5"}, {"layer": 2, "name": "Import", "fill": "#aec7e8"}, {"layer": 16, "name": "Export", "fill": "#aec7e8"}, {"layer": 10, "name": "Feed", "fill": "#dbdb8d"}, {"name": "Crop Residue", "fill": "#bd9e39"}, {"layer": 2, "name": "Electricity", "fill": "#bcbd22"}, {"layer": 0, "name": "Fossil Fuels", "fill": "#c49c94"}, {"layer": 0, "name": "Renewables & Nuclear", "fill": "#2ca02c"}, {"layer": 2, "name": "Fertilizers", "fill": "#c5b0d5"}, {"layer": 0, "name": "Labor", "fill": "#7f7f7f"}], "links": [{"source": 0, "prod": 1.0, "target": 1, "value": 0.0014877394831366822, "supply": [{"l": "Meat, Other", "v": 0.0014877394831366822}]}, {"source": 2, "prod": 12.0, "target": 1, "value": 0.037923558518980362, "supply": [{"l": "Cereals, Other", "v": 0.015253006624827946}, {"l": "Wheat", "v": 0.0060840629633941365}, {"l": "Rice", "v": 0.016586488930758279}]}, {"source": 3, "prod": 1.0, "target": 1, "value": 0.0017597784794327414, "supply": [{"l": "Coconuts - Incl Copra", "v": 0.0017597784794327414}]}, {"source": 4, "prod": 4.0, "target": 1, "value": 0.016589720274793104, "supply": [{"l": "Sugar", "v": 0.016589720274793104}]}, {"source": 5, "prod": 5.0, "target": 1, "value": 0.0051743255223671396, "supply": [{"l": "Roots, Other", "v": 0.0051743255223671396}]}, {"source": 6, "prod": 19.0, "target": 1, "value": 0.0080723911982472883, "supply": [{"l": "Bananas", "v": 0.0006679222015201049}, {"l": "Treenuts", "v": 0.001804257375534829}, {"l": "Fruits, Other", "v": 0.0025099539477558591}, {"l": "Vegetables, Other", "v": 0.0030902576734364957}]}, {"source": 7, "prod": 1.0, "target": 1, "value": 0.0019642750605115681, "supply": [{"l": "Nuts", "v": 0.0019642750605115681}]}, {"source": 8, "prod": 20.0, "target": 1, "value": 0.019472276577970248, "supply": [{"l": "Pelagic Fish", "v": 0.0079941028617855278}, {"l": "Marine Fish, Other", "v": 0.0015105239810643642}, {"l": "Fish, Seafood", "v": 0.0099676497351203555}]}, {"source": 9, "prod": 1.0, "target": 1, "value": 0.01029271162415548, "supply": [{"l": "Coconut Oil", "v": 0.01029271162415548}]}, {"source": 3, "prod": 7.0, "target": 10, "value": 0.012318449356029191, "supply": [{"l": "Coconuts - Incl Copra", "v": 0.012318449356029191}]}, {"source": 11, "prod": 4.0, "target": 10, "value": 0.016589720274793104, "supply": [{"l": "Sugar", "v": 0.016589720274793104}]}, {"source": 11, "prod": 12.0, "target": 2, "value": 0.037923558518980362, "supply": [{"l": "Cereals, Other", "v": 0.015253006624827946}, {"l": "Rice", "v": 0.016586488930758279}, {"l": "Wheat", "v": 0.0060840629633941365}]}, {"source": 8, "prod": 48.0, "target": 12, "value": 0.047904667949645444, "supply": [{"l": "Pelagic Fish", "v": 0.02398230858535659}, {"l": "Fish, Seafood", "v": 0.02392235936428885}]}, {"source": 13, "prod": 68.0, "target": 8, "value": 0.067376944527615695, "supply": [{"l": "Pelagic Fish", "v": 0.031976411447142118}, {"l": "Marine Fish, Other", "v": 0.0015105239810643642}, {"l": "Fish, Seafood", "v": 0.033890009099409202}]}, {"source": 13, "prod": 1.0, "target": 0, "value": 0.0014877394831366822, "supply": [{"l": "Meat, Other", "v": 0.0014877394831366822}]}, {"source": 10, "prod": 1.0, "target": 9, "value": 0.01029271162415548, "supply": [{"l": "Coconut Oil", "v": 0.01029271162415548}]}, {"source": 10, "prod": 4.0, "target": 4, "value": 0.016589720274793104, "supply": [{"l": "Sugar", "v": 0.016589720274793104}]}, {"source": 5, "prod": 2.5, "target": 14, "value": 0.0087166666500000014, "supply": [{"l": "Roots, Other", "v": 0.0087166666500000014}]}, {"source": 6, "prod": 20.0, "target": 14, "value": 0.04412163607050866, "supply": [{"l": "Vegetables, Other", "v": 0.043583333250000009}]}, {"source": 2, "prod": 12.0, "target": 14, "value": 0.038320293269778295, "supply": [{"l": "Cereals, Other", "v": 0.020919999960000001}, {"l": "Wheat", "v": 0.0069733333199999996}, {"l": "Rice", "v": 0.013946666640000003}]}, {"source": 3, "prod": 8.5, "target": 14, "value": 0.029636666610000001, "supply": [{"l": "Coconuts - Incl Copra", "v": 0.029636666610000001}]}, {"source": 15, "prod": 0, "target": 10, "value": 0.00040433474213462877, "supply": "[{\"l\":'Electricity',\"v\":0.00040433474213462877}]"}, {"source": 16, "prod": 0, "target": 15, "value": 0.00056986327931632234, "supply": [{"l": "Coal", "v": 0.00044599656966885033}, {"l": "Natural gas", "v": 5.3264124931334751e-05}, {"l": "Oil", "v": 7.0602584716137284e-05}]}, {"source": 17, "prod": 0, "target": 15, "value": 0.0001813737123835888, "supply": [{"l": "Nuclear", "v": 6.8868682714975233e-06}, {"l": "Hydroelectric", "v": 0.00017448684411209127}, {"l": "Renewable", "v": 0.0}]}, {"source": 16, "prod": 0, "target": 5, "value": 0.00096462896880133259, "supply": [{"l": "Other fossil fuels", "v": 0.00096462896880133259}]}, {"source": 16, "prod": 0, "target": 6, "value": 0.0038585158752053304, "supply": [{"l": "Other fossil fuels", "v": 0.0038585158752053304}]}, {"source": 16, "prod": 0, "target": 3, "value": 0.0016398692469622655, "supply": [{"l": "Other fossil fuels", "v": 0.0016398692469622655}]}, {"source": 16, "prod": 0, "target": 7, "value": 0.00019292579376026651, "supply": [{"l": "Other fossil fuels", "v": 0.00019292579376026651}]}, {"source": 18, "prod": 7.6006949589621267e-05, "target": 5, "value": 7.7437339038726927e-07, "supply": [{"l": "Potash", "v": 4.4207694414837723e-07}, {"l": "Phosphate", "v": 6.850916099416035e-07}, {"l": "Nitrogen", "v": 5.1452559080469005e-06}]}, {"source": 18, "prod": 0.00030402779835848507, "target": 6, "value": 3.0974935615490771e-06, "supply": [{"l": "Potash", "v": 4.4207694414837723e-07}, {"l": "Phosphate", "v": 6.850916099416035e-07}, {"l": "Nitrogen", "v": 5.1452559080469005e-06}]}, {"source": 18, "prod": 0.00012921181430235616, "target": 3, "value": 1.3164347636583578e-06, "supply": [{"l": "Potash", "v": 4.4207694414837723e-07}, {"l": "Phosphate", "v": 6.850916099416035e-07}, {"l": "Nitrogen", "v": 5.1452559080469005e-06}]}, {"source": 18, "prod": 1.5201389917924255e-05, "target": 7, "value": 1.5487467807745387e-07, "supply": [{"l": "Potash", "v": 4.4207694414837723e-07}, {"l": "Phosphate", "v": 6.850916099416035e-07}, {"l": "Nitrogen", "v": 5.1452559080469005e-06}]}, {"source": 16, "prod": 0, "target": 18, "value": 7.8194370126144293e-06, "supply": [{"l": "Natural gas (including LNG)", "v": 5.1945307278332011e-06}, {"l": "Fuel oil", "v": 1.7153732933748702e-06}, {"l": "Liquefied petroleum gas (LPG)", "v": 4.547664957031792e-07}, {"l": "Coal", "v": 4.547664957031792e-07}]}, {"source": 19, "prod": 0, "target": 2, "value": 0.0012628342458781729, "supply": "[{\"l\":'Labor',\"v\":0.0012628342458781729}]"}, {"source": 19, "prod": 0, "target": 3, "value": 0.001789015181660745, "supply": "[{\"l\":'Labor',\"v\":0.001789015181660745}]"}, {"source": 19, "prod": 0, "target": 5, "value": 0.0010523618715651442, "supply": "[{\"l\":'Labor',\"v\":0.0010523618715651442}]"}, {"source": 19, "prod": 0, "target": 6, "value": 0.0042094474862605768, "supply": "[{\"l\":'Labor',\"v\":0.0042094474862605768}]"}, {"source": 19, "prod": 0, "target": 7, "value": 0.00021047237431302883, "supply": "[{\"l\":'Labor',\"v\":0.00021047237431302883}]"}, {"source": 16, "prod": 0, "target": 11, "value": 0.003621939304885427, "supply": "[{\"l\":'Fossil Fuels',\"v\":0.003621939304885427}]"}, {"source": 17, "prod": 0, "target": 11, "value": 0.0065752836690534762, "supply": "[{\"l\":'Renewables & Nuclear',\"v\":0.00017246710570224799},{\"l\":'Biomass & Waste',\"v\":0.0064028165633512281}]"}]}