{"nodes": [{"layer": 13, "name": "Animal Products", "fill": "#17becf"}, {"layer": 16, "name": "Food", "fill": "#b5cf6b"}, {"layer": 5, "name": "Cereals", "fill": "#e7ba52"}, {"layer": 5, "name": "Oilcrops", "fill": "#ff9896"}, {"layer": 5, "name": "Fruits, Roots & Vegetables", "fill": "#98df8a"}, {"layer": 13, "name": "Sugar", "fill": "#d6616b"}, {"layer": 13, "name": "Aquatic Products", "fill": "#1f77b4"}, {"layer": 13, "name": "Vegetable Oils", "fill": "#f7b6d2"}, {"layer": 10, "name": "Processing", "fill": "#9edae5"}, {"layer": 2, "name": "Import", "fill": "#aec7e8"}, {"layer": 16, "name": "Export", "fill": "#aec7e8"}, {"layer": 16, "name": "Stock Deposit", "fill": "#c7c7c7"}, {"layer": 0, "name": "Stock Draw", "fill": "#c7c7c7"}, {"layer": 10, "name": "Feed", "fill": "#dbdb8d"}, {"name": "Crop Residue", "fill": "#bd9e39"}, {"layer": 2, "name": "Electricity", "fill": "#bcbd22"}, {"layer": 0, "name": "Fossil Fuels", "fill": "#c49c94"}, {"layer": 0, "name": "Renewables & Nuclear", "fill": "#2ca02c"}, {"layer": 2, "name": "Fertilizers", "fill": "#c5b0d5"}, {"layer": 0, "name": "Labor", "fill": "#7f7f7f"}], "links": [{"source": 0, "prod": 1.0, "target": 1, "value": 0.0015758762537540602, "supply": [{"l": "Meat, Other", "v": 0.0015758762537540602}]}, {"source": 2, "prod": 27.0, "target": 1, "value": 0.089853435225665496, "supply": [{"l": "Cereals, Other", "v": 0.022877787406849506}, {"l": "Wheat", "v": 0.021334322012733272}, {"l": "Rice", "v": 0.045641325806082725}]}, {"source": 3, "prod": 2.0, "target": 1, "value": 0.0034714802896586667, "supply": [{"l": "Coconuts - Incl Copra", "v": 0.0034714802896586667}]}, {"source": 4, "prod": 37.0, "target": 1, "value": 0.02700063864745305, "supply": [{"l": "Roots, Other", "v": 0.0072436633122602932}, {"l": "Bananas", "v": 0.00072221455438468811}, {"l": "Treenuts", "v": 0.0032804176570211596}, {"l": "Fruits, Other", "v": 0.0034741554245347013}, {"l": "Vegetables, Other", "v": 0.0043445021059337775}, {"l": "Nuts", "v": 0.0039576181944306326}, {"l": "Pulses, Other", "v": 0.0039780673988877935}]}, {"source": 5, "prod": 5.0, "target": 1, "value": 0.020693378430304672, "supply": [{"l": "Sugar", "v": 0.020693378430304672}]}, {"source": 6, "prod": 56.0, "target": 1, "value": 0.050583777131133885, "supply": [{"l": "Pelagic Fish", "v": 0.020027037310766639}, {"l": "Demersal Fish", "v": 0.00098721317640697672}, {"l": "Fish, Seafood", "v": 0.025073411136917533}, {"l": "Marine Fish, Other", "v": 0.0044961155070427387}]}, {"source": 7, "prod": 1.0, "target": 1, "value": 0.010275635562363095, "supply": [{"l": "Coconut Oil", "v": 0.010275635562363095}]}, {"source": 3, "prod": 9.0, "target": 8, "value": 0.015621661303464001, "supply": [{"l": "Coconuts - Incl Copra", "v": 0.015621661303464001}]}, {"source": 9, "prod": 6.0, "target": 8, "value": 0.024832054116365604, "supply": [{"l": "Sugar", "v": 0.024832054116365604}]}, {"source": 9, "prod": 26.0, "target": 2, "value": 0.084096988730371108, "supply": [{"l": "Cereals, Other", "v": 0.025419763785388336}, {"l": "Rice", "v": 0.037342902932249497}, {"l": "Wheat", "v": 0.021334322012733272}]}, {"source": 9, "prod": 2.0, "target": 4, "value": 0.007956134797775587, "supply": [{"l": "Pulses, Other", "v": 0.007956134797775587}]}, {"source": 6, "prod": 68.0, "target": 10, "value": 0.064492248380274564, "supply": [{"l": "Pelagic Fish", "v": 0.03404596342830328}, {"l": "Fish, Seafood", "v": 0.030446284951971284}]}, {"source": 3, "prod": 1.0, "target": 10, "value": 0.0017357401448293334, "supply": [{"l": "Coconuts - Incl Copra", "v": 0.0017357401448293334}]}, {"source": 4, "prod": 1.0, "target": 11, "value": 0.0039780673988877935, "supply": [{"l": "Pulses, Other", "v": 0.0039780673988877935}]}, {"source": 12, "prod": 3.0, "target": 2, "value": 0.012447634310749835, "supply": [{"l": "Rice", "v": 0.012447634310749835}]}, {"source": 13, "prod": 124.0, "target": 6, "value": 0.11507602551140844, "supply": [{"l": "Marine Fish, Other", "v": 0.0044961155070427387}, {"l": "Pelagic Fish", "v": 0.054073000739069919}, {"l": "Demersal Fish", "v": 0.00098721317640697672}, {"l": "Fish, Seafood", "v": 0.05551969608888882}]}, {"source": 13, "prod": 1.0, "target": 0, "value": 0.0015758762537540602, "supply": [{"l": "Meat, Other", "v": 0.0015758762537540602}]}, {"source": 8, "prod": 1.0, "target": 7, "value": 0.010275635562363095, "supply": [{"l": "Coconut Oil", "v": 0.010275635562363095}]}, {"source": 8, "prod": 5.0, "target": 5, "value": 0.020693378430304672, "supply": [{"l": "Sugar", "v": 0.020693378430304672}]}, {"source": 4, "prod": 37.0, "target": 14, "value": 0.054349071298298315, "supply": [{"l": "Roots, Other", "v": 0.01220333331}, {"l": "Vegetables, Other", "v": 0.061016666550000008}, {"l": "Pulses, Other", "v": 0.0034866666600000002}]}, {"source": 2, "prod": 27.0, "target": 14, "value": 0.095993698518204537, "supply": [{"l": "Cereals, Other", "v": 0.03137999994}, {"l": "Wheat", "v": 0.024406666619999996}, {"l": "Rice", "v": 0.038353333260000004}]}, {"source": 3, "prod": 11.5, "target": 14, "value": 0.040096666590000003, "supply": [{"l": "Coconuts - Incl Copra", "v": 0.040096666590000003}]}, {"source": 15, "prod": 0, "target": 8, "value": 0.0017846669037041235, "supply": "[{\"l\":'Electricity',\"v\":0.0017846669037041235}]"}, {"source": 16, "prod": 0, "target": 15, "value": 0.002998097647374322, "supply": [{"l": "Coal", "v": 0.0024844727641184765}, {"l": "Natural gas", "v": 0.00021799509192179967}, {"l": "Oil", "v": 0.00029562979133404571}]}, {"source": 17, "prod": 0, "target": 15, "value": 0.00060237881240054656, "supply": [{"l": "Nuclear", "v": 4.4471647278888557e-05}, {"l": "Hydroelectric", "v": 0.00055790716512165795}, {"l": "Renewable", "v": 0.0}]}, {"source": 16, "prod": 0, "target": 4, "value": 0.0085839602118513627, "supply": [{"l": "Other fossil fuels", "v": 0.0085839602118513627}]}, {"source": 16, "prod": 0, "target": 3, "value": 0.0026679876334132612, "supply": [{"l": "Other fossil fuels", "v": 0.0026679876334132612}]}, {"source": 18, "prod": 0.003636367292689827, "target": 4, "value": 3.7048007903715526e-05, "supply": [{"l": "Potash", "v": 4.375394854366267e-06}, {"l": "Phosphate", "v": 6.7805985916829622e-06}, {"l": "Nitrogen", "v": 5.0924452230447055e-05}]}, {"source": 18, "prod": 0.001130222266646838, "target": 3, "value": 1.1514921375479149e-05, "supply": [{"l": "Potash", "v": 4.375394854366267e-06}, {"l": "Phosphate", "v": 6.7805985916829622e-06}, {"l": "Nitrogen", "v": 5.0924452230447055e-05}]}, {"source": 16, "prod": 0, "target": 18, "value": 7.739178647948476e-05, "supply": [{"l": "Natural gas (including LNG)", "v": 5.1412142882032908e-05}, {"l": "Fuel oil", "v": 1.6977667757834091e-05}, {"l": "Liquefied petroleum gas (LPG)", "v": 4.500987919808878e-06}, {"l": "Coal", "v": 4.500987919808878e-06}]}, {"source": 19, "prod": 0, "target": 2, "value": 0.0031542752779665775, "supply": "[{\"l\":'Labor',\"v\":0.0031542752779665775}]"}, {"source": 19, "prod": 0, "target": 3, "value": 0.0026869752367863439, "supply": "[{\"l\":'Labor',\"v\":0.0026869752367863439}]"}, {"source": 19, "prod": 0, "target": 4, "value": 0.0086450507618343244, "supply": "[{\"l\":'Labor',\"v\":0.0086450507618343244}]"}, {"source": 16, "prod": 0, "target": 9, "value": 0.0085446959761197507, "supply": "[{\"l\":'Fossil Fuels',\"v\":0.0085446959761197507}]"}, {"source": 17, "prod": 0, "target": 9, "value": 0.0096153258992055114, "supply": "[{\"l\":'Renewables & Nuclear',\"v\":0.00042202861516883413},{\"l\":'Biomass & Waste',\"v\":0.0091932972840366774}]"}]}