{"nodes": [{"layer": 3, "name": "Fruits, Roots & Vegetables", "fill": "#98df8a"}, {"layer": 5, "name": "Production", "fill": "#b5cf6b"}, {"layer": 3, "name": "Oilcrops", "fill": "#ff9896"}, {"layer": 0, "name": "Fossil Fuels", "fill": "#c49c94"}, {"layer": 1, "name": "Fertilizers", "fill": "#c5b0d5"}, {"layer": 0, "name": "Labor", "fill": "#7f7f7f"}], "links": [{"source": 0, "prod": 21.0, "target": 1, "value": 0.013679769912706649, "supply": [{"l": "Vegetables, Other", "v": 0.0023154636319363637}, {"l": "Bananas", "v": 0.0007010119252651377}, {"l": "Treenuts", "v": 0.0014710453767252476}, {"l": "Nuts", "v": 0.0019626893401486129}, {"l": "Roots, Other", "v": 0.0052351895852838616}, {"l": "Fruits, Other", "v": 0.0019943700533474277}]}, {"source": 2, "prod": 7.0, "target": 1, "value": 0.012218386763918588, "supply": [{"l": "Coconuts - Incl Copra", "v": 0.012218386763918588}]}, {"source": 3, "prod": 0, "target": 0, "value": 0.0054226466757890538, "supply": [{"l": "Other fossil fuels", "v": 0.0054226466757890538}]}, {"source": 3, "prod": 0, "target": 2, "value": 0.0017193757752501878, "supply": [{"l": "Other fossil fuels", "v": 0.0017193757752501878}]}, {"source": 4, "prod": 0.00014295813223328473, "target": 0, "value": 1.4564848890612065e-06, "supply": [{"l": "Potash", "v": 1.6023763488489472e-07}, {"l": "Phosphate", "v": 2.4832206408774416e-07}, {"l": "Nitrogen", "v": 1.8649776888302203e-06}]}, {"source": 4, "prod": 4.5328188269090283e-05, "target": 2, "value": 4.6181228189745575e-07, "supply": [{"l": "Potash", "v": 1.6023763488489472e-07}, {"l": "Phosphate", "v": 2.4832206408774416e-07}, {"l": "Nitrogen", "v": 1.8649776888302203e-06}]}, {"source": 3, "prod": 0, "target": 4, "value": 2.8342760454211824e-06, "supply": [{"l": "Natural gas (including LNG)", "v": 1.8828381103845419e-06}, {"l": "Fuel oil", "v": 6.2176361629672863e-07}, {"l": "Liquefied petroleum gas (LPG)", "v": 1.648371593699558e-07}, {"l": "Coal", "v": 1.648371593699558e-07}]}, {"source": 5, "prod": 0, "target": 0, "value": 0.0040701206236853022, "supply": "[{\"l\":'Labor',\"v\":0.0040701206236853022}]"}, {"source": 5, "prod": 0, "target": 2, "value": 0.0012905260514124129, "supply": "[{\"l\":'Labor',\"v\":0.0012905260514124129}]"}]}