{"nodes": [{"name": "Balance", "fill": "#9edae5"}, {"name": "Food", "fill": "#b5cf6b"}, {"name": "Export", "fill": "#aec7e8"}, {"name": "Renewables & Nuclear", "fill": "#2ca02c"}, {"name": "Fossil Fuels", "fill": "#c49c94"}, {"name": "Labor", "fill": "#7f7f7f"}], "links": [{"source": 0, "target": 1, "value": 0.072663354893637289}, {"source": 0, "target": 2, "value": 0.018913440557896039}, {"source": 3, "target": 0, "value": 0.0067915668678404477}, {"source": 4, "target": 0, "value": 0.012962665773232566}, {"source": 5, "target": 0, "value": 0.0063533590223380327}]}