{"nodes": [{"name": "Balance", "fill": "#9edae5"}, {"name": "Food", "fill": "#b5cf6b"}, {"name": "Export", "fill": "#aec7e8"}, {"name": "Renewables & Nuclear", "fill": "#2ca02c"}, {"name": "Fossil Fuels", "fill": "#c49c94"}, {"name": "Labor", "fill": "#7f7f7f"}], "links": [{"source": 0, "target": 1, "value": 0.070490972716231531}, {"source": 0, "target": 2, "value": 0.016913222396849815}, {"source": 3, "target": 0, "value": 0.0068552224151890813}, {"source": 4, "target": 0, "value": 0.01310468777584228}, {"source": 5, "target": 0, "value": 0.006196376258615929}]}