{"nodes": [{"layer": 5, "name": "Starchy Roots"}, {"layer": 10, "name": "Feed", "fill": "#dbdb8d"}, {"layer": 13, "name": "Animal Products", "fill": "#17becf"}, {"layer": 5, "name": "Cereals", "fill": "#e7ba52"}, {"layer": 13, "name": "Other Processed", "fill": "#9c9ede"}, {"layer": 16, "name": "Food", "fill": "#b5cf6b"}, {"layer": 5, "name": "Oilcrops", "fill": "#ff9896"}, {"layer": 13, "name": "Sugar", "fill": "#d6616b"}, {"layer": 5, "name": "Fruits & Vegetables"}, {"layer": 5, "name": "Others"}, {"layer": 13, "name": "Aquatic Products", "fill": "#1f77b4"}, {"layer": 13, "name": "Vegetable Oils", "fill": "#f7b6d2"}, {"layer": 5, "name": "Sugar Crops", "fill": "#ffbb78"}, {"layer": 10, "name": "Processing", "fill": "#9edae5"}, {"layer": 16, "name": "Biofuels & Other", "fill": "#e7ba52"}, {"name": "Seed", "fill": "#dbdb8d"}, {"name": "Waste", "fill": "#c7c7c7"}, {"layer": 0, "name": "Import", "fill": "#aec7e8"}, {"layer": 16, "name": "Export", "fill": "#aec7e8"}, {"layer": 0, "name": "Stock Draw", "fill": "#c7c7c7"}, {"layer": 16, "name": "Stock Deposit", "fill": "#c7c7c7"}, {"layer": 0, "name": "Production", "fill": "#b5cf6b"}], "links": [{"source": 0, "prod": 0.0014239049588427675, "target": 1, "value": 2.0, "supply": [{"l": "Potatoes", "v": 2.0}]}, {"source": 2, "prod": 0.014087587632271274, "target": 1, "value": 20.0, "supply": [{"l": "Milk - Excluding Butter", "v": 20.0}]}, {"source": 3, "prod": 1.8197476233258356, "target": 1, "value": 478.0, "supply": [{"l": "Maize", "v": 1.0}, {"l": "Wheat", "v": 2.0}, {"l": "Barley", "v": 467.0}, {"l": "Sorghum", "v": 5.0}, {"l": "Millet", "v": 3.0}]}, {"source": 4, "prod": 0.12267718340192628, "target": 5, "value": 17.0, "supply": [{"l": "Beer", "v": 4.0}, {"l": "Butter, Ghee", "v": 7.0}, {"l": "Fats, Animals, Raw", "v": 6.0}]}, {"source": 2, "prod": 0.64480392996970104, "target": 5, "value": 614.0, "supply": [{"l": "Eggs", "v": 9.0}, {"l": "Milk - Excluding Butter", "v": 491.0}, {"l": "Meat, Other", "v": 6.0}, {"l": "Mutton & Goat Meat", "v": 47.0}, {"l": "Poultry Meat", "v": 4.0}, {"l": "Offals, Edible", "v": 18.0}, {"l": "Bovine Meat", "v": 39.0}]}, {"source": 3, "prod": 3.1347755571198097, "target": 5, "value": 849.0, "supply": [{"l": "Maize", "v": 1.0}, {"l": "Barley", "v": 230.0}, {"l": "Rice", "v": 107.0}, {"l": "Wheat", "v": 511.0}]}, {"source": 6, "prod": 0.024244604070706697, "target": 5, "value": 11.0, "supply": [{"l": "Olives", "v": 7.0}, {"l": "Coconuts - Incl Copra", "v": 2.0}, {"l": "Sesame seed", "v": 2.0}]}, {"source": 7, "prod": 0.69959981987982711, "target": 5, "value": 169.0, "supply": [{"l": "Sugar", "v": 169.0}]}, {"source": 0, "prod": 0.025630289259169815, "target": 5, "value": 36.0, "supply": [{"l": "Potatoes", "v": 36.0}]}, {"source": 8, "prod": 0.50115176348883761, "target": 5, "value": 1049.0, "supply": [{"l": "Tomatoes", "v": 181.0}, {"l": "Treenuts", "v": 2.0}, {"l": "Vegetables, Other", "v": 587.0}, {"l": "Grapes", "v": 46.0}, {"l": "Dates", "v": 50.0}, {"l": "Beans", "v": 4.0}, {"l": "Apples", "v": 34.0}, {"l": "Lemons, Limes", "v": 5.0}, {"l": "Bananas", "v": 6.0}, {"l": "Fruits, Other", "v": 62.0}, {"l": "Oranges, Mandarines", "v": 16.0}, {"l": "Onions", "v": 34.0}, {"l": "Pulses, Other", "v": 22.0}]}, {"source": 9, "prod": 0.01738680912105162, "target": 5, "value": 22.0, "supply": [{"l": "Nuts", "v": 2.0}, {"l": "Coffee", "v": 1.0}, {"l": "Tea", "v": 19.0}]}, {"source": 10, "prod": 0.01352378805083675, "target": 5, "value": 18.0, "supply": [{"l": "Marine Fish, Other", "v": 1.0}, {"l": "Freshwater Fish", "v": 8.0}, {"l": "Fish, Seafood", "v": 9.0}]}, {"source": 11, "prod": 0.33047135903387126, "target": 5, "value": 32.0, "supply": [{"l": "Groundnut Oil", "v": 8.0}, {"l": "Palm Oil", "v": 19.0}, {"l": "Coconut Oil", "v": 2.0}, {"l": "Sesameseed Oil", "v": 1.0}, {"l": "Cottonseed Oil", "v": 2.0}]}, {"source": 12, "prod": 0.011622222200000001, "target": 13, "value": 10.0, "supply": [{"l": "Sugar beet", "v": 10.0}]}, {"source": 3, "prod": 0.0038076847506005856, "target": 13, "value": 1.0, "supply": [{"l": "Barley", "v": 1.0}]}, {"source": 6, "prod": 0.084698189520592854, "target": 13, "value": 50.0, "supply": [{"l": "Cottonseed", "v": 15.0}, {"l": "Coconuts - Incl Copra", "v": 13.0}, {"l": "Groundnuts", "v": 19.0}, {"l": "Sesame seed", "v": 3.0}]}, {"source": 11, "prod": 0.030963650921188236, "target": 14, "value": 3.0, "supply": [{"l": "Palm Oil", "v": 3.0}]}, {"source": 0, "prod": 0.0014239049588427675, "target": 15, "value": 2.0, "supply": [{"l": "Potatoes", "v": 2.0}]}, {"source": 8, "prod": 0.0081133424190716723, "target": 15, "value": 2.0, "supply": [{"l": "Pulses, Other", "v": 2.0}]}, {"source": 3, "prod": 1.0590024846764772, "target": 15, "value": 290.0, "supply": [{"l": "Wheat", "v": 165.0}, {"l": "Barley", "v": 119.0}, {"l": "Rice", "v": 6.0}]}, {"source": 6, "prod": 0.0014150055528499999, "target": 15, "value": 1.0, "supply": [{"l": "Cottonseed", "v": 1.0}]}, {"source": 0, "prod": 0.0014239049588427675, "target": 16, "value": 2.0, "supply": [{"l": "Potatoes", "v": 2.0}]}, {"source": 8, "prod": 0.06103035661076394, "target": 16, "value": 119.0, "supply": [{"l": "Lemons, Limes", "v": 1.0}, {"l": "Bananas", "v": 1.0}, {"l": "Apples", "v": 4.0}, {"l": "Vegetables, Other", "v": 65.0}, {"l": "Fruits, Other", "v": 7.0}, {"l": "Dates", "v": 13.0}, {"l": "Grapes", "v": 5.0}, {"l": "Oranges, Mandarines", "v": 2.0}, {"l": "Onions", "v": 4.0}, {"l": "Tomatoes", "v": 16.0}, {"l": "Pulses, Other", "v": 1.0}]}, {"source": 2, "prod": 0.019018243303566221, "target": 16, "value": 27.0, "supply": [{"l": "Milk - Excluding Butter", "v": 27.0}]}, {"source": 3, "prod": 0.45095820801094444, "target": 16, "value": 124.0, "supply": [{"l": "Wheat", "v": 76.0}, {"l": "Barley", "v": 46.0}, {"l": "Rice", "v": 2.0}]}, {"source": 6, "prod": 0.001326567705796875, "target": 16, "value": 1.0, "supply": [{"l": "Olives", "v": 1.0}]}, {"source": 17, "prod": 0.010311781356801619, "target": 9, "value": 20.0, "supply": [{"l": "Coffee", "v": 1.0}, {"l": "Tea", "v": 19.0}]}, {"source": 17, "prod": 0.02254014021163404, "target": 1, "value": 32.0, "supply": [{"l": "Milk - Excluding Butter", "v": 32.0}]}, {"source": 17, "prod": 1.2702570373848663, "target": 13, "value": 274.0, "supply": [{"l": "Sugar", "v": 252.0}, {"l": "Palm Oil", "v": 22.0}]}, {"source": 17, "prod": 1.7593902000437536, "target": 3, "value": 485.0, "supply": [{"l": "Wheat", "v": 414.0}, {"l": "Barley", "v": 1.0}, {"l": "Rice", "v": 70.0}]}, {"source": 17, "prod": 0.048686060449502584, "target": 8, "value": 95.0, "supply": [{"l": "Bananas", "v": 7.0}, {"l": "Apples", "v": 17.0}, {"l": "Fruits, Other", "v": 1.0}, {"l": "Grapes", "v": 6.0}, {"l": "Onions", "v": 2.0}, {"l": "Tomatoes", "v": 58.0}, {"l": "Pulses, Other", "v": 4.0}]}, {"source": 17, "prod": 0.048110188796900002, "target": 6, "value": 34.0, "supply": [{"l": "Coconuts - Incl Copra", "v": 15.0}, {"l": "Groundnuts", "v": 19.0}]}, {"source": 17, "prod": 0.02278247934148428, "target": 0, "value": 32.0, "supply": [{"l": "Potatoes", "v": 32.0}]}, {"source": 8, "prod": 0.36438986336182944, "target": 18, "value": 192.0, "supply": [{"l": "Dates", "v": 187.0}, {"l": "Pulses, Other", "v": 5.0}]}, {"source": 3, "prod": 0.19038423753002928, "target": 18, "value": 50.0, "supply": [{"l": "Barley", "v": 50.0}]}, {"source": 6, "prod": 0.0070750277642500003, "target": 18, "value": 5.0, "supply": [{"l": "Oilcrops, Other", "v": 5.0}]}, {"source": 19, "prod": 0.0014150055528499999, "target": 6, "value": 1.0, "supply": [{"l": "Oilcrops, Other", "v": 1.0}]}, {"source": 3, "prod": 1.8179207736839134, "target": 20, "value": 517.0, "supply": [{"l": "Wheat", "v": 517.0}]}, {"source": 7, "prod": 0.35186973189222082, "target": 20, "value": 85.0, "supply": [{"l": "Sugar", "v": 85.0}]}, {"source": 8, "prod": 0.19618418866291248, "target": 20, "value": 103.0, "supply": [{"l": "Dates", "v": 100.0}, {"l": "Pulses, Other", "v": 3.0}]}, {"source": 11, "prod": 0.011005598744388889, "target": 20, "value": 1.0, "supply": [{"l": "Cottonseed Oil", "v": 1.0}]}, {"source": 21, "prod": 6.7176821040352666, "target": 3, "value": 1824.0, "supply": [{"l": "Maize", "v": 2.0}, {"l": "Barley", "v": 911.0}, {"l": "Rice", "v": 46.0}, {"l": "Wheat", "v": 857.0}, {"l": "Sorghum", "v": 5.0}, {"l": "Millet", "v": 3.0}]}, {"source": 21, "prod": 0.074540471087633939, "target": 6, "value": 34.0, "supply": [{"l": "Olives", "v": 8.0}, {"l": "Sunflower seed", "v": 1.0}, {"l": "Sesame seed", "v": 5.0}, {"l": "Oilcrops, Other", "v": 5.0}, {"l": "Cottonseed", "v": 15.0}]}, {"source": 21, "prod": 0.011622222200000001, "target": 12, "value": 10.0, "supply": [{"l": "Sugar beet", "v": 10.0}]}, {"source": 21, "prod": 0.0071195247942138374, "target": 0, "value": 10.0, "supply": [{"l": "Potatoes", "v": 10.0}]}, {"source": 21, "prod": 1.0816187068666112, "target": 8, "value": 1369.0, "supply": [{"l": "Tomatoes", "v": 139.0}, {"l": "Treenuts", "v": 2.0}, {"l": "Vegetables, Other", "v": 652.0}, {"l": "Grapes", "v": 45.0}, {"l": "Dates", "v": 350.0}, {"l": "Beans", "v": 4.0}, {"l": "Apples", "v": 20.0}, {"l": "Lemons, Limes", "v": 6.0}, {"l": "Fruits, Other", "v": 68.0}, {"l": "Oranges, Mandarines", "v": 18.0}, {"l": "Onions", "v": 36.0}, {"l": "Pulses, Other", "v": 29.0}]}, {"source": 21, "prod": 0.0070750277642500003, "target": 9, "value": 2.0, "supply": [{"l": "Nuts", "v": 2.0}]}, {"source": 1, "prod": 0.01352378805083675, "target": 10, "value": 18.0, "supply": [{"l": "Freshwater Fish", "v": 8.0}, {"l": "Marine Fish, Other", "v": 1.0}, {"l": "Fish, Seafood", "v": 9.0}]}, {"source": 1, "prod": 0.67790976090553856, "target": 2, "value": 661.0, "supply": [{"l": "Poultry Meat", "v": 4.0}, {"l": "Bovine Meat", "v": 39.0}, {"l": "Eggs", "v": 9.0}, {"l": "Milk - Excluding Butter", "v": 538.0}, {"l": "Offals, Edible", "v": 18.0}, {"l": "Meat, Other", "v": 6.0}, {"l": "Mutton & Goat Meat", "v": 47.0}]}, {"source": 13, "prod": 0.12267718340192628, "target": 4, "value": 17.0, "supply": [{"l": "Fats, Animals, Raw", "v": 6.0}, {"l": "Beer", "v": 4.0}, {"l": "Butter, Ghee", "v": 7.0}]}, {"source": 13, "prod": 0.37244060869944839, "target": 11, "value": 36.0, "supply": [{"l": "Palm Oil", "v": 22.0}, {"l": "Cottonseed Oil", "v": 3.0}, {"l": "Coconut Oil", "v": 2.0}, {"l": "Groundnut Oil", "v": 8.0}, {"l": "Sesameseed Oil", "v": 1.0}]}, {"source": 13, "prod": 1.051469551772048, "target": 7, "value": 254.0, "supply": [{"l": "Sugar", "v": 254.0}]}]}