{"nodes": [{"layer": 5, "name": "Starchy Roots"}, {"layer": 10, "name": "Feed", "fill": "#dbdb8d"}, {"layer": 5, "name": "Fruits & Vegetables"}, {"layer": 13, "name": "Animal Products", "fill": "#17becf"}, {"layer": 5, "name": "Cereals", "fill": "#e7ba52"}, {"layer": 13, "name": "Other Processed", "fill": "#9c9ede"}, {"layer": 16, "name": "Food", "fill": "#b5cf6b"}, {"layer": 5, "name": "Oilcrops", "fill": "#ff9896"}, {"layer": 13, "name": "Sugar", "fill": "#d6616b"}, {"layer": 5, "name": "Others"}, {"layer": 13, "name": "Aquatic Products", "fill": "#1f77b4"}, {"layer": 13, "name": "Vegetable Oils", "fill": "#f7b6d2"}, {"layer": 5, "name": "Sugar Crops", "fill": "#ffbb78"}, {"layer": 10, "name": "Processing", "fill": "#9edae5"}, {"layer": 16, "name": "Biofuels & Other", "fill": "#e7ba52"}, {"name": "Seed", "fill": "#dbdb8d"}, {"name": "Waste", "fill": "#c7c7c7"}, {"layer": 0, "name": "Import", "fill": "#aec7e8"}, {"layer": 16, "name": "Export", "fill": "#aec7e8"}, {"layer": 0, "name": "Stock Draw", "fill": "#c7c7c7"}, {"layer": 16, "name": "Stock Deposit", "fill": "#c7c7c7"}, {"layer": 0, "name": "Production", "fill": "#b5cf6b"}], "links": [{"source": 0, "prod": 0.011627654325593477, "target": 1, "value": 14.0, "supply": [{"l": "Potatoes", "v": 14.0}]}, {"source": 2, "prod": 0.18567446159698761, "target": 1, "value": 101.0, "supply": [{"l": "Dates", "v": 100.0}, {"l": "Pulses, Other", "v": 1.0}]}, {"source": 3, "prod": 0.012457427309886811, "target": 1, "value": 21.0, "supply": [{"l": "Milk - Excluding Butter", "v": 21.0}]}, {"source": 4, "prod": 3.8339949761669763, "target": 1, "value": 1044.0, "supply": [{"l": "Maize", "v": 92.0}, {"l": "Wheat", "v": 250.0}, {"l": "Barley", "v": 695.0}, {"l": "Oats", "v": 1.0}, {"l": "Sorghum", "v": 6.0}]}, {"source": 5, "prod": 0.21098942502178952, "target": 6, "value": 78.0, "supply": [{"l": "Beer", "v": 54.0}, {"l": "Beverages, Alcoholic", "v": 3.0}, {"l": "Butter, Ghee", "v": 14.0}, {"l": "Fats, Animals, Raw", "v": 6.0}, {"l": "Wine", "v": 1.0}]}, {"source": 3, "prod": 1.4656328126568099, "target": 6, "value": 1462.0, "supply": [{"l": "Poultry Meat", "v": 179.0}, {"l": "Eggs", "v": 79.0}, {"l": "Mutton & Goat Meat", "v": 59.0}, {"l": "Milk - Excluding Butter", "v": 1033.0}, {"l": "Meat, Other", "v": 3.0}, {"l": "Offals, Edible", "v": 19.0}, {"l": "Bovine Meat", "v": 90.0}]}, {"source": 4, "prod": 10.815248422752177, "target": 6, "value": 2959.0, "supply": [{"l": "Maize", "v": 2.0}, {"l": "Barley", "v": 180.0}, {"l": "Rice", "v": 471.0}, {"l": "Wheat", "v": 2306.0}]}, {"source": 7, "prod": 0.035604847514894483, "target": 6, "value": 16.0, "supply": [{"l": "Olives", "v": 2.0}, {"l": "Sunflower seed", "v": 2.0}, {"l": "Coconuts - Incl Copra", "v": 10.0}, {"l": "Sesame seed", "v": 2.0}]}, {"source": 8, "prod": 1.812171884161307, "target": 6, "value": 470.0, "supply": [{"l": "Sugar", "v": 463.0}, {"l": "Sweeteners, Other", "v": 5.0}, {"l": "Honey", "v": 2.0}]}, {"source": 0, "prod": 0.11046271609313804, "target": 6, "value": 133.0, "supply": [{"l": "Potatoes", "v": 133.0}]}, {"source": 2, "prod": 1.6275583429512723, "target": 6, "value": 3438.0, "supply": [{"l": "Tomatoes", "v": 466.0}, {"l": "Treenuts", "v": 7.0}, {"l": "Vegetables, Other", "v": 1842.0}, {"l": "Grapes", "v": 212.0}, {"l": "Dates", "v": 135.0}, {"l": "Beans", "v": 4.0}, {"l": "Apples", "v": 180.0}, {"l": "Lemons, Limes", "v": 9.0}, {"l": "Bananas", "v": 11.0}, {"l": "Fruits, Other", "v": 173.0}, {"l": "Grapefruit", "v": 1.0}, {"l": "Oranges, Mandarines", "v": 205.0}, {"l": "Onions", "v": 116.0}, {"l": "Pulses, Other", "v": 77.0}]}, {"source": 9, "prod": 0.058673093390778787, "target": 6, "value": 50.0, "supply": [{"l": "Nuts", "v": 7.0}, {"l": "Coffee", "v": 1.0}, {"l": "Cocoa Beans", "v": 2.0}, {"l": "Spices, Other", "v": 3.0}, {"l": "Tea", "v": 37.0}]}, {"source": 10, "prod": 0.036834173671856901, "target": 6, "value": 48.0, "supply": [{"l": "Freshwater Fish", "v": 17.0}, {"l": "Marine Fish, Other", "v": 7.0}, {"l": "Fish, Seafood", "v": 24.0}]}, {"source": 11, "prod": 1.8892749055365625, "target": 6, "value": 186.0, "supply": [{"l": "Maize Germ Oil", "v": 2.0}, {"l": "Groundnut Oil", "v": 1.0}, {"l": "Palm Oil", "v": 173.0}, {"l": "Sunflowerseed Oil", "v": 3.0}, {"l": "Olive Oil", "v": 1.0}, {"l": "Coconut Oil", "v": 1.0}, {"l": "Sesameseed Oil", "v": 2.0}, {"l": "Cottonseed Oil", "v": 2.0}, {"l": "Palmkernel Oil", "v": 1.0}]}, {"source": 12, "prod": 0.050585722125499999, "target": 13, "value": 153.0, "supply": [{"l": "Sugar beet", "v": 7.0}, {"l": "Sugar cane", "v": 146.0}]}, {"source": 4, "prod": 0.026688797596657585, "target": 13, "value": 7.0, "supply": [{"l": "Barley", "v": 7.0}]}, {"source": 7, "prod": 0.060643095122142859, "target": 13, "value": 19.0, "supply": [{"l": "Sunflower seed", "v": 5.0}, {"l": "Soyabeans", "v": 1.0}, {"l": "Groundnuts", "v": 1.0}, {"l": "Sesame seed", "v": 3.0}, {"l": "Cottonseed", "v": 9.0}]}, {"source": 5, "prod": 0.048980961444807694, "target": 14, "value": 5.0, "supply": [{"l": "Fats, Animals, Raw", "v": 5.0}]}, {"source": 3, "prod": 0.14445916364036912, "target": 14, "value": 107.0, "supply": [{"l": "Bovine Meat", "v": 10.0}, {"l": "Poultry Meat", "v": 66.0}, {"l": "Milk - Excluding Butter", "v": 31.0}]}, {"source": 4, "prod": 0.80919716611057668, "target": 14, "value": 230.0, "supply": [{"l": "Wheat", "v": 230.0}]}, {"source": 8, "prod": 0.23926457530009096, "target": 14, "value": 62.0, "supply": [{"l": "Sugar", "v": 62.0}]}, {"source": 2, "prod": 0.049715229936351552, "target": 14, "value": 83.0, "supply": [{"l": "Dates", "v": 8.0}, {"l": "Grapes", "v": 33.0}, {"l": "Tomatoes", "v": 42.0}]}, {"source": 11, "prod": 0.31468493055772828, "target": 14, "value": 31.0, "supply": [{"l": "Palm Oil", "v": 30.0}, {"l": "Oilcrops Oil, Other", "v": 1.0}]}, {"source": 0, "prod": 0.0083054673754239128, "target": 15, "value": 10.0, "supply": [{"l": "Potatoes", "v": 10.0}]}, {"source": 2, "prod": 0.0081389417137612777, "target": 15, "value": 2.0, "supply": [{"l": "Pulses, Other", "v": 2.0}]}, {"source": 3, "prod": 0.019449894508265453, "target": 3, "value": 12.0, "supply": [{"l": "Eggs", "v": 12.0}]}, {"source": 4, "prod": 1.0179910098276048, "target": 15, "value": 277.0, "supply": [{"l": "Maize", "v": 1.0}, {"l": "Wheat", "v": 133.0}, {"l": "Barley", "v": 139.0}, {"l": "Rice", "v": 4.0}]}, {"source": 0, "prod": 0.011627654325593477, "target": 16, "value": 14.0, "supply": [{"l": "Potatoes", "v": 14.0}]}, {"source": 2, "prod": 0.14338238532780201, "target": 16, "value": 369.0, "supply": [{"l": "Dates", "v": 11.0}, {"l": "Lemons, Limes", "v": 1.0}, {"l": "Bananas", "v": 1.0}, {"l": "Apples", "v": 20.0}, {"l": "Vegetables, Other", "v": 207.0}, {"l": "Fruits, Other", "v": 18.0}, {"l": "Grapes", "v": 25.0}, {"l": "Oranges, Mandarines", "v": 23.0}, {"l": "Onions", "v": 14.0}, {"l": "Tomatoes", "v": 47.0}, {"l": "Pulses, Other", "v": 2.0}]}, {"source": 3, "prod": 0.02384522000403674, "target": 16, "value": 35.0, "supply": [{"l": "Milk - Excluding Butter", "v": 32.0}, {"l": "Eggs", "v": 3.0}]}, {"source": 4, "prod": 0.85396285095478575, "target": 16, "value": 237.0, "supply": [{"l": "Maize", "v": 3.0}, {"l": "Wheat", "v": 173.0}, {"l": "Barley", "v": 53.0}, {"l": "Rice", "v": 8.0}]}, {"source": 17, "prod": 0.042754280921216282, "target": 9, "value": 44.0, "supply": [{"l": "Cocoa Beans", "v": 2.0}, {"l": "Nuts", "v": 1.0}, {"l": "Coffee", "v": 1.0}, {"l": "Spices, Other", "v": 3.0}, {"l": "Tea", "v": 37.0}]}, {"source": 17, "prod": 0.99665046015351999, "target": 1, "value": 922.0, "supply": [{"l": "Milk - Excluding Butter", "v": 614.0}, {"l": "Eggs", "v": 46.0}, {"l": "Poultry Meat", "v": 140.0}, {"l": "Bovine Meat", "v": 102.0}, {"l": "Mutton & Goat Meat", "v": 20.0}]}, {"source": 17, "prod": 4.5878448023415057, "target": 13, "value": 851.0, "supply": [{"l": "Olive Oil", "v": 2.0}, {"l": "Coconut Oil", "v": 3.0}, {"l": "Sugar", "v": 591.0}, {"l": "Maize Germ Oil", "v": 2.0}, {"l": "Beer", "v": 23.0}, {"l": "Beverages, Alcoholic", "v": 3.0}, {"l": "Oilcrops Oil, Other", "v": 1.0}, {"l": "Fats, Animals, Raw", "v": 5.0}, {"l": "Butter, Ghee", "v": 4.0}, {"l": "Wine", "v": 2.0}, {"l": "Sweeteners, Other", "v": 5.0}, {"l": "Honey", "v": 2.0}, {"l": "Palm Oil", "v": 207.0}, {"l": "Sunflowerseed Oil", "v": 1.0}]}, {"source": 17, "prod": 10.302892622330791, "target": 4, "value": 2844.0, "supply": [{"l": "Maize", "v": 70.0}, {"l": "Barley", "v": 173.0}, {"l": "Rice", "v": 374.0}, {"l": "Wheat", "v": 2227.0}]}, {"source": 17, "prod": 0.3389213941013956, "target": 2, "value": 353.0, "supply": [{"l": "Grapes", "v": 20.0}, {"l": "Fruits, Other", "v": 10.0}, {"l": "Tomatoes", "v": 104.0}, {"l": "Lemons, Limes", "v": 1.0}, {"l": "Bananas", "v": 12.0}, {"l": "Apples", "v": 90.0}, {"l": "Vegetables, Other", "v": 3.0}, {"l": "Treenuts", "v": 1.0}, {"l": "Oranges, Mandarines", "v": 38.0}, {"l": "Onions", "v": 23.0}, {"l": "Pulses, Other", "v": 51.0}]}, {"source": 17, "prod": 0.015516822255684661, "target": 7, "value": 11.0, "supply": [{"l": "Coconuts - Incl Copra", "v": 10.0}, {"l": "Groundnuts", "v": 1.0}]}, {"source": 17, "prod": 0.064782645528306523, "target": 0, "value": 78.0, "supply": [{"l": "Potatoes", "v": 78.0}]}, {"source": 2, "prod": 0.22511358087212935, "target": 18, "value": 147.0, "supply": [{"l": "Dates", "v": 120.0}, {"l": "Vegetables, Other", "v": 24.0}, {"l": "Fruits, Other", "v": 3.0}]}, {"source": 19, "prod": 0.00265313541159375, "target": 2, "value": 1.0, "supply": [{"l": "Treenuts", "v": 1.0}]}, {"source": 11, "prod": 0.063244596014339127, "target": 20, "value": 7.0, "supply": [{"l": "Olive Oil", "v": 1.0}, {"l": "Coconut Oil", "v": 2.0}, {"l": "Palm Oil", "v": 4.0}]}, {"source": 3, "prod": 0.27646433193149916, "target": 20, "value": 184.0, "supply": [{"l": "Milk - Excluding Butter", "v": 80.0}, {"l": "Bovine Meat", "v": 54.0}, {"l": "Poultry Meat", "v": 50.0}]}, {"source": 5, "prod": 0.0014743330697717461, "target": 20, "value": 1.0, "supply": [{"l": "Wine", "v": 1.0}]}, {"source": 4, "prod": 0.35563754020163657, "target": 20, "value": 101.0, "supply": [{"l": "Wheat", "v": 100.0}, {"l": "Barley", "v": 1.0}]}, {"source": 2, "prod": 0.015354287490603878, "target": 20, "value": 26.0, "supply": [{"l": "Beans", "v": 2.0}, {"l": "Onions", "v": 7.0}, {"l": "Tomatoes", "v": 17.0}]}, {"source": 19, "prod": 0.00265313541159375, "target": 9, "value": 1.0, "supply": [{"l": "Nuts", "v": 1.0}]}, {"source": 19, "prod": 0.029108685658628571, "target": 13, "value": 3.0, "supply": [{"l": "Palmkernel Oil", "v": 1.0}, {"l": "Butter, Ghee", "v": 2.0}]}, {"source": 8, "prod": 0.3357422266307728, "target": 20, "value": 87.0, "supply": [{"l": "Sugar", "v": 87.0}]}, {"source": 21, "prod": 7.4098281412796227, "target": 4, "value": 2011.0, "supply": [{"l": "Maize", "v": 28.0}, {"l": "Barley", "v": 902.0}, {"l": "Rice", "v": 109.0}, {"l": "Wheat", "v": 965.0}, {"l": "Oats", "v": 1.0}, {"l": "Sorghum", "v": 6.0}]}, {"source": 21, "prod": 0.094754836128348216, "target": 7, "value": 28.0, "supply": [{"l": "Olives", "v": 3.0}, {"l": "Sunflower seed", "v": 8.0}, {"l": "Sesame seed", "v": 6.0}, {"l": "Cottonseed", "v": 9.0}, {"l": "Soyabeans", "v": 2.0}]}, {"source": 21, "prod": 0.050585722125499999, "target": 12, "value": 153.0, "supply": [{"l": "Sugar beet", "v": 7.0}, {"l": "Sugar cane", "v": 146.0}]}, {"source": 21, "prod": 0.077240846591442397, "target": 0, "value": 93.0, "supply": [{"l": "Potatoes", "v": 93.0}]}, {"source": 21, "prod": 1.9088162613551558, "target": 2, "value": 3810.0, "supply": [{"l": "Tomatoes", "v": 468.0}, {"l": "Treenuts", "v": 5.0}, {"l": "Vegetables, Other", "v": 2070.0}, {"l": "Grapes", "v": 250.0}, {"l": "Dates", "v": 374.0}, {"l": "Beans", "v": 6.0}, {"l": "Apples", "v": 110.0}, {"l": "Lemons, Limes", "v": 9.0}, {"l": "Fruits, Other", "v": 184.0}, {"l": "Grapefruit", "v": 1.0}, {"l": "Oranges, Mandarines", "v": 190.0}, {"l": "Onions", "v": 113.0}, {"l": "Pulses, Other", "v": 30.0}]}, {"source": 21, "prod": 0.01326567705796875, "target": 9, "value": 5.0, "supply": [{"l": "Nuts", "v": 5.0}]}, {"source": 1, "prod": 0.036834173671856901, "target": 10, "value": 48.0, "supply": [{"l": "Freshwater Fish", "v": 17.0}, {"l": "Marine Fish, Other", "v": 7.0}, {"l": "Fish, Seafood", "v": 24.0}]}, {"source": 1, "prod": 1.9228589555426017, "target": 3, "value": 1809.0, "supply": [{"l": "Poultry Meat", "v": 295.0}, {"l": "Bovine Meat", "v": 154.0}, {"l": "Eggs", "v": 94.0}, {"l": "Milk - Excluding Butter", "v": 1197.0}, {"l": "Offals, Edible", "v": 19.0}, {"l": "Meat, Other", "v": 3.0}, {"l": "Mutton & Goat Meat", "v": 59.0}]}, {"source": 13, "prod": 0.26144471953636894, "target": 5, "value": 84.0, "supply": [{"l": "Fats, Animals, Raw", "v": 11.0}, {"l": "Beer", "v": 54.0}, {"l": "Beverages, Alcoholic", "v": 3.0}, {"l": "Butter, Ghee", "v": 14.0}, {"l": "Wine", "v": 2.0}]}, {"source": 13, "prod": 2.2672044321086302, "target": 11, "value": 224.0, "supply": [{"l": "Olive Oil", "v": 2.0}, {"l": "Sesameseed Oil", "v": 2.0}, {"l": "Coconut Oil", "v": 3.0}, {"l": "Cottonseed Oil", "v": 2.0}, {"l": "Maize Germ Oil", "v": 2.0}, {"l": "Groundnut Oil", "v": 1.0}, {"l": "Palm Oil", "v": 207.0}, {"l": "Palmkernel Oil", "v": 1.0}, {"l": "Oilcrops Oil, Other", "v": 1.0}, {"l": "Sunflowerseed Oil", "v": 3.0}]}, {"source": 13, "prod": 2.3871786860921711, "target": 8, "value": 619.0, "supply": [{"l": "Honey", "v": 2.0}, {"l": "Sweeteners, Other", "v": 5.0}, {"l": "Sugar", "v": 612.0}]}]}