{"nodes": [{"name": "Balance", "fill": "#9edae5"}, {"name": "Food", "fill": "#b5cf6b"}, {"name": "Stock Deposit", "fill": "#c7c7c7"}, {"name": "Export", "fill": "#aec7e8"}, {"name": "Biofuels & Other", "fill": "#e7ba52"}, {"name": "Crop Residue", "fill": "#bd9e39"}, {"name": "Renewables & Nuclear", "fill": "#2ca02c"}, {"name": "Fossil Fuels", "fill": "#c49c94"}, {"name": "Stock Draw", "fill": "#c7c7c7"}, {"name": "Labor", "fill": "#7f7f7f"}], "links": [{"source": 0, "target": 1, "value": 8.2609694493844383}, {"source": 0, "target": 2, "value": 1.7916109133784874}, {"source": 0, "target": 3, "value": 0.67793677345886971}, {"source": 0, "target": 4, "value": 0.20547201589387507}, {"source": 0, "target": 5, "value": 26.479572634838156}, {"source": 6, "target": 0, "value": 0.013266235915295624}, {"source": 7, "target": 0, "value": 2.2118381730064369}, {"source": 8, "target": 0, "value": 0.13150301916656754}, {"source": 9, "target": 0, "value": 0.30076636867907924}]}