{"nodes": [{"layer": 3, "name": "Cereals", "fill": "#e7ba52"}, {"layer": 5, "name": "Production", "fill": "#b5cf6b"}, {"layer": 3, "name": "Oilcrops", "fill": "#ff9896"}, {"layer": 3, "name": "Fruits, Roots & Vegetables", "fill": "#98df8a"}, {"layer": 3, "name": "Sugar Crops", "fill": "#ffbb78"}, {"layer": 1, "name": "Electricity", "fill": "#bcbd22"}, {"layer": 0, "name": "Fossil Fuels", "fill": "#c49c94"}, {"layer": 0, "name": "Renewables & Nuclear", "fill": "#2ca02c"}, {"layer": 1, "name": "Fertilizers", "fill": "#c5b0d5"}, {"layer": 0, "name": "Labor", "fill": "#7f7f7f"}], "links": [{"source": 0, "prod": 3812.0, "target": 1, "value": 13.84905302145383, "supply": [{"l": "Maize", "v": 0.063675249878250004}, {"l": "Barley", "v": 3.7419035730922223}, {"l": "Rice", "v": 0.7646875876974869}, {"l": "Wheat", "v": 9.2420076966145714}, {"l": "Sorghum", "v": 0.022067348502779763}, {"l": "Millet", "v": 0.014711565668519841}]}, {"source": 2, "prod": 57.0, "target": 1, "value": 0.13458114194216317, "supply": [{"l": "Olives", "v": 0.014982411736058823}, {"l": "Sunflower seed", "v": 0.00424501665855}, {"l": "Sesame seed", "v": 0.051678463669304356}, {"l": "Oilcrops, Other", "v": 0.0065307948593076922}, {"l": "Cottonseed", "v": 0.057144455018942303}]}, {"source": 3, "prod": 2639.0, "target": 1, "value": 1.4178038295503741, "supply": [{"l": "Nuts", "v": 0.014554342829314289}, {"l": "Tomatoes", "v": 0.077515540618472864}, {"l": "Treenuts", "v": 0.013405315763842107}, {"l": "Vegetables, Other", "v": 0.33979822270094995}, {"l": "Grapes", "v": 0.094421130496014832}, {"l": "Dates", "v": 0.5576081204027542}, {"l": "Potatoes", "v": 0.016355580821033278}, {"l": "Beans", "v": 0.039797031173906254}, {"l": "Apples", "v": 0.027255323650401286}, {"l": "Lemons, Limes", "v": 0.0092977777600000006}, {"l": "Fruits, Other", "v": 0.054423290494230774}, {"l": "Oranges, Mandarines", "v": 0.015002935587752054}, {"l": "Onions", "v": 0.035990358626836957}, {"l": "Pulses, Other", "v": 0.12237885862486486}]}, {"source": 4, "prod": 184.0, "target": 1, "value": 0.12524409406491599, "supply": [{"l": "Sugar beet", "v": 0.086004444280000009}, {"l": "Sugar cane", "v": 0.039239649784915967}]}, {"source": 5, "prod": 0, "target": 3, "value": 0.00047659953794830268, "supply": "[{\"l\":'Energy for power irrigation',\"v\":0.00047659953794830268}]"}, {"source": 5, "prod": 0, "target": 4, "value": 3.1773302529886846e-05, "supply": "[{\"l\":'Energy for power irrigation',\"v\":3.1773302529886846e-05}]"}, {"source": 5, "prod": 0, "target": 0, "value": 0.0006675847151116442, "supply": "[{\"l\":'Energy for power irrigation',\"v\":0.0006675847151116442}]"}, {"source": 5, "prod": 0, "target": 2, "value": 1.0101838032599894e-05, "supply": "[{\"l\":'Energy for power irrigation',\"v\":1.0101838032599894e-05}]"}, {"source": 6, "prod": 0, "target": 5, "value": 0.0027228832194439822, "supply": [{"l": "Coal", "v": 0.0}, {"l": "Natural gas", "v": 0.0017391642668388068}, {"l": "Oil", "v": 0.00098371895260517548}]}, {"source": 7, "prod": 0, "target": 5, "value": 8.1797199560167873e-05, "supply": [{"l": "Nuclear", "v": 0.0}, {"l": "Hydroelectric", "v": 8.1797199560167873e-05}, {"l": "Renewable", "v": 0.0}]}, {"source": 6, "prod": 0, "target": 3, "value": 0.36318378031214127, "supply": [{"l": "Other fossil fuels", "v": 0.36318378031214127}]}, {"source": 6, "prod": 0, "target": 4, "value": 0.024212252020809417, "supply": [{"l": "Other fossil fuels", "v": 0.024212252020809417}]}, {"source": 6, "prod": 0, "target": 0, "value": 0.50872046908939783, "supply": [{"l": "Other fossil fuels", "v": 0.50872046908939783}]}, {"source": 6, "prod": 0, "target": 2, "value": 0.0076979170827029941, "supply": [{"l": "Other fossil fuels", "v": 0.0076979170827029941}]}, {"source": 8, "prod": 9.1095872461236098, "target": 3, "value": 0.12293081711321933, "supply": [{"l": "Potash", "v": 0.0024356944463929998}, {"l": "Phosphate", "v": 0.028280000022623996}, {"l": "Nitrogen", "v": 0.2752083335535}]}, {"source": 8, "prod": 0.60730581640824055, "target": 4, "value": 0.008195387807547954, "supply": [{"l": "Potash", "v": 0.0024356944463929998}, {"l": "Phosphate", "v": 0.028280000022623996}, {"l": "Nitrogen", "v": 0.2752083335535}]}, {"source": 8, "prod": 12.760023294751402, "target": 0, "value": 0.172192224260763, "supply": [{"l": "Potash", "v": 0.0024356944463929998}, {"l": "Phosphate", "v": 0.028280000022623996}, {"l": "Nitrogen", "v": 0.2752083335535}]}, {"source": 8, "prod": 0.19308364271675038, "target": 2, "value": 0.0026055988409867141, "supply": [{"l": "Potash", "v": 0.0024356944463929998}, {"l": "Phosphate", "v": 0.028280000022623996}, {"l": "Nitrogen", "v": 0.2752083335535}]}, {"source": 6, "prod": 0, "target": 8, "value": 0.3616677108796858, "supply": [{"l": "Natural gas (including LNG)", "v": 0.2471947978794817}, {"l": "Fuel oil", "v": 0.065824009359590069}, {"l": "Liquefied petroleum gas (LPG)", "v": 0.024324451820307021}, {"l": "Coal", "v": 0.024324451820307021}]}, {"source": 9, "prod": 0, "target": 3, "value": 0.13806832039529043, "supply": "[{\"l\":'Labor',\"v\":0.13806832039529043}]"}, {"source": 9, "prod": 0, "target": 4, "value": 0.0092045546930193626, "supply": "[{\"l\":'Labor',\"v\":0.0092045546930193626}]"}, {"source": 9, "prod": 0, "target": 0, "value": 0.19339569806093942, "supply": "[{\"l\":'Labor',\"v\":0.19339569806093942}]"}, {"source": 9, "prod": 0, "target": 2, "value": 0.0029264480953349603, "supply": "[{\"l\":'Labor',\"v\":0.0029264480953349603}]"}]}