{"nodes": [{"name": "Balance", "fill": "#9edae5"}, {"name": "Food", "fill": "#b5cf6b"}, {"name": "Stock Deposit", "fill": "#c7c7c7"}, {"name": "Export", "fill": "#aec7e8"}, {"name": "Biofuels & Other", "fill": "#e7ba52"}, {"name": "Crop Residue", "fill": "#bd9e39"}, {"name": "Renewables & Nuclear", "fill": "#2ca02c"}, {"name": "Fossil Fuels", "fill": "#c49c94"}, {"name": "Stock Draw", "fill": "#c7c7c7"}, {"name": "Labor", "fill": "#7f7f7f"}], "links": [{"source": 0, "target": 1, "value": 12.207573170558925}, {"source": 0, "target": 2, "value": 1.0031718787717943}, {"source": 0, "target": 3, "value": 0.37893977810362317}, {"source": 0, "target": 4, "value": 0.83848215145634208}, {"source": 0, "target": 5, "value": 26.495845866533962}, {"source": 6, "target": 0, "value": 0.057507376254251591}, {"source": 7, "target": 0, "value": 6.8811449254487442}, {"source": 8, "target": 0, "value": 2.022721877627923}, {"source": 9, "target": 0, "value": 0.44392397646912385}]}