{"nodes": [{"layer": 5, "name": "Fruits, Roots & Vegetables", "fill": "#98df8a"}, {"layer": 10, "name": "Feed", "fill": "#dbdb8d"}, {"layer": 13, "name": "Animal Products", "fill": "#17becf"}, {"layer": 5, "name": "Cereals", "fill": "#e7ba52"}, {"layer": 13, "name": "Other Processed", "fill": "#9c9ede"}, {"layer": 16, "name": "Food", "fill": "#b5cf6b"}, {"layer": 5, "name": "Oilcrops", "fill": "#ff9896"}, {"layer": 13, "name": "Sugar", "fill": "#d6616b"}, {"layer": 13, "name": "Aquatic Products", "fill": "#1f77b4"}, {"layer": 13, "name": "Vegetable Oils", "fill": "#f7b6d2"}, {"layer": 5, "name": "Sugar Crops", "fill": "#ffbb78"}, {"layer": 10, "name": "Processing", "fill": "#9edae5"}, {"layer": 16, "name": "Biofuels & Other", "fill": "#e7ba52"}, {"name": "Seed", "fill": "#dbdb8d"}, {"name": "Waste", "fill": "#c7c7c7"}, {"layer": 0, "name": "Import", "fill": "#aec7e8"}, {"layer": 16, "name": "Export", "fill": "#aec7e8"}, {"layer": 0, "name": "Stock Draw", "fill": "#c7c7c7"}, {"layer": 16, "name": "Stock Deposit", "fill": "#c7c7c7"}, {"layer": 0, "name": "Production", "fill": "#b5cf6b"}], "links": [{"source": 0, "prod": 0.11628992923952024, "target": 1, "value": 68.0, "supply": [{"l": "Dates", "v": 60.0}, {"l": "Potatoes", "v": 8.0}]}, {"source": 2, "prod": 0.015567911042181524, "target": 1, "value": 23.0, "supply": [{"l": "Milk - Excluding Butter", "v": 23.0}]}, {"source": 3, "prod": 2.0582020813271074, "target": 1, "value": 556.0, "supply": [{"l": "Maize", "v": 60.0}, {"l": "Wheat", "v": 100.0}, {"l": "Barley", "v": 381.0}, {"l": "Rye", "v": 6.0}, {"l": "Sorghum", "v": 8.0}, {"l": "Millet", "v": 1.0}]}, {"source": 4, "prod": 0.16764781346286056, "target": 5, "value": 38.0, "supply": [{"l": "Beer", "v": 20.0}, {"l": "Beverages, Alcoholic", "v": 1.0}, {"l": "Butter, Ghee", "v": 12.0}, {"l": "Fats, Animals, Raw", "v": 5.0}]}, {"source": 2, "prod": 0.86282695319762925, "target": 5, "value": 895.0, "supply": [{"l": "Eggs", "v": 32.0}, {"l": "Milk - Excluding Butter", "v": 719.0}, {"l": "Meat, Other", "v": 5.0}, {"l": "Mutton & Goat Meat", "v": 37.0}, {"l": "Bovine Meat", "v": 51.0}, {"l": "Poultry Meat", "v": 32.0}, {"l": "Offals, Edible", "v": 19.0}]}, {"source": 3, "prod": 6.6646631973276955, "target": 5, "value": 1834.0, "supply": [{"l": "Maize", "v": 1.0}, {"l": "Barley", "v": 80.0}, {"l": "Rice", "v": 253.0}, {"l": "Wheat", "v": 1500.0}]}, {"source": 6, "prod": 0.028650520664217242, "target": 5, "value": 11.0, "supply": [{"l": "Olives", "v": 6.0}, {"l": "Sunflower seed", "v": 2.0}, {"l": "Coconuts - Incl Copra", "v": 1.0}, {"l": "Sesame seed", "v": 2.0}]}, {"source": 0, "prod": 1.2828562937406833, "target": 5, "value": 2583.0, "supply": [{"l": "Nuts", "v": 5.0}, {"l": "Tomatoes", "v": 463.0}, {"l": "Coffee", "v": 1.0}, {"l": "Treenuts", "v": 5.0}, {"l": "Vegetables, Other", "v": 1168.0}, {"l": "Grapes", "v": 276.0}, {"l": "Dates", "v": 93.0}, {"l": "Potatoes", "v": 75.0}, {"l": "Beans", "v": 6.0}, {"l": "Apples", "v": 77.0}, {"l": "Lemons, Limes", "v": 8.0}, {"l": "Bananas", "v": 16.0}, {"l": "Spices, Other", "v": 2.0}, {"l": "Fruits, Other", "v": 138.0}, {"l": "Oranges, Mandarines", "v": 107.0}, {"l": "Tea", "v": 27.0}, {"l": "Onions", "v": 68.0}, {"l": "Pulses, Other", "v": 48.0}]}, {"source": 7, "prod": 1.6899506355373934, "target": 5, "value": 409.0, "supply": [{"l": "Sugar", "v": 404.0}, {"l": "Sweeteners, Other", "v": 5.0}]}, {"source": 8, "prod": 0.040866735571159288, "target": 5, "value": 56.0, "supply": [{"l": "Marine Fish, Other", "v": 9.0}, {"l": "Freshwater Fish", "v": 19.0}, {"l": "Fish, Seafood", "v": 28.0}]}, {"source": 9, "prod": 0.67450305416532197, "target": 5, "value": 66.0, "supply": [{"l": "Groundnut Oil", "v": 1.0}, {"l": "Soyabean Oil", "v": 2.0}, {"l": "Palm Oil", "v": 53.0}, {"l": "Sunflowerseed Oil", "v": 3.0}, {"l": "Sesameseed Oil", "v": 3.0}, {"l": "Cottonseed Oil", "v": 4.0}]}, {"source": 10, "prod": 0.13462019974260001, "target": 11, "value": 200.0, "supply": [{"l": "Sugar beet", "v": 72.0}, {"l": "Sugar cane", "v": 128.0}]}, {"source": 3, "prod": 0.015110466537221721, "target": 11, "value": 4.0, "supply": [{"l": "Barley", "v": 4.0}]}, {"source": 6, "prod": 1.3413039490270144, "target": 11, "value": 331.49773755656116, "supply": [{"l": "Sunflower seed", "v": 5.0}, {"l": "Soyabeans", "v": 10.0}, {"l": "Oilcrops, Other", "v": 1.0}, {"l": "Sesame seed", "v": 4.0}, {"l": "Cottonseed", "v": 21.0}, {"l": "Oil Palm", "v": 290.49773755656116}]}, {"source": 4, "prod": 0.031061097501585363, "target": 12, "value": 3.0, "supply": [{"l": "Fats, Animals, Raw", "v": 3.0}]}, {"source": 2, "prod": 0.02720586236292764, "target": 12, "value": 27.0, "supply": [{"l": "Bovine Meat", "v": 3.0}, {"l": "Poultry Meat", "v": 3.0}, {"l": "Milk - Excluding Butter", "v": 21.0}]}, {"source": 3, "prod": 0.17590791592800531, "target": 12, "value": 50.0, "supply": [{"l": "Wheat", "v": 50.0}]}, {"source": 0, "prod": 0.028422427919656764, "target": 12, "value": 49.0, "supply": [{"l": "Dates", "v": 4.0}, {"l": "Grapes", "v": 20.0}, {"l": "Tomatoes", "v": 25.0}]}, {"source": 7, "prod": 0.062154646896082834, "target": 12, "value": 15.0, "supply": [{"l": "Sugar", "v": 15.0}]}, {"source": 9, "prod": 0.43160870731954082, "target": 12, "value": 42.0, "supply": [{"l": "Palm Oil", "v": 41.0}, {"l": "Oilcrops Oil, Other", "v": 1.0}]}, {"source": 0, "prod": 0.017068641921255415, "target": 13, "value": 13.0, "supply": [{"l": "Potatoes", "v": 11.0}, {"l": "Pulses, Other", "v": 2.0}]}, {"source": 2, "prod": 0.0031679228795149254, "target": 2, "value": 2.0, "supply": [{"l": "Eggs", "v": 2.0}]}, {"source": 3, "prod": 0.6251295213040523, "target": 13, "value": 171.0, "supply": [{"l": "Maize", "v": 1.0}, {"l": "Wheat", "v": 89.0}, {"l": "Barley", "v": 76.0}, {"l": "Rice", "v": 5.0}]}, {"source": 6, "prod": 0.0022342192939736848, "target": 13, "value": 1.0, "supply": [{"l": "Cottonseed", "v": 1.0}]}, {"source": 0, "prod": 0.12661060179072389, "target": 14, "value": 284.0, "supply": [{"l": "Lemons, Limes", "v": 1.0}, {"l": "Bananas", "v": 2.0}, {"l": "Potatoes", "v": 8.0}, {"l": "Apples", "v": 9.0}, {"l": "Vegetables, Other", "v": 132.0}, {"l": "Fruits, Other", "v": 15.0}, {"l": "Dates", "v": 15.0}, {"l": "Grapes", "v": 32.0}, {"l": "Oranges, Mandarines", "v": 12.0}, {"l": "Onions", "v": 8.0}, {"l": "Tomatoes", "v": 49.0}, {"l": "Pulses, Other", "v": 1.0}]}, {"source": 2, "prod": 0.025274260851772822, "target": 14, "value": 36.0, "supply": [{"l": "Milk - Excluding Butter", "v": 35.0}, {"l": "Eggs", "v": 1.0}]}, {"source": 3, "prod": 0.55064419686326327, "target": 14, "value": 153.0, "supply": [{"l": "Maize", "v": 2.0}, {"l": "Wheat", "v": 115.0}, {"l": "Barley", "v": 30.0}, {"l": "Rice", "v": 6.0}]}, {"source": 6, "prod": 0.001632698714826923, "target": 14, "value": 1.0, "supply": [{"l": "Olives", "v": 1.0}]}, {"source": 15, "prod": 1.8567114598777417, "target": 11, "value": 384.0, "supply": [{"l": "Sugar", "v": 329.0}, {"l": "Beer", "v": 2.0}, {"l": "Groundnut Oil", "v": 1.0}, {"l": "Beverages, Alcoholic", "v": 1.0}, {"l": "Oilcrops Oil, Other", "v": 1.0}, {"l": "Butter, Ghee", "v": 4.0}, {"l": "Fats, Animals, Raw", "v": 3.0}, {"l": "Sweeteners, Other", "v": 5.0}, {"l": "Sesameseed Oil", "v": 1.0}, {"l": "Palm Oil", "v": 35.0}, {"l": "Sunflowerseed Oil", "v": 2.0}]}, {"source": 15, "prod": 3.1616649703285438, "target": 3, "value": 854.0, "supply": [{"l": "Maize", "v": 6.0}, {"l": "Rye", "v": 6.0}, {"l": "Barley", "v": 30.0}, {"l": "Wheat", "v": 616.0}, {"l": "Rice", "v": 196.0}]}, {"source": 15, "prod": 0.023993032751395176, "target": 6, "value": 11.0, "supply": [{"l": "Soyabeans", "v": 10.0}, {"l": "Coconuts - Incl Copra", "v": 1.0}]}, {"source": 15, "prod": 0.14654998939713623, "target": 1, "value": 187.0, "supply": [{"l": "Eggs", "v": 13.0}, {"l": "Milk - Excluding Butter", "v": 167.0}, {"l": "Poultry Meat", "v": 5.0}, {"l": "Bovine Meat", "v": 2.0}]}, {"source": 15, "prod": 0.18714028963873647, "target": 0, "value": 193.0, "supply": [{"l": "Potatoes", "v": 29.0}, {"l": "Nuts", "v": 1.0}, {"l": "Fruits, Other", "v": 6.0}, {"l": "Lemons, Limes", "v": 1.0}, {"l": "Tomatoes", "v": 68.0}, {"l": "Bananas", "v": 18.0}, {"l": "Spices, Other", "v": 2.0}, {"l": "Tea", "v": 27.0}, {"l": "Apples", "v": 5.0}, {"l": "Vegetables, Other", "v": 2.0}, {"l": "Treenuts", "v": 1.0}, {"l": "Grapes", "v": 9.0}, {"l": "Pulses, Other", "v": 24.0}]}, {"source": 0, "prod": 0.53648117383816163, "target": 16, "value": 320.0, "supply": [{"l": "Dates", "v": 286.0}, {"l": "Pulses, Other", "v": 1.0}, {"l": "Grapes", "v": 1.0}, {"l": "Potatoes", "v": 1.0}, {"l": "Vegetables, Other", "v": 22.0}, {"l": "Fruits, Other", "v": 3.0}, {"l": "Tomatoes", "v": 6.0}]}, {"source": 9, "prod": 0.0102763977933224, "target": 16, "value": 1.0, "supply": [{"l": "Palm Oil", "v": 1.0}]}, {"source": 3, "prod": 0.017590791592800532, "target": 16, "value": 5.0, "supply": [{"l": "Wheat", "v": 5.0}]}, {"source": 17, "prod": 0.90663888644773061, "target": 11, "value": 130.0, "supply": [{"l": "Palm Oil", "v": 60.0}, {"l": "Sugar", "v": 70.0}]}, {"source": 17, "prod": 0.15544741158267297, "target": 0, "value": 85.0, "supply": [{"l": "Dates", "v": 85.0}]}, {"source": 3, "prod": 0.52993076469270695, "target": 18, "value": 139.0, "supply": [{"l": "Wheat", "v": 60.0}, {"l": "Barley", "v": 38.0}, {"l": "Rice", "v": 41.0}]}, {"source": 17, "prod": 0.014150055528500001, "target": 3, "value": 4.0, "supply": [{"l": "Maize", "v": 4.0}]}, {"source": 0, "prod": 0.0079262715539834758, "target": 18, "value": 18.0, "supply": [{"l": "Beans", "v": 1.0}, {"l": "Tomatoes", "v": 17.0}]}, {"source": 19, "prod": 7.4650408305375899, "target": 3, "value": 2055.0, "supply": [{"l": "Maize", "v": 55.0}, {"l": "Barley", "v": 579.0}, {"l": "Rice", "v": 109.0}, {"l": "Wheat", "v": 1302.0}, {"l": "Sorghum", "v": 9.0}, {"l": "Millet", "v": 1.0}]}, {"source": 19, "prod": 1.3584300992304357, "target": 6, "value": 335.49773755656116, "supply": [{"l": "Olives", "v": 7.0}, {"l": "Sunflower seed", "v": 7.0}, {"l": "Sesame seed", "v": 7.0}, {"l": "Cottonseed", "v": 22.0}, {"l": "Oilcrops, Other", "v": 1.0}, {"l": "Soyabeans", "v": 1.0}, {"l": "Oil Palm", "v": 290.49773755656116}]}, {"source": 19, "prod": 1.7784502560090754, "target": 0, "value": 3056.0, "supply": [{"l": "Nuts", "v": 4.0}, {"l": "Tomatoes", "v": 492.0}, {"l": "Treenuts", "v": 4.0}, {"l": "Vegetables, Other", "v": 1320.0}, {"l": "Grapes", "v": 320.0}, {"l": "Dates", "v": 372.0}, {"l": "Potatoes", "v": 74.0}, {"l": "Beans", "v": 8.0}, {"l": "Apples", "v": 80.0}, {"l": "Lemons, Limes", "v": 8.0}, {"l": "Fruits, Other", "v": 150.0}, {"l": "Oranges, Mandarines", "v": 119.0}, {"l": "Onions", "v": 76.0}, {"l": "Pulses, Other", "v": 29.0}]}, {"source": 19, "prod": 0.13462019974260001, "target": 10, "value": 200.0, "supply": [{"l": "Sugar beet", "v": 72.0}, {"l": "Sugar cane", "v": 128.0}]}, {"source": 1, "prod": 0.040866735571159288, "target": 8, "value": 56.0, "supply": [{"l": "Freshwater Fish", "v": 19.0}, {"l": "Marine Fish, Other", "v": 9.0}, {"l": "Fish, Seafood", "v": 28.0}]}, {"source": 1, "prod": 0.93087498745451125, "target": 2, "value": 981.0, "supply": [{"l": "Poultry Meat", "v": 35.0}, {"l": "Bovine Meat", "v": 54.0}, {"l": "Eggs", "v": 35.0}, {"l": "Milk - Excluding Butter", "v": 798.0}, {"l": "Offals, Edible", "v": 19.0}, {"l": "Meat, Other", "v": 5.0}, {"l": "Mutton & Goat Meat", "v": 37.0}]}, {"source": 11, "prod": 0.19870891096444593, "target": 4, "value": 41.0, "supply": [{"l": "Fats, Animals, Raw", "v": 8.0}, {"l": "Beer", "v": 20.0}, {"l": "Beverages, Alcoholic", "v": 1.0}, {"l": "Butter, Ghee", "v": 12.0}]}, {"source": 11, "prod": 1.1163881592781852, "target": 9, "value": 109.0, "supply": [{"l": "Sesameseed Oil", "v": 3.0}, {"l": "Soyabean Oil", "v": 2.0}, {"l": "Cottonseed Oil", "v": 4.0}, {"l": "Groundnut Oil", "v": 1.0}, {"l": "Palm Oil", "v": 95.0}, {"l": "Oilcrops Oil, Other", "v": 1.0}, {"l": "Sunflowerseed Oil", "v": 3.0}]}, {"source": 11, "prod": 1.7521052824334762, "target": 7, "value": 424.0, "supply": [{"l": "Sweeteners, Other", "v": 5.0}, {"l": "Sugar", "v": 419.0}]}]}