{"nodes": [{"layer": 3, "name": "Cereals", "fill": "#e7ba52"}, {"layer": 5, "name": "Production", "fill": "#b5cf6b"}, {"layer": 3, "name": "Oilcrops", "fill": "#ff9896"}, {"layer": 3, "name": "Sugar Crops", "fill": "#ffbb78"}, {"layer": 3, "name": "Starchy Roots"}, {"layer": 3, "name": "Fruits & Vegetables"}, {"layer": 3, "name": "Others"}, {"layer": 1, "name": "Electricity", "fill": "#bcbd22"}, {"layer": 0, "name": "Fossil Fuels", "fill": "#c49c94"}, {"layer": 0, "name": "Renewables & Nuclear", "fill": "#2ca02c"}, {"layer": 1, "name": "Fertilizers", "fill": "#c5b0d5"}, {"layer": 0, "name": "Labor", "fill": "#7f7f7f"}], "links": [{"source": 0, "prod": 1947.0, "target": 1, "value": 7.1697187958119777, "supply": [{"l": "Maize", "v": 0.013061589718615384}, {"l": "Barley", "v": 3.0681459641722237}, {"l": "Rice", "v": 0.50787775606063201}, {"l": "Wheat", "v": 3.5367073211291866}, {"l": "Sorghum", "v": 0.025623596093269939}, {"l": "Millet", "v": 0.018302568638049955}]}, {"source": 2, "prod": 51.0, "target": 1, "value": 0.12561512617403964, "supply": [{"l": "Olives", "v": 0.011816025750603094}, {"l": "Sunflower seed", "v": 0.00424501665855}, {"l": "Sesame seed", "v": 0.057307724890425009}, {"l": "Oilcrops, Other", "v": 0.019592384577923075}, {"l": "Cottonseed", "v": 0.032653974296538463}]}, {"source": 3, "prod": 28.0, "target": 1, "value": 0.032542222160000002, "supply": [{"l": "Sugar beet", "v": 0.032542222160000002}]}, {"source": 4, "prod": 10.0, "target": 1, "value": 0.0078033394458639719, "supply": [{"l": "Potatoes", "v": 0.0078033394458639719}]}, {"source": 5, "prod": 1961.0, "target": 1, "value": 1.1574572497192308, "supply": [{"l": "Tomatoes", "v": 0.043576637486511881}, {"l": "Treenuts", "v": 0.0070750277642500003}, {"l": "Vegetables, Other", "v": 0.2724817059573813}, {"l": "Grapes", "v": 0.035375138821250006}, {"l": "Dates", "v": 0.51765027260040197}, {"l": "Beans", "v": 0.043325427752211348}, {"l": "Apples", "v": 0.013067833308347036}, {"l": "Lemons, Limes", "v": 0.0039488527056279069}, {"l": "Fruits, Other", "v": 0.034346994392455053}, {"l": "Oranges, Mandarines", "v": 0.011854434817759309}, {"l": "Onions", "v": 0.040520613558886372}, {"l": "Pulses, Other", "v": 0.13423431055414864}]}, {"source": 6, "prod": 3.0, "target": 1, "value": 0.0084900333171, "supply": [{"l": "Nuts", "v": 0.0084900333171}]}, {"source": 7, "prod": 0, "target": 0, "value": 0.00033074458264426823, "supply": "[{\"l\":'Energy for power irrigation',\"v\":0.00033074458264426823}]"}, {"source": 7, "prod": 0, "target": 2, "value": 9.516669288471995e-06, "supply": "[{\"l\":'Energy for power irrigation',\"v\":9.516669288471995e-06}]"}, {"source": 7, "prod": 0, "target": 3, "value": 4.5163854250375562e-06, "supply": "[{\"l\":'Energy for power irrigation',\"v\":4.5163854250375562e-06}]"}, {"source": 7, "prod": 0, "target": 4, "value": 5.1615833429000646e-06, "supply": "[{\"l\":'Energy for power irrigation',\"v\":5.1615833429000646e-06}]"}, {"source": 7, "prod": 0, "target": 5, "value": 0.00033058328316480255, "supply": "[{\"l\":'Energy for power irrigation',\"v\":0.00033058328316480255}]"}, {"source": 7, "prod": 0, "target": 6, "value": 1.6129947946562701e-06, "supply": "[{\"l\":'Energy for power irrigation',\"v\":1.6129947946562701e-06}]"}, {"source": 8, "prod": 0, "target": 7, "value": 0.0016140007715887768, "supply": [{"l": "Coal", "v": 0.0}, {"l": "Natural gas", "v": 0.0010892638275445084}, {"l": "Oil", "v": 0.00052473694404426836}]}, {"source": 9, "prod": 0, "target": 7, "value": 5.0660808330659765e-05, "supply": [{"l": "Nuclear", "v": 0.0}, {"l": "Hydroelectric", "v": 5.0660808330659765e-05}, {"l": "Renewable", "v": 0.0}]}, {"source": 8, "prod": 0, "target": 0, "value": 0.44995284952361508, "supply": [{"l": "Other fossil fuels", "v": 0.44995284952361508}]}, {"source": 8, "prod": 0, "target": 2, "value": 0.01294670476561487, "supply": [{"l": "Other fossil fuels", "v": 0.01294670476561487}]}, {"source": 8, "prod": 0, "target": 3, "value": 0.0061441988718172261, "supply": [{"l": "Other fossil fuels", "v": 0.0061441988718172261}]}, {"source": 8, "prod": 0, "target": 4, "value": 0.0070219415677911156, "supply": [{"l": "Other fossil fuels", "v": 0.0070219415677911156}]}, {"source": 8, "prod": 0, "target": 5, "value": 0.44973341384962162, "supply": [{"l": "Other fossil fuels", "v": 0.44973341384962162}]}, {"source": 8, "prod": 0, "target": 6, "value": 0.0021943567399347239, "supply": [{"l": "Other fossil fuels", "v": 0.0021943567399347239}]}, {"source": 10, "prod": 1.7130329865216363, "target": 0, "value": 0.025109909546571729, "supply": [{"l": "Potash", "v": 0.00023844166685741997}, {"l": "Phosphate", "v": 0.0034424166694205995}, {"l": "Nitrogen", "v": 0.048106416705151797}]}, {"source": 10, "prod": 0.049289903050366519, "target": 2, "value": 0.00072249922616324409, "supply": [{"l": "Potash", "v": 0.00023844166685741997}, {"l": "Phosphate", "v": 0.0034424166694205995}, {"l": "Nitrogen", "v": 0.048106416705151797}]}, {"source": 10, "prod": 0.023391818396784107, "target": 3, "value": 0.00034288098868764125, "supply": [{"l": "Potash", "v": 0.00023844166685741997}, {"l": "Phosphate", "v": 0.0034424166694205995}, {"l": "Nitrogen", "v": 0.048106416705151797}]}, {"source": 10, "prod": 0.026733506739181838, "target": 4, "value": 0.00039186398707158999, "supply": [{"l": "Potash", "v": 0.00023844166685741997}, {"l": "Phosphate", "v": 0.0034424166694205995}, {"l": "Nitrogen", "v": 0.048106416705151797}]}, {"source": 10, "prod": 1.7121975644360368, "target": 5, "value": 0.025097663796975742, "supply": [{"l": "Potash", "v": 0.00023844166685741997}, {"l": "Phosphate", "v": 0.0034424166694205995}, {"l": "Nitrogen", "v": 0.048106416705151797}]}, {"source": 10, "prod": 0.0083542208559943248, "target": 6, "value": 0.00012245749595987188, "supply": [{"l": "Potash", "v": 0.00023844166685741997}, {"l": "Phosphate", "v": 0.0034424166694205995}, {"l": "Nitrogen", "v": 0.048106416705151797}]}, {"source": 8, "prod": 0, "target": 10, "value": 0.061108658878798031, "supply": [{"l": "Natural gas (including LNG)", "v": 0.041730573333422935}, {"l": "Fuel oil", "v": 0.010874257188995764}, {"l": "Liquefied petroleum gas (LPG)", "v": 0.0042519141781896669}, {"l": "Coal", "v": 0.0042519141781896669}]}, {"source": 11, "prod": 0, "target": 0, "value": 0.12937605587895923, "supply": "[{\"l\":'Labor',\"v\":0.12937605587895923}]"}, {"source": 11, "prod": 0, "target": 2, "value": 0.0037225980477242596, "supply": "[{\"l\":'Labor',\"v\":0.0037225980477242596}]"}, {"source": 11, "prod": 0, "target": 3, "value": 0.0017666567006149028, "supply": "[{\"l\":'Labor',\"v\":0.0017666567006149028}]"}, {"source": 11, "prod": 0, "target": 4, "value": 0.0020190362292741744, "supply": "[{\"l\":'Labor',\"v\":0.0020190362292741744}]"}, {"source": 11, "prod": 0, "target": 5, "value": 0.1293129609967944, "supply": "[{\"l\":'Labor',\"v\":0.1293129609967944}]"}, {"source": 11, "prod": 0, "target": 6, "value": 0.00063094882164817961, "supply": "[{\"l\":'Labor',\"v\":0.00063094882164817961}]"}]}