{"nodes": [{"layer": 13, "name": "Milk - Excluding Butter"}, {"layer": 10, "name": "Feed", "fill": "#dbdb8d"}, {"layer": 5, "name": "Vegetables"}, {"layer": 5, "name": "Sugar Crops", "fill": "#ffbb78"}, {"layer": 5, "name": "Starchy Roots"}, {"layer": 5, "name": "Pulses"}, {"layer": 13, "name": "Fish, Seafood"}, {"layer": 5, "name": "Cereals - Excluding Beer"}, {"layer": 16, "name": "Food", "fill": "#b5cf6b"}, {"layer": 13, "name": "Meat"}, {"layer": 5, "name": "Treenuts"}, {"layer": 5, "name": "Others"}, {"layer": 13, "name": "Alcoholic Beverages"}, {"layer": 13, "name": "Animal Fats"}, {"layer": 13, "name": "Sugar & Sweeteners"}, {"layer": 5, "name": "Fruits - Excluding Wine"}, {"layer": 13, "name": "Vegetable Oils", "fill": "#f7b6d2"}, {"layer": 5, "name": "Spices"}, {"layer": 5, "name": "Stimulants"}, {"layer": 13, "name": "Eggs"}, {"layer": 5, "name": "Oilcrops", "fill": "#ff9896"}, {"layer": 10, "name": "Processing", "fill": "#9edae5"}, {"layer": 16, "name": "Biofuels & Other", "fill": "#e7ba52"}, {"name": "Waste", "fill": "#c7c7c7"}, {"layer": 2, "name": "Import", "fill": "#aec7e8"}, {"layer": 16, "name": "Export", "fill": "#aec7e8"}, {"layer": 16, "name": "Stock Deposit", "fill": "#c7c7c7"}, {"layer": 0, "name": "Stock Draw", "fill": "#c7c7c7"}, {"name": "Crop Residue", "fill": "#bd9e39"}, {"layer": 2, "name": "Electricity", "fill": "#bcbd22"}, {"layer": 0, "name": "Fossil Fuels", "fill": "#c49c94"}, {"layer": 0, "name": "Renewables & Nuclear", "fill": "#2ca02c"}, {"layer": 2, "name": "Fertilizers", "fill": "#c5b0d5"}, {"layer": 0, "name": "Labor", "fill": "#7f7f7f"}], "links": [{"source": 0, "prod": 290.0, "target": 1, "value": 0.22128705571060073, "supply": [{"l": "Milk - Excluding Butter", "v": 0.22128705571060073}]}, {"source": 2, "prod": 34.0, "target": 1, "value": 0.0082997109327985381, "supply": [{"l": "Vegetables, Other", "v": 0.0082997109327985381}]}, {"source": 3, "prod": 235.0, "target": 1, "value": 0.2731222217, "supply": [{"l": "Sugar beet", "v": 0.2731222217}]}, {"source": 4, "prod": 10.0, "target": 1, "value": 0.0087296713542762121, "supply": [{"l": "Potatoes", "v": 0.0087296713542762121}]}, {"source": 5, "prod": 42.0, "target": 1, "value": 0.17143336505682694, "supply": [{"l": "Pulses, Other", "v": 0.17143336505682694}]}, {"source": 6, "prod": 50.0, "target": 1, "value": 0.051502040342702213, "supply": [{"l": "Pelagic Fish", "v": 0.02497068622676471}, {"l": "Fish, Seafood", "v": 0.026531354115937499}]}, {"source": 7, "prod": 986.0, "target": 1, "value": 3.3955488659708801, "supply": [{"l": "Maize", "v": 0.85749336502710005}, {"l": "Wheat", "v": 0.82837504171276766}, {"l": "Oats", "v": 0.00424501665855}, {"l": "Millet", "v": 0.02971511660985}, {"l": "Barley", "v": 1.6714753093040624}, {"l": "Sorghum", "v": 0.00424501665855}]}, {"source": 0, "prod": 1053.0, "target": 8, "value": 0.80350092987331934, "supply": [{"l": "Milk - Excluding Butter", "v": 0.80350092987331934}]}, {"source": 6, "prod": 40.0, "target": 8, "value": 0.0424501665855, "supply": [{"l": "Freshwater Fish", "v": 0.00424501665855}, {"l": "Pelagic Fish", "v": 0.0169800666342}, {"l": "Fish, Seafood", "v": 0.02122508329275}]}, {"source": 9, "prod": 251.0, "target": 8, "value": 0.58156728222135012, "supply": [{"l": "Pigmeat", "v": 0.00424501665855}, {"l": "Meat, Other", "v": 0.00424501665855}, {"l": "Mutton & Goat Meat", "v": 0.29290614943995003}, {"l": "Bovine Meat", "v": 0.12735049975650001}, {"l": "Poultry Meat", "v": 0.11461544978085002}, {"l": "Offals, Edible", "v": 0.038205149926950004}]}, {"source": 10, "prod": 38.0, "target": 8, "value": 0.12310548309795001, "supply": [{"l": "Treenuts", "v": 0.12310548309795001}]}, {"source": 2, "prod": 2927.0, "target": 8, "value": 0.71836454730233945, "supply": [{"l": "Tomatoes", "v": 0.16047047347789534}, {"l": "Vegetables, Other", "v": 0.49895909254824156}, {"l": "Onions", "v": 0.058934981276202517}]}, {"source": 11, "prod": 39.0, "target": 8, "value": 0.12735049975650001, "supply": [{"l": "Nuts", "v": 0.12310548309795001}, {"l": "Infant food", "v": 0.00424501665855}]}, {"source": 12, "prod": 12.0, "target": 8, "value": 0.014415369069659375, "supply": [{"l": "Beer", "v": 0.00424501665855}, {"l": "Beverages, Alcoholic", "v": 0.0084900333171}, {"l": "Wine", "v": 0.0016803190940093752}]}, {"source": 13, "prod": 47.0, "target": 8, "value": 0.44524160438677285, "supply": [{"l": "Fats, Animals, Raw", "v": 0.14008554973215001}, {"l": "Butter, Ghee", "v": 0.30515605465462287}]}, {"source": 4, "prod": 247.0, "target": 8, "value": 0.21562288245062242, "supply": [{"l": "Potatoes", "v": 0.21562288245062242}]}, {"source": 5, "prod": 88.0, "target": 8, "value": 0.35658139931820004, "supply": [{"l": "Peas", "v": 0.00424501665855}, {"l": "Beans", "v": 0.033960133268399993}, {"l": "Pulses, Other", "v": 0.31837624939125003}]}, {"source": 14, "prod": 404.0, "target": 8, "value": 1.6386754072726499, "supply": [{"l": "Sugar", "v": 1.59622524068715}, {"l": "Honey", "v": 0.00424501665855}, {"l": "Sweeteners, Other", "v": 0.038205149926950004}]}, {"source": 15, "prod": 869.0, "target": 8, "value": 0.52105610023232241, "supply": [{"l": "Citrus, Other", "v": 0.0084900333171}, {"l": "Grapes", "v": 0.24122372269827841}, {"l": "Dates", "v": 0.00424501665855}, {"l": "Fruits, Other", "v": 0.16071757922701438}, {"l": "Apples", "v": 0.072165283195350011}, {"l": "Lemons, Limes", "v": 0.00424501665855}, {"l": "Pineapples", "v": 0.00057732226556280017}, {"l": "Oranges, Mandarines", "v": 0.029392126211916846}]}, {"source": 7, "prod": 1757.0, "target": 8, "value": 5.9440992979463676, "supply": [{"l": "Maize", "v": 0.0424501665855}, {"l": "Barley", "v": 0.063675249878250004}, {"l": "Rice", "v": 0.42423355953972319}, {"l": "Wheat", "v": 5.4010052719672448}, {"l": "Millet", "v": 0.012735049975650002}]}, {"source": 16, "prod": 123.0, "target": 8, "value": 1.25227991427225, "supply": [{"l": "Sesameseed Oil", "v": 0.0594302332197}, {"l": "Soyabean Oil", "v": 0.16131063302490001}, {"l": "Sunflowerseed Oil", "v": 0.02122508329275}, {"l": "Olive Oil", "v": 0.59430233219700002}, {"l": "Oilcrops Oil, Other", "v": 0.02971511660985}, {"l": "Cottonseed Oil", "v": 0.38629651592805003}]}, {"source": 17, "prod": 3.0, "target": 8, "value": 0.012735049975650002, "supply": [{"l": "Spices, Other", "v": 0.012735049975650002}]}, {"source": 18, "prod": 37.0, "target": 8, "value": 0.021225083292750004, "supply": [{"l": "Coffee", "v": 0.0042450166585499991}, {"l": "Cocoa Beans", "v": 0.00424501665855}, {"l": "Tea", "v": 0.012735049975650002}]}, {"source": 19, "prod": 75.0, "target": 8, "value": 0.12310548309795001, "supply": [{"l": "Eggs", "v": 0.12310548309795001}]}, {"source": 20, "prod": 46.0, "target": 8, "value": 0.191450251300605, "supply": [{"l": "Olives", "v": 0.025470099951300004}, {"l": "Sunflower seed", "v": 0.00424501665855}, {"l": "Coconuts - Incl Copra", "v": 0.0067920266536800004}, {"l": "Sesame seed", "v": 0.072165283195350011}, {"l": "Groundnuts", "v": 0.082777824841724995}]}, {"source": 4, "prod": 2.0, "target": 21, "value": 0.0017459342708552423, "supply": [{"l": "Potatoes", "v": 0.0017459342708552423}]}, {"source": 7, "prod": 2.0, "target": 21, "value": 0.0063675249878250009, "supply": [{"l": "Barley", "v": 0.0063675249878250009}]}, {"source": 3, "prod": 923.0, "target": 21, "value": 1.07273110906, "supply": [{"l": "Sugar beet", "v": 1.07273110906}]}, {"source": 20, "prod": 365.0, "target": 21, "value": 0.76093172138820087, "supply": [{"l": "Sunflower seed", "v": 0.010612541646375}, {"l": "Olives", "v": 0.17978894083270588}, {"l": "Cottonseed", "v": 0.48393189907470002}, {"l": "Sesame seed", "v": 0.086598339834420002}]}, {"source": 15, "prod": 1.0, "target": 21, "value": 0.00074222683907162578, "supply": [{"l": "Grapes", "v": 0.00074222683907162578}]}, {"source": 15, "prod": 28.0, "target": 22, "value": 0.020782351494005522, "supply": [{"l": "Grapes", "v": 0.020782351494005522}]}, {"source": 16, "prod": 30.0, "target": 22, "value": 0.29783427222746206, "supply": [{"l": "Olive Oil", "v": 0.020493183868862071}, {"l": "Palm Oil", "v": 0.26743604948865002}, {"l": "Oilcrops Oil, Other", "v": 0.0099050388699500006}]}, {"source": 12, "prod": 2.0, "target": 22, "value": 0.0033606381880187503, "supply": [{"l": "Alcohol, Non-Food", "v": 0.0033606381880187503}]}, {"source": 4, "prod": 22.0, "target": 4, "value": 0.019205276979407663, "supply": [{"l": "Potatoes", "v": 0.019205276979407663}]}, {"source": 7, "prod": 302.0, "target": 7, "value": 0.98307943243163554, "supply": [{"l": "Maize", "v": 0.0084900333171}, {"l": "Wheat", "v": 0.49702502502766049}, {"l": "Barley", "v": 0.47756437408687502}]}, {"source": 19, "prod": 6.0, "target": 19, "value": 0.0098484386478359994, "supply": [{"l": "Eggs", "v": 0.0098484386478359994}]}, {"source": 5, "prod": 13.0, "target": 5, "value": 0.053062708231874998, "supply": [{"l": "Pulses, Other", "v": 0.053062708231874998}]}, {"source": 20, "prod": 14.0, "target": 20, "value": 0.0339601332684, "supply": [{"l": "Groundnuts", "v": 0.0063675249878250009}, {"l": "Cottonseed", "v": 0.027592608280575002}]}, {"source": 20, "prod": 15.0, "target": 23, "value": 0.022473617604088236, "supply": [{"l": "Olives", "v": 0.022473617604088236}]}, {"source": 19, "prod": 5.0, "target": 23, "value": 0.008207032206530001, "supply": [{"l": "Eggs", "v": 0.008207032206530001}]}, {"source": 4, "prod": 32.0, "target": 23, "value": 0.027934948333683877, "supply": [{"l": "Potatoes", "v": 0.027934948333683877}]}, {"source": 5, "prod": 5.0, "target": 23, "value": 0.020408733935336539, "supply": [{"l": "Pulses, Other", "v": 0.020408733935336539}]}, {"source": 15, "prod": 74.0, "target": 23, "value": 0.042196447074311666, "supply": [{"l": "Oranges, Mandarines", "v": 0.0032299039793315214}, {"l": "Fruits, Other", "v": 0.016012452542912871}, {"l": "Citrus, Other", "v": 0.00031444567841111109}, {"l": "Apples", "v": 0.0080825117178792028}, {"l": "Grapes", "v": 0.014102309942360891}, {"l": "Lemons, Limes", "v": 0.00045482321341607147}]}, {"source": 7, "prod": 245.0, "target": 23, "value": 0.81158179732759916, "supply": [{"l": "Maize", "v": 0.02971511660985}, {"l": "Wheat", "v": 0.61631103103429907}, {"l": "Barley", "v": 0.16555564968344999}]}, {"source": 2, "prod": 333.0, "target": 23, "value": 0.082410743128905534, "supply": [{"l": "Vegetables, Other", "v": 0.056633321659095917}, {"l": "Tomatoes", "v": 0.017853390373849611}, {"l": "Onions", "v": 0.0079240310959600019}]}, {"source": 24, "prod": 4.0, "target": 11, "value": 0.013963870587335525, "supply": [{"l": "Nuts", "v": 0.0097188539287855254}, {"l": "Infant food", "v": 0.00424501665855}]}, {"source": 24, "prod": 286.0, "target": 1, "value": 0.27382512687643962, "supply": [{"l": "Pigmeat", "v": 0.00424501665855}, {"l": "Milk - Excluding Butter", "v": 0.1442181156182881}, {"l": "Fish, Seafood", "v": 0.043511420750137503}, {"l": "Mutton & Goat Meat", "v": 0.011955353038365306}, {"l": "Pelagic Fish", "v": 0.040951925411894123}, {"l": "Bovine Meat", "v": 0.028943295399204545}]}, {"source": 24, "prod": 1545.0, "target": 7, "value": 5.5154478019149629, "supply": [{"l": "Maize", "v": 0.52638206566020007}, {"l": "Wheat", "v": 3.9298111978853694}, {"l": "Rice", "v": 1.056070775875481}, {"l": "Barley", "v": 0.0031837624939125004}]}, {"source": 24, "prod": 1.0, "target": 5, "value": 0.0040817467870673078, "supply": [{"l": "Pulses, Other", "v": 0.0040817467870673078}]}, {"source": 24, "prod": 720.0, "target": 21, "value": 3.3793153415830055, "supply": [{"l": "Olive Oil", "v": 0.010246591934431035}, {"l": "Sugar", "v": 2.5871287017890428}, {"l": "Beverages, Alcoholic", "v": 0.0028300111056999999}, {"l": "Oilcrops Oil, Other", "v": 0.039620155479800002}, {"l": "Butter, Ghee", "v": 0.16155320540538859}, {"l": "Sweeteners, Other", "v": 0.038205149926950004}, {"l": "Soyabean Oil", "v": 0.2621297786654625}, {"l": "Cottonseed Oil", "v": 0.010165697787580263}, {"l": "Palm Oil", "v": 0.26743604948865002}]}, {"source": 24, "prod": 3.0, "target": 10, "value": 0.0097188539287855254, "supply": [{"l": "Treenuts", "v": 0.0097188539287855254}]}, {"source": 24, "prod": 37.0, "target": 2, "value": 0.0083506532014227079, "supply": [{"l": "Vegetables, Other", "v": 0.0041498554663992691}, {"l": "Tomatoes", "v": 0.004200797735023438}]}, {"source": 24, "prod": 37.0, "target": 18, "value": 0.021225083292750004, "supply": [{"l": "Cocoa Beans", "v": 0.00424501665855}, {"l": "Coffee", "v": 0.0042450166585499991}, {"l": "Tea", "v": 0.012735049975650002}]}, {"source": 24, "prod": 89.0, "target": 15, "value": 0.034331282165107321, "supply": [{"l": "Dates", "v": 0.00424501665855}, {"l": "Fruits, Other", "v": 0.0005930537978856618}, {"l": "Pineapples", "v": 0.00057732226556280017}, {"l": "Citrus, Other", "v": 0.00062889135682222218}, {"l": "Apples", "v": 0.0092371562490048027}, {"l": "Lemons, Limes", "v": 0.0025773315426910713}, {"l": "Oranges, Mandarines", "v": 0.016472510294590761}]}, {"source": 24, "prod": 24.0, "target": 20, "value": 0.12352998476380501, "supply": [{"l": "Coconuts - Incl Copra", "v": 0.01528205997078}, {"l": "Sesame seed", "v": 0.10824792479302502}]}, {"source": 24, "prod": 1.0, "target": 17, "value": 0.00424501665855, "supply": [{"l": "Spices, Other", "v": 0.00424501665855}]}, {"source": 24, "prod": 10.0, "target": 4, "value": 0.0087296713542762121, "supply": [{"l": "Potatoes", "v": 0.0087296713542762121}]}, {"source": 0, "prod": 2.0, "target": 25, "value": 0.0015261176255903499, "supply": [{"l": "Milk - Excluding Butter", "v": 0.0015261176255903499}]}, {"source": 20, "prod": 1.0, "target": 25, "value": 0.00424501665855, "supply": [{"l": "Oilcrops, Other", "v": 0.00424501665855}]}, {"source": 2, "prod": 36.0, "target": 25, "value": 0.014781287126596581, "supply": [{"l": "Vegetables, Other", "v": 0.0026852005959054097}, {"l": "Onions", "v": 0.011886046643940001}, {"l": "Tomatoes", "v": 0.00021003988675117189}]}, {"source": 4, "prod": 13.0, "target": 25, "value": 0.011348572760559075, "supply": [{"l": "Potatoes", "v": 0.011348572760559075}]}, {"source": 5, "prod": 29.0, "target": 25, "value": 0.11837065682495193, "supply": [{"l": "Pulses, Other", "v": 0.11837065682495193}]}, {"source": 14, "prod": 1.0, "target": 25, "value": 0.0041460395862003892, "supply": [{"l": "Sugar", "v": 0.0041460395862003892}]}, {"source": 15, "prod": 34.0, "target": 25, "value": 0.022307035551964789, "supply": [{"l": "Fruits, Other", "v": 0.0077096993725136028}, {"l": "Apples", "v": 0.0034639335933768006}, {"l": "Grapes", "v": 0.011133402586074388}]}, {"source": 7, "prod": 57.0, "target": 25, "value": 0.18147446215301252, "supply": [{"l": "Barley", "v": 0.18147446215301252}]}, {"source": 17, "prod": 1.0, "target": 25, "value": 0.00424501665855, "supply": [{"l": "Spices, Other", "v": 0.00424501665855}]}, {"source": 16, "prod": 30.0, "target": 26, "value": 0.30739775803293112, "supply": [{"l": "Olive Oil", "v": 0.30739775803293112}]}, {"source": 7, "prod": 70.0, "target": 26, "value": 0.29715116609850001, "supply": [{"l": "Maize", "v": 0.29715116609850001}]}, {"source": 27, "prod": 5.0, "target": 1, "value": 0.0038152940639758753, "supply": [{"l": "Milk - Excluding Butter", "v": 0.0038152940639758753}]}, {"source": 27, "prod": 1.0, "target": 17, "value": 0.00424501665855, "supply": [{"l": "Spices, Other", "v": 0.00424501665855}]}, {"source": 27, "prod": 104.0, "target": 20, "value": 0.259370517837405, "supply": [{"l": "Coconuts - Incl Copra", "v": 0.0084900333171}, {"l": "Cottonseed", "v": 0.19314825796402502}, {"l": "Sesame seed", "v": 0.057732226556280013}]}, {"source": 27, "prod": 15.0, "target": 11, "value": 0.048594269643927629, "supply": [{"l": "Nuts", "v": 0.048594269643927629}]}, {"source": 27, "prod": 35.0, "target": 5, "value": 0.14193594160895384, "supply": [{"l": "Beans", "v": 0.011320044422799999}, {"l": "Pulses, Other", "v": 0.13061589718615385}]}, {"source": 27, "prod": 368.0, "target": 21, "value": 1.5851013175003017, "supply": [{"l": "Soyabean Oil", "v": 0.1008191456405625}, {"l": "Sugar", "v": 1.4842821718597392}]}, {"source": 27, "prod": 15.0, "target": 10, "value": 0.048594269643927629, "supply": [{"l": "Treenuts", "v": 0.048594269643927629}]}, {"source": 27, "prod": 960.0, "target": 7, "value": 3.316570688841403, "supply": [{"l": "Wheat", "v": 1.9251435969404715}, {"l": "Barley", "v": 0.76410299853899999}, {"l": "Rice", "v": 0.62732409336193118}]}, {"source": 1, "prod": 1345.0, "target": 0, "value": 1.0263141032095104, "supply": [{"l": "Milk - Excluding Butter", "v": 1.0263141032095104}]}, {"source": 1, "prod": 80.0, "target": 19, "value": 0.13131251530448002, "supply": [{"l": "Eggs", "v": 0.14116095395231601}]}, {"source": 1, "prod": 251.0, "target": 9, "value": 0.58156728222135012, "supply": [{"l": "Pigmeat", "v": 0.00424501665855}, {"l": "Bovine Meat", "v": 0.12735049975650001}, {"l": "Poultry Meat", "v": 0.11461544978085002}, {"l": "Offals, Edible", "v": 0.038205149926950004}, {"l": "Meat, Other", "v": 0.00424501665855}, {"l": "Mutton & Goat Meat", "v": 0.29290614943995003}]}, {"source": 1, "prod": 90.0, "target": 6, "value": 0.09395220692820222, "supply": [{"l": "Freshwater Fish", "v": 0.00424501665855}, {"l": "Pelagic Fish", "v": 0.04195075286096471}, {"l": "Fish, Seafood", "v": 0.047756437408687499}]}, {"source": 21, "prod": 405.0, "target": 14, "value": 1.6428214468588502, "supply": [{"l": "Honey", "v": 0.00424501665855}, {"l": "Sweeteners, Other", "v": 0.038205149926950004}, {"l": "Sugar", "v": 1.6003712802733503}]}, {"source": 21, "prod": 183.0, "target": 16, "value": 1.8575119445326433, "supply": [{"l": "Olive Oil", "v": 0.92219327409879326}, {"l": "Sesameseed Oil", "v": 0.0594302332197}, {"l": "Soyabean Oil", "v": 0.16131063302490001}, {"l": "Palm Oil", "v": 0.26743604948865002}, {"l": "Cottonseed Oil", "v": 0.38629651592805003}, {"l": "Oilcrops Oil, Other", "v": 0.039620155479800002}, {"l": "Sunflowerseed Oil", "v": 0.02122508329275}]}, {"source": 21, "prod": 47.0, "target": 13, "value": 0.44524160438677285, "supply": [{"l": "Fats, Animals, Raw", "v": 0.14008554973215001}, {"l": "Butter, Ghee", "v": 0.30515605465462287}]}, {"source": 21, "prod": 14.0, "target": 12, "value": 0.017776007257678125, "supply": [{"l": "Beer", "v": 0.00424501665855}, {"l": "Beverages, Alcoholic", "v": 0.0084900333171}, {"l": "Alcohol, Non-Food", "v": 0.0033606381880187503}, {"l": "Wine", "v": 0.0016803190940093752}]}, {"source": 20, "prod": 480.5, "target": 28, "value": 1.7722521534741174, "supply": [{"l": "Olives", "v": 0.52997333231999999}, {"l": "Sunflower seed", "v": 0.02266333329}, {"l": "Coconuts - Incl Copra", "v": 0.0069733333200000013}, {"l": "Sesame seed", "v": 0.06450333321}, {"l": "Groundnuts", "v": 0.048813333239999993}, {"l": "Oilcrops, Other", "v": 0.0034866666599999998}, {"l": "Cottonseed", "v": 1.00067333142}]}, {"source": 2, "prod": 3312.0, "target": 28, "value": 11.709190371502734, "supply": [{"l": "Tomatoes", "v": 2.9305433277300006}, {"l": "Vegetables, Other", "v": 8.0629166512500028}, {"l": "Onions", "v": 0.55437999894000001}]}, {"source": 3, "prod": 463.20000000000005, "target": 28, "value": 0.53834133230400005, "supply": [{"l": "Sugar beet", "v": 0.53834133230400005}]}, {"source": 4, "prod": 160.25, "target": 28, "value": 0.55873833226500014, "supply": [{"l": "Potatoes", "v": 0.55873833226500014}]}, {"source": 5, "prod": 194.0, "target": 28, "value": 0.67378670982280009, "supply": [{"l": "Peas", "v": 0.0034866666599999998}, {"l": "Beans", "v": 0.036609999930000005}, {"l": "Pulses, Other", "v": 0.63631666544999999}]}, {"source": 7, "prod": 6114.0, "target": 28, "value": 16.79764251611703, "supply": [{"l": "Maize", "v": 1.10875999788}, {"l": "Barley", "v": 6.4468466543400007}, {"l": "Rice", "v": 0.32774666603999997}, {"l": "Wheat", "v": 13.346959974480004}, {"l": "Oats", "v": 0.0069733333199999996}, {"l": "Sorghum", "v": 0.0069733333199999996}, {"l": "Millet", "v": 0.073219999859999996}]}, {"source": 29, "prod": 0, "target": 20, "value": 0.033064599907095198, "supply": "[{\"l\":'Energy for power irrigation',\"v\":0.033064599907095198}]"}, {"source": 29, "prod": 0, "target": 10, "value": 0.0030277677334280715, "supply": "[{\"l\":'Energy for power irrigation',\"v\":0.0030277677334280715}]"}, {"source": 29, "prod": 0, "target": 2, "value": 0.22790833484349488, "supply": "[{\"l\":'Energy for power irrigation',\"v\":0.22790833484349488}]"}, {"source": 29, "prod": 0, "target": 3, "value": 0.079685341711584257, "supply": "[{\"l\":'Energy for power irrigation',\"v\":0.079685341711584257}]"}, {"source": 29, "prod": 0, "target": 4, "value": 0.022054535421902204, "supply": "[{\"l\":'Energy for power irrigation',\"v\":0.022054535421902204}]"}, {"source": 29, "prod": 0, "target": 5, "value": 0.013349703188296497, "supply": "[{\"l\":'Energy for power irrigation',\"v\":0.013349703188296497}]"}, {"source": 29, "prod": 0, "target": 11, "value": 0.0030621741849442994, "supply": "[{\"l\":'Energy for power irrigation',\"v\":0.0030621741849442994}]"}, {"source": 29, "prod": 0, "target": 7, "value": 0.21036104457021851, "supply": "[{\"l\":'Energy for power irrigation',\"v\":0.21036104457021851}]"}, {"source": 29, "prod": 0, "target": 17, "value": 0.00030965806364605277, "supply": "[{\"l\":'Energy for power irrigation',\"v\":0.00030965806364605277}]"}, {"source": 29, "prod": 0, "target": 15, "value": 0.066266825620255293, "supply": "[{\"l\":'Energy for power irrigation',\"v\":0.066266825620255293}]"}, {"source": 29, "prod": 0, "target": 21, "value": 0.71350522119268345, "supply": "[{\"l\":'Electricity',\"v\":0.71350522119268345}]"}, {"source": 30, "prod": 0, "target": 29, "value": 2.1733999497985841, "supply": [{"l": "Coal", "v": 0.0}, {"l": "Natural gas", "v": 0.09131951260786686}, {"l": "Oil", "v": 2.0820804371907173}]}, {"source": 31, "prod": 0, "target": 29, "value": 0.54097510158691753, "supply": [{"l": "Nuclear", "v": 0.0}, {"l": "Hydroelectric", "v": 0.54097510158691753}, {"l": "Renewable", "v": 0.0}]}, {"source": 30, "prod": 0, "target": 20, "value": 0.1836213985225976, "supply": [{"l": "Gas-diesel oils", "v": 0.13072530794250728}, {"l": "Other fossil fuels", "v": 0.052896090580090323}]}, {"source": 30, "prod": 0, "target": 10, "value": 0.016814446482818508, "supply": [{"l": "Gas-diesel oils", "v": 0.011970683765807117}, {"l": "Other fossil fuels", "v": 0.0048437627170113927}]}, {"source": 30, "prod": 0, "target": 2, "value": 1.2656692443430662, "supply": [{"l": "Gas-diesel oils", "v": 0.901066014371663}, {"l": "Other fossil fuels", "v": 0.36460322997140304}]}, {"source": 30, "prod": 0, "target": 3, "value": 0.44252565970690533, "supply": [{"l": "Gas-diesel oils", "v": 0.31504663183646914}, {"l": "Other fossil fuels", "v": 0.12747902787043619}]}, {"source": 30, "prod": 0, "target": 4, "value": 0.12247795676689392, "supply": [{"l": "Gas-diesel oils", "v": 0.087195548794117755}, {"l": "Other fossil fuels", "v": 0.035282407972776167}]}, {"source": 30, "prod": 0, "target": 5, "value": 0.074136423128790693, "supply": [{"l": "Gas-diesel oils", "v": 0.052779832967422287}, {"l": "Other fossil fuels", "v": 0.021356590161368413}]}, {"source": 30, "prod": 0, "target": 11, "value": 0.01700551973830508, "supply": [{"l": "Gas-diesel oils", "v": 0.012106714263145833}, {"l": "Other fossil fuels", "v": 0.0048988054751592488}]}, {"source": 30, "prod": 0, "target": 7, "value": 1.1682218840449132, "supply": [{"l": "Gas-diesel oils", "v": 0.83169046072891717}, {"l": "Other fossil fuels", "v": 0.33653142331599606}]}, {"source": 30, "prod": 0, "target": 17, "value": 0.0017196592993791657, "supply": [{"l": "Gas-diesel oils", "v": 0.001224274476048455}, {"l": "Other fossil fuels", "v": 0.00049538482333071055}]}, {"source": 30, "prod": 0, "target": 15, "value": 0.36800709006714144, "supply": [{"l": "Gas-diesel oils", "v": 0.26199473787436939}, {"l": "Other fossil fuels", "v": 0.10601235219277207}]}, {"source": 30, "prod": 0, "target": 1, "value": 0.031499920947536363, "supply": [{"l": "Fossil fuels in fisheries", "v": 0.031499920947536363}]}, {"source": 32, "prod": 9.440011202000731, "target": 20, "value": 0.12352966528824463, "supply": [{"l": "Potash", "v": 0.014770563900705339}, {"l": "Phosphate", "v": 0.26818866688121756}, {"l": "Nitrogen", "v": 2.1841634184139971}]}, {"source": 32, "prod": 0.86443390819569643, "target": 10, "value": 0.011311769558132703, "supply": [{"l": "Potash", "v": 0.014770563900705339}, {"l": "Phosphate", "v": 0.26818866688121756}, {"l": "Nitrogen", "v": 2.1841634184139971}]}, {"source": 32, "prod": 65.068297816912434, "target": 2, "value": 0.85146774492126165, "supply": [{"l": "Potash", "v": 0.014770563900705339}, {"l": "Phosphate", "v": 0.26818866688121756}, {"l": "Nitrogen", "v": 2.1841634184139971}]}, {"source": 32, "prod": 22.75032876569583, "target": 3, "value": 0.29770520791631067, "supply": [{"l": "Potash", "v": 0.014770563900705339}, {"l": "Phosphate", "v": 0.26818866688121756}, {"l": "Nitrogen", "v": 2.1841634184139971}]}, {"source": 32, "prod": 6.296615172198198, "target": 4, "value": 0.082395957804125716, "supply": [{"l": "Potash", "v": 0.014770563900705339}, {"l": "Phosphate", "v": 0.26818866688121756}, {"l": "Nitrogen", "v": 2.1841634184139971}]}, {"source": 32, "prod": 3.8113676861355708, "target": 5, "value": 0.049874620324494183, "supply": [{"l": "Potash", "v": 0.014770563900705339}, {"l": "Phosphate", "v": 0.26818866688121756}, {"l": "Nitrogen", "v": 2.1841634184139971}]}, {"source": 32, "prod": 0.87425702078882928, "target": 11, "value": 0.011440312394020572, "supply": [{"l": "Potash", "v": 0.014770563900705339}, {"l": "Phosphate", "v": 0.26818866688121756}, {"l": "Nitrogen", "v": 2.1841634184139971}]}, {"source": 32, "prod": 60.05851039441464, "target": 7, "value": 0.78591089861844698, "supply": [{"l": "Potash", "v": 0.014770563900705339}, {"l": "Phosphate", "v": 0.26818866688121756}, {"l": "Nitrogen", "v": 2.1841634184139971}]}, {"source": 32, "prod": 0.088408013338196229, "target": 17, "value": 0.0011568855229908445, "supply": [{"l": "Potash", "v": 0.014770563900705339}, {"l": "Phosphate", "v": 0.26818866688121756}, {"l": "Nitrogen", "v": 2.1841634184139971}]}, {"source": 32, "prod": 18.919314854373994, "target": 15, "value": 0.24757350192004074, "supply": [{"l": "Potash", "v": 0.014770563900705339}, {"l": "Phosphate", "v": 0.26818866688121756}, {"l": "Nitrogen", "v": 2.1841634184139971}]}, {"source": 30, "prod": 0, "target": 32, "value": 2.9095981905135755, "supply": [{"l": "Natural gas (including LNG)", "v": 1.9938140999198843}, {"l": "Residual fuel oil", "v": 0.52968693174032222}, {"l": "Liquefied petroleum gas (LPG)", "v": 0.1930485794266846}, {"l": "Hard coal", "v": 0.1930485794266846}]}, {"source": 33, "prod": 0, "target": 4, "value": 0.019984213787737015, "supply": "[{\"l\":'Labor',\"v\":0.019984213787737015}]"}, {"source": 33, "prod": 0, "target": 10, "value": 0.0027435426104849567, "supply": "[{\"l\":'Labor',\"v\":0.0027435426104849567}]"}, {"source": 33, "prod": 0, "target": 2, "value": 0.2065139346801404, "supply": "[{\"l\":'Labor',\"v\":0.2065139346801404}]"}, {"source": 33, "prod": 0, "target": 3, "value": 0.072205053248672268, "supply": "[{\"l\":'Labor',\"v\":0.072205053248672268}]"}, {"source": 33, "prod": 0, "target": 5, "value": 0.012096528782592764, "supply": "[{\"l\":'Labor',\"v\":0.012096528782592764}]"}, {"source": 33, "prod": 0, "target": 11, "value": 0.0027747192310586494, "supply": "[{\"l\":'Labor',\"v\":0.0027747192310586494}]"}, {"source": 33, "prod": 0, "target": 7, "value": 0.19061385818755711, "supply": "[{\"l\":'Labor',\"v\":0.19061385818755711}]"}, {"source": 33, "prod": 0, "target": 17, "value": 0.0002805895851632342, "supply": "[{\"l\":'Labor',\"v\":0.0002805895851632342}]"}, {"source": 33, "prod": 0, "target": 18, "value": 0.0011535349612266297, "supply": "[{\"l\":'Labor',\"v\":0.0011535349612266297}]"}, {"source": 33, "prod": 0, "target": 15, "value": 0.060046171224932124, "supply": "[{\"l\":'Labor',\"v\":0.060046171224932124}]"}, {"source": 33, "prod": 0, "target": 20, "value": 0.029960732371318681, "supply": "[{\"l\":'Labor',\"v\":0.029960732371318681}]"}, {"source": 30, "prod": 0, "target": 24, "value": 4.280151358991386, "supply": "[{\"l\":'Fossil Fuels',\"v\":4.280151358991386}]"}, {"source": 31, "prod": 0, "target": 24, "value": 0.14746774675764665, "supply": "[{\"l\":'Renewables & Nuclear',\"v\":0.14525966387345896},{\"l\":'Biomass & Waste',\"v\":0.0022080828841877075}]"}]}