{"nodes": [{"layer": 5, "name": "Maize"}, {"layer": 10, "name": "Feed", "fill": "#dbdb8d"}, {"layer": 5, "name": "Wheat"}, {"layer": 5, "name": "Oats"}, {"layer": 5, "name": "Potatoes"}, {"layer": 5, "name": "Vegetables, Other"}, {"layer": 5, "name": "Millet"}, {"layer": 13, "name": "Milk - Excluding Butter"}, {"layer": 5, "name": "Barley"}, {"layer": 5, "name": "Pulses, Other"}, {"layer": 5, "name": "Olives"}, {"layer": 16, "name": "Food", "fill": "#b5cf6b"}, {"layer": 5, "name": "Nuts"}, {"layer": 13, "name": "Sugar", "fill": "#d6616b"}, {"layer": 5, "name": "Citrus, Other"}, {"layer": 13, "name": "Beer"}, {"layer": 13, "name": "Beverages, Alcoholic"}, {"layer": 5, "name": "Rice"}, {"layer": 13, "name": "Butter, Ghee"}, {"layer": 5, "name": "Tomatoes"}, {"layer": 13, "name": "Fats, Animals, Raw"}, {"layer": 5, "name": "Coffee"}, {"layer": 5, "name": "Coconuts - Incl Copra"}, {"layer": 5, "name": "Treenuts"}, {"layer": 13, "name": "Eggs"}, {"layer": 5, "name": "Sesame seed"}, {"layer": 13, "name": "Marine Fish, Other"}, {"layer": 5, "name": "Grapes"}, {"layer": 5, "name": "Groundnuts"}, {"layer": 13, "name": "Mutton & Goat Meat"}, {"layer": 13, "name": "Sunflowerseed Oil"}, {"layer": 13, "name": "Olive Oil"}, {"layer": 5, "name": "Dates"}, {"layer": 13, "name": "Freshwater Fish"}, {"layer": 13, "name": "Sesameseed Oil"}, {"layer": 5, "name": "Beans"}, {"layer": 13, "name": "Fish, Seafood"}, {"layer": 13, "name": "Meat, Other"}, {"layer": 5, "name": "Lemons, Limes"}, {"layer": 5, "name": "Sugar cane"}, {"layer": 13, "name": "Sweeteners, Other"}, {"layer": 13, "name": "Pelagic Fish"}, {"layer": 5, "name": "Bananas"}, {"layer": 5, "name": "Spices, Other"}, {"layer": 13, "name": "Bovine Meat"}, {"layer": 5, "name": "Fruits, Other"}, {"layer": 13, "name": "Poultry Meat"}, {"layer": 13, "name": "Offals, Edible"}, {"layer": 5, "name": "Oranges, Mandarines"}, {"layer": 5, "name": "Tea"}, {"layer": 13, "name": "Cottonseed Oil"}, {"layer": 5, "name": "Onions"}, {"layer": 5, "name": "Apples"}, {"layer": 5, "name": "Sunflower seed"}, {"layer": 10, "name": "Processing", "fill": "#9edae5"}, {"layer": 5, "name": "Cottonseed"}, {"layer": 5, "name": "Sugar beet"}, {"layer": 16, "name": "Biofuels & Other", "fill": "#e7ba52"}, {"layer": 13, "name": "Palm Oil"}, {"layer": 5, "name": "Oilcrops, Other"}, {"layer": 13, "name": "Alcohol, Non-Food"}, {"name": "Waste", "fill": "#c7c7c7"}, {"layer": 2, "name": "Import", "fill": "#aec7e8"}, {"layer": 5, "name": "Cocoa Beans"}, {"layer": 16, "name": "Export", "fill": "#aec7e8"}, {"layer": 0, "name": "Stock Draw", "fill": "#c7c7c7"}, {"layer": 16, "name": "Stock Deposit", "fill": "#c7c7c7"}, {"name": "Crop Residue", "fill": "#bd9e39"}, {"layer": 2, "name": "Electricity", "fill": "#bcbd22"}, {"layer": 0, "name": "Fossil Fuels", "fill": "#c49c94"}, {"layer": 0, "name": "Renewables & Nuclear", "fill": "#2ca02c"}, {"layer": 2, "name": "Fertilizers", "fill": "#c5b0d5"}, {"layer": 0, "name": "Labor", "fill": "#7f7f7f"}], "links": [{"source": 0, "prod": 10.0, "target": 1, "value": 0.035433610125086779, "supply": [{"l": "Maize", "v": 0.035433610125086779}]}, {"source": 2, "prod": 30.0, "target": 1, "value": 0.099368367475421368, "supply": [{"l": "Wheat", "v": 0.099368367475421368}]}, {"source": 3, "prod": 2.0, "target": 1, "value": 0.0070856270567807127, "supply": [{"l": "Oats", "v": 0.0070856270567807127}]}, {"source": 4, "prod": 2.0, "target": 1, "value": 0.0017533764459228261, "supply": [{"l": "Potatoes", "v": 0.0017533764459228261}]}, {"source": 5, "prod": 6.0, "target": 1, "value": 0.001495797060761501, "supply": [{"l": "Vegetables, Other", "v": 0.001495797060761501}]}, {"source": 6, "prod": 12.0, "target": 1, "value": 0.045280177691199998, "supply": [{"l": "Millet", "v": 0.045280177691199998}]}, {"source": 7, "prod": 147.0, "target": 1, "value": 0.11419173277611487, "supply": [{"l": "Milk - Excluding Butter", "v": 0.11419173277611487}]}, {"source": 8, "prod": 178.0, "target": 1, "value": 0.56670972391642505, "supply": [{"l": "Barley", "v": 0.56670972391642505}]}, {"source": 9, "prod": 16.0, "target": 1, "value": 0.065997994842362268, "supply": [{"l": "Pulses, Other", "v": 0.065997994842362268}]}, {"source": 10, "prod": 15.0, "target": 11, "value": 0.022147913001130438, "supply": [{"l": "Olives", "v": 0.022147913001130438}]}, {"source": 12, "prod": 14.0, "target": 11, "value": 0.045280177691199998, "supply": [{"l": "Nuts", "v": 0.045280177691199998}]}, {"source": 13, "prod": 140.0, "target": 11, "value": 0.57809408677344543, "supply": [{"l": "Sugar", "v": 0.57809408677344543}]}, {"source": 14, "prod": 3.0, "target": 11, "value": 0.0034866666600000002, "supply": [{"l": "Citrus, Other", "v": 0.0034866666600000002}]}, {"source": 15, "prod": 3.0, "target": 11, "value": 0.0025470099951300004, "supply": [{"l": "Beer", "v": 0.0025470099951300004}]}, {"source": 16, "prod": 1.0, "target": 11, "value": 0.002122508329275, "supply": [{"l": "Beverages, Alcoholic", "v": 0.002122508329275}]}, {"source": 8, "prod": 18.0, "target": 11, "value": 0.057307724890425009, "supply": [{"l": "Barley", "v": 0.057307724890425009}]}, {"source": 17, "prod": 39.0, "target": 11, "value": 0.17641175785941396, "supply": [{"l": "Rice", "v": 0.17641175785941396}]}, {"source": 18, "prod": 15.0, "target": 11, "value": 0.13842445625706523, "supply": [{"l": "Butter, Ghee", "v": 0.13842445625706523}]}, {"source": 19, "prod": 184.0, "target": 11, "value": 0.037837933953026995, "supply": [{"l": "Tomatoes", "v": 0.037837933953026995}]}, {"source": 20, "prod": 6.0, "target": 11, "value": 0.065090255431100003, "supply": [{"l": "Fats, Animals, Raw", "v": 0.065090255431100003}]}, {"source": 21, "prod": 1.0, "target": 11, "value": 0.00035375138821249998, "supply": [{"l": "Coffee", "v": 0.00035375138821249998}]}, {"source": 2, "prod": 1022.0, "target": 11, "value": 3.385149051996021, "supply": [{"l": "Wheat", "v": 3.385149051996021}]}, {"source": 22, "prod": 3.0, "target": 11, "value": 0.0031837624939125004, "supply": [{"l": "Coconuts - Incl Copra", "v": 0.0031837624939125004}]}, {"source": 23, "prod": 14.0, "target": 11, "value": 0.043221987796145458, "supply": [{"l": "Treenuts", "v": 0.043221987796145458}]}, {"source": 24, "prod": 17.0, "target": 11, "value": 0.027755878152057691, "supply": [{"l": "Eggs", "v": 0.027755878152057691}]}, {"source": 5, "prod": 391.0, "target": 11, "value": 0.097476108459624469, "supply": [{"l": "Vegetables, Other", "v": 0.097476108459624469}]}, {"source": 25, "prod": 3.0, "target": 11, "value": 0.020376079961040003, "supply": [{"l": "Sesame seed", "v": 0.020376079961040003}]}, {"source": 26, "prod": 3.0, "target": 11, "value": 0.0025470099951300004, "supply": [{"l": "Marine Fish, Other", "v": 0.0025470099951300004}]}, {"source": 27, "prod": 173.0, "target": 11, "value": 0.11381657210710072, "supply": [{"l": "Grapes", "v": 0.11381657210710072}]}, {"source": 28, "prod": 7.0, "target": 11, "value": 0.043221987796145458, "supply": [{"l": "Groundnuts", "v": 0.043221987796145458}]}, {"source": 29, "prod": 45.0, "target": 11, "value": 0.13098908546382859, "supply": [{"l": "Mutton & Goat Meat", "v": 0.13098908546382859}]}, {"source": 30, "prod": 1.0, "target": 11, "value": 0.0084900333171, "supply": [{"l": "Sunflowerseed Oil", "v": 0.0084900333171}]}, {"source": 31, "prod": 22.0, "target": 11, "value": 0.22413687957144002, "supply": [{"l": "Olive Oil", "v": 0.22413687957144002}]}, {"source": 32, "prod": 30.0, "target": 11, "value": 0.055369782502826086, "supply": [{"l": "Dates", "v": 0.055369782502826086}]}, {"source": 4, "prod": 59.0, "target": 11, "value": 0.051724605154723366, "supply": [{"l": "Potatoes", "v": 0.051724605154723366}]}, {"source": 33, "prod": 1.0, "target": 11, "value": 0.00099882744907058832, "supply": [{"l": "Freshwater Fish", "v": 0.00099882744907058832}]}, {"source": 7, "prod": 345.0, "target": 11, "value": 0.26800100549496347, "supply": [{"l": "Milk - Excluding Butter", "v": 0.26800100549496347}]}, {"source": 34, "prod": 1.0, "target": 11, "value": 0.0084900333171, "supply": [{"l": "Sesameseed Oil", "v": 0.0084900333171}]}, {"source": 35, "prod": 1.0, "target": 11, "value": 0.00424501665855, "supply": [{"l": "Beans", "v": 0.00424501665855}]}, {"source": 9, "prod": 67.0, "target": 11, "value": 0.276366603402392, "supply": [{"l": "Pulses, Other", "v": 0.276366603402392}]}, {"source": 36, "prod": 6.0, "target": 11, "value": 0.0056600222113999997, "supply": [{"l": "Fish, Seafood", "v": 0.0056600222113999997}]}, {"source": 37, "prod": 3.0, "target": 11, "value": 0.0050940199902600007, "supply": [{"l": "Meat, Other", "v": 0.0050940199902600007}]}, {"source": 38, "prod": 14.0, "target": 11, "value": 0.0025839231834652175, "supply": [{"l": "Lemons, Limes", "v": 0.0025839231834652175}]}, {"source": 39, "prod": 1.0, "target": 11, "value": 0.00028300111057000005, "supply": [{"l": "Sugar cane", "v": 0.00028300111057000005}]}, {"source": 40, "prod": 3.0, "target": 11, "value": 0.0063675249878250009, "supply": [{"l": "Sweeteners, Other", "v": 0.0063675249878250009}]}, {"source": 41, "prod": 2.0, "target": 11, "value": 0.002122508329275, "supply": [{"l": "Pelagic Fish", "v": 0.002122508329275}]}, {"source": 42, "prod": 7.0, "target": 11, "value": 0.0054027484745181823, "supply": [{"l": "Bananas", "v": 0.0054027484745181823}]}, {"source": 43, "prod": 1.0, "target": 11, "value": 0.00424501665855, "supply": [{"l": "Spices, Other", "v": 0.00424501665855}]}, {"source": 44, "prod": 12.0, "target": 11, "value": 0.037534884138757899, "supply": [{"l": "Bovine Meat", "v": 0.037534884138757899}]}, {"source": 45, "prod": 92.0, "target": 11, "value": 0.061947967237874491, "supply": [{"l": "Fruits, Other", "v": 0.061947967237874491}]}, {"source": 6, "prod": 6.0, "target": 11, "value": 0.022640088845599999, "supply": [{"l": "Millet", "v": 0.022640088845599999}]}, {"source": 46, "prod": 8.0, "target": 11, "value": 0.011320044422799999, "supply": [{"l": "Poultry Meat", "v": 0.011320044422799999}]}, {"source": 47, "prod": 12.0, "target": 11, "value": 0.016086378916610525, "supply": [{"l": "Offals, Edible", "v": 0.016086378916610525}]}, {"source": 48, "prod": 62.0, "target": 11, "value": 0.021706476934441235, "supply": [{"l": "Oranges, Mandarines", "v": 0.021706476934441235}]}, {"source": 49, "prod": 3.0, "target": 11, "value": 0.0025470099951300004, "supply": [{"l": "Tea", "v": 0.0025470099951300004}]}, {"source": 50, "prod": 26.0, "target": 11, "value": 0.26381225478013176, "supply": [{"l": "Cottonseed Oil", "v": 0.26381225478013176}]}, {"source": 51, "prod": 53.0, "target": 11, "value": 0.027106732879897594, "supply": [{"l": "Onions", "v": 0.027106732879897594}]}, {"source": 52, "prod": 22.0, "target": 11, "value": 0.013341480926871431, "supply": [{"l": "Apples", "v": 0.013341480926871431}]}, {"source": 53, "prod": 2.0, "target": 54, "value": 0.0084900333171, "supply": [{"l": "Sunflower seed", "v": 0.0084900333171}]}, {"source": 10, "prod": 62.0, "target": 54, "value": 0.091544707071339146, "supply": [{"l": "Olives", "v": 0.091544707071339146}]}, {"source": 55, "prod": 215.0, "target": 54, "value": 0.82249295099652553, "supply": [{"l": "Cottonseed", "v": 0.82249295099652553}]}, {"source": 25, "prod": 1.0, "target": 54, "value": 0.0067920266536800004, "supply": [{"l": "Sesame seed", "v": 0.0067920266536800004}]}, {"source": 8, "prod": 1.0, "target": 54, "value": 0.0031837624939125004, "supply": [{"l": "Barley", "v": 0.0031837624939125004}]}, {"source": 56, "prod": 228.0, "target": 54, "value": 0.26498666616, "supply": [{"l": "Sugar beet", "v": 0.26498666616}]}, {"source": 31, "prod": 1.0, "target": 57, "value": 0.010188039980520001, "supply": [{"l": "Olive Oil", "v": 0.010188039980520001}]}, {"source": 58, "prod": 6.0, "target": 57, "value": 0.057307724890425009, "supply": [{"l": "Palm Oil", "v": 0.057307724890425009}]}, {"source": 59, "prod": 1.0, "target": 57, "value": 0.00424501665855, "supply": [{"l": "Oilcrops, Other", "v": 0.00424501665855}]}, {"source": 60, "prod": 1.0, "target": 57, "value": 0.0014857558304925001, "supply": [{"l": "Alcohol, Non-Food", "v": 0.0014857558304925001}]}, {"source": 27, "prod": 11.0, "target": 57, "value": 0.0072368918680815499, "supply": [{"l": "Grapes", "v": 0.0072368918680815499}]}, {"source": 2, "prod": 134.0, "target": 2, "value": 0.44384537472354879, "supply": [{"l": "Wheat", "v": 0.44384537472354879}]}, {"source": 55, "prod": 19.0, "target": 55, "value": 0.072685423576437147, "supply": [{"l": "Cottonseed", "v": 0.072685423576437147}]}, {"source": 4, "prod": 7.0, "target": 4, "value": 0.0061368175607298915, "supply": [{"l": "Potatoes", "v": 0.0061368175607298915}]}, {"source": 24, "prod": 1.0, "target": 24, "value": 0.001632698714826923, "supply": [{"l": "Eggs", "v": 0.001632698714826923}]}, {"source": 6, "prod": 1.0, "target": 6, "value": 0.0037733481409333329, "supply": [{"l": "Millet", "v": 0.0037733481409333329}]}, {"source": 8, "prod": 60.0, "target": 8, "value": 0.19102574963475, "supply": [{"l": "Barley", "v": 0.19102574963475}]}, {"source": 28, "prod": 1.0, "target": 28, "value": 0.0061745696851636363, "supply": [{"l": "Groundnuts", "v": 0.0061745696851636363}]}, {"source": 9, "prod": 17.0, "target": 9, "value": 0.070122869520009914, "supply": [{"l": "Pulses, Other", "v": 0.070122869520009914}]}, {"source": 32, "prod": 1.0, "target": 61, "value": 0.0018456594167608694, "supply": [{"l": "Dates", "v": 0.0018456594167608694}]}, {"source": 2, "prod": 63.0, "target": 61, "value": 0.20867357169838485, "supply": [{"l": "Wheat", "v": 0.20867357169838485}]}, {"source": 42, "prod": 1.0, "target": 61, "value": 0.00077182121064545454, "supply": [{"l": "Bananas", "v": 0.00077182121064545454}]}, {"source": 4, "prod": 8.0, "target": 61, "value": 0.0070135057836913043, "supply": [{"l": "Potatoes", "v": 0.0070135057836913043}]}, {"source": 24, "prod": 1.0, "target": 61, "value": 0.001632698714826923, "supply": [{"l": "Eggs", "v": 0.001632698714826923}]}, {"source": 5, "prod": 48.0, "target": 61, "value": 0.011966376486092008, "supply": [{"l": "Vegetables, Other", "v": 0.011966376486092008}]}, {"source": 45, "prod": 11.0, "target": 61, "value": 0.0074068221697458627, "supply": [{"l": "Fruits, Other", "v": 0.0074068221697458627}]}, {"source": 10, "prod": 9.0, "target": 61, "value": 0.01328874780067826, "supply": [{"l": "Olives", "v": 0.01328874780067826}]}, {"source": 6, "prod": 1.0, "target": 61, "value": 0.0037733481409333329, "supply": [{"l": "Millet", "v": 0.0037733481409333329}]}, {"source": 27, "prod": 10.0, "target": 61, "value": 0.0065789926073468626, "supply": [{"l": "Grapes", "v": 0.0065789926073468626}]}, {"source": 52, "prod": 3.0, "target": 61, "value": 0.0018192928536642859, "supply": [{"l": "Apples", "v": 0.0018192928536642859}]}, {"source": 8, "prod": 23.0, "target": 61, "value": 0.073226537359987506, "supply": [{"l": "Barley", "v": 0.073226537359987506}]}, {"source": 48, "prod": 7.0, "target": 61, "value": 0.0024507312667917526, "supply": [{"l": "Oranges, Mandarines", "v": 0.0024507312667917526}]}, {"source": 38, "prod": 2.0, "target": 61, "value": 0.00036913188335217393, "supply": [{"l": "Lemons, Limes", "v": 0.00036913188335217393}]}, {"source": 51, "prod": 7.0, "target": 61, "value": 0.0035801345313072291, "supply": [{"l": "Onions", "v": 0.0035801345313072291}]}, {"source": 19, "prod": 22.0, "target": 61, "value": 0.0045241007987314877, "supply": [{"l": "Tomatoes", "v": 0.0045241007987314877}]}, {"source": 9, "prod": 3.0, "target": 61, "value": 0.012374624032942925, "supply": [{"l": "Pulses, Other", "v": 0.012374624032942925}]}, {"source": 62, "prod": 25.0, "target": 19, "value": 0.0051410236349221459, "supply": [{"l": "Tomatoes", "v": 0.0051410236349221459}]}, {"source": 62, "prod": 14.0, "target": 38, "value": 0.0025839231834652175, "supply": [{"l": "Lemons, Limes", "v": 0.0025839231834652175}]}, {"source": 62, "prod": 1.0, "target": 23, "value": 0.0030872848425818182, "supply": [{"l": "Treenuts", "v": 0.0030872848425818182}]}, {"source": 62, "prod": 8.0, "target": 52, "value": 0.0048514476097714296, "supply": [{"l": "Apples", "v": 0.0048514476097714296}]}, {"source": 62, "prod": 8.0, "target": 49, "value": 0.0067920266536800004, "supply": [{"l": "Tea", "v": 0.0067920266536800004}]}, {"source": 62, "prod": 13.0, "target": 5, "value": 0.0032408936316499189, "supply": [{"l": "Vegetables, Other", "v": 0.0032408936316499189}]}, {"source": 62, "prod": 38.0, "target": 17, "value": 0.17188837945276231, "supply": [{"l": "Rice", "v": 0.17188837945276231}]}, {"source": 62, "prod": 530.0, "target": 2, "value": 1.7555078253991108, "supply": [{"l": "Wheat", "v": 1.7555078253991108}]}, {"source": 62, "prod": 59.0, "target": 8, "value": 0.1878419871408375, "supply": [{"l": "Barley", "v": 0.1878419871408375}]}, {"source": 62, "prod": 1.0, "target": 21, "value": 0.00035375138821249998, "supply": [{"l": "Coffee", "v": 0.00035375138821249998}]}, {"source": 62, "prod": 1.0, "target": 12, "value": 0.0032342984065142858, "supply": [{"l": "Nuts", "v": 0.0032342984065142858}]}, {"source": 62, "prod": 59.0, "target": 1, "value": 0.056193009112855609, "supply": [{"l": "Milk - Excluding Butter", "v": 0.034179838381966351}, {"l": "Fish, Seafood", "v": 0.0037733481409333329}, {"l": "Pelagic Fish", "v": 0.002122508329275}, {"l": "Bovine Meat", "v": 0.0062558140231263153}, {"l": "Eggs", "v": 0.0081634935741346157}, {"l": "Marine Fish, Other", "v": 0.0016980066634200001}]}, {"source": 62, "prod": 29.0, "target": 32, "value": 0.05352412308606521, "supply": [{"l": "Dates", "v": 0.05352412308606521}]}, {"source": 62, "prod": 2.0, "target": 59, "value": 0.0084900333171, "supply": [{"l": "Oilcrops, Other", "v": 0.0084900333171}]}, {"source": 62, "prod": 1.0, "target": 63, "value": 0.002122508329275, "supply": [{"l": "Cocoa Beans", "v": 0.002122508329275}]}, {"source": 62, "prod": 64.0, "target": 48, "value": 0.022406685867810312, "supply": [{"l": "Oranges, Mandarines", "v": 0.022406685867810312}]}, {"source": 62, "prod": 11.0, "target": 4, "value": 0.0096435704525755436, "supply": [{"l": "Potatoes", "v": 0.0096435704525755436}]}, {"source": 62, "prod": 1.0, "target": 51, "value": 0.00051144779018674703, "supply": [{"l": "Onions", "v": 0.00051144779018674703}]}, {"source": 62, "prod": 8.0, "target": 42, "value": 0.0061745696851636363, "supply": [{"l": "Bananas", "v": 0.0061745696851636363}]}, {"source": 62, "prod": 1.0, "target": 14, "value": 0.0011622222200000001, "supply": [{"l": "Citrus, Other", "v": 0.0011622222200000001}]}, {"source": 62, "prod": 4.0, "target": 27, "value": 0.0026315970429387453, "supply": [{"l": "Grapes", "v": 0.0026315970429387453}]}, {"source": 62, "prod": 138.0, "target": 54, "value": 0.63215680683476538, "supply": [{"l": "Sweeteners, Other", "v": 0.0063675249878250009}, {"l": "Sugar", "v": 0.49963846071133494}, {"l": "Oilcrops Oil, Other", "v": 0.00424501665855}, {"l": "Butter, Ghee", "v": 0.064598079586630441}, {"l": "Palm Oil", "v": 0.057307724890425009}]}, {"source": 62, "prod": 1.0, "target": 0, "value": 0.0035433610125086778, "supply": [{"l": "Maize", "v": 0.0035433610125086778}]}, {"source": 62, "prod": 5.0, "target": 45, "value": 0.0033667373498844828, "supply": [{"l": "Fruits, Other", "v": 0.0033667373498844828}]}, {"source": 62, "prod": 3.0, "target": 22, "value": 0.0031837624939125004, "supply": [{"l": "Coconuts - Incl Copra", "v": 0.0031837624939125004}]}, {"source": 8, "prod": 178.0, "target": 64, "value": 0.56670972391642505, "supply": [{"l": "Barley", "v": 0.56670972391642505}]}, {"source": 43, "prod": 3.0, "target": 64, "value": 0.012735049975650002, "supply": [{"l": "Spices, Other", "v": 0.012735049975650002}]}, {"source": 49, "prod": 4.0, "target": 64, "value": 0.0033960133268400002, "supply": [{"l": "Tea", "v": 0.0033960133268400002}]}, {"source": 5, "prod": 33.0, "target": 64, "value": 0.0082268838341882557, "supply": [{"l": "Vegetables, Other", "v": 0.0082268838341882557}]}, {"source": 45, "prod": 4.0, "target": 64, "value": 0.0026933898799075861, "supply": [{"l": "Fruits, Other", "v": 0.0026933898799075861}]}, {"source": 7, "prod": 1.0, "target": 64, "value": 0.00077681450868105346, "supply": [{"l": "Milk - Excluding Butter", "v": 0.00077681450868105346}]}, {"source": 35, "prod": 3.0, "target": 64, "value": 0.012735049975650002, "supply": [{"l": "Beans", "v": 0.012735049975650002}]}, {"source": 52, "prod": 1.0, "target": 64, "value": 0.0006064309512214287, "supply": [{"l": "Apples", "v": 0.0006064309512214287}]}, {"source": 27, "prod": 16.0, "target": 64, "value": 0.010526388171754981, "supply": [{"l": "Grapes", "v": 0.010526388171754981}]}, {"source": 28, "prod": 4.0, "target": 64, "value": 0.024698278740654545, "supply": [{"l": "Groundnuts", "v": 0.024698278740654545}]}, {"source": 50, "prod": 8.0, "target": 64, "value": 0.081173001470809775, "supply": [{"l": "Cottonseed Oil", "v": 0.081173001470809775}]}, {"source": 59, "prod": 1.0, "target": 64, "value": 0.00424501665855, "supply": [{"l": "Oilcrops, Other", "v": 0.00424501665855}]}, {"source": 51, "prod": 6.0, "target": 64, "value": 0.003068686741120482, "supply": [{"l": "Onions", "v": 0.003068686741120482}]}, {"source": 19, "prod": 12.0, "target": 64, "value": 0.0024676913447626305, "supply": [{"l": "Tomatoes", "v": 0.0024676913447626305}]}, {"source": 9, "prod": 12.0, "target": 64, "value": 0.049498496131771701, "supply": [{"l": "Pulses, Other", "v": 0.049498496131771701}]}, {"source": 65, "prod": 2.0, "target": 12, "value": 0.0064685968130285716, "supply": [{"l": "Nuts", "v": 0.0064685968130285716}]}, {"source": 21, "prod": 1.0, "target": 66, "value": 0.00035375138821249998, "supply": [{"l": "Coffee", "v": 0.00035375138821249998}]}, {"source": 9, "prod": 9.0, "target": 66, "value": 0.037123872098828781, "supply": [{"l": "Pulses, Other", "v": 0.037123872098828781}]}, {"source": 25, "prod": 2.0, "target": 66, "value": 0.013584053307360001, "supply": [{"l": "Sesame seed", "v": 0.013584053307360001}]}, {"source": 0, "prod": 3.0, "target": 66, "value": 0.010630083037526035, "supply": [{"l": "Maize", "v": 0.010630083037526035}]}, {"source": 31, "prod": 7.0, "target": 66, "value": 0.071316279863640003, "supply": [{"l": "Olive Oil", "v": 0.071316279863640003}]}, {"source": 32, "prod": 1.0, "target": 66, "value": 0.0018456594167608694, "supply": [{"l": "Dates", "v": 0.0018456594167608694}]}, {"source": 65, "prod": 2.0, "target": 23, "value": 0.0061745696851636363, "supply": [{"l": "Treenuts", "v": 0.0061745696851636363}]}, {"source": 35, "prod": 1.0, "target": 66, "value": 0.00424501665855, "supply": [{"l": "Beans", "v": 0.00424501665855}]}, {"source": 65, "prod": 10.0, "target": 54, "value": 0.041292434769531816, "supply": [{"l": "Sugar", "v": 0.041292434769531816}]}, {"source": 43, "prod": 2.0, "target": 66, "value": 0.0084900333171, "supply": [{"l": "Spices, Other", "v": 0.0084900333171}]}, {"source": 8, "prod": 165.0, "target": 66, "value": 0.52532081149556253, "supply": [{"l": "Barley", "v": 0.52532081149556253}]}, {"source": 6, "prod": 6.0, "target": 66, "value": 0.022640088845599999, "supply": [{"l": "Millet", "v": 0.022640088845599999}]}, {"source": 2, "prod": 94.0, "target": 66, "value": 0.31135421808965363, "supply": [{"l": "Wheat", "v": 0.31135421808965363}]}, {"source": 1, "prod": 8.0, "target": 46, "value": 0.011320044422799999, "supply": [{"l": "Poultry Meat", "v": 0.011320044422799999}]}, {"source": 1, "prod": 2.0, "target": 41, "value": 0.002122508329275, "supply": [{"l": "Pelagic Fish", "v": 0.002122508329275}]}, {"source": 1, "prod": 12.0, "target": 44, "value": 0.037534884138757899, "supply": [{"l": "Bovine Meat", "v": 0.037534884138757899}]}, {"source": 1, "prod": 18.0, "target": 24, "value": 0.029388576866884612, "supply": [{"l": "Eggs", "v": 0.031021275581711534}]}, {"source": 1, "prod": 493.0, "target": 7, "value": 0.38296955277975941, "supply": [{"l": "Milk - Excluding Butter", "v": 0.38296955277975941}]}, {"source": 1, "prod": 12.0, "target": 47, "value": 0.016086378916610525, "supply": [{"l": "Offals, Edible", "v": 0.016086378916610525}]}, {"source": 1, "prod": 3.0, "target": 26, "value": 0.0025470099951300004, "supply": [{"l": "Marine Fish, Other", "v": 0.0025470099951300004}]}, {"source": 1, "prod": 6.0, "target": 36, "value": 0.0056600222113999997, "supply": [{"l": "Fish, Seafood", "v": 0.0056600222113999997}]}, {"source": 1, "prod": 3.0, "target": 37, "value": 0.0050940199902600007, "supply": [{"l": "Meat, Other", "v": 0.0050940199902600007}]}, {"source": 1, "prod": 1.0, "target": 33, "value": 0.00099882744907058832, "supply": [{"l": "Freshwater Fish", "v": 0.00099882744907058832}]}, {"source": 1, "prod": 45.0, "target": 29, "value": 0.13098908546382859, "supply": [{"l": "Mutton & Goat Meat", "v": 0.13098908546382859}]}, {"source": 54, "prod": 30.0, "target": 31, "value": 0.30564119941560003, "supply": [{"l": "Olive Oil", "v": 0.30564119941560003}]}, {"source": 54, "prod": 6.0, "target": 20, "value": 0.065090255431100003, "supply": [{"l": "Fats, Animals, Raw", "v": 0.065090255431100003}]}, {"source": 54, "prod": 3.0, "target": 40, "value": 0.0063675249878250009, "supply": [{"l": "Sweeteners, Other", "v": 0.0063675249878250009}]}, {"source": 54, "prod": 1.0, "target": 34, "value": 0.0084900333171, "supply": [{"l": "Sesameseed Oil", "v": 0.0084900333171}]}, {"source": 54, "prod": 1.0, "target": 60, "value": 0.0014857558304925001, "supply": [{"l": "Alcohol, Non-Food", "v": 0.0014857558304925001}]}, {"source": 54, "prod": 15.0, "target": 18, "value": 0.13842445625706523, "supply": [{"l": "Butter, Ghee", "v": 0.13842445625706523}]}, {"source": 54, "prod": 6.0, "target": 58, "value": 0.057307724890425009, "supply": [{"l": "Palm Oil", "v": 0.057307724890425009}]}, {"source": 54, "prod": 3.0, "target": 15, "value": 0.0025470099951300004, "supply": [{"l": "Beer", "v": 0.0025470099951300004}]}, {"source": 54, "prod": 1.0, "target": 16, "value": 0.002122508329275, "supply": [{"l": "Beverages, Alcoholic", "v": 0.002122508329275}]}, {"source": 54, "prod": 34.0, "target": 50, "value": 0.34498525625094156, "supply": [{"l": "Cottonseed Oil", "v": 0.34498525625094156}]}, {"source": 54, "prod": 140.0, "target": 13, "value": 0.57809408677344543, "supply": [{"l": "Sugar", "v": 0.57809408677344543}]}, {"source": 54, "prod": 1.0, "target": 30, "value": 0.0084900333171, "supply": [{"l": "Sunflowerseed Oil", "v": 0.0084900333171}]}, {"source": 53, "prod": 2.0, "target": 67, "value": 0.0077379532015789485, "supply": [{"l": "Sunflower seed", "v": 0.0077379532015789485}]}, {"source": 0, "prod": 21.0, "target": 67, "value": 0.07323131481822337, "supply": [{"l": "Maize", "v": 0.07323131481822337}]}, {"source": 10, "prod": 85.5, "target": 67, "value": 0.29810999943000005, "supply": [{"l": "Olives", "v": 0.29810999943000005}]}, {"source": 2, "prod": 1968.0, "target": 67, "value": 6.861759986880001, "supply": [{"l": "Wheat", "v": 6.861759986880001}]}, {"source": 22, "prod": 1.5, "target": 67, "value": 0.0052299999900000003, "supply": [{"l": "Coconuts - Incl Copra", "v": 0.0052299999900000003}]}, {"source": 55, "prod": 234.0, "target": 67, "value": 0.81587999843999992, "supply": [{"l": "Cottonseed", "v": 0.81587999843999992}]}, {"source": 4, "prod": 35.25, "target": 67, "value": 0.12290499976499999, "supply": [{"l": "Potatoes", "v": 0.12290499976499999}]}, {"source": 3, "prod": 4.0, "target": 67, "value": 0.013946666640000003, "supply": [{"l": "Oats", "v": 0.013946666640000003}]}, {"source": 5, "prod": 471.5, "target": 67, "value": 1.6439633301900001, "supply": [{"l": "Vegetables, Other", "v": 1.6439633301900001}]}, {"source": 25, "prod": 4.5, "target": 67, "value": 0.015689999970000004, "supply": [{"l": "Sesame seed", "v": 0.015689999970000004}]}, {"source": 6, "prod": 40.0, "target": 67, "value": 0.13946666640000002, "supply": [{"l": "Millet", "v": 0.13946666640000002}]}, {"source": 56, "prod": 91.200000000000003, "target": 67, "value": 0.10599466646400001, "supply": [{"l": "Sugar beet", "v": 0.10599466646400001}]}, {"source": 35, "prod": 4.0, "target": 67, "value": 0.013946666639999999, "supply": [{"l": "Beans", "v": 0.013946666639999999}]}, {"source": 8, "prod": 858.0, "target": 67, "value": 2.9915599942799997, "supply": [{"l": "Barley", "v": 2.9915599942799997}]}, {"source": 28, "prod": 11.5, "target": 67, "value": 0.040096666590000003, "supply": [{"l": "Groundnuts", "v": 0.040096666590000003}]}, {"source": 9, "prod": 115.0, "target": 67, "value": 0.40096666590000002, "supply": [{"l": "Pulses, Other", "v": 0.40096666590000002}]}, {"source": 59, "prod": 1.0, "target": 67, "value": 0.0038689766007894743, "supply": [{"l": "Oilcrops, Other", "v": 0.0038689766007894743}]}, {"source": 17, "prod": 40.0, "target": 67, "value": 0.13946666640000002, "supply": [{"l": "Rice", "v": 0.13946666640000002}]}, {"source": 51, "prod": 65.5, "target": 67, "value": 0.22837666623000005, "supply": [{"l": "Onions", "v": 0.22837666623000005}]}, {"source": 19, "prod": 205.0, "target": 67, "value": 0.7147666653000001, "supply": [{"l": "Tomatoes", "v": 0.7147666653000001}]}, {"source": 39, "prod": 0.40000000000000002, "target": 67, "value": 0.00011320044422800002, "supply": [{"l": "Sugar cane", "v": 0.00011320044422800002}]}, {"source": 68, "prod": 0, "target": 0, "value": 0.0015825172818233241, "supply": "[{\"l\":'Energy for power irrigation',\"v\":0.0015825172818233241}]"}, {"source": 68, "prod": 0, "target": 10, "value": 0.012886212151989925, "supply": "[{\"l\":'Energy for power irrigation',\"v\":0.012886212151989925}]"}, {"source": 68, "prod": 0, "target": 12, "value": 0.0021853810082322093, "supply": "[{\"l\":'Energy for power irrigation',\"v\":0.0021853810082322093}]"}, {"source": 68, "prod": 0, "target": 14, "value": 0.00037678982900555337, "supply": "[{\"l\":'Energy for power irrigation',\"v\":0.00037678982900555337}]"}, {"source": 68, "prod": 0, "target": 8, "value": 0.064657134657352955, "supply": "[{\"l\":'Energy for power irrigation',\"v\":0.064657134657352955}]"}, {"source": 68, "prod": 0, "target": 17, "value": 0.003014318632044427, "supply": "[{\"l\":'Energy for power irrigation',\"v\":0.003014318632044427}]"}, {"source": 68, "prod": 0, "target": 19, "value": 0.030896765978455375, "supply": "[{\"l\":'Energy for power irrigation',\"v\":0.030896765978455375}]"}, {"source": 68, "prod": 0, "target": 53, "value": 0.00030143186320444267, "supply": "[{\"l\":'Energy for power irrigation',\"v\":0.00030143186320444267}]"}, {"source": 68, "prod": 0, "target": 2, "value": 0.14830447669658581, "supply": "[{\"l\":'Energy for power irrigation',\"v\":0.14830447669658581}]"}, {"source": 68, "prod": 0, "target": 23, "value": 0.0021853810082322093, "supply": "[{\"l\":'Energy for power irrigation',\"v\":0.0021853810082322093}]"}, {"source": 68, "prod": 0, "target": 5, "value": 0.071062561750447367, "supply": "[{\"l\":'Energy for power irrigation',\"v\":0.071062561750447367}]"}, {"source": 68, "prod": 0, "target": 25, "value": 0.00067822169220999604, "supply": "[{\"l\":'Energy for power irrigation',\"v\":0.00067822169220999604}]"}, {"source": 68, "prod": 0, "target": 27, "value": 0.031424271739063148, "supply": "[{\"l\":'Energy for power irrigation',\"v\":0.031424271739063148}]"}, {"source": 68, "prod": 0, "target": 28, "value": 0.0017332332134255455, "supply": "[{\"l\":'Energy for power irrigation',\"v\":0.0017332332134255455}]"}, {"source": 68, "prod": 0, "target": 3, "value": 0.00030143186320444267, "supply": "[{\"l\":'Energy for power irrigation',\"v\":0.00030143186320444267}]"}, {"source": 68, "prod": 0, "target": 55, "value": 0.035267527994919799, "supply": "[{\"l\":'Energy for power irrigation',\"v\":0.035267527994919799}]"}, {"source": 68, "prod": 0, "target": 4, "value": 0.010625473177956604, "supply": "[{\"l\":'Energy for power irrigation',\"v\":0.010625473177956604}]"}, {"source": 68, "prod": 0, "target": 35, "value": 0.00060286372640888533, "supply": "[{\"l\":'Energy for power irrigation',\"v\":0.00060286372640888533}]"}, {"source": 68, "prod": 0, "target": 9, "value": 0.017332332134255453, "supply": "[{\"l\":'Energy for power irrigation',\"v\":0.017332332134255453}]"}, {"source": 68, "prod": 0, "target": 56, "value": 0.034363232405306463, "supply": "[{\"l\":'Energy for power irrigation',\"v\":0.034363232405306463}]"}, {"source": 68, "prod": 0, "target": 38, "value": 0.0013564433844199921, "supply": "[{\"l\":'Energy for power irrigation',\"v\":0.0013564433844199921}]"}, {"source": 68, "prod": 0, "target": 39, "value": 0.00015071593160222133, "supply": "[{\"l\":'Energy for power irrigation',\"v\":0.00015071593160222133}]"}, {"source": 68, "prod": 0, "target": 43, "value": 0.00060286372640888533, "supply": "[{\"l\":'Energy for power irrigation',\"v\":0.00060286372640888533}]"}, {"source": 68, "prod": 0, "target": 45, "value": 0.01582517281823324, "supply": "[{\"l\":'Energy for power irrigation',\"v\":0.01582517281823324}]"}, {"source": 68, "prod": 0, "target": 6, "value": 0.003014318632044427, "supply": "[{\"l\":'Energy for power irrigation',\"v\":0.003014318632044427}]"}, {"source": 68, "prod": 0, "target": 48, "value": 0.0055011315034810791, "supply": "[{\"l\":'Energy for power irrigation',\"v\":0.0055011315034810791}]"}, {"source": 68, "prod": 0, "target": 51, "value": 0.0098718935199454978, "supply": "[{\"l\":'Energy for power irrigation',\"v\":0.0098718935199454978}]"}, {"source": 68, "prod": 0, "target": 52, "value": 0.0033157504952488694, "supply": "[{\"l\":'Energy for power irrigation',\"v\":0.0033157504952488694}]"}, {"source": 68, "prod": 0, "target": 54, "value": 0.08682465912407393, "supply": "[{\"l\":'Electricity',\"v\":0.08682465912407393}]"}, {"source": 69, "prod": 0, "target": 68, "value": 1.5319075838224707, "supply": [{"l": "Coal", "v": 0.0}, {"l": "Natural gas", "v": 0.0}, {"l": "Oil", "v": 1.5319075838224707}]}, {"source": 70, "prod": 0, "target": 68, "value": 0.018188956240303183, "supply": [{"l": "Nuclear", "v": 0.0}, {"l": "Hydroelectric", "v": 0.018188956240303183}, {"l": "Renewable", "v": 0.0}]}, {"source": 69, "prod": 0, "target": 0, "value": 0.0080463017381658345, "supply": [{"l": "Gas-diesel oils", "v": 0.0080463017381658345}]}, {"source": 69, "prod": 0, "target": 10, "value": 0.065519885582207518, "supply": [{"l": "Gas-diesel oils", "v": 0.065519885582207518}]}, {"source": 69, "prod": 0, "target": 12, "value": 0.011111559543181391, "supply": [{"l": "Gas-diesel oils", "v": 0.011111559543181391}]}, {"source": 69, "prod": 0, "target": 14, "value": 0.0019157861281347225, "supply": [{"l": "Gas-diesel oils", "v": 0.0019157861281347225}]}, {"source": 69, "prod": 0, "target": 8, "value": 0.32874889958791842, "supply": [{"l": "Gas-diesel oils", "v": 0.32874889958791842}]}, {"source": 69, "prod": 0, "target": 17, "value": 0.01532628902507778, "supply": [{"l": "Gas-diesel oils", "v": 0.01532628902507778}]}, {"source": 69, "prod": 0, "target": 19, "value": 0.15709446250704726, "supply": [{"l": "Gas-diesel oils", "v": 0.15709446250704726}]}, {"source": 69, "prod": 0, "target": 53, "value": 0.001532628902507778, "supply": [{"l": "Gas-diesel oils", "v": 0.001532628902507778}]}, {"source": 69, "prod": 0, "target": 2, "value": 0.7540534200338268, "supply": [{"l": "Gas-diesel oils", "v": 0.7540534200338268}]}, {"source": 69, "prod": 0, "target": 23, "value": 0.011111559543181391, "supply": [{"l": "Gas-diesel oils", "v": 0.011111559543181391}]}, {"source": 69, "prod": 0, "target": 5, "value": 0.36131726376620865, "supply": [{"l": "Gas-diesel oils", "v": 0.36131726376620865}]}, {"source": 69, "prod": 0, "target": 25, "value": 0.0034484150306425009, "supply": [{"l": "Gas-diesel oils", "v": 0.0034484150306425009}]}, {"source": 69, "prod": 0, "target": 27, "value": 0.15977656308643584, "supply": [{"l": "Gas-diesel oils", "v": 0.15977656308643584}]}, {"source": 69, "prod": 0, "target": 28, "value": 0.0088126161894197235, "supply": [{"l": "Gas-diesel oils", "v": 0.0088126161894197235}]}, {"source": 69, "prod": 0, "target": 3, "value": 0.001532628902507778, "supply": [{"l": "Gas-diesel oils", "v": 0.001532628902507778}]}, {"source": 69, "prod": 0, "target": 55, "value": 0.17931758159341005, "supply": [{"l": "Gas-diesel oils", "v": 0.17931758159341005}]}, {"source": 69, "prod": 0, "target": 4, "value": 0.054025168813399173, "supply": [{"l": "Gas-diesel oils", "v": 0.054025168813399173}]}, {"source": 69, "prod": 0, "target": 35, "value": 0.003065257805015556, "supply": [{"l": "Gas-diesel oils", "v": 0.003065257805015556}]}, {"source": 69, "prod": 0, "target": 9, "value": 0.088126161894197239, "supply": [{"l": "Gas-diesel oils", "v": 0.088126161894197239}]}, {"source": 69, "prod": 0, "target": 56, "value": 0.17471969488588668, "supply": [{"l": "Gas-diesel oils", "v": 0.17471969488588668}]}, {"source": 69, "prod": 0, "target": 38, "value": 0.0068968300612850019, "supply": [{"l": "Gas-diesel oils", "v": 0.0068968300612850019}]}, {"source": 69, "prod": 0, "target": 39, "value": 0.000766314451253889, "supply": [{"l": "Gas-diesel oils", "v": 0.000766314451253889}]}, {"source": 69, "prod": 0, "target": 43, "value": 0.003065257805015556, "supply": [{"l": "Gas-diesel oils", "v": 0.003065257805015556}]}, {"source": 69, "prod": 0, "target": 45, "value": 0.080463017381658342, "supply": [{"l": "Gas-diesel oils", "v": 0.080463017381658342}]}, {"source": 69, "prod": 0, "target": 6, "value": 0.01532628902507778, "supply": [{"l": "Gas-diesel oils", "v": 0.01532628902507778}]}, {"source": 69, "prod": 0, "target": 48, "value": 0.02797047747076695, "supply": [{"l": "Gas-diesel oils", "v": 0.02797047747076695}]}, {"source": 69, "prod": 0, "target": 51, "value": 0.050193596557129731, "supply": [{"l": "Gas-diesel oils", "v": 0.050193596557129731}]}, {"source": 69, "prod": 0, "target": 52, "value": 0.016858917927585558, "supply": [{"l": "Gas-diesel oils", "v": 0.016858917927585558}]}, {"source": 69, "prod": 0, "target": 1, "value": 0.020014385533658401, "supply": [{"l": "Fossil fuels in fisheries", "v": 0.020014385533658401}]}, {"source": 71, "prod": 0.12464705019078369, "target": 0, "value": 0.0016544262622079945, "supply": [{"l": "Potash", "v": 0.0037560972252271003}, {"l": "Phosphate", "v": 0.054203333376695993}, {"l": "Nitrogen", "v": 0.47886250038308997}]}, {"source": 71, "prod": 1.0149831229820958, "target": 10, "value": 0.013471756706550812, "supply": [{"l": "Potash", "v": 0.0037560972252271003}, {"l": "Phosphate", "v": 0.054203333376695993}, {"l": "Nitrogen", "v": 0.47886250038308997}]}, {"source": 71, "prod": 0.17213164073965365, "target": 12, "value": 0.0022846838859062781, "supply": [{"l": "Potash", "v": 0.0037560972252271003}, {"l": "Phosphate", "v": 0.054203333376695993}, {"l": "Nitrogen", "v": 0.47886250038308997}]}, {"source": 71, "prod": 0.029677869093043735, "target": 14, "value": 0.00039391101481142725, "supply": [{"l": "Potash", "v": 0.0037560972252271003}, {"l": "Phosphate", "v": 0.054203333376695993}, {"l": "Nitrogen", "v": 0.47886250038308997}]}, {"source": 71, "prod": 5.0927223363663048, "target": 8, "value": 0.067595130141640924, "supply": [{"l": "Potash", "v": 0.0037560972252271003}, {"l": "Phosphate", "v": 0.054203333376695993}, {"l": "Nitrogen", "v": 0.47886250038308997}]}, {"source": 71, "prod": 0.23742295274434988, "target": 17, "value": 0.003151288118491418, "supply": [{"l": "Potash", "v": 0.0037560972252271003}, {"l": "Phosphate", "v": 0.054203333376695993}, {"l": "Nitrogen", "v": 0.47886250038308997}]}, {"source": 71, "prod": 2.4335852656295862, "target": 19, "value": 0.032300703214537034, "supply": [{"l": "Potash", "v": 0.0037560972252271003}, {"l": "Phosphate", "v": 0.054203333376695993}, {"l": "Nitrogen", "v": 0.47886250038308997}]}, {"source": 71, "prod": 0.023742295274434985, "target": 53, "value": 0.00031512881184914181, "supply": [{"l": "Potash", "v": 0.0037560972252271003}, {"l": "Phosphate", "v": 0.054203333376695993}, {"l": "Nitrogen", "v": 0.47886250038308997}]}, {"source": 71, "prod": 11.681209275022013, "target": 2, "value": 0.15504337542977778, "supply": [{"l": "Potash", "v": 0.0037560972252271003}, {"l": "Phosphate", "v": 0.054203333376695993}, {"l": "Nitrogen", "v": 0.47886250038308997}]}, {"source": 71, "prod": 0.17213164073965365, "target": 23, "value": 0.0022846838859062781, "supply": [{"l": "Potash", "v": 0.0037560972252271003}, {"l": "Phosphate", "v": 0.054203333376695993}, {"l": "Nitrogen", "v": 0.47886250038308997}]}, {"source": 71, "prod": 5.5972461109480482, "target": 5, "value": 0.074291617393435178, "supply": [{"l": "Potash", "v": 0.0037560972252271003}, {"l": "Phosphate", "v": 0.054203333376695993}, {"l": "Nitrogen", "v": 0.47886250038308997}]}, {"source": 71, "prod": 0.05342016436747872, "target": 25, "value": 0.00070903982666056906, "supply": [{"l": "Potash", "v": 0.0037560972252271003}, {"l": "Phosphate", "v": 0.054203333376695993}, {"l": "Nitrogen", "v": 0.47886250038308997}]}, {"source": 71, "prod": 2.4751342823598472, "target": 27, "value": 0.032852178635273031, "supply": [{"l": "Potash", "v": 0.0037560972252271003}, {"l": "Phosphate", "v": 0.054203333376695993}, {"l": "Nitrogen", "v": 0.47886250038308997}]}, {"source": 71, "prod": 0.13651819782800118, "target": 28, "value": 0.0018119906681325654, "supply": [{"l": "Potash", "v": 0.0037560972252271003}, {"l": "Phosphate", "v": 0.054203333376695993}, {"l": "Nitrogen", "v": 0.47886250038308997}]}, {"source": 71, "prod": 0.023742295274434985, "target": 3, "value": 0.00031512881184914181, "supply": [{"l": "Potash", "v": 0.0037560972252271003}, {"l": "Phosphate", "v": 0.054203333376695993}, {"l": "Nitrogen", "v": 0.47886250038308997}]}, {"source": 71, "prod": 2.7778485471088938, "target": 55, "value": 0.036870070986349597, "supply": [{"l": "Potash", "v": 0.0037560972252271003}, {"l": "Phosphate", "v": 0.054203333376695993}, {"l": "Nitrogen", "v": 0.47886250038308997}]}, {"source": 71, "prod": 0.83691590842383323, "target": 4, "value": 0.011108290617682247, "supply": [{"l": "Potash", "v": 0.0037560972252271003}, {"l": "Phosphate", "v": 0.054203333376695993}, {"l": "Nitrogen", "v": 0.47886250038308997}]}, {"source": 71, "prod": 0.04748459054886997, "target": 35, "value": 0.00063025762369828362, "supply": [{"l": "Potash", "v": 0.0037560972252271003}, {"l": "Phosphate", "v": 0.054203333376695993}, {"l": "Nitrogen", "v": 0.47886250038308997}]}, {"source": 71, "prod": 1.3651819782800116, "target": 9, "value": 0.018119906681325654, "supply": [{"l": "Potash", "v": 0.0037560972252271003}, {"l": "Phosphate", "v": 0.054203333376695993}, {"l": "Nitrogen", "v": 0.47886250038308997}]}, {"source": 71, "prod": 2.7066216612855882, "target": 56, "value": 0.035924684550802166, "supply": [{"l": "Potash", "v": 0.0037560972252271003}, {"l": "Phosphate", "v": 0.054203333376695993}, {"l": "Nitrogen", "v": 0.47886250038308997}]}, {"source": 71, "prod": 0.10684032873495744, "target": 38, "value": 0.0014180796533211381, "supply": [{"l": "Potash", "v": 0.0037560972252271003}, {"l": "Phosphate", "v": 0.054203333376695993}, {"l": "Nitrogen", "v": 0.47886250038308997}]}, {"source": 71, "prod": 0.011871147637217493, "target": 39, "value": 0.0001575644059245709, "supply": [{"l": "Potash", "v": 0.0037560972252271003}, {"l": "Phosphate", "v": 0.054203333376695993}, {"l": "Nitrogen", "v": 0.47886250038308997}]}, {"source": 71, "prod": 0.04748459054886997, "target": 43, "value": 0.00063025762369828362, "supply": [{"l": "Potash", "v": 0.0037560972252271003}, {"l": "Phosphate", "v": 0.054203333376695993}, {"l": "Nitrogen", "v": 0.47886250038308997}]}, {"source": 71, "prod": 1.2464705019078368, "target": 45, "value": 0.016544262622079944, "supply": [{"l": "Potash", "v": 0.0037560972252271003}, {"l": "Phosphate", "v": 0.054203333376695993}, {"l": "Nitrogen", "v": 0.47886250038308997}]}, {"source": 71, "prod": 0.23742295274434988, "target": 6, "value": 0.003151288118491418, "supply": [{"l": "Potash", "v": 0.0037560972252271003}, {"l": "Phosphate", "v": 0.054203333376695993}, {"l": "Nitrogen", "v": 0.47886250038308997}]}, {"source": 71, "prod": 0.43329688875843853, "target": 48, "value": 0.0057511008162468378, "supply": [{"l": "Potash", "v": 0.0037560972252271003}, {"l": "Phosphate", "v": 0.054203333376695993}, {"l": "Nitrogen", "v": 0.47886250038308997}]}, {"source": 71, "prod": 0.77756017023774582, "target": 51, "value": 0.010320468588059396, "supply": [{"l": "Potash", "v": 0.0037560972252271003}, {"l": "Phosphate", "v": 0.054203333376695993}, {"l": "Nitrogen", "v": 0.47886250038308997}]}, {"source": 71, "prod": 0.26116524801878482, "target": 52, "value": 0.0034664169303405597, "supply": [{"l": "Potash", "v": 0.0037560972252271003}, {"l": "Phosphate", "v": 0.054203333376695993}, {"l": "Nitrogen", "v": 0.47886250038308997}]}, {"source": 69, "prod": 0, "target": 71, "value": 0.6338714768307645, "supply": [{"l": "Natural gas (including LNG)", "v": 0.43381397718621312}, {"l": "Residual fuel oil", "v": 0.11540840730988304}, {"l": "Liquefied petroleum gas (LPG)", "v": 0.042324546167334214}, {"l": "Hard coal", "v": 0.042324546167334214}]}, {"source": 72, "prod": 0, "target": 0, "value": 0.00093777367528196038, "supply": "[{\"l\":'Labor',\"v\":0.00093777367528196038}]"}, {"source": 72, "prod": 0, "target": 10, "value": 0.0076361570701531057, "supply": "[{\"l\":'Labor',\"v\":0.0076361570701531057}]"}, {"source": 72, "prod": 0, "target": 12, "value": 0.0012950207896750879, "supply": "[{\"l\":'Labor',\"v\":0.0012950207896750879}]"}, {"source": 72, "prod": 0, "target": 14, "value": 0.00022327944649570486, "supply": "[{\"l\":'Labor',\"v\":0.00022327944649570486}]"}, {"source": 72, "prod": 0, "target": 8, "value": 0.038314753018662953, "supply": "[{\"l\":'Labor',\"v\":0.038314753018662953}]"}, {"source": 72, "prod": 0, "target": 17, "value": 0.0017862355719656389, "supply": "[{\"l\":'Labor',\"v\":0.0017862355719656389}]"}, {"source": 72, "prod": 0, "target": 19, "value": 0.0183089146126478, "supply": "[{\"l\":'Labor',\"v\":0.0183089146126478}]"}, {"source": 72, "prod": 0, "target": 53, "value": 0.00017862355719656386, "supply": "[{\"l\":'Labor',\"v\":0.00017862355719656386}]"}, {"source": 72, "prod": 0, "target": 21, "value": 8.931177859828193e-05, "supply": "[{\"l\":'Labor',\"v\":8.931177859828193e-05}]"}, {"source": 72, "prod": 0, "target": 2, "value": 0.087882790140709433, "supply": "[{\"l\":'Labor',\"v\":0.087882790140709433}]"}, {"source": 72, "prod": 0, "target": 22, "value": 0.00013396766789742291, "supply": "[{\"l\":'Labor',\"v\":0.00013396766789742291}]"}, {"source": 72, "prod": 0, "target": 23, "value": 0.0012950207896750879, "supply": "[{\"l\":'Labor',\"v\":0.0012950207896750879}]"}, {"source": 72, "prod": 0, "target": 5, "value": 0.042110503609089932, "supply": "[{\"l\":'Labor',\"v\":0.042110503609089932}]"}, {"source": 72, "prod": 0, "target": 25, "value": 0.00040190300369226877, "supply": "[{\"l\":'Labor',\"v\":0.00040190300369226877}]"}, {"source": 72, "prod": 0, "target": 27, "value": 0.018621505837741782, "supply": "[{\"l\":'Labor',\"v\":0.018621505837741782}]"}, {"source": 72, "prod": 0, "target": 28, "value": 0.0010270854538802423, "supply": "[{\"l\":'Labor',\"v\":0.0010270854538802423}]"}, {"source": 72, "prod": 0, "target": 59, "value": 8.931177859828193e-05, "supply": "[{\"l\":'Labor',\"v\":8.931177859828193e-05}]"}, {"source": 72, "prod": 0, "target": 39, "value": 8.931177859828193e-05, "supply": "[{\"l\":'Labor',\"v\":8.931177859828193e-05}]"}, {"source": 72, "prod": 0, "target": 32, "value": 0.0014289884575725109, "supply": "[{\"l\":'Labor',\"v\":0.0014289884575725109}]"}, {"source": 72, "prod": 0, "target": 3, "value": 0.00017862355719656386, "supply": "[{\"l\":'Labor',\"v\":0.00017862355719656386}]"}, {"source": 72, "prod": 0, "target": 55, "value": 0.020898956191997976, "supply": "[{\"l\":'Labor',\"v\":0.020898956191997976}]"}, {"source": 72, "prod": 0, "target": 4, "value": 0.0062964803911788759, "supply": "[{\"l\":'Labor',\"v\":0.0062964803911788759}]"}, {"source": 72, "prod": 0, "target": 35, "value": 0.00035724711439312772, "supply": "[{\"l\":'Labor',\"v\":0.00035724711439312772}]"}, {"source": 72, "prod": 0, "target": 9, "value": 0.010270854538802422, "supply": "[{\"l\":'Labor',\"v\":0.010270854538802422}]"}, {"source": 72, "prod": 0, "target": 56, "value": 0.020363085520408282, "supply": "[{\"l\":'Labor',\"v\":0.020363085520408282}]"}, {"source": 72, "prod": 0, "target": 38, "value": 0.00080380600738453754, "supply": "[{\"l\":'Labor',\"v\":0.00080380600738453754}]"}, {"source": 72, "prod": 0, "target": 42, "value": 0.00035724711439312772, "supply": "[{\"l\":'Labor',\"v\":0.00035724711439312772}]"}, {"source": 72, "prod": 0, "target": 43, "value": 0.00035724711439312772, "supply": "[{\"l\":'Labor',\"v\":0.00035724711439312772}]"}, {"source": 72, "prod": 0, "target": 45, "value": 0.0093777367528196029, "supply": "[{\"l\":'Labor',\"v\":0.0093777367528196029}]"}, {"source": 72, "prod": 0, "target": 6, "value": 0.0017862355719656389, "supply": "[{\"l\":'Labor',\"v\":0.0017862355719656389}]"}, {"source": 72, "prod": 0, "target": 48, "value": 0.0032598799188372908, "supply": "[{\"l\":'Labor',\"v\":0.0032598799188372908}]"}, {"source": 72, "prod": 0, "target": 49, "value": 0.00031259122509398677, "supply": "[{\"l\":'Labor',\"v\":0.00031259122509398677}]"}, {"source": 72, "prod": 0, "target": 51, "value": 0.0058499214981874671, "supply": "[{\"l\":'Labor',\"v\":0.0058499214981874671}]"}, {"source": 72, "prod": 0, "target": 52, "value": 0.0019648591291622024, "supply": "[{\"l\":'Labor',\"v\":0.0019648591291622024}]"}, {"source": 69, "prod": 0, "target": 62, "value": 0.94953710325240881, "supply": "[{\"l\":'Fossil Fuels',\"v\":0.94953710325240881}]"}, {"source": 70, "prod": 0, "target": 62, "value": 0.002494164189689888, "supply": "[{\"l\":'Renewables & Nuclear',\"v\":0.0016704342261431584},{\"l\":'Biomass & Waste',\"v\":0.00082372996354672986}]"}]}