{"nodes": [{"layer": 13, "name": "Milk - Excluding Butter"}, {"layer": 10, "name": "Feed", "fill": "#dbdb8d"}, {"layer": 5, "name": "Vegetables"}, {"layer": 5, "name": "Sugar Crops", "fill": "#ffbb78"}, {"layer": 13, "name": "Animal Fats"}, {"layer": 5, "name": "Starchy Roots"}, {"layer": 5, "name": "Pulses"}, {"layer": 5, "name": "Cereals - Excluding Beer"}, {"layer": 16, "name": "Food", "fill": "#b5cf6b"}, {"layer": 5, "name": "Spices"}, {"layer": 5, "name": "Oilcrops", "fill": "#ff9896"}, {"layer": 5, "name": "Treenuts"}, {"layer": 13, "name": "Alcoholic Beverages"}, {"layer": 5, "name": "Others"}, {"layer": 13, "name": "Fish, Seafood"}, {"layer": 13, "name": "Sugar & Sweeteners"}, {"layer": 13, "name": "Vegetable Oils", "fill": "#f7b6d2"}, {"layer": 5, "name": "Stimulants"}, {"layer": 13, "name": "Eggs"}, {"layer": 5, "name": "Fruits - Excluding Wine"}, {"layer": 13, "name": "Meat"}, {"layer": 10, "name": "Processing", "fill": "#9edae5"}, {"layer": 16, "name": "Biofuels & Other", "fill": "#e7ba52"}, {"name": "Waste", "fill": "#c7c7c7"}, {"layer": 2, "name": "Import", "fill": "#aec7e8"}, {"layer": 16, "name": "Export", "fill": "#aec7e8"}, {"layer": 0, "name": "Stock Draw", "fill": "#c7c7c7"}, {"layer": 16, "name": "Stock Deposit", "fill": "#c7c7c7"}, {"layer": 2, "name": "Electricity", "fill": "#bcbd22"}, {"layer": 0, "name": "Fossil Fuels", "fill": "#c49c94"}, {"layer": 0, "name": "Renewables & Nuclear", "fill": "#2ca02c"}, {"layer": 2, "name": "Fertilizers", "fill": "#c5b0d5"}, {"layer": 0, "name": "Labor", "fill": "#7f7f7f"}], "links": [{"source": 0, "prod": 140.0, "target": 1, "value": 0.10320220139947907, "supply": [{"l": "Milk - Excluding Butter", "v": 0.10320220139947907}]}, {"source": 2, "prod": 36.0, "target": 1, "value": 0.0081771749465051995, "supply": [{"l": "Vegetables, Other", "v": 0.0081771749465051995}]}, {"source": 3, "prod": 65.0, "target": 1, "value": 0.075544444299999999, "supply": [{"l": "Sugar beet", "v": 0.075544444299999999}]}, {"source": 4, "prod": 1.0, "target": 1, "value": 0.010325378754767207, "supply": [{"l": "Fish, Liver Oil", "v": 0.010325378754767207}]}, {"source": 5, "prod": 5.0, "target": 1, "value": 0.0043957273091494078, "supply": [{"l": "Potatoes", "v": 0.0043957273091494078}]}, {"source": 6, "prod": 48.0, "target": 1, "value": 0.19839867330486313, "supply": [{"l": "Pulses, Other", "v": 0.19839867330486313}]}, {"source": 7, "prod": 497.0, "target": 1, "value": 1.5994055487776897, "supply": [{"l": "Maize", "v": 0.24093892937802344}, {"l": "Wheat", "v": 0.16560648820630688}, {"l": "Oats", "v": 0.0035427389525297353}, {"l": "Millet", "v": 0.056600222113999996}, {"l": "Barley", "v": 1.1291744311742999}, {"l": "Sorghum", "v": 0.0035427389525297353}]}, {"source": 0, "prod": 675.0, "target": 8, "value": 0.49758204246177401, "supply": [{"l": "Milk - Excluding Butter", "v": 0.49758204246177401}]}, {"source": 9, "prod": 4.0, "target": 8, "value": 0.0169800666342, "supply": [{"l": "Pepper", "v": 0.00424501665855}, {"l": "Spices, Other", "v": 0.012735049975650002}]}, {"source": 10, "prod": 34.0, "target": 8, "value": 0.16961884307603065, "supply": [{"l": "Olives", "v": 0.011143168728693751}, {"l": "Coconuts - Incl Copra", "v": 0.002122508329275}, {"l": "Sesame seed", "v": 0.059044322614377281}, {"l": "Oilcrops, Other", "v": 0.025470099951300004}, {"l": "Groundnuts", "v": 0.071838743452384612}]}, {"source": 11, "prod": 30.0, "target": 8, "value": 0.096373351167081081, "supply": [{"l": "Treenuts", "v": 0.096373351167081081}]}, {"source": 2, "prod": 2177.0, "target": 8, "value": 0.52206161307484933, "supply": [{"l": "Tomatoes", "v": 0.092794024036991316}, {"l": "Vegetables, Other", "v": 0.3638842851194814}, {"l": "Onions", "v": 0.065383303918376628}]}, {"source": 12, "prod": 8.0, "target": 8, "value": 0.0066328385289843757, "supply": [{"l": "Beer", "v": 0.0031837624939125004}, {"l": "Beverages, Alcoholic", "v": 0.002122508329275}, {"l": "Wine", "v": 0.001326567705796875}]}, {"source": 13, "prod": 31.0, "target": 8, "value": 0.098082227005444722, "supply": [{"l": "Nuts", "v": 0.093837210346894726}, {"l": "Infant food", "v": 0.00424501665855}]}, {"source": 5, "prod": 136.0, "target": 8, "value": 0.1195637828088639, "supply": [{"l": "Potatoes", "v": 0.1195637828088639}]}, {"source": 6, "prod": 69.0, "target": 8, "value": 0.28598006962863159, "supply": [{"l": "Peas", "v": 0.00424501665855}, {"l": "Beans", "v": 0.025470099951300004}, {"l": "Pulses, Other", "v": 0.2562649530187816}]}, {"source": 14, "prod": 26.0, "target": 8, "value": 0.02126045843157125, "supply": [{"l": "Marine Fish, Other", "v": 0.0035375138821250002}, {"l": "Freshwater Fish", "v": 0.0031837624939125004}, {"l": "Fish, Seafood", "v": 0.010347228105215624}, {"l": "Pelagic Fish", "v": 0.0033960133268400002}, {"l": "Demersal Fish", "v": 0.00079594062347812511}]}, {"source": 7, "prod": 1435.0, "target": 8, "value": 4.8283007131316413, "supply": [{"l": "Barley", "v": 0.046918605173447363}, {"l": "Rice", "v": 0.28028135963724943}, {"l": "Wheat", "v": 4.4746873113344119}, {"l": "Millet", "v": 0.026413436986533333}]}, {"source": 15, "prod": 207.0, "target": 8, "value": 0.84752606591282487, "supply": [{"l": "Sugar", "v": 0.83691352426644983}, {"l": "Sweeteners, Other", "v": 0.010612541646375}]}, {"source": 16, "prod": 84.0, "target": 8, "value": 0.87346028244954621, "supply": [{"l": "Sunflowerseed Oil", "v": 0.031837624939125002}, {"l": "Olive Oil", "v": 0.39469622974177665}, {"l": "Sesameseed Oil", "v": 0.046695183244050004}, {"l": "Oilcrops Oil, Other", "v": 0.02122508329275}, {"l": "Cottonseed Oil", "v": 0.37900616123184455}]}, {"source": 4, "prod": 35.0, "target": 8, "value": 0.34786662982505911, "supply": [{"l": "Fats, Animals, Raw", "v": 0.088296346497840017}, {"l": "Butter, Ghee", "v": 0.2595702833272191}]}, {"source": 17, "prod": 12.0, "target": 8, "value": 0.0074995294301050007, "supply": [{"l": "Coffee", "v": 0.0012735049975650002}, {"l": "Cocoa Beans", "v": 0.0028300111056999999}, {"l": "Tea", "v": 0.0033960133268400002}]}, {"source": 18, "prod": 32.0, "target": 8, "value": 0.054336213229440003, "supply": [{"l": "Eggs", "v": 0.054336213229440003}]}, {"source": 19, "prod": 690.0, "target": 8, "value": 0.40609933895720129, "supply": [{"l": "Citrus, Other", "v": 0.003436442056921429}, {"l": "Grapes", "v": 0.17875557180038215}, {"l": "Dates", "v": 0.021831514243971433}, {"l": "Fruits, Other", "v": 0.096191202221576302}, {"l": "Apples", "v": 0.040973639052091303}, {"l": "Lemons, Limes", "v": 0.0034958960717470585}, {"l": "Bananas", "v": 0.027315759368060872}, {"l": "Oranges, Mandarines", "v": 0.034099314142450828}]}, {"source": 20, "prod": 118.0, "target": 8, "value": 0.29118499108384605, "supply": [{"l": "Meat, Other", "v": 0.0028300111056999999}, {"l": "Mutton & Goat Meat", "v": 0.18058077443542303}, {"l": "Bovine Meat", "v": 0.053154991202713039}, {"l": "Poultry Meat", "v": 0.030564119941560004}, {"l": "Offals, Edible", "v": 0.024055094398450005}]}, {"source": 5, "prod": 1.0, "target": 21, "value": 0.00087914546182988164, "supply": [{"l": "Potatoes", "v": 0.00087914546182988164}]}, {"source": 7, "prod": 1.0, "target": 21, "value": 0.0031279070115631576, "supply": [{"l": "Barley", "v": 0.0031279070115631576}]}, {"source": 3, "prod": 208.0, "target": 21, "value": 0.24174222176000001, "supply": [{"l": "Sugar beet", "v": 0.24174222176000001}]}, {"source": 10, "prod": 399.0, "target": 21, "value": 1.3139773722982211, "supply": [{"l": "Sunflower seed", "v": 0.02971511660985}, {"l": "Olives", "v": 0.24037406829039376}, {"l": "Cottonseed", "v": 0.98484386478360009}, {"l": "Sesame seed", "v": 0.059044322614377281}]}, {"source": 19, "prod": 1.0, "target": 21, "value": 0.00063614082491239207, "supply": [{"l": "Grapes", "v": 0.00063614082491239207}]}, {"source": 5, "prod": 1.0, "target": 22, "value": 0.00087914546182988164, "supply": [{"l": "Potatoes", "v": 0.00087914546182988164}]}, {"source": 19, "prod": 41.0, "target": 22, "value": 0.026081773821408073, "supply": [{"l": "Grapes", "v": 0.026081773821408073}]}, {"source": 16, "prod": 27.0, "target": 22, "value": 0.25569451405010746, "supply": [{"l": "Olive Oil", "v": 0.051933714439707457}, {"l": "Palm Oil", "v": 0.19314825796402502}, {"l": "Oilcrops Oil, Other", "v": 0.010612541646375}]}, {"source": 12, "prod": 2.0, "target": 22, "value": 0.00265313541159375, "supply": [{"l": "Alcohol, Non-Food", "v": 0.00265313541159375}]}, {"source": 5, "prod": 18.0, "target": 5, "value": 0.015824618312937869, "supply": [{"l": "Potatoes", "v": 0.015824618312937869}]}, {"source": 7, "prod": 259.0, "target": 7, "value": 0.83867795866714112, "supply": [{"l": "Maize", "v": 0.0034918685417104846}, {"l": "Wheat", "v": 0.50675585391129907}, {"l": "Barley", "v": 0.32843023621413153}]}, {"source": 18, "prod": 2.0, "target": 18, "value": 0.0033960133268400002, "supply": [{"l": "Eggs", "v": 0.0033960133268400002}]}, {"source": 6, "prod": 22.0, "target": 6, "value": 0.090932725264728939, "supply": [{"l": "Pulses, Other", "v": 0.090932725264728939}]}, {"source": 10, "prod": 14.0, "target": 10, "value": 0.061716011420457698, "supply": [{"l": "Groundnuts", "v": 0.0065307948593076922}, {"l": "Cottonseed", "v": 0.055185216561150004}]}, {"source": 10, "prod": 18.0, "target": 23, "value": 0.028653862445212504, "supply": [{"l": "Olives", "v": 0.028653862445212504}]}, {"source": 18, "prod": 2.0, "target": 23, "value": 0.0033960133268400002, "supply": [{"l": "Eggs", "v": 0.0033960133268400002}]}, {"source": 5, "prod": 18.0, "target": 23, "value": 0.015824618312937869, "supply": [{"l": "Potatoes", "v": 0.015824618312937869}]}, {"source": 6, "prod": 5.0, "target": 23, "value": 0.020666528469256581, "supply": [{"l": "Pulses, Other", "v": 0.020666528469256581}]}, {"source": 19, "prod": 60.0, "target": 23, "value": 0.033165128993973524, "supply": [{"l": "Bananas", "v": 0.0029530550668173915}, {"l": "Oranges, Mandarines", "v": 0.0038274740363975416}, {"l": "Fruits, Other", "v": 0.0098029250671670103}, {"l": "Citrus, Other", "v": 0.00020214365040714286}, {"l": "Grapes", "v": 0.011450534848423058}, {"l": "Lemons, Limes", "v": 0.00049941372453529416}, {"l": "Apples", "v": 0.0044295826002260872}]}, {"source": 7, "prod": 137.0, "target": 23, "value": 0.44868734553524137, "supply": [{"l": "Maize", "v": 0.0069837370834209692}, {"l": "Wheat", "v": 0.33783723594086601}, {"l": "Millet", "v": 0.0037733481409333329}, {"l": "Barley", "v": 0.10009302437002104}]}, {"source": 2, "prod": 248.0, "target": 23, "value": 0.059584378891115231, "supply": [{"l": "Vegetables, Other", "v": 0.041567305978068098}, {"l": "Tomatoes", "v": 0.010381066616010445}, {"l": "Onions", "v": 0.0076360062970366868}]}, {"source": 24, "prod": 7.0, "target": 13, "value": 0.023012458727928949, "supply": [{"l": "Nuts", "v": 0.018767442069378949}, {"l": "Infant food", "v": 0.00424501665855}]}, {"source": 24, "prod": 195.0, "target": 1, "value": 0.15335652431155852, "supply": [{"l": "Freshwater Fish", "v": 0.0010612541646375}, {"l": "Milk - Excluding Butter", "v": 0.12531695884222457}, {"l": "Fish, Seafood", "v": 0.0079594062347812505}, {"l": "Pelagic Fish", "v": 0.0033960133268400002}, {"l": "Bovine Meat", "v": 0.0088591652004521744}, {"l": "Eggs", "v": 0.0016980066634200001}, {"l": "Poultry Meat", "v": 0.0015282059970780002}, {"l": "Marine Fish, Other", "v": 0.0035375138821250002}]}, {"source": 24, "prod": 525.0, "target": 7, "value": 1.7869449259405505, "supply": [{"l": "Maize", "v": 0.045394291042236301}, {"l": "Wheat", "v": 1.566637378431663}, {"l": "Rice", "v": 0.17178534945508833}, {"l": "Barley", "v": 0.0031279070115631576}]}, {"source": 24, "prod": 188.0, "target": 21, "value": 1.0119274429689864, "supply": [{"l": "Olive Oil", "v": 0.020773485775882984}, {"l": "Sugar", "v": 0.55932339493054806}, {"l": "Beverages, Alcoholic", "v": 0.002122508329275}, {"l": "Fish, Liver Oil", "v": 0.010325378754767207}, {"l": "Sweeteners, Other", "v": 0.012735049975650002}, {"l": "Oilcrops Oil, Other", "v": 0.02122508329275}, {"l": "Butter, Ghee", "v": 0.19227428394608823}, {"l": "Palm Oil", "v": 0.19314825796402502}]}, {"source": 24, "prod": 6.0, "target": 11, "value": 0.019274670233416214, "supply": [{"l": "Treenuts", "v": 0.019274670233416214}]}, {"source": 24, "prod": 67.0, "target": 2, "value": 0.015183860825415188, "supply": [{"l": "Tomatoes", "v": 0.0074150475828646022}, {"l": "Vegetables, Other", "v": 0.0068143124554209998}, {"l": "Onions", "v": 0.00095450078712958585}]}, {"source": 24, "prod": 12.0, "target": 17, "value": 0.0074995294301050007, "supply": [{"l": "Cocoa Beans", "v": 0.0028300111056999999}, {"l": "Tea", "v": 0.0033960133268400002}, {"l": "Coffee", "v": 0.0012735049975650002}]}, {"source": 24, "prod": 194.0, "target": 19, "value": 0.10915854678633953, "supply": [{"l": "Dates", "v": 0.021831514243971433}, {"l": "Oranges, Mandarines", "v": 0.029575935735799183}, {"l": "Fruits, Other", "v": 0.0085775594337711356}, {"l": "Citrus, Other", "v": 0.0012128619024428574}, {"l": "Lemons, Limes", "v": 0.0022473617604088238}, {"l": "Apples", "v": 0.011627654325593477}, {"l": "Bananas", "v": 0.030268814434878263}, {"l": "Grapes", "v": 0.0038168449494743518}]}, {"source": 24, "prod": 11.0, "target": 10, "value": 0.049396557481309097, "supply": [{"l": "Coconuts - Incl Copra", "v": 0.00424501665855}, {"l": "Sesame seed", "v": 0.019681440871459094}, {"l": "Oilcrops, Other", "v": 0.025470099951300004}]}, {"source": 24, "prod": 1.0, "target": 9, "value": 0.00424501665855, "supply": [{"l": "Pepper", "v": 0.00424501665855}]}, {"source": 24, "prod": 16.0, "target": 5, "value": 0.014066327389278106, "supply": [{"l": "Potatoes", "v": 0.014066327389278106}]}, {"source": 10, "prod": 3.0, "target": 25, "value": 0.019592384577923075, "supply": [{"l": "Groundnuts", "v": 0.019592384577923075}]}, {"source": 2, "prod": 26.0, "target": 25, "value": 0.0086263400646302748, "supply": [{"l": "Vegetables, Other", "v": 0.0029528687306824329}, {"l": "Onions", "v": 0.005249754329212721}, {"l": "Tomatoes", "v": 0.00042371700473512017}]}, {"source": 0, "prod": 2.0, "target": 25, "value": 0.0014743171628497007, "supply": [{"l": "Milk - Excluding Butter", "v": 0.0014743171628497007}]}, {"source": 6, "prod": 51.0, "target": 25, "value": 0.21091030135111577, "supply": [{"l": "Beans", "v": 0.00424501665855}, {"l": "Pulses, Other", "v": 0.20666528469256576}]}, {"source": 19, "prod": 25.0, "target": 25, "value": 0.015739314565308624, "supply": [{"l": "Fruits, Other", "v": 0.0042887797168855678}, {"l": "Grapes", "v": 0.011450534848423058}]}, {"source": 15, "prod": 3.0, "target": 25, "value": 0.010408780846764601, "supply": [{"l": "Sweeteners, Other", "v": 0.002122508329275}, {"l": "Sugar", "v": 0.0082862725174896006}]}, {"source": 7, "prod": 131.0, "target": 25, "value": 0.41049270952502559, "supply": [{"l": "Wheat", "v": 0.013248519056504551}, {"l": "Barley", "v": 0.39724419046852105}]}, {"source": 9, "prod": 3.0, "target": 25, "value": 0.012735049975650002, "supply": [{"l": "Spices, Other", "v": 0.012735049975650002}]}, {"source": 26, "prod": 4.0, "target": 10, "value": 0.026241921161945458, "supply": [{"l": "Sesame seed", "v": 0.026241921161945458}]}, {"source": 7, "prod": 327.0, "target": 27, "value": 1.0562518346857979, "supply": [{"l": "Barley", "v": 0.94775582450363682}, {"l": "Rice", "v": 0.10849601018216105}]}, {"source": 26, "prod": 1.0, "target": 9, "value": 0.00424501665855, "supply": [{"l": "Spices, Other", "v": 0.00424501665855}]}, {"source": 26, "prod": 9.0, "target": 13, "value": 0.028151163104068417, "supply": [{"l": "Nuts", "v": 0.028151163104068417}]}, {"source": 26, "prod": 32.0, "target": 6, "value": 0.13260091509733815, "supply": [{"l": "Beans", "v": 0.012735049975650002}, {"l": "Pulses, Other", "v": 0.11986586512168816}]}, {"source": 15, "prod": 44.0, "target": 27, "value": 0.18229799538477123, "supply": [{"l": "Sugar", "v": 0.18229799538477123}]}, {"source": 26, "prod": 9.0, "target": 11, "value": 0.028912005350124323, "supply": [{"l": "Treenuts", "v": 0.028912005350124323}]}, {"source": 26, "prod": 31.0, "target": 7, "value": 0.10267602268791026, "supply": [{"l": "Wheat", "v": 0.10267602268791026}]}, {"source": 1, "prod": 817.0, "target": 0, "value": 0.6022585610241028, "supply": [{"l": "Milk - Excluding Butter", "v": 0.6022585610241028}]}, {"source": 1, "prod": 34.0, "target": 18, "value": 0.057732226556280006, "supply": [{"l": "Eggs", "v": 0.061128239883120009}]}, {"source": 1, "prod": 118.0, "target": 20, "value": 0.29118499108384605, "supply": [{"l": "Poultry Meat", "v": 0.030564119941560004}, {"l": "Bovine Meat", "v": 0.053154991202713039}, {"l": "Meat, Other", "v": 0.0028300111056999999}, {"l": "Offals, Edible", "v": 0.024055094398450005}, {"l": "Mutton & Goat Meat", "v": 0.18058077443542303}]}, {"source": 1, "prod": 26.0, "target": 14, "value": 0.02126045843157125, "supply": [{"l": "Demersal Fish", "v": 0.00079594062347812511}, {"l": "Freshwater Fish", "v": 0.0031837624939125004}, {"l": "Pelagic Fish", "v": 0.0033960133268400002}, {"l": "Marine Fish, Other", "v": 0.0035375138821250002}, {"l": "Fish, Seafood", "v": 0.010347228105215624}]}, {"source": 21, "prod": 254.0, "target": 15, "value": 1.0402328421443607, "supply": [{"l": "Sweeteners, Other", "v": 0.01273504997565}, {"l": "Sugar", "v": 1.0274977921687107}]}, {"source": 21, "prod": 111.0, "target": 16, "value": 1.1291547964996536, "supply": [{"l": "Olive Oil", "v": 0.44662994418148411}, {"l": "Sesameseed Oil", "v": 0.046695183244050004}, {"l": "Palm Oil", "v": 0.19314825796402502}, {"l": "Cottonseed Oil", "v": 0.37900616123184455}, {"l": "Oilcrops Oil, Other", "v": 0.031837624939125002}, {"l": "Sunflowerseed Oil", "v": 0.031837624939125002}]}, {"source": 21, "prod": 10.0, "target": 12, "value": 0.0092859739405781253, "supply": [{"l": "Beer", "v": 0.0031837624939125004}, {"l": "Beverages, Alcoholic", "v": 0.002122508329275}, {"l": "Alcohol, Non-Food", "v": 0.00265313541159375}, {"l": "Wine", "v": 0.001326567705796875}]}, {"source": 21, "prod": 36.0, "target": 4, "value": 0.3581920085798263, "supply": [{"l": "Fats, Animals, Raw", "v": 0.088296346497840017}, {"l": "Fish, Liver Oil", "v": 0.010325378754767207}, {"l": "Butter, Ghee", "v": 0.2595702833272191}]}, {"source": 28, "prod": 0, "target": 10, "value": 0.042619600816525403, "supply": "[{\"l\":'Energy for power irrigation',\"v\":0.042619600816525403}]"}, {"source": 28, "prod": 0, "target": 11, "value": 0.0028933565209494617, "supply": "[{\"l\":'Energy for power irrigation',\"v\":0.0028933565209494617}]"}, {"source": 28, "prod": 0, "target": 2, "value": 0.22531439828219141, "supply": "[{\"l\":'Energy for power irrigation',\"v\":0.22531439828219141}]"}, {"source": 28, "prod": 0, "target": 3, "value": 0.025075756514895332, "supply": "[{\"l\":'Energy for power irrigation',\"v\":0.025075756514895332}]"}, {"source": 28, "prod": 0, "target": 5, "value": 0.015752718836280401, "supply": "[{\"l\":'Energy for power irrigation',\"v\":0.015752718836280401}]"}, {"source": 28, "prod": 0, "target": 6, "value": 0.019426822354946385, "supply": "[{\"l\":'Energy for power irrigation',\"v\":0.019426822354946385}]"}, {"source": 28, "prod": 0, "target": 13, "value": 0.0029392828149327863, "supply": "[{\"l\":'Energy for power irrigation',\"v\":0.0029392828149327863}]"}, {"source": 28, "prod": 0, "target": 7, "value": 0.20331570346417882, "supply": "[{\"l\":'Energy for power irrigation',\"v\":0.20331570346417882}]"}, {"source": 28, "prod": 0, "target": 9, "value": 0.00059704182178322218, "supply": "[{\"l\":'Energy for power irrigation',\"v\":0.00059704182178322218}]"}, {"source": 28, "prod": 0, "target": 19, "value": 0.066087937042004372, "supply": "[{\"l\":'Energy for power irrigation',\"v\":0.066087937042004372}]"}, {"source": 28, "prod": 0, "target": 21, "value": 0.31218867942181938, "supply": "[{\"l\":'Electricity',\"v\":0.31218867942181938}]"}, {"source": 29, "prod": 0, "target": 28, "value": 0.45669356463712302, "supply": [{"l": "Coal", "v": 0.0}, {"l": "Natural gas", "v": 0.096515724518773785}, {"l": "Oil", "v": 0.36017784011834925}]}, {"source": 30, "prod": 0, "target": 28, "value": 0.73774963446680308, "supply": [{"l": "Nuclear", "v": 0.0}, {"l": "Hydroelectric", "v": 0.73774963446680308}, {"l": "Renewable", "v": 0.0}]}, {"source": 29, "prod": 0, "target": 10, "value": 0.18405145360616956, "supply": [{"l": "Gas-diesel oils", "v": 0.18405145360616956}]}, {"source": 29, "prod": 0, "target": 11, "value": 0.012494872389211941, "supply": [{"l": "Gas-diesel oils", "v": 0.012494872389211941}]}, {"source": 29, "prod": 0, "target": 2, "value": 0.97301339589640923, "supply": [{"l": "Gas-diesel oils", "v": 0.97301339589640923}]}, {"source": 29, "prod": 0, "target": 3, "value": 0.10828889403983682, "supply": [{"l": "Gas-diesel oils", "v": 0.10828889403983682}]}, {"source": 29, "prod": 0, "target": 5, "value": 0.06802763856348723, "supply": [{"l": "Gas-diesel oils", "v": 0.06802763856348723}]}, {"source": 29, "prod": 0, "target": 6, "value": 0.083894143184708739, "supply": [{"l": "Gas-diesel oils", "v": 0.083894143184708739}]}, {"source": 29, "prod": 0, "target": 13, "value": 0.012693203696977209, "supply": [{"l": "Gas-diesel oils", "v": 0.012693203696977209}]}, {"source": 29, "prod": 0, "target": 7, "value": 0.87801269947684546, "supply": [{"l": "Gas-diesel oils", "v": 0.87801269947684546}]}, {"source": 29, "prod": 0, "target": 9, "value": 0.0025783070009484958, "supply": [{"l": "Gas-diesel oils", "v": 0.0025783070009484958}]}, {"source": 29, "prod": 0, "target": 19, "value": 0.28539875187422198, "supply": [{"l": "Gas-diesel oils", "v": 0.28539875187422198}]}, {"source": 29, "prod": 0, "target": 1, "value": 0.031499920947536363, "supply": [{"l": "Fossil fuels in fisheries", "v": 0.031499920947536363}]}, {"source": 31, "prod": 6.6919064114250988, "target": 10, "value": 0.089884387519154202, "supply": [{"l": "Potash", "v": 0.0046201277814738803}, {"l": "Phosphate", "v": 0.13041625010433297}, {"l": "Nitrogen", "v": 1.1400046536897814}]}, {"source": 31, "prod": 0.45429968094804007, "target": 11, "value": 0.0061020651009770629, "supply": [{"l": "Potash", "v": 0.0046201277814738803}, {"l": "Phosphate", "v": 0.13041625010433297}, {"l": "Nitrogen", "v": 1.1400046536897814}]}, {"source": 31, "prod": 35.37768626557277, "target": 2, "value": 0.47518621246656306, "supply": [{"l": "Potash", "v": 0.0046201277814738803}, {"l": "Phosphate", "v": 0.13041625010433297}, {"l": "Nitrogen", "v": 1.1400046536897814}]}, {"source": 31, "prod": 3.9372639015496804, "target": 3, "value": 0.052884564208467877, "supply": [{"l": "Potash", "v": 0.0046201277814738803}, {"l": "Phosphate", "v": 0.13041625010433297}, {"l": "Nitrogen", "v": 1.1400046536897814}]}, {"source": 31, "prod": 2.4734093740504406, "target": 5, "value": 0.033222354438652901, "supply": [{"l": "Potash", "v": 0.0046201277814738803}, {"l": "Phosphate", "v": 0.13041625010433297}, {"l": "Nitrogen", "v": 1.1400046536897814}]}, {"source": 31, "prod": 3.0502978577939834, "target": 6, "value": 0.040971008535131706, "supply": [{"l": "Potash", "v": 0.0046201277814738803}, {"l": "Phosphate", "v": 0.13041625010433297}, {"l": "Nitrogen", "v": 1.1400046536897814}]}, {"source": 31, "prod": 0.46151078699483433, "target": 13, "value": 0.0061989232771830476, "supply": [{"l": "Potash", "v": 0.0046201277814738803}, {"l": "Phosphate", "v": 0.13041625010433297}, {"l": "Nitrogen", "v": 1.1400046536897814}]}, {"source": 31, "prod": 31.923566469158306, "target": 7, "value": 0.42879114606389612, "supply": [{"l": "Potash", "v": 0.0046201277814738803}, {"l": "Phosphate", "v": 0.13041625010433297}, {"l": "Nitrogen", "v": 1.1400046536897814}]}, {"source": 31, "prod": 0.093744378608325726, "target": 9, "value": 0.0012591562906778067, "supply": [{"l": "Potash", "v": 0.0046201277814738803}, {"l": "Phosphate", "v": 0.13041625010433297}, {"l": "Nitrogen", "v": 1.1400046536897814}]}, {"source": 31, "prod": 10.37678160133698, "target": 19, "value": 0.1393789155604126, "supply": [{"l": "Potash", "v": 0.0046201277814738803}, {"l": "Phosphate", "v": 0.13041625010433297}, {"l": "Nitrogen", "v": 1.1400046536897814}]}, {"source": 29, "prod": 0, "target": 31, "value": 1.5009776051733454, "supply": [{"l": "Natural gas (including LNG)", "v": 1.0291238111393375}, {"l": "Residual fuel oil", "v": 0.27033381885337104}, {"l": "Liquefied petroleum gas (LPG)", "v": 0.10075998759031844}, {"l": "Hard coal", "v": 0.10075998759031844}]}, {"source": 32, "prod": 0, "target": 5, "value": 0.011701546533993018, "supply": "[{\"l\":'Labor',\"v\":0.011701546533993018}]"}, {"source": 32, "prod": 0, "target": 10, "value": 0.031658994704214349, "supply": "[{\"l\":'Labor',\"v\":0.031658994704214349}]"}, {"source": 32, "prod": 0, "target": 11, "value": 0.0021492636491007582, "supply": "[{\"l\":'Labor',\"v\":0.0021492636491007582}]"}, {"source": 32, "prod": 0, "target": 2, "value": 0.16736964226171938, "supply": "[{\"l\":'Labor',\"v\":0.16736964226171938}]"}, {"source": 32, "prod": 0, "target": 13, "value": 0.0021833789451182308, "supply": "[{\"l\":'Labor',\"v\":0.0021833789451182308}]"}, {"source": 32, "prod": 0, "target": 3, "value": 0.018626951625539907, "supply": "[{\"l\":'Labor',\"v\":0.018626951625539907}]"}, {"source": 32, "prod": 0, "target": 6, "value": 0.014430770215390807, "supply": "[{\"l\":'Labor',\"v\":0.014430770215390807}]"}, {"source": 32, "prod": 0, "target": 7, "value": 0.15102841546935011, "supply": "[{\"l\":'Labor',\"v\":0.15102841546935011}]"}, {"source": 32, "prod": 0, "target": 9, "value": 0.00044349884822714061, "supply": "[{\"l\":'Labor',\"v\":0.00044349884822714061}]"}, {"source": 32, "prod": 0, "target": 17, "value": 0.00040938355220966827, "supply": "[{\"l\":'Labor',\"v\":0.00040938355220966827}]"}, {"source": 32, "prod": 0, "target": 19, "value": 0.04909191096914272, "supply": "[{\"l\":'Labor',\"v\":0.04909191096914272}]"}, {"source": 29, "prod": 0, "target": 24, "value": 1.8651068101500601, "supply": "[{\"l\":'Fossil Fuels',\"v\":1.8651068101500601}]"}, {"source": 30, "prod": 0, "target": 24, "value": 0.078389595097983059, "supply": "[{\"l\":'Renewables & Nuclear',\"v\":0.076887723718910894},{\"l\":'Biomass & Waste',\"v\":0.0015018713790721711}]"}]}