{"nodes": [{"layer": 3, "name": "Maize"}, {"layer": 5, "name": "Production", "fill": "#b5cf6b"}, {"layer": 3, "name": "Olives"}, {"layer": 3, "name": "Nuts"}, {"layer": 3, "name": "Citrus, Other"}, {"layer": 3, "name": "Barley"}, {"layer": 3, "name": "Tomatoes"}, {"layer": 3, "name": "Sunflower seed"}, {"layer": 3, "name": "Wheat"}, {"layer": 3, "name": "Treenuts"}, {"layer": 3, "name": "Vegetables, Other"}, {"layer": 3, "name": "Peas"}, {"layer": 3, "name": "Sesame seed"}, {"layer": 3, "name": "Grapes"}, {"layer": 3, "name": "Groundnuts"}, {"layer": 3, "name": "Oats"}, {"layer": 3, "name": "Cottonseed"}, {"layer": 3, "name": "Potatoes"}, {"layer": 3, "name": "Beans"}, {"layer": 3, "name": "Pulses, Other"}, {"layer": 3, "name": "Sugar beet"}, {"layer": 3, "name": "Lemons, Limes"}, {"layer": 3, "name": "Sorghum"}, {"layer": 3, "name": "Sugar cane"}, {"layer": 3, "name": "Spices, Other"}, {"layer": 3, "name": "Fruits, Other"}, {"layer": 3, "name": "Millet"}, {"layer": 3, "name": "Oranges, Mandarines"}, {"layer": 3, "name": "Onions"}, {"layer": 3, "name": "Apples"}, {"layer": 1, "name": "Electricity", "fill": "#bcbd22"}, {"layer": 0, "name": "Fossil Fuels", "fill": "#c49c94"}, {"layer": 0, "name": "Renewables & Nuclear", "fill": "#2ca02c"}, {"layer": 1, "name": "Fertilizers", "fill": "#c5b0d5"}, {"layer": 0, "name": "Labor", "fill": "#7f7f7f"}], "links": [{"source": 0, "prod": 15.0, "target": 1, "value": 0.053154991202713039, "supply": [{"l": "Maize", "v": 0.053154991202713039}]}, {"source": 2, "prod": 161.0, "target": 1, "value": 0.26286449308713461, "supply": [{"l": "Olives", "v": 0.26286449308713461}]}, {"source": 3, "prod": 20.0, "target": 1, "value": 0.062889135682222236, "supply": [{"l": "Nuts", "v": 0.062889135682222236}]}, {"source": 4, "prod": 7.0, "target": 1, "value": 0.0027013742372590912, "supply": [{"l": "Citrus, Other", "v": 0.0027013742372590912}]}, {"source": 5, "prod": 710.0, "target": 1, "value": 2.2208139782098417, "supply": [{"l": "Barley", "v": 2.2208139782098417}]}, {"source": 6, "prod": 316.0, "target": 1, "value": 0.065971734300088528, "supply": [{"l": "Tomatoes", "v": 0.065971734300088528}]}, {"source": 7, "prod": 2.0, "target": 1, "value": 0.0084900333171, "supply": [{"l": "Sunflower seed", "v": 0.0084900333171}]}, {"source": 8, "prod": 1808.0, "target": 1, "value": 5.9884932210761077, "supply": [{"l": "Wheat", "v": 5.9884932210761077}]}, {"source": 9, "prod": 20.0, "target": 1, "value": 0.060643095122142866, "supply": [{"l": "Treenuts", "v": 0.060643095122142866}]}, {"source": 10, "prod": 1020.0, "target": 1, "value": 0.23490237930794092, "supply": [{"l": "Vegetables, Other", "v": 0.23490237930794092}]}, {"source": 11, "prod": 1.0, "target": 1, "value": 0.00424501665855, "supply": [{"l": "Peas", "v": 0.00424501665855}]}, {"source": 12, "prod": 10.0, "target": 1, "value": 0.070750277642500012, "supply": [{"l": "Sesame seed", "v": 0.070750277642500012}]}, {"source": 13, "prod": 208.0, "target": 1, "value": 0.13451396536780313, "supply": [{"l": "Grapes", "v": 0.13451396536780313}]}, {"source": 14, "prod": 16.0, "target": 1, "value": 0.10188039980520001, "supply": [{"l": "Groundnuts", "v": 0.10188039980520001}]}, {"source": 15, "prod": 2.0, "target": 1, "value": 0.0072034849722601262, "supply": [{"l": "Oats", "v": 0.0072034849722601262}]}, {"source": 16, "prod": 269.0, "target": 1, "value": 1.712864221724925, "supply": [{"l": "Cottonseed", "v": 1.712864221724925}]}, {"source": 17, "prod": 119.0, "target": 1, "value": 0.10235206832281668, "supply": [{"l": "Potatoes", "v": 0.10235206832281668}]}, {"source": 18, "prod": 5.0, "target": 1, "value": 0.015918812469562501, "supply": [{"l": "Beans", "v": 0.015918812469562501}]}, {"source": 19, "prod": 208.0, "target": 1, "value": 0.85537085669782498, "supply": [{"l": "Pulses, Other", "v": 0.85537085669782498}]}, {"source": 20, "prod": 249.0, "target": 1, "value": 0.28939333278000001, "supply": [{"l": "Sugar beet", "v": 0.28939333278000001}]}, {"source": 21, "prod": 4.0, "target": 1, "value": 0.0015436424212909091, "supply": [{"l": "Lemons, Limes", "v": 0.0015436424212909091}]}, {"source": 22, "prod": 1.0, "target": 1, "value": 0.0036017424861300631, "supply": [{"l": "Sorghum", "v": 0.0036017424861300631}]}, {"source": 23, "prod": 1.0, "target": 1, "value": 0.00035375138821249998, "supply": [{"l": "Sugar cane", "v": 0.00035375138821249998}]}, {"source": 24, "prod": 3.0, "target": 1, "value": 0.0063675249878250009, "supply": [{"l": "Spices, Other", "v": 0.0063675249878250009}]}, {"source": 25, "prod": 141.0, "target": 1, "value": 0.088673681311933344, "supply": [{"l": "Fruits, Other", "v": 0.088673681311933344}]}, {"source": 26, "prod": 27.0, "target": 1, "value": 0.1050641622991125, "supply": [{"l": "Millet", "v": 0.1050641622991125}]}, {"source": 27, "prod": 8.0, "target": 1, "value": 0.002744253193406061, "supply": [{"l": "Oranges, Mandarines", "v": 0.002744253193406061}]}, {"source": 28, "prod": 81.0, "target": 1, "value": 0.038743250630146477, "supply": [{"l": "Onions", "v": 0.038743250630146477}]}, {"source": 29, "prod": 42.0, "target": 1, "value": 0.023917045076220732, "supply": [{"l": "Apples", "v": 0.023917045076220732}]}, {"source": 30, "prod": 0, "target": 0, "value": 0.0021591335824828893, "supply": "[{\"l\":'Energy for power irrigation',\"v\":0.0021591335824828893}]"}, {"source": 30, "prod": 0, "target": 2, "value": 0.021067909501802741, "supply": "[{\"l\":'Energy for power irrigation',\"v\":0.021067909501802741}]"}, {"source": 30, "prod": 0, "target": 3, "value": 0.0026171316151307753, "supply": "[{\"l\":'Energy for power irrigation',\"v\":0.0026171316151307753}]"}, {"source": 30, "prod": 0, "target": 4, "value": 0.00091599606529577126, "supply": "[{\"l\":'Energy for power irrigation',\"v\":0.00091599606529577126}]"}, {"source": 30, "prod": 0, "target": 5, "value": 0.080869366907540957, "supply": "[{\"l\":'Energy for power irrigation',\"v\":0.080869366907540957}]"}, {"source": 30, "prod": 0, "target": 6, "value": 0.042004962422848936, "supply": "[{\"l\":'Energy for power irrigation',\"v\":0.042004962422848936}]"}, {"source": 30, "prod": 0, "target": 7, "value": 0.0002617131615130775, "supply": "[{\"l\":'Energy for power irrigation',\"v\":0.0002617131615130775}]"}, {"source": 30, "prod": 0, "target": 8, "value": 0.22926072948545589, "supply": "[{\"l\":'Energy for power irrigation',\"v\":0.22926072948545589}]"}, {"source": 30, "prod": 0, "target": 9, "value": 0.0026171316151307753, "supply": "[{\"l\":'Energy for power irrigation',\"v\":0.0026171316151307753}]"}, {"source": 30, "prod": 0, "target": 10, "value": 0.13419342356583047, "supply": "[{\"l\":'Energy for power irrigation',\"v\":0.13419342356583047}]"}, {"source": 30, "prod": 0, "target": 11, "value": 0.00013085658075653875, "supply": "[{\"l\":'Energy for power irrigation',\"v\":0.00013085658075653875}]"}, {"source": 30, "prod": 0, "target": 12, "value": 0.0012431375171871183, "supply": "[{\"l\":'Energy for power irrigation',\"v\":0.0012431375171871183}]"}, {"source": 30, "prod": 0, "target": 13, "value": 0.027479881958873138, "supply": "[{\"l\":'Energy for power irrigation',\"v\":0.027479881958873138}]"}, {"source": 30, "prod": 0, "target": 14, "value": 0.0021591335824828893, "supply": "[{\"l\":'Energy for power irrigation',\"v\":0.0021591335824828893}]"}, {"source": 30, "prod": 0, "target": 15, "value": 0.0002617131615130775, "supply": "[{\"l\":'Energy for power irrigation',\"v\":0.0002617131615130775}]"}, {"source": 30, "prod": 0, "target": 16, "value": 0.035200420223508923, "supply": "[{\"l\":'Energy for power irrigation',\"v\":0.035200420223508923}]"}, {"source": 30, "prod": 0, "target": 17, "value": 0.01674964233683696, "supply": "[{\"l\":'Energy for power irrigation',\"v\":0.01674964233683696}]"}, {"source": 30, "prod": 0, "target": 18, "value": 0.00058885461340442435, "supply": "[{\"l\":'Energy for power irrigation',\"v\":0.00058885461340442435}]"}, {"source": 30, "prod": 0, "target": 19, "value": 0.025124463505255441, "supply": "[{\"l\":'Energy for power irrigation',\"v\":0.025124463505255441}]"}, {"source": 30, "prod": 0, "target": 20, "value": 0.032583288608378148, "supply": "[{\"l\":'Energy for power irrigation',\"v\":0.032583288608378148}]"}, {"source": 30, "prod": 0, "target": 21, "value": 0.0008505677749175019, "supply": "[{\"l\":'Energy for power irrigation',\"v\":0.0008505677749175019}]"}, {"source": 30, "prod": 0, "target": 22, "value": 0.00013085658075653875, "supply": "[{\"l\":'Energy for power irrigation',\"v\":0.00013085658075653875}]"}, {"source": 30, "prod": 0, "target": 23, "value": 0.00013085658075653875, "supply": "[{\"l\":'Energy for power irrigation',\"v\":0.00013085658075653875}]"}, {"source": 30, "prod": 0, "target": 24, "value": 0.00039256974226961627, "supply": "[{\"l\":'Energy for power irrigation',\"v\":0.00039256974226961627}]"}, {"source": 30, "prod": 0, "target": 25, "value": 0.018908775919319849, "supply": "[{\"l\":'Energy for power irrigation',\"v\":0.018908775919319849}]"}, {"source": 30, "prod": 0, "target": 26, "value": 0.003467699390048277, "supply": "[{\"l\":'Energy for power irrigation',\"v\":0.003467699390048277}]"}, {"source": 30, "prod": 0, "target": 27, "value": 0.0054959763917746271, "supply": "[{\"l\":'Energy for power irrigation',\"v\":0.0054959763917746271}]"}, {"source": 30, "prod": 0, "target": 28, "value": 0.010664811331657907, "supply": "[{\"l\":'Energy for power irrigation',\"v\":0.010664811331657907}]"}, {"source": 30, "prod": 0, "target": 29, "value": 0.0068699704897182846, "supply": "[{\"l\":'Energy for power irrigation',\"v\":0.0068699704897182846}]"}, {"source": 31, "prod": 0, "target": 30, "value": 1.7957881271330063, "supply": [{"l": "Coal", "v": 0.0}, {"l": "Natural gas", "v": 0.0}, {"l": "Oil", "v": 1.7957881271330063}]}, {"source": 32, "prod": 0, "target": 30, "value": 0.029198597843515302, "supply": [{"l": "Nuclear", "v": 0.0}, {"l": "Hydroelectric", "v": 0.029198597843515302}, {"l": "Renewable", "v": 0.0}]}, {"source": 31, "prod": 0, "target": 0, "value": 0.007921800300563258, "supply": [{"l": "Gas-diesel oils", "v": 0.007921800300563258}]}, {"source": 31, "prod": 0, "target": 2, "value": 0.077297566569132406, "supply": [{"l": "Gas-diesel oils", "v": 0.077297566569132406}]}, {"source": 31, "prod": 0, "target": 3, "value": 0.0096021821825009197, "supply": [{"l": "Gas-diesel oils", "v": 0.0096021821825009197}]}, {"source": 31, "prod": 0, "target": 4, "value": 0.0033607637638753216, "supply": [{"l": "Gas-diesel oils", "v": 0.0033607637638753216}]}, {"source": 31, "prod": 0, "target": 5, "value": 0.29670742943927841, "supply": [{"l": "Gas-diesel oils", "v": 0.29670742943927841}]}, {"source": 31, "prod": 0, "target": 6, "value": 0.15411502402913974, "supply": [{"l": "Gas-diesel oils", "v": 0.15411502402913974}]}, {"source": 31, "prod": 0, "target": 7, "value": 0.00096021821825009192, "supply": [{"l": "Gas-diesel oils", "v": 0.00096021821825009192}]}, {"source": 31, "prod": 0, "target": 8, "value": 0.8411511591870805, "supply": [{"l": "Gas-diesel oils", "v": 0.8411511591870805}]}, {"source": 31, "prod": 0, "target": 9, "value": 0.0096021821825009197, "supply": [{"l": "Gas-diesel oils", "v": 0.0096021821825009197}]}, {"source": 31, "prod": 0, "target": 10, "value": 0.49235189140773461, "supply": [{"l": "Gas-diesel oils", "v": 0.49235189140773461}]}, {"source": 31, "prod": 0, "target": 11, "value": 0.00048010910912504596, "supply": [{"l": "Gas-diesel oils", "v": 0.00048010910912504596}]}, {"source": 31, "prod": 0, "target": 12, "value": 0.0045610365366879372, "supply": [{"l": "Gas-diesel oils", "v": 0.0045610365366879372}]}, {"source": 31, "prod": 0, "target": 13, "value": 0.10082291291625965, "supply": [{"l": "Gas-diesel oils", "v": 0.10082291291625965}]}, {"source": 31, "prod": 0, "target": 14, "value": 0.007921800300563258, "supply": [{"l": "Gas-diesel oils", "v": 0.007921800300563258}]}, {"source": 31, "prod": 0, "target": 15, "value": 0.00096021821825009192, "supply": [{"l": "Gas-diesel oils", "v": 0.00096021821825009192}]}, {"source": 31, "prod": 0, "target": 16, "value": 0.12914935035463737, "supply": [{"l": "Gas-diesel oils", "v": 0.12914935035463737}]}, {"source": 31, "prod": 0, "target": 17, "value": 0.061453965968005883, "supply": [{"l": "Gas-diesel oils", "v": 0.061453965968005883}]}, {"source": 31, "prod": 0, "target": 18, "value": 0.0021604909910627069, "supply": [{"l": "Gas-diesel oils", "v": 0.0021604909910627069}]}, {"source": 31, "prod": 0, "target": 19, "value": 0.092180948952008832, "supply": [{"l": "Gas-diesel oils", "v": 0.092180948952008832}]}, {"source": 31, "prod": 0, "target": 20, "value": 0.11954716817213645, "supply": [{"l": "Gas-diesel oils", "v": 0.11954716817213645}]}, {"source": 31, "prod": 0, "target": 21, "value": 0.0031207092093127986, "supply": [{"l": "Gas-diesel oils", "v": 0.0031207092093127986}]}, {"source": 31, "prod": 0, "target": 22, "value": 0.00048010910912504596, "supply": [{"l": "Gas-diesel oils", "v": 0.00048010910912504596}]}, {"source": 31, "prod": 0, "target": 23, "value": 0.00048010910912504596, "supply": [{"l": "Gas-diesel oils", "v": 0.00048010910912504596}]}, {"source": 31, "prod": 0, "target": 24, "value": 0.001440327327375138, "supply": [{"l": "Gas-diesel oils", "v": 0.001440327327375138}]}, {"source": 31, "prod": 0, "target": 25, "value": 0.069375766268569145, "supply": [{"l": "Gas-diesel oils", "v": 0.069375766268569145}]}, {"source": 31, "prod": 0, "target": 26, "value": 0.012722891391813719, "supply": [{"l": "Gas-diesel oils", "v": 0.012722891391813719}]}, {"source": 31, "prod": 0, "target": 27, "value": 0.02016458258325193, "supply": [{"l": "Gas-diesel oils", "v": 0.02016458258325193}]}, {"source": 31, "prod": 0, "target": 28, "value": 0.039128892393691245, "supply": [{"l": "Gas-diesel oils", "v": 0.039128892393691245}]}, {"source": 31, "prod": 0, "target": 29, "value": 0.025205728229064913, "supply": [{"l": "Gas-diesel oils", "v": 0.025205728229064913}]}, {"source": 33, "prod": 0.14829670834865757, "target": 0, "value": 0.0020290575557178878, "supply": [{"l": "Potash", "v": 0.0027818194466698999}, {"l": "Phosphate", "v": 0.062763083383543791}, {"l": "Nitrogen", "v": 0.60318327826032425}]}, {"source": 33, "prod": 1.4470163663111439, "target": 2, "value": 0.019798682816398787, "supply": [{"l": "Potash", "v": 0.0027818194466698999}, {"l": "Phosphate", "v": 0.062763083383543791}, {"l": "Nitrogen", "v": 0.60318327826032425}]}, {"source": 33, "prod": 0.17975358587716073, "target": 3, "value": 0.0024594637039004703, "supply": [{"l": "Potash", "v": 0.0027818194466698999}, {"l": "Phosphate", "v": 0.062763083383543791}, {"l": "Nitrogen", "v": 0.60318327826032425}]}, {"source": 33, "prod": 0.062913755057006249, "target": 4, "value": 0.00086081229636516458, "supply": [{"l": "Potash", "v": 0.0027818194466698999}, {"l": "Phosphate", "v": 0.062763083383543791}, {"l": "Nitrogen", "v": 0.60318327826032425}]}, {"source": 33, "prod": 5.5543858036042666, "target": 5, "value": 0.07599742845052454, "supply": [{"l": "Potash", "v": 0.0027818194466698999}, {"l": "Phosphate", "v": 0.062763083383543791}, {"l": "Nitrogen", "v": 0.60318327826032425}]}, {"source": 33, "prod": 2.8850450533284295, "target": 6, "value": 0.039474392447602549, "supply": [{"l": "Potash", "v": 0.0027818194466698999}, {"l": "Phosphate", "v": 0.062763083383543791}, {"l": "Nitrogen", "v": 0.60318327826032425}]}, {"source": 33, "prod": 0.017975358587716074, "target": 7, "value": 0.00024594637039004706, "supply": [{"l": "Potash", "v": 0.0027818194466698999}, {"l": "Phosphate", "v": 0.062763083383543791}, {"l": "Nitrogen", "v": 0.60318327826032425}]}, {"source": 33, "prod": 15.74641412283928, "target": 8, "value": 0.21544902046168121, "supply": [{"l": "Potash", "v": 0.0027818194466698999}, {"l": "Phosphate", "v": 0.062763083383543791}, {"l": "Nitrogen", "v": 0.60318327826032425}]}, {"source": 33, "prod": 0.17975358587716073, "target": 9, "value": 0.0024594637039004703, "supply": [{"l": "Potash", "v": 0.0027818194466698999}, {"l": "Phosphate", "v": 0.062763083383543791}, {"l": "Nitrogen", "v": 0.60318327826032425}]}, {"source": 33, "prod": 9.2168651158514159, "target": 10, "value": 0.12610900141749662, "supply": [{"l": "Potash", "v": 0.0027818194466698999}, {"l": "Phosphate", "v": 0.062763083383543791}, {"l": "Nitrogen", "v": 0.60318327826032425}]}, {"source": 33, "prod": 0.008987679293858037, "target": 11, "value": 0.00012297318519502353, "supply": [{"l": "Potash", "v": 0.0027818194466698999}, {"l": "Phosphate", "v": 0.062763083383543791}, {"l": "Nitrogen", "v": 0.60318327826032425}]}, {"source": 33, "prod": 0.085382953291651353, "target": 12, "value": 0.0011682452593527236, "supply": [{"l": "Potash", "v": 0.0027818194466698999}, {"l": "Phosphate", "v": 0.062763083383543791}, {"l": "Nitrogen", "v": 0.60318327826032425}]}, {"source": 33, "prod": 1.8874126517101875, "target": 13, "value": 0.025824368890954939, "supply": [{"l": "Potash", "v": 0.0027818194466698999}, {"l": "Phosphate", "v": 0.062763083383543791}, {"l": "Nitrogen", "v": 0.60318327826032425}]}, {"source": 33, "prod": 0.14829670834865757, "target": 14, "value": 0.0020290575557178878, "supply": [{"l": "Potash", "v": 0.0027818194466698999}, {"l": "Phosphate", "v": 0.062763083383543791}, {"l": "Nitrogen", "v": 0.60318327826032425}]}, {"source": 33, "prod": 0.017975358587716074, "target": 15, "value": 0.00024594637039004706, "supply": [{"l": "Potash", "v": 0.0027818194466698999}, {"l": "Phosphate", "v": 0.062763083383543791}, {"l": "Nitrogen", "v": 0.60318327826032425}]}, {"source": 33, "prod": 2.4176857300478116, "target": 16, "value": 0.033079786817461328, "supply": [{"l": "Potash", "v": 0.0027818194466698999}, {"l": "Phosphate", "v": 0.062763083383543791}, {"l": "Nitrogen", "v": 0.60318327826032425}]}, {"source": 33, "prod": 1.1504229496138287, "target": 17, "value": 0.015740567704963012, "supply": [{"l": "Potash", "v": 0.0027818194466698999}, {"l": "Phosphate", "v": 0.062763083383543791}, {"l": "Nitrogen", "v": 0.60318327826032425}]}, {"source": 33, "prod": 0.040444556822361158, "target": 18, "value": 0.0005533793333776058, "supply": [{"l": "Potash", "v": 0.0027818194466698999}, {"l": "Phosphate", "v": 0.062763083383543791}, {"l": "Nitrogen", "v": 0.60318327826032425}]}, {"source": 33, "prod": 1.7256344244207429, "target": 19, "value": 0.023610851557444516, "supply": [{"l": "Potash", "v": 0.0027818194466698999}, {"l": "Phosphate", "v": 0.062763083383543791}, {"l": "Nitrogen", "v": 0.60318327826032425}]}, {"source": 33, "prod": 2.2379321441706512, "target": 20, "value": 0.030620323113560857, "supply": [{"l": "Potash", "v": 0.0027818194466698999}, {"l": "Phosphate", "v": 0.062763083383543791}, {"l": "Nitrogen", "v": 0.60318327826032425}]}, {"source": 33, "prod": 0.058419915410077232, "target": 21, "value": 0.00079932570376765281, "supply": [{"l": "Potash", "v": 0.0027818194466698999}, {"l": "Phosphate", "v": 0.062763083383543791}, {"l": "Nitrogen", "v": 0.60318327826032425}]}, {"source": 33, "prod": 0.008987679293858037, "target": 22, "value": 0.00012297318519502353, "supply": [{"l": "Potash", "v": 0.0027818194466698999}, {"l": "Phosphate", "v": 0.062763083383543791}, {"l": "Nitrogen", "v": 0.60318327826032425}]}, {"source": 33, "prod": 0.008987679293858037, "target": 23, "value": 0.00012297318519502353, "supply": [{"l": "Potash", "v": 0.0027818194466698999}, {"l": "Phosphate", "v": 0.062763083383543791}, {"l": "Nitrogen", "v": 0.60318327826032425}]}, {"source": 33, "prod": 0.026963037881574108, "target": 24, "value": 0.00036891955558507057, "supply": [{"l": "Potash", "v": 0.0027818194466698999}, {"l": "Phosphate", "v": 0.062763083383543791}, {"l": "Nitrogen", "v": 0.60318327826032425}]}, {"source": 33, "prod": 1.2987196579624862, "target": 25, "value": 0.017769625260680898, "supply": [{"l": "Potash", "v": 0.0027818194466698999}, {"l": "Phosphate", "v": 0.062763083383543791}, {"l": "Nitrogen", "v": 0.60318327826032425}]}, {"source": 33, "prod": 0.23817350128723797, "target": 26, "value": 0.0032587894076681234, "supply": [{"l": "Potash", "v": 0.0027818194466698999}, {"l": "Phosphate", "v": 0.062763083383543791}, {"l": "Nitrogen", "v": 0.60318327826032425}]}, {"source": 33, "prod": 0.37748253034203749, "target": 27, "value": 0.0051648737781909877, "supply": [{"l": "Potash", "v": 0.0027818194466698999}, {"l": "Phosphate", "v": 0.062763083383543791}, {"l": "Nitrogen", "v": 0.60318327826032425}]}, {"source": 33, "prod": 0.73249586244942988, "target": 28, "value": 0.010022314593394416, "supply": [{"l": "Potash", "v": 0.0027818194466698999}, {"l": "Phosphate", "v": 0.062763083383543791}, {"l": "Nitrogen", "v": 0.60318327826032425}]}, {"source": 33, "prod": 0.47185316292754687, "target": 29, "value": 0.0064560922227387347, "supply": [{"l": "Potash", "v": 0.0027818194466698999}, {"l": "Phosphate", "v": 0.062763083383543791}, {"l": "Nitrogen", "v": 0.60318327826032425}]}, {"source": 31, "prod": 0, "target": 33, "value": 0.78787952500991476, "supply": [{"l": "Natural gas (including LNG)", "v": 0.539605657430967}, {"l": "Residual fuel oil", "v": 0.14164844383969255}, {"l": "Liquefied petroleum gas (LPG)", "v": 0.053312711869627563}, {"l": "Hard coal", "v": 0.053312711869627563}]}, {"source": 34, "prod": 0, "target": 0, "value": 0.0010460889755535795, "supply": "[{\"l\":'Labor',\"v\":0.0010460889755535795}]"}, {"source": 34, "prod": 0, "target": 2, "value": 0.010207292428128867, "supply": "[{\"l\":'Labor',\"v\":0.010207292428128867}]"}, {"source": 34, "prod": 0, "target": 3, "value": 0.0012679866370346419, "supply": "[{\"l\":'Labor',\"v\":0.0012679866370346419}]"}, {"source": 34, "prod": 0, "target": 4, "value": 0.00044379532296212463, "supply": "[{\"l\":'Labor',\"v\":0.00044379532296212463}]"}, {"source": 34, "prod": 0, "target": 5, "value": 0.039180787084370436, "supply": "[{\"l\":'Labor',\"v\":0.039180787084370436}]"}, {"source": 34, "prod": 0, "target": 6, "value": 0.020351185524406002, "supply": "[{\"l\":'Labor',\"v\":0.020351185524406002}]"}, {"source": 34, "prod": 0, "target": 7, "value": 0.00012679866370346419, "supply": "[{\"l\":'Labor',\"v\":0.00012679866370346419}]"}, {"source": 34, "prod": 0, "target": 8, "value": 0.11107562940423463, "supply": "[{\"l\":'Labor',\"v\":0.11107562940423463}]"}, {"source": 34, "prod": 0, "target": 9, "value": 0.0012679866370346419, "supply": "[{\"l\":'Labor',\"v\":0.0012679866370346419}]"}, {"source": 34, "prod": 0, "target": 10, "value": 0.065016014813951264, "supply": "[{\"l\":'Labor',\"v\":0.065016014813951264}]"}, {"source": 34, "prod": 0, "target": 11, "value": 6.3399331851732096e-05, "supply": "[{\"l\":'Labor',\"v\":6.3399331851732096e-05}]"}, {"source": 34, "prod": 0, "target": 12, "value": 0.00060229365259145489, "supply": "[{\"l\":'Labor',\"v\":0.00060229365259145489}]"}, {"source": 34, "prod": 0, "target": 13, "value": 0.013313859688863739, "supply": "[{\"l\":'Labor',\"v\":0.013313859688863739}]"}, {"source": 34, "prod": 0, "target": 14, "value": 0.0010460889755535795, "supply": "[{\"l\":'Labor',\"v\":0.0010460889755535795}]"}, {"source": 34, "prod": 0, "target": 15, "value": 0.00012679866370346419, "supply": "[{\"l\":'Labor',\"v\":0.00012679866370346419}]"}, {"source": 34, "prod": 0, "target": 16, "value": 0.017054420268115933, "supply": "[{\"l\":'Labor',\"v\":0.017054420268115933}]"}, {"source": 34, "prod": 0, "target": 17, "value": 0.0081151144770217083, "supply": "[{\"l\":'Labor',\"v\":0.0081151144770217083}]"}, {"source": 34, "prod": 0, "target": 18, "value": 0.00028529699333279442, "supply": "[{\"l\":'Labor',\"v\":0.00028529699333279442}]"}, {"source": 34, "prod": 0, "target": 19, "value": 0.012172671715532563, "supply": "[{\"l\":'Labor',\"v\":0.012172671715532563}]"}, {"source": 34, "prod": 0, "target": 20, "value": 0.015786433631081294, "supply": "[{\"l\":'Labor',\"v\":0.015786433631081294}]"}, {"source": 34, "prod": 0, "target": 21, "value": 0.00041209565703625859, "supply": "[{\"l\":'Labor',\"v\":0.00041209565703625859}]"}, {"source": 34, "prod": 0, "target": 22, "value": 6.3399331851732096e-05, "supply": "[{\"l\":'Labor',\"v\":6.3399331851732096e-05}]"}, {"source": 34, "prod": 0, "target": 23, "value": 6.3399331851732096e-05, "supply": "[{\"l\":'Labor',\"v\":6.3399331851732096e-05}]"}, {"source": 34, "prod": 0, "target": 24, "value": 0.0001901979955551963, "supply": "[{\"l\":'Labor',\"v\":0.0001901979955551963}]"}, {"source": 34, "prod": 0, "target": 25, "value": 0.0091612034525752877, "supply": "[{\"l\":'Labor',\"v\":0.0091612034525752877}]"}, {"source": 34, "prod": 0, "target": 26, "value": 0.0016800822940709005, "supply": "[{\"l\":'Labor',\"v\":0.0016800822940709005}]"}, {"source": 34, "prod": 0, "target": 27, "value": 0.0026627719377727479, "supply": "[{\"l\":'Labor',\"v\":0.0026627719377727479}]"}, {"source": 34, "prod": 0, "target": 28, "value": 0.005167045545916165, "supply": "[{\"l\":'Labor',\"v\":0.005167045545916165}]"}, {"source": 34, "prod": 0, "target": 29, "value": 0.0033284649222159349, "supply": "[{\"l\":'Labor',\"v\":0.0033284649222159349}]"}]}