{"nodes": [{"layer": 3, "name": "Cereals", "fill": "#e7ba52"}, {"layer": 5, "name": "Production", "fill": "#b5cf6b"}, {"layer": 3, "name": "Oilcrops", "fill": "#ff9896"}, {"layer": 3, "name": "Sugar Crops", "fill": "#ffbb78"}, {"layer": 3, "name": "Starchy Roots"}, {"layer": 3, "name": "Fruits & Vegetables"}, {"layer": 3, "name": "Others"}, {"layer": 1, "name": "Electricity", "fill": "#bcbd22"}, {"layer": 0, "name": "Fossil Fuels", "fill": "#c49c94"}, {"layer": 0, "name": "Renewables & Nuclear", "fill": "#2ca02c"}, {"layer": 1, "name": "Fertilizers", "fill": "#c5b0d5"}, {"layer": 0, "name": "Labor", "fill": "#7f7f7f"}], "links": [{"source": 0, "prod": 2695.0, "target": 1, "value": 8.8318272164566629, "supply": [{"l": "Maize", "v": 0.11461544978085002}, {"l": "Barley", "v": 3.3206642811507381}, {"l": "Wheat", "v": 5.3413622689639251}, {"l": "Oats", "v": 0.00424501665855}, {"l": "Sorghum", "v": 0.00424501665855}, {"l": "Millet", "v": 0.046695183244050004}]}, {"source": 2, "prod": 520.0, "target": 1, "value": 1.1446562566348941, "supply": [{"l": "Olives", "v": 0.22773265838809412}, {"l": "Sunflower seed", "v": 0.012735049975650002}, {"l": "Sesame seed", "v": 0.10824792479302502}, {"l": "Cottonseed", "v": 0.70679527364857508}, {"l": "Groundnuts", "v": 0.089145349829550011}]}, {"source": 3, "prod": 1158.0, "target": 1, "value": 1.34585333076, "supply": [{"l": "Sugar beet", "v": 1.34585333076}]}, {"source": 4, "prod": 315.0, "target": 1, "value": 0.27498464765970065, "supply": [{"l": "Potatoes", "v": 0.27498464765970065}]}, {"source": 5, "prod": 4475.0, "target": 1, "value": 2.4095401741201221, "supply": [{"l": "Citrus, Other", "v": 0.0084900333171}, {"l": "Tomatoes", "v": 0.17454314589022385}, {"l": "Treenuts", "v": 0.16198089881309211}, {"l": "Vegetables, Other", "v": 0.56242747026964213}, {"l": "Peas", "v": 0.00424501665855}, {"l": "Grapes", "v": 0.28872624039886241}, {"l": "Fruits, Other", "v": 0.18384667734455518}, {"l": "Beans", "v": 0.045280177691199998}, {"l": "Pulses, Other", "v": 0.808185863839327}, {"l": "Lemons, Limes", "v": 0.002122508329275}, {"l": "Oranges, Mandarines", "v": 0.016472510294590761}, {"l": "Onions", "v": 0.078745059016102514}, {"l": "Apples", "v": 0.074474572257601221}]}, {"source": 6, "prod": 55.0, "target": 1, "value": 0.1832059821058421, "supply": [{"l": "Nuts", "v": 0.16198089881309211}, {"l": "Spices, Other", "v": 0.02122508329275}]}, {"source": 7, "prod": 0, "target": 0, "value": 0.21036104457021851, "supply": "[{\"l\":'Energy for power irrigation',\"v\":0.21036104457021851}]"}, {"source": 7, "prod": 0, "target": 2, "value": 0.033064599907095198, "supply": "[{\"l\":'Energy for power irrigation',\"v\":0.033064599907095198}]"}, {"source": 7, "prod": 0, "target": 3, "value": 0.079685341711584257, "supply": "[{\"l\":'Energy for power irrigation',\"v\":0.079685341711584257}]"}, {"source": 7, "prod": 0, "target": 4, "value": 0.022054535421902204, "supply": "[{\"l\":'Energy for power irrigation',\"v\":0.022054535421902204}]"}, {"source": 7, "prod": 0, "target": 5, "value": 0.31055263138547473, "supply": "[{\"l\":'Energy for power irrigation',\"v\":0.31055263138547473}]"}, {"source": 7, "prod": 0, "target": 6, "value": 0.0046448709546907923, "supply": "[{\"l\":'Energy for power irrigation',\"v\":0.0046448709546907923}]"}, {"source": 8, "prod": 0, "target": 7, "value": 1.0446656498373355, "supply": [{"l": "Coal", "v": 0.0}, {"l": "Natural gas", "v": 0.043893604575709518}, {"l": "Oil", "v": 1.000772045261626}]}, {"source": 9, "prod": 0, "target": 7, "value": 0.26002490066197381, "supply": [{"l": "Nuclear", "v": 0.0}, {"l": "Hydroelectric", "v": 0.26002490066197381}, {"l": "Renewable", "v": 0.0}]}, {"source": 8, "prod": 0, "target": 0, "value": 1.1682218840449132, "supply": [{"l": "Gas-diesel oils", "v": 0.83169046072891717}, {"l": "Other fossil fuels", "v": 0.33653142331599606}]}, {"source": 8, "prod": 0, "target": 2, "value": 0.1836213985225976, "supply": [{"l": "Gas-diesel oils", "v": 0.13072530794250728}, {"l": "Other fossil fuels", "v": 0.052896090580090323}]}, {"source": 8, "prod": 0, "target": 3, "value": 0.44252565970690533, "supply": [{"l": "Gas-diesel oils", "v": 0.31504663183646914}, {"l": "Other fossil fuels", "v": 0.12747902787043619}]}, {"source": 8, "prod": 0, "target": 4, "value": 0.12247795676689392, "supply": [{"l": "Gas-diesel oils", "v": 0.087195548794117755}, {"l": "Other fossil fuels", "v": 0.035282407972776167}]}, {"source": 8, "prod": 0, "target": 5, "value": 1.7246272040218167, "supply": [{"l": "Gas-diesel oils", "v": 1.2278112689792617}, {"l": "Other fossil fuels", "v": 0.49681593504255489}]}, {"source": 8, "prod": 0, "target": 6, "value": 0.025794889490687489, "supply": [{"l": "Gas-diesel oils", "v": 0.018364117140726829}, {"l": "Other fossil fuels", "v": 0.0074307723499606598}]}, {"source": 10, "prod": 60.05851039441464, "target": 0, "value": 0.78591089861844698, "supply": [{"l": "Potash", "v": 0.014770563900705339}, {"l": "Phosphate", "v": 0.26818866688121756}, {"l": "Nitrogen", "v": 2.1841634184139971}]}, {"source": 10, "prod": 9.440011202000731, "target": 2, "value": 0.12352966528824463, "supply": [{"l": "Potash", "v": 0.014770563900705339}, {"l": "Phosphate", "v": 0.26818866688121756}, {"l": "Nitrogen", "v": 2.1841634184139971}]}, {"source": 10, "prod": 22.75032876569583, "target": 3, "value": 0.29770520791631067, "supply": [{"l": "Potash", "v": 0.014770563900705339}, {"l": "Phosphate", "v": 0.26818866688121756}, {"l": "Nitrogen", "v": 2.1841634184139971}]}, {"source": 10, "prod": 6.296615172198198, "target": 4, "value": 0.082395957804125716, "supply": [{"l": "Potash", "v": 0.014770563900705339}, {"l": "Phosphate", "v": 0.26818866688121756}, {"l": "Nitrogen", "v": 2.1841634184139971}]}, {"source": 10, "prod": 88.663414265617689, "target": 5, "value": 1.1602276367239293, "supply": [{"l": "Potash", "v": 0.014770563900705339}, {"l": "Phosphate", "v": 0.26818866688121756}, {"l": "Nitrogen", "v": 2.1841634184139971}]}, {"source": 10, "prod": 1.3261202000729435, "target": 6, "value": 0.017353282844862671, "supply": [{"l": "Potash", "v": 0.014770563900705339}, {"l": "Phosphate", "v": 0.26818866688121756}, {"l": "Nitrogen", "v": 2.1841634184139971}]}, {"source": 8, "prod": 0, "target": 10, "value": 2.9095981905135755, "supply": [{"l": "Natural gas (including LNG)", "v": 1.9938140999198843}, {"l": "Residual fuel oil", "v": 0.52968693174032222}, {"l": "Liquefied petroleum gas (LPG)", "v": 0.1930485794266846}, {"l": "Hard coal", "v": 0.1930485794266846}]}, {"source": 11, "prod": 0, "target": 0, "value": 0.19061385818755711, "supply": "[{\"l\":'Labor',\"v\":0.19061385818755711}]"}, {"source": 11, "prod": 0, "target": 2, "value": 0.029960732371318681, "supply": "[{\"l\":'Labor',\"v\":0.029960732371318681}]"}, {"source": 11, "prod": 0, "target": 3, "value": 0.072205053248672268, "supply": "[{\"l\":'Labor',\"v\":0.072205053248672268}]"}, {"source": 11, "prod": 0, "target": 4, "value": 0.019984213787737015, "supply": "[{\"l\":'Labor',\"v\":0.019984213787737015}]"}, {"source": 11, "prod": 0, "target": 5, "value": 0.28140017729815026, "supply": "[{\"l\":'Labor',\"v\":0.28140017729815026}]"}, {"source": 11, "prod": 0, "target": 6, "value": 0.0042088437774485139, "supply": "[{\"l\":'Labor',\"v\":0.0042088437774485139}]"}]}