{"nodes": [{"layer": 13, "name": "Other Processed", "fill": "#9c9ede"}, {"layer": 10, "name": "Feed", "fill": "#dbdb8d"}, {"layer": 13, "name": "Animal Products", "fill": "#17becf"}, {"layer": 5, "name": "Cereals", "fill": "#e7ba52"}, {"layer": 5, "name": "Oilcrops", "fill": "#ff9896"}, {"layer": 5, "name": "Sugar Crops", "fill": "#ffbb78"}, {"layer": 13, "name": "Sugar", "fill": "#d6616b"}, {"layer": 5, "name": "Starchy Roots"}, {"layer": 5, "name": "Fruits & Vegetables"}, {"layer": 13, "name": "Aquatic Products", "fill": "#1f77b4"}, {"layer": 16, "name": "Food", "fill": "#b5cf6b"}, {"layer": 5, "name": "Others"}, {"layer": 13, "name": "Vegetable Oils", "fill": "#f7b6d2"}, {"layer": 10, "name": "Processing", "fill": "#9edae5"}, {"layer": 16, "name": "Biofuels & Other", "fill": "#e7ba52"}, {"name": "Waste", "fill": "#c7c7c7"}, {"layer": 2, "name": "Import", "fill": "#aec7e8"}, {"layer": 16, "name": "Export", "fill": "#aec7e8"}, {"layer": 0, "name": "Stock Draw", "fill": "#c7c7c7"}, {"layer": 16, "name": "Stock Deposit", "fill": "#c7c7c7"}, {"name": "Crop Residue", "fill": "#bd9e39"}, {"layer": 2, "name": "Electricity", "fill": "#bcbd22"}, {"layer": 0, "name": "Fossil Fuels", "fill": "#c49c94"}, {"layer": 0, "name": "Renewables & Nuclear", "fill": "#2ca02c"}, {"layer": 2, "name": "Fertilizers", "fill": "#c5b0d5"}, {"layer": 0, "name": "Labor", "fill": "#7f7f7f"}], "links": [{"source": 0, "prod": 167.0, "target": 1, "value": 1.3325522217628758, "supply": [{"l": "Fish, Body Oil", "v": 1.3086141578988721}, {"l": "Fish, Liver Oil", "v": 0.023938063864003763}]}, {"source": 2, "prod": 30738.0, "target": 1, "value": 21.213786115489739, "supply": [{"l": "Milk - Excluding Butter", "v": 21.208873484935335}, {"l": "Eggs", "v": 0.0049126305544050456}]}, {"source": 3, "prod": 61806.0, "target": 1, "value": 177.83984943090297, "supply": [{"l": "Maize", "v": 55.073864411113092}, {"l": "Oats", "v": 14.506092018847539}, {"l": "Rye", "v": 20.942989104894135}, {"l": "Barley", "v": 46.849314385813472}, {"l": "Rice", "v": 0.016373635682978574}, {"l": "Sorghum", "v": 0.67282660517362514}, {"l": "Cereals, Other", "v": 2.9425683655857959}, {"l": "Wheat", "v": 35.603463920463604}, {"l": "Millet", "v": 1.2323569833287487}]}, {"source": 4, "prod": 618.0, "target": 1, "value": 3.2645477599144979, "supply": [{"l": "Cottonseed", "v": 2.913142681929938}, {"l": "Sunflower seed", "v": 0.027722557770122447}, {"l": "Soyabeans", "v": 0.31837624939125003}, {"l": "Oilcrops, Other", "v": 0.0053062708231875}]}, {"source": 5, "prod": 1954.0, "target": 1, "value": 2.2709822178800003, "supply": [{"l": "Sugar beet", "v": 2.2709822178800003}]}, {"source": 6, "prod": 15.0, "target": 1, "value": 0.062200585540214536, "supply": [{"l": "Sugar", "v": 0.062200585540214536}]}, {"source": 7, "prod": 46406.0, "target": 1, "value": 36.196923155884839, "supply": [{"l": "Potatoes", "v": 36.196923155884839}]}, {"source": 8, "prod": 10654.0, "target": 1, "value": 33.172352132673588, "supply": [{"l": "Fruits, Other", "v": 0.010511469821171428}, {"l": "Beans", "v": 0.053062708231874998}, {"l": "Tomatoes", "v": 0.0005986927456652116}, {"l": "Apples", "v": 0.0045317942643402836}, {"l": "Vegetables, Other", "v": 0.59200821681131555}, {"l": "Peas", "v": 22.934881669110418}, {"l": "Pulses, Other", "v": 9.5767575816888009}]}, {"source": 9, "prod": 1915.0, "target": 1, "value": 1.8609454738076749, "supply": [{"l": "Freshwater Fish", "v": 0.020145841769389831}, {"l": "Fish, Seafood", "v": 0.89947692120241085}, {"l": "Pelagic Fish", "v": 0.82569735789835297}, {"l": "Demersal Fish", "v": 0.11562535293752119}]}, {"source": 0, "prod": 15571.0, "target": 10, "value": 39.533769329171335, "supply": [{"l": "Beer", "v": 3.5556182583072355}, {"l": "Beverages, Alcoholic", "v": 12.512177599768538}, {"l": "Fats, Animals, Raw", "v": 9.8864203758335538}, {"l": "Butter, Ghee", "v": 10.013828907260027}, {"l": "Wine", "v": 1.9749584937454745}, {"l": "Beverages, Fermented", "v": 0.13181893834444738}, {"l": "Fish, Liver Oil", "v": 0.0079793546213345872}, {"l": "Cream", "v": 1.4509674012907245}]}, {"source": 2, "prod": 65917.0, "target": 10, "value": 65.053508665998265, "supply": [{"l": "Pigmeat", "v": 9.4835994039834492}, {"l": "Meat, Other", "v": 0.39424463222490957}, {"l": "Eggs", "v": 3.424103496420317}, {"l": "Mutton & Goat Meat", "v": 2.10676962521458}, {"l": "Poultry Meat", "v": 1.5806203506755303}, {"l": "Milk - Excluding Butter", "v": 34.899586025723266}, {"l": "Offals, Edible", "v": 1.1839813789242921}, {"l": "Bovine Meat", "v": 11.980603752831918}]}, {"source": 3, "prod": 63172.0, "target": 10, "value": 195.55321191450565, "supply": [{"l": "Maize", "v": 4.870043094185756}, {"l": "Rye", "v": 25.809082927588001}, {"l": "Barley", "v": 2.2400297636140523}, {"l": "Rice", "v": 3.5530789432063501}, {"l": "Cereals, Other", "v": 0.65604802904863646}, {"l": "Wheat", "v": 148.02365161927494}, {"l": "Oats", "v": 1.1841223486675809}, {"l": "Millet", "v": 9.2171551889203442}]}, {"source": 4, "prod": 442.0, "target": 10, "value": 1.8330640880214086, "supply": [{"l": "Olives", "v": 0.032653974296538463}, {"l": "Sunflower seed", "v": 1.0499918755433877}, {"l": "Coconuts - Incl Copra", "v": 0.0074329085460992225}, {"l": "Sesame seed", "v": 0.0065307948593076922}, {"l": "Groundnuts", "v": 0.40215947291526322}, {"l": "Oilcrops, Other", "v": 0.010612541646375}, {"l": "Soyabeans", "v": 0.265313541159375}, {"l": "Rape and Mustardseed", "v": 0.058368979055062498}]}, {"source": 6, "prod": 10687.0, "target": 10, "value": 44.16231880297908, "supply": [{"l": "Sugar", "v": 43.328927887313441}, {"l": "Sweeteners, Other", "v": 0.04137547882384178}, {"l": "Honey", "v": 0.79201543684179465}]}, {"source": 7, "prod": 42716.0, "target": 10, "value": 33.318703821203655, "supply": [{"l": "Roots, Other", "v": 0.00078000523975099863}, {"l": "Potatoes", "v": 33.317923815963901}]}, {"source": 8, "prod": 37606.0, "target": 10, "value": 17.594655955465338, "supply": [{"l": "Tomatoes", "v": 0.92218639257298107}, {"l": "Treenuts", "v": 0.39093641785716282}, {"l": "Vegetables, Other", "v": 5.1362172622360536}, {"l": "Peas", "v": 4.614490330683056}, {"l": "Grapes", "v": 1.0543954040974848}, {"l": "Dates", "v": 0.039054153258659997}, {"l": "Pineapples", "v": 0.00040047326967452835}, {"l": "Beans", "v": 0.65716123271783655}, {"l": "Pulses, Other", "v": 0.1358405330736}, {"l": "Lemons, Limes", "v": 0.14760222194}, {"l": "Bananas", "v": 0.017720384938288501}, {"l": "Fruits, Other", "v": 1.7127856103053225}, {"l": "Grapefruit", "v": 0.0023244444400000001}, {"l": "Oranges, Mandarines", "v": 0.13088801363862501}, {"l": "Onions", "v": 0.52593522180140528}, {"l": "Apples", "v": 2.1067178586351893}]}, {"source": 11, "prod": 520.0, "target": 10, "value": 0.94947832426020939, "supply": [{"l": "Nuts", "v": 0.39721227305003581}, {"l": "Cocoa Beans", "v": 0.13079240515532434}, {"l": "Coffee", "v": 0.022116893515134451}, {"l": "Pimento", "v": 0.26387941390986486}, {"l": "Pepper", "v": 0.013946666640000001}, {"l": "Spices, Other", "v": 0.02971511660985}, {"l": "Tea", "v": 0.091815555380000011}]}, {"source": 9, "prod": 9254.0, "target": 10, "value": 8.6314261662978478, "supply": [{"l": "Freshwater Fish", "v": 0.92167226094958477}, {"l": "Crustaceans", "v": 0.014451120539744683}, {"l": "Marine Fish, Other", "v": 0.26278674552928577}, {"l": "Demersal Fish", "v": 0.92260644312840734}, {"l": "Fish, Seafood", "v": 4.3452809930321061}, {"l": "Pelagic Fish", "v": 2.106416109262196}, {"l": "Molluscs, Other", "v": 0.058212493856523474}]}, {"source": 12, "prod": 2017.0, "target": 10, "value": 20.498178966444801, "supply": [{"l": "Maize Germ Oil", "v": 0.116737958110125}, {"l": "Groundnut Oil", "v": 0.25470099951300001}, {"l": "Soyabean Oil", "v": 0.92219327409879315}, {"l": "Sunflowerseed Oil", "v": 14.346883709898579}, {"l": "Olive Oil", "v": 0.14150055528500002}, {"l": "Coconut Oil", "v": 0.14857558304925}, {"l": "Rape and Mustard Oil", "v": 1.3279282880592307}, {"l": "Oilcrops Oil, Other", "v": 0.67026578819210525}, {"l": "Sesameseed Oil", "v": 0.0679202665368}, {"l": "Cottonseed Oil", "v": 2.4929825103848184}, {"l": "Palmkernel Oil", "v": 0.0084900333171}]}, {"source": 0, "prod": 95.0, "target": 13, "value": 0.30504865076163801, "supply": [{"l": "Wine", "v": 0.04970930287893123}, {"l": "Fats, Animals, Raw", "v": 0.25533934788270679}]}, {"source": 2, "prod": 115.0, "target": 13, "value": 0.28508046656831654, "supply": [{"l": "Poultry Meat", "v": 0.016379485499228293}, {"l": "Milk - Excluding Butter", "v": 0.00069005607564455289}, {"l": "Bovine Meat", "v": 0.2680109249934437}]}, {"source": 3, "prod": 2587.0, "target": 13, "value": 7.0475115631816312, "supply": [{"l": "Maize", "v": 0.7331970956716124}, {"l": "Oats", "v": 0.48171710777458698}, {"l": "Rye", "v": 1.0392715947596483}, {"l": "Barley", "v": 3.0222239405300941}, {"l": "Cereals, Other", "v": 0.10290949475272729}, {"l": "Wheat", "v": 1.6681923296929617}]}, {"source": 4, "prod": 9207.0, "target": 13, "value": 39.33670285917573, "supply": [{"l": "Soyabeans", "v": 1.7616819132982502}, {"l": "Palm kernels", "v": 0.12735049975650001}, {"l": "Sunflower seed", "v": 17.614220143191549}, {"l": "Coconuts - Incl Copra", "v": 0.099600974517729576}, {"l": "Sesame seed", "v": 0.091431128030307687}, {"l": "Cottonseed", "v": 14.417137826600438}, {"l": "Rape and Mustardseed", "v": 2.1702647666836876}, {"l": "Groundnuts", "v": 0.37534884138757896}, {"l": "Oilcrops, Other", "v": 2.6796667657096878}]}, {"source": 5, "prod": 108122.0, "target": 13, "value": 125.66179087084001, "supply": [{"l": "Sugar beet", "v": 125.66179087084001}]}, {"source": 6, "prod": 308.0, "target": 13, "value": 1.2732394509367486, "supply": [{"l": "Sugar", "v": 1.2523051222096526}, {"l": "Honey", "v": 0.020934328727095896}]}, {"source": 7, "prod": 5354.0, "target": 13, "value": 4.1761480536268465, "supply": [{"l": "Potatoes", "v": 4.1761480536268465}]}, {"source": 8, "prod": 4738.0, "target": 13, "value": 3.3931487763117798, "supply": [{"l": "Treenuts", "v": 0.0029616395292209304}, {"l": "Fruits, Other", "v": 0.32935938773003814}, {"l": "Vegetables, Other", "v": 0.0018786456701668085}, {"l": "Grapes", "v": 2.9644675285384983}, {"l": "Onions", "v": 0.00044684385879473687}, {"l": "Apples", "v": 0.094034730985060891}]}, {"source": 11, "prod": 1.0, "target": 13, "value": 0.0030321547561071431, "supply": [{"l": "Nuts", "v": 0.0030321547561071431}]}, {"source": 0, "prod": 1396.0, "target": 14, "value": 8.6147256408395734, "supply": [{"l": "Alcohol, Non-Food", "v": 0.250005539881551}, {"l": "Beer", "v": 0.0046169365470634443}, {"l": "Beverages, Alcoholic", "v": 0.085512422086991113}, {"l": "Fats, Animals, Raw", "v": 8.2187352599746255}, {"l": "Fish, Body Oil", "v": 0.055855482349342109}]}, {"source": 2, "prod": 1739.0, "target": 14, "value": 1.4750305883867334, "supply": [{"l": "Pigmeat", "v": 0.17444444199701306}, {"l": "Milk - Excluding Butter", "v": 0.9384762628765918}, {"l": "Eggs", "v": 0.0098252611088100912}, {"l": "Poultry Meat", "v": 0.013103588399382636}, {"l": "Offals, Edible", "v": 0.33918103400493566}]}, {"source": 3, "prod": 948.0, "target": 14, "value": 3.0167467187424477, "supply": [{"l": "Maize", "v": 1.5740194530931866}, {"l": "Rye", "v": 0.0030299463404071373}, {"l": "Barley", "v": 0.11866103612658221}, {"l": "Wheat", "v": 1.3210362831822717}]}, {"source": 4, "prod": 159.0, "target": 14, "value": 0.56755439559848331, "supply": [{"l": "Sunflower seed", "v": 0.51979795818979579}, {"l": "Oilcrops, Other", "v": 0.047756437408687499}]}, {"source": 5, "prod": 7.0, "target": 14, "value": 0.0081355555400000005, "supply": [{"l": "Sugar beet", "v": 0.0081355555400000005}]}, {"source": 6, "prod": 162.0, "target": 14, "value": 0.6467219189373008, "supply": [{"l": "Sugar", "v": 0.40223045316005396}, {"l": "Sweeteners, Other", "v": 0.2444914657772469}]}, {"source": 7, "prod": 2082.0, "target": 14, "value": 1.623970909161579, "supply": [{"l": "Potatoes", "v": 1.623970909161579}]}, {"source": 8, "prod": 559.0, "target": 14, "value": 0.141565069215981, "supply": [{"l": "Fruits, Other", "v": 0.010511469821171428}, {"l": "Vegetables, Other", "v": 0.12680858273625956}, {"l": "Pulses, Other", "v": 0.00424501665855}]}, {"source": 9, "prod": 206.0, "target": 14, "value": 0.20750217022471523, "supply": [{"l": "Aquatic Products, Other", "v": 0.10375108511235762}, {"l": "Aquatic Plants", "v": 0.10375108511235762}]}, {"source": 12, "prod": 935.0, "target": 14, "value": 10.032703178996812, "supply": [{"l": "Coconut Oil", "v": 0.53062708231875}, {"l": "Palm Oil", "v": 0.084900333171}, {"l": "Oilcrops Oil, Other", "v": 2.69223424923829}, {"l": "Rape and Mustard Oil", "v": 0.46804029825038462}, {"l": "Cottonseed Oil", "v": 2.7339009882791498}, {"l": "Palmkernel Oil", "v": 0.084900333171}, {"l": "Sunflowerseed Oil", "v": 3.4380998945682371}]}, {"source": 7, "prod": 30210.0, "target": 7, "value": 23.563958292877668, "supply": [{"l": "Potatoes", "v": 23.563958292877668}]}, {"source": 8, "prod": 963.0, "target": 8, "value": 3.8861797161924283, "supply": [{"l": "Peas", "v": 2.3976482978847224}, {"l": "Beans", "v": 0.24898655401110581}, {"l": "Pulses, Other", "v": 1.2395448642966}]}, {"source": 2, "prod": 77.0, "target": 2, "value": 0.12609085089639616, "supply": [{"l": "Eggs", "v": 0.12609085089639616}]}, {"source": 3, "prod": 24078.0, "target": 3, "value": 71.051135623519968, "supply": [{"l": "Maize", "v": 8.7041930440281323}, {"l": "Wheat", "v": 36.706375608050664}, {"l": "Oats", "v": 3.7706821884424566}, {"l": "Rye", "v": 11.010825001039539}, {"l": "Millet", "v": 0.36095663121167493}, {"l": "Barley", "v": 9.4759313135370657}, {"l": "Rice", "v": 0.16373635682978574}, {"l": "Sorghum", "v": 0.0094321486706582976}, {"l": "Cereals, Other", "v": 0.84900333171000031}]}, {"source": 4, "prod": 866.0, "target": 4, "value": 3.7594387326076992, "supply": [{"l": "Sunflower seed", "v": 1.573255153454449}, {"l": "Soyabeans", "v": 0.41388912420862506}, {"l": "Cottonseed", "v": 0.66859012372162507}, {"l": "Rape and Mustardseed", "v": 0.22286337457387501}, {"l": "Oilcrops, Other", "v": 0.8808409566491251}]}, {"source": 0, "prod": 20.0, "target": 15, "value": 0.029179726441018468, "supply": [{"l": "Wine", "v": 0.008679402089972121}, {"l": "Cream", "v": 0.020500324351046345}]}, {"source": 2, "prod": 3136.0, "target": 15, "value": 2.4666404380245059, "supply": [{"l": "Eggs", "v": 0.14410382959588136}, {"l": "Mutton & Goat Meat", "v": 0.02660062658099217}, {"l": "Pigmeat", "v": 0.087222220998506531}, {"l": "Milk - Excluding Butter", "v": 1.9756305445703548}, {"l": "Meat, Other", "v": 0.0013547925506010639}, {"l": "Bovine Meat", "v": 0.15204465937128053}, {"l": "Poultry Meat", "v": 0.0065517941996913178}, {"l": "Offals, Edible", "v": 0.073131970157198023}]}, {"source": 3, "prod": 12147.0, "target": 15, "value": 37.119479520298249, "supply": [{"l": "Maize", "v": 7.6077606899503998}, {"l": "Rye", "v": 3.0208565013859161}, {"l": "Barley", "v": 2.6904573701353645}, {"l": "Rice", "v": 0.061401133811169649}, {"l": "Cereals, Other", "v": 0.34410362307943188}, {"l": "Wheat", "v": 21.437653916385798}, {"l": "Oats", "v": 0.9349583274048634}, {"l": "Sorghum", "v": 0.059736941580835874}, {"l": "Millet", "v": 0.9625510165644664}]}, {"source": 4, "prod": 228.0, "target": 15, "value": 0.9553339315782986, "supply": [{"l": "Sunflower seed", "v": 0.48167944125587753}, {"l": "Soyabeans", "v": 0.031837624939125002}, {"l": "Groundnuts", "v": 0.0067026578819210534}, {"l": "Oilcrops, Other", "v": 0.058368979055062498}, {"l": "Cottonseed", "v": 0.36613268679993749}, {"l": "Rape and Mustardseed", "v": 0.010612541646375}]}, {"source": 5, "prod": 559.0, "target": 15, "value": 0.64968222097999995, "supply": [{"l": "Sugar beet", "v": 0.64968222097999995}]}, {"source": 6, "prod": 9.0, "target": 15, "value": 0.037320351324128719, "supply": [{"l": "Sugar", "v": 0.037320351324128719}]}, {"source": 7, "prod": 15291.0, "target": 15, "value": 11.92706012103252, "supply": [{"l": "Potatoes", "v": 11.92706012103252}]}, {"source": 8, "prod": 3690.0, "target": 15, "value": 3.1303129381637893, "supply": [{"l": "Tomatoes", "v": 0.11435031442205544}, {"l": "Treenuts", "v": 0.0059232790584418608}, {"l": "Vegetables, Other", "v": 0.43655028760501208}, {"l": "Peas", "v": 1.556506108135}, {"l": "Grapes", "v": 0.10306678000671617}, {"l": "Beans", "v": 0.061226201806009621}, {"l": "Apples", "v": 0.069676336814231854}, {"l": "Lemons, Limes", "v": 0.0092977777600000006}, {"l": "Bananas", "v": 0.0021264461925946201}, {"l": "Fruits, Other", "v": 0.18570263350736191}, {"l": "Oranges, Mandarines", "v": 0.014150055528500001}, {"l": "Pulses, Other", "v": 0.52213704900165003}, {"l": "Onions", "v": 0.049599668326215783}]}, {"source": 11, "prod": 23.0, "target": 15, "value": 0.054250985095754829, "supply": [{"l": "Nuts", "v": 0.0060643095122142861}, {"l": "Pimento", "v": 0.048186675583540541}]}, {"source": 16, "prod": 271.0, "target": 11, "value": 0.33741831284438067, "supply": [{"l": "Nuts", "v": 0.084900333171000014}, {"l": "Cocoa Beans", "v": 0.13193970695493243}, {"l": "Coffee", "v": 0.023543789870949582}, {"l": "Pimento", "v": 0.0068838107976486483}, {"l": "Pepper", "v": 0.013946666640000001}, {"l": "Spices, Other", "v": 0.02971511660985}, {"l": "Tea", "v": 0.046488888800000003}]}, {"source": 16, "prod": 2757.0, "target": 1, "value": 3.1389184153371037, "supply": [{"l": "Pigmeat", "v": 0.20351851566318191}, {"l": "Meat, Other", "v": 0.0027095851012021279}, {"l": "Eggs", "v": 0.088427349979290817}, {"l": "Marine Fish, Other", "v": 0.09837657653147619}, {"l": "Demersal Fish", "v": 0.021567423345858868}, {"l": "Mutton & Goat Meat", "v": 0.012413625737796348}, {"l": "Poultry Meat", "v": 0.045862559397839224}, {"l": "Milk - Excluding Butter", "v": 0.25670086013977367}, {"l": "Pelagic Fish", "v": 0.98329013319615699}, {"l": "Fish, Seafood", "v": 0.93515554646931254}, {"l": "Offals, Edible", "v": 0.0012608960371930694}, {"l": "Bovine Meat", "v": 0.48963534373802209}]}, {"source": 16, "prod": 2949.0, "target": 13, "value": 14.743002872276287, "supply": [{"l": "Sugar", "v": 8.6956418585219915}, {"l": "Beer", "v": 0.027124502213997738}, {"l": "Groundnut Oil", "v": 0.031837624939125002}, {"l": "Beverages, Alcoholic", "v": 0.12997888157222648}, {"l": "Fats, Animals, Raw", "v": 1.6437470519949249}, {"l": "Soyabean Oil", "v": 0.66602847573801738}, {"l": "Butter, Ghee", "v": 0.20111455545961562}, {"l": "Palm Oil", "v": 0.084900333171}, {"l": "Sunflowerseed Oil", "v": 0.37650661669623342}, {"l": "Olive Oil", "v": 0.19810077739900003}, {"l": "Coconut Oil", "v": 0.679202665368}, {"l": "Rape and Mustard Oil", "v": 0.021769316197692307}, {"l": "Oilcrops Oil, Other", "v": 1.1506229363964475}, {"l": "Wine", "v": 0.14360465276135689}, {"l": "Sweeteners, Other", "v": 0.018807035829018989}, {"l": "Beverages, Fermented", "v": 0.0022342192939736848}, {"l": "Fish, Body Oil", "v": 0.47876127728007523}, {"l": "Fish, Liver Oil", "v": 0.0079793546213345872}, {"l": "Honey", "v": 0.017445273939246577}, {"l": "Cottonseed Oil", "v": 0.16759546288301302}]}, {"source": 16, "prod": 16236.0, "target": 3, "value": 50.154477315287771, "supply": [{"l": "Maize", "v": 2.9496048298348807}, {"l": "Rye", "v": 0.1363475853183212}, {"l": "Barley", "v": 2.2254998408230424}, {"l": "Rice", "v": 2.5010728505749773}, {"l": "Cereals, Other", "v": 0.051454747376363644}, {"l": "Wheat", "v": 41.849200580253267}, {"l": "Oats", "v": 0.054578785609928578}, {"l": "Sorghum", "v": 0.38671809549699016}]}, {"source": 16, "prod": 1970.0, "target": 8, "value": 1.291641754755114, "supply": [{"l": "Tomatoes", "v": 0.03711895023124312}, {"l": "Treenuts", "v": 0.082925906818186054}, {"l": "Vegetables, Other", "v": 0.09416711421711127}, {"l": "Grapes", "v": 0.21354843627290834}, {"l": "Dates", "v": 0.039054153258659997}, {"l": "Beans", "v": 0.048980961444807694}, {"l": "Apples", "v": 0.12575729083544288}, {"l": "Lemons, Limes", "v": 0.15922444414}, {"l": "Pineapples", "v": 0.00080094653934905671}, {"l": "Bananas", "v": 0.019138015733351582}, {"l": "Fruits, Other", "v": 0.24818748188876985}, {"l": "Grapefruit", "v": 0.0034866666600000002}, {"l": "Oranges, Mandarines", "v": 0.13725553862645001}, {"l": "Onions", "v": 0.0013405315763842104}, {"l": "Pulses, Other", "v": 0.080655316512450004}]}, {"source": 16, "prod": 421.0, "target": 4, "value": 2.0516709987512503, "supply": [{"l": "Olives", "v": 0.035919371726192306}, {"l": "Sunflower seed", "v": 0.12821682968681633}, {"l": "Coconuts - Incl Copra", "v": 0.10703388306382879}, {"l": "Sesame seed", "v": 0.091431128030307687}, {"l": "Cottonseed", "v": 0.068981520701437496}, {"l": "Groundnuts", "v": 0.79761628794860528}, {"l": "Oilcrops, Other", "v": 0.28653862445212502}, {"l": "Soyabeans", "v": 0.27592608280574998}, {"l": "Rape and Mustardseed", "v": 0.1326567705796875}, {"l": "Palm kernels", "v": 0.12735049975650001}]}, {"source": 16, "prod": 823.0, "target": 7, "value": 0.64194431231507176, "supply": [{"l": "Potatoes", "v": 0.64194431231507176}]}, {"source": 0, "prod": 487.0, "target": 17, "value": 1.8123072904871755, "supply": [{"l": "Beer", "v": 0.027701619282380664}, {"l": "Beverages, Alcoholic", "v": 0.15734285664006364}, {"l": "Fats, Animals, Raw", "v": 0.65430707894943607}, {"l": "Butter, Ghee", "v": 0.48602684236073779}, {"l": "Wine", "v": 0.16254153004856881}, {"l": "Beverages, Fermented", "v": 0.0052131783526052633}, {"l": "Fish, Body Oil", "v": 0.31119483023204891}, {"l": "Fish, Liver Oil", "v": 0.0079793546213345872}]}, {"source": 2, "prod": 1004.0, "target": 17, "value": 1.3533131310249986, "supply": [{"l": "Meat, Other", "v": 0.020321888259015958}, {"l": "Eggs", "v": 0.16375435181350151}, {"l": "Pigmeat", "v": 0.29255786626582403}, {"l": "Poultry Meat", "v": 0.10319075864513826}, {"l": "Milk - Excluding Butter", "v": 0.33950758921711999}, {"l": "Offals, Edible", "v": 0.011348064334737624}, {"l": "Bovine Meat", "v": 0.42263261248966116}]}, {"source": 3, "prod": 5988.0, "target": 17, "value": 18.313317137749085, "supply": [{"l": "Maize", "v": 6.524781493591413}, {"l": "Rye", "v": 0.56962991199654189}, {"l": "Barley", "v": 2.5354715270312567}, {"l": "Rice", "v": 0.2251374906409554}, {"l": "Cereals, Other", "v": 0.025727373688181822}, {"l": "Wheat", "v": 8.3348172936593095}, {"l": "Oats", "v": 0.066443739003391303}, {"l": "Sorghum", "v": 0.0094321486706582976}, {"l": "Millet", "v": 0.021876159467374236}]}, {"source": 4, "prod": 304.0, "target": 17, "value": 1.1087484232514864, "supply": [{"l": "Sunflower seed", "v": 0.95989356279048965}, {"l": "Oilcrops, Other", "v": 0.074287791524625002}, {"l": "Cottonseed", "v": 0.026531354115937499}, {"l": "Groundnuts", "v": 0.026810631527684214}, {"l": "Rape and Mustardseed", "v": 0.02122508329275}]}, {"source": 6, "prod": 1582.0, "target": 17, "value": 6.5456000754762904, "supply": [{"l": "Sugar", "v": 6.4481273676689055}, {"l": "Sweeteners, Other", "v": 0.045136885989645582}, {"l": "Honey", "v": 0.052335821817739742}]}, {"source": 7, "prod": 1587.0, "target": 17, "value": 1.2378683154848349, "supply": [{"l": "Roots, Other", "v": 0.0046800314385059922}, {"l": "Potatoes", "v": 1.2331882840463289}]}, {"source": 8, "prod": 2761.0, "target": 17, "value": 1.4734720969749782, "supply": [{"l": "Tomatoes", "v": 0.12253244861281332}, {"l": "Treenuts", "v": 0.017769837175325584}, {"l": "Vegetables, Other", "v": 0.14395122447653169}, {"l": "Peas", "v": 0.23190368782819448}, {"l": "Grapes", "v": 0.14088264893004365}, {"l": "Beans", "v": 0.10612541646375}, {"l": "Apples", "v": 0.25831227306739618}, {"l": "Lemons, Limes", "v": 0.0034866666600000002}, {"l": "Fruits, Other", "v": 0.31184027136141906}, {"l": "Grapefruit", "v": 0.0011622222200000001}, {"l": "Oranges, Mandarines", "v": 0.002122508329275}, {"l": "Onions", "v": 0.11215780855747895}, {"l": "Pulses, Other", "v": 0.02122508329275}]}, {"source": 11, "prod": 23.0, "target": 17, "value": 0.047812868570098262, "supply": [{"l": "Nuts", "v": 0.018192928536642859}, {"l": "Cocoa Beans", "v": 0.0011473017996081081}, {"l": "Pimento", "v": 0.013767621595297297}, {"l": "Spices, Other", "v": 0.00424501665855}, {"l": "Tea", "v": 0.010459999980000001}]}, {"source": 9, "prod": 466.0, "target": 17, "value": 0.41599247938281542, "supply": [{"l": "Freshwater Fish", "v": 0.010072920884694915}, {"l": "Crustaceans", "v": 0.027095851012021277}, {"l": "Demersal Fish", "v": 0.063504079851695566}, {"l": "Fish, Seafood", "v": 0.21876630755758011}, {"l": "Pelagic Fish", "v": 0.096553320076823546}]}, {"source": 12, "prod": 283.0, "target": 17, "value": 2.8716736141610655, "supply": [{"l": "Groundnut Oil", "v": 0.0424501665855}, {"l": "Sunflowerseed Oil", "v": 2.3085800444795366}, {"l": "Olive Oil", "v": 0.056600222114000003}, {"l": "Coconut Oil", "v": 0.02122508329275}, {"l": "Rape and Mustard Oil", "v": 0.021769316197692307}, {"l": "Oilcrops Oil, Other", "v": 0.20107973645763164}, {"l": "Cottonseed Oil", "v": 0.21996904503395456}]}, {"source": 18, "prod": 103.0, "target": 8, "value": 0.12992957610695358, "supply": [{"l": "Fruits, Other", "v": 0.035622203282858728}, {"l": "Tomatoes", "v": 0.0013969497398854938}, {"l": "Peas", "v": 0.078611419602777788}, {"l": "Onions", "v": 0.005808970164331578}, {"l": "Pulses, Other", "v": 0.0084900333171}]}, {"source": 12, "prod": 42.0, "target": 19, "value": 0.54106627936473051, "supply": [{"l": "Soyabean Oil", "v": 0.31764434996736207}, {"l": "Coconut Oil", "v": 0.21225083292749999}, {"l": "Oilcrops Oil, Other", "v": 0.011171096469868422}]}, {"source": 2, "prod": 10.0, "target": 19, "value": 0.016375435181350154, "supply": [{"l": "Eggs", "v": 0.016375435181350154}]}, {"source": 0, "prod": 141.0, "target": 19, "value": 0.20993372973908858, "supply": [{"l": "Butter, Ghee", "v": 0.10893705087395845}, {"l": "Wine", "v": 0.10099667886513013}]}, {"source": 18, "prod": 2.0, "target": 7, "value": 0.0015600104795019973, "supply": [{"l": "Roots, Other", "v": 0.0015600104795019973}]}, {"source": 9, "prod": 6.0, "target": 19, "value": 0.0055263186749048756, "supply": [{"l": "Crustaceans", "v": 0.0027095851012021279}, {"l": "Fish, Seafood", "v": 0.0028167335737027482}]}, {"source": 11, "prod": 9.0, "target": 19, "value": 0.012899914351896207, "supply": [{"l": "Coffee", "v": 0.001426896355815126}, {"l": "Pimento", "v": 0.011473017996081081}]}, {"source": 3, "prod": 20567.0, "target": 19, "value": 61.090935461760132, "supply": [{"l": "Maize", "v": 7.4328696396067127}, {"l": "Barley", "v": 10.202427453087569}, {"l": "Rice", "v": 0.008186817841489287}, {"l": "Wheat", "v": 43.416011055655503}, {"l": "Sorghum", "v": 0.031440495568860985}]}, {"source": 8, "prod": 344.0, "target": 19, "value": 0.27273362879075685, "supply": [{"l": "Vegetables, Other", "v": 0.0021134763789376594}, {"l": "Beans", "v": 0.093880176102548105}, {"l": "Apples", "v": 0.17673997630927107}]}, {"source": 18, "prod": 28.0, "target": 1, "value": 0.048679178547671745, "supply": [{"l": "Pigmeat", "v": 0.038159721686846608}, {"l": "Bovine Meat", "v": 0.0025770281249369582}, {"l": "Poultry Meat", "v": 0.0016379485499228295}, {"l": "Offals, Edible", "v": 0.0063044801859653476}]}, {"source": 18, "prod": 412.0, "target": 4, "value": 2.1889763532707174, "supply": [{"l": "Cottonseed", "v": 1.0612541646375}, {"l": "Soyabeans", "v": 0.97104756064331255}, {"l": "Groundnuts", "v": 0.013405315763842107}, {"l": "Rape and Mustardseed", "v": 0.14326931222606251}]}, {"source": 4, "prod": 658.0, "target": 19, "value": 2.2838622787964153, "supply": [{"l": "Sunflower seed", "v": 2.2732497371500404}, {"l": "Oilcrops, Other", "v": 0.010612541646375}]}, {"source": 18, "prod": 174.0, "target": 13, "value": 1.3960480035065002, "supply": [{"l": "Alcohol, Non-Food", "v": 0.011503322387187931}, {"l": "Beverages, Alcoholic", "v": 0.010261490650438933}, {"l": "Fats, Animals, Raw", "v": 0.67026578819210525}, {"l": "Sunflowerseed Oil", "v": 0.66384061364862201}, {"l": "Rape and Mustard Oil", "v": 0.032653974296538463}, {"l": "Sweeteners, Other", "v": 0.0075228143316075956}]}, {"source": 7, "prod": 11429.0, "target": 19, "value": 8.9146798851141629, "supply": [{"l": "Potatoes", "v": 8.9146798851141629}]}, {"source": 6, "prod": 3884.0, "target": 19, "value": 16.10514729829805, "supply": [{"l": "Sugar", "v": 16.101658243510201}, {"l": "Honey", "v": 0.0034890547878493154}]}, {"source": 18, "prod": 684.0, "target": 3, "value": 1.6395495157685671, "supply": [{"l": "Rye", "v": 0.075748658510178452}, {"l": "Oats", "v": 1.5638008572583886}]}, {"source": 1, "prod": 11847.0, "target": 9, "value": 11.121392608387959, "supply": [{"l": "Pelagic Fish", "v": 3.0286667872373725}, {"l": "Crustaceans", "v": 0.044256556652968092}, {"l": "Freshwater Fish", "v": 0.95189102360366951}, {"l": "Molluscs, Other", "v": 0.058212493856523474}, {"l": "Aquatic Plants", "v": 0.10375108511235762}, {"l": "Demersal Fish", "v": 1.1017358759176239}, {"l": "Aquatic Products, Other", "v": 0.10375108511235762}, {"l": "Fish, Seafood", "v": 5.4663409553657996}, {"l": "Marine Fish, Other", "v": 0.26278674552928577}]}, {"source": 1, "prod": 102659.0, "target": 2, "value": 91.863734840673914, "supply": [{"l": "Poultry Meat", "v": 1.7198459774189707}, {"l": "Pigmeat", "v": 10.037823933244793}, {"l": "Bovine Meat", "v": 12.823291949686304}, {"l": "Eggs", "v": 3.8891658555706607}, {"l": "Milk - Excluding Butter", "v": 59.362763963398322}, {"l": "Offals, Edible", "v": 1.6076424474211635}, {"l": "Meat, Other", "v": 0.41592131303452662}, {"l": "Mutton & Goat Meat", "v": 2.1333702517955722}]}, {"source": 13, "prod": 17877.0, "target": 0, "value": 51.837516589202707, "supply": [{"l": "Fats, Animals, Raw", "v": 19.014802062640321}, {"l": "Alcohol, Non-Food", "v": 0.250005539881551}, {"l": "Beverages, Fermented", "v": 0.13703211669705265}, {"l": "Fish, Body Oil", "v": 1.675664470480263}, {"l": "Beer", "v": 3.5879368141366794}, {"l": "Beverages, Alcoholic", "v": 12.755032878495593}, {"l": "Fish, Liver Oil", "v": 0.039896773106672938}, {"l": "Cream", "v": 1.471467725641771}, {"l": "Butter, Ghee", "v": 10.608792800494724}, {"l": "Wine", "v": 2.2968854076280767}]}, {"source": 13, "prod": 3277.0, "target": 12, "value": 33.943622038967405, "supply": [{"l": "Olive Oil", "v": 0.19810077739900003}, {"l": "Sesameseed Oil", "v": 0.0679202665368}, {"l": "Soyabean Oil", "v": 1.2398376240661553}, {"l": "Coconut Oil", "v": 0.91267858158824999}, {"l": "Rape and Mustard Oil", "v": 1.8177379025073077}, {"l": "Maize Germ Oil", "v": 0.116737958110125}, {"l": "Groundnut Oil", "v": 0.29715116609850001}, {"l": "Cottonseed Oil", "v": 5.446852543697922}, {"l": "Palmkernel Oil", "v": 0.093390366488100007}, {"l": "Oilcrops Oil, Other", "v": 3.5747508703578958}, {"l": "Palm Oil", "v": 0.084900333171}, {"l": "Sunflowerseed Oil", "v": 20.093563648946354}]}, {"source": 13, "prod": 16647.0, "target": 6, "value": 68.83254848349182, "supply": [{"l": "Honey", "v": 0.86877464217447964}, {"l": "Sweeteners, Other", "v": 0.33100383059073429}, {"l": "Sugar", "v": 67.632770010726603}]}, {"source": 7, "prod": 77331.25, "target": 20, "value": 269.62829115112504, "supply": [{"l": "Roots, Other", "v": 0.011331666645000002}, {"l": "Potatoes", "v": 269.61695948448005}]}, {"source": 5, "prod": 44256.600000000006, "target": 20, "value": 51.436003901652001, "supply": [{"l": "Sugar beet", "v": 51.436003901652001}]}, {"source": 8, "prod": 60273.5, "target": 20, "value": 307.28325037568982, "supply": [{"l": "Beans", "v": 1.0215933313799999}, {"l": "Onions", "v": 5.3433166564499999}, {"l": "Vegetables, Other", "v": 94.896606485219991}, {"l": "Tomatoes", "v": 19.924556628570002}, {"l": "Peas", "v": 28.116479946239998}, {"l": "Pulses, Other", "v": 9.4087699820099999}]}, {"source": 3, "prod": 365667.0, "target": 20, "value": 1209.0820442573875, "supply": [{"l": "Sorghum", "v": 1.3074999975000001}, {"l": "Rice", "v": 4.7279199909600003}, {"l": "Wheat", "v": 625.53589213728014}, {"l": "Oats", "v": 59.172219886860013}, {"l": "Maize", "v": 188.77161963906002}, {"l": "Barley", "v": 218.91385291476004}, {"l": "Cereals, Other", "v": 10.613413313040002}, {"l": "Rye", "v": 143.35429972590001}, {"l": "Millet", "v": 22.562219956860002}]}, {"source": 4, "prod": 12064.5, "target": 20, "value": 33.499918204139227, "supply": [{"l": "Coconuts - Incl Copra", "v": 0.035165136119533077}, {"l": "Sesame seed", "v": 0.032184615323076919}, {"l": "Groundnuts", "v": 0.21268666626000002}, {"l": "Oilcrops, Other", "v": 2.3813933287800002}, {"l": "Soyabeans", "v": 1.4208166639499999}, {"l": "Palm kernels", "v": 0.041839999920000003}, {"l": "Sunflower seed", "v": 24.586229952990003}, {"l": "Cottonseed", "v": 11.71171331094}, {"l": "Olives", "v": 0.010728205107692308}, {"l": "Rape and Mustardseed", "v": 1.5411066637199997}]}, {"source": 21, "prod": 0, "target": 3, "value": 0.001692524171094595, "supply": "[{\"l\":'Energy for power irrigation',\"v\":0.001692524171094595}]"}, {"source": 21, "prod": 0, "target": 4, "value": 0.00011168335049195438, "supply": "[{\"l\":'Energy for power irrigation',\"v\":0.00011168335049195438}]"}, {"source": 21, "prod": 0, "target": 5, "value": 0.0010242292198976808, "supply": "[{\"l\":'Energy for power irrigation',\"v\":0.0010242292198976808}]"}, {"source": 21, "prod": 0, "target": 7, "value": 0.0014317399142494006, "supply": "[{\"l\":'Energy for power irrigation',\"v\":0.0014317399142494006}]"}, {"source": 21, "prod": 0, "target": 8, "value": 0.00055796315022394729, "supply": "[{\"l\":'Energy for power irrigation',\"v\":0.00055796315022394729}]"}, {"source": 21, "prod": 0, "target": 11, "value": 4.0824201224213091e-06, "supply": "[{\"l\":'Energy for power irrigation',\"v\":4.0824201224213091e-06}]"}, {"source": 21, "prod": 0, "target": 13, "value": 50.836666707335993, "supply": "[{\"l\":'Electricity',\"v\":50.836666707335993}]"}, {"source": 22, "prod": 0, "target": 21, "value": 96.423281460953973, "supply": [{"l": "Coal", "v": 49.840006593069518}, {"l": "Natural gas", "v": 15.303245593620209}, {"l": "Oil", "v": 31.280029274264248}]}, {"source": 23, "prod": 0, "target": 21, "value": 13.498198633887272, "supply": [{"l": "Nuclear", "v": 1.5411622368910174}, {"l": "Hydroelectric", "v": 11.803483688628642}, {"l": "Renewable", "v": 0.15355270836761359}]}, {"source": 22, "prod": 0, "target": 3, "value": 9.9869618115554424, "supply": [{"l": "Motor Gasoline", "v": 0.023034967981410307}, {"l": "Gas-Diesel oil", "v": 2.501412931051286}, {"l": "Natural gas (including LNG)", "v": 3.2470920229438645}, {"l": "Fuel oil", "v": 0.12079058830884007}, {"l": "Liquefied petroleum gas (LPG)", "v": 0.078396237671495617}, {"l": "Coal", "v": 4.0162350635985451}]}, {"source": 22, "prod": 0, "target": 4, "value": 0.65900232055673946, "supply": [{"l": "Motor Gasoline", "v": 0.0015199915289688412}, {"l": "Gas-Diesel oil", "v": 0.16505889952699171}, {"l": "Natural gas (including LNG)", "v": 0.2142634785791786}, {"l": "Fuel oil", "v": 0.0079705199137576049}, {"l": "Liquefied petroleum gas (LPG)", "v": 0.0051730750075219198}, {"l": "Coal", "v": 0.26501635600032075}]}, {"source": 22, "prod": 0, "target": 5, "value": 6.0435994239196393, "supply": [{"l": "Motor Gasoline", "v": 0.013939586617962289}, {"l": "Gas-Diesel oil", "v": 1.5137274012197484}, {"l": "Natural gas (including LNG)", "v": 1.9649743184730564}, {"l": "Fuel oil", "v": 0.073096297321730036}, {"l": "Liquefied petroleum gas (LPG)", "v": 0.047441400675099374}, {"l": "Coal", "v": 2.4304204196120427}]}, {"source": 22, "prod": 0, "target": 7, "value": 8.4481699534258947, "supply": [{"l": "Motor Gasoline", "v": 0.019485738310675401}, {"l": "Gas-Diesel oil", "v": 2.1159950307176723}, {"l": "Natural gas (including LNG)", "v": 2.7467798297278967}, {"l": "Fuel oil", "v": 0.10217916500157781}, {"l": "Liquefied petroleum gas (LPG)", "v": 0.066316939230872299}, {"l": "Coal", "v": 3.3974132504372005}]}, {"source": 22, "prod": 0, "target": 8, "value": 3.292335063042533, "supply": [{"l": "Motor Gasoline", "v": 0.007593784195060173}, {"l": "Gas-Diesel oil", "v": 0.82462411045962414}, {"l": "Natural gas (including LNG)", "v": 1.0704471611871293}, {"l": "Fuel oil", "v": 0.039820227280191391}, {"l": "Liquefied petroleum gas (LPG)", "v": 0.025844364579209453}, {"l": "Coal", "v": 1.3240054153413183}]}, {"source": 22, "prod": 0, "target": 11, "value": 0.024088857670481339, "supply": [{"l": "Motor Gasoline", "v": 5.556104805630229e-05}, {"l": "Gas-Diesel oil", "v": 0.006033484578010141}, {"l": "Natural gas (including LNG)", "v": 0.0078320853788733692}, {"l": "Fuel oil", "v": 0.00029135059736972964}, {"l": "Liquefied petroleum gas (LPG)", "v": 0.00018909412560132343}, {"l": "Coal", "v": 0.009687281942570472}]}, {"source": 22, "prod": 0, "target": 1, "value": 2.1129829461348302, "supply": [{"l": "Gas-diesel oils used in fisheries", "v": 2.0093382423482109}, {"l": "Fuel oil used in fisheries", "v": 0.10364470378661947}]}, {"source": 24, "prod": 2132.6311126034598, "target": 3, "value": 26.123105588396001, "supply": [{"l": "Potash", "v": 3.2626118563137929}, {"l": "Phosphate", "v": 5.0502637262624335}, {"l": "Nitrogen", "v": 66.115261122336634}]}, {"source": 24, "prod": 140.72436428775055, "target": 4, "value": 1.7237661991440494, "supply": [{"l": "Potash", "v": 3.2626118563137929}, {"l": "Phosphate", "v": 5.0502637262624335}, {"l": "Nitrogen", "v": 66.115261122336634}]}, {"source": 24, "prod": 1290.5594721159725, "target": 5, "value": 15.808369838998411, "supply": [{"l": "Potash", "v": 3.2626118563137929}, {"l": "Phosphate", "v": 5.0502637262624335}, {"l": "Nitrogen", "v": 66.115261122336634}]}, {"source": 24, "prod": 1804.0351437402476, "target": 7, "value": 22.098055433305692, "supply": [{"l": "Potash", "v": 3.2626118563137929}, {"l": "Phosphate", "v": 5.0502637262624335}, {"l": "Nitrogen", "v": 66.115261122336634}]}, {"source": 24, "prod": 703.05026904535896, "target": 8, "value": 8.6118299145516897, "supply": [{"l": "Potash", "v": 3.2626118563137929}, {"l": "Phosphate", "v": 5.0502637262624335}, {"l": "Nitrogen", "v": 66.115261122336634}]}, {"source": 24, "prod": 5.1439715405444062, "target": 11, "value": 0.063009730517014861, "supply": [{"l": "Potash", "v": 3.2626118563137929}, {"l": "Phosphate", "v": 5.0502637262624335}, {"l": "Nitrogen", "v": 66.115261122336634}]}, {"source": 22, "prod": 0, "target": 24, "value": 90.867313564474131, "supply": [{"l": "Natural gas (including LNG)", "v": 60.883862227424729}, {"l": "Fuel oil", "v": 18.296178186618722}, {"l": "Liquefied petroleum gas (LPG)", "v": 5.8436365752153394}, {"l": "Coal", "v": 5.8436365752153394}]}, {"source": 25, "prod": 0, "target": 3, "value": 10.956256757170284, "supply": "[{\"l\":'Labor',\"v\":10.956256757170284}]"}, {"source": 25, "prod": 0, "target": 4, "value": 0.72296247485762122, "supply": "[{\"l\":'Labor',\"v\":0.72296247485762122}]"}, {"source": 25, "prod": 0, "target": 5, "value": 6.6301672395838613, "supply": "[{\"l\":'Labor',\"v\":6.6301672395838613}]"}, {"source": 25, "prod": 0, "target": 7, "value": 9.268115857902675, "supply": "[{\"l\":'Labor',\"v\":9.268115857902675}]"}, {"source": 25, "prod": 0, "target": 8, "value": 3.611876060203973, "supply": "[{\"l\":'Labor',\"v\":3.611876060203973}]"}, {"source": 25, "prod": 0, "target": 11, "value": 0.026426826757197638, "supply": "[{\"l\":'Labor',\"v\":0.026426826757197638}]"}, {"source": 22, "prod": 0, "target": 16, "value": 63.679164627829508, "supply": "[{\"l\":'Fossil Fuels',\"v\":63.679164627829508}]"}, {"source": 23, "prod": 0, "target": 16, "value": 3.5962581391530071, "supply": "[{\"l\":'Renewables & Nuclear',\"v\":1.8716417195109853},{\"l\":'Biomass & Waste',\"v\":1.7246164196420219}]"}]}