{"nodes": [{"layer": 5, "name": "Maize"}, {"layer": 10, "name": "Feed", "fill": "#dbdb8d"}, {"layer": 5, "name": "Roots, Other"}, {"layer": 5, "name": "Vegetables, Other"}, {"layer": 16, "name": "Food", "fill": "#b5cf6b"}, {"layer": 5, "name": "Fruits, Other"}, {"layer": 13, "name": "Sugar", "fill": "#d6616b"}, {"layer": 13, "name": "Beer"}, {"layer": 5, "name": "Rice"}, {"layer": 5, "name": "Cereals, Other"}, {"layer": 5, "name": "Wheat"}, {"layer": 5, "name": "Coconuts - Incl Copra"}, {"layer": 13, "name": "Crustaceans"}, {"layer": 13, "name": "Marine Fish, Other"}, {"layer": 5, "name": "Groundnuts"}, {"layer": 13, "name": "Pigmeat"}, {"layer": 13, "name": "Coconut Oil"}, {"layer": 13, "name": "Milk - Excluding Butter"}, {"layer": 13, "name": "Fish, Seafood"}, {"layer": 13, "name": "Pelagic Fish"}, {"layer": 5, "name": "Bananas"}, {"layer": 13, "name": "Bovine Meat"}, {"layer": 13, "name": "Molluscs, Other"}, {"layer": 13, "name": "Poultry Meat"}, {"layer": 13, "name": "Offals, Edible"}, {"layer": 10, "name": "Processing", "fill": "#9edae5"}, {"layer": 16, "name": "Biofuels & Other", "fill": "#e7ba52"}, {"name": "Waste", "fill": "#c7c7c7"}, {"layer": 2, "name": "Import", "fill": "#aec7e8"}, {"layer": 16, "name": "Export", "fill": "#aec7e8"}, {"layer": 5, "name": "Cocoa Beans"}, {"layer": 0, "name": "Stock Draw", "fill": "#c7c7c7"}, {"layer": 2, "name": "Electricity", "fill": "#bcbd22"}, {"layer": 0, "name": "Fossil Fuels", "fill": "#c49c94"}, {"layer": 0, "name": "Renewables & Nuclear", "fill": "#2ca02c"}, {"layer": 0, "name": "Labor", "fill": "#7f7f7f"}], "links": [{"source": 0, "prod": 1.0, "target": 1, "value": 0.0034790215605657805, "supply": [{"l": "Maize", "v": 0.0034790215605657805}]}, {"source": 2, "prod": 4.0, "target": 1, "value": 0.0042330991496826505, "supply": [{"l": "Roots, Other", "v": 0.0042330991496826505}]}, {"source": 3, "prod": 7.0, "target": 4, "value": 0.001859929979261598, "supply": [{"l": "Vegetables, Other", "v": 0.001859929979261598}]}, {"source": 5, "prod": 4.0, "target": 4, "value": 0.0020023663483726413, "supply": [{"l": "Fruits, Other", "v": 0.0020023663483726413}]}, {"source": 6, "prod": 2.0, "target": 4, "value": 0.0084637890100919631, "supply": [{"l": "Sugar", "v": 0.0084637890100919631}]}, {"source": 7, "prod": 1.0, "target": 4, "value": 0.0005053591260178571, "supply": [{"l": "Beer", "v": 0.0005053591260178571}]}, {"source": 8, "prod": 5.0, "target": 4, "value": 0.021418821375543868, "supply": [{"l": "Rice", "v": 0.021418821375543868}]}, {"source": 9, "prod": 1.0, "target": 4, "value": 0.0034040227922334902, "supply": [{"l": "Cereals, Other", "v": 0.0034040227922334902}]}, {"source": 10, "prod": 4.0, "target": 4, "value": 0.012030290424653509, "supply": [{"l": "Wheat", "v": 0.012030290424653509}]}, {"source": 11, "prod": 15.0, "target": 4, "value": 0.019352992649341115, "supply": [{"l": "Coconuts - Incl Copra", "v": 0.019352992649341115}]}, {"source": 12, "prod": 1.0, "target": 4, "value": 0.00053195697475563904, "supply": [{"l": "Crustaceans", "v": 0.00053195697475563904}]}, {"source": 2, "prod": 34.0, "target": 4, "value": 0.035981342772302527, "supply": [{"l": "Roots, Other", "v": 0.035981342772302527}]}, {"source": 13, "prod": 1.0, "target": 4, "value": 0.00073506781966233762, "supply": [{"l": "Marine Fish, Other", "v": 0.00073506781966233762}]}, {"source": 14, "prod": 1.0, "target": 4, "value": 0.0058928251815347056, "supply": [{"l": "Groundnuts", "v": 0.0058928251815347056}]}, {"source": 15, "prod": 3.0, "target": 4, "value": 0.012517902684189569, "supply": [{"l": "Pigmeat", "v": 0.012517902684189569}]}, {"source": 16, "prod": 1.0, "target": 4, "value": 0.010293920303643187, "supply": [{"l": "Coconut Oil", "v": 0.010293920303643187}]}, {"source": 17, "prod": 3.0, "target": 4, "value": 0.0022105717569925912, "supply": [{"l": "Milk - Excluding Butter", "v": 0.0022105717569925912}]}, {"source": 18, "prod": 5.0, "target": 4, "value": 0.0035581800795567694, "supply": [{"l": "Fish, Seafood", "v": 0.0035581800795567694}]}, {"source": 19, "prod": 2.0, "target": 4, "value": 0.0021087013561099945, "supply": [{"l": "Pelagic Fish", "v": 0.0021087013561099945}]}, {"source": 20, "prod": 8.0, "target": 4, "value": 0.0058390496779406331, "supply": [{"l": "Bananas", "v": 0.0058390496779406331}]}, {"source": 21, "prod": 2.0, "target": 4, "value": 0.0047927607435241937, "supply": [{"l": "Bovine Meat", "v": 0.0047927607435241937}]}, {"source": 22, "prod": 1.0, "target": 4, "value": 0.00018376695491558441, "supply": [{"l": "Molluscs, Other", "v": 0.00018376695491558441}]}, {"source": 23, "prod": 1.0, "target": 4, "value": 0.0013830881343646617, "supply": [{"l": "Poultry Meat", "v": 0.0013830881343646617}]}, {"source": 24, "prod": 1.0, "target": 4, "value": 0.0012599364511678085, "supply": [{"l": "Offals, Edible", "v": 0.0012599364511678085}]}, {"source": 11, "prod": 8.0, "target": 25, "value": 0.010321596079648594, "supply": [{"l": "Coconuts - Incl Copra", "v": 0.010321596079648594}]}, {"source": 20, "prod": 1.0, "target": 26, "value": 0.00072988120974257914, "supply": [{"l": "Bananas", "v": 0.00072988120974257914}]}, {"source": 11, "prod": 61.0, "target": 26, "value": 0.078702170107320529, "supply": [{"l": "Coconuts - Incl Copra", "v": 0.078702170107320529}]}, {"source": 2, "prod": 1.0, "target": 27, "value": 0.0010582747874206626, "supply": [{"l": "Roots, Other", "v": 0.0010582747874206626}]}, {"source": 11, "prod": 21.0, "target": 27, "value": 0.027094189709077558, "supply": [{"l": "Coconuts - Incl Copra", "v": 0.027094189709077558}]}, {"source": 28, "prod": 1.0, "target": 9, "value": 0.0034040227922334902, "supply": [{"l": "Cereals, Other", "v": 0.0034040227922334902}]}, {"source": 28, "prod": 4.0, "target": 25, "value": 0.0094745072621276773, "supply": [{"l": "Beer", "v": 0.0010107182520357142}, {"l": "Sugar", "v": 0.0084637890100919631}]}, {"source": 28, "prod": 4.0, "target": 10, "value": 0.012030290424653509, "supply": [{"l": "Wheat", "v": 0.012030290424653509}]}, {"source": 28, "prod": 15.0, "target": 1, "value": 0.01446601504022193, "supply": [{"l": "Milk - Excluding Butter", "v": 0.0014737145046617272}, {"l": "Pelagic Fish", "v": 0.0063261040683299831}, {"l": "Fish, Seafood", "v": 0.0042698160954681231}, {"l": "Bovine Meat", "v": 0.0023963803717620968}]}, {"source": 28, "prod": 6.0, "target": 8, "value": 0.025702585650652639, "supply": [{"l": "Rice", "v": 0.025702585650652639}]}, {"source": 21, "prod": 1.0, "target": 29, "value": 0.0023963803717620968, "supply": [{"l": "Bovine Meat", "v": 0.0023963803717620968}]}, {"source": 19, "prod": 4.0, "target": 29, "value": 0.004217402712219989, "supply": [{"l": "Pelagic Fish", "v": 0.004217402712219989}]}, {"source": 11, "prod": 271.0, "target": 29, "value": 0.3496440671980961, "supply": [{"l": "Coconuts - Incl Copra", "v": 0.3496440671980961}]}, {"source": 18, "prod": 4.0, "target": 29, "value": 0.0028465440636454152, "supply": [{"l": "Fish, Seafood", "v": 0.0028465440636454152}]}, {"source": 30, "prod": 1.0, "target": 29, "value": 0.0065307948593076922, "supply": [{"l": "Cocoa Beans", "v": 0.0065307948593076922}]}, {"source": 31, "prod": 4.0, "target": 11, "value": 0.0051607980398242969, "supply": [{"l": "Coconuts - Incl Copra", "v": 0.0051607980398242969}]}, {"source": 1, "prod": 1.0, "target": 23, "value": 0.0013830881343646617, "supply": [{"l": "Poultry Meat", "v": 0.0013830881343646617}]}, {"source": 1, "prod": 3.0, "target": 15, "value": 0.012517902684189569, "supply": [{"l": "Pigmeat", "v": 0.012517902684189569}]}, {"source": 1, "prod": 6.0, "target": 19, "value": 0.0063261040683299831, "supply": [{"l": "Pelagic Fish", "v": 0.0063261040683299831}]}, {"source": 1, "prod": 1.0, "target": 12, "value": 0.00053195697475563904, "supply": [{"l": "Crustaceans", "v": 0.00053195697475563904}]}, {"source": 1, "prod": 1.0, "target": 22, "value": 0.00018376695491558441, "supply": [{"l": "Molluscs, Other", "v": 0.00018376695491558441}]}, {"source": 1, "prod": 3.0, "target": 17, "value": 0.0022105717569925912, "supply": [{"l": "Milk - Excluding Butter", "v": 0.0022105717569925912}]}, {"source": 1, "prod": 1.0, "target": 24, "value": 0.0012599364511678085, "supply": [{"l": "Offals, Edible", "v": 0.0012599364511678085}]}, {"source": 1, "prod": 1.0, "target": 13, "value": 0.00073506781966233762, "supply": [{"l": "Marine Fish, Other", "v": 0.00073506781966233762}]}, {"source": 1, "prod": 9.0, "target": 18, "value": 0.006404724143202185, "supply": [{"l": "Fish, Seafood", "v": 0.006404724143202185}]}, {"source": 1, "prod": 3.0, "target": 21, "value": 0.0071891411152862905, "supply": [{"l": "Bovine Meat", "v": 0.0071891411152862905}]}, {"source": 25, "prod": 1.0, "target": 7, "value": 0.0005053591260178571, "supply": [{"l": "Beer", "v": 0.0005053591260178571}]}, {"source": 25, "prod": 1.0, "target": 16, "value": 0.010293920303643187, "supply": [{"l": "Coconut Oil", "v": 0.010293920303643187}]}, {"source": 25, "prod": 2.0, "target": 6, "value": 0.0084637890100919631, "supply": [{"l": "Sugar", "v": 0.0084637890100919631}]}, {"source": 32, "prod": 0, "target": 25, "value": 0.00023818686555364258, "supply": "[{\"l\":'Electricity',\"v\":0.00023818686555364258}]"}, {"source": 33, "prod": 0, "target": 32, "value": 0.00015277263616635844, "supply": [{"l": "Coal", "v": 3.572478520856699e-06}, {"l": "Natural gas", "v": 5.384818305426149e-05}, {"l": "Oil", "v": 9.5351974591240246e-05}]}, {"source": 34, "prod": 0, "target": 32, "value": 0.00017578968438087693, "supply": [{"l": "Nuclear", "v": 0.0}, {"l": "Hydroelectric", "v": 0.00017531350464891971}, {"l": "Renewable", "v": 4.7617973195722791e-07}]}, {"source": 33, "prod": 0, "target": 0, "value": 5.6564840222666839e-06, "supply": [{"l": "Other fossil fuels", "v": 5.6564840222666839e-06}]}, {"source": 33, "prod": 0, "target": 3, "value": 3.9595388155866786e-05, "supply": [{"l": "Other fossil fuels", "v": 3.9595388155866786e-05}]}, {"source": 33, "prod": 0, "target": 20, "value": 5.090835620040015e-05, "supply": [{"l": "Other fossil fuels", "v": 5.090835620040015e-05}]}, {"source": 33, "prod": 0, "target": 11, "value": 0.00211552502432774, "supply": [{"l": "Other fossil fuels", "v": 0.00211552502432774}]}, {"source": 33, "prod": 0, "target": 2, "value": 0.00022060287686840067, "supply": [{"l": "Other fossil fuels", "v": 0.00022060287686840067}]}, {"source": 33, "prod": 0, "target": 5, "value": 2.2625936089066736e-05, "supply": [{"l": "Other fossil fuels", "v": 2.2625936089066736e-05}]}, {"source": 33, "prod": 0, "target": 30, "value": 5.6564840222666839e-06, "supply": [{"l": "Other fossil fuels", "v": 5.6564840222666839e-06}]}, {"source": 33, "prod": 0, "target": 14, "value": 5.6564840222666839e-06, "supply": [{"l": "Other fossil fuels", "v": 5.6564840222666839e-06}]}, {"source": 35, "prod": 0, "target": 0, "value": 4.5896303286879744e-05, "supply": "[{\"l\":'Labor',\"v\":4.5896303286879744e-05}]"}, {"source": 35, "prod": 0, "target": 2, "value": 0.00178995582818831, "supply": "[{\"l\":'Labor',\"v\":0.00178995582818831}]"}, {"source": 35, "prod": 0, "target": 5, "value": 0.00018358521314751897, "supply": "[{\"l\":'Labor',\"v\":0.00018358521314751897}]"}, {"source": 35, "prod": 0, "target": 8, "value": 0.00011474075821719936, "supply": "[{\"l\":'Labor',\"v\":0.00011474075821719936}]"}, {"source": 35, "prod": 0, "target": 9, "value": 2.2948151643439872e-05, "supply": "[{\"l\":'Labor',\"v\":2.2948151643439872e-05}]"}, {"source": 35, "prod": 0, "target": 10, "value": 9.1792606573759487e-05, "supply": "[{\"l\":'Labor',\"v\":9.1792606573759487e-05}]"}, {"source": 35, "prod": 0, "target": 11, "value": 0.017165217429293025, "supply": "[{\"l\":'Labor',\"v\":0.017165217429293025}]"}, {"source": 35, "prod": 0, "target": 3, "value": 0.00032127412300815816, "supply": "[{\"l\":'Labor',\"v\":0.00032127412300815816}]"}, {"source": 35, "prod": 0, "target": 14, "value": 4.5896303286879744e-05, "supply": "[{\"l\":'Labor',\"v\":4.5896303286879744e-05}]"}, {"source": 35, "prod": 0, "target": 30, "value": 4.5896303286879744e-05, "supply": "[{\"l\":'Labor',\"v\":4.5896303286879744e-05}]"}, {"source": 35, "prod": 0, "target": 20, "value": 0.00041306672958191763, "supply": "[{\"l\":'Labor',\"v\":0.00041306672958191763}]"}, {"source": 33, "prod": 0, "target": 28, "value": 0.003859739311173528, "supply": "[{\"l\":'Fossil Fuels',\"v\":0.003859739311173528}]"}, {"source": 34, "prod": 0, "target": 28, "value": 0.021163586554009295, "supply": "[{\"l\":'Renewables & Nuclear',\"v\":0.00046440570492210716},{\"l\":'Biomass & Waste',\"v\":0.020699180849087187}]"}]}