{"nodes": [{"layer": 5, "name": "Fruits, Roots & Vegetables", "fill": "#98df8a"}, {"layer": 10, "name": "Feed", "fill": "#dbdb8d"}, {"layer": 13, "name": "Other Processed", "fill": "#9c9ede"}, {"layer": 16, "name": "Food", "fill": "#b5cf6b"}, {"layer": 13, "name": "Animal Products", "fill": "#17becf"}, {"layer": 5, "name": "Cereals", "fill": "#e7ba52"}, {"layer": 5, "name": "Oilcrops", "fill": "#ff9896"}, {"layer": 13, "name": "Sugar", "fill": "#d6616b"}, {"layer": 13, "name": "Aquatic Products", "fill": "#1f77b4"}, {"layer": 10, "name": "Processing", "fill": "#9edae5"}, {"layer": 16, "name": "Biofuels & Other", "fill": "#e7ba52"}, {"name": "Waste", "fill": "#c7c7c7"}, {"layer": 2, "name": "Import", "fill": "#aec7e8"}, {"layer": 16, "name": "Export", "fill": "#aec7e8"}, {"name": "Crop Residue", "fill": "#bd9e39"}, {"layer": 2, "name": "Electricity", "fill": "#bcbd22"}, {"layer": 0, "name": "Fossil Fuels", "fill": "#c49c94"}, {"layer": 0, "name": "Renewables & Nuclear", "fill": "#2ca02c"}, {"layer": 0, "name": "Labor", "fill": "#7f7f7f"}], "links": [{"source": 0, "prod": 3.0, "target": 1, "value": 0.0031733108740325312, "supply": [{"l": "Roots, Other", "v": 0.0031733108740325312}]}, {"source": 2, "prod": 2.0, "target": 3, "value": 0.0013066391749700348, "supply": [{"l": "Beer", "v": 0.00049326919477341079}, {"l": "Wine", "v": 0.00081336998019662405}]}, {"source": 4, "prod": 3.0, "target": 3, "value": 0.0075813525702986351, "supply": [{"l": "Pigmeat", "v": 0.0041468029055244217}, {"l": "Bovine Meat", "v": 0.002453376541791888}, {"l": "Milk - Excluding Butter", "v": 0.00098117312298232496}]}, {"source": 5, "prod": 4.0, "target": 3, "value": 0.01462890546113986, "supply": [{"l": "Wheat", "v": 0.0061215690870077251}, {"l": "Rice", "v": 0.008507336374132134}]}, {"source": 6, "prod": 7.0, "target": 3, "value": 0.0090351967154488535, "supply": [{"l": "Coconuts - Incl Copra", "v": 0.0090351967154488535}]}, {"source": 0, "prod": 28.0, "target": 3, "value": 0.025748237642240424, "supply": [{"l": "Roots, Other", "v": 0.023270946409571898}, {"l": "Bananas", "v": 0.00074912058680294135}, {"l": "Vegetables, Other", "v": 0.00076339413255876694}, {"l": "Fruits, Other", "v": 0.00096477651330681825}]}, {"source": 7, "prod": 1.0, "target": 3, "value": 0.0042392878911295551, "supply": [{"l": "Sugar", "v": 0.0042392878911295551}]}, {"source": 8, "prod": 4.0, "target": 3, "value": 0.0040581743339489999, "supply": [{"l": "Pelagic Fish", "v": 0.0020662930048775952}, {"l": "Fish, Seafood", "v": 0.0019918813290714043}]}, {"source": 6, "prod": 3.0, "target": 9, "value": 0.003872227163763794, "supply": [{"l": "Coconuts - Incl Copra", "v": 0.003872227163763794}]}, {"source": 6, "prod": 17.0, "target": 10, "value": 0.0219426205946615, "supply": [{"l": "Coconuts - Incl Copra", "v": 0.0219426205946615}]}, {"source": 0, "prod": 1.0, "target": 11, "value": 0.0010577702913441771, "supply": [{"l": "Roots, Other", "v": 0.0010577702913441771}]}, {"source": 6, "prod": 13.0, "target": 11, "value": 0.016779651042976441, "supply": [{"l": "Coconuts - Incl Copra", "v": 0.016779651042976441}]}, {"source": 12, "prod": 3.0, "target": 9, "value": 0.0055459270660995902, "supply": [{"l": "Beer", "v": 0.00049326919477341079}, {"l": "Sugar", "v": 0.0042392878911295551}, {"l": "Wine", "v": 0.00081336998019662405}]}, {"source": 12, "prod": 4.0, "target": 5, "value": 0.01462890546113986, "supply": [{"l": "Wheat", "v": 0.0061215690870077251}, {"l": "Rice", "v": 0.008507336374132134}]}, {"source": 12, "prod": 8.0, "target": 1, "value": 0.0081163486678979997, "supply": [{"l": "Pelagic Fish", "v": 0.0041325860097551903}, {"l": "Fish, Seafood", "v": 0.0039837626581428085}]}, {"source": 12, "prod": 1.0, "target": 0, "value": 0.00048238825665340913, "supply": [{"l": "Fruits, Other", "v": 0.00048238825665340913}]}, {"source": 0, "prod": 1.0, "target": 13, "value": 0.0043913965433275866, "supply": [{"l": "Cocoa Beans", "v": 0.0043913965433275866}]}, {"source": 8, "prod": 6.0, "target": 13, "value": 0.0060872615009234989, "supply": [{"l": "Pelagic Fish", "v": 0.0030994395073163927}, {"l": "Fish, Seafood", "v": 0.0029878219936071062}]}, {"source": 6, "prod": 185.0, "target": 13, "value": 0.23878734176543401, "supply": [{"l": "Coconuts - Incl Copra", "v": 0.23878734176543401}]}, {"source": 1, "prod": 10.0, "target": 8, "value": 0.010145435834872499, "supply": [{"l": "Pelagic Fish", "v": 0.0051657325121939879}, {"l": "Fish, Seafood", "v": 0.0049797033226785109}]}, {"source": 1, "prod": 3.0, "target": 4, "value": 0.0075813525702986351, "supply": [{"l": "Milk - Excluding Butter", "v": 0.00098117312298232496}, {"l": "Bovine Meat", "v": 0.002453376541791888}, {"l": "Pigmeat", "v": 0.0041468029055244217}]}, {"source": 9, "prod": 2.0, "target": 2, "value": 0.0013066391749700348, "supply": [{"l": "Beer", "v": 0.00049326919477341079}, {"l": "Wine", "v": 0.00081336998019662405}]}, {"source": 9, "prod": 1.0, "target": 7, "value": 0.0042392878911295551, "supply": [{"l": "Sugar", "v": 0.0042392878911295551}]}, {"source": 0, "prod": 32.5, "target": 14, "value": 0.14608331216547382, "supply": [{"l": "Roots, Other", "v": 0.044454999915000001}, {"l": "Vegetables, Other", "v": 0.010459999980000001}]}, {"source": 5, "prod": 4.0, "target": 14, "value": 0.013946666640000001, "supply": [{"l": "Wheat", "v": 0.0069733333199999996}, {"l": "Rice", "v": 0.0069733333199999996}]}, {"source": 6, "prod": 225.0, "target": 14, "value": 0.28454513073142773, "supply": [{"l": "Coconuts - Incl Copra", "v": 0.78449999849999996}]}, {"source": 15, "prod": 0, "target": 9, "value": 9.0234550278820832e-05, "supply": "[{\"l\":'Electricity',\"v\":9.0234550278820832e-05}]"}, {"source": 16, "prod": 0, "target": 15, "value": 6.9072512615579872e-05, "supply": [{"l": "Coal", "v": 4.8032722901022211e-06}, {"l": "Natural gas", "v": 9.0278853574760365e-06}, {"l": "Oil", "v": 5.5241354968001616e-05}]}, {"source": 17, "prod": 0, "target": 15, "value": 6.3878776859616282e-05, "supply": [{"l": "Nuclear", "v": 0.0}, {"l": "Hydroelectric", "v": 6.3508788784853395e-05}, {"l": "Renewable", "v": 3.6998807476288504e-07}]}, {"source": 16, "prod": 0, "target": 0, "value": 0.00024449828775814197, "supply": [{"l": "Other fossil fuels", "v": 0.00024449828775814197}]}, {"source": 16, "prod": 0, "target": 6, "value": 0.0016926804537102137, "supply": [{"l": "Other fossil fuels", "v": 0.0016926804537102137}]}, {"source": 18, "prod": 0, "target": 5, "value": 8.0895856277023208e-05, "supply": "[{\"l\":'Labor',\"v\":8.0895856277023208e-05}]"}, {"source": 18, "prod": 0, "target": 6, "value": 0.0091007838311651101, "supply": "[{\"l\":'Labor',\"v\":0.0091007838311651101}]"}, {"source": 18, "prod": 0, "target": 0, "value": 0.0013145576645016272, "supply": "[{\"l\":'Labor',\"v\":0.0013145576645016272}]"}, {"source": 16, "prod": 0, "target": 12, "value": 0.00096786582490432415, "supply": "[{\"l\":'Fossil Fuels',\"v\":0.00096786582490432415}]"}, {"source": 17, "prod": 0, "target": 12, "value": 0.0056191368252292567, "supply": "[{\"l\":'Renewables & Nuclear',\"v\":6.9031387518326263e-05},{\"l\":'Biomass & Waste',\"v\":0.0055501054377109305}]"}]}