{"nodes": [{"layer": 5, "name": "Roots, Other"}, {"layer": 10, "name": "Feed", "fill": "#dbdb8d"}, {"layer": 13, "name": "Pigmeat"}, {"layer": 16, "name": "Food", "fill": "#b5cf6b"}, {"layer": 5, "name": "Vegetables, Other"}, {"layer": 5, "name": "Wheat"}, {"layer": 5, "name": "Bananas"}, {"layer": 5, "name": "Coconuts - Incl Copra"}, {"layer": 13, "name": "Bovine Meat"}, {"layer": 5, "name": "Fruits, Other"}, {"layer": 13, "name": "Beer"}, {"layer": 13, "name": "Sugar", "fill": "#d6616b"}, {"layer": 13, "name": "Milk - Excluding Butter"}, {"layer": 13, "name": "Offals, Edible"}, {"layer": 13, "name": "Pelagic Fish"}, {"layer": 13, "name": "Marine Fish, Other"}, {"layer": 13, "name": "Fish, Seafood"}, {"layer": 5, "name": "Groundnuts"}, {"layer": 5, "name": "Rice"}, {"layer": 10, "name": "Processing", "fill": "#9edae5"}, {"layer": 16, "name": "Biofuels & Other", "fill": "#e7ba52"}, {"name": "Waste", "fill": "#c7c7c7"}, {"layer": 0, "name": "Import", "fill": "#aec7e8"}, {"layer": 16, "name": "Export", "fill": "#aec7e8"}, {"layer": 5, "name": "Cocoa Beans"}, {"layer": 0, "name": "Stock Draw", "fill": "#c7c7c7"}, {"layer": 0, "name": "Production", "fill": "#b5cf6b"}, {"layer": 5, "name": "Maize"}], "links": [{"source": 0, "prod": 0.0031745702228756258, "target": 1, "value": 3.0, "supply": [{"l": "Roots, Other", "v": 3.0}]}, {"source": 2, "prod": 0.0083246084064588308, "target": 3, "value": 2.0, "supply": [{"l": "Pigmeat", "v": 2.0}]}, {"source": 4, "prod": 0.0012931949333239976, "target": 3, "value": 5.0, "supply": [{"l": "Vegetables, Other", "v": 5.0}]}, {"source": 5, "prod": 0.0091821745010831641, "target": 3, "value": 3.0, "supply": [{"l": "Wheat", "v": 3.0}]}, {"source": 6, "prod": 0.0029063647560713668, "target": 3, "value": 4.0, "supply": [{"l": "Bananas", "v": 4.0}]}, {"source": 7, "prod": 0.015473550834479424, "target": 3, "value": 12.0, "supply": [{"l": "Coconuts - Incl Copra", "v": 12.0}]}, {"source": 8, "prod": 0.0050192054189213608, "target": 3, "value": 2.0, "supply": [{"l": "Bovine Meat", "v": 2.0}]}, {"source": 0, "prod": 0.027512941931588753, "target": 3, "value": 26.0, "supply": [{"l": "Roots, Other", "v": 26.0}]}, {"source": 9, "prod": 0.0015415662378056492, "target": 3, "value": 3.0, "supply": [{"l": "Fruits, Other", "v": 3.0}]}, {"source": 10, "prod": 0.00049980572902865003, "target": 3, "value": 1.0, "supply": [{"l": "Beer", "v": 1.0}]}, {"source": 11, "prod": 0.0041414796668780493, "target": 3, "value": 1.0, "supply": [{"l": "Sugar", "v": 1.0}]}, {"source": 12, "prod": 0.0020700081232505304, "target": 3, "value": 3.0, "supply": [{"l": "Milk - Excluding Butter", "v": 3.0}]}, {"source": 13, "prod": 0.0012316295914555127, "target": 3, "value": 1.0, "supply": [{"l": "Offals, Edible", "v": 1.0}]}, {"source": 14, "prod": 0.0042087344648871795, "target": 3, "value": 4.0, "supply": [{"l": "Pelagic Fish", "v": 4.0}]}, {"source": 15, "prod": 0.0014979264831682423, "target": 3, "value": 2.0, "supply": [{"l": "Marine Fish, Other", "v": 2.0}]}, {"source": 16, "prod": 0.0051750203081263255, "target": 3, "value": 6.0, "supply": [{"l": "Fish, Seafood", "v": 6.0}]}, {"source": 17, "prod": 0.005894202653526648, "target": 3, "value": 1.0, "supply": [{"l": "Groundnuts", "v": 1.0}]}, {"source": 18, "prod": 0.017003748735502932, "target": 3, "value": 4.0, "supply": [{"l": "Rice", "v": 4.0}]}, {"source": 7, "prod": 0.011605163125859567, "target": 19, "value": 9.0, "supply": [{"l": "Coconuts - Incl Copra", "v": 9.0}]}, {"source": 7, "prod": 0.061894203337917696, "target": 20, "value": 48.0, "supply": [{"l": "Coconuts - Incl Copra", "v": 48.0}]}, {"source": 0, "prod": 0.001058190074291875, "target": 21, "value": 1.0, "supply": [{"l": "Roots, Other", "v": 1.0}]}, {"source": 7, "prod": 0.02449978882125909, "target": 21, "value": 19.0, "supply": [{"l": "Coconuts - Incl Copra", "v": 19.0}]}, {"source": 22, "prod": 0.0051410911249353489, "target": 19, "value": 3.0, "supply": [{"l": "Beer", "v": 2.0}, {"l": "Sugar", "v": 1.0}]}, {"source": 22, "prod": 0.0091821745010831641, "target": 5, "value": 3.0, "supply": [{"l": "Wheat", "v": 3.0}]}, {"source": 22, "prod": 0.027495620720483401, "target": 1, "value": 29.0, "supply": [{"l": "Milk - Excluding Butter", "v": 1.0}, {"l": "Pelagic Fish", "v": 14.0}, {"l": "Fish, Seafood", "v": 14.0}]}, {"source": 22, "prod": 0.017003748735502932, "target": 18, "value": 4.0, "supply": [{"l": "Rice", "v": 4.0}]}, {"source": 8, "prod": 0.0025096027094606804, "target": 23, "value": 1.0, "supply": [{"l": "Bovine Meat", "v": 1.0}]}, {"source": 14, "prod": 0.011574019778439743, "target": 23, "value": 11.0, "supply": [{"l": "Pelagic Fish", "v": 11.0}]}, {"source": 7, "prod": 0.33010241780222771, "target": 23, "value": 256.0, "supply": [{"l": "Coconuts - Incl Copra", "v": 256.0}]}, {"source": 16, "prod": 0.0094875372315649294, "target": 23, "value": 11.0, "supply": [{"l": "Fish, Seafood", "v": 11.0}]}, {"source": 24, "prod": 0.0065307948593076922, "target": 23, "value": 1.0, "supply": [{"l": "Cocoa Beans", "v": 1.0}]}, {"source": 25, "prod": 0.014184088264939472, "target": 7, "value": 11.0, "supply": [{"l": "Coconuts - Incl Copra", "v": 11.0}]}, {"source": 26, "prod": 0.0035003370992085698, "target": 27, "value": 1.0, "supply": [{"l": "Maize", "v": 1.0}]}, {"source": 26, "prod": 0.0015518339199887972, "target": 4, "value": 6.0, "supply": [{"l": "Vegetables, Other", "v": 6.0}]}, {"source": 26, "prod": 0.0029063647560713668, "target": 6, "value": 4.0, "supply": [{"l": "Bananas", "v": 4.0}]}, {"source": 26, "prod": 0.43068049822634402, "target": 7, "value": 334.0, "supply": [{"l": "Coconuts - Incl Copra", "v": 334.0}]}, {"source": 26, "prod": 0.031745702228756251, "target": 0, "value": 30.0, "supply": [{"l": "Roots, Other", "v": 30.0}]}, {"source": 26, "prod": 0.0015415662378056492, "target": 9, "value": 3.0, "supply": [{"l": "Fruits, Other", "v": 3.0}]}, {"source": 26, "prod": 0.0065307948593076922, "target": 24, "value": 1.0, "supply": [{"l": "Cocoa Beans", "v": 1.0}]}, {"source": 26, "prod": 0.005894202653526648, "target": 17, "value": 1.0, "supply": [{"l": "Groundnuts", "v": 1.0}]}, {"source": 1, "prod": 0.0083246084064588308, "target": 2, "value": 2.0, "supply": [{"l": "Pigmeat", "v": 2.0}]}, {"source": 1, "prod": 0.015782754243326924, "target": 14, "value": 15.0, "supply": [{"l": "Pelagic Fish", "v": 15.0}]}, {"source": 1, "prod": 0.0075288081283820408, "target": 8, "value": 3.0, "supply": [{"l": "Bovine Meat", "v": 3.0}]}, {"source": 1, "prod": 0.0020700081232505304, "target": 12, "value": 3.0, "supply": [{"l": "Milk - Excluding Butter", "v": 3.0}]}, {"source": 1, "prod": 0.0012316295914555127, "target": 13, "value": 1.0, "supply": [{"l": "Offals, Edible", "v": 1.0}]}, {"source": 1, "prod": 0.0014979264831682423, "target": 15, "value": 2.0, "supply": [{"l": "Marine Fish, Other", "v": 2.0}]}, {"source": 1, "prod": 0.014662557539691255, "target": 16, "value": 17.0, "supply": [{"l": "Fish, Seafood", "v": 17.0}]}, {"source": 19, "prod": 0.00049980572902865003, "target": 10, "value": 1.0, "supply": [{"l": "Beer", "v": 1.0}]}, {"source": 19, "prod": 0.0041414796668780493, "target": 11, "value": 1.0, "supply": [{"l": "Sugar", "v": 1.0}]}]}