{"nodes": [{"layer": 5, "name": "Starchy Roots"}, {"layer": 10, "name": "Feed", "fill": "#dbdb8d"}, {"layer": 13, "name": "Other Processed", "fill": "#9c9ede"}, {"layer": 16, "name": "Food", "fill": "#b5cf6b"}, {"layer": 13, "name": "Animal Products", "fill": "#17becf"}, {"layer": 5, "name": "Cereals", "fill": "#e7ba52"}, {"layer": 5, "name": "Oilcrops", "fill": "#ff9896"}, {"layer": 13, "name": "Sugar", "fill": "#d6616b"}, {"layer": 5, "name": "Fruits & Vegetables"}, {"layer": 13, "name": "Aquatic Products", "fill": "#1f77b4"}, {"layer": 10, "name": "Processing", "fill": "#9edae5"}, {"layer": 16, "name": "Biofuels & Other", "fill": "#e7ba52"}, {"name": "Waste", "fill": "#c7c7c7"}, {"layer": 2, "name": "Import", "fill": "#aec7e8"}, {"layer": 16, "name": "Export", "fill": "#aec7e8"}, {"layer": 5, "name": "Others"}, {"name": "Crop Residue", "fill": "#bd9e39"}, {"layer": 2, "name": "Electricity", "fill": "#bcbd22"}, {"layer": 0, "name": "Fossil Fuels", "fill": "#c49c94"}, {"layer": 0, "name": "Renewables & Nuclear", "fill": "#2ca02c"}, {"layer": 0, "name": "Labor", "fill": "#7f7f7f"}], "links": [{"source": 0, "prod": 3.0, "target": 1, "value": 0.0031735015057107025, "supply": [{"l": "Roots, Other", "v": 0.0031735015057107025}]}, {"source": 2, "prod": 2.0, "target": 3, "value": 0.0013406575330475309, "supply": [{"l": "Beer", "v": 0.00051979795818979596}, {"l": "Wine", "v": 0.00082085957485773494}]}, {"source": 4, "prod": 4.0, "target": 3, "value": 0.010183334000133638, "supply": [{"l": "Pigmeat", "v": 0.0041169342593696126}, {"l": "Bovine Meat", "v": 0.0048409693211974086}, {"l": "Milk - Excluding Butter", "v": 0.0012254304195666174}]}, {"source": 5, "prod": 5.0, "target": 3, "value": 0.018853727055853836, "supply": [{"l": "Wheat", "v": 0.006101062903197404}, {"l": "Rice", "v": 0.012752664152656433}]}, {"source": 6, "prod": 7.0, "target": 3, "value": 0.0090333954493943998, "supply": [{"l": "Coconuts - Incl Copra", "v": 0.0090333954493943998}]}, {"source": 7, "prod": 1.0, "target": 3, "value": 0.0042294671469802203, "supply": [{"l": "Sugar", "v": 0.0042294671469802203}]}, {"source": 0, "prod": 22.0, "target": 3, "value": 0.023272344375211813, "supply": [{"l": "Roots, Other", "v": 0.023272344375211813}]}, {"source": 8, "prod": 8.0, "target": 3, "value": 0.0032222633710908728, "supply": [{"l": "Bananas", "v": 0.00072194160859693883}, {"l": "Vegetables, Other", "v": 0.0010310341968002511}, {"l": "Fruits, Other", "v": 0.0014692875656936832}]}, {"source": 9, "prod": 4.0, "target": 3, "value": 0.0041350197348585232, "supply": [{"l": "Pelagic Fish", "v": 0.0020342574544143762}, {"l": "Fish, Seafood", "v": 0.0021007622804441474}]}, {"source": 6, "prod": 4.0, "target": 10, "value": 0.0051619402567968011, "supply": [{"l": "Coconuts - Incl Copra", "v": 0.0051619402567968011}]}, {"source": 6, "prod": 18.0, "target": 11, "value": 0.023228731155585606, "supply": [{"l": "Coconuts - Incl Copra", "v": 0.023228731155585606}]}, {"source": 0, "prod": 1.0, "target": 12, "value": 0.0010578338352369007, "supply": [{"l": "Roots, Other", "v": 0.0010578338352369007}]}, {"source": 6, "prod": 12.0, "target": 12, "value": 0.015485820770390402, "supply": [{"l": "Coconuts - Incl Copra", "v": 0.015485820770390402}]}, {"source": 13, "prod": 3.0, "target": 10, "value": 0.0055701246800277503, "supply": [{"l": "Beer", "v": 0.00051979795818979596}, {"l": "Sugar", "v": 0.0042294671469802203}, {"l": "Wine", "v": 0.00082085957485773494}]}, {"source": 13, "prod": 5.0, "target": 5, "value": 0.018853727055853836, "supply": [{"l": "Wheat", "v": 0.006101062903197404}, {"l": "Rice", "v": 0.012752664152656433}]}, {"source": 13, "prod": 4.0, "target": 1, "value": 0.0041350197348585232, "supply": [{"l": "Pelagic Fish", "v": 0.0020342574544143762}, {"l": "Fish, Seafood", "v": 0.0021007622804441474}]}, {"source": 13, "prod": 1.0, "target": 8, "value": 0.00048976252189789451, "supply": [{"l": "Fruits, Other", "v": 0.00048976252189789451}]}, {"source": 9, "prod": 4.0, "target": 14, "value": 0.0041350197348585232, "supply": [{"l": "Pelagic Fish", "v": 0.0020342574544143762}, {"l": "Fish, Seafood", "v": 0.0021007622804441474}]}, {"source": 6, "prod": 169.0, "target": 14, "value": 0.2180919758496648, "supply": [{"l": "Coconuts - Incl Copra", "v": 0.2180919758496648}]}, {"source": 15, "prod": 1.0, "target": 14, "value": 0.0045482321341607148, "supply": [{"l": "Cocoa Beans", "v": 0.0045482321341607148}]}, {"source": 1, "prod": 8.0, "target": 9, "value": 0.0082700394697170464, "supply": [{"l": "Pelagic Fish", "v": 0.0040685149088287523}, {"l": "Fish, Seafood", "v": 0.0042015245608882949}]}, {"source": 1, "prod": 4.0, "target": 4, "value": 0.010183334000133638, "supply": [{"l": "Milk - Excluding Butter", "v": 0.0012254304195666174}, {"l": "Bovine Meat", "v": 0.0048409693211974086}, {"l": "Pigmeat", "v": 0.0041169342593696126}]}, {"source": 10, "prod": 2.0, "target": 2, "value": 0.0013406575330475309, "supply": [{"l": "Beer", "v": 0.00051979795818979596}, {"l": "Wine", "v": 0.00082085957485773494}]}, {"source": 10, "prod": 1.0, "target": 7, "value": 0.0042294671469802203, "supply": [{"l": "Sugar", "v": 0.0042294671469802203}]}, {"source": 0, "prod": 13.0, "target": 16, "value": 0.045326666580000001, "supply": [{"l": "Roots, Other", "v": 0.045326666580000001}]}, {"source": 8, "prod": 7.5, "target": 16, "value": 0.021196270586985741, "supply": [{"l": "Vegetables, Other", "v": 0.013946666639999999}]}, {"source": 5, "prod": 5.0, "target": 16, "value": 0.018006542842804688, "supply": [{"l": "Wheat", "v": 0.0069733333200000004}, {"l": "Rice", "v": 0.010459999980000001}]}, {"source": 6, "prod": 210.0, "target": 16, "value": 0.26105929550275508, "supply": [{"l": "Coconuts - Incl Copra", "v": 0.73219999860000007}]}, {"source": 17, "prod": 0, "target": 10, "value": 9.0234550278820832e-05, "supply": "[{\"l\":'Electricity',\"v\":9.0234550278820832e-05}]"}, {"source": 18, "prod": 0, "target": 17, "value": 6.8844918867072078e-05, "supply": [{"l": "Coal", "v": 4.8032722901022211e-06}, {"l": "Natural gas", "v": 8.8002916089682369e-06}, {"l": "Oil", "v": 5.5241354968001616e-05}]}, {"source": 19, "prod": 0, "target": 17, "value": 6.3878776859616282e-05, "supply": [{"l": "Nuclear", "v": 0.0}, {"l": "Hydroelectric", "v": 6.3508788784853395e-05}, {"l": "Renewable", "v": 3.6998807476288504e-07}]}, {"source": 18, "prod": 0, "target": 0, "value": 0.00020549734631008208, "supply": [{"l": "Other fossil fuels", "v": 0.00020549734631008208}]}, {"source": 18, "prod": 0, "target": 8, "value": 5.9278080666369828e-05, "supply": [{"l": "Other fossil fuels", "v": 5.9278080666369828e-05}]}, {"source": 18, "prod": 0, "target": 6, "value": 0.0016597862586583553, "supply": [{"l": "Other fossil fuels", "v": 0.0016597862586583553}]}, {"source": 18, "prod": 0, "target": 15, "value": 7.9037440888493115e-06, "supply": [{"l": "Other fossil fuels", "v": 7.9037440888493115e-06}]}, {"source": 20, "prod": 0, "target": 5, "value": 0.00011698905549075385, "supply": "[{\"l\":'Labor',\"v\":0.00011698905549075385}]"}, {"source": 20, "prod": 0, "target": 6, "value": 0.0098270806612233245, "supply": "[{\"l\":'Labor',\"v\":0.0098270806612233245}]"}, {"source": 20, "prod": 0, "target": 0, "value": 0.0012166861771038401, "supply": "[{\"l\":'Labor',\"v\":0.0012166861771038401}]"}, {"source": 20, "prod": 0, "target": 8, "value": 0.00035096716647226153, "supply": "[{\"l\":'Labor',\"v\":0.00035096716647226153}]"}, {"source": 20, "prod": 0, "target": 15, "value": 4.6795622196301542e-05, "supply": "[{\"l\":'Labor',\"v\":4.6795622196301542e-05}]"}, {"source": 18, "prod": 0, "target": 13, "value": 0.00098378747827312387, "supply": "[{\"l\":'Fossil Fuels',\"v\":0.00098378747827312387}]"}, {"source": 19, "prod": 0, "target": 13, "value": 0.0057115731386738425, "supply": "[{\"l\":'Renewables & Nuclear',\"v\":7.0166972426226814e-05},{\"l\":'Biomass & Waste',\"v\":0.0056414061662476154}]"}]}