{"nodes": [{"layer": 5, "name": "Maize"}, {"layer": 10, "name": "Feed", "fill": "#dbdb8d"}, {"layer": 5, "name": "Roots, Other"}, {"layer": 5, "name": "Plantains"}, {"layer": 5, "name": "Rye"}, {"layer": 5, "name": "Fruits, Other"}, {"layer": 5, "name": "Yams"}, {"layer": 5, "name": "Barley"}, {"layer": 13, "name": "Sugar non-centrifugal"}, {"layer": 13, "name": "Butter, Ghee"}, {"layer": 5, "name": "Sunflower seed"}, {"layer": 13, "name": "Fats, Animals, Raw"}, {"layer": 5, "name": "Rice"}, {"layer": 5, "name": "Wheat"}, {"layer": 5, "name": "Vegetables, Other"}, {"layer": 5, "name": "Cottonseed"}, {"layer": 13, "name": "Marine Fish, Other"}, {"layer": 13, "name": "Demersal Fish"}, {"layer": 5, "name": "Oilcrops, Other"}, {"layer": 5, "name": "Oats"}, {"layer": 5, "name": "Soyabeans"}, {"layer": 5, "name": "Potatoes"}, {"layer": 13, "name": "Freshwater Fish"}, {"layer": 13, "name": "Milk - Excluding Butter"}, {"layer": 5, "name": "Pulses, Other"}, {"layer": 13, "name": "Fish, Seafood"}, {"layer": 5, "name": "Sugar beet"}, {"layer": 13, "name": "Meat, Other"}, {"layer": 5, "name": "Sorghum"}, {"layer": 5, "name": "Cereals, Other"}, {"layer": 5, "name": "Sugar cane"}, {"layer": 13, "name": "Pelagic Fish"}, {"layer": 5, "name": "Bananas"}, {"layer": 13, "name": "Fish, Body Oil"}, {"layer": 5, "name": "Millet"}, {"layer": 13, "name": "Offals, Edible"}, {"layer": 5, "name": "Sweet potatoes"}, {"layer": 5, "name": "Rape and Mustardseed"}, {"layer": 5, "name": "Cassava"}, {"layer": 13, "name": "Ricebran Oil"}, {"layer": 16, "name": "Food", "fill": "#b5cf6b"}, {"layer": 5, "name": "Nuts"}, {"layer": 13, "name": "Sugar", "fill": "#d6616b"}, {"layer": 13, "name": "Beverages, Alcoholic"}, {"layer": 13, "name": "Aquatic Products, Other"}, {"layer": 5, "name": "Cloves"}, {"layer": 5, "name": "Coconuts - Incl Copra"}, {"layer": 5, "name": "Treenuts"}, {"layer": 13, "name": "Eggs"}, {"layer": 5, "name": "Sesame seed"}, {"layer": 13, "name": "Pigmeat"}, {"layer": 5, "name": "Groundnuts"}, {"layer": 13, "name": "Rape and Mustard Oil"}, {"layer": 13, "name": "Wine"}, {"layer": 13, "name": "Sweeteners, Other"}, {"layer": 13, "name": "Honey"}, {"layer": 13, "name": "Oilcrops Oil, Other"}, {"layer": 13, "name": "Maize Germ Oil"}, {"layer": 13, "name": "Beer"}, {"layer": 13, "name": "Groundnut Oil"}, {"layer": 5, "name": "Coffee"}, {"layer": 5, "name": "Pimento"}, {"layer": 13, "name": "Palm Oil"}, {"layer": 5, "name": "Dates"}, {"layer": 5, "name": "Beans"}, {"layer": 13, "name": "Cephalopods"}, {"layer": 13, "name": "Mutton & Goat Meat"}, {"layer": 13, "name": "Sesameseed Oil"}, {"layer": 13, "name": "Beverages, Fermented"}, {"layer": 13, "name": "Bovine Meat"}, {"layer": 13, "name": "Molluscs, Other"}, {"layer": 13, "name": "Cottonseed Oil"}, {"layer": 5, "name": "Onions"}, {"layer": 5, "name": "Infant food"}, {"layer": 5, "name": "Tomatoes"}, {"layer": 5, "name": "Pepper"}, {"layer": 13, "name": "Crustaceans"}, {"layer": 5, "name": "Peas"}, {"layer": 5, "name": "Grapes"}, {"layer": 13, "name": "Sunflowerseed Oil"}, {"layer": 5, "name": "Pineapples"}, {"layer": 5, "name": "Tea"}, {"layer": 13, "name": "Aquatic Animals, Others"}, {"layer": 5, "name": "Grapefruit"}, {"layer": 13, "name": "Palmkernel Oil"}, {"layer": 13, "name": "Cream"}, {"layer": 5, "name": "Olives"}, {"layer": 5, "name": "Citrus, Other"}, {"layer": 13, "name": "Soyabean Oil"}, {"layer": 13, "name": "Olive Oil"}, {"layer": 5, "name": "Cocoa Beans"}, {"layer": 13, "name": "Coconut Oil"}, {"layer": 5, "name": "Apples"}, {"layer": 5, "name": "Lemons, Limes"}, {"layer": 5, "name": "Spices, Other"}, {"layer": 13, "name": "Poultry Meat"}, {"layer": 5, "name": "Oranges, Mandarines"}, {"layer": 10, "name": "Processing", "fill": "#9edae5"}, {"layer": 5, "name": "Palm kernels"}, {"layer": 16, "name": "Biofuels & Other", "fill": "#e7ba52"}, {"layer": 13, "name": "Alcohol, Non-Food"}, {"layer": 13, "name": "Fish, Liver Oil"}, {"layer": 13, "name": "Aquatic Plants"}, {"name": "Seed", "fill": "#dbdb8d"}, {"name": "Waste", "fill": "#c7c7c7"}, {"layer": 0, "name": "Import", "fill": "#aec7e8"}, {"layer": 16, "name": "Export", "fill": "#aec7e8"}, {"layer": 0, "name": "Stock Draw", "fill": "#c7c7c7"}, {"layer": 16, "name": "Stock Deposit", "fill": "#c7c7c7"}, {"layer": 0, "name": "Production", "fill": "#b5cf6b"}, {"layer": 5, "name": "Oil Palm"}], "links": [{"source": 0, "prod": 460.47220042182875, "target": 1, "value": 125601.0, "supply": [{"l": "Maize", "v": 125601.0}]}, {"source": 2, "prod": 0.020934328727095889, "target": 1, "value": 18.0, "supply": [{"l": "Roots, Other", "v": 18.0}]}, {"source": 3, "prod": 0.35655717668391446, "target": 1, "value": 368.0, "supply": [{"l": "Plantains", "v": 368.0}]}, {"source": 4, "prod": 1.7241298428572309, "target": 1, "value": 528.0, "supply": [{"l": "Rye", "v": 528.0}]}, {"source": 5, "prod": 0.016687888121632695, "target": 1, "value": 33.0, "supply": [{"l": "Fruits, Other", "v": 33.0}]}, {"source": 6, "prod": 0.070750277642500012, "target": 1, "value": 60.0, "supply": [{"l": "Yams", "v": 60.0}]}, {"source": 7, "prod": 38.85582051313758, "target": 1, "value": 11167.0, "supply": [{"l": "Barley", "v": 11167.0}]}, {"source": 8, "prod": 0.12599570720589892, "target": 1, "value": 31.0, "supply": [{"l": "Sugar non-centrifugal", "v": 31.0}]}, {"source": 9, "prod": 0.058621658618071448, "target": 1, "value": 7.0, "supply": [{"l": "Butter, Ghee", "v": 7.0}]}, {"source": 10, "prod": 0.17829069965910002, "target": 1, "value": 42.0, "supply": [{"l": "Sunflower seed", "v": 42.0}]}, {"source": 11, "prod": 2.3723315146151318, "target": 1, "value": 305.0, "supply": [{"l": "Fats, Animals, Raw", "v": 305.0}]}, {"source": 12, "prod": 0.45242940702967105, "target": 1, "value": 105.0, "supply": [{"l": "Rice", "v": 105.0}]}, {"source": 13, "prod": 18.627812537741729, "target": 1, "value": 6008.0, "supply": [{"l": "Wheat", "v": 6008.0}]}, {"source": 14, "prod": 0.036981973541094677, "target": 1, "value": 129.0, "supply": [{"l": "Vegetables, Other", "v": 129.0}]}, {"source": 15, "prod": 0.018776035220509617, "target": 1, "value": 5.0, "supply": [{"l": "Cottonseed", "v": 5.0}]}, {"source": 16, "prod": 0.15565061081349998, "target": 1, "value": 165.0, "supply": [{"l": "Marine Fish, Other", "v": 165.0}]}, {"source": 17, "prod": 0.079116931728833786, "target": 1, "value": 171.0, "supply": [{"l": "Demersal Fish", "v": 171.0}]}, {"source": 18, "prod": 0.265313541159375, "target": 1, "value": 50.0, "supply": [{"l": "Oilcrops, Other", "v": 50.0}]}, {"source": 19, "prod": 31.900894614163267, "target": 1, "value": 14748.0, "supply": [{"l": "Oats", "v": 14748.0}]}, {"source": 20, "prod": 0.97635383146650001, "target": 1, "value": 299.0, "supply": [{"l": "Soyabeans", "v": 299.0}]}, {"source": 21, "prod": 0.35606453144996614, "target": 1, "value": 480.0, "supply": [{"l": "Potatoes", "v": 480.0}]}, {"source": 22, "prod": 0.0169800666342, "target": 1, "value": 17.0, "supply": [{"l": "Freshwater Fish", "v": 17.0}]}, {"source": 23, "prod": 3.2630786428408083, "target": 1, "value": 5090.0, "supply": [{"l": "Milk - Excluding Butter", "v": 5090.0}]}, {"source": 24, "prod": 0.339601332684, "target": 1, "value": 89.0, "supply": [{"l": "Pulses, Other", "v": 89.0}]}, {"source": 25, "prod": 1.5187892347720617, "target": 1, "value": 2258.0, "supply": [{"l": "Fish, Seafood", "v": 2258.0}]}, {"source": 26, "prod": 0.010016331441522473, "target": 1, "value": 21.0, "supply": [{"l": "Sugar beet", "v": 21.0}]}, {"source": 27, "prod": 0.047348262729980772, "target": 1, "value": 29.0, "supply": [{"l": "Meat, Other", "v": 29.0}]}, {"source": 28, "prod": 100.71605237885487, "target": 1, "value": 24912.0, "supply": [{"l": "Sorghum", "v": 24912.0}]}, {"source": 29, "prod": 8.0655316512450028, "target": 1, "value": 1995.0, "supply": [{"l": "Cereals, Other", "v": 1995.0}]}, {"source": 30, "prod": 5.7145555714705107, "target": 1, "value": 11981.0, "supply": [{"l": "Sugar cane", "v": 11981.0}]}, {"source": 31, "prod": 2.1317549002144158, "target": 1, "value": 1902.0, "supply": [{"l": "Pelagic Fish", "v": 1902.0}]}, {"source": 32, "prod": 0.27946359668787502, "target": 1, "value": 395.0, "supply": [{"l": "Bananas", "v": 395.0}]}, {"source": 33, "prod": 0.38205149926949999, "target": 1, "value": 18.0, "supply": [{"l": "Fish, Body Oil", "v": 18.0}]}, {"source": 34, "prod": 0.76101413209557667, "target": 1, "value": 213.0, "supply": [{"l": "Millet", "v": 213.0}]}, {"source": 35, "prod": 0.75838145434704129, "target": 1, "value": 587.0, "supply": [{"l": "Offals, Edible", "v": 587.0}]}, {"source": 36, "prod": 0.81468192042810639, "target": 1, "value": 820.0, "supply": [{"l": "Sweet potatoes", "v": 820.0}]}, {"source": 37, "prod": 0.67969247498244811, "target": 1, "value": 181.0, "supply": [{"l": "Rape and Mustardseed", "v": 181.0}]}, {"source": 38, "prod": 15.247902214645705, "target": 1, "value": 14849.0, "supply": [{"l": "Cassava", "v": 14849.0}]}, {"source": 39, "prod": 0.0339601332684, "target": 40, "value": 4.0, "supply": [{"l": "Ricebran Oil", "v": 4.0}]}, {"source": 3, "prod": 3.696373991981341, "target": 40, "value": 3815.0, "supply": [{"l": "Plantains", "v": 3815.0}]}, {"source": 41, "prod": 2.0817294290905037, "target": 40, "value": 692.0, "supply": [{"l": "Nuts", "v": 692.0}]}, {"source": 42, "prod": 94.218435491082928, "target": 40, "value": 22608.0, "supply": [{"l": "Sugar", "v": 22608.0}]}, {"source": 43, "prod": 7.8526772614466163, "target": 40, "value": 2296.0, "supply": [{"l": "Beverages, Alcoholic", "v": 2296.0}]}, {"source": 44, "prod": 0.0073988846689515839, "target": 40, "value": 11.0, "supply": [{"l": "Aquatic Products, Other", "v": 11.0}]}, {"source": 45, "prod": 0.0060643095122142861, "target": 40, "value": 1.0, "supply": [{"l": "Cloves", "v": 1.0}]}, {"source": 11, "prod": 13.619516334724903, "target": 40, "value": 1751.0, "supply": [{"l": "Fats, Animals, Raw", "v": 1751.0}]}, {"source": 46, "prod": 1.3874085501422422, "target": 40, "value": 877.0, "supply": [{"l": "Coconuts - Incl Copra", "v": 877.0}]}, {"source": 47, "prod": 2.0817294290905037, "target": 40, "value": 692.0, "supply": [{"l": "Treenuts", "v": 692.0}]}, {"source": 48, "prod": 8.3105146105407162, "target": 40, "value": 5226.0, "supply": [{"l": "Eggs", "v": 5226.0}]}, {"source": 2, "prod": 0.46288126852134248, "target": 40, "value": 398.0, "supply": [{"l": "Roots, Other", "v": 398.0}]}, {"source": 49, "prod": 0.46695183244050015, "target": 40, "value": 77.0, "supply": [{"l": "Sesame seed", "v": 77.0}]}, {"source": 16, "prod": 0.46223514726433335, "target": 40, "value": 490.0, "supply": [{"l": "Marine Fish, Other", "v": 490.0}]}, {"source": 50, "prod": 17.781607038820308, "target": 40, "value": 8753.0, "supply": [{"l": "Pigmeat", "v": 8753.0}]}, {"source": 51, "prod": 5.7726818891746827, "target": 40, "value": 854.0, "supply": [{"l": "Groundnuts", "v": 854.0}]}, {"source": 52, "prod": 1.1627654325593482, "target": 40, "value": 126.0, "supply": [{"l": "Rape and Mustard Oil", "v": 126.0}]}, {"source": 24, "prod": 1.8391892399290786, "target": 40, "value": 482.0, "supply": [{"l": "Pulses, Other", "v": 482.0}]}, {"source": 28, "prod": 0.92581791886471454, "target": 40, "value": 229.0, "supply": [{"l": "Sorghum", "v": 229.0}]}, {"source": 53, "prod": 3.4632124322456184, "target": 40, "value": 4226.0, "supply": [{"l": "Wine", "v": 4226.0}]}, {"source": 54, "prod": 9.9269423805626111, "target": 40, "value": 2382.0, "supply": [{"l": "Sweeteners, Other", "v": 2382.0}]}, {"source": 55, "prod": 0.45963283820162076, "target": 40, "value": 157.0, "supply": [{"l": "Honey", "v": 157.0}]}, {"source": 17, "prod": 0.92303087016972751, "target": 40, "value": 1995.0, "supply": [{"l": "Demersal Fish", "v": 1995.0}]}, {"source": 56, "prod": 0.90560355382400004, "target": 40, "value": 80.0, "supply": [{"l": "Oilcrops Oil, Other", "v": 80.0}]}, {"source": 57, "prod": 2.523526924252915, "target": 40, "value": 254.0, "supply": [{"l": "Maize Germ Oil", "v": 254.0}]}, {"source": 58, "prod": 12.007865730647991, "target": 40, "value": 25257.0, "supply": [{"l": "Beer", "v": 25257.0}]}, {"source": 59, "prod": 1.6343314135417502, "target": 40, "value": 154.0, "supply": [{"l": "Groundnut Oil", "v": 154.0}]}, {"source": 8, "prod": 4.1578583377946652, "target": 40, "value": 1023.0, "supply": [{"l": "Sugar non-centrifugal", "v": 1023.0}]}, {"source": 60, "prod": 1.1543099485318229, "target": 40, "value": 2208.0, "supply": [{"l": "Coffee", "v": 2208.0}]}, {"source": 13, "prod": 96.512408234824321, "target": 40, "value": 31128.0, "supply": [{"l": "Wheat", "v": 31128.0}]}, {"source": 61, "prod": 0.2253124226461154, "target": 40, "value": 69.0, "supply": [{"l": "Pimento", "v": 69.0}]}, {"source": 62, "prod": 2.5444110053390512, "target": 40, "value": 267.0, "supply": [{"l": "Palm Oil", "v": 267.0}]}, {"source": 18, "prod": 0.058368979055062498, "target": 40, "value": 11.0, "supply": [{"l": "Oilcrops, Other", "v": 11.0}]}, {"source": 63, "prod": 0.22816964539706253, "target": 40, "value": 43.0, "supply": [{"l": "Dates", "v": 43.0}]}, {"source": 19, "prod": 1.8515843361624462, "target": 40, "value": 856.0, "supply": [{"l": "Oats", "v": 856.0}]}, {"source": 20, "prod": 0.2253124226461154, "target": 40, "value": 69.0, "supply": [{"l": "Soyabeans", "v": 69.0}]}, {"source": 22, "prod": 0.46245710891968239, "target": 40, "value": 463.0, "supply": [{"l": "Freshwater Fish", "v": 463.0}]}, {"source": 64, "prod": 16.170274299737649, "target": 40, "value": 4065.0, "supply": [{"l": "Beans", "v": 4065.0}]}, {"source": 65, "prod": 0.015108888860000001, "target": 40, "value": 13.0, "supply": [{"l": "Cephalopods", "v": 13.0}]}, {"source": 66, "prod": 1.6186283031381707, "target": 40, "value": 670.0, "supply": [{"l": "Mutton & Goat Meat", "v": 670.0}]}, {"source": 67, "prod": 0.70042774866075008, "target": 40, "value": 77.0, "supply": [{"l": "Sesameseed Oil", "v": 77.0}]}, {"source": 68, "prod": 0.23173615529461475, "target": 40, "value": 333.0, "supply": [{"l": "Beverages, Fermented", "v": 333.0}]}, {"source": 69, "prod": 25.857181595700951, "target": 40, "value": 17349.0, "supply": [{"l": "Bovine Meat", "v": 17349.0}]}, {"source": 70, "prod": 0.23144804202030578, "target": 40, "value": 856.0, "supply": [{"l": "Molluscs, Other", "v": 856.0}]}, {"source": 71, "prod": 8.0968707004020821, "target": 40, "value": 812.0, "supply": [{"l": "Cottonseed Oil", "v": 812.0}]}, {"source": 72, "prod": 1.1546110398699114, "target": 40, "value": 2758.0, "supply": [{"l": "Onions", "v": 2758.0}]}, {"source": 0, "prod": 52.634926325874765, "target": 40, "value": 14357.0, "supply": [{"l": "Maize", "v": 14357.0}]}, {"source": 14, "prod": 6.2338993383806498, "target": 40, "value": 21745.0, "supply": [{"l": "Vegetables, Other", "v": 21745.0}]}, {"source": 73, "prod": 0.23347591622024999, "target": 40, "value": 44.0, "supply": [{"l": "Infant food", "v": 44.0}]}, {"source": 7, "prod": 1.1447626890679918, "target": 40, "value": 329.0, "supply": [{"l": "Barley", "v": 329.0}]}, {"source": 9, "prod": 6.7163671730990426, "target": 40, "value": 802.0, "supply": [{"l": "Butter, Ghee", "v": 802.0}]}, {"source": 74, "prod": 2.0781898823773806, "target": 40, "value": 9764.0, "supply": [{"l": "Tomatoes", "v": 9764.0}]}, {"source": 10, "prod": 0.24196594953735001, "target": 40, "value": 57.0, "supply": [{"l": "Sunflower seed", "v": 57.0}]}, {"source": 29, "prod": 0.91773217284842867, "target": 40, "value": 227.0, "supply": [{"l": "Cereals, Other", "v": 227.0}]}, {"source": 75, "prod": 0.24257238048857147, "target": 40, "value": 40.0, "supply": [{"l": "Pepper", "v": 40.0}]}, {"source": 76, "prod": 0.46144303219658012, "target": 40, "value": 712.0, "supply": [{"l": "Crustaceans", "v": 712.0}]}, {"source": 77, "prod": 0.45280177691200002, "target": 40, "value": 128.0, "supply": [{"l": "Peas", "v": 128.0}]}, {"source": 78, "prod": 1.1535090859403345, "target": 40, "value": 1788.0, "supply": [{"l": "Grapes", "v": 1788.0}]}, {"source": 79, "prod": 4.1724045314958564, "target": 40, "value": 415.0, "supply": [{"l": "Sunflowerseed Oil", "v": 415.0}]}, {"source": 25, "prod": 4.1575005580717956, "target": 40, "value": 6181.0, "supply": [{"l": "Fish, Seafood", "v": 6181.0}]}, {"source": 30, "prod": 0.23037562315501689, "target": 40, "value": 483.0, "supply": [{"l": "Sugar cane", "v": 483.0}]}, {"source": 80, "prod": 0.69215573734726155, "target": 40, "value": 1799.0, "supply": [{"l": "Pineapples", "v": 1799.0}]}, {"source": 81, "prod": 0.22961681016702276, "target": 40, "value": 357.0, "supply": [{"l": "Tea", "v": 357.0}]}, {"source": 82, "prod": 0.0073988846689515839, "target": 40, "value": 11.0, "supply": [{"l": "Aquatic Animals, Others", "v": 11.0}]}, {"source": 35, "prod": 1.6162439512574931, "target": 40, "value": 1251.0, "supply": [{"l": "Offals, Edible", "v": 1251.0}]}, {"source": 83, "prod": 0.69229633168219151, "target": 40, "value": 2767.0, "supply": [{"l": "Grapefruit", "v": 2767.0}]}, {"source": 84, "prod": 1.1779921227476251, "target": 40, "value": 111.0, "supply": [{"l": "Palmkernel Oil", "v": 111.0}]}, {"source": 85, "prod": 0.23246519796821435, "target": 40, "value": 115.0, "supply": [{"l": "Cream", "v": 115.0}]}, {"source": 86, "prod": 0.23025999450922729, "target": 40, "value": 179.0, "supply": [{"l": "Olives", "v": 179.0}]}, {"source": 4, "prod": 0.46695183244049998, "target": 40, "value": 143.0, "supply": [{"l": "Rye", "v": 143.0}]}, {"source": 5, "prod": 4.1547784487070976, "target": 40, "value": 8216.0, "supply": [{"l": "Fruits, Other", "v": 8216.0}]}, {"source": 6, "prod": 0.46459348985241677, "target": 40, "value": 394.0, "supply": [{"l": "Yams", "v": 394.0}]}, {"source": 87, "prod": 0.099951110920000003, "target": 40, "value": 86.0, "supply": [{"l": "Citrus, Other", "v": 86.0}]}, {"source": 12, "prod": 31.16592286710106, "target": 40, "value": 7233.0, "supply": [{"l": "Rice", "v": 7233.0}]}, {"source": 88, "prod": 32.116673389555643, "target": 40, "value": 3293.0, "supply": [{"l": "Soyabean Oil", "v": 3293.0}]}, {"source": 89, "prod": 0.4754418657576, "target": 40, "value": 56.0, "supply": [{"l": "Olive Oil", "v": 56.0}]}, {"source": 90, "prod": 0.92413636991442483, "target": 40, "value": 615.0, "supply": [{"l": "Cocoa Beans", "v": 615.0}]}, {"source": 21, "prod": 14.316019567610201, "target": 40, "value": 19299.0, "supply": [{"l": "Potatoes", "v": 19299.0}]}, {"source": 91, "prod": 3.4405175337441536, "target": 40, "value": 335.0, "supply": [{"l": "Coconut Oil", "v": 335.0}]}, {"source": 23, "prod": 54.258779389806975, "target": 40, "value": 84637.0, "supply": [{"l": "Milk - Excluding Butter", "v": 84637.0}]}, {"source": 92, "prod": 2.0786580072698886, "target": 40, "value": 3629.0, "supply": [{"l": "Apples", "v": 3629.0}]}, {"source": 27, "prod": 0.69063155637178852, "target": 40, "value": 423.0, "supply": [{"l": "Meat, Other", "v": 423.0}]}, {"source": 93, "prod": 0.23105229079235814, "target": 40, "value": 1573.0, "supply": [{"l": "Lemons, Limes", "v": 1573.0}]}, {"source": 31, "prod": 1.8470725949281586, "target": 40, "value": 1648.0, "supply": [{"l": "Pelagic Fish", "v": 1648.0}]}, {"source": 32, "prod": 6.695098773309776, "target": 40, "value": 9463.0, "supply": [{"l": "Bananas", "v": 9463.0}]}, {"source": 94, "prod": 0.23650807097635718, "target": 40, "value": 39.0, "supply": [{"l": "Spices, Other", "v": 39.0}]}, {"source": 95, "prod": 11.312004618522446, "target": 40, "value": 6700.0, "supply": [{"l": "Poultry Meat", "v": 6700.0}]}, {"source": 36, "prod": 2.5404166713837419, "target": 40, "value": 2557.0, "supply": [{"l": "Sweet potatoes", "v": 2557.0}]}, {"source": 37, "prod": 0.27413011421944039, "target": 40, "value": 73.0, "supply": [{"l": "Rape and Mustardseed", "v": 73.0}]}, {"source": 96, "prod": 5.0793829613357309, "target": 40, "value": 16594.0, "supply": [{"l": "Oranges, Mandarines", "v": 16594.0}]}, {"source": 38, "prod": 12.239190955374918, "target": 40, "value": 11919.0, "supply": [{"l": "Cassava", "v": 11919.0}]}, {"source": 0, "prod": 29.857131712608762, "target": 97, "value": 8144.0, "supply": [{"l": "Maize", "v": 8144.0}]}, {"source": 86, "prod": 0.13506871186295455, "target": 97, "value": 105.0, "supply": [{"l": "Olives", "v": 105.0}]}, {"source": 4, "prod": 0.2710279866612692, "target": 97, "value": 83.0, "supply": [{"l": "Rye", "v": 83.0}]}, {"source": 42, "prod": 0.12502446323126715, "target": 97, "value": 30.0, "supply": [{"l": "Sugar", "v": 30.0}]}, {"source": 7, "prod": 14.314752896126803, "target": 97, "value": 4114.0, "supply": [{"l": "Barley", "v": 4114.0}]}, {"source": 8, "prod": 0.23166952615278191, "target": 97, "value": 57.0, "supply": [{"l": "Sugar non-centrifugal", "v": 57.0}]}, {"source": 10, "prod": 6.0873538883606999, "target": 97, "value": 1434.0, "supply": [{"l": "Sunflower seed", "v": 1434.0}]}, {"source": 11, "prod": 0.62225088907937876, "target": 97, "value": 80.0, "supply": [{"l": "Fats, Animals, Raw", "v": 80.0}]}, {"source": 12, "prod": 1.2495669337009963, "target": 97, "value": 290.0, "supply": [{"l": "Rice", "v": 290.0}]}, {"source": 46, "prod": 3.3791387264581862, "target": 97, "value": 2136.0, "supply": [{"l": "Coconuts - Incl Copra", "v": 2136.0}]}, {"source": 14, "prod": 0.0037268655506529518, "target": 97, "value": 13.0, "supply": [{"l": "Vegetables, Other", "v": 13.0}]}, {"source": 77, "prod": 0.014150055528500001, "target": 97, "value": 4.0, "supply": [{"l": "Peas", "v": 4.0}]}, {"source": 49, "prod": 0.97635383146650023, "target": 97, "value": 161.0, "supply": [{"l": "Sesame seed", "v": 161.0}]}, {"source": 15, "prod": 26.07991292128786, "target": 97, "value": 6945.0, "supply": [{"l": "Cottonseed", "v": 6945.0}]}, {"source": 78, "prod": 4.1456652048392559, "target": 97, "value": 6426.0, "supply": [{"l": "Grapes", "v": 6426.0}]}, {"source": 51, "prod": 4.5829956918740455, "target": 97, "value": 678.0, "supply": [{"l": "Groundnuts", "v": 678.0}]}, {"source": 18, "prod": 9.2488300448158132, "target": 97, "value": 1743.0, "supply": [{"l": "Oilcrops, Other", "v": 1743.0}]}, {"source": 53, "prod": 0.0663796041201834, "target": 97, "value": 81.0, "supply": [{"l": "Wine", "v": 81.0}]}, {"source": 20, "prod": 78.042998568726929, "target": 97, "value": 23900.0, "supply": [{"l": "Soyabeans", "v": 23900.0}]}, {"source": 92, "prod": 0.0017183725604325338, "target": 97, "value": 3.0, "supply": [{"l": "Apples", "v": 3.0}]}, {"source": 26, "prod": 11.637546230557467, "target": 97, "value": 24399.0, "supply": [{"l": "Sugar beet", "v": 24399.0}]}, {"source": 56, "prod": 0.022640088845599999, "target": 97, "value": 2.0, "supply": [{"l": "Oilcrops Oil, Other", "v": 2.0}]}, {"source": 28, "prod": 0.25874387252114289, "target": 97, "value": 64.0, "supply": [{"l": "Sorghum", "v": 64.0}]}, {"source": 30, "prod": 123.91203626307451, "target": 97, "value": 259791.0, "supply": [{"l": "Sugar cane", "v": 259791.0}]}, {"source": 95, "prod": 0.0050650766948607965, "target": 97, "value": 3.0, "supply": [{"l": "Poultry Meat", "v": 3.0}]}, {"source": 37, "prod": 1.7011087909781712, "target": 97, "value": 453.0, "supply": [{"l": "Rape and Mustardseed", "v": 453.0}]}, {"source": 98, "prod": 0.7773278581290981, "target": 97, "value": 207.0, "supply": [{"l": "Palm kernels", "v": 207.0}]}, {"source": 38, "prod": 0.0020537278220278412, "target": 97, "value": 2.0, "supply": [{"l": "Cassava", "v": 2.0}]}, {"source": 0, "prod": 13.165147345282181, "target": 99, "value": 3591.0, "supply": [{"l": "Maize", "v": 3591.0}]}, {"source": 14, "prod": 0.0025801376889135826, "target": 99, "value": 9.0, "supply": [{"l": "Vegetables, Other", "v": 9.0}]}, {"source": 100, "prod": 0.95167475177235372, "target": 99, "value": 1256.0, "supply": [{"l": "Alcohol, Non-Food", "v": 1256.0}]}, {"source": 4, "prod": 0.21225083292749999, "target": 99, "value": 65.0, "supply": [{"l": "Rye", "v": 65.0}]}, {"source": 5, "prod": 0.0045512422149907349, "target": 99, "value": 9.0, "supply": [{"l": "Fruits, Other", "v": 9.0}]}, {"source": 42, "prod": 0.72930936884905828, "target": 99, "value": 175.0, "supply": [{"l": "Sugar", "v": 175.0}]}, {"source": 57, "prod": 0.24837863427686174, "target": 99, "value": 25.0, "supply": [{"l": "Maize Germ Oil", "v": 25.0}]}, {"source": 58, "prod": 0.001901708948908895, "target": 99, "value": 4.0, "supply": [{"l": "Beer", "v": 4.0}]}, {"source": 59, "prod": 0.169800666342, "target": 99, "value": 16.0, "supply": [{"l": "Groundnut Oil", "v": 16.0}]}, {"source": 43, "prod": 0.030781400415078205, "target": 99, "value": 9.0, "supply": [{"l": "Beverages, Alcoholic", "v": 9.0}]}, {"source": 7, "prod": 0.29227983550672137, "target": 99, "value": 84.0, "supply": [{"l": "Barley", "v": 84.0}]}, {"source": 12, "prod": 0.67218083330122569, "target": 99, "value": 156.0, "supply": [{"l": "Rice", "v": 156.0}]}, {"source": 74, "prod": 0.00063852618262311991, "target": 99, "value": 3.0, "supply": [{"l": "Tomatoes", "v": 3.0}]}, {"source": 11, "prod": 20.184263214512352, "target": 99, "value": 2595.0, "supply": [{"l": "Fats, Animals, Raw", "v": 2595.0}]}, {"source": 13, "prod": 0.08681403978974174, "target": 99, "value": 28.0, "supply": [{"l": "Wheat", "v": 28.0}]}, {"source": 88, "prod": 2.2431931003941075, "target": 99, "value": 230.0, "supply": [{"l": "Soyabean Oil", "v": 230.0}]}, {"source": 46, "prod": 0.030057881930105591, "target": 99, "value": 19.0, "supply": [{"l": "Coconuts - Incl Copra", "v": 19.0}]}, {"source": 2, "prod": 0.0011630182626164384, "target": 99, "value": 1.0, "supply": [{"l": "Roots, Other", "v": 1.0}]}, {"source": 16, "prod": 0.0037733481409333329, "target": 99, "value": 4.0, "supply": [{"l": "Marine Fish, Other", "v": 4.0}]}, {"source": 62, "prod": 0.67660367557705103, "target": 99, "value": 71.0, "supply": [{"l": "Palm Oil", "v": 71.0}]}, {"source": 18, "prod": 0.42980793667818751, "target": 99, "value": 81.0, "supply": [{"l": "Oilcrops, Other", "v": 81.0}]}, {"source": 30, "prod": 5.9520857170837589, "target": 99, "value": 12479.0, "supply": [{"l": "Sugar cane", "v": 12479.0}]}, {"source": 79, "prod": 0.47253738067543422, "target": 99, "value": 47.0, "supply": [{"l": "Sunflowerseed Oil", "v": 47.0}]}, {"source": 89, "prod": 0.0084900333171, "target": 99, "value": 1.0, "supply": [{"l": "Olive Oil", "v": 1.0}]}, {"source": 50, "prod": 0.020314871516988811, "target": 99, "value": 10.0, "supply": [{"l": "Pigmeat", "v": 10.0}]}, {"source": 15, "prod": 0.80361430743781159, "target": 99, "value": 214.0, "supply": [{"l": "Cottonseed", "v": 214.0}]}, {"source": 21, "prod": 0.45101507316995715, "target": 99, "value": 608.0, "supply": [{"l": "Potatoes", "v": 608.0}]}, {"source": 91, "prod": 0.99620955454681459, "target": 99, "value": 97.0, "supply": [{"l": "Coconut Oil", "v": 97.0}]}, {"source": 52, "prod": 0.19379423875989132, "target": 99, "value": 21.0, "supply": [{"l": "Rape and Mustard Oil", "v": 21.0}]}, {"source": 23, "prod": 1.711673865694491, "target": 99, "value": 2670.0, "supply": [{"l": "Milk - Excluding Butter", "v": 2670.0}]}, {"source": 67, "prod": 0.0090964642683214296, "target": 99, "value": 1.0, "supply": [{"l": "Sesameseed Oil", "v": 1.0}]}, {"source": 101, "prod": 0.0077781361134922353, "target": 99, "value": 1.0, "supply": [{"l": "Fish, Liver Oil", "v": 1.0}]}, {"source": 25, "prod": 0.017488272853885566, "target": 99, "value": 26.0, "supply": [{"l": "Fish, Seafood", "v": 26.0}]}, {"source": 56, "prod": 4.9355393683408009, "target": 99, "value": 436.0, "supply": [{"l": "Oilcrops Oil, Other", "v": 436.0}]}, {"source": 93, "prod": 0.0017626366748304501, "target": 99, "value": 12.0, "supply": [{"l": "Lemons, Limes", "v": 12.0}]}, {"source": 53, "prod": 0.25322589719921818, "target": 99, "value": 309.0, "supply": [{"l": "Wine", "v": 309.0}]}, {"source": 54, "prod": 1.1960673649124558, "target": 99, "value": 287.0, "supply": [{"l": "Sweeteners, Other", "v": 287.0}]}, {"source": 31, "prod": 0.011207964775049506, "target": 99, "value": 10.0, "supply": [{"l": "Pelagic Fish", "v": 10.0}]}, {"source": 32, "prod": 0.0014150055528499999, "target": 99, "value": 2.0, "supply": [{"l": "Bananas", "v": 2.0}]}, {"source": 69, "prod": 0.0014904133722808779, "target": 99, "value": 1.0, "supply": [{"l": "Bovine Meat", "v": 1.0}]}, {"source": 70, "prod": 0.0029742154932515929, "target": 99, "value": 11.0, "supply": [{"l": "Molluscs, Other", "v": 11.0}]}, {"source": 33, "prod": 3.1413123273270003, "target": 99, "value": 148.0, "supply": [{"l": "Fish, Body Oil", "v": 148.0}]}, {"source": 82, "prod": 0.0053810070319647886, "target": 99, "value": 8.0, "supply": [{"l": "Aquatic Animals, Others", "v": 8.0}]}, {"source": 95, "prod": 0.084417944914346593, "target": 99, "value": 50.0, "supply": [{"l": "Poultry Meat", "v": 50.0}]}, {"source": 35, "prod": 0.42247144049656304, "target": 99, "value": 327.0, "supply": [{"l": "Offals, Edible", "v": 327.0}]}, {"source": 102, "prod": 0.11098327003427377, "target": 99, "value": 165.0, "supply": [{"l": "Aquatic Plants", "v": 165.0}]}, {"source": 96, "prod": 0.00091829268916519173, "target": 99, "value": 3.0, "supply": [{"l": "Oranges, Mandarines", "v": 3.0}]}, {"source": 71, "prod": 0.84757882947558727, "target": 99, "value": 85.0, "supply": [{"l": "Cottonseed Oil", "v": 85.0}]}, {"source": 84, "prod": 0.66859012372162507, "target": 99, "value": 63.0, "supply": [{"l": "Palmkernel Oil", "v": 63.0}]}, {"source": 98, "prod": 0.20653638742560576, "target": 99, "value": 55.0, "supply": [{"l": "Palm kernels", "v": 55.0}]}, {"source": 38, "prod": 2.2293215508112216, "target": 99, "value": 2171.0, "supply": [{"l": "Cassava", "v": 2171.0}]}, {"source": 44, "prod": 0.11569165118724296, "target": 99, "value": 172.0, "supply": [{"l": "Aquatic Products, Other", "v": 172.0}]}, {"source": 0, "prod": 4.8136559354930384, "target": 103, "value": 1313.0, "supply": [{"l": "Maize", "v": 1313.0}]}, {"source": 2, "prod": 0.058150913130821921, "target": 103, "value": 50.0, "supply": [{"l": "Roots, Other", "v": 50.0}]}, {"source": 4, "prod": 0.99921161347407694, "target": 103, "value": 306.0, "supply": [{"l": "Rye", "v": 306.0}]}, {"source": 6, "prod": 0.016508398116583337, "target": 103, "value": 14.0, "supply": [{"l": "Yams", "v": 14.0}]}, {"source": 7, "prod": 3.0271840106053283, "target": 103, "value": 870.0, "supply": [{"l": "Barley", "v": 870.0}]}, {"source": 12, "prod": 1.9949982424260737, "target": 103, "value": 463.0, "supply": [{"l": "Rice", "v": 463.0}]}, {"source": 10, "prod": 0.0594302332197, "target": 103, "value": 14.0, "supply": [{"l": "Sunflower seed", "v": 14.0}]}, {"source": 29, "prod": 0.40024442780614294, "target": 103, "value": 99.0, "supply": [{"l": "Cereals, Other", "v": 99.0}]}, {"source": 13, "prod": 12.256282117458898, "target": 103, "value": 3953.0, "supply": [{"l": "Wheat", "v": 3953.0}]}, {"source": 76, "prod": 0.00064809414634351141, "target": 76, "value": 1.0, "supply": [{"l": "Crustaceans", "v": 1.0}]}, {"source": 48, "prod": 0.61859743274021017, "target": 48, "value": 389.0, "supply": [{"l": "Eggs", "v": 389.0}]}, {"source": 14, "prod": 0.005446957343262007, "target": 103, "value": 19.0, "supply": [{"l": "Vegetables, Other", "v": 19.0}]}, {"source": 77, "prod": 0.10258790258162501, "target": 103, "value": 29.0, "supply": [{"l": "Peas", "v": 29.0}]}, {"source": 49, "prod": 0.024257238048857144, "target": 103, "value": 4.0, "supply": [{"l": "Sesame seed", "v": 4.0}]}, {"source": 15, "prod": 1.4269786767587309, "target": 103, "value": 380.0, "supply": [{"l": "Cottonseed", "v": 380.0}]}, {"source": 51, "prod": 0.66919848598160836, "target": 103, "value": 99.0, "supply": [{"l": "Groundnuts", "v": 99.0}]}, {"source": 17, "prod": 0.00046267211537329698, "target": 17, "value": 1.0, "supply": [{"l": "Demersal Fish", "v": 1.0}]}, {"source": 18, "prod": 0.47756437408687502, "target": 103, "value": 90.0, "supply": [{"l": "Oilcrops, Other", "v": 90.0}]}, {"source": 19, "prod": 2.2604037748712105, "target": 103, "value": 1045.0, "supply": [{"l": "Oats", "v": 1045.0}]}, {"source": 20, "prod": 6.2565014752167691, "target": 103, "value": 1916.0, "supply": [{"l": "Soyabeans", "v": 1916.0}]}, {"source": 21, "prod": 1.9709655417970005, "target": 103, "value": 2657.0, "supply": [{"l": "Potatoes", "v": 2657.0}]}, {"source": 22, "prod": 0.0039953097962823533, "target": 22, "value": 4.0, "supply": [{"l": "Freshwater Fish", "v": 4.0}]}, {"source": 64, "prod": 1.2371353769294982, "target": 103, "value": 311.0, "supply": [{"l": "Beans", "v": 311.0}]}, {"source": 24, "prod": 0.16407704837541573, "target": 103, "value": 43.0, "supply": [{"l": "Pulses, Other", "v": 43.0}]}, {"source": 25, "prod": 0.056500573835630279, "target": 25, "value": 84.0, "supply": [{"l": "Fish, Seafood", "v": 84.0}]}, {"source": 28, "prod": 0.66303117333542871, "target": 103, "value": 164.0, "supply": [{"l": "Sorghum", "v": 164.0}]}, {"source": 65, "prod": 0.0058111111000000003, "target": 65, "value": 5.0, "supply": [{"l": "Cephalopods", "v": 5.0}]}, {"source": 30, "prod": 0.67252511107365165, "target": 103, "value": 1410.0, "supply": [{"l": "Sugar cane", "v": 1410.0}]}, {"source": 31, "prod": 0.079576549902851498, "target": 31, "value": 71.0, "supply": [{"l": "Pelagic Fish", "v": 71.0}]}, {"source": 70, "prod": 0.00027038322665923572, "target": 70, "value": 1.0, "supply": [{"l": "Molluscs, Other", "v": 1.0}]}, {"source": 34, "prod": 0.014291345203672801, "target": 103, "value": 4.0, "supply": [{"l": "Millet", "v": 4.0}]}, {"source": 36, "prod": 0.1927418201988447, "target": 103, "value": 194.0, "supply": [{"l": "Sweet potatoes", "v": 194.0}]}, {"source": 37, "prod": 0.052572898617426936, "target": 103, "value": 14.0, "supply": [{"l": "Rape and Mustardseed", "v": 14.0}]}, {"source": 0, "prod": 10.584177216883781, "target": 104, "value": 2887.0, "supply": [{"l": "Maize", "v": 2887.0}]}, {"source": 86, "prod": 0.0090045807908636366, "target": 104, "value": 7.0, "supply": [{"l": "Olives", "v": 7.0}]}, {"source": 2, "prod": 0.068618077494369864, "target": 104, "value": 59.0, "supply": [{"l": "Roots, Other", "v": 59.0}]}, {"source": 3, "prod": 0.44085194399777472, "target": 104, "value": 455.0, "supply": [{"l": "Plantains", "v": 455.0}]}, {"source": 4, "prod": 0.0424501665855, "target": 104, "value": 13.0, "supply": [{"l": "Rye", "v": 13.0}]}, {"source": 41, "prod": 0.2406623617445669, "target": 104, "value": 80.0, "supply": [{"l": "Nuts", "v": 80.0}]}, {"source": 63, "prod": 0.015918812469562501, "target": 104, "value": 3.0, "supply": [{"l": "Dates", "v": 3.0}]}, {"source": 6, "prod": 0.071929448936541684, "target": 104, "value": 61.0, "supply": [{"l": "Yams", "v": 61.0}]}, {"source": 42, "prod": 0.55427512032528437, "target": 104, "value": 133.0, "supply": [{"l": "Sugar", "v": 133.0}]}, {"source": 56, "prod": 0.022640088845599999, "target": 104, "value": 2.0, "supply": [{"l": "Oilcrops Oil, Other", "v": 2.0}]}, {"source": 57, "prod": 0.11922174445289363, "target": 104, "value": 12.0, "supply": [{"l": "Maize Germ Oil", "v": 12.0}]}, {"source": 59, "prod": 0.010612541646375, "target": 104, "value": 1.0, "supply": [{"l": "Groundnut Oil", "v": 1.0}]}, {"source": 7, "prod": 0.26096413884528691, "target": 104, "value": 75.0, "supply": [{"l": "Barley", "v": 75.0}]}, {"source": 12, "prod": 3.1583881462166561, "target": 104, "value": 733.0, "supply": [{"l": "Rice", "v": 733.0}]}, {"source": 9, "prod": 0.016749045319448982, "target": 104, "value": 2.0, "supply": [{"l": "Butter, Ghee", "v": 2.0}]}, {"source": 74, "prod": 0.14473260139457383, "target": 104, "value": 680.0, "supply": [{"l": "Tomatoes", "v": 680.0}]}, {"source": 10, "prod": 0.02122508329275, "target": 104, "value": 5.0, "supply": [{"l": "Sunflower seed", "v": 5.0}]}, {"source": 11, "prod": 0.24890035563175153, "target": 104, "value": 32.0, "supply": [{"l": "Fats, Animals, Raw", "v": 32.0}]}, {"source": 60, "prod": 0.019343056202752465, "target": 104, "value": 37.0, "supply": [{"l": "Coffee", "v": 37.0}]}, {"source": 8, "prod": 0.044708154169835111, "target": 104, "value": 11.0, "supply": [{"l": "Sugar non-centrifugal", "v": 11.0}]}, {"source": 13, "prod": 3.1191044295885786, "target": 104, "value": 1006.0, "supply": [{"l": "Wheat", "v": 1006.0}]}, {"source": 88, "prod": 2.0676388577545688, "target": 104, "value": 212.0, "supply": [{"l": "Soyabean Oil", "v": 212.0}]}, {"source": 46, "prod": 0.15819937857950311, "target": 104, "value": 100.0, "supply": [{"l": "Coconuts - Incl Copra", "v": 100.0}]}, {"source": 47, "prod": 0.2406623617445669, "target": 104, "value": 80.0, "supply": [{"l": "Treenuts", "v": 80.0}]}, {"source": 48, "prod": 0.33394720019394375, "target": 104, "value": 210.0, "supply": [{"l": "Eggs", "v": 210.0}]}, {"source": 14, "prod": 0.51316071812836794, "target": 104, "value": 1790.0, "supply": [{"l": "Vegetables, Other", "v": 1790.0}]}, {"source": 77, "prod": 0.014150055528500001, "target": 104, "value": 4.0, "supply": [{"l": "Peas", "v": 4.0}]}, {"source": 49, "prod": 0.018192928536642859, "target": 104, "value": 3.0, "supply": [{"l": "Sesame seed", "v": 3.0}]}, {"source": 20, "prod": 4.5780871963746925, "target": 104, "value": 1402.0, "supply": [{"l": "Soyabeans", "v": 1402.0}]}, {"source": 36, "prod": 0.355678204284466, "target": 104, "value": 358.0, "supply": [{"l": "Sweet potatoes", "v": 358.0}]}, {"source": 78, "prod": 0.14064036953858661, "target": 104, "value": 218.0, "supply": [{"l": "Grapes", "v": 218.0}]}, {"source": 51, "prod": 0.16222993599554145, "target": 104, "value": 24.0, "supply": [{"l": "Groundnuts", "v": 24.0}]}, {"source": 62, "prod": 0.16200369696915307, "target": 104, "value": 17.0, "supply": [{"l": "Palm Oil", "v": 17.0}]}, {"source": 18, "prod": 0.99757891475925009, "target": 104, "value": 188.0, "supply": [{"l": "Oilcrops, Other", "v": 188.0}]}, {"source": 30, "prod": 2.7497214647798591, "target": 104, "value": 5765.0, "supply": [{"l": "Sugar cane", "v": 5765.0}]}, {"source": 79, "prod": 0.030161960468644743, "target": 104, "value": 3.0, "supply": [{"l": "Sunflowerseed Oil", "v": 3.0}]}, {"source": 19, "prod": 0.049750513705299371, "target": 104, "value": 23.0, "supply": [{"l": "Oats", "v": 23.0}]}, {"source": 50, "prod": 0.12188922910193288, "target": 104, "value": 60.0, "supply": [{"l": "Pigmeat", "v": 60.0}]}, {"source": 90, "prod": 0.027047893753592924, "target": 104, "value": 18.0, "supply": [{"l": "Cocoa Beans", "v": 18.0}]}, {"source": 15, "prod": 0.01126562113230577, "target": 104, "value": 3.0, "supply": [{"l": "Cottonseed", "v": 3.0}]}, {"source": 21, "prod": 1.5147578608767309, "target": 104, "value": 2042.0, "supply": [{"l": "Potatoes", "v": 2042.0}]}, {"source": 91, "prod": 0.051351007966330658, "target": 104, "value": 5.0, "supply": [{"l": "Coconut Oil", "v": 5.0}]}, {"source": 75, "prod": 0.0060643095122142861, "target": 104, "value": 1.0, "supply": [{"l": "Pepper", "v": 1.0}]}, {"source": 23, "prod": 0.70518398961196249, "target": 104, "value": 1100.0, "supply": [{"l": "Milk - Excluding Butter", "v": 1100.0}]}, {"source": 64, "prod": 0.57679945226616469, "target": 104, "value": 145.0, "supply": [{"l": "Beans", "v": 145.0}]}, {"source": 92, "prod": 0.13918817739503525, "target": 104, "value": 243.0, "supply": [{"l": "Apples", "v": 243.0}]}, {"source": 27, "prod": 0.011428891003788461, "target": 104, "value": 7.0, "supply": [{"l": "Meat, Other", "v": 7.0}]}, {"source": 93, "prod": 0.022032958435380626, "target": 104, "value": 150.0, "supply": [{"l": "Lemons, Limes", "v": 150.0}]}, {"source": 28, "prod": 1.0268897440682858, "target": 104, "value": 254.0, "supply": [{"l": "Sorghum", "v": 254.0}]}, {"source": 29, "prod": 0.012128619024428572, "target": 104, "value": 3.0, "supply": [{"l": "Cereals, Other", "v": 3.0}]}, {"source": 53, "prod": 0.041794565557152517, "target": 104, "value": 51.0, "supply": [{"l": "Wine", "v": 51.0}]}, {"source": 80, "prod": 0.090030262667737185, "target": 104, "value": 234.0, "supply": [{"l": "Pineapples", "v": 234.0}]}, {"source": 32, "prod": 1.7164017356070502, "target": 104, "value": 2426.0, "supply": [{"l": "Bananas", "v": 2426.0}]}, {"source": 87, "prod": 0.015108888860000001, "target": 104, "value": 13.0, "supply": [{"l": "Citrus, Other", "v": 13.0}]}, {"source": 81, "prod": 0.0045022903954318183, "target": 104, "value": 7.0, "supply": [{"l": "Tea", "v": 7.0}]}, {"source": 5, "prod": 0.51580745103228332, "target": 104, "value": 1020.0, "supply": [{"l": "Fruits, Other", "v": 1020.0}]}, {"source": 34, "prod": 0.053592544513773002, "target": 104, "value": 15.0, "supply": [{"l": "Millet", "v": 15.0}]}, {"source": 95, "prod": 0.0050650766948607965, "target": 104, "value": 3.0, "supply": [{"l": "Poultry Meat", "v": 3.0}]}, {"source": 35, "prod": 0.010335692733860868, "target": 104, "value": 8.0, "supply": [{"l": "Offals, Edible", "v": 8.0}]}, {"source": 83, "prod": 0.040531986170045185, "target": 104, "value": 162.0, "supply": [{"l": "Grapefruit", "v": 162.0}]}, {"source": 37, "prod": 0.2253124226461154, "target": 104, "value": 60.0, "supply": [{"l": "Rape and Mustardseed", "v": 60.0}]}, {"source": 96, "prod": 0.37741829524689385, "target": 104, "value": 1233.0, "supply": [{"l": "Oranges, Mandarines", "v": 1233.0}]}, {"source": 69, "prod": 0.0804823221031674, "target": 104, "value": 54.0, "supply": [{"l": "Bovine Meat", "v": 54.0}]}, {"source": 71, "prod": 0.14957273461333895, "target": 104, "value": 15.0, "supply": [{"l": "Cottonseed Oil", "v": 15.0}]}, {"source": 84, "prod": 0.010612541646375, "target": 104, "value": 1.0, "supply": [{"l": "Palmkernel Oil", "v": 1.0}]}, {"source": 98, "prod": 0.026286449308713468, "target": 104, "value": 7.0, "supply": [{"l": "Palm kernels", "v": 7.0}]}, {"source": 38, "prod": 3.1884124436982235, "target": 104, "value": 3105.0, "supply": [{"l": "Cassava", "v": 3105.0}]}, {"source": 72, "prod": 0.093356875232411249, "target": 104, "value": 223.0, "supply": [{"l": "Onions", "v": 223.0}]}, {"source": 24, "prod": 0.10302512339851684, "target": 104, "value": 27.0, "supply": [{"l": "Pulses, Other", "v": 27.0}]}, {"source": 105, "prod": 0.244088457866625, "target": 73, "value": 46.0, "supply": [{"l": "Infant food", "v": 46.0}]}, {"source": 105, "prod": 0.0079481162968595767, "target": 36, "value": 8.0, "supply": [{"l": "Sweet potatoes", "v": 8.0}]}, {"source": 105, "prod": 0.24257238048857147, "target": 94, "value": 40.0, "supply": [{"l": "Spices, Other", "v": 40.0}]}, {"source": 105, "prod": 0.17495617403873484, "target": 74, "value": 822.0, "supply": [{"l": "Tomatoes", "v": 822.0}]}, {"source": 105, "prod": 0.20126532655872842, "target": 38, "value": 196.0, "supply": [{"l": "Cassava", "v": 196.0}]}, {"source": 105, "prod": 0.0055816828036297584, "target": 93, "value": 38.0, "supply": [{"l": "Lemons, Limes", "v": 38.0}]}, {"source": 105, "prod": 1.0889971868941655, "target": 47, "value": 362.0, "supply": [{"l": "Treenuts", "v": 362.0}]}, {"source": 105, "prod": 0.029388576866884616, "target": 4, "value": 9.0, "supply": [{"l": "Rye", "v": 9.0}]}, {"source": 105, "prod": 0.11684933410941233, "target": 92, "value": 204.0, "supply": [{"l": "Apples", "v": 204.0}]}, {"source": 105, "prod": 0.081684411459977291, "target": 81, "value": 127.0, "supply": [{"l": "Tea", "v": 127.0}]}, {"source": 105, "prod": 0.38186037795921018, "target": 14, "value": 1332.0, "supply": [{"l": "Vegetables, Other", "v": 1332.0}]}, {"source": 105, "prod": 2.0079247969126355, "target": 12, "value": 466.0, "supply": [{"l": "Rice", "v": 466.0}]}, {"source": 105, "prod": 26.143427982396517, "target": 13, "value": 8432.0, "supply": [{"l": "Wheat", "v": 8432.0}]}, {"source": 105, "prod": 0.00047696816388202246, "target": 26, "value": 1.0, "supply": [{"l": "Sugar beet", "v": 1.0}]}, {"source": 105, "prod": 2.7766584373138521, "target": 7, "value": 798.0, "supply": [{"l": "Barley", "v": 798.0}]}, {"source": 105, "prod": 0.18799359487864289, "target": 75, "value": 31.0, "supply": [{"l": "Pepper", "v": 31.0}]}, {"source": 105, "prod": 0.17238603994543911, "target": 83, "value": 689.0, "supply": [{"l": "Grapefruit", "v": 689.0}]}, {"source": 105, "prod": 0.825477993085031, "target": 60, "value": 1579.0, "supply": [{"l": "Coffee", "v": 1579.0}]}, {"source": 105, "prod": 0.0084900333171, "target": 10, "value": 2.0, "supply": [{"l": "Sunflower seed", "v": 2.0}]}, {"source": 105, "prod": 0.0107185089027546, "target": 34, "value": 3.0, "supply": [{"l": "Millet", "v": 3.0}]}, {"source": 105, "prod": 0.14326931222606251, "target": 63, "value": 27.0, "supply": [{"l": "Dates", "v": 27.0}]}, {"source": 105, "prod": 0.12477776238768183, "target": 86, "value": 97.0, "supply": [{"l": "Olives", "v": 97.0}]}, {"source": 105, "prod": 0.0060643095122142861, "target": 45, "value": 1.0, "supply": [{"l": "Cloves", "v": 1.0}]}, {"source": 105, "prod": 0.5498307291074287, "target": 29, "value": 136.0, "supply": [{"l": "Cereals, Other", "v": 136.0}]}, {"source": 105, "prod": 11.274251080637587, "target": 1, "value": 14488.0, "supply": [{"l": "Crustaceans", "v": 265.0}, {"l": "Eggs", "v": 20.0}, {"l": "Aquatic Products, Other", "v": 3.0}, {"l": "Marine Fish, Other", "v": 24.0}, {"l": "Pigmeat", "v": 303.0}, {"l": "Fish, Seafood", "v": 2608.0}, {"l": "Aquatic Animals, Others", "v": 3.0}, {"l": "Offals, Edible", "v": 27.0}, {"l": "Demersal Fish", "v": 1020.0}, {"l": "Freshwater Fish", "v": 55.0}, {"l": "Milk - Excluding Butter", "v": 7617.0}, {"l": "Meat, Other", "v": 66.0}, {"l": "Cephalopods", "v": 2.0}, {"l": "Mutton & Goat Meat", "v": 50.0}, {"l": "Pelagic Fish", "v": 1054.0}, {"l": "Bovine Meat", "v": 1145.0}, {"l": "Molluscs, Other", "v": 191.0}, {"l": "Poultry Meat", "v": 35.0}]}, {"source": 105, "prod": 0.055511756304115381, "target": 61, "value": 17.0, "supply": [{"l": "Pimento", "v": 17.0}]}, {"source": 105, "prod": 1.0889971868941655, "target": 41, "value": 362.0, "supply": [{"l": "Nuts", "v": 362.0}]}, {"source": 105, "prod": 0.16626315245987502, "target": 77, "value": 47.0, "supply": [{"l": "Peas", "v": 47.0}]}, {"source": 105, "prod": 0.68450893619118758, "target": 18, "value": 129.0, "supply": [{"l": "Oilcrops, Other", "v": 129.0}]}, {"source": 105, "prod": 0.77687561503375235, "target": 90, "value": 517.0, "supply": [{"l": "Cocoa Beans", "v": 517.0}]}, {"source": 105, "prod": 0.30548536792895381, "target": 96, "value": 998.0, "supply": [{"l": "Oranges, Mandarines", "v": 998.0}]}, {"source": 105, "prod": 1.8192928536642858, "target": 28, "value": 450.0, "supply": [{"l": "Sorghum", "v": 450.0}]}, {"source": 105, "prod": 0.44613232398773889, "target": 51, "value": 66.0, "supply": [{"l": "Groundnuts", "v": 66.0}]}, {"source": 105, "prod": 0.22155721560201347, "target": 37, "value": 59.0, "supply": [{"l": "Rape and Mustardseed", "v": 59.0}]}, {"source": 105, "prod": 0.41911762556089771, "target": 21, "value": 565.0, "supply": [{"l": "Potatoes", "v": 565.0}]}, {"source": 105, "prod": 0.085402702006331363, "target": 72, "value": 204.0, "supply": [{"l": "Onions", "v": 204.0}]}, {"source": 105, "prod": 1.6803190940093751, "target": 32, "value": 2375.0, "supply": [{"l": "Bananas", "v": 2375.0}]}, {"source": 105, "prod": 0.0011622222200000001, "target": 87, "value": 1.0, "supply": [{"l": "Citrus, Other", "v": 1.0}]}, {"source": 105, "prod": 0.20257374328034955, "target": 78, "value": 314.0, "supply": [{"l": "Grapes", "v": 314.0}]}, {"source": 105, "prod": 0.10514579723485387, "target": 15, "value": 28.0, "supply": [{"l": "Cottonseed", "v": 28.0}]}, {"source": 105, "prod": 44.971941003963117, "target": 97, "value": 8925.0, "supply": [{"l": "Sugar", "v": 6197.0}, {"l": "Beverages, Alcoholic", "v": 404.0}, {"l": "Butter, Ghee", "v": 100.0}, {"l": "Fats, Animals, Raw", "v": 424.0}, {"l": "Sunflowerseed Oil", "v": 69.0}, {"l": "Rape and Mustard Oil", "v": 7.0}, {"l": "Sesameseed Oil", "v": 3.0}, {"l": "Wine", "v": 294.0}, {"l": "Sweeteners, Other", "v": 59.0}, {"l": "Fish, Body Oil", "v": 28.0}, {"l": "Honey", "v": 6.0}, {"l": "Palmkernel Oil", "v": 56.0}, {"l": "Cream", "v": 1.0}, {"l": "Oilcrops Oil, Other", "v": 166.0}, {"l": "Maize Germ Oil", "v": 7.0}, {"l": "Beer", "v": 171.0}, {"l": "Groundnut Oil", "v": 41.0}, {"l": "Soyabean Oil", "v": 175.0}, {"l": "Palm Oil", "v": 253.0}, {"l": "Coconut Oil", "v": 317.0}, {"l": "Olive Oil", "v": 46.0}, {"l": "Beverages, Fermented", "v": 9.0}, {"l": "Cottonseed Oil", "v": 90.0}, {"l": "Fish, Liver Oil", "v": 2.0}]}, {"source": 105, "prod": 1.358405330736, "target": 20, "value": 416.0, "supply": [{"l": "Soyabeans", "v": 416.0}]}, {"source": 105, "prod": 0.039725120228370908, "target": 3, "value": 41.0, "supply": [{"l": "Plantains", "v": 41.0}]}, {"source": 105, "prod": 0.35005759861670682, "target": 64, "value": 88.0, "supply": [{"l": "Beans", "v": 88.0}]}, {"source": 105, "prod": 12.068968270862973, "target": 0, "value": 3292.0, "supply": [{"l": "Maize", "v": 3292.0}]}, {"source": 105, "prod": 0.28571687238552945, "target": 5, "value": 565.0, "supply": [{"l": "Fruits, Other", "v": 565.0}]}, {"source": 105, "prod": 0.023260365252328771, "target": 2, "value": 20.0, "supply": [{"l": "Roots, Other", "v": 20.0}]}, {"source": 105, "prod": 0.14554342829314287, "target": 49, "value": 24.0, "supply": [{"l": "Sesame seed", "v": 24.0}]}, {"source": 105, "prod": 0.099264135761864075, "target": 80, "value": 258.0, "supply": [{"l": "Pineapples", "v": 258.0}]}, {"source": 105, "prod": 1.7117172762302235, "target": 46, "value": 1082.0, "supply": [{"l": "Coconuts - Incl Copra", "v": 1082.0}]}, {"source": 105, "prod": 0.39367797801584714, "target": 19, "value": 182.0, "supply": [{"l": "Oats", "v": 182.0}]}, {"source": 105, "prod": 0.55709881541420225, "target": 24, "value": 146.0, "supply": [{"l": "Pulses, Other", "v": 146.0}]}, {"source": 3, "prod": 0.068792281371081329, "target": 106, "value": 71.0, "supply": [{"l": "Plantains", "v": 71.0}]}, {"source": 41, "prod": 0.44522536922744882, "target": 106, "value": 148.0, "supply": [{"l": "Nuts", "v": 148.0}]}, {"source": 42, "prod": 50.013952774614573, "target": 106, "value": 12001.0, "supply": [{"l": "Sugar", "v": 12001.0}]}, {"source": 43, "prod": 0.82083734440208544, "target": 106, "value": 240.0, "supply": [{"l": "Beverages, Alcoholic", "v": 240.0}]}, {"source": 44, "prod": 0.065244710262573072, "target": 106, "value": 97.0, "supply": [{"l": "Aquatic Products, Other", "v": 97.0}]}, {"source": 11, "prod": 12.359458284339162, "target": 106, "value": 1589.0, "supply": [{"l": "Fats, Animals, Raw", "v": 1589.0}]}, {"source": 46, "prod": 0.049041807359645959, "target": 106, "value": 31.0, "supply": [{"l": "Coconuts - Incl Copra", "v": 31.0}]}, {"source": 47, "prod": 0.44823364874925586, "target": 106, "value": 149.0, "supply": [{"l": "Treenuts", "v": 149.0}]}, {"source": 48, "prod": 0.0413458438335359, "target": 106, "value": 26.0, "supply": [{"l": "Eggs", "v": 26.0}]}, {"source": 2, "prod": 0.045357712242041097, "target": 106, "value": 39.0, "supply": [{"l": "Roots, Other", "v": 39.0}]}, {"source": 49, "prod": 0.21831514243971434, "target": 106, "value": 36.0, "supply": [{"l": "Sesame seed", "v": 36.0}]}, {"source": 16, "prod": 0.0028300111056999999, "target": 106, "value": 3.0, "supply": [{"l": "Marine Fish, Other", "v": 3.0}]}, {"source": 50, "prod": 0.30675455990653105, "target": 106, "value": 151.0, "supply": [{"l": "Pigmeat", "v": 151.0}]}, {"source": 51, "prod": 1.6087801986224526, "target": 106, "value": 238.0, "supply": [{"l": "Groundnuts", "v": 238.0}]}, {"source": 52, "prod": 0.32299039793315226, "target": 106, "value": 35.0, "supply": [{"l": "Rape and Mustard Oil", "v": 35.0}]}, {"source": 24, "prod": 0.36249580455033709, "target": 106, "value": 95.0, "supply": [{"l": "Pulses, Other", "v": 95.0}]}, {"source": 28, "prod": 31.279708464001292, "target": 106, "value": 7737.0, "supply": [{"l": "Sorghum", "v": 7737.0}]}, {"source": 53, "prod": 0.013112020566949809, "target": 106, "value": 16.0, "supply": [{"l": "Wine", "v": 16.0}]}, {"source": 54, "prod": 0.29589122964733222, "target": 106, "value": 71.0, "supply": [{"l": "Sweeteners, Other", "v": 71.0}]}, {"source": 33, "prod": 2.78048591135025, "target": 106, "value": 131.0, "supply": [{"l": "Fish, Body Oil", "v": 131.0}]}, {"source": 55, "prod": 0.20785943638417245, "target": 106, "value": 71.0, "supply": [{"l": "Honey", "v": 71.0}]}, {"source": 17, "prod": 0.29564748172353678, "target": 106, "value": 639.0, "supply": [{"l": "Demersal Fish", "v": 639.0}]}, {"source": 100, "prod": 0.024246490491015384, "target": 106, "value": 32.0, "supply": [{"l": "Alcohol, Non-Food", "v": 32.0}]}, {"source": 56, "prod": 5.3996611896756006, "target": 106, "value": 477.0, "supply": [{"l": "Oilcrops Oil, Other", "v": 477.0}]}, {"source": 57, "prod": 0.11922174445289363, "target": 106, "value": 12.0, "supply": [{"l": "Maize Germ Oil", "v": 12.0}]}, {"source": 58, "prod": 0.020443371200770621, "target": 106, "value": 43.0, "supply": [{"l": "Beer", "v": 43.0}]}, {"source": 59, "prod": 1.8253571631765002, "target": 106, "value": 172.0, "supply": [{"l": "Groundnut Oil", "v": 172.0}]}, {"source": 12, "prod": 7.803330058387945, "target": 106, "value": 1811.0, "supply": [{"l": "Rice", "v": 1811.0}]}, {"source": 60, "prod": 1.2803012065011024, "target": 106, "value": 2449.0, "supply": [{"l": "Coffee", "v": 2449.0}]}, {"source": 13, "prod": 169.95398539552477, "target": 106, "value": 54815.0, "supply": [{"l": "Wheat", "v": 54815.0}]}, {"source": 61, "prod": 0.019592384577923075, "target": 106, "value": 6.0, "supply": [{"l": "Pimento", "v": 6.0}]}, {"source": 62, "prod": 0.38118516933918373, "target": 106, "value": 40.0, "supply": [{"l": "Palm Oil", "v": 40.0}]}, {"source": 18, "prod": 3.8894965133964376, "target": 106, "value": 733.0, "supply": [{"l": "Oilcrops, Other", "v": 733.0}]}, {"source": 63, "prod": 0.026531354115937499, "target": 106, "value": 5.0, "supply": [{"l": "Dates", "v": 5.0}]}, {"source": 19, "prod": 2.3728831971614524, "target": 106, "value": 1097.0, "supply": [{"l": "Oats", "v": 1097.0}]}, {"source": 20, "prod": 49.291174200624809, "target": 106, "value": 15095.0, "supply": [{"l": "Soyabeans", "v": 15095.0}]}, {"source": 22, "prod": 0.15082294480965883, "target": 106, "value": 151.0, "supply": [{"l": "Freshwater Fish", "v": 151.0}]}, {"source": 64, "prod": 1.3723849036677711, "target": 106, "value": 345.0, "supply": [{"l": "Beans", "v": 345.0}]}, {"source": 65, "prod": 0.0069733333200000004, "target": 106, "value": 6.0, "supply": [{"l": "Cephalopods", "v": 6.0}]}, {"source": 66, "prod": 0.067644167892341456, "target": 106, "value": 28.0, "supply": [{"l": "Mutton & Goat Meat", "v": 28.0}]}, {"source": 68, "prod": 0.0013918087405081967, "target": 106, "value": 2.0, "supply": [{"l": "Beverages, Fermented", "v": 2.0}]}, {"source": 69, "prod": 1.6633013234654599, "target": 106, "value": 1116.0, "supply": [{"l": "Bovine Meat", "v": 1116.0}]}, {"source": 70, "prod": 0.027308705892582802, "target": 106, "value": 101.0, "supply": [{"l": "Molluscs, Other", "v": 101.0}]}, {"source": 102, "prod": 0.065244710262573072, "target": 106, "value": 97.0, "supply": [{"l": "Aquatic Plants", "v": 97.0}]}, {"source": 71, "prod": 2.732195285603658, "target": 106, "value": 274.0, "supply": [{"l": "Cottonseed Oil", "v": 274.0}]}, {"source": 98, "prod": 0.022531242264611541, "target": 106, "value": 6.0, "supply": [{"l": "Palm kernels", "v": 6.0}]}, {"source": 72, "prod": 0.072843481123047352, "target": 106, "value": 174.0, "supply": [{"l": "Onions", "v": 174.0}]}, {"source": 0, "prod": 137.75194830176349, "target": 106, "value": 37574.0, "supply": [{"l": "Maize", "v": 37574.0}]}, {"source": 14, "prod": 0.35290549945029104, "target": 106, "value": 1231.0, "supply": [{"l": "Vegetables, Other", "v": 1231.0}]}, {"source": 73, "prod": 1.2469736434490626, "target": 106, "value": 235.0, "supply": [{"l": "Infant food", "v": 235.0}]}, {"source": 7, "prod": 19.676696068934632, "target": 106, "value": 5655.0, "supply": [{"l": "Barley", "v": 5655.0}]}, {"source": 9, "prod": 0.083745226597244912, "target": 106, "value": 10.0, "supply": [{"l": "Butter, Ghee", "v": 10.0}]}, {"source": 74, "prod": 0.13174923568123706, "target": 106, "value": 619.0, "supply": [{"l": "Tomatoes", "v": 619.0}]}, {"source": 10, "prod": 0.87447343166130009, "target": 106, "value": 206.0, "supply": [{"l": "Sunflower seed", "v": 206.0}]}, {"source": 29, "prod": 0.5498307291074287, "target": 106, "value": 136.0, "supply": [{"l": "Cereals, Other", "v": 136.0}]}, {"source": 75, "prod": 0.097028952195428578, "target": 106, "value": 16.0, "supply": [{"l": "Pepper", "v": 16.0}]}, {"source": 76, "prod": 0.13156311170773283, "target": 106, "value": 203.0, "supply": [{"l": "Crustaceans", "v": 203.0}]}, {"source": 77, "prod": 0.52708956843662502, "target": 106, "value": 149.0, "supply": [{"l": "Peas", "v": 149.0}]}, {"source": 78, "prod": 0.1761230315781383, "target": 106, "value": 273.0, "supply": [{"l": "Grapes", "v": 273.0}]}, {"source": 79, "prod": 0.8746968535906976, "target": 106, "value": 87.0, "supply": [{"l": "Sunflowerseed Oil", "v": 87.0}]}, {"source": 15, "prod": 0.18024993811689233, "target": 106, "value": 48.0, "supply": [{"l": "Cottonseed", "v": 48.0}]}, {"source": 25, "prod": 2.2062128831055632, "target": 106, "value": 3280.0, "supply": [{"l": "Fish, Seafood", "v": 3280.0}]}, {"source": 30, "prod": 0.018601758391398878, "target": 106, "value": 39.0, "supply": [{"l": "Sugar cane", "v": 39.0}]}, {"source": 80, "prod": 0.056557472701527195, "target": 106, "value": 147.0, "supply": [{"l": "Pineapples", "v": 147.0}]}, {"source": 81, "prod": 0.032159217110227276, "target": 106, "value": 50.0, "supply": [{"l": "Tea", "v": 50.0}]}, {"source": 35, "prod": 0.25839231834652177, "target": 106, "value": 200.0, "supply": [{"l": "Offals, Edible", "v": 200.0}]}, {"source": 83, "prod": 0.15487221876085167, "target": 106, "value": 619.0, "supply": [{"l": "Grapefruit", "v": 619.0}]}, {"source": 84, "prod": 0.084900333171, "target": 106, "value": 8.0, "supply": [{"l": "Palmkernel Oil", "v": 8.0}]}, {"source": 86, "prod": 0.020581898950545456, "target": 106, "value": 16.0, "supply": [{"l": "Olives", "v": 16.0}]}, {"source": 4, "prod": 3.7225530698053841, "target": 106, "value": 1140.0, "supply": [{"l": "Rye", "v": 1140.0}]}, {"source": 5, "prod": 0.31504709999324754, "target": 106, "value": 623.0, "supply": [{"l": "Fruits, Other", "v": 623.0}]}, {"source": 6, "prod": 0.0070750277642500003, "target": 106, "value": 6.0, "supply": [{"l": "Yams", "v": 6.0}]}, {"source": 87, "prod": 0.025568888840000002, "target": 106, "value": 22.0, "supply": [{"l": "Citrus, Other", "v": 22.0}]}, {"source": 88, "prod": 5.9298321958244227, "target": 106, "value": 608.0, "supply": [{"l": "Soyabean Oil", "v": 608.0}]}, {"source": 89, "prod": 0.11037043312230001, "target": 106, "value": 13.0, "supply": [{"l": "Olive Oil", "v": 13.0}]}, {"source": 90, "prod": 0.42074501394477887, "target": 106, "value": 280.0, "supply": [{"l": "Cocoa Beans", "v": 280.0}]}, {"source": 21, "prod": 0.28262622183841069, "target": 106, "value": 381.0, "supply": [{"l": "Potatoes", "v": 381.0}]}, {"source": 91, "prod": 0.21567423345858874, "target": 106, "value": 21.0, "supply": [{"l": "Coconut Oil", "v": 21.0}]}, {"source": 23, "prod": 1.410367979223925, "target": 106, "value": 2200.0, "supply": [{"l": "Milk - Excluding Butter", "v": 2200.0}]}, {"source": 92, "prod": 0.13746980483460272, "target": 106, "value": 240.0, "supply": [{"l": "Apples", "v": 240.0}]}, {"source": 27, "prod": 0.30204926224298079, "target": 106, "value": 185.0, "supply": [{"l": "Meat, Other", "v": 185.0}]}, {"source": 93, "prod": 0.03202123292608651, "target": 106, "value": 218.0, "supply": [{"l": "Lemons, Limes", "v": 218.0}]}, {"source": 31, "prod": 2.4388531350507723, "target": 106, "value": 2176.0, "supply": [{"l": "Pelagic Fish", "v": 2176.0}]}, {"source": 32, "prod": 3.6761844263043004, "target": 106, "value": 5196.0, "supply": [{"l": "Bananas", "v": 5196.0}]}, {"source": 94, "prod": 0.066707404634357148, "target": 106, "value": 11.0, "supply": [{"l": "Spices, Other", "v": 11.0}]}, {"source": 34, "prod": 0.42159468350834767, "target": 106, "value": 118.0, "supply": [{"l": "Millet", "v": 118.0}]}, {"source": 95, "prod": 0.13338035296466763, "target": 106, "value": 79.0, "supply": [{"l": "Poultry Meat", "v": 79.0}]}, {"source": 36, "prod": 0.0049675726855372346, "target": 106, "value": 5.0, "supply": [{"l": "Sweet potatoes", "v": 5.0}]}, {"source": 37, "prod": 4.7503369107889331, "target": 106, "value": 1265.0, "supply": [{"l": "Rape and Mustardseed", "v": 1265.0}]}, {"source": 96, "prod": 0.77565122478153203, "target": 106, "value": 2534.0, "supply": [{"l": "Oranges, Mandarines", "v": 2534.0}]}, {"source": 38, "prod": 0.10474011892341989, "target": 106, "value": 102.0, "supply": [{"l": "Cassava", "v": 102.0}]}, {"source": 107, "prod": 4.6960158806176056, "target": 19, "value": 2171.0, "supply": [{"l": "Oats", "v": 2171.0}]}, {"source": 107, "prod": 1.3414252641018001, "target": 10, "value": 316.0, "supply": [{"l": "Sunflower seed", "v": 316.0}]}, {"source": 86, "prod": 0.007718212106454546, "target": 108, "value": 6.0, "supply": [{"l": "Olives", "v": 6.0}]}, {"source": 107, "prod": 0.36176742952174884, "target": 60, "value": 692.0, "supply": [{"l": "Coffee", "v": 692.0}]}, {"source": 89, "prod": 0.0424501665855, "target": 108, "value": 5.0, "supply": [{"l": "Olive Oil", "v": 5.0}]}, {"source": 107, "prod": 0.0023260365252328768, "target": 2, "value": 2.0, "supply": [{"l": "Roots, Other", "v": 2.0}]}, {"source": 51, "prod": 0.97337961597324862, "target": 108, "value": 144.0, "supply": [{"l": "Groundnuts", "v": 144.0}]}, {"source": 55, "prod": 0.032203574651068968, "target": 108, "value": 11.0, "supply": [{"l": "Honey", "v": 11.0}]}, {"source": 17, "prod": 0.00092534423074659396, "target": 108, "value": 2.0, "supply": [{"l": "Demersal Fish", "v": 2.0}]}, {"source": 14, "prod": 0.00028668196543484242, "target": 108, "value": 1.0, "supply": [{"l": "Vegetables, Other", "v": 1.0}]}, {"source": 53, "prod": 0.40073612857740348, "target": 108, "value": 489.0, "supply": [{"l": "Wine", "v": 489.0}]}, {"source": 107, "prod": 0.0037552070441019231, "target": 98, "value": 1.0, "supply": [{"l": "Palm kernels", "v": 1.0}]}, {"source": 69, "prod": 0.056635708146673354, "target": 108, "value": 38.0, "supply": [{"l": "Bovine Meat", "v": 38.0}]}, {"source": 107, "prod": 0.14870741586473291, "target": 46, "value": 94.0, "supply": [{"l": "Coconuts - Incl Copra", "v": 94.0}]}, {"source": 107, "prod": 0.11520719791512249, "target": 1, "value": 150.0, "supply": [{"l": "Mutton & Goat Meat", "v": 1.0}, {"l": "Eggs", "v": 16.0}, {"l": "Milk - Excluding Butter", "v": 129.0}, {"l": "Cephalopods", "v": 4.0}]}, {"source": 107, "prod": 1.8093513626606557, "target": 7, "value": 520.0, "supply": [{"l": "Barley", "v": 520.0}]}, {"source": 25, "prod": 0.0053810070319647886, "target": 108, "value": 8.0, "supply": [{"l": "Fish, Seafood", "v": 8.0}]}, {"source": 107, "prod": 42.448964955762648, "target": 13, "value": 13691.0, "supply": [{"l": "Wheat", "v": 13691.0}]}, {"source": 24, "prod": 0.015262981244224719, "target": 108, "value": 4.0, "supply": [{"l": "Pulses, Other", "v": 4.0}]}, {"source": 95, "prod": 0.097924816100642062, "target": 108, "value": 58.0, "supply": [{"l": "Poultry Meat", "v": 58.0}]}, {"source": 62, "prod": 0.076237033867836743, "target": 108, "value": 8.0, "supply": [{"l": "Palm Oil", "v": 8.0}]}, {"source": 20, "prod": 20.735273678301922, "target": 108, "value": 6350.0, "supply": [{"l": "Soyabeans", "v": 6350.0}]}, {"source": 43, "prod": 0.034201556016753558, "target": 108, "value": 10.0, "supply": [{"l": "Beverages, Alcoholic", "v": 10.0}]}, {"source": 12, "prod": 1.6416724197933781, "target": 108, "value": 381.0, "supply": [{"l": "Rice", "v": 381.0}]}, {"source": 28, "prod": 0.85304620471814285, "target": 108, "value": 211.0, "supply": [{"l": "Sorghum", "v": 211.0}]}, {"source": 56, "prod": 0.169800666342, "target": 108, "value": 15.0, "supply": [{"l": "Oilcrops Oil, Other", "v": 15.0}]}, {"source": 107, "prod": 19.951192384579677, "target": 0, "value": 5442.0, "supply": [{"l": "Maize", "v": 5442.0}]}, {"source": 32, "prod": 0.00070750277642499997, "target": 108, "value": 1.0, "supply": [{"l": "Bananas", "v": 1.0}]}, {"source": 15, "prod": 0.89373927649625773, "target": 108, "value": 238.0, "supply": [{"l": "Cottonseed", "v": 238.0}]}, {"source": 107, "prod": 0.48217071967182917, "target": 21, "value": 650.0, "supply": [{"l": "Potatoes", "v": 650.0}]}, {"source": 50, "prod": 0.07922799891625637, "target": 108, "value": 39.0, "supply": [{"l": "Pigmeat", "v": 39.0}]}, {"source": 76, "prod": 0.0051847531707480913, "target": 108, "value": 8.0, "supply": [{"l": "Crustaceans", "v": 8.0}]}, {"source": 107, "prod": 0.0022911634139100453, "target": 92, "value": 4.0, "supply": [{"l": "Apples", "v": 4.0}]}, {"source": 54, "prod": 0.075014677938760294, "target": 108, "value": 18.0, "supply": [{"l": "Sweeteners, Other", "v": 18.0}]}, {"source": 107, "prod": 2.253124226461154, "target": 37, "value": 600.0, "supply": [{"l": "Rape and Mustardseed", "v": 600.0}]}, {"source": 58, "prod": 0.0047542723722722377, "target": 108, "value": 10.0, "supply": [{"l": "Beer", "v": 10.0}]}, {"source": 80, "prod": 0.0069254048205951678, "target": 108, "value": 18.0, "supply": [{"l": "Pineapples", "v": 18.0}]}, {"source": 30, "prod": 0.00047696816388202246, "target": 108, "value": 1.0, "supply": [{"l": "Sugar cane", "v": 1.0}]}, {"source": 5, "prod": 0.00101138715888683, "target": 108, "value": 2.0, "supply": [{"l": "Fruits, Other", "v": 2.0}]}, {"source": 107, "prod": 4.6634158815951086, "target": 97, "value": 613.0, "supply": [{"l": "Sugar", "v": 383.0}, {"l": "Groundnut Oil", "v": 10.0}, {"l": "Fats, Animals, Raw", "v": 60.0}, {"l": "Soyabean Oil", "v": 53.0}, {"l": "Butter, Ghee", "v": 14.0}, {"l": "Coconut Oil", "v": 2.0}, {"l": "Rape and Mustard Oil", "v": 4.0}, {"l": "Fish, Body Oil", "v": 83.0}, {"l": "Cottonseed Oil", "v": 2.0}, {"l": "Palmkernel Oil", "v": 2.0}]}, {"source": 81, "prod": 0.001286368684409091, "target": 108, "value": 2.0, "supply": [{"l": "Tea", "v": 2.0}]}, {"source": 31, "prod": 0.0011207964775049506, "target": 108, "value": 1.0, "supply": [{"l": "Pelagic Fish", "v": 1.0}]}, {"source": 27, "prod": 0.0032653974296538461, "target": 108, "value": 2.0, "supply": [{"l": "Meat, Other", "v": 2.0}]}, {"source": 107, "prod": 0.012128619024428572, "target": 29, "value": 3.0, "supply": [{"l": "Cereals, Other", "v": 3.0}]}, {"source": 77, "prod": 0.017687569410625003, "target": 108, "value": 5.0, "supply": [{"l": "Peas", "v": 5.0}]}, {"source": 79, "prod": 0.020107973645763159, "target": 108, "value": 2.0, "supply": [{"l": "Sunflowerseed Oil", "v": 2.0}]}, {"source": 49, "prod": 0.27895823756185717, "target": 108, "value": 46.0, "supply": [{"l": "Sesame seed", "v": 46.0}]}, {"source": 22, "prod": 0.0019976548981411766, "target": 108, "value": 2.0, "supply": [{"l": "Freshwater Fish", "v": 2.0}]}, {"source": 107, "prod": 0.64736504042887499, "target": 18, "value": 122.0, "supply": [{"l": "Oilcrops, Other", "v": 122.0}]}, {"source": 107, "prod": 2.0833235601191538, "target": 4, "value": 638.0, "supply": [{"l": "Rye", "v": 638.0}]}, {"source": 107, "prod": 0.35403552587371495, "target": 64, "value": 89.0, "supply": [{"l": "Beans", "v": 89.0}]}, {"source": 109, "prod": 4.5218813684343182, "target": 3, "value": 4667.0, "supply": [{"l": "Plantains", "v": 4667.0}]}, {"source": 109, "prod": 1.6786199731683544, "target": 41, "value": 558.0, "supply": [{"l": "Nuts", "v": 558.0}]}, {"source": 109, "prod": 3.1386756710173414, "target": 46, "value": 1984.0, "supply": [{"l": "Coconuts - Incl Copra", "v": 1984.0}]}, {"source": 109, "prod": 1.6816282526901614, "target": 47, "value": 559.0, "supply": [{"l": "Treenuts", "v": 559.0}]}, {"source": 109, "prod": 0.62221477049979457, "target": 2, "value": 535.0, "supply": [{"l": "Roots, Other", "v": 535.0}]}, {"source": 109, "prod": 1.8253571631765004, "target": 49, "value": 301.0, "supply": [{"l": "Sesame seed", "v": 301.0}]}, {"source": 109, "prod": 13.32313349363384, "target": 51, "value": 1971.0, "supply": [{"l": "Groundnuts", "v": 1971.0}]}, {"source": 109, "prod": 2.2703684600784269, "target": 24, "value": 595.0, "supply": [{"l": "Pulses, Other", "v": 595.0}]}, {"source": 109, "prod": 133.90399690269959, "target": 28, "value": 33121.0, "supply": [{"l": "Sorghum", "v": 33121.0}]}, {"source": 109, "prod": 0.71531449666764924, "target": 83, "value": 2859.0, "supply": [{"l": "Grapefruit", "v": 2859.0}]}, {"source": 109, "prod": 1.2672315739316751, "target": 60, "value": 2424.0, "supply": [{"l": "Coffee", "v": 2424.0}]}, {"source": 109, "prod": 231.96091331534782, "target": 13, "value": 74814.0, "supply": [{"l": "Wheat", "v": 74814.0}]}, {"source": 109, "prod": 0.18939305091992309, "target": 61, "value": 58.0, "supply": [{"l": "Pimento", "v": 58.0}]}, {"source": 109, "prod": 13.101182662449936, "target": 18, "value": 2469.0, "supply": [{"l": "Oilcrops, Other", "v": 2469.0}]}, {"source": 109, "prod": 0.12735049975650001, "target": 63, "value": 24.0, "supply": [{"l": "Dates", "v": 24.0}]}, {"source": 109, "prod": 33.347985643243497, "target": 19, "value": 15417.0, "supply": [{"l": "Oats", "v": 15417.0}]}, {"source": 109, "prod": 158.74403064519208, "target": 20, "value": 48614.0, "supply": [{"l": "Soyabeans", "v": 48614.0}]}, {"source": 109, "prod": 18.652500908110664, "target": 64, "value": 4689.0, "supply": [{"l": "Beans", "v": 4689.0}]}, {"source": 109, "prod": 11.647085593835106, "target": 26, "value": 24419.0, "supply": [{"l": "Sugar beet", "v": 24419.0}]}, {"source": 109, "prod": 1.0326819371280289, "target": 98, "value": 275.0, "supply": [{"l": "Palm kernels", "v": 275.0}]}, {"source": 109, "prod": 1.2354086942190385, "target": 72, "value": 2951.0, "supply": [{"l": "Onions", "v": 2951.0}]}, {"source": 109, "prod": 677.00606220250313, "target": 0, "value": 184664.0, "supply": [{"l": "Maize", "v": 184664.0}]}, {"source": 109, "prod": 6.7645476564005422, "target": 14, "value": 23596.0, "supply": [{"l": "Vegetables, Other", "v": 23596.0}]}, {"source": 109, "prod": 72.989929874101108, "target": 7, "value": 20977.0, "supply": [{"l": "Barley", "v": 20977.0}]}, {"source": 109, "prod": 2.1803540715970802, "target": 74, "value": 10244.0, "supply": [{"l": "Tomatoes", "v": 10244.0}]}, {"source": 109, "prod": 6.1128239883119999, "target": 10, "value": 1440.0, "supply": [{"l": "Sunflower seed", "v": 1440.0}]}, {"source": 109, "prod": 9.3754225058832859, "target": 29, "value": 2319.0, "supply": [{"l": "Cereals, Other", "v": 2319.0}]}, {"source": 109, "prod": 0.15767204731757145, "target": 75, "value": 26.0, "supply": [{"l": "Pepper", "v": 26.0}]}, {"source": 109, "prod": 0.89852852605974998, "target": 77, "value": 254.0, "supply": [{"l": "Peas", "v": 254.0}]}, {"source": 109, "prod": 5.4146542272355846, "target": 78, "value": 8393.0, "supply": [{"l": "Grapes", "v": 8393.0}]}, {"source": 109, "prod": 29.313146186259615, "target": 15, "value": 7806.0, "supply": [{"l": "Cottonseed", "v": 7806.0}]}, {"source": 109, "prod": 139.24990150902872, "target": 30, "value": 291948.0, "supply": [{"l": "Sugar cane", "v": 291948.0}]}, {"source": 109, "prod": 0.74640474177525684, "target": 80, "value": 1940.0, "supply": [{"l": "Pineapples", "v": 1940.0}]}, {"source": 109, "prod": 0.18588027489711365, "target": 81, "value": 289.0, "supply": [{"l": "Tea", "v": 289.0}]}, {"source": 109, "prod": 0.28943295399204549, "target": 86, "value": 225.0, "supply": [{"l": "Olives", "v": 225.0}]}, {"source": 109, "prod": 5.3258632077654227, "target": 4, "value": 1631.0, "supply": [{"l": "Rye", "v": 1631.0}]}, {"source": 109, "prod": 4.7166040154687314, "target": 5, "value": 9327.0, "supply": [{"l": "Fruits, Other", "v": 9327.0}]}, {"source": 109, "prod": 0.62967747101825011, "target": 6, "value": 534.0, "supply": [{"l": "Yams", "v": 534.0}]}, {"source": 109, "prod": 0.13830444418000001, "target": 87, "value": 119.0, "supply": [{"l": "Citrus, Other", "v": 119.0}]}, {"source": 109, "prod": 46.117637556557803, "target": 12, "value": 10703.0, "supply": [{"l": "Rice", "v": 10703.0}]}, {"source": 109, "prod": 0.59505366257904424, "target": 90, "value": 396.0, "supply": [{"l": "Cocoa Beans", "v": 396.0}]}, {"source": 109, "prod": 17.990160451509542, "target": 21, "value": 24252.0, "supply": [{"l": "Potatoes", "v": 24252.0}]}, {"source": 109, "prod": 2.2384666553901145, "target": 92, "value": 3908.0, "supply": [{"l": "Apples", "v": 3908.0}]}, {"source": 109, "prod": 0.28128743602502598, "target": 93, "value": 1915.0, "supply": [{"l": "Lemons, Limes", "v": 1915.0}]}, {"source": 109, "prod": 10.688244443452474, "target": 32, "value": 15107.0, "supply": [{"l": "Bananas", "v": 15107.0}]}, {"source": 109, "prod": 0.048514476097714289, "target": 94, "value": 8.0, "supply": [{"l": "Spices, Other", "v": 8.0}]}, {"source": 109, "prod": 1.2397741964186155, "target": 34, "value": 347.0, "supply": [{"l": "Millet", "v": 347.0}]}, {"source": 109, "prod": 3.9005380726838372, "target": 36, "value": 3926.0, "supply": [{"l": "Sweet potatoes", "v": 3926.0}]}, {"source": 109, "prod": 5.2047169631252652, "target": 37, "value": 1386.0, "supply": [{"l": "Rape and Mustardseed", "v": 1386.0}]}, {"source": 109, "prod": 5.9272732109982584, "target": 96, "value": 19364.0, "supply": [{"l": "Oranges, Mandarines", "v": 19364.0}]}, {"source": 109, "prod": 32.810355684716789, "target": 38, "value": 31952.0, "supply": [{"l": "Cassava", "v": 31952.0}]}, {"source": 1, "prod": 11.637857885891822, "target": 95, "value": 6893.0, "supply": [{"l": "Poultry Meat", "v": 6893.0}]}, {"source": 1, "prod": 18.309793698262013, "target": 50, "value": 9013.0, "supply": [{"l": "Pigmeat", "v": 9013.0}]}, {"source": 1, "prod": 6.4300093914459007, "target": 31, "value": 5737.0, "supply": [{"l": "Pelagic Fish", "v": 5808.0}]}, {"source": 1, "prod": 27.659091362788534, "target": 69, "value": 18558.0, "supply": [{"l": "Bovine Meat", "v": 18558.0}]}, {"source": 1, "prod": 0.63225777526168236, "target": 22, "value": 633.0, "supply": [{"l": "Freshwater Fish", "v": 637.0}]}, {"source": 1, "prod": 0.26173096340614016, "target": 70, "value": 968.0, "supply": [{"l": "Molluscs, Other", "v": 969.0}]}, {"source": 1, "prod": 0.012779891700916372, "target": 82, "value": 19.0, "supply": [{"l": "Aquatic Animals, Others", "v": 19.0}]}, {"source": 1, "prod": 0.02208222218, "target": 65, "value": 19.0, "supply": [{"l": "Cephalopods", "v": 24.0}]}, {"source": 1, "prod": 61.349083867178166, "target": 23, "value": 95697.0, "supply": [{"l": "Milk - Excluding Butter", "v": 95697.0}]}, {"source": 1, "prod": 3.0658248571814801, "target": 35, "value": 2373.0, "supply": [{"l": "Offals, Edible", "v": 2373.0}]}, {"source": 1, "prod": 0.17622798029684683, "target": 102, "value": 262.0, "supply": [{"l": "Aquatic Plants", "v": 262.0}]}, {"source": 1, "prod": 1.2987206278528447, "target": 17, "value": 2807.0, "supply": [{"l": "Demersal Fish", "v": 2808.0}]}, {"source": 1, "prod": 0.18833524611876762, "target": 44, "value": 280.0, "supply": [{"l": "Aquatic Products, Other", "v": 280.0}]}, {"source": 1, "prod": 7.9053719558352702, "target": 25, "value": 11753.0, "supply": [{"l": "Fish, Seafood", "v": 11837.0}]}, {"source": 1, "prod": 0.59819089707506101, "target": 76, "value": 923.0, "supply": [{"l": "Crustaceans", "v": 924.0}]}, {"source": 1, "prod": 0.62448911732446666, "target": 16, "value": 662.0, "supply": [{"l": "Marine Fish, Other", "v": 662.0}]}, {"source": 1, "prod": 1.0547233697781924, "target": 27, "value": 646.0, "supply": [{"l": "Meat, Other", "v": 646.0}]}, {"source": 1, "prod": 8.6858076545681957, "target": 48, "value": 5462.0, "supply": [{"l": "Eggs", "v": 5851.0}]}, {"source": 1, "prod": 1.6862724710305121, "target": 66, "value": 698.0, "supply": [{"l": "Mutton & Goat Meat", "v": 698.0}]}, {"source": 97, "prod": 0.0339601332684, "target": 39, "value": 4.0, "supply": [{"l": "Ricebran Oil", "v": 4.0}]}, {"source": 97, "prod": 0.97592124226336907, "target": 100, "value": 1288.0, "supply": [{"l": "Alcohol, Non-Food", "v": 1288.0}]}, {"source": 97, "prod": 145.64099721810311, "target": 42, "value": 34947.0, "supply": [{"l": "Sugar", "v": 34947.0}]}, {"source": 97, "prod": 3.0103490474355641, "target": 57, "value": 303.0, "supply": [{"l": "Maize Germ Oil", "v": 303.0}]}, {"source": 97, "prod": 12.034965083169942, "target": 58, "value": 25314.0, "supply": [{"l": "Beer", "v": 25314.0}]}, {"source": 97, "prod": 3.6401017847066255, "target": 59, "value": 343.0, "supply": [{"l": "Groundnut Oil", "v": 343.0}]}, {"source": 97, "prod": 8.7384975622805339, "target": 43, "value": 2555.0, "supply": [{"l": "Beverages, Alcoholic", "v": 2555.0}]}, {"source": 97, "prod": 4.560231725323181, "target": 8, "value": 1122.0, "supply": [{"l": "Sugar non-centrifugal", "v": 1122.0}]}, {"source": 97, "prod": 6.8754831036338073, "target": 9, "value": 821.0, "supply": [{"l": "Butter, Ghee", "v": 821.0}]}, {"source": 97, "prod": 49.406720592902687, "target": 11, "value": 6352.0, "supply": [{"l": "Fats, Animals, Raw", "v": 6352.0}]}, {"source": 97, "prod": 42.357337543528743, "target": 88, "value": 4343.0, "supply": [{"l": "Soyabean Oil", "v": 4343.0}]}, {"source": 97, "prod": 3.8404405810922762, "target": 62, "value": 403.0, "supply": [{"l": "Palm Oil", "v": 403.0}]}, {"source": 97, "prod": 5.5699086998763967, "target": 79, "value": 554.0, "supply": [{"l": "Sunflowerseed Oil", "v": 554.0}]}, {"source": 97, "prod": 0.63675249878250006, "target": 89, "value": 75.0, "supply": [{"l": "Olive Oil", "v": 75.0}]}, {"source": 97, "prod": 4.7037523297158881, "target": 91, "value": 458.0, "supply": [{"l": "Coconut Oil", "v": 458.0}]}, {"source": 97, "prod": 1.6795500692523919, "target": 52, "value": 182.0, "supply": [{"l": "Rape and Mustard Oil", "v": 182.0}]}, {"source": 97, "prod": 0.0077781361134922353, "target": 101, "value": 1.0, "supply": [{"l": "Fish, Liver Oil", "v": 1.0}]}, {"source": 97, "prod": 11.455884955873602, "target": 56, "value": 1012.0, "supply": [{"l": "Oilcrops Oil, Other", "v": 1012.0}]}, {"source": 97, "prod": 4.2384606482665257, "target": 53, "value": 5172.0, "supply": [{"l": "Wine", "v": 5172.0}]}, {"source": 97, "prod": 11.493915653061158, "target": 54, "value": 2758.0, "supply": [{"l": "Sweeteners, Other", "v": 2758.0}]}, {"source": 97, "prod": 0.70952421292907153, "target": 67, "value": 78.0, "supply": [{"l": "Sesameseed Oil", "v": 78.0}]}, {"source": 97, "prod": 0.23312796403512295, "target": 68, "value": 335.0, "supply": [{"l": "Beverages, Fermented", "v": 335.0}]}, {"source": 97, "prod": 6.3038497379467504, "target": 33, "value": 297.0, "supply": [{"l": "Fish, Body Oil", "v": 297.0}]}, {"source": 97, "prod": 0.69969584923686212, "target": 55, "value": 239.0, "supply": [{"l": "Honey", "v": 239.0}]}, {"source": 97, "prod": 11.826217550094665, "target": 71, "value": 1186.0, "supply": [{"l": "Cottonseed Oil", "v": 1186.0}]}, {"source": 97, "prod": 1.9420951212866251, "target": 84, "value": 183.0, "supply": [{"l": "Palmkernel Oil", "v": 183.0}]}, {"source": 97, "prod": 0.23246519796821435, "target": 85, "value": 115.0, "supply": [{"l": "Cream", "v": 115.0}]}, {"source": 109, "prod": 2.8588887700438779, "target": 110, "value": 673.46938775510216, "supply": [{"l": "Oil Palm", "v": 673.46938775510216}]}, {"source": 110, "prod": 2.8588887700438779, "target": 97, "value": 673.46938775510216, "supply": [{"l": "Oil Palm", "v": 673.46938775510216}]}]}