{"nodes": [{"layer": 13, "name": "Other Processed", "fill": "#9c9ede"}, {"layer": 10, "name": "Feed", "fill": "#dbdb8d"}, {"layer": 13, "name": "Animal Products", "fill": "#17becf"}, {"layer": 5, "name": "Cereals", "fill": "#e7ba52"}, {"layer": 5, "name": "Oilcrops", "fill": "#ff9896"}, {"layer": 5, "name": "Sugar Crops", "fill": "#ffbb78"}, {"layer": 13, "name": "Sugar", "fill": "#d6616b"}, {"layer": 5, "name": "Starchy Roots"}, {"layer": 5, "name": "Fruits & Vegetables"}, {"layer": 13, "name": "Aquatic Products", "fill": "#1f77b4"}, {"layer": 16, "name": "Food", "fill": "#b5cf6b"}, {"layer": 5, "name": "Others"}, {"layer": 13, "name": "Vegetable Oils", "fill": "#f7b6d2"}, {"layer": 10, "name": "Processing", "fill": "#9edae5"}, {"layer": 16, "name": "Biofuels & Other", "fill": "#e7ba52"}, {"name": "Seed", "fill": "#dbdb8d"}, {"name": "Waste", "fill": "#c7c7c7"}, {"layer": 0, "name": "Import", "fill": "#aec7e8"}, {"layer": 16, "name": "Export", "fill": "#aec7e8"}, {"layer": 0, "name": "Stock Draw", "fill": "#c7c7c7"}, {"layer": 16, "name": "Stock Deposit", "fill": "#c7c7c7"}, {"layer": 0, "name": "Production", "fill": "#b5cf6b"}], "links": [{"source": 0, "prod": 5.6163589921546508, "target": 1, "value": 688.0, "supply": [{"l": "Fats, Animals, Raw", "v": 650.0}, {"l": "Butter, Ghee", "v": 11.0}, {"l": "Fish, Body Oil", "v": 26.0}, {"l": "Fish, Liver Oil", "v": 1.0}]}, {"source": 2, "prod": 3.8671732708662421, "target": 1, "value": 5419.0, "supply": [{"l": "Milk - Excluding Butter", "v": 4761.0}, {"l": "Meat, Other", "v": 26.0}, {"l": "Offals, Edible", "v": 632.0}]}, {"source": 3, "prod": 642.03827323803932, "target": 1, "value": 185109.0, "supply": [{"l": "Maize", "v": 119013.0}, {"l": "Oats", "v": 16264.0}, {"l": "Rye", "v": 676.0}, {"l": "Barley", "v": 13674.0}, {"l": "Sorghum", "v": 23243.0}, {"l": "Cereals, Other", "v": 2178.0}, {"l": "Rice", "v": 48.0}, {"l": "Wheat", "v": 9858.0}, {"l": "Millet", "v": 155.0}]}, {"source": 4, "prod": 2.7053457068419808, "target": 1, "value": 564.0, "supply": [{"l": "Soyabeans", "v": 258.0}, {"l": "Sunflower seed", "v": 28.0}, {"l": "Cottonseed", "v": 64.0}, {"l": "Rape and Mustardseed", "v": 162.0}, {"l": "Oilcrops, Other", "v": 52.0}]}, {"source": 5, "prod": 7.6157748229910327, "target": 1, "value": 14173.0, "supply": [{"l": "Sugar beet", "v": 24.0}, {"l": "Sugar cane", "v": 14149.0}]}, {"source": 6, "prod": 0.33844170649619648, "target": 1, "value": 81.0, "supply": [{"l": "Sugar", "v": 54.0}, {"l": "Sugar non-centrifugal", "v": 27.0}]}, {"source": 7, "prod": 18.661274207437373, "target": 1, "value": 18717.0, "supply": [{"l": "Potatoes", "v": 776.0}, {"l": "Yams", "v": 55.0}, {"l": "Roots, Other", "v": 18.0}, {"l": "Sweet potatoes", "v": 964.0}, {"l": "Cassava", "v": 16904.0}]}, {"source": 8, "prod": 1.0920347992573884, "target": 1, "value": 1058.0, "supply": [{"l": "Vegetables, Other", "v": 140.0}, {"l": "Fruits, Other", "v": 33.0}, {"l": "Bananas", "v": 439.0}, {"l": "Plantains", "v": 343.0}, {"l": "Pulses, Other", "v": 103.0}]}, {"source": 9, "prod": 6.2378488764102196, "target": 1, "value": 7146.0, "supply": [{"l": "Fish, Seafood", "v": 3575.0}, {"l": "Freshwater Fish", "v": 7.0}, {"l": "Pelagic Fish", "v": 3333.0}, {"l": "Marine Fish, Other", "v": 126.0}, {"l": "Demersal Fish", "v": 105.0}]}, {"source": 0, "prod": 44.349691686510795, "target": 10, "value": 32508.0, "supply": [{"l": "Beverages, Alcoholic", "v": 2091.0}, {"l": "Butter, Ghee", "v": 830.0}, {"l": "Fats, Animals, Raw", "v": 2042.0}, {"l": "Wine", "v": 4229.0}, {"l": "Cream", "v": 126.0}, {"l": "Beer", "v": 22935.0}, {"l": "Beverages, Fermented", "v": 255.0}]}, {"source": 2, "prod": 120.50014780633694, "target": 10, "value": 122064.0, "supply": [{"l": "Eggs", "v": 5294.0}, {"l": "Pigmeat", "v": 9680.0}, {"l": "Offals, Edible", "v": 1317.0}, {"l": "Milk - Excluding Butter", "v": 80947.0}, {"l": "Meat, Other", "v": 434.0}, {"l": "Mutton & Goat Meat", "v": 775.0}, {"l": "Bovine Meat", "v": 17295.0}, {"l": "Poultry Meat", "v": 6322.0}]}, {"source": 3, "prod": 177.57212659001797, "target": 10, "value": 51886.0, "supply": [{"l": "Maize", "v": 13722.0}, {"l": "Barley", "v": 312.0}, {"l": "Cereals, Other", "v": 311.0}, {"l": "Sorghum", "v": 258.0}, {"l": "Rye", "v": 167.0}, {"l": "Rice", "v": 7229.0}, {"l": "Wheat", "v": 29047.0}, {"l": "Oats", "v": 840.0}]}, {"source": 4, "prod": 9.2770760416991145, "target": 10, "value": 2246.0, "supply": [{"l": "Sunflower seed", "v": 42.0}, {"l": "Coconuts - Incl Copra", "v": 953.0}, {"l": "Sesame seed", "v": 70.0}, {"l": "Olives", "v": 144.0}, {"l": "Groundnuts", "v": 921.0}, {"l": "Oilcrops, Other", "v": 6.0}, {"l": "Soyabeans", "v": 40.0}, {"l": "Rape and Mustardseed", "v": 70.0}]}, {"source": 5, "prod": 0.2219230227824241, "target": 10, "value": 413.0, "supply": [{"l": "Sugar cane", "v": 413.0}]}, {"source": 6, "prod": 102.92526406571267, "target": 10, "value": 24592.0, "supply": [{"l": "Sugar", "v": 21477.0}, {"l": "Sweeteners, Other", "v": 2003.0}, {"l": "Honey", "v": 145.0}, {"l": "Sugar non-centrifugal", "v": 967.0}]}, {"source": 7, "prod": 31.857820773762704, "target": 10, "value": 36642.0, "supply": [{"l": "Roots, Other", "v": 430.0}, {"l": "Yams", "v": 388.0}, {"l": "Potatoes", "v": 19858.0}, {"l": "Sweet potatoes", "v": 2709.0}, {"l": "Cassava", "v": 13257.0}]}, {"source": 8, "prod": 56.951139854833755, "target": 10, "value": 88288.0, "supply": [{"l": "Plantains", "v": 3756.0}, {"l": "Tomatoes", "v": 9019.0}, {"l": "Treenuts", "v": 609.0}, {"l": "Vegetables, Other", "v": 21722.0}, {"l": "Peas", "v": 234.0}, {"l": "Grapes", "v": 1689.0}, {"l": "Pulses, Other", "v": 461.0}, {"l": "Pineapples", "v": 1998.0}, {"l": "Citrus, Other", "v": 86.0}, {"l": "Grapefruit", "v": 2369.0}, {"l": "Fruits, Other", "v": 8891.0}, {"l": "Dates", "v": 35.0}, {"l": "Beans", "v": 4516.0}, {"l": "Apples", "v": 3889.0}, {"l": "Lemons, Limes", "v": 1571.0}, {"l": "Bananas", "v": 10643.0}, {"l": "Oranges, Mandarines", "v": 14188.0}, {"l": "Onions", "v": 2612.0}]}, {"source": 11, "prod": 5.1460811762784546, "target": 10, "value": 3939.0, "supply": [{"l": "Nuts", "v": 610.0}, {"l": "Infant food", "v": 36.0}, {"l": "Pepper", "v": 36.0}, {"l": "Pimento", "v": 47.0}, {"l": "Tea", "v": 335.0}, {"l": "Coffee", "v": 2268.0}, {"l": "Cloves", "v": 2.0}, {"l": "Cocoa Beans", "v": 571.0}, {"l": "Spices, Other", "v": 34.0}]}, {"source": 9, "prod": 7.1662616001488786, "target": 10, "value": 10587.0, "supply": [{"l": "Crustaceans", "v": 682.0}, {"l": "Aquatic Products, Other", "v": 12.0}, {"l": "Marine Fish, Other", "v": 238.0}, {"l": "Fish, Seafood", "v": 5280.0}, {"l": "Aquatic Animals, Others", "v": 13.0}, {"l": "Demersal Fish", "v": 1606.0}, {"l": "Freshwater Fish", "v": 446.0}, {"l": "Cephalopods", "v": 16.0}, {"l": "Pelagic Fish", "v": 1422.0}, {"l": "Molluscs, Other", "v": 872.0}]}, {"source": 12, "prod": 54.023622425099333, "target": 10, "value": 5410.0, "supply": [{"l": "Ricebran Oil", "v": 3.0}, {"l": "Sunflowerseed Oil", "v": 349.0}, {"l": "Rape and Mustard Oil", "v": 108.0}, {"l": "Sesameseed Oil", "v": 99.0}, {"l": "Palmkernel Oil", "v": 88.0}, {"l": "Oilcrops Oil, Other", "v": 87.0}, {"l": "Maize Germ Oil", "v": 244.0}, {"l": "Groundnut Oil", "v": 213.0}, {"l": "Soyabean Oil", "v": 3022.0}, {"l": "Palm Oil", "v": 167.0}, {"l": "Coconut Oil", "v": 276.0}, {"l": "Olive Oil", "v": 62.0}, {"l": "Cottonseed Oil", "v": 692.0}]}, {"source": 0, "prod": 0.45015110677301862, "target": 13, "value": 119.0, "supply": [{"l": "Fats, Animals, Raw", "v": 52.0}, {"l": "Wine", "v": 67.0}]}, {"source": 2, "prod": 0.0050728829778522826, "target": 13, "value": 3.0, "supply": [{"l": "Poultry Meat", "v": 3.0}]}, {"source": 3, "prod": 39.300652446693299, "target": 13, "value": 10773.0, "supply": [{"l": "Maize", "v": 6597.0}, {"l": "Rye", "v": 103.0}, {"l": "Barley", "v": 3690.0}, {"l": "Rice", "v": 262.0}, {"l": "Sorghum", "v": 121.0}]}, {"source": 4, "prod": 157.28274195710389, "target": 13, "value": 36540.625, "supply": [{"l": "Olives", "v": 83.0}, {"l": "Soyabeans", "v": 23291.0}, {"l": "Oilcrops, Other", "v": 2478.0}, {"l": "Sunflower seed", "v": 1100.0}, {"l": "Coconuts - Incl Copra", "v": 1994.0}, {"l": "Sesame seed", "v": 219.0}, {"l": "Cottonseed", "v": 5457.0}, {"l": "Rape and Mustardseed", "v": 309.0}, {"l": "Groundnuts", "v": 842.0}, {"l": "Palm kernels", "v": 177.0}, {"l": "Oil Palm", "v": 590.62499999999989}]}, {"source": 5, "prod": 140.35852042361122, "target": 13, "value": 261208.0, "supply": [{"l": "Sugar beet", "v": 27296.0}, {"l": "Sugar cane", "v": 233912.0}]}, {"source": 6, "prod": 0.31683459154997717, "target": 13, "value": 76.0, "supply": [{"l": "Sugar", "v": 32.0}, {"l": "Sugar non-centrifugal", "v": 44.0}]}, {"source": 7, "prod": 0.0020166349921852734, "target": 13, "value": 2.0, "supply": [{"l": "Cassava", "v": 2.0}]}, {"source": 8, "prod": 4.1845383110323482, "target": 13, "value": 6333.0, "supply": [{"l": "Apples", "v": 2.0}, {"l": "Vegetables, Other", "v": 6.0}, {"l": "Peas", "v": 4.0}, {"l": "Grapes", "v": 6321.0}]}, {"source": 12, "prod": 0.009988274490705884, "target": 13, "value": 1.0, "supply": [{"l": "Oilcrops Oil, Other", "v": 1.0}]}, {"source": 0, "prod": 20.884663692613, "target": 14, "value": 3602.0, "supply": [{"l": "Alcohol, Non-Food", "v": 1040.0}, {"l": "Beer", "v": 4.0}, {"l": "Beverages, Alcoholic", "v": 7.0}, {"l": "Wine", "v": 219.0}, {"l": "Fats, Animals, Raw", "v": 2181.0}, {"l": "Fish, Liver Oil", "v": 3.0}, {"l": "Fish, Body Oil", "v": 148.0}]}, {"source": 2, "prod": 2.1204469236893333, "target": 14, "value": 2929.0, "supply": [{"l": "Pigmeat", "v": 12.0}, {"l": "Milk - Excluding Butter", "v": 2572.0}, {"l": "Bovine Meat", "v": 1.0}, {"l": "Poultry Meat", "v": 49.0}, {"l": "Offals, Edible", "v": 295.0}]}, {"source": 3, "prod": 12.902708547653191, "target": 14, "value": 3523.0, "supply": [{"l": "Maize", "v": 3209.0}, {"l": "Rye", "v": 76.0}, {"l": "Barley", "v": 102.0}, {"l": "Rice", "v": 114.0}, {"l": "Cereals, Other", "v": 1.0}, {"l": "Wheat", "v": 21.0}]}, {"source": 4, "prod": 2.0327361280513236, "target": 14, "value": 386.0, "supply": [{"l": "Coconuts - Incl Copra", "v": 38.0}, {"l": "Cottonseed", "v": 185.0}, {"l": "Oilcrops, Other", "v": 71.0}, {"l": "Soyabeans", "v": 1.0}, {"l": "Palm kernels", "v": 91.0}]}, {"source": 5, "prod": 7.9537641240325456, "target": 14, "value": 14802.0, "supply": [{"l": "Sugar cane", "v": 14802.0}]}, {"source": 6, "prod": 1.8006619694612329, "target": 14, "value": 428.0, "supply": [{"l": "Sugar", "v": 211.0}, {"l": "Sweeteners, Other", "v": 217.0}]}, {"source": 7, "prod": 2.8566326475498331, "target": 14, "value": 2956.0, "supply": [{"l": "Roots, Other", "v": 1.0}, {"l": "Potatoes", "v": 483.0}, {"l": "Cassava", "v": 2472.0}]}, {"source": 8, "prod": 0.012240084287206751, "target": 14, "value": 34.0, "supply": [{"l": "Fruits, Other", "v": 8.0}, {"l": "Tomatoes", "v": 2.0}, {"l": "Vegetables, Other", "v": 8.0}, {"l": "Lemons, Limes", "v": 11.0}, {"l": "Bananas", "v": 2.0}, {"l": "Oranges, Mandarines", "v": 3.0}]}, {"source": 9, "prod": 0.27301115657645414, "target": 14, "value": 404.0, "supply": [{"l": "Aquatic Products, Other", "v": 176.0}, {"l": "Marine Fish, Other", "v": 15.0}, {"l": "Pelagic Fish", "v": 1.0}, {"l": "Fish, Seafood", "v": 26.0}, {"l": "Molluscs, Other", "v": 10.0}, {"l": "Aquatic Animals, Others", "v": 7.0}, {"l": "Aquatic Plants", "v": 169.0}]}, {"source": 12, "prod": 12.15264687728817, "target": 14, "value": 1216.0, "supply": [{"l": "Maize Germ Oil", "v": 31.0}, {"l": "Groundnut Oil", "v": 15.0}, {"l": "Soyabean Oil", "v": 231.0}, {"l": "Palm Oil", "v": 71.0}, {"l": "Sunflowerseed Oil", "v": 20.0}, {"l": "Olive Oil", "v": 1.0}, {"l": "Coconut Oil", "v": 166.0}, {"l": "Rape and Mustard Oil", "v": 18.0}, {"l": "Oilcrops Oil, Other", "v": 530.0}, {"l": "Sesameseed Oil", "v": 1.0}, {"l": "Cottonseed Oil", "v": 75.0}, {"l": "Palmkernel Oil", "v": 57.0}]}, {"source": 2, "prod": 0.59312432955637173, "target": 2, "value": 371.0, "supply": [{"l": "Eggs", "v": 371.0}]}, {"source": 3, "prod": 24.655810320989005, "target": 15, "value": 7758.0, "supply": [{"l": "Maize", "v": 1264.0}, {"l": "Oats", "v": 1154.0}, {"l": "Rye", "v": 289.0}, {"l": "Barley", "v": 955.0}, {"l": "Rice", "v": 403.0}, {"l": "Sorghum", "v": 146.0}, {"l": "Cereals, Other", "v": 102.0}, {"l": "Wheat", "v": 3442.0}, {"l": "Millet", "v": 3.0}]}, {"source": 4, "prod": 8.981206595611221, "target": 15, "value": 2030.0, "supply": [{"l": "Soyabeans", "v": 1430.0}, {"l": "Sunflower seed", "v": 17.0}, {"l": "Sesame seed", "v": 4.0}, {"l": "Cottonseed", "v": 370.0}, {"l": "Rape and Mustardseed", "v": 18.0}, {"l": "Groundnuts", "v": 108.0}, {"l": "Oilcrops, Other", "v": 83.0}]}, {"source": 5, "prod": 0.77001378122812025, "target": 15, "value": 1433.0, "supply": [{"l": "Sugar cane", "v": 1433.0}]}, {"source": 7, "prod": 2.144437172449289, "target": 15, "value": 2757.0, "supply": [{"l": "Potatoes", "v": 2470.0}, {"l": "Yams", "v": 13.0}, {"l": "Roots, Other", "v": 52.0}, {"l": "Sweet potatoes", "v": 222.0}]}, {"source": 8, "prod": 1.4612240891988573, "target": 15, "value": 394.0, "supply": [{"l": "Vegetables, Other", "v": 23.0}, {"l": "Beans", "v": 298.0}, {"l": "Peas", "v": 29.0}, {"l": "Pulses, Other", "v": 44.0}]}, {"source": 9, "prod": 0.09644497123233052, "target": 9, "value": 111.0, "supply": [{"l": "Freshwater Fish", "v": 4.0}, {"l": "Fish, Seafood", "v": 55.0}, {"l": "Cephalopods", "v": 4.0}, {"l": "Pelagic Fish", "v": 45.0}, {"l": "Molluscs, Other", "v": 1.0}, {"l": "Crustaceans", "v": 1.0}, {"l": "Demersal Fish", "v": 1.0}]}, {"source": 0, "prod": 0.29744149227716071, "target": 16, "value": 80.0, "supply": [{"l": "Butter, Ghee", "v": 2.0}, {"l": "Fats, Animals, Raw", "v": 32.0}, {"l": "Wine", "v": 46.0}]}, {"source": 2, "prod": 1.2109625206399683, "target": 16, "value": 1352.0, "supply": [{"l": "Pigmeat", "v": 63.0}, {"l": "Milk - Excluding Butter", "v": 1011.0}, {"l": "Meat, Other", "v": 6.0}, {"l": "Poultry Meat", "v": 2.0}, {"l": "Offals, Edible", "v": 9.0}, {"l": "Bovine Meat", "v": 63.0}, {"l": "Eggs", "v": 198.0}]}, {"source": 3, "prod": 18.118952562167642, "target": 16, "value": 4957.0, "supply": [{"l": "Maize", "v": 3106.0}, {"l": "Rye", "v": 14.0}, {"l": "Barley", "v": 65.0}, {"l": "Cereals, Other", "v": 3.0}, {"l": "Rice", "v": 721.0}, {"l": "Wheat", "v": 797.0}, {"l": "Oats", "v": 21.0}, {"l": "Sorghum", "v": 216.0}, {"l": "Millet", "v": 14.0}]}, {"source": 4, "prod": 7.4594052737396517, "target": 16, "value": 1750.0, "supply": [{"l": "Olives", "v": 6.0}, {"l": "Sunflower seed", "v": 6.0}, {"l": "Coconuts - Incl Copra", "v": 98.0}, {"l": "Sesame seed", "v": 3.0}, {"l": "Cottonseed", "v": 2.0}, {"l": "Groundnuts", "v": 30.0}, {"l": "Oilcrops, Other", "v": 233.0}, {"l": "Soyabeans", "v": 1295.0}, {"l": "Rape and Mustardseed", "v": 70.0}, {"l": "Palm kernels", "v": 7.0}]}, {"source": 5, "prod": 4.8688729041926022, "target": 16, "value": 9061.0, "supply": [{"l": "Sugar cane", "v": 9061.0}]}, {"source": 6, "prod": 0.5822139846826776, "target": 16, "value": 139.0, "supply": [{"l": "Sugar", "v": 130.0}, {"l": "Sugar non-centrifugal", "v": 9.0}]}, {"source": 7, "prod": 5.8511633024403542, "target": 16, "value": 6411.0, "supply": [{"l": "Roots, Other", "v": 61.0}, {"l": "Yams", "v": 58.0}, {"l": "Potatoes", "v": 2394.0}, {"l": "Sweet potatoes", "v": 396.0}, {"l": "Cassava", "v": 3502.0}]}, {"source": 8, "prod": 5.5801270644386918, "target": 16, "value": 9457.0, "supply": [{"l": "Plantains", "v": 456.0}, {"l": "Grapefruit", "v": 149.0}, {"l": "Tomatoes", "v": 628.0}, {"l": "Treenuts", "v": 71.0}, {"l": "Apples", "v": 276.0}, {"l": "Vegetables, Other", "v": 1791.0}, {"l": "Peas", "v": 4.0}, {"l": "Grapes", "v": 204.0}, {"l": "Dates", "v": 2.0}, {"l": "Beans", "v": 155.0}, {"l": "Pulses, Other", "v": 25.0}, {"l": "Lemons, Limes", "v": 134.0}, {"l": "Pineapples", "v": 239.0}, {"l": "Bananas", "v": 2981.0}, {"l": "Citrus, Other", "v": 11.0}, {"l": "Fruits, Other", "v": 1092.0}, {"l": "Oranges, Mandarines", "v": 1026.0}, {"l": "Onions", "v": 213.0}]}, {"source": 11, "prod": 0.31372811317224736, "target": 16, "value": 146.0, "supply": [{"l": "Nuts", "v": 71.0}, {"l": "Cocoa Beans", "v": 34.0}, {"l": "Coffee", "v": 33.0}, {"l": "Pepper", "v": 1.0}, {"l": "Tea", "v": 7.0}]}, {"source": 12, "prod": 0.22670166836780223, "target": 16, "value": 23.0, "supply": [{"l": "Maize Germ Oil", "v": 1.0}, {"l": "Soyabean Oil", "v": 20.0}, {"l": "Palm Oil", "v": 1.0}, {"l": "Cottonseed Oil", "v": 1.0}]}, {"source": 17, "prod": 3.4121247953748455, "target": 11, "value": 2613.0, "supply": [{"l": "Nuts", "v": 296.0}, {"l": "Infant food", "v": 37.0}, {"l": "Pepper", "v": 35.0}, {"l": "Pimento", "v": 12.0}, {"l": "Tea", "v": 140.0}, {"l": "Coffee", "v": 1511.0}, {"l": "Cloves", "v": 2.0}, {"l": "Cocoa Beans", "v": 545.0}, {"l": "Spices, Other", "v": 35.0}]}, {"source": 17, "prod": 11.470721105233103, "target": 1, "value": 13998.0, "supply": [{"l": "Crustaceans", "v": 248.0}, {"l": "Eggs", "v": 19.0}, {"l": "Marine Fish, Other", "v": 32.0}, {"l": "Pigmeat", "v": 265.0}, {"l": "Fish, Seafood", "v": 3684.0}, {"l": "Aquatic Animals, Others", "v": 2.0}, {"l": "Offals, Edible", "v": 29.0}, {"l": "Demersal Fish", "v": 791.0}, {"l": "Aquatic Products, Other", "v": 2.0}, {"l": "Freshwater Fish", "v": 40.0}, {"l": "Milk - Excluding Butter", "v": 5147.0}, {"l": "Meat, Other", "v": 60.0}, {"l": "Cephalopods", "v": 3.0}, {"l": "Mutton & Goat Meat", "v": 69.0}, {"l": "Pelagic Fish", "v": 2407.0}, {"l": "Bovine Meat", "v": 1010.0}, {"l": "Molluscs, Other", "v": 164.0}, {"l": "Poultry Meat", "v": 26.0}]}, {"source": 17, "prod": 42.881617606190403, "target": 13, "value": 8433.0, "supply": [{"l": "Sugar", "v": 6055.0}, {"l": "Beverages, Alcoholic", "v": 357.0}, {"l": "Butter, Ghee", "v": 63.0}, {"l": "Fats, Animals, Raw", "v": 508.0}, {"l": "Sunflowerseed Oil", "v": 71.0}, {"l": "Rape and Mustard Oil", "v": 9.0}, {"l": "Sesameseed Oil", "v": 1.0}, {"l": "Wine", "v": 194.0}, {"l": "Sweeteners, Other", "v": 46.0}, {"l": "Fish, Body Oil", "v": 80.0}, {"l": "Honey", "v": 6.0}, {"l": "Palmkernel Oil", "v": 52.0}, {"l": "Oilcrops Oil, Other", "v": 113.0}, {"l": "Maize Germ Oil", "v": 9.0}, {"l": "Beer", "v": 147.0}, {"l": "Groundnut Oil", "v": 20.0}, {"l": "Soyabean Oil", "v": 123.0}, {"l": "Palm Oil", "v": 155.0}, {"l": "Coconut Oil", "v": 317.0}, {"l": "Olive Oil", "v": 44.0}, {"l": "Beverages, Fermented", "v": 8.0}, {"l": "Cottonseed Oil", "v": 52.0}, {"l": "Fish, Liver Oil", "v": 3.0}]}, {"source": 17, "prod": 30.868392428523158, "target": 3, "value": 9369.0, "supply": [{"l": "Maize", "v": 1006.0}, {"l": "Barley", "v": 698.0}, {"l": "Cereals, Other", "v": 112.0}, {"l": "Sorghum", "v": 377.0}, {"l": "Rye", "v": 2.0}, {"l": "Rice", "v": 598.0}, {"l": "Wheat", "v": 6416.0}, {"l": "Oats", "v": 157.0}, {"l": "Millet", "v": 3.0}]}, {"source": 17, "prod": 5.4223649121947828, "target": 8, "value": 7829.0, "supply": [{"l": "Plantains", "v": 22.0}, {"l": "Tomatoes", "v": 662.0}, {"l": "Treenuts", "v": 295.0}, {"l": "Vegetables, Other", "v": 1092.0}, {"l": "Peas", "v": 36.0}, {"l": "Grapes", "v": 282.0}, {"l": "Pulses, Other", "v": 124.0}, {"l": "Pineapples", "v": 304.0}, {"l": "Grapefruit", "v": 156.0}, {"l": "Fruits, Other", "v": 983.0}, {"l": "Dates", "v": 21.0}, {"l": "Beans", "v": 76.0}, {"l": "Apples", "v": 252.0}, {"l": "Lemons, Limes", "v": 210.0}, {"l": "Bananas", "v": 2382.0}, {"l": "Oranges, Mandarines", "v": 807.0}, {"l": "Onions", "v": 125.0}]}, {"source": 17, "prod": 0.00053734388082911399, "target": 5, "value": 1.0, "supply": [{"l": "Sugar beet", "v": 1.0}]}, {"source": 17, "prod": 5.9243057472926877, "target": 4, "value": 2095.0, "supply": [{"l": "Sunflower seed", "v": 3.0}, {"l": "Coconuts - Incl Copra", "v": 1149.0}, {"l": "Sesame seed", "v": 21.0}, {"l": "Cottonseed", "v": 39.0}, {"l": "Olives", "v": 83.0}, {"l": "Groundnuts", "v": 57.0}, {"l": "Oilcrops, Other", "v": 80.0}, {"l": "Soyabeans", "v": 618.0}, {"l": "Rape and Mustardseed", "v": 44.0}, {"l": "Palm kernels", "v": 1.0}]}, {"source": 17, "prod": 0.6299452378152538, "target": 7, "value": 719.0, "supply": [{"l": "Roots, Other", "v": 23.0}, {"l": "Potatoes", "v": 372.0}, {"l": "Sweet potatoes", "v": 8.0}, {"l": "Cassava", "v": 316.0}]}, {"source": 0, "prod": 24.167155968166238, "target": 18, "value": 2538.0, "supply": [{"l": "Beverages, Alcoholic", "v": 174.0}, {"l": "Butter, Ghee", "v": 54.0}, {"l": "Fats, Animals, Raw", "v": 1840.0}, {"l": "Wine", "v": 12.0}, {"l": "Fish, Body Oil", "v": 426.0}, {"l": "Alcohol, Non-Food", "v": 3.0}, {"l": "Beer", "v": 28.0}, {"l": "Beverages, Fermented", "v": 1.0}]}, {"source": 2, "prod": 4.7951089965502893, "target": 18, "value": 5372.0, "supply": [{"l": "Eggs", "v": 16.0}, {"l": "Pigmeat", "v": 84.0}, {"l": "Offals, Edible", "v": 186.0}, {"l": "Milk - Excluding Butter", "v": 3856.0}, {"l": "Meat, Other", "v": 145.0}, {"l": "Mutton & Goat Meat", "v": 32.0}, {"l": "Bovine Meat", "v": 987.0}, {"l": "Poultry Meat", "v": 66.0}]}, {"source": 3, "prod": 226.64913774130807, "target": 18, "value": 67030.0, "supply": [{"l": "Maize", "v": 20906.0}, {"l": "Barley", "v": 5510.0}, {"l": "Cereals, Other", "v": 141.0}, {"l": "Sorghum", "v": 5163.0}, {"l": "Rye", "v": 419.0}, {"l": "Rice", "v": 1740.0}, {"l": "Wheat", "v": 32598.0}, {"l": "Oats", "v": 424.0}, {"l": "Millet", "v": 129.0}]}, {"source": 4, "prod": 58.530819832760187, "target": 18, "value": 14045.0, "supply": [{"l": "Sunflower seed", "v": 17.0}, {"l": "Coconuts - Incl Copra", "v": 43.0}, {"l": "Sesame seed", "v": 27.0}, {"l": "Cottonseed", "v": 42.0}, {"l": "Olives", "v": 12.0}, {"l": "Groundnuts", "v": 147.0}, {"l": "Oilcrops, Other", "v": 734.0}, {"l": "Soyabeans", "v": 11794.0}, {"l": "Rape and Mustardseed", "v": 1228.0}, {"l": "Palm kernels", "v": 1.0}]}, {"source": 5, "prod": 0.01612031642487342, "target": 18, "value": 30.0, "supply": [{"l": "Sugar cane", "v": 30.0}]}, {"source": 6, "prod": 44.865011920482047, "target": 18, "value": 10720.0, "supply": [{"l": "Sugar", "v": 10613.0}, {"l": "Sweeteners, Other", "v": 51.0}, {"l": "Honey", "v": 56.0}]}, {"source": 7, "prod": 0.36918909083101858, "target": 18, "value": 445.0, "supply": [{"l": "Roots, Other", "v": 20.0}, {"l": "Yams", "v": 5.0}, {"l": "Potatoes", "v": 314.0}, {"l": "Sweet potatoes", "v": 7.0}, {"l": "Cassava", "v": 99.0}]}, {"source": 8, "prod": 7.9160661547472237, "target": 18, "value": 11318.0, "supply": [{"l": "Plantains", "v": 64.0}, {"l": "Tomatoes", "v": 427.0}, {"l": "Treenuts", "v": 134.0}, {"l": "Vegetables, Other", "v": 1054.0}, {"l": "Peas", "v": 131.0}, {"l": "Grapes", "v": 482.0}, {"l": "Pulses, Other", "v": 59.0}, {"l": "Pineapples", "v": 138.0}, {"l": "Citrus, Other", "v": 9.0}, {"l": "Grapefruit", "v": 264.0}, {"l": "Fruits, Other", "v": 749.0}, {"l": "Dates", "v": 5.0}, {"l": "Beans", "v": 254.0}, {"l": "Apples", "v": 346.0}, {"l": "Lemons, Limes", "v": 151.0}, {"l": "Bananas", "v": 5064.0}, {"l": "Oranges, Mandarines", "v": 1855.0}, {"l": "Onions", "v": 132.0}]}, {"source": 11, "prod": 3.5468358774917346, "target": 18, "value": 2911.0, "supply": [{"l": "Nuts", "v": 135.0}, {"l": "Infant food", "v": 219.0}, {"l": "Pepper", "v": 19.0}, {"l": "Pimento", "v": 3.0}, {"l": "Tea", "v": 67.0}, {"l": "Coffee", "v": 2151.0}, {"l": "Cocoa Beans", "v": 308.0}, {"l": "Spices, Other", "v": 9.0}]}, {"source": 9, "prod": 20.410023106060901, "target": 18, "value": 23737.0, "supply": [{"l": "Crustaceans", "v": 210.0}, {"l": "Marine Fish, Other", "v": 2.0}, {"l": "Fish, Seafood", "v": 11778.0}, {"l": "Demersal Fish", "v": 600.0}, {"l": "Aquatic Products, Other", "v": 91.0}, {"l": "Meat, Aquatic Mammals", "v": 3.0}, {"l": "Aquatic Plants", "v": 88.0}, {"l": "Freshwater Fish", "v": 108.0}, {"l": "Cephalopods", "v": 5.0}, {"l": "Pelagic Fish", "v": 10773.0}, {"l": "Molluscs, Other", "v": 79.0}]}, {"source": 12, "prod": 18.642026443160741, "target": 18, "value": 1871.0, "supply": [{"l": "Sunflowerseed Oil", "v": 36.0}, {"l": "Rape and Mustard Oil", "v": 4.0}, {"l": "Palmkernel Oil", "v": 10.0}, {"l": "Oilcrops Oil, Other", "v": 532.0}, {"l": "Maize Germ Oil", "v": 9.0}, {"l": "Groundnut Oil", "v": 144.0}, {"l": "Soyabean Oil", "v": 882.0}, {"l": "Palm Oil", "v": 28.0}, {"l": "Coconut Oil", "v": 21.0}, {"l": "Olive Oil", "v": 7.0}, {"l": "Cottonseed Oil", "v": 198.0}]}, {"source": 19, "prod": 0.35065954028651997, "target": 8, "value": 101.0, "supply": [{"l": "Treenuts", "v": 1.0}, {"l": "Beans", "v": 86.0}, {"l": "Apples", "v": 13.0}, {"l": "Bananas", "v": 1.0}]}, {"source": 12, "prod": 2.4500357153593901, "target": 20, "value": 248.0, "supply": [{"l": "Groundnut Oil", "v": 2.0}, {"l": "Soyabean Oil", "v": 161.0}, {"l": "Palm Oil", "v": 23.0}, {"l": "Sunflowerseed Oil", "v": 8.0}, {"l": "Coconut Oil", "v": 1.0}, {"l": "Rape and Mustard Oil", "v": 1.0}, {"l": "Oilcrops Oil, Other", "v": 48.0}, {"l": "Sesameseed Oil", "v": 3.0}, {"l": "Palmkernel Oil", "v": 1.0}]}, {"source": 2, "prod": 0.031450760947791742, "target": 20, "value": 20.0, "supply": [{"l": "Eggs", "v": 15.0}, {"l": "Bovine Meat", "v": 5.0}]}, {"source": 11, "prod": 0.096933199262147662, "target": 20, "value": 91.0, "supply": [{"l": "Cocoa Beans", "v": 48.0}, {"l": "Coffee", "v": 37.0}, {"l": "Tea", "v": 6.0}]}, {"source": 0, "prod": 3.056644378390347, "target": 20, "value": 321.0, "supply": [{"l": "Beer", "v": 19.0}, {"l": "Fats, Animals, Raw", "v": 70.0}, {"l": "Wine", "v": 118.0}, {"l": "Fish, Body Oil", "v": 114.0}]}, {"source": 9, "prod": 1.6806270017825049, "target": 20, "value": 1900.0, "supply": [{"l": "Freshwater Fish", "v": 4.0}, {"l": "Crustaceans", "v": 2.0}, {"l": "Demersal Fish", "v": 2.0}, {"l": "Pelagic Fish", "v": 939.0}, {"l": "Fish, Seafood", "v": 950.0}, {"l": "Cephalopods", "v": 3.0}]}, {"source": 3, "prod": 81.65713341868593, "target": 20, "value": 22741.0, "supply": [{"l": "Maize", "v": 19001.0}, {"l": "Rye", "v": 358.0}, {"l": "Barley", "v": 946.0}, {"l": "Wheat", "v": 455.0}, {"l": "Oats", "v": 515.0}, {"l": "Sorghum", "v": 1451.0}, {"l": "Millet", "v": 15.0}]}, {"source": 8, "prod": 0.029617382706922372, "target": 20, "value": 14.0, "supply": [{"l": "Peas", "v": 4.0}, {"l": "Fruits, Other", "v": 4.0}, {"l": "Oranges, Mandarines", "v": 3.0}, {"l": "Pulses, Other", "v": 3.0}]}, {"source": 19, "prod": 0.38125755105487796, "target": 1, "value": 564.0, "supply": [{"l": "Meat, Other", "v": 3.0}, {"l": "Pigmeat", "v": 1.0}, {"l": "Poultry Meat", "v": 12.0}, {"l": "Milk - Excluding Butter", "v": 548.0}]}, {"source": 19, "prod": 11.817256916159884, "target": 4, "value": 2873.0, "supply": [{"l": "Oilcrops, Other", "v": 246.0}, {"l": "Soyabeans", "v": 2627.0}]}, {"source": 4, "prod": 7.4826745370389363, "target": 20, "value": 1496.0, "supply": [{"l": "Sunflower seed", "v": 93.0}, {"l": "Coconuts - Incl Copra", "v": 157.0}, {"l": "Sesame seed", "v": 25.0}, {"l": "Cottonseed", "v": 628.0}, {"l": "Groundnuts", "v": 61.0}, {"l": "Rape and Mustardseed", "v": 530.0}, {"l": "Palm kernels", "v": 2.0}]}, {"source": 19, "prod": 0.03361509496856712, "target": 11, "value": 6.0, "supply": [{"l": "Nuts", "v": 1.0}, {"l": "Pepper", "v": 5.0}]}, {"source": 19, "prod": 0.0020707398334390242, "target": 7, "value": 2.0, "supply": [{"l": "Roots, Other", "v": 2.0}]}, {"source": 19, "prod": 0.75047192663425077, "target": 13, "value": 112.0, "supply": [{"l": "Beverages, Alcoholic", "v": 1.0}, {"l": "Butter, Ghee", "v": 23.0}, {"l": "Sweeteners, Other", "v": 56.0}, {"l": "Cottonseed Oil", "v": 32.0}]}, {"source": 7, "prod": 0.11274423207829677, "target": 20, "value": 150.0, "supply": [{"l": "Potatoes", "v": 150.0}]}, {"source": 6, "prod": 1.8375628457626678, "target": 20, "value": 439.0, "supply": [{"l": "Sugar", "v": 437.0}, {"l": "Honey", "v": 2.0}]}, {"source": 19, "prod": 0.54382695594929298, "target": 3, "value": 130.0, "supply": [{"l": "Rice", "v": 106.0}, {"l": "Cereals, Other", "v": 24.0}]}, {"source": 21, "prod": 1191.3568898570243, "target": 3, "value": 344243.0, "supply": [{"l": "Maize", "v": 185812.0}, {"l": "Barley", "v": 24556.0}, {"l": "Cereals, Other", "v": 2567.0}, {"l": "Sorghum", "v": 30221.0}, {"l": "Rye", "v": 2099.0}, {"l": "Rice", "v": 9812.0}, {"l": "Wheat", "v": 69802.0}, {"l": "Oats", "v": 19061.0}, {"l": "Millet", "v": 313.0}]}, {"source": 21, "prod": 235.90982951730587, "target": 4, "value": 54082.625, "supply": [{"l": "Sunflower seed", "v": 1299.0}, {"l": "Coconuts - Incl Copra", "v": 2133.0}, {"l": "Sesame seed", "v": 326.0}, {"l": "Cottonseed", "v": 6711.0}, {"l": "Olives", "v": 172.0}, {"l": "Groundnuts", "v": 2051.0}, {"l": "Oilcrops, Other", "v": 3316.0}, {"l": "Soyabeans", "v": 34864.0}, {"l": "Rape and Mustardseed", "v": 2343.0}, {"l": "Palm kernels", "v": 277.0}, {"l": "Oil Palm", "v": 590.62499999999989}]}, {"source": 21, "prod": 161.80391470750118, "target": 5, "value": 301118.0, "supply": [{"l": "Sugar cane", "v": 273799.0}, {"l": "Sugar beet", "v": 27319.0}]}, {"source": 21, "prod": 61.226809027732891, "target": 7, "value": 67363.0, "supply": [{"l": "Roots, Other", "v": 558.0}, {"l": "Yams", "v": 519.0}, {"l": "Potatoes", "v": 26075.0}, {"l": "Sweet potatoes", "v": 4290.0}, {"l": "Cassava", "v": 35921.0}]}, {"source": 21, "prod": 71.46637877491564, "target": 8, "value": 108960.0, "supply": [{"l": "Plantains", "v": 4597.0}, {"l": "Tomatoes", "v": 9415.0}, {"l": "Treenuts", "v": 521.0}, {"l": "Vegetables, Other", "v": 23648.0}, {"l": "Peas", "v": 371.0}, {"l": "Grapes", "v": 8413.0}, {"l": "Pulses, Other", "v": 572.0}, {"l": "Pineapples", "v": 2072.0}, {"l": "Citrus, Other", "v": 106.0}, {"l": "Grapefruit", "v": 2627.0}, {"l": "Fruits, Other", "v": 9786.0}, {"l": "Dates", "v": 21.0}, {"l": "Beans", "v": 5061.0}, {"l": "Apples", "v": 4249.0}, {"l": "Lemons, Limes", "v": 1656.0}, {"l": "Bananas", "v": 16746.0}, {"l": "Oranges, Mandarines", "v": 16267.0}, {"l": "Onions", "v": 2832.0}]}, {"source": 21, "prod": 4.3281213749752521, "target": 11, "value": 4249.0, "supply": [{"l": "Nuts", "v": 520.0}, {"l": "Pepper", "v": 16.0}, {"l": "Pimento", "v": 39.0}, {"l": "Tea", "v": 275.0}, {"l": "Coffee", "v": 2978.0}, {"l": "Cocoa Beans", "v": 415.0}, {"l": "Spices, Other", "v": 6.0}]}, {"source": 1, "prod": 35.767771740978958, "target": 9, "value": 43774.0, "supply": [{"l": "Meat, Aquatic Mammals", "v": 3.0}, {"l": "Pelagic Fish", "v": 16513.0}, {"l": "Crustaceans", "v": 895.0}, {"l": "Freshwater Fish", "v": 569.0}, {"l": "Molluscs, Other", "v": 962.0}, {"l": "Aquatic Animals, Others", "v": 20.0}, {"l": "Aquatic Plants", "v": 257.0}, {"l": "Demersal Fish", "v": 2314.0}, {"l": "Aquatic Products, Other", "v": 279.0}, {"l": "Fish, Seafood", "v": 21664.0}, {"l": "Marine Fish, Other", "v": 381.0}, {"l": "Cephalopods", "v": 28.0}]}, {"source": 1, "prod": 132.53036316200843, "target": 2, "value": 137159.0, "supply": [{"l": "Poultry Meat", "v": 6442.0}, {"l": "Pigmeat", "v": 9839.0}, {"l": "Bovine Meat", "v": 18351.0}, {"l": "Eggs", "v": 5894.0}, {"l": "Milk - Excluding Butter", "v": 93147.0}, {"l": "Offals, Edible", "v": 2439.0}, {"l": "Meat, Other", "v": 611.0}, {"l": "Mutton & Goat Meat", "v": 807.0}]}, {"source": 13, "prod": 98.822107316885209, "target": 0, "value": 39856.0, "supply": [{"l": "Fats, Animals, Raw", "v": 6867.0}, {"l": "Alcohol, Non-Food", "v": 1043.0}, {"l": "Beverages, Fermented", "v": 256.0}, {"l": "Fish, Body Oil", "v": 714.0}, {"l": "Beer", "v": 22986.0}, {"l": "Beverages, Alcoholic", "v": 2272.0}, {"l": "Fish, Liver Oil", "v": 4.0}, {"l": "Cream", "v": 126.0}, {"l": "Butter, Ghee", "v": 897.0}, {"l": "Wine", "v": 4691.0}]}, {"source": 13, "prod": 87.505021403766136, "target": 12, "value": 8769.0, "supply": [{"l": "Olive Oil", "v": 70.0}, {"l": "Ricebran Oil", "v": 3.0}, {"l": "Sesameseed Oil", "v": 103.0}, {"l": "Soyabean Oil", "v": 4316.0}, {"l": "Coconut Oil", "v": 464.0}, {"l": "Cottonseed Oil", "v": 966.0}, {"l": "Rape and Mustard Oil", "v": 131.0}, {"l": "Maize Germ Oil", "v": 285.0}, {"l": "Groundnut Oil", "v": 374.0}, {"l": "Palm Oil", "v": 290.0}, {"l": "Palmkernel Oil", "v": 156.0}, {"l": "Oilcrops Oil, Other", "v": 1198.0}, {"l": "Sunflowerseed Oil", "v": 413.0}]}, {"source": 13, "prod": 152.66599108414746, "target": 6, "value": 36475.0, "supply": [{"l": "Honey", "v": 203.0}, {"l": "Sweeteners, Other", "v": 2271.0}, {"l": "Sugar non-centrifugal", "v": 1047.0}, {"l": "Sugar", "v": 32954.0}]}]}