{"nodes": [{"layer": 5, "name": "Starchy Roots"}, {"layer": 10, "name": "Feed", "fill": "#dbdb8d"}, {"layer": 13, "name": "Aquatic Products", "fill": "#1f77b4"}, {"layer": 13, "name": "Animal Products", "fill": "#17becf"}, {"layer": 5, "name": "Cereals", "fill": "#e7ba52"}, {"layer": 13, "name": "Other Processed", "fill": "#9c9ede"}, {"layer": 16, "name": "Food", "fill": "#b5cf6b"}, {"layer": 5, "name": "Oilcrops", "fill": "#ff9896"}, {"layer": 13, "name": "Sugar", "fill": "#d6616b"}, {"layer": 5, "name": "Fruits & Vegetables"}, {"layer": 5, "name": "Others"}, {"layer": 13, "name": "Vegetable Oils", "fill": "#f7b6d2"}, {"layer": 10, "name": "Processing", "fill": "#9edae5"}, {"layer": 5, "name": "Sugar Crops", "fill": "#ffbb78"}, {"layer": 16, "name": "Biofuels & Other", "fill": "#e7ba52"}, {"name": "Waste", "fill": "#c7c7c7"}, {"layer": 2, "name": "Import", "fill": "#aec7e8"}, {"layer": 16, "name": "Export", "fill": "#aec7e8"}, {"layer": 16, "name": "Stock Deposit", "fill": "#c7c7c7"}, {"layer": 0, "name": "Stock Draw", "fill": "#c7c7c7"}, {"layer": 2, "name": "Electricity", "fill": "#bcbd22"}, {"layer": 0, "name": "Fossil Fuels", "fill": "#c49c94"}, {"layer": 0, "name": "Renewables & Nuclear", "fill": "#2ca02c"}, {"layer": 2, "name": "Fertilizers", "fill": "#c5b0d5"}, {"layer": 0, "name": "Labor", "fill": "#7f7f7f"}], "links": [{"source": 0, "prod": 57.0, "target": 1, "value": 0.098619632257163664, "supply": [{"l": "Sweet potatoes", "v": 0.021548307911421323}, {"l": "Cassava", "v": 0.077071324345742334}]}, {"source": 2, "prod": 742.0, "target": 1, "value": 0.50905761041612785, "supply": [{"l": "Fish, Seafood", "v": 0.23468458248545715}, {"l": "Pelagic Fish", "v": 0.2743730279306707}]}, {"source": 3, "prod": 6.0, "target": 1, "value": 0.0032156417004253375, "supply": [{"l": "Milk - Excluding Butter", "v": 0.0032156417004253375}]}, {"source": 4, "prod": 1029.0, "target": 1, "value": 3.5774753990018144, "supply": [{"l": "Maize", "v": 3.1818064231805905}, {"l": "Barley", "v": 0.0085013684750667555}, {"l": "Oats", "v": 0.02649372098953192}, {"l": "Sorghum", "v": 0.36067388635662517}]}, {"source": 5, "prod": 12.0, "target": 1, "value": 0.098593935295354845, "supply": [{"l": "Butter, Ghee", "v": 0.098593935295354845}]}, {"source": 5, "prod": 600.0, "target": 6, "value": 0.70957867909291472, "supply": [{"l": "Beer", "v": 0.19732218582685768}, {"l": "Beverages, Alcoholic", "v": 0.36121586704634173}, {"l": "Butter, Ghee", "v": 0.041080806373064521}, {"l": "Fats, Animals, Raw", "v": 0.10325716196472973}, {"l": "Wine", "v": 0.0067026578819210534}]}, {"source": 3, "prod": 1538.0, "target": 6, "value": 1.2859372510592877, "supply": [{"l": "Eggs", "v": 0.068276491710944048}, {"l": "Mutton & Goat Meat", "v": 0.060699770911976633}, {"l": "Pigmeat", "v": 0.082161612746129029}, {"l": "Milk - Excluding Butter", "v": 0.59167807287826213}, {"l": "Meat, Other", "v": 0.047970591836529151}, {"l": "Poultry Meat", "v": 0.27879171190019453}, {"l": "Offals, Edible", "v": 0.041201632274161765}, {"l": "Bovine Meat", "v": 0.11515736680109045}]}, {"source": 4, "prod": 1405.0, "target": 6, "value": 5.0690706623129111, "supply": [{"l": "Rye", "v": 0.0031389207686461276}, {"l": "Barley", "v": 0.34005473900267025}, {"l": "Cereals, Other", "v": 0.048186675583540541}, {"l": "Rice", "v": 1.6654490135314159}, {"l": "Wheat", "v": 2.9568453513576163}, {"l": "Oats", "v": 0.055395962069021282}]}, {"source": 7, "prod": 15.0, "target": 6, "value": 0.056800544650439516, "supply": [{"l": "Coconuts - Incl Copra", "v": 0.041302864785891895}, {"l": "Groundnuts", "v": 0.0060643095122142861}, {"l": "Soyabeans", "v": 0.0094333703523333343}]}, {"source": 8, "prod": 574.0, "target": 6, "value": 2.3727164946541346, "supply": [{"l": "Sugar", "v": 2.3180680043371691}, {"l": "Sugar non-centrifugal", "v": 0.05464849031696551}]}, {"source": 0, "prod": 1558.0, "target": 6, "value": 2.0054804300306901, "supply": [{"l": "Roots, Other", "v": 0.095499756718924578}, {"l": "Potatoes", "v": 1.1218373653447073}, {"l": "Sweet potatoes", "v": 0.16969292480244288}, {"l": "Cassava", "v": 0.61845038316461531}]}, {"source": 9, "prod": 2109.0, "target": 6, "value": 1.619339130646567, "supply": [{"l": "Plantains", "v": 0.61845975866785063}, {"l": "Citrus, Other", "v": 0.0066707404634357157}, {"l": "Grapefruit", "v": 0.0053038862885683626}, {"l": "Tomatoes", "v": 0.013550177862703244}, {"l": "Treenuts", "v": 0.0028618089832921352}, {"l": "Vegetables, Other", "v": 0.17007038148444231}, {"l": "Peas", "v": 0.047544186575760004}, {"l": "Grapes", "v": 0.0068838107976486483}, {"l": "Pulses, Other", "v": 0.11480840508351138}, {"l": "Beans", "v": 0.19145310030507381}, {"l": "Apples", "v": 0.040534363342923999}, {"l": "Lemons, Limes", "v": 0.027211645247115387}, {"l": "Pineapples", "v": 0.020357143083752791}, {"l": "Fruits, Other", "v": 0.21744482755111683}, {"l": "Oranges, Mandarines", "v": 0.068168150721240883}, {"l": "Onions", "v": 0.068016744188130696}]}, {"source": 10, "prod": 28.0, "target": 6, "value": 0.033811759631498808, "supply": [{"l": "Infant food", "v": 0.0070750277642500003}, {"l": "Nuts", "v": 0.0028618089832921352}, {"l": "Cocoa Beans", "v": 0.0070750277642500003}, {"l": "Coffee", "v": 0.0066443739003391299}, {"l": "Spices, Other", "v": 0.0060643095122142861}, {"l": "Tea", "v": 0.0040912117071532613}]}, {"source": 2, "prod": 602.0, "target": 6, "value": 0.3968524860243739, "supply": [{"l": "Crustaceans", "v": 0.00061521980558695648}, {"l": "Marine Fish, Other", "v": 0.033847308905382061}, {"l": "Freshwater Fish", "v": 0.0068129896989074078}, {"l": "Pelagic Fish", "v": 0.10205789179092334}, {"l": "Fish, Seafood", "v": 0.19040447258254073}, {"l": "Molluscs, Other", "v": 0.02208222218}, {"l": "Demersal Fish", "v": 0.041032381061033393}]}, {"source": 11, "prod": 71.0, "target": 6, "value": 0.72547059044187123, "supply": [{"l": "Soyabean Oil", "v": 0.49396557481309089}, {"l": "Palm Oil", "v": 0.030321547561071433}, {"l": "Coconut Oil", "v": 0.0169800666342}, {"l": "Cottonseed Oil", "v": 0.18420340143350894}]}, {"source": 0, "prod": 2.0, "target": 12, "value": 0.0037595767973532851, "supply": [{"l": "Cassava", "v": 0.0037595767973532851}]}, {"source": 13, "prod": 9293.0, "target": 12, "value": 3.1985626871274446, "supply": [{"l": "Sugar cane", "v": 3.1985626871274446}]}, {"source": 9, "prod": 36.0, "target": 12, "value": 0.020651432392945947, "supply": [{"l": "Grapes", "v": 0.020651432392945947}]}, {"source": 4, "prod": 84.0, "target": 12, "value": 0.28760539154941667, "supply": [{"l": "Barley", "v": 0.14735705356782375}, {"l": "Rice", "v": 0.14024833798159295}]}, {"source": 7, "prod": 134.33333333333334, "target": 12, "value": 0.61788575807783341, "supply": [{"l": "Cottonseed", "v": 0.47166851761666673}, {"l": "Palm kernels", "v": 0.0047166851761666672}, {"l": "Oil Palm", "v": 0.14150055528500002}]}, {"source": 5, "prod": 126.0, "target": 14, "value": 0.24027065913439583, "supply": [{"l": "Fats, Animals, Raw", "v": 0.11186192546179054}, {"l": "Alcohol, Non-Food", "v": 0.0052131783526052633}, {"l": "Fish, Body Oil", "v": 0.12319555532000001}]}, {"source": 4, "prod": 4.0, "target": 14, "value": 0.013610335334212272, "supply": [{"l": "Wheat", "v": 0.013610335334212272}]}, {"source": 7, "prod": 20.0, "target": 14, "value": 0.094333703523333354, "supply": [{"l": "Soyabeans", "v": 0.094333703523333354}]}, {"source": 0, "prod": 276.0, "target": 0, "value": 0.30608676129778201, "supply": [{"l": "Potatoes", "v": 0.28478296941432962}, {"l": "Roots, Other", "v": 0.021303791883452411}]}, {"source": 9, "prod": 8.0, "target": 9, "value": 0.032079056484490776, "supply": [{"l": "Peas", "v": 0.0079240310959600019}, {"l": "Beans", "v": 0.015954425025422821}, {"l": "Pulses, Other", "v": 0.0082006003631079558}]}, {"source": 3, "prod": 7.0, "target": 3, "value": 0.010389900912534965, "supply": [{"l": "Eggs", "v": 0.010389900912534965}]}, {"source": 4, "prod": 43.0, "target": 4, "value": 0.1466374255641639, "supply": [{"l": "Maize", "v": 0.045504382289711404}, {"l": "Wheat", "v": 0.04083100600263681}, {"l": "Barley", "v": 0.034005473900267022}, {"l": "Rice", "v": 0.026296563371548672}]}, {"source": 7, "prod": 5.0, "target": 7, "value": 0.023583425880833338, "supply": [{"l": "Cottonseed", "v": 0.023583425880833338}]}, {"source": 3, "prod": 26.0, "target": 15, "value": 0.022632900485803527, "supply": [{"l": "Milk - Excluding Butter", "v": 0.0096469251012760125}, {"l": "Bovine Meat", "v": 0.0025590525955797878}, {"l": "Poultry Meat", "v": 0.0059741081121470266}, {"l": "Eggs", "v": 0.0044528146768006991}]}, {"source": 4, "prod": 58.0, "target": 15, "value": 0.20052399301362564, "supply": [{"l": "Maize", "v": 0.06650640488496283}, {"l": "Oats", "v": 0.0024085200899574472}, {"l": "Barley", "v": 0.022670315933511351}, {"l": "Rice", "v": 0.030679323933473453}, {"l": "Sorghum", "v": 0.0068051676671061359}, {"l": "Wheat", "v": 0.071454260504614425}]}, {"source": 7, "prod": 3.0, "target": 15, "value": 0.010811725986584742, "supply": [{"l": "Olives", "v": 0.00265313541159375}, {"l": "Soyabeans", "v": 0.0047166851761666672}, {"l": "Coconuts - Incl Copra", "v": 0.0034419053988243241}]}, {"source": 8, "prod": 28.0, "target": 15, "value": 0.11590340021685845, "supply": [{"l": "Sugar", "v": 0.11590340021685845}]}, {"source": 0, "prod": 471.0, "target": 15, "value": 0.56841780054810198, "supply": [{"l": "Roots, Other", "v": 0.013223043238004944}, {"l": "Potatoes", "v": 0.45657512505293335}, {"l": "Sweet potatoes", "v": 0.021548307911421323}, {"l": "Cassava", "v": 0.077071324345742334}]}, {"source": 9, "prod": 327.0, "target": 15, "value": 0.23236016070656018, "supply": [{"l": "Grapes", "v": 0.0045892071984324325}, {"l": "Pineapples", "v": 0.0037873754574423795}, {"l": "Fruits, Other", "v": 0.035615963133372584}, {"l": "Grapefruit", "v": 0.001178641397459636}, {"l": "Beans", "v": 0.011965818769067113}, {"l": "Tomatoes", "v": 0.0023289368201521196}, {"l": "Lemons, Limes", "v": 0.0047166851761666672}, {"l": "Apples", "v": 0.0072598859718669842}, {"l": "Vegetables, Other", "v": 0.020228635683171552}, {"l": "Peas", "v": 0.0039620155479800009}, {"l": "Oranges, Mandarines", "v": 0.011951558892685088}, {"l": "Plantains", "v": 0.10885662418920113}, {"l": "Onions", "v": 0.007718212106454546}, {"l": "Pulses, Other", "v": 0.0082006003631079558}]}, {"source": 10, "prod": 8.0, "target": 15, "value": 0.0029530550668173915, "supply": [{"l": "Coffee", "v": 0.0029530550668173915}]}, {"source": 16, "prod": 4.0, "target": 10, "value": 0.01549767986454762, "supply": [{"l": "Infant food", "v": 0.0070750277642500003}, {"l": "Spices, Other", "v": 0.0060643095122142861}, {"l": "Cocoa Beans", "v": 0.0023583425880833336}]}, {"source": 16, "prod": 364.0, "target": 1, "value": 0.20326963104510856, "supply": [{"l": "Pigmeat", "v": 0.0014938475044750734}, {"l": "Milk - Excluding Butter", "v": 0.18918692004169071}, {"l": "Fish, Seafood", "v": 0.00063257299861309204}, {"l": "Mutton & Goat Meat", "v": 0.0035705747595280372}, {"l": "Pelagic Fish", "v": 0.00073954994051393717}, {"l": "Bovine Meat", "v": 0.0063976314889494677}, {"l": "Offals, Edible", "v": 0.0012485343113382353}]}, {"source": 16, "prod": 94.0, "target": 12, "value": 0.92704665810388975, "supply": [{"l": "Coconut Oil", "v": 0.0169800666342}, {"l": "Butter, Ghee", "v": 0.098593935295354845}, {"l": "Fats, Animals, Raw", "v": 0.060233344479425674}, {"l": "Soyabean Oil", "v": 0.75123931169490921}]}, {"source": 16, "prod": 1189.0, "target": 4, "value": 4.0079346428806106, "supply": [{"l": "Maize", "v": 0.73157045373459118}, {"l": "Oats", "v": 0.081889683058553209}, {"l": "Cereals, Other", "v": 0.0080311125972567562}, {"l": "Barley", "v": 0.12752052712600134}, {"l": "Sorghum", "v": 0.18033694317831259}, {"l": "Wheat", "v": 2.8785859231858955}]}, {"source": 16, "prod": 6.0, "target": 9, "value": 0.0033075851746654406, "supply": [{"l": "Oranges, Mandarines", "v": 0.0017706013174348279}, {"l": "Plantains", "v": 0.00096333295742655851}, {"l": "Grapes", "v": 0.00057365089980405406}]}, {"source": 16, "prod": 20.0, "target": 7, "value": 0.094333703523333354, "supply": [{"l": "Soyabeans", "v": 0.094333703523333354}]}, {"source": 5, "prod": 4.0, "target": 17, "value": 0.0039073962673067328, "supply": [{"l": "Fish, Body Oil", "v": 0.0034866666600000002}, {"l": "Beer", "v": 0.00042072960730673279}]}, {"source": 3, "prod": 1.0, "target": 17, "value": 0.0013325164399035875, "supply": [{"l": "Meat, Other", "v": 0.0013325164399035875}]}, {"source": 4, "prod": 2.0, "target": 17, "value": 0.0070006741984171396, "supply": [{"l": "Maize", "v": 0.0070006741984171396}]}, {"source": 8, "prod": 434.0, "target": 17, "value": 1.7965027033613061, "supply": [{"l": "Sugar", "v": 1.7965027033613061}]}, {"source": 9, "prod": 10.0, "target": 17, "value": 0.014018319568953937, "supply": [{"l": "Treenuts", "v": 0.0028618089832921352}, {"l": "Vegetables, Other", "v": 0.0014984174580127073}, {"l": "Fruits, Other", "v": 0.00062484145848022081}, {"l": "Beans", "v": 0.0079772125127114107}, {"l": "Grapes", "v": 0.00057365089980405406}, {"l": "Onions", "v": 0.00048238825665340913}]}, {"source": 10, "prod": 47.0, "target": 17, "value": 0.023820297026954457, "supply": [{"l": "Coffee", "v": 0.016241802867495655}, {"l": "Cocoa Beans", "v": 0.0047166851761666672}, {"l": "Nuts", "v": 0.0028618089832921352}]}, {"source": 2, "prod": 3940.0, "target": 17, "value": 2.6802381302403773, "supply": [{"l": "Pelagic Fish", "v": 1.3859165885231184}, {"l": "Fish, Seafood", "v": 1.2461688072677917}, {"l": "Crustaceans", "v": 0.00061521980558695648}, {"l": "Demersal Fish", "v": 0.047537514643880154}]}, {"source": 11, "prod": 4.0, "target": 17, "value": 0.040428730081428582, "supply": [{"l": "Palm Oil", "v": 0.040428730081428582}]}, {"source": 11, "prod": 26.0, "target": 18, "value": 0.2683476933823834, "supply": [{"l": "Soyabean Oil", "v": 0.2572737368818182}, {"l": "Oilcrops Oil, Other", "v": 0.011073956500565219}]}, {"source": 3, "prod": 64.0, "target": 18, "value": 0.034300178137870271, "supply": [{"l": "Milk - Excluding Butter", "v": 0.034300178137870271}]}, {"source": 10, "prod": 10.0, "target": 18, "value": 0.0036913188335217389, "supply": [{"l": "Coffee", "v": 0.0036913188335217389}]}, {"source": 2, "prod": 2.0, "target": 18, "value": 0.0010007897819764243, "supply": [{"l": "Demersal Fish", "v": 0.0010007897819764243}]}, {"source": 4, "prod": 55.0, "target": 18, "value": 0.18714211084541874, "supply": [{"l": "Wheat", "v": 0.18714211084541874}]}, {"source": 19, "prod": 278.0, "target": 1, "value": 0.19083206548055792, "supply": [{"l": "Pelagic Fish", "v": 0.10353699167195123}, {"l": "Fish, Seafood", "v": 0.08729507380860671}]}, {"source": 7, "prod": 4.0, "target": 18, "value": 0.018866740704666669, "supply": [{"l": "Cottonseed", "v": 0.018866740704666669}]}, {"source": 8, "prod": 1.0, "target": 18, "value": 0.0039910413029102566, "supply": [{"l": "Sweeteners, Other", "v": 0.0039910413029102566}]}, {"source": 19, "prod": 33.0, "target": 4, "value": 0.1384352142625743, "supply": [{"l": "Barley", "v": 0.011335157966755676}, {"l": "Rice", "v": 0.12710005629581861}]}, {"source": 1, "prod": 5286.0, "target": 2, "value": 3.5871490164628557, "supply": [{"l": "Pelagic Fish", "v": 1.7623475082447124}, {"l": "Crustaceans", "v": 0.001230439611173913}, {"l": "Freshwater Fish", "v": 0.0068129896989074078}, {"l": "Molluscs, Other", "v": 0.02208222218}, {"l": "Marine Fish, Other", "v": 0.033847308905382061}, {"l": "Fish, Seafood", "v": 1.6712578623357897}, {"l": "Demersal Fish", "v": 0.089570685486889984}]}, {"source": 1, "prod": 1635.0, "target": 3, "value": 1.3474184878232904, "supply": [{"l": "Poultry Meat", "v": 0.28476582001234158}, {"l": "Pigmeat", "v": 0.082161612746129029}, {"l": "Bovine Meat", "v": 0.11771641939667024}, {"l": "Eggs", "v": 0.083119207300279718}, {"l": "Milk - Excluding Butter", "v": 0.63884081781783364}, {"l": "Offals, Edible", "v": 0.041201632274161765}, {"l": "Meat, Other", "v": 0.049303108276432736}, {"l": "Mutton & Goat Meat", "v": 0.060699770911976633}]}, {"source": 12, "prod": 742.0, "target": 5, "value": 1.052350669789972, "supply": [{"l": "Fats, Animals, Raw", "v": 0.21511908742652025}, {"l": "Alcohol, Non-Food", "v": 0.0052131783526052633}, {"l": "Fish, Body Oil", "v": 0.12668222198000001}, {"l": "Beer", "v": 0.19774291543416442}, {"l": "Beverages, Alcoholic", "v": 0.36121586704634173}, {"l": "Butter, Ghee", "v": 0.13967474166841937}, {"l": "Wine", "v": 0.0067026578819210534}]}, {"source": 12, "prod": 101.0, "target": 11, "value": 1.0342470139056832, "supply": [{"l": "Palm Oil", "v": 0.070750277642500012}, {"l": "Cottonseed Oil", "v": 0.18420340143350894}, {"l": "Coconut Oil", "v": 0.0169800666342}, {"l": "Oilcrops Oil, Other", "v": 0.011073956500565219}, {"l": "Soyabean Oil", "v": 0.7512393116949091}]}, {"source": 12, "prod": 1037.0, "target": 8, "value": 4.2891136395352101, "supply": [{"l": "Sweeteners, Other", "v": 0.0039910413029102566}, {"l": "Sugar non-centrifugal", "v": 0.05464849031696551}, {"l": "Sugar", "v": 4.2304741079153336}]}, {"source": 20, "prod": 0, "target": 4, "value": 0.0025360244899765043, "supply": "[{\"l\":'Energy for power irrigation',\"v\":0.0025360244899765043}]"}, {"source": 20, "prod": 0, "target": 7, "value": 0.00021485848139287124, "supply": "[{\"l\":'Energy for power irrigation',\"v\":0.00021485848139287124}]"}, {"source": 20, "prod": 0, "target": 13, "value": 0.011387907990022544, "supply": "[{\"l\":'Energy for power irrigation',\"v\":0.011387907990022544}]"}, {"source": 20, "prod": 0, "target": 0, "value": 0.002896913213000462, "supply": "[{\"l\":'Energy for power irrigation',\"v\":0.002896913213000462}]"}, {"source": 20, "prod": 0, "target": 9, "value": 0.0030470282166352152, "supply": "[{\"l\":'Energy for power irrigation',\"v\":0.0030470282166352152}]"}, {"source": 20, "prod": 0, "target": 10, "value": 0.00011151400270010239, "supply": "[{\"l\":'Energy for power irrigation',\"v\":0.00011151400270010239}]"}, {"source": 20, "prod": 0, "target": 12, "value": 0.1970000001576, "supply": "[{\"l\":'Electricity',\"v\":0.1970000001576}]"}, {"source": 21, "prod": 0, "target": 20, "value": 0.15397305474710618, "supply": [{"l": "Coal", "v": 0.0}, {"l": "Natural gas", "v": 0.015339839251949056}, {"l": "Oil", "v": 0.13863321549515711}]}, {"source": 22, "prod": 0, "target": 20, "value": 0.15781522818981691, "supply": [{"l": "Nuclear", "v": 0.0}, {"l": "Hydroelectric", "v": 0.15172119831556516}, {"l": "Renewable", "v": 0.0060940298742517551}]}, {"source": 21, "prod": 0, "target": 4, "value": 0.7032333489540622, "supply": [{"l": "Motor Gasoline", "v": 0.015453505750189304}, {"l": "Gas-Diesel oil", "v": 0.21300023952743993}, {"l": "Natural gas (including LNG)", "v": 0.035383760720711852}, {"l": "Fuel oil", "v": 0.33259572285463862}, {"l": "Liquefied petroleum gas (LPG)", "v": 0.0066000074219770121}, {"l": "Coal", "v": 0.10020011267910554}]}, {"source": 21, "prod": 0, "target": 7, "value": 0.059579728042173909, "supply": [{"l": "Motor Gasoline", "v": 0.0013092605338809009}, {"l": "Gas-Diesel oil", "v": 0.018045925101301988}, {"l": "Natural gas (including LNG)", "v": 0.0029978027122645455}, {"l": "Fuel oil", "v": 0.028178360348158151}, {"l": "Liquefied petroleum gas (LPG)", "v": 0.0005591695101811883}, {"l": "Coal", "v": 0.0084892098363871325}]}, {"source": 21, "prod": 0, "target": 13, "value": 3.1578388556801649, "supply": [{"l": "Motor Gasoline", "v": 0.069393297384155214}, {"l": "Gas-Diesel oil", "v": 0.95646833821140353}, {"l": "Natural gas (including LNG)", "v": 0.15888924299472107}, {"l": "Fuel oil", "v": 1.4935066694796602}, {"l": "Liquefied petroleum gas (LPG)", "v": 0.029637047099508276}, {"l": "Coal", "v": 0.44994426051071656}]}, {"source": 21, "prod": 0, "target": 0, "value": 0.80330690356482393, "supply": [{"l": "Motor Gasoline", "v": 0.017652615411185076}, {"l": "Gas-Diesel oil", "v": 0.24331121828599564}, {"l": "Natural gas (including LNG)", "v": 0.04041904341327026}, {"l": "Fuel oil", "v": 0.37992572545463427}, {"l": "Liquefied petroleum gas (LPG)", "v": 0.0075392208482984559}, {"l": "Coal", "v": 0.1144590801514402}]}, {"source": 21, "prod": 0, "target": 9, "value": 0.84493342458288279, "supply": [{"l": "Motor Gasoline", "v": 0.018567355422974489}, {"l": "Gas-Diesel oil", "v": 0.25591935036722852}, {"l": "Natural gas (including LNG)", "v": 0.042513515840565362}, {"l": "Fuel oil", "v": 0.3996130779792505}, {"l": "Liquefied petroleum gas (LPG)", "v": 0.0079298953634915886}, {"l": "Coal", "v": 0.12039022960937229}]}, {"source": 21, "prod": 0, "target": 10, "value": 0.030922558470557943, "supply": [{"l": "Motor Gasoline", "v": 0.00067952115161499236}, {"l": "Gas-Diesel oil", "v": 0.0093660409746301205}, {"l": "Natural gas (including LNG)", "v": 0.0015558938031335001}, {"l": "Fuel oil", "v": 0.01462489044685775}, {"l": "Liquefied petroleum gas (LPG)", "v": 0.00029021535414346854}, {"l": "Coal", "v": 0.0044059967401781129}]}, {"source": 21, "prod": 0, "target": 1, "value": 2.0672076127648769, "supply": [{"l": "Gas-diesel oils used in fisheries", "v": 0.63411861161840588}, {"l": "Fuel oil used in fisheries", "v": 1.433089001146471}]}, {"source": 23, "prod": 17.479568479711958, "target": 4, "value": 0.26089511722438885, "supply": [{"l": "Potash", "v": 0.035484222250609598}, {"l": "Phosphate", "v": 0.076730541728051105}, {"l": "Nitrogen", "v": 1.9652810571277801}]}, {"source": 23, "prod": 1.4809137505562517, "target": 7, "value": 0.022103701644524205, "supply": [{"l": "Potash", "v": 0.035484222250609598}, {"l": "Phosphate", "v": 0.076730541728051105}, {"l": "Nitrogen", "v": 1.9652810571277801}]}, {"source": 23, "prod": 78.491244204862653, "target": 13, "value": 1.1715382094062556, "supply": [{"l": "Potash", "v": 0.035484222250609598}, {"l": "Phosphate", "v": 0.076730541728051105}, {"l": "Nitrogen", "v": 1.9652810571277801}]}, {"source": 23, "prod": 19.96699680407783, "target": 0, "value": 0.29802177198282448, "supply": [{"l": "Potash", "v": 0.035484222250609598}, {"l": "Phosphate", "v": 0.076730541728051105}, {"l": "Nitrogen", "v": 1.9652810571277801}]}, {"source": 23, "prod": 21.001665631700309, "target": 9, "value": 0.31346494756146071, "supply": [{"l": "Potash", "v": 0.035484222250609598}, {"l": "Phosphate", "v": 0.076730541728051105}, {"l": "Nitrogen", "v": 1.9652810571277801}]}, {"source": 23, "prod": 0.7686111290909825, "target": 10, "value": 0.011472073286986899, "supply": [{"l": "Potash", "v": 0.035484222250609598}, {"l": "Phosphate", "v": 0.076730541728051105}, {"l": "Nitrogen", "v": 1.9652810571277801}]}, {"source": 21, "prod": 0, "target": 23, "value": 2.4815188450657626, "supply": [{"l": "Natural gas (including LNG)", "v": 1.6793033137197562}, {"l": "Fuel oil", "v": 0.45481046718813878}, {"l": "Liquefied petroleum gas (LPG)", "v": 0.17370253207893377}, {"l": "Coal", "v": 0.17370253207893377}]}, {"source": 24, "prod": 0, "target": 4, "value": 0.14315363411148307, "supply": "[{\"l\":'Labor',\"v\":0.14315363411148307}]"}, {"source": 24, "prod": 0, "target": 7, "value": 0.012128342037954432, "supply": "[{\"l\":'Labor',\"v\":0.012128342037954432}]"}, {"source": 24, "prod": 0, "target": 13, "value": 0.64282518569606784, "supply": "[{\"l\":'Labor',\"v\":0.64282518569606784}]"}, {"source": 24, "prod": 0, "target": 0, "value": 0.16352509835203963, "supply": "[{\"l\":'Labor',\"v\":0.16352509835203963}]"}, {"source": 24, "prod": 0, "target": 9, "value": 0.17199879739946977, "supply": "[{\"l\":'Labor',\"v\":0.17199879739946977}]"}, {"source": 24, "prod": 0, "target": 10, "value": 0.0062947478638052477, "supply": "[{\"l\":'Labor',\"v\":0.0062947478638052477}]"}, {"source": 21, "prod": 0, "target": 16, "value": 1.5170660977176749, "supply": "[{\"l\":'Fossil Fuels',\"v\":1.5170660977176749}]"}, {"source": 22, "prod": 0, "target": 16, "value": 0.88885614110580236, "supply": "[{\"l\":'Renewables & Nuclear',\"v\":0.11439315786108084},{\"l\":'Biomass & Waste',\"v\":0.77446298324472151}]"}]}