{"nodes": [{"name": "Balance", "fill": "#9edae5"}, {"name": "Food", "fill": "#b5cf6b"}, {"name": "Stock Deposit", "fill": "#c7c7c7"}, {"name": "Export", "fill": "#aec7e8"}, {"name": "Biofuels & Other", "fill": "#e7ba52"}, {"name": "Renewables & Nuclear", "fill": "#2ca02c"}, {"name": "Fossil Fuels", "fill": "#c49c94"}, {"name": "Stock Draw", "fill": "#c7c7c7"}, {"name": "Labor", "fill": "#7f7f7f"}], "links": [{"source": 0, "target": 1, "value": 16.572436203696419}, {"source": 0, "target": 2, "value": 0.9587619928290998}, {"source": 0, "target": 3, "value": 2.5027528244323092}, {"source": 0, "target": 4, "value": 0.4357385246677648}, {"source": 5, "target": 0, "value": 1.9567681732883844}, {"source": 6, "target": 0, "value": 11.817474842884039}, {"source": 7, "target": 0, "value": 0.1859404138120542}, {"source": 8, "target": 0, "value": 1.3319499624182507}]}