{"nodes": [{"layer": 13, "name": "Milk - Excluding Butter"}, {"layer": 10, "name": "Feed", "fill": "#dbdb8d"}, {"layer": 5, "name": "Cereals - Excluding Beer"}, {"layer": 5, "name": "Starchy Roots"}, {"layer": 13, "name": "Fish, Seafood"}, {"layer": 13, "name": "Animal Fats"}, {"layer": 16, "name": "Food", "fill": "#b5cf6b"}, {"layer": 13, "name": "Eggs"}, {"layer": 13, "name": "Meat"}, {"layer": 13, "name": "Sugar & Sweeteners"}, {"layer": 5, "name": "Treenuts"}, {"layer": 5, "name": "Vegetables"}, {"layer": 13, "name": "Alcoholic Beverages"}, {"layer": 5, "name": "Pulses"}, {"layer": 5, "name": "Others"}, {"layer": 5, "name": "Fruits - Excluding Wine"}, {"layer": 5, "name": "Spices"}, {"layer": 5, "name": "Stimulants"}, {"layer": 13, "name": "Vegetable Oils", "fill": "#f7b6d2"}, {"layer": 5, "name": "Oilcrops", "fill": "#ff9896"}, {"layer": 10, "name": "Processing", "fill": "#9edae5"}, {"layer": 5, "name": "Sugar Crops", "fill": "#ffbb78"}, {"layer": 16, "name": "Biofuels & Other", "fill": "#e7ba52"}, {"layer": 13, "name": "Aquatic Products, Other"}, {"name": "Seed", "fill": "#dbdb8d"}, {"name": "Waste", "fill": "#c7c7c7"}, {"layer": 0, "name": "Import", "fill": "#aec7e8"}, {"layer": 16, "name": "Export", "fill": "#aec7e8"}, {"layer": 0, "name": "Stock Draw", "fill": "#c7c7c7"}, {"layer": 16, "name": "Stock Deposit", "fill": "#c7c7c7"}, {"layer": 0, "name": "Production", "fill": "#b5cf6b"}], "links": [{"source": 0, "prod": 0.015811491395495047, "target": 1, "value": 28.0, "supply": [{"l": "Milk - Excluding Butter", "v": 28.0}]}, {"source": 2, "prod": 2.0882158121960868, "target": 1, "value": 592.0, "supply": [{"l": "Maize", "v": 575.0}, {"l": "Oats", "v": 1.0}, {"l": "Barley", "v": 12.0}, {"l": "Sorghum", "v": 4.0}]}, {"source": 3, "prod": 0.11582855645159468, "target": 1, "value": 66.0, "supply": [{"l": "Sweet potatoes", "v": 15.0}, {"l": "Cassava", "v": 51.0}]}, {"source": 4, "prod": 0.10813831198678131, "target": 1, "value": 146.0, "supply": [{"l": "Pelagic Fish", "v": 54.0}, {"l": "Demersal Fish", "v": 19.0}, {"l": "Fish, Seafood", "v": 73.0}]}, {"source": 5, "prod": 0.037901934451339284, "target": 1, "value": 3.0, "supply": [{"l": "Fish, Body Oil", "v": 1.0}, {"l": "Butter, Ghee", "v": 2.0}]}, {"source": 0, "prod": 0.50483833241330611, "target": 6, "value": 894.0, "supply": [{"l": "Milk - Excluding Butter", "v": 894.0}]}, {"source": 7, "prod": 0.030435968495264153, "target": 6, "value": 19.0, "supply": [{"l": "Eggs", "v": 19.0}]}, {"source": 8, "prod": 0.42596080590158109, "target": 6, "value": 281.0, "supply": [{"l": "Pigmeat", "v": 44.0}, {"l": "Mutton & Goat Meat", "v": 40.0}, {"l": "Meat, Other", "v": 37.0}, {"l": "Poultry Meat", "v": 43.0}, {"l": "Offals, Edible", "v": 32.0}, {"l": "Bovine Meat", "v": 85.0}]}, {"source": 9, "prod": 1.4918108451534646, "target": 6, "value": 361.0, "supply": [{"l": "Sugar", "v": 345.0}, {"l": "Sugar non-centrifugal", "v": 16.0}]}, {"source": 10, "prod": 0.0070750277642500003, "target": 6, "value": 1.0, "supply": [{"l": "Treenuts", "v": 1.0}]}, {"source": 11, "prod": 0.2369595495670673, "target": 6, "value": 636.0, "supply": [{"l": "Tomatoes", "v": 55.0}, {"l": "Vegetables, Other", "v": 467.0}, {"l": "Onions", "v": 114.0}]}, {"source": 12, "prod": 0.37552471095340556, "target": 6, "value": 304.0, "supply": [{"l": "Beer", "v": 212.0}, {"l": "Beverages, Alcoholic", "v": 81.0}, {"l": "Wine", "v": 11.0}]}, {"source": 5, "prod": 0.32049875772052505, "target": 6, "value": 38.0, "supply": [{"l": "Butter, Ghee", "v": 14.0}, {"l": "Fats, Animals, Raw", "v": 24.0}]}, {"source": 3, "prod": 2.3804943491247488, "target": 6, "value": 1844.0, "supply": [{"l": "Roots, Other", "v": 117.0}, {"l": "Potatoes", "v": 1204.0}, {"l": "Sweet potatoes", "v": 120.0}, {"l": "Cassava", "v": 403.0}]}, {"source": 13, "prod": 0.46821037686109152, "target": 6, "value": 119.0, "supply": [{"l": "Peas", "v": 19.0}, {"l": "Pulses, Other", "v": 33.0}, {"l": "Beans", "v": 67.0}]}, {"source": 4, "prod": 0.2416812231618263, "target": 6, "value": 335.0, "supply": [{"l": "Freshwater Fish", "v": 3.0}, {"l": "Marine Fish, Other", "v": 29.0}, {"l": "Pelagic Fish", "v": 76.0}, {"l": "Fish, Seafood", "v": 168.0}, {"l": "Molluscs, Other", "v": 6.0}, {"l": "Demersal Fish", "v": 53.0}]}, {"source": 14, "prod": 0.011320044422800001, "target": 6, "value": 2.0, "supply": [{"l": "Nuts", "v": 1.0}, {"l": "Infant food", "v": 1.0}]}, {"source": 15, "prod": 1.0158439131287946, "target": 6, "value": 1316.0, "supply": [{"l": "Plantains", "v": 710.0}, {"l": "Grapefruit", "v": 9.0}, {"l": "Grapes", "v": 25.0}, {"l": "Dates", "v": 1.0}, {"l": "Apples", "v": 88.0}, {"l": "Lemons, Limes", "v": 60.0}, {"l": "Pineapples", "v": 21.0}, {"l": "Fruits, Other", "v": 232.0}, {"l": "Oranges, Mandarines", "v": 170.0}]}, {"source": 2, "prod": 3.0159347313648017, "target": 6, "value": 864.0, "supply": [{"l": "Rye", "v": 1.0}, {"l": "Barley", "v": 136.0}, {"l": "Cereals, Other", "v": 15.0}, {"l": "Rice", "v": 215.0}, {"l": "Wheat", "v": 476.0}, {"l": "Oats", "v": 21.0}]}, {"source": 16, "prod": 0.002497068622676471, "target": 6, "value": 1.0, "supply": [{"l": "Spices, Other", "v": 1.0}]}, {"source": 17, "prod": 0.012033864188300224, "target": 6, "value": 14.0, "supply": [{"l": "Cocoa Beans", "v": 4.0}, {"l": "Coffee", "v": 8.0}, {"l": "Tea", "v": 2.0}]}, {"source": 18, "prod": 0.46571076661330613, "target": 6, "value": 45.0, "supply": [{"l": "Soyabean Oil", "v": 3.0}, {"l": "Sunflowerseed Oil", "v": 20.0}, {"l": "Coconut Oil", "v": 1.0}, {"l": "Cottonseed Oil", "v": 21.0}]}, {"source": 19, "prod": 0.068387812077864082, "target": 6, "value": 18.0, "supply": [{"l": "Coconuts - Incl Copra", "v": 14.0}, {"l": "Groundnuts", "v": 3.0}, {"l": "Soyabeans", "v": 1.0}]}, {"source": 3, "prod": 0.0056370139910284552, "target": 20, "value": 3.0, "supply": [{"l": "Cassava", "v": 3.0}]}, {"source": 2, "prod": 0.18700352519811173, "target": 20, "value": 54.0, "supply": [{"l": "Barley", "v": 33.0}, {"l": "Rice", "v": 21.0}]}, {"source": 21, "prod": 3.167984555889571, "target": 20, "value": 8433.0, "supply": [{"l": "Sugar cane", "v": 8433.0}]}, {"source": 19, "prod": 0.77289624733171092, "target": 20, "value": 145.57142857142858, "supply": [{"l": "Cottonseed", "v": 134.0}, {"l": "Oilcrops, Other", "v": 7.0}, {"l": "Oil Palm", "v": 4.5714285714285721}]}, {"source": 15, "prod": 0.021532693195543476, "target": 20, "value": 35.0, "supply": [{"l": "Grapes", "v": 35.0}]}, {"source": 2, "prod": 0.0032770447071099364, "target": 22, "value": 1.0, "supply": [{"l": "Wheat", "v": 1.0}]}, {"source": 18, "prod": 0.048896881321816084, "target": 22, "value": 5.0, "supply": [{"l": "Cottonseed Oil", "v": 1.0}, {"l": "Oilcrops Oil, Other", "v": 4.0}]}, {"source": 12, "prod": 0.0036516272331612904, "target": 22, "value": 4.0, "supply": [{"l": "Alcohol, Non-Food", "v": 4.0}]}, {"source": 23, "prod": 0.0014208985016152256, "target": 22, "value": 2.0, "supply": [{"l": "Aquatic Plants", "v": 1.0}, {"l": "Aquatic Products, Other", "v": 1.0}]}, {"source": 5, "prod": 0.70467276531930012, "target": 22, "value": 38.0, "supply": [{"l": "Fats, Animals, Raw", "v": 8.0}, {"l": "Fish, Body Oil", "v": 30.0}]}, {"source": 3, "prod": 0.30406635193935322, "target": 24, "value": 274.0, "supply": [{"l": "Potatoes", "v": 251.0}, {"l": "Roots, Other", "v": 23.0}]}, {"source": 2, "prod": 0.17194646955279286, "target": 24, "value": 50.0, "supply": [{"l": "Maize", "v": 14.0}, {"l": "Wheat", "v": 13.0}, {"l": "Barley", "v": 14.0}, {"l": "Rice", "v": 9.0}]}, {"source": 7, "prod": 0.0048056792360943405, "target": 7, "value": 3.0, "supply": [{"l": "Eggs", "v": 3.0}]}, {"source": 13, "prod": 0.027473714233776616, "target": 24, "value": 7.0, "supply": [{"l": "Peas", "v": 2.0}, {"l": "Beans", "v": 4.0}, {"l": "Pulses, Other", "v": 1.0}]}, {"source": 19, "prod": 0.0424501665855, "target": 24, "value": 8.0, "supply": [{"l": "Cottonseed", "v": 8.0}]}, {"source": 0, "prod": 0.0084704418190152033, "target": 25, "value": 15.0, "supply": [{"l": "Milk - Excluding Butter", "v": 15.0}]}, {"source": 19, "prod": 0.0032653974296538461, "target": 25, "value": 1.0, "supply": [{"l": "Coconuts - Incl Copra", "v": 1.0}]}, {"source": 11, "prod": 0.029743168311563557, "target": 25, "value": 81.0, "supply": [{"l": "Tomatoes", "v": 10.0}, {"l": "Vegetables, Other", "v": 58.0}, {"l": "Onions", "v": 13.0}]}, {"source": 3, "prod": 0.43903388045054526, "target": 25, "value": 354.0, "supply": [{"l": "Roots, Other", "v": 16.0}, {"l": "Potatoes", "v": 272.0}, {"l": "Sweet potatoes", "v": 15.0}, {"l": "Cassava", "v": 51.0}]}, {"source": 13, "prod": 0.02754928886456243, "target": 25, "value": 7.0, "supply": [{"l": "Beans", "v": 4.0}, {"l": "Peas", "v": 1.0}, {"l": "Pulses, Other", "v": 2.0}]}, {"source": 9, "prod": 0.06632186195022971, "target": 25, "value": 16.0, "supply": [{"l": "Sugar", "v": 16.0}]}, {"source": 2, "prod": 0.1080177312993307, "target": 25, "value": 32.0, "supply": [{"l": "Maize", "v": 2.0}, {"l": "Rice", "v": 6.0}, {"l": "Wheat", "v": 14.0}, {"l": "Barley", "v": 10.0}]}, {"source": 17, "prod": 0.0033164192644921874, "target": 25, "value": 5.0, "supply": [{"l": "Coffee", "v": 5.0}]}, {"source": 7, "prod": 0.0016018930786981134, "target": 25, "value": 1.0, "supply": [{"l": "Eggs", "v": 1.0}]}, {"source": 15, "prod": 0.18069717176662689, "target": 25, "value": 235.0, "supply": [{"l": "Grapes", "v": 8.0}, {"l": "Pineapples", "v": 4.0}, {"l": "Fruits, Other", "v": 40.0}, {"l": "Grapefruit", "v": 2.0}, {"l": "Apples", "v": 15.0}, {"l": "Lemons, Limes", "v": 11.0}, {"l": "Oranges, Mandarines", "v": 30.0}, {"l": "Plantains", "v": 125.0}]}, {"source": 8, "prod": 0.0059456221843969493, "target": 25, "value": 4.0, "supply": [{"l": "Bovine Meat", "v": 2.0}, {"l": "Poultry Meat", "v": 1.0}, {"l": "Offals, Edible", "v": 1.0}]}, {"source": 26, "prod": 0.00424501665855, "target": 14, "value": 1.0, "supply": [{"l": "Infant food", "v": 1.0}]}, {"source": 26, "prod": 0.14639246505103562, "target": 1, "value": 219.0, "supply": [{"l": "Pigmeat", "v": 1.0}, {"l": "Fish, Seafood", "v": 2.0}, {"l": "Milk - Excluding Butter", "v": 191.0}, {"l": "Mutton & Goat Meat", "v": 8.0}, {"l": "Pelagic Fish", "v": 1.0}, {"l": "Bovine Meat", "v": 11.0}, {"l": "Offals, Edible", "v": 4.0}, {"l": "Demersal Fish", "v": 1.0}]}, {"source": 26, "prod": 2.0157175866337997, "target": 2, "value": 605.0, "supply": [{"l": "Maize", "v": 1.0}, {"l": "Oats", "v": 22.0}, {"l": "Rice", "v": 56.0}, {"l": "Sorghum", "v": 1.0}, {"l": "Cereals, Other", "v": 1.0}, {"l": "Wheat", "v": 492.0}, {"l": "Barley", "v": 32.0}]}, {"source": 26, "prod": 0.023608272334790313, "target": 13, "value": 6.0, "supply": [{"l": "Pulses, Other", "v": 4.0}, {"l": "Peas", "v": 2.0}]}, {"source": 26, "prod": 0.47014558805722273, "target": 20, "value": 53.0, "supply": [{"l": "Coconut Oil", "v": 1.0}, {"l": "Sugar", "v": 2.0}, {"l": "Beverages, Alcoholic", "v": 2.0}, {"l": "Butter, Ghee", "v": 10.0}, {"l": "Fats, Animals, Raw", "v": 17.0}, {"l": "Soyabean Oil", "v": 1.0}, {"l": "Sunflowerseed Oil", "v": 20.0}]}, {"source": 26, "prod": 0.00084986497085057819, "target": 11, "value": 2.0, "supply": [{"l": "Vegetables, Other", "v": 1.0}, {"l": "Onions", "v": 1.0}]}, {"source": 26, "prod": 0.0024257238048857148, "target": 17, "value": 2.0, "supply": [{"l": "Cocoa Beans", "v": 2.0}]}, {"source": 26, "prod": 0.026589995691905881, "target": 15, "value": 42.0, "supply": [{"l": "Fruits, Other", "v": 7.0}, {"l": "Apples", "v": 18.0}, {"l": "Grapes", "v": 14.0}, {"l": "Plantains", "v": 3.0}]}, {"source": 26, "prod": 0.0032653974296538461, "target": 19, "value": 1.0, "supply": [{"l": "Coconuts - Incl Copra", "v": 1.0}]}, {"source": 26, "prod": 0.002497068622676471, "target": 16, "value": 1.0, "supply": [{"l": "Spices, Other", "v": 1.0}]}, {"source": 26, "prod": 0.01720085371169338, "target": 3, "value": 15.0, "supply": [{"l": "Potatoes", "v": 15.0}]}, {"source": 9, "prod": 1.9689302766474444, "target": 27, "value": 475.0, "supply": [{"l": "Sugar", "v": 475.0}]}, {"source": 10, "prod": 0.014150055528500001, "target": 27, "value": 2.0, "supply": [{"l": "Treenuts", "v": 2.0}]}, {"source": 11, "prod": 0.00070621540459370939, "target": 27, "value": 2.0, "supply": [{"l": "Vegetables, Other", "v": 2.0}]}, {"source": 5, "prod": 4.1176661587935, "target": 27, "value": 194.0, "supply": [{"l": "Fish, Body Oil", "v": 194.0}]}, {"source": 13, "prod": 0.011832479947977294, "target": 27, "value": 3.0, "supply": [{"l": "Beans", "v": 2.0}, {"l": "Pulses, Other", "v": 1.0}]}, {"source": 4, "prod": 13.790660560382593, "target": 27, "value": 17406.0, "supply": [{"l": "Pelagic Fish", "v": 8703.0}, {"l": "Fish, Seafood", "v": 8703.0}]}, {"source": 14, "prod": 0.014150055528500001, "target": 27, "value": 2.0, "supply": [{"l": "Nuts", "v": 2.0}]}, {"source": 2, "prod": 0.0035433035938797052, "target": 27, "value": 1.0, "supply": [{"l": "Maize", "v": 1.0}]}, {"source": 18, "prod": 0.0097028952195428592, "target": 27, "value": 1.0, "supply": [{"l": "Palm Oil", "v": 1.0}]}, {"source": 17, "prod": 0.027857921821734376, "target": 27, "value": 42.0, "supply": [{"l": "Coffee", "v": 42.0}]}, {"source": 28, "prod": 0.001326567705796875, "target": 17, "value": 2.0, "supply": [{"l": "Coffee", "v": 2.0}]}, {"source": 2, "prod": 0.96516296334391782, "target": 29, "value": 254.0, "supply": [{"l": "Wheat", "v": 140.0}, {"l": "Rice", "v": 114.0}]}, {"source": 4, "prod": 1.7652299051207867, "target": 29, "value": 2228.0, "supply": [{"l": "Pelagic Fish", "v": 1114.0}, {"l": "Fish, Seafood", "v": 1114.0}]}, {"source": 5, "prod": 1.46453074719975, "target": 29, "value": 69.0, "supply": [{"l": "Fish, Body Oil", "v": 69.0}]}, {"source": 19, "prod": 0.10612541646375, "target": 29, "value": 20.0, "supply": [{"l": "Cottonseed", "v": 20.0}]}, {"source": 9, "prod": 0.0040643776518031914, "target": 29, "value": 1.0, "supply": [{"l": "Sweeteners, Other", "v": 1.0}]}, {"source": 28, "prod": 0.022011197488777778, "target": 20, "value": 2.0, "supply": [{"l": "Soyabean Oil", "v": 2.0}]}, {"source": 30, "prod": 0.014150055528500001, "target": 10, "value": 2.0, "supply": [{"l": "Treenuts", "v": 2.0}]}, {"source": 30, "prod": 0.50356139579893211, "target": 13, "value": 128.0, "supply": [{"l": "Peas", "v": 20.0}, {"l": "Pulses, Other", "v": 32.0}, {"l": "Beans", "v": 76.0}]}, {"source": 30, "prod": 0.26655906831237403, "target": 11, "value": 717.0, "supply": [{"l": "Tomatoes", "v": 65.0}, {"l": "Vegetables, Other", "v": 526.0}, {"l": "Onions", "v": 126.0}]}, {"source": 30, "prod": 3.167984555889571, "target": 21, "value": 8433.0, "supply": [{"l": "Sugar cane", "v": 8433.0}]}, {"source": 30, "prod": 0.014150055528500001, "target": 14, "value": 2.0, "supply": [{"l": "Nuts", "v": 2.0}]}, {"source": 30, "prod": 3.225274261705219, "target": 3, "value": 2524.0, "supply": [{"l": "Roots, Other", "v": 155.0}, {"l": "Potatoes", "v": 1712.0}, {"l": "Sweet potatoes", "v": 150.0}, {"l": "Cassava", "v": 507.0}]}, {"source": 30, "prod": 1.1908966431655115, "target": 15, "value": 1543.0, "supply": [{"l": "Plantains", "v": 832.0}, {"l": "Grapefruit", "v": 10.0}, {"l": "Grapes", "v": 54.0}, {"l": "Dates", "v": 1.0}, {"l": "Apples", "v": 85.0}, {"l": "Lemons, Limes", "v": 71.0}, {"l": "Pineapples", "v": 25.0}, {"l": "Fruits, Other", "v": 265.0}, {"l": "Oranges, Mandarines", "v": 200.0}]}, {"source": 30, "prod": 4.5260844539199718, "target": 2, "value": 1243.0, "supply": [{"l": "Maize", "v": 591.0}, {"l": "Rye", "v": 1.0}, {"l": "Barley", "v": 172.0}, {"l": "Cereals, Other", "v": 14.0}, {"l": "Rice", "v": 308.0}, {"l": "Wheat", "v": 152.0}, {"l": "Oats", "v": 1.0}, {"l": "Sorghum", "v": 4.0}]}, {"source": 30, "prod": 0.039455913763844198, "target": 17, "value": 57.0, "supply": [{"l": "Cocoa Beans", "v": 2.0}, {"l": "Coffee", "v": 53.0}, {"l": "Tea", "v": 2.0}]}, {"source": 30, "prod": 1.0148749191967088, "target": 19, "value": 200.57142857142858, "supply": [{"l": "Olives", "v": 10.0}, {"l": "Coconuts - Incl Copra", "v": 14.0}, {"l": "Cottonseed", "v": 161.0}, {"l": "Groundnuts", "v": 3.0}, {"l": "Oilcrops, Other", "v": 7.0}, {"l": "Soyabeans", "v": 1.0}, {"l": "Oil Palm", "v": 4.5714285714285721}]}, {"source": 1, "prod": 0.52912026562781644, "target": 0, "value": 937.0, "supply": [{"l": "Milk - Excluding Butter", "v": 937.0}]}, {"source": 1, "prod": 0.032037861573962267, "target": 7, "value": 20.0, "supply": [{"l": "Eggs", "v": 23.0}]}, {"source": 1, "prod": 0.43190642808597801, "target": 8, "value": 285.0, "supply": [{"l": "Pigmeat", "v": 44.0}, {"l": "Bovine Meat", "v": 87.0}, {"l": "Poultry Meat", "v": 44.0}, {"l": "Offals, Edible", "v": 33.0}, {"l": "Meat, Other", "v": 37.0}, {"l": "Mutton & Goat Meat", "v": 40.0}]}, {"source": 1, "prod": 15.905710000651988, "target": 4, "value": 20115.0, "supply": [{"l": "Pelagic Fish", "v": 9947.0}, {"l": "Freshwater Fish", "v": 3.0}, {"l": "Molluscs, Other", "v": 6.0}, {"l": "Marine Fish, Other", "v": 29.0}, {"l": "Fish, Seafood", "v": 10058.0}, {"l": "Demersal Fish", "v": 72.0}]}, {"source": 1, "prod": 0.0014208985016152256, "target": 23, "value": 2.0, "supply": [{"l": "Aquatic Plants", "v": 1.0}, {"l": "Aquatic Products, Other", "v": 1.0}]}, {"source": 20, "prod": 3.5311273614029419, "target": 9, "value": 853.0, "supply": [{"l": "Sweeteners, Other", "v": 1.0}, {"l": "Sugar non-centrifugal", "v": 16.0}, {"l": "Sugar", "v": 836.0}]}, {"source": 20, "prod": 0.52431054315466508, "target": 18, "value": 51.0, "supply": [{"l": "Soyabean Oil", "v": 3.0}, {"l": "Coconut Oil", "v": 1.0}, {"l": "Palm Oil", "v": 1.0}, {"l": "Cottonseed Oil", "v": 22.0}, {"l": "Oilcrops Oil, Other", "v": 4.0}, {"l": "Sunflowerseed Oil", "v": 20.0}]}, {"source": 20, "prod": 0.37917633818656687, "target": 12, "value": 308.0, "supply": [{"l": "Beer", "v": 212.0}, {"l": "Beverages, Alcoholic", "v": 81.0}, {"l": "Alcohol, Non-Food", "v": 4.0}, {"l": "Wine", "v": 11.0}]}, {"source": 20, "prod": 6.6452703634844141, "target": 5, "value": 342.0, "supply": [{"l": "Fats, Animals, Raw", "v": 32.0}, {"l": "Fish, Body Oil", "v": 294.0}, {"l": "Butter, Ghee", "v": 16.0}]}]}