{"nodes": [{"layer": 3, "name": "Maize"}, {"layer": 5, "name": "Production", "fill": "#b5cf6b"}, {"layer": 3, "name": "Olives"}, {"layer": 3, "name": "Vegetables, Other"}, {"layer": 3, "name": "Plantains"}, {"layer": 3, "name": "Rye"}, {"layer": 3, "name": "Nuts"}, {"layer": 3, "name": "Dates"}, {"layer": 3, "name": "Grapefruit"}, {"layer": 3, "name": "Barley"}, {"layer": 3, "name": "Apples"}, {"layer": 3, "name": "Rice"}, {"layer": 3, "name": "Tomatoes"}, {"layer": 3, "name": "Cereals, Other"}, {"layer": 3, "name": "Coffee"}, {"layer": 3, "name": "Wheat"}, {"layer": 3, "name": "Coconuts - Incl Copra"}, {"layer": 3, "name": "Treenuts"}, {"layer": 3, "name": "Roots, Other"}, {"layer": 3, "name": "Peas"}, {"layer": 3, "name": "Soyabeans"}, {"layer": 3, "name": "Grapes"}, {"layer": 3, "name": "Groundnuts"}, {"layer": 3, "name": "Oilcrops, Other"}, {"layer": 3, "name": "Oats"}, {"layer": 3, "name": "Cocoa Beans"}, {"layer": 3, "name": "Cottonseed"}, {"layer": 3, "name": "Potatoes"}, {"layer": 3, "name": "Sugar cane"}, {"layer": 3, "name": "Pineapples"}, {"layer": 3, "name": "Beans"}, {"layer": 3, "name": "Pulses, Other"}, {"layer": 3, "name": "Lemons, Limes"}, {"layer": 3, "name": "Sorghum"}, {"layer": 3, "name": "Tea"}, {"layer": 3, "name": "Fruits, Other"}, {"layer": 3, "name": "Sweet potatoes"}, {"layer": 3, "name": "Oranges, Mandarines"}, {"layer": 3, "name": "Cassava"}, {"layer": 3, "name": "Onions"}, {"layer": 1, "name": "Electricity", "fill": "#bcbd22"}, {"layer": 0, "name": "Fossil Fuels", "fill": "#c49c94"}, {"layer": 0, "name": "Renewables & Nuclear", "fill": "#2ca02c"}, {"layer": 1, "name": "Fertilizers", "fill": "#c5b0d5"}, {"layer": 0, "name": "Labor", "fill": "#7f7f7f"}], "links": [{"source": 0, "prod": 357.0, "target": 1, "value": 1.2685153074587794, "supply": [{"l": "Maize", "v": 1.2685153074587794}]}, {"source": 2, "prod": 15.0, "target": 1, "value": 0.017433333299999999, "supply": [{"l": "Olives", "v": 0.017433333299999999}]}, {"source": 3, "prod": 370.0, "target": 1, "value": 0.13627158232299005, "supply": [{"l": "Vegetables, Other", "v": 0.13627158232299005}]}, {"source": 4, "prod": 488.0, "target": 1, "value": 0.46998927891520426, "supply": [{"l": "Plantains", "v": 0.46998927891520426}]}, {"source": 5, "prod": 1.0, "target": 1, "value": 0.0053062708231875, "supply": [{"l": "Rye", "v": 0.0053062708231875}]}, {"source": 6, "prod": 2.0, "target": 1, "value": 0.007718212106454546, "supply": [{"l": "Nuts", "v": 0.007718212106454546}]}, {"source": 7, "prod": 1.0, "target": 1, "value": 0.00061720759171163167, "supply": [{"l": "Dates", "v": 0.00061720759171163167}]}, {"source": 8, "prod": 6.0, "target": 1, "value": 0.0037032455502697902, "supply": [{"l": "Grapefruit", "v": 0.0037032455502697902}]}, {"source": 9, "prod": 200.0, "target": 1, "value": 0.56346977272326637, "supply": [{"l": "Barley", "v": 0.56346977272326637}]}, {"source": 10, "prod": 72.0, "target": 1, "value": 0.044438946603237481, "supply": [{"l": "Apples", "v": 0.044438946603237481}]}, {"source": 11, "prod": 261.0, "target": 1, "value": 1.1415535207878593, "supply": [{"l": "Rice", "v": 1.1415535207878593}]}, {"source": 12, "prod": 23.0, "target": 1, "value": 0.0053942200633508288, "supply": [{"l": "Tomatoes", "v": 0.0053942200633508288}]}, {"source": 13, "prod": 24.0, "target": 1, "value": 0.095642824306922447, "supply": [{"l": "Cereals, Other", "v": 0.095642824306922447}]}, {"source": 14, "prod": 46.0, "target": 1, "value": 0.032545127715550001, "supply": [{"l": "Coffee", "v": 0.032545127715550001}]}, {"source": 15, "prod": 153.0, "target": 1, "value": 0.48730601548090974, "supply": [{"l": "Wheat", "v": 0.48730601548090974}]}, {"source": 16, "prod": 1.0, "target": 1, "value": 0.0030321547561071431, "supply": [{"l": "Coconuts - Incl Copra", "v": 0.0030321547561071431}]}, {"source": 17, "prod": 2.0, "target": 1, "value": 0.007718212106454546, "supply": [{"l": "Treenuts", "v": 0.007718212106454546}]}, {"source": 18, "prod": 133.0, "target": 1, "value": 0.088585860186268309, "supply": [{"l": "Roots, Other", "v": 0.088585860186268309}]}, {"source": 19, "prod": 25.0, "target": 1, "value": 0.098264274503472235, "supply": [{"l": "Peas", "v": 0.098264274503472235}]}, {"source": 20, "prod": 1.0, "target": 1, "value": 0.0047166851761666672, "supply": [{"l": "Soyabeans", "v": 0.0047166851761666672}]}, {"source": 21, "prod": 62.0, "target": 1, "value": 0.040490928127707694, "supply": [{"l": "Grapes", "v": 0.040490928127707694}]}, {"source": 22, "prod": 1.0, "target": 1, "value": 0.0065307948593076922, "supply": [{"l": "Groundnuts", "v": 0.0065307948593076922}]}, {"source": 23, "prod": 7.0, "target": 1, "value": 0.042450166585500007, "supply": [{"l": "Oilcrops, Other", "v": 0.042450166585500007}]}, {"source": 24, "prod": 2.0, "target": 1, "value": 0.0047696816388202246, "supply": [{"l": "Oats", "v": 0.0047696816388202246}]}, {"source": 25, "prod": 2.0, "target": 1, "value": 0.00265313541159375, "supply": [{"l": "Cocoa Beans", "v": 0.00265313541159375}]}, {"source": 26, "prod": 242.0, "target": 1, "value": 1.1414378126323335, "supply": [{"l": "Cottonseed", "v": 1.1414378126323335}]}, {"source": 27, "prod": 1232.0, "target": 1, "value": 1.4107129636826365, "supply": [{"l": "Potatoes", "v": 1.4107129636826365}]}, {"source": 28, "prod": 7950.0, "target": 1, "value": 2.5663788924313691, "supply": [{"l": "Sugar cane", "v": 2.5663788924313691}]}, {"source": 29, "prod": 7.0, "target": 1, "value": 0.0053062708231875009, "supply": [{"l": "Pineapples", "v": 0.0053062708231875009}]}, {"source": 30, "prod": 45.0, "target": 1, "value": 0.17734486040361411, "supply": [{"l": "Beans", "v": 0.17734486040361411}]}, {"source": 31, "prod": 43.0, "target": 1, "value": 0.16991356572121677, "supply": [{"l": "Pulses, Other", "v": 0.16991356572121677}]}, {"source": 32, "prod": 56.0, "target": 1, "value": 0.021083896485924614, "supply": [{"l": "Lemons, Limes", "v": 0.021083896485924614}]}, {"source": 33, "prod": 2.0, "target": 1, "value": 0.0071701243165852311, "supply": [{"l": "Sorghum", "v": 0.0071701243165852311}]}, {"source": 34, "prod": 1.0, "target": 1, "value": 0.0010170352411109375, "supply": [{"l": "Tea", "v": 0.0010170352411109375}]}, {"source": 35, "prod": 212.0, "target": 1, "value": 0.1287841344608758, "supply": [{"l": "Fruits, Other", "v": 0.1287841344608758}]}, {"source": 36, "prod": 146.0, "target": 1, "value": 0.19577649029955327, "supply": [{"l": "Sweet potatoes", "v": 0.19577649029955327}]}, {"source": 37, "prod": 131.0, "target": 1, "value": 0.060390644228421719, "supply": [{"l": "Oranges, Mandarines", "v": 0.060390644228421719}]}, {"source": 38, "prod": 377.0, "target": 1, "value": 0.70941414518225288, "supply": [{"l": "Cassava", "v": 0.70941414518225288}]}, {"source": 39, "prod": 69.0, "target": 1, "value": 0.034751577052197453, "supply": [{"l": "Onions", "v": 0.034751577052197453}]}, {"source": 40, "prod": 0, "target": 0, "value": 0.00012642629672944693, "supply": "[{\"l\":'Energy for power irrigation',\"v\":0.00012642629672944693}]"}, {"source": 40, "prod": 0, "target": 2, "value": 2.7900975829946908e-06, "supply": "[{\"l\":'Energy for power irrigation',\"v\":2.7900975829946908e-06}]"}, {"source": 40, "prod": 0, "target": 18, "value": 4.6385372317286739e-05, "supply": "[{\"l\":'Energy for power irrigation',\"v\":4.6385372317286739e-05}]"}, {"source": 40, "prod": 0, "target": 4, "value": 0.00017159100135417352, "supply": "[{\"l\":'Energy for power irrigation',\"v\":0.00017159100135417352}]"}, {"source": 40, "prod": 0, "target": 5, "value": 3.4876219787433635e-07, "supply": "[{\"l\":'Energy for power irrigation',\"v\":3.4876219787433635e-07}]"}, {"source": 40, "prod": 0, "target": 6, "value": 6.975243957486727e-07, "supply": "[{\"l\":'Energy for power irrigation',\"v\":6.975243957486727e-07}]"}, {"source": 40, "prod": 0, "target": 8, "value": 2.0925731872460185e-06, "supply": "[{\"l\":'Energy for power irrigation',\"v\":2.0925731872460185e-06}]"}, {"source": 40, "prod": 0, "target": 9, "value": 7.2542537157861971e-05, "supply": "[{\"l\":'Energy for power irrigation',\"v\":7.2542537157861971e-05}]"}, {"source": 40, "prod": 0, "target": 25, "value": 8.7190549468584108e-07, "supply": "[{\"l\":'Energy for power irrigation',\"v\":8.7190549468584108e-07}]"}, {"source": 40, "prod": 0, "target": 11, "value": 9.1201314744138965e-05, "supply": "[{\"l\":'Energy for power irrigation',\"v\":9.1201314744138965e-05}]"}, {"source": 40, "prod": 0, "target": 12, "value": 7.8471494521725694e-06, "supply": "[{\"l\":'Energy for power irrigation',\"v\":7.8471494521725694e-06}]"}, {"source": 40, "prod": 0, "target": 13, "value": 8.8934360457955787e-06, "supply": "[{\"l\":'Energy for power irrigation',\"v\":8.8934360457955787e-06}]"}, {"source": 40, "prod": 0, "target": 14, "value": 1.6391823300093809e-05, "supply": "[{\"l\":'Energy for power irrigation',\"v\":1.6391823300093809e-05}]"}, {"source": 40, "prod": 0, "target": 15, "value": 0.00012572877233369827, "supply": "[{\"l\":'Energy for power irrigation',\"v\":0.00012572877233369827}]"}, {"source": 40, "prod": 0, "target": 16, "value": 5.2314329681150463e-07, "supply": "[{\"l\":'Energy for power irrigation',\"v\":5.2314329681150463e-07}]"}, {"source": 40, "prod": 0, "target": 17, "value": 6.975243957486727e-07, "supply": "[{\"l\":'Energy for power irrigation',\"v\":6.975243957486727e-07}]"}, {"source": 40, "prod": 0, "target": 3, "value": 0.00012904201321350448, "supply": "[{\"l\":'Energy for power irrigation',\"v\":0.00012904201321350448}]"}, {"source": 40, "prod": 0, "target": 19, "value": 8.8934360457955787e-06, "supply": "[{\"l\":'Energy for power irrigation',\"v\":8.8934360457955787e-06}]"}, {"source": 40, "prod": 0, "target": 26, "value": 8.4400451885589405e-05, "supply": "[{\"l\":'Energy for power irrigation',\"v\":8.4400451885589405e-05}]"}, {"source": 40, "prod": 0, "target": 21, "value": 2.2669542861831865e-05, "supply": "[{\"l\":'Energy for power irrigation',\"v\":2.2669542861831865e-05}]"}, {"source": 40, "prod": 0, "target": 22, "value": 3.4876219787433635e-07, "supply": "[{\"l\":'Energy for power irrigation',\"v\":3.4876219787433635e-07}]"}, {"source": 40, "prod": 0, "target": 23, "value": 2.4413353851203547e-06, "supply": "[{\"l\":'Energy for power irrigation',\"v\":2.4413353851203547e-06}]"}, {"source": 40, "prod": 0, "target": 7, "value": 3.4876219787433635e-07, "supply": "[{\"l\":'Energy for power irrigation',\"v\":3.4876219787433635e-07}]"}, {"source": 40, "prod": 0, "target": 24, "value": 4.0107652755548685e-06, "supply": "[{\"l\":'Energy for power irrigation',\"v\":4.0107652755548685e-06}]"}, {"source": 40, "prod": 0, "target": 20, "value": 3.4876219787433635e-07, "supply": "[{\"l\":'Energy for power irrigation',\"v\":3.4876219787433635e-07}]"}, {"source": 40, "prod": 0, "target": 27, "value": 0.00043229074426523998, "supply": "[{\"l\":'Energy for power irrigation',\"v\":0.00043229074426523998}]"}, {"source": 40, "prod": 0, "target": 30, "value": 1.6043061102219474e-05, "supply": "[{\"l\":'Energy for power irrigation',\"v\":1.6043061102219474e-05}]"}, {"source": 40, "prod": 0, "target": 10, "value": 2.5808402642700893e-05, "supply": "[{\"l\":'Energy for power irrigation',\"v\":2.5808402642700893e-05}]"}, {"source": 40, "prod": 0, "target": 32, "value": 1.9356301982025668e-05, "supply": "[{\"l\":'Energy for power irrigation',\"v\":1.9356301982025668e-05}]"}, {"source": 40, "prod": 0, "target": 33, "value": 6.975243957486727e-07, "supply": "[{\"l\":'Energy for power irrigation',\"v\":6.975243957486727e-07}]"}, {"source": 40, "prod": 0, "target": 28, "value": 0.002772659473100974, "supply": "[{\"l\":'Energy for power irrigation',\"v\":0.002772659473100974}]"}, {"source": 40, "prod": 0, "target": 29, "value": 2.4413353851203547e-06, "supply": "[{\"l\":'Energy for power irrigation',\"v\":2.4413353851203547e-06}]"}, {"source": 40, "prod": 0, "target": 34, "value": 3.4876219787433635e-07, "supply": "[{\"l\":'Energy for power irrigation',\"v\":3.4876219787433635e-07}]"}, {"source": 40, "prod": 0, "target": 35, "value": 7.4635110345107989e-05, "supply": "[{\"l\":'Energy for power irrigation',\"v\":7.4635110345107989e-05}]"}, {"source": 40, "prod": 0, "target": 36, "value": 5.1093661988590281e-05, "supply": "[{\"l\":'Energy for power irrigation',\"v\":5.1093661988590281e-05}]"}, {"source": 40, "prod": 0, "target": 37, "value": 4.6734134515161078e-05, "supply": "[{\"l\":'Energy for power irrigation',\"v\":4.6734134515161078e-05}]"}, {"source": 40, "prod": 0, "target": 38, "value": 0.00013148334859862482, "supply": "[{\"l\":'Energy for power irrigation',\"v\":0.00013148334859862482}]"}, {"source": 40, "prod": 0, "target": 39, "value": 2.4064591653329213e-05, "supply": "[{\"l\":'Energy for power irrigation',\"v\":2.4064591653329213e-05}]"}, {"source": 40, "prod": 0, "target": 31, "value": 1.5171155607533634e-05, "supply": "[{\"l\":'Energy for power irrigation',\"v\":1.5171155607533634e-05}]"}, {"source": 41, "prod": 0, "target": 40, "value": 0.002984958260933607, "supply": [{"l": "Coal", "v": 0.0}, {"l": "Natural gas", "v": 3.6282519911443585e-05}, {"l": "Oil", "v": 0.0029486757410221633}]}, {"source": 42, "prod": 0, "target": 40, "value": 0.0034058346504062019, "supply": [{"l": "Nuclear", "v": 0.0}, {"l": "Hydroelectric", "v": 0.0032412013342729166}, {"l": "Renewable", "v": 0.0001646333161332851}]}, {"source": 41, "prod": 0, "target": 0, "value": 0.27161317996576811, "supply": [{"l": "Motor Gasoline", "v": 0.0033122646715895961}, {"l": "Gas-Diesel oil", "v": 0.065742536670711532}, {"l": "Natural gas (including LNG)", "v": 0.0078455837126544265}, {"l": "Fuel oil", "v": 0.17103217799198625}, {"l": "Liquefied petroleum gas (LPG)", "v": 0.0014634089107139839}, {"l": "Coal", "v": 0.022217208008112301}]}, {"source": 41, "prod": 0, "target": 2, "value": 0.005994221902692813, "supply": [{"l": "Motor Gasoline", "v": 7.309825482128763e-05}, {"l": "Gas-Diesel oil", "v": 0.0014508697748019097}, {"l": "Natural gas (including LNG)", "v": 0.00017314391641720111}, {"l": "Fuel oil", "v": 0.0037745032384438344}, {"l": "Liquefied petroleum gas (LPG)", "v": 3.2295920788170674e-05}, {"l": "Coal", "v": 0.00049031079742040931}]}, {"source": 41, "prod": 0, "target": 18, "value": 0.099653939132268027, "supply": [{"l": "Motor Gasoline", "v": 0.001215258486403907}, {"l": "Gas-Diesel oil", "v": 0.02412071000608175}, {"l": "Natural gas (including LNG)", "v": 0.0028785176104359688}, {"l": "Fuel oil", "v": 0.062751116339128749}, {"l": "Liquefied petroleum gas (LPG)", "v": 0.00053691968310333753}, {"l": "Coal", "v": 0.008151417007114305}]}, {"source": 41, "prod": 0, "target": 4, "value": 0.36864464701560806, "supply": [{"l": "Motor Gasoline", "v": 0.0044955426715091902}, {"l": "Gas-Diesel oil", "v": 0.08922849115031746}, {"l": "Natural gas (including LNG)", "v": 0.01064835085965787}, {"l": "Fuel oil", "v": 0.23213194916429583}, {"l": "Liquefied petroleum gas (LPG)", "v": 0.0019861991284724967}, {"l": "Coal", "v": 0.030154114041355179}]}, {"source": 41, "prod": 0, "target": 5, "value": 0.00074927773783660162, "supply": [{"l": "Motor Gasoline", "v": 9.1372818526609538e-06}, {"l": "Gas-Diesel oil", "v": 0.00018135872185023872}, {"l": "Natural gas (including LNG)", "v": 2.1642989552150139e-05}, {"l": "Fuel oil", "v": 0.00047181290480547929}, {"l": "Liquefied petroleum gas (LPG)", "v": 4.0369900985213343e-06}, {"l": "Coal", "v": 6.1288849677551164e-05}]}, {"source": 41, "prod": 0, "target": 6, "value": 0.0014985554756732032, "supply": [{"l": "Motor Gasoline", "v": 1.8274563705321908e-05}, {"l": "Gas-Diesel oil", "v": 0.00036271744370047743}, {"l": "Natural gas (including LNG)", "v": 4.3285979104300277e-05}, {"l": "Fuel oil", "v": 0.00094362580961095859}, {"l": "Liquefied petroleum gas (LPG)", "v": 8.0739801970426686e-06}, {"l": "Coal", "v": 0.00012257769935510233}]}, {"source": 41, "prod": 0, "target": 8, "value": 0.0044956664270196104, "supply": [{"l": "Motor Gasoline", "v": 5.4823691115965733e-05}, {"l": "Gas-Diesel oil", "v": 0.0010881523311014323}, {"l": "Natural gas (including LNG)", "v": 0.00012985793731290087}, {"l": "Fuel oil", "v": 0.0028308774288328758}, {"l": "Liquefied petroleum gas (LPG)", "v": 2.4221940591128009e-05}, {"l": "Coal", "v": 0.00036773309806530704}]}, {"source": 41, "prod": 0, "target": 9, "value": 0.15584976947001314, "supply": [{"l": "Motor Gasoline", "v": 0.0019005546253534787}, {"l": "Gas-Diesel oil", "v": 0.037722614144849655}, {"l": "Natural gas (including LNG)", "v": 0.0045017418268472296}, {"l": "Fuel oil", "v": 0.09813708419953969}, {"l": "Liquefied petroleum gas (LPG)", "v": 0.00083969394049243759}, {"l": "Coal", "v": 0.012748080732930643}]}, {"source": 41, "prod": 0, "target": 25, "value": 0.0018731943445915043, "supply": [{"l": "Motor Gasoline", "v": 2.284320463165239e-05}, {"l": "Gas-Diesel oil", "v": 0.00045339680462559684}, {"l": "Natural gas (including LNG)", "v": 5.4107473880375358e-05}, {"l": "Fuel oil", "v": 0.0011795322620136983}, {"l": "Liquefied petroleum gas (LPG)", "v": 1.0092475246303337e-05}, {"l": "Coal", "v": 0.00015322212419387795}]}, {"source": 41, "prod": 0, "target": 11, "value": 0.19593612844427133, "supply": [{"l": "Motor Gasoline", "v": 0.0023893992044708399}, {"l": "Gas-Diesel oil", "v": 0.047425305763837425}, {"l": "Natural gas (including LNG)", "v": 0.0056596417678872616}, {"l": "Fuel oil", "v": 0.12337907460663283}, {"l": "Liquefied petroleum gas (LPG)", "v": 0.001055672910763329}, {"l": "Coal", "v": 0.016027034190679631}]}, {"source": 41, "prod": 0, "target": 12, "value": 0.016858749101323539, "supply": [{"l": "Motor Gasoline", "v": 0.0002055888416848715}, {"l": "Gas-Diesel oil", "v": 0.0040805712416303709}, {"l": "Natural gas (including LNG)", "v": 0.0004869672649233782}, {"l": "Fuel oil", "v": 0.010615790358123284}, {"l": "Liquefied petroleum gas (LPG)", "v": 9.0832277216730027e-05}, {"l": "Coal", "v": 0.0013789991177449014}]}, {"source": 41, "prod": 0, "target": 13, "value": 0.019106582314833344, "supply": [{"l": "Motor Gasoline", "v": 0.00023300068724285437}, {"l": "Gas-Diesel oil", "v": 0.0046246474071810874}, {"l": "Natural gas (including LNG)", "v": 0.00055189623357982862}, {"l": "Fuel oil", "v": 0.012031229072539723}, {"l": "Liquefied petroleum gas (LPG)", "v": 0.00010294324751229403}, {"l": "Coal", "v": 0.0015628656667775549}]}, {"source": 41, "prod": 0, "target": 14, "value": 0.035216053678320279, "supply": [{"l": "Motor Gasoline", "v": 0.00042945224707506492}, {"l": "Gas-Diesel oil", "v": 0.0085238599269612195}, {"l": "Natural gas (including LNG)", "v": 0.0010172205089510567}, {"l": "Fuel oil", "v": 0.022175206525857527}, {"l": "Liquefied petroleum gas (LPG)", "v": 0.00018973853463050272}, {"l": "Coal", "v": 0.0028805759348449053}]}, {"source": 41, "prod": 0, "target": 15, "value": 0.27011462449009488, "supply": [{"l": "Motor Gasoline", "v": 0.0032939901078842741}, {"l": "Gas-Diesel oil", "v": 0.065379819227011055}, {"l": "Natural gas (including LNG)", "v": 0.0078022977335501257}, {"l": "Fuel oil", "v": 0.17008855218237529}, {"l": "Liquefied petroleum gas (LPG)", "v": 0.001455334930516941}, {"l": "Coal", "v": 0.022094630308757197}]}, {"source": 41, "prod": 0, "target": 16, "value": 0.0011239166067549026, "supply": [{"l": "Motor Gasoline", "v": 1.3705922778991433e-05}, {"l": "Gas-Diesel oil", "v": 0.00027203808277535807}, {"l": "Natural gas (including LNG)", "v": 3.2464484328225216e-05}, {"l": "Fuel oil", "v": 0.00070771935720821894}, {"l": "Liquefied petroleum gas (LPG)", "v": 6.0554851477820023e-06}, {"l": "Coal", "v": 9.193327451632676e-05}]}, {"source": 41, "prod": 0, "target": 17, "value": 0.0014985554756732032, "supply": [{"l": "Motor Gasoline", "v": 1.8274563705321908e-05}, {"l": "Gas-Diesel oil", "v": 0.00036271744370047743}, {"l": "Natural gas (including LNG)", "v": 4.3285979104300277e-05}, {"l": "Fuel oil", "v": 0.00094362580961095859}, {"l": "Liquefied petroleum gas (LPG)", "v": 8.0739801970426686e-06}, {"l": "Coal", "v": 0.00012257769935510233}]}, {"source": 41, "prod": 0, "target": 3, "value": 0.27723276299954264, "supply": [{"l": "Motor Gasoline", "v": 0.0033807942854845534}, {"l": "Gas-Diesel oil", "v": 0.067102727084588337}, {"l": "Natural gas (including LNG)", "v": 0.0080079061342955525}, {"l": "Fuel oil", "v": 0.17457077477802735}, {"l": "Liquefied petroleum gas (LPG)", "v": 0.0014936863364528939}, {"l": "Coal", "v": 0.022676874380693934}]}, {"source": 41, "prod": 0, "target": 19, "value": 0.019106582314833344, "supply": [{"l": "Motor Gasoline", "v": 0.00023300068724285437}, {"l": "Gas-Diesel oil", "v": 0.0046246474071810874}, {"l": "Natural gas (including LNG)", "v": 0.00055189623357982862}, {"l": "Fuel oil", "v": 0.012031229072539723}, {"l": "Liquefied petroleum gas (LPG)", "v": 0.00010294324751229403}, {"l": "Coal", "v": 0.0015628656667775549}]}, {"source": 41, "prod": 0, "target": 26, "value": 0.18132521255645759, "supply": [{"l": "Motor Gasoline", "v": 0.0022112222083439511}, {"l": "Gas-Diesel oil", "v": 0.043888810687757768}, {"l": "Natural gas (including LNG)", "v": 0.0052376034716203343}, {"l": "Fuel oil", "v": 0.11417872296292599}, {"l": "Liquefied petroleum gas (LPG)", "v": 0.00097695160384216289}, {"l": "Coal", "v": 0.014831901621967382}]}, {"source": 41, "prod": 0, "target": 21, "value": 0.048703052959379108, "supply": [{"l": "Motor Gasoline", "v": 0.00059392332042296214}, {"l": "Gas-Diesel oil", "v": 0.011788316920265517}, {"l": "Natural gas (including LNG)", "v": 0.0014067943208897593}, {"l": "Fuel oil", "v": 0.030667838812356154}, {"l": "Liquefied petroleum gas (LPG)", "v": 0.00026240435640388675}, {"l": "Coal", "v": 0.0039837752290408264}]}, {"source": 41, "prod": 0, "target": 22, "value": 0.00074927773783660162, "supply": [{"l": "Motor Gasoline", "v": 9.1372818526609538e-06}, {"l": "Gas-Diesel oil", "v": 0.00018135872185023872}, {"l": "Natural gas (including LNG)", "v": 2.1642989552150139e-05}, {"l": "Fuel oil", "v": 0.00047181290480547929}, {"l": "Liquefied petroleum gas (LPG)", "v": 4.0369900985213343e-06}, {"l": "Coal", "v": 6.1288849677551164e-05}]}, {"source": 41, "prod": 0, "target": 23, "value": 0.0052449441648562117, "supply": [{"l": "Motor Gasoline", "v": 6.3960972968626692e-05}, {"l": "Gas-Diesel oil", "v": 0.0012695110529516711}, {"l": "Natural gas (including LNG)", "v": 0.00015150092686505099}, {"l": "Fuel oil", "v": 0.0033026903336383553}, {"l": "Liquefied petroleum gas (LPG)", "v": 2.8258930689649344e-05}, {"l": "Coal", "v": 0.00042902194774285823}]}, {"source": 41, "prod": 0, "target": 7, "value": 0.00074927773783660162, "supply": [{"l": "Motor Gasoline", "v": 9.1372818526609538e-06}, {"l": "Gas-Diesel oil", "v": 0.00018135872185023872}, {"l": "Natural gas (including LNG)", "v": 2.1642989552150139e-05}, {"l": "Fuel oil", "v": 0.00047181290480547929}, {"l": "Liquefied petroleum gas (LPG)", "v": 4.0369900985213343e-06}, {"l": "Coal", "v": 6.1288849677551164e-05}]}, {"source": 41, "prod": 0, "target": 24, "value": 0.0086166939851209188, "supply": [{"l": "Motor Gasoline", "v": 0.00010507874130560098}, {"l": "Gas-Diesel oil", "v": 0.0020856253012777452}, {"l": "Natural gas (including LNG)", "v": 0.00024889437984972664}, {"l": "Fuel oil", "v": 0.005425848405263012}, {"l": "Liquefied petroleum gas (LPG)", "v": 4.6425386132995346e-05}, {"l": "Coal", "v": 0.00070482177129183846}]}, {"source": 41, "prod": 0, "target": 20, "value": 0.00074927773783660162, "supply": [{"l": "Motor Gasoline", "v": 9.1372818526609538e-06}, {"l": "Gas-Diesel oil", "v": 0.00018135872185023872}, {"l": "Natural gas (including LNG)", "v": 2.1642989552150139e-05}, {"l": "Fuel oil", "v": 0.00047181290480547929}, {"l": "Liquefied petroleum gas (LPG)", "v": 4.0369900985213343e-06}, {"l": "Coal", "v": 6.1288849677551164e-05}]}, {"source": 41, "prod": 0, "target": 27, "value": 0.92872975604846786, "supply": [{"l": "Motor Gasoline", "v": 0.011325660856373255}, {"l": "Gas-Diesel oil", "v": 0.2247941357333709}, {"l": "Natural gas (including LNG)", "v": 0.026826485549890103}, {"l": "Fuel oil", "v": 0.58481209550639157}, {"l": "Liquefied petroleum gas (LPG)", "v": 0.0050038492271171943}, {"l": "Coal", "v": 0.075967529175324677}]}, {"source": 41, "prod": 0, "target": 30, "value": 0.034466775940483675, "supply": [{"l": "Motor Gasoline", "v": 0.00042031496522240393}, {"l": "Gas-Diesel oil", "v": 0.0083425012051109807}, {"l": "Natural gas (including LNG)", "v": 0.00099557751939890657}, {"l": "Fuel oil", "v": 0.021703393621052048}, {"l": "Liquefied petroleum gas (LPG)", "v": 0.00018570154453198138}, {"l": "Coal", "v": 0.0028192870851673538}]}, {"source": 41, "prod": 0, "target": 10, "value": 0.055446552599908529, "supply": [{"l": "Motor Gasoline", "v": 0.00067615885709691075}, {"l": "Gas-Diesel oil", "v": 0.013420545416917666}, {"l": "Natural gas (including LNG)", "v": 0.0016015812268591106}, {"l": "Fuel oil", "v": 0.034914154955605473}, {"l": "Liquefied petroleum gas (LPG)", "v": 0.00029873726729057876}, {"l": "Coal", "v": 0.0045353748761387865}]}, {"source": 41, "prod": 0, "target": 32, "value": 0.041584914449931391, "supply": [{"l": "Motor Gasoline", "v": 0.00050711914282268304}, {"l": "Gas-Diesel oil", "v": 0.01006540906268825}, {"l": "Natural gas (including LNG)", "v": 0.0012011859201443329}, {"l": "Fuel oil", "v": 0.026185616216704101}, {"l": "Liquefied petroleum gas (LPG)", "v": 0.00022405295046793407}, {"l": "Coal", "v": 0.0034015311571040899}]}, {"source": 41, "prod": 0, "target": 33, "value": 0.0014985554756732032, "supply": [{"l": "Motor Gasoline", "v": 1.8274563705321908e-05}, {"l": "Gas-Diesel oil", "v": 0.00036271744370047743}, {"l": "Natural gas (including LNG)", "v": 4.3285979104300277e-05}, {"l": "Fuel oil", "v": 0.00094362580961095859}, {"l": "Liquefied petroleum gas (LPG)", "v": 8.0739801970426686e-06}, {"l": "Coal", "v": 0.00012257769935510233}]}, {"source": 41, "prod": 0, "target": 28, "value": 5.9567580158009825, "supply": [{"l": "Motor Gasoline", "v": 0.072641390728654595}, {"l": "Gas-Diesel oil", "v": 1.4418018387093978}, {"l": "Natural gas (including LNG)", "v": 0.1720617669395936}, {"l": "Fuel oil", "v": 3.7509125932035601}, {"l": "Liquefied petroleum gas (LPG)", "v": 0.03209407128324461}, {"l": "Coal", "v": 0.48724635493653179}]}, {"source": 41, "prod": 0, "target": 29, "value": 0.0052449441648562117, "supply": [{"l": "Motor Gasoline", "v": 6.3960972968626692e-05}, {"l": "Gas-Diesel oil", "v": 0.0012695110529516711}, {"l": "Natural gas (including LNG)", "v": 0.00015150092686505099}, {"l": "Fuel oil", "v": 0.0033026903336383553}, {"l": "Liquefied petroleum gas (LPG)", "v": 2.8258930689649344e-05}, {"l": "Coal", "v": 0.00042902194774285823}]}, {"source": 41, "prod": 0, "target": 34, "value": 0.00074927773783660162, "supply": [{"l": "Motor Gasoline", "v": 9.1372818526609538e-06}, {"l": "Gas-Diesel oil", "v": 0.00018135872185023872}, {"l": "Natural gas (including LNG)", "v": 2.1642989552150139e-05}, {"l": "Fuel oil", "v": 0.00047181290480547929}, {"l": "Liquefied petroleum gas (LPG)", "v": 4.0369900985213343e-06}, {"l": "Coal", "v": 6.1288849677551164e-05}]}, {"source": 41, "prod": 0, "target": 35, "value": 0.16034543589703276, "supply": [{"l": "Motor Gasoline", "v": 0.0019553783164694442}, {"l": "Gas-Diesel oil", "v": 0.038810766475951088}, {"l": "Natural gas (including LNG)", "v": 0.0046315997641601303}, {"l": "Fuel oil", "v": 0.10096796162837257}, {"l": "Liquefied petroleum gas (LPG)", "v": 0.00086391588108356552}, {"l": "Coal", "v": 0.01311581383099595}]}, {"source": 41, "prod": 0, "target": 36, "value": 0.10976918859306214, "supply": [{"l": "Motor Gasoline", "v": 0.0013386117914148299}, {"l": "Gas-Diesel oil", "v": 0.02656905275105997}, {"l": "Natural gas (including LNG)", "v": 0.0031706979693899955}, {"l": "Fuel oil", "v": 0.069120590554002714}, {"l": "Liquefied petroleum gas (LPG)", "v": 0.00059141904943337551}, {"l": "Coal", "v": 0.0089788164777612461}]}, {"source": 41, "prod": 0, "target": 37, "value": 0.10040321687010463, "supply": [{"l": "Motor Gasoline", "v": 0.001224395768256568}, {"l": "Gas-Diesel oil", "v": 0.024302068727931989}, {"l": "Natural gas (including LNG)", "v": 0.0029001605999881192}, {"l": "Fuel oil", "v": 0.063222929243934231}, {"l": "Liquefied petroleum gas (LPG)", "v": 0.00054095667320185883}, {"l": "Coal", "v": 0.0082127058567918569}]}, {"source": 41, "prod": 0, "target": 38, "value": 0.28247770716439885, "supply": [{"l": "Motor Gasoline", "v": 0.0034447552584531802}, {"l": "Gas-Diesel oil", "v": 0.068372238137539995}, {"l": "Natural gas (including LNG)", "v": 0.0081594070611606031}, {"l": "Fuel oil", "v": 0.17787346511166571}, {"l": "Liquefied petroleum gas (LPG)", "v": 0.0015219452671425431}, {"l": "Coal", "v": 0.023105896328436792}]}, {"source": 41, "prod": 0, "target": 39, "value": 0.051700163910725516, "supply": [{"l": "Motor Gasoline", "v": 0.000630472447833606}, {"l": "Gas-Diesel oil", "v": 0.012513751807666472}, {"l": "Natural gas (including LNG)", "v": 0.00149336627909836}, {"l": "Fuel oil", "v": 0.032555090431578074}, {"l": "Liquefied petroleum gas (LPG)", "v": 0.00027855231679797208}, {"l": "Coal", "v": 0.0042289306277510314}]}, {"source": 41, "prod": 0, "target": 31, "value": 0.032593581595892172, "supply": [{"l": "Motor Gasoline", "v": 0.00039747176059075156}, {"l": "Gas-Diesel oil", "v": 0.0078891044004853854}, {"l": "Natural gas (including LNG)", "v": 0.00094147004551853124}, {"l": "Fuel oil", "v": 0.020523861359038352}, {"l": "Liquefied petroleum gas (LPG)", "v": 0.00017560906928567807}, {"l": "Coal", "v": 0.0026660649609734762}]}, {"source": 43, "prod": 3.1503821484810079, "target": 0, "value": 0.040791844277788869, "supply": [{"l": "Potash", "v": 0.023433944463191601}, {"l": "Phosphate", "v": 0.13887500011109999}, {"l": "Nitrogen", "v": 1.3026527788198998}]}, {"source": 43, "prod": 0.069525675000960172, "target": 2, "value": 0.00090023380475120248, "supply": [{"l": "Potash", "v": 0.023433944463191601}, {"l": "Phosphate", "v": 0.13887500011109999}, {"l": "Nitrogen", "v": 1.3026527788198998}]}, {"source": 43, "prod": 1.1558643468909628, "target": 18, "value": 0.014966387003988743, "supply": [{"l": "Potash", "v": 0.023433944463191601}, {"l": "Phosphate", "v": 0.13887500011109999}, {"l": "Nitrogen", "v": 1.3026527788198998}]}, {"source": 43, "prod": 4.2758290125590506, "target": 4, "value": 0.055364378992198961, "supply": [{"l": "Potash", "v": 0.023433944463191601}, {"l": "Phosphate", "v": 0.13887500011109999}, {"l": "Nitrogen", "v": 1.3026527788198998}]}, {"source": 43, "prod": 0.0086907093751200214, "target": 5, "value": 0.00011252922559390031, "supply": [{"l": "Potash", "v": 0.023433944463191601}, {"l": "Phosphate", "v": 0.13887500011109999}, {"l": "Nitrogen", "v": 1.3026527788198998}]}, {"source": 43, "prod": 0.017381418750240043, "target": 6, "value": 0.00022505845118780062, "supply": [{"l": "Potash", "v": 0.023433944463191601}, {"l": "Phosphate", "v": 0.13887500011109999}, {"l": "Nitrogen", "v": 1.3026527788198998}]}, {"source": 43, "prod": 0.052144256250720132, "target": 8, "value": 0.00067517535356340194, "supply": [{"l": "Potash", "v": 0.023433944463191601}, {"l": "Phosphate", "v": 0.13887500011109999}, {"l": "Nitrogen", "v": 1.3026527788198998}]}, {"source": 43, "prod": 1.8076675500249644, "target": 9, "value": 0.023406078923531266, "supply": [{"l": "Potash", "v": 0.023433944463191601}, {"l": "Phosphate", "v": 0.13887500011109999}, {"l": "Nitrogen", "v": 1.3026527788198998}]}, {"source": 43, "prod": 0.021726773437800054, "target": 25, "value": 0.00028132306398475081, "supply": [{"l": "Potash", "v": 0.023433944463191601}, {"l": "Phosphate", "v": 0.13887500011109999}, {"l": "Nitrogen", "v": 1.3026527788198998}]}, {"source": 43, "prod": 2.2726205015938854, "target": 11, "value": 0.029426392492804935, "supply": [{"l": "Potash", "v": 0.023433944463191601}, {"l": "Phosphate", "v": 0.13887500011109999}, {"l": "Nitrogen", "v": 1.3026527788198998}]}, {"source": 43, "prod": 0.19554096094020049, "target": 12, "value": 0.0025319075758627571, "supply": [{"l": "Potash", "v": 0.023433944463191601}, {"l": "Phosphate", "v": 0.13887500011109999}, {"l": "Nitrogen", "v": 1.3026527788198998}]}, {"source": 43, "prod": 0.22161308906556057, "target": 13, "value": 0.0028694952526444584, "supply": [{"l": "Potash", "v": 0.023433944463191601}, {"l": "Phosphate", "v": 0.13887500011109999}, {"l": "Nitrogen", "v": 1.3026527788198998}]}, {"source": 43, "prod": 0.40846334063064105, "target": 14, "value": 0.0052888736029133151, "supply": [{"l": "Potash", "v": 0.023433944463191601}, {"l": "Phosphate", "v": 0.13887500011109999}, {"l": "Nitrogen", "v": 1.3026527788198998}]}, {"source": 43, "prod": 3.1330007297307674, "target": 15, "value": 0.040566785826601066, "supply": [{"l": "Potash", "v": 0.023433944463191601}, {"l": "Phosphate", "v": 0.13887500011109999}, {"l": "Nitrogen", "v": 1.3026527788198998}]}, {"source": 43, "prod": 0.013036064062680033, "target": 16, "value": 0.00016879383839085049, "supply": [{"l": "Potash", "v": 0.023433944463191601}, {"l": "Phosphate", "v": 0.13887500011109999}, {"l": "Nitrogen", "v": 1.3026527788198998}]}, {"source": 43, "prod": 0.017381418750240043, "target": 17, "value": 0.00022505845118780062, "supply": [{"l": "Potash", "v": 0.023433944463191601}, {"l": "Phosphate", "v": 0.13887500011109999}, {"l": "Nitrogen", "v": 1.3026527788198998}]}, {"source": 43, "prod": 3.215562468794408, "target": 3, "value": 0.04163581346974312, "supply": [{"l": "Potash", "v": 0.023433944463191601}, {"l": "Phosphate", "v": 0.13887500011109999}, {"l": "Nitrogen", "v": 1.3026527788198998}]}, {"source": 43, "prod": 0.22161308906556057, "target": 19, "value": 0.0028694952526444584, "supply": [{"l": "Potash", "v": 0.023433944463191601}, {"l": "Phosphate", "v": 0.13887500011109999}, {"l": "Nitrogen", "v": 1.3026527788198998}]}, {"source": 43, "prod": 2.103151668779045, "target": 26, "value": 0.027232072593723875, "supply": [{"l": "Potash", "v": 0.023433944463191601}, {"l": "Phosphate", "v": 0.13887500011109999}, {"l": "Nitrogen", "v": 1.3026527788198998}]}, {"source": 43, "prod": 0.56489610938280144, "target": 21, "value": 0.0073143996636035212, "supply": [{"l": "Potash", "v": 0.023433944463191601}, {"l": "Phosphate", "v": 0.13887500011109999}, {"l": "Nitrogen", "v": 1.3026527788198998}]}, {"source": 43, "prod": 0.0086907093751200214, "target": 22, "value": 0.00011252922559390031, "supply": [{"l": "Potash", "v": 0.023433944463191601}, {"l": "Phosphate", "v": 0.13887500011109999}, {"l": "Nitrogen", "v": 1.3026527788198998}]}, {"source": 43, "prod": 0.060834965625840155, "target": 23, "value": 0.00078770457915730227, "supply": [{"l": "Potash", "v": 0.023433944463191601}, {"l": "Phosphate", "v": 0.13887500011109999}, {"l": "Nitrogen", "v": 1.3026527788198998}]}, {"source": 43, "prod": 0.0086907093751200214, "target": 7, "value": 0.00011252922559390031, "supply": [{"l": "Potash", "v": 0.023433944463191601}, {"l": "Phosphate", "v": 0.13887500011109999}, {"l": "Nitrogen", "v": 1.3026527788198998}]}, {"source": 43, "prod": 0.099943157813880246, "target": 24, "value": 0.0012940860943298537, "supply": [{"l": "Potash", "v": 0.023433944463191601}, {"l": "Phosphate", "v": 0.13887500011109999}, {"l": "Nitrogen", "v": 1.3026527788198998}]}, {"source": 43, "prod": 0.0086907093751200214, "target": 20, "value": 0.00011252922559390031, "supply": [{"l": "Potash", "v": 0.023433944463191601}, {"l": "Phosphate", "v": 0.13887500011109999}, {"l": "Nitrogen", "v": 1.3026527788198998}]}, {"source": 43, "prod": 10.772134270461267, "target": 27, "value": 0.13947997512363947, "supply": [{"l": "Potash", "v": 0.023433944463191601}, {"l": "Phosphate", "v": 0.13887500011109999}, {"l": "Nitrogen", "v": 1.3026527788198998}]}, {"source": 43, "prod": 0.39977263125552098, "target": 30, "value": 0.0051763443773194147, "supply": [{"l": "Potash", "v": 0.023433944463191601}, {"l": "Phosphate", "v": 0.13887500011109999}, {"l": "Nitrogen", "v": 1.3026527788198998}]}, {"source": 43, "prod": 0.64311249375888158, "target": 10, "value": 0.0083271626939486251, "supply": [{"l": "Potash", "v": 0.023433944463191601}, {"l": "Phosphate", "v": 0.13887500011109999}, {"l": "Nitrogen", "v": 1.3026527788198998}]}, {"source": 43, "prod": 0.48233437031916115, "target": 32, "value": 0.0062453720204614675, "supply": [{"l": "Potash", "v": 0.023433944463191601}, {"l": "Phosphate", "v": 0.13887500011109999}, {"l": "Nitrogen", "v": 1.3026527788198998}]}, {"source": 43, "prod": 0.017381418750240043, "target": 33, "value": 0.00022505845118780062, "supply": [{"l": "Potash", "v": 0.023433944463191601}, {"l": "Phosphate", "v": 0.13887500011109999}, {"l": "Nitrogen", "v": 1.3026527788198998}]}, {"source": 43, "prod": 69.091139532204167, "target": 28, "value": 0.8946073434715075, "supply": [{"l": "Potash", "v": 0.023433944463191601}, {"l": "Phosphate", "v": 0.13887500011109999}, {"l": "Nitrogen", "v": 1.3026527788198998}]}, {"source": 43, "prod": 0.060834965625840155, "target": 29, "value": 0.00078770457915730227, "supply": [{"l": "Potash", "v": 0.023433944463191601}, {"l": "Phosphate", "v": 0.13887500011109999}, {"l": "Nitrogen", "v": 1.3026527788198998}]}, {"source": 43, "prod": 0.0086907093751200214, "target": 34, "value": 0.00011252922559390031, "supply": [{"l": "Potash", "v": 0.023433944463191601}, {"l": "Phosphate", "v": 0.13887500011109999}, {"l": "Nitrogen", "v": 1.3026527788198998}]}, {"source": 43, "prod": 1.8598118062756845, "target": 35, "value": 0.024081254277094667, "supply": [{"l": "Potash", "v": 0.023433944463191601}, {"l": "Phosphate", "v": 0.13887500011109999}, {"l": "Nitrogen", "v": 1.3026527788198998}]}, {"source": 43, "prod": 1.2731889234550831, "target": 36, "value": 0.016485531549506396, "supply": [{"l": "Potash", "v": 0.023433944463191601}, {"l": "Phosphate", "v": 0.13887500011109999}, {"l": "Nitrogen", "v": 1.3026527788198998}]}, {"source": 43, "prod": 1.1645550562660829, "target": 37, "value": 0.015078916229582644, "supply": [{"l": "Potash", "v": 0.023433944463191601}, {"l": "Phosphate", "v": 0.13887500011109999}, {"l": "Nitrogen", "v": 1.3026527788198998}]}, {"source": 43, "prod": 3.2763974344202484, "target": 38, "value": 0.042423518048900426, "supply": [{"l": "Potash", "v": 0.023433944463191601}, {"l": "Phosphate", "v": 0.13887500011109999}, {"l": "Nitrogen", "v": 1.3026527788198998}]}, {"source": 43, "prod": 0.59965894688328147, "target": 39, "value": 0.0077645165659791229, "supply": [{"l": "Potash", "v": 0.023433944463191601}, {"l": "Phosphate", "v": 0.13887500011109999}, {"l": "Nitrogen", "v": 1.3026527788198998}]}, {"source": 43, "prod": 0.37804585781772093, "target": 31, "value": 0.004895021313334664, "supply": [{"l": "Potash", "v": 0.023433944463191601}, {"l": "Phosphate", "v": 0.13887500011109999}, {"l": "Nitrogen", "v": 1.3026527788198998}]}, {"source": 41, "prod": 0, "target": 43, "value": 1.7440129686528363, "supply": [{"l": "Natural gas (including LNG)", "v": 1.1875308457461422}, {"l": "Fuel oil", "v": 0.32621064567445424}, {"l": "Liquefied petroleum gas (LPG)", "v": 0.11513573861611989}, {"l": "Coal", "v": 0.11513573861611989}]}, {"source": 44, "prod": 0, "target": 0, "value": 0.021619506035053818, "supply": "[{\"l\":'Labor',\"v\":0.021619506035053818}]"}, {"source": 44, "prod": 0, "target": 2, "value": 0.00047712013318739453, "supply": "[{\"l\":'Labor',\"v\":0.00047712013318739453}]"}, {"source": 44, "prod": 0, "target": 18, "value": 0.0079321222142404342, "supply": "[{\"l\":'Labor',\"v\":0.0079321222142404342}]"}, {"source": 44, "prod": 0, "target": 4, "value": 0.02934288819102477, "supply": "[{\"l\":'Labor',\"v\":0.02934288819102477}]"}, {"source": 44, "prod": 0, "target": 5, "value": 5.9640016648424316e-05, "supply": "[{\"l\":'Labor',\"v\":5.9640016648424316e-05}]"}, {"source": 44, "prod": 0, "target": 6, "value": 0.00011928003329684863, "supply": "[{\"l\":'Labor',\"v\":0.00011928003329684863}]"}, {"source": 44, "prod": 0, "target": 8, "value": 0.00035784009989054598, "supply": "[{\"l\":'Labor',\"v\":0.00035784009989054598}]"}, {"source": 44, "prod": 0, "target": 9, "value": 0.012405123462872258, "supply": "[{\"l\":'Labor',\"v\":0.012405123462872258}]"}, {"source": 44, "prod": 0, "target": 25, "value": 0.00014910004162106081, "supply": "[{\"l\":'Labor',\"v\":0.00014910004162106081}]"}, {"source": 44, "prod": 0, "target": 11, "value": 0.015595864353562959, "supply": "[{\"l\":'Labor',\"v\":0.015595864353562959}]"}, {"source": 44, "prod": 0, "target": 12, "value": 0.0013419003745895474, "supply": "[{\"l\":'Labor',\"v\":0.0013419003745895474}]"}, {"source": 44, "prod": 0, "target": 13, "value": 0.0015208204245348205, "supply": "[{\"l\":'Labor',\"v\":0.0015208204245348205}]"}, {"source": 44, "prod": 0, "target": 14, "value": 0.0028030807824759433, "supply": "[{\"l\":'Labor',\"v\":0.0028030807824759433}]"}, {"source": 44, "prod": 0, "target": 15, "value": 0.021500226001756967, "supply": "[{\"l\":'Labor',\"v\":0.021500226001756967}]"}, {"source": 44, "prod": 0, "target": 16, "value": 8.9460024972636495e-05, "supply": "[{\"l\":'Labor',\"v\":8.9460024972636495e-05}]"}, {"source": 44, "prod": 0, "target": 17, "value": 0.00011928003329684863, "supply": "[{\"l\":'Labor',\"v\":0.00011928003329684863}]"}, {"source": 44, "prod": 0, "target": 3, "value": 0.022066806159917001, "supply": "[{\"l\":'Labor',\"v\":0.022066806159917001}]"}, {"source": 44, "prod": 0, "target": 19, "value": 0.0015208204245348205, "supply": "[{\"l\":'Labor',\"v\":0.0015208204245348205}]"}, {"source": 44, "prod": 0, "target": 26, "value": 0.014432884028918685, "supply": "[{\"l\":'Labor',\"v\":0.014432884028918685}]"}, {"source": 44, "prod": 0, "target": 21, "value": 0.0038766010821475812, "supply": "[{\"l\":'Labor',\"v\":0.0038766010821475812}]"}, {"source": 44, "prod": 0, "target": 22, "value": 5.9640016648424316e-05, "supply": "[{\"l\":'Labor',\"v\":5.9640016648424316e-05}]"}, {"source": 44, "prod": 0, "target": 23, "value": 0.00041748011653897028, "supply": "[{\"l\":'Labor',\"v\":0.00041748011653897028}]"}, {"source": 44, "prod": 0, "target": 7, "value": 5.9640016648424316e-05, "supply": "[{\"l\":'Labor',\"v\":5.9640016648424316e-05}]"}, {"source": 44, "prod": 0, "target": 24, "value": 0.0006858601914568797, "supply": "[{\"l\":'Labor',\"v\":0.0006858601914568797}]"}, {"source": 44, "prod": 0, "target": 20, "value": 5.9640016648424316e-05, "supply": "[{\"l\":'Labor',\"v\":5.9640016648424316e-05}]"}, {"source": 44, "prod": 0, "target": 27, "value": 0.073923800635721945, "supply": "[{\"l\":'Labor',\"v\":0.073923800635721945}]"}, {"source": 44, "prod": 0, "target": 30, "value": 0.0027434407658275188, "supply": "[{\"l\":'Labor',\"v\":0.0027434407658275188}]"}, {"source": 44, "prod": 0, "target": 10, "value": 0.0044133612319833997, "supply": "[{\"l\":'Labor',\"v\":0.0044133612319833997}]"}, {"source": 44, "prod": 0, "target": 32, "value": 0.00331002092398755, "supply": "[{\"l\":'Labor',\"v\":0.00331002092398755}]"}, {"source": 44, "prod": 0, "target": 33, "value": 0.00011928003329684863, "supply": "[{\"l\":'Labor',\"v\":0.00011928003329684863}]"}, {"source": 44, "prod": 0, "target": 28, "value": 0.47413813235497332, "supply": "[{\"l\":'Labor',\"v\":0.47413813235497332}]"}, {"source": 44, "prod": 0, "target": 29, "value": 0.00041748011653897028, "supply": "[{\"l\":'Labor',\"v\":0.00041748011653897028}]"}, {"source": 44, "prod": 0, "target": 34, "value": 5.9640016648424316e-05, "supply": "[{\"l\":'Labor',\"v\":5.9640016648424316e-05}]"}, {"source": 44, "prod": 0, "target": 35, "value": 0.012762963562762804, "supply": "[{\"l\":'Labor',\"v\":0.012762963562762804}]"}, {"source": 44, "prod": 0, "target": 36, "value": 0.008737262438994163, "supply": "[{\"l\":'Labor',\"v\":0.008737262438994163}]"}, {"source": 44, "prod": 0, "target": 37, "value": 0.0079917622308888596, "supply": "[{\"l\":'Labor',\"v\":0.0079917622308888596}]"}, {"source": 44, "prod": 0, "target": 38, "value": 0.022484286276455972, "supply": "[{\"l\":'Labor',\"v\":0.022484286276455972}]"}, {"source": 44, "prod": 0, "target": 39, "value": 0.0041151611487412788, "supply": "[{\"l\":'Labor',\"v\":0.0041151611487412788}]"}, {"source": 44, "prod": 0, "target": 31, "value": 0.0025943407242064584, "supply": "[{\"l\":'Labor',\"v\":0.0025943407242064584}]"}]}