{"nodes": [{"layer": 13, "name": "Other Processed", "fill": "#9c9ede"}, {"layer": 16, "name": "Food", "fill": "#b5cf6b"}, {"layer": 13, "name": "Animal Products", "fill": "#17becf"}, {"layer": 5, "name": "Cereals", "fill": "#e7ba52"}, {"layer": 5, "name": "Oilcrops", "fill": "#ff9896"}, {"layer": 5, "name": "Sugar Crops", "fill": "#ffbb78"}, {"layer": 13, "name": "Sugar", "fill": "#d6616b"}, {"layer": 5, "name": "Starchy Roots"}, {"layer": 5, "name": "Fruits & Vegetables"}, {"layer": 13, "name": "Aquatic Products", "fill": "#1f77b4"}, {"layer": 13, "name": "Vegetable Oils", "fill": "#f7b6d2"}, {"layer": 10, "name": "Processing", "fill": "#9edae5"}, {"layer": 16, "name": "Biofuels & Other", "fill": "#e7ba52"}, {"name": "Waste", "fill": "#c7c7c7"}, {"layer": 2, "name": "Import", "fill": "#aec7e8"}, {"layer": 10, "name": "Feed", "fill": "#dbdb8d"}, {"layer": 16, "name": "Export", "fill": "#aec7e8"}, {"layer": 5, "name": "Others"}, {"layer": 0, "name": "Stock Draw", "fill": "#c7c7c7"}, {"layer": 2, "name": "Electricity", "fill": "#bcbd22"}, {"layer": 0, "name": "Fossil Fuels", "fill": "#c49c94"}, {"layer": 0, "name": "Renewables & Nuclear", "fill": "#2ca02c"}, {"layer": 2, "name": "Fertilizers", "fill": "#c5b0d5"}, {"layer": 0, "name": "Labor", "fill": "#7f7f7f"}], "links": [{"source": 0, "prod": 36.0, "target": 1, "value": 0.02101630452386229, "supply": [{"l": "Wine", "v": 0.0084570836405782664}, {"l": "Beer", "v": 0.012559220883284023}]}, {"source": 2, "prod": 26.0, "target": 1, "value": 0.037408467316872522, "supply": [{"l": "Pigmeat", "v": 0.0071949434890677963}, {"l": "Milk - Excluding Butter", "v": 0.0068334414503487817}, {"l": "Meat, Other", "v": 0.011159579875569587}, {"l": "Bovine Meat", "v": 0.010934133817477274}, {"l": "Poultry Meat", "v": 0.0012863686844090908}]}, {"source": 3, "prod": 41.0, "target": 1, "value": 0.14184625635279935, "supply": [{"l": "Maize", "v": 0.023420781564413792}, {"l": "Rice", "v": 0.025923765853740458}, {"l": "Cereals, Other", "v": 0.0034653197212653059}, {"l": "Wheat", "v": 0.089036389213379794}]}, {"source": 4, "prod": 11.0, "target": 1, "value": 0.06535049659653068, "supply": [{"l": "Oilcrops, Other", "v": 0.009228297083804347}, {"l": "Groundnuts", "v": 0.051028179522466327}, {"l": "Palm kernels", "v": 0.0050940199902600007}]}, {"source": 5, "prod": 3.0, "target": 1, "value": 0.0010978491358318966, "supply": [{"l": "Sugar cane", "v": 0.0010978491358318966}]}, {"source": 6, "prod": 7.0, "target": 1, "value": 0.029247162017568898, "supply": [{"l": "Sugar", "v": 0.029247162017568898}]}, {"source": 7, "prod": 552.0, "target": 1, "value": 0.67069693119601326, "supply": [{"l": "Roots, Other", "v": 0.018754705427323042}, {"l": "Potatoes", "v": 0.0014894795293157897}, {"l": "Yams", "v": 0.052786699346403614}, {"l": "Sweet potatoes", "v": 0.012021795144132118}, {"l": "Cassava", "v": 0.58564425174883872}]}, {"source": 8, "prod": 104.0, "target": 1, "value": 0.090809502600142061, "supply": [{"l": "Fruits, Other", "v": 0.013698328130264885}, {"l": "Beans", "v": 0.011861075957713236}, {"l": "Tomatoes", "v": 0.0011473017996081081}, {"l": "Pineapples", "v": 0.0013782521618668833}, {"l": "Bananas", "v": 0.015870510914605011}, {"l": "Vegetables, Other", "v": 0.0044273179874447857}, {"l": "Peas", "v": 0.011895376350881868}, {"l": "Oranges, Mandarines", "v": 0.0005208609396993865}, {"l": "Plantains", "v": 0.030010478358057896}]}, {"source": 9, "prod": 68.0, "target": 1, "value": 0.05096119799630467, "supply": [{"l": "Freshwater Fish", "v": 0.00829852880618797}, {"l": "Fish, Seafood", "v": 0.024841749809070571}, {"l": "Pelagic Fish", "v": 0.0072333330326411352}, {"l": "Demersal Fish", "v": 0.0059324766967313669}, {"l": "Marine Fish, Other", "v": 0.0046551096516736301}]}, {"source": 10, "prod": 12.0, "target": 1, "value": 0.12283086744504014, "supply": [{"l": "Groundnut Oil", "v": 0.010151126792184783}, {"l": "Oilcrops Oil, Other", "v": 0.009988274490705884}, {"l": "Palm Oil", "v": 0.10269146616214947}]}, {"source": 5, "prod": 335.0, "target": 11, "value": 0.12259315350122846, "supply": [{"l": "Sugar cane", "v": 0.12259315350122846}]}, {"source": 3, "prod": 5.0, "target": 11, "value": 0.016580603551459756, "supply": [{"l": "Rice", "v": 0.0043206276422900767}, {"l": "Barley", "v": 0.012259975909169678}]}, {"source": 4, "prod": 75.573189522342076, "target": 11, "value": 0.32720996580737327, "supply": [{"l": "Groundnuts", "v": 0.019135567320924873}, {"l": "Oil Palm", "v": 0.30807439848644841}]}, {"source": 10, "prod": 6.0, "target": 12, "value": 0.061614879697289675, "supply": [{"l": "Palm Oil", "v": 0.061614879697289675}]}, {"source": 4, "prod": 1.0, "target": 4, "value": 0.0063785224403082909, "supply": [{"l": "Groundnuts", "v": 0.0063785224403082909}]}, {"source": 7, "prod": 23.0, "target": 13, "value": 0.027308694455591989, "supply": [{"l": "Roots, Other", "v": 0.0031257842378871743}, {"l": "Yams", "v": 0.0058651888162670673}, {"l": "Sweet potatoes", "v": 0.0010928904676483742}, {"l": "Cassava", "v": 0.017224830933789372}]}, {"source": 5, "prod": 4.0, "target": 13, "value": 0.001463798847775862, "supply": [{"l": "Sugar cane", "v": 0.001463798847775862}]}, {"source": 8, "prod": 12.0, "target": 13, "value": 0.0078121386322921255, "supply": [{"l": "Bananas", "v": 0.0020700666410354359}, {"l": "Plantains", "v": 0.0031045322439370239}, {"l": "Vegetables, Other", "v": 0.0005208609396993865}, {"l": "Fruits, Other", "v": 0.0016115680153252806}, {"l": "Pineapples", "v": 0.00027565043237337664}, {"l": "Tomatoes", "v": 0.0002294603599216216}]}, {"source": 3, "prod": 1.0, "target": 13, "value": 0.0031798710433349926, "supply": [{"l": "Wheat", "v": 0.0031798710433349926}]}, {"source": 14, "prod": 14.0, "target": 11, "value": 0.029216873582830455, "supply": [{"l": "Beer", "v": 0.00050236883533136105}, {"l": "Palm Oil", "v": 0.010269146616214945}, {"l": "Oilcrops Oil, Other", "v": 0.009988274490705884}, {"l": "Wine", "v": 0.0084570836405782664}]}, {"source": 14, "prod": 35.0, "target": 3, "value": 0.11340294012839493, "supply": [{"l": "Cereals, Other", "v": 0.0034653197212653059}, {"l": "Wheat", "v": 0.089036389213379794}, {"l": "Barley", "v": 0.012259975909169678}, {"l": "Rice", "v": 0.0086412552845801533}]}, {"source": 14, "prod": 36.0, "target": 15, "value": 0.032300268159616487, "supply": [{"l": "Pelagic Fish", "v": 0.0016074073405869191}, {"l": "Bovine Meat", "v": 0.0087473070539818183}, {"l": "Freshwater Fish", "v": 0.0024895586418563912}, {"l": "Milk - Excluding Butter", "v": 0.0060741701780878052}, {"l": "Demersal Fish", "v": 0.0046141485419021735}, {"l": "Fish, Seafood", "v": 0.0087676764032013771}]}, {"source": 14, "prod": 1.0, "target": 8, "value": 0.00026043046984969325, "supply": [{"l": "Vegetables, Other", "v": 0.00026043046984969325}]}, {"source": 6, "prod": 33.0, "target": 16, "value": 0.13787947808282483, "supply": [{"l": "Sugar", "v": 0.13787947808282483}]}, {"source": 17, "prod": 3.0, "target": 16, "value": 0.0046109663704939656, "supply": [{"l": "Coffee", "v": 0.00036594971194396549}, {"l": "Cocoa Beans", "v": 0.00424501665855}]}, {"source": 18, "prod": 2.0, "target": 11, "value": 0.0083563320050196854, "supply": [{"l": "Sugar", "v": 0.0083563320050196854}]}, {"source": 18, "prod": 2.0, "target": 3, "value": 0.0086412552845801533, "supply": [{"l": "Rice", "v": 0.0086412552845801533}]}, {"source": 15, "prod": 68.0, "target": 9, "value": 0.05096119799630467, "supply": [{"l": "Marine Fish, Other", "v": 0.0046551096516736301}, {"l": "Freshwater Fish", "v": 0.00829852880618797}, {"l": "Pelagic Fish", "v": 0.0072333330326411352}, {"l": "Demersal Fish", "v": 0.0059324766967313669}, {"l": "Fish, Seafood", "v": 0.024841749809070571}]}, {"source": 15, "prod": 26.0, "target": 2, "value": 0.037408467316872522, "supply": [{"l": "Milk - Excluding Butter", "v": 0.0068334414503487817}, {"l": "Bovine Meat", "v": 0.010934133817477274}, {"l": "Pigmeat", "v": 0.0071949434890677963}, {"l": "Meat, Other", "v": 0.011159579875569587}, {"l": "Poultry Meat", "v": 0.0012863686844090908}]}, {"source": 11, "prod": 36.0, "target": 0, "value": 0.02101630452386229, "supply": [{"l": "Beer", "v": 0.012559220883284023}, {"l": "Wine", "v": 0.0084570836405782664}]}, {"source": 11, "prod": 18.0, "target": 10, "value": 0.18444574714232981, "supply": [{"l": "Palm Oil", "v": 0.16430634585943915}, {"l": "Oilcrops Oil, Other", "v": 0.009988274490705884}, {"l": "Groundnut Oil", "v": 0.010151126792184783}]}, {"source": 11, "prod": 40.0, "target": 6, "value": 0.16712664010039374, "supply": [{"l": "Sugar", "v": 0.16712664010039374}]}, {"source": 19, "prod": 0, "target": 3, "value": 1.6836423414580536e-08, "supply": "[{\"l\":'Energy for power irrigation',\"v\":1.6836423414580536e-08}]"}, {"source": 19, "prod": 0, "target": 4, "value": 5.2324762174668058e-08, "supply": "[{\"l\":'Energy for power irrigation',\"v\":5.2324762174668058e-08}]"}, {"source": 19, "prod": 0, "target": 5, "value": 2.0203708097496644e-07, "supply": "[{\"l\":'Energy for power irrigation',\"v\":2.0203708097496644e-07}]"}, {"source": 19, "prod": 0, "target": 7, "value": 3.396822267853968e-07, "supply": "[{\"l\":'Energy for power irrigation',\"v\":3.396822267853968e-07}]"}, {"source": 19, "prod": 0, "target": 8, "value": 6.7936445357079358e-08, "supply": "[{\"l\":'Energy for power irrigation',\"v\":6.7936445357079358e-08}]"}, {"source": 19, "prod": 0, "target": 17, "value": 1.7722550962716353e-09, "supply": "[{\"l\":'Energy for power irrigation',\"v\":1.7722550962716353e-09}]"}, {"source": 19, "prod": 0, "target": 11, "value": 0.0016926000000000003, "supply": "[{\"l\":'Electricity',\"v\":0.0016926000000000003}]"}, {"source": 20, "prod": 0, "target": 19, "value": 0.0020971568977055798, "supply": [{"l": "Coal", "v": 0.0}, {"l": "Natural gas", "v": 0.00033332295062870145}, {"l": "Oil", "v": 0.0017638339470768783}]}, {"source": 21, "prod": 0, "target": 19, "value": 0.00088191697353843927, "supply": [{"l": "Nuclear", "v": 0.0}, {"l": "Hydroelectric", "v": 0.00088191697353843927}, {"l": "Renewable", "v": 0.0}]}, {"source": 20, "prod": 0, "target": 3, "value": 0.002849886894246618, "supply": [{"l": "Other fossil fuels", "v": 0.002849886894246618}]}, {"source": 20, "prod": 0, "target": 4, "value": 0.0088569674386436686, "supply": [{"l": "Other fossil fuels", "v": 0.0088569674386436686}]}, {"source": 20, "prod": 0, "target": 5, "value": 0.034198642730959412, "supply": [{"l": "Other fossil fuels", "v": 0.034198642730959412}]}, {"source": 20, "prod": 0, "target": 7, "value": 0.057497718041817733, "supply": [{"l": "Other fossil fuels", "v": 0.057497718041817733}]}, {"source": 20, "prod": 0, "target": 8, "value": 0.011499543608363545, "supply": [{"l": "Other fossil fuels", "v": 0.011499543608363545}]}, {"source": 20, "prod": 0, "target": 17, "value": 0.00029998809413122289, "supply": [{"l": "Other fossil fuels", "v": 0.00029998809413122289}]}, {"source": 22, "prod": 0.14115509455386585, "target": 3, "value": 0.00085102814476933615, "supply": [{"l": "Potash", "v": 0.01025555556376}, {"l": "Phosphate", "v": 0.0021294166683701998}, {"l": "Nitrogen", "v": 0.022016666684279994}]}, {"source": 22, "prod": 0.43868620848995354, "target": 4, "value": 0.0026448518300175995, "supply": [{"l": "Potash", "v": 0.01025555556376}, {"l": "Phosphate", "v": 0.0021294166683701998}, {"l": "Nitrogen", "v": 0.022016666684279994}]}, {"source": 22, "prod": 1.6938611346463903, "target": 5, "value": 0.010212337737232034, "supply": [{"l": "Potash", "v": 0.01025555556376}, {"l": "Phosphate", "v": 0.0021294166683701998}, {"l": "Nitrogen", "v": 0.022016666684279994}]}, {"source": 22, "prod": 2.8478659427534341, "target": 7, "value": 0.01716986607867959, "supply": [{"l": "Potash", "v": 0.01025555556376}, {"l": "Phosphate", "v": 0.0021294166683701998}, {"l": "Nitrogen", "v": 0.022016666684279994}]}, {"source": 22, "prod": 0.56957318855068673, "target": 8, "value": 0.0034339732157359177, "supply": [{"l": "Potash", "v": 0.01025555556376}, {"l": "Phosphate", "v": 0.0021294166683701998}, {"l": "Nitrogen", "v": 0.022016666684279994}]}, {"source": 22, "prod": 0.014858431005670089, "target": 17, "value": 8.9581909975719595e-05, "supply": [{"l": "Potash", "v": 0.01025555556376}, {"l": "Phosphate", "v": 0.0021294166683701998}, {"l": "Nitrogen", "v": 0.022016666684279994}]}, {"source": 20, "prod": 0, "target": 22, "value": 0.051140385526133265, "supply": [{"l": "Natural gas (including LNG)", "v": 0.030841532539928138}, {"l": "Fuel oil", "v": 0.016406940694956008}, {"l": "Liquefied petroleum gas (LPG)", "v": 0.0019459561456245612}, {"l": "Coal", "v": 0.0019459561456245612}]}, {"source": 23, "prod": 0, "target": 3, "value": 0.0041899964266068805, "supply": "[{\"l\":'Labor',\"v\":0.0041899964266068805}]"}, {"source": 23, "prod": 0, "target": 4, "value": 0.013021801669887274, "supply": "[{\"l\":'Labor',\"v\":0.013021801669887274}]"}, {"source": 23, "prod": 0, "target": 5, "value": 0.05027995711928257, "supply": "[{\"l\":'Labor',\"v\":0.05027995711928257}]"}, {"source": 23, "prod": 0, "target": 7, "value": 0.084535015624524784, "supply": "[{\"l\":'Labor',\"v\":0.084535015624524784}]"}, {"source": 23, "prod": 0, "target": 8, "value": 0.016907003124904955, "supply": "[{\"l\":'Labor',\"v\":0.016907003124904955}]"}, {"source": 23, "prod": 0, "target": 17, "value": 0.00044105225543230318, "supply": "[{\"l\":'Labor',\"v\":0.00044105225543230318}]"}, {"source": 20, "prod": 0, "target": 14, "value": 0.075867149606308706, "supply": "[{\"l\":'Fossil Fuels',\"v\":0.075867149606308706}]"}, {"source": 21, "prod": 0, "target": 14, "value": 0.12559785845590626, "supply": "[{\"l\":'Renewables & Nuclear',\"v\":0.0016269299679187272},{\"l\":'Biomass & Waste',\"v\":0.12397092848798753}]"}]}