{"nodes": [{"layer": 3, "name": "Cereals", "fill": "#e7ba52"}, {"layer": 5, "name": "Production", "fill": "#b5cf6b"}, {"layer": 3, "name": "Oilcrops", "fill": "#ff9896"}, {"layer": 3, "name": "Fruits, Roots & Vegetables", "fill": "#98df8a"}, {"layer": 3, "name": "Sugar Crops", "fill": "#ffbb78"}, {"layer": 1, "name": "Electricity", "fill": "#bcbd22"}, {"layer": 0, "name": "Fossil Fuels", "fill": "#c49c94"}, {"layer": 0, "name": "Renewables & Nuclear", "fill": "#2ca02c"}, {"layer": 1, "name": "Fertilizers", "fill": "#c5b0d5"}, {"layer": 0, "name": "Labor", "fill": "#7f7f7f"}], "links": [{"source": 0, "prod": 14.0, "target": 1, "value": 0.054693786096176145, "supply": [{"l": "Maize", "v": 0.050502278050969213}, {"l": "Rice", "v": 0.0041915080452069329}]}, {"source": 2, "prod": 99.650063856960415, "target": 1, "value": 0.46537626080554284, "supply": [{"l": "Groundnuts", "v": 0.10169208113642883}, {"l": "Oilcrops, Other", "v": 0.013682285097805787}, {"l": "Palm kernels", "v": 0.020376079961040003}, {"l": "Oil Palm", "v": 0.32962581461026824}]}, {"source": 3, "prod": 900.0, "target": 1, "value": 1.0294033781410006, "supply": [{"l": "Roots, Other", "v": 0.026674251893940758}, {"l": "Cocoa Beans", "v": 0.0044684385879473695}, {"l": "Plantains", "v": 0.057513128922290331}, {"l": "Fruits, Other", "v": 0.013975363484938275}, {"l": "Yams", "v": 0.012868751287730313}, {"l": "Beans", "v": 0.00424501665855}, {"l": "Tomatoes", "v": 0.0018456594167608694}, {"l": "Coffee", "v": 0.0011791712940416666}, {"l": "Pineapples", "v": 0.001829748559719828}, {"l": "Bananas", "v": 0.022701236958619853}, {"l": "Vegetables, Other", "v": 0.0070695728469298393}, {"l": "Peas", "v": 0.01563953505781579}, {"l": "Sweet potatoes", "v": 0.013330145768904672}, {"l": "Oranges, Mandarines", "v": 0.00096477651330681825}, {"l": "Potatoes", "v": 0.0005660022211400001}, {"l": "Cassava", "v": 0.84453257866836429}]}, {"source": 4, "prod": 350.0, "target": 1, "value": 0.11981901858810484, "supply": [{"l": "Sugar cane", "v": 0.11981901858810484}]}, {"source": 5, "prod": 0, "target": 3, "value": 1.7460796886398702e-06, "supply": "[{\"l\":'Energy for power irrigation',\"v\":1.7460796886398702e-06}]"}, {"source": 5, "prod": 0, "target": 4, "value": 6.7602642812384353e-07, "supply": "[{\"l\":'Energy for power irrigation',\"v\":6.7602642812384353e-07}]"}, {"source": 5, "prod": 0, "target": 0, "value": 1.4293130194618406e-07, "supply": "[{\"l\":'Energy for power irrigation',\"v\":1.4293130194618406e-07}]"}, {"source": 5, "prod": 0, "target": 2, "value": 1.895772488267089e-07, "supply": "[{\"l\":'Energy for power irrigation',\"v\":1.895772488267089e-07}]"}, {"source": 6, "prod": 0, "target": 5, "value": 5.7304236894874305e-08, "supply": [{"l": "Coal", "v": 0.0}, {"l": "Natural gas", "v": 0.0}, {"l": "Oil", "v": 5.7304236894874305e-08}]}, {"source": 7, "prod": 0, "target": 5, "value": 2.7328390575165546e-06, "supply": [{"l": "Nuclear", "v": 0.0}, {"l": "Hydroelectric", "v": 2.7328390575165546e-06}, {"l": "Renewable", "v": 0.0}]}, {"source": 6, "prod": 0, "target": 3, "value": 0.11983132568285641, "supply": [{"l": "Other fossil fuels", "v": 0.11983132568285641}]}, {"source": 6, "prod": 0, "target": 4, "value": 0.046394871669247509, "supply": [{"l": "Other fossil fuels", "v": 0.046394871669247509}]}, {"source": 6, "prod": 0, "target": 0, "value": 0.0098092014386409014, "supply": [{"l": "Other fossil fuels", "v": 0.0098092014386409014}]}, {"source": 6, "prod": 0, "target": 2, "value": 0.013010456048491792, "supply": [{"l": "Other fossil fuels", "v": 0.013010456048491792}]}, {"source": 8, "prod": 1.9633908483151792, "target": 3, "value": 0.014243912327499773, "supply": [{"l": "Potash", "v": 0.00512777778188}, {"l": "Phosphate", "v": 0.00083091299632233285}, {"l": "Nitrogen", "v": 0.016512500013209998}]}, {"source": 8, "prod": 0.76016238596273533, "target": 4, "value": 0.0055147890648505763, "supply": [{"l": "Potash", "v": 0.00512777778188}, {"l": "Phosphate", "v": 0.00083091299632233285}, {"l": "Nitrogen", "v": 0.016512500013209998}]}, {"source": 8, "prod": 0.16072004731783546, "target": 0, "value": 0.0011659839737112646, "supply": [{"l": "Potash", "v": 0.00512777778188}, {"l": "Phosphate", "v": 0.00083091299632233285}, {"l": "Nitrogen", "v": 0.016512500013209998}]}, {"source": 8, "prod": 0.21317139063971963, "target": 2, "value": 0.0015465054253507174, "supply": [{"l": "Potash", "v": 0.00512777778188}, {"l": "Phosphate", "v": 0.00083091299632233285}, {"l": "Nitrogen", "v": 0.016512500013209998}]}, {"source": 6, "prod": 0, "target": 8, "value": 0.031792750770249685, "supply": [{"l": "Natural gas (including LNG)", "v": 0.019633628341372292}, {"l": "Fuel oil", "v": 0.0092401882104405503}, {"l": "Liquefied petroleum gas (LPG)", "v": 0.0014594671092184211}, {"l": "Coal", "v": 0.0014594671092184211}]}, {"source": 9, "prod": 0, "target": 3, "value": 0.15540807762530195, "supply": "[{\"l\":'Labor',\"v\":0.15540807762530195}]"}, {"source": 9, "prod": 0, "target": 4, "value": 0.060169056602716472, "supply": "[{\"l\":'Labor',\"v\":0.060169056602716472}]"}, {"source": 9, "prod": 0, "target": 0, "value": 0.012721457681717197, "supply": "[{\"l\":'Labor',\"v\":0.012721457681717197}]"}, {"source": 9, "prod": 0, "target": 2, "value": 0.01687313356505625, "supply": "[{\"l\":'Labor',\"v\":0.01687313356505625}]"}]}