{"nodes": [{"layer": 13, "name": "Aquatic Products", "fill": "#1f77b4"}, {"layer": 10, "name": "Feed", "fill": "#dbdb8d"}, {"layer": 13, "name": "Other Processed", "fill": "#9c9ede"}, {"layer": 16, "name": "Food", "fill": "#b5cf6b"}, {"layer": 13, "name": "Animal Products", "fill": "#17becf"}, {"layer": 5, "name": "Cereals", "fill": "#e7ba52"}, {"layer": 5, "name": "Oilcrops", "fill": "#ff9896"}, {"layer": 5, "name": "Sugar Crops", "fill": "#ffbb78"}, {"layer": 13, "name": "Sugar", "fill": "#d6616b"}, {"layer": 5, "name": "Starchy Roots"}, {"layer": 5, "name": "Fruits & Vegetables"}, {"layer": 13, "name": "Vegetable Oils", "fill": "#f7b6d2"}, {"layer": 10, "name": "Processing", "fill": "#9edae5"}, {"layer": 16, "name": "Biofuels & Other", "fill": "#e7ba52"}, {"name": "Waste", "fill": "#c7c7c7"}, {"layer": 2, "name": "Import", "fill": "#aec7e8"}, {"layer": 16, "name": "Export", "fill": "#aec7e8"}, {"layer": 5, "name": "Others"}, {"layer": 0, "name": "Stock Draw", "fill": "#c7c7c7"}, {"layer": 16, "name": "Stock Deposit", "fill": "#c7c7c7"}, {"layer": 2, "name": "Electricity", "fill": "#bcbd22"}, {"layer": 0, "name": "Fossil Fuels", "fill": "#c49c94"}, {"layer": 0, "name": "Renewables & Nuclear", "fill": "#2ca02c"}, {"layer": 2, "name": "Fertilizers", "fill": "#c5b0d5"}, {"layer": 0, "name": "Labor", "fill": "#7f7f7f"}], "links": [{"source": 0, "prod": 2.0, "target": 1, "value": 0.0016288343084774949, "supply": [{"l": "Pelagic Fish", "v": 0.00088437847053125004}, {"l": "Fish, Seafood", "v": 0.00074445583794624471}]}, {"source": 2, "prod": 27.0, "target": 3, "value": 0.017001280410453436, "supply": [{"l": "Beer", "v": 0.0081700400806094635}, {"l": "Wine", "v": 0.0088312403298439705}]}, {"source": 4, "prod": 23.0, "target": 3, "value": 0.034244275892510688, "supply": [{"l": "Pigmeat", "v": 0.0037566519102212393}, {"l": "Milk - Excluding Butter", "v": 0.006053079309413888}, {"l": "Meat, Other", "v": 0.0097648945500191705}, {"l": "Bovine Meat", "v": 0.013153572744802819}, {"l": "Poultry Meat", "v": 0.0015160773780535715}]}, {"source": 5, "prod": 31.0, "target": 3, "value": 0.10692280321054562, "supply": [{"l": "Maize", "v": 0.015537315874431372}, {"l": "Rice", "v": 0.021576325805868796}, {"l": "Wheat", "v": 0.069809161530245453}]}, {"source": 6, "prod": 7.0, "target": 3, "value": 0.041090583851342968, "supply": [{"l": "Groundnuts", "v": 0.031722271225577449}, {"l": "Oilcrops, Other", "v": 0.0093683126257655177}]}, {"source": 7, "prod": 8.0, "target": 3, "value": 0.0028585970764646467, "supply": [{"l": "Sugar cane", "v": 0.0028585970764646467}]}, {"source": 8, "prod": 3.0, "target": 3, "value": 0.012735049975650002, "supply": [{"l": "Sugar", "v": 0.012735049975650002}]}, {"source": 9, "prod": 504.0, "target": 3, "value": 0.61269906720640188, "supply": [{"l": "Roots, Other", "v": 0.017692825746259661}, {"l": "Potatoes", "v": 0.00074473976465789485}, {"l": "Yams", "v": 0.047952473713363808}, {"l": "Sweet potatoes", "v": 0.0099091166957507217}, {"l": "Cassava", "v": 0.53639991128636977}]}, {"source": 10, "prod": 84.0, "target": 3, "value": 0.075029328878141177, "supply": [{"l": "Fruits, Other", "v": 0.013199080136706074}, {"l": "Beans", "v": 0.011919504903317732}, {"l": "Tomatoes", "v": 0.0010815329066369429}, {"l": "Pineapples", "v": 0.0010849882833354634}, {"l": "Bananas", "v": 0.0084618272263455151}, {"l": "Vegetables, Other", "v": 0.0039409968978580904}, {"l": "Peas", "v": 0.0079740644414751389}, {"l": "Oranges, Mandarines", "v": 0.00051454747376363636}, {"l": "Plantains", "v": 0.026852786608702585}]}, {"source": 0, "prod": 68.0, "target": 3, "value": 0.050696897825954573, "supply": [{"l": "Freshwater Fish", "v": 0.008132215820977012}, {"l": "Pelagic Fish", "v": 0.0053062708231875}, {"l": "Fish, Seafood", "v": 0.025311498490172325}, {"l": "Demersal Fish", "v": 0.0099492577934765635}, {"l": "Marine Fish, Other", "v": 0.0019976548981411766}]}, {"source": 11, "prod": 12.0, "target": 3, "value": 0.12320520824385565, "supply": [{"l": "Groundnut Oil", "v": 0.020540403186532257}, {"l": "Palm Oil", "v": 0.10266480505732339}]}, {"source": 7, "prod": 760.0, "target": 12, "value": 0.27156672226414141, "supply": [{"l": "Sugar cane", "v": 0.27156672226414141}]}, {"source": 5, "prod": 3.0, "target": 12, "value": 0.0090000353184805666, "supply": [{"l": "Barley", "v": 0.0090000353184805666}]}, {"source": 6, "prod": 73.717391304347842, "target": 12, "value": 0.32552817963119846, "supply": [{"l": "Groundnuts", "v": 0.038066725470692939}, {"l": "Oil Palm", "v": 0.2874614541605055}]}, {"source": 11, "prod": 5.0, "target": 13, "value": 0.051332402528661697, "supply": [{"l": "Palm Oil", "v": 0.051332402528661697}]}, {"source": 6, "prod": 1.0, "target": 6, "value": 0.0063444542451154906, "supply": [{"l": "Groundnuts", "v": 0.0063444542451154906}]}, {"source": 9, "prod": 20.0, "target": 14, "value": 0.023793684836124419, "supply": [{"l": "Sweet potatoes", "v": 0.0011010129661945247}, {"l": "Cassava", "v": 0.014763300310634031}, {"l": "Roots, Other", "v": 0.002081508911324666}, {"l": "Yams", "v": 0.0058478626479711963}]}, {"source": 10, "prod": 8.0, "target": 14, "value": 0.0059789019938484289, "supply": [{"l": "Vegetables, Other", "v": 0.00052546625304774534}, {"l": "Bananas", "v": 0.00070515226886212626}, {"l": "Plantains", "v": 0.0030983984548502985}, {"l": "Fruits, Other", "v": 0.0016498850170882592}]}, {"source": 7, "prod": 2.0, "target": 14, "value": 0.00071464926911616168, "supply": [{"l": "Sugar cane", "v": 0.00071464926911616168}]}, {"source": 15, "prod": 13.0, "target": 12, "value": 0.019608348340614399, "supply": [{"l": "Beer", "v": 0.00051062750503809147}, {"l": "Palm Oil", "v": 0.010266480505732338}, {"l": "Wine", "v": 0.0088312403298439705}]}, {"source": 15, "prod": 30.0, "target": 5, "value": 0.096786026355740878, "supply": [{"l": "Wheat", "v": 0.076155448942085938}, {"l": "Barley", "v": 0.01200004709130742}, {"l": "Rice", "v": 0.0086305303223475176}]}, {"source": 15, "prod": 53.0, "target": 1, "value": 0.045797633812582179, "supply": [{"l": "Pelagic Fish", "v": 0.00265313541159375}, {"l": "Bovine Meat", "v": 0.008769048496535212}, {"l": "Freshwater Fish", "v": 0.004066107910488506}, {"l": "Milk - Excluding Butter", "v": 0.006053079309413888}, {"l": "Demersal Fish", "v": 0.008622690087679687}, {"l": "Fish, Seafood", "v": 0.015633572596871141}]}, {"source": 15, "prod": 1.0, "target": 10, "value": 0.00026273312652387267, "supply": [{"l": "Vegetables, Other", "v": 0.00026273312652387267}]}, {"source": 8, "prod": 117.0, "target": 16, "value": 0.49666694905035003, "supply": [{"l": "Sugar", "v": 0.49666694905035003}]}, {"source": 6, "prod": 3.0, "target": 16, "value": 0.0034866666600000002, "supply": [{"l": "Palm kernels", "v": 0.0034866666600000002}]}, {"source": 17, "prod": 2.0, "target": 16, "value": 0.011314197292416322, "supply": [{"l": "Cocoa Beans", "v": 0.010612541646375}, {"l": "Coffee", "v": 0.00070165564604132225}]}, {"source": 18, "prod": 25.0, "target": 12, "value": 0.10612541646375, "supply": [{"l": "Sugar", "v": 0.10612541646375}]}, {"source": 5, "prod": 1.0, "target": 19, "value": 0.0031731437059202478, "supply": [{"l": "Wheat", "v": 0.0031731437059202478}]}, {"source": 1, "prod": 70.0, "target": 0, "value": 0.052325732134432069, "supply": [{"l": "Marine Fish, Other", "v": 0.0019976548981411766}, {"l": "Freshwater Fish", "v": 0.008132215820977012}, {"l": "Pelagic Fish", "v": 0.0061906492937187502}, {"l": "Demersal Fish", "v": 0.0099492577934765635}, {"l": "Fish, Seafood", "v": 0.02605595432811857}]}, {"source": 1, "prod": 23.0, "target": 4, "value": 0.034244275892510688, "supply": [{"l": "Milk - Excluding Butter", "v": 0.006053079309413888}, {"l": "Bovine Meat", "v": 0.013153572744802819}, {"l": "Pigmeat", "v": 0.0037566519102212393}, {"l": "Meat, Other", "v": 0.0097648945500191705}, {"l": "Poultry Meat", "v": 0.0015160773780535715}]}, {"source": 12, "prod": 27.0, "target": 2, "value": 0.017001280410453436, "supply": [{"l": "Beer", "v": 0.0081700400806094635}, {"l": "Wine", "v": 0.0088312403298439705}]}, {"source": 12, "prod": 17.0, "target": 11, "value": 0.17453761077251734, "supply": [{"l": "Palm Oil", "v": 0.15399720758598509}, {"l": "Groundnut Oil", "v": 0.020540403186532257}]}, {"source": 12, "prod": 120.0, "target": 8, "value": 0.50940199902600003, "supply": [{"l": "Sugar", "v": 0.50940199902600003}]}, {"source": 20, "prod": 0, "target": 5, "value": 4.784179940923e-09, "supply": "[{\"l\":'Energy for power irrigation',\"v\":4.784179940923e-09}]"}, {"source": 20, "prod": 0, "target": 6, "value": 1.8851313680259795e-08, "supply": "[{\"l\":'Energy for power irrigation',\"v\":1.8851313680259795e-08}]"}, {"source": 20, "prod": 0, "target": 7, "value": 1.7134039788421908e-07, "supply": "[{\"l\":'Energy for power irrigation',\"v\":1.7134039788421908e-07}]"}, {"source": 20, "prod": 0, "target": 9, "value": 1.168229985574221e-07, "supply": "[{\"l\":'Energy for power irrigation',\"v\":1.168229985574221e-07}]"}, {"source": 20, "prod": 0, "target": 10, "value": 2.0583099745831514e-08, "supply": "[{\"l\":'Energy for power irrigation',\"v\":2.0583099745831514e-08}]"}, {"source": 20, "prod": 0, "target": 17, "value": 4.4503999450446517e-10, "supply": "[{\"l\":'Energy for power irrigation',\"v\":4.4503999450446517e-10}]"}, {"source": 20, "prod": 0, "target": 12, "value": 0.0015189000000000001, "supply": "[{\"l\":'Electricity',\"v\":0.0015189000000000001}]"}, {"source": 21, "prod": 0, "target": 20, "value": 0.0016002780859455949, "supply": [{"l": "Coal", "v": 0.0}, {"l": "Natural gas", "v": 0.00029805391643719767}, {"l": "Oil", "v": 0.0013022241695083972}]}, {"source": 22, "prod": 0, "target": 20, "value": 0.00090218553687736126, "supply": [{"l": "Nuclear", "v": 0.0}, {"l": "Hydroelectric", "v": 0.00090218553687736126}, {"l": "Renewable", "v": 0.0}]}, {"source": 21, "prod": 0, "target": 5, "value": 0.0015987917434540839, "supply": [{"l": "Other fossil fuels", "v": 0.0015987917434540839}]}, {"source": 21, "prod": 0, "target": 6, "value": 0.006299789104388844, "supply": [{"l": "Other fossil fuels", "v": 0.006299789104388844}]}, {"source": 21, "prod": 0, "target": 7, "value": 0.057259053137657882, "supply": [{"l": "Other fossil fuels", "v": 0.057259053137657882}]}, {"source": 21, "prod": 0, "target": 9, "value": 0.039040263502948563, "supply": [{"l": "Other fossil fuels", "v": 0.039040263502948563}]}, {"source": 21, "prod": 0, "target": 10, "value": 0.0068785226171861752, "supply": [{"l": "Other fossil fuels", "v": 0.0068785226171861752}]}, {"source": 21, "prod": 0, "target": 17, "value": 0.00014872481334456594, "supply": [{"l": "Other fossil fuels", "v": 0.00014872481334456594}]}, {"source": 23, "prod": 0.092792637787708881, "target": 5, "value": 0.00083406915561476294, "supply": [{"l": "Potash", "v": 0.0095120277853873985}, {"l": "Phosphate", "v": 0.00055306545496222126}, {"l": "Nitrogen", "v": 0.04795963892725659}]}, {"source": 23, "prod": 0.36563489328483478, "target": 6, "value": 0.0032865192107489707, "supply": [{"l": "Potash", "v": 0.0095120277853873985}, {"l": "Phosphate", "v": 0.00055306545496222126}, {"l": "Nitrogen", "v": 0.04795963892725659}]}, {"source": 23, "prod": 3.3232712137923643, "target": 7, "value": 0.029871313945272905, "supply": [{"l": "Potash", "v": 0.0095120277853873985}, {"l": "Phosphate", "v": 0.00055306545496222126}, {"l": "Nitrogen", "v": 0.04795963892725659}]}, {"source": 23, "prod": 2.2658667366766125, "target": 9, "value": 0.020366804962686072, "supply": [{"l": "Potash", "v": 0.0095120277853873985}, {"l": "Phosphate", "v": 0.00055306545496222126}, {"l": "Nitrogen", "v": 0.04795963892725659}]}, {"source": 23, "prod": 0.39922413931921263, "target": 10, "value": 0.0035884370648542126, "supply": [{"l": "Potash", "v": 0.0095120277853873985}, {"l": "Phosphate", "v": 0.00055306545496222126}, {"l": "Nitrogen", "v": 0.04795963892725659}]}, {"source": 23, "prod": 0.0086318732825775707, "target": 17, "value": 7.7587828429280268e-05, "supply": [{"l": "Potash", "v": 0.0095120277853873985}, {"l": "Phosphate", "v": 0.00055306545496222126}, {"l": "Nitrogen", "v": 0.04795963892725659}]}, {"source": 21, "prod": 0, "target": 23, "value": 0.078281483425474405, "supply": [{"l": "Natural gas (including LNG)", "v": 0.049470307626930776}, {"l": "Fuel oil", "v": 0.020333293524105955}, {"l": "Liquefied petroleum gas (LPG)", "v": 0.0042389411372188357}, {"l": "Coal", "v": 0.0042389411372188357}]}, {"source": 24, "prod": 0, "target": 5, "value": 0.0021423576192414798, "supply": "[{\"l\":'Labor',\"v\":0.0021423576192414798}]"}, {"source": 24, "prod": 0, "target": 6, "value": 0.0084416255229363482, "supply": "[{\"l\":'Labor',\"v\":0.0084416255229363482}]"}, {"source": 24, "prod": 0, "target": 7, "value": 0.076726296130973926, "supply": "[{\"l\":'Labor',\"v\":0.076726296130973926}]"}, {"source": 24, "prod": 0, "target": 9, "value": 0.052313383725664048, "supply": "[{\"l\":'Labor',\"v\":0.052313383725664048}]"}, {"source": 24, "prod": 0, "target": 10, "value": 0.009217119989759855, "supply": "[{\"l\":'Labor',\"v\":0.009217119989759855}]"}, {"source": 24, "prod": 0, "target": 17, "value": 0.00019928908085967254, "supply": "[{\"l\":'Labor',\"v\":0.00019928908085967254}]"}, {"source": 21, "prod": 0, "target": 15, "value": 0.092891724909709872, "supply": "[{\"l\":'Fossil Fuels',\"v\":0.092891724909709872}]"}, {"source": 22, "prod": 0, "target": 15, "value": 0.15227838634366175, "supply": "[{\"l\":'Renewables & Nuclear',\"v\":0.0022841872313557592},{\"l\":'Biomass & Waste',\"v\":0.14999419911230599}]"}]}