{"nodes": [{"layer": 3, "name": "Cereals", "fill": "#e7ba52"}, {"layer": 5, "name": "Production", "fill": "#b5cf6b"}, {"layer": 3, "name": "Oilcrops", "fill": "#ff9896"}, {"layer": 3, "name": "Sugar Crops", "fill": "#ffbb78"}, {"layer": 3, "name": "Starchy Roots"}, {"layer": 3, "name": "Fruits & Vegetables"}, {"layer": 3, "name": "Others"}, {"layer": 1, "name": "Electricity", "fill": "#bcbd22"}, {"layer": 0, "name": "Fossil Fuels", "fill": "#c49c94"}, {"layer": 0, "name": "Renewables & Nuclear", "fill": "#2ca02c"}, {"layer": 1, "name": "Fertilizers", "fill": "#c5b0d5"}, {"layer": 0, "name": "Labor", "fill": "#7f7f7f"}], "links": [{"source": 0, "prod": 4.0, "target": 1, "value": 0.016653738087594291, "supply": [{"l": "Maize", "v": 0.0080562359943284669}, {"l": "Rice", "v": 0.0085975020932658238}]}, {"source": 2, "prod": 61.870967741935488, "target": 1, "value": 0.27747293727022998, "supply": [{"l": "Oilcrops, Other", "v": 0.0090560355382400017}, {"l": "Groundnuts", "v": 0.11533630166626416}, {"l": "Palm kernels", "v": 0.0092977777600000006}, {"l": "Oil Palm", "v": 0.14378282230572581}]}, {"source": 3, "prod": 230.0, "target": 1, "value": 0.06949137590508897, "supply": [{"l": "Sugar cane", "v": 0.06949137590508897}]}, {"source": 4, "prod": 535.0, "target": 1, "value": 0.65304759123577794, "supply": [{"l": "Roots, Other", "v": 0.017975235374665936}, {"l": "Yams", "v": 0.036274414938298624}, {"l": "Sweet potatoes", "v": 0.0080583367077559313}, {"l": "Cassava", "v": 0.59073960421505745}]}, {"source": 5, "prod": 77.0, "target": 1, "value": 0.068151324292925142, "supply": [{"l": "Plantains", "v": 0.027709229617348355}, {"l": "Fruits, Other", "v": 0.014614477742075069}, {"l": "Beans", "v": 0.0080631601335586604}, {"l": "Tomatoes", "v": 0.00049552723640661472}, {"l": "Pineapples", "v": 0.0016079608555113636}, {"l": "Bananas", "v": 0.0032062059354607251}, {"l": "Vegetables, Other", "v": 0.0036855958585860472}, {"l": "Peas", "v": 0.0078611419602777795}, {"l": "Oranges, Mandarines", "v": 0.000908024953700535}]}, {"source": 6, "prod": 2.0, "target": 1, "value": 0.014519187411852175, "supply": [{"l": "Cocoa Beans", "v": 0.014150055528500001}, {"l": "Coffee", "v": 0.00036913188335217393}]}, {"source": 7, "prod": 0, "target": 0, "value": 2.6213776467306757e-09, "supply": "[{\"l\":'Energy for power irrigation',\"v\":2.6213776467306757e-09}]"}, {"source": 7, "prod": 0, "target": 2, "value": 1.3989259391038177e-08, "supply": "[{\"l\":'Energy for power irrigation',\"v\":1.3989259391038177e-08}]"}, {"source": 7, "prod": 0, "target": 3, "value": 5.2427552934613501e-08, "supply": "[{\"l\":'Energy for power irrigation',\"v\":5.2427552934613501e-08}]"}, {"source": 7, "prod": 0, "target": 4, "value": 1.2206501998471971e-07, "supply": "[{\"l\":'Energy for power irrigation',\"v\":1.2206501998471971e-07}]"}, {"source": 7, "prod": 0, "target": 5, "value": 1.7551832938979307e-08, "supply": "[{\"l\":'Energy for power irrigation',\"v\":1.7551832938979307e-08}]"}, {"source": 7, "prod": 0, "target": 6, "value": 4.5589176464881315e-10, "supply": "[{\"l\":'Energy for power irrigation',\"v\":4.5589176464881315e-10}]"}, {"source": 8, "prod": 0, "target": 7, "value": 2.227418418495237e-07, "supply": [{"l": "Coal", "v": 0.0}, {"l": "Natural gas", "v": 4.350051137085306e-08}, {"l": "Oil", "v": 1.7924133047867064e-07}]}, {"source": 9, "prod": 0, "target": 7, "value": 1.2417903134877214e-07, "supply": [{"l": "Nuclear", "v": 0.0}, {"l": "Hydroelectric", "v": 1.2417903134877214e-07}, {"l": "Renewable", "v": 0.0}]}, {"source": 8, "prod": 0, "target": 0, "value": 0.0013942987205238116, "supply": [{"l": "Other fossil fuels", "v": 0.0013942987205238116}]}, {"source": 8, "prod": 0, "target": 2, "value": 0.0074408227652077181, "supply": [{"l": "Other fossil fuels", "v": 0.0074408227652077181}]}, {"source": 8, "prod": 0, "target": 3, "value": 0.027885974410476227, "supply": [{"l": "Other fossil fuels", "v": 0.027885974410476227}]}, {"source": 8, "prod": 0, "target": 4, "value": 0.064925823029608781, "supply": [{"l": "Other fossil fuels", "v": 0.064925823029608781}]}, {"source": 8, "prod": 0, "target": 5, "value": 0.0093357392591594344, "supply": [{"l": "Other fossil fuels", "v": 0.0093357392591594344}]}, {"source": 8, "prod": 0, "target": 6, "value": 0.00024248673400414117, "supply": [{"l": "Other fossil fuels", "v": 0.00024248673400414117}]}, {"source": 10, "prod": 0.012317328932239923, "target": 0, "value": 9.2639529589249561e-05, "supply": [{"l": "Potash", "v": 0.001538333334564}, {"l": "Phosphate", "v": 0.00034748389962230769}, {"l": "Nitrogen", "v": 0.0055041666710699986}]}, {"source": 10, "prod": 0.065732730136287387, "target": 2, "value": 0.00049438065930868804, "supply": [{"l": "Potash", "v": 0.001538333334564}, {"l": "Phosphate", "v": 0.00034748389962230769}, {"l": "Nitrogen", "v": 0.0055041666710699986}]}, {"source": 10, "prod": 0.24634657864479842, "target": 3, "value": 0.0018527905917849908, "supply": [{"l": "Potash", "v": 0.001538333334564}, {"l": "Phosphate", "v": 0.00034748389962230769}, {"l": "Nitrogen", "v": 0.0055041666710699986}]}, {"source": 10, "prod": 0.57355909940995464, "target": 4, "value": 0.0043137798343515768, "supply": [{"l": "Potash", "v": 0.001538333334564}, {"l": "Phosphate", "v": 0.00034748389962230769}, {"l": "Nitrogen", "v": 0.0055041666710699986}]}, {"source": 10, "prod": 0.082472550241954268, "target": 5, "value": 0.00062028206768454048, "supply": [{"l": "Potash", "v": 0.001538333334564}, {"l": "Phosphate", "v": 0.00034748389962230769}, {"l": "Nitrogen", "v": 0.0055041666710699986}]}, {"source": 10, "prod": 0.0021421441621286823, "target": 6, "value": 1.6111222537260794e-05, "supply": [{"l": "Potash", "v": 0.001538333334564}, {"l": "Phosphate", "v": 0.00034748389962230769}, {"l": "Nitrogen", "v": 0.0055041666710699986}]}, {"source": 8, "prod": 0, "target": 10, "value": 0.010297359538500176, "supply": [{"l": "Natural gas (including LNG)", "v": 0.0064143335895827346}, {"l": "Fuel oil", "v": 0.0029100478761051613}, {"l": "Liquefied petroleum gas (LPG)", "v": 0.00048648903640614031}, {"l": "Coal", "v": 0.00048648903640614031}]}, {"source": 11, "prod": 0, "target": 0, "value": 0.0016653038112346326, "supply": "[{\"l\":'Labor',\"v\":0.0016653038112346326}]"}, {"source": 11, "prod": 0, "target": 2, "value": 0.0088870701286785092, "supply": "[{\"l\":'Labor',\"v\":0.0088870701286785092}]"}, {"source": 11, "prod": 0, "target": 3, "value": 0.033306076224692643, "supply": "[{\"l\":'Labor',\"v\":0.033306076224692643}]"}, {"source": 11, "prod": 0, "target": 4, "value": 0.07754523399270831, "supply": "[{\"l\":'Labor',\"v\":0.07754523399270831}]"}, {"source": 11, "prod": 0, "target": 5, "value": 0.011150295083918843, "supply": "[{\"l\":'Labor',\"v\":0.011150295083918843}]"}, {"source": 11, "prod": 0, "target": 6, "value": 0.00028961805412776217, "supply": "[{\"l\":'Labor',\"v\":0.00028961805412776217}]"}]}