{"nodes": [{"layer": 5, "name": "Maize"}, {"layer": 16, "name": "Food", "fill": "#b5cf6b"}, {"layer": 5, "name": "Vegetables, Other"}, {"layer": 5, "name": "Plantains"}, {"layer": 5, "name": "Fruits, Other"}, {"layer": 5, "name": "Yams"}, {"layer": 13, "name": "Sugar", "fill": "#d6616b"}, {"layer": 13, "name": "Beer"}, {"layer": 13, "name": "Groundnut Oil"}, {"layer": 5, "name": "Rice"}, {"layer": 5, "name": "Tomatoes"}, {"layer": 5, "name": "Wheat"}, {"layer": 5, "name": "Roots, Other"}, {"layer": 5, "name": "Peas"}, {"layer": 13, "name": "Marine Fish, Other"}, {"layer": 5, "name": "Groundnuts"}, {"layer": 13, "name": "Palm Oil"}, {"layer": 5, "name": "Oilcrops, Other"}, {"layer": 13, "name": "Wine"}, {"layer": 13, "name": "Pigmeat"}, {"layer": 5, "name": "Potatoes"}, {"layer": 13, "name": "Freshwater Fish"}, {"layer": 13, "name": "Milk - Excluding Butter"}, {"layer": 5, "name": "Pineapples"}, {"layer": 5, "name": "Beans"}, {"layer": 13, "name": "Fish, Seafood"}, {"layer": 13, "name": "Meat, Other"}, {"layer": 5, "name": "Sugar cane"}, {"layer": 13, "name": "Pelagic Fish"}, {"layer": 5, "name": "Bananas"}, {"layer": 13, "name": "Bovine Meat"}, {"layer": 13, "name": "Poultry Meat"}, {"layer": 5, "name": "Sweet potatoes"}, {"layer": 13, "name": "Demersal Fish"}, {"layer": 5, "name": "Oranges, Mandarines"}, {"layer": 5, "name": "Cassava"}, {"layer": 10, "name": "Processing", "fill": "#9edae5"}, {"layer": 5, "name": "Barley"}, {"layer": 16, "name": "Biofuels & Other", "fill": "#e7ba52"}, {"name": "Seed", "fill": "#dbdb8d"}, {"name": "Waste", "fill": "#c7c7c7"}, {"layer": 0, "name": "Import", "fill": "#aec7e8"}, {"layer": 10, "name": "Feed", "fill": "#dbdb8d"}, {"layer": 16, "name": "Export", "fill": "#aec7e8"}, {"layer": 5, "name": "Palm kernels"}, {"layer": 5, "name": "Coffee"}, {"layer": 5, "name": "Cocoa Beans"}, {"layer": 16, "name": "Stock Deposit", "fill": "#c7c7c7"}, {"layer": 0, "name": "Production", "fill": "#b5cf6b"}, {"layer": 5, "name": "Oil Palm"}], "links": [{"source": 0, "prod": 0.019435016027096387, "target": 1, "value": 5.0, "supply": [{"l": "Maize", "v": 5.0}]}, {"source": 2, "prod": 0.0039366460512055643, "target": 1, "value": 15.0, "supply": [{"l": "Vegetables, Other", "v": 15.0}]}, {"source": 3, "prod": 0.026104194568453715, "target": 1, "value": 25.0, "supply": [{"l": "Plantains", "v": 25.0}]}, {"source": 4, "prod": 0.012318128696685271, "target": 1, "value": 15.0, "supply": [{"l": "Fruits, Other", "v": 15.0}]}, {"source": 5, "prod": 0.034209351467532102, "target": 1, "value": 29.0, "supply": [{"l": "Yams", "v": 29.0}]}, {"source": 6, "prod": 0.0129949489547449, "target": 1, "value": 3.0, "supply": [{"l": "Sugar", "v": 3.0}]}, {"source": 7, "prod": 0.0039894429683876654, "target": 1, "value": 8.0, "supply": [{"l": "Beer", "v": 8.0}]}, {"source": 8, "prod": 0.020852713410421053, "target": 1, "value": 2.0, "supply": [{"l": "Groundnut Oil", "v": 2.0}]}, {"source": 9, "prod": 0.012966596338843634, "target": 1, "value": 3.0, "supply": [{"l": "Rice", "v": 3.0}]}, {"source": 10, "prod": 0.00090319503373404266, "target": 1, "value": 3.0, "supply": [{"l": "Tomatoes", "v": 3.0}]}, {"source": 11, "prod": 0.057234347521807297, "target": 1, "value": 18.0, "supply": [{"l": "Wheat", "v": 18.0}]}, {"source": 12, "prod": 0.015669524578540272, "target": 1, "value": 15.0, "supply": [{"l": "Roots, Other", "v": 15.0}]}, {"source": 13, "prod": 0.008037901365301775, "target": 1, "value": 2.0, "supply": [{"l": "Peas", "v": 2.0}]}, {"source": 14, "prod": 0.0035629636222841731, "target": 1, "value": 5.0, "supply": [{"l": "Marine Fish, Other", "v": 5.0}]}, {"source": 15, "prod": 0.031765430778265304, "target": 1, "value": 5.0, "supply": [{"l": "Groundnuts", "v": 5.0}]}, {"source": 16, "prod": 0.061479551606586212, "target": 1, "value": 6.0, "supply": [{"l": "Palm Oil", "v": 6.0}]}, {"source": 17, "prod": 0.0090560355382400017, "target": 1, "value": 2.0, "supply": [{"l": "Oilcrops, Other", "v": 2.0}]}, {"source": 18, "prod": 0.0096984968082919325, "target": 1, "value": 12.0, "supply": [{"l": "Wine", "v": 12.0}]}, {"source": 19, "prod": 0.0034731954479045452, "target": 1, "value": 1.0, "supply": [{"l": "Pigmeat", "v": 1.0}]}, {"source": 20, "prod": 0.001872801467007353, "target": 1, "value": 2.0, "supply": [{"l": "Potatoes", "v": 2.0}]}, {"source": 21, "prod": 0.0072910591463645046, "target": 1, "value": 9.0, "supply": [{"l": "Freshwater Fish", "v": 9.0}]}, {"source": 22, "prod": 0.0043023817485304061, "target": 1, "value": 5.0, "supply": [{"l": "Milk - Excluding Butter", "v": 5.0}]}, {"source": 23, "prod": 0.0013300313290496085, "target": 1, "value": 4.0, "supply": [{"l": "Pineapples", "v": 4.0}]}, {"source": 24, "prod": 0.0078773505004020635, "target": 1, "value": 2.0, "supply": [{"l": "Beans", "v": 2.0}]}, {"source": 25, "prod": 0.023924010756181759, "target": 1, "value": 32.0, "supply": [{"l": "Fish, Seafood", "v": 32.0}]}, {"source": 26, "prod": 0.0095450078712958578, "target": 1, "value": 8.0, "supply": [{"l": "Meat, Other", "v": 8.0}]}, {"source": 27, "prod": 0.0014349352085239436, "target": 1, "value": 4.0, "supply": [{"l": "Sugar cane", "v": 4.0}]}, {"source": 28, "prod": 0.0051247686018712265, "target": 1, "value": 6.0, "supply": [{"l": "Pelagic Fish", "v": 6.0}]}, {"source": 29, "prod": 0.0040670818285508991, "target": 1, "value": 6.0, "supply": [{"l": "Bananas", "v": 6.0}]}, {"source": 30, "prod": 0.0065870948149913799, "target": 1, "value": 3.0, "supply": [{"l": "Bovine Meat", "v": 3.0}]}, {"source": 31, "prod": 0.0013547925506010639, "target": 1, "value": 1.0, "supply": [{"l": "Poultry Meat", "v": 1.0}]}, {"source": 32, "prod": 0.0079054300839976523, "target": 1, "value": 7.0, "supply": [{"l": "Sweet potatoes", "v": 7.0}]}, {"source": 33, "prod": 0.0083205408189364789, "target": 1, "value": 12.0, "supply": [{"l": "Demersal Fish", "v": 12.0}]}, {"source": 34, "prod": 0.00049075337093063584, "target": 1, "value": 2.0, "supply": [{"l": "Oranges, Mandarines", "v": 2.0}]}, {"source": 35, "prod": 0.59802138535563976, "target": 1, "value": 486.0, "supply": [{"l": "Cassava", "v": 486.0}]}, {"source": 27, "prod": 0.11335988147339156, "target": 36, "value": 316.0, "supply": [{"l": "Sugar cane", "v": 316.0}]}, {"source": 37, "prod": 0.0028917007210831065, "target": 36, "value": 1.0, "supply": [{"l": "Barley", "v": 1.0}]}, {"source": 15, "prod": 0.031765430778265304, "target": 36, "value": 5.0, "supply": [{"l": "Groundnuts", "v": 5.0}]}, {"source": 16, "prod": 0.010246591934431035, "target": 38, "value": 1.0, "supply": [{"l": "Palm Oil", "v": 1.0}]}, {"source": 20, "prod": 0.00093640073350367652, "target": 39, "value": 1.0, "supply": [{"l": "Potatoes", "v": 1.0}]}, {"source": 15, "prod": 0.0063530861556530616, "target": 39, "value": 1.0, "supply": [{"l": "Groundnuts", "v": 1.0}]}, {"source": 12, "prod": 0.0020892699438053693, "target": 40, "value": 2.0, "supply": [{"l": "Roots, Other", "v": 2.0}]}, {"source": 29, "prod": 0.00067784697142514981, "target": 40, "value": 1.0, "supply": [{"l": "Bananas", "v": 1.0}]}, {"source": 3, "prod": 0.003132503348214446, "target": 40, "value": 3.0, "supply": [{"l": "Plantains", "v": 3.0}]}, {"source": 2, "prod": 0.00052488614016074197, "target": 40, "value": 2.0, "supply": [{"l": "Vegetables, Other", "v": 2.0}]}, {"source": 4, "prod": 0.0016424171595580362, "target": 40, "value": 2.0, "supply": [{"l": "Fruits, Other", "v": 2.0}]}, {"source": 5, "prod": 0.0035388984276757346, "target": 40, "value": 3.0, "supply": [{"l": "Yams", "v": 3.0}]}, {"source": 32, "prod": 0.0011293471548568074, "target": 40, "value": 1.0, "supply": [{"l": "Sweet potatoes", "v": 1.0}]}, {"source": 27, "prod": 0.010762014063929577, "target": 40, "value": 30.0, "supply": [{"l": "Sugar cane", "v": 30.0}]}, {"source": 35, "prod": 0.017226953487611021, "target": 40, "value": 14.0, "supply": [{"l": "Cassava", "v": 14.0}]}, {"source": 41, "prod": 0.00093640073350367652, "target": 20, "value": 1.0, "supply": [{"l": "Potatoes", "v": 1.0}]}, {"source": 41, "prod": 0.0043221987796145458, "target": 9, "value": 1.0, "supply": [{"l": "Rice", "v": 1.0}]}, {"source": 41, "prod": 0.057234347521807297, "target": 11, "value": 18.0, "supply": [{"l": "Wheat", "v": 18.0}]}, {"source": 41, "prod": 0.039173743384211868, "target": 42, "value": 46.0, "supply": [{"l": "Pelagic Fish", "v": 2.0}, {"l": "Bovine Meat", "v": 3.0}, {"l": "Freshwater Fish", "v": 5.0}, {"l": "Milk - Excluding Butter", "v": 5.0}, {"l": "Demersal Fish", "v": 12.0}, {"l": "Fish, Seafood", "v": 19.0}]}, {"source": 41, "prod": 0.0028917007210831065, "target": 37, "value": 1.0, "supply": [{"l": "Barley", "v": 1.0}]}, {"source": 41, "prod": 0.011693218292485765, "target": 36, "value": 16.0, "supply": [{"l": "Beer", "v": 4.0}, {"l": "Wine", "v": 12.0}]}, {"source": 41, "prod": 0.00026244307008037098, "target": 2, "value": 1.0, "supply": [{"l": "Vegetables, Other", "v": 1.0}]}, {"source": 16, "prod": 0.030739775803293106, "target": 43, "value": 3.0, "supply": [{"l": "Palm Oil", "v": 3.0}]}, {"source": 44, "prod": 0.0069733333200000004, "target": 43, "value": 6.0, "supply": [{"l": "Palm kernels", "v": 6.0}]}, {"source": 6, "prod": 0.08663299303163266, "target": 43, "value": 20.0, "supply": [{"l": "Sugar", "v": 20.0}]}, {"source": 45, "prod": 0.00035672408895378151, "target": 43, "value": 1.0, "supply": [{"l": "Coffee", "v": 1.0}]}, {"source": 46, "prod": 0.0024257238048857148, "target": 43, "value": 1.0, "supply": [{"l": "Cocoa Beans", "v": 1.0}]}, {"source": 44, "prod": 0.0011622222200000001, "target": 47, "value": 1.0, "supply": [{"l": "Palm kernels", "v": 1.0}]}, {"source": 6, "prod": 0.021658248257908165, "target": 47, "value": 5.0, "supply": [{"l": "Sugar", "v": 5.0}]}, {"source": 15, "prod": 0.0063530861556530616, "target": 47, "value": 1.0, "supply": [{"l": "Groundnuts", "v": 1.0}]}, {"source": 48, "prod": 0.019435016027096387, "target": 0, "value": 5.0, "supply": [{"l": "Maize", "v": 5.0}]}, {"source": 48, "prod": 0.0039366460512055643, "target": 2, "value": 15.0, "supply": [{"l": "Vegetables, Other", "v": 15.0}]}, {"source": 48, "prod": 0.029236697916668161, "target": 3, "value": 28.0, "supply": [{"l": "Plantains", "v": 28.0}]}, {"source": 48, "prod": 0.013960545856243305, "target": 4, "value": 17.0, "supply": [{"l": "Fruits, Other", "v": 17.0}]}, {"source": 48, "prod": 0.037748249895207836, "target": 5, "value": 32.0, "supply": [{"l": "Yams", "v": 32.0}]}, {"source": 48, "prod": 0.012966596338843634, "target": 9, "value": 3.0, "supply": [{"l": "Rice", "v": 3.0}]}, {"source": 48, "prod": 0.0012042600449787236, "target": 10, "value": 4.0, "supply": [{"l": "Tomatoes", "v": 4.0}]}, {"source": 48, "prod": 0.00071344817790756302, "target": 45, "value": 2.0, "supply": [{"l": "Coffee", "v": 2.0}]}, {"source": 48, "prod": 0.017758794522345637, "target": 12, "value": 17.0, "supply": [{"l": "Roots, Other", "v": 17.0}]}, {"source": 48, "prod": 0.008037901365301775, "target": 13, "value": 2.0, "supply": [{"l": "Peas", "v": 2.0}]}, {"source": 48, "prod": 0.082590120023489796, "target": 15, "value": 13.0, "supply": [{"l": "Groundnuts", "v": 13.0}]}, {"source": 48, "prod": 0.0090560355382400017, "target": 17, "value": 2.0, "supply": [{"l": "Oilcrops, Other", "v": 2.0}]}, {"source": 48, "prod": 0.0024257238048857148, "target": 46, "value": 1.0, "supply": [{"l": "Cocoa Beans", "v": 1.0}]}, {"source": 48, "prod": 0.00093640073350367652, "target": 20, "value": 1.0, "supply": [{"l": "Potatoes", "v": 1.0}]}, {"source": 48, "prod": 0.0016625391613120106, "target": 23, "value": 5.0, "supply": [{"l": "Pineapples", "v": 5.0}]}, {"source": 48, "prod": 0.011816025750603094, "target": 24, "value": 3.0, "supply": [{"l": "Beans", "v": 3.0}]}, {"source": 48, "prod": 0.12555683074584509, "target": 27, "value": 350.0, "supply": [{"l": "Sugar cane", "v": 350.0}]}, {"source": 48, "prod": 0.0047449287999760488, "target": 29, "value": 7.0, "supply": [{"l": "Bananas", "v": 7.0}]}, {"source": 48, "prod": 0.0090347772388544596, "target": 32, "value": 8.0, "supply": [{"l": "Sweet potatoes", "v": 8.0}]}, {"source": 48, "prod": 0.00049075337093063584, "target": 34, "value": 2.0, "supply": [{"l": "Oranges, Mandarines", "v": 2.0}]}, {"source": 48, "prod": 0.0092977777600000006, "target": 44, "value": 8.0, "supply": [{"l": "Palm kernels", "v": 8.0}]}, {"source": 48, "prod": 0.61524833884325081, "target": 35, "value": 500.0, "supply": [{"l": "Cassava", "v": 500.0}]}, {"source": 42, "prod": 0.0013547925506010639, "target": 31, "value": 1.0, "supply": [{"l": "Poultry Meat", "v": 1.0}]}, {"source": 42, "prod": 0.0034731954479045452, "target": 19, "value": 1.0, "supply": [{"l": "Pigmeat", "v": 1.0}]}, {"source": 42, "prod": 0.0051247686018712265, "target": 28, "value": 6.0, "supply": [{"l": "Pelagic Fish", "v": 6.0}]}, {"source": 42, "prod": 0.0065870948149913799, "target": 30, "value": 3.0, "supply": [{"l": "Bovine Meat", "v": 3.0}]}, {"source": 42, "prod": 0.0072910591463645046, "target": 21, "value": 9.0, "supply": [{"l": "Freshwater Fish", "v": 9.0}]}, {"source": 42, "prod": 0.0043023817485304061, "target": 22, "value": 5.0, "supply": [{"l": "Milk - Excluding Butter", "v": 5.0}]}, {"source": 42, "prod": 0.0035629636222841731, "target": 14, "value": 5.0, "supply": [{"l": "Marine Fish, Other", "v": 5.0}]}, {"source": 42, "prod": 0.023924010756181759, "target": 25, "value": 32.0, "supply": [{"l": "Fish, Seafood", "v": 32.0}]}, {"source": 42, "prod": 0.0083205408189364789, "target": 33, "value": 12.0, "supply": [{"l": "Demersal Fish", "v": 12.0}]}, {"source": 42, "prod": 0.0095450078712958578, "target": 26, "value": 8.0, "supply": [{"l": "Meat, Other", "v": 8.0}]}, {"source": 36, "prod": 0.10246591934431036, "target": 16, "value": 10.0, "supply": [{"l": "Palm Oil", "v": 10.0}]}, {"source": 36, "prod": 0.0039894429683876654, "target": 7, "value": 8.0, "supply": [{"l": "Beer", "v": 8.0}]}, {"source": 36, "prod": 0.020852713410421053, "target": 8, "value": 2.0, "supply": [{"l": "Groundnut Oil", "v": 2.0}]}, {"source": 36, "prod": 0.0096984968082919325, "target": 18, "value": 12.0, "supply": [{"l": "Wine", "v": 12.0}]}, {"source": 36, "prod": 0.12128619024428572, "target": 6, "value": 28.0, "supply": [{"l": "Sugar", "v": 28.0}]}, {"source": 48, "prod": 0.20493183868862072, "target": 49, "value": 48.275862068965523, "supply": [{"l": "Oil Palm", "v": 48.275862068965523}]}, {"source": 49, "prod": 0.20493183868862072, "target": 36, "value": 48.275862068965523, "supply": [{"l": "Oil Palm", "v": 48.275862068965523}]}]}