{"nodes": [{"layer": 5, "name": "Maize"}, {"layer": 16, "name": "Food", "fill": "#b5cf6b"}, {"layer": 5, "name": "Vegetables, Other"}, {"layer": 5, "name": "Plantains"}, {"layer": 5, "name": "Fruits, Other"}, {"layer": 5, "name": "Yams"}, {"layer": 13, "name": "Sugar", "fill": "#d6616b"}, {"layer": 13, "name": "Beer"}, {"layer": 13, "name": "Groundnut Oil"}, {"layer": 13, "name": "Beverages, Alcoholic"}, {"layer": 5, "name": "Rice"}, {"layer": 5, "name": "Tomatoes"}, {"layer": 5, "name": "Cereals, Other"}, {"layer": 5, "name": "Wheat"}, {"layer": 5, "name": "Roots, Other"}, {"layer": 5, "name": "Peas"}, {"layer": 13, "name": "Marine Fish, Other"}, {"layer": 5, "name": "Groundnuts"}, {"layer": 13, "name": "Palm Oil"}, {"layer": 5, "name": "Oilcrops, Other"}, {"layer": 13, "name": "Wine"}, {"layer": 13, "name": "Pigmeat"}, {"layer": 5, "name": "Potatoes"}, {"layer": 13, "name": "Freshwater Fish"}, {"layer": 13, "name": "Milk - Excluding Butter"}, {"layer": 5, "name": "Pineapples"}, {"layer": 5, "name": "Beans"}, {"layer": 13, "name": "Fish, Seafood"}, {"layer": 13, "name": "Meat, Other"}, {"layer": 5, "name": "Sugar cane"}, {"layer": 13, "name": "Pelagic Fish"}, {"layer": 5, "name": "Bananas"}, {"layer": 13, "name": "Bovine Meat"}, {"layer": 13, "name": "Poultry Meat"}, {"layer": 5, "name": "Sweet potatoes"}, {"layer": 13, "name": "Demersal Fish"}, {"layer": 5, "name": "Oranges, Mandarines"}, {"layer": 5, "name": "Palm kernels"}, {"layer": 5, "name": "Cassava"}, {"layer": 10, "name": "Processing", "fill": "#9edae5"}, {"layer": 5, "name": "Barley"}, {"layer": 16, "name": "Biofuels & Other", "fill": "#e7ba52"}, {"name": "Waste", "fill": "#c7c7c7"}, {"layer": 2, "name": "Import", "fill": "#aec7e8"}, {"layer": 10, "name": "Feed", "fill": "#dbdb8d"}, {"layer": 16, "name": "Export", "fill": "#aec7e8"}, {"layer": 5, "name": "Coffee"}, {"layer": 5, "name": "Cocoa Beans"}, {"layer": 0, "name": "Stock Draw", "fill": "#c7c7c7"}, {"layer": 16, "name": "Stock Deposit", "fill": "#c7c7c7"}, {"name": "Crop Residue", "fill": "#bd9e39"}, {"layer": 5, "name": "Oil Palm"}, {"layer": 2, "name": "Electricity", "fill": "#bcbd22"}, {"layer": 0, "name": "Fossil Fuels", "fill": "#c49c94"}, {"layer": 0, "name": "Renewables & Nuclear", "fill": "#2ca02c"}, {"layer": 2, "name": "Fertilizers", "fill": "#c5b0d5"}, {"layer": 0, "name": "Labor", "fill": "#7f7f7f"}], "links": [{"source": 0, "prod": 10.0, "target": 1, "value": 0.039064570477453993, "supply": [{"l": "Maize", "v": 0.039064570477453993}]}, {"source": 2, "prod": 18.0, "target": 1, "value": 0.0045482321341607148, "supply": [{"l": "Vegetables, Other", "v": 0.0045482321341607148}]}, {"source": 3, "prod": 30.0, "target": 1, "value": 0.031045322439370238, "supply": [{"l": "Plantains", "v": 0.031045322439370238}]}, {"source": 4, "prod": 17.0, "target": 1, "value": 0.013677535623667421, "supply": [{"l": "Fruits, Other", "v": 0.013677535623667421}]}, {"source": 5, "prod": 10.0, "target": 1, "value": 0.012071137417677727, "supply": [{"l": "Yams", "v": 0.012071137417677727}]}, {"source": 6, "prod": 7.0, "target": 1, "value": 0.029373563545368967, "supply": [{"l": "Sugar", "v": 0.029373563545368967}]}, {"source": 7, "prod": 28.0, "target": 1, "value": 0.014051210433459431, "supply": [{"l": "Beer", "v": 0.014051210433459431}]}, {"source": 8, "prod": 1.0, "target": 1, "value": 0.010395959163795918, "supply": [{"l": "Groundnut Oil", "v": 0.010395959163795918}]}, {"source": 9, "prod": 1.0, "target": 1, "value": 0.003859106053227273, "supply": [{"l": "Beverages, Alcoholic", "v": 0.003859106053227273}]}, {"source": 10, "prod": 6.0, "target": 1, "value": 0.0256013891263067, "supply": [{"l": "Rice", "v": 0.0256013891263067}]}, {"source": 11, "prod": 5.0, "target": 1, "value": 0.0011791712940416666, "supply": [{"l": "Tomatoes", "v": 0.0011791712940416666}]}, {"source": 12, "prod": 1.0, "target": 1, "value": 0.0032653974296538461, "supply": [{"l": "Cereals, Other", "v": 0.0032653974296538461}]}, {"source": 13, "prod": 31.0, "target": 1, "value": 0.098311103571790279, "supply": [{"l": "Wheat", "v": 0.098311103571790279}]}, {"source": 14, "prod": 19.0, "target": 1, "value": 0.020101013461046729, "supply": [{"l": "Roots, Other", "v": 0.020101013461046729}]}, {"source": 15, "prod": 3.0, "target": 1, "value": 0.012094740200337987, "supply": [{"l": "Peas", "v": 0.012094740200337987}]}, {"source": 16, "prod": 7.0, "target": 1, "value": 0.0054027484745181823, "supply": [{"l": "Marine Fish, Other", "v": 0.0054027484745181823}]}, {"source": 17, "prod": 9.0, "target": 1, "value": 0.057370769692284655, "supply": [{"l": "Groundnuts", "v": 0.057370769692284655}]}, {"source": 18, "prod": 10.0, "target": 1, "value": 0.1030403752874782, "supply": [{"l": "Palm Oil", "v": 0.1030403752874782}]}, {"source": 19, "prod": 2.0, "target": 1, "value": 0.0090733180488091602, "supply": [{"l": "Oilcrops, Other", "v": 0.0090733180488091602}]}, {"source": 20, "prod": 10.0, "target": 1, "value": 0.007694894245105742, "supply": [{"l": "Wine", "v": 0.007694894245105742}]}, {"source": 21, "prod": 2.0, "target": 1, "value": 0.0071949434890677963, "supply": [{"l": "Pigmeat", "v": 0.0071949434890677963}]}, {"source": 22, "prod": 3.0, "target": 1, "value": 0.0026670261729109953, "supply": [{"l": "Potatoes", "v": 0.0026670261729109953}]}, {"source": 23, "prod": 9.0, "target": 1, "value": 0.0075653762231584166, "supply": [{"l": "Freshwater Fish", "v": 0.0075653762231584166}]}, {"source": 24, "prod": 7.0, "target": 1, "value": 0.0051232959672155177, "supply": [{"l": "Milk - Excluding Butter", "v": 0.0051232959672155177}]}, {"source": 25, "prod": 4.0, "target": 1, "value": 0.0011874172471468532, "supply": [{"l": "Pineapples", "v": 0.0011874172471468532}]}, {"source": 26, "prod": 3.0, "target": 1, "value": 0.011861075957713236, "supply": [{"l": "Beans", "v": 0.011861075957713236}]}, {"source": 27, "prod": 29.0, "target": 1, "value": 0.022406094167593604, "supply": [{"l": "Fish, Seafood", "v": 0.022406094167593604}]}, {"source": 28, "prod": 9.0, "target": 1, "value": 0.010705471082858145, "supply": [{"l": "Meat, Other", "v": 0.010705471082858145}]}, {"source": 29, "prod": 4.0, "target": 1, "value": 0.0013476243360476192, "supply": [{"l": "Sugar cane", "v": 0.0013476243360476192}]}, {"source": 30, "prod": 8.0, "target": 1, "value": 0.0064075723147924537, "supply": [{"l": "Pelagic Fish", "v": 0.0064075723147924537}]}, {"source": 31, "prod": 18.0, "target": 1, "value": 0.012724446270424648, "supply": [{"l": "Bananas", "v": 0.012724446270424648}]}, {"source": 32, "prod": 4.0, "target": 1, "value": 0.0091593720433443982, "supply": [{"l": "Bovine Meat", "v": 0.0091593720433443982}]}, {"source": 33, "prod": 1.0, "target": 1, "value": 0.0015918812469562502, "supply": [{"l": "Poultry Meat", "v": 0.0015918812469562502}]}, {"source": 34, "prod": 11.0, "target": 1, "value": 0.01239117991113059, "supply": [{"l": "Sweet potatoes", "v": 0.01239117991113059}]}, {"source": 35, "prod": 5.0, "target": 1, "value": 0.0029561397343662952, "supply": [{"l": "Demersal Fish", "v": 0.0029561397343662952}]}, {"source": 36, "prod": 2.0, "target": 1, "value": 0.0005208609396993865, "supply": [{"l": "Oranges, Mandarines", "v": 0.0005208609396993865}]}, {"source": 37, "prod": 1.0, "target": 1, "value": 0.0011622222200000001, "supply": [{"l": "Palm kernels", "v": 0.0011622222200000001}]}, {"source": 38, "prod": 500.0, "target": 1, "value": 0.61519197262434411, "supply": [{"l": "Cassava", "v": 0.61519197262434411}]}, {"source": 0, "prod": 1.0, "target": 39, "value": 0.0039064570477454, "supply": [{"l": "Maize", "v": 0.0039064570477454}]}, {"source": 29, "prod": 318.0, "target": 39, "value": 0.10713613471578572, "supply": [{"l": "Sugar cane", "v": 0.10713613471578572}]}, {"source": 40, "prod": 4.0, "target": 39, "value": 0.012038106942156717, "supply": [{"l": "Barley", "v": 0.012038106942156717}]}, {"source": 17, "prod": 2.0, "target": 39, "value": 0.012749059931618813, "supply": [{"l": "Groundnuts", "v": 0.012749059931618813}]}, {"source": 18, "prod": 5.0, "target": 41, "value": 0.051520187643739099, "supply": [{"l": "Palm Oil", "v": 0.051520187643739099}]}, {"source": 17, "prod": 1.0, "target": 17, "value": 0.0063745299658094067, "supply": [{"l": "Groundnuts", "v": 0.0063745299658094067}]}, {"source": 0, "prod": 1.0, "target": 42, "value": 0.0039064570477454, "supply": [{"l": "Maize", "v": 0.0039064570477454}]}, {"source": 14, "prod": 3.0, "target": 42, "value": 0.0031738442306915894, "supply": [{"l": "Roots, Other", "v": 0.0031738442306915894}]}, {"source": 13, "prod": 1.0, "target": 42, "value": 0.0031713259216706547, "supply": [{"l": "Wheat", "v": 0.0031713259216706547}]}, {"source": 31, "prod": 2.0, "target": 42, "value": 0.0014138273633805163, "supply": [{"l": "Bananas", "v": 0.0014138273633805163}]}, {"source": 3, "prod": 3.0, "target": 42, "value": 0.0031045322439370239, "supply": [{"l": "Plantains", "v": 0.0031045322439370239}]}, {"source": 2, "prod": 2.0, "target": 42, "value": 0.00050535912601785721, "supply": [{"l": "Vegetables, Other", "v": 0.00050535912601785721}]}, {"source": 4, "prod": 2.0, "target": 42, "value": 0.00160912183807852, "supply": [{"l": "Fruits, Other", "v": 0.00160912183807852}]}, {"source": 5, "prod": 1.0, "target": 42, "value": 0.0012071137417677727, "supply": [{"l": "Yams", "v": 0.0012071137417677727}]}, {"source": 34, "prod": 1.0, "target": 42, "value": 0.0011264709010118715, "supply": [{"l": "Sweet potatoes", "v": 0.0011264709010118715}]}, {"source": 29, "prod": 55.0, "target": 42, "value": 0.018529834620654762, "supply": [{"l": "Sugar cane", "v": 0.018529834620654762}]}, {"source": 11, "prod": 1.0, "target": 42, "value": 0.0002358342588083333, "supply": [{"l": "Tomatoes", "v": 0.0002358342588083333}]}, {"source": 38, "prod": 15.0, "target": 42, "value": 0.018455759178730321, "supply": [{"l": "Cassava", "v": 0.018455759178730321}]}, {"source": 43, "prod": 1.0, "target": 12, "value": 0.0032653974296538461, "supply": [{"l": "Cereals, Other", "v": 0.0032653974296538461}]}, {"source": 43, "prod": 1.0, "target": 22, "value": 0.00088900872430366484, "supply": [{"l": "Potatoes", "v": 0.00088900872430366484}]}, {"source": 43, "prod": 2.0, "target": 10, "value": 0.0085337963754355678, "supply": [{"l": "Rice", "v": 0.0085337963754355678}]}, {"source": 43, "prod": 32.0, "target": 13, "value": 0.10148242949346095, "supply": [{"l": "Wheat", "v": 0.10148242949346095}]}, {"source": 43, "prod": 20.0, "target": 44, "value": 0.017823000463327823, "supply": [{"l": "Pelagic Fish", "v": 0.0016018930786981134}, {"l": "Bovine Meat", "v": 0.0045796860216721991}, {"l": "Freshwater Fish", "v": 0.00084059735812871299}, {"l": "Milk - Excluding Butter", "v": 0.0043913965433275866}, {"l": "Fish, Seafood", "v": 0.004635743620881436}, {"l": "Demersal Fish", "v": 0.0017736838406197772}]}, {"source": 43, "prod": 4.0, "target": 40, "value": 0.012038106942156717, "supply": [{"l": "Barley", "v": 0.012038106942156717}]}, {"source": 43, "prod": 12.0, "target": 39, "value": 0.021858037827080835, "supply": [{"l": "Beverages, Alcoholic", "v": 0.003859106053227273}, {"l": "Palm Oil", "v": 0.01030403752874782}, {"l": "Wine", "v": 0.007694894245105742}]}, {"source": 43, "prod": 1.0, "target": 2, "value": 0.00025267956300892861, "supply": [{"l": "Vegetables, Other", "v": 0.00025267956300892861}]}, {"source": 37, "prod": 1.0, "target": 45, "value": 0.0011622222200000001, "supply": [{"l": "Palm kernels", "v": 0.0011622222200000001}]}, {"source": 6, "prod": 25.0, "target": 45, "value": 0.10490558409060345, "supply": [{"l": "Sugar", "v": 0.10490558409060345}]}, {"source": 46, "prod": 1.0, "target": 45, "value": 0.00037236988232894742, "supply": [{"l": "Coffee", "v": 0.00037236988232894742}]}, {"source": 47, "prod": 3.0, "target": 45, "value": 0.0068838107976486483, "supply": [{"l": "Cocoa Beans", "v": 0.0068838107976486483}]}, {"source": 48, "prod": 3.0, "target": 39, "value": 0.012588670090872413, "supply": [{"l": "Sugar", "v": 0.012588670090872413}]}, {"source": 17, "prod": 1.0, "target": 49, "value": 0.0063745299658094067, "supply": [{"l": "Groundnuts", "v": 0.0063745299658094067}]}, {"source": 44, "prod": 1.0, "target": 33, "value": 0.0015918812469562502, "supply": [{"l": "Poultry Meat", "v": 0.0015918812469562502}]}, {"source": 44, "prod": 2.0, "target": 21, "value": 0.0071949434890677963, "supply": [{"l": "Pigmeat", "v": 0.0071949434890677963}]}, {"source": 44, "prod": 8.0, "target": 30, "value": 0.0064075723147924537, "supply": [{"l": "Pelagic Fish", "v": 0.0064075723147924537}]}, {"source": 44, "prod": 4.0, "target": 32, "value": 0.0091593720433443982, "supply": [{"l": "Bovine Meat", "v": 0.0091593720433443982}]}, {"source": 44, "prod": 9.0, "target": 23, "value": 0.0075653762231584166, "supply": [{"l": "Freshwater Fish", "v": 0.0075653762231584166}]}, {"source": 44, "prod": 7.0, "target": 24, "value": 0.0051232959672155177, "supply": [{"l": "Milk - Excluding Butter", "v": 0.0051232959672155177}]}, {"source": 44, "prod": 7.0, "target": 16, "value": 0.0054027484745181823, "supply": [{"l": "Marine Fish, Other", "v": 0.0054027484745181823}]}, {"source": 44, "prod": 29.0, "target": 27, "value": 0.022406094167593604, "supply": [{"l": "Fish, Seafood", "v": 0.022406094167593604}]}, {"source": 44, "prod": 5.0, "target": 35, "value": 0.0029561397343662952, "supply": [{"l": "Demersal Fish", "v": 0.0029561397343662952}]}, {"source": 44, "prod": 9.0, "target": 28, "value": 0.010705471082858145, "supply": [{"l": "Meat, Other", "v": 0.010705471082858145}]}, {"source": 39, "prod": 32.0, "target": 6, "value": 0.13427914763597243, "supply": [{"l": "Sugar", "v": 0.13427914763597243}]}, {"source": 39, "prod": 28.0, "target": 7, "value": 0.014051210433459431, "supply": [{"l": "Beer", "v": 0.014051210433459431}]}, {"source": 39, "prod": 1.0, "target": 8, "value": 0.010395959163795918, "supply": [{"l": "Groundnut Oil", "v": 0.010395959163795918}]}, {"source": 39, "prod": 1.0, "target": 9, "value": 0.003859106053227273, "supply": [{"l": "Beverages, Alcoholic", "v": 0.003859106053227273}]}, {"source": 39, "prod": 15.0, "target": 18, "value": 0.15456056293121728, "supply": [{"l": "Palm Oil", "v": 0.15456056293121728}]}, {"source": 39, "prod": 10.0, "target": 20, "value": 0.007694894245105742, "supply": [{"l": "Wine", "v": 0.007694894245105742}]}, {"source": 0, "prod": 24.0, "target": 50, "value": 0.083679999840000019, "supply": [{"l": "Maize", "v": 0.083679999840000019}]}, {"source": 38, "prod": 257.5, "target": 50, "value": 0.89781666495000012, "supply": [{"l": "Cassava", "v": 0.89781666495000012}]}, {"source": 14, "prod": 11.0, "target": 50, "value": 0.038353333260000004, "supply": [{"l": "Roots, Other", "v": 0.038353333260000004}]}, {"source": 13, "prod": 32.0, "target": 50, "value": 0.11157333312000001, "supply": [{"l": "Wheat", "v": 0.11157333312000001}]}, {"source": 12, "prod": 1.0, "target": 50, "value": 0.0034866666600000002, "supply": [{"l": "Cereals, Other", "v": 0.0034866666600000002}]}, {"source": 22, "prod": 1.5, "target": 50, "value": 0.005229999990000002, "supply": [{"l": "Potatoes", "v": 0.005229999990000002}]}, {"source": 2, "prod": 19.5, "target": 50, "value": 0.067989999869999998, "supply": [{"l": "Vegetables, Other", "v": 0.067989999869999998}]}, {"source": 15, "prod": 3.0, "target": 50, "value": 0.010459999979999997, "supply": [{"l": "Peas", "v": 0.010459999979999997}]}, {"source": 5, "prod": 5.5, "target": 50, "value": 0.019176666630000002, "supply": [{"l": "Yams", "v": 0.019176666630000002}]}, {"source": 34, "prod": 6.0, "target": 50, "value": 0.020919999960000005, "supply": [{"l": "Sweet potatoes", "v": 0.020919999960000005}]}, {"source": 26, "prod": 3.5, "target": 50, "value": 0.01220333331, "supply": [{"l": "Beans", "v": 0.01220333331}]}, {"source": 40, "prod": 4.0, "target": 50, "value": 0.011704885049467189, "supply": [{"l": "Barley", "v": 0.011704885049467189}]}, {"source": 17, "prod": 13.0, "target": 50, "value": 0.045326666579999994, "supply": [{"l": "Groundnuts", "v": 0.045326666579999994}]}, {"source": 19, "prod": 2.0, "target": 50, "value": 0.0069733333200000013, "supply": [{"l": "Oilcrops, Other", "v": 0.0069733333200000013}]}, {"source": 10, "prod": 10.0, "target": 50, "value": 0.034866666600000006, "supply": [{"l": "Rice", "v": 0.034866666600000006}]}, {"source": 37, "prod": 2.0, "target": 50, "value": 0.0012713977305684047, "supply": [{"l": "Palm kernels", "v": 0.0012713977305684047}]}, {"source": 11, "prod": 6.0, "target": 50, "value": 0.020919999960000001, "supply": [{"l": "Tomatoes", "v": 0.020919999960000001}]}, {"source": 29, "prod": 150.80000000000001, "target": 50, "value": 0.52578933232799996, "supply": [{"l": "Sugar cane", "v": 0.52578933232799996}]}, {"source": 51, "prod": 67.965116279069761, "target": 39, "value": 0.28851305080493894, "supply": [{"l": "Oil Palm", "v": 0.28851305080493894}]}, {"source": 52, "prod": 0, "target": 0, "value": 7.73439212750123e-09, "supply": "[{\"l\":'Energy for power irrigation',\"v\":7.73439212750123e-09}]"}, {"source": 52, "prod": 0, "target": 2, "value": 1.25683872071895e-08, "supply": "[{\"l\":'Energy for power irrigation',\"v\":1.25683872071895e-08}]"}, {"source": 52, "prod": 0, "target": 3, "value": 2.1269578350628384e-08, "supply": "[{\"l\":'Energy for power irrigation',\"v\":2.1269578350628384e-08}]"}, {"source": 52, "prod": 0, "target": 4, "value": 1.1923854529897732e-08, "supply": "[{\"l\":'Energy for power irrigation',\"v\":1.1923854529897732e-08}]"}, {"source": 52, "prod": 0, "target": 5, "value": 7.0898594502094611e-09, "supply": "[{\"l\":'Energy for power irrigation',\"v\":7.0898594502094611e-09}]"}, {"source": 52, "prod": 0, "target": 10, "value": 3.2226633864588457e-09, "supply": "[{\"l\":'Energy for power irrigation',\"v\":3.2226633864588457e-09}]"}, {"source": 52, "prod": 0, "target": 11, "value": 3.867196063750615e-09, "supply": "[{\"l\":'Energy for power irrigation',\"v\":3.867196063750615e-09}]"}, {"source": 52, "prod": 0, "target": 46, "value": 6.445326772917692e-10, "supply": "[{\"l\":'Energy for power irrigation',\"v\":6.445326772917692e-10}]"}, {"source": 52, "prod": 0, "target": 14, "value": 1.4179718900418922e-08, "supply": "[{\"l\":'Energy for power irrigation',\"v\":1.4179718900418922e-08}]"}, {"source": 52, "prod": 0, "target": 15, "value": 1.9335980318753075e-09, "supply": "[{\"l\":'Energy for power irrigation',\"v\":1.9335980318753075e-09}]"}, {"source": 52, "prod": 0, "target": 17, "value": 8.3789248047929998e-09, "supply": "[{\"l\":'Energy for power irrigation',\"v\":8.3789248047929998e-09}]"}, {"source": 52, "prod": 0, "target": 51, "value": 2.1902869178897622e-08, "supply": "[{\"l\":'Energy for power irrigation',\"v\":2.1902869178897622e-08}]"}, {"source": 52, "prod": 0, "target": 19, "value": 1.2890653545835384e-09, "supply": "[{\"l\":'Energy for power irrigation',\"v\":1.2890653545835384e-09}]"}, {"source": 52, "prod": 0, "target": 47, "value": 1.6113316932294229e-09, "supply": "[{\"l\":'Energy for power irrigation',\"v\":1.6113316932294229e-09}]"}, {"source": 52, "prod": 0, "target": 22, "value": 1.9335980318753075e-09, "supply": "[{\"l\":'Energy for power irrigation',\"v\":1.9335980318753075e-09}]"}, {"source": 52, "prod": 0, "target": 26, "value": 2.2558643705211924e-09, "supply": "[{\"l\":'Energy for power irrigation',\"v\":2.2558643705211924e-09}]"}, {"source": 52, "prod": 0, "target": 29, "value": 2.4298881933899702e-07, "supply": "[{\"l\":'Energy for power irrigation',\"v\":2.4298881933899702e-07}]"}, {"source": 52, "prod": 0, "target": 25, "value": 2.9003970478129613e-09, "supply": "[{\"l\":'Energy for power irrigation',\"v\":2.9003970478129613e-09}]"}, {"source": 52, "prod": 0, "target": 31, "value": 1.2890653545835383e-08, "supply": "[{\"l\":'Energy for power irrigation',\"v\":1.2890653545835383e-08}]"}, {"source": 52, "prod": 0, "target": 34, "value": 7.73439212750123e-09, "supply": "[{\"l\":'Energy for power irrigation',\"v\":7.73439212750123e-09}]"}, {"source": 52, "prod": 0, "target": 36, "value": 1.6113316932294229e-09, "supply": "[{\"l\":'Energy for power irrigation',\"v\":1.6113316932294229e-09}]"}, {"source": 52, "prod": 0, "target": 37, "value": 1.2890653545835384e-09, "supply": "[{\"l\":'Energy for power irrigation',\"v\":1.2890653545835384e-09}]"}, {"source": 52, "prod": 0, "target": 38, "value": 3.3193432880526116e-07, "supply": "[{\"l\":'Energy for power irrigation',\"v\":3.3193432880526116e-07}]"}, {"source": 52, "prod": 0, "target": 39, "value": 0.0017575000000000004, "supply": "[{\"l\":'Electricity',\"v\":0.0017575000000000004}]"}, {"source": 53, "prod": 0, "target": 52, "value": 0.0020104088460657097, "supply": [{"l": "Coal", "v": 0.0}, {"l": "Natural gas", "v": 0.00037462395133734395}, {"l": "Oil", "v": 0.0016357848947283658}]}, {"source": 54, "prod": 0, "target": 52, "value": 0.00097679726570922367, "supply": [{"l": "Nuclear", "v": 0.0}, {"l": "Hydroelectric", "v": 0.00097679726570922367}, {"l": "Renewable", "v": 0.0}]}, {"source": 53, "prod": 0, "target": 0, "value": 0.0012293712711826683, "supply": [{"l": "Other fossil fuels", "v": 0.0012293712711826683}]}, {"source": 53, "prod": 0, "target": 2, "value": 0.0019977283156718362, "supply": [{"l": "Other fossil fuels", "v": 0.0019977283156718362}]}, {"source": 53, "prod": 0, "target": 3, "value": 0.0033807709957523382, "supply": [{"l": "Other fossil fuels", "v": 0.0033807709957523382}]}, {"source": 53, "prod": 0, "target": 4, "value": 0.0018952807097399472, "supply": [{"l": "Other fossil fuels", "v": 0.0018952807097399472}]}, {"source": 53, "prod": 0, "target": 5, "value": 0.0011269236652507793, "supply": [{"l": "Other fossil fuels", "v": 0.0011269236652507793}]}, {"source": 53, "prod": 0, "target": 10, "value": 0.00051223802965944508, "supply": [{"l": "Other fossil fuels", "v": 0.00051223802965944508}]}, {"source": 53, "prod": 0, "target": 11, "value": 0.00061468563559133414, "supply": [{"l": "Other fossil fuels", "v": 0.00061468563559133414}]}, {"source": 53, "prod": 0, "target": 46, "value": 0.00010244760593188903, "supply": [{"l": "Other fossil fuels", "v": 0.00010244760593188903}]}, {"source": 53, "prod": 0, "target": 14, "value": 0.0022538473305015586, "supply": [{"l": "Other fossil fuels", "v": 0.0022538473305015586}]}, {"source": 53, "prod": 0, "target": 15, "value": 0.00030734281779566707, "supply": [{"l": "Other fossil fuels", "v": 0.00030734281779566707}]}, {"source": 53, "prod": 0, "target": 17, "value": 0.0013318188771145572, "supply": [{"l": "Other fossil fuels", "v": 0.0013318188771145572}]}, {"source": 53, "prod": 0, "target": 51, "value": 0.0034814317248365776, "supply": [{"l": "Other fossil fuels", "v": 0.0034814317248365776}]}, {"source": 53, "prod": 0, "target": 19, "value": 0.00020489521186377806, "supply": [{"l": "Other fossil fuels", "v": 0.00020489521186377806}]}, {"source": 53, "prod": 0, "target": 47, "value": 0.00025611901482972254, "supply": [{"l": "Other fossil fuels", "v": 0.00025611901482972254}]}, {"source": 53, "prod": 0, "target": 22, "value": 0.00030734281779566707, "supply": [{"l": "Other fossil fuels", "v": 0.00030734281779566707}]}, {"source": 53, "prod": 0, "target": 26, "value": 0.0003585666207616116, "supply": [{"l": "Other fossil fuels", "v": 0.0003585666207616116}]}, {"source": 53, "prod": 0, "target": 29, "value": 0.038622747436322165, "supply": [{"l": "Other fossil fuels", "v": 0.038622747436322165}]}, {"source": 53, "prod": 0, "target": 25, "value": 0.00046101422669350055, "supply": [{"l": "Other fossil fuels", "v": 0.00046101422669350055}]}, {"source": 53, "prod": 0, "target": 31, "value": 0.0020489521186377803, "supply": [{"l": "Other fossil fuels", "v": 0.0020489521186377803}]}, {"source": 53, "prod": 0, "target": 34, "value": 0.0012293712711826683, "supply": [{"l": "Other fossil fuels", "v": 0.0012293712711826683}]}, {"source": 53, "prod": 0, "target": 36, "value": 0.00025611901482972254, "supply": [{"l": "Other fossil fuels", "v": 0.00025611901482972254}]}, {"source": 53, "prod": 0, "target": 37, "value": 0.00020489521186377806, "supply": [{"l": "Other fossil fuels", "v": 0.00020489521186377806}]}, {"source": 53, "prod": 0, "target": 38, "value": 0.052760517054922851, "supply": [{"l": "Other fossil fuels", "v": 0.052760517054922851}]}, {"source": 55, "prod": 0.045244006260100014, "target": 0, "value": 0.00015094487759510121, "supply": [{"l": "Potash", "v": 0.01025555556376}, {"l": "Phosphate", "v": 0.00042083333367000001}, {"l": "Nitrogen", "v": 0.0036694444473799998}]}, {"source": 55, "prod": 0.073521510172662521, "target": 2, "value": 0.00024528542609203951, "supply": [{"l": "Potash", "v": 0.01025555556376}, {"l": "Phosphate", "v": 0.00042083333367000001}, {"l": "Nitrogen", "v": 0.0036694444473799998}]}, {"source": 55, "prod": 0.12442101721527506, "target": 3, "value": 0.00041509841338652838, "supply": [{"l": "Potash", "v": 0.01025555556376}, {"l": "Phosphate", "v": 0.00042083333367000001}, {"l": "Nitrogen", "v": 0.0036694444473799998}]}, {"source": 55, "prod": 0.069751176317654207, "target": 4, "value": 0.00023270668629244773, "supply": [{"l": "Potash", "v": 0.01025555556376}, {"l": "Phosphate", "v": 0.00042083333367000001}, {"l": "Nitrogen", "v": 0.0036694444473799998}]}, {"source": 55, "prod": 0.041473672405091679, "target": 5, "value": 0.00013836613779550944, "supply": [{"l": "Potash", "v": 0.01025555556376}, {"l": "Phosphate", "v": 0.00042083333367000001}, {"l": "Nitrogen", "v": 0.0036694444473799998}]}, {"source": 55, "prod": 0.018851669275041671, "target": 10, "value": 6.2893698997958835e-05, "supply": [{"l": "Potash", "v": 0.01025555556376}, {"l": "Phosphate", "v": 0.00042083333367000001}, {"l": "Nitrogen", "v": 0.0036694444473799998}]}, {"source": 55, "prod": 0.022622003130050007, "target": 11, "value": 7.5472438797550607e-05, "supply": [{"l": "Potash", "v": 0.01025555556376}, {"l": "Phosphate", "v": 0.00042083333367000001}, {"l": "Nitrogen", "v": 0.0036694444473799998}]}, {"source": 55, "prod": 0.0037703338550083348, "target": 46, "value": 1.2578739799591769e-05, "supply": [{"l": "Potash", "v": 0.01025555556376}, {"l": "Phosphate", "v": 0.00042083333367000001}, {"l": "Nitrogen", "v": 0.0036694444473799998}]}, {"source": 55, "prod": 0.082947344810183357, "target": 14, "value": 0.00027673227559101888, "supply": [{"l": "Potash", "v": 0.01025555556376}, {"l": "Phosphate", "v": 0.00042083333367000001}, {"l": "Nitrogen", "v": 0.0036694444473799998}]}, {"source": 55, "prod": 0.011311001565025004, "target": 15, "value": 3.7736219398775304e-05, "supply": [{"l": "Potash", "v": 0.01025555556376}, {"l": "Phosphate", "v": 0.00042083333367000001}, {"l": "Nitrogen", "v": 0.0036694444473799998}]}, {"source": 55, "prod": 0.04901434011510835, "target": 17, "value": 0.00016352361739469299, "supply": [{"l": "Potash", "v": 0.01025555556376}, {"l": "Phosphate", "v": 0.00042083333367000001}, {"l": "Nitrogen", "v": 0.0036694444473799998}]}, {"source": 55, "prod": 0.12812558943327743, "target": 51, "value": 0.00042745775656170864, "supply": [{"l": "Potash", "v": 0.01025555556376}, {"l": "Phosphate", "v": 0.00042083333367000001}, {"l": "Nitrogen", "v": 0.0036694444473799998}]}, {"source": 55, "prod": 0.0075406677100166696, "target": 19, "value": 2.5157479599183538e-05, "supply": [{"l": "Potash", "v": 0.01025555556376}, {"l": "Phosphate", "v": 0.00042083333367000001}, {"l": "Nitrogen", "v": 0.0036694444473799998}]}, {"source": 55, "prod": 0.0094258346375208357, "target": 47, "value": 3.1446849498979417e-05, "supply": [{"l": "Potash", "v": 0.01025555556376}, {"l": "Phosphate", "v": 0.00042083333367000001}, {"l": "Nitrogen", "v": 0.0036694444473799998}]}, {"source": 55, "prod": 0.011311001565025004, "target": 22, "value": 3.7736219398775304e-05, "supply": [{"l": "Potash", "v": 0.01025555556376}, {"l": "Phosphate", "v": 0.00042083333367000001}, {"l": "Nitrogen", "v": 0.0036694444473799998}]}, {"source": 55, "prod": 0.013196168492529171, "target": 26, "value": 4.402558929857119e-05, "supply": [{"l": "Potash", "v": 0.01025555556376}, {"l": "Phosphate", "v": 0.00042083333367000001}, {"l": "Nitrogen", "v": 0.0036694444473799998}]}, {"source": 55, "prod": 1.4214158633381424, "target": 29, "value": 0.004742184904446097, "supply": [{"l": "Potash", "v": 0.01025555556376}, {"l": "Phosphate", "v": 0.00042083333367000001}, {"l": "Nitrogen", "v": 0.0036694444473799998}]}, {"source": 55, "prod": 0.016966502347537504, "target": 25, "value": 5.6604329098162955e-05, "supply": [{"l": "Potash", "v": 0.01025555556376}, {"l": "Phosphate", "v": 0.00042083333367000001}, {"l": "Nitrogen", "v": 0.0036694444473799998}]}, {"source": 55, "prod": 0.075406677100166686, "target": 31, "value": 0.00025157479599183534, "supply": [{"l": "Potash", "v": 0.01025555556376}, {"l": "Phosphate", "v": 0.00042083333367000001}, {"l": "Nitrogen", "v": 0.0036694444473799998}]}, {"source": 55, "prod": 0.045244006260100014, "target": 34, "value": 0.00015094487759510121, "supply": [{"l": "Potash", "v": 0.01025555556376}, {"l": "Phosphate", "v": 0.00042083333367000001}, {"l": "Nitrogen", "v": 0.0036694444473799998}]}, {"source": 55, "prod": 0.0094258346375208357, "target": 36, "value": 3.1446849498979417e-05, "supply": [{"l": "Potash", "v": 0.01025555556376}, {"l": "Phosphate", "v": 0.00042083333367000001}, {"l": "Nitrogen", "v": 0.0036694444473799998}]}, {"source": 55, "prod": 0.0075406677100166696, "target": 37, "value": 2.5157479599183538e-05, "supply": [{"l": "Potash", "v": 0.01025555556376}, {"l": "Phosphate", "v": 0.00042083333367000001}, {"l": "Nitrogen", "v": 0.0036694444473799998}]}, {"source": 55, "prod": 1.9417219353292925, "target": 38, "value": 0.0064780509967897609, "supply": [{"l": "Potash", "v": 0.01025555556376}, {"l": "Phosphate", "v": 0.00042083333367000001}, {"l": "Nitrogen", "v": 0.0036694444473799998}]}, {"source": 53, "prod": 0, "target": 55, "value": 0.027589604874281283, "supply": [{"l": "Natural gas (including LNG)", "v": 0.014691968497636031}, {"l": "Fuel oil", "v": 0.012248984328103733}, {"l": "Liquefied petroleum gas (LPG)", "v": 0.00032432602427076026}, {"l": "Coal", "v": 0.00032432602427076026}]}, {"source": 56, "prod": 0, "target": 0, "value": 0.0017870017184841939, "supply": "[{\"l\":'Labor',\"v\":0.0017870017184841939}]"}, {"source": 56, "prod": 0, "target": 2, "value": 0.0029038777925368148, "supply": "[{\"l\":'Labor',\"v\":0.0029038777925368148}]"}, {"source": 56, "prod": 0, "target": 3, "value": 0.0049142547258315336, "supply": "[{\"l\":'Labor',\"v\":0.0049142547258315336}]"}, {"source": 56, "prod": 0, "target": 4, "value": 0.0027549609826631326, "supply": "[{\"l\":'Labor',\"v\":0.0027549609826631326}]"}, {"source": 56, "prod": 0, "target": 5, "value": 0.001638084908610511, "supply": "[{\"l\":'Labor',\"v\":0.001638084908610511}]"}, {"source": 56, "prod": 0, "target": 40, "value": 0.00029783361974736563, "supply": "[{\"l\":'Labor',\"v\":0.00029783361974736563}]"}, {"source": 56, "prod": 0, "target": 10, "value": 0.00074458404936841405, "supply": "[{\"l\":'Labor',\"v\":0.00074458404936841405}]"}, {"source": 56, "prod": 0, "target": 11, "value": 0.00089350085924209694, "supply": "[{\"l\":'Labor',\"v\":0.00089350085924209694}]"}, {"source": 56, "prod": 0, "target": 12, "value": 7.4458404936841407e-05, "supply": "[{\"l\":'Labor',\"v\":7.4458404936841407e-05}]"}, {"source": 56, "prod": 0, "target": 46, "value": 0.00014891680987368281, "supply": "[{\"l\":'Labor',\"v\":0.00014891680987368281}]"}, {"source": 56, "prod": 0, "target": 13, "value": 0.002382668957978925, "supply": "[{\"l\":'Labor',\"v\":0.002382668957978925}]"}, {"source": 56, "prod": 0, "target": 14, "value": 0.003276169817221022, "supply": "[{\"l\":'Labor',\"v\":0.003276169817221022}]"}, {"source": 56, "prod": 0, "target": 15, "value": 0.00044675042962104847, "supply": "[{\"l\":'Labor',\"v\":0.00044675042962104847}]"}, {"source": 56, "prod": 0, "target": 17, "value": 0.0019359185283578768, "supply": "[{\"l\":'Labor',\"v\":0.0019359185283578768}]"}, {"source": 56, "prod": 0, "target": 19, "value": 0.00029783361974736563, "supply": "[{\"l\":'Labor',\"v\":0.00029783361974736563}]"}, {"source": 56, "prod": 0, "target": 29, "value": 0.056141637322378431, "supply": "[{\"l\":'Labor',\"v\":0.056141637322378431}]"}, {"source": 56, "prod": 0, "target": 47, "value": 0.00037229202468420702, "supply": "[{\"l\":'Labor',\"v\":0.00037229202468420702}]"}, {"source": 56, "prod": 0, "target": 22, "value": 0.00044675042962104847, "supply": "[{\"l\":'Labor',\"v\":0.00044675042962104847}]"}, {"source": 56, "prod": 0, "target": 51, "value": 0.0050605741494864891, "supply": "[{\"l\":'Labor',\"v\":0.0050605741494864891}]"}, {"source": 56, "prod": 0, "target": 26, "value": 0.00052120883455788992, "supply": "[{\"l\":'Labor',\"v\":0.00052120883455788992}]"}, {"source": 56, "prod": 0, "target": 25, "value": 0.00067012564443157271, "supply": "[{\"l\":'Labor',\"v\":0.00067012564443157271}]"}, {"source": 56, "prod": 0, "target": 31, "value": 0.0029783361974736562, "supply": "[{\"l\":'Labor',\"v\":0.0029783361974736562}]"}, {"source": 56, "prod": 0, "target": 34, "value": 0.0017870017184841939, "supply": "[{\"l\":'Labor',\"v\":0.0017870017184841939}]"}, {"source": 56, "prod": 0, "target": 36, "value": 0.00037229202468420702, "supply": "[{\"l\":'Labor',\"v\":0.00037229202468420702}]"}, {"source": 56, "prod": 0, "target": 37, "value": 0.00029783361974736563, "supply": "[{\"l\":'Labor',\"v\":0.00029783361974736563}]"}, {"source": 56, "prod": 0, "target": 38, "value": 0.076692157084946658, "supply": "[{\"l\":'Labor',\"v\":0.076692157084946658}]"}, {"source": 53, "prod": 0, "target": 43, "value": 0.085523937243420819, "supply": "[{\"l\":'Fossil Fuels',\"v\":0.085523937243420819}]"}, {"source": 54, "prod": 0, "target": 43, "value": 0.14359710099292519, "supply": "[{\"l\":'Renewables & Nuclear',\"v\":0.00199597489125967},{\"l\":'Biomass & Waste',\"v\":0.14160112610166553}]"}]}