{"nodes": [{"layer": 5, "name": "Maize"}, {"layer": 16, "name": "Food", "fill": "#b5cf6b"}, {"layer": 5, "name": "Roots, Other"}, {"layer": 5, "name": "Plantains"}, {"layer": 5, "name": "Fruits, Other"}, {"layer": 5, "name": "Yams"}, {"layer": 13, "name": "Sugar", "fill": "#d6616b"}, {"layer": 13, "name": "Beer"}, {"layer": 13, "name": "Groundnut Oil"}, {"layer": 13, "name": "Beverages, Alcoholic"}, {"layer": 5, "name": "Rice"}, {"layer": 13, "name": "Meat, Other"}, {"layer": 5, "name": "Tomatoes"}, {"layer": 5, "name": "Cereals, Other"}, {"layer": 5, "name": "Wheat"}, {"layer": 13, "name": "Eggs"}, {"layer": 5, "name": "Vegetables, Other"}, {"layer": 5, "name": "Peas"}, {"layer": 13, "name": "Marine Fish, Other"}, {"layer": 5, "name": "Groundnuts"}, {"layer": 13, "name": "Palm Oil"}, {"layer": 5, "name": "Oilcrops, Other"}, {"layer": 13, "name": "Mutton & Goat Meat"}, {"layer": 13, "name": "Pigmeat"}, {"layer": 5, "name": "Sugar cane"}, {"layer": 5, "name": "Potatoes"}, {"layer": 13, "name": "Freshwater Fish"}, {"layer": 13, "name": "Rape and Mustard Oil"}, {"layer": 13, "name": "Milk - Excluding Butter"}, {"layer": 5, "name": "Pineapples"}, {"layer": 5, "name": "Beans"}, {"layer": 13, "name": "Fish, Seafood"}, {"layer": 13, "name": "Oilcrops Oil, Other"}, {"layer": 13, "name": "Wine"}, {"layer": 13, "name": "Pelagic Fish"}, {"layer": 5, "name": "Bananas"}, {"layer": 13, "name": "Bovine Meat"}, {"layer": 13, "name": "Poultry Meat"}, {"layer": 13, "name": "Offals, Edible"}, {"layer": 5, "name": "Sweet potatoes"}, {"layer": 13, "name": "Demersal Fish"}, {"layer": 5, "name": "Oranges, Mandarines"}, {"layer": 5, "name": "Palm kernels"}, {"layer": 5, "name": "Onions"}, {"layer": 5, "name": "Cassava"}, {"layer": 10, "name": "Processing", "fill": "#9edae5"}, {"layer": 5, "name": "Barley"}, {"layer": 16, "name": "Biofuels & Other", "fill": "#e7ba52"}, {"name": "Waste", "fill": "#c7c7c7"}, {"layer": 2, "name": "Import", "fill": "#aec7e8"}, {"layer": 10, "name": "Feed", "fill": "#dbdb8d"}, {"layer": 5, "name": "Coffee"}, {"layer": 16, "name": "Export", "fill": "#aec7e8"}, {"layer": 5, "name": "Cocoa Beans"}, {"layer": 16, "name": "Stock Deposit", "fill": "#c7c7c7"}, {"layer": 0, "name": "Stock Draw", "fill": "#c7c7c7"}, {"name": "Crop Residue", "fill": "#bd9e39"}, {"layer": 5, "name": "Oil Palm"}, {"layer": 2, "name": "Electricity", "fill": "#bcbd22"}, {"layer": 0, "name": "Fossil Fuels", "fill": "#c49c94"}, {"layer": 0, "name": "Renewables & Nuclear", "fill": "#2ca02c"}, {"layer": 2, "name": "Fertilizers", "fill": "#c5b0d5"}, {"layer": 0, "name": "Labor", "fill": "#7f7f7f"}], "links": [{"source": 0, "prod": 12.0, "target": 1, "value": 0.046617487431663891, "supply": [{"l": "Maize", "v": 0.046617487431663891}]}, {"source": 2, "prod": 23.0, "target": 1, "value": 0.024540311742425495, "supply": [{"l": "Roots, Other", "v": 0.024540311742425495}]}, {"source": 3, "prod": 50.0, "target": 1, "value": 0.051351007966330658, "supply": [{"l": "Plantains", "v": 0.051351007966330658}]}, {"source": 4, "prod": 20.0, "target": 1, "value": 0.013975363484938275, "supply": [{"l": "Fruits, Other", "v": 0.013975363484938275}]}, {"source": 5, "prod": 10.0, "target": 1, "value": 0.011698864807027561, "supply": [{"l": "Yams", "v": 0.011698864807027561}]}, {"source": 6, "prod": 19.0, "target": 1, "value": 0.07873078618351953, "supply": [{"l": "Sugar", "v": 0.07873078618351953}]}, {"source": 7, "prod": 92.0, "target": 1, "value": 0.046177452944331954, "supply": [{"l": "Beer", "v": 0.046177452944331954}]}, {"source": 8, "prod": 2.0, "target": 1, "value": 0.020163829128112501, "supply": [{"l": "Groundnut Oil", "v": 0.020163829128112501}]}, {"source": 9, "prod": 1.0, "target": 1, "value": 0.0033513289409605267, "supply": [{"l": "Beverages, Alcoholic", "v": 0.0033513289409605267}]}, {"source": 10, "prod": 10.0, "target": 1, "value": 0.041915080452069334, "supply": [{"l": "Rice", "v": 0.041915080452069334}]}, {"source": 11, "prod": 11.0, "target": 1, "value": 0.013141233558363042, "supply": [{"l": "Meat, Other", "v": 0.013141233558363042}]}, {"source": 12, "prod": 7.0, "target": 1, "value": 0.0018456594167608694, "supply": [{"l": "Tomatoes", "v": 0.0018456594167608694}]}, {"source": 13, "prod": 4.0, "target": 1, "value": 0.014349352085239438, "supply": [{"l": "Cereals, Other", "v": 0.014349352085239438}]}, {"source": 14, "prod": 72.0, "target": 1, "value": 0.22886795597479967, "supply": [{"l": "Wheat", "v": 0.22886795597479967}]}, {"source": 15, "prod": 1.0, "target": 1, "value": 0.0012128619024428574, "supply": [{"l": "Eggs", "v": 0.0012128619024428574}]}, {"source": 16, "prod": 26.0, "target": 1, "value": 0.0068077368155620667, "supply": [{"l": "Vegetables, Other", "v": 0.0068077368155620667}]}, {"source": 17, "prod": 3.0, "target": 1, "value": 0.011729651293361842, "supply": [{"l": "Peas", "v": 0.011729651293361842}]}, {"source": 18, "prod": 1.0, "target": 1, "value": 0.00073189942388793099, "supply": [{"l": "Marine Fish, Other", "v": 0.00073189942388793099}]}, {"source": 19, "prod": 11.0, "target": 1, "value": 0.069913305781294829, "supply": [{"l": "Groundnuts", "v": 0.069913305781294829}]}, {"source": 20, "prod": 16.0, "target": 1, "value": 0.16481290730513412, "supply": [{"l": "Palm Oil", "v": 0.16481290730513412}]}, {"source": 21, "prod": 2.0, "target": 1, "value": 0.0091215233985371905, "supply": [{"l": "Oilcrops, Other", "v": 0.0091215233985371905}]}, {"source": 22, "prod": 1.0, "target": 1, "value": 0.0010884658098846154, "supply": [{"l": "Mutton & Goat Meat", "v": 0.0010884658098846154}]}, {"source": 23, "prod": 2.0, "target": 1, "value": 0.0068310612896206888, "supply": [{"l": "Pigmeat", "v": 0.0068310612896206888}]}, {"source": 24, "prod": 5.0, "target": 1, "value": 0.001711700265544355, "supply": [{"l": "Sugar cane", "v": 0.001711700265544355}]}, {"source": 25, "prod": 2.0, "target": 1, "value": 0.0011320044422800002, "supply": [{"l": "Potatoes", "v": 0.0011320044422800002}]}, {"source": 26, "prod": 14.0, "target": 1, "value": 0.011514054126022353, "supply": [{"l": "Freshwater Fish", "v": 0.011514054126022353}]}, {"source": 27, "prod": 4.0, "target": 1, "value": 0.040986367737724141, "supply": [{"l": "Rape and Mustard Oil", "v": 0.040986367737724141}]}, {"source": 28, "prod": 26.0, "target": 1, "value": 0.018866740704666669, "supply": [{"l": "Milk - Excluding Butter", "v": 0.018866740704666669}]}, {"source": 29, "prod": 5.0, "target": 1, "value": 0.001829748559719828, "supply": [{"l": "Pineapples", "v": 0.001829748559719828}]}, {"source": 30, "prod": 1.0, "target": 1, "value": 0.00424501665855, "supply": [{"l": "Beans", "v": 0.00424501665855}]}, {"source": 31, "prod": 76.0, "target": 1, "value": 0.067748750712212133, "supply": [{"l": "Fish, Seafood", "v": 0.067748750712212133}]}, {"source": 32, "prod": 2.0, "target": 1, "value": 0.020376079961040006, "supply": [{"l": "Oilcrops Oil, Other", "v": 0.020376079961040006}]}, {"source": 33, "prod": 12.0, "target": 1, "value": 0.0096278728338247428, "supply": [{"l": "Wine", "v": 0.0096278728338247428}]}, {"source": 34, "prod": 46.0, "target": 1, "value": 0.045854455531878155, "supply": [{"l": "Pelagic Fish", "v": 0.045854455531878155}]}, {"source": 35, "prod": 30.0, "target": 1, "value": 0.020637488144199866, "supply": [{"l": "Bananas", "v": 0.020637488144199866}]}, {"source": 36, "prod": 10.0, "target": 1, "value": 0.022342192939736844, "supply": [{"l": "Bovine Meat", "v": 0.022342192939736844}]}, {"source": 37, "prod": 5.0, "target": 1, "value": 0.0071814191592011294, "supply": [{"l": "Poultry Meat", "v": 0.0071814191592011294}]}, {"source": 38, "prod": 1.0, "target": 1, "value": 0.001230439611173913, "supply": [{"l": "Offals, Edible", "v": 0.001230439611173913}]}, {"source": 39, "prod": 11.0, "target": 1, "value": 0.012219300288162618, "supply": [{"l": "Sweet potatoes", "v": 0.012219300288162618}]}, {"source": 40, "prod": 15.0, "target": 1, "value": 0.010353699167195125, "supply": [{"l": "Demersal Fish", "v": 0.010353699167195125}]}, {"source": 41, "prod": 3.0, "target": 1, "value": 0.00096477651330681825, "supply": [{"l": "Oranges, Mandarines", "v": 0.00096477651330681825}]}, {"source": 42, "prod": 2.0, "target": 1, "value": 0.013584053307360001, "supply": [{"l": "Palm kernels", "v": 0.013584053307360001}]}, {"source": 43, "prod": 1.0, "target": 1, "value": 0.00042450166585500002, "supply": [{"l": "Onions", "v": 0.00042450166585500002}]}, {"source": 44, "prod": 585.0, "target": 1, "value": 0.71601675147970001, "supply": [{"l": "Cassava", "v": 0.71601675147970001}]}, {"source": 24, "prod": 337.0, "target": 45, "value": 0.11536859789768952, "supply": [{"l": "Sugar cane", "v": 0.11536859789768952}]}, {"source": 10, "prod": 2.0, "target": 45, "value": 0.0083830160904138657, "supply": [{"l": "Rice", "v": 0.0083830160904138657}]}, {"source": 46, "prod": 17.0, "target": 45, "value": 0.048378960801351963, "supply": [{"l": "Barley", "v": 0.048378960801351963}]}, {"source": 19, "prod": 3.0, "target": 45, "value": 0.019067265213080407, "supply": [{"l": "Groundnuts", "v": 0.019067265213080407}]}, {"source": 20, "prod": 4.0, "target": 47, "value": 0.04120322682628353, "supply": [{"l": "Palm Oil", "v": 0.04120322682628353}]}, {"source": 19, "prod": 1.0, "target": 19, "value": 0.0063557550710268019, "supply": [{"l": "Groundnuts", "v": 0.0063557550710268019}]}, {"source": 0, "prod": 1.0, "target": 48, "value": 0.0038847906193053244, "supply": [{"l": "Maize", "v": 0.0038847906193053244}]}, {"source": 2, "prod": 3.0, "target": 48, "value": 0.0032009102272728901, "supply": [{"l": "Roots, Other", "v": 0.0032009102272728901}]}, {"source": 14, "prod": 2.0, "target": 48, "value": 0.0063574432215222128, "supply": [{"l": "Wheat", "v": 0.0063574432215222128}]}, {"source": 35, "prod": 3.0, "target": 48, "value": 0.0020637488144199865, "supply": [{"l": "Bananas", "v": 0.0020637488144199865}]}, {"source": 3, "prod": 6.0, "target": 48, "value": 0.0061621209559596778, "supply": [{"l": "Plantains", "v": 0.0061621209559596778}]}, {"source": 16, "prod": 3.0, "target": 48, "value": 0.0007855080941033155, "supply": [{"l": "Vegetables, Other", "v": 0.0007855080941033155}]}, {"source": 4, "prod": 2.0, "target": 48, "value": 0.0013975363484938275, "supply": [{"l": "Fruits, Other", "v": 0.0013975363484938275}]}, {"source": 5, "prod": 1.0, "target": 48, "value": 0.001169886480702756, "supply": [{"l": "Yams", "v": 0.001169886480702756}]}, {"source": 39, "prod": 1.0, "target": 48, "value": 0.001110845480742056, "supply": [{"l": "Sweet potatoes", "v": 0.001110845480742056}]}, {"source": 24, "prod": 8.0, "target": 48, "value": 0.0027387204248709679, "supply": [{"l": "Sugar cane", "v": 0.0027387204248709679}]}, {"source": 29, "prod": 1.0, "target": 48, "value": 0.00036594971194396549, "supply": [{"l": "Pineapples", "v": 0.00036594971194396549}]}, {"source": 12, "prod": 1.0, "target": 48, "value": 0.0002636656309658385, "supply": [{"l": "Tomatoes", "v": 0.0002636656309658385}]}, {"source": 44, "prod": 15.0, "target": 48, "value": 0.018359403884094874, "supply": [{"l": "Cassava", "v": 0.018359403884094874}]}, {"source": 49, "prod": 1.0, "target": 25, "value": 0.0005660022211400001, "supply": [{"l": "Potatoes", "v": 0.0005660022211400001}]}, {"source": 49, "prod": 4.0, "target": 13, "value": 0.014349352085239438, "supply": [{"l": "Cereals, Other", "v": 0.014349352085239438}]}, {"source": 49, "prod": 11.0, "target": 10, "value": 0.046106588497276266, "supply": [{"l": "Rice", "v": 0.046106588497276266}]}, {"source": 49, "prod": 88.0, "target": 14, "value": 0.27972750174697736, "supply": [{"l": "Wheat", "v": 0.27972750174697736}]}, {"source": 49, "prod": 139.0, "target": 50, "value": 0.12953768086349043, "supply": [{"l": "Milk - Excluding Butter", "v": 0.018866740704666669}, {"l": "Fish, Seafood", "v": 0.046354408382039879}, {"l": "Pelagic Fish", "v": 0.032895587664173463}, {"l": "Bovine Meat", "v": 0.015639535057815793}, {"l": "Poultry Meat", "v": 0.0014362838318402258}, {"l": "Offals, Edible", "v": 0.001230439611173913}, {"l": "Demersal Fish", "v": 0.01311468561178049}]}, {"source": 49, "prod": 1.0, "target": 43, "value": 0.00042450166585500002, "supply": [{"l": "Onions", "v": 0.00042450166585500002}]}, {"source": 49, "prod": 18.0, "target": 46, "value": 0.051224782024960905, "supply": [{"l": "Barley", "v": 0.051224782024960905}]}, {"source": 49, "prod": 38.0, "target": 45, "value": 0.17041716662441761, "supply": [{"l": "Sugar", "v": 0.053868432651881785}, {"l": "Beer", "v": 0.0010038576727028686}, {"l": "Beverages, Alcoholic", "v": 0.0033513289409605267}, {"l": "Oilcrops Oil, Other", "v": 0.020376079961040006}, {"l": "Rape and Mustard Oil", "v": 0.040986367737724141}, {"l": "Wine", "v": 0.0096278728338247428}, {"l": "Palm Oil", "v": 0.04120322682628353}]}, {"source": 49, "prod": 1.0, "target": 4, "value": 0.00069876817424691377, "supply": [{"l": "Fruits, Other", "v": 0.00069876817424691377}]}, {"source": 49, "prod": 2.0, "target": 16, "value": 0.00052367206273554363, "supply": [{"l": "Vegetables, Other", "v": 0.00052367206273554363}]}, {"source": 51, "prod": 3.0, "target": 52, "value": 0.0011791712940416666, "supply": [{"l": "Coffee", "v": 0.0011791712940416666}]}, {"source": 6, "prod": 32.0, "target": 52, "value": 0.13259921883540129, "supply": [{"l": "Sugar", "v": 0.13259921883540129}]}, {"source": 40, "prod": 9.0, "target": 52, "value": 0.006212219500317074, "supply": [{"l": "Demersal Fish", "v": 0.006212219500317074}]}, {"source": 31, "prod": 9.0, "target": 52, "value": 0.0080228783738145945, "supply": [{"l": "Fish, Seafood", "v": 0.0080228783738145945}]}, {"source": 53, "prod": 2.0, "target": 52, "value": 0.0044684385879473695, "supply": [{"l": "Cocoa Beans", "v": 0.0044684385879473695}]}, {"source": 44, "prod": 90.0, "target": 54, "value": 0.11015642330456923, "supply": [{"l": "Cassava", "v": 0.11015642330456923}]}, {"source": 55, "prod": 7.0, "target": 45, "value": 0.029006079120244034, "supply": [{"l": "Sugar", "v": 0.029006079120244034}]}, {"source": 46, "prod": 1.0, "target": 54, "value": 0.0028458212236089392, "supply": [{"l": "Barley", "v": 0.0028458212236089392}]}, {"source": 55, "prod": 1.0, "target": 53, "value": 0.0022342192939736848, "supply": [{"l": "Cocoa Beans", "v": 0.0022342192939736848}]}, {"source": 14, "prod": 13.0, "target": 54, "value": 0.041323380939894384, "supply": [{"l": "Wheat", "v": 0.041323380939894384}]}, {"source": 50, "prod": 5.0, "target": 37, "value": 0.0071814191592011294, "supply": [{"l": "Poultry Meat", "v": 0.0071814191592011294}]}, {"source": 50, "prod": 2.0, "target": 23, "value": 0.0068310612896206888, "supply": [{"l": "Pigmeat", "v": 0.0068310612896206888}]}, {"source": 50, "prod": 46.0, "target": 34, "value": 0.045854455531878155, "supply": [{"l": "Pelagic Fish", "v": 0.045854455531878155}]}, {"source": 50, "prod": 10.0, "target": 36, "value": 0.022342192939736844, "supply": [{"l": "Bovine Meat", "v": 0.022342192939736844}]}, {"source": 50, "prod": 14.0, "target": 26, "value": 0.011514054126022353, "supply": [{"l": "Freshwater Fish", "v": 0.011514054126022353}]}, {"source": 50, "prod": 26.0, "target": 28, "value": 0.018866740704666669, "supply": [{"l": "Milk - Excluding Butter", "v": 0.018866740704666669}]}, {"source": 50, "prod": 1.0, "target": 38, "value": 0.001230439611173913, "supply": [{"l": "Offals, Edible", "v": 0.001230439611173913}]}, {"source": 50, "prod": 1.0, "target": 18, "value": 0.00073189942388793099, "supply": [{"l": "Marine Fish, Other", "v": 0.00073189942388793099}]}, {"source": 50, "prod": 85.0, "target": 31, "value": 0.075771629086026721, "supply": [{"l": "Fish, Seafood", "v": 0.075771629086026721}]}, {"source": 50, "prod": 24.0, "target": 40, "value": 0.016565918667512197, "supply": [{"l": "Demersal Fish", "v": 0.016565918667512197}]}, {"source": 50, "prod": 11.0, "target": 11, "value": 0.013141233558363042, "supply": [{"l": "Meat, Other", "v": 0.013141233558363042}]}, {"source": 50, "prod": 1.0, "target": 15, "value": 0.0012128619024428574, "supply": [{"l": "Eggs", "v": 0.0012128619024428574}]}, {"source": 50, "prod": 1.0, "target": 22, "value": 0.0010884658098846154, "supply": [{"l": "Mutton & Goat Meat", "v": 0.0010884658098846154}]}, {"source": 45, "prod": 4.0, "target": 27, "value": 0.040986367737724141, "supply": [{"l": "Rape and Mustard Oil", "v": 0.040986367737724141}]}, {"source": 45, "prod": 92.0, "target": 7, "value": 0.046177452944331954, "supply": [{"l": "Beer", "v": 0.046177452944331954}]}, {"source": 45, "prod": 2.0, "target": 8, "value": 0.020163829128112501, "supply": [{"l": "Groundnut Oil", "v": 0.020163829128112501}]}, {"source": 45, "prod": 1.0, "target": 9, "value": 0.0033513289409605267, "supply": [{"l": "Beverages, Alcoholic", "v": 0.0033513289409605267}]}, {"source": 45, "prod": 20.0, "target": 20, "value": 0.20601613413141764, "supply": [{"l": "Palm Oil", "v": 0.20601613413141764}]}, {"source": 45, "prod": 2.0, "target": 32, "value": 0.020376079961040006, "supply": [{"l": "Oilcrops Oil, Other", "v": 0.020376079961040006}]}, {"source": 45, "prod": 51.0, "target": 6, "value": 0.21133000501892082, "supply": [{"l": "Sugar", "v": 0.21133000501892082}]}, {"source": 45, "prod": 12.0, "target": 33, "value": 0.0096278728338247428, "supply": [{"l": "Wine", "v": 0.0096278728338247428}]}, {"source": 0, "prod": 26.0, "target": 56, "value": 0.090653333159999988, "supply": [{"l": "Maize", "v": 0.090653333159999988}]}, {"source": 44, "prod": 345.0, "target": 56, "value": 1.2028999977000001, "supply": [{"l": "Cassava", "v": 1.2028999977000001}]}, {"source": 16, "prod": 28.0, "target": 56, "value": 0.097626666479999999, "supply": [{"l": "Vegetables, Other", "v": 0.097626666479999999}]}, {"source": 14, "prod": 87.0, "target": 56, "value": 0.30333999942000001, "supply": [{"l": "Wheat", "v": 0.30333999942000001}]}, {"source": 13, "prod": 4.0, "target": 56, "value": 0.013946666640000001, "supply": [{"l": "Cereals, Other", "v": 0.013946666640000001}]}, {"source": 25, "prod": 0.75, "target": 56, "value": 0.0026149999950000002, "supply": [{"l": "Potatoes", "v": 0.0026149999950000002}]}, {"source": 2, "prod": 12.75, "target": 56, "value": 0.044454999915000008, "supply": [{"l": "Roots, Other", "v": 0.044454999915000008}]}, {"source": 17, "prod": 3.5, "target": 56, "value": 0.012203333310000002, "supply": [{"l": "Peas", "v": 0.012203333310000002}]}, {"source": 5, "prod": 5.5, "target": 56, "value": 0.019176666630000002, "supply": [{"l": "Yams", "v": 0.019176666630000002}]}, {"source": 39, "prod": 6.0, "target": 56, "value": 0.020919999960000005, "supply": [{"l": "Sweet potatoes", "v": 0.020919999960000005}]}, {"source": 30, "prod": 1.0, "target": 56, "value": 0.0034866666599999998, "supply": [{"l": "Beans", "v": 0.0034866666599999998}]}, {"source": 46, "prod": 18.0, "target": 56, "value": 0.047805317130486115, "supply": [{"l": "Barley", "v": 0.047805317130486115}]}, {"source": 19, "prod": 15.5, "target": 56, "value": 0.054043333230000004, "supply": [{"l": "Groundnuts", "v": 0.054043333230000004}]}, {"source": 21, "prod": 2.5, "target": 56, "value": 0.0087166666499999997, "supply": [{"l": "Oilcrops, Other", "v": 0.0087166666499999997}]}, {"source": 10, "prod": 13.0, "target": 56, "value": 0.045326666580000001, "supply": [{"l": "Rice", "v": 0.045326666580000001}]}, {"source": 43, "prod": 0.5, "target": 56, "value": 0.0010757819423875001, "supply": [{"l": "Onions", "v": 0.0010757819423875001}]}, {"source": 42, "prod": 2.5, "target": 56, "value": 0.0087166666500000014, "supply": [{"l": "Palm kernels", "v": 0.0087166666500000014}]}, {"source": 12, "prod": 7.5, "target": 56, "value": 0.026149999950000002, "supply": [{"l": "Tomatoes", "v": 0.026149999950000002}]}, {"source": 24, "prod": 140.0, "target": 56, "value": 0.48813333240000001, "supply": [{"l": "Sugar cane", "v": 0.48813333240000001}]}, {"source": 57, "prod": 77.650063856960415, "target": 45, "value": 0.32962581461026824, "supply": [{"l": "Oil Palm", "v": 0.32962581461026824}]}, {"source": 58, "prod": 0, "target": 0, "value": 2.5812257296473243e-08, "supply": "[{\"l\":'Energy for power irrigation',\"v\":2.5812257296473243e-08}]"}, {"source": 58, "prod": 0, "target": 16, "value": 5.5595631100096215e-08, "supply": "[{\"l\":'Energy for power irrigation',\"v\":5.5595631100096215e-08}]"}, {"source": 58, "prod": 0, "target": 3, "value": 1.1119126220019243e-07, "supply": "[{\"l\":'Energy for power irrigation',\"v\":1.1119126220019243e-07}]"}, {"source": 58, "prod": 0, "target": 4, "value": 4.1696723325072168e-08, "supply": "[{\"l\":'Energy for power irrigation',\"v\":4.1696723325072168e-08}]"}, {"source": 58, "prod": 0, "target": 5, "value": 2.1841140789323516e-08, "supply": "[{\"l\":'Energy for power irrigation',\"v\":2.1841140789323516e-08}]"}, {"source": 58, "prod": 0, "target": 10, "value": 1.2906128648236622e-08, "supply": "[{\"l\":'Energy for power irrigation',\"v\":1.2906128648236622e-08}]"}, {"source": 58, "prod": 0, "target": 12, "value": 1.4891686901811487e-08, "supply": "[{\"l\":'Energy for power irrigation',\"v\":1.4891686901811487e-08}]"}, {"source": 58, "prod": 0, "target": 51, "value": 5.9566747607245949e-09, "supply": "[{\"l\":'Energy for power irrigation',\"v\":5.9566747607245949e-09}]"}, {"source": 58, "prod": 0, "target": 2, "value": 5.0631735466159062e-08, "supply": "[{\"l\":'Energy for power irrigation',\"v\":5.0631735466159062e-08}]"}, {"source": 58, "prod": 0, "target": 17, "value": 6.9494538875120268e-09, "supply": "[{\"l\":'Energy for power irrigation',\"v\":6.9494538875120268e-09}]"}, {"source": 58, "prod": 0, "target": 19, "value": 3.0776152930410403e-08, "supply": "[{\"l\":'Energy for power irrigation',\"v\":3.0776152930410403e-08}]"}, {"source": 58, "prod": 0, "target": 57, "value": 7.7089362590901539e-08, "supply": "[{\"l\":'Energy for power irrigation',\"v\":7.7089362590901539e-08}]"}, {"source": 58, "prod": 0, "target": 21, "value": 4.963895633937163e-09, "supply": "[{\"l\":'Energy for power irrigation',\"v\":4.963895633937163e-09}]"}, {"source": 58, "prod": 0, "target": 53, "value": 3.9711165071497302e-09, "supply": "[{\"l\":'Energy for power irrigation',\"v\":3.9711165071497302e-09}]"}, {"source": 58, "prod": 0, "target": 25, "value": 2.9783373803622974e-09, "supply": "[{\"l\":'Energy for power irrigation',\"v\":2.9783373803622974e-09}]"}, {"source": 58, "prod": 0, "target": 30, "value": 1.9855582535748651e-09, "supply": "[{\"l\":'Energy for power irrigation',\"v\":1.9855582535748651e-09}]"}, {"source": 58, "prod": 0, "target": 24, "value": 6.9494538875120272e-07, "supply": "[{\"l\":'Energy for power irrigation',\"v\":6.9494538875120272e-07}]"}, {"source": 58, "prod": 0, "target": 29, "value": 1.0920570394661758e-08, "supply": "[{\"l\":'Energy for power irrigation',\"v\":1.0920570394661758e-08}]"}, {"source": 58, "prod": 0, "target": 35, "value": 6.5523422367970534e-08, "supply": "[{\"l\":'Energy for power irrigation',\"v\":6.5523422367970534e-08}]"}, {"source": 58, "prod": 0, "target": 39, "value": 2.382669904289838e-08, "supply": "[{\"l\":'Energy for power irrigation',\"v\":2.382669904289838e-08}]"}, {"source": 58, "prod": 0, "target": 41, "value": 5.9566747607245949e-09, "supply": "[{\"l\":'Energy for power irrigation',\"v\":5.9566747607245949e-09}]"}, {"source": 58, "prod": 0, "target": 42, "value": 4.963895633937163e-09, "supply": "[{\"l\":'Energy for power irrigation',\"v\":4.963895633937163e-09}]"}, {"source": 58, "prod": 0, "target": 44, "value": 1.3700351949666569e-06, "supply": "[{\"l\":'Energy for power irrigation',\"v\":1.3700351949666569e-06}]"}, {"source": 58, "prod": 0, "target": 45, "value": 0.0066156000000000001, "supply": "[{\"l\":'Electricity',\"v\":0.0066156000000000001}]"}, {"source": 59, "prod": 0, "target": 58, "value": 0.00013768160213579233, "supply": [{"l": "Coal", "v": 0.0}, {"l": "Natural gas", "v": 0.0}, {"l": "Oil", "v": 0.00013768160213579233}]}, {"source": 60, "prod": 0, "target": 58, "value": 0.0065660356058559353, "supply": [{"l": "Nuclear", "v": 0.0}, {"l": "Hydroelectric", "v": 0.0065660356058559353}, {"l": "Renewable", "v": 0.0}]}, {"source": 59, "prod": 0, "target": 0, "value": 0.0017714638288432259, "supply": [{"l": "Other fossil fuels", "v": 0.0017714638288432259}]}, {"source": 59, "prod": 0, "target": 16, "value": 0.0038154605544315633, "supply": [{"l": "Other fossil fuels", "v": 0.0038154605544315633}]}, {"source": 59, "prod": 0, "target": 3, "value": 0.0076309211088631266, "supply": [{"l": "Other fossil fuels", "v": 0.0076309211088631266}]}, {"source": 59, "prod": 0, "target": 4, "value": 0.0028615954158236726, "supply": [{"l": "Other fossil fuels", "v": 0.0028615954158236726}]}, {"source": 59, "prod": 0, "target": 5, "value": 0.0014989309320981143, "supply": [{"l": "Other fossil fuels", "v": 0.0014989309320981143}]}, {"source": 59, "prod": 0, "target": 10, "value": 0.00088573191442161293, "supply": [{"l": "Other fossil fuels", "v": 0.00088573191442161293}]}, {"source": 59, "prod": 0, "target": 12, "value": 0.0010219983627941689, "supply": [{"l": "Other fossil fuels", "v": 0.0010219983627941689}]}, {"source": 59, "prod": 0, "target": 51, "value": 0.00040879934511766752, "supply": [{"l": "Other fossil fuels", "v": 0.00040879934511766752}]}, {"source": 59, "prod": 0, "target": 2, "value": 0.0034747944335001744, "supply": [{"l": "Other fossil fuels", "v": 0.0034747944335001744}]}, {"source": 59, "prod": 0, "target": 17, "value": 0.00047693256930394541, "supply": [{"l": "Other fossil fuels", "v": 0.00047693256930394541}]}, {"source": 59, "prod": 0, "target": 19, "value": 0.0021121299497746156, "supply": [{"l": "Other fossil fuels", "v": 0.0021121299497746156}]}, {"source": 59, "prod": 0, "target": 57, "value": 0.0052905492088450804, "supply": [{"l": "Other fossil fuels", "v": 0.0052905492088450804}]}, {"source": 59, "prod": 0, "target": 21, "value": 0.00034066612093138962, "supply": [{"l": "Other fossil fuels", "v": 0.00034066612093138962}]}, {"source": 59, "prod": 0, "target": 53, "value": 0.00027253289674511168, "supply": [{"l": "Other fossil fuels", "v": 0.00027253289674511168}]}, {"source": 59, "prod": 0, "target": 25, "value": 0.00020439967255883376, "supply": [{"l": "Other fossil fuels", "v": 0.00020439967255883376}]}, {"source": 59, "prod": 0, "target": 30, "value": 0.00013626644837255584, "supply": [{"l": "Other fossil fuels", "v": 0.00013626644837255584}]}, {"source": 59, "prod": 0, "target": 24, "value": 0.047693256930394543, "supply": [{"l": "Other fossil fuels", "v": 0.047693256930394543}]}, {"source": 59, "prod": 0, "target": 29, "value": 0.00074946546604905714, "supply": [{"l": "Other fossil fuels", "v": 0.00074946546604905714}]}, {"source": 59, "prod": 0, "target": 35, "value": 0.0044967927962943424, "supply": [{"l": "Other fossil fuels", "v": 0.0044967927962943424}]}, {"source": 59, "prod": 0, "target": 39, "value": 0.0016351973804706701, "supply": [{"l": "Other fossil fuels", "v": 0.0016351973804706701}]}, {"source": 59, "prod": 0, "target": 41, "value": 0.00040879934511766752, "supply": [{"l": "Other fossil fuels", "v": 0.00040879934511766752}]}, {"source": 59, "prod": 0, "target": 42, "value": 0.00034066612093138962, "supply": [{"l": "Other fossil fuels", "v": 0.00034066612093138962}]}, {"source": 59, "prod": 0, "target": 44, "value": 0.094023849377063526, "supply": [{"l": "Other fossil fuels", "v": 0.094023849377063526}]}, {"source": 61, "prod": 0.029024763348418376, "target": 0, "value": 0.00021056743990432089, "supply": [{"l": "Potash", "v": 0.00512777778188}, {"l": "Phosphate", "v": 0.00083091299632233285}, {"l": "Nitrogen", "v": 0.016512500013209998}]}, {"source": 61, "prod": 0.062514874904285728, "target": 16, "value": 0.00045352987056315264, "supply": [{"l": "Potash", "v": 0.00512777778188}, {"l": "Phosphate", "v": 0.00083091299632233285}, {"l": "Nitrogen", "v": 0.016512500013209998}]}, {"source": 61, "prod": 0.12502974980857146, "target": 3, "value": 0.00090705974112630528, "supply": [{"l": "Potash", "v": 0.00512777778188}, {"l": "Phosphate", "v": 0.00083091299632233285}, {"l": "Nitrogen", "v": 0.016512500013209998}]}, {"source": 61, "prod": 0.046886156178214303, "target": 4, "value": 0.00034014740292236453, "supply": [{"l": "Potash", "v": 0.00512777778188}, {"l": "Phosphate", "v": 0.00083091299632233285}, {"l": "Nitrogen", "v": 0.016512500013209998}]}, {"source": 61, "prod": 0.024559415140969397, "target": 5, "value": 0.00017817244914981, "supply": [{"l": "Potash", "v": 0.00512777778188}, {"l": "Phosphate", "v": 0.00083091299632233285}, {"l": "Nitrogen", "v": 0.016512500013209998}]}, {"source": 61, "prod": 0.014512381674209188, "target": 10, "value": 0.00010528371995216044, "supply": [{"l": "Potash", "v": 0.00512777778188}, {"l": "Phosphate", "v": 0.00083091299632233285}, {"l": "Nitrogen", "v": 0.016512500013209998}]}, {"source": 61, "prod": 0.016745055777933681, "target": 12, "value": 0.0001214812153294159, "supply": [{"l": "Potash", "v": 0.00512777778188}, {"l": "Phosphate", "v": 0.00083091299632233285}, {"l": "Nitrogen", "v": 0.016512500013209998}]}, {"source": 61, "prod": 0.0066980223111734712, "target": 51, "value": 4.8592486131766357e-05, "supply": [{"l": "Potash", "v": 0.00512777778188}, {"l": "Phosphate", "v": 0.00083091299632233285}, {"l": "Nitrogen", "v": 0.016512500013209998}]}, {"source": 61, "prod": 0.056933189644974513, "target": 2, "value": 0.00041303613212001413, "supply": [{"l": "Potash", "v": 0.00512777778188}, {"l": "Phosphate", "v": 0.00083091299632233285}, {"l": "Nitrogen", "v": 0.016512500013209998}]}, {"source": 61, "prod": 0.007814359363035716, "target": 17, "value": 5.669123382039408e-05, "supply": [{"l": "Potash", "v": 0.00512777778188}, {"l": "Phosphate", "v": 0.00083091299632233285}, {"l": "Nitrogen", "v": 0.016512500013209998}]}, {"source": 61, "prod": 0.034606448607729601, "target": 19, "value": 0.00025106117834745954, "supply": [{"l": "Potash", "v": 0.00512777778188}, {"l": "Phosphate", "v": 0.00083091299632233285}, {"l": "Nitrogen", "v": 0.016512500013209998}]}, {"source": 61, "prod": 0.086683643362994278, "target": 57, "value": 0.00062886827518335352, "supply": [{"l": "Potash", "v": 0.00512777778188}, {"l": "Phosphate", "v": 0.00083091299632233285}, {"l": "Nitrogen", "v": 0.016512500013209998}]}, {"source": 61, "prod": 0.0055816852593112264, "target": 21, "value": 4.0493738443138634e-05, "supply": [{"l": "Potash", "v": 0.00512777778188}, {"l": "Phosphate", "v": 0.00083091299632233285}, {"l": "Nitrogen", "v": 0.016512500013209998}]}, {"source": 61, "prod": 0.0044653482074489808, "target": 53, "value": 3.2394990754510905e-05, "supply": [{"l": "Potash", "v": 0.00512777778188}, {"l": "Phosphate", "v": 0.00083091299632233285}, {"l": "Nitrogen", "v": 0.016512500013209998}]}, {"source": 61, "prod": 0.0033490111555867356, "target": 25, "value": 2.4296243065883179e-05, "supply": [{"l": "Potash", "v": 0.00512777778188}, {"l": "Phosphate", "v": 0.00083091299632233285}, {"l": "Nitrogen", "v": 0.016512500013209998}]}, {"source": 61, "prod": 0.0022326741037244904, "target": 30, "value": 1.6197495377255452e-05, "supply": [{"l": "Potash", "v": 0.00512777778188}, {"l": "Phosphate", "v": 0.00083091299632233285}, {"l": "Nitrogen", "v": 0.016512500013209998}]}, {"source": 61, "prod": 0.78143593630357167, "target": 24, "value": 0.0056691233820394087, "supply": [{"l": "Potash", "v": 0.00512777778188}, {"l": "Phosphate", "v": 0.00083091299632233285}, {"l": "Nitrogen", "v": 0.016512500013209998}]}, {"source": 61, "prod": 0.012279707570484698, "target": 29, "value": 8.9086224574904998e-05, "supply": [{"l": "Potash", "v": 0.00512777778188}, {"l": "Phosphate", "v": 0.00083091299632233285}, {"l": "Nitrogen", "v": 0.016512500013209998}]}, {"source": 61, "prod": 0.073678245422908184, "target": 35, "value": 0.00053451734744942988, "supply": [{"l": "Potash", "v": 0.00512777778188}, {"l": "Phosphate", "v": 0.00083091299632233285}, {"l": "Nitrogen", "v": 0.016512500013209998}]}, {"source": 61, "prod": 0.026792089244693885, "target": 39, "value": 0.00019436994452706543, "supply": [{"l": "Potash", "v": 0.00512777778188}, {"l": "Phosphate", "v": 0.00083091299632233285}, {"l": "Nitrogen", "v": 0.016512500013209998}]}, {"source": 61, "prod": 0.0066980223111734712, "target": 41, "value": 4.8592486131766357e-05, "supply": [{"l": "Potash", "v": 0.00512777778188}, {"l": "Phosphate", "v": 0.00083091299632233285}, {"l": "Nitrogen", "v": 0.016512500013209998}]}, {"source": 61, "prod": 0.0055816852593112264, "target": 42, "value": 4.0493738443138634e-05, "supply": [{"l": "Potash", "v": 0.00512777778188}, {"l": "Phosphate", "v": 0.00083091299632233285}, {"l": "Nitrogen", "v": 0.016512500013209998}]}, {"source": 61, "prod": 1.5405451315698984, "target": 44, "value": 0.011176271810306263, "supply": [{"l": "Potash", "v": 0.00512777778188}, {"l": "Phosphate", "v": 0.00083091299632233285}, {"l": "Nitrogen", "v": 0.016512500013209998}]}, {"source": 59, "prod": 0, "target": 61, "value": 0.031792750770249685, "supply": [{"l": "Natural gas (including LNG)", "v": 0.019633628341372292}, {"l": "Fuel oil", "v": 0.0092401882104405503}, {"l": "Liquefied petroleum gas (LPG)", "v": 0.0014594671092184211}, {"l": "Coal", "v": 0.0014594671092184211}]}, {"source": 62, "prod": 0, "target": 0, "value": 0.0022973941634584472, "supply": "[{\"l\":'Labor',\"v\":0.0022973941634584472}]"}, {"source": 62, "prod": 0, "target": 2, "value": 0.0045064270129377242, "supply": "[{\"l\":'Labor',\"v\":0.0045064270129377242}]"}, {"source": 62, "prod": 0, "target": 3, "value": 0.0098964671656671579, "supply": "[{\"l\":'Labor',\"v\":0.0098964671656671579}]"}, {"source": 62, "prod": 0, "target": 4, "value": 0.0037111751871251844, "supply": "[{\"l\":'Labor',\"v\":0.0037111751871251844}]"}, {"source": 62, "prod": 0, "target": 5, "value": 0.0019439489075417633, "supply": "[{\"l\":'Labor',\"v\":0.0019439489075417633}]"}, {"source": 62, "prod": 0, "target": 46, "value": 0.001590503651625079, "supply": "[{\"l\":'Labor',\"v\":0.001590503651625079}]"}, {"source": 62, "prod": 0, "target": 10, "value": 0.0011486970817292236, "supply": "[{\"l\":'Labor',\"v\":0.0011486970817292236}]"}, {"source": 62, "prod": 0, "target": 12, "value": 0.0013254197096875659, "supply": "[{\"l\":'Labor',\"v\":0.0013254197096875659}]"}, {"source": 62, "prod": 0, "target": 13, "value": 0.00035344525591668425, "supply": "[{\"l\":'Labor',\"v\":0.00035344525591668425}]"}, {"source": 62, "prod": 0, "target": 51, "value": 0.00053016788387502635, "supply": "[{\"l\":'Labor',\"v\":0.00053016788387502635}]"}, {"source": 62, "prod": 0, "target": 14, "value": 0.0076874343161878822, "supply": "[{\"l\":'Labor',\"v\":0.0076874343161878822}]"}, {"source": 62, "prod": 0, "target": 16, "value": 0.0049482335828335789, "supply": "[{\"l\":'Labor',\"v\":0.0049482335828335789}]"}, {"source": 62, "prod": 0, "target": 17, "value": 0.00061852919785419737, "supply": "[{\"l\":'Labor',\"v\":0.00061852919785419737}]"}, {"source": 62, "prod": 0, "target": 19, "value": 0.0027392007333543024, "supply": "[{\"l\":'Labor',\"v\":0.0027392007333543024}]"}, {"source": 62, "prod": 0, "target": 21, "value": 0.00044180656989585532, "supply": "[{\"l\":'Labor',\"v\":0.00044180656989585532}]"}, {"source": 62, "prod": 0, "target": 24, "value": 0.061852919785419735, "supply": "[{\"l\":'Labor',\"v\":0.061852919785419735}]"}, {"source": 62, "prod": 0, "target": 53, "value": 0.00035344525591668425, "supply": "[{\"l\":'Labor',\"v\":0.00035344525591668425}]"}, {"source": 62, "prod": 0, "target": 25, "value": 0.00026508394193751317, "supply": "[{\"l\":'Labor',\"v\":0.00026508394193751317}]"}, {"source": 62, "prod": 0, "target": 57, "value": 0.0068612616729675615, "supply": "[{\"l\":'Labor',\"v\":0.0068612616729675615}]"}, {"source": 62, "prod": 0, "target": 30, "value": 0.00017672262795834212, "supply": "[{\"l\":'Labor',\"v\":0.00017672262795834212}]"}, {"source": 62, "prod": 0, "target": 29, "value": 0.00097197445377088167, "supply": "[{\"l\":'Labor',\"v\":0.00097197445377088167}]"}, {"source": 62, "prod": 0, "target": 35, "value": 0.0058318467226252894, "supply": "[{\"l\":'Labor',\"v\":0.0058318467226252894}]"}, {"source": 62, "prod": 0, "target": 39, "value": 0.0021206715355001054, "supply": "[{\"l\":'Labor',\"v\":0.0021206715355001054}]"}, {"source": 62, "prod": 0, "target": 41, "value": 0.00053016788387502635, "supply": "[{\"l\":'Labor',\"v\":0.00053016788387502635}]"}, {"source": 62, "prod": 0, "target": 42, "value": 0.00044180656989585532, "supply": "[{\"l\":'Labor',\"v\":0.00044180656989585532}]"}, {"source": 62, "prod": 0, "target": 43, "value": 8.8361313979171062e-05, "supply": "[{\"l\":'Labor',\"v\":8.8361313979171062e-05}]"}, {"source": 62, "prod": 0, "target": 44, "value": 0.12193861329125606, "supply": "[{\"l\":'Labor',\"v\":0.12193861329125606}]"}, {"source": 59, "prod": 0, "target": 49, "value": 0.13521093006509941, "supply": "[{\"l\":'Fossil Fuels',\"v\":0.13521093006509941}]"}, {"source": 60, "prod": 0, "target": 49, "value": 0.19784902153970985, "supply": "[{\"l\":'Renewables & Nuclear',\"v\":0.0099131628180720716},{\"l\":'Biomass & Waste',\"v\":0.18793585872163779}]"}]}