{"nodes": [{"layer": 3, "name": "Spices"}, {"layer": 5, "name": "Production", "fill": "#b5cf6b"}, {"layer": 3, "name": "Treenuts"}, {"layer": 3, "name": "Vegetables"}, {"layer": 3, "name": "Sugar Crops", "fill": "#ffbb78"}, {"layer": 3, "name": "Others"}, {"layer": 3, "name": "Starchy Roots"}, {"layer": 3, "name": "Pulses"}, {"layer": 3, "name": "Fruits - Excluding Wine"}, {"layer": 3, "name": "Cereals - Excluding Beer"}, {"layer": 3, "name": "Stimulants"}, {"layer": 3, "name": "Oilcrops", "fill": "#ff9896"}, {"layer": 1, "name": "Electricity", "fill": "#bcbd22"}, {"layer": 0, "name": "Fossil Fuels", "fill": "#c49c94"}, {"layer": 0, "name": "Renewables & Nuclear", "fill": "#2ca02c"}, {"layer": 1, "name": "Fertilizers", "fill": "#c5b0d5"}, {"layer": 0, "name": "Labor", "fill": "#7f7f7f"}], "links": [{"source": 0, "prod": 33.0, "target": 1, "value": 0.1022509964976131, "supply": [{"l": "Pimento", "v": 0.042450166585500007}, {"l": "Pepper", "v": 0.0032006077981130959}, {"l": "Spices, Other", "v": 0.056600222114000003}]}, {"source": 2, "prod": 29.0, "target": 1, "value": 0.11451672846320932, "supply": [{"l": "Treenuts", "v": 0.11451672846320932}]}, {"source": 3, "prod": 2556.0, "target": 1, "value": 0.70658544442552074, "supply": [{"l": "Vegetables, Other", "v": 0.58344985482644618}, {"l": "Tomatoes", "v": 0.0424501665855}, {"l": "Onions", "v": 0.080685423013574481}]}, {"source": 4, "prod": 8677.0, "target": 1, "value": 3.8772641627619318, "supply": [{"l": "Sugar beet", "v": 0.02815116310406842}, {"l": "Sugar cane", "v": 3.8491129996578635}]}, {"source": 5, "prod": 30.0, "target": 1, "value": 0.11577318159681818, "supply": [{"l": "Nuts", "v": 0.11577318159681818}]}, {"source": 6, "prod": 10084.0, "target": 1, "value": 10.965702166456575, "supply": [{"l": "Yams", "v": 0.35588358836063017}, {"l": "Roots, Other", "v": 0.22528377880901312}, {"l": "Potatoes", "v": 1.3039374505670409}, {"l": "Sweet potatoes", "v": 2.0997688855661196}, {"l": "Cassava", "v": 6.9808284631537711}]}, {"source": 7, "prod": 1353.0, "target": 1, "value": 5.2465524432974213, "supply": [{"l": "Peas", "v": 0.32717689368336589}, {"l": "Beans", "v": 2.030196062255738}, {"l": "Pulses, Other", "v": 2.8891794873583181}]}, {"source": 8, "prod": 12694.0, "target": 1, "value": 11.79844678427142, "supply": [{"l": "Plantains", "v": 9.8215757927379101}, {"l": "Apples", "v": 0.041565788114968756}, {"l": "Grapes", "v": 0.32155488505344926}, {"l": "Dates", "v": 0.079240310959600005}, {"l": "Grapefruit", "v": 0.069733333199999997}, {"l": "Pineapples", "v": 0.044776203110732882}, {"l": "Lemons, Limes", "v": 0.031671002908445198}, {"l": "Bananas", "v": 0.65827237489876056}, {"l": "Citrus, Other", "v": 0.0075407149782012383}, {"l": "Fruits, Other", "v": 0.58155590147963809}, {"l": "Oranges, Mandarines", "v": 0.14096047682971377}]}, {"source": 9, "prod": 18796.0, "target": 1, "value": 66.090205780068786, "supply": [{"l": "Maize", "v": 27.635925538197718}, {"l": "Rye", "v": 0.0031213357783455888}, {"l": "Barley", "v": 1.7763644977982531}, {"l": "Cereals, Other", "v": 0.23326152143951515}, {"l": "Rice", "v": 9.7965676219994293}, {"l": "Wheat", "v": 10.042955438495781}, {"l": "Oats", "v": 0.053062708231874998}, {"l": "Sorghum", "v": 7.4033855885488311}, {"l": "Millet", "v": 9.1455615295790409}]}, {"source": 10, "prod": 301.0, "target": 1, "value": 0.14697211883791303, "supply": [{"l": "Cocoa Beans", "v": 0.0062122195003170731}, {"l": "Coffee", "v": 0.081662608600919492}, {"l": "Tea", "v": 0.059097290736676467}]}, {"source": 11, "prod": 2222.7142857142858, "target": 1, "value": 11.960206873554004, "supply": [{"l": "Olives", "v": 0.0052299026574939818}, {"l": "Sunflower seed", "v": 0.10188039980520001}, {"l": "Sesame seed", "v": 0.48852486791837707}, {"l": "Cottonseed", "v": 2.970584709456582}, {"l": "Groundnuts", "v": 5.8481161257081249}, {"l": "Oilcrops, Other", "v": 1.5069809137852501}, {"l": "Soyabeans", "v": 0.40490928127707693}, {"l": "Rape and Mustardseed", "v": 0.29810445147715703}, {"l": "Palm kernels", "v": 0.099368150492385676}, {"l": "Oil Palm", "v": 0.2365080709763572}]}, {"source": 12, "prod": 0, "target": 11, "value": 0.010590248113994304, "supply": "[{\"l\":'Energy for power irrigation',\"v\":0.010590248113994304}]"}, {"source": 12, "prod": 0, "target": 2, "value": 0.00020693236761390357, "supply": "[{\"l\":'Energy for power irrigation',\"v\":0.00020693236761390357}]"}, {"source": 12, "prod": 0, "target": 3, "value": 0.012223280886986786, "supply": "[{\"l\":'Energy for power irrigation',\"v\":0.012223280886986786}]"}, {"source": 12, "prod": 0, "target": 4, "value": 0.041274682473609985, "supply": "[{\"l\":'Energy for power irrigation',\"v\":0.041274682473609985}]"}, {"source": 12, "prod": 0, "target": 6, "value": 0.048065394077491538, "supply": "[{\"l\":'Energy for power irrigation',\"v\":0.048065394077491538}]"}, {"source": 12, "prod": 0, "target": 7, "value": 0.0064743667200579946, "supply": "[{\"l\":'Energy for power irrigation',\"v\":0.0064743667200579946}]"}, {"source": 12, "prod": 0, "target": 5, "value": 0.00021644649945822098, "supply": "[{\"l\":'Energy for power irrigation',\"v\":0.00021644649945822098}]"}, {"source": 12, "prod": 0, "target": 8, "value": 0.060497985865053304, "supply": "[{\"l\":'Energy for power irrigation',\"v\":0.060497985865053304}]"}, {"source": 12, "prod": 0, "target": 9, "value": 0.093561972557017356, "supply": "[{\"l\":'Energy for power irrigation',\"v\":0.093561972557017356}]"}, {"source": 12, "prod": 0, "target": 0, "value": 0.00017363290615879265, "supply": "[{\"l\":'Energy for power irrigation',\"v\":0.00017363290615879265}]"}, {"source": 12, "prod": 0, "target": 10, "value": 0.0015817244191177685, "supply": "[{\"l\":'Energy for power irrigation',\"v\":0.0015817244191177685}]"}, {"source": 13, "prod": 0, "target": 12, "value": 0.51446940083001247, "supply": [{"l": "Coal", "v": 0.2655215136735844}, {"l": "Natural gas", "v": 0.07860206231634477}, {"l": "Oil", "v": 0.17034582484008329}]}, {"source": 14, "prod": 0, "target": 12, "value": 0.073568996941765566, "supply": [{"l": "Nuclear", "v": 0.0082386397142678678}, {"l": "Hydroelectric", "v": 0.064523370176371983}, {"l": "Renewable", "v": 0.00080698705112570632}]}, {"source": 13, "prod": 0, "target": 11, "value": 0.25887023444656465, "supply": [{"l": "Motor Gasoline", "v": 0.004109011701868461}, {"l": "Gas-Diesel oil", "v": 0.0041418324239184618}, {"l": "Natural gas (including LNG)", "v": 0.16702180053661886}, {"l": "Fuel oil", "v": 0.049435142346875884}, {"l": "Liquefied petroleum gas (LPG)", "v": 0.0018561545307190137}, {"l": "Coal", "v": 0.032306292906563998}]}, {"source": 13, "prod": 0, "target": 2, "value": 0.0050582979682984542, "supply": [{"l": "Motor Gasoline", "v": 8.0289669407960137e-05}, {"l": "Gas-Diesel oil", "v": 8.0930982968086226e-05}, {"l": "Natural gas (including LNG)", "v": 0.0032635889410851512}, {"l": "Fuel oil", "v": 0.00096595763754122688}, {"l": "Liquefied petroleum gas (LPG)", "v": 3.6269070144957152e-05}, {"l": "Coal", "v": 0.00063126166715107249}]}, {"source": 13, "prod": 0, "target": 3, "value": 0.29878842826535346, "supply": [{"l": "Motor Gasoline", "v": 0.0047426277136495068}, {"l": "Gas-Diesel oil", "v": 0.0047805094422183345}, {"l": "Natural gas (including LNG)", "v": 0.19277682262340909}, {"l": "Fuel oil", "v": 0.057058118383038675}, {"l": "Liquefied petroleum gas (LPG)", "v": 0.0021423764537348827}, {"l": "Coal", "v": 0.037287973649303002}]}, {"source": 13, "prod": 0, "target": 4, "value": 1.0089269499296905, "supply": [{"l": "Motor Gasoline", "v": 0.01601455900271646}, {"l": "Gas-Diesel oil", "v": 0.016142475257990809}, {"l": "Natural gas (including LNG)", "v": 0.65095469993851296}, {"l": "Fuel oil", "v": 0.19266968832474607}, {"l": "Liquefied petroleum gas (LPG)", "v": 0.0072342203933958788}, {"l": "Coal", "v": 0.12591130701232828}]}, {"source": 13, "prod": 0, "target": 6, "value": 1.1749205211882203, "supply": [{"l": "Motor Gasoline", "v": 0.018649352176966189}, {"l": "Gas-Diesel oil", "v": 0.018798313837000997}, {"l": "Natural gas (including LNG)", "v": 0.7580529347292958}, {"l": "Fuel oil", "v": 0.2243686429819898}, {"l": "Liquefied petroleum gas (LPG)", "v": 0.008424429534359703}, {"l": "Coal", "v": 0.14662684792860775}]}, {"source": 13, "prod": 0, "target": 7, "value": 0.1582607709161884, "supply": [{"l": "Motor Gasoline", "v": 0.0025120514957295112}, {"l": "Gas-Diesel oil", "v": 0.0025321165015992036}, {"l": "Natural gas (including LNG)", "v": 0.10210907008774461}, {"l": "Fuel oil", "v": 0.030222260797554246}, {"l": "Liquefied petroleum gas (LPG)", "v": 0.0011347633210870502}, {"l": "Coal", "v": 0.019750508712473785}]}, {"source": 13, "prod": 0, "target": 5, "value": 0.005290863392128268, "supply": [{"l": "Motor Gasoline", "v": 8.3981148461199681e-05}, {"l": "Gas-Diesel oil", "v": 8.465194770225112e-05}, {"l": "Natural gas (including LNG)", "v": 0.00341363900734194}, {"l": "Fuel oil", "v": 0.0010103694829454212}, {"l": "Liquefied petroleum gas (LPG)", "v": 3.7936613599897716e-05}, {"l": "Coal", "v": 0.00066028519207755865}]}, {"source": 13, "prod": 0, "target": 8, "value": 1.4788253887778298, "supply": [{"l": "Motor Gasoline", "v": 0.023473192429786967}, {"l": "Gas-Diesel oil", "v": 0.023660684503370957}, {"l": "Natural gas (including LNG)", "v": 0.95413085881035431}, {"l": "Fuel oil", "v": 0.28240382196392078}, {"l": "Liquefied petroleum gas (LPG)", "v": 0.010603491944103278}, {"l": "Coal", "v": 0.18455333912629346}]}, {"source": 13, "prod": 0, "target": 9, "value": 2.2870483779423907, "supply": [{"l": "Motor Gasoline", "v": 0.0363020050095577}, {"l": "Gas-Diesel oil", "v": 0.036591967195777467}, {"l": "Natural gas (including LNG)", "v": 1.4755923515692586}, {"l": "Fuel oil", "v": 0.43674608770484713}, {"l": "Liquefied petroleum gas (LPG)", "v": 0.016398622335885456}, {"l": "Coal", "v": 0.28541734412706421}]}, {"source": 13, "prod": 0, "target": 0, "value": 0.004244318984894105, "supply": [{"l": "Motor Gasoline", "v": 6.7369492721621721e-05}, {"l": "Gas-Diesel oil", "v": 6.7907606398509137e-05}, {"l": "Natural gas (including LNG)", "v": 0.0027384137091863913}, {"l": "Fuel oil", "v": 0.00081051617862654666}, {"l": "Liquefied petroleum gas (LPG)", "v": 3.0432668052665198e-05}, {"l": "Coal", "v": 0.00052967932990837115}]}, {"source": 13, "prod": 0, "target": 10, "value": 0.038664001711706572, "supply": [{"l": "Motor Gasoline", "v": 0.00061370839260107462}, {"l": "Gas-Diesel oil", "v": 0.00061861038705491201}, {"l": "Natural gas (including LNG)", "v": 0.024945823515191097}, {"l": "Fuel oil", "v": 0.0073834692984473087}, {"l": "Liquefied petroleum gas (LPG)", "v": 0.00027722909938386787}, {"l": "Coal", "v": 0.0048251610190283125}]}, {"source": 15, "prod": 40.459319832371143, "target": 11, "value": 0.46664934131835373, "supply": [{"l": "Potash", "v": 0.44627050035701638}, {"l": "Phosphate", "v": 1.311889001049511}, {"l": "Nitrogen", "v": 10.353582137912495}]}, {"source": 15, "prod": 0.79057098141990023, "target": 2, "value": 0.0091182805166643392, "supply": [{"l": "Potash", "v": 0.44627050035701638}, {"l": "Phosphate", "v": 1.311889001049511}, {"l": "Nitrogen", "v": 10.353582137912495}]}, {"source": 15, "prod": 46.69821004042376, "target": 3, "value": 0.53860739741537977, "supply": [{"l": "Potash", "v": 0.44627050035701638}, {"l": "Phosphate", "v": 1.311889001049511}, {"l": "Nitrogen", "v": 10.353582137912495}]}, {"source": 15, "prod": 157.6871062135578, "target": 4, "value": 1.8187301356974286, "supply": [{"l": "Potash", "v": 0.44627050035701638}, {"l": "Phosphate", "v": 1.311889001049511}, {"l": "Nitrogen", "v": 10.353582137912495}]}, {"source": 15, "prod": 183.63055623601548, "target": 6, "value": 2.1179564675948619, "supply": [{"l": "Potash", "v": 0.44627050035701638}, {"l": "Phosphate", "v": 1.311889001049511}, {"l": "Nitrogen", "v": 10.353582137912495}]}, {"source": 15, "prod": 24.734875993390443, "target": 7, "value": 0.28528689156736015, "supply": [{"l": "Potash", "v": 0.44627050035701638}, {"l": "Phosphate", "v": 1.311889001049511}, {"l": "Nitrogen", "v": 10.353582137912495}]}, {"source": 15, "prod": 0.8269190725196659, "target": 5, "value": 0.0095375118047868381, "supply": [{"l": "Potash", "v": 0.44627050035701638}, {"l": "Phosphate", "v": 1.311889001049511}, {"l": "Nitrogen", "v": 10.353582137912495}]}, {"source": 15, "prod": 231.12842428063408, "target": 8, "value": 2.6657869533489369, "supply": [{"l": "Potash", "v": 0.44627050035701638}, {"l": "Phosphate", "v": 1.311889001049511}, {"l": "Nitrogen", "v": 10.353582137912495}]}, {"source": 15, "prod": 357.44712787509422, "target": 9, "value": 4.1227204873966494, "supply": [{"l": "Potash", "v": 0.44627050035701638}, {"l": "Phosphate", "v": 1.311889001049511}, {"l": "Nitrogen", "v": 10.353582137912495}]}, {"source": 15, "prod": 0.6633526625707209, "target": 0, "value": 0.0076509710082355957, "supply": [{"l": "Potash", "v": 0.44627050035701638}, {"l": "Phosphate", "v": 1.311889001049511}, {"l": "Nitrogen", "v": 10.353582137912495}]}, {"source": 15, "prod": 6.0428701453360194, "target": 10, "value": 0.069697201650365359, "supply": [{"l": "Potash", "v": 0.44627050035701638}, {"l": "Phosphate", "v": 1.311889001049511}, {"l": "Nitrogen", "v": 10.353582137912495}]}, {"source": 13, "prod": 0, "target": 15, "value": 14.674310547065879, "supply": [{"l": "Natural gas (including LNG)", "v": 9.9037045219449364}, {"l": "Fuel oil", "v": 2.9403910266911391}, {"l": "Liquefied petroleum gas (LPG)", "v": 0.91510749921490153}, {"l": "Coal", "v": 0.91510749921490153}]}, {"source": 16, "prod": 0, "target": 11, "value": 0.63969027722595462, "supply": "[{\"l\":'Labor',\"v\":0.63969027722595462}]"}, {"source": 16, "prod": 0, "target": 2, "value": 0.012499482748760112, "supply": "[{\"l\":'Labor',\"v\":0.012499482748760112}]"}, {"source": 16, "prod": 0, "target": 3, "value": 0.73833151546986453, "supply": "[{\"l\":'Labor',\"v\":0.73833151546986453}]"}, {"source": 16, "prod": 0, "target": 4, "value": 2.4931439556233816, "supply": "[{\"l\":'Labor',\"v\":2.4931439556233816}]"}, {"source": 16, "prod": 0, "target": 6, "value": 2.9033281308844181, "supply": "[{\"l\":'Labor',\"v\":2.9033281308844181}]"}, {"source": 16, "prod": 0, "target": 7, "value": 0.39107577059913823, "supply": "[{\"l\":'Labor',\"v\":0.39107577059913823}]"}, {"source": 16, "prod": 0, "target": 5, "value": 0.013074171610772073, "supply": "[{\"l\":'Labor',\"v\":0.013074171610772073}]"}, {"source": 16, "prod": 0, "target": 8, "value": 3.6543028013185457, "supply": "[{\"l\":'Labor',\"v\":3.6543028013185457}]"}, {"source": 16, "prod": 0, "target": 9, "value": 5.6514902690256061, "supply": "[{\"l\":'Labor',\"v\":5.6514902690256061}]"}, {"source": 16, "prod": 0, "target": 0, "value": 0.010488071731718255, "supply": "[{\"l\":'Labor',\"v\":0.010488071731718255}]"}, {"source": 16, "prod": 0, "target": 10, "value": 0.095542023309488217, "supply": "[{\"l\":'Labor',\"v\":0.095542023309488217}]"}]}