{"nodes": [{"layer": 13, "name": "Other Processed", "fill": "#9c9ede"}, {"layer": 10, "name": "Feed", "fill": "#dbdb8d"}, {"layer": 13, "name": "Animal Products", "fill": "#17becf"}, {"layer": 5, "name": "Cereals", "fill": "#e7ba52"}, {"layer": 5, "name": "Oilcrops", "fill": "#ff9896"}, {"layer": 5, "name": "Fruits, Roots & Vegetables", "fill": "#98df8a"}, {"layer": 5, "name": "Sugar Crops", "fill": "#ffbb78"}, {"layer": 13, "name": "Aquatic Products", "fill": "#1f77b4"}, {"layer": 16, "name": "Food", "fill": "#b5cf6b"}, {"layer": 13, "name": "Sugar", "fill": "#d6616b"}, {"layer": 13, "name": "Vegetable Oils", "fill": "#f7b6d2"}, {"layer": 10, "name": "Processing", "fill": "#9edae5"}, {"layer": 16, "name": "Biofuels & Other", "fill": "#e7ba52"}, {"name": "Waste", "fill": "#c7c7c7"}, {"layer": 2, "name": "Import", "fill": "#aec7e8"}, {"layer": 16, "name": "Export", "fill": "#aec7e8"}, {"layer": 0, "name": "Stock Draw", "fill": "#c7c7c7"}, {"layer": 16, "name": "Stock Deposit", "fill": "#c7c7c7"}, {"name": "Crop Residue", "fill": "#bd9e39"}, {"layer": 2, "name": "Electricity", "fill": "#bcbd22"}, {"layer": 0, "name": "Fossil Fuels", "fill": "#c49c94"}, {"layer": 0, "name": "Renewables & Nuclear", "fill": "#2ca02c"}, {"layer": 2, "name": "Fertilizers", "fill": "#c5b0d5"}, {"layer": 0, "name": "Labor", "fill": "#7f7f7f"}], "links": [{"source": 0, "prod": 3.0, "target": 1, "value": 0.027139193188562699, "supply": [{"l": "Fish, Body Oil", "v": 0.027139193188562699}]}, {"source": 2, "prod": 274.0, "target": 1, "value": 0.20837915649624919, "supply": [{"l": "Milk - Excluding Butter", "v": 0.20837915649624919}]}, {"source": 3, "prod": 1987.0, "target": 1, "value": 7.0353092822958914, "supply": [{"l": "Maize", "v": 4.1739197612945107}, {"l": "Oats", "v": 0.076940926936218762}, {"l": "Barley", "v": 0.57667596544869548}, {"l": "Rice", "v": 0.5768591049242956}, {"l": "Sorghum", "v": 0.42997386346206512}, {"l": "Cereals, Other", "v": 0.047756437408687499}, {"l": "Wheat", "v": 0.35361686815737292}, {"l": "Millet", "v": 0.79956635466404391}]}, {"source": 4, "prod": 16.0, "target": 1, "value": 0.078146897577852273, "supply": [{"l": "Soyabeans", "v": 0.02122508329275}, {"l": "Cottonseed", "v": 0.053062708231874998}, {"l": "Oilcrops, Other", "v": 0.003859106053227273}]}, {"source": 5, "prod": 4067.0, "target": 1, "value": 4.4306724795022312, "supply": [{"l": "Potatoes", "v": 0.042194271408494306}, {"l": "Yams", "v": 0.0072512740074875447}, {"l": "Bananas", "v": 0.031479898816213485}, {"l": "Vegetables, Other", "v": 0.0013746815604112697}, {"l": "Sweet potatoes", "v": 0.012170212368133744}, {"l": "Plantains", "v": 2.3183046522630435}, {"l": "Cassava", "v": 1.9365772904387542}, {"l": "Pulses, Other", "v": 0.081320198639692781}]}, {"source": 6, "prod": 349.0, "target": 1, "value": 0.14109626798418573, "supply": [{"l": "Sugar cane", "v": 0.14109626798418573}]}, {"source": 7, "prod": 92.0, "target": 1, "value": 0.085702473184952707, "supply": [{"l": "Fish, Seafood", "v": 0.035793012151521392}, {"l": "Pelagic Fish", "v": 0.049909461033431315}]}, {"source": 0, "prod": 5610.0, "target": 8, "value": 3.8273194463097209, "supply": [{"l": "Beer", "v": 0.15730851922692096}, {"l": "Beverages, Alcoholic", "v": 0.23794435480819739}, {"l": "Fats, Animals, Raw", "v": 0.86065631861582348}, {"l": "Butter, Ghee", "v": 0.31279070115631585}, {"l": "Wine", "v": 0.01315776551948878}, {"l": "Beverages, Fermented", "v": 2.2454617869829745}]}, {"source": 2, "prod": 5151.0, "target": 8, "value": 6.024624738438761, "supply": [{"l": "Mutton & Goat Meat", "v": 0.8654499931096179}, {"l": "Pigmeat", "v": 0.39295086636577709}, {"l": "Meat, Other", "v": 0.23650807097635718}, {"l": "Poultry Meat", "v": 0.19810077739900003}, {"l": "Milk - Excluding Butter", "v": 2.5994159011101452}, {"l": "Offals, Edible", "v": 0.23687192954709002}, {"l": "Bovine Meat", "v": 1.3382615835644236}, {"l": "Eggs", "v": 0.15706561636635002}]}, {"source": 3, "prod": 14064.0, "target": 8, "value": 49.209585448390612, "supply": [{"l": "Maize", "v": 15.324657374015267}, {"l": "Barley", "v": 1.0235043625182145}, {"l": "Cereals, Other", "v": 0.35476210646453571}, {"l": "Rice", "v": 8.5076633026946826}, {"l": "Wheat", "v": 11.933743092675455}, {"l": "Oats", "v": 0.010612541646375}, {"l": "Sorghum", "v": 4.8842343552643959}, {"l": "Millet", "v": 7.170408313111686}]}, {"source": 4, "prod": 436.0, "target": 8, "value": 2.6585854939808984, "supply": [{"l": "Sunflower seed", "v": 0.0424501665855}, {"l": "Sesame seed", "v": 0.39081105745380951}, {"l": "Groundnuts", "v": 2.0887119156573433}, {"l": "Oilcrops, Other", "v": 0.077182121064545459}, {"l": "Soyabeans", "v": 0.038205149926950004}, {"l": "Rape and Mustardseed", "v": 0.010612541646375}, {"l": "Palm kernels", "v": 0.010612541646375}]}, {"source": 5, "prod": 15834.0, "target": 8, "value": 16.949091506645608, "supply": [{"l": "Vegetables, Other", "v": 0.59083813466476354}, {"l": "Plantains", "v": 2.3235073108183917}, {"l": "Nuts", "v": 0.15737622734136583}, {"l": "Yams", "v": 0.31543041932570826}, {"l": "Cocoa Beans", "v": 0.0091784143968648649}, {"l": "Tomatoes", "v": 0.039203977376020591}, {"l": "Coffee", "v": 0.0074473976465789481}, {"l": "Treenuts", "v": 0.15706561636635002}, {"l": "Apples", "v": 0.039740581484297877}, {"l": "Roots, Other", "v": 0.19687033778782609}, {"l": "Peas", "v": 0.31618055111958621}, {"l": "Infant food", "v": 0.0046488888800000003}, {"l": "Grapes", "v": 0.1574193677545625}, {"l": "Dates", "v": 0.079906195925647072}, {"l": "Potatoes", "v": 1.1034200032485493}, {"l": "Pimento", "v": 0.040091823997416676}, {"l": "Pepper", "v": 0.003676239916718138}, {"l": "Grapefruit", "v": 0.021006268001072172}, {"l": "Pineapples", "v": 0.039797031173906254}, {"l": "Beans", "v": 1.6147353434136809}, {"l": "Pulses, Other", "v": 2.0872184317521145}, {"l": "Lemons, Limes", "v": 0.032796529685262817}, {"l": "Bananas", "v": 0.59096355504982578}, {"l": "Citrus, Other", "v": 0.0079991535817714194}, {"l": "Spices, Other", "v": 0.079906195925647072}, {"l": "Tea", "v": 0.039246380428103772}, {"l": "Fruits, Other", "v": 0.5511087301196349}, {"l": "Sweet potatoes", "v": 2.2448509904493967}, {"l": "Oranges, Mandarines", "v": 0.11807567344370168}, {"l": "Onions", "v": 0.078875148236283887}, {"l": "Cassava", "v": 3.9005105873345589}]}, {"source": 6, "prod": 98.0, "target": 8, "value": 0.039620155479800002, "supply": [{"l": "Sugar cane", "v": 0.039620155479800002}]}, {"source": 9, "prod": 684.0, "target": 8, "value": 2.8498841159222263, "supply": [{"l": "Sugar", "v": 2.7557035515279891}, {"l": "Sugar non-centrifugal", "v": 0.035375138821250006}, {"l": "Sweeteners, Other", "v": 0.020214365040714288}, {"l": "Honey", "v": 0.038591060532272729}]}, {"source": 7, "prod": 910.0, "target": 8, "value": 0.69462726066609048, "supply": [{"l": "Freshwater Fish", "v": 0.31460902681548053}, {"l": "Crustaceans", "v": 0.00077810895981568235}, {"l": "Marine Fish, Other", "v": 0.01326567705796875}, {"l": "Fish, Seafood", "v": 0.35403957671613545}, {"l": "Pelagic Fish", "v": 0.011934871116690095}]}, {"source": 10, "prod": 259.0, "target": 8, "value": 2.6528336146700724, "supply": [{"l": "Ricebran Oil", "v": 0.035375138821250006}, {"l": "Maize Germ Oil", "v": 0.072771714146571437}, {"l": "Groundnut Oil", "v": 0.94748771818836008}, {"l": "Soyabean Oil", "v": 0.18990863998776319}, {"l": "Palm Oil", "v": 0.075466962818666675}, {"l": "Sunflowerseed Oil", "v": 0.116737958110125}, {"l": "Coconut Oil", "v": 0.02122508329275}, {"l": "Rape and Mustard Oil", "v": 0.244088457866625}, {"l": "Oilcrops Oil, Other", "v": 0.31049264702537149}, {"l": "Sesameseed Oil", "v": 0.0424501665855}, {"l": "Cottonseed Oil", "v": 0.58621658618071426}, {"l": "Palmkernel Oil", "v": 0.010612541646375}]}, {"source": 2, "prod": 14.0, "target": 11, "value": 0.011987483922367001, "supply": [{"l": "Milk - Excluding Butter", "v": 0.0098866023155154727}, {"l": "Bovine Meat", "v": 0.0021008816068515284}]}, {"source": 3, "prod": 830.0, "target": 11, "value": 2.8328679157612857, "supply": [{"l": "Maize", "v": 0.3293315763628602}, {"l": "Barley", "v": 0.22532372159915914}, {"l": "Rice", "v": 0.10084949386788385}, {"l": "Sorghum", "v": 1.7366913078897475}, {"l": "Wheat", "v": 0.026438644348214798}, {"l": "Millet", "v": 0.41423317169342033}]}, {"source": 4, "prod": 1164.7777777777778, "target": 11, "value": 5.9709599364214814, "supply": [{"l": "Olives", "v": 0.0053062708231875}, {"l": "Soyabeans", "v": 0.30564119941560003}, {"l": "Oilcrops, Other", "v": 0.86058064986968186}, {"l": "Sunflower seed", "v": 0.12735049975650001}, {"l": "Sesame seed", "v": 0.047166851761666663}, {"l": "Cottonseed", "v": 2.3029215372633751}, {"l": "Rape and Mustardseed", "v": 0.31306997856806251}, {"l": "Groundnuts", "v": 1.6734487158085536}, {"l": "Palm kernels", "v": 0.090206603994187506}, {"l": "Oil Palm", "v": 0.24526762916066666}]}, {"source": 5, "prod": 2476.0, "target": 11, "value": 2.5744826777218419, "supply": [{"l": "Plantains", "v": 2.563870136075467}, {"l": "Grapes", "v": 0.010612541646375}]}, {"source": 6, "prod": 8884.0, "target": 11, "value": 3.5916883804341144, "supply": [{"l": "Sugar beet", "v": 0.027087249154557139}, {"l": "Sugar cane", "v": 3.5646011312795571}]}, {"source": 9, "prod": 5.0, "target": 11, "value": 0.032450267008096369, "supply": [{"l": "Sugar", "v": 0.0041501559510963692}, {"l": "Sugar non-centrifugal", "v": 0.028300111057000001}]}, {"source": 0, "prod": 37.0, "target": 12, "value": 0.21406577053797299, "supply": [{"l": "Alcohol, Non-Food", "v": 0.0032387048076130786}, {"l": "Fats, Animals, Raw", "v": 0.17396244737979413}, {"l": "Beverages, Alcoholic", "v": 0.036864618350565787}]}, {"source": 2, "prod": 69.0, "target": 12, "value": 0.071968933890622283, "supply": [{"l": "Milk - Excluding Butter", "v": 0.023575743983152285}, {"l": "Offals, Edible", "v": 0.048393189907470005}]}, {"source": 3, "prod": 32.0, "target": 12, "value": 0.11455011351751659, "supply": [{"l": "Maize", "v": 0.11455011351751659}]}, {"source": 4, "prod": 111.0, "target": 12, "value": 0.5195321524157217, "supply": [{"l": "Cottonseed", "v": 0.33429506186081254}, {"l": "Oilcrops, Other", "v": 0.18523709055490911}]}, {"source": 5, "prod": 365.0, "target": 12, "value": 0.55082957780074848, "supply": [{"l": "Sweet potatoes", "v": 0.33191488276728393}, {"l": "Pulses, Other", "v": 0.20523669180493895}, {"l": "Cassava", "v": 0.01367800322852563}]}, {"source": 6, "prod": 83.0, "target": 12, "value": 0.033555845967585721, "supply": [{"l": "Sugar cane", "v": 0.033555845967585721}]}, {"source": 9, "prod": 23.0, "target": 12, "value": 0.09545358687521649, "supply": [{"l": "Sugar", "v": 0.09545358687521649}]}, {"source": 7, "prod": 112.0, "target": 12, "value": 0.084737899650769111, "supply": [{"l": "Freshwater Fish", "v": 0.041163797901090905}, {"l": "Fish, Seafood", "v": 0.043574101749678212}]}, {"source": 10, "prod": 58.0, "target": 12, "value": 0.57301979755097654, "supply": [{"l": "Soyabean Oil", "v": 0.055855482349342109}, {"l": "Palm Oil", "v": 0.056600222114000003}, {"l": "Groundnut Oil", "v": 0.010188039980520001}, {"l": "Cottonseed Oil", "v": 0.10107182520357143}, {"l": "Oilcrops Oil, Other", "v": 0.34930422790354293}]}, {"source": 5, "prod": 431.0, "target": 5, "value": 0.75257470728713605, "supply": [{"l": "Potatoes", "v": 0.21574806701324445}, {"l": "Yams", "v": 0.016919639350804271}, {"l": "Beans", "v": 0.18465343343173479}, {"l": "Roots, Other", "v": 0.015380495139673912}, {"l": "Peas", "v": 0.015613854376275861}, {"l": "Sweet potatoes", "v": 0.0022127658851152261}, {"l": "Pulses, Other", "v": 0.30204645209028746}]}, {"source": 6, "prod": 32.0, "target": 6, "value": 0.012937193626057143, "supply": [{"l": "Sugar cane", "v": 0.012937193626057143}]}, {"source": 2, "prod": 11.0, "target": 2, "value": 0.015565061081349999, "supply": [{"l": "Eggs", "v": 0.015565061081349999}]}, {"source": 3, "prod": 789.0, "target": 3, "value": 2.7516596728543643, "supply": [{"l": "Maize", "v": 0.60496778701438447}, {"l": "Oats", "v": 0.0424501665855}, {"l": "Barley", "v": 0.16421898353837025}, {"l": "Rice", "v": 0.49617950982998854}, {"l": "Sorghum", "v": 0.27545200628038546}, {"l": "Cereals, Other", "v": 0.0068223482012410722}, {"l": "Wheat", "v": 0.87578009403461521}, {"l": "Millet", "v": 0.28578877736987912}]}, {"source": 4, "prod": 167.0, "target": 4, "value": 0.94961573952628264, "supply": [{"l": "Soyabeans", "v": 0.0424501665855}, {"l": "Sunflower seed", "v": 0.0053062708231875}, {"l": "Sesame seed", "v": 0.020214365040714288}, {"l": "Cottonseed", "v": 0.30776370774487505}, {"l": "Rape and Mustardseed", "v": 0.0053062708231875}, {"l": "Groundnuts", "v": 0.54542032218945458}, {"l": "Oilcrops, Other", "v": 0.023154636319363639}]}, {"source": 0, "prod": 297.0, "target": 13, "value": 0.13198142702037274, "supply": [{"l": "Beverages, Fermented", "v": 0.13198142702037274}]}, {"source": 2, "prod": 165.0, "target": 13, "value": 0.13333777080911285, "supply": [{"l": "Eggs", "v": 0.0169800666342}, {"l": "Milk - Excluding Butter", "v": 0.11635770417491287}]}, {"source": 3, "prod": 1919.0, "target": 13, "value": 6.7035751951935429, "supply": [{"l": "Maize", "v": 2.2265678314967285}, {"l": "Barley", "v": 0.16803802966716955}, {"l": "Rice", "v": 1.0649706552448535}, {"l": "Cereals, Other", "v": 0.027289392804964289}, {"l": "Wheat", "v": 1.0905940793638604}, {"l": "Sorghum", "v": 0.80956016479966963}, {"l": "Millet", "v": 1.316555041816297}]}, {"source": 4, "prod": 92.0, "target": 13, "value": 0.50545170558226538, "supply": [{"l": "Sunflower seed", "v": 0.0053062708231875}, {"l": "Sesame seed", "v": 0.033690608401190474}, {"l": "Cottonseed", "v": 0.0053062708231875}, {"l": "Groundnuts", "v": 0.32849178495501241}, {"l": "Oilcrops, Other", "v": 0.0424501665855}, {"l": "Soyabeans", "v": 0.084900333171}, {"l": "Rape and Mustardseed", "v": 0.0053062708231875}]}, {"source": 5, "prod": 6177.0, "target": 13, "value": 6.4949266812919477, "supply": [{"l": "Roots, Other", "v": 0.02665952490876812}, {"l": "Plantains", "v": 4.0195739998618212}, {"l": "Nuts", "v": 0.0041414796668780484}, {"l": "Yams", "v": 0.035047824369523133}, {"l": "Citrus, Other", "v": 0.00079991535817714192}, {"l": "Grapefruit", "v": 0.0035010446668453615}, {"l": "Tomatoes", "v": 0.005992964694423529}, {"l": "Coffee", "v": 0.00037236988232894742}, {"l": "Treenuts", "v": 0.0084900333171}, {"l": "Vegetables, Other", "v": 0.061585733906424869}, {"l": "Peas", "v": 0.019517317970344828}, {"l": "Grapes", "v": 0.020340704822218753}, {"l": "Dates", "v": 0.0074912058680294122}, {"l": "Potatoes", "v": 0.1433012991231882}, {"l": "Pimento", "v": 0.0023583425880833336}, {"l": "Beans", "v": 0.14536546887179122}, {"l": "Apples", "v": 0.0036127801349361706}, {"l": "Lemons, Limes", "v": 0.0039995767908857097}, {"l": "Pineapples", "v": 0.00371438957623125}, {"l": "Bananas", "v": 0.12091142954409272}, {"l": "Spices, Other", "v": 0.004994137245352942}, {"l": "Tea", "v": 0.00080094653934905671}, {"l": "Fruits, Other", "v": 0.052040484430560426}, {"l": "Sweet potatoes", "v": 0.3684255198716852}, {"l": "Oranges, Mandarines", "v": 0.014268963558151262}, {"l": "Pulses, Other", "v": 0.26332254797614807}, {"l": "Onions", "v": 0.0087639053595870969}, {"l": "Cassava", "v": 1.1455327703890215}]}, {"source": 6, "prod": 203.0, "target": 13, "value": 0.082070322065300003, "supply": [{"l": "Sugar cane", "v": 0.082070322065300003}]}, {"source": 14, "prod": 352.0, "target": 11, "value": 1.9377061374309812, "supply": [{"l": "Sugar", "v": 0.85908228187694846}, {"l": "Beer", "v": 0.0083280980767193469}, {"l": "Groundnut Oil", "v": 0.020376079961040003}, {"l": "Beverages, Alcoholic", "v": 0.026810631527684214}, {"l": "Fats, Animals, Raw", "v": 0.34792489475958827}, {"l": "Soyabean Oil", "v": 0.12288206116855264}, {"l": "Butter, Ghee", "v": 0.035747508703578956}, {"l": "Palm Oil", "v": 0.066033592466333349}, {"l": "Sunflowerseed Oil", "v": 0.053062708231874998}, {"l": "Coconut Oil", "v": 0.02122508329275}, {"l": "Rape and Mustard Oil", "v": 0.010612541646375}, {"l": "Oilcrops Oil, Other", "v": 0.29108685658628575}, {"l": "Wine", "v": 0.0069658758632587655}, {"l": "Sweeteners, Other", "v": 0.020214365040714288}, {"l": "Fish, Body Oil", "v": 0.027139193188562699}, {"l": "Cottonseed Oil", "v": 0.020214365040714288}]}, {"source": 14, "prod": 1566.0, "target": 3, "value": 5.3744843515482845, "supply": [{"l": "Maize", "v": 0.8125898677648834}, {"l": "Barley", "v": 0.21386658321276122}, {"l": "Rice", "v": 0.60509696320730311}, {"l": "Cereals, Other", "v": 0.18420340143350891}, {"l": "Wheat", "v": 2.2109316336194622}, {"l": "Sorghum", "v": 0.70878504055074798}, {"l": "Millet", "v": 0.6390108617596173}]}, {"source": 14, "prod": 8.0, "target": 4, "value": 0.047244813500115702, "supply": [{"l": "Groundnuts", "v": 0.043385707446888432}, {"l": "Oilcrops, Other", "v": 0.003859106053227273}]}, {"source": 14, "prod": 200.0, "target": 5, "value": 0.35930328155310759, "supply": [{"l": "Roots, Other", "v": 0.0041014653705797105}, {"l": "Nuts", "v": 0.11181995100570731}, {"l": "Tomatoes", "v": 0.00049941372453529416}, {"l": "Coffee", "v": 0.0052131783526052633}, {"l": "Treenuts", "v": 0.1188604664394}, {"l": "Vegetables, Other", "v": 0.0038491083691515543}, {"l": "Peas", "v": 0.0039034635940689653}, {"l": "Dates", "v": 0.012485343113382357}, {"l": "Cocoa Beans", "v": 0.0022946035992162162}, {"l": "Potatoes", "v": 0.0055728282992350961}, {"l": "Beans", "v": 0.0039287964559943569}, {"l": "Apples", "v": 0.0036127801349361706}, {"l": "Bananas", "v": 0.0014309044916460676}, {"l": "Spices, Other", "v": 0.009988274490705884}, {"l": "Tea", "v": 0.021625556562424531}, {"l": "Fruits, Other", "v": 0.023418217993752193}, {"l": "Infant food", "v": 0.0046488888800000003}, {"l": "Oranges, Mandarines", "v": 0.0021403445337226895}, {"l": "Onions", "v": 0.00054774408497419355}, {"l": "Pulses, Other", "v": 0.019361952057069708}]}, {"source": 14, "prod": 554.0, "target": 1, "value": 0.45972207694590245, "supply": [{"l": "Freshwater Fish", "v": 0.0014701356393246752}, {"l": "Pigmeat", "v": 0.0028682544990202702}, {"l": "Meat, Other", "v": 0.0025989897909489794}, {"l": "Crustaceans", "v": 0.00077810895981568235}, {"l": "Eggs", "v": 0.0014150055528499999}, {"l": "Marine Fish, Other", "v": 0.01326567705796875}, {"l": "Mutton & Goat Meat", "v": 0.0024447739918350784}, {"l": "Milk - Excluding Butter", "v": 0.29659806946546419}, {"l": "Fish, Seafood", "v": 0.058358171986176183}, {"l": "Pelagic Fish", "v": 0.06184433215012141}, {"l": "Offals, Edible", "v": 0.0012735049975650002}, {"l": "Bovine Meat", "v": 0.016807052854812227}]}, {"source": 0, "prod": 8.0, "target": 15, "value": 0.046729525547350548, "supply": [{"l": "Beer", "v": 0.0013880163461198912}, {"l": "Fats, Animals, Raw", "v": 0.027467754849441178}, {"l": "Butter, Ghee", "v": 0.017873754351789478}]}, {"source": 2, "prod": 169.0, "target": 15, "value": 0.35247172537649746, "supply": [{"l": "Meat, Other", "v": 0.011695454059270409}, {"l": "Mutton & Goat Meat", "v": 0.066008897779547132}, {"l": "Milk - Excluding Butter", "v": 0.00076050787042426706}, {"l": "Bovine Meat", "v": 0.26891284567699564}, {"l": "Offals, Edible", "v": 0.0050940199902600007}]}, {"source": 3, "prod": 649.0, "target": 15, "value": 2.3351022806026394, "supply": [{"l": "Maize", "v": 1.8292221252328431}, {"l": "Rice", "v": 0.30254848160365155}, {"l": "Cereals, Other", "v": 0.0068223482012410722}, {"l": "Wheat", "v": 0.0066096610870536995}, {"l": "Sorghum", "v": 0.010077512424892153}, {"l": "Millet", "v": 0.17982215205295762}]}, {"source": 4, "prod": 271.0, "target": 15, "value": 1.3483063620416582, "supply": [{"l": "Sunflower seed", "v": 0.026531354115937499}, {"l": "Sesame seed", "v": 0.094333703523333326}, {"l": "Cottonseed", "v": 0.27592608280574998}, {"l": "Oilcrops, Other", "v": 0.14664603002263638}, {"l": "Soyabeans", "v": 0.43299169917210001}, {"l": "Groundnuts", "v": 0.37187749240190088}]}, {"source": 5, "prod": 781.0, "target": 15, "value": 0.6485632001067253, "supply": [{"l": "Fruits, Other", "v": 0.015091740484862524}, {"l": "Tomatoes", "v": 0.00099882744907058832}, {"l": "Coffee", "v": 0.092720100699907923}, {"l": "Treenuts", "v": 0.076410299853900007}, {"l": "Vegetables, Other", "v": 0.013196942979948185}, {"l": "Grapes", "v": 0.19898515586953128}, {"l": "Pimento", "v": 0.0047166851761666672}, {"l": "Cocoa Beans", "v": 0.0022946035992162162}, {"l": "Nuts", "v": 0.074546634003804874}, {"l": "Beans", "v": 0.015715185823977428}, {"l": "Pulses, Other", "v": 0.038723904114139417}, {"l": "Pineapples", "v": 0.00424501665855}, {"l": "Bananas", "v": 0.0014309044916460676}, {"l": "Spices, Other", "v": 0.004994137245352942}, {"l": "Sweet potatoes", "v": 0.0011063829425576131}, {"l": "Grapefruit", "v": 0.010503134000536086}, {"l": "Oranges, Mandarines", "v": 0.019263100803504206}, {"l": "Tea", "v": 0.039246380428103772}, {"l": "Cassava", "v": 0.026216172854674126}, {"l": "Onions", "v": 0.0027387204248709679}, {"l": "Apples", "v": 0.0054191702024042557}]}, {"source": 6, "prod": 83.0, "target": 15, "value": 0.033555845967585721, "supply": [{"l": "Sugar cane", "v": 0.033555845967585721}]}, {"source": 9, "prod": 430.0, "target": 15, "value": 1.7845670589714389, "supply": [{"l": "Sugar", "v": 1.7845670589714389}]}, {"source": 7, "prod": 34.0, "target": 15, "value": 0.02572400525112634, "supply": [{"l": "Freshwater Fish", "v": 0.012496152934259741}, {"l": "Fish, Seafood", "v": 0.013227852316866599}]}, {"source": 10, "prod": 39.0, "target": 15, "value": 0.3884317912247191, "supply": [{"l": "Groundnut Oil", "v": 0.071316279863640003}, {"l": "Soyabean Oil", "v": 0.011171096469868422}, {"l": "Palm Oil", "v": 0.056600222114000003}, {"l": "Oilcrops Oil, Other", "v": 0.16494921873222856}, {"l": "Cottonseed Oil", "v": 0.010107182520357144}, {"l": "Palmkernel Oil", "v": 0.074287791524625002}]}, {"source": 16, "prod": 28.0, "target": 5, "value": 0.093242084618660653, "supply": [{"l": "Potatoes", "v": 0.00238835498538647}, {"l": "Beans", "v": 0.051074353927926641}, {"l": "Coffee", "v": 0.00074473976465789485}, {"l": "Peas", "v": 0.039034635940689656}]}, {"source": 10, "prod": 15.0, "target": 17, "value": 0.15233545494682288, "supply": [{"l": "Cottonseed Oil", "v": 0.060643095122142866}, {"l": "Groundnut Oil", "v": 0.091692359824680006}]}, {"source": 2, "prod": 54.0, "target": 17, "value": 0.041067425002910427, "supply": [{"l": "Milk - Excluding Butter", "v": 0.041067425002910427}]}, {"source": 3, "prod": 1596.0, "target": 17, "value": 5.8005246140349511, "supply": [{"l": "Maize", "v": 3.7801537460780477}, {"l": "Barley", "v": 0.038190461287993076}, {"l": "Rice", "v": 1.2061599466598909}, {"l": "Sorghum", "v": 0.77260928590839839}, {"l": "Cereals, Other", "v": 0.0034111741006205361}]}, {"source": 16, "prod": 1.0, "target": 1, "value": 0.0028682544990202702, "supply": [{"l": "Pigmeat", "v": 0.0028682544990202702}]}, {"source": 5, "prod": 31.0, "target": 17, "value": 0.03532051657594161, "supply": [{"l": "Pineapples", "v": 0.0031837624939125004}, {"l": "Tea", "v": 0.00080094653934905671}, {"l": "Grapefruit", "v": 0.00043763058335567019}, {"l": "Oranges, Mandarines", "v": 0.00035672408895378156}, {"l": "Cassava", "v": 0.02279667204754272}, {"l": "Pulses, Other", "v": 0.0077447808228278837}]}, {"source": 4, "prod": 108.0, "target": 17, "value": 0.62717489921403602, "supply": [{"l": "Cottonseed", "v": 0.16449439551881251}, {"l": "Soyabeans", "v": 0.02971511660985}, {"l": "Rape and Mustardseed", "v": 0.0053062708231875}, {"l": "Groundnuts", "v": 0.42765911626218606}]}, {"source": 16, "prod": 8.0, "target": 11, "value": 0.060695419083793875, "supply": [{"l": "Sugar", "v": 0.012450467853289106}, {"l": "Oilcrops Oil, Other", "v": 0.038811580878171437}, {"l": "Palm Oil", "v": 0.0094333703523333343}]}, {"source": 16, "prod": 136.0, "target": 3, "value": 0.43415635616592929, "supply": [{"l": "Oats", "v": 0.0424501665855}, {"l": "Wheat", "v": 0.22472847695982576}, {"l": "Millet", "v": 0.16697771262060354}]}, {"source": 1, "prod": 1148.0, "target": 7, "value": 0.89079163875293876, "supply": [{"l": "Crustaceans", "v": 0.00077810895981568235}, {"l": "Freshwater Fish", "v": 0.36826897765083122}, {"l": "Pelagic Fish", "v": 0.06184433215012141}, {"l": "Marine Fish, Other", "v": 0.01326567705796875}, {"l": "Fish, Seafood", "v": 0.44663454293420163}]}, {"source": 1, "prod": 5896.0, "target": 2, "value": 6.8438372339365197, "supply": [{"l": "Poultry Meat", "v": 0.19810077739900003}, {"l": "Pigmeat", "v": 0.39295086636577709}, {"l": "Bovine Meat", "v": 1.6092753108482707}, {"l": "Eggs", "v": 0.18961074408190004}, {"l": "Milk - Excluding Butter", "v": 2.9994430409533099}, {"l": "Offals, Edible", "v": 0.29035913944482}, {"l": "Meat, Other", "v": 0.24820352503562759}, {"l": "Mutton & Goat Meat", "v": 0.931458890889165}]}, {"source": 11, "prod": 5955.0, "target": 0, "value": 4.2472353626039796, "supply": [{"l": "Fats, Animals, Raw", "v": 1.0620865208450587}, {"l": "Alcohol, Non-Food", "v": 0.0032387048076130786}, {"l": "Beverages, Fermented", "v": 2.377443214003347}, {"l": "Fish, Body Oil", "v": 0.027139193188562699}, {"l": "Beer", "v": 0.15869653557304086}, {"l": "Beverages, Alcoholic", "v": 0.27480897315876318}, {"l": "Butter, Ghee", "v": 0.3306644555081053}, {"l": "Wine", "v": 0.01315776551948878}]}, {"source": 11, "prod": 371.0, "target": 10, "value": 3.7666206583925912, "supply": [{"l": "Ricebran Oil", "v": 0.035375138821250006}, {"l": "Sesameseed Oil", "v": 0.0424501665855}, {"l": "Soyabean Oil", "v": 0.25693521880697373}, {"l": "Coconut Oil", "v": 0.02122508329275}, {"l": "Cottonseed Oil", "v": 0.75803868902678562}, {"l": "Rape and Mustard Oil", "v": 0.244088457866625}, {"l": "Maize Germ Oil", "v": 0.072771714146571437}, {"l": "Groundnut Oil", "v": 1.1206843978572001}, {"l": "Palm Oil", "v": 0.18866740704666668}, {"l": "Palmkernel Oil", "v": 0.084900333171}, {"l": "Oilcrops Oil, Other", "v": 0.82474609366114304}, {"l": "Sunflowerseed Oil", "v": 0.116737958110125}]}, {"source": 11, "prod": 1142.0, "target": 9, "value": 4.7623550287769785, "supply": [{"l": "Honey", "v": 0.038591060532272729}, {"l": "Sweeteners, Other", "v": 0.020214365040714288}, {"l": "Sugar non-centrifugal", "v": 0.063675249878250004}, {"l": "Sugar", "v": 4.6398743533257409}]}, {"source": 5, "prod": 30048.5, "target": 18, "value": 108.72257464191115, "supply": [{"l": "Roots, Other", "v": 0.403581665895}, {"l": "Pulses, Other", "v": 2.6812466615400004}, {"l": "Beans", "v": 1.7171833300500001}, {"l": "Onions", "v": 0.57355666557000007}, {"l": "Vegetables, Other", "v": 8.4342466505400004}, {"l": "Tomatoes", "v": 0.64328999877000004}, {"l": "Peas", "v": 0.29462333277000002}, {"l": "Yams", "v": 0.54043333230000001}, {"l": "Potatoes", "v": 3.2861833270500003}, {"l": "Sweet potatoes", "v": 4.6651599910800003}, {"l": "Cassava", "v": 10.774671646065}]}, {"source": 6, "prod": 3892.6000000000004, "target": 18, "value": 13.572198640716, "supply": [{"l": "Sugar beet", "v": 0.093442666487999981}, {"l": "Sugar cane", "v": 13.478755974227997}]}, {"source": 3, "prod": 42031.0, "target": 18, "value": 151.03126205412354, "supply": [{"l": "Sorghum", "v": 17.778513299340005}, {"l": "Rice", "v": 20.665473293820003}, {"l": "Wheat", "v": 27.576046613940004}, {"l": "Oats", "v": 0.22237185142666671}, {"l": "Maize", "v": 54.496599895800003}, {"l": "Barley", "v": 3.8144133260399999}, {"l": "Cereals, Other", "v": 0.72522666528000002}, {"l": "Rye", "v": 0.0030693628618220794}, {"l": "Millet", "v": 21.202419959460002}]}, {"source": 4, "prod": 2302.0, "target": 18, "value": 8.1349922670114392, "supply": [{"l": "Sesame seed", "v": 0.30333999942000001}, {"l": "Groundnuts", "v": 3.0456033275100003}, {"l": "Oilcrops, Other", "v": 1.2028999976999999}, {"l": "Soyabeans", "v": 0.78449999849999996}, {"l": "Palm kernels", "v": 0.066246666539999999}, {"l": "Sunflower seed", "v": 0.13423666640999998}, {"l": "Cottonseed", "v": 2.2628466623400003}, {"l": "Olives", "v": 0.0034866666599999998}, {"l": "Rape and Mustardseed", "v": 0.22314666624000001}]}, {"source": 19, "prod": 0, "target": 5, "value": 0.13077816028301878, "supply": "[{\"l\":'Energy for power irrigation',\"v\":0.13077816028301878}]"}, {"source": 19, "prod": 0, "target": 6, "value": 0.042353783609637666, "supply": "[{\"l\":'Energy for power irrigation',\"v\":0.042353783609637666}]"}, {"source": 19, "prod": 0, "target": 3, "value": 0.091464413445855236, "supply": "[{\"l\":'Energy for power irrigation',\"v\":0.091464413445855236}]"}, {"source": 19, "prod": 0, "target": 4, "value": 0.010270309548048258, "supply": "[{\"l\":'Energy for power irrigation',\"v\":0.010270309548048258}]"}, {"source": 19, "prod": 0, "target": 11, "value": 0.3440000002752, "supply": "[{\"l\":'Electricity',\"v\":0.3440000002752}]"}, {"source": 20, "prod": 0, "target": 19, "value": 1.1187770043523608, "supply": [{"l": "Coal", "v": 0.57169838334966971}, {"l": "Natural gas", "v": 0.163051263183323}, {"l": "Oil", "v": 0.38402735781936825}]}, {"source": 21, "prod": 0, "target": 19, "value": 0.18040536272581106, "supply": [{"l": "Nuclear", "v": 0.029147587663449378}, {"l": "Hydroelectric", "v": 0.14944330934605696}, {"l": "Renewable", "v": 0.0018144657163047262}]}, {"source": 20, "prod": 0, "target": 5, "value": 3.2024516544282453, "supply": [{"l": "Motor Gasoline", "v": 0.050741869800166088}, {"l": "Gas-Diesel oil", "v": 0.056830189305620983}, {"l": "Natural gas (including LNG)", "v": 2.0625393821012117}, {"l": "Fuel oil", "v": 0.61047077460918686}, {"l": "Liquefied petroleum gas (LPG)", "v": 0.02292150968660046}, {"l": "Coal", "v": 0.39894792892545927}]}, {"source": 20, "prod": 0, "target": 6, "value": 1.0371452243895192, "supply": [{"l": "Motor Gasoline", "v": 0.016433249778202451}, {"l": "Gas-Diesel oil", "v": 0.01840501147237468}, {"l": "Natural gas (including LNG)", "v": 0.66797350939041689}, {"l": "Fuel oil", "v": 0.1977069185852639}, {"l": "Liquefied petroleum gas (LPG)", "v": 0.0074233546271911203}, {"l": "Coal", "v": 0.12920318053607027}]}, {"source": 20, "prod": 0, "target": 3, "value": 2.2397498292306368, "supply": [{"l": "Motor Gasoline", "v": 0.035488152978863853}, {"l": "Gas-Diesel oil", "v": 0.039746238359727702}, {"l": "Natural gas (including LNG)", "v": 1.442511153120722}, {"l": "Fuel oil", "v": 0.42695470868094471}, {"l": "Liquefied petroleum gas (LPG)", "v": 0.016030982805090171}, {"l": "Coal", "v": 0.27901859328528844}]}, {"source": 20, "prod": 0, "target": 4, "value": 0.2514958899288634, "supply": [{"l": "Motor Gasoline", "v": 0.0039848756762342636}, {"l": "Gas-Diesel oil", "v": 0.0044630054022766095}, {"l": "Natural gas (including LNG)", "v": 0.16197595885564831}, {"l": "Fuel oil", "v": 0.047941673225137552}, {"l": "Liquefied petroleum gas (LPG)", "v": 0.0018000788455848991}, {"l": "Coal", "v": 0.031330297923981801}]}, {"source": 20, "prod": 0, "target": 1, "value": 0.85073111179169592, "supply": [{"l": "Gas-diesel oils used in fisheries", "v": 0.85073111179169592}]}, {"source": 22, "prod": 499.62903201368755, "target": 5, "value": 5.7626168620405593, "supply": [{"l": "Potash", "v": 0.44627050035701638}, {"l": "Phosphate", "v": 1.311889001049511}, {"l": "Nitrogen", "v": 10.353582137912495}]}, {"source": 22, "prod": 161.80973842425414, "target": 6, "value": 1.8662797142269232, "supply": [{"l": "Potash", "v": 0.44627050035701638}, {"l": "Phosphate", "v": 1.311889001049511}, {"l": "Nitrogen", "v": 10.353582137912495}]}, {"source": 22, "prod": 349.43354650926506, "target": 3, "value": 4.0302935142923397, "supply": [{"l": "Potash", "v": 0.44627050035701638}, {"l": "Phosphate", "v": 1.311889001049511}, {"l": "Nitrogen", "v": 10.353582137912495}]}, {"source": 22, "prod": 39.237016386126484, "target": 4, "value": 0.45255154875920001, "supply": [{"l": "Potash", "v": 0.44627050035701638}, {"l": "Phosphate", "v": 1.311889001049511}, {"l": "Nitrogen", "v": 10.353582137912495}]}, {"source": 20, "prod": 0, "target": 22, "value": 14.674310547065879, "supply": [{"l": "Natural gas (including LNG)", "v": 9.9037045219449364}, {"l": "Fuel oil", "v": 2.9403910266911391}, {"l": "Liquefied petroleum gas (LPG)", "v": 0.91510749921490153}, {"l": "Coal", "v": 0.91510749921490153}]}, {"source": 23, "prod": 0, "target": 3, "value": 5.8692163184061261, "supply": "[{\"l\":'Labor',\"v\":5.8692163184061261}]"}, {"source": 23, "prod": 0, "target": 4, "value": 0.65903957750924214, "supply": "[{\"l\":'Labor',\"v\":0.65903957750924214}]"}, {"source": 23, "prod": 0, "target": 5, "value": 8.3919557728165639, "supply": "[{\"l\":'Labor',\"v\":8.3919557728165639}]"}, {"source": 23, "prod": 0, "target": 6, "value": 2.7178167829730064, "supply": "[{\"l\":'Labor',\"v\":2.7178167829730064}]"}, {"source": 20, "prod": 0, "target": 14, "value": 8.3010365801954222, "supply": "[{\"l\":'Fossil Fuels',\"v\":8.3010365801954222}]"}, {"source": 21, "prod": 0, "target": 14, "value": 1.5553568089903329, "supply": "[{\"l\":'Renewables & Nuclear',\"v\":0.3534888093124231},{\"l\":'Biomass & Waste',\"v\":1.2018679996779098}]"}]}