{"nodes": [{"layer": 13, "name": "Other Processed", "fill": "#9c9ede"}, {"layer": 10, "name": "Feed", "fill": "#dbdb8d"}, {"layer": 13, "name": "Animal Products", "fill": "#17becf"}, {"layer": 5, "name": "Cereals", "fill": "#e7ba52"}, {"layer": 5, "name": "Oilcrops", "fill": "#ff9896"}, {"layer": 5, "name": "Fruits, Roots & Vegetables", "fill": "#98df8a"}, {"layer": 5, "name": "Sugar Crops", "fill": "#ffbb78"}, {"layer": 13, "name": "Aquatic Products", "fill": "#1f77b4"}, {"layer": 16, "name": "Food", "fill": "#b5cf6b"}, {"layer": 13, "name": "Sugar", "fill": "#d6616b"}, {"layer": 13, "name": "Vegetable Oils", "fill": "#f7b6d2"}, {"layer": 10, "name": "Processing", "fill": "#9edae5"}, {"layer": 16, "name": "Biofuels & Other", "fill": "#e7ba52"}, {"name": "Seed", "fill": "#dbdb8d"}, {"name": "Waste", "fill": "#c7c7c7"}, {"layer": 0, "name": "Import", "fill": "#aec7e8"}, {"layer": 16, "name": "Export", "fill": "#aec7e8"}, {"layer": 0, "name": "Stock Draw", "fill": "#c7c7c7"}, {"layer": 16, "name": "Stock Deposit", "fill": "#c7c7c7"}, {"layer": 0, "name": "Production", "fill": "#b5cf6b"}], "links": [{"source": 0, "prod": 0.0086921769675071432, "target": 1, "value": 1.0, "supply": [{"l": "Fish, Body Oil", "v": 1.0}]}, {"source": 2, "prod": 0.18440231938736706, "target": 1, "value": 245.0, "supply": [{"l": "Milk - Excluding Butter", "v": 245.0}]}, {"source": 3, "prod": 5.9658326985156842, "target": 1, "value": 1671.0, "supply": [{"l": "Maize", "v": 1007.0}, {"l": "Oats", "v": 5.0}, {"l": "Barley", "v": 118.0}, {"l": "Rice", "v": 136.0}, {"l": "Sorghum", "v": 112.0}, {"l": "Cereals, Other", "v": 15.0}, {"l": "Wheat", "v": 21.0}, {"l": "Millet", "v": 257.0}]}, {"source": 4, "prod": 0.075722009547768573, "target": 1, "value": 12.0, "supply": [{"l": "Soyabeans", "v": 1.0}, {"l": "Cottonseed", "v": 10.0}, {"l": "Oilcrops, Other", "v": 1.0}]}, {"source": 5, "prod": 3.4177329134997412, "target": 1, "value": 3072.0, "supply": [{"l": "Potatoes", "v": 37.0}, {"l": "Yams", "v": 6.0}, {"l": "Bananas", "v": 37.0}, {"l": "Vegetables, Other", "v": 3.0}, {"l": "Sweet potatoes", "v": 10.0}, {"l": "Plantains", "v": 1382.0}, {"l": "Cassava", "v": 1579.0}, {"l": "Pulses, Other", "v": 18.0}]}, {"source": 6, "prod": 0.17081138459403572, "target": 1, "value": 338.0, "supply": [{"l": "Sugar beet", "v": 28.0}, {"l": "Sugar cane", "v": 310.0}]}, {"source": 7, "prod": 0.10447673474384073, "target": 1, "value": 108.0, "supply": [{"l": "Fish, Seafood", "v": 54.0}, {"l": "Pelagic Fish", "v": 54.0}]}, {"source": 0, "prod": 3.1051984259043031, "target": 8, "value": 4400.0, "supply": [{"l": "Beer", "v": 230.0}, {"l": "Beverages, Alcoholic", "v": 50.0}, {"l": "Fats, Animals, Raw", "v": 86.0}, {"l": "Butter, Ghee", "v": 33.0}, {"l": "Wine", "v": 17.0}, {"l": "Beverages, Fermented", "v": 3984.0}]}, {"source": 2, "prod": 5.7251055961581159, "target": 8, "value": 4869.0, "supply": [{"l": "Mutton & Goat Meat", "v": 361.0}, {"l": "Pigmeat", "v": 114.0}, {"l": "Meat, Other", "v": 162.0}, {"l": "Poultry Meat", "v": 106.0}, {"l": "Milk - Excluding Butter", "v": 3225.0}, {"l": "Offals, Edible", "v": 179.0}, {"l": "Bovine Meat", "v": 631.0}, {"l": "Eggs", "v": 91.0}]}, {"source": 3, "prod": 44.984269362444792, "target": 8, "value": 12824.0, "supply": [{"l": "Maize", "v": 3861.0}, {"l": "Barley", "v": 254.0}, {"l": "Cereals, Other", "v": 93.0}, {"l": "Rice", "v": 1881.0}, {"l": "Wheat", "v": 3081.0}, {"l": "Oats", "v": 5.0}, {"l": "Sorghum", "v": 1410.0}, {"l": "Millet", "v": 2239.0}]}, {"source": 4, "prod": 2.4555017106947763, "target": 8, "value": 398.0, "supply": [{"l": "Sunflower seed", "v": 2.0}, {"l": "Sesame seed", "v": 43.0}, {"l": "Groundnuts", "v": 328.0}, {"l": "Oilcrops, Other", "v": 17.0}, {"l": "Soyabeans", "v": 4.0}, {"l": "Rape and Mustardseed", "v": 2.0}, {"l": "Palm kernels", "v": 2.0}]}, {"source": 5, "prod": 13.994977133465426, "target": 8, "value": 13283.0, "supply": [{"l": "Vegetables, Other", "v": 1937.0}, {"l": "Plantains", "v": 2066.0}, {"l": "Nuts", "v": 22.0}, {"l": "Yams", "v": 240.0}, {"l": "Cocoa Beans", "v": 3.0}, {"l": "Tomatoes", "v": 138.0}, {"l": "Coffee", "v": 15.0}, {"l": "Treenuts", "v": 22.0}, {"l": "Apples", "v": 49.0}, {"l": "Roots, Other", "v": 210.0}, {"l": "Peas", "v": 73.0}, {"l": "Infant food", "v": 1.0}, {"l": "Grapes", "v": 233.0}, {"l": "Dates", "v": 25.0}, {"l": "Potatoes", "v": 1099.0}, {"l": "Pimento", "v": 16.0}, {"l": "Pepper", "v": 1.0}, {"l": "Grapefruit", "v": 27.0}, {"l": "Pineapples", "v": 70.0}, {"l": "Beans", "v": 336.0}, {"l": "Pulses, Other", "v": 458.0}, {"l": "Lemons, Limes", "v": 33.0}, {"l": "Bananas", "v": 737.0}, {"l": "Citrus, Other", "v": 10.0}, {"l": "Spices, Other", "v": 16.0}, {"l": "Tea", "v": 43.0}, {"l": "Fruits, Other", "v": 944.0}, {"l": "Sweet potatoes", "v": 1281.0}, {"l": "Oranges, Mandarines", "v": 316.0}, {"l": "Onions", "v": 118.0}, {"l": "Cassava", "v": 2744.0}]}, {"source": 6, "prod": 0.034869779695232146, "target": 8, "value": 69.0, "supply": [{"l": "Sugar cane", "v": 69.0}]}, {"source": 9, "prod": 2.6815100663538862, "target": 8, "value": 645.0, "supply": [{"l": "Sugar", "v": 625.0}, {"l": "Sugar non-centrifugal", "v": 4.0}, {"l": "Sweeteners, Other", "v": 6.0}, {"l": "Honey", "v": 10.0}]}, {"source": 7, "prod": 0.57677766310912471, "target": 8, "value": 727.0, "supply": [{"l": "Freshwater Fish", "v": 344.0}, {"l": "Marine Fish, Other", "v": 8.0}, {"l": "Demersal Fish", "v": 1.0}, {"l": "Fish, Seafood", "v": 362.0}, {"l": "Pelagic Fish", "v": 12.0}]}, {"source": 10, "prod": 1.8966719074051468, "target": 8, "value": 190.0, "supply": [{"l": "Ricebran Oil", "v": 5.0}, {"l": "Maize Germ Oil", "v": 2.0}, {"l": "Groundnut Oil", "v": 80.0}, {"l": "Soyabean Oil", "v": 8.0}, {"l": "Palm Oil", "v": 8.0}, {"l": "Sunflowerseed Oil", "v": 10.0}, {"l": "Coconut Oil", "v": 2.0}, {"l": "Rape and Mustard Oil", "v": 19.0}, {"l": "Oilcrops Oil, Other", "v": 21.0}, {"l": "Sesameseed Oil", "v": 7.0}, {"l": "Cottonseed Oil", "v": 26.0}, {"l": "Palmkernel Oil", "v": 2.0}]}, {"source": 2, "prod": 0.0096161412529421515, "target": 11, "value": 11.0, "supply": [{"l": "Milk - Excluding Butter", "v": 10.0}, {"l": "Bovine Meat", "v": 1.0}]}, {"source": 3, "prod": 2.3503602974406523, "target": 11, "value": 690.0, "supply": [{"l": "Maize", "v": 77.0}, {"l": "Barley", "v": 36.0}, {"l": "Rice", "v": 22.0}, {"l": "Sorghum", "v": 408.0}, {"l": "Wheat", "v": 6.0}, {"l": "Millet", "v": 141.0}]}, {"source": 4, "prod": 4.7558087011489283, "target": 11, "value": 831.0, "supply": [{"l": "Olives", "v": 1.0}, {"l": "Soyabeans", "v": 35.0}, {"l": "Oilcrops, Other", "v": 193.0}, {"l": "Sunflower seed", "v": 16.0}, {"l": "Sesame seed", "v": 15.0}, {"l": "Cottonseed", "v": 276.0}, {"l": "Rape and Mustardseed", "v": 49.0}, {"l": "Groundnuts", "v": 193.0}, {"l": "Palm kernels", "v": 13.0}, {"l": "Oil Palm", "v": 40.0}]}, {"source": 5, "prod": 1.860920032958592, "target": 11, "value": 1791.0, "supply": [{"l": "Plantains", "v": 1781.0}, {"l": "Grapes", "v": 10.0}]}, {"source": 6, "prod": 3.7553236654386968, "target": 11, "value": 7431.0, "supply": [{"l": "Sugar beet", "v": 40.0}, {"l": "Sugar cane", "v": 7391.0}]}, {"source": 9, "prod": 0.01659124518590124, "target": 11, "value": 4.0, "supply": [{"l": "Sugar", "v": 1.0}, {"l": "Sugar non-centrifugal", "v": 3.0}]}, {"source": 0, "prod": 0.17240329228112761, "target": 12, "value": 29.0, "supply": [{"l": "Alcohol, Non-Food", "v": 5.0}, {"l": "Fats, Animals, Raw", "v": 16.0}, {"l": "Beverages, Alcoholic", "v": 8.0}]}, {"source": 2, "prod": 0.069009874426811585, "target": 12, "value": 66.0, "supply": [{"l": "Milk - Excluding Butter", "v": 34.0}, {"l": "Offals, Edible", "v": 32.0}]}, {"source": 3, "prod": 0.032410122954742861, "target": 12, "value": 9.0, "supply": [{"l": "Maize", "v": 9.0}]}, {"source": 4, "prod": 0.63189103222525711, "target": 12, "value": 100.0, "supply": [{"l": "Cottonseed", "v": 100.0}]}, {"source": 5, "prod": 0.21578825106917512, "target": 12, "value": 65.0, "supply": [{"l": "Pulses, Other", "v": 52.0}, {"l": "Cassava", "v": 13.0}]}, {"source": 9, "prod": 0.083126958065600526, "target": 12, "value": 20.0, "supply": [{"l": "Sugar", "v": 20.0}]}, {"source": 7, "prod": 0.039288046581987868, "target": 12, "value": 50.0, "supply": [{"l": "Freshwater Fish", "v": 25.0}, {"l": "Fish, Seafood", "v": 25.0}]}, {"source": 10, "prod": 0.33301722521359595, "target": 12, "value": 37.0, "supply": [{"l": "Palm Oil", "v": 6.0}, {"l": "Groundnut Oil", "v": 1.0}, {"l": "Cottonseed Oil", "v": 8.0}, {"l": "Oilcrops Oil, Other", "v": 22.0}]}, {"source": 5, "prod": 0.66574367718287242, "target": 13, "value": 360.0, "supply": [{"l": "Potatoes", "v": 211.0}, {"l": "Yams", "v": 12.0}, {"l": "Beans", "v": 37.0}, {"l": "Roots, Other", "v": 14.0}, {"l": "Peas", "v": 3.0}, {"l": "Sweet potatoes", "v": 2.0}, {"l": "Pulses, Other", "v": 81.0}]}, {"source": 6, "prod": 0.015160773780535717, "target": 13, "value": 30.0, "supply": [{"l": "Sugar cane", "v": 30.0}]}, {"source": 2, "prod": 0.013767621595297297, "target": 2, "value": 9.0, "supply": [{"l": "Eggs", "v": 9.0}]}, {"source": 3, "prod": 2.5488275776028124, "target": 13, "value": 730.0, "supply": [{"l": "Maize", "v": 148.0}, {"l": "Oats", "v": 13.0}, {"l": "Barley", "v": 35.0}, {"l": "Rice", "v": 115.0}, {"l": "Sorghum", "v": 73.0}, {"l": "Cereals, Other", "v": 3.0}, {"l": "Wheat", "v": 247.0}, {"l": "Millet", "v": 96.0}]}, {"source": 4, "prod": 0.97089356202031518, "target": 13, "value": 156.0, "supply": [{"l": "Soyabeans", "v": 3.0}, {"l": "Sesame seed", "v": 2.0}, {"l": "Cottonseed", "v": 55.0}, {"l": "Rape and Mustardseed", "v": 1.0}, {"l": "Groundnuts", "v": 89.0}, {"l": "Oilcrops, Other", "v": 6.0}]}, {"source": 0, "prod": 0.086562826879802657, "target": 14, "value": 195.0, "supply": [{"l": "Beverages, Fermented", "v": 195.0}]}, {"source": 2, "prod": 0.12443342390430494, "target": 14, "value": 155.0, "supply": [{"l": "Eggs", "v": 10.0}, {"l": "Milk - Excluding Butter", "v": 145.0}]}, {"source": 3, "prod": 6.0307815748861548, "target": 14, "value": 1724.0, "supply": [{"l": "Maize", "v": 534.0}, {"l": "Barley", "v": 41.0}, {"l": "Rice", "v": 239.0}, {"l": "Cereals, Other", "v": 6.0}, {"l": "Wheat", "v": 262.0}, {"l": "Sorghum", "v": 220.0}, {"l": "Millet", "v": 422.0}]}, {"source": 4, "prod": 0.41763976842787326, "target": 14, "value": 70.0, "supply": [{"l": "Sesame seed", "v": 5.0}, {"l": "Cottonseed", "v": 1.0}, {"l": "Groundnuts", "v": 50.0}, {"l": "Oilcrops, Other", "v": 11.0}, {"l": "Soyabeans", "v": 2.0}, {"l": "Rape and Mustardseed", "v": 1.0}]}, {"source": 5, "prod": 3.7985223764495757, "target": 14, "value": 3625.0, "supply": [{"l": "Roots, Other", "v": 26.0}, {"l": "Plantains", "v": 2120.0}, {"l": "Nuts", "v": 1.0}, {"l": "Yams", "v": 28.0}, {"l": "Citrus, Other", "v": 1.0}, {"l": "Grapefruit", "v": 5.0}, {"l": "Tomatoes", "v": 21.0}, {"l": "Treenuts", "v": 1.0}, {"l": "Vegetables, Other", "v": 199.0}, {"l": "Peas", "v": 5.0}, {"l": "Grapes", "v": 21.0}, {"l": "Dates", "v": 3.0}, {"l": "Potatoes", "v": 139.0}, {"l": "Pimento", "v": 1.0}, {"l": "Beans", "v": 32.0}, {"l": "Apples", "v": 4.0}, {"l": "Lemons, Limes", "v": 4.0}, {"l": "Pineapples", "v": 6.0}, {"l": "Bananas", "v": 151.0}, {"l": "Spices, Other", "v": 1.0}, {"l": "Tea", "v": 2.0}, {"l": "Fruits, Other", "v": 90.0}, {"l": "Sweet potatoes", "v": 170.0}, {"l": "Oranges, Mandarines", "v": 36.0}, {"l": "Pulses, Other", "v": 62.0}, {"l": "Onions", "v": 13.0}, {"l": "Cassava", "v": 483.0}]}, {"source": 6, "prod": 0.03840729357735715, "target": 14, "value": 76.0, "supply": [{"l": "Sugar cane", "v": 76.0}]}, {"source": 15, "prod": 1.6638245052350824, "target": 11, "value": 323.0, "supply": [{"l": "Sugar", "v": 187.0}, {"l": "Beer", "v": 24.0}, {"l": "Groundnut Oil", "v": 10.0}, {"l": "Beverages, Alcoholic", "v": 5.0}, {"l": "Fats, Animals, Raw", "v": 40.0}, {"l": "Soyabean Oil", "v": 2.0}, {"l": "Butter, Ghee", "v": 3.0}, {"l": "Palm Oil", "v": 9.0}, {"l": "Sunflowerseed Oil", "v": 6.0}, {"l": "Coconut Oil", "v": 2.0}, {"l": "Oilcrops Oil, Other", "v": 15.0}, {"l": "Wine", "v": 11.0}, {"l": "Sweeteners, Other", "v": 7.0}, {"l": "Fish, Body Oil", "v": 1.0}, {"l": "Palmkernel Oil", "v": 1.0}]}, {"source": 15, "prod": 3.5096404017590941, "target": 3, "value": 1013.0, "supply": [{"l": "Maize", "v": 160.0}, {"l": "Barley", "v": 28.0}, {"l": "Rice", "v": 92.0}, {"l": "Cereals, Other", "v": 52.0}, {"l": "Wheat", "v": 633.0}, {"l": "Oats", "v": 1.0}, {"l": "Sorghum", "v": 41.0}, {"l": "Millet", "v": 6.0}]}, {"source": 15, "prod": 0.022733617997280922, "target": 4, "value": 4.0, "supply": [{"l": "Groundnuts", "v": 3.0}, {"l": "Oilcrops, Other", "v": 1.0}]}, {"source": 15, "prod": 0.34828574107982851, "target": 5, "value": 161.0, "supply": [{"l": "Roots, Other", "v": 2.0}, {"l": "Nuts", "v": 21.0}, {"l": "Cocoa Beans", "v": 1.0}, {"l": "Tomatoes", "v": 1.0}, {"l": "Coffee", "v": 3.0}, {"l": "Treenuts", "v": 21.0}, {"l": "Vegetables, Other", "v": 16.0}, {"l": "Grapes", "v": 1.0}, {"l": "Potatoes", "v": 14.0}, {"l": "Beans", "v": 5.0}, {"l": "Apples", "v": 5.0}, {"l": "Bananas", "v": 3.0}, {"l": "Spices, Other", "v": 5.0}, {"l": "Tea", "v": 25.0}, {"l": "Fruits, Other", "v": 13.0}, {"l": "Infant food", "v": 1.0}, {"l": "Oranges, Mandarines", "v": 7.0}, {"l": "Pulses, Other", "v": 12.0}, {"l": "Onions", "v": 3.0}, {"l": "Cassava", "v": 2.0}]}, {"source": 15, "prod": 0.36716611779476255, "target": 1, "value": 411.0, "supply": [{"l": "Freshwater Fish", "v": 22.0}, {"l": "Meat, Other", "v": 2.0}, {"l": "Eggs", "v": 1.0}, {"l": "Marine Fish, Other", "v": 8.0}, {"l": "Mutton & Goat Meat", "v": 1.0}, {"l": "Pigmeat", "v": 2.0}, {"l": "Milk - Excluding Butter", "v": 201.0}, {"l": "Fish, Seafood", "v": 94.0}, {"l": "Pelagic Fish", "v": 65.0}, {"l": "Demersal Fish", "v": 1.0}, {"l": "Bovine Meat", "v": 14.0}]}, {"source": 0, "prod": 0.045065131254596658, "target": 16, "value": 9.0, "supply": [{"l": "Beer", "v": 4.0}, {"l": "Fats, Animals, Raw", "v": 2.0}, {"l": "Butter, Ghee", "v": 3.0}]}, {"source": 2, "prod": 0.22452670700311408, "target": 16, "value": 112.0, "supply": [{"l": "Meat, Other", "v": 15.0}, {"l": "Mutton & Goat Meat", "v": 12.0}, {"l": "Pigmeat", "v": 1.0}, {"l": "Bovine Meat", "v": 81.0}, {"l": "Offals, Edible", "v": 3.0}]}, {"source": 3, "prod": 2.6482986908872816, "target": 16, "value": 708.0, "supply": [{"l": "Maize", "v": 370.0}, {"l": "Rice", "v": 277.0}, {"l": "Wheat", "v": 16.0}, {"l": "Sorghum", "v": 2.0}, {"l": "Millet", "v": 43.0}]}, {"source": 4, "prod": 1.9644155430894594, "target": 16, "value": 328.0, "supply": [{"l": "Sunflower seed", "v": 3.0}, {"l": "Sesame seed", "v": 8.0}, {"l": "Cottonseed", "v": 94.0}, {"l": "Oilcrops, Other", "v": 41.0}, {"l": "Soyabeans", "v": 3.0}, {"l": "Groundnuts", "v": 179.0}]}, {"source": 5, "prod": 0.77321816208492478, "target": 16, "value": 679.0, "supply": [{"l": "Plantains", "v": 3.0}, {"l": "Nuts", "v": 18.0}, {"l": "Tomatoes", "v": 2.0}, {"l": "Coffee", "v": 207.0}, {"l": "Treenuts", "v": 18.0}, {"l": "Vegetables, Other", "v": 13.0}, {"l": "Peas", "v": 1.0}, {"l": "Grapes", "v": 140.0}, {"l": "Pimento", "v": 1.0}, {"l": "Potatoes", "v": 1.0}, {"l": "Beans", "v": 7.0}, {"l": "Pulses, Other", "v": 28.0}, {"l": "Pineapples", "v": 1.0}, {"l": "Spices, Other", "v": 1.0}, {"l": "Fruits, Other", "v": 49.0}, {"l": "Grapefruit", "v": 18.0}, {"l": "Oranges, Mandarines", "v": 38.0}, {"l": "Tea", "v": 41.0}, {"l": "Cassava", "v": 89.0}, {"l": "Onions", "v": 2.0}, {"l": "Apples", "v": 1.0}]}, {"source": 6, "prod": 0.013644696402482146, "target": 16, "value": 27.0, "supply": [{"l": "Sugar cane", "v": 27.0}]}, {"source": 9, "prod": 1.2510493367448816, "target": 16, "value": 301.0, "supply": [{"l": "Sugar", "v": 300.0}, {"l": "Sugar non-centrifugal", "v": 1.0}]}, {"source": 7, "prod": 0.11629261788268411, "target": 16, "value": 148.0, "supply": [{"l": "Freshwater Fish", "v": 74.0}, {"l": "Fish, Seafood", "v": 74.0}]}, {"source": 10, "prod": 0.35740441275200052, "target": 16, "value": 38.0, "supply": [{"l": "Groundnut Oil", "v": 6.0}, {"l": "Palm Oil", "v": 5.0}, {"l": "Oilcrops Oil, Other", "v": 16.0}, {"l": "Cottonseed Oil", "v": 6.0}, {"l": "Palmkernel Oil", "v": 5.0}]}, {"source": 17, "prod": 0.11896746012399817, "target": 5, "value": 105.0, "supply": [{"l": "Potatoes", "v": 4.0}, {"l": "Beans", "v": 1.0}, {"l": "Tea", "v": 2.0}, {"l": "Sweet potatoes", "v": 70.0}, {"l": "Cassava", "v": 28.0}]}, {"source": 17, "prod": 0.062374892962944364, "target": 4, "value": 10.0, "supply": [{"l": "Soyabeans", "v": 1.0}, {"l": "Groundnuts", "v": 8.0}, {"l": "Oilcrops, Other", "v": 1.0}]}, {"source": 2, "prod": 0.0081538254840394161, "target": 18, "value": 3.0, "supply": [{"l": "Pigmeat", "v": 2.0}, {"l": "Bovine Meat", "v": 1.0}]}, {"source": 0, "prod": 0.0088943206179142864, "target": 18, "value": 1.0, "supply": [{"l": "Fats, Animals, Raw", "v": 1.0}]}, {"source": 3, "prod": 3.661136116927846, "target": 18, "value": 1063.0, "supply": [{"l": "Maize", "v": 386.0}, {"l": "Barley", "v": 2.0}, {"l": "Rice", "v": 71.0}, {"l": "Sorghum", "v": 247.0}, {"l": "Wheat", "v": 1.0}, {"l": "Millet", "v": 356.0}]}, {"source": 5, "prod": 0.09682847915370249, "target": 18, "value": 84.0, "supply": [{"l": "Coffee", "v": 72.0}, {"l": "Pulses, Other", "v": 12.0}]}, {"source": 10, "prod": 0.010612541646375, "target": 18, "value": 1.0, "supply": [{"l": "Cottonseed Oil", "v": 1.0}]}, {"source": 4, "prod": 0.15218581968930101, "target": 18, "value": 24.0, "supply": [{"l": "Cottonseed", "v": 17.0}, {"l": "Sesame seed", "v": 6.0}, {"l": "Rape and Mustardseed", "v": 1.0}]}, {"source": 17, "prod": 0.031187877491387756, "target": 11, "value": 3.0, "supply": [{"l": "Groundnut Oil", "v": 3.0}]}, {"source": 6, "prod": 0.0035375138821250002, "target": 18, "value": 7.0, "supply": [{"l": "Sugar cane", "v": 7.0}]}, {"source": 9, "prod": 0.074814262259040476, "target": 18, "value": 18.0, "supply": [{"l": "Sugar", "v": 18.0}]}, {"source": 17, "prod": 0.013861052037737236, "target": 3, "value": 5.0, "supply": [{"l": "Oats", "v": 4.0}, {"l": "Cereals, Other", "v": 1.0}]}, {"source": 19, "prod": 64.684412484559985, "target": 3, "value": 18397.0, "supply": [{"l": "Maize", "v": 6231.0}, {"l": "Barley", "v": 457.0}, {"l": "Cereals, Other", "v": 64.0}, {"l": "Rice", "v": 2650.0}, {"l": "Wheat", "v": 3001.0}, {"l": "Oats", "v": 19.0}, {"l": "Sorghum", "v": 2429.0}, {"l": "Millet", "v": 3546.0}]}, {"source": 19, "prod": 11.372901201813249, "target": 4, "value": 1910.0, "supply": [{"l": "Olives", "v": 1.0}, {"l": "Sunflower seed", "v": 22.0}, {"l": "Sesame seed", "v": 80.0}, {"l": "Cottonseed", "v": 555.0}, {"l": "Groundnuts", "v": 828.0}, {"l": "Oilcrops, Other", "v": 267.0}, {"l": "Soyabeans", "v": 49.0}, {"l": "Rape and Mustardseed", "v": 54.0}, {"l": "Palm kernels", "v": 14.0}, {"l": "Oil Palm", "v": 40.0}]}, {"source": 19, "prod": 24.350144394537359, "target": 5, "value": 22688.0, "supply": [{"l": "Vegetables, Other", "v": 2135.0}, {"l": "Plantains", "v": 7351.0}, {"l": "Nuts", "v": 21.0}, {"l": "Yams", "v": 286.0}, {"l": "Cocoa Beans", "v": 1.0}, {"l": "Tomatoes", "v": 159.0}, {"l": "Coffee", "v": 292.0}, {"l": "Treenuts", "v": 20.0}, {"l": "Apples", "v": 49.0}, {"l": "Roots, Other", "v": 248.0}, {"l": "Peas", "v": 81.0}, {"l": "Grapes", "v": 403.0}, {"l": "Dates", "v": 27.0}, {"l": "Potatoes", "v": 1470.0}, {"l": "Pimento", "v": 17.0}, {"l": "Pepper", "v": 1.0}, {"l": "Grapefruit", "v": 50.0}, {"l": "Pineapples", "v": 77.0}, {"l": "Beans", "v": 406.0}, {"l": "Pulses, Other", "v": 699.0}, {"l": "Lemons, Limes", "v": 37.0}, {"l": "Bananas", "v": 922.0}, {"l": "Citrus, Other", "v": 10.0}, {"l": "Spices, Other", "v": 14.0}, {"l": "Tea", "v": 59.0}, {"l": "Fruits, Other", "v": 1070.0}, {"l": "Sweet potatoes", "v": 1392.0}, {"l": "Oranges, Mandarines", "v": 383.0}, {"l": "Onions", "v": 130.0}, {"l": "Cassava", "v": 4878.0}]}, {"source": 19, "prod": 4.0322604664964832, "target": 6, "value": 7979.0, "supply": [{"l": "Sugar beet", "v": 68.0}, {"l": "Sugar cane", "v": 7911.0}]}, {"source": 1, "prod": 0.83683506231763738, "target": 7, "value": 1033.0, "supply": [{"l": "Demersal Fish", "v": 1.0}, {"l": "Freshwater Fish", "v": 443.0}, {"l": "Pelagic Fish", "v": 66.0}, {"l": "Marine Fish, Other", "v": 8.0}, {"l": "Fish, Seafood", "v": 515.0}]}, {"source": 1, "prod": 6.3452478876166944, "target": 2, "value": 5461.0, "supply": [{"l": "Poultry Meat", "v": 106.0}, {"l": "Pigmeat", "v": 117.0}, {"l": "Bovine Meat", "v": 714.0}, {"l": "Eggs", "v": 110.0}, {"l": "Milk - Excluding Butter", "v": 3659.0}, {"l": "Offals, Edible", "v": 214.0}, {"l": "Meat, Other", "v": 177.0}, {"l": "Mutton & Goat Meat", "v": 373.0}]}, {"source": 11, "prod": 3.4268161739052516, "target": 0, "value": 4635.0, "supply": [{"l": "Fats, Animals, Raw", "v": 105.0}, {"l": "Alcohol, Non-Food", "v": 5.0}, {"l": "Beverages, Fermented", "v": 4179.0}, {"l": "Fish, Body Oil", "v": 1.0}, {"l": "Beer", "v": 234.0}, {"l": "Beverages, Alcoholic", "v": 58.0}, {"l": "Butter, Ghee", "v": 36.0}, {"l": "Wine", "v": 17.0}]}, {"source": 11, "prod": 2.597706087017118, "target": 10, "value": 266.0, "supply": [{"l": "Ricebran Oil", "v": 5.0}, {"l": "Sesameseed Oil", "v": 7.0}, {"l": "Soyabean Oil", "v": 8.0}, {"l": "Coconut Oil", "v": 2.0}, {"l": "Cottonseed Oil", "v": 41.0}, {"l": "Rape and Mustard Oil", "v": 19.0}, {"l": "Maize Germ Oil", "v": 2.0}, {"l": "Groundnut Oil", "v": 87.0}, {"l": "Palm Oil", "v": 19.0}, {"l": "Palmkernel Oil", "v": 7.0}, {"l": "Oilcrops Oil, Other", "v": 59.0}, {"l": "Sunflowerseed Oil", "v": 10.0}]}, {"source": 11, "prod": 4.1070918686093103, "target": 9, "value": 988.0, "supply": [{"l": "Honey", "v": 10.0}, {"l": "Sweeteners, Other", "v": 6.0}, {"l": "Sugar non-centrifugal", "v": 8.0}, {"l": "Sugar", "v": 964.0}]}]}