{"nodes": [{"layer": 13, "name": "Other Processed", "fill": "#9c9ede"}, {"layer": 10, "name": "Feed", "fill": "#dbdb8d"}, {"layer": 13, "name": "Animal Products", "fill": "#17becf"}, {"layer": 5, "name": "Cereals", "fill": "#e7ba52"}, {"layer": 5, "name": "Oilcrops", "fill": "#ff9896"}, {"layer": 5, "name": "Fruits, Roots & Vegetables", "fill": "#98df8a"}, {"layer": 5, "name": "Sugar Crops", "fill": "#ffbb78"}, {"layer": 13, "name": "Aquatic Products", "fill": "#1f77b4"}, {"layer": 16, "name": "Food", "fill": "#b5cf6b"}, {"layer": 13, "name": "Sugar", "fill": "#d6616b"}, {"layer": 13, "name": "Vegetable Oils", "fill": "#f7b6d2"}, {"layer": 10, "name": "Processing", "fill": "#9edae5"}, {"layer": 16, "name": "Biofuels & Other", "fill": "#e7ba52"}, {"name": "Waste", "fill": "#c7c7c7"}, {"layer": 2, "name": "Import", "fill": "#aec7e8"}, {"layer": 16, "name": "Export", "fill": "#aec7e8"}, {"layer": 0, "name": "Stock Draw", "fill": "#c7c7c7"}, {"layer": 16, "name": "Stock Deposit", "fill": "#c7c7c7"}, {"name": "Crop Residue", "fill": "#bd9e39"}, {"layer": 2, "name": "Electricity", "fill": "#bcbd22"}, {"layer": 0, "name": "Fossil Fuels", "fill": "#c49c94"}, {"layer": 0, "name": "Renewables & Nuclear", "fill": "#2ca02c"}, {"layer": 2, "name": "Fertilizers", "fill": "#c5b0d5"}, {"layer": 0, "name": "Labor", "fill": "#7f7f7f"}], "links": [{"source": 0, "prod": 2.0, "target": 1, "value": 0.018061679339133056, "supply": [{"l": "Fish, Body Oil", "v": 0.018061679339133056}]}, {"source": 2, "prod": 244.0, "target": 1, "value": 0.18404315756117484, "supply": [{"l": "Milk - Excluding Butter", "v": 0.18404315756117484}]}, {"source": 3, "prod": 1725.0, "target": 1, "value": 6.1124565486383045, "supply": [{"l": "Maize", "v": 3.5874094470556979}, {"l": "Oats", "v": 0.022809044732507461}, {"l": "Barley", "v": 0.45771754295599193}, {"l": "Rice", "v": 0.55706077500849394}, {"l": "Sorghum", "v": 0.4269360009131527}, {"l": "Cereals, Other", "v": 0.056600222114000003}, {"l": "Wheat", "v": 0.18496231068089233}, {"l": "Millet", "v": 0.81896120517756898}]}, {"source": 4, "prod": 5.0, "target": 1, "value": 0.025116348563087504, "supply": [{"l": "Soyabeans", "v": 0.00424501665855}, {"l": "Cottonseed", "v": 0.020871331904537504}]}, {"source": 5, "prod": 4389.0, "target": 1, "value": 4.833783660002509, "supply": [{"l": "Potatoes", "v": 0.030390096651262254}, {"l": "Yams", "v": 0.0069306394425306126}, {"l": "Bananas", "v": 0.027259437379272781}, {"l": "Vegetables, Other", "v": 0.0010251010473428203}, {"l": "Sweet potatoes", "v": 0.01109808276745098}, {"l": "Plantains", "v": 1.9720222035737831}, {"l": "Cassava", "v": 2.7163589304648825}, {"l": "Pulses, Other", "v": 0.068699168675983482}]}, {"source": 6, "prod": 794.0, "target": 1, "value": 0.4266510413783165, "supply": [{"l": "Sugar beet", "v": 0.0048360949274620264}, {"l": "Sugar cane", "v": 0.42181494645085449}]}, {"source": 7, "prod": 108.0, "target": 1, "value": 0.10572815554650604, "supply": [{"l": "Fish, Seafood", "v": 0.044947235208176478}, {"l": "Pelagic Fish", "v": 0.060780920338329561}]}, {"source": 0, "prod": 4998.0, "target": 8, "value": 3.460364595777369, "supply": [{"l": "Beer", "v": 0.14195554099331187}, {"l": "Beverages, Alcoholic", "v": 0.17987358722669491}, {"l": "Fats, Animals, Raw", "v": 0.81210739252821029}, {"l": "Butter, Ghee", "v": 0.28598006962863165}, {"l": "Wine", "v": 0.013671366234572397}, {"l": "Beverages, Fermented", "v": 2.0267766391659476}]}, {"source": 2, "prod": 4890.0, "target": 8, "value": 5.7593020636354941, "supply": [{"l": "Mutton & Goat Meat", "v": 0.85289784240591748}, {"l": "Pigmeat", "v": 0.35574435377989438}, {"l": "Meat, Other", "v": 0.21357740063329689}, {"l": "Poultry Meat", "v": 0.17687569410625004}, {"l": "Milk - Excluding Butter", "v": 2.4182064063160924}, {"l": "Offals, Edible", "v": 0.24981735202971239}, {"l": "Bovine Meat", "v": 1.3501679116055667}, {"l": "Eggs", "v": 0.14201510275876361}]}, {"source": 3, "prod": 12798.0, "target": 8, "value": 44.745132608402287, "supply": [{"l": "Maize", "v": 13.404452065645241}, {"l": "Barley", "v": 0.96009045595647091}, {"l": "Cereals, Other", "v": 0.35375138821250007}, {"l": "Rice", "v": 7.7140807321828397}, {"l": "Wheat", "v": 9.6378575458364963}, {"l": "Oats", "v": 0.01520602982167164}, {"l": "Sorghum", "v": 5.156849018903749}, {"l": "Millet", "v": 7.5028453718433195}]}, {"source": 4, "prod": 420.0, "target": 8, "value": 2.5551219224022121, "supply": [{"l": "Sunflower seed", "v": 0.0084900333171}, {"l": "Sesame seed", "v": 0.24762597174875001}, {"l": "Groundnuts", "v": 2.1714027380168535}, {"l": "Oilcrops, Other", "v": 0.072771714146571437}, {"l": "Soyabeans", "v": 0.0339601332684}, {"l": "Rape and Mustardseed", "v": 0.010435665952268752}, {"l": "Palm kernels", "v": 0.010435665952268752}]}, {"source": 5, "prod": 13659.0, "target": 8, "value": 14.303571619354059, "supply": [{"l": "Vegetables, Other", "v": 0.4976865584849392}, {"l": "Plantains", "v": 1.9206941920283958}, {"l": "Nuts", "v": 0.10551898551252858}, {"l": "Yams", "v": 0.28415621714375516}, {"l": "Cocoa Beans", "v": 0.0047166851761666672}, {"l": "Tomatoes", "v": 0.035461419647643294}, {"l": "Coffee", "v": 0.0057075854232605042}, {"l": "Treenuts", "v": 0.10551898551252858}, {"l": "Apples", "v": 0.035503775689690903}, {"l": "Roots, Other", "v": 0.21378517629806026}, {"l": "Peas", "v": 0.21349936723883828}, {"l": "Infant food", "v": 0.0011622222200000001}, {"l": "Grapes", "v": 0.14212390574881056}, {"l": "Dates", "v": 0.073189942388793117}, {"l": "Potatoes", "v": 0.88931019674220058}, {"l": "Pimento", "v": 0.035375138821250006}, {"l": "Pepper", "v": 0.0032006077981130959}, {"l": "Grapefruit", "v": 0.030217777720000002}, {"l": "Pineapples", "v": 0.035801345313072296}, {"l": "Beans", "v": 1.4601147902730707}, {"l": "Pulses, Other", "v": 1.7441955602735808}, {"l": "Lemons, Limes", "v": 0.025322158564054682}, {"l": "Bananas", "v": 0.53330642872782397}, {"l": "Citrus, Other", "v": 0.0072349024468727676}, {"l": "Spices, Other", "v": 0.068728841138428587}, {"l": "Tea", "v": 0.035658139931820002}, {"l": "Fruits, Other", "v": 0.49772181561468448}, {"l": "Sweet potatoes", "v": 1.8489405890573334}, {"l": "Oranges, Mandarines", "v": 0.10664820176652709}, {"l": "Onions", "v": 0.071433383771462078}, {"l": "Cassava", "v": 3.2716367228803556}]}, {"source": 6, "prod": 66.0, "target": 8, "value": 0.035464696134721529, "supply": [{"l": "Sugar cane", "v": 0.035464696134721529}]}, {"source": 9, "prod": 728.0, "target": 8, "value": 3.013337484060028, "supply": [{"l": "Sugar", "v": 2.9506615791638535}, {"l": "Sugar non-centrifugal", "v": 0.01217001362860751}, {"l": "Sweeteners, Other", "v": 0.015130752446316833}, {"l": "Honey", "v": 0.035375138821250006}]}, {"source": 7, "prod": 771.0, "target": 8, "value": 0.65442303587119011, "supply": [{"l": "Freshwater Fish", "v": 0.28464169671823186}, {"l": "Marine Fish, Other", "v": 0.035817328056515628}, {"l": "Fish, Seafood", "v": 0.32045713991014713}, {"l": "Pelagic Fish", "v": 0.013506871186295457}]}, {"source": 10, "prod": 206.0, "target": 8, "value": 2.078247882027882, "supply": [{"l": "Ricebran Oil", "v": 0.035375138821250006}, {"l": "Maize Germ Oil", "v": 0.028300111057000001}, {"l": "Groundnut Oil", "v": 0.81530577679161342}, {"l": "Soyabean Oil", "v": 0.066033592466333349}, {"l": "Palm Oil", "v": 0.11461544978085002}, {"l": "Sunflowerseed Oil", "v": 0.13796304140287499}, {"l": "Coconut Oil", "v": 0.031837624939125002}, {"l": "Rape and Mustard Oil", "v": 0.21225083292749999}, {"l": "Oilcrops Oil, Other", "v": 0.21225083292749999}, {"l": "Sesameseed Oil", "v": 0.074287791524625002}, {"l": "Cottonseed Oil", "v": 0.32172757833221055}, {"l": "Palmkernel Oil", "v": 0.028300111057000001}]}, {"source": 2, "prod": 11.0, "target": 11, "value": 0.0096295652054409972, "supply": [{"l": "Milk - Excluding Butter", "v": 0.0075427523590645418}, {"l": "Bovine Meat", "v": 0.0020868128463764554}]}, {"source": 3, "prod": 755.0, "target": 11, "value": 2.5689143720204641, "supply": [{"l": "Maize", "v": 0.24703717749185941}, {"l": "Barley", "v": 0.21211300771131331}, {"l": "Rice", "v": 0.088806790218745407}, {"l": "Sorghum", "v": 1.5497440663067983}, {"l": "Wheat", "v": 0.019817390430095606}, {"l": "Millet", "v": 0.45139593986165222}]}, {"source": 4, "prod": 962.0, "target": 11, "value": 4.8958860296412805, "supply": [{"l": "Olives", "v": 0.005217832976134376}, {"l": "Soyabeans", "v": 0.17404568300055001}, {"l": "Oilcrops, Other", "v": 0.86113195073442872}, {"l": "Sunflower seed", "v": 0.072165283195350011}, {"l": "Sesame seed", "v": 0.099050388699500017}, {"l": "Cottonseed", "v": 1.695795717243672}, {"l": "Rape and Mustardseed", "v": 0.27132731475898753}, {"l": "Groundnuts", "v": 1.3789655319015075}, {"l": "Palm kernels", "v": 0.083485327618150015}, {"l": "Oil Palm", "v": 0.25470099951300001}]}, {"source": 5, "prod": 2228.0, "target": 11, "value": 2.2843907977191109, "supply": [{"l": "Plantains", "v": 2.2769105921533841}, {"l": "Grapes", "v": 0.0074802055657268727}]}, {"source": 6, "prod": 8204.0, "target": 11, "value": 4.4083691983220517, "supply": [{"l": "Sugar beet", "v": 0.028479225683943045}, {"l": "Sugar cane", "v": 4.3798899726381082}]}, {"source": 9, "prod": 4.0, "target": 11, "value": 0.016320029914351327, "supply": [{"l": "Sugar", "v": 0.0041500162857438169}, {"l": "Sugar non-centrifugal", "v": 0.01217001362860751}]}, {"source": 0, "prod": 34.0, "target": 12, "value": 0.20597289500761917, "supply": [{"l": "Alcohol, Non-Food", "v": 0.0038218799498199352}, {"l": "Fats, Animals, Raw", "v": 0.17337124110152805}, {"l": "Beverages, Alcoholic", "v": 0.028779773956271185}]}, {"source": 2, "prod": 70.0, "target": 12, "value": 0.071297513291594117, "supply": [{"l": "Milk - Excluding Butter", "v": 0.027908183728538805}, {"l": "Offals, Edible", "v": 0.043389329563055315}]}, {"source": 3, "prod": 9.0, "target": 12, "value": 0.032222240542416444, "supply": [{"l": "Maize", "v": 0.032222240542416444}]}, {"source": 4, "prod": 91.0, "target": 12, "value": 0.45719840130835537, "supply": [{"l": "Cottonseed", "v": 0.39655530618621249}, {"l": "Oilcrops, Other", "v": 0.060643095122142866}]}, {"source": 5, "prod": 367.0, "target": 12, "value": 0.55404749695460076, "supply": [{"l": "Sweet potatoes", "v": 0.33294248302352941}, {"l": "Pulses, Other", "v": 0.20609750602795046}, {"l": "Cassava", "v": 0.015007507903120901}]}, {"source": 6, "prod": 6.0, "target": 12, "value": 0.0032240632849746841, "supply": [{"l": "Sugar cane", "v": 0.0032240632849746841}]}, {"source": 9, "prod": 17.0, "target": 12, "value": 0.070550276857644881, "supply": [{"l": "Sugar", "v": 0.070550276857644881}]}, {"source": 7, "prod": 154.0, "target": 12, "value": 0.12725399468895698, "supply": [{"l": "Freshwater Fish", "v": 0.063162566706927534}, {"l": "Fish, Seafood", "v": 0.064091427982029436}]}, {"source": 10, "prod": 38.0, "target": 12, "value": 0.36061451064165151, "supply": [{"l": "Palm Oil", "v": 0.076410299853900007}, {"l": "Groundnut Oil", "v": 0.010065503417180412}, {"l": "Cottonseed Oil", "v": 0.070377907760171068}, {"l": "Oilcrops Oil, Other", "v": 0.20376079961040003}]}, {"source": 5, "prod": 378.0, "target": 5, "value": 0.71546974858741696, "supply": [{"l": "Potatoes", "v": 0.17194396789529956}, {"l": "Yams", "v": 0.015016385458816331}, {"l": "Beans", "v": 0.18300105371422487}, {"l": "Roots, Other", "v": 0.01534343370560241}, {"l": "Peas", "v": 0.014982411736058824}, {"l": "Sweet potatoes", "v": 0.0022196165534901962}, {"l": "Pulses, Other", "v": 0.31296287952392476}]}, {"source": 6, "prod": 30.0, "target": 6, "value": 0.01612031642487342, "supply": [{"l": "Sugar cane", "v": 0.01612031642487342}]}, {"source": 2, "prod": 10.0, "target": 2, "value": 0.01543642421290909, "supply": [{"l": "Eggs", "v": 0.01543642421290909}]}, {"source": 3, "prod": 770.0, "target": 3, "value": 2.6720712449753004, "supply": [{"l": "Maize", "v": 0.55851883606855168}, {"l": "Oats", "v": 0.040549412857791046}, {"l": "Barley", "v": 0.13396611013346105}, {"l": "Rice", "v": 0.4722906570724188}, {"l": "Sorghum", "v": 0.24876585879978974}, {"l": "Cereals, Other", "v": 0.0070750277642500003}, {"l": "Wheat", "v": 0.88847967094928648}, {"l": "Millet", "v": 0.32242567132975158}]}, {"source": 4, "prod": 166.0, "target": 4, "value": 0.95020043117884645, "supply": [{"l": "Soyabeans", "v": 0.0169800666342}, {"l": "Sunflower seed", "v": 0.00424501665855}, {"l": "Sesame seed", "v": 0.012381298587437502}, {"l": "Cottonseed", "v": 0.31306997856806251}, {"l": "Rape and Mustardseed", "v": 0.005217832976134376}, {"l": "Groundnuts", "v": 0.57404899970560486}, {"l": "Oilcrops, Other", "v": 0.024257238048857144}]}, {"source": 0, "prod": 261.0, "target": 13, "value": 0.11626125336754116, "supply": [{"l": "Beverages, Fermented", "v": 0.11626125336754116}]}, {"source": 2, "prod": 155.0, "target": 13, "value": 0.12559570060472941, "supply": [{"l": "Eggs", "v": 0.0169800666342}, {"l": "Milk - Excluding Butter", "v": 0.1086156339705294}]}, {"source": 3, "prod": 1788.0, "target": 13, "value": 6.2270191274885622, "supply": [{"l": "Maize", "v": 1.9118529388500423}, {"l": "Barley", "v": 0.15257251431866398}, {"l": "Rice", "v": 0.98091136468886986}, {"l": "Cereals, Other", "v": 0.024762597174875004}, {"l": "Wheat", "v": 0.84884489008909525}, {"l": "Sorghum", "v": 0.77655288355069496}, {"l": "Millet", "v": 1.5315219388163199}]}, {"source": 4, "prod": 72.0, "target": 13, "value": 0.41681838054027798, "supply": [{"l": "Sesame seed", "v": 0.030953246468593751}, {"l": "Cottonseed", "v": 0.005217832976134376}, {"l": "Groundnuts", "v": 0.31822281505419403}, {"l": "Oilcrops, Other", "v": 0.044471603089571439}, {"l": "Soyabeans", "v": 0.012735049975650002}, {"l": "Rape and Mustardseed", "v": 0.005217832976134376}]}, {"source": 5, "prod": 5612.0, "target": 13, "value": 5.8624525300350623, "supply": [{"l": "Roots, Other", "v": 0.027618180670084334}, {"l": "Plantains", "v": 3.6073326514098252}, {"l": "Nuts", "v": 0.0036385857073285722}, {"l": "Yams", "v": 0.033498090638897964}, {"l": "Citrus, Other", "v": 0.00072349024468727665}, {"l": "Grapefruit", "v": 0.0058111111000000003}, {"l": "Tomatoes", "v": 0.0054356920627774393}, {"l": "Treenuts", "v": 0.0036385857073285722}, {"l": "Vegetables, Other", "v": 0.050742501843469602}, {"l": "Peas", "v": 0.014982411736058824}, {"l": "Grapes", "v": 0.014960411131453745}, {"l": "Dates", "v": 0.0087827930866551732}, {"l": "Potatoes", "v": 0.11596221090613228}, {"l": "Pimento", "v": 0.0023583425880833336}, {"l": "Beans", "v": 0.13627738042548659}, {"l": "Apples", "v": 0.0030872848425818182}, {"l": "Lemons, Limes", "v": 0.0028939609787491066}, {"l": "Pineapples", "v": 0.003068686741120482}, {"l": "Bananas", "v": 0.10903774951709112}, {"l": "Spices, Other", "v": 0.0040428730081428577}, {"l": "Tea", "v": 0.0016980066634200001}, {"l": "Fruits, Other", "v": 0.047012738230545151}, {"l": "Sweet potatoes", "v": 0.31962478370258823}, {"l": "Oranges, Mandarines", "v": 0.012546847266650247}, {"l": "Pulses, Other", "v": 0.23663046988394312}, {"l": "Onions", "v": 0.0081972735475448286}, {"l": "Cassava", "v": 1.0828494163944158}]}, {"source": 6, "prod": 126.0, "target": 13, "value": 0.067705328984468377, "supply": [{"l": "Sugar cane", "v": 0.067705328984468377}]}, {"source": 14, "prod": 370.0, "target": 11, "value": 1.9732517390766624, "supply": [{"l": "Sugar", "v": 0.95865376200682162}, {"l": "Beer", "v": 0.010919656999485529}, {"l": "Groundnut Oil", "v": 0.10065503417180413}, {"l": "Beverages, Alcoholic", "v": 0.017987358722669492}, {"l": "Fats, Animals, Raw", "v": 0.39236649301924764}, {"l": "Soyabean Oil", "v": 0.0094333703523333343}, {"l": "Butter, Ghee", "v": 0.026810631527684217}, {"l": "Palm Oil", "v": 0.12735049975650001}, {"l": "Sunflowerseed Oil", "v": 0.095512874817374999}, {"l": "Coconut Oil", "v": 0.031837624939125002}, {"l": "Oilcrops Oil, Other", "v": 0.1358405330736}, {"l": "Wine", "v": 0.0080419801379837622}, {"l": "Sweeteners, Other", "v": 0.015130752446316833}, {"l": "Beverages, Fermented", "v": 0.00044544541520130719}, {"l": "Fish, Body Oil", "v": 0.018061679339133056}, {"l": "Cottonseed Oil", "v": 0.01005398682288158}, {"l": "Palmkernel Oil", "v": 0.014150055528500001}]}, {"source": 14, "prod": 1363.0, "target": 3, "value": 4.6796773872259312, "supply": [{"l": "Maize", "v": 0.76975352406883712}, {"l": "Barley", "v": 0.18606404185202927}, {"l": "Rice", "v": 0.4722906570724188}, {"l": "Cereals, Other", "v": 0.16626315245987502}, {"l": "Wheat", "v": 2.7381027777582094}, {"l": "Oats", "v": 0.0025343383036119404}, {"l": "Sorghum", "v": 0.22859565403223922}, {"l": "Millet", "v": 0.11607324167871058}]}, {"source": 14, "prod": 6.0, "target": 4, "value": 0.037437978241669882, "supply": [{"l": "Groundnuts", "v": 0.037437978241669882}]}, {"source": 14, "prod": 155.0, "target": 5, "value": 0.27949517342183305, "supply": [{"l": "Roots, Other", "v": 0.0020457911607469877}, {"l": "Nuts", "v": 0.083687471268557162}, {"l": "Cocoa Beans", "v": 0.0023583425880833336}, {"l": "Tomatoes", "v": 0.00025884247917987803}, {"l": "Coffee", "v": 0.00071344817790756302}, {"l": "Treenuts", "v": 0.083687471268557162}, {"l": "Vegetables, Other", "v": 0.0043566794512069863}, {"l": "Grapes", "v": 0.00074802055657268731}, {"l": "Potatoes", "v": 0.0055981756989167296}, {"l": "Beans", "v": 0.019468197203640941}, {"l": "Apples", "v": 0.0030872848425818182}, {"l": "Bananas", "v": 0.0020968797984055984}, {"l": "Spices, Other", "v": 0.020214365040714291}, {"l": "Tea", "v": 0.018678073297619998}, {"l": "Fruits, Other", "v": 0.013286208630371452}, {"l": "Infant food", "v": 0.0011622222200000001}, {"l": "Oranges, Mandarines", "v": 0.0021956982716637933}, {"l": "Onions", "v": 0.00058551953911034486}, {"l": "Pulses, Other", "v": 0.015266481927996331}]}, {"source": 14, "prod": 432.0, "target": 1, "value": 0.39671243788489036, "supply": [{"l": "Freshwater Fish", "v": 0.00082029307411594194}, {"l": "Meat, Other", "v": 0.001326567705796875}, {"l": "Marine Fish, Other", "v": 0.035817328056515628}, {"l": "Mutton & Goat Meat", "v": 0.0023367064175504586}, {"l": "Pigmeat", "v": 0.0059788967021830999}, {"l": "Milk - Excluding Butter", "v": 0.172729029022578}, {"l": "Fish, Seafood", "v": 0.075744414887852954}, {"l": "Pelagic Fish", "v": 0.074287791524625016}, {"l": "Offals, Edible", "v": 0.0026296563371548676}, {"l": "Bovine Meat", "v": 0.025041754156517469}]}, {"source": 0, "prod": 10.0, "target": 15, "value": 0.05655689440463986, "supply": [{"l": "Beer", "v": 0.0021839313998971059}, {"l": "Fats, Animals, Raw", "v": 0.036499208652953273}, {"l": "Butter, Ghee", "v": 0.017873754351789478}]}, {"source": 2, "prod": 134.0, "target": 15, "value": 0.27233471319701258, "supply": [{"l": "Meat, Other", "v": 0.017245380175359374}, {"l": "Mutton & Goat Meat", "v": 0.037387302680807338}, {"l": "Pigmeat", "v": 0.0029894483510915499}, {"l": "Bovine Meat", "v": 0.210768097484022}, {"l": "Offals, Edible", "v": 0.0039444845057323014}]}, {"source": 3, "prod": 614.0, "target": 15, "value": 2.2993220734536859, "supply": [{"l": "Maize", "v": 1.0597536889505852}, {"l": "Rice", "v": 1.0616448103422749}, {"l": "Wheat", "v": 0.013211593620063739}, {"l": "Sorghum", "v": 0.0067234015891835062}, {"l": "Millet", "v": 0.15798857895157831}]}, {"source": 4, "prod": 307.0, "target": 15, "value": 1.7487188428494753, "supply": [{"l": "Sunflower seed", "v": 0.0084900333171}, {"l": "Sesame seed", "v": 0.061906492937187502}, {"l": "Cottonseed", "v": 0.3652483083294063}, {"l": "Oilcrops, Other", "v": 0.14150055528500002}, {"l": "Soyabeans", "v": 0.02971511660985}, {"l": "Groundnuts", "v": 1.1418583363709316}]}, {"source": 5, "prod": 725.0, "target": 15, "value": 0.668211302440473, "supply": [{"l": "Plantains", "v": 0.0010265602309077477}, {"l": "Nuts", "v": 0.054578785609928585}, {"l": "Tomatoes", "v": 0.00051768495835975605}, {"l": "Coffee", "v": 0.079192747747739489}, {"l": "Treenuts", "v": 0.054578785609928585}, {"l": "Vegetables, Other", "v": 0.0046129547130426916}, {"l": "Grapes", "v": 0.12641547406078416}, {"l": "Pimento", "v": 0.0047166851761666672}, {"l": "Cocoa Beans", "v": 0.0047166851761666672}, {"l": "Fruits, Other", "v": 0.017374272824331901}, {"l": "Beans", "v": 0.038936394407281881}, {"l": "Pulses, Other", "v": 0.091598891567978}, {"l": "Pineapples", "v": 0.0010228955803734941}, {"l": "Bananas", "v": 0.0013979198656037322}, {"l": "Spices, Other", "v": 0.0040428730081428577}, {"l": "Grapefruit", "v": 0.025568888840000002}, {"l": "Oranges, Mandarines", "v": 0.014428874356647785}, {"l": "Tea", "v": 0.0339601332684}, {"l": "Cassava", "v": 0.10505255532184629}, {"l": "Onions", "v": 0.002927597695551724}, {"l": "Apples", "v": 0.0015436424212909091}]}, {"source": 6, "prod": 1.0, "target": 15, "value": 0.00053734388082911399, "supply": [{"l": "Sugar cane", "v": 0.00053734388082911399}]}, {"source": 9, "prod": 330.0, "target": 15, "value": 1.3694120292192513, "supply": [{"l": "Sugar", "v": 1.3653553580097155}, {"l": "Sugar non-centrifugal", "v": 0.0040566712095358361}]}, {"source": 7, "prod": 57.0, "target": 15, "value": 0.047094472961009382, "supply": [{"l": "Freshwater Fish", "v": 0.023788499149362319}, {"l": "Fish, Seafood", "v": 0.023305973811647059}]}, {"source": 10, "prod": 47.0, "target": 15, "value": 0.49113181790601296, "supply": [{"l": "Groundnut Oil", "v": 0.13085154442334537}, {"l": "Soyabean Oil", "v": 0.0094333703523333343}, {"l": "Palm Oil", "v": 0.050940199902600007}, {"l": "Oilcrops Oil, Other", "v": 0.11037043312230001}, {"l": "Cottonseed Oil", "v": 0.090485881405934221}, {"l": "Palmkernel Oil", "v": 0.099050388699500017}]}, {"source": 16, "prod": 38.0, "target": 5, "value": 0.070490067995943539, "supply": [{"l": "Cassava", "v": 0.032323863175952712}, {"l": "Pulses, Other", "v": 0.038166204819990827}]}, {"source": 16, "prod": 64.0, "target": 4, "value": 0.37007174808400084, "supply": [{"l": "Cottonseed", "v": 0.11479232547495626}, {"l": "Sesame seed", "v": 0.024762597174875004}, {"l": "Groundnuts", "v": 0.21838820640974102}, {"l": "Oilcrops, Other", "v": 0.012128619024428572}]}, {"source": 2, "prod": 4.0, "target": 17, "value": 0.010152522394936012, "supply": [{"l": "Pigmeat", "v": 0.0059788967021830999}, {"l": "Bovine Meat", "v": 0.0041736256927529108}]}, {"source": 16, "prod": 24.0, "target": 6, "value": 0.012896253139898737, "supply": [{"l": "Sugar cane", "v": 0.012896253139898737}]}, {"source": 3, "prod": 236.0, "target": 17, "value": 0.85938460027955987, "supply": [{"l": "Barley", "v": 0.0037212808370405848}, {"l": "Rice", "v": 0.43596060652838653}, {"l": "Cereals, Other", "v": 0.0035375138821250002}, {"l": "Wheat", "v": 0.41616519903200777}]}, {"source": 5, "prod": 46.0, "target": 17, "value": 0.11357384009796945, "supply": [{"l": "Potatoes", "v": 0.0063979150844762633}, {"l": "Beans", "v": 0.042830033848010075}, {"l": "Coffee", "v": 0.0035672408895378151}, {"l": "Tea", "v": 0.00084900333171000005}, {"l": "Peas", "v": 0.059929646944235297}]}, {"source": 10, "prod": 2.0, "target": 17, "value": 0.02278903679853158, "supply": [{"l": "Palm Oil", "v": 0.012735049975650002}, {"l": "Cottonseed Oil", "v": 0.01005398682288158}]}, {"source": 4, "prod": 1.0, "target": 17, "value": 0.005217832976134376, "supply": [{"l": "Rape and Mustardseed", "v": 0.005217832976134376}]}, {"source": 16, "prod": 2.0, "target": 11, "value": 0.023274857691738319, "supply": [{"l": "Fats, Animals, Raw", "v": 0.0091248021632383183}, {"l": "Palmkernel Oil", "v": 0.014150055528500001}]}, {"source": 9, "prod": 15.0, "target": 17, "value": 0.062250244286157247, "supply": [{"l": "Sugar", "v": 0.062250244286157247}]}, {"source": 16, "prod": 380.0, "target": 3, "value": 1.3182194405632783, "supply": [{"l": "Maize", "v": 0.9201239799334473}, {"l": "Sorghum", "v": 0.036978708740509285}, {"l": "Millet", "v": 0.3611167518893218}]}, {"source": 1, "prod": 1090.0, "target": 7, "value": 0.93449965906766264, "supply": [{"l": "Freshwater Fish", "v": 0.37159276257452173}, {"l": "Pelagic Fish", "v": 0.074287791524625016}, {"l": "Marine Fish, Other", "v": 0.035817328056515628}, {"l": "Fish, Seafood", "v": 0.45280177691200008}]}, {"source": 1, "prod": 5508.0, "target": 2, "value": 6.4323552358903822, "supply": [{"l": "Poultry Meat", "v": 0.17687569410625004}, {"l": "Pigmeat", "v": 0.36471269883316904}, {"l": "Bovine Meat", "v": 1.5671964476287181}, {"l": "Eggs", "v": 0.17443159360587268}, {"l": "Milk - Excluding Butter", "v": 2.7463161339353999}, {"l": "Offals, Edible", "v": 0.29715116609850001}, {"l": "Meat, Other", "v": 0.23082278080865626}, {"l": "Mutton & Goat Meat", "v": 0.89028514508672485}]}, {"source": 11, "prod": 5305.0, "target": 0, "value": 3.8572173178963025, "supply": [{"l": "Fats, Animals, Raw", "v": 1.0219778422826915}, {"l": "Alcohol, Non-Food", "v": 0.0038218799498199352}, {"l": "Beverages, Fermented", "v": 2.143037892533489}, {"l": "Fish, Body Oil", "v": 0.018061679339133056}, {"l": "Beer", "v": 0.14413947239320898}, {"l": "Beverages, Alcoholic", "v": 0.2086533611829661}, {"l": "Butter, Ghee", "v": 0.30385382398042116}, {"l": "Wine", "v": 0.013671366234572397}]}, {"source": 11, "prod": 293.0, "target": 10, "value": 2.9527832473740783, "supply": [{"l": "Ricebran Oil", "v": 0.035375138821250006}, {"l": "Sesameseed Oil", "v": 0.074287791524625002}, {"l": "Soyabean Oil", "v": 0.075466962818666689}, {"l": "Coconut Oil", "v": 0.031837624939125002}, {"l": "Cottonseed Oil", "v": 0.49264535432119738}, {"l": "Rape and Mustard Oil", "v": 0.21225083292749999}, {"l": "Maize Germ Oil", "v": 0.028300111057000001}, {"l": "Groundnut Oil", "v": 0.95622282463213915}, {"l": "Palm Oil", "v": 0.25470099951300001}, {"l": "Palmkernel Oil", "v": 0.12735049975650001}, {"l": "Oilcrops Oil, Other", "v": 0.52638206566020007}, {"l": "Sunflowerseed Oil", "v": 0.13796304140287499}]}, {"source": 11, "prod": 1094.0, "target": 9, "value": 4.5318700643374328, "supply": [{"l": "Honey", "v": 0.035375138821250006}, {"l": "Sweeteners, Other", "v": 0.015130752446316833}, {"l": "Sugar non-centrifugal", "v": 0.028396698466750858}, {"l": "Sugar", "v": 4.4529674746031151}]}, {"source": 5, "prod": 27304.0, "target": 18, "value": 99.207864761051667, "supply": [{"l": "Roots, Other", "v": 0.43496166583499996}, {"l": "Pulses, Other", "v": 2.4057999953999998}, {"l": "Beans", "v": 1.6561666635000001}, {"l": "Onions", "v": 0.48813333240000006}, {"l": "Vegetables, Other", "v": 7.5085366523099992}, {"l": "Tomatoes", "v": 0.55786666559999998}, {"l": "Peas", "v": 0.28241999946000002}, {"l": "Yams", "v": 0.51166833235500009}, {"l": "Potatoes", "v": 2.640278328285}, {"l": "Sweet potatoes", "v": 3.9503933257800008}, {"l": "Cassava", "v": 10.834816645949999}]}, {"source": 6, "prod": 3685.8000000000002, "target": 18, "value": 12.851155975428002, "supply": [{"l": "Sugar beet", "v": 0.086469333168000012}, {"l": "Sugar cane", "v": 12.764686642260001}]}, {"source": 3, "prod": 35649.0, "target": 18, "value": 123.24602993783725, "supply": [{"l": "Sorghum", "v": 16.662779968140001}, {"l": "Rice", "v": 19.134826630080003}, {"l": "Wheat", "v": 22.461106623719999}, {"l": "Oats", "v": 0.15237253702208953}, {"l": "Maize", "v": 38.872846592340004}, {"l": "Barley", "v": 3.4308799934400001}, {"l": "Cereals, Other", "v": 0.71127999864000002}, {"l": "Millet", "v": 22.809773289720003}]}, {"source": 4, "prod": 1928.0, "target": 18, "value": 7.0766090496468514, "supply": [{"l": "Sesame seed", "v": 0.24580999953000002}, {"l": "Groundnuts", "v": 3.0490899941700009}, {"l": "Oilcrops, Other", "v": 1.0320533313600002}, {"l": "Soyabeans", "v": 0.22488999956999997}, {"l": "Palm kernels", "v": 0.061016666550000001}, {"l": "Sunflower seed", "v": 0.062405423609491535}, {"l": "Cottonseed", "v": 1.8304999965000002}, {"l": "Olives", "v": 0.0034866666600000006}, {"l": "Rape and Mustardseed", "v": 0.19873999962000002}]}, {"source": 19, "prod": 0, "target": 5, "value": 0.13322965103887083, "supply": "[{\"l\":'Energy for power irrigation',\"v\":0.13322965103887083}]"}, {"source": 19, "prod": 0, "target": 6, "value": 0.044962079530386591, "supply": "[{\"l\":'Energy for power irrigation',\"v\":0.044962079530386591}]"}, {"source": 19, "prod": 0, "target": 3, "value": 0.086974506114208663, "supply": "[{\"l\":'Energy for power irrigation',\"v\":0.086974506114208663}]"}, {"source": 19, "prod": 0, "target": 4, "value": 0.009700430203093878, "supply": "[{\"l\":'Energy for power irrigation',\"v\":0.009700430203093878}]"}, {"source": 19, "prod": 0, "target": 11, "value": 0.26700000021359999, "supply": "[{\"l\":'Electricity',\"v\":0.26700000021359999}]"}, {"source": 20, "prod": 0, "target": 19, "value": 1.0197836849588566, "supply": [{"l": "Coal", "v": 0.53119290621588022}, {"l": "Natural gas", "v": 0.15520940918624115}, {"l": "Oil", "v": 0.33338136955673525}]}, {"source": 21, "prod": 0, "target": 19, "value": 0.14386329078076096, "supply": [{"l": "Nuclear", "v": 0.016425648861734782}, {"l": "Hydroelectric", "v": 0.12580108295784712}, {"l": "Renewable", "v": 0.0016365589611790762}]}, {"source": 20, "prod": 0, "target": 5, "value": 3.2566933870124664, "supply": [{"l": "Motor Gasoline", "v": 0.051693047156389442}, {"l": "Gas-Diesel oil", "v": 0.052105945258350529}, {"l": "Natural gas (including LNG)", "v": 2.1012025366972047}, {"l": "Fuel oil", "v": 0.62191430201034881}, {"l": "Liquefied petroleum gas (LPG)", "v": 0.023351182875038567}, {"l": "Coal", "v": 0.40642637301513412}]}, {"source": 20, "prod": 0, "target": 6, "value": 1.0990624529236146, "supply": [{"l": "Motor Gasoline", "v": 0.017445267470793675}, {"l": "Gas-Diesel oil", "v": 0.017584611506851415}, {"l": "Natural gas (including LNG)", "v": 0.70910968262512442}, {"l": "Fuel oil", "v": 0.20988241048470405}, {"l": "Liquefied petroleum gas (LPG)", "v": 0.0078805110827000757}, {"l": "Coal", "v": 0.13715996975344102}]}, {"source": 20, "prod": 0, "target": 3, "value": 2.1260229738061716, "supply": [{"l": "Motor Gasoline", "v": 0.033746070870167871}, {"l": "Gas-Diesel oil", "v": 0.034015617537996964}, {"l": "Natural gas (including LNG)", "v": 1.3716995537415517}, {"l": "Fuel oil", "v": 0.40599587885230964}, {"l": "Liquefied petroleum gas (LPG)", "v": 0.015244036007769007}, {"l": "Coal", "v": 0.26532181679637629}]}, {"source": 20, "prod": 0, "target": 4, "value": 0.23711933978101316, "supply": [{"l": "Motor Gasoline", "v": 0.0037637627361156688}, {"l": "Gas-Diesel oil", "v": 0.0037938257828010863}, {"l": "Natural gas (including LNG)", "v": 0.15298823040411821}, {"l": "Fuel oil", "v": 0.045281483753170725}, {"l": "Liquefied petroleum gas (LPG)", "v": 0.001700195998959005}, {"l": "Coal", "v": 0.02959184110584847}]}, {"source": 20, "prod": 0, "target": 1, "value": 0.85073111179169592, "supply": [{"l": "Gas-diesel oils used in fisheries", "v": 0.85073111179169592}]}, {"source": 22, "prod": 508.99478506210312, "target": 5, "value": 5.8706395008071324, "supply": [{"l": "Potash", "v": 0.44627050035701638}, {"l": "Phosphate", "v": 1.311889001049511}, {"l": "Nitrogen", "v": 10.353582137912495}]}, {"source": 22, "prod": 171.77455489872364, "target": 6, "value": 1.9812118253804325, "supply": [{"l": "Potash", "v": 0.44627050035701638}, {"l": "Phosphate", "v": 1.311889001049511}, {"l": "Nitrogen", "v": 10.353582137912495}]}, {"source": 22, "prod": 332.28016211322364, "target": 3, "value": 3.8324499627210935, "supply": [{"l": "Potash", "v": 0.44627050035701638}, {"l": "Phosphate", "v": 1.311889001049511}, {"l": "Nitrogen", "v": 10.353582137912495}]}, {"source": 22, "prod": 37.05983125928293, "target": 4, "value": 0.42744035041036404, "supply": [{"l": "Potash", "v": 0.44627050035701638}, {"l": "Phosphate", "v": 1.311889001049511}, {"l": "Nitrogen", "v": 10.353582137912495}]}, {"source": 20, "prod": 0, "target": 22, "value": 14.674310547065879, "supply": [{"l": "Natural gas (including LNG)", "v": 9.9037045219449364}, {"l": "Fuel oil", "v": 2.9403910266911391}, {"l": "Liquefied petroleum gas (LPG)", "v": 0.91510749921490153}, {"l": "Coal", "v": 0.91510749921490153}]}, {"source": 23, "prod": 0, "target": 3, "value": 5.0529501213764929, "supply": "[{\"l\":'Labor',\"v\":5.0529501213764929}]"}, {"source": 23, "prod": 0, "target": 4, "value": 0.56356502798375652, "supply": "[{\"l\":'Labor',\"v\":0.56356502798375652}]"}, {"source": 23, "prod": 0, "target": 5, "value": 7.7402311489278102, "supply": "[{\"l\":'Labor',\"v\":7.7402311489278102}]"}, {"source": 23, "prod": 0, "target": 6, "value": 2.6121579227144491, "supply": "[{\"l\":'Labor',\"v\":2.6121579227144491}]"}, {"source": 20, "prod": 0, "target": 14, "value": 5.4678711636575894, "supply": "[{\"l\":'Fossil Fuels',\"v\":5.4678711636575894}]"}, {"source": 21, "prod": 0, "target": 14, "value": 0.31038265368851975, "supply": "[{\"l\":'Renewables & Nuclear',\"v\":0.1726882559887872},{\"l\":'Biomass & Waste',\"v\":0.13769439769973255}]"}]}