{"nodes": [{"layer": 13, "name": "Animal Products", "fill": "#17becf"}, {"layer": 10, "name": "Feed", "fill": "#dbdb8d"}, {"layer": 5, "name": "Cereals", "fill": "#e7ba52"}, {"layer": 5, "name": "Sugar Crops", "fill": "#ffbb78"}, {"layer": 5, "name": "Starchy Roots"}, {"layer": 5, "name": "Fruits & Vegetables"}, {"layer": 13, "name": "Aquatic Products", "fill": "#1f77b4"}, {"layer": 13, "name": "Other Processed", "fill": "#9c9ede"}, {"layer": 16, "name": "Food", "fill": "#b5cf6b"}, {"layer": 5, "name": "Oilcrops", "fill": "#ff9896"}, {"layer": 13, "name": "Sugar", "fill": "#d6616b"}, {"layer": 5, "name": "Others"}, {"layer": 13, "name": "Vegetable Oils", "fill": "#f7b6d2"}, {"layer": 10, "name": "Processing", "fill": "#9edae5"}, {"layer": 16, "name": "Biofuels & Other", "fill": "#e7ba52"}, {"name": "Waste", "fill": "#c7c7c7"}, {"layer": 2, "name": "Import", "fill": "#aec7e8"}, {"layer": 16, "name": "Export", "fill": "#aec7e8"}, {"layer": 16, "name": "Stock Deposit", "fill": "#c7c7c7"}, {"layer": 0, "name": "Stock Draw", "fill": "#c7c7c7"}, {"layer": 2, "name": "Electricity", "fill": "#bcbd22"}, {"layer": 0, "name": "Fossil Fuels", "fill": "#c49c94"}, {"layer": 0, "name": "Renewables & Nuclear", "fill": "#2ca02c"}, {"layer": 2, "name": "Fertilizers", "fill": "#c5b0d5"}, {"layer": 0, "name": "Labor", "fill": "#7f7f7f"}], "links": [{"source": 0, "prod": 237.0, "target": 1, "value": 0.17875739221789677, "supply": [{"l": "Milk - Excluding Butter", "v": 0.17875739221789677}]}, {"source": 2, "prod": 1410.0, "target": 1, "value": 5.0271115108402684, "supply": [{"l": "Maize", "v": 2.8490664721264718}, {"l": "Wheat", "v": 0.20194618775156814}, {"l": "Oats", "v": 0.025586401777561645}, {"l": "Millet", "v": 0.63881604854707286}, {"l": "Barley", "v": 0.50565639609198543}, {"l": "Rice", "v": 0.41566188467377319}, {"l": "Sorghum", "v": 0.34887129032156855}, {"l": "Cereals, Other", "v": 0.041506829550266661}]}, {"source": 3, "prod": 282.0, "target": 1, "value": 0.17101352824444288, "supply": [{"l": "Sugar cane", "v": 0.17101352824444288}]}, {"source": 4, "prod": 918.0, "target": 1, "value": 1.0497336116931952, "supply": [{"l": "Potatoes", "v": 0.028834075416566039}, {"l": "Yams", "v": 0.0072085188541415098}, {"l": "Sweet potatoes", "v": 0.0088769785353056321}, {"l": "Cassava", "v": 1.004814038887182}]}, {"source": 5, "prod": 1017.0, "target": 1, "value": 1.0784167598690515, "supply": [{"l": "Bananas", "v": 0.016737494253711429}, {"l": "Vegetables, Other", "v": 0.0005245386868464254}, {"l": "Plantains", "v": 1.0078644593240842}, {"l": "Pulses, Other", "v": 0.053290267604409358}]}, {"source": 6, "prod": 50.0, "target": 1, "value": 0.051052693181869224, "supply": [{"l": "Pelagic Fish", "v": 0.030445816198616801}, {"l": "Fish, Seafood", "v": 0.020606876983252427}]}, {"source": 7, "prod": 3538.0, "target": 8, "value": 2.3931911740959428, "supply": [{"l": "Beer", "v": 0.058958564702083341}, {"l": "Beverages, Alcoholic", "v": 0.087932487927107145}, {"l": "Fats, Animals, Raw", "v": 0.53395149295496391}, {"l": "Butter, Ghee", "v": 0.22946035992162161}, {"l": "Wine", "v": 0.014313168560528822}, {"l": "Beverages, Fermented", "v": 1.4685751000296381}]}, {"source": 0, "prod": 3770.0, "target": 8, "value": 4.3796205979704741, "supply": [{"l": "Mutton & Goat Meat", "v": 0.6182661359146211}, {"l": "Pigmeat", "v": 0.23441507919780535}, {"l": "Meat, Other", "v": 0.1769501680827158}, {"l": "Poultry Meat", "v": 0.11704706126487377}, {"l": "Milk - Excluding Butter", "v": 1.8795924953881797}, {"l": "Offals, Edible", "v": 0.17691054645976848}, {"l": "Bovine Meat", "v": 1.0878474596579883}, {"l": "Eggs", "v": 0.088591652004521751}]}, {"source": 2, "prod": 10598.0, "target": 8, "value": 37.256524656431893, "supply": [{"l": "Maize", "v": 11.309602269581887}, {"l": "Barley", "v": 0.97011115990980878}, {"l": "Cereals, Other", "v": 0.23394758473786667}, {"l": "Rice", "v": 6.1663238813740335}, {"l": "Wheat", "v": 8.6075424287553641}, {"l": "Oats", "v": 0.011630182626164385}, {"l": "Sorghum", "v": 4.4641976761536633}, {"l": "Millet", "v": 5.4931694732931033}]}, {"source": 9, "prod": 327.0, "target": 8, "value": 2.0200032282307454, "supply": [{"l": "Sunflower seed", "v": 0.0084900333171}, {"l": "Sesame seed", "v": 0.35524086774181585}, {"l": "Groundnuts", "v": 1.5599849891903497}, {"l": "Oilcrops, Other", "v": 0.0594302332197}, {"l": "Soyabeans", "v": 0.011996786208945653}, {"l": "Rape and Mustardseed", "v": 0.02486031855283426}]}, {"source": 3, "prod": 48.0, "target": 8, "value": 0.029108685658628574, "supply": [{"l": "Sugar cane", "v": 0.029108685658628574}]}, {"source": 10, "prod": 428.0, "target": 8, "value": 1.77544263662391, "supply": [{"l": "Sugar", "v": 1.7332880932642403}, {"l": "Sugar non-centrifugal", "v": 0.0082541990582916686}, {"l": "Sweeteners, Other", "v": 0.0041852276915281695}, {"l": "Honey", "v": 0.02971511660985}]}, {"source": 4, "prod": 4599.0, "target": 8, "value": 4.9629470539742826, "supply": [{"l": "Roots, Other", "v": 0.14621724046116666}, {"l": "Yams", "v": 0.26431235798518871}, {"l": "Potatoes", "v": 0.6463638572546887}, {"l": "Sweet potatoes", "v": 1.1451302310544265}, {"l": "Cassava", "v": 2.7609233672188123}]}, {"source": 5, "prod": 5688.0, "target": 8, "value": 5.6123531716457604, "supply": [{"l": "Plantains", "v": 1.5272547328407902}, {"l": "Citrus, Other", "v": 0.0037020494115261628}, {"l": "Tomatoes", "v": 0.029293097409877199}, {"l": "Treenuts", "v": 0.056600222114000003}, {"l": "Apples", "v": 0.029964823472117645}, {"l": "Vegetables, Other", "v": 0.41123833048759756}, {"l": "Peas", "v": 0.17510693716518752}, {"l": "Grapes", "v": 0.088108775994322666}, {"l": "Dates", "v": 0.0594302332197}, {"l": "Grapefruit", "v": 0.02208222218}, {"l": "Pineapples", "v": 0.014290155088188121}, {"l": "Beans", "v": 0.9713114083638027}, {"l": "Pulses, Other", "v": 1.3512889285403802}, {"l": "Lemons, Limes", "v": 0.020731476704546514}, {"l": "Bananas", "v": 0.35221509646940574}, {"l": "Fruits, Other", "v": 0.38213258841292985}, {"l": "Oranges, Mandarines", "v": 0.088213516904502451}, {"l": "Onions", "v": 0.029388576866884616}]}, {"source": 11, "prod": 78.0, "target": 8, "value": 0.21352871428296977, "supply": [{"l": "Nuts", "v": 0.056600222114000003}, {"l": "Cocoa Beans", "v": 0.004994137245352942}, {"l": "Coffee", "v": 0.0022147913001130436}, {"l": "Pimento", "v": 0.058089701643315797}, {"l": "Pepper", "v": 0.004255655798045114}, {"l": "Spices, Other", "v": 0.060643095122142866}, {"l": "Tea", "v": 0.026731111060000003}]}, {"source": 6, "prod": 429.0, "target": 8, "value": 0.33490852199822324, "supply": [{"l": "Freshwater Fish", "v": 0.14727608815377555}, {"l": "Marine Fish, Other", "v": 0.0039305709801388897}, {"l": "Fish, Seafood", "v": 0.17639486697664078}, {"l": "Pelagic Fish", "v": 0.0073069958876680339}]}, {"source": 12, "prod": 135.0, "target": 8, "value": 1.3319449572608395, "supply": [{"l": "Ricebran Oil", "v": 0.0339601332684}, {"l": "Groundnut Oil", "v": 0.58696526636740742}, {"l": "Soyabean Oil", "v": 0.02122508329275}, {"l": "Palm Oil", "v": 0.028300111057000001}, {"l": "Sunflowerseed Oil", "v": 0.028300111057000001}, {"l": "Coconut Oil", "v": 0.060643095122142866}, {"l": "Rape and Mustard Oil", "v": 0.20800581626895004}, {"l": "Oilcrops Oil, Other", "v": 0.14694288433442307}, {"l": "Sesameseed Oil", "v": 0.031837624939125002}, {"l": "Cottonseed Oil", "v": 0.17633146120130772}, {"l": "Palmkernel Oil", "v": 0.0094333703523333343}]}, {"source": 0, "prod": 9.0, "target": 13, "value": 0.008071172328053525, "supply": [{"l": "Milk - Excluding Butter", "v": 0.006034004800604109}, {"l": "Bovine Meat", "v": 0.0020371675274494165}]}, {"source": 2, "prod": 574.0, "target": 13, "value": 1.9525553133957765, "supply": [{"l": "Maize", "v": 0.17332723784799825}, {"l": "Barley", "v": 0.059929646944235297}, {"l": "Rice", "v": 0.064568836454178366}, {"l": "Sorghum", "v": 1.2329043657966112}, {"l": "Wheat", "v": 0.013242372967315945}, {"l": "Millet", "v": 0.40858285338543743}]}, {"source": 9, "prod": 569.66666666666663, "target": 13, "value": 3.1729911561450352, "supply": [{"l": "Olives", "v": 0.0062150796382085651}, {"l": "Soyabeans", "v": 0.01999464368157609}, {"l": "Oilcrops, Other", "v": 0.64948754875814996}, {"l": "Sunflower seed", "v": 0.055185216561150004}, {"l": "Sesame seed", "v": 0.04691860517344737}, {"l": "Cottonseed", "v": 0.91983178645486763}, {"l": "Rape and Mustardseed", "v": 0.34182938010147107}, {"l": "Groundnuts", "v": 1.0192730606662046}, {"l": "Palm kernels", "v": 0.043505557467459946}, {"l": "Oil Palm", "v": 0.070750277642499998}]}, {"source": 3, "prod": 3513.0, "target": 13, "value": 2.130391931640879, "supply": [{"l": "Sugar beet", "v": 0.036385857073285718}, {"l": "Sugar cane", "v": 2.0940060745675932}]}, {"source": 10, "prod": 3.0, "target": 13, "value": 0.012381298587437502, "supply": [{"l": "Sugar non-centrifugal", "v": 0.012381298587437502}]}, {"source": 5, "prod": 1402.0, "target": 13, "value": 1.4422006949105315, "supply": [{"l": "Plantains", "v": 1.4355370059697845}, {"l": "Grapes", "v": 0.0066636889407470923}]}, {"source": 7, "prod": 22.0, "target": 14, "value": 0.14092923563048584, "supply": [{"l": "Alcohol, Non-Food", "v": 0.0029479282351041673}, {"l": "Fats, Animals, Raw", "v": 0.12888484312706025}, {"l": "Beverages, Alcoholic", "v": 0.0090964642683214296}]}, {"source": 0, "prod": 28.0, "target": 14, "value": 0.034130304093441671, "supply": [{"l": "Milk - Excluding Butter", "v": 0.0015085012001510272}, {"l": "Offals, Edible", "v": 0.032621802893290641}]}, {"source": 2, "prod": 6.0, "target": 14, "value": 0.021665904730999781, "supply": [{"l": "Maize", "v": 0.021665904730999781}]}, {"source": 9, "prod": 24.0, "target": 14, "value": 0.14916191131700554, "supply": [{"l": "Cottonseed", "v": 0.14916191131700554}]}, {"source": 3, "prod": 20.0, "target": 14, "value": 0.012128619024428572, "supply": [{"l": "Sugar cane", "v": 0.012128619024428572}]}, {"source": 10, "prod": 12.0, "target": 14, "value": 0.049759466792274838, "supply": [{"l": "Sugar", "v": 0.049759466792274838}]}, {"source": 4, "prod": 12.0, "target": 14, "value": 0.013891438325629241, "supply": [{"l": "Cassava", "v": 0.013891438325629241}]}, {"source": 5, "prod": 45.0, "target": 14, "value": 0.17129014587131577, "supply": [{"l": "Pulses, Other", "v": 0.17129014587131577}]}, {"source": 12, "prod": 17.0, "target": 14, "value": 0.14490705013445371, "supply": [{"l": "Palm Oil", "v": 0.0070750277642500003}, {"l": "Groundnut Oil", "v": 0.010481522613703704}, {"l": "Cottonseed Oil", "v": 0.029388576866884623}, {"l": "Oilcrops Oil, Other", "v": 0.097961922889615388}]}, {"source": 0, "prod": 6.0, "target": 0, "value": 0.0083054673754239128, "supply": [{"l": "Eggs", "v": 0.0083054673754239128}]}, {"source": 2, "prod": 684.0, "target": 2, "value": 2.3767053395005151, "supply": [{"l": "Maize", "v": 0.46942793583832859}, {"l": "Oats", "v": 0.016282255676630136}, {"l": "Barley", "v": 0.14233291149255886}, {"l": "Rice", "v": 0.35512860049798101}, {"l": "Sorghum", "v": 0.24048409332845985}, {"l": "Cereals, Other", "v": 0.0075466962818666657}, {"l": "Wheat", "v": 0.83095890369907566}, {"l": "Millet", "v": 0.31454394268561459}]}, {"source": 9, "prod": 136.0, "target": 9, "value": 0.83415952148360351, "supply": [{"l": "Soyabeans", "v": 0.0039989287363152177}, {"l": "Sesame seed", "v": 0.013405315763842107}, {"l": "Cottonseed", "v": 0.31696906154863674}, {"l": "Rape and Mustardseed", "v": 0.0062150796382085651}, {"l": "Groundnuts", "v": 0.47234605250385092}, {"l": "Oilcrops, Other", "v": 0.02122508329275}]}, {"source": 3, "prod": 17.0, "target": 3, "value": 0.010309326170764285, "supply": [{"l": "Sugar cane", "v": 0.010309326170764285}]}, {"source": 4, "prod": 261.0, "target": 4, "value": 0.21601247823025785, "supply": [{"l": "Potatoes", "v": 0.18822243674702832}, {"l": "Yams", "v": 0.01441703770828302}, {"l": "Roots, Other", "v": 0.012263381458033334}, {"l": "Sweet potatoes", "v": 0.001109622316913204}]}, {"source": 5, "prod": 84.0, "target": 5, "value": 0.32184434394947092, "supply": [{"l": "Beans", "v": 0.096744164179661599}, {"l": "Peas", "v": 0.011939109352171875}, {"l": "Pulses, Other", "v": 0.21316107041763743}]}, {"source": 7, "prod": 145.0, "target": 15, "value": 0.064372245920283414, "supply": [{"l": "Beverages, Fermented", "v": 0.064372245920283414}]}, {"source": 0, "prod": 126.0, "target": 15, "value": 0.099445533346980697, "supply": [{"l": "Milk - Excluding Butter", "v": 0.089755821408986136}, {"l": "Eggs", "v": 0.0096897119379945659}]}, {"source": 2, "prod": 1439.0, "target": 15, "value": 5.0701531659840464, "supply": [{"l": "Maize", "v": 1.7079954896271496}, {"l": "Barley", "v": 0.1610609261626324}, {"l": "Rice", "v": 0.8071104556772295}, {"l": "Sorghum", "v": 0.71467808017331036}, {"l": "Cereals, Other", "v": 0.011320044422799999}, {"l": "Wheat", "v": 0.8508224631500495}, {"l": "Millet", "v": 0.81716570677087486}]}, {"source": 9, "prod": 58.0, "target": 15, "value": 0.34469436517401969, "supply": [{"l": "Cottonseed", "v": 0.0062150796382085651}, {"l": "Sesame seed", "v": 0.026810631527684214}, {"l": "Rape and Mustardseed", "v": 0.0062150796382085651}, {"l": "Groundnuts", "v": 0.26724842444296831}, {"l": "Oilcrops, Other", "v": 0.038205149926950004}]}, {"source": 3, "prod": 59.0, "target": 15, "value": 0.035779426122064285, "supply": [{"l": "Sugar cane", "v": 0.035779426122064285}]}, {"source": 4, "prod": 517.0, "target": 15, "value": 0.54753021742271324, "supply": [{"l": "Potatoes", "v": 0.091307905485792457}, {"l": "Yams", "v": 0.031236915034613205}, {"l": "Roots, Other", "v": 0.018866740704666665}, {"l": "Sweet potatoes", "v": 0.1653337252200674}, {"l": "Cassava", "v": 0.24078493097757356}]}, {"source": 5, "prod": 2018.0, "target": 15, "value": 2.0655591763349497, "supply": [{"l": "Dates", "v": 0.0063675249878250009}, {"l": "Vegetables, Other", "v": 0.042487633634560457}, {"l": "Grapes", "v": 0.0096253284699680235}, {"l": "Pineapples", "v": 0.0012608960371930694}, {"l": "Plantains", "v": 1.572598328147804}, {"l": "Grapefruit", "v": 0.0034866666600000002}, {"l": "Beans", "v": 0.096744164179661599}, {"l": "Fruits, Other", "v": 0.036368480828265042}, {"l": "Tomatoes", "v": 0.0044684385879473695}, {"l": "Lemons, Limes", "v": 0.002221229646915698}, {"l": "Bananas", "v": 0.069133128439242866}, {"l": "Treenuts", "v": 0.003144456784111111}, {"l": "Apples", "v": 0.0024970686226764701}, {"l": "Peas", "v": 0.011939109352171875}, {"l": "Oranges, Mandarines", "v": 0.0096289402254914631}, {"l": "Onions", "v": 0.0032653974296538461}, {"l": "Pulses, Other", "v": 0.19032238430146198}]}, {"source": 11, "prod": 3.0, "target": 15, "value": 0.008775117592058481, "supply": [{"l": "Nuts", "v": 0.003144456784111111}, {"l": "Tea", "v": 0.0011622222200000001}, {"l": "Pimento", "v": 0.0044684385879473695}]}, {"source": 16, "prod": 36.0, "target": 11, "value": 0.088926328532325224, "supply": [{"l": "Nuts", "v": 0.050311308545777776}, {"l": "Cocoa Beans", "v": 0.002497068622676471}, {"l": "Coffee", "v": 0.00036913188335217393}, {"l": "Pimento", "v": 0.0044684385879473695}, {"l": "Spices, Other", "v": 0.016171492032571431}, {"l": "Tea", "v": 0.015108888860000001}]}, {"source": 16, "prod": 207.0, "target": 1, "value": 0.1870542605785665, "supply": [{"l": "Freshwater Fish", "v": 0.010829124128954083}, {"l": "Pigmeat", "v": 0.0030053215281769918}, {"l": "Meat, Other", "v": 0.0013405315763842104}, {"l": "Eggs", "v": 0.0013842445625706524}, {"l": "Marine Fish, Other", "v": 0.0039305709801388897}, {"l": "Mutton & Goat Meat", "v": 0.0023963803717620968}, {"l": "Milk - Excluding Butter", "v": 0.070899556407098274}, {"l": "Fish, Seafood", "v": 0.042038029045834958}, {"l": "Pelagic Fish", "v": 0.037752812086284837}, {"l": "Offals, Edible", "v": 0.0012546847266650249}, {"l": "Bovine Meat", "v": 0.012223005164696498}]}, {"source": 16, "prod": 281.0, "target": 13, "value": 1.2792895404836364, "supply": [{"l": "Sugar", "v": 0.84591093546867224}, {"l": "Beer", "v": 0.011791712940416669}, {"l": "Groundnut Oil", "v": 0.062889135682222236}, {"l": "Beverages, Alcoholic", "v": 0.0060643095122142861}, {"l": "Sugar non-centrifugal", "v": 0.0082541990582916686}, {"l": "Fats, Animals, Raw", "v": 0.1749151442438675}, {"l": "Soyabean Oil", "v": 0.02122508329275}, {"l": "Butter, Ghee", "v": 0.01835682879372973}, {"l": "Palm Oil", "v": 0.014150055528500001}, {"l": "Sunflowerseed Oil", "v": 0.0070750277642500003}, {"l": "Coconut Oil", "v": 0.060643095122142866}, {"l": "Oilcrops Oil, Other", "v": 0.024490480722403847}, {"l": "Wine", "v": 0.009542112373685881}, {"l": "Sweeteners, Other", "v": 0.0041852276915281695}, {"l": "Cottonseed Oil", "v": 0.0097961922889615409}]}, {"source": 16, "prod": 758.0, "target": 2, "value": 2.6547510079751016, "supply": [{"l": "Maize", "v": 0.19138215845716475}, {"l": "Barley", "v": 0.044947235208176478}, {"l": "Cereals, Other", "v": 0.14338722935546666}, {"l": "Rice", "v": 0.58919063264437765}, {"l": "Wheat", "v": 1.5294940777249917}, {"l": "Oats", "v": 0.0046520730504657536}, {"l": "Sorghum", "v": 0.13548399624138585}, {"l": "Millet", "v": 0.016213605293072916}]}, {"source": 16, "prod": 70.0, "target": 5, "value": 0.10134802600846197, "supply": [{"l": "Treenuts", "v": 0.050311308545777776}, {"l": "Vegetables, Other", "v": 0.0034095014645017657}, {"l": "Grapes", "v": 0.002221229646915698}, {"l": "Dates", "v": 0.0063675249878250009}, {"l": "Beans", "v": 0.015479066268745859}, {"l": "Apples", "v": 0.0041617810377941175}, {"l": "Bananas", "v": 0.0050940199902600007}, {"l": "Fruits, Other", "v": 0.0031624765937621774}, {"l": "Oranges, Mandarines", "v": 0.0012424439000634148}, {"l": "Onions", "v": 0.0022857782007576926}, {"l": "Pulses, Other", "v": 0.0076128953720584792}]}, {"source": 16, "prod": 11.0, "target": 4, "value": 0.0089528024287238994, "supply": [{"l": "Roots, Other", "v": 0.00094333703523333322}, {"l": "Potatoes", "v": 0.0080094653934905669}]}, {"source": 7, "prod": 6.0, "target": 17, "value": 0.046481657631345159, "supply": [{"l": "Beer", "v": 0.0005895856470208334}, {"l": "Butter, Ghee", "v": 0.045892071984324323}]}, {"source": 0, "prod": 88.0, "target": 17, "value": 0.16817940258928732, "supply": [{"l": "Pigmeat", "v": 0.0030053215281769918}, {"l": "Mutton & Goat Meat", "v": 0.031152944832907262}, {"l": "Milk - Excluding Butter", "v": 0.0052797542005285957}, {"l": "Meat, Other", "v": 0.013405315763842107}, {"l": "Bovine Meat", "v": 0.11408138153716733}, {"l": "Offals, Edible", "v": 0.0012546847266650249}]}, {"source": 2, "prod": 929.0, "target": 17, "value": 3.4214432544913964, "supply": [{"l": "Maize", "v": 1.5166133311699845}, {"l": "Rice", "v": 1.2752345199700228}, {"l": "Wheat", "v": 0.16884025533327832}, {"l": "Sorghum", "v": 0.0067741998120692927}, {"l": "Millet", "v": 0.45398094820604162}]}, {"source": 9, "prod": 194.0, "target": 17, "value": 1.1613694077629308, "supply": [{"l": "Sesame seed", "v": 0.040215947291526319}, {"l": "Oilcrops, Other", "v": 0.10188039980520001}, {"l": "Cottonseed", "v": 0.062150796382085642}, {"l": "Groundnuts", "v": 0.8949714679020333}, {"l": "Rape and Mustardseed", "v": 0.055935716743877081}, {"l": "Palm kernels", "v": 0.0062150796382085651}]}, {"source": 3, "prod": 31.0, "target": 17, "value": 0.018799359487864289, "supply": [{"l": "Sugar cane", "v": 0.018799359487864289}]}, {"source": 10, "prod": 108.0, "target": 17, "value": 0.44783520113047354, "supply": [{"l": "Sugar", "v": 0.44783520113047354}]}, {"source": 4, "prod": 54.0, "target": 17, "value": 0.062106801600655653, "supply": [{"l": "Sweet potatoes", "v": 0.001109622316913204}, {"l": "Potatoes", "v": 0.00080094653934905671}, {"l": "Cassava", "v": 0.06019623274439339}]}, {"source": 5, "prod": 192.0, "target": 17, "value": 0.27695900179072436, "supply": [{"l": "Grapefruit", "v": 0.0092977777600000006}, {"l": "Treenuts", "v": 0.040877938193444444}, {"l": "Vegetables, Other", "v": 0.0005245386868464254}, {"l": "Peas", "v": 0.0039797031173906252}, {"l": "Grapes", "v": 0.079223857406659881}, {"l": "Dates", "v": 0.002122508329275}, {"l": "Beans", "v": 0.011609299701559394}, {"l": "Pulses, Other", "v": 0.11799987826690643}, {"l": "Bananas", "v": 0.0043663028487942864}, {"l": "Fruits, Other", "v": 0.0015812382968810887}, {"l": "Oranges, Mandarines", "v": 0.0034167207251743908}, {"l": "Onions", "v": 0.0019592384577923078}]}, {"source": 11, "prod": 197.0, "target": 17, "value": 0.13272476985103529, "supply": [{"l": "Nuts", "v": 0.040877938193444444}, {"l": "Coffee", "v": 0.058322837569643488}, {"l": "Pimento", "v": 0.0044684385879473695}, {"l": "Tea", "v": 0.029055555500000003}]}, {"source": 6, "prod": 169.0, "target": 17, "value": 0.13060414339446796, "supply": [{"l": "Freshwater Fish", "v": 0.0613650367307398}, {"l": "Fish, Seafood", "v": 0.069239106663728164}]}, {"source": 12, "prod": 21.0, "target": 17, "value": 0.19495632061488891, "supply": [{"l": "Oilcrops Oil, Other", "v": 0.057144455018942317}, {"l": "Palm Oil", "v": 0.0070750277642500003}, {"l": "Groundnut Oil", "v": 0.062889135682222236}, {"l": "Cottonseed Oil", "v": 0.048980961444807694}, {"l": "Palmkernel Oil", "v": 0.018866740704666669}]}, {"source": 12, "prod": 9.0, "target": 18, "value": 0.089879056412509262, "supply": [{"l": "Palm Oil", "v": 0.0070750277642500003}, {"l": "Groundnut Oil", "v": 0.073370658295925928}, {"l": "Palmkernel Oil", "v": 0.0094333703523333343}]}, {"source": 11, "prod": 1.0, "target": 18, "value": 0.0011622222200000001, "supply": [{"l": "Tea", "v": 0.0011622222200000001}]}, {"source": 2, "prod": 742.0, "target": 18, "value": 2.5123105897566491, "supply": [{"l": "Maize", "v": 0.018054920609166483}, {"l": "Oats", "v": 0.00697810957569863}, {"l": "Barley", "v": 0.0037456029340147061}, {"l": "Sorghum", "v": 0.84338787660262682}, {"l": "Cereals, Other", "v": 0.0075466962818666657}, {"l": "Rice", "v": 0.33495083910605028}, {"l": "Wheat", "v": 0.18539322154242324}, {"l": "Millet", "v": 1.112253323104802}]}, {"source": 5, "prod": 176.0, "target": 18, "value": 0.28395961374795098, "supply": [{"l": "Beans", "v": 0.077395331343729279}, {"l": "Plantains", "v": 0.14427507597686279}, {"l": "Peas", "v": 0.031837624939125002}, {"l": "Pulses, Other", "v": 0.030451581488233917}]}, {"source": 9, "prod": 108.0, "target": 18, "value": 0.66580599023126186, "supply": [{"l": "Cottonseed", "v": 0.18645238914625695}, {"l": "Sesame seed", "v": 0.0067026578819210534}, {"l": "Groundnuts", "v": 0.45991589322743381}, {"l": "Oilcrops, Other", "v": 0.012735049975650002}]}, {"source": 19, "prod": 17.0, "target": 11, "value": 0.0062752420169869573, "supply": [{"l": "Coffee", "v": 0.0062752420169869573}]}, {"source": 19, "prod": 3.0, "target": 13, "value": 0.029388576866884623, "supply": [{"l": "Cottonseed Oil", "v": 0.029388576866884623}]}, {"source": 4, "prod": 298.0, "target": 18, "value": 0.32511128644398013, "supply": [{"l": "Potatoes", "v": 0.01441703770828302}, {"l": "Sweet potatoes", "v": 0.31069424873569712}]}, {"source": 10, "prod": 47.0, "target": 18, "value": 0.19485219952932231, "supply": [{"l": "Sugar", "v": 0.18659800047103065}, {"l": "Sugar non-centrifugal", "v": 0.0082541990582916686}]}, {"source": 1, "prod": 648.0, "target": 6, "value": 0.51656535857456043, "supply": [{"l": "Freshwater Fish", "v": 0.20864112488451536}, {"l": "Pelagic Fish", "v": 0.037752812086284837}, {"l": "Marine Fish, Other", "v": 0.0039305709801388897}, {"l": "Fish, Seafood", "v": 0.26624085062362135}]}, {"source": 1, "prod": 4258.0, "target": 0, "value": 4.8682044025461337, "supply": [{"l": "Poultry Meat", "v": 0.11704706126487377}, {"l": "Pigmeat", "v": 0.23742040072598233}, {"l": "Bovine Meat", "v": 1.203966008722605}, {"l": "Eggs", "v": 0.10658683131794022}, {"l": "Milk - Excluding Butter", "v": 2.1609279692163459}, {"l": "Offals, Edible", "v": 0.21078703407972413}, {"l": "Meat, Other", "v": 0.1903554838465579}, {"l": "Mutton & Goat Meat", "v": 0.64941908074752841}]}, {"source": 13, "prod": 3711.0, "target": 7, "value": 2.6449743132780572, "supply": [{"l": "Fats, Animals, Raw", "v": 0.66283633608202419}, {"l": "Alcohol, Non-Food", "v": 0.0029479282351041673}, {"l": "Beverages, Fermented", "v": 1.5329473459499214}, {"l": "Beer", "v": 0.059548150349104177}, {"l": "Beverages, Alcoholic", "v": 0.097028952195428578}, {"l": "Butter, Ghee", "v": 0.27535243190594594}, {"l": "Wine", "v": 0.014313168560528822}]}, {"source": 13, "prod": 182.0, "target": 12, "value": 1.7616873844226917, "supply": [{"l": "Ricebran Oil", "v": 0.0339601332684}, {"l": "Sesameseed Oil", "v": 0.031837624939125002}, {"l": "Soyabean Oil", "v": 0.02122508329275}, {"l": "Coconut Oil", "v": 0.060643095122142866}, {"l": "Rape and Mustard Oil", "v": 0.20800581626895004}, {"l": "Cottonseed Oil", "v": 0.25470099951300001}, {"l": "Groundnut Oil", "v": 0.73370658295925928}, {"l": "Palm Oil", "v": 0.049525194349750001}, {"l": "Palmkernel Oil", "v": 0.037733481409333337}, {"l": "Oilcrops Oil, Other", "v": 0.30204926224298079}, {"l": "Sunflowerseed Oil", "v": 0.028300111057000001}]}, {"source": 13, "prod": 598.0, "target": 10, "value": 2.4802708026634184, "supply": [{"l": "Honey", "v": 0.02971511660985}, {"l": "Sweeteners, Other", "v": 0.0041852276915281695}, {"l": "Sugar non-centrifugal", "v": 0.028889696704020841}, {"l": "Sugar", "v": 2.4174807616580196}]}, {"source": 20, "prod": 0, "target": 2, "value": 0.11311774759074061, "supply": "[{\"l\":'Energy for power irrigation',\"v\":0.11311774759074061}]"}, {"source": 20, "prod": 0, "target": 9, "value": 0.010016977617021978, "supply": "[{\"l\":'Energy for power irrigation',\"v\":0.010016977617021978}]"}, {"source": 20, "prod": 0, "target": 3, "value": 0.028061202732854704, "supply": "[{\"l\":'Energy for power irrigation',\"v\":0.028061202732854704}]"}, {"source": 20, "prod": 0, "target": 4, "value": 0.047025486594882197, "supply": "[{\"l\":'Energy for power irrigation',\"v\":0.047025486594882197}]"}, {"source": 20, "prod": 0, "target": 5, "value": 0.074849900841200218, "supply": "[{\"l\":'Energy for power irrigation',\"v\":0.074849900841200218}]"}, {"source": 20, "prod": 0, "target": 11, "value": 0.0017953515098602252, "supply": "[{\"l\":'Energy for power irrigation',\"v\":0.0017953515098602252}]"}, {"source": 20, "prod": 0, "target": 13, "value": 0.29733333357119995, "supply": "[{\"l\":'Electricity',\"v\":0.29733333357119995}]"}, {"source": 21, "prod": 0, "target": 20, "value": 1.088173798491995, "supply": [{"l": "Coal", "v": 0.56092872958303386}, {"l": "Natural gas", "v": 0.17520123341370286}, {"l": "Oil", "v": 0.35204383549525819}]}, {"source": 22, "prod": 0, "target": 20, "value": 0.1519166615122135, "supply": [{"l": "Nuclear", "v": 0.017345145691470179}, {"l": "Hydroelectric", "v": 0.13284334338425216}, {"l": "Renewable", "v": 0.001728172436491143}]}, {"source": 21, "prod": 0, "target": 2, "value": 2.7650738229812637, "supply": [{"l": "Motor Gasoline", "v": 0.043889637290475868}, {"l": "Gas-Diesel oil", "v": 0.044240205673070403}, {"l": "Natural gas (including LNG)", "v": 1.7840120148163736}, {"l": "Fuel oil", "v": 0.52803219470531537}, {"l": "Liquefied petroleum gas (LPG)", "v": 0.019826166246079694}, {"l": "Coal", "v": 0.3450736042499491}]}, {"source": 21, "prod": 0, "target": 9, "value": 0.24485709081148588, "supply": [{"l": "Motor Gasoline", "v": 0.0038865829962291196}, {"l": "Gas-Diesel oil", "v": 0.0039176270694756101}, {"l": "Natural gas (including LNG)", "v": 0.15798058926676065}, {"l": "Fuel oil", "v": 0.046759123020790203}, {"l": "Liquefied petroleum gas (LPG)", "v": 0.0017556773163205509}, {"l": "Coal", "v": 0.030557491141909757}]}, {"source": 21, "prod": 0, "target": 3, "value": 0.68593389428785057, "supply": [{"l": "Motor Gasoline", "v": 0.010887734560764159}, {"l": "Gas-Diesel oil", "v": 0.010974700316936262}, {"l": "Natural gas (including LNG)", "v": 0.44256117092017389}, {"l": "Fuel oil", "v": 0.13098933439435759}, {"l": "Liquefied petroleum gas (LPG)", "v": 0.0049182916235158795}, {"l": "Coal", "v": 0.085602662472102839}]}, {"source": 21, "prod": 0, "target": 4, "value": 1.1495008057171461, "supply": [{"l": "Motor Gasoline", "v": 0.018245868522106783}, {"l": "Gas-Diesel oil", "v": 0.018391607357324168}, {"l": "Natural gas (including LNG)", "v": 0.74165225947907221}, {"l": "Fuel oil", "v": 0.21951436819286171}, {"l": "Liquefied petroleum gas (LPG)", "v": 0.008242164778652682}, {"l": "Coal", "v": 0.14345453738712849}]}, {"source": 21, "prod": 0, "target": 5, "value": 1.8296465928365726, "supply": [{"l": "Motor Gasoline", "v": 0.029041729252194469}, {"l": "Gas-Diesel oil", "v": 0.029273700001560845}, {"l": "Natural gas (including LNG)", "v": 1.180478972155965}, {"l": "Fuel oil", "v": 0.34939837696953391}, {"l": "Liquefied petroleum gas (LPG)", "v": 0.013118954445143931}, {"l": "Coal", "v": 0.22833486001217457}]}, {"source": 21, "prod": 0, "target": 11, "value": 0.0438859468889456, "supply": [{"l": "Motor Gasoline", "v": 0.00069659561169624579}, {"l": "Gas-Diesel oil", "v": 0.00070215966763269788}, {"l": "Natural gas (including LNG)", "v": 0.028314996829653438}, {"l": "Fuel oil", "v": 0.0083806778176742629}, {"l": "Liquefied petroleum gas (LPG)", "v": 0.00031467155475391266}, {"l": "Coal", "v": 0.0054768454075350432}]}, {"source": 21, "prod": 0, "target": 1, "value": 0.85073111179169592, "supply": [{"l": "Gas-diesel oils used in fisheries", "v": 0.85073111179169592}]}, {"source": 23, "prod": 432.15863115080805, "target": 2, "value": 4.9844273558502667, "supply": [{"l": "Potash", "v": 0.44627050035701638}, {"l": "Phosphate", "v": 1.311889001049511}, {"l": "Nitrogen", "v": 10.353582137912495}]}, {"source": 23, "prod": 38.269179040786085, "target": 9, "value": 0.44138871503936444, "supply": [{"l": "Potash", "v": 0.44627050035701638}, {"l": "Phosphate", "v": 1.311889001049511}, {"l": "Nitrogen", "v": 10.353582137912495}]}, {"source": 23, "prod": 107.20590906168701, "target": 3, "value": 1.2364905553613621, "supply": [{"l": "Potash", "v": 0.44627050035701638}, {"l": "Phosphate", "v": 1.311889001049511}, {"l": "Nitrogen", "v": 10.353582137912495}]}, {"source": 23, "prod": 179.65766070211677, "target": 4, "value": 2.0721339206093554, "supply": [{"l": "Potash", "v": 0.44627050035701638}, {"l": "Phosphate", "v": 1.311889001049511}, {"l": "Nitrogen", "v": 10.353582137912495}]}, {"source": 23, "prod": 285.9589355185729, "target": 5, "value": 3.2981906136017995, "supply": [{"l": "Potash", "v": 0.44627050035701638}, {"l": "Phosphate", "v": 1.311889001049511}, {"l": "Nitrogen", "v": 10.353582137912495}]}, {"source": 23, "prod": 6.8590178593623419, "target": 11, "value": 0.079110478856873043, "supply": [{"l": "Potash", "v": 0.44627050035701638}, {"l": "Phosphate", "v": 1.311889001049511}, {"l": "Nitrogen", "v": 10.353582137912495}]}, {"source": 21, "prod": 0, "target": 23, "value": 14.674310547065879, "supply": [{"l": "Natural gas (including LNG)", "v": 9.9037045219449364}, {"l": "Fuel oil", "v": 2.9403910266911391}, {"l": "Liquefied petroleum gas (LPG)", "v": 0.91510749921490153}, {"l": "Coal", "v": 0.91510749921490153}]}, {"source": 24, "prod": 0, "target": 2, "value": 5.1901913132469151, "supply": "[{\"l\":'Labor',\"v\":5.1901913132469151}]"}, {"source": 24, "prod": 0, "target": 9, "value": 0.45960984301911578, "supply": "[{\"l\":'Labor',\"v\":0.45960984301911578}]"}, {"source": 24, "prod": 0, "target": 3, "value": 1.2875345714118944, "supply": "[{\"l\":'Labor',\"v\":1.2875345714118944}]"}, {"source": 24, "prod": 0, "target": 4, "value": 2.1576744341570109, "supply": "[{\"l\":'Labor',\"v\":2.1576744341570109}]"}, {"source": 24, "prod": 0, "target": 5, "value": 3.4343444191350767, "supply": "[{\"l\":'Labor',\"v\":3.4343444191350767}]"}, {"source": 24, "prod": 0, "target": 11, "value": 0.082376267289325233, "supply": "[{\"l\":'Labor',\"v\":0.082376267289325233}]"}, {"source": 21, "prod": 0, "target": 16, "value": 3.3058266115704891, "supply": "[{\"l\":'Fossil Fuels',\"v\":3.3058266115704891}]"}, {"source": 22, "prod": 0, "target": 16, "value": 0.19577090847520409, "supply": "[{\"l\":'Renewables & Nuclear',\"v\":0.097000401375845702},{\"l\":'Biomass & Waste',\"v\":0.09877050709935839}]"}]}