{"nodes": [{"layer": 13, "name": "Milk - Excluding Butter"}, {"layer": 10, "name": "Feed", "fill": "#dbdb8d"}, {"layer": 5, "name": "Oilcrops", "fill": "#ff9896"}, {"layer": 5, "name": "Vegetables"}, {"layer": 5, "name": "Sugar Crops", "fill": "#ffbb78"}, {"layer": 5, "name": "Starchy Roots"}, {"layer": 5, "name": "Pulses"}, {"layer": 13, "name": "Fish, Seafood"}, {"layer": 5, "name": "Fruits - Excluding Wine"}, {"layer": 5, "name": "Cereals - Excluding Beer"}, {"layer": 16, "name": "Food", "fill": "#b5cf6b"}, {"layer": 13, "name": "Meat"}, {"layer": 13, "name": "Sugar & Sweeteners"}, {"layer": 5, "name": "Treenuts"}, {"layer": 5, "name": "Others"}, {"layer": 13, "name": "Alcoholic Beverages"}, {"layer": 13, "name": "Animal Fats"}, {"layer": 13, "name": "Vegetable Oils", "fill": "#f7b6d2"}, {"layer": 5, "name": "Spices"}, {"layer": 5, "name": "Stimulants"}, {"layer": 13, "name": "Eggs"}, {"layer": 10, "name": "Processing", "fill": "#9edae5"}, {"layer": 16, "name": "Biofuels & Other", "fill": "#e7ba52"}, {"name": "Waste", "fill": "#c7c7c7"}, {"layer": 2, "name": "Import", "fill": "#aec7e8"}, {"layer": 16, "name": "Export", "fill": "#aec7e8"}, {"layer": 16, "name": "Stock Deposit", "fill": "#c7c7c7"}, {"layer": 0, "name": "Stock Draw", "fill": "#c7c7c7"}, {"layer": 2, "name": "Electricity", "fill": "#bcbd22"}, {"layer": 0, "name": "Fossil Fuels", "fill": "#c49c94"}, {"layer": 0, "name": "Renewables & Nuclear", "fill": "#2ca02c"}, {"layer": 2, "name": "Fertilizers", "fill": "#c5b0d5"}, {"layer": 0, "name": "Labor", "fill": "#7f7f7f"}], "links": [{"source": 0, "prod": 311.0, "target": 1, "value": 0.2279675274124312, "supply": [{"l": "Milk - Excluding Butter", "v": 0.2279675274124312}]}, {"source": 2, "prod": 26.0, "target": 1, "value": 0.14519187411852175, "supply": [{"l": "Soyabeans", "v": 0.090560355382399996}, {"l": "Cottonseed", "v": 0.050940199902600007}, {"l": "Oilcrops, Other", "v": 0.0036913188335217393}]}, {"source": 3, "prod": 6.0, "target": 1, "value": 0.001571016188206631, "supply": [{"l": "Vegetables, Other", "v": 0.001571016188206631}]}, {"source": 4, "prod": 315.0, "target": 1, "value": 0.10570594841448619, "supply": [{"l": "Sugar beet", "v": 0.0050336165911660079}, {"l": "Sugar cane", "v": 0.10067233182332018}]}, {"source": 5, "prod": 1937.0, "target": 1, "value": 2.229026306136026, "supply": [{"l": "Potatoes", "v": 0.049445137458499655}, {"l": "Yams", "v": 0.0096113584721886809}, {"l": "Sweet potatoes", "v": 0.017919096194386606}, {"l": "Cassava", "v": 2.1520507140109513}]}, {"source": 6, "prod": 36.0, "target": 1, "value": 0.13920292250611488, "supply": [{"l": "Pulses, Other", "v": 0.13920292250611488}]}, {"source": 7, "prod": 40.0, "target": 1, "value": 0.038666408103770381, "supply": [{"l": "Fish, Seafood", "v": 0.016756644704802634}, {"l": "Pelagic Fish", "v": 0.021909763398967743}]}, {"source": 8, "prod": 1462.0, "target": 1, "value": 1.4987475716891947, "supply": [{"l": "Bananas", "v": 0.020071546157274456}, {"l": "Plantains", "v": 1.4786760255319202}]}, {"source": 9, "prod": 2023.0, "target": 1, "value": 7.1708256434989073, "supply": [{"l": "Maize", "v": 4.417221728858757}, {"l": "Oats", "v": 0.025901796560644067}, {"l": "Barley", "v": 0.46309272638727272}, {"l": "Rice", "v": 0.68443069976101056}, {"l": "Sorghum", "v": 0.49934801220311842}, {"l": "Cereals, Other", "v": 0.062724873014395527}, {"l": "Wheat", "v": 0.18241346177458939}, {"l": "Millet", "v": 0.83569234493911981}]}, {"source": 0, "prod": 4223.0, "target": 10, "value": 3.0955204767289293, "supply": [{"l": "Milk - Excluding Butter", "v": 3.0955204767289293}]}, {"source": 11, "prod": 2104.0, "target": 10, "value": 4.2789405441869626, "supply": [{"l": "Mutton & Goat Meat", "v": 1.1373979612034193}, {"l": "Pigmeat", "v": 0.59230206256731677}, {"l": "Meat, Other", "v": 0.2733027579043989}, {"l": "Poultry Meat", "v": 0.22761109057356912}, {"l": "Offals, Edible", "v": 0.31896042599563762}, {"l": "Bovine Meat", "v": 1.7293662459426216}]}, {"source": 12, "prod": 911.0, "target": 10, "value": 3.8473546400576706, "supply": [{"l": "Sugar", "v": 3.7295503500117855}, {"l": "Sugar non-centrifugal", "v": 0.0424501665855}, {"l": "Sweeteners, Other", "v": 0.029044850821657898}, {"l": "Honey", "v": 0.046309272638727278}]}, {"source": 13, "prod": 44.0, "target": 10, "value": 0.18222510534263414, "supply": [{"l": "Treenuts", "v": 0.18222510534263414}]}, {"source": 3, "prod": 3134.0, "target": 10, "value": 0.86512122140896419, "supply": [{"l": "Vegetables, Other", "v": 0.72842783926514121}, {"l": "Tomatoes", "v": 0.045504135404600722}, {"l": "Onions", "v": 0.091189246739222227}]}, {"source": 14, "prod": 49.0, "target": 10, "value": 0.18803621644263413, "supply": [{"l": "Nuts", "v": 0.18222510534263414}, {"l": "Infant food", "v": 0.0058111111000000003}]}, {"source": 4, "prod": 272.0, "target": 10, "value": 0.091276247519810283, "supply": [{"l": "Sugar cane", "v": 0.091276247519810283}]}, {"source": 15, "prod": 4860.0, "target": 10, "value": 2.6128172715787956, "supply": [{"l": "Beer", "v": 0.27278322057376064}, {"l": "Beverages, Alcoholic", "v": 0.41088557468606607}, {"l": "Wine", "v": 0.017751887844845451}, {"l": "Beverages, Fermented", "v": 1.9113965884741233}]}, {"source": 16, "prod": 161.0, "target": 10, "value": 1.4484068017640375, "supply": [{"l": "Fats, Animals, Raw", "v": 1.090931714728248}, {"l": "Butter, Ghee", "v": 0.35747508703578951}]}, {"source": 5, "prod": 8532.0, "target": 10, "value": 9.2856997614803163, "supply": [{"l": "Yams", "v": 0.40968415487704246}, {"l": "Roots, Other", "v": 0.22718305232943467}, {"l": "Potatoes", "v": 1.2288332522473029}, {"l": "Sweet potatoes", "v": 2.3675605846833303}, {"l": "Cassava", "v": 5.0524387173432048}]}, {"source": 6, "prod": 1119.0, "target": 10, "value": 4.3224978408682375, "supply": [{"l": "Peas", "v": 0.18112071076479999}, {"l": "Beans", "v": 2.0494665446643223}, {"l": "Pulses, Other", "v": 2.0919105854391149}]}, {"source": 7, "prod": 980.0, "target": 10, "value": 0.82159409745466039, "supply": [{"l": "Freshwater Fish", "v": 0.36448937361356032}, {"l": "Marine Fish, Other", "v": 0.046309272638727278}, {"l": "Fish, Seafood", "v": 0.4096999630324244}, {"l": "Pelagic Fish", "v": 0.0010954881699483871}]}, {"source": 8, "prod": 5918.0, "target": 10, "value": 4.9872885715531305, "supply": [{"l": "Plantains", "v": 3.2772331172989393}, {"l": "Apples", "v": 0.044744770184716218}, {"l": "Grapes", "v": 0.13644696402482145}, {"l": "Dates", "v": 0.090755528562103449}, {"l": "Grapefruit", "v": 0.10808666646000001}, {"l": "Pineapples", "v": 0.045633929079412508}, {"l": "Lemons, Limes", "v": 0.048610354508974593}, {"l": "Bananas", "v": 0.54608447993412235}, {"l": "Citrus, Other", "v": 0.0068358311028245532}, {"l": "Fruits, Other", "v": 0.54626324920677594}, {"l": "Oranges, Mandarines", "v": 0.13659368119043952}]}, {"source": 9, "prod": 15270.0, "target": 10, "value": 53.620767784684588, "supply": [{"l": "Maize", "v": 17.615409654795091}, {"l": "Barley", "v": 0.86829886197613637}, {"l": "Cereals, Other", "v": 0.49831426894769776}, {"l": "Rice", "v": 10.011317691178803}, {"l": "Wheat", "v": 12.470447568590112}, {"l": "Oats", "v": 0.0043169660934406781}, {"l": "Sorghum", "v": 4.9163995563890923}, {"l": "Millet", "v": 7.2362632167142174}]}, {"source": 17, "prod": 330.0, "target": 10, "value": 3.3989303375029394, "supply": [{"l": "Ricebran Oil", "v": 0.049525194349750008}, {"l": "Maize Germ Oil", "v": 0.097028952195428578}, {"l": "Groundnut Oil", "v": 1.0073567621188315}, {"l": "Soyabean Oil", "v": 0.55098583568118376}, {"l": "Palm Oil", "v": 0.13892781791618183}, {"l": "Sunflowerseed Oil", "v": 0.13714669204546157}, {"l": "Coconut Oil", "v": 0.020107973645763159}, {"l": "Rape and Mustard Oil", "v": 0.27429338409092313}, {"l": "Oilcrops Oil, Other", "v": 0.50586448514387505}, {"l": "Sesameseed Oil", "v": 0.0424501665855}, {"l": "Cottonseed Oil", "v": 0.55098583568118376}, {"l": "Palmkernel Oil", "v": 0.024257238048857144}]}, {"source": 18, "prod": 37.0, "target": 10, "value": 0.09241755017051563, "supply": [{"l": "Pimento", "v": 0.044808509173583339}, {"l": "Pepper", "v": 0.0025057389998385422}, {"l": "Spices, Other", "v": 0.045103301997093753}]}, {"source": 19, "prod": 94.0, "target": 10, "value": 0.065379433153210223, "supply": [{"l": "Cocoa Beans", "v": 0.0072771714146571435}, {"l": "Coffee", "v": 0.012507638368941967}, {"l": "Tea", "v": 0.045594623369611113}]}, {"source": 20, "prod": 150.0, "target": 10, "value": 0.22741160670803573, "supply": [{"l": "Eggs", "v": 0.22741160670803573}]}, {"source": 2, "prod": 348.0, "target": 10, "value": 2.094754698451871, "supply": [{"l": "Sunflower seed", "v": 0.045987680467625004}, {"l": "Coconuts - Incl Copra", "v": 0.0056600222113999997}, {"l": "Sesame seed", "v": 0.32479313503789536}, {"l": "Groundnuts", "v": 1.5071704234575067}, {"l": "Oilcrops, Other", "v": 0.092282970838043474}, {"l": "Soyabeans", "v": 0.090560355382399996}, {"l": "Rape and Mustardseed", "v": 0.0056600222113999997}, {"l": "Palm kernels", "v": 0.022640088845599999}]}, {"source": 2, "prod": 1326.5454545454545, "target": 21, "value": 7.1187839153416714, "supply": [{"l": "Olives", "v": 0.0056600222113999997}, {"l": "Soyabeans", "v": 1.5395260415008003}, {"l": "Oilcrops, Other", "v": 0.7271898102037827}, {"l": "Sunflower seed", "v": 0.145038069167125}, {"l": "Sesame seed", "v": 0.048373445643941866}, {"l": "Cottonseed", "v": 2.3828693509994001}, {"l": "Rape and Mustardseed", "v": 0.32828128826120001}, {"l": "Groundnuts", "v": 1.6197391687779845}, {"l": "Palm kernels", "v": 0.090560355382399996}, {"l": "Oil Palm", "v": 0.23154636319363636}]}, {"source": 4, "prod": 12989.0, "target": 21, "value": 4.3587763935103521, "supply": [{"l": "Sugar beet", "v": 0.0067114887882213439}, {"l": "Sugar cane", "v": 4.3520649047221305}]}, {"source": 0, "prod": 14.0, "target": 21, "value": 0.010262203806347386, "supply": [{"l": "Milk - Excluding Butter", "v": 0.010262203806347386}]}, {"source": 12, "prod": 5.0, "target": 21, "value": 0.032514292243453993, "supply": [{"l": "Sugar", "v": 0.0042141811864539955}, {"l": "Sugar non-centrifugal", "v": 0.028300111057000001}]}, {"source": 9, "prod": 815.0, "target": 21, "value": 2.8134246826412435, "supply": [{"l": "Maize", "v": 0.35651507093291018}, {"l": "Barley", "v": 0.37047418110981817}, {"l": "Rice", "v": 0.15794554609869474}, {"l": "Sorghum", "v": 1.5650706154285661}, {"l": "Wheat", "v": 0.046432517542622759}, {"l": "Millet", "v": 0.31698675152863165}]}, {"source": 8, "prod": 2014.0, "target": 21, "value": 2.0745064401393085, "supply": [{"l": "Plantains", "v": 2.0596213167911461}, {"l": "Grapes", "v": 0.014885123348162339}]}, {"source": 11, "prod": 2.0, "target": 21, "value": 0.0041521398462007727, "supply": [{"l": "Bovine Meat", "v": 0.0041521398462007727}]}, {"source": 5, "prod": 16.0, "target": 22, "value": 0.018592230790591371, "supply": [{"l": "Cassava", "v": 0.018592230790591371}]}, {"source": 2, "prod": 74.0, "target": 22, "value": 0.36568665244088694, "supply": [{"l": "Cottonseed", "v": 0.26602104393580001}, {"l": "Oilcrops, Other", "v": 0.099665608505086961}]}, {"source": 12, "prod": 65.0, "target": 22, "value": 0.27392177711950966, "supply": [{"l": "Sugar", "v": 0.27392177711950966}]}, {"source": 4, "prod": 72.0, "target": 22, "value": 0.024161359637596837, "supply": [{"l": "Sugar cane", "v": 0.024161359637596837}]}, {"source": 16, "prod": 25.0, "target": 22, "value": 0.22539911461327436, "supply": [{"l": "Fats, Animals, Raw", "v": 0.22539911461327436}]}, {"source": 0, "prod": 26.0, "target": 22, "value": 0.019058378497502283, "supply": [{"l": "Milk - Excluding Butter", "v": 0.019058378497502283}]}, {"source": 6, "prod": 44.0, "target": 22, "value": 0.17013690528525149, "supply": [{"l": "Pulses, Other", "v": 0.17013690528525149}]}, {"source": 7, "prod": 86.0, "target": 22, "value": 0.070548907404715727, "supply": [{"l": "Freshwater Fish", "v": 0.03452212128939007}, {"l": "Fish, Seafood", "v": 0.036026786115325657}]}, {"source": 15, "prod": 21.0, "target": 22, "value": 0.05098845165152225, "supply": [{"l": "Alcohol, Non-Food", "v": 0.0041330790996024344}, {"l": "Beverages, Alcoholic", "v": 0.046855372551919815}]}, {"source": 9, "prod": 43.0, "target": 22, "value": 0.15418334653284591, "supply": [{"l": "Maize", "v": 0.14260602837316408}, {"l": "Barley", "v": 0.011577318159681818}]}, {"source": 17, "prod": 87.0, "target": 22, "value": 0.89350008108032042, "supply": [{"l": "Soyabean Oil", "v": 0.1039595916379592}, {"l": "Palm Oil", "v": 0.12735049975650004}, {"l": "Groundnut Oil", "v": 0.010493299605404495}, {"l": "Cottonseed Oil", "v": 0.30148281575008162}, {"l": "Oilcrops Oil, Other", "v": 0.35021387433037504}]}, {"source": 11, "prod": 42.0, "target": 22, "value": 0.057249307229986252, "supply": [{"l": "Offals, Edible", "v": 0.057249307229986252}]}, {"source": 2, "prod": 145.0, "target": 2, "value": 0.84990030583518883, "supply": [{"l": "Soyabeans", "v": 0.1358405330736}, {"l": "Sunflower seed", "v": 0.0070750277642500003}, {"l": "Sesame seed", "v": 0.013820984469697675}, {"l": "Cottonseed", "v": 0.21508084403320002}, {"l": "Rape and Mustardseed", "v": 0.0056600222113999997}, {"l": "Groundnuts", "v": 0.45027498128191079}, {"l": "Oilcrops, Other", "v": 0.022147913001130438}]}, {"source": 20, "prod": 13.0, "target": 20, "value": 0.019709005914696431, "supply": [{"l": "Eggs", "v": 0.019709005914696431}]}, {"source": 4, "prod": 59.0, "target": 4, "value": 0.019798891925252967, "supply": [{"l": "Sugar cane", "v": 0.019798891925252967}]}, {"source": 5, "prod": 404.0, "target": 5, "value": 0.33799692622039929, "supply": [{"l": "Potatoes", "v": 0.30072370487054711}, {"l": "Yams", "v": 0.018021297135353772}, {"l": "Roots, Other", "v": 0.018131980702349247}, {"l": "Sweet potatoes", "v": 0.0011199435121491629}]}, {"source": 6, "prod": 137.0, "target": 6, "value": 0.52956480245895565, "supply": [{"l": "Beans", "v": 0.16241055636962554}, {"l": "Peas", "v": 0.0075466962818666657}, {"l": "Pulses, Other", "v": 0.35960754980746346}]}, {"source": 9, "prod": 770.0, "target": 9, "value": 2.6826501916596444, "supply": [{"l": "Maize", "v": 0.56329381207399809}, {"l": "Oats", "v": 0.02158483046720339}, {"l": "Barley", "v": 0.15822334818231817}, {"l": "Rice", "v": 0.48193640989088904}, {"l": "Sorghum", "v": 0.25470099951300001}, {"l": "Cereals, Other", "v": 0.010454145502399254}, {"l": "Wheat", "v": 0.87226800812212746}, {"l": "Millet", "v": 0.32018863790770874}]}, {"source": 0, "prod": 173.0, "target": 23, "value": 0.12681151846414984, "supply": [{"l": "Milk - Excluding Butter", "v": 0.12681151846414984}]}, {"source": 2, "prod": 187.0, "target": 23, "value": 1.0494649384659545, "supply": [{"l": "Sunflower seed", "v": 0.0070750277642500003}, {"l": "Sesame seed", "v": 0.027641968939395349}, {"l": "Cottonseed", "v": 0.0056600222113999997}, {"l": "Groundnuts", "v": 0.25015276737883935}, {"l": "Oilcrops, Other", "v": 0.062752420169869566}, {"l": "Soyabeans", "v": 0.6905227097908001}, {"l": "Rape and Mustardseed", "v": 0.0056600222113999997}]}, {"source": 13, "prod": 1.0, "target": 23, "value": 0.0041414796668780484, "supply": [{"l": "Treenuts", "v": 0.0041414796668780484}]}, {"source": 3, "prod": 327.0, "target": 23, "value": 0.090657345892907915, "supply": [{"l": "Tomatoes", "v": 0.0064133345201115109}, {"l": "Vegetables, Other", "v": 0.074361432908447198}, {"l": "Onions", "v": 0.0098825784643492079}]}, {"source": 15, "prod": 209.0, "target": 23, "value": 0.095228101785719124, "supply": [{"l": "Beverages, Fermented", "v": 0.095228101785719124}]}, {"source": 4, "prod": 159.0, "target": 23, "value": 0.05335633586635969, "supply": [{"l": "Sugar cane", "v": 0.05335633586635969}]}, {"source": 5, "prod": 1179.0, "target": 23, "value": 1.2921392114701384, "supply": [{"l": "Roots, Other", "v": 0.03093102590400754}, {"l": "Yams", "v": 0.048056792360943401}, {"l": "Potatoes", "v": 0.15076714044722844}, {"l": "Sweet potatoes", "v": 0.30126480476812484}, {"l": "Cassava", "v": 0.76111944798983433}]}, {"source": 6, "prod": 121.0, "target": 23, "value": 0.46760377751704058, "supply": [{"l": "Peas", "v": 0.011320044422799999}, {"l": "Beans", "v": 0.17014439238722673}, {"l": "Pulses, Other", "v": 0.28613934070701386}]}, {"source": 14, "prod": 1.0, "target": 23, "value": 0.0041414796668780484, "supply": [{"l": "Nuts", "v": 0.0041414796668780484}]}, {"source": 9, "prod": 1725.0, "target": 23, "value": 6.0367720829426741, "supply": [{"l": "Maize", "v": 1.8360526153044874}, {"l": "Barley", "v": 0.14664603002263635}, {"l": "Rice", "v": 1.057020193122034}, {"l": "Cereals, Other", "v": 0.034847151674664179}, {"l": "Wheat", "v": 1.3233267499647485}, {"l": "Sorghum", "v": 0.70713040654267123}, {"l": "Millet", "v": 0.93174893631143252}]}, {"source": 18, "prod": 2.0, "target": 23, "value": 0.0050114779996770836, "supply": [{"l": "Pimento", "v": 0.0023583425880833336}, {"l": "Spices, Other", "v": 0.00265313541159375}]}, {"source": 19, "prod": 3.0, "target": 23, "value": 0.0019512477365689483, "supply": [{"l": "Coffee", "v": 0.00037901934451339288}, {"l": "Tea", "v": 0.0015722283920555555}]}, {"source": 20, "prod": 15.0, "target": 23, "value": 0.022741160670803576, "supply": [{"l": "Eggs", "v": 0.022741160670803576}]}, {"source": 8, "prod": 1803.0, "target": 23, "value": 1.72007920473891, "supply": [{"l": "Plantains", "v": 1.4931222672328601}, {"l": "Grapefruit", "v": 0.012784444420000001}, {"l": "Grapes", "v": 0.021500733725123383}, {"l": "Dates", "v": 0.0087827930866551732}, {"l": "Apples", "v": 0.0034419053988243241}, {"l": "Lemons, Limes", "v": 0.0053167575244190968}, {"l": "Pineapples", "v": 0.00424501665855}, {"l": "Bananas", "v": 0.10035773078637229}, {"l": "Fruits, Other", "v": 0.05477991346309749}, {"l": "Oranges, Mandarines", "v": 0.015747642443008067}]}, {"source": 24, "prod": 22.0, "target": 14, "value": 0.076216265436926833, "supply": [{"l": "Nuts", "v": 0.070405154336926831}, {"l": "Infant food", "v": 0.0058111111000000003}]}, {"source": 24, "prod": 670.0, "target": 1, "value": 0.53841420513681293, "supply": [{"l": "Pigmeat", "v": 0.0028892783539869109}, {"l": "Eggs", "v": 0.0030321547561071431}, {"l": "Marine Fish, Other", "v": 0.046309272638727278}, {"l": "Milk - Excluding Butter", "v": 0.39949293388995172}, {"l": "Pelagic Fish", "v": 0.02300525156891613}, {"l": "Fish, Seafood", "v": 0.047756437408687499}, {"l": "Poultry Meat", "v": 0.0013963870587335528}, {"l": "Bovine Meat", "v": 0.014532489461702705}]}, {"source": 24, "prod": 2022.0, "target": 9, "value": 7.0738917828580181, "supply": [{"l": "Maize", "v": 2.4171721809251308}, {"l": "Barley", "v": 0.33188312057754543}, {"l": "Rice", "v": 0.77757807310126625}, {"l": "Cereals, Other", "v": 0.29271607406717914}, {"l": "Wheat", "v": 2.9550980807483485}, {"l": "Oats", "v": 0.0021584830467203391}, {"l": "Sorghum", "v": 0.20443106539859213}, {"l": "Millet", "v": 0.092854704993235532}]}, {"source": 24, "prod": 6.0, "target": 6, "value": 0.023107597862119314, "supply": [{"l": "Peas", "v": 0.0037733481409333329}, {"l": "Beans", "v": 0.011600754026401823}, {"l": "Pulses, Other", "v": 0.007733495694784159}]}, {"source": 24, "prod": 471.0, "target": 21, "value": 2.7464906639146487, "supply": [{"l": "Sugar", "v": 1.0704020213593148}, {"l": "Beer", "v": 0.012399237298807302}, {"l": "Groundnut Oil", "v": 0.031479898816213485}, {"l": "Beverages, Alcoholic", "v": 0.046855372551919815}, {"l": "Butter, Ghee", "v": 0.017873754351789478}, {"l": "Fats, Animals, Raw", "v": 0.49587805214920366}, {"l": "Soyabean Oil", "v": 0.19752322411212245}, {"l": "Palm Oil", "v": 0.17365977239522731}, {"l": "Sunflowerseed Oil", "v": 0.029388576866884623}, {"l": "Coconut Oil", "v": 0.020107973645763159}, {"l": "Rape and Mustard Oil", "v": 0.058777153733769245}, {"l": "Oilcrops Oil, Other", "v": 0.52532081149556253}, {"l": "Wine", "v": 0.0084900333171}, {"l": "Sweeteners, Other", "v": 0.025414244468950666}, {"l": "Cottonseed Oil", "v": 0.020791918327591835}, {"l": "Palmkernel Oil", "v": 0.012128619024428572}]}, {"source": 24, "prod": 17.0, "target": 13, "value": 0.070405154336926831, "supply": [{"l": "Treenuts", "v": 0.070405154336926831}]}, {"source": 24, "prod": 34.0, "target": 3, "value": 0.0092204796987792447, "supply": [{"l": "Tomatoes", "v": 0.00091619064573021593}, {"l": "Vegetables, Other", "v": 0.0078550809410331546}, {"l": "Onions", "v": 0.00044920811201587307}]}, {"source": 24, "prod": 28.0, "target": 19, "value": 0.022836617394606948, "supply": [{"l": "Coffee", "v": 0.00075803868902678576}, {"l": "Cocoa Beans", "v": 0.0024257238048857148}, {"l": "Tea", "v": 0.019652854900694447}]}, {"source": 24, "prod": 55.0, "target": 8, "value": 0.041869536331032284, "supply": [{"l": "Grapes", "v": 0.00082695129712012996}, {"l": "Dates", "v": 0.0087827930866551732}, {"l": "Apples", "v": 0.010325716196472974}, {"l": "Pineapples", "v": 0.00053062708231875}, {"l": "Bananas", "v": 0.0048448559689972829}, {"l": "Fruits, Other", "v": 0.01484689243392362}, {"l": "Oranges, Mandarines", "v": 0.001711700265544355}]}, {"source": 24, "prod": 6.0, "target": 2, "value": 0.026679116729957941, "supply": [{"l": "Coconuts - Incl Copra", "v": 0.0056600222113999997}, {"l": "Groundnuts", "v": 0.0062538191844709835}, {"l": "Oilcrops, Other", "v": 0.014765275334086957}]}, {"source": 24, "prod": 4.0, "target": 18, "value": 0.010612541646375, "supply": [{"l": "Spices, Other", "v": 0.010612541646375}]}, {"source": 24, "prod": 14.0, "target": 5, "value": 0.012116097563422707, "supply": [{"l": "Roots, Other", "v": 0.0031997613004145732}, {"l": "Potatoes", "v": 0.0089163362630081348}]}, {"source": 0, "prod": 3.0, "target": 25, "value": 0.0021990436727887253, "supply": [{"l": "Milk - Excluding Butter", "v": 0.0021990436727887253}]}, {"source": 7, "prod": 28.0, "target": 25, "value": 0.02296941171316326, "supply": [{"l": "Freshwater Fish", "v": 0.011239760419801419}, {"l": "Fish, Seafood", "v": 0.011729651293361842}]}, {"source": 11, "prod": 96.0, "target": 25, "value": 0.19993856056539447, "supply": [{"l": "Meat, Other", "v": 0.0057236179665842704}, {"l": "Mutton & Goat Meat", "v": 0.047589872853699554}, {"l": "Offals, Edible", "v": 0.0054523149742844047}, {"l": "Bovine Meat", "v": 0.14117275477082625}]}, {"source": 13, "prod": 5.0, "target": 25, "value": 0.02070739833439024, "supply": [{"l": "Treenuts", "v": 0.02070739833439024}]}, {"source": 3, "prod": 28.0, "target": 25, "value": 0.0089348107181515188, "supply": [{"l": "Tomatoes", "v": 0.0033593657010107915}, {"l": "Vegetables, Other", "v": 0.0028801963450454898}, {"l": "Onions", "v": 0.0026952486720952383}]}, {"source": 14, "prod": 4.0, "target": 25, "value": 0.016565918667512194, "supply": [{"l": "Nuts", "v": 0.016565918667512194}]}, {"source": 4, "prod": 25.0, "target": 25, "value": 0.0083893609852766799, "supply": [{"l": "Sugar cane", "v": 0.0083893609852766799}]}, {"source": 16, "prod": 5.0, "target": 25, "value": 0.045000735514018633, "supply": [{"l": "Fats, Animals, Raw", "v": 0.036063858338123894}, {"l": "Butter, Ghee", "v": 0.0089368771758947391}]}, {"source": 5, "prod": 18.0, "target": 25, "value": 0.020522750326650366, "supply": [{"l": "Potatoes", "v": 0.00081057602390983041}, {"l": "Sweet potatoes", "v": 0.0011199435121491629}, {"l": "Cassava", "v": 0.018592230790591371}]}, {"source": 6, "prod": 92.0, "target": 25, "value": 0.35564791273783813, "supply": [{"l": "Peas", "v": 0.0037733481409333329}, {"l": "Beans", "v": 0.011600754026401823}, {"l": "Pulses, Other", "v": 0.34027381057050299}]}, {"source": 12, "prod": 674.0, "target": 25, "value": 2.8403581196699927, "supply": [{"l": "Sugar", "v": 2.8403581196699927}]}, {"source": 15, "prod": 4.0, "target": 25, "value": 0.0050931660526207373, "supply": [{"l": "Beer", "v": 0.0010332697749006086}, {"l": "Beverages, Alcoholic", "v": 0.0036042594270707549}, {"l": "Beverages, Fermented", "v": 0.0004556368506493739}]}, {"source": 9, "prod": 186.0, "target": 25, "value": 0.65816242660917457, "supply": [{"l": "Maize", "v": 0.35294992022358107}, {"l": "Barley", "v": 0.05788659079840909}, {"l": "Rice", "v": 0.072897944353243732}, {"l": "Wheat", "v": 0.039799300750819507}, {"l": "Sorghum", "v": 0.0033513289409605267}, {"l": "Millet", "v": 0.13127734154216059}]}, {"source": 17, "prod": 30.0, "target": 25, "value": 0.31484522487189898, "supply": [{"l": "Maize Germ Oil", "v": 0.024257238048857144}, {"l": "Groundnut Oil", "v": 0.06295979763242697}, {"l": "Soyabean Oil", "v": 0.051979795818979602}, {"l": "Oilcrops Oil, Other", "v": 0.116737958110125}, {"l": "Cottonseed Oil", "v": 0.010395959163795918}, {"l": "Palmkernel Oil", "v": 0.048514476097714289}]}, {"source": 18, "prod": 2.0, "target": 25, "value": 0.0053062708231875, "supply": [{"l": "Spices, Other", "v": 0.0053062708231875}]}, {"source": 19, "prod": 203.0, "target": 25, "value": 0.09852818426928156, "supply": [{"l": "Coffee", "v": 0.058368979055062518}, {"l": "Cocoa Beans", "v": 0.0024257238048857148}, {"l": "Tea", "v": 0.03773348140933333}]}, {"source": 8, "prod": 451.0, "target": 25, "value": 0.33765563445826791, "supply": [{"l": "Grapes", "v": 0.24395063265043837}, {"l": "Pineapples", "v": 0.0068981520701437505}, {"l": "Fruits, Other", "v": 0.032765555716245232}, {"l": "Grapefruit", "v": 0.033704444380000004}, {"l": "Oranges, Mandarines", "v": 0.015747642443008067}, {"l": "Apples", "v": 0.0045892071984324325}]}, {"source": 2, "prod": 418.0, "target": 25, "value": 2.2127531162425869, "supply": [{"l": "Sunflower seed", "v": 0.010612541646375}, {"l": "Sesame seed", "v": 0.096746891287883732}, {"l": "Soyabeans", "v": 1.3301052196790002}, {"l": "Groundnuts", "v": 0.21888367145648438}, {"l": "Oilcrops, Other", "v": 0.34698397035104356}, {"l": "Cottonseed", "v": 0.20942082182180002}]}, {"source": 4, "prod": 30.0, "target": 26, "value": 0.010067233182332016, "supply": [{"l": "Sugar cane", "v": 0.010067233182332016}]}, {"source": 27, "prod": 23.0, "target": 2, "value": 0.11639958721705218, "supply": [{"l": "Cottonseed", "v": 0.090560355382399996}, {"l": "Oilcrops, Other", "v": 0.025839231834652178}]}, {"source": 6, "prod": 2.0, "target": 26, "value": 0.0075466962818666657, "supply": [{"l": "Peas", "v": 0.0075466962818666657}]}, {"source": 27, "prod": 2.0, "target": 19, "value": 0.0015722283920555555, "supply": [{"l": "Tea", "v": 0.0015722283920555555}]}, {"source": 9, "prod": 487.0, "target": 26, "value": 1.7074104140271262, "supply": [{"l": "Maize", "v": 1.0267634042867813}, {"l": "Barley", "v": 0.0038591060532272726}, {"l": "Rice", "v": 0.19439451827531656}, {"l": "Cereals, Other", "v": 0.010454145502399254}, {"l": "Wheat", "v": 0.036482692354917884}, {"l": "Millet", "v": 0.43545654755448387}]}, {"source": 5, "prod": 48.0, "target": 26, "value": 0.055145628687832147, "supply": [{"l": "Sweet potatoes", "v": 0.016799152682237445}, {"l": "Cassava", "v": 0.038346476005594703}]}, {"source": 27, "prod": 2.0, "target": 1, "value": 0.0041521398462007727, "supply": [{"l": "Bovine Meat", "v": 0.0041521398462007727}]}, {"source": 17, "prod": 7.0, "target": 26, "value": 0.078891773184434272, "supply": [{"l": "Palm Oil", "v": 0.023154636319363639}, {"l": "Groundnut Oil", "v": 0.031479898816213485}, {"l": "Palmkernel Oil", "v": 0.024257238048857144}]}, {"source": 2, "prod": 44.0, "target": 26, "value": 0.2542082743651326, "supply": [{"l": "Sunflower seed", "v": 0.014150055528500001}, {"l": "Soyabeans", "v": 0.090560355382399996}, {"l": "Rape and Mustardseed", "v": 0.0056600222113999997}, {"l": "Groundnuts", "v": 0.14383784124283261}]}, {"source": 19, "prod": 28.0, "target": 26, "value": 0.010612541646375002, "supply": [{"l": "Coffee", "v": 0.010612541646375002}]}, {"source": 27, "prod": 114.0, "target": 6, "value": 0.44082695138918404, "supply": [{"l": "Beans", "v": 0.40215947291526327}, {"l": "Pulses, Other", "v": 0.038667478473920797}]}, {"source": 27, "prod": 12.0, "target": 21, "value": 0.093174824090889244, "supply": [{"l": "Sugar", "v": 0.021070905932269977}, {"l": "Oilcrops Oil, Other", "v": 0.0097281631758437508}, {"l": "Cottonseed Oil", "v": 0.062375754982775512}]}, {"source": 27, "prod": 12.0, "target": 8, "value": 0.0090273736386532258, "supply": [{"l": "Grapefruit", "v": 0.0069733333200000004}, {"l": "Oranges, Mandarines", "v": 0.0020540403186532262}]}, {"source": 8, "prod": 2.0, "target": 26, "value": 0.0010612541646375, "supply": [{"l": "Pineapples", "v": 0.0010612541646375}]}, {"source": 27, "prod": 31.0, "target": 9, "value": 0.10389119716977632, "supply": [{"l": "Sorghum", "v": 0.10389119716977632}]}, {"source": 1, "prod": 4750.0, "target": 0, "value": 3.4818191485821486, "supply": [{"l": "Milk - Excluding Butter", "v": 3.4818191485821486}]}, {"source": 1, "prod": 165.0, "target": 20, "value": 0.25015276737883929, "supply": [{"l": "Eggs", "v": 0.26986177329353572}]}, {"source": 1, "prod": 2244.0, "target": 11, "value": 4.5402805518285438, "supply": [{"l": "Pigmeat", "v": 0.59230206256731677}, {"l": "Bovine Meat", "v": 1.8746911405596487}, {"l": "Poultry Meat", "v": 0.22761109057356912}, {"l": "Offals, Edible", "v": 0.38166204819990829}, {"l": "Meat, Other", "v": 0.27902637587098317}, {"l": "Mutton & Goat Meat", "v": 1.1849878340571189}]}, {"source": 1, "prod": 1134.0, "target": 7, "value": 0.95377882467630981, "supply": [{"l": "Freshwater Fish", "v": 0.41025125532275181}, {"l": "Pelagic Fish", "v": 0.02300525156891613}, {"l": "Marine Fish, Other", "v": 0.046309272638727278}, {"l": "Fish, Seafood", "v": 0.47421304514591456}]}, {"source": 21, "prod": 1655.0, "target": 12, "value": 6.9941488290906264, "supply": [{"l": "Honey", "v": 0.046309272638727278}, {"l": "Sweeteners, Other", "v": 0.029044850821657898}, {"l": "Sugar non-centrifugal", "v": 0.070750277642499998}, {"l": "Sugar", "v": 6.848044427987741}]}, {"source": 21, "prod": 454.0, "target": 17, "value": 4.6861674166395932, "supply": [{"l": "Ricebran Oil", "v": 0.049525194349750008}, {"l": "Sesameseed Oil", "v": 0.0424501665855}, {"l": "Soyabean Oil", "v": 0.70692522313812256}, {"l": "Coconut Oil", "v": 0.020107973645763159}, {"l": "Cottonseed Oil", "v": 0.86286461059506125}, {"l": "Rape and Mustard Oil", "v": 0.27429338409092313}, {"l": "Maize Germ Oil", "v": 0.12128619024428572}, {"l": "Groundnut Oil", "v": 1.1122897581728766}, {"l": "Palm Oil", "v": 0.28943295399204549}, {"l": "Palmkernel Oil", "v": 0.097028952195428578}, {"l": "Oilcrops Oil, Other", "v": 0.97281631758437503}, {"l": "Sunflowerseed Oil", "v": 0.13714669204546157}]}, {"source": 21, "prod": 191.0, "target": 16, "value": 1.7188066518913305, "supply": [{"l": "Fats, Animals, Raw", "v": 1.3523946876796462}, {"l": "Butter, Ghee", "v": 0.36641196421168426}]}, {"source": 21, "prod": 5094.0, "target": 15, "value": 2.7641269910686574, "supply": [{"l": "Beer", "v": 0.27381649034866123}, {"l": "Beverages, Alcoholic", "v": 0.46134520666505663}, {"l": "Alcohol, Non-Food", "v": 0.0041330790996024344}, {"l": "Beverages, Fermented", "v": 2.0070803271104918}, {"l": "Wine", "v": 0.017751887844845451}]}, {"source": 28, "prod": 0, "target": 2, "value": 0.010644957932113857, "supply": "[{\"l\":'Energy for power irrigation',\"v\":0.010644957932113857}]"}, {"source": 28, "prod": 0, "target": 13, "value": 0.00016889838160683531, "supply": "[{\"l\":'Energy for power irrigation',\"v\":0.00016889838160683531}]"}, {"source": 28, "prod": 0, "target": 3, "value": 0.01450440916613761, "supply": "[{\"l\":'Energy for power irrigation',\"v\":0.01450440916613761}]"}, {"source": 28, "prod": 0, "target": 4, "value": 0.058053084473035824, "supply": "[{\"l\":'Energy for power irrigation',\"v\":0.058053084473035824}]"}, {"source": 28, "prod": 0, "target": 5, "value": 0.050575682047824567, "supply": "[{\"l\":'Energy for power irrigation',\"v\":0.050575682047824567}]"}, {"source": 28, "prod": 0, "target": 6, "value": 0.006215877476172544, "supply": "[{\"l\":'Energy for power irrigation',\"v\":0.006215877476172544}]"}, {"source": 28, "prod": 0, "target": 14, "value": 0.00017932420763194857, "supply": "[{\"l\":'Energy for power irrigation',\"v\":0.00017932420763194857}]"}, {"source": 28, "prod": 0, "target": 8, "value": 0.04844047287788137, "supply": "[{\"l\":'Energy for power irrigation',\"v\":0.04844047287788137}]"}, {"source": 28, "prod": 0, "target": 9, "value": 0.084622259515434534, "supply": "[{\"l\":'Energy for power irrigation',\"v\":0.084622259515434534}]"}, {"source": 28, "prod": 0, "target": 18, "value": 0.00016055772078674469, "supply": "[{\"l\":'Energy for power irrigation',\"v\":0.00016055772078674469}]"}, {"source": 28, "prod": 0, "target": 19, "value": 0.0013011430879341385, "supply": "[{\"l\":'Energy for power irrigation',\"v\":0.0013011430879341385}]"}, {"source": 28, "prod": 0, "target": 21, "value": 0.61700000049359993, "supply": "[{\"l\":'Electricity',\"v\":0.61700000049359993}]"}, {"source": 29, "prod": 0, "target": 28, "value": 1.5477842873387719, "supply": [{"l": "Coal", "v": 0.89696639158486891}, {"l": "Natural gas", "v": 0.21206793584631217}, {"l": "Oil", "v": 0.4387499599075908}]}, {"source": 30, "prod": 0, "target": 28, "value": 0.28060111188582371, "supply": [{"l": "Nuclear", "v": 0.082916430150362805}, {"l": "Hydroelectric", "v": 0.19397854551809787}, {"l": "Renewable", "v": 0.0037061362173630048}]}, {"source": 29, "prod": 0, "target": 2, "value": 0.31218948953607534, "supply": [{"l": "Motor Gasoline", "v": 0.0047656604858178093}, {"l": "Gas-Diesel oil", "v": 0.055509724846094566}, {"l": "Natural gas (including LNG)", "v": 0.16788464456359531}, {"l": "Fuel oil", "v": 0.049690527076053079}, {"l": "Liquefied petroleum gas (LPG)", "v": 0.0018657435295492894}, {"l": "Coal", "v": 0.032473189034965322}]}, {"source": 29, "prod": 0, "target": 13, "value": 0.0049533591277271007, "supply": [{"l": "Motor Gasoline", "v": 7.5614422196446801e-05}, {"l": "Gas-Diesel oil", "v": 0.00088074586576448186}, {"l": "Natural gas (including LNG)", "v": 0.0026637441823876944}, {"l": "Fuel oil", "v": 0.00078841547875139388}, {"l": "Liquefied petroleum gas (LPG)", "v": 2.9602847154861745e-05}, {"l": "Coal", "v": 0.00051523633147222193}]}, {"source": 29, "prod": 0, "target": 3, "value": 0.42537735916629277, "supply": [{"l": "Motor Gasoline", "v": 0.0064935051950430122}, {"l": "Gas-Diesel oil", "v": 0.07563541039824366}, {"l": "Natural gas (including LNG)", "v": 0.22875314237887412}, {"l": "Fuel oil", "v": 0.067706395928329582}, {"l": "Liquefied petroleum gas (LPG)", "v": 0.002542190182829856}, {"l": "Coal", "v": 0.044246715082972538}]}, {"source": 29, "prod": 0, "target": 4, "value": 1.7025490305561755, "supply": [{"l": "Motor Gasoline", "v": 0.025989890473719451}, {"l": "Gas-Diesel oil", "v": 0.30272648949072767}, {"l": "Natural gas (including LNG)", "v": 0.91557162693649141}, {"l": "Fuel oil", "v": 0.27099105362861187}, {"l": "Liquefied petroleum gas (LPG)", "v": 0.010174973674549457}, {"l": "Coal", "v": 0.17709499635207568}]}, {"source": 29, "prod": 0, "target": 5, "value": 1.4832558721360596, "supply": [{"l": "Motor Gasoline", "v": 0.022642318646602679}, {"l": "Gas-Diesel oil", "v": 0.26373445647058652}, {"l": "Natural gas (including LNG)", "v": 0.79764339683720409}, {"l": "Fuel oil", "v": 0.23608663502611185}, {"l": "Liquefied petroleum gas (LPG)", "v": 0.0088644081202613779}, {"l": "Coal", "v": 0.15428465703529312}]}, {"source": 29, "prod": 0, "target": 6, "value": 0.18229584641672206, "supply": [{"l": "Motor Gasoline", "v": 0.0027827974391062709}, {"l": "Gas-Diesel oil", "v": 0.032413622541282973}, {"l": "Natural gas (including LNG)", "v": 0.098032363057996522}, {"l": "Fuel oil", "v": 0.029015636322937105}, {"l": "Liquefied petroleum gas (LPG)", "v": 0.0010894578687486774}, {"l": "Coal", "v": 0.018961969186650537}]}, {"source": 29, "prod": 0, "target": 14, "value": 0.0052591220368460572, "supply": [{"l": "Motor Gasoline", "v": 8.028197912215339e-05}, {"l": "Gas-Diesel oil", "v": 0.00093511289451537582}, {"l": "Natural gas (including LNG)", "v": 0.0028281728356215024}, {"l": "Fuel oil", "v": 0.00083708310089654163}, {"l": "Liquefied petroleum gas (LPG)", "v": 3.1430183398989018e-05}, {"l": "Coal", "v": 0.0005470410432914948}]}, {"source": 29, "prod": 0, "target": 8, "value": 1.4206356283484973, "supply": [{"l": "Motor Gasoline", "v": 0.021686402988217973}, {"l": "Gas-Diesel oil", "v": 0.25260008898240349}, {"l": "Natural gas (including LNG)", "v": 0.76396840865492022}, {"l": "Fuel oil", "v": 0.22611950601078562}, {"l": "Liquefied petroleum gas (LPG)", "v": 0.0084901696574641149}, {"l": "Coal", "v": 0.14777105205470603}]}, {"source": 29, "prod": 0, "target": 9, "value": 2.4817552281549249, "supply": [{"l": "Motor Gasoline", "v": 0.037884692543190129}, {"l": "Gas-Diesel oil", "v": 0.44127542555950583}, {"l": "Natural gas (including LNG)", "v": 1.3346016068375284}, {"l": "Fuel oil", "v": 0.39501562190330641}, {"l": "Liquefied petroleum gas (LPG)", "v": 0.014831757359083387}, {"l": "Coal", "v": 0.2581461239523109}]}, {"source": 29, "prod": 0, "target": 18, "value": 0.0047087488004319356, "supply": [{"l": "Motor Gasoline", "v": 7.1880376655881529e-05}, {"l": "Gas-Diesel oil", "v": 0.0008372522427637668}, {"l": "Natural gas (including LNG)", "v": 0.002532201259800648}, {"l": "Fuel oil", "v": 0.00074948138103527579}, {"l": "Liquefied petroleum gas (LPG)", "v": 2.8140978159559937e-05}, {"l": "Coal", "v": 0.00048979256201680361}]}, {"source": 29, "prod": 0, "target": 19, "value": 0.03815921105804581, "supply": [{"l": "Motor Gasoline", "v": 0.00058251110432818278}, {"l": "Gas-Diesel oil", "v": 0.0067850051881115647}, {"l": "Natural gas (including LNG)", "v": 0.020520695923579278}, {"l": "Fuel oil", "v": 0.0060737192437144427}, {"l": "Liquefied petroleum gas (LPG)", "v": 0.0002280515632670831}, {"l": "Coal", "v": 0.0039692280350452653}]}, {"source": 29, "prod": 0, "target": 1, "value": 0.85073111179169592, "supply": [{"l": "Gas-diesel oils used in fisheries", "v": 0.85073111179169592}]}, {"source": 31, "prod": 40.668334956987991, "target": 2, "value": 0.46906007809376499, "supply": [{"l": "Potash", "v": 0.44627050035701638}, {"l": "Phosphate", "v": 1.311889001049511}, {"l": "Nitrogen", "v": 10.353582137912495}]}, {"source": 31, "prod": 0.64526473478659963, "target": 13, "value": 0.0074423486284910688, "supply": [{"l": "Potash", "v": 0.44627050035701638}, {"l": "Phosphate", "v": 1.311889001049511}, {"l": "Nitrogen", "v": 10.353582137912495}]}, {"source": 31, "prod": 55.413104878710953, "target": 3, "value": 0.63912317357757875, "supply": [{"l": "Potash", "v": 0.44627050035701638}, {"l": "Phosphate", "v": 1.311889001049511}, {"l": "Nitrogen", "v": 10.353582137912495}]}, {"source": 31, "prod": 221.78784544683606, "target": 4, "value": 2.5580546687138255, "supply": [{"l": "Potash", "v": 0.44627050035701638}, {"l": "Phosphate", "v": 1.311889001049511}, {"l": "Nitrogen", "v": 10.353582137912495}]}, {"source": 31, "prod": 193.2209400277651, "target": 5, "value": 2.2285699504203813, "supply": [{"l": "Potash", "v": 0.44627050035701638}, {"l": "Phosphate", "v": 1.311889001049511}, {"l": "Nitrogen", "v": 10.353582137912495}]}, {"source": 31, "prod": 23.7473354864056, "target": 6, "value": 0.27389680569792446, "supply": [{"l": "Potash", "v": 0.44627050035701638}, {"l": "Phosphate", "v": 1.311889001049511}, {"l": "Nitrogen", "v": 10.353582137912495}]}, {"source": 31, "prod": 0.68509589125490822, "target": 14, "value": 0.007901752864817679, "supply": [{"l": "Potash", "v": 0.44627050035701638}, {"l": "Phosphate", "v": 1.311889001049511}, {"l": "Nitrogen", "v": 10.353582137912495}]}, {"source": 31, "prod": 185.06351918305552, "target": 8, "value": 2.134483962820692, "supply": [{"l": "Potash", "v": 0.44627050035701638}, {"l": "Phosphate", "v": 1.311889001049511}, {"l": "Nitrogen", "v": 10.353582137912495}]}, {"source": 31, "prod": 323.29356459067372, "target": 9, "value": 3.7288004245685564, "supply": [{"l": "Potash", "v": 0.44627050035701638}, {"l": "Phosphate", "v": 1.311889001049511}, {"l": "Nitrogen", "v": 10.353582137912495}]}, {"source": 31, "prod": 0.61339980961195273, "target": 18, "value": 0.0070748252394297823, "supply": [{"l": "Potash", "v": 0.44627050035701638}, {"l": "Phosphate", "v": 1.311889001049511}, {"l": "Nitrogen", "v": 10.353582137912495}]}, {"source": 31, "prod": 4.9709283272449154, "target": 19, "value": 0.057333648693560835, "supply": [{"l": "Potash", "v": 0.44627050035701638}, {"l": "Phosphate", "v": 1.311889001049511}, {"l": "Nitrogen", "v": 10.353582137912495}]}, {"source": 29, "prod": 0, "target": 31, "value": 14.674310547065879, "supply": [{"l": "Natural gas (including LNG)", "v": 9.9037045219449364}, {"l": "Fuel oil", "v": 2.9403910266911391}, {"l": "Liquefied petroleum gas (LPG)", "v": 0.91510749921490153}, {"l": "Coal", "v": 0.91510749921490153}]}, {"source": 32, "prod": 0, "target": 5, "value": 3.644613260495317, "supply": "[{\"l\":'Labor',\"v\":3.644613260495317}]"}, {"source": 32, "prod": 0, "target": 2, "value": 0.76710294880671304, "supply": "[{\"l\":'Labor',\"v\":0.76710294880671304}]"}, {"source": 32, "prod": 0, "target": 13, "value": 0.012171250220578052, "supply": "[{\"l\":'Labor',\"v\":0.012171250220578052}]"}, {"source": 32, "prod": 0, "target": 3, "value": 1.0452248954856906, "supply": "[{\"l\":'Labor',\"v\":1.0452248954856906}]"}, {"source": 32, "prod": 0, "target": 14, "value": 0.012922561962589044, "supply": "[{\"l\":'Labor',\"v\":0.012922561962589044}]"}, {"source": 32, "prod": 0, "target": 4, "value": 4.1834540418656001, "supply": "[{\"l\":'Labor',\"v\":4.1834540418656001}]"}, {"source": 32, "prod": 0, "target": 6, "value": 0.44793206058695284, "supply": "[{\"l\":'Labor',\"v\":0.44793206058695284}]"}, {"source": 32, "prod": 0, "target": 9, "value": 6.0980968852064095, "supply": "[{\"l\":'Labor',\"v\":6.0980968852064095}]"}, {"source": 32, "prod": 0, "target": 8, "value": 3.4907446157314661, "supply": "[{\"l\":'Labor',\"v\":3.4907446157314661}]"}, {"source": 32, "prod": 0, "target": 18, "value": 0.011570200826969261, "supply": "[{\"l\":'Labor',\"v\":0.011570200826969261}]"}, {"source": 32, "prod": 0, "target": 19, "value": 0.093763705402971673, "supply": "[{\"l\":'Labor',\"v\":0.093763705402971673}]"}, {"source": 29, "prod": 0, "target": 24, "value": 7.9555461875841464, "supply": "[{\"l\":'Fossil Fuels',\"v\":7.9555461875841464}]"}, {"source": 30, "prod": 0, "target": 24, "value": 1.653707491062125, "supply": "[{\"l\":'Renewables & Nuclear',\"v\":0.50793059706847077},{\"l\":'Biomass & Waste',\"v\":1.1457768939936543}]"}]}