{"nodes": [{"layer": 3, "name": "Cereals", "fill": "#e7ba52"}, {"layer": 5, "name": "Production", "fill": "#b5cf6b"}, {"layer": 3, "name": "Oilcrops", "fill": "#ff9896"}, {"layer": 3, "name": "Sugar Crops", "fill": "#ffbb78"}, {"layer": 3, "name": "Starchy Roots"}, {"layer": 3, "name": "Fruits & Vegetables"}, {"layer": 3, "name": "Others"}, {"layer": 1, "name": "Electricity", "fill": "#bcbd22"}, {"layer": 0, "name": "Fossil Fuels", "fill": "#c49c94"}, {"layer": 0, "name": "Renewables & Nuclear", "fill": "#2ca02c"}, {"layer": 1, "name": "Fertilizers", "fill": "#c5b0d5"}, {"layer": 0, "name": "Labor", "fill": "#7f7f7f"}], "links": [{"source": 0, "prod": 19560.0, "target": 1, "value": 68.654334555757814, "supply": [{"l": "Maize", "v": 22.05611056176723}, {"l": "Barley", "v": 1.6148963975146537}, {"l": "Cereals, Other", "v": 0.47229324413006624}, {"l": "Rice", "v": 12.746111064808225}, {"l": "Wheat", "v": 13.091060414829892}, {"l": "Oats", "v": 0.19709005914696434}, {"l": "Sorghum", "v": 8.1465037600454018}, {"l": "Millet", "v": 10.330269053515378}]}, {"source": 2, "prod": 2913.0, "target": 1, "value": 15.508698393299976, "supply": [{"l": "Olives", "v": 0.0053062708231875}, {"l": "Sunflower seed", "v": 0.29329206004527275}, {"l": "Sesame seed", "v": 0.61128239883120006}, {"l": "Cottonseed", "v": 3.385400785193625}, {"l": "Groundnuts", "v": 3.3098825540578263}, {"l": "Oilcrops, Other", "v": 2.0800581626895003}, {"l": "Soyabeans", "v": 5.0540668922971772}, {"l": "Rape and Mustardseed", "v": 0.37143895762312501}, {"l": "Palm kernels", "v": 0.079594062347812508}, {"l": "Oil Palm", "v": 0.31837624939124998}]}, {"source": 3, "prod": 16958.0, "target": 1, "value": 4.897074319434755, "supply": [{"l": "Sugar beet", "v": 0.0046204262950204087}, {"l": "Sugar cane", "v": 4.8924538931397343}]}, {"source": 4, "prod": 14155.0, "target": 1, "value": 15.863629675012241, "supply": [{"l": "Yams", "v": 0.57532747263442685}, {"l": "Roots, Other", "v": 0.29670666173634819}, {"l": "Potatoes", "v": 1.5126242888724988}, {"l": "Sweet potatoes", "v": 3.4967235461000281}, {"l": "Cassava", "v": 9.9822477056689394}]}, {"source": 5, "prod": 18435.0, "target": 1, "value": 19.336987019164386, "supply": [{"l": "Vegetables, Other", "v": 0.8552540583267646}, {"l": "Plantains", "v": 9.4201024413194414}, {"l": "Tomatoes", "v": 0.05287206377116168}, {"l": "Treenuts", "v": 0.13506871186295455}, {"l": "Apples", "v": 0.017781652226638963}, {"l": "Peas", "v": 0.20293250367702437}, {"l": "Grapes", "v": 0.25470099951300001}, {"l": "Dates", "v": 0.084900333171}, {"l": "Grapefruit", "v": 0.14760222194}, {"l": "Pineapples", "v": 0.064854421172291676}, {"l": "Beans", "v": 3.0325050411331191}, {"l": "Pulses, Other", "v": 3.3352479674131756}, {"l": "Lemons, Limes", "v": 0.035375138821250006}, {"l": "Bananas", "v": 0.69143406929941531}, {"l": "Citrus, Other", "v": 0.0053062708231875009}, {"l": "Fruits, Other", "v": 0.71666541327843236}, {"l": "Oranges, Mandarines", "v": 0.17401327829323285}, {"l": "Onions", "v": 0.11037043312229999}]}, {"source": 6, "prod": 420.0, "target": 1, "value": 0.44196264152715775, "supply": [{"l": "Nuts", "v": 0.13820984469697675}, {"l": "Cocoa Beans", "v": 0.0047166851761666672}, {"l": "Coffee", "v": 0.094843615434270279}, {"l": "Pimento", "v": 0.081041227117772743}, {"l": "Pepper", "v": 0.006689117158927272}, {"l": "Spices, Other", "v": 0.048110188796900009}, {"l": "Tea", "v": 0.068351963146144071}]}, {"source": 7, "prod": 0, "target": 0, "value": 0.078814365097124472, "supply": "[{\"l\":'Energy for power irrigation',\"v\":0.078814365097124472}]"}, {"source": 7, "prod": 0, "target": 2, "value": 0.010827102182842307, "supply": "[{\"l\":'Energy for power irrigation',\"v\":0.010827102182842307}]"}, {"source": 7, "prod": 0, "target": 3, "value": 0.062591243350172576, "supply": "[{\"l\":'Energy for power irrigation',\"v\":0.062591243350172576}]"}, {"source": 7, "prod": 0, "target": 4, "value": 0.052504156162271429, "supply": "[{\"l\":'Energy for power irrigation',\"v\":0.052504156162271429}]"}, {"source": 7, "prod": 0, "target": 5, "value": 0.068452309744020737, "supply": "[{\"l\":'Energy for power irrigation',\"v\":0.068452309744020737}]"}, {"source": 7, "prod": 0, "target": 6, "value": 0.0016774903501284568, "supply": "[{\"l\":'Energy for power irrigation',\"v\":0.0016774903501284568}]"}, {"source": 8, "prod": 0, "target": 7, "value": 0.44563926930064018, "supply": [{"l": "Coal", "v": 0.2862860030054668}, {"l": "Natural gas", "v": 0.056872790596984892}, {"l": "Oil", "v": 0.10248047569818849}]}, {"source": 9, "prod": 0, "target": 7, "value": 0.098300637243159877, "supply": [{"l": "Nuclear", "v": 0.034333818868123485}, {"l": "Hydroelectric", "v": 0.06227448911639058}, {"l": "Renewable", "v": 0.0016923292586458062}]}, {"source": 8, "prod": 0, "target": 0, "value": 2.3362272110177726, "supply": [{"l": "Motor Gasoline", "v": 0.063512182399999048}, {"l": "Gas-Diesel oil", "v": 0.40756438091396424}, {"l": "Natural gas (including LNG)", "v": 1.2430036600631866}, {"l": "Fuel oil", "v": 0.36790444526095922}, {"l": "Liquefied petroleum gas (LPG)", "v": 0.013813806748064332}, {"l": "Coal", "v": 0.24042873563159906}]}, {"source": 8, "prod": 0, "target": 2, "value": 0.32093858403674419, "supply": [{"l": "Motor Gasoline", "v": 0.0087249689552494694}, {"l": "Gas-Diesel oil", "v": 0.055989047083034288}, {"l": "Natural gas (including LNG)", "v": 0.17075729309709459}, {"l": "Fuel oil", "v": 0.05054077410194923}, {"l": "Liquefied petroleum gas (LPG)", "v": 0.0018976679823661476}, {"l": "Coal", "v": 0.033028832817050477}]}, {"source": 8, "prod": 0, "target": 3, "value": 1.8553390071202067, "supply": [{"l": "Motor Gasoline", "v": 0.050438856665279745}, {"l": "Gas-Diesel oil", "v": 0.32367146922026141}, {"l": "Natural gas (including LNG)", "v": 0.98714421509700989}, {"l": "Fuel oil", "v": 0.29217512105263543}, {"l": "Liquefied petroleum gas (LPG)", "v": 0.010970377528193733}, {"l": "Coal", "v": 0.19093896755682649}]}, {"source": 8, "prod": 0, "target": 4, "value": 1.5563360583653332, "supply": [{"l": "Motor Gasoline", "v": 0.042310225284779727}, {"l": "Gas-Diesel oil", "v": 0.27150918332357399}, {"l": "Natural gas (including LNG)", "v": 0.82805790794365741}, {"l": "Fuel oil", "v": 0.24508872745433061}, {"l": "Liquefied petroleum gas (LPG)", "v": 0.009202412095841021}, {"l": "Coal", "v": 0.16016760226315035}]}, {"source": 8, "prod": 0, "target": 5, "value": 2.029073614739211, "supply": [{"l": "Motor Gasoline", "v": 0.05516196922738513}, {"l": "Gas-Diesel oil", "v": 0.35398018125975639}, {"l": "Natural gas (including LNG)", "v": 1.0795807521476954}, {"l": "Fuel oil", "v": 0.31953450379471671}, {"l": "Liquefied petroleum gas (LPG)", "v": 0.011997647600120592}, {"l": "Coal", "v": 0.20881856070953694}]}, {"source": 8, "prod": 0, "target": 6, "value": 0.049724420127731456, "supply": [{"l": "Motor Gasoline", "v": 0.0013517976445068633}, {"l": "Gas-Diesel oil", "v": 0.0086746282254096061}, {"l": "Natural gas (including LNG)", "v": 0.026456175119355541}, {"l": "Fuel oil", "v": 0.0078305034359420229}, {"l": "Liquefied petroleum gas (LPG)", "v": 0.00029401400988082976}, {"l": "Coal", "v": 0.0051173016926365908}]}, {"source": 10, "prod": 301.10490052032628, "target": 0, "value": 3.4728810093124096, "supply": [{"l": "Potash", "v": 0.44627050035701638}, {"l": "Phosphate", "v": 1.311889001049511}, {"l": "Nitrogen", "v": 10.353582137912495}]}, {"source": 10, "prod": 41.364204630344538, "target": 2, "value": 0.47708609351025355, "supply": [{"l": "Potash", "v": 0.44627050035701638}, {"l": "Phosphate", "v": 1.311889001049511}, {"l": "Nitrogen", "v": 10.353582137912495}]}, {"source": 10, "prod": 239.12557157787549, "target": 3, "value": 2.7580243793399126, "supply": [{"l": "Potash", "v": 0.44627050035701638}, {"l": "Phosphate", "v": 1.311889001049511}, {"l": "Nitrogen", "v": 10.353582137912495}]}, {"source": 10, "prod": 200.58854370852777, "target": 4, "value": 2.3135463518766359, "supply": [{"l": "Potash", "v": 0.44627050035701638}, {"l": "Phosphate", "v": 1.311889001049511}, {"l": "Nitrogen", "v": 10.353582137912495}]}, {"source": 10, "prod": 261.51737555025903, "target": 5, "value": 3.0162867677818022, "supply": [{"l": "Potash", "v": 0.44627050035701638}, {"l": "Phosphate", "v": 1.311889001049511}, {"l": "Nitrogen", "v": 10.353582137912495}]}, {"source": 10, "prod": 6.4087373460002013, "target": 6, "value": 0.073917037498009278, "supply": [{"l": "Potash", "v": 0.44627050035701638}, {"l": "Phosphate", "v": 1.311889001049511}, {"l": "Nitrogen", "v": 10.353582137912495}]}, {"source": 8, "prod": 0, "target": 10, "value": 14.674310547065879, "supply": [{"l": "Natural gas (including LNG)", "v": 9.9037045219449364}, {"l": "Fuel oil", "v": 2.9403910266911391}, {"l": "Liquefied petroleum gas (LPG)", "v": 0.91510749921490153}, {"l": "Coal", "v": 0.91510749921490153}]}, {"source": 11, "prod": 0, "target": 0, "value": 6.1150483003305895, "supply": "[{\"l\":'Labor',\"v\":6.1150483003305895}]"}, {"source": 11, "prod": 0, "target": 2, "value": 0.84005311365644775, "supply": "[{\"l\":'Labor',\"v\":0.84005311365644775}]"}, {"source": 11, "prod": 0, "target": 3, "value": 4.8563288658404185, "supply": "[{\"l\":'Labor',\"v\":4.8563288658404185}]"}, {"source": 11, "prod": 0, "target": 4, "value": 4.0736920294255317, "supply": "[{\"l\":'Labor',\"v\":4.0736920294255317}]"}, {"source": 11, "prod": 0, "target": 5, "value": 5.311077236212479, "supply": "[{\"l\":'Labor',\"v\":5.311077236212479}]"}, {"source": 11, "prod": 0, "target": 6, "value": 0.13015310726328805, "supply": "[{\"l\":'Labor',\"v\":0.13015310726328805}]"}]}