{"nodes": [{"layer": 13, "name": "Animal Products", "fill": "#17becf"}, {"layer": 10, "name": "Feed", "fill": "#dbdb8d"}, {"layer": 5, "name": "Cereals", "fill": "#e7ba52"}, {"layer": 5, "name": "Oilcrops", "fill": "#ff9896"}, {"layer": 5, "name": "Fruits, Roots & Vegetables", "fill": "#98df8a"}, {"layer": 13, "name": "Sugar", "fill": "#d6616b"}, {"layer": 13, "name": "Aquatic Products", "fill": "#1f77b4"}, {"layer": 13, "name": "Other Processed", "fill": "#9c9ede"}, {"layer": 16, "name": "Food", "fill": "#b5cf6b"}, {"layer": 13, "name": "Vegetable Oils", "fill": "#f7b6d2"}, {"layer": 10, "name": "Processing", "fill": "#9edae5"}, {"layer": 5, "name": "Sugar Crops", "fill": "#ffbb78"}, {"layer": 16, "name": "Biofuels & Other", "fill": "#e7ba52"}, {"name": "Seed", "fill": "#dbdb8d"}, {"name": "Waste", "fill": "#c7c7c7"}, {"layer": 0, "name": "Import", "fill": "#aec7e8"}, {"layer": 16, "name": "Export", "fill": "#aec7e8"}, {"layer": 0, "name": "Stock Draw", "fill": "#c7c7c7"}, {"layer": 16, "name": "Stock Deposit", "fill": "#c7c7c7"}, {"layer": 0, "name": "Production", "fill": "#b5cf6b"}], "links": [{"source": 0, "prod": 0.22971783559168182, "target": 1, "value": 427.0, "supply": [{"l": "Milk - Excluding Butter", "v": 426.0}, {"l": "Eggs", "v": 1.0}]}, {"source": 2, "prod": 24.325001990123937, "target": 1, "value": 6944.0, "supply": [{"l": "Maize", "v": 4679.0}, {"l": "Oats", "v": 85.0}, {"l": "Rye", "v": 136.0}, {"l": "Rice", "v": 1.0}, {"l": "Sorghum", "v": 1.0}, {"l": "Cereals, Other", "v": 17.0}, {"l": "Wheat", "v": 1234.0}, {"l": "Millet", "v": 5.0}, {"l": "Barley", "v": 786.0}]}, {"source": 3, "prod": 0.0679202665368, "target": 1, "value": 12.0, "supply": [{"l": "Soyabeans", "v": 6.0}, {"l": "Sunflower seed", "v": 6.0}]}, {"source": 4, "prod": 0.43713420714596229, "target": 1, "value": 465.0, "supply": [{"l": "Potatoes", "v": 386.0}, {"l": "Fruits, Other", "v": 9.0}, {"l": "Apples", "v": 9.0}, {"l": "Tomatoes", "v": 1.0}, {"l": "Vegetables, Other", "v": 35.0}, {"l": "Peas", "v": 23.0}, {"l": "Pulses, Other", "v": 2.0}]}, {"source": 5, "prod": 0.053799067127507587, "target": 1, "value": 13.0, "supply": [{"l": "Sugar", "v": 13.0}]}, {"source": 6, "prod": 0.52295048845217029, "target": 1, "value": 578.0, "supply": [{"l": "Fish, Seafood", "v": 289.0}, {"l": "Pelagic Fish", "v": 289.0}]}, {"source": 7, "prod": 2.6428096601115199, "target": 8, "value": 1376.0, "supply": [{"l": "Beer", "v": 642.0}, {"l": "Beverages, Alcoholic", "v": 57.0}, {"l": "Fats, Animals, Raw", "v": 215.0}, {"l": "Butter, Ghee", "v": 18.0}, {"l": "Wine", "v": 402.0}, {"l": "Fish, Liver Oil", "v": 4.0}, {"l": "Cream", "v": 38.0}]}, {"source": 0, "prod": 2.9175422235340047, "target": 8, "value": 2661.0, "supply": [{"l": "Meat, Other", "v": 14.0}, {"l": "Eggs", "v": 153.0}, {"l": "Mutton & Goat Meat", "v": 3.0}, {"l": "Pigmeat", "v": 663.0}, {"l": "Milk - Excluding Butter", "v": 1434.0}, {"l": "Bovine Meat", "v": 207.0}, {"l": "Poultry Meat", "v": 156.0}, {"l": "Offals, Edible", "v": 31.0}]}, {"source": 2, "prod": 5.2784712687444912, "target": 8, "value": 1698.0, "supply": [{"l": "Rye", "v": 23.0}, {"l": "Barley", "v": 1.0}, {"l": "Rice", "v": 30.0}, {"l": "Wheat", "v": 1644.0}]}, {"source": 3, "prod": 0.032545127715550001, "target": 8, "value": 5.0, "supply": [{"l": "Oilcrops, Other", "v": 1.0}, {"l": "Groundnuts", "v": 4.0}]}, {"source": 4, "prod": 1.5268487281465848, "target": 8, "value": 2538.0, "supply": [{"l": "Roots, Other", "v": 1.0}, {"l": "Nuts", "v": 25.0}, {"l": "Grapefruit", "v": 1.0}, {"l": "Tomatoes", "v": 235.0}, {"l": "Pepper", "v": 1.0}, {"l": "Treenuts", "v": 25.0}, {"l": "Vegetables, Other", "v": 712.0}, {"l": "Peas", "v": 2.0}, {"l": "Grapes", "v": 81.0}, {"l": "Pimento", "v": 50.0}, {"l": "Cocoa Beans", "v": 11.0}, {"l": "Potatoes", "v": 650.0}, {"l": "Coffee", "v": 30.0}, {"l": "Beans", "v": 8.0}, {"l": "Apples", "v": 224.0}, {"l": "Lemons, Limes", "v": 30.0}, {"l": "Bananas", "v": 12.0}, {"l": "Spices, Other", "v": 1.0}, {"l": "Fruits, Other", "v": 332.0}, {"l": "Oranges, Mandarines", "v": 21.0}, {"l": "Tea", "v": 1.0}, {"l": "Onions", "v": 85.0}]}, {"source": 5, "prod": 1.745198734960649, "target": 8, "value": 422.0, "supply": [{"l": "Sugar", "v": 420.0}, {"l": "Honey", "v": 2.0}]}, {"source": 6, "prod": 0.071192919302420526, "target": 8, "value": 80.0, "supply": [{"l": "Marine Fish, Other", "v": 4.0}, {"l": "Freshwater Fish", "v": 26.0}, {"l": "Fish, Seafood", "v": 40.0}, {"l": "Pelagic Fish", "v": 10.0}]}, {"source": 9, "prod": 0.40363295717471942, "target": 8, "value": 39.0, "supply": [{"l": "Soyabean Oil", "v": 10.0}, {"l": "Sunflowerseed Oil", "v": 20.0}, {"l": "Rape and Mustard Oil", "v": 8.0}, {"l": "Oilcrops Oil, Other", "v": 1.0}]}, {"source": 7, "prod": 0.11072160238359124, "target": 10, "value": 16.0, "supply": [{"l": "Fats, Animals, Raw", "v": 16.0}]}, {"source": 0, "prod": 0.13601354849675204, "target": 10, "value": 115.0, "supply": [{"l": "Milk - Excluding Butter", "v": 1.0}, {"l": "Poultry Meat", "v": 7.0}, {"l": "Bovine Meat", "v": 107.0}]}, {"source": 2, "prod": 0.37702242051041429, "target": 10, "value": 93.0, "supply": [{"l": "Maize", "v": 23.0}, {"l": "Wheat", "v": 1.0}, {"l": "Barley", "v": 69.0}]}, {"source": 3, "prod": 1.10228932567015, "target": 10, "value": 199.0, "supply": [{"l": "Sunflower seed", "v": 117.0}, {"l": "Rape and Mustardseed", "v": 65.0}, {"l": "Oilcrops, Other", "v": 17.0}]}, {"source": 4, "prod": 0.80529311771340295, "target": 10, "value": 1087.0, "supply": [{"l": "Treenuts", "v": 1.0}, {"l": "Fruits, Other", "v": 42.0}, {"l": "Vegetables, Other", "v": 17.0}, {"l": "Nuts", "v": 1.0}, {"l": "Grapes", "v": 933.0}, {"l": "Onions", "v": 3.0}, {"l": "Apples", "v": 90.0}]}, {"source": 11, "prod": 3.1461355495399999, "target": 10, "value": 2707.0, "supply": [{"l": "Sugar beet", "v": 2707.0}]}, {"source": 9, "prod": 0.010612541646375, "target": 10, "value": 1.0, "supply": [{"l": "Oilcrops Oil, Other", "v": 1.0}]}, {"source": 7, "prod": 0.31925644309858497, "target": 12, "value": 139.0, "supply": [{"l": "Alcohol, Non-Food", "v": 105.0}, {"l": "Butter, Ghee", "v": 3.0}, {"l": "Fats, Animals, Raw", "v": 30.0}, {"l": "Beverages, Alcoholic", "v": 1.0}]}, {"source": 0, "prod": 0.069096351167044504, "target": 12, "value": 88.0, "supply": [{"l": "Pigmeat", "v": 14.0}, {"l": "Milk - Excluding Butter", "v": 71.0}, {"l": "Offals, Edible", "v": 3.0}]}, {"source": 2, "prod": 0.13987635952328106, "target": 12, "value": 42.0, "supply": [{"l": "Maize", "v": 24.0}, {"l": "Wheat", "v": 17.0}, {"l": "Rye", "v": 1.0}]}, {"source": 3, "prod": 0.0084900333171, "target": 12, "value": 2.0, "supply": [{"l": "Oilcrops, Other", "v": 2.0}]}, {"source": 4, "prod": 0.024241118764892069, "target": 12, "value": 29.0, "supply": [{"l": "Potatoes", "v": 20.0}, {"l": "Fruits, Other", "v": 8.0}, {"l": "Pulses, Other", "v": 1.0}]}, {"source": 11, "prod": 0.054624444340000002, "target": 12, "value": 47.0, "supply": [{"l": "Sugar beet", "v": 47.0}]}, {"source": 5, "prod": 0.1655355911615618, "target": 12, "value": 40.0, "supply": [{"l": "Sugar", "v": 40.0}]}, {"source": 9, "prod": 0.28881974187732673, "target": 12, "value": 28.0, "supply": [{"l": "Coconut Oil", "v": 3.0}, {"l": "Rape and Mustard Oil", "v": 13.0}, {"l": "Oilcrops Oil, Other", "v": 12.0}]}, {"source": 4, "prod": 0.3244170969934238, "target": 13, "value": 296.0, "supply": [{"l": "Potatoes", "v": 271.0}, {"l": "Peas", "v": 19.0}, {"l": "Beans", "v": 2.0}, {"l": "Pulses, Other", "v": 4.0}]}, {"source": 0, "prod": 0.027660888836, "target": 0, "value": 17.0, "supply": [{"l": "Eggs", "v": 17.0}]}, {"source": 2, "prod": 1.7638159444529566, "target": 13, "value": 543.0, "supply": [{"l": "Maize", "v": 48.0}, {"l": "Wheat", "v": 399.0}, {"l": "Oats", "v": 8.0}, {"l": "Rye", "v": 22.0}, {"l": "Barley", "v": 60.0}, {"l": "Rice", "v": 4.0}, {"l": "Cereals, Other", "v": 2.0}]}, {"source": 3, "prod": 0.038205149926949997, "target": 13, "value": 7.0, "supply": [{"l": "Sunflower seed", "v": 3.0}, {"l": "Soyabeans", "v": 2.0}, {"l": "Rape and Mustardseed", "v": 1.0}, {"l": "Oilcrops, Other", "v": 1.0}]}, {"source": 4, "prod": 0.18224538755424319, "target": 14, "value": 311.0, "supply": [{"l": "Oranges, Mandarines", "v": 2.0}, {"l": "Potatoes", "v": 124.0}, {"l": "Fruits, Other", "v": 24.0}, {"l": "Apples", "v": 34.0}, {"l": "Lemons, Limes", "v": 3.0}, {"l": "Nuts", "v": 1.0}, {"l": "Bananas", "v": 1.0}, {"l": "Treenuts", "v": 1.0}, {"l": "Vegetables, Other", "v": 74.0}, {"l": "Peas", "v": 1.0}, {"l": "Tomatoes", "v": 21.0}, {"l": "Grapes", "v": 1.0}, {"l": "Pimento", "v": 6.0}, {"l": "Onions", "v": 18.0}]}, {"source": 7, "prod": 0.0022158053986936809, "target": 14, "value": 1.0, "supply": [{"l": "Cream", "v": 1.0}]}, {"source": 0, "prod": 0.063115133706536736, "target": 14, "value": 69.0, "supply": [{"l": "Pigmeat", "v": 13.0}, {"l": "Milk - Excluding Butter", "v": 46.0}, {"l": "Bovine Meat", "v": 2.0}, {"l": "Poultry Meat", "v": 1.0}, {"l": "Offals, Edible", "v": 7.0}]}, {"source": 2, "prod": 0.84582645536434042, "target": 14, "value": 257.0, "supply": [{"l": "Maize", "v": 125.0}, {"l": "Oats", "v": 1.0}, {"l": "Rye", "v": 7.0}, {"l": "Wheat", "v": 124.0}]}, {"source": 3, "prod": 0.0169800666342, "target": 14, "value": 3.0, "supply": [{"l": "Sunflower seed", "v": 2.0}, {"l": "Rape and Mustardseed", "v": 1.0}]}, {"source": 15, "prod": 1.2098996323236126, "target": 10, "value": 367.0, "supply": [{"l": "Alcohol, Non-Food", "v": 66.0}, {"l": "Sugar", "v": 181.0}, {"l": "Beer", "v": 60.0}, {"l": "Beverages, Alcoholic", "v": 1.0}, {"l": "Fats, Animals, Raw", "v": 8.0}, {"l": "Soyabean Oil", "v": 6.0}, {"l": "Sunflowerseed Oil", "v": 6.0}, {"l": "Coconut Oil", "v": 3.0}, {"l": "Rape and Mustard Oil", "v": 3.0}, {"l": "Fish, Liver Oil", "v": 4.0}, {"l": "Oilcrops Oil, Other", "v": 6.0}, {"l": "Wine", "v": 22.0}, {"l": "Honey", "v": 1.0}]}, {"source": 15, "prod": 1.1606219563573985, "target": 2, "value": 301.0, "supply": [{"l": "Maize", "v": 2.0}, {"l": "Rye", "v": 49.0}, {"l": "Barley", "v": 199.0}, {"l": "Rice", "v": 15.0}, {"l": "Wheat", "v": 1.0}, {"l": "Oats", "v": 18.0}, {"l": "Cereals, Other", "v": 17.0}]}, {"source": 15, "prod": 0.0339601332684, "target": 3, "value": 5.0, "supply": [{"l": "Sunflower seed", "v": 1.0}, {"l": "Groundnuts", "v": 4.0}]}, {"source": 15, "prod": 0.22124763062882105, "target": 4, "value": 295.0, "supply": [{"l": "Vegetables, Other", "v": 11.0}, {"l": "Nuts", "v": 2.0}, {"l": "Grapefruit", "v": 1.0}, {"l": "Tomatoes", "v": 2.0}, {"l": "Pepper", "v": 1.0}, {"l": "Treenuts", "v": 2.0}, {"l": "Cocoa Beans", "v": 13.0}, {"l": "Grapes", "v": 10.0}, {"l": "Pimento", "v": 2.0}, {"l": "Potatoes", "v": 113.0}, {"l": "Coffee", "v": 31.0}, {"l": "Lemons, Limes", "v": 34.0}, {"l": "Bananas", "v": 13.0}, {"l": "Spices, Other", "v": 1.0}, {"l": "Tea", "v": 1.0}, {"l": "Fruits, Other", "v": 27.0}, {"l": "Oranges, Mandarines", "v": 23.0}, {"l": "Onions", "v": 4.0}, {"l": "Pulses, Other", "v": 4.0}]}, {"source": 15, "prod": 0.68687528841742718, "target": 1, "value": 789.0, "supply": [{"l": "Eggs", "v": 2.0}, {"l": "Marine Fish, Other", "v": 4.0}, {"l": "Pigmeat", "v": 21.0}, {"l": "Milk - Excluding Butter", "v": 144.0}, {"l": "Fish, Seafood", "v": 306.0}, {"l": "Pelagic Fish", "v": 302.0}, {"l": "Bovine Meat", "v": 10.0}]}, {"source": 7, "prod": 0.27697667754283156, "target": 16, "value": 174.0, "supply": [{"l": "Beverages, Alcoholic", "v": 4.0}, {"l": "Fats, Animals, Raw", "v": 18.0}, {"l": "Butter, Ghee", "v": 1.0}, {"l": "Wine", "v": 150.0}, {"l": "Fish, Liver Oil", "v": 1.0}]}, {"source": 0, "prod": 0.32620414834889266, "target": 16, "value": 236.0, "supply": [{"l": "Meat, Other", "v": 5.0}, {"l": "Eggs", "v": 16.0}, {"l": "Mutton & Goat Meat", "v": 4.0}, {"l": "Pigmeat", "v": 33.0}, {"l": "Milk - Excluding Butter", "v": 75.0}, {"l": "Bovine Meat", "v": 29.0}, {"l": "Poultry Meat", "v": 73.0}, {"l": "Offals, Edible", "v": 1.0}]}, {"source": 2, "prod": 6.0069519696381661, "target": 16, "value": 1804.0, "supply": [{"l": "Maize", "v": 714.0}, {"l": "Rye", "v": 20.0}, {"l": "Barley", "v": 91.0}, {"l": "Rice", "v": 6.0}, {"l": "Cereals, Other", "v": 29.0}, {"l": "Wheat", "v": 944.0}]}, {"source": 3, "prod": 0.1669706552363, "target": 16, "value": 31.0, "supply": [{"l": "Sunflower seed", "v": 23.0}, {"l": "Oilcrops, Other", "v": 6.0}, {"l": "Rape and Mustardseed", "v": 2.0}]}, {"source": 4, "prod": 0.75232585663846074, "target": 16, "value": 1284.0, "supply": [{"l": "Roots, Other", "v": 2.0}, {"l": "Nuts", "v": 1.0}, {"l": "Tomatoes", "v": 123.0}, {"l": "Treenuts", "v": 1.0}, {"l": "Vegetables, Other", "v": 390.0}, {"l": "Peas", "v": 35.0}, {"l": "Grapes", "v": 11.0}, {"l": "Pimento", "v": 6.0}, {"l": "Cocoa Beans", "v": 2.0}, {"l": "Potatoes", "v": 17.0}, {"l": "Beans", "v": 4.0}, {"l": "Apples", "v": 373.0}, {"l": "Fruits, Other", "v": 259.0}, {"l": "Pulses, Other", "v": 2.0}, {"l": "Onions", "v": 58.0}]}, {"source": 5, "prod": 0.049592935849109274, "target": 16, "value": 13.0, "supply": [{"l": "Sugar", "v": 6.0}, {"l": "Honey", "v": 7.0}]}, {"source": 6, "prod": 0.010656164839656271, "target": 16, "value": 12.0, "supply": [{"l": "Freshwater Fish", "v": 3.0}, {"l": "Fish, Seafood", "v": 6.0}, {"l": "Pelagic Fish", "v": 3.0}]}, {"source": 9, "prod": 0.42651879734644071, "target": 16, "value": 41.0, "supply": [{"l": "Soyabean Oil", "v": 1.0}, {"l": "Sunflowerseed Oil", "v": 27.0}, {"l": "Rape and Mustard Oil", "v": 9.0}, {"l": "Oilcrops Oil, Other", "v": 4.0}]}, {"source": 17, "prod": 0.04522468727736275, "target": 4, "value": 24.0, "supply": [{"l": "Peas", "v": 8.0}, {"l": "Onions", "v": 16.0}]}, {"source": 17, "prod": 0.02122508329275, "target": 3, "value": 5.0, "supply": [{"l": "Oilcrops, Other", "v": 5.0}]}, {"source": 0, "prod": 0.0099248886472444887, "target": 18, "value": 5.0, "supply": [{"l": "Poultry Meat", "v": 5.0}]}, {"source": 7, "prod": 0.0779527910078259, "target": 18, "value": 95.0, "supply": [{"l": "Beer", "v": 1.0}, {"l": "Beverages, Alcoholic", "v": 1.0}, {"l": "Wine", "v": 93.0}]}, {"source": 2, "prod": 2.0986105548358935, "target": 18, "value": 600.0, "supply": [{"l": "Maize", "v": 353.0}, {"l": "Rye", "v": 18.0}, {"l": "Barley", "v": 66.0}, {"l": "Rice", "v": 19.0}, {"l": "Sorghum", "v": 3.0}, {"l": "Wheat", "v": 141.0}]}, {"source": 17, "prod": 0.044879466378843838, "target": 1, "value": 68.0, "supply": [{"l": "Pigmeat", "v": 6.0}, {"l": "Milk - Excluding Butter", "v": 62.0}]}, {"source": 4, "prod": 0.069922389124499523, "target": 18, "value": 189.0, "supply": [{"l": "Fruits, Other", "v": 13.0}, {"l": "Tomatoes", "v": 100.0}, {"l": "Coffee", "v": 1.0}, {"l": "Vegetables, Other", "v": 25.0}, {"l": "Apples", "v": 50.0}]}, {"source": 9, "prod": 0.052515670002680412, "target": 18, "value": 5.0, "supply": [{"l": "Sunflowerseed Oil", "v": 5.0}]}, {"source": 3, "prod": 0.045280177691199998, "target": 18, "value": 8.0, "supply": [{"l": "Soyabeans", "v": 4.0}, {"l": "Sunflower seed", "v": 4.0}]}, {"source": 17, "prod": 0.051387043761394732, "target": 10, "value": 5.0, "supply": [{"l": "Soyabean Oil", "v": 5.0}]}, {"source": 5, "prod": 0.098119602903108991, "target": 18, "value": 24.0, "supply": [{"l": "Sugar", "v": 22.0}, {"l": "Honey", "v": 2.0}]}, {"source": 17, "prod": 0.010780994688380953, "target": 2, "value": 4.0, "supply": [{"l": "Oats", "v": 4.0}]}, {"source": 19, "prod": 39.661698351358723, "target": 2, "value": 11675.0, "supply": [{"l": "Maize", "v": 5963.0}, {"l": "Rye", "v": 178.0}, {"l": "Barley", "v": 874.0}, {"l": "Rice", "v": 46.0}, {"l": "Cereals, Other", "v": 31.0}, {"l": "Wheat", "v": 4502.0}, {"l": "Oats", "v": 72.0}, {"l": "Sorghum", "v": 4.0}, {"l": "Millet", "v": 5.0}]}, {"source": 19, "prod": 1.4036855084272002, "target": 3, "value": 253.0, "supply": [{"l": "Sunflower seed", "v": 153.0}, {"l": "Oilcrops, Other", "v": 20.0}, {"l": "Soyabeans", "v": 12.0}, {"l": "Rape and Mustardseed", "v": 68.0}]}, {"source": 19, "prod": 3.847165470955817, "target": 4, "value": 5863.0, "supply": [{"l": "Roots, Other", "v": 4.0}, {"l": "Nuts", "v": 25.0}, {"l": "Tomatoes", "v": 478.0}, {"l": "Treenuts", "v": 25.0}, {"l": "Vegetables, Other", "v": 1223.0}, {"l": "Peas", "v": 72.0}, {"l": "Grapes", "v": 1016.0}, {"l": "Pimento", "v": 60.0}, {"l": "Potatoes", "v": 1355.0}, {"l": "Beans", "v": 15.0}, {"l": "Apples", "v": 781.0}, {"l": "Fruits, Other", "v": 660.0}, {"l": "Onions", "v": 144.0}, {"l": "Pulses, Other", "v": 5.0}]}, {"source": 19, "prod": 3.2007599938800002, "target": 11, "value": 2754.0, "supply": [{"l": "Sugar beet", "v": 2754.0}]}, {"source": 1, "prod": 0.6047995725942471, "target": 6, "value": 670.0, "supply": [{"l": "Freshwater Fish", "v": 29.0}, {"l": "Pelagic Fish", "v": 302.0}, {"l": "Marine Fish, Other", "v": 4.0}, {"l": "Fish, Seafood", "v": 335.0}]}, {"source": 1, "prod": 3.7516141294921574, "target": 0, "value": 3601.0, "supply": [{"l": "Poultry Meat", "v": 242.0}, {"l": "Pigmeat", "v": 723.0}, {"l": "Bovine Meat", "v": 345.0}, {"l": "Eggs", "v": 187.0}, {"l": "Milk - Excluding Butter", "v": 2053.0}, {"l": "Offals, Edible", "v": 42.0}, {"l": "Meat, Other", "v": 19.0}, {"l": "Mutton & Goat Meat", "v": 7.0}]}, {"source": 10, "prod": 3.4299329795430471, "target": 7, "value": 1801.0, "supply": [{"l": "Fats, Animals, Raw", "v": 279.0}, {"l": "Alcohol, Non-Food", "v": 105.0}, {"l": "Beer", "v": 643.0}, {"l": "Beverages, Alcoholic", "v": 63.0}, {"l": "Fish, Liver Oil", "v": 5.0}, {"l": "Cream", "v": 39.0}, {"l": "Butter, Ghee", "v": 22.0}, {"l": "Wine", "v": 645.0}]}, {"source": 10, "prod": 1.1820997080475422, "target": 9, "value": 114.0, "supply": [{"l": "Coconut Oil", "v": 3.0}, {"l": "Oilcrops Oil, Other", "v": 18.0}, {"l": "Sunflowerseed Oil", "v": 52.0}, {"l": "Soyabean Oil", "v": 11.0}, {"l": "Rape and Mustard Oil", "v": 30.0}]}, {"source": 10, "prod": 2.1122459320019367, "target": 5, "value": 512.0, "supply": [{"l": "Honey", "v": 11.0}, {"l": "Sugar", "v": 501.0}]}]}