{"nodes": [{"layer": 13, "name": "Other Processed", "fill": "#9c9ede"}, {"layer": 10, "name": "Feed", "fill": "#dbdb8d"}, {"layer": 13, "name": "Animal Products", "fill": "#17becf"}, {"layer": 5, "name": "Cereals", "fill": "#e7ba52"}, {"layer": 5, "name": "Oilcrops", "fill": "#ff9896"}, {"layer": 13, "name": "Sugar", "fill": "#d6616b"}, {"layer": 5, "name": "Starchy Roots"}, {"layer": 5, "name": "Fruits & Vegetables"}, {"layer": 13, "name": "Aquatic Products", "fill": "#1f77b4"}, {"layer": 16, "name": "Food", "fill": "#b5cf6b"}, {"layer": 5, "name": "Others"}, {"layer": 13, "name": "Vegetable Oils", "fill": "#f7b6d2"}, {"layer": 10, "name": "Processing", "fill": "#9edae5"}, {"layer": 5, "name": "Sugar Crops", "fill": "#ffbb78"}, {"layer": 16, "name": "Biofuels & Other", "fill": "#e7ba52"}, {"name": "Seed", "fill": "#dbdb8d"}, {"name": "Waste", "fill": "#c7c7c7"}, {"layer": 0, "name": "Import", "fill": "#aec7e8"}, {"layer": 16, "name": "Export", "fill": "#aec7e8"}, {"layer": 0, "name": "Stock Draw", "fill": "#c7c7c7"}, {"layer": 16, "name": "Stock Deposit", "fill": "#c7c7c7"}, {"layer": 0, "name": "Production", "fill": "#b5cf6b"}], "links": [{"source": 0, "prod": 0.027857921821734376, "target": 1, "value": 4.0, "supply": [{"l": "Fish, Body Oil", "v": 4.0}]}, {"source": 2, "prod": 0.28467392079020298, "target": 1, "value": 529.0, "supply": [{"l": "Milk - Excluding Butter", "v": 529.0}]}, {"source": 3, "prod": 18.045992628621832, "target": 1, "value": 5430.0, "supply": [{"l": "Maize", "v": 3442.0}, {"l": "Oats", "v": 82.0}, {"l": "Rye", "v": 106.0}, {"l": "Sorghum", "v": 2.0}, {"l": "Cereals, Other", "v": 33.0}, {"l": "Wheat", "v": 1006.0}, {"l": "Millet", "v": 4.0}, {"l": "Barley", "v": 755.0}]}, {"source": 4, "prod": 0.037143895762312501, "target": 1, "value": 7.0, "supply": [{"l": "Soyabeans", "v": 2.0}, {"l": "Sunflower seed", "v": 5.0}]}, {"source": 5, "prod": 0.020719430524009298, "target": 1, "value": 5.0, "supply": [{"l": "Sugar", "v": 5.0}]}, {"source": 6, "prod": 0.34108501417307413, "target": 1, "value": 437.0, "supply": [{"l": "Potatoes", "v": 437.0}]}, {"source": 7, "prod": 0.19284707850156649, "target": 1, "value": 133.0, "supply": [{"l": "Fruits, Other", "v": 9.0}, {"l": "Apples", "v": 9.0}, {"l": "Tomatoes", "v": 2.0}, {"l": "Vegetables, Other", "v": 80.0}, {"l": "Peas", "v": 29.0}, {"l": "Pulses, Other", "v": 4.0}]}, {"source": 8, "prod": 0.45012167008637727, "target": 1, "value": 478.0, "supply": [{"l": "Fish, Seafood", "v": 239.0}, {"l": "Pelagic Fish", "v": 239.0}]}, {"source": 0, "prod": 2.5828038763436121, "target": 9, "value": 1202.0, "supply": [{"l": "Beer", "v": 525.0}, {"l": "Beverages, Alcoholic", "v": 38.0}, {"l": "Fats, Animals, Raw", "v": 237.0}, {"l": "Butter, Ghee", "v": 19.0}, {"l": "Wine", "v": 357.0}, {"l": "Cream", "v": 26.0}]}, {"source": 2, "prod": 2.6219828968957097, "target": 9, "value": 2454.0, "supply": [{"l": "Pigmeat", "v": 570.0}, {"l": "Meat, Other", "v": 7.0}, {"l": "Eggs", "v": 125.0}, {"l": "Mutton & Goat Meat", "v": 8.0}, {"l": "Milk - Excluding Butter", "v": 1394.0}, {"l": "Bovine Meat", "v": 196.0}, {"l": "Poultry Meat", "v": 124.0}, {"l": "Offals, Edible", "v": 30.0}]}, {"source": 3, "prod": 5.5200508697821817, "target": 9, "value": 1836.0, "supply": [{"l": "Rye", "v": 51.0}, {"l": "Rice", "v": 26.0}, {"l": "Wheat", "v": 1759.0}]}, {"source": 4, "prod": 0.0169800666342, "target": 9, "value": 3.0, "supply": [{"l": "Oilcrops, Other", "v": 1.0}, {"l": "Groundnuts", "v": 2.0}]}, {"source": 5, "prod": 1.4750214271161441, "target": 9, "value": 356.0, "supply": [{"l": "Sugar", "v": 354.0}, {"l": "Honey", "v": 2.0}]}, {"source": 6, "prod": 0.4854802718893641, "target": 9, "value": 622.0, "supply": [{"l": "Roots, Other", "v": 2.0}, {"l": "Potatoes", "v": 620.0}]}, {"source": 7, "prod": 0.7795717862816568, "target": 9, "value": 1663.0, "supply": [{"l": "Grapefruit", "v": 2.0}, {"l": "Tomatoes", "v": 228.0}, {"l": "Treenuts", "v": 18.0}, {"l": "Vegetables, Other", "v": 669.0}, {"l": "Peas", "v": 3.0}, {"l": "Grapes", "v": 74.0}, {"l": "Dates", "v": 2.0}, {"l": "Beans", "v": 4.0}, {"l": "Pulses, Other", "v": 1.0}, {"l": "Lemons, Limes", "v": 23.0}, {"l": "Bananas", "v": 12.0}, {"l": "Fruits, Other", "v": 293.0}, {"l": "Oranges, Mandarines", "v": 17.0}, {"l": "Onions", "v": 83.0}, {"l": "Apples", "v": 234.0}]}, {"source": 10, "prod": 0.11539143146126837, "target": 9, "value": 90.0, "supply": [{"l": "Nuts", "v": 18.0}, {"l": "Pepper", "v": 1.0}, {"l": "Pimento", "v": 45.0}, {"l": "Cocoa Beans", "v": 10.0}, {"l": "Coffee", "v": 15.0}, {"l": "Tea", "v": 1.0}]}, {"source": 8, "prod": 0.10612176371704564, "target": 9, "value": 128.0, "supply": [{"l": "Marine Fish, Other", "v": 1.0}, {"l": "Freshwater Fish", "v": 28.0}, {"l": "Fish, Seafood", "v": 64.0}, {"l": "Pelagic Fish", "v": 25.0}, {"l": "Demersal Fish", "v": 10.0}]}, {"source": 11, "prod": 0.2264148293974074, "target": 9, "value": 22.0, "supply": [{"l": "Soyabean Oil", "v": 2.0}, {"l": "Sunflowerseed Oil", "v": 14.0}, {"l": "Olive Oil", "v": 2.0}, {"l": "Rape and Mustard Oil", "v": 1.0}, {"l": "Oilcrops Oil, Other", "v": 3.0}]}, {"source": 0, "prod": 0.15321857001953906, "target": 12, "value": 22.0, "supply": [{"l": "Fats, Animals, Raw", "v": 22.0}]}, {"source": 2, "prod": 0.13253349627839114, "target": 12, "value": 108.0, "supply": [{"l": "Milk - Excluding Butter", "v": 1.0}, {"l": "Bovine Meat", "v": 99.0}, {"l": "Poultry Meat", "v": 8.0}]}, {"source": 3, "prod": 0.23272452688256517, "target": 12, "value": 74.0, "supply": [{"l": "Maize", "v": 20.0}, {"l": "Barley", "v": 53.0}, {"l": "Wheat", "v": 1.0}]}, {"source": 4, "prod": 0.64630378626423768, "target": 12, "value": 125.0, "supply": [{"l": "Soyabeans", "v": 15.0}, {"l": "Oilcrops, Other", "v": 16.0}, {"l": "Sunflower seed", "v": 81.0}, {"l": "Rape and Mustardseed", "v": 11.0}, {"l": "Palm kernels", "v": 2.0}]}, {"source": 13, "prod": 3.9631777702000006, "target": 12, "value": 3410.0, "supply": [{"l": "Sugar beet", "v": 3410.0}]}, {"source": 6, "prod": 0.00078051490657454032, "target": 12, "value": 1.0, "supply": [{"l": "Potatoes", "v": 1.0}]}, {"source": 7, "prod": 0.63856064818487823, "target": 12, "value": 868.0, "supply": [{"l": "Fruits, Other", "v": 40.0}, {"l": "Treenuts", "v": 1.0}, {"l": "Vegetables, Other", "v": 21.0}, {"l": "Tomatoes", "v": 1.0}, {"l": "Grapes", "v": 761.0}, {"l": "Onions", "v": 2.0}, {"l": "Apples", "v": 42.0}]}, {"source": 10, "prod": 0.0043414943098806823, "target": 12, "value": 1.0, "supply": [{"l": "Nuts", "v": 1.0}]}, {"source": 0, "prod": 0.2626320413134155, "target": 14, "value": 71.0, "supply": [{"l": "Alcohol, Non-Food", "v": 37.0}, {"l": "Beverages, Alcoholic", "v": 1.0}, {"l": "Fats, Animals, Raw", "v": 32.0}, {"l": "Fish, Body Oil", "v": 1.0}]}, {"source": 2, "prod": 0.033474519325797022, "target": 14, "value": 33.0, "supply": [{"l": "Pigmeat", "v": 10.0}, {"l": "Milk - Excluding Butter", "v": 20.0}, {"l": "Offals, Edible", "v": 3.0}]}, {"source": 3, "prod": 0.13981591906181395, "target": 14, "value": 43.0, "supply": [{"l": "Maize", "v": 21.0}, {"l": "Rye", "v": 1.0}, {"l": "Wheat", "v": 21.0}]}, {"source": 4, "prod": 0.0084900333171, "target": 14, "value": 2.0, "supply": [{"l": "Oilcrops, Other", "v": 2.0}]}, {"source": 13, "prod": 0.070895555420000006, "target": 14, "value": 61.0, "supply": [{"l": "Sugar beet", "v": 61.0}]}, {"source": 5, "prod": 0.070446063781631624, "target": 14, "value": 17.0, "supply": [{"l": "Sugar", "v": 17.0}]}, {"source": 6, "prod": 0.038245230422152485, "target": 14, "value": 49.0, "supply": [{"l": "Potatoes", "v": 49.0}]}, {"source": 7, "prod": 0.015339135825012607, "target": 14, "value": 17.0, "supply": [{"l": "Fruits, Other", "v": 16.0}, {"l": "Pulses, Other", "v": 1.0}]}, {"source": 11, "prod": 0.2018055825780137, "target": 14, "value": 20.0, "supply": [{"l": "Coconut Oil", "v": 2.0}, {"l": "Rape and Mustard Oil", "v": 3.0}, {"l": "Oilcrops Oil, Other", "v": 5.0}, {"l": "Palm Oil", "v": 1.0}, {"l": "Palmkernel Oil", "v": 4.0}, {"l": "Sunflowerseed Oil", "v": 5.0}]}, {"source": 6, "prod": 0.31064493281666711, "target": 15, "value": 398.0, "supply": [{"l": "Potatoes", "v": 398.0}]}, {"source": 7, "prod": 0.15850440352513026, "target": 15, "value": 33.0, "supply": [{"l": "Peas", "v": 24.0}, {"l": "Beans", "v": 4.0}, {"l": "Pulses, Other", "v": 5.0}]}, {"source": 2, "prod": 0.019672879173559574, "target": 2, "value": 12.0, "supply": [{"l": "Eggs", "v": 12.0}]}, {"source": 3, "prod": 1.6746311274306345, "target": 15, "value": 554.0, "supply": [{"l": "Maize", "v": 52.0}, {"l": "Wheat", "v": 345.0}, {"l": "Oats", "v": 13.0}, {"l": "Rye", "v": 44.0}, {"l": "Millet", "v": 1.0}, {"l": "Barley", "v": 94.0}, {"l": "Rice", "v": 3.0}, {"l": "Cereals, Other", "v": 2.0}]}, {"source": 4, "prod": 0.020163829128112501, "target": 15, "value": 4.0, "supply": [{"l": "Sunflower seed", "v": 3.0}, {"l": "Oilcrops, Other", "v": 1.0}]}, {"source": 0, "prod": 0.0023034974116162791, "target": 16, "value": 1.0, "supply": [{"l": "Cream", "v": 1.0}]}, {"source": 2, "prod": 0.048365078805731078, "target": 16, "value": 58.0, "supply": [{"l": "Pigmeat", "v": 7.0}, {"l": "Milk - Excluding Butter", "v": 42.0}, {"l": "Bovine Meat", "v": 2.0}, {"l": "Poultry Meat", "v": 1.0}, {"l": "Offals, Edible", "v": 6.0}]}, {"source": 3, "prod": 0.3303492496391649, "target": 16, "value": 103.0, "supply": [{"l": "Maize", "v": 45.0}, {"l": "Oats", "v": 1.0}, {"l": "Rye", "v": 7.0}, {"l": "Cereals, Other", "v": 1.0}, {"l": "Wheat", "v": 49.0}]}, {"source": 4, "prod": 0.010612541646375, "target": 16, "value": 2.0, "supply": [{"l": "Sunflower seed", "v": 2.0}]}, {"source": 6, "prod": 0.11395517635988289, "target": 16, "value": 146.0, "supply": [{"l": "Potatoes", "v": 146.0}]}, {"source": 7, "prod": 0.12526191977733839, "target": 16, "value": 292.0, "supply": [{"l": "Oranges, Mandarines", "v": 2.0}, {"l": "Apples", "v": 77.0}, {"l": "Lemons, Limes", "v": 3.0}, {"l": "Tomatoes", "v": 54.0}, {"l": "Bananas", "v": 1.0}, {"l": "Treenuts", "v": 1.0}, {"l": "Fruits, Other", "v": 28.0}, {"l": "Vegetables, Other", "v": 98.0}, {"l": "Peas", "v": 1.0}, {"l": "Grapes", "v": 1.0}, {"l": "Onions", "v": 26.0}]}, {"source": 10, "prod": 0.00608602170380534, "target": 16, "value": 7.0, "supply": [{"l": "Nuts", "v": 1.0}, {"l": "Pimento", "v": 6.0}]}, {"source": 17, "prod": 0.037594372926183603, "target": 10, "value": 36.0, "supply": [{"l": "Nuts", "v": 2.0}, {"l": "Pepper", "v": 1.0}, {"l": "Cocoa Beans", "v": 11.0}, {"l": "Coffee", "v": 21.0}, {"l": "Tea", "v": 1.0}]}, {"source": 17, "prod": 0.83153698535744824, "target": 1, "value": 1089.0, "supply": [{"l": "Pigmeat", "v": 18.0}, {"l": "Marine Fish, Other", "v": 1.0}, {"l": "Mutton & Goat Meat", "v": 2.0}, {"l": "Milk - Excluding Butter", "v": 517.0}, {"l": "Fish, Seafood", "v": 275.0}, {"l": "Pelagic Fish", "v": 264.0}, {"l": "Offals, Edible", "v": 1.0}, {"l": "Demersal Fish", "v": 10.0}, {"l": "Bovine Meat", "v": 1.0}]}, {"source": 17, "prod": 0.64180955327760025, "target": 12, "value": 145.0, "supply": [{"l": "Sugar", "v": 17.0}, {"l": "Beer", "v": 44.0}, {"l": "Beverages, Alcoholic", "v": 2.0}, {"l": "Butter, Ghee", "v": 2.0}, {"l": "Fats, Animals, Raw", "v": 22.0}, {"l": "Palm Oil", "v": 1.0}, {"l": "Sunflowerseed Oil", "v": 22.0}, {"l": "Coconut Oil", "v": 2.0}, {"l": "Oilcrops Oil, Other", "v": 2.0}, {"l": "Wine", "v": 22.0}, {"l": "Fish, Body Oil", "v": 6.0}, {"l": "Palmkernel Oil", "v": 3.0}]}, {"source": 17, "prod": 1.5761452691995606, "target": 3, "value": 506.0, "supply": [{"l": "Maize", "v": 75.0}, {"l": "Barley", "v": 74.0}, {"l": "Rice", "v": 18.0}, {"l": "Cereals, Other", "v": 27.0}, {"l": "Wheat", "v": 312.0}]}, {"source": 17, "prod": 0.11176339257460186, "target": 7, "value": 126.0, "supply": [{"l": "Grapefruit", "v": 2.0}, {"l": "Tomatoes", "v": 2.0}, {"l": "Treenuts", "v": 2.0}, {"l": "Vegetables, Other", "v": 15.0}, {"l": "Grapes", "v": 13.0}, {"l": "Dates", "v": 2.0}, {"l": "Apples", "v": 10.0}, {"l": "Lemons, Limes", "v": 26.0}, {"l": "Bananas", "v": 12.0}, {"l": "Fruits, Other", "v": 17.0}, {"l": "Oranges, Mandarines", "v": 18.0}, {"l": "Pulses, Other", "v": 7.0}]}, {"source": 17, "prod": 0.1262892455918625, "target": 4, "value": 24.0, "supply": [{"l": "Sunflower seed", "v": 13.0}, {"l": "Groundnuts", "v": 2.0}, {"l": "Oilcrops, Other", "v": 3.0}, {"l": "Soyabeans", "v": 4.0}, {"l": "Palm kernels", "v": 2.0}]}, {"source": 17, "prod": 0.04136729004845064, "target": 6, "value": 53.0, "supply": [{"l": "Roots, Other", "v": 1.0}, {"l": "Potatoes", "v": 52.0}]}, {"source": 0, "prod": 0.18240780697434725, "target": 18, "value": 100.0, "supply": [{"l": "Wine", "v": 80.0}, {"l": "Fats, Animals, Raw", "v": 6.0}, {"l": "Butter, Ghee", "v": 6.0}, {"l": "Beverages, Alcoholic", "v": 8.0}]}, {"source": 2, "prod": 0.34115224231684749, "target": 18, "value": 271.0, "supply": [{"l": "Pigmeat", "v": 37.0}, {"l": "Poultry Meat", "v": 53.0}, {"l": "Milk - Excluding Butter", "v": 129.0}, {"l": "Meat, Other", "v": 4.0}, {"l": "Bovine Meat", "v": 25.0}, {"l": "Eggs", "v": 21.0}, {"l": "Offals, Edible", "v": 1.0}, {"l": "Mutton & Goat Meat", "v": 1.0}]}, {"source": 3, "prod": 0.55558676146376473, "target": 18, "value": 184.0, "supply": [{"l": "Maize", "v": 19.0}, {"l": "Rye", "v": 26.0}, {"l": "Cereals, Other", "v": 6.0}, {"l": "Rice", "v": 1.0}, {"l": "Wheat", "v": 132.0}]}, {"source": 4, "prod": 0.10400290813447499, "target": 18, "value": 20.0, "supply": [{"l": "Sunflower seed", "v": 18.0}, {"l": "Oilcrops, Other", "v": 2.0}]}, {"source": 5, "prod": 0.10713496014489433, "target": 18, "value": 26.0, "supply": [{"l": "Sugar", "v": 20.0}, {"l": "Honey", "v": 6.0}]}, {"source": 6, "prod": 0.026537506823534372, "target": 18, "value": 34.0, "supply": [{"l": "Potatoes", "v": 32.0}, {"l": "Roots, Other", "v": 2.0}]}, {"source": 7, "prod": 0.44033976059996971, "target": 18, "value": 880.0, "supply": [{"l": "Vegetables, Other", "v": 286.0}, {"l": "Fruits, Other", "v": 138.0}, {"l": "Beans", "v": 1.0}, {"l": "Pulses, Other", "v": 4.0}, {"l": "Tomatoes", "v": 154.0}, {"l": "Peas", "v": 12.0}, {"l": "Grapes", "v": 12.0}, {"l": "Onions", "v": 67.0}, {"l": "Apples", "v": 206.0}]}, {"source": 10, "prod": 0.0033900745101798314, "target": 18, "value": 8.0, "supply": [{"l": "Cocoa Beans", "v": 1.0}, {"l": "Pimento", "v": 7.0}]}, {"source": 8, "prod": 0.0050679498399233899, "target": 18, "value": 6.0, "supply": [{"l": "Freshwater Fish", "v": 2.0}, {"l": "Pelagic Fish", "v": 1.0}, {"l": "Fish, Seafood", "v": 3.0}]}, {"source": 11, "prod": 0.36935478688272033, "target": 18, "value": 36.0, "supply": [{"l": "Rape and Mustard Oil", "v": 1.0}, {"l": "Oilcrops Oil, Other", "v": 1.0}, {"l": "Soyabean Oil", "v": 1.0}, {"l": "Palmkernel Oil", "v": 1.0}, {"l": "Sunflowerseed Oil", "v": 32.0}]}, {"source": 19, "prod": 0.072798839568620377, "target": 7, "value": 103.0, "supply": [{"l": "Apples", "v": 77.0}, {"l": "Tomatoes", "v": 2.0}, {"l": "Treenuts", "v": 2.0}, {"l": "Vegetables, Other", "v": 12.0}, {"l": "Pulses, Other", "v": 2.0}, {"l": "Onions", "v": 8.0}]}, {"source": 19, "prod": 0.081716570677087499, "target": 4, "value": 16.0, "supply": [{"l": "Soyabeans", "v": 13.0}, {"l": "Oilcrops, Other", "v": 3.0}]}, {"source": 2, "prod": 0.12022113427296724, "target": 20, "value": 192.0, "supply": [{"l": "Pigmeat", "v": 11.0}, {"l": "Milk - Excluding Butter", "v": 180.0}, {"l": "Mutton & Goat Meat", "v": 1.0}]}, {"source": 10, "prod": 0.0042837839339705478, "target": 20, "value": 10.0, "supply": [{"l": "Coffee", "v": 5.0}, {"l": "Pimento", "v": 5.0}]}, {"source": 0, "prod": 0.075981769268006691, "target": 20, "value": 76.0, "supply": [{"l": "Beer", "v": 1.0}, {"l": "Beverages, Alcoholic", "v": 6.0}, {"l": "Wine", "v": 69.0}]}, {"source": 3, "prod": 2.411314052826008, "target": 20, "value": 748.0, "supply": [{"l": "Maize", "v": 290.0}, {"l": "Rye", "v": 5.0}, {"l": "Rice", "v": 15.0}, {"l": "Wheat", "v": 361.0}, {"l": "Barley", "v": 77.0}]}, {"source": 7, "prod": 0.0017390299336496854, "target": 20, "value": 3.0, "supply": [{"l": "Fruits, Other", "v": 3.0}]}, {"source": 19, "prod": 0.011470710687077027, "target": 1, "value": 5.0, "supply": [{"l": "Poultry Meat", "v": 4.0}, {"l": "Eggs", "v": 1.0}]}, {"source": 11, "prod": 0.061667754315585965, "target": 20, "value": 6.0, "supply": [{"l": "Oilcrops Oil, Other", "v": 3.0}, {"l": "Sunflowerseed Oil", "v": 3.0}]}, {"source": 4, "prod": 0.0053062708231875, "target": 20, "value": 1.0, "supply": [{"l": "Sunflower seed", "v": 1.0}]}, {"source": 19, "prod": 0.0086829886197613646, "target": 10, "value": 2.0, "supply": [{"l": "Nuts", "v": 2.0}]}, {"source": 19, "prod": 0.054223538092724573, "target": 12, "value": 7.0, "supply": [{"l": "Olive Oil", "v": 2.0}, {"l": "Butter, Ghee", "v": 2.0}, {"l": "Fats, Animals, Raw", "v": 1.0}, {"l": "Honey", "v": 2.0}]}, {"source": 5, "prod": 0.24448928018330973, "target": 20, "value": 59.0, "supply": [{"l": "Sugar", "v": 59.0}]}, {"source": 19, "prod": 0.061745696851636368, "target": 3, "value": 24.0, "supply": [{"l": "Oats", "v": 24.0}]}, {"source": 21, "prod": 27.269576526082975, "target": 3, "value": 8441.0, "supply": [{"l": "Maize", "v": 3814.0}, {"l": "Rye", "v": 240.0}, {"l": "Barley", "v": 906.0}, {"l": "Rice", "v": 27.0}, {"l": "Cereals, Other", "v": 15.0}, {"l": "Wheat", "v": 3361.0}, {"l": "Oats", "v": 72.0}, {"l": "Sorghum", "v": 2.0}, {"l": "Millet", "v": 4.0}]}, {"source": 21, "prod": 0.64205876960568753, "target": 4, "value": 124.0, "supply": [{"l": "Sunflower seed", "v": 97.0}, {"l": "Oilcrops, Other", "v": 15.0}, {"l": "Rape and Mustardseed", "v": 12.0}]}, {"source": 21, "prod": 4.0340733256200005, "target": 13, "value": 3471.0, "supply": [{"l": "Sugar beet", "v": 3471.0}]}, {"source": 21, "prod": 1.2761418722493736, "target": 6, "value": 1635.0, "supply": [{"l": "Roots, Other", "v": 3.0}, {"l": "Potatoes", "v": 1632.0}]}, {"source": 21, "prod": 2.1638287922309871, "target": 7, "value": 3636.0, "supply": [{"l": "Tomatoes", "v": 434.0}, {"l": "Treenuts", "v": 17.0}, {"l": "Vegetables, Other", "v": 1105.0}, {"l": "Peas", "v": 68.0}, {"l": "Grapes", "v": 835.0}, {"l": "Beans", "v": 10.0}, {"l": "Apples", "v": 482.0}, {"l": "Fruits, Other", "v": 510.0}, {"l": "Onions", "v": 169.0}, {"l": "Pulses, Other", "v": 6.0}]}, {"source": 21, "prod": 0.092122940904180495, "target": 10, "value": 80.0, "supply": [{"l": "Nuts", "v": 17.0}, {"l": "Pimento", "v": 63.0}]}, {"source": 1, "prod": 0.56131138364334632, "target": 8, "value": 612.0, "supply": [{"l": "Demersal Fish", "v": 10.0}, {"l": "Freshwater Fish", "v": 30.0}, {"l": "Pelagic Fish", "v": 265.0}, {"l": "Marine Fish, Other", "v": 1.0}, {"l": "Fish, Seafood", "v": 306.0}]}, {"source": 1, "prod": 3.5824032886856472, "target": 2, "value": 3645.0, "supply": [{"l": "Poultry Meat", "v": 186.0}, {"l": "Pigmeat", "v": 635.0}, {"l": "Bovine Meat", "v": 322.0}, {"l": "Eggs", "v": 158.0}, {"l": "Milk - Excluding Butter", "v": 2295.0}, {"l": "Offals, Edible", "v": 40.0}, {"l": "Meat, Other", "v": 11.0}, {"l": "Mutton & Goat Meat", "v": 10.0}]}, {"source": 12, "prod": 3.2872054831522712, "target": 0, "value": 1476.0, "supply": [{"l": "Fats, Animals, Raw", "v": 297.0}, {"l": "Alcohol, Non-Food", "v": 37.0}, {"l": "Fish, Body Oil", "v": 5.0}, {"l": "Beer", "v": 526.0}, {"l": "Beverages, Alcoholic", "v": 53.0}, {"l": "Cream", "v": 27.0}, {"l": "Butter, Ghee", "v": 25.0}, {"l": "Wine", "v": 506.0}]}, {"source": 12, "prod": 0.85924295317372734, "target": 11, "value": 84.0, "supply": [{"l": "Olive Oil", "v": 2.0}, {"l": "Soyabean Oil", "v": 3.0}, {"l": "Coconut Oil", "v": 2.0}, {"l": "Rape and Mustard Oil", "v": 5.0}, {"l": "Palm Oil", "v": 1.0}, {"l": "Palmkernel Oil", "v": 5.0}, {"l": "Oilcrops Oil, Other", "v": 12.0}, {"l": "Sunflowerseed Oil", "v": 54.0}]}, {"source": 12, "prod": 1.9178111617499889, "target": 5, "value": 463.0, "supply": [{"l": "Honey", "v": 8.0}, {"l": "Sugar", "v": 455.0}]}]}