{"nodes": [{"layer": 13, "name": "Milk - Excluding Butter"}, {"layer": 10, "name": "Feed", "fill": "#dbdb8d"}, {"layer": 5, "name": "Oilcrops", "fill": "#ff9896"}, {"layer": 5, "name": "Vegetables"}, {"layer": 5, "name": "Starchy Roots"}, {"layer": 5, "name": "Pulses"}, {"layer": 13, "name": "Fish, Seafood"}, {"layer": 13, "name": "Sugar & Sweeteners"}, {"layer": 5, "name": "Cereals - Excluding Beer"}, {"layer": 13, "name": "Eggs"}, {"layer": 5, "name": "Fruits - Excluding Wine"}, {"layer": 16, "name": "Food", "fill": "#b5cf6b"}, {"layer": 13, "name": "Meat"}, {"layer": 5, "name": "Treenuts"}, {"layer": 5, "name": "Stimulants"}, {"layer": 13, "name": "Alcoholic Beverages"}, {"layer": 5, "name": "Others"}, {"layer": 13, "name": "Vegetable Oils", "fill": "#f7b6d2"}, {"layer": 5, "name": "Spices"}, {"layer": 13, "name": "Animal Fats"}, {"layer": 10, "name": "Processing", "fill": "#9edae5"}, {"layer": 5, "name": "Sugar Crops", "fill": "#ffbb78"}, {"layer": 16, "name": "Biofuels & Other", "fill": "#e7ba52"}, {"name": "Waste", "fill": "#c7c7c7"}, {"layer": 2, "name": "Import", "fill": "#aec7e8"}, {"layer": 16, "name": "Export", "fill": "#aec7e8"}, {"layer": 16, "name": "Stock Deposit", "fill": "#c7c7c7"}, {"layer": 0, "name": "Stock Draw", "fill": "#c7c7c7"}, {"name": "Crop Residue", "fill": "#bd9e39"}, {"layer": 2, "name": "Electricity", "fill": "#bcbd22"}, {"layer": 0, "name": "Fossil Fuels", "fill": "#c49c94"}, {"layer": 0, "name": "Renewables & Nuclear", "fill": "#2ca02c"}, {"layer": 2, "name": "Fertilizers", "fill": "#c5b0d5"}, {"layer": 0, "name": "Labor", "fill": "#7f7f7f"}], "links": [{"source": 0, "prod": 844.0, "target": 1, "value": 0.48991066668951277, "supply": [{"l": "Milk - Excluding Butter", "v": 0.48991066668951277}]}, {"source": 2, "prod": 29.0, "target": 1, "value": 0.1630884605143782, "supply": [{"l": "Soyabeans", "v": 0.028118700088685902}, {"l": "Sunflower seed", "v": 0.13496976042569231}]}, {"source": 3, "prod": 108.0, "target": 1, "value": 0.030218244848805819, "supply": [{"l": "Tomatoes", "v": 0.00024891843284235451}, {"l": "Vegetables, Other", "v": 0.028140234857521814}, {"l": "Onions", "v": 0.0018290915584416518}]}, {"source": 4, "prod": 461.0, "target": 1, "value": 0.35830686840248094, "supply": [{"l": "Potatoes", "v": 0.35830686840248094}]}, {"source": 5, "prod": 23.0, "target": 1, "value": 0.091533171699984373, "supply": [{"l": "Peas", "v": 0.091533171699984373}]}, {"source": 6, "prod": 524.0, "target": 1, "value": 0.53124846380189683, "supply": [{"l": "Fish, Seafood", "v": 0.24236681067459809}, {"l": "Pelagic Fish", "v": 0.28888165312729874}]}, {"source": 7, "prod": 23.0, "target": 1, "value": 0.095034176684552496, "supply": [{"l": "Sugar", "v": 0.095034176684552496}]}, {"source": 8, "prod": 9133.0, "target": 1, "value": 31.643600982012991, "supply": [{"l": "Maize", "v": 19.346363147325768}, {"l": "Oats", "v": 0.17616819132982503}, {"l": "Rye", "v": 0.37844723984242923}, {"l": "Barley", "v": 3.2167792901456678}, {"l": "Sorghum", "v": 0.017936501434988351}, {"l": "Cereals, Other", "v": 0.064571405165958065}, {"l": "Wheat", "v": 8.4325733059073666}, {"l": "Millet", "v": 0.010761900860993011}]}, {"source": 9, "prod": 2.0, "target": 1, "value": 0.0032802401452431823, "supply": [{"l": "Eggs", "v": 0.0032802401452431823}]}, {"source": 10, "prod": 11.0, "target": 1, "value": 0.0062656149588437311, "supply": [{"l": "Fruits, Other", "v": 0.0034102225876217573}, {"l": "Apples", "v": 0.0028553923712219737}]}, {"source": 0, "prod": 1480.0, "target": 11, "value": 0.85908505533232105, "supply": [{"l": "Milk - Excluding Butter", "v": 0.85908505533232105}]}, {"source": 6, "prod": 88.0, "target": 11, "value": 0.081027623508769603, "supply": [{"l": "Marine Fish, Other", "v": 0.00424501665855}, {"l": "Freshwater Fish", "v": 0.027258969847545153}, {"l": "Fish, Seafood", "v": 0.040702823166726396}, {"l": "Pelagic Fish", "v": 0.0088208138359480524}]}, {"source": 12, "prod": 1132.0, "target": 11, "value": 2.0900300236434251, "supply": [{"l": "Pigmeat", "v": 1.4748739190047224}, {"l": "Meat, Other", "v": 0.01814663609761832}, {"l": "Mutton & Goat Meat", "v": 0.004994137245352942}, {"l": "Bovine Meat", "v": 0.21679070741349066}, {"l": "Poultry Meat", "v": 0.33455462557290661}, {"l": "Offals, Edible", "v": 0.040669998309333877}]}, {"source": 13, "prod": 21.0, "target": 11, "value": 0.081452603905172602, "supply": [{"l": "Treenuts", "v": 0.081452603905172602}]}, {"source": 14, "prod": 56.0, "target": 11, "value": 0.041466557679293178, "supply": [{"l": "Cocoa Beans", "v": 0.022342192939736844}, {"l": "Coffee", "v": 0.018192928536642856}, {"l": "Tea", "v": 0.00093143620291347975}]}, {"source": 3, "prod": 1100.0, "target": 11, "value": 0.31669881594505378, "supply": [{"l": "Tomatoes", "v": 0.058744750150795673}, {"l": "Vegetables, Other", "v": 0.20353859193061893}, {"l": "Onions", "v": 0.054415473863639138}]}, {"source": 15, "prod": 1313.0, "target": 11, "value": 1.0904856231025823, "supply": [{"l": "Beer", "v": 0.48810053809142234}, {"l": "Beverages, Alcoholic", "v": 0.31764434996736207}, {"l": "Wine", "v": 0.28474073504379793}]}, {"source": 16, "prod": 21.0, "target": 11, "value": 0.082288015227276926, "supply": [{"l": "Nuts", "v": 0.082288015227276926}]}, {"source": 4, "prod": 698.0, "target": 11, "value": 0.54251235172436374, "supply": [{"l": "Potatoes", "v": 0.54251235172436374}]}, {"source": 5, "prod": 10.0, "target": 11, "value": 0.043422982903084377, "supply": [{"l": "Peas", "v": 0.027857921821734376}, {"l": "Beans", "v": 0.0070750277642500003}, {"l": "Pulses, Other", "v": 0.0084900333171}]}, {"source": 7, "prod": 408.0, "target": 11, "value": 1.6823575627864071, "supply": [{"l": "Sugar", "v": 1.6692959730677916}, {"l": "Honey", "v": 0.013061589718615384}]}, {"source": 10, "prod": 710.0, "target": 11, "value": 0.40809600358573911, "supply": [{"l": "Citrus, Other", "v": 0.0034866666600000002}, {"l": "Grapefruit", "v": 0.0012608960371930694}, {"l": "Grapes", "v": 0.058643690623565392}, {"l": "Dates", "v": 0.0053062708231875}, {"l": "Apples", "v": 0.1627573651596525}, {"l": "Lemons, Limes", "v": 0.0045159751686702134}, {"l": "Bananas", "v": 0.013785363375703609}, {"l": "Fruits, Other", "v": 0.14493445997392468}, {"l": "Oranges, Mandarines", "v": 0.013405315763842107}]}, {"source": 8, "prod": 1624.0, "target": 11, "value": 5.129132431713197, "supply": [{"l": "Rye", "v": 0.064476196417599066}, {"l": "Barley", "v": 0.0047166851761666672}, {"l": "Rice", "v": 0.11681542191776277}, {"l": "Wheat", "v": 4.9431241282016689}]}, {"source": 17, "prod": 57.0, "target": 11, "value": 0.58668930364466654, "supply": [{"l": "Soyabean Oil", "v": 0.09206060223361448}, {"l": "Sunflowerseed Oil", "v": 0.23002553322192121}, {"l": "Rape and Mustard Oil", "v": 0.19468524675418966}, {"l": "Oilcrops Oil, Other", "v": 0.069917921434941188}]}, {"source": 18, "prod": 86.0, "target": 11, "value": 0.030887302006541884, "supply": [{"l": "Pepper", "v": 0.003859106053227273}, {"l": "Pimento", "v": 0.027028195953314609}]}, {"source": 19, "prod": 266.0, "target": 11, "value": 1.558799692528154, "supply": [{"l": "Fats, Animals, Raw", "v": 1.2448360461980155}, {"l": "Butter, Ghee", "v": 0.15682978210754167}, {"l": "Fish, Liver Oil", "v": 0.0084900333171}, {"l": "Cream", "v": 0.14864383090549679}]}, {"source": 9, "prod": 187.0, "target": 11, "value": 0.30670245358023751, "supply": [{"l": "Eggs", "v": 0.30670245358023751}]}, {"source": 2, "prod": 4.0, "target": 11, "value": 0.024309069754089741, "supply": [{"l": "Oilcrops, Other", "v": 0.0047166851761666672}, {"l": "Groundnuts", "v": 0.019592384577923075}]}, {"source": 0, "prod": 1.0, "target": 20, "value": 0.00058046287522454118, "supply": [{"l": "Milk - Excluding Butter", "v": 0.00058046287522454118}]}, {"source": 2, "prod": 270.0, "target": 20, "value": 1.5057110370070517, "supply": [{"l": "Sunflower seed", "v": 0.85480848269605147}, {"l": "Soyabeans", "v": 0.20807838065627565}, {"l": "Rape and Mustardseed", "v": 0.37116684117065391}, {"l": "Palm kernels", "v": 0.0056237400177371801}, {"l": "Oilcrops, Other", "v": 0.066033592466333349}]}, {"source": 13, "prod": 1.0, "target": 20, "value": 0.0038786954240558379, "supply": [{"l": "Treenuts", "v": 0.0038786954240558379}]}, {"source": 21, "prod": 3878.0, "target": 20, "value": 4.5070977691600005, "supply": [{"l": "Sugar beet", "v": 4.5070977691600005}]}, {"source": 19, "prod": 14.0, "target": 20, "value": 0.096820581370956768, "supply": [{"l": "Fats, Animals, Raw", "v": 0.096820581370956768}]}, {"source": 4, "prod": 2.0, "target": 20, "value": 0.0015544766525053403, "supply": [{"l": "Potatoes", "v": 0.0015544766525053403}]}, {"source": 16, "prod": 1.0, "target": 20, "value": 0.0039184769155846157, "supply": [{"l": "Nuts", "v": 0.0039184769155846157}]}, {"source": 8, "prod": 117.0, "target": 20, "value": 0.50527708416471495, "supply": [{"l": "Maize", "v": 0.12951247267071708}, {"l": "Wheat", "v": 0.0031464825768311071}, {"l": "Barley", "v": 0.37261812891716672}]}, {"source": 10, "prod": 1164.0, "target": 20, "value": 0.81555592355963424, "supply": [{"l": "Fruits, Other", "v": 0.06252074743973221}, {"l": "Grapes", "v": 0.62854006873462398}, {"l": "Apples", "v": 0.12449510738527804}]}, {"source": 12, "prod": 110.0, "target": 20, "value": 0.1317776417299599, "supply": [{"l": "Poultry Meat", "v": 0.019450850324006196}, {"l": "Bovine Meat", "v": 0.1123267914059537}]}, {"source": 4, "prod": 30.0, "target": 22, "value": 0.023317149787580104, "supply": [{"l": "Potatoes", "v": 0.023317149787580104}]}, {"source": 12, "prod": 15.0, "target": 22, "value": 0.028346975955270332, "supply": [{"l": "Pigmeat", "v": 0.024649703381694525}, {"l": "Offals, Edible", "v": 0.0036972725735758068}]}, {"source": 21, "prod": 1.0, "target": 22, "value": 0.0011622222200000001, "supply": [{"l": "Sugar beet", "v": 0.0011622222200000001}]}, {"source": 19, "prod": 29.0, "target": 22, "value": 0.20724913478452708, "supply": [{"l": "Butter, Ghee", "v": 0.041270995291458334}, {"l": "Fats, Animals, Raw", "v": 0.16597813949306875}]}, {"source": 0, "prod": 9.0, "target": 22, "value": 0.0052241658770208711, "supply": [{"l": "Milk - Excluding Butter", "v": 0.0052241658770208711}]}, {"source": 5, "prod": 1.0, "target": 22, "value": 0.00424501665855, "supply": [{"l": "Pulses, Other", "v": 0.00424501665855}]}, {"source": 7, "prod": 62.0, "target": 22, "value": 0.25603820555324519, "supply": [{"l": "Sweeteners, Other", "v": 0.0039910413029102566}, {"l": "Sugar", "v": 0.25204716425033491}]}, {"source": 15, "prod": 115.0, "target": 22, "value": 0.13251957531513125, "supply": [{"l": "Alcohol, Non-Food", "v": 0.077871084998165738}, {"l": "Beverages, Alcoholic", "v": 0.05464849031696551}]}, {"source": 8, "prod": 45.0, "target": 22, "value": 0.15009490932772698, "supply": [{"l": "Maize", "v": 0.087508427480214243}, {"l": "Wheat", "v": 0.059783168959791029}, {"l": "Rye", "v": 0.0028033128877216979}]}, {"source": 17, "prod": 20.0, "target": 22, "value": 0.20383521222571521, "supply": [{"l": "Coconut Oil", "v": 0.030713321607248965}, {"l": "Oilcrops Oil, Other", "v": 0.089894470416352956}, {"l": "Rape and Mustard Oil", "v": 0.020493183868862071}, {"l": "Sunflowerseed Oil", "v": 0.062734236333251231}]}, {"source": 10, "prod": 6.0, "target": 22, "value": 0.0034102225876217573, "supply": [{"l": "Fruits, Other", "v": 0.0034102225876217573}]}, {"source": 2, "prod": 6.0, "target": 22, "value": 0.028300111057000001, "supply": [{"l": "Oilcrops, Other", "v": 0.028300111057000001}]}, {"source": 4, "prod": 300.0, "target": 4, "value": 0.23317149787580108, "supply": [{"l": "Potatoes", "v": 0.23317149787580108}]}, {"source": 8, "prod": 514.0, "target": 8, "value": 1.7018859258428876, "supply": [{"l": "Maize", "v": 0.15051449526596852}, {"l": "Wheat", "v": 1.2365676526946252}, {"l": "Oats", "v": 0.014857558304925}, {"l": "Rye", "v": 0.044853006203547166}, {"l": "Millet", "v": 0.0035873002869976707}, {"l": "Barley", "v": 0.23583425880833336}, {"l": "Rice", "v": 0.0120843539914927}, {"l": "Cereals, Other", "v": 0.0035873002869976707}]}, {"source": 9, "prod": 25.0, "target": 9, "value": 0.041003001815539779, "supply": [{"l": "Eggs", "v": 0.041003001815539779}]}, {"source": 5, "prod": 24.0, "target": 5, "value": 0.099404140087712506, "supply": [{"l": "Peas", "v": 0.079594062347812508}, {"l": "Beans", "v": 0.0070750277642500003}, {"l": "Pulses, Other", "v": 0.012735049975650002}]}, {"source": 2, "prod": 9.0, "target": 2, "value": 0.048799550476493592, "supply": [{"l": "Sunflower seed", "v": 0.01124748003547436}, {"l": "Soyabeans", "v": 0.016871220053211539}, {"l": "Rape and Mustardseed", "v": 0.01124748003547436}, {"l": "Oilcrops, Other", "v": 0.0094333703523333343}]}, {"source": 0, "prod": 53.0, "target": 23, "value": 0.030764532386900686, "supply": [{"l": "Milk - Excluding Butter", "v": 0.030764532386900686}]}, {"source": 12, "prod": 27.0, "target": 23, "value": 0.046808129288515479, "supply": [{"l": "Pigmeat", "v": 0.032866271175592696}, {"l": "Bovine Meat", "v": 0.0033698037421786109}, {"l": "Poultry Meat", "v": 0.0019450850324006198}, {"l": "Offals, Edible", "v": 0.0086269693383435493}]}, {"source": 13, "prod": 1.0, "target": 23, "value": 0.0038786954240558379, "supply": [{"l": "Treenuts", "v": 0.0038786954240558379}]}, {"source": 3, "prod": 170.0, "target": 23, "value": 0.048669118492622961, "supply": [{"l": "Vegetables, Other", "v": 0.024588554729873428}, {"l": "Tomatoes", "v": 0.014935105970541271}, {"l": "Onions", "v": 0.00914545779220826}]}, {"source": 19, "prod": 1.0, "target": 23, "value": 0.0022521792561438908, "supply": [{"l": "Cream", "v": 0.0022521792561438908}]}, {"source": 4, "prod": 160.0, "target": 23, "value": 0.12435813220042721, "supply": [{"l": "Potatoes", "v": 0.12435813220042721}]}, {"source": 5, "prod": 1.0, "target": 23, "value": 0.0039797031173906252, "supply": [{"l": "Peas", "v": 0.0039797031173906252}]}, {"source": 16, "prod": 1.0, "target": 23, "value": 0.0039184769155846157, "supply": [{"l": "Nuts", "v": 0.0039184769155846157}]}, {"source": 8, "prod": 174.0, "target": 23, "value": 0.57461379743099039, "supply": [{"l": "Maize", "v": 0.27652663083747703}, {"l": "Oats", "v": 0.002122508329275}, {"l": "Rye", "v": 0.0056066257754433958}, {"l": "Rice", "v": 0.0040281179971642335}, {"l": "Wheat", "v": 0.2863299144916307}]}, {"source": 18, "prod": 13.0, "target": 23, "value": 0.0041337240869775286, "supply": [{"l": "Pimento", "v": 0.0041337240869775286}]}, {"source": 10, "prod": 58.0, "target": 23, "value": 0.031195734388751353, "supply": [{"l": "Fruits, Other", "v": 0.009093926900324685}, {"l": "Apples", "v": 0.019416668124309422}, {"l": "Lemons, Limes", "v": 0.00045159751686702133}, {"l": "Bananas", "v": 0.00065644587503350515}, {"l": "Oranges, Mandarines", "v": 0.0015770959722167183}]}, {"source": 2, "prod": 4.0, "target": 23, "value": 0.02249496007094872, "supply": [{"l": "Sunflower seed", "v": 0.01124748003547436}, {"l": "Rape and Mustardseed", "v": 0.01124748003547436}]}, {"source": 24, "prod": 6.0, "target": 16, "value": 0.023510861493507694, "supply": [{"l": "Nuts", "v": 0.023510861493507694}]}, {"source": 24, "prod": 1148.0, "target": 1, "value": 0.91566342627321029, "supply": [{"l": "Pigmeat", "v": 0.0082165677938981739}, {"l": "Marine Fish, Other", "v": 0.00424501665855}, {"l": "Milk - Excluding Butter", "v": 0.33899031913113203}, {"l": "Fish, Seafood", "v": 0.25531770895492012}, {"l": "Pelagic Fish", "v": 0.29990767042223376}, {"l": "Bovine Meat", "v": 0.0089861433124762951}]}, {"source": 24, "prod": 319.0, "target": 8, "value": 1.1617740131647953, "supply": [{"l": "Maize", "v": 0.86808360060372536}, {"l": "Barley", "v": 0.14621724046116669}, {"l": "Rice", "v": 0.11278730392059855}, {"l": "Wheat", "v": 0.028318343191479963}, {"l": "Oats", "v": 0.0063675249878250009}]}, {"source": 24, "prod": 6.0, "target": 5, "value": 0.027238856892362502, "supply": [{"l": "Peas", "v": 0.015918812469562501}, {"l": "Beans", "v": 0.0070750277642500003}, {"l": "Pulses, Other", "v": 0.00424501665855}]}, {"source": 24, "prod": 368.0, "target": 20, "value": 0.77270663283455598, "supply": [{"l": "Alcohol, Non-Food", "v": 0.036182524342582061}, {"l": "Sugar", "v": 0.40492823109070192}, {"l": "Beer", "v": 0.092727724602449685}, {"l": "Beverages, Alcoholic", "v": 0.010246591934431035}, {"l": "Fats, Animals, Raw", "v": 0.020747267436633594}, {"l": "Soyabean Oil", "v": 0.030686867411204823}, {"l": "Coconut Oil", "v": 0.030713321607248965}, {"l": "Rape and Mustard Oil", "v": 0.030739775803293103}, {"l": "Oilcrops Oil, Other", "v": 0.069917921434941188}, {"l": "Wine", "v": 0.027530181565008086}, {"l": "Fish, Liver Oil", "v": 0.0084900333171}, {"l": "Honey", "v": 0.0097961922889615374}]}, {"source": 24, "prod": 6.0, "target": 13, "value": 0.023272172544335029, "supply": [{"l": "Treenuts", "v": 0.023272172544335029}]}, {"source": 24, "prod": 24.0, "target": 3, "value": 0.0096375068073880302, "supply": [{"l": "Vegetables, Other", "v": 0.0013660308183263018}, {"l": "Tomatoes", "v": 0.00049783686568470901}, {"l": "Onions", "v": 0.0077736391233770193}]}, {"source": 24, "prod": 62.0, "target": 14, "value": 0.046125273185133916, "supply": [{"l": "Cocoa Beans", "v": 0.025134967057203954}, {"l": "Coffee", "v": 0.020058869925016484}, {"l": "Tea", "v": 0.00093143620291347975}]}, {"source": 24, "prod": 131.0, "target": 10, "value": 0.063379201328287144, "supply": [{"l": "Citrus, Other", "v": 0.0034866666600000002}, {"l": "Grapefruit", "v": 0.0012608960371930694}, {"l": "Grapes", "v": 0.0052628953123712531}, {"l": "Dates", "v": 0.0053062708231875}, {"l": "Apples", "v": 0.006281863216688343}, {"l": "Lemons, Limes", "v": 0.0049675726855372346}, {"l": "Bananas", "v": 0.014441809250737115}, {"l": "Fruits, Other", "v": 0.0073888156065138079}, {"l": "Oranges, Mandarines", "v": 0.014982411736058823}]}, {"source": 24, "prod": 6.0, "target": 2, "value": 0.036463604631134613, "supply": [{"l": "Groundnuts", "v": 0.019592384577923075}, {"l": "Rape and Mustardseed", "v": 0.01124748003547436}, {"l": "Palm kernels", "v": 0.0056237400177371801}]}, {"source": 24, "prod": 3.0, "target": 18, "value": 0.0044950636050699695, "supply": [{"l": "Pepper", "v": 0.003859106053227273}, {"l": "Pimento", "v": 0.00063595755184269668}]}, {"source": 24, "prod": 24.0, "target": 4, "value": 0.018653719830064083, "supply": [{"l": "Potatoes", "v": 0.018653719830064083}]}, {"source": 0, "prod": 306.0, "target": 25, "value": 0.17762163981870963, "supply": [{"l": "Milk - Excluding Butter", "v": 0.17762163981870963}]}, {"source": 12, "prod": 305.0, "target": 25, "value": 0.55951375860250097, "supply": [{"l": "Meat, Other", "v": 0.01814663609761832}, {"l": "Mutton & Goat Meat", "v": 0.004994137245352942}, {"l": "Pigmeat", "v": 0.24033460797152159}, {"l": "Bovine Meat", "v": 0.0516703240467387}, {"l": "Poultry Meat", "v": 0.24313562905007746}, {"l": "Offals, Edible", "v": 0.0012324241911919357}]}, {"source": 3, "prod": 547.0, "target": 25, "value": 0.15090208727673327, "supply": [{"l": "Tomatoes", "v": 0.034101825299402568}, {"l": "Vegetables, Other", "v": 0.10491116684745995}, {"l": "Onions", "v": 0.011889095129870736}]}, {"source": 15, "prod": 224.0, "target": 25, "value": 0.18670897813072079, "supply": [{"l": "Alcohol, Non-Food", "v": 0.0047194596968585288}, {"l": "Beverages, Alcoholic", "v": 0.013662122579241378}, {"l": "Wine", "v": 0.16832739585462089}]}, {"source": 21, "prod": 11.0, "target": 25, "value": 0.012784444420000001, "supply": [{"l": "Sugar beet", "v": 0.012784444420000001}]}, {"source": 19, "prod": 64.0, "target": 25, "value": 0.44662370171975807, "supply": [{"l": "Fats, Animals, Raw", "v": 0.42186110454488307}, {"l": "Butter, Ghee", "v": 0.024762597174875004}]}, {"source": 4, "prod": 25.0, "target": 25, "value": 0.019430958156316756, "supply": [{"l": "Roots, Other", "v": 0.0023317149787580103}, {"l": "Potatoes", "v": 0.017099243177558746}]}, {"source": 5, "prod": 52.0, "target": 25, "value": 0.20694456210431253, "supply": [{"l": "Peas", "v": 0.20694456210431253}]}, {"source": 6, "prod": 8.0, "target": 25, "value": 0.0073583868042214453, "supply": [{"l": "Freshwater Fish", "v": 0.0025555284232073581}, {"l": "Fish, Seafood", "v": 0.0037002566515205813}, {"l": "Pelagic Fish", "v": 0.0011026017294935065}]}, {"source": 7, "prod": 10.0, "target": 25, "value": 0.035253544183822899, "supply": [{"l": "Sugar", "v": 0.012395762176245979}, {"l": "Honey", "v": 0.022857782007576922}]}, {"source": 8, "prod": 1061.0, "target": 25, "value": 3.4304973601871516, "supply": [{"l": "Maize", "v": 0.75607281342905108}, {"l": "Rye", "v": 0.030836441764938681}, {"l": "Barley", "v": 0.042450166585500007}, {"l": "Cereals, Other", "v": 0.014349201147990683}, {"l": "Wheat", "v": 2.5580903349636896}, {"l": "Sorghum", "v": 0.017936501434988351}, {"l": "Millet", "v": 0.010761900860993011}]}, {"source": 17, "prod": 51.0, "target": 25, "value": 0.52998825424004814, "supply": [{"l": "Soyabean Oil", "v": 0.010228955803734941}, {"l": "Sunflowerseed Oil", "v": 0.39731683011059116}, {"l": "Rape and Mustard Oil", "v": 0.10246591934431032}, {"l": "Oilcrops Oil, Other", "v": 0.019976548981411768}]}, {"source": 18, "prod": 8.0, "target": 25, "value": 0.0025438302073707867, "supply": [{"l": "Pimento", "v": 0.0025438302073707867}]}, {"source": 14, "prod": 1.0, "target": 25, "value": 0.0013963870587335528, "supply": [{"l": "Cocoa Beans", "v": 0.0013963870587335528}]}, {"source": 9, "prod": 37.0, "target": 25, "value": 0.060684442686998866, "supply": [{"l": "Eggs", "v": 0.060684442686998866}]}, {"source": 10, "prod": 679.0, "target": 25, "value": 0.38965252014445806, "supply": [{"l": "Fruits, Other", "v": 0.058542154420840167}, {"l": "Grapes", "v": 0.0090221062497792912}, {"l": "Apples", "v": 0.32208825947383862}]}, {"source": 2, "prod": 57.0, "target": 25, "value": 0.32055318101101926, "supply": [{"l": "Sunflower seed", "v": 0.16308846051437823}, {"l": "Rape and Mustardseed", "v": 0.15746472049664104}]}, {"source": 15, "prod": 22.0, "target": 26, "value": 0.016433906074684784, "supply": [{"l": "Beer", "v": 0.0022755269841091951}, {"l": "Wine", "v": 0.014158379090575587}]}, {"source": 18, "prod": 20.0, "target": 26, "value": 0.0063595755184269673, "supply": [{"l": "Pimento", "v": 0.0063595755184269673}]}, {"source": 27, "prod": 8.0, "target": 2, "value": 0.044989920141897441, "supply": [{"l": "Soyabeans", "v": 0.016871220053211539}, {"l": "Rape and Mustardseed", "v": 0.028118700088685902}]}, {"source": 12, "prod": 11.0, "target": 26, "value": 0.02205027685285036, "supply": [{"l": "Pigmeat", "v": 0.012324851690847263}, {"l": "Poultry Meat", "v": 0.0097254251620030978}]}, {"source": 5, "prod": 11.0, "target": 26, "value": 0.077825305406750006, "supply": [{"l": "Beans", "v": 0.077825305406750006}]}, {"source": 16, "prod": 1.0, "target": 26, "value": 0.0039184769155846157, "supply": [{"l": "Nuts", "v": 0.0039184769155846157}]}, {"source": 0, "prod": 107.0, "target": 26, "value": 0.062109527649025907, "supply": [{"l": "Milk - Excluding Butter", "v": 0.062109527649025907}]}, {"source": 8, "prod": 359.0, "target": 26, "value": 1.2672515962203368, "supply": [{"l": "Maize", "v": 1.1481105685404109}, {"l": "Rice", "v": 0.072506123948956211}, {"l": "Sorghum", "v": 0.046634903730969714}]}, {"source": 13, "prod": 1.0, "target": 26, "value": 0.0038786954240558379, "supply": [{"l": "Treenuts", "v": 0.0038786954240558379}]}, {"source": 17, "prod": 1.0, "target": 26, "value": 0.010455706055541874, "supply": [{"l": "Sunflowerseed Oil", "v": 0.010455706055541874}]}, {"source": 10, "prod": 9.0, "target": 26, "value": 0.0051397062681995528, "supply": [{"l": "Apples", "v": 0.0051397062681995528}]}, {"source": 3, "prod": 210.0, "target": 26, "value": 0.057343806355792448, "supply": [{"l": "Tomatoes", "v": 0.019166719328861298}, {"l": "Vegetables, Other", "v": 0.033604358130827017}, {"l": "Onions", "v": 0.00457272889610413}]}, {"source": 2, "prod": 10.0, "target": 26, "value": 0.052609180811089742, "supply": [{"l": "Sunflower seed", "v": 0.033742440106423077}, {"l": "Oilcrops, Other", "v": 0.018866740704666669}]}, {"source": 14, "prod": 4.0, "target": 26, "value": 0.0018659413883736265, "supply": [{"l": "Coffee", "v": 0.0018659413883736265}]}, {"source": 9, "prod": 4.0, "target": 26, "value": 0.0065604802904863646, "supply": [{"l": "Eggs", "v": 0.0065604802904863646}]}, {"source": 7, "prod": 95.0, "target": 26, "value": 0.39253246891445592, "supply": [{"l": "Sugar", "v": 0.39253246891445592}]}, {"source": 27, "prod": 1.0, "target": 20, "value": 0.0082541990582916652, "supply": [{"l": "Butter, Ghee", "v": 0.0082541990582916652}]}, {"source": 27, "prod": 385.0, "target": 8, "value": 1.3085347747371132, "supply": [{"l": "Oats", "v": 0.038205149926950004}, {"l": "Rye", "v": 0.12054245417203301}, {"l": "Barley", "v": 0.39148486962183343}, {"l": "Wheat", "v": 0.75830230101629681}]}, {"source": 1, "prod": 2800.0, "target": 0, "value": 1.6252960506287155, "supply": [{"l": "Milk - Excluding Butter", "v": 1.6252960506287155}]}, {"source": 1, "prod": 230.0, "target": 9, "value": 0.3772276167029659, "supply": [{"l": "Eggs", "v": 0.41823061851850574}]}, {"source": 1, "prod": 1600.0, "target": 12, "value": 2.878526806072522, "supply": [{"l": "Pigmeat", "v": 1.7850493532243785}, {"l": "Bovine Meat", "v": 0.38415762660836167}, {"l": "Poultry Meat", "v": 0.60881161514139404}, {"l": "Offals, Edible", "v": 0.054226664412445169}, {"l": "Meat, Other", "v": 0.036293272195236641}, {"l": "Mutton & Goat Meat", "v": 0.009988274490705884}]}, {"source": 1, "prod": 620.0, "target": 6, "value": 0.61963447411488781, "supply": [{"l": "Freshwater Fish", "v": 0.029814498270752512}, {"l": "Pelagic Fish", "v": 0.29880506869274032}, {"l": "Marine Fish, Other", "v": 0.00424501665855}, {"l": "Fish, Seafood", "v": 0.28676989049284507}]}, {"source": 20, "prod": 598.0, "target": 7, "value": 2.4612159581224837, "supply": [{"l": "Honey", "v": 0.035919371726192306}, {"l": "Sweeteners, Other", "v": 0.0039910413029102566}, {"l": "Sugar", "v": 2.4213055450933805}]}, {"source": 20, "prod": 129.0, "target": 17, "value": 1.3309684761659719, "supply": [{"l": "Coconut Oil", "v": 0.030713321607248965}, {"l": "Oilcrops Oil, Other", "v": 0.17978894083270591}, {"l": "Sunflowerseed Oil", "v": 0.70053230572130554}, {"l": "Soyabean Oil", "v": 0.10228955803734942}, {"l": "Rape and Mustard Oil", "v": 0.31764434996736202}]}, {"source": 20, "prod": 374.0, "target": 19, "value": 2.3117452896595401, "supply": [{"l": "Fats, Animals, Raw", "v": 1.9294958716069242}, {"l": "Cream", "v": 0.15089601016164067}, {"l": "Butter, Ghee", "v": 0.22286337457387501}, {"l": "Fish, Liver Oil", "v": 0.0084900333171}]}, {"source": 20, "prod": 1674.0, "target": 15, "value": 1.426148082623119, "supply": [{"l": "Beer", "v": 0.49037606507553155}, {"l": "Beverages, Alcoholic", "v": 0.38595496286356895}, {"l": "Alcohol, Non-Food", "v": 0.082590544695024262}, {"l": "Wine", "v": 0.4672265099889944}]}, {"source": 2, "prod": 380.5, "target": 28, "value": 1.3123363415767744, "supply": [{"l": "Sunflower seed", "v": 0.74963333190000003}, {"l": "Oilcrops, Other", "v": 0.094139999820000028}, {"l": "Soyabeans", "v": 0.14992666637999999}, {"l": "Groundnuts", "v": 0.0052299999899999994}, {"l": "Rape and Mustardseed", "v": 0.32600333271000004}, {"l": "Palm kernels", "v": 0.0017433333300000001}]}, {"source": 3, "prod": 2122.5, "target": 28, "value": 7.642885697107741, "supply": [{"l": "Tomatoes", "v": 1.7781999966000002}, {"l": "Vegetables, Other", "v": 5.02777332372}, {"l": "Onions", "v": 0.59447666553000011}]}, {"source": 21, "prod": 1556.0, "target": 28, "value": 1.8084177743200003, "supply": [{"l": "Sugar beet", "v": 1.8084177743200003}]}, {"source": 4, "prod": 832.25, "target": 28, "value": 2.9017783277850007, "supply": [{"l": "Roots, Other", "v": 0.0052299999899999994}, {"l": "Potatoes", "v": 2.8965483277950002}]}, {"source": 5, "prod": 120.0, "target": 28, "value": 0.42660819362875002, "supply": [{"l": "Peas", "v": 0.35215333265999998}, {"l": "Beans", "v": 0.045326666580000001}, {"l": "Pulses, Other", "v": 0.020919999959999998}]}, {"source": 8, "prod": 25350.0, "target": 28, "value": 83.915765728808623, "supply": [{"l": "Maize", "v": 41.717077815557452}, {"l": "Rye", "v": 1.15757333112}, {"l": "Barley", "v": 5.3311133231400012}, {"l": "Rice", "v": 0.26149999950000002}, {"l": "Cereals, Other", "v": 0.16038666636000001}, {"l": "Wheat", "v": 37.959339927420004}, {"l": "Oats", "v": 0.33007458245204896}, {"l": "Sorghum", "v": 0.16038666636000001}, {"l": "Millet", "v": 0.045326666580000001}]}, {"source": 29, "prod": 0, "target": 2, "value": 5.2173715673241843e-05, "supply": "[{\"l\":'Energy for power irrigation',\"v\":5.2173715673241843e-05}]"}, {"source": 29, "prod": 0, "target": 13, "value": 2.8794954773668293e-06, "supply": "[{\"l\":'Energy for power irrigation',\"v\":2.8794954773668293e-06}]"}, {"source": 29, "prod": 0, "target": 3, "value": 0.00029103472146243311, "supply": "[{\"l\":'Energy for power irrigation',\"v\":0.00029103472146243311}]"}, {"source": 29, "prod": 0, "target": 21, "value": 0.00053339225747414123, "supply": "[{\"l\":'Energy for power irrigation',\"v\":0.00053339225747414123}]"}, {"source": 29, "prod": 0, "target": 4, "value": 0.0002282342962893851, "supply": "[{\"l\":'Energy for power irrigation',\"v\":0.0002282342962893851}]"}, {"source": 29, "prod": 0, "target": 5, "value": 1.6454259870667596e-05, "supply": "[{\"l\":'Energy for power irrigation',\"v\":1.6454259870667596e-05}]"}, {"source": 29, "prod": 0, "target": 16, "value": 2.8794954773668293e-06, "supply": "[{\"l\":'Energy for power irrigation',\"v\":2.8794954773668293e-06}]"}, {"source": 29, "prod": 0, "target": 8, "value": 0.0017379811988392647, "supply": "[{\"l\":'Energy for power irrigation',\"v\":0.0017379811988392647}]"}, {"source": 29, "prod": 0, "target": 18, "value": 1.7208413448073194e-05, "supply": "[{\"l\":'Energy for power irrigation',\"v\":1.7208413448073194e-05}]"}, {"source": 29, "prod": 0, "target": 10, "value": 0.00035266963656130883, "supply": "[{\"l\":'Energy for power irrigation',\"v\":0.00035266963656130883}]"}, {"source": 29, "prod": 0, "target": 20, "value": 1.3460000010768001, "supply": "[{\"l\":'Electricity',\"v\":1.3460000010768001}]"}, {"source": 30, "prod": 0, "target": 29, "value": 3.3675384256207406, "supply": [{"l": "Coal", "v": 1.7992752068976543}, {"l": "Natural gas", "v": 0.7586675714851967}, {"l": "Oil", "v": 0.80959564723788968}]}, {"source": 31, "prod": 0, "target": 29, "value": 0.0085905745027378671, "supply": [{"l": "Nuclear", "v": 0.0}, {"l": "Hydroelectric", "v": 0.0085905745027378671}, {"l": "Renewable", "v": 0.0}]}, {"source": 30, "prod": 0, "target": 2, "value": 0.19476130019539778, "supply": [{"l": "Motor Gasoline", "v": 0.0010571308749730863}, {"l": "Gas-Diesel oil", "v": 0.1745026576812585}, {"l": "Natural gas (including LNG)", "v": 0.011297638795035453}, {"l": "Fuel oil", "v": 0.0072304888288226904}, {"l": "Liquefied petroleum gas (LPG)", "v": 0.00021163497623967405}, {"l": "Coal", "v": 0.00046174903906837973}]}, {"source": 30, "prod": 0, "target": 13, "value": 0.010748981088313674, "supply": [{"l": "Motor Gasoline", "v": 5.8343622534651271e-05}, {"l": "Gas-Diesel oil", "v": 0.0096308956933151852}, {"l": "Natural gas (including LNG)", "v": 0.00062352277186792239}, {"l": "Fuel oil", "v": 0.00039905457399547038}, {"l": "Liquefied petroleum gas (LPG)", "v": 1.1680248360139695e-05}, {"l": "Coal", "v": 2.5484178240304791e-05}]}, {"source": 30, "prod": 0, "target": 3, "value": 1.0864148742831321, "supply": [{"l": "Motor Gasoline", "v": 0.0058968732776093968}, {"l": "Gas-Diesel oil", "v": 0.97340838614578484}, {"l": "Natural gas (including LNG)", "v": 0.063020337299507873}, {"l": "Fuel oil", "v": 0.040333015871685043}, {"l": "Liquefied petroleum gas (LPG)", "v": 0.001180539387828405}, {"l": "Coal", "v": 0.0025757223007165202}]}, {"source": 30, "prod": 0, "target": 21, "value": 1.991120782549533, "supply": [{"l": "Motor Gasoline", "v": 0.010807461507609211}, {"l": "Gas-Diesel oil", "v": 1.7840087736664796}, {"l": "Natural gas (including LNG)", "v": 0.11550017059839134}, {"l": "Fuel oil", "v": 0.07392010918297047}, {"l": "Liquefied petroleum gas (LPG)", "v": 0.0021636269581401628}, {"l": "Coal", "v": 0.004720640635942173}]}, {"source": 30, "prod": 0, "target": 4, "value": 0.85198471530943376, "supply": [{"l": "Motor Gasoline", "v": 0.0046244266528060489}, {"l": "Gas-Diesel oil", "v": 0.76336313721538696}, {"l": "Natural gas (including LNG)", "v": 0.049421602560674134}, {"l": "Fuel oil", "v": 0.031629825638831446}, {"l": "Liquefied petroleum gas (LPG)", "v": 0.00092579873311678682}, {"l": "Coal", "v": 0.002019924508618444}]}, {"source": 30, "prod": 0, "target": 5, "value": 0.061422749076078136, "supply": [{"l": "Motor Gasoline", "v": 0.00033339212876943582}, {"l": "Gas-Diesel oil", "v": 0.055033689676086774}, {"l": "Natural gas (including LNG)", "v": 0.0035629872678166995}, {"l": "Fuel oil", "v": 0.0022803118514026881}, {"l": "Liquefied petroleum gas (LPG)", "v": 6.6744276343655407e-05}, {"l": "Coal", "v": 0.00014562387565888454}]}, {"source": 30, "prod": 0, "target": 16, "value": 0.010748981088313674, "supply": [{"l": "Motor Gasoline", "v": 5.8343622534651271e-05}, {"l": "Gas-Diesel oil", "v": 0.0096308956933151852}, {"l": "Natural gas (including LNG)", "v": 0.00062352277186792239}, {"l": "Fuel oil", "v": 0.00039905457399547038}, {"l": "Liquefied petroleum gas (LPG)", "v": 1.1680248360139695e-05}, {"l": "Coal", "v": 2.5484178240304791e-05}]}, {"source": 30, "prod": 0, "target": 8, "value": 6.4877778711607528, "supply": [{"l": "Motor Gasoline", "v": 0.035214543601271658}, {"l": "Gas-Diesel oil", "v": 5.812933472036665}, {"l": "Natural gas (including LNG)", "v": 0.37634053016313884}, {"l": "Fuel oil", "v": 0.24085793930440888}, {"l": "Liquefied petroleum gas (LPG)", "v": 0.0070498641887986012}, {"l": "Coal", "v": 0.015381521866469678}]}, {"source": 30, "prod": 0, "target": 18, "value": 0.064237958408731713, "supply": [{"l": "Motor Gasoline", "v": 0.00034867260133803499}, {"l": "Gas-Diesel oil", "v": 0.057556067119574082}, {"l": "Natural gas (including LNG)", "v": 0.0037262908509249648}, {"l": "Fuel oil", "v": 0.0023848261445919778}, {"l": "Liquefied petroleum gas (LPG)", "v": 6.980338900940628e-05}, {"l": "Coal", "v": 0.00015229830329325006}]}, {"source": 30, "prod": 0, "target": 10, "value": 1.3164942551972747, "supply": [{"l": "Motor Gasoline", "v": 0.0071457046266249083}, {"l": "Gas-Diesel oil", "v": 1.1795554153907932}, {"l": "Natural gas (including LNG)", "v": 0.076366693773537928}, {"l": "Fuel oil", "v": 0.048874684015064278}, {"l": "Liquefied petroleum gas (LPG)", "v": 0.0014305523229656808}, {"l": "Coal", "v": 0.0031212050682887585}]}, {"source": 32, "prod": 24.336617314001479, "target": 2, "value": 0.22109772981299486, "supply": [{"l": "Potash", "v": 1.3432701038523938}, {"l": "Phosphate", "v": 1.7040004596965335}, {"l": "Nitrogen", "v": 10.679092439098827}]}, {"source": 32, "prod": 1.3431510212720921, "target": 13, "value": 0.01220250282804965, "supply": [{"l": "Potash", "v": 1.3432701038523938}, {"l": "Phosphate", "v": 1.7040004596965335}, {"l": "Nitrogen", "v": 10.679092439098827}]}, {"source": 32, "prod": 135.75419250714359, "target": 3, "value": 1.2333243929778754, "supply": [{"l": "Potash", "v": 1.3432701038523938}, {"l": "Phosphate", "v": 1.7040004596965335}, {"l": "Nitrogen", "v": 10.679092439098827}]}, {"source": 32, "prod": 248.80273679754467, "target": 21, "value": 2.2603683810053874, "supply": [{"l": "Potash", "v": 1.3432701038523938}, {"l": "Phosphate", "v": 1.7040004596965335}, {"l": "Nitrogen", "v": 10.679092439098827}]}, {"source": 32, "prod": 106.46070832892367, "target": 4, "value": 0.96719361701374484, "supply": [{"l": "Potash", "v": 1.3432701038523938}, {"l": "Phosphate", "v": 1.7040004596965335}, {"l": "Nitrogen", "v": 10.679092439098827}]}, {"source": 32, "prod": 7.6751486929833828, "target": 5, "value": 0.06972858758885514, "supply": [{"l": "Potash", "v": 1.3432701038523938}, {"l": "Phosphate", "v": 1.7040004596965335}, {"l": "Nitrogen", "v": 10.679092439098827}]}, {"source": 32, "prod": 1.3431510212720921, "target": 16, "value": 0.01220250282804965, "supply": [{"l": "Potash", "v": 1.3432701038523938}, {"l": "Phosphate", "v": 1.7040004596965335}, {"l": "Nitrogen", "v": 10.679092439098827}]}, {"source": 32, "prod": 810.68758069636976, "target": 8, "value": 7.3650820640728236, "supply": [{"l": "Potash", "v": 1.3432701038523938}, {"l": "Phosphate", "v": 1.7040004596965335}, {"l": "Nitrogen", "v": 10.679092439098827}]}, {"source": 32, "prod": 8.0269263414117891, "target": 18, "value": 0.072924481186677673, "supply": [{"l": "Potash", "v": 1.3432701038523938}, {"l": "Phosphate", "v": 1.7040004596965335}, {"l": "Nitrogen", "v": 10.679092439098827}]}, {"source": 32, "prod": 164.5040203196105, "target": 10, "value": 1.4945160606544619, "supply": [{"l": "Potash", "v": 1.3432701038523938}, {"l": "Phosphate", "v": 1.7040004596965335}, {"l": "Nitrogen", "v": 10.679092439098827}]}, {"source": 30, "prod": 0, "target": 32, "value": 17.493955099109513, "supply": [{"l": "Natural gas (including LNG)", "v": 11.493252429926304}, {"l": "Fuel oil", "v": 4.1129468286140387}, {"l": "Liquefied petroleum gas (LPG)", "v": 0.94387792028458672}, {"l": "Coal", "v": 0.94387792028458672}]}, {"source": 33, "prod": 0, "target": 4, "value": 0.057008561989550281, "supply": "[{\"l\":'Labor',\"v\":0.057008561989550281}]"}, {"source": 33, "prod": 0, "target": 2, "value": 0.013031996297400953, "supply": "[{\"l\":'Labor',\"v\":0.013031996297400953}]"}, {"source": 33, "prod": 0, "target": 13, "value": 0.00071924289683421804, "supply": "[{\"l\":'Labor',\"v\":0.00071924289683421804}]"}, {"source": 33, "prod": 0, "target": 3, "value": 0.072694907072887047, "supply": "[{\"l\":'Labor',\"v\":0.072694907072887047}]"}, {"source": 33, "prod": 0, "target": 21, "value": 0.1332311842231004, "supply": "[{\"l\":'Labor',\"v\":0.1332311842231004}]"}, {"source": 33, "prod": 0, "target": 16, "value": 0.00071924289683421804, "supply": "[{\"l\":'Labor',\"v\":0.00071924289683421804}]"}, {"source": 33, "prod": 0, "target": 5, "value": 0.0041099594104812461, "supply": "[{\"l\":'Labor',\"v\":0.0041099594104812461}]"}, {"source": 33, "prod": 0, "target": 8, "value": 0.4341144627320816, "supply": "[{\"l\":'Labor',\"v\":0.4341144627320816}]"}, {"source": 33, "prod": 0, "target": 18, "value": 0.0042983325501283033, "supply": "[{\"l\":'Labor',\"v\":0.0042983325501283033}]"}, {"source": 33, "prod": 0, "target": 14, "value": 0.0010446146834973168, "supply": "[{\"l\":'Labor',\"v\":0.0010446146834973168}]"}, {"source": 33, "prod": 0, "target": 10, "value": 0.088090130031314703, "supply": "[{\"l\":'Labor',\"v\":0.088090130031314703}]"}, {"source": 30, "prod": 0, "target": 24, "value": 33.274490661967235, "supply": "[{\"l\":'Fossil Fuels',\"v\":33.274490661967235}]"}, {"source": 31, "prod": 0, "target": 24, "value": 0.68956562603014193, "supply": "[{\"l\":'Renewables & Nuclear',\"v\":0.017082665091589726},{\"l\":'Biomass & Waste',\"v\":0.6724829609385522}]"}]}