{"nodes": [{"layer": 13, "name": "Other Processed", "fill": "#9c9ede"}, {"layer": 10, "name": "Feed", "fill": "#dbdb8d"}, {"layer": 13, "name": "Animal Products", "fill": "#17becf"}, {"layer": 5, "name": "Cereals", "fill": "#e7ba52"}, {"layer": 5, "name": "Oilcrops", "fill": "#ff9896"}, {"layer": 5, "name": "Fruits, Roots & Vegetables", "fill": "#98df8a"}, {"layer": 13, "name": "Sugar", "fill": "#d6616b"}, {"layer": 13, "name": "Aquatic Products", "fill": "#1f77b4"}, {"layer": 16, "name": "Food", "fill": "#b5cf6b"}, {"layer": 13, "name": "Vegetable Oils", "fill": "#f7b6d2"}, {"layer": 10, "name": "Processing", "fill": "#9edae5"}, {"layer": 5, "name": "Sugar Crops", "fill": "#ffbb78"}, {"layer": 16, "name": "Biofuels & Other", "fill": "#e7ba52"}, {"name": "Seed", "fill": "#dbdb8d"}, {"name": "Waste", "fill": "#c7c7c7"}, {"layer": 0, "name": "Import", "fill": "#aec7e8"}, {"layer": 16, "name": "Export", "fill": "#aec7e8"}, {"layer": 0, "name": "Stock Draw", "fill": "#c7c7c7"}, {"layer": 16, "name": "Stock Deposit", "fill": "#c7c7c7"}, {"layer": 0, "name": "Production", "fill": "#b5cf6b"}], "links": [{"source": 0, "prod": 0.013895308211292963, "target": 1, "value": 2.0, "supply": [{"l": "Fish, Body Oil", "v": 2.0}]}, {"source": 2, "prod": 0.4432400400862363, "target": 1, "value": 715.0, "supply": [{"l": "Milk - Excluding Butter", "v": 715.0}]}, {"source": 3, "prod": 14.547468859162562, "target": 1, "value": 4332.0, "supply": [{"l": "Maize", "v": 3092.0}, {"l": "Wheat", "v": 202.0}, {"l": "Oats", "v": 110.0}, {"l": "Rye", "v": 63.0}, {"l": "Barley", "v": 852.0}, {"l": "Millet", "v": 3.0}, {"l": "Sorghum", "v": 5.0}, {"l": "Cereals, Other", "v": 5.0}]}, {"source": 4, "prod": 0.027005898661100609, "target": 1, "value": 5.0, "supply": [{"l": "Sunflower seed", "v": 5.0}]}, {"source": 5, "prod": 0.57115206765398308, "target": 1, "value": 640.0, "supply": [{"l": "Vegetables, Other", "v": 35.0}, {"l": "Potatoes", "v": 553.0}, {"l": "Apples", "v": 4.0}, {"l": "Fruits, Other", "v": 14.0}, {"l": "Peas", "v": 22.0}, {"l": "Tomatoes", "v": 3.0}, {"l": "Pulses, Other", "v": 9.0}]}, {"source": 6, "prod": 0.0041418198015418864, "target": 1, "value": 1.0, "supply": [{"l": "Sugar", "v": 1.0}]}, {"source": 7, "prod": 0.27611753974971942, "target": 1, "value": 272.0, "supply": [{"l": "Pelagic Fish", "v": 136.0}, {"l": "Fish, Seafood", "v": 136.0}]}, {"source": 0, "prod": 2.0050653815630195, "target": 8, "value": 931.0, "supply": [{"l": "Beer", "v": 396.0}, {"l": "Beverages, Alcoholic", "v": 29.0}, {"l": "Fats, Animals, Raw", "v": 185.0}, {"l": "Butter, Ghee", "v": 15.0}, {"l": "Wine", "v": 290.0}, {"l": "Cream", "v": 16.0}]}, {"source": 2, "prod": 2.3587720889324633, "target": 8, "value": 2148.0, "supply": [{"l": "Meat, Other", "v": 8.0}, {"l": "Mutton & Goat Meat", "v": 10.0}, {"l": "Pigmeat", "v": 493.0}, {"l": "Milk - Excluding Butter", "v": 1213.0}, {"l": "Bovine Meat", "v": 206.0}, {"l": "Poultry Meat", "v": 99.0}, {"l": "Offals, Edible", "v": 29.0}, {"l": "Eggs", "v": 90.0}]}, {"source": 3, "prod": 5.5091861661852217, "target": 8, "value": 1809.0, "supply": [{"l": "Rye", "v": 149.0}, {"l": "Rice", "v": 24.0}, {"l": "Wheat", "v": 1636.0}]}, {"source": 4, "prod": 0.082933130329232913, "target": 8, "value": 13.0, "supply": [{"l": "Oilcrops, Other", "v": 1.0}, {"l": "Groundnuts", "v": 12.0}]}, {"source": 5, "prod": 1.6995822198699919, "target": 8, "value": 2606.0, "supply": [{"l": "Roots, Other", "v": 1.0}, {"l": "Nuts", "v": 13.0}, {"l": "Tomatoes", "v": 196.0}, {"l": "Pepper", "v": 1.0}, {"l": "Treenuts", "v": 13.0}, {"l": "Apples", "v": 188.0}, {"l": "Vegetables, Other", "v": 625.0}, {"l": "Peas", "v": 22.0}, {"l": "Grapes", "v": 57.0}, {"l": "Pimento", "v": 20.0}, {"l": "Cocoa Beans", "v": 7.0}, {"l": "Potatoes", "v": 999.0}, {"l": "Coffee", "v": 4.0}, {"l": "Beans", "v": 18.0}, {"l": "Pulses, Other", "v": 4.0}, {"l": "Lemons, Limes", "v": 17.0}, {"l": "Spices, Other", "v": 1.0}, {"l": "Fruits, Other", "v": 317.0}, {"l": "Oranges, Mandarines", "v": 12.0}, {"l": "Tea", "v": 1.0}, {"l": "Onions", "v": 90.0}]}, {"source": 6, "prod": 1.2751150713782717, "target": 8, "value": 308.0, "supply": [{"l": "Sugar", "v": 306.0}, {"l": "Honey", "v": 2.0}]}, {"source": 7, "prod": 0.034122621944325367, "target": 8, "value": 42.0, "supply": [{"l": "Freshwater Fish", "v": 21.0}, {"l": "Fish, Seafood", "v": 21.0}]}, {"source": 9, "prod": 0.14295327995007373, "target": 8, "value": 14.0, "supply": [{"l": "Soyabean Oil", "v": 3.0}, {"l": "Sunflowerseed Oil", "v": 10.0}, {"l": "Oilcrops Oil, Other", "v": 1.0}]}, {"source": 0, "prod": 0.17369135264116203, "target": 10, "value": 25.0, "supply": [{"l": "Fats, Animals, Raw", "v": 25.0}]}, {"source": 2, "prod": 0.13756840577016421, "target": 10, "value": 113.0, "supply": [{"l": "Poultry Meat", "v": 9.0}, {"l": "Bovine Meat", "v": 104.0}]}, {"source": 3, "prod": 1.2646443877520783, "target": 10, "value": 363.0, "supply": [{"l": "Maize", "v": 324.0}, {"l": "Wheat", "v": 1.0}, {"l": "Barley", "v": 38.0}]}, {"source": 4, "prod": 0.67592399396505476, "target": 10, "value": 126.0, "supply": [{"l": "Sunflower seed", "v": 91.0}, {"l": "Soyabeans", "v": 15.0}, {"l": "Rape and Mustardseed", "v": 4.0}, {"l": "Groundnuts", "v": 5.0}, {"l": "Palm kernels", "v": 2.0}, {"l": "Oilcrops, Other", "v": 9.0}]}, {"source": 5, "prod": 0.44881840076619456, "target": 10, "value": 598.0, "supply": [{"l": "Potatoes", "v": 2.0}, {"l": "Fruits, Other", "v": 86.0}, {"l": "Vegetables, Other", "v": 6.0}, {"l": "Nuts", "v": 3.0}, {"l": "Treenuts", "v": 3.0}, {"l": "Grapes", "v": 477.0}, {"l": "Onions", "v": 1.0}, {"l": "Apples", "v": 20.0}]}, {"source": 11, "prod": 3.0566444386000002, "target": 10, "value": 2630.0, "supply": [{"l": "Sugar beet", "v": 2630.0}]}, {"source": 0, "prod": 0.29286052327794276, "target": 12, "value": 107.0, "supply": [{"l": "Alcohol, Non-Food", "v": 71.0}, {"l": "Fats, Animals, Raw", "v": 31.0}, {"l": "Beverages, Alcoholic", "v": 4.0}, {"l": "Fish, Body Oil", "v": 1.0}]}, {"source": 2, "prod": 0.022130479904412519, "target": 12, "value": 20.0, "supply": [{"l": "Milk - Excluding Butter", "v": 12.0}, {"l": "Pigmeat", "v": 7.0}, {"l": "Offals, Edible", "v": 1.0}]}, {"source": 3, "prod": 0.083863082439828041, "target": 12, "value": 25.0, "supply": [{"l": "Maize", "v": 15.0}, {"l": "Wheat", "v": 10.0}]}, {"source": 4, "prod": 0.0084900333171, "target": 12, "value": 2.0, "supply": [{"l": "Oilcrops, Other", "v": 2.0}]}, {"source": 5, "prod": 0.028217065264911512, "target": 12, "value": 36.0, "supply": [{"l": "Potatoes", "v": 20.0}, {"l": "Fruits, Other", "v": 15.0}, {"l": "Pulses, Other", "v": 1.0}]}, {"source": 11, "prod": 0.032542222160000002, "target": 12, "value": 28.0, "supply": [{"l": "Sugar beet", "v": 28.0}]}, {"source": 6, "prod": 0.016610687096153827, "target": 12, "value": 4.0, "supply": [{"l": "Sweeteners, Other", "v": 1.0}, {"l": "Sugar", "v": 3.0}]}, {"source": 9, "prod": 0.12869011840342259, "target": 12, "value": 14.0, "supply": [{"l": "Rape and Mustard Oil", "v": 2.0}, {"l": "Oilcrops Oil, Other", "v": 7.0}, {"l": "Palm Oil", "v": 2.0}, {"l": "Palmkernel Oil", "v": 1.0}, {"l": "Sunflowerseed Oil", "v": 2.0}]}, {"source": 5, "prod": 0.54502468883131783, "target": 13, "value": 550.0, "supply": [{"l": "Potatoes", "v": 512.0}, {"l": "Peas", "v": 19.0}, {"l": "Beans", "v": 7.0}, {"l": "Pulses, Other", "v": 12.0}]}, {"source": 2, "prod": 0.018179437303022804, "target": 2, "value": 11.0, "supply": [{"l": "Eggs", "v": 11.0}]}, {"source": 3, "prod": 1.3530640946495218, "target": 13, "value": 447.0, "supply": [{"l": "Maize", "v": 50.0}, {"l": "Wheat", "v": 240.0}, {"l": "Oats", "v": 18.0}, {"l": "Rye", "v": 44.0}, {"l": "Barley", "v": 91.0}, {"l": "Rice", "v": 2.0}, {"l": "Cereals, Other", "v": 2.0}]}, {"source": 4, "prod": 0.031250915319650609, "target": 13, "value": 6.0, "supply": [{"l": "Sunflower seed", "v": 5.0}, {"l": "Oilcrops, Other", "v": 1.0}]}, {"source": 5, "prod": 0.27083246038157766, "target": 14, "value": 433.0, "supply": [{"l": "Potatoes", "v": 226.0}, {"l": "Fruits, Other", "v": 32.0}, {"l": "Beans", "v": 1.0}, {"l": "Apples", "v": 40.0}, {"l": "Lemons, Limes", "v": 2.0}, {"l": "Nuts", "v": 1.0}, {"l": "Treenuts", "v": 1.0}, {"l": "Vegetables, Other", "v": 89.0}, {"l": "Peas", "v": 1.0}, {"l": "Tomatoes", "v": 31.0}, {"l": "Oranges, Mandarines", "v": 1.0}, {"l": "Pimento", "v": 3.0}, {"l": "Onions", "v": 5.0}]}, {"source": 2, "prod": 0.05188048077586193, "target": 14, "value": 58.0, "supply": [{"l": "Pigmeat", "v": 7.0}, {"l": "Milk - Excluding Butter", "v": 42.0}, {"l": "Bovine Meat", "v": 2.0}, {"l": "Poultry Meat", "v": 1.0}, {"l": "Offals, Edible", "v": 6.0}]}, {"source": 3, "prod": 0.2804291805136141, "target": 14, "value": 87.0, "supply": [{"l": "Maize", "v": 36.0}, {"l": "Oats", "v": 3.0}, {"l": "Rye", "v": 4.0}, {"l": "Sorghum", "v": 2.0}, {"l": "Wheat", "v": 42.0}]}, {"source": 4, "prod": 0.010802359464440242, "target": 14, "value": 2.0, "supply": [{"l": "Sunflower seed", "v": 2.0}]}, {"source": 15, "prod": 0.83898567726210838, "target": 10, "value": 181.0, "supply": [{"l": "Sugar", "v": 111.0}, {"l": "Beer", "v": 13.0}, {"l": "Butter, Ghee", "v": 4.0}, {"l": "Fats, Animals, Raw", "v": 30.0}, {"l": "Palm Oil", "v": 2.0}, {"l": "Sunflowerseed Oil", "v": 3.0}, {"l": "Coconut Oil", "v": 1.0}, {"l": "Oilcrops Oil, Other", "v": 3.0}, {"l": "Wine", "v": 8.0}, {"l": "Fish, Body Oil", "v": 3.0}, {"l": "Honey", "v": 2.0}, {"l": "Palmkernel Oil", "v": 1.0}]}, {"source": 15, "prod": 2.4701059268840089, "target": 3, "value": 737.0, "supply": [{"l": "Maize", "v": 429.0}, {"l": "Barley", "v": 55.0}, {"l": "Rice", "v": 18.0}, {"l": "Cereals, Other", "v": 1.0}, {"l": "Wheat", "v": 227.0}, {"l": "Oats", "v": 7.0}]}, {"source": 15, "prod": 0.21602993312352622, "target": 4, "value": 37.0, "supply": [{"l": "Groundnuts", "v": 17.0}, {"l": "Oilcrops, Other", "v": 3.0}, {"l": "Soyabeans", "v": 15.0}, {"l": "Palm kernels", "v": 2.0}]}, {"source": 15, "prod": 0.23325594828690771, "target": 5, "value": 284.0, "supply": [{"l": "Vegetables, Other", "v": 6.0}, {"l": "Nuts", "v": 2.0}, {"l": "Tomatoes", "v": 1.0}, {"l": "Pepper", "v": 1.0}, {"l": "Treenuts", "v": 2.0}, {"l": "Cocoa Beans", "v": 7.0}, {"l": "Grapes", "v": 9.0}, {"l": "Potatoes", "v": 187.0}, {"l": "Coffee", "v": 5.0}, {"l": "Pulses, Other", "v": 5.0}, {"l": "Lemons, Limes", "v": 18.0}, {"l": "Spices, Other", "v": 1.0}, {"l": "Tea", "v": 1.0}, {"l": "Fruits, Other", "v": 23.0}, {"l": "Oranges, Mandarines", "v": 14.0}, {"l": "Onions", "v": 2.0}]}, {"source": 15, "prod": 0.44422877807888012, "target": 1, "value": 502.0, "supply": [{"l": "Eggs", "v": 2.0}, {"l": "Pigmeat", "v": 13.0}, {"l": "Milk - Excluding Butter", "v": 202.0}, {"l": "Fish, Seafood", "v": 136.0}, {"l": "Pelagic Fish", "v": 136.0}, {"l": "Bovine Meat", "v": 13.0}]}, {"source": 0, "prod": 0.24529893932397731, "target": 16, "value": 65.0, "supply": [{"l": "Fats, Animals, Raw", "v": 25.0}, {"l": "Wine", "v": 34.0}, {"l": "Butter, Ghee", "v": 5.0}, {"l": "Beverages, Alcoholic", "v": 1.0}]}, {"source": 2, "prod": 0.1863057048134534, "target": 16, "value": 147.0, "supply": [{"l": "Pigmeat", "v": 26.0}, {"l": "Poultry Meat", "v": 29.0}, {"l": "Milk - Excluding Butter", "v": 60.0}, {"l": "Meat, Other", "v": 2.0}, {"l": "Eggs", "v": 3.0}, {"l": "Bovine Meat", "v": 26.0}, {"l": "Offals, Edible", "v": 1.0}]}, {"source": 3, "prod": 0.28264783656399328, "target": 16, "value": 87.0, "supply": [{"l": "Maize", "v": 34.0}, {"l": "Barley", "v": 1.0}, {"l": "Cereals, Other", "v": 6.0}, {"l": "Wheat", "v": 46.0}]}, {"source": 4, "prod": 0.089507729300401823, "target": 16, "value": 17.0, "supply": [{"l": "Sunflower seed", "v": 15.0}, {"l": "Oilcrops, Other", "v": 2.0}]}, {"source": 5, "prod": 0.35734394354589993, "target": 16, "value": 504.0, "supply": [{"l": "Roots, Other", "v": 1.0}, {"l": "Potatoes", "v": 24.0}, {"l": "Fruits, Other", "v": 115.0}, {"l": "Beans", "v": 5.0}, {"l": "Tomatoes", "v": 69.0}, {"l": "Apples", "v": 53.0}, {"l": "Vegetables, Other", "v": 145.0}, {"l": "Peas", "v": 31.0}, {"l": "Grapes", "v": 25.0}, {"l": "Pimento", "v": 3.0}, {"l": "Onions", "v": 32.0}, {"l": "Pulses, Other", "v": 1.0}]}, {"source": 6, "prod": 0.94706316581151884, "target": 16, "value": 229.0, "supply": [{"l": "Sugar", "v": 224.0}, {"l": "Honey", "v": 5.0}]}, {"source": 9, "prod": 0.27956471983159864, "target": 16, "value": 27.0, "supply": [{"l": "Coconut Oil", "v": 1.0}, {"l": "Groundnut Oil", "v": 2.0}, {"l": "Oilcrops Oil, Other", "v": 1.0}, {"l": "Palmkernel Oil", "v": 1.0}, {"l": "Sunflowerseed Oil", "v": 22.0}]}, {"source": 17, "prod": 0.019402516987278816, "target": 5, "value": 30.0, "supply": [{"l": "Fruits, Other", "v": 5.0}, {"l": "Tomatoes", "v": 22.0}, {"l": "Pulses, Other", "v": 3.0}]}, {"source": 17, "prod": 0.00424501665855, "target": 4, "value": 1.0, "supply": [{"l": "Oilcrops, Other", "v": 1.0}]}, {"source": 2, "prod": 0.02438250099625874, "target": 18, "value": 36.0, "supply": [{"l": "Milk - Excluding Butter", "v": 34.0}, {"l": "Eggs", "v": 2.0}]}, {"source": 0, "prod": 0.023886512632341091, "target": 18, "value": 30.0, "supply": [{"l": "Alcohol, Non-Food", "v": 30.0}]}, {"source": 3, "prod": 1.3324566433663796, "target": 18, "value": 420.0, "supply": [{"l": "Maize", "v": 148.0}, {"l": "Oats", "v": 9.0}, {"l": "Rice", "v": 16.0}, {"l": "Wheat", "v": 24.0}, {"l": "Barley", "v": 223.0}]}, {"source": 17, "prod": 0.033411457645866324, "target": 1, "value": 18.0, "supply": [{"l": "Pigmeat", "v": 17.0}, {"l": "Meat, Other", "v": 1.0}]}, {"source": 5, "prod": 0.018397145170549155, "target": 18, "value": 26.0, "supply": [{"l": "Nuts", "v": 1.0}, {"l": "Apples", "v": 9.0}, {"l": "Coffee", "v": 2.0}, {"l": "Treenuts", "v": 1.0}, {"l": "Vegetables, Other", "v": 10.0}, {"l": "Onions", "v": 3.0}]}, {"source": 4, "prod": 0.12422713384106279, "target": 18, "value": 23.0, "supply": [{"l": "Soyabeans", "v": 3.0}, {"l": "Sunflower seed", "v": 20.0}]}, {"source": 17, "prod": 0.0021637543453805947, "target": 10, "value": 3.0, "supply": [{"l": "Beer", "v": 1.0}, {"l": "Wine", "v": 2.0}]}, {"source": 6, "prod": 0.012425459404625659, "target": 18, "value": 3.0, "supply": [{"l": "Sugar", "v": 3.0}]}, {"source": 17, "prod": 0.041442874497030512, "target": 3, "value": 15.0, "supply": [{"l": "Rye", "v": 15.0}]}, {"source": 19, "prod": 22.142211449252166, "target": 3, "value": 6818.0, "supply": [{"l": "Maize", "v": 3270.0}, {"l": "Rye", "v": 245.0}, {"l": "Barley", "v": 1150.0}, {"l": "Rice", "v": 24.0}, {"l": "Cereals, Other", "v": 12.0}, {"l": "Wheat", "v": 1973.0}, {"l": "Oats", "v": 133.0}, {"l": "Sorghum", "v": 8.0}, {"l": "Millet", "v": 3.0}]}, {"source": 19, "prod": 0.82446506468374758, "target": 4, "value": 155.0, "supply": [{"l": "Sunflower seed", "v": 137.0}, {"l": "Oilcrops, Other", "v": 11.0}, {"l": "Soyabeans", "v": 3.0}, {"l": "Rape and Mustardseed", "v": 4.0}]}, {"source": 19, "prod": 3.6735100186062235, "target": 5, "value": 5071.0, "supply": [{"l": "Roots, Other", "v": 2.0}, {"l": "Nuts", "v": 15.0}, {"l": "Tomatoes", "v": 276.0}, {"l": "Treenuts", "v": 15.0}, {"l": "Vegetables, Other", "v": 900.0}, {"l": "Peas", "v": 95.0}, {"l": "Grapes", "v": 551.0}, {"l": "Pimento", "v": 26.0}, {"l": "Potatoes", "v": 2149.0}, {"l": "Beans", "v": 31.0}, {"l": "Apples", "v": 315.0}, {"l": "Fruits, Other", "v": 550.0}, {"l": "Onions", "v": 128.0}, {"l": "Pulses, Other", "v": 18.0}]}, {"source": 19, "prod": 3.0891866607600003, "target": 11, "value": 2658.0, "supply": [{"l": "Sugar beet", "v": 2658.0}]}, {"source": 1, "prod": 0.31024016169404478, "target": 7, "value": 314.0, "supply": [{"l": "Freshwater Fish", "v": 21.0}, {"l": "Pelagic Fish", "v": 136.0}, {"l": "Fish, Seafood", "v": 157.0}]}, {"source": 1, "prod": 3.2242797012788502, "target": 2, "value": 3237.0, "supply": [{"l": "Poultry Meat", "v": 138.0}, {"l": "Pigmeat", "v": 533.0}, {"l": "Bovine Meat", "v": 338.0}, {"l": "Eggs", "v": 106.0}, {"l": "Milk - Excluding Butter", "v": 2076.0}, {"l": "Offals, Edible", "v": 37.0}, {"l": "Meat, Other", "v": 10.0}, {"l": "Mutton & Goat Meat", "v": 10.0}]}, {"source": 10, "prod": 2.7546980176497358, "target": 0, "value": 1160.0, "supply": [{"l": "Fats, Animals, Raw", "v": 266.0}, {"l": "Alcohol, Non-Food", "v": 101.0}, {"l": "Fish, Body Oil", "v": 3.0}, {"l": "Beer", "v": 396.0}, {"l": "Beverages, Alcoholic", "v": 34.0}, {"l": "Cream", "v": 16.0}, {"l": "Butter, Ghee", "v": 20.0}, {"l": "Wine", "v": 324.0}]}, {"source": 10, "prod": 0.55120811818509496, "target": 9, "value": 55.0, "supply": [{"l": "Soyabean Oil", "v": 3.0}, {"l": "Coconut Oil", "v": 1.0}, {"l": "Rape and Mustard Oil", "v": 2.0}, {"l": "Groundnut Oil", "v": 2.0}, {"l": "Palm Oil", "v": 2.0}, {"l": "Palmkernel Oil", "v": 2.0}, {"l": "Oilcrops Oil, Other", "v": 9.0}, {"l": "Sunflowerseed Oil", "v": 34.0}]}, {"source": 10, "prod": 2.255356203492112, "target": 6, "value": 545.0, "supply": [{"l": "Honey", "v": 7.0}, {"l": "Sweeteners, Other", "v": 1.0}, {"l": "Sugar", "v": 537.0}]}]}