{"nodes": [{"layer": 13, "name": "Animal Products", "fill": "#17becf"}, {"layer": 10, "name": "Feed", "fill": "#dbdb8d"}, {"layer": 5, "name": "Cereals", "fill": "#e7ba52"}, {"layer": 5, "name": "Oilcrops", "fill": "#ff9896"}, {"layer": 13, "name": "Sugar", "fill": "#d6616b"}, {"layer": 5, "name": "Starchy Roots"}, {"layer": 5, "name": "Fruits & Vegetables"}, {"layer": 13, "name": "Aquatic Products", "fill": "#1f77b4"}, {"layer": 13, "name": "Other Processed", "fill": "#9c9ede"}, {"layer": 16, "name": "Food", "fill": "#b5cf6b"}, {"layer": 5, "name": "Others"}, {"layer": 13, "name": "Vegetable Oils", "fill": "#f7b6d2"}, {"layer": 10, "name": "Processing", "fill": "#9edae5"}, {"layer": 5, "name": "Sugar Crops", "fill": "#ffbb78"}, {"layer": 16, "name": "Biofuels & Other", "fill": "#e7ba52"}, {"name": "Waste", "fill": "#c7c7c7"}, {"layer": 2, "name": "Import", "fill": "#aec7e8"}, {"layer": 16, "name": "Export", "fill": "#aec7e8"}, {"layer": 0, "name": "Stock Draw", "fill": "#c7c7c7"}, {"layer": 16, "name": "Stock Deposit", "fill": "#c7c7c7"}, {"name": "Crop Residue", "fill": "#bd9e39"}, {"layer": 2, "name": "Electricity", "fill": "#bcbd22"}, {"layer": 0, "name": "Fossil Fuels", "fill": "#c49c94"}, {"layer": 0, "name": "Renewables & Nuclear", "fill": "#2ca02c"}, {"layer": 2, "name": "Fertilizers", "fill": "#c5b0d5"}, {"layer": 0, "name": "Labor", "fill": "#7f7f7f"}], "links": [{"source": 0, "prod": 692.0, "target": 1, "value": 0.40445446402399066, "supply": [{"l": "Milk - Excluding Butter", "v": 0.40116770085324854}, {"l": "Eggs", "v": 0.0032867631707420935}]}, {"source": 2, "prod": 9274.0, "target": 1, "value": 31.202103380007962, "supply": [{"l": "Maize", "v": 22.879722865986256}, {"l": "Oats", "v": 0.22723324466355888}, {"l": "Rye", "v": 0.23650807097635718}, {"l": "Rice", "v": 0.0040851624747552306}, {"l": "Sorghum", "v": 0.042892774957481519}, {"l": "Cereals, Other", "v": 0.012255078559280435}, {"l": "Wheat", "v": 5.370492148329884}, {"l": "Millet", "v": 0.015318848199100541}, {"l": "Barley", "v": 2.4135951858612863}]}, {"source": 3, "prod": 21.0, "target": 1, "value": 0.099050388699500017, "supply": [{"l": "Soyabeans", "v": 0.014150055528500001}, {"l": "Sunflower seed", "v": 0.084900333171000014}]}, {"source": 4, "prod": 20.0, "target": 1, "value": 0.082807152374857751, "supply": [{"l": "Sugar", "v": 0.082807152374857751}]}, {"source": 5, "prod": 583.0, "target": 1, "value": 0.45509403634525092, "supply": [{"l": "Potatoes", "v": 0.45509403634525092}]}, {"source": 6, "prod": 136.0, "target": 1, "value": 0.1058028787623661, "supply": [{"l": "Fruits, Other", "v": 0.0017603524804354212}, {"l": "Apples", "v": 0.002256714454001611}, {"l": "Tomatoes", "v": 0.00026006228351154576}, {"l": "Vegetables, Other", "v": 0.028526930689392726}, {"l": "Peas", "v": 0.066468023995717107}, {"l": "Pulses, Other", "v": 0.0065307948593076922}]}, {"source": 7, "prod": 398.0, "target": 1, "value": 0.40360675052458173, "supply": [{"l": "Fish, Seafood", "v": 0.16895166301028999}, {"l": "Pelagic Fish", "v": 0.2346550875142917}]}, {"source": 8, "prod": 1662.0, "target": 9, "value": 2.7804079439549851, "supply": [{"l": "Beer", "v": 0.52444994679846413}, {"l": "Beverages, Alcoholic", "v": 0.28604629004584986}, {"l": "Fats, Animals, Raw", "v": 1.337777312665495}, {"l": "Butter, Ghee", "v": 0.16620700144587303}, {"l": "Wine", "v": 0.28749770234456173}, {"l": "Cream", "v": 0.17842969065474151}]}, {"source": 0, "prod": 3117.0, "target": 9, "value": 3.4746188011613843, "supply": [{"l": "Meat, Other", "v": 0.01852370905549091}, {"l": "Eggs", "v": 0.32374617231809621}, {"l": "Mutton & Goat Meat", "v": 0.0047166851761666672}, {"l": "Pigmeat", "v": 1.4995270848799089}, {"l": "Milk - Excluding Butter", "v": 1.0215241310132719}, {"l": "Bovine Meat", "v": 0.20534435608616358}, {"l": "Poultry Meat", "v": 0.36034820786096877}, {"l": "Offals, Edible", "v": 0.04088845477131773}]}, {"source": 2, "prod": 1638.0, "target": 9, "value": 5.0874925660966452, "supply": [{"l": "Rye", "v": 0.059806638637699513}, {"l": "Barley", "v": 0.0090964642683214296}, {"l": "Rice", "v": 0.10621422434363598}, {"l": "Wheat", "v": 4.9123752388469883}]}, {"source": 3, "prod": 2.0, "target": 9, "value": 0.0094333703523333343, "supply": [{"l": "Oilcrops, Other", "v": 0.0047166851761666672}, {"l": "Groundnuts", "v": 0.0047166851761666672}]}, {"source": 4, "prod": 401.0, "target": 9, "value": 1.6587043863769855, "supply": [{"l": "Sugar", "v": 1.6437219746409266}, {"l": "Honey", "v": 0.014982411736058824}]}, {"source": 5, "prod": 368.0, "target": 9, "value": 0.28726347405669356, "supply": [{"l": "Potatoes", "v": 0.28726347405669356}]}, {"source": 6, "prod": 1844.0, "target": 9, "value": 0.84886544501698213, "supply": [{"l": "Grapefruit", "v": 0.0034866666600000002}, {"l": "Tomatoes", "v": 0.059294200640632441}, {"l": "Treenuts", "v": 0.091112552671317085}, {"l": "Vegetables, Other", "v": 0.20518452899526513}, {"l": "Peas", "v": 0.03127907011563158}, {"l": "Grapes", "v": 0.077546027995003305}, {"l": "Apples", "v": 0.15063568980460754}, {"l": "Lemons, Limes", "v": 0.0045431616412575258}, {"l": "Bananas", "v": 0.013442552752075001}, {"l": "Citrus, Other", "v": 0.0034866666600000002}, {"l": "Fruits, Other", "v": 0.14610925587613996}, {"l": "Oranges, Mandarines", "v": 0.013814291499010169}, {"l": "Onions", "v": 0.045665382276388583}, {"l": "Pulses, Other", "v": 0.0032653974296538461}]}, {"source": 10, "prod": 162.0, "target": 9, "value": 0.17036238305966014, "supply": [{"l": "Nuts", "v": 0.091559182831470576}, {"l": "Pepper", "v": 0.0032653974296538461}, {"l": "Pimento", "v": 0.027498083618137655}, {"l": "Cocoa Beans", "v": 0.027836174810163934}, {"l": "Coffee", "v": 0.018316689955259476}, {"l": "Tea", "v": 0.0018868544149746689}]}, {"source": 7, "prod": 86.0, "target": 9, "value": 0.076042942718586817, "supply": [{"l": "Marine Fish, Other", "v": 0.0027886970749598544}, {"l": "Freshwater Fish", "v": 0.022597046851596962}, {"l": "Fish, Seafood", "v": 0.036507143263530002}, {"l": "Pelagic Fish", "v": 0.014150055528500001}]}, {"source": 11, "prod": 62.0, "target": 9, "value": 0.64554382299608959, "supply": [{"l": "Maize Germ Oil", "v": 0.0070750277642500003}, {"l": "Soyabean Oil", "v": 0.071891411152862905}, {"l": "Sunflowerseed Oil", "v": 0.35584432247073472}, {"l": "Olive Oil", "v": 0.0084900333171}, {"l": "Rape and Mustard Oil", "v": 0.19375299497404191}, {"l": "Oilcrops Oil, Other", "v": 0.0084900333171}]}, {"source": 8, "prod": 13.0, "target": 12, "value": 0.089185154177699649, "supply": [{"l": "Fats, Animals, Raw", "v": 0.089185154177699649}]}, {"source": 0, "prod": 108.0, "target": 12, "value": 0.12762200278611358, "supply": [{"l": "Milk - Excluding Butter", "v": 0.00058140246500470799}, {"l": "Poultry Meat", "v": 0.01937355956241768}, {"l": "Bovine Meat", "v": 0.10766704075869118}]}, {"source": 2, "prod": 224.0, "target": 12, "value": 0.72259042593753442, "supply": [{"l": "Maize", "v": 0.30781464794477764}, {"l": "Wheat", "v": 0.11762461189425678}, {"l": "Barley", "v": 0.29715116609850006}]}, {"source": 3, "prod": 291.0, "target": 12, "value": 1.3725553862645001, "supply": [{"l": "Sunflower seed", "v": 0.9480537204095002}, {"l": "Soyabeans", "v": 0.089617018347166677}, {"l": "Rape and Mustardseed", "v": 0.26885105504150003}, {"l": "Oilcrops, Other", "v": 0.066033592466333349}]}, {"source": 13, "prod": 3856.0, "target": 12, "value": 4.48152888032, "supply": [{"l": "Sugar beet", "v": 4.48152888032}]}, {"source": 6, "prod": 994.0, "target": 12, "value": 0.73836768894568838, "supply": [{"l": "Fruits, Other", "v": 0.071587667537707123}, {"l": "Treenuts", "v": 0.0041414796668780493}, {"l": "Grapes", "v": 0.59662964396155604}, {"l": "Apples", "v": 0.066008897779547132}]}, {"source": 10, "prod": 1.0, "target": 12, "value": 0.0041617810377941175, "supply": [{"l": "Nuts", "v": 0.0041617810377941175}]}, {"source": 8, "prod": 138.0, "target": 14, "value": 0.33069033697218009, "supply": [{"l": "Alcohol, Non-Food", "v": 0.074243912143925284}, {"l": "Butter, Ghee", "v": 0.033241400289174605}, {"l": "Fats, Animals, Raw", "v": 0.17150991188019166}, {"l": "Beverages, Alcoholic", "v": 0.051695112658888528}]}, {"source": 0, "prod": 28.0, "target": 14, "value": 0.036941291254329753, "supply": [{"l": "Milk - Excluding Butter", "v": 0.0069768295800564963}, {"l": "Pigmeat", "v": 0.026131169039462221}, {"l": "Offals, Edible", "v": 0.0038332926348110369}]}, {"source": 2, "prod": 45.0, "target": 14, "value": 0.14935503363679148, "supply": [{"l": "Maize", "v": 0.087447343166130023}, {"l": "Wheat", "v": 0.061907690470661469}]}, {"source": 3, "prod": 2.0, "target": 14, "value": 0.0094333703523333343, "supply": [{"l": "Oilcrops, Other", "v": 0.0094333703523333343}]}, {"source": 13, "prod": 71.0, "target": 14, "value": 0.082517777619999996, "supply": [{"l": "Sugar beet", "v": 0.082517777619999996}]}, {"source": 4, "prod": 122.0, "target": 14, "value": 0.48356976779601724, "supply": [{"l": "Sweeteners, Other", "v": 0.1771833040090435}, {"l": "Sugar", "v": 0.30638646378697376}]}, {"source": 5, "prod": 36.0, "target": 14, "value": 0.028101861592502629, "supply": [{"l": "Potatoes", "v": 0.028101861592502629}]}, {"source": 6, "prod": 9.0, "target": 14, "value": 0.0052810574413062637, "supply": [{"l": "Fruits, Other", "v": 0.0052810574413062637}]}, {"source": 11, "prod": 22.0, "target": 14, "value": 0.20246569168805881, "supply": [{"l": "Coconut Oil", "v": 0.028031339052548048}, {"l": "Rape and Mustard Oil", "v": 0.05098763025632682}, {"l": "Oilcrops Oil, Other", "v": 0.10188039980520001}, {"l": "Sunflowerseed Oil", "v": 0.021566322573983922}]}, {"source": 5, "prod": 258.0, "target": 5, "value": 0.20139667474626882, "supply": [{"l": "Potatoes", "v": 0.20139667474626882}]}, {"source": 6, "prod": 26.0, "target": 6, "value": 0.099831552108868127, "supply": [{"l": "Peas", "v": 0.086017442817986844}, {"l": "Beans", "v": 0.0040179170019197536}, {"l": "Pulses, Other", "v": 0.0097961922889615374}]}, {"source": 0, "prod": 31.0, "target": 0, "value": 0.050944829146502453, "supply": [{"l": "Eggs", "v": 0.050944829146502453}]}, {"source": 2, "prod": 507.0, "target": 2, "value": 1.5752306794307773, "supply": [{"l": "Maize", "v": 0.15740521769903404}, {"l": "Wheat", "v": 1.1391015046601711}, {"l": "Oats", "v": 0.022473617604088239}, {"l": "Rye", "v": 0.040777253616613302}, {"l": "Millet", "v": 0.0030637696398201088}, {"l": "Barley", "v": 0.19709005914696434}, {"l": "Rice", "v": 0.012255487424265693}, {"l": "Cereals, Other", "v": 0.0030637696398201088}]}, {"source": 3, "prod": 7.0, "target": 3, "value": 0.033016796233166668, "supply": [{"l": "Sunflower seed", "v": 0.014150055528500001}, {"l": "Rape and Mustardseed", "v": 0.0047166851761666672}, {"l": "Oilcrops, Other", "v": 0.014150055528500001}]}, {"source": 8, "prod": 2.0, "target": 15, "value": 0.0045172073583478857, "supply": [{"l": "Cream", "v": 0.0045172073583478857}]}, {"source": 0, "prod": 86.0, "target": 15, "value": 0.078880402365768668, "supply": [{"l": "Pigmeat", "v": 0.028141258965574699}, {"l": "Milk - Excluding Butter", "v": 0.034884147900282478}, {"l": "Bovine Meat", "v": 0.0033299084770729232}, {"l": "Eggs", "v": 0.0016433815853710467}, {"l": "Poultry Meat", "v": 0.001937355956241768}, {"l": "Offals, Edible", "v": 0.0089443494812257527}]}, {"source": 2, "prod": 154.0, "target": 15, "value": 0.50995289029269519, "supply": [{"l": "Maize", "v": 0.30081886049148721}, {"l": "Oats", "v": 0.002497068622676471}, {"l": "Rye", "v": 0.0054369671488817741}, {"l": "Wheat", "v": 0.20119999402964978}]}, {"source": 3, "prod": 3.0, "target": 15, "value": 0.014150055528500001, "supply": [{"l": "Sunflower seed", "v": 0.014150055528500001}]}, {"source": 5, "prod": 202.0, "target": 15, "value": 0.15768266782459808, "supply": [{"l": "Potatoes", "v": 0.15768266782459808}]}, {"source": 6, "prod": 178.0, "target": 15, "value": 0.069190579454565679, "supply": [{"l": "Oranges, Mandarines", "v": 0.0017267864373762712}, {"l": "Fruits, Other", "v": 0.0093885465623222471}, {"l": "Apples", "v": 0.010719393656507653}, {"l": "Lemons, Limes", "v": 0.00056789520515719072}, {"l": "Bananas", "v": 0.00070750277642499997}, {"l": "Treenuts", "v": 0.0041414796668780493}, {"l": "Vegetables, Other", "v": 0.01282403306220407}, {"l": "Peas", "v": 0.0039098837644539475}, {"l": "Tomatoes", "v": 0.017424172995273567}, {"l": "Grapes", "v": 0.00079128599994901321}, {"l": "Onions", "v": 0.0069895993280186608}]}, {"source": 10, "prod": 12.0, "target": 15, "value": 0.0079427675352880447, "supply": [{"l": "Nuts", "v": 0.0041617810377941175}, {"l": "Pimento", "v": 0.0037809864974939272}]}, {"source": 16, "prod": 65.0, "target": 10, "value": 0.071962702169782775, "supply": [{"l": "Nuts", "v": 0.020808905188970588}, {"l": "Pepper", "v": 0.0032653974296538461}, {"l": "Pimento", "v": 0.00034372604522672068}, {"l": "Cocoa Beans", "v": 0.027836174810163934}, {"l": "Coffee", "v": 0.017821644280793005}, {"l": "Tea", "v": 0.0018868544149746689}]}, {"source": 16, "prod": 521.0, "target": 1, "value": 0.49909450927989363, "supply": [{"l": "Marine Fish, Other", "v": 0.0027886970749598544}, {"l": "Pigmeat", "v": 0.012060539556674871}, {"l": "Milk - Excluding Butter", "v": 0.047093599665381347}, {"l": "Fish, Seafood", "v": 0.18168671298594}, {"l": "Pelagic Fish", "v": 0.24880514304279169}, {"l": "Bovine Meat", "v": 0.0066598169541458464}]}, {"source": 16, "prod": 355.0, "target": 12, "value": 0.67660963666778962, "supply": [{"l": "Alcohol, Non-Food", "v": 0.039491442629747492}, {"l": "Sugar", "v": 0.34364968235565974}, {"l": "Beer", "v": 0.10135949026072379}, {"l": "Beverages, Alcoholic", "v": 0.013785363375703607}, {"l": "Fats, Animals, Raw", "v": 0.020581189425622995}, {"l": "Soyabean Oil", "v": 0.041080806373064521}, {"l": "Olive Oil", "v": 0.0084900333171}, {"l": "Coconut Oil", "v": 0.028031339052548048}, {"l": "Rape and Mustard Oil", "v": 0.030592578153796093}, {"l": "Oilcrops Oil, Other", "v": 0.025470099951300004}, {"l": "Wine", "v": 0.016586405904493947}, {"l": "Honey", "v": 0.0074912058680294122}]}, {"source": 16, "prod": 332.0, "target": 2, "value": 1.025170573652012, "supply": [{"l": "Rye", "v": 0.043495737191054193}, {"l": "Barley", "v": 0.87326056975885735}, {"l": "Rice", "v": 0.089873574444615065}, {"l": "Wheat", "v": 0.015476922617665367}, {"l": "Millet", "v": 0.0030637696398201088}]}, {"source": 16, "prod": 182.0, "target": 6, "value": 0.13455949388557639, "supply": [{"l": "Citrus, Other", "v": 0.0034866666600000002}, {"l": "Grapefruit", "v": 0.0034866666600000002}, {"l": "Tomatoes", "v": 0.00078018685053463728}, {"l": "Treenuts", "v": 0.02070739833439025}, {"l": "Vegetables, Other", "v": 0.0034022944858908754}, {"l": "Peas", "v": 0.019549418822269737}, {"l": "Grapes", "v": 0.01978214999872533}, {"l": "Beans", "v": 0.0080358340038395072}, {"l": "Apples", "v": 0.01241192949700886}, {"l": "Lemons, Limes", "v": 0.0051110568464147162}, {"l": "Bananas", "v": 0.014150055528500001}, {"l": "Fruits, Other", "v": 0.0052810574413062637}, {"l": "Oranges, Mandarines", "v": 0.01510938132704237}, {"l": "Pulses, Other", "v": 0.0032653974296538461}]}, {"source": 16, "prod": 23.0, "target": 3, "value": 0.10848375905183334, "supply": [{"l": "Groundnuts", "v": 0.0047166851761666672}, {"l": "Rape and Mustardseed", "v": 0.10376707387566668}]}, {"source": 16, "prod": 12.0, "target": 5, "value": 0.0093672871975008769, "supply": [{"l": "Potatoes", "v": 0.0093672871975008769}]}, {"source": 8, "prod": 334.0, "target": 17, "value": 0.78067175616595463, "supply": [{"l": "Alcohol, Non-Food", "v": 0.016586405904493947}, {"l": "Butter, Ghee", "v": 0.033241400289174605}, {"l": "Wine", "v": 0.17850132068645866}, {"l": "Fats, Animals, Raw", "v": 0.53511092506619795}, {"l": "Beverages, Alcoholic", "v": 0.017231704219629509}]}, {"source": 0, "prod": 432.0, "target": 17, "value": 0.68762525204364178, "supply": [{"l": "Pigmeat", "v": 0.23719061128127245}, {"l": "Milk - Excluding Butter", "v": 0.040698172550329564}, {"l": "Poultry Meat", "v": 0.25573098622391333}, {"l": "Meat, Other", "v": 0.024698278740654545}, {"l": "Bovine Meat", "v": 0.062158291572027909}, {"l": "Eggs", "v": 0.05751835548798663}, {"l": "Offals, Edible", "v": 0.0025555284232073581}, {"l": "Mutton & Goat Meat", "v": 0.0070750277642500003}]}, {"source": 2, "prod": 680.0, "target": 17, "value": 2.1399576527540711, "supply": [{"l": "Maize", "v": 0.31131254167142286}, {"l": "Barley", "v": 0.012128619024428572}, {"l": "Sorghum", "v": 0.02144638747874076}, {"l": "Cereals, Other", "v": 0.009191308919460326}, {"l": "Wheat", "v": 1.7705599474609182}, {"l": "Millet", "v": 0.015318848199100541}]}, {"source": 3, "prod": 147.0, "target": 17, "value": 0.69335272089650013, "supply": [{"l": "Sunflower seed", "v": 0.59430233219700013}, {"l": "Rape and Mustardseed", "v": 0.018866740704666669}, {"l": "Oilcrops, Other", "v": 0.080183647994833351}]}, {"source": 4, "prod": 45.0, "target": 17, "value": 0.18276330068087634, "supply": [{"l": "Sugar", "v": 0.14905287427474398}, {"l": "Honey", "v": 0.033710426406132359}]}, {"source": 5, "prod": 81.0, "target": 17, "value": 0.06322918858313091, "supply": [{"l": "Roots, Other", "v": 0.0023418217993752192}, {"l": "Potatoes", "v": 0.060887366783755698}]}, {"source": 6, "prod": 1298.0, "target": 17, "value": 0.74511670033520483, "supply": [{"l": "Fruits, Other", "v": 0.038140970409434129}, {"l": "Beans", "v": 0.024107502011518518}, {"l": "Tomatoes", "v": 0.039529467093754954}, {"l": "Vegetables, Other", "v": 0.10651798890442972}, {"l": "Peas", "v": 0.18767442069378948}, {"l": "Grapes", "v": 0.0087041459994391442}, {"l": "Onions", "v": 0.014911145233106477}, {"l": "Apples", "v": 0.32553105998973236}]}, {"source": 10, "prod": 13.0, "target": 17, "value": 0.0071535136327754035, "supply": [{"l": "Cocoa Beans", "v": 0.0013918087405081967}, {"l": "Infant food", "v": 0.0023244444400000001}, {"l": "Pimento", "v": 0.0034372604522672069}]}, {"source": 7, "prod": 10.0, "target": 17, "value": 0.0082802035963351721, "supply": [{"l": "Freshwater Fish", "v": 0.0040351869377851721}, {"l": "Fish, Seafood", "v": 0.00424501665855}]}, {"source": 11, "prod": 51.0, "target": 17, "value": 0.54935559040086335, "supply": [{"l": "Rape and Mustard Oil", "v": 0.010197526051265364}, {"l": "Sunflowerseed Oil", "v": 0.53915806434959801}]}, {"source": 18, "prod": 145.0, "target": 6, "value": 0.15793419989986743, "supply": [{"l": "Fruits, Other", "v": 0.01349603568333823}, {"l": "Vegetables, Other", "v": 0.020152051954892104}, {"l": "Peas", "v": 0.11729651293361842}, {"l": "Onions", "v": 0.0069895993280186608}]}, {"source": 18, "prod": 14.0, "target": 3, "value": 0.066033592466333349, "supply": [{"l": "Oilcrops, Other", "v": 0.066033592466333349}]}, {"source": 10, "prod": 10.0, "target": 19, "value": 0.0034372604522672069, "supply": [{"l": "Pimento", "v": 0.0034372604522672069}]}, {"source": 8, "prod": 1.0, "target": 19, "value": 0.0083103500722936513, "supply": [{"l": "Butter, Ghee", "v": 0.0083103500722936513}]}, {"source": 2, "prod": 597.0, "target": 19, "value": 2.0750994287151903, "supply": [{"l": "Maize", "v": 1.8259005253087945}, {"l": "Barley", "v": 0.097028952195428578}, {"l": "Rice", "v": 0.081703249495104602}, {"l": "Sorghum", "v": 0.012255078559280435}, {"l": "Cereals, Other", "v": 0.055147853516761956}, {"l": "Millet", "v": 0.0030637696398201088}]}, {"source": 6, "prod": 95.0, "target": 19, "value": 0.070104289884484194, "supply": [{"l": "Beans", "v": 0.048215004023037036}, {"l": "Tomatoes", "v": 0.021325107247946753}, {"l": "Apples", "v": 0.00056417861350040275}]}, {"source": 18, "prod": 21.0, "target": 1, "value": 0.024413033186232409, "supply": [{"l": "Poultry Meat", "v": 0.017436203606175912}, {"l": "Milk - Excluding Butter", "v": 0.0069768295800564963}]}, {"source": 11, "prod": 1.0, "target": 19, "value": 0.010783161286991961, "supply": [{"l": "Sunflowerseed Oil", "v": 0.010783161286991961}]}, {"source": 3, "prod": 81.0, "target": 19, "value": 0.38205149926950011, "supply": [{"l": "Soyabeans", "v": 0.061316907290166672}, {"l": "Sunflower seed", "v": 0.32073459197933341}]}, {"source": 18, "prod": 1.0, "target": 10, "value": 0.00049504567446647231, "supply": [{"l": "Coffee", "v": 0.00049504567446647231}]}, {"source": 18, "prod": 56.0, "target": 12, "value": 0.044010022231265634, "supply": [{"l": "Beer", "v": 0.00056943533854339208}, {"l": "Wine", "v": 0.04344058689272224}]}, {"source": 4, "prod": 67.0, "target": 19, "value": 0.27700920577104537, "supply": [{"l": "Sugar", "v": 0.27326360283703066}, {"l": "Honey", "v": 0.0037456029340147061}]}, {"source": 18, "prod": 696.0, "target": 2, "value": 2.1428168840885071, "supply": [{"l": "Oats", "v": 0.019976548981411768}, {"l": "Rye", "v": 0.048932704339935969}, {"l": "Wheat", "v": 2.0739076307671596}]}, {"source": 1, "prod": 494.0, "target": 7, "value": 0.48792989683950372, "supply": [{"l": "Freshwater Fish", "v": 0.026632233789382134}, {"l": "Pelagic Fish", "v": 0.24880514304279169}, {"l": "Marine Fish, Other", "v": 0.0027886970749598544}, {"l": "Fish, Seafood", "v": 0.20970382293237}]}, {"source": 1, "prod": 4463.0, "target": 0, "value": 4.8101422136352285, "supply": [{"l": "Poultry Meat", "v": 0.63739010960354159}, {"l": "Pigmeat", "v": 1.7909901241662185}, {"l": "Bovine Meat", "v": 0.37849959689395563}, {"l": "Eggs", "v": 0.43713950170869842}, {"l": "Milk - Excluding Butter", "v": 1.5058323843621935}, {"l": "Offals, Edible", "v": 0.056221625310561879}, {"l": "Meat, Other", "v": 0.043221987796145458}, {"l": "Mutton & Goat Meat", "v": 0.011791712940416667}]}, {"source": 12, "prod": 2150.0, "target": 8, "value": 3.9937827487014608, "supply": [{"l": "Fats, Animals, Raw", "v": 2.1335833037895844}, {"l": "Alcohol, Non-Food", "v": 0.090830318048419234}, {"l": "Beer", "v": 0.52444994679846413}, {"l": "Beverages, Alcoholic", "v": 0.3549731069243679}, {"l": "Wine", "v": 0.46599902303102037}, {"l": "Butter, Ghee", "v": 0.24100015209651587}, {"l": "Cream", "v": 0.18294689801308939}]}, {"source": 12, "prod": 136.0, "target": 11, "value": 1.4081482663720037, "supply": [{"l": "Olive Oil", "v": 0.0084900333171}, {"l": "Soyabean Oil", "v": 0.071891411152862905}, {"l": "Coconut Oil", "v": 0.028031339052548048}, {"l": "Rape and Mustard Oil", "v": 0.25493815128163411}, {"l": "Maize Germ Oil", "v": 0.0070750277642500003}, {"l": "Oilcrops Oil, Other", "v": 0.11037043312230002}, {"l": "Sunflowerseed Oil", "v": 0.92735187068130864}]}, {"source": 12, "prod": 655.0, "target": 4, "value": 2.6848538129997817, "supply": [{"l": "Honey", "v": 0.052438441076205891}, {"l": "Sweeteners, Other", "v": 0.1771833040090435}, {"l": "Sugar", "v": 2.4552320679145323}]}, {"source": 5, "prod": 760.75, "target": 20, "value": 2.652481661595, "supply": [{"l": "Roots, Other", "v": 0.0052299999900000003}, {"l": "Potatoes", "v": 2.6472516616049999}]}, {"source": 13, "prod": 1570.8000000000002, "target": 20, "value": 1.8256186631760003, "supply": [{"l": "Sugar beet", "v": 1.8256186631760003}]}, {"source": 6, "prod": 4416.0, "target": 20, "value": 15.375441590878188, "supply": [{"l": "Tomatoes", "v": 1.8427033298100002}, {"l": "Vegetables, Other", "v": 4.5466133246400009}, {"l": "Peas", "v": 0.27544666614000002}, {"l": "Beans", "v": 0.43818006339098448}, {"l": "Onions", "v": 0.47941666574999997}, {"l": "Pulses, Other", "v": 0.019176666630000002}]}, {"source": 2, "prod": 25208.0, "target": 20, "value": 95.30792813178752, "supply": [{"l": "Maize", "v": 58.882715399408546}, {"l": "Rye", "v": 0.76357999854000014}, {"l": "Barley", "v": 5.9552266552800006}, {"l": "Rice", "v": 0.26847333282000002}, {"l": "Cereals, Other", "v": 0.17781999966000001}, {"l": "Wheat", "v": 28.221079946040003}, {"l": "Oats", "v": 0.55129814116713394}, {"l": "Sorghum", "v": 0.17433333300000001}, {"l": "Millet", "v": 0.080193333179999993}]}, {"source": 3, "prod": 535.5, "target": 20, "value": 1.8671099964300002, "supply": [{"l": "Sunflower seed", "v": 1.4609133305399999}, {"l": "Oilcrops, Other", "v": 0.10285666647000002}, {"l": "Soyabeans", "v": 0.1220333331}, {"l": "Groundnuts", "v": 0.0017433333300000001}, {"l": "Rape and Mustardseed", "v": 0.17956333299000002}]}, {"source": 21, "prod": 0, "target": 2, "value": 0.0020680090241159245, "supply": "[{\"l\":'Energy for power irrigation',\"v\":0.0020680090241159245}]"}, {"source": 21, "prod": 0, "target": 3, "value": 8.7862490670745605e-05, "supply": "[{\"l\":'Energy for power irrigation',\"v\":8.7862490670745605e-05}]"}, {"source": 21, "prod": 0, "target": 13, "value": 0.00064432493158546778, "supply": "[{\"l\":'Energy for power irrigation',\"v\":0.00064432493158546778}]"}, {"source": 21, "prod": 0, "target": 5, "value": 0.00024964104492164224, "supply": "[{\"l\":'Energy for power irrigation',\"v\":0.00024964104492164224}]"}, {"source": 21, "prod": 0, "target": 6, "value": 0.00072455790625959398, "supply": "[{\"l\":'Energy for power irrigation',\"v\":0.00072455790625959398}]"}, {"source": 21, "prod": 0, "target": 10, "value": 2.6826362697790676e-05, "supply": "[{\"l\":'Energy for power irrigation',\"v\":2.6826362697790676e-05}]"}, {"source": 21, "prod": 0, "target": 12, "value": 1.4510000011608, "supply": "[{\"l\":'Electricity',\"v\":1.4510000011608}]"}, {"source": 22, "prod": 0, "target": 21, "value": 3.5920763651895014, "supply": [{"l": "Coal", "v": 1.8366039903228295}, {"l": "Natural gas", "v": 0.99131770373347539}, {"l": "Oil", "v": 0.76415467113319613}]}, {"source": 23, "prod": 0, "target": 21, "value": 0.0086627096760256792, "supply": [{"l": "Nuclear", "v": 0.0}, {"l": "Hydroelectric", "v": 0.0086627096760256792}, {"l": "Renewable", "v": 0.0}]}, {"source": 22, "prod": 0, "target": 2, "value": 6.0942177940036624, "supply": [{"l": "Motor Gasoline", "v": 0.035705011439024853}, {"l": "Gas-Diesel oil", "v": 5.2505710388155178}, {"l": "Natural gas (including LNG)", "v": 0.49824812096980087}, {"l": "Fuel oil", "v": 0.28694981258642949}, {"l": "Liquefied petroleum gas (LPG)", "v": 0.0071480546320508292}, {"l": "Coal", "v": 0.015595755560838174}]}, {"source": 22, "prod": 0, "target": 3, "value": 0.25892205876618224, "supply": [{"l": "Motor Gasoline", "v": 0.0015169814047602196}, {"l": "Gas-Diesel oil", "v": 0.2230784505939154}, {"l": "Natural gas (including LNG)", "v": 0.021168824879350078}, {"l": "Fuel oil", "v": 0.012191496718504681}, {"l": "Liquefied petroleum gas (LPG)", "v": 0.00030369591046201355}, {"l": "Coal", "v": 0.00066260925918984785}]}, {"source": 22, "prod": 0, "target": 13, "value": 1.8987617642853365, "supply": [{"l": "Motor Gasoline", "v": 0.011124530301574944}, {"l": "Gas-Diesel oil", "v": 1.6359086376887129}, {"l": "Natural gas (including LNG)", "v": 0.15523804911523389}, {"l": "Fuel oil", "v": 0.089404309269034324}, {"l": "Liquefied petroleum gas (LPG)", "v": 0.0022271033433880994}, {"l": "Coal", "v": 0.0048591345673922176}]}, {"source": 22, "prod": 0, "target": 5, "value": 0.73566743681185121, "supply": [{"l": "Motor Gasoline", "v": 0.00431015351511237}, {"l": "Gas-Diesel oil", "v": 0.63382607390969614}, {"l": "Natural gas (including LNG)", "v": 0.060146343704820061}, {"l": "Fuel oil", "v": 0.034639331946227585}, {"l": "Liquefied petroleum gas (LPG)", "v": 0.00086288203131270518}, {"l": "Coal", "v": 0.0018826517046822658}]}, {"source": 22, "prod": 0, "target": 6, "value": 2.1352003949793854, "supply": [{"l": "Motor Gasoline", "v": 0.012509785029731334}, {"l": "Gas-Diesel oil", "v": 1.8396161303879186}, {"l": "Natural gas (including LNG)", "v": 0.17456868471934628}, {"l": "Fuel oil", "v": 0.10053716061422346}, {"l": "Liquefied petroleum gas (LPG)", "v": 0.0025044279002805823}, {"l": "Coal", "v": 0.0054642063278849068}]}, {"source": 22, "prod": 0, "target": 10, "value": 0.079054634189114473, "supply": [{"l": "Motor Gasoline", "v": 0.00046316799192959088}, {"l": "Gas-Diesel oil", "v": 0.068110787436237483}, {"l": "Natural gas (including LNG)", "v": 0.0064633106774486231}, {"l": "Fuel oil", "v": 0.0037223337319804207}, {"l": "Liquefied petroleum gas (LPG)", "v": 9.2725081905768847e-05}, {"l": "Coal", "v": 0.00020230926961258659}]}, {"source": 24, "prod": 817.06997509442112, "target": 2, "value": 7.375383606004859, "supply": [{"l": "Potash", "v": 1.2855364538062068}, {"l": "Phosphate", "v": 1.8109973347821311}, {"l": "Nitrogen", "v": 10.460210077812611}]}, {"source": 24, "prod": 34.714453480090647, "target": 3, "value": 0.31335432569149491, "supply": [{"l": "Potash", "v": 1.2855364538062068}, {"l": "Phosphate", "v": 1.8109973347821311}, {"l": "Nitrogen", "v": 10.460210077812611}]}, {"source": 24, "prod": 254.57265885399806, "target": 13, "value": 2.2979317217376294, "supply": [{"l": "Potash", "v": 1.2855364538062068}, {"l": "Phosphate", "v": 1.8109973347821311}, {"l": "Nitrogen", "v": 10.460210077812611}]}, {"source": 24, "prod": 98.633129729146432, "target": 5, "value": 0.89032419521869188, "supply": [{"l": "Potash", "v": 1.2855364538062068}, {"l": "Phosphate", "v": 1.8109973347821311}, {"l": "Nitrogen", "v": 10.460210077812611}]}, {"source": 24, "prod": 286.27269200388474, "target": 6, "value": 2.5840760079433083, "supply": [{"l": "Potash", "v": 1.2855364538062068}, {"l": "Phosphate", "v": 1.8109973347821311}, {"l": "Nitrogen", "v": 10.460210077812611}]}, {"source": 24, "prod": 10.599090838459048, "target": 10, "value": 0.095674009804966237, "supply": [{"l": "Potash", "v": 1.2855364538062068}, {"l": "Phosphate", "v": 1.8109973347821311}, {"l": "Nitrogen", "v": 10.460210077812611}]}, {"source": 22, "prod": 0, "target": 24, "value": 17.228513724520607, "supply": [{"l": "Natural gas (including LNG)", "v": 11.344301959868183}, {"l": "Fuel oil", "v": 4.0351480187787523}, {"l": "Liquefied petroleum gas (LPG)", "v": 0.92453187293683592}, {"l": "Coal", "v": 0.92453187293683592}]}, {"source": 25, "prod": 0, "target": 2, "value": 0.44274421398697045, "supply": "[{\"l\":'Labor',\"v\":0.44274421398697045}]"}, {"source": 25, "prod": 0, "target": 3, "value": 0.018810657457158257, "supply": "[{\"l\":'Labor',\"v\":0.018810657457158257}]"}, {"source": 25, "prod": 0, "target": 13, "value": 0.13794482135249389, "supply": "[{\"l\":'Labor',\"v\":0.13794482135249389}]"}, {"source": 25, "prod": 0, "target": 5, "value": 0.053446153727481391, "supply": "[{\"l\":'Labor',\"v\":0.053446153727481391}]"}, {"source": 25, "prod": 0, "target": 6, "value": 0.15512206037499693, "supply": "[{\"l\":'Labor',\"v\":0.15512206037499693}]"}, {"source": 25, "prod": 0, "target": 10, "value": 0.0057433099799166663, "supply": "[{\"l\":'Labor',\"v\":0.0057433099799166663}]"}, {"source": 22, "prod": 0, "target": 16, "value": 32.526171478943454, "supply": "[{\"l\":'Fossil Fuels',\"v\":32.526171478943454}]"}, {"source": 23, "prod": 0, "target": 16, "value": 0.66957174093763028, "supply": "[{\"l\":'Renewables & Nuclear',\"v\":0.015043405902406272},{\"l\":'Biomass & Waste',\"v\":0.65452833503522401}]"}]}