{"nodes": [{"layer": 3, "name": "Cereals", "fill": "#e7ba52"}, {"layer": 5, "name": "Production", "fill": "#b5cf6b"}, {"layer": 3, "name": "Oilcrops", "fill": "#ff9896"}, {"layer": 3, "name": "Fruits, Roots & Vegetables", "fill": "#98df8a"}, {"layer": 3, "name": "Sugar Crops", "fill": "#ffbb78"}, {"layer": 1, "name": "Electricity", "fill": "#bcbd22"}, {"layer": 0, "name": "Fossil Fuels", "fill": "#c49c94"}, {"layer": 0, "name": "Renewables & Nuclear", "fill": "#2ca02c"}, {"layer": 1, "name": "Fertilizers", "fill": "#c5b0d5"}, {"layer": 0, "name": "Labor", "fill": "#7f7f7f"}], "links": [{"source": 0, "prod": 12451.0, "target": 1, "value": 42.123143830132548, "supply": [{"l": "Maize", "v": 21.857230180523644}, {"l": "Rye", "v": 0.49332239047088627}, {"l": "Barley", "v": 3.81626997603645}, {"l": "Rice", "v": 0.1532347476744878}, {"l": "Cereals, Other", "v": 0.086995767343672203}, {"l": "Wheat", "v": 15.450701198065424}, {"l": "Oats", "v": 0.22551650998546877}, {"l": "Sorghum", "v": 0.018124118196598375}, {"l": "Millet", "v": 0.021748941835918051}]}, {"source": 2, "prod": 209.0, "target": 1, "value": 1.1145402947987726, "supply": [{"l": "Sunflower seed", "v": 0.66233430969849882}, {"l": "Oilcrops, Other", "v": 0.10188039980520001}, {"l": "Soyabeans", "v": 0.10400290813447502}, {"l": "Rape and Mustardseed", "v": 0.24632267716059872}]}, {"source": 3, "prod": 6079.0, "target": 1, "value": 4.101314627418942, "supply": [{"l": "Roots, Other", "v": 0.0031222792551551639}, {"l": "Nuts", "v": 0.094247158841201842}, {"l": "Tomatoes", "v": 0.10798631957327955}, {"l": "Treenuts", "v": 0.093816806517726031}, {"l": "Vegetables, Other", "v": 0.37487892785464288}, {"l": "Peas", "v": 0.50627749437884395}, {"l": "Grapes", "v": 0.55185216561149997}, {"l": "Pimento", "v": 0.02158483046720339}, {"l": "Potatoes", "v": 1.3425800797167202}, {"l": "Beans", "v": 0.052131783526052633}, {"l": "Apples", "v": 0.4674065257415444}, {"l": "Fruits, Other", "v": 0.35611983243275636}, {"l": "Onions", "v": 0.086860256916815329}, {"l": "Pulses, Other", "v": 0.0424501665855}]}, {"source": 4, "prod": 3708.0, "target": 1, "value": 4.3095199917600002, "supply": [{"l": "Sugar beet", "v": 4.3095199917600002}]}, {"source": 5, "prod": 0, "target": 3, "value": 0.00068940191472034848, "supply": "[{\"l\":'Energy for power irrigation',\"v\":0.00068940191472034848}]"}, {"source": 5, "prod": 0, "target": 4, "value": 0.00041045316309939816, "supply": "[{\"l\":'Energy for power irrigation',\"v\":0.00041045316309939816}]"}, {"source": 5, "prod": 0, "target": 0, "value": 0.0014232474499866539, "supply": "[{\"l\":'Energy for power irrigation',\"v\":0.0014232474499866539}]"}, {"source": 5, "prod": 0, "target": 2, "value": 2.4740097614000945e-05, "supply": "[{\"l\":'Energy for power irrigation',\"v\":2.4740097614000945e-05}]"}, {"source": 6, "prod": 0, "target": 5, "value": 0.0064526309016828464, "supply": [{"l": "Coal", "v": 0.0040687575485330281}, {"l": "Natural gas", "v": 0.00094896149932018861}, {"l": "Oil", "v": 0.0014349118538296299}]}, {"source": 7, "prod": 0, "target": 5, "value": 1.0870437327313795e-05, "supply": [{"l": "Nuclear", "v": 0.0}, {"l": "Hydroelectric", "v": 1.0870437327313795e-05}, {"l": "Renewable", "v": 0.0}]}, {"source": 6, "prod": 0, "target": 3, "value": 2.2990477636384883, "supply": [{"l": "Motor Gasoline", "v": 0.017758236679859509}, {"l": "Gas-Diesel oil", "v": 2.0458300403037364}, {"l": "Natural gas (including LNG)", "v": 0.12394186915246193}, {"l": "Fuel oil", "v": 0.10020576103945557}, {"l": "Liquefied petroleum gas (LPG)", "v": 0.0035551548883635221}, {"l": "Coal", "v": 0.0077567015746113225}]}, {"source": 6, "prod": 0, "target": 4, "value": 1.3687972234379437, "supply": [{"l": "Motor Gasoline", "v": 0.010572822994367221}, {"l": "Gas-Diesel oil", "v": 1.218037538446733}, {"l": "Natural gas (including LNG)", "v": 0.073791979900020677}, {"l": "Fuel oil", "v": 0.05966007738187238}, {"l": "Liquefied petroleum gas (LPG)", "v": 0.0021166529104129635}, {"l": "Coal", "v": 0.004618151804537376}]}, {"source": 6, "prod": 0, "target": 0, "value": 4.7463080637414681, "supply": [{"l": "Motor Gasoline", "v": 0.036661292246514716}, {"l": "Gas-Diesel oil", "v": 4.2235484494549276}, {"l": "Natural gas (including LNG)", "v": 0.25587388931081873}, {"l": "Fuel oil", "v": 0.20687147921721258}, {"l": "Liquefied petroleum gas (LPG)", "v": 0.0073394996751981346}, {"l": "Coal", "v": 0.016013453836795935}]}, {"source": 6, "prod": 0, "target": 2, "value": 0.082504363386833993, "supply": [{"l": "Motor Gasoline", "v": 0.00063727776139187544}, {"l": "Gas-Diesel oil", "v": 0.073417311176603245}, {"l": "Natural gas (including LNG)", "v": 0.0044478175586986574}, {"l": "Fuel oil", "v": 0.0035960159910594603}, {"l": "Liquefied petroleum gas (LPG)", "v": 0.00012758142542537688}, {"l": "Coal", "v": 0.0002783594736553678}]}, {"source": 8, "prod": 361.56276943128995, "target": 3, "value": 3.4423833775030048, "supply": [{"l": "Potash", "v": 1.0850864925347359}, {"l": "Phosphate", "v": 1.5222425428844606}, {"l": "Nitrogen", "v": 10.114786924758494}]}, {"source": 8, "prod": 215.26569509492984, "target": 4, "value": 2.0495114906520779, "supply": [{"l": "Potash", "v": 1.0850864925347359}, {"l": "Phosphate", "v": 1.5222425428844606}, {"l": "Nitrogen", "v": 10.114786924758494}]}, {"source": 8, "prod": 746.43437828561503, "target": 0, "value": 7.1066866211054727, "supply": [{"l": "Potash", "v": 1.0850864925347359}, {"l": "Phosphate", "v": 1.5222425428844606}, {"l": "Nitrogen", "v": 10.114786924758494}]}, {"source": 8, "prod": 12.975157188165271, "target": 2, "value": 0.12353447091713578, "supply": [{"l": "Potash", "v": 1.0850864925347359}, {"l": "Phosphate", "v": 1.5222425428844606}, {"l": "Nitrogen", "v": 10.114786924758494}]}, {"source": 6, "prod": 0, "target": 8, "value": 16.049983487486678, "supply": [{"l": "Natural gas (including LNG)", "v": 10.600260439963076}, {"l": "Fuel oil", "v": 3.6617201622393853}, {"l": "Liquefied petroleum gas (LPG)", "v": 0.8940014426421079}, {"l": "Coal", "v": 0.8940014426421079}]}, {"source": 9, "prod": 0, "target": 3, "value": 0.22202733666955304, "supply": "[{\"l\":'Labor',\"v\":0.22202733666955304}]"}, {"source": 9, "prod": 0, "target": 4, "value": 0.13218968599401132, "supply": "[{\"l\":'Labor',\"v\":0.13218968599401132}]"}, {"source": 9, "prod": 0, "target": 0, "value": 0.45836809268284817, "supply": "[{\"l\":'Labor',\"v\":0.45836809268284817}]"}, {"source": 9, "prod": 0, "target": 2, "value": 0.0079677440182474475, "supply": "[{\"l\":'Labor',\"v\":0.0079677440182474475}]"}]}