{"nodes": [{"layer": 13, "name": "Milk - Excluding Butter"}, {"layer": 10, "name": "Feed", "fill": "#dbdb8d"}, {"layer": 5, "name": "Cereals - Excluding Beer"}, {"layer": 13, "name": "Fish, Seafood"}, {"layer": 13, "name": "Animal Fats"}, {"layer": 16, "name": "Food", "fill": "#b5cf6b"}, {"layer": 13, "name": "Meat"}, {"layer": 13, "name": "Eggs"}, {"layer": 13, "name": "Alcoholic Beverages"}, {"layer": 5, "name": "Starchy Roots"}, {"layer": 13, "name": "Sugar & Sweeteners"}, {"layer": 5, "name": "Fruits - Excluding Wine"}, {"layer": 13, "name": "Vegetable Oils", "fill": "#f7b6d2"}, {"layer": 5, "name": "Stimulants"}, {"layer": 5, "name": "Vegetables"}, {"layer": 10, "name": "Processing", "fill": "#9edae5"}, {"layer": 16, "name": "Biofuels & Other", "fill": "#e7ba52"}, {"layer": 13, "name": "Aquatic Products, Other"}, {"layer": 2, "name": "Import", "fill": "#aec7e8"}, {"layer": 16, "name": "Export", "fill": "#aec7e8"}, {"layer": 16, "name": "Stock Deposit", "fill": "#c7c7c7"}, {"layer": 0, "name": "Stock Draw", "fill": "#c7c7c7"}, {"layer": 2, "name": "Electricity", "fill": "#bcbd22"}, {"layer": 0, "name": "Fossil Fuels", "fill": "#c49c94"}, {"layer": 0, "name": "Renewables & Nuclear", "fill": "#2ca02c"}, {"layer": 2, "name": "Fertilizers", "fill": "#c5b0d5"}, {"layer": 0, "name": "Labor", "fill": "#7f7f7f"}], "links": [{"source": 0, "prod": 21.0, "target": 1, "value": 0.014719300096276047, "supply": [{"l": "Milk - Excluding Butter", "v": 0.014719300096276047}]}, {"source": 2, "prod": 22.0, "target": 1, "value": 0.069809085058613607, "supply": [{"l": "Maize", "v": 0.054262049525707561}, {"l": "Barley", "v": 0.01554703553290605}]}, {"source": 3, "prod": 4.0, "target": 1, "value": 0.0026363157449993155, "supply": [{"l": "Marine Fish, Other", "v": 0.0015041397609035433}, {"l": "Fish, Seafood", "v": 0.0011321759840957721}]}, {"source": 4, "prod": 1.0, "target": 1, "value": 0.0079594062347812505, "supply": [{"l": "Fish, Body Oil", "v": 0.0079594062347812505}]}, {"source": 0, "prod": 76.0, "target": 5, "value": 0.05326984796747522, "supply": [{"l": "Milk - Excluding Butter", "v": 0.05326984796747522}]}, {"source": 6, "prod": 15.0, "target": 5, "value": 0.035395212346738793, "supply": [{"l": "Meat, Other", "v": 0.0011390921266234348}, {"l": "Mutton & Goat Meat", "v": 0.02720610879843845}, {"l": "Bovine Meat", "v": 0.0044273179874447857}, {"l": "Offals, Edible", "v": 0.0026226934342321274}]}, {"source": 7, "prod": 1.0, "target": 5, "value": 0.0016120316424873419, "supply": [{"l": "Eggs", "v": 0.0016120316424873419}]}, {"source": 8, "prod": 4.0, "target": 5, "value": 0.0050882188536259289, "supply": [{"l": "Beer", "v": 0.0017006743879501179}, {"l": "Beverages, Alcoholic", "v": 0.003387544465675811}]}, {"source": 4, "prod": 2.0, "target": 5, "value": 0.010644314903078562, "supply": [{"l": "Butter, Ghee", "v": 0.0083665010862956357}, {"l": "Cream", "v": 0.0022778138167829269}]}, {"source": 9, "prod": 12.0, "target": 5, "value": 0.00937446991306474, "supply": [{"l": "Potatoes", "v": 0.00937446991306474}]}, {"source": 2, "prod": 16.0, "target": 5, "value": 0.048437585859852916, "supply": [{"l": "Oats", "v": 0.0025150008928572715}, {"l": "Rye", "v": 0.006739351264486315}, {"l": "Wheat", "v": 0.039183233702509326}]}, {"source": 3, "prod": 26.0, "target": 5, "value": 0.014569689305573891, "supply": [{"l": "Fish, Seafood", "v": 0.0073591438966225187}, {"l": "Pelagic Fish", "v": 0.0026618001255440888}, {"l": "Demersal Fish", "v": 0.0037966754029555116}, {"l": "Marine Fish, Other", "v": 0.00075206988045177167}]}, {"source": 10, "prod": 13.0, "target": 5, "value": 0.046696281850845699, "supply": [{"l": "Sugar", "v": 0.044295826002260875}, {"l": "Sweeteners, Other", "v": 0.0024004558485848219}]}, {"source": 11, "prod": 9.0, "target": 5, "value": 0.0049120411970673423, "supply": [{"l": "Oranges, Mandarines", "v": 0.00081634935741346152}, {"l": "Fruits, Other", "v": 0.001419987966768486}, {"l": "Apples", "v": 0.0011205120113939085}, {"l": "Bananas", "v": 0.00072283565393266259}, {"l": "Grapes", "v": 0.00083235620755882356}]}, {"source": 12, "prod": 1.0, "target": 5, "value": 0.010295749358423509, "supply": [{"l": "Coconut Oil", "v": 0.010295749358423509}]}, {"source": 13, "prod": 2.0, "target": 5, "value": 0.0010176409797893835, "supply": [{"l": "Coffee", "v": 0.0010176409797893835}]}, {"source": 14, "prod": 2.0, "target": 5, "value": 0.00064501677622792015, "supply": [{"l": "Vegetables, Other", "v": 0.00064501677622792015}]}, {"source": 9, "prod": 3.0, "target": 15, "value": 0.002343617478266185, "supply": [{"l": "Potatoes", "v": 0.002343617478266185}]}, {"source": 2, "prod": 2.0, "target": 15, "value": 0.0063837705324361841, "supply": [{"l": "Maize", "v": 0.0063837705324361841}]}, {"source": 0, "prod": 6.0, "target": 16, "value": 0.0042055143132217268, "supply": [{"l": "Milk - Excluding Butter", "v": 0.0042055143132217268}]}, {"source": 17, "prod": 36.0, "target": 16, "value": 0.02707451569626378, "supply": [{"l": "Aquatic Plants", "v": 0.01353725784813189}, {"l": "Aquatic Products, Other", "v": 0.01353725784813189}]}, {"source": 3, "prod": 6.0, "target": 16, "value": 0.0029638224437954956, "supply": [{"l": "Fish, Seafood", "v": 0.0016982639761436583}, {"l": "Demersal Fish", "v": 0.0012655584676518371}]}, {"source": 8, "prod": 1.0, "target": 16, "value": 0.003387544465675811, "supply": [{"l": "Beverages, Alcoholic", "v": 0.003387544465675811}]}, {"source": 10, "prod": 1.0, "target": 16, "value": 0.0024004558485848219, "supply": [{"l": "Sweeteners, Other", "v": 0.0024004558485848219}]}, {"source": 12, "prod": 1.0, "target": 16, "value": 0.0096477651330681823, "supply": [{"l": "Oilcrops Oil, Other", "v": 0.0096477651330681823}]}, {"source": 18, "prod": 41.0, "target": 2, "value": 0.12773984855748391, "supply": [{"l": "Maize", "v": 0.060645820058143743}, {"l": "Rye", "v": 0.006739351264486315}, {"l": "Wheat", "v": 0.039183233702509326}, {"l": "Oats", "v": 0.0025150008928572715}, {"l": "Barley", "v": 0.018656442639487261}]}, {"source": 18, "prod": 14.0, "target": 15, "value": 0.063935566125906632, "supply": [{"l": "Coconut Oil", "v": 0.010295749358423509}, {"l": "Sugar", "v": 0.040604507168739132}, {"l": "Beverages, Alcoholic", "v": 0.003387544465675811}, {"l": "Oilcrops Oil, Other", "v": 0.0096477651330681823}]}, {"source": 18, "prod": 1.0, "target": 14, "value": 0.00032250838811396007, "supply": [{"l": "Vegetables, Other", "v": 0.00032250838811396007}]}, {"source": 18, "prod": 2.0, "target": 13, "value": 0.0010176409797893835, "supply": [{"l": "Coffee", "v": 0.0010176409797893835}]}, {"source": 18, "prod": 9.0, "target": 11, "value": 0.0049120411970673423, "supply": [{"l": "Bananas", "v": 0.00072283565393266259}, {"l": "Fruits, Other", "v": 0.001419987966768486}, {"l": "Grapes", "v": 0.00083235620755882356}, {"l": "Oranges, Mandarines", "v": 0.00081634935741346152}, {"l": "Apples", "v": 0.0011205120113939085}]}, {"source": 18, "prod": 9.0, "target": 9, "value": 0.0070308524347985546, "supply": [{"l": "Potatoes", "v": 0.0070308524347985546}]}, {"source": 0, "prod": 19.0, "target": 19, "value": 0.013317461991868805, "supply": [{"l": "Milk - Excluding Butter", "v": 0.013317461991868805}]}, {"source": 6, "prod": 9.0, "target": 19, "value": 0.017652471019591512, "supply": [{"l": "Bovine Meat", "v": 0.0022136589937223929}, {"l": "Meat, Other", "v": 0.0045563685064937392}, {"l": "Mutton & Goat Meat", "v": 0.01088244351937538}]}, {"source": 3, "prod": 1946.0, "target": 19, "value": 1.275673447462756, "supply": [{"l": "Pelagic Fish", "v": 0.5971304948303906}, {"l": "Demersal Fish", "v": 0.12529028829753189}, {"l": "Fish, Seafood", "v": 0.55080361626259311}, {"l": "Crustaceans", "v": 0.0024490480722403844}]}, {"source": 4, "prod": 82.0, "target": 19, "value": 0.63227975920771873, "supply": [{"l": "Fish, Liver Oil", "v": 0.0034866666600000002}, {"l": "Fish, Body Oil", "v": 0.62879309254771876}]}, {"source": 4, "prod": 2.0, "target": 20, "value": 0.0023244444400000001, "supply": [{"l": "Fish, Liver Oil", "v": 0.0023244444400000001}]}, {"source": 21, "prod": 8.0, "target": 15, "value": 0.059407162476990488, "supply": [{"l": "Fish, Body Oil", "v": 0.055715843643468752}, {"l": "Sugar", "v": 0.0036913188335217393}]}, {"source": 9, "prod": 1.0, "target": 20, "value": 0.00078120582608872822, "supply": [{"l": "Potatoes", "v": 0.00078120582608872822}]}, {"source": 3, "prod": 24.0, "target": 20, "value": 0.010124467741214697, "supply": [{"l": "Demersal Fish", "v": 0.010124467741214697}]}, {"source": 21, "prod": 210.0, "target": 1, "value": 0.15645638815667287, "supply": [{"l": "Pelagic Fish", "v": 0.10381020489621946}, {"l": "Fish, Seafood", "v": 0.052646183260453408}]}, {"source": 1, "prod": 122.0, "target": 0, "value": 0.085512124368841813, "supply": [{"l": "Milk - Excluding Butter", "v": 0.085512124368841813}]}, {"source": 1, "prod": 1.0, "target": 7, "value": 0.0016120316424873419, "supply": [{"l": "Eggs", "v": 0.0016120316424873419}]}, {"source": 1, "prod": 24.0, "target": 6, "value": 0.053047683366330305, "supply": [{"l": "Bovine Meat", "v": 0.0066409769811671786}, {"l": "Meat, Other", "v": 0.0056954606331171744}, {"l": "Offals, Edible", "v": 0.0026226934342321274}, {"l": "Mutton & Goat Meat", "v": 0.038088552317813829}]}, {"source": 1, "prod": 2006.0, "target": 3, "value": 1.3059677426983394, "supply": [{"l": "Demersal Fish", "v": 0.14047698990935392}, {"l": "Pelagic Fish", "v": 0.59979229495593467}, {"l": "Marine Fish, Other", "v": 0.0022562096413553151}, {"l": "Fish, Seafood", "v": 0.56099320011945508}, {"l": "Crustaceans", "v": 0.0024490480722403844}]}, {"source": 1, "prod": 36.0, "target": 17, "value": 0.02707451569626378, "supply": [{"l": "Aquatic Plants", "v": 0.01353725784813189}, {"l": "Aquatic Products, Other", "v": 0.01353725784813189}]}, {"source": 15, "prod": 14.0, "target": 10, "value": 0.049096737699430522, "supply": [{"l": "Sweeteners, Other", "v": 0.0048009116971696438}, {"l": "Sugar", "v": 0.044295826002260875}]}, {"source": 15, "prod": 2.0, "target": 12, "value": 0.01994351449149169, "supply": [{"l": "Coconut Oil", "v": 0.010295749358423509}, {"l": "Oilcrops Oil, Other", "v": 0.0096477651330681823}]}, {"source": 15, "prod": 5.0, "target": 8, "value": 0.0084757633193017403, "supply": [{"l": "Beer", "v": 0.0017006743879501179}, {"l": "Beverages, Alcoholic", "v": 0.006775088931351622}]}, {"source": 15, "prod": 87.0, "target": 4, "value": 0.65320792478557854, "supply": [{"l": "Fish, Body Oil", "v": 0.63675249878249995}, {"l": "Butter, Ghee", "v": 0.0083665010862956357}, {"l": "Fish, Liver Oil", "v": 0.0058111111000000003}, {"l": "Cream", "v": 0.0022778138167829269}]}, {"source": 22, "prod": 0, "target": 15, "value": 0.024148771724615492, "supply": "[{\"l\":'Electricity',\"v\":0.024148771724615492}]"}, {"source": 23, "prod": 0, "target": 22, "value": 0.0033304925965810788, "supply": [{"l": "Coal", "v": 0.0}, {"l": "Natural gas", "v": 0.0}, {"l": "Oil", "v": 0.0033304925965810788}]}, {"source": 24, "prod": 0, "target": 22, "value": 0.022883184537914679, "supply": [{"l": "Nuclear", "v": 0.0}, {"l": "Hydroelectric", "v": 0.022883184537914679}, {"l": "Renewable", "v": 0.0}]}, {"source": 23, "prod": 0, "target": 9, "value": 0.68806397361442417, "supply": [{"l": "Gas-Diesel oil", "v": 0.58750120297120345}, {"l": "Fuel oil", "v": 0.10056277064322076}]}, {"source": 23, "prod": 0, "target": 14, "value": 0.089747474819272713, "supply": [{"l": "Gas-Diesel oil", "v": 0.076630591691896094}, {"l": "Fuel oil", "v": 0.013116883127376621}]}, {"source": 23, "prod": 0, "target": 1, "value": 2.6826871688128162, "supply": [{"l": "Gas-diesel oils used in fisheries", "v": 2.2037937980593312}, {"l": "Fuel oil used in fisheries", "v": 0.47889337075348504}]}, {"source": 25, "prod": 6.4208831168831173, "target": 9, "value": 0.073234389668977107, "supply": [{"l": "Potash", "v": 0.010704236119674498}, {"l": "Phosphate", "v": 0.024799708353173095}, {"l": "Nitrogen", "v": 0.20967205572329317}]}, {"source": 25, "prod": 0.83750649350649353, "target": 14, "value": 0.0095523116959535369, "supply": [{"l": "Potash", "v": 0.010704236119674498}, {"l": "Phosphate", "v": 0.024799708353173095}, {"l": "Nitrogen", "v": 0.20967205572329317}]}, {"source": 23, "prod": 0, "target": 25, "value": 0.29888004912279548, "supply": [{"l": "Natural gas (including LNG)", "v": 0.20091671590612384}, {"l": "Fuel oil", "v": 0.06089935516300915}, {"l": "Liquefied petroleum gas (LPG)", "v": 0.018531989026831241}, {"l": "Coal", "v": 0.018531989026831241}]}, {"source": 26, "prod": 0, "target": 9, "value": 0.0026263160236072803, "supply": "[{\"l\":'Labor',\"v\":0.0026263160236072803}]"}, {"source": 26, "prod": 0, "target": 2, "value": 0.0045675061280126611, "supply": "[{\"l\":'Labor',\"v\":0.0045675061280126611}]"}, {"source": 26, "prod": 0, "target": 13, "value": 0.00022837530640063309, "supply": "[{\"l\":'Labor',\"v\":0.00022837530640063309}]"}, {"source": 26, "prod": 0, "target": 14, "value": 0.00034256295960094962, "supply": "[{\"l\":'Labor',\"v\":0.00034256295960094962}]"}, {"source": 26, "prod": 0, "target": 11, "value": 0.0010276888788028488, "supply": "[{\"l\":'Labor',\"v\":0.0010276888788028488}]"}, {"source": 23, "prod": 0, "target": 18, "value": 0.18114944710877126, "supply": "[{\"l\":'Fossil Fuels',\"v\":0.18114944710877126}]"}, {"source": 24, "prod": 0, "target": 18, "value": 0.092322048017847019, "supply": "[{\"l\":'Renewables & Nuclear',\"v\":0.092322048017847019},{\"l\":'Biomass & Waste',\"v\":0.0}]"}]}