{"nodes": [{"name": "Balance", "fill": "#9edae5"}, {"name": "Food", "fill": "#b5cf6b"}, {"name": "Stock Deposit", "fill": "#c7c7c7"}, {"name": "Export", "fill": "#aec7e8"}, {"name": "Biofuels & Other", "fill": "#e7ba52"}, {"name": "Crop Residue", "fill": "#bd9e39"}, {"name": "Renewables & Nuclear", "fill": "#2ca02c"}, {"name": "Fossil Fuels", "fill": "#c49c94"}, {"name": "Stock Draw", "fill": "#c7c7c7"}, {"name": "Labor", "fill": "#7f7f7f"}], "links": [{"source": 0, "target": 1, "value": 0.30999920437346096}, {"source": 0, "target": 2, "value": 0.29272805072337432}, {"source": 0, "target": 3, "value": 2.1761029214179302}, {"source": 0, "target": 4, "value": 0.095894284480821476}, {"source": 0, "target": 5, "value": 0.25399262176629001}, {"source": 6, "target": 0, "value": 0.63336352015227004}, {"source": 7, "target": 0, "value": 6.3509427565885277}, {"source": 8, "target": 0, "value": 0.048489482693555956}, {"source": 9, "target": 0, "value": 0.011306268333024757}]}