{"nodes": [{"layer": 5, "name": "Maize"}, {"layer": 10, "name": "Feed", "fill": "#dbdb8d"}, {"layer": 5, "name": "Oats"}, {"layer": 13, "name": "Fish, Body Oil"}, {"layer": 13, "name": "Milk - Excluding Butter"}, {"layer": 13, "name": "Demersal Fish"}, {"layer": 5, "name": "Barley"}, {"layer": 13, "name": "Fish, Seafood"}, {"layer": 5, "name": "Rye"}, {"layer": 16, "name": "Food", "fill": "#b5cf6b"}, {"layer": 5, "name": "Fruits, Other"}, {"layer": 13, "name": "Sugar", "fill": "#d6616b"}, {"layer": 13, "name": "Beer"}, {"layer": 13, "name": "Beverages, Alcoholic"}, {"layer": 13, "name": "Butter, Ghee"}, {"layer": 5, "name": "Tomatoes"}, {"layer": 5, "name": "Coffee"}, {"layer": 5, "name": "Wheat"}, {"layer": 13, "name": "Soyabean Oil"}, {"layer": 13, "name": "Crustaceans"}, {"layer": 13, "name": "Eggs"}, {"layer": 5, "name": "Vegetables, Other"}, {"layer": 5, "name": "Grapes"}, {"layer": 13, "name": "Mutton & Goat Meat"}, {"layer": 13, "name": "Pigmeat"}, {"layer": 5, "name": "Cocoa Beans"}, {"layer": 5, "name": "Potatoes"}, {"layer": 5, "name": "Apples"}, {"layer": 13, "name": "Meat, Other"}, {"layer": 13, "name": "Wine"}, {"layer": 13, "name": "Sweeteners, Other"}, {"layer": 13, "name": "Pelagic Fish"}, {"layer": 5, "name": "Bananas"}, {"layer": 13, "name": "Bovine Meat"}, {"layer": 13, "name": "Poultry Meat"}, {"layer": 13, "name": "Offals, Edible"}, {"layer": 5, "name": "Oranges, Mandarines"}, {"layer": 5, "name": "Onions"}, {"layer": 13, "name": "Cream"}, {"layer": 10, "name": "Processing", "fill": "#9edae5"}, {"layer": 16, "name": "Biofuels & Other", "fill": "#e7ba52"}, {"layer": 13, "name": "Marine Fish, Other"}, {"layer": 13, "name": "Aquatic Plants"}, {"layer": 13, "name": "Fish, Liver Oil"}, {"layer": 13, "name": "Oilcrops Oil, Other"}, {"layer": 13, "name": "Aquatic Products, Other"}, {"name": "Seed", "fill": "#dbdb8d"}, {"layer": 0, "name": "Import", "fill": "#aec7e8"}, {"layer": 13, "name": "Fats, Animals, Raw"}, {"layer": 16, "name": "Export", "fill": "#aec7e8"}, {"layer": 13, "name": "Molluscs, Other"}, {"layer": 16, "name": "Stock Deposit", "fill": "#c7c7c7"}, {"layer": 0, "name": "Stock Draw", "fill": "#c7c7c7"}, {"layer": 0, "name": "Production", "fill": "#b5cf6b"}], "links": [{"source": 0, "prod": 0.052207387724940109, "target": 1, "value": 17.0, "supply": [{"l": "Maize", "v": 17.0}]}, {"source": 2, "prod": 0.0024298075149949494, "target": 1, "value": 1.0, "supply": [{"l": "Oats", "v": 1.0}]}, {"source": 3, "prod": 0.0081483476621436249, "target": 1, "value": 1.0, "supply": [{"l": "Fish, Body Oil", "v": 1.0}]}, {"source": 4, "prod": 0.021700742165929258, "target": 1, "value": 30.0, "supply": [{"l": "Milk - Excluding Butter", "v": 30.0}]}, {"source": 5, "prod": 0.010658089035415234, "target": 1, "value": 4.0, "supply": [{"l": "Demersal Fish", "v": 4.0}]}, {"source": 6, "prod": 0.0092282970838043505, "target": 1, "value": 5.0, "supply": [{"l": "Barley", "v": 5.0}]}, {"source": 7, "prod": 0.0056443999252050892, "target": 1, "value": 4.0, "supply": [{"l": "Fish, Seafood", "v": 4.0}]}, {"source": 8, "prod": 0.0066994524023027266, "target": 9, "value": 2.0, "supply": [{"l": "Rye", "v": 2.0}]}, {"source": 10, "prod": 0.0013377153335766808, "target": 9, "value": 3.0, "supply": [{"l": "Fruits, Other", "v": 3.0}]}, {"source": 11, "prod": 0.050405897390263209, "target": 9, "value": 12.0, "supply": [{"l": "Sugar", "v": 12.0}]}, {"source": 12, "prod": 0.00227121910393758, "target": 9, "value": 4.0, "supply": [{"l": "Beer", "v": 4.0}]}, {"source": 13, "prod": 0.003436442056921429, "target": 9, "value": 1.0, "supply": [{"l": "Beverages, Alcoholic", "v": 1.0}]}, {"source": 14, "prod": 0.016674578179011995, "target": 9, "value": 2.0, "supply": [{"l": "Butter, Ghee", "v": 2.0}]}, {"source": 15, "prod": 0.00023915586808732393, "target": 9, "value": 1.0, "supply": [{"l": "Tomatoes", "v": 1.0}]}, {"source": 16, "prod": 0.0015990197278843053, "target": 9, "value": 3.0, "supply": [{"l": "Coffee", "v": 3.0}]}, {"source": 17, "prod": 0.046065342110241263, "target": 9, "value": 15.0, "supply": [{"l": "Wheat", "v": 15.0}]}, {"source": 18, "prod": 0.010282373684043333, "target": 9, "value": 1.0, "supply": [{"l": "Soyabean Oil", "v": 1.0}]}, {"source": 19, "prod": 0.00018537190648689958, "target": 9, "value": 1.0, "supply": [{"l": "Crustaceans", "v": 1.0}]}, {"source": 20, "prod": 0.004884987947840768, "target": 9, "value": 3.0, "supply": [{"l": "Eggs", "v": 3.0}]}, {"source": 21, "prod": 0.0013101903267129632, "target": 9, "value": 4.0, "supply": [{"l": "Vegetables, Other", "v": 4.0}]}, {"source": 22, "prod": 0.00081209014337478276, "target": 9, "value": 1.0, "supply": [{"l": "Grapes", "v": 1.0}]}, {"source": 23, "prod": 0.027235087607564049, "target": 9, "value": 10.0, "supply": [{"l": "Mutton & Goat Meat", "v": 10.0}]}, {"source": 2, "prod": 0.0024298075149949494, "target": 9, "value": 1.0, "supply": [{"l": "Oats", "v": 1.0}]}, {"source": 24, "prod": 0.0043278911703221266, "target": 9, "value": 1.0, "supply": [{"l": "Pigmeat", "v": 1.0}]}, {"source": 25, "prod": 0.0056674306174358648, "target": 9, "value": 1.0, "supply": [{"l": "Cocoa Beans", "v": 1.0}]}, {"source": 26, "prod": 0.012472503771264874, "target": 9, "value": 16.0, "supply": [{"l": "Potatoes", "v": 16.0}]}, {"source": 4, "prod": 0.054975213487020794, "target": 9, "value": 76.0, "supply": [{"l": "Milk - Excluding Butter", "v": 76.0}]}, {"source": 27, "prod": 0.0011539851110621358, "target": 9, "value": 2.0, "supply": [{"l": "Apples", "v": 2.0}]}, {"source": 7, "prod": 0.026810899644724176, "target": 9, "value": 19.0, "supply": [{"l": "Fish, Seafood", "v": 19.0}]}, {"source": 28, "prod": 0.0023446312939665696, "target": 9, "value": 2.0, "supply": [{"l": "Meat, Other", "v": 2.0}]}, {"source": 29, "prod": 0.0019141984932453582, "target": 9, "value": 2.0, "supply": [{"l": "Wine", "v": 2.0}]}, {"source": 30, "prod": 0.0023305973811647059, "target": 9, "value": 1.0, "supply": [{"l": "Sweeteners, Other", "v": 1.0}]}, {"source": 31, "prod": 0.014874351928069598, "target": 9, "value": 14.0, "supply": [{"l": "Pelagic Fish", "v": 14.0}]}, {"source": 32, "prod": 0.0014077861367640307, "target": 9, "value": 2.0, "supply": [{"l": "Bananas", "v": 2.0}]}, {"source": 33, "prod": 0.0049268587125139898, "target": 9, "value": 2.0, "supply": [{"l": "Bovine Meat", "v": 2.0}]}, {"source": 34, "prod": 0.0014918588895862618, "target": 9, "value": 1.0, "supply": [{"l": "Poultry Meat", "v": 1.0}]}, {"source": 35, "prod": 0.002696834112490588, "target": 9, "value": 2.0, "supply": [{"l": "Offals, Edible", "v": 2.0}]}, {"source": 5, "prod": 0.010658089035415234, "target": 9, "value": 4.0, "supply": [{"l": "Demersal Fish", "v": 4.0}]}, {"source": 36, "prod": 0.0013139337276464286, "target": 9, "value": 5.0, "supply": [{"l": "Oranges, Mandarines", "v": 5.0}]}, {"source": 37, "prod": 0.00050940199902599998, "target": 9, "value": 1.0, "supply": [{"l": "Onions", "v": 1.0}]}, {"source": 38, "prod": 0.0022572129745291594, "target": 9, "value": 1.0, "supply": [{"l": "Cream", "v": 1.0}]}, {"source": 0, "prod": 0.012284091229397671, "target": 39, "value": 4.0, "supply": [{"l": "Maize", "v": 4.0}]}, {"source": 6, "prod": 0.0018456594167608697, "target": 39, "value": 1.0, "supply": [{"l": "Barley", "v": 1.0}]}, {"source": 26, "prod": 0.0015590629714081093, "target": 39, "value": 2.0, "supply": [{"l": "Potatoes", "v": 2.0}]}, {"source": 30, "prod": 0.0046611947623294119, "target": 40, "value": 2.0, "supply": [{"l": "Sweeteners, Other", "v": 2.0}]}, {"source": 31, "prod": 0.020186620473808738, "target": 40, "value": 19.0, "supply": [{"l": "Pelagic Fish", "v": 19.0}]}, {"source": 41, "prod": 0.00094333703523333322, "target": 40, "value": 1.0, "supply": [{"l": "Marine Fish, Other", "v": 1.0}]}, {"source": 42, "prod": 0.010624537091478283, "target": 40, "value": 10.0, "supply": [{"l": "Aquatic Plants", "v": 10.0}]}, {"source": 13, "prod": 0.003436442056921429, "target": 40, "value": 1.0, "supply": [{"l": "Beverages, Alcoholic", "v": 1.0}]}, {"source": 43, "prod": 0.020214365040714291, "target": 40, "value": 2.0, "supply": [{"l": "Fish, Liver Oil", "v": 2.0}]}, {"source": 7, "prod": 0.032455299569929263, "target": 40, "value": 23.0, "supply": [{"l": "Fish, Seafood", "v": 23.0}]}, {"source": 5, "prod": 0.0079935667765614268, "target": 40, "value": 3.0, "supply": [{"l": "Demersal Fish", "v": 3.0}]}, {"source": 44, "prod": 0.010612541646375, "target": 40, "value": 1.0, "supply": [{"l": "Oilcrops Oil, Other", "v": 1.0}]}, {"source": 45, "prod": 0.010624537091478283, "target": 40, "value": 10.0, "supply": [{"l": "Aquatic Products, Other", "v": 10.0}]}, {"source": 26, "prod": 0.00077953148570405464, "target": 46, "value": 1.0, "supply": [{"l": "Potatoes", "v": 1.0}]}, {"source": 47, "prod": 0.0062362518856324371, "target": 26, "value": 8.0, "supply": [{"l": "Potatoes", "v": 8.0}]}, {"source": 47, "prod": 0.0066994524023027266, "target": 8, "value": 2.0, "supply": [{"l": "Rye", "v": 2.0}]}, {"source": 47, "prod": 0.046065342110241263, "target": 17, "value": 15.0, "supply": [{"l": "Wheat", "v": 15.0}]}, {"source": 47, "prod": 0.0014077861367640307, "target": 32, "value": 2.0, "supply": [{"l": "Bananas", "v": 2.0}]}, {"source": 47, "prod": 0.00081209014337478276, "target": 22, "value": 1.0, "supply": [{"l": "Grapes", "v": 1.0}]}, {"source": 47, "prod": 0.011073956500565219, "target": 6, "value": 6.0, "supply": [{"l": "Barley", "v": 6.0}]}, {"source": 47, "prod": 0.080087895327769748, "target": 39, "value": 18.0, "supply": [{"l": "Soyabean Oil", "v": 1.0}, {"l": "Sugar", "v": 12.0}, {"l": "Beverages, Alcoholic", "v": 2.0}, {"l": "Oilcrops Oil, Other", "v": 1.0}, {"l": "Wine", "v": 2.0}]}, {"source": 47, "prod": 0.0011539851110621358, "target": 27, "value": 2.0, "supply": [{"l": "Apples", "v": 2.0}]}, {"source": 47, "prod": 0.0015990197278843053, "target": 16, "value": 3.0, "supply": [{"l": "Coffee", "v": 3.0}]}, {"source": 47, "prod": 0.0056674306174358648, "target": 25, "value": 1.0, "supply": [{"l": "Cocoa Beans", "v": 1.0}]}, {"source": 47, "prod": 0.0013139337276464286, "target": 36, "value": 5.0, "supply": [{"l": "Oranges, Mandarines", "v": 5.0}]}, {"source": 47, "prod": 0.06449147895433778, "target": 0, "value": 21.0, "supply": [{"l": "Maize", "v": 21.0}]}, {"source": 47, "prod": 0.0013377153335766808, "target": 10, "value": 3.0, "supply": [{"l": "Fruits, Other", "v": 3.0}]}, {"source": 47, "prod": 0.00050940199902599998, "target": 37, "value": 1.0, "supply": [{"l": "Onions", "v": 1.0}]}, {"source": 47, "prod": 0.0013101903267129632, "target": 21, "value": 4.0, "supply": [{"l": "Vegetables, Other", "v": 4.0}]}, {"source": 47, "prod": 0.0024298075149949494, "target": 2, "value": 1.0, "supply": [{"l": "Oats", "v": 1.0}]}, {"source": 48, "prod": 0.0079594062347812505, "target": 49, "value": 1.0, "supply": [{"l": "Fats, Animals, Raw", "v": 1.0}]}, {"source": 31, "prod": 0.82446407829871471, "target": 49, "value": 776.0, "supply": [{"l": "Pelagic Fish", "v": 776.0}]}, {"source": 19, "prod": 0.002224462877842795, "target": 49, "value": 12.0, "supply": [{"l": "Crustaceans", "v": 12.0}]}, {"source": 50, "prod": 0.010459999980000001, "target": 49, "value": 9.0, "supply": [{"l": "Molluscs, Other", "v": 9.0}]}, {"source": 3, "prod": 0.68446120362006457, "target": 49, "value": 84.0, "supply": [{"l": "Fish, Body Oil", "v": 84.0}]}, {"source": 4, "prod": 0.010850371082964629, "target": 49, "value": 15.0, "supply": [{"l": "Milk - Excluding Butter", "v": 15.0}]}, {"source": 5, "prod": 1.7132878124429991, "target": 49, "value": 643.0, "supply": [{"l": "Demersal Fish", "v": 643.0}]}, {"source": 43, "prod": 0.030321547561071433, "target": 49, "value": 3.0, "supply": [{"l": "Fish, Liver Oil", "v": 3.0}]}, {"source": 7, "prod": 2.0319839730738321, "target": 49, "value": 1440.0, "supply": [{"l": "Fish, Seafood", "v": 1440.0}]}, {"source": 44, "prod": 0.02122508329275, "target": 49, "value": 2.0, "supply": [{"l": "Oilcrops Oil, Other", "v": 2.0}]}, {"source": 28, "prod": 0.005861578234916425, "target": 49, "value": 5.0, "supply": [{"l": "Meat, Other", "v": 5.0}]}, {"source": 23, "prod": 0.010894035043025618, "target": 49, "value": 4.0, "supply": [{"l": "Mutton & Goat Meat", "v": 4.0}]}, {"source": 26, "prod": 0.0038976574285202732, "target": 51, "value": 5.0, "supply": [{"l": "Potatoes", "v": 5.0}]}, {"source": 52, "prod": 0.018949830735880996, "target": 39, "value": 2.0, "supply": [{"l": "Oilcrops Oil, Other", "v": 1.0}, {"l": "Butter, Ghee", "v": 1.0}]}, {"source": 31, "prod": 0.0042498148365913129, "target": 51, "value": 4.0, "supply": [{"l": "Pelagic Fish", "v": 4.0}]}, {"source": 7, "prod": 0.039510799476435626, "target": 51, "value": 28.0, "supply": [{"l": "Fish, Seafood", "v": 28.0}]}, {"source": 5, "prod": 0.063948534212491415, "target": 51, "value": 24.0, "supply": [{"l": "Demersal Fish", "v": 24.0}]}, {"source": 53, "prod": 0.00023915586808732393, "target": 15, "value": 1.0, "supply": [{"l": "Tomatoes", "v": 1.0}]}, {"source": 53, "prod": 0.00032754758167824081, "target": 21, "value": 1.0, "supply": [{"l": "Vegetables, Other", "v": 1.0}]}, {"source": 53, "prod": 0.011692972285560819, "target": 26, "value": 15.0, "supply": [{"l": "Potatoes", "v": 15.0}]}, {"source": 1, "prod": 0.0014918588895862618, "target": 34, "value": 1.0, "supply": [{"l": "Poultry Meat", "v": 1.0}]}, {"source": 1, "prod": 0.0043278911703221266, "target": 24, "value": 1.0, "supply": [{"l": "Pigmeat", "v": 1.0}]}, {"source": 1, "prod": 0.8637748655371843, "target": 31, "value": 813.0, "supply": [{"l": "Pelagic Fish", "v": 813.0}]}, {"source": 1, "prod": 0.0024098347843296945, "target": 19, "value": 13.0, "supply": [{"l": "Crustaceans", "v": 13.0}]}, {"source": 1, "prod": 0.004884987947840768, "target": 20, "value": 3.0, "supply": [{"l": "Eggs", "v": 3.0}]}, {"source": 1, "prod": 0.010459999980000001, "target": 50, "value": 9.0, "supply": [{"l": "Molluscs, Other", "v": 9.0}]}, {"source": 1, "prod": 0.010624537091478283, "target": 45, "value": 10.0, "supply": [{"l": "Aquatic Products, Other", "v": 10.0}]}, {"source": 1, "prod": 0.087526326735914678, "target": 4, "value": 121.0, "supply": [{"l": "Milk - Excluding Butter", "v": 121.0}]}, {"source": 1, "prod": 0.002696834112490588, "target": 35, "value": 2.0, "supply": [{"l": "Offals, Edible", "v": 2.0}]}, {"source": 1, "prod": 1.8065460915028824, "target": 5, "value": 678.0, "supply": [{"l": "Demersal Fish", "v": 678.0}]}, {"source": 1, "prod": 0.010624537091478283, "target": 42, "value": 10.0, "supply": [{"l": "Aquatic Plants", "v": 10.0}]}, {"source": 1, "prod": 2.1364053716901261, "target": 7, "value": 1514.0, "supply": [{"l": "Fish, Seafood", "v": 1514.0}]}, {"source": 1, "prod": 0.0049268587125139898, "target": 33, "value": 2.0, "supply": [{"l": "Bovine Meat", "v": 2.0}]}, {"source": 1, "prod": 0.00094333703523333322, "target": 41, "value": 1.0, "supply": [{"l": "Marine Fish, Other", "v": 1.0}]}, {"source": 1, "prod": 0.0082062095288829955, "target": 28, "value": 7.0, "supply": [{"l": "Meat, Other", "v": 7.0}]}, {"source": 1, "prod": 0.038129122650589667, "target": 23, "value": 14.0, "supply": [{"l": "Mutton & Goat Meat", "v": 14.0}]}, {"source": 39, "prod": 0.0079594062347812505, "target": 48, "value": 1.0, "supply": [{"l": "Fats, Animals, Raw", "v": 1.0}]}, {"source": 39, "prod": 0.0069917921434941178, "target": 30, "value": 3.0, "supply": [{"l": "Sweeteners, Other", "v": 3.0}]}, {"source": 39, "prod": 0.010282373684043333, "target": 18, "value": 1.0, "supply": [{"l": "Soyabean Oil", "v": 1.0}]}, {"source": 39, "prod": 0.69260955128220825, "target": 3, "value": 85.0, "supply": [{"l": "Fish, Body Oil", "v": 85.0}]}, {"source": 39, "prod": 0.050405897390263209, "target": 11, "value": 12.0, "supply": [{"l": "Sugar", "v": 12.0}]}, {"source": 39, "prod": 0.00227121910393758, "target": 12, "value": 4.0, "supply": [{"l": "Beer", "v": 4.0}]}, {"source": 39, "prod": 0.006872884113842858, "target": 13, "value": 2.0, "supply": [{"l": "Beverages, Alcoholic", "v": 2.0}]}, {"source": 39, "prod": 0.050535912601785721, "target": 43, "value": 5.0, "supply": [{"l": "Fish, Liver Oil", "v": 5.0}]}, {"source": 39, "prod": 0.031837624939125002, "target": 44, "value": 3.0, "supply": [{"l": "Oilcrops Oil, Other", "v": 3.0}]}, {"source": 39, "prod": 0.0022572129745291594, "target": 38, "value": 1.0, "supply": [{"l": "Cream", "v": 1.0}]}, {"source": 39, "prod": 0.016674578179011995, "target": 14, "value": 2.0, "supply": [{"l": "Butter, Ghee", "v": 2.0}]}, {"source": 39, "prod": 0.0019141984932453582, "target": 29, "value": 2.0, "supply": [{"l": "Wine", "v": 2.0}]}]}