{"nodes": [{"layer": 5, "name": "Fruits, Roots & Vegetables", "fill": "#98df8a"}, {"layer": 10, "name": "Feed", "fill": "#dbdb8d"}, {"layer": 5, "name": "Cereals", "fill": "#e7ba52"}, {"layer": 5, "name": "Oilcrops", "fill": "#ff9896"}, {"layer": 13, "name": "Other Processed", "fill": "#9c9ede"}, {"layer": 16, "name": "Food", "fill": "#b5cf6b"}, {"layer": 13, "name": "Animal Products", "fill": "#17becf"}, {"layer": 5, "name": "Sugar Crops", "fill": "#ffbb78"}, {"layer": 13, "name": "Sugar", "fill": "#d6616b"}, {"layer": 13, "name": "Aquatic Products", "fill": "#1f77b4"}, {"layer": 13, "name": "Vegetable Oils", "fill": "#f7b6d2"}, {"layer": 10, "name": "Processing", "fill": "#9edae5"}, {"layer": 16, "name": "Biofuels & Other", "fill": "#e7ba52"}, {"name": "Waste", "fill": "#c7c7c7"}, {"layer": 2, "name": "Import", "fill": "#aec7e8"}, {"layer": 16, "name": "Export", "fill": "#aec7e8"}, {"layer": 0, "name": "Stock Draw", "fill": "#c7c7c7"}, {"layer": 16, "name": "Stock Deposit", "fill": "#c7c7c7"}, {"name": "Crop Residue", "fill": "#bd9e39"}, {"layer": 2, "name": "Electricity", "fill": "#bcbd22"}, {"layer": 0, "name": "Fossil Fuels", "fill": "#c49c94"}, {"layer": 0, "name": "Renewables & Nuclear", "fill": "#2ca02c"}, {"layer": 2, "name": "Fertilizers", "fill": "#c5b0d5"}, {"layer": 0, "name": "Labor", "fill": "#7f7f7f"}], "links": [{"source": 0, "prod": 214.0, "target": 1, "value": 0.23080285665144029, "supply": [{"l": "Sweet potatoes", "v": 0.0033461491435247291}, {"l": "Roots, Other", "v": 0.14445424296858408}, {"l": "Cassava", "v": 0.083002464539331453}]}, {"source": 2, "prod": 16.0, "target": 1, "value": 0.059163995241114986, "supply": [{"l": "Maize", "v": 0.059163995241114986}]}, {"source": 3, "prod": 2.0, "target": 1, "value": 0.0093214015647685479, "supply": [{"l": "Oilcrops, Other", "v": 0.0093214015647685479}]}, {"source": 4, "prod": 324.0, "target": 5, "value": 0.17160111676415771, "supply": [{"l": "Beer", "v": 0.037474612176408836}, {"l": "Beverages, Alcoholic", "v": 0.003859106053227273}, {"l": "Fats, Animals, Raw", "v": 0.0094333703523333343}, {"l": "Wine", "v": 0.011415170846521008}, {"l": "Beverages, Fermented", "v": 0.10941885733566727}]}, {"source": 6, "prod": 192.0, "target": 5, "value": 0.25167035243466973, "supply": [{"l": "Pigmeat", "v": 0.019048151672980768}, {"l": "Meat, Other", "v": 0.034890547878493161}, {"l": "Poultry Meat", "v": 0.011415170846521008}, {"l": "Eggs", "v": 0.0079594062347812505}, {"l": "Milk - Excluding Butter", "v": 0.066118769625270885}, {"l": "Mutton & Goat Meat", "v": 0.02491640212627174}, {"l": "Bovine Meat", "v": 0.075809994467842423}, {"l": "Offals, Edible", "v": 0.011511909582508474}]}, {"source": 2, "prod": 695.0, "target": 5, "value": 2.5299512585511024, "supply": [{"l": "Maize", "v": 1.2942123958993901}, {"l": "Rice", "v": 0.073041784610678145}, {"l": "Wheat", "v": 0.16237188718953749}, {"l": "Sorghum", "v": 0.64209295172163838}, {"l": "Millet", "v": 0.3582322391298583}]}, {"source": 3, "prod": 101.0, "target": 5, "value": 0.57491460243762915, "supply": [{"l": "Sesame seed", "v": 0.024648483823838711}, {"l": "Oilcrops, Other", "v": 0.1071961179948383}, {"l": "Groundnuts", "v": 0.44074555617895206}, {"l": "Palm kernels", "v": 0.0023244444400000001}]}, {"source": 0, "prod": 2180.0, "target": 5, "value": 2.3124230016722036, "supply": [{"l": "Roots, Other", "v": 0.39081798611363494}, {"l": "Plantains", "v": 0.43062891987074692}, {"l": "Nuts", "v": 0.064130723768652365}, {"l": "Yams", "v": 0.15537147466498635}, {"l": "Tomatoes", "v": 0.014362838318402259}, {"l": "Coffee", "v": 0.0031837624939125004}, {"l": "Treenuts", "v": 0.063315502703796614}, {"l": "Vegetables, Other", "v": 0.06030420723763677}, {"l": "Pimento", "v": 0.033353702317178574}, {"l": "Cocoa Beans", "v": 0.0053062708231875}, {"l": "Potatoes", "v": 0.01114852859821212}, {"l": "Beans", "v": 0.12534641463872961}, {"l": "Pulses, Other", "v": 0.042735067032382557}, {"l": "Pineapples", "v": 0.0013476243360476192}, {"l": "Bananas", "v": 0.089229207606574226}, {"l": "Fruits, Other", "v": 0.046165006991877651}, {"l": "Sweet potatoes", "v": 0.14611517926724651}, {"l": "Onions", "v": 0.002572737368818182}, {"l": "Cassava", "v": 0.62698784752018066}]}, {"source": 7, "prod": 56.0, "target": 5, "value": 0.017288795118458183, "supply": [{"l": "Sugar cane", "v": 0.017288795118458183}]}, {"source": 8, "prod": 28.0, "target": 5, "value": 0.1146739210846868, "supply": [{"l": "Sugar", "v": 0.10232478171435952}, {"l": "Sweeteners, Other", "v": 0.003859106053227273}, {"l": "Honey", "v": 0.0084900333171}]}, {"source": 9, "prod": 156.0, "target": 5, "value": 0.12116176456014448, "supply": [{"l": "Marine Fish, Other", "v": 0.003144456784111111}, {"l": "Freshwater Fish", "v": 0.023135857214481758}, {"l": "Pelagic Fish", "v": 0.023202575524993784}, {"l": "Fish, Seafood", "v": 0.060358830613757818}, {"l": "Demersal Fish", "v": 0.011320044422799999}]}, {"source": 10, "prod": 24.0, "target": 5, "value": 0.24375973080428073, "supply": [{"l": "Groundnut Oil", "v": 0.081392054940793393}, {"l": "Palm Oil", "v": 0.13221458134442188}, {"l": "Oilcrops Oil, Other", "v": 0.0094333703523333343}, {"l": "Cottonseed Oil", "v": 0.010107182520357146}, {"l": "Palmkernel Oil", "v": 0.010612541646375}]}, {"source": 0, "prod": 209.0, "target": 11, "value": 0.21583080156591389, "supply": [{"l": "Plantains", "v": 0.21583080156591389}]}, {"source": 7, "prod": 107.0, "target": 11, "value": 0.03303394781562545, "supply": [{"l": "Sugar cane", "v": 0.03303394781562545}]}, {"source": 10, "prod": 1.0, "target": 11, "value": 0.0094333703523333343, "supply": [{"l": "Oilcrops Oil, Other", "v": 0.0094333703523333343}]}, {"source": 2, "prod": 48.0, "target": 11, "value": 0.16312738367922872, "supply": [{"l": "Barley", "v": 0.044684385879473688}, {"l": "Millet", "v": 0.0036554310115291667}, {"l": "Sorghum", "v": 0.11478756678822587}]}, {"source": 3, "prod": 349.45833333333331, "target": 11, "value": 1.5200468167834897, "supply": [{"l": "Groundnuts", "v": 0.12855078721886101}, {"l": "Cottonseed", "v": 0.048971728464327999}, {"l": "Coconuts - Incl Copra", "v": 0.012242932116082}, {"l": "Palm kernels", "v": 0.0081355555400000005}, {"l": "Oil Palm", "v": 1.3221458134442188}]}, {"source": 4, "prod": 11.0, "target": 12, "value": 0.032056981695134497, "supply": [{"l": "Beverages, Fermented", "v": 0.0037568706381344978}, {"l": "Fats, Animals, Raw", "v": 0.028300111057000001}]}, {"source": 10, "prod": 45.0, "target": 12, "value": 0.45663408361763541, "supply": [{"l": "Palm Oil", "v": 0.42715480126659378}, {"l": "Palmkernel Oil", "v": 0.010612541646375}, {"l": "Oilcrops Oil, Other", "v": 0.018866740704666669}]}, {"source": 3, "prod": 2.0, "target": 12, "value": 0.012242932116082, "supply": [{"l": "Cottonseed", "v": 0.012242932116082}]}, {"source": 0, "prod": 62.0, "target": 0, "value": 0.088528738438023738, "supply": [{"l": "Potatoes", "v": 0.0085757912293939389}, {"l": "Yams", "v": 0.052176987760629741}, {"l": "Beans", "v": 0.023502452744761804}, {"l": "Pulses, Other", "v": 0.0042735067032382548}]}, {"source": 7, "prod": 8.0, "target": 7, "value": 0.0024698278740654545, "supply": [{"l": "Sugar cane", "v": 0.0024698278740654545}]}, {"source": 6, "prod": 1.0, "target": 6, "value": 0.0015918812469562502, "supply": [{"l": "Eggs", "v": 0.0015918812469562502}]}, {"source": 2, "prod": 35.0, "target": 2, "value": 0.12825953663137396, "supply": [{"l": "Maize", "v": 0.055466245538545289}, {"l": "Millet", "v": 0.018277155057645832}, {"l": "Rice", "v": 0.0042965755653340092}, {"l": "Sorghum", "v": 0.050219560469848809}]}, {"source": 3, "prod": 26.0, "target": 3, "value": 0.15185429113078239, "supply": [{"l": "Cottonseed", "v": 0.036728796348246003}, {"l": "Groundnuts", "v": 0.091821990870615003}, {"l": "Oilcrops, Other", "v": 0.023303503911921371}]}, {"source": 4, "prod": 4.0, "target": 13, "value": 0.0018784353190672489, "supply": [{"l": "Beverages, Fermented", "v": 0.0018784353190672489}]}, {"source": 6, "prod": 4.0, "target": 13, "value": 0.0037958402344652796, "supply": [{"l": "Milk - Excluding Butter", "v": 0.0022039589875090292}, {"l": "Eggs", "v": 0.0015918812469562502}]}, {"source": 2, "prod": 47.0, "target": 13, "value": 0.17271405574678167, "supply": [{"l": "Maize", "v": 0.11832799048222997}, {"l": "Rice", "v": 0.0042965755653340092}, {"l": "Sorghum", "v": 0.032284003159188522}, {"l": "Wheat", "v": 0.0031837624939125004}, {"l": "Millet", "v": 0.014621724046116667}]}, {"source": 3, "prod": 31.0, "target": 13, "value": 0.14574985616589153, "supply": [{"l": "Oilcrops, Other", "v": 0.01398210234715282}, {"l": "Sesame seed", "v": 0.0061621209559596778}, {"l": "Groundnuts", "v": 0.11630785510277901}, {"l": "Palm kernels", "v": 0.0092977777600000006}]}, {"source": 0, "prod": 383.0, "target": 13, "value": 0.42071040185530323, "supply": [{"l": "Roots, Other", "v": 0.10289891279953933}, {"l": "Cocoa Beans", "v": 0.002122508329275}, {"l": "Potatoes", "v": 0.0025727373688181816}, {"l": "Fruits, Other", "v": 0.0075018136361801194}, {"l": "Yams", "v": 0.052176987760629741}, {"l": "Plantains", "v": 0.072287828275664948}, {"l": "Beans", "v": 0.019585377287301503}, {"l": "Pulses, Other", "v": 0.0042735067032382548}, {"l": "Tomatoes", "v": 0.0015958709242669174}, {"l": "Coffee", "v": 0.0031837624939125004}, {"l": "Pineapples", "v": 0.00033690608401190479}, {"l": "Bananas", "v": 0.0091336984164209836}, {"l": "Vegetables, Other", "v": 0.00052438441076205883}, {"l": "Sweet potatoes", "v": 0.016730745717623646}, {"l": "Onions", "v": 0.0006431843422045455}, {"l": "Cassava", "v": 0.12514217730545357}]}, {"source": 7, "prod": 3.0, "target": 13, "value": 0.00092618545277454545, "supply": [{"l": "Sugar cane", "v": 0.00092618545277454545}]}, {"source": 10, "prod": 2.0, "target": 13, "value": 0.020340704822218753, "supply": [{"l": "Palm Oil", "v": 0.020340704822218753}]}, {"source": 14, "prod": 41.0, "target": 11, "value": 0.10582085299814334, "supply": [{"l": "Sweeteners, Other", "v": 0.007718212106454546}, {"l": "Fats, Animals, Raw", "v": 0.0094333703523333343}, {"l": "Sugar", "v": 0.061394869028615705}, {"l": "Beer", "v": 0.0025667542586581397}, {"l": "Beverages, Alcoholic", "v": 0.003859106053227273}, {"l": "Oilcrops Oil, Other", "v": 0.0094333703523333343}, {"l": "Wine", "v": 0.011415170846521008}]}, {"source": 14, "prod": 110.0, "target": 2, "value": 0.37009395980384774, "supply": [{"l": "Maize", "v": 0.0036977497025696866}, {"l": "Wheat", "v": 0.16873941217736252}, {"l": "Barley", "v": 0.053621263055368427}, {"l": "Millet", "v": 0.10966293034587501}, {"l": "Rice", "v": 0.034372604522672073}]}, {"source": 14, "prod": 56.0, "target": 1, "value": 0.041698926761287246, "supply": [{"l": "Pelagic Fish", "v": 0.0031639875715900622}, {"l": "Fish, Seafood", "v": 0.0092859739405781253}, {"l": "Milk - Excluding Butter", "v": 0.022774242870926636}, {"l": "Bovine Meat", "v": 0.0022297057196424244}, {"l": "Demersal Fish", "v": 0.0042450166585499991}]}, {"source": 14, "prod": 6.0, "target": 0, "value": 0.0028644026686854987, "supply": [{"l": "Potatoes", "v": 0.00085757912293939393}, {"l": "Vegetables, Other", "v": 0.00078657661614308814}, {"l": "Fruits, Other", "v": 0.00057706258739847072}, {"l": "Onions", "v": 0.0006431843422045455}]}, {"source": 4, "prod": 2.0, "target": 15, "value": 0.0010267017034632558, "supply": [{"l": "Beer", "v": 0.0010267017034632558}]}, {"source": 6, "prod": 2.0, "target": 15, "value": 0.0044594114392848489, "supply": [{"l": "Bovine Meat", "v": 0.0044594114392848489}]}, {"source": 3, "prod": 46.0, "target": 15, "value": 0.16752483039494301, "supply": [{"l": "Cottonseed", "v": 0.055093194522369007}, {"l": "Groundnuts", "v": 0.085700524812574008}, {"l": "Palm kernels", "v": 0.026731111060000003}]}, {"source": 0, "prod": 208.0, "target": 15, "value": 0.2020834192260263, "supply": [{"l": "Coffee", "v": 0.066859012372162505}, {"l": "Pineapples", "v": 0.00033690608401190479}, {"l": "Bananas", "v": 0.035129609293926861}, {"l": "Cocoa Beans", "v": 0.098696637311287513}, {"l": "Tea", "v": 0.0010612541646375}]}, {"source": 8, "prod": 1.0, "target": 15, "value": 0.0040929912685743804, "supply": [{"l": "Sugar", "v": 0.0040929912685743804}]}, {"source": 9, "prod": 6.0, "target": 15, "value": 0.0047750012540994282, "supply": [{"l": "Freshwater Fish", "v": 0.0016525612296058399}, {"l": "Crustaceans", "v": 0.00080094653934905671}, {"l": "Fish, Seafood", "v": 0.0023214934851445313}]}, {"source": 10, "prod": 17.0, "target": 15, "value": 0.16744232375391668, "supply": [{"l": "Palm Oil", "v": 0.08136281928887501}, {"l": "Palmkernel Oil", "v": 0.010612541646375}, {"l": "Oilcrops Oil, Other", "v": 0.075466962818666675}]}, {"source": 16, "prod": 1.0, "target": 3, "value": 0.0061214660580409998, "supply": [{"l": "Groundnuts", "v": 0.0061214660580409998}]}, {"source": 2, "prod": 3.0, "target": 17, "value": 0.0089368771758947391, "supply": [{"l": "Barley", "v": 0.0089368771758947391}]}, {"source": 0, "prod": 159.0, "target": 17, "value": 0.16155525802086187, "supply": [{"l": "Coffee", "v": 0.026531354115937499}, {"l": "Cocoa Beans", "v": 0.036082641597675005}, {"l": "Roots, Other", "v": 0.098941262307249367}]}, {"source": 3, "prod": 12.0, "target": 17, "value": 0.073457592696492005, "supply": [{"l": "Cottonseed", "v": 0.073457592696492005}]}, {"source": 16, "prod": 2.0, "target": 11, "value": 0.019603722763442709, "supply": [{"l": "Palm Oil", "v": 0.010170352411109376}, {"l": "Fats, Animals, Raw", "v": 0.0094333703523333343}]}, {"source": 16, "prod": 1.0, "target": 2, "value": 0.0042965755653340092, "supply": [{"l": "Rice", "v": 0.0042965755653340092}]}, {"source": 1, "prod": 162.0, "target": 9, "value": 0.1259367658142439, "supply": [{"l": "Pelagic Fish", "v": 0.023202575524993784}, {"l": "Crustaceans", "v": 0.00080094653934905671}, {"l": "Freshwater Fish", "v": 0.0247884184440876}, {"l": "Demersal Fish", "v": 0.011320044422799999}, {"l": "Fish, Seafood", "v": 0.062680324098902354}, {"l": "Marine Fish, Other", "v": 0.003144456784111111}]}, {"source": 1, "prod": 198.0, "target": 6, "value": 0.25992560410841986, "supply": [{"l": "Milk - Excluding Butter", "v": 0.068322728612779909}, {"l": "Pigmeat", "v": 0.019048151672980768}, {"l": "Bovine Meat", "v": 0.080269405907127278}, {"l": "Eggs", "v": 0.011143168728693751}, {"l": "Poultry Meat", "v": 0.011415170846521008}, {"l": "Offals, Edible", "v": 0.011511909582508474}, {"l": "Meat, Other", "v": 0.034890547878493161}, {"l": "Mutton & Goat Meat", "v": 0.02491640212627174}]}, {"source": 11, "prod": 341.0, "target": 4, "value": 0.2065632354818227, "supply": [{"l": "Fats, Animals, Raw", "v": 0.037733481409333337}, {"l": "Beer", "v": 0.038501313879872094}, {"l": "Beverages, Alcoholic", "v": 0.003859106053227273}, {"l": "Beverages, Fermented", "v": 0.11505416329286901}, {"l": "Wine", "v": 0.011415170846521008}]}, {"source": 11, "prod": 89.0, "target": 10, "value": 0.89761021335038482, "supply": [{"l": "Palm Oil", "v": 0.66107290672210939}, {"l": "Cottonseed Oil", "v": 0.010107182520357146}, {"l": "Oilcrops Oil, Other", "v": 0.11320044422800002}, {"l": "Groundnut Oil", "v": 0.081392054940793393}, {"l": "Palmkernel Oil", "v": 0.031837624939125002}]}, {"source": 11, "prod": 29.0, "target": 8, "value": 0.11876691235326117, "supply": [{"l": "Honey", "v": 0.0084900333171}, {"l": "Sweeteners, Other", "v": 0.003859106053227273}, {"l": "Sugar", "v": 0.10641777298293389}]}, {"source": 0, "prod": 3412.0, "target": 18, "value": 11.925919639815428, "supply": [{"l": "Vegetables, Other", "v": 0.80541999846000012}, {"l": "Yams", "v": 0.389634999255}, {"l": "Tomatoes", "v": 0.24406666620000003}, {"l": "Roots, Other", "v": 1.2987833308500003}, {"l": "Potatoes", "v": 0.045326666579999994}, {"l": "Beans", "v": 0.14992666637999999}, {"l": "Pulses, Other", "v": 0.041839999920000009}, {"l": "Sweet potatoes", "v": 0.25975666617000004}, {"l": "Onions", "v": 0.01568999997}, {"l": "Cassava", "v": 1.14013999782}]}, {"source": 7, "prod": 69.600000000000009, "target": 18, "value": 0.24267199953599999, "supply": [{"l": "Sugar cane", "v": 0.24267199953599999}]}, {"source": 2, "prod": 1577.0, "target": 18, "value": 5.4833914860428976, "supply": [{"l": "Maize", "v": 2.8764999945}, {"l": "Barley", "v": 0.0511456705303905}, {"l": "Rice", "v": 0.097626666480000013}, {"l": "Wheat", "v": 0.18130666631999998}, {"l": "Sorghum", "v": 1.6317599968800001}, {"l": "Millet", "v": 0.64851999875999999}]}, {"source": 3, "prod": 257.5, "target": 18, "value": 0.75748817178814731, "supply": [{"l": "Coconuts - Incl Copra", "v": 0.0087166666500000014}, {"l": "Sesame seed", "v": 0.017433333299999999}, {"l": "Oilcrops, Other", "v": 0.11505999978000001}, {"l": "Cottonseed", "v": 0.12900666642000003}, {"l": "Groundnuts", "v": 0.48813333240000006}, {"l": "Palm kernels", "v": 0.026479156643609669}]}, {"source": 19, "prod": 0, "target": 0, "value": 0.0010600877645012842, "supply": "[{\"l\":'Energy for power irrigation',\"v\":0.0010600877645012842}]"}, {"source": 19, "prod": 0, "target": 7, "value": 5.4060747662140519e-05, "supply": "[{\"l\":'Energy for power irrigation',\"v\":5.4060747662140519e-05}]"}, {"source": 19, "prod": 0, "target": 2, "value": 0.00024498218121607929, "supply": "[{\"l\":'Energy for power irrigation',\"v\":0.00024498218121607929}]"}, {"source": 19, "prod": 0, "target": 3, "value": 0.00017677191315290438, "supply": "[{\"l\":'Energy for power irrigation',\"v\":0.00017677191315290438}]"}, {"source": 19, "prod": 0, "target": 11, "value": 0.0017136063386319362, "supply": "[{\"l\":'Electricity',\"v\":0.0017136063386319362}]"}, {"source": 20, "prod": 0, "target": 19, "value": 0.00031174655699704127, "supply": [{"l": "Coal", "v": 0.0}, {"l": "Natural gas", "v": 0.0}, {"l": "Oil", "v": 0.00031174655699704127}]}, {"source": 21, "prod": 0, "target": 19, "value": 0.0031310452535054682, "supply": [{"l": "Nuclear", "v": 0.0}, {"l": "Hydroelectric", "v": 0.0031310452535054682}, {"l": "Renewable", "v": 0.0}]}, {"source": 20, "prod": 0, "target": 0, "value": 0.016218955090559015, "supply": [{"l": "Other fossil fuels", "v": 0.016218955090559015}]}, {"source": 20, "prod": 0, "target": 7, "value": 0.00082710966757247031, "supply": [{"l": "Other fossil fuels", "v": 0.00082710966757247031}]}, {"source": 20, "prod": 0, "target": 2, "value": 0.0037481377751775453, "supply": [{"l": "Other fossil fuels", "v": 0.0037481377751775453}]}, {"source": 20, "prod": 0, "target": 3, "value": 0.0027045456203788508, "supply": [{"l": "Other fossil fuels", "v": 0.0027045456203788508}]}, {"source": 22, "prod": 13.980103672361624, "target": 0, "value": 0.16617769712531985, "supply": [{"l": "Potash", "v": 0.01245793612107746}, {"l": "Phosphate", "v": 0.016122125012897698}, {"l": "Nitrogen", "v": 0.21218562516974848}]}, {"source": 22, "prod": 0.71293611928221645, "target": 7, "value": 0.0084744781066253376, "supply": [{"l": "Potash", "v": 0.01245793612107746}, {"l": "Phosphate", "v": 0.016122125012897698}, {"l": "Nitrogen", "v": 0.21218562516974848}]}, {"source": 22, "prod": 3.2307478738737219, "target": 2, "value": 0.038403022914218841, "supply": [{"l": "Potash", "v": 0.01245793612107746}, {"l": "Phosphate", "v": 0.016122125012897698}, {"l": "Nitrogen", "v": 0.21218562516974848}]}, {"source": 22, "prod": 2.3312123344824385, "target": 3, "value": 0.02771048815755962, "supply": [{"l": "Potash", "v": 0.01245793612107746}, {"l": "Phosphate", "v": 0.016122125012897698}, {"l": "Nitrogen", "v": 0.21218562516974848}]}, {"source": 20, "prod": 0, "target": 22, "value": 0.29594206641214976, "supply": [{"l": "Natural gas (including LNG)", "v": 0.19753159865639858}, {"l": "Fuel oil", "v": 0.060902163048837749}, {"l": "Liquefied petroleum gas (LPG)", "v": 0.018754152353456715}, {"l": "Coal", "v": 0.018754152353456715}]}, {"source": 23, "prod": 0, "target": 2, "value": 0.17602121793766942, "supply": "[{\"l\":'Labor',\"v\":0.17602121793766942}]"}, {"source": 23, "prod": 0, "target": 3, "value": 0.12701171691708285, "supply": "[{\"l\":'Labor',\"v\":0.12701171691708285}]"}, {"source": 23, "prod": 0, "target": 0, "value": 0.76167963931937621, "supply": "[{\"l\":'Labor',\"v\":0.76167963931937621}]"}, {"source": 23, "prod": 0, "target": 7, "value": 0.038842982778889638, "supply": "[{\"l\":'Labor',\"v\":0.038842982778889638}]"}, {"source": 20, "prod": 0, "target": 14, "value": 0.072127605616261622, "supply": "[{\"l\":'Fossil Fuels',\"v\":0.072127605616261622}]"}, {"source": 21, "prod": 0, "target": 14, "value": 0.71190286468912101, "supply": "[{\"l\":'Renewables & Nuclear',\"v\":0.02600166013512387},{\"l\":'Biomass & Waste',\"v\":0.68590120455399717}]"}]}