{"nodes": [{"layer": 3, "name": "Treenuts"}, {"layer": 5, "name": "Production", "fill": "#b5cf6b"}, {"layer": 3, "name": "Pulses"}, {"layer": 3, "name": "Vegetables"}, {"layer": 3, "name": "Sugar Crops", "fill": "#ffbb78"}, {"layer": 3, "name": "Starchy Roots"}, {"layer": 3, "name": "Others"}, {"layer": 3, "name": "Cereals - Excluding Beer"}, {"layer": 3, "name": "Spices"}, {"layer": 3, "name": "Stimulants"}, {"layer": 3, "name": "Fruits - Excluding Wine"}, {"layer": 3, "name": "Oilcrops", "fill": "#ff9896"}, {"layer": 1, "name": "Electricity", "fill": "#bcbd22"}, {"layer": 0, "name": "Fossil Fuels", "fill": "#c49c94"}, {"layer": 0, "name": "Renewables & Nuclear", "fill": "#2ca02c"}, {"layer": 1, "name": "Fertilizers", "fill": "#c5b0d5"}, {"layer": 0, "name": "Labor", "fill": "#7f7f7f"}], "links": [{"source": 0, "prod": 12.0, "target": 1, "value": 0.05038041748608791, "supply": [{"l": "Treenuts", "v": 0.05038041748608791}]}, {"source": 2, "prod": 52.0, "target": 1, "value": 0.20995523184801984, "supply": [{"l": "Beans", "v": 0.15545131425676056}, {"l": "Pulses, Other", "v": 0.054503917591259263}]}, {"source": 3, "prod": 287.0, "target": 1, "value": 0.072608465280402018, "supply": [{"l": "Tomatoes", "v": 0.015571449368270318}, {"l": "Vegetables, Other", "v": 0.056056642549879958}, {"l": "Onions", "v": 0.00098037336225173218}]}, {"source": 4, "prod": 150.0, "target": 1, "value": 0.051489420386725077, "supply": [{"l": "Sugar cane", "v": 0.051489420386725077}]}, {"source": 5, "prod": 1549.0, "target": 1, "value": 1.7456857643186026, "supply": [{"l": "Roots, Other", "v": 0.63795726144018527}, {"l": "Yams", "v": 0.18660687563864847}, {"l": "Potatoes", "v": 0.019121696660135135}, {"l": "Sweet potatoes", "v": 0.13955523982083085}, {"l": "Cassava", "v": 0.76244469075880295}]}, {"source": 6, "prod": 12.0, "target": 1, "value": 0.049033347499828892, "supply": [{"l": "Nuts", "v": 0.049033347499828892}]}, {"source": 7, "prod": 784.0, "target": 1, "value": 2.8693802404155426, "supply": [{"l": "Maize", "v": 1.4788136220998649}, {"l": "Rice", "v": 0.03506208449539823}, {"l": "Sorghum", "v": 1.0108157881758384}, {"l": "Millet", "v": 0.3446887456444413}]}, {"source": 8, "prod": 8.0, "target": 1, "value": 0.029530550668173911, "supply": [{"l": "Pimento", "v": 0.029530550668173911}]}, {"source": 9, "prod": 191.0, "target": 1, "value": 0.22027406028902063, "supply": [{"l": "Coffee", "v": 0.077353636889133326}, {"l": "Cocoa Beans", "v": 0.14179230900723713}, {"l": "Tea", "v": 0.0011281143926501719}]}, {"source": 10, "prod": 874.0, "target": 1, "value": 0.80277523719092669, "supply": [{"l": "Plantains", "v": 0.64423841518477976}, {"l": "Pineapples", "v": 0.0017397609256352459}, {"l": "Bananas", "v": 0.10954881699483872}, {"l": "Fruits, Other", "v": 0.047248244085672991}]}, {"source": 11, "prod": 557.05726872246692, "target": 1, "value": 2.6114035076515174, "supply": [{"l": "Coconuts - Incl Copra", "v": 0.012219811648672396}, {"l": "Sesame seed", "v": 0.033690608401190474}, {"l": "Oilcrops, Other", "v": 0.13972625365133232}, {"l": "Cottonseed", "v": 0.31771510286548227}, {"l": "Groundnuts", "v": 0.86149672123140386}, {"l": "Palm kernels", "v": 0.053462222120000007}, {"l": "Oil Palm", "v": 1.1930927877334361}]}, {"source": 12, "prod": 0, "target": 11, "value": 0.00018790094254737098, "supply": "[{\"l\":'Energy for power irrigation',\"v\":0.00018790094254737098}]"}, {"source": 12, "prod": 0, "target": 0, "value": 4.0513554260897395e-06, "supply": "[{\"l\":'Energy for power irrigation',\"v\":4.0513554260897395e-06}]"}, {"source": 12, "prod": 0, "target": 3, "value": 9.7401336702240834e-05, "supply": "[{\"l\":'Energy for power irrigation',\"v\":9.7401336702240834e-05}]"}, {"source": 12, "prod": 0, "target": 4, "value": 5.0641942826121752e-05, "supply": "[{\"l\":'Energy for power irrigation',\"v\":5.0641942826121752e-05}]"}, {"source": 12, "prod": 0, "target": 5, "value": 0.00052313126939383767, "supply": "[{\"l\":'Energy for power irrigation',\"v\":0.00052313126939383767}]"}, {"source": 12, "prod": 0, "target": 2, "value": 1.7555873513055539e-05, "supply": "[{\"l\":'Energy for power irrigation',\"v\":1.7555873513055539e-05}]"}, {"source": 12, "prod": 0, "target": 6, "value": 4.0513554260897395e-06, "supply": "[{\"l\":'Energy for power irrigation',\"v\":4.0513554260897395e-06}]"}, {"source": 12, "prod": 0, "target": 7, "value": 0.00027869949201975668, "supply": "[{\"l\":'Energy for power irrigation',\"v\":0.00027869949201975668}]"}, {"source": 12, "prod": 0, "target": 8, "value": 2.7009036173931598e-06, "supply": "[{\"l\":'Energy for power irrigation',\"v\":2.7009036173931598e-06}]"}, {"source": 12, "prod": 0, "target": 9, "value": 6.4315267389174614e-05, "supply": "[{\"l\":'Energy for power irrigation',\"v\":6.4315267389174614e-05}]"}, {"source": 12, "prod": 0, "target": 10, "value": 0.00029541133315237687, "supply": "[{\"l\":'Energy for power irrigation',\"v\":0.00029541133315237687}]"}, {"source": 13, "prod": 0, "target": 12, "value": 0.00014638579049425194, "supply": [{"l": "Coal", "v": 0.0}, {"l": "Natural gas", "v": 0.0}, {"l": "Oil", "v": 0.00014638579049425194}]}, {"source": 14, "prod": 0, "target": 12, "value": 0.0014702344716256918, "supply": [{"l": "Nuclear", "v": 0.0}, {"l": "Hydroelectric", "v": 0.0014702344716256918}, {"l": "Renewable", "v": 0.0}]}, {"source": 13, "prod": 0, "target": 11, "value": 0.0028937345658439865, "supply": [{"l": "Other fossil fuels", "v": 0.0028937345658439865}]}, {"source": 13, "prod": 0, "target": 0, "value": 6.2392168320496276e-05, "supply": [{"l": "Other fossil fuels", "v": 6.2392168320496276e-05}]}, {"source": 13, "prod": 0, "target": 3, "value": 0.0015000117133719315, "supply": [{"l": "Other fossil fuels", "v": 0.0015000117133719315}]}, {"source": 13, "prod": 0, "target": 4, "value": 0.00077990210400620357, "supply": [{"l": "Other fossil fuels", "v": 0.00077990210400620357}]}, {"source": 13, "prod": 0, "target": 5, "value": 0.0080563887343840825, "supply": [{"l": "Other fossil fuels", "v": 0.0080563887343840825}]}, {"source": 13, "prod": 0, "target": 2, "value": 0.00027036606272215052, "supply": [{"l": "Other fossil fuels", "v": 0.00027036606272215052}]}, {"source": 13, "prod": 0, "target": 6, "value": 6.2392168320496276e-05, "supply": [{"l": "Other fossil fuels", "v": 6.2392168320496276e-05}]}, {"source": 13, "prod": 0, "target": 7, "value": 0.0042920612457141407, "supply": [{"l": "Other fossil fuels", "v": 0.0042920612457141407}]}, {"source": 13, "prod": 0, "target": 8, "value": 4.1594778880330853e-05, "supply": [{"l": "Other fossil fuels", "v": 4.1594778880330853e-05}]}, {"source": 13, "prod": 0, "target": 9, "value": 0.0009904756720878784, "supply": [{"l": "Other fossil fuels", "v": 0.0009904756720878784}]}, {"source": 13, "prod": 0, "target": 10, "value": 0.0045494289400361872, "supply": [{"l": "Other fossil fuels", "v": 0.0045494289400361872}]}, {"source": 15, "prod": 1.7669961401232726, "target": 11, "value": 0.021943336452734597, "supply": [{"l": "Potash", "v": 0.01112984167557054}, {"l": "Phosphate", "v": 0.0049279583372757001}, {"l": "Nitrogen", "v": 0.16213440290748529}]}, {"source": 15, "prod": 0.038098421982972683, "target": 0, "value": 0.00047312298703284465, "supply": [{"l": "Potash", "v": 0.01112984167557054}, {"l": "Phosphate", "v": 0.0049279583372757001}, {"l": "Nitrogen", "v": 0.16213440290748529}]}, {"source": 15, "prod": 0.91594956184063492, "target": 3, "value": 0.011374665146581307, "supply": [{"l": "Potash", "v": 0.01112984167557054}, {"l": "Phosphate", "v": 0.0049279583372757001}, {"l": "Nitrogen", "v": 0.16213440290748529}]}, {"source": 15, "prod": 0.47623027478715857, "target": 4, "value": 0.0059140373379105585, "supply": [{"l": "Potash", "v": 0.01112984167557054}, {"l": "Phosphate", "v": 0.0049279583372757001}, {"l": "Nitrogen", "v": 0.16213440290748529}]}, {"source": 15, "prod": 4.9194587385513477, "target": 5, "value": 0.06109200570061607, "supply": [{"l": "Potash", "v": 0.01112984167557054}, {"l": "Phosphate", "v": 0.0049279583372757001}, {"l": "Nitrogen", "v": 0.16213440290748529}]}, {"source": 15, "prod": 0.16509316192621495, "target": 2, "value": 0.00205019961047566, "supply": [{"l": "Potash", "v": 0.01112984167557054}, {"l": "Phosphate", "v": 0.0049279583372757001}, {"l": "Nitrogen", "v": 0.16213440290748529}]}, {"source": 15, "prod": 0.038098421982972683, "target": 6, "value": 0.00047312298703284465, "supply": [{"l": "Potash", "v": 0.01112984167557054}, {"l": "Phosphate", "v": 0.0049279583372757001}, {"l": "Nitrogen", "v": 0.16213440290748529}]}, {"source": 15, "prod": 2.6208539455786628, "target": 7, "value": 0.032546918816301104, "supply": [{"l": "Potash", "v": 0.01112984167557054}, {"l": "Phosphate", "v": 0.0049279583372757001}, {"l": "Nitrogen", "v": 0.16213440290748529}]}, {"source": 15, "prod": 0.025398947988648456, "target": 8, "value": 0.00031541532468856308, "supply": [{"l": "Potash", "v": 0.01112984167557054}, {"l": "Phosphate", "v": 0.0049279583372757001}, {"l": "Nitrogen", "v": 0.16213440290748529}]}, {"source": 15, "prod": 0.60481244897969133, "target": 9, "value": 0.007510827419146408, "supply": [{"l": "Potash", "v": 0.01112984167557054}, {"l": "Phosphate", "v": 0.0049279583372757001}, {"l": "Nitrogen", "v": 0.16213440290748529}]}, {"source": 15, "prod": 2.778009936258425, "target": 10, "value": 0.034498551137811591, "supply": [{"l": "Potash", "v": 0.01112984167557054}, {"l": "Phosphate", "v": 0.0049279583372757001}, {"l": "Nitrogen", "v": 0.16213440290748529}]}, {"source": 13, "prod": 0, "target": 15, "value": 0.22136807719583071, "supply": [{"l": "Natural gas (including LNG)", "v": 0.14646782349797943}, {"l": "Fuel oil", "v": 0.046239562933044195}, {"l": "Liquefied petroleum gas (LPG)", "v": 0.014330345382403542}, {"l": "Coal", "v": 0.014330345382403542}]}, {"source": 16, "prod": 0, "target": 11, "value": 0.13166940301844618, "supply": "[{\"l\":'Labor',\"v\":0.13166940301844618}]"}, {"source": 16, "prod": 0, "target": 0, "value": 0.0028389402582921866, "supply": "[{\"l\":'Labor',\"v\":0.0028389402582921866}]"}, {"source": 16, "prod": 0, "target": 3, "value": 0.068252855376441324, "supply": "[{\"l\":'Labor',\"v\":0.068252855376441324}]"}, {"source": 16, "prod": 0, "target": 4, "value": 0.035486753228652336, "supply": "[{\"l\":'Labor',\"v\":0.035486753228652336}]"}, {"source": 16, "prod": 0, "target": 5, "value": 0.36657816085197864, "supply": "[{\"l\":'Labor',\"v\":0.36657816085197864}]"}, {"source": 16, "prod": 0, "target": 2, "value": 0.012302074452599477, "supply": "[{\"l\":'Labor',\"v\":0.012302074452599477}]"}, {"source": 16, "prod": 0, "target": 6, "value": 0.0028389402582921866, "supply": "[{\"l\":'Labor',\"v\":0.0028389402582921866}]"}, {"source": 16, "prod": 0, "target": 7, "value": 0.19529543193501669, "supply": "[{\"l\":'Labor',\"v\":0.19529543193501669}]"}, {"source": 16, "prod": 0, "target": 8, "value": 0.0018926268388614578, "supply": "[{\"l\":'Labor',\"v\":0.0018926268388614578}]"}, {"source": 16, "prod": 0, "target": 9, "value": 0.045068176600388463, "supply": "[{\"l\":'Labor',\"v\":0.045068176600388463}]"}, {"source": 16, "prod": 0, "target": 10, "value": 0.20700606050047196, "supply": "[{\"l\":'Labor',\"v\":0.20700606050047196}]"}]}