{"nodes": [{"name": "Balance", "fill": "#9edae5"}, {"name": "Food", "fill": "#b5cf6b"}, {"name": "Stock Deposit", "fill": "#c7c7c7"}, {"name": "Export", "fill": "#aec7e8"}, {"name": "Biofuels & Other", "fill": "#e7ba52"}, {"name": "Crop Residue", "fill": "#bd9e39"}, {"name": "Renewables & Nuclear", "fill": "#2ca02c"}, {"name": "Fossil Fuels", "fill": "#c49c94"}, {"name": "Stock Draw", "fill": "#c7c7c7"}, {"name": "Labor", "fill": "#7f7f7f"}], "links": [{"source": 0, "target": 1, "value": 6.6768462390792003}, {"source": 0, "target": 2, "value": 0.35523643509069508}, {"source": 0, "target": 3, "value": 0.5075980230717102}, {"source": 0, "target": 4, "value": 0.58039236310397779}, {"source": 0, "target": 5, "value": 19.1347027609518}, {"source": 6, "target": 0, "value": 0.75535793302181842}, {"source": 7, "target": 0, "value": 0.32493411618354717}, {"source": 8, "target": 0, "value": 0.061176110717743794}, {"source": 9, "target": 0, "value": 1.1602793148259116}]}