{"nodes": [{"layer": 5, "name": "Fruits, Roots & Vegetables", "fill": "#98df8a"}, {"layer": 10, "name": "Feed", "fill": "#dbdb8d"}, {"layer": 5, "name": "Sugar Crops", "fill": "#ffbb78"}, {"layer": 13, "name": "Animal Products", "fill": "#17becf"}, {"layer": 5, "name": "Cereals", "fill": "#e7ba52"}, {"layer": 5, "name": "Oilcrops", "fill": "#ff9896"}, {"layer": 13, "name": "Other Processed", "fill": "#9c9ede"}, {"layer": 16, "name": "Food", "fill": "#b5cf6b"}, {"layer": 13, "name": "Sugar", "fill": "#d6616b"}, {"layer": 13, "name": "Aquatic Products", "fill": "#1f77b4"}, {"layer": 13, "name": "Vegetable Oils", "fill": "#f7b6d2"}, {"layer": 10, "name": "Processing", "fill": "#9edae5"}, {"layer": 16, "name": "Biofuels & Other", "fill": "#e7ba52"}, {"name": "Seed", "fill": "#dbdb8d"}, {"name": "Waste", "fill": "#c7c7c7"}, {"layer": 0, "name": "Import", "fill": "#aec7e8"}, {"layer": 16, "name": "Export", "fill": "#aec7e8"}, {"layer": 0, "name": "Stock Draw", "fill": "#c7c7c7"}, {"layer": 16, "name": "Stock Deposit", "fill": "#c7c7c7"}, {"layer": 0, "name": "Production", "fill": "#b5cf6b"}], "links": [{"source": 0, "prod": 0.058429687492660198, "target": 1, "value": 86.0, "supply": [{"l": "Vegetables, Other", "v": 2.0}, {"l": "Potatoes", "v": 51.0}, {"l": "Peas", "v": 15.0}, {"l": "Beans", "v": 11.0}, {"l": "Pulses, Other", "v": 7.0}]}, {"source": 2, "prod": 0.0046488888800000003, "target": 1, "value": 4.0, "supply": [{"l": "Sugar beet", "v": 4.0}]}, {"source": 3, "prod": 0.25974633406472852, "target": 1, "value": 400.0, "supply": [{"l": "Milk - Excluding Butter", "v": 400.0}]}, {"source": 4, "prod": 3.6239373590235111, "target": 1, "value": 1188.0, "supply": [{"l": "Cereals, Other", "v": 2.0}, {"l": "Wheat", "v": 522.0}, {"l": "Maize", "v": 112.0}, {"l": "Oats", "v": 6.0}, {"l": "Barley", "v": 546.0}]}, {"source": 5, "prod": 0.16714753093040627, "target": 1, "value": 21.0, "supply": [{"l": "Sunflower seed", "v": 8.0}, {"l": "Soyabeans", "v": 9.0}, {"l": "Cottonseed", "v": 3.0}, {"l": "Oilcrops, Other", "v": 1.0}]}, {"source": 6, "prod": 0.76841251899234009, "target": 7, "value": 481.0, "supply": [{"l": "Beer", "v": 361.0}, {"l": "Beverages, Alcoholic", "v": 85.0}, {"l": "Butter, Ghee", "v": 31.0}, {"l": "Wine", "v": 3.0}, {"l": "Cream", "v": 1.0}]}, {"source": 3, "prod": 1.4368809073000688, "target": 7, "value": 1453.0, "supply": [{"l": "Eggs", "v": 68.0}, {"l": "Mutton & Goat Meat", "v": 68.0}, {"l": "Pigmeat", "v": 6.0}, {"l": "Milk - Excluding Butter", "v": 1122.0}, {"l": "Bovine Meat", "v": 92.0}, {"l": "Poultry Meat", "v": 80.0}, {"l": "Offals, Edible", "v": 17.0}]}, {"source": 4, "prod": 6.6132946396198706, "target": 7, "value": 2074.0, "supply": [{"l": "Maize", "v": 102.0}, {"l": "Rye", "v": 1.0}, {"l": "Rice", "v": 22.0}, {"l": "Cereals, Other", "v": 7.0}, {"l": "Wheat", "v": 1941.0}, {"l": "Oats", "v": 1.0}]}, {"source": 5, "prod": 0.015918812469562501, "target": 7, "value": 2.0, "supply": [{"l": "Olives", "v": 1.0}, {"l": "Groundnuts", "v": 1.0}]}, {"source": 0, "prod": 1.5618291999356033, "target": 7, "value": 2805.0, "supply": [{"l": "Vegetables, Other", "v": 895.0}, {"l": "Nuts", "v": 25.0}, {"l": "Citrus, Other", "v": 3.0}, {"l": "Infant food", "v": 1.0}, {"l": "Tomatoes", "v": 378.0}, {"l": "Coffee", "v": 2.0}, {"l": "Treenuts", "v": 25.0}, {"l": "Cocoa Beans", "v": 9.0}, {"l": "Grapes", "v": 105.0}, {"l": "Potatoes", "v": 729.0}, {"l": "Apples", "v": 104.0}, {"l": "Lemons, Limes", "v": 5.0}, {"l": "Pineapples", "v": 1.0}, {"l": "Bananas", "v": 26.0}, {"l": "Spices, Other", "v": 1.0}, {"l": "Fruits, Other", "v": 305.0}, {"l": "Oranges, Mandarines", "v": 19.0}, {"l": "Tea", "v": 12.0}, {"l": "Onions", "v": 160.0}]}, {"source": 8, "prod": 0.36926404168078153, "target": 7, "value": 131.0, "supply": [{"l": "Sugar", "v": 123.0}, {"l": "Honey", "v": 1.0}, {"l": "Sweeteners, Other", "v": 7.0}]}, {"source": 9, "prod": 0.036222094370719507, "target": 7, "value": 38.0, "supply": [{"l": "Marine Fish, Other", "v": 1.0}, {"l": "Freshwater Fish", "v": 6.0}, {"l": "Pelagic Fish", "v": 11.0}, {"l": "Fish, Seafood", "v": 19.0}, {"l": "Demersal Fish", "v": 1.0}]}, {"source": 10, "prod": 0.17791857395374311, "target": 7, "value": 17.0, "supply": [{"l": "Soyabean Oil", "v": 4.0}, {"l": "Palm Oil", "v": 2.0}, {"l": "Sunflowerseed Oil", "v": 11.0}]}, {"source": 0, "prod": 0.055756075082150719, "target": 11, "value": 131.0, "supply": [{"l": "Potatoes", "v": 6.0}, {"l": "Vegetables, Other", "v": 74.0}, {"l": "Fruits, Other", "v": 12.0}, {"l": "Grapes", "v": 29.0}, {"l": "Apples", "v": 10.0}]}, {"source": 2, "prod": 0.087166666500000003, "target": 11, "value": 75.0, "supply": [{"l": "Sugar beet", "v": 75.0}]}, {"source": 4, "prod": 0.85849450457674714, "target": 11, "value": 275.0, "supply": [{"l": "Wheat", "v": 220.0}, {"l": "Barley", "v": 55.0}]}, {"source": 5, "prod": 0.34225446809559379, "target": 11, "value": 43.0, "supply": [{"l": "Sunflower seed", "v": 14.0}, {"l": "Olives", "v": 1.0}, {"l": "Cottonseed", "v": 14.0}, {"l": "Oilcrops, Other", "v": 14.0}]}, {"source": 6, "prod": 0.0012128619024428574, "target": 12, "value": 1.0, "supply": [{"l": "Alcohol, Non-Food", "v": 1.0}]}, {"source": 3, "prod": 0.058773632694777034, "target": 12, "value": 30.0, "supply": [{"l": "Eggs", "v": 1.0}, {"l": "Offals, Edible", "v": 14.0}, {"l": "Bovine Meat", "v": 15.0}]}, {"source": 4, "prod": 1.2515227661373749, "target": 12, "value": 394.0, "supply": [{"l": "Maize", "v": 5.0}, {"l": "Wheat", "v": 387.0}, {"l": "Barley", "v": 1.0}, {"l": "Rice", "v": 1.0}]}, {"source": 0, "prod": 0.005145541439920305, "target": 12, "value": 7.0, "supply": [{"l": "Potatoes", "v": 4.0}, {"l": "Fruits, Other", "v": 1.0}, {"l": "Grapes", "v": 2.0}]}, {"source": 2, "prod": 0.079031110960000012, "target": 12, "value": 68.0, "supply": [{"l": "Sugar beet", "v": 68.0}]}, {"source": 10, "prod": 0.44510613267720178, "target": 12, "value": 40.0, "supply": [{"l": "Palm Oil", "v": 39.0}, {"l": "Oilcrops Oil, Other", "v": 1.0}]}, {"source": 0, "prod": 0.15588600914946396, "target": 13, "value": 200.0, "supply": [{"l": "Potatoes", "v": 200.0}]}, {"source": 3, "prod": 0.0081311415520442538, "target": 3, "value": 5.0, "supply": [{"l": "Eggs", "v": 5.0}]}, {"source": 4, "prod": 0.62041812694029841, "target": 13, "value": 200.0, "supply": [{"l": "Maize", "v": 1.0}, {"l": "Wheat", "v": 146.0}, {"l": "Barley", "v": 52.0}, {"l": "Oats", "v": 1.0}]}, {"source": 5, "prod": 0.031837624939125002, "target": 13, "value": 4.0, "supply": [{"l": "Cottonseed", "v": 4.0}]}, {"source": 0, "prod": 0.034158577401097005, "target": 14, "value": 73.0, "supply": [{"l": "Grapes", "v": 5.0}, {"l": "Potatoes", "v": 9.0}, {"l": "Vegetables, Other", "v": 23.0}, {"l": "Fruits, Other", "v": 15.0}, {"l": "Oranges, Mandarines", "v": 1.0}, {"l": "Onions", "v": 17.0}, {"l": "Tomatoes", "v": 2.0}, {"l": "Apples", "v": 1.0}]}, {"source": 2, "prod": 0.0011622222200000001, "target": 14, "value": 1.0, "supply": [{"l": "Sugar beet", "v": 1.0}]}, {"source": 4, "prod": 0.24699248028872434, "target": 14, "value": 78.0, "supply": [{"l": "Maize", "v": 4.0}, {"l": "Wheat", "v": 66.0}, {"l": "Barley", "v": 7.0}, {"l": "Rice", "v": 1.0}]}, {"source": 15, "prod": 2.0017212411956797, "target": 11, "value": 436.0, "supply": [{"l": "Alcohol, Non-Food", "v": 1.0}, {"l": "Sugar", "v": 318.0}, {"l": "Beer", "v": 4.0}, {"l": "Beverages, Alcoholic", "v": 2.0}, {"l": "Butter, Ghee", "v": 11.0}, {"l": "Fats, Animals, Raw", "v": 8.0}, {"l": "Soyabean Oil", "v": 3.0}, {"l": "Palm Oil", "v": 41.0}, {"l": "Sunflowerseed Oil", "v": 24.0}, {"l": "Sweeteners, Other", "v": 7.0}, {"l": "Maize Germ Oil", "v": 15.0}, {"l": "Cottonseed Oil", "v": 1.0}, {"l": "Cream", "v": 1.0}]}, {"source": 15, "prod": 3.683545066296428, "target": 4, "value": 1152.0, "supply": [{"l": "Maize", "v": 76.0}, {"l": "Rye", "v": 1.0}, {"l": "Barley", "v": 9.0}, {"l": "Rice", "v": 21.0}, {"l": "Cereals, Other", "v": 9.0}, {"l": "Wheat", "v": 1035.0}, {"l": "Oats", "v": 1.0}]}, {"source": 15, "prod": 0.16714753093040627, "target": 5, "value": 21.0, "supply": [{"l": "Olives", "v": 1.0}, {"l": "Sunflower seed", "v": 8.0}, {"l": "Groundnuts", "v": 2.0}, {"l": "Soyabeans", "v": 10.0}]}, {"source": 15, "prod": 0.26125158749053307, "target": 0, "value": 239.0, "supply": [{"l": "Vegetables, Other", "v": 42.0}, {"l": "Nuts", "v": 7.0}, {"l": "Citrus, Other", "v": 1.0}, {"l": "Infant food", "v": 1.0}, {"l": "Tomatoes", "v": 2.0}, {"l": "Coffee", "v": 2.0}, {"l": "Treenuts", "v": 7.0}, {"l": "Cocoa Beans", "v": 10.0}, {"l": "Peas", "v": 6.0}, {"l": "Grapes", "v": 12.0}, {"l": "Potatoes", "v": 35.0}, {"l": "Beans", "v": 1.0}, {"l": "Apples", "v": 30.0}, {"l": "Lemons, Limes", "v": 2.0}, {"l": "Pineapples", "v": 1.0}, {"l": "Bananas", "v": 26.0}, {"l": "Spices, Other", "v": 1.0}, {"l": "Fruits, Other", "v": 11.0}, {"l": "Oranges, Mandarines", "v": 17.0}, {"l": "Tea", "v": 8.0}, {"l": "Onions", "v": 13.0}, {"l": "Pulses, Other", "v": 4.0}]}, {"source": 15, "prod": 0.14902407836981141, "target": 1, "value": 152.0, "supply": [{"l": "Eggs", "v": 1.0}, {"l": "Marine Fish, Other", "v": 1.0}, {"l": "Pigmeat", "v": 6.0}, {"l": "Freshwater Fish", "v": 4.0}, {"l": "Milk - Excluding Butter", "v": 89.0}, {"l": "Pelagic Fish", "v": 12.0}, {"l": "Fish, Seafood", "v": 18.0}, {"l": "Mutton & Goat Meat", "v": 1.0}, {"l": "Bovine Meat", "v": 6.0}, {"l": "Poultry Meat", "v": 13.0}, {"l": "Demersal Fish", "v": 1.0}]}, {"source": 6, "prod": 0.11749767864652397, "target": 16, "value": 19.0, "supply": [{"l": "Beverages, Alcoholic", "v": 5.0}, {"l": "Wine", "v": 2.0}, {"l": "Fats, Animals, Raw", "v": 12.0}]}, {"source": 3, "prod": 0.0051304294898654968, "target": 16, "value": 2.0, "supply": [{"l": "Bovine Meat", "v": 2.0}]}, {"source": 4, "prod": 0.079348401661553825, "target": 16, "value": 25.0, "supply": [{"l": "Wheat", "v": 25.0}]}, {"source": 5, "prod": 0.055715843643468752, "target": 16, "value": 7.0, "supply": [{"l": "Cottonseed", "v": 6.0}, {"l": "Sunflower seed", "v": 1.0}]}, {"source": 0, "prod": 0.4260679720507734, "target": 16, "value": 466.0, "supply": [{"l": "Nuts", "v": 25.0}, {"l": "Cocoa Beans", "v": 1.0}, {"l": "Potatoes", "v": 82.0}, {"l": "Fruits, Other", "v": 126.0}, {"l": "Apples", "v": 119.0}, {"l": "Tomatoes", "v": 46.0}, {"l": "Spices, Other", "v": 1.0}, {"l": "Tea", "v": 6.0}, {"l": "Vegetables, Other", "v": 17.0}, {"l": "Treenuts", "v": 25.0}, {"l": "Oranges, Mandarines", "v": 13.0}, {"l": "Onions", "v": 5.0}]}, {"source": 2, "prod": 0.0034866666600000002, "target": 16, "value": 3.0, "supply": [{"l": "Sugar beet", "v": 3.0}]}, {"source": 8, "prod": 0.52921207676589999, "target": 16, "value": 187.0, "supply": [{"l": "Sugar", "v": 187.0}]}, {"source": 10, "prod": 0.40753160568886904, "target": 16, "value": 39.0, "supply": [{"l": "Maize Germ Oil", "v": 16.0}, {"l": "Oilcrops Oil, Other", "v": 1.0}, {"l": "Cottonseed Oil", "v": 3.0}, {"l": "Sunflowerseed Oil", "v": 19.0}]}, {"source": 17, "prod": 0.049883522927828473, "target": 0, "value": 64.0, "supply": [{"l": "Potatoes", "v": 64.0}]}, {"source": 10, "prod": 0.050080098488122546, "target": 18, "value": 5.0, "supply": [{"l": "Maize Germ Oil", "v": 2.0}, {"l": "Cottonseed Oil", "v": 1.0}, {"l": "Oilcrops Oil, Other", "v": 2.0}]}, {"source": 6, "prod": 0.035036447804342674, "target": 18, "value": 6.0, "supply": [{"l": "Fats, Animals, Raw", "v": 4.0}, {"l": "Wine", "v": 2.0}]}, {"source": 4, "prod": 0.0063525777460695428, "target": 18, "value": 2.0, "supply": [{"l": "Maize", "v": 2.0}]}, {"source": 17, "prod": 0.0025652147449327484, "target": 1, "value": 1.0, "supply": [{"l": "Bovine Meat", "v": 1.0}]}, {"source": 17, "prod": 0.047756437408687499, "target": 5, "value": 6.0, "supply": [{"l": "Cottonseed", "v": 6.0}]}, {"source": 5, "prod": 0.0079594062347812505, "target": 18, "value": 1.0, "supply": [{"l": "Olives", "v": 1.0}]}, {"source": 17, "prod": 0.020376079961040003, "target": 11, "value": 2.0, "supply": [{"l": "Soyabean Oil", "v": 2.0}]}, {"source": 2, "prod": 0.044164444359999999, "target": 18, "value": 38.0, "supply": [{"l": "Sugar beet", "v": 38.0}]}, {"source": 8, "prod": 0.062260244325399998, "target": 18, "value": 22.0, "supply": [{"l": "Sugar", "v": 22.0}]}, {"source": 17, "prod": 0.57874478544252383, "target": 4, "value": 183.0, "supply": [{"l": "Wheat", "v": 175.0}, {"l": "Barley", "v": 8.0}]}, {"source": 19, "prod": 9.0404316996498544, "target": 4, "value": 2902.0, "supply": [{"l": "Maize", "v": 151.0}, {"l": "Barley", "v": 644.0}, {"l": "Rice", "v": 3.0}, {"l": "Wheat", "v": 2096.0}, {"l": "Oats", "v": 8.0}]}, {"source": 19, "prod": 0.413889124208625, "target": 5, "value": 52.0, "supply": [{"l": "Olives", "v": 1.0}, {"l": "Sunflower seed", "v": 15.0}, {"l": "Oilcrops, Other", "v": 15.0}, {"l": "Cottonseed", "v": 21.0}]}, {"source": 19, "prod": 1.9822415266643303, "target": 0, "value": 3470.0, "supply": [{"l": "Nuts", "v": 43.0}, {"l": "Tomatoes", "v": 425.0}, {"l": "Treenuts", "v": 43.0}, {"l": "Vegetables, Other", "v": 970.0}, {"l": "Peas", "v": 9.0}, {"l": "Grapes", "v": 129.0}, {"l": "Potatoes", "v": 983.0}, {"l": "Beans", "v": 11.0}, {"l": "Apples", "v": 204.0}, {"l": "Lemons, Limes", "v": 3.0}, {"l": "Citrus, Other", "v": 3.0}, {"l": "Tea", "v": 11.0}, {"l": "Fruits, Other", "v": 447.0}, {"l": "Oranges, Mandarines", "v": 16.0}, {"l": "Onions", "v": 169.0}, {"l": "Pulses, Other", "v": 4.0}]}, {"source": 19, "prod": 0.21965999958000001, "target": 2, "value": 189.0, "supply": [{"l": "Sugar beet", "v": 189.0}]}, {"source": 1, "prod": 0.036222094370719507, "target": 9, "value": 38.0, "supply": [{"l": "Demersal Fish", "v": 1.0}, {"l": "Freshwater Fish", "v": 6.0}, {"l": "Pelagic Fish", "v": 11.0}, {"l": "Marine Fish, Other", "v": 1.0}, {"l": "Fish, Seafood", "v": 19.0}]}, {"source": 1, "prod": 1.7605313035494399, "target": 3, "value": 1885.0, "supply": [{"l": "Poultry Meat", "v": 80.0}, {"l": "Pigmeat", "v": 6.0}, {"l": "Bovine Meat", "v": 109.0}, {"l": "Eggs", "v": 74.0}, {"l": "Milk - Excluding Butter", "v": 1522.0}, {"l": "Offals, Edible", "v": 31.0}, {"l": "Mutton & Goat Meat", "v": 68.0}]}, {"source": 11, "prod": 0.92215950734564955, "target": 6, "value": 507.0, "supply": [{"l": "Fats, Animals, Raw", "v": 16.0}, {"l": "Alcohol, Non-Food", "v": 1.0}, {"l": "Beer", "v": 361.0}, {"l": "Beverages, Alcoholic", "v": 90.0}, {"l": "Wine", "v": 7.0}, {"l": "Butter, Ghee", "v": 31.0}, {"l": "Cream", "v": 1.0}]}, {"source": 11, "prod": 1.0806364108079363, "target": 10, "value": 101.0, "supply": [{"l": "Soyabean Oil", "v": 4.0}, {"l": "Cottonseed Oil", "v": 4.0}, {"l": "Maize Germ Oil", "v": 18.0}, {"l": "Palm Oil", "v": 41.0}, {"l": "Oilcrops Oil, Other", "v": 4.0}, {"l": "Sunflowerseed Oil", "v": 30.0}]}, {"source": 11, "prod": 0.96073636277208152, "target": 8, "value": 340.0, "supply": [{"l": "Honey", "v": 1.0}, {"l": "Sweeteners, Other", "v": 7.0}, {"l": "Sugar", "v": 332.0}]}]}