{"nodes": [{"name": "Balance", "fill": "#9edae5"}, {"name": "Food", "fill": "#b5cf6b"}, {"name": "Stock Deposit", "fill": "#c7c7c7"}, {"name": "Export", "fill": "#aec7e8"}, {"name": "Biofuels & Other", "fill": "#e7ba52"}, {"name": "Crop Residue", "fill": "#bd9e39"}, {"name": "Renewables & Nuclear", "fill": "#2ca02c"}, {"name": "Fossil Fuels", "fill": "#c49c94"}, {"name": "Labor", "fill": "#7f7f7f"}], "links": [{"source": 0, "target": 1, "value": 7.4174206577156436}, {"source": 0, "target": 2, "value": 2.4172608711859147}, {"source": 0, "target": 3, "value": 0.041807511728506649}, {"source": 0, "target": 4, "value": 0.150992497695463}, {"source": 0, "target": 5, "value": 19.719146283046442}, {"source": 6, "target": 0, "value": 0.55153591940933433}, {"source": 7, "target": 0, "value": 46.125840702488276}, {"source": 8, "target": 0, "value": 0.60600026395987128}]}