{"nodes": [{"layer": 5, "name": "Maize"}, {"layer": 10, "name": "Feed", "fill": "#dbdb8d"}, {"layer": 5, "name": "Rye"}, {"layer": 5, "name": "Cottonseed"}, {"layer": 5, "name": "Vegetables, Other"}, {"layer": 13, "name": "Milk - Excluding Butter"}, {"layer": 5, "name": "Beans"}, {"layer": 5, "name": "Pulses, Other"}, {"layer": 5, "name": "Sugar beet"}, {"layer": 5, "name": "Nuts"}, {"layer": 16, "name": "Food", "fill": "#b5cf6b"}, {"layer": 13, "name": "Pigmeat"}, {"layer": 13, "name": "Sugar", "fill": "#d6616b"}, {"layer": 5, "name": "Citrus, Other"}, {"layer": 13, "name": "Beer"}, {"layer": 13, "name": "Beverages, Alcoholic"}, {"layer": 5, "name": "Barley"}, {"layer": 13, "name": "Honey"}, {"layer": 5, "name": "Rice"}, {"layer": 13, "name": "Butter, Ghee"}, {"layer": 5, "name": "Tomatoes"}, {"layer": 13, "name": "Fats, Animals, Raw"}, {"layer": 5, "name": "Wheat"}, {"layer": 13, "name": "Soyabean Oil"}, {"layer": 5, "name": "Treenuts"}, {"layer": 13, "name": "Eggs"}, {"layer": 13, "name": "Marine Fish, Other"}, {"layer": 5, "name": "Grapes"}, {"layer": 13, "name": "Mutton & Goat Meat"}, {"layer": 13, "name": "Sunflowerseed Oil"}, {"layer": 5, "name": "Dates"}, {"layer": 5, "name": "Cocoa Beans"}, {"layer": 5, "name": "Potatoes"}, {"layer": 13, "name": "Freshwater Fish"}, {"layer": 13, "name": "Rape and Mustard Oil"}, {"layer": 5, "name": "Apples"}, {"layer": 13, "name": "Fish, Seafood"}, {"layer": 5, "name": "Lemons, Limes"}, {"layer": 13, "name": "Wine"}, {"layer": 13, "name": "Sweeteners, Other"}, {"layer": 5, "name": "Tea"}, {"layer": 5, "name": "Fruits, Other"}, {"layer": 13, "name": "Poultry Meat"}, {"layer": 13, "name": "Offals, Edible"}, {"layer": 5, "name": "Oranges, Mandarines"}, {"layer": 13, "name": "Bovine Meat"}, {"layer": 13, "name": "Cottonseed Oil"}, {"layer": 5, "name": "Onions"}, {"layer": 10, "name": "Processing", "fill": "#9edae5"}, {"layer": 16, "name": "Biofuels & Other", "fill": "#e7ba52"}, {"layer": 5, "name": "Oats"}, {"layer": 13, "name": "Oilcrops Oil, Other"}, {"name": "Waste", "fill": "#c7c7c7"}, {"layer": 2, "name": "Import", "fill": "#aec7e8"}, {"layer": 16, "name": "Export", "fill": "#aec7e8"}, {"layer": 0, "name": "Stock Draw", "fill": "#c7c7c7"}, {"layer": 16, "name": "Stock Deposit", "fill": "#c7c7c7"}, {"layer": 5, "name": "Sunflower seed"}, {"name": "Crop Residue", "fill": "#bd9e39"}, {"layer": 2, "name": "Electricity", "fill": "#bcbd22"}, {"layer": 0, "name": "Fossil Fuels", "fill": "#c49c94"}, {"layer": 0, "name": "Renewables & Nuclear", "fill": "#2ca02c"}, {"layer": 2, "name": "Fertilizers", "fill": "#c5b0d5"}, {"layer": 0, "name": "Labor", "fill": "#7f7f7f"}], "links": [{"source": 0, "prod": 14.0, "target": 1, "value": 0.048561669167848258, "supply": [{"l": "Maize", "v": 0.048561669167848258}]}, {"source": 2, "prod": 3.0, "target": 1, "value": 0.009228297083804347, "supply": [{"l": "Rye", "v": 0.009228297083804347}]}, {"source": 3, "prod": 104.0, "target": 1, "value": 0.12087111088000001, "supply": [{"l": "Cottonseed", "v": 0.12087111088000001}]}, {"source": 4, "prod": 17.0, "target": 1, "value": 0.0045862049133493458, "supply": [{"l": "Vegetables, Other", "v": 0.0045862049133493458}]}, {"source": 5, "prod": 61.0, "target": 1, "value": 0.040118025133091012, "supply": [{"l": "Milk - Excluding Butter", "v": 0.040118025133091012}]}, {"source": 6, "prod": 6.0, "target": 1, "value": 0.0027482515908110209, "supply": [{"l": "Beans", "v": 0.0027482515908110209}]}, {"source": 7, "prod": 19.0, "target": 1, "value": 0.0087027967042349001, "supply": [{"l": "Pulses, Other", "v": 0.0087027967042349001}]}, {"source": 8, "prod": 2.0, "target": 1, "value": 0.0023244444400000001, "supply": [{"l": "Sugar beet", "v": 0.0023244444400000001}]}, {"source": 9, "prod": 25.0, "target": 10, "value": 0.087626490658142209, "supply": [{"l": "Nuts", "v": 0.087626490658142209}]}, {"source": 11, "prod": 3.0, "target": 10, "value": 0.008884918587662792, "supply": [{"l": "Pigmeat", "v": 0.008884918587662792}]}, {"source": 12, "prod": 89.0, "target": 10, "value": 0.37326241838710694, "supply": [{"l": "Sugar", "v": 0.37326241838710694}]}, {"source": 13, "prod": 1.0, "target": 10, "value": 0.00055130086474675327, "supply": [{"l": "Citrus, Other", "v": 0.00055130086474675327}]}, {"source": 14, "prod": 23.0, "target": 10, "value": 0.013193970695493244, "supply": [{"l": "Beer", "v": 0.013193970695493244}]}, {"source": 15, "prod": 14.0, "target": 10, "value": 0.049525194349750008, "supply": [{"l": "Beverages, Alcoholic", "v": 0.049525194349750008}]}, {"source": 16, "prod": 77.0, "target": 10, "value": 0.20326689596707825, "supply": [{"l": "Barley", "v": 0.20326689596707825}]}, {"source": 17, "prod": 1.0, "target": 10, "value": 0.0047166851761666672, "supply": [{"l": "Honey", "v": 0.0047166851761666672}]}, {"source": 18, "prod": 8.0, "target": 10, "value": 0.032653974296538463, "supply": [{"l": "Rice", "v": 0.032653974296538463}]}, {"source": 19, "prod": 18.0, "target": 10, "value": 0.14963683721388751, "supply": [{"l": "Butter, Ghee", "v": 0.14963683721388751}]}, {"source": 20, "prod": 177.0, "target": 10, "value": 0.035903768176354697, "supply": [{"l": "Tomatoes", "v": 0.035903768176354697}]}, {"source": 21, "prod": 11.0, "target": 10, "value": 0.097151052386949655, "supply": [{"l": "Fats, Animals, Raw", "v": 0.097151052386949655}]}, {"source": 22, "prod": 1366.0, "target": 10, "value": 4.337207113052008, "supply": [{"l": "Wheat", "v": 4.337207113052008}]}, {"source": 23, "prod": 2.0, "target": 10, "value": 0.020376079961040003, "supply": [{"l": "Soyabean Oil", "v": 0.020376079961040003}]}, {"source": 24, "prod": 25.0, "target": 10, "value": 0.087895283574271482, "supply": [{"l": "Treenuts", "v": 0.087895283574271482}]}, {"source": 25, "prod": 33.0, "target": 10, "value": 0.052614290979211276, "supply": [{"l": "Eggs", "v": 0.052614290979211276}]}, {"source": 4, "prod": 205.0, "target": 10, "value": 0.055304235719800941, "supply": [{"l": "Vegetables, Other", "v": 0.055304235719800941}]}, {"source": 26, "prod": 1.0, "target": 10, "value": 0.00072255602698723413, "supply": [{"l": "Marine Fish, Other", "v": 0.00072255602698723413}]}, {"source": 27, "prod": 229.0, "target": 10, "value": 0.14334044186176206, "supply": [{"l": "Grapes", "v": 0.14334044186176206}]}, {"source": 28, "prod": 22.0, "target": 10, "value": 0.067395109836773187, "supply": [{"l": "Mutton & Goat Meat", "v": 0.067395109836773187}]}, {"source": 29, "prod": 5.0, "target": 10, "value": 0.052293683474891314, "supply": [{"l": "Sunflowerseed Oil", "v": 0.052293683474891314}]}, {"source": 30, "prod": 2.0, "target": 10, "value": 0.003859106053227273, "supply": [{"l": "Dates", "v": 0.003859106053227273}]}, {"source": 31, "prod": 1.0, "target": 10, "value": 0.0084900333171, "supply": [{"l": "Cocoa Beans", "v": 0.0084900333171}]}, {"source": 32, "prod": 178.0, "target": 10, "value": 0.14029083551183807, "supply": [{"l": "Potatoes", "v": 0.14029083551183807}]}, {"source": 33, "prod": 17.0, "target": 10, "value": 0.013302356349373269, "supply": [{"l": "Freshwater Fish", "v": 0.013302356349373269}]}, {"source": 34, "prod": 1.0, "target": 10, "value": 0.0090964642683214296, "supply": [{"l": "Rape and Mustard Oil", "v": 0.0090964642683214296}]}, {"source": 5, "prod": 753.0, "target": 10, "value": 0.49522742500356615, "supply": [{"l": "Milk - Excluding Butter", "v": 0.49522742500356615}]}, {"source": 35, "prod": 128.0, "target": 10, "value": 0.071666468288230228, "supply": [{"l": "Apples", "v": 0.071666468288230228}]}, {"source": 36, "prod": 18.0, "target": 10, "value": 0.013006008485770215, "supply": [{"l": "Fish, Seafood", "v": 0.013006008485770215}]}, {"source": 37, "prod": 38.0, "target": 10, "value": 0.0032653974296538461, "supply": [{"l": "Lemons, Limes", "v": 0.0032653974296538461}]}, {"source": 38, "prod": 6.0, "target": 10, "value": 0.0064481265699493683, "supply": [{"l": "Wine", "v": 0.0064481265699493683}]}, {"source": 39, "prod": 2.0, "target": 10, "value": 0.0067920266536800004, "supply": [{"l": "Sweeteners, Other", "v": 0.0067920266536800004}]}, {"source": 40, "prod": 5.0, "target": 10, "value": 0.0033164192644921874, "supply": [{"l": "Tea", "v": 0.0033164192644921874}]}, {"source": 41, "prod": 165.0, "target": 10, "value": 0.088165730600653858, "supply": [{"l": "Fruits, Other", "v": 0.088165730600653858}]}, {"source": 42, "prod": 22.0, "target": 10, "value": 0.029805436113223404, "supply": [{"l": "Poultry Meat", "v": 0.029805436113223404}]}, {"source": 43, "prod": 4.0, "target": 10, "value": 0.0035375138821250002, "supply": [{"l": "Offals, Edible", "v": 0.0035375138821250002}]}, {"source": 44, "prod": 43.0, "target": 10, "value": 0.016415082402666367, "supply": [{"l": "Oranges, Mandarines", "v": 0.016415082402666367}]}, {"source": 45, "prod": 42.0, "target": 10, "value": 0.10855337802122325, "supply": [{"l": "Bovine Meat", "v": 0.10855337802122325}]}, {"source": 46, "prod": 5.0, "target": 10, "value": 0.052293683474891314, "supply": [{"l": "Cottonseed Oil", "v": 0.052293683474891314}]}, {"source": 47, "prod": 56.0, "target": 10, "value": 0.019727878247203318, "supply": [{"l": "Onions", "v": 0.019727878247203318}]}, {"source": 3, "prod": 55.0, "target": 48, "value": 0.063922222100000009, "supply": [{"l": "Cottonseed", "v": 0.063922222100000009}]}, {"source": 41, "prod": 1.0, "target": 48, "value": 0.00053433776121608394, "supply": [{"l": "Fruits, Other", "v": 0.00053433776121608394}]}, {"source": 16, "prod": 2.0, "target": 48, "value": 0.0052796596355085259, "supply": [{"l": "Barley", "v": 0.0052796596355085259}]}, {"source": 27, "prod": 60.0, "target": 48, "value": 0.037556447649369974, "supply": [{"l": "Grapes", "v": 0.037556447649369974}]}, {"source": 22, "prod": 3.0, "target": 49, "value": 0.0095253450506266654, "supply": [{"l": "Wheat", "v": 0.0095253450506266654}]}, {"source": 50, "prod": 4.0, "target": 49, "value": 0.0083508524430491796, "supply": [{"l": "Oats", "v": 0.0083508524430491796}]}, {"source": 32, "prod": 5.0, "target": 49, "value": 0.0039407538065123057, "supply": [{"l": "Potatoes", "v": 0.0039407538065123057}]}, {"source": 12, "prod": 1.0, "target": 49, "value": 0.0041939597571585049, "supply": [{"l": "Sugar", "v": 0.0041939597571585049}]}, {"source": 46, "prod": 8.0, "target": 49, "value": 0.083669893559826083, "supply": [{"l": "Cottonseed Oil", "v": 0.083669893559826083}]}, {"source": 43, "prod": 14.0, "target": 49, "value": 0.012381298587437502, "supply": [{"l": "Offals, Edible", "v": 0.012381298587437502}]}, {"source": 16, "prod": 11.0, "target": 49, "value": 0.029038127995296894, "supply": [{"l": "Barley", "v": 0.029038127995296894}]}, {"source": 27, "prod": 2.0, "target": 49, "value": 0.0012518815883123325, "supply": [{"l": "Grapes", "v": 0.0012518815883123325}]}, {"source": 45, "prod": 15.0, "target": 49, "value": 0.038769063579008306, "supply": [{"l": "Bovine Meat", "v": 0.038769063579008306}]}, {"source": 8, "prod": 16.0, "target": 49, "value": 0.018595555520000001, "supply": [{"l": "Sugar beet", "v": 0.018595555520000001}]}, {"source": 51, "prod": 7.0, "target": 49, "value": 0.099050388699500017, "supply": [{"l": "Oilcrops Oil, Other", "v": 0.099050388699500017}]}, {"source": 22, "prod": 75.0, "target": 22, "value": 0.23813362626566661, "supply": [{"l": "Wheat", "v": 0.23813362626566661}]}, {"source": 50, "prod": 1.0, "target": 50, "value": 0.0020877131107622949, "supply": [{"l": "Oats", "v": 0.0020877131107622949}]}, {"source": 3, "prod": 11.0, "target": 3, "value": 0.012784444420000001, "supply": [{"l": "Cottonseed", "v": 0.012784444420000001}]}, {"source": 32, "prod": 11.0, "target": 32, "value": 0.008669658374327073, "supply": [{"l": "Potatoes", "v": 0.008669658374327073}]}, {"source": 25, "prod": 1.0, "target": 25, "value": 0.0015943724539154932, "supply": [{"l": "Eggs", "v": 0.0015943724539154932}]}, {"source": 16, "prod": 18.0, "target": 16, "value": 0.047516936719576741, "supply": [{"l": "Barley", "v": 0.047516936719576741}]}, {"source": 22, "prod": 36.0, "target": 52, "value": 0.11430414060751998, "supply": [{"l": "Wheat", "v": 0.11430414060751998}]}, {"source": 27, "prod": 29.0, "target": 52, "value": 0.018152283030528821, "supply": [{"l": "Grapes", "v": 0.018152283030528821}]}, {"source": 32, "prod": 3.0, "target": 52, "value": 0.0023644522839073837, "supply": [{"l": "Potatoes", "v": 0.0023644522839073837}]}, {"source": 4, "prod": 10.0, "target": 52, "value": 0.0026977675960878507, "supply": [{"l": "Vegetables, Other", "v": 0.0026977675960878507}]}, {"source": 41, "prod": 13.0, "target": 52, "value": 0.0069463908958090903, "supply": [{"l": "Fruits, Other", "v": 0.0069463908958090903}]}, {"source": 16, "prod": 5.0, "target": 52, "value": 0.013199149088771314, "supply": [{"l": "Barley", "v": 0.013199149088771314}]}, {"source": 44, "prod": 1.0, "target": 52, "value": 0.00038174610238758992, "supply": [{"l": "Oranges, Mandarines", "v": 0.00038174610238758992}]}, {"source": 18, "prod": 1.0, "target": 52, "value": 0.0040817467870673078, "supply": [{"l": "Rice", "v": 0.0040817467870673078}]}, {"source": 47, "prod": 3.0, "target": 52, "value": 0.0010568506203858922, "supply": [{"l": "Onions", "v": 0.0010568506203858922}]}, {"source": 20, "prod": 1.0, "target": 52, "value": 0.00020284614788900957, "supply": [{"l": "Tomatoes", "v": 0.00020284614788900957}]}, {"source": 35, "prod": 2.0, "target": 52, "value": 0.0011197885670035973, "supply": [{"l": "Apples", "v": 0.0011197885670035973}]}, {"source": 53, "prod": 45.0, "target": 32, "value": 0.035466784258610752, "supply": [{"l": "Potatoes", "v": 0.035466784258610752}]}, {"source": 53, "prod": 1.0, "target": 2, "value": 0.0030760990279347826, "supply": [{"l": "Rye", "v": 0.0030760990279347826}]}, {"source": 53, "prod": 8.0, "target": 18, "value": 0.032653974296538463, "supply": [{"l": "Rice", "v": 0.032653974296538463}]}, {"source": 53, "prod": 649.0, "target": 22, "value": 2.0606496459522354, "supply": [{"l": "Wheat", "v": 2.0606496459522354}]}, {"source": 53, "prod": 66.0, "target": 1, "value": 0.083229668730647577, "supply": [{"l": "Eggs", "v": 0.012754979631323946}, {"l": "Pigmeat", "v": 0.0029616395292209304}, {"l": "Milk - Excluding Butter", "v": 0.020387848838128223}, {"l": "Fish, Seafood", "v": 0.00072255602698723413}, {"l": "Poultry Meat", "v": 0.0067739627530053192}, {"l": "Offals, Edible", "v": 0.0053062708231875}, {"l": "Marine Fish, Other", "v": 0.00072255602698723413}, {"l": "Bovine Meat", "v": 0.033599855101807199}]}, {"source": 53, "prod": 7.0, "target": 20, "value": 0.0014199230352230669, "supply": [{"l": "Tomatoes", "v": 0.0014199230352230669}]}, {"source": 53, "prod": 2.0, "target": 30, "value": 0.003859106053227273, "supply": [{"l": "Dates", "v": 0.003859106053227273}]}, {"source": 53, "prod": 112.0, "target": 48, "value": 0.6712060092506692, "supply": [{"l": "Sugar", "v": 0.21808590737224226}, {"l": "Beer", "v": 0.0068838107976486483}, {"l": "Oilcrops Oil, Other", "v": 0.099050388699500017}, {"l": "Butter, Ghee", "v": 0.12469736434490626}, {"l": "Wine", "v": 0.002149375523316456}, {"l": "Fats, Animals, Raw", "v": 0.079487224680231561}, {"l": "Sweeteners, Other", "v": 0.0067920266536800004}, {"l": "Soyabean Oil", "v": 0.020376079961040003}, {"l": "Rape and Mustard Oil", "v": 0.0090964642683214296}, {"l": "Cottonseed Oil", "v": 0.041834946779913042}, {"l": "Sunflowerseed Oil", "v": 0.062752420169869566}]}, {"source": 53, "prod": 8.0, "target": 27, "value": 0.00500752635324933, "supply": [{"l": "Grapes", "v": 0.00500752635324933}]}, {"source": 53, "prod": 38.0, "target": 37, "value": 0.0032653974296538461, "supply": [{"l": "Lemons, Limes", "v": 0.0032653974296538461}]}, {"source": 53, "prod": 44.0, "target": 35, "value": 0.024635348474079138, "supply": [{"l": "Apples", "v": 0.024635348474079138}]}, {"source": 53, "prod": 1.0, "target": 31, "value": 0.0084900333171, "supply": [{"l": "Cocoa Beans", "v": 0.0084900333171}]}, {"source": 53, "prod": 23.0, "target": 44, "value": 0.0087801603549145686, "supply": [{"l": "Oranges, Mandarines", "v": 0.0087801603549145686}]}, {"source": 53, "prod": 2.0, "target": 40, "value": 0.001326567705796875, "supply": [{"l": "Tea", "v": 0.001326567705796875}]}, {"source": 53, "prod": 3.0, "target": 41, "value": 0.0016030132836482517, "supply": [{"l": "Fruits, Other", "v": 0.0016030132836482517}]}, {"source": 53, "prod": 6.0, "target": 47, "value": 0.0021137012407717844, "supply": [{"l": "Onions", "v": 0.0021137012407717844}]}, {"source": 53, "prod": 11.0, "target": 4, "value": 0.0029675443556966357, "supply": [{"l": "Vegetables, Other", "v": 0.0029675443556966357}]}, {"source": 53, "prod": 9.0, "target": 7, "value": 0.0041223773862165318, "supply": [{"l": "Pulses, Other", "v": 0.0041223773862165318}]}, {"source": 20, "prod": 34.0, "target": 54, "value": 0.0068967690282263246, "supply": [{"l": "Tomatoes", "v": 0.0068967690282263246}]}, {"source": 36, "prod": 3.0, "target": 54, "value": 0.0021676680809617024, "supply": [{"l": "Fish, Seafood", "v": 0.0021676680809617024}]}, {"source": 24, "prod": 1.0, "target": 54, "value": 0.0035158113429708594, "supply": [{"l": "Treenuts", "v": 0.0035158113429708594}]}, {"source": 40, "prod": 2.0, "target": 54, "value": 0.001326567705796875, "supply": [{"l": "Tea", "v": 0.001326567705796875}]}, {"source": 33, "prod": 3.0, "target": 54, "value": 0.002347474649889401, "supply": [{"l": "Freshwater Fish", "v": 0.002347474649889401}]}, {"source": 4, "prod": 50.0, "target": 54, "value": 0.013488837980439254, "supply": [{"l": "Vegetables, Other", "v": 0.013488837980439254}]}, {"source": 41, "prod": 7.0, "target": 54, "value": 0.0037403643285125877, "supply": [{"l": "Fruits, Other", "v": 0.0037403643285125877}]}, {"source": 27, "prod": 2.0, "target": 54, "value": 0.0012518815883123325, "supply": [{"l": "Grapes", "v": 0.0012518815883123325}]}, {"source": 15, "prod": 1.0, "target": 54, "value": 0.0035375138821250002, "supply": [{"l": "Beverages, Alcoholic", "v": 0.0035375138821250002}]}, {"source": 35, "prod": 6.0, "target": 54, "value": 0.003359365701010792, "supply": [{"l": "Apples", "v": 0.003359365701010792}]}, {"source": 44, "prod": 1.0, "target": 54, "value": 0.00038174610238758992, "supply": [{"l": "Oranges, Mandarines", "v": 0.00038174610238758992}]}, {"source": 47, "prod": 1.0, "target": 54, "value": 0.00035228354012863068, "supply": [{"l": "Onions", "v": 0.00035228354012863068}]}, {"source": 9, "prod": 1.0, "target": 54, "value": 0.0035050596263256884, "supply": [{"l": "Nuts", "v": 0.0035050596263256884}]}, {"source": 38, "prod": 24.0, "target": 54, "value": 0.025792506279797473, "supply": [{"l": "Wine", "v": 0.025792506279797473}]}, {"source": 55, "prod": 5.0, "target": 20, "value": 0.001014230739445048, "supply": [{"l": "Tomatoes", "v": 0.001014230739445048}]}, {"source": 55, "prod": 12.0, "target": 4, "value": 0.0032373211153054211, "supply": [{"l": "Vegetables, Other", "v": 0.0032373211153054211}]}, {"source": 29, "prod": 1.0, "target": 56, "value": 0.01045873669497826, "supply": [{"l": "Sunflowerseed Oil", "v": 0.01045873669497826}]}, {"source": 55, "prod": 92.0, "target": 22, "value": 0.29211058155255104, "supply": [{"l": "Wheat", "v": 0.29211058155255104}]}, {"source": 25, "prod": 2.0, "target": 56, "value": 0.0031887449078309865, "supply": [{"l": "Eggs", "v": 0.0031887449078309865}]}, {"source": 55, "prod": 8.0, "target": 47, "value": 0.0028182683210290454, "supply": [{"l": "Onions", "v": 0.0028182683210290454}]}, {"source": 55, "prod": 1.0, "target": 32, "value": 0.00078815076130246122, "supply": [{"l": "Potatoes", "v": 0.00078815076130246122}]}, {"source": 55, "prod": 53.0, "target": 48, "value": 0.17549078719689659, "supply": [{"l": "Wine", "v": 0.01612031642487342}, {"l": "Sugar", "v": 0.15937047077202318}]}, {"source": 16, "prod": 150.0, "target": 56, "value": 0.39597447266313951, "supply": [{"l": "Barley", "v": 0.39597447266313951}]}, {"source": 1, "prod": 22.0, "target": 42, "value": 0.029805436113223404, "supply": [{"l": "Poultry Meat", "v": 0.029805436113223404}]}, {"source": 1, "prod": 3.0, "target": 11, "value": 0.008884918587662792, "supply": [{"l": "Pigmeat", "v": 0.008884918587662792}]}, {"source": 1, "prod": 57.0, "target": 45, "value": 0.14732244160023156, "supply": [{"l": "Bovine Meat", "v": 0.14732244160023156}]}, {"source": 1, "prod": 20.0, "target": 33, "value": 0.015649830999262669, "supply": [{"l": "Freshwater Fish", "v": 0.015649830999262669}]}, {"source": 1, "prod": 814.0, "target": 5, "value": 0.53534545013665713, "supply": [{"l": "Milk - Excluding Butter", "v": 0.53534545013665713}]}, {"source": 1, "prod": 18.0, "target": 43, "value": 0.015918812469562501, "supply": [{"l": "Offals, Edible", "v": 0.015918812469562501}]}, {"source": 1, "prod": 1.0, "target": 26, "value": 0.00072255602698723413, "supply": [{"l": "Marine Fish, Other", "v": 0.00072255602698723413}]}, {"source": 1, "prod": 21.0, "target": 36, "value": 0.015173676566731917, "supply": [{"l": "Fish, Seafood", "v": 0.015173676566731917}]}, {"source": 1, "prod": 35.0, "target": 25, "value": 0.05580303588704226, "supply": [{"l": "Eggs", "v": 0.057397408340957752}]}, {"source": 1, "prod": 22.0, "target": 28, "value": 0.067395109836773187, "supply": [{"l": "Mutton & Goat Meat", "v": 0.067395109836773187}]}, {"source": 48, "prod": 11.0, "target": 21, "value": 0.097151052386949655, "supply": [{"l": "Fats, Animals, Raw", "v": 0.097151052386949655}]}, {"source": 48, "prod": 2.0, "target": 39, "value": 0.0067920266536800004, "supply": [{"l": "Sweeteners, Other", "v": 0.0067920266536800004}]}, {"source": 48, "prod": 2.0, "target": 23, "value": 0.020376079961040003, "supply": [{"l": "Soyabean Oil", "v": 0.020376079961040003}]}, {"source": 48, "prod": 90.0, "target": 12, "value": 0.37745637814426547, "supply": [{"l": "Sugar", "v": 0.37745637814426547}]}, {"source": 48, "prod": 1.0, "target": 17, "value": 0.0047166851761666672, "supply": [{"l": "Honey", "v": 0.0047166851761666672}]}, {"source": 48, "prod": 23.0, "target": 14, "value": 0.013193970695493244, "supply": [{"l": "Beer", "v": 0.013193970695493244}]}, {"source": 48, "prod": 15.0, "target": 15, "value": 0.053062708231875005, "supply": [{"l": "Beverages, Alcoholic", "v": 0.053062708231875005}]}, {"source": 48, "prod": 6.0, "target": 29, "value": 0.06275242016986958, "supply": [{"l": "Sunflowerseed Oil", "v": 0.06275242016986958}]}, {"source": 48, "prod": 13.0, "target": 46, "value": 0.1359635770347174, "supply": [{"l": "Cottonseed Oil", "v": 0.1359635770347174}]}, {"source": 48, "prod": 7.0, "target": 51, "value": 0.099050388699500017, "supply": [{"l": "Oilcrops Oil, Other", "v": 0.099050388699500017}]}, {"source": 48, "prod": 1.0, "target": 34, "value": 0.0090964642683214296, "supply": [{"l": "Rape and Mustard Oil", "v": 0.0090964642683214296}]}, {"source": 48, "prod": 18.0, "target": 19, "value": 0.14963683721388751, "supply": [{"l": "Butter, Ghee", "v": 0.14963683721388751}]}, {"source": 48, "prod": 30.0, "target": 38, "value": 0.032240632849746841, "supply": [{"l": "Wine", "v": 0.032240632849746841}]}, {"source": 57, "prod": 0.5, "target": 58, "value": 0.0035375138821250002, "supply": [{"l": "Sunflower seed", "v": 0.0035375138821250002}]}, {"source": 0, "prod": 28.0, "target": 58, "value": 0.10665336653416906, "supply": [{"l": "Maize", "v": 0.10665336653416906}]}, {"source": 4, "prod": 270.5, "target": 58, "value": 0.94314333152999996, "supply": [{"l": "Vegetables, Other", "v": 0.94314333152999996}]}, {"source": 22, "prod": 2219.0, "target": 58, "value": 7.7369133185399992, "supply": [{"l": "Wheat", "v": 7.7369133185399992}]}, {"source": 50, "prod": 9.0, "target": 58, "value": 0.020633091066705665, "supply": [{"l": "Oats", "v": 0.020633091066705665}]}, {"source": 3, "prod": 170.0, "target": 58, "value": 0.19757777740000002, "supply": [{"l": "Cottonseed", "v": 0.19757777740000002}]}, {"source": 32, "prod": 86.75, "target": 58, "value": 0.30246833275499996, "supply": [{"l": "Potatoes", "v": 0.30246833275499996}]}, {"source": 2, "prod": 6.0, "target": 58, "value": 0.020267609582432299, "supply": [{"l": "Rye", "v": 0.020267609582432299}]}, {"source": 6, "prod": 6.0, "target": 58, "value": 0.020919999959999998, "supply": [{"l": "Beans", "v": 0.020919999959999998}]}, {"source": 16, "prod": 525.0, "target": 58, "value": 1.8304999964999999, "supply": [{"l": "Barley", "v": 1.8304999964999999}]}, {"source": 8, "prod": 7.2000000000000002, "target": 58, "value": 0.0083679999840000005, "supply": [{"l": "Sugar beet", "v": 0.0083679999840000005}]}, {"source": 18, "prod": 10.0, "target": 58, "value": 0.034866666600000006, "supply": [{"l": "Rice", "v": 0.034866666600000006}]}, {"source": 47, "prod": 52.5, "target": 58, "value": 0.18304999965000004, "supply": [{"l": "Onions", "v": 0.18304999965000004}]}, {"source": 20, "prod": 206.0, "target": 58, "value": 0.71825333196000007, "supply": [{"l": "Tomatoes", "v": 0.71825333196000007}]}, {"source": 7, "prod": 14.0, "target": 58, "value": 0.048813333239999999, "supply": [{"l": "Pulses, Other", "v": 0.048813333239999999}]}, {"source": 59, "prod": 0, "target": 0, "value": 0.0016644126488160444, "supply": "[{\"l\":'Energy for power irrigation',\"v\":0.0016644126488160444}]"}, {"source": 59, "prod": 0, "target": 2, "value": 0.00035665985331772377, "supply": "[{\"l\":'Energy for power irrigation',\"v\":0.00035665985331772377}]"}, {"source": 59, "prod": 0, "target": 41, "value": 0.021875137670153727, "supply": "[{\"l\":'Energy for power irrigation',\"v\":0.021875137670153727}]"}, {"source": 59, "prod": 0, "target": 13, "value": 0.00011888661777257461, "supply": "[{\"l\":'Energy for power irrigation',\"v\":0.00011888661777257461}]"}, {"source": 59, "prod": 0, "target": 16, "value": 0.031207737165300835, "supply": "[{\"l\":'Energy for power irrigation',\"v\":0.031207737165300835}]"}, {"source": 59, "prod": 0, "target": 18, "value": 0.00059443308886287301, "supply": "[{\"l\":'Energy for power irrigation',\"v\":0.00059443308886287301}]"}, {"source": 59, "prod": 0, "target": 9, "value": 0.0030910520620869393, "supply": "[{\"l\":'Energy for power irrigation',\"v\":0.0030910520620869393}]"}, {"source": 59, "prod": 0, "target": 57, "value": 5.9443308886287303e-05, "supply": "[{\"l\":'Energy for power irrigation',\"v\":5.9443308886287303e-05}]"}, {"source": 59, "prod": 0, "target": 22, "value": 0.13190470241867153, "supply": "[{\"l\":'Energy for power irrigation',\"v\":0.13190470241867153}]"}, {"source": 59, "prod": 0, "target": 24, "value": 0.0030910520620869393, "supply": "[{\"l\":'Energy for power irrigation',\"v\":0.0030910520620869393}]"}, {"source": 59, "prod": 0, "target": 4, "value": 0.032158830107481433, "supply": "[{\"l\":'Energy for power irrigation',\"v\":0.032158830107481433}]"}, {"source": 59, "prod": 0, "target": 20, "value": 0.024490643261150368, "supply": "[{\"l\":'Energy for power irrigation',\"v\":0.024490643261150368}]"}, {"source": 59, "prod": 0, "target": 27, "value": 0.037805944451678723, "supply": "[{\"l\":'Energy for power irrigation',\"v\":0.037805944451678723}]"}, {"source": 59, "prod": 0, "target": 50, "value": 0.00053498977997658574, "supply": "[{\"l\":'Energy for power irrigation',\"v\":0.00053498977997658574}]"}, {"source": 59, "prod": 0, "target": 3, "value": 0.020210725021337684, "supply": "[{\"l\":'Energy for power irrigation',\"v\":0.020210725021337684}]"}, {"source": 59, "prod": 0, "target": 32, "value": 0.020626828183541696, "supply": "[{\"l\":'Energy for power irrigation',\"v\":0.020626828183541696}]"}, {"source": 59, "prod": 0, "target": 6, "value": 0.00071331970663544755, "supply": "[{\"l\":'Energy for power irrigation',\"v\":0.00071331970663544755}]"}, {"source": 59, "prod": 0, "target": 7, "value": 0.0016644126488160444, "supply": "[{\"l\":'Energy for power irrigation',\"v\":0.0016644126488160444}]"}, {"source": 59, "prod": 0, "target": 8, "value": 0.002139959119906343, "supply": "[{\"l\":'Energy for power irrigation',\"v\":0.002139959119906343}]"}, {"source": 59, "prod": 0, "target": 40, "value": 0.00071331970663544755, "supply": "[{\"l\":'Energy for power irrigation',\"v\":0.00071331970663544755}]"}, {"source": 59, "prod": 0, "target": 44, "value": 0.0040421450042675364, "supply": "[{\"l\":'Energy for power irrigation',\"v\":0.0040421450042675364}]"}, {"source": 59, "prod": 0, "target": 47, "value": 0.0062415474330601659, "supply": "[{\"l\":'Energy for power irrigation',\"v\":0.0062415474330601659}]"}, {"source": 59, "prod": 0, "target": 35, "value": 0.013553074426073505, "supply": "[{\"l\":'Energy for power irrigation',\"v\":0.013553074426073505}]"}, {"source": 59, "prod": 0, "target": 48, "value": 4.0440000032351993, "supply": "[{\"l\":'Electricity',\"v\":4.0440000032351993}]"}, {"source": 60, "prod": 0, "target": 59, "value": 9.8982563615253305, "supply": [{"l": "Coal", "v": 0.0}, {"l": "Natural gas", "v": 1.6359091250392965}, {"l": "Oil", "v": 8.2623472364860344}]}, {"source": 61, "prod": 0, "target": 59, "value": 0.45855598309530765, "supply": [{"l": "Nuclear", "v": 0.0}, {"l": "Hydroelectric", "v": 0.45855598309530765}, {"l": "Renewable", "v": 0.0}]}, {"source": 60, "prod": 0, "target": 0, "value": 0.058267554754847004, "supply": [{"l": "Motor Gasoline", "v": 0.00054799337057720736}, {"l": "Gas-Diesel oil", "v": 0.0024578016667438848}, {"l": "Natural gas (including LNG)", "v": 0.023735146814352088}, {"l": "Fuel oil", "v": 0.0021713282895510361}, {"l": "Other fossil fuels", "v": 0.02935528461362279}]}, {"source": 60, "prod": 0, "target": 2, "value": 0.012485904590324358, "supply": [{"l": "Motor Gasoline", "v": 0.000117427150837973}, {"l": "Gas-Diesel oil", "v": 0.00052667178573083243}, {"l": "Natural gas (including LNG)", "v": 0.0050861028887897331}, {"l": "Fuel oil", "v": 0.00046528463347522198}, {"l": "Other fossil fuels", "v": 0.0062904181314905978}]}, {"source": 60, "prod": 0, "target": 41, "value": 0.76580214820656067, "supply": [{"l": "Motor Gasoline", "v": 0.0072021985847290117}, {"l": "Gas-Diesel oil", "v": 0.032302536191491059}, {"l": "Natural gas (including LNG)", "v": 0.31194764384577028}, {"l": "Fuel oil", "v": 0.028537457519813618}, {"l": "Other fossil fuels", "v": 0.38581231206475669}]}, {"source": 60, "prod": 0, "target": 13, "value": 0.004161968196774786, "supply": [{"l": "Motor Gasoline", "v": 3.914238361265767e-05}, {"l": "Gas-Diesel oil", "v": 0.0001755572619102775}, {"l": "Natural gas (including LNG)", "v": 0.0016953676295965777}, {"l": "Fuel oil", "v": 0.00015509487782507401}, {"l": "Other fossil fuels", "v": 0.0020968060438301996}]}, {"source": 60, "prod": 0, "target": 16, "value": 1.0925166516533815, "supply": [{"l": "Motor Gasoline", "v": 0.010274875698322639}, {"l": "Gas-Diesel oil", "v": 0.046083781251447846}, {"l": "Natural gas (including LNG)", "v": 0.44503400276910166}, {"l": "Fuel oil", "v": 0.04071240542908193}, {"l": "Other fossil fuels", "v": 0.55041158650542743}]}, {"source": 60, "prod": 0, "target": 18, "value": 0.020809840983873933, "supply": [{"l": "Motor Gasoline", "v": 0.00019571191806328837}, {"l": "Gas-Diesel oil", "v": 0.00087778630955138754}, {"l": "Natural gas (including LNG)", "v": 0.0084768381479828885}, {"l": "Fuel oil", "v": 0.00077547438912537012}, {"l": "Other fossil fuels", "v": 0.010484030219150998}]}, {"source": 60, "prod": 0, "target": 9, "value": 0.10821117311614444, "supply": [{"l": "Motor Gasoline", "v": 0.0010177019739290995}, {"l": "Gas-Diesel oil", "v": 0.0045644888096672146}, {"l": "Natural gas (including LNG)", "v": 0.044079558369511017}, {"l": "Fuel oil", "v": 0.004032466823451924}, {"l": "Other fossil fuels", "v": 0.054516957139585182}]}, {"source": 60, "prod": 0, "target": 57, "value": 0.002080984098387393, "supply": [{"l": "Motor Gasoline", "v": 1.9571191806328835e-05}, {"l": "Gas-Diesel oil", "v": 8.7778630955138748e-05}, {"l": "Natural gas (including LNG)", "v": 0.00084768381479828885}, {"l": "Fuel oil", "v": 7.7547438912537006e-05}, {"l": "Other fossil fuels", "v": 0.0010484030219150998}]}, {"source": 60, "prod": 0, "target": 22, "value": 4.6177037143216255, "supply": [{"l": "Motor Gasoline", "v": 0.043428474618243687}, {"l": "Gas-Diesel oil", "v": 0.19478078208945288}, {"l": "Natural gas (including LNG)", "v": 1.8810103850374029}, {"l": "Fuel oil", "v": 0.17207776694691962}, {"l": "Other fossil fuels", "v": 2.3264063056296065}]}, {"source": 60, "prod": 0, "target": 24, "value": 0.10821117311614444, "supply": [{"l": "Motor Gasoline", "v": 0.0010177019739290995}, {"l": "Gas-Diesel oil", "v": 0.0045644888096672146}, {"l": "Natural gas (including LNG)", "v": 0.044079558369511017}, {"l": "Fuel oil", "v": 0.004032466823451924}, {"l": "Other fossil fuels", "v": 0.054516957139585182}]}, {"source": 60, "prod": 0, "target": 4, "value": 1.1258123972275798, "supply": [{"l": "Motor Gasoline", "v": 0.0105880147672239}, {"l": "Gas-Diesel oil", "v": 0.047488239346730063}, {"l": "Natural gas (including LNG)", "v": 0.45859694380587429}, {"l": "Fuel oil", "v": 0.041953164451682526}, {"l": "Other fossil fuels", "v": 0.567186034856069}]}, {"source": 60, "prod": 0, "target": 20, "value": 0.85736544853560592, "supply": [{"l": "Motor Gasoline", "v": 0.0080633310242074797}, {"l": "Gas-Diesel oil", "v": 0.036164795953517161}, {"l": "Natural gas (including LNG)", "v": 0.34924573169689499}, {"l": "Fuel oil", "v": 0.031949544831965243}, {"l": "Other fossil fuels", "v": 0.43194204502902106}]}, {"source": 60, "prod": 0, "target": 27, "value": 1.3235058865743821, "supply": [{"l": "Motor Gasoline", "v": 0.012447277988825139}, {"l": "Gas-Diesel oil", "v": 0.055827209287468246}, {"l": "Natural gas (including LNG)", "v": 0.53912690621171167}, {"l": "Fuel oil", "v": 0.049320171148373539}, {"l": "Other fossil fuels", "v": 0.66678432193800341}]}, {"source": 60, "prod": 0, "target": 50, "value": 0.018728856885486537, "supply": [{"l": "Motor Gasoline", "v": 0.00017614072625695952}, {"l": "Gas-Diesel oil", "v": 0.00079000767859624876}, {"l": "Natural gas (including LNG)", "v": 0.0076291543331845997}, {"l": "Fuel oil", "v": 0.00069792695021283309}, {"l": "Other fossil fuels", "v": 0.009435627197235898}]}, {"source": 60, "prod": 0, "target": 3, "value": 0.70753459345171366, "supply": [{"l": "Motor Gasoline", "v": 0.0066542052141518046}, {"l": "Gas-Diesel oil", "v": 0.029844734524747174}, {"l": "Natural gas (including LNG)", "v": 0.28821249703141821}, {"l": "Fuel oil", "v": 0.026366129230262582}, {"l": "Other fossil fuels", "v": 0.35645702745113389}]}, {"source": 60, "prod": 0, "target": 32, "value": 0.72210148214042547, "supply": [{"l": "Motor Gasoline", "v": 0.0067912035567961057}, {"l": "Gas-Diesel oil", "v": 0.030459184941433147}, {"l": "Natural gas (including LNG)", "v": 0.29414628373500623}, {"l": "Fuel oil", "v": 0.026908961302650341}, {"l": "Other fossil fuels", "v": 0.36379584860453962}]}, {"source": 60, "prod": 0, "target": 6, "value": 0.024971809180648716, "supply": [{"l": "Motor Gasoline", "v": 0.000234854301675946}, {"l": "Gas-Diesel oil", "v": 0.0010533435714616649}, {"l": "Natural gas (including LNG)", "v": 0.010172205777579466}, {"l": "Fuel oil", "v": 0.00093056926695044397}, {"l": "Other fossil fuels", "v": 0.012580836262981196}]}, {"source": 60, "prod": 0, "target": 7, "value": 0.058267554754847004, "supply": [{"l": "Motor Gasoline", "v": 0.00054799337057720736}, {"l": "Gas-Diesel oil", "v": 0.0024578016667438848}, {"l": "Natural gas (including LNG)", "v": 0.023735146814352088}, {"l": "Fuel oil", "v": 0.0021713282895510361}, {"l": "Other fossil fuels", "v": 0.02935528461362279}]}, {"source": 60, "prod": 0, "target": 8, "value": 0.074915427541946147, "supply": [{"l": "Motor Gasoline", "v": 0.00070456290502783809}, {"l": "Gas-Diesel oil", "v": 0.003160030714384995}, {"l": "Natural gas (including LNG)", "v": 0.030516617332738399}, {"l": "Fuel oil", "v": 0.0027917078008513323}, {"l": "Other fossil fuels", "v": 0.037742508788943592}]}, {"source": 60, "prod": 0, "target": 40, "value": 0.024971809180648716, "supply": [{"l": "Motor Gasoline", "v": 0.000234854301675946}, {"l": "Gas-Diesel oil", "v": 0.0010533435714616649}, {"l": "Natural gas (including LNG)", "v": 0.010172205777579466}, {"l": "Fuel oil", "v": 0.00093056926695044397}, {"l": "Other fossil fuels", "v": 0.012580836262981196}]}, {"source": 60, "prod": 0, "target": 44, "value": 0.14150691869034274, "supply": [{"l": "Motor Gasoline", "v": 0.0013308410428303607}, {"l": "Gas-Diesel oil", "v": 0.005968946904949435}, {"l": "Natural gas (including LNG)", "v": 0.057642499406283638}, {"l": "Fuel oil", "v": 0.0052732258460525165}, {"l": "Other fossil fuels", "v": 0.071291405490226778}]}, {"source": 60, "prod": 0, "target": 47, "value": 0.21850333033067626, "supply": [{"l": "Motor Gasoline", "v": 0.0020549751396645275}, {"l": "Gas-Diesel oil", "v": 0.0092167562502895681}, {"l": "Natural gas (including LNG)", "v": 0.08900680055382032}, {"l": "Fuel oil", "v": 0.0081424810858163853}, {"l": "Other fossil fuels", "v": 0.11008231730108546}]}, {"source": 60, "prod": 0, "target": 35, "value": 0.47446437443232564, "supply": [{"l": "Motor Gasoline", "v": 0.0044622317318429739}, {"l": "Gas-Diesel oil", "v": 0.020013527857771635}, {"l": "Natural gas (including LNG)", "v": 0.19327190977400985}, {"l": "Fuel oil", "v": 0.017680816072058438}, {"l": "Other fossil fuels", "v": 0.23903588899664271}]}, {"source": 60, "prod": 0, "target": 1, "value": 0.85073111179169592, "supply": [{"l": "Gas-diesel oils used in fisheries", "v": 0.85073111179169592}]}, {"source": 62, "prod": 0.22395085729697106, "target": 0, "value": 0.0031191627230705596, "supply": [{"l": "Potash", "v": 0.012819444454700001}, {"l": "Phosphate", "v": 0.040456107734373817}, {"l": "Nitrogen", "v": 0.62380555605459986}]}, {"source": 62, "prod": 0.047989469420779508, "target": 2, "value": 0.00066839201208654842, "supply": [{"l": "Potash", "v": 0.012819444454700001}, {"l": "Phosphate", "v": 0.040456107734373817}, {"l": "Nitrogen", "v": 0.62380555605459986}]}, {"source": 62, "prod": 2.9433541244744768, "target": 41, "value": 0.040994710074641644, "supply": [{"l": "Potash", "v": 0.012819444454700001}, {"l": "Phosphate", "v": 0.040456107734373817}, {"l": "Nitrogen", "v": 0.62380555605459986}]}, {"source": 62, "prod": 0.015996489806926504, "target": 13, "value": 0.00022279733736218284, "supply": [{"l": "Potash", "v": 0.012819444454700001}, {"l": "Phosphate", "v": 0.040456107734373817}, {"l": "Nitrogen", "v": 0.62380555605459986}]}, {"source": 62, "prod": 4.1990785743182073, "target": 16, "value": 0.058484301057572997, "supply": [{"l": "Potash", "v": 0.012819444454700001}, {"l": "Phosphate", "v": 0.040456107734373817}, {"l": "Nitrogen", "v": 0.62380555605459986}]}, {"source": 62, "prod": 0.079982449034632516, "target": 18, "value": 0.0011139866868109141, "supply": [{"l": "Potash", "v": 0.012819444454700001}, {"l": "Phosphate", "v": 0.040456107734373817}, {"l": "Nitrogen", "v": 0.62380555605459986}]}, {"source": 62, "prod": 0.41590873498008907, "target": 9, "value": 0.0057927307714167537, "supply": [{"l": "Potash", "v": 0.012819444454700001}, {"l": "Phosphate", "v": 0.040456107734373817}, {"l": "Nitrogen", "v": 0.62380555605459986}]}, {"source": 62, "prod": 0.007998244903463252, "target": 57, "value": 0.00011139866868109142, "supply": [{"l": "Potash", "v": 0.012819444454700001}, {"l": "Phosphate", "v": 0.040456107734373817}, {"l": "Nitrogen", "v": 0.62380555605459986}]}, {"source": 62, "prod": 17.748105440784958, "target": 22, "value": 0.24719364580334185, "supply": [{"l": "Potash", "v": 0.012819444454700001}, {"l": "Phosphate", "v": 0.040456107734373817}, {"l": "Nitrogen", "v": 0.62380555605459986}]}, {"source": 62, "prod": 0.41590873498008907, "target": 24, "value": 0.0057927307714167537, "supply": [{"l": "Potash", "v": 0.012819444454700001}, {"l": "Phosphate", "v": 0.040456107734373817}, {"l": "Nitrogen", "v": 0.62380555605459986}]}, {"source": 62, "prod": 4.32705049277362, "target": 4, "value": 0.060266679756470459, "supply": [{"l": "Potash", "v": 0.012819444454700001}, {"l": "Phosphate", "v": 0.040456107734373817}, {"l": "Nitrogen", "v": 0.62380555605459986}]}, {"source": 62, "prod": 3.2952769002268596, "target": 20, "value": 0.045896251496609662, "supply": [{"l": "Potash", "v": 0.012819444454700001}, {"l": "Phosphate", "v": 0.040456107734373817}, {"l": "Nitrogen", "v": 0.62380555605459986}]}, {"source": 62, "prod": 5.0868837586026281, "target": 27, "value": 0.070849553281174135, "supply": [{"l": "Potash", "v": 0.012819444454700001}, {"l": "Phosphate", "v": 0.040456107734373817}, {"l": "Nitrogen", "v": 0.62380555605459986}]}, {"source": 62, "prod": 0.071984204131169266, "target": 50, "value": 0.0010025880181298227, "supply": [{"l": "Potash", "v": 0.012819444454700001}, {"l": "Phosphate", "v": 0.040456107734373817}, {"l": "Nitrogen", "v": 0.62380555605459986}]}, {"source": 62, "prod": 2.7194032671775057, "target": 3, "value": 0.03787554735157108, "supply": [{"l": "Potash", "v": 0.012819444454700001}, {"l": "Phosphate", "v": 0.040456107734373817}, {"l": "Nitrogen", "v": 0.62380555605459986}]}, {"source": 62, "prod": 2.7753909815017486, "target": 32, "value": 0.038655338032338719, "supply": [{"l": "Potash", "v": 0.012819444454700001}, {"l": "Phosphate", "v": 0.040456107734373817}, {"l": "Nitrogen", "v": 0.62380555605459986}]}, {"source": 62, "prod": 0.095978938841559017, "target": 6, "value": 0.0013367840241730968, "supply": [{"l": "Potash", "v": 0.012819444454700001}, {"l": "Phosphate", "v": 0.040456107734373817}, {"l": "Nitrogen", "v": 0.62380555605459986}]}, {"source": 62, "prod": 0.22395085729697106, "target": 7, "value": 0.0031191627230705596, "supply": [{"l": "Potash", "v": 0.012819444454700001}, {"l": "Phosphate", "v": 0.040456107734373817}, {"l": "Nitrogen", "v": 0.62380555605459986}]}, {"source": 62, "prod": 0.28793681652467706, "target": 8, "value": 0.0040103520725192909, "supply": [{"l": "Potash", "v": 0.012819444454700001}, {"l": "Phosphate", "v": 0.040456107734373817}, {"l": "Nitrogen", "v": 0.62380555605459986}]}, {"source": 62, "prod": 0.095978938841559017, "target": 40, "value": 0.0013367840241730968, "supply": [{"l": "Potash", "v": 0.012819444454700001}, {"l": "Phosphate", "v": 0.040456107734373817}, {"l": "Nitrogen", "v": 0.62380555605459986}]}, {"source": 62, "prod": 0.54388065343550118, "target": 44, "value": 0.0075751094703142164, "supply": [{"l": "Potash", "v": 0.012819444454700001}, {"l": "Phosphate", "v": 0.040456107734373817}, {"l": "Nitrogen", "v": 0.62380555605459986}]}, {"source": 62, "prod": 0.83981571486364137, "target": 47, "value": 0.011696860211514597, "supply": [{"l": "Potash", "v": 0.012819444454700001}, {"l": "Phosphate", "v": 0.040456107734373817}, {"l": "Nitrogen", "v": 0.62380555605459986}]}, {"source": 62, "prod": 1.8235998379896214, "target": 35, "value": 0.02539889645928884, "supply": [{"l": "Potash", "v": 0.012819444454700001}, {"l": "Phosphate", "v": 0.040456107734373817}, {"l": "Nitrogen", "v": 0.62380555605459986}]}, {"source": 60, "prod": 0, "target": 62, "value": 0.80930289335867567, "supply": [{"l": "Natural gas (including LNG)", "v": 0.54839552724876839}, {"l": "Fuel oil", "v": 0.15063651785784885}, {"l": "Liquefied petroleum gas (LPG)", "v": 0.055135424126029238}, {"l": "Coal", "v": 0.055135424126029238}]}, {"source": 63, "prod": 0, "target": 0, "value": 0.0025117491183563549, "supply": "[{\"l\":'Labor',\"v\":0.0025117491183563549}]"}, {"source": 63, "prod": 0, "target": 2, "value": 0.00053823195393350458, "supply": "[{\"l\":'Labor',\"v\":0.00053823195393350458}]"}, {"source": 63, "prod": 0, "target": 9, "value": 0.0046646769340903732, "supply": "[{\"l\":'Labor',\"v\":0.0046646769340903732}]"}, {"source": 63, "prod": 0, "target": 30, "value": 0.00017941065131116818, "supply": "[{\"l\":'Labor',\"v\":0.00017941065131116818}]"}, {"source": 63, "prod": 0, "target": 13, "value": 0.00017941065131116818, "supply": "[{\"l\":'Labor',\"v\":0.00017941065131116818}]"}, {"source": 63, "prod": 0, "target": 16, "value": 0.047095295969181654, "supply": "[{\"l\":'Labor',\"v\":0.047095295969181654}]"}, {"source": 63, "prod": 0, "target": 18, "value": 0.000897053256555841, "supply": "[{\"l\":'Labor',\"v\":0.000897053256555841}]"}, {"source": 63, "prod": 0, "target": 20, "value": 0.036958594170100646, "supply": "[{\"l\":'Labor',\"v\":0.036958594170100646}]"}, {"source": 63, "prod": 0, "target": 57, "value": 8.9705325655584092e-05, "supply": "[{\"l\":'Labor',\"v\":8.9705325655584092e-05}]"}, {"source": 63, "prod": 0, "target": 22, "value": 0.19905611762974112, "supply": "[{\"l\":'Labor',\"v\":0.19905611762974112}]"}, {"source": 63, "prod": 0, "target": 24, "value": 0.0046646769340903732, "supply": "[{\"l\":'Labor',\"v\":0.0046646769340903732}]"}, {"source": 63, "prod": 0, "target": 4, "value": 0.048530581179671003, "supply": "[{\"l\":'Labor',\"v\":0.048530581179671003}]"}, {"source": 63, "prod": 0, "target": 27, "value": 0.057052587116951485, "supply": "[{\"l\":'Labor',\"v\":0.057052587116951485}]"}, {"source": 63, "prod": 0, "target": 50, "value": 0.00080734793090025687, "supply": "[{\"l\":'Labor',\"v\":0.00080734793090025687}]"}, {"source": 63, "prod": 0, "target": 31, "value": 8.9705325655584092e-05, "supply": "[{\"l\":'Labor',\"v\":8.9705325655584092e-05}]"}, {"source": 63, "prod": 0, "target": 3, "value": 0.030499810722898594, "supply": "[{\"l\":'Labor',\"v\":0.030499810722898594}]"}, {"source": 63, "prod": 0, "target": 32, "value": 0.031127748002487684, "supply": "[{\"l\":'Labor',\"v\":0.031127748002487684}]"}, {"source": 63, "prod": 0, "target": 6, "value": 0.0010764639078670092, "supply": "[{\"l\":'Labor',\"v\":0.0010764639078670092}]"}, {"source": 63, "prod": 0, "target": 7, "value": 0.0025117491183563549, "supply": "[{\"l\":'Labor',\"v\":0.0025117491183563549}]"}, {"source": 63, "prod": 0, "target": 8, "value": 0.0032293917236010275, "supply": "[{\"l\":'Labor',\"v\":0.0032293917236010275}]"}, {"source": 63, "prod": 0, "target": 37, "value": 0.0034088023749121957, "supply": "[{\"l\":'Labor',\"v\":0.0034088023749121957}]"}, {"source": 63, "prod": 0, "target": 40, "value": 0.0010764639078670092, "supply": "[{\"l\":'Labor',\"v\":0.0010764639078670092}]"}, {"source": 63, "prod": 0, "target": 41, "value": 0.03301155984125495, "supply": "[{\"l\":'Labor',\"v\":0.03301155984125495}]"}, {"source": 63, "prod": 0, "target": 44, "value": 0.0060999621445797184, "supply": "[{\"l\":'Labor',\"v\":0.0060999621445797184}]"}, {"source": 63, "prod": 0, "target": 47, "value": 0.0094190591938363294, "supply": "[{\"l\":'Labor',\"v\":0.0094190591938363294}]"}, {"source": 63, "prod": 0, "target": 35, "value": 0.020452814249473174, "supply": "[{\"l\":'Labor',\"v\":0.020452814249473174}]"}, {"source": 60, "prod": 0, "target": 53, "value": 11.131568826981011, "supply": "[{\"l\":'Fossil Fuels',\"v\":11.131568826981011}]"}, {"source": 61, "prod": 0, "target": 53, "value": 0.1335905590549949, "supply": "[{\"l\":'Renewables & Nuclear',\"v\":0.11993443868859366},{\"l\":'Biomass & Waste',\"v\":0.013656120366401238}]"}]}