{"nodes": [{"layer": 13, "name": "Animal Products", "fill": "#17becf"}, {"layer": 10, "name": "Feed", "fill": "#dbdb8d"}, {"layer": 5, "name": "Cereals", "fill": "#e7ba52"}, {"layer": 5, "name": "Oilcrops", "fill": "#ff9896"}, {"layer": 5, "name": "Sugar Crops", "fill": "#ffbb78"}, {"layer": 5, "name": "Starchy Roots"}, {"layer": 5, "name": "Fruits & Vegetables"}, {"layer": 13, "name": "Other Processed", "fill": "#9c9ede"}, {"layer": 16, "name": "Food", "fill": "#b5cf6b"}, {"layer": 13, "name": "Sugar", "fill": "#d6616b"}, {"layer": 5, "name": "Others"}, {"layer": 13, "name": "Aquatic Products", "fill": "#1f77b4"}, {"layer": 13, "name": "Vegetable Oils", "fill": "#f7b6d2"}, {"layer": 10, "name": "Processing", "fill": "#9edae5"}, {"layer": 16, "name": "Biofuels & Other", "fill": "#e7ba52"}, {"name": "Seed", "fill": "#dbdb8d"}, {"name": "Waste", "fill": "#c7c7c7"}, {"layer": 0, "name": "Import", "fill": "#aec7e8"}, {"layer": 16, "name": "Export", "fill": "#aec7e8"}, {"layer": 16, "name": "Stock Deposit", "fill": "#c7c7c7"}, {"layer": 0, "name": "Stock Draw", "fill": "#c7c7c7"}, {"layer": 0, "name": "Production", "fill": "#b5cf6b"}], "links": [{"source": 0, "prod": 0.17687987210776426, "target": 1, "value": 280.0, "supply": [{"l": "Milk - Excluding Butter", "v": 280.0}]}, {"source": 2, "prod": 0.072165283195350011, "target": 1, "value": 25.0, "supply": [{"l": "Maize", "v": 23.0}, {"l": "Cereals, Other", "v": 2.0}]}, {"source": 3, "prod": 0.019757777740000003, "target": 1, "value": 17.0, "supply": [{"l": "Cottonseed", "v": 17.0}]}, {"source": 4, "prod": 0.0023244444400000001, "target": 1, "value": 2.0, "supply": [{"l": "Sugar beet", "v": 2.0}]}, {"source": 5, "prod": 0.0015466024259338448, "target": 1, "value": 2.0, "supply": [{"l": "Potatoes", "v": 2.0}]}, {"source": 6, "prod": 0.0063411524214125933, "target": 1, "value": 11.0, "supply": [{"l": "Beans", "v": 6.0}, {"l": "Pulses, Other", "v": 4.0}, {"l": "Peas", "v": 1.0}]}, {"source": 7, "prod": 0.26089964710567681, "target": 8, "value": 51.0, "supply": [{"l": "Beer", "v": 13.0}, {"l": "Beverages, Alcoholic", "v": 10.0}, {"l": "Butter, Ghee", "v": 20.0}, {"l": "Fats, Animals, Raw", "v": 5.0}, {"l": "Wine", "v": 3.0}]}, {"source": 0, "prod": 0.82885265334289926, "target": 8, "value": 869.0, "supply": [{"l": "Pigmeat", "v": 9.0}, {"l": "Eggs", "v": 34.0}, {"l": "Mutton & Goat Meat", "v": 32.0}, {"l": "Milk - Excluding Butter", "v": 676.0}, {"l": "Poultry Meat", "v": 60.0}, {"l": "Offals, Edible", "v": 10.0}, {"l": "Bovine Meat", "v": 48.0}]}, {"source": 2, "prod": 4.8109821269224504, "target": 8, "value": 1524.0, "supply": [{"l": "Maize", "v": 4.0}, {"l": "Barley", "v": 148.0}, {"l": "Rice", "v": 53.0}, {"l": "Wheat", "v": 1317.0}, {"l": "Cereals, Other", "v": 2.0}]}, {"source": 9, "prod": 0.49885010047474715, "target": 8, "value": 119.0, "supply": [{"l": "Sugar", "v": 118.0}, {"l": "Honey", "v": 1.0}]}, {"source": 5, "prod": 0.19332530324173061, "target": 8, "value": 250.0, "supply": [{"l": "Potatoes", "v": 250.0}]}, {"source": 6, "prod": 0.456902398188134, "target": 8, "value": 1030.0, "supply": [{"l": "Citrus, Other", "v": 1.0}, {"l": "Tomatoes", "v": 195.0}, {"l": "Treenuts", "v": 11.0}, {"l": "Vegetables, Other", "v": 286.0}, {"l": "Grapes", "v": 118.0}, {"l": "Dates", "v": 2.0}, {"l": "Apples", "v": 102.0}, {"l": "Lemons, Limes", "v": 5.0}, {"l": "Bananas", "v": 6.0}, {"l": "Fruits, Other", "v": 225.0}, {"l": "Oranges, Mandarines", "v": 15.0}, {"l": "Onions", "v": 64.0}]}, {"source": 10, "prod": 0.048251369348880482, "target": 8, "value": 19.0, "supply": [{"l": "Nuts", "v": 11.0}, {"l": "Cocoa Beans", "v": 1.0}, {"l": "Tea", "v": 7.0}]}, {"source": 11, "prod": 0.012876550530935, "target": 8, "value": 16.0, "supply": [{"l": "Marine Fish, Other", "v": 1.0}, {"l": "Freshwater Fish", "v": 5.0}, {"l": "Fish, Seafood", "v": 8.0}, {"l": "Demersal Fish", "v": 2.0}]}, {"source": 12, "prod": 0.12105061951093524, "target": 8, "value": 12.0, "supply": [{"l": "Soyabean Oil", "v": 4.0}, {"l": "Sunflowerseed Oil", "v": 3.0}, {"l": "Rape and Mustard Oil", "v": 1.0}, {"l": "Oilcrops Oil, Other", "v": 2.0}, {"l": "Cottonseed Oil", "v": 2.0}]}, {"source": 5, "prod": 0.02551894002790844, "target": 13, "value": 33.0, "supply": [{"l": "Potatoes", "v": 33.0}]}, {"source": 6, "prod": 0.018719064283527317, "target": 13, "value": 43.0, "supply": [{"l": "Vegetables, Other", "v": 22.0}, {"l": "Grapes", "v": 21.0}]}, {"source": 2, "prod": 0.0052633629728652299, "target": 13, "value": 2.0, "supply": [{"l": "Barley", "v": 2.0}]}, {"source": 3, "prod": 0.053462222120000007, "target": 13, "value": 46.0, "supply": [{"l": "Cottonseed", "v": 46.0}]}, {"source": 0, "prod": 0.025089164614171426, "target": 14, "value": 14.0, "supply": [{"l": "Eggs", "v": 6.0}, {"l": "Offals, Edible", "v": 4.0}, {"l": "Bovine Meat", "v": 4.0}]}, {"source": 2, "prod": 0.08368817049844568, "target": 14, "value": 28.0, "supply": [{"l": "Maize", "v": 11.0}, {"l": "Wheat", "v": 16.0}, {"l": "Oats", "v": 1.0}]}, {"source": 4, "prod": 0.0058111111000000003, "target": 14, "value": 5.0, "supply": [{"l": "Sugar beet", "v": 5.0}]}, {"source": 9, "prod": 0.004201846997615593, "target": 14, "value": 1.0, "supply": [{"l": "Sugar", "v": 1.0}]}, {"source": 5, "prod": 0.0015466024259338448, "target": 14, "value": 2.0, "supply": [{"l": "Potatoes", "v": 2.0}]}, {"source": 6, "prod": 0.0012611798310344362, "target": 14, "value": 2.0, "supply": [{"l": "Grapes", "v": 2.0}]}, {"source": 12, "prod": 0.019295530266136365, "target": 14, "value": 2.0, "supply": [{"l": "Oilcrops Oil, Other", "v": 2.0}]}, {"source": 5, "prod": 0.045624771565048426, "target": 15, "value": 59.0, "supply": [{"l": "Potatoes", "v": 59.0}]}, {"source": 0, "prod": 0.0015722283920555555, "target": 0, "value": 1.0, "supply": [{"l": "Eggs", "v": 1.0}]}, {"source": 2, "prod": 0.29294196062499356, "target": 15, "value": 94.0, "supply": [{"l": "Wheat", "v": 84.0}, {"l": "Barley", "v": 10.0}]}, {"source": 3, "prod": 0.0069733333200000004, "target": 15, "value": 6.0, "supply": [{"l": "Cottonseed", "v": 6.0}]}, {"source": 5, "prod": 0.0023199036389007673, "target": 16, "value": 3.0, "supply": [{"l": "Potatoes", "v": 3.0}]}, {"source": 6, "prod": 0.014834608979152571, "target": 16, "value": 30.0, "supply": [{"l": "Grapes", "v": 4.0}, {"l": "Vegetables, Other", "v": 7.0}, {"l": "Fruits, Other", "v": 11.0}, {"l": "Oranges, Mandarines", "v": 1.0}, {"l": "Onions", "v": 1.0}, {"l": "Tomatoes", "v": 1.0}, {"l": "Apples", "v": 5.0}]}, {"source": 2, "prod": 0.12005590669398986, "target": 16, "value": 38.0, "supply": [{"l": "Maize", "v": 1.0}, {"l": "Wheat", "v": 31.0}, {"l": "Barley", "v": 4.0}, {"l": "Rice", "v": 2.0}]}, {"source": 17, "prod": 0.011298346637761775, "target": 10, "value": 8.0, "supply": [{"l": "Cocoa Beans", "v": 1.0}, {"l": "Tea", "v": 7.0}]}, {"source": 17, "prod": 0.13074557807782713, "target": 1, "value": 88.0, "supply": [{"l": "Fish, Seafood", "v": 4.0}, {"l": "Pigmeat", "v": 7.0}, {"l": "Milk - Excluding Butter", "v": 10.0}, {"l": "Eggs", "v": 13.0}, {"l": "Poultry Meat", "v": 46.0}, {"l": "Demersal Fish", "v": 2.0}, {"l": "Bovine Meat", "v": 4.0}, {"l": "Marine Fish, Other", "v": 2.0}]}, {"source": 17, "prod": 0.97027616649474646, "target": 13, "value": 202.0, "supply": [{"l": "Rape and Mustard Oil", "v": 1.0}, {"l": "Beer", "v": 1.0}, {"l": "Oilcrops Oil, Other", "v": 4.0}, {"l": "Sugar", "v": 176.0}, {"l": "Fats, Animals, Raw", "v": 1.0}, {"l": "Butter, Ghee", "v": 8.0}, {"l": "Soyabean Oil", "v": 4.0}, {"l": "Honey", "v": 1.0}, {"l": "Sunflowerseed Oil", "v": 6.0}]}, {"source": 17, "prod": 2.1466713364413894, "target": 2, "value": 664.0, "supply": [{"l": "Maize", "v": 9.0}, {"l": "Oats", "v": 1.0}, {"l": "Barley", "v": 15.0}, {"l": "Cereals, Other", "v": 3.0}, {"l": "Rice", "v": 48.0}, {"l": "Wheat", "v": 588.0}]}, {"source": 17, "prod": 0.020750608309756925, "target": 6, "value": 41.0, "supply": [{"l": "Dates", "v": 2.0}, {"l": "Grapes", "v": 2.0}, {"l": "Fruits, Other", "v": 6.0}, {"l": "Beans", "v": 1.0}, {"l": "Tomatoes", "v": 3.0}, {"l": "Bananas", "v": 6.0}, {"l": "Vegetables, Other", "v": 7.0}, {"l": "Peas", "v": 1.0}, {"l": "Oranges, Mandarines", "v": 7.0}, {"l": "Onions", "v": 3.0}, {"l": "Apples", "v": 3.0}]}, {"source": 17, "prod": 0.037891759435379195, "target": 5, "value": 49.0, "supply": [{"l": "Potatoes", "v": 49.0}]}, {"source": 7, "prod": 0.04471417547006, "target": 18, "value": 22.0, "supply": [{"l": "Beverages, Alcoholic", "v": 9.0}, {"l": "Wine", "v": 13.0}]}, {"source": 2, "prod": 0.0031741088781031841, "target": 18, "value": 1.0, "supply": [{"l": "Wheat", "v": 1.0}]}, {"source": 4, "prod": 0.016271111080000001, "target": 18, "value": 14.0, "supply": [{"l": "Sugar beet", "v": 14.0}]}, {"source": 6, "prod": 0.037403566879680071, "target": 18, "value": 46.0, "supply": [{"l": "Tomatoes", "v": 17.0}, {"l": "Treenuts", "v": 6.0}, {"l": "Fruits, Other", "v": 11.0}, {"l": "Apples", "v": 10.0}, {"l": "Grapes", "v": 2.0}]}, {"source": 10, "prod": 0.020667641996251498, "target": 18, "value": 7.0, "supply": [{"l": "Tea", "v": 1.0}, {"l": "Nuts", "v": 6.0}]}, {"source": 12, "prod": 0.040752159922080006, "target": 18, "value": 4.0, "supply": [{"l": "Cottonseed Oil", "v": 4.0}]}, {"source": 4, "prod": 0.023244444400000001, "target": 19, "value": 20.0, "supply": [{"l": "Sugar beet", "v": 20.0}]}, {"source": 0, "prod": 0.0080580050259638838, "target": 19, "value": 4.0, "supply": [{"l": "Poultry Meat", "v": 2.0}, {"l": "Bovine Meat", "v": 2.0}]}, {"source": 10, "prod": 0.010078097103032375, "target": 19, "value": 3.0, "supply": [{"l": "Nuts", "v": 3.0}]}, {"source": 6, "prod": 0.010384369465731486, "target": 19, "value": 4.0, "supply": [{"l": "Treenuts", "v": 3.0}, {"l": "Oranges, Mandarines", "v": 1.0}]}, {"source": 12, "prod": 0.050538040429684745, "target": 19, "value": 5.0, "supply": [{"l": "Cottonseed Oil", "v": 2.0}, {"l": "Sunflowerseed Oil", "v": 3.0}]}, {"source": 3, "prod": 0.0053062708231875, "target": 19, "value": 1.0, "supply": [{"l": "Sunflower seed", "v": 1.0}]}, {"source": 20, "prod": 0.0010884658098846154, "target": 13, "value": 1.0, "supply": [{"l": "Wine", "v": 1.0}]}, {"source": 5, "prod": 0.009279614555603069, "target": 19, "value": 12.0, "supply": [{"l": "Potatoes", "v": 12.0}]}, {"source": 9, "prod": 0.2437071258617044, "target": 19, "value": 58.0, "supply": [{"l": "Sugar", "v": 58.0}]}, {"source": 20, "prod": 0.38418656337078366, "target": 2, "value": 133.0, "supply": [{"l": "Wheat", "v": 63.0}, {"l": "Barley", "v": 70.0}]}, {"source": 21, "prod": 2.8545811723912924, "target": 2, "value": 914.0, "supply": [{"l": "Maize", "v": 29.0}, {"l": "Rice", "v": 8.0}, {"l": "Wheat", "v": 798.0}, {"l": "Barley", "v": 79.0}]}, {"source": 21, "prod": 0.085499604003187513, "target": 3, "value": 70.0, "supply": [{"l": "Cottonseed", "v": 69.0}, {"l": "Sunflower seed", "v": 1.0}]}, {"source": 21, "prod": 0.047651111020000005, "target": 4, "value": 41.0, "supply": [{"l": "Sugar beet", "v": 41.0}]}, {"source": 21, "prod": 0.24204327965864672, "target": 5, "value": 313.0, "supply": [{"l": "Potatoes", "v": 313.0}]}, {"source": 21, "prod": 0.52504419012752712, "target": 6, "value": 1125.0, "supply": [{"l": "Pulses, Other", "v": 4.0}, {"l": "Oranges, Mandarines", "v": 9.0}, {"l": "Citrus, Other", "v": 1.0}, {"l": "Beans", "v": 5.0}, {"l": "Apples", "v": 115.0}, {"l": "Lemons, Limes", "v": 5.0}, {"l": "Tomatoes", "v": 210.0}, {"l": "Treenuts", "v": 20.0}, {"l": "Fruits, Other", "v": 241.0}, {"l": "Vegetables, Other", "v": 309.0}, {"l": "Grapes", "v": 144.0}, {"l": "Onions", "v": 62.0}]}, {"source": 21, "prod": 0.067698761810402575, "target": 10, "value": 21.0, "supply": [{"l": "Nuts", "v": 20.0}, {"l": "Tea", "v": 1.0}]}, {"source": 1, "prod": 0.012876550530935, "target": 11, "value": 16.0, "supply": [{"l": "Demersal Fish", "v": 2.0}, {"l": "Freshwater Fish", "v": 5.0}, {"l": "Marine Fish, Other", "v": 1.0}, {"l": "Fish, Seafood", "v": 8.0}]}, {"source": 1, "prod": 1.0388796950907988, "target": 0, "value": 1167.0, "supply": [{"l": "Poultry Meat", "v": 62.0}, {"l": "Pigmeat", "v": 9.0}, {"l": "Bovine Meat", "v": 54.0}, {"l": "Eggs", "v": 41.0}, {"l": "Milk - Excluding Butter", "v": 956.0}, {"l": "Offals, Edible", "v": 14.0}, {"l": "Mutton & Goat Meat", "v": 32.0}]}, {"source": 13, "prod": 0.30561382257573683, "target": 7, "value": 73.0, "supply": [{"l": "Fats, Animals, Raw", "v": 5.0}, {"l": "Beer", "v": 13.0}, {"l": "Beverages, Alcoholic", "v": 19.0}, {"l": "Butter, Ghee", "v": 20.0}, {"l": "Wine", "v": 16.0}]}, {"source": 13, "prod": 0.23163635012883635, "target": 12, "value": 23.0, "supply": [{"l": "Cottonseed Oil", "v": 8.0}, {"l": "Oilcrops Oil, Other", "v": 4.0}, {"l": "Sunflowerseed Oil", "v": 6.0}, {"l": "Soyabean Oil", "v": 4.0}, {"l": "Rape and Mustard Oil", "v": 1.0}]}, {"source": 13, "prod": 0.7467590733340671, "target": 9, "value": 178.0, "supply": [{"l": "Honey", "v": 1.0}, {"l": "Sugar", "v": 177.0}]}]}