{"nodes": [{"layer": 3, "name": "Cereals", "fill": "#e7ba52"}, {"layer": 5, "name": "Production", "fill": "#b5cf6b"}, {"layer": 3, "name": "Oilcrops", "fill": "#ff9896"}, {"layer": 3, "name": "Sugar Crops", "fill": "#ffbb78"}, {"layer": 3, "name": "Starchy Roots"}, {"layer": 3, "name": "Fruits & Vegetables"}, {"layer": 3, "name": "Others"}, {"layer": 1, "name": "Electricity", "fill": "#bcbd22"}, {"layer": 0, "name": "Fossil Fuels", "fill": "#c49c94"}, {"layer": 0, "name": "Renewables & Nuclear", "fill": "#2ca02c"}, {"layer": 1, "name": "Fertilizers", "fill": "#c5b0d5"}, {"layer": 0, "name": "Labor", "fill": "#7f7f7f"}], "links": [{"source": 0, "prod": 1064.0, "target": 1, "value": 3.329080726264019, "supply": [{"l": "Maize", "v": 0.31444567841111115}, {"l": "Oats", "v": 0.0024028396180471702}, {"l": "Barley", "v": 0.28047020632913006}, {"l": "Rice", "v": 0.045976795809526162}, {"l": "Wheat", "v": 2.6857852060962042}]}, {"source": 2, "prod": 65.768211920529808, "target": 1, "value": 0.10094086903857427, "supply": [{"l": "Cottonseed", "v": 0.068571110980000002}, {"l": "Sunflower seed", "v": 0.012128619024428572}, {"l": "Oil Palm", "v": 0.020241139034145695}]}, {"source": 3, "prod": 42.0, "target": 1, "value": 0.048813333239999999, "supply": [{"l": "Sugar beet", "v": 0.048813333239999999}]}, {"source": 4, "prod": 394.0, "target": 1, "value": 0.30793676865546815, "supply": [{"l": "Potatoes", "v": 0.30793676865546815}]}, {"source": 5, "prod": 1432.0, "target": 1, "value": 0.61567737329026606, "supply": [{"l": "Grapes", "v": 0.071259192853063716}, {"l": "Citrus, Other", "v": 0.00042878956146969697}, {"l": "Beans", "v": 0.0021707471549403412}, {"l": "Fruits, Other", "v": 0.17224144691013069}, {"l": "Lemons, Limes", "v": 0.0015436424212909091}, {"l": "Tomatoes", "v": 0.064910956782279969}, {"l": "Treenuts", "v": 0.078557204830637925}, {"l": "Apples", "v": 0.061866293915799717}, {"l": "Vegetables, Other", "v": 0.12603866457471732}, {"l": "Oranges, Mandarines", "v": 0.0088554983274387426}, {"l": "Onions", "v": 0.026176875592291881}, {"l": "Pulses, Other", "v": 0.0016280603662052555}]}, {"source": 6, "prod": 26.0, "target": 1, "value": 0.082902818992420538, "supply": [{"l": "Nuts", "v": 0.080881382488349113}, {"l": "Tea", "v": 0.0020214365040714284}]}, {"source": 7, "prod": 0, "target": 0, "value": 0.15580899088260972, "supply": "[{\"l\":'Energy for power irrigation',\"v\":0.15580899088260972}]"}, {"source": 7, "prod": 0, "target": 2, "value": 0.0070295051762677982, "supply": "[{\"l\":'Energy for power irrigation',\"v\":0.0070295051762677982}]"}, {"source": 7, "prod": 0, "target": 3, "value": 0.0043889856586650624, "supply": "[{\"l\":'Energy for power irrigation',\"v\":0.0043889856586650624}]"}, {"source": 7, "prod": 0, "target": 4, "value": 0.043158358976873118, "supply": "[{\"l\":'Energy for power irrigation',\"v\":0.043158358976873118}]"}, {"source": 7, "prod": 0, "target": 5, "value": 0.15209925300445234, "supply": "[{\"l\":'Energy for power irrigation',\"v\":0.15209925300445234}]"}, {"source": 7, "prod": 0, "target": 6, "value": 0.0030827399269195087, "supply": "[{\"l\":'Energy for power irrigation',\"v\":0.0030827399269195087}]"}, {"source": 8, "prod": 0, "target": 7, "value": 0.83434876779476064, "supply": [{"l": "Coal", "v": 0.0}, {"l": "Natural gas", "v": 0.14019711929323683}, {"l": "Oil", "v": 0.69415164850152378}]}, {"source": 9, "prod": 0, "target": 7, "value": 0.030289676355657782, "supply": [{"l": "Nuclear", "v": 0.0}, {"l": "Hydroelectric", "v": 0.030289676355657782}, {"l": "Renewable", "v": 0.0}]}, {"source": 8, "prod": 0, "target": 0, "value": 1.7715094785137793, "supply": [{"l": "Motor Gasoline", "v": 0.050699363690796174}, {"l": "Gas-Diesel oil", "v": 0.17308897730819026}, {"l": "Natural gas (including LNG)", "v": 0.020600192921768196}, {"l": "Fuel oil", "v": 0.10044369928066559}, {"l": "Other fossil fuels", "v": 1.4266772453123591}]}, {"source": 8, "prod": 0, "target": 2, "value": 0.079923725700799572, "supply": [{"l": "Motor Gasoline", "v": 0.0022873611944926168}, {"l": "Gas-Diesel oil", "v": 0.0078091120098424671}, {"l": "Natural gas (including LNG)", "v": 0.00092940183974869295}, {"l": "Fuel oil", "v": 0.0045316351772594103}, {"l": "Other fossil fuels", "v": 0.064366215479456382}]}, {"source": 8, "prod": 0, "target": 3, "value": 0.049901675451092371, "supply": [{"l": "Motor Gasoline", "v": 0.0014281510898815823}, {"l": "Gas-Diesel oil", "v": 0.0048757458396673312}, {"l": "Natural gas (including LNG)", "v": 0.00058028712455685059}, {"l": "Fuel oil", "v": 0.0028293999797370591}, {"l": "Other fossil fuels", "v": 0.04018809141724955}]}, {"source": 8, "prod": 0, "target": 4, "value": 0.49069980860240836, "supply": [{"l": "Motor Gasoline", "v": 0.014043485717168893}, {"l": "Gas-Diesel oil", "v": 0.047944834090062088}, {"l": "Natural gas (including LNG)", "v": 0.0057061567248090309}, {"l": "Fuel oil", "v": 0.02782243313408108}, {"l": "Other fossil fuels", "v": 0.39518289893628727}]}, {"source": 8, "prod": 0, "target": 5, "value": 1.7293306814063083, "supply": [{"l": "Motor Gasoline", "v": 0.049492235983872458}, {"l": "Gas-Diesel oil", "v": 0.16896781118180479}, {"l": "Natural gas (including LNG)", "v": 0.020109712137916572}, {"l": "Fuel oil", "v": 0.098052182631125931}, {"l": "Other fossil fuels", "v": 1.3927087394715887}]}, {"source": 8, "prod": 0, "target": 6, "value": 0.035049986328743454, "supply": [{"l": "Motor Gasoline", "v": 0.0010031061226549211}, {"l": "Gas-Diesel oil", "v": 0.0034246310064330069}, {"l": "Natural gas (including LNG)", "v": 0.00040758262320064509}, {"l": "Fuel oil", "v": 0.0019873166524343629}, {"l": "Other fossil fuels", "v": 0.028227349924020522}]}, {"source": 10, "prod": 7.4992258698863425, "target": 0, "value": 0.11369960983036469, "supply": [{"l": "Potash", "v": 0.0037330174812269042}, {"l": "Phosphate", "v": 0.0098437467544034638}, {"l": "Nitrogen", "v": 0.25319166686921996}]}, {"source": 10, "prod": 0.33833636153952645, "target": 2, "value": 0.0051296911129111514, "supply": [{"l": "Potash", "v": 0.0037330174812269042}, {"l": "Phosphate", "v": 0.0098437467544034638}, {"l": "Nitrogen", "v": 0.25319166686921996}]}, {"source": 10, "prod": 0.21124579915172795, "target": 3, "value": 0.0032028059107144981, "supply": [{"l": "Potash", "v": 0.0037330174812269042}, {"l": "Phosphate", "v": 0.0098437467544034638}, {"l": "Nitrogen", "v": 0.25319166686921996}]}, {"source": 10, "prod": 2.0772503583253248, "target": 4, "value": 0.0314942581220259, "supply": [{"l": "Potash", "v": 0.0037330174812269042}, {"l": "Phosphate", "v": 0.0098437467544034638}, {"l": "Nitrogen", "v": 0.25319166686921996}]}, {"source": 10, "prod": 7.3206728729842867, "target": 5, "value": 0.11099247626297505, "supply": [{"l": "Potash", "v": 0.0037330174812269042}, {"l": "Phosphate", "v": 0.0098437467544034638}, {"l": "Nitrogen", "v": 0.25319166686921996}]}, {"source": 10, "prod": 0.14837502559466609, "target": 6, "value": 0.0022495898658589932, "supply": [{"l": "Potash", "v": 0.0037330174812269042}, {"l": "Phosphate", "v": 0.0098437467544034638}, {"l": "Nitrogen", "v": 0.25319166686921996}]}, {"source": 8, "prod": 0, "target": 10, "value": 0.31778944435776529, "supply": [{"l": "Natural gas (including LNG)", "v": 0.21538158870460539}, {"l": "Fuel oil", "v": 0.057650864303794978}, {"l": "Liquefied petroleum gas (LPG)", "v": 0.022378495674682457}, {"l": "Coal", "v": 0.022378495674682457}]}, {"source": 11, "prod": 0, "target": 0, "value": 0.25446846528773859, "supply": "[{\"l\":'Labor',\"v\":0.25446846528773859}]"}, {"source": 11, "prod": 0, "target": 2, "value": 0.011480642957791807, "supply": "[{\"l\":'Labor',\"v\":0.011480642957791807}]"}, {"source": 11, "prod": 0, "target": 3, "value": 0.0071681257827531999, "supply": "[{\"l\":'Labor',\"v\":0.0071681257827531999}]"}, {"source": 11, "prod": 0, "target": 4, "value": 0.070486570197073134, "supply": "[{\"l\":'Labor',\"v\":0.070486570197073134}]"}, {"source": 11, "prod": 0, "target": 5, "value": 0.2484096923046972, "supply": "[{\"l\":'Labor',\"v\":0.2484096923046972}]"}, {"source": 11, "prod": 0, "target": 6, "value": 0.0050347550140766532, "supply": "[{\"l\":'Labor',\"v\":0.0050347550140766532}]"}]}