{"nodes": [{"layer": 13, "name": "Milk - Excluding Butter"}, {"layer": 10, "name": "Feed", "fill": "#dbdb8d"}, {"layer": 5, "name": "Oilcrops", "fill": "#ff9896"}, {"layer": 5, "name": "Vegetables"}, {"layer": 5, "name": "Sugar Crops", "fill": "#ffbb78"}, {"layer": 5, "name": "Starchy Roots"}, {"layer": 5, "name": "Pulses"}, {"layer": 5, "name": "Cereals - Excluding Beer"}, {"layer": 16, "name": "Food", "fill": "#b5cf6b"}, {"layer": 5, "name": "Treenuts"}, {"layer": 5, "name": "Others"}, {"layer": 13, "name": "Alcoholic Beverages"}, {"layer": 13, "name": "Animal Fats"}, {"layer": 13, "name": "Fish, Seafood"}, {"layer": 13, "name": "Sugar & Sweeteners"}, {"layer": 13, "name": "Vegetable Oils", "fill": "#f7b6d2"}, {"layer": 5, "name": "Spices"}, {"layer": 5, "name": "Stimulants"}, {"layer": 13, "name": "Eggs"}, {"layer": 5, "name": "Fruits - Excluding Wine"}, {"layer": 13, "name": "Meat"}, {"layer": 10, "name": "Processing", "fill": "#9edae5"}, {"layer": 16, "name": "Biofuels & Other", "fill": "#e7ba52"}, {"name": "Waste", "fill": "#c7c7c7"}, {"layer": 2, "name": "Import", "fill": "#aec7e8"}, {"layer": 16, "name": "Export", "fill": "#aec7e8"}, {"layer": 0, "name": "Stock Draw", "fill": "#c7c7c7"}, {"layer": 16, "name": "Stock Deposit", "fill": "#c7c7c7"}, {"name": "Crop Residue", "fill": "#bd9e39"}, {"layer": 2, "name": "Electricity", "fill": "#bcbd22"}, {"layer": 0, "name": "Fossil Fuels", "fill": "#c49c94"}, {"layer": 0, "name": "Renewables & Nuclear", "fill": "#2ca02c"}, {"layer": 2, "name": "Fertilizers", "fill": "#c5b0d5"}, {"layer": 0, "name": "Labor", "fill": "#7f7f7f"}], "links": [{"source": 0, "prod": 382.0, "target": 1, "value": 0.25406784842408109, "supply": [{"l": "Milk - Excluding Butter", "v": 0.25406784842408109}]}, {"source": 2, "prod": 54.0, "target": 1, "value": 0.32747271365957148, "supply": [{"l": "Sunflower seed", "v": 0.078836023658785725}, {"l": "Soyabeans", "v": 0.054578785609928585}, {"l": "Cottonseed", "v": 0.16980066634200003}, {"l": "Oilcrops, Other", "v": 0.024257238048857144}]}, {"source": 3, "prod": 3.0, "target": 1, "value": 0.00071686180555305368, "supply": [{"l": "Vegetables, Other", "v": 0.00071686180555305368}]}, {"source": 4, "prod": 6.0, "target": 1, "value": 0.0069733333200000004, "supply": [{"l": "Sugar beet", "v": 0.0069733333200000004}]}, {"source": 5, "prod": 35.0, "target": 1, "value": 0.027227512095655982, "supply": [{"l": "Potatoes", "v": 0.027227512095655982}]}, {"source": 6, "prod": 34.0, "target": 1, "value": 0.018695669221593263, "supply": [{"l": "Peas", "v": 0.0071483441141386014}, {"l": "Beans", "v": 0.0065984714899740924}, {"l": "Pulses, Other", "v": 0.0049488536174805706}]}, {"source": 7, "prod": 1033.0, "target": 1, "value": 3.2034925827246505, "supply": [{"l": "Cereals, Other", "v": 0.01607747173005648}, {"l": "Wheat", "v": 1.2140169815284734}, {"l": "Maize", "v": 0.33724742307070632}, {"l": "Oats", "v": 0.0169800666342}, {"l": "Barley", "v": 1.6191706397612142}]}, {"source": 0, "prod": 1345.0, "target": 8, "value": 0.89455826212143719, "supply": [{"l": "Milk - Excluding Butter", "v": 0.89455826212143719}]}, {"source": 2, "prod": 3.0, "target": 8, "value": 0.018192928536642859, "supply": [{"l": "Olives", "v": 0.0060643095122142861}, {"l": "Groundnuts", "v": 0.012128619024428572}]}, {"source": 9, "prod": 27.0, "target": 8, "value": 0.089971172182919806, "supply": [{"l": "Treenuts", "v": 0.089971172182919806}]}, {"source": 3, "prod": 1585.0, "target": 8, "value": 0.38298500262521801, "supply": [{"l": "Vegetables, Other", "v": 0.23441381041584861}, {"l": "Tomatoes", "v": 0.085970200675717853}, {"l": "Onions", "v": 0.062600991533651576}]}, {"source": 10, "prod": 29.0, "target": 8, "value": 0.097354320399851021, "supply": [{"l": "Nuts", "v": 0.090279292635601027}, {"l": "Infant food", "v": 0.0070750277642500003}]}, {"source": 11, "prod": 488.0, "target": 8, "value": 0.54379581665169929, "supply": [{"l": "Beer", "v": 0.22281102235997469}, {"l": "Beverages, Alcoholic", "v": 0.31723919135770984}, {"l": "Wine", "v": 0.0037456029340147061}]}, {"source": 12, "prod": 31.0, "target": 8, "value": 0.25955244712277148, "supply": [{"l": "Butter, Ghee", "v": 0.24621096619590002}, {"l": "Fats, Animals, Raw", "v": 0.0060643095122142861}, {"l": "Cream", "v": 0.0072771714146571435}]}, {"source": 5, "prod": 663.0, "target": 8, "value": 0.51576687198342619, "supply": [{"l": "Potatoes", "v": 0.51576687198342619}]}, {"source": 13, "prod": 40.0, "target": 8, "value": 0.038200227390238629, "supply": [{"l": "Freshwater Fish", "v": 0.0016230946047397061}, {"l": "Pelagic Fish", "v": 0.016036729598966667}, {"l": "Fish, Seafood", "v": 0.019562288749078342}, {"l": "Demersal Fish", "v": 0.00097811443745391704}]}, {"source": 14, "prod": 148.0, "target": 8, "value": 0.49200778442511217, "supply": [{"l": "Sugar", "v": 0.46864983910392}, {"l": "Honey", "v": 0.0067920266536800004}, {"l": "Sweeteners, Other", "v": 0.016565918667512194}]}, {"source": 7, "prod": 2081.0, "target": 8, "value": 6.6206367790542107, "supply": [{"l": "Maize", "v": 0.30888081739186185}, {"l": "Rye", "v": 0.0028300111056999999}, {"l": "Rice", "v": 0.086472561563055578}, {"l": "Cereals, Other", "v": 0.075028201406930228}, {"l": "Wheat", "v": 6.1431801709281126}, {"l": "Oats", "v": 0.00424501665855}]}, {"source": 15, "prod": 21.0, "target": 8, "value": 0.21671093399994901, "supply": [{"l": "Maize Germ Oil", "v": 0.1456237502734371}, {"l": "Soyabean Oil", "v": 0.040428730081428582}, {"l": "Sunflowerseed Oil", "v": 0.02122508329275}, {"l": "Olive Oil", "v": 0.0094333703523333343}]}, {"source": 16, "prod": 1.0, "target": 8, "value": 0.0047166851761666672, "supply": [{"l": "Spices, Other", "v": 0.0047166851761666672}]}, {"source": 17, "prod": 25.0, "target": 8, "value": 0.10166166041967235, "supply": [{"l": "Coffee", "v": 0.014168974082180515}, {"l": "Cocoa Beans", "v": 0.079436450343163378}, {"l": "Tea", "v": 0.0080562359943284669}]}, {"source": 18, "prod": 68.0, "target": 8, "value": 0.10981673529727175, "supply": [{"l": "Eggs", "v": 0.10981673529727175}]}, {"source": 19, "prod": 642.0, "target": 8, "value": 0.41548813975324494, "supply": [{"l": "Grapefruit", "v": 0.00062935754759822088}, {"l": "Grapes", "v": 0.078040335902179389}, {"l": "Apples", "v": 0.058836370785602332}, {"l": "Lemons, Limes", "v": 0.0022460405600793652}, {"l": "Pineapples", "v": 0.0018880726427946625}, {"l": "Bananas", "v": 0.01555942360902789}, {"l": "Citrus, Other", "v": 0.00087226369696232875}, {"l": "Fruits, Other", "v": 0.24580255018843938}, {"l": "Oranges, Mandarines", "v": 0.011613724820561323}]}, {"source": 20, "prod": 306.0, "target": 8, "value": 0.68958593996990081, "supply": [{"l": "Mutton & Goat Meat", "v": 0.22521151419649693}, {"l": "Pigmeat", "v": 0.0072771714146571435}, {"l": "Bovine Meat", "v": 0.30493749749829624}, {"l": "Poultry Meat", "v": 0.12878140424814608}, {"l": "Offals, Edible", "v": 0.023378352612304348}]}, {"source": 2, "prod": 44.0, "target": 21, "value": 0.26682961853742859, "supply": [{"l": "Sunflower seed", "v": 0.11522188073207146}, {"l": "Olives", "v": 0.012128619024428572}, {"l": "Cottonseed", "v": 0.054578785609928585}, {"l": "Oilcrops, Other", "v": 0.084900333171000014}]}, {"source": 3, "prod": 127.0, "target": 21, "value": 0.030347149768412608, "supply": [{"l": "Vegetables, Other", "v": 0.030347149768412608}]}, {"source": 4, "prod": 77.0, "target": 21, "value": 0.089491110940000007, "supply": [{"l": "Sugar beet", "v": 0.089491110940000007}]}, {"source": 5, "prod": 10.0, "target": 21, "value": 0.0077792891701874232, "supply": [{"l": "Potatoes", "v": 0.0077792891701874232}]}, {"source": 19, "prod": 103.0, "target": 21, "value": 0.058892093452943689, "supply": [{"l": "Fruits, Other", "v": 0.0021561627209512229}, {"l": "Grapes", "v": 0.01384586604716086}, {"l": "Apples", "v": 0.042890064684831607}]}, {"source": 7, "prod": 156.0, "target": 21, "value": 0.48454225533215933, "supply": [{"l": "Wheat", "v": 0.2510663391119094}, {"l": "Barley", "v": 0.23347591622024996}]}, {"source": 20, "prod": 18.0, "target": 22, "value": 0.026080031605066101, "supply": [{"l": "Offals, Edible", "v": 0.018456594167608694}, {"l": "Bovine Meat", "v": 0.0076234374374574065}]}, {"source": 18, "prod": 7.0, "target": 22, "value": 0.011304663927660328, "supply": [{"l": "Eggs", "v": 0.011304663927660328}]}, {"source": 11, "prod": 1.0, "target": 22, "value": 0.0012485343113382355, "supply": [{"l": "Alcohol, Non-Food", "v": 0.0012485343113382355}]}, {"source": 4, "prod": 146.0, "target": 22, "value": 0.16968444412, "supply": [{"l": "Sugar beet", "v": 0.16968444412}]}, {"source": 5, "prod": 4.0, "target": 22, "value": 0.0031117156680749696, "supply": [{"l": "Potatoes", "v": 0.0031117156680749696}]}, {"source": 19, "prod": 3.0, "target": 22, "value": 0.0019774360021801826, "supply": [{"l": "Fruits, Other", "v": 0.00071872090698374099}, {"l": "Grapes", "v": 0.0012587150951964418}]}, {"source": 7, "prod": 373.0, "target": 22, "value": 1.1862306912323137, "supply": [{"l": "Maize", "v": 0.022062915527990133}, {"l": "Wheat", "v": 1.1568119928700638}, {"l": "Barley", "v": 0.0030321547561071426}, {"l": "Rice", "v": 0.004323628078152778}]}, {"source": 15, "prod": 42.0, "target": 22, "value": 0.42721128173817868, "supply": [{"l": "Palm Oil", "v": 0.39640085135473951}, {"l": "Maize Germ Oil", "v": 0.010401696448102649}, {"l": "Oilcrops Oil, Other", "v": 0.0097961922889615409}, {"l": "Sunflowerseed Oil", "v": 0.010612541646375}]}, {"source": 5, "prod": 196.0, "target": 5, "value": 0.15247406773567351, "supply": [{"l": "Potatoes", "v": 0.15247406773567351}]}, {"source": 7, "prod": 214.0, "target": 7, "value": 0.67117763386897844, "supply": [{"l": "Maize", "v": 0.0031518450754271623}, {"l": "Wheat", "v": 0.48306434867101555}, {"l": "Barley", "v": 0.18496144012253571}]}, {"source": 18, "prod": 5.0, "target": 18, "value": 0.0080747599483288052, "supply": [{"l": "Eggs", "v": 0.0080747599483288052}]}, {"source": 2, "prod": 4.0, "target": 2, "value": 0.024257238048857144, "supply": [{"l": "Cottonseed", "v": 0.024257238048857144}]}, {"source": 5, "prod": 10.0, "target": 23, "value": 0.0077792891701874232, "supply": [{"l": "Potatoes", "v": 0.0077792891701874232}]}, {"source": 7, "prod": 75.0, "target": 23, "value": 0.23837355197704554, "supply": [{"l": "Maize", "v": 0.012607380301708649}, {"l": "Wheat", "v": 0.2002174603044341}, {"l": "Barley", "v": 0.02122508329275}, {"l": "Rice", "v": 0.004323628078152778}]}, {"source": 3, "prod": 38.0, "target": 23, "value": 0.010107388877323925, "supply": [{"l": "Vegetables, Other", "v": 0.0064517562499774835}, {"l": "Onions", "v": 0.0032566989815194457}, {"l": "Tomatoes", "v": 0.00039893364582699699}]}, {"source": 4, "prod": 1.0, "target": 23, "value": 0.0011622222200000001, "supply": [{"l": "Sugar beet", "v": 0.0011622222200000001}]}, {"source": 19, "prod": 23.0, "target": 23, "value": 0.015606546579521803, "supply": [{"l": "Grapes", "v": 0.0018880726427946625}, {"l": "Fruits, Other", "v": 0.012218255418723597}, {"l": "Oranges, Mandarines", "v": 0.00040047326967452835}, {"l": "Apples", "v": 0.0010997452483290156}]}, {"source": 24, "prod": 9.0, "target": 10, "value": 0.030480770299405827, "supply": [{"l": "Nuts", "v": 0.023405742535155826}, {"l": "Infant food", "v": 0.0070750277642500003}]}, {"source": 24, "prod": 190.0, "target": 1, "value": 0.18993391833269949, "supply": [{"l": "Eggs", "v": 0.030684087803649462}, {"l": "Pigmeat", "v": 0.0072771714146571435}, {"l": "Milk - Excluding Butter", "v": 0.069835403362640089}, {"l": "Pelagic Fish", "v": 0.016036729598966667}, {"l": "Fish, Seafood", "v": 0.017606059874170507}, {"l": "Bovine Meat", "v": 0.020329166499886416}, {"l": "Poultry Meat", "v": 0.027187185341275285}, {"l": "Demersal Fish", "v": 0.00097811443745391704}]}, {"source": 24, "prod": 1652.0, "target": 7, "value": 5.244933567811656, "supply": [{"l": "Maize", "v": 0.23323653558160998}, {"l": "Rye", "v": 0.0056600222113999997}, {"l": "Barley", "v": 0.17586497585421426}, {"l": "Rice", "v": 0.082148933484902778}, {"l": "Cereals, Other", "v": 0.091105673136986726}, {"l": "Wheat", "v": 4.6526724108839925}, {"l": "Oats", "v": 0.00424501665855}]}, {"source": 24, "prod": 11.0, "target": 6, "value": 0.0060485988658095851, "supply": [{"l": "Peas", "v": 0.0016496178724935231}, {"l": "Beans", "v": 0.0010997452483290156}, {"l": "Pulses, Other", "v": 0.0032992357449870462}]}, {"source": 24, "prod": 459.0, "target": 21, "value": 2.2809337751465426, "supply": [{"l": "Alcohol, Non-Food", "v": 0.0012485343113382355}, {"l": "Sugar", "v": 1.1206843978572001}, {"l": "Maize Germ Oil", "v": 0.23923901830636091}, {"l": "Beer", "v": 0.00056839546520401699}, {"l": "Beverages, Alcoholic", "v": 0.010233522301861609}, {"l": "Butter, Ghee", "v": 0.0679202665368}, {"l": "Fats, Animals, Raw", "v": 0.072771714146571437}, {"l": "Soyabean Oil", "v": 0.020214365040714291}, {"l": "Palm Oil", "v": 0.39640085135473951}, {"l": "Sunflowerseed Oil", "v": 0.31837624939125003}, {"l": "Olive Oil", "v": 0.0094333703523333343}, {"l": "Sweeteners, Other", "v": 0.016565918667512194}, {"l": "Cream", "v": 0.0072771714146571435}]}, {"source": 24, "prod": 7.0, "target": 9, "value": 0.023325859454831059, "supply": [{"l": "Treenuts", "v": 0.023325859454831059}]}, {"source": 24, "prod": 124.0, "target": 3, "value": 0.02969197592710111, "supply": [{"l": "Vegetables, Other", "v": 0.025090163194356883}, {"l": "Tomatoes", "v": 0.0027925355207889789}, {"l": "Onions", "v": 0.0018092772119552478}]}, {"source": 24, "prod": 23.0, "target": 17, "value": 0.11683536309596655, "supply": [{"l": "Coffee", "v": 0.014168974082180515}, {"l": "Cocoa Beans", "v": 0.097088994863866324}, {"l": "Tea", "v": 0.0055773941499197089}]}, {"source": 24, "prod": 106.0, "target": 19, "value": 0.06319660715494943, "supply": [{"l": "Grapefruit", "v": 0.00062935754759822088}, {"l": "Grapes", "v": 0.0088110056663750925}, {"l": "Apples", "v": 0.006048598865809586}, {"l": "Lemons, Limes", "v": 0.0015722283920555555}, {"l": "Pineapples", "v": 0.0018880726427946625}, {"l": "Bananas", "v": 0.01555942360902789}, {"l": "Fruits, Other", "v": 0.022280348116495971}, {"l": "Oranges, Mandarines", "v": 0.0064075723147924537}]}, {"source": 24, "prod": 25.0, "target": 2, "value": 0.15160773780535719, "supply": [{"l": "Olives", "v": 0.0060643095122142861}, {"l": "Sunflower seed", "v": 0.078836023658785725}, {"l": "Groundnuts", "v": 0.012128619024428572}, {"l": "Soyabeans", "v": 0.054578785609928585}]}, {"source": 24, "prod": 1.0, "target": 16, "value": 0.0047166851761666672, "supply": [{"l": "Spices, Other", "v": 0.0047166851761666672}]}, {"source": 24, "prod": 73.0, "target": 5, "value": 0.056788810942368186, "supply": [{"l": "Potatoes", "v": 0.056788810942368186}]}, {"source": 2, "prod": 3.0, "target": 25, "value": 0.018192928536642859, "supply": [{"l": "Cottonseed", "v": 0.018192928536642859}]}, {"source": 9, "prod": 27.0, "target": 25, "value": 0.089971172182919806, "supply": [{"l": "Treenuts", "v": 0.089971172182919806}]}, {"source": 3, "prod": 70.0, "target": 25, "value": 0.015687264453956407, "supply": [{"l": "Tomatoes", "v": 0.0089760070311074337}, {"l": "Vegetables, Other", "v": 0.0045401247685026742}, {"l": "Onions", "v": 0.0021711326543462973}]}, {"source": 10, "prod": 27.0, "target": 25, "value": 0.090279292635601027, "supply": [{"l": "Nuts", "v": 0.090279292635601027}]}, {"source": 4, "prod": 23.0, "target": 25, "value": 0.026731111060000003, "supply": [{"l": "Sugar beet", "v": 0.026731111060000003}]}, {"source": 11, "prod": 8.0, "target": 25, "value": 0.016476193858552788, "supply": [{"l": "Beverages, Alcoholic", "v": 0.010233522301861609}, {"l": "Wine", "v": 0.0062426715566911784}]}, {"source": 12, "prod": 15.0, "target": 25, "value": 0.090964642683214303, "supply": [{"l": "Fats, Animals, Raw", "v": 0.090964642683214303}]}, {"source": 5, "prod": 92.0, "target": 25, "value": 0.071569460365724299, "supply": [{"l": "Potatoes", "v": 0.071569460365724299}]}, {"source": 7, "prod": 6.0, "target": 25, "value": 0.019068329552803246, "supply": [{"l": "Wheat", "v": 0.019068329552803246}]}, {"source": 14, "prod": 241.0, "target": 25, "value": 0.81843921176844003, "supply": [{"l": "Sugar", "v": 0.81843921176844003}]}, {"source": 19, "prod": 189.0, "target": 25, "value": 0.12709703856998542, "supply": [{"l": "Fruits, Other", "v": 0.099902206070739991}, {"l": "Apples", "v": 0.02639388595989637}, {"l": "Oranges, Mandarines", "v": 0.00080094653934905671}]}, {"source": 15, "prod": 49.0, "target": 25, "value": 0.51729821335194237, "supply": [{"l": "Maize Germ Oil", "v": 0.12482035737723178}, {"l": "Cottonseed Oil", "v": 0.010426356705210527}, {"l": "Sunflowerseed Oil", "v": 0.38205149926949999}]}, {"source": 17, "prod": 10.0, "target": 25, "value": 0.022610228209520487, "supply": [{"l": "Cocoa Beans", "v": 0.01765254452070297}, {"l": "Tea", "v": 0.0049576836888175187}]}, {"source": 20, "prod": 2.0, "target": 25, "value": 0.005082291624971604, "supply": [{"l": "Bovine Meat", "v": 0.005082291624971604}]}, {"source": 26, "prod": 1.0, "target": 2, "value": 0.0060643095122142861, "supply": [{"l": "Olives", "v": 0.0060643095122142861}]}, {"source": 7, "prod": 90.0, "target": 27, "value": 0.28576284479164826, "supply": [{"l": "Maize", "v": 0.031518450754271614}, {"l": "Wheat", "v": 0.25424439403737664}]}, {"source": 15, "prod": 4.0, "target": 27, "value": 0.039814933572095146, "supply": [{"l": "Cottonseed Oil", "v": 0.010426356705210527}, {"l": "Oilcrops Oil, Other", "v": 0.029388576866884623}]}, {"source": 12, "prod": 5.0, "target": 27, "value": 0.030321547561071433, "supply": [{"l": "Fats, Animals, Raw", "v": 0.030321547561071433}]}, {"source": 26, "prod": 39.0, "target": 21, "value": 0.14371937911829252, "supply": [{"l": "Soyabean Oil", "v": 0.020214365040714291}, {"l": "Sugar", "v": 0.12225647976624}, {"l": "Wine", "v": 0.0012485343113382355}]}, {"source": 5, "prod": 3.0, "target": 27, "value": 0.0023337867510562272, "supply": [{"l": "Potatoes", "v": 0.0023337867510562272}]}, {"source": 26, "prod": 6.0, "target": 7, "value": 0.018192928536642856, "supply": [{"l": "Barley", "v": 0.018192928536642856}]}, {"source": 1, "prod": 1727.0, "target": 0, "value": 1.1486261105455182, "supply": [{"l": "Milk - Excluding Butter", "v": 1.1486261105455182}]}, {"source": 1, "prod": 75.0, "target": 18, "value": 0.12112139922493208, "supply": [{"l": "Eggs", "v": 0.12919615917326088}]}, {"source": 1, "prod": 326.0, "target": 20, "value": 0.72074826319993857, "supply": [{"l": "Poultry Meat", "v": 0.12878140424814608}, {"l": "Bovine Meat", "v": 0.31764322656072524}, {"l": "Pigmeat", "v": 0.0072771714146571435}, {"l": "Offals, Edible", "v": 0.041834946779913042}, {"l": "Mutton & Goat Meat", "v": 0.22521151419649693}]}, {"source": 1, "prod": 40.0, "target": 13, "value": 0.038200227390238629, "supply": [{"l": "Freshwater Fish", "v": 0.0016230946047397061}, {"l": "Pelagic Fish", "v": 0.016036729598966667}, {"l": "Demersal Fish", "v": 0.00097811443745391704}, {"l": "Fish, Seafood", "v": 0.019562288749078342}]}, {"source": 21, "prod": 389.0, "target": 14, "value": 1.3104469961935523, "supply": [{"l": "Honey", "v": 0.0067920266536800004}, {"l": "Sweeteners, Other", "v": 0.016565918667512194}, {"l": "Sugar", "v": 1.28708905087236}]}, {"source": 21, "prod": 116.0, "target": 15, "value": 1.2010353626621653, "supply": [{"l": "Olive Oil", "v": 0.0094333703523333343}, {"l": "Soyabean Oil", "v": 0.040428730081428582}, {"l": "Cottonseed Oil", "v": 0.020852713410421053}, {"l": "Maize Germ Oil", "v": 0.28084580409877152}, {"l": "Palm Oil", "v": 0.39640085135473951}, {"l": "Oilcrops Oil, Other", "v": 0.039184769155846164}, {"l": "Sunflowerseed Oil", "v": 0.413889124208625}]}, {"source": 21, "prod": 51.0, "target": 12, "value": 0.3808386373670572, "supply": [{"l": "Fats, Animals, Raw", "v": 0.12735049975650004}, {"l": "Butter, Ghee", "v": 0.24621096619590002}, {"l": "Cream", "v": 0.0072771714146571435}]}, {"source": 21, "prod": 497.0, "target": 11, "value": 0.56152054482159031, "supply": [{"l": "Beer", "v": 0.22281102235997469}, {"l": "Beverages, Alcoholic", "v": 0.32747271365957142}, {"l": "Alcohol, Non-Food", "v": 0.0012485343113382355}, {"l": "Wine", "v": 0.009988274490705884}]}, {"source": 2, "prod": 96.0, "target": 28, "value": 0.33471999936000002, "supply": [{"l": "Olives", "v": 0.0087166666499999997}, {"l": "Sunflower seed", "v": 0.090653333160000002}, {"l": "Cottonseed", "v": 0.15341333304000002}, {"l": "Groundnuts", "v": 0.0034866666600000002}, {"l": "Oilcrops, Other", "v": 0.062759999880000014}, {"l": "Soyabeans", "v": 0.015689999970000004}]}, {"source": 3, "prod": 1759.5, "target": 28, "value": 6.1954622785670432, "supply": [{"l": "Tomatoes", "v": 1.6404766635299997}, {"l": "Vegetables, Other", "v": 3.8492799926399996}, {"l": "Onions", "v": 0.64503333210000013}]}, {"source": 4, "prod": 101.2, "target": 28, "value": 0.117616888664, "supply": [{"l": "Sugar beet", "v": 0.117616888664}]}, {"source": 5, "prod": 488.0, "target": 28, "value": 1.7014933300800001, "supply": [{"l": "Potatoes", "v": 1.7014933300800001}]}, {"source": 6, "prod": 29.0, "target": 28, "value": 0.10111333314, "supply": [{"l": "Peas", "v": 0.040096666590000003}, {"l": "Beans", "v": 0.040096666589999996}, {"l": "Pulses, Other", "v": 0.020919999960000001}]}, {"source": 7, "prod": 6396.0, "target": 28, "value": 22.195621594196208, "supply": [{"l": "Maize", "v": 1.32144666414}, {"l": "Rye", "v": 0.0034866666599999998}, {"l": "Barley", "v": 4.3291231493018003}, {"l": "Rice", "v": 0.083679999840000005}, {"l": "Cereals, Other", "v": 0.11854666644}, {"l": "Wheat", "v": 16.223459968980002}, {"l": "Oats", "v": 0.031379999939999993}]}, {"source": 29, "prod": 0, "target": 2, "value": 0.019137057530403383, "supply": "[{\"l\":'Energy for power irrigation',\"v\":0.019137057530403383}]"}, {"source": 29, "prod": 0, "target": 9, "value": 0.0099672174637517631, "supply": "[{\"l\":'Energy for power irrigation',\"v\":0.0099672174637517631}]"}, {"source": 29, "prod": 0, "target": 3, "value": 0.35074638254942453, "supply": "[{\"l\":'Energy for power irrigation',\"v\":0.35074638254942453}]"}, {"source": 29, "prod": 0, "target": 4, "value": 0.050434120366583915, "supply": "[{\"l\":'Energy for power irrigation',\"v\":0.050434120366583915}]"}, {"source": 29, "prod": 0, "target": 5, "value": 0.1945600848924344, "supply": "[{\"l\":'Energy for power irrigation',\"v\":0.1945600848924344}]"}, {"source": 29, "prod": 0, "target": 6, "value": 0.0057809861289760218, "supply": "[{\"l\":'Energy for power irrigation',\"v\":0.0057809861289760218}]"}, {"source": 29, "prod": 0, "target": 10, "value": 0.010166561813026798, "supply": "[{\"l\":'Energy for power irrigation',\"v\":0.010166561813026798}]"}, {"source": 29, "prod": 0, "target": 7, "value": 0.63750322898156275, "supply": "[{\"l\":'Energy for power irrigation',\"v\":0.63750322898156275}]"}, {"source": 29, "prod": 0, "target": 17, "value": 0.004584920033325811, "supply": "[{\"l\":'Energy for power irrigation',\"v\":0.004584920033325811}]"}, {"source": 29, "prod": 0, "target": 19, "value": 0.18080532479245698, "supply": "[{\"l\":'Energy for power irrigation',\"v\":0.18080532479245698}]"}, {"source": 29, "prod": 0, "target": 21, "value": 0.74000000059199988, "supply": "[{\"l\":'Electricity',\"v\":0.74000000059199988}]"}, {"source": 30, "prod": 0, "target": 29, "value": 3.5083839847736522, "supply": [{"l": "Coal", "v": 0.0}, {"l": "Natural gas", "v": 3.4117934033762878}, {"l": "Oil", "v": 0.096590581397364414}]}, {"source": 31, "prod": 0, "target": 29, "value": 0.29059476453062644, "supply": [{"l": "Nuclear", "v": 0.0}, {"l": "Hydroelectric", "v": 0.29059476453062644}, {"l": "Renewable", "v": 0.0}]}, {"source": 30, "prod": 0, "target": 2, "value": 0.082696371582570552, "supply": [{"l": "Motor Gasoline", "v": 0.0017696672582135913}, {"l": "Gas-Diesel oil", "v": 0.049814335688314851}, {"l": "Natural gas (including LNG)", "v": 0.0039729447578199639}, {"l": "Fuel oil", "v": 0.00029343138613514911}, {"l": "Other fossil fuels", "v": 0.026845992492086978}]}, {"source": 30, "prod": 0, "target": 9, "value": 0.043071026865922159, "supply": [{"l": "Motor Gasoline", "v": 0.00092170169698624544}, {"l": "Gas-Diesel oil", "v": 0.025944966504330653}, {"l": "Natural gas (including LNG)", "v": 0.0020692420613645647}, {"l": "Fuel oil", "v": 0.00015282884694539016}, {"l": "Other fossil fuels", "v": 0.013982287756295302}]}, {"source": 30, "prod": 0, "target": 3, "value": 1.5156694354118008, "supply": [{"l": "Motor Gasoline", "v": 0.032434682716945981}, {"l": "Gas-Diesel oil", "v": 0.91300337128739573}, {"l": "Natural gas (including LNG)", "v": 0.072816628139419026}, {"l": "Fuel oil", "v": 0.0053780471240082797}, {"l": "Other fossil fuels", "v": 0.49203670614403167}]}, {"source": 30, "prod": 0, "target": 4, "value": 0.21793939594156611, "supply": [{"l": "Motor Gasoline", "v": 0.0046638105867504017}, {"l": "Gas-Diesel oil", "v": 0.1312815305119131}, {"l": "Natural gas (including LNG)", "v": 0.010470364830504697}, {"l": "Fuel oil", "v": 0.00077331396554367418}, {"l": "Other fossil fuels", "v": 0.070750376046854219}]}, {"source": 30, "prod": 0, "target": 5, "value": 0.84074644442280055, "supply": [{"l": "Motor Gasoline", "v": 0.01799161712517151}, {"l": "Gas-Diesel oil", "v": 0.50644574616453431}, {"l": "Natural gas (including LNG)", "v": 0.040391605037836301}, {"l": "Fuel oil", "v": 0.0029832190923740161}, {"l": "Other fossil fuels", "v": 0.27293425700288432}]}, {"source": 30, "prod": 0, "target": 6, "value": 0.024981195582234848, "supply": [{"l": "Motor Gasoline", "v": 0.00053458698425202231}, {"l": "Gas-Diesel oil", "v": 0.015048080572511778}, {"l": "Natural gas (including LNG)", "v": 0.0012001603955914474}, {"l": "Fuel oil", "v": 8.8640731228326281e-05}, {"l": "Other fossil fuels", "v": 0.0081097268986512743}]}, {"source": 30, "prod": 0, "target": 10, "value": 0.0439324474032406, "supply": [{"l": "Motor Gasoline", "v": 0.00094013573092597039}, {"l": "Gas-Diesel oil", "v": 0.026463865834417264}, {"l": "Natural gas (including LNG)", "v": 0.0021106269025918559}, {"l": "Fuel oil", "v": 0.00015588542388429794}, {"l": "Other fossil fuels", "v": 0.014261933511421207}]}, {"source": 30, "prod": 0, "target": 7, "value": 2.7548228783443811, "supply": [{"l": "Motor Gasoline", "v": 0.058952040539240261}, {"l": "Gas-Diesel oil", "v": 1.6594400576169885}, {"l": "Natural gas (including LNG)", "v": 0.13234872224487756}, {"l": "Fuel oil", "v": 0.0097749330506271548}, {"l": "Other fossil fuels", "v": 0.89430712489264752}]}, {"source": 30, "prod": 0, "target": 17, "value": 0.019812672358324193, "supply": [{"l": "Motor Gasoline", "v": 0.00042398278061367293}, {"l": "Gas-Diesel oil", "v": 0.0119346845919921}, {"l": "Natural gas (including LNG)", "v": 0.0009518513482276998}, {"l": "Fuel oil", "v": 7.0301269594879478e-05}, {"l": "Other fossil fuels", "v": 0.0064318523678958388}]}, {"source": 30, "prod": 0, "target": 19, "value": 0.78130842734782791, "supply": [{"l": "Motor Gasoline", "v": 0.016719668783330491}, {"l": "Gas-Diesel oil", "v": 0.47064169238855802}, {"l": "Natural gas (including LNG)", "v": 0.0375360509931532}, {"l": "Fuel oil", "v": 0.0027723152835893773}, {"l": "Other fossil fuels", "v": 0.25363869989919674}]}, {"source": 30, "prod": 0, "target": 1, "value": 0.85073111179169592, "supply": [{"l": "Gas-diesel oils used in fisheries", "v": 0.85073111179169592}]}, {"source": 32, "prod": 0.38396077897317177, "target": 2, "value": 0.0056966671614868351, "supply": [{"l": "Potash", "v": 0.0095940722298974799}, {"l": "Phosphate", "v": 0.013108958343820499}, {"l": "Nitrogen", "v": 0.41303266699709273}]}, {"source": 32, "prod": 0.19997957238186029, "target": 9, "value": 0.0029670141466077264, "supply": [{"l": "Potash", "v": 0.0095940722298974799}, {"l": "Phosphate", "v": 0.013108958343820499}, {"l": "Nitrogen", "v": 0.41303266699709273}]}, {"source": 32, "prod": 7.0372811521176635, "target": 3, "value": 0.1044092278191259, "supply": [{"l": "Potash", "v": 0.0095940722298974799}, {"l": "Phosphate", "v": 0.013108958343820499}, {"l": "Nitrogen", "v": 0.41303266699709273}]}, {"source": 32, "prod": 1.011896636252213, "target": 4, "value": 0.015013091581835095, "supply": [{"l": "Potash", "v": 0.0095940722298974799}, {"l": "Phosphate", "v": 0.013108958343820499}, {"l": "Nitrogen", "v": 0.41303266699709273}]}, {"source": 32, "prod": 3.9036012528939126, "target": 5, "value": 0.057916116141782825, "supply": [{"l": "Potash", "v": 0.0095940722298974799}, {"l": "Phosphate", "v": 0.013108958343820499}, {"l": "Nitrogen", "v": 0.41303266699709273}]}, {"source": 32, "prod": 0.11598815198147895, "target": 6, "value": 0.0017208682050324812, "supply": [{"l": "Potash", "v": 0.0095940722298974799}, {"l": "Phosphate", "v": 0.013108958343820499}, {"l": "Nitrogen", "v": 0.41303266699709273}]}, {"source": 32, "prod": 0.20397916382949749, "target": 10, "value": 0.0030263544295398809, "supply": [{"l": "Potash", "v": 0.0095940722298974799}, {"l": "Phosphate", "v": 0.013108958343820499}, {"l": "Nitrogen", "v": 0.41303266699709273}]}, {"source": 32, "prod": 12.790693449543783, "target": 7, "value": 0.18977022481703018, "supply": [{"l": "Potash", "v": 0.0095940722298974799}, {"l": "Phosphate", "v": 0.013108958343820499}, {"l": "Nitrogen", "v": 0.41303266699709273}]}, {"source": 32, "prod": 0.091990603295655726, "target": 17, "value": 0.0013648265074395543, "supply": [{"l": "Potash", "v": 0.0095940722298974799}, {"l": "Phosphate", "v": 0.013108958343820499}, {"l": "Nitrogen", "v": 0.41303266699709273}]}, {"source": 32, "prod": 3.6276294430069456, "target": 19, "value": 0.05382163661946416, "supply": [{"l": "Potash", "v": 0.0095940722298974799}, {"l": "Phosphate", "v": 0.013108958343820499}, {"l": "Nitrogen", "v": 0.41303266699709273}]}, {"source": 30, "prod": 0, "target": 32, "value": 0.52286909457623765, "supply": [{"l": "Natural gas (including LNG)", "v": 0.3527493859986684}, {"l": "Fuel oil", "v": 0.09710743399373567}, {"l": "Liquefied petroleum gas (LPG)", "v": 0.03650613729191677}, {"l": "Coal", "v": 0.03650613729191677}]}, {"source": 33, "prod": 0, "target": 5, "value": 0.11531935868927787, "supply": "[{\"l\":'Labor',\"v\":0.11531935868927787}]"}, {"source": 33, "prod": 0, "target": 2, "value": 0.01134288773992897, "supply": "[{\"l\":'Labor',\"v\":0.01134288773992897}]"}, {"source": 33, "prod": 0, "target": 9, "value": 0.0059077540312130056, "supply": "[{\"l\":'Labor',\"v\":0.0059077540312130056}]"}, {"source": 33, "prod": 0, "target": 3, "value": 0.20789386435838567, "supply": "[{\"l\":'Labor',\"v\":0.20789386435838567}]"}, {"source": 33, "prod": 0, "target": 4, "value": 0.029893235397937805, "supply": "[{\"l\":'Labor',\"v\":0.029893235397937805}]"}, {"source": 33, "prod": 0, "target": 6, "value": 0.0034264973381035427, "supply": "[{\"l\":'Labor',\"v\":0.0034264973381035427}]"}, {"source": 33, "prod": 0, "target": 10, "value": 0.0060259091118372654, "supply": "[{\"l\":'Labor',\"v\":0.0060259091118372654}]"}, {"source": 33, "prod": 0, "target": 7, "value": 0.37785994783638382, "supply": "[{\"l\":'Labor',\"v\":0.37785994783638382}]"}, {"source": 33, "prod": 0, "target": 16, "value": 5.9077540312130043e-05, "supply": "[{\"l\":'Labor',\"v\":5.9077540312130043e-05}]"}, {"source": 33, "prod": 0, "target": 17, "value": 0.0027175668543579826, "supply": "[{\"l\":'Labor',\"v\":0.0027175668543579826}]"}, {"source": 33, "prod": 0, "target": 19, "value": 0.10716665812620391, "supply": "[{\"l\":'Labor',\"v\":0.10716665812620391}]"}, {"source": 30, "prod": 0, "target": 24, "value": 2.9608733171039465, "supply": "[{\"l\":'Fossil Fuels',\"v\":2.9608733171039465}]"}, {"source": 31, "prod": 0, "target": 24, "value": 0.078693832893922844, "supply": "[{\"l\":'Renewables & Nuclear',\"v\":0.055432800420180242},{\"l\":'Biomass & Waste',\"v\":0.023261032473742595}]"}]}