{"nodes": [{"name": "Balance", "fill": "#9edae5"}, {"name": "Food", "fill": "#b5cf6b"}, {"name": "Stock Deposit", "fill": "#c7c7c7"}, {"name": "Export", "fill": "#aec7e8"}, {"name": "Biofuels & Other", "fill": "#e7ba52"}, {"name": "Renewables & Nuclear", "fill": "#2ca02c"}, {"name": "Fossil Fuels", "fill": "#c49c94"}, {"name": "Labor", "fill": "#7f7f7f"}], "links": [{"source": 0, "target": 1, "value": 9.4086405591242723}, {"source": 0, "target": 2, "value": 1.0830779589501778}, {"source": 0, "target": 3, "value": 0.30340946786468481}, {"source": 0, "target": 4, "value": 0.028943295399204545}, {"source": 5, "target": 0, "value": 0.74540779154914916}, {"source": 6, "target": 0, "value": 0.30638268228119192}, {"source": 7, "target": 0, "value": 2.1823257651884167}]}