{"nodes": [{"layer": 13, "name": "Animal Products", "fill": "#17becf"}, {"layer": 10, "name": "Feed", "fill": "#dbdb8d"}, {"layer": 5, "name": "Cereals", "fill": "#e7ba52"}, {"layer": 13, "name": "Other Processed", "fill": "#9c9ede"}, {"layer": 16, "name": "Food", "fill": "#b5cf6b"}, {"layer": 5, "name": "Oilcrops", "fill": "#ff9896"}, {"layer": 5, "name": "Fruits, Roots & Vegetables", "fill": "#98df8a"}, {"layer": 5, "name": "Sugar Crops", "fill": "#ffbb78"}, {"layer": 13, "name": "Sugar", "fill": "#d6616b"}, {"layer": 13, "name": "Aquatic Products", "fill": "#1f77b4"}, {"layer": 13, "name": "Vegetable Oils", "fill": "#f7b6d2"}, {"layer": 10, "name": "Processing", "fill": "#9edae5"}, {"layer": 16, "name": "Biofuels & Other", "fill": "#e7ba52"}, {"name": "Seed", "fill": "#dbdb8d"}, {"name": "Waste", "fill": "#c7c7c7"}, {"layer": 0, "name": "Import", "fill": "#aec7e8"}, {"layer": 16, "name": "Export", "fill": "#aec7e8"}, {"layer": 16, "name": "Stock Deposit", "fill": "#c7c7c7"}, {"layer": 0, "name": "Production", "fill": "#b5cf6b"}], "links": [{"source": 0, "prod": 0.068912127447428959, "target": 1, "value": 76.0, "supply": [{"l": "Milk - Excluding Butter", "v": 76.0}]}, {"source": 2, "prod": 0.9601578319315317, "target": 1, "value": 248.0, "supply": [{"l": "Maize", "v": 159.0}, {"l": "Rice", "v": 88.0}, {"l": "Wheat", "v": 1.0}]}, {"source": 3, "prod": 0.083606120775100615, "target": 4, "value": 8.0, "supply": [{"l": "Butter, Ghee", "v": 5.0}, {"l": "Fats, Animals, Raw", "v": 3.0}]}, {"source": 0, "prod": 0.66769791553931734, "target": 4, "value": 623.0, "supply": [{"l": "Pigmeat", "v": 4.0}, {"l": "Milk - Excluding Butter", "v": 519.0}, {"l": "Mutton & Goat Meat", "v": 20.0}, {"l": "Eggs", "v": 11.0}, {"l": "Poultry Meat", "v": 4.0}, {"l": "Offals, Edible", "v": 15.0}, {"l": "Bovine Meat", "v": 50.0}]}, {"source": 2, "prod": 6.8499367003038607, "target": 4, "value": 1763.0, "supply": [{"l": "Maize", "v": 545.0}, {"l": "Barley", "v": 20.0}, {"l": "Rice", "v": 917.0}, {"l": "Wheat", "v": 173.0}, {"l": "Millet", "v": 108.0}]}, {"source": 5, "prod": 0.0023244444400000001, "target": 4, "value": 2.0, "supply": [{"l": "Rape and Mustardseed", "v": 2.0}]}, {"source": 6, "prod": 0.68182031485403805, "target": 4, "value": 602.0, "supply": [{"l": "Roots, Other", "v": 48.0}, {"l": "Potatoes", "v": 180.0}, {"l": "Pimento", "v": 8.0}, {"l": "Fruits, Other", "v": 99.0}, {"l": "Beans", "v": 8.0}, {"l": "Spices, Other", "v": 5.0}, {"l": "Tea", "v": 1.0}, {"l": "Vegetables, Other", "v": 162.0}, {"l": "Pulses, Other", "v": 91.0}]}, {"source": 7, "prod": 0.0048139364169123714, "target": 4, "value": 11.0, "supply": [{"l": "Sugar cane", "v": 11.0}]}, {"source": 8, "prod": 0.071245034828811185, "target": 4, "value": 16.0, "supply": [{"l": "Sugar", "v": 16.0}]}, {"source": 9, "prod": 0.0036339784446412296, "target": 4, "value": 4.0, "supply": [{"l": "Freshwater Fish", "v": 2.0}, {"l": "Fish, Seafood", "v": 2.0}]}, {"source": 10, "prod": 0.24037732367126691, "target": 4, "value": 23.0, "supply": [{"l": "Ricebran Oil", "v": 4.0}, {"l": "Rape and Mustard Oil", "v": 19.0}]}, {"source": 7, "prod": 0.041574905418788666, "target": 11, "value": 95.0, "supply": [{"l": "Sugar cane", "v": 95.0}]}, {"source": 5, "prod": 0.12512642905368182, "target": 11, "value": 60.0, "supply": [{"l": "Soyabeans", "v": 3.0}, {"l": "Oilcrops, Other", "v": 8.0}, {"l": "Rape and Mustardseed", "v": 49.0}]}, {"source": 10, "prod": 0.031837624939125002, "target": 12, "value": 3.0, "supply": [{"l": "Oilcrops Oil, Other", "v": 3.0}]}, {"source": 6, "prod": 0.052933400840537152, "target": 13, "value": 43.0, "supply": [{"l": "Potatoes", "v": 36.0}, {"l": "Pulses, Other", "v": 7.0}]}, {"source": 7, "prod": 0.013128917500670103, "target": 13, "value": 30.0, "supply": [{"l": "Sugar cane", "v": 30.0}]}, {"source": 2, "prod": 0.28460070738094811, "target": 13, "value": 73.0, "supply": [{"l": "Maize", "v": 9.0}, {"l": "Wheat", "v": 16.0}, {"l": "Barley", "v": 1.0}, {"l": "Rice", "v": 45.0}, {"l": "Millet", "v": 2.0}]}, {"source": 5, "prod": 0.0082372499842499995, "target": 13, "value": 2.0, "supply": [{"l": "Oilcrops, Other", "v": 1.0}, {"l": "Rape and Mustardseed", "v": 1.0}]}, {"source": 6, "prod": 0.056629210683768964, "target": 14, "value": 75.0, "supply": [{"l": "Vegetables, Other", "v": 18.0}, {"l": "Potatoes", "v": 35.0}, {"l": "Roots, Other", "v": 8.0}, {"l": "Fruits, Other", "v": 11.0}, {"l": "Pulses, Other", "v": 3.0}]}, {"source": 7, "prod": 0.0083149810837577325, "target": 14, "value": 19.0, "supply": [{"l": "Sugar cane", "v": 19.0}]}, {"source": 0, "prod": 0.026295417052308419, "target": 14, "value": 29.0, "supply": [{"l": "Milk - Excluding Butter", "v": 29.0}]}, {"source": 2, "prod": 1.106816593480082, "target": 14, "value": 282.0, "supply": [{"l": "Maize", "v": 79.0}, {"l": "Wheat", "v": 12.0}, {"l": "Millet", "v": 14.0}, {"l": "Barley", "v": 2.0}, {"l": "Rice", "v": 175.0}]}, {"source": 5, "prod": 0.0011622222200000001, "target": 14, "value": 1.0, "supply": [{"l": "Rape and Mustardseed", "v": 1.0}]}, {"source": 15, "prod": 0.031169702737604898, "target": 11, "value": 7.0, "supply": [{"l": "Sugar", "v": 7.0}]}, {"source": 15, "prod": 0.0036163313604947577, "target": 2, "value": 1.0, "supply": [{"l": "Wheat", "v": 1.0}]}, {"source": 15, "prod": 0.024148878709849289, "target": 6, "value": 9.0, "supply": [{"l": "Potatoes", "v": 2.0}, {"l": "Tea", "v": 1.0}, {"l": "Pulses, Other", "v": 6.0}]}, {"source": 6, "prod": 0.011493328244924644, "target": 16, "value": 4.0, "supply": [{"l": "Pulses, Other", "v": 3.0}, {"l": "Potatoes", "v": 1.0}]}, {"source": 7, "prod": 0.011816025750603094, "target": 16, "value": 27.0, "supply": [{"l": "Sugar cane", "v": 27.0}]}, {"source": 2, "prod": 1.098889349172929, "target": 16, "value": 272.0, "supply": [{"l": "Maize", "v": 3.0}, {"l": "Wheat", "v": 1.0}, {"l": "Rice", "v": 267.0}, {"l": "Millet", "v": 1.0}]}, {"source": 3, "prod": 0.031061097501585363, "target": 16, "value": 3.0, "supply": [{"l": "Butter, Ghee", "v": 3.0}]}, {"source": 7, "prod": 0.0030634140834896913, "target": 17, "value": 7.0, "supply": [{"l": "Sugar cane", "v": 7.0}]}, {"source": 2, "prod": 0.12467540993646567, "target": 17, "value": 34.0, "supply": [{"l": "Rice", "v": 4.0}, {"l": "Wheat", "v": 30.0}]}, {"source": 5, "prod": 0.0011622222200000001, "target": 17, "value": 1.0, "supply": [{"l": "Rape and Mustardseed", "v": 1.0}]}, {"source": 18, "prod": 10.42103022492541, "target": 2, "value": 2671.0, "supply": [{"l": "Maize", "v": 795.0}, {"l": "Barley", "v": 23.0}, {"l": "Rice", "v": 1495.0}, {"l": "Wheat", "v": 233.0}, {"l": "Millet", "v": 125.0}]}, {"source": 18, "prod": 0.14894670173540911, "target": 5, "value": 68.0, "supply": [{"l": "Soyabeans", "v": 4.0}, {"l": "Rape and Mustardseed", "v": 54.0}, {"l": "Oilcrops, Other", "v": 10.0}]}, {"source": 18, "prod": 0.78580240367766951, "target": 6, "value": 717.0, "supply": [{"l": "Roots, Other", "v": 56.0}, {"l": "Potatoes", "v": 250.0}, {"l": "Fruits, Other", "v": 110.0}, {"l": "Beans", "v": 9.0}, {"l": "Spices, Other", "v": 6.0}, {"l": "Vegetables, Other", "v": 180.0}, {"l": "Pimento", "v": 8.0}, {"l": "Pulses, Other", "v": 98.0}]}, {"source": 18, "prod": 0.082712180254221668, "target": 7, "value": 189.0, "supply": [{"l": "Sugar cane", "v": 189.0}]}, {"source": 1, "prod": 0.0036339784446412296, "target": 9, "value": 4.0, "supply": [{"l": "Freshwater Fish", "v": 2.0}, {"l": "Fish, Seafood", "v": 2.0}]}, {"source": 1, "prod": 0.76290546003905468, "target": 0, "value": 728.0, "supply": [{"l": "Poultry Meat", "v": 4.0}, {"l": "Pigmeat", "v": 4.0}, {"l": "Bovine Meat", "v": 50.0}, {"l": "Eggs", "v": 11.0}, {"l": "Milk - Excluding Butter", "v": 624.0}, {"l": "Offals, Edible", "v": 15.0}, {"l": "Mutton & Goat Meat", "v": 20.0}]}, {"source": 11, "prod": 0.11466721827668598, "target": 3, "value": 11.0, "supply": [{"l": "Fats, Animals, Raw", "v": 3.0}, {"l": "Butter, Ghee", "v": 8.0}]}, {"source": 11, "prod": 0.27221494861039192, "target": 10, "value": 26.0, "supply": [{"l": "Ricebran Oil", "v": 4.0}, {"l": "Oilcrops Oil, Other", "v": 3.0}, {"l": "Rape and Mustard Oil", "v": 19.0}]}, {"source": 11, "prod": 0.071245034828811185, "target": 8, "value": 16.0, "supply": [{"l": "Sugar", "v": 16.0}]}]}