{"nodes": [{"layer": 13, "name": "Animal Products", "fill": "#17becf"}, {"layer": 10, "name": "Feed", "fill": "#dbdb8d"}, {"layer": 5, "name": "Cereals", "fill": "#e7ba52"}, {"layer": 13, "name": "Other Processed", "fill": "#9c9ede"}, {"layer": 16, "name": "Food", "fill": "#b5cf6b"}, {"layer": 5, "name": "Oilcrops", "fill": "#ff9896"}, {"layer": 5, "name": "Sugar Crops", "fill": "#ffbb78"}, {"layer": 13, "name": "Sugar", "fill": "#d6616b"}, {"layer": 5, "name": "Starchy Roots"}, {"layer": 5, "name": "Fruits & Vegetables"}, {"layer": 5, "name": "Others"}, {"layer": 13, "name": "Aquatic Products", "fill": "#1f77b4"}, {"layer": 13, "name": "Vegetable Oils", "fill": "#f7b6d2"}, {"layer": 10, "name": "Processing", "fill": "#9edae5"}, {"layer": 16, "name": "Biofuels & Other", "fill": "#e7ba52"}, {"name": "Seed", "fill": "#dbdb8d"}, {"name": "Waste", "fill": "#c7c7c7"}, {"layer": 0, "name": "Import", "fill": "#aec7e8"}, {"layer": 16, "name": "Export", "fill": "#aec7e8"}, {"layer": 16, "name": "Stock Deposit", "fill": "#c7c7c7"}, {"layer": 0, "name": "Stock Draw", "fill": "#c7c7c7"}, {"layer": 0, "name": "Production", "fill": "#b5cf6b"}], "links": [{"source": 0, "prod": 0.10209988362773373, "target": 1, "value": 119.0, "supply": [{"l": "Milk - Excluding Butter", "v": 119.0}]}, {"source": 2, "prod": 1.1748617236332446, "target": 1, "value": 312.0, "supply": [{"l": "Maize", "v": 175.0}, {"l": "Rice", "v": 133.0}, {"l": "Wheat", "v": 4.0}]}, {"source": 3, "prod": 0.17954515284310904, "target": 4, "value": 20.0, "supply": [{"l": "Beer", "v": 2.0}, {"l": "Butter, Ghee", "v": 12.0}, {"l": "Fats, Animals, Raw", "v": 6.0}]}, {"source": 0, "prod": 0.91737816096917146, "target": 4, "value": 898.0, "supply": [{"l": "Eggs", "v": 13.0}, {"l": "Mutton & Goat Meat", "v": 28.0}, {"l": "Pigmeat", "v": 7.0}, {"l": "Milk - Excluding Butter", "v": 687.0}, {"l": "Bovine Meat", "v": 126.0}, {"l": "Poultry Meat", "v": 5.0}, {"l": "Offals, Edible", "v": 32.0}]}, {"source": 2, "prod": 10.098504264999972, "target": 4, "value": 2653.0, "supply": [{"l": "Maize", "v": 576.0}, {"l": "Barley", "v": 19.0}, {"l": "Rice", "v": 1457.0}, {"l": "Wheat", "v": 485.0}, {"l": "Millet", "v": 116.0}]}, {"source": 5, "prod": 0.0011622222200000001, "target": 4, "value": 1.0, "supply": [{"l": "Rape and Mustardseed", "v": 1.0}]}, {"source": 6, "prod": 0.041011177887686448, "target": 4, "value": 114.0, "supply": [{"l": "Sugar cane", "v": 114.0}]}, {"source": 7, "prod": 0.18413629636923445, "target": 4, "value": 49.0, "supply": [{"l": "Sugar", "v": 49.0}]}, {"source": 8, "prod": 0.37021512535751627, "target": 4, "value": 440.0, "supply": [{"l": "Roots, Other", "v": 119.0}, {"l": "Potatoes", "v": 321.0}]}, {"source": 9, "prod": 0.66700103661138443, "target": 4, "value": 1084.0, "supply": [{"l": "Vegetables, Other", "v": 668.0}, {"l": "Treenuts", "v": 1.0}, {"l": "Grapes", "v": 1.0}, {"l": "Beans", "v": 9.0}, {"l": "Apples", "v": 1.0}, {"l": "Bananas", "v": 1.0}, {"l": "Fruits, Other", "v": 309.0}, {"l": "Oranges, Mandarines", "v": 1.0}, {"l": "Onions", "v": 9.0}, {"l": "Pulses, Other", "v": 84.0}]}, {"source": 10, "prod": 0.096876439658513516, "target": 4, "value": 28.0, "supply": [{"l": "Nuts", "v": 1.0}, {"l": "Infant food", "v": 2.0}, {"l": "Pimento", "v": 14.0}, {"l": "Spices, Other", "v": 9.0}, {"l": "Tea", "v": 2.0}]}, {"source": 11, "prod": 0.014857558304925002, "target": 4, "value": 20.0, "supply": [{"l": "Marine Fish, Other", "v": 1.0}, {"l": "Freshwater Fish", "v": 9.0}, {"l": "Fish, Seafood", "v": 10.0}]}, {"source": 12, "prod": 0.74588070279592578, "target": 4, "value": 73.0, "supply": [{"l": "Ricebran Oil", "v": 6.0}, {"l": "Soyabean Oil", "v": 5.0}, {"l": "Palm Oil", "v": 4.0}, {"l": "Rape and Mustard Oil", "v": 29.0}, {"l": "Oilcrops Oil, Other", "v": 29.0}]}, {"source": 6, "prod": 0.055041317691368642, "target": 13, "value": 153.0, "supply": [{"l": "Sugar cane", "v": 153.0}]}, {"source": 5, "prod": 0.6842758636331272, "target": 13, "value": 182.0, "supply": [{"l": "Rape and Mustardseed", "v": 82.0}, {"l": "Coconuts - Incl Copra", "v": 1.0}, {"l": "Soyabeans", "v": 6.0}, {"l": "Oilcrops, Other", "v": 92.0}, {"l": "Groundnuts", "v": 1.0}]}, {"source": 12, "prod": 0.040928906036923167, "target": 14, "value": 4.0, "supply": [{"l": "Oilcrops Oil, Other", "v": 3.0}, {"l": "Rape and Mustard Oil", "v": 1.0}]}, {"source": 0, "prod": 0.0016120316424873419, "target": 0, "value": 1.0, "supply": [{"l": "Eggs", "v": 1.0}]}, {"source": 2, "prod": 0.42924936288131055, "target": 15, "value": 115.0, "supply": [{"l": "Maize", "v": 12.0}, {"l": "Wheat", "v": 45.0}, {"l": "Millet", "v": 3.0}, {"l": "Barley", "v": 2.0}, {"l": "Rice", "v": 53.0}]}, {"source": 5, "prod": 0.012277318830275354, "target": 15, "value": 4.0, "supply": [{"l": "Soyabeans", "v": 1.0}, {"l": "Rape and Mustardseed", "v": 2.0}, {"l": "Oilcrops, Other", "v": 1.0}]}, {"source": 6, "prod": 0.017267864373762713, "target": 15, "value": 48.0, "supply": [{"l": "Sugar cane", "v": 48.0}]}, {"source": 8, "prod": 0.050786302017697897, "target": 15, "value": 66.0, "supply": [{"l": "Potatoes", "v": 66.0}]}, {"source": 9, "prod": 0.027604270414252341, "target": 15, "value": 8.0, "supply": [{"l": "Beans", "v": 1.0}, {"l": "Pulses, Other", "v": 7.0}]}, {"source": 0, "prod": 0.031745341968286954, "target": 16, "value": 37.0, "supply": [{"l": "Milk - Excluding Butter", "v": 37.0}]}, {"source": 2, "prod": 1.4804391776412205, "target": 16, "value": 387.0, "supply": [{"l": "Maize", "v": 103.0}, {"l": "Wheat", "v": 46.0}, {"l": "Millet", "v": 15.0}, {"l": "Barley", "v": 2.0}, {"l": "Rice", "v": 221.0}]}, {"source": 5, "prod": 0.0083887539522142854, "target": 16, "value": 3.0, "supply": [{"l": "Rape and Mustardseed", "v": 2.0}, {"l": "Oilcrops, Other", "v": 1.0}]}, {"source": 6, "prod": 0.014749634152588984, "target": 16, "value": 41.0, "supply": [{"l": "Sugar cane", "v": 41.0}]}, {"source": 8, "prod": 0.074068049117828799, "target": 16, "value": 89.0, "supply": [{"l": "Potatoes", "v": 68.0}, {"l": "Roots, Other", "v": 21.0}]}, {"source": 9, "prod": 0.054159448539290431, "target": 16, "value": 113.0, "supply": [{"l": "Vegetables, Other", "v": 74.0}, {"l": "Fruits, Other", "v": 34.0}, {"l": "Beans", "v": 1.0}, {"l": "Pulses, Other", "v": 4.0}]}, {"source": 10, "prod": 0.011237859756851643, "target": 16, "value": 3.0, "supply": [{"l": "Spices, Other", "v": 2.0}, {"l": "Pimento", "v": 1.0}]}, {"source": 17, "prod": 0.034778915474389181, "target": 10, "value": 10.0, "supply": [{"l": "Pimento", "v": 4.0}, {"l": "Nuts", "v": 1.0}, {"l": "Infant food", "v": 2.0}, {"l": "Spices, Other", "v": 2.0}, {"l": "Tea", "v": 1.0}]}, {"source": 17, "prod": 0.035630361378983406, "target": 1, "value": 41.0, "supply": [{"l": "Milk - Excluding Butter", "v": 38.0}, {"l": "Fish, Seafood", "v": 1.0}, {"l": "Eggs", "v": 1.0}, {"l": "Marine Fish, Other", "v": 1.0}]}, {"source": 17, "prod": 0.24071065658597771, "target": 13, "value": 45.0, "supply": [{"l": "Rape and Mustard Oil", "v": 2.0}, {"l": "Sugar", "v": 34.0}, {"l": "Butter, Ghee", "v": 1.0}, {"l": "Soyabean Oil", "v": 4.0}, {"l": "Palm Oil", "v": 4.0}]}, {"source": 17, "prod": 0.039209860687316397, "target": 2, "value": 10.0, "supply": [{"l": "Rice", "v": 8.0}, {"l": "Wheat", "v": 2.0}]}, {"source": 17, "prod": 0.035864584416734013, "target": 9, "value": 23.0, "supply": [{"l": "Oranges, Mandarines", "v": 1.0}, {"l": "Beans", "v": 3.0}, {"l": "Pulses, Other", "v": 5.0}, {"l": "Bananas", "v": 1.0}, {"l": "Vegetables, Other", "v": 1.0}, {"l": "Treenuts", "v": 1.0}, {"l": "Grapes", "v": 1.0}, {"l": "Onions", "v": 9.0}, {"l": "Apples", "v": 1.0}]}, {"source": 17, "prod": 0.023341062885475033, "target": 5, "value": 7.0, "supply": [{"l": "Coconuts - Incl Copra", "v": 1.0}, {"l": "Rape and Mustardseed", "v": 3.0}, {"l": "Groundnuts", "v": 1.0}, {"l": "Oilcrops, Other", "v": 2.0}]}, {"source": 17, "prod": 0.027701619282380671, "target": 8, "value": 36.0, "supply": [{"l": "Potatoes", "v": 36.0}]}, {"source": 3, "prod": 0.010022955999354169, "target": 18, "value": 1.0, "supply": [{"l": "Butter, Ghee", "v": 1.0}]}, {"source": 2, "prod": 0.33359079045799717, "target": 18, "value": 86.0, "supply": [{"l": "Maize", "v": 8.0}, {"l": "Wheat", "v": 16.0}, {"l": "Rye", "v": 1.0}, {"l": "Rice", "v": 61.0}]}, {"source": 5, "prod": 0.030321547561071433, "target": 18, "value": 5.0, "supply": [{"l": "Oilcrops, Other", "v": 5.0}]}, {"source": 6, "prod": 0.018706853071576272, "target": 18, "value": 52.0, "supply": [{"l": "Sugar cane", "v": 52.0}]}, {"source": 8, "prod": 0.0015389788490211484, "target": 18, "value": 2.0, "supply": [{"l": "Potatoes", "v": 2.0}]}, {"source": 9, "prod": 0.096854020190268564, "target": 18, "value": 28.0, "supply": [{"l": "Beans", "v": 3.0}, {"l": "Pulses, Other", "v": 25.0}]}, {"source": 10, "prod": 0.035375138821250006, "target": 18, "value": 9.0, "supply": [{"l": "Spices, Other", "v": 9.0}]}, {"source": 12, "prod": 0.030422619386275, "target": 18, "value": 3.0, "supply": [{"l": "Rape and Mustard Oil", "v": 3.0}]}, {"source": 2, "prod": 0.0146829028078159, "target": 19, "value": 4.0, "supply": [{"l": "Millet", "v": 4.0}]}, {"source": 5, "prod": 0.0011622222200000001, "target": 19, "value": 1.0, "supply": [{"l": "Rape and Mustardseed", "v": 1.0}]}, {"source": 20, "prod": 0.39136998740162426, "target": 2, "value": 106.0, "supply": [{"l": "Rice", "v": 46.0}, {"l": "Wheat", "v": 60.0}]}, {"source": 21, "prod": 13.097181133443081, "target": 2, "value": 3440.0, "supply": [{"l": "Maize", "v": 874.0}, {"l": "Barley", "v": 23.0}, {"l": "Rice", "v": 1871.0}, {"l": "Wheat", "v": 534.0}, {"l": "Millet", "v": 138.0}]}, {"source": 21, "prod": 0.71308464331121324, "target": 5, "value": 188.0, "supply": [{"l": "Soyabeans", "v": 7.0}, {"l": "Rape and Mustardseed", "v": 84.0}, {"l": "Oilcrops, Other", "v": 97.0}]}, {"source": 21, "prod": 0.14677684717698306, "target": 6, "value": 408.0, "supply": [{"l": "Sugar cane", "v": 408.0}]}, {"source": 21, "prod": 0.46813734663517292, "target": 8, "value": 560.0, "supply": [{"l": "Roots, Other", "v": 140.0}, {"l": "Potatoes", "v": 420.0}]}, {"source": 21, "prod": 0.80697837816801588, "target": 9, "value": 1210.0, "supply": [{"l": "Fruits, Other", "v": 343.0}, {"l": "Beans", "v": 10.0}, {"l": "Vegetables, Other", "v": 742.0}, {"l": "Pulses, Other", "v": 115.0}]}, {"source": 21, "prod": 0.10871052276222598, "target": 10, "value": 30.0, "supply": [{"l": "Spices, Other", "v": 18.0}, {"l": "Tea", "v": 1.0}, {"l": "Pimento", "v": 11.0}]}, {"source": 1, "prod": 0.014857558304925002, "target": 11, "value": 20.0, "supply": [{"l": "Freshwater Fish", "v": 9.0}, {"l": "Marine Fish, Other", "v": 1.0}, {"l": "Fish, Seafood", "v": 10.0}]}, {"source": 1, "prod": 1.0512233865651921, "target": 0, "value": 1054.0, "supply": [{"l": "Poultry Meat", "v": 5.0}, {"l": "Pigmeat", "v": 7.0}, {"l": "Bovine Meat", "v": 126.0}, {"l": "Eggs", "v": 14.0}, {"l": "Milk - Excluding Butter", "v": 843.0}, {"l": "Offals, Edible", "v": 32.0}, {"l": "Mutton & Goat Meat", "v": 28.0}]}, {"source": 13, "prod": 0.18956810884246322, "target": 3, "value": 21.0, "supply": [{"l": "Fats, Animals, Raw", "v": 6.0}, {"l": "Beer", "v": 2.0}, {"l": "Butter, Ghee", "v": 13.0}]}, {"source": 13, "prod": 0.81723222821912389, "target": 12, "value": 80.0, "supply": [{"l": "Palm Oil", "v": 4.0}, {"l": "Ricebran Oil", "v": 6.0}, {"l": "Oilcrops Oil, Other", "v": 32.0}, {"l": "Soyabean Oil", "v": 5.0}, {"l": "Rape and Mustard Oil", "v": 33.0}]}, {"source": 13, "prod": 0.18413629636923445, "target": 7, "value": 49.0, "supply": [{"l": "Sugar", "v": 49.0}]}]}