{"nodes": [{"layer": 3, "name": "Maize"}, {"layer": 5, "name": "Production", "fill": "#b5cf6b"}, {"layer": 3, "name": "Vegetables, Other"}, {"layer": 3, "name": "Fruits, Other"}, {"layer": 3, "name": "Barley"}, {"layer": 3, "name": "Rice"}, {"layer": 3, "name": "Wheat"}, {"layer": 3, "name": "Roots, Other"}, {"layer": 3, "name": "Pimento"}, {"layer": 3, "name": "Oilcrops, Other"}, {"layer": 3, "name": "Soyabeans"}, {"layer": 3, "name": "Potatoes"}, {"layer": 3, "name": "Beans"}, {"layer": 3, "name": "Pulses, Other"}, {"layer": 3, "name": "Sugar cane"}, {"layer": 3, "name": "Spices, Other"}, {"layer": 3, "name": "Tea"}, {"layer": 3, "name": "Millet"}, {"layer": 3, "name": "Rape and Mustardseed"}, {"layer": 1, "name": "Electricity", "fill": "#bcbd22"}, {"layer": 0, "name": "Fossil Fuels", "fill": "#c49c94"}, {"layer": 0, "name": "Renewables & Nuclear", "fill": "#2ca02c"}, {"layer": 1, "name": "Fertilizers", "fill": "#c5b0d5"}, {"layer": 0, "name": "Labor", "fill": "#7f7f7f"}], "links": [{"source": 0, "prod": 820.0, "target": 1, "value": 2.9183113657827744, "supply": [{"l": "Maize", "v": 2.9183113657827744}]}, {"source": 2, "prod": 700.0, "target": 1, "value": 0.17864799565040079, "supply": [{"l": "Vegetables, Other", "v": 0.17864799565040079}]}, {"source": 3, "prod": 336.0, "target": 1, "value": 0.1785697148385352, "supply": [{"l": "Fruits, Other", "v": 0.1785697148385352}]}, {"source": 4, "prod": 22.0, "target": 1, "value": 0.076549480727950814, "supply": [{"l": "Barley", "v": 0.076549480727950814}]}, {"source": 5, "prod": 1807.0, "target": 1, "value": 7.3110482215352999, "supply": [{"l": "Rice", "v": 7.3110482215352999}]}, {"source": 6, "prod": 634.0, "target": 1, "value": 2.1719871714476167, "supply": [{"l": "Wheat", "v": 2.1719871714476167}]}, {"source": 7, "prod": 143.0, "target": 1, "value": 0.14978844495169288, "supply": [{"l": "Roots, Other", "v": 0.14978844495169288}]}, {"source": 8, "prod": 11.0, "target": 1, "value": 0.036726548618915736, "supply": [{"l": "Pimento", "v": 0.036726548618915736}]}, {"source": 9, "prod": 17.0, "target": 1, "value": 0.072165283195350011, "supply": [{"l": "Oilcrops, Other", "v": 0.072165283195350011}]}, {"source": 10, "prod": 6.0, "target": 1, "value": 0.024346419071095592, "supply": [{"l": "Soyabeans", "v": 0.024346419071095592}]}, {"source": 11, "prod": 383.0, "target": 1, "value": 0.29642411904648319, "supply": [{"l": "Potatoes", "v": 0.29642411904648319}]}, {"source": 12, "prod": 14.0, "target": 1, "value": 0.045715564015153844, "supply": [{"l": "Beans", "v": 0.045715564015153844}]}, {"source": 13, "prod": 136.0, "target": 1, "value": 0.47712583930809926, "supply": [{"l": "Pulses, Other", "v": 0.47712583930809926}]}, {"source": 14, "prod": 509.0, "target": 1, "value": 0.17645024700238643, "supply": [{"l": "Sugar cane", "v": 0.17645024700238643}]}, {"source": 15, "prod": 8.0, "target": 1, "value": 0.030872848425818184, "supply": [{"l": "Spices, Other", "v": 0.030872848425818184}]}, {"source": 16, "prod": 1.0, "target": 1, "value": 0.00081634935741346152, "supply": [{"l": "Tea", "v": 0.00081634935741346152}]}, {"source": 17, "prod": 124.0, "target": 1, "value": 0.45262152142756057, "supply": [{"l": "Millet", "v": 0.45262152142756057}]}, {"source": 18, "prod": 73.0, "target": 1, "value": 0.08484222206, "supply": [{"l": "Rape and Mustardseed", "v": 0.08484222206}]}, {"source": 19, "prod": 0, "target": 0, "value": 0.057704875496191577, "supply": "[{\"l\":'Energy for power irrigation',\"v\":0.057704875496191577}]"}, {"source": 19, "prod": 0, "target": 14, "value": 0.035832582651200012, "supply": "[{\"l\":'Energy for power irrigation',\"v\":0.035832582651200012}]"}, {"source": 19, "prod": 0, "target": 7, "value": 0.010057034973742104, "supply": "[{\"l\":'Energy for power irrigation',\"v\":0.010057034973742104}]"}, {"source": 19, "prod": 0, "target": 6, "value": 0.045045670634138585, "supply": "[{\"l\":'Energy for power irrigation',\"v\":0.045045670634138585}]"}, {"source": 19, "prod": 0, "target": 10, "value": 0.00042197349540176661, "supply": "[{\"l\":'Energy for power irrigation',\"v\":0.00042197349540176661}]"}, {"source": 19, "prod": 0, "target": 11, "value": 0.027850250696516591, "supply": "[{\"l\":'Energy for power irrigation',\"v\":0.027850250696516591}]"}, {"source": 19, "prod": 0, "target": 2, "value": 0.049230241130206104, "supply": "[{\"l\":'Energy for power irrigation',\"v\":0.049230241130206104}]"}, {"source": 19, "prod": 0, "target": 3, "value": 0.023630515742498928, "supply": "[{\"l\":'Energy for power irrigation',\"v\":0.023630515742498928}]"}, {"source": 19, "prod": 0, "target": 16, "value": 0.00010549337385044165, "supply": "[{\"l\":'Energy for power irrigation',\"v\":0.00010549337385044165}]"}, {"source": 19, "prod": 0, "target": 15, "value": 0.00063296024310264989, "supply": "[{\"l\":'Energy for power irrigation',\"v\":0.00063296024310264989}]"}, {"source": 19, "prod": 0, "target": 17, "value": 0.008720785571636509, "supply": "[{\"l\":'Energy for power irrigation',\"v\":0.008720785571636509}]"}, {"source": 19, "prod": 0, "target": 12, "value": 0.00098460482260412201, "supply": "[{\"l\":'Energy for power irrigation',\"v\":0.00098460482260412201}]"}, {"source": 19, "prod": 0, "target": 4, "value": 0.0015824006077566248, "supply": "[{\"l\":'Energy for power irrigation',\"v\":0.0015824006077566248}]"}, {"source": 19, "prod": 0, "target": 8, "value": 0.00091427590670382767, "supply": "[{\"l\":'Energy for power irrigation',\"v\":0.00091427590670382767}]"}, {"source": 19, "prod": 0, "target": 18, "value": 0.0052746686925220819, "supply": "[{\"l\":'Energy for power irrigation',\"v\":0.0052746686925220819}]"}, {"source": 19, "prod": 0, "target": 9, "value": 0.0012307560282551525, "supply": "[{\"l\":'Energy for power irrigation',\"v\":0.0012307560282551525}]"}, {"source": 19, "prod": 0, "target": 5, "value": 0.12894806730318983, "supply": "[{\"l\":'Energy for power irrigation',\"v\":0.12894806730318983}]"}, {"source": 19, "prod": 0, "target": 13, "value": 0.0098812126839913673, "supply": "[{\"l\":'Energy for power irrigation',\"v\":0.0098812126839913673}]"}, {"source": 20, "prod": 0, "target": 19, "value": 0.011148677069223076, "supply": [{"l": "Coal", "v": 0.0}, {"l": "Natural gas", "v": 0.0}, {"l": "Oil", "v": 0.011148677069223076}]}, {"source": 21, "prod": 0, "target": 19, "value": 0.40458549084210682, "supply": [{"l": "Nuclear", "v": 0.0}, {"l": "Hydroelectric", "v": 0.40458549084210682}, {"l": "Renewable", "v": 0.0}]}, {"source": 20, "prod": 0, "target": 0, "value": 0.031496927460896662, "supply": [{"l": "Gas-Diesel oil", "v": 0.01011568898108412}, {"l": "Other fossil fuels", "v": 0.021381238479812544}]}, {"source": 20, "prod": 0, "target": 14, "value": 0.019558421135072335, "supply": [{"l": "Gas-Diesel oil", "v": 0.0062814668322515041}, {"l": "Other fossil fuels", "v": 0.013276954302820831}]}, {"source": 20, "prod": 0, "target": 7, "value": 0.005489409661070351, "supply": [{"l": "Gas-Diesel oil", "v": 0.001763002467148116}, {"l": "Other fossil fuels", "v": 0.0037264071939222352}]}, {"source": 20, "prod": 0, "target": 6, "value": 0.024587181034374544, "supply": [{"l": "Gas-Diesel oil", "v": 0.0078965250364221567}, {"l": "Other fossil fuels", "v": 0.01669065599795239}]}, {"source": 20, "prod": 0, "target": 10, "value": 0.0002303248808840707, "supply": [{"l": "Gas-Diesel oil", "v": 7.397213148873215e-05}, {"l": "Other fossil fuels", "v": 0.00015635274939533855}]}, {"source": 20, "prod": 0, "target": 11, "value": 0.015201442138348663, "supply": [{"l": "Gas-Diesel oil", "v": 0.0048821606782563209}, {"l": "Other fossil fuels", "v": 0.010319281460092342}]}, {"source": 20, "prod": 0, "target": 2, "value": 0.026871236103141578, "supply": [{"l": "Gas-Diesel oil", "v": 0.0086300820070187509}, {"l": "Other fossil fuels", "v": 0.018241154096122831}]}, {"source": 20, "prod": 0, "target": 3, "value": 0.012898193329507958, "supply": [{"l": "Gas-Diesel oil", "v": 0.0041424393633689993}, {"l": "Other fossil fuels", "v": 0.0087557539661389568}]}, {"source": 20, "prod": 0, "target": 16, "value": 5.7581220221017674e-05, "supply": [{"l": "Gas-Diesel oil", "v": 1.8493032872183038e-05}, {"l": "Other fossil fuels", "v": 3.9088187348834636e-05}]}, {"source": 20, "prod": 0, "target": 15, "value": 0.00034548732132610598, "supply": [{"l": "Gas-Diesel oil", "v": 0.00011095819723309821}, {"l": "Other fossil fuels", "v": 0.00023452912409300779}]}, {"source": 20, "prod": 0, "target": 17, "value": 0.0047600475382707941, "supply": [{"l": "Gas-Diesel oil", "v": 0.0015287573841004643}, {"l": "Other fossil fuels", "v": 0.0032312901541703297}]}, {"source": 20, "prod": 0, "target": 12, "value": 0.00053742472206283151, "supply": [{"l": "Gas-Diesel oil", "v": 0.00017260164014037499}, {"l": "Other fossil fuels", "v": 0.00036482308192245657}]}, {"source": 20, "prod": 0, "target": 4, "value": 0.00086371830331526502, "supply": [{"l": "Gas-Diesel oil", "v": 0.00027739549308274553}, {"l": "Other fossil fuels", "v": 0.00058632281023251955}]}, {"source": 20, "prod": 0, "target": 8, "value": 0.00049903724191548648, "supply": [{"l": "Gas-Diesel oil", "v": 0.00016027295155891964}, {"l": "Other fossil fuels", "v": 0.00033876429035656683}]}, {"source": 20, "prod": 0, "target": 18, "value": 0.0028790610110508833, "supply": [{"l": "Gas-Diesel oil", "v": 0.00092465164360915173}, {"l": "Other fossil fuels", "v": 0.0019544093674417318}]}, {"source": 20, "prod": 0, "target": 9, "value": 0.00067178090257853944, "supply": [{"l": "Gas-Diesel oil", "v": 0.00021575205017546875}, {"l": "Other fossil fuels", "v": 0.00045602885240307074}]}, {"source": 20, "prod": 0, "target": 5, "value": 0.070383444850157267, "supply": [{"l": "Gas-Diesel oil", "v": 0.022604650514098396}, {"l": "Other fossil fuels", "v": 0.047778794336058868}]}, {"source": 20, "prod": 0, "target": 13, "value": 0.0053934409607019887, "supply": [{"l": "Gas-Diesel oil", "v": 0.0017321807456944778}, {"l": "Other fossil fuels", "v": 0.0036612602150075109}]}, {"source": 22, "prod": 6.1370238259074483, "target": 0, "value": 0.088723737652692369, "supply": [{"l": "Potash", "v": 0.003076666669128}, {"l": "Phosphate", "v": 0.044705125035764091}, {"l": "Nitrogen", "v": 0.58079966713130637}]}, {"source": 22, "prod": 3.8108636676414931, "target": 14, "value": 0.055094143003103925, "supply": [{"l": "Potash", "v": 0.003076666669128}, {"l": "Phosphate", "v": 0.044705125035764091}, {"l": "Nitrogen", "v": 0.58079966713130637}]}, {"source": 22, "prod": 1.0695848959229315, "target": 7, "value": 0.015463125514119453, "supply": [{"l": "Potash", "v": 0.003076666669128}, {"l": "Phosphate", "v": 0.044705125035764091}, {"l": "Nitrogen", "v": 0.58079966713130637}]}, {"source": 22, "prod": 4.7906931876827796, "target": 6, "value": 0.069259663578975589, "supply": [{"l": "Potash", "v": 0.003076666669128}, {"l": "Phosphate", "v": 0.044705125035764091}, {"l": "Nitrogen", "v": 0.58079966713130637}]}, {"source": 22, "prod": 0.044877687940822301, "target": 10, "value": 0.00064880246912389313, "supply": [{"l": "Potash", "v": 0.003076666669128}, {"l": "Phosphate", "v": 0.044705125035764091}, {"l": "Nitrogen", "v": 0.58079966713130637}]}, {"source": 22, "prod": 2.9619274040942711, "target": 11, "value": 0.042820962962176939, "supply": [{"l": "Potash", "v": 0.003076666669128}, {"l": "Phosphate", "v": 0.044705125035764091}, {"l": "Nitrogen", "v": 0.58079966713130637}]}, {"source": 22, "prod": 5.235730259762601, "target": 2, "value": 0.075693621397787528, "supply": [{"l": "Potash", "v": 0.003076666669128}, {"l": "Phosphate", "v": 0.044705125035764091}, {"l": "Nitrogen", "v": 0.58079966713130637}]}, {"source": 22, "prod": 2.5131505246860484, "target": 3, "value": 0.03633293827093801, "supply": [{"l": "Potash", "v": 0.003076666669128}, {"l": "Phosphate", "v": 0.044705125035764091}, {"l": "Nitrogen", "v": 0.58079966713130637}]}, {"source": 22, "prod": 0.011219421985205575, "target": 16, "value": 0.00016220061728097328, "supply": [{"l": "Potash", "v": 0.003076666669128}, {"l": "Phosphate", "v": 0.044705125035764091}, {"l": "Nitrogen", "v": 0.58079966713130637}]}, {"source": 22, "prod": 0.067316531911233435, "target": 15, "value": 0.00097320370368583959, "supply": [{"l": "Potash", "v": 0.003076666669128}, {"l": "Phosphate", "v": 0.044705125035764091}, {"l": "Nitrogen", "v": 0.58079966713130637}]}, {"source": 22, "prod": 0.92747221744366071, "target": 17, "value": 0.01340858436189379, "supply": [{"l": "Potash", "v": 0.003076666669128}, {"l": "Phosphate", "v": 0.044705125035764091}, {"l": "Nitrogen", "v": 0.58079966713130637}]}, {"source": 22, "prod": 0.10471460519525201, "target": 12, "value": 0.0015138724279557504, "supply": [{"l": "Potash", "v": 0.003076666669128}, {"l": "Phosphate", "v": 0.044705125035764091}, {"l": "Nitrogen", "v": 0.58079966713130637}]}, {"source": 22, "prod": 0.16829132977808361, "target": 4, "value": 0.0024330092592145993, "supply": [{"l": "Potash", "v": 0.003076666669128}, {"l": "Phosphate", "v": 0.044705125035764091}, {"l": "Nitrogen", "v": 0.58079966713130637}]}, {"source": 22, "prod": 0.097234990538448307, "target": 8, "value": 0.0014057386831017684, "supply": [{"l": "Potash", "v": 0.003076666669128}, {"l": "Phosphate", "v": 0.044705125035764091}, {"l": "Nitrogen", "v": 0.58079966713130637}]}, {"source": 22, "prod": 0.56097109926027866, "target": 18, "value": 0.0081100308640486632, "supply": [{"l": "Potash", "v": 0.003076666669128}, {"l": "Phosphate", "v": 0.044705125035764091}, {"l": "Nitrogen", "v": 0.58079966713130637}]}, {"source": 22, "prod": 0.13089325649406502, "target": 9, "value": 0.0018923405349446883, "supply": [{"l": "Potash", "v": 0.003076666669128}, {"l": "Phosphate", "v": 0.044705125035764091}, {"l": "Nitrogen", "v": 0.58079966713130637}]}, {"source": 22, "prod": 13.713873473249613, "target": 5, "value": 0.19826322118977632, "supply": [{"l": "Potash", "v": 0.003076666669128}, {"l": "Phosphate", "v": 0.044705125035764091}, {"l": "Nitrogen", "v": 0.58079966713130637}]}, {"source": 22, "prod": 1.050885859280922, "target": 13, "value": 0.015192791151984497, "supply": [{"l": "Potash", "v": 0.003076666669128}, {"l": "Phosphate", "v": 0.044705125035764091}, {"l": "Nitrogen", "v": 0.58079966713130637}]}, {"source": 20, "prod": 0, "target": 22, "value": 0.74176820692970447, "supply": [{"l": "Natural gas (including LNG)", "v": 0.5067048610231808}, {"l": "Fuel oil", "v": 0.13239469966337181}, {"l": "Liquefied petroleum gas (LPG)", "v": 0.051334323121575938}, {"l": "Coal", "v": 0.051334323121575938}]}, {"source": 23, "prod": 0, "target": 0, "value": 0.41751912770002009, "supply": "[{\"l\":'Labor',\"v\":0.41751912770002009}]"}, {"source": 23, "prod": 0, "target": 14, "value": 0.25926385809038421, "supply": "[{\"l\":'Labor',\"v\":0.25926385809038421}]"}, {"source": 23, "prod": 0, "target": 7, "value": 0.072766892457163779, "supply": "[{\"l\":'Labor',\"v\":0.072766892457163779}]"}, {"source": 23, "prod": 0, "target": 6, "value": 0.32592443789379999, "supply": "[{\"l\":'Labor',\"v\":0.32592443789379999}]"}, {"source": 23, "prod": 0, "target": 10, "value": 0.0030531563268740044, "supply": "[{\"l\":'Labor',\"v\":0.0030531563268740044}]"}, {"source": 23, "prod": 0, "target": 11, "value": 0.20150831757368426, "supply": "[{\"l\":'Labor',\"v\":0.20150831757368426}]"}, {"source": 23, "prod": 0, "target": 2, "value": 0.35620157146863385, "supply": "[{\"l\":'Labor',\"v\":0.35620157146863385}]"}, {"source": 23, "prod": 0, "target": 3, "value": 0.17097675430494425, "supply": "[{\"l\":'Labor',\"v\":0.17097675430494425}]"}, {"source": 23, "prod": 0, "target": 16, "value": 0.00076328908171850111, "supply": "[{\"l\":'Labor',\"v\":0.00076328908171850111}]"}, {"source": 23, "prod": 0, "target": 15, "value": 0.0045797344903110064, "supply": "[{\"l\":'Labor',\"v\":0.0045797344903110064}]"}, {"source": 23, "prod": 0, "target": 17, "value": 0.063098564088729422, "supply": "[{\"l\":'Labor',\"v\":0.063098564088729422}]"}, {"source": 23, "prod": 0, "target": 12, "value": 0.0071240314293726766, "supply": "[{\"l\":'Labor',\"v\":0.0071240314293726766}]"}, {"source": 23, "prod": 0, "target": 4, "value": 0.011449336225777517, "supply": "[{\"l\":'Labor',\"v\":0.011449336225777517}]"}, {"source": 23, "prod": 0, "target": 8, "value": 0.0066151720415603436, "supply": "[{\"l\":'Labor',\"v\":0.0066151720415603436}]"}, {"source": 23, "prod": 0, "target": 18, "value": 0.038164454085925052, "supply": "[{\"l\":'Labor',\"v\":0.038164454085925052}]"}, {"source": 23, "prod": 0, "target": 9, "value": 0.0089050392867158455, "supply": "[{\"l\":'Labor',\"v\":0.0089050392867158455}]"}, {"source": 23, "prod": 0, "target": 5, "value": 0.93299368755391454, "supply": "[{\"l\":'Labor',\"v\":0.93299368755391454}]"}, {"source": 23, "prod": 0, "target": 13, "value": 0.071494743987632933, "supply": "[{\"l\":'Labor',\"v\":0.071494743987632933}]"}]}