{"nodes": [{"layer": 3, "name": "Vegetables"}, {"layer": 5, "name": "Production", "fill": "#b5cf6b"}, {"layer": 3, "name": "Sugar Crops", "fill": "#ffbb78"}, {"layer": 3, "name": "Starchy Roots"}, {"layer": 3, "name": "Pulses"}, {"layer": 3, "name": "Fruits - Excluding Wine"}, {"layer": 3, "name": "Cereals - Excluding Beer"}, {"layer": 3, "name": "Oilcrops", "fill": "#ff9896"}, {"layer": 1, "name": "Electricity", "fill": "#bcbd22"}, {"layer": 0, "name": "Fossil Fuels", "fill": "#c49c94"}, {"layer": 0, "name": "Renewables & Nuclear", "fill": "#2ca02c"}, {"layer": 1, "name": "Fertilizers", "fill": "#c5b0d5"}, {"layer": 0, "name": "Labor", "fill": "#7f7f7f"}], "links": [{"source": 0, "prod": 131.0, "target": 1, "value": 0.036253880569900296, "supply": [{"l": "Tomatoes", "v": 0.00063201240573945413}, {"l": "Vegetables, Other", "v": 0.033653545138558054}, {"l": "Onions", "v": 0.0019683230256027826}]}, {"source": 2, "prod": 452.0, "target": 1, "value": 0.52532444344000007, "supply": [{"l": "Sugar beet", "v": 0.52532444344000007}]}, {"source": 3, "prod": 796.0, "target": 1, "value": 0.61867312621841397, "supply": [{"l": "Potatoes", "v": 0.61867312621841397}]}, {"source": 4, "prod": 4.0, "target": 1, "value": 0.0018650098150394408, "supply": [{"l": "Beans", "v": 0.00046625245375986021}, {"l": "Peas", "v": 0.00093250490751972041}, {"l": "Pulses, Other", "v": 0.00046625245375986021}]}, {"source": 5, "prod": 49.0, "target": 1, "value": 0.024732642885835657, "supply": [{"l": "Fruits, Other", "v": 0.0088800594580004111}, {"l": "Apples", "v": 0.015852583427835246}]}, {"source": 6, "prod": 784.0, "target": 1, "value": 2.3973318870127995, "supply": [{"l": "Oats", "v": 0.16220432074248947}, {"l": "Rye", "v": 0.28357640602541989}, {"l": "Cereals, Other", "v": 0.081634935741346143}, {"l": "Wheat", "v": 1.1939494795573076}, {"l": "Barley", "v": 0.67596674494623665}]}, {"source": 7, "prod": 10.0, "target": 1, "value": 0.064222031883449646, "supply": [{"l": "Rape and Mustardseed", "v": 0.052093412859021075}, {"l": "Oilcrops, Other", "v": 0.012128619024428572}]}, {"source": 8, "prod": 0, "target": 7, "value": 2.4915015963653978e-06, "supply": "[{\"l\":'Energy for power irrigation',\"v\":2.4915015963653978e-06}]"}, {"source": 8, "prod": 0, "target": 0, "value": 2.304638976637993e-05, "supply": "[{\"l\":'Energy for power irrigation',\"v\":2.304638976637993e-05}]"}, {"source": 8, "prod": 0, "target": 2, "value": 6.9485211187523879e-05, "supply": "[{\"l\":'Energy for power irrigation',\"v\":6.9485211187523879e-05}]"}, {"source": 8, "prod": 0, "target": 3, "value": 0.00011246361372482699, "supply": "[{\"l\":'Energy for power irrigation',\"v\":0.00011246361372482699}]"}, {"source": 8, "prod": 0, "target": 4, "value": 6.2287539909134945e-07, "supply": "[{\"l\":'Energy for power irrigation',\"v\":6.2287539909134945e-07}]"}, {"source": 8, "prod": 0, "target": 5, "value": 1.3910883913040139e-05, "supply": "[{\"l\":'Energy for power irrigation',\"v\":1.3910883913040139e-05}]"}, {"source": 8, "prod": 0, "target": 6, "value": 0.00011654690800775917, "supply": "[{\"l\":'Energy for power irrigation',\"v\":0.00011654690800775917}]"}, {"source": 9, "prod": 0, "target": 8, "value": 0.00023512536403313869, "supply": [{"l": "Coal", "v": 0.0}, {"l": "Natural gas", "v": 0.0001564255235895469}, {"l": "Oil", "v": 7.8699840443591782e-05}]}, {"source": 10, "prod": 0, "target": 8, "value": 0.00023047621988231986, "supply": [{"l": "Nuclear", "v": 0.0}, {"l": "Hydroelectric", "v": 0.00023030914759534463}, {"l": "Renewable", "v": 1.6707228697522281e-07}]}, {"source": 9, "prod": 0, "target": 7, "value": 0.0055532044805361534, "supply": [{"l": "Motor Gasoline", "v": 9.0132248291841294e-05}, {"l": "Gas-Diesel oil", "v": 0.0035869786396956252}, {"l": "Natural gas (including LNG)", "v": 0.0011291963386449643}, {"l": "Fuel oil", "v": 0.00049318413060817892}, {"l": "Liquefied petroleum gas (LPG)", "v": 9.6236012284516779e-05}, {"l": "Coal", "v": 0.00015747711101102746}]}, {"source": 9, "prod": 0, "target": 0, "value": 0.051367141444959415, "supply": [{"l": "Motor Gasoline", "v": 0.00083372329669953189}, {"l": "Gas-Diesel oil", "v": 0.033179552417184531}, {"l": "Natural gas (including LNG)", "v": 0.01044506613246592}, {"l": "Fuel oil", "v": 0.0045619532081256553}, {"l": "Liquefied petroleum gas (LPG)", "v": 0.00089018311363178021}, {"l": "Coal", "v": 0.001456663276852004}]}, {"source": 9, "prod": 0, "target": 2, "value": 0.15487270273495274, "supply": [{"l": "Motor Gasoline", "v": 0.0025136882579169075}, {"l": "Gas-Diesel oil", "v": 0.10003684872928911}, {"l": "Natural gas (including LNG)", "v": 0.03149203122220956}, {"l": "Fuel oil", "v": 0.01375435742029477}, {"l": "Liquefied petroleum gas (LPG)", "v": 0.002683915453712635}, {"l": "Coal", "v": 0.0043918616515297663}]}, {"source": 9, "prod": 0, "target": 3, "value": 0.25066548002420136, "supply": [{"l": "Motor Gasoline", "v": 0.0040684695409511692}, {"l": "Gas-Diesel oil", "v": 0.16191223026403864}, {"l": "Natural gas (including LNG)", "v": 0.050970668063835191}, {"l": "Fuel oil", "v": 0.022261783673285854}, {"l": "Liquefied petroleum gas (LPG)", "v": 0.0043439866656205493}, {"l": "Coal", "v": 0.0071083418164699895}]}, {"source": 9, "prod": 0, "target": 4, "value": 0.0013883011201340383, "supply": [{"l": "Motor Gasoline", "v": 2.2533062072960324e-05}, {"l": "Gas-Diesel oil", "v": 0.00089674465992390631}, {"l": "Natural gas (including LNG)", "v": 0.00028229908466124109}, {"l": "Fuel oil", "v": 0.00012329603265204473}, {"l": "Liquefied petroleum gas (LPG)", "v": 2.4059003071129195e-05}, {"l": "Coal", "v": 3.9369277752756865e-05}]}, {"source": 9, "prod": 0, "target": 5, "value": 0.031005391682993523, "supply": [{"l": "Motor Gasoline", "v": 0.00050323838629611395}, {"l": "Gas-Diesel oil", "v": 0.020027297404967243}, {"l": "Natural gas (including LNG)", "v": 0.0063046795574343848}, {"l": "Fuel oil", "v": 0.0027536113958956661}, {"l": "Liquefied petroleum gas (LPG)", "v": 0.00053731773525521873}, {"l": "Coal", "v": 0.00087924720314490345}]}, {"source": 9, "prod": 0, "target": 6, "value": 0.25976656514508006, "supply": [{"l": "Motor Gasoline", "v": 0.0042161862812072426}, {"l": "Gas-Diesel oil", "v": 0.16779088970131759}, {"l": "Natural gas (including LNG)", "v": 0.052821295396614447}, {"l": "Fuel oil", "v": 0.023070057665115929}, {"l": "Liquefied petroleum gas (LPG)", "v": 0.0045017067968646188}, {"l": "Coal", "v": 0.0073664293039602856}]}, {"source": 11, "prod": 0.3990177009155646, "target": 7, "value": 0.0050347722319016731, "supply": [{"l": "Potash", "v": 0.026408055576682004}, {"l": "Phosphate", "v": 0.044511541702275892}, {"l": "Nitrogen", "v": 0.61646666715984}]}, {"source": 11, "prod": 3.6909137334689728, "target": 0, "value": 0.046571643145090477, "supply": [{"l": "Potash", "v": 0.026408055576682004}, {"l": "Phosphate", "v": 0.044511541702275892}, {"l": "Nitrogen", "v": 0.61646666715984}]}, {"source": 11, "prod": 11.128160325534081, "target": 2, "value": 0.14041420335636889, "supply": [{"l": "Potash", "v": 0.026408055576682004}, {"l": "Phosphate", "v": 0.044511541702275892}, {"l": "Nitrogen", "v": 0.61646666715984}]}, {"source": 11, "prod": 18.011215666327569, "target": 3, "value": 0.22726402435667276, "supply": [{"l": "Potash", "v": 0.026408055576682004}, {"l": "Phosphate", "v": 0.044511541702275892}, {"l": "Nitrogen", "v": 0.61646666715984}]}, {"source": 11, "prod": 0.09975442522889115, "target": 4, "value": 0.0012586930579754183, "supply": [{"l": "Potash", "v": 0.026408055576682004}, {"l": "Phosphate", "v": 0.044511541702275892}, {"l": "Nitrogen", "v": 0.61646666715984}]}, {"source": 11, "prod": 2.2278488301119026, "target": 5, "value": 0.028110811628117679, "supply": [{"l": "Potash", "v": 0.026408055576682004}, {"l": "Phosphate", "v": 0.044511541702275892}, {"l": "Nitrogen", "v": 0.61646666715984}]}, {"source": 11, "prod": 18.665161342828082, "target": 6, "value": 0.23551545662562273, "supply": [{"l": "Potash", "v": 0.026408055576682004}, {"l": "Phosphate", "v": 0.044511541702275892}, {"l": "Nitrogen", "v": 0.61646666715984}]}, {"source": 9, "prod": 0, "target": 11, "value": 0.83542982875273875, "supply": [{"l": "Natural gas (including LNG)", "v": 0.56104690897185328}, {"l": "Fuel oil", "v": 0.16540937562590999}, {"l": "Liquefied petroleum gas (LPG)", "v": 0.054486772077487727}, {"l": "Coal", "v": 0.054486772077487727}]}, {"source": 12, "prod": 0, "target": 7, "value": 0.00079724781222944056, "supply": "[{\"l\":'Labor',\"v\":0.00079724781222944056}]"}, {"source": 12, "prod": 0, "target": 0, "value": 0.0073745422631223247, "supply": "[{\"l\":'Labor',\"v\":0.0073745422631223247}]"}, {"source": 12, "prod": 0, "target": 2, "value": 0.022234355652176623, "supply": "[{\"l\":'Labor',\"v\":0.022234355652176623}]"}, {"source": 12, "prod": 0, "target": 3, "value": 0.03598688041313447, "supply": "[{\"l\":'Labor',\"v\":0.03598688041313447}]"}, {"source": 12, "prod": 0, "target": 4, "value": 0.00019931195305736014, "supply": "[{\"l\":'Labor',\"v\":0.00019931195305736014}]"}, {"source": 12, "prod": 0, "target": 5, "value": 0.0044513002849477096, "supply": "[{\"l\":'Labor',\"v\":0.0044513002849477096}]"}, {"source": 12, "prod": 0, "target": 6, "value": 0.037293480994288274, "supply": "[{\"l\":'Labor',\"v\":0.037293480994288274}]"}]}