{"nodes": [{"layer": 13, "name": "Milk - Excluding Butter"}, {"layer": 10, "name": "Feed", "fill": "#dbdb8d"}, {"layer": 5, "name": "Oilcrops", "fill": "#ff9896"}, {"layer": 5, "name": "Sugar Crops", "fill": "#ffbb78"}, {"layer": 5, "name": "Starchy Roots"}, {"layer": 5, "name": "Pulses"}, {"layer": 5, "name": "Fruits - Excluding Wine"}, {"layer": 5, "name": "Cereals - Excluding Beer"}, {"layer": 16, "name": "Food", "fill": "#b5cf6b"}, {"layer": 5, "name": "Treenuts"}, {"layer": 5, "name": "Vegetables"}, {"layer": 5, "name": "Others"}, {"layer": 13, "name": "Animal Fats"}, {"layer": 13, "name": "Fish, Seafood"}, {"layer": 13, "name": "Sugar & Sweeteners"}, {"layer": 13, "name": "Alcoholic Beverages"}, {"layer": 13, "name": "Vegetable Oils", "fill": "#f7b6d2"}, {"layer": 5, "name": "Spices"}, {"layer": 5, "name": "Stimulants"}, {"layer": 13, "name": "Eggs"}, {"layer": 13, "name": "Meat"}, {"layer": 10, "name": "Processing", "fill": "#9edae5"}, {"layer": 16, "name": "Biofuels & Other", "fill": "#e7ba52"}, {"name": "Waste", "fill": "#c7c7c7"}, {"layer": 2, "name": "Import", "fill": "#aec7e8"}, {"layer": 16, "name": "Export", "fill": "#aec7e8"}, {"layer": 16, "name": "Stock Deposit", "fill": "#c7c7c7"}, {"layer": 0, "name": "Stock Draw", "fill": "#c7c7c7"}, {"name": "Crop Residue", "fill": "#bd9e39"}, {"layer": 2, "name": "Electricity", "fill": "#bcbd22"}, {"layer": 0, "name": "Fossil Fuels", "fill": "#c49c94"}, {"layer": 0, "name": "Renewables & Nuclear", "fill": "#2ca02c"}, {"layer": 2, "name": "Fertilizers", "fill": "#c5b0d5"}, {"layer": 0, "name": "Labor", "fill": "#7f7f7f"}], "links": [{"source": 0, "prod": 287.0, "target": 1, "value": 0.18944233712827763, "supply": [{"l": "Milk - Excluding Butter", "v": 0.18944233712827763}]}, {"source": 2, "prod": 24.0, "target": 1, "value": 0.16679001622955322, "supply": [{"l": "Sunflower seed", "v": 0.025289460944553196}, {"l": "Oilcrops, Other", "v": 0.14150055528500002}]}, {"source": 3, "prod": 2.0, "target": 1, "value": 0.0023244444400000001, "supply": [{"l": "Sugar beet", "v": 0.0023244444400000001}]}, {"source": 4, "prod": 210.0, "target": 1, "value": 0.16368733157898199, "supply": [{"l": "Potatoes", "v": 0.16368733157898199}]}, {"source": 5, "prod": 8.0, "target": 1, "value": 0.0043876141173643411, "supply": [{"l": "Peas", "v": 0.0032907105880232556}, {"l": "Beans", "v": 0.00054845176467054264}, {"l": "Pulses, Other", "v": 0.00054845176467054264}]}, {"source": 6, "prod": 10.0, "target": 1, "value": 0.0054845176467054266, "supply": [{"l": "Apples", "v": 0.0054845176467054266}]}, {"source": 7, "prod": 620.0, "target": 1, "value": 1.7939089269387363, "supply": [{"l": "Maize", "v": 0.050940199902600007}, {"l": "Wheat", "v": 0.49965615838215593}, {"l": "Oats", "v": 0.17797430090194102}, {"l": "Rye", "v": 0.30076944513775117}, {"l": "Barley", "v": 0.70604919233711616}, {"l": "Cereals, Other", "v": 0.058519630277171927}]}, {"source": 0, "prod": 534.0, "target": 8, "value": 0.3524815610679452, "supply": [{"l": "Milk - Excluding Butter", "v": 0.3524815610679452}]}, {"source": 2, "prod": 2.0, "target": 8, "value": 0.0079550639509652216, "supply": [{"l": "Coconuts - Incl Copra", "v": 0.001632698714826923}, {"l": "Groundnuts", "v": 0.0063223652361382989}]}, {"source": 9, "prod": 2.0, "target": 8, "value": 0.0051768495835975599, "supply": [{"l": "Treenuts", "v": 0.0051768495835975599}]}, {"source": 10, "prod": 191.0, "target": 8, "value": 0.054786468557740151, "supply": [{"l": "Vegetables, Other", "v": 0.048499469800522492}, {"l": "Tomatoes", "v": 0.0021539196576152221}, {"l": "Onions", "v": 0.0041330790996024344}]}, {"source": 11, "prod": 2.0, "target": 8, "value": 0.0061521980558695653, "supply": [{"l": "Nuts", "v": 0.0061521980558695653}]}, {"source": 12, "prod": 35.0, "target": 8, "value": 0.18097552444683002, "supply": [{"l": "Butter, Ghee", "v": 0.041879088111255604}, {"l": "Fats, Animals, Raw", "v": 0.098560468243319765}, {"l": "Cream", "v": 0.04053596809225464}]}, {"source": 4, "prod": 389.0, "target": 8, "value": 0.30321129516297135, "supply": [{"l": "Potatoes", "v": 0.30321129516297135}]}, {"source": 13, "prod": 92.0, "target": 8, "value": 0.10658894373574752, "supply": [{"l": "Crustaceans", "v": 0.00096477651330681825}, {"l": "Marine Fish, Other", "v": 0.0019898515586953126}, {"l": "Freshwater Fish", "v": 0.0018258136165806452}, {"l": "Fish, Seafood", "v": 0.053753731324783491}, {"l": "Pelagic Fish", "v": 0.043946690085074805}, {"l": "Demersal Fish", "v": 0.0041080806373064525}]}, {"source": 14, "prod": 90.0, "target": 8, "value": 0.2512956168794433, "supply": [{"l": "Sugar", "v": 0.21225083292749999}, {"l": "Sweeteners, Other", "v": 0.036306063527072371}, {"l": "Honey", "v": 0.0027387204248709679}]}, {"source": 15, "prod": 102.0, "target": 8, "value": 0.11710677531385794, "supply": [{"l": "Beer", "v": 0.041221977528985702}, {"l": "Beverages, Alcoholic", "v": 0.06828718274258104}, {"l": "Wine", "v": 0.0075976150422911951}]}, {"source": 7, "prod": 312.0, "target": 8, "value": 0.99779202288380708, "supply": [{"l": "Rye", "v": 0.10131181309903198}, {"l": "Barley", "v": 0.13123590935634133}, {"l": "Rice", "v": 0.021600748483772123}, {"l": "Wheat", "v": 0.70951174490266122}, {"l": "Oats", "v": 0.0094919627147701871}, {"l": "Cereals, Other", "v": 0.024639844327230286}]}, {"source": 16, "prod": 24.0, "target": 8, "value": 0.24509837713754781, "supply": [{"l": "Soyabean Oil", "v": 0.010426356705210527}, {"l": "Sunflowerseed Oil", "v": 0.040705639191575348}, {"l": "Rape and Mustard Oil", "v": 0.17598748715749135}, {"l": "Oilcrops Oil, Other", "v": 0.017978894083270591}]}, {"source": 17, "prod": 1.0, "target": 8, "value": 0.0033513289409605267, "supply": [{"l": "Spices, Other", "v": 0.0033513289409605267}]}, {"source": 18, "prod": 10.0, "target": 8, "value": 0.022937742952838274, "supply": [{"l": "Coffee", "v": 0.0041705426820842113}, {"l": "Cocoa Beans", "v": 0.018009161581727277}, {"l": "Tea", "v": 0.00075803868902678576}]}, {"source": 19, "prod": 26.0, "target": 8, "value": 0.041767429752999054, "supply": [{"l": "Eggs", "v": 0.041767429752999054}]}, {"source": 6, "prod": 119.0, "target": 8, "value": 0.068743708876871645, "supply": [{"l": "Grapes", "v": 0.009231727677515799}, {"l": "Apples", "v": 0.025777232939515508}, {"l": "Lemons, Limes", "v": 0.00054076645331847144}, {"l": "Bananas", "v": 0.011454806856404763}, {"l": "Fruits, Other", "v": 0.019757066004490637}, {"l": "Oranges, Mandarines", "v": 0.0019821089456264589}]}, {"source": 20, "prod": 98.0, "target": 8, "value": 0.19041362023065367, "supply": [{"l": "Pigmeat", "v": 0.088844817676732302}, {"l": "Poultry Meat", "v": 0.024601801089323871}, {"l": "Bovine Meat", "v": 0.064070748324698765}, {"l": "Offals, Edible", "v": 0.012896253139898737}]}, {"source": 2, "prod": 2.0, "target": 21, "value": 0.013397393000388299, "supply": [{"l": "Soyabeans", "v": 0.0063223652361382989}, {"l": "Oilcrops, Other", "v": 0.0070750277642500003}]}, {"source": 3, "prod": 372.0, "target": 21, "value": 0.43234666584000003, "supply": [{"l": "Sugar beet", "v": 0.43234666584000003}]}, {"source": 4, "prod": 49.0, "target": 21, "value": 0.038193710701762459, "supply": [{"l": "Potatoes", "v": 0.038193710701762459}]}, {"source": 14, "prod": 11.0, "target": 21, "value": 0.030720515292138161, "supply": [{"l": "Sugar", "v": 0.030720515292138161}]}, {"source": 7, "prod": 15.0, "target": 21, "value": 0.03937077280690239, "supply": [{"l": "Barley", "v": 0.03937077280690239}]}, {"source": 6, "prod": 2.0, "target": 21, "value": 0.0014202657965408925, "supply": [{"l": "Grapes", "v": 0.0014202657965408925}]}, {"source": 0, "prod": 55.0, "target": 22, "value": 0.036304280634338916, "supply": [{"l": "Milk - Excluding Butter", "v": 0.036304280634338916}]}, {"source": 4, "prod": 2.0, "target": 22, "value": 0.0015589269674188761, "supply": [{"l": "Potatoes", "v": 0.0015589269674188761}]}, {"source": 16, "prod": 11.0, "target": 22, "value": 0.10978598214019593, "supply": [{"l": "Oilcrops Oil, Other", "v": 0.026968341124905884}, {"l": "Rape and Mustard Oil", "v": 0.082817641015290044}]}, {"source": 14, "prod": 1.0, "target": 22, "value": 0.0027927741174671055, "supply": [{"l": "Sugar", "v": 0.0027927741174671055}]}, {"source": 12, "prod": 4.0, "target": 22, "value": 0.032853489414439926, "supply": [{"l": "Fats, Animals, Raw", "v": 0.032853489414439926}]}, {"source": 4, "prod": 251.0, "target": 4, "value": 0.19564533441106893, "supply": [{"l": "Potatoes", "v": 0.19564533441106893}]}, {"source": 7, "prod": 125.0, "target": 7, "value": 0.36049647941269519, "supply": [{"l": "Cereals, Other", "v": 0.027719824868134069}, {"l": "Wheat", "v": 0.11658643695583637}, {"l": "Barley", "v": 0.12598647298208765}, {"l": "Oats", "v": 0.042713832216465838}, {"l": "Rye", "v": 0.047489912390171238}]}, {"source": 5, "prod": 2.0, "target": 5, "value": 0.0010969035293410853, "supply": [{"l": "Peas", "v": 0.00054845176467054264}, {"l": "Pulses, Other", "v": 0.00054845176467054264}]}, {"source": 4, "prod": 19.0, "target": 23, "value": 0.014809806190479322, "supply": [{"l": "Potatoes", "v": 0.014809806190479322}]}, {"source": 20, "prod": 2.0, "target": 23, "value": 0.0043921910804364632, "supply": [{"l": "Pigmeat", "v": 0.002019200401743916}, {"l": "Bovine Meat", "v": 0.0023729906786925468}]}, {"source": 10, "prod": 5.0, "target": 23, "value": 0.0013951645235898993, "supply": [{"l": "Vegetables, Other", "v": 0.00087124796048842807}, {"l": "Onions", "v": 0.00034442325830020285}, {"l": "Tomatoes", "v": 0.0001794933048012685}]}, {"source": 0, "prod": 2.0, "target": 23, "value": 0.001320155659430506, "supply": [{"l": "Milk - Excluding Butter", "v": 0.001320155659430506}]}, {"source": 6, "prod": 2.0, "target": 23, "value": 0.0010969035293410853, "supply": [{"l": "Apples", "v": 0.0010969035293410853}]}, {"source": 7, "prod": 34.0, "target": 23, "value": 0.10565375681957583, "supply": [{"l": "Rye", "v": 0.031659941593447496}, {"l": "Wheat", "v": 0.056627697949977664}, {"l": "Oats", "v": 0.0094919627147701871}, {"l": "Barley", "v": 0.0078741545613804781}]}, {"source": 24, "prod": 2.0, "target": 11, "value": 0.0061521980558695653, "supply": [{"l": "Nuts", "v": 0.0061521980558695653}]}, {"source": 24, "prod": 233.0, "target": 1, "value": 0.26130737413746058, "supply": [{"l": "Eggs", "v": 0.0016064396058845789}, {"l": "Pigmeat", "v": 0.01009600200871958}, {"l": "Freshwater Fish", "v": 0.00091290680829032259}, {"l": "Milk - Excluding Butter", "v": 0.050165915058359233}, {"l": "Pelagic Fish", "v": 0.08789338017014961}, {"l": "Fish, Seafood", "v": 0.078293478233923783}, {"l": "Bovine Meat", "v": 0.011864953393462734}, {"l": "Poultry Meat", "v": 0.014471647699602274}, {"l": "Offals, Edible", "v": 0.0025792506279797471}, {"l": "Demersal Fish", "v": 0.00342340053108871}]}, {"source": 24, "prod": 109.0, "target": 7, "value": 0.35619029986455847, "supply": [{"l": "Maize", "v": 0.055185216561150004}, {"l": "Rye", "v": 0.056987894868205491}, {"l": "Barley", "v": 0.076116827426677955}, {"l": "Rice", "v": 0.02592089818052655}, {"l": "Cereals, Other", "v": 0.015399902704518929}, {"l": "Wheat", "v": 0.12657956012347951}]}, {"source": 24, "prod": 1.0, "target": 5, "value": 0.00054845176467054264, "supply": [{"l": "Peas", "v": 0.00054845176467054264}]}, {"source": 24, "prod": 146.0, "target": 21, "value": 0.68072557334141481, "supply": [{"l": "Sugar", "v": 0.1954941882226974}, {"l": "Beer", "v": 0.0016940538710542067}, {"l": "Beverages, Alcoholic", "v": 0.013657436548516207}, {"l": "Butter, Ghee", "v": 0.0083758176222511211}, {"l": "Fats, Animals, Raw", "v": 0.016426744707219963}, {"l": "Soyabean Oil", "v": 0.010426356705210527}, {"l": "Sunflowerseed Oil", "v": 0.081411278383150695}, {"l": "Rape and Mustard Oil", "v": 0.26915733329969266}, {"l": "Oilcrops Oil, Other", "v": 0.035957788166541181}, {"l": "Wine", "v": 0.011818512288008525}, {"l": "Sweeteners, Other", "v": 0.036306063527072371}]}, {"source": 24, "prod": 2.0, "target": 9, "value": 0.0051768495835975599, "supply": [{"l": "Treenuts", "v": 0.0051768495835975599}]}, {"source": 24, "prod": 48.0, "target": 10, "value": 0.012651269898600069, "supply": [{"l": "Tomatoes", "v": 0.0028718928768202961}, {"l": "Vegetables, Other", "v": 0.0066795676970779483}, {"l": "Onions", "v": 0.0030998093247018256}]}, {"source": 24, "prod": 14.0, "target": 18, "value": 0.042138488158018177, "supply": [{"l": "Coffee", "v": 0.0053621263055368415}, {"l": "Cocoa Beans", "v": 0.036018323163454553}, {"l": "Tea", "v": 0.00075803868902678576}]}, {"source": 24, "prod": 100.0, "target": 6, "value": 0.05577349827310045, "supply": [{"l": "Grapefruit", "v": 0.0011622222200000001}, {"l": "Grapes", "v": 0.01136212637232714}, {"l": "Apples", "v": 0.018098908234127908}, {"l": "Lemons, Limes", "v": 0.00054076645331847144}, {"l": "Pineapples", "v": 0.00081634935741346152}, {"l": "Bananas", "v": 0.011454806856404763}, {"l": "Fruits, Other", "v": 0.0063919919426293241}, {"l": "Oranges, Mandarines", "v": 0.0059463268368793775}]}, {"source": 24, "prod": 36.0, "target": 3, "value": 0.041839999920000003, "supply": [{"l": "Sugar beet", "v": 0.041839999920000003}]}, {"source": 24, "prod": 27.0, "target": 2, "value": 0.18182010794476841, "supply": [{"l": "Sunflower seed", "v": 0.025289460944553196}, {"l": "Coconuts - Incl Copra", "v": 0.001632698714826923}, {"l": "Groundnuts", "v": 0.0063223652361382989}, {"l": "Oilcrops, Other", "v": 0.14857558304925}]}, {"source": 24, "prod": 1.0, "target": 17, "value": 0.0033513289409605267, "supply": [{"l": "Spices, Other", "v": 0.0033513289409605267}]}, {"source": 24, "prod": 4.0, "target": 4, "value": 0.0031178539348377522, "supply": [{"l": "Potatoes", "v": 0.0031178539348377522}]}, {"source": 0, "prod": 187.0, "target": 25, "value": 0.12343455415675234, "supply": [{"l": "Milk - Excluding Butter", "v": 0.12343455415675234}]}, {"source": 20, "prod": 9.0, "target": 25, "value": 0.018880384169592507, "supply": [{"l": "Pigmeat", "v": 0.014134402812207411}, {"l": "Bovine Meat", "v": 0.0047459813573850936}]}, {"source": 10, "prod": 6.0, "target": 25, "value": 0.0011878825108358187, "supply": [{"l": "Tomatoes", "v": 0.00089746652400634263}, {"l": "Vegetables, Other", "v": 0.00029041598682947602}]}, {"source": 15, "prod": 23.0, "target": 25, "value": 0.029137856431324598, "supply": [{"l": "Beer", "v": 0.0011293692473694711}, {"l": "Beverages, Alcoholic", "v": 0.013657436548516207}, {"l": "Wine", "v": 0.013506871186295457}, {"l": "Alcohol, Non-Food", "v": 0.00084417944914346604}]}, {"source": 12, "prod": 3.0, "target": 25, "value": 0.025127452866753362, "supply": [{"l": "Butter, Ghee", "v": 0.025127452866753362}]}, {"source": 4, "prod": 16.0, "target": 25, "value": 0.012471415739351009, "supply": [{"l": "Potatoes", "v": 0.012471415739351009}]}, {"source": 16, "prod": 1.0, "target": 25, "value": 0.010176409797893837, "supply": [{"l": "Sunflowerseed Oil", "v": 0.010176409797893837}]}, {"source": 13, "prod": 290.0, "target": 25, "value": 0.39211344489443556, "supply": [{"l": "Fish, Seafood", "v": 0.16944110961073056}, {"l": "Pelagic Fish", "v": 0.22130297507126953}, {"l": "Demersal Fish", "v": 0.0013693602124354839}]}, {"source": 14, "prod": 21.0, "target": 25, "value": 0.058648256466809212, "supply": [{"l": "Sugar", "v": 0.055855482349342109}, {"l": "Sweeteners, Other", "v": 0.0027927741174671055}]}, {"source": 6, "prod": 56.0, "target": 25, "value": 0.028777099987115952, "supply": [{"l": "Oranges, Mandarines", "v": 0.0039642178912529177}, {"l": "Fruits, Other", "v": 0.0058109017660266582}, {"l": "Grapefruit", "v": 0.0011622222200000001}, {"l": "Pineapples", "v": 0.0012245240361201922}, {"l": "Grapes", "v": 0.00071013289827044624}, {"l": "Apples", "v": 0.015905101175445736}]}, {"source": 7, "prod": 21.0, "target": 25, "value": 0.067581833052261925, "supply": [{"l": "Barley", "v": 0.0078741545613804781}, {"l": "Cereals, Other", "v": 0.0030799805409037857}, {"l": "Wheat", "v": 0.056627697949977664}]}, {"source": 18, "prod": 4.0, "target": 25, "value": 0.019200745205179909, "supply": [{"l": "Cocoa Beans", "v": 0.018009161581727277}, {"l": "Coffee", "v": 0.0011915836234526317}]}, {"source": 19, "prod": 1.0, "target": 25, "value": 0.0016064396058845789, "supply": [{"l": "Eggs", "v": 0.0016064396058845789}]}, {"source": 2, "prod": 2.0, "target": 25, "value": 0.013397393000388299, "supply": [{"l": "Rape and Mustardseed", "v": 0.0063223652361382989}, {"l": "Oilcrops, Other", "v": 0.0070750277642500003}]}, {"source": 3, "prod": 50.0, "target": 26, "value": 0.058111111000000007, "supply": [{"l": "Sugar beet", "v": 0.058111111000000007}]}, {"source": 10, "prod": 10.0, "target": 26, "value": 0.0029041598682947602, "supply": [{"l": "Vegetables, Other", "v": 0.0029041598682947602}]}, {"source": 7, "prod": 16.0, "target": 26, "value": 0.037967850859080748, "supply": [{"l": "Oats", "v": 0.037967850859080748}]}, {"source": 27, "prod": 50.0, "target": 1, "value": 0.074953684467864296, "supply": [{"l": "Pigmeat", "v": 0.020192004017439161}, {"l": "Pelagic Fish", "v": 0.031390492917910573}, {"l": "Fish, Seafood", "v": 0.023371187532514558}]}, {"source": 16, "prod": 4.0, "target": 26, "value": 0.040705639191575348, "supply": [{"l": "Sunflowerseed Oil", "v": 0.040705639191575348}]}, {"source": 6, "prod": 30.0, "target": 26, "value": 0.01645355294011628, "supply": [{"l": "Apples", "v": 0.01645355294011628}]}, {"source": 14, "prod": 3.0, "target": 26, "value": 0.008378322352401317, "supply": [{"l": "Sugar", "v": 0.008378322352401317}]}, {"source": 27, "prod": 9.0, "target": 21, "value": 0.0075976150422911951, "supply": [{"l": "Wine", "v": 0.0075976150422911951}]}, {"source": 4, "prod": 15.0, "target": 26, "value": 0.011691952255641571, "supply": [{"l": "Potatoes", "v": 0.011691952255641571}]}, {"source": 27, "prod": 1.0, "target": 7, "value": 0.0030799805409037857, "supply": [{"l": "Cereals, Other", "v": 0.0030799805409037857}]}, {"source": 1, "prod": 1065.0, "target": 0, "value": 0.70298288864674463, "supply": [{"l": "Milk - Excluding Butter", "v": 0.70298288864674463}]}, {"source": 1, "prod": 27.0, "target": 19, "value": 0.043373869358883634, "supply": [{"l": "Eggs", "v": 0.043373869358883634}]}, {"source": 1, "prod": 109.0, "target": 20, "value": 0.21368619548068263, "supply": [{"l": "Poultry Meat", "v": 0.024601801089323871}, {"l": "Bovine Meat", "v": 0.071189720360776407}, {"l": "Pigmeat", "v": 0.10499842089068363}, {"l": "Offals, Edible", "v": 0.012896253139898737}]}, {"source": 1, "prod": 382.0, "target": 13, "value": 0.49870238863018307, "supply": [{"l": "Pelagic Fish", "v": 0.26524966515634435}, {"l": "Crustaceans", "v": 0.00096477651330681825}, {"l": "Freshwater Fish", "v": 0.0018258136165806452}, {"l": "Demersal Fish", "v": 0.0054774408497419366}, {"l": "Fish, Seafood", "v": 0.22319484093551406}, {"l": "Marine Fish, Other", "v": 0.0019898515586953126}]}, {"source": 21, "prod": 126.0, "target": 14, "value": 0.35183548510825907, "supply": [{"l": "Honey", "v": 0.0027387204248709679}, {"l": "Sweeteners, Other", "v": 0.039098837644539475}, {"l": "Sugar", "v": 0.30999792703884871}]}, {"source": 21, "prod": 40.0, "target": 16, "value": 0.40576640826721294, "supply": [{"l": "Oilcrops Oil, Other", "v": 0.044947235208176478}, {"l": "Sunflowerseed Oil", "v": 0.091587688181044541}, {"l": "Soyabean Oil", "v": 0.010426356705210527}, {"l": "Rape and Mustard Oil", "v": 0.2588051281727814}]}, {"source": 21, "prod": 125.0, "target": 15, "value": 0.14624463174518254, "supply": [{"l": "Beer", "v": 0.042351346776355173}, {"l": "Beverages, Alcoholic", "v": 0.081944619291097254}, {"l": "Alcohol, Non-Food", "v": 0.00084417944914346604}, {"l": "Wine", "v": 0.021104486228586652}]}, {"source": 21, "prod": 42.0, "target": 12, "value": 0.23895646672802331, "supply": [{"l": "Fats, Animals, Raw", "v": 0.13141395765775971}, {"l": "Butter, Ghee", "v": 0.067006540978008969}, {"l": "Cream", "v": 0.04053596809225464}]}, {"source": 2, "prod": 16.0, "target": 28, "value": 0.059266947383626381, "supply": [{"l": "Sunflower seed", "v": 0.0069733333200000004}, {"l": "Coconuts - Incl Copra", "v": 0.0017433333300000001}, {"l": "Groundnuts", "v": 0.0017433333300000001}, {"l": "Rape and Mustardseed", "v": 0.0034866666600000002}, {"l": "Oilcrops, Other", "v": 0.04009666659000001}, {"l": "Soyabeans", "v": 0.0017433333300000001}]}, {"source": 10, "prod": 188.5, "target": 28, "value": 0.64943093577951416, "supply": [{"l": "Tomatoes", "v": 0.034866666599999999}, {"l": "Vegetables, Other", "v": 0.59273333220000002}, {"l": "Onions", "v": 0.029636666610000001}]}, {"source": 3, "prod": 162.40000000000001, "target": 28, "value": 0.18874488852800003, "supply": [{"l": "Sugar beet", "v": 0.18874488852800003}]}, {"source": 4, "prod": 474.25, "target": 28, "value": 1.6535516635050003, "supply": [{"l": "Potatoes", "v": 1.6535516635050003}]}, {"source": 5, "prod": 9.5, "target": 28, "value": 0.033123333269999992, "supply": [{"l": "Peas", "v": 0.022663333289999997}, {"l": "Beans", "v": 0.0034866666599999998}, {"l": "Pulses, Other", "v": 0.0069733333199999996}]}, {"source": 7, "prod": 2180.0, "target": 28, "value": 7.1151852030264475, "supply": [{"l": "Maize", "v": 0.041839999920000003}, {"l": "Rye", "v": 0.99718666476000017}, {"l": "Barley", "v": 2.6080266616800003}, {"l": "Rice", "v": 0.017433333299999999}, {"l": "Cereals, Other", "v": 0.23709333288000006}, {"l": "Wheat", "v": 2.8834733278199995}, {"l": "Oats", "v": 0.81587999844000003}]}, {"source": 29, "prod": 0, "target": 2, "value": 1.9184162215385469e-06, "supply": "[{\"l\":'Energy for power irrigation',\"v\":1.9184162215385469e-06}]"}, {"source": 29, "prod": 0, "target": 10, "value": 2.2601341110001006e-05, "supply": "[{\"l\":'Energy for power irrigation',\"v\":2.2601341110001006e-05}]"}, {"source": 29, "prod": 0, "target": 3, "value": 4.8679811621540631e-05, "supply": "[{\"l\":'Energy for power irrigation',\"v\":4.8679811621540631e-05}]"}, {"source": 29, "prod": 0, "target": 4, "value": 0.00011372611163308198, "supply": "[{\"l\":'Energy for power irrigation',\"v\":0.00011372611163308198}]"}, {"source": 29, "prod": 0, "target": 5, "value": 1.1390596315385124e-06, "supply": "[{\"l\":'Energy for power irrigation',\"v\":1.1390596315385124e-06}]"}, {"source": 29, "prod": 0, "target": 6, "value": 2.0263271340000906e-05, "supply": "[{\"l\":'Energy for power irrigation',\"v\":2.0263271340000906e-05}]"}, {"source": 29, "prod": 0, "target": 7, "value": 0.0001306921050923135, "supply": "[{\"l\":'Energy for power irrigation',\"v\":0.0001306921050923135}]"}, {"source": 29, "prod": 0, "target": 21, "value": 0.1870000001496, "supply": "[{\"l\":'Electricity',\"v\":0.1870000001496}]"}, {"source": 30, "prod": 0, "target": 29, "value": 0.12786302325183371, "supply": [{"l": "Coal", "v": 0.0}, {"l": "Natural gas", "v": 0.10535209997264111}, {"l": "Oil", "v": 0.022510923279192605}]}, {"source": 31, "prod": 0, "target": 29, "value": 0.12575878482689234, "supply": [{"l": "Nuclear", "v": 0.0}, {"l": "Hydroelectric", "v": 0.12567366889807549}, {"l": "Renewable", "v": 8.5115928816847464e-05}]}, {"source": 30, "prod": 0, "target": 2, "value": 0.0055133356876441303, "supply": [{"l": "Motor Gasoline", "v": 0.00013880076774508283}, {"l": "Gas-Diesel oil", "v": 0.0037050092067395131}, {"l": "Natural gas (including LNG)", "v": 0.0010135902565583362}, {"l": "Fuel oil", "v": 0.00037974386118970737}, {"l": "Liquefied petroleum gas (LPG)", "v": 7.4100184134790273e-05}, {"l": "Coal", "v": 0.00020209141127670071}]}, {"source": 30, "prod": 0, "target": 10, "value": 0.06495398607005741, "supply": [{"l": "Motor Gasoline", "v": 0.0016352465449967568}, {"l": "Gas-Diesel oil", "v": 0.043649639716899884}, {"l": "Natural gas (including LNG)", "v": 0.011941360210077898}, {"l": "Fuel oil", "v": 0.0044738573646412394}, {"l": "Liquefied petroleum gas (LPG)", "v": 0.00087299279433799778}, {"l": "Coal", "v": 0.0023808894391036299}]}, {"source": 30, "prod": 0, "target": 3, "value": 0.1399008930739698, "supply": [{"l": "Motor Gasoline", "v": 0.0035220694815314762}, {"l": "Gas-Diesel oil", "v": 0.094014608621015142}, {"l": "Natural gas (including LNG)", "v": 0.025719852760167781}, {"l": "Fuel oil", "v": 0.0096360004776888247}, {"l": "Liquefied petroleum gas (LPG)", "v": 0.0018802921724203031}, {"l": "Coal", "v": 0.0051280695611462803}]}, {"source": 30, "prod": 0, "target": 4, "value": 0.32683743123315362, "supply": [{"l": "Motor Gasoline", "v": 0.0082282830128881899}, {"l": "Gas-Diesel oil", "v": 0.21963757703702677}, {"l": "Natural gas (including LNG)", "v": 0.060086897396598872}, {"l": "Fuel oil", "v": 0.022511690771152341}, {"l": "Liquefied petroleum gas (LPG)", "v": 0.004392751540740536}, {"l": "Coal", "v": 0.011980231474746913}]}, {"source": 30, "prod": 0, "target": 5, "value": 0.0032735430645387028, "supply": [{"l": "Motor Gasoline", "v": 8.2412955848642922e-05}, {"l": "Gas-Diesel oil", "v": 0.002199849216501586}, {"l": "Natural gas (including LNG)", "v": 0.00060181921483151214}, {"l": "Fuel oil", "v": 0.00022547291758138877}, {"l": "Liquefied petroleum gas (LPG)", "v": 4.3996984330031726e-05}, {"l": "Coal", "v": 0.00011999177544554106}]}, {"source": 30, "prod": 0, "target": 6, "value": 0.058234608200741132, "supply": [{"l": "Motor Gasoline", "v": 0.0014660831093074374}, {"l": "Gas-Diesel oil", "v": 0.039134159746186108}, {"l": "Natural gas (including LNG)", "v": 0.010706047084897427}, {"l": "Fuel oil", "v": 0.0040110445338162846}, {"l": "Liquefied petroleum gas (LPG)", "v": 0.00078268319492372229}, {"l": "Coal", "v": 0.0021345905316101513}]}, {"source": 30, "prod": 0, "target": 7, "value": 0.37559599372075636, "supply": [{"l": "Motor Gasoline", "v": 0.0094558023026337663}, {"l": "Gas-Diesel oil", "v": 0.25240375220912931}, {"l": "Natural gas (including LNG)", "v": 0.069050836228036649}, {"l": "Fuel oil", "v": 0.025870050543548812}, {"l": "Liquefied petroleum gas (LPG)", "v": 0.0050480750441825872}, {"l": "Coal", "v": 0.013767477393225236}]}, {"source": 30, "prod": 0, "target": 1, "value": 0.27237105577345239, "supply": [{"l": "Gas-diesel oils used in fisheries", "v": 0.21876250017500998}, {"l": "Fuel oil used in fisheries", "v": 0.053608555598442395}]}, {"source": 32, "prod": 0.19795558688755729, "target": 2, "value": 0.0022739278598851742, "supply": [{"l": "Potash", "v": 0.02051111112752}, {"l": "Phosphate", "v": 0.034087500027269999}, {"l": "Nitrogen", "v": 0.34859722250109998}]}, {"source": 32, "prod": 2.3321642580190343, "target": 10, "value": 0.026789712599272205, "supply": [{"l": "Potash", "v": 0.02051111112752}, {"l": "Phosphate", "v": 0.034087500027269999}, {"l": "Nitrogen", "v": 0.34859722250109998}]}, {"source": 32, "prod": 5.0231230172717662, "target": 3, "value": 0.057700919444586295, "supply": [{"l": "Potash", "v": 0.02051111112752}, {"l": "Phosphate", "v": 0.034087500027269999}, {"l": "Nitrogen", "v": 0.34859722250109998}]}, {"source": 32, "prod": 11.735054635178004, "target": 4, "value": 0.13480128594381799, "supply": [{"l": "Potash", "v": 0.02051111112752}, {"l": "Phosphate", "v": 0.034087500027269999}, {"l": "Nitrogen", "v": 0.34859722250109998}]}, {"source": 32, "prod": 0.11753612971448714, "target": 5, "value": 0.0013501446668068222, "supply": [{"l": "Potash", "v": 0.02051111112752}, {"l": "Phosphate", "v": 0.034087500027269999}, {"l": "Nitrogen", "v": 0.34859722250109998}]}, {"source": 32, "prod": 2.090905886499824, "target": 6, "value": 0.024018363020037153, "supply": [{"l": "Potash", "v": 0.02051111112752}, {"l": "Phosphate", "v": 0.034087500027269999}, {"l": "Nitrogen", "v": 0.34859722250109998}]}, {"source": 32, "prod": 13.485724356714838, "target": 7, "value": 0.15491133545467747, "supply": [{"l": "Potash", "v": 0.02051111112752}, {"l": "Phosphate", "v": 0.034087500027269999}, {"l": "Nitrogen", "v": 0.34859722250109998}]}, {"source": 30, "prod": 0, "target": 32, "value": 0.49487909815390368, "supply": [{"l": "Natural gas (including LNG)", "v": 0.33100735439257589}, {"l": "Fuel oil", "v": 0.10224979914988333}, {"l": "Liquefied petroleum gas (LPG)", "v": 0.030810972305722224}, {"l": "Coal", "v": 0.030810972305722224}]}, {"source": 33, "prod": 0, "target": 4, "value": 0.040214522315202193, "supply": "[{\"l\":'Labor',\"v\":0.040214522315202193}]"}, {"source": 33, "prod": 0, "target": 2, "value": 0.00067836832582312601, "supply": "[{\"l\":'Labor',\"v\":0.00067836832582312601}]"}, {"source": 33, "prod": 0, "target": 9, "value": 4.2398020363945376e-05, "supply": "[{\"l\":'Labor',\"v\":4.2398020363945376e-05}]"}, {"source": 33, "prod": 0, "target": 10, "value": 0.0079920268386037031, "supply": "[{\"l\":'Labor',\"v\":0.0079920268386037031}]"}, {"source": 33, "prod": 0, "target": 11, "value": 4.2398020363945376e-05, "supply": "[{\"l\":'Labor',\"v\":4.2398020363945376e-05}]"}, {"source": 33, "prod": 0, "target": 3, "value": 0.017213596267761824, "supply": "[{\"l\":'Labor',\"v\":0.017213596267761824}]"}, {"source": 33, "prod": 0, "target": 5, "value": 0.00040278119345748111, "supply": "[{\"l\":'Labor',\"v\":0.00040278119345748111}]"}, {"source": 33, "prod": 0, "target": 7, "value": 0.04621384219670046, "supply": "[{\"l\":'Labor',\"v\":0.04621384219670046}]"}, {"source": 33, "prod": 0, "target": 6, "value": 0.0071652654415067692, "supply": "[{\"l\":'Labor',\"v\":0.0071652654415067692}]"}, {"source": 33, "prod": 0, "target": 17, "value": 2.1199010181972688e-05, "supply": "[{\"l\":'Labor',\"v\":2.1199010181972688e-05}]"}, {"source": 33, "prod": 0, "target": 18, "value": 0.00029678614254761764, "supply": "[{\"l\":'Labor',\"v\":0.00029678614254761764}]"}, {"source": 30, "prod": 0, "target": 24, "value": 2.0834720512237905, "supply": "[{\"l\":'Fossil Fuels',\"v\":2.0834720512237905}]"}, {"source": 31, "prod": 0, "target": 24, "value": 0.94460044680768473, "supply": "[{\"l\":'Renewables & Nuclear',\"v\":0.18359213900096522},{\"l\":'Biomass & Waste',\"v\":0.76100830780671946}]"}]}