{"nodes": [{"layer": 13, "name": "Animal Products", "fill": "#17becf"}, {"layer": 10, "name": "Feed", "fill": "#dbdb8d"}, {"layer": 5, "name": "Cereals", "fill": "#e7ba52"}, {"layer": 5, "name": "Oilcrops", "fill": "#ff9896"}, {"layer": 5, "name": "Sugar Crops", "fill": "#ffbb78"}, {"layer": 5, "name": "Starchy Roots"}, {"layer": 5, "name": "Fruits & Vegetables"}, {"layer": 13, "name": "Aquatic Products", "fill": "#1f77b4"}, {"layer": 13, "name": "Other Processed", "fill": "#9c9ede"}, {"layer": 16, "name": "Food", "fill": "#b5cf6b"}, {"layer": 13, "name": "Sugar", "fill": "#d6616b"}, {"layer": 5, "name": "Others"}, {"layer": 13, "name": "Vegetable Oils", "fill": "#f7b6d2"}, {"layer": 10, "name": "Processing", "fill": "#9edae5"}, {"layer": 16, "name": "Biofuels & Other", "fill": "#e7ba52"}, {"name": "Waste", "fill": "#c7c7c7"}, {"layer": 2, "name": "Import", "fill": "#aec7e8"}, {"layer": 16, "name": "Export", "fill": "#aec7e8"}, {"layer": 0, "name": "Stock Draw", "fill": "#c7c7c7"}, {"layer": 16, "name": "Stock Deposit", "fill": "#c7c7c7"}, {"name": "Crop Residue", "fill": "#bd9e39"}, {"layer": 2, "name": "Electricity", "fill": "#bcbd22"}, {"layer": 0, "name": "Fossil Fuels", "fill": "#c49c94"}, {"layer": 0, "name": "Renewables & Nuclear", "fill": "#2ca02c"}, {"layer": 2, "name": "Fertilizers", "fill": "#c5b0d5"}, {"layer": 0, "name": "Labor", "fill": "#7f7f7f"}], "links": [{"source": 0, "prod": 297.0, "target": 1, "value": 0.20352553539296314, "supply": [{"l": "Milk - Excluding Butter", "v": 0.20352553539296314}]}, {"source": 2, "prod": 430.0, "target": 1, "value": 1.227191200918661, "supply": [{"l": "Maize", "v": 0.066033592466333349}, {"l": "Wheat", "v": 0.16031551449273748}, {"l": "Oats", "v": 0.16216917571988762}, {"l": "Rye", "v": 0.27047594180075357}, {"l": "Millet", "v": 0.0031820699035382777}, {"l": "Barley", "v": 0.53866652727544528}, {"l": "Cereals, Other", "v": 0.026348379259965519}]}, {"source": 3, "prod": 25.0, "target": 1, "value": 0.096782317598041873, "supply": [{"l": "Sunflower seed", "v": 0.0080228783738145945}, {"l": "Oilcrops, Other", "v": 0.088759439224227285}]}, {"source": 4, "prod": 29.0, "target": 1, "value": 0.033704444380000004, "supply": [{"l": "Sugar beet", "v": 0.033704444380000004}]}, {"source": 5, "prod": 339.0, "target": 1, "value": 0.26398827000121927, "supply": [{"l": "Potatoes", "v": 0.26398827000121927}]}, {"source": 6, "prod": 50.0, "target": 1, "value": 0.016627164572874095, "supply": [{"l": "Vegetables, Other", "v": 0.010022418546622152}, {"l": "Apples", "v": 0.0042423651803123056}, {"l": "Peas", "v": 0.0018899046767517124}, {"l": "Pulses, Other", "v": 0.00047247616918792809}]}, {"source": 7, "prod": 62.0, "target": 1, "value": 0.05615533124922828, "supply": [{"l": "Pelagic Fish", "v": 0.015506290882669329}, {"l": "Marine Fish, Other", "v": 0.012231403931415254}, {"l": "Fish, Seafood", "v": 0.028417636435143692}]}, {"source": 8, "prod": 126.0, "target": 9, "value": 0.34186465270678784, "supply": [{"l": "Beer", "v": 0.037384630122952726}, {"l": "Beverages, Alcoholic", "v": 0.047671310069278071}, {"l": "Fats, Animals, Raw", "v": 0.13191576646794223}, {"l": "Butter, Ghee", "v": 0.083054673754239125}, {"l": "Wine", "v": 0.0028300111056999999}, {"l": "Cream", "v": 0.039008261186675677}]}, {"source": 0, "prod": 769.0, "target": 9, "value": 0.79064151551965056, "supply": [{"l": "Meat, Other", "v": 0.0017687569410625001}, {"l": "Eggs", "v": 0.030416179178947334}, {"l": "Mutton & Goat Meat", "v": 0.0058551953911034479}, {"l": "Pigmeat", "v": 0.12071328311627537}, {"l": "Poultry Meat", "v": 0.019477135256876471}, {"l": "Milk - Excluding Butter", "v": 0.40088363031947272}, {"l": "Bovine Meat", "v": 0.19535117483875916}, {"l": "Offals, Edible", "v": 0.016176160477153579}]}, {"source": 2, "prod": 413.0, "target": 9, "value": 1.2858825143722075, "supply": [{"l": "Rye", "v": 0.15273935536983732}, {"l": "Barley", "v": 0.29692350040061133}, {"l": "Rice", "v": 0.012526278664573769}, {"l": "Wheat", "v": 0.78487803970402736}, {"l": "Oats", "v": 0.0095393632776404492}, {"l": "Cereals, Other", "v": 0.029275976955517247}]}, {"source": 3, "prod": 1.0, "target": 9, "value": 0.0057886590798409097, "supply": [{"l": "Groundnuts", "v": 0.0057886590798409097}]}, {"source": 10, "prod": 111.0, "target": 9, "value": 0.40419145684211, "supply": [{"l": "Sugar", "v": 0.39522568889948284}, {"l": "Sweeteners, Other", "v": 0.0053062708231875}, {"l": "Honey", "v": 0.0036594971194396559}]}, {"source": 5, "prod": 336.0, "target": 9, "value": 0.26165209062067757, "supply": [{"l": "Potatoes", "v": 0.26165209062067757}]}, {"source": 6, "prod": 301.0, "target": 9, "value": 0.11256037762018406, "supply": [{"l": "Vegetables, Other", "v": 0.044965445371331819}, {"l": "Tomatoes", "v": 0.0011236808802044119}, {"l": "Treenuts", "v": 0.0053734388082911401}, {"l": "Grapes", "v": 0.0032037861573962268}, {"l": "Apples", "v": 0.021211825901561523}, {"l": "Lemons, Limes", "v": 0.0002968543117867133}, {"l": "Bananas", "v": 0.009742661183557379}, {"l": "Fruits, Other", "v": 0.013701808906449918}, {"l": "Oranges, Mandarines", "v": 0.0011473017996081081}, {"l": "Onions", "v": 0.011793574299996844}]}, {"source": 11, "prod": 4.0, "target": 9, "value": 0.015587247825762009, "supply": [{"l": "Nuts", "v": 0.005585548234934211}, {"l": "Coffee", "v": 0.00041617810377941178}, {"l": "Cocoa Beans", "v": 0.0095855214870483874}]}, {"source": 7, "prod": 152.0, "target": 9, "value": 0.13838455085316334, "supply": [{"l": "Cephalopods", "v": 0.005155890678400811}, {"l": "Marine Fish, Other", "v": 0.00071949434890677965}, {"l": "Freshwater Fish", "v": 0.001326567705796875}, {"l": "Fish, Seafood", "v": 0.069669044163578081}, {"l": "Pelagic Fish", "v": 0.052056833677532749}, {"l": "Demersal Fish", "v": 0.009456720278948021}]}, {"source": 12, "prod": 6.0, "target": 9, "value": 0.060128592770789968, "supply": [{"l": "Sunflowerseed Oil", "v": 0.040705639191575348}, {"l": "Rape and Mustard Oil", "v": 0.010612541646375}, {"l": "Oilcrops Oil, Other", "v": 0.0088104119328396222}]}, {"source": 5, "prod": 47.0, "target": 13, "value": 0.036600143628487632, "supply": [{"l": "Potatoes", "v": 0.036600143628487632}]}, {"source": 4, "prod": 230.0, "target": 13, "value": 0.26731111060000001, "supply": [{"l": "Sugar beet", "v": 0.26731111060000001}]}, {"source": 6, "prod": 4.0, "target": 13, "value": 0.0032037861573962268, "supply": [{"l": "Grapes", "v": 0.0032037861573962268}]}, {"source": 2, "prod": 12.0, "target": 13, "value": 0.031531699157587044, "supply": [{"l": "Barley", "v": 0.031531699157587044}]}, {"source": 3, "prod": 2.0, "target": 13, "value": 0.0078705452401345698, "supply": [{"l": "Rape and Mustardseed", "v": 0.0040114391869072973}, {"l": "Oilcrops, Other", "v": 0.003859106053227273}]}, {"source": 5, "prod": 1.0, "target": 14, "value": 0.00077872646018058796, "supply": [{"l": "Potatoes", "v": 0.00077872646018058796}]}, {"source": 8, "prod": 12.0, "target": 14, "value": 0.09163542648194363, "supply": [{"l": "Fats, Animals, Raw", "v": 0.090692089446710297}, {"l": "Alcohol, Non-Food", "v": 0.00094333703523333322}]}, {"source": 12, "prod": 1.0, "target": 14, "value": 0.0088104119328396222, "supply": [{"l": "Oilcrops Oil, Other", "v": 0.0088104119328396222}]}, {"source": 0, "prod": 27.0, "target": 14, "value": 0.022428765801551925, "supply": [{"l": "Milk - Excluding Butter", "v": 0.015075965584663932}, {"l": "Offals, Edible", "v": 0.0073528002168879916}]}, {"source": 10, "prod": 1.0, "target": 14, "value": 0.0036594971194396559, "supply": [{"l": "Sugar", "v": 0.0036594971194396559}]}, {"source": 5, "prod": 320.0, "target": 5, "value": 0.24919246725778813, "supply": [{"l": "Potatoes", "v": 0.24919246725778813}]}, {"source": 0, "prod": 1.0, "target": 0, "value": 0.0016008515357340703, "supply": [{"l": "Eggs", "v": 0.0016008515357340703}]}, {"source": 2, "prod": 109.0, "target": 2, "value": 0.30797676334608515, "supply": [{"l": "Cereals, Other", "v": 0.0087827930866551732}, {"l": "Wheat", "v": 0.086837570350232818}, {"l": "Barley", "v": 0.14714792940207286}, {"l": "Oats", "v": 0.033387771471741573}, {"l": "Rye", "v": 0.031820699035382781}]}, {"source": 5, "prod": 21.0, "target": 15, "value": 0.016353255663792348, "supply": [{"l": "Potatoes", "v": 0.016353255663792348}]}, {"source": 6, "prod": 9.0, "target": 15, "value": 0.0027949780829640762, "supply": [{"l": "Vegetables, Other", "v": 0.0018961332385501366}, {"l": "Onions", "v": 0.00036854919687490139}, {"l": "Apples", "v": 0.0005302956475390382}]}, {"source": 0, "prod": 5.0, "target": 15, "value": 0.0084235050957916363, "supply": [{"l": "Pigmeat", "v": 0.0019789062805946785}, {"l": "Bovine Meat", "v": 0.0050740564893184195}, {"l": "Milk - Excluding Butter", "v": 0.0013705423258785392}]}, {"source": 2, "prod": 19.0, "target": 15, "value": 0.05782488582916849, "supply": [{"l": "Rye", "v": 0.012728279614153111}, {"l": "Wheat", "v": 0.03005915896738828}, {"l": "Oats", "v": 0.0071545224582303382}, {"l": "Barley", "v": 0.007882924789396761}]}, {"source": 16, "prod": 5.0, "target": 11, "value": 0.025172769312810397, "supply": [{"l": "Cocoa Beans", "v": 0.019171042974096775}, {"l": "Nuts", "v": 0.005585548234934211}, {"l": "Coffee", "v": 0.00041617810377941178}]}, {"source": 16, "prod": 140.0, "target": 1, "value": 0.13817683056850746, "supply": [{"l": "Pigmeat", "v": 0.0079156251223787139}, {"l": "Milk - Excluding Butter", "v": 0.013705423258785394}, {"l": "Pelagic Fish", "v": 0.0553796102952476}, {"l": "Fish, Seafood", "v": 0.051335085173162792}, {"l": "Bovine Meat", "v": 0.0025370282446592098}, {"l": "Poultry Meat", "v": 0.0029964823472117645}, {"l": "Offals, Edible", "v": 0.0014705600433775981}, {"l": "Demersal Fish", "v": 0.0028370160836844061}]}, {"source": 16, "prod": 73.0, "target": 13, "value": 0.28200716568889106, "supply": [{"l": "Sugar", "v": 0.18297485597198279}, {"l": "Beer", "v": 0.0016993013692251238}, {"l": "Beverages, Alcoholic", "v": 0.0068101871527540105}, {"l": "Oilcrops Oil, Other", "v": 0.0088104119328396222}, {"l": "Fats, Animals, Raw", "v": 0.024734206212739168}, {"l": "Wine", "v": 0.0056600222113999997}, {"l": "Sweeteners, Other", "v": 0.010612541646375}, {"l": "Sunflowerseed Oil", "v": 0.040705639191575348}]}, {"source": 16, "prod": 91.0, "target": 2, "value": 0.31681073364309753, "supply": [{"l": "Maize", "v": 0.070750277642500012}, {"l": "Barley", "v": 0.023648774368190281}, {"l": "Rice", "v": 0.012526278664573769}, {"l": "Cereals, Other", "v": 0.026348379259965519}, {"l": "Wheat", "v": 0.1803549538043297}, {"l": "Millet", "v": 0.0031820699035382777}]}, {"source": 16, "prod": 81.0, "target": 6, "value": 0.044106787163897238, "supply": [{"l": "Grapes", "v": 0.0096113584721886809}, {"l": "Tomatoes", "v": 0.00062426715566911764}, {"l": "Lemons, Limes", "v": 0.0002968543117867133}, {"l": "Bananas", "v": 0.009742661183557379}, {"l": "Treenuts", "v": 0.0053734388082911401}, {"l": "Fruits, Other", "v": 0.0051972378610672084}, {"l": "Vegetables, Other", "v": 0.0029796379462930715}, {"l": "Peas", "v": 0.00047247616918792809}, {"l": "Oranges, Mandarines", "v": 0.0022946035992162162}, {"l": "Onions", "v": 0.0022112951812494086}, {"l": "Apples", "v": 0.0053029564753903809}]}, {"source": 16, "prod": 1.0, "target": 4, "value": 0.0011622222200000001, "supply": [{"l": "Sugar beet", "v": 0.0011622222200000001}]}, {"source": 16, "prod": 27.0, "target": 3, "value": 0.10643008273111006, "supply": [{"l": "Sunflower seed", "v": 0.0080228783738145945}, {"l": "Groundnuts", "v": 0.0057886590798409097}, {"l": "Oilcrops, Other", "v": 0.092618545277454556}]}, {"source": 16, "prod": 1.0, "target": 5, "value": 0.00077872646018058796, "supply": [{"l": "Potatoes", "v": 0.00077872646018058796}]}, {"source": 8, "prod": 14.0, "target": 17, "value": 0.047080385748469657, "supply": [{"l": "Alcohol, Non-Food", "v": 0.0018866740704666664}, {"l": "Beer", "v": 0.00056643378974170799}, {"l": "Beverages, Alcoholic", "v": 0.0068101871527540105}, {"l": "Butter, Ghee", "v": 0.016610934750847826}, {"l": "Wine", "v": 0.0047166851761666663}, {"l": "Fats, Animals, Raw", "v": 0.016489470808492779}]}, {"source": 0, "prod": 119.0, "target": 17, "value": 0.086771584587242198, "supply": [{"l": "Pigmeat", "v": 0.0039578125611893569}, {"l": "Milk - Excluding Butter", "v": 0.078806183738016025}, {"l": "Bovine Meat", "v": 0.0025370282446592098}, {"l": "Offals, Edible", "v": 0.0014705600433775981}]}, {"source": 2, "prod": 68.0, "target": 17, "value": 0.21653859008899662, "supply": [{"l": "Rye", "v": 0.21319868353706459}, {"l": "Wheat", "v": 0.0033399065519320315}]}, {"source": 3, "prod": 4.0, "target": 17, "value": 0.01574109048026914, "supply": [{"l": "Rape and Mustardseed", "v": 0.0080228783738145945}, {"l": "Oilcrops, Other", "v": 0.007718212106454546}]}, {"source": 10, "prod": 10.0, "target": 17, "value": 0.033575886070858839, "supply": [{"l": "Sugar", "v": 0.02561647983607759}, {"l": "Sweeteners, Other", "v": 0.0079594062347812505}]}, {"source": 5, "prod": 6.0, "target": 17, "value": 0.0046723587610835275, "supply": [{"l": "Potatoes", "v": 0.0046723587610835275}]}, {"source": 6, "prod": 9.0, "target": 17, "value": 0.0036330510298013732, "supply": [{"l": "Fruits, Other", "v": 0.0018899046767517124}, {"l": "Apples", "v": 0.0010605912950780764}, {"l": "Tomatoes", "v": 0.00012485343113382354}, {"l": "Vegetables, Other", "v": 0.00027087617693573383}, {"l": "Oranges, Mandarines", "v": 0.00028682544990202703}]}, {"source": 11, "prod": 2.0, "target": 17, "value": 0.010001699590827799, "supply": [{"l": "Cocoa Beans", "v": 0.0095855214870483874}, {"l": "Coffee", "v": 0.00041617810377941178}]}, {"source": 7, "prod": 158.0, "target": 17, "value": 0.15762655584576077, "supply": [{"l": "Fish, Seafood", "v": 0.072419138012140366}, {"l": "Pelagic Fish", "v": 0.0830694154428714}, {"l": "Marine Fish, Other", "v": 0.00071949434890677965}, {"l": "Demersal Fish", "v": 0.0014185080418422031}]}, {"source": 18, "prod": 22.0, "target": 6, "value": 0.01166650424585884, "supply": [{"l": "Apples", "v": 0.01166650424585884}]}, {"source": 18, "prod": 1.0, "target": 3, "value": 0.0040114391869072973, "supply": [{"l": "Rape and Mustardseed", "v": 0.0040114391869072973}]}, {"source": 18, "prod": 30.0, "target": 4, "value": 0.034866666599999999, "supply": [{"l": "Sugar beet", "v": 0.034866666599999999}]}, {"source": 18, "prod": 25.0, "target": 5, "value": 0.019468161504514699, "supply": [{"l": "Potatoes", "v": 0.019468161504514699}]}, {"source": 7, "prod": 16.0, "target": 19, "value": 0.014290052667533077, "supply": [{"l": "Pelagic Fish", "v": 0.0055379610295247603}, {"l": "Demersal Fish", "v": 0.0014185080418422031}, {"l": "Fish, Seafood", "v": 0.0073335835961661133}]}, {"source": 2, "prod": 101.0, "target": 19, "value": 0.26569175734211042, "supply": [{"l": "Cereals, Other", "v": 0.002927597695551724}, {"l": "Barley", "v": 0.26276415964655869}]}, {"source": 6, "prod": 7.0, "target": 19, "value": 0.004064262507102308, "supply": [{"l": "Grapes", "v": 0.0032037861573962268}, {"l": "Oranges, Mandarines", "v": 0.00086047634970608103}]}, {"source": 18, "prod": 18.0, "target": 1, "value": 0.041759654655414057, "supply": [{"l": "Pigmeat", "v": 0.013852343964162748}, {"l": "Bovine Meat", "v": 0.027907310691251307}]}, {"source": 18, "prod": 41.0, "target": 13, "value": 0.16397729266497865, "supply": [{"l": "Sugar", "v": 0.1390608905387069}, {"l": "Butter, Ghee", "v": 0.02491640212627174}]}, {"source": 18, "prod": 165.0, "target": 2, "value": 0.53530091622940978, "supply": [{"l": "Wheat", "v": 0.21709392587558202}, {"l": "Rye", "v": 0.31820699035382771}]}, {"source": 1, "prod": 388.0, "target": 7, "value": 0.36645649061568547, "supply": [{"l": "Pelagic Fish", "v": 0.15617050103259822}, {"l": "Freshwater Fish", "v": 0.001326567705796875}, {"l": "Demersal Fish", "v": 0.012293736362632427}, {"l": "Fish, Seafood", "v": 0.17783940220702826}, {"l": "Marine Fish, Other", "v": 0.013670392629228813}, {"l": "Cephalopods", "v": 0.005155890678400811}]}, {"source": 1, "prod": 1217.0, "target": 0, "value": 1.1117909063971994, "supply": [{"l": "Poultry Meat", "v": 0.019477135256876471}, {"l": "Pigmeat", "v": 0.12665000195805939}, {"l": "Bovine Meat", "v": 0.20296225957273678}, {"l": "Eggs", "v": 0.032017030714681406}, {"l": "Milk - Excluding Butter", "v": 0.6996618573609944}, {"l": "Offals, Edible", "v": 0.024999520737419168}, {"l": "Meat, Other", "v": 0.0017687569410625001}, {"l": "Mutton & Goat Meat", "v": 0.0058551953911034479}]}, {"source": 13, "prod": 152.0, "target": 8, "value": 0.48058046493720114, "supply": [{"l": "Fats, Animals, Raw", "v": 0.23909732672314532}, {"l": "Alcohol, Non-Food", "v": 0.0028300111056999994}, {"l": "Beer", "v": 0.037951063912694434}, {"l": "Beverages, Alcoholic", "v": 0.054481497222032084}, {"l": "Wine", "v": 0.0075466962818666657}, {"l": "Butter, Ghee", "v": 0.099665608505086947}, {"l": "Cream", "v": 0.039008261186675677}]}, {"source": 13, "prod": 7.0, "target": 12, "value": 0.068939004703629597, "supply": [{"l": "Oilcrops Oil, Other", "v": 0.017620823865679244}, {"l": "Sunflowerseed Oil", "v": 0.040705639191575348}, {"l": "Rape and Mustard Oil", "v": 0.010612541646375}]}, {"source": 13, "prod": 122.0, "target": 10, "value": 0.44142684003240845, "supply": [{"l": "Honey", "v": 0.0036594971194396559}, {"l": "Sweeteners, Other", "v": 0.013265677057968751}, {"l": "Sugar", "v": 0.42450166585500004}]}, {"source": 5, "prod": 528.75, "target": 20, "value": 1.8435749964749999, "supply": [{"l": "Potatoes", "v": 1.8435749964749999}]}, {"source": 4, "prod": 97.400000000000006, "target": 20, "value": 0.11320044422800001, "supply": [{"l": "Sugar beet", "v": 0.11320044422800001}]}, {"source": 6, "prod": 329.5, "target": 20, "value": 0.85173037280568265, "supply": [{"l": "Tomatoes", "v": 0.026149999950000006}, {"l": "Vegetables, Other", "v": 0.71650999863000009}, {"l": "Peas", "v": 0.013946666639999999}, {"l": "Onions", "v": 0.10634333313000001}, {"l": "Pulses, Other", "v": 0.0034866666599999998}]}, {"source": 2, "prod": 2047.0, "target": 20, "value": 6.4987956116674876, "supply": [{"l": "Maize", "v": 0.048813333240000006}, {"l": "Rye", "v": 1.1401399978200004}, {"l": "Barley", "v": 3.3820666602000005}, {"l": "Rice", "v": 0.010459999980000001}, {"l": "Cereals, Other", "v": 0.12551999976}, {"l": "Wheat", "v": 1.8060933298799999}, {"l": "Oats", "v": 0.62062666548000001}, {"l": "Millet", "v": 0.0034866666600000006}]}, {"source": 3, "prod": 18.0, "target": 20, "value": 0.061678691865189865, "supply": [{"l": "Sunflower seed", "v": 0.0034866666599999998}, {"l": "Groundnuts", "v": 0.0017433333300000001}, {"l": "Rape and Mustardseed", "v": 0.0087166666499999997}, {"l": "Oilcrops, Other", "v": 0.046959662357468346}]}, {"source": 21, "prod": 0, "target": 5, "value": 0.00013447414165149271, "supply": "[{\"l\":'Energy for power irrigation',\"v\":0.00013447414165149271}]"}, {"source": 21, "prod": 0, "target": 4, "value": 3.0964022214788152e-05, "supply": "[{\"l\":'Energy for power irrigation',\"v\":3.0964022214788152e-05}]"}, {"source": 21, "prod": 0, "target": 6, "value": 4.1899980779353992e-05, "supply": "[{\"l\":'Energy for power irrigation',\"v\":4.1899980779353992e-05}]"}, {"source": 21, "prod": 0, "target": 2, "value": 0.00013015062314922248, "supply": "[{\"l\":'Energy for power irrigation',\"v\":0.00013015062314922248}]"}, {"source": 21, "prod": 0, "target": 3, "value": 2.2889215600254077e-06, "supply": "[{\"l\":'Energy for power irrigation',\"v\":2.2889215600254077e-06}]"}, {"source": 21, "prod": 0, "target": 13, "value": 0.30400000024320001, "supply": "[{\"l\":'Electricity',\"v\":0.30400000024320001}]"}, {"source": 22, "prod": 0, "target": 21, "value": 0.1809127645121493, "supply": [{"l": "Coal", "v": 0.0}, {"l": "Natural gas", "v": 0.044125306581507824}, {"l": "Oil", "v": 0.13678745793064148}]}, {"source": 23, "prod": 0, "target": 21, "value": 0.23059244082562733, "supply": [{"l": "Nuclear", "v": 0.0}, {"l": "Hydroelectric", "v": 0.23059244082562733}, {"l": "Renewable", "v": 0.0}]}, {"source": 22, "prod": 0, "target": 5, "value": 0.52674042098214002, "supply": [{"l": "Motor Gasoline", "v": 0.13621214964168002}, {"l": "Gas-Diesel oil", "v": 0.26915186937419999}, {"l": "Natural gas (including LNG)", "v": 0.077747663613599999}, {"l": "Fuel oil", "v": 0.00443644860168}, {"l": "Liquefied petroleum gas (LPG)", "v": 0.0051941588826600006}, {"l": "Coal", "v": 0.033998130868320001}]}, {"source": 22, "prod": 0, "target": 4, "value": 0.12128727424033199, "supply": [{"l": "Motor Gasoline", "v": 0.031364216016783998}, {"l": "Gas-Diesel oil", "v": 0.061974922167959988}, {"l": "Natural gas (including LNG)", "v": 0.017902180699679995}, {"l": "Fuel oil", "v": 0.0010215368647839998}, {"l": "Liquefied petroleum gas (LPG)", "v": 0.001196007269908}, {"l": "Coal", "v": 0.007828411221215999}]}, {"source": 22, "prod": 0, "target": 6, "value": 0.16412384748332401, "supply": [{"l": "Motor Gasoline", "v": 0.042441516129488002}, {"l": "Gas-Diesel oil", "v": 0.08386339570571999}, {"l": "Natural gas (including LNG)", "v": 0.024224922137759997}, {"l": "Fuel oil", "v": 0.0013823260654879999}, {"l": "Liquefied petroleum gas (LPG)", "v": 0.0016184164083560002}, {"l": "Coal", "v": 0.010593271036512001}]}, {"source": 22, "prod": 0, "target": 2, "value": 0.50980503156049195, "supply": [{"l": "Motor Gasoline", "v": 0.13183275192270399}, {"l": "Gas-Diesel oil", "v": 0.26049828681275994}, {"l": "Natural gas (including LNG)", "v": 0.075247975138079987}, {"l": "Fuel oil", "v": 0.0042938110107039991}, {"l": "Liquefied petroleum gas (LPG)", "v": 0.0050271599209479999}, {"l": "Coal", "v": 0.032905046755296}]}, {"source": 22, "prod": 0, "target": 3, "value": 0.0089657943996959994, "supply": [{"l": "Motor Gasoline", "v": 0.0023185046747520002}, {"l": "Gas-Diesel oil", "v": 0.0045813084148799994}, {"l": "Natural gas (including LNG)", "v": 0.0013233644870399997}, {"l": "Fuel oil", "v": 7.5514018751999989e-05}, {"l": "Liquefied petroleum gas (LPG)", "v": 8.8411215024000007e-05}, {"l": "Coal", "v": 0.000578691589248}]}, {"source": 22, "prod": 0, "target": 1, "value": 0.56188427822728504, "supply": [{"l": "Gas-diesel oils used in fisheries", "v": 0.40105861143195792}, {"l": "Fuel oil used in fisheries", "v": 0.16082566679532717}]}, {"source": 24, "prod": 37.67467289719626, "target": 5, "value": 0.347672068035147, "supply": [{"l": "Potash", "v": 0.13588611121982}, {"l": "Phosphate", "v": 0.0096791666744099995}, {"l": "Nitrogen", "v": 0.73388888947599995}]}, {"source": 24, "prod": 8.6749719626168211, "target": 4, "value": 0.080054986824168589, "supply": [{"l": "Potash", "v": 0.13588611121982}, {"l": "Phosphate", "v": 0.0096791666744099995}, {"l": "Nitrogen", "v": 0.73388888947599995}]}, {"source": 24, "prod": 11.738822429906543, "target": 6, "value": 0.1083290273452302, "supply": [{"l": "Potash", "v": 0.13588611121982}, {"l": "Phosphate", "v": 0.0096791666744099995}, {"l": "Nitrogen", "v": 0.73388888947599995}]}, {"source": 24, "prod": 36.463383177570087, "target": 2, "value": 0.33649395899193657, "supply": [{"l": "Potash", "v": 0.13588611121982}, {"l": "Phosphate", "v": 0.0096791666744099995}, {"l": "Nitrogen", "v": 0.73388888947599995}]}, {"source": 24, "prod": 0.64127102803738312, "target": 3, "value": 0.0059178224346407996, "supply": [{"l": "Potash", "v": 0.13588611121982}, {"l": "Phosphate", "v": 0.0096791666744099995}, {"l": "Nitrogen", "v": 0.73388888947599995}]}, {"source": 22, "prod": 0, "target": 24, "value": 1.1777666255059969, "supply": [{"l": "Natural gas (including LNG)", "v": 0.74729182725461141}, {"l": "Fuel oil", "v": 0.3007443885430815}, {"l": "Liquefied petroleum gas (LPG)", "v": 0.06486520485415205}, {"l": "Coal", "v": 0.06486520485415205}]}, {"source": 25, "prod": 0, "target": 2, "value": 0.05899087771347189, "supply": "[{\"l\":'Labor',\"v\":0.05899087771347189}]"}, {"source": 25, "prod": 0, "target": 3, "value": 0.0010374555924206098, "supply": "[{\"l\":'Labor',\"v\":0.0010374555924206098}]"}, {"source": 25, "prod": 0, "target": 4, "value": 0.014034468708578803, "supply": "[{\"l\":'Labor',\"v\":0.014034468708578803}]"}, {"source": 25, "prod": 0, "target": 5, "value": 0.060950516054710822, "supply": "[{\"l\":'Labor',\"v\":0.060950516054710822}]"}, {"source": 25, "prod": 0, "target": 6, "value": 0.018991200983477272, "supply": "[{\"l\":'Labor',\"v\":0.018991200983477272}]"}, {"source": 25, "prod": 0, "target": 11, "value": 0.00017290926540343494, "supply": "[{\"l\":'Labor',\"v\":0.00017290926540343494}]"}, {"source": 22, "prod": 0, "target": 16, "value": 1.0290959237837669, "supply": "[{\"l\":'Fossil Fuels',\"v\":1.0290959237837669}]"}, {"source": 23, "prod": 0, "target": 16, "value": 0.35797632496293375, "supply": "[{\"l\":'Renewables & Nuclear',\"v\":0.086883198780801335},{\"l\":'Biomass & Waste',\"v\":0.27109312618213244}]"}]}