{"nodes": [{"layer": 5, "name": "Maize"}, {"layer": 10, "name": "Feed", "fill": "#dbdb8d"}, {"layer": 13, "name": "Pelagic Fish"}, {"layer": 5, "name": "Wheat"}, {"layer": 5, "name": "Oats"}, {"layer": 5, "name": "Soyabeans"}, {"layer": 5, "name": "Potatoes"}, {"layer": 5, "name": "Rye"}, {"layer": 5, "name": "Peas"}, {"layer": 13, "name": "Milk - Excluding Butter"}, {"layer": 5, "name": "Beans"}, {"layer": 5, "name": "Barley"}, {"layer": 13, "name": "Fish, Seafood"}, {"layer": 5, "name": "Sugar beet"}, {"layer": 5, "name": "Rape and Mustardseed"}, {"layer": 5, "name": "Oilcrops, Other"}, {"layer": 5, "name": "Cereals, Other"}, {"layer": 16, "name": "Food", "fill": "#b5cf6b"}, {"layer": 5, "name": "Olives"}, {"layer": 5, "name": "Nuts"}, {"layer": 13, "name": "Sugar", "fill": "#d6616b"}, {"layer": 13, "name": "Oilcrops Oil, Other"}, {"layer": 5, "name": "Citrus, Other"}, {"layer": 13, "name": "Beer"}, {"layer": 5, "name": "Grapefruit"}, {"layer": 13, "name": "Beverages, Alcoholic"}, {"layer": 5, "name": "Cocoa Beans"}, {"layer": 13, "name": "Honey"}, {"layer": 5, "name": "Rice"}, {"layer": 13, "name": "Butter, Ghee"}, {"layer": 5, "name": "Tomatoes"}, {"layer": 13, "name": "Fats, Animals, Raw"}, {"layer": 5, "name": "Coffee"}, {"layer": 13, "name": "Soyabean Oil"}, {"layer": 5, "name": "Treenuts"}, {"layer": 13, "name": "Crustaceans"}, {"layer": 13, "name": "Eggs"}, {"layer": 5, "name": "Vegetables, Other"}, {"layer": 13, "name": "Marine Fish, Other"}, {"layer": 5, "name": "Grapes"}, {"layer": 5, "name": "Groundnuts"}, {"layer": 13, "name": "Wine"}, {"layer": 13, "name": "Sunflowerseed Oil"}, {"layer": 13, "name": "Olive Oil"}, {"layer": 13, "name": "Pigmeat"}, {"layer": 13, "name": "Freshwater Fish"}, {"layer": 13, "name": "Rape and Mustard Oil"}, {"layer": 5, "name": "Pineapples"}, {"layer": 5, "name": "Apples"}, {"layer": 13, "name": "Meat, Other"}, {"layer": 5, "name": "Lemons, Limes"}, {"layer": 13, "name": "Mutton & Goat Meat"}, {"layer": 13, "name": "Sweeteners, Other"}, {"layer": 5, "name": "Bananas"}, {"layer": 13, "name": "Beverages, Fermented"}, {"layer": 5, "name": "Spices, Other"}, {"layer": 13, "name": "Bovine Meat"}, {"layer": 5, "name": "Fruits, Other"}, {"layer": 13, "name": "Poultry Meat"}, {"layer": 13, "name": "Offals, Edible"}, {"layer": 5, "name": "Infant food"}, {"layer": 13, "name": "Demersal Fish"}, {"layer": 5, "name": "Oranges, Mandarines"}, {"layer": 5, "name": "Tea"}, {"layer": 5, "name": "Onions"}, {"layer": 13, "name": "Cream"}, {"layer": 5, "name": "Sunflower seed"}, {"layer": 10, "name": "Processing", "fill": "#9edae5"}, {"layer": 16, "name": "Biofuels & Other", "fill": "#e7ba52"}, {"layer": 13, "name": "Alcohol, Non-Food"}, {"layer": 13, "name": "Palm Oil"}, {"name": "Waste", "fill": "#c7c7c7"}, {"layer": 2, "name": "Import", "fill": "#aec7e8"}, {"layer": 5, "name": "Coconuts - Incl Copra"}, {"layer": 16, "name": "Export", "fill": "#aec7e8"}, {"layer": 16, "name": "Stock Deposit", "fill": "#c7c7c7"}, {"layer": 0, "name": "Stock Draw", "fill": "#c7c7c7"}, {"layer": 2, "name": "Electricity", "fill": "#bcbd22"}, {"layer": 0, "name": "Fossil Fuels", "fill": "#c49c94"}, {"layer": 0, "name": "Renewables & Nuclear", "fill": "#2ca02c"}, {"layer": 2, "name": "Fertilizers", "fill": "#c5b0d5"}, {"layer": 0, "name": "Labor", "fill": "#7f7f7f"}], "links": [{"source": 0, "prod": 10.0, "target": 1, "value": 0.039797031173906254, "supply": [{"l": "Maize", "v": 0.039797031173906254}]}, {"source": 2, "prod": 1.0, "target": 1, "value": 0.0012681653539693397, "supply": [{"l": "Pelagic Fish", "v": 0.0012681653539693397}]}, {"source": 3, "prod": 290.0, "target": 1, "value": 1.013879479447946, "supply": [{"l": "Wheat", "v": 1.013879479447946}]}, {"source": 4, "prod": 94.0, "target": 1, "value": 0.23193380316727608, "supply": [{"l": "Oats", "v": 0.23193380316727608}]}, {"source": 5, "prod": 20.0, "target": 1, "value": 0.084900333171, "supply": [{"l": "Soyabeans", "v": 0.084900333171}]}, {"source": 6, "prod": 150.0, "target": 1, "value": 0.11676694281224151, "supply": [{"l": "Potatoes", "v": 0.11676694281224151}]}, {"source": 7, "prod": 66.0, "target": 1, "value": 0.20908291004798507, "supply": [{"l": "Rye", "v": 0.20908291004798507}]}, {"source": 8, "prod": 2.0, "target": 1, "value": 0.00082252471659395024, "supply": [{"l": "Peas", "v": 0.00082252471659395024}]}, {"source": 9, "prod": 199.0, "target": 1, "value": 0.12149480649882377, "supply": [{"l": "Milk - Excluding Butter", "v": 0.12149480649882377}]}, {"source": 10, "prod": 2.0, "target": 1, "value": 0.00082252471659395024, "supply": [{"l": "Beans", "v": 0.00082252471659395024}]}, {"source": 11, "prod": 193.0, "target": 1, "value": 0.51939244205220103, "supply": [{"l": "Barley", "v": 0.51939244205220103}]}, {"source": 12, "prod": 1.0, "target": 1, "value": 0.00096283139936869972, "supply": [{"l": "Fish, Seafood", "v": 0.00096283139936869972}]}, {"source": 13, "prod": 1.0, "target": 1, "value": 0.0011622222200000001, "supply": [{"l": "Sugar beet", "v": 0.0011622222200000001}]}, {"source": 14, "prod": 40.0, "target": 1, "value": 0.169800666342, "supply": [{"l": "Rape and Mustardseed", "v": 0.169800666342}]}, {"source": 15, "prod": 2.0, "target": 1, "value": 0.0169800666342, "supply": [{"l": "Oilcrops, Other", "v": 0.0169800666342}]}, {"source": 16, "prod": 45.0, "target": 1, "value": 0.15657848330717214, "supply": [{"l": "Cereals, Other", "v": 0.15657848330717214}]}, {"source": 0, "prod": 1.0, "target": 17, "value": 0.0039797031173906252, "supply": [{"l": "Maize", "v": 0.0039797031173906252}]}, {"source": 18, "prod": 1.0, "target": 17, "value": 0.0013693602124354839, "supply": [{"l": "Olives", "v": 0.0013693602124354839}]}, {"source": 7, "prod": 45.0, "target": 17, "value": 0.14255652957817166, "supply": [{"l": "Rye", "v": 0.14255652957817166}]}, {"source": 19, "prod": 6.0, "target": 17, "value": 0.015802616758105844, "supply": [{"l": "Nuts", "v": 0.015802616758105844}]}, {"source": 20, "prod": 48.0, "target": 17, "value": 0.14215869740260467, "supply": [{"l": "Sugar", "v": 0.14215869740260467}]}, {"source": 21, "prod": 1.0, "target": 17, "value": 0.0084900333171, "supply": [{"l": "Oilcrops Oil, Other", "v": 0.0084900333171}]}, {"source": 22, "prod": 1.0, "target": 17, "value": 0.00050784347442715632, "supply": [{"l": "Citrus, Other", "v": 0.00050784347442715632}]}, {"source": 23, "prod": 158.0, "target": 17, "value": 0.089905400001351679, "supply": [{"l": "Beer", "v": 0.089905400001351679}]}, {"source": 24, "prod": 3.0, "target": 17, "value": 0.00082695129712012996, "supply": [{"l": "Grapefruit", "v": 0.00082695129712012996}]}, {"source": 25, "prod": 45.0, "target": 17, "value": 0.15414181526723347, "supply": [{"l": "Beverages, Alcoholic", "v": 0.15414181526723347}]}, {"source": 11, "prod": 50.0, "target": 17, "value": 0.13455762747466349, "supply": [{"l": "Barley", "v": 0.13455762747466349}]}, {"source": 26, "prod": 6.0, "target": 17, "value": 0.055022515574236944, "supply": [{"l": "Cocoa Beans", "v": 0.055022515574236944}]}, {"source": 27, "prod": 1.0, "target": 17, "value": 0.0029616395292209304, "supply": [{"l": "Honey", "v": 0.0029616395292209304}]}, {"source": 28, "prod": 6.0, "target": 17, "value": 0.025826325125444055, "supply": [{"l": "Rice", "v": 0.025826325125444055}]}, {"source": 29, "prod": 4.0, "target": 17, "value": 0.033418216248159577, "supply": [{"l": "Butter, Ghee", "v": 0.033418216248159577}]}, {"source": 30, "prod": 30.0, "target": 17, "value": 0.0064457953600542302, "supply": [{"l": "Tomatoes", "v": 0.0064457953600542302}]}, {"source": 31, "prod": 13.0, "target": 17, "value": 0.1061952358166867, "supply": [{"l": "Fats, Animals, Raw", "v": 0.1061952358166867}]}, {"source": 32, "prod": 12.0, "target": 17, "value": 0.0065789926073468626, "supply": [{"l": "Coffee", "v": 0.0065789926073468626}]}, {"source": 3, "prod": 135.0, "target": 17, "value": 0.47197837836369899, "supply": [{"l": "Wheat", "v": 0.47197837836369899}]}, {"source": 33, "prod": 14.0, "target": 17, "value": 0.14443570612218112, "supply": [{"l": "Soyabean Oil", "v": 0.14443570612218112}]}, {"source": 34, "prod": 6.0, "target": 17, "value": 0.015631469284191336, "supply": [{"l": "Treenuts", "v": 0.015631469284191336}]}, {"source": 35, "prod": 4.0, "target": 17, "value": 0.0018456594167608697, "supply": [{"l": "Crustaceans", "v": 0.0018456594167608697}]}, {"source": 36, "prod": 35.0, "target": 17, "value": 0.056292612211206509, "supply": [{"l": "Eggs", "v": 0.056292612211206509}]}, {"source": 37, "prod": 200.0, "target": 17, "value": 0.058952167982467184, "supply": [{"l": "Vegetables, Other", "v": 0.058952167982467184}]}, {"source": 38, "prod": 10.0, "target": 17, "value": 0.0076143796565919285, "supply": [{"l": "Marine Fish, Other", "v": 0.0076143796565919285}]}, {"source": 39, "prod": 11.0, "target": 17, "value": 0.0079745094724184059, "supply": [{"l": "Grapes", "v": 0.0079745094724184059}]}, {"source": 40, "prod": 2.0, "target": 17, "value": 0.013616091168933961, "supply": [{"l": "Groundnuts", "v": 0.013616091168933961}]}, {"source": 41, "prod": 12.0, "target": 17, "value": 0.012354899230108209, "supply": [{"l": "Wine", "v": 0.012354899230108209}]}, {"source": 42, "prod": 7.0, "target": 17, "value": 0.072407087941723111, "supply": [{"l": "Sunflowerseed Oil", "v": 0.072407087941723111}]}, {"source": 4, "prod": 16.0, "target": 17, "value": 0.039478094156132099, "supply": [{"l": "Oats", "v": 0.039478094156132099}]}, {"source": 43, "prod": 1.0, "target": 17, "value": 0.009988274490705884, "supply": [{"l": "Olive Oil", "v": 0.009988274490705884}]}, {"source": 44, "prod": 73.0, "target": 17, "value": 0.14647502089176959, "supply": [{"l": "Pigmeat", "v": 0.14647502089176959}]}, {"source": 16, "prod": 1.0, "target": 17, "value": 0.0034795218512704918, "supply": [{"l": "Cereals, Other", "v": 0.0034795218512704918}]}, {"source": 6, "prod": 222.0, "target": 17, "value": 0.17281507536211746, "supply": [{"l": "Potatoes", "v": 0.17281507536211746}]}, {"source": 45, "prod": 8.0, "target": 17, "value": 0.0065129022706520547, "supply": [{"l": "Freshwater Fish", "v": 0.0065129022706520547}]}, {"source": 46, "prod": 11.0, "target": 17, "value": 0.114412500777254, "supply": [{"l": "Rape and Mustard Oil", "v": 0.114412500777254}]}, {"source": 9, "prod": 446.0, "target": 17, "value": 0.2722948929571628, "supply": [{"l": "Milk - Excluding Butter", "v": 0.2722948929571628}]}, {"source": 47, "prod": 4.0, "target": 17, "value": 0.0027095851012021279, "supply": [{"l": "Pineapples", "v": 0.0027095851012021279}]}, {"source": 48, "prod": 35.0, "target": 17, "value": 0.01558164658752159, "supply": [{"l": "Apples", "v": 0.01558164658752159}]}, {"source": 12, "prod": 43.0, "target": 17, "value": 0.041401750172854086, "supply": [{"l": "Fish, Seafood", "v": 0.041401750172854086}]}, {"source": 49, "prod": 1.0, "target": 17, "value": 0.0015160773780535715, "supply": [{"l": "Meat, Other", "v": 0.0015160773780535715}]}, {"source": 50, "prod": 3.0, "target": 17, "value": 0.00085470134064765117, "supply": [{"l": "Lemons, Limes", "v": 0.00085470134064765117}]}, {"source": 51, "prod": 1.0, "target": 17, "value": 0.0032653974296538461, "supply": [{"l": "Mutton & Goat Meat", "v": 0.0032653974296538461}]}, {"source": 52, "prod": 16.0, "target": 17, "value": 0.045819227425619051, "supply": [{"l": "Sweeteners, Other", "v": 0.045819227425619051}]}, {"source": 2, "prod": 14.0, "target": 17, "value": 0.017754314955570755, "supply": [{"l": "Pelagic Fish", "v": 0.017754314955570755}]}, {"source": 53, "prod": 17.0, "target": 17, "value": 0.012105144277929681, "supply": [{"l": "Bananas", "v": 0.012105144277929681}]}, {"source": 54, "prod": 1.0, "target": 17, "value": 0.0006431843422045455, "supply": [{"l": "Beverages, Fermented", "v": 0.0006431843422045455}]}, {"source": 55, "prod": 1.0, "target": 17, "value": 0.0034419053988243241, "supply": [{"l": "Spices, Other", "v": 0.0034419053988243241}]}, {"source": 56, "prod": 19.0, "target": 17, "value": 0.042930915923954142, "supply": [{"l": "Bovine Meat", "v": 0.042930915923954142}]}, {"source": 57, "prod": 35.0, "target": 17, "value": 0.019967396622379351, "supply": [{"l": "Fruits, Other", "v": 0.019967396622379351}]}, {"source": 58, "prod": 47.0, "target": 17, "value": 0.068289398420152192, "supply": [{"l": "Poultry Meat", "v": 0.068289398420152192}]}, {"source": 59, "prod": 14.0, "target": 17, "value": 0.0195728312999012, "supply": [{"l": "Offals, Edible", "v": 0.0195728312999012}]}, {"source": 60, "prod": 1.0, "target": 17, "value": 0.0047166851761666672, "supply": [{"l": "Infant food", "v": 0.0047166851761666672}]}, {"source": 61, "prod": 7.0, "target": 17, "value": 0.0087397401793676485, "supply": [{"l": "Demersal Fish", "v": 0.0087397401793676485}]}, {"source": 62, "prod": 24.0, "target": 17, "value": 0.0081431935901136784, "supply": [{"l": "Oranges, Mandarines", "v": 0.0081431935901136784}]}, {"source": 63, "prod": 1.0, "target": 17, "value": 0.00059788967021830988, "supply": [{"l": "Tea", "v": 0.00059788967021830988}]}, {"source": 64, "prod": 20.0, "target": 17, "value": 0.0075466962818666675, "supply": [{"l": "Onions", "v": 0.0075466962818666675}]}, {"source": 65, "prod": 28.0, "target": 17, "value": 0.063873615142668247, "supply": [{"l": "Cream", "v": 0.063873615142668247}]}, {"source": 66, "prod": 2.0, "target": 67, "value": 0.0084900333171, "supply": [{"l": "Sunflower seed", "v": 0.0084900333171}]}, {"source": 0, "prod": 1.0, "target": 67, "value": 0.0039797031173906252, "supply": [{"l": "Maize", "v": 0.0039797031173906252}]}, {"source": 3, "prod": 48.0, "target": 67, "value": 0.16781453452931519, "supply": [{"l": "Wheat", "v": 0.16781453452931519}]}, {"source": 5, "prod": 14.0, "target": 67, "value": 0.0594302332197, "supply": [{"l": "Soyabeans", "v": 0.0594302332197}]}, {"source": 6, "prod": 59.0, "target": 67, "value": 0.045928330839481661, "supply": [{"l": "Potatoes", "v": 0.045928330839481661}]}, {"source": 20, "prod": 2.0, "target": 67, "value": 0.0059232790584418608, "supply": [{"l": "Sugar", "v": 0.0059232790584418608}]}, {"source": 14, "prod": 43.0, "target": 67, "value": 0.18253571631765003, "supply": [{"l": "Rape and Mustardseed", "v": 0.18253571631765003}]}, {"source": 11, "prod": 28.0, "target": 67, "value": 0.075352271385811548, "supply": [{"l": "Barley", "v": 0.075352271385811548}]}, {"source": 39, "prod": 4.0, "target": 67, "value": 0.0028998216263339659, "supply": [{"l": "Grapes", "v": 0.0028998216263339659}]}, {"source": 13, "prod": 10.0, "target": 67, "value": 0.011622222200000001, "supply": [{"l": "Sugar beet", "v": 0.011622222200000001}]}, {"source": 48, "prod": 17.0, "target": 67, "value": 0.0075682283425104867, "supply": [{"l": "Apples", "v": 0.0075682283425104867}]}, {"source": 31, "prod": 6.0, "target": 68, "value": 0.049013185761547708, "supply": [{"l": "Fats, Animals, Raw", "v": 0.049013185761547708}]}, {"source": 52, "prod": 8.0, "target": 68, "value": 0.022909613712809525, "supply": [{"l": "Sweeteners, Other", "v": 0.022909613712809525}]}, {"source": 69, "prod": 1.0, "target": 68, "value": 0.00083637963902344825, "supply": [{"l": "Alcohol, Non-Food", "v": 0.00083637963902344825}]}, {"source": 33, "prod": 3.0, "target": 68, "value": 0.030950508454753098, "supply": [{"l": "Soyabean Oil", "v": 0.030950508454753098}]}, {"source": 6, "prod": 5.0, "target": 68, "value": 0.0038922314270747171, "supply": [{"l": "Potatoes", "v": 0.0038922314270747171}]}, {"source": 46, "prod": 21.0, "target": 68, "value": 0.21842386512021217, "supply": [{"l": "Rape and Mustard Oil", "v": 0.21842386512021217}]}, {"source": 9, "prod": 2.0, "target": 68, "value": 0.0012210533316464702, "supply": [{"l": "Milk - Excluding Butter", "v": 0.0012210533316464702}]}, {"source": 59, "prod": 2.0, "target": 68, "value": 0.0027961187571287427, "supply": [{"l": "Offals, Edible", "v": 0.0027961187571287427}]}, {"source": 70, "prod": 1.0, "target": 68, "value": 0.010330352928772405, "supply": [{"l": "Palm Oil", "v": 0.010330352928772405}]}, {"source": 21, "prod": 4.0, "target": 68, "value": 0.0339601332684, "supply": [{"l": "Oilcrops Oil, Other", "v": 0.0339601332684}]}, {"source": 16, "prod": 6.0, "target": 16, "value": 0.020877131107622952, "supply": [{"l": "Cereals, Other", "v": 0.020877131107622952}]}, {"source": 3, "prod": 60.0, "target": 3, "value": 0.20976816816164398, "supply": [{"l": "Wheat", "v": 0.20976816816164398}]}, {"source": 4, "prod": 12.0, "target": 4, "value": 0.029608570617099074, "supply": [{"l": "Oats", "v": 0.029608570617099074}]}, {"source": 6, "prod": 150.0, "target": 6, "value": 0.11676694281224151, "supply": [{"l": "Potatoes", "v": 0.11676694281224151}]}, {"source": 36, "prod": 1.0, "target": 36, "value": 0.0016083603488916149, "supply": [{"l": "Eggs", "v": 0.0016083603488916149}]}, {"source": 7, "prod": 11.0, "target": 7, "value": 0.034847151674664179, "supply": [{"l": "Rye", "v": 0.034847151674664179}]}, {"source": 14, "prod": 1.0, "target": 14, "value": 0.00424501665855, "supply": [{"l": "Rape and Mustardseed", "v": 0.00424501665855}]}, {"source": 11, "prod": 35.0, "target": 11, "value": 0.094190339232264456, "supply": [{"l": "Barley", "v": 0.094190339232264456}]}, {"source": 16, "prod": 1.0, "target": 71, "value": 0.0034795218512704918, "supply": [{"l": "Cereals, Other", "v": 0.0034795218512704918}]}, {"source": 44, "prod": 1.0, "target": 71, "value": 0.0020065071355036927, "supply": [{"l": "Pigmeat", "v": 0.0020065071355036927}]}, {"source": 37, "prod": 5.0, "target": 71, "value": 0.0014738041995616797, "supply": [{"l": "Vegetables, Other", "v": 0.0014738041995616797}]}, {"source": 3, "prod": 7.0, "target": 71, "value": 0.024472952952191804, "supply": [{"l": "Wheat", "v": 0.024472952952191804}]}, {"source": 4, "prod": 2.0, "target": 71, "value": 0.0049347617695165123, "supply": [{"l": "Oats", "v": 0.0049347617695165123}]}, {"source": 6, "prod": 13.0, "target": 71, "value": 0.010119801710394265, "supply": [{"l": "Potatoes", "v": 0.010119801710394265}]}, {"source": 7, "prod": 9.0, "target": 71, "value": 0.028511305915634329, "supply": [{"l": "Rye", "v": 0.028511305915634329}]}, {"source": 9, "prod": 2.0, "target": 71, "value": 0.0012210533316464702, "supply": [{"l": "Milk - Excluding Butter", "v": 0.0012210533316464702}]}, {"source": 14, "prod": 2.0, "target": 71, "value": 0.0084900333171, "supply": [{"l": "Rape and Mustardseed", "v": 0.0084900333171}]}, {"source": 11, "prod": 3.0, "target": 71, "value": 0.0080734576484798089, "supply": [{"l": "Barley", "v": 0.0080734576484798089}]}, {"source": 62, "prod": 9.0, "target": 71, "value": 0.0030536975962926292, "supply": [{"l": "Oranges, Mandarines", "v": 0.0030536975962926292}]}, {"source": 64, "prod": 2.0, "target": 71, "value": 0.00075466962818666677, "supply": [{"l": "Onions", "v": 0.00075466962818666677}]}, {"source": 48, "prod": 1.0, "target": 71, "value": 0.00044518990250061691, "supply": [{"l": "Apples", "v": 0.00044518990250061691}]}, {"source": 72, "prod": 1.0, "target": 60, "value": 0.0047166851761666672, "supply": [{"l": "Infant food", "v": 0.0047166851761666672}]}, {"source": 72, "prod": 1.0, "target": 55, "value": 0.0034419053988243241, "supply": [{"l": "Spices, Other", "v": 0.0034419053988243241}]}, {"source": 72, "prod": 37.0, "target": 30, "value": 0.0079498142774002169, "supply": [{"l": "Tomatoes", "v": 0.0079498142774002169}]}, {"source": 72, "prod": 4.0, "target": 50, "value": 0.0011396017875302015, "supply": [{"l": "Lemons, Limes", "v": 0.0011396017875302015}]}, {"source": 72, "prod": 8.0, "target": 34, "value": 0.02084195904558845, "supply": [{"l": "Treenuts", "v": 0.02084195904558845}]}, {"source": 72, "prod": 39.0, "target": 7, "value": 0.1235489923010821, "supply": [{"l": "Rye", "v": 0.1235489923010821}]}, {"source": 72, "prod": 33.0, "target": 48, "value": 0.014691266782520356, "supply": [{"l": "Apples", "v": 0.014691266782520356}]}, {"source": 72, "prod": 1.0, "target": 63, "value": 0.00059788967021830988, "supply": [{"l": "Tea", "v": 0.00059788967021830988}]}, {"source": 72, "prod": 72.0, "target": 37, "value": 0.021222780473688186, "supply": [{"l": "Vegetables, Other", "v": 0.021222780473688186}]}, {"source": 72, "prod": 7.0, "target": 28, "value": 0.030130712646351396, "supply": [{"l": "Rice", "v": 0.030130712646351396}]}, {"source": 72, "prod": 73.0, "target": 3, "value": 0.25521793793000019, "supply": [{"l": "Wheat", "v": 0.25521793793000019}]}, {"source": 72, "prod": 38.0, "target": 11, "value": 0.10226379688074426, "supply": [{"l": "Barley", "v": 0.10226379688074426}]}, {"source": 72, "prod": 6.0, "target": 24, "value": 0.0016539025942402599, "supply": [{"l": "Grapefruit", "v": 0.0016539025942402599}]}, {"source": 72, "prod": 14.0, "target": 32, "value": 0.0076754913752380069, "supply": [{"l": "Coffee", "v": 0.0076754913752380069}]}, {"source": 72, "prod": 2.0, "target": 66, "value": 0.0084900333171, "supply": [{"l": "Sunflower seed", "v": 0.0084900333171}]}, {"source": 72, "prod": 1.0, "target": 18, "value": 0.0013693602124354839, "supply": [{"l": "Olives", "v": 0.0013693602124354839}]}, {"source": 72, "prod": 1.0, "target": 16, "value": 0.0034795218512704918, "supply": [{"l": "Cereals, Other", "v": 0.0034795218512704918}]}, {"source": 72, "prod": 378.0, "target": 1, "value": 0.39964560885160227, "supply": [{"l": "Crustaceans", "v": 0.0013842445625706524}, {"l": "Eggs", "v": 0.0064334413955664596}, {"l": "Demersal Fish", "v": 0.016230946047397058}, {"l": "Pigmeat", "v": 0.084273299691155101}, {"l": "Freshwater Fish", "v": 0.0081411278383150681}, {"l": "Milk - Excluding Butter", "v": 0.085473733215252923}, {"l": "Pelagic Fish", "v": 0.059603771636558965}, {"l": "Fish, Seafood", "v": 0.071249523553283789}, {"l": "Molluscs, Other", "v": 0.00019295530266136363}, {"l": "Poultry Meat", "v": 0.045041943638823786}, {"l": "Offals, Edible", "v": 0.012582534407079342}, {"l": "Bovine Meat", "v": 0.009038087562937714}]}, {"source": 72, "prod": 8.0, "target": 19, "value": 0.021070155677474455, "supply": [{"l": "Nuts", "v": 0.021070155677474455}]}, {"source": 72, "prod": 1.0, "target": 8, "value": 0.00041126235829697512, "supply": [{"l": "Peas", "v": 0.00041126235829697512}]}, {"source": 72, "prod": 1.0, "target": 15, "value": 0.0084900333171, "supply": [{"l": "Oilcrops, Other", "v": 0.0084900333171}]}, {"source": 72, "prod": 9.0, "target": 26, "value": 0.082533773361355409, "supply": [{"l": "Cocoa Beans", "v": 0.082533773361355409}]}, {"source": 72, "prod": 41.0, "target": 62, "value": 0.013911289049777531, "supply": [{"l": "Oranges, Mandarines", "v": 0.013911289049777531}]}, {"source": 72, "prod": 5.0, "target": 47, "value": 0.0033869813765026596, "supply": [{"l": "Pineapples", "v": 0.0033869813765026596}]}, {"source": 72, "prod": 16.0, "target": 14, "value": 0.0679202665368, "supply": [{"l": "Rape and Mustardseed", "v": 0.0679202665368}]}, {"source": 72, "prod": 39.0, "target": 6, "value": 0.030359405131182789, "supply": [{"l": "Potatoes", "v": 0.030359405131182789}]}, {"source": 72, "prod": 5.0, "target": 64, "value": 0.0018866740704666669, "supply": [{"l": "Onions", "v": 0.0018866740704666669}]}, {"source": 72, "prod": 20.0, "target": 53, "value": 0.014241346209329035, "supply": [{"l": "Bananas", "v": 0.014241346209329035}]}, {"source": 72, "prod": 1.0, "target": 22, "value": 0.00050784347442715632, "supply": [{"l": "Citrus, Other", "v": 0.00050784347442715632}]}, {"source": 72, "prod": 19.0, "target": 39, "value": 0.013774152725086338, "supply": [{"l": "Grapes", "v": 0.013774152725086338}]}, {"source": 72, "prod": 257.0, "target": 67, "value": 1.0018369906690963, "supply": [{"l": "Alcohol, Non-Food", "v": 0.010872935307304828}, {"l": "Sugar", "v": 0.11846558116883721}, {"l": "Beer", "v": 0.017639667088872796}, {"l": "Beverages, Alcoholic", "v": 0.15414181526723347}, {"l": "Butter, Ghee", "v": 0.0083545540620398942}, {"l": "Fats, Animals, Raw", "v": 0.04084432146795642}, {"l": "Soyabean Oil", "v": 0.16506937842534986}, {"l": "Palm Oil", "v": 0.010330352928772405}, {"l": "Sunflowerseed Oil", "v": 0.06206321823576267}, {"l": "Olive Oil", "v": 0.009988274490705884}, {"l": "Rape and Mustard Oil", "v": 0.2080227286859164}, {"l": "Oilcrops Oil, Other", "v": 0.0594302332197}, {"l": "Wine", "v": 0.030887248075270518}, {"l": "Sweeteners, Other", "v": 0.10022955999354169}, {"l": "Beverages, Fermented", "v": 0.0032159217110227277}, {"l": "Cream", "v": 0.00228120054080958}]}, {"source": 72, "prod": 34.0, "target": 5, "value": 0.14433056639070002, "supply": [{"l": "Soyabeans", "v": 0.14433056639070002}]}, {"source": 72, "prod": 1.0, "target": 10, "value": 0.00041126235829697512, "supply": [{"l": "Beans", "v": 0.00041126235829697512}]}, {"source": 72, "prod": 12.0, "target": 0, "value": 0.047756437408687499, "supply": [{"l": "Maize", "v": 0.047756437408687499}]}, {"source": 72, "prod": 43.0, "target": 57, "value": 0.024531372993208914, "supply": [{"l": "Fruits, Other", "v": 0.024531372993208914}]}, {"source": 72, "prod": 3.0, "target": 40, "value": 0.020424136753400945, "supply": [{"l": "Groundnuts", "v": 0.020424136753400945}]}, {"source": 72, "prod": 1.0, "target": 73, "value": 0.0023583425880833336, "supply": [{"l": "Coconuts - Incl Copra", "v": 0.0023583425880833336}]}, {"source": 72, "prod": 2.0, "target": 4, "value": 0.0049347617695165123, "supply": [{"l": "Oats", "v": 0.0049347617695165123}]}, {"source": 69, "prod": 21.0, "target": 74, "value": 0.017563972419492414, "supply": [{"l": "Alcohol, Non-Food", "v": 0.017563972419492414}]}, {"source": 7, "prod": 63.0, "target": 74, "value": 0.1995791414094403, "supply": [{"l": "Rye", "v": 0.1995791414094403}]}, {"source": 19, "prod": 2.0, "target": 74, "value": 0.0052675389193686138, "supply": [{"l": "Nuts", "v": 0.0052675389193686138}]}, {"source": 20, "prod": 8.0, "target": 74, "value": 0.023693116233767443, "supply": [{"l": "Sugar", "v": 0.023693116233767443}]}, {"source": 23, "prod": 14.0, "target": 74, "value": 0.007966301265942553, "supply": [{"l": "Beer", "v": 0.007966301265942553}]}, {"source": 24, "prod": 2.0, "target": 74, "value": 0.00055130086474675327, "supply": [{"l": "Grapefruit", "v": 0.00055130086474675327}]}, {"source": 25, "prod": 34.0, "target": 74, "value": 0.11646270486857638, "supply": [{"l": "Beverages, Alcoholic", "v": 0.11646270486857638}]}, {"source": 11, "prod": 79.0, "target": 74, "value": 0.21260105140996832, "supply": [{"l": "Barley", "v": 0.21260105140996832}]}, {"source": 28, "prod": 1.0, "target": 74, "value": 0.0043043875209073422, "supply": [{"l": "Rice", "v": 0.0043043875209073422}]}, {"source": 29, "prod": 3.0, "target": 74, "value": 0.025063662186119683, "supply": [{"l": "Butter, Ghee", "v": 0.025063662186119683}]}, {"source": 30, "prod": 14.0, "target": 74, "value": 0.0030080378346919738, "supply": [{"l": "Tomatoes", "v": 0.0030080378346919738}]}, {"source": 31, "prod": 4.0, "target": 74, "value": 0.032675457174365131, "supply": [{"l": "Fats, Animals, Raw", "v": 0.032675457174365131}]}, {"source": 32, "prod": 2.0, "target": 74, "value": 0.0010964987678911439, "supply": [{"l": "Coffee", "v": 0.0010964987678911439}]}, {"source": 3, "prod": 306.0, "target": 74, "value": 1.0698176576243845, "supply": [{"l": "Wheat", "v": 1.0698176576243845}]}, {"source": 33, "prod": 2.0, "target": 74, "value": 0.020633672303168732, "supply": [{"l": "Soyabean Oil", "v": 0.020633672303168732}]}, {"source": 34, "prod": 2.0, "target": 74, "value": 0.0052104897613971125, "supply": [{"l": "Treenuts", "v": 0.0052104897613971125}]}, {"source": 35, "prod": 1.0, "target": 74, "value": 0.00046141485419021742, "supply": [{"l": "Crustaceans", "v": 0.00046141485419021742}]}, {"source": 36, "prod": 10.0, "target": 74, "value": 0.016083603488916149, "supply": [{"l": "Eggs", "v": 0.016083603488916149}]}, {"source": 37, "prod": 7.0, "target": 74, "value": 0.0020633258793863515, "supply": [{"l": "Vegetables, Other", "v": 0.0020633258793863515}]}, {"source": 39, "prod": 5.0, "target": 74, "value": 0.0036247770329174574, "supply": [{"l": "Grapes", "v": 0.0036247770329174574}]}, {"source": 40, "prod": 1.0, "target": 74, "value": 0.0068080455844669804, "supply": [{"l": "Groundnuts", "v": 0.0068080455844669804}]}, {"source": 14, "prod": 104.0, "target": 74, "value": 0.44148173248920003, "supply": [{"l": "Rape and Mustardseed", "v": 0.44148173248920003}]}, {"source": 4, "prod": 7.0, "target": 74, "value": 0.017271666193307795, "supply": [{"l": "Oats", "v": 0.017271666193307795}]}, {"source": 44, "prod": 9.0, "target": 74, "value": 0.018058564219533235, "supply": [{"l": "Pigmeat", "v": 0.018058564219533235}]}, {"source": 26, "prod": 2.0, "target": 74, "value": 0.018340838524745648, "supply": [{"l": "Cocoa Beans", "v": 0.018340838524745648}]}, {"source": 6, "prod": 26.0, "target": 74, "value": 0.020239603420788531, "supply": [{"l": "Potatoes", "v": 0.020239603420788531}]}, {"source": 45, "prod": 5.0, "target": 74, "value": 0.0040705639191575341, "supply": [{"l": "Freshwater Fish", "v": 0.0040705639191575341}]}, {"source": 46, "prod": 5.0, "target": 74, "value": 0.052005682171479099, "supply": [{"l": "Rape and Mustard Oil", "v": 0.052005682171479099}]}, {"source": 9, "prod": 310.0, "target": 74, "value": 0.18926326640520286, "supply": [{"l": "Milk - Excluding Butter", "v": 0.18926326640520286}]}, {"source": 2, "prod": 164.0, "target": 74, "value": 0.20797911805097169, "supply": [{"l": "Pelagic Fish", "v": 0.20797911805097169}]}, {"source": 48, "prod": 15.0, "target": 74, "value": 0.0066778485375092534, "supply": [{"l": "Apples", "v": 0.0066778485375092534}]}, {"source": 12, "prod": 183.0, "target": 74, "value": 0.17619814608447204, "supply": [{"l": "Fish, Seafood", "v": 0.17619814608447204}]}, {"source": 21, "prod": 3.0, "target": 74, "value": 0.025470099951300004, "supply": [{"l": "Oilcrops Oil, Other", "v": 0.025470099951300004}]}, {"source": 16, "prod": 19.0, "target": 74, "value": 0.066110915174139334, "supply": [{"l": "Cereals, Other", "v": 0.066110915174139334}]}, {"source": 41, "prod": 21.0, "target": 74, "value": 0.021621073652689365, "supply": [{"l": "Wine", "v": 0.021621073652689365}]}, {"source": 52, "prod": 12.0, "target": 74, "value": 0.034364420569214287, "supply": [{"l": "Sweeteners, Other", "v": 0.034364420569214287}]}, {"source": 47, "prod": 1.0, "target": 74, "value": 0.00067739627530053197, "supply": [{"l": "Pineapples", "v": 0.00067739627530053197}]}, {"source": 53, "prod": 3.0, "target": 74, "value": 0.0021362019313993551, "supply": [{"l": "Bananas", "v": 0.0021362019313993551}]}, {"source": 54, "prod": 7.0, "target": 74, "value": 0.0045022903954318183, "supply": [{"l": "Beverages, Fermented", "v": 0.0045022903954318183}]}, {"source": 56, "prod": 7.0, "target": 74, "value": 0.015816653235140997, "supply": [{"l": "Bovine Meat", "v": 0.015816653235140997}]}, {"source": 57, "prod": 17.0, "target": 74, "value": 0.0096984497880128265, "supply": [{"l": "Fruits, Other", "v": 0.0096984497880128265}]}, {"source": 58, "prod": 5.0, "target": 74, "value": 0.0072648296191651258, "supply": [{"l": "Poultry Meat", "v": 0.0072648296191651258}]}, {"source": 59, "prod": 1.0, "target": 74, "value": 0.0013980593785643714, "supply": [{"l": "Offals, Edible", "v": 0.0013980593785643714}]}, {"source": 61, "prod": 13.0, "target": 74, "value": 0.016230946047397058, "supply": [{"l": "Demersal Fish", "v": 0.016230946047397058}]}, {"source": 62, "prod": 8.0, "target": 74, "value": 0.0027143978633712255, "supply": [{"l": "Oranges, Mandarines", "v": 0.0027143978633712255}]}, {"source": 65, "prod": 2.0, "target": 74, "value": 0.00456240108161916, "supply": [{"l": "Cream", "v": 0.00456240108161916}]}, {"source": 6, "prod": 57.0, "target": 75, "value": 0.044371438268651774, "supply": [{"l": "Potatoes", "v": 0.044371438268651774}]}, {"source": 2, "prod": 3.0, "target": 75, "value": 0.0038044960619080192, "supply": [{"l": "Pelagic Fish", "v": 0.0038044960619080192}]}, {"source": 9, "prod": 23.0, "target": 75, "value": 0.014042113313934406, "supply": [{"l": "Milk - Excluding Butter", "v": 0.014042113313934406}]}, {"source": 76, "prod": 5.0, "target": 16, "value": 0.017397609256352461, "supply": [{"l": "Cereals, Other", "v": 0.017397609256352461}]}, {"source": 12, "prod": 4.0, "target": 75, "value": 0.0038513255974747989, "supply": [{"l": "Fish, Seafood", "v": 0.0038513255974747989}]}, {"source": 76, "prod": 5.0, "target": 48, "value": 0.0022259495125030843, "supply": [{"l": "Apples", "v": 0.0022259495125030843}]}, {"source": 7, "prod": 27.0, "target": 75, "value": 0.085533917746902985, "supply": [{"l": "Rye", "v": 0.085533917746902985}]}, {"source": 61, "prod": 1.0, "target": 75, "value": 0.0012485343113382353, "supply": [{"l": "Demersal Fish", "v": 0.0012485343113382353}]}, {"source": 76, "prod": 16.0, "target": 67, "value": 0.047386232467534886, "supply": [{"l": "Sugar", "v": 0.047386232467534886}]}, {"source": 14, "prod": 24.0, "target": 75, "value": 0.10188039980520001, "supply": [{"l": "Rape and Mustardseed", "v": 0.10188039980520001}]}, {"source": 3, "prod": 35.0, "target": 75, "value": 0.12236476476095898, "supply": [{"l": "Wheat", "v": 0.12236476476095898}]}, {"source": 1, "prod": 52.0, "target": 58, "value": 0.075554228039317314, "supply": [{"l": "Poultry Meat", "v": 0.075554228039317314}]}, {"source": 1, "prod": 83.0, "target": 44, "value": 0.16654009224680649, "supply": [{"l": "Pigmeat", "v": 0.16654009224680649}]}, {"source": 1, "prod": 182.0, "target": 2, "value": 0.23080609442241981, "supply": [{"l": "Pelagic Fish", "v": 0.23080609442241981}]}, {"source": 1, "prod": 5.0, "target": 35, "value": 0.0023070742709510872, "supply": [{"l": "Crustaceans", "v": 0.0023070742709510872}]}, {"source": 1, "prod": 45.0, "target": 36, "value": 0.072376215700122662, "supply": [{"l": "Eggs", "v": 0.073984576049014275}]}, {"source": 1, "prod": 982.0, "target": 9, "value": 0.59953718583841675, "supply": [{"l": "Milk - Excluding Butter", "v": 0.59953718583841675}]}, {"source": 1, "prod": 17.0, "target": 59, "value": 0.023767009435594313, "supply": [{"l": "Offals, Edible", "v": 0.023767009435594313}]}, {"source": 1, "prod": 10.0, "target": 38, "value": 0.0076143796565919285, "supply": [{"l": "Marine Fish, Other", "v": 0.0076143796565919285}]}, {"source": 1, "prod": 231.0, "target": 12, "value": 0.22241405325416963, "supply": [{"l": "Fish, Seafood", "v": 0.22241405325416963}]}, {"source": 1, "prod": 26.0, "target": 56, "value": 0.058747569159095139, "supply": [{"l": "Bovine Meat", "v": 0.058747569159095139}]}, {"source": 1, "prod": 21.0, "target": 61, "value": 0.026219220538102942, "supply": [{"l": "Demersal Fish", "v": 0.026219220538102942}]}, {"source": 1, "prod": 1.0, "target": 49, "value": 0.0015160773780535715, "supply": [{"l": "Meat, Other", "v": 0.0015160773780535715}]}, {"source": 1, "prod": 13.0, "target": 45, "value": 0.010583466189809588, "supply": [{"l": "Freshwater Fish", "v": 0.010583466189809588}]}, {"source": 1, "prod": 1.0, "target": 51, "value": 0.0032653974296538461, "supply": [{"l": "Mutton & Goat Meat", "v": 0.0032653974296538461}]}, {"source": 67, "prod": 1.0, "target": 43, "value": 0.009988274490705884, "supply": [{"l": "Olive Oil", "v": 0.009988274490705884}]}, {"source": 67, "prod": 23.0, "target": 31, "value": 0.18788387875259954, "supply": [{"l": "Fats, Animals, Raw", "v": 0.18788387875259954}]}, {"source": 67, "prod": 36.0, "target": 52, "value": 0.10309326170764285, "supply": [{"l": "Sweeteners, Other", "v": 0.10309326170764285}]}, {"source": 67, "prod": 30.0, "target": 65, "value": 0.06843601622428741, "supply": [{"l": "Cream", "v": 0.06843601622428741}]}, {"source": 67, "prod": 8.0, "target": 54, "value": 0.005145474737636364, "supply": [{"l": "Beverages, Fermented", "v": 0.005145474737636364}]}, {"source": 67, "prod": 19.0, "target": 33, "value": 0.19601988688010294, "supply": [{"l": "Soyabean Oil", "v": 0.19601988688010294}]}, {"source": 67, "prod": 58.0, "target": 20, "value": 0.17177509269481397, "supply": [{"l": "Sugar", "v": 0.17177509269481397}]}, {"source": 67, "prod": 1.0, "target": 27, "value": 0.0029616395292209304, "supply": [{"l": "Honey", "v": 0.0029616395292209304}]}, {"source": 67, "prod": 172.0, "target": 23, "value": 0.097871701267294234, "supply": [{"l": "Beer", "v": 0.097871701267294234}]}, {"source": 67, "prod": 79.0, "target": 25, "value": 0.27060452013580982, "supply": [{"l": "Beverages, Alcoholic", "v": 0.27060452013580982}]}, {"source": 67, "prod": 7.0, "target": 42, "value": 0.072407087941723111, "supply": [{"l": "Sunflowerseed Oil", "v": 0.072407087941723111}]}, {"source": 67, "prod": 22.0, "target": 69, "value": 0.018400352058515861, "supply": [{"l": "Alcohol, Non-Food", "v": 0.018400352058515861}]}, {"source": 67, "prod": 1.0, "target": 70, "value": 0.010330352928772405, "supply": [{"l": "Palm Oil", "v": 0.010330352928772405}]}, {"source": 67, "prod": 8.0, "target": 21, "value": 0.0679202665368, "supply": [{"l": "Oilcrops Oil, Other", "v": 0.0679202665368}]}, {"source": 67, "prod": 37.0, "target": 46, "value": 0.38484204806894529, "supply": [{"l": "Rape and Mustard Oil", "v": 0.38484204806894529}]}, {"source": 67, "prod": 7.0, "target": 29, "value": 0.058481878434279259, "supply": [{"l": "Butter, Ghee", "v": 0.058481878434279259}]}, {"source": 67, "prod": 33.0, "target": 41, "value": 0.033975972882797578, "supply": [{"l": "Wine", "v": 0.033975972882797578}]}, {"source": 77, "prod": 0, "target": 16, "value": 1.0808027704335325e-05, "supply": "[{\"l\":'Energy for power irrigation',\"v\":1.0808027704335325e-05}]"}, {"source": 77, "prod": 0, "target": 7, "value": 3.1484254616976814e-05, "supply": "[{\"l\":'Energy for power irrigation',\"v\":3.1484254616976814e-05}]"}, {"source": 77, "prod": 0, "target": 3, "value": 0.00013220254177476835, "supply": "[{\"l\":'Energy for power irrigation',\"v\":0.00013220254177476835}]"}, {"source": 77, "prod": 0, "target": 4, "value": 2.0441269788634202e-05, "supply": "[{\"l\":'Energy for power irrigation',\"v\":2.0441269788634202e-05}]"}, {"source": 77, "prod": 0, "target": 6, "value": 0.00010369441072855052, "supply": "[{\"l\":'Energy for power irrigation',\"v\":0.00010369441072855052}]"}, {"source": 77, "prod": 0, "target": 37, "value": 2.7489983508852895e-05, "supply": "[{\"l\":'Energy for power irrigation',\"v\":2.7489983508852895e-05}]"}, {"source": 77, "prod": 0, "target": 57, "value": 4.7774615214815569e-06, "supply": "[{\"l\":'Energy for power irrigation',\"v\":4.7774615214815569e-06}]"}, {"source": 77, "prod": 0, "target": 8, "value": 2.3495712400728968e-07, "supply": "[{\"l\":'Energy for power irrigation',\"v\":2.3495712400728968e-07}]"}, {"source": 77, "prod": 0, "target": 10, "value": 2.3495712400728968e-07, "supply": "[{\"l\":'Energy for power irrigation',\"v\":2.3495712400728968e-07}]"}, {"source": 77, "prod": 0, "target": 11, "value": 5.7877771547129031e-05, "supply": "[{\"l\":'Energy for power irrigation',\"v\":5.7877771547129031e-05}]"}, {"source": 77, "prod": 0, "target": 13, "value": 1.7230189093867912e-06, "supply": "[{\"l\":'Energy for power irrigation',\"v\":1.7230189093867912e-06}]"}, {"source": 77, "prod": 0, "target": 14, "value": 3.2189125988998686e-05, "supply": "[{\"l\":'Energy for power irrigation',\"v\":3.2189125988998686e-05}]"}, {"source": 77, "prod": 0, "target": 15, "value": 3.1327616534305292e-07, "supply": "[{\"l\":'Energy for power irrigation',\"v\":3.1327616534305292e-07}]"}, {"source": 77, "prod": 0, "target": 64, "value": 3.0544426120947664e-06, "supply": "[{\"l\":'Energy for power irrigation',\"v\":3.0544426120947664e-06}]"}, {"source": 77, "prod": 0, "target": 30, "value": 3.994271108123925e-06, "supply": "[{\"l\":'Energy for power irrigation',\"v\":3.994271108123925e-06}]"}, {"source": 77, "prod": 0, "target": 48, "value": 7.7535850922405602e-06, "supply": "[{\"l\":'Energy for power irrigation',\"v\":7.7535850922405602e-06}]"}, {"source": 77, "prod": 0, "target": 67, "value": 0.14500000011599998, "supply": "[{\"l\":'Electricity',\"v\":0.14500000011599998}]"}, {"source": 78, "prod": 0, "target": 77, "value": 0.11079765969797324, "supply": [{"l": "Coal", "v": 7.8171831785184832e-05}, {"l": "Natural gas", "v": 0.10935559511688339}, {"l": "Oil", "v": 0.0013638927493046693}]}, {"source": 79, "prod": 0, "target": 77, "value": 0.086217276712515986, "supply": [{"l": "Nuclear", "v": 0.0}, {"l": "Hydroelectric", "v": 0.083321010344874893}, {"l": "Renewable", "v": 0.0028962663676410962}]}, {"source": 78, "prod": 0, "target": 16, "value": 0.036690822953813977, "supply": [{"l": "Motor Gasoline", "v": 0.00029324238784755652}, {"l": "Gas-Diesel oil", "v": 0.030171530560026243}, {"l": "Natural gas (including LNG)", "v": 0.0046799631649711614}, {"l": "Fuel oil", "v": 0.00089142155523260207}, {"l": "Liquefied petroleum gas (LPG)", "v": 0.00031310078883046104}, {"l": "Coal", "v": 0.0003415644969059575}]}, {"source": 78, "prod": 0, "target": 7, "value": 0.10688196251763202, "supply": [{"l": "Motor Gasoline", "v": 0.00085422782546896894}, {"l": "Gas-Diesel oil", "v": 0.087890980327032964}, {"l": "Natural gas (including LNG)", "v": 0.01363293617622034}, {"l": "Fuel oil", "v": 0.0025967497478514932}, {"l": "Liquefied petroleum gas (LPG)", "v": 0.00091207621094090824}, {"l": "Coal", "v": 0.00099499223011735452}]}, {"source": 78, "prod": 0, "target": 3, "value": 0.44879789236259421, "supply": [{"l": "Motor Gasoline", "v": 0.0035869068890338799}, {"l": "Gas-Diesel oil", "v": 0.36905466366177031}, {"l": "Natural gas (including LNG)", "v": 0.05724476682950233}, {"l": "Fuel oil", "v": 0.010903765110381394}, {"l": "Liquefied petroleum gas (LPG)", "v": 0.0038298125474334659}, {"l": "Coal", "v": 0.0041779773244728716}]}, {"source": 78, "prod": 0, "target": 4, "value": 0.069393512977865571, "supply": [{"l": "Motor Gasoline", "v": 0.00055461060310298734}, {"l": "Gas-Diesel oil", "v": 0.057063546928745282}, {"l": "Natural gas (including LNG)", "v": 0.0088512346815758924}, {"l": "Fuel oil", "v": 0.0016859494631573126}, {"l": "Liquefied petroleum gas (LPG)", "v": 0.00059216888322282855}, {"l": "Coal", "v": 0.00064600241806126747}]}, {"source": 78, "prod": 0, "target": 6, "value": 0.35201919993369357, "supply": [{"l": "Motor Gasoline", "v": 0.0028134269674649627}, {"l": "Gas-Diesel oil", "v": 0.28947178595271555}, {"l": "Natural gas (including LNG)", "v": 0.04490051616247695}, {"l": "Fuel oil", "v": 0.0085524792690432269}, {"l": "Liquefied petroleum gas (LPG)", "v": 0.0030039524957357279}, {"l": "Coal", "v": 0.0032770390862571575}]}, {"source": 78, "prod": 0, "target": 37, "value": 0.0933223105564399, "supply": [{"l": "Motor Gasoline", "v": 0.00074585563865574159}, {"l": "Gas-Diesel oil", "v": 0.076740632076588489}, {"l": "Natural gas (including LNG)", "v": 0.011903384571774476}, {"l": "Fuel oil", "v": 0.0022673113470046617}, {"l": "Liquefied petroleum gas (LPG)", "v": 0.0007963650498513901}, {"l": "Coal", "v": 0.00086876187256515274}]}, {"source": 78, "prod": 0, "target": 57, "value": 0.016218407247700382, "supply": [{"l": "Motor Gasoline", "v": 0.00012962163520797789}, {"l": "Gas-Diesel oil", "v": 0.013336691044649282}, {"l": "Natural gas (including LNG)", "v": 0.0020686793700234844}, {"l": "Fuel oil", "v": 0.00039403416571875889}, {"l": "Liquefied petroleum gas (LPG)", "v": 0.00013839962404824728}, {"l": "Coal", "v": 0.00015098140805263339}]}, {"source": 78, "prod": 0, "target": 8, "value": 0.00079762658595247768, "supply": [{"l": "Motor Gasoline", "v": 6.3748345184251415e-06}, {"l": "Gas-Diesel oil", "v": 0.00065590283826144006}, {"l": "Natural gas (including LNG)", "v": 0.00010173832967328611}, {"l": "Fuel oil", "v": 1.9378729461578306e-05}, {"l": "Liquefied petroleum gas (LPG)", "v": 6.8065388876187179e-06}, {"l": "Coal", "v": 7.4253151501295105e-06}]}, {"source": 78, "prod": 0, "target": 10, "value": 0.00079762658595247768, "supply": [{"l": "Motor Gasoline", "v": 6.3748345184251415e-06}, {"l": "Gas-Diesel oil", "v": 0.00065590283826144006}, {"l": "Natural gas (including LNG)", "v": 0.00010173832967328611}, {"l": "Fuel oil", "v": 1.9378729461578306e-05}, {"l": "Liquefied petroleum gas (LPG)", "v": 6.8065388876187179e-06}, {"l": "Coal", "v": 7.4253151501295105e-06}]}, {"source": 78, "prod": 0, "target": 11, "value": 0.19648201567296036, "supply": [{"l": "Motor Gasoline", "v": 0.00157033423637206}, {"l": "Gas-Diesel oil", "v": 0.16157073249173476}, {"l": "Natural gas (including LNG)", "v": 0.025061541876186151}, {"l": "Fuel oil", "v": 0.0047736270240354567}, {"l": "Liquefied petroleum gas (LPG)", "v": 0.0016766774126500779}, {"l": "Coal", "v": 0.001829102631981903}]}, {"source": 78, "prod": 0, "target": 13, "value": 0.0058492616303181706, "supply": [{"l": "Motor Gasoline", "v": 4.674878646845104e-05}, {"l": "Gas-Diesel oil", "v": 0.0048099541472505607}, {"l": "Natural gas (including LNG)", "v": 0.00074608108427076496}, {"l": "Fuel oil", "v": 0.00014211068271824092}, {"l": "Liquefied petroleum gas (LPG)", "v": 4.991461850920394e-05}, {"l": "Coal", "v": 5.445231110094975e-05}]}, {"source": 78, "prod": 0, "target": 14, "value": 0.10927484227548945, "supply": [{"l": "Motor Gasoline", "v": 0.00087335232902424436}, {"l": "Gas-Diesel oil", "v": 0.089858688841817289}, {"l": "Natural gas (including LNG)", "v": 0.013938151165240199}, {"l": "Fuel oil", "v": 0.0026548859362362279}, {"l": "Liquefied petroleum gas (LPG)", "v": 0.00093249582760376447}, {"l": "Coal", "v": 0.0010172681755677431}]}, {"source": 78, "prod": 0, "target": 15, "value": 0.0010635021146033039, "supply": [{"l": "Motor Gasoline", "v": 8.4997793579001892e-06}, {"l": "Gas-Diesel oil", "v": 0.00087453711768192019}, {"l": "Natural gas (including LNG)", "v": 0.00013565110623104819}, {"l": "Fuel oil", "v": 2.5838305948771077e-05}, {"l": "Liquefied petroleum gas (LPG)", "v": 9.0753851834916261e-06}, {"l": "Coal", "v": 9.9004202001726818e-06}]}, {"source": 78, "prod": 0, "target": 64, "value": 0.010369145617382213, "supply": [{"l": "Motor Gasoline", "v": 8.287284873952685e-05}, {"l": "Gas-Diesel oil", "v": 0.0085267368973987213}, {"l": "Natural gas (including LNG)", "v": 0.0013225982857527198}, {"l": "Fuel oil", "v": 0.00025192348300051803}, {"l": "Liquefied petroleum gas (LPG)", "v": 8.8485005539043349e-05}, {"l": "Coal", "v": 9.6529096951683644e-05}]}, {"source": 78, "prod": 0, "target": 30, "value": 0.013559651961192123, "supply": [{"l": "Motor Gasoline", "v": 0.00010837218681322742}, {"l": "Gas-Diesel oil", "v": 0.011150348250444482}, {"l": "Natural gas (including LNG)", "v": 0.0017295516044458642}, {"l": "Fuel oil", "v": 0.00032943840084683125}, {"l": "Liquefied petroleum gas (LPG)", "v": 0.00011571116108951822}, {"l": "Coal", "v": 0.0001262303575522017}]}, {"source": 78, "prod": 0, "target": 48, "value": 0.02632167733643177, "supply": [{"l": "Motor Gasoline", "v": 0.00021036953910802969}, {"l": "Gas-Diesel oil", "v": 0.021644793662627525}, {"l": "Natural gas (including LNG)", "v": 0.0033573648792184427}, {"l": "Fuel oil", "v": 0.0006394980722320842}, {"l": "Liquefied petroleum gas (LPG)", "v": 0.00022461578329141773}, {"l": "Coal", "v": 0.00024503539995427386}]}, {"source": 78, "prod": 0, "target": 1, "value": 0.18158070384896824, "supply": [{"l": "Gas-diesel oils used in fisheries", "v": 0.14584166678333998}, {"l": "Fuel oil used in fisheries", "v": 0.035739037065628268}]}, {"source": 80, "prod": 1.9172968399240198, "target": 16, "value": 0.02350095353575235, "supply": [{"l": "Potash", "v": 0.042883605589862435}, {"l": "Phosphate", "v": 0.067261791720476097}, {"l": "Nitrogen", "v": 0.87604316736750099}]}, {"source": 80, "prod": 5.58516905543084, "target": 7, "value": 0.068459299430235099, "supply": [{"l": "Potash", "v": 0.042883605589862435}, {"l": "Phosphate", "v": 0.067261791720476097}, {"l": "Nitrogen", "v": 0.87604316736750099}]}, {"source": 80, "prod": 23.452152650664825, "target": 3, "value": 0.28746093890108676, "supply": [{"l": "Potash", "v": 0.042883605589862435}, {"l": "Phosphate", "v": 0.067261791720476097}, {"l": "Nitrogen", "v": 0.87604316736750099}]}, {"source": 80, "prod": 3.6261918494215157, "target": 4, "value": 0.044447455600227267, "supply": [{"l": "Potash", "v": 0.042883605589862435}, {"l": "Phosphate", "v": 0.067261791720476097}, {"l": "Nitrogen", "v": 0.87604316736750099}]}, {"source": 80, "prod": 18.394934898981177, "target": 6, "value": 0.2254729165314211, "supply": [{"l": "Potash", "v": 0.042883605589862435}, {"l": "Phosphate", "v": 0.067261791720476097}, {"l": "Nitrogen", "v": 0.87604316736750099}]}, {"source": 80, "prod": 4.8766028319806587, "target": 37, "value": 0.059774164427891845, "supply": [{"l": "Potash", "v": 0.042883605589862435}, {"l": "Phosphate", "v": 0.067261791720476097}, {"l": "Nitrogen", "v": 0.87604316736750099}]}, {"source": 80, "prod": 0.84750077706786386, "target": 57, "value": 0.010388102649861546, "supply": [{"l": "Potash", "v": 0.042883605589862435}, {"l": "Phosphate", "v": 0.067261791720476097}, {"l": "Nitrogen", "v": 0.87604316736750099}]}, {"source": 80, "prod": 0.041680366085304774, "target": 8, "value": 0.00051089029425548582, "supply": [{"l": "Potash", "v": 0.042883605589862435}, {"l": "Phosphate", "v": 0.067261791720476097}, {"l": "Nitrogen", "v": 0.87604316736750099}]}, {"source": 80, "prod": 0.041680366085304774, "target": 10, "value": 0.00051089029425548582, "supply": [{"l": "Potash", "v": 0.042883605589862435}, {"l": "Phosphate", "v": 0.067261791720476097}, {"l": "Nitrogen", "v": 0.87604316736750099}]}, {"source": 80, "prod": 10.267263512346744, "target": 11, "value": 0.12584930915160136, "supply": [{"l": "Potash", "v": 0.042883605589862435}, {"l": "Phosphate", "v": 0.067261791720476097}, {"l": "Nitrogen", "v": 0.87604316736750099}]}, {"source": 80, "prod": 0.30565601795890174, "target": 13, "value": 0.0037465288245402298, "supply": [{"l": "Potash", "v": 0.042883605589862435}, {"l": "Phosphate", "v": 0.067261791720476097}, {"l": "Nitrogen", "v": 0.87604316736750099}]}, {"source": 80, "prod": 5.7102101536867549, "target": 14, "value": 0.069991970313001556, "supply": [{"l": "Potash", "v": 0.042883605589862435}, {"l": "Phosphate", "v": 0.067261791720476097}, {"l": "Nitrogen", "v": 0.87604316736750099}]}, {"source": 80, "prod": 0.055573821447073041, "target": 15, "value": 0.00068118705900731453, "supply": [{"l": "Potash", "v": 0.042883605589862435}, {"l": "Phosphate", "v": 0.067261791720476097}, {"l": "Nitrogen", "v": 0.87604316736750099}]}, {"source": 80, "prod": 0.54184475910896213, "target": 64, "value": 0.0066415738253213169, "supply": [{"l": "Potash", "v": 0.042883605589862435}, {"l": "Phosphate", "v": 0.067261791720476097}, {"l": "Nitrogen", "v": 0.87604316736750099}]}, {"source": 80, "prod": 0.70856622345018128, "target": 30, "value": 0.0086851350023432593, "supply": [{"l": "Potash", "v": 0.042883605589862435}, {"l": "Phosphate", "v": 0.067261791720476097}, {"l": "Nitrogen", "v": 0.87604316736750099}]}, {"source": 80, "prod": 1.3754520808150579, "target": 48, "value": 0.016859379710431034, "supply": [{"l": "Potash", "v": 0.042883605589862435}, {"l": "Phosphate", "v": 0.067261791720476097}, {"l": "Nitrogen", "v": 0.87604316736750099}]}, {"source": 78, "prod": 0, "target": 80, "value": 1.2036322343571237, "supply": [{"l": "Natural gas (including LNG)", "v": 0.80663232840803356}, {"l": "Fuel oil", "v": 0.24214071588028757}, {"l": "Liquefied petroleum gas (LPG)", "v": 0.077429595034401291}, {"l": "Coal", "v": 0.077429595034401291}]}, {"source": 81, "prod": 0, "target": 0, "value": 0.00020349338775112891, "supply": "[{\"l\":'Labor',\"v\":0.00020349338775112891}]"}, {"source": 81, "prod": 0, "target": 18, "value": 1.695778231259408e-05, "supply": "[{\"l\":'Labor',\"v\":1.695778231259408e-05}]"}, {"source": 81, "prod": 0, "target": 37, "value": 0.0059521815917205206, "supply": "[{\"l\":'Labor',\"v\":0.0059521815917205206}]"}, {"source": 81, "prod": 0, "target": 7, "value": 0.0068170284896628191, "supply": "[{\"l\":'Labor',\"v\":0.0068170284896628191}]"}, {"source": 81, "prod": 0, "target": 19, "value": 0.00013566225850075264, "supply": "[{\"l\":'Labor',\"v\":0.00013566225850075264}]"}, {"source": 81, "prod": 0, "target": 22, "value": 1.695778231259408e-05, "supply": "[{\"l\":'Labor',\"v\":1.695778231259408e-05}]"}, {"source": 81, "prod": 0, "target": 24, "value": 8.4788911562970386e-05, "supply": "[{\"l\":'Labor',\"v\":8.4788911562970386e-05}]"}, {"source": 81, "prod": 0, "target": 11, "value": 0.012531801129007024, "supply": "[{\"l\":'Labor',\"v\":0.012531801129007024}]"}, {"source": 81, "prod": 0, "target": 28, "value": 0.00011870447618815855, "supply": "[{\"l\":'Labor',\"v\":0.00011870447618815855}]"}, {"source": 81, "prod": 0, "target": 30, "value": 0.00086484689794229794, "supply": "[{\"l\":'Labor',\"v\":0.00086484689794229794}]"}, {"source": 81, "prod": 0, "target": 66, "value": 3.391556462518816e-05, "supply": "[{\"l\":'Labor',\"v\":3.391556462518816e-05}]"}, {"source": 81, "prod": 0, "target": 16, "value": 0.0023401739591379827, "supply": "[{\"l\":'Labor',\"v\":0.0023401739591379827}]"}, {"source": 81, "prod": 0, "target": 32, "value": 0.00023740895237631709, "supply": "[{\"l\":'Labor',\"v\":0.00023740895237631709}]"}, {"source": 81, "prod": 0, "target": 3, "value": 0.028624736543658807, "supply": "[{\"l\":'Labor',\"v\":0.028624736543658807}]"}, {"source": 81, "prod": 0, "target": 34, "value": 0.00013566225850075264, "supply": "[{\"l\":'Labor',\"v\":0.00013566225850075264}]"}, {"source": 81, "prod": 0, "target": 26, "value": 0.00013566225850075264, "supply": "[{\"l\":'Labor',\"v\":0.00013566225850075264}]"}, {"source": 81, "prod": 0, "target": 8, "value": 5.0873346937782226e-05, "supply": "[{\"l\":'Labor',\"v\":5.0873346937782226e-05}]"}, {"source": 81, "prod": 0, "target": 39, "value": 0.00033915564625188155, "supply": "[{\"l\":'Labor',\"v\":0.00033915564625188155}]"}, {"source": 81, "prod": 0, "target": 40, "value": 5.0873346937782226e-05, "supply": "[{\"l\":'Labor',\"v\":5.0873346937782226e-05}]"}, {"source": 81, "prod": 0, "target": 15, "value": 6.783112925037632e-05, "supply": "[{\"l\":'Labor',\"v\":6.783112925037632e-05}]"}, {"source": 81, "prod": 0, "target": 4, "value": 0.0044259811835870543, "supply": "[{\"l\":'Labor',\"v\":0.0044259811835870543}]"}, {"source": 81, "prod": 0, "target": 5, "value": 0.00057656459862819867, "supply": "[{\"l\":'Labor',\"v\":0.00057656459862819867}]"}, {"source": 81, "prod": 0, "target": 6, "value": 0.022452103781874559, "supply": "[{\"l\":'Labor',\"v\":0.022452103781874559}]"}, {"source": 81, "prod": 0, "target": 47, "value": 8.4788911562970386e-05, "supply": "[{\"l\":'Labor',\"v\":8.4788911562970386e-05}]"}, {"source": 81, "prod": 0, "target": 10, "value": 5.0873346937782226e-05, "supply": "[{\"l\":'Labor',\"v\":5.0873346937782226e-05}]"}, {"source": 81, "prod": 0, "target": 48, "value": 0.0016788204489468139, "supply": "[{\"l\":'Labor',\"v\":0.0016788204489468139}]"}, {"source": 81, "prod": 0, "target": 13, "value": 0.00037307121087706971, "supply": "[{\"l\":'Labor',\"v\":0.00037307121087706971}]"}, {"source": 81, "prod": 0, "target": 50, "value": 5.0873346937782226e-05, "supply": "[{\"l\":'Labor',\"v\":5.0873346937782226e-05}]"}, {"source": 81, "prod": 0, "target": 53, "value": 0.00033915564625188155, "supply": "[{\"l\":'Labor',\"v\":0.00033915564625188155}]"}, {"source": 81, "prod": 0, "target": 55, "value": 1.695778231259408e-05, "supply": "[{\"l\":'Labor',\"v\":1.695778231259408e-05}]"}, {"source": 81, "prod": 0, "target": 57, "value": 0.0010344247210682387, "supply": "[{\"l\":'Labor',\"v\":0.0010344247210682387}]"}, {"source": 81, "prod": 0, "target": 60, "value": 1.695778231259408e-05, "supply": "[{\"l\":'Labor',\"v\":1.695778231259408e-05}]"}, {"source": 81, "prod": 0, "target": 14, "value": 0.0069696485304761658, "supply": "[{\"l\":'Labor',\"v\":0.0069696485304761658}]"}, {"source": 81, "prod": 0, "target": 62, "value": 0.0006952690748163572, "supply": "[{\"l\":'Labor',\"v\":0.0006952690748163572}]"}, {"source": 81, "prod": 0, "target": 63, "value": 1.695778231259408e-05, "supply": "[{\"l\":'Labor',\"v\":1.695778231259408e-05}]"}, {"source": 81, "prod": 0, "target": 64, "value": 0.00066135351019116909, "supply": "[{\"l\":'Labor',\"v\":0.00066135351019116909}]"}, {"source": 78, "prod": 0, "target": 72, "value": 2.0721081680014048, "supply": "[{\"l\":'Fossil Fuels',\"v\":2.0721081680014048}]"}, {"source": 79, "prod": 0, "target": 72, "value": 0.93683077395948355, "supply": "[{\"l\":'Renewables & Nuclear',\"v\":0.158930291525095},{\"l\":'Biomass & Waste',\"v\":0.77790048243438858}]"}]}