{"nodes": [{"layer": 13, "name": "Animal Products", "fill": "#17becf"}, {"layer": 10, "name": "Feed", "fill": "#dbdb8d"}, {"layer": 5, "name": "Cereals", "fill": "#e7ba52"}, {"layer": 5, "name": "Oilcrops", "fill": "#ff9896"}, {"layer": 5, "name": "Fruits, Roots & Vegetables", "fill": "#98df8a"}, {"layer": 5, "name": "Sugar Crops", "fill": "#ffbb78"}, {"layer": 13, "name": "Aquatic Products", "fill": "#1f77b4"}, {"layer": 13, "name": "Other Processed", "fill": "#9c9ede"}, {"layer": 16, "name": "Food", "fill": "#b5cf6b"}, {"layer": 13, "name": "Sugar", "fill": "#d6616b"}, {"layer": 13, "name": "Vegetable Oils", "fill": "#f7b6d2"}, {"layer": 10, "name": "Processing", "fill": "#9edae5"}, {"layer": 16, "name": "Biofuels & Other", "fill": "#e7ba52"}, {"name": "Waste", "fill": "#c7c7c7"}, {"layer": 2, "name": "Import", "fill": "#aec7e8"}, {"layer": 16, "name": "Export", "fill": "#aec7e8"}, {"layer": 0, "name": "Stock Draw", "fill": "#c7c7c7"}, {"layer": 16, "name": "Stock Deposit", "fill": "#c7c7c7"}, {"layer": 2, "name": "Electricity", "fill": "#bcbd22"}, {"layer": 0, "name": "Fossil Fuels", "fill": "#c49c94"}, {"layer": 0, "name": "Renewables & Nuclear", "fill": "#2ca02c"}, {"layer": 2, "name": "Fertilizers", "fill": "#c5b0d5"}, {"layer": 0, "name": "Labor", "fill": "#7f7f7f"}], "links": [{"source": 0, "prod": 195.0, "target": 1, "value": 0.11607996260986667, "supply": [{"l": "Milk - Excluding Butter", "v": 0.11607996260986667}]}, {"source": 2, "prod": 564.0, "target": 1, "value": 1.732902409571123, "supply": [{"l": "Maize", "v": 0.025155654272888888}, {"l": "Wheat", "v": 0.87759791270680465}, {"l": "Oats", "v": 0.23021051879059617}, {"l": "Rye", "v": 0.10504092315682118}, {"l": "Barley", "v": 0.37822299068745791}, {"l": "Cereals, Other", "v": 0.11667440995655388}]}, {"source": 3, "prod": 34.0, "target": 1, "value": 0.12893249354229508, "supply": [{"l": "Sunflower seed", "v": 0.0039549844644875785}, {"l": "Soyabeans", "v": 0.0079099689289751571}, {"l": "Rape and Mustardseed", "v": 0.098874611612189481}, {"l": "Oilcrops, Other", "v": 0.018192928536642859}]}, {"source": 4, "prod": 119.0, "target": 1, "value": 0.089985613315773663, "supply": [{"l": "Potatoes", "v": 0.085193630230426975}, {"l": "Peas", "v": 0.0021297702601540828}, {"l": "Beans", "v": 0.0026622128251926037}]}, {"source": 5, "prod": 1.0, "target": 1, "value": 0.0011622222200000001, "supply": [{"l": "Sugar beet", "v": 0.0011622222200000001}]}, {"source": 6, "prod": 40.0, "target": 1, "value": 0.04022534658252689, "supply": [{"l": "Pelagic Fish", "v": 0.02254561199533384}, {"l": "Fish, Seafood", "v": 0.01767973458719305}]}, {"source": 7, "prod": 236.0, "target": 8, "value": 0.33176381465118393, "supply": [{"l": "Beer", "v": 0.098288462632580786}, {"l": "Beverages, Alcoholic", "v": 0.010539351703986207}, {"l": "Butter, Ghee", "v": 0.033418216248159577}, {"l": "Fats, Animals, Raw", "v": 0.10645296404542824}, {"l": "Wine", "v": 0.0092484023062091511}, {"l": "Beverages, Fermented", "v": 0.00084059735812871299}, {"l": "Cream", "v": 0.072975820356691271}]}, {"source": 0, "prod": 628.0, "target": 8, "value": 0.59648041038016364, "supply": [{"l": "Eggs", "v": 0.047247306945908313}, {"l": "Mutton & Goat Meat", "v": 0.0035375138821250002}, {"l": "Pigmeat", "v": 0.17528585645962655}, {"l": "Poultry Meat", "v": 0.062307864704582452}, {"l": "Milk - Excluding Butter", "v": 0.26311458191569781}, {"l": "Bovine Meat", "v": 0.021972135913819874}, {"l": "Offals, Edible", "v": 0.02301515055840362}]}, {"source": 2, "prod": 250.0, "target": 8, "value": 0.82418470406728372, "supply": [{"l": "Maize", "v": 0.003144456784111111}, {"l": "Rye", "v": 0.0986748066018623}, {"l": "Barley", "v": 0.10955424557843609}, {"l": "Rice", "v": 0.034230373055681697}, {"l": "Cereals, Other", "v": 0.024021202049878742}, {"l": "Wheat", "v": 0.53006913927490995}, {"l": "Oats", "v": 0.024490480722403847}]}, {"source": 3, "prod": 3.0, "target": 8, "value": 0.009476842105109063, "supply": [{"l": "Olives", "v": 0.0027387204248709679}, {"l": "Groundnuts", "v": 0.0067381216802380947}]}, {"source": 4, "prod": 580.0, "target": 8, "value": 0.37242083654068053, "supply": [{"l": "Vegetables, Other", "v": 0.058209735250715017}, {"l": "Plantains", "v": 0.0010107182520357144}, {"l": "Nuts", "v": 0.017687569410625003}, {"l": "Citrus, Other", "v": 0.00065490749575065356}, {"l": "Grapefruit", "v": 0.00087226369696232875}, {"l": "Tomatoes", "v": 0.0070130437913466835}, {"l": "Coffee", "v": 0.0060274070202535491}, {"l": "Treenuts", "v": 0.017626366748304499}, {"l": "Cocoa Beans", "v": 0.045233784066516396}, {"l": "Grapes", "v": 0.0063732153586809658}, {"l": "Potatoes", "v": 0.14870160912947253}, {"l": "Apples", "v": 0.0069483648630997439}, {"l": "Lemons, Limes", "v": 0.00097586589851724132}, {"l": "Pineapples", "v": 0.0020376079961039999}, {"l": "Bananas", "v": 0.011496920116906251}, {"l": "Spices, Other", "v": 0.0036385857073285722}, {"l": "Fruits, Other", "v": 0.0170265328055993}, {"l": "Infant food", "v": 0.0041080806373064525}, {"l": "Oranges, Mandarines", "v": 0.0071396989503948807}, {"l": "Tea", "v": 0.00084059735812871299}, {"l": "Onions", "v": 0.0087979619866321249}]}, {"source": 9, "prod": 106.0, "target": 8, "value": 0.32517173031795449, "supply": [{"l": "Sugar", "v": 0.27356774021766667}, {"l": "Sweeteners, Other", "v": 0.048459533316176674}, {"l": "Honey", "v": 0.003144456784111111}]}, {"source": 6, "prod": 114.0, "target": 8, "value": 0.10277783209274488, "supply": [{"l": "Crustaceans", "v": 0.00090319503373404266}, {"l": "Marine Fish, Other", "v": 0.0062926129291447051}, {"l": "Freshwater Fish", "v": 0.0079428586126715182}, {"l": "Pelagic Fish", "v": 0.03043657619370068}, {"l": "Fish, Seafood", "v": 0.05038724357350019}, {"l": "Molluscs, Other", "v": 0.00092282970838043483}, {"l": "Demersal Fish", "v": 0.0058925160416133156}]}, {"source": 10, "prod": 31.0, "target": 8, "value": 0.31943066632345002, "supply": [{"l": "Soyabean Oil", "v": 0.12422259274493687}, {"l": "Sunflowerseed Oil", "v": 0.0306286012072595}, {"l": "Olive Oil", "v": 0.020949432860376628}, {"l": "Rape and Mustard Oil", "v": 0.13459808917353658}, {"l": "Oilcrops Oil, Other", "v": 0.0090319503373404251}]}, {"source": 4, "prod": 83.0, "target": 11, "value": 0.062647885845424245, "supply": [{"l": "Grapes", "v": 0.0023899557595053618}, {"l": "Potatoes", "v": 0.058086566066200211}, {"l": "Apples", "v": 0.0021713640197186701}]}, {"source": 2, "prod": 50.0, "target": 11, "value": 0.17351982070891958, "supply": [{"l": "Maize", "v": 0.0094333703523333326}, {"l": "Wheat", "v": 0.16147801593805206}, {"l": "Barley", "v": 0.0026084344185341923}]}, {"source": 3, "prod": 134.0, "target": 11, "value": 0.52996791824133549, "supply": [{"l": "Sunflower seed", "v": 0.0079099689289751571}, {"l": "Soyabeans", "v": 0.051414798038338524}, {"l": "Rape and Mustardseed", "v": 0.47064315127402184}]}, {"source": 7, "prod": 24.0, "target": 12, "value": 0.077479794582130862, "supply": [{"l": "Fats, Animals, Raw", "v": 0.065509516335648152}, {"l": "Alcohol, Non-Food", "v": 0.011970278246482703}]}, {"source": 0, "prod": 11.0, "target": 12, "value": 0.0074871619659380197, "supply": [{"l": "Milk - Excluding Butter", "v": 0.0059528185953777787}, {"l": "Offals, Edible", "v": 0.001534343370560241}]}, {"source": 3, "prod": 2.0, "target": 12, "value": 0.0060643095122142861, "supply": [{"l": "Oilcrops, Other", "v": 0.0060643095122142861}]}, {"source": 4, "prod": 3.0, "target": 12, "value": 0.0023234626426480083, "supply": [{"l": "Potatoes", "v": 0.0023234626426480083}]}, {"source": 9, "prod": 3.0, "target": 12, "value": 0.0080765888860294451, "supply": [{"l": "Sweeteners, Other", "v": 0.0080765888860294451}]}, {"source": 10, "prod": 83.0, "target": 12, "value": 0.852743745631796, "supply": [{"l": "Soyabean Oil", "v": 0.020703765457489479}, {"l": "Rape and Mustard Oil", "v": 0.77652743753963438}, {"l": "Palm Oil", "v": 0.010352790947969931}, {"l": "Oilcrops Oil, Other", "v": 0.045159751686702124}]}, {"source": 4, "prod": 113.0, "target": 4, "value": 0.087517092873074992, "supply": [{"l": "Potatoes", "v": 0.087517092873074992}]}, {"source": 0, "prod": 1.0, "target": 0, "value": 0.0016292174808933901, "supply": [{"l": "Eggs", "v": 0.0016292174808933901}]}, {"source": 2, "prod": 132.0, "target": 2, "value": 0.42548194874376011, "supply": [{"l": "Cereals, Other", "v": 0.020589601757038924}, {"l": "Wheat", "v": 0.2878521153678319}, {"l": "Barley", "v": 0.067819294881889008}, {"l": "Oats", "v": 0.026939528794644233}, {"l": "Rye", "v": 0.022281407942356005}]}, {"source": 3, "prod": 2.0, "target": 3, "value": 0.0069871392205947212, "supply": [{"l": "Oilcrops, Other", "v": 0.0030321547561071431}, {"l": "Rape and Mustardseed", "v": 0.0039549844644875785}]}, {"source": 4, "prod": 18.0, "target": 13, "value": 0.010258403477236291, "supply": [{"l": "Potatoes", "v": 0.0077448754754933617}, {"l": "Vegetables, Other", "v": 0.0014699428093614903}, {"l": "Oranges, Mandarines", "v": 0.00031042169349542961}, {"l": "Onions", "v": 0.00073316349888601041}]}, {"source": 0, "prod": 3.0, "target": 13, "value": 0.0031824484515713116, "supply": [{"l": "Pigmeat", "v": 0.0019918847324957561}, {"l": "Milk - Excluding Butter", "v": 0.0011905637190755556}]}, {"source": 2, "prod": 16.0, "target": 13, "value": 0.052487507377629292, "supply": [{"l": "Cereals, Other", "v": 0.0034316002928398205}, {"l": "Rye", "v": 0.015915291387397147}, {"l": "Wheat", "v": 0.02808313320661775}, {"l": "Oats", "v": 0.0024490480722403844}, {"l": "Barley", "v": 0.0026084344185341923}]}, {"source": 3, "prod": 1.0, "target": 13, "value": 0.0039549844644875785, "supply": [{"l": "Rape and Mustardseed", "v": 0.0039549844644875785}]}, {"source": 14, "prod": 520.0, "target": 1, "value": 0.51871793882233919, "supply": [{"l": "Pigmeat", "v": 0.1254887381472326}, {"l": "Crustaceans", "v": 0.00090319503373404266}, {"l": "Eggs", "v": 0.014662957328040514}, {"l": "Marine Fish, Other", "v": 0.0027967168573976471}, {"l": "Demersal Fish", "v": 0.010101456071337113}, {"l": "Freshwater Fish", "v": 0.015091431364075885}, {"l": "Milk - Excluding Butter", "v": 0.11786580818848}, {"l": "Pelagic Fish", "v": 0.072145958385068279}, {"l": "Fish, Seafood", "v": 0.091050633124044211}, {"l": "Molluscs, Other", "v": 0.00092282970838043483}, {"l": "Poultry Meat", "v": 0.042021583172857938}, {"l": "Offals, Edible", "v": 0.016877777076162653}, {"l": "Bovine Meat", "v": 0.0087888543655279504}]}, {"source": 14, "prod": 376.0, "target": 11, "value": 1.4940657710505507, "supply": [{"l": "Alcohol, Non-Food", "v": 0.018703559760129228}, {"l": "Sugar", "v": 0.32702350554755555}, {"l": "Beer", "v": 0.025715004758524045}, {"l": "Beverages, Alcoholic", "v": 0.084314813631889654}, {"l": "Butter, Ghee", "v": 0.016709108124079788}, {"l": "Fats, Animals, Raw", "v": 0.057320826793692131}, {"l": "Soyabean Oil", "v": 0.14492635820242636}, {"l": "Palm Oil", "v": 0.020705581895939861}, {"l": "Sunflowerseed Oil", "v": 0.071466736150272159}, {"l": "Olive Oil", "v": 0.020949432860376628}, {"l": "Rape and Mustard Oil", "v": 0.48662386085817083}, {"l": "Oilcrops Oil, Other", "v": 0.090319503373404247}, {"l": "Wine", "v": 0.041617810377941183}, {"l": "Sweeteners, Other", "v": 0.080765888860294441}, {"l": "Beverages, Fermented", "v": 0.0046232854697079214}, {"l": "Cream", "v": 0.0022804943861466022}]}, {"source": 14, "prod": 388.0, "target": 2, "value": 1.2373963082141313, "supply": [{"l": "Maize", "v": 0.03773348140933333}, {"l": "Rye", "v": 0.0986748066018623}, {"l": "Barley", "v": 0.29996995813143212}, {"l": "Rice", "v": 0.038509169687641912}, {"l": "Cereals, Other", "v": 0.024021202049878742}, {"l": "Wheat", "v": 0.7090991134670982}, {"l": "Oats", "v": 0.029388576866884616}]}, {"source": 14, "prod": 398.0, "target": 4, "value": 0.30961599843570681, "supply": [{"l": "Plantains", "v": 0.0010107182520357144}, {"l": "Nuts", "v": 0.023583425880833335}, {"l": "Citrus, Other", "v": 0.00065490749575065356}, {"l": "Grapefruit", "v": 0.0014537728282705482}, {"l": "Cocoa Beans", "v": 0.072374054506426241}, {"l": "Tomatoes", "v": 0.0076505932269236541}, {"l": "Coffee", "v": 0.0078356291263296136}, {"l": "Treenuts", "v": 0.023501822331072664}, {"l": "Vegetables, Other", "v": 0.024401050635400736}, {"l": "Peas", "v": 0.0015973276951155621}, {"l": "Grapes", "v": 0.013543082637197052}, {"l": "Dates", "v": 0.00265313541159375}, {"l": "Potatoes", "v": 0.045694765305410827}, {"l": "Apples", "v": 0.018239457765636829}, {"l": "Lemons, Limes", "v": 0.0012198323731465518}, {"l": "Pineapples", "v": 0.0020376079961039999}, {"l": "Bananas", "v": 0.016526822668052735}, {"l": "Spices, Other", "v": 0.0036385857073285722}, {"l": "Tea", "v": 0.0012608960371930694}, {"l": "Fruits, Other", "v": 0.021440819088532449}, {"l": "Infant food", "v": 0.0041080806373064525}, {"l": "Oranges, Mandarines", "v": 0.0099334941918537475}, {"l": "Onions", "v": 0.0029326539955440416}, {"l": "Cassava", "v": 0.0023234626426480083}]}, {"source": 14, "prod": 118.0, "target": 3, "value": 0.4594368894389218, "supply": [{"l": "Olives", "v": 0.0027387204248709679}, {"l": "Sunflower seed", "v": 0.011864953393462736}, {"l": "Coconuts - Incl Copra", "v": 0.0018456594167608697}, {"l": "Groundnuts", "v": 0.013476243360476189}, {"l": "Oilcrops, Other", "v": 0.018192928536642859}, {"l": "Soyabeans", "v": 0.12260451839911493}, {"l": "Rape and Mustardseed", "v": 0.28871386590759324}]}, {"source": 14, "prod": 1.0, "target": 5, "value": 0.0011622222200000001, "supply": [{"l": "Sugar beet", "v": 0.0011622222200000001}]}, {"source": 7, "prod": 169.0, "target": 15, "value": 0.35438164056770771, "supply": [{"l": "Alcohol, Non-Food", "v": 0.0089777086848620274}, {"l": "Beer", "v": 0.020000559256629812}, {"l": "Beverages, Alcoholic", "v": 0.23186573748769657}, {"l": "Butter, Ghee", "v": 0.025063662186119683}, {"l": "Fats, Animals, Raw", "v": 0.024566068625868059}, {"l": "Wine", "v": 0.035143928763594776}, {"l": "Beverages, Fermented", "v": 0.0042029867906435651}, {"l": "Cream", "v": 0.0045609887722932044}]}, {"source": 0, "prod": 448.0, "target": 15, "value": 0.33290916802854797, "supply": [{"l": "Eggs", "v": 0.032584349617867804}, {"l": "Pigmeat", "v": 0.023902616789949073}, {"l": "Milk - Excluding Butter", "v": 0.23394577079834669}, {"l": "Bovine Meat", "v": 0.026366563096583851}, {"l": "Poultry Meat", "v": 0.01304118098468005}, {"l": "Offals, Edible", "v": 0.003068686741120482}]}, {"source": 2, "prod": 726.0, "target": 15, "value": 2.3980365462387336, "supply": [{"l": "Maize", "v": 0.003144456784111111}, {"l": "Rye", "v": 0.10185786487934173}, {"l": "Barley", "v": 0.35474708092065016}, {"l": "Rice", "v": 0.0042787966319602121}, {"l": "Cereals, Other", "v": 0.034316002928398204}, {"l": "Wheat", "v": 1.8605075749384259}, {"l": "Oats", "v": 0.03918476915584615}]}, {"source": 3, "prod": 194.0, "target": 15, "value": 0.77469356804946132, "supply": [{"l": "Groundnuts", "v": 0.020214365040714288}, {"l": "Oilcrops, Other", "v": 0.0030321547561071431}, {"l": "Soyabeans", "v": 0.075144704825263989}, {"l": "Rape and Mustardseed", "v": 0.67630234342737594}]}, {"source": 4, "prod": 184.0, "target": 15, "value": 0.14312316475588077, "supply": [{"l": "Vegetables, Other", "v": 0.0061737597993182583}, {"l": "Nuts", "v": 0.0058958564702083337}, {"l": "Grapefruit", "v": 0.0005815091313082192}, {"l": "Tomatoes", "v": 0.0023376812637822277}, {"l": "Coffee", "v": 0.001808222106076065}, {"l": "Treenuts", "v": 0.0058754555827681661}, {"l": "Cocoa Beans", "v": 0.027140270439909835}, {"l": "Peas", "v": 0.00053244256503852069}, {"l": "Grapes", "v": 0.0055765634388458447}, {"l": "Potatoes", "v": 0.049567203043157509}, {"l": "Apples", "v": 0.012593911314368288}, {"l": "Lemons, Limes", "v": 0.00024396647462931033}, {"l": "Pineapples", "v": 0.00067920266536800002}, {"l": "Bananas", "v": 0.0050299025511464845}, {"l": "Fruits, Other", "v": 0.0075673479135996875}, {"l": "Infant food", "v": 0.0041080806373064525}, {"l": "Oranges, Mandarines", "v": 0.0027937952414588663}, {"l": "Tea", "v": 0.0004202986790643565}, {"l": "Onions", "v": 0.0010997452483290156}, {"l": "Cassava", "v": 0.0030979501901973443}]}, {"source": 9, "prod": 25.0, "target": 15, "value": 0.074541075203866117, "supply": [{"l": "Sugar", "v": 0.050311308545777776}, {"l": "Sweeteners, Other", "v": 0.024229766658088337}]}, {"source": 6, "prod": 382.0, "target": 15, "value": 0.37605452879237444, "supply": [{"l": "Crustaceans", "v": 0.00045159751686702133}, {"l": "Demersal Fish", "v": 0.010101456071337113}, {"l": "Freshwater Fish", "v": 0.0095314303352058219}, {"l": "Pelagic Fish", "v": 0.18712857956127085}, {"l": "Fish, Seafood", "v": 0.16884146530769364}]}, {"source": 10, "prod": 19.0, "target": 15, "value": 0.19070792060395278, "supply": [{"l": "Soyabean Oil", "v": 0.020703765457489479}, {"l": "Palm Oil", "v": 0.010352790947969931}, {"l": "Sunflowerseed Oil", "v": 0.051047668678765826}, {"l": "Rape and Mustard Oil", "v": 0.072475894170365859}, {"l": "Oilcrops Oil, Other", "v": 0.0361278013493617}]}, {"source": 16, "prod": 12.0, "target": 11, "value": 0.042157406815944827, "supply": [{"l": "Beverages, Alcoholic", "v": 0.042157406815944827}]}, {"source": 16, "prod": 9.0, "target": 4, "value": 0.0069703879279440252, "supply": [{"l": "Potatoes", "v": 0.0069703879279440252}]}, {"source": 16, "prod": 28.0, "target": 3, "value": 0.11073956500565221, "supply": [{"l": "Soyabeans", "v": 0.011864953393462736}, {"l": "Rape and Mustardseed", "v": 0.098874611612189481}]}, {"source": 2, "prod": 71.0, "target": 17, "value": 0.24923780720873254, "supply": [{"l": "Wheat", "v": 0.24923780720873254}]}, {"source": 1, "prod": 536.0, "target": 6, "value": 0.51905770746764623, "supply": [{"l": "Pelagic Fish", "v": 0.24011076775030538}, {"l": "Crustaceans", "v": 0.0013547925506010639}, {"l": "Freshwater Fish", "v": 0.01747428894787734}, {"l": "Molluscs, Other", "v": 0.00092282970838043483}, {"l": "Marine Fish, Other", "v": 0.0062926129291447051}, {"l": "Fish, Seafood", "v": 0.23690844346838688}, {"l": "Demersal Fish", "v": 0.015993972112950429}]}, {"source": 1, "prod": 1285.0, "target": 0, "value": 1.0561391514360876, "supply": [{"l": "Poultry Meat", "v": 0.075349045689262498}, {"l": "Pigmeat", "v": 0.20118035798207137}, {"l": "Bovine Meat", "v": 0.048338699010403725}, {"l": "Eggs", "v": 0.081460874044669507}, {"l": "Milk - Excluding Butter", "v": 0.62028369763836444}, {"l": "Offals, Edible", "v": 0.027618180670084345}, {"l": "Mutton & Goat Meat", "v": 0.0035375138821250002}]}, {"source": 11, "prod": 429.0, "target": 7, "value": 0.76362524980102253, "supply": [{"l": "Fats, Animals, Raw", "v": 0.19652854900694444}, {"l": "Alcohol, Non-Food", "v": 0.020947986931344732}, {"l": "Beverages, Fermented", "v": 0.0050435841487722777}, {"l": "Beer", "v": 0.1182890218892106}, {"l": "Beverages, Alcoholic", "v": 0.24240508919168277}, {"l": "Cream", "v": 0.077536809128984474}, {"l": "Butter, Ghee", "v": 0.058481878434279259}, {"l": "Wine", "v": 0.044392331069803927}]}, {"source": 11, "prod": 133.0, "target": 10, "value": 1.3628823325591988, "supply": [{"l": "Olive Oil", "v": 0.020949432860376628}, {"l": "Soyabean Oil", "v": 0.16563012365991583}, {"l": "Rape and Mustard Oil", "v": 0.98360142088353675}, {"l": "Palm Oil", "v": 0.020705581895939861}, {"l": "Oilcrops Oil, Other", "v": 0.090319503373404247}, {"l": "Sunflowerseed Oil", "v": 0.081676269886025332}]}, {"source": 11, "prod": 134.0, "target": 9, "value": 0.40778939440785006, "supply": [{"l": "Honey", "v": 0.003144456784111111}, {"l": "Sweeteners, Other", "v": 0.080765888860294455}, {"l": "Sugar", "v": 0.32387904876344442}]}, {"source": 18, "prod": 0, "target": 4, "value": 0.00021679542798991785, "supply": "[{\"l\":'Energy for power irrigation',\"v\":0.00021679542798991785}]"}, {"source": 18, "prod": 0, "target": 2, "value": 0.00039154054099241174, "supply": "[{\"l\":'Energy for power irrigation',\"v\":0.00039154054099241174}]"}, {"source": 18, "prod": 0, "target": 3, "value": 7.1861201116836938e-05, "supply": "[{\"l\":'Energy for power irrigation',\"v\":7.1861201116836938e-05}]"}, {"source": 18, "prod": 0, "target": 11, "value": 0.13500000010799998, "supply": "[{\"l\":'Electricity',\"v\":0.13500000010799998}]"}, {"source": 19, "prod": 0, "target": 18, "value": 0.12218263786321704, "supply": [{"l": "Coal", "v": 0.00011417730635476935}, {"l": "Natural gas", "v": 0.12200986957070653}, {"l": "Oil", "v": 5.8590986155736918e-05}]}, {"source": 20, "prod": 0, "target": 18, "value": 0.068508096472456953, "supply": [{"l": "Nuclear", "v": 0.0}, {"l": "Hydroelectric", "v": 0.064277827272012755}, {"l": "Renewable", "v": 0.0042302692004442029}]}, {"source": 19, "prod": 0, "target": 4, "value": 0.4869742793086837, "supply": [{"l": "Motor Gasoline", "v": 0.0078427641277166362}, {"l": "Gas-Diesel oil", "v": 0.41108122583652434}, {"l": "Natural gas (including LNG)", "v": 0.049659036971208041}, {"l": "Fuel oil", "v": 0.01192052937395606}, {"l": "Liquefied petroleum gas (LPG)", "v": 0.0041869384112979326}, {"l": "Coal", "v": 0.0022837845879806907}]}, {"source": 19, "prod": 0, "target": 2, "value": 0.87949351394430253, "supply": [{"l": "Motor Gasoline", "v": 0.014164321350839828}, {"l": "Gas-Diesel oil", "v": 0.74242785951806056}, {"l": "Natural gas (including LNG)", "v": 0.089686052797078378}, {"l": "Fuel oil", "v": 0.021528915822946915}, {"l": "Liquefied petroleum gas (LPG)", "v": 0.0075617652358320976}, {"l": "Coal", "v": 0.0041245992195447813}]}, {"source": 19, "prod": 0, "target": 3, "value": 0.16141741063725515, "supply": [{"l": "Motor Gasoline", "v": 0.0025996417706741002}, {"l": "Gas-Diesel oil", "v": 0.13626113299108938}, {"l": "Natural gas (including LNG)", "v": 0.016460485703703953}, {"l": "Fuel oil", "v": 0.0039512990043353508}, {"l": "Liquefied petroleum gas (LPG)", "v": 0.0013878448730573921}, {"l": "Coal", "v": 0.00075700629439494111}]}, {"source": 19, "prod": 0, "target": 1, "value": 0.16942125939479624, "supply": [{"l": "Gas-diesel oils used in fisheries", "v": 0.13368222232916799}, {"l": "Fuel oil used in fisheries", "v": 0.035739037065628268}]}, {"source": 21, "prod": 30.714140897755609, "target": 4, "value": 0.39881152674851117, "supply": [{"l": "Potash", "v": 0.045150083369453399}, {"l": "Phosphate", "v": 0.071112416723556601}, {"l": "Nitrogen", "v": 1.1352343759081873}]}, {"source": 21, "prod": 55.470871571072315, "target": 2, "value": 0.72026833030991599, "supply": [{"l": "Potash", "v": 0.045150083369453399}, {"l": "Phosphate", "v": 0.071112416723556601}, {"l": "Nitrogen", "v": 1.1352343759081873}]}, {"source": 21, "prod": 10.180819201995012, "target": 3, "value": 0.13219409466845564, "supply": [{"l": "Potash", "v": 0.045150083369453399}, {"l": "Phosphate", "v": 0.071112416723556601}, {"l": "Nitrogen", "v": 1.1352343759081873}]}, {"source": 19, "prod": 0, "target": 21, "value": 1.5184665811454934, "supply": [{"l": "Natural gas (including LNG)", "v": 1.0201174167012417}, {"l": "Fuel oil", "v": 0.2976724369267188}, {"l": "Liquefied petroleum gas (LPG)", "v": 0.10033836375876645}, {"l": "Coal", "v": 0.10033836375876645}]}, {"source": 22, "prod": 0, "target": 2, "value": 0.052753384125658519, "supply": "[{\"l\":'Labor',\"v\":0.052753384125658519}]"}, {"source": 22, "prod": 0, "target": 3, "value": 0.0096820664767921696, "supply": "[{\"l\":'Labor',\"v\":0.0096820664767921696}]"}, {"source": 22, "prod": 0, "target": 4, "value": 0.029209472052244841, "supply": "[{\"l\":'Labor',\"v\":0.029209472052244841}]"}, {"source": 22, "prod": 0, "target": 5, "value": 1.6327262186833338e-05, "supply": "[{\"l\":'Labor',\"v\":1.6327262186833338e-05}]"}, {"source": 19, "prod": 0, "target": 14, "value": 2.3696604975219286, "supply": "[{\"l\":'Fossil Fuels',\"v\":2.3696604975219286}]"}, {"source": 20, "prod": 0, "target": 14, "value": 1.2591611355079211, "supply": "[{\"l\":'Renewables & Nuclear',\"v\":0.21654701806899779},{\"l\":'Biomass & Waste',\"v\":1.0426141174389232}]"}]}