{"nodes": [{"layer": 3, "name": "Cereals", "fill": "#e7ba52"}, {"layer": 5, "name": "Production", "fill": "#b5cf6b"}, {"layer": 3, "name": "Oilcrops", "fill": "#ff9896"}, {"layer": 3, "name": "Sugar Crops", "fill": "#ffbb78"}, {"layer": 3, "name": "Starchy Roots"}, {"layer": 3, "name": "Fruits & Vegetables"}, {"layer": 1, "name": "Electricity", "fill": "#bcbd22"}, {"layer": 0, "name": "Fossil Fuels", "fill": "#c49c94"}, {"layer": 0, "name": "Renewables & Nuclear", "fill": "#2ca02c"}, {"layer": 1, "name": "Fertilizers", "fill": "#c5b0d5"}, {"layer": 0, "name": "Labor", "fill": "#7f7f7f"}], "links": [{"source": 0, "prod": 1315.0, "target": 1, "value": 4.1280952573619434, "supply": [{"l": "Oats", "v": 0.30232275999724112}, {"l": "Rye", "v": 0.27625262254871541}, {"l": "Barley", "v": 0.98453433231891407}, {"l": "Cereals, Other", "v": 0.22024145252006475}, {"l": "Wheat", "v": 2.3447440899770084}]}, {"source": 2, "prod": 148.0, "target": 1, "value": 0.795940623478125, "supply": [{"l": "Rape and Mustardseed", "v": 0.77471554018537503}, {"l": "Oilcrops, Other", "v": 0.02122508329275}]}, {"source": 3, "prod": 520.0, "target": 1, "value": 0.60435555439999999, "supply": [{"l": "Sugar beet", "v": 0.60435555439999999}]}, {"source": 4, "prod": 658.0, "target": 1, "value": 0.51064787209024087, "supply": [{"l": "Potatoes", "v": 0.51064787209024087}]}, {"source": 5, "prod": 235.0, "target": 1, "value": 0.080624122978085438, "supply": [{"l": "Fruits, Other", "v": 0.011593532890997899}, {"l": "Beans", "v": 0.00039687081418110477}, {"l": "Tomatoes", "v": 0.0014309044916460676}, {"l": "Vegetables, Other", "v": 0.043321249780001098}, {"l": "Peas", "v": 0.0011906124425433142}, {"l": "Onions", "v": 0.0054336213229440001}, {"l": "Apples", "v": 0.017257331235771958}]}, {"source": 6, "prod": 0, "target": 4, "value": 9.9736231513171096e-05, "supply": "[{\"l\":'Energy for power irrigation',\"v\":9.9736231513171096e-05}]"}, {"source": 6, "prod": 0, "target": 3, "value": 7.3460113862392311e-05, "supply": "[{\"l\":'Energy for power irrigation',\"v\":7.3460113862392311e-05}]"}, {"source": 6, "prod": 0, "target": 5, "value": 5.0857001904733144e-05, "supply": "[{\"l\":'Energy for power irrigation',\"v\":5.0857001904733144e-05}]"}, {"source": 6, "prod": 0, "target": 0, "value": 0.00020335737289406487, "supply": "[{\"l\":'Energy for power irrigation',\"v\":0.00020335737289406487}]"}, {"source": 6, "prod": 0, "target": 2, "value": 2.4157075904748242e-05, "supply": "[{\"l\":'Energy for power irrigation',\"v\":2.4157075904748242e-05}]"}, {"source": 7, "prod": 0, "target": 6, "value": 0.00026066048307754516, "supply": [{"l": "Coal", "v": 0.0}, {"l": "Natural gas", "v": 0.00025920079171666994}, {"l": "Oil", "v": 1.4596913608752076e-06}]}, {"source": 8, "prod": 0, "target": 6, "value": 0.00031561446604843723, "supply": [{"l": "Nuclear", "v": 0.0}, {"l": "Hydroelectric", "v": 0.00030747911953049275}, {"l": "Renewable", "v": 8.1353465179444781e-06}]}, {"source": 7, "prod": 0, "target": 4, "value": 0.32611680449699365, "supply": [{"l": "Motor Gasoline", "v": 0.0027060340224801115}, {"l": "Gas-Diesel oil", "v": 0.25740919572756638}, {"l": "Natural gas (including LNG)", "v": 0.050089117346132993}, {"l": "Fuel oil", "v": 0.0098712211745549897}, {"l": "Liquefied petroleum gas (LPG)", "v": 0.002889286890819623}, {"l": "Coal", "v": 0.0031519493354395887}]}, {"source": 7, "prod": 0, "target": 3, "value": 0.24019934608843727, "supply": [{"l": "Motor Gasoline", "v": 0.0019931128777473913}, {"l": "Gas-Diesel oil", "v": 0.18959317532341999}, {"l": "Natural gas (including LNG)", "v": 0.036892834305933653}, {"l": "Fuel oil", "v": 0.0072705878339498512}, {"l": "Liquefied petroleum gas (LPG)", "v": 0.0021280866617934902}, {"l": "Coal", "v": 0.0023215490855928982}]}, {"source": 7, "prod": 0, "target": 5, "value": 0.16629185498430274, "supply": [{"l": "Motor Gasoline", "v": 0.00137984737690204}, {"l": "Gas-Diesel oil", "v": 0.13125681368544462}, {"l": "Natural gas (including LNG)", "v": 0.02554119298103099}, {"l": "Fuel oil", "v": 0.0050334838850422045}, {"l": "Liquefied petroleum gas (LPG)", "v": 0.0014732907658570316}, {"l": "Coal", "v": 0.0016072262900258527}]}, {"source": 7, "prod": 0, "target": 0, "value": 0.66493645902751042, "supply": [{"l": "Motor Gasoline", "v": 0.0055174730529180182}, {"l": "Gas-Diesel oil", "v": 0.52484495361165973}, {"l": "Natural gas (including LNG)", "v": 0.10212929804498364}, {"l": "Fuel oil", "v": 0.020126944590328481}, {"l": "Liquefied petroleum gas (LPG)", "v": 0.0058911168262533245}, {"l": "Coal", "v": 0.0064266729013672634}]}, {"source": 7, "prod": 0, "target": 2, "value": 0.078988631117543798, "supply": [{"l": "Motor Gasoline", "v": 0.00065542750402846901}, {"l": "Gas-Diesel oil", "v": 0.062346986500586191}, {"l": "Natural gas (including LNG)", "v": 0.01213206666598972}, {"l": "Fuel oil", "v": 0.0023909048453950471}, {"l": "Liquefied petroleum gas (LPG)", "v": 0.00069981311378209006}, {"l": "Coal", "v": 0.00076343248776227998}]}, {"source": 9, "prod": 16.338825728079737, "target": 4, "value": 0.18916283442774962, "supply": [{"l": "Potash", "v": 0.047944722260577999}, {"l": "Phosphate", "v": 0.061862500049489989}, {"l": "Nitrogen", "v": 0.75040138948920987}]}, {"source": 9, "prod": 12.034262575922753, "target": 3, "value": 0.13932673357284675, "supply": [{"l": "Potash", "v": 0.047944722260577999}, {"l": "Phosphate", "v": 0.061862500049489989}, {"l": "Nitrogen", "v": 0.75040138948920987}]}, {"source": 9, "prod": 8.3314125525619058, "target": 5, "value": 0.096456969396586212, "supply": [{"l": "Potash", "v": 0.047944722260577999}, {"l": "Phosphate", "v": 0.061862500049489989}, {"l": "Nitrogen", "v": 0.75040138948920987}]}, {"source": 9, "prod": 33.314078803924623, "target": 0, "value": 0.38569390957329402, "supply": [{"l": "Potash", "v": 0.047944722260577999}, {"l": "Phosphate", "v": 0.061862500049489989}, {"l": "Nitrogen", "v": 0.75040138948920987}]}, {"source": 9, "prod": 3.9574209624669052, "target": 2, "value": 0.045817060463378453, "supply": [{"l": "Potash", "v": 0.047944722260577999}, {"l": "Phosphate", "v": 0.061862500049489989}, {"l": "Nitrogen", "v": 0.75040138948920987}]}, {"source": 7, "prod": 0, "target": 9, "value": 1.0607175448777271, "supply": [{"l": "Natural gas (including LNG)", "v": 0.70699917468105067}, {"l": "Fuel oil", "v": 0.22106902626993552}, {"l": "Liquefied petroleum gas (LPG)", "v": 0.066324671963370468}, {"l": "Coal", "v": 0.066324671963370468}]}, {"source": 10, "prod": 0, "target": 4, "value": 0.022298752509021937, "supply": "[{\"l\":'Labor',\"v\":0.022298752509021937}]"}, {"source": 10, "prod": 0, "target": 3, "value": 0.016424010346588396, "supply": "[{\"l\":'Labor',\"v\":0.016424010346588396}]"}, {"source": 10, "prod": 0, "target": 5, "value": 0.011370468701484275, "supply": "[{\"l\":'Labor',\"v\":0.011370468701484275}]"}, {"source": 10, "prod": 0, "target": 0, "value": 0.045466082488296145, "supply": "[{\"l\":'Labor',\"v\":0.045466082488296145}]"}, {"source": 10, "prod": 0, "target": 2, "value": 0.0054009726332050305, "supply": "[{\"l\":'Labor',\"v\":0.0054009726332050305}]"}]}