{"nodes": [{"layer": 5, "name": "Sunflower seed"}, {"layer": 10, "name": "Feed", "fill": "#dbdb8d"}, {"layer": 5, "name": "Cereals, Other"}, {"layer": 5, "name": "Rye"}, {"layer": 5, "name": "Wheat"}, {"layer": 5, "name": "Oats"}, {"layer": 5, "name": "Potatoes"}, {"layer": 5, "name": "Vegetables, Other"}, {"layer": 5, "name": "Peas"}, {"layer": 13, "name": "Milk - Excluding Butter"}, {"layer": 13, "name": "Pelagic Fish"}, {"layer": 13, "name": "Marine Fish, Other"}, {"layer": 5, "name": "Apples"}, {"layer": 13, "name": "Fish, Seafood"}, {"layer": 5, "name": "Sugar beet"}, {"layer": 5, "name": "Pulses, Other"}, {"layer": 5, "name": "Barley"}, {"layer": 16, "name": "Food", "fill": "#b5cf6b"}, {"layer": 5, "name": "Fruits, Other"}, {"layer": 13, "name": "Sugar", "fill": "#d6616b"}, {"layer": 13, "name": "Beer"}, {"layer": 13, "name": "Beverages, Alcoholic"}, {"layer": 13, "name": "Honey"}, {"layer": 13, "name": "Oilcrops Oil, Other"}, {"layer": 5, "name": "Tomatoes"}, {"layer": 13, "name": "Fats, Animals, Raw"}, {"layer": 13, "name": "Eggs"}, {"layer": 13, "name": "Butter, Ghee"}, {"layer": 5, "name": "Grapes"}, {"layer": 13, "name": "Mutton & Goat Meat"}, {"layer": 13, "name": "Sunflowerseed Oil"}, {"layer": 13, "name": "Pigmeat"}, {"layer": 5, "name": "Cocoa Beans"}, {"layer": 13, "name": "Freshwater Fish"}, {"layer": 13, "name": "Rape and Mustard Oil"}, {"layer": 13, "name": "Meat, Other"}, {"layer": 13, "name": "Cephalopods"}, {"layer": 13, "name": "Wine"}, {"layer": 13, "name": "Sweeteners, Other"}, {"layer": 5, "name": "Bananas"}, {"layer": 13, "name": "Bovine Meat"}, {"layer": 13, "name": "Poultry Meat"}, {"layer": 13, "name": "Offals, Edible"}, {"layer": 13, "name": "Demersal Fish"}, {"layer": 5, "name": "Oranges, Mandarines"}, {"layer": 5, "name": "Onions"}, {"layer": 13, "name": "Cream"}, {"layer": 10, "name": "Processing", "fill": "#9edae5"}, {"layer": 5, "name": "Rape and Mustardseed"}, {"layer": 5, "name": "Oilcrops, Other"}, {"layer": 16, "name": "Biofuels & Other", "fill": "#e7ba52"}, {"layer": 13, "name": "Alcohol, Non-Food"}, {"layer": 13, "name": "Fish, Body Oil"}, {"name": "Waste", "fill": "#c7c7c7"}, {"layer": 2, "name": "Import", "fill": "#aec7e8"}, {"layer": 5, "name": "Coffee"}, {"layer": 16, "name": "Export", "fill": "#aec7e8"}, {"layer": 16, "name": "Stock Deposit", "fill": "#c7c7c7"}, {"layer": 0, "name": "Stock Draw", "fill": "#c7c7c7"}, {"layer": 2, "name": "Electricity", "fill": "#bcbd22"}, {"layer": 5, "name": "Beans"}, {"layer": 0, "name": "Fossil Fuels", "fill": "#c49c94"}, {"layer": 0, "name": "Renewables & Nuclear", "fill": "#2ca02c"}, {"layer": 2, "name": "Fertilizers", "fill": "#c5b0d5"}, {"layer": 0, "name": "Labor", "fill": "#7f7f7f"}], "links": [{"source": 0, "prod": 4.0, "target": 1, "value": 0.0046488888800000003, "supply": [{"l": "Sunflower seed", "v": 0.0046488888800000003}]}, {"source": 2, "prod": 10.0, "target": 1, "value": 0.03329424830235294, "supply": [{"l": "Cereals, Other", "v": 0.03329424830235294}]}, {"source": 3, "prod": 101.0, "target": 1, "value": 0.32128304374400385, "supply": [{"l": "Rye", "v": 0.32128304374400385}]}, {"source": 4, "prod": 26.0, "target": 1, "value": 0.086635671482121437, "supply": [{"l": "Wheat", "v": 0.086635671482121437}]}, {"source": 5, "prod": 44.0, "target": 1, "value": 0.10728919387666842, "supply": [{"l": "Oats", "v": 0.10728919387666842}]}, {"source": 6, "prod": 344.0, "target": 1, "value": 0.26786913330511436, "supply": [{"l": "Potatoes", "v": 0.26786913330511436}]}, {"source": 7, "prod": 36.0, "target": 1, "value": 0.0095987230316029806, "supply": [{"l": "Vegetables, Other", "v": 0.0095987230316029806}]}, {"source": 8, "prod": 6.0, "target": 1, "value": 0.0031679228795149263, "supply": [{"l": "Peas", "v": 0.0031679228795149263}]}, {"source": 9, "prod": 837.0, "target": 1, "value": 0.5314207213889246, "supply": [{"l": "Milk - Excluding Butter", "v": 0.5314207213889246}]}, {"source": 10, "prod": 1.0, "target": 1, "value": 0.0012536965914205552, "supply": [{"l": "Pelagic Fish", "v": 0.0012536965914205552}]}, {"source": 11, "prod": 20.0, "target": 1, "value": 0.029275976955517247, "supply": [{"l": "Marine Fish, Other", "v": 0.029275976955517247}]}, {"source": 12, "prod": 10.0, "target": 1, "value": 0.0056827532242971889, "supply": [{"l": "Apples", "v": 0.0056827532242971889}]}, {"source": 13, "prod": 21.0, "target": 1, "value": 0.019310417025392136, "supply": [{"l": "Fish, Seafood", "v": 0.019310417025392136}]}, {"source": 14, "prod": 103.0, "target": 1, "value": 0.11970888866000001, "supply": [{"l": "Sugar beet", "v": 0.11970888866000001}]}, {"source": 15, "prod": 1.0, "target": 1, "value": 0.0005279871465858209, "supply": [{"l": "Pulses, Other", "v": 0.0005279871465858209}]}, {"source": 16, "prod": 267.0, "target": 1, "value": 0.70329470088758006, "supply": [{"l": "Barley", "v": 0.70329470088758006}]}, {"source": 3, "prod": 61.0, "target": 17, "value": 0.19404223434043799, "supply": [{"l": "Rye", "v": 0.19404223434043799}]}, {"source": 18, "prod": 21.0, "target": 17, "value": 0.01108773007830224, "supply": [{"l": "Fruits, Other", "v": 0.01108773007830224}]}, {"source": 19, "prod": 103.0, "target": 17, "value": 0.42012068780880968, "supply": [{"l": "Sugar", "v": 0.42012068780880968}]}, {"source": 20, "prod": 88.0, "target": 17, "value": 0.049793441847920616, "supply": [{"l": "Beer", "v": 0.049793441847920616}]}, {"source": 21, "prod": 13.0, "target": 17, "value": 0.044837988455934383, "supply": [{"l": "Beverages, Alcoholic", "v": 0.044837988455934383}]}, {"source": 16, "prod": 69.0, "target": 17, "value": 0.18175031595971167, "supply": [{"l": "Barley", "v": 0.18175031595971167}]}, {"source": 22, "prod": 2.0, "target": 17, "value": 0.0069781095756986308, "supply": [{"l": "Honey", "v": 0.0069781095756986308}]}, {"source": 23, "prod": 1.0, "target": 17, "value": 0.010612541646375, "supply": [{"l": "Oilcrops Oil, Other", "v": 0.010612541646375}]}, {"source": 24, "prod": 4.0, "target": 17, "value": 0.0011098082767450981, "supply": [{"l": "Tomatoes", "v": 0.0011098082767450981}]}, {"source": 25, "prod": 17.0, "target": 17, "value": 0.14016929057670408, "supply": [{"l": "Fats, Animals, Raw", "v": 0.14016929057670408}]}, {"source": 4, "prod": 304.0, "target": 17, "value": 1.0129709280986505, "supply": [{"l": "Wheat", "v": 1.0129709280986505}]}, {"source": 26, "prod": 31.0, "target": 17, "value": 0.050184730836247873, "supply": [{"l": "Eggs", "v": 0.050184730836247873}]}, {"source": 7, "prod": 179.0, "target": 17, "value": 0.047726983962692614, "supply": [{"l": "Vegetables, Other", "v": 0.047726983962692614}]}, {"source": 27, "prod": 14.0, "target": 17, "value": 0.11726655213848852, "supply": [{"l": "Butter, Ghee", "v": 0.11726655213848852}]}, {"source": 11, "prod": 1.0, "target": 17, "value": 0.001463798847775862, "supply": [{"l": "Marine Fish, Other", "v": 0.001463798847775862}]}, {"source": 28, "prod": 2.0, "target": 17, "value": 0.0010612541646375, "supply": [{"l": "Grapes", "v": 0.0010612541646375}]}, {"source": 29, "prod": 4.0, "target": 17, "value": 0.012535619662832218, "supply": [{"l": "Mutton & Goat Meat", "v": 0.012535619662832218}]}, {"source": 30, "prod": 1.0, "target": 17, "value": 0.01035369916719512, "supply": [{"l": "Sunflowerseed Oil", "v": 0.01035369916719512}]}, {"source": 5, "prod": 10.0, "target": 17, "value": 0.024383907699242823, "supply": [{"l": "Oats", "v": 0.024383907699242823}]}, {"source": 31, "prod": 65.0, "target": 17, "value": 0.10781800683797249, "supply": [{"l": "Pigmeat", "v": 0.10781800683797249}]}, {"source": 32, "prod": 1.0, "target": 17, "value": 0.0084900333171, "supply": [{"l": "Cocoa Beans", "v": 0.0084900333171}]}, {"source": 6, "prod": 335.0, "target": 17, "value": 0.26086092923608517, "supply": [{"l": "Potatoes", "v": 0.26086092923608517}]}, {"source": 33, "prod": 2.0, "target": 17, "value": 0.0019976548981411766, "supply": [{"l": "Freshwater Fish", "v": 0.0019976548981411766}]}, {"source": 2, "prod": 8.0, "target": 17, "value": 0.026635398641882354, "supply": [{"l": "Cereals, Other", "v": 0.026635398641882354}]}, {"source": 34, "prod": 4.0, "target": 17, "value": 0.040712440467964919, "supply": [{"l": "Rape and Mustard Oil", "v": 0.040712440467964919}]}, {"source": 9, "prod": 611.0, "target": 17, "value": 0.38793077750135352, "supply": [{"l": "Milk - Excluding Butter", "v": 0.38793077750135352}]}, {"source": 12, "prod": 39.0, "target": 17, "value": 0.022162737574759034, "supply": [{"l": "Apples", "v": 0.022162737574759034}]}, {"source": 13, "prod": 88.0, "target": 17, "value": 0.080919842773071821, "supply": [{"l": "Fish, Seafood", "v": 0.080919842773071821}]}, {"source": 35, "prod": 2.0, "target": 17, "value": 0.002149375523316456, "supply": [{"l": "Meat, Other", "v": 0.002149375523316456}]}, {"source": 36, "prod": 11.0, "target": 17, "value": 0.0088731939656152038, "supply": [{"l": "Cephalopods", "v": 0.0088731939656152038}]}, {"source": 37, "prod": 6.0, "target": 17, "value": 0.0045079822922654868, "supply": [{"l": "Wine", "v": 0.0045079822922654868}]}, {"source": 38, "prod": 1.0, "target": 17, "value": 0.0044684385879473695, "supply": [{"l": "Sweeteners, Other", "v": 0.0044684385879473695}]}, {"source": 10, "prod": 44.0, "target": 17, "value": 0.055162650022504429, "supply": [{"l": "Pelagic Fish", "v": 0.055162650022504429}]}, {"source": 39, "prod": 5.0, "target": 17, "value": 0.0033869813765026596, "supply": [{"l": "Bananas", "v": 0.0033869813765026596}]}, {"source": 40, "prod": 80.0, "target": 17, "value": 0.19434347030640942, "supply": [{"l": "Bovine Meat", "v": 0.19434347030640942}]}, {"source": 41, "prod": 22.0, "target": 17, "value": 0.031505183875503613, "supply": [{"l": "Poultry Meat", "v": 0.031505183875503613}]}, {"source": 42, "prod": 15.0, "target": 17, "value": 0.021621477038455007, "supply": [{"l": "Offals, Edible", "v": 0.021621477038455007}]}, {"source": 43, "prod": 30.0, "target": 17, "value": 0.014346243473435877, "supply": [{"l": "Demersal Fish", "v": 0.014346243473435877}]}, {"source": 44, "prod": 1.0, "target": 17, "value": 0.00032591298722072941, "supply": [{"l": "Oranges, Mandarines", "v": 0.00032591298722072941}]}, {"source": 45, "prod": 33.0, "target": 17, "value": 0.012190989296310524, "supply": [{"l": "Onions", "v": 0.012190989296310524}]}, {"source": 46, "prod": 34.0, "target": 17, "value": 0.077359415370206741, "supply": [{"l": "Cream", "v": 0.077359415370206741}]}, {"source": 6, "prod": 45.0, "target": 47, "value": 0.035041020345145772, "supply": [{"l": "Potatoes", "v": 0.035041020345145772}]}, {"source": 48, "prod": 3.0, "target": 47, "value": 0.0034866666600000002, "supply": [{"l": "Rape and Mustardseed", "v": 0.0034866666600000002}]}, {"source": 16, "prod": 17.0, "target": 47, "value": 0.044779063352392727, "supply": [{"l": "Barley", "v": 0.044779063352392727}]}, {"source": 28, "prod": 11.0, "target": 47, "value": 0.0058368979055062505, "supply": [{"l": "Grapes", "v": 0.0058368979055062505}]}, {"source": 14, "prod": 300.0, "target": 47, "value": 0.34866666600000001, "supply": [{"l": "Sugar beet", "v": 0.34866666600000001}]}, {"source": 49, "prod": 2.0, "target": 47, "value": 0.0094333703523333343, "supply": [{"l": "Oilcrops, Other", "v": 0.0094333703523333343}]}, {"source": 25, "prod": 15.0, "target": 50, "value": 0.12367878580297419, "supply": [{"l": "Fats, Animals, Raw", "v": 0.12367878580297419}]}, {"source": 51, "prod": 1.0, "target": 50, "value": 0.00075133038204424794, "supply": [{"l": "Alcohol, Non-Food", "v": 0.00075133038204424794}]}, {"source": 6, "prod": 24.0, "target": 50, "value": 0.018688544184077744, "supply": [{"l": "Potatoes", "v": 0.018688544184077744}]}, {"source": 52, "prod": 1.0, "target": 50, "value": 0.0082452523868649461, "supply": [{"l": "Fish, Body Oil", "v": 0.0082452523868649461}]}, {"source": 42, "prod": 13.0, "target": 50, "value": 0.018738613433327677, "supply": [{"l": "Offals, Edible", "v": 0.018738613433327677}]}, {"source": 49, "prod": 1.0, "target": 50, "value": 0.0047166851761666672, "supply": [{"l": "Oilcrops, Other", "v": 0.0047166851761666672}]}, {"source": 2, "prod": 4.0, "target": 2, "value": 0.013317699320941177, "supply": [{"l": "Cereals, Other", "v": 0.013317699320941177}]}, {"source": 4, "prod": 30.0, "target": 4, "value": 0.099964236325524744, "supply": [{"l": "Wheat", "v": 0.099964236325524744}]}, {"source": 5, "prod": 15.0, "target": 5, "value": 0.036575861548864233, "supply": [{"l": "Oats", "v": 0.036575861548864233}]}, {"source": 6, "prod": 397.0, "target": 6, "value": 0.30913966837828599, "supply": [{"l": "Potatoes", "v": 0.30913966837828599}]}, {"source": 26, "prod": 1.0, "target": 26, "value": 0.001618862285040254, "supply": [{"l": "Eggs", "v": 0.001618862285040254}]}, {"source": 3, "prod": 47.0, "target": 3, "value": 0.14950795104918993, "supply": [{"l": "Rye", "v": 0.14950795104918993}]}, {"source": 16, "prod": 76.0, "target": 16, "value": 0.2001887538106969, "supply": [{"l": "Barley", "v": 0.2001887538106969}]}, {"source": 31, "prod": 2.0, "target": 53, "value": 0.0033174771334760766, "supply": [{"l": "Pigmeat", "v": 0.0033174771334760766}]}, {"source": 7, "prod": 6.0, "target": 53, "value": 0.0015997871719338305, "supply": [{"l": "Vegetables, Other", "v": 0.0015997871719338305}]}, {"source": 4, "prod": 11.0, "target": 53, "value": 0.036653553319359072, "supply": [{"l": "Wheat", "v": 0.036653553319359072}]}, {"source": 5, "prod": 2.0, "target": 53, "value": 0.0048767815398485645, "supply": [{"l": "Oats", "v": 0.0048767815398485645}]}, {"source": 40, "prod": 2.0, "target": 53, "value": 0.0048585867576602356, "supply": [{"l": "Bovine Meat", "v": 0.0048585867576602356}]}, {"source": 3, "prod": 7.0, "target": 53, "value": 0.022267141645624034, "supply": [{"l": "Rye", "v": 0.022267141645624034}]}, {"source": 9, "prod": 4.0, "target": 53, "value": 0.0025396450245587792, "supply": [{"l": "Milk - Excluding Butter", "v": 0.0025396450245587792}]}, {"source": 16, "prod": 5.0, "target": 53, "value": 0.013170312750703746, "supply": [{"l": "Barley", "v": 0.013170312750703746}]}, {"source": 6, "prod": 23.0, "target": 53, "value": 0.017909854843074505, "supply": [{"l": "Potatoes", "v": 0.017909854843074505}]}, {"source": 24, "prod": 1.0, "target": 53, "value": 0.00027745206918627452, "supply": [{"l": "Tomatoes", "v": 0.00027745206918627452}]}, {"source": 12, "prod": 1.0, "target": 53, "value": 0.00056827532242971881, "supply": [{"l": "Apples", "v": 0.00056827532242971881}]}, {"source": 54, "prod": 1.0, "target": 6, "value": 0.00077868934100323926, "supply": [{"l": "Potatoes", "v": 0.00077868934100323926}]}, {"source": 54, "prod": 7.0, "target": 45, "value": 0.0025859674264901112, "supply": [{"l": "Onions", "v": 0.0025859674264901112}]}, {"source": 54, "prod": 78.0, "target": 4, "value": 0.25990701444636433, "supply": [{"l": "Wheat", "v": 0.25990701444636433}]}, {"source": 54, "prod": 17.0, "target": 1, "value": 0.017914558139876878, "supply": [{"l": "Fish, Seafood", "v": 0.0064368056751307121}, {"l": "Milk - Excluding Butter", "v": 0.0012698225122793896}, {"l": "Pelagic Fish", "v": 0.0087758761399438865}, {"l": "Poultry Meat", "v": 0.0014320538125228916}]}, {"source": 54, "prod": 5.0, "target": 39, "value": 0.0033869813765026596, "supply": [{"l": "Bananas", "v": 0.0033869813765026596}]}, {"source": 54, "prod": 4.0, "target": 0, "value": 0.0046488888800000003, "supply": [{"l": "Sunflower seed", "v": 0.0046488888800000003}]}, {"source": 54, "prod": 11.0, "target": 5, "value": 0.026822298469167106, "supply": [{"l": "Oats", "v": 0.026822298469167106}]}, {"source": 54, "prod": 13.0, "target": 28, "value": 0.0068981520701437505, "supply": [{"l": "Grapes", "v": 0.0068981520701437505}]}, {"source": 54, "prod": 1.0, "target": 55, "value": 0.00040047326967452835, "supply": [{"l": "Coffee", "v": 0.00040047326967452835}]}, {"source": 54, "prod": 1.0, "target": 32, "value": 0.0084900333171, "supply": [{"l": "Cocoa Beans", "v": 0.0084900333171}]}, {"source": 54, "prod": 1.0, "target": 44, "value": 0.00032591298722072941, "supply": [{"l": "Oranges, Mandarines", "v": 0.00032591298722072941}]}, {"source": 54, "prod": 1.0, "target": 12, "value": 0.00056827532242971881, "supply": [{"l": "Apples", "v": 0.00056827532242971881}]}, {"source": 54, "prod": 139.0, "target": 47, "value": 0.56939785494620332, "supply": [{"l": "Rape and Mustard Oil", "v": 0.01017811011699123}, {"l": "Beer", "v": 0.0011316691329072868}, {"l": "Beverages, Alcoholic", "v": 0.0068981520701437505}, {"l": "Sugar", "v": 0.52209172853910324}, {"l": "Wine", "v": 0.0022539911461327434}, {"l": "Fats, Animals, Raw", "v": 0.016490504773729892}, {"l": "Sunflowerseed Oil", "v": 0.01035369916719512}]}, {"source": 54, "prod": 2.0, "target": 7, "value": 0.00053326239064461014, "supply": [{"l": "Vegetables, Other", "v": 0.00053326239064461014}]}, {"source": 25, "prod": 1.0, "target": 56, "value": 0.0082452523868649461, "supply": [{"l": "Fats, Animals, Raw", "v": 0.0082452523868649461}]}, {"source": 10, "prod": 30.0, "target": 56, "value": 0.03761089774261666, "supply": [{"l": "Pelagic Fish", "v": 0.03761089774261666}]}, {"source": 40, "prod": 2.0, "target": 56, "value": 0.0048585867576602356, "supply": [{"l": "Bovine Meat", "v": 0.0048585867576602356}]}, {"source": 26, "prod": 1.0, "target": 56, "value": 0.001618862285040254, "supply": [{"l": "Eggs", "v": 0.001618862285040254}]}, {"source": 19, "prod": 20.0, "target": 56, "value": 0.081576832584234871, "supply": [{"l": "Sugar", "v": 0.081576832584234871}]}, {"source": 9, "prod": 29.0, "target": 56, "value": 0.018412426428051153, "supply": [{"l": "Milk - Excluding Butter", "v": 0.018412426428051153}]}, {"source": 21, "prod": 6.0, "target": 56, "value": 0.020694456210431249, "supply": [{"l": "Beverages, Alcoholic", "v": 0.020694456210431249}]}, {"source": 12, "prod": 2.0, "target": 56, "value": 0.0011365506448594376, "supply": [{"l": "Apples", "v": 0.0011365506448594376}]}, {"source": 13, "prod": 30.0, "target": 56, "value": 0.027586310036274483, "supply": [{"l": "Fish, Seafood", "v": 0.027586310036274483}]}, {"source": 6, "prod": 1.0, "target": 56, "value": 0.00077868934100323926, "supply": [{"l": "Potatoes", "v": 0.00077868934100323926}]}, {"source": 27, "prod": 5.0, "target": 56, "value": 0.041880911478031614, "supply": [{"l": "Butter, Ghee", "v": 0.041880911478031614}]}, {"source": 14, "prod": 60.0, "target": 57, "value": 0.069733333199999997, "supply": [{"l": "Sugar beet", "v": 0.069733333199999997}]}, {"source": 10, "prod": 25.0, "target": 57, "value": 0.031342414785513875, "supply": [{"l": "Pelagic Fish", "v": 0.031342414785513875}]}, {"source": 40, "prod": 35.0, "target": 57, "value": 0.085025268259054126, "supply": [{"l": "Bovine Meat", "v": 0.085025268259054126}]}, {"source": 27, "prod": 13.0, "target": 57, "value": 0.1088903698428822, "supply": [{"l": "Butter, Ghee", "v": 0.1088903698428822}]}, {"source": 31, "prod": 33.0, "target": 57, "value": 0.054738372702355272, "supply": [{"l": "Pigmeat", "v": 0.054738372702355272}]}, {"source": 13, "prod": 25.0, "target": 57, "value": 0.022988591696895405, "supply": [{"l": "Fish, Seafood", "v": 0.022988591696895405}]}, {"source": 58, "prod": 2.0, "target": 48, "value": 0.0023244444400000001, "supply": [{"l": "Rape and Mustardseed", "v": 0.0023244444400000001}]}, {"source": 3, "prod": 80.0, "target": 57, "value": 0.25448161880713177, "supply": [{"l": "Rye", "v": 0.25448161880713177}]}, {"source": 7, "prod": 1.0, "target": 57, "value": 0.00026663119532230507, "supply": [{"l": "Vegetables, Other", "v": 0.00026663119532230507}]}, {"source": 58, "prod": 3.0, "target": 47, "value": 0.030534330350973686, "supply": [{"l": "Rape and Mustard Oil", "v": 0.030534330350973686}]}, {"source": 55, "prod": 1.0, "target": 57, "value": 0.00040047326967452835, "supply": [{"l": "Coffee", "v": 0.00040047326967452835}]}, {"source": 19, "prod": 40.0, "target": 57, "value": 0.16315366516846974, "supply": [{"l": "Sugar", "v": 0.16315366516846974}]}, {"source": 37, "prod": 4.0, "target": 57, "value": 0.0030053215281769918, "supply": [{"l": "Wine", "v": 0.0030053215281769918}]}, {"source": 4, "prod": 40.0, "target": 57, "value": 0.13328564843403298, "supply": [{"l": "Wheat", "v": 0.13328564843403298}]}, {"source": 1, "prod": 22.0, "target": 41, "value": 0.031505183875503613, "supply": [{"l": "Poultry Meat", "v": 0.031505183875503613}]}, {"source": 1, "prod": 100.0, "target": 31, "value": 0.16587385667380383, "supply": [{"l": "Pigmeat", "v": 0.16587385667380383}]}, {"source": 1, "prod": 100.0, "target": 10, "value": 0.1253696591420555, "supply": [{"l": "Pelagic Fish", "v": 0.1253696591420555}]}, {"source": 1, "prod": 119.0, "target": 40, "value": 0.28908591208078405, "supply": [{"l": "Bovine Meat", "v": 0.28908591208078405}]}, {"source": 1, "prod": 32.0, "target": 26, "value": 0.051803593121288127, "supply": [{"l": "Eggs", "v": 0.053422455406328381}]}, {"source": 1, "prod": 11.0, "target": 36, "value": 0.0088731939656152038, "supply": [{"l": "Cephalopods", "v": 0.0088731939656152038}]}, {"source": 1, "prod": 1481.0, "target": 9, "value": 0.94030357034288814, "supply": [{"l": "Milk - Excluding Butter", "v": 0.94030357034288814}]}, {"source": 1, "prod": 28.0, "target": 42, "value": 0.040360090471782684, "supply": [{"l": "Offals, Edible", "v": 0.040360090471782684}]}, {"source": 1, "prod": 21.0, "target": 11, "value": 0.03073977580329311, "supply": [{"l": "Marine Fish, Other", "v": 0.03073977580329311}]}, {"source": 1, "prod": 164.0, "target": 13, "value": 0.15080516153163384, "supply": [{"l": "Fish, Seafood", "v": 0.15080516153163384}]}, {"source": 1, "prod": 30.0, "target": 43, "value": 0.014346243473435877, "supply": [{"l": "Demersal Fish", "v": 0.014346243473435877}]}, {"source": 1, "prod": 2.0, "target": 35, "value": 0.002149375523316456, "supply": [{"l": "Meat, Other", "v": 0.002149375523316456}]}, {"source": 1, "prod": 2.0, "target": 33, "value": 0.0019976548981411766, "supply": [{"l": "Freshwater Fish", "v": 0.0019976548981411766}]}, {"source": 1, "prod": 4.0, "target": 29, "value": 0.012535619662832218, "supply": [{"l": "Mutton & Goat Meat", "v": 0.012535619662832218}]}, {"source": 47, "prod": 33.0, "target": 25, "value": 0.27209332876654324, "supply": [{"l": "Fats, Animals, Raw", "v": 0.27209332876654324}]}, {"source": 47, "prod": 1.0, "target": 38, "value": 0.0044684385879473695, "supply": [{"l": "Sweeteners, Other", "v": 0.0044684385879473695}]}, {"source": 47, "prod": 34.0, "target": 46, "value": 0.077359415370206741, "supply": [{"l": "Cream", "v": 0.077359415370206741}]}, {"source": 47, "prod": 1.0, "target": 51, "value": 0.00075133038204424794, "supply": [{"l": "Alcohol, Non-Food", "v": 0.00075133038204424794}]}, {"source": 47, "prod": 1.0, "target": 52, "value": 0.0082452523868649461, "supply": [{"l": "Fish, Body Oil", "v": 0.0082452523868649461}]}, {"source": 47, "prod": 163.0, "target": 19, "value": 0.66485118556151424, "supply": [{"l": "Sugar", "v": 0.66485118556151424}]}, {"source": 47, "prod": 2.0, "target": 22, "value": 0.0069781095756986308, "supply": [{"l": "Honey", "v": 0.0069781095756986308}]}, {"source": 47, "prod": 88.0, "target": 20, "value": 0.049793441847920616, "supply": [{"l": "Beer", "v": 0.049793441847920616}]}, {"source": 47, "prod": 19.0, "target": 21, "value": 0.065532444666365625, "supply": [{"l": "Beverages, Alcoholic", "v": 0.065532444666365625}]}, {"source": 47, "prod": 1.0, "target": 30, "value": 0.01035369916719512, "supply": [{"l": "Sunflowerseed Oil", "v": 0.01035369916719512}]}, {"source": 47, "prod": 1.0, "target": 23, "value": 0.010612541646375, "supply": [{"l": "Oilcrops Oil, Other", "v": 0.010612541646375}]}, {"source": 47, "prod": 4.0, "target": 34, "value": 0.040712440467964919, "supply": [{"l": "Rape and Mustard Oil", "v": 0.040712440467964919}]}, {"source": 47, "prod": 32.0, "target": 27, "value": 0.26803783345940235, "supply": [{"l": "Butter, Ghee", "v": 0.26803783345940235}]}, {"source": 47, "prod": 10.0, "target": 37, "value": 0.0075133038204424785, "supply": [{"l": "Wine", "v": 0.0075133038204424785}]}, {"source": 59, "prod": 0, "target": 15, "value": 1.0718738814607017e-07, "supply": "[{\"l\":'Energy for power irrigation',\"v\":1.0718738814607017e-07}]"}, {"source": 59, "prod": 0, "target": 2, "value": 2.4117162332865784e-06, "supply": "[{\"l\":'Energy for power irrigation',\"v\":2.4117162332865784e-06}]"}, {"source": 59, "prod": 0, "target": 7, "value": 2.3688412780281504e-05, "supply": "[{\"l\":'Energy for power irrigation',\"v\":2.3688412780281504e-05}]"}, {"source": 59, "prod": 0, "target": 4, "value": 3.982011469626506e-05, "supply": "[{\"l\":'Energy for power irrigation',\"v\":3.982011469626506e-05}]"}, {"source": 59, "prod": 0, "target": 5, "value": 7.0207739235675952e-06, "supply": "[{\"l\":'Energy for power irrigation',\"v\":7.0207739235675952e-06}]"}, {"source": 59, "prod": 0, "target": 6, "value": 0.00012519486935460994, "supply": "[{\"l\":'Energy for power irrigation',\"v\":0.00012519486935460994}]"}, {"source": 59, "prod": 0, "target": 3, "value": 3.1673873197163732e-05, "supply": "[{\"l\":'Energy for power irrigation',\"v\":3.1673873197163732e-05}]"}, {"source": 59, "prod": 0, "target": 18, "value": 2.250935151067473e-06, "supply": "[{\"l\":'Energy for power irrigation',\"v\":2.250935151067473e-06}]"}, {"source": 59, "prod": 0, "target": 8, "value": 6.9671802294945594e-07, "supply": "[{\"l\":'Energy for power irrigation',\"v\":6.9671802294945594e-07}]"}, {"source": 59, "prod": 0, "target": 60, "value": 5.3593694073035083e-08, "supply": "[{\"l\":'Energy for power irrigation',\"v\":5.3593694073035083e-08}]"}, {"source": 59, "prod": 0, "target": 16, "value": 4.6519326455394441e-05, "supply": "[{\"l\":'Energy for power irrigation',\"v\":4.6519326455394441e-05}]"}, {"source": 59, "prod": 0, "target": 14, "value": 4.9627760711630479e-05, "supply": "[{\"l\":'Energy for power irrigation',\"v\":4.9627760711630479e-05}]"}, {"source": 59, "prod": 0, "target": 48, "value": 2.1437477629214033e-07, "supply": "[{\"l\":'Energy for power irrigation',\"v\":2.1437477629214033e-07}]"}, {"source": 59, "prod": 0, "target": 49, "value": 3.2156216443821047e-07, "supply": "[{\"l\":'Energy for power irrigation',\"v\":3.2156216443821047e-07}]"}, {"source": 59, "prod": 0, "target": 45, "value": 3.1620279503090691e-06, "supply": "[{\"l\":'Energy for power irrigation',\"v\":3.1620279503090691e-06}]"}, {"source": 59, "prod": 0, "target": 24, "value": 5.3593694073035075e-07, "supply": "[{\"l\":'Energy for power irrigation',\"v\":5.3593694073035075e-07}]"}, {"source": 59, "prod": 0, "target": 12, "value": 5.5201504895226129e-06, "supply": "[{\"l\":'Energy for power irrigation',\"v\":5.5201504895226129e-06}]"}, {"source": 59, "prod": 0, "target": 47, "value": 1.1070000008855998, "supply": "[{\"l\":'Electricity',\"v\":1.1070000008855998}]"}, {"source": 61, "prod": 0, "target": 59, "value": 0.76785910930325774, "supply": [{"l": "Coal", "v": 0.0}, {"l": "Natural gas", "v": 0.69276263052508047}, {"l": "Oil", "v": 0.075096478778177281}]}, {"source": 62, "prod": 0, "target": 59, "value": 0.74165901793730127, "supply": [{"l": "Nuclear", "v": 0.0}, {"l": "Hydroelectric", "v": 0.74165901793730127}, {"l": "Renewable", "v": 0.0}]}, {"source": 61, "prod": 0, "target": 15, "value": 0.00053287642498383485, "supply": [{"l": "Motor Gasoline", "v": 6.2041559491539305e-05}, {"l": "Gas-Diesel oil", "v": 0.0003161598658062077}, {"l": "Natural gas (including LNG)", "v": 0.00011764088029998424}, {"l": "Fuel oil", "v": 3.5362288423507169e-06}, {"l": "Liquefied petroleum gas (LPG)", "v": 4.1401887188908141e-06}, {"l": "Coal", "v": 2.9357701824862139e-05}]}, {"source": 61, "prod": 0, "target": 2, "value": 0.011989719562136283, "supply": [{"l": "Motor Gasoline", "v": 0.0013959350885596345}, {"l": "Gas-Diesel oil", "v": 0.0071135969806396726}, {"l": "Natural gas (including LNG)", "v": 0.0026469198067496451}, {"l": "Fuel oil", "v": 7.956514895289112e-05}, {"l": "Liquefied petroleum gas (LPG)", "v": 9.3154246175043318e-05}, {"l": "Coal", "v": 0.00066054829105939811}]}, {"source": 61, "prod": 0, "target": 7, "value": 0.11776568992142748, "supply": [{"l": "Motor Gasoline", "v": 0.013711184647630185}, {"l": "Gas-Diesel oil", "v": 0.069871330343171889}, {"l": "Natural gas (including LNG)", "v": 0.025998634546296515}, {"l": "Fuel oil", "v": 0.0007815065741595083}, {"l": "Liquefied petroleum gas (LPG)", "v": 0.00091498170687486988}, {"l": "Coal", "v": 0.006488052103294532}]}, {"source": 61, "prod": 0, "target": 4, "value": 0.19796359188149465, "supply": [{"l": "Motor Gasoline", "v": 0.023048439351106852}, {"l": "Gas-Diesel oil", "v": 0.11745339014700615}, {"l": "Natural gas (including LNG)", "v": 0.043703587031444141}, {"l": "Fuel oil", "v": 0.0013137090149332913}, {"l": "Liquefied petroleum gas (LPG)", "v": 0.0015380801090679375}, {"l": "Coal", "v": 0.010906386227936283}]}, {"source": 61, "prod": 0, "target": 5, "value": 0.034903405836441186, "supply": [{"l": "Motor Gasoline", "v": 0.0040637221466958244}, {"l": "Gas-Diesel oil", "v": 0.020708471210306605}, {"l": "Natural gas (including LNG)", "v": 0.007705477659648967}, {"l": "Fuel oil", "v": 0.00023162298917397194}, {"l": "Liquefied petroleum gas (LPG)", "v": 0.00027118236108734836}, {"l": "Coal", "v": 0.00192292946952847}]}, {"source": 61, "prod": 0, "target": 6, "value": 0.62239966438111904, "supply": [{"l": "Motor Gasoline", "v": 0.072464541486117903}, {"l": "Gas-Diesel oil", "v": 0.36927472326165056}, {"l": "Natural gas (including LNG)", "v": 0.13740454819038159}, {"l": "Fuel oil", "v": 0.0041303152878656366}, {"l": "Liquefied petroleum gas (LPG)", "v": 0.0048357404236644714}, {"l": "Coal", "v": 0.034289795731438977}]}, {"source": 61, "prod": 0, "target": 3, "value": 0.15746498358272318, "supply": [{"l": "Motor Gasoline", "v": 0.018333280829749863}, {"l": "Gas-Diesel oil", "v": 0.093425240345734364}, {"l": "Natural gas (including LNG)", "v": 0.03476288012864534}, {"l": "Fuel oil", "v": 0.0010449556229146367}, {"l": "Liquefied petroleum gas (LPG)", "v": 0.0012234257664322356}, {"l": "Coal", "v": 0.0086752008892467605}]}, {"source": 61, "prod": 0, "target": 18, "value": 0.01119040492466053, "supply": [{"l": "Motor Gasoline", "v": 0.0013028727493223254}, {"l": "Gas-Diesel oil", "v": 0.0066393571819303608}, {"l": "Natural gas (including LNG)", "v": 0.0024704584862996685}, {"l": "Fuel oil", "v": 7.4260805689365048e-05}, {"l": "Liquefied petroleum gas (LPG)", "v": 8.6943963096707092e-05}, {"l": "Coal", "v": 0.00061651173832210477}]}, {"source": 61, "prod": 0, "target": 8, "value": 0.0034636967623949263, "supply": [{"l": "Motor Gasoline", "v": 0.00040327013669500547}, {"l": "Gas-Diesel oil", "v": 0.0020550391277403498}, {"l": "Natural gas (including LNG)", "v": 0.00076466572194989742}, {"l": "Fuel oil", "v": 2.2985487475279656e-05}, {"l": "Liquefied petroleum gas (LPG)", "v": 2.6911226672790293e-05}, {"l": "Coal", "v": 0.00019082506186160388}]}, {"source": 61, "prod": 0, "target": 60, "value": 0.00026643821249191743, "supply": [{"l": "Motor Gasoline", "v": 3.1020779745769652e-05}, {"l": "Gas-Diesel oil", "v": 0.00015807993290310385}, {"l": "Natural gas (including LNG)", "v": 5.882044014999212e-05}, {"l": "Fuel oil", "v": 1.7681144211753584e-06}, {"l": "Liquefied petroleum gas (LPG)", "v": 2.070094359445407e-06}, {"l": "Coal", "v": 1.4678850912431069e-05}]}, {"source": 61, "prod": 0, "target": 16, "value": 0.23126836844298429, "supply": [{"l": "Motor Gasoline", "v": 0.026926036819328057}, {"l": "Gas-Diesel oil", "v": 0.13721338175989412}, {"l": "Natural gas (including LNG)", "v": 0.051056142050193154}, {"l": "Fuel oil", "v": 0.001534723317580211}, {"l": "Liquefied petroleum gas (LPG)", "v": 0.0017968419039986134}, {"l": "Coal", "v": 0.012741242591990167}]}, {"source": 61, "prod": 0, "target": 14, "value": 0.2467217847675155, "supply": [{"l": "Motor Gasoline", "v": 0.028725242044582697}, {"l": "Gas-Diesel oil", "v": 0.14638201786827415}, {"l": "Natural gas (including LNG)", "v": 0.054467727578892691}, {"l": "Fuel oil", "v": 0.0016372739540083817}, {"l": "Liquefied petroleum gas (LPG)", "v": 0.0019169073768464469}, {"l": "Coal", "v": 0.013592615944911167}]}, {"source": 61, "prod": 0, "target": 48, "value": 0.0010657528499676697, "supply": [{"l": "Motor Gasoline", "v": 0.00012408311898307861}, {"l": "Gas-Diesel oil", "v": 0.0006323197316124154}, {"l": "Natural gas (including LNG)", "v": 0.00023528176059996848}, {"l": "Fuel oil", "v": 7.0724576847014338e-06}, {"l": "Liquefied petroleum gas (LPG)", "v": 8.2803774377816282e-06}, {"l": "Coal", "v": 5.8715403649724278e-05}]}, {"source": 61, "prod": 0, "target": 49, "value": 0.0015986292749515046, "supply": [{"l": "Motor Gasoline", "v": 0.00018612467847461793}, {"l": "Gas-Diesel oil", "v": 0.00094847959741862305}, {"l": "Natural gas (including LNG)", "v": 0.00035292264089995266}, {"l": "Fuel oil", "v": 1.0608686527052151e-05}, {"l": "Liquefied petroleum gas (LPG)", "v": 1.2420566156672443e-05}, {"l": "Coal", "v": 8.8073105474586403e-05}]}, {"source": 61, "prod": 0, "target": 45, "value": 0.015719854537023126, "supply": [{"l": "Motor Gasoline", "v": 0.0018302260050004093}, {"l": "Gas-Diesel oil", "v": 0.009326716041283125}, {"l": "Natural gas (including LNG)", "v": 0.0034704059688495346}, {"l": "Fuel oil", "v": 0.00010431875084934613}, {"l": "Liquefied petroleum gas (LPG)", "v": 0.000122135567207279}, {"l": "Coal", "v": 0.00086605220383343296}]}, {"source": 61, "prod": 0, "target": 24, "value": 0.0026643821249191738, "supply": [{"l": "Motor Gasoline", "v": 0.00031020779745769651}, {"l": "Gas-Diesel oil", "v": 0.0015807993290310382}, {"l": "Natural gas (including LNG)", "v": 0.00058820440149992114}, {"l": "Fuel oil", "v": 1.7681144211753581e-05}, {"l": "Liquefied petroleum gas (LPG)", "v": 2.070094359445407e-05}, {"l": "Coal", "v": 0.00014678850912431068}]}, {"source": 61, "prod": 0, "target": 12, "value": 0.027443135886667493, "supply": [{"l": "Motor Gasoline", "v": 0.003195140313814274}, {"l": "Gas-Diesel oil", "v": 0.016282233089019695}, {"l": "Natural gas (including LNG)", "v": 0.006058505335449188}, {"l": "Fuel oil", "v": 0.00018211578538106189}, {"l": "Liquefied petroleum gas (LPG)", "v": 0.00021321971902287692}, {"l": "Coal", "v": 0.0015119216439803999}]}, {"source": 61, "prod": 0, "target": 1, "value": 0.49326694483905797, "supply": [{"l": "Gas-diesel oils used in fisheries", "v": 0.36460416695834996}, {"l": "Fuel oil used in fisheries", "v": 0.12866277788070798}]}, {"source": 63, "prod": 0.052938396092642198, "target": 15, "value": 0.00047237540082955729, "supply": [{"l": "Potash", "v": 0.15383333345640002}, {"l": "Phosphate", "v": 0.18937500015149999}, {"l": "Nitrogen", "v": 1.1558750009246999}]}, {"source": 63, "prod": 1.1911139120844494, "target": 2, "value": 0.010628446518665039, "supply": [{"l": "Potash", "v": 0.15383333345640002}, {"l": "Phosphate", "v": 0.18937500015149999}, {"l": "Nitrogen", "v": 1.1558750009246999}]}, {"source": 63, "prod": 11.699385536473924, "target": 7, "value": 0.10439496358333215, "supply": [{"l": "Potash", "v": 0.15383333345640002}, {"l": "Phosphate", "v": 0.18937500015149999}, {"l": "Nitrogen", "v": 1.1558750009246999}]}, {"source": 63, "prod": 19.666614148416574, "target": 4, "value": 0.17548746140818053, "supply": [{"l": "Potash", "v": 0.15383333345640002}, {"l": "Phosphate", "v": 0.18937500015149999}, {"l": "Nitrogen", "v": 1.1558750009246999}]}, {"source": 63, "prod": 3.4674649440680638, "target": 5, "value": 0.030940588754336005, "supply": [{"l": "Potash", "v": 0.15383333345640002}, {"l": "Phosphate", "v": 0.18937500015149999}, {"l": "Nitrogen", "v": 1.1558750009246999}]}, {"source": 63, "prod": 61.83204663620608, "target": 6, "value": 0.55173446816892291, "supply": [{"l": "Potash", "v": 0.15383333345640002}, {"l": "Phosphate", "v": 0.18937500015149999}, {"l": "Nitrogen", "v": 1.1558750009246999}]}, {"source": 63, "prod": 15.643296045375768, "target": 3, "value": 0.13958693094513416, "supply": [{"l": "Potash", "v": 0.15383333345640002}, {"l": "Phosphate", "v": 0.18937500015149999}, {"l": "Nitrogen", "v": 1.1558750009246999}]}, {"source": 63, "prod": 1.111706317945486, "target": 18, "value": 0.009919883417420703, "supply": [{"l": "Potash", "v": 0.15383333345640002}, {"l": "Phosphate", "v": 0.18937500015149999}, {"l": "Nitrogen", "v": 1.1558750009246999}]}, {"source": 63, "prod": 0.34409957460217427, "target": 8, "value": 0.0030704401053921223, "supply": [{"l": "Potash", "v": 0.15383333345640002}, {"l": "Phosphate", "v": 0.18937500015149999}, {"l": "Nitrogen", "v": 1.1558750009246999}]}, {"source": 63, "prod": 0.026469198046321099, "target": 60, "value": 0.00023618770041477865, "supply": [{"l": "Potash", "v": 0.15383333345640002}, {"l": "Phosphate", "v": 0.18937500015149999}, {"l": "Nitrogen", "v": 1.1558750009246999}]}, {"source": 63, "prod": 22.975263904206713, "target": 16, "value": 0.20501092396002785, "supply": [{"l": "Potash", "v": 0.15383333345640002}, {"l": "Phosphate", "v": 0.18937500015149999}, {"l": "Nitrogen", "v": 1.1558750009246999}]}, {"source": 63, "prod": 24.510477390893335, "target": 14, "value": 0.21870981058408501, "supply": [{"l": "Potash", "v": 0.15383333345640002}, {"l": "Phosphate", "v": 0.18937500015149999}, {"l": "Nitrogen", "v": 1.1558750009246999}]}, {"source": 63, "prod": 0.1058767921852844, "target": 48, "value": 0.00094475080165911459, "supply": [{"l": "Potash", "v": 0.15383333345640002}, {"l": "Phosphate", "v": 0.18937500015149999}, {"l": "Nitrogen", "v": 1.1558750009246999}]}, {"source": 63, "prod": 0.15881518827792659, "target": 49, "value": 0.0014171262024886718, "supply": [{"l": "Potash", "v": 0.15383333345640002}, {"l": "Phosphate", "v": 0.18937500015149999}, {"l": "Nitrogen", "v": 1.1558750009246999}]}, {"source": 63, "prod": 1.5616826847329446, "target": 45, "value": 0.013935074324471939, "supply": [{"l": "Potash", "v": 0.15383333345640002}, {"l": "Phosphate", "v": 0.18937500015149999}, {"l": "Nitrogen", "v": 1.1558750009246999}]}, {"source": 63, "prod": 0.26469198046321096, "target": 24, "value": 0.0023618770041477864, "supply": [{"l": "Potash", "v": 0.15383333345640002}, {"l": "Phosphate", "v": 0.18937500015149999}, {"l": "Nitrogen", "v": 1.1558750009246999}]}, {"source": 63, "prod": 2.726327398771073, "target": 12, "value": 0.024327333142722198, "supply": [{"l": "Potash", "v": 0.15383333345640002}, {"l": "Phosphate", "v": 0.18937500015149999}, {"l": "Nitrogen", "v": 1.1558750009246999}]}, {"source": 61, "prod": 0, "target": 63, "value": 1.9178316381045426, "supply": [{"l": "Natural gas (including LNG)", "v": 1.2575589144114701}, {"l": "Fuel oil", "v": 0.45594732840249352}, {"l": "Liquefied petroleum gas (LPG)", "v": 0.10216269764528947}, {"l": "Coal", "v": 0.10216269764528947}]}, {"source": 64, "prod": 0, "target": 3, "value": 0.016831621906280618, "supply": "[{\"l\":'Labor',\"v\":0.016831621906280618}]"}, {"source": 64, "prod": 0, "target": 18, "value": 0.0011961558715123282, "supply": "[{\"l\":'Labor',\"v\":0.0011961558715123282}]"}, {"source": 64, "prod": 0, "target": 16, "value": 0.02472055467792145, "supply": "[{\"l\":'Labor',\"v\":0.02472055467792145}]"}, {"source": 64, "prod": 0, "target": 32, "value": 2.8479901702674485e-05, "supply": "[{\"l\":'Labor',\"v\":2.8479901702674485e-05}]"}, {"source": 64, "prod": 0, "target": 24, "value": 0.00028479901702674484, "supply": "[{\"l\":'Labor',\"v\":0.00028479901702674484}]"}, {"source": 64, "prod": 0, "target": 0, "value": 0.00011391960681069794, "supply": "[{\"l\":'Labor',\"v\":0.00011391960681069794}]"}, {"source": 64, "prod": 0, "target": 2, "value": 0.0012815955766203517, "supply": "[{\"l\":'Labor',\"v\":0.0012815955766203517}]"}, {"source": 64, "prod": 0, "target": 55, "value": 2.8479901702674485e-05, "supply": "[{\"l\":'Labor',\"v\":2.8479901702674485e-05}]"}, {"source": 64, "prod": 0, "target": 4, "value": 0.021160566965087141, "supply": "[{\"l\":'Labor',\"v\":0.021160566965087141}]"}, {"source": 64, "prod": 0, "target": 7, "value": 0.012588116552582121, "supply": "[{\"l\":'Labor',\"v\":0.012588116552582121}]"}, {"source": 64, "prod": 0, "target": 8, "value": 0.00037023872213476827, "supply": "[{\"l\":'Labor',\"v\":0.00037023872213476827}]"}, {"source": 64, "prod": 0, "target": 28, "value": 0.00037023872213476827, "supply": "[{\"l\":'Labor',\"v\":0.00037023872213476827}]"}, {"source": 64, "prod": 0, "target": 48, "value": 0.00011391960681069794, "supply": "[{\"l\":'Labor',\"v\":0.00011391960681069794}]"}, {"source": 64, "prod": 0, "target": 49, "value": 0.0001708794102160469, "supply": "[{\"l\":'Labor',\"v\":0.0001708794102160469}]"}, {"source": 64, "prod": 0, "target": 5, "value": 0.0037308671230503574, "supply": "[{\"l\":'Labor',\"v\":0.0037308671230503574}]"}, {"source": 64, "prod": 0, "target": 6, "value": 0.066529050377447593, "supply": "[{\"l\":'Labor',\"v\":0.066529050377447593}]"}, {"source": 64, "prod": 0, "target": 60, "value": 2.8479901702674485e-05, "supply": "[{\"l\":'Labor',\"v\":2.8479901702674485e-05}]"}, {"source": 64, "prod": 0, "target": 12, "value": 0.0029334298753754717, "supply": "[{\"l\":'Labor',\"v\":0.0029334298753754717}]"}, {"source": 64, "prod": 0, "target": 14, "value": 0.02637238897667657, "supply": "[{\"l\":'Labor',\"v\":0.02637238897667657}]"}, {"source": 64, "prod": 0, "target": 39, "value": 0.00014239950851337242, "supply": "[{\"l\":'Labor',\"v\":0.00014239950851337242}]"}, {"source": 64, "prod": 0, "target": 44, "value": 2.8479901702674485e-05, "supply": "[{\"l\":'Labor',\"v\":2.8479901702674485e-05}]"}, {"source": 64, "prod": 0, "target": 45, "value": 0.0016803142004577943, "supply": "[{\"l\":'Labor',\"v\":0.0016803142004577943}]"}, {"source": 64, "prod": 0, "target": 15, "value": 5.695980340534897e-05, "supply": "[{\"l\":'Labor',\"v\":5.695980340534897e-05}]"}, {"source": 61, "prod": 0, "target": 54, "value": 0.65423388507901459, "supply": "[{\"l\":'Fossil Fuels',\"v\":0.65423388507901459}]"}, {"source": 62, "prod": 0, "target": 54, "value": 0.13775156669058852, "supply": "[{\"l\":'Renewables & Nuclear',\"v\":0.030325248562368057},{\"l\":'Biomass & Waste',\"v\":0.10742631812822045}]"}]}