{"nodes": [{"layer": 13, "name": "Milk - Excluding Butter"}, {"layer": 10, "name": "Feed", "fill": "#dbdb8d"}, {"layer": 5, "name": "Oilcrops", "fill": "#ff9896"}, {"layer": 5, "name": "Vegetables"}, {"layer": 5, "name": "Sugar Crops", "fill": "#ffbb78"}, {"layer": 5, "name": "Starchy Roots"}, {"layer": 5, "name": "Pulses"}, {"layer": 13, "name": "Fish, Seafood"}, {"layer": 5, "name": "Fruits - Excluding Wine"}, {"layer": 5, "name": "Cereals - Excluding Beer"}, {"layer": 16, "name": "Food", "fill": "#b5cf6b"}, {"layer": 13, "name": "Meat"}, {"layer": 13, "name": "Sugar & Sweeteners"}, {"layer": 13, "name": "Alcoholic Beverages"}, {"layer": 13, "name": "Animal Fats"}, {"layer": 13, "name": "Vegetable Oils", "fill": "#f7b6d2"}, {"layer": 5, "name": "Stimulants"}, {"layer": 13, "name": "Eggs"}, {"layer": 10, "name": "Processing", "fill": "#9edae5"}, {"layer": 16, "name": "Biofuels & Other", "fill": "#e7ba52"}, {"name": "Waste", "fill": "#c7c7c7"}, {"layer": 2, "name": "Import", "fill": "#aec7e8"}, {"layer": 16, "name": "Export", "fill": "#aec7e8"}, {"layer": 16, "name": "Stock Deposit", "fill": "#c7c7c7"}, {"layer": 0, "name": "Stock Draw", "fill": "#c7c7c7"}, {"layer": 2, "name": "Electricity", "fill": "#bcbd22"}, {"layer": 0, "name": "Fossil Fuels", "fill": "#c49c94"}, {"layer": 0, "name": "Renewables & Nuclear", "fill": "#2ca02c"}, {"layer": 2, "name": "Fertilizers", "fill": "#c5b0d5"}, {"layer": 0, "name": "Labor", "fill": "#7f7f7f"}], "links": [{"source": 0, "prod": 837.0, "target": 1, "value": 0.5314207213889246, "supply": [{"l": "Milk - Excluding Butter", "v": 0.5314207213889246}]}, {"source": 2, "prod": 4.0, "target": 1, "value": 0.0046488888800000003, "supply": [{"l": "Sunflower seed", "v": 0.0046488888800000003}]}, {"source": 3, "prod": 36.0, "target": 1, "value": 0.0095987230316029806, "supply": [{"l": "Vegetables, Other", "v": 0.0095987230316029806}]}, {"source": 4, "prod": 103.0, "target": 1, "value": 0.11970888866000001, "supply": [{"l": "Sugar beet", "v": 0.11970888866000001}]}, {"source": 5, "prod": 344.0, "target": 1, "value": 0.26786913330511436, "supply": [{"l": "Potatoes", "v": 0.26786913330511436}]}, {"source": 6, "prod": 7.0, "target": 1, "value": 0.0036959100261007472, "supply": [{"l": "Peas", "v": 0.0031679228795149263}, {"l": "Pulses, Other", "v": 0.0005279871465858209}]}, {"source": 7, "prod": 42.0, "target": 1, "value": 0.049840090572329937, "supply": [{"l": "Pelagic Fish", "v": 0.0012536965914205552}, {"l": "Marine Fish, Other", "v": 0.029275976955517247}, {"l": "Fish, Seafood", "v": 0.019310417025392136}]}, {"source": 8, "prod": 10.0, "target": 1, "value": 0.0056827532242971889, "supply": [{"l": "Apples", "v": 0.0056827532242971889}]}, {"source": 9, "prod": 448.0, "target": 1, "value": 1.2517968582927268, "supply": [{"l": "Cereals, Other", "v": 0.03329424830235294}, {"l": "Wheat", "v": 0.086635671482121437}, {"l": "Oats", "v": 0.10728919387666842}, {"l": "Rye", "v": 0.32128304374400385}, {"l": "Barley", "v": 0.70329470088758006}]}, {"source": 0, "prod": 611.0, "target": 10, "value": 0.38793077750135352, "supply": [{"l": "Milk - Excluding Butter", "v": 0.38793077750135352}]}, {"source": 11, "prod": 188.0, "target": 10, "value": 0.36997313324448922, "supply": [{"l": "Pigmeat", "v": 0.10781800683797249}, {"l": "Poultry Meat", "v": 0.031505183875503613}, {"l": "Meat, Other", "v": 0.002149375523316456}, {"l": "Bovine Meat", "v": 0.19434347030640942}, {"l": "Offals, Edible", "v": 0.021621477038455007}, {"l": "Mutton & Goat Meat", "v": 0.012535619662832218}]}, {"source": 12, "prod": 106.0, "target": 10, "value": 0.43156723597245567, "supply": [{"l": "Sugar", "v": 0.42012068780880968}, {"l": "Sweeteners, Other", "v": 0.0044684385879473695}, {"l": "Honey", "v": 0.0069781095756986308}]}, {"source": 3, "prod": 216.0, "target": 10, "value": 0.061027781535748234, "supply": [{"l": "Tomatoes", "v": 0.0011098082767450981}, {"l": "Vegetables, Other", "v": 0.047726983962692614}, {"l": "Onions", "v": 0.012190989296310524}]}, {"source": 13, "prod": 107.0, "target": 10, "value": 0.099139412596120483, "supply": [{"l": "Beer", "v": 0.049793441847920616}, {"l": "Beverages, Alcoholic", "v": 0.044837988455934383}, {"l": "Wine", "v": 0.0045079822922654868}]}, {"source": 14, "prod": 65.0, "target": 10, "value": 0.33479525808539934, "supply": [{"l": "Fats, Animals, Raw", "v": 0.14016929057670408}, {"l": "Cream", "v": 0.077359415370206741}, {"l": "Butter, Ghee", "v": 0.11726655213848852}]}, {"source": 5, "prod": 335.0, "target": 10, "value": 0.26086092923608517, "supply": [{"l": "Potatoes", "v": 0.26086092923608517}]}, {"source": 7, "prod": 176.0, "target": 10, "value": 0.16276338398054438, "supply": [{"l": "Fish, Seafood", "v": 0.080919842773071821}, {"l": "Cephalopods", "v": 0.0088731939656152038}, {"l": "Freshwater Fish", "v": 0.0019976548981411766}, {"l": "Pelagic Fish", "v": 0.055162650022504429}, {"l": "Demersal Fish", "v": 0.014346243473435877}, {"l": "Marine Fish, Other", "v": 0.001463798847775862}]}, {"source": 9, "prod": 452.0, "target": 10, "value": 1.4397827847399254, "supply": [{"l": "Rye", "v": 0.19404223434043799}, {"l": "Barley", "v": 0.18175031595971167}, {"l": "Cereals, Other", "v": 0.026635398641882354}, {"l": "Wheat", "v": 1.0129709280986505}, {"l": "Oats", "v": 0.024383907699242823}]}, {"source": 8, "prod": 68.0, "target": 10, "value": 0.038024616181422166, "supply": [{"l": "Oranges, Mandarines", "v": 0.00032591298722072941}, {"l": "Fruits, Other", "v": 0.01108773007830224}, {"l": "Bananas", "v": 0.0033869813765026596}, {"l": "Grapes", "v": 0.0010612541646375}, {"l": "Apples", "v": 0.022162737574759034}]}, {"source": 15, "prod": 6.0, "target": 10, "value": 0.061678681281535037, "supply": [{"l": "Oilcrops Oil, Other", "v": 0.010612541646375}, {"l": "Rape and Mustard Oil", "v": 0.040712440467964919}, {"l": "Sunflowerseed Oil", "v": 0.01035369916719512}]}, {"source": 16, "prod": 1.0, "target": 10, "value": 0.0084900333171, "supply": [{"l": "Cocoa Beans", "v": 0.0084900333171}]}, {"source": 17, "prod": 31.0, "target": 10, "value": 0.050184730836247873, "supply": [{"l": "Eggs", "v": 0.050184730836247873}]}, {"source": 5, "prod": 45.0, "target": 18, "value": 0.035041020345145772, "supply": [{"l": "Potatoes", "v": 0.035041020345145772}]}, {"source": 9, "prod": 17.0, "target": 18, "value": 0.044779063352392727, "supply": [{"l": "Barley", "v": 0.044779063352392727}]}, {"source": 4, "prod": 300.0, "target": 18, "value": 0.34866666600000001, "supply": [{"l": "Sugar beet", "v": 0.34866666600000001}]}, {"source": 2, "prod": 5.0, "target": 18, "value": 0.012920037012333335, "supply": [{"l": "Rape and Mustardseed", "v": 0.0034866666600000002}, {"l": "Oilcrops, Other", "v": 0.0094333703523333343}]}, {"source": 8, "prod": 11.0, "target": 18, "value": 0.0058368979055062505, "supply": [{"l": "Grapes", "v": 0.0058368979055062505}]}, {"source": 5, "prod": 24.0, "target": 19, "value": 0.018688544184077744, "supply": [{"l": "Potatoes", "v": 0.018688544184077744}]}, {"source": 13, "prod": 1.0, "target": 19, "value": 0.00075133038204424794, "supply": [{"l": "Alcohol, Non-Food", "v": 0.00075133038204424794}]}, {"source": 2, "prod": 1.0, "target": 19, "value": 0.0047166851761666672, "supply": [{"l": "Oilcrops, Other", "v": 0.0047166851761666672}]}, {"source": 11, "prod": 13.0, "target": 19, "value": 0.018738613433327677, "supply": [{"l": "Offals, Edible", "v": 0.018738613433327677}]}, {"source": 14, "prod": 16.0, "target": 19, "value": 0.13192403818983914, "supply": [{"l": "Fats, Animals, Raw", "v": 0.12367878580297419}, {"l": "Fish, Body Oil", "v": 0.0082452523868649461}]}, {"source": 5, "prod": 397.0, "target": 5, "value": 0.30913966837828599, "supply": [{"l": "Potatoes", "v": 0.30913966837828599}]}, {"source": 9, "prod": 172.0, "target": 9, "value": 0.49955450205521701, "supply": [{"l": "Cereals, Other", "v": 0.013317699320941177}, {"l": "Wheat", "v": 0.099964236325524744}, {"l": "Barley", "v": 0.2001887538106969}, {"l": "Oats", "v": 0.036575861548864233}, {"l": "Rye", "v": 0.14950795104918993}]}, {"source": 17, "prod": 1.0, "target": 17, "value": 0.001618862285040254, "supply": [{"l": "Eggs", "v": 0.001618862285040254}]}, {"source": 5, "prod": 23.0, "target": 20, "value": 0.017909854843074505, "supply": [{"l": "Potatoes", "v": 0.017909854843074505}]}, {"source": 11, "prod": 4.0, "target": 20, "value": 0.0081760638911363114, "supply": [{"l": "Pigmeat", "v": 0.0033174771334760766}, {"l": "Bovine Meat", "v": 0.0048585867576602356}]}, {"source": 3, "prod": 7.0, "target": 20, "value": 0.0018772392411201049, "supply": [{"l": "Vegetables, Other", "v": 0.0015997871719338305}, {"l": "Tomatoes", "v": 0.00027745206918627452}]}, {"source": 0, "prod": 4.0, "target": 20, "value": 0.0025396450245587792, "supply": [{"l": "Milk - Excluding Butter", "v": 0.0025396450245587792}]}, {"source": 8, "prod": 1.0, "target": 20, "value": 0.00056827532242971881, "supply": [{"l": "Apples", "v": 0.00056827532242971881}]}, {"source": 9, "prod": 25.0, "target": 20, "value": 0.076967789255535407, "supply": [{"l": "Rye", "v": 0.022267141645624034}, {"l": "Wheat", "v": 0.036653553319359072}, {"l": "Oats", "v": 0.0048767815398485645}, {"l": "Barley", "v": 0.013170312750703746}]}, {"source": 21, "prod": 17.0, "target": 1, "value": 0.017914558139876878, "supply": [{"l": "Fish, Seafood", "v": 0.0064368056751307121}, {"l": "Milk - Excluding Butter", "v": 0.0012698225122793896}, {"l": "Pelagic Fish", "v": 0.0087758761399438865}, {"l": "Poultry Meat", "v": 0.0014320538125228916}]}, {"source": 21, "prod": 89.0, "target": 9, "value": 0.28672931291553144, "supply": [{"l": "Oats", "v": 0.026822298469167106}, {"l": "Wheat", "v": 0.25990701444636433}]}, {"source": 21, "prod": 139.0, "target": 18, "value": 0.56939785494620332, "supply": [{"l": "Rape and Mustard Oil", "v": 0.01017811011699123}, {"l": "Beer", "v": 0.0011316691329072868}, {"l": "Beverages, Alcoholic", "v": 0.0068981520701437505}, {"l": "Sugar", "v": 0.52209172853910324}, {"l": "Wine", "v": 0.0022539911461327434}, {"l": "Fats, Animals, Raw", "v": 0.016490504773729892}, {"l": "Sunflowerseed Oil", "v": 0.01035369916719512}]}, {"source": 21, "prod": 9.0, "target": 3, "value": 0.0031192298171347213, "supply": [{"l": "Vegetables, Other", "v": 0.00053326239064461014}, {"l": "Onions", "v": 0.0025859674264901112}]}, {"source": 21, "prod": 2.0, "target": 16, "value": 0.0088905065867745277, "supply": [{"l": "Cocoa Beans", "v": 0.0084900333171}, {"l": "Coffee", "v": 0.00040047326967452835}]}, {"source": 21, "prod": 20.0, "target": 8, "value": 0.011179321756296857, "supply": [{"l": "Oranges, Mandarines", "v": 0.00032591298722072941}, {"l": "Apples", "v": 0.00056827532242971881}, {"l": "Bananas", "v": 0.0033869813765026596}, {"l": "Grapes", "v": 0.0068981520701437505}]}, {"source": 21, "prod": 4.0, "target": 2, "value": 0.0046488888800000003, "supply": [{"l": "Sunflower seed", "v": 0.0046488888800000003}]}, {"source": 21, "prod": 1.0, "target": 5, "value": 0.00077868934100323926, "supply": [{"l": "Potatoes", "v": 0.00077868934100323926}]}, {"source": 5, "prod": 1.0, "target": 22, "value": 0.00077868934100323926, "supply": [{"l": "Potatoes", "v": 0.00077868934100323926}]}, {"source": 11, "prod": 2.0, "target": 22, "value": 0.0048585867576602356, "supply": [{"l": "Bovine Meat", "v": 0.0048585867576602356}]}, {"source": 17, "prod": 1.0, "target": 22, "value": 0.001618862285040254, "supply": [{"l": "Eggs", "v": 0.001618862285040254}]}, {"source": 14, "prod": 6.0, "target": 22, "value": 0.050126163864896559, "supply": [{"l": "Fats, Animals, Raw", "v": 0.0082452523868649461}, {"l": "Butter, Ghee", "v": 0.041880911478031614}]}, {"source": 0, "prod": 29.0, "target": 22, "value": 0.018412426428051153, "supply": [{"l": "Milk - Excluding Butter", "v": 0.018412426428051153}]}, {"source": 7, "prod": 60.0, "target": 22, "value": 0.065197207778891139, "supply": [{"l": "Pelagic Fish", "v": 0.03761089774261666}, {"l": "Fish, Seafood", "v": 0.027586310036274483}]}, {"source": 13, "prod": 6.0, "target": 22, "value": 0.020694456210431249, "supply": [{"l": "Beverages, Alcoholic", "v": 0.020694456210431249}]}, {"source": 12, "prod": 20.0, "target": 22, "value": 0.081576832584234871, "supply": [{"l": "Sugar", "v": 0.081576832584234871}]}, {"source": 8, "prod": 2.0, "target": 22, "value": 0.0011365506448594376, "supply": [{"l": "Apples", "v": 0.0011365506448594376}]}, {"source": 13, "prod": 4.0, "target": 23, "value": 0.0030053215281769918, "supply": [{"l": "Wine", "v": 0.0030053215281769918}]}, {"source": 3, "prod": 1.0, "target": 23, "value": 0.00026663119532230507, "supply": [{"l": "Vegetables, Other", "v": 0.00026663119532230507}]}, {"source": 11, "prod": 68.0, "target": 23, "value": 0.13976364096140939, "supply": [{"l": "Bovine Meat", "v": 0.085025268259054126}, {"l": "Pigmeat", "v": 0.054738372702355272}]}, {"source": 9, "prod": 120.0, "target": 23, "value": 0.38776726724116473, "supply": [{"l": "Rye", "v": 0.25448161880713177}, {"l": "Wheat", "v": 0.13328564843403298}]}, {"source": 7, "prod": 50.0, "target": 23, "value": 0.05433100648240928, "supply": [{"l": "Pelagic Fish", "v": 0.031342414785513875}, {"l": "Fish, Seafood", "v": 0.022988591696895405}]}, {"source": 14, "prod": 13.0, "target": 23, "value": 0.1088903698428822, "supply": [{"l": "Butter, Ghee", "v": 0.1088903698428822}]}, {"source": 24, "prod": 2.0, "target": 2, "value": 0.0023244444400000001, "supply": [{"l": "Rape and Mustardseed", "v": 0.0023244444400000001}]}, {"source": 16, "prod": 1.0, "target": 23, "value": 0.00040047326967452835, "supply": [{"l": "Coffee", "v": 0.00040047326967452835}]}, {"source": 12, "prod": 40.0, "target": 23, "value": 0.16315366516846974, "supply": [{"l": "Sugar", "v": 0.16315366516846974}]}, {"source": 24, "prod": 3.0, "target": 18, "value": 0.030534330350973686, "supply": [{"l": "Rape and Mustard Oil", "v": 0.030534330350973686}]}, {"source": 4, "prod": 60.0, "target": 23, "value": 0.069733333199999997, "supply": [{"l": "Sugar beet", "v": 0.069733333199999997}]}, {"source": 1, "prod": 1481.0, "target": 0, "value": 0.94030357034288814, "supply": [{"l": "Milk - Excluding Butter", "v": 0.94030357034288814}]}, {"source": 1, "prod": 32.0, "target": 17, "value": 0.051803593121288127, "supply": [{"l": "Eggs", "v": 0.053422455406328381}]}, {"source": 1, "prod": 275.0, "target": 11, "value": 0.5415100382880228, "supply": [{"l": "Pigmeat", "v": 0.16587385667380383}, {"l": "Bovine Meat", "v": 0.28908591208078405}, {"l": "Poultry Meat", "v": 0.031505183875503613}, {"l": "Offals, Edible", "v": 0.040360090471782684}, {"l": "Meat, Other", "v": 0.002149375523316456}, {"l": "Mutton & Goat Meat", "v": 0.012535619662832218}]}, {"source": 1, "prod": 328.0, "target": 7, "value": 0.33213168881417476, "supply": [{"l": "Pelagic Fish", "v": 0.1253696591420555}, {"l": "Freshwater Fish", "v": 0.0019976548981411766}, {"l": "Demersal Fish", "v": 0.014346243473435877}, {"l": "Fish, Seafood", "v": 0.15080516153163384}, {"l": "Marine Fish, Other", "v": 0.03073977580329311}, {"l": "Cephalopods", "v": 0.0088731939656152038}]}, {"source": 18, "prod": 166.0, "target": 12, "value": 0.67629773372516033, "supply": [{"l": "Honey", "v": 0.0069781095756986308}, {"l": "Sweeteners, Other", "v": 0.0044684385879473695}, {"l": "Sugar", "v": 0.66485118556151424}]}, {"source": 18, "prod": 6.0, "target": 15, "value": 0.061678681281535037, "supply": [{"l": "Oilcrops Oil, Other", "v": 0.010612541646375}, {"l": "Sunflowerseed Oil", "v": 0.01035369916719512}, {"l": "Rape and Mustard Oil", "v": 0.040712440467964919}]}, {"source": 18, "prod": 100.0, "target": 14, "value": 0.62573582998301713, "supply": [{"l": "Fats, Animals, Raw", "v": 0.27209332876654324}, {"l": "Fish, Body Oil", "v": 0.0082452523868649461}, {"l": "Butter, Ghee", "v": 0.26803783345940235}, {"l": "Cream", "v": 0.077359415370206741}]}, {"source": 18, "prod": 118.0, "target": 13, "value": 0.12359052071677297, "supply": [{"l": "Beer", "v": 0.049793441847920616}, {"l": "Beverages, Alcoholic", "v": 0.065532444666365625}, {"l": "Alcohol, Non-Food", "v": 0.00075133038204424794}, {"l": "Wine", "v": 0.0075133038204424785}]}, {"source": 25, "prod": 0, "target": 2, "value": 7.5031171702249104e-07, "supply": "[{\"l\":'Energy for power irrigation',\"v\":7.5031171702249104e-07}]"}, {"source": 25, "prod": 0, "target": 3, "value": 2.7386377671320922e-05, "supply": "[{\"l\":'Energy for power irrigation',\"v\":2.7386377671320922e-05}]"}, {"source": 25, "prod": 0, "target": 4, "value": 4.9627760711630479e-05, "supply": "[{\"l\":'Energy for power irrigation',\"v\":4.9627760711630479e-05}]"}, {"source": 25, "prod": 0, "target": 5, "value": 0.00012519486935460994, "supply": "[{\"l\":'Energy for power irrigation',\"v\":0.00012519486935460994}]"}, {"source": 25, "prod": 0, "target": 6, "value": 8.5749910516856133e-07, "supply": "[{\"l\":'Energy for power irrigation',\"v\":8.5749910516856133e-07}]"}, {"source": 25, "prod": 0, "target": 9, "value": 0.00012744580450567739, "supply": "[{\"l\":'Energy for power irrigation',\"v\":0.00012744580450567739}]"}, {"source": 25, "prod": 0, "target": 8, "value": 8.789365827977752e-06, "supply": "[{\"l\":'Energy for power irrigation',\"v\":8.789365827977752e-06}]"}, {"source": 25, "prod": 0, "target": 18, "value": 1.1070000008855998, "supply": "[{\"l\":'Electricity',\"v\":1.1070000008855998}]"}, {"source": 26, "prod": 0, "target": 25, "value": 0.76785910930325774, "supply": [{"l": "Coal", "v": 0.0}, {"l": "Natural gas", "v": 0.69276263052508047}, {"l": "Oil", "v": 0.075096478778177281}]}, {"source": 27, "prod": 0, "target": 25, "value": 0.74165901793730127, "supply": [{"l": "Nuclear", "v": 0.0}, {"l": "Hydroelectric", "v": 0.74165901793730127}, {"l": "Renewable", "v": 0.0}]}, {"source": 26, "prod": 0, "target": 2, "value": 0.0037301349748868435, "supply": [{"l": "Motor Gasoline", "v": 0.00043429091644077509}, {"l": "Gas-Diesel oil", "v": 0.0022131190606434537}, {"l": "Natural gas (including LNG)", "v": 0.00082348616209988951}, {"l": "Fuel oil", "v": 2.4753601896455015e-05}, {"l": "Liquefied petroleum gas (LPG)", "v": 2.8981321032235696e-05}, {"l": "Coal", "v": 0.00020550391277403493}]}, {"source": 26, "prod": 0, "target": 3, "value": 0.13614992658336977, "supply": [{"l": "Motor Gasoline", "v": 0.015851618450088291}, {"l": "Gas-Diesel oil", "v": 0.08077884571348605}, {"l": "Natural gas (including LNG)", "v": 0.030057244916645968}, {"l": "Fuel oil", "v": 0.000903506469220608}, {"l": "Liquefied petroleum gas (LPG)", "v": 0.001057818217676603}, {"l": "Coal", "v": 0.0075008928162522744}]}, {"source": 26, "prod": 0, "target": 4, "value": 0.2467217847675155, "supply": [{"l": "Motor Gasoline", "v": 0.028725242044582697}, {"l": "Gas-Diesel oil", "v": 0.14638201786827415}, {"l": "Natural gas (including LNG)", "v": 0.054467727578892691}, {"l": "Fuel oil", "v": 0.0016372739540083817}, {"l": "Liquefied petroleum gas (LPG)", "v": 0.0019169073768464469}, {"l": "Coal", "v": 0.013592615944911167}]}, {"source": 26, "prod": 0, "target": 5, "value": 0.62239966438111904, "supply": [{"l": "Motor Gasoline", "v": 0.072464541486117903}, {"l": "Gas-Diesel oil", "v": 0.36927472326165056}, {"l": "Natural gas (including LNG)", "v": 0.13740454819038159}, {"l": "Fuel oil", "v": 0.0041303152878656366}, {"l": "Liquefied petroleum gas (LPG)", "v": 0.0048357404236644714}, {"l": "Coal", "v": 0.034289795731438977}]}, {"source": 26, "prod": 0, "target": 6, "value": 0.0042630113998706788, "supply": [{"l": "Motor Gasoline", "v": 0.00049633247593231444}, {"l": "Gas-Diesel oil", "v": 0.0025292789264496616}, {"l": "Natural gas (including LNG)", "v": 0.00094112704239987391}, {"l": "Fuel oil", "v": 2.8289830738805735e-05}, {"l": "Liquefied petroleum gas (LPG)", "v": 3.3121509751126513e-05}, {"l": "Coal", "v": 0.00023486161459889711}]}, {"source": 26, "prod": 0, "target": 9, "value": 0.63359006930577955, "supply": [{"l": "Motor Gasoline", "v": 0.073767414235440226}, {"l": "Gas-Diesel oil", "v": 0.37591408044358088}, {"l": "Natural gas (including LNG)", "v": 0.13987500667668123}, {"l": "Fuel oil", "v": 0.0042045760935550021}, {"l": "Liquefied petroleum gas (LPG)", "v": 0.0049226843867611779}, {"l": "Coal", "v": 0.034906307469761075}]}, {"source": 26, "prod": 0, "target": 8, "value": 0.04369586684867445, "supply": [{"l": "Motor Gasoline", "v": 0.0050874078783062224}, {"l": "Gas-Diesel oil", "v": 0.025925108996109027}, {"l": "Natural gas (including LNG)", "v": 0.0096465521845987071}, {"l": "Fuel oil", "v": 0.00028997076507275874}, {"l": "Liquefied petroleum gas (LPG)", "v": 0.00033949547494904677}, {"l": "Coal", "v": 0.0024073315496386952}]}, {"source": 26, "prod": 0, "target": 1, "value": 0.49326694483905797, "supply": [{"l": "Gas-diesel oils used in fisheries", "v": 0.36460416695834996}, {"l": "Fuel oil used in fisheries", "v": 0.12866277788070798}]}, {"source": 28, "prod": 0.37056877264849536, "target": 2, "value": 0.0033066278058069007, "supply": [{"l": "Potash", "v": 0.15383333345640002}, {"l": "Phosphate", "v": 0.18937500015149999}, {"l": "Nitrogen", "v": 1.1558750009246999}]}, {"source": 28, "prod": 13.52576020167008, "target": 3, "value": 0.12069191491195187, "supply": [{"l": "Potash", "v": 0.15383333345640002}, {"l": "Phosphate", "v": 0.18937500015149999}, {"l": "Nitrogen", "v": 1.1558750009246999}]}, {"source": 28, "prod": 24.510477390893335, "target": 4, "value": 0.21870981058408501, "supply": [{"l": "Potash", "v": 0.15383333345640002}, {"l": "Phosphate", "v": 0.18937500015149999}, {"l": "Nitrogen", "v": 1.1558750009246999}]}, {"source": 28, "prod": 61.83204663620608, "target": 5, "value": 0.55173446816892291, "supply": [{"l": "Potash", "v": 0.15383333345640002}, {"l": "Phosphate", "v": 0.18937500015149999}, {"l": "Nitrogen", "v": 1.1558750009246999}]}, {"source": 28, "prod": 0.42350716874113759, "target": 6, "value": 0.0037790032066364583, "supply": [{"l": "Potash", "v": 0.15383333345640002}, {"l": "Phosphate", "v": 0.18937500015149999}, {"l": "Nitrogen", "v": 1.1558750009246999}]}, {"source": 28, "prod": 62.943752954151563, "target": 9, "value": 0.56165435158634358, "supply": [{"l": "Potash", "v": 0.15383333345640002}, {"l": "Phosphate", "v": 0.18937500015149999}, {"l": "Nitrogen", "v": 1.1558750009246999}]}, {"source": 28, "prod": 4.3409484795966593, "target": 8, "value": 0.038734782868023697, "supply": [{"l": "Potash", "v": 0.15383333345640002}, {"l": "Phosphate", "v": 0.18937500015149999}, {"l": "Nitrogen", "v": 1.1558750009246999}]}, {"source": 26, "prod": 0, "target": 28, "value": 1.9178316381045426, "supply": [{"l": "Natural gas (including LNG)", "v": 1.2575589144114701}, {"l": "Fuel oil", "v": 0.45594732840249352}, {"l": "Liquefied petroleum gas (LPG)", "v": 0.10216269764528947}, {"l": "Coal", "v": 0.10216269764528947}]}, {"source": 29, "prod": 0, "target": 5, "value": 0.066529050377447593, "supply": "[{\"l\":'Labor',\"v\":0.066529050377447593}]"}, {"source": 29, "prod": 0, "target": 2, "value": 0.00039871862383744275, "supply": "[{\"l\":'Labor',\"v\":0.00039871862383744275}]"}, {"source": 29, "prod": 0, "target": 3, "value": 0.014553229770066659, "supply": "[{\"l\":'Labor',\"v\":0.014553229770066659}]"}, {"source": 29, "prod": 0, "target": 4, "value": 0.02637238897667657, "supply": "[{\"l\":'Labor',\"v\":0.02637238897667657}]"}, {"source": 29, "prod": 0, "target": 6, "value": 0.00045567842724279176, "supply": "[{\"l\":'Labor',\"v\":0.00045567842724279176}]"}, {"source": 29, "prod": 0, "target": 9, "value": 0.067725206248959918, "supply": "[{\"l\":'Labor',\"v\":0.067725206248959918}]"}, {"source": 29, "prod": 0, "target": 8, "value": 0.0046707038792386151, "supply": "[{\"l\":'Labor',\"v\":0.0046707038792386151}]"}, {"source": 29, "prod": 0, "target": 16, "value": 5.695980340534897e-05, "supply": "[{\"l\":'Labor',\"v\":5.695980340534897e-05}]"}, {"source": 26, "prod": 0, "target": 21, "value": 0.65423388507901459, "supply": "[{\"l\":'Fossil Fuels',\"v\":0.65423388507901459}]"}, {"source": 27, "prod": 0, "target": 21, "value": 0.13775156669058852, "supply": "[{\"l\":'Renewables & Nuclear',\"v\":0.030325248562368057},{\"l\":'Biomass & Waste',\"v\":0.10742631812822045}]"}]}