{"nodes": [{"layer": 13, "name": "Animal Products", "fill": "#17becf"}, {"layer": 10, "name": "Feed", "fill": "#dbdb8d"}, {"layer": 5, "name": "Cereals", "fill": "#e7ba52"}, {"layer": 5, "name": "Oilcrops", "fill": "#ff9896"}, {"layer": 5, "name": "Sugar Crops", "fill": "#ffbb78"}, {"layer": 5, "name": "Starchy Roots"}, {"layer": 5, "name": "Fruits & Vegetables"}, {"layer": 13, "name": "Aquatic Products", "fill": "#1f77b4"}, {"layer": 13, "name": "Other Processed", "fill": "#9c9ede"}, {"layer": 16, "name": "Food", "fill": "#b5cf6b"}, {"layer": 13, "name": "Sugar", "fill": "#d6616b"}, {"layer": 5, "name": "Others"}, {"layer": 13, "name": "Vegetable Oils", "fill": "#f7b6d2"}, {"layer": 10, "name": "Processing", "fill": "#9edae5"}, {"layer": 16, "name": "Biofuels & Other", "fill": "#e7ba52"}, {"name": "Seed", "fill": "#dbdb8d"}, {"name": "Waste", "fill": "#c7c7c7"}, {"layer": 0, "name": "Import", "fill": "#aec7e8"}, {"layer": 16, "name": "Export", "fill": "#aec7e8"}, {"layer": 16, "name": "Stock Deposit", "fill": "#c7c7c7"}, {"layer": 0, "name": "Stock Draw", "fill": "#c7c7c7"}, {"layer": 0, "name": "Production", "fill": "#b5cf6b"}], "links": [{"source": 0, "prod": 1.0222759605586735, "target": 1, "value": 2019.0, "supply": [{"l": "Milk - Excluding Butter", "v": 2019.0}]}, {"source": 2, "prod": 19.753055341445645, "target": 1, "value": 6691.0, "supply": [{"l": "Maize", "v": 637.0}, {"l": "Wheat", "v": 1402.0}, {"l": "Oats", "v": 430.0}, {"l": "Rye", "v": 857.0}, {"l": "Barley", "v": 1700.0}, {"l": "Rice", "v": 1.0}, {"l": "Cereals, Other", "v": 1664.0}]}, {"source": 3, "prod": 0.6632838528984375, "target": 1, "value": 180.0, "supply": [{"l": "Sunflower seed", "v": 31.0}, {"l": "Rape and Mustardseed", "v": 129.0}, {"l": "Oilcrops, Other", "v": 20.0}]}, {"source": 4, "prod": 0.32425999938000005, "target": 1, "value": 279.0, "supply": [{"l": "Sugar beet", "v": 279.0}]}, {"source": 5, "prod": 3.5650185195147492, "target": 1, "value": 4570.0, "supply": [{"l": "Potatoes", "v": 4570.0}]}, {"source": 6, "prod": 0.49066140592552754, "target": 1, "value": 1278.0, "supply": [{"l": "Vegetables, Other", "v": 831.0}, {"l": "Apples", "v": 157.0}, {"l": "Peas", "v": 40.0}, {"l": "Beans", "v": 121.0}, {"l": "Pulses, Other", "v": 129.0}]}, {"source": 7, "prod": 0.11284412877427408, "target": 1, "value": 132.0, "supply": [{"l": "Pelagic Fish", "v": 66.0}, {"l": "Fish, Seafood", "v": 66.0}]}, {"source": 8, "prod": 1.4906889178232283, "target": 9, "value": 814.0, "supply": [{"l": "Beer", "v": 495.0}, {"l": "Beverages, Alcoholic", "v": 144.0}, {"l": "Fats, Animals, Raw", "v": 38.0}, {"l": "Butter, Ghee", "v": 37.0}, {"l": "Wine", "v": 72.0}, {"l": "Beverages, Fermented", "v": 19.0}, {"l": "Cream", "v": 9.0}]}, {"source": 0, "prod": 2.5048205449478265, "target": 9, "value": 2295.0, "supply": [{"l": "Meat, Other", "v": 3.0}, {"l": "Eggs", "v": 150.0}, {"l": "Mutton & Goat Meat", "v": 1.0}, {"l": "Pigmeat", "v": 333.0}, {"l": "Poultry Meat", "v": 200.0}, {"l": "Milk - Excluding Butter", "v": 1346.0}, {"l": "Offals, Edible", "v": 58.0}, {"l": "Bovine Meat", "v": 204.0}]}, {"source": 2, "prod": 3.547604933777329, "target": 9, "value": 1101.0, "supply": [{"l": "Maize", "v": 4.0}, {"l": "Rye", "v": 303.0}, {"l": "Barley", "v": 40.0}, {"l": "Rice", "v": 33.0}, {"l": "Cereals, Other", "v": 38.0}, {"l": "Wheat", "v": 592.0}, {"l": "Oats", "v": 91.0}]}, {"source": 3, "prod": 0.045326629893692565, "target": 9, "value": 11.0, "supply": [{"l": "Olives", "v": 3.0}, {"l": "Coconuts - Incl Copra", "v": 2.0}, {"l": "Groundnuts", "v": 5.0}, {"l": "Soyabeans", "v": 1.0}]}, {"source": 10, "prod": 1.3808555762314076, "target": 9, "value": 395.0, "supply": [{"l": "Sugar", "v": 376.0}, {"l": "Sweeteners, Other", "v": 15.0}, {"l": "Honey", "v": 4.0}]}, {"source": 5, "prod": 1.4400490562416253, "target": 9, "value": 1846.0, "supply": [{"l": "Potatoes", "v": 1846.0}]}, {"source": 6, "prod": 0.81929533602614568, "target": 9, "value": 2072.0, "supply": [{"l": "Vegetables, Other", "v": 894.0}, {"l": "Grapefruit", "v": 13.0}, {"l": "Tomatoes", "v": 316.0}, {"l": "Treenuts", "v": 20.0}, {"l": "Grapes", "v": 11.0}, {"l": "Apples", "v": 232.0}, {"l": "Lemons, Limes", "v": 6.0}, {"l": "Pineapples", "v": 12.0}, {"l": "Bananas", "v": 41.0}, {"l": "Fruits, Other", "v": 253.0}, {"l": "Oranges, Mandarines", "v": 74.0}, {"l": "Onions", "v": 200.0}]}, {"source": 11, "prod": 0.16979948250499541, "target": 9, "value": 65.0, "supply": [{"l": "Nuts", "v": 20.0}, {"l": "Coffee", "v": 21.0}, {"l": "Cocoa Beans", "v": 16.0}, {"l": "Spices, Other", "v": 1.0}, {"l": "Tea", "v": 6.0}, {"l": "Infant food", "v": 1.0}]}, {"source": 7, "prod": 0.29126169885743314, "target": 9, "value": 346.0, "supply": [{"l": "Freshwater Fish", "v": 35.0}, {"l": "Crustaceans", "v": 2.0}, {"l": "Marine Fish, Other", "v": 8.0}, {"l": "Pelagic Fish", "v": 94.0}, {"l": "Fish, Seafood", "v": 173.0}, {"l": "Cephalopods", "v": 2.0}, {"l": "Demersal Fish", "v": 32.0}]}, {"source": 12, "prod": 1.5168154616613265, "target": 9, "value": 148.0, "supply": [{"l": "Soyabean Oil", "v": 26.0}, {"l": "Sunflowerseed Oil", "v": 77.0}, {"l": "Olive Oil", "v": 1.0}, {"l": "Coconut Oil", "v": 2.0}, {"l": "Rape and Mustard Oil", "v": 41.0}, {"l": "Oilcrops Oil, Other", "v": 1.0}]}, {"source": 2, "prod": 0.48222417773284909, "target": 13, "value": 166.0, "supply": [{"l": "Wheat", "v": 59.0}, {"l": "Barley", "v": 97.0}, {"l": "Rye", "v": 10.0}]}, {"source": 3, "prod": 0.7996255337720054, "target": 13, "value": 217.0, "supply": [{"l": "Oilcrops, Other", "v": 2.0}, {"l": "Rape and Mustardseed", "v": 215.0}]}, {"source": 4, "prod": 4.3362511028200004, "target": 13, "value": 3731.0, "supply": [{"l": "Sugar beet", "v": 3731.0}]}, {"source": 10, "prod": 0.0034664216418075554, "target": 13, "value": 1.0, "supply": [{"l": "Sugar", "v": 1.0}]}, {"source": 5, "prod": 0.11701373696437907, "target": 13, "value": 150.0, "supply": [{"l": "Potatoes", "v": 150.0}]}, {"source": 6, "prod": 0.05692175947759711, "target": 13, "value": 54.0, "supply": [{"l": "Apples", "v": 24.0}, {"l": "Grapes", "v": 30.0}]}, {"source": 8, "prod": 0.59437161413222561, "target": 14, "value": 72.0, "supply": [{"l": "Fats, Animals, Raw", "v": 71.0}, {"l": "Alcohol, Non-Food", "v": 1.0}]}, {"source": 0, "prod": 0.0013243894337019704, "target": 14, "value": 1.0, "supply": [{"l": "Offals, Edible", "v": 1.0}]}, {"source": 2, "prod": 0.65882380988539668, "target": 14, "value": 237.0, "supply": [{"l": "Wheat", "v": 56.0}, {"l": "Barley", "v": 181.0}]}, {"source": 10, "prod": 0.0034664216418075554, "target": 14, "value": 1.0, "supply": [{"l": "Sugar", "v": 1.0}]}, {"source": 5, "prod": 0.0070208242178627445, "target": 14, "value": 9.0, "supply": [{"l": "Cassava", "v": 9.0}]}, {"source": 7, "prod": 0.0017308936426299695, "target": 14, "value": 2.0, "supply": [{"l": "Aquatic Products, Other", "v": 1.0}, {"l": "Aquatic Plants", "v": 1.0}]}, {"source": 12, "prod": 0.13757881704863673, "target": 14, "value": 13.0, "supply": [{"l": "Palm Oil", "v": 4.0}, {"l": "Oilcrops Oil, Other", "v": 8.0}, {"l": "Sunflowerseed Oil", "v": 1.0}]}, {"source": 5, "prod": 1.2169428644295424, "target": 15, "value": 1560.0, "supply": [{"l": "Potatoes", "v": 1560.0}]}, {"source": 6, "prod": 0.0042230418173757802, "target": 15, "value": 8.0, "supply": [{"l": "Peas", "v": 2.0}, {"l": "Beans", "v": 6.0}]}, {"source": 0, "prod": 0.016264431641954024, "target": 0, "value": 10.0, "supply": [{"l": "Eggs", "v": 10.0}]}, {"source": 2, "prod": 2.2298724230491107, "target": 15, "value": 758.0, "supply": [{"l": "Maize", "v": 21.0}, {"l": "Wheat", "v": 112.0}, {"l": "Oats", "v": 48.0}, {"l": "Rye", "v": 195.0}, {"l": "Barley", "v": 236.0}, {"l": "Cereals, Other", "v": 146.0}]}, {"source": 3, "prod": 0.10686239852252605, "target": 15, "value": 29.0, "supply": [{"l": "Rape and Mustardseed", "v": 26.0}, {"l": "Oilcrops, Other", "v": 3.0}]}, {"source": 0, "prod": 0.015295546017896742, "target": 16, "value": 8.0, "supply": [{"l": "Pigmeat", "v": 3.0}, {"l": "Bovine Meat", "v": 2.0}, {"l": "Offals, Edible", "v": 3.0}]}, {"source": 2, "prod": 0.83092019707957188, "target": 16, "value": 276.0, "supply": [{"l": "Maize", "v": 19.0}, {"l": "Oats", "v": 37.0}, {"l": "Rye", "v": 64.0}, {"l": "Barley", "v": 32.0}, {"l": "Cereals, Other", "v": 55.0}, {"l": "Wheat", "v": 69.0}]}, {"source": 3, "prod": 0.022109461763281251, "target": 16, "value": 6.0, "supply": [{"l": "Sunflower seed", "v": 1.0}, {"l": "Rape and Mustardseed", "v": 5.0}]}, {"source": 4, "prod": 0.023244444400000001, "target": 16, "value": 20.0, "supply": [{"l": "Sugar beet", "v": 20.0}]}, {"source": 5, "prod": 0.10609245484770367, "target": 16, "value": 136.0, "supply": [{"l": "Potatoes", "v": 136.0}]}, {"source": 6, "prod": 0.07697850894886564, "target": 16, "value": 206.0, "supply": [{"l": "Fruits, Other", "v": 29.0}, {"l": "Beans", "v": 7.0}, {"l": "Tomatoes", "v": 12.0}, {"l": "Bananas", "v": 1.0}, {"l": "Vegetables, Other", "v": 114.0}, {"l": "Peas", "v": 2.0}, {"l": "Oranges, Mandarines", "v": 1.0}, {"l": "Onions", "v": 14.0}, {"l": "Apples", "v": 26.0}]}, {"source": 17, "prod": 0.13955805285414635, "target": 11, "value": 55.0, "supply": [{"l": "Nuts", "v": 5.0}, {"l": "Cocoa Beans", "v": 20.0}, {"l": "Coffee", "v": 22.0}, {"l": "Spices, Other", "v": 1.0}, {"l": "Tea", "v": 6.0}, {"l": "Infant food", "v": 1.0}]}, {"source": 17, "prod": 0.66145715028373964, "target": 1, "value": 704.0, "supply": [{"l": "Freshwater Fish", "v": 21.0}, {"l": "Crustaceans", "v": 3.0}, {"l": "Eggs", "v": 1.0}, {"l": "Aquatic Products, Other", "v": 1.0}, {"l": "Marine Fish, Other", "v": 30.0}, {"l": "Demersal Fish", "v": 38.0}, {"l": "Pigmeat", "v": 56.0}, {"l": "Milk - Excluding Butter", "v": 66.0}, {"l": "Pelagic Fish", "v": 185.0}, {"l": "Fish, Seafood", "v": 280.0}, {"l": "Cephalopods", "v": 3.0}, {"l": "Aquatic Plants", "v": 1.0}, {"l": "Poultry Meat", "v": 15.0}, {"l": "Offals, Edible", "v": 1.0}, {"l": "Bovine Meat", "v": 3.0}]}, {"source": 17, "prod": 2.4600153900408617, "target": 13, "value": 606.0, "supply": [{"l": "Sugar", "v": 254.0}, {"l": "Beer", "v": 149.0}, {"l": "Beverages, Alcoholic", "v": 6.0}, {"l": "Butter, Ghee", "v": 1.0}, {"l": "Fats, Animals, Raw", "v": 12.0}, {"l": "Soyabean Oil", "v": 26.0}, {"l": "Palm Oil", "v": 6.0}, {"l": "Sunflowerseed Oil", "v": 78.0}, {"l": "Olive Oil", "v": 1.0}, {"l": "Coconut Oil", "v": 2.0}, {"l": "Rape and Mustard Oil", "v": 2.0}, {"l": "Oilcrops Oil, Other", "v": 8.0}, {"l": "Wine", "v": 46.0}, {"l": "Sweeteners, Other", "v": 15.0}]}, {"source": 17, "prod": 2.0425468806045064, "target": 2, "value": 640.0, "supply": [{"l": "Maize", "v": 186.0}, {"l": "Barley", "v": 77.0}, {"l": "Rice", "v": 34.0}, {"l": "Cereals, Other", "v": 46.0}, {"l": "Wheat", "v": 296.0}, {"l": "Oats", "v": 1.0}]}, {"source": 17, "prod": 0.25106075637019093, "target": 6, "value": 483.0, "supply": [{"l": "Grapefruit", "v": 13.0}, {"l": "Tomatoes", "v": 75.0}, {"l": "Treenuts", "v": 5.0}, {"l": "Vegetables, Other", "v": 61.0}, {"l": "Peas", "v": 6.0}, {"l": "Grapes", "v": 27.0}, {"l": "Beans", "v": 1.0}, {"l": "Apples", "v": 86.0}, {"l": "Lemons, Limes", "v": 6.0}, {"l": "Pineapples", "v": 12.0}, {"l": "Bananas", "v": 42.0}, {"l": "Fruits, Other", "v": 68.0}, {"l": "Oranges, Mandarines", "v": 76.0}, {"l": "Onions", "v": 5.0}]}, {"source": 17, "prod": 0.1079701048896561, "target": 3, "value": 28.0, "supply": [{"l": "Olives", "v": 3.0}, {"l": "Sunflower seed", "v": 10.0}, {"l": "Coconuts - Incl Copra", "v": 2.0}, {"l": "Groundnuts", "v": 5.0}, {"l": "Oilcrops, Other", "v": 6.0}, {"l": "Soyabeans", "v": 1.0}, {"l": "Rape and Mustardseed", "v": 1.0}]}, {"source": 17, "prod": 0.035884212669076244, "target": 5, "value": 46.0, "supply": [{"l": "Potatoes", "v": 37.0}, {"l": "Cassava", "v": 9.0}]}, {"source": 8, "prod": 0.65620176803841146, "target": 18, "value": 93.0, "supply": [{"l": "Beer", "v": 9.0}, {"l": "Beverages, Alcoholic", "v": 7.0}, {"l": "Butter, Ghee", "v": 62.0}, {"l": "Fats, Animals, Raw", "v": 13.0}, {"l": "Beverages, Fermented", "v": 1.0}, {"l": "Cream", "v": 1.0}]}, {"source": 0, "prod": 1.907356549312061, "target": 18, "value": 3124.0, "supply": [{"l": "Pigmeat", "v": 97.0}, {"l": "Milk - Excluding Butter", "v": 2925.0}, {"l": "Bovine Meat", "v": 66.0}, {"l": "Eggs", "v": 28.0}, {"l": "Poultry Meat", "v": 7.0}, {"l": "Offals, Edible", "v": 1.0}]}, {"source": 2, "prod": 0.46879564448211231, "target": 18, "value": 144.0, "supply": [{"l": "Rye", "v": 64.0}, {"l": "Barley", "v": 5.0}, {"l": "Cereals, Other", "v": 6.0}, {"l": "Wheat", "v": 69.0}]}, {"source": 3, "prod": 0.0036849102938802088, "target": 18, "value": 1.0, "supply": [{"l": "Rape and Mustardseed", "v": 1.0}]}, {"source": 10, "prod": 1.2687103209015655, "target": 18, "value": 366.0, "supply": [{"l": "Sugar", "v": 366.0}]}, {"source": 5, "prod": 0.096731355890553358, "target": 18, "value": 124.0, "supply": [{"l": "Potatoes", "v": 124.0}]}, {"source": 6, "prod": 0.032002940736869552, "target": 18, "value": 90.0, "supply": [{"l": "Fruits, Other", "v": 1.0}, {"l": "Tomatoes", "v": 22.0}, {"l": "Vegetables, Other", "v": 37.0}, {"l": "Onions", "v": 3.0}, {"l": "Apples", "v": 27.0}]}, {"source": 11, "prod": 0.019456326351687502, "target": 18, "value": 5.0, "supply": [{"l": "Cocoa Beans", "v": 4.0}, {"l": "Coffee", "v": 1.0}]}, {"source": 7, "prod": 0.096653916850465413, "target": 18, "value": 110.0, "supply": [{"l": "Freshwater Fish", "v": 1.0}, {"l": "Fish, Seafood", "v": 55.0}, {"l": "Marine Fish, Other", "v": 21.0}, {"l": "Pelagic Fish", "v": 25.0}, {"l": "Cephalopods", "v": 1.0}, {"l": "Crustaceans", "v": 1.0}, {"l": "Demersal Fish", "v": 6.0}]}, {"source": 12, "prod": 0.24716951834460485, "target": 18, "value": 24.0, "supply": [{"l": "Rape and Mustard Oil", "v": 22.0}, {"l": "Palm Oil", "v": 2.0}]}, {"source": 12, "prod": 0.20540403186532261, "target": 19, "value": 20.0, "supply": [{"l": "Rape and Mustard Oil", "v": 20.0}]}, {"source": 0, "prod": 0.0026487788674039408, "target": 19, "value": 2.0, "supply": [{"l": "Offals, Edible", "v": 2.0}]}, {"source": 8, "prod": 0.00071246627743018769, "target": 19, "value": 1.0, "supply": [{"l": "Alcohol, Non-Food", "v": 1.0}]}, {"source": 3, "prod": 0.51588744114322926, "target": 19, "value": 140.0, "supply": [{"l": "Rape and Mustardseed", "v": 140.0}]}, {"source": 5, "prod": 0.3120366319050108, "target": 19, "value": 400.0, "supply": [{"l": "Potatoes", "v": 400.0}]}, {"source": 10, "prod": 0.1802539253739929, "target": 19, "value": 52.0, "supply": [{"l": "Sugar", "v": 52.0}]}, {"source": 20, "prod": 0.061850670162516552, "target": 2, "value": 19.0, "supply": [{"l": "Wheat", "v": 17.0}, {"l": "Barley", "v": 2.0}]}, {"source": 21, "prod": 25.863203822093475, "target": 2, "value": 8713.0, "supply": [{"l": "Maize", "v": 495.0}, {"l": "Rye", "v": 1492.0}, {"l": "Barley", "v": 2212.0}, {"l": "Cereals, Other", "v": 1864.0}, {"l": "Wheat", "v": 2045.0}, {"l": "Oats", "v": 605.0}]}, {"source": 21, "prod": 2.0451252131035158, "target": 3, "value": 555.0, "supply": [{"l": "Sunflower seed", "v": 22.0}, {"l": "Oilcrops, Other", "v": 19.0}, {"l": "Rape and Mustardseed", "v": 514.0}]}, {"source": 21, "prod": 4.6837555466000005, "target": 4, "value": 4030.0, "supply": [{"l": "Sugar beet", "v": 4030.0}]}, {"source": 21, "prod": 6.8250212313423502, "target": 5, "value": 8749.0, "supply": [{"l": "Potatoes", "v": 8749.0}]}, {"source": 21, "prod": 1.2301821706382376, "target": 6, "value": 3228.0, "supply": [{"l": "Tomatoes", "v": 275.0}, {"l": "Treenuts", "v": 15.0}, {"l": "Vegetables, Other", "v": 1816.0}, {"l": "Peas", "v": 39.0}, {"l": "Grapes", "v": 14.0}, {"l": "Beans", "v": 133.0}, {"l": "Apples", "v": 380.0}, {"l": "Fruits, Other", "v": 215.0}, {"l": "Pulses, Other", "v": 129.0}, {"l": "Onions", "v": 212.0}]}, {"source": 21, "prod": 0.049697756002536585, "target": 11, "value": 15.0, "supply": [{"l": "Nuts", "v": 15.0}]}, {"source": 1, "prod": 0.50249063812480255, "target": 7, "value": 590.0, "supply": [{"l": "Pelagic Fish", "v": 185.0}, {"l": "Crustaceans", "v": 3.0}, {"l": "Freshwater Fish", "v": 36.0}, {"l": "Aquatic Plants", "v": 1.0}, {"l": "Marine Fish, Other", "v": 29.0}, {"l": "Aquatic Products, Other", "v": 1.0}, {"l": "Fish, Seafood", "v": 294.0}, {"l": "Demersal Fish", "v": 38.0}, {"l": "Cephalopods", "v": 3.0}]}, {"source": 1, "prod": 5.4537217691375641, "target": 0, "value": 7449.0, "supply": [{"l": "Poultry Meat", "v": 207.0}, {"l": "Pigmeat", "v": 433.0}, {"l": "Bovine Meat", "v": 272.0}, {"l": "Eggs", "v": 188.0}, {"l": "Milk - Excluding Butter", "v": 6290.0}, {"l": "Offals, Edible", "v": 65.0}, {"l": "Meat, Other", "v": 3.0}, {"l": "Mutton & Goat Meat", "v": 1.0}]}, {"source": 13, "prod": 2.7419747662712952, "target": 8, "value": 980.0, "supply": [{"l": "Fats, Animals, Raw", "v": 122.0}, {"l": "Alcohol, Non-Food", "v": 2.0}, {"l": "Beverages, Fermented", "v": 20.0}, {"l": "Beer", "v": 504.0}, {"l": "Beverages, Alcoholic", "v": 151.0}, {"l": "Cream", "v": 10.0}, {"l": "Butter, Ghee", "v": 99.0}, {"l": "Wine", "v": 72.0}]}, {"source": 13, "prod": 2.1069678289198905, "target": 12, "value": 205.0, "supply": [{"l": "Olive Oil", "v": 1.0}, {"l": "Soyabean Oil", "v": 26.0}, {"l": "Coconut Oil", "v": 2.0}, {"l": "Rape and Mustard Oil", "v": 83.0}, {"l": "Palm Oil", "v": 6.0}, {"l": "Oilcrops Oil, Other", "v": 9.0}, {"l": "Sunflowerseed Oil", "v": 78.0}]}, {"source": 13, "prod": 2.8367526657905815, "target": 10, "value": 815.0, "supply": [{"l": "Honey", "v": 4.0}, {"l": "Sweeteners, Other", "v": 15.0}, {"l": "Sugar", "v": 796.0}]}]}