{"nodes": [{"layer": 13, "name": "Milk - Excluding Butter"}, {"layer": 10, "name": "Feed", "fill": "#dbdb8d"}, {"layer": 5, "name": "Oilcrops", "fill": "#ff9896"}, {"layer": 5, "name": "Vegetables"}, {"layer": 5, "name": "Sugar Crops", "fill": "#ffbb78"}, {"layer": 5, "name": "Starchy Roots"}, {"layer": 5, "name": "Pulses"}, {"layer": 13, "name": "Fish, Seafood"}, {"layer": 5, "name": "Fruits - Excluding Wine"}, {"layer": 5, "name": "Cereals - Excluding Beer"}, {"layer": 16, "name": "Food", "fill": "#b5cf6b"}, {"layer": 5, "name": "Treenuts"}, {"layer": 5, "name": "Others"}, {"layer": 13, "name": "Alcoholic Beverages"}, {"layer": 13, "name": "Animal Fats"}, {"layer": 13, "name": "Sugar & Sweeteners"}, {"layer": 13, "name": "Vegetable Oils", "fill": "#f7b6d2"}, {"layer": 5, "name": "Spices"}, {"layer": 5, "name": "Stimulants"}, {"layer": 13, "name": "Eggs"}, {"layer": 13, "name": "Meat"}, {"layer": 10, "name": "Processing", "fill": "#9edae5"}, {"layer": 16, "name": "Biofuels & Other", "fill": "#e7ba52"}, {"name": "Seed", "fill": "#dbdb8d"}, {"name": "Waste", "fill": "#c7c7c7"}, {"layer": 0, "name": "Import", "fill": "#aec7e8"}, {"layer": 16, "name": "Export", "fill": "#aec7e8"}, {"layer": 0, "name": "Stock Draw", "fill": "#c7c7c7"}, {"layer": 16, "name": "Stock Deposit", "fill": "#c7c7c7"}, {"layer": 0, "name": "Production", "fill": "#b5cf6b"}], "links": [{"source": 0, "prod": 0.99178232057443338, "target": 1, "value": 1744.0, "supply": [{"l": "Milk - Excluding Butter", "v": 1744.0}]}, {"source": 2, "prod": 0.81209014337478269, "target": 1, "value": 110.0, "supply": [{"l": "Sunflower seed", "v": 22.0}, {"l": "Rape and Mustardseed", "v": 73.0}, {"l": "Oilcrops, Other", "v": 15.0}]}, {"source": 3, "prod": 0.25139701788561586, "target": 1, "value": 795.0, "supply": [{"l": "Vegetables, Other", "v": 795.0}]}, {"source": 4, "prod": 0.11273555534000002, "target": 1, "value": 97.0, "supply": [{"l": "Sugar beet", "v": 97.0}]}, {"source": 5, "prod": 3.9482198153282231, "target": 1, "value": 5065.0, "supply": [{"l": "Potatoes", "v": 5065.0}]}, {"source": 6, "prod": 0.19165446066542549, "target": 1, "value": 414.0, "supply": [{"l": "Peas", "v": 109.0}, {"l": "Beans", "v": 105.0}, {"l": "Pulses, Other", "v": 200.0}]}, {"source": 7, "prod": 0.10237615275435558, "target": 1, "value": 122.0, "supply": [{"l": "Pelagic Fish", "v": 61.0}, {"l": "Fish, Seafood", "v": 61.0}]}, {"source": 8, "prod": 0.0084388885380813263, "target": 1, "value": 16.0, "supply": [{"l": "Apples", "v": 16.0}]}, {"source": 9, "prod": 14.378420955843096, "target": 1, "value": 4846.0, "supply": [{"l": "Maize", "v": 235.0}, {"l": "Wheat", "v": 646.0}, {"l": "Oats", "v": 543.0}, {"l": "Rye", "v": 721.0}, {"l": "Barley", "v": 1600.0}, {"l": "Cereals, Other", "v": 1101.0}]}, {"source": 0, "prod": 0.88714473629364443, "target": 10, "value": 1560.0, "supply": [{"l": "Milk - Excluding Butter", "v": 1560.0}]}, {"source": 2, "prod": 0.017627868804490739, "target": 10, "value": 4.0, "supply": [{"l": "Olives", "v": 1.0}, {"l": "Coconuts - Incl Copra", "v": 1.0}, {"l": "Groundnuts", "v": 2.0}]}, {"source": 11, "prod": 0.065942006346407761, "target": 10, "value": 20.0, "supply": [{"l": "Treenuts", "v": 20.0}]}, {"source": 3, "prod": 0.34665854585599337, "target": 10, "value": 1166.0, "supply": [{"l": "Vegetables, Other", "v": 757.0}, {"l": "Tomatoes", "v": 249.0}, {"l": "Onions", "v": 160.0}]}, {"source": 12, "prod": 0.064685968130285709, "target": 10, "value": 20.0, "supply": [{"l": "Nuts", "v": 20.0}]}, {"source": 13, "prod": 0.43584089550330041, "target": 10, "value": 381.0, "supply": [{"l": "Beer", "v": 222.0}, {"l": "Beverages, Alcoholic", "v": 72.0}, {"l": "Wine", "v": 58.0}, {"l": "Beverages, Fermented", "v": 29.0}]}, {"source": 14, "prod": 0.62658420336836795, "target": 10, "value": 78.0, "supply": [{"l": "Butter, Ghee", "v": 36.0}, {"l": "Fats, Animals, Raw", "v": 38.0}, {"l": "Cream", "v": 4.0}]}, {"source": 5, "prod": 1.4070161434683996, "target": 10, "value": 1805.0, "supply": [{"l": "Potatoes", "v": 1805.0}]}, {"source": 7, "prod": 0.24013796076114199, "target": 10, "value": 298.0, "supply": [{"l": "Freshwater Fish", "v": 12.0}, {"l": "Crustaceans", "v": 1.0}, {"l": "Marine Fish, Other", "v": 19.0}, {"l": "Pelagic Fish", "v": 75.0}, {"l": "Fish, Seafood", "v": 149.0}, {"l": "Cephalopods", "v": 1.0}, {"l": "Demersal Fish", "v": 41.0}]}, {"source": 15, "prod": 1.2431114605511282, "target": 10, "value": 342.0, "supply": [{"l": "Sugar", "v": 320.0}, {"l": "Sweeteners, Other", "v": 19.0}, {"l": "Honey", "v": 3.0}]}, {"source": 9, "prod": 4.0637108939777589, "target": 10, "value": 1264.0, "supply": [{"l": "Maize", "v": 4.0}, {"l": "Rye", "v": 323.0}, {"l": "Barley", "v": 48.0}, {"l": "Rice", "v": 29.0}, {"l": "Cereals, Other", "v": 43.0}, {"l": "Wheat", "v": 702.0}, {"l": "Oats", "v": 115.0}]}, {"source": 16, "prod": 0.9256200690862606, "target": 10, "value": 91.0, "supply": [{"l": "Soyabean Oil", "v": 7.0}, {"l": "Sunflowerseed Oil", "v": 72.0}, {"l": "Coconut Oil", "v": 3.0}, {"l": "Rape and Mustard Oil", "v": 9.0}]}, {"source": 17, "prod": 0.0060643095122142861, "target": 10, "value": 1.0, "supply": [{"l": "Spices, Other", "v": 1.0}]}, {"source": 18, "prod": 0.032778401738918425, "target": 10, "value": 14.0, "supply": [{"l": "Coffee", "v": 6.0}, {"l": "Cocoa Beans", "v": 6.0}, {"l": "Tea", "v": 2.0}]}, {"source": 19, "prod": 0.21404184661763587, "target": 10, "value": 131.0, "supply": [{"l": "Eggs", "v": 131.0}]}, {"source": 8, "prod": 0.25783602021165514, "target": 10, "value": 512.0, "supply": [{"l": "Citrus, Other", "v": 1.0}, {"l": "Grapefruit", "v": 7.0}, {"l": "Grapes", "v": 5.0}, {"l": "Apples", "v": 258.0}, {"l": "Lemons, Limes", "v": 4.0}, {"l": "Pineapples", "v": 10.0}, {"l": "Bananas", "v": 12.0}, {"l": "Fruits, Other", "v": 159.0}, {"l": "Oranges, Mandarines", "v": 56.0}]}, {"source": 20, "prod": 1.2967350771892634, "target": 10, "value": 628.0, "supply": [{"l": "Mutton & Goat Meat", "v": 2.0}, {"l": "Pigmeat", "v": 279.0}, {"l": "Poultry Meat", "v": 110.0}, {"l": "Meat, Other", "v": 9.0}, {"l": "Offals, Edible", "v": 54.0}, {"l": "Bovine Meat", "v": 174.0}]}, {"source": 5, "prod": 0.019487758219783925, "target": 21, "value": 25.0, "supply": [{"l": "Potatoes", "v": 25.0}]}, {"source": 9, "prod": 0.21340011362127542, "target": 21, "value": 71.0, "supply": [{"l": "Wheat", "v": 30.0}, {"l": "Barley", "v": 41.0}]}, {"source": 4, "prod": 2.7614399947200003, "target": 21, "value": 2376.0, "supply": [{"l": "Sugar beet", "v": 2376.0}]}, {"source": 2, "prod": 0.53893254969417392, "target": 21, "value": 73.0, "supply": [{"l": "Sunflower seed", "v": 7.0}, {"l": "Oilcrops, Other", "v": 2.0}, {"l": "Rape and Mustardseed", "v": 64.0}]}, {"source": 8, "prod": 0.04737162212424411, "target": 21, "value": 50.0, "supply": [{"l": "Grapes", "v": 19.0}, {"l": "Apples", "v": 31.0}]}, {"source": 20, "prod": 0.001293284645077957, "target": 22, "value": 1.0, "supply": [{"l": "Offals, Edible", "v": 1.0}]}, {"source": 14, "prod": 0.42633842623889312, "target": 22, "value": 51.0, "supply": [{"l": "Fats, Animals, Raw", "v": 50.0}, {"l": "Fish, Body Oil", "v": 1.0}]}, {"source": 5, "prod": 0.0038975516439567854, "target": 22, "value": 5.0, "supply": [{"l": "Cassava", "v": 5.0}]}, {"source": 15, "prod": 0.0036083930309471768, "target": 22, "value": 1.0, "supply": [{"l": "Sugar", "v": 1.0}]}, {"source": 13, "prod": 0.00067783981447352623, "target": 22, "value": 1.0, "supply": [{"l": "Alcohol, Non-Food", "v": 1.0}]}, {"source": 9, "prod": 0.52603850656510021, "target": 22, "value": 177.0, "supply": [{"l": "Wheat", "v": 64.0}, {"l": "Barley", "v": 113.0}]}, {"source": 16, "prod": 0.13623999560158814, "target": 22, "value": 13.0, "supply": [{"l": "Palm Oil", "v": 4.0}, {"l": "Oilcrops Oil, Other", "v": 9.0}]}, {"source": 5, "prod": 1.1848556997628628, "target": 23, "value": 1520.0, "supply": [{"l": "Potatoes", "v": 1520.0}]}, {"source": 9, "prod": 2.1485614688028769, "target": 23, "value": 718.0, "supply": [{"l": "Maize", "v": 14.0}, {"l": "Wheat", "v": 72.0}, {"l": "Oats", "v": 67.0}, {"l": "Rye", "v": 230.0}, {"l": "Barley", "v": 235.0}, {"l": "Cereals, Other", "v": 100.0}]}, {"source": 19, "prod": 0.0065356289043552928, "target": 19, "value": 4.0, "supply": [{"l": "Eggs", "v": 4.0}]}, {"source": 6, "prod": 0.0037034678389454203, "target": 23, "value": 8.0, "supply": [{"l": "Peas", "v": 3.0}, {"l": "Beans", "v": 5.0}]}, {"source": 2, "prod": 0.10335692733860871, "target": 23, "value": 14.0, "supply": [{"l": "Rape and Mustardseed", "v": 7.0}, {"l": "Oilcrops, Other", "v": 7.0}]}, {"source": 0, "prod": 0.00056868252326515672, "target": 24, "value": 1.0, "supply": [{"l": "Milk - Excluding Butter", "v": 1.0}]}, {"source": 2, "prod": 0.014765275334086957, "target": 24, "value": 2.0, "supply": [{"l": "Sunflower seed", "v": 1.0}, {"l": "Rape and Mustardseed", "v": 1.0}]}, {"source": 11, "prod": 0.0032971003173203881, "target": 24, "value": 1.0, "supply": [{"l": "Treenuts", "v": 1.0}]}, {"source": 3, "prod": 0.037374498563448731, "target": 24, "value": 119.0, "supply": [{"l": "Vegetables, Other", "v": 103.0}, {"l": "Tomatoes", "v": 6.0}, {"l": "Onions", "v": 10.0}]}, {"source": 12, "prod": 0.0032342984065142858, "target": 24, "value": 1.0, "supply": [{"l": "Nuts", "v": 1.0}]}, {"source": 4, "prod": 0.017433333299999999, "target": 24, "value": 15.0, "supply": [{"l": "Sugar beet", "v": 15.0}]}, {"source": 5, "prod": 0.1122494873459554, "target": 24, "value": 144.0, "supply": [{"l": "Potatoes", "v": 144.0}]}, {"source": 6, "prod": 0.0055552017584181304, "target": 24, "value": 12.0, "supply": [{"l": "Beans", "v": 6.0}, {"l": "Peas", "v": 6.0}]}, {"source": 8, "prod": 0.017674355715338617, "target": 24, "value": 35.0, "supply": [{"l": "Fruits, Other", "v": 16.0}, {"l": "Oranges, Mandarines", "v": 1.0}, {"l": "Apples", "v": 18.0}]}, {"source": 9, "prod": 0.68363893019379773, "target": 24, "value": 227.0, "supply": [{"l": "Maize", "v": 7.0}, {"l": "Oats", "v": 43.0}, {"l": "Rye", "v": 63.0}, {"l": "Barley", "v": 32.0}, {"l": "Cereals, Other", "v": 37.0}, {"l": "Wheat", "v": 45.0}]}, {"source": 20, "prod": 0.011634716769568228, "target": 24, "value": 6.0, "supply": [{"l": "Bovine Meat", "v": 3.0}, {"l": "Offals, Edible", "v": 3.0}]}, {"source": 25, "prod": 0.01677792298379286, "target": 12, "value": 4.0, "supply": [{"l": "Nuts", "v": 3.0}, {"l": "Infant food", "v": 1.0}]}, {"source": 25, "prod": 0.59190479499723458, "target": 1, "value": 641.0, "supply": [{"l": "Freshwater Fish", "v": 8.0}, {"l": "Meat, Other", "v": 5.0}, {"l": "Crustaceans", "v": 2.0}, {"l": "Eggs", "v": 1.0}, {"l": "Marine Fish, Other", "v": 28.0}, {"l": "Demersal Fish", "v": 41.0}, {"l": "Pigmeat", "v": 41.0}, {"l": "Milk - Excluding Butter", "v": 81.0}, {"l": "Pelagic Fish", "v": 158.0}, {"l": "Fish, Seafood", "v": 238.0}, {"l": "Cephalopods", "v": 1.0}, {"l": "Poultry Meat", "v": 24.0}, {"l": "Offals, Edible", "v": 7.0}, {"l": "Bovine Meat", "v": 6.0}]}, {"source": 25, "prod": 3.3970196836490656, "target": 9, "value": 1017.0, "supply": [{"l": "Maize", "v": 221.0}, {"l": "Rye", "v": 3.0}, {"l": "Barley", "v": 266.0}, {"l": "Rice", "v": 29.0}, {"l": "Cereals, Other", "v": 45.0}, {"l": "Wheat", "v": 451.0}, {"l": "Oats", "v": 2.0}]}, {"source": 25, "prod": 0.0037034678389454203, "target": 6, "value": 8.0, "supply": [{"l": "Peas", "v": 7.0}, {"l": "Beans", "v": 1.0}]}, {"source": 25, "prod": 3.1875470505708341, "target": 21, "value": 746.0, "supply": [{"l": "Sugar", "v": 523.0}, {"l": "Beer", "v": 18.0}, {"l": "Beverages, Alcoholic", "v": 10.0}, {"l": "Fats, Animals, Raw", "v": 16.0}, {"l": "Soyabean Oil", "v": 7.0}, {"l": "Butter, Ghee", "v": 1.0}, {"l": "Palm Oil", "v": 4.0}, {"l": "Sunflowerseed Oil", "v": 71.0}, {"l": "Coconut Oil", "v": 3.0}, {"l": "Rape and Mustard Oil", "v": 1.0}, {"l": "Oilcrops Oil, Other", "v": 10.0}, {"l": "Wine", "v": 43.0}, {"l": "Sweeteners, Other", "v": 19.0}, {"l": "Beverages, Fermented", "v": 19.0}, {"l": "Fish, Body Oil", "v": 1.0}]}, {"source": 25, "prod": 0.0098913009519611649, "target": 11, "value": 3.0, "supply": [{"l": "Treenuts", "v": 3.0}]}, {"source": 25, "prod": 0.023055225665937127, "target": 3, "value": 88.0, "supply": [{"l": "Vegetables, Other", "v": 28.0}, {"l": "Tomatoes", "v": 46.0}, {"l": "Onions", "v": 14.0}]}, {"source": 25, "prod": 0.083728806008486104, "target": 18, "value": 26.0, "supply": [{"l": "Coffee", "v": 7.0}, {"l": "Cocoa Beans", "v": 17.0}, {"l": "Tea", "v": 2.0}]}, {"source": 25, "prod": 0.16918706059843225, "target": 8, "value": 314.0, "supply": [{"l": "Citrus, Other", "v": 1.0}, {"l": "Grapefruit", "v": 7.0}, {"l": "Grapes", "v": 16.0}, {"l": "Apples", "v": 148.0}, {"l": "Lemons, Limes", "v": 5.0}, {"l": "Pineapples", "v": 10.0}, {"l": "Bananas", "v": 15.0}, {"l": "Fruits, Other", "v": 54.0}, {"l": "Oranges, Mandarines", "v": 58.0}]}, {"source": 25, "prod": 0.15789798447831685, "target": 2, "value": 23.0, "supply": [{"l": "Olives", "v": 1.0}, {"l": "Sunflower seed", "v": 9.0}, {"l": "Coconuts - Incl Copra", "v": 1.0}, {"l": "Groundnuts", "v": 2.0}, {"l": "Oilcrops, Other", "v": 4.0}, {"l": "Rape and Mustardseed", "v": 6.0}]}, {"source": 25, "prod": 0.0060643095122142861, "target": 17, "value": 1.0, "supply": [{"l": "Spices, Other", "v": 1.0}]}, {"source": 25, "prod": 0.067817398604848061, "target": 5, "value": 87.0, "supply": [{"l": "Potatoes", "v": 82.0}, {"l": "Cassava", "v": 5.0}]}, {"source": 0, "prod": 1.0947138572854265, "target": 26, "value": 1925.0, "supply": [{"l": "Milk - Excluding Butter", "v": 1925.0}]}, {"source": 20, "prod": 0.2901604584380888, "target": 26, "value": 129.0, "supply": [{"l": "Pigmeat", "v": 61.0}, {"l": "Bovine Meat", "v": 53.0}, {"l": "Poultry Meat", "v": 15.0}]}, {"source": 15, "prod": 1.836672052752113, "target": 26, "value": 509.0, "supply": [{"l": "Sugar", "v": 509.0}]}, {"source": 3, "prod": 0.013147053657656844, "target": 26, "value": 49.0, "supply": [{"l": "Tomatoes", "v": 20.0}, {"l": "Vegetables, Other", "v": 29.0}]}, {"source": 13, "prod": 0.063302818324529206, "target": 26, "value": 55.0, "supply": [{"l": "Beer", "v": 24.0}, {"l": "Beverages, Alcoholic", "v": 11.0}, {"l": "Wine", "v": 1.0}, {"l": "Alcohol, Non-Food", "v": 3.0}, {"l": "Beverages, Fermented", "v": 16.0}]}, {"source": 14, "prod": 0.46558029613096358, "target": 26, "value": 58.0, "supply": [{"l": "Fats, Animals, Raw", "v": 8.0}, {"l": "Butter, Ghee", "v": 47.0}, {"l": "Cream", "v": 3.0}]}, {"source": 5, "prod": 0.11302899767474678, "target": 26, "value": 145.0, "supply": [{"l": "Potatoes", "v": 145.0}]}, {"source": 7, "prod": 0.051883550531800451, "target": 26, "value": 62.0, "supply": [{"l": "Fish, Seafood", "v": 31.0}, {"l": "Pelagic Fish", "v": 22.0}, {"l": "Crustaceans", "v": 1.0}, {"l": "Marine Fish, Other", "v": 8.0}]}, {"source": 9, "prod": 0.33177633704787907, "target": 26, "value": 106.0, "supply": [{"l": "Rye", "v": 63.0}, {"l": "Barley", "v": 29.0}, {"l": "Cereals, Other", "v": 1.0}, {"l": "Wheat", "v": 13.0}]}, {"source": 8, "prod": 0.02239970895447857, "target": 26, "value": 41.0, "supply": [{"l": "Oranges, Mandarines", "v": 2.0}, {"l": "Fruits, Other", "v": 5.0}, {"l": "Bananas", "v": 2.0}, {"l": "Grapes", "v": 1.0}, {"l": "Apples", "v": 31.0}]}, {"source": 16, "prod": 0.20188525835390017, "target": 26, "value": 20.0, "supply": [{"l": "Rape and Mustard Oil", "v": 16.0}, {"l": "Oilcrops Oil, Other", "v": 2.0}, {"l": "Sunflowerseed Oil", "v": 2.0}]}, {"source": 18, "prod": 0.050950404269567678, "target": 26, "value": 12.0, "supply": [{"l": "Cocoa Beans", "v": 11.0}, {"l": "Coffee", "v": 1.0}]}, {"source": 19, "prod": 0.052285031234842343, "target": 26, "value": 32.0, "supply": [{"l": "Eggs", "v": 32.0}]}, {"source": 2, "prod": 0.036913188335217395, "target": 26, "value": 5.0, "supply": [{"l": "Rape and Mustardseed", "v": 2.0}, {"l": "Oilcrops, Other", "v": 3.0}]}, {"source": 27, "prod": 0.016326987148269231, "target": 8, "value": 10.0, "supply": [{"l": "Grapes", "v": 10.0}]}, {"source": 9, "prod": 0.55445115540244905, "target": 28, "value": 200.0, "supply": [{"l": "Barley", "v": 200.0}]}, {"source": 5, "prod": 0.99777322085293707, "target": 28, "value": 1280.0, "supply": [{"l": "Potatoes", "v": 1280.0}]}, {"source": 27, "prod": 0.0016339072260888232, "target": 1, "value": 1.0, "supply": [{"l": "Eggs", "v": 1.0}]}, {"source": 8, "prod": 0.013713193874382155, "target": 28, "value": 26.0, "supply": [{"l": "Apples", "v": 26.0}]}, {"source": 15, "prod": 0.064951074557049182, "target": 28, "value": 18.0, "supply": [{"l": "Sugar", "v": 18.0}]}, {"source": 4, "prod": 0.69733333200000003, "target": 28, "value": 600.0, "supply": [{"l": "Sugar beet", "v": 600.0}]}, {"source": 29, "prod": 0.059347805711766989, "target": 11, "value": 18.0, "supply": [{"l": "Treenuts", "v": 18.0}]}, {"source": 29, "prod": 0.62572072011685032, "target": 3, "value": 2042.0, "supply": [{"l": "Tomatoes", "v": 230.0}, {"l": "Vegetables, Other", "v": 1656.0}, {"l": "Onions", "v": 156.0}]}, {"source": 29, "prod": 3.5889422153600004, "target": 4, "value": 3088.0, "supply": [{"l": "Sugar beet", "v": 3088.0}]}, {"source": 29, "prod": 7.7187112756920184, "target": 5, "value": 9902.0, "supply": [{"l": "Potatoes", "v": 9902.0}]}, {"source": 29, "prod": 0.19674672894397544, "target": 6, "value": 425.0, "supply": [{"l": "Peas", "v": 110.0}, {"l": "Beans", "v": 115.0}, {"l": "Pulses, Other", "v": 200.0}]}, {"source": 29, "prod": 0.058217371317257148, "target": 12, "value": 18.0, "supply": [{"l": "Nuts", "v": 18.0}]}, {"source": 29, "prod": 19.49765351462667, "target": 9, "value": 6590.0, "supply": [{"l": "Maize", "v": 39.0}, {"l": "Rye", "v": 1397.0}, {"l": "Barley", "v": 2032.0}, {"l": "Cereals, Other", "v": 1236.0}, {"l": "Wheat", "v": 1121.0}, {"l": "Oats", "v": 765.0}]}, {"source": 29, "prod": 0.18444433511903141, "target": 8, "value": 358.0, "supply": [{"l": "Apples", "v": 232.0}, {"l": "Fruits, Other", "v": 126.0}]}, {"source": 29, "prod": 1.373170606070087, "target": 2, "value": 186.0, "supply": [{"l": "Sunflower seed", "v": 20.0}, {"l": "Oilcrops, Other", "v": 23.0}, {"l": "Rape and Mustardseed", "v": 143.0}]}, {"source": 1, "prod": 2.9742095966767694, "target": 0, "value": 5230.0, "supply": [{"l": "Milk - Excluding Butter", "v": 5230.0}]}, {"source": 1, "prod": 0.26632687785247822, "target": 19, "value": 163.0, "supply": [{"l": "Eggs", "v": 167.0}]}, {"source": 1, "prod": 1.5998235370419984, "target": 20, "value": 764.0, "supply": [{"l": "Pigmeat", "v": 340.0}, {"l": "Bovine Meat", "v": 230.0}, {"l": "Poultry Meat", "v": 125.0}, {"l": "Offals, Edible", "v": 58.0}, {"l": "Meat, Other", "v": 9.0}, {"l": "Mutton & Goat Meat", "v": 2.0}]}, {"source": 1, "prod": 0.39439766404729798, "target": 7, "value": 482.0, "supply": [{"l": "Pelagic Fish", "v": 158.0}, {"l": "Crustaceans", "v": 2.0}, {"l": "Freshwater Fish", "v": 12.0}, {"l": "Marine Fish, Other", "v": 27.0}, {"l": "Fish, Seafood", "v": 241.0}, {"l": "Demersal Fish", "v": 41.0}, {"l": "Cephalopods", "v": 1.0}]}, {"source": 21, "prod": 3.1483429808912375, "target": 15, "value": 870.0, "supply": [{"l": "Honey", "v": 3.0}, {"l": "Sweeteners, Other", "v": 19.0}, {"l": "Sugar", "v": 848.0}]}, {"source": 21, "prod": 1.2637453230417488, "target": 16, "value": 124.0, "supply": [{"l": "Soyabean Oil", "v": 7.0}, {"l": "Coconut Oil", "v": 3.0}, {"l": "Rape and Mustard Oil", "v": 25.0}, {"l": "Palm Oil", "v": 4.0}, {"l": "Oilcrops Oil, Other", "v": 11.0}, {"l": "Sunflowerseed Oil", "v": 74.0}]}, {"source": 21, "prod": 1.5185029257382248, "target": 14, "value": 187.0, "supply": [{"l": "Fats, Animals, Raw", "v": 96.0}, {"l": "Fish, Body Oil", "v": 1.0}, {"l": "Butter, Ghee", "v": 83.0}, {"l": "Cream", "v": 7.0}]}, {"source": 21, "prod": 0.49982155364230313, "target": 13, "value": 437.0, "supply": [{"l": "Beer", "v": 246.0}, {"l": "Beverages, Alcoholic", "v": 83.0}, {"l": "Alcohol, Non-Food", "v": 4.0}, {"l": "Beverages, Fermented", "v": 45.0}, {"l": "Wine", "v": 59.0}]}]}