{"nodes": [{"name": "Balance", "fill": "#9edae5"}, {"name": "Food", "fill": "#b5cf6b"}, {"name": "Stock Deposit", "fill": "#c7c7c7"}, {"name": "Export", "fill": "#aec7e8"}, {"name": "Biofuels & Other", "fill": "#e7ba52"}, {"name": "Crop Residue", "fill": "#bd9e39"}, {"name": "Renewables & Nuclear", "fill": "#2ca02c"}, {"name": "Fossil Fuels", "fill": "#c49c94"}, {"name": "Stock Draw", "fill": "#c7c7c7"}, {"name": "Labor", "fill": "#7f7f7f"}], "links": [{"source": 0, "target": 1, "value": 12.876025077419996}, {"source": 0, "target": 2, "value": 0.90186090128117868}, {"source": 0, "target": 3, "value": 4.4264407759025159}, {"source": 0, "target": 4, "value": 1.191212509867754}, {"source": 0, "target": 5, "value": 89.5827656777996}, {"source": 6, "target": 0, "value": 0.84653219032824278}, {"source": 7, "target": 0, "value": 42.838986799243948}, {"source": 8, "target": 0, "value": 0.031793302015564483}, {"source": 9, "target": 0, "value": 0.42080243705254933}]}