{"nodes": [{"layer": 13, "name": "Animal Products", "fill": "#17becf"}, {"layer": 10, "name": "Feed", "fill": "#dbdb8d"}, {"layer": 5, "name": "Cereals", "fill": "#e7ba52"}, {"layer": 5, "name": "Oilcrops", "fill": "#ff9896"}, {"layer": 5, "name": "Sugar Crops", "fill": "#ffbb78"}, {"layer": 5, "name": "Starchy Roots"}, {"layer": 5, "name": "Fruits & Vegetables"}, {"layer": 13, "name": "Aquatic Products", "fill": "#1f77b4"}, {"layer": 13, "name": "Other Processed", "fill": "#9c9ede"}, {"layer": 16, "name": "Food", "fill": "#b5cf6b"}, {"layer": 13, "name": "Sugar", "fill": "#d6616b"}, {"layer": 5, "name": "Others"}, {"layer": 13, "name": "Vegetable Oils", "fill": "#f7b6d2"}, {"layer": 10, "name": "Processing", "fill": "#9edae5"}, {"layer": 16, "name": "Biofuels & Other", "fill": "#e7ba52"}, {"name": "Waste", "fill": "#c7c7c7"}, {"layer": 2, "name": "Import", "fill": "#aec7e8"}, {"layer": 16, "name": "Export", "fill": "#aec7e8"}, {"layer": 0, "name": "Stock Draw", "fill": "#c7c7c7"}, {"layer": 16, "name": "Stock Deposit", "fill": "#c7c7c7"}, {"layer": 2, "name": "Electricity", "fill": "#bcbd22"}, {"layer": 0, "name": "Fossil Fuels", "fill": "#c49c94"}, {"layer": 0, "name": "Renewables & Nuclear", "fill": "#2ca02c"}, {"layer": 2, "name": "Fertilizers", "fill": "#c5b0d5"}, {"layer": 0, "name": "Labor", "fill": "#7f7f7f"}], "links": [{"source": 0, "prod": 2100.0, "target": 1, "value": 1.1011640796952376, "supply": [{"l": "Milk - Excluding Butter", "v": 1.1011640796952376}]}, {"source": 2, "prod": 4454.0, "target": 1, "value": 13.28114598890015, "supply": [{"l": "Maize", "v": 1.8580111374730384}, {"l": "Wheat", "v": 2.9903256774142837}, {"l": "Oats", "v": 0.67448598019183337}, {"l": "Rye", "v": 0.41640836306673651}, {"l": "Millet", "v": 0.0035172995170842862}, {"l": "Barley", "v": 3.8904667344724606}, {"l": "Cereals, Other", "v": 3.4479307967647124}]}, {"source": 3, "prod": 90.0, "target": 1, "value": 0.324341143993428, "supply": [{"l": "Sunflower seed", "v": 0.1405478290638188}, {"l": "Rape and Mustardseed", "v": 0.15135920053026641}, {"l": "Oilcrops, Other", "v": 0.032434114399342809}]}, {"source": 4, "prod": 216.0, "target": 1, "value": 0.25103999952, "supply": [{"l": "Sugar beet", "v": 0.25103999952}]}, {"source": 5, "prod": 4357.0, "target": 1, "value": 3.396059176779608, "supply": [{"l": "Potatoes", "v": 3.396059176779608}]}, {"source": 6, "prod": 1248.0, "target": 1, "value": 0.46429218245410026, "supply": [{"l": "Vegetables, Other", "v": 0.25453686577976342}, {"l": "Apples", "v": 0.091959631660540692}, {"l": "Peas", "v": 0.017904944122097016}, {"l": "Beans", "v": 0.063138487167394744}, {"l": "Pulses, Other", "v": 0.0367522537243044}]}, {"source": 7, "prod": 106.0, "target": 1, "value": 0.087874246567269387, "supply": [{"l": "Pelagic Fish", "v": 0.046210194177797176}, {"l": "Fish, Seafood", "v": 0.041664052389472218}]}, {"source": 8, "prod": 813.0, "target": 9, "value": 1.4806095805367132, "supply": [{"l": "Beer", "v": 0.28213084000126654}, {"l": "Beverages, Alcoholic", "v": 0.50259137307252744}, {"l": "Fats, Animals, Raw", "v": 0.28627550358485954}, {"l": "Butter, Ghee", "v": 0.3254165104342997}, {"l": "Wine", "v": 0.060332503085665817}, {"l": "Beverages, Fermented", "v": 0.012071137417677727}, {"l": "Cream", "v": 0.011791712940416669}]}, {"source": 0, "prod": 2397.0, "target": 9, "value": 2.6261220259288072, "supply": [{"l": "Meat, Other", "v": 0.003859106053227273}, {"l": "Eggs", "v": 0.25012023352952484}, {"l": "Mutton & Goat Meat", "v": 0.003859106053227273}, {"l": "Pigmeat", "v": 0.76880788315180382}, {"l": "Poultry Meat", "v": 0.33023325846195561}, {"l": "Milk - Excluding Butter", "v": 0.72519520105643509}, {"l": "Offals, Edible", "v": 0.088306077195051569}, {"l": "Bovine Meat", "v": 0.45574116042758223}]}, {"source": 2, "prod": 1057.0, "target": 9, "value": 3.4103944822141372, "supply": [{"l": "Maize", "v": 0.016326987148269231}, {"l": "Rye", "v": 0.82631034546055515}, {"l": "Barley", "v": 0.11268938127437474}, {"l": "Rice", "v": 0.12493245229276902}, {"l": "Cereals, Other", "v": 0.03970159464830935}, {"l": "Wheat", "v": 2.0819562366032929}, {"l": "Oats", "v": 0.20847748478656666}]}, {"source": 3, "prod": 15.0, "target": 9, "value": 0.065733966973585037, "supply": [{"l": "Olives", "v": 0.0035375138821250002}, {"l": "Coconuts - Incl Copra", "v": 0.0030321547561071431}, {"l": "Groundnuts", "v": 0.034111741006205357}, {"l": "Soyabeans", "v": 0.025052557329147539}]}, {"source": 10, "prod": 354.0, "target": 9, "value": 1.4014478252273441, "supply": [{"l": "Sugar", "v": 1.3347122145022325}, {"l": "Sweeteners, Other", "v": 0.050940199902600007}, {"l": "Honey", "v": 0.015795410822511628}]}, {"source": 5, "prod": 1757.0, "target": 9, "value": 1.3694918461330667, "supply": [{"l": "Potatoes", "v": 1.3694918461330667}]}, {"source": 6, "prod": 2139.0, "target": 9, "value": 0.84523433821914673, "supply": [{"l": "Vegetables, Other", "v": 0.28612397081026419}, {"l": "Plantains", "v": 0.00053678306810756417}, {"l": "Grapefruit", "v": 0.0069781798853983338}, {"l": "Tomatoes", "v": 0.068580846217803193}, {"l": "Treenuts", "v": 0.068573346022730769}, {"l": "Grapes", "v": 0.011816025750603094}, {"l": "Apples", "v": 0.11659167585532837}, {"l": "Lemons, Limes", "v": 0.0037574814767529492}, {"l": "Pineapples", "v": 0.0041617810377941175}, {"l": "Bananas", "v": 0.02839444476052333}, {"l": "Fruits, Other", "v": 0.16101333715727301}, {"l": "Oranges, Mandarines", "v": 0.024240979846411527}, {"l": "Onions", "v": 0.06446548633015628}]}, {"source": 11, "prod": 58.0, "target": 9, "value": 0.17382728679789763, "supply": [{"l": "Nuts", "v": 0.068264457076682439}, {"l": "Coffee", "v": 0.0079403189296618701}, {"l": "Cocoa Beans", "v": 0.08755346858259376}, {"l": "Spices, Other", "v": 0.0060643095122142861}, {"l": "Tea", "v": 0.0040047326967452834}]}, {"source": 7, "prod": 328.0, "target": 9, "value": 0.26072352249845393, "supply": [{"l": "Freshwater Fish", "v": 0.031996699439177732}, {"l": "Crustaceans", "v": 0.0015722283920555555}, {"l": "Marine Fish, Other", "v": 0.012056852047952664}, {"l": "Pelagic Fish", "v": 0.064519893757679081}, {"l": "Fish, Seafood", "v": 0.12892272814855554}, {"l": "Cephalopods", "v": 0.0017326598606326529}, {"l": "Demersal Fish", "v": 0.019922460852400726}]}, {"source": 12, "prod": 145.0, "target": 9, "value": 1.4804936212301221, "supply": [{"l": "Soyabean Oil", "v": 0.16575779333385718}, {"l": "Sunflowerseed Oil", "v": 0.73984576049014295}, {"l": "Olive Oil", "v": 0.010612541646375}, {"l": "Coconut Oil", "v": 0.02122508329275}, {"l": "Rape and Mustard Oil", "v": 0.53243990082062187}, {"l": "Oilcrops Oil, Other", "v": 0.010612541646375}]}, {"source": 2, "prod": 194.0, "target": 13, "value": 0.56414690241063092, "supply": [{"l": "Wheat", "v": 0.19891301623598343}, {"l": "Rye", "v": 0.032531903364588791}, {"l": "Barley", "v": 0.33270198281005875}]}, {"source": 3, "prod": 421.0, "target": 13, "value": 1.5171957957914797, "supply": [{"l": "Sunflower seed", "v": 0.0036037904888158671}, {"l": "Rape and Mustardseed", "v": 1.5099882148138482}, {"l": "Oilcrops, Other", "v": 0.0036037904888158671}]}, {"source": 4, "prod": 3239.0, "target": 13, "value": 3.7644377705800003, "supply": [{"l": "Sugar beet", "v": 3.7644377705800003}]}, {"source": 10, "prod": 1.0, "target": 13, "value": 0.0039488527056279069, "supply": [{"l": "Sugar", "v": 0.0039488527056279069}]}, {"source": 5, "prod": 105.0, "target": 13, "value": 0.081842142199187243, "supply": [{"l": "Potatoes", "v": 0.081842142199187243}]}, {"source": 6, "prod": 52.0, "target": 13, "value": 0.04989805923909639, "supply": [{"l": "Apples", "v": 0.0131370902372201}, {"l": "Grapes", "v": 0.036760969001876288}]}, {"source": 8, "prod": 87.0, "target": 14, "value": 0.71710761992878502, "supply": [{"l": "Alcohol, Non-Food", "v": 0.0014188609666361271}, {"l": "Fats, Animals, Raw", "v": 0.7156887589621489}]}, {"source": 12, "prod": 19.0, "target": 14, "value": 0.19793232435699404, "supply": [{"l": "Palm Oil", "v": 0.0424501665855}, {"l": "Cottonseed Oil", "v": 0.010612541646375}, {"l": "Oilcrops Oil, Other", "v": 0.031837624939125002}, {"l": "Sunflowerseed Oil", "v": 0.11303199118599405}]}, {"source": 0, "prod": 1.0, "target": 14, "value": 0.0013379708665916907, "supply": [{"l": "Offals, Edible", "v": 0.0013379708665916907}]}, {"source": 2, "prod": 47.0, "target": 14, "value": 0.13874751242171157, "supply": [{"l": "Wheat", "v": 0.06630433874532779}, {"l": "Barley", "v": 0.072443173676383768}]}, {"source": 10, "prod": 1.0, "target": 14, "value": 0.0039488527056279069, "supply": [{"l": "Sugar", "v": 0.0039488527056279069}]}, {"source": 5, "prod": 1400.0, "target": 5, "value": 1.09122856265583, "supply": [{"l": "Potatoes", "v": 1.09122856265583}]}, {"source": 6, "prod": 9.0, "target": 6, "value": 0.0042406446604966617, "supply": [{"l": "Peas", "v": 0.00094236548011036923}, {"l": "Beans", "v": 0.0032982791803862926}]}, {"source": 0, "prod": 14.0, "target": 0, "value": 0.022591504963957079, "supply": [{"l": "Eggs", "v": 0.022591504963957079}]}, {"source": 2, "prod": 746.0, "target": 2, "value": 2.2267900932140754, "supply": [{"l": "Maize", "v": 0.078369538311692299}, {"l": "Wheat", "v": 0.39119559859743397}, {"l": "Oats", "v": 0.11282310941390668}, {"l": "Rye", "v": 0.56930830888030381}, {"l": "Barley", "v": 0.68418552916584663}, {"l": "Cereals, Other", "v": 0.39090800884489207}]}, {"source": 3, "prod": 29.0, "target": 3, "value": 0.10450992417566014, "supply": [{"l": "Rape and Mustardseed", "v": 0.09369855270921254}, {"l": "Oilcrops, Other", "v": 0.010811371466447601}]}, {"source": 0, "prod": 8.0, "target": 15, "value": 0.01305438178787996, "supply": [{"l": "Pigmeat", "v": 0.002028516842089192}, {"l": "Milk - Excluding Butter", "v": 0.00052436384747392266}, {"l": "Bovine Meat", "v": 0.0051496176319500812}, {"l": "Offals, Edible", "v": 0.0053518834663667629}]}, {"source": 2, "prod": 236.0, "target": 15, "value": 0.71989266998999057, "supply": [{"l": "Maize", "v": 0.091431128030307687}, {"l": "Oats", "v": 0.085843670206233347}, {"l": "Rye", "v": 0.1724190878323206}, {"l": "Barley", "v": 0.075126254182916491}, {"l": "Cereals, Other", "v": 0.11605081512582734}, {"l": "Wheat", "v": 0.17902171461238506}]}, {"source": 3, "prod": 6.0, "target": 15, "value": 0.021622742932895206, "supply": [{"l": "Sunflower seed", "v": 0.0036037904888158671}, {"l": "Rape and Mustardseed", "v": 0.018018952444079337}]}, {"source": 4, "prod": 19.0, "target": 15, "value": 0.02208222218, "supply": [{"l": "Sugar beet", "v": 0.02208222218}]}, {"source": 5, "prod": 144.0, "target": 15, "value": 0.11224065215888537, "supply": [{"l": "Potatoes", "v": 0.11224065215888537}]}, {"source": 6, "prod": 218.0, "target": 15, "value": 0.082602071719325321, "supply": [{"l": "Fruits, Other", "v": 0.015785621289928723}, {"l": "Beans", "v": 0.0032982791803862926}, {"l": "Tomatoes", "v": 0.0033150862220086134}, {"l": "Bananas", "v": 0.00066033592466333338}, {"l": "Vegetables, Other", "v": 0.035880497947267859}, {"l": "Peas", "v": 0.00094236548011036923}, {"l": "Onions", "v": 0.0035616290790141587}, {"l": "Apples", "v": 0.019158256595945979}]}, {"source": 16, "prod": 49.0, "target": 11, "value": 0.15044035125324817, "supply": [{"l": "Nuts", "v": 0.019504130593337839}, {"l": "Cocoa Beans", "v": 0.10700979493428125}, {"l": "Coffee", "v": 0.0085511126934820145}, {"l": "Spices, Other", "v": 0.0060643095122142861}, {"l": "Tea", "v": 0.0040047326967452834}, {"l": "Infant food", "v": 0.0053062708231875}]}, {"source": 16, "prod": 657.0, "target": 1, "value": 0.61466791183418445, "supply": [{"l": "Freshwater Fish", "v": 0.021088733721276235}, {"l": "Crustaceans", "v": 0.0047166851761666663}, {"l": "Eggs", "v": 0.0016136789259969344}, {"l": "Marine Fish, Other", "v": 0.020345937830920119}, {"l": "Demersal Fish", "v": 0.026052448806985568}, {"l": "Pigmeat", "v": 0.16025283052504619}, {"l": "Poultry Meat", "v": 0.017007721465851791}, {"l": "Milk - Excluding Butter", "v": 0.040900380102965969}, {"l": "Pelagic Fish", "v": 0.12468033523443391}, {"l": "Fish, Seafood", "v": 0.19023963543872222}, {"l": "Cephalopods", "v": 0.0017326598606326529}, {"l": "Molluscs, Other", "v": 0.00078611419602777775}, {"l": "Offals, Edible", "v": 0.0026759417331833815}, {"l": "Bovine Meat", "v": 0.0025748088159750406}]}, {"source": 16, "prod": 796.0, "target": 13, "value": 3.4378593415562628, "supply": [{"l": "Sugar", "v": 1.7138020742425117}, {"l": "Beer", "v": 0.082240568745308468}, {"l": "Beverages, Alcoholic", "v": 0.013675955729864693}, {"l": "Fats, Animals, Raw", "v": 0.15155761954492564}, {"l": "Soyabean Oil", "v": 0.16575779333385718}, {"l": "Palm Oil", "v": 0.0424501665855}, {"l": "Sunflowerseed Oil", "v": 1.0378391917986727}, {"l": "Olive Oil", "v": 0.010612541646375}, {"l": "Coconut Oil", "v": 0.02122508329275}, {"l": "Rape and Mustard Oil", "v": 0.04018414345816014}, {"l": "Oilcrops Oil, Other", "v": 0.053062708231874998}, {"l": "Wine", "v": 0.039949900691859802}, {"l": "Sweeteners, Other", "v": 0.050940199902600007}, {"l": "Honey", "v": 0.0039488527056279069}, {"l": "Cottonseed Oil", "v": 0.010612541646375}]}, {"source": 16, "prod": 263.0, "target": 2, "value": 0.88588319193884191, "supply": [{"l": "Maize", "v": 0.24490480722403846}, {"l": "Barley", "v": 0.0026830805065327316}, {"l": "Rice", "v": 0.12909686736919465}, {"l": "Cereals, Other", "v": 0.085511126934820145}, {"l": "Wheat", "v": 0.41771733409556511}, {"l": "Oats", "v": 0.0024526762916066668}, {"l": "Millet", "v": 0.0035172995170842862}]}, {"source": 16, "prod": 502.0, "target": 6, "value": 0.25325665275382647, "supply": [{"l": "Plantains", "v": 0.00053678306810756417}, {"l": "Grapefruit", "v": 0.0069781798853983338}, {"l": "Tomatoes", "v": 0.014503502221287686}, {"l": "Treenuts", "v": 0.019592384577923075}, {"l": "Vegetables, Other", "v": 0.024227002887471462}, {"l": "Peas", "v": 0.0032982791803862926}, {"l": "Grapes", "v": 0.034135185501742271}, {"l": "Beans", "v": 0.00047118274005518462}, {"l": "Apples", "v": 0.050906224669227881}, {"l": "Lemons, Limes", "v": 0.0037574814767529492}, {"l": "Pineapples", "v": 0.0041617810377941175}, {"l": "Bananas", "v": 0.029054780685186667}, {"l": "Fruits, Other", "v": 0.034202179461512237}, {"l": "Oranges, Mandarines", "v": 0.024582402097769438}, {"l": "Onions", "v": 0.0028493032632113274}]}, {"source": 16, "prod": 40.0, "target": 3, "value": 0.15582872919398175, "supply": [{"l": "Olives", "v": 0.0035375138821250002}, {"l": "Sunflower seed", "v": 0.068472019287501476}, {"l": "Coconuts - Incl Copra", "v": 0.0030321547561071431}, {"l": "Groundnuts", "v": 0.034111741006205357}, {"l": "Oilcrops, Other", "v": 0.018018952444079337}, {"l": "Soyabeans", "v": 0.025052557329147539}, {"l": "Rape and Mustardseed", "v": 0.0036037904888158671}]}, {"source": 16, "prod": 90.0, "target": 5, "value": 0.070150407599303369, "supply": [{"l": "Potatoes", "v": 0.070150407599303369}]}, {"source": 8, "prod": 151.0, "target": 17, "value": 0.721885334665892, "supply": [{"l": "Alcohol, Non-Food", "v": 0.0063848743498625725}, {"l": "Beer", "v": 0.028555753036565445}, {"l": "Beverages, Alcoholic", "v": 0.030770900392195561}, {"l": "Butter, Ghee", "v": 0.50064078528353806}, {"l": "Fats, Animals, Raw", "v": 0.14313775179242977}, {"l": "Beverages, Fermented", "v": 0.00060355687088388637}, {"l": "Cream", "v": 0.011791712940416669}]}, {"source": 0, "prod": 3521.0, "target": 17, "value": 2.3331957546490396, "supply": [{"l": "Eggs", "v": 0.053251404557898833}, {"l": "Pigmeat", "v": 0.19676613368265161}, {"l": "Milk - Excluding Butter", "v": 1.6879272250185571}, {"l": "Bovine Meat", "v": 0.33729995489273029}, {"l": "Poultry Meat", "v": 0.055275094764018318}, {"l": "Offals, Edible", "v": 0.0026759417331833815}]}, {"source": 2, "prod": 258.0, "target": 17, "value": 0.81710982382457165, "supply": [{"l": "Rye", "v": 0.37411688869277104}, {"l": "Barley", "v": 0.11268938127437474}, {"l": "Rice", "v": 0.0041644150764256335}, {"l": "Cereals, Other", "v": 0.042755563467410072}, {"l": "Wheat", "v": 0.27847822273037676}, {"l": "Oats", "v": 0.0049053525832133335}]}, {"source": 3, "prod": 27.0, "target": 17, "value": 0.097302343198028413, "supply": [{"l": "Oilcrops, Other", "v": 0.010811371466447601}, {"l": "Rape and Mustardseed", "v": 0.08649097173158081}]}, {"source": 10, "prod": 552.0, "target": 17, "value": 2.1797666935066049, "supply": [{"l": "Sugar", "v": 2.1797666935066049}]}, {"source": 5, "prod": 108.0, "target": 17, "value": 0.084180489119164023, "supply": [{"l": "Potatoes", "v": 0.084180489119164023}]}, {"source": 6, "prod": 115.0, "target": 17, "value": 0.042291490251131825, "supply": [{"l": "Vegetables, Other", "v": 0.014720204286058606}, {"l": "Tomatoes", "v": 0.0070445582217683045}, {"l": "Treenuts", "v": 0.0032653974296538461}, {"l": "Apples", "v": 0.015326605276756783}, {"l": "Fruits, Other", "v": 0.0015785621289928725}, {"l": "Onions", "v": 0.00035616290790141592}]}, {"source": 11, "prod": 7.0, "target": 17, "value": 0.028624079370918119, "supply": [{"l": "Nuts", "v": 0.003250688432222973}, {"l": "Infant food", "v": 0.0053062708231875}, {"l": "Coffee", "v": 0.00061079376382014395}, {"l": "Cocoa Beans", "v": 0.019456326351687502}]}, {"source": 7, "prod": 80.0, "target": 17, "value": 0.063718104319289662, "supply": [{"l": "Crustaceans", "v": 0.003144456784111111}, {"l": "Marine Fish, Other", "v": 0.0075355325299704149}, {"l": "Demersal Fish", "v": 0.0061299879545848391}, {"l": "Freshwater Fish", "v": 0.0007271977145267666}, {"l": "Fish, Seafood", "v": 0.031444567841111118}, {"l": "Pelagic Fish", "v": 0.013950247298957639}, {"l": "Molluscs, Other", "v": 0.00078611419602777775}]}, {"source": 12, "prod": 60.0, "target": 17, "value": 0.60424705644552945, "supply": [{"l": "Sunflowerseed Oil", "v": 0.041102542249452388}, {"l": "Rape and Mustard Oil", "v": 0.55253197254970199}, {"l": "Oilcrops Oil, Other", "v": 0.010612541646375}]}, {"source": 18, "prod": 140.0, "target": 3, "value": 0.50453066843422134, "supply": [{"l": "Rape and Mustardseed", "v": 0.50453066843422134}]}, {"source": 5, "prod": 50.0, "target": 19, "value": 0.038972448666279649, "supply": [{"l": "Potatoes", "v": 0.038972448666279649}]}, {"source": 6, "prod": 150.0, "target": 19, "value": 0.08210681398262562, "supply": [{"l": "Apples", "v": 0.08210681398262562}]}, {"source": 18, "prod": 1.0, "target": 1, "value": 0.0013379708665916907, "supply": [{"l": "Offals, Edible", "v": 0.0013379708665916907}]}, {"source": 12, "prod": 70.0, "target": 19, "value": 0.70666650598514846, "supply": [{"l": "Sunflowerseed Oil", "v": 0.15413453343544645}, {"l": "Rape and Mustard Oil", "v": 0.55253197254970199}]}, {"source": 18, "prod": 2.0, "target": 13, "value": 0.0014188609666361271, "supply": [{"l": "Alcohol, Non-Food", "v": 0.0014188609666361271}]}, {"source": 4, "prod": 300.0, "target": 19, "value": 0.34866666600000001, "supply": [{"l": "Sugar beet", "v": 0.34866666600000001}]}, {"source": 1, "prod": 514.0, "target": 7, "value": 0.41231587338501297, "supply": [{"l": "Pelagic Fish", "v": 0.12468033523443389}, {"l": "Crustaceans", "v": 0.0047166851761666663}, {"l": "Freshwater Fish", "v": 0.032723897153704502}, {"l": "Molluscs, Other", "v": 0.00078611419602777775}, {"l": "Marine Fish, Other", "v": 0.019592384577923078}, {"l": "Fish, Seafood", "v": 0.20203134837913889}, {"l": "Demersal Fish", "v": 0.026052448806985564}, {"l": "Cephalopods", "v": 0.0017326598606326529}]}, {"source": 1, "prod": 8027.0, "target": 0, "value": 6.0748742129275559, "supply": [{"l": "Poultry Meat", "v": 0.38550835322597393}, {"l": "Pigmeat", "v": 0.96760253367654459}, {"l": "Bovine Meat", "v": 0.79819073295226262}, {"l": "Eggs", "v": 0.32596314305138074}, {"l": "Milk - Excluding Butter", "v": 3.5148108696177038}, {"l": "Offals, Edible", "v": 0.097671873261193407}, {"l": "Meat, Other", "v": 0.003859106053227273}, {"l": "Mutton & Goat Meat", "v": 0.003859106053227273}]}, {"source": 13, "prod": 1051.0, "target": 8, "value": 2.9196025351313901, "supply": [{"l": "Fats, Animals, Raw", "v": 1.1451020143394381}, {"l": "Alcohol, Non-Food", "v": 0.0078037353164986997}, {"l": "Beverages, Fermented", "v": 0.012674694288561612}, {"l": "Beer", "v": 0.31068659303783197}, {"l": "Beverages, Alcoholic", "v": 0.53336227346472298}, {"l": "Cream", "v": 0.023583425880833338}, {"l": "Butter, Ghee", "v": 0.82605729571783781}, {"l": "Wine", "v": 0.060332503085665817}]}, {"source": 13, "prod": 294.0, "target": 12, "value": 2.9893395080177942, "supply": [{"l": "Olive Oil", "v": 0.010612541646375}, {"l": "Soyabean Oil", "v": 0.16575779333385718}, {"l": "Coconut Oil", "v": 0.02122508329275}, {"l": "Rape and Mustard Oil", "v": 1.637503845920026}, {"l": "Cottonseed Oil", "v": 0.010612541646375}, {"l": "Palm Oil", "v": 0.0424501665855}, {"l": "Oilcrops Oil, Other", "v": 0.053062708231874998}, {"l": "Sunflowerseed Oil", "v": 1.0481148273610359}]}, {"source": 13, "prod": 908.0, "target": 10, "value": 3.5891122241452047, "supply": [{"l": "Honey", "v": 0.015795410822511628}, {"l": "Sweeteners, Other", "v": 0.050940199902600007}, {"l": "Sugar", "v": 3.5223766134200933}]}, {"source": 20, "prod": 0, "target": 2, "value": 0.0762600697774002, "supply": "[{\"l\":'Energy for power irrigation',\"v\":0.0762600697774002}]"}, {"source": 20, "prod": 0, "target": 3, "value": 0.0055313288692603289, "supply": "[{\"l\":'Energy for power irrigation',\"v\":0.0055313288692603289}]"}, {"source": 20, "prod": 0, "target": 4, "value": 0.041954712539002723, "supply": "[{\"l\":'Energy for power irrigation',\"v\":0.041954712539002723}]"}, {"source": 20, "prod": 0, "target": 5, "value": 0.087567328993556487, "supply": "[{\"l\":'Energy for power irrigation',\"v\":0.087567328993556487}]"}, {"source": 20, "prod": 0, "target": 6, "value": 0.040920715383542999, "supply": "[{\"l\":'Energy for power irrigation',\"v\":0.040920715383542999}]"}, {"source": 20, "prod": 0, "target": 11, "value": 0.00045028908382923282, "supply": "[{\"l\":'Energy for power irrigation',\"v\":0.00045028908382923282}]"}, {"source": 20, "prod": 0, "target": 13, "value": 1.5740000012591997, "supply": "[{\"l\":'Electricity',\"v\":1.5740000012591997}]"}, {"source": 21, "prod": 0, "target": 20, "value": 3.3596035489079994, "supply": [{"l": "Coal", "v": 0.0018866753309283661}, {"l": "Natural gas", "v": 3.2591026237140541}, {"l": "Oil", "v": 0.098614249863017103}]}, {"source": 22, "prod": 0, "target": 20, "value": 0.0068324599484334367, "supply": [{"l": "Nuclear", "v": 0.0}, {"l": "Hydroelectric", "v": 0.0023650822898423443}, {"l": "Renewable", "v": 0.0044673776585910921}]}, {"source": 21, "prod": 0, "target": 2, "value": 2.4295177944388695, "supply": [{"l": "Motor Gasoline", "v": 0.0222828720789577}, {"l": "Gas-Diesel oil", "v": 2.0583572541559381}, {"l": "Natural gas (including LNG)", "v": 0.28813480562595034}, {"l": "Fuel oil", "v": 0.054189798765380943}, {"l": "Liquefied petroleum gas (LPG)", "v": 0.0043901665228117696}, {"l": "Coal", "v": 0.0021628972898311083}]}, {"source": 21, "prod": 0, "target": 3, "value": 0.17621885154298553, "supply": [{"l": "Motor Gasoline", "v": 0.0016162310627323888}, {"l": "Gas-Diesel oil", "v": 0.14929767224705923}, {"l": "Natural gas (including LNG)", "v": 0.020899120250606546}, {"l": "Fuel oil", "v": 0.0039305182804748534}, {"l": "Liquefied petroleum gas (LPG)", "v": 0.00031842948609110011}, {"l": "Coal", "v": 0.00015688021602142826}]}, {"source": 21, "prod": 0, "target": 4, "value": 1.3366067061255396, "supply": [{"l": "Motor Gasoline", "v": 0.012258990784363155}, {"l": "Gas-Diesel oil", "v": 1.1324115904005587}, {"l": "Natural gas (including LNG)", "v": 0.15851825179027901}, {"l": "Fuel oil", "v": 0.029812684887179617}, {"l": "Liquefied petroleum gas (LPG)", "v": 0.0024152636497784246}, {"l": "Coal", "v": 0.0011899246133806223}]}, {"source": 21, "prod": 0, "target": 5, "value": 2.7897480899548821, "supply": [{"l": "Motor Gasoline", "v": 0.025586805728804611}, {"l": "Gas-Diesel oil", "v": 2.3635547067695244}, {"l": "Natural gas (including LNG)", "v": 0.33085722832920034}, {"l": "Fuel oil", "v": 0.062224647189989837}, {"l": "Liquefied petroleum gas (LPG)", "v": 0.0050411067989015162}, {"l": "Coal", "v": 0.0024835951384618469}]}, {"source": 21, "prod": 0, "target": 6, "value": 1.3036652926712728, "supply": [{"l": "Motor Gasoline", "v": 0.011956861158565944}, {"l": "Gas-Diesel oil", "v": 1.1045026788046259}, {"l": "Natural gas (including LNG)", "v": 0.15461148157257767}, {"l": "Fuel oil", "v": 0.029077934736256677}, {"l": "Liquefied petroleum gas (LPG)", "v": 0.0023557381378056159}, {"l": "Coal", "v": 0.001160598261440938}]}, {"source": 21, "prod": 0, "target": 11, "value": 0.014345454246212891, "supply": [{"l": "Motor Gasoline", "v": 0.00013157257897620451}, {"l": "Gas-Diesel oil", "v": 0.012153880856293263}, {"l": "Natural gas (including LNG)", "v": 0.0017013354173860606}, {"l": "Fuel oil", "v": 0.00031997183991805341}, {"l": "Liquefied petroleum gas (LPG)", "v": 2.5922400375255383e-05}, {"l": "Coal", "v": 1.2771153264055967e-05}]}, {"source": 23, "prod": 451.79403352840234, "target": 2, "value": 3.798461106425342, "supply": [{"l": "Potash", "v": 1.8803561126153958}, {"l": "Phosphate", "v": 0.98348750078678981}, {"l": "Nitrogen", "v": 9.7221930633333074}]}, {"source": 23, "prod": 32.769723236678843, "target": 3, "value": 0.27551164899352787, "supply": [{"l": "Potash", "v": 1.8803561126153958}, {"l": "Phosphate", "v": 0.98348750078678981}, {"l": "Nitrogen", "v": 9.7221930633333074}]}, {"source": 23, "prod": 248.55588067056806, "target": 4, "value": 2.0897350904061858, "supply": [{"l": "Potash", "v": 1.8803561126153958}, {"l": "Phosphate", "v": 0.98348750078678981}, {"l": "Nitrogen", "v": 9.7221930633333074}]}, {"source": 23, "prod": 518.78259339112071, "target": 5, "value": 4.3616678341166342, "supply": [{"l": "Potash", "v": 1.8803561126153958}, {"l": "Phosphate", "v": 0.98348750078678981}, {"l": "Nitrogen", "v": 9.7221930633333074}]}, {"source": 23, "prod": 242.43008316099792, "target": 6, "value": 2.0382324102928226, "supply": [{"l": "Potash", "v": 1.8803561126153958}, {"l": "Phosphate", "v": 0.98348750078678981}, {"l": "Nitrogen", "v": 9.7221930633333074}]}, {"source": 23, "prod": 2.6676860122321466, "target": 11, "value": 0.02242858650098066, "supply": [{"l": "Potash", "v": 1.8803561126153958}, {"l": "Phosphate", "v": 0.98348750078678981}, {"l": "Nitrogen", "v": 9.7221930633333074}]}, {"source": 21, "prod": 0, "target": 23, "value": 16.746315603675249, "supply": [{"l": "Natural gas (including LNG)", "v": 10.713079403418419}, {"l": "Fuel oil", "v": 4.3146325976460727}, {"l": "Liquefied petroleum gas (LPG)", "v": 0.85930180130537914}, {"l": "Coal", "v": 0.85930180130537914}]}, {"source": 24, "prod": 0, "target": 2, "value": 0.11193219712491258, "supply": "[{\"l\":'Labor',\"v\":0.11193219712491258}]"}, {"source": 24, "prod": 0, "target": 3, "value": 0.0081187152747695009, "supply": "[{\"l\":'Labor',\"v\":0.0081187152747695009}]"}, {"source": 24, "prod": 0, "target": 4, "value": 0.061579843395663754, "supply": "[{\"l\":'Labor',\"v\":0.061579843395663754}]"}, {"source": 24, "prod": 0, "target": 5, "value": 0.12852864623936602, "supply": "[{\"l\":'Labor',\"v\":0.12852864623936602}]"}, {"source": 24, "prod": 0, "target": 6, "value": 0.060062174007616383, "supply": "[{\"l\":'Labor',\"v\":0.060062174007616383}]"}, {"source": 24, "prod": 0, "target": 11, "value": 0.00066092053995611016, "supply": "[{\"l\":'Labor',\"v\":0.00066092053995611016}]"}, {"source": 21, "prod": 0, "target": 16, "value": 14.774913071111202, "supply": "[{\"l\":'Fossil Fuels',\"v\":14.774913071111202}]"}, {"source": 22, "prod": 0, "target": 16, "value": 0.99208174532181903, "supply": "[{\"l\":'Renewables & Nuclear',\"v\":0.0023246315136487088},{\"l\":'Biomass & Waste',\"v\":0.98975711380817033}]"}]}