{"nodes": [{"layer": 3, "name": "Oilcrops", "fill": "#ff9896"}, {"layer": 5, "name": "Production", "fill": "#b5cf6b"}, {"layer": 3, "name": "Treenuts"}, {"layer": 3, "name": "Pulses"}, {"layer": 3, "name": "Vegetables"}, {"layer": 3, "name": "Sugar Crops", "fill": "#ffbb78"}, {"layer": 3, "name": "Starchy Roots"}, {"layer": 3, "name": "Others"}, {"layer": 3, "name": "Cereals - Excluding Beer"}, {"layer": 3, "name": "Spices"}, {"layer": 3, "name": "Stimulants"}, {"layer": 3, "name": "Fruits - Excluding Wine"}, {"layer": 1, "name": "Electricity", "fill": "#bcbd22"}, {"layer": 0, "name": "Fossil Fuels", "fill": "#c49c94"}, {"layer": 0, "name": "Renewables & Nuclear", "fill": "#2ca02c"}, {"layer": 1, "name": "Fertilizers", "fill": "#c5b0d5"}, {"layer": 0, "name": "Labor", "fill": "#7f7f7f"}], "links": [{"source": 0, "prod": 14308.0, "target": 1, "value": 62.597235095686372, "supply": [{"l": "Sunflower seed", "v": 0.30564119941560003}, {"l": "Coconuts - Incl Copra", "v": 7.4524278611831436}, {"l": "Sesame seed", "v": 4.93171052978603}, {"l": "Cottonseed", "v": 20.826420858729652}, {"l": "Olives", "v": 0.74730888746000002}, {"l": "Groundnuts", "v": 14.906375996498324}, {"l": "Oilcrops, Other", "v": 3.5104442106791742}, {"l": "Soyabeans", "v": 0.18360348124403381}, {"l": "Rape and Mustardseed", "v": 2.7034296307004837}, {"l": "Palm kernels", "v": 1.490125700582184}, {"l": "Oil Palm", "v": 5.5397467394077493}]}, {"source": 2, "prod": 546.0, "target": 1, "value": 1.6555564968345002, "supply": [{"l": "Treenuts", "v": 1.6555564968345002}]}, {"source": 3, "prod": 5548.0, "target": 1, "value": 22.068447539272171, "supply": [{"l": "Peas", "v": 1.6402744368637201}, {"l": "Pulses, Other", "v": 14.981705018524103}, {"l": "Beans", "v": 5.4464680838843496}]}, {"source": 4, "prod": 18995.0, "target": 1, "value": 5.7830098607746265, "supply": [{"l": "Tomatoes", "v": 0.74087719018176945}, {"l": "Vegetables, Other", "v": 4.3567632580519637}, {"l": "Onions", "v": 0.68536941254089356}]}, {"source": 5, "prod": 182150.0, "target": 1, "value": 61.044456659595987, "supply": [{"l": "Sugar cane", "v": 60.556503165792137}, {"l": "Sugar beet", "v": 0.48795349380385267}]}, {"source": 6, "prod": 35135.0, "target": 1, "value": 38.745650316532341, "supply": [{"l": "Roots, Other", "v": 2.2589258549041316}, {"l": "Yams", "v": 3.8697225327369682}, {"l": "Potatoes", "v": 5.2172208669907274}, {"l": "Sweet potatoes", "v": 5.977271252977963}, {"l": "Cassava", "v": 21.422509808922552}]}, {"source": 7, "prod": 545.0, "target": 1, "value": 1.652524342078393, "supply": [{"l": "Nuts", "v": 1.652524342078393}]}, {"source": 8, "prod": 78771.0, "target": 1, "value": 296.99465936345757, "supply": [{"l": "Maize", "v": 53.562864419651923}, {"l": "Barley", "v": 12.23200226351414}, {"l": "Cereals, Other", "v": 6.3033636673369919}, {"l": "Sorghum", "v": 28.429858560698491}, {"l": "Rye", "v": 0.031387865093797734}, {"l": "Rice", "v": 126.54548667559118}, {"l": "Wheat", "v": 52.599824383455115}, {"l": "Oats", "v": 0.14716057749640002}, {"l": "Millet", "v": 17.142710950619541}]}, {"source": 9, "prod": 520.0, "target": 1, "value": 1.7647086631439186, "supply": [{"l": "Pepper", "v": 0.027846098580149733}, {"l": "Pimento", "v": 1.0676860080595456}, {"l": "Cloves", "v": 0.066134484127855622}, {"l": "Spices, Other", "v": 0.60304207237636775}]}, {"source": 10, "prod": 2184.0, "target": 1, "value": 2.2819193406661054, "supply": [{"l": "Tea", "v": 0.42304888808000002}, {"l": "Coffee", "v": 1.1230675651041053}, {"l": "Cocoa Beans", "v": 0.73580288748200018}]}, {"source": 11, "prod": 33452.0, "target": 1, "value": 26.210907562247382, "supply": [{"l": "Plantains", "v": 13.277791831537673}, {"l": "Grapes", "v": 0.76930097812089782}, {"l": "Pineapples", "v": 0.28814658530763637}, {"l": "Citrus, Other", "v": 0.42537333252000004}, {"l": "Grapefruit", "v": 0.19193948252351764}, {"l": "Fruits, Other", "v": 3.6179888656389245}, {"l": "Dates", "v": 1.5009943518308848}, {"l": "Apples", "v": 0.17935195382373753}, {"l": "Lemons, Limes", "v": 0.42885999918000001}, {"l": "Bananas", "v": 4.2641859790584213}, {"l": "Oranges, Mandarines", "v": 1.2669742027056925}]}, {"source": 12, "prod": 0, "target": 0, "value": 0.01057672988495654, "supply": "[{\"l\":'Energy for power irrigation',\"v\":0.01057672988495654}]"}, {"source": 12, "prod": 0, "target": 2, "value": 0.00041023095442796958, "supply": "[{\"l\":'Energy for power irrigation',\"v\":0.00041023095442796958}]"}, {"source": 12, "prod": 0, "target": 4, "value": 0.013841951420024624, "supply": "[{\"l\":'Energy for power irrigation',\"v\":0.013841951420024624}]"}, {"source": 12, "prod": 0, "target": 5, "value": 0.13168016056477144, "supply": "[{\"l\":'Energy for power irrigation',\"v\":0.13168016056477144}]"}, {"source": 12, "prod": 0, "target": 6, "value": 0.025518533987205227, "supply": "[{\"l\":'Energy for power irrigation',\"v\":0.025518533987205227}]"}, {"source": 12, "prod": 0, "target": 3, "value": 0.0041362846189195446, "supply": "[{\"l\":'Energy for power irrigation',\"v\":0.0041362846189195446}]"}, {"source": 12, "prod": 0, "target": 7, "value": 0.00041745969371304389, "supply": "[{\"l\":'Energy for power irrigation',\"v\":0.00041745969371304389}]"}, {"source": 12, "prod": 0, "target": 8, "value": 0.061849454760060422, "supply": "[{\"l\":'Energy for power irrigation',\"v\":0.061849454760060422}]"}, {"source": 12, "prod": 0, "target": 9, "value": 0.00039685778675058203, "supply": "[{\"l\":'Energy for power irrigation',\"v\":0.00039685778675058203}]"}, {"source": 12, "prod": 0, "target": 10, "value": 0.0016662244052096384, "supply": "[{\"l\":'Energy for power irrigation',\"v\":0.0016662244052096384}]"}, {"source": 12, "prod": 0, "target": 11, "value": 0.024372778810520947, "supply": "[{\"l\":'Energy for power irrigation',\"v\":0.024372778810520947}]"}, {"source": 13, "prod": 0, "target": 12, "value": 0.51729430771227436, "supply": [{"l": "Coal", "v": 0.2694523071269776}, {"l": "Natural gas", "v": 0.078731347696219506}, {"l": "Oil", "v": 0.16911065288907723}]}, {"source": 14, "prod": 0, "target": 12, "value": 0.072975928628085315, "supply": [{"l": "Nuclear", "v": 0.0083320558879100021}, {"l": "Hydroelectric", "v": 0.063813713710039813}, {"l": "Renewable", "v": 0.00083015903013549839}]}, {"source": 13, "prod": 0, "target": 0, "value": 0.47811731628567633, "supply": [{"l": "Motor Gasoline", "v": 0.0089967191609749367}, {"l": "Gas-Diesel oil", "v": 0.13880408105550734}, {"l": "Natural gas (including LNG)", "v": 0.0077172760297301943}, {"l": "Fuel oil", "v": 0.28932302987913699}, {"l": "Liquefied petroleum gas (LPG)", "v": 0.0010111555573580004}, {"l": "Coal", "v": 0.032265054602968926}]}, {"source": 13, "prod": 0, "target": 2, "value": 0.018544344530097484, "supply": [{"l": "Motor Gasoline", "v": 0.00034894837329414464}, {"l": "Gas-Diesel oil", "v": 0.0053836801420907229}, {"l": "Natural gas (including LNG)", "v": 0.00029932366106495472}, {"l": "Fuel oil", "v": 0.011221735259980881}, {"l": "Liquefied petroleum gas (LPG)", "v": 3.9218861962250297e-05}, {"l": "Coal", "v": 0.0012514382317045324}]}, {"source": 13, "prod": 0, "target": 4, "value": 0.62572049556752718, "supply": [{"l": "Motor Gasoline", "v": 0.011774163746295908}, {"l": "Gas-Diesel oil", "v": 0.1816553289882365}, {"l": "Natural gas (including LNG)", "v": 0.010099734139034864}, {"l": "Fuel oil", "v": 0.37864211035373369}, {"l": "Liquefied petroleum gas (LPG)", "v": 0.0013233169661394711}, {"l": "Coal", "v": 0.042225841374086762}]}, {"source": 13, "prod": 0, "target": 5, "value": 5.952554869236331, "supply": [{"l": "Motor Gasoline", "v": 0.11200904594891273}, {"l": "Gas-Diesel oil", "v": 1.7281091489753837}, {"l": "Natural gas (including LNG)", "v": 0.096079994267690372}, {"l": "Fuel oil", "v": 3.6020682615482591}, {"l": "Liquefied petroleum gas (LPG)", "v": 0.012588874595184913}, {"l": "Coal", "v": 0.40169954390090046}]}, {"source": 13, "prod": 0, "target": 6, "value": 1.1535562615493151, "supply": [{"l": "Motor Gasoline", "v": 0.021706433479899992}, {"l": "Gas-Diesel oil", "v": 0.33489336482117293}, {"l": "Natural gas (including LNG)", "v": 0.018619514045963875}, {"l": "Fuel oil", "v": 0.69805125511932165}, {"l": "Liquefied petroleum gas (LPG)", "v": 0.0024396205384323855}, {"l": "Coal", "v": 0.077846073544524316}]}, {"source": 13, "prod": 0, "target": 3, "value": 0.18697927647791682, "supply": [{"l": "Motor Gasoline", "v": 0.0035183834220072164}, {"l": "Gas-Diesel oil", "v": 0.054282674489943818}, {"l": "Natural gas (including LNG)", "v": 0.0030180264116540455}, {"l": "Fuel oil", "v": 0.11314672979314641}, {"l": "Liquefied petroleum gas (LPG)", "v": 0.00039543670158237215}, {"l": "Coal", "v": 0.012618025659582966}]}, {"source": 13, "prod": 0, "target": 7, "value": 0.018871117120936205, "supply": [{"l": "Motor Gasoline", "v": 0.00035509724330813836}, {"l": "Gas-Diesel oil", "v": 0.0054785467525240404}, {"l": "Natural gas (including LNG)", "v": 0.00030459808681059273}, {"l": "Fuel oil", "v": 0.011419475088350587}, {"l": "Liquefied petroleum gas (LPG)", "v": 3.9909943230307574e-05}, {"l": "Coal", "v": 0.0012734900067125417}]}, {"source": 13, "prod": 0, "target": 8, "value": 2.7958826258456488, "supply": [{"l": "Motor Gasoline", "v": 0.052610039283231116}, {"l": "Gas-Diesel oil", "v": 0.81168346219797938}, {"l": "Natural gas (including LNG)", "v": 0.045128250400965741}, {"l": "Fuel oil", "v": 1.6918718585226327}, {"l": "Liquefied petroleum gas (LPG)", "v": 0.0059129258835614387}, {"l": "Coal", "v": 0.18867608955727866}]}, {"source": 13, "prod": 0, "target": 9, "value": 0.01793981523704585, "supply": [{"l": "Motor Gasoline", "v": 0.00033757296376825619}, {"l": "Gas-Diesel oil", "v": 0.0052081769127890875}, {"l": "Natural gas (including LNG)", "v": 0.0002895659734355245}, {"l": "Fuel oil", "v": 0.010855916577496922}, {"l": "Liquefied petroleum gas (LPG)", "v": 3.7940361616344344e-05}, {"l": "Coal", "v": 0.0012106424479397151}]}, {"source": 13, "prod": 0, "target": 10, "value": 0.075321082188325464, "supply": [{"l": "Motor Gasoline", "v": 0.0014173145382255566}, {"l": "Gas-Diesel oil", "v": 0.021866753704879501}, {"l": "Natural gas (including LNG)", "v": 0.0012157551343695519}, {"l": "Fuel oil", "v": 0.045579030439217495}, {"l": "Liquefied petroleum gas (LPG)", "v": 0.00015929423228720166}, {"l": "Coal", "v": 0.0050829341393461621}]}, {"source": 13, "prod": 0, "target": 11, "value": 1.1017628059013778, "supply": [{"l": "Motor Gasoline", "v": 0.020731837582681985}, {"l": "Gas-Diesel oil", "v": 0.31985700706749232}, {"l": "Natural gas (including LNG)", "v": 0.017783517565280259}, {"l": "Fuel oil", "v": 0.66670949232272314}, {"l": "Liquefied petroleum gas (LPG)", "v": 0.0023300841574453077}, {"l": "Coal", "v": 0.074350867205754831}]}, {"source": 15, "prod": 376.8615195996054, "target": 0, "value": 5.2949506658555672, "supply": [{"l": "Potash", "v": 2.0745356562892581}, {"l": "Phosphate", "v": 8.7251445208690033}, {"l": "Nitrogen", "v": 126.80480218014753}]}, {"source": 15, "prod": 14.617018923061618, "target": 2, "value": 0.20537091226962612, "supply": [{"l": "Potash", "v": 2.0745356562892581}, {"l": "Phosphate", "v": 8.7251445208690033}, {"l": "Nitrogen", "v": 126.80480218014753}]}, {"source": 15, "prod": 493.20526316871434, "target": 4, "value": 6.9295945614007666, "supply": [{"l": "Potash", "v": 2.0745356562892581}, {"l": "Phosphate", "v": 8.7251445208690033}, {"l": "Nitrogen", "v": 126.80480218014753}]}, {"source": 15, "prod": 4691.9214115643181, "target": 5, "value": 65.922072459664548, "supply": [{"l": "Potash", "v": 2.0745356562892581}, {"l": "Phosphate", "v": 8.7251445208690033}, {"l": "Nitrogen", "v": 126.80480218014753}]}, {"source": 15, "prod": 909.25584759904791, "target": 6, "value": 12.775156404380979, "supply": [{"l": "Potash", "v": 2.0745356562892581}, {"l": "Phosphate", "v": 8.7251445208690033}, {"l": "Nitrogen", "v": 126.80480218014753}]}, {"source": 15, "prod": 147.38076172292259, "target": 3, "value": 2.070717814989957, "supply": [{"l": "Potash", "v": 2.0745356562892581}, {"l": "Phosphate", "v": 8.7251445208690033}, {"l": "Nitrogen", "v": 126.80480218014753}]}, {"source": 15, "prod": 14.874587538445963, "target": 7, "value": 0.20898978297041246, "supply": [{"l": "Potash", "v": 2.0745356562892581}, {"l": "Phosphate", "v": 8.7251445208690033}, {"l": "Nitrogen", "v": 126.80480218014753}]}, {"source": 15, "prod": 2203.7699516592306, "target": 8, "value": 30.963238659463158, "supply": [{"l": "Potash", "v": 2.0745356562892581}, {"l": "Phosphate", "v": 8.7251445208690033}, {"l": "Nitrogen", "v": 126.80480218014753}]}, {"source": 15, "prod": 14.140516984600579, "target": 9, "value": 0.19867600147317133, "supply": [{"l": "Potash", "v": 2.0745356562892581}, {"l": "Phosphate", "v": 8.7251445208690033}, {"l": "Nitrogen", "v": 126.80480218014753}]}, {"source": 15, "prod": 59.369565846091682, "target": 10, "value": 0.8341496965312567, "supply": [{"l": "Potash", "v": 2.0745356562892581}, {"l": "Phosphate", "v": 8.7251445208690033}, {"l": "Nitrogen", "v": 126.80480218014753}]}, {"source": 15, "prod": 868.43122206062912, "target": 11, "value": 12.201565398306341, "supply": [{"l": "Potash", "v": 2.0745356562892581}, {"l": "Phosphate", "v": 8.7251445208690033}, {"l": "Nitrogen", "v": 126.80480218014753}]}, {"source": 13, "prod": 0, "target": 15, "value": 163.89728437493531, "supply": [{"l": "Natural gas (including LNG)", "v": 111.30990698586385}, {"l": "Fuel oil", "v": 30.171942061311341}, {"l": "Liquefied petroleum gas (LPG)", "v": 11.207717663880073}, {"l": "Coal", "v": 11.207717663880073}]}, {"source": 16, "prod": 0, "target": 0, "value": 2.9141837847534138, "supply": "[{\"l\":'Labor',\"v\":2.9141837847534138}]"}, {"source": 16, "prod": 0, "target": 2, "value": 0.11303005828845726, "supply": "[{\"l\":'Labor',\"v\":0.11303005828845726}]"}, {"source": 16, "prod": 0, "target": 4, "value": 3.8138432971568701, "supply": "[{\"l\":'Labor',\"v\":3.8138432971568701}]"}, {"source": 16, "prod": 0, "target": 5, "value": 36.281553265095951, "supply": "[{\"l\":'Labor',\"v\":36.281553265095951}]"}, {"source": 16, "prod": 0, "target": 6, "value": 7.031067141268676, "supply": "[{\"l\":'Labor',\"v\":7.031067141268676}]"}, {"source": 16, "prod": 0, "target": 3, "value": 1.1396616626018545, "supply": "[{\"l\":'Labor',\"v\":1.1396616626018545}]"}, {"source": 16, "prod": 0, "target": 7, "value": 0.11502177737724065, "supply": "[{\"l\":'Labor',\"v\":0.11502177737724065}]"}, {"source": 16, "prod": 0, "target": 8, "value": 17.041248109585105, "supply": "[{\"l\":'Labor',\"v\":17.041248109585105}]"}, {"source": 16, "prod": 0, "target": 9, "value": 0.109345377974208, "supply": "[{\"l\":'Labor',\"v\":0.109345377974208}]"}, {"source": 16, "prod": 0, "target": 10, "value": 0.4590912499645709, "supply": "[{\"l\":'Labor',\"v\":0.4590912499645709}]"}, {"source": 16, "prod": 0, "target": 11, "value": 6.7153796656965099, "supply": "[{\"l\":'Labor',\"v\":6.7153796656965099}]"}]}