{"nodes": [{"name": "Balance", "fill": "#9edae5"}, {"name": "Food", "fill": "#b5cf6b"}, {"name": "Stock Deposit", "fill": "#c7c7c7"}, {"name": "Export", "fill": "#aec7e8"}, {"name": "Biofuels & Other", "fill": "#e7ba52"}, {"name": "Crop Residue", "fill": "#bd9e39"}, {"name": "Renewables & Nuclear", "fill": "#2ca02c"}, {"name": "Fossil Fuels", "fill": "#c49c94"}, {"name": "Stock Draw", "fill": "#c7c7c7"}, {"name": "Labor", "fill": "#7f7f7f"}], "links": [{"source": 0, "target": 1, "value": 437.88920307586068}, {"source": 0, "target": 2, "value": 15.690112066054143}, {"source": 0, "target": 3, "value": 97.844704803613482}, {"source": 0, "target": 4, "value": 14.373881942031291}, {"source": 0, "target": 5, "value": 1258.4253830111966}, {"source": 6, "target": 0, "value": 3.1291155282244905}, {"source": 7, "target": 0, "value": 232.8328292954173}, {"source": 8, "target": 0, "value": 6.5482202443735646}, {"source": 9, "target": 0, "value": 75.733425389762857}]}