{"nodes": [{"layer": 13, "name": "Aquatic Products", "fill": "#1f77b4"}, {"layer": 10, "name": "Feed", "fill": "#dbdb8d"}, {"layer": 5, "name": "Starchy Roots"}, {"layer": 13, "name": "Animal Products", "fill": "#17becf"}, {"layer": 5, "name": "Cereals", "fill": "#e7ba52"}, {"layer": 13, "name": "Other Processed", "fill": "#9c9ede"}, {"layer": 16, "name": "Food", "fill": "#b5cf6b"}, {"layer": 5, "name": "Oilcrops", "fill": "#ff9896"}, {"layer": 13, "name": "Sugar", "fill": "#d6616b"}, {"layer": 5, "name": "Fruits & Vegetables"}, {"layer": 5, "name": "Others"}, {"layer": 13, "name": "Vegetable Oils", "fill": "#f7b6d2"}, {"layer": 10, "name": "Processing", "fill": "#9edae5"}, {"layer": 16, "name": "Biofuels & Other", "fill": "#e7ba52"}, {"name": "Waste", "fill": "#c7c7c7"}, {"layer": 2, "name": "Import", "fill": "#aec7e8"}, {"layer": 16, "name": "Export", "fill": "#aec7e8"}, {"layer": 16, "name": "Stock Deposit", "fill": "#c7c7c7"}, {"layer": 0, "name": "Stock Draw", "fill": "#c7c7c7"}, {"name": "Crop Residue", "fill": "#bd9e39"}, {"layer": 2, "name": "Electricity", "fill": "#bcbd22"}, {"layer": 0, "name": "Fossil Fuels", "fill": "#c49c94"}, {"layer": 0, "name": "Renewables & Nuclear", "fill": "#2ca02c"}, {"layer": 2, "name": "Fertilizers", "fill": "#c5b0d5"}, {"layer": 0, "name": "Labor", "fill": "#7f7f7f"}], "links": [{"source": 0, "prod": 476.0, "target": 1, "value": 0.33091468564441839, "supply": [{"l": "Pelagic Fish", "v": 0.071577302505254611}, {"l": "Demersal Fish", "v": 0.038664904888438587}, {"l": "Fish, Seafood", "v": 0.099056906458840646}, {"l": "Aquatic Plants", "v": 0.060807785895942261}, {"l": "Aquatic Products, Other", "v": 0.060807785895942261}]}, {"source": 2, "prod": 250.0, "target": 1, "value": 0.19108454487932824, "supply": [{"l": "Potatoes", "v": 0.19108454487932824}]}, {"source": 3, "prod": 400.0, "target": 1, "value": 0.26601883714303332, "supply": [{"l": "Milk - Excluding Butter", "v": 0.26601883714303332}]}, {"source": 4, "prod": 1134.0, "target": 1, "value": 2.9898131531258372, "supply": [{"l": "Maize", "v": 0.34299734601083998}, {"l": "Wheat", "v": 0.072532703493462525}, {"l": "Oats", "v": 0.72961223818828136}, {"l": "Rye", "v": 0.072764968529761415}, {"l": "Barley", "v": 1.2452048865079999}, {"l": "Sorghum", "v": 0.3973290741349208}, {"l": "Cereals, Other", "v": 0.12937193626057142}]}, {"source": 5, "prod": 113.0, "target": 1, "value": 0.94056251454147055, "supply": [{"l": "Fish, Body Oil", "v": 0.94056251454147055}]}, {"source": 5, "prod": 267.0, "target": 6, "value": 0.57758845445456874, "supply": [{"l": "Beer", "v": 0.099726500567755977}, {"l": "Beverages, Alcoholic", "v": 0.033824833932669322}, {"l": "Fats, Animals, Raw", "v": 0.20345758413478929}, {"l": "Butter, Ghee", "v": 0.16647124151176471}, {"l": "Wine", "v": 0.0098593935295354859}, {"l": "Cream", "v": 0.064248900778054049}]}, {"source": 3, "prod": 1362.0, "target": 6, "value": 1.3406206571892356, "supply": [{"l": "Meat, Other", "v": 0.0099395512005073187}, {"l": "Eggs", "v": 0.06282624654654001}, {"l": "Mutton & Goat Meat", "v": 0.054119734292270918}, {"l": "Pigmeat", "v": 0.3591103454126553}, {"l": "Milk - Excluding Butter", "v": 0.74751293237192373}, {"l": "Poultry Meat", "v": 0.014033112920826447}, {"l": "Offals, Edible", "v": 0.013887043343955392}, {"l": "Bovine Meat", "v": 0.079191691100556585}]}, {"source": 4, "prod": 369.0, "target": 6, "value": 1.2047069419757426, "supply": [{"l": "Maize", "v": 0.0033960133268400002}, {"l": "Rye", "v": 0.11389299422049612}, {"l": "Barley", "v": 0.020376079961040003}, {"l": "Rice", "v": 0.02971511660985}, {"l": "Wheat", "v": 1.01875478997636}, {"l": "Oats", "v": 0.018571947881156251}]}, {"source": 7, "prod": 3.0, "target": 6, "value": 0.0046591646252378046, "supply": [{"l": "Coconuts - Incl Copra", "v": 0.0046591646252378046}]}, {"source": 8, "prod": 137.0, "target": 6, "value": 0.54376790594558488, "supply": [{"l": "Sugar", "v": 0.52930051461295313}, {"l": "Honey", "v": 0.0039797031173906252}, {"l": "Sweeteners, Other", "v": 0.010487688215241178}]}, {"source": 2, "prod": 374.0, "target": 6, "value": 0.2858624791394751, "supply": [{"l": "Potatoes", "v": 0.2858624791394751}]}, {"source": 9, "prod": 546.0, "target": 6, "value": 0.29726563797053862, "supply": [{"l": "Vegetables, Other", "v": 0.04395533693205679}, {"l": "Tomatoes", "v": 0.006689117158927272}, {"l": "Treenuts", "v": 0.027032941905194036}, {"l": "Peas", "v": 0.023993572417891306}, {"l": "Grapes", "v": 0.018646994972665556}, {"l": "Beans", "v": 0.0030321547561071431}, {"l": "Apples", "v": 0.04724458675729909}, {"l": "Lemons, Limes", "v": 0.00084059735812871299}, {"l": "Pineapples", "v": 0.0053810070319647886}, {"l": "Bananas", "v": 0.027282982329792812}, {"l": "Fruits, Other", "v": 0.060707954047407177}, {"l": "Grapefruit", "v": 0.00043763058335567019}, {"l": "Oranges, Mandarines", "v": 0.03042888047279204}, {"l": "Onions", "v": 0.0015918812469562502}]}, {"source": 10, "prod": 54.0, "target": 6, "value": 0.066981724250764429, "supply": [{"l": "Nuts", "v": 0.028448279177717275}, {"l": "Coffee", "v": 0.020355202829932376}, {"l": "Cocoa Beans", "v": 0.016539025942402599}, {"l": "Tea", "v": 0.00163921630071217}]}, {"source": 0, "prod": 346.0, "target": 6, "value": 0.23192671849357349, "supply": [{"l": "Crustaceans", "v": 0.006943521671977696}, {"l": "Marine Fish, Other", "v": 0.0035082782302066117}, {"l": "Freshwater Fish", "v": 0.003144456784111111}, {"l": "Pelagic Fish", "v": 0.044183520064971976}, {"l": "Fish, Seafood", "v": 0.11501238132469414}, {"l": "Demersal Fish", "v": 0.059134560417611955}]}, {"source": 11, "prod": 56.0, "target": 6, "value": 0.58229188369889218, "supply": [{"l": "Groundnut Oil", "v": 0.040502911237541295}, {"l": "Soyabean Oil", "v": 0.368077519092599}, {"l": "Coconut Oil", "v": 0.084025072004288659}, {"l": "Rape and Mustard Oil", "v": 0.053062708231874998}, {"l": "Oilcrops Oil, Other", "v": 0.036623673132588234}]}, {"source": 2, "prod": 40.0, "target": 12, "value": 0.03057352718069252, "supply": [{"l": "Potatoes", "v": 0.03057352718069252}]}, {"source": 5, "prod": 3.0, "target": 12, "value": 0.027744216018380362, "supply": [{"l": "Fats, Animals, Raw", "v": 0.027744216018380362}]}, {"source": 4, "prod": 41.0, "target": 12, "value": 0.098484386478360011, "supply": [{"l": "Maize", "v": 0.0169800666342}, {"l": "Barley", "v": 0.081504319844160011}]}, {"source": 7, "prod": 477.0, "target": 12, "value": 1.7569118161819355, "supply": [{"l": "Rape and Mustardseed", "v": 0.064747597291995224}, {"l": "Groundnuts", "v": 0.018192928536642859}, {"l": "Soyabeans", "v": 1.2644824882907302}, {"l": "Coconuts - Incl Copra", "v": 0.069887469378567074}, {"l": "Oil Palm", "v": 0.339601332684}]}, {"source": 5, "prod": 82.0, "target": 13, "value": 0.55866504212571133, "supply": [{"l": "Alcohol, Non-Food", "v": 0.011502625784458067}, {"l": "Fish, Body Oil", "v": 0.52438441076205877}, {"l": "Beverages, Alcoholic", "v": 0.01352993357306773}, {"l": "Fats, Animals, Raw", "v": 0.0092480720061267879}]}, {"source": 3, "prod": 111.0, "target": 13, "value": 0.073820227307191746, "supply": [{"l": "Milk - Excluding Butter", "v": 0.073820227307191746}]}, {"source": 4, "prod": 2.0, "target": 13, "value": 0.0060491487384337506, "supply": [{"l": "Maize", "v": 0.0033960133268400002}, {"l": "Oats", "v": 0.00265313541159375}]}, {"source": 8, "prod": 11.0, "target": 13, "value": 0.038454856789217652, "supply": [{"l": "Sweeteners, Other", "v": 0.038454856789217652}]}, {"source": 2, "prod": 55.0, "target": 13, "value": 0.042038599873452209, "supply": [{"l": "Potatoes", "v": 0.042038599873452209}]}, {"source": 0, "prod": 40.0, "target": 13, "value": 0.024668259904418694, "supply": [{"l": "Demersal Fish", "v": 0.011372030849540759}, {"l": "Fish, Seafood", "v": 0.013296229054877935}]}, {"source": 11, "prod": 2.0, "target": 13, "value": 0.018311836566294117, "supply": [{"l": "Oilcrops Oil, Other", "v": 0.018311836566294117}]}, {"source": 0, "prod": 20.0, "target": 0, "value": 0.015484818540433364, "supply": [{"l": "Pelagic Fish", "v": 0.0088367040129943963}, {"l": "Fish, Seafood", "v": 0.0066481145274389676}]}, {"source": 2, "prod": 62.0, "target": 2, "value": 0.047388967130073407, "supply": [{"l": "Potatoes", "v": 0.047388967130073407}]}, {"source": 3, "prod": 1.0, "target": 3, "value": 0.0016533222775405266, "supply": [{"l": "Eggs", "v": 0.0016533222775405266}]}, {"source": 4, "prod": 58.0, "target": 4, "value": 0.14297209544919648, "supply": [{"l": "Wheat", "v": 0.0098908232036539808}, {"l": "Barley", "v": 0.074712293190479992}, {"l": "Oats", "v": 0.058368979055062498}]}, {"source": 2, "prod": 59.0, "target": 14, "value": 0.045095952591521465, "supply": [{"l": "Potatoes", "v": 0.045095952591521465}]}, {"source": 9, "prod": 33.0, "target": 14, "value": 0.013828795370011113, "supply": [{"l": "Bananas", "v": 0.001435946438410148}, {"l": "Vegetables, Other", "v": 0.004537325102663926}, {"l": "Fruits, Other", "v": 0.0035023819642734911}, {"l": "Grapes", "v": 0.00077695812386106486}, {"l": "Oranges, Mandarines", "v": 0.0010142960157597345}, {"l": "Tomatoes", "v": 0.00025727373688181818}, {"l": "Apples", "v": 0.0023046139881609307}]}, {"source": 3, "prod": 2.0, "target": 14, "value": 0.00231836937039811, "supply": [{"l": "Eggs", "v": 0.0016533222775405266}, {"l": "Milk - Excluding Butter", "v": 0.00066504709285758338}]}, {"source": 4, "prod": 46.0, "target": 14, "value": 0.1192800974727774, "supply": [{"l": "Rye", "v": 0.0063273885678053398}, {"l": "Wheat", "v": 0.016484705339423301}, {"l": "Oats", "v": 0.055715843643468752}, {"l": "Barley", "v": 0.040752159922080006}]}, {"source": 15, "prod": 56.0, "target": 10, "value": 0.072494732898231967, "supply": [{"l": "Nuts", "v": 0.028448279177717275}, {"l": "Coffee", "v": 0.020355202829932376}, {"l": "Cocoa Beans", "v": 0.022052034589870134}, {"l": "Tea", "v": 0.00163921630071217}]}, {"source": 15, "prod": 203.0, "target": 1, "value": 0.17391226467277521, "supply": [{"l": "Meat, Other", "v": 0.0012424439000634148}, {"l": "Crustaceans", "v": 0.0025249169716282526}, {"l": "Demersal Fish", "v": 0.013077835476971873}, {"l": "Mutton & Goat Meat", "v": 0.0081179601438406395}, {"l": "Pigmeat", "v": 0.025650738958046811}, {"l": "Milk - Excluding Butter", "v": 0.021281506971442668}, {"l": "Pelagic Fish", "v": 0.045950860867570859}, {"l": "Fish, Seafood", "v": 0.052520104766767856}, {"l": "Bovine Meat", "v": 0.0035458966164428319}]}, {"source": 15, "prod": 249.0, "target": 12, "value": 1.2872367371410238, "supply": [{"l": "Alcohol, Non-Food", "v": 0.00082161612746129039}, {"l": "Sugar", "v": 0.55715843643468754}, {"l": "Beer", "v": 0.00056986571753003422}, {"l": "Groundnut Oil", "v": 0.030377183428155968}, {"l": "Beverages, Alcoholic", "v": 0.030442350539402394}, {"l": "Fats, Animals, Raw", "v": 0.10172879206739464}, {"l": "Butter, Ghee", "v": 0.008323562075588235}, {"l": "Palm Oil", "v": 0.02122508329275}, {"l": "Coconut Oil", "v": 0.010503134000536082}, {"l": "Oilcrops Oil, Other", "v": 0.036623673132588234}, {"l": "Wine", "v": 0.0098593935295354859}, {"l": "Sweeteners, Other", "v": 0.038454856789217652}, {"l": "Fish, Body Oil", "v": 0.44114879000617646}]}, {"source": 15, "prod": 793.0, "target": 4, "value": 2.4617640429835439, "supply": [{"l": "Maize", "v": 0.37695747927923995}, {"l": "Rye", "v": 0.23727707129270023}, {"l": "Barley", "v": 0.32828128826120001}, {"l": "Rice", "v": 0.02971511660985}, {"l": "Cereals, Other", "v": 0.12290333944754286}, {"l": "Wheat", "v": 0.96930067395808994}, {"l": "Sorghum", "v": 0.3973290741349208}]}, {"source": 15, "prod": 298.0, "target": 9, "value": 0.19627535821918871, "supply": [{"l": "Tomatoes", "v": 0.0046309272638727274}, {"l": "Treenuts", "v": 0.027032941905194036}, {"l": "Vegetables, Other", "v": 0.0051044907404969178}, {"l": "Peas", "v": 0.023993572417891306}, {"l": "Grapes", "v": 0.019423953096526621}, {"l": "Beans", "v": 0.0030321547561071431}, {"l": "Apples", "v": 0.019013065402327677}, {"l": "Lemons, Limes", "v": 0.00084059735812871299}, {"l": "Pineapples", "v": 0.0053810070319647886}, {"l": "Bananas", "v": 0.028718928768202964}, {"l": "Fruits, Other", "v": 0.025100404077293352}, {"l": "Grapefruit", "v": 0.00043763058335567019}, {"l": "Oranges, Mandarines", "v": 0.031443176488551779}, {"l": "Onions", "v": 0.002122508329275}]}, {"source": 15, "prod": 395.0, "target": 7, "value": 1.4029262371549394, "supply": [{"l": "Coconuts - Incl Copra", "v": 0.074546634003804874}, {"l": "Groundnuts", "v": 0.018192928536642859}, {"l": "Oilcrops, Other", "v": 0.0038086821936467773}, {"l": "Soyabeans", "v": 1.2644824882907302}, {"l": "Rape and Mustardseed", "v": 0.041895504130114551}]}, {"source": 15, "prod": 6.0, "target": 2, "value": 0.0045860290771038781, "supply": [{"l": "Potatoes", "v": 0.0045860290771038781}]}, {"source": 5, "prod": 71.0, "target": 16, "value": 0.39819661696958913, "supply": [{"l": "Alcohol, Non-Food", "v": 0.010681009656996776}, {"l": "Beer", "v": 0.0074082543278904435}, {"l": "Fish, Liver Oil", "v": 0.05826493452911765}, {"l": "Fats, Animals, Raw", "v": 0.055488432036760724}, {"l": "Fish, Body Oil", "v": 0.26635398641882352}]}, {"source": 3, "prod": 222.0, "target": 16, "value": 0.15069640358289324, "supply": [{"l": "Milk - Excluding Butter", "v": 0.1443152191500956}, {"l": "Bovine Meat", "v": 0.0047278621552571095}, {"l": "Eggs", "v": 0.0016533222775405266}]}, {"source": 4, "prod": 34.0, "target": 16, "value": 0.096164824893689715, "supply": [{"l": "Maize", "v": 0.010188039980520001}, {"l": "Rye", "v": 0.0031636942839026699}, {"l": "Wheat", "v": 0.016484705339423301}, {"l": "Oats", "v": 0.06632838528984375}]}, {"source": 8, "prod": 1.0, "target": 16, "value": 0.0034958960717470593, "supply": [{"l": "Sweeteners, Other", "v": 0.0034958960717470593}]}, {"source": 9, "prod": 3.0, "target": 16, "value": 0.0015055593266777418, "supply": [{"l": "Fruits, Other", "v": 0.0011674606547578304}, {"l": "Oranges, Mandarines", "v": 0.00033809867191991153}]}, {"source": 10, "prod": 2.0, "target": 16, "value": 0.0055130086474675334, "supply": [{"l": "Cocoa Beans", "v": 0.0055130086474675334}]}, {"source": 0, "prod": 4534.0, "target": 16, "value": 3.2455707423954392, "supply": [{"l": "Freshwater Fish", "v": 0.0020963045227407411}, {"l": "Fish, Seafood", "v": 1.5071275633704142}, {"l": "Pelagic Fish", "v": 1.2556956402465038}, {"l": "Demersal Fish", "v": 0.47307648334089564}, {"l": "Crustaceans", "v": 0.007574750914884759}]}, {"source": 11, "prod": 120.0, "target": 16, "value": 1.2638048463769107, "supply": [{"l": "Rape and Mustard Oil", "v": 0.010612541646375}, {"l": "Soyabean Oil", "v": 1.0621665550957857}, {"l": "Palm Oil", "v": 0.19102574963475}]}, {"source": 8, "prod": 7.0, "target": 17, "value": 0.027857921821734376, "supply": [{"l": "Sugar", "v": 0.027857921821734376}]}, {"source": 0, "prod": 84.0, "target": 17, "value": 0.052748552375746466, "supply": [{"l": "Demersal Fish", "v": 0.02217546015660448}, {"l": "Pelagic Fish", "v": 0.0026510112038983184}, {"l": "Fish, Seafood", "v": 0.027922081015243672}]}, {"source": 4, "prod": 207.0, "target": 17, "value": 0.51094357935352541, "supply": [{"l": "Wheat", "v": 0.036266351746731262}, {"l": "Barley", "v": 0.33507331491488002}, {"l": "Oats", "v": 0.063675249878250004}, {"l": "Rye", "v": 0.075928662813664088}]}, {"source": 2, "prod": 13.0, "target": 17, "value": 0.0099363963337250685, "supply": [{"l": "Potatoes", "v": 0.0099363963337250685}]}, {"source": 18, "prod": 1.0, "target": 12, "value": 0.008323562075588235, "supply": [{"l": "Fish, Liver Oil", "v": 0.008323562075588235}]}, {"source": 1, "prod": 5480.0, "target": 0, "value": 3.8858289588135961, "supply": [{"l": "Pelagic Fish", "v": 1.3829441780336229}, {"l": "Crustaceans", "v": 0.014518272586862455}, {"l": "Freshwater Fish", "v": 0.0052407613068518521}, {"l": "Aquatic Plants", "v": 0.060807785895942261}, {"l": "Aquatic Products, Other", "v": 0.060807785895942261}, {"l": "Fish, Seafood", "v": 1.7690632757515095}, {"l": "Demersal Fish", "v": 0.60442343965309142}, {"l": "Marine Fish, Other", "v": 0.0035082782302066117}]}, {"source": 1, "prod": 2097.0, "target": 3, "value": 1.8334744945927519, "supply": [{"l": "Poultry Meat", "v": 0.014033112920826447}, {"l": "Pigmeat", "v": 0.3591103454126553}, {"l": "Bovine Meat", "v": 0.083919553255813698}, {"l": "Eggs", "v": 0.067786213379161603}, {"l": "Milk - Excluding Butter", "v": 1.2323322630651019}, {"l": "Offals, Edible", "v": 0.013887043343955392}, {"l": "Meat, Other", "v": 0.0099395512005073187}, {"l": "Mutton & Goat Meat", "v": 0.054119734292270918}]}, {"source": 12, "prod": 536.0, "target": 5, "value": 2.5027568441097201, "supply": [{"l": "Fats, Animals, Raw", "v": 0.29593830419605716}, {"l": "Alcohol, Non-Food", "v": 0.022183635441454845}, {"l": "Fish, Body Oil", "v": 1.7313009117223528}, {"l": "Beer", "v": 0.10713475489564642}, {"l": "Beverages, Alcoholic", "v": 0.047354767505737055}, {"l": "Fish, Liver Oil", "v": 0.05826493452911765}, {"l": "Cream", "v": 0.064248900778054049}, {"l": "Butter, Ghee", "v": 0.16647124151176471}, {"l": "Wine", "v": 0.0098593935295354859}]}, {"source": 12, "prod": 178.0, "target": 11, "value": 1.8644085666420969, "supply": [{"l": "Soyabean Oil", "v": 1.4302440741883848}, {"l": "Coconut Oil", "v": 0.084025072004288659}, {"l": "Rape and Mustard Oil", "v": 0.063675249878250004}, {"l": "Groundnut Oil", "v": 0.040502911237541295}, {"l": "Palm Oil", "v": 0.19102574963475}, {"l": "Oilcrops Oil, Other", "v": 0.054935509698882348}]}, {"source": 12, "prod": 156.0, "target": 8, "value": 0.61357658062828402, "supply": [{"l": "Honey", "v": 0.0039797031173906252}, {"l": "Sweeteners, Other", "v": 0.052438441076205884}, {"l": "Sugar", "v": 0.55715843643468754}]}, {"source": 2, "prod": 425.0, "target": 19, "value": 1.4818333305000002, "supply": [{"l": "Potatoes", "v": 1.4818333305000002}]}, {"source": 9, "prod": 434.5, "target": 19, "value": 1.0446650940381532, "supply": [{"l": "Tomatoes", "v": 0.06450333321}, {"l": "Vegetables, Other", "v": 0.56658333225000002}, {"l": "Peas", "v": 0.010459999980000001}, {"l": "Beans", "v": 0.0017433333300000001}, {"l": "Onions", "v": 0.0052299999900000003}]}, {"source": 4, "prod": 2990.0, "target": 19, "value": 8.5035660951041265, "supply": [{"l": "Maize", "v": 0.38701999925999991}, {"l": "Rye", "v": 0.33820666601999999}, {"l": "Barley", "v": 5.0312599903799997}, {"l": "Rice", "v": 0.02440666662}, {"l": "Cereals, Other", "v": 0.14662045819172226}, {"l": "Wheat", "v": 1.4539399972200004}, {"l": "Oats", "v": 2.6149999950000002}, {"l": "Sorghum", "v": 0.42885999918000001}]}, {"source": 7, "prod": 203.5, "target": 19, "value": 0.66307598578718463, "supply": [{"l": "Coconuts - Incl Copra", "v": 0.083679999840000005}, {"l": "Groundnuts", "v": 0.0052299999900000003}, {"l": "Soyabeans", "v": 0.57878666556000002}, {"l": "Rape and Mustardseed", "v": 0.041839999920000003}]}, {"source": 20, "prod": 0, "target": 2, "value": 0.0062360681513926571, "supply": "[{\"l\":'Energy for power irrigation',\"v\":0.0062360681513926571}]"}, {"source": 20, "prod": 0, "target": 9, "value": 0.0031877313079765992, "supply": "[{\"l\":'Energy for power irrigation',\"v\":0.0031877313079765992}]"}, {"source": 20, "prod": 0, "target": 4, "value": 0.010968143395684733, "supply": "[{\"l\":'Energy for power irrigation',\"v\":0.010968143395684733}]"}, {"source": 20, "prod": 0, "target": 7, "value": 0.00207991214225861, "supply": "[{\"l\":'Energy for power irrigation',\"v\":0.00207991214225861}]"}, {"source": 20, "prod": 0, "target": 12, "value": 0.31670267371723854, "supply": "[{\"l\":'Electricity',\"v\":0.31670267371723854}]"}, {"source": 21, "prod": 0, "target": 20, "value": 0.00064500260120444516, "supply": [{"l": "Coal", "v": 0.00028381309455498982}, {"l": "Natural gas", "v": 0.0}, {"l": "Oil", "v": 0.00036118950664945534}]}, {"source": 22, "prod": 0, "target": 20, "value": 0.3391320130166055, "supply": [{"l": "Nuclear", "v": 0.0}, {"l": "Hydroelectric", "v": 0.3391320130166055}, {"l": "Renewable", "v": 0.0}]}, {"source": 21, "prod": 0, "target": 2, "value": 0.37665998688124341, "supply": [{"l": "Motor Gasoline", "v": 0.050758923797751529}, {"l": "Gas-Diesel oil", "v": 0.20036216271106436}, {"l": "Natural gas (including LNG)", "v": 0.025793222877914374}, {"l": "Fuel oil", "v": 0.083322549403442248}, {"l": "Liquefied petroleum gas (LPG)", "v": 0.0072261763600711725}, {"l": "Coal", "v": 0.0091969517309996741}]}, {"source": 21, "prod": 0, "target": 9, "value": 0.192539722705765, "supply": [{"l": "Motor Gasoline", "v": 0.025946767517791812}, {"l": "Gas-Diesel oil", "v": 0.1024204231740676}, {"l": "Natural gas (including LNG)", "v": 0.013184888635827993}, {"l": "Fuel oil", "v": 0.042592526724465472}, {"l": "Liquefied petroleum gas (LPG)", "v": 0.0036938513275893226}, {"l": "Coal", "v": 0.0047012653260227744}]}, {"source": 21, "prod": 0, "target": 4, "value": 0.66247844751465756, "supply": [{"l": "Motor Gasoline", "v": 0.089275989503104169}, {"l": "Gas-Diesel oil", "v": 0.35240168618004852}, {"l": "Natural gas (including LNG)", "v": 0.045365727297037632}, {"l": "Fuel oil", "v": 0.14654966042134843}, {"l": "Liquefied petroleum gas (LPG)", "v": 0.012709569009772239}, {"l": "Coal", "v": 0.016175815103346487}]}, {"source": 21, "prod": 0, "target": 7, "value": 0.12562718385980295, "supply": [{"l": "Motor Gasoline", "v": 0.016929593996073598}, {"l": "Gas-Diesel oil", "v": 0.066826674268925593}, {"l": "Natural gas (including LNG)", "v": 0.0086027984539867354}, {"l": "Fuel oil", "v": 0.02779052088926574}, {"l": "Liquefied petroleum gas (LPG)", "v": 0.0024101423506825616}, {"l": "Coal", "v": 0.0030674539008687151}]}, {"source": 21, "prod": 0, "target": 1, "value": 5.5325970414631147, "supply": [{"l": "Gas-diesel oils used in fisheries", "v": 5.4932818562464778}, {"l": "Fuel oil used in fisheries", "v": 0.039315185216637336}]}, {"source": 23, "prod": 63.908120349401479, "target": 2, "value": 0.6079337867475354, "supply": [{"l": "Potash", "v": 0.19870138904785001}, {"l": "Phosphate", "v": 0.24702916686429}, {"l": "Nitrogen", "v": 1.76500277918978}]}, {"source": 23, "prod": 32.668327402135226, "target": 9, "value": 0.31076144746094603, "supply": [{"l": "Potash", "v": 0.19870138904785001}, {"l": "Phosphate", "v": 0.24702916686429}, {"l": "Nitrogen", "v": 1.76500277918978}]}, {"source": 23, "prod": 112.40310579100614, "target": 4, "value": 1.0692482484559593, "supply": [{"l": "Potash", "v": 0.19870138904785001}, {"l": "Phosphate", "v": 0.24702916686429}, {"l": "Nitrogen", "v": 1.76500277918978}]}, {"source": 23, "prod": 21.315237787123909, "target": 7, "value": 0.20276379828579563, "supply": [{"l": "Potash", "v": 0.19870138904785001}, {"l": "Phosphate", "v": 0.24702916686429}, {"l": "Nitrogen", "v": 1.76500277918978}]}, {"source": 21, "prod": 0, "target": 23, "value": 2.8004734427242837, "supply": [{"l": "Natural gas (including LNG)", "v": 1.8443646582984541}, {"l": "Fuel oil", "v": 0.64410714907735844}, {"l": "Liquefied petroleum gas (LPG)", "v": 0.15600081767423568}, {"l": "Coal", "v": 0.15600081767423568}]}, {"source": 24, "prod": 0, "target": 4, "value": 0.062561592848159112, "supply": "[{\"l\":'Labor',\"v\":0.062561592848159112}]"}, {"source": 24, "prod": 0, "target": 7, "value": 0.011863686670537197, "supply": "[{\"l\":'Labor',\"v\":0.011863686670537197}]"}, {"source": 24, "prod": 0, "target": 2, "value": 0.035570136401963375, "supply": "[{\"l\":'Labor',\"v\":0.035570136401963375}]"}, {"source": 24, "prod": 0, "target": 9, "value": 0.018182616784297747, "supply": "[{\"l\":'Labor',\"v\":0.018182616784297747}]"}, {"source": 24, "prod": 0, "target": 10, "value": 0.00117172214029997, "supply": "[{\"l\":'Labor',\"v\":0.00117172214029997}]"}, {"source": 21, "prod": 0, "target": 15, "value": 2.5036100098153304, "supply": "[{\"l\":'Fossil Fuels',\"v\":2.5036100098153304}]"}, {"source": 22, "prod": 0, "target": 15, "value": 2.0288843453490228, "supply": "[{\"l\":'Renewables & Nuclear',\"v\":2.0288843453490228},{\"l\":'Biomass & Waste',\"v\":0.0}]"}]}