{"nodes": [{"layer": 13, "name": "Other Processed", "fill": "#9c9ede"}, {"layer": 10, "name": "Feed", "fill": "#dbdb8d"}, {"layer": 13, "name": "Animal Products", "fill": "#17becf"}, {"layer": 5, "name": "Cereals", "fill": "#e7ba52"}, {"layer": 5, "name": "Oilcrops", "fill": "#ff9896"}, {"layer": 5, "name": "Fruits, Roots & Vegetables", "fill": "#98df8a"}, {"layer": 5, "name": "Sugar Crops", "fill": "#ffbb78"}, {"layer": 13, "name": "Aquatic Products", "fill": "#1f77b4"}, {"layer": 16, "name": "Food", "fill": "#b5cf6b"}, {"layer": 13, "name": "Sugar", "fill": "#d6616b"}, {"layer": 13, "name": "Vegetable Oils", "fill": "#f7b6d2"}, {"layer": 10, "name": "Processing", "fill": "#9edae5"}, {"layer": 16, "name": "Biofuels & Other", "fill": "#e7ba52"}, {"name": "Seed", "fill": "#dbdb8d"}, {"name": "Waste", "fill": "#c7c7c7"}, {"layer": 0, "name": "Import", "fill": "#aec7e8"}, {"layer": 16, "name": "Export", "fill": "#aec7e8"}, {"layer": 0, "name": "Stock Draw", "fill": "#c7c7c7"}, {"layer": 16, "name": "Stock Deposit", "fill": "#c7c7c7"}, {"layer": 0, "name": "Production", "fill": "#b5cf6b"}], "links": [{"source": 0, "prod": 0.2831288186523872, "target": 1, "value": 30.0, "supply": [{"l": "Fats, Animals, Raw", "v": 21.0}, {"l": "Fish, Body Oil", "v": 8.0}, {"l": "Fish, Liver Oil", "v": 1.0}]}, {"source": 2, "prod": 2.8527916581372805, "target": 1, "value": 4575.0, "supply": [{"l": "Milk - Excluding Butter", "v": 4567.0}, {"l": "Meat, Other", "v": 3.0}, {"l": "Offals, Edible", "v": 4.0}, {"l": "Eggs", "v": 1.0}]}, {"source": 3, "prod": 52.621818493341273, "target": 1, "value": 16093.0, "supply": [{"l": "Maize", "v": 10839.0}, {"l": "Oats", "v": 1570.0}, {"l": "Rye", "v": 431.0}, {"l": "Barley", "v": 2859.0}, {"l": "Rice", "v": 12.0}, {"l": "Sorghum", "v": 57.0}, {"l": "Cereals, Other", "v": 46.0}, {"l": "Wheat", "v": 251.0}, {"l": "Millet", "v": 28.0}]}, {"source": 4, "prod": 0.12179554430410611, "target": 1, "value": 29.0, "supply": [{"l": "Soyabeans", "v": 2.0}, {"l": "Sunflower seed", "v": 6.0}, {"l": "Cottonseed", "v": 20.0}, {"l": "Oilcrops, Other", "v": 1.0}]}, {"source": 5, "prod": 5.0132383628304416, "target": 1, "value": 3617.0, "supply": [{"l": "Vegetables, Other", "v": 1038.0}, {"l": "Potatoes", "v": 1476.0}, {"l": "Fruits, Other", "v": 16.0}, {"l": "Beans", "v": 2.0}, {"l": "Tomatoes", "v": 36.0}, {"l": "Bananas", "v": 1.0}, {"l": "Apples", "v": 106.0}, {"l": "Roots, Other", "v": 2.0}, {"l": "Peas", "v": 3.0}, {"l": "Sweet potatoes", "v": 50.0}, {"l": "Cassava", "v": 34.0}, {"l": "Pulses, Other", "v": 853.0}]}, {"source": 6, "prod": 0.36726222152000004, "target": 1, "value": 316.0, "supply": [{"l": "Sugar beet", "v": 316.0}]}, {"source": 7, "prod": 0.59592275498164027, "target": 1, "value": 720.0, "supply": [{"l": "Fish, Seafood", "v": 360.0}, {"l": "Pelagic Fish", "v": 360.0}]}, {"source": 0, "prod": 12.37849219650005, "target": 8, "value": 10392.0, "supply": [{"l": "Beer", "v": 1020.0}, {"l": "Beverages, Alcoholic", "v": 349.0}, {"l": "Fats, Animals, Raw", "v": 328.0}, {"l": "Butter, Ghee", "v": 107.0}, {"l": "Wine", "v": 8535.0}, {"l": "Beverages, Fermented", "v": 30.0}, {"l": "Fish, Liver Oil", "v": 3.0}, {"l": "Cream", "v": 20.0}]}, {"source": 2, "prod": 16.26739681096317, "target": 8, "value": 18009.0, "supply": [{"l": "Meat, Other", "v": 165.0}, {"l": "Eggs", "v": 820.0}, {"l": "Pigmeat", "v": 1158.0}, {"l": "Mutton & Goat Meat", "v": 310.0}, {"l": "Poultry Meat", "v": 442.0}, {"l": "Milk - Excluding Butter", "v": 13713.0}, {"l": "Offals, Edible", "v": 251.0}, {"l": "Bovine Meat", "v": 1150.0}]}, {"source": 3, "prod": 65.608271876051575, "target": 8, "value": 20687.0, "supply": [{"l": "Maize", "v": 1477.0}, {"l": "Rye", "v": 326.0}, {"l": "Barley", "v": 124.0}, {"l": "Rice", "v": 593.0}, {"l": "Cereals, Other", "v": 40.0}, {"l": "Wheat", "v": 18115.0}, {"l": "Oats", "v": 7.0}, {"l": "Millet", "v": 5.0}]}, {"source": 4, "prod": 0.45067678417968648, "target": 8, "value": 181.0, "supply": [{"l": "Olives", "v": 130.0}, {"l": "Coconuts - Incl Copra", "v": 6.0}, {"l": "Sesame seed", "v": 3.0}, {"l": "Groundnuts", "v": 40.0}, {"l": "Rape and Mustardseed", "v": 2.0}]}, {"source": 5, "prod": 23.200760295148804, "target": 8, "value": 35558.0, "supply": [{"l": "Roots, Other", "v": 1.0}, {"l": "Nuts", "v": 644.0}, {"l": "Yams", "v": 1.0}, {"l": "Cocoa Beans", "v": 50.0}, {"l": "Tomatoes", "v": 3180.0}, {"l": "Coffee", "v": 151.0}, {"l": "Treenuts", "v": 643.0}, {"l": "Vegetables, Other", "v": 10227.0}, {"l": "Peas", "v": 46.0}, {"l": "Grapes", "v": 1443.0}, {"l": "Infant food", "v": 5.0}, {"l": "Dates", "v": 16.0}, {"l": "Potatoes", "v": 8921.0}, {"l": "Pimento", "v": 13.0}, {"l": "Pepper", "v": 4.0}, {"l": "Grapefruit", "v": 3.0}, {"l": "Pineapples", "v": 1.0}, {"l": "Beans", "v": 465.0}, {"l": "Pulses, Other", "v": 340.0}, {"l": "Lemons, Limes", "v": 253.0}, {"l": "Bananas", "v": 326.0}, {"l": "Citrus, Other", "v": 38.0}, {"l": "Spices, Other", "v": 2.0}, {"l": "Tea", "v": 3.0}, {"l": "Fruits, Other", "v": 4200.0}, {"l": "Sweet potatoes", "v": 127.0}, {"l": "Oranges, Mandarines", "v": 1483.0}, {"l": "Onions", "v": 1238.0}, {"l": "Apples", "v": 1734.0}]}, {"source": 9, "prod": 10.596708088843419, "target": 8, "value": 2573.0, "supply": [{"l": "Sugar", "v": 2529.0}, {"l": "Sweeteners, Other", "v": 21.0}, {"l": "Honey", "v": 23.0}]}, {"source": 7, "prod": 2.9514596531947097, "target": 8, "value": 4091.0, "supply": [{"l": "Freshwater Fish", "v": 51.0}, {"l": "Marine Fish, Other", "v": 217.0}, {"l": "Crustaceans", "v": 39.0}, {"l": "Demersal Fish", "v": 997.0}, {"l": "Fish, Seafood", "v": 2045.0}, {"l": "Pelagic Fish", "v": 639.0}, {"l": "Cephalopods", "v": 61.0}, {"l": "Molluscs, Other", "v": 42.0}]}, {"source": 10, "prod": 13.674848201500971, "target": 8, "value": 1336.0, "supply": [{"l": "Ricebran Oil", "v": 1.0}, {"l": "Maize Germ Oil", "v": 31.0}, {"l": "Groundnut Oil", "v": 53.0}, {"l": "Soyabean Oil", "v": 183.0}, {"l": "Palm Oil", "v": 5.0}, {"l": "Sunflowerseed Oil", "v": 40.0}, {"l": "Olive Oil", "v": 893.0}, {"l": "Coconut Oil", "v": 17.0}, {"l": "Rape and Mustard Oil", "v": 32.0}, {"l": "Oilcrops Oil, Other", "v": 27.0}, {"l": "Sesameseed Oil", "v": 12.0}, {"l": "Cottonseed Oil", "v": 41.0}, {"l": "Palmkernel Oil", "v": 1.0}]}, {"source": 0, "prod": 0.47074954556827364, "target": 11, "value": 439.0, "supply": [{"l": "Fats, Animals, Raw", "v": 16.0}, {"l": "Wine", "v": 423.0}]}, {"source": 2, "prod": 0.0092470279513901781, "target": 11, "value": 13.0, "supply": [{"l": "Pigmeat", "v": 1.0}, {"l": "Milk - Excluding Butter", "v": 12.0}]}, {"source": 3, "prod": 1.8016505810406063, "target": 11, "value": 585.0, "supply": [{"l": "Maize", "v": 163.0}, {"l": "Rice", "v": 8.0}, {"l": "Wheat", "v": 69.0}, {"l": "Barley", "v": 345.0}]}, {"source": 4, "prod": 13.555815392964439, "target": 11, "value": 7699.0, "supply": [{"l": "Olives", "v": 6290.0}, {"l": "Soyabeans", "v": 228.0}, {"l": "Oilcrops, Other", "v": 264.0}, {"l": "Sunflower seed", "v": 155.0}, {"l": "Coconuts - Incl Copra", "v": 173.0}, {"l": "Sesame seed", "v": 26.0}, {"l": "Cottonseed", "v": 344.0}, {"l": "Rape and Mustardseed", "v": 82.0}, {"l": "Groundnuts", "v": 112.0}, {"l": "Palm kernels", "v": 20.0}, {"l": "Oil Palm", "v": 5.0000000000000187}]}, {"source": 5, "prod": 10.546132382766762, "target": 11, "value": 14015.0, "supply": [{"l": "Cocoa Beans", "v": 3.0}, {"l": "Potatoes", "v": 4.0}, {"l": "Fruits, Other", "v": 714.0}, {"l": "Apples", "v": 192.0}, {"l": "Vegetables, Other", "v": 110.0}, {"l": "Grapes", "v": 12992.0}]}, {"source": 6, "prod": 15.279945943106547, "target": 11, "value": 13385.0, "supply": [{"l": "Sugar beet", "v": 13062.0}, {"l": "Sugar cane", "v": 323.0}]}, {"source": 9, "prod": 0.0041298571795060808, "target": 11, "value": 1.0, "supply": [{"l": "Sugar", "v": 1.0}]}, {"source": 10, "prod": 0.011073956500565219, "target": 11, "value": 1.0, "supply": [{"l": "Oilcrops Oil, Other", "v": 1.0}]}, {"source": 0, "prod": 3.3915990259323241, "target": 12, "value": 717.0, "supply": [{"l": "Alcohol, Non-Food", "v": 177.0}, {"l": "Beer", "v": 17.0}, {"l": "Beverages, Alcoholic", "v": 182.0}, {"l": "Fats, Animals, Raw", "v": 299.0}, {"l": "Wine", "v": 36.0}, {"l": "Fish, Body Oil", "v": 6.0}]}, {"source": 2, "prod": 0.45959938702246778, "target": 12, "value": 679.0, "supply": [{"l": "Eggs", "v": 1.0}, {"l": "Mutton & Goat Meat", "v": 2.0}, {"l": "Pigmeat", "v": 18.0}, {"l": "Milk - Excluding Butter", "v": 645.0}, {"l": "Bovine Meat", "v": 4.0}, {"l": "Poultry Meat", "v": 1.0}, {"l": "Offals, Edible", "v": 8.0}]}, {"source": 3, "prod": 1.379672719793102, "target": 12, "value": 395.0, "supply": [{"l": "Maize", "v": 339.0}, {"l": "Rice", "v": 6.0}, {"l": "Wheat", "v": 50.0}]}, {"source": 4, "prod": 0.024257238048857144, "target": 12, "value": 4.0, "supply": [{"l": "Oilcrops, Other", "v": 4.0}]}, {"source": 5, "prod": 0.23581127542685096, "target": 12, "value": 233.0, "supply": [{"l": "Nuts", "v": 25.0}, {"l": "Citrus, Other", "v": 16.0}, {"l": "Tomatoes", "v": 8.0}, {"l": "Treenuts", "v": 25.0}, {"l": "Vegetables, Other", "v": 22.0}, {"l": "Grapes", "v": 32.0}, {"l": "Potatoes", "v": 55.0}, {"l": "Beans", "v": 1.0}, {"l": "Pulses, Other", "v": 3.0}, {"l": "Lemons, Limes", "v": 7.0}, {"l": "Fruits, Other", "v": 13.0}, {"l": "Oranges, Mandarines", "v": 16.0}, {"l": "Cassava", "v": 1.0}, {"l": "Onions", "v": 1.0}, {"l": "Apples", "v": 8.0}]}, {"source": 6, "prod": 0.0061299879545848391, "target": 12, "value": 20.0, "supply": [{"l": "Sugar cane", "v": 20.0}]}, {"source": 9, "prod": 0.23707409841030047, "target": 12, "value": 84.0, "supply": [{"l": "Sugar", "v": 22.0}, {"l": "Sweeteners, Other", "v": 62.0}]}, {"source": 7, "prod": 0.058685686018652879, "target": 12, "value": 76.0, "supply": [{"l": "Aquatic Products, Other", "v": 38.0}, {"l": "Aquatic Plants", "v": 38.0}]}, {"source": 10, "prod": 2.4107034409053627, "target": 12, "value": 231.0, "supply": [{"l": "Soyabean Oil", "v": 2.0}, {"l": "Palm Oil", "v": 33.0}, {"l": "Sunflowerseed Oil", "v": 1.0}, {"l": "Olive Oil", "v": 60.0}, {"l": "Coconut Oil", "v": 31.0}, {"l": "Rape and Mustard Oil", "v": 1.0}, {"l": "Oilcrops Oil, Other", "v": 80.0}, {"l": "Cottonseed Oil", "v": 10.0}, {"l": "Palmkernel Oil", "v": 13.0}]}, {"source": 5, "prod": 2.9299266303264959, "target": 13, "value": 2262.0, "supply": [{"l": "Vegetables, Other", "v": 9.0}, {"l": "Potatoes", "v": 1883.0}, {"l": "Peas", "v": 14.0}, {"l": "Beans", "v": 166.0}, {"l": "Pulses, Other", "v": 190.0}]}, {"source": 2, "prod": 0.044655370044487011, "target": 2, "value": 27.0, "supply": [{"l": "Eggs", "v": 27.0}]}, {"source": 3, "prod": 8.5820363677934033, "target": 13, "value": 2801.0, "supply": [{"l": "Maize", "v": 214.0}, {"l": "Wheat", "v": 1904.0}, {"l": "Oats", "v": 199.0}, {"l": "Rye", "v": 122.0}, {"l": "Millet", "v": 2.0}, {"l": "Barley", "v": 315.0}, {"l": "Rice", "v": 28.0}, {"l": "Sorghum", "v": 2.0}, {"l": "Cereals, Other", "v": 15.0}]}, {"source": 4, "prod": 0.25909302973548248, "target": 13, "value": 62.0, "supply": [{"l": "Sunflower seed", "v": 2.0}, {"l": "Cottonseed", "v": 51.0}, {"l": "Groundnuts", "v": 1.0}, {"l": "Oilcrops, Other", "v": 8.0}]}, {"source": 0, "prod": 0.067089364110161406, "target": 14, "value": 85.0, "supply": [{"l": "Beer", "v": 2.0}, {"l": "Wine", "v": 83.0}]}, {"source": 2, "prod": 0.19368619580276539, "target": 14, "value": 289.0, "supply": [{"l": "Milk - Excluding Butter", "v": 277.0}, {"l": "Offals, Edible", "v": 1.0}, {"l": "Mutton & Goat Meat", "v": 2.0}, {"l": "Eggs", "v": 9.0}]}, {"source": 3, "prod": 1.8847654695934843, "target": 14, "value": 561.0, "supply": [{"l": "Maize", "v": 364.0}, {"l": "Oats", "v": 13.0}, {"l": "Rye", "v": 6.0}, {"l": "Barley", "v": 26.0}, {"l": "Rice", "v": 2.0}, {"l": "Sorghum", "v": 4.0}, {"l": "Cereals, Other", "v": 1.0}, {"l": "Wheat", "v": 145.0}]}, {"source": 4, "prod": 0.14973071815824657, "target": 14, "value": 37.0, "supply": [{"l": "Olives", "v": 6.0}, {"l": "Soyabeans", "v": 1.0}, {"l": "Sunflower seed", "v": 15.0}, {"l": "Cottonseed", "v": 14.0}, {"l": "Oilcrops, Other", "v": 1.0}]}, {"source": 5, "prod": 2.2436156991608196, "target": 14, "value": 4384.0, "supply": [{"l": "Grapes", "v": 71.0}, {"l": "Potatoes", "v": 919.0}, {"l": "Nuts", "v": 17.0}, {"l": "Dates", "v": 1.0}, {"l": "Beans", "v": 23.0}, {"l": "Fruits, Other", "v": 396.0}, {"l": "Tomatoes", "v": 463.0}, {"l": "Coffee", "v": 2.0}, {"l": "Lemons, Limes", "v": 76.0}, {"l": "Bananas", "v": 47.0}, {"l": "Treenuts", "v": 17.0}, {"l": "Apples", "v": 310.0}, {"l": "Vegetables, Other", "v": 1612.0}, {"l": "Peas", "v": 2.0}, {"l": "Sweet potatoes", "v": 17.0}, {"l": "Oranges, Mandarines", "v": 231.0}, {"l": "Onions", "v": 148.0}, {"l": "Pulses, Other", "v": 32.0}]}, {"source": 9, "prod": 0.0082597143590121616, "target": 14, "value": 2.0, "supply": [{"l": "Sugar", "v": 2.0}]}, {"source": 15, "prod": 2.6476040800036462, "target": 1, "value": 3427.0, "supply": [{"l": "Freshwater Fish", "v": 4.0}, {"l": "Pigmeat", "v": 22.0}, {"l": "Meat, Other", "v": 2.0}, {"l": "Crustaceans", "v": 6.0}, {"l": "Marine Fish, Other", "v": 4.0}, {"l": "Demersal Fish", "v": 371.0}, {"l": "Mutton & Goat Meat", "v": 15.0}, {"l": "Poultry Meat", "v": 9.0}, {"l": "Milk - Excluding Butter", "v": 1437.0}, {"l": "Fish, Seafood", "v": 874.0}, {"l": "Cephalopods", "v": 2.0}, {"l": "Pelagic Fish", "v": 487.0}, {"l": "Molluscs, Other", "v": 2.0}, {"l": "Offals, Edible", "v": 3.0}, {"l": "Bovine Meat", "v": 99.0}, {"l": "Eggs", "v": 90.0}]}, {"source": 15, "prod": 8.7761080992528147, "target": 11, "value": 1239.0, "supply": [{"l": "Alcohol, Non-Food", "v": 9.0}, {"l": "Sugar", "v": 509.0}, {"l": "Beer", "v": 12.0}, {"l": "Groundnut Oil", "v": 3.0}, {"l": "Beverages, Alcoholic", "v": 6.0}, {"l": "Fats, Animals, Raw", "v": 223.0}, {"l": "Soyabean Oil", "v": 194.0}, {"l": "Butter, Ghee", "v": 8.0}, {"l": "Palm Oil", "v": 54.0}, {"l": "Sunflowerseed Oil", "v": 2.0}, {"l": "Olive Oil", "v": 112.0}, {"l": "Coconut Oil", "v": 24.0}, {"l": "Rape and Mustard Oil", "v": 1.0}, {"l": "Oilcrops Oil, Other", "v": 37.0}, {"l": "Wine", "v": 22.0}, {"l": "Sweeteners, Other", "v": 2.0}, {"l": "Fish, Body Oil", "v": 11.0}, {"l": "Fish, Liver Oil", "v": 2.0}, {"l": "Honey", "v": 1.0}, {"l": "Cottonseed Oil", "v": 1.0}, {"l": "Palmkernel Oil", "v": 6.0}]}, {"source": 15, "prod": 26.79673757219614, "target": 3, "value": 8440.0, "supply": [{"l": "Maize", "v": 2177.0}, {"l": "Rye", "v": 145.0}, {"l": "Barley", "v": 1082.0}, {"l": "Rice", "v": 42.0}, {"l": "Cereals, Other", "v": 16.0}, {"l": "Wheat", "v": 4811.0}, {"l": "Oats", "v": 146.0}, {"l": "Sorghum", "v": 13.0}, {"l": "Millet", "v": 8.0}]}, {"source": 15, "prod": 1.0995288554665239, "target": 5, "value": 1087.0, "supply": [{"l": "Vegetables, Other", "v": 24.0}, {"l": "Nuts", "v": 2.0}, {"l": "Citrus, Other", "v": 1.0}, {"l": "Cocoa Beans", "v": 66.0}, {"l": "Tomatoes", "v": 4.0}, {"l": "Coffee", "v": 153.0}, {"l": "Treenuts", "v": 1.0}, {"l": "Apples", "v": 7.0}, {"l": "Roots, Other", "v": 1.0}, {"l": "Peas", "v": 10.0}, {"l": "Grapes", "v": 46.0}, {"l": "Dates", "v": 6.0}, {"l": "Potatoes", "v": 441.0}, {"l": "Pepper", "v": 4.0}, {"l": "Grapefruit", "v": 1.0}, {"l": "Beans", "v": 4.0}, {"l": "Pulses, Other", "v": 48.0}, {"l": "Lemons, Limes", "v": 20.0}, {"l": "Bananas", "v": 120.0}, {"l": "Infant food", "v": 5.0}, {"l": "Spices, Other", "v": 2.0}, {"l": "Tea", "v": 3.0}, {"l": "Fruits, Other", "v": 36.0}, {"l": "Sweet potatoes", "v": 1.0}, {"l": "Oranges, Mandarines", "v": 40.0}, {"l": "Onions", "v": 6.0}, {"l": "Cassava", "v": 35.0}]}, {"source": 15, "prod": 3.5661813153431949, "target": 4, "value": 835.0, "supply": [{"l": "Olives", "v": 4.0}, {"l": "Sunflower seed", "v": 103.0}, {"l": "Coconuts - Incl Copra", "v": 179.0}, {"l": "Sesame seed", "v": 21.0}, {"l": "Cottonseed", "v": 26.0}, {"l": "Groundnuts", "v": 135.0}, {"l": "Oilcrops, Other", "v": 61.0}, {"l": "Soyabeans", "v": 221.0}, {"l": "Rape and Mustardseed", "v": 65.0}, {"l": "Palm kernels", "v": 20.0}]}, {"source": 15, "prod": 0.0011622222200000001, "target": 6, "value": 1.0, "supply": [{"l": "Sugar beet", "v": 1.0}]}, {"source": 0, "prod": 0.72432893433655354, "target": 16, "value": 617.0, "supply": [{"l": "Alcohol, Non-Food", "v": 10.0}, {"l": "Beer", "v": 3.0}, {"l": "Beverages, Alcoholic", "v": 8.0}, {"l": "Fats, Animals, Raw", "v": 10.0}, {"l": "Butter, Ghee", "v": 1.0}, {"l": "Wine", "v": 574.0}, {"l": "Beverages, Fermented", "v": 1.0}, {"l": "Fish, Body Oil", "v": 7.0}, {"l": "Fish, Liver Oil", "v": 3.0}]}, {"source": 2, "prod": 0.47628957806401795, "target": 16, "value": 450.0, "supply": [{"l": "Meat, Other", "v": 6.0}, {"l": "Eggs", "v": 24.0}, {"l": "Mutton & Goat Meat", "v": 4.0}, {"l": "Pigmeat", "v": 90.0}, {"l": "Poultry Meat", "v": 4.0}, {"l": "Milk - Excluding Butter", "v": 284.0}, {"l": "Bovine Meat", "v": 36.0}, {"l": "Offals, Edible", "v": 2.0}]}, {"source": 3, "prod": 3.1318988905407412, "target": 16, "value": 837.0, "supply": [{"l": "Maize", "v": 407.0}, {"l": "Rye", "v": 10.0}, {"l": "Barley", "v": 8.0}, {"l": "Rice", "v": 294.0}, {"l": "Cereals, Other", "v": 4.0}, {"l": "Wheat", "v": 110.0}, {"l": "Sorghum", "v": 3.0}, {"l": "Millet", "v": 1.0}]}, {"source": 4, "prod": 0.14453470750800843, "target": 16, "value": 81.0, "supply": [{"l": "Olives", "v": 69.0}, {"l": "Sunflower seed", "v": 2.0}, {"l": "Oilcrops, Other", "v": 7.0}, {"l": "Soyabeans", "v": 1.0}, {"l": "Rape and Mustardseed", "v": 2.0}]}, {"source": 5, "prod": 4.3638627438216488, "target": 16, "value": 6558.0, "supply": [{"l": "Nuts", "v": 300.0}, {"l": "Citrus, Other", "v": 1.0}, {"l": "Grapefruit", "v": 2.0}, {"l": "Tomatoes", "v": 1053.0}, {"l": "Treenuts", "v": 301.0}, {"l": "Vegetables, Other", "v": 477.0}, {"l": "Sweet potatoes", "v": 1.0}, {"l": "Grapes", "v": 686.0}, {"l": "Pimento", "v": 5.0}, {"l": "Cocoa Beans", "v": 13.0}, {"l": "Potatoes", "v": 338.0}, {"l": "Beans", "v": 28.0}, {"l": "Apples", "v": 774.0}, {"l": "Lemons, Limes", "v": 345.0}, {"l": "Pineapples", "v": 1.0}, {"l": "Bananas", "v": 96.0}, {"l": "Spices, Other", "v": 4.0}, {"l": "Fruits, Other", "v": 790.0}, {"l": "Oranges, Mandarines", "v": 1209.0}, {"l": "Onions", "v": 117.0}, {"l": "Pulses, Other", "v": 17.0}]}, {"source": 9, "prod": 0.16123406903974016, "target": 16, "value": 40.0, "supply": [{"l": "Sugar", "v": 33.0}, {"l": "Sweeteners, Other", "v": 3.0}, {"l": "Honey", "v": 4.0}]}, {"source": 7, "prod": 0.46313278054135171, "target": 16, "value": 594.0, "supply": [{"l": "Crustaceans", "v": 1.0}, {"l": "Marine Fish, Other", "v": 1.0}, {"l": "Demersal Fish", "v": 77.0}, {"l": "Pelagic Fish", "v": 210.0}, {"l": "Fish, Seafood", "v": 295.0}, {"l": "Cephalopods", "v": 3.0}, {"l": "Molluscs, Other", "v": 7.0}]}, {"source": 10, "prod": 1.6842766773286482, "target": 16, "value": 163.0, "supply": [{"l": "Soyabean Oil", "v": 1.0}, {"l": "Palm Oil", "v": 2.0}, {"l": "Olive Oil", "v": 151.0}, {"l": "Oilcrops Oil, Other", "v": 8.0}, {"l": "Groundnut Oil", "v": 1.0}]}, {"source": 17, "prod": 0.080769559967532267, "target": 5, "value": 104.0, "supply": [{"l": "Potatoes", "v": 104.0}]}, {"source": 10, "prod": 2.9167763901527706, "target": 18, "value": 283.0, "supply": [{"l": "Olive Oil", "v": 202.0}, {"l": "Oilcrops Oil, Other", "v": 1.0}, {"l": "Soyabean Oil", "v": 45.0}, {"l": "Palm Oil", "v": 15.0}, {"l": "Sunflowerseed Oil", "v": 20.0}]}, {"source": 2, "prod": 0.21129958625091794, "target": 18, "value": 328.0, "supply": [{"l": "Milk - Excluding Butter", "v": 323.0}, {"l": "Bovine Meat", "v": 5.0}]}, {"source": 0, "prod": 0.29690008123123501, "target": 18, "value": 79.0, "supply": [{"l": "Beer", "v": 10.0}, {"l": "Butter, Ghee", "v": 6.0}, {"l": "Fats, Animals, Raw", "v": 15.0}, {"l": "Beverages, Fermented", "v": 15.0}, {"l": "Alcohol, Non-Food", "v": 3.0}, {"l": "Beverages, Alcoholic", "v": 30.0}]}, {"source": 7, "prod": 0.0033106819721202235, "target": 18, "value": 4.0, "supply": [{"l": "Pelagic Fish", "v": 2.0}, {"l": "Fish, Seafood", "v": 2.0}]}, {"source": 3, "prod": 4.7412565335787704, "target": 18, "value": 1569.0, "supply": [{"l": "Oats", "v": 95.0}, {"l": "Rye", "v": 36.0}, {"l": "Barley", "v": 283.0}, {"l": "Rice", "v": 18.0}, {"l": "Wheat", "v": 1137.0}]}, {"source": 5, "prod": 1.1463830928520229, "target": 18, "value": 987.0, "supply": [{"l": "Grapes", "v": 68.0}, {"l": "Nuts", "v": 160.0}, {"l": "Grapefruit", "v": 1.0}, {"l": "Beans", "v": 23.0}, {"l": "Lemons, Limes", "v": 110.0}, {"l": "Treenuts", "v": 160.0}, {"l": "Apples", "v": 55.0}, {"l": "Fruits, Other", "v": 40.0}, {"l": "Oranges, Mandarines", "v": 355.0}, {"l": "Onions", "v": 1.0}, {"l": "Pulses, Other", "v": 14.0}]}, {"source": 4, "prod": 0.36919240659928199, "target": 18, "value": 99.0, "supply": [{"l": "Olives", "v": 38.0}, {"l": "Sunflower seed", "v": 59.0}, {"l": "Oilcrops, Other", "v": 2.0}]}, {"source": 17, "prod": 1.6826446124193395, "target": 11, "value": 1073.0, "supply": [{"l": "Sugar", "v": 249.0}, {"l": "Wine", "v": 824.0}]}, {"source": 17, "prod": 3.7326237750888329, "target": 3, "value": 1056.0, "supply": [{"l": "Maize", "v": 1056.0}]}, {"source": 19, "prod": 109.21715142484426, "target": 3, "value": 34031.0, "supply": [{"l": "Maize", "v": 10571.0}, {"l": "Barley", "v": 2878.0}, {"l": "Cereals, Other", "v": 89.0}, {"l": "Sorghum", "v": 52.0}, {"l": "Rye", "v": 786.0}, {"l": "Rice", "v": 918.0}, {"l": "Wheat", "v": 16971.0}, {"l": "Oats", "v": 1738.0}, {"l": "Millet", "v": 28.0}]}, {"source": 19, "prod": 11.512105459529671, "target": 4, "value": 7357.0, "supply": [{"l": "Sunflower seed", "v": 135.0}, {"l": "Sesame seed", "v": 8.0}, {"l": "Cottonseed", "v": 403.0}, {"l": "Olives", "v": 6529.0}, {"l": "Groundnuts", "v": 19.0}, {"l": "Rape and Mustardseed", "v": 21.0}, {"l": "Oilcrops, Other", "v": 227.0}, {"l": "Soyabeans", "v": 10.0}, {"l": "Oil Palm", "v": 5.0000000000000187}]}, {"source": 19, "prod": 48.506207063653889, "target": 5, "value": 66424.0, "supply": [{"l": "Roots, Other", "v": 2.0}, {"l": "Nuts", "v": 1144.0}, {"l": "Tomatoes", "v": 4736.0}, {"l": "Treenuts", "v": 1143.0}, {"l": "Vegetables, Other", "v": 13471.0}, {"l": "Peas", "v": 56.0}, {"l": "Grapes", "v": 15247.0}, {"l": "Pimento", "v": 18.0}, {"l": "Pulses, Other", "v": 1401.0}, {"l": "Pineapples", "v": 2.0}, {"l": "Citrus, Other", "v": 53.0}, {"l": "Grapefruit", "v": 5.0}, {"l": "Fruits, Other", "v": 6133.0}, {"l": "Yams", "v": 2.0}, {"l": "Dates", "v": 12.0}, {"l": "Potatoes", "v": 13050.0}, {"l": "Beans", "v": 704.0}, {"l": "Apples", "v": 3172.0}, {"l": "Lemons, Limes", "v": 772.0}, {"l": "Bananas", "v": 351.0}, {"l": "Spices, Other", "v": 5.0}, {"l": "Sweet potatoes", "v": 193.0}, {"l": "Oranges, Mandarines", "v": 3254.0}, {"l": "Onions", "v": 1498.0}]}, {"source": 19, "prod": 15.652175930361132, "target": 6, "value": 13720.0, "supply": [{"l": "Sugar cane", "v": 343.0}, {"l": "Sugar beet", "v": 13377.0}]}, {"source": 1, "prod": 4.0725115567084753, "target": 7, "value": 5485.0, "supply": [{"l": "Pelagic Fish", "v": 1211.0}, {"l": "Crustaceans", "v": 40.0}, {"l": "Freshwater Fish", "v": 51.0}, {"l": "Molluscs, Other", "v": 49.0}, {"l": "Aquatic Plants", "v": 38.0}, {"l": "Demersal Fish", "v": 1074.0}, {"l": "Aquatic Products, Other", "v": 38.0}, {"l": "Fish, Seafood", "v": 2702.0}, {"l": "Marine Fish, Other", "v": 218.0}, {"l": "Cephalopods", "v": 64.0}]}, {"source": 1, "prod": 20.47031024419201, "target": 2, "value": 24343.0, "supply": [{"l": "Poultry Meat", "v": 447.0}, {"l": "Pigmeat", "v": 1267.0}, {"l": "Bovine Meat", "v": 1195.0}, {"l": "Eggs", "v": 882.0}, {"l": "Milk - Excluding Butter", "v": 19821.0}, {"l": "Offals, Edible", "v": 266.0}, {"l": "Meat, Other", "v": 174.0}, {"l": "Mutton & Goat Meat", "v": 318.0}]}, {"source": 11, "prod": 17.612287966330982, "target": 0, "value": 12359.0, "supply": [{"l": "Fats, Animals, Raw", "v": 689.0}, {"l": "Alcohol, Non-Food", "v": 190.0}, {"l": "Beverages, Fermented", "v": 46.0}, {"l": "Fish, Body Oil", "v": 21.0}, {"l": "Beer", "v": 1052.0}, {"l": "Beverages, Alcoholic", "v": 569.0}, {"l": "Fish, Liver Oil", "v": 7.0}, {"l": "Cream", "v": 20.0}, {"l": "Butter, Ghee", "v": 114.0}, {"l": "Wine", "v": 9651.0}]}, {"source": 11, "prod": 20.697678666388317, "target": 10, "value": 2014.0, "supply": [{"l": "Olive Oil", "v": 1306.0}, {"l": "Ricebran Oil", "v": 1.0}, {"l": "Sesameseed Oil", "v": 12.0}, {"l": "Soyabean Oil", "v": 231.0}, {"l": "Coconut Oil", "v": 48.0}, {"l": "Cottonseed Oil", "v": 51.0}, {"l": "Rape and Mustard Oil", "v": 33.0}, {"l": "Maize Germ Oil", "v": 31.0}, {"l": "Groundnut Oil", "v": 54.0}, {"l": "Palm Oil", "v": 55.0}, {"l": "Palmkernel Oil", "v": 14.0}, {"l": "Oilcrops Oil, Other", "v": 117.0}, {"l": "Sunflowerseed Oil", "v": 61.0}]}, {"source": 11, "prod": 11.007405827831978, "target": 9, "value": 2700.0, "supply": [{"l": "Honey", "v": 27.0}, {"l": "Sweeteners, Other", "v": 86.0}, {"l": "Sugar", "v": 2587.0}]}]}