{"nodes": [{"layer": 5, "name": "Maize"}, {"layer": 10, "name": "Feed", "fill": "#dbdb8d"}, {"layer": 5, "name": "Roots, Other"}, {"layer": 5, "name": "Rye"}, {"layer": 5, "name": "Fruits, Other"}, {"layer": 13, "name": "Sugar", "fill": "#d6616b"}, {"layer": 5, "name": "Barley"}, {"layer": 5, "name": "Rice"}, {"layer": 5, "name": "Tomatoes"}, {"layer": 5, "name": "Sunflower seed"}, {"layer": 13, "name": "Fats, Animals, Raw"}, {"layer": 5, "name": "Wheat"}, {"layer": 5, "name": "Vegetables, Other"}, {"layer": 5, "name": "Peas"}, {"layer": 13, "name": "Marine Fish, Other"}, {"layer": 5, "name": "Oilcrops, Other"}, {"layer": 5, "name": "Oats"}, {"layer": 5, "name": "Cottonseed"}, {"layer": 5, "name": "Potatoes"}, {"layer": 13, "name": "Milk - Excluding Butter"}, {"layer": 5, "name": "Beans"}, {"layer": 5, "name": "Apples"}, {"layer": 13, "name": "Fish, Seafood"}, {"layer": 5, "name": "Sugar beet"}, {"layer": 13, "name": "Meat, Other"}, {"layer": 5, "name": "Sorghum"}, {"layer": 5, "name": "Cereals, Other"}, {"layer": 13, "name": "Pelagic Fish"}, {"layer": 5, "name": "Bananas"}, {"layer": 13, "name": "Fish, Body Oil"}, {"layer": 5, "name": "Millet"}, {"layer": 13, "name": "Offals, Edible"}, {"layer": 5, "name": "Sweet potatoes"}, {"layer": 5, "name": "Pulses, Other"}, {"layer": 5, "name": "Cassava"}, {"layer": 16, "name": "Food", "fill": "#b5cf6b"}, {"layer": 5, "name": "Olives"}, {"layer": 5, "name": "Infant food"}, {"layer": 5, "name": "Nuts"}, {"layer": 5, "name": "Dates"}, {"layer": 5, "name": "Yams"}, {"layer": 13, "name": "Oilcrops Oil, Other"}, {"layer": 13, "name": "Maize Germ Oil"}, {"layer": 13, "name": "Beer"}, {"layer": 13, "name": "Groundnut Oil"}, {"layer": 13, "name": "Beverages, Alcoholic"}, {"layer": 13, "name": "Sesameseed Oil"}, {"layer": 13, "name": "Honey"}, {"layer": 13, "name": "Butter, Ghee"}, {"layer": 5, "name": "Coffee"}, {"layer": 13, "name": "Soyabean Oil"}, {"layer": 5, "name": "Coconuts - Incl Copra"}, {"layer": 5, "name": "Treenuts"}, {"layer": 13, "name": "Crustaceans"}, {"layer": 13, "name": "Eggs"}, {"layer": 5, "name": "Sesame seed"}, {"layer": 13, "name": "Cephalopods"}, {"layer": 13, "name": "Coconut Oil"}, {"layer": 5, "name": "Grapes"}, {"layer": 5, "name": "Groundnuts"}, {"layer": 13, "name": "Palm Oil"}, {"layer": 5, "name": "Rape and Mustardseed"}, {"layer": 13, "name": "Wine"}, {"layer": 13, "name": "Sunflowerseed Oil"}, {"layer": 13, "name": "Olive Oil"}, {"layer": 13, "name": "Pigmeat"}, {"layer": 5, "name": "Cocoa Beans"}, {"layer": 13, "name": "Freshwater Fish"}, {"layer": 5, "name": "Pimento"}, {"layer": 5, "name": "Pepper"}, {"layer": 5, "name": "Grapefruit"}, {"layer": 13, "name": "Rape and Mustard Oil"}, {"layer": 5, "name": "Lemons, Limes"}, {"layer": 13, "name": "Mutton & Goat Meat"}, {"layer": 13, "name": "Sweeteners, Other"}, {"layer": 5, "name": "Pineapples"}, {"layer": 13, "name": "Beverages, Fermented"}, {"layer": 5, "name": "Citrus, Other"}, {"layer": 5, "name": "Spices, Other"}, {"layer": 5, "name": "Tea"}, {"layer": 13, "name": "Molluscs, Other"}, {"layer": 13, "name": "Poultry Meat"}, {"layer": 13, "name": "Demersal Fish"}, {"layer": 5, "name": "Oranges, Mandarines"}, {"layer": 13, "name": "Bovine Meat"}, {"layer": 13, "name": "Cottonseed Oil"}, {"layer": 13, "name": "Palmkernel Oil"}, {"layer": 5, "name": "Onions"}, {"layer": 13, "name": "Cream"}, {"layer": 10, "name": "Processing", "fill": "#9edae5"}, {"layer": 5, "name": "Soyabeans"}, {"layer": 5, "name": "Sugar cane"}, {"layer": 5, "name": "Palm kernels"}, {"layer": 16, "name": "Biofuels & Other", "fill": "#e7ba52"}, {"layer": 13, "name": "Alcohol, Non-Food"}, {"layer": 13, "name": "Aquatic Products, Other"}, {"layer": 13, "name": "Aquatic Plants"}, {"name": "Seed", "fill": "#dbdb8d"}, {"name": "Waste", "fill": "#c7c7c7"}, {"layer": 0, "name": "Import", "fill": "#aec7e8"}, {"layer": 16, "name": "Export", "fill": "#aec7e8"}, {"layer": 0, "name": "Stock Draw", "fill": "#c7c7c7"}, {"layer": 16, "name": "Stock Deposit", "fill": "#c7c7c7"}, {"layer": 0, "name": "Production", "fill": "#b5cf6b"}, {"layer": 5, "name": "Oil Palm"}], "links": [{"source": 0, "prod": 95.486130726169947, "target": 1, "value": 26900.0, "supply": [{"l": "Maize", "v": 26900.0}]}, {"source": 2, "prod": 0.0080655979504360448, "target": 1, "value": 10.0, "supply": [{"l": "Roots, Other", "v": 10.0}]}, {"source": 3, "prod": 0.40186157700940001, "target": 1, "value": 142.0, "supply": [{"l": "Rye", "v": 142.0}]}, {"source": 4, "prod": 0.019297946738304948, "target": 1, "value": 33.0, "supply": [{"l": "Fruits, Other", "v": 33.0}]}, {"source": 5, "prod": 0.11394518399265792, "target": 1, "value": 34.0, "supply": [{"l": "Sugar", "v": 34.0}]}, {"source": 6, "prod": 25.954031850374701, "target": 1, "value": 9171.0, "supply": [{"l": "Barley", "v": 9171.0}]}, {"source": 7, "prod": 0.1290882258740351, "target": 1, "value": 30.0, "supply": [{"l": "Rice", "v": 30.0}]}, {"source": 8, "prod": 0.0081737529017861313, "target": 1, "value": 39.0, "supply": [{"l": "Tomatoes", "v": 39.0}]}, {"source": 9, "prod": 0.15918812469562502, "target": 1, "value": 45.0, "supply": [{"l": "Sunflower seed", "v": 45.0}]}, {"source": 10, "prod": 0.64349514269205377, "target": 1, "value": 77.0, "supply": [{"l": "Fats, Animals, Raw", "v": 77.0}]}, {"source": 11, "prod": 8.047421511916717, "target": 1, "value": 2645.0, "supply": [{"l": "Wheat", "v": 2645.0}]}, {"source": 12, "prod": 0.33602794961577342, "target": 1, "value": 1293.0, "supply": [{"l": "Vegetables, Other", "v": 1293.0}]}, {"source": 13, "prod": 0.0039797031173906252, "target": 1, "value": 1.0, "supply": [{"l": "Peas", "v": 1.0}]}, {"source": 14, "prod": 0.0031887449078309865, "target": 1, "value": 4.0, "supply": [{"l": "Marine Fish, Other", "v": 4.0}]}, {"source": 15, "prod": 0.012128619024428572, "target": 1, "value": 2.0, "supply": [{"l": "Oilcrops, Other", "v": 2.0}]}, {"source": 16, "prod": 2.8362467233905262, "target": 1, "value": 1314.0, "supply": [{"l": "Oats", "v": 1314.0}]}, {"source": 17, "prod": 0.022147913001130438, "target": 1, "value": 12.0, "supply": [{"l": "Cottonseed", "v": 12.0}]}, {"source": 18, "prod": 1.1828565245305036, "target": 1, "value": 1515.0, "supply": [{"l": "Potatoes", "v": 1515.0}]}, {"source": 19, "prod": 2.8973214881088962, "target": 1, "value": 5096.0, "supply": [{"l": "Milk - Excluding Butter", "v": 5096.0}]}, {"source": 20, "prod": 0.038862828564190141, "target": 1, "value": 10.0, "supply": [{"l": "Beans", "v": 10.0}]}, {"source": 21, "prod": 0.062141786291732511, "target": 1, "value": 111.0, "supply": [{"l": "Apples", "v": 111.0}]}, {"source": 22, "prod": 0.84310720172377884, "target": 1, "value": 1135.0, "supply": [{"l": "Fish, Seafood", "v": 1135.0}]}, {"source": 23, "prod": 0.14527777750000001, "target": 1, "value": 125.0, "supply": [{"l": "Sugar beet", "v": 125.0}]}, {"source": 24, "prod": 0.0039935696787752615, "target": 1, "value": 3.0, "supply": [{"l": "Meat, Other", "v": 3.0}]}, {"source": 25, "prod": 3.1642035434379521, "target": 1, "value": 1040.0, "supply": [{"l": "Sorghum", "v": 1040.0}]}, {"source": 26, "prod": 0.19147734715161704, "target": 1, "value": 53.0, "supply": [{"l": "Cereals, Other", "v": 53.0}]}, {"source": 27, "prod": 1.3191389266444127, "target": 1, "value": 1130.0, "supply": [{"l": "Pelagic Fish", "v": 1130.0}]}, {"source": 28, "prod": 0.00073189942388793099, "target": 1, "value": 1.0, "supply": [{"l": "Bananas", "v": 1.0}]}, {"source": 29, "prod": 0.0424501665855, "target": 1, "value": 4.0, "supply": [{"l": "Fish, Body Oil", "v": 4.0}]}, {"source": 30, "prod": 0.044875890390385711, "target": 1, "value": 13.0, "supply": [{"l": "Millet", "v": 13.0}]}, {"source": 31, "prod": 0.0075927127226097582, "target": 1, "value": 6.0, "supply": [{"l": "Offals, Edible", "v": 6.0}]}, {"source": 32, "prod": 0.043282522793058817, "target": 1, "value": 52.0, "supply": [{"l": "Sweet potatoes", "v": 52.0}]}, {"source": 33, "prod": 1.7670643506882775, "target": 1, "value": 435.0, "supply": [{"l": "Pulses, Other", "v": 435.0}]}, {"source": 34, "prod": 0.25325977564369173, "target": 1, "value": 314.0, "supply": [{"l": "Cassava", "v": 314.0}]}, {"source": 0, "prod": 4.2631540149490741, "target": 35, "value": 1201.0, "supply": [{"l": "Maize", "v": 1201.0}]}, {"source": 36, "prod": 0.34936862765057525, "target": 35, "value": 310.0, "supply": [{"l": "Olives", "v": 310.0}]}, {"source": 37, "prod": 0.061316907290166672, "target": 35, "value": 13.0, "supply": [{"l": "Infant food", "v": 13.0}]}, {"source": 3, "prod": 0.81787320954730003, "target": 35, "value": 289.0, "supply": [{"l": "Rye", "v": 289.0}]}, {"source": 38, "prod": 1.6361072173232152, "target": 35, "value": 691.0, "supply": [{"l": "Nuts", "v": 691.0}]}, {"source": 39, "prod": 0.0594302332197, "target": 35, "value": 14.0, "supply": [{"l": "Dates", "v": 14.0}]}, {"source": 40, "prod": 0.0024196793851308128, "target": 35, "value": 3.0, "supply": [{"l": "Yams", "v": 3.0}]}, {"source": 5, "prod": 14.82292790586841, "target": 35, "value": 4423.0, "supply": [{"l": "Sugar", "v": 4423.0}]}, {"source": 41, "prod": 0.23347591622024999, "target": 35, "value": 22.0, "supply": [{"l": "Oilcrops Oil, Other", "v": 22.0}]}, {"source": 42, "prod": 1.0532230520402432, "target": 35, "value": 102.0, "supply": [{"l": "Maize Germ Oil", "v": 102.0}]}, {"source": 43, "prod": 2.6874182361697239, "target": 35, "value": 4671.0, "supply": [{"l": "Beer", "v": 4671.0}]}, {"source": 44, "prod": 0.57980715336292676, "target": 35, "value": 56.0, "supply": [{"l": "Groundnut Oil", "v": 56.0}]}, {"source": 45, "prod": 1.4004295759176322, "target": 35, "value": 411.0, "supply": [{"l": "Beverages, Alcoholic", "v": 411.0}]}, {"source": 6, "prod": 0.1754606885534, "target": 35, "value": 62.0, "supply": [{"l": "Barley", "v": 62.0}]}, {"source": 21, "prod": 1.3441660260040518, "target": 35, "value": 2401.0, "supply": [{"l": "Apples", "v": 2401.0}]}, {"source": 46, "prod": 0.053062708231874998, "target": 35, "value": 5.0, "supply": [{"l": "Sesameseed Oil", "v": 5.0}]}, {"source": 47, "prod": 0.1742691049299474, "target": 35, "value": 52.0, "supply": [{"l": "Honey", "v": 52.0}]}, {"source": 7, "prod": 3.0378762489022928, "target": 35, "value": 706.0, "supply": [{"l": "Rice", "v": 706.0}]}, {"source": 48, "prod": 1.4602857305412003, "target": 35, "value": 172.0, "supply": [{"l": "Butter, Ghee", "v": 172.0}]}, {"source": 8, "prod": 1.2851654562500656, "target": 35, "value": 6132.0, "supply": [{"l": "Tomatoes", "v": 6132.0}]}, {"source": 10, "prod": 5.139604061761208, "target": 35, "value": 615.0, "supply": [{"l": "Fats, Animals, Raw", "v": 615.0}]}, {"source": 49, "prod": 0.23354643144713624, "target": 35, "value": 414.0, "supply": [{"l": "Coffee", "v": 414.0}]}, {"source": 11, "prod": 61.345996198403299, "target": 35, "value": 20163.0, "supply": [{"l": "Wheat", "v": 20163.0}]}, {"source": 50, "prod": 5.3789625332507978, "target": 35, "value": 522.0, "supply": [{"l": "Soyabean Oil", "v": 522.0}]}, {"source": 51, "prod": 0.057215441919586968, "target": 35, "value": 31.0, "supply": [{"l": "Coconuts - Incl Copra", "v": 31.0}]}, {"source": 52, "prod": 1.6370004359917367, "target": 35, "value": 690.0, "supply": [{"l": "Treenuts", "v": 690.0}]}, {"source": 53, "prod": 0.058150913130821921, "target": 35, "value": 100.0, "supply": [{"l": "Crustaceans", "v": 100.0}]}, {"source": 54, "prod": 2.6294710820220732, "target": 35, "value": 1605.0, "supply": [{"l": "Eggs", "v": 1605.0}]}, {"source": 12, "prod": 3.7389281601872648, "target": 35, "value": 14387.0, "supply": [{"l": "Vegetables, Other", "v": 14387.0}]}, {"source": 13, "prod": 0.17908664028257815, "target": 35, "value": 45.0, "supply": [{"l": "Peas", "v": 45.0}]}, {"source": 55, "prod": 0.0339601332684, "target": 35, "value": 4.0, "supply": [{"l": "Sesame seed", "v": 4.0}]}, {"source": 56, "prod": 0.17519895342223701, "target": 35, "value": 238.0, "supply": [{"l": "Cephalopods", "v": 238.0}]}, {"source": 57, "prod": 0.17633146120130772, "target": 35, "value": 18.0, "supply": [{"l": "Coconut Oil", "v": 18.0}]}, {"source": 14, "prod": 0.23357556449861974, "target": 35, "value": 293.0, "supply": [{"l": "Marine Fish, Other", "v": 293.0}]}, {"source": 58, "prod": 1.1681269431890231, "target": 35, "value": 1563.0, "supply": [{"l": "Grapes", "v": 1563.0}]}, {"source": 59, "prod": 0.29441244567362906, "target": 35, "value": 43.0, "supply": [{"l": "Groundnuts", "v": 43.0}]}, {"source": 60, "prod": 0.18523709055490911, "target": 35, "value": 16.0, "supply": [{"l": "Palm Oil", "v": 16.0}]}, {"source": 61, "prod": 0.011073956500565219, "target": 35, "value": 6.0, "supply": [{"l": "Rape and Mustardseed", "v": 6.0}]}, {"source": 62, "prod": 7.069473720263086, "target": 35, "value": 8931.0, "supply": [{"l": "Wine", "v": 8931.0}]}, {"source": 63, "prod": 5.3193236818969458, "target": 35, "value": 515.0, "supply": [{"l": "Sunflowerseed Oil", "v": 515.0}]}, {"source": 16, "prod": 0.0086339321868813563, "target": 35, "value": 4.0, "supply": [{"l": "Oats", "v": 4.0}]}, {"source": 64, "prod": 12.274232560346135, "target": 35, "value": 1191.0, "supply": [{"l": "Olive Oil", "v": 1191.0}]}, {"source": 65, "prod": 6.7175683469491219, "target": 35, "value": 3597.0, "supply": [{"l": "Pigmeat", "v": 3597.0}]}, {"source": 66, "prod": 0.17669881841214377, "target": 35, "value": 111.0, "supply": [{"l": "Cocoa Beans", "v": 111.0}]}, {"source": 18, "prod": 7.4195944241672445, "target": 35, "value": 9503.0, "supply": [{"l": "Potatoes", "v": 9503.0}]}, {"source": 67, "prod": 0.058437891663155855, "target": 35, "value": 106.0, "supply": [{"l": "Freshwater Fish", "v": 106.0}]}, {"source": 68, "prod": 0.058777153733769232, "target": 35, "value": 18.0, "supply": [{"l": "Pimento", "v": 18.0}]}, {"source": 69, "prod": 0.0081355555400000005, "target": 35, "value": 7.0, "supply": [{"l": "Pepper", "v": 7.0}]}, {"source": 70, "prod": 0.089491110940000007, "target": 35, "value": 77.0, "supply": [{"l": "Grapefruit", "v": 77.0}]}, {"source": 71, "prod": 0.64439352876789013, "target": 35, "value": 69.0, "supply": [{"l": "Rape and Mustard Oil", "v": 69.0}]}, {"source": 19, "prod": 15.481566742779679, "target": 35, "value": 27230.0, "supply": [{"l": "Milk - Excluding Butter", "v": 27230.0}]}, {"source": 27, "prod": 0.64322614918678878, "target": 35, "value": 551.0, "supply": [{"l": "Pelagic Fish", "v": 551.0}]}, {"source": 20, "prod": 1.5195365968598344, "target": 35, "value": 391.0, "supply": [{"l": "Beans", "v": 391.0}]}, {"source": 33, "prod": 1.1699184666625839, "target": 35, "value": 288.0, "supply": [{"l": "Pulses, Other", "v": 288.0}]}, {"source": 22, "prod": 1.9105477734216381, "target": 35, "value": 2572.0, "supply": [{"l": "Fish, Seafood", "v": 2572.0}]}, {"source": 24, "prod": 0.52582000770540949, "target": 35, "value": 395.0, "supply": [{"l": "Meat, Other", "v": 395.0}]}, {"source": 72, "prod": 0.11678430108674673, "target": 35, "value": 630.0, "supply": [{"l": "Lemons, Limes", "v": 630.0}]}, {"source": 26, "prod": 0.014451120539744683, "target": 35, "value": 4.0, "supply": [{"l": "Cereals, Other", "v": 4.0}]}, {"source": 73, "prod": 1.2286221566766062, "target": 35, "value": 481.0, "supply": [{"l": "Mutton & Goat Meat", "v": 481.0}]}, {"source": 74, "prod": 0.23510861493507693, "target": 35, "value": 72.0, "supply": [{"l": "Sweeteners, Other", "v": 72.0}]}, {"source": 75, "prod": 0.058138271627967406, "target": 35, "value": 63.0, "supply": [{"l": "Pineapples", "v": 63.0}]}, {"source": 28, "prod": 0.58405574026256912, "target": 35, "value": 798.0, "supply": [{"l": "Bananas", "v": 798.0}]}, {"source": 76, "prod": 0.022985212151173173, "target": 35, "value": 37.0, "supply": [{"l": "Beverages, Fermented", "v": 37.0}]}, {"source": 77, "prod": 0.020408628174618287, "target": 35, "value": 31.0, "supply": [{"l": "Citrus, Other", "v": 31.0}]}, {"source": 78, "prod": 0.024762597174875004, "target": 35, "value": 7.0, "supply": [{"l": "Spices, Other", "v": 7.0}]}, {"source": 79, "prod": 0.0086240122481838037, "target": 35, "value": 8.0, "supply": [{"l": "Tea", "v": 8.0}]}, {"source": 4, "prod": 2.5707204200481382, "target": 35, "value": 4396.0, "supply": [{"l": "Fruits, Other", "v": 4396.0}]}, {"source": 80, "prod": 0.11691193420268851, "target": 35, "value": 336.0, "supply": [{"l": "Molluscs, Other", "v": 336.0}]}, {"source": 81, "prod": 3.3881179456504658, "target": 35, "value": 2338.0, "supply": [{"l": "Poultry Meat", "v": 2338.0}]}, {"source": 31, "prod": 0.64284967718095942, "target": 35, "value": 508.0, "supply": [{"l": "Offals, Edible", "v": 508.0}]}, {"source": 32, "prod": 0.05826493452911765, "target": 35, "value": 70.0, "supply": [{"l": "Sweet potatoes", "v": 70.0}]}, {"source": 82, "prod": 0.58392150543373367, "target": 35, "value": 945.0, "supply": [{"l": "Demersal Fish", "v": 945.0}]}, {"source": 83, "prod": 1.1684695713730533, "target": 35, "value": 2948.0, "supply": [{"l": "Oranges, Mandarines", "v": 2948.0}]}, {"source": 84, "prod": 5.0239187977334874, "target": 35, "value": 2550.0, "supply": [{"l": "Bovine Meat", "v": 2550.0}]}, {"source": 85, "prod": 0.29908071912511369, "target": 35, "value": 31.0, "supply": [{"l": "Cottonseed Oil", "v": 31.0}]}, {"source": 86, "prod": 0.116737958110125, "target": 35, "value": 11.0, "supply": [{"l": "Palmkernel Oil", "v": 11.0}]}, {"source": 87, "prod": 0.70082184835053585, "target": 35, "value": 1556.0, "supply": [{"l": "Onions", "v": 1556.0}]}, {"source": 88, "prod": 0.23428193204149372, "target": 35, "value": 109.0, "supply": [{"l": "Cream", "v": 109.0}]}, {"source": 0, "prod": 1.6576960241309058, "target": 89, "value": 467.0, "supply": [{"l": "Maize", "v": 467.0}]}, {"source": 36, "prod": 8.2270676833845133, "target": 89, "value": 7300.0, "supply": [{"l": "Olives", "v": 7300.0}]}, {"source": 4, "prod": 0.22865142953567377, "target": 89, "value": 391.0, "supply": [{"l": "Fruits, Other", "v": 391.0}]}, {"source": 6, "prod": 2.7479407836347001, "target": 89, "value": 971.0, "supply": [{"l": "Barley", "v": 971.0}]}, {"source": 7, "prod": 0.030120586037274855, "target": 89, "value": 7.0, "supply": [{"l": "Rice", "v": 7.0}]}, {"source": 9, "prod": 5.7767601695101254, "target": 89, "value": 1633.0, "supply": [{"l": "Sunflower seed", "v": 1633.0}]}, {"source": 10, "prod": 0.20892699438053694, "target": 89, "value": 25.0, "supply": [{"l": "Fats, Animals, Raw", "v": 25.0}]}, {"source": 11, "prod": 0.49592805536575602, "target": 89, "value": 163.0, "supply": [{"l": "Wheat", "v": 163.0}]}, {"source": 51, "prod": 0.30084248493202176, "target": 89, "value": 163.0, "supply": [{"l": "Coconuts - Incl Copra", "v": 163.0}]}, {"source": 12, "prod": 0.022349886826725847, "target": 89, "value": 86.0, "supply": [{"l": "Vegetables, Other", "v": 86.0}]}, {"source": 55, "prod": 0.12735049975650001, "target": 89, "value": 15.0, "supply": [{"l": "Sesame seed", "v": 15.0}]}, {"source": 17, "prod": 0.52601293377684788, "target": 89, "value": 285.0, "supply": [{"l": "Cottonseed", "v": 285.0}]}, {"source": 58, "prod": 16.285019892571217, "target": 89, "value": 21790.0, "supply": [{"l": "Grapes", "v": 21790.0}]}, {"source": 59, "prod": 0.2327912361140323, "target": 89, "value": 34.0, "supply": [{"l": "Groundnuts", "v": 34.0}]}, {"source": 15, "prod": 1.5100130685413575, "target": 89, "value": 249.0, "supply": [{"l": "Oilcrops, Other", "v": 249.0}]}, {"source": 62, "prod": 1.4438159294322999, "target": 89, "value": 1824.0, "supply": [{"l": "Wine", "v": 1824.0}]}, {"source": 65, "prod": 0.001867547497066756, "target": 89, "value": 1.0, "supply": [{"l": "Pigmeat", "v": 1.0}]}, {"source": 66, "prod": 0.0079594062347812505, "target": 89, "value": 5.0, "supply": [{"l": "Cocoa Beans", "v": 5.0}]}, {"source": 90, "prod": 20.547601580081409, "target": 89, "value": 5117.0, "supply": [{"l": "Soyabeans", "v": 5117.0}]}, {"source": 18, "prod": 0.038257405743890874, "target": 89, "value": 49.0, "supply": [{"l": "Potatoes", "v": 49.0}]}, {"source": 19, "prod": 0.0034112890362349639, "target": 89, "value": 6.0, "supply": [{"l": "Milk - Excluding Butter", "v": 6.0}]}, {"source": 21, "prod": 0.066620473592037557, "target": 89, "value": 119.0, "supply": [{"l": "Apples", "v": 119.0}]}, {"source": 23, "prod": 31.783291050340004, "target": 89, "value": 27347.0, "supply": [{"l": "Sugar beet", "v": 27347.0}]}, {"source": 41, "prod": 0.031837624939125002, "target": 89, "value": 3.0, "supply": [{"l": "Oilcrops Oil, Other", "v": 3.0}]}, {"source": 91, "prod": 0.021147335734901102, "target": 89, "value": 68.0, "supply": [{"l": "Sugar cane", "v": 68.0}]}, {"source": 81, "prod": 0.0014491522436486167, "target": 89, "value": 1.0, "supply": [{"l": "Poultry Meat", "v": 1.0}]}, {"source": 61, "prod": 0.28607720959793481, "target": 89, "value": 155.0, "supply": [{"l": "Rape and Mustardseed", "v": 155.0}]}, {"source": 92, "prod": 0.025839231834652178, "target": 89, "value": 14.0, "supply": [{"l": "Palm kernels", "v": 14.0}]}, {"source": 0, "prod": 3.5532199575054313, "target": 93, "value": 1001.0, "supply": [{"l": "Maize", "v": 1001.0}]}, {"source": 94, "prod": 0.30950220855703353, "target": 93, "value": 391.0, "supply": [{"l": "Alcohol, Non-Food", "v": 391.0}]}, {"source": 3, "prod": 0.0056600222113999997, "target": 93, "value": 2.0, "supply": [{"l": "Rye", "v": 2.0}]}, {"source": 38, "prod": 0.035516075629302792, "target": 93, "value": 15.0, "supply": [{"l": "Nuts", "v": 15.0}]}, {"source": 5, "prod": 0.077080565642092105, "target": 93, "value": 23.0, "supply": [{"l": "Sugar", "v": 23.0}]}, {"source": 77, "prod": 0.0098751426651378805, "target": 93, "value": 15.0, "supply": [{"l": "Citrus, Other", "v": 15.0}]}, {"source": 43, "prod": 0.0655888843766535, "target": 93, "value": 114.0, "supply": [{"l": "Beer", "v": 114.0}]}, {"source": 45, "prod": 1.294801067758395, "target": 93, "value": 380.0, "supply": [{"l": "Beverages, Alcoholic", "v": 380.0}]}, {"source": 95, "prod": 0.010155273085142143, "target": 93, "value": 15.0, "supply": [{"l": "Aquatic Products, Other", "v": 15.0}]}, {"source": 7, "prod": 0.086058817249356725, "target": 93, "value": 20.0, "supply": [{"l": "Rice", "v": 20.0}]}, {"source": 8, "prod": 0.006916252455357496, "target": 93, "value": 33.0, "supply": [{"l": "Tomatoes", "v": 33.0}]}, {"source": 10, "prod": 3.535044744918685, "target": 93, "value": 423.0, "supply": [{"l": "Fats, Animals, Raw", "v": 423.0}]}, {"source": 49, "prod": 0.00056412181508970103, "target": 93, "value": 1.0, "supply": [{"l": "Coffee", "v": 1.0}]}, {"source": 11, "prod": 0.41986547018695908, "target": 93, "value": 138.0, "supply": [{"l": "Wheat", "v": 138.0}]}, {"source": 50, "prod": 0.16487241481228498, "target": 93, "value": 16.0, "supply": [{"l": "Soyabean Oil", "v": 16.0}]}, {"source": 52, "prod": 0.035586965999820371, "target": 93, "value": 15.0, "supply": [{"l": "Treenuts", "v": 15.0}]}, {"source": 54, "prod": 0.0032765994791552318, "target": 93, "value": 2.0, "supply": [{"l": "Eggs", "v": 2.0}]}, {"source": 12, "prod": 0.01325400265305835, "target": 93, "value": 51.0, "supply": [{"l": "Vegetables, Other", "v": 51.0}]}, {"source": 14, "prod": 0.055803035887042267, "target": 93, "value": 70.0, "supply": [{"l": "Marine Fish, Other", "v": 70.0}]}, {"source": 58, "prod": 0.14723033129125881, "target": 93, "value": 197.0, "supply": [{"l": "Grapes", "v": 197.0}]}, {"source": 60, "prod": 0.98407204357295475, "target": 93, "value": 85.0, "supply": [{"l": "Palm Oil", "v": 85.0}]}, {"source": 96, "prod": 0.0094782548794659985, "target": 93, "value": 14.0, "supply": [{"l": "Aquatic Plants", "v": 14.0}]}, {"source": 15, "prod": 0.012128619024428572, "target": 93, "value": 2.0, "supply": [{"l": "Oilcrops, Other", "v": 2.0}]}, {"source": 62, "prod": 0.019789143769631298, "target": 93, "value": 25.0, "supply": [{"l": "Wine", "v": 25.0}]}, {"source": 63, "prod": 0.47512405702380484, "target": 93, "value": 46.0, "supply": [{"l": "Sunflowerseed Oil", "v": 46.0}]}, {"source": 64, "prod": 1.3706741650092662, "target": 93, "value": 133.0, "supply": [{"l": "Olive Oil", "v": 133.0}]}, {"source": 65, "prod": 0.069099257391469979, "target": 93, "value": 37.0, "supply": [{"l": "Pigmeat", "v": 37.0}]}, {"source": 17, "prod": 0.051678463669304356, "target": 93, "value": 28.0, "supply": [{"l": "Cottonseed", "v": 28.0}]}, {"source": 18, "prod": 0.12336061443948487, "target": 93, "value": 158.0, "supply": [{"l": "Potatoes", "v": 158.0}]}, {"source": 57, "prod": 0.64654869107146173, "target": 93, "value": 66.0, "supply": [{"l": "Coconut Oil", "v": 66.0}]}, {"source": 71, "prod": 0.40157857589883, "target": 93, "value": 43.0, "supply": [{"l": "Rape and Mustard Oil", "v": 43.0}]}, {"source": 19, "prod": 0.84201984377733041, "target": 93, "value": 1481.0, "supply": [{"l": "Milk - Excluding Butter", "v": 1481.0}]}, {"source": 33, "prod": 0.0040622168981339713, "target": 93, "value": 1.0, "supply": [{"l": "Pulses, Other", "v": 1.0}]}, {"source": 22, "prod": 0.052740626715760623, "target": 93, "value": 71.0, "supply": [{"l": "Fish, Seafood", "v": 71.0}]}, {"source": 41, "prod": 1.29473008085775, "target": 93, "value": 122.0, "supply": [{"l": "Oilcrops Oil, Other", "v": 122.0}]}, {"source": 72, "prod": 0.0016683471583820964, "target": 93, "value": 9.0, "supply": [{"l": "Lemons, Limes", "v": 9.0}]}, {"source": 73, "prod": 0.01021723207215473, "target": 93, "value": 4.0, "supply": [{"l": "Mutton & Goat Meat", "v": 4.0}]}, {"source": 74, "prod": 0.64981408850111533, "target": 93, "value": 199.0, "supply": [{"l": "Sweeteners, Other", "v": 199.0}]}, {"source": 84, "prod": 0.029552463516079333, "target": 93, "value": 15.0, "supply": [{"l": "Bovine Meat", "v": 15.0}]}, {"source": 4, "prod": 0.0087717939719567945, "target": 93, "value": 15.0, "supply": [{"l": "Fruits, Other", "v": 15.0}]}, {"source": 80, "prod": 0.00034795218512704917, "target": 93, "value": 1.0, "supply": [{"l": "Molluscs, Other", "v": 1.0}]}, {"source": 29, "prod": 0.116737958110125, "target": 93, "value": 11.0, "supply": [{"l": "Fish, Body Oil", "v": 11.0}]}, {"source": 81, "prod": 0.017389826923783401, "target": 93, "value": 12.0, "supply": [{"l": "Poultry Meat", "v": 12.0}]}, {"source": 31, "prod": 0.0075927127226097582, "target": 93, "value": 6.0, "supply": [{"l": "Offals, Edible", "v": 6.0}]}, {"source": 91, "prod": 0.094541030344263741, "target": 93, "value": 304.0, "supply": [{"l": "Sugar cane", "v": 304.0}]}, {"source": 83, "prod": 0.013079883261638659, "target": 93, "value": 33.0, "supply": [{"l": "Oranges, Mandarines", "v": 33.0}]}, {"source": 85, "prod": 0.086829886197613643, "target": 93, "value": 9.0, "supply": [{"l": "Cottonseed Oil", "v": 9.0}]}, {"source": 86, "prod": 0.053062708231874998, "target": 93, "value": 5.0, "supply": [{"l": "Palmkernel Oil", "v": 5.0}]}, {"source": 87, "prod": 0.00090079929093899206, "target": 93, "value": 2.0, "supply": [{"l": "Onions", "v": 2.0}]}, {"source": 21, "prod": 0.0067180309504575684, "target": 93, "value": 12.0, "supply": [{"l": "Apples", "v": 12.0}]}, {"source": 9, "prod": 0.028300111057000001, "target": 97, "value": 8.0, "supply": [{"l": "Sunflower seed", "v": 8.0}]}, {"source": 0, "prod": 0.66733801399702419, "target": 97, "value": 188.0, "supply": [{"l": "Maize", "v": 188.0}]}, {"source": 3, "prod": 0.2009307885047, "target": 97, "value": 71.0, "supply": [{"l": "Rye", "v": 71.0}]}, {"source": 11, "prod": 5.2878709216299624, "target": 97, "value": 1738.0, "supply": [{"l": "Wheat", "v": 1738.0}]}, {"source": 16, "prod": 0.32808942310149158, "target": 97, "value": 152.0, "supply": [{"l": "Oats", "v": 152.0}]}, {"source": 90, "prod": 0.012046668895885135, "target": 97, "value": 3.0, "supply": [{"l": "Soyabeans", "v": 3.0}]}, {"source": 18, "prod": 1.2086217161539403, "target": 97, "value": 1548.0, "supply": [{"l": "Potatoes", "v": 1548.0}]}, {"source": 54, "prod": 0.1867661703118482, "target": 54, "value": 114.0, "supply": [{"l": "Eggs", "v": 114.0}]}, {"source": 12, "prod": 0.0031185888595431409, "target": 97, "value": 12.0, "supply": [{"l": "Vegetables, Other", "v": 12.0}]}, {"source": 13, "prod": 0.035817328056515628, "target": 97, "value": 9.0, "supply": [{"l": "Peas", "v": 9.0}]}, {"source": 17, "prod": 0.040604507168739132, "target": 97, "value": 22.0, "supply": [{"l": "Cottonseed", "v": 22.0}]}, {"source": 20, "prod": 0.16711016282601757, "target": 97, "value": 43.0, "supply": [{"l": "Beans", "v": 43.0}]}, {"source": 6, "prod": 2.0517580516325, "target": 97, "value": 725.0, "supply": [{"l": "Barley", "v": 725.0}]}, {"source": 61, "prod": 0.0018456594167608697, "target": 97, "value": 1.0, "supply": [{"l": "Rape and Mustardseed", "v": 1.0}]}, {"source": 15, "prod": 0.012128619024428572, "target": 97, "value": 2.0, "supply": [{"l": "Oilcrops, Other", "v": 2.0}]}, {"source": 7, "prod": 0.16351175277377777, "target": 97, "value": 38.0, "supply": [{"l": "Rice", "v": 38.0}]}, {"source": 25, "prod": 0.0091275102214556317, "target": 97, "value": 3.0, "supply": [{"l": "Sorghum", "v": 3.0}]}, {"source": 26, "prod": 0.010838340404808511, "target": 97, "value": 3.0, "supply": [{"l": "Cereals, Other", "v": 3.0}]}, {"source": 33, "prod": 0.30466626736004782, "target": 97, "value": 75.0, "supply": [{"l": "Pulses, Other", "v": 75.0}]}, {"source": 0, "prod": 4.2063592903535829, "target": 98, "value": 1185.0, "supply": [{"l": "Maize", "v": 1185.0}]}, {"source": 36, "prod": 0.014650942449862835, "target": 98, "value": 13.0, "supply": [{"l": "Olives", "v": 13.0}]}, {"source": 3, "prod": 0.019810077739900001, "target": 98, "value": 7.0, "supply": [{"l": "Rye", "v": 7.0}]}, {"source": 4, "prod": 0.36841534682218535, "target": 98, "value": 630.0, "supply": [{"l": "Fruits, Other", "v": 630.0}]}, {"source": 5, "prod": 0.033513289409605268, "target": 98, "value": 10.0, "supply": [{"l": "Sugar", "v": 10.0}]}, {"source": 43, "prod": 0.012082162911488805, "target": 98, "value": 21.0, "supply": [{"l": "Beer", "v": 21.0}]}, {"source": 70, "prod": 0.0034866666600000002, "target": 98, "value": 3.0, "supply": [{"l": "Grapefruit", "v": 3.0}]}, {"source": 6, "prod": 0.20942082182180002, "target": 98, "value": 74.0, "supply": [{"l": "Barley", "v": 74.0}]}, {"source": 7, "prod": 0.0086058817249356732, "target": 98, "value": 2.0, "supply": [{"l": "Rice", "v": 2.0}]}, {"source": 38, "prod": 0.018941907002294821, "target": 98, "value": 8.0, "supply": [{"l": "Nuts", "v": 8.0}]}, {"source": 9, "prod": 0.035375138821250006, "target": 98, "value": 10.0, "supply": [{"l": "Sunflower seed", "v": 10.0}]}, {"source": 49, "prod": 0.0084618272263455151, "target": 98, "value": 15.0, "supply": [{"l": "Coffee", "v": 15.0}]}, {"source": 11, "prod": 1.1348537708676503, "target": 98, "value": 373.0, "supply": [{"l": "Wheat", "v": 373.0}]}, {"source": 52, "prod": 0.018979715199904195, "target": 98, "value": 8.0, "supply": [{"l": "Treenuts", "v": 8.0}]}, {"source": 54, "prod": 0.034404294531129927, "target": 98, "value": 21.0, "supply": [{"l": "Eggs", "v": 21.0}]}, {"source": 12, "prod": 0.56914246686662329, "target": 98, "value": 2190.0, "supply": [{"l": "Vegetables, Other", "v": 2190.0}]}, {"source": 13, "prod": 0.0079594062347812505, "target": 98, "value": 2.0, "supply": [{"l": "Peas", "v": 2.0}]}, {"source": 17, "prod": 0.014765275334086957, "target": 98, "value": 8.0, "supply": [{"l": "Cottonseed", "v": 8.0}]}, {"source": 8, "prod": 0.21209840863096321, "target": 98, "value": 1012.0, "supply": [{"l": "Tomatoes", "v": 1012.0}]}, {"source": 58, "prod": 0.10762014063929579, "target": 98, "value": 144.0, "supply": [{"l": "Grapes", "v": 144.0}]}, {"source": 15, "prod": 0.012128619024428572, "target": 98, "value": 2.0, "supply": [{"l": "Oilcrops, Other", "v": 2.0}]}, {"source": 73, "prod": 0.0076629240541160474, "target": 98, "value": 3.0, "supply": [{"l": "Mutton & Goat Meat", "v": 3.0}]}, {"source": 39, "prod": 0.00424501665855, "target": 98, "value": 1.0, "supply": [{"l": "Dates", "v": 1.0}]}, {"source": 16, "prod": 0.030218762654084751, "target": 98, "value": 14.0, "supply": [{"l": "Oats", "v": 14.0}]}, {"source": 90, "prod": 0.02409333779177027, "target": 98, "value": 6.0, "supply": [{"l": "Soyabeans", "v": 6.0}]}, {"source": 18, "prod": 0.8010632304741232, "target": 98, "value": 1026.0, "supply": [{"l": "Potatoes", "v": 1026.0}]}, {"source": 19, "prod": 0.35079422255949544, "target": 98, "value": 617.0, "supply": [{"l": "Milk - Excluding Butter", "v": 617.0}]}, {"source": 20, "prod": 0.073839374271961272, "target": 98, "value": 19.0, "supply": [{"l": "Beans", "v": 19.0}]}, {"source": 21, "prod": 0.20657945172657027, "target": 98, "value": 369.0, "supply": [{"l": "Apples", "v": 369.0}]}, {"source": 23, "prod": 0.12551999976, "target": 98, "value": 108.0, "supply": [{"l": "Sugar beet", "v": 108.0}]}, {"source": 72, "prod": 0.015385868238412665, "target": 98, "value": 83.0, "supply": [{"l": "Lemons, Limes", "v": 83.0}]}, {"source": 25, "prod": 0.015212517035759387, "target": 98, "value": 5.0, "supply": [{"l": "Sorghum", "v": 5.0}]}, {"source": 62, "prod": 0.075198746324598942, "target": 98, "value": 95.0, "supply": [{"l": "Wine", "v": 95.0}]}, {"source": 75, "prod": 0.0027684891251413047, "target": 98, "value": 3.0, "supply": [{"l": "Pineapples", "v": 3.0}]}, {"source": 28, "prod": 0.054892456791594831, "target": 98, "value": 75.0, "supply": [{"l": "Bananas", "v": 75.0}]}, {"source": 31, "prod": 0.0012654521204349596, "target": 98, "value": 1.0, "supply": [{"l": "Offals, Edible", "v": 1.0}]}, {"source": 32, "prod": 0.0091559182831470586, "target": 98, "value": 11.0, "supply": [{"l": "Sweet potatoes", "v": 11.0}]}, {"source": 61, "prod": 0.0036913188335217393, "target": 98, "value": 2.0, "supply": [{"l": "Rape and Mustardseed", "v": 2.0}]}, {"source": 83, "prod": 0.25803042434323531, "target": 98, "value": 651.0, "supply": [{"l": "Oranges, Mandarines", "v": 651.0}]}, {"source": 87, "prod": 0.080171136893570305, "target": 98, "value": 178.0, "supply": [{"l": "Onions", "v": 178.0}]}, {"source": 33, "prod": 0.17467532661976076, "target": 98, "value": 43.0, "supply": [{"l": "Pulses, Other", "v": 43.0}]}, {"source": 99, "prod": 0.080183647994833351, "target": 37, "value": 17.0, "supply": [{"l": "Infant food", "v": 17.0}]}, {"source": 99, "prod": 0.0058264934529117639, "target": 32, "value": 7.0, "supply": [{"l": "Sweet potatoes", "v": 7.0}]}, {"source": 99, "prod": 0.02122508329275, "target": 78, "value": 6.0, "supply": [{"l": "Spices, Other", "v": 6.0}]}, {"source": 99, "prod": 0.0020958340773810594, "target": 8, "value": 10.0, "supply": [{"l": "Tomatoes", "v": 10.0}]}, {"source": 99, "prod": 0.25325977564369173, "target": 34, "value": 314.0, "supply": [{"l": "Cassava", "v": 314.0}]}, {"source": 99, "prod": 0.0096393391373187781, "target": 72, "value": 52.0, "supply": [{"l": "Lemons, Limes", "v": 52.0}]}, {"source": 99, "prod": 0.17318990119912578, "target": 52, "value": 73.0, "supply": [{"l": "Treenuts", "v": 73.0}]}, {"source": 99, "prod": 0.0028300111056999999, "target": 3, "value": 1.0, "supply": [{"l": "Rye", "v": 1.0}]}, {"source": 99, "prod": 0.069979489067266337, "target": 21, "value": 125.0, "supply": [{"l": "Apples", "v": 125.0}]}, {"source": 99, "prod": 0.0097020137792067779, "target": 79, "value": 9.0, "supply": [{"l": "Tea", "v": 9.0}]}, {"source": 99, "prod": 0.059772953141243527, "target": 12, "value": 230.0, "supply": [{"l": "Vegetables, Other", "v": 230.0}]}, {"source": 99, "prod": 0.84767934990616378, "target": 7, "value": 197.0, "supply": [{"l": "Rice", "v": 197.0}]}, {"source": 99, "prod": 16.67596117459944, "target": 11, "value": 5481.0, "supply": [{"l": "Wheat", "v": 5481.0}]}, {"source": 99, "prod": 0.025839231834652178, "target": 92, "value": 14.0, "supply": [{"l": "Palm kernels", "v": 14.0}]}, {"source": 99, "prod": 5.9118931998073005, "target": 6, "value": 2089.0, "supply": [{"l": "Barley", "v": 2089.0}]}, {"source": 99, "prod": 0.0092977777600000006, "target": 69, "value": 8.0, "supply": [{"l": "Pepper", "v": 8.0}]}, {"source": 99, "prod": 0.079031110960000012, "target": 70, "value": 68.0, "supply": [{"l": "Grapefruit", "v": 68.0}]}, {"source": 99, "prod": 0.26062427857144188, "target": 49, "value": 462.0, "supply": [{"l": "Coffee", "v": 462.0}]}, {"source": 99, "prod": 1.6414064413060001, "target": 9, "value": 464.0, "supply": [{"l": "Sunflower seed", "v": 464.0}]}, {"source": 99, "prod": 0.034519915684912091, "target": 30, "value": 10.0, "supply": [{"l": "Millet", "v": 10.0}]}, {"source": 99, "prod": 0.046695183244050004, "target": 39, "value": 11.0, "supply": [{"l": "Dates", "v": 11.0}]}, {"source": 99, "prod": 0.031555876045858411, "target": 36, "value": 28.0, "supply": [{"l": "Olives", "v": 28.0}]}, {"source": 99, "prod": 0.11199618418302128, "target": 26, "value": 31.0, "supply": [{"l": "Cereals, Other", "v": 31.0}]}, {"source": 99, "prod": 10.569763499648804, "target": 1, "value": 14151.0, "supply": [{"l": "Crustaceans", "v": 56.0}, {"l": "Eggs", "v": 43.0}, {"l": "Aquatic Products, Other", "v": 1.0}, {"l": "Marine Fish, Other", "v": 138.0}, {"l": "Pigmeat", "v": 398.0}, {"l": "Fish, Seafood", "v": 1906.0}, {"l": "Offals, Edible", "v": 21.0}, {"l": "Demersal Fish", "v": 414.0}, {"l": "Freshwater Fish", "v": 8.0}, {"l": "Milk - Excluding Butter", "v": 9204.0}, {"l": "Meat, Other", "v": 38.0}, {"l": "Cephalopods", "v": 105.0}, {"l": "Mutton & Goat Meat", "v": 17.0}, {"l": "Pelagic Fish", "v": 1087.0}, {"l": "Bovine Meat", "v": 592.0}, {"l": "Molluscs, Other", "v": 97.0}, {"l": "Poultry Meat", "v": 25.0}, {"l": "Aquatic Plants", "v": 1.0}]}, {"source": 99, "prod": 0.0032653974296538461, "target": 68, "value": 1.0, "supply": [{"l": "Pimento", "v": 1.0}]}, {"source": 99, "prod": 0.17284490139594028, "target": 38, "value": 73.0, "supply": [{"l": "Nuts", "v": 73.0}]}, {"source": 99, "prod": 0.12337079663910938, "target": 13, "value": 31.0, "supply": [{"l": "Peas", "v": 31.0}]}, {"source": 99, "prod": 0.25470099951300007, "target": 15, "value": 42.0, "supply": [{"l": "Oilcrops, Other", "v": 42.0}]}, {"source": 99, "prod": 0.20853644335126875, "target": 66, "value": 131.0, "supply": [{"l": "Cocoa Beans", "v": 131.0}]}, {"source": 99, "prod": 0.062228535517493001, "target": 83, "value": 157.0, "supply": [{"l": "Oranges, Mandarines", "v": 157.0}]}, {"source": 99, "prod": 2.3092600860282748, "target": 25, "value": 759.0, "supply": [{"l": "Sorghum", "v": 759.0}]}, {"source": 99, "prod": 0.44504206904153226, "target": 59, "value": 65.0, "supply": [{"l": "Groundnuts", "v": 65.0}]}, {"source": 99, "prod": 0.62148765249259474, "target": 18, "value": 796.0, "supply": [{"l": "Potatoes", "v": 796.0}]}, {"source": 99, "prod": 0.0058551953911034479, "target": 87, "value": 13.0, "supply": [{"l": "Onions", "v": 13.0}]}, {"source": 99, "prod": 0.15134407217439133, "target": 61, "value": 82.0, "supply": [{"l": "Rape and Mustardseed", "v": 82.0}]}, {"source": 99, "prod": 0.0013166856886850508, "target": 77, "value": 2.0, "supply": [{"l": "Citrus, Other", "v": 2.0}]}, {"source": 99, "prod": 0.066515225811786982, "target": 58, "value": 89.0, "supply": [{"l": "Grapes", "v": 89.0}]}, {"source": 99, "prod": 0.057215441919586968, "target": 17, "value": 31.0, "supply": [{"l": "Cottonseed", "v": 31.0}]}, {"source": 99, "prod": 13.798039745496254, "target": 89, "value": 2129.0, "supply": [{"l": "Sugar", "v": 667.0}, {"l": "Beverages, Alcoholic", "v": 119.0}, {"l": "Butter, Ghee", "v": 55.0}, {"l": "Fats, Animals, Raw", "v": 174.0}, {"l": "Sunflowerseed Oil", "v": 57.0}, {"l": "Rape and Mustard Oil", "v": 88.0}, {"l": "Wine", "v": 28.0}, {"l": "Sweeteners, Other", "v": 44.0}, {"l": "Fish, Body Oil", "v": 11.0}, {"l": "Honey", "v": 18.0}, {"l": "Palmkernel Oil", "v": 15.0}, {"l": "Cream", "v": 26.0}, {"l": "Alcohol, Non-Food", "v": 29.0}, {"l": "Oilcrops Oil, Other", "v": 99.0}, {"l": "Maize Germ Oil", "v": 45.0}, {"l": "Beer", "v": 118.0}, {"l": "Groundnut Oil", "v": 42.0}, {"l": "Soyabean Oil", "v": 166.0}, {"l": "Palm Oil", "v": 132.0}, {"l": "Coconut Oil", "v": 63.0}, {"l": "Olive Oil", "v": 133.0}]}, {"source": 99, "prod": 20.443197116317073, "target": 90, "value": 5091.0, "supply": [{"l": "Soyabeans", "v": 5091.0}]}, {"source": 99, "prod": 0.26567949087131898, "target": 28, "value": 363.0, "supply": [{"l": "Bananas", "v": 363.0}]}, {"source": 99, "prod": 0.21763183995946481, "target": 20, "value": 56.0, "supply": [{"l": "Beans", "v": 56.0}]}, {"source": 99, "prod": 40.405896879404928, "target": 0, "value": 11383.0, "supply": [{"l": "Maize", "v": 11383.0}]}, {"source": 99, "prod": 0.1040919551338873, "target": 4, "value": 178.0, "supply": [{"l": "Fruits, Other", "v": 178.0}]}, {"source": 99, "prod": 0.1358405330736, "target": 55, "value": 16.0, "supply": [{"l": "Sesame seed", "v": 16.0}]}, {"source": 99, "prod": 0.060906760753108705, "target": 75, "value": 66.0, "supply": [{"l": "Pineapples", "v": 66.0}]}, {"source": 99, "prod": 0.36359490510189135, "target": 51, "value": 197.0, "supply": [{"l": "Coconuts - Incl Copra", "v": 197.0}]}, {"source": 99, "prod": 0.26117644865316103, "target": 16, "value": 121.0, "supply": [{"l": "Oats", "v": 121.0}]}, {"source": 99, "prod": 0.4590305094891387, "target": 33, "value": 113.0, "supply": [{"l": "Pulses, Other", "v": 113.0}]}, {"source": 0, "prod": 1.3701727308662306, "target": 100, "value": 386.0, "supply": [{"l": "Maize", "v": 386.0}]}, {"source": 36, "prod": 0.18144628726368586, "target": 100, "value": 161.0, "supply": [{"l": "Olives", "v": 161.0}]}, {"source": 94, "prod": 0.0023746972523557559, "target": 100, "value": 3.0, "supply": [{"l": "Alcohol, Non-Food", "v": 3.0}]}, {"source": 44, "prod": 0.041414796668780479, "target": 100, "value": 4.0, "supply": [{"l": "Groundnut Oil", "v": 4.0}]}, {"source": 37, "prod": 0.023583425880833338, "target": 100, "value": 5.0, "supply": [{"l": "Infant food", "v": 5.0}]}, {"source": 3, "prod": 0.0028300111056999999, "target": 100, "value": 1.0, "supply": [{"l": "Rye", "v": 1.0}]}, {"source": 38, "prod": 0.39067683192233077, "target": 100, "value": 165.0, "supply": [{"l": "Nuts", "v": 165.0}]}, {"source": 39, "prod": 0.025470099951300004, "target": 100, "value": 6.0, "supply": [{"l": "Dates", "v": 6.0}]}, {"source": 5, "prod": 1.6522051678935394, "target": 100, "value": 493.0, "supply": [{"l": "Sugar", "v": 493.0}]}, {"source": 41, "prod": 0.265313541159375, "target": 100, "value": 25.0, "supply": [{"l": "Oilcrops Oil, Other", "v": 25.0}]}, {"source": 77, "prod": 0.0046083999103976774, "target": 100, "value": 7.0, "supply": [{"l": "Citrus, Other", "v": 7.0}]}, {"source": 43, "prod": 0.016109550548651739, "target": 100, "value": 28.0, "supply": [{"l": "Beer", "v": 28.0}]}, {"source": 70, "prod": 0.012784444420000001, "target": 100, "value": 11.0, "supply": [{"l": "Grapefruit", "v": 11.0}]}, {"source": 45, "prod": 0.2725896984754515, "target": 100, "value": 80.0, "supply": [{"l": "Beverages, Alcoholic", "v": 80.0}]}, {"source": 6, "prod": 0.29432115499280004, "target": 100, "value": 104.0, "supply": [{"l": "Barley", "v": 104.0}]}, {"source": 21, "prod": 0.47306134609472045, "target": 100, "value": 845.0, "supply": [{"l": "Apples", "v": 845.0}]}, {"source": 46, "prod": 0.010612541646375, "target": 100, "value": 1.0, "supply": [{"l": "Sesameseed Oil", "v": 1.0}]}, {"source": 47, "prod": 0.013405315763842107, "target": 100, "value": 4.0, "supply": [{"l": "Honey", "v": 4.0}]}, {"source": 7, "prod": 2.8012145014665619, "target": 100, "value": 651.0, "supply": [{"l": "Rice", "v": 651.0}]}, {"source": 48, "prod": 0.0084900333171, "target": 100, "value": 1.0, "supply": [{"l": "Butter, Ghee", "v": 1.0}]}, {"source": 8, "prod": 0.51515601622026441, "target": 100, "value": 2458.0, "supply": [{"l": "Tomatoes", "v": 2458.0}]}, {"source": 9, "prod": 0.010612541646375, "target": 100, "value": 3.0, "supply": [{"l": "Sunflower seed", "v": 3.0}]}, {"source": 10, "prod": 0.45128230786195977, "target": 100, "value": 54.0, "supply": [{"l": "Fats, Animals, Raw", "v": 54.0}]}, {"source": 49, "prod": 0.0067694617810764128, "target": 100, "value": 12.0, "supply": [{"l": "Coffee", "v": 12.0}]}, {"source": 11, "prod": 7.9044238517805763, "target": 100, "value": 2598.0, "supply": [{"l": "Wheat", "v": 2598.0}]}, {"source": 50, "prod": 4.327900888822481, "target": 100, "value": 420.0, "supply": [{"l": "Soyabean Oil", "v": 420.0}]}, {"source": 51, "prod": 0.0036913188335217393, "target": 100, "value": 2.0, "supply": [{"l": "Coconuts - Incl Copra", "v": 2.0}]}, {"source": 52, "prod": 0.39382909039801206, "target": 100, "value": 166.0, "supply": [{"l": "Treenuts", "v": 166.0}]}, {"source": 53, "prod": 0.0058150913130821926, "target": 100, "value": 10.0, "supply": [{"l": "Crustaceans", "v": 10.0}]}, {"source": 54, "prod": 0.063893689843527016, "target": 100, "value": 39.0, "supply": [{"l": "Eggs", "v": 39.0}]}, {"source": 12, "prod": 0.38306666491388247, "target": 100, "value": 1474.0, "supply": [{"l": "Vegetables, Other", "v": 1474.0}]}, {"source": 13, "prod": 0.015918812469562501, "target": 100, "value": 4.0, "supply": [{"l": "Peas", "v": 4.0}]}, {"source": 56, "prod": 0.035334242707005782, "target": 100, "value": 48.0, "supply": [{"l": "Cephalopods", "v": 48.0}]}, {"source": 57, "prod": 0.029388576866884623, "target": 100, "value": 3.0, "supply": [{"l": "Coconut Oil", "v": 3.0}]}, {"source": 17, "prod": 0.0018456594167608697, "target": 100, "value": 1.0, "supply": [{"l": "Cottonseed", "v": 1.0}]}, {"source": 14, "prod": 0.0239155868087324, "target": 100, "value": 30.0, "supply": [{"l": "Marine Fish, Other", "v": 30.0}]}, {"source": 58, "prod": 0.72269913887638215, "target": 100, "value": 967.0, "supply": [{"l": "Grapes", "v": 967.0}]}, {"source": 68, "prod": 0.045715564015153844, "target": 100, "value": 14.0, "supply": [{"l": "Pimento", "v": 14.0}]}, {"source": 60, "prod": 0.32416490847109097, "target": 100, "value": 28.0, "supply": [{"l": "Palm Oil", "v": 28.0}]}, {"source": 96, "prod": 0.00067701820567614283, "target": 100, "value": 1.0, "supply": [{"l": "Aquatic Plants", "v": 1.0}]}, {"source": 15, "prod": 0.066707404634357148, "target": 100, "value": 11.0, "supply": [{"l": "Oilcrops, Other", "v": 11.0}]}, {"source": 62, "prod": 1.9662493249505659, "target": 100, "value": 2484.0, "supply": [{"l": "Wine", "v": 2484.0}]}, {"source": 63, "prod": 0.77465878862576887, "target": 100, "value": 75.0, "supply": [{"l": "Sunflowerseed Oil", "v": 75.0}]}, {"source": 16, "prod": 0.019426347420483051, "target": 100, "value": 9.0, "supply": [{"l": "Oats", "v": 9.0}]}, {"source": 64, "prod": 1.72107207185374, "target": 100, "value": 167.0, "supply": [{"l": "Olive Oil", "v": 167.0}]}, {"source": 65, "prod": 0.12886077729760617, "target": 100, "value": 69.0, "supply": [{"l": "Pigmeat", "v": 69.0}]}, {"source": 66, "prod": 0.02387821870434375, "target": 100, "value": 15.0, "supply": [{"l": "Cocoa Beans", "v": 15.0}]}, {"source": 90, "prod": 0.052202231882168916, "target": 100, "value": 13.0, "supply": [{"l": "Soyabeans", "v": 13.0}]}, {"source": 18, "prod": 0.42005069980027121, "target": 100, "value": 538.0, "supply": [{"l": "Potatoes", "v": 538.0}]}, {"source": 67, "prod": 0.0044104069179740262, "target": 100, "value": 8.0, "supply": [{"l": "Freshwater Fish", "v": 8.0}]}, {"source": 61, "prod": 0.0092282970838043505, "target": 100, "value": 5.0, "supply": [{"l": "Rape and Mustardseed", "v": 5.0}]}, {"source": 71, "prod": 0.065373256541670005, "target": 100, "value": 7.0, "supply": [{"l": "Rape and Mustard Oil", "v": 7.0}]}, {"source": 19, "prod": 0.23310475080938922, "target": 100, "value": 410.0, "supply": [{"l": "Milk - Excluding Butter", "v": 410.0}]}, {"source": 27, "prod": 0.32102938480284382, "target": 100, "value": 275.0, "supply": [{"l": "Pelagic Fish", "v": 275.0}]}, {"source": 20, "prod": 0.054407959989866202, "target": 100, "value": 14.0, "supply": [{"l": "Beans", "v": 14.0}]}, {"source": 33, "prod": 0.06093325347200957, "target": 100, "value": 15.0, "supply": [{"l": "Pulses, Other", "v": 15.0}]}, {"source": 22, "prod": 0.32684332049203768, "target": 100, "value": 440.0, "supply": [{"l": "Fish, Seafood", "v": 440.0}]}, {"source": 24, "prod": 0.015974278715101046, "target": 100, "value": 12.0, "supply": [{"l": "Meat, Other", "v": 12.0}]}, {"source": 72, "prod": 0.10288140810022928, "target": 100, "value": 555.0, "supply": [{"l": "Lemons, Limes", "v": 555.0}]}, {"source": 26, "prod": 0.014451120539744683, "target": 100, "value": 4.0, "supply": [{"l": "Cereals, Other", "v": 4.0}]}, {"source": 73, "prod": 0.01277154009019341, "target": 100, "value": 5.0, "supply": [{"l": "Mutton & Goat Meat", "v": 5.0}]}, {"source": 74, "prod": 0.15347367919373078, "target": 100, "value": 47.0, "supply": [{"l": "Sweeteners, Other", "v": 47.0}]}, {"source": 75, "prod": 0.00092282970838043483, "target": 100, "value": 1.0, "supply": [{"l": "Pineapples", "v": 1.0}]}, {"source": 76, "prod": 0.0012424439000634148, "target": 100, "value": 2.0, "supply": [{"l": "Beverages, Fermented", "v": 2.0}]}, {"source": 78, "prod": 0.02122508329275, "target": 100, "value": 6.0, "supply": [{"l": "Spices, Other", "v": 6.0}]}, {"source": 79, "prod": 0.0010780015310229755, "target": 100, "value": 1.0, "supply": [{"l": "Tea", "v": 1.0}]}, {"source": 4, "prod": 1.0409195513388732, "target": 100, "value": 1780.0, "supply": [{"l": "Fruits, Other", "v": 1780.0}]}, {"source": 80, "prod": 0.020877131107622952, "target": 100, "value": 60.0, "supply": [{"l": "Molluscs, Other", "v": 60.0}]}, {"source": 29, "prod": 0.095512874817374999, "target": 100, "value": 9.0, "supply": [{"l": "Fish, Body Oil", "v": 9.0}]}, {"source": 30, "prod": 0.0069039831369824174, "target": 100, "value": 2.0, "supply": [{"l": "Millet", "v": 2.0}]}, {"source": 81, "prod": 0.034779653847566802, "target": 100, "value": 24.0, "supply": [{"l": "Poultry Meat", "v": 24.0}]}, {"source": 31, "prod": 0.017716329686089435, "target": 100, "value": 14.0, "supply": [{"l": "Offals, Edible", "v": 14.0}]}, {"source": 32, "prod": 0.00083235620755882356, "target": 100, "value": 1.0, "supply": [{"l": "Sweet potatoes", "v": 1.0}]}, {"source": 82, "prod": 0.0067969699045196518, "target": 100, "value": 11.0, "supply": [{"l": "Demersal Fish", "v": 11.0}]}, {"source": 83, "prod": 0.70948457691918776, "target": 100, "value": 1790.0, "supply": [{"l": "Oranges, Mandarines", "v": 1790.0}]}, {"source": 84, "prod": 0.28764397822317217, "target": 100, "value": 146.0, "supply": [{"l": "Bovine Meat", "v": 146.0}]}, {"source": 85, "prod": 0.0096477651330681823, "target": 100, "value": 1.0, "supply": [{"l": "Cottonseed Oil", "v": 1.0}]}, {"source": 86, "prod": 0.084900333171, "target": 100, "value": 8.0, "supply": [{"l": "Palmkernel Oil", "v": 8.0}]}, {"source": 87, "prod": 0.13421909434990983, "target": 100, "value": 298.0, "supply": [{"l": "Onions", "v": 298.0}]}, {"source": 95, "prod": 0.00067701820567614283, "target": 100, "value": 1.0, "supply": [{"l": "Aquatic Products, Other", "v": 1.0}]}, {"source": 101, "prod": 0.073354192708337082, "target": 8, "value": 350.0, "supply": [{"l": "Tomatoes", "v": 350.0}]}, {"source": 101, "prod": 0.53062708231875, "target": 9, "value": 150.0, "supply": [{"l": "Sunflower seed", "v": 150.0}]}, {"source": 36, "prod": 0.0078889690114646027, "target": 102, "value": 7.0, "supply": [{"l": "Olives", "v": 7.0}]}, {"source": 101, "prod": 0.015204442884725111, "target": 4, "value": 26.0, "supply": [{"l": "Fruits, Other", "v": 26.0}]}, {"source": 11, "prod": 5.6347163100452766, "target": 102, "value": 1852.0, "supply": [{"l": "Wheat", "v": 1852.0}]}, {"source": 22, "prod": 0.0059426058271279565, "target": 102, "value": 8.0, "supply": [{"l": "Fish, Seafood", "v": 8.0}]}, {"source": 101, "prod": 0.55507937125835083, "target": 7, "value": 129.0, "supply": [{"l": "Rice", "v": 129.0}]}, {"source": 46, "prod": 0.010612541646375, "target": 102, "value": 1.0, "supply": [{"l": "Sesameseed Oil", "v": 1.0}]}, {"source": 101, "prod": 0.040622168981339718, "target": 33, "value": 10.0, "supply": [{"l": "Pulses, Other", "v": 10.0}]}, {"source": 48, "prod": 0.0169800666342, "target": 102, "value": 2.0, "supply": [{"l": "Butter, Ghee", "v": 2.0}]}, {"source": 71, "prod": 0.28017109946430002, "target": 102, "value": 30.0, "supply": [{"l": "Rape and Mustard Oil", "v": 30.0}]}, {"source": 101, "prod": 0.022519982273474803, "target": 87, "value": 50.0, "supply": [{"l": "Onions", "v": 50.0}]}, {"source": 101, "prod": 0.024203664858379947, "target": 18, "value": 31.0, "supply": [{"l": "Potatoes", "v": 31.0}]}, {"source": 32, "prod": 0.0041617810377941175, "target": 102, "value": 5.0, "supply": [{"l": "Sweet potatoes", "v": 5.0}]}, {"source": 6, "prod": 6.9420172422821009, "target": 102, "value": 2453.0, "supply": [{"l": "Barley", "v": 2453.0}]}, {"source": 62, "prod": 1.4913098744794147, "target": 102, "value": 1884.0, "supply": [{"l": "Wine", "v": 1884.0}]}, {"source": 84, "prod": 0.031522627750484623, "target": 102, "value": 16.0, "supply": [{"l": "Bovine Meat", "v": 16.0}]}, {"source": 52, "prod": 0.042704359199784436, "target": 102, "value": 18.0, "supply": [{"l": "Treenuts", "v": 18.0}]}, {"source": 101, "prod": 0.13586637824014255, "target": 1, "value": 225.0, "supply": [{"l": "Mutton & Goat Meat", "v": 4.0}, {"l": "Milk - Excluding Butter", "v": 221.0}]}, {"source": 3, "prod": 0.1216904775451, "target": 102, "value": 43.0, "supply": [{"l": "Rye", "v": 43.0}]}, {"source": 60, "prod": 0.057886590798409097, "target": 102, "value": 5.0, "supply": [{"l": "Palm Oil", "v": 5.0}]}, {"source": 15, "prod": 0.030321547561071433, "target": 102, "value": 5.0, "supply": [{"l": "Oilcrops, Other", "v": 5.0}]}, {"source": 45, "prod": 0.19081278893281609, "target": 102, "value": 56.0, "supply": [{"l": "Beverages, Alcoholic", "v": 56.0}]}, {"source": 64, "prod": 3.0917462368630062, "target": 102, "value": 300.0, "supply": [{"l": "Olive Oil", "v": 300.0}]}, {"source": 41, "prod": 0.13796304140287499, "target": 102, "value": 13.0, "supply": [{"l": "Oilcrops Oil, Other", "v": 13.0}]}, {"source": 17, "prod": 0.036913188335217402, "target": 102, "value": 20.0, "supply": [{"l": "Cottonseed", "v": 20.0}]}, {"source": 0, "prod": 0.5360002133699503, "target": 102, "value": 151.0, "supply": [{"l": "Maize", "v": 151.0}]}, {"source": 65, "prod": 0.070966804888536739, "target": 102, "value": 38.0, "supply": [{"l": "Pigmeat", "v": 38.0}]}, {"source": 16, "prod": 0.56552255824072883, "target": 102, "value": 262.0, "supply": [{"l": "Oats", "v": 262.0}]}, {"source": 101, "prod": 0.0018456594167608697, "target": 61, "value": 1.0, "supply": [{"l": "Rape and Mustardseed", "v": 1.0}]}, {"source": 43, "prod": 0.027041031278093989, "target": 102, "value": 47.0, "supply": [{"l": "Beer", "v": 47.0}]}, {"source": 50, "prod": 0.97892996294794199, "target": 102, "value": 95.0, "supply": [{"l": "Soyabean Oil", "v": 95.0}]}, {"source": 83, "prod": 0.019818004941876754, "target": 102, "value": 50.0, "supply": [{"l": "Oranges, Mandarines", "v": 50.0}]}, {"source": 21, "prod": 0.027991795626906537, "target": 102, "value": 50.0, "supply": [{"l": "Apples", "v": 50.0}]}, {"source": 14, "prod": 0.0063774898156619729, "target": 102, "value": 8.0, "supply": [{"l": "Marine Fish, Other", "v": 8.0}]}, {"source": 10, "prod": 0.20892699438053694, "target": 102, "value": 25.0, "supply": [{"l": "Fats, Animals, Raw", "v": 25.0}]}, {"source": 90, "prod": 0.02409333779177027, "target": 102, "value": 6.0, "supply": [{"l": "Soyabeans", "v": 6.0}]}, {"source": 24, "prod": 0.0026623797858501747, "target": 102, "value": 2.0, "supply": [{"l": "Meat, Other", "v": 2.0}]}, {"source": 101, "prod": 0.0036127801349361706, "target": 26, "value": 1.0, "supply": [{"l": "Cereals, Other", "v": 1.0}]}, {"source": 38, "prod": 0.042619290755163346, "target": 102, "value": 18.0, "supply": [{"l": "Nuts", "v": 18.0}]}, {"source": 63, "prod": 0.87794662710920468, "target": 102, "value": 85.0, "supply": [{"l": "Sunflowerseed Oil", "v": 85.0}]}, {"source": 101, "prod": 1.601158706341592, "target": 89, "value": 465.0, "supply": [{"l": "Sugar", "v": 459.0}, {"l": "Groundnut Oil", "v": 3.0}, {"l": "Palmkernel Oil", "v": 3.0}]}, {"source": 101, "prod": 0.089384505697637326, "target": 20, "value": 23.0, "supply": [{"l": "Beans", "v": 23.0}]}, {"source": 49, "prod": 0.01128243630179402, "target": 102, "value": 20.0, "supply": [{"l": "Coffee", "v": 20.0}]}, {"source": 101, "prod": 0.016112709107639563, "target": 12, "value": 62.0, "supply": [{"l": "Vegetables, Other", "v": 62.0}]}, {"source": 103, "prod": 71.33062442165, "target": 0, "value": 20095.0, "supply": [{"l": "Maize", "v": 20095.0}]}, {"source": 103, "prod": 8.7488666337142451, "target": 36, "value": 7763.0, "supply": [{"l": "Olives", "v": 7763.0}]}, {"source": 103, "prod": 0.0080655979504360448, "target": 2, "value": 10.0, "supply": [{"l": "Roots, Other", "v": 10.0}]}, {"source": 103, "prod": 1.5678261525578001, "target": 3, "value": 554.0, "supply": [{"l": "Rye", "v": 554.0}]}, {"source": 103, "prod": 1.9486486828610798, "target": 38, "value": 823.0, "supply": [{"l": "Nuts", "v": 823.0}]}, {"source": 103, "prod": 0.0424501665855, "target": 39, "value": 10.0, "supply": [{"l": "Dates", "v": 10.0}]}, {"source": 103, "prod": 0.0024196793851308128, "target": 40, "value": 3.0, "supply": [{"l": "Yams", "v": 3.0}]}, {"source": 103, "prod": 0.0047166851761666672, "target": 37, "value": 1.0, "supply": [{"l": "Infant food", "v": 1.0}]}, {"source": 103, "prod": 32.463057393484704, "target": 6, "value": 11471.0, "supply": [{"l": "Barley", "v": 11471.0}]}, {"source": 103, "prod": 2.1172994212192107, "target": 21, "value": 3782.0, "supply": [{"l": "Apples", "v": 3782.0}]}, {"source": 103, "prod": 4.8537172928637196, "target": 7, "value": 1128.0, "supply": [{"l": "Rice", "v": 1128.0}]}, {"source": 103, "prod": 1.9522694430804568, "target": 8, "value": 9315.0, "supply": [{"l": "Tomatoes", "v": 9315.0}]}, {"source": 103, "prod": 3.8382025621056255, "target": 9, "value": 1085.0, "supply": [{"l": "Sunflower seed", "v": 1085.0}]}, {"source": 103, "prod": 0.11922174445289362, "target": 26, "value": 33.0, "supply": [{"l": "Cereals, Other", "v": 33.0}]}, {"source": 103, "prod": 73.598157419003925, "target": 11, "value": 24190.0, "supply": [{"l": "Wheat", "v": 24190.0}]}, {"source": 103, "prod": 1.9549106655901318, "target": 52, "value": 824.0, "supply": [{"l": "Treenuts", "v": 824.0}]}, {"source": 103, "prod": 4.9902619400789492, "target": 12, "value": 19202.0, "supply": [{"l": "Vegetables, Other", "v": 19202.0}]}, {"source": 103, "prod": 0.11541139040432814, "target": 13, "value": 29.0, "supply": [{"l": "Peas", "v": 29.0}]}, {"source": 103, "prod": 0.0169800666342, "target": 55, "value": 2.0, "supply": [{"l": "Sesame seed", "v": 2.0}]}, {"source": 103, "prod": 0.21684004012593242, "target": 90, "value": 54.0, "supply": [{"l": "Soyabeans", "v": 54.0}]}, {"source": 103, "prod": 0.11070337560532352, "target": 32, "value": 133.0, "supply": [{"l": "Sweet potatoes", "v": 133.0}]}, {"source": 103, "prod": 0.11568836607916484, "target": 91, "value": 372.0, "supply": [{"l": "Sugar cane", "v": 372.0}]}, {"source": 103, "prod": 18.364928582843163, "target": 58, "value": 24573.0, "supply": [{"l": "Grapes", "v": 24573.0}]}, {"source": 103, "prod": 0.095855214870483874, "target": 59, "value": 14.0, "supply": [{"l": "Groundnuts", "v": 14.0}]}, {"source": 103, "prod": 1.3887268782970716, "target": 15, "value": 229.0, "supply": [{"l": "Oilcrops, Other", "v": 229.0}]}, {"source": 103, "prod": 3.5226443322475931, "target": 16, "value": 1632.0, "supply": [{"l": "Oats", "v": 1632.0}]}, {"source": 103, "prod": 0.63490683936573922, "target": 17, "value": 344.0, "supply": [{"l": "Cottonseed", "v": 344.0}]}, {"source": 103, "prod": 10.548113297958485, "target": 18, "value": 13510.0, "supply": [{"l": "Potatoes", "v": 13510.0}]}, {"source": 103, "prod": 0.10122732031926923, "target": 68, "value": 31.0, "supply": [{"l": "Pimento", "v": 31.0}]}, {"source": 103, "prod": 0.15688105042467393, "target": 61, "value": 85.0, "supply": [{"l": "Rape and Mustardseed", "v": 85.0}]}, {"source": 103, "prod": 0.026731111060000003, "target": 70, "value": 23.0, "supply": [{"l": "Grapefruit", "v": 23.0}]}, {"source": 103, "prod": 0.0018456594167608697, "target": 75, "value": 2.0, "supply": [{"l": "Pineapples", "v": 2.0}]}, {"source": 103, "prod": 1.5428542939983485, "target": 20, "value": 397.0, "supply": [{"l": "Beans", "v": 397.0}]}, {"source": 103, "prod": 2.9816672032303355, "target": 33, "value": 734.0, "supply": [{"l": "Pulses, Other", "v": 734.0}]}, {"source": 103, "prod": 32.054088827600005, "target": 23, "value": 27580.0, "supply": [{"l": "Sugar beet", "v": 27580.0}]}, {"source": 103, "prod": 0.22708058544645199, "target": 72, "value": 1225.0, "supply": [{"l": "Lemons, Limes", "v": 1225.0}]}, {"source": 103, "prod": 0.88232598807404439, "target": 25, "value": 290.0, "supply": [{"l": "Sorghum", "v": 290.0}]}, {"source": 103, "prod": 0.37400060560673276, "target": 28, "value": 511.0, "supply": [{"l": "Bananas", "v": 511.0}]}, {"source": 103, "prod": 0.034233827905811316, "target": 77, "value": 52.0, "supply": [{"l": "Citrus, Other", "v": 52.0}]}, {"source": 103, "prod": 0.024762597174875004, "target": 78, "value": 7.0, "supply": [{"l": "Spices, Other", "v": 7.0}]}, {"source": 103, "prod": 4.1168953041717229, "target": 4, "value": 7040.0, "supply": [{"l": "Fruits, Other", "v": 7040.0}]}, {"source": 103, "prod": 0.020711949410947256, "target": 30, "value": 6.0, "supply": [{"l": "Millet", "v": 6.0}]}, {"source": 103, "prod": 2.1034830445307988, "target": 83, "value": 5307.0, "supply": [{"l": "Oranges, Mandarines", "v": 5307.0}]}, {"source": 103, "prod": 0.88728730157490732, "target": 87, "value": 1970.0, "supply": [{"l": "Onions", "v": 1970.0}]}, {"source": 1, "prod": 3.4417365786654646, "target": 81, "value": 2375.0, "supply": [{"l": "Poultry Meat", "v": 2375.0}]}, {"source": 1, "prod": 6.9883627340238021, "target": 65, "value": 3742.0, "supply": [{"l": "Pigmeat", "v": 3742.0}]}, {"source": 1, "prod": 2.2833944606340451, "target": 27, "value": 1956.0, "supply": [{"l": "Pelagic Fish", "v": 1956.0}]}, {"source": 1, "prod": 0.062848298581129877, "target": 67, "value": 114.0, "supply": [{"l": "Freshwater Fish", "v": 114.0}]}, {"source": 1, "prod": 0.063966004443904115, "target": 53, "value": 110.0, "supply": [{"l": "Crustaceans", "v": 110.0}]}, {"source": 1, "prod": 2.7310456658758855, "target": 54, "value": 1667.0, "supply": [{"l": "Eggs", "v": 1781.0}]}, {"source": 1, "prod": 0.13813701749543852, "target": 80, "value": 397.0, "supply": [{"l": "Molluscs, Other", "v": 397.0}]}, {"source": 1, "prod": 0.010155273085142141, "target": 96, "value": 15.0, "supply": [{"l": "Aquatic Plants", "v": 15.0}]}, {"source": 1, "prod": 19.808218337071025, "target": 19, "value": 34840.0, "supply": [{"l": "Milk - Excluding Butter", "v": 34840.0}]}, {"source": 1, "prod": 0.67701688443270325, "target": 31, "value": 535.0, "supply": [{"l": "Offals, Edible", "v": 535.0}]}, {"source": 1, "prod": 0.32286042191788739, "target": 14, "value": 405.0, "supply": [{"l": "Marine Fish, Other", "v": 405.0}]}, {"source": 1, "prod": 0.010832291290818285, "target": 95, "value": 16.0, "supply": [{"l": "Aquatic Products, Other", "v": 16.0}]}, {"source": 1, "prod": 3.1391815281803432, "target": 22, "value": 4226.0, "supply": [{"l": "Fish, Seafood", "v": 4226.0}]}, {"source": 1, "prod": 5.3726378672232231, "target": 84, "value": 2727.0, "supply": [{"l": "Bovine Meat", "v": 2727.0}]}, {"source": 1, "prod": 0.59071847533825328, "target": 82, "value": 956.0, "supply": [{"l": "Demersal Fish", "v": 956.0}]}, {"source": 1, "prod": 0.54845023588513597, "target": 24, "value": 412.0, "supply": [{"l": "Meat, Other", "v": 412.0}]}, {"source": 1, "prod": 0.21053319612924279, "target": 56, "value": 286.0, "supply": [{"l": "Cephalopods", "v": 286.0}]}, {"source": 1, "prod": 1.2592738528930703, "target": 73, "value": 493.0, "supply": [{"l": "Mutton & Goat Meat", "v": 493.0}]}, {"source": 89, "prod": 0.31187690580938926, "target": 94, "value": 394.0, "supply": [{"l": "Alcohol, Non-Food", "v": 394.0}]}, {"source": 89, "prod": 16.699672112806304, "target": 5, "value": 4983.0, "supply": [{"l": "Sugar", "v": 4983.0}]}, {"source": 89, "prod": 1.0532230520402432, "target": 42, "value": 102.0, "supply": [{"l": "Maize Germ Oil", "v": 102.0}]}, {"source": 89, "prod": 2.8082398652846119, "target": 43, "value": 4881.0, "supply": [{"l": "Beer", "v": 4881.0}]}, {"source": 89, "prod": 0.62122195003170722, "target": 44, "value": 60.0, "supply": [{"l": "Groundnut Oil", "v": 60.0}]}, {"source": 89, "prod": 3.158633131084295, "target": 45, "value": 927.0, "supply": [{"l": "Beverages, Alcoholic", "v": 927.0}]}, {"source": 89, "prod": 1.4857558304925003, "target": 48, "value": 175.0, "supply": [{"l": "Butter, Ghee", "v": 175.0}]}, {"source": 89, "prod": 10.18728024599498, "target": 10, "value": 1219.0, "supply": [{"l": "Fats, Animals, Raw", "v": 1219.0}]}, {"source": 89, "prod": 10.850665799833505, "target": 50, "value": 1053.0, "supply": [{"l": "Soyabean Oil", "v": 1053.0}]}, {"source": 89, "prod": 1.551360633397364, "target": 60, "value": 134.0, "supply": [{"l": "Palm Oil", "v": 134.0}]}, {"source": 89, "prod": 7.4470531546557233, "target": 63, "value": 721.0, "supply": [{"l": "Sunflowerseed Oil", "v": 721.0}]}, {"source": 89, "prod": 18.457725034072148, "target": 64, "value": 1791.0, "supply": [{"l": "Olive Oil", "v": 1791.0}]}, {"source": 89, "prod": 0.85226872913965412, "target": 57, "value": 87.0, "supply": [{"l": "Coconut Oil", "v": 87.0}]}, {"source": 89, "prod": 1.3915164606726902, "target": 71, "value": 149.0, "supply": [{"l": "Rape and Mustard Oil", "v": 149.0}]}, {"source": 89, "prod": 1.963320204579375, "target": 41, "value": 185.0, "supply": [{"l": "Oilcrops Oil, Other", "v": 185.0}]}, {"source": 89, "prod": 12.065836739219597, "target": 62, "value": 15243.0, "supply": [{"l": "Wine", "v": 15243.0}]}, {"source": 89, "prod": 1.038396382629923, "target": 74, "value": 318.0, "supply": [{"l": "Sweeteners, Other", "v": 318.0}]}, {"source": 89, "prod": 0.074287791524625002, "target": 46, "value": 7.0, "supply": [{"l": "Sesameseed Oil", "v": 7.0}]}, {"source": 89, "prod": 0.024227656051236588, "target": 76, "value": 39.0, "supply": [{"l": "Beverages, Fermented", "v": 39.0}]}, {"source": 89, "prod": 0.25470099951299996, "target": 29, "value": 24.0, "supply": [{"l": "Fish, Body Oil", "v": 24.0}]}, {"source": 89, "prod": 0.18767442069378951, "target": 47, "value": 56.0, "supply": [{"l": "Honey", "v": 56.0}]}, {"source": 89, "prod": 0.39555837045579556, "target": 85, "value": 41.0, "supply": [{"l": "Cottonseed Oil", "v": 41.0}]}, {"source": 89, "prod": 0.25470099951300001, "target": 86, "value": 24.0, "supply": [{"l": "Palmkernel Oil", "v": 24.0}]}, {"source": 89, "prod": 0.23428193204149372, "target": 88, "value": 109.0, "supply": [{"l": "Cream", "v": 109.0}]}, {"source": 103, "prod": 0.046309272638727972, "target": 104, "value": 10.909090909091073, "supply": [{"l": "Oil Palm", "v": 10.909090909091073}]}, {"source": 104, "prod": 0.046309272638727972, "target": 89, "value": 10.909090909091073, "supply": [{"l": "Oil Palm", "v": 10.909090909091073}]}]}