{"nodes": [{"layer": 5, "name": "Maize"}, {"layer": 10, "name": "Feed", "fill": "#dbdb8d"}, {"layer": 5, "name": "Roots, Other"}, {"layer": 5, "name": "Rye"}, {"layer": 5, "name": "Fruits, Other"}, {"layer": 13, "name": "Sugar", "fill": "#d6616b"}, {"layer": 5, "name": "Barley"}, {"layer": 5, "name": "Rice"}, {"layer": 5, "name": "Tomatoes"}, {"layer": 5, "name": "Sunflower seed"}, {"layer": 13, "name": "Fats, Animals, Raw"}, {"layer": 5, "name": "Wheat"}, {"layer": 5, "name": "Vegetables, Other"}, {"layer": 5, "name": "Peas"}, {"layer": 5, "name": "Oilcrops, Other"}, {"layer": 5, "name": "Oats"}, {"layer": 5, "name": "Soyabeans"}, {"layer": 5, "name": "Potatoes"}, {"layer": 13, "name": "Milk - Excluding Butter"}, {"layer": 5, "name": "Beans"}, {"layer": 5, "name": "Apples"}, {"layer": 13, "name": "Fish, Seafood"}, {"layer": 5, "name": "Sugar beet"}, {"layer": 13, "name": "Meat, Other"}, {"layer": 5, "name": "Sorghum"}, {"layer": 5, "name": "Cereals, Other"}, {"layer": 13, "name": "Pelagic Fish"}, {"layer": 5, "name": "Bananas"}, {"layer": 13, "name": "Fish, Body Oil"}, {"layer": 5, "name": "Millet"}, {"layer": 13, "name": "Offals, Edible"}, {"layer": 5, "name": "Sweet potatoes"}, {"layer": 5, "name": "Pulses, Other"}, {"layer": 5, "name": "Cassava"}, {"layer": 16, "name": "Food", "fill": "#b5cf6b"}, {"layer": 5, "name": "Olives"}, {"layer": 5, "name": "Infant food"}, {"layer": 5, "name": "Nuts"}, {"layer": 5, "name": "Dates"}, {"layer": 5, "name": "Yams"}, {"layer": 13, "name": "Oilcrops Oil, Other"}, {"layer": 13, "name": "Maize Germ Oil"}, {"layer": 13, "name": "Beer"}, {"layer": 13, "name": "Groundnut Oil"}, {"layer": 13, "name": "Beverages, Alcoholic"}, {"layer": 13, "name": "Sesameseed Oil"}, {"layer": 13, "name": "Honey"}, {"layer": 13, "name": "Butter, Ghee"}, {"layer": 5, "name": "Coffee"}, {"layer": 13, "name": "Soyabean Oil"}, {"layer": 5, "name": "Coconuts - Incl Copra"}, {"layer": 5, "name": "Treenuts"}, {"layer": 13, "name": "Crustaceans"}, {"layer": 13, "name": "Eggs"}, {"layer": 5, "name": "Sesame seed"}, {"layer": 13, "name": "Cephalopods"}, {"layer": 13, "name": "Coconut Oil"}, {"layer": 13, "name": "Marine Fish, Other"}, {"layer": 5, "name": "Grapes"}, {"layer": 5, "name": "Groundnuts"}, {"layer": 13, "name": "Palm Oil"}, {"layer": 5, "name": "Rape and Mustardseed"}, {"layer": 13, "name": "Wine"}, {"layer": 13, "name": "Sunflowerseed Oil"}, {"layer": 13, "name": "Olive Oil"}, {"layer": 13, "name": "Pigmeat"}, {"layer": 5, "name": "Cocoa Beans"}, {"layer": 13, "name": "Freshwater Fish"}, {"layer": 5, "name": "Pimento"}, {"layer": 5, "name": "Pepper"}, {"layer": 5, "name": "Grapefruit"}, {"layer": 13, "name": "Rape and Mustard Oil"}, {"layer": 5, "name": "Lemons, Limes"}, {"layer": 13, "name": "Mutton & Goat Meat"}, {"layer": 13, "name": "Sweeteners, Other"}, {"layer": 5, "name": "Pineapples"}, {"layer": 13, "name": "Beverages, Fermented"}, {"layer": 5, "name": "Citrus, Other"}, {"layer": 5, "name": "Spices, Other"}, {"layer": 5, "name": "Tea"}, {"layer": 13, "name": "Molluscs, Other"}, {"layer": 13, "name": "Aquatic Animals, Others"}, {"layer": 13, "name": "Fish, Liver Oil"}, {"layer": 13, "name": "Poultry Meat"}, {"layer": 13, "name": "Demersal Fish"}, {"layer": 5, "name": "Oranges, Mandarines"}, {"layer": 13, "name": "Bovine Meat"}, {"layer": 13, "name": "Cottonseed Oil"}, {"layer": 13, "name": "Palmkernel Oil"}, {"layer": 13, "name": "Cream"}, {"layer": 5, "name": "Onions"}, {"layer": 13, "name": "Aquatic Products, Other"}, {"layer": 10, "name": "Processing", "fill": "#9edae5"}, {"layer": 5, "name": "Cottonseed"}, {"layer": 5, "name": "Sugar cane"}, {"layer": 5, "name": "Palm kernels"}, {"layer": 16, "name": "Biofuels & Other", "fill": "#e7ba52"}, {"layer": 13, "name": "Alcohol, Non-Food"}, {"layer": 13, "name": "Aquatic Plants"}, {"name": "Seed", "fill": "#dbdb8d"}, {"name": "Waste", "fill": "#c7c7c7"}, {"layer": 0, "name": "Import", "fill": "#aec7e8"}, {"layer": 16, "name": "Export", "fill": "#aec7e8"}, {"layer": 0, "name": "Stock Draw", "fill": "#c7c7c7"}, {"layer": 16, "name": "Stock Deposit", "fill": "#c7c7c7"}, {"layer": 0, "name": "Production", "fill": "#b5cf6b"}], "links": [{"source": 0, "prod": 82.859360503711699, "target": 1, "value": 23347.0, "supply": [{"l": "Maize", "v": 23347.0}]}, {"source": 2, "prod": 0.0058822661075059787, "target": 1, "value": 7.0, "supply": [{"l": "Roots, Other", "v": 7.0}]}, {"source": 3, "prod": 0.41589690235793919, "target": 1, "value": 145.0, "supply": [{"l": "Rye", "v": 145.0}]}, {"source": 4, "prod": 0.020178776369867958, "target": 1, "value": 33.0, "supply": [{"l": "Fruits, Other", "v": 33.0}]}, {"source": 5, "prod": 0.0036913188335217393, "target": 1, "value": 1.0, "supply": [{"l": "Sugar", "v": 1.0}]}, {"source": 6, "prod": 19.635355315113305, "target": 1, "value": 7979.0, "supply": [{"l": "Barley", "v": 7979.0}]}, {"source": 7, "prod": 0.012835722307473324, "target": 1, "value": 3.0, "supply": [{"l": "Rice", "v": 3.0}]}, {"source": 8, "prod": 0.015212084382619945, "target": 1, "value": 72.0, "supply": [{"l": "Tomatoes", "v": 72.0}]}, {"source": 9, "prod": 0.077182121064545459, "target": 1, "value": 20.0, "supply": [{"l": "Sunflower seed", "v": 20.0}]}, {"source": 10, "prod": 0.43328445894165518, "target": 1, "value": 52.0, "supply": [{"l": "Fats, Animals, Raw", "v": 52.0}]}, {"source": 11, "prod": 3.669594104480455, "target": 1, "value": 1195.0, "supply": [{"l": "Wheat", "v": 1195.0}]}, {"source": 12, "prod": 0.35567406751331909, "target": 1, "value": 1372.0, "supply": [{"l": "Vegetables, Other", "v": 1372.0}]}, {"source": 13, "prod": 0.0039797031173906252, "target": 1, "value": 1.0, "supply": [{"l": "Peas", "v": 1.0}]}, {"source": 14, "prod": 0.0094333703523333343, "target": 1, "value": 2.0, "supply": [{"l": "Oilcrops, Other", "v": 2.0}]}, {"source": 15, "prod": 4.1614639497150474, "target": 1, "value": 1544.0, "supply": [{"l": "Oats", "v": 1544.0}]}, {"source": 16, "prod": 0.0037287308487263513, "target": 1, "value": 1.0, "supply": [{"l": "Soyabeans", "v": 1.0}]}, {"source": 17, "prod": 1.2167130459910398, "target": 1, "value": 1565.0, "supply": [{"l": "Potatoes", "v": 1565.0}]}, {"source": 18, "prod": 2.4203241268809341, "target": 1, "value": 4060.0, "supply": [{"l": "Milk - Excluding Butter", "v": 4060.0}]}, {"source": 19, "prod": 0.030785389931694055, "target": 1, "value": 8.0, "supply": [{"l": "Beans", "v": 8.0}]}, {"source": 20, "prod": 0.10736483738595441, "target": 1, "value": 189.0, "supply": [{"l": "Apples", "v": 189.0}]}, {"source": 21, "prod": 0.86217445257929559, "target": 1, "value": 1211.0, "supply": [{"l": "Fish, Seafood", "v": 1211.0}]}, {"source": 22, "prod": 1.2424155531800001, "target": 1, "value": 1069.0, "supply": [{"l": "Sugar beet", "v": 1069.0}]}, {"source": 23, "prod": 0.002572737368818182, "target": 1, "value": 2.0, "supply": [{"l": "Meat, Other", "v": 2.0}]}, {"source": 24, "prod": 2.6711001034045974, "target": 1, "value": 807.0, "supply": [{"l": "Sorghum", "v": 807.0}]}, {"source": 25, "prod": 0.16449439551881251, "target": 1, "value": 31.0, "supply": [{"l": "Cereals, Other", "v": 31.0}]}, {"source": 26, "prod": 1.4950625784239966, "target": 1, "value": 1211.0, "supply": [{"l": "Pelagic Fish", "v": 1211.0}]}, {"source": 27, "prod": 0.00068468010621774197, "target": 1, "value": 1.0, "supply": [{"l": "Bananas", "v": 1.0}]}, {"source": 28, "prod": 0.0034866666600000002, "target": 1, "value": 3.0, "supply": [{"l": "Fish, Body Oil", "v": 3.0}]}, {"source": 29, "prod": 0.073753346981282372, "target": 1, "value": 21.0, "supply": [{"l": "Millet", "v": 21.0}]}, {"source": 30, "prod": 0.0081921374112368436, "target": 1, "value": 6.0, "supply": [{"l": "Offals, Edible", "v": 6.0}]}, {"source": 31, "prod": 0.050578921889106392, "target": 1, "value": 56.0, "supply": [{"l": "Sweet potatoes", "v": 56.0}]}, {"source": 32, "prod": 2.25272708353052, "target": 1, "value": 561.0, "supply": [{"l": "Pulses, Other", "v": 561.0}]}, {"source": 33, "prod": 0.040335539022898138, "target": 1, "value": 48.0, "supply": [{"l": "Cassava", "v": 48.0}]}, {"source": 0, "prod": 4.3227267354915346, "target": 34, "value": 1218.0, "supply": [{"l": "Maize", "v": 1218.0}]}, {"source": 35, "prod": 0.33714045346165222, "target": 34, "value": 274.0, "supply": [{"l": "Olives", "v": 274.0}]}, {"source": 36, "prod": 0.05788659079840909, "target": 34, "value": 15.0, "supply": [{"l": "Infant food", "v": 15.0}]}, {"source": 3, "prod": 0.8432668227119593, "target": 34, "value": 294.0, "supply": [{"l": "Rye", "v": 294.0}]}, {"source": 37, "prod": 1.6294776154244159, "target": 34, "value": 683.0, "supply": [{"l": "Nuts", "v": 683.0}]}, {"source": 38, "prod": 0.057610940366035729, "target": 34, "value": 19.0, "supply": [{"l": "Dates", "v": 19.0}]}, {"source": 39, "prod": 0.0016806474592874227, "target": 34, "value": 2.0, "supply": [{"l": "Yams", "v": 2.0}]}, {"source": 5, "prod": 14.481043783905784, "target": 34, "value": 3923.0, "supply": [{"l": "Sugar", "v": 3923.0}]}, {"source": 40, "prod": 0.39620155479800007, "target": 34, "value": 36.0, "supply": [{"l": "Oilcrops Oil, Other", "v": 36.0}]}, {"source": 41, "prod": 0.38342085948193549, "target": 34, "value": 40.0, "supply": [{"l": "Maize Germ Oil", "v": 40.0}]}, {"source": 42, "prod": 2.0222061439497985, "target": 34, "value": 3545.0, "supply": [{"l": "Beer", "v": 3545.0}]}, {"source": 43, "prod": 1.0015944710578786, "target": 34, "value": 97.0, "supply": [{"l": "Groundnut Oil", "v": 97.0}]}, {"source": 44, "prod": 1.5157723684035489, "target": 34, "value": 447.0, "supply": [{"l": "Beverages, Alcoholic", "v": 447.0}]}, {"source": 6, "prod": 0.22640088845600001, "target": 34, "value": 92.0, "supply": [{"l": "Barley", "v": 92.0}]}, {"source": 20, "prod": 1.235547731822491, "target": 34, "value": 2175.0, "supply": [{"l": "Apples", "v": 2175.0}]}, {"source": 45, "prod": 0.16208245423554549, "target": 34, "value": 14.0, "supply": [{"l": "Sesameseed Oil", "v": 14.0}]}, {"source": 46, "prod": 0.11073956500565219, "target": 34, "value": 30.0, "supply": [{"l": "Honey", "v": 30.0}]}, {"source": 7, "prod": 2.8666446486690416, "target": 34, "value": 670.0, "supply": [{"l": "Rice", "v": 670.0}]}, {"source": 47, "prod": 1.3474504490365162, "target": 34, "value": 164.0, "supply": [{"l": "Butter, Ghee", "v": 164.0}]}, {"source": 8, "prod": 1.4043711790454834, "target": 34, "value": 6647.0, "supply": [{"l": "Tomatoes", "v": 6647.0}]}, {"source": 10, "prod": 4.1495319337104668, "target": 34, "value": 498.0, "supply": [{"l": "Fats, Animals, Raw", "v": 498.0}]}, {"source": 48, "prod": 0.16821670490224258, "target": 34, "value": 354.0, "supply": [{"l": "Coffee", "v": 354.0}]}, {"source": 11, "prod": 60.267325434755996, "target": 34, "value": 19626.0, "supply": [{"l": "Wheat", "v": 19626.0}]}, {"source": 49, "prod": 5.4390067918391756, "target": 34, "value": 531.0, "supply": [{"l": "Soyabean Oil", "v": 531.0}]}, {"source": 50, "prod": 0.054336213229440003, "target": 34, "value": 32.0, "supply": [{"l": "Coconuts - Incl Copra", "v": 32.0}]}, {"source": 51, "prod": 1.6294776154244159, "target": 34, "value": 683.0, "supply": [{"l": "Treenuts", "v": 683.0}]}, {"source": 52, "prod": 0.055755442679462697, "target": 34, "value": 88.0, "supply": [{"l": "Crustaceans", "v": 88.0}]}, {"source": 53, "prod": 2.4152890664054318, "target": 34, "value": 1478.0, "supply": [{"l": "Eggs", "v": 1478.0}]}, {"source": 12, "prod": 3.5948486109381896, "target": 34, "value": 13867.0, "supply": [{"l": "Vegetables, Other", "v": 13867.0}]}, {"source": 13, "prod": 0.16714753093040627, "target": 34, "value": 42.0, "supply": [{"l": "Peas", "v": 42.0}]}, {"source": 54, "prod": 0.050940199902600007, "target": 34, "value": 6.0, "supply": [{"l": "Sesame seed", "v": 6.0}]}, {"source": 55, "prod": 0.16840427928326643, "target": 34, "value": 201.0, "supply": [{"l": "Cephalopods", "v": 201.0}]}, {"source": 56, "prod": 0.22640088845600001, "target": 34, "value": 24.0, "supply": [{"l": "Coconut Oil", "v": 24.0}]}, {"source": 57, "prod": 0.16818571435233426, "target": 34, "value": 243.0, "supply": [{"l": "Marine Fish, Other", "v": 243.0}]}, {"source": 58, "prod": 1.1792872125756571, "target": 34, "value": 1561.0, "supply": [{"l": "Grapes", "v": 1561.0}]}, {"source": 59, "prod": 0.2765692671479546, "target": 34, "value": 43.0, "supply": [{"l": "Groundnuts", "v": 43.0}]}, {"source": 60, "prod": 0.10376707387566668, "target": 34, "value": 11.0, "supply": [{"l": "Palm Oil", "v": 11.0}]}, {"source": 61, "prod": 0.0081298500854654569, "target": 34, "value": 2.0, "supply": [{"l": "Rape and Mustardseed", "v": 2.0}]}, {"source": 62, "prod": 7.6380771325041392, "target": 34, "value": 9662.0, "supply": [{"l": "Wine", "v": 9662.0}]}, {"source": 63, "prod": 3.8177762722701294, "target": 34, "value": 369.0, "supply": [{"l": "Sunflowerseed Oil", "v": 369.0}]}, {"source": 15, "prod": 0.0026952486720952383, "target": 34, "value": 1.0, "supply": [{"l": "Oats", "v": 1.0}]}, {"source": 64, "prod": 12.069582595298955, "target": 34, "value": 1173.0, "supply": [{"l": "Olive Oil", "v": 1173.0}]}, {"source": 65, "prod": 4.6071988128313137, "target": 34, "value": 2528.0, "supply": [{"l": "Pigmeat", "v": 2528.0}]}, {"source": 66, "prod": 0.16756644704802631, "target": 34, "value": 100.0, "supply": [{"l": "Cocoa Beans", "v": 100.0}]}, {"source": 17, "prod": 6.9084422534673342, "target": 34, "value": 8886.0, "supply": [{"l": "Potatoes", "v": 8886.0}]}, {"source": 67, "prod": 0.05589271933757501, "target": 34, "value": 79.0, "supply": [{"l": "Freshwater Fish", "v": 79.0}]}, {"source": 68, "prod": 0.054027484745181827, "target": 34, "value": 14.0, "supply": [{"l": "Pimento", "v": 14.0}]}, {"source": 69, "prod": 0.0069733333200000004, "target": 34, "value": 6.0, "supply": [{"l": "Pepper", "v": 6.0}]}, {"source": 70, "prod": 0.061597777660000005, "target": 34, "value": 53.0, "supply": [{"l": "Grapefruit", "v": 53.0}]}, {"source": 71, "prod": 0.5125081087761586, "target": 34, "value": 55.0, "supply": [{"l": "Rape and Mustard Oil", "v": 55.0}]}, {"source": 18, "prod": 13.199112436766198, "target": 34, "value": 22141.0, "supply": [{"l": "Milk - Excluding Butter", "v": 22141.0}]}, {"source": 26, "prod": 0.72963004446621138, "target": 34, "value": 591.0, "supply": [{"l": "Pelagic Fish", "v": 591.0}]}, {"source": 19, "prod": 1.7932489635211786, "target": 34, "value": 466.0, "supply": [{"l": "Beans", "v": 466.0}]}, {"source": 32, "prod": 1.1805735517967433, "target": 34, "value": 294.0, "supply": [{"l": "Pulses, Other", "v": 294.0}]}, {"source": 21, "prod": 1.7976800105389938, "target": 34, "value": 2525.0, "supply": [{"l": "Fish, Seafood", "v": 2525.0}]}, {"source": 23, "prod": 0.39234244874477275, "target": 34, "value": 305.0, "supply": [{"l": "Meat, Other", "v": 305.0}]}, {"source": 72, "prod": 0.11234448623761814, "target": 34, "value": 700.0, "supply": [{"l": "Lemons, Limes", "v": 700.0}]}, {"source": 25, "prod": 0.058368979055062498, "target": 34, "value": 11.0, "supply": [{"l": "Cereals, Other", "v": 11.0}]}, {"source": 73, "prod": 1.0669762874060786, "target": 34, "value": 422.0, "supply": [{"l": "Mutton & Goat Meat", "v": 422.0}]}, {"source": 74, "prod": 0.1678711133153864, "target": 34, "value": 58.0, "supply": [{"l": "Sweeteners, Other", "v": 58.0}]}, {"source": 75, "prod": 0.011245077241192052, "target": 34, "value": 40.0, "supply": [{"l": "Pineapples", "v": 40.0}]}, {"source": 27, "prod": 0.50529391838869353, "target": 34, "value": 738.0, "supply": [{"l": "Bananas", "v": 738.0}]}, {"source": 76, "prod": 0.027739712818247525, "target": 34, "value": 44.0, "supply": [{"l": "Beverages, Fermented", "v": 44.0}]}, {"source": 77, "prod": 0.018344342154425416, "target": 34, "value": 30.0, "supply": [{"l": "Citrus, Other", "v": 30.0}]}, {"source": 78, "prod": 0.026810631527684217, "target": 34, "value": 6.0, "supply": [{"l": "Spices, Other", "v": 6.0}]}, {"source": 79, "prod": 0.0064525587072225069, "target": 34, "value": 6.0, "supply": [{"l": "Tea", "v": 6.0}]}, {"source": 4, "prod": 2.527238870808008, "target": 34, "value": 4133.0, "supply": [{"l": "Fruits, Other", "v": 4133.0}]}, {"source": 80, "prod": 0.056306956714445598, "target": 34, "value": 256.0, "supply": [{"l": "Molluscs, Other", "v": 256.0}]}, {"source": 81, "prod": 0.00069981252885516307, "target": 34, "value": 1.0, "supply": [{"l": "Aquatic Animals, Others", "v": 1.0}]}, {"source": 82, "prod": 0.0011622222200000001, "target": 34, "value": 1.0, "supply": [{"l": "Fish, Liver Oil", "v": 1.0}]}, {"source": 83, "prod": 2.7520769537122614, "target": 34, "value": 1892.0, "supply": [{"l": "Poultry Meat", "v": 1892.0}]}, {"source": 30, "prod": 0.61850637454838164, "target": 34, "value": 453.0, "supply": [{"l": "Offals, Edible", "v": 453.0}]}, {"source": 31, "prod": 0.055998092091510639, "target": 34, "value": 62.0, "supply": [{"l": "Sweet potatoes", "v": 62.0}]}, {"source": 84, "prod": 0.50544701456151242, "target": 34, "value": 1065.0, "supply": [{"l": "Demersal Fish", "v": 1065.0}]}, {"source": 85, "prod": 1.123345159341836, "target": 34, "value": 2854.0, "supply": [{"l": "Oranges, Mandarines", "v": 2854.0}]}, {"source": 86, "prod": 4.5491699139821904, "target": 34, "value": 2310.0, "supply": [{"l": "Bovine Meat", "v": 2310.0}]}, {"source": 87, "prod": 0.28300111057000005, "target": 34, "value": 28.0, "supply": [{"l": "Cottonseed Oil", "v": 28.0}]}, {"source": 88, "prod": 0.070750277642500012, "target": 34, "value": 5.0, "supply": [{"l": "Palmkernel Oil", "v": 5.0}]}, {"source": 89, "prod": 0.16730359771932352, "target": 34, "value": 67.0, "supply": [{"l": "Cream", "v": 67.0}]}, {"source": 90, "prod": 0.61783448976070121, "target": 34, "value": 1339.0, "supply": [{"l": "Onions", "v": 1339.0}]}, {"source": 91, "prod": 0.00069981252885516307, "target": 34, "value": 1.0, "supply": [{"l": "Aquatic Products, Other", "v": 1.0}]}, {"source": 0, "prod": 1.2953984059560018, "target": 92, "value": 365.0, "supply": [{"l": "Maize", "v": 365.0}]}, {"source": 35, "prod": 8.5490944184363471, "target": 92, "value": 6948.0, "supply": [{"l": "Olives", "v": 6948.0}]}, {"source": 4, "prod": 0.34548511057501202, "target": 92, "value": 565.0, "supply": [{"l": "Fruits, Other", "v": 565.0}]}, {"source": 5, "prod": 0.0036913188335217393, "target": 92, "value": 1.0, "supply": [{"l": "Sugar", "v": 1.0}]}, {"source": 6, "prod": 1.7644504024233911, "target": 92, "value": 717.0, "supply": [{"l": "Barley", "v": 717.0}]}, {"source": 7, "prod": 0.059900037434875507, "target": 92, "value": 14.0, "supply": [{"l": "Rice", "v": 14.0}]}, {"source": 9, "prod": 3.2648037210302725, "target": 92, "value": 846.0, "supply": [{"l": "Sunflower seed", "v": 846.0}]}, {"source": 10, "prod": 0.25830419667675597, "target": 92, "value": 31.0, "supply": [{"l": "Fats, Animals, Raw", "v": 31.0}]}, {"source": 11, "prod": 0.31322058465021457, "target": 92, "value": 102.0, "supply": [{"l": "Wheat", "v": 102.0}]}, {"source": 50, "prod": 0.16810265967858001, "target": 92, "value": 99.0, "supply": [{"l": "Coconuts - Incl Copra", "v": 99.0}]}, {"source": 12, "prod": 0.031886232000100767, "target": 92, "value": 123.0, "supply": [{"l": "Vegetables, Other", "v": 123.0}]}, {"source": 54, "prod": 0.25470099951300001, "target": 92, "value": 30.0, "supply": [{"l": "Sesame seed", "v": 30.0}]}, {"source": 93, "prod": 1.5202819659820404, "target": 92, "value": 374.0, "supply": [{"l": "Cottonseed", "v": 374.0}]}, {"source": 58, "prod": 13.131563311332528, "target": 92, "value": 17382.0, "supply": [{"l": "Grapes", "v": 17382.0}]}, {"source": 59, "prod": 0.84257148828795481, "target": 92, "value": 131.0, "supply": [{"l": "Groundnuts", "v": 131.0}]}, {"source": 14, "prod": 1.3348219048551671, "target": 92, "value": 283.0, "supply": [{"l": "Oilcrops, Other", "v": 283.0}]}, {"source": 62, "prod": 0.96523413152427606, "target": 92, "value": 1221.0, "supply": [{"l": "Wine", "v": 1221.0}]}, {"source": 65, "prod": 0.0018224678848225134, "target": 92, "value": 1.0, "supply": [{"l": "Pigmeat", "v": 1.0}]}, {"source": 66, "prod": 0.0067026578819210534, "target": 92, "value": 4.0, "supply": [{"l": "Cocoa Beans", "v": 4.0}]}, {"source": 16, "prod": 11.428560051346267, "target": 92, "value": 3065.0, "supply": [{"l": "Soyabeans", "v": 3065.0}]}, {"source": 17, "prod": 0.011661786383300701, "target": 92, "value": 15.0, "supply": [{"l": "Potatoes", "v": 15.0}]}, {"source": 18, "prod": 0.0017884168425228578, "target": 92, "value": 3.0, "supply": [{"l": "Milk - Excluding Butter", "v": 3.0}]}, {"source": 20, "prod": 0.1232707392209106, "target": 92, "value": 217.0, "supply": [{"l": "Apples", "v": 217.0}]}, {"source": 22, "prod": 28.819624389340003, "target": 92, "value": 24797.0, "supply": [{"l": "Sugar beet", "v": 24797.0}]}, {"source": 40, "prod": 0.022011197488777778, "target": 92, "value": 2.0, "supply": [{"l": "Oilcrops Oil, Other", "v": 2.0}]}, {"source": 94, "prod": 0.11538727099149546, "target": 92, "value": 299.0, "supply": [{"l": "Sugar cane", "v": 299.0}]}, {"source": 83, "prod": 0.0014545861277548951, "target": 92, "value": 1.0, "supply": [{"l": "Poultry Meat", "v": 1.0}]}, {"source": 61, "prod": 0.13820745145291274, "target": 92, "value": 34.0, "supply": [{"l": "Rape and Mustardseed", "v": 34.0}]}, {"source": 95, "prod": 0.040649250427327283, "target": 92, "value": 10.0, "supply": [{"l": "Palm kernels", "v": 10.0}]}, {"source": 0, "prod": 2.5233651140677185, "target": 96, "value": 711.0, "supply": [{"l": "Maize", "v": 711.0}]}, {"source": 97, "prod": 0.23083404291981047, "target": 96, "value": 292.0, "supply": [{"l": "Alcohol, Non-Food", "v": 292.0}]}, {"source": 37, "prod": 0.033400712468436046, "target": 96, "value": 14.0, "supply": [{"l": "Nuts", "v": 14.0}]}, {"source": 5, "prod": 0.2140964923442609, "target": 96, "value": 58.0, "supply": [{"l": "Sugar", "v": 58.0}]}, {"source": 77, "prod": 0.0091721710772127082, "target": 96, "value": 15.0, "supply": [{"l": "Citrus, Other", "v": 15.0}]}, {"source": 42, "prod": 0.055332579961390821, "target": 96, "value": 97.0, "supply": [{"l": "Beer", "v": 97.0}]}, {"source": 43, "prod": 0.041302864785891895, "target": 96, "value": 4.0, "supply": [{"l": "Groundnut Oil", "v": 4.0}]}, {"source": 44, "prod": 1.0851166843157396, "target": 96, "value": 320.0, "supply": [{"l": "Beverages, Alcoholic", "v": 320.0}]}, {"source": 91, "prod": 0.012596625519392937, "target": 96, "value": 18.0, "supply": [{"l": "Aquatic Products, Other", "v": 18.0}]}, {"source": 20, "prod": 0.0062487471494470813, "target": 96, "value": 11.0, "supply": [{"l": "Apples", "v": 11.0}]}, {"source": 7, "prod": 0.038507166922419962, "target": 96, "value": 9.0, "supply": [{"l": "Rice", "v": 9.0}]}, {"source": 8, "prod": 0.0073947632415513618, "target": 96, "value": 35.0, "supply": [{"l": "Tomatoes", "v": 35.0}]}, {"source": 10, "prod": 3.3496221633566421, "target": 96, "value": 402.0, "supply": [{"l": "Fats, Animals, Raw", "v": 402.0}]}, {"source": 48, "prod": 0.00047518843192723885, "target": 96, "value": 1.0, "supply": [{"l": "Coffee", "v": 1.0}]}, {"source": 11, "prod": 0.19038898282660099, "target": 96, "value": 62.0, "supply": [{"l": "Wheat", "v": 62.0}]}, {"source": 49, "prod": 0.16388721030023884, "target": 96, "value": 16.0, "supply": [{"l": "Soyabean Oil", "v": 16.0}]}, {"source": 51, "prod": 0.033400712468436046, "target": 96, "value": 14.0, "supply": [{"l": "Treenuts", "v": 14.0}]}, {"source": 53, "prod": 0.0032683207935120862, "target": 96, "value": 2.0, "supply": [{"l": "Eggs", "v": 2.0}]}, {"source": 12, "prod": 0.01581349717078168, "target": 96, "value": 61.0, "supply": [{"l": "Vegetables, Other", "v": 61.0}]}, {"source": 57, "prod": 0.034606114064266308, "target": 96, "value": 50.0, "supply": [{"l": "Marine Fish, Other", "v": 50.0}]}, {"source": 94, "prod": 0.0015436424212909091, "target": 96, "value": 4.0, "supply": [{"l": "Sugar cane", "v": 4.0}]}, {"source": 58, "prod": 0.021908602924211439, "target": 96, "value": 29.0, "supply": [{"l": "Grapes", "v": 29.0}]}, {"source": 60, "prod": 0.64146918395866681, "target": 96, "value": 68.0, "supply": [{"l": "Palm Oil", "v": 68.0}]}, {"source": 84, "prod": 0.02657749560135652, "target": 96, "value": 56.0, "supply": [{"l": "Demersal Fish", "v": 56.0}]}, {"source": 14, "prod": 0.018866740704666669, "target": 96, "value": 4.0, "supply": [{"l": "Oilcrops, Other", "v": 4.0}]}, {"source": 62, "prod": 0.02371582632737779, "target": 96, "value": 30.0, "supply": [{"l": "Wine", "v": 30.0}]}, {"source": 63, "prod": 0.072423940124365607, "target": 96, "value": 7.0, "supply": [{"l": "Sunflowerseed Oil", "v": 7.0}]}, {"source": 64, "prod": 0.85402843598449552, "target": 96, "value": 83.0, "supply": [{"l": "Olive Oil", "v": 83.0}]}, {"source": 65, "prod": 0.054674036544675404, "target": 96, "value": 30.0, "supply": [{"l": "Pigmeat", "v": 30.0}]}, {"source": 93, "prod": 0.065038800683723655, "target": 96, "value": 16.0, "supply": [{"l": "Cottonseed", "v": 16.0}]}, {"source": 17, "prod": 0.11428550655634688, "target": 96, "value": 147.0, "supply": [{"l": "Potatoes", "v": 147.0}]}, {"source": 56, "prod": 0.35846807338866671, "target": 96, "value": 38.0, "supply": [{"l": "Coconut Oil", "v": 38.0}]}, {"source": 71, "prod": 0.36341484076854874, "target": 96, "value": 39.0, "supply": [{"l": "Rape and Mustard Oil", "v": 39.0}]}, {"source": 18, "prod": 0.31297294744150012, "target": 96, "value": 525.0, "supply": [{"l": "Milk - Excluding Butter", "v": 525.0}]}, {"source": 32, "prod": 0.0040155562986283781, "target": 96, "value": 1.0, "supply": [{"l": "Pulses, Other", "v": 1.0}]}, {"source": 21, "prod": 0.11106458678973585, "target": 96, "value": 156.0, "supply": [{"l": "Fish, Seafood", "v": 156.0}]}, {"source": 40, "prod": 0.91346469578427791, "target": 96, "value": 83.0, "supply": [{"l": "Oilcrops Oil, Other", "v": 83.0}]}, {"source": 72, "prod": 0.0017654133551625708, "target": 96, "value": 11.0, "supply": [{"l": "Lemons, Limes", "v": 11.0}]}, {"source": 73, "prod": 0.010113519311905956, "target": 96, "value": 4.0, "supply": [{"l": "Mutton & Goat Meat", "v": 4.0}]}, {"source": 74, "prod": 0.40231180604894329, "target": 96, "value": 139.0, "supply": [{"l": "Sweeteners, Other", "v": 139.0}]}, {"source": 86, "prod": 0.023632051501206185, "target": 96, "value": 12.0, "supply": [{"l": "Bovine Meat", "v": 12.0}]}, {"source": 4, "prod": 0.0091721710772127082, "target": 96, "value": 15.0, "supply": [{"l": "Fruits, Other", "v": 15.0}]}, {"source": 80, "prod": 0.010997452483290156, "target": 96, "value": 50.0, "supply": [{"l": "Molluscs, Other", "v": 50.0}]}, {"source": 28, "prod": 0.016271111080000001, "target": 96, "value": 14.0, "supply": [{"l": "Fish, Body Oil", "v": 14.0}]}, {"source": 83, "prod": 0.013091275149794057, "target": 96, "value": 9.0, "supply": [{"l": "Poultry Meat", "v": 9.0}]}, {"source": 30, "prod": 0.010922849881649124, "target": 96, "value": 8.0, "supply": [{"l": "Offals, Edible", "v": 8.0}]}, {"source": 98, "prod": 0.012596625519392937, "target": 96, "value": 18.0, "supply": [{"l": "Aquatic Plants", "v": 18.0}]}, {"source": 85, "prod": 0.011020905557663423, "target": 96, "value": 28.0, "supply": [{"l": "Oranges, Mandarines", "v": 28.0}]}, {"source": 87, "prod": 0.25267956300892863, "target": 96, "value": 25.0, "supply": [{"l": "Cottonseed Oil", "v": 25.0}]}, {"source": 88, "prod": 0.21225083292749999, "target": 96, "value": 15.0, "supply": [{"l": "Palmkernel Oil", "v": 15.0}]}, {"source": 90, "prod": 0.00092282970838043483, "target": 96, "value": 2.0, "supply": [{"l": "Onions", "v": 2.0}]}, {"source": 33, "prod": 0.00084032372964371136, "target": 96, "value": 1.0, "supply": [{"l": "Cassava", "v": 1.0}]}, {"source": 9, "prod": 0.023154636319363639, "target": 99, "value": 6.0, "supply": [{"l": "Sunflower seed", "v": 6.0}]}, {"source": 0, "prod": 0.73110156610119548, "target": 99, "value": 206.0, "supply": [{"l": "Maize", "v": 206.0}]}, {"source": 3, "prod": 0.20364606943043917, "target": 99, "value": 71.0, "supply": [{"l": "Rye", "v": 71.0}]}, {"source": 11, "prod": 5.5243512920170188, "target": 99, "value": 1799.0, "supply": [{"l": "Wheat", "v": 1799.0}]}, {"source": 15, "prod": 0.45549702558409527, "target": 99, "value": 169.0, "supply": [{"l": "Oats", "v": 169.0}]}, {"source": 16, "prod": 0.0074574616974527027, "target": 99, "value": 2.0, "supply": [{"l": "Soyabeans", "v": 2.0}]}, {"source": 17, "prod": 1.2851288594397374, "target": 99, "value": 1653.0, "supply": [{"l": "Potatoes", "v": 1653.0}]}, {"source": 53, "prod": 0.16178187927884827, "target": 53, "value": 99.0, "supply": [{"l": "Eggs", "v": 99.0}]}, {"source": 12, "prod": 0.0025923765853740461, "target": 99, "value": 10.0, "supply": [{"l": "Vegetables, Other", "v": 10.0}]}, {"source": 13, "prod": 0.035817328056515628, "target": 99, "value": 9.0, "supply": [{"l": "Peas", "v": 9.0}]}, {"source": 93, "prod": 0.097558201025585489, "target": 99, "value": 24.0, "supply": [{"l": "Cottonseed", "v": 24.0}]}, {"source": 19, "prod": 0.18086416584870257, "target": 99, "value": 47.0, "supply": [{"l": "Beans", "v": 47.0}]}, {"source": 6, "prod": 1.6217194075272172, "target": 99, "value": 659.0, "supply": [{"l": "Barley", "v": 659.0}]}, {"source": 59, "prod": 0.0064318434220454555, "target": 99, "value": 1.0, "supply": [{"l": "Groundnuts", "v": 1.0}]}, {"source": 14, "prod": 0.033016796233166675, "target": 99, "value": 7.0, "supply": [{"l": "Oilcrops, Other", "v": 7.0}]}, {"source": 7, "prod": 0.15402866768967985, "target": 99, "value": 36.0, "supply": [{"l": "Rice", "v": 36.0}]}, {"source": 24, "prod": 0.0099297401613553781, "target": 99, "value": 3.0, "supply": [{"l": "Sorghum", "v": 3.0}]}, {"source": 25, "prod": 0.02122508329275, "target": 99, "value": 4.0, "supply": [{"l": "Cereals, Other", "v": 4.0}]}, {"source": 32, "prod": 0.38950896096695264, "target": 99, "value": 97.0, "supply": [{"l": "Pulses, Other", "v": 97.0}]}, {"source": 0, "prod": 3.44611466351583, "target": 100, "value": 971.0, "supply": [{"l": "Maize", "v": 971.0}]}, {"source": 35, "prod": 0.019687033778782607, "target": 100, "value": 16.0, "supply": [{"l": "Olives", "v": 16.0}]}, {"source": 3, "prod": 0.014341272495101349, "target": 100, "value": 5.0, "supply": [{"l": "Rye", "v": 5.0}]}, {"source": 4, "prod": 0.35282284743678216, "target": 100, "value": 577.0, "supply": [{"l": "Fruits, Other", "v": 577.0}]}, {"source": 42, "prod": 0.0074157065927637177, "target": 100, "value": 13.0, "supply": [{"l": "Beer", "v": 13.0}]}, {"source": 70, "prod": 0.0034866666600000002, "target": 100, "value": 3.0, "supply": [{"l": "Grapefruit", "v": 3.0}]}, {"source": 6, "prod": 0.18456594167608695, "target": 100, "value": 75.0, "supply": [{"l": "Barley", "v": 75.0}]}, {"source": 7, "prod": 0.012835722307473324, "target": 100, "value": 3.0, "supply": [{"l": "Rice", "v": 3.0}]}, {"source": 37, "prod": 0.021471886586851747, "target": 100, "value": 9.0, "supply": [{"l": "Nuts", "v": 9.0}]}, {"source": 9, "prod": 0.0424501665855, "target": 100, "value": 11.0, "supply": [{"l": "Sunflower seed", "v": 11.0}]}, {"source": 48, "prod": 0.0038015074554179108, "target": 100, "value": 8.0, "supply": [{"l": "Coffee", "v": 8.0}]}, {"source": 11, "prod": 1.0747765159566187, "target": 100, "value": 350.0, "supply": [{"l": "Wheat", "v": 350.0}]}, {"source": 51, "prod": 0.023857651763168605, "target": 100, "value": 10.0, "supply": [{"l": "Treenuts", "v": 10.0}]}, {"source": 53, "prod": 0.029414887141608777, "target": 100, "value": 18.0, "supply": [{"l": "Eggs", "v": 18.0}]}, {"source": 12, "prod": 0.5490653607822229, "target": 100, "value": 2118.0, "supply": [{"l": "Vegetables, Other", "v": 2118.0}]}, {"source": 13, "prod": 0.0079594062347812505, "target": 100, "value": 2.0, "supply": [{"l": "Peas", "v": 2.0}]}, {"source": 54, "prod": 0.0084900333171, "target": 100, "value": 1.0, "supply": [{"l": "Sesame seed", "v": 1.0}]}, {"source": 93, "prod": 0.040649250427327283, "target": 100, "value": 10.0, "supply": [{"l": "Cottonseed", "v": 10.0}]}, {"source": 8, "prod": 0.2072646497131968, "target": 100, "value": 981.0, "supply": [{"l": "Tomatoes", "v": 981.0}]}, {"source": 58, "prod": 0.10123285489118389, "target": 100, "value": 134.0, "supply": [{"l": "Grapes", "v": 134.0}]}, {"source": 14, "prod": 0.0094333703523333343, "target": 100, "value": 2.0, "supply": [{"l": "Oilcrops, Other", "v": 2.0}]}, {"source": 73, "prod": 0.0050567596559529778, "target": 100, "value": 2.0, "supply": [{"l": "Mutton & Goat Meat", "v": 2.0}]}, {"source": 38, "prod": 0.0030321547561071431, "target": 100, "value": 1.0, "supply": [{"l": "Dates", "v": 1.0}]}, {"source": 15, "prod": 0.053904973441904758, "target": 100, "value": 20.0, "supply": [{"l": "Oats", "v": 20.0}]}, {"source": 16, "prod": 0.0074574616974527027, "target": 100, "value": 2.0, "supply": [{"l": "Soyabeans", "v": 2.0}]}, {"source": 17, "prod": 0.8295417380654565, "target": 100, "value": 1067.0, "supply": [{"l": "Potatoes", "v": 1067.0}]}, {"source": 18, "prod": 0.36066406324210964, "target": 100, "value": 605.0, "supply": [{"l": "Milk - Excluding Butter", "v": 605.0}]}, {"source": 19, "prod": 0.073115301087773379, "target": 100, "value": 19.0, "supply": [{"l": "Beans", "v": 19.0}]}, {"source": 20, "prod": 0.23063557660686501, "target": 100, "value": 406.0, "supply": [{"l": "Apples", "v": 406.0}]}, {"source": 72, "prod": 0.015246751703676752, "target": 100, "value": 95.0, "supply": [{"l": "Lemons, Limes", "v": 95.0}]}, {"source": 24, "prod": 0.0165495669355923, "target": 100, "value": 5.0, "supply": [{"l": "Sorghum", "v": 5.0}]}, {"source": 62, "prod": 0.078262226880346716, "target": 100, "value": 99.0, "supply": [{"l": "Wine", "v": 99.0}]}, {"source": 75, "prod": 0.0002811269310298013, "target": 100, "value": 1.0, "supply": [{"l": "Pineapples", "v": 1.0}]}, {"source": 27, "prod": 0.052035688072548388, "target": 100, "value": 76.0, "supply": [{"l": "Bananas", "v": 76.0}]}, {"source": 30, "prod": 0.0013653562352061404, "target": 100, "value": 1.0, "supply": [{"l": "Offals, Edible", "v": 1.0}]}, {"source": 31, "prod": 0.0099351453710744692, "target": 100, "value": 11.0, "supply": [{"l": "Sweet potatoes", "v": 11.0}]}, {"source": 85, "prod": 0.17633448892261477, "target": 100, "value": 448.0, "supply": [{"l": "Oranges, Mandarines", "v": 448.0}]}, {"source": 90, "prod": 0.070135057836913053, "target": 100, "value": 152.0, "supply": [{"l": "Onions", "v": 152.0}]}, {"source": 32, "prod": 0.15660669564650676, "target": 100, "value": 39.0, "supply": [{"l": "Pulses, Other", "v": 39.0}]}, {"source": 101, "prod": 0.061745696851636368, "target": 36, "value": 16.0, "supply": [{"l": "Infant food", "v": 16.0}]}, {"source": 101, "prod": 0.013405315763842109, "target": 78, "value": 3.0, "supply": [{"l": "Spices, Other", "v": 3.0}]}, {"source": 101, "prod": 0.008662436940103024, "target": 8, "value": 41.0, "supply": [{"l": "Tomatoes", "v": 41.0}]}, {"source": 101, "prod": 0.041175862752541856, "target": 33, "value": 49.0, "supply": [{"l": "Cassava", "v": 49.0}]}, {"source": 101, "prod": 0.0077036219134366734, "target": 72, "value": 48.0, "supply": [{"l": "Lemons, Limes", "v": 48.0}]}, {"source": 101, "prod": 0.093044841876357559, "target": 51, "value": 39.0, "supply": [{"l": "Treenuts", "v": 39.0}]}, {"source": 101, "prod": 0.054496835481385134, "target": 3, "value": 19.0, "supply": [{"l": "Rye", "v": 19.0}]}, {"source": 101, "prod": 0.021586581061726281, "target": 20, "value": 38.0, "supply": [{"l": "Apples", "v": 38.0}]}, {"source": 101, "prod": 0.0064525587072225069, "target": 79, "value": 6.0, "supply": [{"l": "Tea", "v": 6.0}]}, {"source": 101, "prod": 0.042774213658671761, "target": 12, "value": 165.0, "supply": [{"l": "Vegetables, Other", "v": 165.0}]}, {"source": 101, "prod": 0.32089305768683302, "target": 7, "value": 75.0, "supply": [{"l": "Rice", "v": 75.0}]}, {"source": 101, "prod": 6.5991278079736375, "target": 11, "value": 2149.0, "supply": [{"l": "Wheat", "v": 2149.0}]}, {"source": 101, "prod": 0.048813333239999999, "target": 22, "value": 42.0, "supply": [{"l": "Sugar beet", "v": 42.0}]}, {"source": 101, "prod": 0.040649250427327283, "target": 95, "value": 10.0, "supply": [{"l": "Palm kernels", "v": 10.0}]}, {"source": 101, "prod": 2.6109928549110437, "target": 6, "value": 1061.0, "supply": [{"l": "Barley", "v": 1061.0}]}, {"source": 101, "prod": 0.0069733333200000004, "target": 69, "value": 6.0, "supply": [{"l": "Pepper", "v": 6.0}]}, {"source": 101, "prod": 0.048813333239999999, "target": 70, "value": 42.0, "supply": [{"l": "Grapefruit", "v": 42.0}]}, {"source": 101, "prod": 0.17534453138115114, "target": 48, "value": 369.0, "supply": [{"l": "Coffee", "v": 369.0}]}, {"source": 101, "prod": 0.13506871186295455, "target": 9, "value": 35.0, "supply": [{"l": "Sunflower seed", "v": 35.0}]}, {"source": 101, "prod": 0.056193026271453235, "target": 29, "value": 16.0, "supply": [{"l": "Millet", "v": 16.0}]}, {"source": 101, "prod": 0.012128619024428572, "target": 38, "value": 4.0, "supply": [{"l": "Dates", "v": 4.0}]}, {"source": 101, "prod": 0.020917473389956521, "target": 35, "value": 17.0, "supply": [{"l": "Olives", "v": 17.0}]}, {"source": 101, "prod": 0.12735049975650001, "target": 25, "value": 24.0, "supply": [{"l": "Cereals, Other", "v": 24.0}]}, {"source": 101, "prod": 7.8211369754035109, "target": 1, "value": 9652.0, "supply": [{"l": "Crustaceans", "v": 11.0}, {"l": "Eggs", "v": 22.0}, {"l": "Aquatic Products, Other", "v": 1.0}, {"l": "Marine Fish, Other", "v": 29.0}, {"l": "Pigmeat", "v": 317.0}, {"l": "Fish, Seafood", "v": 1773.0}, {"l": "Aquatic Animals, Others", "v": 1.0}, {"l": "Offals, Edible", "v": 16.0}, {"l": "Demersal Fish", "v": 334.0}, {"l": "Freshwater Fish", "v": 5.0}, {"l": "Milk - Excluding Butter", "v": 5233.0}, {"l": "Meat, Other", "v": 28.0}, {"l": "Cephalopods", "v": 60.0}, {"l": "Mutton & Goat Meat", "v": 26.0}, {"l": "Pelagic Fish", "v": 1251.0}, {"l": "Bovine Meat", "v": 440.0}, {"l": "Molluscs, Other", "v": 83.0}, {"l": "Poultry Meat", "v": 22.0}]}, {"source": 101, "prod": 0.095430607052674421, "target": 37, "value": 40.0, "supply": [{"l": "Nuts", "v": 40.0}]}, {"source": 101, "prod": 0.10745198416954688, "target": 13, "value": 27.0, "supply": [{"l": "Peas", "v": 27.0}]}, {"source": 101, "prod": 0.35846807338866671, "target": 14, "value": 76.0, "supply": [{"l": "Oilcrops, Other", "v": 76.0}]}, {"source": 101, "prod": 0.19605274304619083, "target": 66, "value": 117.0, "supply": [{"l": "Cocoa Beans", "v": 117.0}]}, {"source": 101, "prod": 0.053923716478567467, "target": 85, "value": 137.0, "supply": [{"l": "Oranges, Mandarines", "v": 137.0}]}, {"source": 101, "prod": 2.0720057803361556, "target": 24, "value": 626.0, "supply": [{"l": "Sorghum", "v": 626.0}]}, {"source": 101, "prod": 1.0483904777934094, "target": 59, "value": 163.0, "supply": [{"l": "Groundnuts", "v": 163.0}]}, {"source": 101, "prod": 0.065038800683723655, "target": 61, "value": 16.0, "supply": [{"l": "Rape and Mustardseed", "v": 16.0}]}, {"source": 101, "prod": 0.48513031354530917, "target": 17, "value": 624.0, "supply": [{"l": "Potatoes", "v": 624.0}]}, {"source": 101, "prod": 0.0073826376670434787, "target": 90, "value": 16.0, "supply": [{"l": "Onions", "v": 16.0}]}, {"source": 101, "prod": 0.29783584620471776, "target": 27, "value": 435.0, "supply": [{"l": "Bananas", "v": 435.0}]}, {"source": 101, "prod": 0.0018344342154425416, "target": 77, "value": 3.0, "supply": [{"l": "Citrus, Other", "v": 3.0}]}, {"source": 101, "prod": 0.054393772777352536, "target": 58, "value": 72.0, "supply": [{"l": "Grapes", "v": 72.0}]}, {"source": 101, "prod": 0.12194775128198185, "target": 93, "value": 30.0, "supply": [{"l": "Cottonseed", "v": 30.0}]}, {"source": 101, "prod": 16.443192779931202, "target": 92, "value": 2975.0, "supply": [{"l": "Sugar", "v": 1700.0}, {"l": "Beverages, Alcoholic", "v": 57.0}, {"l": "Butter, Ghee", "v": 64.0}, {"l": "Fats, Animals, Raw", "v": 232.0}, {"l": "Sunflowerseed Oil", "v": 80.0}, {"l": "Rape and Mustard Oil", "v": 20.0}, {"l": "Sesameseed Oil", "v": 1.0}, {"l": "Wine", "v": 72.0}, {"l": "Sweeteners, Other", "v": 27.0}, {"l": "Fish, Body Oil", "v": 11.0}, {"l": "Honey", "v": 4.0}, {"l": "Palmkernel Oil", "v": 16.0}, {"l": "Cream", "v": 5.0}, {"l": "Alcohol, Non-Food", "v": 12.0}, {"l": "Oilcrops Oil, Other", "v": 41.0}, {"l": "Maize Germ Oil", "v": 9.0}, {"l": "Beer", "v": 74.0}, {"l": "Groundnut Oil", "v": 45.0}, {"l": "Soyabean Oil", "v": 263.0}, {"l": "Palm Oil", "v": 105.0}, {"l": "Coconut Oil", "v": 48.0}, {"l": "Olive Oil", "v": 87.0}, {"l": "Fish, Liver Oil", "v": 2.0}]}, {"source": 101, "prod": 11.409916397102636, "target": 16, "value": 3060.0, "supply": [{"l": "Soyabeans", "v": 3060.0}]}, {"source": 101, "prod": 0.2655239881608612, "target": 19, "value": 69.0, "supply": [{"l": "Beans", "v": 69.0}]}, {"source": 101, "prod": 38.904540619423813, "target": 0, "value": 10962.0, "supply": [{"l": "Maize", "v": 10962.0}]}, {"source": 101, "prod": 0.074600324761330036, "target": 4, "value": 122.0, "supply": [{"l": "Fruits, Other", "v": 122.0}]}, {"source": 101, "prod": 0.32262126604980002, "target": 54, "value": 38.0, "supply": [{"l": "Sesame seed", "v": 38.0}]}, {"source": 101, "prod": 0.011526204172221855, "target": 75, "value": 41.0, "supply": [{"l": "Pineapples", "v": 41.0}]}, {"source": 101, "prod": 0.22413687957144002, "target": 50, "value": 132.0, "supply": [{"l": "Coconuts - Incl Copra", "v": 132.0}]}, {"source": 101, "prod": 0.24526762916066666, "target": 15, "value": 91.0, "supply": [{"l": "Oats", "v": 91.0}]}, {"source": 101, "prod": 0.5139912062244324, "target": 32, "value": 128.0, "supply": [{"l": "Pulses, Other", "v": 128.0}]}, {"source": 0, "prod": 0.30521715866360588, "target": 102, "value": 86.0, "supply": [{"l": "Maize", "v": 86.0}]}, {"source": 35, "prod": 0.13657879684030436, "target": 102, "value": 111.0, "supply": [{"l": "Olives", "v": 111.0}]}, {"source": 97, "prod": 0.0047431652654755579, "target": 102, "value": 6.0, "supply": [{"l": "Alcohol, Non-Food", "v": 6.0}]}, {"source": 3, "prod": 0.0028682544990202702, "target": 102, "value": 1.0, "supply": [{"l": "Rye", "v": 1.0}]}, {"source": 37, "prod": 0.45568114867652038, "target": 102, "value": 191.0, "supply": [{"l": "Nuts", "v": 191.0}]}, {"source": 5, "prod": 0.3765145210192174, "target": 102, "value": 102.0, "supply": [{"l": "Sugar", "v": 102.0}]}, {"source": 41, "prod": 0.067098650409338711, "target": 102, "value": 7.0, "supply": [{"l": "Maize Germ Oil", "v": 7.0}]}, {"source": 42, "prod": 0.011408779373482643, "target": 102, "value": 20.0, "supply": [{"l": "Beer", "v": 20.0}]}, {"source": 43, "prod": 0.05162858098236487, "target": 102, "value": 5.0, "supply": [{"l": "Groundnut Oil", "v": 5.0}]}, {"source": 44, "prod": 0.20685036794768788, "target": 102, "value": 61.0, "supply": [{"l": "Beverages, Alcoholic", "v": 61.0}]}, {"source": 6, "prod": 0.22394000923365215, "target": 102, "value": 91.0, "supply": [{"l": "Barley", "v": 91.0}]}, {"source": 46, "prod": 0.033221869501695658, "target": 102, "value": 9.0, "supply": [{"l": "Honey", "v": 9.0}]}, {"source": 7, "prod": 2.0066512540683292, "target": 102, "value": 469.0, "supply": [{"l": "Rice", "v": 469.0}]}, {"source": 40, "prod": 0.24212317237655559, "target": 102, "value": 22.0, "supply": [{"l": "Oilcrops Oil, Other", "v": 22.0}]}, {"source": 8, "prod": 0.28860704537026177, "target": 102, "value": 1366.0, "supply": [{"l": "Tomatoes", "v": 1366.0}]}, {"source": 9, "prod": 0.003859106053227273, "target": 102, "value": 1.0, "supply": [{"l": "Sunflower seed", "v": 1.0}]}, {"source": 10, "prod": 0.70825344250078248, "target": 102, "value": 85.0, "supply": [{"l": "Fats, Animals, Raw", "v": 85.0}]}, {"source": 48, "prod": 0.0023759421596361943, "target": 102, "value": 5.0, "supply": [{"l": "Coffee", "v": 5.0}]}, {"source": 11, "prod": 3.0892147858638812, "target": 102, "value": 1006.0, "supply": [{"l": "Wheat", "v": 1006.0}]}, {"source": 49, "prod": 0.53263343347577619, "target": 102, "value": 52.0, "supply": [{"l": "Soyabean Oil", "v": 52.0}]}, {"source": 51, "prod": 0.45568114867652038, "target": 102, "value": 191.0, "supply": [{"l": "Treenuts", "v": 191.0}]}, {"source": 52, "prod": 0.0012671691518059702, "target": 102, "value": 2.0, "supply": [{"l": "Crustaceans", "v": 2.0}]}, {"source": 53, "prod": 0.017975764364316475, "target": 102, "value": 11.0, "supply": [{"l": "Eggs", "v": 11.0}]}, {"source": 12, "prod": 0.28645761268383207, "target": 102, "value": 1105.0, "supply": [{"l": "Vegetables, Other", "v": 1105.0}]}, {"source": 55, "prod": 0.053621263055368427, "target": 102, "value": 64.0, "supply": [{"l": "Cephalopods", "v": 64.0}]}, {"source": 56, "prod": 0.0094333703523333343, "target": 102, "value": 1.0, "supply": [{"l": "Coconut Oil", "v": 1.0}]}, {"source": 93, "prod": 0.0081298500854654569, "target": 102, "value": 2.0, "supply": [{"l": "Cottonseed", "v": 2.0}]}, {"source": 31, "prod": 0.0018063900674680853, "target": 102, "value": 2.0, "supply": [{"l": "Sweet potatoes", "v": 2.0}]}, {"source": 57, "prod": 0.0048448559689972829, "target": 102, "value": 7.0, "supply": [{"l": "Marine Fish, Other", "v": 7.0}]}, {"source": 58, "prod": 0.71996202023356914, "target": 102, "value": 953.0, "supply": [{"l": "Grapes", "v": 953.0}]}, {"source": 59, "prod": 0.0064318434220454555, "target": 102, "value": 1.0, "supply": [{"l": "Groundnuts", "v": 1.0}]}, {"source": 60, "prod": 0.23583425880833336, "target": 102, "value": 25.0, "supply": [{"l": "Palm Oil", "v": 25.0}]}, {"source": 14, "prod": 0.028300111057000001, "target": 102, "value": 6.0, "supply": [{"l": "Oilcrops, Other", "v": 6.0}]}, {"source": 62, "prod": 1.8356049577390408, "target": 102, "value": 2322.0, "supply": [{"l": "Wine", "v": 2322.0}]}, {"source": 63, "prod": 0.072423940124365607, "target": 102, "value": 7.0, "supply": [{"l": "Sunflowerseed Oil", "v": 7.0}]}, {"source": 15, "prod": 0.010780994688380953, "target": 102, "value": 4.0, "supply": [{"l": "Oats", "v": 4.0}]}, {"source": 64, "prod": 0.99808142518669962, "target": 102, "value": 97.0, "supply": [{"l": "Olive Oil", "v": 97.0}]}, {"source": 65, "prod": 0.15490977020991364, "target": 102, "value": 85.0, "supply": [{"l": "Pigmeat", "v": 85.0}]}, {"source": 66, "prod": 0.021783638116243426, "target": 102, "value": 13.0, "supply": [{"l": "Cocoa Beans", "v": 13.0}]}, {"source": 16, "prod": 0.13050557970542231, "target": 102, "value": 35.0, "supply": [{"l": "Soyabeans", "v": 35.0}]}, {"source": 17, "prod": 0.32497511388131284, "target": 102, "value": 418.0, "supply": [{"l": "Potatoes", "v": 418.0}]}, {"source": 67, "prod": 0.0056600222113999997, "target": 102, "value": 8.0, "supply": [{"l": "Freshwater Fish", "v": 8.0}]}, {"source": 68, "prod": 0.046309272638727278, "target": 102, "value": 12.0, "supply": [{"l": "Pimento", "v": 12.0}]}, {"source": 70, "prod": 0.011622222200000001, "target": 102, "value": 10.0, "supply": [{"l": "Grapefruit", "v": 10.0}]}, {"source": 18, "prod": 0.19434129688748386, "target": 102, "value": 326.0, "supply": [{"l": "Milk - Excluding Butter", "v": 326.0}]}, {"source": 75, "prod": 0.0005622538620596026, "target": 102, "value": 2.0, "supply": [{"l": "Pineapples", "v": 2.0}]}, {"source": 19, "prod": 0.038481737414617564, "target": 102, "value": 10.0, "supply": [{"l": "Beans", "v": 10.0}]}, {"source": 20, "prod": 0.40957697225012235, "target": 102, "value": 721.0, "supply": [{"l": "Apples", "v": 721.0}]}, {"source": 21, "prod": 0.31681885334251575, "target": 102, "value": 445.0, "supply": [{"l": "Fish, Seafood", "v": 445.0}]}, {"source": 23, "prod": 0.0064318434220454555, "target": 102, "value": 5.0, "supply": [{"l": "Meat, Other", "v": 5.0}]}, {"source": 72, "prod": 0.079122616735922496, "target": 102, "value": 493.0, "supply": [{"l": "Lemons, Limes", "v": 493.0}]}, {"source": 24, "prod": 0.0099297401613553781, "target": 102, "value": 3.0, "supply": [{"l": "Sorghum", "v": 3.0}]}, {"source": 25, "prod": 0.015918812469562501, "target": 102, "value": 3.0, "supply": [{"l": "Cereals, Other", "v": 3.0}]}, {"source": 73, "prod": 0.010113519311905956, "target": 102, "value": 4.0, "supply": [{"l": "Mutton & Goat Meat", "v": 4.0}]}, {"source": 74, "prod": 0.049203602178647741, "target": 102, "value": 17.0, "supply": [{"l": "Sweeteners, Other", "v": 17.0}]}, {"source": 26, "prod": 0.27777793571048659, "target": 102, "value": 225.0, "supply": [{"l": "Pelagic Fish", "v": 225.0}]}, {"source": 27, "prod": 0.0027387204248709679, "target": 102, "value": 4.0, "supply": [{"l": "Bananas", "v": 4.0}]}, {"source": 76, "prod": 0.0018913440557896042, "target": 102, "value": 3.0, "supply": [{"l": "Beverages, Fermented", "v": 3.0}]}, {"source": 77, "prod": 0.0048918245745134441, "target": 102, "value": 8.0, "supply": [{"l": "Citrus, Other", "v": 8.0}]}, {"source": 78, "prod": 0.022342192939736844, "target": 102, "value": 5.0, "supply": [{"l": "Spices, Other", "v": 5.0}]}, {"source": 86, "prod": 0.10043621888012627, "target": 102, "value": 51.0, "supply": [{"l": "Bovine Meat", "v": 51.0}]}, {"source": 4, "prod": 1.1196163494917648, "target": 102, "value": 1831.0, "supply": [{"l": "Fruits, Other", "v": 1831.0}]}, {"source": 80, "prod": 0.014956535377274611, "target": 102, "value": 68.0, "supply": [{"l": "Molluscs, Other", "v": 68.0}]}, {"source": 28, "prod": 0.0034866666600000002, "target": 102, "value": 3.0, "supply": [{"l": "Fish, Body Oil", "v": 3.0}]}, {"source": 29, "prod": 0.0035120641419658272, "target": 102, "value": 1.0, "supply": [{"l": "Millet", "v": 1.0}]}, {"source": 83, "prod": 0.013091275149794057, "target": 102, "value": 9.0, "supply": [{"l": "Poultry Meat", "v": 9.0}]}, {"source": 30, "prod": 0.0040960687056184218, "target": 102, "value": 3.0, "supply": [{"l": "Offals, Edible", "v": 3.0}]}, {"source": 36, "prod": 0.011577318159681819, "target": 102, "value": 3.0, "supply": [{"l": "Infant food", "v": 3.0}]}, {"source": 84, "prod": 0.034645663908911183, "target": 102, "value": 73.0, "supply": [{"l": "Demersal Fish", "v": 73.0}]}, {"source": 85, "prod": 0.76910176641694017, "target": 102, "value": 1954.0, "supply": [{"l": "Oranges, Mandarines", "v": 1954.0}]}, {"source": 32, "prod": 0.076295569673939176, "target": 102, "value": 19.0, "supply": [{"l": "Pulses, Other", "v": 19.0}]}, {"source": 90, "prod": 0.11766078781850546, "target": 102, "value": 255.0, "supply": [{"l": "Onions", "v": 255.0}]}, {"source": 82, "prod": 0.0011622222200000001, "target": 102, "value": 1.0, "supply": [{"l": "Fish, Liver Oil", "v": 1.0}]}, {"source": 103, "prod": 0.021127894975861036, "target": 8, "value": 100.0, "supply": [{"l": "Tomatoes", "v": 100.0}]}, {"source": 103, "prod": 0.28943295399204549, "target": 9, "value": 75.0, "supply": [{"l": "Sunflower seed", "v": 75.0}]}, {"source": 35, "prod": 0.039374067557565215, "target": 104, "value": 32.0, "supply": [{"l": "Olives", "v": 32.0}]}, {"source": 64, "prod": 2.6546908010120465, "target": 104, "value": 258.0, "supply": [{"l": "Olive Oil", "v": 258.0}]}, {"source": 21, "prod": 0.016374907026691823, "target": 104, "value": 23.0, "supply": [{"l": "Fish, Seafood", "v": 23.0}]}, {"source": 14, "prod": 0.023583425880833338, "target": 104, "value": 5.0, "supply": [{"l": "Oilcrops, Other", "v": 5.0}]}, {"source": 68, "prod": 0.027013742372590913, "target": 104, "value": 7.0, "supply": [{"l": "Pimento", "v": 7.0}]}, {"source": 103, "prod": 0.20077781493141891, "target": 32, "value": 50.0, "supply": [{"l": "Pulses, Other", "v": 50.0}]}, {"source": 47, "prod": 0.0082161612746129049, "target": 104, "value": 1.0, "supply": [{"l": "Butter, Ghee", "v": 1.0}]}, {"source": 103, "prod": 0.30631625566803172, "target": 17, "value": 394.0, "supply": [{"l": "Potatoes", "v": 394.0}]}, {"source": 12, "prod": 0.0023331389268366415, "target": 104, "value": 9.0, "supply": [{"l": "Vegetables, Other", "v": 9.0}]}, {"source": 6, "prod": 1.3116486255113913, "target": 104, "value": 533.0, "supply": [{"l": "Barley", "v": 533.0}]}, {"source": 90, "prod": 0.00046141485419021742, "target": 104, "value": 1.0, "supply": [{"l": "Onions", "v": 1.0}]}, {"source": 86, "prod": 0.092558868379724227, "target": 104, "value": 47.0, "supply": [{"l": "Bovine Meat", "v": 47.0}]}, {"source": 103, "prod": 0.10939023541492515, "target": 1, "value": 135.0, "supply": [{"l": "Mutton & Goat Meat", "v": 1.0}, {"l": "Pigmeat", "v": 22.0}, {"l": "Milk - Excluding Butter", "v": 112.0}]}, {"source": 103, "prod": 2.336871224694248, "target": 11, "value": 761.0, "supply": [{"l": "Wheat", "v": 761.0}]}, {"source": 3, "prod": 0.11473017996081079, "target": 104, "value": 40.0, "supply": [{"l": "Rye", "v": 40.0}]}, {"source": 28, "prod": 0.0046488888800000003, "target": 104, "value": 4.0, "supply": [{"l": "Fish, Body Oil", "v": 4.0}]}, {"source": 60, "prod": 0.0094333703523333343, "target": 104, "value": 1.0, "supply": [{"l": "Palm Oil", "v": 1.0}]}, {"source": 5, "prod": 3.2151387039974355, "target": 104, "value": 871.0, "supply": [{"l": "Sugar", "v": 871.0}]}, {"source": 44, "prod": 0.26110620216347485, "target": 104, "value": 77.0, "supply": [{"l": "Beverages, Alcoholic", "v": 77.0}]}, {"source": 103, "prod": 0.069187190113188968, "target": 37, "value": 29.0, "supply": [{"l": "Nuts", "v": 29.0}]}, {"source": 24, "prod": 0.033099133871184599, "target": 104, "value": 10.0, "supply": [{"l": "Sorghum", "v": 10.0}]}, {"source": 26, "prod": 0.02839507787262752, "target": 104, "value": 23.0, "supply": [{"l": "Pelagic Fish", "v": 23.0}]}, {"source": 0, "prod": 6.2605007893325686, "target": 104, "value": 1764.0, "supply": [{"l": "Maize", "v": 1764.0}]}, {"source": 15, "prod": 0.24526762916066666, "target": 104, "value": 91.0, "supply": [{"l": "Oats", "v": 91.0}]}, {"source": 74, "prod": 0.011577318159681819, "target": 104, "value": 4.0, "supply": [{"l": "Sweeteners, Other", "v": 4.0}]}, {"source": 103, "prod": 0.0081298500854654569, "target": 61, "value": 2.0, "supply": [{"l": "Rape and Mustardseed", "v": 2.0}]}, {"source": 49, "prod": 2.0383471781092202, "target": 104, "value": 199.0, "supply": [{"l": "Soyabean Oil", "v": 199.0}]}, {"source": 85, "prod": 0.054317320248484006, "target": 104, "value": 138.0, "supply": [{"l": "Oranges, Mandarines", "v": 138.0}]}, {"source": 4, "prod": 0.061147807181418053, "target": 104, "value": 100.0, "supply": [{"l": "Fruits, Other", "v": 100.0}]}, {"source": 20, "prod": 0.18178173525664235, "target": 104, "value": 320.0, "supply": [{"l": "Apples", "v": 320.0}]}, {"source": 103, "prod": 0.0038481737414617569, "target": 19, "value": 1.0, "supply": [{"l": "Beans", "v": 1.0}]}, {"source": 103, "prod": 0.069187190113188968, "target": 51, "value": 29.0, "supply": [{"l": "Treenuts", "v": 29.0}]}, {"source": 10, "prod": 0.074991540970671094, "target": 104, "value": 9.0, "supply": [{"l": "Fats, Animals, Raw", "v": 9.0}]}, {"source": 23, "prod": 0.001286368684409091, "target": 104, "value": 1.0, "supply": [{"l": "Meat, Other", "v": 1.0}]}, {"source": 103, "prod": 0.0053062708231875, "target": 25, "value": 1.0, "supply": [{"l": "Cereals, Other", "v": 1.0}]}, {"source": 103, "prod": 0.1069643525622777, "target": 7, "value": 25.0, "supply": [{"l": "Rice", "v": 25.0}]}, {"source": 63, "prod": 0.41385108642494628, "target": 104, "value": 40.0, "supply": [{"l": "Sunflowerseed Oil", "v": 40.0}]}, {"source": 54, "prod": 0.0424501665855, "target": 104, "value": 5.0, "supply": [{"l": "Sesame seed", "v": 5.0}]}, {"source": 72, "prod": 0.0048147636958979206, "target": 104, "value": 30.0, "supply": [{"l": "Lemons, Limes", "v": 30.0}]}, {"source": 103, "prod": 1.5811160036231562, "target": 92, "value": 1294.0, "supply": [{"l": "Beer", "v": 61.0}, {"l": "Groundnut Oil", "v": 2.0}, {"l": "Rape and Mustard Oil", "v": 60.0}, {"l": "Oilcrops Oil, Other", "v": 4.0}, {"l": "Wine", "v": 1167.0}]}, {"source": 103, "prod": 0.20324625213663641, "target": 93, "value": 50.0, "supply": [{"l": "Cottonseed", "v": 50.0}]}, {"source": 48, "prod": 0.00047518843192723885, "target": 104, "value": 1.0, "supply": [{"l": "Coffee", "v": 1.0}]}, {"source": 58, "prod": 0.028707824521380508, "target": 104, "value": 38.0, "supply": [{"l": "Grapes", "v": 38.0}]}, {"source": 105, "prod": 62.839244317416352, "target": 0, "value": 17706.0, "supply": [{"l": "Maize", "v": 17706.0}]}, {"source": 105, "prod": 9.0609572966846947, "target": 35, "value": 7364.0, "supply": [{"l": "Olives", "v": 7364.0}]}, {"source": 105, "prod": 0.0050419423778622673, "target": 2, "value": 6.0, "supply": [{"l": "Roots, Other", "v": 6.0}]}, {"source": 105, "prod": 1.5402526659738851, "target": 3, "value": 537.0, "supply": [{"l": "Rye", "v": 537.0}]}, {"source": 105, "prod": 1.9730278008140436, "target": 37, "value": 827.0, "supply": [{"l": "Nuts", "v": 827.0}]}, {"source": 105, "prod": 0.048514476097714289, "target": 38, "value": 16.0, "supply": [{"l": "Dates", "v": 16.0}]}, {"source": 105, "prod": 0.0025209711889311336, "target": 39, "value": 3.0, "supply": [{"l": "Yams", "v": 3.0}]}, {"source": 105, "prod": 22.357087735029999, "target": 6, "value": 9085.0, "supply": [{"l": "Barley", "v": 9085.0}]}, {"source": 105, "prod": 2.2728397586307065, "target": 20, "value": 4001.0, "supply": [{"l": "Apples", "v": 4001.0}]}, {"source": 105, "prod": 4.7235458091501821, "target": 7, "value": 1104.0, "supply": [{"l": "Rice", "v": 1104.0}]}, {"source": 105, "prod": 1.8928481108873905, "target": 8, "value": 8959.0, "supply": [{"l": "Tomatoes", "v": 8959.0}]}, {"source": 105, "prod": 2.9869480851979091, "target": 9, "value": 774.0, "supply": [{"l": "Sunflower seed", "v": 774.0}]}, {"source": 105, "prod": 0.12735049975650001, "target": 25, "value": 24.0, "supply": [{"l": "Cereals, Other", "v": 24.0}]}, {"source": 105, "prod": 65.192872667882895, "target": 11, "value": 21230.0, "supply": [{"l": "Wheat", "v": 21230.0}]}, {"source": 105, "prod": 1.9730278008140436, "target": 51, "value": 827.0, "supply": [{"l": "Treenuts", "v": 827.0}]}, {"source": 105, "prod": 4.7956374452834476, "target": 12, "value": 18499.0, "supply": [{"l": "Vegetables, Other", "v": 18499.0}]}, {"source": 105, "prod": 0.1114316872869375, "target": 13, "value": 28.0, "supply": [{"l": "Peas", "v": 28.0}]}, {"source": 105, "prod": 0.025470099951300004, "target": 54, "value": 3.0, "supply": [{"l": "Sesame seed", "v": 3.0}]}, {"source": 105, "prod": 0.16406415734395949, "target": 16, "value": 44.0, "supply": [{"l": "Soyabeans", "v": 44.0}]}, {"source": 105, "prod": 0.11831854941915956, "target": 31, "value": 131.0, "supply": [{"l": "Sweet potatoes", "v": 131.0}]}, {"source": 105, "prod": 0.11693091341278636, "target": 94, "value": 303.0, "supply": [{"l": "Sugar cane", "v": 303.0}]}, {"source": 105, "prod": 15.127512584634824, "target": 58, "value": 20024.0, "supply": [{"l": "Grapes", "v": 20024.0}]}, {"source": 105, "prod": 0.083613964486590933, "target": 59, "value": 13.0, "supply": [{"l": "Groundnuts", "v": 13.0}]}, {"source": 105, "prod": 1.0942709608706669, "target": 14, "value": 232.0, "supply": [{"l": "Oilcrops, Other", "v": 232.0}]}, {"source": 105, "prod": 4.684342192101524, "target": 15, "value": 1738.0, "supply": [{"l": "Oats", "v": 1738.0}]}, {"source": 105, "prod": 1.4023991397427913, "target": 93, "value": 345.0, "supply": [{"l": "Cottonseed", "v": 345.0}]}, {"source": 105, "prod": 9.9000791869967415, "target": 17, "value": 12734.0, "supply": [{"l": "Potatoes", "v": 12734.0}]}, {"source": 105, "prod": 0.12735049975650001, "target": 68, "value": 33.0, "supply": [{"l": "Pimento", "v": 33.0}]}, {"source": 105, "prod": 0.081298500854654565, "target": 61, "value": 20.0, "supply": [{"l": "Rape and Mustardseed", "v": 20.0}]}, {"source": 105, "prod": 0.0005622538620596026, "target": 75, "value": 2.0, "supply": [{"l": "Pineapples", "v": 2.0}]}, {"source": 105, "prod": 1.8509715696431046, "target": 19, "value": 481.0, "supply": [{"l": "Beans", "v": 481.0}]}, {"source": 105, "prod": 3.3449583967574394, "target": 32, "value": 833.0, "supply": [{"l": "Pulses, Other", "v": 833.0}]}, {"source": 105, "prod": 30.0143888315, "target": 22, "value": 25825.0, "supply": [{"l": "Sugar beet", "v": 25825.0}]}, {"source": 105, "prod": 0.20559040981484122, "target": 72, "value": 1281.0, "supply": [{"l": "Lemons, Limes", "v": 1281.0}]}, {"source": 105, "prod": 0.66860250419792888, "target": 24, "value": 202.0, "supply": [{"l": "Sorghum", "v": 202.0}]}, {"source": 105, "prod": 0.26360184089383071, "target": 27, "value": 385.0, "supply": [{"l": "Bananas", "v": 385.0}]}, {"source": 105, "prod": 0.030573903590709026, "target": 77, "value": 50.0, "supply": [{"l": "Citrus, Other", "v": 50.0}]}, {"source": 105, "prod": 0.035747508703578956, "target": 78, "value": 8.0, "supply": [{"l": "Spices, Other", "v": 8.0}]}, {"source": 105, "prod": 4.3610616081787352, "target": 4, "value": 7132.0, "supply": [{"l": "Fruits, Other", "v": 7132.0}]}, {"source": 105, "prod": 0.024584448993760791, "target": 29, "value": 7.0, "supply": [{"l": "Millet", "v": 7.0}]}, {"source": 105, "prod": 0.025568888840000002, "target": 70, "value": 22.0, "supply": [{"l": "Grapefruit", "v": 22.0}]}, {"source": 105, "prod": 2.0805895277788875, "target": 85, "value": 5286.0, "supply": [{"l": "Oranges, Mandarines", "v": 5286.0}]}, {"source": 105, "prod": 0.79870911260326638, "target": 90, "value": 1731.0, "supply": [{"l": "Onions", "v": 1731.0}]}, {"source": 1, "prod": 2.7797140901396049, "target": 83, "value": 1911.0, "supply": [{"l": "Poultry Meat", "v": 1911.0}]}, {"source": 1, "prod": 4.8186050874707247, "target": 65, "value": 2644.0, "supply": [{"l": "Pigmeat", "v": 2644.0}]}, {"source": 1, "prod": 2.530865636473322, "target": 26, "value": 2050.0, "supply": [{"l": "Pelagic Fish", "v": 2050.0}]}, {"source": 1, "prod": 0.061552741548975012, "target": 67, "value": 87.0, "supply": [{"l": "Freshwater Fish", "v": 87.0}]}, {"source": 1, "prod": 0.057022611831268666, "target": 52, "value": 90.0, "supply": [{"l": "Crustaceans", "v": 90.0}]}, {"source": 1, "prod": 2.4659480387048691, "target": 53, "value": 1509.0, "supply": [{"l": "Eggs", "v": 1608.0}]}, {"source": 1, "prod": 0.082260944575010361, "target": 80, "value": 374.0, "supply": [{"l": "Molluscs, Other", "v": 374.0}]}, {"source": 1, "prod": 0.00069981252885516307, "target": 81, "value": 1.0, "supply": [{"l": "Aquatic Animals, Others", "v": 1.0}]}, {"source": 1, "prod": 16.489203288060747, "target": 18, "value": 27660.0, "supply": [{"l": "Milk - Excluding Butter", "v": 27660.0}]}, {"source": 1, "prod": 0.64308278678209219, "target": 30, "value": 471.0, "supply": [{"l": "Offals, Edible", "v": 471.0}]}, {"source": 1, "prod": 0.012596625519392937, "target": 98, "value": 18.0, "supply": [{"l": "Aquatic Plants", "v": 18.0}]}, {"source": 1, "prod": 0.20763668438559785, "target": 57, "value": 300.0, "supply": [{"l": "Marine Fish, Other", "v": 300.0}]}, {"source": 1, "prod": 0.013296438048248101, "target": 91, "value": 19.0, "supply": [{"l": "Aquatic Products, Other", "v": 19.0}]}, {"source": 1, "prod": 3.1041128102772331, "target": 21, "value": 4360.0, "supply": [{"l": "Fish, Seafood", "v": 4360.0}]}, {"source": 1, "prod": 4.7657970527432472, "target": 86, "value": 2420.0, "supply": [{"l": "Bovine Meat", "v": 2420.0}]}, {"source": 1, "prod": 0.56667017407178011, "target": 84, "value": 1194.0, "supply": [{"l": "Demersal Fish", "v": 1194.0}]}, {"source": 1, "prod": 0.40263339822004546, "target": 23, "value": 313.0, "supply": [{"l": "Meat, Other", "v": 313.0}]}, {"source": 1, "prod": 0.22202554233863486, "target": 55, "value": 265.0, "supply": [{"l": "Cephalopods", "v": 265.0}]}, {"source": 1, "prod": 1.0922600856858435, "target": 73, "value": 432.0, "supply": [{"l": "Mutton & Goat Meat", "v": 432.0}]}, {"source": 92, "prod": 0.23557720818528602, "target": 97, "value": 298.0, "supply": [{"l": "Alcohol, Non-Food", "v": 298.0}]}, {"source": 92, "prod": 18.294176138933739, "target": 5, "value": 4956.0, "supply": [{"l": "Sugar", "v": 4956.0}]}, {"source": 92, "prod": 0.45051950989127421, "target": 41, "value": 47.0, "supply": [{"l": "Maize Germ Oil", "v": 47.0}]}, {"source": 92, "prod": 2.0963632098774356, "target": 42, "value": 3675.0, "supply": [{"l": "Beer", "v": 3675.0}]}, {"source": 92, "prod": 1.0945259168261354, "target": 43, "value": 106.0, "supply": [{"l": "Groundnut Oil", "v": 106.0}]}, {"source": 92, "prod": 3.0688456228304513, "target": 44, "value": 905.0, "supply": [{"l": "Beverages, Alcoholic", "v": 905.0}]}, {"source": 92, "prod": 1.3556666103111292, "target": 47, "value": 165.0, "supply": [{"l": "Butter, Ghee", "v": 165.0}]}, {"source": 92, "prod": 8.9739877361569729, "target": 10, "value": 1077.0, "supply": [{"l": "Fats, Animals, Raw", "v": 1077.0}]}, {"source": 92, "prod": 8.1738746137244096, "target": 49, "value": 798.0, "supply": [{"l": "Soyabean Oil", "v": 798.0}]}, {"source": 92, "prod": 0.99050388699500014, "target": 60, "value": 105.0, "supply": [{"l": "Palm Oil", "v": 105.0}]}, {"source": 92, "prod": 4.3764752389438071, "target": 63, "value": 423.0, "supply": [{"l": "Sunflowerseed Oil", "v": 423.0}]}, {"source": 92, "prod": 16.576383257482199, "target": 64, "value": 1611.0, "supply": [{"l": "Olive Oil", "v": 1611.0}]}, {"source": 92, "prod": 0.59430233219700013, "target": 56, "value": 63.0, "supply": [{"l": "Coconut Oil", "v": 63.0}]}, {"source": 92, "prod": 0.8759229495447074, "target": 71, "value": 94.0, "supply": [{"l": "Rape and Mustard Oil", "v": 94.0}]}, {"source": 92, "prod": 0.0023244444400000001, "target": 82, "value": 2.0, "supply": [{"l": "Fish, Liver Oil", "v": 2.0}]}, {"source": 92, "prod": 1.5738006204476114, "target": 40, "value": 143.0, "supply": [{"l": "Oilcrops Oil, Other", "v": 143.0}]}, {"source": 92, "prod": 10.540894274975178, "target": 62, "value": 13334.0, "supply": [{"l": "Wine", "v": 13334.0}]}, {"source": 92, "prod": 0.63096383970265923, "target": 74, "value": 218.0, "supply": [{"l": "Sweeteners, Other", "v": 218.0}]}, {"source": 92, "prod": 0.16208245423554549, "target": 45, "value": 14.0, "supply": [{"l": "Sesameseed Oil", "v": 14.0}]}, {"source": 92, "prod": 0.02963105687403713, "target": 76, "value": 47.0, "supply": [{"l": "Beverages, Fermented", "v": 47.0}]}, {"source": 92, "prod": 0.027893333280000002, "target": 28, "value": 24.0, "supply": [{"l": "Fish, Body Oil", "v": 24.0}]}, {"source": 92, "prod": 0.14396143450734783, "target": 46, "value": 39.0, "supply": [{"l": "Honey", "v": 39.0}]}, {"source": 92, "prod": 0.53568067357892868, "target": 87, "value": 53.0, "supply": [{"l": "Cottonseed Oil", "v": 53.0}]}, {"source": 92, "prod": 0.28300111056999999, "target": 88, "value": 20.0, "supply": [{"l": "Palmkernel Oil", "v": 20.0}]}, {"source": 92, "prod": 0.16730359771932352, "target": 89, "value": 67.0, "supply": [{"l": "Cream", "v": 67.0}]}]}