{"nodes": [{"layer": 5, "name": "Maize"}, {"layer": 10, "name": "Feed", "fill": "#dbdb8d"}, {"layer": 5, "name": "Roots, Other"}, {"layer": 5, "name": "Rye"}, {"layer": 5, "name": "Fruits, Other"}, {"layer": 13, "name": "Sugar", "fill": "#d6616b"}, {"layer": 5, "name": "Barley"}, {"layer": 5, "name": "Rice"}, {"layer": 5, "name": "Tomatoes"}, {"layer": 5, "name": "Sunflower seed"}, {"layer": 13, "name": "Fats, Animals, Raw"}, {"layer": 5, "name": "Wheat"}, {"layer": 5, "name": "Vegetables, Other"}, {"layer": 5, "name": "Peas"}, {"layer": 5, "name": "Oilcrops, Other"}, {"layer": 5, "name": "Oats"}, {"layer": 5, "name": "Soyabeans"}, {"layer": 5, "name": "Potatoes"}, {"layer": 13, "name": "Milk - Excluding Butter"}, {"layer": 5, "name": "Beans"}, {"layer": 5, "name": "Apples"}, {"layer": 13, "name": "Fish, Seafood"}, {"layer": 5, "name": "Sugar beet"}, {"layer": 13, "name": "Meat, Other"}, {"layer": 5, "name": "Sorghum"}, {"layer": 5, "name": "Cereals, Other"}, {"layer": 13, "name": "Pelagic Fish"}, {"layer": 13, "name": "Fish, Body Oil"}, {"layer": 5, "name": "Millet"}, {"layer": 13, "name": "Offals, Edible"}, {"layer": 5, "name": "Sweet potatoes"}, {"layer": 5, "name": "Pulses, Other"}, {"layer": 5, "name": "Cassava"}, {"layer": 16, "name": "Food", "fill": "#b5cf6b"}, {"layer": 5, "name": "Olives"}, {"layer": 5, "name": "Infant food"}, {"layer": 5, "name": "Nuts"}, {"layer": 5, "name": "Dates"}, {"layer": 5, "name": "Yams"}, {"layer": 13, "name": "Oilcrops Oil, Other"}, {"layer": 13, "name": "Maize Germ Oil"}, {"layer": 13, "name": "Beer"}, {"layer": 13, "name": "Groundnut Oil"}, {"layer": 13, "name": "Beverages, Alcoholic"}, {"layer": 13, "name": "Sesameseed Oil"}, {"layer": 13, "name": "Honey"}, {"layer": 13, "name": "Butter, Ghee"}, {"layer": 5, "name": "Coffee"}, {"layer": 13, "name": "Soyabean Oil"}, {"layer": 5, "name": "Coconuts - Incl Copra"}, {"layer": 5, "name": "Treenuts"}, {"layer": 13, "name": "Crustaceans"}, {"layer": 13, "name": "Eggs"}, {"layer": 5, "name": "Sesame seed"}, {"layer": 13, "name": "Cephalopods"}, {"layer": 13, "name": "Coconut Oil"}, {"layer": 13, "name": "Marine Fish, Other"}, {"layer": 5, "name": "Grapes"}, {"layer": 5, "name": "Groundnuts"}, {"layer": 13, "name": "Palm Oil"}, {"layer": 5, "name": "Rape and Mustardseed"}, {"layer": 13, "name": "Wine"}, {"layer": 13, "name": "Sunflowerseed Oil"}, {"layer": 13, "name": "Olive Oil"}, {"layer": 13, "name": "Pigmeat"}, {"layer": 5, "name": "Cocoa Beans"}, {"layer": 13, "name": "Freshwater Fish"}, {"layer": 5, "name": "Pimento"}, {"layer": 5, "name": "Pepper"}, {"layer": 5, "name": "Grapefruit"}, {"layer": 13, "name": "Rape and Mustard Oil"}, {"layer": 5, "name": "Lemons, Limes"}, {"layer": 13, "name": "Mutton & Goat Meat"}, {"layer": 13, "name": "Sweeteners, Other"}, {"layer": 5, "name": "Pineapples"}, {"layer": 5, "name": "Bananas"}, {"layer": 13, "name": "Beverages, Fermented"}, {"layer": 5, "name": "Citrus, Other"}, {"layer": 5, "name": "Spices, Other"}, {"layer": 5, "name": "Tea"}, {"layer": 13, "name": "Molluscs, Other"}, {"layer": 13, "name": "Poultry Meat"}, {"layer": 13, "name": "Demersal Fish"}, {"layer": 5, "name": "Oranges, Mandarines"}, {"layer": 13, "name": "Bovine Meat"}, {"layer": 13, "name": "Cottonseed Oil"}, {"layer": 13, "name": "Palmkernel Oil"}, {"layer": 13, "name": "Cream"}, {"layer": 5, "name": "Onions"}, {"layer": 13, "name": "Fish, Liver Oil"}, {"layer": 10, "name": "Processing", "fill": "#9edae5"}, {"layer": 5, "name": "Cottonseed"}, {"layer": 5, "name": "Sugar cane"}, {"layer": 5, "name": "Palm kernels"}, {"layer": 16, "name": "Biofuels & Other", "fill": "#e7ba52"}, {"layer": 13, "name": "Alcohol, Non-Food"}, {"layer": 13, "name": "Aquatic Products, Other"}, {"layer": 13, "name": "Aquatic Plants"}, {"name": "Seed", "fill": "#dbdb8d"}, {"name": "Waste", "fill": "#c7c7c7"}, {"layer": 0, "name": "Import", "fill": "#aec7e8"}, {"layer": 16, "name": "Export", "fill": "#aec7e8"}, {"layer": 16, "name": "Stock Deposit", "fill": "#c7c7c7"}, {"layer": 0, "name": "Stock Draw", "fill": "#c7c7c7"}, {"layer": 0, "name": "Production", "fill": "#b5cf6b"}, {"layer": 5, "name": "Oil Palm"}], "links": [{"source": 0, "prod": 61.976898791571699, "target": 1, "value": 17344.0, "supply": [{"l": "Maize", "v": 17344.0}]}, {"source": 2, "prod": 0.0032920537352020413, "target": 1, "value": 3.0, "supply": [{"l": "Roots, Other", "v": 3.0}]}, {"source": 3, "prod": 1.0199738845327027, "target": 1, "value": 359.0, "supply": [{"l": "Rye", "v": 359.0}]}, {"source": 4, "prod": 0.011766396298265482, "target": 1, "value": 19.0, "supply": [{"l": "Fruits, Other", "v": 19.0}]}, {"source": 5, "prod": 0.027013742372590913, "target": 1, "value": 7.0, "supply": [{"l": "Sugar", "v": 7.0}]}, {"source": 6, "prod": 12.144818207372159, "target": 1, "value": 4177.0, "supply": [{"l": "Barley", "v": 4177.0}]}, {"source": 7, "prod": 0.030607845435038628, "target": 1, "value": 7.0, "supply": [{"l": "Rice", "v": 7.0}]}, {"source": 8, "prod": 0.0092580288959702613, "target": 1, "value": 44.0, "supply": [{"l": "Tomatoes", "v": 44.0}]}, {"source": 9, "prod": 0.023154636319363639, "target": 1, "value": 6.0, "supply": [{"l": "Sunflower seed", "v": 6.0}]}, {"source": 10, "prod": 0.30719458090579493, "target": 1, "value": 37.0, "supply": [{"l": "Fats, Animals, Raw", "v": 37.0}]}, {"source": 11, "prod": 1.8588553848987583, "target": 1, "value": 604.0, "supply": [{"l": "Wheat", "v": 604.0}]}, {"source": 12, "prod": 0.30322704872047046, "target": 1, "value": 1182.0, "supply": [{"l": "Vegetables, Other", "v": 1182.0}]}, {"source": 13, "prod": 0.0084900333171, "target": 1, "value": 2.0, "supply": [{"l": "Peas", "v": 2.0}]}, {"source": 14, "prod": 0.012128619024428572, "target": 1, "value": 2.0, "supply": [{"l": "Oilcrops, Other", "v": 2.0}]}, {"source": 15, "prod": 3.9757613162076866, "target": 1, "value": 1639.0, "supply": [{"l": "Oats", "v": 1639.0}]}, {"source": 16, "prod": 0.0075803868902678583, "target": 1, "value": 2.0, "supply": [{"l": "Soyabeans", "v": 2.0}]}, {"source": 17, "prod": 1.3551132770007981, "target": 1, "value": 1738.0, "supply": [{"l": "Potatoes", "v": 1738.0}]}, {"source": 18, "prod": 2.5616581438377382, "target": 1, "value": 4347.0, "supply": [{"l": "Milk - Excluding Butter", "v": 4347.0}]}, {"source": 19, "prod": 0.043359813012332146, "target": 1, "value": 11.0, "supply": [{"l": "Beans", "v": 11.0}]}, {"source": 20, "prod": 0.07007462696924284, "target": 1, "value": 121.0, "supply": [{"l": "Apples", "v": 121.0}]}, {"source": 21, "prod": 0.98793114962618189, "target": 1, "value": 1448.0, "supply": [{"l": "Fish, Seafood", "v": 1448.0}]}, {"source": 22, "prod": 0.47069999909999999, "target": 1, "value": 405.0, "supply": [{"l": "Sugar beet", "v": 405.0}]}, {"source": 23, "prod": 0.0034188053625906047, "target": 1, "value": 3.0, "supply": [{"l": "Meat, Other", "v": 3.0}]}, {"source": 24, "prod": 1.1233149263047135, "target": 1, "value": 365.0, "supply": [{"l": "Sorghum", "v": 365.0}]}, {"source": 25, "prod": 0.070750277642500012, "target": 1, "value": 30.0, "supply": [{"l": "Cereals, Other", "v": 30.0}]}, {"source": 26, "prod": 1.5271513345541368, "target": 1, "value": 1448.0, "supply": [{"l": "Pelagic Fish", "v": 1448.0}]}, {"source": 27, "prod": 0.19102574963475, "target": 1, "value": 9.0, "supply": [{"l": "Fish, Body Oil", "v": 9.0}]}, {"source": 28, "prod": 1.2310548309795002, "target": 1, "value": 174.0, "supply": [{"l": "Millet", "v": 174.0}]}, {"source": 29, "prod": 0.0050125657960738016, "target": 1, "value": 4.0, "supply": [{"l": "Offals, Edible", "v": 4.0}]}, {"source": 30, "prod": 0.099050388699500017, "target": 1, "value": 70.0, "supply": [{"l": "Sweet potatoes", "v": 70.0}]}, {"source": 31, "prod": 3.5982062805765107, "target": 1, "value": 901.0, "supply": [{"l": "Pulses, Other", "v": 901.0}]}, {"source": 32, "prod": 0.049380806028030612, "target": 1, "value": 45.0, "supply": [{"l": "Cassava", "v": 45.0}]}, {"source": 0, "prod": 4.3702575658494114, "target": 33, "value": 1223.0, "supply": [{"l": "Maize", "v": 1223.0}]}, {"source": 34, "prod": 0.21127869170798477, "target": 33, "value": 163.0, "supply": [{"l": "Olives", "v": 163.0}]}, {"source": 35, "prod": 0.050940199902600007, "target": 33, "value": 6.0, "supply": [{"l": "Infant food", "v": 6.0}]}, {"source": 3, "prod": 0.89780431061931476, "target": 33, "value": 316.0, "supply": [{"l": "Rye", "v": 316.0}]}, {"source": 36, "prod": 1.6301451514390277, "target": 33, "value": 716.0, "supply": [{"l": "Nuts", "v": 716.0}]}, {"source": 37, "prod": 0.053062708231874998, "target": 33, "value": 20.0, "supply": [{"l": "Dates", "v": 20.0}]}, {"source": 38, "prod": 0.0021947024901346939, "target": 33, "value": 2.0, "supply": [{"l": "Yams", "v": 2.0}]}, {"source": 5, "prod": 12.912568854098456, "target": 33, "value": 3346.0, "supply": [{"l": "Sugar", "v": 3346.0}]}, {"source": 39, "prod": 0.68470546474019445, "target": 33, "value": 67.0, "supply": [{"l": "Oilcrops Oil, Other", "v": 67.0}]}, {"source": 40, "prod": 0.37419035730922223, "target": 33, "value": 34.0, "supply": [{"l": "Maize Germ Oil", "v": 34.0}]}, {"source": 41, "prod": 1.2105389390139543, "target": 33, "value": 2078.0, "supply": [{"l": "Beer", "v": 2078.0}]}, {"source": 42, "prod": 1.3640119565114435, "target": 33, "value": 131.0, "supply": [{"l": "Groundnut Oil", "v": 131.0}]}, {"source": 43, "prod": 1.3171836255629421, "target": 33, "value": 386.0, "supply": [{"l": "Beverages, Alcoholic", "v": 386.0}]}, {"source": 6, "prod": 0.26458665474523974, "target": 33, "value": 91.0, "supply": [{"l": "Barley", "v": 91.0}]}, {"source": 20, "prod": 1.0528567919841612, "target": 33, "value": 1818.0, "supply": [{"l": "Apples", "v": 1818.0}]}, {"source": 44, "prod": 0.20975376430482356, "target": 33, "value": 21.0, "supply": [{"l": "Sesameseed Oil", "v": 21.0}]}, {"source": 45, "prod": 0.10527641313203999, "target": 33, "value": 31.0, "supply": [{"l": "Honey", "v": 31.0}]}, {"source": 7, "prod": 2.5273335230646183, "target": 33, "value": 578.0, "supply": [{"l": "Rice", "v": 578.0}]}, {"source": 46, "prod": 1.1060626738110835, "target": 33, "value": 134.0, "supply": [{"l": "Butter, Ghee", "v": 134.0}]}, {"source": 8, "prod": 0.84205981003802233, "target": 33, "value": 4002.0, "supply": [{"l": "Tomatoes", "v": 4002.0}]}, {"source": 10, "prod": 3.2629046025939838, "target": 33, "value": 393.0, "supply": [{"l": "Fats, Animals, Raw", "v": 393.0}]}, {"source": 47, "prod": 0.10515574260773607, "target": 33, "value": 244.0, "supply": [{"l": "Coffee", "v": 244.0}]}, {"source": 11, "prod": 58.840159112383063, "target": 33, "value": 19119.0, "supply": [{"l": "Wheat", "v": 19119.0}]}, {"source": 48, "prod": 2.8877284374609871, "target": 33, "value": 282.0, "supply": [{"l": "Soyabean Oil", "v": 282.0}]}, {"source": 49, "prod": 0.051546630853821433, "target": 33, "value": 17.0, "supply": [{"l": "Coconuts - Incl Copra", "v": 17.0}]}, {"source": 50, "prod": 1.6301451514390277, "target": 33, "value": 716.0, "supply": [{"l": "Treenuts", "v": 716.0}]}, {"source": 51, "prod": 0.053062708231874998, "target": 33, "value": 45.0, "supply": [{"l": "Crustaceans", "v": 45.0}]}, {"source": 52, "prod": 1.6854588191849542, "target": 33, "value": 1041.0, "supply": [{"l": "Eggs", "v": 1041.0}]}, {"source": 12, "prod": 2.9996902543895607, "target": 33, "value": 11693.0, "supply": [{"l": "Vegetables, Other", "v": 11693.0}]}, {"source": 13, "prod": 0.21225083292749999, "target": 33, "value": 50.0, "supply": [{"l": "Peas", "v": 50.0}]}, {"source": 53, "prod": 0.023154636319363639, "target": 33, "value": 3.0, "supply": [{"l": "Sesame seed", "v": 3.0}]}, {"source": 54, "prod": 0.10493299605404494, "target": 33, "value": 110.0, "supply": [{"l": "Cephalopods", "v": 110.0}]}, {"source": 55, "prod": 0.15463989256146429, "target": 33, "value": 17.0, "supply": [{"l": "Coconut Oil", "v": 17.0}]}, {"source": 56, "prod": 0.21055282626408003, "target": 33, "value": 279.0, "supply": [{"l": "Marine Fish, Other", "v": 279.0}]}, {"source": 57, "prod": 1.3151501281685722, "target": 33, "value": 1699.0, "supply": [{"l": "Grapes", "v": 1699.0}]}, {"source": 58, "prod": 0.26370558030386371, "target": 33, "value": 41.0, "supply": [{"l": "Groundnuts", "v": 41.0}]}, {"source": 59, "prod": 0.10915757121985717, "target": 33, "value": 9.0, "supply": [{"l": "Palm Oil", "v": 9.0}]}, {"source": 60, "prod": 0.0030321547561071431, "target": 33, "value": 1.0, "supply": [{"l": "Rape and Mustardseed", "v": 1.0}]}, {"source": 61, "prod": 7.3676067938186396, "target": 33, "value": 9304.0, "supply": [{"l": "Wine", "v": 9304.0}]}, {"source": 62, "prod": 1.9402223198196176, "target": 33, "value": 189.0, "supply": [{"l": "Sunflowerseed Oil", "v": 189.0}]}, {"source": 15, "prod": 0.014554342829314287, "target": 33, "value": 6.0, "supply": [{"l": "Oats", "v": 6.0}]}, {"source": 63, "prod": 10.058002761359356, "target": 33, "value": 980.0, "supply": [{"l": "Olive Oil", "v": 980.0}]}, {"source": 64, "prod": 2.841601519233917, "target": 33, "value": 1583.0, "supply": [{"l": "Pigmeat", "v": 1583.0}]}, {"source": 65, "prod": 0.10539351703986208, "target": 33, "value": 72.0, "supply": [{"l": "Cocoa Beans", "v": 72.0}]}, {"source": 17, "prod": 6.6313224516063221, "target": 33, "value": 8505.0, "supply": [{"l": "Potatoes", "v": 8505.0}]}, {"source": 66, "prod": 0.053270797283764708, "target": 33, "value": 64.0, "supply": [{"l": "Freshwater Fish", "v": 64.0}]}, {"source": 67, "prod": 0.053770211008300005, "target": 33, "value": 19.0, "supply": [{"l": "Pimento", "v": 19.0}]}, {"source": 68, "prod": 0.0069733333200000004, "target": 33, "value": 6.0, "supply": [{"l": "Pepper", "v": 6.0}]}, {"source": 69, "prod": 0.015108888860000001, "target": 33, "value": 13.0, "supply": [{"l": "Grapefruit", "v": 13.0}]}, {"source": 70, "prod": 0.7306995887668033, "target": 33, "value": 75.0, "supply": [{"l": "Rape and Mustard Oil", "v": 75.0}]}, {"source": 18, "prod": 10.314990602653731, "target": 33, "value": 17504.0, "supply": [{"l": "Milk - Excluding Butter", "v": 17504.0}]}, {"source": 26, "prod": 0.63174285179414913, "target": 33, "value": 599.0, "supply": [{"l": "Pelagic Fish", "v": 599.0}]}, {"source": 19, "prod": 2.0536784163113677, "target": 33, "value": 521.0, "supply": [{"l": "Beans", "v": 521.0}]}, {"source": 31, "prod": 1.4177172359652177, "target": 33, "value": 355.0, "supply": [{"l": "Pulses, Other", "v": 355.0}]}, {"source": 21, "prod": 1.6838495008821939, "target": 33, "value": 2468.0, "supply": [{"l": "Fish, Seafood", "v": 2468.0}]}, {"source": 23, "prod": 0.21082633069308726, "target": 33, "value": 185.0, "supply": [{"l": "Meat, Other", "v": 185.0}]}, {"source": 71, "prod": 0.052570736102572839, "target": 33, "value": 374.0, "supply": [{"l": "Lemons, Limes", "v": 374.0}]}, {"source": 25, "prod": 0.054241879525916678, "target": 33, "value": 23.0, "supply": [{"l": "Cereals, Other", "v": 23.0}]}, {"source": 72, "prod": 0.94698666704177725, "target": 33, "value": 378.0, "supply": [{"l": "Mutton & Goat Meat", "v": 378.0}]}, {"source": 73, "prod": 0.10419586343713638, "target": 33, "value": 27.0, "supply": [{"l": "Sweeteners, Other", "v": 27.0}]}, {"source": 74, "prod": 0.0024557947611446281, "target": 33, "value": 7.0, "supply": [{"l": "Pineapples", "v": 7.0}]}, {"source": 75, "prod": 0.42068981416160822, "target": 33, "value": 607.0, "supply": [{"l": "Bananas", "v": 607.0}]}, {"source": 76, "prod": 0.02526795630089286, "target": 33, "value": 40.0, "supply": [{"l": "Beverages, Fermented", "v": 40.0}]}, {"source": 77, "prod": 0.019817088502341863, "target": 33, "value": 32.0, "supply": [{"l": "Citrus, Other", "v": 32.0}]}, {"source": 78, "prod": 0.009988274490705884, "target": 33, "value": 4.0, "supply": [{"l": "Spices, Other", "v": 4.0}]}, {"source": 79, "prod": 0.0047369125150107209, "target": 33, "value": 5.0, "supply": [{"l": "Tea", "v": 5.0}]}, {"source": 4, "prod": 2.7892552067046177, "target": 33, "value": 4504.0, "supply": [{"l": "Fruits, Other", "v": 4504.0}]}, {"source": 80, "prod": 0.11389777756000001, "target": 33, "value": 98.0, "supply": [{"l": "Molluscs, Other", "v": 98.0}]}, {"source": 28, "prod": 0.056600222114000003, "target": 33, "value": 8.0, "supply": [{"l": "Millet", "v": 8.0}]}, {"source": 81, "prod": 1.5784491817025712, "target": 33, "value": 1087.0, "supply": [{"l": "Poultry Meat", "v": 1087.0}]}, {"source": 29, "prod": 0.4210555268701992, "target": 33, "value": 336.0, "supply": [{"l": "Offals, Edible", "v": 336.0}]}, {"source": 30, "prod": 0.10612541646375, "target": 33, "value": 75.0, "supply": [{"l": "Sweet potatoes", "v": 75.0}]}, {"source": 82, "prod": 0.63128040699608801, "target": 33, "value": 1269.0, "supply": [{"l": "Demersal Fish", "v": 1269.0}]}, {"source": 83, "prod": 0.89447185485021441, "target": 33, "value": 2179.0, "supply": [{"l": "Oranges, Mandarines", "v": 2179.0}]}, {"source": 84, "prod": 3.8948232585764995, "target": 33, "value": 1928.0, "supply": [{"l": "Bovine Meat", "v": 1928.0}]}, {"source": 85, "prod": 0.26278674552928577, "target": 33, "value": 26.0, "supply": [{"l": "Cottonseed Oil", "v": 26.0}]}, {"source": 86, "prod": 0.018866740704666669, "target": 33, "value": 2.0, "supply": [{"l": "Palmkernel Oil", "v": 2.0}]}, {"source": 87, "prod": 0.053621263055368434, "target": 33, "value": 24.0, "supply": [{"l": "Cream", "v": 24.0}]}, {"source": 88, "prod": 0.68447470218587669, "target": 33, "value": 1538.0, "supply": [{"l": "Onions", "v": 1538.0}]}, {"source": 89, "prod": 0.0023244444400000001, "target": 33, "value": 2.0, "supply": [{"l": "Fish, Liver Oil", "v": 2.0}]}, {"source": 0, "prod": 0.75755895663129602, "target": 90, "value": 212.0, "supply": [{"l": "Maize", "v": 212.0}]}, {"source": 34, "prod": 7.1847717063641676, "target": 90, "value": 5543.0, "supply": [{"l": "Olives", "v": 5543.0}]}, {"source": 4, "prod": 0.30282988367641162, "target": 90, "value": 489.0, "supply": [{"l": "Fruits, Other", "v": 489.0}]}, {"source": 5, "prod": 0.003859106053227273, "target": 90, "value": 1.0, "supply": [{"l": "Sugar", "v": 1.0}]}, {"source": 6, "prod": 1.7823254874596919, "target": 90, "value": 613.0, "supply": [{"l": "Barley", "v": 613.0}]}, {"source": 7, "prod": 0.04809804282648928, "target": 90, "value": 11.0, "supply": [{"l": "Rice", "v": 11.0}]}, {"source": 9, "prod": 1.7481750421119546, "target": 90, "value": 453.0, "supply": [{"l": "Sunflower seed", "v": 453.0}]}, {"source": 10, "prod": 0.11623578736976023, "target": 90, "value": 14.0, "supply": [{"l": "Fats, Animals, Raw", "v": 14.0}]}, {"source": 11, "prod": 0.24928358638542958, "target": 90, "value": 81.0, "supply": [{"l": "Wheat", "v": 81.0}]}, {"source": 49, "prod": 0.60946310597753584, "target": 90, "value": 201.0, "supply": [{"l": "Coconuts - Incl Copra", "v": 201.0}]}, {"source": 12, "prod": 0.025653726626097332, "target": 90, "value": 100.0, "supply": [{"l": "Vegetables, Other", "v": 100.0}]}, {"source": 53, "prod": 0.35503775689690914, "target": 90, "value": 46.0, "supply": [{"l": "Sesame seed", "v": 46.0}]}, {"source": 91, "prod": 0.81564962939282148, "target": 90, "value": 269.0, "supply": [{"l": "Cottonseed", "v": 269.0}]}, {"source": 57, "prod": 12.980431135526068, "target": 90, "value": 16769.0, "supply": [{"l": "Grapes", "v": 16769.0}]}, {"source": 58, "prod": 1.691574819997955, "target": 90, "value": 263.0, "supply": [{"l": "Groundnuts", "v": 263.0}]}, {"source": 14, "prod": 2.2862446861047858, "target": 90, "value": 377.0, "supply": [{"l": "Oilcrops, Other", "v": 377.0}]}, {"source": 61, "prod": 0.31358257634911663, "target": 90, "value": 396.0, "supply": [{"l": "Wine", "v": 396.0}]}, {"source": 64, "prod": 0.0017950736065912298, "target": 90, "value": 1.0, "supply": [{"l": "Pigmeat", "v": 1.0}]}, {"source": 65, "prod": 0.0058551953911034479, "target": 90, "value": 4.0, "supply": [{"l": "Cocoa Beans", "v": 4.0}]}, {"source": 16, "prod": 5.3517531445291082, "target": 90, "value": 1412.0, "supply": [{"l": "Soyabeans", "v": 1412.0}]}, {"source": 17, "prod": 0.0054578785609928583, "target": 90, "value": 7.0, "supply": [{"l": "Potatoes", "v": 7.0}]}, {"source": 18, "prod": 0.0053036400493534953, "target": 90, "value": 9.0, "supply": [{"l": "Milk - Excluding Butter", "v": 9.0}]}, {"source": 20, "prod": 0.098451955246043679, "target": 90, "value": 170.0, "supply": [{"l": "Apples", "v": 170.0}]}, {"source": 22, "prod": 25.671164395360002, "target": 90, "value": 22088.0, "supply": [{"l": "Sugar beet", "v": 22088.0}]}, {"source": 39, "prod": 0.020438969096722222, "target": 90, "value": 2.0, "supply": [{"l": "Oilcrops Oil, Other", "v": 2.0}]}, {"source": 92, "prod": 0.17280598787017701, "target": 90, "value": 460.0, "supply": [{"l": "Sugar cane", "v": 460.0}]}, {"source": 60, "prod": 0.66404189158746429, "target": 90, "value": 219.0, "supply": [{"l": "Rape and Mustardseed", "v": 219.0}]}, {"source": 93, "prod": 0.027289392804964292, "target": 90, "value": 9.0, "supply": [{"l": "Palm kernels", "v": 9.0}]}, {"source": 0, "prod": 1.9796587828949908, "target": 94, "value": 554.0, "supply": [{"l": "Maize", "v": 554.0}]}, {"source": 2, "prod": 0.0021947024901346939, "target": 94, "value": 2.0, "supply": [{"l": "Roots, Other", "v": 2.0}]}, {"source": 95, "prod": 0.20905505089941104, "target": 94, "value": 264.0, "supply": [{"l": "Alcohol, Non-Food", "v": 264.0}]}, {"source": 36, "prod": 0.047811519804775958, "target": 94, "value": 21.0, "supply": [{"l": "Nuts", "v": 21.0}]}, {"source": 5, "prod": 0.061745696851636368, "target": 94, "value": 16.0, "supply": [{"l": "Sugar", "v": 16.0}]}, {"source": 77, "prod": 0.008669976219774566, "target": 94, "value": 14.0, "supply": [{"l": "Citrus, Other", "v": 14.0}]}, {"source": 41, "prod": 0.030292600976287592, "target": 94, "value": 52.0, "supply": [{"l": "Beer", "v": 52.0}]}, {"source": 42, "prod": 0.020824610023075472, "target": 94, "value": 2.0, "supply": [{"l": "Groundnut Oil", "v": 2.0}]}, {"source": 43, "prod": 0.78143795402568339, "target": 94, "value": 229.0, "supply": [{"l": "Beverages, Alcoholic", "v": 229.0}]}, {"source": 96, "prod": 0.048276660038411759, "target": 94, "value": 58.0, "supply": [{"l": "Aquatic Products, Other", "v": 58.0}]}, {"source": 20, "prod": 0.0057912914850613917, "target": 94, "value": 10.0, "supply": [{"l": "Apples", "v": 10.0}]}, {"source": 7, "prod": 0.030607845435038628, "target": 94, "value": 7.0, "supply": [{"l": "Rice", "v": 7.0}]}, {"source": 8, "prod": 0.0023145072239925653, "target": 94, "value": 11.0, "supply": [{"l": "Tomatoes", "v": 11.0}]}, {"source": 10, "prod": 2.8394742343184287, "target": 94, "value": 342.0, "supply": [{"l": "Fats, Animals, Raw", "v": 342.0}]}, {"source": 47, "prod": 0.00043096615822842648, "target": 94, "value": 1.0, "supply": [{"l": "Coffee", "v": 1.0}]}, {"source": 11, "prod": 0.16003390730916464, "target": 94, "value": 52.0, "supply": [{"l": "Wheat", "v": 52.0}]}, {"source": 48, "prod": 0.030720515292138161, "target": 94, "value": 3.0, "supply": [{"l": "Soyabean Oil", "v": 3.0}]}, {"source": 49, "prod": 0.0060643095122142861, "target": 94, "value": 2.0, "supply": [{"l": "Coconuts - Incl Copra", "v": 2.0}]}, {"source": 50, "prod": 0.047811519804775958, "target": 94, "value": 21.0, "supply": [{"l": "Treenuts", "v": 21.0}]}, {"source": 52, "prod": 0.0016190766754898692, "target": 94, "value": 1.0, "supply": [{"l": "Eggs", "v": 1.0}]}, {"source": 12, "prod": 0.0097484161179169845, "target": 94, "value": 38.0, "supply": [{"l": "Vegetables, Other", "v": 38.0}]}, {"source": 92, "prod": 0.0063863082473761068, "target": 94, "value": 17.0, "supply": [{"l": "Sugar cane", "v": 17.0}]}, {"source": 57, "prod": 0.020125899548194753, "target": 94, "value": 26.0, "supply": [{"l": "Grapes", "v": 26.0}]}, {"source": 59, "prod": 0.69133128439242864, "target": 94, "value": 57.0, "supply": [{"l": "Palm Oil", "v": 57.0}]}, {"source": 82, "prod": 0.055715843643468752, "target": 94, "value": 112.0, "supply": [{"l": "Demersal Fish", "v": 112.0}]}, {"source": 14, "prod": 0.036385857073285718, "target": 94, "value": 6.0, "supply": [{"l": "Oilcrops, Other", "v": 6.0}]}, {"source": 61, "prod": 0.025340006169625586, "target": 94, "value": 32.0, "supply": [{"l": "Wine", "v": 32.0}]}, {"source": 62, "prod": 0.17451735151816666, "target": 94, "value": 17.0, "supply": [{"l": "Sunflowerseed Oil", "v": 17.0}]}, {"source": 63, "prod": 0.91343086302141085, "target": 94, "value": 89.0, "supply": [{"l": "Olive Oil", "v": 89.0}]}, {"source": 64, "prod": 0.032311324918642137, "target": 94, "value": 18.0, "supply": [{"l": "Pigmeat", "v": 18.0}]}, {"source": 91, "prod": 0.036385857073285718, "target": 94, "value": 12.0, "supply": [{"l": "Cottonseed", "v": 12.0}]}, {"source": 17, "prod": 0.077969693728469402, "target": 94, "value": 100.0, "supply": [{"l": "Potatoes", "v": 100.0}]}, {"source": 55, "prod": 0.33656917792789287, "target": 94, "value": 37.0, "supply": [{"l": "Coconut Oil", "v": 37.0}]}, {"source": 70, "prod": 0.077941289468459019, "target": 94, "value": 8.0, "supply": [{"l": "Rape and Mustard Oil", "v": 8.0}]}, {"source": 18, "prod": 0.35121882993496478, "target": 94, "value": 596.0, "supply": [{"l": "Milk - Excluding Butter", "v": 596.0}]}, {"source": 19, "prod": 0.0039418011829392861, "target": 94, "value": 1.0, "supply": [{"l": "Beans", "v": 1.0}]}, {"source": 31, "prod": 0.011980709036325784, "target": 94, "value": 3.0, "supply": [{"l": "Pulses, Other", "v": 3.0}]}, {"source": 21, "prod": 0.096882750861131101, "target": 94, "value": 142.0, "supply": [{"l": "Fish, Seafood", "v": 142.0}]}, {"source": 39, "prod": 0.96063154754594449, "target": 94, "value": 94.0, "supply": [{"l": "Oilcrops Oil, Other", "v": 94.0}]}, {"source": 71, "prod": 0.00084338079308940396, "target": 94, "value": 6.0, "supply": [{"l": "Lemons, Limes", "v": 6.0}]}, {"source": 72, "prod": 0.010021022931659018, "target": 94, "value": 4.0, "supply": [{"l": "Mutton & Goat Meat", "v": 4.0}]}, {"source": 73, "prod": 0.32416490847109097, "target": 94, "value": 84.0, "supply": [{"l": "Sweeteners, Other", "v": 84.0}]}, {"source": 75, "prod": 0.00069306394425306132, "target": 94, "value": 1.0, "supply": [{"l": "Bananas", "v": 1.0}]}, {"source": 84, "prod": 0.01818122890414341, "target": 94, "value": 9.0, "supply": [{"l": "Bovine Meat", "v": 9.0}]}, {"source": 4, "prod": 0.008669976219774566, "target": 94, "value": 14.0, "supply": [{"l": "Fruits, Other", "v": 14.0}]}, {"source": 80, "prod": 0.034866666599999999, "target": 94, "value": 30.0, "supply": [{"l": "Molluscs, Other", "v": 30.0}]}, {"source": 27, "prod": 0.31837624939125003, "target": 94, "value": 15.0, "supply": [{"l": "Fish, Body Oil", "v": 15.0}]}, {"source": 81, "prod": 0.0058084606502394531, "target": 94, "value": 4.0, "supply": [{"l": "Poultry Meat", "v": 4.0}]}, {"source": 29, "prod": 0.0075188486941107011, "target": 94, "value": 6.0, "supply": [{"l": "Offals, Edible", "v": 6.0}]}, {"source": 97, "prod": 0.048276660038411759, "target": 94, "value": 58.0, "supply": [{"l": "Aquatic Plants", "v": 58.0}]}, {"source": 83, "prod": 0.0061574473716168952, "target": 94, "value": 15.0, "supply": [{"l": "Oranges, Mandarines", "v": 15.0}]}, {"source": 85, "prod": 0.14150055528500002, "target": 94, "value": 14.0, "supply": [{"l": "Cottonseed Oil", "v": 14.0}]}, {"source": 86, "prod": 0.12263381458033334, "target": 94, "value": 13.0, "supply": [{"l": "Palmkernel Oil", "v": 13.0}]}, {"source": 88, "prod": 0.0008900841380830647, "target": 94, "value": 2.0, "supply": [{"l": "Onions", "v": 2.0}]}, {"source": 32, "prod": 0.0010973512450673469, "target": 94, "value": 1.0, "supply": [{"l": "Cassava", "v": 1.0}]}, {"source": 9, "prod": 0.011577318159681819, "target": 98, "value": 3.0, "supply": [{"l": "Sunflower seed", "v": 3.0}]}, {"source": 0, "prod": 0.80758643489940052, "target": 98, "value": 226.0, "supply": [{"l": "Maize", "v": 226.0}]}, {"source": 3, "prod": 0.28979759393408266, "target": 98, "value": 102.0, "supply": [{"l": "Rye", "v": 102.0}]}, {"source": 11, "prod": 5.9243321455796538, "target": 98, "value": 1925.0, "supply": [{"l": "Wheat", "v": 1925.0}]}, {"source": 15, "prod": 0.48029331336737147, "target": 98, "value": 198.0, "supply": [{"l": "Oats", "v": 198.0}]}, {"source": 91, "prod": 0.08186817841489287, "target": 98, "value": 27.0, "supply": [{"l": "Cottonseed", "v": 27.0}]}, {"source": 17, "prod": 1.5999381153081922, "target": 98, "value": 2052.0, "supply": [{"l": "Potatoes", "v": 2052.0}]}, {"source": 52, "prod": 0.1052399839068415, "target": 52, "value": 65.0, "supply": [{"l": "Eggs", "v": 65.0}]}, {"source": 12, "prod": 0.0025653726626097329, "target": 98, "value": 10.0, "supply": [{"l": "Vegetables, Other", "v": 10.0}]}, {"source": 13, "prod": 0.055185216561150004, "target": 98, "value": 13.0, "supply": [{"l": "Peas", "v": 13.0}]}, {"source": 28, "prod": 0.0070750277642500003, "target": 98, "value": 1.0, "supply": [{"l": "Millet", "v": 1.0}]}, {"source": 19, "prod": 0.33505310054983928, "target": 98, "value": 85.0, "supply": [{"l": "Beans", "v": 85.0}]}, {"source": 6, "prod": 0.96530515797164396, "target": 98, "value": 332.0, "supply": [{"l": "Barley", "v": 332.0}]}, {"source": 58, "prod": 0.0064318434220454555, "target": 98, "value": 1.0, "supply": [{"l": "Groundnuts", "v": 1.0}]}, {"source": 14, "prod": 0.036385857073285718, "target": 98, "value": 6.0, "supply": [{"l": "Oilcrops, Other", "v": 6.0}]}, {"source": 7, "prod": 0.14866667782733048, "target": 98, "value": 34.0, "supply": [{"l": "Rice", "v": 34.0}]}, {"source": 24, "prod": 0.0092327254216825767, "target": 98, "value": 3.0, "supply": [{"l": "Sorghum", "v": 3.0}]}, {"source": 25, "prod": 0.028300111057000001, "target": 98, "value": 12.0, "supply": [{"l": "Cereals, Other", "v": 12.0}]}, {"source": 31, "prod": 0.63098400924649134, "target": 98, "value": 158.0, "supply": [{"l": "Pulses, Other", "v": 158.0}]}, {"source": 0, "prod": 2.3048373916376699, "target": 99, "value": 645.0, "supply": [{"l": "Maize", "v": 645.0}]}, {"source": 34, "prod": 0.0051847531707480913, "target": 99, "value": 4.0, "supply": [{"l": "Olives", "v": 4.0}]}, {"source": 3, "prod": 0.011364611526826772, "target": 99, "value": 4.0, "supply": [{"l": "Rye", "v": 4.0}]}, {"source": 4, "prod": 0.19879016903911684, "target": 99, "value": 321.0, "supply": [{"l": "Fruits, Other", "v": 321.0}]}, {"source": 41, "prod": 0.0023302000750990456, "target": 99, "value": 4.0, "supply": [{"l": "Beer", "v": 4.0}]}, {"source": 69, "prod": 0.0011622222200000001, "target": 99, "value": 1.0, "supply": [{"l": "Grapefruit", "v": 1.0}]}, {"source": 6, "prod": 0.1424697371705137, "target": 99, "value": 49.0, "supply": [{"l": "Barley", "v": 49.0}]}, {"source": 7, "prod": 0.0087450986957253226, "target": 99, "value": 2.0, "supply": [{"l": "Rice", "v": 2.0}]}, {"source": 36, "prod": 0.034151085574839965, "target": 99, "value": 15.0, "supply": [{"l": "Nuts", "v": 15.0}]}, {"source": 9, "prod": 0.038591060532272729, "target": 99, "value": 10.0, "supply": [{"l": "Sunflower seed", "v": 10.0}]}, {"source": 47, "prod": 0.0021548307911421322, "target": 99, "value": 5.0, "supply": [{"l": "Coffee", "v": 5.0}]}, {"source": 11, "prod": 0.77247136028077545, "target": 99, "value": 251.0, "supply": [{"l": "Wheat", "v": 251.0}]}, {"source": 50, "prod": 0.036427824613162636, "target": 99, "value": 16.0, "supply": [{"l": "Treenuts", "v": 16.0}]}, {"source": 52, "prod": 0.01942892010587843, "target": 99, "value": 12.0, "supply": [{"l": "Eggs", "v": 12.0}]}, {"source": 12, "prod": 0.46715436186123233, "target": 99, "value": 1821.0, "supply": [{"l": "Vegetables, Other", "v": 1821.0}]}, {"source": 13, "prod": 0.0084900333171, "target": 99, "value": 2.0, "supply": [{"l": "Peas", "v": 2.0}]}, {"source": 91, "prod": 0.030321547561071433, "target": 99, "value": 10.0, "supply": [{"l": "Cottonseed", "v": 10.0}]}, {"source": 8, "prod": 0.1752713197805279, "target": 99, "value": 833.0, "supply": [{"l": "Tomatoes", "v": 833.0}]}, {"source": 57, "prod": 0.13159242012281183, "target": 99, "value": 170.0, "supply": [{"l": "Grapes", "v": 170.0}]}, {"source": 14, "prod": 0.012128619024428572, "target": 99, "value": 2.0, "supply": [{"l": "Oilcrops, Other", "v": 2.0}]}, {"source": 72, "prod": 0.0050105114658295091, "target": 99, "value": 2.0, "supply": [{"l": "Mutton & Goat Meat", "v": 2.0}]}, {"source": 37, "prod": 0.00265313541159375, "target": 99, "value": 1.0, "supply": [{"l": "Dates", "v": 1.0}]}, {"source": 15, "prod": 0.041237304683057141, "target": 99, "value": 17.0, "supply": [{"l": "Oats", "v": 17.0}]}, {"source": 16, "prod": 0.0037901934451339291, "target": 99, "value": 1.0, "supply": [{"l": "Soyabeans", "v": 1.0}]}, {"source": 17, "prod": 0.94733177880090336, "target": 99, "value": 1215.0, "supply": [{"l": "Potatoes", "v": 1215.0}]}, {"source": 18, "prod": 0.19977044185898168, "target": 99, "value": 339.0, "supply": [{"l": "Milk - Excluding Butter", "v": 339.0}]}, {"source": 19, "prod": 0.086719626024664292, "target": 99, "value": 22.0, "supply": [{"l": "Beans", "v": 22.0}]}, {"source": 20, "prod": 0.16563093647275579, "target": 99, "value": 286.0, "supply": [{"l": "Apples", "v": 286.0}]}, {"source": 22, "prod": 0.11622222200000001, "target": 99, "value": 100.0, "supply": [{"l": "Sugar beet", "v": 100.0}]}, {"source": 71, "prod": 0.01518085427560927, "target": 99, "value": 108.0, "supply": [{"l": "Lemons, Limes", "v": 108.0}]}, {"source": 24, "prod": 0.015387875702804294, "target": 99, "value": 5.0, "supply": [{"l": "Sorghum", "v": 5.0}]}, {"source": 61, "prod": 0.34684133444675019, "target": 99, "value": 438.0, "supply": [{"l": "Wine", "v": 438.0}]}, {"source": 75, "prod": 0.092177504585657155, "target": 99, "value": 133.0, "supply": [{"l": "Bananas", "v": 133.0}]}, {"source": 29, "prod": 0.0012531414490184504, "target": 99, "value": 1.0, "supply": [{"l": "Offals, Edible", "v": 1.0}]}, {"source": 30, "prod": 0.0169800666342, "target": 99, "value": 12.0, "supply": [{"l": "Sweet potatoes", "v": 12.0}]}, {"source": 83, "prod": 0.11534951409495652, "target": 99, "value": 281.0, "supply": [{"l": "Oranges, Mandarines", "v": 281.0}]}, {"source": 88, "prod": 0.077882362082268161, "target": 99, "value": 175.0, "supply": [{"l": "Onions", "v": 175.0}]}, {"source": 31, "prod": 0.13178779939958363, "target": 99, "value": 33.0, "supply": [{"l": "Pulses, Other", "v": 33.0}]}, {"source": 100, "prod": 0.0594302332197, "target": 35, "value": 7.0, "supply": [{"l": "Infant food", "v": 7.0}]}, {"source": 100, "prod": 0.0070750277642500003, "target": 30, "value": 5.0, "supply": [{"l": "Sweet potatoes", "v": 5.0}]}, {"source": 100, "prod": 0.004994137245352942, "target": 78, "value": 2.0, "supply": [{"l": "Spices, Other", "v": 2.0}]}, {"source": 100, "prod": 0.0018936877287211897, "target": 8, "value": 9.0, "supply": [{"l": "Tomatoes", "v": 9.0}]}, {"source": 100, "prod": 0.051575508518165308, "target": 32, "value": 47.0, "supply": [{"l": "Cassava", "v": 47.0}]}, {"source": 100, "prod": 0.0046385943619917215, "target": 71, "value": 33.0, "supply": [{"l": "Lemons, Limes", "v": 33.0}]}, {"source": 100, "prod": 0.025044129421549311, "target": 50, "value": 11.0, "supply": [{"l": "Treenuts", "v": 11.0}]}, {"source": 100, "prod": 0.025570375935360237, "target": 3, "value": 9.0, "supply": [{"l": "Rye", "v": 9.0}]}, {"source": 100, "prod": 0.019240294969573, "target": 12, "value": 75.0, "supply": [{"l": "Vegetables, Other", "v": 75.0}]}, {"source": 100, "prod": 0.0047369125150107209, "target": 79, "value": 5.0, "supply": [{"l": "Tea", "v": 5.0}]}, {"source": 100, "prod": 0.016794745306678037, "target": 20, "value": 29.0, "supply": [{"l": "Apples", "v": 29.0}]}, {"source": 100, "prod": 0.18364707261023178, "target": 7, "value": 42.0, "supply": [{"l": "Rice", "v": 42.0}]}, {"source": 100, "prod": 5.3642134699975772, "target": 11, "value": 1743.0, "supply": [{"l": "Wheat", "v": 1743.0}]}, {"source": 100, "prod": 0.027289392804964292, "target": 93, "value": 9.0, "supply": [{"l": "Palm kernels", "v": 9.0}]}, {"source": 100, "prod": 4.2799072064284935, "target": 6, "value": 1472.0, "supply": [{"l": "Barley", "v": 1472.0}]}, {"source": 100, "prod": 0.0069733333200000004, "target": 68, "value": 6.0, "supply": [{"l": "Pepper", "v": 6.0}]}, {"source": 100, "prod": 0.0081355555400000005, "target": 69, "value": 7.0, "supply": [{"l": "Grapefruit", "v": 7.0}]}, {"source": 100, "prod": 0.10817250571533504, "target": 47, "value": 251.0, "supply": [{"l": "Coffee", "v": 251.0}]}, {"source": 100, "prod": 0.74094836221963645, "target": 9, "value": 192.0, "supply": [{"l": "Sunflower seed", "v": 192.0}]}, {"source": 100, "prod": 1.1390794700442501, "target": 28, "value": 161.0, "supply": [{"l": "Millet", "v": 161.0}]}, {"source": 100, "prod": 0.015918812469562501, "target": 37, "value": 6.0, "supply": [{"l": "Dates", "v": 6.0}]}, {"source": 100, "prod": 0.015554259512244272, "target": 34, "value": 12.0, "supply": [{"l": "Olives", "v": 12.0}]}, {"source": 100, "prod": 0.037733481409333337, "target": 25, "value": 16.0, "supply": [{"l": "Cereals, Other", "v": 16.0}]}, {"source": 100, "prod": 6.5799244423256296, "target": 1, "value": 7789.0, "supply": [{"l": "Freshwater Fish", "v": 4.0}, {"l": "Pigmeat", "v": 155.0}, {"l": "Meat, Other", "v": 6.0}, {"l": "Crustaceans", "v": 6.0}, {"l": "Marine Fish, Other", "v": 24.0}, {"l": "Demersal Fish", "v": 418.0}, {"l": "Mutton & Goat Meat", "v": 39.0}, {"l": "Poultry Meat", "v": 22.0}, {"l": "Milk - Excluding Butter", "v": 2983.0}, {"l": "Pelagic Fish", "v": 1512.0}, {"l": "Fish, Seafood", "v": 1994.0}, {"l": "Cephalopods", "v": 14.0}, {"l": "Molluscs, Other", "v": 16.0}, {"l": "Offals, Edible", "v": 8.0}, {"l": "Bovine Meat", "v": 553.0}, {"l": "Eggs", "v": 35.0}]}, {"source": 100, "prod": 0.025044129421549311, "target": 36, "value": 11.0, "supply": [{"l": "Nuts", "v": 11.0}]}, {"source": 100, "prod": 0.063675249878250004, "target": 13, "value": 15.0, "supply": [{"l": "Peas", "v": 15.0}]}, {"source": 100, "prod": 0.50940199902600014, "target": 14, "value": 84.0, "supply": [{"l": "Oilcrops, Other", "v": 84.0}]}, {"source": 100, "prod": 0.13320569514760344, "target": 65, "value": 91.0, "supply": [{"l": "Cocoa Beans", "v": 91.0}]}, {"source": 100, "prod": 0.035302698263936866, "target": 83, "value": 86.0, "supply": [{"l": "Oranges, Mandarines", "v": 86.0}]}, {"source": 100, "prod": 0.40316234341347246, "target": 24, "value": 131.0, "supply": [{"l": "Sorghum", "v": 131.0}]}, {"source": 100, "prod": 0.0017541391151033058, "target": 74, "value": 5.0, "supply": [{"l": "Pineapples", "v": 5.0}]}, {"source": 100, "prod": 0.67313835585578574, "target": 60, "value": 222.0, "supply": [{"l": "Rape and Mustardseed", "v": 222.0}]}, {"source": 100, "prod": 0.54422846222471644, "target": 17, "value": 698.0, "supply": [{"l": "Potatoes", "v": 698.0}]}, {"source": 100, "prod": 0.0044504206904153239, "target": 88, "value": 10.0, "supply": [{"l": "Onions", "v": 10.0}]}, {"source": 100, "prod": 0.26544349064892253, "target": 75, "value": 383.0, "supply": [{"l": "Bananas", "v": 383.0}]}, {"source": 100, "prod": 0.0018578520470945499, "target": 77, "value": 3.0, "supply": [{"l": "Citrus, Other", "v": 3.0}]}, {"source": 100, "prod": 0.056507333346854489, "target": 57, "value": 73.0, "supply": [{"l": "Grapes", "v": 73.0}]}, {"source": 100, "prod": 0.32416490847109097, "target": 53, "value": 42.0, "supply": [{"l": "Sesame seed", "v": 42.0}]}, {"source": 100, "prod": 11.239221491445379, "target": 90, "value": 1716.0, "supply": [{"l": "Alcohol, Non-Food", "v": 7.0}, {"l": "Sugar", "v": 779.0}, {"l": "Beer", "v": 34.0}, {"l": "Groundnut Oil", "v": 21.0}, {"l": "Beverages, Alcoholic", "v": 26.0}, {"l": "Fats, Animals, Raw", "v": 276.0}, {"l": "Soyabean Oil", "v": 94.0}, {"l": "Butter, Ghee", "v": 35.0}, {"l": "Palm Oil", "v": 83.0}, {"l": "Sunflowerseed Oil", "v": 69.0}, {"l": "Olive Oil", "v": 111.0}, {"l": "Coconut Oil", "v": 27.0}, {"l": "Rape and Mustard Oil", "v": 23.0}, {"l": "Oilcrops Oil, Other", "v": 42.0}, {"l": "Wine", "v": 46.0}, {"l": "Sweeteners, Other", "v": 7.0}, {"l": "Fish, Body Oil", "v": 20.0}, {"l": "Fish, Liver Oil", "v": 1.0}, {"l": "Honey", "v": 2.0}, {"l": "Palmkernel Oil", "v": 11.0}, {"l": "Cream", "v": 2.0}]}, {"source": 100, "prod": 5.3517531445291082, "target": 16, "value": 1412.0, "supply": [{"l": "Soyabeans", "v": 1412.0}]}, {"source": 100, "prod": 0.18132285441520715, "target": 19, "value": 46.0, "supply": [{"l": "Beans", "v": 46.0}]}, {"source": 100, "prod": 29.812803656485393, "target": 0, "value": 8343.0, "supply": [{"l": "Maize", "v": 8343.0}]}, {"source": 100, "prod": 0.047684869208760118, "target": 4, "value": 77.0, "supply": [{"l": "Fruits, Other", "v": 77.0}]}, {"source": 100, "prod": 0.47922836145303138, "target": 31, "value": 120.0, "supply": [{"l": "Pulses, Other", "v": 120.0}]}, {"source": 100, "prod": 0.021225083292750004, "target": 91, "value": 7.0, "supply": [{"l": "Cottonseed", "v": 7.0}]}, {"source": 100, "prod": 1.8652345923931821, "target": 58, "value": 290.0, "supply": [{"l": "Groundnuts", "v": 290.0}]}, {"source": 100, "prod": 0.66707404634357159, "target": 49, "value": 220.0, "supply": [{"l": "Coconuts - Incl Copra", "v": 220.0}]}, {"source": 100, "prod": 0.43420456107454292, "target": 15, "value": 179.0, "supply": [{"l": "Oats", "v": 179.0}]}, {"source": 100, "prod": 0.0043894049802693878, "target": 2, "value": 4.0, "supply": [{"l": "Roots, Other", "v": 4.0}]}, {"source": 0, "prod": 2.9444744352084342, "target": 101, "value": 824.0, "supply": [{"l": "Maize", "v": 824.0}]}, {"source": 34, "prod": 0.097214121951526719, "target": 101, "value": 75.0, "supply": [{"l": "Olives", "v": 75.0}]}, {"source": 95, "prod": 0.0047512511568047972, "target": 101, "value": 6.0, "supply": [{"l": "Alcohol, Non-Food", "v": 6.0}]}, {"source": 42, "prod": 0.010412305011537736, "target": 101, "value": 1.0, "supply": [{"l": "Groundnut Oil", "v": 1.0}]}, {"source": 3, "prod": 0.0056823057634133858, "target": 101, "value": 2.0, "supply": [{"l": "Rye", "v": 2.0}]}, {"source": 36, "prod": 0.64431714784531413, "target": 101, "value": 283.0, "supply": [{"l": "Nuts", "v": 283.0}]}, {"source": 5, "prod": 0.092618545277454556, "target": 101, "value": 24.0, "supply": [{"l": "Sugar", "v": 24.0}]}, {"source": 39, "prod": 0.091975360935250008, "target": 101, "value": 9.0, "supply": [{"l": "Oilcrops Oil, Other", "v": 9.0}]}, {"source": 77, "prod": 0.0018578520470945499, "target": 101, "value": 3.0, "supply": [{"l": "Citrus, Other", "v": 3.0}]}, {"source": 41, "prod": 0.0064080502065223758, "target": 101, "value": 11.0, "supply": [{"l": "Beer", "v": 11.0}]}, {"source": 69, "prod": 0.0046488888800000003, "target": 101, "value": 4.0, "supply": [{"l": "Grapefruit", "v": 4.0}]}, {"source": 43, "prod": 0.15014528374292604, "target": 101, "value": 44.0, "supply": [{"l": "Beverages, Alcoholic", "v": 44.0}]}, {"source": 6, "prod": 0.54080349211664391, "target": 101, "value": 186.0, "supply": [{"l": "Barley", "v": 186.0}]}, {"source": 65, "prod": 0.021956982716637929, "target": 101, "value": 15.0, "supply": [{"l": "Cocoa Beans", "v": 15.0}]}, {"source": 45, "prod": 0.013584053307360001, "target": 101, "value": 4.0, "supply": [{"l": "Honey", "v": 4.0}]}, {"source": 7, "prod": 1.1281177317485664, "target": 101, "value": 258.0, "supply": [{"l": "Rice", "v": 258.0}]}, {"source": 46, "prod": 0.0082541990582916686, "target": 101, "value": 1.0, "supply": [{"l": "Butter, Ghee", "v": 1.0}]}, {"source": 8, "prod": 0.3078294607910112, "target": 101, "value": 1463.0, "supply": [{"l": "Tomatoes", "v": 1463.0}]}, {"source": 9, "prod": 0.030872848425818184, "target": 101, "value": 8.0, "supply": [{"l": "Sunflower seed", "v": 8.0}]}, {"source": 25, "prod": 0.0070750277642500003, "target": 101, "value": 3.0, "supply": [{"l": "Cereals, Other", "v": 3.0}]}, {"source": 47, "prod": 0.00086193231645685295, "target": 101, "value": 2.0, "supply": [{"l": "Coffee", "v": 2.0}]}, {"source": 11, "prod": 6.1582278562622772, "target": 101, "value": 2001.0, "supply": [{"l": "Wheat", "v": 2001.0}]}, {"source": 48, "prod": 0.010240171764046053, "target": 101, "value": 1.0, "supply": [{"l": "Soyabean Oil", "v": 1.0}]}, {"source": 50, "prod": 0.64431714784531413, "target": 101, "value": 283.0, "supply": [{"l": "Treenuts", "v": 283.0}]}, {"source": 51, "prod": 0.0011791712940416668, "target": 101, "value": 1.0, "supply": [{"l": "Crustaceans", "v": 1.0}]}, {"source": 52, "prod": 0.011333536728429086, "target": 101, "value": 7.0, "supply": [{"l": "Eggs", "v": 7.0}]}, {"source": 12, "prod": 0.18034569818146423, "target": 101, "value": 703.0, "supply": [{"l": "Vegetables, Other", "v": 703.0}]}, {"source": 55, "prod": 0.018192928536642859, "target": 101, "value": 2.0, "supply": [{"l": "Coconut Oil", "v": 2.0}]}, {"source": 56, "prod": 0.0022640088845600004, "target": 101, "value": 3.0, "supply": [{"l": "Marine Fish, Other", "v": 3.0}]}, {"source": 57, "prod": 0.62235473987494538, "target": 101, "value": 804.0, "supply": [{"l": "Grapes", "v": 804.0}]}, {"source": 67, "prod": 0.019810077739900001, "target": 101, "value": 7.0, "supply": [{"l": "Pimento", "v": 7.0}]}, {"source": 59, "prod": 0.24257238048857147, "target": 101, "value": 20.0, "supply": [{"l": "Palm Oil", "v": 20.0}]}, {"source": 60, "prod": 0.0030321547561071431, "target": 101, "value": 1.0, "supply": [{"l": "Rape and Mustardseed", "v": 1.0}]}, {"source": 14, "prod": 0.054578785609928585, "target": 101, "value": 9.0, "supply": [{"l": "Oilcrops, Other", "v": 9.0}]}, {"source": 61, "prod": 0.69289079370069973, "target": 101, "value": 875.0, "supply": [{"l": "Wine", "v": 875.0}]}, {"source": 62, "prod": 0.10265726559892158, "target": 101, "value": 10.0, "supply": [{"l": "Sunflowerseed Oil", "v": 10.0}]}, {"source": 15, "prod": 0.0072771714146571435, "target": 101, "value": 3.0, "supply": [{"l": "Oats", "v": 3.0}]}, {"source": 63, "prod": 1.5702800229469198, "target": 101, "value": 153.0, "supply": [{"l": "Olive Oil", "v": 153.0}]}, {"source": 64, "prod": 0.15258125656025454, "target": 101, "value": 85.0, "supply": [{"l": "Pigmeat", "v": 85.0}]}, {"source": 10, "prod": 0.12453834361045742, "target": 101, "value": 15.0, "supply": [{"l": "Fats, Animals, Raw", "v": 15.0}]}, {"source": 16, "prod": 0.011370580335401788, "target": 101, "value": 3.0, "supply": [{"l": "Soyabeans", "v": 3.0}]}, {"source": 17, "prod": 0.37425452989665309, "target": 101, "value": 480.0, "supply": [{"l": "Potatoes", "v": 480.0}]}, {"source": 66, "prod": 0.0016647124151176471, "target": 101, "value": 2.0, "supply": [{"l": "Freshwater Fish", "v": 2.0}]}, {"source": 18, "prod": 0.16853789490167773, "target": 101, "value": 286.0, "supply": [{"l": "Milk - Excluding Butter", "v": 286.0}]}, {"source": 74, "prod": 0.00035082782302066112, "target": 101, "value": 1.0, "supply": [{"l": "Pineapples", "v": 1.0}]}, {"source": 19, "prod": 0.098545029573482157, "target": 101, "value": 25.0, "supply": [{"l": "Beans", "v": 25.0}]}, {"source": 20, "prod": 0.35153139314322651, "target": 101, "value": 607.0, "supply": [{"l": "Apples", "v": 607.0}]}, {"source": 21, "prod": 0.23674869400572177, "target": 101, "value": 347.0, "supply": [{"l": "Fish, Seafood", "v": 347.0}]}, {"source": 23, "prod": 0.002279203575060403, "target": 101, "value": 2.0, "supply": [{"l": "Meat, Other", "v": 2.0}]}, {"source": 71, "prod": 0.065783701860973501, "target": 101, "value": 468.0, "supply": [{"l": "Lemons, Limes", "v": 468.0}]}, {"source": 24, "prod": 0.02154302598392601, "target": 101, "value": 7.0, "supply": [{"l": "Sorghum", "v": 7.0}]}, {"source": 54, "prod": 0.0057236179665842704, "target": 101, "value": 6.0, "supply": [{"l": "Cephalopods", "v": 6.0}]}, {"source": 72, "prod": 0.017536790130403282, "target": 101, "value": 7.0, "supply": [{"l": "Mutton & Goat Meat", "v": 7.0}]}, {"source": 73, "prod": 0.019295530266136365, "target": 101, "value": 5.0, "supply": [{"l": "Sweeteners, Other", "v": 5.0}]}, {"source": 26, "prod": 0.18983925429540374, "target": 101, "value": 180.0, "supply": [{"l": "Pelagic Fish", "v": 180.0}]}, {"source": 75, "prod": 0.036039325101159189, "target": 101, "value": 52.0, "supply": [{"l": "Bananas", "v": 52.0}]}, {"source": 76, "prod": 0.0012633978150446432, "target": 101, "value": 2.0, "supply": [{"l": "Beverages, Fermented", "v": 2.0}]}, {"source": 78, "prod": 0.0074912058680294122, "target": 101, "value": 3.0, "supply": [{"l": "Spices, Other", "v": 3.0}]}, {"source": 84, "prod": 0.17171160631690999, "target": 101, "value": 85.0, "supply": [{"l": "Bovine Meat", "v": 85.0}]}, {"source": 4, "prod": 0.64777108042029963, "target": 101, "value": 1046.0, "supply": [{"l": "Fruits, Other", "v": 1046.0}]}, {"source": 80, "prod": 0.030217777720000002, "target": 101, "value": 26.0, "supply": [{"l": "Molluscs, Other", "v": 26.0}]}, {"source": 27, "prod": 0.19102574963475, "target": 101, "value": 9.0, "supply": [{"l": "Fish, Body Oil", "v": 9.0}]}, {"source": 81, "prod": 0.0058084606502394531, "target": 101, "value": 4.0, "supply": [{"l": "Poultry Meat", "v": 4.0}]}, {"source": 29, "prod": 0.0012531414490184504, "target": 101, "value": 1.0, "supply": [{"l": "Offals, Edible", "v": 1.0}]}, {"source": 30, "prod": 0.0056600222113999997, "target": 101, "value": 4.0, "supply": [{"l": "Sweet potatoes", "v": 4.0}]}, {"source": 82, "prod": 0.063675249878250004, "target": 101, "value": 128.0, "supply": [{"l": "Demersal Fish", "v": 128.0}]}, {"source": 83, "prod": 0.63832204419095151, "target": 101, "value": 1555.0, "supply": [{"l": "Oranges, Mandarines", "v": 1555.0}]}, {"source": 31, "prod": 0.063897114860404183, "target": 101, "value": 16.0, "supply": [{"l": "Pulses, Other", "v": 16.0}]}, {"source": 88, "prod": 0.075212109668018959, "target": 101, "value": 169.0, "supply": [{"l": "Onions", "v": 169.0}]}, {"source": 89, "prod": 0.0058111111000000003, "target": 101, "value": 5.0, "supply": [{"l": "Fish, Liver Oil", "v": 5.0}]}, {"source": 34, "prod": 0.054439908292854965, "target": 102, "value": 42.0, "supply": [{"l": "Olives", "v": 42.0}]}, {"source": 103, "prod": 0.03406062086340008, "target": 4, "value": 55.0, "supply": [{"l": "Fruits, Other", "v": 55.0}]}, {"source": 63, "prod": 0.92369413114524701, "target": 102, "value": 90.0, "supply": [{"l": "Olive Oil", "v": 90.0}]}, {"source": 21, "prod": 0.0027290915735529893, "target": 102, "value": 4.0, "supply": [{"l": "Fish, Seafood", "v": 4.0}]}, {"source": 67, "prod": 0.0084900333171, "target": 102, "value": 3.0, "supply": [{"l": "Pimento", "v": 3.0}]}, {"source": 46, "prod": 0.033016796233166675, "target": 102, "value": 4.0, "supply": [{"l": "Butter, Ghee", "v": 4.0}]}, {"source": 70, "prod": 0.29227983550672137, "target": 102, "value": 30.0, "supply": [{"l": "Rape and Mustard Oil", "v": 30.0}]}, {"source": 19, "prod": 0.0039418011829392861, "target": 102, "value": 1.0, "supply": [{"l": "Beans", "v": 1.0}]}, {"source": 12, "prod": 0.051307453252194664, "target": 102, "value": 200.0, "supply": [{"l": "Vegetables, Other", "v": 200.0}]}, {"source": 6, "prod": 1.0496239820113358, "target": 102, "value": 361.0, "supply": [{"l": "Barley", "v": 361.0}]}, {"source": 60, "prod": 0.039418011829392863, "target": 102, "value": 13.0, "supply": [{"l": "Rape and Mustardseed", "v": 13.0}]}, {"source": 61, "prod": 0.55748013573176292, "target": 102, "value": 704.0, "supply": [{"l": "Wine", "v": 704.0}]}, {"source": 88, "prod": 0.00044504206904153235, "target": 102, "value": 1.0, "supply": [{"l": "Onions", "v": 1.0}]}, {"source": 84, "prod": 0.034342321263381999, "target": 102, "value": 17.0, "supply": [{"l": "Bovine Meat", "v": 17.0}]}, {"source": 50, "prod": 0.018213912306581318, "target": 102, "value": 8.0, "supply": [{"l": "Treenuts", "v": 8.0}]}, {"source": 103, "prod": 0.014707388131373088, "target": 57, "value": 19.0, "supply": [{"l": "Grapes", "v": 19.0}]}, {"source": 103, "prod": 0.1832702283721041, "target": 1, "value": 311.0, "supply": [{"l": "Milk - Excluding Butter", "v": 311.0}]}, {"source": 3, "prod": 0.025570375935360237, "target": 102, "value": 9.0, "supply": [{"l": "Rye", "v": 9.0}]}, {"source": 103, "prod": 0.40316234341347246, "target": 24, "value": 131.0, "supply": [{"l": "Sorghum", "v": 131.0}]}, {"source": 42, "prod": 0.062473830069226424, "target": 102, "value": 6.0, "supply": [{"l": "Groundnut Oil", "v": 6.0}]}, {"source": 16, "prod": 0.011370580335401788, "target": 102, "value": 3.0, "supply": [{"l": "Soyabeans", "v": 3.0}]}, {"source": 5, "prod": 1.2079001946601364, "target": 102, "value": 313.0, "supply": [{"l": "Sugar", "v": 313.0}]}, {"source": 27, "prod": 0.02122508329275, "target": 102, "value": 1.0, "supply": [{"l": "Fish, Body Oil", "v": 1.0}]}, {"source": 17, "prod": 0.011695454059270409, "target": 102, "value": 15.0, "supply": [{"l": "Potatoes", "v": 15.0}]}, {"source": 7, "prod": 0.29296080630679833, "target": 102, "value": 67.0, "supply": [{"l": "Rice", "v": 67.0}]}, {"source": 26, "prod": 0.0042186500954534169, "target": 102, "value": 4.0, "supply": [{"l": "Pelagic Fish", "v": 4.0}]}, {"source": 91, "prod": 0.060643095122142866, "target": 102, "value": 20.0, "supply": [{"l": "Cottonseed", "v": 20.0}]}, {"source": 0, "prod": 2.747937913440881, "target": 102, "value": 769.0, "supply": [{"l": "Maize", "v": 769.0}]}, {"source": 15, "prod": 0.026682961853742863, "target": 102, "value": 11.0, "supply": [{"l": "Oats", "v": 11.0}]}, {"source": 103, "prod": 0.017373874455184176, "target": 20, "value": 30.0, "supply": [{"l": "Apples", "v": 30.0}]}, {"source": 41, "prod": 0.018059050582017601, "target": 102, "value": 31.0, "supply": [{"l": "Beer", "v": 31.0}]}, {"source": 48, "prod": 0.51200858820230266, "target": 102, "value": 50.0, "supply": [{"l": "Soyabean Oil", "v": 50.0}]}, {"source": 83, "prod": 0.0020524824572056314, "target": 102, "value": 5.0, "supply": [{"l": "Oranges, Mandarines", "v": 5.0}]}, {"source": 89, "prod": 0.0011622222200000001, "target": 102, "value": 1.0, "supply": [{"l": "Fish, Liver Oil", "v": 1.0}]}, {"source": 31, "prod": 0.11980709036325785, "target": 102, "value": 30.0, "supply": [{"l": "Pulses, Other", "v": 30.0}]}, {"source": 10, "prod": 0.2158664622581262, "target": 102, "value": 26.0, "supply": [{"l": "Fats, Animals, Raw", "v": 26.0}]}, {"source": 36, "prod": 0.018213912306581318, "target": 102, "value": 8.0, "supply": [{"l": "Nuts", "v": 8.0}]}, {"source": 62, "prod": 0.34903470303633333, "target": 102, "value": 34.0, "supply": [{"l": "Sunflowerseed Oil", "v": 34.0}]}, {"source": 76, "prod": 0.0063169890752232151, "target": 102, "value": 10.0, "supply": [{"l": "Beverages, Fermented", "v": 10.0}]}, {"source": 103, "prod": 0.0060643095122142861, "target": 14, "value": 1.0, "supply": [{"l": "Oilcrops, Other", "v": 1.0}]}, {"source": 103, "prod": 0.078837829157628214, "target": 90, "value": 16.0, "supply": [{"l": "Beverages, Alcoholic", "v": 13.0}, {"l": "Palm Oil", "v": 2.0}, {"l": "Oilcrops Oil, Other", "v": 1.0}]}, {"source": 72, "prod": 0.0025052557329147546, "target": 102, "value": 1.0, "supply": [{"l": "Mutton & Goat Meat", "v": 1.0}]}, {"source": 11, "prod": 1.6526578504811809, "target": 102, "value": 537.0, "supply": [{"l": "Wheat", "v": 537.0}]}, {"source": 104, "prod": 48.076406615648381, "target": 0, "value": 13454.0, "supply": [{"l": "Maize", "v": 13454.0}]}, {"source": 104, "prod": 7.5386311102677261, "target": 34, "value": 5816.0, "supply": [{"l": "Olives", "v": 5816.0}]}, {"source": 104, "prod": 0.0021947024901346939, "target": 2, "value": 2.0, "supply": [{"l": "Roots, Other", "v": 2.0}]}, {"source": 104, "prod": 2.2246227063763406, "target": 3, "value": 783.0, "supply": [{"l": "Rye", "v": 783.0}]}, {"source": 104, "prod": 2.3495946875489895, "target": 36, "value": 1032.0, "supply": [{"l": "Nuts", "v": 1032.0}]}, {"source": 104, "prod": 0.039797031173906254, "target": 37, "value": 15.0, "supply": [{"l": "Dates", "v": 15.0}]}, {"source": 104, "prod": 0.0032920537352020413, "target": 38, "value": 3.0, "supply": [{"l": "Yams", "v": 3.0}]}, {"source": 104, "prod": 12.610025512418735, "target": 6, "value": 4337.0, "supply": [{"l": "Barley", "v": 4337.0}]}, {"source": 104, "prod": 1.7095892463901228, "target": 20, "value": 2952.0, "supply": [{"l": "Apples", "v": 2952.0}]}, {"source": 104, "prod": 4.0271179493815108, "target": 7, "value": 921.0, "supply": [{"l": "Rice", "v": 921.0}]}, {"source": 104, "prod": 1.3348394390008032, "target": 8, "value": 6344.0, "supply": [{"l": "Tomatoes", "v": 6344.0}]}, {"source": 104, "prod": 1.1152816493826818, "target": 9, "value": 289.0, "supply": [{"l": "Sunflower seed", "v": 289.0}]}, {"source": 104, "prod": 0.12499215716841668, "target": 25, "value": 53.0, "supply": [{"l": "Cereals, Other", "v": 53.0}]}, {"source": 104, "prod": 70.245652583301592, "target": 11, "value": 22825.0, "supply": [{"l": "Wheat", "v": 22825.0}]}, {"source": 104, "prod": 2.3518714265873122, "target": 50, "value": 1033.0, "supply": [{"l": "Treenuts", "v": 1033.0}]}, {"source": 104, "prod": 4.0207085741082347, "target": 12, "value": 15673.0, "supply": [{"l": "Vegetables, Other", "v": 15673.0}]}, {"source": 104, "prod": 0.22074086624460001, "target": 13, "value": 52.0, "supply": [{"l": "Peas", "v": 52.0}]}, {"source": 104, "prod": 0.061745696851636368, "target": 53, "value": 8.0, "supply": [{"l": "Sesame seed", "v": 8.0}]}, {"source": 104, "prod": 0.034111741006205364, "target": 16, "value": 9.0, "supply": [{"l": "Soyabeans", "v": 9.0}]}, {"source": 104, "prod": 0.21932586069175003, "target": 30, "value": 155.0, "supply": [{"l": "Sweet potatoes", "v": 155.0}]}, {"source": 104, "prod": 0.17919229611755313, "target": 92, "value": 477.0, "supply": [{"l": "Sugar cane", "v": 477.0}]}, {"source": 104, "prod": 14.99921367482191, "target": 57, "value": 19377.0, "supply": [{"l": "Grapes", "v": 19377.0}]}, {"source": 104, "prod": 0.09004580790863638, "target": 58, "value": 14.0, "supply": [{"l": "Groundnuts", "v": 14.0}]}, {"source": 104, "prod": 1.922386115371929, "target": 14, "value": 317.0, "supply": [{"l": "Oilcrops, Other", "v": 317.0}]}, {"source": 104, "prod": 4.1091761254764005, "target": 15, "value": 1694.0, "supply": [{"l": "Oats", "v": 1694.0}]}, {"source": 104, "prod": 1.0036432242714646, "target": 91, "value": 331.0, "supply": [{"l": "Cottonseed", "v": 331.0}]}, {"source": 104, "prod": 10.458854716736887, "target": 17, "value": 13414.0, "supply": [{"l": "Potatoes", "v": 13414.0}]}, {"source": 104, "prod": 0.079240310959600005, "target": 67, "value": 28.0, "supply": [{"l": "Pimento", "v": 28.0}]}, {"source": 104, "prod": 0.036385857073285718, "target": 60, "value": 12.0, "supply": [{"l": "Rape and Mustardseed", "v": 12.0}]}, {"source": 104, "prod": 0.0014033112920826445, "target": 74, "value": 4.0, "supply": [{"l": "Pineapples", "v": 4.0}]}, {"source": 104, "prod": 2.4439167334223573, "target": 19, "value": 620.0, "supply": [{"l": "Beans", "v": 620.0}]}, {"source": 104, "prod": 5.4951518779947595, "target": 31, "value": 1376.0, "supply": [{"l": "Pulses, Other", "v": 1376.0}]}, {"source": 104, "prod": 26.258086616460002, "target": 22, "value": 22593.0, "supply": [{"l": "Sugar beet", "v": 22593.0}]}, {"source": 104, "prod": 0.12988064213576819, "target": 71, "value": 924.0, "supply": [{"l": "Lemons, Limes", "v": 924.0}]}, {"source": 104, "prod": 0.36315386658618132, "target": 24, "value": 118.0, "supply": [{"l": "Sorghum", "v": 118.0}]}, {"source": 104, "prod": 0.28415621714375511, "target": 75, "value": 410.0, "supply": [{"l": "Bananas", "v": 410.0}]}, {"source": 104, "prod": 0.028487064722116432, "target": 77, "value": 46.0, "supply": [{"l": "Citrus, Other", "v": 46.0}]}, {"source": 104, "prod": 0.014982411736058824, "target": 78, "value": 6.0, "supply": [{"l": "Spices, Other", "v": 6.0}]}, {"source": 104, "prod": 3.8246980809519799, "target": 4, "value": 6176.0, "supply": [{"l": "Fruits, Other", "v": 6176.0}]}, {"source": 104, "prod": 0.15565061081350001, "target": 28, "value": 22.0, "supply": [{"l": "Millet", "v": 22.0}]}, {"source": 104, "prod": 0.012784444420000001, "target": 69, "value": 11.0, "supply": [{"l": "Grapefruit", "v": 11.0}]}, {"source": 104, "prod": 1.6181771692609204, "target": 83, "value": 3942.0, "supply": [{"l": "Oranges, Mandarines", "v": 3942.0}]}, {"source": 104, "prod": 0.83445387945287308, "target": 88, "value": 1875.0, "supply": [{"l": "Onions", "v": 1875.0}]}, {"source": 1, "prod": 1.5900661030030503, "target": 81, "value": 1095.0, "supply": [{"l": "Poultry Meat", "v": 1095.0}]}, {"source": 1, "prod": 3.0282891743194047, "target": 64, "value": 1687.0, "supply": [{"l": "Pigmeat", "v": 1687.0}]}, {"source": 1, "prod": 2.352952090739143, "target": 26, "value": 2231.0, "supply": [{"l": "Pelagic Fish", "v": 2231.0}]}, {"source": 1, "prod": 0.054935509698882355, "target": 66, "value": 66.0, "supply": [{"l": "Freshwater Fish", "v": 66.0}]}, {"source": 1, "prod": 0.054241879525916664, "target": 51, "value": 46.0, "supply": [{"l": "Crustaceans", "v": 46.0}]}, {"source": 1, "prod": 1.7178403526947514, "target": 52, "value": 1061.0, "supply": [{"l": "Eggs", "v": 1126.0}]}, {"source": 1, "prod": 0.17898222188000001, "target": 80, "value": 154.0, "supply": [{"l": "Molluscs, Other", "v": 154.0}]}, {"source": 1, "prod": 0.048276660038411759, "target": 97, "value": 58.0, "supply": [{"l": "Aquatic Plants", "v": 58.0}]}, {"source": 1, "prod": 13.601479553236446, "target": 18, "value": 23081.0, "supply": [{"l": "Milk - Excluding Butter", "v": 23081.0}]}, {"source": 1, "prod": 0.43609322425842056, "target": 29, "value": 348.0, "supply": [{"l": "Offals, Edible", "v": 348.0}]}, {"source": 1, "prod": 0.21281683514864003, "target": 56, "value": 282.0, "supply": [{"l": "Marine Fish, Other", "v": 282.0}]}, {"source": 1, "prod": 0.048276660038411759, "target": 96, "value": 58.0, "supply": [{"l": "Aquatic Products, Other", "v": 58.0}]}, {"source": 1, "prod": 3.0081411869487815, "target": 21, "value": 4409.0, "supply": [{"l": "Fish, Seafood", "v": 4409.0}]}, {"source": 1, "prod": 4.1190584150609348, "target": 84, "value": 2039.0, "supply": [{"l": "Bovine Meat", "v": 2039.0}]}, {"source": 1, "prod": 0.75067150051780673, "target": 82, "value": 1509.0, "supply": [{"l": "Demersal Fish", "v": 1509.0}]}, {"source": 1, "prod": 0.21652433963073825, "target": 23, "value": 190.0, "supply": [{"l": "Meat, Other", "v": 190.0}]}, {"source": 1, "prod": 0.11065661402062921, "target": 54, "value": 116.0, "supply": [{"l": "Cephalopods", "v": 116.0}]}, {"source": 1, "prod": 0.9820602473025839, "target": 72, "value": 392.0, "supply": [{"l": "Mutton & Goat Meat", "v": 392.0}]}, {"source": 90, "prod": 0.21380630205621584, "target": 95, "value": 270.0, "supply": [{"l": "Alcohol, Non-Food", "v": 270.0}]}, {"source": 90, "prod": 14.3057061393135, "target": 5, "value": 3707.0, "supply": [{"l": "Sugar", "v": 3707.0}]}, {"source": 90, "prod": 0.37419035730922223, "target": 40, "value": 34.0, "supply": [{"l": "Maize Germ Oil", "v": 34.0}]}, {"source": 90, "prod": 1.2676288408538809, "target": 41, "value": 2176.0, "supply": [{"l": "Beer", "v": 2176.0}]}, {"source": 90, "prod": 1.4577227016152832, "target": 42, "value": 140.0, "supply": [{"l": "Groundnut Oil", "v": 140.0}]}, {"source": 90, "prod": 2.2487668633315518, "target": 43, "value": 659.0, "supply": [{"l": "Beverages, Alcoholic", "v": 659.0}]}, {"source": 90, "prod": 1.1473336691025418, "target": 46, "value": 139.0, "supply": [{"l": "Butter, Ghee", "v": 139.0}]}, {"source": 90, "prod": 6.8662140110565515, "target": 10, "value": 827.0, "supply": [{"l": "Fats, Animals, Raw", "v": 827.0}]}, {"source": 90, "prod": 3.4406977127194742, "target": 48, "value": 336.0, "supply": [{"l": "Soyabean Oil", "v": 336.0}]}, {"source": 90, "prod": 1.0430612361008573, "target": 59, "value": 86.0, "supply": [{"l": "Palm Oil", "v": 86.0}]}, {"source": 90, "prod": 2.5664316399730391, "target": 62, "value": 250.0, "supply": [{"l": "Sunflowerseed Oil", "v": 250.0}]}, {"source": 90, "prod": 13.465407778472933, "target": 63, "value": 1312.0, "supply": [{"l": "Olive Oil", "v": 1312.0}]}, {"source": 90, "prod": 0.50940199902600003, "target": 55, "value": 56.0, "supply": [{"l": "Coconut Oil", "v": 56.0}]}, {"source": 90, "prod": 1.1009207137419836, "target": 70, "value": 113.0, "supply": [{"l": "Rape and Mustard Oil", "v": 113.0}]}, {"source": 90, "prod": 0.0092977777600000006, "target": 89, "value": 8.0, "supply": [{"l": "Fish, Liver Oil", "v": 8.0}]}, {"source": 90, "prod": 1.7577513423181113, "target": 39, "value": 172.0, "supply": [{"l": "Oilcrops Oil, Other", "v": 172.0}]}, {"source": 90, "prod": 9.3037416402165949, "target": 61, "value": 11749.0, "supply": [{"l": "Wine", "v": 11749.0}]}, {"source": 90, "prod": 0.4476563021743637, "target": 73, "value": 116.0, "supply": [{"l": "Sweeteners, Other", "v": 116.0}]}, {"source": 90, "prod": 0.20975376430482356, "target": 44, "value": 21.0, "supply": [{"l": "Sesameseed Oil", "v": 21.0}]}, {"source": 90, "prod": 0.032848343191160714, "target": 76, "value": 52.0, "supply": [{"l": "Beverages, Fermented", "v": 52.0}]}, {"source": 90, "prod": 0.72165283195349994, "target": 27, "value": 34.0, "supply": [{"l": "Fish, Body Oil", "v": 34.0}]}, {"source": 90, "prod": 0.11886046643939999, "target": 45, "value": 35.0, "supply": [{"l": "Honey", "v": 35.0}]}, {"source": 90, "prod": 0.40428730081428577, "target": 85, "value": 40.0, "supply": [{"l": "Cottonseed Oil", "v": 40.0}]}, {"source": 90, "prod": 0.14150055528500002, "target": 86, "value": 15.0, "supply": [{"l": "Palmkernel Oil", "v": 15.0}]}, {"source": 90, "prod": 0.053621263055368434, "target": 87, "value": 24.0, "supply": [{"l": "Cream", "v": 24.0}]}, {"source": 104, "prod": 0.072771714146571576, "target": 105, "value": 17.142857142857178, "supply": [{"l": "Oil Palm", "v": 17.142857142857178}]}, {"source": 105, "prod": 0.072771714146571576, "target": 90, "value": 17.142857142857178, "supply": [{"l": "Oil Palm", "v": 17.142857142857178}]}]}