{"nodes": [{"layer": 13, "name": "Other Processed", "fill": "#9c9ede"}, {"layer": 10, "name": "Feed", "fill": "#dbdb8d"}, {"layer": 13, "name": "Animal Products", "fill": "#17becf"}, {"layer": 5, "name": "Cereals", "fill": "#e7ba52"}, {"layer": 5, "name": "Oilcrops", "fill": "#ff9896"}, {"layer": 5, "name": "Fruits, Roots & Vegetables", "fill": "#98df8a"}, {"layer": 5, "name": "Sugar Crops", "fill": "#ffbb78"}, {"layer": 13, "name": "Sugar", "fill": "#d6616b"}, {"layer": 13, "name": "Aquatic Products", "fill": "#1f77b4"}, {"layer": 16, "name": "Food", "fill": "#b5cf6b"}, {"layer": 13, "name": "Vegetable Oils", "fill": "#f7b6d2"}, {"layer": 10, "name": "Processing", "fill": "#9edae5"}, {"layer": 16, "name": "Biofuels & Other", "fill": "#e7ba52"}, {"name": "Waste", "fill": "#c7c7c7"}, {"layer": 2, "name": "Import", "fill": "#aec7e8"}, {"layer": 16, "name": "Export", "fill": "#aec7e8"}, {"layer": 0, "name": "Stock Draw", "fill": "#c7c7c7"}, {"layer": 16, "name": "Stock Deposit", "fill": "#c7c7c7"}, {"name": "Crop Residue", "fill": "#bd9e39"}, {"layer": 2, "name": "Electricity", "fill": "#bcbd22"}, {"layer": 0, "name": "Fossil Fuels", "fill": "#c49c94"}, {"layer": 0, "name": "Renewables & Nuclear", "fill": "#2ca02c"}, {"layer": 2, "name": "Fertilizers", "fill": "#c5b0d5"}, {"layer": 0, "name": "Labor", "fill": "#7f7f7f"}], "links": [{"source": 0, "prod": 43.0, "target": 1, "value": 0.38204206084064335, "supply": [{"l": "Fats, Animals, Raw", "v": 0.31012956097814331}, {"l": "Fish, Body Oil", "v": 0.070750277642500012}, {"l": "Fish, Liver Oil", "v": 0.0011622222200000001}]}, {"source": 2, "prod": 5397.0, "target": 1, "value": 3.1631416993069013, "supply": [{"l": "Milk - Excluding Butter", "v": 3.1536551586974064}, {"l": "Meat, Other", "v": 0.0041617810377941175}, {"l": "Offals, Edible", "v": 0.0053247595717003495}]}, {"source": 3, "prod": 25832.0, "target": 1, "value": 84.366879349478552, "supply": [{"l": "Maize", "v": 63.588668777061912}, {"l": "Oats", "v": 3.9620155479800001}, {"l": "Rye", "v": 0.96701479481769004}, {"l": "Barley", "v": 11.369569617149752}, {"l": "Rice", "v": 0.038984846864234694}, {"l": "Sorghum", "v": 0.94036234053327239}, {"l": "Cereals, Other", "v": 0.069917921434941188}, {"l": "Wheat", "v": 2.8057216238786848}, {"l": "Millet", "v": 0.62462387975807154}]}, {"source": 4, "prod": 10.0, "target": 1, "value": 0.043001467450246758, "supply": [{"l": "Sunflower seed", "v": 0.030872848425818184}, {"l": "Oilcrops, Other", "v": 0.012128619024428572}]}, {"source": 5, "prod": 3872.0, "target": 1, "value": 5.1041638090877512, "supply": [{"l": "Vegetables, Other", "v": 0.30264284738306341}, {"l": "Potatoes", "v": 1.1490524324345583}, {"l": "Fruits, Other", "v": 0.014108404308052182}, {"l": "Beans", "v": 0.027150867968390866}, {"l": "Tomatoes", "v": 0.0098871274072556987}, {"l": "Bananas", "v": 0.00072938430559278341}, {"l": "Apples", "v": 0.081932942885411641}, {"l": "Roots, Other", "v": 0.0030657097886193957}, {"l": "Peas", "v": 0.0039488527056279069}, {"l": "Sweet potatoes", "v": 0.046998398719660724}, {"l": "Cassava", "v": 0.060547768325233065}, {"l": "Pulses, Other", "v": 3.4040990728562854}]}, {"source": 6, "prod": 248.0, "target": 1, "value": 0.28823111056, "supply": [{"l": "Sugar beet", "v": 0.28823111056}]}, {"source": 7, "prod": 51.0, "target": 1, "value": 0.18041320798837501, "supply": [{"l": "Sugar", "v": 0.18041320798837501}]}, {"source": 8, "prod": 3240.0, "target": 1, "value": 2.8411471373352484, "supply": [{"l": "Fish, Seafood", "v": 1.0860149597166633}, {"l": "Pelagic Fish", "v": 1.7551321776185851}]}, {"source": 0, "prod": 12769.0, "target": 9, "value": 14.715153378763837, "supply": [{"l": "Beer", "v": 1.2716416813051976}, {"l": "Beverages, Alcoholic", "v": 1.3257200587005189}, {"l": "Fats, Animals, Raw", "v": 3.2856969703630323}, {"l": "Butter, Ghee", "v": 1.1735780567531153}, {"l": "Wine", "v": 7.57765430542754}, {"l": "Beverages, Fermented", "v": 0.025899655208415182}, {"l": "Fish, Liver Oil", "v": 0.0023244444400000001}, {"l": "Cream", "v": 0.052638206566019995}]}, {"source": 2, "prod": 24817.0, "target": 9, "value": 22.679648843295471, "supply": [{"l": "Pigmeat", "v": 2.9666000714627114}, {"l": "Meat, Other", "v": 0.26496672607289212}, {"l": "Eggs", "v": 1.8016550106665181}, {"l": "Mutton & Goat Meat", "v": 0.95512874817375004}, {"l": "Poultry Meat", "v": 1.6423708584984453}, {"l": "Milk - Excluding Butter", "v": 10.545144141967228}, {"l": "Offals, Edible", "v": 0.47656598166718117}, {"l": "Bovine Meat", "v": 4.0272173047867463}]}, {"source": 3, "prod": 21605.0, "target": 9, "value": 67.674563573735284, "supply": [{"l": "Maize", "v": 4.3997335093540046}, {"l": "Rye", "v": 0.903509345605782}, {"l": "Barley", "v": 0.2098924903394167}, {"l": "Rice", "v": 2.6466379371163775}, {"l": "Cereals, Other", "v": 0.052438441076205891}, {"l": "Wheat", "v": 59.402627589895928}, {"l": "Oats", "v": 0.005145474737636364}, {"l": "Millet", "v": 0.054578785609928585}]}, {"source": 4, "prod": 208.0, "target": 9, "value": 0.6017203916104259, "supply": [{"l": "Olives", "v": 0.1588849092200143}, {"l": "Coconuts - Incl Copra", "v": 0.054578785609928585}, {"l": "Sesame seed", "v": 0.015436424212909092}, {"l": "Groundnuts", "v": 0.3697881178114667}, {"l": "Rape and Mustardseed", "v": 0.0030321547561071431}]}, {"source": 5, "prod": 40474.0, "target": 9, "value": 25.02676773456712, "supply": [{"l": "Nuts", "v": 1.4292683578249423}, {"l": "Yams", "v": 0.00076642744715484893}, {"l": "Cocoa Beans", "v": 0.10487688215241178}, {"l": "Tomatoes", "v": 0.847928643948342}, {"l": "Coffee", "v": 0.15857586267756493}, {"l": "Treenuts", "v": 1.4298334553499255}, {"l": "Vegetables, Other", "v": 3.07328434614121}, {"l": "Peas", "v": 0.21323804610390695}, {"l": "Sweet potatoes", "v": 0.053062708231874998}, {"l": "Grapes", "v": 1.2717644440375764}, {"l": "Infant food", "v": 0.0594302332197}, {"l": "Dates", "v": 0.05188353693783334}, {"l": "Potatoes", "v": 6.7300535590873718}, {"l": "Pimento", "v": 0.053062708231874998}, {"l": "Pepper", "v": 0.0058111111000000003}, {"l": "Pineapples", "v": 0.0031837624939125004}, {"l": "Beans", "v": 1.9083181486354723}, {"l": "Pulses, Other", "v": 1.3786196957767143}, {"l": "Lemons, Limes", "v": 0.10612541646375}, {"l": "Bananas", "v": 0.52953300586036089}, {"l": "Citrus, Other", "v": 0.020855902020598879}, {"l": "Spices, Other", "v": 0.010612541646375}, {"l": "Tea", "v": 0.0046519908234958288}, {"l": "Fruits, Other", "v": 2.8615524390027582}, {"l": "Grapefruit", "v": 0.018595555520000001}, {"l": "Oranges, Mandarines", "v": 0.90078929976558286}, {"l": "Onions", "v": 0.68864800700250639}, {"l": "Apples", "v": 1.1124416470638989}]}, {"source": 7, "prod": 3386.0, "target": 9, "value": 11.973635487661415, "supply": [{"l": "Sugar", "v": 11.762233658065625}, {"l": "Sweeteners, Other", "v": 0.10527641313203999}, {"l": "Honey", "v": 0.10612541646375}]}, {"source": 8, "prod": 4902.0, "target": 9, "value": 3.399320428615193, "supply": [{"l": "Freshwater Fish", "v": 0.053712455679612241}, {"l": "Crustaceans", "v": 0.053923184581581074}, {"l": "Marine Fish, Other", "v": 0.21243783806664318}, {"l": "Demersal Fish", "v": 0.63576528560609313}, {"l": "Fish, Seafood", "v": 1.6431004112750258}, {"l": "Pelagic Fish", "v": 0.58287722935728314}, {"l": "Cephalopods", "v": 0.10593069092895414}, {"l": "Molluscs, Other", "v": 0.11157333312000001}]}, {"source": 10, "prod": 1889.0, "target": 9, "value": 19.443595592788945, "supply": [{"l": "Maize Germ Oil", "v": 0.26278674552928577}, {"l": "Groundnut Oil", "v": 1.2633169575844803}, {"l": "Soyabean Oil", "v": 2.7463065518694365}, {"l": "Palm Oil", "v": 0.053062708231874998}, {"l": "Sunflowerseed Oil", "v": 2.2765690462088934}, {"l": "Olive Oil", "v": 10.437943172507364}, {"l": "Coconut Oil", "v": 0.21974203879552942}, {"l": "Rape and Mustard Oil", "v": 1.0057020947848705}, {"l": "Oilcrops Oil, Other", "v": 0.53334824684346149}, {"l": "Sesameseed Oil", "v": 0.265313541159375}, {"l": "Cottonseed Oil", "v": 0.31582923939612007}, {"l": "Palmkernel Oil", "v": 0.063675249878250004}]}, {"source": 0, "prod": 481.0, "target": 11, "value": 0.54852859322306036, "supply": [{"l": "Fats, Animals, Raw", "v": 0.18440136058159873}, {"l": "Wine", "v": 0.36412723264146157}]}, {"source": 2, "prod": 6.0, "target": 11, "value": 0.0047115011608857092, "supply": [{"l": "Pigmeat", "v": 0.0017860325535597296}, {"l": "Milk - Excluding Butter", "v": 0.00292546860732598}]}, {"source": 3, "prod": 955.0, "target": 11, "value": 2.6037105604802138, "supply": [{"l": "Maize", "v": 0.78336718581181075}, {"l": "Rice", "v": 0.047648146167397966}, {"l": "Wheat", "v": 0.27043099989192143}, {"l": "Barley", "v": 1.5022642286090835}]}, {"source": 4, "prod": 8528.0, "target": 11, "value": 20.151032556156292, "supply": [{"l": "Olives", "v": 6.3699507116298868}, {"l": "Soyabeans", "v": 6.1064960131688188}, {"l": "Oilcrops, Other", "v": 1.5706561636635001}, {"l": "Sunflower seed", "v": 1.8832437539749094}, {"l": "Coconuts - Incl Copra", "v": 0.57914155841646431}, {"l": "Sesame seed", "v": 0.40906524164209096}, {"l": "Cottonseed", "v": 0.88235703402717869}, {"l": "Rape and Mustardseed", "v": 0.48514476097714293}, {"l": "Groundnuts", "v": 1.8225271520708}, {"l": "Palm kernels", "v": 0.042450166585500007}]}, {"source": 5, "prod": 16896.0, "target": 11, "value": 12.915447724867329, "supply": [{"l": "Cocoa Beans", "v": 0.004994137245352942}, {"l": "Potatoes", "v": 0.0077481620528291172}, {"l": "Fruits, Other", "v": 0.26805968185299145}, {"l": "Apples", "v": 0.13040031755002135}, {"l": "Vegetables, Other", "v": 0.020995527483427413}, {"l": "Grapes", "v": 12.483249898682708}]}, {"source": 6, "prod": 19912.0, "target": 11, "value": 22.806794091056982, "supply": [{"l": "Sugar beet", "v": 22.636602178940002}, {"l": "Sugar cane", "v": 0.17019191211698156}]}, {"source": 7, "prod": 1.0, "target": 11, "value": 0.0035375138821250002, "supply": [{"l": "Sugar", "v": 0.0035375138821250002}]}, {"source": 10, "prod": 2.0, "target": 11, "value": 0.021769316197692307, "supply": [{"l": "Oilcrops Oil, Other", "v": 0.021769316197692307}]}, {"source": 0, "prod": 931.0, "target": 12, "value": 4.4802743046840856, "supply": [{"l": "Alcohol, Non-Food", "v": 0.1808736580441247}, {"l": "Beer", "v": 0.024079779357447383}, {"l": "Beverages, Alcoholic", "v": 0.81713180088702075}, {"l": "Fats, Animals, Raw", "v": 3.009094929490634}, {"l": "Wine", "v": 0.024592471049859062}, {"l": "Fish, Body Oil", "v": 0.42450166585499999}]}, {"source": 2, "prod": 560.0, "target": 12, "value": 0.38136167633041274, "supply": [{"l": "Eggs", "v": 0.0016513794781544621}, {"l": "Mutton & Goat Meat", "v": 0.01005398682288158}, {"l": "Pigmeat", "v": 0.035720651071194591}, {"l": "Milk - Excluding Butter", "v": 0.30190836027604118}, {"l": "Bovine Meat", "v": 0.01815879546246529}, {"l": "Poultry Meat", "v": 0.0058813638621251392}, {"l": "Offals, Edible", "v": 0.0079871393575505229}]}, {"source": 3, "prod": 496.0, "target": 12, "value": 1.7545376064785241, "supply": [{"l": "Maize", "v": 1.5631573525103255}, {"l": "Rice", "v": 0.034653197212653065}, {"l": "Wheat", "v": 0.15672705675554538}]}, {"source": 4, "prod": 13.0, "target": 12, "value": 0.048514476097714296, "supply": [{"l": "Oilcrops, Other", "v": 0.018192928536642859}, {"l": "Cottonseed", "v": 0.030321547561071433}]}, {"source": 5, "prod": 267.0, "target": 12, "value": 0.23346392834599627, "supply": [{"l": "Nuts", "v": 0.047946702099558765}, {"l": "Citrus, Other", "v": 0.0079743154784642761}, {"l": "Tomatoes", "v": 0.0030091257326430383}, {"l": "Coffee", "v": 0.00061226201806009631}, {"l": "Treenuts", "v": 0.048042404099757491}, {"l": "Vegetables, Other", "v": 0.0099856777055325509}, {"l": "Grapes", "v": 0.025528118402214126}, {"l": "Potatoes", "v": 0.051137869548672173}, {"l": "Beans", "v": 0.0038786954240558379}, {"l": "Pulses, Other", "v": 0.0080857460162857137}, {"l": "Lemons, Limes", "v": 0.0012198323731465518}, {"l": "Bananas", "v": 0.00072938430559278341}, {"l": "Fruits, Other", "v": 0.0092011332443818587}, {"l": "Oranges, Mandarines", "v": 0.0086425488856706582}, {"l": "Cassava", "v": 0.00076642744715484893}, {"l": "Onions", "v": 0.00093376000949492389}, {"l": "Apples", "v": 0.0057699255553106798}]}, {"source": 6, "prod": 18.0, "target": 12, "value": 0.0070424239496682016, "supply": [{"l": "Sugar cane", "v": 0.0070424239496682016}]}, {"source": 7, "prod": 133.0, "target": 12, "value": 0.45732979468112001, "supply": [{"l": "Sugar", "v": 0.14150055528500002}, {"l": "Sweeteners, Other", "v": 0.31582923939612001}]}, {"source": 8, "prod": 487.0, "target": 12, "value": 0.34895759353736533, "supply": [{"l": "Aquatic Products, Other", "v": 0.063869975413045885}, {"l": "Aquatic Plants", "v": 0.063091073273862389}, {"l": "Fish, Seafood", "v": 0.10860149597166634}, {"l": "Molluscs, Other", "v": 0.058111111000000007}, {"l": "Demersal Fish", "v": 0.055283937878790698}]}, {"source": 10, "prod": 323.0, "target": 12, "value": 3.5003235832300241, "supply": [{"l": "Soyabean Oil", "v": 0.041453683801802824}, {"l": "Palm Oil", "v": 0.60491487384337506}, {"l": "Sunflowerseed Oil", "v": 0.14356741732848877}, {"l": "Olive Oil", "v": 0.79106459082979053}, {"l": "Coconut Oil", "v": 0.32961305819329417}, {"l": "Rape and Mustard Oil", "v": 0.079659571864148154}, {"l": "Oilcrops Oil, Other", "v": 1.1755430746753845}, {"l": "Cottonseed Oil", "v": 0.12225647976624002}, {"l": "Palmkernel Oil", "v": 0.21225083292749999}]}, {"source": 5, "prod": 2241.0, "target": 5, "value": 2.5044206029966731, "supply": [{"l": "Vegetables, Other", "v": 0.0025604301809057824}, {"l": "Potatoes", "v": 1.5418842485129947}, {"l": "Peas", "v": 0.051335085173162792}, {"l": "Beans", "v": 0.31029563392446702}, {"l": "Pulses, Other", "v": 0.59834520520514278}]}, {"source": 2, "prod": 64.0, "target": 2, "value": 0.10568828660188558, "supply": [{"l": "Eggs", "v": 0.10568828660188558}]}, {"source": 3, "prod": 2973.0, "target": 3, "value": 8.9280324769130956, "supply": [{"l": "Maize", "v": 0.79409824315169852}, {"l": "Wheat", "v": 6.3366900201947969}, {"l": "Oats", "v": 0.48110188796900005}, {"l": "Rye", "v": 0.27711468747014401}, {"l": "Millet", "v": 0.0060643095122142861}, {"l": "Barley", "v": 0.83485327618150007}, {"l": "Rice", "v": 0.16027103710852042}, {"l": "Sorghum", "v": 0.015365397721131902}, {"l": "Cereals, Other", "v": 0.022473617604088239}]}, {"source": 4, "prod": 36.0, "target": 4, "value": 0.12210089041107815, "supply": [{"l": "Sunflower seed", "v": 0.015436424212909092}, {"l": "Cottonseed", "v": 0.087932487927107145}, {"l": "Groundnuts", "v": 0.0066033592466333332}, {"l": "Oilcrops, Other", "v": 0.012128619024428572}]}, {"source": 0, "prod": 341.0, "target": 13, "value": 0.26963727179725699, "supply": [{"l": "Beer", "v": 0.0022933123197568937}, {"l": "Wine", "v": 0.26734395947750011}]}, {"source": 2, "prod": 347.0, "target": 13, "value": 0.22149213832535375, "supply": [{"l": "Milk - Excluding Butter", "v": 0.19366602180497988}, {"l": "Offals, Edible", "v": 0.0013311898929250874}, {"l": "Mutton & Goat Meat", "v": 0.0050269934114407899}, {"l": "Eggs", "v": 0.021467933216008008}]}, {"source": 3, "prod": 1036.0, "target": 13, "value": 3.4717446794776561, "supply": [{"l": "Maize", "v": 2.2964462707359932}, {"l": "Oats", "v": 0.043736535269909095}, {"l": "Rye", "v": 0.011546445311256003}, {"l": "Barley", "v": 0.099050388699500017}, {"l": "Rice", "v": 0.0129949489547449}, {"l": "Sorghum", "v": 0.018438477265358279}, {"l": "Wheat", "v": 0.98953161324089434}]}, {"source": 4, "prod": 29.0, "target": 13, "value": 0.10152085576297387, "supply": [{"l": "Olives", "v": 0.0048514476097714296}, {"l": "Soyabeans", "v": 0.0079099689289751553}, {"l": "Sunflower seed", "v": 0.038591060532272729}, {"l": "Sesame seed", "v": 0.007718212106454546}, {"l": "Cottonseed", "v": 0.030321547561071433}, {"l": "Oilcrops, Other", "v": 0.012128619024428572}]}, {"source": 5, "prod": 5783.0, "target": 13, "value": 2.8308287956861991, "supply": [{"l": "Grapes", "v": 0.13537638546628702}, {"l": "Potatoes", "v": 0.91350830602855315}, {"l": "Nuts", "v": 0.031964468066372514}, {"l": "Dates", "v": 0.0023583425880833336}, {"l": "Grapefruit", "v": 0.0011622222200000001}, {"l": "Beans", "v": 0.081452603905172602}, {"l": "Fruits, Other", "v": 0.2864619483417552}, {"l": "Tomatoes", "v": 0.18076248151091395}, {"l": "Coffee", "v": 0.0030613100903004809}, {"l": "Lemons, Limes", "v": 0.02976390990477586}, {"l": "Bananas", "v": 0.043763058335567012}, {"l": "Treenuts", "v": 0.032028269399838327}, {"l": "Apples", "v": 0.16790483365954079}, {"l": "Vegetables, Other", "v": 0.49262676680627243}, {"l": "Peas", "v": 0.0078977054112558138}, {"l": "Sweet potatoes", "v": 0.0083384255792946435}, {"l": "Oranges, Mandarines", "v": 0.17442235023808056}, {"l": "Onions", "v": 0.08030336081656346}, {"l": "Pulses, Other", "v": 0.15767204731757142}]}, {"source": 6, "prod": 100.0, "target": 13, "value": 0.11622222200000001, "supply": [{"l": "Sugar beet", "v": 0.11622222200000001}]}, {"source": 14, "prod": 1621.0, "target": 11, "value": 9.9827320582285779, "supply": [{"l": "Alcohol, Non-Food", "v": 0.0063464441418991128}, {"l": "Sugar", "v": 2.8724612722854999}, {"l": "Beer", "v": 0.018919826637994373}, {"l": "Groundnut Oil", "v": 0.20376079961040003}, {"l": "Beverages, Alcoholic", "v": 0.098327063177276366}, {"l": "Fats, Animals, Raw", "v": 2.08708812658264}, {"l": "Soyabean Oil", "v": 0.31090262851352113}, {"l": "Butter, Ghee", "v": 0.36364390490941595}, {"l": "Palm Oil", "v": 0.95512874817375004}, {"l": "Sunflowerseed Oil", "v": 0.68707264007205349}, {"l": "Olive Oil", "v": 0.60614040076568354}, {"l": "Coconut Oil", "v": 0.28965996023047064}, {"l": "Rape and Mustard Oil", "v": 0.26885105504150003}, {"l": "Oilcrops Oil, Other", "v": 0.59865619543653847}, {"l": "Wine", "v": 0.013486193801535613}, {"l": "Sweeteners, Other", "v": 0.027168106614720001}, {"l": "Fish, Body Oil", "v": 0.41035161032650003}, {"l": "Fish, Liver Oil", "v": 0.0023244444400000001}, {"l": "Honey", "v": 0.0070750277642500003}, {"l": "Palmkernel Oil", "v": 0.14857558304925}, {"l": "Cream", "v": 0.0067920266536800004}]}, {"source": 14, "prod": 11481.0, "target": 3, "value": 38.541519499507793, "supply": [{"l": "Maize", "v": 28.033098790900276}, {"l": "Barley", "v": 3.0729203922725841}, {"l": "Rice", "v": 0.33786867282336736}, {"l": "Cereals, Other", "v": 0.044947235208176478}, {"l": "Wheat", "v": 5.6944163954514826}, {"l": "Oats", "v": 0.60973875640990916}, {"l": "Sorghum", "v": 0.19667709083048834}, {"l": "Millet", "v": 0.55185216561150019}]}, {"source": 14, "prod": 2632.0, "target": 4, "value": 11.197283302995828, "supply": [{"l": "Olives", "v": 0.014554342829314287}, {"l": "Sunflower seed", "v": 0.92232634672131841}, {"l": "Coconuts - Incl Copra", "v": 0.6306881892702858}, {"l": "Sesame seed", "v": 0.40134702953563639}, {"l": "Cottonseed", "v": 0.039418011829392863}, {"l": "Groundnuts", "v": 2.1196783181693002}, {"l": "Oilcrops, Other", "v": 0.44269459439164294}, {"l": "Soyabeans", "v": 6.1262709354912577}, {"l": "Rape and Mustardseed", "v": 0.45785536817217865}, {"l": "Palm kernels", "v": 0.042450166585500007}]}, {"source": 14, "prod": 2216.0, "target": 5, "value": 2.4115549294245247, "supply": [{"l": "Roots, Other", "v": 0.0030657097886193957}, {"l": "Nuts", "v": 0.025114939195006975}, {"l": "Citrus, Other", "v": 0.0036804532977527432}, {"l": "Cocoa Beans", "v": 0.12735049975650004}, {"l": "Tomatoes", "v": 0.006878001674612659}, {"l": "Coffee", "v": 0.16408622084010577}, {"l": "Treenuts", "v": 0.025165068814158684}, {"l": "Apples", "v": 0.015001806443807766}, {"l": "Vegetables, Other", "v": 0.024580129736695509}, {"l": "Peas", "v": 0.098721317640697692}, {"l": "Grapes", "v": 0.061886347641731218}, {"l": "Dates", "v": 0.016508398116583337}, {"l": "Potatoes", "v": 0.42692372911088439}, {"l": "Pepper", "v": 0.0058111111000000003}, {"l": "Grapefruit", "v": 0.010459999980000001}, {"l": "Beans", "v": 0.12799694899384265}, {"l": "Pulses, Other", "v": 0.68728841138428576}, {"l": "Lemons, Limes", "v": 0.007318994238879311}, {"l": "Pineapples", "v": 0.0024762597174875002}, {"l": "Bananas", "v": 0.29540064376507735}, {"l": "Infant food", "v": 0.076410299853900007}, {"l": "Spices, Other", "v": 0.0053062708231875}, {"l": "Tea", "v": 0.0046519908234958288}, {"l": "Fruits, Other", "v": 0.088330879146065827}, {"l": "Sweet potatoes", "v": 0.00075803868902678576}, {"l": "Oranges, Mandarines", "v": 0.032998823018015246}, {"l": "Onions", "v": 0.0060694400617170054}, {"l": "Cassava", "v": 0.061314195772387912}]}, {"source": 14, "prod": 8785.0, "target": 1, "value": 7.0557377094925684, "supply": [{"l": "Freshwater Fish", "v": 0.0043316496515816323}, {"l": "Pigmeat", "v": 0.16610102748105487}, {"l": "Meat, Other", "v": 0.008323562075588235}, {"l": "Crustaceans", "v": 0.0057365089980405404}, {"l": "Marine Fish, Other", "v": 0.015708431688026433}, {"l": "Demersal Fish", "v": 0.18263443763529072}, {"l": "Mutton & Goat Meat", "v": 0.10053986822881582}, {"l": "Poultry Meat", "v": 0.024995796414031841}, {"l": "Milk - Excluding Butter", "v": 2.2947375755864989}, {"l": "Pelagic Fish", "v": 1.8049692641435573}, {"l": "Fish, Seafood", "v": 1.4084675496078451}, {"l": "Cephalopods", "v": 0.010904629948568809}, {"l": "Molluscs, Other", "v": 0.019757777740000003}, {"l": "Offals, Edible", "v": 0.011980709036325785}, {"l": "Bovine Meat", "v": 0.95031029586901683}, {"l": "Eggs", "v": 0.04623862538832494}]}, {"source": 0, "prod": 1003.0, "target": 15, "value": 1.3464383486709137, "supply": [{"l": "Alcohol, Non-Food", "v": 0.011106277248323446}, {"l": "Beer", "v": 0.0074532650392099041}, {"l": "Beverages, Alcoholic", "v": 0.10849882833354632}, {"l": "Fats, Animals, Raw", "v": 0.44423964140112415}, {"l": "Wine", "v": 0.69731555009116508}, {"l": "Beverages, Fermented", "v": 0.0012633978150446432}, {"l": "Fish, Body Oil", "v": 0.070750277642500012}, {"l": "Fish, Liver Oil", "v": 0.0058111111000000003}]}, {"source": 2, "prod": 461.0, "target": 15, "value": 0.48986230896062677, "supply": [{"l": "Meat, Other", "v": 0.0013872603459313723}, {"l": "Eggs", "v": 0.0016513794781544621}, {"l": "Mutton & Goat Meat", "v": 0.017594476940042767}, {"l": "Pigmeat", "v": 0.10001782299934486}, {"l": "Poultry Meat", "v": 0.0058813638621251392}, {"l": "Milk - Excluding Butter", "v": 0.17435792899662839}, {"l": "Bovine Meat", "v": 0.18764088644547466}, {"l": "Offals, Edible", "v": 0.0013311898929250874}]}, {"source": 3, "prod": 2091.0, "target": 15, "value": 6.9309911135200322, "supply": [{"l": "Maize", "v": 1.4701548555646309}, {"l": "Rye", "v": 0.0057732226556280013}, {"l": "Barley", "v": 0.17215900893008335}, {"l": "Rice", "v": 1.2215252017460205}, {"l": "Cereals, Other", "v": 0.009988274490705884}, {"l": "Wheat", "v": 3.991930327950068}, {"l": "Oats", "v": 0.010290949475272728}, {"l": "Sorghum", "v": 0.049169272707622086}]}, {"source": 4, "prod": 131.0, "target": 15, "value": 0.26344750758022134, "supply": [{"l": "Olives", "v": 0.12007332834184287}, {"l": "Sunflower seed", "v": 0.050168378691954549}, {"l": "Oilcrops, Other", "v": 0.054578785609928585}, {"l": "Soyabeans", "v": 0.035594860180388203}, {"l": "Rape and Mustardseed", "v": 0.0030321547561071431}]}, {"source": 5, "prod": 7809.0, "target": 15, "value": 4.797480917501435, "supply": [{"l": "Roots, Other", "v": 0.0076642744715484891}, {"l": "Nuts", "v": 0.67125382939382294}, {"l": "Grapefruit", "v": 0.0058111111000000003}, {"l": "Cocoa Beans", "v": 0.016230946047397062}, {"l": "Tomatoes", "v": 0.30714576228192159}, {"l": "Coffee", "v": 0.0018367860541802889}, {"l": "Treenuts", "v": 0.67259365739660482}, {"l": "Vegetables, Other", "v": 0.20457837145437199}, {"l": "Peas", "v": 0.0039488527056279069}, {"l": "Infant food", "v": 0.0169800666342}, {"l": "Sweet potatoes", "v": 0.0022741160670803574}, {"l": "Grapes", "v": 0.62350495249044191}, {"l": "Pimento", "v": 0.02387821870434375}, {"l": "Potatoes", "v": 0.28048346631241405}, {"l": "Beans", "v": 0.089209994753284269}, {"l": "Apples", "v": 0.25387672443366993}, {"l": "Lemons, Limes", "v": 0.11246854480411204}, {"l": "Pineapples", "v": 0.00035375138821249998}, {"l": "Bananas", "v": 0.030634140834896906}, {"l": "Citrus, Other", "v": 0.0012268177659175811}, {"l": "Spices, Other", "v": 0.010612541646375}, {"l": "Fruits, Other", "v": 0.73854429508238384}, {"l": "Oranges, Mandarines", "v": 0.55312312868292213}, {"l": "Onions", "v": 0.08030336081656346}, {"l": "Pulses, Other", "v": 0.08894320617914285}]}, {"source": 7, "prod": 145.0, "target": 15, "value": 0.51237351068698511, "supply": [{"l": "Sugar", "v": 0.48463940185112508}, {"l": "Sweeteners, Other", "v": 0.013584053307360001}, {"l": "Honey", "v": 0.014150055528500001}]}, {"source": 8, "prod": 723.0, "target": 15, "value": 0.5672219940011789, "supply": [{"l": "Freshwater Fish", "v": 0.0017326598606326529}, {"l": "Crustaceans", "v": 0.0011473017996081081}, {"l": "Marine Fish, Other", "v": 0.006732185009154186}, {"l": "Demersal Fish", "v": 0.051828691761366279}, {"l": "Pelagic Fish", "v": 0.21451615504227151}, {"l": "Fish, Seafood", "v": 0.24200703731957746}, {"l": "Cephalopods", "v": 0.010904629948568809}, {"l": "Molluscs, Other", "v": 0.038353333260000004}]}, {"source": 10, "prod": 162.0, "target": 15, "value": 1.6736238493946953, "supply": [{"l": "Maize Germ Oil", "v": 0.050535912601785721}, {"l": "Soyabean Oil", "v": 0.051817104752253533}, {"l": "Palm Oil", "v": 0.19102574963475}, {"l": "Sunflowerseed Oil", "v": 0.1333126018050253}, {"l": "Olive Oil", "v": 1.1095451403846412}, {"l": "Coconut Oil", "v": 0.019976548981411768}, {"l": "Rape and Mustard Oil", "v": 0.0099574464830185193}, {"l": "Oilcrops Oil, Other", "v": 0.087077264790769229}, {"l": "Groundnut Oil", "v": 0.020376079961040003}]}, {"source": 16, "prod": 38.0, "target": 5, "value": 0.1086390987500436, "supply": [{"l": "Pimento", "v": 0.0053062708231875}, {"l": "Beans", "v": 0.050423040512725885}, {"l": "Oranges, Mandarines", "v": 0.0039284313116684814}, {"l": "Onions", "v": 0.00046688000474746195}, {"l": "Pulses, Other", "v": 0.048514476097714282}]}, {"source": 10, "prod": 174.0, "target": 17, "value": 1.7908104269053717, "supply": [{"l": "Groundnut Oil", "v": 0.20376079961040003}, {"l": "Soyabean Oil", "v": 0.21763183995946481}, {"l": "Palm Oil", "v": 0.10612541646375}, {"l": "Sunflowerseed Oil", "v": 0.19484149494580622}, {"l": "Olive Oil", "v": 1.0684508759259508}]}, {"source": 2, "prod": 12.0, "target": 17, "value": 0.024211727283287056, "supply": [{"l": "Bovine Meat", "v": 0.024211727283287056}]}, {"source": 0, "prod": 8.0, "target": 17, "value": 0.056368981985767008, "supply": [{"l": "Beverages, Alcoholic", "v": 0.0067811767708466451}, {"l": "Butter, Ghee", "v": 0.049587805214920365}]}, {"source": 3, "prod": 377.0, "target": 17, "value": 1.3142563913250211, "supply": [{"l": "Maize", "v": 1.1983014029541397}, {"l": "Rye", "v": 0.09237156249004802}, {"l": "Barley", "v": 0.023583425880833338}]}, {"source": 16, "prod": 347.0, "target": 1, "value": 0.20787395976412273, "supply": [{"l": "Mutton & Goat Meat", "v": 0.0025134967057203949}, {"l": "Milk - Excluding Butter", "v": 0.19659149041230589}, {"l": "Fish, Seafood", "v": 0.0033518980238168624}, {"l": "Pelagic Fish", "v": 0.0054170746222795829}]}, {"source": 5, "prod": 550.0, "target": 17, "value": 0.56620709358812771, "supply": [{"l": "Nuts", "v": 0.16438869291277292}, {"l": "Tomatoes", "v": 0.017195004186531648}, {"l": "Treenuts", "v": 0.16471681405631142}, {"l": "Vegetables, Other", "v": 0.01280215090452891}, {"l": "Grapes", "v": 0.10288605295437815}, {"l": "Potatoes", "v": 0.084454966375837395}, {"l": "Apples", "v": 0.017309776665932038}, {"l": "Fruits, Other", "v": 0.0024536355318351623}]}, {"source": 16, "prod": 42.0, "target": 4, "value": 0.10464888893034131, "supply": [{"l": "Olives", "v": 0.0169800666342}, {"l": "Cottonseed", "v": 0.075803868902678581}, {"l": "Soyabeans", "v": 0.011864953393462734}]}, {"source": 4, "prod": 76.0, "target": 17, "value": 0.30430582620988017, "supply": [{"l": "Sunflower seed", "v": 0.27785563583236367}, {"l": "Sesame seed", "v": 0.007718212106454546}, {"l": "Oilcrops, Other", "v": 0.012128619024428572}, {"l": "Groundnuts", "v": 0.0066033592466333332}]}, {"source": 16, "prod": 374.0, "target": 11, "value": 0.89910273039867572, "supply": [{"l": "Alcohol, Non-Food", "v": 0.0007933055177373891}, {"l": "Sugar", "v": 0.52355205455450005}, {"l": "Beer", "v": 0.0017199842398176702}, {"l": "Fats, Animals, Raw", "v": 0.067055040211490446}, {"l": "Rape and Mustard Oil", "v": 0.14936169724527779}, {"l": "Wine", "v": 0.14914143733462915}, {"l": "Beverages, Fermented", "v": 0.0063169890752232151}, {"l": "Fish, Liver Oil", "v": 0.0011622222200000001}]}, {"source": 16, "prod": 491.0, "target": 3, "value": 1.5125387448197052, "supply": [{"l": "Rice", "v": 0.08663299303163266}, {"l": "Wheat", "v": 1.0540662836696484}, {"l": "Oats", "v": 0.11062770685918183}, {"l": "Sorghum", "v": 0.26121176125924228}]}, {"source": 1, "prod": 9352.0, "target": 8, "value": 7.1566471534889855, "supply": [{"l": "Pelagic Fish", "v": 2.5525255620181397}, {"l": "Crustaceans", "v": 0.055070486381189179}, {"l": "Freshwater Fish", "v": 0.055445115540244894}, {"l": "Molluscs, Other", "v": 0.20803777738000001}, {"l": "Aquatic Plants", "v": 0.063091073273862389}, {"l": "Demersal Fish", "v": 0.74287791524625013}, {"l": "Aquatic Products, Other", "v": 0.063869975413045885}, {"l": "Fish, Seafood", "v": 3.0797239042829325}, {"l": "Marine Fish, Other", "v": 0.21917002307579736}, {"l": "Cephalopods", "v": 0.11683532087752295}]}, {"source": 1, "prod": 31600.0, "target": 2, "value": 26.964429894662942, "supply": [{"l": "Poultry Meat", "v": 1.6541335862226956}, {"l": "Pigmeat", "v": 3.104124578086811}, {"l": "Bovine Meat", "v": 4.2572287139779732}, {"l": "Eggs", "v": 1.9321139894407207}, {"l": "Milk - Excluding Butter", "v": 14.371657080349609}, {"l": "Offals, Edible", "v": 0.49254026038228221}, {"l": "Meat, Other", "v": 0.27051576745661765}, {"l": "Mutton & Goat Meat", "v": 0.98780420534811519}]}, {"source": 11, "prod": 15576.0, "target": 0, "value": 21.798442939965565, "supply": [{"l": "Fats, Animals, Raw", "v": 7.2335624628145325}, {"l": "Alcohol, Non-Food", "v": 0.19197993529244814}, {"l": "Beverages, Fermented", "v": 0.027163053023459824}, {"l": "Fish, Body Oil", "v": 0.56600222113999998}, {"l": "Beer", "v": 1.3054680380216117}, {"l": "Beverages, Alcoholic", "v": 2.2581318646919324}, {"l": "Fish, Liver Oil", "v": 0.0092977777600000006}, {"l": "Cream", "v": 0.052638206566019995}, {"l": "Butter, Ghee", "v": 1.2231658619680357}, {"l": "Wine", "v": 8.931033518687526}]}, {"source": 11, "prod": 2550.0, "target": 10, "value": 26.430122768516725, "supply": [{"l": "Olive Oil", "v": 13.407003779647747}, {"l": "Sesameseed Oil", "v": 0.265313541159375}, {"l": "Soyabean Oil", "v": 3.0572091803829577}, {"l": "Coconut Oil", "v": 0.56933164597023533}, {"l": "Cottonseed Oil", "v": 0.43808571916236005}, {"l": "Rape and Mustard Oil", "v": 1.0953191131320372}, {"l": "Maize Germ Oil", "v": 0.31332265813107152}, {"l": "Groundnut Oil", "v": 1.4874538371559203}, {"l": "Palm Oil", "v": 0.95512874817375004}, {"l": "Palmkernel Oil", "v": 0.27592608280574998}, {"l": "Oilcrops Oil, Other", "v": 1.8177379025073075}, {"l": "Sunflowerseed Oil", "v": 2.7482905602882139}]}, {"source": 11, "prod": 3716.0, "target": 7, "value": 13.127289514900021, "supply": [{"l": "Honey", "v": 0.12027547199225}, {"l": "Sweeteners, Other", "v": 0.43468970583552002}, {"l": "Sugar", "v": 12.572324337072251}]}, {"source": 5, "prod": 76762.5, "target": 18, "value": 237.60262700669836, "supply": [{"l": "Pulses, Other", "v": 4.5431266579800003}, {"l": "Vegetables, Other", "v": 55.931363226390005}, {"l": "Beans", "v": 2.0937433293300001}, {"l": "Onions", "v": 6.3248133212400006}, {"l": "Roots, Other", "v": 0.013946666640000003}, {"l": "Tomatoes", "v": 22.101979957740003}, {"l": "Peas", "v": 0.20396999960999998}, {"l": "Yams", "v": 0.0026149999950000006}, {"l": "Potatoes", "v": 23.725023287970007}, {"l": "Sweet potatoes", "v": 0.25452666618000003}, {"l": "Cassava", "v": 0.069733333200000011}]}, {"source": 6, "prod": 8111.2000000000007, "target": 18, "value": 9.2873159390266604, "supply": [{"l": "Sugar beet", "v": 9.2164222046000024}, {"l": "Sugar cane", "v": 0.070893734426659902}]}, {"source": 3, "prod": 98758.0, "target": 18, "value": 356.29847369931701, "supply": [{"l": "Sorghum", "v": 1.80260666322}, {"l": "Rice", "v": 6.3561933211800001}, {"l": "Wheat", "v": 160.15654636044002}, {"l": "Oats", "v": 9.3991364312665677}, {"l": "Maize", "v": 121.02219976860002}, {"l": "Barley", "v": 37.481666595000007}, {"l": "Cereals, Other", "v": 0.36609999929999998}, {"l": "Rye", "v": 5.4531466562400004}, {"l": "Millet", "v": 0.47069999910000004}]}, {"source": 4, "prod": 7694.5, "target": 18, "value": 18.381435752586253, "supply": [{"l": "Coconuts - Incl Copra", "v": 0.36435666596999999}, {"l": "Sesame seed", "v": 0.27512969644363638}, {"l": "Groundnuts", "v": 0.60493666551000003}, {"l": "Oilcrops, Other", "v": 1.6910333301}, {"l": "Soyabeans", "v": 3.5427565149652165}, {"l": "Palm kernels", "v": 0.024406666620000003}, {"l": "Sunflower seed", "v": 2.1100672686927275}, {"l": "Cottonseed", "v": 1.1192199978599999}, {"l": "Olives", "v": 19.084269963510003}, {"l": "Rape and Mustardseed", "v": 0.30333999942000001}]}, {"source": 19, "prod": 0, "target": 5, "value": 0.49671213773293516, "supply": "[{\"l\":'Energy for power irrigation',\"v\":0.49671213773293516}]"}, {"source": 19, "prod": 0, "target": 6, "value": 0.13121418308351679, "supply": "[{\"l\":'Energy for power irrigation',\"v\":0.13121418308351679}]"}, {"source": 19, "prod": 0, "target": 3, "value": 0.31951993029297643, "supply": "[{\"l\":'Energy for power irrigation',\"v\":0.31951993029297643}]"}, {"source": 19, "prod": 0, "target": 4, "value": 0.049789305243915574, "supply": "[{\"l\":'Energy for power irrigation',\"v\":0.049789305243915574}]"}, {"source": 19, "prod": 0, "target": 11, "value": 2.6960000021567998, "supply": "[{\"l\":'Electricity',\"v\":2.6960000021567998}]"}, {"source": 20, "prod": 0, "target": 19, "value": 6.9679475158355579, "supply": [{"l": "Coal", "v": 3.6204857186799519}, {"l": "Natural gas", "v": 1.0752129150073395}, {"l": "Oil", "v": 2.2722488821482671}]}, {"source": 21, "prod": 0, "target": 19, "value": 0.98053830090563632, "supply": [{"l": "Nuclear", "v": 0.11195335334503481}, {"l": "Hydroelectric", "v": 0.85743054719607825}, {"l": "Renewable", "v": 0.011154400364523183}]}, {"source": 20, "prod": 0, "target": 5, "value": 21.240713538224327, "supply": [{"l": "Motor Gasoline", "v": 0.67626199698159539}, {"l": "Gas-Diesel oil", "v": 18.260683484132549}, {"l": "Natural gas (including LNG)", "v": 0.10238497700375371}, {"l": "Fuel oil", "v": 2.0290488712911476}, {"l": "Liquefied petroleum gas (LPG)", "v": 0.17233420881528219}]}, {"source": 20, "prod": 0, "target": 6, "value": 5.6110625517422292, "supply": [{"l": "Motor Gasoline", "v": 0.17864505161755792}, {"l": "Gas-Diesel oil", "v": 4.8238415852954217}, {"l": "Natural gas (including LNG)", "v": 0.027046573049107542}, {"l": "Fuel oil", "v": 0.53600459875644868}, {"l": "Liquefied petroleum gas (LPG)", "v": 0.045524743023693762}]}, {"source": 20, "prod": 0, "target": 3, "value": 13.663510096778753, "supply": [{"l": "Motor Gasoline", "v": 0.43501893696732385}, {"l": "Gas-Diesel oil", "v": 11.746546683119769}, {"l": "Natural gas (including LNG)", "v": 0.06586116631777697}, {"l": "Fuel oil", "v": 1.3052259138965716}, {"l": "Liquefied petroleum gas (LPG)", "v": 0.11085739647731405}]}, {"source": 20, "prod": 0, "target": 4, "value": 2.1291212547776204, "supply": [{"l": "Motor Gasoline", "v": 0.067786978482656052}, {"l": "Gas-Diesel oil", "v": 1.8304097582629266}, {"l": "Natural gas (including LNG)", "v": 0.01026283934936177}, {"l": "Fuel oil", "v": 0.2033872859814328}, {"l": "Liquefied petroleum gas (LPG)", "v": 0.017274392701243299}]}, {"source": 20, "prod": 0, "target": 1, "value": 2.593876816889916, "supply": [{"l": "Gas-diesel oils used in fisheries", "v": 2.5116777797871199}, {"l": "Fuel oil used in fisheries", "v": 0.08219903710279626}]}, {"source": 22, "prod": 2523.3443341455027, "target": 5, "value": 29.074776293117729, "supply": [{"l": "Potash", "v": 2.650303056749872}, {"l": "Phosphate", "v": 5.4349530876812953}, {"l": "Nitrogen", "v": 50.287387706896567}]}, {"source": 22, "prod": 666.58037984435759, "target": 6, "value": 7.68055122842327, "supply": [{"l": "Potash", "v": 2.650303056749872}, {"l": "Phosphate", "v": 5.4349530876812953}, {"l": "Nitrogen", "v": 50.287387706896567}]}, {"source": 22, "prod": 1623.191270161482, "target": 3, "value": 18.70292628012194, "supply": [{"l": "Potash", "v": 2.650303056749872}, {"l": "Phosphate", "v": 5.4349530876812953}, {"l": "Nitrogen", "v": 50.287387706896567}]}, {"source": 22, "prod": 252.9343491819908, "target": 4, "value": 2.9143900496648021, "supply": [{"l": "Potash", "v": 2.650303056749872}, {"l": "Phosphate", "v": 5.4349530876812953}, {"l": "Nitrogen", "v": 50.287387706896567}]}, {"source": 20, "prod": 0, "target": 22, "value": 71.288207625062384, "supply": [{"l": "Natural gas (including LNG)", "v": 47.845396577336643}, {"l": "Fuel oil", "v": 14.553449859775274}, {"l": "Liquefied petroleum gas (LPG)", "v": 4.4446805939752352}, {"l": "Coal", "v": 4.4446805939752352}]}, {"source": 23, "prod": 0, "target": 3, "value": 3.000802404435905, "supply": "[{\"l\":'Labor',\"v\":3.000802404435905}]"}, {"source": 23, "prod": 0, "target": 4, "value": 0.46760108752571078, "supply": "[{\"l\":'Labor',\"v\":0.46760108752571078}]"}, {"source": 23, "prod": 0, "target": 5, "value": 4.6649202002979235, "supply": "[{\"l\":'Labor',\"v\":4.6649202002979235}]"}, {"source": 23, "prod": 0, "target": 6, "value": 1.2323107223141676, "supply": "[{\"l\":'Labor',\"v\":1.2323107223141676}]"}, {"source": 20, "prod": 0, "target": 14, "value": 69.907723154580864, "supply": "[{\"l\":'Fossil Fuels',\"v\":69.907723154580864}]"}, {"source": 21, "prod": 0, "target": 14, "value": 3.8893308967468947, "supply": "[{\"l\":'Renewables & Nuclear',\"v\":2.256045961777922},{\"l\":'Biomass & Waste',\"v\":1.6332849349689726}]"}]}