{"nodes": [{"layer": 13, "name": "Milk - Excluding Butter"}, {"layer": 10, "name": "Feed", "fill": "#dbdb8d"}, {"layer": 5, "name": "Oilcrops", "fill": "#ff9896"}, {"layer": 13, "name": "Sugar & Sweeteners"}, {"layer": 5, "name": "Vegetables"}, {"layer": 5, "name": "Sugar Crops", "fill": "#ffbb78"}, {"layer": 13, "name": "Animal Fats"}, {"layer": 5, "name": "Starchy Roots"}, {"layer": 5, "name": "Pulses"}, {"layer": 13, "name": "Fish, Seafood"}, {"layer": 5, "name": "Fruits - Excluding Wine"}, {"layer": 5, "name": "Cereals - Excluding Beer"}, {"layer": 13, "name": "Meat"}, {"layer": 16, "name": "Food", "fill": "#b5cf6b"}, {"layer": 5, "name": "Treenuts"}, {"layer": 13, "name": "Alcoholic Beverages"}, {"layer": 5, "name": "Others"}, {"layer": 13, "name": "Vegetable Oils", "fill": "#f7b6d2"}, {"layer": 5, "name": "Spices"}, {"layer": 5, "name": "Stimulants"}, {"layer": 13, "name": "Eggs"}, {"layer": 10, "name": "Processing", "fill": "#9edae5"}, {"layer": 16, "name": "Biofuels & Other", "fill": "#e7ba52"}, {"layer": 13, "name": "Aquatic Products, Other"}, {"name": "Waste", "fill": "#c7c7c7"}, {"layer": 2, "name": "Import", "fill": "#aec7e8"}, {"layer": 16, "name": "Export", "fill": "#aec7e8"}, {"layer": 16, "name": "Stock Deposit", "fill": "#c7c7c7"}, {"layer": 0, "name": "Stock Draw", "fill": "#c7c7c7"}, {"layer": 2, "name": "Electricity", "fill": "#bcbd22"}, {"layer": 0, "name": "Fossil Fuels", "fill": "#c49c94"}, {"layer": 0, "name": "Renewables & Nuclear", "fill": "#2ca02c"}, {"layer": 2, "name": "Fertilizers", "fill": "#c5b0d5"}, {"layer": 0, "name": "Labor", "fill": "#7f7f7f"}], "links": [{"source": 0, "prod": 5096.0, "target": 1, "value": 2.8973214881088962, "supply": [{"l": "Milk - Excluding Butter", "v": 2.8973214881088962}]}, {"source": 2, "prod": 59.0, "target": 1, "value": 0.19346465672118404, "supply": [{"l": "Cottonseed", "v": 0.022147913001130438}, {"l": "Sunflower seed", "v": 0.15918812469562502}, {"l": "Oilcrops, Other", "v": 0.012128619024428572}]}, {"source": 3, "prod": 34.0, "target": 1, "value": 0.11394518399265792, "supply": [{"l": "Sugar", "v": 0.11394518399265792}]}, {"source": 4, "prod": 1332.0, "target": 1, "value": 0.34420170251755955, "supply": [{"l": "Vegetables, Other", "v": 0.33602794961577342}, {"l": "Tomatoes", "v": 0.0081737529017861313}]}, {"source": 5, "prod": 125.0, "target": 1, "value": 0.14527777750000001, "supply": [{"l": "Sugar beet", "v": 0.14527777750000001}]}, {"source": 6, "prod": 81.0, "target": 1, "value": 0.68594530927755382, "supply": [{"l": "Fats, Animals, Raw", "v": 0.64349514269205377}, {"l": "Fish, Body Oil", "v": 0.0424501665855}]}, {"source": 7, "prod": 1891.0, "target": 1, "value": 1.4874644209176902, "supply": [{"l": "Potatoes", "v": 1.1828565245305036}, {"l": "Roots, Other", "v": 0.0080655979504360448}, {"l": "Sweet potatoes", "v": 0.043282522793058817}, {"l": "Cassava", "v": 0.25325977564369173}]}, {"source": 8, "prod": 446.0, "target": 1, "value": 1.8099068823698583, "supply": [{"l": "Beans", "v": 0.038862828564190141}, {"l": "Peas", "v": 0.0039797031173906252}, {"l": "Pulses, Other", "v": 1.7670643506882775}]}, {"source": 9, "prod": 2269.0, "target": 1, "value": 2.1654348732760225, "supply": [{"l": "Fish, Seafood", "v": 0.84310720172377884}, {"l": "Pelagic Fish", "v": 1.3191389266444127}, {"l": "Marine Fish, Other", "v": 0.0031887449078309865}]}, {"source": 10, "prod": 145.0, "target": 1, "value": 0.082171632453925392, "supply": [{"l": "Fruits, Other", "v": 0.019297946738304948}, {"l": "Bananas", "v": 0.00073189942388793099}, {"l": "Apples", "v": 0.062141786291732511}]}, {"source": 11, "prod": 41308.0, "target": 1, "value": 136.25533739571529, "supply": [{"l": "Maize", "v": 95.486130726169947}, {"l": "Oats", "v": 2.8362467233905262}, {"l": "Rye", "v": 0.40186157700940001}, {"l": "Barley", "v": 25.954031850374701}, {"l": "Rice", "v": 0.1290882258740351}, {"l": "Sorghum", "v": 3.1642035434379521}, {"l": "Cereals, Other", "v": 0.19147734715161704}, {"l": "Wheat", "v": 8.047421511916717}, {"l": "Millet", "v": 0.044875890390385711}]}, {"source": 12, "prod": 9.0, "target": 1, "value": 0.011586282401385019, "supply": [{"l": "Meat, Other", "v": 0.0039935696787752615}, {"l": "Offals, Edible", "v": 0.0075927127226097582}]}, {"source": 0, "prod": 27230.0, "target": 13, "value": 15.481566742779679, "supply": [{"l": "Milk - Excluding Butter", "v": 15.481566742779679}]}, {"source": 12, "prod": 9869.0, "target": 13, "value": 17.526896931896051, "supply": [{"l": "Pigmeat", "v": 6.7175683469491219}, {"l": "Meat, Other", "v": 0.52582000770540949}, {"l": "Mutton & Goat Meat", "v": 1.2286221566766062}, {"l": "Poultry Meat", "v": 3.3881179456504658}, {"l": "Offals, Edible", "v": 0.64284967718095942}, {"l": "Bovine Meat", "v": 5.0239187977334874}]}, {"source": 3, "prod": 4547.0, "target": 13, "value": 15.232305625733435, "supply": [{"l": "Sugar", "v": 14.82292790586841}, {"l": "Sweeteners, Other", "v": 0.23510861493507693}, {"l": "Honey", "v": 0.1742691049299474}]}, {"source": 14, "prod": 690.0, "target": 13, "value": 1.6370004359917367, "supply": [{"l": "Treenuts", "v": 1.6370004359917367}]}, {"source": 4, "prod": 22075.0, "target": 13, "value": 5.7249154647878662, "supply": [{"l": "Tomatoes", "v": 1.2851654562500656}, {"l": "Vegetables, Other", "v": 3.7389281601872648}, {"l": "Onions", "v": 0.70082184835053585}]}, {"source": 15, "prod": 14050.0, "target": 13, "value": 11.180306744501614, "supply": [{"l": "Beer", "v": 2.6874182361697239}, {"l": "Beverages, Alcoholic", "v": 1.4004295759176322}, {"l": "Wine", "v": 7.069473720263086}, {"l": "Beverages, Fermented", "v": 0.022985212151173173}]}, {"source": 6, "prod": 896.0, "target": 13, "value": 6.8341717243439017, "supply": [{"l": "Fats, Animals, Raw", "v": 5.139604061761208}, {"l": "Butter, Ghee", "v": 1.4602857305412003}, {"l": "Cream", "v": 0.23428193204149372}]}, {"source": 7, "prod": 9576.0, "target": 13, "value": 7.480279038081493, "supply": [{"l": "Yams", "v": 0.0024196793851308128}, {"l": "Sweet potatoes", "v": 0.05826493452911765}, {"l": "Potatoes", "v": 7.4195944241672445}]}, {"source": 8, "prod": 724.0, "target": 13, "value": 2.8685417038049965, "supply": [{"l": "Peas", "v": 0.17908664028257815}, {"l": "Beans", "v": 1.5195365968598344}, {"l": "Pulses, Other", "v": 1.1699184666625839}]}, {"source": 9, "prod": 5141.0, "target": 13, "value": 3.7799706849596832, "supply": [{"l": "Freshwater Fish", "v": 0.058437891663155855}, {"l": "Crustaceans", "v": 0.058150913130821921}, {"l": "Marine Fish, Other", "v": 0.23357556449861974}, {"l": "Demersal Fish", "v": 0.58392150543373367}, {"l": "Fish, Seafood", "v": 1.9105477734216381}, {"l": "Pelagic Fish", "v": 0.64322614918678878}, {"l": "Cephalopods", "v": 0.17519895342223701}, {"l": "Molluscs, Other", "v": 0.11691193420268851}]}, {"source": 16, "prod": 704.0, "target": 13, "value": 1.6974241246133819, "supply": [{"l": "Nuts", "v": 1.6361072173232152}, {"l": "Infant food", "v": 0.061316907290166672}]}, {"source": 11, "prod": 22429.0, "target": 13, "value": 69.663445413081988, "supply": [{"l": "Maize", "v": 4.2631540149490741}, {"l": "Rye", "v": 0.81787320954730003}, {"l": "Barley", "v": 0.1754606885534}, {"l": "Rice", "v": 3.0378762489022928}, {"l": "Cereals, Other", "v": 0.014451120539744683}, {"l": "Wheat", "v": 61.345996198403299}, {"l": "Oats", "v": 0.0086339321868813563}]}, {"source": 17, "prod": 2558.0, "target": 13, "value": 26.313868363108519, "supply": [{"l": "Maize Germ Oil", "v": 1.0532230520402432}, {"l": "Groundnut Oil", "v": 0.57980715336292676}, {"l": "Soyabean Oil", "v": 5.3789625332507978}, {"l": "Palm Oil", "v": 0.18523709055490911}, {"l": "Sunflowerseed Oil", "v": 5.3193236818969458}, {"l": "Olive Oil", "v": 12.274232560346135}, {"l": "Coconut Oil", "v": 0.17633146120130772}, {"l": "Rape and Mustard Oil", "v": 0.64439352876789013}, {"l": "Oilcrops Oil, Other", "v": 0.23347591622024999}, {"l": "Sesameseed Oil", "v": 0.053062708231874998}, {"l": "Cottonseed Oil", "v": 0.29908071912511369}, {"l": "Palmkernel Oil", "v": 0.116737958110125}]}, {"source": 18, "prod": 32.0, "target": 13, "value": 0.091675306448644231, "supply": [{"l": "Pimento", "v": 0.058777153733769232}, {"l": "Pepper", "v": 0.0081355555400000005}, {"l": "Spices, Other", "v": 0.024762597174875004}]}, {"source": 19, "prod": 533.0, "target": 13, "value": 0.41886926210746384, "supply": [{"l": "Cocoa Beans", "v": 0.17669881841214377}, {"l": "Coffee", "v": 0.23354643144713624}, {"l": "Tea", "v": 0.0086240122481838037}]}, {"source": 20, "prod": 1605.0, "target": 13, "value": 2.6294710820220732, "supply": [{"l": "Eggs", "v": 2.6294710820220732}]}, {"source": 10, "prod": 12921.0, "target": 13, "value": 7.1797912459258679, "supply": [{"l": "Grapes", "v": 1.1681269431890231}, {"l": "Dates", "v": 0.0594302332197}, {"l": "Pineapples", "v": 0.058138271627967406}, {"l": "Lemons, Limes", "v": 0.11678430108674673}, {"l": "Bananas", "v": 0.58405574026256912}, {"l": "Citrus, Other", "v": 0.020408628174618287}, {"l": "Fruits, Other", "v": 2.5707204200481382}, {"l": "Grapefruit", "v": 0.089491110940000007}, {"l": "Oranges, Mandarines", "v": 1.1684695713730533}, {"l": "Apples", "v": 1.3441660260040518}]}, {"source": 2, "prod": 394.0, "target": 13, "value": 0.74603060501275642, "supply": [{"l": "Olives", "v": 0.34936862765057525}, {"l": "Coconuts - Incl Copra", "v": 0.057215441919586968}, {"l": "Sesame seed", "v": 0.0339601332684}, {"l": "Groundnuts", "v": 0.29441244567362906}, {"l": "Rape and Mustardseed", "v": 0.011073956500565219}]}, {"source": 0, "prod": 6.0, "target": 21, "value": 0.0034112890362349639, "supply": [{"l": "Milk - Excluding Butter", "v": 0.0034112890362349639}]}, {"source": 12, "prod": 2.0, "target": 21, "value": 0.0033166997407153729, "supply": [{"l": "Pigmeat", "v": 0.001867547497066756}, {"l": "Poultry Meat", "v": 0.0014491522436486167}]}, {"source": 4, "prod": 86.0, "target": 21, "value": 0.022349886826725847, "supply": [{"l": "Vegetables, Other", "v": 0.022349886826725847}]}, {"source": 15, "prod": 1824.0, "target": 21, "value": 1.4438159294322999, "supply": [{"l": "Wine", "v": 1.4438159294322999}]}, {"source": 5, "prod": 27415.0, "target": 21, "value": 31.804438386074906, "supply": [{"l": "Sugar beet", "v": 31.783291050340004}, {"l": "Sugar cane", "v": 0.021147335734901102}]}, {"source": 6, "prod": 25.0, "target": 21, "value": 0.20892699438053694, "supply": [{"l": "Fats, Animals, Raw", "v": 0.20892699438053694}]}, {"source": 7, "prod": 49.0, "target": 21, "value": 0.038257405743890874, "supply": [{"l": "Potatoes", "v": 0.038257405743890874}]}, {"source": 10, "prod": 22300.0, "target": 21, "value": 16.58029179569893, "supply": [{"l": "Fruits, Other", "v": 0.22865142953567377}, {"l": "Apples", "v": 0.066620473592037557}, {"l": "Grapes", "v": 16.285019892571217}]}, {"source": 11, "prod": 1608.0, "target": 21, "value": 4.9316854491686364, "supply": [{"l": "Maize", "v": 1.6576960241309058}, {"l": "Rice", "v": 0.030120586037274855}, {"l": "Wheat", "v": 0.49592805536575602}, {"l": "Barley", "v": 2.7479407836347001}]}, {"source": 17, "prod": 3.0, "target": 21, "value": 0.031837624939125002, "supply": [{"l": "Oilcrops Oil, Other", "v": 0.031837624939125002}]}, {"source": 19, "prod": 5.0, "target": 21, "value": 0.0079594062347812505, "supply": [{"l": "Cocoa Beans", "v": 0.0079594062347812505}]}, {"source": 2, "prod": 14975.909090909092, "target": 21, "value": 37.606665370168123, "supply": [{"l": "Olives", "v": 8.2270676833845133}, {"l": "Soyabeans", "v": 20.547601580081409}, {"l": "Oilcrops, Other", "v": 1.5100130685413575}, {"l": "Sunflower seed", "v": 5.7767601695101254}, {"l": "Coconuts - Incl Copra", "v": 0.30084248493202176}, {"l": "Sesame seed", "v": 0.12735049975650001}, {"l": "Cottonseed", "v": 0.52601293377684788}, {"l": "Rape and Mustardseed", "v": 0.28607720959793481}, {"l": "Groundnuts", "v": 0.2327912361140323}, {"l": "Palm kernels", "v": 0.025839231834652178}, {"l": "Oil Palm", "v": 0.046309272638727972}]}, {"source": 0, "prod": 1481.0, "target": 22, "value": 0.84201984377733041, "supply": [{"l": "Milk - Excluding Butter", "v": 0.84201984377733041}]}, {"source": 9, "prod": 142.0, "target": 22, "value": 0.10889161478792994, "supply": [{"l": "Marine Fish, Other", "v": 0.055803035887042267}, {"l": "Fish, Seafood", "v": 0.052740626715760623}, {"l": "Molluscs, Other", "v": 0.00034795218512704917}]}, {"source": 14, "prod": 15.0, "target": 22, "value": 0.035586965999820371, "supply": [{"l": "Treenuts", "v": 0.035586965999820371}]}, {"source": 4, "prod": 86.0, "target": 22, "value": 0.021071054399354836, "supply": [{"l": "Tomatoes", "v": 0.006916252455357496}, {"l": "Vegetables, Other", "v": 0.01325400265305835}, {"l": "Onions", "v": 0.00090079929093899206}]}, {"source": 16, "prod": 15.0, "target": 22, "value": 0.035516075629302792, "supply": [{"l": "Nuts", "v": 0.035516075629302792}]}, {"source": 5, "prod": 304.0, "target": 22, "value": 0.094541030344263741, "supply": [{"l": "Sugar cane", "v": 0.094541030344263741}]}, {"source": 15, "prod": 910.0, "target": 22, "value": 1.6896813044617134, "supply": [{"l": "Alcohol, Non-Food", "v": 0.30950220855703353}, {"l": "Beer", "v": 0.0655888843766535}, {"l": "Beverages, Alcoholic", "v": 1.294801067758395}, {"l": "Wine", "v": 0.019789143769631298}]}, {"source": 6, "prod": 434.0, "target": 22, "value": 3.6517827030288101, "supply": [{"l": "Fats, Animals, Raw", "v": 3.535044744918685}, {"l": "Fish, Body Oil", "v": 0.116737958110125}]}, {"source": 7, "prod": 158.0, "target": 22, "value": 0.12336061443948487, "supply": [{"l": "Potatoes", "v": 0.12336061443948487}]}, {"source": 12, "prod": 74.0, "target": 22, "value": 0.13385149262609719, "supply": [{"l": "Mutton & Goat Meat", "v": 0.01021723207215473}, {"l": "Pigmeat", "v": 0.069099257391469979}, {"l": "Bovine Meat", "v": 0.029552463516079333}, {"l": "Poultry Meat", "v": 0.017389826923783401}, {"l": "Offals, Edible", "v": 0.0075927127226097582}]}, {"source": 8, "prod": 1.0, "target": 22, "value": 0.0040622168981339713, "supply": [{"l": "Pulses, Other", "v": 0.0040622168981339713}]}, {"source": 23, "prod": 29.0, "target": 22, "value": 0.019633527964608141, "supply": [{"l": "Aquatic Products, Other", "v": 0.010155273085142143}, {"l": "Aquatic Plants", "v": 0.0094782548794659985}]}, {"source": 3, "prod": 222.0, "target": 22, "value": 0.72689465414320742, "supply": [{"l": "Sugar", "v": 0.077080565642092105}, {"l": "Sweeteners, Other", "v": 0.64981408850111533}]}, {"source": 11, "prod": 1161.0, "target": 22, "value": 4.0648042671531472, "supply": [{"l": "Maize", "v": 3.5532199575054313}, {"l": "Rye", "v": 0.0056600222113999997}, {"l": "Rice", "v": 0.086058817249356725}, {"l": "Wheat", "v": 0.41986547018695908}]}, {"source": 10, "prod": 281.0, "target": 22, "value": 0.18734352929883183, "supply": [{"l": "Citrus, Other", "v": 0.0098751426651378805}, {"l": "Grapes", "v": 0.14723033129125881}, {"l": "Lemons, Limes", "v": 0.0016683471583820964}, {"l": "Fruits, Other", "v": 0.0087717939719567945}, {"l": "Oranges, Mandarines", "v": 0.013079883261638659}, {"l": "Apples", "v": 0.0067180309504575684}]}, {"source": 17, "prod": 525.0, "target": 22, "value": 5.4774926226758405, "supply": [{"l": "Soyabean Oil", "v": 0.16487241481228498}, {"l": "Palm Oil", "v": 0.98407204357295475}, {"l": "Sunflowerseed Oil", "v": 0.47512405702380484}, {"l": "Olive Oil", "v": 1.3706741650092662}, {"l": "Coconut Oil", "v": 0.64654869107146173}, {"l": "Rape and Mustard Oil", "v": 0.40157857589883}, {"l": "Oilcrops Oil, Other", "v": 1.29473008085775}, {"l": "Cottonseed Oil", "v": 0.086829886197613643}, {"l": "Palmkernel Oil", "v": 0.053062708231874998}]}, {"source": 19, "prod": 1.0, "target": 22, "value": 0.00056412181508970103, "supply": [{"l": "Coffee", "v": 0.00056412181508970103}]}, {"source": 20, "prod": 2.0, "target": 22, "value": 0.0032765994791552318, "supply": [{"l": "Eggs", "v": 0.0032765994791552318}]}, {"source": 2, "prod": 30.0, "target": 22, "value": 0.063807082693732933, "supply": [{"l": "Oilcrops, Other", "v": 0.012128619024428572}, {"l": "Cottonseed", "v": 0.051678463669304356}]}, {"source": 2, "prod": 36.0, "target": 2, "value": 0.09492556556281373, "supply": [{"l": "Sunflower seed", "v": 0.028300111057000001}, {"l": "Soyabeans", "v": 0.012046668895885135}, {"l": "Cottonseed", "v": 0.040604507168739132}, {"l": "Rape and Mustardseed", "v": 0.0018456594167608697}, {"l": "Oilcrops, Other", "v": 0.012128619024428572}]}, {"source": 4, "prod": 12.0, "target": 4, "value": 0.0031185888595431409, "supply": [{"l": "Vegetables, Other", "v": 0.0031185888595431409}]}, {"source": 7, "prod": 1548.0, "target": 7, "value": 1.2086217161539403, "supply": [{"l": "Potatoes", "v": 1.2086217161539403}]}, {"source": 8, "prod": 127.0, "target": 8, "value": 0.50759375824258102, "supply": [{"l": "Peas", "v": 0.035817328056515628}, {"l": "Beans", "v": 0.16711016282601757}, {"l": "Pulses, Other", "v": 0.30466626736004782}]}, {"source": 11, "prod": 2918.0, "target": 11, "value": 8.7194648022657191, "supply": [{"l": "Maize", "v": 0.66733801399702419}, {"l": "Wheat", "v": 5.2878709216299624}, {"l": "Oats", "v": 0.32808942310149158}, {"l": "Rye", "v": 0.2009307885047}, {"l": "Barley", "v": 2.0517580516325}, {"l": "Rice", "v": 0.16351175277377777}, {"l": "Sorghum", "v": 0.0091275102214556317}, {"l": "Cereals, Other", "v": 0.010838340404808511}]}, {"source": 20, "prod": 114.0, "target": 20, "value": 0.1867661703118482, "supply": [{"l": "Eggs", "v": 0.1867661703118482}]}, {"source": 0, "prod": 617.0, "target": 24, "value": 0.35079422255949544, "supply": [{"l": "Milk - Excluding Butter", "v": 0.35079422255949544}]}, {"source": 2, "prod": 41.0, "target": 24, "value": 0.10470463225492038, "supply": [{"l": "Olives", "v": 0.014650942449862835}, {"l": "Soyabeans", "v": 0.02409333779177027}, {"l": "Sunflower seed", "v": 0.035375138821250006}, {"l": "Cottonseed", "v": 0.014765275334086957}, {"l": "Rape and Mustardseed", "v": 0.0036913188335217393}, {"l": "Oilcrops, Other", "v": 0.012128619024428572}]}, {"source": 14, "prod": 8.0, "target": 24, "value": 0.018979715199904195, "supply": [{"l": "Treenuts", "v": 0.018979715199904195}]}, {"source": 4, "prod": 3380.0, "target": 24, "value": 0.86141201239115683, "supply": [{"l": "Tomatoes", "v": 0.21209840863096321}, {"l": "Vegetables, Other", "v": 0.56914246686662329}, {"l": "Onions", "v": 0.080171136893570305}]}, {"source": 15, "prod": 116.0, "target": 24, "value": 0.08728090923608775, "supply": [{"l": "Beer", "v": 0.012082162911488805}, {"l": "Wine", "v": 0.075198746324598942}]}, {"source": 5, "prod": 108.0, "target": 24, "value": 0.12551999976, "supply": [{"l": "Sugar beet", "v": 0.12551999976}]}, {"source": 7, "prod": 1037.0, "target": 24, "value": 0.8102191487572703, "supply": [{"l": "Potatoes", "v": 0.8010632304741232}, {"l": "Sweet potatoes", "v": 0.0091559182831470586}]}, {"source": 8, "prod": 64.0, "target": 24, "value": 0.25647410712650331, "supply": [{"l": "Beans", "v": 0.073839374271961272}, {"l": "Peas", "v": 0.0079594062347812505}, {"l": "Pulses, Other", "v": 0.17467532661976076}]}, {"source": 3, "prod": 10.0, "target": 24, "value": 0.033513289409605268, "supply": [{"l": "Sugar", "v": 0.033513289409605268}]}, {"source": 16, "prod": 8.0, "target": 24, "value": 0.018941907002294821, "supply": [{"l": "Nuts", "v": 0.018941907002294821}]}, {"source": 11, "prod": 1660.0, "target": 24, "value": 5.6244811221977127, "supply": [{"l": "Maize", "v": 4.2063592903535829}, {"l": "Oats", "v": 0.030218762654084751}, {"l": "Rye", "v": 0.019810077739900001}, {"l": "Barley", "v": 0.20942082182180002}, {"l": "Rice", "v": 0.0086058817249356732}, {"l": "Sorghum", "v": 0.015212517035759387}, {"l": "Wheat", "v": 1.1348537708676503}]}, {"source": 19, "prod": 15.0, "target": 24, "value": 0.0084618272263455151, "supply": [{"l": "Coffee", "v": 0.0084618272263455151}]}, {"source": 20, "prod": 21.0, "target": 24, "value": 0.034404294531129927, "supply": [{"l": "Eggs", "v": 0.034404294531129927}]}, {"source": 10, "prod": 1959.0, "target": 24, "value": 1.0214238610049855, "supply": [{"l": "Grapes", "v": 0.10762014063929579}, {"l": "Dates", "v": 0.00424501665855}, {"l": "Grapefruit", "v": 0.0034866666600000002}, {"l": "Fruits, Other", "v": 0.36841534682218535}, {"l": "Lemons, Limes", "v": 0.015385868238412665}, {"l": "Bananas", "v": 0.054892456791594831}, {"l": "Apples", "v": 0.20657945172657027}, {"l": "Oranges, Mandarines", "v": 0.25803042434323531}, {"l": "Pineapples", "v": 0.0027684891251413047}]}, {"source": 12, "prod": 4.0, "target": 24, "value": 0.0089283761745510073, "supply": [{"l": "Offals, Edible", "v": 0.0012654521204349596}, {"l": "Mutton & Goat Meat", "v": 0.0076629240541160474}]}, {"source": 25, "prod": 90.0, "target": 16, "value": 0.25302854939077363, "supply": [{"l": "Nuts", "v": 0.17284490139594028}, {"l": "Infant food", "v": 0.080183647994833351}]}, {"source": 25, "prod": 14151.0, "target": 1, "value": 10.569763499648804, "supply": [{"l": "Crustaceans", "v": 0.032564511353260273}, {"l": "Eggs", "v": 0.070446888801837471}, {"l": "Aquatic Products, Other", "v": 0.00067701820567614283}, {"l": "Marine Fish, Other", "v": 0.11001169932016903}, {"l": "Pigmeat", "v": 0.74328390383256893}, {"l": "Fish, Seafood", "v": 1.4158258383132358}, {"l": "Offals, Edible", "v": 0.02657449452913415}, {"l": "Demersal Fish", "v": 0.25581323095192138}, {"l": "Freshwater Fish", "v": 0.0044104069179740262}, {"l": "Milk - Excluding Butter", "v": 5.2329173815844356}, {"l": "Meat, Other", "v": 0.050585215931153317}, {"l": "Cephalopods", "v": 0.077293655921575152}, {"l": "Mutton & Goat Meat", "v": 0.043423236306657592}, {"l": "Pelagic Fish", "v": 1.268941604657059}, {"l": "Bovine Meat", "v": 1.1663372267679311}, {"l": "Molluscs, Other", "v": 0.033751361957323769}, {"l": "Poultry Meat", "v": 0.036228806091215419}, {"l": "Aquatic Plants", "v": 0.00067701820567614283}]}, {"source": 25, "prod": 20072.0, "target": 11, "value": 66.561213249372898, "supply": [{"l": "Maize", "v": 40.405896879404928}, {"l": "Barley", "v": 5.9118931998073005}, {"l": "Cereals, Other", "v": 0.11199618418302128}, {"l": "Sorghum", "v": 2.3092600860282748}, {"l": "Rye", "v": 0.0028300111056999999}, {"l": "Rice", "v": 0.84767934990616378}, {"l": "Wheat", "v": 16.67596117459944}, {"l": "Oats", "v": 0.26117644865316103}, {"l": "Millet", "v": 0.034519915684912091}]}, {"source": 25, "prod": 200.0, "target": 8, "value": 0.80003314608771281, "supply": [{"l": "Peas", "v": 0.12337079663910938}, {"l": "Pulses, Other", "v": 0.4590305094891387}, {"l": "Beans", "v": 0.21763183995946481}]}, {"source": 25, "prod": 2129.0, "target": 21, "value": 13.798039745496254, "supply": [{"l": "Sugar", "v": 2.2353364036206709}, {"l": "Beverages, Alcoholic", "v": 0.40547717648223414}, {"l": "Butter, Ghee", "v": 0.46695183244049998}, {"l": "Fats, Animals, Raw", "v": 1.4541318808885371}, {"l": "Sunflowerseed Oil", "v": 0.58874067935558427}, {"l": "Rape and Mustard Oil", "v": 0.82183522509528018}, {"l": "Wine", "v": 0.022163841021987055}, {"l": "Sweeteners, Other", "v": 0.14367748690476922}, {"l": "Fish, Body Oil", "v": 0.116737958110125}, {"l": "Honey", "v": 0.060323920937289471}, {"l": "Palmkernel Oil", "v": 0.15918812469562502}, {"l": "Cream", "v": 0.055883763606227863}, {"l": "Alcohol, Non-Food", "v": 0.022955406772772306}, {"l": "Oilcrops Oil, Other", "v": 1.0506416229911251}, {"l": "Maize Germ Oil", "v": 0.4646572288412838}, {"l": "Beer", "v": 0.067890248740746617}, {"l": "Groundnut Oil", "v": 0.43485536502219513}, {"l": "Soyabean Oil", "v": 1.7105513036774567}, {"l": "Palm Oil", "v": 1.528205997078}, {"l": "Coconut Oil", "v": 0.61716011420457695}, {"l": "Olive Oil", "v": 1.3706741650092662}]}, {"source": 25, "prod": 73.0, "target": 14, "value": 0.17318990119912578, "supply": [{"l": "Treenuts", "v": 0.17318990119912578}]}, {"source": 25, "prod": 253.0, "target": 4, "value": 0.067723982609728034, "supply": [{"l": "Tomatoes", "v": 0.0020958340773810594}, {"l": "Vegetables, Other", "v": 0.059772953141243527}, {"l": "Onions", "v": 0.0058551953911034479}]}, {"source": 25, "prod": 602.0, "target": 19, "value": 0.4788627357019174, "supply": [{"l": "Tea", "v": 0.0097020137792067779}, {"l": "Coffee", "v": 0.26062427857144188}, {"l": "Cocoa Beans", "v": 0.20853644335126875}]}, {"source": 25, "prod": 1111.0, "target": 10, "value": 0.76608377618491508, "supply": [{"l": "Grapes", "v": 0.066515225811786982}, {"l": "Pineapples", "v": 0.060906760753108705}, {"l": "Citrus, Other", "v": 0.0013166856886850508}, {"l": "Grapefruit", "v": 0.079031110960000012}, {"l": "Fruits, Other", "v": 0.1040919551338873}, {"l": "Dates", "v": 0.046695183244050004}, {"l": "Apples", "v": 0.069979489067266337}, {"l": "Lemons, Limes", "v": 0.0096393391373187781}, {"l": "Bananas", "v": 0.26567949087131898}, {"l": "Oranges, Mandarines", "v": 0.062228535517493001}]}, {"source": 25, "prod": 6030.0, "target": 2, "value": 23.549736686327584, "supply": [{"l": "Sunflower seed", "v": 1.6414064413060001}, {"l": "Coconuts - Incl Copra", "v": 0.36359490510189135}, {"l": "Sesame seed", "v": 0.1358405330736}, {"l": "Cottonseed", "v": 0.057215441919586968}, {"l": "Olives", "v": 0.031555876045858411}, {"l": "Groundnuts", "v": 0.44504206904153226}, {"l": "Rape and Mustardseed", "v": 0.15134407217439133}, {"l": "Oilcrops, Other", "v": 0.25470099951300007}, {"l": "Soyabeans", "v": 20.443197116317073}, {"l": "Palm kernels", "v": 0.025839231834652178}]}, {"source": 25, "prod": 15.0, "target": 18, "value": 0.033788258482403848, "supply": [{"l": "Pepper", "v": 0.0092977777600000006}, {"l": "Pimento", "v": 0.0032653974296538461}, {"l": "Spices, Other", "v": 0.02122508329275}]}, {"source": 25, "prod": 1117.0, "target": 7, "value": 0.88057392158919823, "supply": [{"l": "Potatoes", "v": 0.62148765249259474}, {"l": "Sweet potatoes", "v": 0.0058264934529117639}, {"l": "Cassava", "v": 0.25325977564369173}]}, {"source": 0, "prod": 410.0, "target": 26, "value": 0.23310475080938922, "supply": [{"l": "Milk - Excluding Butter", "v": 0.23310475080938922}]}, {"source": 12, "prod": 270.0, "target": 26, "value": 0.49774655785972904, "supply": [{"l": "Pigmeat", "v": 0.12886077729760617}, {"l": "Meat, Other", "v": 0.015974278715101046}, {"l": "Mutton & Goat Meat", "v": 0.01277154009019341}, {"l": "Poultry Meat", "v": 0.034779653847566802}, {"l": "Offals, Edible", "v": 0.017716329686089435}, {"l": "Bovine Meat", "v": 0.28764397822317217}]}, {"source": 3, "prod": 544.0, "target": 26, "value": 1.8190841628511123, "supply": [{"l": "Sugar", "v": 1.6522051678935394}, {"l": "Sweeteners, Other", "v": 0.15347367919373078}, {"l": "Honey", "v": 0.013405315763842107}]}, {"source": 14, "prod": 166.0, "target": 26, "value": 0.39382909039801206, "supply": [{"l": "Treenuts", "v": 0.39382909039801206}]}, {"source": 4, "prod": 4230.0, "target": 26, "value": 1.0324417754840567, "supply": [{"l": "Tomatoes", "v": 0.51515601622026441}, {"l": "Vegetables, Other", "v": 0.38306666491388247}, {"l": "Onions", "v": 0.13421909434990983}]}, {"source": 15, "prod": 2597.0, "target": 26, "value": 2.2585657151270881, "supply": [{"l": "Alcohol, Non-Food", "v": 0.0023746972523557559}, {"l": "Beer", "v": 0.016109550548651739}, {"l": "Beverages, Alcoholic", "v": 0.2725896984754515}, {"l": "Wine", "v": 1.9662493249505659}, {"l": "Beverages, Fermented", "v": 0.0012424439000634148}]}, {"source": 6, "prod": 64.0, "target": 26, "value": 0.55528521599643477, "supply": [{"l": "Fats, Animals, Raw", "v": 0.45128230786195977}, {"l": "Butter, Ghee", "v": 0.0084900333171}, {"l": "Fish, Body Oil", "v": 0.095512874817374999}]}, {"source": 7, "prod": 539.0, "target": 26, "value": 0.42088305600783005, "supply": [{"l": "Sweet potatoes", "v": 0.00083235620755882356}, {"l": "Potatoes", "v": 0.42005069980027121}]}, {"source": 8, "prod": 33.0, "target": 26, "value": 0.13126002593143826, "supply": [{"l": "Peas", "v": 0.015918812469562501}, {"l": "Beans", "v": 0.054407959989866202}, {"l": "Pulses, Other", "v": 0.06093325347200957}]}, {"source": 23, "prod": 2.0, "target": 26, "value": 0.0013540364113522857, "supply": [{"l": "Aquatic Products, Other", "v": 0.00067701820567614283}, {"l": "Aquatic Plants", "v": 0.00067701820567614283}]}, {"source": 9, "prod": 882.0, "target": 26, "value": 0.74502213405381845, "supply": [{"l": "Freshwater Fish", "v": 0.0044104069179740262}, {"l": "Crustaceans", "v": 0.0058150913130821926}, {"l": "Marine Fish, Other", "v": 0.0239155868087324}, {"l": "Demersal Fish", "v": 0.0067969699045196518}, {"l": "Fish, Seafood", "v": 0.32684332049203768}, {"l": "Pelagic Fish", "v": 0.32102938480284382}, {"l": "Cephalopods", "v": 0.035334242707005782}, {"l": "Molluscs, Other", "v": 0.020877131107622952}]}, {"source": 16, "prod": 170.0, "target": 26, "value": 0.41426025780316411, "supply": [{"l": "Nuts", "v": 0.39067683192233077}, {"l": "Infant food", "v": 0.023583425880833338}]}, {"source": 11, "prod": 3755.0, "target": 26, "value": 12.413743701309079, "supply": [{"l": "Maize", "v": 1.3701727308662306}, {"l": "Rye", "v": 0.0028300111056999999}, {"l": "Barley", "v": 0.29432115499280004}, {"l": "Rice", "v": 2.8012145014665619}, {"l": "Cereals, Other", "v": 0.014451120539744683}, {"l": "Wheat", "v": 7.9044238517805763}, {"l": "Oats", "v": 0.019426347420483051}, {"l": "Millet", "v": 0.0069039831369824174}]}, {"source": 17, "prod": 739.0, "target": 26, "value": 7.6544474689602344, "supply": [{"l": "Soyabean Oil", "v": 4.327900888822481}, {"l": "Palm Oil", "v": 0.32416490847109097}, {"l": "Sunflowerseed Oil", "v": 0.77465878862576887}, {"l": "Olive Oil", "v": 1.72107207185374}, {"l": "Coconut Oil", "v": 0.029388576866884623}, {"l": "Rape and Mustard Oil", "v": 0.065373256541670005}, {"l": "Oilcrops Oil, Other", "v": 0.265313541159375}, {"l": "Sesameseed Oil", "v": 0.010612541646375}, {"l": "Groundnut Oil", "v": 0.041414796668780479}, {"l": "Cottonseed Oil", "v": 0.0096477651330681823}, {"l": "Palmkernel Oil", "v": 0.084900333171}]}, {"source": 18, "prod": 20.0, "target": 26, "value": 0.066940647307903847, "supply": [{"l": "Pimento", "v": 0.045715564015153844}, {"l": "Spices, Other", "v": 0.02122508329275}]}, {"source": 19, "prod": 28.0, "target": 26, "value": 0.031725682016443137, "supply": [{"l": "Cocoa Beans", "v": 0.02387821870434375}, {"l": "Coffee", "v": 0.0067694617810764128}, {"l": "Tea", "v": 0.0010780015310229755}]}, {"source": 20, "prod": 39.0, "target": 26, "value": 0.063893689843527016, "supply": [{"l": "Eggs", "v": 0.063893689843527016}]}, {"source": 10, "prod": 5962.0, "target": 26, "value": 3.0928317953194711, "supply": [{"l": "Citrus, Other", "v": 0.0046083999103976774}, {"l": "Grapefruit", "v": 0.012784444420000001}, {"l": "Grapes", "v": 0.72269913887638215}, {"l": "Dates", "v": 0.025470099951300004}, {"l": "Pineapples", "v": 0.00092282970838043483}, {"l": "Lemons, Limes", "v": 0.10288140810022928}, {"l": "Fruits, Other", "v": 1.0409195513388732}, {"l": "Oranges, Mandarines", "v": 0.70948457691918776}, {"l": "Apples", "v": 0.47306134609472045}]}, {"source": 2, "prod": 196.0, "target": 26, "value": 0.32573374076067385, "supply": [{"l": "Olives", "v": 0.18144628726368586}, {"l": "Sunflower seed", "v": 0.010612541646375}, {"l": "Coconuts - Incl Copra", "v": 0.0036913188335217393}, {"l": "Soyabeans", "v": 0.052202231882168916}, {"l": "Oilcrops, Other", "v": 0.066707404634357148}, {"l": "Cottonseed", "v": 0.0018456594167608697}, {"l": "Rape and Mustardseed", "v": 0.0092282970838043505}]}, {"source": 15, "prod": 1987.0, "target": 27, "value": 1.7091636946903248, "supply": [{"l": "Beer", "v": 0.027041031278093989}, {"l": "Beverages, Alcoholic", "v": 0.19081278893281609}, {"l": "Wine", "v": 1.4913098744794147}]}, {"source": 28, "prod": 151.0, "target": 2, "value": 0.53247274173551085, "supply": [{"l": "Sunflower seed", "v": 0.53062708231875}, {"l": "Rape and Mustardseed", "v": 0.0018456594167608697}]}, {"source": 12, "prod": 56.0, "target": 27, "value": 0.10515181242487154, "supply": [{"l": "Meat, Other", "v": 0.0026623797858501747}, {"l": "Pigmeat", "v": 0.070966804888536739}, {"l": "Bovine Meat", "v": 0.031522627750484623}]}, {"source": 28, "prod": 31.0, "target": 7, "value": 0.024203664858379947, "supply": [{"l": "Potatoes", "v": 0.024203664858379947}]}, {"source": 16, "prod": 18.0, "target": 27, "value": 0.042619290755163346, "supply": [{"l": "Nuts", "v": 0.042619290755163346}]}, {"source": 11, "prod": 4761.0, "target": 27, "value": 13.799946801483156, "supply": [{"l": "Maize", "v": 0.5360002133699503}, {"l": "Rye", "v": 0.1216904775451}, {"l": "Barley", "v": 6.9420172422821009}, {"l": "Wheat", "v": 5.6347163100452766}, {"l": "Oats", "v": 0.56552255824072883}]}, {"source": 14, "prod": 18.0, "target": 27, "value": 0.042704359199784436, "supply": [{"l": "Treenuts", "v": 0.042704359199784436}]}, {"source": 7, "prod": 5.0, "target": 27, "value": 0.0041617810377941175, "supply": [{"l": "Sweet potatoes", "v": 0.0041617810377941175}]}, {"source": 9, "prod": 16.0, "target": 27, "value": 0.012320095642789929, "supply": [{"l": "Marine Fish, Other", "v": 0.0063774898156619729}, {"l": "Fish, Seafood", "v": 0.0059426058271279565}]}, {"source": 28, "prod": 225.0, "target": 1, "value": 0.13586637824014255, "supply": [{"l": "Mutton & Goat Meat", "v": 0.01021723207215473}, {"l": "Milk - Excluding Butter", "v": 0.12564914616798784}]}, {"source": 28, "prod": 462.0, "target": 4, "value": 0.11198688408945146, "supply": [{"l": "Tomatoes", "v": 0.073354192708337082}, {"l": "Vegetables, Other", "v": 0.016112709107639563}, {"l": "Onions", "v": 0.022519982273474803}]}, {"source": 17, "prod": 529.0, "target": 27, "value": 5.4352561002321123, "supply": [{"l": "Soyabean Oil", "v": 0.97892996294794199}, {"l": "Palm Oil", "v": 0.057886590798409097}, {"l": "Sunflowerseed Oil", "v": 0.87794662710920468}, {"l": "Olive Oil", "v": 3.0917462368630062}, {"l": "Rape and Mustard Oil", "v": 0.28017109946430002}, {"l": "Oilcrops Oil, Other", "v": 0.13796304140287499}, {"l": "Sesameseed Oil", "v": 0.010612541646375}]}, {"source": 2, "prod": 38.0, "target": 27, "value": 0.099217042699523708, "supply": [{"l": "Olives", "v": 0.0078889690114646027}, {"l": "Cottonseed", "v": 0.036913188335217402}, {"l": "Oilcrops, Other", "v": 0.030321547561071433}, {"l": "Soyabeans", "v": 0.02409333779177027}]}, {"source": 19, "prod": 20.0, "target": 27, "value": 0.01128243630179402, "supply": [{"l": "Coffee", "v": 0.01128243630179402}]}, {"source": 28, "prod": 33.0, "target": 8, "value": 0.13000667467897703, "supply": [{"l": "Beans", "v": 0.089384505697637326}, {"l": "Pulses, Other", "v": 0.040622168981339718}]}, {"source": 6, "prod": 27.0, "target": 27, "value": 0.22590706101473695, "supply": [{"l": "Fats, Animals, Raw", "v": 0.20892699438053694}, {"l": "Butter, Ghee", "v": 0.0169800666342}]}, {"source": 28, "prod": 465.0, "target": 21, "value": 1.601158706341592, "supply": [{"l": "Sugar", "v": 1.5382599839008817}, {"l": "Groundnut Oil", "v": 0.031061097501585363}, {"l": "Palmkernel Oil", "v": 0.031837624939125002}]}, {"source": 28, "prod": 26.0, "target": 10, "value": 0.015204442884725111, "supply": [{"l": "Fruits, Other", "v": 0.015204442884725111}]}, {"source": 10, "prod": 100.0, "target": 27, "value": 0.047809800568783291, "supply": [{"l": "Apples", "v": 0.027991795626906537}, {"l": "Oranges, Mandarines", "v": 0.019818004941876754}]}, {"source": 28, "prod": 130.0, "target": 11, "value": 0.55869215139328698, "supply": [{"l": "Rice", "v": 0.55507937125835083}, {"l": "Cereals, Other", "v": 0.0036127801349361706}]}, {"source": 1, "prod": 34840.0, "target": 0, "value": 19.808218337071025, "supply": [{"l": "Milk - Excluding Butter", "v": 19.808218337071025}]}, {"source": 1, "prod": 1667.0, "target": 20, "value": 2.7310456658758855, "supply": [{"l": "Eggs", "v": 2.9178118361877337}]}, {"source": 1, "prod": 10284.0, "target": 12, "value": 18.287478153123399, "supply": [{"l": "Pigmeat", "v": 6.9883627340238021}, {"l": "Bovine Meat", "v": 5.3726378672232231}, {"l": "Poultry Meat", "v": 3.4417365786654646}, {"l": "Offals, Edible", "v": 0.67701688443270325}, {"l": "Meat, Other", "v": 0.54845023588513597}, {"l": "Mutton & Goat Meat", "v": 1.2592738528930703}]}, {"source": 1, "prod": 8450.0, "target": 9, "value": 6.8116394027202434, "supply": [{"l": "Pelagic Fish", "v": 2.2833944606340451}, {"l": "Crustaceans", "v": 0.063966004443904115}, {"l": "Freshwater Fish", "v": 0.062848298581129877}, {"l": "Molluscs, Other", "v": 0.13813701749543852}, {"l": "Demersal Fish", "v": 0.59071847533825328}, {"l": "Fish, Seafood", "v": 3.1391815281803432}, {"l": "Marine Fish, Other", "v": 0.32286042191788739}, {"l": "Cephalopods", "v": 0.21053319612924279}]}, {"source": 1, "prod": 31.0, "target": 23, "value": 0.020987564375960426, "supply": [{"l": "Aquatic Plants", "v": 0.010155273085142141}, {"l": "Aquatic Products, Other", "v": 0.010832291290818285}]}, {"source": 21, "prod": 5357.0, "target": 3, "value": 17.925742916130019, "supply": [{"l": "Honey", "v": 0.18767442069378951}, {"l": "Sweeteners, Other", "v": 1.038396382629923}, {"l": "Sugar", "v": 16.699672112806304}]}, {"source": 21, "prod": 4354.0, "target": 17, "value": 44.912902179915825, "supply": [{"l": "Olive Oil", "v": 18.457725034072148}, {"l": "Sesameseed Oil", "v": 0.074287791524625002}, {"l": "Soyabean Oil", "v": 10.850665799833505}, {"l": "Coconut Oil", "v": 0.85226872913965412}, {"l": "Cottonseed Oil", "v": 0.39555837045579556}, {"l": "Rape and Mustard Oil", "v": 1.3915164606726902}, {"l": "Maize Germ Oil", "v": 1.0532230520402432}, {"l": "Groundnut Oil", "v": 0.62122195003170722}, {"l": "Palm Oil", "v": 1.551360633397364}, {"l": "Palmkernel Oil", "v": 0.25470099951300001}, {"l": "Oilcrops Oil, Other", "v": 1.963320204579375}, {"l": "Sunflowerseed Oil", "v": 7.4470531546557233}]}, {"source": 21, "prod": 21484.0, "target": 15, "value": 18.368814297449127, "supply": [{"l": "Beer", "v": 2.8082398652846119}, {"l": "Beverages, Alcoholic", "v": 3.158633131084295}, {"l": "Alcohol, Non-Food", "v": 0.31187690580938926}, {"l": "Beverages, Fermented", "v": 0.024227656051236588}, {"l": "Wine", "v": 12.065836739219597}]}, {"source": 21, "prod": 1527.0, "target": 6, "value": 12.162019008041975, "supply": [{"l": "Fats, Animals, Raw", "v": 10.18728024599498}, {"l": "Fish, Body Oil", "v": 0.25470099951299996}, {"l": "Butter, Ghee", "v": 1.4857558304925003}, {"l": "Cream", "v": 0.23428193204149372}]}, {"source": 29, "prod": 0, "target": 2, "value": 0.062698470610770385, "supply": "[{\"l\":'Energy for power irrigation',\"v\":0.062698470610770385}]"}, {"source": 29, "prod": 0, "target": 14, "value": 0.0042554261795554145, "supply": "[{\"l\":'Energy for power irrigation',\"v\":0.0042554261795554145}]"}, {"source": 29, "prod": 0, "target": 4, "value": 0.1525326729601478, "supply": "[{\"l\":'Energy for power irrigation',\"v\":0.1525326729601478}]"}, {"source": 29, "prod": 0, "target": 5, "value": 0.13823088038458214, "supply": "[{\"l\":'Energy for power irrigation',\"v\":0.13823088038458214}]"}, {"source": 29, "prod": 0, "target": 7, "value": 0.070369072425315246, "supply": "[{\"l\":'Energy for power irrigation',\"v\":0.070369072425315246}]"}, {"source": 29, "prod": 0, "target": 8, "value": 0.0063176141131691364, "supply": "[{\"l\":'Energy for power irrigation',\"v\":0.0063176141131691364}]"}, {"source": 29, "prod": 0, "target": 16, "value": 0.0042999338327988764, "supply": "[{\"l\":'Energy for power irrigation',\"v\":0.0042999338327988764}]"}, {"source": 29, "prod": 0, "target": 11, "value": 0.34369551628821798, "supply": "[{\"l\":'Energy for power irrigation',\"v\":0.34369551628821798}]"}, {"source": 29, "prod": 0, "target": 18, "value": 0.00022253826621730814, "supply": "[{\"l\":'Energy for power irrigation',\"v\":0.00022253826621730814}]"}, {"source": 29, "prod": 0, "target": 10, "value": 0.21312489755631603, "supply": "[{\"l\":'Energy for power irrigation',\"v\":0.21312489755631603}]"}, {"source": 29, "prod": 0, "target": 21, "value": 5.9310000047447993, "supply": "[{\"l\":'Electricity',\"v\":5.9310000047447993}]"}, {"source": 30, "prod": 0, "target": 29, "value": 12.023561965769206, "supply": [{"l": "Coal", "v": 6.9678514497495767}, {"l": "Natural gas", "v": 1.6473949170171489}, {"l": "Oil", "v": 3.40831559900248}]}, {"source": 31, "prod": 0, "target": 29, "value": 2.1797771718072054, "supply": [{"l": "Nuclear", "v": 0.64411484471611857}, {"l": "Hydroelectric", "v": 1.5068721663254268}, {"l": "Renewable", "v": 0.028790160765659899}]}, {"source": 30, "prod": 0, "target": 2, "value": 3.8040207867160722, "supply": [{"l": "Motor Gasoline", "v": 0.18258807975310698}, {"l": "Gas-Diesel oil", "v": 3.3478439912951075}, {"l": "Natural gas (including LNG)", "v": 0.059868379824927383}, {"l": "Fuel oil", "v": 0.16580816746145288}, {"l": "Liquefied petroleum gas (LPG)", "v": 0.047912168381477764}]}, {"source": 30, "prod": 0, "target": 14, "value": 0.25818380393769635, "supply": [{"l": "Motor Gasoline", "v": 0.012392488797368711}, {"l": "Gas-Diesel oil", "v": 0.22722249565011265}, {"l": "Natural gas (including LNG)", "v": 0.0040633442626716865}, {"l": "Fuel oil", "v": 0.011253614477772751}, {"l": "Liquefied petroleum gas (LPG)", "v": 0.0032518607497705673}]}, {"source": 30, "prod": 0, "target": 4, "value": 9.2544116776923957, "supply": [{"l": "Motor Gasoline", "v": 0.44419979600934401}, {"l": "Gas-Diesel oil", "v": 8.1446259800488949}, {"l": "Natural gas (including LNG)", "v": 0.14564763560470131}, {"l": "Fuel oil", "v": 0.40337766990403567}, {"l": "Liquefied petroleum gas (LPG)", "v": 0.11656059612541937}]}, {"source": 30, "prod": 0, "target": 5, "value": 8.3866980681772088, "supply": [{"l": "Motor Gasoline", "v": 0.40255066457181893}, {"l": "Gas-Diesel oil", "v": 7.3809682724136527}, {"l": "Natural gas (including LNG)", "v": 0.13199139898919113}, {"l": "Fuel oil", "v": 0.36555610910250308}, {"l": "Liquefied petroleum gas (LPG)", "v": 0.10563162310004287}]}, {"source": 30, "prod": 0, "target": 7, "value": 4.2694089925990122, "supply": [{"l": "Motor Gasoline", "v": 0.20492611196067179}, {"l": "Gas-Diesel oil", "v": 3.7574230120317003}, {"l": "Natural gas (including LNG)", "v": 0.06719274513153603}, {"l": "Fuel oil", "v": 0.18609332621902072}, {"l": "Liquefied petroleum gas (LPG)", "v": 0.053773797256083999}]}, {"source": 30, "prod": 0, "target": 8, "value": 0.38330018539268695, "supply": [{"l": "Motor Gasoline", "v": 0.018397913351119732}, {"l": "Gas-Diesel oil", "v": 0.33733496594191625}, {"l": "Natural gas (including LNG)", "v": 0.006032448919887367}, {"l": "Fuel oil", "v": 0.01670713828629249}, {"l": "Liquefied petroleum gas (LPG)", "v": 0.0048277188934711208}]}, {"source": 30, "prod": 0, "target": 16, "value": 0.2608841574942789, "supply": [{"l": "Motor Gasoline", "v": 0.012522102276946072}, {"l": "Gas-Diesel oil", "v": 0.22959902378590699}, {"l": "Natural gas (including LNG)", "v": 0.004105842924338212}, {"l": "Fuel oil", "v": 0.011371316430474615}, {"l": "Liquefied petroleum gas (LPG)", "v": 0.0032858720766130254}]}, {"source": 30, "prod": 0, "target": 11, "value": 20.852580222856396, "supply": [{"l": "Motor Gasoline", "v": 1.0008968915429715}, {"l": "Gas-Diesel oil", "v": 18.351946352626388}, {"l": "Natural gas (including LNG)", "v": 0.32818174849918758}, {"l": "Fuel oil", "v": 0.90891409575591786}, {"l": "Liquefied petroleum gas (LPG)", "v": 0.26264113443193438}]}, {"source": 30, "prod": 0, "target": 18, "value": 0.013501767782912651, "supply": [{"l": "Motor Gasoline", "v": 0.00064806739788680076}, {"l": "Gas-Diesel oil", "v": 0.01188264067897161}, {"l": "Natural gas (including LNG)", "v": 0.00021249330833262743}, {"l": "Fuel oil", "v": 0.00058850976350932453}, {"l": "Liquefied petroleum gas (LPG)", "v": 0.00017005663421228997}]}, {"source": 30, "prod": 0, "target": 10, "value": 12.930643005695446, "supply": [{"l": "Motor Gasoline", "v": 0.62065414695618915}, {"l": "Gas-Diesel oil", "v": 11.38000497825111}, {"l": "Natural gas (including LNG)", "v": 0.20350484139015729}, {"l": "Fuel oil", "v": 0.56361580051288018}, {"l": "Liquefied petroleum gas (LPG)", "v": 0.16286323858511012}]}, {"source": 30, "prod": 0, "target": 1, "value": 2.593876816889916, "supply": [{"l": "Gas-diesel oils used in fisheries", "v": 2.5116777797871199}, {"l": "Fuel oil used in fisheries", "v": 0.08219903710279626}]}, {"source": 32, "prod": 318.51412227888761, "target": 2, "value": 3.6700210613916973, "supply": [{"l": "Potash", "v": 2.650303056749872}, {"l": "Phosphate", "v": 5.4349530876812953}, {"l": "Nitrogen", "v": 50.287387706896567}]}, {"source": 32, "prod": 21.617964861025797, "target": 14, "value": 0.24908906951046414, "supply": [{"l": "Potash", "v": 2.650303056749872}, {"l": "Phosphate", "v": 5.4349530876812953}, {"l": "Nitrogen", "v": 50.287387706896567}]}, {"source": 32, "prod": 774.88031164843653, "target": 4, "value": 8.92841750143028, "supply": [{"l": "Potash", "v": 2.650303056749872}, {"l": "Phosphate", "v": 5.4349530876812953}, {"l": "Nitrogen", "v": 50.287387706896567}]}, {"source": 32, "prod": 702.22586147053232, "target": 5, "value": 8.0912698093625721, "supply": [{"l": "Potash", "v": 2.650303056749872}, {"l": "Phosphate", "v": 5.4349530876812953}, {"l": "Nitrogen", "v": 50.287387706896567}]}, {"source": 32, "prod": 357.48150027886874, "target": 7, "value": 4.1190155893075531, "supply": [{"l": "Potash", "v": 2.650303056749872}, {"l": "Phosphate", "v": 5.4349530876812953}, {"l": "Nitrogen", "v": 50.287387706896567}]}, {"source": 32, "prod": 32.094073341034814, "target": 8, "value": 0.3697981246945008, "supply": [{"l": "Potash", "v": 2.650303056749872}, {"l": "Phosphate", "v": 5.4349530876812953}, {"l": "Nitrogen", "v": 50.287387706896567}]}, {"source": 32, "prod": 21.844067921745417, "target": 16, "value": 0.25169430091731387, "supply": [{"l": "Potash", "v": 2.650303056749872}, {"l": "Phosphate", "v": 5.4349530876812953}, {"l": "Nitrogen", "v": 50.287387706896567}]}, {"source": 32, "prod": 1746.0055187203516, "target": 11, "value": 20.118031128927953, "supply": [{"l": "Potash", "v": 2.650303056749872}, {"l": "Phosphate", "v": 5.4349530876812953}, {"l": "Nitrogen", "v": 50.287387706896567}]}, {"source": 32, "prod": 1.1305153035980953, "target": 18, "value": 0.013026157034248561, "supply": [{"l": "Potash", "v": 2.650303056749872}, {"l": "Phosphate", "v": 5.4349530876812953}, {"l": "Nitrogen", "v": 50.287387706896567}]}, {"source": 32, "prod": 1082.6945062558957, "target": 10, "value": 12.475150591699848, "supply": [{"l": "Potash", "v": 2.650303056749872}, {"l": "Phosphate", "v": 5.4349530876812953}, {"l": "Nitrogen", "v": 50.287387706896567}]}, {"source": 30, "prod": 0, "target": 32, "value": 71.288207625062384, "supply": [{"l": "Natural gas (including LNG)", "v": 47.845396577336643}, {"l": "Fuel oil", "v": 14.553449859775274}, {"l": "Liquefied petroleum gas (LPG)", "v": 4.4446805939752352}, {"l": "Coal", "v": 4.4446805939752352}]}, {"source": 33, "prod": 0, "target": 7, "value": 0.81459727260211612, "supply": "[{\"l\":'Labor',\"v\":0.81459727260211612}]"}, {"source": 33, "prod": 0, "target": 18, "value": 0.0025761184347373573, "supply": "[{\"l\":'Labor',\"v\":0.0025761184347373573}]"}, {"source": 33, "prod": 0, "target": 2, "value": 0.72580185293850252, "supply": "[{\"l\":'Labor',\"v\":0.72580185293850252}]"}, {"source": 33, "prod": 0, "target": 14, "value": 0.049261109179811025, "supply": "[{\"l\":'Labor',\"v\":0.049261109179811025}]"}, {"source": 33, "prod": 0, "target": 4, "value": 1.7657288222453122, "supply": "[{\"l\":'Labor',\"v\":1.7657288222453122}]"}, {"source": 33, "prod": 0, "target": 5, "value": 1.6001702775061912, "supply": "[{\"l\":'Labor',\"v\":1.6001702775061912}]"}, {"source": 33, "prod": 0, "target": 8, "value": 0.073133140008377201, "supply": "[{\"l\":'Labor',\"v\":0.073133140008377201}]"}, {"source": 33, "prod": 0, "target": 10, "value": 2.4671486249479675, "supply": "[{\"l\":'Labor',\"v\":2.4671486249479675}]"}, {"source": 33, "prod": 0, "target": 11, "value": 3.9786431812228664, "supply": "[{\"l\":'Labor',\"v\":3.9786431812228664}]"}, {"source": 33, "prod": 0, "target": 16, "value": 0.049776332866758498, "supply": "[{\"l\":'Labor',\"v\":0.049776332866758498}]"}, {"source": 33, "prod": 0, "target": 19, "value": 0.017231369974576548, "supply": "[{\"l\":'Labor',\"v\":0.017231369974576548}]"}, {"source": 30, "prod": 0, "target": 25, "value": 146.7844122608017, "supply": "[{\"l\":'Fossil Fuels',\"v\":146.7844122608017}]"}, {"source": 31, "prod": 0, "target": 25, "value": 30.511856307951522, "supply": "[{\"l\":'Renewables & Nuclear',\"v\":9.3716122566581461},{\"l\":'Biomass & Waste',\"v\":21.140244051293376}]"}]}