{"nodes": [{"layer": 5, "name": "Maize"}, {"layer": 10, "name": "Feed", "fill": "#dbdb8d"}, {"layer": 5, "name": "Wheat"}, {"layer": 5, "name": "Oats"}, {"layer": 5, "name": "Potatoes"}, {"layer": 5, "name": "Vegetables, Other"}, {"layer": 13, "name": "Fish, Body Oil"}, {"layer": 5, "name": "Cereals, Other"}, {"layer": 5, "name": "Millet"}, {"layer": 13, "name": "Milk - Excluding Butter"}, {"layer": 5, "name": "Sweet potatoes"}, {"layer": 13, "name": "Demersal Fish"}, {"layer": 5, "name": "Barley"}, {"layer": 13, "name": "Fish, Seafood"}, {"layer": 13, "name": "Marine Fish, Other"}, {"layer": 13, "name": "Meat, Other"}, {"layer": 5, "name": "Sorghum"}, {"layer": 5, "name": "Oilcrops, Other"}, {"layer": 5, "name": "Pulses, Other"}, {"layer": 16, "name": "Food", "fill": "#b5cf6b"}, {"layer": 5, "name": "Rye"}, {"layer": 5, "name": "Nuts"}, {"layer": 5, "name": "Dates"}, {"layer": 13, "name": "Sugar", "fill": "#d6616b"}, {"layer": 13, "name": "Oilcrops Oil, Other"}, {"layer": 13, "name": "Maize Germ Oil"}, {"layer": 13, "name": "Beer"}, {"layer": 13, "name": "Groundnut Oil"}, {"layer": 13, "name": "Beverages, Alcoholic"}, {"layer": 5, "name": "Rice"}, {"layer": 13, "name": "Butter, Ghee"}, {"layer": 5, "name": "Tomatoes"}, {"layer": 13, "name": "Fats, Animals, Raw"}, {"layer": 5, "name": "Coffee"}, {"layer": 13, "name": "Soyabean Oil"}, {"layer": 5, "name": "Coconuts - Incl Copra"}, {"layer": 5, "name": "Treenuts"}, {"layer": 13, "name": "Crustaceans"}, {"layer": 13, "name": "Eggs"}, {"layer": 5, "name": "Roots, Other"}, {"layer": 5, "name": "Peas"}, {"layer": 13, "name": "Coconut Oil"}, {"layer": 5, "name": "Grapes"}, {"layer": 5, "name": "Groundnuts"}, {"layer": 13, "name": "Wine"}, {"layer": 13, "name": "Sunflowerseed Oil"}, {"layer": 13, "name": "Pigmeat"}, {"layer": 5, "name": "Cocoa Beans"}, {"layer": 13, "name": "Freshwater Fish"}, {"layer": 5, "name": "Pimento"}, {"layer": 5, "name": "Pepper"}, {"layer": 5, "name": "Grapefruit"}, {"layer": 5, "name": "Pineapples"}, {"layer": 5, "name": "Beans"}, {"layer": 5, "name": "Apples"}, {"layer": 5, "name": "Lemons, Limes"}, {"layer": 13, "name": "Mutton & Goat Meat"}, {"layer": 13, "name": "Sweeteners, Other"}, {"layer": 13, "name": "Pelagic Fish"}, {"layer": 5, "name": "Bananas"}, {"layer": 13, "name": "Beverages, Fermented"}, {"layer": 5, "name": "Spices, Other"}, {"layer": 5, "name": "Tea"}, {"layer": 5, "name": "Fruits, Other"}, {"layer": 13, "name": "Molluscs, Other"}, {"layer": 13, "name": "Poultry Meat"}, {"layer": 13, "name": "Offals, Edible"}, {"layer": 5, "name": "Oranges, Mandarines"}, {"layer": 13, "name": "Bovine Meat"}, {"layer": 13, "name": "Cottonseed Oil"}, {"layer": 13, "name": "Palmkernel Oil"}, {"layer": 5, "name": "Onions"}, {"layer": 5, "name": "Sunflower seed"}, {"layer": 10, "name": "Processing", "fill": "#9edae5"}, {"layer": 5, "name": "Soyabeans"}, {"layer": 5, "name": "Cottonseed"}, {"layer": 5, "name": "Sugar cane"}, {"layer": 16, "name": "Biofuels & Other", "fill": "#e7ba52"}, {"layer": 13, "name": "Alcohol, Non-Food"}, {"layer": 13, "name": "Aquatic Products, Other"}, {"layer": 13, "name": "Aquatic Plants"}, {"name": "Waste", "fill": "#c7c7c7"}, {"layer": 0, "name": "Import", "fill": "#aec7e8"}, {"layer": 5, "name": "Infant food"}, {"layer": 16, "name": "Export", "fill": "#aec7e8"}, {"layer": 0, "name": "Stock Draw", "fill": "#c7c7c7"}, {"layer": 16, "name": "Stock Deposit", "fill": "#c7c7c7"}, {"layer": 0, "name": "Production", "fill": "#b5cf6b"}], "links": [{"source": 0, "prod": 3.8293761873515821, "target": 1, "value": 1052.0, "supply": [{"l": "Maize", "v": 1052.0}]}, {"source": 2, "prod": 0.065938588144064572, "target": 1, "value": 19.0, "supply": [{"l": "Wheat", "v": 19.0}]}, {"source": 3, "prod": 0.1765254452070297, "target": 1, "value": 60.0, "supply": [{"l": "Oats", "v": 60.0}]}, {"source": 4, "prod": 0.028866113278139996, "target": 1, "value": 34.0, "supply": [{"l": "Potatoes", "v": 34.0}]}, {"source": 5, "prod": 0.0084118462843289932, "target": 1, "value": 24.0, "supply": [{"l": "Vegetables, Other", "v": 24.0}]}, {"source": 6, "prod": 0.24055094398450003, "target": 1, "value": 17.0, "supply": [{"l": "Fish, Body Oil", "v": 17.0}]}, {"source": 7, "prod": 0.030977148589418923, "target": 1, "value": 9.0, "supply": [{"l": "Cereals, Other", "v": 9.0}]}, {"source": 8, "prod": 0.0075133038204424785, "target": 1, "value": 2.0, "supply": [{"l": "Millet", "v": 2.0}]}, {"source": 9, "prod": 0.94940314440098461, "target": 1, "value": 1306.0, "supply": [{"l": "Milk - Excluding Butter", "v": 1306.0}]}, {"source": 10, "prod": 0.0046309272638727274, "target": 1, "value": 4.0, "supply": [{"l": "Sweet potatoes", "v": 4.0}]}, {"source": 11, "prod": 0.035919371726192306, "target": 1, "value": 33.0, "supply": [{"l": "Demersal Fish", "v": 33.0}]}, {"source": 12, "prod": 0.026123179437230769, "target": 1, "value": 8.0, "supply": [{"l": "Barley", "v": 8.0}]}, {"source": 13, "prod": 0.045199320231037142, "target": 1, "value": 43.0, "supply": [{"l": "Fish, Seafood", "v": 43.0}]}, {"source": 14, "prod": 0.0080094653934905669, "target": 1, "value": 10.0, "supply": [{"l": "Marine Fish, Other", "v": 10.0}]}, {"source": 15, "prod": 0.0023583425880833336, "target": 1, "value": 2.0, "supply": [{"l": "Meat, Other", "v": 2.0}]}, {"source": 16, "prod": 0.025115960252013729, "target": 1, "value": 7.0, "supply": [{"l": "Sorghum", "v": 7.0}]}, {"source": 17, "prod": 0.0072116113118223957, "target": 1, "value": 2.0, "supply": [{"l": "Oilcrops, Other", "v": 2.0}]}, {"source": 18, "prod": 0.17908664028257815, "target": 1, "value": 45.0, "supply": [{"l": "Pulses, Other", "v": 45.0}]}, {"source": 0, "prod": 8.5178139528542793, "target": 19, "value": 2340.0, "supply": [{"l": "Maize", "v": 2340.0}]}, {"source": 5, "prod": 0.22922281124796506, "target": 19, "value": 654.0, "supply": [{"l": "Vegetables, Other", "v": 654.0}]}, {"source": 20, "prod": 0.01643232254922581, "target": 19, "value": 6.0, "supply": [{"l": "Rye", "v": 6.0}]}, {"source": 21, "prod": 0.0030321547561071431, "target": 19, "value": 1.0, "supply": [{"l": "Nuts", "v": 1.0}]}, {"source": 22, "prod": 0.010612541646375, "target": 19, "value": 2.0, "supply": [{"l": "Dates", "v": 2.0}]}, {"source": 23, "prod": 3.1705004050820289, "target": 19, "value": 767.0, "supply": [{"l": "Sugar", "v": 767.0}]}, {"source": 24, "prod": 0.014150055528500001, "target": 19, "value": 1.0, "supply": [{"l": "Oilcrops Oil, Other", "v": 1.0}]}, {"source": 25, "prod": 0.57229113470822224, "target": 19, "value": 56.0, "supply": [{"l": "Maize Germ Oil", "v": 56.0}]}, {"source": 26, "prod": 0.15865344702489162, "target": 19, "value": 272.0, "supply": [{"l": "Beer", "v": 272.0}]}, {"source": 27, "prod": 0.15246186590566901, "target": 19, "value": 15.0, "supply": [{"l": "Groundnut Oil", "v": 15.0}]}, {"source": 28, "prod": 0.18303607949793538, "target": 19, "value": 54.0, "supply": [{"l": "Beverages, Alcoholic", "v": 54.0}]}, {"source": 12, "prod": 0.0097961922889615374, "target": 19, "value": 3.0, "supply": [{"l": "Barley", "v": 3.0}]}, {"source": 29, "prod": 0.19527076629330001, "target": 19, "value": 46.0, "supply": [{"l": "Rice", "v": 46.0}]}, {"source": 30, "prod": 0.38356757664755364, "target": 19, "value": 46.0, "supply": [{"l": "Butter, Ghee", "v": 46.0}]}, {"source": 31, "prod": 0.035148996381296808, "target": 19, "value": 136.0, "supply": [{"l": "Tomatoes", "v": 136.0}]}, {"source": 32, "prod": 0.11387425639602382, "target": 19, "value": 13.0, "supply": [{"l": "Fats, Animals, Raw", "v": 13.0}]}, {"source": 33, "prod": 0.0084900333171, "target": 19, "value": 11.0, "supply": [{"l": "Coffee", "v": 11.0}]}, {"source": 2, "prod": 3.0401159586421351, "target": 19, "value": 876.0, "supply": [{"l": "Wheat", "v": 876.0}]}, {"source": 34, "prod": 0.014150055528500001, "target": 19, "value": 1.0, "supply": [{"l": "Soyabean Oil", "v": 1.0}]}, {"source": 35, "prod": 0.0091784143968648649, "target": 19, "value": 8.0, "supply": [{"l": "Coconuts - Incl Copra", "v": 8.0}]}, {"source": 36, "prod": 0.0030321547561071431, "target": 19, "value": 1.0, "supply": [{"l": "Treenuts", "v": 1.0}]}, {"source": 37, "prod": 0.0057886590798409097, "target": 19, "value": 6.0, "supply": [{"l": "Crustaceans", "v": 6.0}]}, {"source": 38, "prod": 0.078808829445726467, "target": 19, "value": 46.0, "supply": [{"l": "Eggs", "v": 46.0}]}, {"source": 39, "prod": 0.16755491559360583, "target": 19, "value": 161.0, "supply": [{"l": "Roots, Other", "v": 161.0}]}, {"source": 40, "prod": 0.062778415372922544, "target": 19, "value": 15.0, "supply": [{"l": "Peas", "v": 15.0}]}, {"source": 41, "prod": 0.084900333171, "target": 19, "value": 8.0, "supply": [{"l": "Coconut Oil", "v": 8.0}]}, {"source": 14, "prod": 0.0088104119328396222, "target": 19, "value": 11.0, "supply": [{"l": "Marine Fish, Other", "v": 11.0}]}, {"source": 42, "prod": 0.026266040574778125, "target": 19, "value": 33.0, "supply": [{"l": "Grapes", "v": 33.0}]}, {"source": 43, "prod": 0.054578785609928585, "target": 19, "value": 9.0, "supply": [{"l": "Groundnuts", "v": 9.0}]}, {"source": 44, "prod": 0.26402896907927376, "target": 19, "value": 334.0, "supply": [{"l": "Wine", "v": 334.0}]}, {"source": 45, "prod": 0.25023256092505264, "target": 19, "value": 24.0, "supply": [{"l": "Sunflowerseed Oil", "v": 24.0}]}, {"source": 3, "prod": 0.061783905822460392, "target": 19, "value": 21.0, "supply": [{"l": "Oats", "v": 21.0}]}, {"source": 46, "prod": 0.25395886373353321, "target": 19, "value": 59.0, "supply": [{"l": "Pigmeat", "v": 59.0}]}, {"source": 47, "prod": 0.028300111057000001, "target": 19, "value": 4.0, "supply": [{"l": "Cocoa Beans", "v": 4.0}]}, {"source": 4, "prod": 0.17574368966397, "target": 19, "value": 207.0, "supply": [{"l": "Potatoes", "v": 207.0}]}, {"source": 48, "prod": 0.0010511469821171428, "target": 19, "value": 1.0, "supply": [{"l": "Freshwater Fish", "v": 1.0}]}, {"source": 49, "prod": 0.018456594167608701, "target": 19, "value": 5.0, "supply": [{"l": "Pimento", "v": 5.0}]}, {"source": 50, "prod": 0.0011622222200000001, "target": 19, "value": 1.0, "supply": [{"l": "Pepper", "v": 1.0}]}, {"source": 51, "prod": 0.008804478995511112, "target": 19, "value": 28.0, "supply": [{"l": "Grapefruit", "v": 28.0}]}, {"source": 9, "prod": 0.96030746841784131, "target": 19, "value": 1321.0, "supply": [{"l": "Milk - Excluding Butter", "v": 1321.0}]}, {"source": 52, "prod": 0.026678167933179845, "target": 19, "value": 53.0, "supply": [{"l": "Pineapples", "v": 53.0}]}, {"source": 53, "prod": 0.12491705071656688, "target": 19, "value": 33.0, "supply": [{"l": "Beans", "v": 33.0}]}, {"source": 54, "prod": 0.0089573746006100918, "target": 19, "value": 23.0, "supply": [{"l": "Apples", "v": 23.0}]}, {"source": 13, "prod": 0.11457502105076857, "target": 19, "value": 109.0, "supply": [{"l": "Fish, Seafood", "v": 109.0}]}, {"source": 15, "prod": 0.0082541990582916686, "target": 19, "value": 7.0, "supply": [{"l": "Meat, Other", "v": 7.0}]}, {"source": 55, "prod": 0.013946666640000001, "target": 19, "value": 12.0, "supply": [{"l": "Lemons, Limes", "v": 12.0}]}, {"source": 16, "prod": 0.67813092680437048, "target": 19, "value": 189.0, "supply": [{"l": "Sorghum", "v": 189.0}]}, {"source": 7, "prod": 0.15832764834591895, "target": 19, "value": 46.0, "supply": [{"l": "Cereals, Other", "v": 46.0}]}, {"source": 56, "prod": 0.34351604545269171, "target": 19, "value": 144.0, "supply": [{"l": "Mutton & Goat Meat", "v": 144.0}]}, {"source": 57, "prod": 0.0041852276915281695, "target": 19, "value": 1.0, "supply": [{"l": "Sweeteners, Other", "v": 1.0}]}, {"source": 58, "prod": 0.043865172138350006, "target": 19, "value": 31.0, "supply": [{"l": "Pelagic Fish", "v": 31.0}]}, {"source": 59, "prod": 0.035076193986140848, "target": 19, "value": 44.0, "supply": [{"l": "Bananas", "v": 44.0}]}, {"source": 60, "prod": 0.035170293919389757, "target": 19, "value": 93.0, "supply": [{"l": "Beverages, Fermented", "v": 93.0}]}, {"source": 61, "prod": 0.007718212106454546, "target": 19, "value": 2.0, "supply": [{"l": "Spices, Other", "v": 2.0}]}, {"source": 62, "prod": 0.0087077264790769229, "target": 19, "value": 16.0, "supply": [{"l": "Tea", "v": 16.0}]}, {"source": 63, "prod": 0.079006218460457911, "target": 19, "value": 140.0, "supply": [{"l": "Fruits, Other", "v": 140.0}]}, {"source": 64, "prod": 0.0021022939642342856, "target": 19, "value": 2.0, "supply": [{"l": "Molluscs, Other", "v": 2.0}]}, {"source": 8, "prod": 0.08640299393508849, "target": 19, "value": 23.0, "supply": [{"l": "Millet", "v": 23.0}]}, {"source": 65, "prod": 0.069618273200220002, "target": 19, "value": 41.0, "supply": [{"l": "Poultry Meat", "v": 41.0}]}, {"source": 66, "prod": 0.12332101374507286, "target": 19, "value": 94.0, "supply": [{"l": "Offals, Edible", "v": 94.0}]}, {"source": 10, "prod": 0.053255663534536375, "target": 19, "value": 46.0, "supply": [{"l": "Sweet potatoes", "v": 46.0}]}, {"source": 11, "prod": 0.062042551163423082, "target": 19, "value": 57.0, "supply": [{"l": "Demersal Fish", "v": 57.0}]}, {"source": 67, "prod": 0.044136928171678809, "target": 19, "value": 157.0, "supply": [{"l": "Oranges, Mandarines", "v": 157.0}]}, {"source": 68, "prod": 1.0386976997592534, "target": 19, "value": 400.0, "supply": [{"l": "Bovine Meat", "v": 400.0}]}, {"source": 69, "prod": 0.023154636319363639, "target": 19, "value": 2.0, "supply": [{"l": "Cottonseed Oil", "v": 2.0}]}, {"source": 70, "prod": 0.014150055528500001, "target": 19, "value": 1.0, "supply": [{"l": "Palmkernel Oil", "v": 1.0}]}, {"source": 71, "prod": 0.026421265509647306, "target": 19, "value": 50.0, "supply": [{"l": "Onions", "v": 50.0}]}, {"source": 18, "prod": 0.10745198416954688, "target": 19, "value": 27.0, "supply": [{"l": "Pulses, Other", "v": 27.0}]}, {"source": 72, "prod": 0.34615734296747497, "target": 73, "value": 96.0, "supply": [{"l": "Sunflower seed", "v": 96.0}]}, {"source": 0, "prod": 0.010920274298531128, "target": 73, "value": 3.0, "supply": [{"l": "Maize", "v": 3.0}]}, {"source": 74, "prod": 0.0079978574726304354, "target": 73, "value": 2.0, "supply": [{"l": "Soyabeans", "v": 2.0}]}, {"source": 63, "prod": 0.0033859807911624821, "target": 73, "value": 6.0, "supply": [{"l": "Fruits, Other", "v": 6.0}]}, {"source": 23, "prod": 0.012400914231090071, "target": 73, "value": 3.0, "supply": [{"l": "Sugar", "v": 3.0}]}, {"source": 75, "prod": 0.061298696150490356, "target": 73, "value": 17.0, "supply": [{"l": "Cottonseed", "v": 17.0}]}, {"source": 12, "prod": 0.062042551163423082, "target": 73, "value": 19.0, "supply": [{"l": "Barley", "v": 19.0}]}, {"source": 42, "prod": 0.36852050867037195, "target": 73, "value": 463.0, "supply": [{"l": "Grapes", "v": 463.0}]}, {"source": 43, "prod": 0.33960133268400006, "target": 73, "value": 56.0, "supply": [{"l": "Groundnuts", "v": 56.0}]}, {"source": 17, "prod": 0.06851030746231275, "target": 73, "value": 19.0, "supply": [{"l": "Oilcrops, Other", "v": 19.0}]}, {"source": 16, "prod": 0.15428375583379858, "target": 73, "value": 43.0, "supply": [{"l": "Sorghum", "v": 43.0}]}, {"source": 24, "prod": 0.014150055528500001, "target": 73, "value": 1.0, "supply": [{"l": "Oilcrops Oil, Other", "v": 1.0}]}, {"source": 76, "prod": 3.1787588621096465, "target": 73, "value": 9847.0, "supply": [{"l": "Sugar cane", "v": 9847.0}]}, {"source": 0, "prod": 0.12012301728384241, "target": 77, "value": 33.0, "supply": [{"l": "Maize", "v": 33.0}]}, {"source": 78, "prod": 0.0020606859407341317, "target": 77, "value": 3.0, "supply": [{"l": "Alcohol, Non-Food", "v": 3.0}]}, {"source": 32, "prod": 0.49929481650564284, "target": 77, "value": 57.0, "supply": [{"l": "Fats, Animals, Raw", "v": 57.0}]}, {"source": 4, "prod": 0.0076410299853900002, "target": 77, "value": 9.0, "supply": [{"l": "Potatoes", "v": 9.0}]}, {"source": 6, "prod": 0.084900333171, "target": 77, "value": 6.0, "supply": [{"l": "Fish, Body Oil", "v": 6.0}]}, {"source": 70, "prod": 0.014150055528500001, "target": 77, "value": 1.0, "supply": [{"l": "Palmkernel Oil", "v": 1.0}]}, {"source": 23, "prod": 0.020668190385150123, "target": 77, "value": 5.0, "supply": [{"l": "Sugar", "v": 5.0}]}, {"source": 66, "prod": 0.040669696022311255, "target": 77, "value": 31.0, "supply": [{"l": "Offals, Edible", "v": 31.0}]}, {"source": 28, "prod": 0.06101202649931179, "target": 77, "value": 18.0, "supply": [{"l": "Beverages, Alcoholic", "v": 18.0}]}, {"source": 79, "prod": 0.02139612792001758, "target": 77, "value": 20.0, "supply": [{"l": "Aquatic Products, Other", "v": 20.0}]}, {"source": 42, "prod": 0.0015918812469562502, "target": 77, "value": 2.0, "supply": [{"l": "Grapes", "v": 2.0}]}, {"source": 68, "prod": 0.010386976997592536, "target": 77, "value": 4.0, "supply": [{"l": "Bovine Meat", "v": 4.0}]}, {"source": 69, "prod": 0.011577318159681819, "target": 77, "value": 1.0, "supply": [{"l": "Cottonseed Oil", "v": 1.0}]}, {"source": 80, "prod": 0.02139612792001758, "target": 77, "value": 20.0, "supply": [{"l": "Aquatic Plants", "v": 20.0}]}, {"source": 24, "prod": 0.25470099951300001, "target": 77, "value": 18.0, "supply": [{"l": "Oilcrops Oil, Other", "v": 18.0}]}, {"source": 72, "prod": 0.0036058056559111979, "target": 72, "value": 1.0, "supply": [{"l": "Sunflower seed", "v": 1.0}]}, {"source": 0, "prod": 0.21476539453777885, "target": 0, "value": 59.0, "supply": [{"l": "Maize", "v": 59.0}]}, {"source": 2, "prod": 0.37133836481131105, "target": 2, "value": 107.0, "supply": [{"l": "Wheat", "v": 107.0}]}, {"source": 3, "prod": 0.020594635274153464, "target": 3, "value": 7.0, "supply": [{"l": "Oats", "v": 7.0}]}, {"source": 75, "prod": 0.0036058056559111979, "target": 75, "value": 1.0, "supply": [{"l": "Cottonseed", "v": 1.0}]}, {"source": 4, "prod": 0.052638206566019995, "target": 4, "value": 62.0, "supply": [{"l": "Potatoes", "v": 62.0}]}, {"source": 38, "prod": 0.0085661771136659199, "target": 38, "value": 5.0, "supply": [{"l": "Eggs", "v": 5.0}]}, {"source": 20, "prod": 0.0054774408497419358, "target": 20, "value": 2.0, "supply": [{"l": "Rye", "v": 2.0}]}, {"source": 40, "prod": 0.0041852276915281695, "target": 40, "value": 1.0, "supply": [{"l": "Peas", "v": 1.0}]}, {"source": 8, "prod": 0.0075133038204424785, "target": 8, "value": 2.0, "supply": [{"l": "Millet", "v": 2.0}]}, {"source": 53, "prod": 0.026497556212605095, "target": 53, "value": 7.0, "supply": [{"l": "Beans", "v": 7.0}]}, {"source": 12, "prod": 0.016326987148269231, "target": 12, "value": 5.0, "supply": [{"l": "Barley", "v": 5.0}]}, {"source": 43, "prod": 0.090964642683214303, "target": 43, "value": 15.0, "supply": [{"l": "Groundnuts", "v": 15.0}]}, {"source": 16, "prod": 0.043055931860594955, "target": 16, "value": 12.0, "supply": [{"l": "Sorghum", "v": 12.0}]}, {"source": 7, "prod": 0.0034419053988243241, "target": 7, "value": 1.0, "supply": [{"l": "Cereals, Other", "v": 1.0}]}, {"source": 18, "prod": 0.027857921821734376, "target": 18, "value": 7.0, "supply": [{"l": "Pulses, Other", "v": 7.0}]}, {"source": 0, "prod": 0.71345792083736692, "target": 81, "value": 196.0, "supply": [{"l": "Maize", "v": 196.0}]}, {"source": 5, "prod": 0.026287019638528104, "target": 81, "value": 75.0, "supply": [{"l": "Vegetables, Other", "v": 75.0}]}, {"source": 63, "prod": 0.010157942373487445, "target": 81, "value": 18.0, "supply": [{"l": "Fruits, Other", "v": 18.0}]}, {"source": 51, "prod": 0.0012577827136444444, "target": 81, "value": 4.0, "supply": [{"l": "Grapefruit", "v": 4.0}]}, {"source": 12, "prod": 0.0032653974296538461, "target": 81, "value": 1.0, "supply": [{"l": "Barley", "v": 1.0}]}, {"source": 31, "prod": 0.0041351760448584476, "target": 81, "value": 16.0, "supply": [{"l": "Tomatoes", "v": 16.0}]}, {"source": 2, "prod": 0.086761300189558646, "target": 81, "value": 25.0, "supply": [{"l": "Wheat", "v": 25.0}]}, {"source": 38, "prod": 0.011992647959132288, "target": 81, "value": 7.0, "supply": [{"l": "Eggs", "v": 7.0}]}, {"source": 39, "prod": 0.036424981650783873, "target": 81, "value": 35.0, "supply": [{"l": "Roots, Other", "v": 35.0}]}, {"source": 40, "prod": 0.0041852276915281695, "target": 81, "value": 1.0, "supply": [{"l": "Peas", "v": 1.0}]}, {"source": 43, "prod": 0.036385857073285718, "target": 81, "value": 6.0, "supply": [{"l": "Groundnuts", "v": 6.0}]}, {"source": 17, "prod": 0.0036058056559111979, "target": 81, "value": 1.0, "supply": [{"l": "Oilcrops, Other", "v": 1.0}]}, {"source": 3, "prod": 0.0058841815069009904, "target": 81, "value": 2.0, "supply": [{"l": "Oats", "v": 2.0}]}, {"source": 75, "prod": 0.0036058056559111979, "target": 81, "value": 1.0, "supply": [{"l": "Cottonseed", "v": 1.0}]}, {"source": 4, "prod": 0.014433056639069998, "target": 81, "value": 17.0, "supply": [{"l": "Potatoes", "v": 17.0}]}, {"source": 9, "prod": 0.050886845411997644, "target": 81, "value": 70.0, "supply": [{"l": "Milk - Excluding Butter", "v": 70.0}]}, {"source": 53, "prod": 0.0037853651732292991, "target": 81, "value": 1.0, "supply": [{"l": "Beans", "v": 1.0}]}, {"source": 54, "prod": 0.001947255347958716, "target": 81, "value": 5.0, "supply": [{"l": "Apples", "v": 5.0}]}, {"source": 55, "prod": 0.0011622222200000001, "target": 81, "value": 1.0, "supply": [{"l": "Lemons, Limes", "v": 1.0}]}, {"source": 16, "prod": 0.089699858042906158, "target": 81, "value": 25.0, "supply": [{"l": "Sorghum", "v": 25.0}]}, {"source": 76, "prod": 0.15753369805113307, "target": 81, "value": 488.0, "supply": [{"l": "Sugar cane", "v": 488.0}]}, {"source": 52, "prod": 0.0030201699546996046, "target": 81, "value": 6.0, "supply": [{"l": "Pineapples", "v": 6.0}]}, {"source": 59, "prod": 0.003985931134788733, "target": 81, "value": 5.0, "supply": [{"l": "Bananas", "v": 5.0}]}, {"source": 8, "prod": 0.0037566519102212393, "target": 81, "value": 1.0, "supply": [{"l": "Millet", "v": 1.0}]}, {"source": 10, "prod": 0.0023154636319363637, "target": 81, "value": 2.0, "supply": [{"l": "Sweet potatoes", "v": 2.0}]}, {"source": 67, "prod": 0.0064659194136854311, "target": 81, "value": 23.0, "supply": [{"l": "Oranges, Mandarines", "v": 23.0}]}, {"source": 71, "prod": 0.0036989771713506229, "target": 81, "value": 7.0, "supply": [{"l": "Onions", "v": 7.0}]}, {"source": 18, "prod": 0.0079594062347812505, "target": 81, "value": 2.0, "supply": [{"l": "Pulses, Other", "v": 2.0}]}, {"source": 82, "prod": 0.0011622222200000001, "target": 83, "value": 1.0, "supply": [{"l": "Infant food", "v": 1.0}]}, {"source": 82, "prod": 0.0011622222200000001, "target": 50, "value": 1.0, "supply": [{"l": "Pepper", "v": 1.0}]}, {"source": 82, "prod": 0.0030321547561071431, "target": 36, "value": 1.0, "supply": [{"l": "Treenuts", "v": 1.0}]}, {"source": 82, "prod": 0.0054774408497419358, "target": 20, "value": 2.0, "supply": [{"l": "Rye", "v": 2.0}]}, {"source": 82, "prod": 0.0081634935741346157, "target": 62, "value": 15.0, "supply": [{"l": "Tea", "v": 15.0}]}, {"source": 82, "prod": 0.0056078975228859955, "target": 5, "value": 16.0, "supply": [{"l": "Vegetables, Other", "v": 16.0}]}, {"source": 82, "prod": 0.18678073297620001, "target": 29, "value": 44.0, "supply": [{"l": "Rice", "v": 44.0}]}, {"source": 82, "prod": 0.28804751662933475, "target": 2, "value": 83.0, "supply": [{"l": "Wheat", "v": 83.0}]}, {"source": 82, "prod": 0.016326987148269231, "target": 12, "value": 5.0, "supply": [{"l": "Barley", "v": 5.0}]}, {"source": 82, "prod": 0.00077534550841095904, "target": 31, "value": 3.0, "supply": [{"l": "Tomatoes", "v": 3.0}]}, {"source": 82, "prod": 0.0092618545277454549, "target": 33, "value": 12.0, "supply": [{"l": "Coffee", "v": 12.0}]}, {"source": 82, "prod": 0.018029028279555988, "target": 72, "value": 5.0, "supply": [{"l": "Sunflower seed", "v": 5.0}]}, {"source": 82, "prod": 0.0030321547561071431, "target": 21, "value": 1.0, "supply": [{"l": "Nuts", "v": 1.0}]}, {"source": 82, "prod": 0.16176955374474325, "target": 7, "value": 47.0, "supply": [{"l": "Cereals, Other", "v": 47.0}]}, {"source": 82, "prod": 0.039914069113518906, "target": 1, "value": 41.0, "supply": [{"l": "Fish, Seafood", "v": 6.0}, {"l": "Milk - Excluding Butter", "v": 26.0}, {"l": "Freshwater Fish", "v": 1.0}, {"l": "Pelagic Fish", "v": 4.0}, {"l": "Demersal Fish", "v": 1.0}, {"l": "Bovine Meat", "v": 2.0}, {"l": "Eggs", "v": 1.0}]}, {"source": 82, "prod": 0.010612541646375, "target": 22, "value": 2.0, "supply": [{"l": "Dates", "v": 2.0}]}, {"source": 82, "prod": 0.0424501665855, "target": 47, "value": 6.0, "supply": [{"l": "Cocoa Beans", "v": 6.0}]}, {"source": 82, "prod": 0.0005622538620596026, "target": 67, "value": 2.0, "supply": [{"l": "Oranges, Mandarines", "v": 2.0}]}, {"source": 82, "prod": 0.12916779558178487, "target": 16, "value": 36.0, "supply": [{"l": "Sorghum", "v": 36.0}]}, {"source": 82, "prod": 0.0059430233219700005, "target": 4, "value": 7.0, "supply": [{"l": "Potatoes", "v": 7.0}]}, {"source": 82, "prod": 0.007971862269577466, "target": 59, "value": 10.0, "supply": [{"l": "Bananas", "v": 10.0}]}, {"source": 82, "prod": 0.018926825866146496, "target": 53, "value": 5.0, "supply": [{"l": "Beans", "v": 5.0}]}, {"source": 82, "prod": 0.82704027708635408, "target": 73, "value": 122.0, "supply": [{"l": "Coconut Oil", "v": 8.0}, {"l": "Sugar", "v": 44.0}, {"l": "Beer", "v": 9.0}, {"l": "Fats, Animals, Raw", "v": 45.0}, {"l": "Oilcrops Oil, Other", "v": 9.0}, {"l": "Wine", "v": 1.0}, {"l": "Sweeteners, Other", "v": 2.0}, {"l": "Palmkernel Oil", "v": 1.0}, {"l": "Beverages, Alcoholic", "v": 3.0}]}, {"source": 82, "prod": 0.007718212106454546, "target": 61, "value": 2.0, "supply": [{"l": "Spices, Other", "v": 2.0}]}, {"source": 82, "prod": 0.22568566883630997, "target": 0, "value": 62.0, "supply": [{"l": "Maize", "v": 62.0}]}, {"source": 82, "prod": 0.010157942373487445, "target": 63, "value": 18.0, "supply": [{"l": "Fruits, Other", "v": 18.0}]}, {"source": 82, "prod": 0.0091784143968648649, "target": 35, "value": 8.0, "supply": [{"l": "Coconuts - Incl Copra", "v": 8.0}]}, {"source": 82, "prod": 0.019898515586953127, "target": 18, "value": 5.0, "supply": [{"l": "Pulses, Other", "v": 5.0}]}, {"source": 0, "prod": 8.0664426151816606, "target": 84, "value": 2216.0, "supply": [{"l": "Maize", "v": 2216.0}]}, {"source": 63, "prod": 0.054175692658599714, "target": 84, "value": 96.0, "supply": [{"l": "Fruits, Other", "v": 96.0}]}, {"source": 23, "prod": 2.0296162958217421, "target": 84, "value": 491.0, "supply": [{"l": "Sugar", "v": 491.0}]}, {"source": 26, "prod": 0.00058328473170916038, "target": 84, "value": 1.0, "supply": [{"l": "Beer", "v": 1.0}]}, {"source": 27, "prod": 0.091477119543401403, "target": 84, "value": 9.0, "supply": [{"l": "Groundnut Oil", "v": 9.0}]}, {"source": 28, "prod": 0.0067791140554790885, "target": 84, "value": 2.0, "supply": [{"l": "Beverages, Alcoholic", "v": 2.0}]}, {"source": 29, "prod": 0.012735049975650002, "target": 84, "value": 3.0, "supply": [{"l": "Rice", "v": 3.0}]}, {"source": 30, "prod": 0.041692127896473224, "target": 84, "value": 5.0, "supply": [{"l": "Butter, Ghee", "v": 5.0}]}, {"source": 31, "prod": 0.0020675880224292238, "target": 84, "value": 8.0, "supply": [{"l": "Tomatoes", "v": 8.0}]}, {"source": 72, "prod": 0.025240639591378386, "target": 84, "value": 7.0, "supply": [{"l": "Sunflower seed", "v": 7.0}]}, {"source": 33, "prod": 0.00077182121064545454, "target": 84, "value": 1.0, "supply": [{"l": "Coffee", "v": 1.0}]}, {"source": 2, "prod": 0.055527232121317535, "target": 84, "value": 16.0, "supply": [{"l": "Wheat", "v": 16.0}]}, {"source": 37, "prod": 0.0096477651330681823, "target": 84, "value": 10.0, "supply": [{"l": "Crustaceans", "v": 10.0}]}, {"source": 38, "prod": 0.01713235422733184, "target": 84, "value": 10.0, "supply": [{"l": "Eggs", "v": 10.0}]}, {"source": 5, "prod": 0.0017524679759018736, "target": 84, "value": 5.0, "supply": [{"l": "Vegetables, Other", "v": 5.0}]}, {"source": 40, "prod": 0.0041852276915281695, "target": 84, "value": 1.0, "supply": [{"l": "Peas", "v": 1.0}]}, {"source": 42, "prod": 0.036613268679993753, "target": 84, "value": 46.0, "supply": [{"l": "Grapes", "v": 46.0}]}, {"source": 43, "prod": 0.30927978512292864, "target": 84, "value": 51.0, "supply": [{"l": "Groundnuts", "v": 51.0}]}, {"source": 17, "prod": 0.014423222623644791, "target": 84, "value": 4.0, "supply": [{"l": "Oilcrops, Other", "v": 4.0}]}, {"source": 44, "prod": 0.011857588431703909, "target": 84, "value": 15.0, "supply": [{"l": "Wine", "v": 15.0}]}, {"source": 45, "prod": 0.03127907011563158, "target": 84, "value": 3.0, "supply": [{"l": "Sunflowerseed Oil", "v": 3.0}]}, {"source": 46, "prod": 0.012913162562722028, "target": 84, "value": 3.0, "supply": [{"l": "Pigmeat", "v": 3.0}]}, {"source": 75, "prod": 0.0036058056559111979, "target": 84, "value": 1.0, "supply": [{"l": "Cottonseed", "v": 1.0}]}, {"source": 4, "prod": 0.012735049975650002, "target": 84, "value": 15.0, "supply": [{"l": "Potatoes", "v": 15.0}]}, {"source": 51, "prod": 0.008804478995511112, "target": 84, "value": 28.0, "supply": [{"l": "Grapefruit", "v": 28.0}]}, {"source": 9, "prod": 0.015993008558056403, "target": 84, "value": 22.0, "supply": [{"l": "Milk - Excluding Butter", "v": 22.0}]}, {"source": 52, "prod": 0.032718507842579056, "target": 84, "value": 65.0, "supply": [{"l": "Pineapples", "v": 65.0}]}, {"source": 53, "prod": 0.018926825866146496, "target": 84, "value": 5.0, "supply": [{"l": "Beans", "v": 5.0}]}, {"source": 18, "prod": 0.0039797031173906252, "target": 84, "value": 1.0, "supply": [{"l": "Pulses, Other", "v": 1.0}]}, {"source": 13, "prod": 0.95233916579813138, "target": 84, "value": 906.0, "supply": [{"l": "Fish, Seafood", "v": 906.0}]}, {"source": 15, "prod": 0.0047166851761666672, "target": 84, "value": 4.0, "supply": [{"l": "Meat, Other", "v": 4.0}]}, {"source": 55, "prod": 0.0081355555400000005, "target": 84, "value": 7.0, "supply": [{"l": "Lemons, Limes", "v": 7.0}]}, {"source": 16, "prod": 0.29421553438073222, "target": 84, "value": 82.0, "supply": [{"l": "Sorghum", "v": 82.0}]}, {"source": 56, "prod": 0.0047710561868429405, "target": 84, "value": 2.0, "supply": [{"l": "Mutton & Goat Meat", "v": 2.0}]}, {"source": 57, "prod": 0.012555683074584507, "target": 84, "value": 3.0, "supply": [{"l": "Sweeteners, Other", "v": 3.0}]}, {"source": 58, "prod": 1.2282248198738004, "target": 84, "value": 868.0, "supply": [{"l": "Pelagic Fish", "v": 868.0}]}, {"source": 68, "prod": 0.10646651422532349, "target": 84, "value": 41.0, "supply": [{"l": "Bovine Meat", "v": 41.0}]}, {"source": 6, "prod": 0.79240310959600013, "target": 84, "value": 56.0, "supply": [{"l": "Fish, Body Oil", "v": 56.0}]}, {"source": 66, "prod": 0.0065596283906953655, "target": 84, "value": 5.0, "supply": [{"l": "Offals, Edible", "v": 5.0}]}, {"source": 83, "prod": 0.0011622222200000001, "target": 84, "value": 1.0, "supply": [{"l": "Infant food", "v": 1.0}]}, {"source": 11, "prod": 0.030477042676769227, "target": 84, "value": 28.0, "supply": [{"l": "Demersal Fish", "v": 28.0}]}, {"source": 67, "prod": 0.079277794550403971, "target": 84, "value": 282.0, "supply": [{"l": "Oranges, Mandarines", "v": 282.0}]}, {"source": 71, "prod": 0.0089832302732800826, "target": 84, "value": 17.0, "supply": [{"l": "Onions", "v": 17.0}]}, {"source": 54, "prod": 0.029598281288972482, "target": 84, "value": 76.0, "supply": [{"l": "Apples", "v": 76.0}]}, {"source": 85, "prod": 0.02942090753450495, "target": 3, "value": 10.0, "supply": [{"l": "Oats", "v": 10.0}]}, {"source": 85, "prod": 0.017209526994121625, "target": 7, "value": 5.0, "supply": [{"l": "Cereals, Other", "v": 5.0}]}, {"source": 85, "prod": 0.014150055528500001, "target": 47, "value": 2.0, "supply": [{"l": "Cocoa Beans", "v": 2.0}]}, {"source": 85, "prod": 1.3104329158237353, "target": 0, "value": 360.0, "supply": [{"l": "Maize", "v": 360.0}]}, {"source": 85, "prod": 0.0018866740704666664, "target": 51, "value": 6.0, "supply": [{"l": "Grapefruit", "v": 6.0}]}, {"source": 85, "prod": 0.006207631450464551, "target": 63, "value": 11.0, "supply": [{"l": "Fruits, Other", "v": 11.0}]}, {"source": 16, "prod": 0.23321963091155604, "target": 86, "value": 65.0, "supply": [{"l": "Sorghum", "v": 65.0}]}, {"source": 85, "prod": 0.00424501665855, "target": 29, "value": 1.0, "supply": [{"l": "Rice", "v": 1.0}]}, {"source": 85, "prod": 0.041924593094441437, "target": 1, "value": 34.0, "supply": [{"l": "Pelagic Fish", "v": 17.0}, {"l": "Fish, Seafood", "v": 17.0}]}, {"source": 85, "prod": 0.048980961444807694, "target": 12, "value": 15.0, "supply": [{"l": "Barley", "v": 15.0}]}, {"source": 55, "prod": 0.0011622222200000001, "target": 86, "value": 1.0, "supply": [{"l": "Lemons, Limes", "v": 1.0}]}, {"source": 85, "prod": 0.061007479809804428, "target": 73, "value": 16.0, "supply": [{"l": "Groundnut Oil", "v": 1.0}, {"l": "Beverages, Alcoholic", "v": 15.0}]}, {"source": 85, "prod": 0.00077890213918348629, "target": 54, "value": 2.0, "supply": [{"l": "Apples", "v": 2.0}]}, {"source": 23, "prod": 0.2645528369299216, "target": 86, "value": 64.0, "supply": [{"l": "Sugar", "v": 64.0}]}, {"source": 2, "prod": 0.69061994950888694, "target": 86, "value": 199.0, "supply": [{"l": "Wheat", "v": 199.0}]}, {"source": 87, "prod": 22.554006517899623, "target": 0, "value": 6196.0, "supply": [{"l": "Maize", "v": 6196.0}]}, {"source": 87, "prod": 0.25971575402865765, "target": 5, "value": 741.0, "supply": [{"l": "Vegetables, Other", "v": 741.0}]}, {"source": 87, "prod": 0.019171042974096775, "target": 20, "value": 7.0, "supply": [{"l": "Rye", "v": 7.0}]}, {"source": 87, "prod": 0.14277552336068466, "target": 63, "value": 253.0, "supply": [{"l": "Fruits, Other", "v": 253.0}]}, {"source": 87, "prod": 0.15020828176407694, "target": 12, "value": 46.0, "supply": [{"l": "Barley", "v": 46.0}]}, {"source": 87, "prod": 0.02122508329275, "target": 29, "value": 5.0, "supply": [{"l": "Rice", "v": 5.0}]}, {"source": 87, "prod": 0.040576414940173521, "target": 31, "value": 157.0, "supply": [{"l": "Tomatoes", "v": 157.0}]}, {"source": 87, "prod": 0.36058056559111973, "target": 72, "value": 100.0, "supply": [{"l": "Sunflower seed", "v": 100.0}]}, {"source": 87, "prod": 0.048186675583540541, "target": 7, "value": 14.0, "supply": [{"l": "Cereals, Other", "v": 14.0}]}, {"source": 87, "prod": 2.6410139777701653, "target": 2, "value": 761.0, "supply": [{"l": "Wheat", "v": 761.0}]}, {"source": 87, "prod": 0.2039798972443897, "target": 39, "value": 196.0, "supply": [{"l": "Roots, Other", "v": 196.0}]}, {"source": 87, "prod": 0.07114887075597888, "target": 40, "value": 17.0, "supply": [{"l": "Peas", "v": 17.0}]}, {"source": 87, "prod": 0.011996786208945653, "target": 74, "value": 3.0, "supply": [{"l": "Soyabeans", "v": 3.0}]}, {"source": 87, "prod": 0.43299169917210001, "target": 42, "value": 544.0, "supply": [{"l": "Grapes", "v": 544.0}]}, {"source": 87, "prod": 0.018456594167608701, "target": 49, "value": 5.0, "supply": [{"l": "Pimento", "v": 5.0}]}, {"source": 87, "prod": 0.09375094705369115, "target": 17, "value": 26.0, "supply": [{"l": "Oilcrops, Other", "v": 26.0}]}, {"source": 87, "prod": 0.29420907534504953, "target": 3, "value": 100.0, "supply": [{"l": "Oats", "v": 100.0}]}, {"source": 87, "prod": 0.31041684315646878, "target": 18, "value": 78.0, "supply": [{"l": "Pulses, Other", "v": 78.0}]}, {"source": 87, "prod": 0.06851030746231275, "target": 75, "value": 19.0, "supply": [{"l": "Cottonseed", "v": 19.0}]}, {"source": 87, "prod": 0.28696312611797997, "target": 4, "value": 338.0, "supply": [{"l": "Potatoes", "v": 338.0}]}, {"source": 87, "prod": 0.82474609366114293, "target": 43, "value": 136.0, "supply": [{"l": "Groundnuts", "v": 136.0}]}, {"source": 87, "prod": 0.02075341477513333, "target": 51, "value": 66.0, "supply": [{"l": "Grapefruit", "v": 66.0}]}, {"source": 87, "prod": 3.3362925601607794, "target": 76, "value": 10335.0, "supply": [{"l": "Sugar cane", "v": 10335.0}]}, {"source": 87, "prod": 0.062416845730458498, "target": 52, "value": 124.0, "supply": [{"l": "Pineapples", "v": 124.0}]}, {"source": 87, "prod": 0.15141460692917197, "target": 53, "value": 40.0, "supply": [{"l": "Beans", "v": 40.0}]}, {"source": 87, "prod": 0.04128181337672477, "target": 54, "value": 106.0, "supply": [{"l": "Apples", "v": 106.0}]}, {"source": 87, "prod": 0.02208222218, "target": 55, "value": 19.0, "supply": [{"l": "Lemons, Limes", "v": 19.0}]}, {"source": 87, "prod": 0.92570253500279165, "target": 16, "value": 258.0, "supply": [{"l": "Sorghum", "v": 258.0}]}, {"source": 87, "prod": 0.031090262851352114, "target": 59, "value": 39.0, "supply": [{"l": "Bananas", "v": 39.0}]}, {"source": 87, "prod": 0.0010884658098846154, "target": 62, "value": 2.0, "supply": [{"l": "Tea", "v": 2.0}]}, {"source": 87, "prod": 0.10518625348619469, "target": 8, "value": 28.0, "supply": [{"l": "Millet", "v": 28.0}]}, {"source": 87, "prod": 0.060202054430345459, "target": 10, "value": 52.0, "supply": [{"l": "Sweet potatoes", "v": 52.0}]}, {"source": 87, "prod": 0.12931838827370862, "target": 67, "value": 460.0, "supply": [{"l": "Oranges, Mandarines", "v": 460.0}]}, {"source": 87, "prod": 0.039631898264470958, "target": 71, "value": 75.0, "supply": [{"l": "Onions", "v": 75.0}]}, {"source": 1, "prod": 0.069618273200220002, "target": 65, "value": 41.0, "supply": [{"l": "Poultry Meat", "v": 41.0}]}, {"source": 1, "prod": 0.26687202629625523, "target": 46, "value": 62.0, "supply": [{"l": "Pigmeat", "v": 62.0}]}, {"source": 1, "prod": 1.2720899920121505, "target": 58, "value": 899.0, "supply": [{"l": "Pelagic Fish", "v": 899.0}]}, {"source": 1, "prod": 0.015436424212909092, "target": 37, "value": 16.0, "supply": [{"l": "Crustaceans", "v": 16.0}]}, {"source": 1, "prod": 0.10793383163219059, "target": 38, "value": 63.0, "supply": [{"l": "Eggs", "v": 68.0}]}, {"source": 1, "prod": 0.0021022939642342856, "target": 64, "value": 2.0, "supply": [{"l": "Molluscs, Other", "v": 2.0}]}, {"source": 1, "prod": 0.02139612792001758, "target": 80, "value": 20.0, "supply": [{"l": "Aquatic Plants", "v": 20.0}]}, {"source": 1, "prod": 1.9765904667888801, "target": 9, "value": 2719.0, "supply": [{"l": "Milk - Excluding Butter", "v": 2719.0}]}, {"source": 1, "prod": 0.17055033815807949, "target": 66, "value": 130.0, "supply": [{"l": "Offals, Edible", "v": 130.0}]}, {"source": 1, "prod": 0.016819877326330189, "target": 14, "value": 21.0, "supply": [{"l": "Marine Fish, Other", "v": 21.0}]}, {"source": 1, "prod": 0.02139612792001758, "target": 79, "value": 20.0, "supply": [{"l": "Aquatic Products, Other", "v": 20.0}]}, {"source": 1, "prod": 1.1121135070799371, "target": 13, "value": 1058.0, "supply": [{"l": "Fish, Seafood", "v": 1058.0}]}, {"source": 1, "prod": 1.1555511909821696, "target": 68, "value": 445.0, "supply": [{"l": "Bovine Meat", "v": 445.0}]}, {"source": 1, "prod": 0.12843896556638462, "target": 11, "value": 118.0, "supply": [{"l": "Demersal Fish", "v": 118.0}]}, {"source": 1, "prod": 0.015329226822541668, "target": 15, "value": 13.0, "supply": [{"l": "Meat, Other", "v": 13.0}]}, {"source": 1, "prod": 0.0010511469821171428, "target": 48, "value": 1.0, "supply": [{"l": "Freshwater Fish", "v": 1.0}]}, {"source": 1, "prod": 0.34828710163953464, "target": 56, "value": 146.0, "supply": [{"l": "Mutton & Goat Meat", "v": 146.0}]}, {"source": 73, "prod": 0.0020606859407341317, "target": 78, "value": 3.0, "supply": [{"l": "Alcohol, Non-Food", "v": 3.0}]}, {"source": 73, "prod": 0.61316907290166667, "target": 32, "value": 70.0, "supply": [{"l": "Fats, Animals, Raw", "v": 70.0}]}, {"source": 73, "prod": 0.016740910766112678, "target": 57, "value": 4.0, "supply": [{"l": "Sweeteners, Other", "v": 4.0}]}, {"source": 73, "prod": 0.035170293919389757, "target": 60, "value": 93.0, "supply": [{"l": "Beverages, Fermented", "v": 93.0}]}, {"source": 73, "prod": 0.014150055528500001, "target": 34, "value": 1.0, "supply": [{"l": "Soyabean Oil", "v": 1.0}]}, {"source": 73, "prod": 0.084900333171, "target": 41, "value": 8.0, "supply": [{"l": "Coconut Oil", "v": 8.0}]}, {"source": 73, "prod": 1.1178543867515001, "target": 6, "value": 79.0, "supply": [{"l": "Fish, Body Oil", "v": 79.0}]}, {"source": 73, "prod": 5.4977386424499324, "target": 23, "value": 1330.0, "supply": [{"l": "Sugar", "v": 1330.0}]}, {"source": 73, "prod": 0.57229113470822224, "target": 25, "value": 56.0, "supply": [{"l": "Maize Germ Oil", "v": 56.0}]}, {"source": 73, "prod": 0.15923673175660077, "target": 26, "value": 273.0, "supply": [{"l": "Beer", "v": 273.0}]}, {"source": 73, "prod": 0.24393898544907042, "target": 27, "value": 24.0, "supply": [{"l": "Groundnut Oil", "v": 24.0}]}, {"source": 73, "prod": 0.25082722005272623, "target": 28, "value": 74.0, "supply": [{"l": "Beverages, Alcoholic", "v": 74.0}]}, {"source": 73, "prod": 0.28151163104068422, "target": 45, "value": 27.0, "supply": [{"l": "Sunflowerseed Oil", "v": 27.0}]}, {"source": 73, "prod": 0.034731954479045458, "target": 69, "value": 3.0, "supply": [{"l": "Cottonseed Oil", "v": 3.0}]}, {"source": 73, "prod": 0.028300111057000001, "target": 70, "value": 2.0, "supply": [{"l": "Palmkernel Oil", "v": 2.0}]}, {"source": 73, "prod": 0.28300111056999999, "target": 24, "value": 20.0, "supply": [{"l": "Oilcrops Oil, Other", "v": 20.0}]}, {"source": 73, "prod": 0.42525970454402684, "target": 30, "value": 51.0, "supply": [{"l": "Butter, Ghee", "v": 51.0}]}, {"source": 73, "prod": 0.27588655751097768, "target": 44, "value": 349.0, "supply": [{"l": "Wine", "v": 349.0}]}]}