{"nodes": [{"layer": 13, "name": "Other Processed", "fill": "#9c9ede"}, {"layer": 10, "name": "Feed", "fill": "#dbdb8d"}, {"layer": 13, "name": "Animal Products", "fill": "#17becf"}, {"layer": 5, "name": "Cereals", "fill": "#e7ba52"}, {"layer": 5, "name": "Oilcrops", "fill": "#ff9896"}, {"layer": 5, "name": "Starchy Roots"}, {"layer": 5, "name": "Fruits & Vegetables"}, {"layer": 13, "name": "Aquatic Products", "fill": "#1f77b4"}, {"layer": 16, "name": "Food", "fill": "#b5cf6b"}, {"layer": 13, "name": "Sugar", "fill": "#d6616b"}, {"layer": 5, "name": "Others"}, {"layer": 13, "name": "Vegetable Oils", "fill": "#f7b6d2"}, {"layer": 10, "name": "Processing", "fill": "#9edae5"}, {"layer": 5, "name": "Sugar Crops", "fill": "#ffbb78"}, {"layer": 16, "name": "Biofuels & Other", "fill": "#e7ba52"}, {"name": "Waste", "fill": "#c7c7c7"}, {"layer": 2, "name": "Import", "fill": "#aec7e8"}, {"layer": 16, "name": "Export", "fill": "#aec7e8"}, {"layer": 0, "name": "Stock Draw", "fill": "#c7c7c7"}, {"layer": 16, "name": "Stock Deposit", "fill": "#c7c7c7"}, {"layer": 2, "name": "Electricity", "fill": "#bcbd22"}, {"layer": 0, "name": "Fossil Fuels", "fill": "#c49c94"}, {"layer": 0, "name": "Renewables & Nuclear", "fill": "#2ca02c"}, {"layer": 2, "name": "Fertilizers", "fill": "#c5b0d5"}, {"layer": 0, "name": "Labor", "fill": "#7f7f7f"}], "links": [{"source": 0, "prod": 32.0, "target": 1, "value": 0.037191111040000002, "supply": [{"l": "Fish, Body Oil", "v": 0.037191111040000002}]}, {"source": 2, "prod": 302.0, "target": 1, "value": 0.19447399029187848, "supply": [{"l": "Milk - Excluding Butter", "v": 0.19343862037515897}, {"l": "Meat, Other", "v": 0.0010353699167195121}]}, {"source": 3, "prod": 2853.0, "target": 1, "value": 10.341773741523594, "supply": [{"l": "Maize", "v": 9.5665701511866228}, {"l": "Wheat", "v": 0.13842606034138363}, {"l": "Oats", "v": 0.079422892321258071}, {"l": "Millet", "v": 0.029275976955517247}, {"l": "Barley", "v": 0.0173892248663494}, {"l": "Sorghum", "v": 0.46499467054705085}, {"l": "Cereals, Other", "v": 0.045694765305410827}]}, {"source": 4, "prod": 7.0, "target": 1, "value": 0.029715116609850004, "supply": [{"l": "Soyabeans", "v": 0.0169800666342}, {"l": "Oilcrops, Other", "v": 0.012735049975650002}]}, {"source": 5, "prod": 74.0, "target": 1, "value": 0.062187724211648088, "supply": [{"l": "Potatoes", "v": 0.057629317061527283}, {"l": "Sweet potatoes", "v": 0.004558407150120806}]}, {"source": 6, "prod": 52.0, "target": 1, "value": 0.020118259478173448, "supply": [{"l": "Vegetables, Other", "v": 0.016060522966324185}, {"l": "Pulses, Other", "v": 0.0040577365118492645}]}, {"source": 7, "prod": 1394.0, "target": 1, "value": 1.4048845197978275, "supply": [{"l": "Pelagic Fish", "v": 0.82301800546241166}, {"l": "Demersal Fish", "v": 0.01607121189268277}, {"l": "Fish, Seafood", "v": 0.56579530244273302}]}, {"source": 0, "prod": 1969.0, "target": 8, "value": 1.9643853025857565, "supply": [{"l": "Beer", "v": 0.58634534009817108}, {"l": "Beverages, Alcoholic", "v": 0.54453896859578022}, {"l": "Fats, Animals, Raw", "v": 0.14433056639070002}, {"l": "Butter, Ghee", "v": 0.1561070642176452}, {"l": "Wine", "v": 0.47995219595730937}, {"l": "Beverages, Fermented", "v": 0.053111167326150691}]}, {"source": 2, "prod": 3618.0, "target": 8, "value": 4.5696226432836671, "supply": [{"l": "Pigmeat", "v": 0.38604506894827528}, {"l": "Meat, Other", "v": 0.013459808917353657}, {"l": "Eggs", "v": 0.17316182322706894}, {"l": "Mutton & Goat Meat", "v": 0.43925130000758889}, {"l": "Milk - Excluding Butter", "v": 1.4652493503500412}, {"l": "Poultry Meat", "v": 0.34659007962185667}, {"l": "Offals, Edible", "v": 0.17365977239522729}, {"l": "Bovine Meat", "v": 1.5722054398162555}]}, {"source": 3, "prod": 5710.0, "target": 8, "value": 20.496260975563914, "supply": [{"l": "Maize", "v": 12.734790947354252}, {"l": "Rye", "v": 0.015918812469562501}, {"l": "Barley", "v": 0.0057964082887831322}, {"l": "Rice", "v": 0.45361035151362855}, {"l": "Cereals, Other", "v": 0.17223411538193312}, {"l": "Wheat", "v": 6.2464759729049364}, {"l": "Oats", "v": 0.02738720424870968}, {"l": "Sorghum", "v": 0.70464576998283857}, {"l": "Millet", "v": 0.13540139341926727}]}, {"source": 4, "prod": 45.0, "target": 8, "value": 0.22619414191412252, "supply": [{"l": "Coconuts - Incl Copra", "v": 0.01369360212435484}, {"l": "Groundnuts", "v": 0.19976548981411768}, {"l": "Soyabeans", "v": 0.012735049975650002}]}, {"source": 9, "prod": 1215.0, "target": 8, "value": 5.0192180507549926, "supply": [{"l": "Sugar", "v": 5.0064830007793431}, {"l": "Sweeteners, Other", "v": 0.012735049975650002}]}, {"source": 5, "prod": 776.0, "target": 8, "value": 0.70660862839747807, "supply": [{"l": "Roots, Other", "v": 0.22659039812825668}, {"l": "Potatoes", "v": 0.42645694625530189}, {"l": "Sweet potatoes", "v": 0.05356128401391947}]}, {"source": 6, "prod": 2431.0, "target": 8, "value": 1.470490538890618, "supply": [{"l": "Tomatoes", "v": 0.066633897852390905}, {"l": "Treenuts", "v": 0.0028943295399204549}, {"l": "Vegetables, Other", "v": 0.33317712349747031}, {"l": "Peas", "v": 0.041201632274161772}, {"l": "Grapes", "v": 0.040047326967452834}, {"l": "Dates", "v": 0.012735049975650002}, {"l": "Beans", "v": 0.35793529167441529}, {"l": "Apples", "v": 0.040010501839206902}, {"l": "Lemons, Limes", "v": 0.015108888860000001}, {"l": "Pineapples", "v": 0.040010501839206902}, {"l": "Bananas", "v": 0.066547290851856442}, {"l": "Fruits, Other", "v": 0.14621724046116666}, {"l": "Grapefruit", "v": 0.013488837980439252}, {"l": "Oranges, Mandarines", "v": 0.066620884005778216}, {"l": "Onions", "v": 0.053379071261983747}, {"l": "Pulses, Other", "v": 0.17448267000951836}]}, {"source": 10, "prod": 50.0, "target": 8, "value": 0.099685182880182299, "supply": [{"l": "Nuts", "v": 0.0028943295399204549}, {"l": "Cocoa Beans", "v": 0.038205149926950004}, {"l": "Coffee", "v": 0.0040428730081428568}, {"l": "Pimento", "v": 0.027013742372590913}, {"l": "Pepper", "v": 0.0011622222200000001}, {"l": "Spices, Other", "v": 0.013061589718615384}, {"l": "Tea", "v": 0.013305276093962686}]}, {"source": 7, "prod": 556.0, "target": 8, "value": 0.46536377757763692, "supply": [{"l": "Freshwater Fish", "v": 0.0024352738986057371}, {"l": "Crustaceans", "v": 0.0070750277642500003}, {"l": "Marine Fish, Other", "v": 0.013008922018137097}, {"l": "Demersal Fish", "v": 0.066501566452480426}, {"l": "Pelagic Fish", "v": 0.14661548300902244}, {"l": "Fish, Seafood", "v": 0.22648047257033357}, {"l": "Cephalopods", "v": 0.0024352738986057371}, {"l": "Molluscs, Other", "v": 0.0008117579662019124}]}, {"source": 11, "prod": 211.0, "target": 8, "value": 2.1660602696085625, "supply": [{"l": "Maize Germ Oil", "v": 0.37208493841899126}, {"l": "Groundnut Oil", "v": 0.27665798222963794}, {"l": "Soyabean Oil", "v": 0.070750277642500012}, {"l": "Sunflowerseed Oil", "v": 1.2439888661110197}, {"l": "Coconut Oil", "v": 0.024257238048857144}, {"l": "Oilcrops Oil, Other", "v": 0.049941372453529427}, {"l": "Cottonseed Oil", "v": 0.10290949475272729}, {"l": "Palmkernel Oil", "v": 0.025470099951300004}]}, {"source": 3, "prod": 214.0, "target": 12, "value": 0.68527285005126548, "supply": [{"l": "Maize", "v": 0.032774697891389266}, {"l": "Barley", "v": 0.34488629318259639}, {"l": "Sorghum", "v": 0.30761185897727977}]}, {"source": 4, "prod": 639.0, "target": 12, "value": 2.8963498954424387, "supply": [{"l": "Sunflower seed", "v": 1.8423372298106999}, {"l": "Soyabeans", "v": 0.097635383146650004}, {"l": "Cottonseed", "v": 0.339601332684}, {"l": "Groundnuts", "v": 0.57432578321558825}, {"l": "Oilcrops, Other", "v": 0.0424501665855}]}, {"source": 13, "prod": 20228.0, "target": 12, "value": 7.3601311687842337, "supply": [{"l": "Sugar cane", "v": 7.3601311687842337}]}, {"source": 9, "prod": 2.0, "target": 12, "value": 0.0082615231035962737, "supply": [{"l": "Sugar", "v": 0.0082615231035962737}]}, {"source": 6, "prod": 841.0, "target": 12, "value": 0.66473499310837891, "supply": [{"l": "Apples", "v": 0.0019517317970344831}, {"l": "Fruits, Other", "v": 0.02122508329275}, {"l": "Grapes", "v": 0.64155817801859438}]}, {"source": 11, "prod": 2.0, "target": 12, "value": 0.019976548981411768, "supply": [{"l": "Oilcrops Oil, Other", "v": 0.019976548981411768}]}, {"source": 0, "prod": 107.0, "target": 14, "value": 0.69611617435366924, "supply": [{"l": "Alcohol, Non-Food", "v": 0.0013624578602879523}, {"l": "Fats, Animals, Raw", "v": 0.56034219892860004}, {"l": "Beverages, Alcoholic", "v": 0.1344115175647812}]}, {"source": 2, "prod": 48.0, "target": 14, "value": 0.069697306404480047, "supply": [{"l": "Offals, Edible", "v": 0.054027484745181813}, {"l": "Bovine Meat", "v": 0.015669821659298228}]}, {"source": 3, "prod": 188.0, "target": 14, "value": 0.68314016471082795, "supply": [{"l": "Maize", "v": 0.67734375642204481}, {"l": "Barley", "v": 0.0057964082887831322}]}, {"source": 9, "prod": 38.0, "target": 14, "value": 0.1569689389683292, "supply": [{"l": "Sugar", "v": 0.1569689389683292}]}, {"source": 5, "prod": 25.0, "target": 14, "value": 0.020581898950545456, "supply": [{"l": "Potatoes", "v": 0.020581898950545456}]}, {"source": 6, "prod": 4.0, "target": 14, "value": 0.0032037861573962268, "supply": [{"l": "Grapes", "v": 0.0032037861573962268}]}, {"source": 7, "prod": 52.0, "target": 14, "value": 0.038907389882911009, "supply": [{"l": "Aquatic Plants", "v": 0.019453694941455504}, {"l": "Aquatic Products, Other", "v": 0.019453694941455504}]}, {"source": 11, "prod": 35.0, "target": 14, "value": 0.36566984800236146, "supply": [{"l": "Coconut Oil", "v": 0.097028952195428578}, {"l": "Palm Oil", "v": 0.062473830069226424}, {"l": "Cottonseed Oil", "v": 0.030872848425818184}, {"l": "Palmkernel Oil", "v": 0.025470099951300004}, {"l": "Oilcrops Oil, Other", "v": 0.14982411736058826}]}, {"source": 5, "prod": 61.0, "target": 5, "value": 0.050219833439330917, "supply": [{"l": "Potatoes", "v": 0.050219833439330917}]}, {"source": 6, "prod": 17.0, "target": 6, "value": 0.065170587483689979, "supply": [{"l": "Peas", "v": 0.0037456029340147061}, {"l": "Beans", "v": 0.053309511525976738}, {"l": "Pulses, Other", "v": 0.008115473023698529}]}, {"source": 2, "prod": 10.0, "target": 2, "value": 0.01618334796514663, "supply": [{"l": "Eggs", "v": 0.01618334796514663}]}, {"source": 3, "prod": 214.0, "target": 3, "value": 0.74700114770005666, "supply": [{"l": "Maize", "v": 0.22578125214068162}, {"l": "Wheat", "v": 0.43950274158389296}, {"l": "Oats", "v": 0.01369360212435484}, {"l": "Rye", "v": 0.0053062708231875}, {"l": "Millet", "v": 0.010978491358318966}, {"l": "Barley", "v": 0.023185633155132529}, {"l": "Sorghum", "v": 0.025038174567918126}, {"l": "Cereals, Other", "v": 0.003514981946570064}]}, {"source": 4, "prod": 20.0, "target": 4, "value": 0.11286750174497648, "supply": [{"l": "Sunflower seed", "v": 0.012735049975650002}, {"l": "Soyabeans", "v": 0.00424501665855}, {"l": "Cottonseed", "v": 0.0084900333171}, {"l": "Groundnuts", "v": 0.087397401793676471}]}, {"source": 2, "prod": 47.0, "target": 15, "value": 0.043864243537850615, "supply": [{"l": "Milk - Excluding Butter", "v": 0.021207556386645336}, {"l": "Eggs", "v": 0.022656687151205279}]}, {"source": 3, "prod": 437.0, "target": 15, "value": 1.5754171333156894, "supply": [{"l": "Maize", "v": 1.2126638219814028}, {"l": "Oats", "v": 0.0054774408497419358}, {"l": "Barley", "v": 0.0086946124331747001}, {"l": "Sorghum", "v": 0.17169033989429569}, {"l": "Wheat", "v": 0.16957192391819498}, {"l": "Millet", "v": 0.0073189942388793118}]}, {"source": 4, "prod": 13.0, "target": 15, "value": 0.073164110644420591, "supply": [{"l": "Soyabeans", "v": 0.00424501665855}, {"l": "Cottonseed", "v": 0.012735049975650002}, {"l": "Groundnuts", "v": 0.056184044010220591}]}, {"source": 13, "prod": 947.0, "target": 15, "value": 0.34457406648401573, "supply": [{"l": "Sugar cane", "v": 0.34457406648401573}]}, {"source": 5, "prod": 84.0, "target": 15, "value": 0.081065380447325266, "supply": [{"l": "Roots, Other", "v": 0.04832496642545759}, {"l": "Potatoes", "v": 0.030461210446807274}, {"l": "Sweet potatoes", "v": 0.002279203575060403}]}, {"source": 6, "prod": 286.0, "target": 15, "value": 0.12987889491533197, "supply": [{"l": "Fruits, Other", "v": 0.017687569410625003}, {"l": "Grapefruit", "v": 0.0035705747595280372}, {"l": "Beans", "v": 0.015231289007421926}, {"l": "Lemons, Limes", "v": 0.0023244444400000001}, {"l": "Tomatoes", "v": 0.007718212106454546}, {"l": "Pineapples", "v": 0.004879329492586207}, {"l": "Bananas", "v": 0.0070049779844059412}, {"l": "Apples", "v": 0.0092707260359137945}, {"l": "Vegetables, Other", "v": 0.038734202448193616}, {"l": "Oranges, Mandarines", "v": 0.0093599589099027242}, {"l": "Onions", "v": 0.0059821372966016263}, {"l": "Pulses, Other", "v": 0.008115473023698529}]}, {"source": 16, "prod": 42.0, "target": 10, "value": 0.074597941264714196, "supply": [{"l": "Nuts", "v": 0.0057886590798409097}, {"l": "Coffee", "v": 0.0044471603089571423}, {"l": "Cocoa Beans", "v": 0.038205149926950004}, {"l": "Pepper", "v": 0.0011622222200000001}, {"l": "Infant food", "v": 0.0011622222200000001}, {"l": "Spices, Other", "v": 0.013061589718615384}, {"l": "Tea", "v": 0.010770937790350748}]}, {"source": 16, "prod": 167.0, "target": 1, "value": 0.14653241336837972, "supply": [{"l": "Freshwater Fish", "v": 0.0008117579662019124}, {"l": "Pigmeat", "v": 0.0042893896549808372}, {"l": "Crustaceans", "v": 0.0035375138821250002}, {"l": "Eggs", "v": 0.0048550043895439886}, {"l": "Marine Fish, Other", "v": 0.00068468010621774197}, {"l": "Milk - Excluding Butter", "v": 0.05783879014539637}, {"l": "Fish, Seafood", "v": 0.026788012884663107}, {"l": "Pelagic Fish", "v": 0.02833744629586148}, {"l": "Demersal Fish", "v": 0.0011083594408746737}, {"l": "Bovine Meat", "v": 0.018281458602514598}]}, {"source": 16, "prod": 254.0, "target": 12, "value": 1.4652843179295385, "supply": [{"l": "Sugar", "v": 0.51634519397476719}, {"l": "Beer", "v": 0.007931241315337581}, {"l": "Groundnut Oil", "v": 0.020493183868862071}, {"l": "Beverages, Alcoholic", "v": 0.031018042514949506}, {"l": "Butter, Ghee", "v": 0.0082161612746129049}, {"l": "Fats, Animals, Raw", "v": 0.39054153258660002}, {"l": "Soyabean Oil", "v": 0.030321547561071433}, {"l": "Palm Oil", "v": 0.072886135080764164}, {"l": "Sunflowerseed Oil", "v": 0.010280899719925782}, {"l": "Coconut Oil", "v": 0.12128619024428573}, {"l": "Oilcrops Oil, Other", "v": 0.16980066634200003}, {"l": "Wine", "v": 0.0031837624939125004}, {"l": "Sweeteners, Other", "v": 0.02971511660985}, {"l": "Fish, Body Oil", "v": 0.0023244444400000001}, {"l": "Palmkernel Oil", "v": 0.050940199902600007}]}, {"source": 16, "prod": 538.0, "target": 3, "value": 1.9461231058128792, "supply": [{"l": "Maize", "v": 0.70283518811534762}, {"l": "Rye", "v": 0.0053062708231875}, {"l": "Barley", "v": 0.14491020721957831}, {"l": "Rice", "v": 0.44123916010871139}, {"l": "Cereals, Other", "v": 0.20035397095449364}, {"l": "Wheat", "v": 0.40489622649854712}, {"l": "Sorghum", "v": 0.042922584973573923}, {"l": "Millet", "v": 0.0036594971194396559}]}, {"source": 16, "prod": 113.0, "target": 6, "value": 0.14079991045857129, "supply": [{"l": "Tomatoes", "v": 0.00025727373688181818}, {"l": "Treenuts", "v": 0.0057886590798409097}, {"l": "Vegetables, Other", "v": 0.012596488601038578}, {"l": "Peas", "v": 0.0037456029340147061}, {"l": "Dates", "v": 0.012735049975650002}, {"l": "Beans", "v": 0.049501689274121262}, {"l": "Apples", "v": 0.00097586589851724154}, {"l": "Bananas", "v": 0.0014009955968811883}, {"l": "Fruits, Other", "v": 0.018277155057645832}, {"l": "Grapefruit", "v": 0.00039673052883644857}, {"l": "Oranges, Mandarines", "v": 0.0022023432729182881}, {"l": "Onions", "v": 0.00046016440743089436}, {"l": "Pulses, Other", "v": 0.032461892094794116}]}, {"source": 16, "prod": 35.0, "target": 4, "value": 0.11981901858810486, "supply": [{"l": "Sunflower seed", "v": 0.089145349829550011}, {"l": "Coconuts - Incl Copra", "v": 0.01369360212435484}, {"l": "Soyabeans", "v": 0.0169800666342}]}, {"source": 16, "prod": 14.0, "target": 5, "value": 0.012027087781837713, "supply": [{"l": "Roots, Other", "v": 0.0021477762855758929}, {"l": "Potatoes", "v": 0.0098793114962618198}]}, {"source": 0, "prod": 33.0, "target": 17, "value": 0.072553064541684031, "supply": [{"l": "Beer", "v": 0.0039656206576687905}, {"l": "Beverages, Alcoholic", "v": 0.0068928983366554463}, {"l": "Fats, Animals, Raw", "v": 0.0339601332684}, {"l": "Butter, Ghee", "v": 0.0082161612746129049}, {"l": "Wine", "v": 0.0055715843643468757}, {"l": "Fish, Body Oil", "v": 0.013946666640000001}]}, {"source": 2, "prod": 162.0, "target": 17, "value": 0.28271446797789207, "supply": [{"l": "Meat, Other", "v": 0.0051768495835975599}, {"l": "Eggs", "v": 0.024275021947719942}, {"l": "Mutton & Goat Meat", "v": 0.0023743313513923726}, {"l": "Pigmeat", "v": 0.017157558619923349}, {"l": "Poultry Meat", "v": 0.020189713376030486}, {"l": "Milk - Excluding Butter", "v": 0.035988580534913293}, {"l": "Bovine Meat", "v": 0.17497967519549687}, {"l": "Offals, Edible", "v": 0.0025727373688181816}]}, {"source": 3, "prod": 3254.0, "target": 17, "value": 11.75917117055638, "supply": [{"l": "Maize", "v": 10.240272274509623}, {"l": "Barley", "v": 0.075353307754180726}, {"l": "Rice", "v": 0.0082474609366114289}, {"l": "Cereals, Other", "v": 0.028119855572560512}, {"l": "Wheat", "v": 0.49487316572044654}, {"l": "Oats", "v": 0.093116494445612902}, {"l": "Sorghum", "v": 0.81552911449790455}, {"l": "Millet", "v": 0.0036594971194396559}]}, {"source": 4, "prod": 102.0, "target": 17, "value": 0.52488382448659421, "supply": [{"l": "Sunflower seed", "v": 0.169800666342}, {"l": "Cottonseed", "v": 0.050940199902600007}, {"l": "Groundnuts", "v": 0.28716289160779412}, {"l": "Oilcrops, Other", "v": 0.012735049975650002}, {"l": "Soyabeans", "v": 0.00424501665855}]}, {"source": 9, "prod": 954.0, "target": 17, "value": 3.9411464132890544, "supply": [{"l": "Sugar", "v": 3.9242234742082305}, {"l": "Sweeteners, Other", "v": 0.012735049975650002}, {"l": "Honey", "v": 0.0041878891051740693}]}, {"source": 5, "prod": 18.0, "target": 17, "value": 0.014818967244392731, "supply": [{"l": "Potatoes", "v": 0.014818967244392731}]}, {"source": 6, "prod": 1153.0, "target": 17, "value": 0.54971303944858518, "supply": [{"l": "Fruits, Other", "v": 0.099050388699500017}, {"l": "Tomatoes", "v": 0.002572737368818182}, {"l": "Vegetables, Other", "v": 0.0050385954404154306}, {"l": "Grapes", "v": 0.041649220046150945}, {"l": "Beans", "v": 0.034270400266699336}, {"l": "Apples", "v": 0.1361332928431552}, {"l": "Lemons, Limes", "v": 0.025568888840000002}, {"l": "Pineapples", "v": 0.04732949607808621}, {"l": "Grapefruit", "v": 0.038482861297135518}, {"l": "Oranges, Mandarines", "v": 0.10874069910034047}, {"l": "Onions", "v": 0.0027609864445853659}, {"l": "Pulses, Other", "v": 0.008115473023698529}]}, {"source": 10, "prod": 3.0, "target": 17, "value": 0.002200094096717271, "supply": [{"l": "Infant food", "v": 0.0011622222200000001}, {"l": "Coffee", "v": 0.00040428730081428573}, {"l": "Tea", "v": 0.0006335845759029851}]}, {"source": 7, "prod": 164.0, "target": 17, "value": 0.14004794143215127, "supply": [{"l": "Crustaceans", "v": 0.0041270995291458343}, {"l": "Pelagic Fish", "v": 0.050514578179579168}, {"l": "Fish, Seafood", "v": 0.066564153228556813}, {"l": "Demersal Fish", "v": 0.018842110494869457}]}, {"source": 11, "prod": 103.0, "target": 17, "value": 1.059237276652103, "supply": [{"l": "Maize Germ Oil", "v": 0.33074216748354779}, {"l": "Groundnut Oil", "v": 0.29715116609849995}, {"l": "Palm Oil", "v": 0.010412305011537736}, {"l": "Sunflowerseed Oil", "v": 0.40095508907710553}, {"l": "Oilcrops Oil, Other", "v": 0.019976548981411768}]}, {"source": 18, "prod": 14.0, "target": 6, "value": 0.040040404592929339, "supply": [{"l": "Fruits, Other", "v": 0.00058958564702083329}, {"l": "Grapefruit", "v": 0.00039673052883644857}, {"l": "Beans", "v": 0.038078222518554819}, {"l": "Pineapples", "v": 0.00097586589851724154}]}, {"source": 18, "prod": 45.0, "target": 4, "value": 0.26094367106969119, "supply": [{"l": "Soyabeans", "v": 0.0424501665855}, {"l": "Groundnuts", "v": 0.21849350448419116}]}, {"source": 18, "prod": 2.0, "target": 5, "value": 0.0021477762855758929, "supply": [{"l": "Roots, Other", "v": 0.0021477762855758929}]}, {"source": 10, "prod": 1.0, "target": 19, "value": 0.0063675249878250009, "supply": [{"l": "Cocoa Beans", "v": 0.0063675249878250009}]}, {"source": 3, "prod": 304.0, "target": 19, "value": 1.0448187477578794, "supply": [{"l": "Oats", "v": 0.02738720424870968}, {"l": "Wheat", "v": 1.0174315435091696}]}, {"source": 6, "prod": 3.0, "target": 19, "value": 0.00082587872734435797, "supply": [{"l": "Oranges, Mandarines", "v": 0.00082587872734435797}]}, {"source": 18, "prod": 11.0, "target": 1, "value": 0.027734704228678374, "supply": [{"l": "Bovine Meat", "v": 0.026116369432163711}, {"l": "Eggs", "v": 0.001618334796514663}]}, {"source": 11, "prod": 34.0, "target": 19, "value": 0.34881196403682491, "supply": [{"l": "Oilcrops Oil, Other", "v": 0.009988274490705884}, {"l": "Groundnut Oil", "v": 0.13320569514760344}, {"l": "Sunflowerseed Oil", "v": 0.20561799439851561}]}, {"source": 18, "prod": 270.0, "target": 12, "value": 1.1156483843057527, "supply": [{"l": "Sugar", "v": 1.1029133343301027}, {"l": "Sweeteners, Other", "v": 0.012735049975650002}]}, {"source": 18, "prod": 1222.0, "target": 3, "value": 4.4321047208447402, "supply": [{"l": "Maize", "v": 4.2097278624939989}, {"l": "Barley", "v": 0.057964082887831329}, {"l": "Sorghum", "v": 0.15738281156977105}, {"l": "Cereals, Other", "v": 0.007029963893140128}]}, {"source": 1, "prod": 2166.0, "target": 7, "value": 2.0492036286905266, "supply": [{"l": "Pelagic Fish", "v": 1.0201480666510134}, {"l": "Crustaceans", "v": 0.011202127293395835}, {"l": "Freshwater Fish", "v": 0.0024352738986057371}, {"l": "Molluscs, Other", "v": 0.0008117579662019124}, {"l": "Demersal Fish", "v": 0.10141488884003265}, {"l": "Aquatic Plants", "v": 0.019453694941455504}, {"l": "Fish, Seafood", "v": 0.85883992824162336}, {"l": "Marine Fish, Other", "v": 0.013008922018137097}, {"l": "Cephalopods", "v": 0.0024352738986057371}, {"l": "Aquatic Products, Other", "v": 0.019453694941455504}]}, {"source": 1, "prod": 4177.0, "target": 2, "value": 5.1603726514957682, "supply": [{"l": "Poultry Meat", "v": 0.36677979299788716}, {"l": "Pigmeat", "v": 0.40320262756819863}, {"l": "Bovine Meat", "v": 1.7628549366710506}, {"l": "Eggs", "v": 0.23627688029114077}, {"l": "Milk - Excluding Butter", "v": 1.715884107646759}, {"l": "Offals, Edible", "v": 0.23025999450922729}, {"l": "Meat, Other", "v": 0.019672028417670729}, {"l": "Mutton & Goat Meat", "v": 0.44162563135898125}]}, {"source": 12, "prod": 2141.0, "target": 0, "value": 2.7702456525211097, "supply": [{"l": "Fats, Animals, Raw", "v": 0.73863289858770009}, {"l": "Alcohol, Non-Food", "v": 0.0013624578602879523}, {"l": "Beverages, Fermented", "v": 0.053111167326150691}, {"l": "Fish, Body Oil", "v": 0.051137777680000003}, {"l": "Beer", "v": 0.59031096075583989}, {"l": "Beverages, Alcoholic", "v": 0.68584338449721682}, {"l": "Butter, Ghee", "v": 0.16432322549225811}, {"l": "Wine", "v": 0.48552378032165622}]}, {"source": 12, "prod": 385.0, "target": 11, "value": 3.9597559072812634, "supply": [{"l": "Soyabean Oil", "v": 0.070750277642500012}, {"l": "Coconut Oil", "v": 0.12128619024428572}, {"l": "Maize Germ Oil", "v": 0.70282710590253905}, {"l": "Groundnut Oil", "v": 0.70701484347574128}, {"l": "Cottonseed Oil", "v": 0.13378234317854548}, {"l": "Palmkernel Oil", "v": 0.050940199902600007}, {"l": "Oilcrops Oil, Other", "v": 0.2497068622676471}, {"l": "Palm Oil", "v": 0.072886135080764164}, {"l": "Sunflowerseed Oil", "v": 1.8505619495866408}]}, {"source": 12, "prod": 2209.0, "target": 9, "value": 9.1255949261159728, "supply": [{"l": "Honey", "v": 0.0041878891051740693}, {"l": "Sweeteners, Other", "v": 0.025470099951300004}, {"l": "Sugar", "v": 9.0959369370594985}]}, {"source": 20, "prod": 0, "target": 3, "value": 0.02313981622493521, "supply": "[{\"l\":'Energy for power irrigation',\"v\":0.02313981622493521}]"}, {"source": 20, "prod": 0, "target": 4, "value": 0.0014547229381786223, "supply": "[{\"l\":'Energy for power irrigation',\"v\":0.0014547229381786223}]"}, {"source": 20, "prod": 0, "target": 13, "value": 0.037089742148661335, "supply": "[{\"l\":'Energy for power irrigation',\"v\":0.037089742148661335}]"}, {"source": 20, "prod": 0, "target": 5, "value": 0.0018076749815777702, "supply": "[{\"l\":'Energy for power irrigation',\"v\":0.0018076749815777702}]"}, {"source": 20, "prod": 0, "target": 6, "value": 0.0082913076795526897, "supply": "[{\"l\":'Energy for power irrigation',\"v\":0.0082913076795526897}]"}, {"source": 20, "prod": 0, "target": 10, "value": 5.7803560457428705e-05, "supply": "[{\"l\":'Energy for power irrigation',\"v\":5.7803560457428705e-05}]"}, {"source": 20, "prod": 0, "target": 12, "value": 1.6270000013015997, "supply": "[{\"l\":'Electricity',\"v\":1.6270000013015997}]"}, {"source": 21, "prod": 0, "target": 20, "value": 3.2193598758330695, "supply": [{"l": "Coal", "v": 3.0143175985830108}, {"l": "Natural gas", "v": 0.04322866597185443}, {"l": "Oil", "v": 0.16181361127820426}]}, {"source": 22, "prod": 0, "target": 20, "value": 0.44274742007425472, "supply": [{"l": "Nuclear", "v": 0.0}, {"l": "Hydroelectric", "v": 0.4403504562383061}, {"l": "Renewable", "v": 0.0023969638359486287}]}, {"source": 21, "prod": 0, "target": 3, "value": 17.995942566755897, "supply": [{"l": "Motor Gasoline", "v": 0.16368261737749604}, {"l": "Gas-Diesel oil", "v": 2.1557556955798192}, {"l": "Fuel oil", "v": 0.032531830620456628}, {"l": "Liquefied petroleum gas (LPG)", "v": 0.015517337249563241}, {"l": "Coal", "v": 0.23237533137362479}, {"l": "Other fossil fuels", "v": 15.396079754554936}]}, {"source": 21, "prod": 0, "target": 4, "value": 1.1313447864721828, "supply": [{"l": "Motor Gasoline", "v": 0.010290179306764352}, {"l": "Gas-Diesel oil", "v": 0.1355251584102827}, {"l": "Fuel oil", "v": 0.0020451675054153312}, {"l": "Liquefied petroleum gas (LPG)", "v": 0.00097552315096039301}, {"l": "Coal", "v": 0.014608660740001922}, {"l": "Other fossil fuels", "v": 0.96790009735875815}]}, {"source": 21, "prod": 0, "target": 13, "value": 28.844864757561993, "supply": [{"l": "Motor Gasoline", "v": 0.26235930370991178}, {"l": "Gas-Diesel oil", "v": 3.4553611881499471}, {"l": "Fuel oil", "v": 0.052143768023379798}, {"l": "Liquefied petroleum gas (LPG)", "v": 0.024872022829633762}, {"l": "Coal", "v": 0.37246368072145775}, {"l": "Other fossil fuels", "v": 24.677664794127661}]}, {"source": 21, "prod": 0, "target": 5, "value": 1.40583723014966, "supply": [{"l": "Motor Gasoline", "v": 0.012786833286671656}, {"l": "Gas-Diesel oil", "v": 0.16840693977051382}, {"l": "Fuel oil", "v": 0.0025413761175058659}, {"l": "Liquefied petroleum gas (LPG)", "v": 0.0012122093820483148}, {"l": "Coal", "v": 0.018153085952657414}, {"l": "Other fossil fuels", "v": 1.2027367856402629}]}, {"source": 21, "prod": 0, "target": 6, "value": 6.4481884970091237, "supply": [{"l": "Motor Gasoline", "v": 0.058649685428740585}, {"l": "Gas-Diesel oil", "v": 0.77243628818190624}, {"l": "Fuel oil", "v": 0.01165659288005234}, {"l": "Liquefied petroleum gas (LPG)", "v": 0.0055600708429512577}, {"l": "Coal", "v": 0.083263209648162667}, {"l": "Other fossil fuels", "v": 5.5166226500273101}]}, {"source": 21, "prod": 0, "target": 10, "value": 0.044954097475715875, "supply": [{"l": "Motor Gasoline", "v": 0.00040888129695752394}, {"l": "Gas-Diesel oil", "v": 0.0053851056321966642}, {"l": "Fuel oil", "v": 8.1264933990013165e-05}, {"l": "Liquefied petroleum gas (LPG)", "v": 3.8762509309684487e-05}, {"l": "Coal", "v": 0.00058047658569544062}, {"l": "Other fossil fuels", "v": 0.038459606517566552}]}, {"source": 21, "prod": 0, "target": 1, "value": 1.2901698343654688, "supply": [{"l": "Gas-diesel oils used in fisheries", "v": 0.85294083401568577}, {"l": "Fuel oil used in fisheries", "v": 0.43722900034978318}]}, {"source": 23, "prod": 77.167429763698436, "target": 3, "value": 0.90282109874037308, "supply": [{"l": "Potash", "v": 0.10988845607731348}, {"l": "Phosphate", "v": 0.27269130562839722}, {"l": "Nitrogen", "v": 2.4203652096229793}]}, {"source": 23, "prod": 4.8512585003407551, "target": 4, "value": 0.056757346240027234, "supply": [{"l": "Potash", "v": 0.10988845607731348}, {"l": "Phosphate", "v": 0.27269130562839722}, {"l": "Nitrogen", "v": 2.4203652096229793}]}, {"source": 23, "prod": 123.6881073033899, "target": 13, "value": 1.4470902203003693, "supply": [{"l": "Potash", "v": 0.10988845607731348}, {"l": "Phosphate", "v": 0.27269130562839722}, {"l": "Nitrogen", "v": 2.4203652096229793}]}, {"source": 23, "prod": 6.028294728900252, "target": 5, "value": 0.07052809310019037, "supply": [{"l": "Potash", "v": 0.10988845607731348}, {"l": "Phosphate", "v": 0.27269130562839722}, {"l": "Nitrogen", "v": 2.4203652096229793}]}, {"source": 23, "prod": 27.650128972140834, "target": 6, "value": 0.32349295415673557, "supply": [{"l": "Potash", "v": 0.10988845607731348}, {"l": "Phosphate", "v": 0.27269130562839722}, {"l": "Nitrogen", "v": 2.4203652096229793}]}, {"source": 23, "prod": 0.19276523842413598, "target": 10, "value": 0.00225525879099446, "supply": [{"l": "Potash", "v": 0.10988845607731348}, {"l": "Phosphate", "v": 0.27269130562839722}, {"l": "Nitrogen", "v": 2.4203652096229793}]}, {"source": 21, "prod": 0, "target": 23, "value": 3.4044127144408494, "supply": [{"l": "Natural gas (including LNG)", "v": 2.2925966730272256}, {"l": "Fuel oil", "v": 0.68396521168882951}, {"l": "Liquefied petroleum gas (LPG)", "v": 0.21392541486239716}, {"l": "Coal", "v": 0.21392541486239716}]}, {"source": 24, "prod": 0, "target": 3, "value": 0.53545123598390887, "supply": "[{\"l\":'Labor',\"v\":0.53545123598390887}]"}, {"source": 24, "prod": 0, "target": 4, "value": 0.033662030315630469, "supply": "[{\"l\":'Labor',\"v\":0.033662030315630469}]"}, {"source": 24, "prod": 0, "target": 13, "value": 0.85825004324902743, "supply": "[{\"l\":'Labor',\"v\":0.85825004324902743}]"}, {"source": 24, "prod": 0, "target": 5, "value": 0.041829277887694929, "supply": "[{\"l\":'Labor',\"v\":0.041829277887694929}]"}, {"source": 24, "prod": 0, "target": 6, "value": 0.19185938651298834, "supply": "[{\"l\":'Labor',\"v\":0.19185938651298834}]"}, {"source": 24, "prod": 0, "target": 10, "value": 0.0013375641185018731, "supply": "[{\"l\":'Labor',\"v\":0.0013375641185018731}]"}, {"source": 21, "prod": 0, "target": 16, "value": 3.8804413641859674, "supply": "[{\"l\":'Fossil Fuels',\"v\":3.8804413641859674}]"}, {"source": 22, "prod": 0, "target": 16, "value": 5.9739984271273983, "supply": "[{\"l\":'Renewables & Nuclear',\"v\":0.13917785159361226},{\"l\":'Biomass & Waste',\"v\":5.8348205755337856}]"}]}