{"nodes": [{"layer": 3, "name": "Maize"}, {"layer": 5, "name": "Production", "fill": "#b5cf6b"}, {"layer": 3, "name": "Vegetables, Other"}, {"layer": 3, "name": "Rye"}, {"layer": 3, "name": "Fruits, Other"}, {"layer": 3, "name": "Barley"}, {"layer": 3, "name": "Rice"}, {"layer": 3, "name": "Tomatoes"}, {"layer": 3, "name": "Sunflower seed"}, {"layer": 3, "name": "Cereals, Other"}, {"layer": 3, "name": "Wheat"}, {"layer": 3, "name": "Roots, Other"}, {"layer": 3, "name": "Peas"}, {"layer": 3, "name": "Soyabeans"}, {"layer": 3, "name": "Grapes"}, {"layer": 3, "name": "Groundnuts"}, {"layer": 3, "name": "Oilcrops, Other"}, {"layer": 3, "name": "Oats"}, {"layer": 3, "name": "Pulses, Other"}, {"layer": 3, "name": "Cottonseed"}, {"layer": 3, "name": "Potatoes"}, {"layer": 3, "name": "Pimento"}, {"layer": 3, "name": "Grapefruit"}, {"layer": 3, "name": "Sugar cane"}, {"layer": 3, "name": "Pineapples"}, {"layer": 3, "name": "Beans"}, {"layer": 3, "name": "Apples"}, {"layer": 3, "name": "Lemons, Limes"}, {"layer": 3, "name": "Sorghum"}, {"layer": 3, "name": "Bananas"}, {"layer": 3, "name": "Citrus, Other"}, {"layer": 3, "name": "Tea"}, {"layer": 3, "name": "Millet"}, {"layer": 3, "name": "Sweet potatoes"}, {"layer": 3, "name": "Oranges, Mandarines"}, {"layer": 3, "name": "Onions"}, {"layer": 1, "name": "Electricity", "fill": "#bcbd22"}, {"layer": 0, "name": "Fossil Fuels", "fill": "#c49c94"}, {"layer": 0, "name": "Renewables & Nuclear", "fill": "#2ca02c"}, {"layer": 1, "name": "Fertilizers", "fill": "#c5b0d5"}, {"layer": 0, "name": "Labor", "fill": "#7f7f7f"}], "links": [{"source": 0, "prod": 4548.0, "target": 1, "value": 16.554658035712723, "supply": [{"l": "Maize", "v": 16.554658035712723}]}, {"source": 2, "prod": 1270.0, "target": 1, "value": 0.41088633773453159, "supply": [{"l": "Vegetables, Other", "v": 0.41088633773453159}]}, {"source": 3, "prod": 6.0, "target": 1, "value": 0.019592384577923075, "supply": [{"l": "Rye", "v": 0.019592384577923075}]}, {"source": 4, "prod": 545.0, "target": 1, "value": 0.33084246276543922, "supply": [{"l": "Fruits, Other", "v": 0.33084246276543922}]}, {"source": 5, "prod": 154.0, "target": 1, "value": 0.4717657688574125, "supply": [{"l": "Barley", "v": 0.4717657688574125}]}, {"source": 6, "prod": 3.0, "target": 1, "value": 0.01241849997625526, "supply": [{"l": "Rice", "v": 0.01241849997625526}]}, {"source": 7, "prod": 366.0, "target": 1, "value": 0.085460731409752494, "supply": [{"l": "Tomatoes", "v": 0.085460731409752494}]}, {"source": 8, "prod": 218.0, "target": 1, "value": 0.84128511960354546, "supply": [{"l": "Sunflower seed", "v": 0.84128511960354546}]}, {"source": 9, "prod": 10.0, "target": 1, "value": 0.034574796313981901, "supply": [{"l": "Cereals, Other", "v": 0.034574796313981901}]}, {"source": 10, "prod": 1804.0, "target": 1, "value": 6.244147790891394, "supply": [{"l": "Wheat", "v": 6.244147790891394}]}, {"source": 11, "prod": 276.0, "target": 1, "value": 0.29336453152045072, "supply": [{"l": "Roots, Other", "v": 0.29336453152045072}]}, {"source": 12, "prod": 7.0, "target": 1, "value": 0.024762597174875004, "supply": [{"l": "Peas", "v": 0.024762597174875004}]}, {"source": 13, "prod": 29.0, "target": 1, "value": 0.11191407554359092, "supply": [{"l": "Soyabeans", "v": 0.11191407554359092}]}, {"source": 14, "prod": 1245.0, "target": 1, "value": 0.90497358559841612, "supply": [{"l": "Grapes", "v": 0.90497358559841612}]}, {"source": 15, "prod": 67.0, "target": 1, "value": 0.3709775427689348, "supply": [{"l": "Groundnuts", "v": 0.3709775427689348}]}, {"source": 16, "prod": 16.0, "target": 1, "value": 0.061745696851636368, "supply": [{"l": "Oilcrops, Other", "v": 0.061745696851636368}]}, {"source": 17, "prod": 84.0, "target": 1, "value": 0.20975376430482354, "supply": [{"l": "Oats", "v": 0.20975376430482354}]}, {"source": 18, "prod": 36.0, "target": 1, "value": 0.14326931222606251, "supply": [{"l": "Pulses, Other", "v": 0.14326931222606251}]}, {"source": 19, "prod": 50.0, "target": 1, "value": 0.19295530266136363, "supply": [{"l": "Cottonseed", "v": 0.19295530266136363}]}, {"source": 20, "prod": 879.0, "target": 1, "value": 0.73564790330315555, "supply": [{"l": "Potatoes", "v": 0.73564790330315555}]}, {"source": 21, "prod": 7.0, "target": 1, "value": 0.028300111057000001, "supply": [{"l": "Pimento", "v": 0.028300111057000001}]}, {"source": 22, "prod": 89.0, "target": 1, "value": 0.10343777758, "supply": [{"l": "Grapefruit", "v": 0.10343777758}]}, {"source": 23, "prod": 16985.0, "target": 1, "value": 6.4185407666592074, "supply": [{"l": "Sugar cane", "v": 6.4185407666592074}]}, {"source": 24, "prod": 247.0, "target": 1, "value": 0.087134552464973675, "supply": [{"l": "Pineapples", "v": 0.087134552464973675}]}, {"source": 25, "prod": 55.0, "target": 1, "value": 0.2086039113995361, "supply": [{"l": "Beans", "v": 0.2086039113995361}]}, {"source": 26, "prod": 360.0, "target": 1, "value": 0.17926170053700879, "supply": [{"l": "Apples", "v": 0.17926170053700879}]}, {"source": 27, "prod": 49.0, "target": 1, "value": 0.018909619660813635, "supply": [{"l": "Lemons, Limes", "v": 0.018909619660813635}]}, {"source": 28, "prod": 264.0, "target": 1, "value": 0.94231721141145952, "supply": [{"l": "Sorghum", "v": 0.94231721141145952}]}, {"source": 29, "prod": 117.0, "target": 1, "value": 0.081154730236985287, "supply": [{"l": "Bananas", "v": 0.081154730236985287}]}, {"source": 30, "prod": 5.0, "target": 1, "value": 0.0027624988963841478, "supply": [{"l": "Citrus, Other", "v": 0.0027624988963841478}]}, {"source": 31, "prod": 7.0, "target": 1, "value": 0.00424501665855, "supply": [{"l": "Tea", "v": 0.00424501665855}]}, {"source": 32, "prod": 55.0, "target": 1, "value": 0.20302253584369567, "supply": [{"l": "Millet", "v": 0.20302253584369567}]}, {"source": 33, "prod": 48.0, "target": 1, "value": 0.051803593121288134, "supply": [{"l": "Sweet potatoes", "v": 0.051803593121288134}]}, {"source": 34, "prod": 577.0, "target": 1, "value": 0.14844694618080909, "supply": [{"l": "Oranges, Mandarines", "v": 0.14844694618080909}]}, {"source": 35, "prod": 167.0, "target": 1, "value": 0.068001705705309362, "supply": [{"l": "Onions", "v": 0.068001705705309362}]}, {"source": 36, "prod": 0, "target": 0, "value": 0.02550966434486418, "supply": "[{\"l\":'Energy for power irrigation',\"v\":0.02550966434486418}]"}, {"source": 36, "prod": 0, "target": 11, "value": 0.00081536390957527669, "supply": "[{\"l\":'Energy for power irrigation',\"v\":0.00081536390957527669}]"}, {"source": 36, "prod": 0, "target": 3, "value": 1.7725302382071233e-05, "supply": "[{\"l\":'Energy for power irrigation',\"v\":1.7725302382071233e-05}]"}, {"source": 36, "prod": 0, "target": 4, "value": 0.0016499302300644638, "supply": "[{\"l\":'Energy for power irrigation',\"v\":0.0016499302300644638}]"}, {"source": 36, "prod": 0, "target": 30, "value": 1.4771085318392692e-05, "supply": "[{\"l\":'Energy for power irrigation',\"v\":1.4771085318392692e-05}]"}, {"source": 36, "prod": 0, "target": 22, "value": 0.00031757833434544288, "supply": "[{\"l\":'Energy for power irrigation',\"v\":0.00031757833434544288}]"}, {"source": 36, "prod": 0, "target": 5, "value": 0.00056573256769444017, "supply": "[{\"l\":'Energy for power irrigation',\"v\":0.00056573256769444017}]"}, {"source": 36, "prod": 0, "target": 6, "value": 0.00028065062104946117, "supply": "[{\"l\":'Energy for power irrigation',\"v\":0.00028065062104946117}]"}, {"source": 36, "prod": 0, "target": 7, "value": 0.0010886289879655415, "supply": "[{\"l\":'Energy for power irrigation',\"v\":0.0010886289879655415}]"}, {"source": 36, "prod": 0, "target": 8, "value": 0.00068094703317790313, "supply": "[{\"l\":'Energy for power irrigation',\"v\":0.00068094703317790313}]"}, {"source": 36, "prod": 0, "target": 9, "value": 0.00014032531052473059, "supply": "[{\"l\":'Energy for power irrigation',\"v\":0.00014032531052473059}]"}, {"source": 36, "prod": 0, "target": 10, "value": 0.0074209932639604887, "supply": "[{\"l\":'Energy for power irrigation',\"v\":0.0074209932639604887}]"}, {"source": 36, "prod": 0, "target": 2, "value": 0.0038345737486547432, "supply": "[{\"l\":'Energy for power irrigation',\"v\":0.0038345737486547432}]"}, {"source": 36, "prod": 0, "target": 12, "value": 2.6587953573106848e-05, "supply": "[{\"l\":'Energy for power irrigation',\"v\":2.6587953573106848e-05}]"}, {"source": 36, "prod": 0, "target": 19, "value": 0.00014623374465208764, "supply": "[{\"l\":'Energy for power irrigation',\"v\":0.00014623374465208764}]"}, {"source": 36, "prod": 0, "target": 14, "value": 0.0036794773528116193, "supply": "[{\"l\":'Energy for power irrigation',\"v\":0.0036794773528116193}]"}, {"source": 36, "prod": 0, "target": 15, "value": 0.00025258555894451502, "supply": "[{\"l\":'Energy for power irrigation',\"v\":0.00025258555894451502}]"}, {"source": 36, "prod": 0, "target": 16, "value": 5.7607232741731499e-05, "supply": "[{\"l\":'Energy for power irrigation',\"v\":5.7607232741731499e-05}]"}, {"source": 36, "prod": 0, "target": 17, "value": 0.00024372290775347944, "supply": "[{\"l\":'Energy for power irrigation',\"v\":0.00024372290775347944}]"}, {"source": 36, "prod": 0, "target": 13, "value": 9.0103620442195424e-05, "supply": "[{\"l\":'Energy for power irrigation',\"v\":9.0103620442195424e-05}]"}, {"source": 36, "prod": 0, "target": 20, "value": 0.0026292531866738992, "supply": "[{\"l\":'Energy for power irrigation',\"v\":0.0026292531866738992}]"}, {"source": 36, "prod": 0, "target": 21, "value": 2.0679519445749767e-05, "supply": "[{\"l\":'Energy for power irrigation',\"v\":2.0679519445749767e-05}]"}, {"source": 36, "prod": 0, "target": 25, "value": 0.00025849399307187212, "supply": "[{\"l\":'Energy for power irrigation',\"v\":0.00025849399307187212}]"}, {"source": 36, "prod": 0, "target": 18, "value": 0.00011816868254714154, "supply": "[{\"l\":'Energy for power irrigation',\"v\":0.00011816868254714154}]"}, {"source": 36, "prod": 0, "target": 27, "value": 0.00014327952758840911, "supply": "[{\"l\":'Energy for power irrigation',\"v\":0.00014327952758840911}]"}, {"source": 36, "prod": 0, "target": 28, "value": 0.0010635181429242738, "supply": "[{\"l\":'Energy for power irrigation',\"v\":0.0010635181429242738}]"}, {"source": 36, "prod": 0, "target": 23, "value": 0.050177376826579974, "supply": "[{\"l\":'Energy for power irrigation',\"v\":0.050177376826579974}]"}, {"source": 36, "prod": 0, "target": 24, "value": 0.00072378318060124195, "supply": "[{\"l\":'Energy for power irrigation',\"v\":0.00072378318060124195}]"}, {"source": 36, "prod": 0, "target": 29, "value": 0.00035155183057774609, "supply": "[{\"l\":'Energy for power irrigation',\"v\":0.00035155183057774609}]"}, {"source": 36, "prod": 0, "target": 31, "value": 4.8744581550695884e-05, "supply": "[{\"l\":'Energy for power irrigation',\"v\":4.8744581550695884e-05}]"}, {"source": 36, "prod": 0, "target": 32, "value": 0.00016543615556599813, "supply": "[{\"l\":'Energy for power irrigation',\"v\":0.00016543615556599813}]"}, {"source": 36, "prod": 0, "target": 33, "value": 0.00014180241905656986, "supply": "[{\"l\":'Energy for power irrigation',\"v\":0.00014180241905656986}]"}, {"source": 36, "prod": 0, "target": 34, "value": 0.0017621904784842482, "supply": "[{\"l\":'Energy for power irrigation',\"v\":0.0017621904784842482}]"}, {"source": 36, "prod": 0, "target": 35, "value": 0.0004948313581661552, "supply": "[{\"l\":'Energy for power irrigation',\"v\":0.0004948313581661552}]"}, {"source": 36, "prod": 0, "target": 26, "value": 0.0010620410343924345, "supply": "[{\"l\":'Energy for power irrigation',\"v\":0.0010620410343924345}]"}, {"source": 37, "prod": 0, "target": 36, "value": 0.21819677089860043, "supply": [{"l": "Coal", "v": 0.20252212519854723}, {"l": "Natural gas", "v": 0.0078024472045869556}, {"l": "Oil", "v": 0.0078721984954662448}]}, {"source": 38, "prod": 0, "target": 36, "value": 0.020550707161288019, "supply": [{"l": "Nuclear", "v": 0.0}, {"l": "Hydroelectric", "v": 0.020422224685192818}, {"l": "Renewable", "v": 0.00012848247609520164}]}, {"source": 37, "prod": 0, "target": 0, "value": 18.037517567139897, "supply": [{"l": "Motor Gasoline", "v": 0.12219411088553619}, {"l": "Gas-Diesel oil", "v": 1.6093379659263871}, {"l": "Fuel oil", "v": 0.024286012661794656}, {"l": "Liquefied petroleum gas (LPG)", "v": 0.01158416977258137}, {"l": "Coal", "v": 0.1734753357679128}, {"l": "Other fossil fuels", "v": 16.096639972125683}]}, {"source": 37, "prod": 0, "target": 11, "value": 0.57653211911182534, "supply": [{"l": "Motor Gasoline", "v": 0.0039056832199661829}, {"l": "Gas-Diesel oil", "v": 0.051439175286124246}, {"l": "Fuel oil", "v": 0.00077625240239204694}, {"l": "Liquefied petroleum gas (LPG)", "v": 0.00037026414096496331}, {"l": "Coal", "v": 0.0055447820118058981}, {"l": "Other fossil fuels", "v": 0.51449596205057191}]}, {"source": 37, "prod": 0, "target": 3, "value": 0.012533306937213594, "supply": [{"l": "Motor Gasoline", "v": 8.4906156955786587e-05}, {"l": "Gas-Diesel oil", "v": 0.0011182429410027011}, {"l": "Fuel oil", "v": 1.6875052225914064e-05}, {"l": "Liquefied petroleum gas (LPG)", "v": 8.0492204557600724e-06}, {"l": "Coal", "v": 0.00012053873938708474}, {"l": "Other fossil fuels", "v": 0.011184694827186347}]}, {"source": 37, "prod": 0, "target": 4, "value": 1.166641987405632, "supply": [{"l": "Motor Gasoline", "v": 0.0079033481099678015}, {"l": "Gas-Diesel oil", "v": 0.10408978042500142}, {"l": "Fuel oil", "v": 0.0015707861113621673}, {"l": "Liquefied petroleum gas (LPG)", "v": 0.00074924827075700004}, {"l": "Coal", "v": 0.011220147657947805}, {"l": "Other fossil fuels", "v": 1.0411086768305957}]}, {"source": 37, "prod": 0, "target": 30, "value": 0.010444422447677994, "supply": [{"l": "Motor Gasoline", "v": 7.0755130796488816e-05}, {"l": "Gas-Diesel oil", "v": 0.00093186911750225076}, {"l": "Fuel oil", "v": 1.4062543521595051e-05}, {"l": "Liquefied petroleum gas (LPG)", "v": 6.7076837131333923e-06}, {"l": "Coal", "v": 0.00010044894948923727}, {"l": "Other fossil fuels", "v": 0.0093205790226552881}]}, {"source": 37, "prod": 0, "target": 22, "value": 0.2245550826250769, "supply": [{"l": "Motor Gasoline", "v": 0.0015212353121245095}, {"l": "Gas-Diesel oil", "v": 0.020035186026298394}, {"l": "Fuel oil", "v": 0.00030234468571429363}, {"l": "Liquefied petroleum gas (LPG)", "v": 0.00014421519983236794}, {"l": "Coal", "v": 0.0021596524140186017}, {"l": "Other fossil fuels", "v": 0.20039244898708872}]}, {"source": 37, "prod": 0, "target": 5, "value": 0.40002137974606722, "supply": [{"l": "Motor Gasoline", "v": 0.0027099215095055217}, {"l": "Gas-Diesel oil", "v": 0.035690587200336209}, {"l": "Fuel oil", "v": 0.00053859541687709047}, {"l": "Liquefied petroleum gas (LPG)", "v": 0.00025690428621300893}, {"l": "Coal", "v": 0.0038471947654377878}, {"l": "Other fossil fuels", "v": 0.35697817656769759}]}, {"source": 37, "prod": 0, "target": 6, "value": 0.19844402650588189, "supply": [{"l": "Motor Gasoline", "v": 0.0013443474851332876}, {"l": "Gas-Diesel oil", "v": 0.017705513232542765}, {"l": "Fuel oil", "v": 0.00026718832691030603}, {"l": "Liquefied petroleum gas (LPG)", "v": 0.00012744599054953447}, {"l": "Coal", "v": 0.0019085300402955083}, {"l": "Other fossil fuels", "v": 0.17709100143045051}]}, {"source": 37, "prod": 0, "target": 7, "value": 0.76975393439386819, "supply": [{"l": "Motor Gasoline", "v": 0.0052146531397012259}, {"l": "Gas-Diesel oil", "v": 0.068678753959915892}, {"l": "Fuel oil", "v": 0.0010364094575415555}, {"l": "Liquefied petroleum gas (LPG)", "v": 0.00049435628965793104}, {"l": "Coal", "v": 0.0074030875773567883}, {"l": "Other fossil fuels", "v": 0.68692667396969476}]}, {"source": 37, "prod": 0, "target": 8, "value": 0.48148787483795552, "supply": [{"l": "Motor Gasoline", "v": 0.0032618115297181343}, {"l": "Gas-Diesel oil", "v": 0.042959166316853759}, {"l": "Fuel oil", "v": 0.00064828325634553186}, {"l": "Liquefied petroleum gas (LPG)", "v": 0.00030922421917544942}, {"l": "Coal", "v": 0.0046306965714538384}, {"l": "Other fossil fuels", "v": 0.4296786929444088}]}, {"source": 37, "prod": 0, "target": 9, "value": 0.099222013252940944, "supply": [{"l": "Motor Gasoline", "v": 0.00067217374256664378}, {"l": "Gas-Diesel oil", "v": 0.0088527566162713827}, {"l": "Fuel oil", "v": 0.00013359416345515301}, {"l": "Liquefied petroleum gas (LPG)", "v": 6.3722995274767235e-05}, {"l": "Coal", "v": 0.00095426502014775416}, {"l": "Other fossil fuels", "v": 0.088545500715225253}]}, {"source": 37, "prod": 0, "target": 10, "value": 5.2472778377134244, "supply": [{"l": "Motor Gasoline", "v": 0.035547377712155978}, {"l": "Gas-Diesel oil", "v": 0.46817104463313081}, {"l": "Fuel oil", "v": 0.0070650218652493543}, {"l": "Liquefied petroleum gas (LPG)", "v": 0.0033699402974782166}, {"l": "Coal", "v": 0.050465552223392808}, {"l": "Other fossil fuels", "v": 4.682658900982017}]}, {"source": 37, "prod": 0, "target": 2, "value": 2.7113720674172073, "supply": [{"l": "Motor Gasoline", "v": 0.018368031954768497}, {"l": "Gas-Diesel oil", "v": 0.2419132229035843}, {"l": "Fuel oil", "v": 0.0036506362982060758}, {"l": "Liquefied petroleum gas (LPG)", "v": 0.0017413146919294288}, {"l": "Coal", "v": 0.026076547287405997}, {"l": "Other fossil fuels", "v": 2.4196223142813129}]}, {"source": 37, "prod": 0, "target": 12, "value": 0.018799960405820389, "supply": [{"l": "Motor Gasoline", "v": 0.00012735923543367986}, {"l": "Gas-Diesel oil", "v": 0.0016773644115040515}, {"l": "Fuel oil", "v": 2.5312578338871094e-05}, {"l": "Liquefied petroleum gas (LPG)", "v": 1.2073830683640107e-05}, {"l": "Coal", "v": 0.00018080810908062712}, {"l": "Other fossil fuels", "v": 0.01677704224077952}]}, {"source": 37, "prod": 0, "target": 19, "value": 0.10339978223201214, "supply": [{"l": "Motor Gasoline", "v": 0.00070047579488523922}, {"l": "Gas-Diesel oil", "v": 0.0092255042632722831}, {"l": "Fuel oil", "v": 0.00013921918086379101}, {"l": "Liquefied petroleum gas (LPG)", "v": 6.6406068760020587e-05}, {"l": "Coal", "v": 0.00099444459994344901}, {"l": "Other fossil fuels", "v": 0.092273732324287358}]}, {"source": 37, "prod": 0, "target": 14, "value": 2.6017056317165883, "supply": [{"l": "Motor Gasoline", "v": 0.017625103081405361}, {"l": "Gas-Diesel oil", "v": 0.23212859716981066}, {"l": "Fuel oil", "v": 0.003502979591229327}, {"l": "Liquefied petroleum gas (LPG)", "v": 0.0016708840129415279}, {"l": "Coal", "v": 0.025021833317769006}, {"l": "Other fossil fuels", "v": 2.3217562345434324}]}, {"source": 37, "prod": 0, "target": 15, "value": 0.17859962385529371, "supply": [{"l": "Motor Gasoline", "v": 0.0012099127366199587}, {"l": "Gas-Diesel oil", "v": 0.015934961909288489}, {"l": "Fuel oil", "v": 0.00024046949421927539}, {"l": "Liquefied petroleum gas (LPG)", "v": 0.00011470139149458101}, {"l": "Coal", "v": 0.0017176770362659574}, {"l": "Other fossil fuels", "v": 0.15938190128740543}]}, {"source": 37, "prod": 0, "target": 16, "value": 0.040733247545944179, "supply": [{"l": "Motor Gasoline", "v": 0.0002759450101063064}, {"l": "Gas-Diesel oil", "v": 0.0036342895582587784}, {"l": "Fuel oil", "v": 5.4843919734220705e-05}, {"l": "Liquefied petroleum gas (LPG)", "v": 2.6159966481220231e-05}, {"l": "Coal", "v": 0.00039175090300802541}, {"l": "Other fossil fuels", "v": 0.036350258188355626}]}, {"source": 37, "prod": 0, "target": 17, "value": 0.17233297038668691, "supply": [{"l": "Motor Gasoline", "v": 0.0011674596581420656}, {"l": "Gas-Diesel oil", "v": 0.015375840438787139}, {"l": "Fuel oil", "v": 0.00023203196810631839}, {"l": "Liquefied petroleum gas (LPG)", "v": 0.00011067678126670099}, {"l": "Coal", "v": 0.0016574076665724152}, {"l": "Other fossil fuels", "v": 0.15378955387381227}]}, {"source": 37, "prod": 0, "target": 13, "value": 0.063710976930835758, "supply": [{"l": "Motor Gasoline", "v": 0.00043160629785858178}, {"l": "Gas-Diesel oil", "v": 0.0056844016167637299}, {"l": "Fuel oil", "v": 8.5781515481729822e-05}, {"l": "Liquefied petroleum gas (LPG)", "v": 4.0916870650113697e-05}, {"l": "Coal", "v": 0.00061273859188434735}, {"l": "Other fossil fuels", "v": 0.056855532038197258}]}, {"source": 37, "prod": 0, "target": 20, "value": 1.8591071956866829, "supply": [{"l": "Motor Gasoline", "v": 0.012594413281775008}, {"l": "Gas-Diesel oil", "v": 0.16587270291540063}, {"l": "Fuel oil", "v": 0.0025031327468439191}, {"l": "Liquefied petroleum gas (LPG)", "v": 0.0011939677009377438}, {"l": "Coal", "v": 0.017879913009084234}, {"l": "Other fossil fuels", "v": 1.6590630660326413}]}, {"source": 37, "prod": 0, "target": 21, "value": 0.014622191426749191, "supply": [{"l": "Motor Gasoline", "v": 9.9057183115084331e-05}, {"l": "Gas-Diesel oil", "v": 0.0013046167645031511}, {"l": "Fuel oil", "v": 1.9687560930233072e-05}, {"l": "Liquefied petroleum gas (LPG)", "v": 9.3907571983867501e-06}, {"l": "Coal", "v": 0.00014062852928493219}, {"l": "Other fossil fuels", "v": 0.013048810631717403}]}, {"source": 37, "prod": 0, "target": 25, "value": 0.18277739283436489, "supply": [{"l": "Motor Gasoline", "v": 0.0012382147889385541}, {"l": "Gas-Diesel oil", "v": 0.016307709556289386}, {"l": "Fuel oil", "v": 0.00024609451162791341}, {"l": "Liquefied petroleum gas (LPG)", "v": 0.00011738446497983437}, {"l": "Coal", "v": 0.0017578566160616523}, {"l": "Other fossil fuels", "v": 0.16311013289646753}]}, {"source": 37, "prod": 0, "target": 18, "value": 0.08355537958142395, "supply": [{"l": "Motor Gasoline", "v": 0.00056604104637191053}, {"l": "Gas-Diesel oil", "v": 0.0074549529400180061}, {"l": "Fuel oil", "v": 0.00011250034817276041}, {"l": "Liquefied petroleum gas (LPG)", "v": 5.3661469705067138e-05}, {"l": "Coal", "v": 0.00080359159591389818}, {"l": "Other fossil fuels", "v": 0.074564632181242305}]}, {"source": 37, "prod": 0, "target": 27, "value": 0.10131089774247655, "supply": [{"l": "Motor Gasoline", "v": 0.0006863247687259415}, {"l": "Gas-Diesel oil", "v": 0.0090391304397718329}, {"l": "Fuel oil", "v": 0.00013640667215947201}, {"l": "Liquefied petroleum gas (LPG)", "v": 6.5064532017393911e-05}, {"l": "Coal", "v": 0.00097435481004560164}, {"l": "Other fossil fuels", "v": 0.090409616519756306}]}, {"source": 37, "prod": 0, "target": 28, "value": 0.7519984162328156, "supply": [{"l": "Motor Gasoline", "v": 0.0050943694173471946}, {"l": "Gas-Diesel oil", "v": 0.067094576460162064}, {"l": "Fuel oil", "v": 0.0010125031335548437}, {"l": "Liquefied petroleum gas (LPG)", "v": 0.00048295322734560431}, {"l": "Coal", "v": 0.0072323243632250846}, {"l": "Other fossil fuels", "v": 0.67108168963118076}]}, {"source": 37, "prod": 0, "target": 23, "value": 35.479703054762147, "supply": [{"l": "Motor Gasoline", "v": 0.24035517931567249}, {"l": "Gas-Diesel oil", "v": 3.1655593921551461}, {"l": "Fuel oil", "v": 0.047770460342858395}, {"l": "Liquefied petroleum gas (LPG)", "v": 0.022786001573514136}, {"l": "Coal", "v": 0.34122508141493901}, {"l": "Other fossil fuels", "v": 31.662006939960015}]}, {"source": 37, "prod": 0, "target": 24, "value": 0.51177669993622166, "supply": [{"l": "Motor Gasoline", "v": 0.0034670014090279521}, {"l": "Gas-Diesel oil", "v": 0.045661586757610291}, {"l": "Fuel oil", "v": 0.00068906463255815752}, {"l": "Liquefied petroleum gas (LPG)", "v": 0.00032867650194353624}, {"l": "Coal", "v": 0.0049219985249726265}, {"l": "Other fossil fuels", "v": 0.45670837211010912}]}, {"source": 37, "prod": 0, "target": 29, "value": 0.24857725425473629, "supply": [{"l": "Motor Gasoline", "v": 0.0016839721129564339}, {"l": "Gas-Diesel oil", "v": 0.022178484996553571}, {"l": "Fuel oil", "v": 0.00033468853581396224}, {"l": "Liquefied petroleum gas (LPG)", "v": 0.00015964287237257475}, {"l": "Coal", "v": 0.0023906849978438472}, {"l": "Other fossil fuels", "v": 0.22182978073919588}]}, {"source": 37, "prod": 0, "target": 31, "value": 0.034466594077337383, "supply": [{"l": "Motor Gasoline", "v": 0.00023349193162841309}, {"l": "Gas-Diesel oil", "v": 0.0030751680877574277}, {"l": "Fuel oil", "v": 4.6406393621263672e-05}, {"l": "Liquefied petroleum gas (LPG)", "v": 2.2135356253340197e-05}, {"l": "Coal", "v": 0.00033148153331448302}, {"l": "Other fossil fuels", "v": 0.030757910774762452}]}, {"source": 37, "prod": 0, "target": 32, "value": 0.11697753141399353, "supply": [{"l": "Motor Gasoline", "v": 0.00079245746492067465}, {"l": "Gas-Diesel oil", "v": 0.010436934116025209}, {"l": "Fuel oil", "v": 0.00015750048744186457}, {"l": "Liquefied petroleum gas (LPG)", "v": 7.5126057587094e-05}, {"l": "Coal", "v": 0.0011250282342794575}, {"l": "Other fossil fuels", "v": 0.10439048505373923}]}, {"source": 37, "prod": 0, "target": 33, "value": 0.10026645549770875, "supply": [{"l": "Motor Gasoline", "v": 0.0006792492556462927}, {"l": "Gas-Diesel oil", "v": 0.0089459435280216087}, {"l": "Fuel oil", "v": 0.00013500041780731251}, {"l": "Liquefied petroleum gas (LPG)", "v": 6.439376364608058e-05}, {"l": "Coal", "v": 0.0009643099150966779}, {"l": "Other fossil fuels", "v": 0.089477558617490779}]}, {"source": 37, "prod": 0, "target": 34, "value": 1.2460195980079847, "supply": [{"l": "Motor Gasoline", "v": 0.0084410871040211163}, {"l": "Gas-Diesel oil", "v": 0.11117198571801852}, {"l": "Fuel oil", "v": 0.0016776614421262898}, {"l": "Liquefied petroleum gas (LPG)", "v": 0.00080022666697681375}, {"l": "Coal", "v": 0.011983559674066007}, {"l": "Other fossil fuels", "v": 1.1119450774027759}]}, {"source": 37, "prod": 0, "target": 35, "value": 0.34988815199721279, "supply": [{"l": "Motor Gasoline", "v": 0.0023702968816823756}, {"l": "Gas-Diesel oil", "v": 0.031217615436325404}, {"l": "Fuel oil", "v": 0.00047109520797343425}, {"l": "Liquefied petroleum gas (LPG)", "v": 0.00022470740438996866}, {"l": "Coal", "v": 0.0033650398078894491}, {"l": "Other fossil fuels", "v": 0.31223939725895217}]}, {"source": 37, "prod": 0, "target": 26, "value": 0.75095397398804775, "supply": [{"l": "Motor Gasoline", "v": 0.0050872939042675459}, {"l": "Gas-Diesel oil", "v": 0.067001389548411824}, {"l": "Fuel oil", "v": 0.0010110968792026841}, {"l": "Liquefied petroleum gas (LPG)", "v": 0.00048228245897429092}, {"l": "Coal", "v": 0.0072222794682761599}, {"l": "Other fossil fuels", "v": 0.67014963172891517}]}, {"source": 39, "prod": 75.963715778245771, "target": 0, "value": 0.88873823520269501, "supply": [{"l": "Potash", "v": 0.14490271467271718}, {"l": "Phosphate", "v": 0.35958017669664916}, {"l": "Nitrogen", "v": 3.1915771855691375}]}, {"source": 39, "prod": 2.4280238048402816, "target": 11, "value": 0.028406688235778091, "supply": [{"l": "Potash", "v": 0.14490271467271718}, {"l": "Phosphate", "v": 0.35958017669664916}, {"l": "Nitrogen", "v": 3.1915771855691375}]}, {"source": 39, "prod": 0.052783126192180035, "target": 3, "value": 0.00061753670077778456, "supply": [{"l": "Potash", "v": 0.14490271467271718}, {"l": "Phosphate", "v": 0.35958017669664916}, {"l": "Nitrogen", "v": 3.1915771855691375}]}, {"source": 39, "prod": 4.9132293297220917, "target": 4, "value": 0.05748237456406545, "supply": [{"l": "Potash", "v": 0.14490271467271718}, {"l": "Phosphate", "v": 0.35958017669664916}, {"l": "Nitrogen", "v": 3.1915771855691375}]}, {"source": 39, "prod": 0.043985938493483361, "target": 30, "value": 0.00051461391731482049, "supply": [{"l": "Potash", "v": 0.14490271467271718}, {"l": "Phosphate", "v": 0.35958017669664916}, {"l": "Nitrogen", "v": 3.1915771855691375}]}, {"source": 39, "prod": 0.94569767760989232, "target": 22, "value": 0.011064199222268641, "supply": [{"l": "Potash", "v": 0.14490271467271718}, {"l": "Phosphate", "v": 0.35958017669664916}, {"l": "Nitrogen", "v": 3.1915771855691375}]}, {"source": 39, "prod": 1.6846614443004129, "target": 5, "value": 0.019709713033157626, "supply": [{"l": "Potash", "v": 0.14490271467271718}, {"l": "Phosphate", "v": 0.35958017669664916}, {"l": "Nitrogen", "v": 3.1915771855691375}]}, {"source": 39, "prod": 0.83573283137618393, "target": 6, "value": 0.00977766442898159, "supply": [{"l": "Potash", "v": 0.14490271467271718}, {"l": "Phosphate", "v": 0.35958017669664916}, {"l": "Nitrogen", "v": 3.1915771855691375}]}, {"source": 39, "prod": 3.2417636669697241, "target": 7, "value": 0.037927045706102273, "supply": [{"l": "Potash", "v": 0.14490271467271718}, {"l": "Phosphate", "v": 0.35958017669664916}, {"l": "Nitrogen", "v": 3.1915771855691375}]}, {"source": 39, "prod": 2.0277517645495831, "target": 8, "value": 0.023723701588213224, "supply": [{"l": "Potash", "v": 0.14490271467271718}, {"l": "Phosphate", "v": 0.35958017669664916}, {"l": "Nitrogen", "v": 3.1915771855691375}]}, {"source": 39, "prod": 0.41786641568809196, "target": 9, "value": 0.004888832214490795, "supply": [{"l": "Potash", "v": 0.14490271467271718}, {"l": "Phosphate", "v": 0.35958017669664916}, {"l": "Nitrogen", "v": 3.1915771855691375}]}, {"source": 39, "prod": 22.098535499126044, "target": 10, "value": 0.25854203205896581, "supply": [{"l": "Potash", "v": 0.14490271467271718}, {"l": "Phosphate", "v": 0.35958017669664916}, {"l": "Nitrogen", "v": 3.1915771855691375}]}, {"source": 39, "prod": 11.418749632908282, "target": 2, "value": 0.13359377293492741, "supply": [{"l": "Potash", "v": 0.14490271467271718}, {"l": "Phosphate", "v": 0.35958017669664916}, {"l": "Nitrogen", "v": 3.1915771855691375}]}, {"source": 39, "prod": 0.079174689288270053, "target": 12, "value": 0.0009263050511666769, "supply": [{"l": "Potash", "v": 0.14490271467271718}, {"l": "Phosphate", "v": 0.35958017669664916}, {"l": "Nitrogen", "v": 3.1915771855691375}]}, {"source": 39, "prod": 0.4354607910854853, "target": 19, "value": 0.0050946777814167227, "supply": [{"l": "Potash", "v": 0.14490271467271718}, {"l": "Phosphate", "v": 0.35958017669664916}, {"l": "Nitrogen", "v": 3.1915771855691375}]}, {"source": 39, "prod": 10.956897278726705, "target": 14, "value": 0.12819032680312178, "supply": [{"l": "Potash", "v": 0.14490271467271718}, {"l": "Phosphate", "v": 0.35958017669664916}, {"l": "Nitrogen", "v": 3.1915771855691375}]}, {"source": 39, "prod": 0.75215954823856546, "target": 15, "value": 0.0087998979860834294, "supply": [{"l": "Potash", "v": 0.14490271467271718}, {"l": "Phosphate", "v": 0.35958017669664916}, {"l": "Nitrogen", "v": 3.1915771855691375}]}, {"source": 39, "prod": 0.17154516012458512, "target": 16, "value": 0.0020069942775278, "supply": [{"l": "Potash", "v": 0.14490271467271718}, {"l": "Phosphate", "v": 0.35958017669664916}, {"l": "Nitrogen", "v": 3.1915771855691375}]}, {"source": 39, "prod": 0.72576798514247554, "target": 17, "value": 0.0084911296356945387, "supply": [{"l": "Potash", "v": 0.14490271467271718}, {"l": "Phosphate", "v": 0.35958017669664916}, {"l": "Nitrogen", "v": 3.1915771855691375}]}, {"source": 39, "prod": 0.26831422481024852, "target": 13, "value": 0.0031391448956204051, "supply": [{"l": "Potash", "v": 0.14490271467271718}, {"l": "Phosphate", "v": 0.35958017669664916}, {"l": "Nitrogen", "v": 3.1915771855691375}]}, {"source": 39, "prod": 7.829497051840038, "target": 20, "value": 0.091601277282038041, "supply": [{"l": "Potash", "v": 0.14490271467271718}, {"l": "Phosphate", "v": 0.35958017669664916}, {"l": "Nitrogen", "v": 3.1915771855691375}]}, {"source": 39, "prod": 0.061580313890876703, "target": 21, "value": 0.00072045948424074864, "supply": [{"l": "Potash", "v": 0.14490271467271718}, {"l": "Phosphate", "v": 0.35958017669664916}, {"l": "Nitrogen", "v": 3.1915771855691375}]}, {"source": 39, "prod": 0.76975392363595885, "target": 25, "value": 0.0090057435530093571, "supply": [{"l": "Potash", "v": 0.14490271467271718}, {"l": "Phosphate", "v": 0.35958017669664916}, {"l": "Nitrogen", "v": 3.1915771855691375}]}, {"source": 39, "prod": 0.35188750794786688, "target": 18, "value": 0.0041169113385185639, "supply": [{"l": "Potash", "v": 0.14490271467271718}, {"l": "Phosphate", "v": 0.35958017669664916}, {"l": "Nitrogen", "v": 3.1915771855691375}]}, {"source": 39, "prod": 0.4266636033867886, "target": 27, "value": 0.0049917549979537588, "supply": [{"l": "Potash", "v": 0.14490271467271718}, {"l": "Phosphate", "v": 0.35958017669664916}, {"l": "Nitrogen", "v": 3.1915771855691375}]}, {"source": 39, "prod": 3.1669875715308025, "target": 28, "value": 0.037052202046667079, "supply": [{"l": "Potash", "v": 0.14490271467271718}, {"l": "Phosphate", "v": 0.35958017669664916}, {"l": "Nitrogen", "v": 3.1915771855691375}]}, {"source": 39, "prod": 149.420233062363, "target": 23, "value": 1.7481434771184452, "supply": [{"l": "Potash", "v": 0.14490271467271718}, {"l": "Phosphate", "v": 0.35958017669664916}, {"l": "Nitrogen", "v": 3.1915771855691375}]}, {"source": 39, "prod": 2.1553109861806847, "target": 24, "value": 0.025216081948426203, "supply": [{"l": "Potash", "v": 0.14490271467271718}, {"l": "Phosphate", "v": 0.35958017669664916}, {"l": "Nitrogen", "v": 3.1915771855691375}]}, {"source": 39, "prod": 1.0468653361449041, "target": 29, "value": 0.012247811232092728, "supply": [{"l": "Potash", "v": 0.14490271467271718}, {"l": "Phosphate", "v": 0.35958017669664916}, {"l": "Nitrogen", "v": 3.1915771855691375}]}, {"source": 39, "prod": 0.14515359702849509, "target": 31, "value": 0.0016982259271389076, "supply": [{"l": "Potash", "v": 0.14490271467271718}, {"l": "Phosphate", "v": 0.35958017669664916}, {"l": "Nitrogen", "v": 3.1915771855691375}]}, {"source": 39, "prod": 0.49264251112701363, "target": 32, "value": 0.0057636758739259891, "supply": [{"l": "Potash", "v": 0.14490271467271718}, {"l": "Phosphate", "v": 0.35958017669664916}, {"l": "Nitrogen", "v": 3.1915771855691375}]}, {"source": 39, "prod": 0.42226500953744028, "target": 33, "value": 0.0049402936062222765, "supply": [{"l": "Potash", "v": 0.14490271467271718}, {"l": "Phosphate", "v": 0.35958017669664916}, {"l": "Nitrogen", "v": 3.1915771855691375}]}, {"source": 39, "prod": 5.2475224622725651, "target": 34, "value": 0.061393440335658085, "supply": [{"l": "Potash", "v": 0.14490271467271718}, {"l": "Phosphate", "v": 0.35958017669664916}, {"l": "Nitrogen", "v": 3.1915771855691375}]}, {"source": 39, "prod": 1.4735289395316928, "target": 35, "value": 0.017239566230046487, "supply": [{"l": "Potash", "v": 0.14490271467271718}, {"l": "Phosphate", "v": 0.35958017669664916}, {"l": "Nitrogen", "v": 3.1915771855691375}]}, {"source": 39, "prod": 3.1625889776814535, "target": 26, "value": 0.037000740654935589, "supply": [{"l": "Potash", "v": 0.14490271467271718}, {"l": "Phosphate", "v": 0.35958017669664916}, {"l": "Nitrogen", "v": 3.1915771855691375}]}, {"source": 37, "prod": 0, "target": 39, "value": 4.4891762228574699, "supply": [{"l": "Natural gas (including LNG)", "v": 3.0230971789935661}, {"l": "Fuel oil", "v": 0.90190015815384683}, {"l": "Liquefied petroleum gas (LPG)", "v": 0.28208944285502813}, {"l": "Coal", "v": 0.28208944285502813}]}, {"source": 40, "prod": 0, "target": 0, "value": 0.43809884161821289, "supply": "[{\"l\":'Labor',\"v\":0.43809884161821289}]"}, {"source": 40, "prod": 0, "target": 11, "value": 0.014002927653344151, "supply": "[{\"l\":'Labor',\"v\":0.014002927653344151}]"}, {"source": 40, "prod": 0, "target": 3, "value": 0.00030441147072487285, "supply": "[{\"l\":'Labor',\"v\":0.00030441147072487285}]"}, {"source": 40, "prod": 0, "target": 4, "value": 0.028335634399973584, "supply": "[{\"l\":'Labor',\"v\":0.028335634399973584}]"}, {"source": 40, "prod": 0, "target": 30, "value": 0.0002536762256040607, "supply": "[{\"l\":'Labor',\"v\":0.0002536762256040607}]"}, {"source": 40, "prod": 0, "target": 22, "value": 0.0054540388504873052, "supply": "[{\"l\":'Labor',\"v\":0.0054540388504873052}]"}, {"source": 40, "prod": 0, "target": 5, "value": 0.0097157994406355253, "supply": "[{\"l\":'Labor',\"v\":0.0097157994406355253}]"}, {"source": 40, "prod": 0, "target": 6, "value": 0.0048198482864771535, "supply": "[{\"l\":'Labor',\"v\":0.0048198482864771535}]"}, {"source": 40, "prod": 0, "target": 7, "value": 0.018695937827019275, "supply": "[{\"l\":'Labor',\"v\":0.018695937827019275}]"}, {"source": 40, "prod": 0, "target": 8, "value": 0.011694474000347198, "supply": "[{\"l\":'Labor',\"v\":0.011694474000347198}]"}, {"source": 40, "prod": 0, "target": 9, "value": 0.0024099241432385767, "supply": "[{\"l\":'Labor',\"v\":0.0024099241432385767}]"}, {"source": 40, "prod": 0, "target": 10, "value": 0.12744693574348009, "supply": "[{\"l\":'Labor',\"v\":0.12744693574348009}]"}, {"source": 40, "prod": 0, "target": 2, "value": 0.065854348166814167, "supply": "[{\"l\":'Labor',\"v\":0.065854348166814167}]"}, {"source": 40, "prod": 0, "target": 12, "value": 0.00045661720608730926, "supply": "[{\"l\":'Labor',\"v\":0.00045661720608730926}]"}, {"source": 40, "prod": 0, "target": 19, "value": 0.0025113946334802007, "supply": "[{\"l\":'Labor',\"v\":0.0025113946334802007}]"}, {"source": 40, "prod": 0, "target": 14, "value": 0.063190747797971514, "supply": "[{\"l\":'Labor',\"v\":0.063190747797971514}]"}, {"source": 40, "prod": 0, "target": 15, "value": 0.0043378634578294384, "supply": "[{\"l\":'Labor',\"v\":0.0043378634578294384}]"}, {"source": 40, "prod": 0, "target": 16, "value": 0.00098933727985583671, "supply": "[{\"l\":'Labor',\"v\":0.00098933727985583671}]"}, {"source": 40, "prod": 0, "target": 17, "value": 0.0041856577224670018, "supply": "[{\"l\":'Labor',\"v\":0.0041856577224670018}]"}, {"source": 40, "prod": 0, "target": 13, "value": 0.0015474249761847703, "supply": "[{\"l\":'Labor',\"v\":0.0015474249761847703}]"}, {"source": 40, "prod": 0, "target": 20, "value": 0.045154368157522801, "supply": "[{\"l\":'Labor',\"v\":0.045154368157522801}]"}, {"source": 40, "prod": 0, "target": 21, "value": 0.00035514671584568495, "supply": "[{\"l\":'Labor',\"v\":0.00035514671584568495}]"}, {"source": 40, "prod": 0, "target": 25, "value": 0.0044393339480710619, "supply": "[{\"l\":'Labor',\"v\":0.0044393339480710619}]"}, {"source": 40, "prod": 0, "target": 18, "value": 0.0020294098048324856, "supply": "[{\"l\":'Labor',\"v\":0.0020294098048324856}]"}, {"source": 40, "prod": 0, "target": 27, "value": 0.0024606593883593889, "supply": "[{\"l\":'Labor',\"v\":0.0024606593883593889}]"}, {"source": 40, "prod": 0, "target": 28, "value": 0.01826468824349237, "supply": "[{\"l\":'Labor',\"v\":0.01826468824349237}]"}, {"source": 40, "prod": 0, "target": 23, "value": 0.8617381383769942, "supply": "[{\"l\":'Labor',\"v\":0.8617381383769942}]"}, {"source": 40, "prod": 0, "target": 24, "value": 0.012430135054598975, "supply": "[{\"l\":'Labor',\"v\":0.012430135054598975}]"}, {"source": 40, "prod": 0, "target": 29, "value": 0.0060374941693766447, "supply": "[{\"l\":'Labor',\"v\":0.0060374941693766447}]"}, {"source": 40, "prod": 0, "target": 31, "value": 0.00083713154449340031, "supply": "[{\"l\":'Labor',\"v\":0.00083713154449340031}]"}, {"source": 40, "prod": 0, "target": 32, "value": 0.0028411737267654796, "supply": "[{\"l\":'Labor',\"v\":0.0028411737267654796}]"}, {"source": 40, "prod": 0, "target": 33, "value": 0.0024352917657989828, "supply": "[{\"l\":'Labor',\"v\":0.0024352917657989828}]"}, {"source": 40, "prod": 0, "target": 34, "value": 0.030263573714564441, "supply": "[{\"l\":'Labor',\"v\":0.030263573714564441}]"}, {"source": 40, "prod": 0, "target": 35, "value": 0.008498153557736034, "supply": "[{\"l\":'Labor',\"v\":0.008498153557736034}]"}, {"source": 40, "prod": 0, "target": 26, "value": 0.018239320620931965, "supply": "[{\"l\":'Labor',\"v\":0.018239320620931965}]"}]}