{"nodes": [{"layer": 13, "name": "Milk - Excluding Butter"}, {"layer": 10, "name": "Feed", "fill": "#dbdb8d"}, {"layer": 5, "name": "Oilcrops", "fill": "#ff9896"}, {"layer": 5, "name": "Vegetables"}, {"layer": 13, "name": "Animal Fats"}, {"layer": 5, "name": "Starchy Roots"}, {"layer": 5, "name": "Pulses"}, {"layer": 13, "name": "Fish, Seafood"}, {"layer": 5, "name": "Cereals - Excluding Beer"}, {"layer": 13, "name": "Meat"}, {"layer": 16, "name": "Food", "fill": "#b5cf6b"}, {"layer": 5, "name": "Treenuts"}, {"layer": 5, "name": "Others"}, {"layer": 13, "name": "Alcoholic Beverages"}, {"layer": 13, "name": "Sugar & Sweeteners"}, {"layer": 13, "name": "Vegetable Oils", "fill": "#f7b6d2"}, {"layer": 5, "name": "Spices"}, {"layer": 5, "name": "Stimulants"}, {"layer": 13, "name": "Eggs"}, {"layer": 5, "name": "Fruits - Excluding Wine"}, {"layer": 10, "name": "Processing", "fill": "#9edae5"}, {"layer": 5, "name": "Sugar Crops", "fill": "#ffbb78"}, {"layer": 16, "name": "Biofuels & Other", "fill": "#e7ba52"}, {"layer": 13, "name": "Aquatic Products, Other"}, {"name": "Waste", "fill": "#c7c7c7"}, {"layer": 2, "name": "Import", "fill": "#aec7e8"}, {"layer": 16, "name": "Export", "fill": "#aec7e8"}, {"layer": 16, "name": "Stock Deposit", "fill": "#c7c7c7"}, {"layer": 0, "name": "Stock Draw", "fill": "#c7c7c7"}, {"layer": 2, "name": "Electricity", "fill": "#bcbd22"}, {"layer": 0, "name": "Fossil Fuels", "fill": "#c49c94"}, {"layer": 0, "name": "Renewables & Nuclear", "fill": "#2ca02c"}, {"layer": 2, "name": "Fertilizers", "fill": "#c5b0d5"}, {"layer": 0, "name": "Labor", "fill": "#7f7f7f"}], "links": [{"source": 0, "prod": 268.0, "target": 1, "value": 0.16526786981064542, "supply": [{"l": "Milk - Excluding Butter", "v": 0.16526786981064542}]}, {"source": 2, "prod": 5.0, "target": 1, "value": 0.023583425880833335, "supply": [{"l": "Soyabeans", "v": 0.018866740704666669}, {"l": "Oilcrops, Other", "v": 0.0047166851761666672}]}, {"source": 3, "prod": 51.0, "target": 1, "value": 0.01641612447573931, "supply": [{"l": "Vegetables, Other", "v": 0.01641612447573931}]}, {"source": 4, "prod": 36.0, "target": 1, "value": 0.041839999920000003, "supply": [{"l": "Fish, Body Oil", "v": 0.041839999920000003}]}, {"source": 5, "prod": 75.0, "target": 1, "value": 0.063601283352964416, "supply": [{"l": "Potatoes", "v": 0.058193618819779698}, {"l": "Sweet potatoes", "v": 0.0054076645331847138}]}, {"source": 6, "prod": 3.0, "target": 1, "value": 0.011846558116883722, "supply": [{"l": "Pulses, Other", "v": 0.011846558116883722}]}, {"source": 7, "prod": 1082.0, "target": 1, "value": 1.0655695836248449, "supply": [{"l": "Pelagic Fish", "v": 0.59774423759582429}, {"l": "Demersal Fish", "v": 0.011200571658443272}, {"l": "Fish, Seafood", "v": 0.45662477437057725}]}, {"source": 8, "prod": 3084.0, "target": 1, "value": 11.191915932172375, "supply": [{"l": "Maize", "v": 10.379879682217455}, {"l": "Wheat", "v": 0.1453361625584885}, {"l": "Oats", "v": 0.076117540084344834}, {"l": "Millet", "v": 0.037566519102212398}, {"l": "Barley", "v": 0.023023819165016949}, {"l": "Sorghum", "v": 0.48956347896342961}, {"l": "Cereals, Other", "v": 0.040428730081428582}]}, {"source": 9, "prod": 1.0, "target": 1, "value": 0.0011473017996081081, "supply": [{"l": "Meat, Other", "v": 0.0011473017996081081}]}, {"source": 0, "prod": 2591.0, "target": 10, "value": 1.5977949652215755, "supply": [{"l": "Milk - Excluding Butter", "v": 1.5977949652215755}]}, {"source": 9, "prod": 1265.0, "target": 10, "value": 3.0195861608428904, "supply": [{"l": "Meat, Other", "v": 0.013767621595297297}, {"l": "Mutton & Goat Meat", "v": 0.45052639109837189}, {"l": "Pigmeat", "v": 0.38355682432572347}, {"l": "Poultry Meat", "v": 0.35408354914039902}, {"l": "Offals, Edible", "v": 0.19149741815236665}, {"l": "Bovine Meat", "v": 1.6261543565307324}]}, {"source": 11, "prod": 2.0, "target": 10, "value": 0.014150055528500001, "supply": [{"l": "Treenuts", "v": 0.014150055528500001}]}, {"source": 3, "prod": 1437.0, "target": 10, "value": 0.45069772019004073, "supply": [{"l": "Tomatoes", "v": 0.05467403654467539}, {"l": "Vegetables, Other", "v": 0.34151976605410606}, {"l": "Onions", "v": 0.054503917591259263}]}, {"source": 12, "prod": 2.0, "target": 10, "value": 0.0169800666342, "supply": [{"l": "Nuts", "v": 0.0169800666342}]}, {"source": 13, "prod": 1890.0, "target": 10, "value": 1.3370843328836897, "supply": [{"l": "Beer", "v": 0.61447654418530606}, {"l": "Beverages, Alcoholic", "v": 0.17590287778866565}, {"l": "Wine", "v": 0.49208075640069554}, {"l": "Beverages, Fermented", "v": 0.054624154509022443}]}, {"source": 4, "prod": 43.0, "target": 10, "value": 0.3624269960283345, "supply": [{"l": "Fats, Animals, Raw", "v": 0.15866619641793442}, {"l": "Butter, Ghee", "v": 0.20376079961040006}]}, {"source": 5, "prod": 789.0, "target": 10, "value": 0.72355355773797181, "supply": [{"l": "Roots, Other", "v": 0.23219343384606572}, {"l": "Potatoes", "v": 0.43728347856005884}, {"l": "Sweet potatoes", "v": 0.054076645331847147}]}, {"source": 6, "prod": 144.0, "target": 10, "value": 0.54827208848431763, "supply": [{"l": "Peas", "v": 0.041302864785891895}, {"l": "Beans", "v": 0.34111741006205365}, {"l": "Pulses, Other", "v": 0.16585181363637211}]}, {"source": 7, "prod": 550.0, "target": 10, "value": 0.46240919134196085, "supply": [{"l": "Freshwater Fish", "v": 0.0025321151998368425}, {"l": "Crustaceans", "v": 0.0056600222113999997}, {"l": "Marine Fish, Other", "v": 0.013877939076028845}, {"l": "Demersal Fish", "v": 0.068323487116503975}, {"l": "Pelagic Fish", "v": 0.13652891415336485}, {"l": "Fish, Seafood", "v": 0.23211055998504387}, {"l": "Cephalopods", "v": 0.0025321151998368425}, {"l": "Molluscs, Other", "v": 0.00084403839994561414}]}, {"source": 14, "prod": 1247.0, "target": 10, "value": 5.1462697285884644, "supply": [{"l": "Sugar", "v": 5.1332081388698487}, {"l": "Sweeteners, Other", "v": 0.013061589718615384}]}, {"source": 8, "prod": 5814.0, "target": 10, "value": 20.914415534247375, "supply": [{"l": "Maize", "v": 13.561926277186958}, {"l": "Rye", "v": 0.013405315763842109}, {"l": "Barley", "v": 0.0057559547912542372}, {"l": "Rice", "v": 0.60184902847886679}, {"l": "Cereals, Other", "v": 0.20551271124726192}, {"l": "Wheat", "v": 5.6681103397810508}, {"l": "Oats", "v": 0.026348379259965519}, {"l": "Sorghum", "v": 0.69626805897021105}, {"l": "Millet", "v": 0.13523946876796461}]}, {"source": 15, "prod": 212.0, "target": 10, "value": 2.1743021916255616, "supply": [{"l": "Maize Germ Oil", "v": 0.28690457416406895}, {"l": "Groundnut Oil", "v": 0.2621297786654625}, {"l": "Soyabean Oil", "v": 0.084900333171}, {"l": "Sunflowerseed Oil", "v": 1.2999016747564911}, {"l": "Coconut Oil", "v": 0.024257238048857144}, {"l": "Oilcrops Oil, Other", "v": 0.067026578819210536}, {"l": "Cottonseed Oil", "v": 0.10673184741497145}, {"l": "Palmkernel Oil", "v": 0.0424501665855}]}, {"source": 16, "prod": 11.0, "target": 10, "value": 0.042197383252650003, "supply": [{"l": "Pimento", "v": 0.028300111057000001}, {"l": "Pepper", "v": 0.0011622222200000001}, {"l": "Spices, Other", "v": 0.012735049975650002}]}, {"source": 17, "prod": 44.0, "target": 10, "value": 0.067808555572101317, "supply": [{"l": "Cocoa Beans", "v": 0.040215947291526319}, {"l": "Coffee", "v": 0.013877939076028845}, {"l": "Tea", "v": 0.013714669204546157}]}, {"source": 18, "prod": 113.0, "target": 10, "value": 0.19187475296646, "supply": [{"l": "Eggs", "v": 0.19187475296646}]}, {"source": 19, "prod": 914.0, "target": 10, "value": 0.46202608579513726, "supply": [{"l": "Grapes", "v": 0.041106806883427216}, {"l": "Apples", "v": 0.041169342593696125}, {"l": "Lemons, Limes", "v": 0.02440666662}, {"l": "Pineapples", "v": 0.054561986968620503}, {"l": "Bananas", "v": 0.068489885385551119}, {"l": "Fruits, Other", "v": 0.15034433999031249}, {"l": "Grapefruit", "v": 0.013704384488232281}, {"l": "Oranges, Mandarines", "v": 0.068242672865297477}]}, {"source": 2, "prod": 48.0, "target": 10, "value": 0.24534899515831479, "supply": [{"l": "Coconuts - Incl Copra", "v": 0.013341480926871431}, {"l": "Groundnuts", "v": 0.21785745870294337}, {"l": "Soyabeans", "v": 0.014150055528500001}]}, {"source": 2, "prod": 557.0, "target": 20, "value": 2.7675372756307741, "supply": [{"l": "Sunflower seed", "v": 1.6838566078915003}, {"l": "Soyabeans", "v": 0.099050388699500017}, {"l": "Cottonseed", "v": 0.40563492515033339}, {"l": "Groundnuts", "v": 0.53182850212777355}, {"l": "Oilcrops, Other", "v": 0.047166851761666677}]}, {"source": 21, "prod": 19687.0, "target": 20, "value": 5.3061360607538965, "supply": [{"l": "Sugar cane", "v": 5.3061360607538965}]}, {"source": 14, "prod": 2.0, "target": 20, "value": 0.0082593855814478666, "supply": [{"l": "Sugar", "v": 0.0082593855814478666}]}, {"source": 8, "prod": 221.0, "target": 20, "value": 0.70724790069204024, "supply": [{"l": "Maize", "v": 0.029126284622146486}, {"l": "Barley", "v": 0.36262515184901695}, {"l": "Sorghum", "v": 0.31549646422087685}]}, {"source": 15, "prod": 2.0, "target": 20, "value": 0.022342192939736844, "supply": [{"l": "Oilcrops Oil, Other", "v": 0.022342192939736844}]}, {"source": 19, "prod": 875.0, "target": 20, "value": 0.69617377627085286, "supply": [{"l": "Fruits, Other", "v": 0.024762597174875004}, {"l": "Grapes", "v": 0.67141117909597781}]}, {"source": 9, "prod": 53.0, "target": 22, "value": 0.077808554562199123, "supply": [{"l": "Offals, Edible", "v": 0.062071576918353334}, {"l": "Bovine Meat", "v": 0.015736977643845795}]}, {"source": 4, "prod": 81.0, "target": 22, "value": 0.67641904788698359, "supply": [{"l": "Fats, Animals, Raw", "v": 0.67641904788698359}]}, {"source": 5, "prod": 26.0, "target": 22, "value": 0.021614772704489596, "supply": [{"l": "Potatoes", "v": 0.021614772704489596}]}, {"source": 23, "prod": 28.0, "target": 22, "value": 0.023245428603027061, "supply": [{"l": "Aquatic Plants", "v": 0.01162271430151353}, {"l": "Aquatic Products, Other", "v": 0.01162271430151353}]}, {"source": 14, "prod": 46.0, "target": 22, "value": 0.18996586837330093, "supply": [{"l": "Sugar", "v": 0.18996586837330093}]}, {"source": 13, "prod": 15.0, "target": 22, "value": 0.046191655494917716, "supply": [{"l": "Alcohol, Non-Food", "v": 0.0013536670389833305}, {"l": "Beverages, Alcoholic", "v": 0.044837988455934383}]}, {"source": 8, "prod": 188.0, "target": 22, "value": 0.68217926407401897, "supply": [{"l": "Maize", "v": 0.67354533188713761}, {"l": "Barley", "v": 0.0086339321868813563}]}, {"source": 15, "prod": 33.0, "target": 22, "value": 0.36134700007825227, "supply": [{"l": "Coconut Oil", "v": 0.097028952195428578}, {"l": "Palm Oil", "v": 0.092219327409879315}, {"l": "Cottonseed Oil", "v": 0.029108685658628574}, {"l": "Palmkernel Oil", "v": 0.0424501665855}, {"l": "Oilcrops Oil, Other", "v": 0.10053986822881582}]}, {"source": 19, "prod": 5.0, "target": 22, "value": 0.0040300791062183542, "supply": [{"l": "Grapes", "v": 0.0040300791062183542}]}, {"source": 5, "prod": 61.0, "target": 5, "value": 0.050711582114379442, "supply": [{"l": "Potatoes", "v": 0.050711582114379442}]}, {"source": 8, "prod": 193.0, "target": 8, "value": 0.67533307031329692, "supply": [{"l": "Maize", "v": 0.22936949139940357}, {"l": "Wheat", "v": 0.37372156086468472}, {"l": "Oats", "v": 0.011710390782206896}, {"l": "Rye", "v": 0.0022342192939736848}, {"l": "Millet", "v": 0.011269955730663717}, {"l": "Barley", "v": 0.014389886978135593}, {"l": "Sorghum", "v": 0.032637565264228639}]}, {"source": 18, "prod": 11.0, "target": 18, "value": 0.018678073297619998, "supply": [{"l": "Eggs", "v": 0.018678073297619998}]}, {"source": 6, "prod": 11.0, "target": 6, "value": 0.041661158371151572, "supply": [{"l": "Peas", "v": 0.0034419053988243241}, {"l": "Beans", "v": 0.030321547561071433}, {"l": "Pulses, Other", "v": 0.0078977054112558138}]}, {"source": 2, "prod": 22.0, "target": 2, "value": 0.13082126809367928, "supply": [{"l": "Sunflower seed", "v": 0.0094333703523333343}, {"l": "Soyabeans", "v": 0.0047166851761666672}, {"l": "Cottonseed", "v": 0.014150055528500001}, {"l": "Groundnuts", "v": 0.10252115703667926}]}, {"source": 0, "prod": 35.0, "target": 24, "value": 0.021583490460345484, "supply": [{"l": "Milk - Excluding Butter", "v": 0.021583490460345484}]}, {"source": 2, "prod": 11.0, "target": 24, "value": 0.063719746908213831, "supply": [{"l": "Soyabeans", "v": 0.0047166851761666672}, {"l": "Cottonseed", "v": 0.014150055528500001}, {"l": "Groundnuts", "v": 0.044853006203547166}]}, {"source": 3, "prod": 166.0, "target": 24, "value": 0.052103804256307389, "supply": [{"l": "Tomatoes", "v": 0.0062230610701256538}, {"l": "Vegetables, Other", "v": 0.039591829617959512}, {"l": "Onions", "v": 0.006288913568222222}]}, {"source": 21, "prod": 921.0, "target": 24, "value": 0.24823240269997146, "supply": [{"l": "Sugar cane", "v": 0.24823240269997146}]}, {"source": 5, "prod": 84.0, "target": 24, "value": 0.081977500859135105, "supply": [{"l": "Roots, Other", "v": 0.049054950812549097}, {"l": "Potatoes", "v": 0.030759484233312123}, {"l": "Sweet potatoes", "v": 0.0021630658132738858}]}, {"source": 6, "prod": 5.0, "target": 24, "value": 0.0192682857466576, "supply": [{"l": "Beans", "v": 0.011370580335401788}, {"l": "Pulses, Other", "v": 0.0078977054112558138}]}, {"source": 19, "prod": 119.0, "target": 24, "value": 0.056973757777306601, "supply": [{"l": "Fruits, Other", "v": 0.019456326351687502}, {"l": "Grapefruit", "v": 0.0033425328020078738}, {"l": "Lemons, Limes", "v": 0.0023244444400000001}, {"l": "Pineapples", "v": 0.0056443434795124658}, {"l": "Bananas", "v": 0.007459294447931311}, {"l": "Apples", "v": 0.0098806422224870707}, {"l": "Oranges, Mandarines", "v": 0.0088661740336803806}]}, {"source": 8, "prod": 394.0, "target": 24, "value": 1.4213188875689751, "supply": [{"l": "Maize", "v": 1.0631093887083467}, {"l": "Oats", "v": 0.0058551953911034479}, {"l": "Barley", "v": 0.0086339321868813563}, {"l": "Sorghum", "v": 0.1631878263211432}, {"l": "Wheat", "v": 0.17301924114105774}, {"l": "Millet", "v": 0.0075133038204424785}]}, {"source": 18, "prod": 15.0, "target": 24, "value": 0.025470099951300004, "supply": [{"l": "Eggs", "v": 0.025470099951300004}]}, {"source": 25, "prod": 2.0, "target": 12, "value": 0.0169800666342, "supply": [{"l": "Nuts", "v": 0.0169800666342}]}, {"source": 25, "prod": 328.0, "target": 1, "value": 0.23777434534491032, "supply": [{"l": "Freshwater Fish", "v": 0.00084403839994561414}, {"l": "Crustaceans", "v": 0.0033960133268400006}, {"l": "Eggs", "v": 0.0033960133268400002}, {"l": "Marine Fish, Other", "v": 0.001632698714826923}, {"l": "Milk - Excluding Butter", "v": 0.16095117171857631}, {"l": "Fish, Seafood", "v": 0.023633075198477193}, {"l": "Pelagic Fish", "v": 0.020651432392945947}, {"l": "Poultry Meat", "v": 0.0017272368250751174}, {"l": "Demersal Fish", "v": 0.00056002858292216362}, {"l": "Bovine Meat", "v": 0.020982636858461065}]}, {"source": 25, "prod": 663.0, "target": 8, "value": 2.3885505239331413, "supply": [{"l": "Maize", "v": 0.79733204153126014}, {"l": "Rye", "v": 0.0044684385879473695}, {"l": "Barley", "v": 0.16116673415511865}, {"l": "Rice", "v": 0.58939697961378668}, {"l": "Cereals, Other", "v": 0.23583425880833336}, {"l": "Wheat", "v": 0.42562733320700202}, {"l": "Oats", "v": 0.043913965433275859}, {"l": "Sorghum", "v": 0.12329746877597486}, {"l": "Millet", "v": 0.0075133038204424785}]}, {"source": 25, "prod": 16.0, "target": 6, "value": 0.061564081159785081, "supply": [{"l": "Peas", "v": 0.0034419053988243241}, {"l": "Beans", "v": 0.026531354115937499}, {"l": "Pulses, Other", "v": 0.031590821645023255}]}, {"source": 25, "prod": 249.0, "target": 20, "value": 1.5647292280621306, "supply": [{"l": "Sugar", "v": 0.4625255925610805}, {"l": "Maize Germ Oil", "v": 0.010246591934431035}, {"l": "Beer", "v": 0.004530702629937741}, {"l": "Groundnut Oil", "v": 0.01008191456405625}, {"l": "Beverages, Alcoholic", "v": 0.031041684315646877}, {"l": "Butter, Ghee", "v": 0.033960133268400007}, {"l": "Fats, Animals, Raw", "v": 0.49270029413990168}, {"l": "Soyabean Oil", "v": 0.0424501665855}, {"l": "Palm Oil", "v": 0.092219327409879315}, {"l": "Sunflowerseed Oil", "v": 0.020470892515850256}, {"l": "Coconut Oil", "v": 0.10915757121985717}, {"l": "Oilcrops Oil, Other", "v": 0.14522425410828949}, {"l": "Wine", "v": 0.0023619876307233384}, {"l": "Sweeteners, Other", "v": 0.022857782007576922}, {"l": "Palmkernel Oil", "v": 0.084900333171}]}, {"source": 25, "prod": 2.0, "target": 11, "value": 0.014150055528500001, "supply": [{"l": "Treenuts", "v": 0.014150055528500001}]}, {"source": 25, "prod": 48.0, "target": 3, "value": 0.015448213593153634, "supply": [{"l": "Tomatoes", "v": 0.00022225218107591621}, {"l": "Vegetables, Other", "v": 0.014806700507529571}, {"l": "Onions", "v": 0.00041926090454814816}]}, {"source": 25, "prod": 40.0, "target": 17, "value": 0.059309929103870659, "supply": [{"l": "Cocoa Beans", "v": 0.033513289409605268}, {"l": "Coffee", "v": 0.014694288433442308}, {"l": "Tea", "v": 0.011102351260823078}]}, {"source": 25, "prod": 49.0, "target": 19, "value": 0.0258012218005573, "supply": [{"l": "Apples", "v": 0.001646773703747845}, {"l": "Bananas", "v": 0.001356235354169329}, {"l": "Fruits, Other", "v": 0.020045911998708331}, {"l": "Grapefruit", "v": 0.00033425328020078739}, {"l": "Oranges, Mandarines", "v": 0.0024180474637310128}]}, {"source": 25, "prod": 65.0, "target": 2, "value": 0.27649691613300037, "supply": [{"l": "Sunflower seed", "v": 0.22640088845600001}, {"l": "Coconuts - Incl Copra", "v": 0.013341480926871431}, {"l": "Groundnuts", "v": 0.032037861573962267}, {"l": "Oilcrops, Other", "v": 0.0047166851761666672}]}, {"source": 25, "prod": 4.0, "target": 16, "value": 0.013897272195650002, "supply": [{"l": "Pepper", "v": 0.0011622222200000001}, {"l": "Spices, Other", "v": 0.012735049975650002}]}, {"source": 25, "prod": 17.0, "target": 5, "value": 0.01465028121178037, "supply": [{"l": "Roots, Other", "v": 0.002180220036113293}, {"l": "Potatoes", "v": 0.012470061175667077}]}, {"source": 0, "prod": 30.0, "target": 26, "value": 0.018500134680296126, "supply": [{"l": "Milk - Excluding Butter", "v": 0.018500134680296126}]}, {"source": 9, "prod": 136.0, "target": 26, "value": 0.33311552081497903, "supply": [{"l": "Meat, Other", "v": 0.0080311125972567562}, {"l": "Pigmeat", "v": 0.0084298203148510647}, {"l": "Bovine Meat", "v": 0.2885112568038396}, {"l": "Poultry Meat", "v": 0.024181315551051647}, {"l": "Offals, Edible", "v": 0.0039620155479800001}]}, {"source": 3, "prod": 30.0, "target": 26, "value": 0.0096407482976396067, "supply": [{"l": "Tomatoes", "v": 0.0015557652675314134}, {"l": "Vegetables, Other", "v": 0.0051501566982711557}, {"l": "Onions", "v": 0.0029348263318370372}]}, {"source": 13, "prod": 20.0, "target": 26, "value": 0.02182099885679064, "supply": [{"l": "Beer", "v": 0.0039643648011955229}, {"l": "Beverages, Alcoholic", "v": 0.010347228105215624}, {"l": "Wine", "v": 0.0070859628921700144}, {"l": "Beverages, Fermented", "v": 0.00042344305820947637}]}, {"source": 12, "prod": 1.0, "target": 26, "value": 0.0011622222200000001, "supply": [{"l": "Infant food", "v": 0.0011622222200000001}]}, {"source": 5, "prod": 12.0, "target": 26, "value": 0.0099760489405336609, "supply": [{"l": "Potatoes", "v": 0.0099760489405336609}]}, {"source": 6, "prod": 7.0, "target": 26, "value": 0.026531354115937499, "supply": [{"l": "Beans", "v": 0.026531354115937499}]}, {"source": 7, "prod": 440.0, "target": 26, "value": 0.40055714713966117, "supply": [{"l": "Crustaceans", "v": 0.0045280177691200008}, {"l": "Pelagic Fish", "v": 0.17897908073886487}, {"l": "Fish, Seafood", "v": 0.1856884479880351}, {"l": "Demersal Fish", "v": 0.031361600643641165}]}, {"source": 14, "prod": 961.0, "target": 26, "value": 3.9647454427608841, "supply": [{"l": "Sugar", "v": 3.9479863079320801}, {"l": "Honey", "v": 0.0036975451101888897}, {"l": "Sweeteners, Other", "v": 0.013061589718615384}]}, {"source": 8, "prod": 2602.0, "target": 26, "value": 9.4065160573759794, "supply": [{"l": "Maize", "v": 7.8713784191350884}, {"l": "Barley", "v": 0.12087505061633901}, {"l": "Rice", "v": 0.0083013659100533328}, {"l": "Cereals, Other", "v": 0.01684530420059524}, {"l": "Wheat", "v": 0.42562733320700202}, {"l": "Oats", "v": 0.035131172346620693}, {"l": "Sorghum", "v": 0.92835741196028143}]}, {"source": 15, "prod": 65.0, "target": 26, "value": 0.66479675347934652, "supply": [{"l": "Maize Germ Oil", "v": 0.42011026931167239}, {"l": "Groundnut Oil", "v": 0.15122871846084376}, {"l": "Sunflowerseed Oil", "v": 0.061412677547550761}, {"l": "Oilcrops Oil, Other", "v": 0.022342192939736844}, {"l": "Cottonseed Oil", "v": 0.0097028952195428592}]}, {"source": 4, "prod": 21.0, "target": 26, "value": 0.08205488927844426, "supply": [{"l": "Fats, Animals, Raw", "v": 0.058455967101344257}, {"l": "Butter, Ghee", "v": 0.0084900333171000018}, {"l": "Fish, Body Oil", "v": 0.015108888860000001}]}, {"source": 17, "prod": 2.0, "target": 26, "value": 0.0014694288433442309, "supply": [{"l": "Coffee", "v": 0.00081634935741346152}, {"l": "Tea", "v": 0.00065307948593076924}]}, {"source": 18, "prod": 18.0, "target": 26, "value": 0.030564119941560001, "supply": [{"l": "Eggs", "v": 0.030564119941560001}]}, {"source": 19, "prod": 1087.0, "target": 26, "value": 0.51090727279039116, "supply": [{"l": "Fruits, Other", "v": 0.11379002987502083}, {"l": "Grapes", "v": 0.066899313163224686}, {"l": "Apples", "v": 0.14601393506564228}, {"l": "Lemons, Limes", "v": 0.015108888860000001}, {"l": "Pineapples", "v": 0.04938800544573408}, {"l": "Grapefruit", "v": 0.025403249295259847}, {"l": "Oranges, Mandarines", "v": 0.09430385108550951}]}, {"source": 2, "prod": 68.0, "target": 26, "value": 0.39344273894024223, "supply": [{"l": "Sunflower seed", "v": 0.028300111057000001}, {"l": "Cottonseed", "v": 0.042450166585500007}, {"l": "Groundnuts", "v": 0.27552560953607552}, {"l": "Oilcrops, Other", "v": 0.014150055528500001}, {"l": "Soyabeans", "v": 0.033016796233166675}]}, {"source": 15, "prod": 5.0, "target": 27, "value": 0.053545459186465749, "supply": [{"l": "Coconut Oil", "v": 0.012128619024428572}, {"l": "Oilcrops Oil, Other", "v": 0.011171096469868422}, {"l": "Groundnut Oil", "v": 0.030245743692168751}]}, {"source": 6, "prod": 10.0, "target": 27, "value": 0.037901934451339291, "supply": [{"l": "Beans", "v": 0.037901934451339291}]}, {"source": 28, "prod": 2.0, "target": 5, "value": 0.002180220036113293, "supply": [{"l": "Roots, Other", "v": 0.002180220036113293}]}, {"source": 8, "prod": 600.0, "target": 27, "value": 2.1811473866450419, "supply": [{"l": "Maize", "v": 1.3434498781965067}, {"l": "Sorghum", "v": 0.83769750844853519}]}, {"source": 12, "prod": 1.0, "target": 27, "value": 0.0011622222200000001, "supply": [{"l": "Infant food", "v": 0.0011622222200000001}]}, {"source": 28, "prod": 1.0, "target": 2, "value": 0.0047166851761666672, "supply": [{"l": "Oilcrops, Other", "v": 0.0047166851761666672}]}, {"source": 28, "prod": 30.0, "target": 1, "value": 0.078684888219228991, "supply": [{"l": "Bovine Meat", "v": 0.078684888219228991}]}, {"source": 18, "prod": 1.0, "target": 27, "value": 0.0016980066634200001, "supply": [{"l": "Eggs", "v": 0.0016980066634200001}]}, {"source": 2, "prod": 46.0, "target": 27, "value": 0.277839455094195, "supply": [{"l": "Soyabeans", "v": 0.047166851761666677}, {"l": "Groundnuts", "v": 0.23067260333252831}]}, {"source": 17, "prod": 1.0, "target": 27, "value": 0.0067026578819210534, "supply": [{"l": "Cocoa Beans", "v": 0.0067026578819210534}]}, {"source": 28, "prod": 199.0, "target": 20, "value": 0.82094456999299259, "supply": [{"l": "Sugar", "v": 0.81767917256333877}, {"l": "Sweeteners, Other", "v": 0.0032653974296538461}]}, {"source": 28, "prod": 43.0, "target": 19, "value": 0.01829775105126798, "supply": [{"l": "Fruits, Other", "v": 0.0058958564702083329}, {"l": "Grapefruit", "v": 0.0080220787248188978}, {"l": "Oranges, Mandarines", "v": 0.00053734388082911399}, {"l": "Apples", "v": 0.0038424719754116383}]}, {"source": 28, "prod": 350.0, "target": 8, "value": 1.1783059614211839, "supply": [{"l": "Barley", "v": 0.028779773956271185}, {"l": "Cereals, Other", "v": 0.013476243360476193}, {"l": "Wheat", "v": 0.98967005932685026}, {"l": "Oats", "v": 0.14637988477758623}]}, {"source": 1, "prod": 2924.0, "target": 0, "value": 1.8031464601728626, "supply": [{"l": "Milk - Excluding Butter", "v": 1.8031464601728626}]}, {"source": 1, "prod": 147.0, "target": 18, "value": 0.24960697952274, "supply": [{"l": "Eggs", "v": 0.26828505282036003}]}, {"source": 1, "prod": 1455.0, "target": 9, "value": 3.4316575380196763, "supply": [{"l": "Pigmeat", "v": 0.39198664464057453}, {"l": "Bovine Meat", "v": 1.9304025909784177}, {"l": "Poultry Meat", "v": 0.37826486469145065}, {"l": "Offals, Edible", "v": 0.25753101061869998}, {"l": "Meat, Other", "v": 0.022946035992162161}, {"l": "Mutton & Goat Meat", "v": 0.45052639109837189}]}, {"source": 1, "prod": 2072.0, "target": 7, "value": 1.9285359221064668, "supply": [{"l": "Pelagic Fish", "v": 0.91325223248805409}, {"l": "Crustaceans", "v": 0.010188039980520001}, {"l": "Freshwater Fish", "v": 0.0025321151998368425}, {"l": "Molluscs, Other", "v": 0.00084403839994561414}, {"l": "Demersal Fish", "v": 0.11088565941858841}, {"l": "Fish, Seafood", "v": 0.87442378234365614}, {"l": "Marine Fish, Other", "v": 0.013877939076028845}, {"l": "Cephalopods", "v": 0.0025321151998368425}]}, {"source": 1, "prod": 28.0, "target": 23, "value": 0.023245428603027061, "supply": [{"l": "Aquatic Plants", "v": 0.01162271430151353}, {"l": "Aquatic Products, Other", "v": 0.01162271430151353}]}, {"source": 20, "prod": 2256.0, "target": 14, "value": 9.3092404253040968, "supply": [{"l": "Honey", "v": 0.0036975451101888897}, {"l": "Sweeteners, Other", "v": 0.026123179437230769}, {"l": "Sugar", "v": 9.2794197007566765}]}, {"source": 20, "prod": 317.0, "target": 15, "value": 3.276333597309363, "supply": [{"l": "Soyabean Oil", "v": 0.084900333171}, {"l": "Coconut Oil", "v": 0.1334148092687143}, {"l": "Maize Germ Oil", "v": 0.70701484347574128}, {"l": "Groundnut Oil", "v": 0.44360424081847499}, {"l": "Cottonseed Oil", "v": 0.14554342829314287}, {"l": "Palmkernel Oil", "v": 0.084900333171}, {"l": "Oilcrops Oil, Other", "v": 0.22342192939736846}, {"l": "Palm Oil", "v": 0.092219327409879315}, {"l": "Sunflowerseed Oil", "v": 1.3613143523040419}]}, {"source": 20, "prod": 1925.0, "target": 13, "value": 1.405096987235398, "supply": [{"l": "Beer", "v": 0.61844090898650161}, {"l": "Beverages, Alcoholic", "v": 0.23108809434981567}, {"l": "Alcohol, Non-Food", "v": 0.0013536670389833305}, {"l": "Beverages, Fermented", "v": 0.055047597567231918}, {"l": "Wine", "v": 0.49916671929286555}]}, {"source": 20, "prod": 181.0, "target": 4, "value": 1.1627409331137624, "supply": [{"l": "Fats, Animals, Raw", "v": 0.8935412114062623}, {"l": "Fish, Body Oil", "v": 0.056948888780000005}, {"l": "Butter, Ghee", "v": 0.21225083292750005}]}, {"source": 29, "prod": 0, "target": 2, "value": 0.0014773111932944968, "supply": "[{\"l\":'Energy for power irrigation',\"v\":0.0014773111932944968}]"}, {"source": 29, "prod": 0, "target": 3, "value": 0.0036101180816269481, "supply": "[{\"l\":'Energy for power irrigation',\"v\":0.0036101180816269481}]"}, {"source": 29, "prod": 0, "target": 21, "value": 0.04480416346050476, "supply": "[{\"l\":'Energy for power irrigation',\"v\":0.04480416346050476}]"}, {"source": 29, "prod": 0, "target": 5, "value": 0.0022599926202054878, "supply": "[{\"l\":'Energy for power irrigation',\"v\":0.0022599926202054878}]"}, {"source": 29, "prod": 0, "target": 6, "value": 0.0003543807571846989, "supply": "[{\"l\":'Energy for power irrigation',\"v\":0.0003543807571846989}]"}, {"source": 29, "prod": 0, "target": 19, "value": 0.0065114746488844997, "supply": "[{\"l\":'Energy for power irrigation',\"v\":0.0065114746488844997}]"}, {"source": 29, "prod": 0, "target": 8, "value": 0.026825318849836858, "supply": "[{\"l\":'Energy for power irrigation',\"v\":0.026825318849836858}]"}, {"source": 29, "prod": 0, "target": 16, "value": 1.9567035672774787e-05, "supply": "[{\"l\":'Energy for power irrigation',\"v\":1.9567035672774787e-05}]"}, {"source": 29, "prod": 0, "target": 17, "value": 5.6526991943571615e-05, "supply": "[{\"l\":'Energy for power irrigation',\"v\":5.6526991943571615e-05}]"}, {"source": 29, "prod": 0, "target": 20, "value": 1.8030000014423999, "supply": "[{\"l\":'Electricity',\"v\":1.8030000014423999}]"}, {"source": 30, "prod": 0, "target": 29, "value": 3.5585522900377096, "supply": [{"l": "Coal", "v": 3.3187417931208913}, {"l": "Natural gas", "v": 0.069941323802656455}, {"l": "Oil", "v": 0.16986917311416172}]}, {"source": 31, "prod": 0, "target": 29, "value": 0.49905847210707105, "supply": [{"l": "Nuclear", "v": 0.0}, {"l": "Hydroelectric", "v": 0.49652282676204484}, {"l": "Renewable", "v": 0.0025356453450262012}]}, {"source": 30, "prod": 0, "target": 2, "value": 1.061062701547004, "supply": [{"l": "Motor Gasoline", "v": 0.0087370733142615575}, {"l": "Gas-Diesel oil", "v": 0.11507022469270053}, {"l": "Fuel oil", "v": 0.0017364885394186428}, {"l": "Liquefied petroleum gas (LPG)", "v": 0.00082828656679457256}, {"l": "Coal", "v": 0.012403762471336907}, {"l": "Other fossil fuels", "v": 0.92228686596249176}]}, {"source": 30, "prod": 0, "target": 3, "value": 2.5929280587473142, "supply": [{"l": "Motor Gasoline", "v": 0.021350861277897447}, {"l": "Gas-Diesel oil", "v": 0.2811980987523609}, {"l": "Fuel oil", "v": 0.0042434719936786693}, {"l": "Liquefied petroleum gas (LPG)", "v": 0.0020240910142198493}, {"l": "Coal", "v": 0.03031118113856502}, {"l": "Other fossil fuels", "v": 2.253800354570592}]}, {"source": 30, "prod": 0, "target": 21, "value": 32.180103242797138, "supply": [{"l": "Motor Gasoline", "v": 0.26497955387829603}, {"l": "Gas-Diesel oil", "v": 3.4898707733144554}, {"l": "Fuel oil", "v": 0.05266454131028607}, {"l": "Liquefied petroleum gas (LPG)", "v": 0.025120426149378289}, {"l": "Coal", "v": 0.37618357175763201}, {"l": "Other fossil fuels", "v": 27.971284376387089}]}, {"source": 30, "prod": 0, "target": 5, "value": 1.6232151262076682, "supply": [{"l": "Motor Gasoline", "v": 0.013365986328439865}, {"l": "Gas-Diesel oil", "v": 0.17603458214578691}, {"l": "Fuel oil", "v": 0.0026564824675874596}, {"l": "Liquefied petroleum gas (LPG)", "v": 0.0012671138869506373}, {"l": "Coal", "v": 0.018975292257475664}, {"l": "Other fossil fuels", "v": 1.4109156691214277}]}, {"source": 30, "prod": 0, "target": 6, "value": 0.25453012561024524, "supply": [{"l": "Motor Gasoline", "v": 0.0020958689480862895}, {"l": "Gas-Diesel oil", "v": 0.02760330629125855}, {"l": "Fuel oil", "v": 0.00041655280636532552}, {"l": "Liquefied petroleum gas (LPG)", "v": 0.00019869125884844046}, {"l": "Coal", "v": 0.0029754426531683818}, {"l": "Other fossil fuels", "v": 0.22124026365251823}]}, {"source": 30, "prod": 0, "target": 19, "value": 4.676795866274138, "supply": [{"l": "Motor Gasoline", "v": 0.038509984659622319}, {"l": "Gas-Diesel oil", "v": 0.50718958492220467}, {"l": "Fuel oil", "v": 0.0076538383746266878}, {"l": "Liquefied petroleum gas (LPG)", "v": 0.0036507995107428175}, {"l": "Coal", "v": 0.054671476970793283}, {"l": "Other fossil fuels", "v": 4.0651201818361482}]}, {"source": 30, "prod": 0, "target": 8, "value": 19.266993587987795, "supply": [{"l": "Motor Gasoline", "v": 0.1586495645151085}, {"l": "Gas-Diesel oil", "v": 2.0894686789858503}, {"l": "Fuel oil", "v": 0.031531514118641531}, {"l": "Liquefied petroleum gas (LPG)", "v": 0.015040196915960017}, {"l": "Coal", "v": 0.22523005629520296}, {"l": "Other fossil fuels", "v": 16.747073577157032}]}, {"source": 30, "prod": 0, "target": 16, "value": 0.014053810616516607, "supply": [{"l": "Motor Gasoline", "v": 0.00011572282535445771}, {"l": "Gas-Diesel oil", "v": 0.0015241089363271592}, {"l": "Fuel oil", "v": 2.2999848204220431e-05}, {"l": "Liquefied petroleum gas (LPG)", "v": 1.097068300390162e-05}, {"l": "Coal", "v": 0.00016428824465346893}, {"l": "Other fossil fuels", "v": 0.012215720078973398}]}, {"source": 30, "prod": 0, "target": 17, "value": 0.04059989733660354, "supply": [{"l": "Motor Gasoline", "v": 0.00033431038435732233}, {"l": "Gas-Diesel oil", "v": 0.0044029813716117937}, {"l": "Fuel oil", "v": 6.6444005923303463e-05}, {"l": "Liquefied petroleum gas (LPG)", "v": 3.1693084233493576e-05}, {"l": "Coal", "v": 0.00047461048455446587}, {"l": "Other fossil fuels", "v": 0.035289858005923158}]}, {"source": 30, "prod": 0, "target": 1, "value": 1.2901698343654688, "supply": [{"l": "Gas-diesel oils used in fisheries", "v": 0.85294083401568577}, {"l": "Fuel oil used in fisheries", "v": 0.43722900034978318}]}, {"source": 32, "prod": 4.9265865657495214, "target": 2, "value": 0.057638647677519472, "supply": [{"l": "Potash", "v": 0.13143188470022443}, {"l": "Phosphate", "v": 0.32615193187252733}, {"l": "Nitrogen", "v": 2.8948733335537007}]}, {"source": 32, "prod": 12.03914200504353, "target": 3, "value": 0.14085205955632241, "supply": [{"l": "Potash", "v": 0.13143188470022443}, {"l": "Phosphate", "v": 0.32615193187252733}, {"l": "Nitrogen", "v": 2.8948733335537007}]}, {"source": 32, "prod": 149.41441640465948, "target": 21, "value": 1.7480754250747921, "supply": [{"l": "Potash", "v": 0.13143188470022443}, {"l": "Phosphate", "v": 0.32615193187252733}, {"l": "Nitrogen", "v": 2.8948733335537007}]}, {"source": 32, "prod": 7.5366986535638363, "target": 5, "value": 0.088175679559648987, "supply": [{"l": "Potash", "v": 0.13143188470022443}, {"l": "Phosphate", "v": 0.32615193187252733}, {"l": "Nitrogen", "v": 2.8948733335537007}]}, {"source": 32, "prod": 1.1818007508714818, "target": 6, "value": 0.013826489435519753, "supply": [{"l": "Potash", "v": 0.13143188470022443}, {"l": "Phosphate", "v": 0.32615193187252733}, {"l": "Nitrogen", "v": 2.8948733335537007}]}, {"source": 32, "prod": 21.714682508344101, "target": 19, "value": 0.2540511402416053, "supply": [{"l": "Potash", "v": 0.13143188470022443}, {"l": "Phosphate", "v": 0.32615193187252733}, {"l": "Nitrogen", "v": 2.8948733335537007}]}, {"source": 32, "prod": 89.457966654158142, "target": 8, "value": 1.0466143552157086, "supply": [{"l": "Potash", "v": 0.13143188470022443}, {"l": "Phosphate", "v": 0.32615193187252733}, {"l": "Nitrogen", "v": 2.8948733335537007}]}, {"source": 32, "prod": 0.065252802195357895, "target": 16, "value": 0.00076342579705323795, "supply": [{"l": "Potash", "v": 0.13143188470022443}, {"l": "Phosphate", "v": 0.32615193187252733}, {"l": "Nitrogen", "v": 2.8948733335537007}]}, {"source": 32, "prod": 0.18850809523103393, "target": 17, "value": 0.002205452302598243, "supply": [{"l": "Potash", "v": 0.13143188470022443}, {"l": "Phosphate", "v": 0.32615193187252733}, {"l": "Nitrogen", "v": 2.8948733335537007}]}, {"source": 30, "prod": 0, "target": 32, "value": 4.0718415321219856, "supply": [{"l": "Natural gas (including LNG)", "v": 2.7420560116108508}, {"l": "Fuel oil", "v": 0.81805532674336701}, {"l": "Liquefied petroleum gas (LPG)", "v": 0.25586509688388409}, {"l": "Coal", "v": 0.25586509688388409}]}, {"source": 33, "prod": 0, "target": 5, "value": 0.044393908333785079, "supply": "[{\"l\":'Labor',\"v\":0.044393908333785079}]"}, {"source": 33, "prod": 0, "target": 2, "value": 0.029019394625114926, "supply": "[{\"l\":'Labor',\"v\":0.029019394625114926}]"}, {"source": 33, "prod": 0, "target": 11, "value": 4.2706982524083774e-05, "supply": "[{\"l\":'Labor',\"v\":4.2706982524083774e-05}]"}, {"source": 33, "prod": 0, "target": 3, "value": 0.070914944481241096, "supply": "[{\"l\":'Labor',\"v\":0.070914944481241096}]"}, {"source": 33, "prod": 0, "target": 21, "value": 0.88010549585631836, "supply": "[{\"l\":'Labor',\"v\":0.88010549585631836}]"}, {"source": 33, "prod": 0, "target": 6, "value": 0.0069612381514256539, "supply": "[{\"l\":'Labor',\"v\":0.0069612381514256539}]"}, {"source": 33, "prod": 0, "target": 12, "value": 8.5413965048167548e-05, "supply": "[{\"l\":'Labor',\"v\":8.5413965048167548e-05}]"}, {"source": 33, "prod": 0, "target": 8, "value": 0.52694010387340762, "supply": "[{\"l\":'Labor',\"v\":0.52694010387340762}]"}, {"source": 33, "prod": 0, "target": 16, "value": 0.00038436284271675393, "supply": "[{\"l\":'Labor',\"v\":0.00038436284271675393}]"}, {"source": 33, "prod": 0, "target": 17, "value": 0.001110381545626178, "supply": "[{\"l\":'Labor',\"v\":0.001110381545626178}]"}, {"source": 33, "prod": 0, "target": 19, "value": 0.1279074126596309, "supply": "[{\"l\":'Labor',\"v\":0.1279074126596309}]"}, {"source": 30, "prod": 0, "target": 25, "value": 3.9331980165946647, "supply": "[{\"l\":'Fossil Fuels',\"v\":3.9331980165946647}]"}, {"source": 31, "prod": 0, "target": 25, "value": 6.0497677230358393, "supply": "[{\"l\":'Renewables & Nuclear',\"v\":0.1506818106273177},{\"l\":'Biomass & Waste',\"v\":5.8990859124085215}]"}]}