{"nodes": [{"layer": 13, "name": "Other Processed", "fill": "#9c9ede"}, {"layer": 10, "name": "Feed", "fill": "#dbdb8d"}, {"layer": 5, "name": "Fruits & Vegetables"}, {"layer": 5, "name": "Cereals", "fill": "#e7ba52"}, {"layer": 16, "name": "Food", "fill": "#b5cf6b"}, {"layer": 13, "name": "Animal Products", "fill": "#17becf"}, {"layer": 5, "name": "Oilcrops", "fill": "#ff9896"}, {"layer": 13, "name": "Sugar", "fill": "#d6616b"}, {"layer": 5, "name": "Starchy Roots"}, {"layer": 5, "name": "Others"}, {"layer": 13, "name": "Aquatic Products", "fill": "#1f77b4"}, {"layer": 13, "name": "Vegetable Oils", "fill": "#f7b6d2"}, {"layer": 5, "name": "Sugar Crops", "fill": "#ffbb78"}, {"layer": 10, "name": "Processing", "fill": "#9edae5"}, {"layer": 16, "name": "Biofuels & Other", "fill": "#e7ba52"}, {"name": "Seed", "fill": "#dbdb8d"}, {"name": "Waste", "fill": "#c7c7c7"}, {"layer": 0, "name": "Import", "fill": "#aec7e8"}, {"layer": 16, "name": "Export", "fill": "#aec7e8"}, {"layer": 0, "name": "Stock Draw", "fill": "#c7c7c7"}, {"layer": 16, "name": "Stock Deposit", "fill": "#c7c7c7"}, {"layer": 0, "name": "Production", "fill": "#b5cf6b"}], "links": [{"source": 0, "prod": 0.0088165730600653844, "target": 1, "value": 1.0, "supply": [{"l": "Fats, Animals, Raw", "v": 1.0}]}, {"source": 2, "prod": 0.0049296967647677421, "target": 1, "value": 5.0, "supply": [{"l": "Plantains", "v": 5.0}]}, {"source": 3, "prod": 0.16473217930355893, "target": 1, "value": 46.0, "supply": [{"l": "Maize", "v": 10.0}, {"l": "Sorghum", "v": 30.0}, {"l": "Oats", "v": 6.0}]}, {"source": 0, "prod": 0.093992072264469415, "target": 4, "value": 43.0, "supply": [{"l": "Beer", "v": 28.0}, {"l": "Beverages, Alcoholic", "v": 9.0}, {"l": "Butter, Ghee", "v": 2.0}, {"l": "Fats, Animals, Raw", "v": 4.0}]}, {"source": 5, "prod": 0.26633459623994343, "target": 4, "value": 284.0, "supply": [{"l": "Eggs", "v": 30.0}, {"l": "Pigmeat", "v": 11.0}, {"l": "Milk - Excluding Butter", "v": 185.0}, {"l": "Meat, Other", "v": 2.0}, {"l": "Bovine Meat", "v": 37.0}, {"l": "Poultry Meat", "v": 10.0}, {"l": "Offals, Edible", "v": 9.0}]}, {"source": 3, "prod": 1.3369641195679642, "target": 4, "value": 347.0, "supply": [{"l": "Maize", "v": 185.0}, {"l": "Rice", "v": 89.0}, {"l": "Wheat", "v": 38.0}, {"l": "Oats", "v": 1.0}, {"l": "Sorghum", "v": 34.0}]}, {"source": 6, "prod": 0.064593175989656026, "target": 4, "value": 10.0, "supply": [{"l": "Sesame seed", "v": 1.0}, {"l": "Groundnuts", "v": 9.0}]}, {"source": 7, "prod": 0.49015792350723991, "target": 4, "value": 130.0, "supply": [{"l": "Sugar", "v": 128.0}, {"l": "Sugar non-centrifugal", "v": 1.0}, {"l": "Sweeteners, Other", "v": 1.0}]}, {"source": 8, "prod": 0.026048112829652519, "target": 4, "value": 26.0, "supply": [{"l": "Potatoes", "v": 12.0}, {"l": "Cassava", "v": 14.0}]}, {"source": 2, "prod": 0.3031837350885046, "target": 4, "value": 283.0, "supply": [{"l": "Vegetables, Other", "v": 25.0}, {"l": "Plantains", "v": 76.0}, {"l": "Fruits, Other", "v": 16.0}, {"l": "Tomatoes", "v": 19.0}, {"l": "Beans", "v": 43.0}, {"l": "Apples", "v": 1.0}, {"l": "Pineapples", "v": 27.0}, {"l": "Bananas", "v": 18.0}, {"l": "Oranges, Mandarines", "v": 51.0}, {"l": "Onions", "v": 7.0}]}, {"source": 9, "prod": 0.0087109910340407819, "target": 4, "value": 6.0, "supply": [{"l": "Coffee", "v": 4.0}, {"l": "Cocoa Beans", "v": 1.0}, {"l": "Infant food", "v": 1.0}]}, {"source": 10, "prod": 0.0067284996045241484, "target": 4, "value": 6.0, "supply": [{"l": "Crustaceans", "v": 1.0}, {"l": "Marine Fish, Other", "v": 1.0}, {"l": "Pelagic Fish", "v": 1.0}, {"l": "Fish, Seafood", "v": 3.0}]}, {"source": 11, "prod": 0.14471836106364028, "target": 4, "value": 14.0, "supply": [{"l": "Groundnut Oil", "v": 2.0}, {"l": "Soyabean Oil", "v": 3.0}, {"l": "Cottonseed Oil", "v": 9.0}]}, {"source": 12, "prod": 0.66645206588078021, "target": 13, "value": 2143.0, "supply": [{"l": "Sugar cane", "v": 2143.0}]}, {"source": 3, "prod": 0.017479480358735297, "target": 13, "value": 6.0, "supply": [{"l": "Barley", "v": 6.0}]}, {"source": 6, "prod": 0.41497494279371205, "target": 13, "value": 69.545454545454547, "supply": [{"l": "Cottonseed", "v": 31.0}, {"l": "Groundnuts", "v": 5.0}, {"l": "Soyabeans", "v": 17.0}, {"l": "Palm kernels", "v": 2.0}, {"l": "Oil Palm", "v": 14.545454545454547}]}, {"source": 7, "prod": 0.033960133268399993, "target": 13, "value": 9.0, "supply": [{"l": "Sugar non-centrifugal", "v": 9.0}]}, {"source": 0, "prod": 0.14988174202111154, "target": 14, "value": 17.0, "supply": [{"l": "Fats, Animals, Raw", "v": 17.0}]}, {"source": 11, "prod": 0.1957447078061981, "target": 14, "value": 19.0, "supply": [{"l": "Palm Oil", "v": 3.0}, {"l": "Cottonseed Oil", "v": 15.0}, {"l": "Palmkernel Oil", "v": 1.0}]}, {"source": 3, "prod": 0.066989978939986358, "target": 14, "value": 17.0, "supply": [{"l": "Rice", "v": 17.0}]}, {"source": 12, "prod": 0.0099516874046593415, "target": 14, "value": 32.0, "supply": [{"l": "Sugar cane", "v": 32.0}]}, {"source": 2, "prod": 0.011734713723786254, "target": 15, "value": 3.0, "supply": [{"l": "Beans", "v": 3.0}]}, {"source": 3, "prod": 0.027548208621289243, "target": 15, "value": 7.0, "supply": [{"l": "Maize", "v": 4.0}, {"l": "Rice", "v": 2.0}, {"l": "Sorghum", "v": 1.0}]}, {"source": 6, "prod": 0.019267049778658674, "target": 15, "value": 3.0, "supply": [{"l": "Groundnuts", "v": 1.0}, {"l": "Cottonseed", "v": 2.0}]}, {"source": 8, "prod": 0.0039785302016472146, "target": 16, "value": 4.0, "supply": [{"l": "Potatoes", "v": 2.0}, {"l": "Cassava", "v": 2.0}]}, {"source": 2, "prod": 0.037920082850196934, "target": 16, "value": 52.0, "supply": [{"l": "Pineapples", "v": 7.0}, {"l": "Bananas", "v": 12.0}, {"l": "Vegetables, Other", "v": 2.0}, {"l": "Fruits, Other", "v": 2.0}, {"l": "Beans", "v": 2.0}, {"l": "Oranges, Mandarines", "v": 9.0}, {"l": "Plantains", "v": 14.0}, {"l": "Onions", "v": 1.0}, {"l": "Tomatoes", "v": 3.0}]}, {"source": 5, "prod": 0.0068211707343719848, "target": 16, "value": 9.0, "supply": [{"l": "Eggs", "v": 1.0}, {"l": "Milk - Excluding Butter", "v": 8.0}]}, {"source": 3, "prod": 0.13627210750282898, "target": 16, "value": 35.0, "supply": [{"l": "Maize", "v": 19.0}, {"l": "Wheat", "v": 1.0}, {"l": "Sorghum", "v": 9.0}, {"l": "Rice", "v": 6.0}]}, {"source": 9, "prod": 0.00062426715566911775, "target": 16, "value": 1.0, "supply": [{"l": "Coffee", "v": 1.0}]}, {"source": 17, "prod": 0.00621392241136431, "target": 9, "value": 2.0, "supply": [{"l": "Infant food", "v": 1.0}, {"l": "Cocoa Beans", "v": 1.0}]}, {"source": 17, "prod": 0.03638541350106491, "target": 1, "value": 40.0, "supply": [{"l": "Fish, Seafood", "v": 1.0}, {"l": "Milk - Excluding Butter", "v": 28.0}, {"l": "Pelagic Fish", "v": 1.0}, {"l": "Bovine Meat", "v": 5.0}, {"l": "Eggs", "v": 2.0}, {"l": "Poultry Meat", "v": 3.0}]}, {"source": 17, "prod": 0.3160740598261495, "target": 13, "value": 34.0, "supply": [{"l": "Sugar", "v": 1.0}, {"l": "Fats, Animals, Raw", "v": 14.0}, {"l": "Sweeteners, Other", "v": 1.0}, {"l": "Soyabean Oil", "v": 1.0}, {"l": "Cottonseed Oil", "v": 17.0}]}, {"source": 17, "prod": 0.5865925899728508, "target": 3, "value": 165.0, "supply": [{"l": "Maize", "v": 54.0}, {"l": "Oats", "v": 8.0}, {"l": "Barley", "v": 9.0}, {"l": "Rice", "v": 40.0}, {"l": "Sorghum", "v": 1.0}, {"l": "Wheat", "v": 53.0}]}, {"source": 17, "prod": 0.082317759716086181, "target": 2, "value": 68.0, "supply": [{"l": "Fruits, Other", "v": 8.0}, {"l": "Beans", "v": 13.0}, {"l": "Tomatoes", "v": 2.0}, {"l": "Vegetables, Other", "v": 13.0}, {"l": "Oranges, Mandarines", "v": 9.0}, {"l": "Plantains", "v": 20.0}, {"l": "Onions", "v": 2.0}, {"l": "Apples", "v": 1.0}]}, {"source": 17, "prod": 0.10917994874573249, "target": 6, "value": 17.0, "supply": [{"l": "Soyabeans", "v": 16.0}, {"l": "Palm kernels", "v": 1.0}]}, {"source": 17, "prod": 0.010809591491267905, "target": 8, "value": 12.0, "supply": [{"l": "Potatoes", "v": 12.0}]}, {"source": 5, "prod": 0.032950828608325169, "target": 18, "value": 24.0, "supply": [{"l": "Bovine Meat", "v": 24.0}]}, {"source": 3, "prod": 0.019076489968318781, "target": 18, "value": 5.0, "supply": [{"l": "Maize", "v": 4.0}, {"l": "Wheat", "v": 1.0}]}, {"source": 6, "prod": 0.042051871768206642, "target": 18, "value": 7.0, "supply": [{"l": "Coconuts - Incl Copra", "v": 1.0}, {"l": "Sesame seed", "v": 5.0}, {"l": "Groundnuts", "v": 1.0}]}, {"source": 7, "prod": 0.23394758473786667, "target": 18, "value": 62.0, "supply": [{"l": "Sugar", "v": 62.0}]}, {"source": 2, "prod": 0.086545862180897534, "target": 18, "value": 125.0, "supply": [{"l": "Bananas", "v": 121.0}, {"l": "Vegetables, Other", "v": 1.0}, {"l": "Fruits, Other", "v": 3.0}]}, {"source": 9, "prod": 0.029964823472117649, "target": 18, "value": 48.0, "supply": [{"l": "Coffee", "v": 48.0}]}, {"source": 10, "prod": 0.010098509308812214, "target": 18, "value": 12.0, "supply": [{"l": "Crustaceans", "v": 5.0}, {"l": "Marine Fish, Other", "v": 1.0}, {"l": "Fish, Seafood", "v": 6.0}]}, {"source": 19, "prod": 0.027380998688834601, "target": 2, "value": 7.0, "supply": [{"l": "Beans", "v": 7.0}]}, {"source": 11, "prod": 0.020731476704546514, "target": 20, "value": 2.0, "supply": [{"l": "Soyabean Oil", "v": 2.0}]}, {"source": 9, "prod": 0.0037456029340147061, "target": 20, "value": 6.0, "supply": [{"l": "Coffee", "v": 6.0}]}, {"source": 3, "prod": 0.15938737400217495, "target": 20, "value": 44.0, "supply": [{"l": "Maize", "v": 14.0}, {"l": "Wheat", "v": 13.0}, {"l": "Barley", "v": 2.0}, {"l": "Sorghum", "v": 15.0}]}, {"source": 6, "prod": 0.020376079961040003, "target": 20, "value": 3.0, "supply": [{"l": "Sesame seed", "v": 3.0}]}, {"source": 19, "prod": 0.084747734532947552, "target": 13, "value": 19.0, "supply": [{"l": "Cottonseed Oil", "v": 2.0}, {"l": "Sugar", "v": 17.0}]}, {"source": 21, "prod": 1.3506856083677454, "target": 3, "value": 345.0, "supply": [{"l": "Maize", "v": 182.0}, {"l": "Rice", "v": 75.0}, {"l": "Sorghum", "v": 88.0}]}, {"source": 21, "prod": 0.45208317154554084, "target": 6, "value": 75.545454545454547, "supply": [{"l": "Coconuts - Incl Copra", "v": 1.0}, {"l": "Sesame seed", "v": 9.0}, {"l": "Cottonseed", "v": 34.0}, {"l": "Groundnuts", "v": 15.0}, {"l": "Soyabeans", "v": 1.0}, {"l": "Palm kernels", "v": 1.0}, {"l": "Oil Palm", "v": 14.545454545454547}]}, {"source": 21, "prod": 0.67640375328543967, "target": 12, "value": 2175.0, "supply": [{"l": "Sugar cane", "v": 2175.0}]}, {"source": 21, "prod": 0.019217051540031831, "target": 8, "value": 18.0, "supply": [{"l": "Potatoes", "v": 2.0}, {"l": "Cassava", "v": 16.0}]}, {"source": 21, "prod": 0.33326773405972465, "target": 2, "value": 392.0, "supply": [{"l": "Plantains", "v": 74.0}, {"l": "Fruits, Other", "v": 14.0}, {"l": "Tomatoes", "v": 20.0}, {"l": "Vegetables, Other", "v": 15.0}, {"l": "Beans", "v": 28.0}, {"l": "Pineapples", "v": 34.0}, {"l": "Bananas", "v": 150.0}, {"l": "Oranges, Mandarines", "v": 52.0}, {"l": "Onions", "v": 5.0}]}, {"source": 21, "prod": 0.039065981478451625, "target": 9, "value": 60.0, "supply": [{"l": "Coffee", "v": 59.0}, {"l": "Cocoa Beans", "v": 1.0}]}, {"source": 1, "prod": 0.016827008913336362, "target": 10, "value": 18.0, "supply": [{"l": "Crustaceans", "v": 6.0}, {"l": "Pelagic Fish", "v": 1.0}, {"l": "Marine Fish, Other", "v": 2.0}, {"l": "Fish, Seafood", "v": 9.0}]}, {"source": 1, "prod": 0.30610659558264058, "target": 5, "value": 317.0, "supply": [{"l": "Poultry Meat", "v": 10.0}, {"l": "Pigmeat", "v": 11.0}, {"l": "Bovine Meat", "v": 61.0}, {"l": "Eggs", "v": 31.0}, {"l": "Milk - Excluding Butter", "v": 193.0}, {"l": "Offals, Edible", "v": 9.0}, {"l": "Meat, Other", "v": 2.0}]}, {"source": 13, "prod": 0.25269038734564631, "target": 0, "value": 61.0, "supply": [{"l": "Fats, Animals, Raw", "v": 22.0}, {"l": "Beer", "v": 28.0}, {"l": "Beverages, Alcoholic", "v": 9.0}, {"l": "Butter, Ghee", "v": 2.0}]}, {"source": 13, "prod": 0.36119454557438485, "target": 11, "value": 35.0, "supply": [{"l": "Cottonseed Oil", "v": 24.0}, {"l": "Palm Oil", "v": 3.0}, {"l": "Groundnut Oil", "v": 2.0}, {"l": "Soyabean Oil", "v": 5.0}, {"l": "Palmkernel Oil", "v": 1.0}]}, {"source": 13, "prod": 0.75806564151350664, "target": 7, "value": 201.0, "supply": [{"l": "Sweeteners, Other", "v": 1.0}, {"l": "Sugar non-centrifugal", "v": 10.0}, {"l": "Sugar", "v": 190.0}]}]}