{"nodes": [{"name": "Balance", "fill": "#9edae5"}, {"name": "Food", "fill": "#b5cf6b"}, {"name": "Stock Deposit", "fill": "#c7c7c7"}, {"name": "Export", "fill": "#aec7e8"}, {"name": "Biofuels & Other", "fill": "#e7ba52"}, {"name": "Crop Residue", "fill": "#bd9e39"}, {"name": "Renewables & Nuclear", "fill": "#2ca02c"}, {"name": "Fossil Fuels", "fill": "#c49c94"}, {"name": "Stock Draw", "fill": "#c7c7c7"}, {"name": "Labor", "fill": "#7f7f7f"}], "links": [{"source": 0, "target": 1, "value": 2.1059991695892593}, {"source": 0, "target": 2, "value": 0.075664538158465827}, {"source": 0, "target": 3, "value": 0.90798075903431175}, {"source": 0, "target": 4, "value": 0.17150871544754639}, {"source": 0, "target": 5, "value": 6.0309504368817626}, {"source": 6, "target": 0, "value": 0.22336431434505089}, {"source": 7, "target": 0, "value": 0.98083419908637215}, {"source": 8, "target": 0, "value": 0.0084338079308940404}, {"source": 9, "target": 0, "value": 0.15583174186181487}]}