{"nodes": [{"name": "Balance", "fill": "#9edae5"}, {"name": "Food", "fill": "#b5cf6b"}, {"name": "Stock Deposit", "fill": "#c7c7c7"}, {"name": "Export", "fill": "#aec7e8"}, {"name": "Biofuels & Other", "fill": "#e7ba52"}, {"name": "Renewables & Nuclear", "fill": "#2ca02c"}, {"name": "Fossil Fuels", "fill": "#c49c94"}, {"name": "Labor", "fill": "#7f7f7f"}], "links": [{"source": 0, "target": 1, "value": 2.6245866878067945}, {"source": 0, "target": 2, "value": 0.3333535498570141}, {"source": 0, "target": 3, "value": 0.80554132239390963}, {"source": 0, "target": 4, "value": 0.37529303230421102}, {"source": 5, "target": 0, "value": 0.31779860931046616}, {"source": 6, "target": 0, "value": 1.7242793161669838}, {"source": 7, "target": 0, "value": 0.1946490220455252}]}