{"nodes": [{"layer": 13, "name": "Milk - Excluding Butter"}, {"layer": 10, "name": "Feed", "fill": "#dbdb8d"}, {"layer": 5, "name": "Cereals - Excluding Beer"}, {"layer": 5, "name": "Fruits - Excluding Wine"}, {"layer": 16, "name": "Food", "fill": "#b5cf6b"}, {"layer": 13, "name": "Meat"}, {"layer": 13, "name": "Sugar & Sweeteners"}, {"layer": 5, "name": "Vegetables"}, {"layer": 13, "name": "Alcoholic Beverages"}, {"layer": 13, "name": "Animal Fats"}, {"layer": 5, "name": "Starchy Roots"}, {"layer": 5, "name": "Pulses"}, {"layer": 13, "name": "Fish, Seafood"}, {"layer": 13, "name": "Vegetable Oils", "fill": "#f7b6d2"}, {"layer": 5, "name": "Stimulants"}, {"layer": 13, "name": "Eggs"}, {"layer": 5, "name": "Oilcrops", "fill": "#ff9896"}, {"layer": 10, "name": "Processing", "fill": "#9edae5"}, {"layer": 5, "name": "Sugar Crops", "fill": "#ffbb78"}, {"layer": 16, "name": "Biofuels & Other", "fill": "#e7ba52"}, {"name": "Waste", "fill": "#c7c7c7"}, {"layer": 2, "name": "Import", "fill": "#aec7e8"}, {"layer": 16, "name": "Export", "fill": "#aec7e8"}, {"layer": 16, "name": "Stock Deposit", "fill": "#c7c7c7"}, {"layer": 0, "name": "Stock Draw", "fill": "#c7c7c7"}, {"layer": 2, "name": "Electricity", "fill": "#bcbd22"}, {"layer": 0, "name": "Fossil Fuels", "fill": "#c49c94"}, {"layer": 0, "name": "Renewables & Nuclear", "fill": "#2ca02c"}, {"layer": 2, "name": "Fertilizers", "fill": "#c5b0d5"}, {"layer": 0, "name": "Labor", "fill": "#7f7f7f"}], "links": [{"source": 0, "prod": 50.0, "target": 1, "value": 0.034234005310887099, "supply": [{"l": "Milk - Excluding Butter", "v": 0.034234005310887099}]}, {"source": 2, "prod": 27.0, "target": 1, "value": 0.10277485919422419, "supply": [{"l": "Maize", "v": 0.019823336066071486}, {"l": "Sorghum", "v": 0.08295152312815271}]}, {"source": 3, "prod": 3.0, "target": 1, "value": 0.0029414541783970094, "supply": [{"l": "Plantains", "v": 0.0029414541783970094}]}, {"source": 0, "prod": 179.0, "target": 4, "value": 0.1225577390129758, "supply": [{"l": "Milk - Excluding Butter", "v": 0.1225577390129758}]}, {"source": 5, "prod": 32.0, "target": 4, "value": 0.044383148234005722, "supply": [{"l": "Pigmeat", "v": 0.0068223482012410731}, {"l": "Meat, Other", "v": 0.0006632838528984375}, {"l": "Bovine Meat", "v": 0.026184214903205608}, {"l": "Poultry Meat", "v": 0.0033425328020078738}, {"l": "Offals, Edible", "v": 0.0073707684746527335}]}, {"source": 6, "prod": 72.0, "target": 4, "value": 0.2995688577053563, "supply": [{"l": "Sugar non-centrifugal", "v": 0.058249500109374838}, {"l": "Sugar", "v": 0.24131935759598144}]}, {"source": 7, "prod": 23.0, "target": 4, "value": 0.0060949677395693421, "supply": [{"l": "Tomatoes", "v": 0.0023743313513923726}, {"l": "Vegetables, Other", "v": 0.0023438742286472397}, {"l": "Onions", "v": 0.0013767621595297296}]}, {"source": 8, "prod": 16.0, "target": 4, "value": 0.034090967984239218, "supply": [{"l": "Beer", "v": 0.0031780873379518727}, {"l": "Beverages, Alcoholic", "v": 0.030912880646287343}]}, {"source": 9, "prod": 4.0, "target": 4, "value": 0.03382537083479524, "supply": [{"l": "Butter, Ghee", "v": 0.0169800666342}, {"l": "Fats, Animals, Raw", "v": 0.01684530420059524}]}, {"source": 10, "prod": 13.0, "target": 4, "value": 0.013705488931754453, "supply": [{"l": "Potatoes", "v": 0.0019898515586953126}, {"l": "Cassava", "v": 0.01171563737305914}]}, {"source": 11, "prod": 33.0, "target": 4, "value": 0.129396290917247, "supply": [{"l": "Beans", "v": 0.129396290917247}]}, {"source": 12, "prod": 8.0, "target": 4, "value": 0.0081031711740497409, "supply": [{"l": "Freshwater Fish", "v": 0.001326567705796875}, {"l": "Crustaceans", "v": 0.00096477651330681825}, {"l": "Fish, Seafood", "v": 0.0037068600168220804}, {"l": "Marine Fish, Other", "v": 0.0021049669381239667}]}, {"source": 3, "prod": 120.0, "target": 4, "value": 0.079349540392105983, "supply": [{"l": "Fruits, Other", "v": 0.0041280550974554294}, {"l": "Pineapples", "v": 0.0063933805710166122}, {"l": "Bananas", "v": 0.01186034922062864}, {"l": "Oranges, Mandarines", "v": 0.0079435191963884728}, {"l": "Plantains", "v": 0.049024236306616828}]}, {"source": 2, "prod": 191.0, "target": 4, "value": 0.73082087327640155, "supply": [{"l": "Maize", "v": 0.49558340165178705}, {"l": "Rice", "v": 0.090539077103409762}, {"l": "Sorghum", "v": 0.071639951792495521}, {"l": "Wheat", "v": 0.073058442728709233}]}, {"source": 13, "prod": 4.0, "target": 4, "value": 0.040926314451661547, "supply": [{"l": "Cottonseed Oil", "v": 0.040926314451661547}]}, {"source": 14, "prod": 1.0, "target": 4, "value": 0.00074473976465789485, "supply": [{"l": "Coffee", "v": 0.00074473976465789485}]}, {"source": 15, "prod": 8.0, "target": 4, "value": 0.012183007450547085, "supply": [{"l": "Eggs", "v": 0.012183007450547085}]}, {"source": 16, "prod": 1.0, "target": 4, "value": 0.001632698714826923, "supply": [{"l": "Coconuts - Incl Copra", "v": 0.001632698714826923}]}, {"source": 6, "prod": 7.0, "target": 17, "value": 0.029124750054687419, "supply": [{"l": "Sugar non-centrifugal", "v": 0.029124750054687419}]}, {"source": 18, "prod": 1229.0, "target": 17, "value": 0.39673957972303803, "supply": [{"l": "Sugar cane", "v": 0.39673957972303803}]}, {"source": 16, "prod": 23.0, "target": 17, "value": 0.11641141836715964, "supply": [{"l": "Cottonseed", "v": 0.11641141836715964}]}, {"source": 2, "prod": 2.0, "target": 17, "value": 0.0058068624102806613, "supply": [{"l": "Barley", "v": 0.0058068624102806613}]}, {"source": 13, "prod": 2.0, "target": 19, "value": 0.019405790439085718, "supply": [{"l": "Palm Oil", "v": 0.019405790439085718}]}, {"source": 18, "prod": 71.0, "target": 19, "value": 0.022919861806619774, "supply": [{"l": "Sugar cane", "v": 0.022919861806619774}]}, {"source": 9, "prod": 3.0, "target": 19, "value": 0.02526795630089286, "supply": [{"l": "Fats, Animals, Raw", "v": 0.02526795630089286}]}, {"source": 2, "prod": 5.0, "target": 2, "value": 0.019601007031387015, "supply": [{"l": "Maize", "v": 0.01189400163964289}, {"l": "Rice", "v": 0.0039364816131917287}, {"l": "Sorghum", "v": 0.0037705237785523953}]}, {"source": 11, "prod": 2.0, "target": 11, "value": 0.0078421994495301208, "supply": [{"l": "Beans", "v": 0.0078421994495301208}]}, {"source": 16, "prod": 2.0, "target": 16, "value": 0.010122732031926924, "supply": [{"l": "Cottonseed", "v": 0.010122732031926924}]}, {"source": 10, "prod": 1.0, "target": 20, "value": 0.0010650579430053764, "supply": [{"l": "Cassava", "v": 0.0010650579430053764}]}, {"source": 7, "prod": 3.0, "target": 20, "value": 0.00069212707919376099, "supply": [{"l": "Vegetables, Other", "v": 0.00026043046984969325}, {"l": "Tomatoes", "v": 0.00043169660934406779}]}, {"source": 0, "prod": 12.0, "target": 20, "value": 0.0082161612746129032, "supply": [{"l": "Milk - Excluding Butter", "v": 0.0082161612746129032}]}, {"source": 11, "prod": 2.0, "target": 20, "value": 0.0078421994495301208, "supply": [{"l": "Beans", "v": 0.0078421994495301208}]}, {"source": 3, "prod": 22.0, "target": 20, "value": 0.014087944050195743, "supply": [{"l": "Pineapples", "v": 0.0015043248402392029}, {"l": "Bananas", "v": 0.0014825436525785799}, {"l": "Plantains", "v": 0.0088243625351910274}, {"l": "Fruits, Other", "v": 0.00068800918290923827}, {"l": "Oranges, Mandarines", "v": 0.0015887038392776948}]}, {"source": 2, "prod": 19.0, "target": 20, "value": 0.074301588677716995, "supply": [{"l": "Maize", "v": 0.047576006558571561}, {"l": "Rice", "v": 0.0078729632263834573}, {"l": "Sorghum", "v": 0.018852618892761977}]}, {"source": 21, "prod": 12.0, "target": 1, "value": 0.0088259995354449221, "supply": [{"l": "Milk - Excluding Butter", "v": 0.006846801062177419}, {"l": "Marine Fish, Other", "v": 0.0010524834690619834}, {"l": "Fish, Seafood", "v": 0.00092671500420552009}]}, {"source": 21, "prod": 36.0, "target": 2, "value": 0.11839923487104259, "supply": [{"l": "Maize", "v": 0.023788003279285781}, {"l": "Wheat", "v": 0.073058442728709233}, {"l": "Barley", "v": 0.0058068624102806613}, {"l": "Rice", "v": 0.015745926452766915}]}, {"source": 21, "prod": 3.0, "target": 17, "value": 0.027828442539383338, "supply": [{"l": "Fats, Animals, Raw", "v": 0.0084226521002976201}, {"l": "Palm Oil", "v": 0.019405790439085718}]}, {"source": 21, "prod": 3.0, "target": 14, "value": 0.0022342192939736848, "supply": [{"l": "Coffee", "v": 0.0022342192939736848}]}, {"source": 21, "prod": 2.0, "target": 3, "value": 0.00068800918290923827, "supply": [{"l": "Fruits, Other", "v": 0.00068800918290923827}]}, {"source": 21, "prod": 1.0, "target": 10, "value": 0.00099492577934765631, "supply": [{"l": "Potatoes", "v": 0.00099492577934765631}]}, {"source": 5, "prod": 11.0, "target": 22, "value": 0.016001464663070095, "supply": [{"l": "Bovine Meat", "v": 0.016001464663070095}]}, {"source": 0, "prod": 2.0, "target": 22, "value": 0.0013693602124354839, "supply": [{"l": "Milk - Excluding Butter", "v": 0.0013693602124354839}]}, {"source": 11, "prod": 4.0, "target": 22, "value": 0.015684398899060242, "supply": [{"l": "Beans", "v": 0.015684398899060242}]}, {"source": 12, "prod": 4.0, "target": 22, "value": 0.0037829830350246769, "supply": [{"l": "Fish, Seafood", "v": 0.0018534300084110402}, {"l": "Crustaceans", "v": 0.0019295530266136365}]}, {"source": 6, "prod": 41.0, "target": 22, "value": 0.17058782174888343, "supply": [{"l": "Sugar", "v": 0.17058782174888343}]}, {"source": 2, "prod": 5.0, "target": 22, "value": 0.01971059366598121, "supply": [{"l": "Maize", "v": 0.0039646672132142959}, {"l": "Rice", "v": 0.015745926452766915}]}, {"source": 14, "prod": 25.0, "target": 22, "value": 0.018618494116447372, "supply": [{"l": "Coffee", "v": 0.018618494116447372}]}, {"source": 3, "prod": 11.0, "target": 22, "value": 0.008153990089182191, "supply": [{"l": "Bananas", "v": 0.008153990089182191}]}, {"source": 16, "prod": 82.0, "target": 22, "value": 0.42874668251355014, "supply": [{"l": "Coconuts - Incl Copra", "v": 0.0032653974296538461}, {"l": "Cottonseed", "v": 0.37454108518129625}, {"l": "Sesame seed", "v": 0.050940199902600007}]}, {"source": 2, "prod": 12.0, "target": 23, "value": 0.047187719689247759, "supply": [{"l": "Maize", "v": 0.039646672132142971}, {"l": "Sorghum", "v": 0.0075410475571047906}]}, {"source": 24, "prod": 11.0, "target": 17, "value": 0.045767464371651655, "supply": [{"l": "Sugar", "v": 0.045767464371651655}]}, {"source": 14, "prod": 6.0, "target": 23, "value": 0.0044684385879473695, "supply": [{"l": "Coffee", "v": 0.0044684385879473695}]}, {"source": 24, "prod": 4.0, "target": 11, "value": 0.015684398899060242, "supply": [{"l": "Beans", "v": 0.015684398899060242}]}, {"source": 1, "prod": 243.0, "target": 0, "value": 0.16637726581091128, "supply": [{"l": "Milk - Excluding Butter", "v": 0.16637726581091128}]}, {"source": 1, "prod": 8.0, "target": 15, "value": 0.012183007450547085, "supply": [{"l": "Eggs", "v": 0.012183007450547085}]}, {"source": 1, "prod": 43.0, "target": 5, "value": 0.060384612897075821, "supply": [{"l": "Poultry Meat", "v": 0.0033425328020078738}, {"l": "Bovine Meat", "v": 0.042185679566275704}, {"l": "Pigmeat", "v": 0.0068223482012410731}, {"l": "Offals, Edible", "v": 0.0073707684746527335}, {"l": "Meat, Other", "v": 0.0006632838528984375}]}, {"source": 1, "prod": 12.0, "target": 12, "value": 0.011886154209074417, "supply": [{"l": "Crustaceans", "v": 0.0028943295399204549}, {"l": "Freshwater Fish", "v": 0.001326567705796875}, {"l": "Marine Fish, Other", "v": 0.0021049669381239667}, {"l": "Fish, Seafood", "v": 0.0055602900252331201}]}, {"source": 17, "prod": 120.0, "target": 6, "value": 0.49928142950892712, "supply": [{"l": "Sugar non-centrifugal", "v": 0.08737425016406225}, {"l": "Sugar", "v": 0.41190717934486487}]}, {"source": 17, "prod": 6.0, "target": 13, "value": 0.060332104890747265, "supply": [{"l": "Cottonseed Oil", "v": 0.040926314451661547}, {"l": "Palm Oil", "v": 0.019405790439085718}]}, {"source": 17, "prod": 7.0, "target": 9, "value": 0.059093327135688101, "supply": [{"l": "Fats, Animals, Raw", "v": 0.042113260501488101}, {"l": "Butter, Ghee", "v": 0.0169800666342}]}, {"source": 17, "prod": 16.0, "target": 8, "value": 0.034090967984239218, "supply": [{"l": "Beer", "v": 0.0031780873379518727}, {"l": "Beverages, Alcoholic", "v": 0.030912880646287343}]}, {"source": 25, "prod": 0, "target": 16, "value": 6.7756525925206743e-07, "supply": "[{\"l\":'Energy for power irrigation',\"v\":6.7756525925206743e-07}]"}, {"source": 25, "prod": 0, "target": 7, "value": 1.662544386127758e-07, "supply": "[{\"l\":'Energy for power irrigation',\"v\":1.662544386127758e-07}]"}, {"source": 25, "prod": 0, "target": 18, "value": 8.155878120626737e-06, "supply": "[{\"l\":'Energy for power irrigation',\"v\":8.155878120626737e-06}]"}, {"source": 25, "prod": 0, "target": 10, "value": 8.4695657406508429e-08, "supply": "[{\"l\":'Energy for power irrigation',\"v\":8.4695657406508429e-08}]"}, {"source": 25, "prod": 0, "target": 11, "value": 2.4153946741856107e-07, "supply": "[{\"l\":'Energy for power irrigation',\"v\":2.4153946741856107e-07}]"}, {"source": 25, "prod": 0, "target": 3, "value": 9.7243162207472645e-07, "supply": "[{\"l\":'Energy for power irrigation',\"v\":9.7243162207472645e-07}]"}, {"source": 25, "prod": 0, "target": 2, "value": 1.5213849571169106e-06, "supply": "[{\"l\":'Energy for power irrigation',\"v\":1.5213849571169106e-06}]"}, {"source": 25, "prod": 0, "target": 14, "value": 1.9762320061518632e-07, "supply": "[{\"l\":'Energy for power irrigation',\"v\":1.9762320061518632e-07}]"}, {"source": 25, "prod": 0, "target": 17, "value": 0.0088579052562922506, "supply": "[{\"l\":'Electricity',\"v\":0.0088579052562922506}]"}, {"source": 26, "prod": 0, "target": 25, "value": 0.012112840424713011, "supply": [{"l": "Coal", "v": 0.0}, {"l": "Natural gas", "v": 0.0}, {"l": "Oil", "v": 0.012112840424713011}]}, {"source": 27, "prod": 0, "target": 25, "value": 0.0042670432676244303, "supply": [{"l": "Nuclear", "v": 0.0}, {"l": "Hydroelectric", "v": 0.0041419073557254684}, {"l": "Renewable", "v": 0.00012513591189896193}]}, {"source": 26, "prod": 0, "target": 16, "value": 0.02267930466478401, "supply": [{"l": "Motor Gasoline", "v": 0.0043941529661882537}, {"l": "Gas-Diesel oil", "v": 0.01010180110440094}, {"l": "Fuel oil", "v": 0.0046400417682643707}, {"l": "Liquefied petroleum gas (LPG)", "v": 0.00074079874765606876}, {"l": "Other fossil fuels", "v": 0.0028025100782743772}]}, {"source": 26, "prod": 0, "target": 7, "value": 0.0055648293853405202, "supply": [{"l": "Motor Gasoline", "v": 0.0010781949407776732}, {"l": "Gas-Diesel oil", "v": 0.0024786826783946749}, {"l": "Fuel oil", "v": 0.0011385287672130166}, {"l": "Liquefied petroleum gas (LPG)", "v": 0.00018177006308227613}, {"l": "Other fossil fuels", "v": 0.00068765293587287959}]}, {"source": 26, "prod": 0, "target": 18, "value": 0.27299163022425199, "supply": [{"l": "Motor Gasoline", "v": 0.052892582000414169}, {"l": "Gas-Diesel oil", "v": 0.12159575403445574}, {"l": "Fuel oil", "v": 0.055852354617997049}, {"l": "Liquefied petroleum gas (LPG)", "v": 0.0089170219625267534}, {"l": "Other fossil fuels", "v": 0.033733917608858244}]}, {"source": 26, "prod": 0, "target": 10, "value": 0.0028349130830980012, "supply": [{"l": "Motor Gasoline", "v": 0.00054926912077353171}, {"l": "Gas-Diesel oil", "v": 0.0012627251380501175}, {"l": "Fuel oil", "v": 0.00058000522103304633}, {"l": "Liquefied petroleum gas (LPG)", "v": 9.2599843457008595e-05}, {"l": "Other fossil fuels", "v": 0.00035031375978429716}]}, {"source": 26, "prod": 0, "target": 11, "value": 0.0080847521258720773, "supply": [{"l": "Motor Gasoline", "v": 0.0015664341592430348}, {"l": "Gas-Diesel oil", "v": 0.0036011050233281123}, {"l": "Fuel oil", "v": 0.0016540889636868356}, {"l": "Liquefied petroleum gas (LPG)", "v": 0.00026408103504406151}, {"l": "Other fossil fuels", "v": 0.00099904294457003255}]}, {"source": 26, "prod": 0, "target": 3, "value": 0.032549002065199277, "supply": [{"l": "Motor Gasoline", "v": 0.0063064232385109205}, {"l": "Gas-Diesel oil", "v": 0.014497955288723571}, {"l": "Fuel oil", "v": 0.0066593192044534944}, {"l": "Liquefied petroleum gas (LPG)", "v": 0.0010631833878397283}, {"l": "Other fossil fuels", "v": 0.0040221209456715607}]}, {"source": 26, "prod": 0, "target": 2, "value": 0.050923438714908537, "supply": [{"l": "Motor Gasoline", "v": 0.0098665008731541794}, {"l": "Gas-Diesel oil", "v": 0.022682284887196549}, {"l": "Fuel oil", "v": 0.010418612303741756}, {"l": "Liquefied petroleum gas (LPG)", "v": 0.0016633675583944134}, {"l": "Other fossil fuels", "v": 0.0062926730924216332}]}, {"source": 26, "prod": 0, "target": 14, "value": 0.0066147971938953359, "supply": [{"l": "Motor Gasoline", "v": 0.0012816279484715739}, {"l": "Gas-Diesel oil", "v": 0.002946358655450274}, {"l": "Fuel oil", "v": 0.0013533455157437747}, {"l": "Liquefied petroleum gas (LPG)", "v": 0.0002160663013996867}, {"l": "Other fossil fuels", "v": 0.00081739877283002675}]}, {"source": 28, "prod": 0.19485669537979641, "target": 16, "value": 0.0033321951475365468, "supply": [{"l": "Potash", "v": 0.00038971111142287998}, {"l": "Phosphate", "v": 0.00056812500045449999}, {"l": "Nitrogen", "v": 0.058142347268736093}]}, {"source": 28, "prod": 0.047812059514487075, "target": 7, "value": 0.00081762195749739337, "supply": [{"l": "Potash", "v": 0.00038971111142287998}, {"l": "Phosphate", "v": 0.00056812500045449999}, {"l": "Nitrogen", "v": 0.058142347268736093}]}, {"source": 28, "prod": 2.3454972592012528, "target": 18, "value": 0.040109756405532507, "supply": [{"l": "Potash", "v": 0.00038971111142287998}, {"l": "Phosphate", "v": 0.00056812500045449999}, {"l": "Nitrogen", "v": 0.058142347268736093}]}, {"source": 28, "prod": 0.024357086922474552, "target": 10, "value": 0.00041652439344206835, "supply": [{"l": "Potash", "v": 0.00038971111142287998}, {"l": "Phosphate", "v": 0.00056812500045449999}, {"l": "Nitrogen", "v": 0.058142347268736093}]}, {"source": 28, "prod": 0.069462803445575566, "target": 11, "value": 0.0011878658627792319, "supply": [{"l": "Potash", "v": 0.00038971111142287998}, {"l": "Phosphate", "v": 0.00056812500045449999}, {"l": "Nitrogen", "v": 0.058142347268736093}]}, {"source": 28, "prod": 0.27965544244322632, "target": 3, "value": 0.0047823171098904148, "supply": [{"l": "Potash", "v": 0.00038971111142287998}, {"l": "Phosphate", "v": 0.00056812500045449999}, {"l": "Nitrogen", "v": 0.058142347268736093}]}, {"source": 28, "prod": 0.43752545027407985, "target": 2, "value": 0.0074820122525704859, "supply": [{"l": "Potash", "v": 0.00038971111142287998}, {"l": "Phosphate", "v": 0.00056812500045449999}, {"l": "Nitrogen", "v": 0.058142347268736093}]}, {"source": 28, "prod": 0.056833202819107281, "target": 14, "value": 0.00097189025136482608, "supply": [{"l": "Potash", "v": 0.00038971111142287998}, {"l": "Phosphate", "v": 0.00056812500045449999}, {"l": "Nitrogen", "v": 0.058142347268736093}]}, {"source": 26, "prod": 0, "target": 28, "value": 0.070026734205112851, "supply": [{"l": "Natural gas (including LNG)", "v": 0.047507195016556404}, {"l": "Fuel oil", "v": 0.012241647479416046}, {"l": "Liquefied petroleum gas (LPG)", "v": 0.0051389458545701965}, {"l": "Coal", "v": 0.0051389458545701965}]}, {"source": 29, "prod": 0, "target": 10, "value": 0.00081134201389257519, "supply": "[{\"l\":'Labor',\"v\":0.00081134201389257519}]"}, {"source": 29, "prod": 0, "target": 7, "value": 0.0015926343235669069, "supply": "[{\"l\":'Labor',\"v\":0.0015926343235669069}]"}, {"source": 29, "prod": 0, "target": 18, "value": 0.078129230967433169, "supply": "[{\"l\":'Labor',\"v\":0.078129230967433169}]"}, {"source": 29, "prod": 0, "target": 11, "value": 0.0023138272248047513, "supply": "[{\"l\":'Labor',\"v\":0.0023138272248047513}]"}, {"source": 29, "prod": 0, "target": 2, "value": 0.014574106545848108, "supply": "[{\"l\":'Labor',\"v\":0.014574106545848108}]"}, {"source": 29, "prod": 0, "target": 14, "value": 0.0018931313657493422, "supply": "[{\"l\":'Labor',\"v\":0.0018931313657493422}]"}, {"source": 29, "prod": 0, "target": 3, "value": 0.0093154083076554938, "supply": "[{\"l\":'Labor',\"v\":0.0093154083076554938}]"}, {"source": 29, "prod": 0, "target": 16, "value": 0.0064907361111406015, "supply": "[{\"l\":'Labor',\"v\":0.0064907361111406015}]"}, {"source": 26, "prod": 0, "target": 21, "value": 0.18426782752255291, "supply": "[{\"l\":'Fossil Fuels',\"v\":0.18426782752255291}]"}, {"source": 27, "prod": 0, "target": 21, "value": 0.25733361994535547, "supply": "[{\"l\":'Renewables & Nuclear',\"v\":0.0092805527981238232},{\"l\":'Biomass & Waste',\"v\":0.24805306714723166}]"}]}