{"nodes": [{"layer": 13, "name": "Milk - Excluding Butter"}, {"layer": 10, "name": "Feed", "fill": "#dbdb8d"}, {"layer": 5, "name": "Cereals - Excluding Beer"}, {"layer": 5, "name": "Fruits - Excluding Wine"}, {"layer": 16, "name": "Food", "fill": "#b5cf6b"}, {"layer": 13, "name": "Meat"}, {"layer": 13, "name": "Sugar & Sweeteners"}, {"layer": 5, "name": "Vegetables"}, {"layer": 13, "name": "Alcoholic Beverages"}, {"layer": 13, "name": "Animal Fats"}, {"layer": 5, "name": "Starchy Roots"}, {"layer": 5, "name": "Pulses"}, {"layer": 13, "name": "Fish, Seafood"}, {"layer": 13, "name": "Vegetable Oils", "fill": "#f7b6d2"}, {"layer": 5, "name": "Stimulants"}, {"layer": 13, "name": "Eggs"}, {"layer": 5, "name": "Oilcrops", "fill": "#ff9896"}, {"layer": 10, "name": "Processing", "fill": "#9edae5"}, {"layer": 5, "name": "Sugar Crops", "fill": "#ffbb78"}, {"layer": 16, "name": "Biofuels & Other", "fill": "#e7ba52"}, {"name": "Seed", "fill": "#dbdb8d"}, {"name": "Waste", "fill": "#c7c7c7"}, {"layer": 0, "name": "Import", "fill": "#aec7e8"}, {"layer": 16, "name": "Export", "fill": "#aec7e8"}, {"layer": 0, "name": "Stock Draw", "fill": "#c7c7c7"}, {"layer": 16, "name": "Stock Deposit", "fill": "#c7c7c7"}, {"layer": 0, "name": "Production", "fill": "#b5cf6b"}], "links": [{"source": 0, "prod": 0.031040970182897268, "target": 1, "value": 45.0, "supply": [{"l": "Milk - Excluding Butter", "v": 45.0}]}, {"source": 2, "prod": 0.10667272206648319, "target": 1, "value": 28.0, "supply": [{"l": "Maize", "v": 6.0}, {"l": "Sorghum", "v": 22.0}]}, {"source": 3, "prod": 0.0029198527281031751, "target": 1, "value": 3.0, "supply": [{"l": "Plantains", "v": 3.0}]}, {"source": 0, "prod": 0.13451087079255483, "target": 4, "value": 195.0, "supply": [{"l": "Milk - Excluding Butter", "v": 195.0}]}, {"source": 5, "prod": 0.051677640438699331, "target": 4, "value": 36.0, "supply": [{"l": "Pigmeat", "v": 6.0}, {"l": "Meat, Other", "v": 1.0}, {"l": "Bovine Meat", "v": 20.0}, {"l": "Poultry Meat", "v": 3.0}, {"l": "Offals, Edible", "v": 6.0}]}, {"source": 6, "prod": 0.31644669636463635, "target": 4, "value": 76.0, "supply": [{"l": "Sugar non-centrifugal", "v": 16.0}, {"l": "Sugar", "v": 60.0}]}, {"source": 7, "prod": 0.0063832634719988655, "target": 4, "value": 24.0, "supply": [{"l": "Tomatoes", "v": 11.0}, {"l": "Vegetables, Other", "v": 10.0}, {"l": "Onions", "v": 3.0}]}, {"source": 8, "prod": 0.033597730779097376, "target": 4, "value": 16.0, "supply": [{"l": "Beer", "v": 7.0}, {"l": "Beverages, Alcoholic", "v": 9.0}]}, {"source": 9, "prod": 0.042632704330014815, "target": 4, "value": 5.0, "supply": [{"l": "Butter, Ghee", "v": 2.0}, {"l": "Fats, Animals, Raw", "v": 3.0}]}, {"source": 10, "prod": 0.01281596543972976, "target": 4, "value": 13.0, "supply": [{"l": "Potatoes", "v": 2.0}, {"l": "Cassava", "v": 11.0}]}, {"source": 11, "prod": 0.12127108611100501, "target": 4, "value": 31.0, "supply": [{"l": "Beans", "v": 31.0}]}, {"source": 12, "prod": 0.007090130427379277, "target": 4, "value": 8.0, "supply": [{"l": "Freshwater Fish", "v": 1.0}, {"l": "Crustaceans", "v": 1.0}, {"l": "Fish, Seafood", "v": 4.0}, {"l": "Marine Fish, Other", "v": 2.0}]}, {"source": 3, "prod": 0.085040578101559114, "target": 4, "value": 130.0, "supply": [{"l": "Fruits, Other", "v": 14.0}, {"l": "Pineapples", "v": 18.0}, {"l": "Bananas", "v": 16.0}, {"l": "Oranges, Mandarines", "v": 27.0}, {"l": "Plantains", "v": 55.0}]}, {"source": 2, "prod": 0.75280513847436381, "target": 4, "value": 196.0, "supply": [{"l": "Maize", "v": 130.0}, {"l": "Rice", "v": 24.0}, {"l": "Sorghum", "v": 17.0}, {"l": "Wheat", "v": 25.0}]}, {"source": 13, "prod": 0.030592578153796093, "target": 4, "value": 3.0, "supply": [{"l": "Cottonseed Oil", "v": 3.0}]}, {"source": 14, "prod": 0.00077182121064545454, "target": 4, "value": 1.0, "supply": [{"l": "Coffee", "v": 1.0}]}, {"source": 15, "prod": 0.013405315763842107, "target": 4, "value": 9.0, "supply": [{"l": "Eggs", "v": 9.0}]}, {"source": 16, "prod": 0.0020707398334390242, "target": 4, "value": 1.0, "supply": [{"l": "Coconuts - Incl Copra", "v": 1.0}]}, {"source": 6, "prod": 0.029146406244111245, "target": 17, "value": 7.0, "supply": [{"l": "Sugar non-centrifugal", "v": 7.0}]}, {"source": 18, "prod": 0.4142854431912697, "target": 17, "value": 1176.0, "supply": [{"l": "Sugar cane", "v": 1176.0}]}, {"source": 16, "prod": 0.19405790439085716, "target": 17, "value": 32.0, "supply": [{"l": "Cottonseed", "v": 32.0}]}, {"source": 2, "prod": 0.0057937235234803153, "target": 17, "value": 2.0, "supply": [{"l": "Barley", "v": 2.0}]}, {"source": 2, "prod": 0.027590864231002876, "target": 19, "value": 7.0, "supply": [{"l": "Rice", "v": 7.0}]}, {"source": 13, "prod": 0.039800842541616449, "target": 19, "value": 4.0, "supply": [{"l": "Cottonseed Oil", "v": 2.0}, {"l": "Palm Oil", "v": 2.0}]}, {"source": 18, "prod": 0.008807088503215767, "target": 19, "value": 25.0, "supply": [{"l": "Sugar cane", "v": 25.0}]}, {"source": 9, "prod": 0.025839231834652178, "target": 19, "value": 3.0, "supply": [{"l": "Fats, Animals, Raw", "v": 3.0}]}, {"source": 2, "prod": 0.019597428119562228, "target": 20, "value": 5.0, "supply": [{"l": "Maize", "v": 3.0}, {"l": "Rice", "v": 1.0}, {"l": "Sorghum", "v": 1.0}]}, {"source": 11, "prod": 0.0078239410394196785, "target": 20, "value": 2.0, "supply": [{"l": "Beans", "v": 2.0}]}, {"source": 16, "prod": 0.018192928536642859, "target": 20, "value": 3.0, "supply": [{"l": "Cottonseed", "v": 3.0}]}, {"source": 10, "prod": 0.0010353699167195121, "target": 21, "value": 1.0, "supply": [{"l": "Cassava", "v": 1.0}]}, {"source": 7, "prod": 0.00069491438197404293, "target": 21, "value": 3.0, "supply": [{"l": "Vegetables, Other", "v": 1.0}, {"l": "Tomatoes", "v": 2.0}]}, {"source": 0, "prod": 0.0082775920487726043, "target": 21, "value": 12.0, "supply": [{"l": "Milk - Excluding Butter", "v": 12.0}]}, {"source": 11, "prod": 0.0078239410394196785, "target": 21, "value": 2.0, "supply": [{"l": "Beans", "v": 2.0}]}, {"source": 3, "prod": 0.015636347347389168, "target": 21, "value": 24.0, "supply": [{"l": "Pineapples", "v": 4.0}, {"l": "Bananas", "v": 3.0}, {"l": "Plantains", "v": 10.0}, {"l": "Fruits, Other", "v": 2.0}, {"l": "Oranges, Mandarines", "v": 5.0}]}, {"source": 2, "prod": 0.074274656906916078, "target": 21, "value": 19.0, "supply": [{"l": "Maize", "v": 12.0}, {"l": "Rice", "v": 2.0}, {"l": "Sorghum", "v": 5.0}]}, {"source": 22, "prod": 0.010112708096933791, "target": 1, "value": 14.0, "supply": [{"l": "Milk - Excluding Butter", "v": 12.0}, {"l": "Marine Fish, Other", "v": 1.0}, {"l": "Fish, Seafood", "v": 1.0}]}, {"source": 22, "prod": 0.1124596288716411, "target": 2, "value": 34.0, "supply": [{"l": "Maize", "v": 3.0}, {"l": "Wheat", "v": 25.0}, {"l": "Barley", "v": 2.0}, {"l": "Rice", "v": 4.0}]}, {"source": 22, "prod": 0.042380166089155798, "target": 17, "value": 5.0, "supply": [{"l": "Fats, Animals, Raw", "v": 1.0}, {"l": "Sugar", "v": 1.0}, {"l": "Palm Oil", "v": 2.0}, {"l": "Cottonseed Oil", "v": 1.0}]}, {"source": 22, "prod": 0.00025118441766568052, "target": 7, "value": 1.0, "supply": [{"l": "Vegetables, Other", "v": 1.0}]}, {"source": 22, "prod": 0.0014130429931373096, "target": 3, "value": 4.0, "supply": [{"l": "Fruits, Other", "v": 4.0}]}, {"source": 22, "prod": 0.00071344817790756302, "target": 10, "value": 1.0, "supply": [{"l": "Potatoes", "v": 1.0}]}, {"source": 5, "prod": 0.021873177439093512, "target": 23, "value": 15.0, "supply": [{"l": "Bovine Meat", "v": 15.0}]}, {"source": 0, "prod": 0.0020693980121931511, "target": 23, "value": 3.0, "supply": [{"l": "Milk - Excluding Butter", "v": 3.0}]}, {"source": 11, "prod": 0.0039119705197098393, "target": 23, "value": 1.0, "supply": [{"l": "Beans", "v": 1.0}]}, {"source": 12, "prod": 0.0033294248302352942, "target": 23, "value": 4.0, "supply": [{"l": "Fish, Seafood", "v": 2.0}, {"l": "Crustaceans", "v": 2.0}]}, {"source": 6, "prod": 0.18736975442642945, "target": 23, "value": 45.0, "supply": [{"l": "Sugar", "v": 45.0}]}, {"source": 2, "prod": 0.011672209724966335, "target": 23, "value": 3.0, "supply": [{"l": "Maize", "v": 1.0}, {"l": "Rice", "v": 1.0}, {"l": "Sorghum", "v": 1.0}]}, {"source": 13, "prod": 0.010197526051265364, "target": 23, "value": 1.0, "supply": [{"l": "Cottonseed Oil", "v": 1.0}]}, {"source": 14, "prod": 0.022382815108718184, "target": 23, "value": 29.0, "supply": [{"l": "Coffee", "v": 29.0}]}, {"source": 3, "prod": 0.013539261764679858, "target": 23, "value": 19.0, "supply": [{"l": "Bananas", "v": 19.0}]}, {"source": 16, "prod": 0.63083609925838846, "target": 23, "value": 98.0, "supply": [{"l": "Coconuts - Incl Copra", "v": 3.0}, {"l": "Cottonseed", "v": 89.0}, {"l": "Sesame seed", "v": 6.0}]}, {"source": 24, "prod": 0.014150055528500001, "target": 16, "value": 1.0, "supply": [{"l": "Sesame seed", "v": 1.0}]}, {"source": 11, "prod": 0.019559852598549195, "target": 25, "value": 5.0, "supply": [{"l": "Beans", "v": 5.0}]}, {"source": 24, "prod": 0.0030872848425818182, "target": 14, "value": 4.0, "supply": [{"l": "Coffee", "v": 4.0}]}, {"source": 24, "prod": 0.00068979933739771713, "target": 1, "value": 1.0, "supply": [{"l": "Milk - Excluding Butter", "v": 1.0}]}, {"source": 24, "prod": 0.037473950885285885, "target": 17, "value": 9.0, "supply": [{"l": "Sugar", "v": 9.0}]}, {"source": 24, "prod": 0.046773067557055487, "target": 2, "value": 12.0, "supply": [{"l": "Maize", "v": 8.0}, {"l": "Sorghum", "v": 4.0}]}, {"source": 26, "prod": 0.0073039616001892502, "target": 7, "value": 27.0, "supply": [{"l": "Tomatoes", "v": 13.0}, {"l": "Vegetables, Other", "v": 10.0}, {"l": "Onions", "v": 4.0}]}, {"source": 26, "prod": 0.4227402481543569, "target": 18, "value": 1200.0, "supply": [{"l": "Sugar cane", "v": 1200.0}]}, {"source": 26, "prod": 0.01313788717854171, "target": 10, "value": 13.0, "supply": [{"l": "Potatoes", "v": 1.0}, {"l": "Cassava", "v": 12.0}]}, {"source": 26, "prod": 0.15647882078839356, "target": 11, "value": 40.0, "supply": [{"l": "Beans", "v": 40.0}]}, {"source": 26, "prod": 0.83936860732070828, "target": 2, "value": 214.0, "supply": [{"l": "Maize", "v": 142.0}, {"l": "Rice", "v": 31.0}, {"l": "Sorghum", "v": 41.0}]}, {"source": 26, "prod": 0.022301570770755501, "target": 14, "value": 27.0, "supply": [{"l": "Cocoa Beans", "v": 1.0}, {"l": "Coffee", "v": 26.0}]}, {"source": 26, "prod": 0.11669628119129505, "target": 3, "value": 173.0, "supply": [{"l": "Fruits, Other", "v": 12.0}, {"l": "Pineapples", "v": 22.0}, {"l": "Bananas", "v": 38.0}, {"l": "Oranges, Mandarines", "v": 32.0}, {"l": "Plantains", "v": 69.0}]}, {"source": 26, "prod": 0.83100761649082766, "target": 16, "value": 133.0, "supply": [{"l": "Cottonseed", "v": 124.0}, {"l": "Coconuts - Incl Copra", "v": 4.0}, {"l": "Sesame seed", "v": 5.0}]}, {"source": 1, "prod": 0.17589883103641787, "target": 0, "value": 255.0, "supply": [{"l": "Milk - Excluding Butter", "v": 255.0}]}, {"source": 1, "prod": 0.013405315763842107, "target": 15, "value": 9.0, "supply": [{"l": "Eggs", "v": 9.0}]}, {"source": 1, "prod": 0.073550817877792843, "target": 5, "value": 51.0, "supply": [{"l": "Poultry Meat", "v": 3.0}, {"l": "Bovine Meat", "v": 35.0}, {"l": "Pigmeat", "v": 6.0}, {"l": "Offals, Edible", "v": 6.0}, {"l": "Meat, Other", "v": 1.0}]}, {"source": 1, "prod": 0.010419555257614571, "target": 12, "value": 12.0, "supply": [{"l": "Crustaceans", "v": 3.0}, {"l": "Freshwater Fish", "v": 1.0}, {"l": "Marine Fish, Other", "v": 2.0}, {"l": "Fish, Seafood", "v": 6.0}]}, {"source": 17, "prod": 0.53296285703517698, "target": 6, "value": 128.0, "supply": [{"l": "Sugar non-centrifugal", "v": 23.0}, {"l": "Sugar", "v": 105.0}]}, {"source": 17, "prod": 0.080590946746677911, "target": 13, "value": 8.0, "supply": [{"l": "Cottonseed Oil", "v": 6.0}, {"l": "Palm Oil", "v": 2.0}]}, {"source": 17, "prod": 0.068471936164666986, "target": 9, "value": 8.0, "supply": [{"l": "Fats, Animals, Raw", "v": 6.0}, {"l": "Butter, Ghee", "v": 2.0}]}, {"source": 17, "prod": 0.033597730779097376, "target": 8, "value": 16.0, "supply": [{"l": "Beer", "v": 7.0}, {"l": "Beverages, Alcoholic", "v": 9.0}]}]}