{"nodes": [{"layer": 3, "name": "Vegetables"}, {"layer": 5, "name": "Production", "fill": "#b5cf6b"}, {"layer": 3, "name": "Sugar Crops", "fill": "#ffbb78"}, {"layer": 3, "name": "Starchy Roots"}, {"layer": 3, "name": "Pulses"}, {"layer": 3, "name": "Cereals - Excluding Beer"}, {"layer": 3, "name": "Stimulants"}, {"layer": 3, "name": "Fruits - Excluding Wine"}, {"layer": 3, "name": "Oilcrops", "fill": "#ff9896"}, {"layer": 1, "name": "Electricity", "fill": "#bcbd22"}, {"layer": 0, "name": "Fossil Fuels", "fill": "#c49c94"}, {"layer": 0, "name": "Renewables & Nuclear", "fill": "#2ca02c"}, {"layer": 1, "name": "Fertilizers", "fill": "#c5b0d5"}, {"layer": 0, "name": "Labor", "fill": "#7f7f7f"}], "links": [{"source": 0, "prod": 27.0, "target": 1, "value": 0.0072460155386063459, "supply": [{"l": "Tomatoes", "v": 0.0028060279607364409}, {"l": "Vegetables, Other", "v": 0.0026043046984969326}, {"l": "Onions", "v": 0.0018356828793729728}]}, {"source": 2, "prod": 1300.0, "target": 1, "value": 0.41965944152965784, "supply": [{"l": "Sugar cane", "v": 0.41965944152965784}]}, {"source": 3, "prod": 13.0, "target": 1, "value": 0.013775621095412175, "supply": [{"l": "Potatoes", "v": 0.00099492577934765631}, {"l": "Cassava", "v": 0.012780695316064518}]}, {"source": 4, "prod": 36.0, "target": 1, "value": 0.14115959009154216, "supply": [{"l": "Beans", "v": 0.14115959009154216}]}, {"source": 5, "prod": 224.0, "target": 1, "value": 0.87786778746100513, "supply": [{"l": "Maize", "v": 0.59470008198214452}, {"l": "Rice", "v": 0.098412040329793213}, {"l": "Sorghum", "v": 0.18475566514906738}]}, {"source": 6, "prod": 31.0, "target": 1, "value": 0.024700535527820179, "supply": [{"l": "Cocoa Beans", "v": 0.0023583425880833336}, {"l": "Coffee", "v": 0.022342192939736844}]}, {"source": 7, "prod": 154.0, "target": 1, "value": 0.10424218676180635, "supply": [{"l": "Fruits, Other", "v": 0.00378405050600081}, {"l": "Pineapples", "v": 0.0078977054112558155}, {"l": "Bananas", "v": 0.022238154788678698}, {"l": "Oranges, Mandarines", "v": 0.0095322230356661691}, {"l": "Plantains", "v": 0.060790053020204855}]}, {"source": 8, "prod": 108.0, "target": 1, "value": 0.55691353162746349, "supply": [{"l": "Cottonseed", "v": 0.50107523558038269}, {"l": "Coconuts - Incl Copra", "v": 0.0048980961444807687}, {"l": "Sesame seed", "v": 0.050940199902600007}]}, {"source": 9, "prod": 0, "target": 8, "value": 6.7756525925206743e-07, "supply": "[{\"l\":'Energy for power irrigation',\"v\":6.7756525925206743e-07}]"}, {"source": 9, "prod": 0, "target": 0, "value": 1.662544386127758e-07, "supply": "[{\"l\":'Energy for power irrigation',\"v\":1.662544386127758e-07}]"}, {"source": 9, "prod": 0, "target": 2, "value": 8.155878120626737e-06, "supply": "[{\"l\":'Energy for power irrigation',\"v\":8.155878120626737e-06}]"}, {"source": 9, "prod": 0, "target": 3, "value": 8.4695657406508429e-08, "supply": "[{\"l\":'Energy for power irrigation',\"v\":8.4695657406508429e-08}]"}, {"source": 9, "prod": 0, "target": 4, "value": 2.4153946741856107e-07, "supply": "[{\"l\":'Energy for power irrigation',\"v\":2.4153946741856107e-07}]"}, {"source": 9, "prod": 0, "target": 7, "value": 9.7243162207472645e-07, "supply": "[{\"l\":'Energy for power irrigation',\"v\":9.7243162207472645e-07}]"}, {"source": 9, "prod": 0, "target": 5, "value": 1.5213849571169106e-06, "supply": "[{\"l\":'Energy for power irrigation',\"v\":1.5213849571169106e-06}]"}, {"source": 9, "prod": 0, "target": 6, "value": 1.9762320061518632e-07, "supply": "[{\"l\":'Energy for power irrigation',\"v\":1.9762320061518632e-07}]"}, {"source": 10, "prod": 0, "target": 9, "value": 1.6411024561062293e-05, "supply": [{"l": "Coal", "v": 0.0}, {"l": "Natural gas", "v": 0.0}, {"l": "Oil", "v": 1.6411024561062293e-05}]}, {"source": 11, "prod": 0, "target": 9, "value": 5.7811833899198045e-06, "supply": [{"l": "Nuclear", "v": 0.0}, {"l": "Hydroelectric", "v": 5.6116435915208304e-06}, {"l": "Renewable", "v": 1.6953979839897441e-07}]}, {"source": 10, "prod": 0, "target": 8, "value": 0.02267930466478401, "supply": [{"l": "Motor Gasoline", "v": 0.0043941529661882537}, {"l": "Gas-Diesel oil", "v": 0.01010180110440094}, {"l": "Fuel oil", "v": 0.0046400417682643707}, {"l": "Liquefied petroleum gas (LPG)", "v": 0.00074079874765606876}, {"l": "Other fossil fuels", "v": 0.0028025100782743772}]}, {"source": 10, "prod": 0, "target": 0, "value": 0.0055648293853405202, "supply": [{"l": "Motor Gasoline", "v": 0.0010781949407776732}, {"l": "Gas-Diesel oil", "v": 0.0024786826783946749}, {"l": "Fuel oil", "v": 0.0011385287672130166}, {"l": "Liquefied petroleum gas (LPG)", "v": 0.00018177006308227613}, {"l": "Other fossil fuels", "v": 0.00068765293587287959}]}, {"source": 10, "prod": 0, "target": 2, "value": 0.27299163022425199, "supply": [{"l": "Motor Gasoline", "v": 0.052892582000414169}, {"l": "Gas-Diesel oil", "v": 0.12159575403445574}, {"l": "Fuel oil", "v": 0.055852354617997049}, {"l": "Liquefied petroleum gas (LPG)", "v": 0.0089170219625267534}, {"l": "Other fossil fuels", "v": 0.033733917608858244}]}, {"source": 10, "prod": 0, "target": 3, "value": 0.0028349130830980012, "supply": [{"l": "Motor Gasoline", "v": 0.00054926912077353171}, {"l": "Gas-Diesel oil", "v": 0.0012627251380501175}, {"l": "Fuel oil", "v": 0.00058000522103304633}, {"l": "Liquefied petroleum gas (LPG)", "v": 9.2599843457008595e-05}, {"l": "Other fossil fuels", "v": 0.00035031375978429716}]}, {"source": 10, "prod": 0, "target": 4, "value": 0.0080847521258720773, "supply": [{"l": "Motor Gasoline", "v": 0.0015664341592430348}, {"l": "Gas-Diesel oil", "v": 0.0036011050233281123}, {"l": "Fuel oil", "v": 0.0016540889636868356}, {"l": "Liquefied petroleum gas (LPG)", "v": 0.00026408103504406151}, {"l": "Other fossil fuels", "v": 0.00099904294457003255}]}, {"source": 10, "prod": 0, "target": 7, "value": 0.032549002065199277, "supply": [{"l": "Motor Gasoline", "v": 0.0063064232385109205}, {"l": "Gas-Diesel oil", "v": 0.014497955288723571}, {"l": "Fuel oil", "v": 0.0066593192044534944}, {"l": "Liquefied petroleum gas (LPG)", "v": 0.0010631833878397283}, {"l": "Other fossil fuels", "v": 0.0040221209456715607}]}, {"source": 10, "prod": 0, "target": 5, "value": 0.050923438714908537, "supply": [{"l": "Motor Gasoline", "v": 0.0098665008731541794}, {"l": "Gas-Diesel oil", "v": 0.022682284887196549}, {"l": "Fuel oil", "v": 0.010418612303741756}, {"l": "Liquefied petroleum gas (LPG)", "v": 0.0016633675583944134}, {"l": "Other fossil fuels", "v": 0.0062926730924216332}]}, {"source": 10, "prod": 0, "target": 6, "value": 0.0066147971938953359, "supply": [{"l": "Motor Gasoline", "v": 0.0012816279484715739}, {"l": "Gas-Diesel oil", "v": 0.002946358655450274}, {"l": "Fuel oil", "v": 0.0013533455157437747}, {"l": "Liquefied petroleum gas (LPG)", "v": 0.0002160663013996867}, {"l": "Other fossil fuels", "v": 0.00081739877283002675}]}, {"source": 12, "prod": 0.19485669537979641, "target": 8, "value": 0.0033321951475365468, "supply": [{"l": "Potash", "v": 0.00038971111142287998}, {"l": "Phosphate", "v": 0.00056812500045449999}, {"l": "Nitrogen", "v": 0.058142347268736093}]}, {"source": 12, "prod": 0.047812059514487075, "target": 0, "value": 0.00081762195749739337, "supply": [{"l": "Potash", "v": 0.00038971111142287998}, {"l": "Phosphate", "v": 0.00056812500045449999}, {"l": "Nitrogen", "v": 0.058142347268736093}]}, {"source": 12, "prod": 2.3454972592012528, "target": 2, "value": 0.040109756405532507, "supply": [{"l": "Potash", "v": 0.00038971111142287998}, {"l": "Phosphate", "v": 0.00056812500045449999}, {"l": "Nitrogen", "v": 0.058142347268736093}]}, {"source": 12, "prod": 0.024357086922474552, "target": 3, "value": 0.00041652439344206835, "supply": [{"l": "Potash", "v": 0.00038971111142287998}, {"l": "Phosphate", "v": 0.00056812500045449999}, {"l": "Nitrogen", "v": 0.058142347268736093}]}, {"source": 12, "prod": 0.069462803445575566, "target": 4, "value": 0.0011878658627792319, "supply": [{"l": "Potash", "v": 0.00038971111142287998}, {"l": "Phosphate", "v": 0.00056812500045449999}, {"l": "Nitrogen", "v": 0.058142347268736093}]}, {"source": 12, "prod": 0.27965544244322632, "target": 7, "value": 0.0047823171098904148, "supply": [{"l": "Potash", "v": 0.00038971111142287998}, {"l": "Phosphate", "v": 0.00056812500045449999}, {"l": "Nitrogen", "v": 0.058142347268736093}]}, {"source": 12, "prod": 0.43752545027407985, "target": 5, "value": 0.0074820122525704859, "supply": [{"l": "Potash", "v": 0.00038971111142287998}, {"l": "Phosphate", "v": 0.00056812500045449999}, {"l": "Nitrogen", "v": 0.058142347268736093}]}, {"source": 12, "prod": 0.056833202819107281, "target": 6, "value": 0.00097189025136482608, "supply": [{"l": "Potash", "v": 0.00038971111142287998}, {"l": "Phosphate", "v": 0.00056812500045449999}, {"l": "Nitrogen", "v": 0.058142347268736093}]}, {"source": 10, "prod": 0, "target": 12, "value": 0.070026734205112851, "supply": [{"l": "Natural gas (including LNG)", "v": 0.047507195016556404}, {"l": "Fuel oil", "v": 0.012241647479416046}, {"l": "Liquefied petroleum gas (LPG)", "v": 0.0051389458545701965}, {"l": "Coal", "v": 0.0051389458545701965}]}, {"source": 13, "prod": 0, "target": 8, "value": 0.0064907361111406015, "supply": "[{\"l\":'Labor',\"v\":0.0064907361111406015}]"}, {"source": 13, "prod": 0, "target": 0, "value": 0.0015926343235669069, "supply": "[{\"l\":'Labor',\"v\":0.0015926343235669069}]"}, {"source": 13, "prod": 0, "target": 2, "value": 0.078129230967433169, "supply": "[{\"l\":'Labor',\"v\":0.078129230967433169}]"}, {"source": 13, "prod": 0, "target": 3, "value": 0.00081134201389257519, "supply": "[{\"l\":'Labor',\"v\":0.00081134201389257519}]"}, {"source": 13, "prod": 0, "target": 4, "value": 0.0023138272248047513, "supply": "[{\"l\":'Labor',\"v\":0.0023138272248047513}]"}, {"source": 13, "prod": 0, "target": 7, "value": 0.0093154083076554938, "supply": "[{\"l\":'Labor',\"v\":0.0093154083076554938}]"}, {"source": 13, "prod": 0, "target": 5, "value": 0.014574106545848108, "supply": "[{\"l\":'Labor',\"v\":0.014574106545848108}]"}, {"source": 13, "prod": 0, "target": 6, "value": 0.0018931313657493422, "supply": "[{\"l\":'Labor',\"v\":0.0018931313657493422}]"}]}