{"nodes": [{"layer": 13, "name": "Milk - Excluding Butter"}, {"layer": 10, "name": "Feed", "fill": "#dbdb8d"}, {"layer": 5, "name": "Cereals - Excluding Beer"}, {"layer": 16, "name": "Food", "fill": "#b5cf6b"}, {"layer": 13, "name": "Fish, Seafood"}, {"layer": 13, "name": "Meat"}, {"layer": 5, "name": "Treenuts"}, {"layer": 5, "name": "Vegetables"}, {"layer": 5, "name": "Others"}, {"layer": 13, "name": "Animal Fats"}, {"layer": 5, "name": "Starchy Roots"}, {"layer": 5, "name": "Pulses"}, {"layer": 13, "name": "Sugar & Sweeteners"}, {"layer": 13, "name": "Alcoholic Beverages"}, {"layer": 13, "name": "Vegetable Oils", "fill": "#f7b6d2"}, {"layer": 5, "name": "Spices"}, {"layer": 5, "name": "Stimulants"}, {"layer": 13, "name": "Eggs"}, {"layer": 5, "name": "Fruits - Excluding Wine"}, {"layer": 5, "name": "Oilcrops", "fill": "#ff9896"}, {"layer": 10, "name": "Processing", "fill": "#9edae5"}, {"layer": 5, "name": "Sugar Crops", "fill": "#ffbb78"}, {"layer": 16, "name": "Biofuels & Other", "fill": "#e7ba52"}, {"name": "Waste", "fill": "#c7c7c7"}, {"layer": 2, "name": "Import", "fill": "#aec7e8"}, {"layer": 16, "name": "Export", "fill": "#aec7e8"}, {"layer": 16, "name": "Stock Deposit", "fill": "#c7c7c7"}, {"layer": 0, "name": "Stock Draw", "fill": "#c7c7c7"}, {"name": "Crop Residue", "fill": "#bd9e39"}, {"layer": 2, "name": "Electricity", "fill": "#bcbd22"}, {"layer": 0, "name": "Fossil Fuels", "fill": "#c49c94"}, {"layer": 0, "name": "Renewables & Nuclear", "fill": "#2ca02c"}, {"layer": 2, "name": "Fertilizers", "fill": "#c5b0d5"}, {"layer": 0, "name": "Labor", "fill": "#7f7f7f"}], "links": [{"source": 0, "prod": 10.0, "target": 1, "value": 0.0065439264843599214, "supply": [{"l": "Milk - Excluding Butter", "v": 0.0065439264843599214}]}, {"source": 2, "prod": 70.0, "target": 1, "value": 0.28054423711958221, "supply": [{"l": "Maize", "v": 0.28054423711958221}]}, {"source": 0, "prod": 796.0, "target": 3, "value": 0.5208965481550496, "supply": [{"l": "Milk - Excluding Butter", "v": 0.5208965481550496}]}, {"source": 4, "prod": 8.0, "target": 3, "value": 0.0063896238058919093, "supply": [{"l": "Freshwater Fish", "v": 0.0032240632849746837}, {"l": "Fish, Seafood", "v": 0.003165560520917226}]}, {"source": 5, "prod": 458.0, "target": 3, "value": 0.97308074832019176, "supply": [{"l": "Meat, Other", "v": 0.067348821986610588}, {"l": "Mutton & Goat Meat", "v": 0.13628737693239473}, {"l": "Pigmeat", "v": 0.0013476243360476192}, {"l": "Poultry Meat", "v": 0.044947235208176478}, {"l": "Offals, Edible", "v": 0.09029083051519049}, {"l": "Bovine Meat", "v": 0.63285885934177188}]}, {"source": 6, "prod": 57.0, "target": 3, "value": 0.18090912114942057, "supply": [{"l": "Treenuts", "v": 0.18090912114942057}]}, {"source": 7, "prod": 649.0, "target": 3, "value": 0.17171457962776979, "supply": [{"l": "Tomatoes", "v": 0.01313933727646429}, {"l": "Vegetables, Other", "v": 0.13599536650795443}, {"l": "Onions", "v": 0.022579875843351065}]}, {"source": 8, "prod": 59.0, "target": 3, "value": 0.18725680961080374, "supply": [{"l": "Infant food", "v": 0.0063476884613831771}, {"l": "Nuts", "v": 0.18090912114942057}]}, {"source": 9, "prod": 25.0, "target": 3, "value": 0.24880514304279169, "supply": [{"l": "Fats, Animals, Raw", "v": 0.1320671849326667}, {"l": "Butter, Ghee", "v": 0.116737958110125}]}, {"source": 10, "prod": 3128.0, "target": 3, "value": 4.9605874582484626, "supply": [{"l": "Roots, Other", "v": 4.3940371459494472}, {"l": "Yams", "v": 0.18112071076479999}, {"l": "Potatoes", "v": 0.2263486742289576}, {"l": "Sweet potatoes", "v": 0.15908092730525758}]}, {"source": 11, "prod": 485.0, "target": 3, "value": 1.9250699535067541, "supply": [{"l": "Peas", "v": 0.36144703244729831}, {"l": "Beans", "v": 0.092282970838043474}, {"l": "Pulses, Other", "v": 1.4713399502214124}]}, {"source": 12, "prod": 196.0, "target": 3, "value": 0.81392170797246832, "supply": [{"l": "Sugar", "v": 0.72336135259006829}, {"l": "Honey", "v": 0.090560355382399996}]}, {"source": 13, "prod": 208.0, "target": 3, "value": 0.12063723942177175, "supply": [{"l": "Beer", "v": 0.0679202665368}, {"l": "Beverages, Alcoholic", "v": 0.0067920266536800004}, {"l": "Wine", "v": 0.00054718195024002468}, {"l": "Beverages, Fermented", "v": 0.045377764281051725}]}, {"source": 2, "prod": 5946.0, "target": 3, "value": 22.9008108206414, "supply": [{"l": "Maize", "v": 7.8832930630602611}, {"l": "Barley", "v": 2.1050681384575305}, {"l": "Rice", "v": 0.089368771758947377}, {"l": "Cereals, Other", "v": 4.6900175961618613}, {"l": "Wheat", "v": 4.4618786916816759}, {"l": "Oats", "v": 0.11454806856404762}, {"l": "Sorghum", "v": 3.1719991947382056}, {"l": "Millet", "v": 0.38463729621887055}]}, {"source": 14, "prod": 66.0, "target": 3, "value": 0.69248545942862427, "supply": [{"l": "Groundnut Oil", "v": 0.014150055528500001}, {"l": "Soyabean Oil", "v": 0.116737958110125}, {"l": "Palm Oil", "v": 0.116737958110125}, {"l": "Rape and Mustard Oil", "v": 0.1533683437927742}, {"l": "Oilcrops Oil, Other", "v": 0.24904097730159999}, {"l": "Cottonseed Oil", "v": 0.0424501665855}]}, {"source": 15, "prod": 108.0, "target": 3, "value": 0.3926809502235602, "supply": [{"l": "Pimento", "v": 0.38439799088980409}, {"l": "Spices, Other", "v": 0.0082829593337560969}]}, {"source": 16, "prod": 77.0, "target": 3, "value": 0.046364011731680851, "supply": [{"l": "Coffee", "v": 0.045159751686702131}, {"l": "Tea", "v": 0.0012042600449787236}]}, {"source": 17, "prod": 24.0, "target": 3, "value": 0.045280177691199998, "supply": [{"l": "Eggs", "v": 0.045280177691199998}]}, {"source": 18, "prod": 187.0, "target": 3, "value": 0.10340316579837415, "supply": [{"l": "Grapes", "v": 0.0025902389835720466}, {"l": "Lemons, Limes", "v": 0.0038853584753580704}, {"l": "Bananas", "v": 0.045049156376448976}, {"l": "Fruits, Other", "v": 0.045451693515787879}, {"l": "Oranges, Mandarines", "v": 0.0064267184472071711}]}, {"source": 19, "prod": 13.0, "target": 3, "value": 0.070952421292907145, "supply": [{"l": "Oilcrops, Other", "v": 0.025470099951300004}, {"l": "Soyabeans", "v": 0.024257238048857144}, {"l": "Groundnuts", "v": 0.02122508329275}]}, {"source": 10, "prod": 2.0, "target": 20, "value": 0.0015664268112730627, "supply": [{"l": "Potatoes", "v": 0.0015664268112730627}]}, {"source": 2, "prod": 96.0, "target": 20, "value": 0.33568865279990007, "supply": [{"l": "Wheat", "v": 0.0038168337824479692}, {"l": "Barley", "v": 0.26227078446356122}, {"l": "Millet", "v": 0.06960103455389087}]}, {"source": 21, "prod": 1700.0, "target": 20, "value": 0.56674306174358646, "supply": [{"l": "Sugar cane", "v": 0.56674306174358646}]}, {"source": 19, "prod": 150.0, "target": 20, "value": 0.71073707483151438, "supply": [{"l": "Groundnuts", "v": 0.02122508329275}, {"l": "Cottonseed", "v": 0.16373635682978574}, {"l": "Oilcrops, Other", "v": 0.47119684909905002}, {"l": "Rape and Mustardseed", "v": 0.054578785609928585}]}, {"source": 18, "prod": 1.0, "target": 20, "value": 0.00064755974589301166, "supply": [{"l": "Grapes", "v": 0.00064755974589301166}]}, {"source": 0, "prod": 1.0, "target": 22, "value": 0.00065439264843599203, "supply": [{"l": "Milk - Excluding Butter", "v": 0.00065439264843599203}]}, {"source": 14, "prod": 18.0, "target": 22, "value": 0.18819573852905, "supply": [{"l": "Palm Oil", "v": 0.063675249878250004}, {"l": "Oilcrops Oil, Other", "v": 0.1245204886508}]}, {"source": 10, "prod": 57.0, "target": 10, "value": 0.051618984854151666, "supply": [{"l": "Potatoes", "v": 0.028978896008551667}, {"l": "Yams", "v": 0.022640088845599999}]}, {"source": 2, "prod": 212.0, "target": 2, "value": 0.79258920104783748, "supply": [{"l": "Maize", "v": 0.12424101929581501}, {"l": "Wheat", "v": 0.19847535668729438}, {"l": "Oats", "v": 0.010107182520357144}, {"l": "Millet", "v": 0.018316061724708121}, {"l": "Barley", "v": 0.24156519621643791}, {"l": "Sorghum", "v": 0.053702017969608447}, {"l": "Cereals, Other", "v": 0.14618236663361647}]}, {"source": 17, "prod": 3.0, "target": 17, "value": 0.0056600222113999997, "supply": [{"l": "Eggs", "v": 0.0056600222113999997}]}, {"source": 11, "prod": 56.0, "target": 11, "value": 0.2217045421558724, "supply": [{"l": "Peas", "v": 0.027803617880561408}, {"l": "Beans", "v": 0.018456594167608701}, {"l": "Pulses, Other", "v": 0.1754443301077023}]}, {"source": 19, "prod": 9.0, "target": 19, "value": 0.042854453886314287, "supply": [{"l": "Cottonseed", "v": 0.0060643095122142861}, {"l": "Groundnuts", "v": 0.0070750277642500003}, {"l": "Oilcrops, Other", "v": 0.02971511660985}]}, {"source": 0, "prod": 24.0, "target": 23, "value": 0.015705423562463808, "supply": [{"l": "Milk - Excluding Butter", "v": 0.015705423562463808}]}, {"source": 19, "prod": 3.0, "target": 23, "value": 0.012735049975650002, "supply": [{"l": "Oilcrops, Other", "v": 0.012735049975650002}]}, {"source": 6, "prod": 3.0, "target": 23, "value": 0.0095215326920747648, "supply": [{"l": "Treenuts", "v": 0.0095215326920747648}]}, {"source": 17, "prod": 1.0, "target": 23, "value": 0.0018866740704666664, "supply": [{"l": "Eggs", "v": 0.0018866740704666664}]}, {"source": 10, "prod": 317.0, "target": 23, "value": 0.52418106629135963, "supply": [{"l": "Roots, Other", "v": 0.4882263495499386}, {"l": "Potatoes", "v": 0.013314627895821036}, {"l": "Yams", "v": 0.022640088845599999}]}, {"source": 11, "prod": 30.0, "target": 23, "value": 0.11895190091724993, "supply": [{"l": "Beans", "v": 0.0073826376670434787}, {"l": "Peas", "v": 0.019859727057543863}, {"l": "Pulses, Other", "v": 0.091709536192662588}]}, {"source": 8, "prod": 3.0, "target": 23, "value": 0.0095215326920747648, "supply": [{"l": "Nuts", "v": 0.0095215326920747648}]}, {"source": 2, "prod": 333.0, "target": 23, "value": 1.2819253643156239, "supply": [{"l": "Maize", "v": 0.43684745494334948}, {"l": "Barley", "v": 0.13458632360630116}, {"l": "Sorghum", "v": 0.16826632297143976}, {"l": "Cereals, Other", "v": 0.27612224808572}, {"l": "Wheat", "v": 0.24046052829422204}, {"l": "Millet", "v": 0.025642486414591371}]}, {"source": 15, "prod": 6.0, "target": 23, "value": 0.021758376842819099, "supply": [{"l": "Pimento", "v": 0.021758376842819099}]}, {"source": 16, "prod": 15.0, "target": 23, "value": 0.0090319503373404268, "supply": [{"l": "Coffee", "v": 0.0090319503373404268}]}, {"source": 7, "prod": 57.0, "target": 23, "value": 0.01498873663125304, "supply": [{"l": "Vegetables, Other", "v": 0.012386674748352583}, {"l": "Tomatoes", "v": 0.0013978018379217328}, {"l": "Onions", "v": 0.0012042600449787236}]}, {"source": 18, "prod": 21.0, "target": 23, "value": 0.011667510744080721, "supply": [{"l": "Fruits, Other", "v": 0.0051454747376363632}, {"l": "Lemons, Limes", "v": 0.00064755974589301166}, {"l": "Bananas", "v": 0.0051979795818979588}, {"l": "Oranges, Mandarines", "v": 0.00067649667865338659}]}, {"source": 24, "prod": 2.0, "target": 8, "value": 0.0063476884613831771, "supply": [{"l": "Infant food", "v": 0.0063476884613831771}]}, {"source": 24, "prod": 16.0, "target": 1, "value": 0.010470282374975872, "supply": [{"l": "Milk - Excluding Butter", "v": 0.010470282374975872}]}, {"source": 24, "prod": 455.0, "target": 2, "value": 1.7422520683269838, "supply": [{"l": "Maize", "v": 0.08416327113587467}, {"l": "Wheat", "v": 1.48474834137226}, {"l": "Cereals, Other", "v": 0.0081212425907564705}, {"l": "Barley", "v": 0.031058382370684878}, {"l": "Rice", "v": 0.062558140231263173}, {"l": "Sorghum", "v": 0.071602690626144591}]}, {"source": 24, "prod": 17.0, "target": 11, "value": 0.067785309359794085, "supply": [{"l": "Pulses, Other", "v": 0.067785309359794085}]}, {"source": 24, "prod": 47.0, "target": 20, "value": 0.46900309352789993, "supply": [{"l": "Fats, Animals, Raw", "v": 0.018866740704666669}, {"l": "Soyabean Oil", "v": 0.116737958110125}, {"l": "Sugar", "v": 0.0084111785184891649}, {"l": "Rape and Mustard Oil", "v": 0.13419730081867742}, {"l": "Palm Oil", "v": 0.18041320798837501}, {"l": "Oilcrops Oil, Other", "v": 0.010376707387566665}]}, {"source": 24, "prod": 2.0, "target": 18, "value": 0.0010763493073627085, "supply": [{"l": "Fruits, Other", "v": 0.00042878956146969697}, {"l": "Grapes", "v": 0.00064755974589301166}]}, {"source": 19, "prod": 2.0, "target": 25, "value": 0.012128619024428572, "supply": [{"l": "Cottonseed", "v": 0.012128619024428572}]}, {"source": 7, "prod": 7.0, "target": 25, "value": 0.001913913285769757, "supply": [{"l": "Vegetables, Other", "v": 0.0010322228956960488}, {"l": "Onions", "v": 0.00060213002248936181}, {"l": "Tomatoes", "v": 0.00027956036758434652}]}, {"source": 10, "prod": 3.0, "target": 25, "value": 0.0023496402169095941, "supply": [{"l": "Potatoes", "v": 0.0023496402169095941}]}, {"source": 11, "prod": 4.0, "target": 25, "value": 0.015949484555245665, "supply": [{"l": "Pulses, Other", "v": 0.015949484555245665}]}, {"source": 12, "prod": 15.0, "target": 25, "value": 0.063083838888668739, "supply": [{"l": "Sugar", "v": 0.063083838888668739}]}, {"source": 18, "prod": 3.0, "target": 25, "value": 0.0019426792376790352, "supply": [{"l": "Citrus, Other", "v": 0.0019426792376790352}]}, {"source": 16, "prod": 70.0, "target": 25, "value": 0.042149101574255318, "supply": [{"l": "Coffee", "v": 0.042149101574255318}]}, {"source": 11, "prod": 25.0, "target": 26, "value": 0.099684278470285423, "supply": [{"l": "Pulses, Other", "v": 0.099684278470285423}]}, {"source": 2, "prod": 100.0, "target": 26, "value": 0.40606212953782356, "supply": [{"l": "Cereals, Other", "v": 0.40606212953782356}]}, {"source": 19, "prod": 18.0, "target": 26, "value": 0.10915757121985717, "supply": [{"l": "Sesame seed", "v": 0.10915757121985717}]}, {"source": 16, "prod": 20.0, "target": 26, "value": 0.012042600449787236, "supply": [{"l": "Coffee", "v": 0.012042600449787236}]}, {"source": 27, "prod": 1000.0, "target": 2, "value": 3.8794827305879913, "supply": [{"l": "Maize", "v": 2.8054423711958223}, {"l": "Sorghum", "v": 1.0740403593921688}]}, {"source": 1, "prod": 831.0, "target": 0, "value": 0.54380029085030945, "supply": [{"l": "Milk - Excluding Butter", "v": 0.54380029085030945}]}, {"source": 1, "prod": 25.0, "target": 17, "value": 0.047166851761666663, "supply": [{"l": "Eggs", "v": 0.052826873973066665}]}, {"source": 1, "prod": 458.0, "target": 5, "value": 0.97308074832019176, "supply": [{"l": "Pigmeat", "v": 0.0013476243360476192}, {"l": "Bovine Meat", "v": 0.63285885934177188}, {"l": "Poultry Meat", "v": 0.044947235208176478}, {"l": "Offals, Edible", "v": 0.09029083051519049}, {"l": "Meat, Other", "v": 0.067348821986610588}, {"l": "Mutton & Goat Meat", "v": 0.13628737693239473}]}, {"source": 1, "prod": 8.0, "target": 4, "value": 0.0063896238058919093, "supply": [{"l": "Freshwater Fish", "v": 0.0032240632849746837}, {"l": "Fish, Seafood", "v": 0.003165560520917226}]}, {"source": 20, "prod": 211.0, "target": 12, "value": 0.87700554686113708, "supply": [{"l": "Honey", "v": 0.090560355382399996}, {"l": "Sugar", "v": 0.78644519147873704}]}, {"source": 20, "prod": 84.0, "target": 14, "value": 0.8806811979576743, "supply": [{"l": "Soyabean Oil", "v": 0.116737958110125}, {"l": "Rape and Mustard Oil", "v": 0.1533683437927742}, {"l": "Cottonseed Oil", "v": 0.0424501665855}, {"l": "Groundnut Oil", "v": 0.014150055528500001}, {"l": "Palm Oil", "v": 0.18041320798837501}, {"l": "Oilcrops Oil, Other", "v": 0.37356146595239997}]}, {"source": 20, "prod": 208.0, "target": 13, "value": 0.12063723942177175, "supply": [{"l": "Beer", "v": 0.0679202665368}, {"l": "Beverages, Alcoholic", "v": 0.0067920266536800004}, {"l": "Beverages, Fermented", "v": 0.045377764281051725}, {"l": "Wine", "v": 0.00054718195024002468}]}, {"source": 20, "prod": 25.0, "target": 9, "value": 0.24880514304279169, "supply": [{"l": "Fats, Animals, Raw", "v": 0.1320671849326667}, {"l": "Butter, Ghee", "v": 0.116737958110125}]}, {"source": 19, "prod": 195.0, "target": 28, "value": 0.55164877672300006, "supply": [{"l": "Sesame seed", "v": 0.064503333210000013}, {"l": "Cottonseed", "v": 0.10459999980000001}, {"l": "Rape and Mustardseed", "v": 0.031379999940000007}, {"l": "Oilcrops, Other", "v": 0.44106333248999996}, {"l": "Soyabeans", "v": 0.013946666640000001}, {"l": "Groundnuts", "v": 0.02440666662}]}, {"source": 7, "prod": 713.0, "target": 28, "value": 2.3524271749892312, "supply": [{"l": "Tomatoes", "v": 0.025573596600666021}, {"l": "Vegetables, Other", "v": 2.0187799961400001}, {"l": "Onions", "v": 0.28241999945999996}]}, {"source": 21, "prod": 680.0, "target": 28, "value": 0.22669722469743459, "supply": [{"l": "Sugar cane", "v": 0.22669722469743459}]}, {"source": 10, "prod": 1753.75, "target": 28, "value": 9.0590553830593699, "supply": [{"l": "Roots, Other", "v": 4.881333323999999}, {"l": "Yams", "v": 0.34866666599999996}, {"l": "Potatoes", "v": 0.60755166550500017}, {"l": "Sweet potatoes", "v": 0.27718999947}]}, {"source": 11, "prod": 592.0, "target": 28, "value": 2.0624052601383274, "supply": [{"l": "Peas", "v": 0.36086999930999997}, {"l": "Beans", "v": 0.11157333311999999}, {"l": "Pulses, Other", "v": 1.5916633302899998}]}, {"source": 2, "prod": 12058.0, "target": 28, "value": 43.229116383450396, "supply": [{"l": "Maize", "v": 12.667059975780001}, {"l": "Barley", "v": 5.5159066561200003}, {"l": "Rice", "v": 0.09413999982}, {"l": "Wheat", "v": 7.6044199854600008}, {"l": "Oats", "v": 0.25452666617999997}, {"l": "Sorghum", "v": 5.4949866561600009}, {"l": "Cereals, Other", "v": 9.4662999818999989}, {"l": "Millet", "v": 0.94488666486000006}]}, {"source": 29, "prod": 0, "target": 19, "value": 0.00024053247315211933, "supply": "[{\"l\":'Energy for power irrigation',\"v\":0.00024053247315211933}]"}, {"source": 29, "prod": 0, "target": 6, "value": 7.4009991739113645e-05, "supply": "[{\"l\":'Energy for power irrigation',\"v\":7.4009991739113645e-05}]"}, {"source": 29, "prod": 0, "target": 7, "value": 0.00087948540183313377, "supply": "[{\"l\":'Energy for power irrigation',\"v\":0.00087948540183313377}]"}, {"source": 29, "prod": 0, "target": 21, "value": 0.0020969497659415535, "supply": "[{\"l\":'Energy for power irrigation',\"v\":0.0020969497659415535}]"}, {"source": 29, "prod": 0, "target": 10, "value": 0.0043265007670823521, "supply": "[{\"l\":'Energy for power irrigation',\"v\":0.0043265007670823521}]"}, {"source": 29, "prod": 0, "target": 11, "value": 0.000730231918492588, "supply": "[{\"l\":'Energy for power irrigation',\"v\":0.000730231918492588}]"}, {"source": 29, "prod": 0, "target": 8, "value": 7.5243491601432208e-05, "supply": "[{\"l\":'Energy for power irrigation',\"v\":7.5243491601432208e-05}]"}, {"source": 29, "prod": 0, "target": 18, "value": 0.00026026847094921633, "supply": "[{\"l\":'Energy for power irrigation',\"v\":0.00026026847094921633}]"}, {"source": 29, "prod": 0, "target": 2, "value": 0.0074367706699186029, "supply": "[{\"l\":'Energy for power irrigation',\"v\":0.0074367706699186029}]"}, {"source": 29, "prod": 0, "target": 15, "value": 0.00014123573423547521, "supply": "[{\"l\":'Energy for power irrigation',\"v\":0.00014123573423547521}]"}, {"source": 29, "prod": 0, "target": 16, "value": 0.00022449697494197806, "supply": "[{\"l\":'Energy for power irrigation',\"v\":0.00022449697494197806}]"}, {"source": 29, "prod": 0, "target": 20, "value": 0.0027804999999999996, "supply": "[{\"l\":'Electricity',\"v\":0.0027804999999999996}]"}, {"source": 30, "prod": 0, "target": 29, "value": 0.0043991838474454967, "supply": [{"l": "Coal", "v": 0.0}, {"l": "Natural gas", "v": 0.0}, {"l": "Oil", "v": 0.0043991838474454967}]}, {"source": 31, "prod": 0, "target": 29, "value": 0.017594535797858274, "supply": [{"l": "Nuclear", "v": 0.0}, {"l": "Hydroelectric", "v": 0.017594535797858274}, {"l": "Renewable", "v": 0.0}]}, {"source": 30, "prod": 0, "target": 19, "value": 0.0077280850915973547, "supply": [{"l": "Motor Gasoline", "v": 0.00035908467418675636}, {"l": "Gas-Diesel oil", "v": 0.0059253024115241294}, {"l": "Other fossil fuels", "v": 0.0014436980058864682}]}, {"source": 30, "prod": 0, "target": 6, "value": 0.0023778723358761091, "supply": [{"l": "Motor Gasoline", "v": 0.00011048759205746351}, {"l": "Gas-Diesel oil", "v": 0.0018231699727766556}, {"l": "Other fossil fuels", "v": 0.00044421477104199025}]}, {"source": 30, "prod": 0, "target": 7, "value": 0.028257049591327764, "supply": [{"l": "Motor Gasoline", "v": 0.0013129608856161912}, {"l": "Gas-Diesel oil", "v": 0.021665336509829256}, {"l": "Other fossil fuels", "v": 0.0052787521958823167}]}, {"source": 30, "prod": 0, "target": 21, "value": 0.067373049516489758, "supply": [{"l": "Motor Gasoline", "v": 0.0031304817749614657}, {"l": "Gas-Diesel oil", "v": 0.051656482562005238}, {"l": "Other fossil fuels", "v": 0.012586085179523056}]}, {"source": 30, "prod": 0, "target": 10, "value": 0.13900645363475755, "supply": [{"l": "Motor Gasoline", "v": 0.0064589204856925538}, {"l": "Gas-Diesel oil", "v": 0.10657947799190198}, {"l": "Other fossil fuels", "v": 0.025968055157163016}]}, {"source": 30, "prod": 0, "target": 11, "value": 0.023461673713977612, "supply": [{"l": "Motor Gasoline", "v": 0.0010901442416336399}, {"l": "Gas-Diesel oil", "v": 0.017988610398063001}, {"l": "Other fossil fuels", "v": 0.0043829190742809701}]}, {"source": 30, "prod": 0, "target": 8, "value": 0.0024175035414740441, "supply": [{"l": "Motor Gasoline", "v": 0.00011232905192508789}, {"l": "Gas-Diesel oil", "v": 0.0018535561389895995}, {"l": "Other fossil fuels", "v": 0.0004516183505593567}]}, {"source": 30, "prod": 0, "target": 18, "value": 0.0083621843811643188, "supply": [{"l": "Motor Gasoline", "v": 0.00038854803206874665}, {"l": "Gas-Diesel oil", "v": 0.0064114810709312384}, {"l": "Other fossil fuels", "v": 0.0015621552781643325}]}, {"source": 30, "prod": 0, "target": 2, "value": 0.23893653854995103, "supply": [{"l": "Motor Gasoline", "v": 0.011102161541907457}, {"l": "Gas-Diesel oil", "v": 0.18319819609784091}, {"l": "Other fossil fuels", "v": 0.044636180910202647}]}, {"source": 30, "prod": 0, "target": 15, "value": 0.0045377730409635756, "supply": [{"l": "Motor Gasoline", "v": 0.00021084715484299285}, {"l": "Gas-Diesel oil", "v": 0.0034792160313821176}, {"l": "Other fossil fuels", "v": 0.00084770985473846467}]}, {"source": 30, "prod": 0, "target": 16, "value": 0.0072128794188241977, "supply": [{"l": "Motor Gasoline", "v": 0.00033514569590763926}, {"l": "Gas-Diesel oil", "v": 0.0055302822507558545}, {"l": "Other fossil fuels", "v": 0.0013474514721607037}]}, {"source": 32, "prod": 1.1074074074074074, "target": 19, "value": 0.010736335898350883, "supply": [{"l": "Potash", "v": 0.001025555556376}, {"l": "Phosphate", "v": 0.19358333348819998}, {"l": "Nitrogen", "v": 0.54124305598854994}]}, {"source": 32, "prod": 0.34074074074074079, "target": 6, "value": 0.0033034879687233488, "supply": [{"l": "Potash", "v": 0.001025555556376}, {"l": "Phosphate", "v": 0.19358333348819998}, {"l": "Nitrogen", "v": 0.54124305598854994}]}, {"source": 32, "prod": 4.0491358024691362, "target": 7, "value": 0.039256448694995789, "supply": [{"l": "Potash", "v": 0.001025555556376}, {"l": "Phosphate", "v": 0.19358333348819998}, {"l": "Nitrogen", "v": 0.54124305598854994}]}, {"source": 32, "prod": 9.6543209876543212, "target": 21, "value": 0.093598825780494874, "supply": [{"l": "Potash", "v": 0.001025555556376}, {"l": "Phosphate", "v": 0.19358333348819998}, {"l": "Nitrogen", "v": 0.54124305598854994}]}, {"source": 32, "prod": 19.919135802469139, "target": 10, "value": 0.19311640083828577, "supply": [{"l": "Potash", "v": 0.001025555556376}, {"l": "Phosphate", "v": 0.19358333348819998}, {"l": "Nitrogen", "v": 0.54124305598854994}]}, {"source": 32, "prod": 3.3619753086419757, "target": 11, "value": 0.032594414624737042, "supply": [{"l": "Potash", "v": 0.001025555556376}, {"l": "Phosphate", "v": 0.19358333348819998}, {"l": "Nitrogen", "v": 0.54124305598854994}]}, {"source": 32, "prod": 0.34641975308641976, "target": 8, "value": 0.0033585461015354042, "supply": [{"l": "Potash", "v": 0.001025555556376}, {"l": "Phosphate", "v": 0.19358333348819998}, {"l": "Nitrogen", "v": 0.54124305598854994}]}, {"source": 32, "prod": 1.1982716049382718, "target": 18, "value": 0.011617266023343778, "supply": [{"l": "Potash", "v": 0.001025555556376}, {"l": "Phosphate", "v": 0.19358333348819998}, {"l": "Nitrogen", "v": 0.54124305598854994}]}, {"source": 32, "prod": 34.238765432098766, "target": 2, "value": 0.33194548272388447, "supply": [{"l": "Potash", "v": 0.001025555556376}, {"l": "Phosphate", "v": 0.19358333348819998}, {"l": "Nitrogen", "v": 0.54124305598854994}]}, {"source": 32, "prod": 0.650246913580247, "target": 15, "value": 0.0063041562069803903, "supply": [{"l": "Potash", "v": 0.001025555556376}, {"l": "Phosphate", "v": 0.19358333348819998}, {"l": "Nitrogen", "v": 0.54124305598854994}]}, {"source": 32, "prod": 1.0335802469135804, "target": 16, "value": 0.010020580171794158, "supply": [{"l": "Potash", "v": 0.001025555556376}, {"l": "Phosphate", "v": 0.19358333348819998}, {"l": "Nitrogen", "v": 0.54124305598854994}]}, {"source": 30, "prod": 0, "target": 32, "value": 0.85868202154516948, "supply": [{"l": "Natural gas (including LNG)", "v": 0.59879288039739353}, {"l": "Fuel oil", "v": 0.16421296398790164}, {"l": "Liquefied petroleum gas (LPG)", "v": 0.047838088579937141}, {"l": "Coal", "v": 0.047838088579937141}]}, {"source": 33, "prod": 0, "target": 10, "value": 2.0607488317292355, "supply": "[{\"l\":'Labor',\"v\":2.0607488317292355}]"}, {"source": 33, "prod": 0, "target": 6, "value": 0.035251583721669033, "supply": "[{\"l\":'Labor',\"v\":0.035251583721669033}]"}, {"source": 33, "prod": 0, "target": 7, "value": 0.41890631989250027, "supply": "[{\"l\":'Labor',\"v\":0.41890631989250027}]"}, {"source": 33, "prod": 0, "target": 21, "value": 0.99879487211395579, "supply": "[{\"l\":'Labor',\"v\":0.99879487211395579}]"}, {"source": 33, "prod": 0, "target": 11, "value": 0.34781562605380106, "supply": "[{\"l\":'Labor',\"v\":0.34781562605380106}]"}, {"source": 33, "prod": 0, "target": 8, "value": 0.035839110117030178, "supply": "[{\"l\":'Labor',\"v\":0.035839110117030178}]"}, {"source": 33, "prod": 0, "target": 2, "value": 3.5421966376323759, "supply": "[{\"l\":'Labor',\"v\":3.5421966376323759}]"}, {"source": 33, "prod": 0, "target": 15, "value": 0.067271772268851726, "supply": "[{\"l\":'Labor',\"v\":0.067271772268851726}]"}, {"source": 33, "prod": 0, "target": 16, "value": 0.10692980395572939, "supply": "[{\"l\":'Labor',\"v\":0.10692980395572939}]"}, {"source": 33, "prod": 0, "target": 18, "value": 0.12396806942120277, "supply": "[{\"l\":'Labor',\"v\":0.12396806942120277}]"}, {"source": 33, "prod": 0, "target": 19, "value": 0.11456764709542433, "supply": "[{\"l\":'Labor',\"v\":0.11456764709542433}]"}, {"source": 30, "prod": 0, "target": 24, "value": 0.12830566001629631, "supply": "[{\"l\":'Fossil Fuels',\"v\":0.12830566001629631}]"}, {"source": 31, "prod": 0, "target": 24, "value": 3.6897074227671052, "supply": "[{\"l\":'Renewables & Nuclear',\"v\":0.020336033625589472},{\"l\":'Biomass & Waste',\"v\":3.6693713891415158}]"}]}