{"nodes": [{"layer": 13, "name": "Animal Products", "fill": "#17becf"}, {"layer": 10, "name": "Feed", "fill": "#dbdb8d"}, {"layer": 5, "name": "Cereals", "fill": "#e7ba52"}, {"layer": 13, "name": "Other Processed", "fill": "#9c9ede"}, {"layer": 16, "name": "Food", "fill": "#b5cf6b"}, {"layer": 5, "name": "Oilcrops", "fill": "#ff9896"}, {"layer": 5, "name": "Fruits, Roots & Vegetables", "fill": "#98df8a"}, {"layer": 13, "name": "Sugar", "fill": "#d6616b"}, {"layer": 13, "name": "Aquatic Products", "fill": "#1f77b4"}, {"layer": 13, "name": "Vegetable Oils", "fill": "#f7b6d2"}, {"layer": 10, "name": "Processing", "fill": "#9edae5"}, {"layer": 5, "name": "Sugar Crops", "fill": "#ffbb78"}, {"layer": 16, "name": "Biofuels & Other", "fill": "#e7ba52"}, {"name": "Waste", "fill": "#c7c7c7"}, {"layer": 2, "name": "Import", "fill": "#aec7e8"}, {"layer": 16, "name": "Export", "fill": "#aec7e8"}, {"layer": 16, "name": "Stock Deposit", "fill": "#c7c7c7"}, {"layer": 0, "name": "Stock Draw", "fill": "#c7c7c7"}, {"name": "Crop Residue", "fill": "#bd9e39"}, {"layer": 2, "name": "Electricity", "fill": "#bcbd22"}, {"layer": 0, "name": "Fossil Fuels", "fill": "#c49c94"}, {"layer": 0, "name": "Renewables & Nuclear", "fill": "#2ca02c"}, {"layer": 2, "name": "Fertilizers", "fill": "#c5b0d5"}, {"layer": 0, "name": "Labor", "fill": "#7f7f7f"}], "links": [{"source": 0, "prod": 18.0, "target": 1, "value": 0.012577077027478768, "supply": [{"l": "Milk - Excluding Butter", "v": 0.012577077027478768}]}, {"source": 2, "prod": 120.0, "target": 1, "value": 0.48079758569956987, "supply": [{"l": "Maize", "v": 0.48079758569956987}]}, {"source": 3, "prod": 705.0, "target": 4, "value": 0.8945202486616981, "supply": [{"l": "Beer", "v": 0.17543768033302851}, {"l": "Beverages, Alcoholic", "v": 0.037143895762312501}, {"l": "Fats, Animals, Raw", "v": 0.32327434553573076}, {"l": "Butter, Ghee", "v": 0.18192928536642861}, {"l": "Wine", "v": 0.0011504110185772362}, {"l": "Beverages, Fermented", "v": 0.17558463064562047}]}, {"source": 0, "prod": 4304.0, "target": 4, "value": 4.1776000513067819, "supply": [{"l": "Pigmeat", "v": 0.003144456784111111}, {"l": "Meat, Other", "v": 0.17608957991022223}, {"l": "Eggs", "v": 0.034830905916307692}, {"l": "Mutton & Goat Meat", "v": 0.31570722694126346}, {"l": "Poultry Meat", "v": 0.070510446192864423}, {"l": "Milk - Excluding Butter", "v": 2.4203886012881366}, {"l": "Offals, Edible", "v": 0.17503802455709416}, {"l": "Bovine Meat", "v": 0.98189080971678266}]}, {"source": 2, "prod": 11819.0, "target": 4, "value": 45.562558200901293, "supply": [{"l": "Maize", "v": 13.854983761242604}, {"l": "Barley", "v": 3.7182058689426474}, {"l": "Rice", "v": 0.27967168573976475}, {"l": "Cereals, Other", "v": 8.5924277618911962}, {"l": "Wheat", "v": 10.66272513147427}, {"l": "Oats", "v": 0.10612541646375}, {"l": "Sorghum", "v": 6.945558992707797}, {"l": "Millet", "v": 1.4028595824392704}]}, {"source": 5, "prod": 53.0, "target": 4, "value": 0.33052684055159243, "supply": [{"l": "Groundnuts", "v": 0.17687569410625004}, {"l": "Oilcrops, Other", "v": 0.10520258675536956}, {"l": "Soyabeans", "v": 0.031837624939125002}, {"l": "Rape and Mustardseed", "v": 0.016610934750847826}]}, {"source": 6, "prod": 8461.0, "target": 4, "value": 15.600199434936386, "supply": [{"l": "Roots, Other", "v": 7.4712784227687461}, {"l": "Infant food", "v": 0.012128619024428572}, {"l": "Nuts", "v": 0.20921867817139289}, {"l": "Yams", "v": 0.2109062575152896}, {"l": "Citrus, Other", "v": 0.0017768070660130709}, {"l": "Tomatoes", "v": 0.014617557922135033}, {"l": "Coffee", "v": 0.034958960717470594}, {"l": "Treenuts", "v": 0.20921867817139289}, {"l": "Vegetables, Other", "v": 0.38592441250001969}, {"l": "Peas", "v": 0.91175575187986968}, {"l": "Grapes", "v": 0.0023690760880174275}, {"l": "Dates", "v": 0.0011845380440087137}, {"l": "Potatoes", "v": 0.24567616094757871}, {"l": "Pimento", "v": 0.45799975649389801}, {"l": "Pepper", "v": 0.0073926820720326535}, {"l": "Beans", "v": 0.56209875754593097}, {"l": "Apples", "v": 0.0017768070660130709}, {"l": "Lemons, Limes", "v": 0.0023690760880174275}, {"l": "Pineapples", "v": 0.0017768070660130709}, {"l": "Bananas", "v": 0.10541452850657657}, {"l": "Spices, Other", "v": 0.10551898551252858}, {"l": "Tea", "v": 0.0024970686226764706}, {"l": "Fruits, Other", "v": 0.17543768033302851}, {"l": "Sweet potatoes", "v": 0.28086525313173588}, {"l": "Oranges, Mandarines", "v": 0.010216936366202188}, {"l": "Onions", "v": 0.070308088407234376}, {"l": "Pulses, Other", "v": 4.105513086908136}]}, {"source": 7, "prod": 493.0, "target": 4, "value": 1.6122739740414409, "supply": [{"l": "Sugar", "v": 1.4016878535290587}, {"l": "Sweeteners, Other", "v": 0.070750277642500012}, {"l": "Honey", "v": 0.13983584286988235}]}, {"source": 8, "prod": 34.0, "target": 4, "value": 0.02648770921851459, "supply": [{"l": "Freshwater Fish", "v": 0.012288206116855264}, {"l": "Pelagic Fish", "v": 0.0011073956500565218}, {"l": "Fish, Seafood", "v": 0.013092107451602804}]}, {"source": 9, "prod": 241.0, "target": 4, "value": 2.4860836746360082, "supply": [{"l": "Groundnut Oil", "v": 0.028300111057000001}, {"l": "Soyabean Oil", "v": 0.074287791524625002}, {"l": "Palm Oil", "v": 1.4737323729046998}, {"l": "Rape and Mustard Oil", "v": 0.13983584286988238}, {"l": "Oilcrops Oil, Other", "v": 0.73596742301140106}, {"l": "Cottonseed Oil", "v": 0.0339601332684}]}, {"source": 6, "prod": 2.0, "target": 10, "value": 0.0011845380440087137, "supply": [{"l": "Grapes", "v": 0.0011845380440087137}]}, {"source": 11, "prod": 2450.0, "target": 10, "value": 0.85775594337711336, "supply": [{"l": "Sugar cane", "v": 0.85775594337711336}]}, {"source": 2, "prod": 259.0, "target": 10, "value": 0.92113756326216478, "supply": [{"l": "Maize", "v": 0.11218610332989963}, {"l": "Barley", "v": 0.56117366355338105}, {"l": "Millet", "v": 0.24777779637888414}]}, {"source": 5, "prod": 374.00000000000011, "target": 10, "value": 2.0785201131755331, "supply": [{"l": "Rape and Mustardseed", "v": 0.24916402126271742}, {"l": "Groundnuts", "v": 0.035375138821250006}, {"l": "Cottonseed", "v": 0.22147913001130437}, {"l": "Oilcrops, Other", "v": 1.572501823080261}, {"l": "Oil Palm", "v": 4.4408920985006262e-16}]}, {"source": 9, "prod": 78.0, "target": 12, "value": 0.80762882803636549, "supply": [{"l": "Palm Oil", "v": 0.1545873118431503}, {"l": "Oilcrops Oil, Other", "v": 0.65304151619321515}]}, {"source": 2, "prod": 1460.0, "target": 12, "value": 5.4866205097603942, "supply": [{"l": "Sorghum", "v": 2.8760078644752785}, {"l": "Wheat", "v": 1.5543331095443542}, {"l": "Cereals, Other", "v": 1.0562795357407617}]}, {"source": 6, "prod": 177.0, "target": 6, "value": 0.45173991871556912, "supply": [{"l": "Potatoes", "v": 0.046015534907641722}, {"l": "Peas", "v": 0.043988216099467389}, {"l": "Yams", "v": 0.026507343840719459}, {"l": "Beans", "v": 0.046841563128827583}, {"l": "Pulses, Other", "v": 0.28838726073891296}]}, {"source": 0, "prod": 4.0, "target": 0, "value": 0.0043538632395384615, "supply": [{"l": "Eggs", "v": 0.0043538632395384615}]}, {"source": 2, "prod": 362.0, "target": 2, "value": 1.374198153240477, "supply": [{"l": "Maize", "v": 0.21235226701731005}, {"l": "Wheat", "v": 0.45852826731558444}, {"l": "Oats", "v": 0.0060643095122142861}, {"l": "Millet", "v": 0.025506537862532191}, {"l": "Barley", "v": 0.29263657301863433}, {"l": "Sorghum", "v": 0.11504031457901114}, {"l": "Cereals, Other", "v": 0.26406988393519043}]}, {"source": 5, "prod": 15.0, "target": 5, "value": 0.086130772782173931, "supply": [{"l": "Cottonseed", "v": 0.011073956500565219}, {"l": "Groundnuts", "v": 0.014150055528500001}, {"l": "Oilcrops, Other", "v": 0.049832804252543481}, {"l": "Sesame seed", "v": 0.011073956500565219}]}, {"source": 6, "prod": 761.0, "target": 13, "value": 1.3451327900789427, "supply": [{"l": "Roots, Other", "v": 0.82975467317730345}, {"l": "Potatoes", "v": 0.015598486409370076}, {"l": "Pimento", "v": 0.022524578188224492}, {"l": "Fruits, Other", "v": 0.0086280826393292705}, {"l": "Yams", "v": 0.026507343840719459}, {"l": "Beans", "v": 0.046841563128827583}, {"l": "Nuts", "v": 0.012128619024428572}, {"l": "Coffee", "v": 0.0014982411736058823}, {"l": "Bananas", "v": 0.011577318159681819}, {"l": "Treenuts", "v": 0.012128619024428572}, {"l": "Vegetables, Other", "v": 0.03466637038690653}, {"l": "Peas", "v": 0.051986073572097835}, {"l": "Tomatoes", "v": 0.0017197126967217688}, {"l": "Oranges, Mandarines", "v": 0.0012384165292366287}, {"l": "Onions", "v": 0.0039797031173906252}, {"l": "Pulses, Other", "v": 0.26435498901067023}]}, {"source": 0, "prod": 111.0, "target": 13, "value": 0.078338120286168433, "supply": [{"l": "Milk - Excluding Butter", "v": 0.076161188666399204}, {"l": "Eggs", "v": 0.0021769316197692307}]}, {"source": 2, "prod": 728.0, "target": 13, "value": 2.7961931162133009, "supply": [{"l": "Maize", "v": 0.76526949057181537}, {"l": "Barley", "v": 0.23410925841490746}, {"l": "Sorghum", "v": 0.5248714352667383}, {"l": "Cereals, Other", "v": 0.52001454067237507}, {"l": "Wheat", "v": 0.66447740433021141}, {"l": "Millet", "v": 0.087450986957253229}]}, {"source": 5, "prod": 6.0, "target": 13, "value": 0.034759919015663047, "supply": [{"l": "Groundnuts", "v": 0.0070750277642500003}, {"l": "Oilcrops, Other", "v": 0.027684891251413046}]}, {"source": 14, "prod": 380.0, "target": 10, "value": 2.7249532691083824, "supply": [{"l": "Fats, Animals, Raw", "v": 0.10775811517857693}, {"l": "Sugar", "v": 0.54269624732835287}, {"l": "Oilcrops Oil, Other", "v": 0.35243510397729078}, {"l": "Sweeteners, Other", "v": 0.014150055528500001}, {"l": "Soyabean Oil", "v": 0.074287791524625002}, {"l": "Palm Oil", "v": 1.6283196847478498}, {"l": "Beverages, Alcoholic", "v": 0.0053062708231875}]}, {"source": 14, "prod": 1514.0, "target": 2, "value": 5.8023892032846884, "supply": [{"l": "Maize", "v": 0.29248519796723832}, {"l": "Barley", "v": 0.14803967811530913}, {"l": "Rice", "v": 0.091892125314494116}, {"l": "Sorghum", "v": 0.90953748714030691}, {"l": "Cereals, Other", "v": 0.012187840797008789}, {"l": "Wheat", "v": 4.3482468739503313}]}, {"source": 14, "prod": 19.0, "target": 5, "value": 0.10650992884224186, "supply": [{"l": "Soyabeans", "v": 0.0053062708231875}, {"l": "Sesame seed", "v": 0.044295826002260875}, {"l": "Rape and Mustardseed", "v": 0.0055369782502826094}, {"l": "Groundnuts", "v": 0.0070750277642500003}, {"l": "Oilcrops, Other", "v": 0.044295826002260875}]}, {"source": 14, "prod": 105.0, "target": 6, "value": 0.20768215862555456, "supply": [{"l": "Dates", "v": 0.0011845380440087137}, {"l": "Fruits, Other", "v": 0.0080528771300406518}, {"l": "Pepper", "v": 0.0036963410360163268}, {"l": "Nuts", "v": 0.0030321547561071431}, {"l": "Coffee", "v": 0.013484170562452942}, {"l": "Beans", "v": 0.0039034635940689653}, {"l": "Tomatoes", "v": 0.0008598563483608844}, {"l": "Pineapples", "v": 0.0011845380440087137}, {"l": "Spices, Other", "v": 0.0036385857073285722}, {"l": "Apples", "v": 0.0017768070660130709}, {"l": "Vegetables, Other", "v": 0.003341336904762075}, {"l": "Peas", "v": 0.087976432198934779}, {"l": "Treenuts", "v": 0.0030321547561071431}, {"l": "Infant food", "v": 0.012128619024428572}, {"l": "Oranges, Mandarines", "v": 0.00030960413230915717}, {"l": "Pulses, Other", "v": 0.060080679320606872}]}, {"source": 14, "prod": 17.0, "target": 1, "value": 0.012429814606911579, "supply": [{"l": "Milk - Excluding Butter", "v": 0.0097821710213723753}, {"l": "Pelagic Fish", "v": 0.0011073956500565218}, {"l": "Fish, Seafood", "v": 0.0015402479354826829}]}, {"source": 3, "prod": 1.0, "target": 15, "value": 0.00057520550928861808, "supply": [{"l": "Beer", "v": 0.00057520550928861808}]}, {"source": 0, "prod": 8.0, "target": 15, "value": 0.01830186822847904, "supply": [{"l": "Mutton & Goat Meat", "v": 0.01830186822847904}]}, {"source": 2, "prod": 3.0, "target": 15, "value": 0.011075852435049081, "supply": [{"l": "Sorghum", "v": 0.007190019661188196}, {"l": "Wheat", "v": 0.0038858327738608856}]}, {"source": 5, "prod": 171.0, "target": 15, "value": 0.94636186594413607, "supply": [{"l": "Soyabeans", "v": 0.010612541646375}, {"l": "Sesame seed", "v": 0.72534415078702186}, {"l": "Rape and Mustardseed", "v": 0.016610934750847826}, {"l": "Oilcrops, Other", "v": 0.19379423875989132}]}, {"source": 6, "prod": 641.0, "target": 15, "value": 0.96772728918465711, "supply": [{"l": "Roots, Other", "v": 0.0017431820865069403}, {"l": "Potatoes", "v": 0.0070193188842165343}, {"l": "Fruits, Other", "v": 0.0017256165278658538}, {"l": "Beans", "v": 0.28885630596110345}, {"l": "Pulses, Other", "v": 0.41255399800150044}, {"l": "Lemons, Limes", "v": 0.00059226902200435686}, {"l": "Tomatoes", "v": 0.002149640870902211}, {"l": "Coffee", "v": 0.089395056691817645}, {"l": "Bananas", "v": 0.0012186650694401913}, {"l": "Spices, Other", "v": 0.050940199902600014}, {"l": "Tea", "v": 0.00049941372453529416}, {"l": "Vegetables, Other", "v": 0.098569438690481223}, {"l": "Peas", "v": 0.0079978574726304354}, {"l": "Oranges, Mandarines", "v": 0.00092881239692747157}, {"l": "Onions", "v": 0.0035375138821250002}]}, {"source": 7, "prod": 19.0, "target": 15, "value": 0.063259071774470585, "supply": [{"l": "Sugar", "v": 0.063259071774470585}]}, {"source": 8, "prod": 2.0, "target": 15, "value": 0.0015381368500447955, "supply": [{"l": "Freshwater Fish", "v": 0.00076801288230345403}, {"l": "Fish, Seafood", "v": 0.00077012396774134143}]}, {"source": 6, "prod": 85.0, "target": 16, "value": 0.21774841142742485, "supply": [{"l": "Coffee", "v": 0.017479480358735297}, {"l": "Pulses, Other", "v": 0.20026893106868954}]}, {"source": 17, "prod": 4.0, "target": 6, "value": 0.0048915870466143506, "supply": [{"l": "Spices, Other", "v": 0.0036385857073285722}, {"l": "Vegetables, Other", "v": 0.0012530013392857784}]}, {"source": 5, "prod": 61.0, "target": 16, "value": 0.33775567326723915, "supply": [{"l": "Sesame seed", "v": 0.33775567326723915}]}, {"source": 7, "prod": 43.0, "target": 16, "value": 0.14316526770011762, "supply": [{"l": "Sugar", "v": 0.14316526770011762}]}, {"source": 1, "prod": 36.0, "target": 8, "value": 0.028025846068559384, "supply": [{"l": "Freshwater Fish", "v": 0.013056218999158719}, {"l": "Pelagic Fish", "v": 0.0011073956500565218}, {"l": "Fish, Seafood", "v": 0.013862231419344145}]}, {"source": 1, "prod": 4441.0, "target": 0, "value": 4.2868171168489084, "supply": [{"l": "Poultry Meat", "v": 0.070510446192864423}, {"l": "Pigmeat", "v": 0.003144456784111111}, {"l": "Bovine Meat", "v": 0.98189080971678266}, {"l": "Eggs", "v": 0.041361700775615379}, {"l": "Milk - Excluding Butter", "v": 2.5091268669820148}, {"l": "Offals, Edible", "v": 0.17503802455709416}, {"l": "Meat, Other", "v": 0.17608957991022223}, {"l": "Mutton & Goat Meat", "v": 0.33400909516974253}]}, {"source": 10, "prod": 706.0, "target": 3, "value": 0.89509545417098668, "supply": [{"l": "Fats, Animals, Raw", "v": 0.32327434553573076}, {"l": "Beverages, Fermented", "v": 0.17558463064562047}, {"l": "Beer", "v": 0.17601288584231711}, {"l": "Beverages, Alcoholic", "v": 0.037143895762312501}, {"l": "Butter, Ghee", "v": 0.18192928536642861}, {"l": "Wine", "v": 0.0011504110185772362}]}, {"source": 10, "prod": 319.0, "target": 9, "value": 3.2937125026723737, "supply": [{"l": "Soyabean Oil", "v": 0.074287791524625002}, {"l": "Rape and Mustard Oil", "v": 0.13983584286988238}, {"l": "Cottonseed Oil", "v": 0.0339601332684}, {"l": "Groundnut Oil", "v": 0.028300111057000001}, {"l": "Palm Oil", "v": 1.62831968474785}, {"l": "Oilcrops Oil, Other", "v": 1.3890089392046163}]}, {"source": 10, "prod": 555.0, "target": 7, "value": 1.8186983135160291, "supply": [{"l": "Honey", "v": 0.13983584286988235}, {"l": "Sweeteners, Other", "v": 0.070750277642500012}, {"l": "Sugar", "v": 1.6081121930036468}]}, {"source": 6, "prod": 10041.0, "target": 18, "value": 44.464249897671372, "supply": [{"l": "Roots, Other", "v": 8.3034966507900005}, {"l": "Yams", "v": 0.39835166590499993}, {"l": "Tomatoes", "v": 0.034990203031951946}, {"l": "Vegetables, Other", "v": 4.2136366586099996}, {"l": "Peas", "v": 0.8472599983800001}, {"l": "Potatoes", "v": 0.7025633319900001}, {"l": "Beans", "v": 0.84202999839000003}, {"l": "Sweet potatoes", "v": 0.45849666578999998}, {"l": "Onions", "v": 0.61190999883000008}, {"l": "Pulses, Other", "v": 4.5623033246100002}]}, {"source": 11, "prod": 980.0, "target": 18, "value": 0.34310237735084537, "supply": [{"l": "Sugar cane", "v": 0.34310237735084537}]}, {"source": 2, "prod": 27986.0, "target": 18, "value": 99.516597409162074, "supply": [{"l": "Maize", "v": 26.58931994916}, {"l": "Barley", "v": 9.5813599816799986}, {"l": "Rice", "v": 0.41142666588000004}, {"l": "Wheat", "v": 20.041359961679998}, {"l": "Oats", "v": 0.25801333284}, {"l": "Sorghum", "v": 19.424219962859997}, {"l": "Cereals, Other", "v": 17.897059965780002}, {"l": "Millet", "v": 3.3750933268800001}]}, {"source": 5, "prod": 672.0, "target": 18, "value": 2.3728703658333332, "supply": [{"l": "Sesame seed", "v": 0.66420999872999997}, {"l": "Cottonseed", "v": 0.14643999971999999}, {"l": "Groundnuts", "v": 0.11157333312000001}, {"l": "Rape and Mustardseed", "v": 0.17781999966000003}, {"l": "Oilcrops, Other", "v": 1.2151033310100001}, {"l": "Soyabeans", "v": 0.027893333279999998}]}, {"source": 19, "prod": 0, "target": 6, "value": 0.005676276677590561, "supply": "[{\"l\":'Energy for power irrigation',\"v\":0.005676276677590561}]"}, {"source": 19, "prod": 0, "target": 11, "value": 0.0013850092480925083, "supply": "[{\"l\":'Energy for power irrigation',\"v\":0.0013850092480925083}]"}, {"source": 19, "prod": 0, "target": 2, "value": 0.0079103813912483542, "supply": "[{\"l\":'Energy for power irrigation',\"v\":0.0079103813912483542}]"}, {"source": 19, "prod": 0, "target": 5, "value": 0.00037988825090537373, "supply": "[{\"l\":'Energy for power irrigation',\"v\":0.00037988825090537373}]"}, {"source": 19, "prod": 0, "target": 10, "value": 0.0075910999999999982, "supply": "[{\"l\":'Electricity',\"v\":0.0075910999999999982}]"}, {"source": 20, "prod": 0, "target": 19, "value": 0.0074650029612612035, "supply": [{"l": "Coal", "v": 0.0}, {"l": "Natural gas", "v": 0.0}, {"l": "Oil", "v": 0.0074650029612612035}]}, {"source": 21, "prod": 0, "target": 19, "value": 0.020105954442557538, "supply": [{"l": "Nuclear", "v": 0.0}, {"l": "Hydroelectric", "v": 0.020020914151863942}, {"l": "Renewable", "v": 8.5040290693596919e-05}]}, {"source": 20, "prod": 0, "target": 6, "value": 0.3138377402225927, "supply": [{"l": "Motor Gasoline", "v": 0.0091000208743689318}, {"l": "Gas-Diesel oil", "v": 0.3047377193482238}]}, {"source": 20, "prod": 0, "target": 11, "value": 0.076576283591808805, "supply": [{"l": "Motor Gasoline", "v": 0.0022204014682007654}, {"l": "Gas-Diesel oil", "v": 0.074355882123608039}]}, {"source": 20, "prod": 0, "target": 2, "value": 0.43735997400007365, "supply": [{"l": "Motor Gasoline", "v": 0.012681664385523799}, {"l": "Gas-Diesel oil", "v": 0.42467830961454989}]}, {"source": 20, "prod": 0, "target": 5, "value": 0.0210037806423247, "supply": [{"l": "Motor Gasoline", "v": 0.00060902440270649565}, {"l": "Gas-Diesel oil", "v": 0.020394756239618207}]}, {"source": 22, "prod": 87.04729129020707, "target": 6, "value": 0.94981312964312803, "supply": [{"l": "Potash", "v": 0.0035750881701366302}, {"l": "Phosphate", "v": 0.51448137541158501}, {"l": "Nitrogen", "v": 2.0507240710850234}]}, {"source": 22, "prod": 21.23950439806865, "target": 11, "value": 0.23175402525900446, "supply": [{"l": "Potash", "v": 0.0035750881701366302}, {"l": "Phosphate", "v": 0.51448137541158501}, {"l": "Nitrogen", "v": 2.0507240710850234}]}, {"source": 22, "prod": 121.30791226211208, "target": 2, "value": 1.3236465614078567, "supply": [{"l": "Potash", "v": 0.0035750881701366302}, {"l": "Phosphate", "v": 0.51448137541158501}, {"l": "Nitrogen", "v": 2.0507240710850234}]}, {"source": 22, "prod": 5.8256926348988305, "target": 5, "value": 0.063566818356755511, "supply": [{"l": "Potash", "v": 0.0035750881701366302}, {"l": "Phosphate", "v": 0.51448137541158501}, {"l": "Nitrogen", "v": 2.0507240710850234}]}, {"source": 20, "prod": 0, "target": 22, "value": 3.0055368901122068, "supply": [{"l": "Natural gas (including LNG)", "v": 2.0829956748391618}, {"l": "Fuel oil", "v": 0.56003228816488848}, {"l": "Liquefied petroleum gas (LPG)", "v": 0.18125446355407843}, {"l": "Coal", "v": 0.18125446355407843}]}, {"source": 23, "prod": 0, "target": 2, "value": 8.9005984187184506, "supply": "[{\"l\":'Labor',\"v\":8.9005984187184506}]"}, {"source": 23, "prod": 0, "target": 5, "value": 0.42744244532114622, "supply": "[{\"l\":'Labor',\"v\":0.42744244532114622}]"}, {"source": 23, "prod": 0, "target": 6, "value": 6.3868297521869479, "supply": "[{\"l\":'Labor',\"v\":6.3868297521869479}]"}, {"source": 23, "prod": 0, "target": 11, "value": 1.5583839152333456, "supply": "[{\"l\":'Labor',\"v\":1.5583839152333456}]"}, {"source": 20, "prod": 0, "target": 14, "value": 1.1005441178058157, "supply": "[{\"l\":'Fossil Fuels',\"v\":1.1005441178058157}]"}, {"source": 21, "prod": 0, "target": 14, "value": 17.12549185496216, "supply": "[{\"l\":'Renewables & Nuclear',\"v\":0.17106989175564702},{\"l\":'Biomass & Waste',\"v\":16.954421963206514}]"}]}