{"nodes": [{"layer": 13, "name": "Other Processed", "fill": "#9c9ede"}, {"layer": 10, "name": "Feed", "fill": "#dbdb8d"}, {"layer": 13, "name": "Animal Products", "fill": "#17becf"}, {"layer": 5, "name": "Cereals", "fill": "#e7ba52"}, {"layer": 5, "name": "Oilcrops", "fill": "#ff9896"}, {"layer": 5, "name": "Fruits, Roots & Vegetables", "fill": "#98df8a"}, {"layer": 13, "name": "Sugar", "fill": "#d6616b"}, {"layer": 13, "name": "Aquatic Products", "fill": "#1f77b4"}, {"layer": 16, "name": "Food", "fill": "#b5cf6b"}, {"layer": 5, "name": "Sugar Crops", "fill": "#ffbb78"}, {"layer": 13, "name": "Vegetable Oils", "fill": "#f7b6d2"}, {"layer": 10, "name": "Processing", "fill": "#9edae5"}, {"layer": 16, "name": "Biofuels & Other", "fill": "#e7ba52"}, {"name": "Waste", "fill": "#c7c7c7"}, {"layer": 2, "name": "Import", "fill": "#aec7e8"}, {"layer": 16, "name": "Export", "fill": "#aec7e8"}, {"layer": 0, "name": "Stock Draw", "fill": "#c7c7c7"}, {"layer": 16, "name": "Stock Deposit", "fill": "#c7c7c7"}, {"layer": 2, "name": "Electricity", "fill": "#bcbd22"}, {"layer": 0, "name": "Fossil Fuels", "fill": "#c49c94"}, {"layer": 0, "name": "Renewables & Nuclear", "fill": "#2ca02c"}, {"layer": 2, "name": "Fertilizers", "fill": "#c5b0d5"}, {"layer": 0, "name": "Labor", "fill": "#7f7f7f"}], "links": [{"source": 0, "prod": 1.0, "target": 1, "value": 0.008961701834716668, "supply": [{"l": "Fish, Body Oil", "v": 0.008961701834716668}]}, {"source": 2, "prod": 1330.0, "target": 1, "value": 0.87014034411771801, "supply": [{"l": "Milk - Excluding Butter", "v": 0.87014034411771801}]}, {"source": 3, "prod": 7374.0, "target": 1, "value": 27.613915462387826, "supply": [{"l": "Maize", "v": 3.1835505962423558}, {"l": "Wheat", "v": 5.5662047520971694}, {"l": "Oats", "v": 2.7451107725290003}, {"l": "Rye", "v": 0.41126553373479952}, {"l": "Millet", "v": 0.23120180015316968}, {"l": "Barley", "v": 13.163275340328289}, {"l": "Sorghum", "v": 2.252284552836386}, {"l": "Cereals, Other", "v": 0.061022114466656251}]}, {"source": 4, "prod": 191.0, "target": 1, "value": 0.73558978423608889, "supply": [{"l": "Soyabeans", "v": 0.72497724258971386}, {"l": "Cottonseed", "v": 0.010612541646375}]}, {"source": 5, "prod": 1773.0, "target": 1, "value": 1.1050745237735244, "supply": [{"l": "Roots, Other", "v": 0.0010679287191320756}, {"l": "Potatoes", "v": 0.037659362070850723}, {"l": "Vegetables, Other", "v": 0.30077701122100869}, {"l": "Sweet potatoes", "v": 0.0016373635682978573}, {"l": "Tomatoes", "v": 0.065168269045230515}, {"l": "Pulses, Other", "v": 0.69876458914900463}]}, {"source": 6, "prod": 1.0, "target": 1, "value": 0.002927597695551724, "supply": [{"l": "Sugar", "v": 0.002927597695551724}]}, {"source": 7, "prod": 171.0, "target": 1, "value": 0.14946056109840533, "supply": [{"l": "Pelagic Fish", "v": 0.076446274571345341}, {"l": "Fish, Seafood", "v": 0.073014286527060004}]}, {"source": 0, "prod": 485.0, "target": 8, "value": 1.6956632963840701, "supply": [{"l": "Beer", "v": 0.11320044422800001}, {"l": "Beverages, Alcoholic", "v": 0.11533630166626416}, {"l": "Fats, Animals, Raw", "v": 0.16980066634200003}, {"l": "Butter, Ghee", "v": 1.2225647976624001}, {"l": "Wine", "v": 0.056600222114000003}, {"l": "Beverages, Fermented", "v": 0.015613854376275861}, {"l": "Cream", "v": 0.0025470099951300004}]}, {"source": 2, "prod": 9389.0, "target": 8, "value": 8.3141317046990881, "supply": [{"l": "Mutton & Goat Meat", "v": 1.3639498422900247}, {"l": "Pigmeat", "v": 0.055511756304115381}, {"l": "Meat, Other", "v": 0.084900333171}, {"l": "Eggs", "v": 0.36844247527591323}, {"l": "Poultry Meat", "v": 0.42499185253612592}, {"l": "Milk - Excluding Butter", "v": 5.1645773507257635}, {"l": "Offals, Edible", "v": 0.19856362968264249}, {"l": "Bovine Meat", "v": 0.65319446471350362}]}, {"source": 3, "prod": 12541.0, "target": 8, "value": 42.424848802011255, "supply": [{"l": "Maize", "v": 1.3629258143657372}, {"l": "Rye", "v": 2.1272355193179284}, {"l": "Barley", "v": 0.56972591996328947}, {"l": "Rice", "v": 2.6955411742393069}, {"l": "Cereals, Other", "v": 1.3030016206703658}, {"l": "Wheat", "v": 31.215302459082885}, {"l": "Oats", "v": 0.028300111057000001}, {"l": "Sorghum", "v": 2.5542871665446572}, {"l": "Millet", "v": 0.56852901677008938}]}, {"source": 4, "prod": 213.0, "target": 8, "value": 0.83724453835772239, "supply": [{"l": "Olives", "v": 0.28379605750980336}, {"l": "Sunflower seed", "v": 0.012735049975650002}, {"l": "Coconuts - Incl Copra", "v": 0.029184489527531249}, {"l": "Sesame seed", "v": 0.25689669778466384}, {"l": "Groundnuts", "v": 0.22426503101773587}, {"l": "Oilcrops, Other", "v": 0.026531354115937499}, {"l": "Soyabeans", "v": 0.0038358584264006029}]}, {"source": 5, "prod": 20329.0, "target": 8, "value": 12.557896931093525, "supply": [{"l": "Roots, Other", "v": 0.0074755010339245297}, {"l": "Nuts", "v": 0.73911731490309007}, {"l": "Cocoa Beans", "v": 0.027013742372590913}, {"l": "Tomatoes", "v": 0.48247385152784694}, {"l": "Coffee", "v": 0.028300111057000001}, {"l": "Treenuts", "v": 0.73690438881056597}, {"l": "Vegetables, Other", "v": 1.8445756043601198}, {"l": "Peas", "v": 0.031837624939125002}, {"l": "Infant food", "v": 0.0023244444400000001}, {"l": "Grapes", "v": 2.525318002840498}, {"l": "Dates", "v": 0.59672805600188572}, {"l": "Potatoes", "v": 1.5325722999267948}, {"l": "Pimento", "v": 0.029388576866884616}, {"l": "Pepper", "v": 0.0023244444400000001}, {"l": "Beans", "v": 0.56730637372327197}, {"l": "Pulses, Other", "v": 1.4459983983545877}, {"l": "Lemons, Limes", "v": 0.028356711279114002}, {"l": "Bananas", "v": 0.11344760676998256}, {"l": "Citrus, Other", "v": 0.025568888840000002}, {"l": "Spices, Other", "v": 0.11596143067258537}, {"l": "Tea", "v": 0.028466582298511765}, {"l": "Fruits, Other", "v": 0.53962384743140246}, {"l": "Grapefruit", "v": 0.028300111057000001}, {"l": "Oranges, Mandarines", "v": 0.31232974989228746}, {"l": "Onions", "v": 0.31223887590900901}, {"l": "Apples", "v": 0.45394439134544773}]}, {"source": 9, "prod": 4.0, "target": 8, "value": 0.0012172090777204303, "supply": [{"l": "Sugar cane", "v": 0.0012172090777204303}]}, {"source": 6, "prod": 1541.0, "target": 8, "value": 4.5066922290435798, "supply": [{"l": "Sugar", "v": 4.4206725202831043}, {"l": "Sweeteners, Other", "v": 0.027467754849441178}, {"l": "Honey", "v": 0.058551953911034495}]}, {"source": 7, "prod": 604.0, "target": 8, "value": 0.47815983133556733, "supply": [{"l": "Freshwater Fish", "v": 0.028300111057000001}, {"l": "Crustaceans", "v": 0.00424501665855}, {"l": "Marine Fish, Other", "v": 0.016980066634199997}, {"l": "Pelagic Fish", "v": 0.14210013390908899}, {"l": "Fish, Seafood", "v": 0.25555000284470997}, {"l": "Cephalopods", "v": 0.0025470099951300004}, {"l": "Demersal Fish", "v": 0.028437490236888349}]}, {"source": 10, "prod": 608.0, "target": 8, "value": 6.2754563519547144, "supply": [{"l": "Maize Germ Oil", "v": 0.10987101939776471}, {"l": "Groundnut Oil", "v": 0.056600222114000003}, {"l": "Soyabean Oil", "v": 0.87387647619369146}, {"l": "Palm Oil", "v": 0.42798118770627058}, {"l": "Sunflowerseed Oil", "v": 1.6164952090940607}, {"l": "Olive Oil", "v": 0.88075739332907477}, {"l": "Coconut Oil", "v": 0.031837624939125002}, {"l": "Rape and Mustard Oil", "v": 0.028300111057000001}, {"l": "Oilcrops Oil, Other", "v": 0.45280177691200002}, {"l": "Sesameseed Oil", "v": 0.23005251568916132}, {"l": "Cottonseed Oil", "v": 1.5668828155225665}]}, {"source": 0, "prod": 14.0, "target": 11, "value": 0.013662122579241378, "supply": [{"l": "Wine", "v": 0.013662122579241378}]}, {"source": 3, "prod": 43.0, "target": 11, "value": 0.15994882316952555, "supply": [{"l": "Barley", "v": 0.15267165175486841}, {"l": "Sorghum", "v": 0.0072771714146571435}]}, {"source": 4, "prod": 2018.0, "target": 11, "value": 8.9824269220410642, "supply": [{"l": "Sunflower seed", "v": 1.8678073297619999}, {"l": "Olives", "v": 0.75360969893359553}, {"l": "Coconuts - Incl Copra", "v": 0.015918812469562501}, {"l": "Soyabeans", "v": 1.0395176335545633}, {"l": "Sesame seed", "v": 0.3491160251945431}, {"l": "Cottonseed", "v": 4.759724928399188}, {"l": "Rape and Mustardseed", "v": 0.015918812469562501}, {"l": "Groundnuts", "v": 0.064075723147924535}, {"l": "Oilcrops, Other", "v": 0.116737958110125}]}, {"source": 5, "prod": 287.0, "target": 11, "value": 0.20253013498693537, "supply": [{"l": "Grapes", "v": 0.15401999896551344}, {"l": "Apples", "v": 0.0014690757001470801}, {"l": "Fruits, Other", "v": 0.046698217566179048}, {"l": "Oranges, Mandarines", "v": 0.00034284275509581497}]}, {"source": 9, "prod": 6583.0, "target": 11, "value": 7.5273684013779354, "supply": [{"l": "Sugar beet", "v": 7.4835488745800003}, {"l": "Sugar cane", "v": 0.043819526797935486}]}, {"source": 10, "prod": 1.0, "target": 11, "value": 0.010290949475272728, "supply": [{"l": "Oilcrops Oil, Other", "v": 0.010290949475272728}]}, {"source": 0, "prod": 78.0, "target": 12, "value": 0.56526755983149368, "supply": [{"l": "Beer", "v": 0.0005339643595660378}, {"l": "Butter, Ghee", "v": 0.0084900333171}, {"l": "Alcohol, Non-Food", "v": 0.018541452071827585}, {"l": "Fats, Animals, Raw", "v": 0.53770211008300006}]}, {"source": 2, "prod": 18.0, "target": 12, "value": 0.028273467102389514, "supply": [{"l": "Pigmeat", "v": 0.0097961922889615374}, {"l": "Milk - Excluding Butter", "v": 0.0058881677421499714}, {"l": "Poultry Meat", "v": 0.0029411200867551961}, {"l": "Bovine Meat", "v": 0.0068757312075105638}, {"l": "Mutton & Goat Meat", "v": 0.0027722557770122453}]}, {"source": 3, "prod": 2128.0, "target": 12, "value": 7.0375875911481005, "supply": [{"l": "Maize", "v": 0.32208445861876867}, {"l": "Barley", "v": 0.2271456282206579}, {"l": "Sorghum", "v": 0.080048885561228578}, {"l": "Rice", "v": 0.088585860186268309}, {"l": "Wheat", "v": 6.319722758561177}]}, {"source": 4, "prod": 16.0, "target": 12, "value": 0.08087488633961637, "supply": [{"l": "Coconuts - Incl Copra", "v": 0.0053062708231875}, {"l": "Sesame seed", "v": 0.0065870948149913799}, {"l": "Oilcrops, Other", "v": 0.068981520701437496}]}, {"source": 5, "prod": 71.0, "target": 12, "value": 0.065392619820772518, "supply": [{"l": "Dates", "v": 0.014554342829314287}, {"l": "Grapes", "v": 0.022111782029702421}, {"l": "Potatoes", "v": 0.009824181409787143}, {"l": "Fruits, Other", "v": 0.0040356484316451035}, {"l": "Tomatoes", "v": 0.00022866059314115969}, {"l": "Bananas", "v": 0.0037074381297379911}, {"l": "Spices, Other", "v": 0.0082829593337560969}, {"l": "Tea", "v": 0.00099882744907058832}, {"l": "Vegetables, Other", "v": 0.00047516115516747033}, {"l": "Grapefruit", "v": 0.00048793294925862066}, {"l": "Oranges, Mandarines", "v": 0.00068568551019162994}]}, {"source": 6, "prod": 70.0, "target": 12, "value": 0.20493183868862072, "supply": [{"l": "Sugar", "v": 0.20493183868862072}]}, {"source": 7, "prod": 46.0, "target": 12, "value": 0.036977802781520366, "supply": [{"l": "Fish, Seafood", "v": 0.019527076629329999}, {"l": "Pelagic Fish", "v": 0.010792415233601695}, {"l": "Demersal Fish", "v": 0.0028849627776553395}, {"l": "Marine Fish, Other", "v": 0.0037733481409333329}]}, {"source": 10, "prod": 104.0, "target": 12, "value": 1.0864258974627372, "supply": [{"l": "Olive Oil", "v": 0.11398036854846852}, {"l": "Coconut Oil", "v": 0.031837624939125002}, {"l": "Rape and Mustard Oil", "v": 0.028300111057000001}, {"l": "Cottonseed Oil", "v": 0.083013659100533321}, {"l": "Groundnut Oil", "v": 0.0094333703523333343}, {"l": "Oilcrops Oil, Other", "v": 0.14407329265381819}, {"l": "Palm Oil", "v": 0.57412110545963113}, {"l": "Sunflowerseed Oil", "v": 0.10166636535182773}]}, {"source": 5, "prod": 431.0, "target": 5, "value": 0.58035782475946163, "supply": [{"l": "Roots, Other", "v": 0.0010679287191320756}, {"l": "Potatoes", "v": 0.2939067605094654}, {"l": "Beans", "v": 0.043037035247972345}, {"l": "Pulses, Other", "v": 0.2423461002828918}]}, {"source": 2, "prod": 21.0, "target": 2, "value": 0.034084986699533824, "supply": [{"l": "Eggs", "v": 0.034084986699533824}]}, {"source": 3, "prod": 3213.0, "target": 3, "value": 11.053073203582189, "supply": [{"l": "Maize", "v": 0.118662695280599}, {"l": "Wheat", "v": 7.5319038993945808}, {"l": "Oats", "v": 0.31837624939125003}, {"l": "Rye", "v": 0.47508259931433733}, {"l": "Millet", "v": 0.011370580335401788}, {"l": "Barley", "v": 2.2602851857367106}, {"l": "Rice", "v": 0.088585860186268309}, {"l": "Sorghum", "v": 0.083687471268557148}, {"l": "Cereals, Other", "v": 0.16511866267448164}]}, {"source": 4, "prod": 70.0, "target": 4, "value": 0.3575331597317894, "supply": [{"l": "Sunflower seed", "v": 0.063675249878250004}, {"l": "Soyabeans", "v": 0.0038358584264006029}, {"l": "Sesame seed", "v": 0.0065870948149913799}, {"l": "Cottonseed", "v": 0.265313541159375}, {"l": "Groundnuts", "v": 0.012815144629584907}, {"l": "Oilcrops, Other", "v": 0.0053062708231875}]}, {"source": 0, "prod": 1.0, "target": 13, "value": 0.0084900333171, "supply": [{"l": "Butter, Ghee", "v": 0.0084900333171}]}, {"source": 2, "prod": 575.0, "target": 13, "value": 0.39943859319076547, "supply": [{"l": "Milk - Excluding Butter", "v": 0.36179519571210378}, {"l": "Mutton & Goat Meat", "v": 0.0027722557770122453}, {"l": "Poultry Meat", "v": 0.0014705600433775981}, {"l": "Offals, Edible", "v": 0.00416567055278271}, {"l": "Pigmeat", "v": 0.0032653974296538461}, {"l": "Eggs", "v": 0.025969513675835297}]}, {"source": 3, "prod": 1289.0, "target": 13, "value": 4.4929824552401447, "supply": [{"l": "Maize", "v": 0.10849160711369052}, {"l": "Oats", "v": 0.16272563857775002}, {"l": "Rye", "v": 0.15954266394884464}, {"l": "Barley", "v": 0.95699059758539473}, {"l": "Rice", "v": 0.10967773165918933}, {"l": "Sorghum", "v": 0.1382662568784857}, {"l": "Cereals, Other", "v": 0.07896979519214338}, {"l": "Wheat", "v": 2.7290456494979054}, {"l": "Millet", "v": 0.049272514786741078}]}, {"source": 4, "prod": 64.0, "target": 13, "value": 0.29559592576379307, "supply": [{"l": "Olives", "v": 0.011924204097050561}, {"l": "Cottonseed", "v": 0.1326567705796875}, {"l": "Sunflower seed", "v": 0.0594302332197}, {"l": "Sesame seed", "v": 0.019761284444974141}, {"l": "Soyabeans", "v": 0.053702017969608447}, {"l": "Groundnuts", "v": 0.012815144629584907}, {"l": "Oilcrops, Other", "v": 0.0053062708231875}]}, {"source": 5, "prod": 3271.0, "target": 13, "value": 1.4712903897312062, "supply": [{"l": "Vegetables, Other", "v": 0.41267746326294796}, {"l": "Grapes", "v": 0.31108989890064104}, {"l": "Potatoes", "v": 0.18993417392255144}, {"l": "Nuts", "v": 0.053030838737441445}, {"l": "Dates", "v": 0.050940199902600007}, {"l": "Grapefruit", "v": 0.0024396647462931035}, {"l": "Beans", "v": 0.019562288749078342}, {"l": "Fruits, Other", "v": 0.081289489837422804}, {"l": "Tomatoes", "v": 0.084375758869087922}, {"l": "Lemons, Limes", "v": 0.0040752159922079999}, {"l": "Bananas", "v": 0.0066733886335283857}, {"l": "Treenuts", "v": 0.05287206377116168}, {"l": "Apples", "v": 0.035747508703578956}, {"l": "Roots, Other", "v": 0.0010679287191320756}, {"l": "Oranges, Mandarines", "v": 0.027427420407665198}, {"l": "Onions", "v": 0.049226849805474399}, {"l": "Pulses, Other", "v": 0.088860236770393661}]}, {"source": 6, "prod": 17.0, "target": 13, "value": 0.049769160824379315, "supply": [{"l": "Sugar", "v": 0.049769160824379315}]}, {"source": 14, "prod": 1117.0, "target": 11, "value": 5.3009228954139243, "supply": [{"l": "Sugar", "v": 2.3859921218746551}, {"l": "Maize Germ Oil", "v": 0.009988274490705884}, {"l": "Beer", "v": 0.0010679287191320756}, {"l": "Groundnut Oil", "v": 0.018866740704666669}, {"l": "Beverages, Alcoholic", "v": 0.0096113584721886809}, {"l": "Fats, Animals, Raw", "v": 0.22640088845600001}, {"l": "Soyabean Oil", "v": 0.48320228683651173}, {"l": "Butter, Ghee", "v": 0.22923089956170004}, {"l": "Palm Oil", "v": 1.0647336864887706}, {"l": "Sunflowerseed Oil", "v": 0.030499909605548318}, {"l": "Olive Oil", "v": 0.1036185168622441}, {"l": "Coconut Oil", "v": 0.053062708231874998}, {"l": "Rape and Mustard Oil", "v": 0.0424501665855}, {"l": "Oilcrops Oil, Other", "v": 0.55571127166472734}, {"l": "Sweeteners, Other", "v": 0.029964823472117649}, {"l": "Sesameseed Oil", "v": 0.010954881699483872}, {"l": "Fish, Body Oil", "v": 0.008961701834716668}, {"l": "Honey", "v": 0.002927597695551724}, {"l": "Cottonseed Oil", "v": 0.031130122162699999}, {"l": "Cream", "v": 0.0025470099951300004}]}, {"source": 14, "prod": 5073.0, "target": 3, "value": 17.682143673830211, "supply": [{"l": "Maize", "v": 1.0781353456922995}, {"l": "Barley", "v": 2.3980620421984211}, {"l": "Rice", "v": 2.1091871472921024}, {"l": "Cereals, Other", "v": 0.49894552416854232}, {"l": "Wheat", "v": 9.4255274112910872}, {"l": "Oats", "v": 0.014150055528500001}, {"l": "Sorghum", "v": 2.146765567323857}, {"l": "Millet", "v": 0.011370580335401788}]}, {"source": 14, "prod": 591.0, "target": 4, "value": 2.4362320560645179, "supply": [{"l": "Olives", "v": 0.0095393632776404492}, {"l": "Coconuts - Incl Copra", "v": 0.058368979055062498}, {"l": "Sesame seed", "v": 0.20419993926473276}, {"l": "Soyabeans", "v": 1.7836741682762804}, {"l": "Groundnuts", "v": 0.08329844009230189}, {"l": "Oilcrops, Other", "v": 0.084900333171}, {"l": "Cottonseed", "v": 0.21225083292749999}]}, {"source": 14, "prod": 1002.0, "target": 5, "value": 0.9687821634017848, "supply": [{"l": "Infant food", "v": 0.0034866666600000002}, {"l": "Nuts", "v": 0.03645870163199099}, {"l": "Cocoa Beans", "v": 0.030872848425818184}, {"l": "Tomatoes", "v": 0.017606865671869296}, {"l": "Coffee", "v": 0.031444567841111118}, {"l": "Treenuts", "v": 0.036349543842673658}, {"l": "Vegetables, Other", "v": 0.043002084542656062}, {"l": "Peas", "v": 0.0053062708231875}, {"l": "Grapes", "v": 0.015249504848070637}, {"l": "Dates", "v": 0.083687471268557148}, {"l": "Potatoes", "v": 0.09005499625638215}, {"l": "Pepper", "v": 0.0034866666600000002}, {"l": "Beans", "v": 0.02738720424870968}, {"l": "Pulses, Other", "v": 0.27465891365394407}, {"l": "Lemons, Limes", "v": 0.0016980066634200001}, {"l": "Bananas", "v": 0.037815868923327514}, {"l": "Citrus, Other", "v": 0.0034866666600000002}, {"l": "Spices, Other", "v": 0.074546634003804874}, {"l": "Tea", "v": 0.021974203879552939}, {"l": "Fruits, Other", "v": 0.038050399498368116}, {"l": "Sweet potatoes", "v": 0.0024560453524467857}, {"l": "Oranges, Mandarines", "v": 0.04148397336659361}, {"l": "Onions", "v": 0.016877777076162649}, {"l": "Apples", "v": 0.031340281603137711}]}, {"source": 14, "prod": 1201.0, "target": 1, "value": 1.0148772486446502, "supply": [{"l": "Pigmeat", "v": 0.0065307948593076922}, {"l": "Meat, Other", "v": 0.0040428730081428568}, {"l": "Crustaceans", "v": 0.00084900333171000005}, {"l": "Eggs", "v": 0.053562121956410309}, {"l": "Marine Fish, Other", "v": 0.0075466962818666657}, {"l": "Poultry Meat", "v": 0.023528960694041569}, {"l": "Milk - Excluding Butter", "v": 0.53058933765373628}, {"l": "Pelagic Fish", "v": 0.098031105038548727}, {"l": "Fish, Seafood", "v": 0.11206843978572001}, {"l": "Mutton & Goat Meat", "v": 0.044356092432195925}, {"l": "Offals, Edible", "v": 0.0069427842546378512}, {"l": "Demersal Fish", "v": 0.0053577880156456302}, {"l": "Bovine Meat", "v": 0.12147125133268664}]}, {"source": 0, "prod": 49.0, "target": 15, "value": 0.099699124708765866, "supply": [{"l": "Beverages, Alcoholic", "v": 0.019222716944377362}, {"l": "Fats, Animals, Raw", "v": 0.0094333703523333343}, {"l": "Butter, Ghee", "v": 0.0339601332684}, {"l": "Wine", "v": 0.037082904143655171}]}, {"source": 2, "prod": 52.0, "target": 15, "value": 0.072197422970449981, "supply": [{"l": "Meat, Other", "v": 0.0020214365040714284}, {"l": "Eggs", "v": 0.034084986699533824}, {"l": "Mutton & Goat Meat", "v": 0.019405790439085718}, {"l": "Milk - Excluding Butter", "v": 0.014393298925255484}, {"l": "Bovine Meat", "v": 0.0022919104025035213}]}, {"source": 3, "prod": 99.0, "target": 15, "value": 0.37754722404259738, "supply": [{"l": "Maize", "v": 0.010171088166908487}, {"l": "Barley", "v": 0.074473976465789474}, {"l": "Rice", "v": 0.1560798488996156}, {"l": "Cereals, Other", "v": 0.01076860843529228}, {"l": "Wheat", "v": 0.10811345310135761}, {"l": "Oats", "v": 0.014150055528500001}, {"l": "Millet", "v": 0.0037901934451339291}]}, {"source": 4, "prod": 36.0, "target": 15, "value": 0.19043638595567214, "supply": [{"l": "Olives", "v": 0.0023848408194101123}, {"l": "Coconuts - Incl Copra", "v": 0.01326567705796875}, {"l": "Sesame seed", "v": 0.0065870948149913799}, {"l": "Oilcrops, Other", "v": 0.02122508329275}, {"l": "Cottonseed", "v": 0.063675249878250004}, {"l": "Groundnuts", "v": 0.08329844009230189}]}, {"source": 5, "prod": 3676.0, "target": 15, "value": 3.205415379739216, "supply": [{"l": "Vegetables, Other", "v": 0.047991276671914503}, {"l": "Nuts", "v": 0.46401983895261262}, {"l": "Citrus, Other", "v": 0.0011622222200000001}, {"l": "Grapefruit", "v": 0.18248692302272412}, {"l": "Tomatoes", "v": 0.024695344059245249}, {"l": "Coffee", "v": 0.0055027993721944446}, {"l": "Treenuts", "v": 0.45932605401196708}, {"l": "Cocoa Beans", "v": 0.003859106053227273}, {"l": "Grapes", "v": 0.33548910665755399}, {"l": "Pimento", "v": 0.0032653974296538461}, {"l": "Dates", "v": 0.5330528061236357}, {"l": "Potatoes", "v": 0.1596429479090411}, {"l": "Beans", "v": 0.046949492997788021}, {"l": "Apples", "v": 0.062680563206275422}, {"l": "Lemons, Limes", "v": 0.023432491955195998}, {"l": "Bananas", "v": 0.01779570302274236}, {"l": "Spices, Other", "v": 0.02070739833439024}, {"l": "Tea", "v": 0.010487688215241178}, {"l": "Fruits, Other", "v": 0.098585125973044682}, {"l": "Sweet potatoes", "v": 0.00081868178414892866}, {"l": "Oranges, Mandarines", "v": 0.40215455172739101}, {"l": "Onions", "v": 0.01453364137114006}, {"l": "Pulses, Other", "v": 0.28677621866808861}]}, {"source": 6, "prod": 47.0, "target": 15, "value": 0.13673603354518055, "supply": [{"l": "Sugar", "v": 0.12881429860427587}, {"l": "Sweeteners, Other", "v": 0.004994137245352942}, {"l": "Honey", "v": 0.002927597695551724}]}, {"source": 7, "prod": 94.0, "target": 15, "value": 0.081110196828592176, "supply": [{"l": "Crustaceans", "v": 0.0033960133268400002}, {"l": "Marine Fish, Other", "v": 0.0018866740704666664}, {"l": "Freshwater Fish", "v": 0.0016980066634200003}, {"l": "Fish, Seafood", "v": 0.039054153258659997}, {"l": "Pelagic Fish", "v": 0.03507534950920551}]}, {"source": 10, "prod": 29.0, "target": 15, "value": 0.29983408062895606, "supply": [{"l": "Soyabean Oil", "v": 0.13365169635903518}, {"l": "Palm Oil", "v": 0.062631393322868864}, {"l": "Olive Oil", "v": 0.031085555058673227}, {"l": "Oilcrops Oil, Other", "v": 0.020581898950545456}, {"l": "Cottonseed Oil", "v": 0.051883536937833333}]}, {"source": 16, "prod": 33.0, "target": 5, "value": 0.017475586844221621, "supply": [{"l": "Potatoes", "v": 0.0065494542731914292}, {"l": "Beans", "v": 0.0039124577498156681}, {"l": "Tomatoes", "v": 0.0038872300833997149}, {"l": "Tea", "v": 0.0014982411736058823}, {"l": "Fruits, Other", "v": 0.0011530424090414582}, {"l": "Vegetables, Other", "v": 0.00047516115516747033}]}, {"source": 16, "prod": 7.0, "target": 4, "value": 0.031837624939125002, "supply": [{"l": "Cottonseed", "v": 0.026531354115937499}, {"l": "Coconuts - Incl Copra", "v": 0.0053062708231875}]}, {"source": 2, "prod": 41.0, "target": 17, "value": 0.026823875269794316, "supply": [{"l": "Milk - Excluding Butter", "v": 0.026823875269794316}]}, {"source": 7, "prod": 1.0, "target": 17, "value": 0.00041213753966504852, "supply": [{"l": "Demersal Fish", "v": 0.00041213753966504852}]}, {"source": 3, "prod": 2649.0, "target": 17, "value": 9.2381073052515283, "supply": [{"l": "Barley", "v": 3.2247231809686845}, {"l": "Rice", "v": 0.658066389955136}, {"l": "Sorghum", "v": 0.0072771714146571435}, {"l": "Cereals, Other", "v": 0.0071790722901948533}, {"l": "Wheat", "v": 5.1665125921466952}, {"l": "Millet", "v": 0.17434889847616072}]}, {"source": 16, "prod": 16.0, "target": 1, "value": 0.018745672125213612, "supply": [{"l": "Bovine Meat", "v": 0.0045838208050070425}, {"l": "Pelagic Fish", "v": 0.0062955755529343228}, {"l": "Fish, Seafood", "v": 0.0050940199902600007}, {"l": "Mutton & Goat Meat", "v": 0.0027722557770122453}]}, {"source": 5, "prod": 112.0, "target": 17, "value": 0.20195021761564233, "supply": [{"l": "Nuts", "v": 0.0033144274210900903}, {"l": "Dates", "v": 0.1928450424884143}, {"l": "Coffee", "v": 0.00078611419602777775}, {"l": "Treenuts", "v": 0.003304503985697605}, {"l": "Grapes", "v": 0.00076247524240353191}, {"l": "Onions", "v": 0.00093765428200903614}]}, {"source": 10, "prod": 6.0, "target": 17, "value": 0.062949248359968707, "supply": [{"l": "Oilcrops Oil, Other", "v": 0.030872848425818184}, {"l": "Sesameseed Oil", "v": 0.021909763398967743}, {"l": "Sunflowerseed Oil", "v": 0.010166636535182773}]}, {"source": 4, "prod": 5.0, "target": 17, "value": 0.025992049595568945, "supply": [{"l": "Olives", "v": 0.0023848408194101123}, {"l": "Sesame seed", "v": 0.0065870948149913799}, {"l": "Groundnuts", "v": 0.0064075723147924537}, {"l": "Oilcrops, Other", "v": 0.010612541646375}]}, {"source": 16, "prod": 20.0, "target": 11, "value": 0.18742182660848786, "supply": [{"l": "Olive Oil", "v": 0.093256665176019687}, {"l": "Fats, Animals, Raw", "v": 0.028300111057000001}, {"l": "Wine", "v": 0.00097586589851724132}, {"l": "Soyabean Oil", "v": 0.061685398319554691}, {"l": "Beverages, Alcoholic", "v": 0.0032037861573962268}]}, {"source": 6, "prod": 26.0, "target": 17, "value": 0.076117540084344834, "supply": [{"l": "Sugar", "v": 0.076117540084344834}]}, {"source": 1, "prod": 916.0, "target": 7, "value": 0.74612052958375041, "supply": [{"l": "Pelagic Fish", "v": 0.26441417322324151}, {"l": "Crustaceans", "v": 0.0076410299853900002}, {"l": "Freshwater Fish", "v": 0.029998117720420003}, {"l": "Marine Fish, Other", "v": 0.022640088845599995}, {"l": "Fish, Seafood", "v": 0.38714551925975998}, {"l": "Demersal Fish", "v": 0.031734590554208734}, {"l": "Cephalopods", "v": 0.0025470099951300004}]}, {"source": 1, "prod": 11405.0, "target": 2, "value": 9.711005407350207, "supply": [{"l": "Poultry Meat", "v": 0.42940353266625869}, {"l": "Pigmeat", "v": 0.068573346022730769}, {"l": "Bovine Meat", "v": 0.66236210632351777}, {"l": "Eggs", "v": 0.46258196235081611}, {"l": "Milk - Excluding Butter", "v": 6.4436182324927849}, {"l": "Offals, Edible", "v": 0.20272930023542521}, {"l": "Meat, Other", "v": 0.086921769675071425}, {"l": "Mutton & Goat Meat", "v": 1.3889001442831348}]}, {"source": 11, "prod": 628.0, "target": 0, "value": 2.3917438386553873, "supply": [{"l": "Fats, Animals, Raw", "v": 0.71693614677733353}, {"l": "Alcohol, Non-Food", "v": 0.018541452071827585}, {"l": "Beverages, Fermented", "v": 0.015613854376275861}, {"l": "Fish, Body Oil", "v": 0.008961701834716668}, {"l": "Beer", "v": 0.11373440858756605}, {"l": "Beverages, Alcoholic", "v": 0.13455901861064151}, {"l": "Cream", "v": 0.0025470099951300004}, {"l": "Butter, Ghee", "v": 1.2735049975650004}, {"l": "Wine", "v": 0.10734524883689656}]}, {"source": 11, "prod": 748.0, "target": 10, "value": 7.734956527881649, "supply": [{"l": "Olive Oil", "v": 1.0258233169362165}, {"l": "Sesameseed Oil", "v": 0.25196227908812907}, {"l": "Soyabean Oil", "v": 1.0075281725527265}, {"l": "Coconut Oil", "v": 0.063675249878250004}, {"l": "Cottonseed Oil", "v": 1.7017800115609332}, {"l": "Rape and Mustard Oil", "v": 0.056600222114000003}, {"l": "Maize Germ Oil", "v": 0.10987101939776471}, {"l": "Groundnut Oil", "v": 0.066033592466333335}, {"l": "Palm Oil", "v": 1.0647336864887704}, {"l": "Oilcrops Oil, Other", "v": 0.65862076641745448}, {"l": "Sunflowerseed Oil", "v": 1.7283282109810711}]}, {"source": 11, "prod": 1702.0, "target": 6, "value": 4.9771743998816573, "supply": [{"l": "Honey", "v": 0.061479551606586219}, {"l": "Sweeteners, Other", "v": 0.032461892094794123}, {"l": "Sugar", "v": 4.8832329561802768}]}, {"source": 18, "prod": 0, "target": 5, "value": 0.014640535696995425, "supply": "[{\"l\":'Energy for power irrigation',\"v\":0.014640535696995425}]"}, {"source": 18, "prod": 0, "target": 9, "value": 0.0032767221173629463, "supply": "[{\"l\":'Energy for power irrigation',\"v\":0.0032767221173629463}]"}, {"source": 18, "prod": 0, "target": 3, "value": 0.013330493538793616, "supply": "[{\"l\":'Energy for power irrigation',\"v\":0.013330493538793616}]"}, {"source": 18, "prod": 0, "target": 4, "value": 0.0011503597838776094, "supply": "[{\"l\":'Energy for power irrigation',\"v\":0.0011503597838776094}]"}, {"source": 18, "prod": 0, "target": 11, "value": 0.27600000022079996, "supply": "[{\"l\":'Electricity',\"v\":0.27600000022079996}]"}, {"source": 19, "prod": 0, "target": 18, "value": 0.57759482092119896, "supply": [{"l": "Coal", "v": 0.31222634779666253}, {"l": "Natural gas", "v": 0.091399032870478542}, {"l": "Oil", "v": 0.17396944025405781}]}, {"source": 20, "prod": 0, "target": 18, "value": 0.08243851805788982, "supply": [{"l": "Nuclear", "v": 0.0073531428692076659}, {"l": "Hydroelectric", "v": 0.074162476509916683}, {"l": "Renewable", "v": 0.00092289867876545932}]}, {"source": 19, "prod": 0, "target": 5, "value": 3.3856748226926618, "supply": [{"l": "Motor Gasoline", "v": 0.038925710000568291}, {"l": "Gas-Diesel oil", "v": 0.50737736156819413}, {"l": "Natural gas (including LNG)", "v": 2.5959678596745759}, {"l": "Fuel oil", "v": 0.13185284032440159}, {"l": "Liquefied petroleum gas (LPG)", "v": 0.055415683462058093}, {"l": "Coal", "v": 0.056135367662864047}]}, {"source": 19, "prod": 0, "target": 9, "value": 0.75775339122274366, "supply": [{"l": "Motor Gasoline", "v": 0.0087120264949795585}, {"l": "Gas-Diesel oil", "v": 0.11355695289489638}, {"l": "Natural gas (including LNG)", "v": 0.58100779082180132}, {"l": "Fuel oil", "v": 0.029510198743394153}, {"l": "Liquefied petroleum gas (LPG)", "v": 0.01240267428781138}, {"l": "Coal", "v": 0.012563747979860878}]}, {"source": 19, "prod": 0, "target": 3, "value": 3.0827230152256675, "supply": [{"l": "Motor Gasoline", "v": 0.035442618794476195}, {"l": "Gas-Diesel oil", "v": 0.46197699183254676}, {"l": "Natural gas (including LNG)", "v": 2.3636794101331744}, {"l": "Fuel oil", "v": 0.12005458491363363}, {"l": "Liquefied petroleum gas (LPG)", "v": 0.050457061519299441}, {"l": "Coal", "v": 0.0511123480325371}]}, {"source": 19, "prod": 0, "target": 4, "value": 0.26602470277859336, "supply": [{"l": "Motor Gasoline", "v": 0.0030585336677759565}, {"l": "Gas-Diesel oil", "v": 0.039866472380362512}, {"l": "Natural gas (including LNG)", "v": 0.20397457359578189}, {"l": "Fuel oil", "v": 0.010360154029770604}, {"l": "Liquefied petroleum gas (LPG)", "v": 0.0043542104585644163}, {"l": "Coal", "v": 0.0044107586463379804}]}, {"source": 19, "prod": 0, "target": 1, "value": 0.85073111179169592, "supply": [{"l": "Gas-diesel oils used in fisheries", "v": 0.85073111179169592}]}, {"source": 21, "prod": 1491.7814777105598, "target": 5, "value": 19.834392885710727, "supply": [{"l": "Potash", "v": 0.51263847355825887}, {"l": "Phosphate", "v": 4.0240882948859369}, {"l": "Nitrogen", "v": 39.354895665743165}]}, {"source": 21, "prod": 333.87803994697623, "target": 9, "value": 4.4391677461919938, "supply": [{"l": "Potash", "v": 0.51263847355825887}, {"l": "Phosphate", "v": 4.0240882948859369}, {"l": "Nitrogen", "v": 39.354895665743165}]}, {"source": 21, "prod": 1358.296155378639, "target": 3, "value": 18.059601894425374, "supply": [{"l": "Potash", "v": 0.51263847355825887}, {"l": "Phosphate", "v": 4.0240882948859369}, {"l": "Nitrogen", "v": 39.354895665743165}]}, {"source": 21, "prod": 117.21466029715842, "target": 4, "value": 1.558459907859266, "supply": [{"l": "Potash", "v": 0.51263847355825887}, {"l": "Phosphate", "v": 4.0240882948859369}, {"l": "Nitrogen", "v": 39.354895665743165}]}, {"source": 19, "prod": 0, "target": 21, "value": 52.061266096016737, "supply": [{"l": "Natural gas (including LNG)", "v": 35.514638340463904}, {"l": "Fuel oil", "v": 9.5898161564703202}, {"l": "Liquefied petroleum gas (LPG)", "v": 3.4784057995412572}, {"l": "Coal", "v": 3.4784057995412572}]}, {"source": 22, "prod": 0, "target": 3, "value": 2.8969600590736646, "supply": "[{\"l\":'Labor',\"v\":2.8969600590736646}]"}, {"source": 22, "prod": 0, "target": 4, "value": 0.24999422097613022, "supply": "[{\"l\":'Labor',\"v\":0.24999422097613022}]"}, {"source": 22, "prod": 0, "target": 5, "value": 3.1816561805615082, "supply": "[{\"l\":'Labor',\"v\":3.1816561805615082}]"}, {"source": 22, "prod": 0, "target": 9, "value": 0.71209164694908966, "supply": "[{\"l\":'Labor',\"v\":0.71209164694908966}]"}, {"source": 19, "prod": 0, "target": 14, "value": 26.475235682235283, "supply": "[{\"l\":'Fossil Fuels',\"v\":26.475235682235283}]"}, {"source": 20, "prod": 0, "target": 14, "value": 4.8135423465097391, "supply": "[{\"l\":'Renewables & Nuclear',\"v\":0.84796515041745413},{\"l\":'Biomass & Waste',\"v\":3.9655771960922852}]"}]}