{"nodes": [{"layer": 5, "name": "Fruits, Roots & Vegetables", "fill": "#98df8a"}, {"layer": 10, "name": "Feed", "fill": "#dbdb8d"}, {"layer": 13, "name": "Aquatic Products", "fill": "#1f77b4"}, {"layer": 13, "name": "Animal Products", "fill": "#17becf"}, {"layer": 5, "name": "Cereals", "fill": "#e7ba52"}, {"layer": 5, "name": "Oilcrops", "fill": "#ff9896"}, {"layer": 13, "name": "Other Processed", "fill": "#9c9ede"}, {"layer": 16, "name": "Food", "fill": "#b5cf6b"}, {"layer": 5, "name": "Sugar Crops", "fill": "#ffbb78"}, {"layer": 13, "name": "Sugar", "fill": "#d6616b"}, {"layer": 13, "name": "Vegetable Oils", "fill": "#f7b6d2"}, {"layer": 10, "name": "Processing", "fill": "#9edae5"}, {"layer": 16, "name": "Biofuels & Other", "fill": "#e7ba52"}, {"name": "Waste", "fill": "#c7c7c7"}, {"layer": 2, "name": "Import", "fill": "#aec7e8"}, {"layer": 16, "name": "Export", "fill": "#aec7e8"}, {"layer": 0, "name": "Stock Draw", "fill": "#c7c7c7"}, {"layer": 16, "name": "Stock Deposit", "fill": "#c7c7c7"}, {"name": "Crop Residue", "fill": "#bd9e39"}, {"layer": 2, "name": "Electricity", "fill": "#bcbd22"}, {"layer": 0, "name": "Fossil Fuels", "fill": "#c49c94"}, {"layer": 0, "name": "Renewables & Nuclear", "fill": "#2ca02c"}, {"layer": 2, "name": "Fertilizers", "fill": "#c5b0d5"}, {"layer": 0, "name": "Labor", "fill": "#7f7f7f"}], "links": [{"source": 0, "prod": 2506.0, "target": 1, "value": 1.4064759925217687, "supply": [{"l": "Dates", "v": 0.23220309923186785}, {"l": "Vegetables, Other", "v": 0.40211505160703437}, {"l": "Potatoes", "v": 0.08049572942002331}, {"l": "Sweet potatoes", "v": 0.00082985288061879702}, {"l": "Oranges, Mandarines", "v": 0.0010231695213430638}, {"l": "Tomatoes", "v": 0.12396951303730087}, {"l": "Pulses, Other", "v": 0.56583957682358044}]}, {"source": 2, "prod": 329.0, "target": 1, "value": 0.29987571217622916, "supply": [{"l": "Fish, Seafood", "v": 0.1419785977015034}, {"l": "Pelagic Fish", "v": 0.15789711447472576}]}, {"source": 3, "prod": 1376.0, "target": 1, "value": 0.88697134852699178, "supply": [{"l": "Milk - Excluding Butter", "v": 0.88697134852699178}]}, {"source": 4, "prod": 14119.0, "target": 1, "value": 50.06520865345508, "supply": [{"l": "Maize", "v": 8.8022533735015784}, {"l": "Wheat", "v": 8.083384525042641}, {"l": "Oats", "v": 0.54609621082024584}, {"l": "Rye", "v": 0.1954941882226974}, {"l": "Millet", "v": 0.057559547912542371}, {"l": "Barley", "v": 29.245838740884274}, {"l": "Sorghum", "v": 1.9162967983978085}, {"l": "Cereals, Other", "v": 1.2182852686732928}]}, {"source": 5, "prod": 133.0, "target": 1, "value": 0.49248130325415745, "supply": [{"l": "Soyabeans", "v": 0.23540546924686367}, {"l": "Cottonseed", "v": 0.24935762190083918}, {"l": "Oilcrops, Other", "v": 0.007718212106454546}]}, {"source": 6, "prod": 842.0, "target": 7, "value": 2.4104202978964655, "supply": [{"l": "Beer", "v": 0.27504009929262252}, {"l": "Beverages, Alcoholic", "v": 0.19426347420483053}, {"l": "Fats, Animals, Raw", "v": 0.42959568584526003}, {"l": "Butter, Ghee", "v": 1.4530669321592808}, {"l": "Wine", "v": 0.03955583704557955}, {"l": "Beverages, Fermented", "v": 0.016401200726215912}, {"l": "Cream", "v": 0.002497068622676471}]}, {"source": 3, "prod": 14899.0, "target": 7, "value": 13.664442676565516, "supply": [{"l": "Mutton & Goat Meat", "v": 1.6869012792823073}, {"l": "Pigmeat", "v": 0.079240310959600005}, {"l": "Meat, Other", "v": 0.11773914128431132}, {"l": "Eggs", "v": 0.90427401840521482}, {"l": "Poultry Meat", "v": 1.7669512495217401}, {"l": "Milk - Excluding Butter", "v": 7.5785771399940707}, {"l": "Offals, Edible", "v": 0.27387204248709679}, {"l": "Bovine Meat", "v": 1.2568874946311743}]}, {"source": 4, "prod": 18359.0, "target": 7, "value": 62.473730088177284, "supply": [{"l": "Maize", "v": 2.2380977439169025}, {"l": "Rye", "v": 0.98096190876032086}, {"l": "Barley", "v": 0.74394401532031518}, {"l": "Rice", "v": 6.0469196200970687}, {"l": "Cereals, Other", "v": 0.39344056835341468}, {"l": "Wheat", "v": 50.064086651419508}, {"l": "Oats", "v": 0.0064754491401610168}, {"l": "Sorghum", "v": 1.6076797110153902}, {"l": "Millet", "v": 0.39212442015419491}]}, {"source": 5, "prod": 566.0, "target": 7, "value": 1.6622326346029661, "supply": [{"l": "Olives", "v": 0.98061965703023912}, {"l": "Sunflower seed", "v": 0.03918476915584615}, {"l": "Coconuts - Incl Copra", "v": 0.116737958110125}, {"l": "Sesame seed", "v": 0.23559842454952501}, {"l": "Groundnuts", "v": 0.23606434101204879}, {"l": "Oilcrops, Other", "v": 0.038591060532272729}, {"l": "Soyabeans", "v": 0.015436424212909092}]}, {"source": 0, "prod": 29746.0, "target": 7, "value": 17.970348074771312, "supply": [{"l": "Roots, Other", "v": 0.0074912058680294122}, {"l": "Nuts", "v": 0.94172343240990797}, {"l": "Cocoa Beans", "v": 0.11791712940416668}, {"l": "Tomatoes", "v": 0.86376595840584247}, {"l": "Coffee", "v": 0.03958191208647973}, {"l": "Treenuts", "v": 0.94146904110415863}, {"l": "Vegetables, Other", "v": 2.4342820843652628}, {"l": "Peas", "v": 0.042450166585500007}, {"l": "Infant food", "v": 0.039418011829392863}, {"l": "Grapes", "v": 2.5124758877781908}, {"l": "Cloves", "v": 0.0039305709801388897}, {"l": "Dates", "v": 1.0588461324973175}, {"l": "Potatoes", "v": 2.5517976079028006}, {"l": "Pimento", "v": 0.038912652703375003}, {"l": "Pepper", "v": 0.0424501665855}, {"l": "Pineapples", "v": 0.0081341636571017964}, {"l": "Beans", "v": 0.59016085253012196}, {"l": "Pulses, Other", "v": 1.9246515183506296}, {"l": "Lemons, Limes", "v": 0.07857235802781988}, {"l": "Bananas", "v": 0.23500412221732797}, {"l": "Citrus, Other", "v": 0.039231196607452612}, {"l": "Spices, Other", "v": 0.19652854900694447}, {"l": "Tea", "v": 0.078197675289078963}, {"l": "Fruits, Other", "v": 1.0998868701991242}, {"l": "Sweet potatoes", "v": 0.0024895586418563912}, {"l": "Grapefruit", "v": 0.078323546798598598}, {"l": "Oranges, Mandarines", "v": 0.58900458778649034}, {"l": "Onions", "v": 0.51046325319063757}, {"l": "Apples", "v": 0.90318786196206247}]}, {"source": 8, "prod": 1.0, "target": 7, "value": 0.0002907545656541096, "supply": [{"l": "Sugar cane", "v": 0.0002907545656541096}]}, {"source": 9, "prod": 2870.0, "target": 7, "value": 10.811222938872604, "supply": [{"l": "Sugar", "v": 10.535188009485866}, {"l": "Sweeteners, Other", "v": 0.11755430746753846}, {"l": "Honey", "v": 0.15848062191919998}]}, {"source": 2, "prod": 1371.0, "target": 7, "value": 1.1588034943786323, "supply": [{"l": "Freshwater Fish", "v": 0.039081105745380956}, {"l": "Crustaceans", "v": 0.014628097945003377}, {"l": "Marine Fish, Other", "v": 0.038961111797650688}, {"l": "Demersal Fish", "v": 0.039354841938640625}, {"l": "Fish, Seafood", "v": 0.58942629954866554}, {"l": "Pelagic Fish", "v": 0.43132870295534853}, {"l": "Cephalopods", "v": 0.00086047634970608103}, {"l": "Molluscs, Other", "v": 0.0051628580982364869}]}, {"source": 10, "prod": 1192.0, "target": 7, "value": 12.208170665557649, "supply": [{"l": "Maize Germ Oil", "v": 0.74606167774016252}, {"l": "Groundnut Oil", "v": 0.028300111057000001}, {"l": "Soyabean Oil", "v": 2.4702108387882937}, {"l": "Palm Oil", "v": 3.1826254358789599}, {"l": "Sunflowerseed Oil", "v": 2.0775723421236822}, {"l": "Olive Oil", "v": 1.5650302379714458}, {"l": "Coconut Oil", "v": 0.084900333171000014}, {"l": "Rape and Mustard Oil", "v": 0.010376707387566665}, {"l": "Oilcrops Oil, Other", "v": 0.42544500289023335}, {"l": "Sesameseed Oil", "v": 0.15981239185129414}, {"l": "Cottonseed Oil", "v": 1.4153854201125102}, {"l": "Palmkernel Oil", "v": 0.0424501665855}]}, {"source": 0, "prod": 348.0, "target": 11, "value": 0.24801793421451848, "supply": [{"l": "Apples", "v": 0.0029072570664014892}, {"l": "Fruits, Other", "v": 0.038480007120669069}, {"l": "Grapes", "v": 0.20663067002744792}]}, {"source": 8, "prod": 12947.0, "target": 11, "value": 14.920056804805501, "supply": [{"l": "Sugar beet", "v": 14.877606638220001}, {"l": "Sugar cane", "v": 0.0424501665855}]}, {"source": 4, "prod": 90.0, "target": 11, "value": 0.33069760701814599, "supply": [{"l": "Maize", "v": 0.010474716430188311}, {"l": "Barley", "v": 0.31304574902092469}, {"l": "Sorghum", "v": 0.0071771415670329906}]}, {"source": 5, "prod": 3035.0, "target": 11, "value": 9.8232377823943064, "supply": [{"l": "Sunflower seed", "v": 1.8645419323323464}, {"l": "Olives", "v": 2.9028422738613973}, {"l": "Soyabeans", "v": 1.7867661026442274}, {"l": "Sesame seed", "v": 0.23559842454952501}, {"l": "Cottonseed", "v": 2.945982190171343}, {"l": "Rape and Mustardseed", "v": 0.0071245034828811204}, {"l": "Groundnuts", "v": 0.018636658500951218}, {"l": "Oilcrops, Other", "v": 0.061745696851636368}]}, {"source": 6, "prod": 14.0, "target": 11, "value": 0.013506871186295457, "supply": [{"l": "Wine", "v": 0.013506871186295457}]}, {"source": 6, "prod": 183.0, "target": 12, "value": 1.1641785670340079, "supply": [{"l": "Alcohol, Non-Food", "v": 0.02990807191251137}, {"l": "Beer", "v": 0.0043143544987078045}, {"l": "Beverages, Alcoholic", "v": 0.12231403931415256}, {"l": "Butter, Ghee", "v": 0.10079076986075938}, {"l": "Fats, Animals, Raw", "v": 0.90588655493457015}, {"l": "Wine", "v": 0.00096477651330681825}]}, {"source": 3, "prod": 183.0, "target": 12, "value": 0.22339758264023271, "supply": [{"l": "Pigmeat", "v": 0.011320044422799999}, {"l": "Eggs", "v": 0.0049145327087239937}, {"l": "Mutton & Goat Meat", "v": 0.011302521134219813}, {"l": "Milk - Excluding Butter", "v": 0.056724911824400641}, {"l": "Poultry Meat", "v": 0.10046211117682136}, {"l": "Bovine Meat", "v": 0.038673461373266903}]}, {"source": 4, "prod": 1711.0, "target": 12, "value": 5.7708281842995408, "supply": [{"l": "Maize", "v": 0.43993809006790913}, {"l": "Barley", "v": 0.47877585144376722}, {"l": "Rice", "v": 0.16631161155415067}, {"l": "Cereals, Other", "v": 0.0034512330557317072}, {"l": "Wheat", "v": 4.6285228364252342}, {"l": "Sorghum", "v": 0.053828561752747424}]}, {"source": 5, "prod": 15.0, "target": 12, "value": 0.059721375996321213, "supply": [{"l": "Olives", "v": 0.0052022262972426479}, {"l": "Sunflower seed", "v": 0.0032653974296538461}, {"l": "Coconuts - Incl Copra", "v": 0.0039797031173906252}, {"l": "Sesame seed", "v": 0.031837624939125002}, {"l": "Oilcrops, Other", "v": 0.015436424212909092}]}, {"source": 0, "prod": 364.0, "target": 12, "value": 0.25481976394771116, "supply": [{"l": "Fruits, Other", "v": 0.075356680611310262}, {"l": "Grapefruit", "v": 0.00029894483510915494}, {"l": "Tomatoes", "v": 0.010274950630118631}, {"l": "Coffee", "v": 0.00057365089980405406}, {"l": "Vegetables, Other", "v": 0.0063505219773694645}, {"l": "Grapes", "v": 0.046683225450645641}, {"l": "Dates", "v": 0.048298244640228527}, {"l": "Potatoes", "v": 0.025725439299182709}, {"l": "Apples", "v": 0.0014536285332007446}, {"l": "Bananas", "v": 0.0081504319844159998}, {"l": "Citrus, Other", "v": 0.00020118562362796209}, {"l": "Spices, Other", "v": 0.011791712940416667}, {"l": "Tea", "v": 0.0016756644704802636}, {"l": "Oranges, Mandarines", "v": 0.0020463390426861275}, {"l": "Pulses, Other", "v": 0.015939143009114941}]}, {"source": 9, "prod": 177.0, "target": 12, "value": 0.6678826209451999, "supply": [{"l": "Sugar", "v": 0.6678826209451999}]}, {"source": 2, "prod": 104.0, "target": 12, "value": 0.084713069286406609, "supply": [{"l": "Marine Fish, Other", "v": 0.003489054787849315}, {"l": "Fish, Seafood", "v": 0.044744770184716218}, {"l": "Pelagic Fish", "v": 0.029846405784856707}, {"l": "Demersal Fish", "v": 0.0066328385289843748}]}, {"source": 10, "prod": 156.0, "target": 12, "value": 1.6069107561975515, "supply": [{"l": "Maize Germ Oil", "v": 0.01008191456405625}, {"l": "Soyabean Oil", "v": 0.13269727646383397}, {"l": "Palm Oil", "v": 0.64471190501728126}, {"l": "Sunflowerseed Oil", "v": 0.11147949152858784}, {"l": "Olive Oil", "v": 0.26595285089710852}, {"l": "Coconut Oil", "v": 0.048514476097714289}, {"l": "Rape and Mustard Oil", "v": 0.010376707387566665}, {"l": "Oilcrops Oil, Other", "v": 0.31130122162699997}, {"l": "Cottonseed Oil", "v": 0.071794912614402684}]}, {"source": 0, "prod": 462.0, "target": 0, "value": 0.81439205148832905, "supply": [{"l": "Potatoes", "v": 0.26970218620110908}, {"l": "Beans", "v": 0.046591646252378049}, {"l": "Pulses, Other", "v": 0.49809821903484192}]}, {"source": 3, "prod": 54.0, "target": 3, "value": 0.088461588757031889, "supply": [{"l": "Eggs", "v": 0.088461588757031889}]}, {"source": 4, "prod": 2724.0, "target": 4, "value": 9.2814824646743865, "supply": [{"l": "Maize", "v": 0.11173030858867533}, {"l": "Wheat", "v": 6.0005492486512857}, {"l": "Oats", "v": 0.075546906635211866}, {"l": "Rye", "v": 0.17454838234169412}, {"l": "Millet", "v": 0.014389886978135593}, {"l": "Barley", "v": 2.7253394620645213}, {"l": "Rice", "v": 0.059701604147643847}, {"l": "Sorghum", "v": 0.061005703319780426}, {"l": "Cereals, Other", "v": 0.058670961947439031}]}, {"source": 5, "prod": 65.0, "target": 5, "value": 0.2384424336634231, "supply": [{"l": "Sunflower seed", "v": 0.055511756304115381}, {"l": "Soyabeans", "v": 0.011577318159681819}, {"l": "Sesame seed", "v": 0.0063675249878250009}, {"l": "Cottonseed", "v": 0.1424900696576224}, {"l": "Groundnuts", "v": 0.018636658500951218}, {"l": "Oilcrops, Other", "v": 0.003859106053227273}]}, {"source": 6, "prod": 1.0, "target": 13, "value": 0.0083992308217299468, "supply": [{"l": "Butter, Ghee", "v": 0.0083992308217299468}]}, {"source": 3, "prod": 678.0, "target": 13, "value": 0.49026322168553671, "supply": [{"l": "Pigmeat", "v": 0.0028300111056999999}, {"l": "Eggs", "v": 0.058974392504687924}, {"l": "Milk - Excluding Butter", "v": 0.40545419929031823}, {"l": "Mutton & Goat Meat", "v": 0.0084768908506648605}, {"l": "Bovine Meat", "v": 0.0048341826716583628}, {"l": "Poultry Meat", "v": 0.0014773839878944317}, {"l": "Offals, Edible", "v": 0.0082161612746129032}]}, {"source": 4, "prod": 4003.0, "target": 13, "value": 13.580427640812092, "supply": [{"l": "Maize", "v": 0.35963193076979871}, {"l": "Rye", "v": 0.15011160881385691}, {"l": "Barley", "v": 3.0420681022503984}, {"l": "Rice", "v": 0.15778281096163016}, {"l": "Cereals, Other", "v": 0.048317262780243897}, {"l": "Wheat", "v": 9.6471640262063101}, {"l": "Oats", "v": 0.071229940541771189}, {"l": "Sorghum", "v": 0.082537128020879397}, {"l": "Millet", "v": 0.02158483046720339}]}, {"source": 5, "prod": 70.0, "target": 13, "value": 0.25573514584621898, "supply": [{"l": "Olives", "v": 0.013005565743106618}, {"l": "Sunflower seed", "v": 0.058777153733769232}, {"l": "Coconuts - Incl Copra", "v": 0.001326567705796875}, {"l": "Sesame seed", "v": 0.019102574963475002}, {"l": "Soyabeans", "v": 0.061745696851636368}, {"l": "Groundnuts", "v": 0.012424439000634146}, {"l": "Oilcrops, Other", "v": 0.003859106053227273}, {"l": "Cottonseed", "v": 0.085494041794573442}]}, {"source": 0, "prod": 4718.0, "target": 13, "value": 2.1188321634223986, "supply": [{"l": "Nuts", "v": 0.070377907760171055}, {"l": "Citrus, Other", "v": 0.00040237124725592418}, {"l": "Grapefruit", "v": 0.0023915586808732395}, {"l": "Tomatoes", "v": 0.1606019457185934}, {"l": "Treenuts", "v": 0.067247788650297041}, {"l": "Vegetables, Other", "v": 0.57205501972144124}, {"l": "Grapes", "v": 0.31836429159784568}, {"l": "Dates", "v": 0.039010120670953802}, {"l": "Potatoes", "v": 0.2945977726196729}, {"l": "Beans", "v": 0.019413185938490854}, {"l": "Apples", "v": 0.076557769415239216}, {"l": "Lemons, Limes", "v": 0.0094919627147701854}, {"l": "Bananas", "v": 0.017659269299568001}, {"l": "Fruits, Other", "v": 0.15552336211270415}, {"l": "Oranges, Mandarines", "v": 0.051499532574267537}, {"l": "Onions", "v": 0.092292517352268108}, {"l": "Pulses, Other", "v": 0.17134578734798564}]}, {"source": 9, "prod": 16.0, "target": 13, "value": 0.060373570254933326, "supply": [{"l": "Sugar", "v": 0.060373570254933326}]}, {"source": 10, "prod": 1.0, "target": 13, "value": 0.010376707387566665, "supply": [{"l": "Oilcrops Oil, Other", "v": 0.010376707387566665}]}, {"source": 14, "prod": 4439.0, "target": 1, "value": 4.2742084420065467, "supply": [{"l": "Mutton & Goat Meat", "v": 0.3079937009074899}, {"l": "Pigmeat", "v": 0.0084900333171}, {"l": "Meat, Other", "v": 0.033639754652660378}, {"l": "Crustaceans", "v": 0.010325716196472974}, {"l": "Eggs", "v": 0.17528499994448909}, {"l": "Marine Fish, Other", "v": 0.034309038747184932}, {"l": "Demersal Fish", "v": 0.0066328385289843748}, {"l": "Poultry Meat", "v": 0.78005874560826005}, {"l": "Milk - Excluding Butter", "v": 1.9002845461174211}, {"l": "Pelagic Fish", "v": 0.12516234683972166}, {"l": "Fish, Seafood", "v": 0.18500241518680746}, {"l": "Molluscs, Other", "v": 0.0017209526994121621}, {"l": "Offals, Edible", "v": 0.016432322549225806}, {"l": "Bovine Meat", "v": 0.68887103071131672}]}, {"source": 14, "prod": 2999.0, "target": 11, "value": 16.724780443244768, "supply": [{"l": "Alcohol, Non-Food", "v": 0.003859106053227273}, {"l": "Sugar", "v": 7.173134815914266}, {"l": "Maize Germ Oil", "v": 0.67548827579176873}, {"l": "Beer", "v": 0.047457899485785847}, {"l": "Groundnut Oil", "v": 0.014150055528500001}, {"l": "Beverages, Alcoholic", "v": 0.15469128501495763}, {"l": "Fats, Animals, Raw", "v": 0.74712293190480006}, {"l": "Soyabean Oil", "v": 2.0006666297624198}, {"l": "Butter, Ghee", "v": 0.47875615683860701}, {"l": "Palm Oil", "v": 3.8785049524055495}, {"l": "Wine", "v": 0.0048238825665340912}, {"l": "Sunflowerseed Oil", "v": 0.050672496149358114}, {"l": "Olive Oil", "v": 0.19435016027096388}, {"l": "Coconut Oil", "v": 0.16980066634200003}, {"l": "Rape and Mustard Oil", "v": 0.02075341477513333}, {"l": "Oilcrops Oil, Other", "v": 0.86126671316803327}, {"l": "Sweeteners, Other", "v": 0.12735049975650001}, {"l": "Honey", "v": 0.026413436986533333}, {"l": "Cottonseed Oil", "v": 0.071794912614402684}, {"l": "Palmkernel Oil", "v": 0.02122508329275}, {"l": "Cream", "v": 0.002497068622676471}]}, {"source": 14, "prod": 14631.0, "target": 4, "value": 51.90610730166101, "supply": [{"l": "Maize", "v": 6.4314758881356227}, {"l": "Barley", "v": 17.195418849161147}, {"l": "Rice", "v": 5.5735711872121785}, {"l": "Cereals, Other", "v": 1.2873099297879267}, {"l": "Wheat", "v": 19.786935125717875}, {"l": "Oats", "v": 0.0021584830467203391}, {"l": "Sorghum", "v": 1.6184454233659396}, {"l": "Millet", "v": 0.010792415233601695}]}, {"source": 14, "prod": 4570.0, "target": 0, "value": 3.2773266142320701, "supply": [{"l": "Roots, Other", "v": 0.0037456029340147061}, {"l": "Infant food", "v": 0.039418011829392863}, {"l": "Nuts", "v": 0.093837210346894739}, {"l": "Cocoa Beans", "v": 0.12735049975650004}, {"l": "Tomatoes", "v": 0.10319624328510452}, {"l": "Coffee", "v": 0.040155562986283783}, {"l": "Treenuts", "v": 0.084059735812871295}, {"l": "Vegetables, Other", "v": 0.17781461536634499}, {"l": "Peas", "v": 0.012128619024428572}, {"l": "Grapes", "v": 0.070407487564908167}, {"l": "Cloves", "v": 0.0039305709801388897}, {"l": "Dates", "v": 0.068732117372632892}, {"l": "Potatoes", "v": 0.35517703290484515}, {"l": "Pimento", "v": 0.0035375138821250002}, {"l": "Pepper", "v": 0.047756437408687499}, {"l": "Beans", "v": 0.019413185938490854}, {"l": "Pulses, Other", "v": 0.77304843594207473}, {"l": "Lemons, Limes", "v": 0.017138266012779502}, {"l": "Pineapples", "v": 0.0081341636571017964}, {"l": "Bananas", "v": 0.16232943702295202}, {"l": "Citrus, Other", "v": 0.036414597876661146}, {"l": "Spices, Other", "v": 0.13363941332472223}, {"l": "Tea", "v": 0.043008721408993429}, {"l": "Fruits, Other", "v": 0.37838673668657913}, {"l": "Sweet potatoes", "v": 0.001659705761237594}, {"l": "Grapefruit", "v": 0.0011957793404366198}, {"l": "Oranges, Mandarines", "v": 0.1944022090551821}, {"l": "Onions", "v": 0.12273953338600602}, {"l": "Apples", "v": 0.15456916736367918}]}, {"source": 14, "prod": 686.0, "target": 5, "value": 2.484848683608611, "supply": [{"l": "Olives", "v": 0.070230055012775738}, {"l": "Sunflower seed", "v": 0.0032653974296538461}, {"l": "Coconuts - Incl Copra", "v": 0.12602393205070314}, {"l": "Sesame seed", "v": 0.25470099951300001}, {"l": "Cottonseed", "v": 0.049871524380167835}, {"l": "Groundnuts", "v": 0.043485536502219514}, {"l": "Oilcrops, Other", "v": 0.050168378691954549}, {"l": "Soyabeans", "v": 1.8871028600281365}]}, {"source": 14, "prod": 1.0, "target": 8, "value": 0.0002907545656541096, "supply": [{"l": "Sugar cane", "v": 0.0002907545656541096}]}, {"source": 6, "prod": 68.0, "target": 15, "value": 0.13380028802320593, "supply": [{"l": "Beer", "v": 0.0021571772493539022}, {"l": "Beverages, Alcoholic", "v": 0.028779773956271185}, {"l": "Fats, Animals, Raw", "v": 0.03735614659524001}, {"l": "Butter, Ghee", "v": 0.0083992308217299468}, {"l": "Wine", "v": 0.048238825665340906}, {"l": "Fish, Body Oil", "v": 0.0088691337352699746}]}, {"source": 3, "prod": 204.0, "target": 15, "value": 0.33393826213214489, "supply": [{"l": "Meat, Other", "v": 0.01201419809023585}, {"l": "Eggs", "v": 0.045868971948090607}, {"l": "Mutton & Goat Meat", "v": 0.13845588389419272}, {"l": "Poultry Meat", "v": 0.056140591539988398}, {"l": "Milk - Excluding Butter", "v": 0.043832886409764127}, {"l": "Offals, Edible", "v": 0.0013693602124354839}, {"l": "Bovine Meat", "v": 0.036256370037437723}]}, {"source": 4, "prod": 1279.0, "target": 15, "value": 4.4440061263165571, "supply": [{"l": "Maize", "v": 0.18156175145659742}, {"l": "Barley", "v": 1.7862022150017469}, {"l": "Rice", "v": 0.14498961007284933}, {"l": "Cereals, Other", "v": 0.02070739833439024}, {"l": "Wheat", "v": 2.2911188040304911}, {"l": "Oats", "v": 0.019426347420483051}]}, {"source": 5, "prod": 33.0, "target": 15, "value": 0.15584028577663878, "supply": [{"l": "Olives", "v": 0.0078033394458639719}, {"l": "Coconuts - Incl Copra", "v": 0.0039797031173906252}, {"l": "Sesame seed", "v": 0.0063675249878250009}, {"l": "Groundnuts", "v": 0.099395512005073169}, {"l": "Oilcrops, Other", "v": 0.034731954479045458}, {"l": "Cottonseed", "v": 0.0035622517414405602}]}, {"source": 0, "prod": 5993.0, "target": 15, "value": 6.2704211345923806, "supply": [{"l": "Roots, Other", "v": 0.0012485343113382355}, {"l": "Nuts", "v": 0.89145349829550002}, {"l": "Grapefruit", "v": 0.11658848569257042}, {"l": "Cocoa Beans", "v": 0.0094333703523333343}, {"l": "Tomatoes", "v": 0.1250863554970964}, {"l": "Coffee", "v": 0.0028682544990202702}, {"l": "Treenuts", "v": 0.89103319961643568}, {"l": "Vegetables, Other", "v": 0.14479190108402376}, {"l": "Grapes", "v": 0.42550612050096681}, {"l": "Dates", "v": 0.31951146454305024}, {"l": "Potatoes", "v": 0.27136189196234661}, {"l": "Pepper", "v": 0.0053062708231875}, {"l": "Beans", "v": 0.031061097501585366}, {"l": "Apples", "v": 0.11435211127845855}, {"l": "Lemons, Limes", "v": 0.057215441919586947}, {"l": "Bananas", "v": 0.0081504319844159998}, {"l": "Citrus, Other", "v": 0.0030177843544194317}, {"l": "Spices, Other", "v": 0.070750277642500012}, {"l": "Tea", "v": 0.0022342192939736848}, {"l": "Fruits, Other", "v": 0.17743558838975179}, {"l": "Oranges, Mandarines", "v": 0.43109542499254422}, {"l": "Onions", "v": 0.12273953338600602}, {"l": "Pulses, Other", "v": 2.0481798766712704}]}, {"source": 9, "prod": 233.0, "target": 15, "value": 0.87614241256978975, "supply": [{"l": "Sugar", "v": 0.84522998356906665}, {"l": "Sweeteners, Other", "v": 0.019592384577923075}, {"l": "Honey", "v": 0.011320044422799999}]}, {"source": 2, "prod": 75.0, "target": 15, "value": 0.064768821695054185, "supply": [{"l": "Crustaceans", "v": 0.0086047634970608123}, {"l": "Marine Fish, Other", "v": 0.0029075456565410963}, {"l": "Fish, Seafood", "v": 0.031837624939125002}, {"l": "Cephalopods", "v": 0.0017209526994121621}, {"l": "Pelagic Fish", "v": 0.019255745667649486}, {"l": "Demersal Fish", "v": 0.00044218923526562502}]}, {"source": 10, "prod": 96.0, "target": 15, "value": 0.98219274651535948, "supply": [{"l": "Maize Germ Oil", "v": 0.080655316512450004}, {"l": "Soyabean Oil", "v": 0.32663944975712977}, {"l": "Palm Oil", "v": 0.010233522301861609}, {"l": "Sunflowerseed Oil", "v": 0.060806995379229727}, {"l": "Olive Oil", "v": 0.23526598348590361}, {"l": "Oilcrops Oil, Other", "v": 0.16602731820106664}, {"l": "Cottonseed Oil", "v": 0.10256416087771811}]}, {"source": 16, "prod": 208.0, "target": 0, "value": 0.55217962905050899, "supply": [{"l": "Nuts", "v": 0.2513496705720395}, {"l": "Treenuts", "v": 0.25217920743861388}, {"l": "Vegetables, Other", "v": 0.0055884593400851281}, {"l": "Grapes", "v": 0.0045917926672766202}, {"l": "Dates", "v": 0.026006747113969202}, {"l": "Potatoes", "v": 0.010788087448044364}, {"l": "Tea", "v": 0.0016756644704802636}]}, {"source": 16, "prod": 31.0, "target": 5, "value": 0.12464912551924093, "supply": [{"l": "Sesame seed", "v": 0.012735049975650002}, {"l": "Oilcrops, Other", "v": 0.034731954479045458}, {"l": "Soyabeans", "v": 0.077182121064545459}]}, {"source": 3, "prod": 257.0, "target": 17, "value": 0.30967838768876749, "supply": [{"l": "Milk - Excluding Butter", "v": 0.093467184256114694}, {"l": "Poultry Meat", "v": 0.085688271297877025}, {"l": "Bovine Meat", "v": 0.13052293213477578}]}, {"source": 6, "prod": 2.0, "target": 17, "value": 0.0010785886246769511, "supply": [{"l": "Beer", "v": 0.0010785886246769511}]}, {"source": 4, "prod": 2697.0, "target": 17, "value": 9.6862948638923037, "supply": [{"l": "Barley", "v": 6.415596409346481}, {"l": "Rice", "v": 0.46055523199610959}, {"l": "Wheat", "v": 2.6845432451266356}, {"l": "Sorghum", "v": 0.12559997742307735}]}, {"source": 0, "prod": 216.0, "target": 17, "value": 0.41087096252540067, "supply": [{"l": "Tomatoes", "v": 0.0044673698391820144}, {"l": "Coffee", "v": 0.00057365089980405406}, {"l": "Beans", "v": 0.0038826371876981708}, {"l": "Apples", "v": 0.0096908568880049641}, {"l": "Lemons, Limes", "v": 0.0002636656309658385}, {"l": "Fruits, Other", "v": 0.040083340750696944}, {"l": "Onions", "v": 0.0052330808807987076}, {"l": "Pulses, Other", "v": 0.34667636044825001}]}, {"source": 10, "prod": 38.0, "target": 17, "value": 0.39316221432111703, "supply": [{"l": "Palm Oil", "v": 0.040934089207446435}, {"l": "Sunflowerseed Oil", "v": 0.010134499229871623}, {"l": "Olive Oil", "v": 0.26595285089710852}, {"l": "Coconut Oil", "v": 0.024257238048857144}, {"l": "Oilcrops Oil, Other", "v": 0.051883536937833333}]}, {"source": 5, "prod": 15.0, "target": 17, "value": 0.041900113007777566, "supply": [{"l": "Olives", "v": 0.031213357783455888}, {"l": "Cottonseed", "v": 0.01068675522432168}]}, {"source": 16, "prod": 43.0, "target": 11, "value": 0.29840174217505261, "supply": [{"l": "Maize Germ Oil", "v": 0.040327658256225002}, {"l": "Butter, Ghee", "v": 0.033596923286919787}, {"l": "Fats, Animals, Raw", "v": 0.056034219892860004}, {"l": "Soyabean Oil", "v": 0.12248979365892365}, {"l": "Wine", "v": 0.014471647699602273}, {"l": "Cottonseed Oil", "v": 0.010256416087771811}, {"l": "Palmkernel Oil", "v": 0.02122508329275}]}, {"source": 9, "prod": 479.0, "target": 17, "value": 1.8074337595070664, "supply": [{"l": "Sugar", "v": 1.8074337595070664}]}, {"source": 16, "prod": 147.0, "target": 4, "value": 0.51332666559270068, "supply": [{"l": "Maize", "v": 0.50627796079243503}, {"l": "Cereals, Other", "v": 0.0034512330557317072}, {"l": "Millet", "v": 0.0035974717445338982}]}, {"source": 1, "prod": 1879.0, "target": 2, "value": 1.6081610975363223, "supply": [{"l": "Pelagic Fish", "v": 0.63832796888258059}, {"l": "Crustaceans", "v": 0.023232861442064191}, {"l": "Freshwater Fish", "v": 0.039081105745380956}, {"l": "Molluscs, Other", "v": 0.0051628580982364869}, {"l": "Demersal Fish", "v": 0.046429869702890619}, {"l": "Fish, Seafood", "v": 0.80798729237401024}, {"l": "Marine Fish, Other", "v": 0.045357712242041097}, {"l": "Cephalopods", "v": 0.002581429049118243}]}, {"source": 1, "prod": 17597.0, "target": 3, "value": 15.90869147923919, "supply": [{"l": "Poultry Meat", "v": 2.0107196075243214}, {"l": "Pigmeat", "v": 0.093390366488100007}, {"l": "Bovine Meat", "v": 1.4671744408483132}, {"l": "Eggs", "v": 1.1024935043237494}, {"l": "Milk - Excluding Butter", "v": 9.0650276703016583}, {"l": "Offals, Edible", "v": 0.28345756397414518}, {"l": "Meat, Other", "v": 0.12975333937454717}, {"l": "Mutton & Goat Meat", "v": 1.8451365751613849}]}, {"source": 11, "prod": 1110.0, "target": 6, "value": 3.7313838435863822, "supply": [{"l": "Fats, Animals, Raw", "v": 1.3728383873750702}, {"l": "Alcohol, Non-Food", "v": 0.02990807191251137}, {"l": "Beverages, Fermented", "v": 0.016401200726215912}, {"l": "Fish, Body Oil", "v": 0.0088691337352699746}, {"l": "Beer", "v": 0.28259021966536119}, {"l": "Beverages, Alcoholic", "v": 0.34535728747525429}, {"l": "Cream", "v": 0.002497068622676471}, {"l": "Butter, Ghee", "v": 1.5706561636635001}, {"l": "Wine", "v": 0.10226631041052273}]}, {"source": 11, "prod": 1483.0, "target": 10, "value": 15.200813089979244, "supply": [{"l": "Olive Oil", "v": 2.3322019232515663}, {"l": "Sesameseed Oil", "v": 0.15981239185129414}, {"l": "Soyabean Oil", "v": 2.9295475650092575}, {"l": "Coconut Oil", "v": 0.15767204731757145}, {"l": "Cottonseed Oil", "v": 1.589744493604631}, {"l": "Rape and Mustard Oil", "v": 0.02075341477513333}, {"l": "Maize Germ Oil", "v": 0.83679890881666874}, {"l": "Groundnut Oil", "v": 0.028300111057000001}, {"l": "Palm Oil", "v": 3.878504952405549}, {"l": "Palmkernel Oil", "v": 0.0424501665855}, {"l": "Oilcrops Oil, Other", "v": 0.96503378704370002}, {"l": "Sunflowerseed Oil", "v": 2.2599933282613711}]}, {"source": 11, "prod": 3775.0, "target": 9, "value": 14.223055302149593, "supply": [{"l": "Honey", "v": 0.16980066634199997}, {"l": "Sweeteners, Other", "v": 0.13714669204546154}, {"l": "Sugar", "v": 13.916107943762132}]}, {"source": 0, "prod": 41944.5, "target": 18, "value": 125.60341721140455, "supply": [{"l": "Roots, Other", "v": 0.015737330286651589}, {"l": "Pulses, Other", "v": 4.5344099913300004}, {"l": "Beans", "v": 0.61190999883000008}, {"l": "Onions", "v": 4.9057399906199999}, {"l": "Vegetables, Other", "v": 47.570336575710002}, {"l": "Tomatoes", "v": 19.30044329643}, {"l": "Peas", "v": 0.02266333329}, {"l": "Potatoes", "v": 6.9558999867000004}, {"l": "Sweet potatoes", "v": 0.0052299999900000003}]}, {"source": 8, "prod": 5179.2000000000007, "target": 18, "value": 5.9681390237484626, "supply": [{"l": "Sugar beet", "v": 5.9510426552880009}, {"l": "Sugar cane", "v": 0.017096368460461645}]}, {"source": 4, "prod": 75185.0, "target": 18, "value": 254.93559413963629, "supply": [{"l": "Sorghum", "v": 5.9133866553600019}, {"l": "Rice", "v": 6.9454399867200003}, {"l": "Wheat", "v": 155.03811970355997}, {"l": "Oats", "v": 1.4158631244050996}, {"l": "Maize", "v": 17.3287333002}, {"l": "Barley", "v": 68.453726535780007}, {"l": "Cereals, Other", "v": 2.2175199957600005}, {"l": "Rye", "v": 2.9985333276000006}, {"l": "Millet", "v": 0.92745333155999998}]}, {"source": 5, "prod": 3572.0, "target": 18, "value": 11.176905387691393, "supply": [{"l": "Coconuts - Incl Copra", "v": 0.16561666634999997}, {"l": "Sesame seed", "v": 0.21965999957999999}, {"l": "Groundnuts", "v": 0.20396999961000001}, {"l": "Oilcrops, Other", "v": 0.10808666646000001}, {"l": "Soyabeans", "v": 1.1048374978875}, {"l": "Sunflower seed", "v": 2.1565033292100004}, {"l": "Cottonseed", "v": 3.3384833269500001}, {"l": "Olives", "v": 5.2352299899900006}, {"l": "Rape and Mustardseed", "v": 0.0069733333200000013}]}, {"source": 19, "prod": 0, "target": 0, "value": 0.10123813913904976, "supply": "[{\"l\":'Energy for power irrigation',\"v\":0.10123813913904976}]"}, {"source": 19, "prod": 0, "target": 8, "value": 0.031251568753291055, "supply": "[{\"l\":'Energy for power irrigation',\"v\":0.031251568753291055}]"}, {"source": 19, "prod": 0, "target": 4, "value": 0.090734059187372082, "supply": "[{\"l\":'Energy for power irrigation',\"v\":0.090734059187372082}]"}, {"source": 19, "prod": 0, "target": 5, "value": 0.0086214553279854514, "supply": "[{\"l\":'Energy for power irrigation',\"v\":0.0086214553279854514}]"}, {"source": 19, "prod": 0, "target": 11, "value": 0.75200000060159988, "supply": "[{\"l\":'Electricity',\"v\":0.75200000060159988}]"}, {"source": 20, "prod": 0, "target": 19, "value": 1.6252155137302171, "supply": [{"l": "Coal", "v": 1.0135276760120293}, {"l": "Natural gas", "v": 0.21649651326432429}, {"l": "Oil", "v": 0.39519132445386357}]}, {"source": 21, "prod": 0, "target": 19, "value": 0.34025164005897829, "supply": [{"l": "Nuclear", "v": 0.11289847415088893}, {"l": "Hydroelectric", "v": 0.22171196404417198}, {"l": "Renewable", "v": 0.005641201863917371}]}, {"source": 20, "prod": 0, "target": 0, "value": 10.165263312433858, "supply": [{"l": "Motor Gasoline", "v": 0.039744797092952838}, {"l": "Gas-Diesel oil", "v": 6.9212236149563848}, {"l": "Natural gas (including LNG)", "v": 2.5084649499022924}, {"l": "Fuel oil", "v": 0.58803897732792187}, {"l": "Liquefied petroleum gas (LPG)", "v": 0.053547773760526676}, {"l": "Coal", "v": 0.054243199393780264}]}, {"source": 20, "prod": 0, "target": 8, "value": 3.1379520406583365, "supply": [{"l": "Motor Gasoline", "v": 0.01226896572278972}, {"l": "Gas-Diesel oil", "v": 2.1365376477596651}, {"l": "Natural gas (including LNG)", "v": 0.77434715329387371}, {"l": "Fuel oil", "v": 0.18152388700406333}, {"l": "Liquefied petroleum gas (LPG)", "v": 0.01652985670710819}, {"l": "Coal", "v": 0.016744530170836866}]}, {"source": 20, "prod": 0, "target": 4, "value": 9.1105546870905556, "supply": [{"l": "Motor Gasoline", "v": 0.035621029806454471}, {"l": "Gas-Diesel oil", "v": 6.203104071934292}, {"l": "Natural gas (including LNG)", "v": 2.2481962743435235}, {"l": "Fuel oil", "v": 0.52702631465865379}, {"l": "Liquefied petroleum gas (LPG)", "v": 0.047991862701727256}, {"l": "Coal", "v": 0.048615133645905535}]}, {"source": 20, "prod": 0, "target": 5, "value": 0.86567536988195692, "supply": [{"l": "Motor Gasoline", "v": 0.0033846729658483839}, {"l": "Gas-Diesel oil", "v": 0.58941245580765556}, {"l": "Natural gas (including LNG)", "v": 0.21362125668564386}, {"l": "Fuel oil", "v": 0.050077488753360683}, {"l": "Liquefied petroleum gas (LPG)", "v": 0.0045601365583712115}, {"l": "Coal", "v": 0.0046193591110773313}]}, {"source": 20, "prod": 0, "target": 1, "value": 0.85073111179169592, "supply": [{"l": "Gas-diesel oils used in fisheries", "v": 0.85073111179169592}]}, {"source": 22, "prod": 1441.4976425091352, "target": 0, "value": 19.165830259020911, "supply": [{"l": "Potash", "v": 0.51263847355825887}, {"l": "Phosphate", "v": 4.0240882948859369}, {"l": "Nitrogen", "v": 39.354895665743165}]}, {"source": 22, "prod": 444.98114115577215, "target": 8, "value": 5.9163697312830719, "supply": [{"l": "Potash", "v": 0.51263847355825887}, {"l": "Phosphate", "v": 4.0240882948859369}, {"l": "Nitrogen", "v": 39.354895665743165}]}, {"source": 22, "prod": 1291.9333911722554, "target": 4, "value": 17.177257423792003, "supply": [{"l": "Potash", "v": 0.51263847355825887}, {"l": "Phosphate", "v": 4.0240882948859369}, {"l": "Nitrogen", "v": 39.354895665743165}]}, {"source": 22, "prod": 122.75815849617068, "target": 5, "value": 1.6321650200913755, "supply": [{"l": "Potash", "v": 0.51263847355825887}, {"l": "Phosphate", "v": 4.0240882948859369}, {"l": "Nitrogen", "v": 39.354895665743165}]}, {"source": 20, "prod": 0, "target": 22, "value": 52.061266096016737, "supply": [{"l": "Natural gas (including LNG)", "v": 35.514638340463904}, {"l": "Fuel oil", "v": 9.5898161564703202}, {"l": "Liquefied petroleum gas (LPG)", "v": 3.4784057995412572}, {"l": "Coal", "v": 3.4784057995412572}]}, {"source": 23, "prod": 0, "target": 4, "value": 4.3365341893968719, "supply": "[{\"l\":'Labor',\"v\":4.3365341893968719}]"}, {"source": 23, "prod": 0, "target": 5, "value": 0.41205293940348814, "supply": "[{\"l\":'Labor',\"v\":0.41205293940348814}]"}, {"source": 23, "prod": 0, "target": 0, "value": 4.838565094291603, "supply": "[{\"l\":'Labor',\"v\":4.838565094291603}]"}, {"source": 23, "prod": 0, "target": 8, "value": 1.4936342271546372, "supply": "[{\"l\":'Labor',\"v\":1.4936342271546372}]"}, {"source": 20, "prod": 0, "target": 14, "value": 83.881977660458887, "supply": "[{\"l\":'Fossil Fuels',\"v\":83.881977660458887}]"}, {"source": 21, "prod": 0, "target": 14, "value": 19.535577973264029, "supply": "[{\"l\":'Renewables & Nuclear',\"v\":6.5400559004891736},{\"l\":'Biomass & Waste',\"v\":12.995522072774856}]"}]}