{"nodes": [{"layer": 3, "name": "Treenuts"}, {"layer": 5, "name": "Production", "fill": "#b5cf6b"}, {"layer": 3, "name": "Pulses"}, {"layer": 3, "name": "Vegetables"}, {"layer": 3, "name": "Sugar Crops", "fill": "#ffbb78"}, {"layer": 3, "name": "Starchy Roots"}, {"layer": 3, "name": "Others"}, {"layer": 3, "name": "Cereals - Excluding Beer"}, {"layer": 3, "name": "Spices"}, {"layer": 3, "name": "Stimulants"}, {"layer": 3, "name": "Fruits - Excluding Wine"}, {"layer": 3, "name": "Oilcrops", "fill": "#ff9896"}, {"layer": 1, "name": "Electricity", "fill": "#bcbd22"}, {"layer": 0, "name": "Fossil Fuels", "fill": "#c49c94"}, {"layer": 0, "name": "Renewables & Nuclear", "fill": "#2ca02c"}, {"layer": 1, "name": "Fertilizers", "fill": "#c5b0d5"}, {"layer": 0, "name": "Labor", "fill": "#7f7f7f"}], "links": [{"source": 0, "prod": 663.0, "target": 1, "value": 2.3230348304788859, "supply": [{"l": "Treenuts", "v": 2.3230348304788859}]}, {"source": 2, "prod": 1482.0, "target": 1, "value": 5.93889781549891, "supply": [{"l": "Peas", "v": 0.030321547561071433}, {"l": "Beans", "v": 0.72193773240038273}, {"l": "Pulses, Other", "v": 5.1866385355374556}]}, {"source": 3, "prod": 19944.0, "target": 1, "value": 5.1610340718759851, "supply": [{"l": "Tomatoes", "v": 1.1965570433016617}, {"l": "Vegetables, Other", "v": 3.3990623944859299}, {"l": "Onions", "v": 0.56541463408839276}]}, {"source": 4, "prod": 12924.0, "target": 1, "value": 14.955460783636589, "supply": [{"l": "Sugar beet", "v": 14.924095527020002}, {"l": "Sugar cane", "v": 0.031365256616586061}]}, {"source": 5, "prod": 3885.0, "target": 1, "value": 3.1989358041873004, "supply": [{"l": "Roots, Other", "v": 0.0073826376670434778}, {"l": "Potatoes", "v": 3.1907303892151475}, {"l": "Sweet potatoes", "v": 0.00082277730510963072}]}, {"source": 6, "prod": 662.0, "target": 1, "value": 2.3195310072051623, "supply": [{"l": "Nuts", "v": 2.3195310072051623}]}, {"source": 7, "prod": 28185.0, "target": 1, "value": 95.690394751312397, "supply": [{"l": "Maize", "v": 5.5029277173693059}, {"l": "Rye", "v": 1.3597064852673564}, {"l": "Barley", "v": 23.285224078700335}, {"l": "Rice", "v": 1.2179286019943592}, {"l": "Cereals, Other", "v": 0.42803917973712502}, {"l": "Wheat", "v": 61.570236701312531}, {"l": "Oats", "v": 0.69503154104394926}, {"l": "Sorghum", "v": 1.1743368879376423}, {"l": "Millet", "v": 0.4569635579497941}]}, {"source": 8, "prod": 71.0, "target": 1, "value": 0.27078060806811366, "supply": [{"l": "Pimento", "v": 0.035375138821250006}, {"l": "Spices, Other", "v": 0.23540546924686367}]}, {"source": 9, "prod": 105.0, "target": 1, "value": 0.048779831892981199, "supply": [{"l": "Coffee", "v": 0.0021769316197692307}, {"l": "Tea", "v": 0.04660290027321197}]}, {"source": 10, "prod": 13562.0, "target": 1, "value": 8.4559361632766148, "supply": [{"l": "Grapes", "v": 3.2656715859597849}, {"l": "Dates", "v": 1.5514508295321636}, {"l": "Lemons, Limes", "v": 0.068530661089009806}, {"l": "Bananas", "v": 0.10624670265399429}, {"l": "Citrus, Other", "v": 0.010780994688380953}, {"l": "Fruits, Other", "v": 1.3970794171328851}, {"l": "Grapefruit", "v": 0.20448335563738726}, {"l": "Oranges, Mandarines", "v": 0.81375204457827754}, {"l": "Apples", "v": 1.0379405720047312}]}, {"source": 11, "prod": 2662.7058823529414, "target": 1, "value": 9.5592582864253117, "supply": [{"l": "Olives", "v": 1.1496022270743276}, {"l": "Sunflower seed", "v": 2.585922647833375}, {"l": "Sesame seed", "v": 0.36972725735758066}, {"l": "Cottonseed", "v": 3.7352930673528975}, {"l": "Groundnuts", "v": 0.33747882435472504}, {"l": "Oilcrops, Other", "v": 0.065604802904863646}, {"l": "Soyabeans", "v": 0.19194857934313045}, {"l": "Oil Palm", "v": 1.1236808802044127}]}, {"source": 12, "prod": 0, "target": 11, "value": 0.0074442063797857273, "supply": "[{\"l\":'Energy for power irrigation',\"v\":0.0074442063797857273}]"}, {"source": 12, "prod": 0, "target": 0, "value": 0.001656871570872354, "supply": "[{\"l\":'Energy for power irrigation',\"v\":0.001656871570872354}]"}, {"source": 12, "prod": 0, "target": 3, "value": 0.050771627959356976, "supply": "[{\"l\":'Energy for power irrigation',\"v\":0.050771627959356976}]"}, {"source": 12, "prod": 0, "target": 4, "value": 0.031583197908487168, "supply": "[{\"l\":'Energy for power irrigation',\"v\":0.031583197908487168}]"}, {"source": 12, "prod": 0, "target": 5, "value": 0.009997435982948083, "supply": "[{\"l\":'Energy for power irrigation',\"v\":0.009997435982948083}]"}, {"source": 12, "prod": 0, "target": 2, "value": 0.0038696993104371281, "supply": "[{\"l\":'Energy for power irrigation',\"v\":0.0038696993104371281}]"}, {"source": 12, "prod": 0, "target": 6, "value": 0.0016715341511455608, "supply": "[{\"l\":'Energy for power irrigation',\"v\":0.0016715341511455608}]"}, {"source": 12, "prod": 0, "target": 7, "value": 0.088144101312381914, "supply": "[{\"l\":'Energy for power irrigation',\"v\":0.088144101312381914}]"}, {"source": 12, "prod": 0, "target": 8, "value": 0.00023337940268187288, "supply": "[{\"l\":'Energy for power irrigation',\"v\":0.00023337940268187288}]"}, {"source": 12, "prod": 0, "target": 9, "value": 0.00048508703070525408, "supply": "[{\"l\":'Energy for power irrigation',\"v\":0.00048508703070525408}]"}, {"source": 12, "prod": 0, "target": 10, "value": 0.035988081398896345, "supply": "[{\"l\":'Energy for power irrigation',\"v\":0.035988081398896345}]"}, {"source": 13, "prod": 0, "target": 12, "value": 0.37588892343665653, "supply": [{"l": "Coal", "v": 0.24147723254637726}, {"l": "Natural gas", "v": 0.047971203399305856}, {"l": "Oil", "v": 0.086440487490973397}]}, {"source": 14, "prod": 0, "target": 12, "value": 0.082914866915691679, "supply": [{"l": "Nuclear", "v": 0.028959975255460645}, {"l": "Hydroelectric", "v": 0.052527441552140182}, {"l": "Renewable", "v": 0.0014274501080908518}]}, {"source": 13, "prod": 0, "target": 11, "value": 0.77662306047302687, "supply": [{"l": "Motor Gasoline", "v": 0.0029296816731146261}, {"l": "Gas-Diesel oil", "v": 0.53807632041646225}, {"l": "Natural gas (including LNG)", "v": 0.18445154111222437}, {"l": "Fuel oil", "v": 0.043239470261052043}, {"l": "Liquefied petroleum gas (LPG)", "v": 0.0039374556115055921}, {"l": "Coal", "v": 0.0039885913986680028}]}, {"source": 13, "prod": 0, "target": 0, "value": 0.17285451323270234, "supply": [{"l": "Motor Gasoline", "v": 0.00065206497889021395}, {"l": "Gas-Diesel oil", "v": 0.11976069882728067}, {"l": "Natural gas (including LNG)", "v": 0.041053740194832489}, {"l": "Fuel oil", "v": 0.0096238934494962073}, {"l": "Liquefied petroleum gas (LPG)", "v": 0.00087636719502975642}, {"l": "Coal", "v": 0.00088774858717300005}]}, {"source": 13, "prod": 0, "target": 3, "value": 5.2967925765820407, "supply": [{"l": "Motor Gasoline", "v": 0.019981271388529624}, {"l": "Gas-Diesel oil", "v": 3.6698352195215094}, {"l": "Natural gas (including LNG)", "v": 1.2580125461472564}, {"l": "Fuel oil", "v": 0.29490561992143538}, {"l": "Liquefied petroleum gas (LPG)", "v": 0.026854579415838083}, {"l": "Coal", "v": 0.027203340187472343}]}, {"source": 13, "prod": 0, "target": 4, "value": 3.2949435531260245, "supply": [{"l": "Motor Gasoline", "v": 0.012429628004686024}, {"l": "Gas-Diesel oil", "v": 2.2828720820704649}, {"l": "Natural gas (including LNG)", "v": 0.7825642157492847}, {"l": "Fuel oil", "v": 0.18345014593110465}, {"l": "Liquefied petroleum gas (LPG)", "v": 0.0167052649388858}, {"l": "Coal", "v": 0.016922216431598601}]}, {"source": 13, "prod": 0, "target": 5, "value": 1.0429908755678248, "supply": [{"l": "Motor Gasoline", "v": 0.003934510071740214}, {"l": "Gas-Diesel oil", "v": 0.72262687153747085}, {"l": "Natural gas (including LNG)", "v": 0.24771511967117951}, {"l": "Fuel oil", "v": 0.058069834958538319}, {"l": "Liquefied petroleum gas (LPG)", "v": 0.0052879324408063918}, {"l": "Coal", "v": 0.0053566068880895922}]}, {"source": 13, "prod": 0, "target": 2, "value": 0.40370961903242503, "supply": [{"l": "Motor Gasoline", "v": 0.0015229275723785455}, {"l": "Gas-Diesel oil", "v": 0.27970658789527869}, {"l": "Natural gas (including LNG)", "v": 0.095882887313447268}, {"l": "Fuel oil", "v": 0.022477043181824842}, {"l": "Liquefied petroleum gas (LPG)", "v": 0.0020467956538784949}, {"l": "Coal", "v": 0.0020733774156171765}]}, {"source": 13, "prod": 0, "target": 6, "value": 0.17438419919051387, "supply": [{"l": "Motor Gasoline", "v": 0.00065783546542906547}, {"l": "Gas-Diesel oil", "v": 0.12082052802044245}, {"l": "Natural gas (including LNG)", "v": 0.041417047630184993}, {"l": "Fuel oil", "v": 0.0097090606481643141}, {"l": "Liquefied petroleum gas (LPG)", "v": 0.0008841226569326747}, {"l": "Coal", "v": 0.00089560476936037178}]}, {"source": 13, "prod": 0, "target": 7, "value": 9.1957071353839837, "supply": [{"l": "Motor Gasoline", "v": 0.034689279828305497}, {"l": "Gas-Diesel oil", "v": 6.3711631946920155}, {"l": "Natural gas (including LNG)", "v": 2.1840226476215534}, {"l": "Fuel oil", "v": 0.5119826147933314}, {"l": "Liquefied petroleum gas (LPG)", "v": 0.046621959229392752}, {"l": "Coal", "v": 0.047227439219384867}]}, {"source": 13, "prod": 0, "target": 8, "value": 0.024347501495166773, "supply": [{"l": "Motor Gasoline", "v": 9.1846910743385588e-05}, {"l": "Gas-Diesel oil", "v": 0.016868947991158265}, {"l": "Natural gas (including LNG)", "v": 0.0057826433460272898}, {"l": "Fuel oil", "v": 0.0013555779121340525}, {"l": "Liquefied petroleum gas (LPG)", "v": 0.00012344110195478133}, {"l": "Coal", "v": 0.00012504423314899926}]}, {"source": 13, "prod": 0, "target": 9, "value": 0.050607110437597955, "supply": [{"l": "Motor Gasoline", "v": 0.00019090692966033552}, {"l": "Gas-Diesel oil", "v": 0.035062682473768751}, {"l": "Natural gas (including LNG)", "v": 0.012019420986245206}, {"l": "Fuel oil", "v": 0.0028176148226032403}, {"l": "Liquefied petroleum gas (LPG)", "v": 0.00025657653128821042}, {"l": "Coal", "v": 0.00025990869403221315}]}, {"source": 13, "prod": 0, "target": 10, "value": 3.7544867096185706, "supply": [{"l": "Motor Gasoline", "v": 0.014163178335732649}, {"l": "Gas-Diesel oil", "v": 2.6012624355161487}, {"l": "Natural gas (including LNG)", "v": 0.89170782445309826}, {"l": "Fuel oil", "v": 0.20903579186431545}, {"l": "Liquefied petroleum gas (LPG)", "v": 0.019035134952220808}, {"l": "Coal", "v": 0.019282344497054845}]}, {"source": 15, "prod": 105.99568540146629, "target": 11, "value": 1.4092949268074919, "supply": [{"l": "Potash", "v": 0.51263847355825887}, {"l": "Phosphate", "v": 4.0240882948859369}, {"l": "Nitrogen", "v": 39.354895665743165}]}, {"source": 15, "prod": 23.591666971204301, "target": 0, "value": 0.31366952769372025, "supply": [{"l": "Potash", "v": 0.51263847355825887}, {"l": "Phosphate", "v": 4.0240882948859369}, {"l": "Nitrogen", "v": 39.354895665743165}]}, {"source": 15, "prod": 722.92105161318671, "target": 3, "value": 9.6117966185320522, "supply": [{"l": "Potash", "v": 0.51263847355825887}, {"l": "Phosphate", "v": 4.0240882948859369}, {"l": "Nitrogen", "v": 39.354895665743165}]}, {"source": 15, "prod": 449.70310315021288, "target": 4, "value": 5.9791518818785248, "supply": [{"l": "Potash", "v": 0.51263847355825887}, {"l": "Phosphate", "v": 4.0240882948859369}, {"l": "Nitrogen", "v": 39.354895665743165}]}, {"source": 15, "prod": 142.35030911385957, "target": 5, "value": 1.8926578728539962, "supply": [{"l": "Potash", "v": 0.51263847355825887}, {"l": "Phosphate", "v": 4.0240882948859369}, {"l": "Nitrogen", "v": 39.354895665743165}]}, {"source": 15, "prod": 55.099416886286157, "target": 2, "value": 0.73258952375074637, "supply": [{"l": "Potash", "v": 0.51263847355825887}, {"l": "Phosphate", "v": 4.0240882948859369}, {"l": "Nitrogen", "v": 39.354895665743165}]}, {"source": 15, "prod": 23.800442785108764, "target": 6, "value": 0.31644536422198327, "supply": [{"l": "Potash", "v": 0.51263847355825887}, {"l": "Phosphate", "v": 4.0240882948859369}, {"l": "Nitrogen", "v": 39.354895665743165}]}, {"source": 15, "prod": 1255.0558052866784, "target": 7, "value": 16.686941289653092, "supply": [{"l": "Potash", "v": 0.51263847355825887}, {"l": "Phosphate", "v": 4.0240882948859369}, {"l": "Nitrogen", "v": 39.354895665743165}]}, {"source": 15, "prod": 3.3230150379793666, "target": 8, "value": 0.044182064741519589, "supply": [{"l": "Potash", "v": 0.51263847355825887}, {"l": "Phosphate", "v": 4.0240882948859369}, {"l": "Nitrogen", "v": 39.354895665743165}]}, {"source": 15, "prod": 6.9069998433393129, "target": 9, "value": 0.091833925143367953, "supply": [{"l": "Potash", "v": 0.51263847355825887}, {"l": "Phosphate", "v": 4.0240882948859369}, {"l": "Nitrogen", "v": 39.354895665743165}]}, {"source": 15, "prod": 512.42283724401193, "target": 10, "value": 6.8130594389108712, "supply": [{"l": "Potash", "v": 0.51263847355825887}, {"l": "Phosphate", "v": 4.0240882948859369}, {"l": "Nitrogen", "v": 39.354895665743165}]}, {"source": 13, "prod": 0, "target": 15, "value": 52.061266096016737, "supply": [{"l": "Natural gas (including LNG)", "v": 35.514638340463904}, {"l": "Fuel oil", "v": 9.5898161564703202}, {"l": "Liquefied petroleum gas (LPG)", "v": 3.4784057995412572}, {"l": "Coal", "v": 3.4784057995412572}]}, {"source": 16, "prod": 0, "target": 11, "value": 0.36454868844501775, "supply": "[{\"l\":'Labor',\"v\":0.36454868844501775}]"}, {"source": 16, "prod": 0, "target": 0, "value": 0.081138314451289925, "supply": "[{\"l\":'Labor',\"v\":0.081138314451289925}]"}, {"source": 16, "prod": 0, "target": 3, "value": 2.4863268746902647, "supply": "[{\"l\":'Labor',\"v\":2.4863268746902647}]"}, {"source": 16, "prod": 0, "target": 4, "value": 1.5466542418414024, "supply": "[{\"l\":'Labor',\"v\":1.5466542418414024}]"}, {"source": 16, "prod": 0, "target": 5, "value": 0.48958236640151481, "supply": "[{\"l\":'Labor',\"v\":0.48958236640151481}]"}, {"source": 16, "prod": 0, "target": 2, "value": 0.18950224326492271, "supply": "[{\"l\":'Labor',\"v\":0.18950224326492271}]"}, {"source": 16, "prod": 0, "target": 6, "value": 0.081856352632274781, "supply": "[{\"l\":'Labor',\"v\":0.081856352632274781}]"}, {"source": 16, "prod": 0, "target": 7, "value": 4.3164865249905251, "supply": "[{\"l\":'Labor',\"v\":4.3164865249905251}]"}, {"source": 16, "prod": 0, "target": 8, "value": 0.011428774380675792, "supply": "[{\"l\":'Labor',\"v\":0.011428774380675792}]"}, {"source": 16, "prod": 0, "target": 9, "value": 0.023755096487582669, "supply": "[{\"l\":'Labor',\"v\":0.023755096487582669}]"}, {"source": 16, "prod": 0, "target": 10, "value": 1.7623648787122728, "supply": "[{\"l\":'Labor',\"v\":1.7623648787122728}]"}]}