{"nodes": [{"layer": 13, "name": "Milk - Excluding Butter"}, {"layer": 10, "name": "Feed", "fill": "#dbdb8d"}, {"layer": 5, "name": "Oilcrops", "fill": "#ff9896"}, {"layer": 5, "name": "Vegetables"}, {"layer": 5, "name": "Sugar Crops", "fill": "#ffbb78"}, {"layer": 13, "name": "Animal Fats"}, {"layer": 5, "name": "Starchy Roots"}, {"layer": 5, "name": "Pulses"}, {"layer": 13, "name": "Fish, Seafood"}, {"layer": 5, "name": "Fruits - Excluding Wine"}, {"layer": 5, "name": "Cereals - Excluding Beer"}, {"layer": 16, "name": "Food", "fill": "#b5cf6b"}, {"layer": 13, "name": "Sugar & Sweeteners"}, {"layer": 5, "name": "Treenuts"}, {"layer": 13, "name": "Alcoholic Beverages"}, {"layer": 5, "name": "Others"}, {"layer": 13, "name": "Vegetable Oils", "fill": "#f7b6d2"}, {"layer": 5, "name": "Spices"}, {"layer": 5, "name": "Stimulants"}, {"layer": 13, "name": "Eggs"}, {"layer": 13, "name": "Meat"}, {"layer": 10, "name": "Processing", "fill": "#9edae5"}, {"layer": 16, "name": "Biofuels & Other", "fill": "#e7ba52"}, {"name": "Waste", "fill": "#c7c7c7"}, {"layer": 2, "name": "Import", "fill": "#aec7e8"}, {"layer": 16, "name": "Export", "fill": "#aec7e8"}, {"layer": 0, "name": "Stock Draw", "fill": "#c7c7c7"}, {"layer": 16, "name": "Stock Deposit", "fill": "#c7c7c7"}, {"layer": 2, "name": "Electricity", "fill": "#bcbd22"}, {"layer": 0, "name": "Fossil Fuels", "fill": "#c49c94"}, {"layer": 0, "name": "Renewables & Nuclear", "fill": "#2ca02c"}, {"layer": 2, "name": "Fertilizers", "fill": "#c5b0d5"}, {"layer": 0, "name": "Labor", "fill": "#7f7f7f"}], "links": [{"source": 0, "prod": 1306.0, "target": 1, "value": 0.86476310772451082, "supply": [{"l": "Milk - Excluding Butter", "v": 0.86476310772451082}]}, {"source": 2, "prod": 145.0, "target": 1, "value": 0.57724646169389737, "supply": [{"l": "Soyabeans", "v": 0.44837988455934386}, {"l": "Cottonseed", "v": 0.1228022676223393}, {"l": "Oilcrops, Other", "v": 0.0060643095122142861}]}, {"source": 3, "prod": 1986.0, "target": 1, "value": 0.47940372996117891, "supply": [{"l": "Vegetables, Other", "v": 0.38801649890592005}, {"l": "Tomatoes", "v": 0.091387231055258852}]}, {"source": 4, "prod": 2.0, "target": 1, "value": 0.0023244444400000001, "supply": [{"l": "Sugar beet", "v": 0.0023244444400000001}]}, {"source": 5, "prod": 1.0, "target": 1, "value": 0.0087697674595826128, "supply": [{"l": "Fish, Body Oil", "v": 0.0087697674595826128}]}, {"source": 6, "prod": 68.0, "target": 1, "value": 0.05582793050485281, "supply": [{"l": "Potatoes", "v": 0.054825170664250446}, {"l": "Roots, Other", "v": 0.0010027598406023622}]}, {"source": 7, "prod": 141.0, "target": 1, "value": 0.5657002382476235, "supply": [{"l": "Pulses, Other", "v": 0.5657002382476235}]}, {"source": 8, "prod": 102.0, "target": 1, "value": 0.092413532802248011, "supply": [{"l": "Fish, Seafood", "v": 0.04339560459408575}, {"l": "Pelagic Fish", "v": 0.049017928208162267}]}, {"source": 9, "prod": 61.0, "target": 1, "value": 0.10901643417398009, "supply": [{"l": "Dates", "v": 0.1086850276215028}, {"l": "Oranges, Mandarines", "v": 0.00033140655247728882}]}, {"source": 10, "prod": 9459.0, "target": 1, "value": 34.252367937808415, "supply": [{"l": "Maize", "v": 4.5159157479443088}, {"l": "Oats", "v": 2.0315436865917862}, {"l": "Rye", "v": 0.36082641597675003}, {"l": "Barley", "v": 16.914195686050089}, {"l": "Sorghum", "v": 3.072954430206845}, {"l": "Cereals, Other", "v": 0.039042795354556854}, {"l": "Wheat", "v": 7.1385491460644417}, {"l": "Millet", "v": 0.17934002961964043}]}, {"source": 0, "prod": 9464.0, "target": 11, "value": 6.2665528725151374, "supply": [{"l": "Milk - Excluding Butter", "v": 6.2665528725151374}]}, {"source": 2, "prod": 328.0, "target": 11, "value": 1.1884298647261413, "supply": [{"l": "Olives", "v": 0.55752240446949097}, {"l": "Sunflower seed", "v": 0.033353702317178574}, {"l": "Coconuts - Incl Copra", "v": 0.033606381880187504}, {"l": "Sesame seed", "v": 0.23192286134517073}, {"l": "Groundnuts", "v": 0.29787066044740679}, {"l": "Oilcrops, Other", "v": 0.030321547561071433}, {"l": "Soyabeans", "v": 0.003832306705635417}]}, {"source": 12, "prod": 2052.0, "target": 11, "value": 7.2427059222627257, "supply": [{"l": "Sugar", "v": 7.0785652781321255}, {"l": "Sweeteners, Other", "v": 0.065090255431100003}, {"l": "Honey", "v": 0.099050388699500017}]}, {"source": 13, "prod": 242.0, "target": 11, "value": 0.7877014937015463, "supply": [{"l": "Treenuts", "v": 0.7877014937015463}]}, {"source": 3, "prod": 11013.0, "target": 11, "value": 2.8542237660853433, "supply": [{"l": "Tomatoes", "v": 0.62333614983695929}, {"l": "Vegetables, Other", "v": 1.8044123900170406}, {"l": "Onions", "v": 0.42647522623134343}]}, {"source": 14, "prod": 401.0, "target": 11, "value": 0.448211103647011, "supply": [{"l": "Beer", "v": 0.16401200726215912}, {"l": "Beverages, Alcoholic", "v": 0.22912861000366266}, {"l": "Wine", "v": 0.033271752188635137}, {"l": "Beverages, Fermented", "v": 0.021798734192554053}]}, {"source": 4, "prod": 1.0, "target": 11, "value": 0.00039797031173906256, "supply": [{"l": "Sugar cane", "v": 0.00039797031173906256}]}, {"source": 5, "prod": 172.0, "target": 11, "value": 1.4802224032944864, "supply": [{"l": "Fats, Animals, Raw", "v": 0.23411910056245461}, {"l": "Butter, Ghee", "v": 1.2461033027320318}]}, {"source": 6, "prod": 2626.0, "target": 11, "value": 2.1525088498125946, "supply": [{"l": "Roots, Other", "v": 0.020055196812047243}, {"l": "Potatoes", "v": 2.1324536530005473}]}, {"source": 7, "prod": 671.0, "target": 11, "value": 2.695059265138251, "supply": [{"l": "Peas", "v": 0.035375138821250006}, {"l": "Beans", "v": 0.62557050368192935}, {"l": "Pulses, Other", "v": 2.0341136226350716}]}, {"source": 8, "prod": 695.0, "target": 11, "value": 0.60061421929943137, "supply": [{"l": "Freshwater Fish", "v": 0.032802401452431823}, {"l": "Crustaceans", "v": 0.0093598362849988872}, {"l": "Marine Fish, Other", "v": 0.032653974296538463}, {"l": "Fish, Seafood", "v": 0.29526029008132854}, {"l": "Pelagic Fish", "v": 0.19703284867986792}, {"l": "Cephalopods", "v": 0.00085089420772717155}, {"l": "Demersal Fish", "v": 0.032653974296538463}]}, {"source": 15, "prod": 246.0, "target": 11, "value": 0.82166162696994627, "supply": [{"l": "Nuts", "v": 0.7877014937015463}, {"l": "Infant food", "v": 0.0339601332684}]}, {"source": 10, "prod": 14295.0, "target": 11, "value": 48.317574850988343, "supply": [{"l": "Maize", "v": 1.6079396981316858}, {"l": "Rye", "v": 1.8713448436441251}, {"l": "Barley", "v": 0.32569524363012936}, {"l": "Rice", "v": 3.6078796473890082}, {"l": "Cereals, Other", "v": 0.81989870244569385}, {"l": "Wheat", "v": 37.070590694176552}, {"l": "Oats", "v": 0.030321547561071433}, {"l": "Sorghum", "v": 2.7206180475471951}, {"l": "Millet", "v": 0.26328642646287642}]}, {"source": 16, "prod": 869.0, "target": 11, "value": 8.868829203987044, "supply": [{"l": "Maize Germ Oil", "v": 0.22542502255748278}, {"l": "Groundnut Oil", "v": 0.031837624939125002}, {"l": "Soyabean Oil", "v": 1.5449683705502233}, {"l": "Palm Oil", "v": 0.88566483921565919}, {"l": "Sunflowerseed Oil", "v": 1.9320890105914716}, {"l": "Olive Oil", "v": 1.7783383687970451}, {"l": "Coconut Oil", "v": 0.29608991193386253}, {"l": "Rape and Mustard Oil", "v": 0.0099882744907058823}, {"l": "Oilcrops Oil, Other", "v": 0.56128553596383346}, {"l": "Sesameseed Oil", "v": 0.16401200726215912}, {"l": "Cottonseed Oil", "v": 1.4391302376854753}]}, {"source": 17, "prod": 47.0, "target": 11, "value": 0.16715250826289951, "supply": [{"l": "Pimento", "v": 0.033353702317178574}, {"l": "Pepper", "v": 0.0034866666600000002}, {"l": "Spices, Other", "v": 0.13031213928572094}]}, {"source": 18, "prod": 190.0, "target": 11, "value": 0.16648181462542969, "supply": [{"l": "Cocoa Beans", "v": 0.0679202665368}, {"l": "Coffee", "v": 0.03288393186200704}, {"l": "Tea", "v": 0.065677616226622645}]}, {"source": 19, "prod": 313.0, "target": 11, "value": 0.52491465249428149, "supply": [{"l": "Eggs", "v": 0.52491465249428149}]}, {"source": 9, "prod": 7695.0, "target": 11, "value": 4.8567497199095042, "supply": [{"l": "Grapes", "v": 2.0667917359464756}, {"l": "Dates", "v": 0.75536094196944448}, {"l": "Pineapples", "v": 0.00075355325299704152}, {"l": "Lemons, Limes", "v": 0.065532444666365625}, {"l": "Bananas", "v": 0.16371565952769629}, {"l": "Citrus, Other", "v": 0.03281423920106135}, {"l": "Fruits, Other", "v": 0.85313361818858924}, {"l": "Grapefruit", "v": 0.03276045464750544}, {"l": "Oranges, Mandarines", "v": 0.36090173564776756}, {"l": "Apples", "v": 0.52498533686160165}]}, {"source": 20, "prod": 1650.0, "target": 11, "value": 3.4133858104379384, "supply": [{"l": "Mutton & Goat Meat", "v": 1.508659733932699}, {"l": "Pigmeat", "v": 0.066707404634357148}, {"l": "Meat, Other", "v": 0.099050388699500017}, {"l": "Poultry Meat", "v": 0.81999275761391222}, {"l": "Offals, Edible", "v": 0.23032769812419615}, {"l": "Bovine Meat", "v": 0.68864782743327391}]}, {"source": 2, "prod": 3039.727272727273, "target": 21, "value": 10.794987234382281, "supply": [{"l": "Sunflower seed", "v": 1.6434278778100717}, {"l": "Olives", "v": 2.5791924318915704}, {"l": "Coconuts - Incl Copra", "v": 0.049525194349750008}, {"l": "Soyabeans", "v": 1.314481200032948}, {"l": "Sesame seed", "v": 0.26091321901331704}, {"l": "Cottonseed", "v": 3.6067480823894478}, {"l": "Rape and Mustardseed", "v": 0.027289392804964292}, {"l": "Groundnuts", "v": 0.025901796560644067}, {"l": "Oilcrops, Other", "v": 0.078836023658785725}, {"l": "Oil Palm", "v": 1.208672015870782}]}, {"source": 4, "prod": 10090.0, "target": 21, "value": 11.6289979555426, "supply": [{"l": "Sugar beet", "v": 11.57805775564}, {"l": "Sugar cane", "v": 0.050940199902600007}]}, {"source": 14, "prod": 14.0, "target": 21, "value": 0.016062225194513512, "supply": [{"l": "Wine", "v": 0.016062225194513512}]}, {"source": 9, "prod": 355.0, "target": 21, "value": 0.24959910605587324, "supply": [{"l": "Apples", "v": 0.0018469141138490821}, {"l": "Fruits, Other", "v": 0.044473589759354309}, {"l": "Grapes", "v": 0.20327860218266985}]}, {"source": 16, "prod": 1.0, "target": 21, "value": 0.010022955999354169, "supply": [{"l": "Oilcrops Oil, Other", "v": 0.010022955999354169}]}, {"source": 10, "prod": 58.0, "target": 21, "value": 0.21216934309473726, "supply": [{"l": "Barley", "v": 0.20127234156918106}, {"l": "Sorghum", "v": 0.010897001525556187}]}, {"source": 0, "prod": 52.0, "target": 22, "value": 0.034431609189643608, "supply": [{"l": "Milk - Excluding Butter", "v": 0.034431609189643608}]}, {"source": 20, "prod": 13.0, "target": 22, "value": 0.028918219993556725, "supply": [{"l": "Pigmeat", "v": 0.0090964642683214296}, {"l": "Poultry Meat", "v": 0.0059205253257322175}, {"l": "Bovine Meat", "v": 0.011143168728693753}, {"l": "Mutton & Goat Meat", "v": 0.0027580616708093222}]}, {"source": 12, "prod": 99.0, "target": 22, "value": 0.35021387433037504, "supply": [{"l": "Sugar", "v": 0.35021387433037504}]}, {"source": 3, "prod": 34.0, "target": 22, "value": 0.00767578198209601, "supply": [{"l": "Tomatoes", "v": 0.0061957444783226345}, {"l": "Vegetables, Other", "v": 0.0014800375037733757}]}, {"source": 14, "prod": 41.0, "target": 22, "value": 0.070901602814896394, "supply": [{"l": "Beer", "v": 0.0028375779803141714}, {"l": "Beverages, Alcoholic", "v": 0.039381479844379522}, {"l": "Alcohol, Non-Food", "v": 0.028682544990202702}]}, {"source": 5, "prod": 45.0, "target": 22, "value": 0.4047365089263017, "supply": [{"l": "Butter, Ghee", "v": 0.0085349541283015889}, {"l": "Fats, Animals, Raw", "v": 0.39620155479800012}]}, {"source": 6, "prod": 6.0, "target": 22, "value": 0.0049097167759030247, "supply": [{"l": "Potatoes", "v": 0.0049097167759030247}]}, {"source": 7, "prod": 2.0, "target": 22, "value": 0.0080241168545762201, "supply": [{"l": "Pulses, Other", "v": 0.0080241168545762201}]}, {"source": 8, "prod": 108.0, "target": 22, "value": 0.095224982768911531, "supply": [{"l": "Pelagic Fish", "v": 0.035562026347098111}, {"l": "Fish, Seafood", "v": 0.045948287217267271}, {"l": "Demersal Fish", "v": 0.0071838743452384626}, {"l": "Marine Fish, Other", "v": 0.0065307948593076922}]}, {"source": 9, "prod": 92.0, "target": 22, "value": 0.087860128619122901, "supply": [{"l": "Dates", "v": 0.038039759667525978}, {"l": "Grapes", "v": 0.034761396655772533}, {"l": "Fruits, Other", "v": 0.0059659693579621623}, {"l": "Bananas", "v": 0.0079684613044453938}, {"l": "Apples", "v": 0.00046172852846227053}, {"l": "Oranges, Mandarines", "v": 0.00066281310495457763}]}, {"source": 10, "prod": 2043.0, "target": 22, "value": 6.7992290733592728, "supply": [{"l": "Maize", "v": 0.37974746062258968}, {"l": "Barley", "v": 0.36229021482452595}, {"l": "Sorghum", "v": 0.21794003051112376}, {"l": "Rice", "v": 0.10151126792184785}, {"l": "Wheat", "v": 5.7377400994791854}]}, {"source": 16, "prod": 129.0, "target": 22, "value": 1.3264385177529372, "supply": [{"l": "Olive Oil", "v": 0.23642648833717941}, {"l": "Rape and Mustard Oil", "v": 0.029964823472117645}, {"l": "Cottonseed Oil", "v": 0.0714461820127541}, {"l": "Oilcrops Oil, Other", "v": 0.22050503198579172}, {"l": "Palm Oil", "v": 0.61475559427910453}, {"l": "Sunflowerseed Oil", "v": 0.15334039766598978}]}, {"source": 17, "prod": 2.0, "target": 22, "value": 0.0078977054112558138, "supply": [{"l": "Spices, Other", "v": 0.0078977054112558138}]}, {"source": 18, "prod": 7.0, "target": 22, "value": 0.0037377505169622648, "supply": [{"l": "Tea", "v": 0.0037377505169622648}]}, {"source": 2, "prod": 18.0, "target": 22, "value": 0.10722857845834997, "supply": [{"l": "Coconuts - Incl Copra", "v": 0.0017687569410625001}, {"l": "Sesame seed", "v": 0.014495178834073171}, {"l": "Oilcrops, Other", "v": 0.090964642683214303}]}, {"source": 6, "prod": 337.0, "target": 6, "value": 0.27594689929117178, "supply": [{"l": "Roots, Other", "v": 0.0010027598406023622}, {"l": "Potatoes", "v": 0.27494413945056939}]}, {"source": 10, "prod": 2672.0, "target": 10, "value": 9.193557934292576, "supply": [{"l": "Maize", "v": 0.11289789369860775}, {"l": "Wheat", "v": 5.9444168440573382}, {"l": "Oats", "v": 0.29715116609850006}, {"l": "Rye", "v": 0.30068867998062498}, {"l": "Millet", "v": 0.011447235933168541}, {"l": "Barley", "v": 2.2652287169331471}, {"l": "Rice", "v": 0.046525997797513589}, {"l": "Sorghum", "v": 0.098073013730005681}, {"l": "Cereals, Other", "v": 0.11712838606367057}]}, {"source": 19, "prod": 28.0, "target": 19, "value": 0.046957221309392595, "supply": [{"l": "Eggs", "v": 0.046957221309392595}]}, {"source": 7, "prod": 76.0, "target": 7, "value": 0.30712522962956468, "supply": [{"l": "Peas", "v": 0.0070750277642500003}, {"l": "Beans", "v": 0.043278462518875613}, {"l": "Pulses, Other", "v": 0.25677173934643904}]}, {"source": 2, "prod": 66.0, "target": 2, "value": 0.29086041294042264, "supply": [{"l": "Sunflower seed", "v": 0.033353702317178574}, {"l": "Soyabeans", "v": 0.003832306705635417}, {"l": "Sesame seed", "v": 0.0072475894170365854}, {"l": "Cottonseed", "v": 0.22741160670803576}, {"l": "Groundnuts", "v": 0.012950898280322034}, {"l": "Oilcrops, Other", "v": 0.0060643095122142861}]}, {"source": 0, "prod": 601.0, "target": 23, "value": 0.39794994467261174, "supply": [{"l": "Milk - Excluding Butter", "v": 0.39794994467261174}]}, {"source": 2, "prod": 63.0, "target": 23, "value": 0.2537396299678174, "supply": [{"l": "Olives", "v": 0.010420979522794225}, {"l": "Cottonseed", "v": 0.10460933908569645}, {"l": "Sunflower seed", "v": 0.051546630853821433}, {"l": "Sesame seed", "v": 0.014495178834073171}, {"l": "Soyabeans", "v": 0.053652293878895835}, {"l": "Groundnuts", "v": 0.012950898280322034}, {"l": "Oilcrops, Other", "v": 0.0060643095122142861}]}, {"source": 13, "prod": 21.0, "target": 23, "value": 0.068354261850134185, "supply": [{"l": "Treenuts", "v": 0.068354261850134185}]}, {"source": 19, "prod": 20.0, "target": 23, "value": 0.033540872363851858, "supply": [{"l": "Eggs", "v": 0.033540872363851858}]}, {"source": 5, "prod": 1.0, "target": 23, "value": 0.0085349541283015889, "supply": [{"l": "Butter, Ghee", "v": 0.0085349541283015889}]}, {"source": 6, "prod": 314.0, "target": 23, "value": 0.25694184460559166, "supply": [{"l": "Potatoes", "v": 0.25694184460559166}]}, {"source": 7, "prod": 30.0, "target": 23, "value": 0.1199734890998735, "supply": [{"l": "Beans", "v": 0.019672028417670736}, {"l": "Pulses, Other", "v": 0.10030146068220276}]}, {"source": 12, "prod": 23.0, "target": 23, "value": 0.08136281928887501, "supply": [{"l": "Sugar", "v": 0.08136281928887501}]}, {"source": 15, "prod": 22.0, "target": 23, "value": 0.071609226700140582, "supply": [{"l": "Nuts", "v": 0.071609226700140582}]}, {"source": 10, "prod": 1982.0, "target": 23, "value": 6.6971265210010671, "supply": [{"l": "Maize", "v": 0.23948038057280432}, {"l": "Oats", "v": 0.097028952195428578}, {"l": "Rye", "v": 0.10612541646375}, {"l": "Barley", "v": 0.86730081730719844}, {"l": "Rice", "v": 0.097281631758437501}, {"l": "Sorghum", "v": 0.15619035519963867}, {"l": "Cereals, Other", "v": 0.039042795354556854}, {"l": "Wheat", "v": 5.0717817002829158}, {"l": "Millet", "v": 0.022894471866337082}]}, {"source": 16, "prod": 1.0, "target": 23, "value": 0.010022955999354169, "supply": [{"l": "Oilcrops Oil, Other", "v": 0.010022955999354169}]}, {"source": 3, "prod": 2550.0, "target": 23, "value": 0.64832589353860159, "supply": [{"l": "Tomatoes", "v": 0.11307233672938807}, {"l": "Vegetables, Other", "v": 0.46941856161345569}, {"l": "Onions", "v": 0.065834995195757889}]}, {"source": 9, "prod": 841.0, "target": 23, "value": 0.51912372886638236, "supply": [{"l": "Grapes", "v": 0.27053434788622971}, {"l": "Dates", "v": 0.036228342540500932}, {"l": "Citrus, Other", "v": 0.00026043046984969325}, {"l": "Grapefruit", "v": 0.00092282970838043483}, {"l": "Lemons, Limes", "v": 0.0084900333171}, {"l": "Bananas", "v": 0.008692866877576793}, {"l": "Apples", "v": 0.042017296090066623}, {"l": "Oranges, Mandarines", "v": 0.036454720772501774}, {"l": "Fruits, Other", "v": 0.1155228612041764}]}, {"source": 20, "prod": 7.0, "target": 23, "value": 0.012899095998650915, "supply": [{"l": "Mutton & Goat Meat", "v": 0.0027580616708093222}, {"l": "Offals, Edible", "v": 0.00710887957173445}, {"l": "Pigmeat", "v": 0.0030321547561071431}]}, {"source": 24, "prod": 19.0, "target": 15, "value": 0.082784606018495854, "supply": [{"l": "Infant food", "v": 0.0339601332684}, {"l": "Nuts", "v": 0.048824472750095847}]}, {"source": 24, "prod": 1509.0, "target": 1, "value": 1.4021335042932046, "supply": [{"l": "Pigmeat", "v": 0.0060643095122142861}, {"l": "Meat, Other", "v": 0.0088437847053125015}, {"l": "Crustaceans", "v": 0.0076580478695445443}, {"l": "Eggs", "v": 0.087206268146014829}, {"l": "Pelagic Fish", "v": 0.073046324388633954}, {"l": "Marine Fish, Other", "v": 0.014150055528500001}, {"l": "Mutton & Goat Meat", "v": 0.11583859017399152}, {"l": "Poultry Meat", "v": 0.19093694175486406}, {"l": "Milk - Excluding Butter", "v": 0.66876779387577012}, {"l": "Fish, Seafood", "v": 0.087642103395898674}, {"l": "Offals, Edible", "v": 0.0085306554860813417}, {"l": "Demersal Fish", "v": 0.0019592384577923078}, {"l": "Bovine Meat", "v": 0.13148939099858625}]}, {"source": 24, "prod": 5461.0, "target": 10, "value": 19.196094094383476, "supply": [{"l": "Maize", "v": 1.9466333792275092}, {"l": "Rye", "v": 0.02122508329275}, {"l": "Barley", "v": 1.7346016346143969}, {"l": "Rice", "v": 3.0580269461456662}, {"l": "Cereals, Other", "v": 0.19166463174055184}, {"l": "Wheat", "v": 9.0347262629878085}, {"l": "Oats", "v": 0.018192928536642859}, {"l": "Sorghum", "v": 3.1528657747275899}, {"l": "Millet", "v": 0.038157453110561797}]}, {"source": 24, "prod": 97.0, "target": 7, "value": 0.39161141483387685, "supply": [{"l": "Peas", "v": 0.0070750277642500003}, {"l": "Beans", "v": 0.031475245468273176}, {"l": "Pulses, Other", "v": 0.35306114160135366}]}, {"source": 24, "prod": 1355.0, "target": 21, "value": 7.4730567689343657, "supply": [{"l": "Sugar", "v": 3.0776370774487503}, {"l": "Maize Germ Oil", "v": 0.11271251127874139}, {"l": "Beer", "v": 0.0079452183448796808}, {"l": "Groundnut Oil", "v": 0.02122508329275}, {"l": "Beverages, Alcoholic", "v": 0.064442421563530125}, {"l": "Fats, Animals, Raw", "v": 0.38719697400713649}, {"l": "Soyabean Oil", "v": 0.97199996822696166}, {"l": "Butter, Ghee", "v": 0.20483889907923811}, {"l": "Palm Oil", "v": 0.90650401190308627}, {"l": "Sunflowerseed Oil", "v": 0.28623540897651428}, {"l": "Olive Oil", "v": 0.15419118804598655}, {"l": "Coconut Oil", "v": 0.25788476200691252}, {"l": "Rape and Mustard Oil", "v": 0.019976548981411765}, {"l": "Oilcrops Oil, Other", "v": 0.78179056794962509}, {"l": "Wine", "v": 0.0011473017996081081}, {"l": "Sweeteners, Other", "v": 0.0679202665368}, {"l": "Sesameseed Oil", "v": 0.0096477651330681823}, {"l": "Honey", "v": 0.0070750277642500003}, {"l": "Cottonseed Oil", "v": 0.13268576659511475}]}, {"source": 24, "prod": 15.0, "target": 13, "value": 0.048824472750095847, "supply": [{"l": "Treenuts", "v": 0.048824472750095847}]}, {"source": 24, "prod": 516.0, "target": 3, "value": 0.14021272492787984, "supply": [{"l": "Tomatoes", "v": 0.042485104994212347}, {"l": "Vegetables, Other", "v": 0.0614215564065951}, {"l": "Onions", "v": 0.036306063527072371}]}, {"source": 24, "prod": 141.0, "target": 18, "value": 0.14537969354787553, "supply": [{"l": "Cocoa Beans", "v": 0.07358028874820001}, {"l": "Coffee", "v": 0.032286042191788732}, {"l": "Tea", "v": 0.039513362607886793}]}, {"source": 24, "prod": 1005.0, "target": 9, "value": 0.52583623785064781, "supply": [{"l": "Grapes", "v": 0.042318222015723085}, {"l": "Dates", "v": 0.074268102208026918}, {"l": "Pineapples", "v": 0.00075355325299704152}, {"l": "Lemons, Limes", "v": 0.0058368979055062505}, {"l": "Bananas", "v": 0.086928668775767937}, {"l": "Citrus, Other", "v": 0.023699172756322086}, {"l": "Fruits, Other", "v": 0.14643742969543488}, {"l": "Grapefruit", "v": 0.00092282970838043483}, {"l": "Oranges, Mandarines", "v": 0.099421965743186666}, {"l": "Apples", "v": 0.04524939578930251}]}, {"source": 24, "prod": 2.0, "target": 4, "value": 0.0023244444400000001, "supply": [{"l": "Sugar beet", "v": 0.0023244444400000001}]}, {"source": 24, "prod": 594.0, "target": 2, "value": 2.293277351095214, "supply": [{"l": "Olives", "v": 0.028657693687684116}, {"l": "Sunflower seed", "v": 0.045482321341607151}, {"l": "Coconuts - Incl Copra", "v": 0.088437847053125018}, {"l": "Sesame seed", "v": 0.21742768251109756}, {"l": "Cottonseed", "v": 0.045482321341607151}, {"l": "Groundnuts", "v": 0.038852694840966102}, {"l": "Oilcrops, Other", "v": 0.054578785609928585}, {"l": "Soyabeans", "v": 1.7743580047091982}]}, {"source": 24, "prod": 23.0, "target": 17, "value": 0.079677090286930236, "supply": [{"l": "Pepper", "v": 0.0046488888800000003}, {"l": "Spices, Other", "v": 0.075028201406930228}]}, {"source": 24, "prod": 148.0, "target": 6, "value": 0.12387345280821913, "supply": [{"l": "Roots, Other", "v": 0.015041397609035431}, {"l": "Potatoes", "v": 0.10883205519918369}]}, {"source": 0, "prod": 25.0, "target": 25, "value": 0.016553658264251737, "supply": [{"l": "Milk - Excluding Butter", "v": 0.016553658264251737}]}, {"source": 17, "prod": 8.0, "target": 25, "value": 0.031590821645023255, "supply": [{"l": "Spices, Other", "v": 0.031590821645023255}]}, {"source": 2, "prod": 26.0, "target": 25, "value": 0.12613662474198561, "supply": [{"l": "Olives", "v": 0.010420979522794225}, {"l": "Coconuts - Incl Copra", "v": 0.0088437847053125015}, {"l": "Sesame seed", "v": 0.0072475894170365854}, {"l": "Groundnuts", "v": 0.064754491401610173}, {"l": "Oilcrops, Other", "v": 0.030321547561071433}, {"l": "Cottonseed", "v": 0.0045482321341607148}]}, {"source": 13, "prod": 282.0, "target": 25, "value": 0.91790008770180198, "supply": [{"l": "Treenuts", "v": 0.91790008770180198}]}, {"source": 7, "prod": 86.0, "target": 25, "value": 0.34495937200302351, "supply": [{"l": "Beans", "v": 0.003934405683534147}, {"l": "Pulses, Other", "v": 0.34102496631948936}]}, {"source": 3, "prod": 557.0, "target": 25, "value": 0.14355416402706592, "supply": [{"l": "Tomatoes", "v": 0.055982976893415227}, {"l": "Vegetables, Other", "v": 0.061914902241186225}, {"l": "Onions", "v": 0.025656284892464475}]}, {"source": 14, "prod": 52.0, "target": 25, "value": 0.08224866228597702, "supply": [{"l": "Beer", "v": 0.0017025467881885028}, {"l": "Beverages, Alcoholic", "v": 0.035801345313072296}, {"l": "Wine", "v": 0.044744770184716218}]}, {"source": 15, "prod": 283.0, "target": 25, "value": 0.92115505255180841, "supply": [{"l": "Nuts", "v": 0.92115505255180841}]}, {"source": 6, "prod": 209.0, "target": 25, "value": 0.1710218010272887, "supply": [{"l": "Potatoes", "v": 0.1710218010272887}]}, {"source": 8, "prod": 47.0, "target": 25, "value": 0.040127816229590295, "supply": [{"l": "Crustaceans", "v": 0.0076580478695445443}, {"l": "Freshwater Fish", "v": 0.001286368684409091}, {"l": "Fish, Seafood", "v": 0.019570566777724945}, {"l": "Cephalopods", "v": 0.0068071536618173724}, {"l": "Pelagic Fish", "v": 0.0048056792360943405}]}, {"source": 12, "prod": 11.0, "target": 25, "value": 0.038205149926949997, "supply": [{"l": "Sugar", "v": 0.031837624939125002}, {"l": "Sweeteners, Other", "v": 0.0028300111056999999}, {"l": "Honey", "v": 0.0035375138821250002}]}, {"source": 9, "prod": 2846.0, "target": 25, "value": 1.5979135708160099, "supply": [{"l": "Citrus, Other", "v": 0.0015625828190981598}, {"l": "Grapefruit", "v": 0.085361748025190226}, {"l": "Grapes", "v": 0.35894920459765117}, {"l": "Dates", "v": 0.53980230385346384}, {"l": "Apples", "v": 0.049866681073925223}, {"l": "Lemons, Limes", "v": 0.044837988455934383}, {"l": "Bananas", "v": 0.0079684613044453938}, {"l": "Fruits, Other", "v": 0.10955689184621427}, {"l": "Oranges, Mandarines", "v": 0.40000770884008757}]}, {"source": 10, "prod": 398.0, "target": 25, "value": 1.4616967773299601, "supply": [{"l": "Maize", "v": 0.051317224408458068}, {"l": "Barley", "v": 1.1527415926234916}, {"l": "Rice", "v": 0.14803726571936143}, {"l": "Cereals, Other", "v": 0.010648035096697326}, {"l": "Wheat", "v": 0.095136914170895592}, {"l": "Millet", "v": 0.0038157453110561797}]}, {"source": 16, "prod": 24.0, "target": 25, "value": 0.24513436557480497, "supply": [{"l": "Soyabean Oil", "v": 0.06138947167749232}, {"l": "Palm Oil", "v": 0.010419586343713635}, {"l": "Olive Oil", "v": 0.05139706268199553}, {"l": "Oilcrops Oil, Other", "v": 0.030068867998062503}, {"l": "Cottonseed Oil", "v": 0.091859376873540982}]}, {"source": 5, "prod": 2.0, "target": 25, "value": 0.017069908256603178, "supply": [{"l": "Butter, Ghee", "v": 0.017069908256603178}]}, {"source": 18, "prod": 6.0, "target": 25, "value": 0.0085216199411870044, "supply": [{"l": "Coffee", "v": 0.0017936690106549298}, {"l": "Cocoa Beans", "v": 0.0056600222113999997}, {"l": "Tea", "v": 0.0010679287191320756}]}, {"source": 19, "prod": 8.0, "target": 25, "value": 0.013416348945540741, "supply": [{"l": "Eggs", "v": 0.013416348945540741}]}, {"source": 20, "prod": 20.0, "target": 25, "value": 0.038183908787995352, "supply": [{"l": "Meat, Other", "v": 0.0088437847053125015}, {"l": "Mutton & Goat Meat", "v": 0.013790308354046609}, {"l": "Poultry Meat", "v": 0.013321181982897492}, {"l": "Bovine Meat", "v": 0.0022286337457387505}]}, {"source": 26, "prod": 7.0, "target": 2, "value": 0.029529612833104422, "supply": [{"l": "Soyabeans", "v": 0.011496920116906253}, {"l": "Coconuts - Incl Copra", "v": 0.0035375138821250002}, {"l": "Sesame seed", "v": 0.014495178834073171}]}, {"source": 3, "prod": 23.0, "target": 27, "value": 0.0052417395084692602, "supply": [{"l": "Tomatoes", "v": 0.0037617020046958848}, {"l": "Vegetables, Other", "v": 0.0014800375037733757}]}, {"source": 10, "prod": 2798.0, "target": 27, "value": 9.3068116007492279, "supply": [{"l": "Rice", "v": 0.26223744213144029}, {"l": "Sorghum", "v": 0.36323338418520629}, {"l": "Wheat", "v": 8.3556455308024518}, {"l": "Barley", "v": 0.32569524363012936}]}, {"source": 6, "prod": 1.0, "target": 27, "value": 0.00081828612931717079, "supply": [{"l": "Potatoes", "v": 0.00081828612931717079}]}, {"source": 26, "prod": 164.0, "target": 1, "value": 0.13552615980387536, "supply": [{"l": "Bovine Meat", "v": 0.026743604948865005}, {"l": "Milk - Excluding Butter", "v": 0.092038339949239656}, {"l": "Fish, Seafood", "v": 0.0025526826231815148}, {"l": "Cephalopods", "v": 0.0025526826231815148}, {"l": "Poultry Meat", "v": 0.0088807879885983276}, {"l": "Mutton & Goat Meat", "v": 0.0027580616708093222}]}, {"source": 26, "prod": 46.0, "target": 15, "value": 0.14972838310029393, "supply": [{"l": "Nuts", "v": 0.14972838310029393}]}, {"source": 26, "prod": 4.0, "target": 3, "value": 0.0019363233881105266, "supply": [{"l": "Onions", "v": 0.0019363233881105266}]}, {"source": 16, "prod": 63.0, "target": 27, "value": 0.64538849595906012, "supply": [{"l": "Olive Oil", "v": 0.31866178862837224}, {"l": "Oilcrops Oil, Other", "v": 0.020045911998708338}, {"l": "Sunflowerseed Oil", "v": 0.30668079533197956}]}, {"source": 2, "prod": 8.0, "target": 27, "value": 0.026655150558513065, "supply": [{"l": "Olives", "v": 0.015631469284191336}, {"l": "Cottonseed", "v": 0.0045482321341607148}, {"l": "Groundnuts", "v": 0.0064754491401610168}]}, {"source": 18, "prod": 2.0, "target": 27, "value": 0.0061939865709660378, "supply": [{"l": "Cocoa Beans", "v": 0.0056600222113999997}, {"l": "Tea", "v": 0.0005339643595660378}]}, {"source": 26, "prod": 3.0, "target": 7, "value": 0.011958522538110368, "supply": [{"l": "Beans", "v": 0.003934405683534147}, {"l": "Pulses, Other", "v": 0.0080241168545762201}]}, {"source": 5, "prod": 26.0, "target": 27, "value": 0.23411910056245461, "supply": [{"l": "Fats, Animals, Raw", "v": 0.23411910056245461}]}, {"source": 26, "prod": 194.0, "target": 21, "value": 1.1318450885754778, "supply": [{"l": "Maize Germ Oil", "v": 0.010246591934431035}, {"l": "Sugar", "v": 0.43511420750137503}, {"l": "Palm Oil", "v": 0.604336007935391}, {"l": "Wine", "v": 0.0034419053988243241}, {"l": "Soyabean Oil", "v": 0.040926314451661547}, {"l": "Cottonseed Oil", "v": 0.03061979229118033}, {"l": "Beverages, Alcoholic", "v": 0.0071602690626144582}]}, {"source": 26, "prod": 85.0, "target": 9, "value": 0.15397045579712898, "supply": [{"l": "Dates", "v": 0.15397045579712898}]}, {"source": 9, "prod": 11.0, "target": 27, "value": 0.0061792910432333838, "supply": [{"l": "Fruits, Other", "v": 0.0054236085072383285}, {"l": "Grapes", "v": 0.00075568253599505512}]}, {"source": 26, "prod": 46.0, "target": 13, "value": 0.14972838310029393, "supply": [{"l": "Treenuts", "v": 0.14972838310029393}]}, {"source": 26, "prod": 13.0, "target": 10, "value": 0.044869524837822625, "supply": [{"l": "Maize", "v": 0.041053779526766448}, {"l": "Millet", "v": 0.0038157453110561797}]}, {"source": 1, "prod": 11448.0, "target": 0, "value": 7.5802511923661555, "supply": [{"l": "Milk - Excluding Butter", "v": 7.5802511923661555}]}, {"source": 1, "prod": 341.0, "target": 19, "value": 0.5718718738036741, "supply": [{"l": "Eggs", "v": 0.61882909511306672}]}, {"source": 1, "prod": 1690.0, "target": 20, "value": 3.4933870352181411, "supply": [{"l": "Pigmeat", "v": 0.078836023658785725}, {"l": "Bovine Meat", "v": 0.7020196299077065}, {"l": "Poultry Meat", "v": 0.83923446492254183}, {"l": "Offals, Edible", "v": 0.2374365776959306}, {"l": "Meat, Other", "v": 0.10789417340481251}, {"l": "Mutton & Goat Meat", "v": 1.5279661656283645}]}, {"source": 1, "prod": 952.0, "target": 8, "value": 0.82838055110018127, "supply": [{"l": "Pelagic Fish", "v": 0.28641848247122259}, {"l": "Crustaceans", "v": 0.017017884154543431}, {"l": "Freshwater Fish", "v": 0.034088770136840911}, {"l": "Marine Fish, Other", "v": 0.039184769155846157}, {"l": "Fish, Seafood", "v": 0.40417474867040654}, {"l": "Demersal Fish", "v": 0.039837848641776925}, {"l": "Cephalopods", "v": 0.0076580478695445443}]}, {"source": 21, "prod": 2185.0, "target": 12, "value": 7.7124877658089259, "supply": [{"l": "Honey", "v": 0.10258790258162502}, {"l": "Sweeteners, Other", "v": 0.0679202665368}, {"l": "Sugar", "v": 7.541979596690501}]}, {"source": 21, "prod": 1087.0, "target": 16, "value": 11.105836495272552, "supply": [{"l": "Olive Oil", "v": 2.3848237084445927}, {"l": "Sesameseed Oil", "v": 0.16401200726215912}, {"l": "Soyabean Oil", "v": 1.6063578422277156}, {"l": "Coconut Oil", "v": 0.29608991193386253}, {"l": "Cottonseed Oil", "v": 1.6024357965717704}, {"l": "Rape and Mustard Oil", "v": 0.039953097962823529}, {"l": "Maize Germ Oil", "v": 0.22542502255748278}, {"l": "Groundnut Oil", "v": 0.031837624939125002}, {"l": "Palm Oil", "v": 1.5108400198384773}, {"l": "Oilcrops Oil, Other", "v": 0.85195125994510446}, {"l": "Sunflowerseed Oil", "v": 2.392110203589441}]}, {"source": 21, "prod": 508.0, "target": 14, "value": 0.61742359394239799, "supply": [{"l": "Beer", "v": 0.1685521320306618}, {"l": "Beverages, Alcoholic", "v": 0.30431143516111447}, {"l": "Alcohol, Non-Food", "v": 0.028682544990202702}, {"l": "Beverages, Fermented", "v": 0.021798734192554053}, {"l": "Wine", "v": 0.09407874756786487}]}, {"source": 21, "prod": 247.0, "target": 5, "value": 2.1534526426277303, "supply": [{"l": "Fats, Animals, Raw", "v": 0.86443975592290934}, {"l": "Fish, Body Oil", "v": 0.0087697674595826128}, {"l": "Butter, Ghee", "v": 1.2802431192452381}]}, {"source": 28, "prod": 0, "target": 2, "value": 0.0014202655353943196, "supply": "[{\"l\":'Energy for power irrigation',\"v\":0.0014202655353943196}]"}, {"source": 28, "prod": 0, "target": 13, "value": 0.00021565317371167333, "supply": "[{\"l\":'Energy for power irrigation',\"v\":0.00021565317371167333}]"}, {"source": 28, "prod": 0, "target": 3, "value": 0.0066590768833978348, "supply": "[{\"l\":'Energy for power irrigation',\"v\":0.0066590768833978348}]"}, {"source": 28, "prod": 0, "target": 4, "value": 0.004225964716695548, "supply": "[{\"l\":'Energy for power irrigation',\"v\":0.004225964716695548}]"}, {"source": 28, "prod": 0, "target": 6, "value": 0.0014605791648666341, "supply": "[{\"l\":'Energy for power irrigation',\"v\":0.0014605791648666341}]"}, {"source": 28, "prod": 0, "target": 7, "value": 0.00040031928945312564, "supply": "[{\"l\":'Energy for power irrigation',\"v\":0.00040031928945312564}]"}, {"source": 28, "prod": 0, "target": 15, "value": 0.00021690940579154717, "supply": "[{\"l\":'Energy for power irrigation',\"v\":0.00021690940579154717}]"}, {"source": 28, "prod": 0, "target": 10, "value": 0.01296745564449756, "supply": "[{\"l\":'Energy for power irrigation',\"v\":0.01296745564449756}]"}, {"source": 28, "prod": 0, "target": 17, "value": 1.9262225224731988e-05, "supply": "[{\"l\":'Energy for power irrigation',\"v\":1.9262225224731988e-05}]"}, {"source": 28, "prod": 0, "target": 18, "value": 5.6321071581009835e-05, "supply": "[{\"l\":'Energy for power irrigation',\"v\":5.6321071581009835e-05}]"}, {"source": 28, "prod": 0, "target": 9, "value": 0.0047563040264156139, "supply": "[{\"l\":'Energy for power irrigation',\"v\":0.0047563040264156139}]"}, {"source": 28, "prod": 0, "target": 21, "value": 0.44300000035439996, "supply": "[{\"l\":'Electricity',\"v\":0.44300000035439996}]"}, {"source": 29, "prod": 0, "target": 28, "value": 0.8583159299673655, "supply": [{"l": "Coal", "v": 0.4549854034643987}, {"l": "Natural gas", "v": 0.11312058529326581}, {"l": "Oil", "v": 0.29020994120970095}]}, {"source": 30, "prod": 0, "target": 28, "value": 0.13865510618687929, "supply": [{"l": "Nuclear", "v": 0.032575786253152425}, {"l": "Hydroelectric", "v": 0.1045109760118773}, {"l": "Renewable", "v": 0.0015683439218495631}]}, {"source": 29, "prod": 0, "target": 2, "value": 0.90940814317085328, "supply": [{"l": "Motor Gasoline", "v": 0.0037761490083936529}, {"l": "Gas-Diesel oil", "v": 0.61001671904379229}, {"l": "Natural gas (including LNG)", "v": 0.25183256667608189}, {"l": "Fuel oil", "v": 0.032961238748532531}, {"l": "Liquefied petroleum gas (LPG)", "v": 0.0053758268802714757}, {"l": "Coal", "v": 0.005445642813781495}]}, {"source": 29, "prod": 0, "target": 13, "value": 0.1380845675591113, "supply": [{"l": "Motor Gasoline", "v": 0.0005733706111809494}, {"l": "Gas-Diesel oil", "v": 0.092624962164171737}, {"l": "Natural gas (including LNG)", "v": 0.038238266643973409}, {"l": "Fuel oil", "v": 0.0050048357637684417}, {"l": "Liquefied petroleum gas (LPG)", "v": 0.0008162657609889814}, {"l": "Coal", "v": 0.0008268666150277993}]}, {"source": 29, "prod": 0, "target": 3, "value": 4.2638637584636259, "supply": [{"l": "Motor Gasoline", "v": 0.017704905134572908}, {"l": "Gas-Diesel oil", "v": 2.8601329336227983}, {"l": "Natural gas (including LNG)", "v": 1.1807456996228876}, {"l": "Fuel oil", "v": 0.15454252569578183}, {"l": "Liquefied petroleum gas (LPG)", "v": 0.025205177211897623}, {"l": "Coal", "v": 0.025532517175688503}]}, {"source": 29, "prod": 0, "target": 4, "value": 2.7059212734107789, "supply": [{"l": "Motor Gasoline", "v": 0.011235837297161438}, {"l": "Gas-Diesel oil", "v": 1.8150895498268371}, {"l": "Natural gas (including LNG)", "v": 0.74932152809898955}, {"l": "Fuel oil", "v": 0.098075344714468174}, {"l": "Liquefied petroleum gas (LPG)", "v": 0.015995638951263689}, {"l": "Coal", "v": 0.016203374522059322}]}, {"source": 29, "prod": 0, "target": 6, "value": 0.93522130416734028, "supply": [{"l": "Motor Gasoline", "v": 0.0038833333821342748}, {"l": "Gas-Diesel oil", "v": 0.6273317825798661}, {"l": "Natural gas (including LNG)", "v": 0.25898072631879465}, {"l": "Fuel oil", "v": 0.033896829405872478}, {"l": "Liquefied petroleum gas (LPG)", "v": 0.0055284174258826545}, {"l": "Coal", "v": 0.0056002150547902214}]}, {"source": 29, "prod": 0, "target": 7, "value": 0.25632785744953479, "supply": [{"l": "Motor Gasoline", "v": 0.0010643539889106557}, {"l": "Gas-Diesel oil", "v": 0.17194070646397705}, {"l": "Natural gas (including LNG)", "v": 0.070982102741045786}, {"l": "Fuel oil", "v": 0.0092905300779856908}, {"l": "Liquefied petroleum gas (LPG)", "v": 0.0015152428495251772}, {"l": "Coal", "v": 0.0015349213280904392}]}, {"source": 29, "prod": 0, "target": 15, "value": 0.13888894368081486, "supply": [{"l": "Motor Gasoline", "v": 0.00057671063415870257}, {"l": "Gas-Diesel oil", "v": 0.093164525050564981}, {"l": "Natural gas (including LNG)", "v": 0.038461013828307238}, {"l": "Fuel oil", "v": 0.0050339901468583557}, {"l": "Liquefied petroleum gas (LPG)", "v": 0.00082102070716949982}, {"l": "Coal", "v": 0.00083168331375611663}]}, {"source": 29, "prod": 0, "target": 10, "value": 8.3031725162850076, "supply": [{"l": "Motor Gasoline", "v": 0.034477387187856409}, {"l": "Gas-Diesel oil", "v": 5.5696378947941518}, {"l": "Natural gas (including LNG)", "v": 2.2993078102859155}, {"l": "Fuel oil", "v": 0.30094611944562955}, {"l": "Liquefied petroleum gas (LPG)", "v": 0.049082931948400542}, {"l": "Coal", "v": 0.049720372623055099}]}, {"source": 29, "prod": 0, "target": 17, "value": 0.012333767199454601, "supply": [{"l": "Motor Gasoline", "v": 5.1213685658880915e-05}, {"l": "Gas-Diesel oil", "v": 0.0082732975913629124}, {"l": "Natural gas (including LNG)", "v": 0.003415456826451994}, {"l": "Fuel oil", "v": 0.00044703387404533654}, {"l": "Liquefied petroleum gas (LPG)", "v": 7.2909174767947851e-05}, {"l": "Coal", "v": 7.3856047167531591e-05}]}, {"source": 29, "prod": 0, "target": 18, "value": 0.036062862789709653, "supply": [{"l": "Motor Gasoline", "v": 0.00014974436350259748}, {"l": "Gas-Diesel oil", "v": 0.024190402739963299}, {"l": "Natural gas (including LNG)", "v": 0.0099864987642998525}, {"l": "Fuel oil", "v": 0.0013070881751977776}, {"l": "Liquefied petroleum gas (LPG)", "v": 0.00021318008709323883}, {"l": "Coal", "v": 0.0002159486596528913}]}, {"source": 29, "prod": 0, "target": 9, "value": 3.045502059456632, "supply": [{"l": "Motor Gasoline", "v": 0.012645883664269541}, {"l": "Gas-Diesel oil", "v": 2.0428750150325139}, {"l": "Natural gas (including LNG)", "v": 0.84335796441858624}, {"l": "Fuel oil", "v": 0.11038335344225988}, {"l": "Liquefied petroleum gas (LPG)", "v": 0.018003018730472511}, {"l": "Coal", "v": 0.018236824168530598}]}, {"source": 29, "prod": 0, "target": 1, "value": 0.85073111179169592, "supply": [{"l": "Gas-diesel oils used in fisheries", "v": 0.85073111179169592}]}, {"source": 31, "prod": 144.71641359180106, "target": 2, "value": 1.9241170688055071, "supply": [{"l": "Potash", "v": 0.51263847355825887}, {"l": "Phosphate", "v": 4.0240882948859369}, {"l": "Nitrogen", "v": 39.354895665743165}]}, {"source": 31, "prod": 21.973745825338469, "target": 13, "value": 0.29215800999177671, "supply": [{"l": "Potash", "v": 0.51263847355825887}, {"l": "Phosphate", "v": 4.0240882948859369}, {"l": "Nitrogen", "v": 39.354895665743165}]}, {"source": 31, "prod": 678.51940385911655, "target": 3, "value": 9.0214422405713179, "supply": [{"l": "Potash", "v": 0.51263847355825887}, {"l": "Phosphate", "v": 4.0240882948859369}, {"l": "Nitrogen", "v": 39.354895665743165}]}, {"source": 31, "prod": 430.60008324138994, "target": 4, "value": 5.7251624016252629, "supply": [{"l": "Potash", "v": 0.51263847355825887}, {"l": "Phosphate", "v": 4.0240882948859369}, {"l": "Nitrogen", "v": 39.354895665743165}]}, {"source": 31, "prod": 148.82412706559339, "target": 6, "value": 1.9787323084491597, "supply": [{"l": "Potash", "v": 0.51263847355825887}, {"l": "Phosphate", "v": 4.0240882948859369}, {"l": "Nitrogen", "v": 39.354895665743165}]}, {"source": 31, "prod": 40.790099046647725, "target": 7, "value": 0.5423360340818224, "supply": [{"l": "Potash", "v": 0.51263847355825887}, {"l": "Phosphate", "v": 4.0240882948859369}, {"l": "Nitrogen", "v": 39.354895665743165}]}, {"source": 31, "prod": 22.101748228204521, "target": 15, "value": 0.2938599013121172, "supply": [{"l": "Potash", "v": 0.51263847355825887}, {"l": "Phosphate", "v": 4.0240882948859369}, {"l": "Nitrogen", "v": 39.354895665743165}]}, {"source": 31, "prod": 1321.3048035847944, "target": 10, "value": 17.567773154214262, "supply": [{"l": "Potash", "v": 0.51263847355825887}, {"l": "Phosphate", "v": 4.0240882948859369}, {"l": "Nitrogen", "v": 39.354895665743165}]}, {"source": 31, "prod": 1.9627035106127566, "target": 17, "value": 0.026095666911886851, "supply": [{"l": "Potash", "v": 0.51263847355825887}, {"l": "Phosphate", "v": 4.0240882948859369}, {"l": "Nitrogen", "v": 39.354895665743165}]}, {"source": 31, "prod": 5.7387743951612125, "target": 18, "value": 0.076301460861930043, "supply": [{"l": "Potash", "v": 0.51263847355825887}, {"l": "Phosphate", "v": 4.0240882948859369}, {"l": "Nitrogen", "v": 39.354895665743165}]}, {"source": 31, "prod": 484.63843098467379, "target": 9, "value": 6.4436441873623211, "supply": [{"l": "Potash", "v": 0.51263847355825887}, {"l": "Phosphate", "v": 4.0240882948859369}, {"l": "Nitrogen", "v": 39.354895665743165}]}, {"source": 29, "prod": 0, "target": 31, "value": 52.061266096016737, "supply": [{"l": "Natural gas (including LNG)", "v": 35.514638340463904}, {"l": "Fuel oil", "v": 9.5898161564703202}, {"l": "Liquefied petroleum gas (LPG)", "v": 3.4784057995412572}, {"l": "Coal", "v": 3.4784057995412572}]}, {"source": 32, "prod": 0, "target": 6, "value": 0.38041508502323151, "supply": "[{\"l\":'Labor',\"v\":0.38041508502323151}]"}, {"source": 32, "prod": 0, "target": 2, "value": 0.3699152003526831, "supply": "[{\"l\":'Labor',\"v\":0.3699152003526831}]"}, {"source": 32, "prod": 0, "target": 13, "value": 0.056167938299014973, "supply": "[{\"l\":'Labor',\"v\":0.056167938299014973}]"}, {"source": 32, "prod": 0, "target": 3, "value": 1.7343895899030788, "supply": "[{\"l\":'Labor',\"v\":1.7343895899030788}]"}, {"source": 32, "prod": 0, "target": 4, "value": 1.100673462744969, "supply": "[{\"l\":'Labor',\"v\":1.100673462744969}]"}, {"source": 32, "prod": 0, "target": 7, "value": 0.10426514371622975, "supply": "[{\"l\":'Labor',\"v\":0.10426514371622975}]"}, {"source": 32, "prod": 0, "target": 10, "value": 3.3774381150965942, "supply": "[{\"l\":'Labor',\"v\":3.3774381150965942}]"}, {"source": 32, "prod": 0, "target": 9, "value": 1.2388029653774009, "supply": "[{\"l\":'Labor',\"v\":1.2388029653774009}]"}, {"source": 32, "prod": 0, "target": 17, "value": 0.0050169420616595897, "supply": "[{\"l\":'Labor',\"v\":0.0050169420616595897}]"}, {"source": 32, "prod": 0, "target": 18, "value": 0.014669102332461192, "supply": "[{\"l\":'Labor',\"v\":0.014669102332461192}]"}, {"source": 32, "prod": 0, "target": 15, "value": 0.056495130172601472, "supply": "[{\"l\":'Labor',\"v\":0.056495130172601472}]"}, {"source": 29, "prod": 0, "target": 24, "value": 47.783797065521178, "supply": "[{\"l\":'Fossil Fuels',\"v\":47.783797065521178}]"}, {"source": 30, "prod": 0, "target": 24, "value": 9.1857444081965287, "supply": "[{\"l\":'Renewables & Nuclear',\"v\":2.3703351290392654},{\"l\":'Biomass & Waste',\"v\":6.8154092791572634}]"}]}