{"nodes": [{"layer": 13, "name": "Animal Products", "fill": "#17becf"}, {"layer": 10, "name": "Feed", "fill": "#dbdb8d"}, {"layer": 5, "name": "Cereals", "fill": "#e7ba52"}, {"layer": 5, "name": "Oilcrops", "fill": "#ff9896"}, {"layer": 5, "name": "Starchy Roots"}, {"layer": 5, "name": "Fruits & Vegetables"}, {"layer": 13, "name": "Aquatic Products", "fill": "#1f77b4"}, {"layer": 13, "name": "Other Processed", "fill": "#9c9ede"}, {"layer": 16, "name": "Food", "fill": "#b5cf6b"}, {"layer": 5, "name": "Sugar Crops", "fill": "#ffbb78"}, {"layer": 13, "name": "Sugar", "fill": "#d6616b"}, {"layer": 5, "name": "Others"}, {"layer": 13, "name": "Vegetable Oils", "fill": "#f7b6d2"}, {"layer": 10, "name": "Processing", "fill": "#9edae5"}, {"layer": 16, "name": "Biofuels & Other", "fill": "#e7ba52"}, {"name": "Waste", "fill": "#c7c7c7"}, {"layer": 2, "name": "Import", "fill": "#aec7e8"}, {"layer": 16, "name": "Export", "fill": "#aec7e8"}, {"layer": 0, "name": "Stock Draw", "fill": "#c7c7c7"}, {"layer": 16, "name": "Stock Deposit", "fill": "#c7c7c7"}, {"name": "Crop Residue", "fill": "#bd9e39"}, {"layer": 2, "name": "Electricity", "fill": "#bcbd22"}, {"layer": 0, "name": "Fossil Fuels", "fill": "#c49c94"}, {"layer": 0, "name": "Renewables & Nuclear", "fill": "#2ca02c"}, {"layer": 2, "name": "Fertilizers", "fill": "#c5b0d5"}, {"layer": 0, "name": "Labor", "fill": "#7f7f7f"}], "links": [{"source": 0, "prod": 1422.0, "target": 1, "value": 0.91281661198183306, "supply": [{"l": "Milk - Excluding Butter", "v": 0.91281661198183306}]}, {"source": 2, "prod": 17435.0, "target": 1, "value": 62.407654225244642, "supply": [{"l": "Maize", "v": 8.1932272743070733}, {"l": "Oats", "v": 0.42171804837398363}, {"l": "Rye", "v": 0.16836774932645568}, {"l": "Sorghum", "v": 1.8580898217484521}, {"l": "Cereals, Other", "v": 0.054935509698882355}, {"l": "Wheat", "v": 11.724131307687387}, {"l": "Millet", "v": 0.069133128439242866}, {"l": "Barley", "v": 39.918051385663162}]}, {"source": 3, "prod": 118.0, "target": 1, "value": 0.51507697725616175, "supply": [{"l": "Soyabeans", "v": 0.25275671707396946}, {"l": "Cottonseed", "v": 0.22694512136094233}, {"l": "Oilcrops, Other", "v": 0.035375138821250006}]}, {"source": 4, "prod": 511.0, "target": 1, "value": 0.42461451066709299, "supply": [{"l": "Potatoes", "v": 0.035730770956330718}, {"l": "Sweet potatoes", "v": 0.00083094816177513298}, {"l": "Cassava", "v": 0.38805279154898714}]}, {"source": 5, "prod": 3092.0, "target": 1, "value": 2.0029648648077294, "supply": [{"l": "Dates", "v": 0.24955152362860034}, {"l": "Apples", "v": 0.014561276770633635}, {"l": "Tomatoes", "v": 0.16082923938320878}, {"l": "Vegetables, Other", "v": 0.47798190166569915}, {"l": "Oranges, Mandarines", "v": 0.0013994560412802198}, {"l": "Pulses, Other", "v": 1.0986414673183074}]}, {"source": 6, "prod": 366.0, "target": 1, "value": 0.33505433176808652, "supply": [{"l": "Fish, Seafood", "v": 0.15970915387206203}, {"l": "Pelagic Fish", "v": 0.1753451778960245}]}, {"source": 7, "prod": 750.0, "target": 8, "value": 2.4287573040802126, "supply": [{"l": "Beverages, Alcoholic", "v": 0.21546675463852277}, {"l": "Butter, Ghee", "v": 1.5452809244196539}, {"l": "Fats, Animals, Raw", "v": 0.39184769155846155}, {"l": "Wine", "v": 0.043393503620733326}, {"l": "Cream", "v": 0.0023260365252328768}, {"l": "Beer", "v": 0.21440566371864214}, {"l": "Beverages, Fermented", "v": 0.016036729598966667}]}, {"source": 0, "prod": 16557.0, "target": 8, "value": 15.310974202081214, "supply": [{"l": "Eggs", "v": 1.0287435492525077}, {"l": "Pigmeat", "v": 0.08755346858259376}, {"l": "Offals, Edible", "v": 0.29990256578459723}, {"l": "Milk - Excluding Butter", "v": 8.2750484845694867}, {"l": "Meat, Other", "v": 0.1295847190504737}, {"l": "Mutton & Goat Meat", "v": 1.8877991513343761}, {"l": "Bovine Meat", "v": 1.7155798242315916}, {"l": "Poultry Meat", "v": 1.8867624392755877}]}, {"source": 2, "prod": 21333.0, "target": 8, "value": 72.633121686295681, "supply": [{"l": "Maize", "v": 3.4305256573973173}, {"l": "Barley", "v": 0.64419989642907904}, {"l": "Cereals, Other", "v": 0.4703853017966802}, {"l": "Sorghum", "v": 1.5000763686177292}, {"l": "Rye", "v": 0.85616791678772142}, {"l": "Rice", "v": 6.8602882280888444}, {"l": "Wheat", "v": 58.739952391200283}, {"l": "Oats", "v": 0.0041754262215245898}, {"l": "Millet", "v": 0.12735049975650004}]}, {"source": 3, "prod": 403.0, "target": 8, "value": 1.3306850474081264, "supply": [{"l": "Sunflower seed", "v": 0.0424501665855}, {"l": "Coconuts - Incl Copra", "v": 0.086364132018775852}, {"l": "Sesame seed", "v": 0.26197817092765718}, {"l": "Cottonseed", "v": 0.056736280340235583}, {"l": "Olives", "v": 0.51403292628987274}, {"l": "Groundnuts", "v": 0.30334181539221877}, {"l": "Oilcrops, Other", "v": 0.0424501665855}, {"l": "Soyabeans", "v": 0.02333138926836641}]}, {"source": 9, "prod": 2.0, "target": 8, "value": 0.00073400864412968305, "supply": [{"l": "Sugar cane", "v": 0.00073400864412968305}]}, {"source": 10, "prod": 3014.0, "target": 8, "value": 9.5881752127014526, "supply": [{"l": "Sugar", "v": 9.3698130195844893}, {"l": "Sweeteners, Other", "v": 0.087827930866551718}, {"l": "Honey", "v": 0.13053426225041251}]}, {"source": 4, "prod": 4189.0, "target": 8, "value": 3.4831856858712227, "supply": [{"l": "Roots, Other", "v": 0.0073295251658417274}, {"l": "Potatoes", "v": 3.4733633162200555}, {"l": "Sweet potatoes", "v": 0.0024928444853253985}]}, {"source": 5, "prod": 29663.0, "target": 8, "value": 15.571321064242959, "supply": [{"l": "Tomatoes", "v": 1.0719761139297141}, {"l": "Treenuts", "v": 0.85561036152875503}, {"l": "Vegetables, Other", "v": 2.9155648007086326}, {"l": "Peas", "v": 0.0424501665855}, {"l": "Grapes", "v": 2.486715380004811}, {"l": "Pulses, Other", "v": 2.6600806223348026}, {"l": "Pineapples", "v": 0.0085854269498764034}, {"l": "Citrus, Other", "v": 0.043023817485304053}, {"l": "Grapefruit", "v": 0.042899374697515882}, {"l": "Fruits, Other", "v": 1.243194322813453}, {"l": "Dates", "v": 1.2015443730265942}, {"l": "Beans", "v": 0.55576601075768084}, {"l": "Apples", "v": 1.0289968917914434}, {"l": "Lemons, Limes", "v": 0.04298525271893068}, {"l": "Bananas", "v": 0.21437334125677507}, {"l": "Oranges, Mandarines", "v": 0.51430009517048081}, {"l": "Onions", "v": 0.64325471248268595}]}, {"source": 11, "prod": 662.0, "target": 8, "value": 1.5036145812529651, "supply": [{"l": "Nuts", "v": 0.85561036152875503}, {"l": "Infant food", "v": 0.084900333171000014}, {"l": "Pepper", "v": 0.0069733333200000004}, {"l": "Pimento", "v": 0.0424501665855}, {"l": "Tea", "v": 0.085682824720963127}, {"l": "Coffee", "v": 0.0424501665855}, {"l": "Cloves", "v": 0.0034958960717470585}, {"l": "Cocoa Beans", "v": 0.169800666342}, {"l": "Spices, Other", "v": 0.21225083292749999}]}, {"source": 6, "prod": 1568.0, "target": 8, "value": 1.3080564676264193, "supply": [{"l": "Crustaceans", "v": 0.014040365175565893}, {"l": "Aquatic Products, Other", "v": 0.0012671691518059702}, {"l": "Marine Fish, Other", "v": 0.043031675716808222}, {"l": "Fish, Seafood", "v": 0.68534532513231017}, {"l": "Aquatic Animals, Others", "v": 0.0012671691518059702}, {"l": "Demersal Fish", "v": 0.042795289891073167}, {"l": "Freshwater Fish", "v": 0.0424501665855}, {"l": "Cephalopods", "v": 0.00087752282347286828}, {"l": "Pelagic Fish", "v": 0.47171664705723981}, {"l": "Molluscs, Other", "v": 0.0052651369408372095}]}, {"source": 12, "prod": 1375.0, "target": 8, "value": 14.053897809960535, "supply": [{"l": "Sunflowerseed Oil", "v": 3.5218655854228937}, {"l": "Rape and Mustard Oil", "v": 0.020067351476781816}, {"l": "Sesameseed Oil", "v": 0.30776370774487505}, {"l": "Palmkernel Oil", "v": 0.084900333171}, {"l": "Oilcrops Oil, Other", "v": 0.34989228215927276}, {"l": "Maize Germ Oil", "v": 0.77457016290254799}, {"l": "Groundnut Oil", "v": 0.020540403186532261}, {"l": "Soyabean Oil", "v": 2.5778205999097987}, {"l": "Palm Oil", "v": 3.776441049245574}, {"l": "Coconut Oil", "v": 0.084900333171}, {"l": "Olive Oil", "v": 1.1138300590323855}, {"l": "Cottonseed Oil", "v": 1.4213059425378725}]}, {"source": 7, "prod": 10.0, "target": 13, "value": 0.0094333703523333326, "supply": [{"l": "Wine", "v": 0.0094333703523333326}]}, {"source": 0, "prod": 1.0, "target": 13, "value": 0.0014580853471990631, "supply": [{"l": "Poultry Meat", "v": 0.0014580853471990631}]}, {"source": 2, "prod": 83.0, "target": 13, "value": 0.3055102845383687, "supply": [{"l": "Maize", "v": 0.041414796668780479}, {"l": "Barley", "v": 0.25693521880697373}, {"l": "Sorghum", "v": 0.0071602690626144582}]}, {"source": 3, "prod": 2818.9398907103828, "target": 13, "value": 10.715326419166932, "supply": [{"l": "Sunflower seed", "v": 2.4947636362555388}, {"l": "Olives", "v": 1.1368926432807547}, {"l": "Soyabeans", "v": 2.1309335531774654}, {"l": "Sesame seed", "v": 0.47301614195271435}, {"l": "Cottonseed", "v": 4.0850121844969616}, {"l": "Groundnuts", "v": 0.018571947881156251}, {"l": "Oilcrops, Other", "v": 0.049525194349750008}, {"l": "Oil Palm", "v": 0.32661111777259144}]}, {"source": 9, "prod": 10119.0, "target": 13, "value": 11.693728340753447, "supply": [{"l": "Sugar beet", "v": 11.6628999777}, {"l": "Sugar cane", "v": 0.030828363053446689}]}, {"source": 5, "prod": 412.0, "target": 13, "value": 0.29498570651688022, "supply": [{"l": "Grapes", "v": 0.24605718045811364}, {"l": "Citrus, Other", "v": 0.00028682544990202703}, {"l": "Apples", "v": 0.0072806383853168174}, {"l": "Fruits, Other", "v": 0.040832836168750788}, {"l": "Oranges, Mandarines", "v": 0.00034986401032005495}, {"l": "Lemons, Limes", "v": 0.00017836204447689076}]}, {"source": 7, "prod": 194.0, "target": 14, "value": 1.2156489054049986, "supply": [{"l": "Alcohol, Non-Food", "v": 0.03773348140933333}, {"l": "Beer", "v": 0.0075419077689974625}, {"l": "Beverages, Alcoholic", "v": 0.08039804277556821}, {"l": "Butter, Ghee", "v": 0.12806195506240228}, {"l": "Fats, Animals, Raw", "v": 0.96002684431823082}, {"l": "Wine", "v": 0.0018866740704666664}]}, {"source": 0, "prod": 193.0, "target": 14, "value": 0.20811140930900687, "supply": [{"l": "Pigmeat", "v": 0.01326567705796875}, {"l": "Eggs", "v": 0.0049697756002536593}, {"l": "Mutton & Goat Meat", "v": 0.011423898041357799}, {"l": "Milk - Excluding Butter", "v": 0.077672862200985779}, {"l": "Poultry Meat", "v": 0.061239584582360659}, {"l": "Bovine Meat", "v": 0.039539611826080213}]}, {"source": 2, "prod": 1906.0, "target": 14, "value": 6.4259653025759231, "supply": [{"l": "Maize", "v": 0.59361208558585365}, {"l": "Barley", "v": 0.32396179762618421}, {"l": "Rice", "v": 0.22611646522929654}, {"l": "Cereals, Other", "v": 0.0034334693561801472}, {"l": "Wheat", "v": 5.2788414847784084}]}, {"source": 3, "prod": 17.0, "target": 14, "value": 0.08275669407913723, "supply": [{"l": "Olives", "v": 0.0069463908958090903}, {"l": "Sunflower seed", "v": 0.0065307948593076922}, {"l": "Coconuts - Incl Copra", "v": 0.0043913965433275866}, {"l": "Sesame seed", "v": 0.043663028487942866}, {"l": "Oilcrops, Other", "v": 0.02122508329275}]}, {"source": 10, "prod": 209.0, "target": 14, "value": 0.66515019642935169, "supply": [{"l": "Sugar", "v": 0.66222259873379996}, {"l": "Sweeteners, Other", "v": 0.002927597695551724}]}, {"source": 4, "prod": 48.0, "target": 14, "value": 0.039885511765206383, "supply": [{"l": "Potatoes", "v": 0.03905456360343125}, {"l": "Cassava", "v": 0.00083094816177513298}]}, {"source": 5, "prod": 341.0, "target": 14, "value": 0.26637891137343167, "supply": [{"l": "Grapefruit", "v": 0.00067381216802380958}, {"l": "Tomatoes", "v": 0.014004178667381446}, {"l": "Treenuts", "v": 0.0033035149093774319}, {"l": "Vegetables, Other", "v": 0.0059903737023377446}, {"l": "Grapes", "v": 0.056900722980938782}, {"l": "Dates", "v": 0.061001483553657858}, {"l": "Pulses, Other", "v": 0.056340588067605502}, {"l": "Lemons, Limes", "v": 0.00035672408895378151}, {"l": "Bananas", "v": 0.0084900333171000018}, {"l": "Citrus, Other", "v": 0.00028682544990202703}, {"l": "Fruits, Other", "v": 0.048006172252450255}, {"l": "Oranges, Mandarines", "v": 0.0038485041135206039}, {"l": "Onions", "v": 0.0023222191786378562}, {"l": "Apples", "v": 0.0048537589235445452}]}, {"source": 11, "prod": 14.0, "target": 14, "value": 0.035826471346760959, "supply": [{"l": "Nuts", "v": 0.0033035149093774319}, {"l": "Pepper", "v": 0.0011622222200000001}, {"l": "Coffee", "v": 0.0006632838528984375}, {"l": "Spices, Other", "v": 0.029132467264558825}, {"l": "Tea", "v": 0.001564983099926267}]}, {"source": 6, "prod": 120.0, "target": 14, "value": 0.09922573537446884, "supply": [{"l": "Marine Fish, Other", "v": 0.0023260365252328768}, {"l": "Fish, Seafood", "v": 0.05265136940837209}, {"l": "Pelagic Fish", "v": 0.039071479857266327}, {"l": "Demersal Fish", "v": 0.0051768495835975616}]}, {"source": 12, "prod": 196.0, "target": 14, "value": 1.9983258849169161, "supply": [{"l": "Maize Germ Oil", "v": 0.010467164363547945}, {"l": "Soyabean Oil", "v": 0.092431814339395194}, {"l": "Palm Oil", "v": 1.1839653019256393}, {"l": "Sunflowerseed Oil", "v": 0.20475962705947059}, {"l": "Olive Oil", "v": 0.12150873371262387}, {"l": "Coconut Oil", "v": 0.025470099951300004}, {"l": "Oilcrops Oil, Other", "v": 0.28814658530763637}, {"l": "Cottonseed Oil", "v": 0.071576558257302927}]}, {"source": 4, "prod": 374.0, "target": 4, "value": 0.31077461250389971, "supply": [{"l": "Potatoes", "v": 0.31077461250389971}]}, {"source": 5, "prod": 175.0, "target": 5, "value": 0.70248962967812756, "supply": [{"l": "Beans", "v": 0.06262152233889362}, {"l": "Pulses, Other", "v": 0.63986810733923394}]}, {"source": 0, "prod": 65.0, "target": 0, "value": 0.1076784713388293, "supply": [{"l": "Eggs", "v": 0.1076784713388293}]}, {"source": 2, "prod": 2943.0, "target": 2, "value": 10.090355390646593, "supply": [{"l": "Maize", "v": 0.11043945778341463}, {"l": "Wheat", "v": 6.465172465036205}, {"l": "Oats", "v": 0.06889453265515573}, {"l": "Rye", "v": 0.13612711647670886}, {"l": "Millet", "v": 0.010915757121985717}, {"l": "Barley", "v": 3.1465255056796053}, {"l": "Rice", "v": 0.04692983240608041}, {"l": "Sorghum", "v": 0.057282152500915666}, {"l": "Cereals, Other", "v": 0.04806857098652207}]}, {"source": 3, "prod": 75.0, "target": 3, "value": 0.32816465950576651, "supply": [{"l": "Sunflower seed", "v": 0.068573346022730769}, {"l": "Soyabeans", "v": 0.03499708390254961}, {"l": "Sesame seed", "v": 0.014554342829314289}, {"l": "Cottonseed", "v": 0.18439291110576561}, {"l": "Groundnuts", "v": 0.018571947881156251}, {"l": "Oilcrops, Other", "v": 0.0070750277642500003}]}, {"source": 7, "prod": 1.0, "target": 15, "value": 0.0085374636708268163, "supply": [{"l": "Butter, Ghee", "v": 0.0085374636708268163}]}, {"source": 0, "prod": 724.0, "target": 15, "value": 0.52730780200437566, "supply": [{"l": "Milk - Excluding Butter", "v": 0.42687977986492187}, {"l": "Mutton & Goat Meat", "v": 0.0085679235310183472}, {"l": "Bovine Meat", "v": 0.0021966451014489006}, {"l": "Poultry Meat", "v": 0.0014580853471990631}, {"l": "Offals, Edible", "v": 0.011005598744388889}, {"l": "Pigmeat", "v": 0.00265313541159375}, {"l": "Eggs", "v": 0.074546634003804887}]}, {"source": 2, "prod": 4017.0, "target": 15, "value": 13.635086602340753, "supply": [{"l": "Maize", "v": 0.42450166585499999}, {"l": "Oats", "v": 0.12735049975649998}, {"l": "Rye", "v": 0.12896253139898733}, {"l": "Barley", "v": 2.934274672752105}, {"l": "Rice", "v": 0.18771932962432164}, {"l": "Sorghum", "v": 0.060862287032222892}, {"l": "Cereals, Other", "v": 0.041201632274161772}, {"l": "Wheat", "v": 9.7192982265254688}, {"l": "Millet", "v": 0.010915757121985717}]}, {"source": 3, "prod": 80.0, "target": 15, "value": 0.32813015878278323, "supply": [{"l": "Olives", "v": 0.0069463908958090903}, {"l": "Cottonseed", "v": 0.11820058404215744}, {"l": "Sunflower seed", "v": 0.078369538311692299}, {"l": "Coconuts - Incl Copra", "v": 0.001463798847775862}, {"l": "Sesame seed", "v": 0.029108685658628577}, {"l": "Soyabeans", "v": 0.08165986243928243}, {"l": "Groundnuts", "v": 0.012381298587437502}]}, {"source": 10, "prod": 17.0, "target": 15, "value": 0.054123962396512501, "supply": [{"l": "Sugar", "v": 0.054123962396512501}]}, {"source": 4, "prod": 468.0, "target": 15, "value": 0.38888373971076218, "supply": [{"l": "Potatoes", "v": 0.38888373971076218}]}, {"source": 5, "prod": 5097.0, "target": 15, "value": 1.9893115687130929, "supply": [{"l": "Grapes", "v": 0.31218504770623173}, {"l": "Dates", "v": 0.057304423944345262}, {"l": "Citrus, Other", "v": 0.00057365089980405406}, {"l": "Grapefruit", "v": 0.0017968324480634923}, {"l": "Beans", "v": 0.023483070877085108}, {"l": "Fruits, Other", "v": 0.17657442667567907}, {"l": "Tomatoes", "v": 0.20349822126038664}, {"l": "Lemons, Limes", "v": 0.0051724992898298317}, {"l": "Bananas", "v": 0.012027547199225004}, {"l": "Treenuts", "v": 0.066070298187548643}, {"l": "Apples", "v": 0.083970029377320635}, {"l": "Vegetables, Other", "v": 0.67840982178974951}, {"l": "Oranges, Mandarines", "v": 0.049680689465447798}, {"l": "Onions", "v": 0.11332429591752737}, {"l": "Pulses, Other", "v": 0.20524071367484861}]}, {"source": 11, "prod": 21.0, "target": 15, "value": 0.069373813096926085, "supply": [{"l": "Nuts", "v": 0.069373813096926085}]}, {"source": 16, "prod": 323.0, "target": 11, "value": 0.74948664045214619, "supply": [{"l": "Infant food", "v": 0.089617018347166677}, {"l": "Nuts", "v": 0.18830034983451363}, {"l": "Coffee", "v": 0.04377673429129688}, {"l": "Cloves", "v": 0.0034958960717470585}, {"l": "Cocoa Beans", "v": 0.1815110571242069}, {"l": "Pimento", "v": 0.0056600222113999997}, {"l": "Pepper", "v": 0.0092977777600000006}, {"l": "Spices, Other", "v": 0.19144192773852939}, {"l": "Tea", "v": 0.036385857073285711}]}, {"source": 16, "prod": 4720.0, "target": 1, "value": 4.2960765603228657, "supply": [{"l": "Pigmeat", "v": 0.010612541646375}, {"l": "Meat, Other", "v": 0.029044850821657895}, {"l": "Crustaceans", "v": 0.011407796705147289}, {"l": "Marine Fish, Other", "v": 0.03372752961587671}, {"l": "Mutton & Goat Meat", "v": 0.30273329809598165}, {"l": "Poultry Meat", "v": 0.4753358231868946}, {"l": "Milk - Excluding Butter", "v": 2.1459535399826071}, {"l": "Pelagic Fish", "v": 0.12674406880527858}, {"l": "Fish, Seafood", "v": 0.20709538633959693}, {"l": "Molluscs, Other", "v": 0.0017550456469457366}, {"l": "Offals, Edible", "v": 0.017884097959631945}, {"l": "Demersal Fish", "v": 0.010353699167195123}, {"l": "Bovine Meat", "v": 0.77102243060856424}, {"l": "Eggs", "v": 0.15240645174111223}]}, {"source": 16, "prod": 2890.0, "target": 13, "value": 16.695970976827645, "supply": [{"l": "Alcohol, Non-Food", "v": 0.0037733481409333329}, {"l": "Sugar", "v": 5.1449601901625996}, {"l": "Maize Germ Oil", "v": 0.58616120435868491}, {"l": "Beer", "v": 0.038248246542772847}, {"l": "Beverages, Alcoholic", "v": 0.11255725988579547}, {"l": "Fats, Animals, Raw", "v": 0.88165730600653847}, {"l": "Soyabean Oil", "v": 1.6329620533293145}, {"l": "Butter, Ghee", "v": 0.62323484797035766}, {"l": "Palm Oil", "v": 4.8175139871457047}, {"l": "Sunflowerseed Oil", "v": 1.21831978100385}, {"l": "Olive Oil", "v": 0.56704075732557802}, {"l": "Coconut Oil", "v": 0.11037043312230001}, {"l": "Rape and Mustard Oil", "v": 0.030101027215172726}, {"l": "Oilcrops Oil, Other", "v": 0.69978456431854552}, {"l": "Wine", "v": 0.0037733481409333329}, {"l": "Sweeteners, Other", "v": 0.096610723953206912}, {"l": "Honey", "v": 0.012735049975650002}, {"l": "Cottonseed Oil", "v": 0.020450445216372265}, {"l": "Palmkernel Oil", "v": 0.093390366488100007}, {"l": "Cream", "v": 0.0023260365252328768}]}, {"source": 16, "prod": 14261.0, "target": 2, "value": 50.7155146673743, "supply": [{"l": "Maize", "v": 5.8912548261340252}, {"l": "Barley", "v": 14.749571039049606}, {"l": "Rice", "v": 6.4848495688402013}, {"l": "Cereals, Other", "v": 0.28841142591913238}, {"l": "Wheat", "v": 21.403664249958407}, {"l": "Sorghum", "v": 1.8795706289362955}, {"l": "Millet", "v": 0.018192928536642859}]}, {"source": 16, "prod": 3598.0, "target": 5, "value": 2.4227725688904025, "supply": [{"l": "Grapefruit", "v": 0.00067381216802380958}, {"l": "Tomatoes", "v": 0.11925433396442012}, {"l": "Treenuts", "v": 0.18830034983451363}, {"l": "Apples", "v": 0.11891709362684134}, {"l": "Vegetables, Other", "v": 0.18170800230424489}, {"l": "Peas", "v": 0.014150055528500001}, {"l": "Grapes", "v": 0.1038053730057667}, {"l": "Dates", "v": 0.088729430623502345}, {"l": "Beans", "v": 0.015655380584723405}, {"l": "Pulses, Other", "v": 0.84913314873319723}, {"l": "Lemons, Limes", "v": 0.011950256979951682}, {"l": "Pineapples", "v": 0.0090623951137584272}, {"l": "Bananas", "v": 0.10895542756945004}, {"l": "Citrus, Other", "v": 0.035279530337949325}, {"l": "Fruits, Other", "v": 0.28251908268108655}, {"l": "Oranges, Mandarines", "v": 0.1567390766233846}, {"l": "Onions", "v": 0.13793981921108864}]}, {"source": 16, "prod": 720.0, "target": 3, "value": 2.8322442756238289, "supply": [{"l": "Olives", "v": 0.050940199902600007}, {"l": "Sunflower seed", "v": 0.016326987148269231}, {"l": "Coconuts - Incl Copra", "v": 0.1083211147354138}, {"l": "Sesame seed", "v": 0.36385857073285721}, {"l": "Cottonseed", "v": 0.12765663076553005}, {"l": "Groundnuts", "v": 0.043334545056031251}, {"l": "Oilcrops, Other", "v": 0.091975360935250008}, {"l": "Soyabeans", "v": 2.0298308663478775}]}, {"source": 16, "prod": 773.0, "target": 4, "value": 0.64349484714977323, "supply": [{"l": "Roots, Other", "v": 0.0036647625829208637}, {"l": "Potatoes", "v": 0.24928444853253989}, {"l": "Sweet potatoes", "v": 0.001661896323550266}, {"l": "Cassava", "v": 0.38888373971076218}]}, {"source": 7, "prod": 77.0, "target": 17, "value": 0.20213192171850242, "supply": [{"l": "Alcohol, Non-Food", "v": 0.0018866740704666664}, {"l": "Beer", "v": 0.0053870769778553308}, {"l": "Beverages, Alcoholic", "v": 0.025727373688181822}, {"l": "Fats, Animals, Raw", "v": 0.11755430746753846}, {"l": "Butter, Ghee", "v": 0.0085374636708268163}, {"l": "Wine", "v": 0.034903470303633333}, {"l": "Fish, Liver Oil", "v": 0.0081355555400000005}]}, {"source": 0, "prod": 219.0, "target": 17, "value": 0.34130968844437215, "supply": [{"l": "Pigmeat", "v": 0.00265313541159375}, {"l": "Meat, Other", "v": 0.01117109646986842}, {"l": "Eggs", "v": 0.13087075747334637}, {"l": "Mutton & Goat Meat", "v": 0.1085270313928991}, {"l": "Poultry Meat", "v": 0.032077877638379389}, {"l": "Milk - Excluding Butter", "v": 0.04365086470799201}, {"l": "Offals, Edible", "v": 0.0013756998430486111}, {"l": "Bovine Meat", "v": 0.010983225507244503}]}, {"source": 2, "prod": 1081.0, "target": 17, "value": 3.7233764026172604, "supply": [{"l": "Maize", "v": 0.048317262780243897}, {"l": "Barley", "v": 0.61813400466605262}, {"l": "Rice", "v": 0.42663484005527641}, {"l": "Cereals, Other", "v": 0.013733877424720589}, {"l": "Wheat", "v": 2.5748021554757208}, {"l": "Oats", "v": 0.041754262215245905}]}, {"source": 3, "prod": 34.0, "target": 17, "value": 0.16359907085018754, "supply": [{"l": "Olives", "v": 0.020839172687427271}, {"l": "Coconuts - Incl Copra", "v": 0.0058551953911034479}, {"l": "Sesame seed", "v": 0.014554342829314289}, {"l": "Groundnuts", "v": 0.068097142230906252}, {"l": "Oilcrops, Other", "v": 0.049525194349750008}, {"l": "Cottonseed", "v": 0.0047280233616862986}]}, {"source": 10, "prod": 405.0, "target": 17, "value": 1.2855813380591508, "supply": [{"l": "Sugar", "v": 1.2321160851441375}, {"l": "Sweeteners, Other", "v": 0.043913965433275859}, {"l": "Honey", "v": 0.0095512874817375009}]}, {"source": 4, "prod": 243.0, "target": 17, "value": 0.2019204033113573, "supply": [{"l": "Potatoes", "v": 0.20108945514958218}, {"l": "Sweet potatoes", "v": 0.00083094816177513298}]}, {"source": 5, "prod": 4944.0, "target": 17, "value": 4.1459206231902268, "supply": [{"l": "Vegetables, Other", "v": 0.13553220501539145}, {"l": "Grapefruit", "v": 0.064685968130285723}, {"l": "Tomatoes", "v": 0.15251425829945106}, {"l": "Treenuts", "v": 0.81596818261622572}, {"l": "Grapes", "v": 0.37600612888755491}, {"l": "Dates", "v": 0.26618829187050702}, {"l": "Beans", "v": 0.08219074806979787}, {"l": "Apples", "v": 0.076204015099649358}, {"l": "Lemons, Limes", "v": 0.02978646142764076}, {"l": "Bananas", "v": 0.0084900333171000018}, {"l": "Citrus, Other", "v": 0.0022946035992162162}, {"l": "Fruits, Other", "v": 0.20306059067703097}, {"l": "Oranges, Mandarines", "v": 0.42648422858014695}, {"l": "Onions", "v": 0.11007318906743438}, {"l": "Pulses, Other", "v": 1.3964417185327935}]}, {"source": 11, "prod": 304.0, "target": 17, "value": 1.0113759472398547, "supply": [{"l": "Infant food", "v": 0.0047166851761666672}, {"l": "Nuts", "v": 0.8126646677068482}, {"l": "Coffee", "v": 0.0039797031173906252}, {"l": "Cocoa Beans", "v": 0.011710390782206896}, {"l": "Pepper", "v": 0.0011622222200000001}, {"l": "Spices, Other", "v": 0.17479480358735294}, {"l": "Tea", "v": 0.002347474649889401}]}, {"source": 6, "prod": 77.0, "target": 17, "value": 0.065880428694453708, "supply": [{"l": "Crustaceans", "v": 0.014040365175565893}, {"l": "Marine Fish, Other", "v": 0.0005815091313082192}, {"l": "Freshwater Fish", "v": 0.0006335845759029851}, {"l": "Fish, Seafood", "v": 0.033345867291968992}, {"l": "Cephalopods", "v": 0.0026325684704186047}, {"l": "Pelagic Fish", "v": 0.012388518003523469}, {"l": "Molluscs, Other", "v": 0.00087752282347286828}, {"l": "Demersal Fish", "v": 0.001380493222292683}]}, {"source": 12, "prod": 117.0, "target": 17, "value": 1.1964130632968137, "supply": [{"l": "Maize Germ Oil", "v": 0.020934328727095889}, {"l": "Soyabean Oil", "v": 0.1335126207124597}, {"l": "Palm Oil", "v": 0.020413194860786885}, {"l": "Sunflowerseed Oil", "v": 0.48118512358975585}, {"l": "Olive Oil", "v": 0.2733946508534037}, {"l": "Oilcrops Oil, Other", "v": 0.17494614107963638}, {"l": "Cottonseed Oil", "v": 0.092027003473675192}]}, {"source": 18, "prod": 58.0, "target": 5, "value": 0.10341229447041536, "supply": [{"l": "Treenuts", "v": 0.08258787273443581}, {"l": "Beans", "v": 0.0039138451461808513}, {"l": "Lemons, Limes", "v": 0.00035672408895378151}, {"l": "Fruits, Other", "v": 0.016553852500844912}]}, {"source": 18, "prod": 1.0, "target": 3, "value": 0.0070750277642500003, "supply": [{"l": "Oilcrops, Other", "v": 0.0070750277642500003}]}, {"source": 0, "prod": 124.0, "target": 19, "value": 0.15577994604598733, "supply": [{"l": "Milk - Excluding Butter", "v": 0.04814433607499119}, {"l": "Bovine Meat", "v": 0.10763560997099614}]}, {"source": 7, "prod": 9.0, "target": 19, "value": 0.083130816128114959, "supply": [{"l": "Butter, Ghee", "v": 0.034149854683307265}, {"l": "Fats, Animals, Raw", "v": 0.048980961444807694}]}, {"source": 6, "prod": 4.0, "target": 19, "value": 0.0035100912938914731, "supply": [{"l": "Crustaceans", "v": 0.00087752282347286828}, {"l": "Fish, Seafood", "v": 0.0017550456469457366}, {"l": "Cephalopods", "v": 0.00087752282347286828}]}, {"source": 2, "prod": 78.0, "target": 19, "value": 0.26916065094797004, "supply": [{"l": "Maize", "v": 0.26229371223560977}, {"l": "Cereals, Other", "v": 0.0068669387123602944}]}, {"source": 5, "prod": 175.0, "target": 19, "value": 0.44647053014988464, "supply": [{"l": "Vegetables, Other", "v": 0.00099839561705629062}, {"l": "Tomatoes", "v": 0.0037198599585231969}, {"l": "Pulses, Other", "v": 0.41853008278792658}, {"l": "Onions", "v": 0.023222191786378556}]}, {"source": 12, "prod": 2.0, "target": 19, "value": 0.018715255925286133, "supply": [{"l": "Cottonseed Oil", "v": 0.010225222608186132}, {"l": "Palmkernel Oil", "v": 0.0084900333171}]}, {"source": 3, "prod": 54.0, "target": 19, "value": 0.22427607694671978, "supply": [{"l": "Olives", "v": 0.0092618545277454549}, {"l": "Coconuts - Incl Copra", "v": 0.010246591934431035}, {"l": "Groundnuts", "v": 0.006190649293718751}, {"l": "Cottonseed", "v": 0.19857698119082454}]}, {"source": 18, "prod": 26.0, "target": 11, "value": 0.088443068125539259, "supply": [{"l": "Nuts", "v": 0.08258787273443581}, {"l": "Cocoa Beans", "v": 0.0058551953911034479}]}, {"source": 18, "prod": 412.0, "target": 13, "value": 1.5641076983394406, "supply": [{"l": "Sugar", "v": 1.1302356853389375}, {"l": "Maize Germ Oil", "v": 0.020934328727095889}, {"l": "Beer", "v": 0.0010774153955710661}, {"l": "Beverages, Alcoholic", "v": 0.0064318434220454555}, {"l": "Soyabean Oil", "v": 0.1951338302720565}, {"l": "Palm Oil", "v": 0.15309896145590163}, {"l": "Sunflowerseed Oil", "v": 0.010237981352973531}, {"l": "Olive Oil", "v": 0.020251455618770647}, {"l": "Coconut Oil", "v": 0.0084900333171}, {"l": "Wine", "v": 0.0094333703523333326}, {"l": "Sweeteners, Other", "v": 0.0087827930866551732}]}, {"source": 4, "prod": 5.0, "target": 19, "value": 0.0041547408088756649, "supply": [{"l": "Potatoes", "v": 0.0041547408088756649}]}, {"source": 18, "prod": 2222.0, "target": 2, "value": 7.7733831834897655, "supply": [{"l": "Barley", "v": 3.2731312656714469}, {"l": "Rice", "v": 0.076794271209949749}, {"l": "Wheat", "v": 3.9467044622542899}, {"l": "Oats", "v": 0.0041754262215245898}, {"l": "Sorghum", "v": 0.47257775813255426}]}, {"source": 1, "prod": 2135.0, "target": 6, "value": 1.8117270547573197, "supply": [{"l": "Pelagic Fish", "v": 0.69852182281405406}, {"l": "Crustaceans", "v": 0.028958253174604653}, {"l": "Freshwater Fish", "v": 0.043083751161402985}, {"l": "Molluscs, Other", "v": 0.0061426597643100779}, {"l": "Aquatic Animals, Others", "v": 0.0012671691518059702}, {"l": "Marine Fish, Other", "v": 0.045939221373349319}, {"l": "Aquatic Products, Other", "v": 0.0012671691518059702}, {"l": "Fish, Seafood", "v": 0.93280676135165896}, {"l": "Demersal Fish", "v": 0.049352632696963411}, {"l": "Cephalopods", "v": 0.0043876141173643411}]}, {"source": 1, "prod": 19240.0, "target": 0, "value": 17.457757745213993, "supply": [{"l": "Poultry Meat", "v": 1.9829960721907258}, {"l": "Pigmeat", "v": 0.10612541646375}, {"l": "Bovine Meat", "v": 1.8759349166373611}, {"l": "Eggs", "v": 1.3468091876687416}, {"l": "Milk - Excluding Butter", "v": 9.7842129394002111}, {"l": "Offals, Edible", "v": 0.3122838643720347}, {"l": "Meat, Other", "v": 0.14075581552034211}, {"l": "Mutton & Goat Meat", "v": 2.0163180042996514}]}, {"source": 13, "prod": 1041.0, "target": 7, "value": 3.9476397813549888, "supply": [{"l": "Fats, Animals, Raw", "v": 1.5184098047890386}, {"l": "Alcohol, Non-Food", "v": 0.039620155479799996}, {"l": "Beverages, Fermented", "v": 0.016036729598966667}, {"l": "Beer", "v": 0.22733464846549495}, {"l": "Beverages, Alcoholic", "v": 0.32159217110227284}, {"l": "Fish, Liver Oil", "v": 0.0081355555400000005}, {"l": "Wine", "v": 0.089617018347166649}, {"l": "Butter, Ghee", "v": 1.7245676615070171}, {"l": "Cream", "v": 0.0023260365252328768}]}, {"source": 13, "prod": 1690.0, "target": 12, "value": 17.267352014099551, "supply": [{"l": "Olive Oil", "v": 1.5087334435984132}, {"l": "Sesameseed Oil", "v": 0.30776370774487505}, {"l": "Soyabean Oil", "v": 2.8037650349616539}, {"l": "Coconut Oil", "v": 0.11037043312230001}, {"l": "Cottonseed Oil", "v": 1.5951347268770366}, {"l": "Rape and Mustard Oil", "v": 0.020067351476781816}, {"l": "Maize Germ Oil", "v": 0.80597165599319187}, {"l": "Groundnut Oil", "v": 0.020540403186532261}, {"l": "Palm Oil", "v": 4.9808195460320004}, {"l": "Palmkernel Oil", "v": 0.093390366488100007}, {"l": "Oilcrops Oil, Other", "v": 0.81298500854654543}, {"l": "Sunflowerseed Oil", "v": 4.2078103360721206}]}, {"source": 13, "prod": 3645.0, "target": 10, "value": 11.593030709586468, "supply": [{"l": "Honey", "v": 0.14008554973215001}, {"l": "Sweeteners, Other", "v": 0.13466949399537931}, {"l": "Sugar", "v": 11.318275665858941}]}, {"source": 4, "prod": 2726.0, "target": 20, "value": 9.5087511317137281, "supply": [{"l": "Roots, Other", "v": 0.01281448320373035}, {"l": "Potatoes", "v": 9.0810233159699987}, {"l": "Sweet potatoes", "v": 0.0069733333200000004}, {"l": "Cassava", "v": 0.40793999922000007}]}, {"source": 9, "prod": 4048.4000000000001, "target": 20, "value": 4.6777849397590314, "supply": [{"l": "Sugar beet", "v": 4.6651599910800003}, {"l": "Sugar cane", "v": 0.012624948679030549}]}, {"source": 5, "prod": 42062.5, "target": 20, "value": 162.34798451325076, "supply": [{"l": "Pulses, Other", "v": 5.2387166566500003}, {"l": "Beans", "v": 0.63457333212}, {"l": "Onions", "v": 6.1801166548499991}, {"l": "Vegetables, Other", "v": 57.599733223200005}, {"l": "Tomatoes", "v": 24.647246619539999}, {"l": "Peas", "v": 0.017433333299999999}]}, {"source": 2, "prod": 81271.0, "target": 20, "value": 273.09360393496263, "supply": [{"l": "Sorghum", "v": 4.4977999914000009}, {"l": "Rice", "v": 7.3045666527000011}, {"l": "Wheat", "v": 172.19600633741999}, {"l": "Oats", "v": 1.2886657564304054}, {"l": "Maize", "v": 20.526006627420006}, {"l": "Barley", "v": 72.7144331943}, {"l": "Cereals, Other", "v": 1.0041599980799998}, {"l": "Rye", "v": 2.5103999951999998}, {"l": "Millet", "v": 0.40096666590000002}]}, {"source": 3, "prod": 3161.0, "target": 20, "value": 8.7991792065562322, "supply": [{"l": "Coconuts - Incl Copra", "v": 0.12900666641999997}, {"l": "Sesame seed", "v": 0.31205666606999999}, {"l": "Groundnuts", "v": 0.22663333289999998}, {"l": "Oilcrops, Other", "v": 0.074963333189999995}, {"l": "Soyabeans", "v": 1.1126328805130472}, {"l": "Sunflower seed", "v": 2.8660399945200008}, {"l": "Cottonseed", "v": 3.5459399932200006}, {"l": "Olives", "v": 2.5121433285300006}, {"l": "Rape and Mustardseed", "v": 0.0017433333300000001}]}, {"source": 21, "prod": 0, "target": 2, "value": 0.11635544999435335, "supply": "[{\"l\":'Energy for power irrigation',\"v\":0.11635544999435335}]"}, {"source": 21, "prod": 0, "target": 3, "value": 0.0092714979030225769, "supply": "[{\"l\":'Energy for power irrigation',\"v\":0.0092714979030225769}]"}, {"source": 21, "prod": 0, "target": 9, "value": 0.028980411447942077, "supply": "[{\"l\":'Energy for power irrigation',\"v\":0.028980411447942077}]"}, {"source": 21, "prod": 0, "target": 4, "value": 0.015611224504908627, "supply": "[{\"l\":'Energy for power irrigation',\"v\":0.015611224504908627}]"}, {"source": 21, "prod": 0, "target": 5, "value": 0.12044151334147453, "supply": "[{\"l\":'Energy for power irrigation',\"v\":0.12044151334147453}]"}, {"source": 21, "prod": 0, "target": 11, "value": 0.0023694585982780426, "supply": "[{\"l\":'Energy for power irrigation',\"v\":0.0023694585982780426}]"}, {"source": 21, "prod": 0, "target": 13, "value": 0.95000000075999991, "supply": "[{\"l\":'Electricity',\"v\":0.95000000075999991}]"}, {"source": 22, "prod": 0, "target": 21, "value": 1.9309564089455584, "supply": [{"l": "Coal", "v": 1.3192799059767433}, {"l": "Natural gas", "v": 0.25746847307523152}, {"l": "Oil", "v": 0.35420802989358358}]}, {"source": 23, "prod": 0, "target": 21, "value": 0.4746176160012967, "supply": [{"l": "Nuclear", "v": 0.20209929258792333}, {"l": "Hydroelectric", "v": 0.26422809812555992}, {"l": "Renewable", "v": 0.0082902252878134953}]}, {"source": 22, "prod": 0, "target": 2, "value": 10.372814100847943, "supply": [{"l": "Motor Gasoline", "v": 0.036408221595682418}, {"l": "Gas-Diesel oil", "v": 7.422592191468369}, {"l": "Natural gas (including LNG)", "v": 2.281063302093175}, {"l": "Fuel oil", "v": 0.53473106388644998}, {"l": "Liquefied petroleum gas (LPG)", "v": 0.048693469541475146}, {"l": "Coal", "v": 0.049325852262793006}]}, {"source": 22, "prod": 0, "target": 3, "value": 0.82653218383085514, "supply": [{"l": "Motor Gasoline", "v": 0.0029010996063659447}, {"l": "Gas-Diesel oil", "v": 0.59145100587493293}, {"l": "Natural gas (including LNG)", "v": 0.18176091986275647}, {"l": "Fuel oil", "v": 0.04260872986821717}, {"l": "Liquefied petroleum gas (LPG)", "v": 0.003880019378263671}, {"l": "Coal", "v": 0.0039304092403190435}]}, {"source": 22, "prod": 0, "target": 9, "value": 2.5835353696812402, "supply": [{"l": "Motor Gasoline", "v": 0.0090681205047286675}, {"l": "Gas-Diesel oil", "v": 1.8487296961979394}, {"l": "Natural gas (including LNG)", "v": 0.56813972217605357}, {"l": "Fuel oil", "v": 0.13318436090597532}, {"l": "Liquefied petroleum gas (LPG)", "v": 0.012127981819573279}, {"l": "Coal", "v": 0.012285488076970334}]}, {"source": 22, "prod": 0, "target": 4, "value": 1.3917038667623873, "supply": [{"l": "Motor Gasoline", "v": 0.0048848328220314884}, {"l": "Gas-Diesel oil", "v": 0.99587731485734277}, {"l": "Natural gas (including LNG)", "v": 0.30604661251890564}, {"l": "Fuel oil", "v": 0.071744011032445168}, {"l": "Liquefied petroleum gas (LPG)", "v": 0.0065331248770194167}, {"l": "Coal", "v": 0.0066179706546430454}]}, {"source": 22, "prod": 0, "target": 5, "value": 10.737077016818217, "supply": [{"l": "Motor Gasoline", "v": 0.037686771932630134}, {"l": "Gas-Diesel oil", "v": 7.683251936204508}, {"l": "Natural gas (including LNG)", "v": 2.3611675787007464}, {"l": "Fuel oil", "v": 0.55350925606240364}, {"l": "Liquefied petroleum gas (LPG)", "v": 0.050403441881810201}, {"l": "Coal", "v": 0.051058032036119423}]}, {"source": 22, "prod": 0, "target": 11, "value": 0.21123164888955898, "supply": [{"l": "Motor Gasoline", "v": 0.00074141584010107425}, {"l": "Gas-Diesel oil", "v": 0.15115342590690592}, {"l": "Natural gas (including LNG)", "v": 0.046451498873696706}, {"l": "Fuel oil", "v": 0.010889245988508506}, {"l": "Liquefied petroleum gas (LPG)", "v": 0.00099159222959163012}, {"l": "Coal", "v": 0.0010044700507551578}]}, {"source": 22, "prod": 0, "target": 1, "value": 0.85073111179169592, "supply": [{"l": "Gas-diesel oils used in fisheries", "v": 0.85073111179169592}]}, {"source": 24, "prod": 1310.8205368823242, "target": 2, "value": 17.428376688979618, "supply": [{"l": "Potash", "v": 0.51263847355825887}, {"l": "Phosphate", "v": 4.0240882948859369}, {"l": "Nitrogen", "v": 39.354895665743165}]}, {"source": 24, "prod": 104.44951104166746, "target": 3, "value": 1.3887373383266861, "supply": [{"l": "Potash", "v": 0.51263847355825887}, {"l": "Phosphate", "v": 4.0240882948859369}, {"l": "Nitrogen", "v": 39.354895665743165}]}, {"source": 24, "prod": 326.4833619319561, "target": 9, "value": 4.3408497611488155, "supply": [{"l": "Potash", "v": 0.51263847355825887}, {"l": "Phosphate", "v": 4.0240882948859369}, {"l": "Nitrogen", "v": 39.354895665743165}]}, {"source": 24, "prod": 175.87069353354656, "target": 4, "value": 2.3383374071517977, "supply": [{"l": "Potash", "v": 0.51263847355825887}, {"l": "Phosphate", "v": 4.0240882948859369}, {"l": "Nitrogen", "v": 39.354895665743165}]}, {"source": 24, "prod": 1356.8527231758626, "target": 5, "value": 18.040410342685711, "supply": [{"l": "Potash", "v": 0.51263847355825887}, {"l": "Phosphate", "v": 4.0240882948859369}, {"l": "Nitrogen", "v": 39.354895665743165}]}, {"source": 24, "prod": 26.693506767976849, "target": 11, "value": 0.35491089589473818, "supply": [{"l": "Potash", "v": 0.51263847355825887}, {"l": "Phosphate", "v": 4.0240882948859369}, {"l": "Nitrogen", "v": 39.354895665743165}]}, {"source": 22, "prod": 0, "target": 24, "value": 52.061266096016737, "supply": [{"l": "Natural gas (including LNG)", "v": 35.514638340463904}, {"l": "Fuel oil", "v": 9.5898161564703202}, {"l": "Liquefied petroleum gas (LPG)", "v": 3.4784057995412572}, {"l": "Coal", "v": 3.4784057995412572}]}, {"source": 25, "prod": 0, "target": 2, "value": 4.8847529247500754, "supply": "[{\"l\":'Labor',\"v\":4.8847529247500754}]"}, {"source": 25, "prod": 0, "target": 3, "value": 0.38922952470899791, "supply": "[{\"l\":'Labor',\"v\":0.38922952470899791}]"}, {"source": 25, "prod": 0, "target": 9, "value": 1.2166353152144189, "supply": "[{\"l\":'Labor',\"v\":1.2166353152144189}]"}, {"source": 25, "prod": 0, "target": 4, "value": 0.6553794821212342, "supply": "[{\"l\":'Labor',\"v\":0.6553794821212342}]"}, {"source": 25, "prod": 0, "target": 5, "value": 5.0562911714461514, "supply": "[{\"l\":'Labor',\"v\":5.0562911714461514}]"}, {"source": 25, "prod": 0, "target": 11, "value": 0.099472949643309119, "supply": "[{\"l\":'Labor',\"v\":0.099472949643309119}]"}, {"source": 22, "prod": 0, "target": 16, "value": 71.024529818904043, "supply": "[{\"l\":'Fossil Fuels',\"v\":71.024529818904043}]"}, {"source": 23, "prod": 0, "target": 16, "value": 18.630681004877932, "supply": "[{\"l\":'Renewables & Nuclear',\"v\":7.4157867642407806},{\"l\":'Biomass & Waste',\"v\":11.214894240637152}]"}]}