{"nodes": [{"layer": 3, "name": "Treenuts"}, {"layer": 5, "name": "Production", "fill": "#b5cf6b"}, {"layer": 3, "name": "Vegetables"}, {"layer": 3, "name": "Others"}, {"layer": 3, "name": "Sugar Crops", "fill": "#ffbb78"}, {"layer": 3, "name": "Starchy Roots"}, {"layer": 3, "name": "Pulses"}, {"layer": 3, "name": "Cereals - Excluding Beer"}, {"layer": 3, "name": "Spices"}, {"layer": 3, "name": "Stimulants"}, {"layer": 3, "name": "Fruits - Excluding Wine"}, {"layer": 3, "name": "Oilcrops", "fill": "#ff9896"}, {"layer": 1, "name": "Electricity", "fill": "#bcbd22"}, {"layer": 0, "name": "Fossil Fuels", "fill": "#c49c94"}, {"layer": 0, "name": "Renewables & Nuclear", "fill": "#2ca02c"}, {"layer": 1, "name": "Fertilizers", "fill": "#c5b0d5"}, {"layer": 0, "name": "Labor", "fill": "#7f7f7f"}], "links": [{"source": 0, "prod": 111.0, "target": 1, "value": 0.2692553423423143, "supply": [{"l": "Treenuts", "v": 0.2692553423423143}]}, {"source": 2, "prod": 857.0, "target": 1, "value": 0.23370133995057146, "supply": [{"l": "Tomatoes", "v": 0.0054523149742844047}, {"l": "Vegetables, Other", "v": 0.20811942985348544}, {"l": "Onions", "v": 0.020129595122801616}]}, {"source": 3, "prod": 111.0, "target": 1, "value": 0.2692553423423143, "supply": [{"l": "Nuts", "v": 0.2692553423423143}]}, {"source": 4, "prod": 1090.0, "target": 1, "value": 0.30341430543078696, "supply": [{"l": "Sugar cane", "v": 0.30341430543078696}]}, {"source": 5, "prod": 3735.0, "target": 1, "value": 3.0594119281750496, "supply": [{"l": "Yams", "v": 0.0066033592466333332}, {"l": "Potatoes", "v": 0.047648146167397966}, {"l": "Sweet potatoes", "v": 0.27401234578755124}, {"l": "Cassava", "v": 2.7311480769734673}]}, {"source": 6, "prod": 180.0, "target": 1, "value": 0.70016495814599367, "supply": [{"l": "Peas", "v": 0.025470099951300004}, {"l": "Beans", "v": 0.50734795870734684}, {"l": "Pulses, Other", "v": 0.16734689948734682}]}, {"source": 7, "prod": 959.0, "target": 1, "value": 3.6128846222902582, "supply": [{"l": "Maize", "v": 1.8519433037703399}, {"l": "Rice", "v": 0.35907257266925469}, {"l": "Wheat", "v": 0.18137141021539008}, {"l": "Sorghum", "v": 0.65021999133559927}, {"l": "Millet", "v": 0.57027734429967447}]}, {"source": 8, "prod": 9.0, "target": 1, "value": 0.02773410883586, "supply": [{"l": "Cloves", "v": 0.014150055528500001}, {"l": "Pimento", "v": 0.013584053307360001}]}, {"source": 9, "prod": 54.0, "target": 1, "value": 0.025707085851873951, "supply": [{"l": "Coffee", "v": 0.01640930809187395}, {"l": "Tea", "v": 0.0092977777600000006}]}, {"source": 10, "prod": 1057.0, "target": 1, "value": 0.82018587793445763, "supply": [{"l": "Plantains", "v": 0.56164612896023658}, {"l": "Citrus, Other", "v": 0.0065122414648210239}, {"l": "Grapes", "v": 0.00069590437025409844}, {"l": "Pineapples", "v": 0.012682207444630706}, {"l": "Bananas", "v": 0.0916510043615308}, {"l": "Fruits, Other", "v": 0.14699839133298445}]}, {"source": 11, "prod": 554.0, "target": 1, "value": 1.34104359427236, "supply": [{"l": "Sunflower seed", "v": 0.038591060532272729}, {"l": "Coconuts - Incl Copra", "v": 0.55268335768450283}, {"l": "Sesame seed", "v": 0.028300111057000001}, {"l": "Groundnuts", "v": 0.15362917430942857}, {"l": "Oilcrops, Other", "v": 0.13947911878092858}, {"l": "Cottonseed", "v": 0.38333786795390906}, {"l": "Palm kernels", "v": 0.002572737368818182}, {"l": "Oil Palm", "v": 0.042450166585500007}]}, {"source": 12, "prod": 0, "target": 11, "value": 0.0015259025758360722, "supply": "[{\"l\":'Energy for power irrigation',\"v\":0.0015259025758360722}]"}, {"source": 12, "prod": 0, "target": 0, "value": 0.00030490582523457068, "supply": "[{\"l\":'Energy for power irrigation',\"v\":0.00030490582523457068}]"}, {"source": 12, "prod": 0, "target": 2, "value": 0.0023705741187156266, "supply": "[{\"l\":'Energy for power irrigation',\"v\":0.0023705741187156266}]"}, {"source": 12, "prod": 0, "target": 4, "value": 0.0029941202658169555, "supply": "[{\"l\":'Energy for power irrigation',\"v\":0.0029941202658169555}]"}, {"source": 12, "prod": 0, "target": 5, "value": 0.01025829553458112, "supply": "[{\"l\":'Energy for power irrigation',\"v\":0.01025829553458112}]"}, {"source": 12, "prod": 0, "target": 6, "value": 0.0005054294760645136, "supply": "[{\"l\":'Energy for power irrigation',\"v\":0.0005054294760645136}]"}, {"source": 12, "prod": 0, "target": 3, "value": 0.00030490582523457068, "supply": "[{\"l\":'Energy for power irrigation',\"v\":0.00030490582523457068}]"}, {"source": 12, "prod": 0, "target": 7, "value": 0.0029748919705318926, "supply": "[{\"l\":'Energy for power irrigation',\"v\":0.0029748919705318926}]"}, {"source": 12, "prod": 0, "target": 8, "value": 2.609554360115695e-05, "supply": "[{\"l\":'Energy for power irrigation',\"v\":2.609554360115695e-05}]"}, {"source": 12, "prod": 0, "target": 9, "value": 0.00015519981194372294, "supply": "[{\"l\":'Energy for power irrigation',\"v\":0.00015519981194372294}]"}, {"source": 12, "prod": 0, "target": 10, "value": 0.0029089663866973905, "supply": "[{\"l\":'Energy for power irrigation',\"v\":0.0029089663866973905}]"}, {"source": 13, "prod": 0, "target": 12, "value": 0.02698236771978494, "supply": [{"l": "Coal", "v": 0.0}, {"l": "Natural gas", "v": 0.0}, {"l": "Oil", "v": 0.02698236771978494}]}, {"source": 14, "prod": 0, "target": 12, "value": 0.014075987600739314, "supply": [{"l": "Nuclear", "v": 0.0}, {"l": "Hydroelectric", "v": 0.014075987600739314}, {"l": "Renewable", "v": 0.0}]}, {"source": 13, "prod": 0, "target": 11, "value": 0.25201881716535074, "supply": [{"l": "Other fossil fuels", "v": 0.25201881716535074}]}, {"source": 13, "prod": 0, "target": 0, "value": 0.050358395509187998, "supply": [{"l": "Other fossil fuels", "v": 0.050358395509187998}]}, {"source": 13, "prod": 0, "target": 2, "value": 0.39152518310296613, "supply": [{"l": "Other fossil fuels", "v": 0.39152518310296613}]}, {"source": 13, "prod": 0, "target": 4, "value": 0.4945103703154497, "supply": [{"l": "Other fossil fuels", "v": 0.4945103703154497}]}, {"source": 13, "prod": 0, "target": 5, "value": 1.694265117378942, "supply": [{"l": "Other fossil fuels", "v": 1.694265117378942}]}, {"source": 13, "prod": 0, "target": 6, "value": 0.083476979943158475, "supply": [{"l": "Other fossil fuels", "v": 0.083476979943158475}]}, {"source": 13, "prod": 0, "target": 3, "value": 0.050358395509187998, "supply": [{"l": "Other fossil fuels", "v": 0.050358395509187998}]}, {"source": 13, "prod": 0, "target": 7, "value": 0.49133461564369907, "supply": [{"l": "Other fossil fuels", "v": 0.49133461564369907}]}, {"source": 13, "prod": 0, "target": 8, "value": 0.0043099527688043775, "supply": [{"l": "Other fossil fuels", "v": 0.0043099527688043775}]}, {"source": 13, "prod": 0, "target": 9, "value": 0.025632876993415512, "supply": [{"l": "Other fossil fuels", "v": 0.025632876993415512}]}, {"source": 13, "prod": 0, "target": 10, "value": 0.48044631391198273, "supply": [{"l": "Other fossil fuels", "v": 0.48044631391198273}]}, {"source": 15, "prod": 0.94078130292424067, "target": 11, "value": 0.010743896706749745, "supply": [{"l": "Potash", "v": 0.00769166667282}, {"l": "Phosphate", "v": 0.016833333346799997}, {"l": "Nitrogen", "v": 0.14677777789519997}]}, {"source": 15, "prod": 0.18798690301456475, "target": 0, "value": 0.0021468452465332522, "supply": [{"l": "Potash", "v": 0.00769166667282}, {"l": "Phosphate", "v": 0.016833333346799997}, {"l": "Nitrogen", "v": 0.14677777789519997}]}, {"source": 15, "prod": 1.4615558315456703, "target": 2, "value": 0.016691238268091862, "supply": [{"l": "Potash", "v": 0.00769166667282}, {"l": "Phosphate", "v": 0.016833333346799997}, {"l": "Nitrogen", "v": 0.14677777789519997}]}, {"source": 15, "prod": 1.8459975160889692, "target": 4, "value": 0.021081633501993199, "supply": [{"l": "Potash", "v": 0.00769166667282}, {"l": "Phosphate", "v": 0.016833333346799997}, {"l": "Nitrogen", "v": 0.14677777789519997}]}, {"source": 15, "prod": 6.3246584622332618, "target": 5, "value": 0.072228770929535419, "supply": [{"l": "Potash", "v": 0.00769166667282}, {"l": "Phosphate", "v": 0.016833333346799997}, {"l": "Nitrogen", "v": 0.14677777789519997}]}, {"source": 15, "prod": 0.31161792932144067, "target": 6, "value": 0.0035587344627217876, "supply": [{"l": "Potash", "v": 0.00769166667282}, {"l": "Phosphate", "v": 0.016833333346799997}, {"l": "Nitrogen", "v": 0.14677777789519997}]}, {"source": 15, "prod": 0.18798690301456475, "target": 3, "value": 0.0021468452465332522, "supply": [{"l": "Potash", "v": 0.00769166667282}, {"l": "Phosphate", "v": 0.016833333346799997}, {"l": "Nitrogen", "v": 0.14677777789519997}]}, {"source": 15, "prod": 1.8341424861691318, "target": 7, "value": 0.020946246864824436, "supply": [{"l": "Potash", "v": 0.00769166667282}, {"l": "Phosphate", "v": 0.016833333346799997}, {"l": "Nitrogen", "v": 0.14677777789519997}]}, {"source": 15, "prod": 0.016088969176922208, "target": 8, "value": 0.00018373900758617925, "supply": [{"l": "Potash", "v": 0.00769166667282}, {"l": "Phosphate", "v": 0.016833333346799997}, {"l": "Nitrogen", "v": 0.14677777789519997}]}, {"source": 15, "prod": 0.095687027210116293, "target": 9, "value": 0.0010927635714335924, "supply": [{"l": "Potash", "v": 0.00769166667282}, {"l": "Phosphate", "v": 0.016833333346799997}, {"l": "Nitrogen", "v": 0.14677777789519997}]}, {"source": 15, "prod": 1.7934966693011176, "target": 10, "value": 0.020482064108817245, "supply": [{"l": "Potash", "v": 0.00769166667282}, {"l": "Phosphate", "v": 0.016833333346799997}, {"l": "Nitrogen", "v": 0.14677777789519997}]}, {"source": 13, "prod": 0, "target": 15, "value": 0.20907184857662908, "supply": [{"l": "Natural gas (including LNG)", "v": 0.14042256670813011}, {"l": "Fuel oil", "v": 0.042703199926838173}, {"l": "Liquefied petroleum gas (LPG)", "v": 0.012973040970830407}, {"l": "Coal", "v": 0.012973040970830407}]}, {"source": 16, "prod": 0, "target": 11, "value": 0.16639086242459863, "supply": "[{\"l\":'Labor',\"v\":0.16639086242459863}]"}, {"source": 16, "prod": 0, "target": 0, "value": 0.033248219134348243, "supply": "[{\"l\":'Labor',\"v\":0.033248219134348243}]"}, {"source": 16, "prod": 0, "target": 2, "value": 0.25849741543191473, "supply": "[{\"l\":'Labor',\"v\":0.25849741543191473}]"}, {"source": 16, "prod": 0, "target": 4, "value": 0.32649152122918551, "supply": "[{\"l\":'Labor',\"v\":0.32649152122918551}]"}, {"source": 16, "prod": 0, "target": 5, "value": 1.118607877092104, "supply": "[{\"l\":'Labor',\"v\":1.118607877092104}]"}, {"source": 16, "prod": 0, "target": 6, "value": 0.05511416505153223, "supply": "[{\"l\":'Labor',\"v\":0.05511416505153223}]"}, {"source": 16, "prod": 0, "target": 3, "value": 0.033248219134348243, "supply": "[{\"l\":'Labor',\"v\":0.033248219134348243}]"}, {"source": 16, "prod": 0, "target": 7, "value": 0.32439478668918154, "supply": "[{\"l\":'Labor',\"v\":0.32439478668918154}]"}, {"source": 16, "prod": 0, "target": 8, "value": 0.002845568304291066, "supply": "[{\"l\":'Labor',\"v\":0.002845568304291066}]"}, {"source": 16, "prod": 0, "target": 9, "value": 0.016923643072888975, "supply": "[{\"l\":'Labor',\"v\":0.016923643072888975}]"}, {"source": 16, "prod": 0, "target": 10, "value": 0.31720598255202515, "supply": "[{\"l\":'Labor',\"v\":0.31720598255202515}]"}]}