{"nodes": [{"layer": 5, "name": "Starchy Roots"}, {"layer": 10, "name": "Feed", "fill": "#dbdb8d"}, {"layer": 5, "name": "Cereals - Excluding Beer"}, {"layer": 5, "name": "Fruits - Excluding Wine"}, {"layer": 13, "name": "Milk - Excluding Butter"}, {"layer": 16, "name": "Food", "fill": "#b5cf6b"}, {"layer": 13, "name": "Fish, Seafood"}, {"layer": 13, "name": "Meat"}, {"layer": 5, "name": "Treenuts"}, {"layer": 5, "name": "Vegetables"}, {"layer": 13, "name": "Alcoholic Beverages"}, {"layer": 5, "name": "Sugar Crops", "fill": "#ffbb78"}, {"layer": 13, "name": "Animal Fats"}, {"layer": 5, "name": "Pulses"}, {"layer": 13, "name": "Sugar & Sweeteners"}, {"layer": 5, "name": "Others"}, {"layer": 13, "name": "Vegetable Oils", "fill": "#f7b6d2"}, {"layer": 5, "name": "Spices"}, {"layer": 5, "name": "Stimulants"}, {"layer": 13, "name": "Eggs"}, {"layer": 5, "name": "Oilcrops", "fill": "#ff9896"}, {"layer": 10, "name": "Processing", "fill": "#9edae5"}, {"layer": 16, "name": "Biofuels & Other", "fill": "#e7ba52"}, {"name": "Waste", "fill": "#c7c7c7"}, {"layer": 2, "name": "Import", "fill": "#aec7e8"}, {"layer": 16, "name": "Export", "fill": "#aec7e8"}, {"layer": 0, "name": "Stock Draw", "fill": "#c7c7c7"}, {"layer": 16, "name": "Stock Deposit", "fill": "#c7c7c7"}, {"layer": 2, "name": "Electricity", "fill": "#bcbd22"}, {"layer": 0, "name": "Fossil Fuels", "fill": "#c49c94"}, {"layer": 0, "name": "Renewables & Nuclear", "fill": "#2ca02c"}, {"layer": 2, "name": "Fertilizers", "fill": "#c5b0d5"}, {"layer": 0, "name": "Labor", "fill": "#7f7f7f"}], "links": [{"source": 0, "prod": 20.0, "target": 1, "value": 0.015948595992198535, "supply": [{"l": "Cassava", "v": 0.015948595992198535}]}, {"source": 2, "prod": 56.0, "target": 1, "value": 0.21247501382756112, "supply": [{"l": "Maize", "v": 0.1899873937120754}, {"l": "Sorghum", "v": 0.01155170462393031}, {"l": "Millet", "v": 0.010935915491555403}]}, {"source": 3, "prod": 7.0, "target": 1, "value": 0.0071660249059123807, "supply": [{"l": "Plantains", "v": 0.0071660249059123807}]}, {"source": 4, "prod": 425.0, "target": 5, "value": 0.31023435236096231, "supply": [{"l": "Milk - Excluding Butter", "v": 0.31023435236096231}]}, {"source": 6, "prod": 350.0, "target": 5, "value": 0.27438497093788961, "supply": [{"l": "Marine Fish, Other", "v": 0.0057144455018942305}, {"l": "Freshwater Fish", "v": 0.11334924978327107}, {"l": "Fish, Seafood", "v": 0.13712834711608146}, {"l": "Pelagic Fish", "v": 0.0060643095122142861}, {"l": "Demersal Fish", "v": 0.01212861902442857}]}, {"source": 7, "prod": 170.0, "target": 5, "value": 0.34778215664249618, "supply": [{"l": "Pigmeat", "v": 0.019592384577923082}, {"l": "Meat, Other", "v": 0.0059430233219700005}, {"l": "Poultry Meat", "v": 0.024526762916066668}, {"l": "Mutton & Goat Meat", "v": 0.041270995291458341}, {"l": "Offals, Edible", "v": 0.029742154932515925}, {"l": "Bovine Meat", "v": 0.22670683560256216}]}, {"source": 8, "prod": 5.0, "target": 5, "value": 0.011791712940416669, "supply": [{"l": "Treenuts", "v": 0.011791712940416669}]}, {"source": 9, "prod": 747.0, "target": 5, "value": 0.20271380659777963, "supply": [{"l": "Tomatoes", "v": 0.0059134560417611944}, {"l": "Vegetables, Other", "v": 0.17890469209350374}, {"l": "Onions", "v": 0.017895658462514702}]}, {"source": 10, "prod": 678.0, "target": 5, "value": 0.27434707293839228, "supply": [{"l": "Beer", "v": 0.029628923378204317}, {"l": "Beverages, Alcoholic", "v": 0.012128619024428572}, {"l": "Beverages, Fermented", "v": 0.23258953053575937}]}, {"source": 11, "prod": 7.0, "target": 5, "value": 0.0021301158860107527, "supply": [{"l": "Sugar cane", "v": 0.0021301158860107527}]}, {"source": 12, "prod": 10.0, "target": 5, "value": 0.088483515057561579, "supply": [{"l": "Butter, Ghee", "v": 0.026810631527684217}, {"l": "Fats, Animals, Raw", "v": 0.061672883529877362}]}, {"source": 0, "prod": 3366.0, "target": 5, "value": 2.7603268560356575, "supply": [{"l": "Yams", "v": 0.0059232790584418608}, {"l": "Potatoes", "v": 0.036000141273922259}, {"l": "Sweet potatoes", "v": 0.24397876751369094}, {"l": "Cassava", "v": 2.4744246681896027}]}, {"source": 13, "prod": 124.0, "target": 5, "value": 0.48234179871536864, "supply": [{"l": "Peas", "v": 0.024257238048857144}, {"l": "Beans", "v": 0.29214300037773877}, {"l": "Pulses, Other", "v": 0.16594156028877274}]}, {"source": 14, "prod": 143.0, "target": 5, "value": 0.59410853098295902, "supply": [{"l": "Sugar", "v": 0.55270116894321009}, {"l": "Sugar non-centrifugal", "v": 0.0060643095122142861}, {"l": "Sweeteners, Other", "v": 0.0038984846864234695}, {"l": "Honey", "v": 0.031444567841111118}]}, {"source": 15, "prod": 5.0, "target": 5, "value": 0.011791712940416669, "supply": [{"l": "Nuts", "v": 0.011791712940416669}]}, {"source": 2, "prod": 950.0, "target": 5, "value": 3.598707168142314, "supply": [{"l": "Maize", "v": 2.4964343533766713}, {"l": "Rice", "v": 0.43013105195158874}, {"l": "Wheat", "v": 0.23979483414709929}, {"l": "Sorghum", "v": 0.24643636531051327}, {"l": "Millet", "v": 0.18591056335644185}]}, {"source": 16, "prod": 38.0, "target": 5, "value": 0.38162991625528186, "supply": [{"l": "Groundnut Oil", "v": 0.0094333703523333343}, {"l": "Soyabean Oil", "v": 0.0070750277642500003}, {"l": "Palm Oil", "v": 0.02122508329275}, {"l": "Coconut Oil", "v": 0.080269405907127264}, {"l": "Sesameseed Oil", "v": 0.018192928536642859}, {"l": "Oilcrops Oil, Other", "v": 0.019976548981411768}, {"l": "Cottonseed Oil", "v": 0.19715744036376667}, {"l": "Palmkernel Oil", "v": 0.028300111057000001}]}, {"source": 17, "prod": 5.0, "target": 5, "value": 0.016676851158589287, "supply": [{"l": "Cloves", "v": 0.0060643095122142861}, {"l": "Pimento", "v": 0.010612541646375}]}, {"source": 18, "prod": 5.0, "target": 5, "value": 0.0033856986046375001, "supply": [{"l": "Coffee", "v": 0.0010612541646375}, {"l": "Tea", "v": 0.0023244444400000001}]}, {"source": 19, "prod": 16.0, "target": 5, "value": 0.023624440534539132, "supply": [{"l": "Eggs", "v": 0.023624440534539132}]}, {"source": 3, "prod": 680.0, "target": 5, "value": 0.46758846100554224, "supply": [{"l": "Plantains", "v": 0.26821407504986339}, {"l": "Citrus, Other", "v": 0.0060643095122142861}, {"l": "Grapes", "v": 0.0007122511172063758}, {"l": "Dates", "v": 0.0018866740704666664}, {"l": "Pineapples", "v": 0.011782087052302041}, {"l": "Bananas", "v": 0.041880365691734901}, {"l": "Fruits, Other", "v": 0.13704869851175461}]}, {"source": 20, "prod": 120.0, "target": 5, "value": 0.28708138166047759, "supply": [{"l": "Sunflower seed", "v": 0.0067026578819210543}, {"l": "Coconuts - Incl Copra", "v": 0.16738529413229875}, {"l": "Groundnuts", "v": 0.10915757121985716}, {"l": "Soyabeans", "v": 0.0038358584264006029}]}, {"source": 2, "prod": 126.0, "target": 21, "value": 0.47414415528361176, "supply": [{"l": "Maize", "v": 0.015198991496966035}, {"l": "Millet", "v": 0.18591056335644185}, {"l": "Barley", "v": 0.026598235119690564}, {"l": "Sorghum", "v": 0.24643636531051327}]}, {"source": 11, "prod": 1104.0, "target": 21, "value": 0.33594970545083874, "supply": [{"l": "Sugar cane", "v": 0.33594970545083874}]}, {"source": 20, "prod": 278.0, "target": 21, "value": 0.63088583369794959, "supply": [{"l": "Sunflower seed", "v": 0.0044684385879473695}, {"l": "Coconuts - Incl Copra", "v": 0.21979887108281651}, {"l": "Cottonseed", "v": 0.25470099951300007}, {"l": "Sesame seed", "v": 0.0089368771758947391}, {"l": "Groundnuts", "v": 0.025684134404672269}, {"l": "Palm kernels", "v": 0.011171096469868422}, {"l": "Oilcrops, Other", "v": 0.063675249878250004}, {"l": "Oil Palm", "v": 0.042450166585500007}]}, {"source": 14, "prod": 4.0, "target": 21, "value": 0.024257238048857144, "supply": [{"l": "Sugar non-centrifugal", "v": 0.024257238048857144}]}, {"source": 3, "prod": 45.0, "target": 21, "value": 0.042836751757797227, "supply": [{"l": "Bananas", "v": 0.0059829093845335567}, {"l": "Plantains", "v": 0.036853842373263668}]}, {"source": 0, "prod": 28.0, "target": 22, "value": 0.022328034389077947, "supply": [{"l": "Cassava", "v": 0.022328034389077947}]}, {"source": 16, "prod": 6.0, "target": 22, "value": 0.063050982722580889, "supply": [{"l": "Palm Oil", "v": 0.053062708231874998}, {"l": "Oilcrops Oil, Other", "v": 0.009988274490705884}]}, {"source": 20, "prod": 11.0, "target": 20, "value": 0.028763226540904911, "supply": [{"l": "Cottonseed", "v": 0.022342192939736844}, {"l": "Groundnuts", "v": 0.0064210336011680672}]}, {"source": 19, "prod": 1.0, "target": 19, "value": 0.0014765275334086957, "supply": [{"l": "Eggs", "v": 0.0014765275334086957}]}, {"source": 11, "prod": 70.0, "target": 11, "value": 0.021301158860107527, "supply": [{"l": "Sugar cane", "v": 0.021301158860107527}]}, {"source": 0, "prod": 13.0, "target": 0, "value": 0.011787255558583655, "supply": [{"l": "Potatoes", "v": 0.010800042382176678}, {"l": "Yams", "v": 0.00098721317640697672}]}, {"source": 13, "prod": 17.0, "target": 13, "value": 0.066074544278383815, "supply": [{"l": "Beans", "v": 0.050638120065474725}, {"l": "Pulses, Other", "v": 0.015436424212909092}]}, {"source": 2, "prod": 46.0, "target": 2, "value": 0.17257083009753799, "supply": [{"l": "Maize", "v": 0.075994957484830178}, {"l": "Wheat", "v": 0.029164236585458019}, {"l": "Millet", "v": 0.010935915491555403}, {"l": "Rice", "v": 0.03722287949581056}, {"l": "Sorghum", "v": 0.019252841039883849}]}, {"source": 4, "prod": 10.0, "target": 23, "value": 0.0072996318202579371, "supply": [{"l": "Milk - Excluding Butter", "v": 0.0072996318202579371}]}, {"source": 20, "prod": 32.0, "target": 23, "value": 0.064762336516327734, "supply": [{"l": "Coconuts - Incl Copra", "v": 0.049032055856935992}, {"l": "Sesame seed", "v": 0.0022342192939736848}, {"l": "Groundnuts", "v": 0.0064210336011680672}, {"l": "Oilcrops, Other", "v": 0.0070750277642500003}]}, {"source": 8, "prod": 1.0, "target": 23, "value": 0.0023583425880833336, "supply": [{"l": "Treenuts", "v": 0.0023583425880833336}]}, {"source": 9, "prod": 128.0, "target": 23, "value": 0.034927283037706244, "supply": [{"l": "Tomatoes", "v": 0.0006335845759029851}, {"l": "Vegetables, Other", "v": 0.030964273631567962}, {"l": "Onions", "v": 0.0033294248302352942}]}, {"source": 15, "prod": 1.0, "target": 23, "value": 0.0023583425880833336, "supply": [{"l": "Nuts", "v": 0.0023583425880833336}]}, {"source": 11, "prod": 10.0, "target": 23, "value": 0.0030430226943010752, "supply": [{"l": "Sugar cane", "v": 0.0030430226943010752}]}, {"source": 10, "prod": 4.0, "target": 23, "value": 0.0015030018128320474, "supply": [{"l": "Beverages, Fermented", "v": 0.0015030018128320474}]}, {"source": 0, "prod": 51.0, "target": 23, "value": 0.04498279540338472, "supply": [{"l": "Potatoes", "v": 0.0063000247229363961}, {"l": "Sweet potatoes", "v": 0.012367587293320737}, {"l": "Cassava", "v": 0.026315183387127582}]}, {"source": 13, "prod": 11.0, "target": 23, "value": 0.042775372151783203, "supply": [{"l": "Beans", "v": 0.035057160045328654}, {"l": "Pulses, Other", "v": 0.007718212106454546}]}, {"source": 3, "prod": 111.0, "target": 23, "value": 0.084382667588994875, "supply": [{"l": "Plantains", "v": 0.055280763559895502}, {"l": "Citrus, Other", "v": 0.00062734236333251243}, {"l": "Pineapples", "v": 0.0013861278885061226}, {"l": "Bananas", "v": 0.011965818769067113}, {"l": "Fruits, Other", "v": 0.015122615008193611}]}, {"source": 2, "prod": 110.0, "target": 23, "value": 0.41796115502953179, "supply": [{"l": "Maize", "v": 0.27738159481963015}, {"l": "Rice", "v": 0.028951128496741547}, {"l": "Sorghum", "v": 0.057758523119651552}, {"l": "Wheat", "v": 0.0064809414634351145}, {"l": "Millet", "v": 0.047388967130073407}]}, {"source": 19, "prod": 1.0, "target": 23, "value": 0.0014765275334086957, "supply": [{"l": "Eggs", "v": 0.0014765275334086957}]}, {"source": 24, "prod": 68.0, "target": 1, "value": 0.051880839370139709, "supply": [{"l": "Milk - Excluding Butter", "v": 0.040147975011418653}, {"l": "Fish, Seafood", "v": 0.0047015433296942214}, {"l": "Demersal Fish", "v": 0.0048514476097714296}, {"l": "Bovine Meat", "v": 0.0021798734192554057}]}, {"source": 24, "prod": 66.0, "target": 2, "value": 0.24072198453229474, "supply": [{"l": "Maize", "v": 0.094993696856037702}, {"l": "Barley", "v": 0.026598235119690564}, {"l": "Rice", "v": 0.041358754995345068}, {"l": "Wheat", "v": 0.077771297561221392}]}, {"source": 24, "prod": 5.0, "target": 13, "value": 0.019295530266136365, "supply": [{"l": "Pulses, Other", "v": 0.019295530266136365}]}, {"source": 24, "prod": 44.0, "target": 21, "value": 0.2354014278007763, "supply": [{"l": "Sugar", "v": 0.12466943660373159}, {"l": "Cottonseed Oil", "v": 0.010376707387566665}, {"l": "Beer", "v": 0.0010774153955710661}, {"l": "Fats, Animals, Raw", "v": 0.035241647731358489}, {"l": "Sweeteners, Other", "v": 0.0038984846864234695}, {"l": "Soyabean Oil", "v": 0.0070750277642500003}, {"l": "Palm Oil", "v": 0.053062708231874998}]}, {"source": 24, "prod": 8.0, "target": 9, "value": 0.0022152844306992762, "supply": [{"l": "Tomatoes", "v": 0.0002111948586343284}, {"l": "Vegetables, Other", "v": 0.001587911468285536}, {"l": "Onions", "v": 0.00041617810377941178}]}, {"source": 24, "prod": 1.0, "target": 18, "value": 0.0011622222200000001, "supply": [{"l": "Tea", "v": 0.0011622222200000001}]}, {"source": 24, "prod": 2.0, "target": 3, "value": 0.0023592557894727166, "supply": [{"l": "Dates", "v": 0.0018866740704666664}, {"l": "Fruits, Other", "v": 0.00047258171900605036}]}, {"source": 20, "prod": 70.0, "target": 25, "value": 0.2600248824252166, "supply": [{"l": "Cottonseed", "v": 0.0044684385879473695}, {"l": "Sunflower seed", "v": 0.011171096469868422}, {"l": "Coconuts - Incl Copra", "v": 0.054104337497308676}, {"l": "Sesame seed", "v": 0.013405315763842109}, {"l": "Oilcrops, Other", "v": 0.17687569410625004}]}, {"source": 8, "prod": 116.0, "target": 25, "value": 0.27356774021766672, "supply": [{"l": "Treenuts", "v": 0.27356774021766672}]}, {"source": 15, "prod": 116.0, "target": 25, "value": 0.27356774021766672, "supply": [{"l": "Nuts", "v": 0.27356774021766672}]}, {"source": 0, "prod": 17.0, "target": 25, "value": 0.014479470183511922, "supply": [{"l": "Potatoes", "v": 0.008100031786632508}, {"l": "Cassava", "v": 0.0063794383968794133}]}, {"source": 13, "prod": 37.0, "target": 25, "value": 0.14412388018635111, "supply": [{"l": "Beans", "v": 0.14412388018635111}]}, {"source": 6, "prod": 26.0, "target": 25, "value": 0.020210760528504308, "supply": [{"l": "Fish, Seafood", "v": 0.01018667721433748}, {"l": "Freshwater Fish", "v": 0.010024083314166828}]}, {"source": 3, "prod": 1.0, "target": 25, "value": 0.00047258171900605036, "supply": [{"l": "Fruits, Other", "v": 0.00047258171900605036}]}, {"source": 2, "prod": 42.0, "target": 25, "value": 0.15954393682580797, "supply": [{"l": "Maize", "v": 0.11019268835300375}, {"l": "Rice", "v": 0.016543501998138026}, {"l": "Millet", "v": 0.032807746474666201}]}, {"source": 16, "prod": 8.0, "target": 25, "value": 0.080910067957793763, "supply": [{"l": "Coconut Oil", "v": 0.050168378691954549}, {"l": "Oilcrops Oil, Other", "v": 0.009988274490705884}, {"l": "Cottonseed Oil", "v": 0.02075341477513333}]}, {"source": 17, "prod": 9.0, "target": 25, "value": 0.027289392804964292, "supply": [{"l": "Cloves", "v": 0.027289392804964292}]}, {"source": 18, "prod": 44.0, "target": 25, "value": 0.022032827735650004, "supply": [{"l": "Coffee", "v": 0.012735049975650002}, {"l": "Tea", "v": 0.0092977777600000006}]}, {"source": 7, "prod": 10.0, "target": 25, "value": 0.021798734192554056, "supply": [{"l": "Bovine Meat", "v": 0.021798734192554056}]}, {"source": 26, "prod": 13.0, "target": 20, "value": 0.087134552464973689, "supply": [{"l": "Sunflower seed", "v": 0.0022342192939736848}, {"l": "Oilcrops, Other", "v": 0.084900333171}]}, {"source": 7, "prod": 5.0, "target": 27, "value": 0.010899367096277028, "supply": [{"l": "Bovine Meat", "v": 0.010899367096277028}]}, {"source": 26, "prod": 1.0, "target": 18, "value": 0.0011622222200000001, "supply": [{"l": "Tea", "v": 0.0011622222200000001}]}, {"source": 15, "prod": 8.0, "target": 27, "value": 0.018866740704666669, "supply": [{"l": "Nuts", "v": 0.018866740704666669}]}, {"source": 8, "prod": 8.0, "target": 27, "value": 0.018866740704666669, "supply": [{"l": "Treenuts", "v": 0.018866740704666669}]}, {"source": 20, "prod": 1.0, "target": 27, "value": 0.0064210336011680672, "supply": [{"l": "Groundnuts", "v": 0.0064210336011680672}]}, {"source": 18, "prod": 11.0, "target": 27, "value": 0.0038912652703374999, "supply": [{"l": "Coffee", "v": 0.0038912652703374999}]}, {"source": 26, "prod": 2.0, "target": 13, "value": 0.007718212106454546, "supply": [{"l": "Pulses, Other", "v": 0.007718212106454546}]}, {"source": 26, "prod": 4.0, "target": 21, "value": 0.041506829550266661, "supply": [{"l": "Cottonseed Oil", "v": 0.041506829550266661}]}, {"source": 26, "prod": 90.0, "target": 2, "value": 0.34197730868173581, "supply": [{"l": "Maize", "v": 0.34197730868173581}]}, {"source": 1, "prod": 435.0, "target": 4, "value": 0.31753398418122025, "supply": [{"l": "Milk - Excluding Butter", "v": 0.31753398418122025}]}, {"source": 1, "prod": 17.0, "target": 19, "value": 0.025100968067947829, "supply": [{"l": "Eggs", "v": 0.026577495601356527}]}, {"source": 1, "prod": 185.0, "target": 7, "value": 0.38048025793132728, "supply": [{"l": "Pigmeat", "v": 0.019592384577923082}, {"l": "Bovine Meat", "v": 0.25940493689139327}, {"l": "Poultry Meat", "v": 0.024526762916066668}, {"l": "Offals, Edible", "v": 0.029742154932515925}, {"l": "Meat, Other", "v": 0.0059430233219700005}, {"l": "Mutton & Goat Meat", "v": 0.041270995291458341}]}, {"source": 1, "prod": 376.0, "target": 6, "value": 0.2945957314663939, "supply": [{"l": "Demersal Fish", "v": 0.01212861902442857}, {"l": "Freshwater Fish", "v": 0.12337333309743789}, {"l": "Pelagic Fish", "v": 0.0060643095122142861}, {"l": "Marine Fish, Other", "v": 0.0057144455018942305}, {"l": "Fish, Seafood", "v": 0.14731502433041893}]}, {"source": 21, "prod": 147.0, "target": 14, "value": 0.61836576903181617, "supply": [{"l": "Honey", "v": 0.031444567841111118}, {"l": "Sweeteners, Other", "v": 0.0038984846864234695}, {"l": "Sugar non-centrifugal", "v": 0.03032154756107143}, {"l": "Sugar", "v": 0.55270116894321009}]}, {"source": 21, "prod": 52.0, "target": 16, "value": 0.52559096693565655, "supply": [{"l": "Sesameseed Oil", "v": 0.018192928536642859}, {"l": "Soyabean Oil", "v": 0.0070750277642500003}, {"l": "Coconut Oil", "v": 0.13043778459908181}, {"l": "Cottonseed Oil", "v": 0.21791085513890002}, {"l": "Groundnut Oil", "v": 0.0094333703523333343}, {"l": "Palm Oil", "v": 0.074287791524625002}, {"l": "Palmkernel Oil", "v": 0.028300111057000001}, {"l": "Oilcrops Oil, Other", "v": 0.039953097962823536}]}, {"source": 21, "prod": 10.0, "target": 12, "value": 0.088483515057561579, "supply": [{"l": "Fats, Animals, Raw", "v": 0.061672883529877362}, {"l": "Butter, Ghee", "v": 0.026810631527684217}]}, {"source": 21, "prod": 682.0, "target": 10, "value": 0.27585007475122431, "supply": [{"l": "Beer", "v": 0.029628923378204317}, {"l": "Beverages, Alcoholic", "v": 0.012128619024428572}, {"l": "Beverages, Fermented", "v": 0.23409253234859143}]}, {"source": 28, "prod": 0, "target": 20, "value": 0.0014903989572305973, "supply": "[{\"l\":'Energy for power irrigation',\"v\":0.0014903989572305973}]"}, {"source": 28, "prod": 0, "target": 8, "value": 0.00038366705829698548, "supply": "[{\"l\":'Energy for power irrigation',\"v\":0.00038366705829698548}]"}, {"source": 28, "prod": 0, "target": 9, "value": 0.0025705692905898026, "supply": "[{\"l\":'Energy for power irrigation',\"v\":0.0025705692905898026}]"}, {"source": 28, "prod": 0, "target": 11, "value": 0.0035149805110131515, "supply": "[{\"l\":'Energy for power irrigation',\"v\":0.0035149805110131515}]"}, {"source": 28, "prod": 0, "target": 0, "value": 0.010316216940593174, "supply": "[{\"l\":'Energy for power irrigation',\"v\":0.010316216940593174}]"}, {"source": 28, "prod": 0, "target": 13, "value": 0.00055041466440298298, "supply": "[{\"l\":'Energy for power irrigation',\"v\":0.00055041466440298298}]"}, {"source": 28, "prod": 0, "target": 15, "value": 0.00038366705829698548, "supply": "[{\"l\":'Energy for power irrigation',\"v\":0.00038366705829698548}]"}, {"source": 28, "prod": 0, "target": 2, "value": 0.0036920576148425296, "supply": "[{\"l\":'Energy for power irrigation',\"v\":0.0036920576148425296}]"}, {"source": 28, "prod": 0, "target": 17, "value": 4.2793633425432997e-05, "supply": "[{\"l\":'Energy for power irrigation',\"v\":4.2793633425432997e-05}]"}, {"source": 28, "prod": 0, "target": 18, "value": 0.00017707710382937791, "supply": "[{\"l\":'Energy for power irrigation',\"v\":0.00017707710382937791}]"}, {"source": 28, "prod": 0, "target": 3, "value": 0.0024879333088027597, "supply": "[{\"l\":'Energy for power irrigation',\"v\":0.0024879333088027597}]"}, {"source": 28, "prod": 0, "target": 21, "value": 0.019291999999999997, "supply": "[{\"l\":'Electricity',\"v\":0.019291999999999997}]"}, {"source": 29, "prod": 0, "target": 28, "value": 0.04379956725115728, "supply": [{"l": "Coal", "v": 0.0}, {"l": "Natural gas", "v": 0.0}, {"l": "Oil", "v": 0.04379956725115728}]}, {"source": 30, "prod": 0, "target": 28, "value": 0.028257940585884014, "supply": [{"l": "Nuclear", "v": 0.0}, {"l": "Hydroelectric", "v": 0.028257940585884014}, {"l": "Renewable", "v": 0.0}]}, {"source": 29, "prod": 0, "target": 20, "value": 0.23332150839901675, "supply": [{"l": "Other fossil fuels", "v": 0.23332150839901675}]}, {"source": 29, "prod": 0, "target": 8, "value": 0.060062962558162729, "supply": [{"l": "Other fossil fuels", "v": 0.060062962558162729}]}, {"source": 29, "prod": 0, "target": 9, "value": 0.40242184913969026, "supply": [{"l": "Other fossil fuels", "v": 0.40242184913969026}]}, {"source": 29, "prod": 0, "target": 11, "value": 0.5502691415905524, "supply": [{"l": "Other fossil fuels", "v": 0.5502691415905524}]}, {"source": 29, "prod": 0, "target": 0, "value": 1.615000658631214, "supply": [{"l": "Other fossil fuels", "v": 1.615000658631214}]}, {"source": 29, "prod": 0, "target": 13, "value": 0.086167250131518075, "supply": [{"l": "Other fossil fuels", "v": 0.086167250131518075}]}, {"source": 29, "prod": 0, "target": 15, "value": 0.060062962558162729, "supply": [{"l": "Other fossil fuels", "v": 0.060062962558162729}]}, {"source": 29, "prod": 0, "target": 2, "value": 0.57799050892508907, "supply": [{"l": "Other fossil fuels", "v": 0.57799050892508907}]}, {"source": 29, "prod": 0, "target": 17, "value": 0.0066993304391796899, "supply": [{"l": "Other fossil fuels", "v": 0.0066993304391796899}]}, {"source": 29, "prod": 0, "target": 18, "value": 0.027721367334536645, "supply": [{"l": "Other fossil fuels", "v": 0.027721367334536645}]}, {"source": 29, "prod": 0, "target": 3, "value": 0.38948521105023987, "supply": [{"l": "Other fossil fuels", "v": 0.38948521105023987}]}, {"source": 31, "prod": 1.012618841832325, "target": 20, "value": 0.012759514719385238, "supply": [{"l": "Potash", "v": 0.008204444451008}, {"l": "Phosphate", "v": 0.014729166678449998}, {"l": "Nitrogen", "v": 0.19631527793482995}]}, {"source": 31, "prod": 0.26067415730337079, "target": 8, "value": 0.003284627551524913, "supply": [{"l": "Potash", "v": 0.008204444451008}, {"l": "Phosphate", "v": 0.014729166678449998}, {"l": "Nitrogen", "v": 0.19631527793482995}]}, {"source": 31, "prod": 1.7465168539325842, "target": 9, "value": 0.022007004595216918, "supply": [{"l": "Potash", "v": 0.008204444451008}, {"l": "Phosphate", "v": 0.014729166678449998}, {"l": "Nitrogen", "v": 0.19631527793482995}]}, {"source": 31, "prod": 2.3881763180639584, "target": 11, "value": 0.030092241645124397, "supply": [{"l": "Potash", "v": 0.008204444451008}, {"l": "Phosphate", "v": 0.014729166678449998}, {"l": "Nitrogen", "v": 0.19631527793482995}]}, {"source": 31, "prod": 7.0091270527225573, "target": 0, "value": 0.088318581587348718, "supply": [{"l": "Potash", "v": 0.008204444451008}, {"l": "Phosphate", "v": 0.014729166678449998}, {"l": "Nitrogen", "v": 0.19631527793482995}]}, {"source": 31, "prod": 0.37396715643906653, "target": 13, "value": 0.0047121772181492024, "supply": [{"l": "Potash", "v": 0.008204444451008}, {"l": "Phosphate", "v": 0.014729166678449998}, {"l": "Nitrogen", "v": 0.19631527793482995}]}, {"source": 31, "prod": 0.26067415730337079, "target": 15, "value": 0.003284627551524913, "supply": [{"l": "Potash", "v": 0.008204444451008}, {"l": "Phosphate", "v": 0.014729166678449998}, {"l": "Nitrogen", "v": 0.19631527793482995}]}, {"source": 31, "prod": 2.5084874675885911, "target": 2, "value": 0.031608223591982051, "supply": [{"l": "Potash", "v": 0.008204444451008}, {"l": "Phosphate", "v": 0.014729166678449998}, {"l": "Nitrogen", "v": 0.19631527793482995}]}, {"source": 31, "prod": 0.029075194468452897, "target": 17, "value": 0.00036636230382393261, "supply": [{"l": "Potash", "v": 0.008204444451008}, {"l": "Phosphate", "v": 0.014729166678449998}, {"l": "Nitrogen", "v": 0.19631527793482995}]}, {"source": 31, "prod": 0.12031114952463266, "target": 18, "value": 0.0015159819468576522, "supply": [{"l": "Potash", "v": 0.008204444451008}, {"l": "Phosphate", "v": 0.014729166678449998}, {"l": "Nitrogen", "v": 0.19631527793482995}]}, {"source": 31, "prod": 1.6903716508210891, "target": 3, "value": 0.021299546353350015, "supply": [{"l": "Potash", "v": 0.008204444451008}, {"l": "Phosphate", "v": 0.014729166678449998}, {"l": "Nitrogen", "v": 0.19631527793482995}]}, {"source": 29, "prod": 0, "target": 31, "value": 0.26621436707420576, "supply": [{"l": "Natural gas (including LNG)", "v": 0.17890807113206325}, {"l": "Fuel oil", "v": 0.052603411345171172}, {"l": "Liquefied petroleum gas (LPG)", "v": 0.017351442298485668}, {"l": "Coal", "v": 0.017351442298485668}]}, {"source": 32, "prod": 0, "target": 8, "value": 0.040167951240208, "supply": "[{\"l\":'Labor',\"v\":0.040167951240208}]"}, {"source": 32, "prod": 0, "target": 9, "value": 0.26912527330939362, "supply": "[{\"l\":'Labor',\"v\":0.26912527330939362}]"}, {"source": 32, "prod": 0, "target": 11, "value": 0.36800023020836714, "supply": "[{\"l\":'Labor',\"v\":0.36800023020836714}]"}, {"source": 32, "prod": 0, "target": 20, "value": 0.15603704135619262, "supply": "[{\"l\":'Labor',\"v\":0.15603704135619262}]"}, {"source": 32, "prod": 0, "target": 0, "value": 1.0800544120011313, "supply": "[{\"l\":'Labor',\"v\":1.0800544120011313}]"}, {"source": 32, "prod": 0, "target": 13, "value": 0.057625560817683018, "supply": "[{\"l\":'Labor',\"v\":0.057625560817683018}]"}, {"source": 32, "prod": 0, "target": 3, "value": 0.26047371458073343, "supply": "[{\"l\":'Labor',\"v\":0.26047371458073343}]"}, {"source": 32, "prod": 0, "target": 2, "value": 0.38653928462692472, "supply": "[{\"l\":'Labor',\"v\":0.38653928462692472}]"}, {"source": 32, "prod": 0, "target": 17, "value": 0.0044802714844847389, "supply": "[{\"l\":'Labor',\"v\":0.0044802714844847389}]"}, {"source": 32, "prod": 0, "target": 18, "value": 0.018539054418557539, "supply": "[{\"l\":'Labor',\"v\":0.018539054418557539}]"}, {"source": 32, "prod": 0, "target": 15, "value": 0.040167951240208, "supply": "[{\"l\":'Labor',\"v\":0.040167951240208}]"}, {"source": 29, "prod": 0, "target": 24, "value": 0.35464355026580358, "supply": "[{\"l\":'Fossil Fuels',\"v\":0.35464355026580358}]"}, {"source": 30, "prod": 0, "target": 24, "value": 3.461000286413404, "supply": "[{\"l\":'Renewables & Nuclear',\"v\":0.01338313656611192},{\"l\":'Biomass & Waste',\"v\":3.4476171498472921}]"}]}