{"nodes": [{"layer": 5, "name": "Maize"}, {"layer": 10, "name": "Feed", "fill": "#dbdb8d"}, {"layer": 5, "name": "Oats"}, {"layer": 5, "name": "Plantains"}, {"layer": 5, "name": "Millet"}, {"layer": 5, "name": "Sorghum"}, {"layer": 5, "name": "Cassava"}, {"layer": 16, "name": "Food", "fill": "#b5cf6b"}, {"layer": 5, "name": "Nuts"}, {"layer": 5, "name": "Yams"}, {"layer": 13, "name": "Sugar", "fill": "#d6616b"}, {"layer": 13, "name": "Oilcrops Oil, Other"}, {"layer": 5, "name": "Citrus, Other"}, {"layer": 13, "name": "Beer"}, {"layer": 13, "name": "Groundnut Oil"}, {"layer": 13, "name": "Beverages, Alcoholic"}, {"layer": 13, "name": "Honey"}, {"layer": 13, "name": "Sugar non-centrifugal"}, {"layer": 13, "name": "Butter, Ghee"}, {"layer": 5, "name": "Tomatoes"}, {"layer": 5, "name": "Cloves"}, {"layer": 13, "name": "Fats, Animals, Raw"}, {"layer": 5, "name": "Coffee"}, {"layer": 5, "name": "Rice"}, {"layer": 5, "name": "Wheat"}, {"layer": 13, "name": "Soyabean Oil"}, {"layer": 5, "name": "Coconuts - Incl Copra"}, {"layer": 5, "name": "Treenuts"}, {"layer": 13, "name": "Eggs"}, {"layer": 5, "name": "Vegetables, Other"}, {"layer": 5, "name": "Peas"}, {"layer": 13, "name": "Marine Fish, Other"}, {"layer": 5, "name": "Groundnuts"}, {"layer": 13, "name": "Palm Oil"}, {"layer": 5, "name": "Sugar cane"}, {"layer": 13, "name": "Coconut Oil"}, {"layer": 5, "name": "Sunflower seed"}, {"layer": 13, "name": "Pigmeat"}, {"layer": 5, "name": "Potatoes"}, {"layer": 13, "name": "Freshwater Fish"}, {"layer": 5, "name": "Pimento"}, {"layer": 13, "name": "Milk - Excluding Butter"}, {"layer": 13, "name": "Sesameseed Oil"}, {"layer": 5, "name": "Beans"}, {"layer": 5, "name": "Pulses, Other"}, {"layer": 13, "name": "Fish, Seafood"}, {"layer": 13, "name": "Meat, Other"}, {"layer": 13, "name": "Mutton & Goat Meat"}, {"layer": 13, "name": "Pelagic Fish"}, {"layer": 5, "name": "Bananas"}, {"layer": 13, "name": "Beverages, Fermented"}, {"layer": 5, "name": "Tea"}, {"layer": 5, "name": "Fruits, Other"}, {"layer": 13, "name": "Poultry Meat"}, {"layer": 13, "name": "Offals, Edible"}, {"layer": 5, "name": "Sweet potatoes"}, {"layer": 13, "name": "Demersal Fish"}, {"layer": 13, "name": "Bovine Meat"}, {"layer": 13, "name": "Cottonseed Oil"}, {"layer": 5, "name": "Onions"}, {"layer": 5, "name": "Pineapples"}, {"layer": 10, "name": "Processing", "fill": "#9edae5"}, {"layer": 5, "name": "Cottonseed"}, {"layer": 5, "name": "Sesame seed"}, {"layer": 5, "name": "Barley"}, {"layer": 5, "name": "Oilcrops, Other"}, {"layer": 13, "name": "Aquatic Plants"}, {"layer": 16, "name": "Biofuels & Other", "fill": "#e7ba52"}, {"layer": 13, "name": "Aquatic Products, Other"}, {"name": "Seed", "fill": "#dbdb8d"}, {"name": "Waste", "fill": "#c7c7c7"}, {"layer": 0, "name": "Import", "fill": "#aec7e8"}, {"layer": 16, "name": "Export", "fill": "#aec7e8"}, {"layer": 5, "name": "Palm kernels"}, {"layer": 0, "name": "Stock Draw", "fill": "#c7c7c7"}, {"layer": 16, "name": "Stock Deposit", "fill": "#c7c7c7"}, {"layer": 0, "name": "Production", "fill": "#b5cf6b"}, {"layer": 5, "name": "Oil Palm"}], "links": [{"source": 0, "prod": 0.17075416538517652, "target": 1, "value": 45.0, "supply": [{"l": "Maize", "v": 45.0}]}, {"source": 2, "prod": 0.0024257238048857148, "target": 1, "value": 1.0, "supply": [{"l": "Oats", "v": 1.0}]}, {"source": 3, "prod": 0.0072337515374813859, "target": 1, "value": 7.0, "supply": [{"l": "Plantains", "v": 7.0}]}, {"source": 4, "prod": 0.0073826376670434778, "target": 1, "value": 2.0, "supply": [{"l": "Millet", "v": 2.0}]}, {"source": 5, "prod": 0.01143555508017551, "target": 1, "value": 3.0, "supply": [{"l": "Sorghum", "v": 3.0}]}, {"source": 6, "prod": 0.01444887234269588, "target": 1, "value": 18.0, "supply": [{"l": "Cassava", "v": 18.0}]}, {"source": 0, "prod": 2.0528445216306777, "target": 7, "value": 541.0, "supply": [{"l": "Maize", "v": 541.0}]}, {"source": 3, "prod": 0.26868219996359433, "target": 7, "value": 260.0, "supply": [{"l": "Plantains", "v": 260.0}]}, {"source": 8, "prod": 0.009988274490705884, "target": 7, "value": 4.0, "supply": [{"l": "Nuts", "v": 4.0}]}, {"source": 9, "prod": 0.0050535912601785728, "target": 7, "value": 5.0, "supply": [{"l": "Yams", "v": 5.0}]}, {"source": 10, "prod": 0.34660342201769079, "target": 7, "value": 84.0, "supply": [{"l": "Sugar", "v": 84.0}]}, {"source": 11, "prod": 0.030321547561071433, "target": 7, "value": 3.0, "supply": [{"l": "Oilcrops Oil, Other", "v": 3.0}]}, {"source": 12, "prod": 0.0052086093969938652, "target": 7, "value": 20.0, "supply": [{"l": "Citrus, Other", "v": 20.0}]}, {"source": 13, "prod": 0.010668104691643981, "target": 7, "value": 24.0, "supply": [{"l": "Beer", "v": 24.0}]}, {"source": 14, "prod": 0.0084900333171, "target": 7, "value": 1.0, "supply": [{"l": "Groundnut Oil", "v": 1.0}]}, {"source": 15, "prod": 0.0090964642683214296, "target": 7, "value": 3.0, "supply": [{"l": "Beverages, Alcoholic", "v": 3.0}]}, {"source": 16, "prod": 0.019976548981411761, "target": 7, "value": 6.0, "supply": [{"l": "Honey", "v": 6.0}]}, {"source": 17, "prod": 0.0060643095122142861, "target": 7, "value": 1.0, "supply": [{"l": "Sugar non-centrifugal", "v": 1.0}]}, {"source": 18, "prod": 0.037143895762312501, "target": 7, "value": 4.0, "supply": [{"l": "Butter, Ghee", "v": 4.0}]}, {"source": 19, "prod": 0.0053672624418448275, "target": 7, "value": 22.0, "supply": [{"l": "Tomatoes", "v": 22.0}]}, {"source": 20, "prod": 0.0053062708231875, "target": 7, "value": 2.0, "supply": [{"l": "Cloves", "v": 2.0}]}, {"source": 21, "prod": 0.070961472501134326, "target": 7, "value": 8.0, "supply": [{"l": "Fats, Animals, Raw", "v": 8.0}]}, {"source": 22, "prod": 0.0010701722668613445, "target": 7, "value": 3.0, "supply": [{"l": "Coffee", "v": 3.0}]}, {"source": 23, "prod": 0.33173537532282771, "target": 7, "value": 81.0, "supply": [{"l": "Rice", "v": 81.0}]}, {"source": 24, "prod": 0.20947371922564487, "target": 7, "value": 66.0, "supply": [{"l": "Wheat", "v": 66.0}]}, {"source": 25, "prod": 0.012128619024428572, "target": 7, "value": 1.0, "supply": [{"l": "Soyabean Oil", "v": 1.0}]}, {"source": 26, "prod": 0.17955816908795619, "target": 7, "value": 105.0, "supply": [{"l": "Coconuts - Incl Copra", "v": 105.0}]}, {"source": 27, "prod": 0.009988274490705884, "target": 7, "value": 4.0, "supply": [{"l": "Treenuts", "v": 4.0}]}, {"source": 28, "prod": 0.021610993898072729, "target": 7, "value": 14.0, "supply": [{"l": "Eggs", "v": 14.0}]}, {"source": 29, "prod": 0.16334362521236467, "target": 7, "value": 621.0, "supply": [{"l": "Vegetables, Other", "v": 621.0}]}, {"source": 30, "prod": 0.019744263528139537, "target": 7, "value": 5.0, "supply": [{"l": "Peas", "v": 5.0}]}, {"source": 31, "prod": 0.016194861240710984, "target": 7, "value": 22.0, "supply": [{"l": "Marine Fish, Other", "v": 22.0}]}, {"source": 32, "prod": 0.13265677057968753, "target": 7, "value": 21.0, "supply": [{"l": "Groundnuts", "v": 21.0}]}, {"source": 33, "prod": 0.012128619024428572, "target": 7, "value": 1.0, "supply": [{"l": "Palm Oil", "v": 1.0}]}, {"source": 34, "prod": 0.0018783259551106199, "target": 7, "value": 5.0, "supply": [{"l": "Sugar cane", "v": 5.0}]}, {"source": 35, "prod": 0.092931445768256765, "target": 7, "value": 9.0, "supply": [{"l": "Coconut Oil", "v": 9.0}]}, {"source": 36, "prod": 0.0097961922889615374, "target": 7, "value": 3.0, "supply": [{"l": "Sunflower seed", "v": 3.0}]}, {"source": 37, "prod": 0.014150055528500001, "target": 7, "value": 3.0, "supply": [{"l": "Pigmeat", "v": 3.0}]}, {"source": 38, "prod": 0.015700746545321921, "target": 7, "value": 18.0, "supply": [{"l": "Potatoes", "v": 18.0}]}, {"source": 39, "prod": 0.073693489192427991, "target": 7, "value": 93.0, "supply": [{"l": "Freshwater Fish", "v": 93.0}]}, {"source": 40, "prod": 0.0097961922889615374, "target": 7, "value": 3.0, "supply": [{"l": "Pimento", "v": 3.0}]}, {"source": 41, "prod": 0.28467970844548474, "target": 7, "value": 402.0, "supply": [{"l": "Milk - Excluding Butter", "v": 402.0}]}, {"source": 42, "prod": 0.019976548981411768, "target": 7, "value": 2.0, "supply": [{"l": "Sesameseed Oil", "v": 2.0}]}, {"source": 43, "prod": 0.35355594545658159, "target": 7, "value": 90.0, "supply": [{"l": "Beans", "v": 90.0}]}, {"source": 44, "prod": 0.11000915510880641, "target": 7, "value": 29.0, "supply": [{"l": "Pulses, Other", "v": 29.0}]}, {"source": 45, "prod": 0.10003149606524561, "target": 7, "value": 127.0, "supply": [{"l": "Fish, Seafood", "v": 127.0}]}, {"source": 46, "prod": 0.010612541646375002, "target": 7, "value": 7.0, "supply": [{"l": "Meat, Other", "v": 7.0}]}, {"source": 5, "prod": 0.23252295329690206, "target": 7, "value": 61.0, "supply": [{"l": "Sorghum", "v": 61.0}]}, {"source": 47, "prod": 0.0424501665855, "target": 7, "value": 20.0, "supply": [{"l": "Mutton & Goat Meat", "v": 20.0}]}, {"source": 48, "prod": 0.0022857782007576926, "target": 7, "value": 2.0, "supply": [{"l": "Pelagic Fish", "v": 2.0}]}, {"source": 49, "prod": 0.041942794076509964, "target": 7, "value": 62.0, "supply": [{"l": "Bananas", "v": 62.0}]}, {"source": 50, "prod": 0.22122295015535015, "target": 7, "value": 590.0, "supply": [{"l": "Beverages, Fermented", "v": 590.0}]}, {"source": 51, "prod": 0.0023244444400000001, "target": 7, "value": 2.0, "supply": [{"l": "Tea", "v": 2.0}]}, {"source": 52, "prod": 0.11569620205349923, "target": 7, "value": 236.0, "supply": [{"l": "Fruits, Other", "v": 236.0}]}, {"source": 4, "prod": 0.17718330400904347, "target": 7, "value": 48.0, "supply": [{"l": "Millet", "v": 48.0}]}, {"source": 53, "prod": 0.015700746545321921, "target": 7, "value": 9.0, "supply": [{"l": "Poultry Meat", "v": 9.0}]}, {"source": 54, "prod": 0.027013742372590913, "target": 7, "value": 21.0, "supply": [{"l": "Offals, Edible", "v": 21.0}]}, {"source": 55, "prod": 0.26811664825404957, "target": 7, "value": 241.0, "supply": [{"l": "Sweet potatoes", "v": 241.0}]}, {"source": 56, "prod": 0.0053062708231875, "target": 7, "value": 10.0, "supply": [{"l": "Demersal Fish", "v": 10.0}]}, {"source": 57, "prod": 0.19020589663202575, "target": 7, "value": 87.0, "supply": [{"l": "Bovine Meat", "v": 87.0}]}, {"source": 58, "prod": 0.16465519160436365, "target": 7, "value": 16.0, "supply": [{"l": "Cottonseed Oil", "v": 16.0}]}, {"source": 59, "prod": 0.010376707387566665, "target": 7, "value": 22.0, "supply": [{"l": "Onions", "v": 22.0}]}, {"source": 60, "prod": 0.010566994257334766, "target": 7, "value": 29.0, "supply": [{"l": "Pineapples", "v": 29.0}]}, {"source": 6, "prod": 2.4803897521627927, "target": 7, "value": 3090.0, "supply": [{"l": "Cassava", "v": 3090.0}]}, {"source": 36, "prod": 0.0032653974296538461, "target": 61, "value": 1.0, "supply": [{"l": "Sunflower seed", "v": 1.0}]}, {"source": 0, "prod": 0.0037945370085594775, "target": 61, "value": 1.0, "supply": [{"l": "Maize", "v": 1.0}]}, {"source": 49, "prod": 0.0060884701078804792, "target": 61, "value": 9.0, "supply": [{"l": "Bananas", "v": 9.0}]}, {"source": 26, "prod": 0.21375972510470975, "target": 61, "value": 125.0, "supply": [{"l": "Coconuts - Incl Copra", "v": 125.0}]}, {"source": 62, "prod": 0.38858229412880774, "target": 61, "value": 119.0, "supply": [{"l": "Cottonseed", "v": 119.0}]}, {"source": 3, "prod": 0.037202150764189978, "target": 61, "value": 36.0, "supply": [{"l": "Plantains", "v": 36.0}]}, {"source": 63, "prod": 0.013061589718615384, "target": 61, "value": 4.0, "supply": [{"l": "Sesame seed", "v": 4.0}]}, {"source": 4, "prod": 0.17718330400904347, "target": 61, "value": 48.0, "supply": [{"l": "Millet", "v": 48.0}]}, {"source": 64, "prod": 0.011383611025678433, "target": 61, "value": 3.0, "supply": [{"l": "Barley", "v": 3.0}]}, {"source": 32, "prod": 0.02526795630089286, "target": 61, "value": 4.0, "supply": [{"l": "Groundnuts", "v": 4.0}]}, {"source": 65, "prod": 0.054578785609928585, "target": 61, "value": 9.0, "supply": [{"l": "Oilcrops, Other", "v": 9.0}]}, {"source": 17, "prod": 0.018192928536642859, "target": 61, "value": 3.0, "supply": [{"l": "Sugar non-centrifugal", "v": 3.0}]}, {"source": 5, "prod": 0.23252295329690206, "target": 61, "value": 61.0, "supply": [{"l": "Sorghum", "v": 61.0}]}, {"source": 34, "prod": 0.3226963990880044, "target": 61, "value": 859.0, "supply": [{"l": "Sugar cane", "v": 859.0}]}, {"source": 66, "prod": 0.0015237796317128483, "target": 67, "value": 2.0, "supply": [{"l": "Aquatic Plants", "v": 2.0}]}, {"source": 68, "prod": 0.0015237796317128483, "target": 67, "value": 2.0, "supply": [{"l": "Aquatic Products, Other", "v": 2.0}]}, {"source": 6, "prod": 0.02327873877434336, "target": 67, "value": 29.0, "supply": [{"l": "Cassava", "v": 29.0}]}, {"source": 0, "prod": 0.075890740171189561, "target": 69, "value": 20.0, "supply": [{"l": "Maize", "v": 20.0}]}, {"source": 24, "prod": 0.012695376922766354, "target": 69, "value": 4.0, "supply": [{"l": "Wheat", "v": 4.0}]}, {"source": 62, "prod": 0.029388576866884616, "target": 69, "value": 9.0, "supply": [{"l": "Cottonseed", "v": 9.0}]}, {"source": 38, "prod": 0.0078503732726609605, "target": 69, "value": 9.0, "supply": [{"l": "Potatoes", "v": 9.0}]}, {"source": 28, "prod": 0.0015436424212909091, "target": 28, "value": 1.0, "supply": [{"l": "Eggs", "v": 1.0}]}, {"source": 4, "prod": 0.011073956500565217, "target": 69, "value": 3.0, "supply": [{"l": "Millet", "v": 3.0}]}, {"source": 43, "prod": 0.03928399393962017, "target": 69, "value": 10.0, "supply": [{"l": "Beans", "v": 10.0}]}, {"source": 44, "prod": 0.011380257425048937, "target": 69, "value": 3.0, "supply": [{"l": "Pulses, Other", "v": 3.0}]}, {"source": 32, "prod": 0.01263397815044643, "target": 69, "value": 2.0, "supply": [{"l": "Groundnuts", "v": 2.0}]}, {"source": 23, "prod": 0.032763987686205212, "target": 69, "value": 8.0, "supply": [{"l": "Rice", "v": 8.0}]}, {"source": 5, "prod": 0.019059258466959186, "target": 69, "value": 5.0, "supply": [{"l": "Sorghum", "v": 5.0}]}, {"source": 34, "prod": 0.026296563371548679, "target": 69, "value": 70.0, "supply": [{"l": "Sugar cane", "v": 70.0}]}, {"source": 0, "prod": 0.25043944256492556, "target": 70, "value": 66.0, "supply": [{"l": "Maize", "v": 66.0}]}, {"source": 3, "prod": 0.054769833069501915, "target": 70, "value": 53.0, "supply": [{"l": "Plantains", "v": 53.0}]}, {"source": 52, "prod": 0.012746191751656694, "target": 70, "value": 26.0, "supply": [{"l": "Fruits, Other", "v": 26.0}]}, {"source": 12, "prod": 0.0005208609396993865, "target": 70, "value": 2.0, "supply": [{"l": "Citrus, Other", "v": 2.0}]}, {"source": 23, "prod": 0.020477492303878252, "target": 70, "value": 5.0, "supply": [{"l": "Rice", "v": 5.0}]}, {"source": 8, "prod": 0.002497068622676471, "target": 70, "value": 1.0, "supply": [{"l": "Nuts", "v": 1.0}]}, {"source": 24, "prod": 0.0031738442306915885, "target": 70, "value": 1.0, "supply": [{"l": "Wheat", "v": 1.0}]}, {"source": 26, "prod": 0.049592256224292655, "target": 70, "value": 29.0, "supply": [{"l": "Coconuts - Incl Copra", "v": 29.0}]}, {"source": 27, "prod": 0.002497068622676471, "target": 70, "value": 1.0, "supply": [{"l": "Treenuts", "v": 1.0}]}, {"source": 28, "prod": 0.0015436424212909091, "target": 70, "value": 1.0, "supply": [{"l": "Eggs", "v": 1.0}]}, {"source": 29, "prod": 0.028407586993454727, "target": 70, "value": 108.0, "supply": [{"l": "Vegetables, Other", "v": 108.0}]}, {"source": 63, "prod": 0.0032653974296538461, "target": 70, "value": 1.0, "supply": [{"l": "Sesame seed", "v": 1.0}]}, {"source": 19, "prod": 0.00048793294925862066, "target": 70, "value": 2.0, "supply": [{"l": "Tomatoes", "v": 2.0}]}, {"source": 32, "prod": 0.01263397815044643, "target": 70, "value": 2.0, "supply": [{"l": "Groundnuts", "v": 2.0}]}, {"source": 65, "prod": 0.0060643095122142861, "target": 70, "value": 1.0, "supply": [{"l": "Oilcrops, Other", "v": 1.0}]}, {"source": 38, "prod": 0.002616791090886987, "target": 70, "value": 3.0, "supply": [{"l": "Potatoes", "v": 3.0}]}, {"source": 41, "prod": 0.0063734263084810018, "target": 70, "value": 9.0, "supply": [{"l": "Milk - Excluding Butter", "v": 9.0}]}, {"source": 43, "prod": 0.03928399393962017, "target": 70, "value": 10.0, "supply": [{"l": "Beans", "v": 10.0}]}, {"source": 44, "prod": 0.0075868382833659586, "target": 70, "value": 2.0, "supply": [{"l": "Pulses, Other", "v": 2.0}]}, {"source": 5, "prod": 0.053365923707485725, "target": 70, "value": 14.0, "supply": [{"l": "Sorghum", "v": 14.0}]}, {"source": 60, "prod": 0.0010931373369656653, "target": 70, "value": 3.0, "supply": [{"l": "Pineapples", "v": 3.0}]}, {"source": 49, "prod": 0.012176940215760958, "target": 70, "value": 18.0, "supply": [{"l": "Bananas", "v": 18.0}]}, {"source": 50, "prod": 0.001499816611222713, "target": 70, "value": 4.0, "supply": [{"l": "Beverages, Fermented", "v": 4.0}]}, {"source": 4, "prod": 0.044295826002260869, "target": 70, "value": 12.0, "supply": [{"l": "Millet", "v": 12.0}]}, {"source": 55, "prod": 0.014462723764741264, "target": 70, "value": 13.0, "supply": [{"l": "Sweet potatoes", "v": 13.0}]}, {"source": 59, "prod": 0.0018866740704666664, "target": 70, "value": 4.0, "supply": [{"l": "Onions", "v": 4.0}]}, {"source": 6, "prod": 0.18622991019474688, "target": 70, "value": 232.0, "supply": [{"l": "Cassava", "v": 232.0}]}, {"source": 71, "prod": 0.0017445273939246577, "target": 38, "value": 2.0, "supply": [{"l": "Potatoes", "v": 2.0}]}, {"source": 71, "prod": 0.086005467676288666, "target": 23, "value": 21.0, "supply": [{"l": "Rice", "v": 21.0}]}, {"source": 71, "prod": 0.12060608076628038, "target": 24, "value": 38.0, "supply": [{"l": "Wheat", "v": 38.0}]}, {"source": 71, "prod": 0.056128379575696996, "target": 1, "value": 77.0, "supply": [{"l": "Milk - Excluding Butter", "v": 66.0}, {"l": "Fish, Seafood", "v": 5.0}, {"l": "Pelagic Fish", "v": 1.0}, {"l": "Demersal Fish", "v": 4.0}, {"l": "Bovine Meat", "v": 1.0}]}, {"source": 71, "prod": 0.00048793294925862066, "target": 19, "value": 2.0, "supply": [{"l": "Tomatoes", "v": 2.0}]}, {"source": 71, "prod": 0.01517814803423791, "target": 64, "value": 4.0, "supply": [{"l": "Barley", "v": 4.0}]}, {"source": 71, "prod": 0.14065034924649672, "target": 61, "value": 23.0, "supply": [{"l": "Sugar", "v": 7.0}, {"l": "Beer", "v": 4.0}, {"l": "Butter, Ghee", "v": 2.0}, {"l": "Fats, Animals, Raw", "v": 5.0}, {"l": "Sweeteners, Other", "v": 1.0}, {"l": "Soyabean Oil", "v": 1.0}, {"l": "Cottonseed Oil", "v": 3.0}]}, {"source": 71, "prod": 0.0011622222200000001, "target": 51, "value": 1.0, "supply": [{"l": "Tea", "v": 1.0}]}, {"source": 71, "prod": 0.0341508330770353, "target": 0, "value": 9.0, "supply": [{"l": "Maize", "v": 9.0}]}, {"source": 71, "prod": 0.00049023814429448819, "target": 52, "value": 1.0, "supply": [{"l": "Fruits, Other", "v": 1.0}]}, {"source": 71, "prod": 0.0010521328516094343, "target": 29, "value": 4.0, "supply": [{"l": "Vegetables, Other", "v": 4.0}]}, {"source": 71, "prod": 0.0024257238048857148, "target": 2, "value": 1.0, "supply": [{"l": "Oats", "v": 1.0}]}, {"source": 71, "prod": 0.022760514850097873, "target": 44, "value": 6.0, "supply": [{"l": "Pulses, Other", "v": 6.0}]}, {"source": 71, "prod": 0.0036913188335217389, "target": 4, "value": 1.0, "supply": [{"l": "Millet", "v": 1.0}]}, {"source": 52, "prod": 0.00049023814429448819, "target": 72, "value": 1.0, "supply": [{"l": "Fruits, Other", "v": 1.0}]}, {"source": 8, "prod": 0.19477135256876474, "target": 72, "value": 78.0, "supply": [{"l": "Nuts", "v": 78.0}]}, {"source": 20, "prod": 0.034490760350718748, "target": 72, "value": 13.0, "supply": [{"l": "Cloves", "v": 13.0}]}, {"source": 22, "prod": 0.016052584002920169, "target": 72, "value": 45.0, "supply": [{"l": "Coffee", "v": 45.0}]}, {"source": 24, "prod": 0.0031738442306915885, "target": 72, "value": 1.0, "supply": [{"l": "Wheat", "v": 1.0}]}, {"source": 26, "prod": 0.053012411825968019, "target": 72, "value": 31.0, "supply": [{"l": "Coconuts - Incl Copra", "v": 31.0}]}, {"source": 27, "prod": 0.19477135256876474, "target": 72, "value": 78.0, "supply": [{"l": "Treenuts", "v": 78.0}]}, {"source": 63, "prod": 0.019592384577923075, "target": 72, "value": 6.0, "supply": [{"l": "Sesame seed", "v": 6.0}]}, {"source": 32, "prod": 0.02526795630089286, "target": 72, "value": 4.0, "supply": [{"l": "Groundnuts", "v": 4.0}]}, {"source": 65, "prod": 0.090964642683214303, "target": 72, "value": 15.0, "supply": [{"l": "Oilcrops, Other", "v": 15.0}]}, {"source": 39, "prod": 0.0047544186575759996, "target": 72, "value": 6.0, "supply": [{"l": "Freshwater Fish", "v": 6.0}]}, {"source": 36, "prod": 0.013061589718615384, "target": 72, "value": 4.0, "supply": [{"l": "Sunflower seed", "v": 4.0}]}, {"source": 62, "prod": 0.026123179437230769, "target": 72, "value": 8.0, "supply": [{"l": "Cottonseed", "v": 8.0}]}, {"source": 38, "prod": 0.00087226369696232885, "target": 72, "value": 1.0, "supply": [{"l": "Potatoes", "v": 1.0}]}, {"source": 35, "prod": 0.030977148589418923, "target": 72, "value": 3.0, "supply": [{"l": "Coconut Oil", "v": 3.0}]}, {"source": 43, "prod": 0.066782789697354281, "target": 72, "value": 17.0, "supply": [{"l": "Beans", "v": 17.0}]}, {"source": 45, "prod": 0.0047258974519013676, "target": 72, "value": 6.0, "supply": [{"l": "Fish, Seafood", "v": 6.0}]}, {"source": 11, "prod": 0.010107182520357146, "target": 72, "value": 1.0, "supply": [{"l": "Oilcrops Oil, Other", "v": 1.0}]}, {"source": 51, "prod": 0.0069733333200000004, "target": 72, "value": 6.0, "supply": [{"l": "Tea", "v": 6.0}]}, {"source": 4, "prod": 0.029530550668173911, "target": 72, "value": 8.0, "supply": [{"l": "Millet", "v": 8.0}]}, {"source": 57, "prod": 0.03716666945683262, "target": 72, "value": 17.0, "supply": [{"l": "Bovine Meat", "v": 17.0}]}, {"source": 58, "prod": 0.030872848425818184, "target": 72, "value": 3.0, "supply": [{"l": "Cottonseed Oil", "v": 3.0}]}, {"source": 73, "prod": 0.0032653974296538461, "target": 72, "value": 1.0, "supply": [{"l": "Palm kernels", "v": 1.0}]}, {"source": 6, "prod": 0.10515568204962002, "target": 72, "value": 131.0, "supply": [{"l": "Cassava", "v": 131.0}]}, {"source": 74, "prod": 0.0037934191416829793, "target": 44, "value": 1.0, "supply": [{"l": "Pulses, Other", "v": 1.0}]}, {"source": 27, "prod": 0.009988274490705884, "target": 75, "value": 4.0, "supply": [{"l": "Treenuts", "v": 4.0}]}, {"source": 0, "prod": 0.32253564572755566, "target": 75, "value": 85.0, "supply": [{"l": "Maize", "v": 85.0}]}, {"source": 8, "prod": 0.009988274490705884, "target": 75, "value": 4.0, "supply": [{"l": "Nuts", "v": 4.0}]}, {"source": 20, "prod": 0.0053062708231875, "target": 75, "value": 2.0, "supply": [{"l": "Cloves", "v": 2.0}]}, {"source": 43, "prod": 0.058925990909430251, "target": 75, "value": 15.0, "supply": [{"l": "Beans", "v": 15.0}]}, {"source": 74, "prod": 0.012128619024428572, "target": 65, "value": 2.0, "supply": [{"l": "Oilcrops, Other", "v": 2.0}]}, {"source": 22, "prod": 0.00035672408895378151, "target": 75, "value": 1.0, "supply": [{"l": "Coffee", "v": 1.0}]}, {"source": 64, "prod": 0.0037945370085594775, "target": 75, "value": 1.0, "supply": [{"l": "Barley", "v": 1.0}]}, {"source": 76, "prod": 2.8459027564196084, "target": 0, "value": 750.0, "supply": [{"l": "Maize", "v": 750.0}]}, {"source": 76, "prod": 0.36788793533476755, "target": 3, "value": 356.0, "supply": [{"l": "Plantains", "v": 356.0}]}, {"source": 76, "prod": 0.21724497017285299, "target": 8, "value": 87.0, "supply": [{"l": "Nuts", "v": 87.0}]}, {"source": 76, "prod": 0.0060643095122142861, "target": 9, "value": 6.0, "supply": [{"l": "Yams", "v": 6.0}]}, {"source": 76, "prod": 0.0057294703366932518, "target": 12, "value": 22.0, "supply": [{"l": "Citrus, Other", "v": 22.0}]}, {"source": 76, "prod": 0.0053672624418448275, "target": 19, "value": 22.0, "supply": [{"l": "Tomatoes", "v": 22.0}]}, {"source": 76, "prod": 0.045103301997093753, "target": 20, "value": 17.0, "supply": [{"l": "Cloves", "v": 17.0}]}, {"source": 76, "prod": 0.017836204447689075, "target": 22, "value": 50.0, "supply": [{"l": "Coffee", "v": 50.0}]}, {"source": 76, "prod": 0.29897138763662251, "target": 23, "value": 73.0, "supply": [{"l": "Rice", "v": 73.0}]}, {"source": 76, "prod": 0.11108454807420562, "target": 24, "value": 35.0, "supply": [{"l": "Wheat", "v": 35.0}]}, {"source": 76, "prod": 0.49592256224292663, "target": 26, "value": 290.0, "supply": [{"l": "Coconuts - Incl Copra", "v": 290.0}]}, {"source": 76, "prod": 0.21724497017285299, "target": 27, "value": 87.0, "supply": [{"l": "Treenuts", "v": 87.0}]}, {"source": 76, "prod": 0.19069907935420999, "target": 29, "value": 725.0, "supply": [{"l": "Vegetables, Other", "v": 725.0}]}, {"source": 76, "prod": 0.023693116233767443, "target": 30, "value": 6.0, "supply": [{"l": "Peas", "v": 6.0}]}, {"source": 76, "prod": 0.035919371726192306, "target": 63, "value": 11.0, "supply": [{"l": "Sesame seed", "v": 11.0}]}, {"source": 76, "prod": 0.19582666133191967, "target": 32, "value": 31.0, "supply": [{"l": "Groundnuts", "v": 31.0}]}, {"source": 76, "prod": 0.13947911878092858, "target": 65, "value": 23.0, "supply": [{"l": "Oilcrops, Other", "v": 23.0}]}, {"source": 76, "prod": 0.35087128841466375, "target": 34, "value": 934.0, "supply": [{"l": "Sugar cane", "v": 934.0}]}, {"source": 76, "prod": 0.029388576866884616, "target": 36, "value": 9.0, "supply": [{"l": "Sunflower seed", "v": 9.0}]}, {"source": 76, "prod": 0.44409405043292305, "target": 62, "value": 136.0, "supply": [{"l": "Cottonseed", "v": 136.0}]}, {"source": 76, "prod": 0.025295647211907538, "target": 38, "value": 29.0, "supply": [{"l": "Potatoes", "v": 29.0}]}, {"source": 76, "prod": 0.013061589718615384, "target": 40, "value": 4.0, "supply": [{"l": "Pimento", "v": 4.0}]}, {"source": 76, "prod": 0.55390431454864431, "target": 43, "value": 141.0, "supply": [{"l": "Beans", "v": 141.0}]}, {"source": 76, "prod": 0.10242231682544045, "target": 44, "value": 27.0, "supply": [{"l": "Pulses, Other", "v": 27.0}]}, {"source": 76, "prod": 0.54890664384842447, "target": 5, "value": 144.0, "supply": [{"l": "Sorghum", "v": 144.0}]}, {"source": 76, "prod": 0.060208204400151406, "target": 49, "value": 89.0, "supply": [{"l": "Bananas", "v": 89.0}]}, {"source": 76, "prod": 0.0081355555400000005, "target": 51, "value": 7.0, "supply": [{"l": "Tea", "v": 7.0}]}, {"source": 76, "prod": 0.1284423938051559, "target": 52, "value": 262.0, "supply": [{"l": "Fruits, Other", "v": 262.0}]}, {"source": 76, "prod": 0.44664957885613044, "target": 4, "value": 121.0, "supply": [{"l": "Millet", "v": 121.0}]}, {"source": 76, "prod": 0.28257937201879085, "target": 55, "value": 254.0, "supply": [{"l": "Sweet potatoes", "v": 254.0}]}, {"source": 76, "prod": 0.0032653974296538461, "target": 73, "value": 1.0, "supply": [{"l": "Palm kernels", "v": 1.0}]}, {"source": 76, "prod": 0.012263381458033334, "target": 59, "value": 26.0, "supply": [{"l": "Onions", "v": 26.0}]}, {"source": 76, "prod": 0.011660131594300429, "target": 60, "value": 32.0, "supply": [{"l": "Pineapples", "v": 32.0}]}, {"source": 76, "prod": 2.809502955524199, "target": 6, "value": 3500.0, "supply": [{"l": "Cassava", "v": 3500.0}]}, {"source": 1, "prod": 0.015700746545321921, "target": 53, "value": 9.0, "supply": [{"l": "Poultry Meat", "v": 9.0}]}, {"source": 1, "prod": 0.014150055528500001, "target": 37, "value": 3.0, "supply": [{"l": "Pigmeat", "v": 3.0}]}, {"source": 1, "prod": 0.0022857782007576926, "target": 48, "value": 2.0, "supply": [{"l": "Pelagic Fish", "v": 2.0}]}, {"source": 1, "prod": 0.22737256608885836, "target": 57, "value": 104.0, "supply": [{"l": "Bovine Meat", "v": 104.0}]}, {"source": 1, "prod": 0.078447907850003995, "target": 39, "value": 99.0, "supply": [{"l": "Freshwater Fish", "v": 99.0}]}, {"source": 1, "prod": 0.0015237796317128483, "target": 68, "value": 2.0, "supply": [{"l": "Aquatic Products, Other", "v": 2.0}]}, {"source": 1, "prod": 0.29105313475396571, "target": 41, "value": 411.0, "supply": [{"l": "Milk - Excluding Butter", "v": 411.0}]}, {"source": 1, "prod": 0.027013742372590913, "target": 54, "value": 21.0, "supply": [{"l": "Offals, Edible", "v": 21.0}]}, {"source": 1, "prod": 0.016194861240710984, "target": 31, "value": 22.0, "supply": [{"l": "Marine Fish, Other", "v": 22.0}]}, {"source": 1, "prod": 0.0015237796317128483, "target": 66, "value": 2.0, "supply": [{"l": "Aquatic Plants", "v": 2.0}]}, {"source": 1, "prod": 0.10475739351714698, "target": 45, "value": 133.0, "supply": [{"l": "Fish, Seafood", "v": 133.0}]}, {"source": 1, "prod": 0.0053062708231875, "target": 56, "value": 10.0, "supply": [{"l": "Demersal Fish", "v": 10.0}]}, {"source": 1, "prod": 0.010612541646375002, "target": 46, "value": 7.0, "supply": [{"l": "Meat, Other", "v": 7.0}]}, {"source": 1, "prod": 0.023154636319363639, "target": 28, "value": 15.0, "supply": [{"l": "Eggs", "v": 16.0}]}, {"source": 1, "prod": 0.0424501665855, "target": 47, "value": 20.0, "supply": [{"l": "Mutton & Goat Meat", "v": 20.0}]}, {"source": 61, "prod": 0.070961472501134326, "target": 21, "value": 8.0, "supply": [{"l": "Fats, Animals, Raw", "v": 8.0}]}, {"source": 61, "prod": 0.019976548981411768, "target": 42, "value": 2.0, "supply": [{"l": "Sesameseed Oil", "v": 2.0}]}, {"source": 61, "prod": 0.22272276676657288, "target": 50, "value": 594.0, "supply": [{"l": "Beverages, Fermented", "v": 594.0}]}, {"source": 61, "prod": 0.012128619024428572, "target": 25, "value": 1.0, "supply": [{"l": "Soyabean Oil", "v": 1.0}]}, {"source": 61, "prod": 0.12390859435767569, "target": 35, "value": 12.0, "supply": [{"l": "Coconut Oil", "v": 12.0}]}, {"source": 61, "prod": 0.34660342201769079, "target": 10, "value": 84.0, "supply": [{"l": "Sugar", "v": 84.0}]}, {"source": 61, "prod": 0.019976548981411761, "target": 16, "value": 6.0, "supply": [{"l": "Honey", "v": 6.0}]}, {"source": 61, "prod": 0.19552804003018184, "target": 58, "value": 19.0, "supply": [{"l": "Cottonseed Oil", "v": 19.0}]}, {"source": 61, "prod": 0.010668104691643981, "target": 13, "value": 24.0, "supply": [{"l": "Beer", "v": 24.0}]}, {"source": 61, "prod": 0.0084900333171, "target": 14, "value": 1.0, "supply": [{"l": "Groundnut Oil", "v": 1.0}]}, {"source": 61, "prod": 0.0090964642683214296, "target": 15, "value": 3.0, "supply": [{"l": "Beverages, Alcoholic", "v": 3.0}]}, {"source": 61, "prod": 0.012128619024428572, "target": 33, "value": 1.0, "supply": [{"l": "Palm Oil", "v": 1.0}]}, {"source": 61, "prod": 0.040428730081428582, "target": 11, "value": 4.0, "supply": [{"l": "Oilcrops Oil, Other", "v": 4.0}]}, {"source": 61, "prod": 0.024257238048857144, "target": 17, "value": 4.0, "supply": [{"l": "Sugar non-centrifugal", "v": 4.0}]}, {"source": 61, "prod": 0.037143895762312501, "target": 18, "value": 4.0, "supply": [{"l": "Butter, Ghee", "v": 4.0}]}, {"source": 76, "prod": 0.024257238048857144, "target": 77, "value": 5.7142857142857144, "supply": [{"l": "Oil Palm", "v": 5.7142857142857144}]}, {"source": 77, "prod": 0.024257238048857144, "target": 61, "value": 5.7142857142857144, "supply": [{"l": "Oil Palm", "v": 5.7142857142857144}]}]}