{"nodes": [{"layer": 13, "name": "Aquatic Products", "fill": "#1f77b4"}, {"layer": 10, "name": "Feed", "fill": "#dbdb8d"}, {"layer": 5, "name": "Sugar Crops", "fill": "#ffbb78"}, {"layer": 5, "name": "Fruits & Vegetables"}, {"layer": 5, "name": "Cereals", "fill": "#e7ba52"}, {"layer": 13, "name": "Other Processed", "fill": "#9c9ede"}, {"layer": 16, "name": "Food", "fill": "#b5cf6b"}, {"layer": 13, "name": "Animal Products", "fill": "#17becf"}, {"layer": 13, "name": "Sugar", "fill": "#d6616b"}, {"layer": 5, "name": "Starchy Roots"}, {"layer": 5, "name": "Others"}, {"layer": 13, "name": "Vegetable Oils", "fill": "#f7b6d2"}, {"layer": 10, "name": "Processing", "fill": "#9edae5"}, {"layer": 5, "name": "Oilcrops", "fill": "#ff9896"}, {"layer": 16, "name": "Biofuels & Other", "fill": "#e7ba52"}, {"name": "Seed", "fill": "#dbdb8d"}, {"name": "Waste", "fill": "#c7c7c7"}, {"layer": 0, "name": "Import", "fill": "#aec7e8"}, {"layer": 16, "name": "Export", "fill": "#aec7e8"}, {"layer": 16, "name": "Stock Deposit", "fill": "#c7c7c7"}, {"layer": 0, "name": "Production", "fill": "#b5cf6b"}], "links": [{"source": 0, "prod": 0.0012035679415045976, "target": 1, "value": 2.0, "supply": [{"l": "Marine Fish, Other", "v": 1.0}, {"l": "Fish, Seafood", "v": 1.0}]}, {"source": 2, "prod": 0.0028182683210290454, "target": 1, "value": 8.0, "supply": [{"l": "Sugar cane", "v": 8.0}]}, {"source": 3, "prod": 0.034258350639453455, "target": 1, "value": 46.0, "supply": [{"l": "Bananas", "v": 42.0}, {"l": "Plantains", "v": 4.0}]}, {"source": 4, "prod": 0.19301701343871597, "target": 1, "value": 50.0, "supply": [{"l": "Maize", "v": 20.0}, {"l": "Sorghum", "v": 30.0}]}, {"source": 5, "prod": 0.053415396850716203, "target": 6, "value": 21.0, "supply": [{"l": "Beer", "v": 14.0}, {"l": "Butter, Ghee", "v": 3.0}, {"l": "Fats, Animals, Raw", "v": 2.0}, {"l": "Beverages, Alcoholic", "v": 2.0}]}, {"source": 7, "prod": 0.15737172886999923, "target": 6, "value": 185.0, "supply": [{"l": "Pigmeat", "v": 9.0}, {"l": "Milk - Excluding Butter", "v": 146.0}, {"l": "Bovine Meat", "v": 14.0}, {"l": "Eggs", "v": 10.0}, {"l": "Poultry Meat", "v": 3.0}, {"l": "Offals, Edible", "v": 3.0}]}, {"source": 4, "prod": 0.96596134801704936, "target": 6, "value": 249.0, "supply": [{"l": "Maize", "v": 198.0}, {"l": "Oats", "v": 2.0}, {"l": "Rice", "v": 7.0}, {"l": "Sorghum", "v": 16.0}, {"l": "Wheat", "v": 26.0}]}, {"source": 8, "prod": 0.22920822746518876, "target": 6, "value": 55.0, "supply": [{"l": "Sugar", "v": 31.0}, {"l": "Sweeteners, Other", "v": 1.0}, {"l": "Sugar non-centrifugal", "v": 23.0}]}, {"source": 9, "prod": 0.026551194953528125, "target": 6, "value": 26.0, "supply": [{"l": "Potatoes", "v": 3.0}, {"l": "Roots, Other", "v": 2.0}, {"l": "Cassava", "v": 21.0}]}, {"source": 3, "prod": 0.2579729019329518, "target": 6, "value": 252.0, "supply": [{"l": "Vegetables, Other", "v": 32.0}, {"l": "Fruits, Other", "v": 22.0}, {"l": "Pineapples", "v": 2.0}, {"l": "Beans", "v": 27.0}, {"l": "Tomatoes", "v": 2.0}, {"l": "Bananas", "v": 99.0}, {"l": "Citrus, Other", "v": 1.0}, {"l": "Oranges, Mandarines", "v": 7.0}, {"l": "Plantains", "v": 59.0}, {"l": "Onions", "v": 1.0}]}, {"source": 10, "prod": 0.0037377505169622648, "target": 6, "value": 7.0, "supply": [{"l": "Coffee", "v": 7.0}]}, {"source": 0, "prod": 0.0023583425880833331, "target": 6, "value": 4.0, "supply": [{"l": "Fish, Seafood", "v": 2.0}, {"l": "Molluscs, Other", "v": 1.0}, {"l": "Crustaceans", "v": 1.0}]}, {"source": 11, "prod": 0.05207480409261489, "target": 6, "value": 5.0, "supply": [{"l": "Maize Germ Oil", "v": 1.0}, {"l": "Cottonseed Oil", "v": 1.0}, {"l": "Palm Oil", "v": 3.0}]}, {"source": 2, "prod": 0.2649172221767303, "target": 12, "value": 752.0, "supply": [{"l": "Sugar cane", "v": 752.0}]}, {"source": 4, "prod": 0.016619463555054351, "target": 12, "value": 5.0, "supply": [{"l": "Maize", "v": 1.0}, {"l": "Barley", "v": 3.0}, {"l": "Rice", "v": 1.0}]}, {"source": 13, "prod": 0.069754365938514515, "target": 12, "value": 19.645669291338582, "supply": [{"l": "Coconuts - Incl Copra", "v": 4.0}, {"l": "Palm kernels", "v": 1.0}, {"l": "Oil Palm", "v": 14.645669291338582}]}, {"source": 8, "prod": 0.016483947816424132, "target": 12, "value": 4.0, "supply": [{"l": "Sugar non-centrifugal", "v": 4.0}]}, {"source": 5, "prod": 0.024490480722403844, "target": 14, "value": 3.0, "supply": [{"l": "Fats, Animals, Raw", "v": 3.0}]}, {"source": 11, "prod": 0.010369279536895539, "target": 14, "value": 1.0, "supply": [{"l": "Palmkernel Oil", "v": 1.0}]}, {"source": 9, "prod": 0.00091619064573021593, "target": 15, "value": 1.0, "supply": [{"l": "Potatoes", "v": 1.0}]}, {"source": 2, "prod": 0.0084548049630871376, "target": 15, "value": 24.0, "supply": [{"l": "Sugar cane", "v": 24.0}]}, {"source": 3, "prod": 0.015678214864224237, "target": 15, "value": 4.0, "supply": [{"l": "Beans", "v": 4.0}]}, {"source": 4, "prod": 0.023719102357799709, "target": 15, "value": 6.0, "supply": [{"l": "Maize", "v": 5.0}, {"l": "Sorghum", "v": 1.0}]}, {"source": 9, "prod": 0.0019654223636004528, "target": 16, "value": 2.0, "supply": [{"l": "Potatoes", "v": 1.0}, {"l": "Cassava", "v": 1.0}]}, {"source": 2, "prod": 0.0028182683210290454, "target": 16, "value": 8.0, "supply": [{"l": "Sugar cane", "v": 8.0}]}, {"source": 3, "prod": 0.13756318307348003, "target": 16, "value": 178.0, "supply": [{"l": "Bananas", "v": 153.0}, {"l": "Vegetables, Other", "v": 4.0}, {"l": "Fruits, Other", "v": 3.0}, {"l": "Citrus, Other", "v": 1.0}, {"l": "Beans", "v": 3.0}, {"l": "Oranges, Mandarines", "v": 2.0}, {"l": "Plantains", "v": 12.0}]}, {"source": 4, "prod": 0.091101770815525104, "target": 16, "value": 23.0, "supply": [{"l": "Maize", "v": 20.0}, {"l": "Sorghum", "v": 3.0}]}, {"source": 10, "prod": 0.0005339643595660378, "target": 16, "value": 1.0, "supply": [{"l": "Coffee", "v": 1.0}]}, {"source": 17, "prod": 0.01174699868513931, "target": 1, "value": 22.0, "supply": [{"l": "Milk - Excluding Butter", "v": 20.0}, {"l": "Marine Fish, Other", "v": 1.0}, {"l": "Fish, Seafood", "v": 1.0}]}, {"source": 17, "prod": 0.05370626276654334, "target": 12, "value": 8.0, "supply": [{"l": "Fats, Animals, Raw", "v": 2.0}, {"l": "Sugar", "v": 2.0}, {"l": "Palm Oil", "v": 1.0}, {"l": "Cottonseed Oil", "v": 1.0}, {"l": "Sugar non-centrifugal", "v": 2.0}]}, {"source": 17, "prod": 0.11273480915310827, "target": 4, "value": 35.0, "supply": [{"l": "Maize", "v": 2.0}, {"l": "Rice", "v": 2.0}, {"l": "Wheat", "v": 26.0}, {"l": "Oats", "v": 2.0}, {"l": "Barley", "v": 3.0}]}, {"source": 17, "prod": 0.0016727608359018555, "target": 3, "value": 4.0, "supply": [{"l": "Fruits, Other", "v": 3.0}, {"l": "Vegetables, Other", "v": 1.0}]}, {"source": 17, "prod": 0.0027674806202920166, "target": 13, "value": 2.0, "supply": [{"l": "Cottonseed", "v": 1.0}, {"l": "Coconuts - Incl Copra", "v": 1.0}]}, {"source": 17, "prod": 0.0018323812914604319, "target": 9, "value": 2.0, "supply": [{"l": "Potatoes", "v": 2.0}]}, {"source": 7, "prod": 0.011346409161564375, "target": 18, "value": 9.0, "supply": [{"l": "Milk - Excluding Butter", "v": 3.0}, {"l": "Bovine Meat", "v": 6.0}]}, {"source": 4, "prod": 0.095519171829453228, "target": 18, "value": 24.0, "supply": [{"l": "Maize", "v": 23.0}, {"l": "Sorghum", "v": 1.0}]}, {"source": 13, "prod": 0.020091550381752102, "target": 18, "value": 15.0, "supply": [{"l": "Coconuts - Incl Copra", "v": 6.0}, {"l": "Cottonseed", "v": 9.0}]}, {"source": 3, "prod": 0.31323707501383435, "target": 18, "value": 372.0, "supply": [{"l": "Bananas", "v": 337.0}, {"l": "Vegetables, Other", "v": 4.0}, {"l": "Fruits, Other", "v": 1.0}, {"l": "Citrus, Other", "v": 4.0}, {"l": "Beans", "v": 15.0}, {"l": "Oranges, Mandarines", "v": 4.0}, {"l": "Plantains", "v": 6.0}, {"l": "Onions", "v": 1.0}]}, {"source": 10, "prod": 0.010679287191320757, "target": 18, "value": 20.0, "supply": [{"l": "Coffee", "v": 20.0}]}, {"source": 0, "prod": 0.0014150055528499997, "target": 18, "value": 2.0, "supply": [{"l": "Fish, Seafood", "v": 1.0}, {"l": "Crustaceans", "v": 1.0}]}, {"source": 11, "prod": 0.010361851686224411, "target": 18, "value": 1.0, "supply": [{"l": "Palm Oil", "v": 1.0}]}, {"source": 4, "prod": 0.079563600835752452, "target": 19, "value": 20.0, "supply": [{"l": "Maize", "v": 19.0}, {"l": "Sorghum", "v": 1.0}]}, {"source": 3, "prod": 0.0078391074321121183, "target": 19, "value": 2.0, "supply": [{"l": "Beans", "v": 2.0}]}, {"source": 10, "prod": 0.0005339643595660378, "target": 19, "value": 1.0, "supply": [{"l": "Coffee", "v": 1.0}]}, {"source": 20, "prod": 1.3599144683702071, "target": 4, "value": 344.0, "supply": [{"l": "Maize", "v": 284.0}, {"l": "Rice", "v": 7.0}, {"l": "Wheat", "v": 1.0}, {"l": "Sorghum", "v": 52.0}]}, {"source": 20, "prod": 0.095758721864516616, "target": 13, "value": 34.645669291338578, "supply": [{"l": "Coconuts - Incl Copra", "v": 10.0}, {"l": "Sesame seed", "v": 1.0}, {"l": "Cottonseed", "v": 8.0}, {"l": "Palm kernels", "v": 1.0}, {"l": "Oil Palm", "v": 14.645669291338582}]}, {"source": 20, "prod": 0.2790085637818755, "target": 2, "value": 792.0, "supply": [{"l": "Sugar cane", "v": 792.0}]}, {"source": 20, "prod": 0.029747906466667737, "target": 9, "value": 29.0, "supply": [{"l": "Roots, Other", "v": 3.0}, {"l": "Potatoes", "v": 2.0}, {"l": "Sweet potatoes", "v": 1.0}, {"l": "Cassava", "v": 23.0}]}, {"source": 20, "prod": 0.7605478932548192, "target": 3, "value": 848.0, "supply": [{"l": "Plantains", "v": 81.0}, {"l": "Fruits, Other", "v": 22.0}, {"l": "Citrus, Other", "v": 6.0}, {"l": "Tomatoes", "v": 2.0}, {"l": "Vegetables, Other", "v": 40.0}, {"l": "Beans", "v": 50.0}, {"l": "Pineapples", "v": 3.0}, {"l": "Bananas", "v": 631.0}, {"l": "Oranges, Mandarines", "v": 12.0}, {"l": "Onions", "v": 1.0}]}, {"source": 20, "prod": 0.015484966427415094, "target": 10, "value": 29.0, "supply": [{"l": "Coffee", "v": 29.0}]}, {"source": 1, "prod": 0.0049769160824379302, "target": 0, "value": 8.0, "supply": [{"l": "Crustaceans", "v": 2.0}, {"l": "Molluscs, Other", "v": 1.0}, {"l": "Marine Fish, Other", "v": 1.0}, {"l": "Fish, Seafood", "v": 4.0}]}, {"source": 1, "prod": 0.1687181380315636, "target": 7, "value": 194.0, "supply": [{"l": "Poultry Meat", "v": 3.0}, {"l": "Pigmeat", "v": 9.0}, {"l": "Bovine Meat", "v": 20.0}, {"l": "Eggs", "v": 10.0}, {"l": "Milk - Excluding Butter", "v": 149.0}, {"l": "Offals, Edible", "v": 3.0}]}, {"source": 12, "prod": 0.07790587757312005, "target": 5, "value": 24.0, "supply": [{"l": "Fats, Animals, Raw", "v": 5.0}, {"l": "Beer", "v": 14.0}, {"l": "Beverages, Alcoholic", "v": 2.0}, {"l": "Butter, Ghee", "v": 3.0}]}, {"source": 12, "prod": 0.072805935315734843, "target": 11, "value": 7.0, "supply": [{"l": "Cottonseed Oil", "v": 1.0}, {"l": "Maize Germ Oil", "v": 1.0}, {"l": "Palm Oil", "v": 4.0}, {"l": "Palmkernel Oil", "v": 1.0}]}, {"source": 12, "prod": 0.24569217528161288, "target": 8, "value": 59.0, "supply": [{"l": "Sweeteners, Other", "v": 1.0}, {"l": "Sugar non-centrifugal", "v": 27.0}, {"l": "Sugar", "v": 31.0}]}]}