{"nodes": [{"layer": 5, "name": "Fruits, Roots & Vegetables", "fill": "#98df8a"}, {"layer": 10, "name": "Feed", "fill": "#dbdb8d"}, {"layer": 5, "name": "Sugar Crops", "fill": "#ffbb78"}, {"layer": 5, "name": "Cereals", "fill": "#e7ba52"}, {"layer": 13, "name": "Other Processed", "fill": "#9c9ede"}, {"layer": 16, "name": "Food", "fill": "#b5cf6b"}, {"layer": 13, "name": "Animal Products", "fill": "#17becf"}, {"layer": 5, "name": "Oilcrops", "fill": "#ff9896"}, {"layer": 13, "name": "Sugar", "fill": "#d6616b"}, {"layer": 13, "name": "Aquatic Products", "fill": "#1f77b4"}, {"layer": 13, "name": "Vegetable Oils", "fill": "#f7b6d2"}, {"layer": 10, "name": "Processing", "fill": "#9edae5"}, {"layer": 16, "name": "Biofuels & Other", "fill": "#e7ba52"}, {"name": "Seed", "fill": "#dbdb8d"}, {"name": "Waste", "fill": "#c7c7c7"}, {"layer": 0, "name": "Import", "fill": "#aec7e8"}, {"layer": 16, "name": "Export", "fill": "#aec7e8"}, {"layer": 16, "name": "Stock Deposit", "fill": "#c7c7c7"}, {"layer": 0, "name": "Stock Draw", "fill": "#c7c7c7"}, {"layer": 0, "name": "Production", "fill": "#b5cf6b"}], "links": [{"source": 0, "prod": 0.060623724095826538, "target": 1, "value": 82.0, "supply": [{"l": "Bananas", "v": 76.0}, {"l": "Plantains", "v": 6.0}]}, {"source": 2, "prod": 0.11979260659587687, "target": 1, "value": 317.0, "supply": [{"l": "Sugar cane", "v": 317.0}]}, {"source": 3, "prod": 0.24453887387836071, "target": 1, "value": 63.0, "supply": [{"l": "Maize", "v": 30.0}, {"l": "Sorghum", "v": 33.0}]}, {"source": 4, "prod": 0.13637695868483507, "target": 5, "value": 65.0, "supply": [{"l": "Beer", "v": 47.0}, {"l": "Beverages, Alcoholic", "v": 7.0}, {"l": "Butter, Ghee", "v": 4.0}, {"l": "Fats, Animals, Raw", "v": 7.0}]}, {"source": 6, "prod": 0.29311673133147059, "target": 5, "value": 356.0, "supply": [{"l": "Eggs", "v": 20.0}, {"l": "Pigmeat", "v": 9.0}, {"l": "Milk - Excluding Butter", "v": 290.0}, {"l": "Bovine Meat", "v": 19.0}, {"l": "Poultry Meat", "v": 13.0}, {"l": "Offals, Edible", "v": 5.0}]}, {"source": 3, "prod": 1.9413899030298347, "target": 5, "value": 504.0, "supply": [{"l": "Maize", "v": 383.0}, {"l": "Rice", "v": 28.0}, {"l": "Wheat", "v": 83.0}, {"l": "Sorghum", "v": 10.0}]}, {"source": 7, "prod": 0.0018456594167608697, "target": 5, "value": 1.0, "supply": [{"l": "Coconuts - Incl Copra", "v": 1.0}]}, {"source": 0, "prod": 0.4367698260282179, "target": 5, "value": 524.0, "supply": [{"l": "Roots, Other", "v": 1.0}, {"l": "Plantains", "v": 79.0}, {"l": "Fruits, Other", "v": 32.0}, {"l": "Citrus, Other", "v": 1.0}, {"l": "Grapefruit", "v": 14.0}, {"l": "Tomatoes", "v": 29.0}, {"l": "Coffee", "v": 3.0}, {"l": "Vegetables, Other", "v": 59.0}, {"l": "Cocoa Beans", "v": 1.0}, {"l": "Potatoes", "v": 8.0}, {"l": "Beans", "v": 33.0}, {"l": "Pineapples", "v": 5.0}, {"l": "Bananas", "v": 216.0}, {"l": "Sweet potatoes", "v": 1.0}, {"l": "Oranges, Mandarines", "v": 34.0}, {"l": "Onions", "v": 2.0}, {"l": "Cassava", "v": 6.0}]}, {"source": 8, "prod": 0.51901676419988729, "target": 5, "value": 125.0, "supply": [{"l": "Sugar", "v": 115.0}, {"l": "Sugar non-centrifugal", "v": 8.0}, {"l": "Sweeteners, Other", "v": 2.0}]}, {"source": 9, "prod": 0.010121013401700792, "target": 5, "value": 12.0, "supply": [{"l": "Crustaceans", "v": 2.0}, {"l": "Pelagic Fish", "v": 4.0}, {"l": "Fish, Seafood", "v": 6.0}]}, {"source": 10, "prod": 0.21370545423824419, "target": 5, "value": 21.0, "supply": [{"l": "Sesameseed Oil", "v": 2.0}, {"l": "Soyabean Oil", "v": 1.0}, {"l": "Palm Oil", "v": 13.0}, {"l": "Coconut Oil", "v": 1.0}, {"l": "Maize Germ Oil", "v": 1.0}, {"l": "Cottonseed Oil", "v": 3.0}]}, {"source": 2, "prod": 1.0229608392903429, "target": 11, "value": 2707.0, "supply": [{"l": "Sugar cane", "v": 2707.0}]}, {"source": 3, "prod": 0.04047528429385211, "target": 11, "value": 12.0, "supply": [{"l": "Maize", "v": 1.0}, {"l": "Barley", "v": 8.0}, {"l": "Rice", "v": 3.0}]}, {"source": 7, "prod": 0.8881034403837389, "target": 11, "value": 214.19219219219221, "supply": [{"l": "Coconuts - Incl Copra", "v": 7.0}, {"l": "Cottonseed", "v": 8.0}, {"l": "Palm kernels", "v": 4.0}, {"l": "Sesame seed", "v": 3.0}, {"l": "Oil Palm", "v": 192.19219219219221}]}, {"source": 8, "prod": 0.054910663244925377, "target": 11, "value": 13.0, "supply": [{"l": "Sugar non-centrifugal", "v": 13.0}]}, {"source": 4, "prod": 0.025015276737883934, "target": 12, "value": 3.0, "supply": [{"l": "Fats, Animals, Raw", "v": 3.0}]}, {"source": 10, "prod": 0.22407273802053795, "target": 12, "value": 22.0, "supply": [{"l": "Palm Oil", "v": 20.0}, {"l": "Palmkernel Oil", "v": 2.0}]}, {"source": 0, "prod": 0.013476551741331123, "target": 13, "value": 5.0, "supply": [{"l": "Beans", "v": 3.0}, {"l": "Potatoes", "v": 2.0}]}, {"source": 2, "prod": 0.035899992512959951, "target": 13, "value": 95.0, "supply": [{"l": "Sugar cane", "v": 95.0}]}, {"source": 6, "prod": 0.0015436424212909091, "target": 6, "value": 1.0, "supply": [{"l": "Eggs", "v": 1.0}]}, {"source": 3, "prod": 0.035697287065511188, "target": 13, "value": 9.0, "supply": [{"l": "Maize", "v": 7.0}, {"l": "Rice", "v": 1.0}, {"l": "Sorghum", "v": 1.0}]}, {"source": 0, "prod": 0.17830195326338358, "target": 14, "value": 251.0, "supply": [{"l": "Coffee", "v": 2.0}, {"l": "Pineapples", "v": 2.0}, {"l": "Bananas", "v": 196.0}, {"l": "Potatoes", "v": 1.0}, {"l": "Vegetables, Other", "v": 8.0}, {"l": "Fruits, Other", "v": 6.0}, {"l": "Grapefruit", "v": 4.0}, {"l": "Beans", "v": 2.0}, {"l": "Oranges, Mandarines", "v": 7.0}, {"l": "Plantains", "v": 18.0}, {"l": "Tomatoes", "v": 5.0}]}, {"source": 2, "prod": 0.012092629056997034, "target": 14, "value": 32.0, "supply": [{"l": "Sugar cane", "v": 32.0}]}, {"source": 3, "prod": 0.15515405907503707, "target": 14, "value": 39.0, "supply": [{"l": "Maize", "v": 35.0}, {"l": "Rice", "v": 2.0}, {"l": "Sorghum", "v": 2.0}]}, {"source": 15, "prod": 0.079934719410492572, "target": 11, "value": 9.0, "supply": [{"l": "Fats, Animals, Raw", "v": 6.0}, {"l": "Soyabean Oil", "v": 1.0}, {"l": "Cottonseed Oil", "v": 2.0}]}, {"source": 15, "prod": 0.31588439388466294, "target": 3, "value": 95.0, "supply": [{"l": "Maize", "v": 16.0}, {"l": "Wheat", "v": 69.0}, {"l": "Barley", "v": 8.0}, {"l": "Rice", "v": 2.0}]}, {"source": 15, "prod": 0.037539228454051735, "target": 1, "value": 58.0, "supply": [{"l": "Pelagic Fish", "v": 1.0}, {"l": "Milk - Excluding Butter", "v": 53.0}, {"l": "Fish, Seafood", "v": 1.0}, {"l": "Bovine Meat", "v": 3.0}]}, {"source": 15, "prod": 0.0070321948981583067, "target": 0, "value": 10.0, "supply": [{"l": "Cocoa Beans", "v": 1.0}, {"l": "Potatoes", "v": 1.0}, {"l": "Vegetables, Other", "v": 1.0}, {"l": "Fruits, Other", "v": 5.0}, {"l": "Infant food", "v": 1.0}, {"l": "Tomatoes", "v": 1.0}]}, {"source": 6, "prod": 0.028866113278139996, "target": 16, "value": 19.0, "supply": [{"l": "Bovine Meat", "v": 19.0}]}, {"source": 3, "prod": 0.015147873280693388, "target": 16, "value": 4.0, "supply": [{"l": "Maize", "v": 3.0}, {"l": "Wheat", "v": 1.0}]}, {"source": 7, "prod": 0.015556272226984476, "target": 16, "value": 5.0, "supply": [{"l": "Coconuts - Incl Copra", "v": 2.0}, {"l": "Palm kernels", "v": 3.0}]}, {"source": 0, "prod": 0.59504388315807, "target": 16, "value": 867.0, "supply": [{"l": "Cocoa Beans", "v": 1.0}, {"l": "Plantains", "v": 16.0}, {"l": "Fruits, Other", "v": 16.0}, {"l": "Citrus, Other", "v": 1.0}, {"l": "Grapefruit", "v": 11.0}, {"l": "Beans", "v": 3.0}, {"l": "Tomatoes", "v": 1.0}, {"l": "Coffee", "v": 75.0}, {"l": "Pineapples", "v": 33.0}, {"l": "Bananas", "v": 698.0}, {"l": "Vegetables, Other", "v": 7.0}, {"l": "Oranges, Mandarines", "v": 5.0}]}, {"source": 8, "prod": 0.44411378945020075, "target": 16, "value": 107.0, "supply": [{"l": "Sugar", "v": 106.0}, {"l": "Honey", "v": 1.0}]}, {"source": 9, "prod": 0.0095624585782073702, "target": 16, "value": 12.0, "supply": [{"l": "Fish, Seafood", "v": 6.0}, {"l": "Crustaceans", "v": 6.0}]}, {"source": 10, "prod": 0.071387667531171164, "target": 16, "value": 7.0, "supply": [{"l": "Palm Oil", "v": 7.0}]}, {"source": 0, "prod": 0.0011622222200000001, "target": 17, "value": 1.0, "supply": [{"l": "Infant food", "v": 1.0}]}, {"source": 18, "prod": 0.039457527608710734, "target": 0, "value": 11.0, "supply": [{"l": "Coffee", "v": 1.0}, {"l": "Beans", "v": 10.0}]}, {"source": 3, "prod": 0.059828203531439063, "target": 17, "value": 15.0, "supply": [{"l": "Maize", "v": 15.0}]}, {"source": 18, "prod": 0.047733488616083612, "target": 3, "value": 15.0, "supply": [{"l": "Wheat", "v": 15.0}]}, {"source": 18, "prod": 0.096637950534336714, "target": 11, "value": 16.0, "supply": [{"l": "Palm Oil", "v": 5.0}, {"l": "Sugar", "v": 11.0}]}, {"source": 19, "prod": 2.1315870098300009, "target": 3, "value": 537.0, "supply": [{"l": "Maize", "v": 458.0}, {"l": "Rice", "v": 31.0}, {"l": "Wheat", "v": 1.0}, {"l": "Sorghum", "v": 47.0}]}, {"source": 19, "prod": 0.90550537202748427, "target": 7, "value": 220.19219219219221, "supply": [{"l": "Coconuts - Incl Copra", "v": 10.0}, {"l": "Sesame seed", "v": 3.0}, {"l": "Cottonseed", "v": 8.0}, {"l": "Palm kernels", "v": 7.0}, {"l": "Oil Palm", "v": 192.19219219219221}]}, {"source": 19, "prod": 1.240429920300042, "target": 0, "value": 1708.0, "supply": [{"l": "Roots, Other", "v": 1.0}, {"l": "Plantains", "v": 118.0}, {"l": "Fruits, Other", "v": 49.0}, {"l": "Grapefruit", "v": 29.0}, {"l": "Tomatoes", "v": 34.0}, {"l": "Coffee", "v": 79.0}, {"l": "Vegetables, Other", "v": 71.0}, {"l": "Cocoa Beans", "v": 1.0}, {"l": "Potatoes", "v": 10.0}, {"l": "Beans", "v": 31.0}, {"l": "Pineapples", "v": 40.0}, {"l": "Bananas", "v": 1186.0}, {"l": "Citrus, Other", "v": 2.0}, {"l": "Sweet potatoes", "v": 2.0}, {"l": "Oranges, Mandarines", "v": 46.0}, {"l": "Onions", "v": 2.0}, {"l": "Cassava", "v": 7.0}]}, {"source": 19, "prod": 1.1903681727981457, "target": 2, "value": 3150.0, "supply": [{"l": "Sugar cane", "v": 3150.0}]}, {"source": 1, "prod": 0.019683471979908163, "target": 9, "value": 24.0, "supply": [{"l": "Crustaceans", "v": 8.0}, {"l": "Pelagic Fish", "v": 4.0}, {"l": "Fish, Seafood", "v": 12.0}]}, {"source": 1, "prod": 0.32198284460961057, "target": 6, "value": 375.0, "supply": [{"l": "Poultry Meat", "v": 13.0}, {"l": "Pigmeat", "v": 9.0}, {"l": "Bovine Meat", "v": 38.0}, {"l": "Eggs", "v": 21.0}, {"l": "Milk - Excluding Butter", "v": 290.0}, {"l": "Offals, Edible", "v": 5.0}]}, {"source": 11, "prod": 0.16139223542271899, "target": 4, "value": 68.0, "supply": [{"l": "Fats, Animals, Raw", "v": 10.0}, {"l": "Beer", "v": 47.0}, {"l": "Beverages, Alcoholic", "v": 7.0}, {"l": "Butter, Ghee", "v": 4.0}]}, {"source": 11, "prod": 0.50916585978995332, "target": 10, "value": 50.0, "supply": [{"l": "Sesameseed Oil", "v": 2.0}, {"l": "Soyabean Oil", "v": 1.0}, {"l": "Coconut Oil", "v": 1.0}, {"l": "Cottonseed Oil", "v": 3.0}, {"l": "Maize Germ Oil", "v": 1.0}, {"l": "Palm Oil", "v": 40.0}, {"l": "Palmkernel Oil", "v": 2.0}]}, {"source": 11, "prod": 1.0180412168950133, "target": 8, "value": 245.0, "supply": [{"l": "Honey", "v": 1.0}, {"l": "Sweeteners, Other", "v": 2.0}, {"l": "Sugar non-centrifugal", "v": 21.0}, {"l": "Sugar", "v": 221.0}]}]}