{"nodes": [{"layer": 13, "name": "Aquatic Products", "fill": "#1f77b4"}, {"layer": 10, "name": "Feed", "fill": "#dbdb8d"}, {"layer": 5, "name": "Sugar Crops", "fill": "#ffbb78"}, {"layer": 5, "name": "Fruits & Vegetables"}, {"layer": 5, "name": "Cereals", "fill": "#e7ba52"}, {"layer": 13, "name": "Other Processed", "fill": "#9c9ede"}, {"layer": 16, "name": "Food", "fill": "#b5cf6b"}, {"layer": 13, "name": "Animal Products", "fill": "#17becf"}, {"layer": 5, "name": "Oilcrops", "fill": "#ff9896"}, {"layer": 13, "name": "Sugar", "fill": "#d6616b"}, {"layer": 5, "name": "Starchy Roots"}, {"layer": 5, "name": "Others"}, {"layer": 13, "name": "Vegetable Oils", "fill": "#f7b6d2"}, {"layer": 10, "name": "Processing", "fill": "#9edae5"}, {"layer": 16, "name": "Biofuels & Other", "fill": "#e7ba52"}, {"name": "Seed", "fill": "#dbdb8d"}, {"name": "Waste", "fill": "#c7c7c7"}, {"layer": 0, "name": "Import", "fill": "#aec7e8"}, {"layer": 16, "name": "Export", "fill": "#aec7e8"}, {"layer": 16, "name": "Stock Deposit", "fill": "#c7c7c7"}, {"layer": 0, "name": "Stock Draw", "fill": "#c7c7c7"}, {"layer": 0, "name": "Production", "fill": "#b5cf6b"}], "links": [{"source": 0, "prod": 0.0027584455239617481, "target": 1, "value": 4.0, "supply": [{"l": "Marine Fish, Other", "v": 2.0}, {"l": "Fish, Seafood", "v": 2.0}]}, {"source": 2, "prod": 0.00035672408895378151, "target": 1, "value": 1.0, "supply": [{"l": "Sugar cane", "v": 1.0}]}, {"source": 3, "prod": 0.059249175511679651, "target": 1, "value": 80.0, "supply": [{"l": "Bananas", "v": 75.0}, {"l": "Plantains", "v": 5.0}]}, {"source": 4, "prod": 0.24993182108911383, "target": 1, "value": 64.0, "supply": [{"l": "Maize", "v": 38.0}, {"l": "Sorghum", "v": 26.0}]}, {"source": 5, "prod": 0.080187338802932551, "target": 6, "value": 42.0, "supply": [{"l": "Beer", "v": 31.0}, {"l": "Butter, Ghee", "v": 4.0}, {"l": "Fats, Animals, Raw", "v": 2.0}, {"l": "Beverages, Alcoholic", "v": 5.0}]}, {"source": 7, "prod": 0.22533967270269409, "target": 6, "value": 266.0, "supply": [{"l": "Pigmeat", "v": 11.0}, {"l": "Milk - Excluding Butter", "v": 214.0}, {"l": "Bovine Meat", "v": 18.0}, {"l": "Eggs", "v": 12.0}, {"l": "Poultry Meat", "v": 5.0}, {"l": "Offals, Edible", "v": 6.0}]}, {"source": 4, "prod": 1.3474732121793269, "target": 6, "value": 349.0, "supply": [{"l": "Maize", "v": 268.0}, {"l": "Rice", "v": 13.0}, {"l": "Sorghum", "v": 17.0}, {"l": "Wheat", "v": 51.0}]}, {"source": 8, "prod": 0.0012128619024428574, "target": 6, "value": 1.0, "supply": [{"l": "Coconuts - Incl Copra", "v": 1.0}]}, {"source": 9, "prod": 0.33098754328695018, "target": 6, "value": 80.0, "supply": [{"l": "Sugar", "v": 57.0}, {"l": "Sweeteners, Other", "v": 3.0}, {"l": "Sugar non-centrifugal", "v": 20.0}]}, {"source": 10, "prod": 0.030252395096510825, "target": 6, "value": 30.0, "supply": [{"l": "Potatoes", "v": 3.0}, {"l": "Roots, Other", "v": 2.0}, {"l": "Sweet potatoes", "v": 1.0}, {"l": "Cassava", "v": 24.0}]}, {"source": 3, "prod": 0.29032935772965829, "target": 6, "value": 334.0, "supply": [{"l": "Vegetables, Other", "v": 45.0}, {"l": "Fruits, Other", "v": 16.0}, {"l": "Citrus, Other", "v": 1.0}, {"l": "Pineapples", "v": 2.0}, {"l": "Beans", "v": 22.0}, {"l": "Tomatoes", "v": 6.0}, {"l": "Bananas", "v": 165.0}, {"l": "Oranges, Mandarines", "v": 21.0}, {"l": "Plantains", "v": 55.0}, {"l": "Onions", "v": 1.0}]}, {"source": 11, "prod": 0.0049360658820348843, "target": 6, "value": 10.0, "supply": [{"l": "Coffee", "v": 10.0}]}, {"source": 0, "prod": 0.0060519811879593865, "target": 6, "value": 10.0, "supply": [{"l": "Fish, Seafood", "v": 5.0}, {"l": "Crustaceans", "v": 1.0}, {"l": "Molluscs, Other", "v": 1.0}, {"l": "Pelagic Fish", "v": 2.0}, {"l": "Marine Fish, Other", "v": 1.0}]}, {"source": 12, "prod": 0.10334047169259961, "target": 6, "value": 10.0, "supply": [{"l": "Coconut Oil", "v": 2.0}, {"l": "Maize Germ Oil", "v": 1.0}, {"l": "Cottonseed Oil", "v": 2.0}, {"l": "Palm Oil", "v": 5.0}]}, {"source": 2, "prod": 0.50797510267018497, "target": 13, "value": 1424.0, "supply": [{"l": "Sugar cane", "v": 1424.0}]}, {"source": 4, "prod": 0.030831976274107182, "target": 13, "value": 9.0, "supply": [{"l": "Maize", "v": 2.0}, {"l": "Barley", "v": 5.0}, {"l": "Rice", "v": 2.0}]}, {"source": 8, "prod": 0.15643930243312132, "target": 13, "value": 56.852459016393439, "supply": [{"l": "Coconuts - Incl Copra", "v": 13.0}, {"l": "Cottonseed", "v": 15.0}, {"l": "Oil Palm", "v": 28.852459016393443}]}, {"source": 9, "prod": 0.033096740049711866, "target": 13, "value": 8.0, "supply": [{"l": "Sugar non-centrifugal", "v": 8.0}]}, {"source": 5, "prod": 0.065129022706520545, "target": 14, "value": 8.0, "supply": [{"l": "Fats, Animals, Raw", "v": 8.0}]}, {"source": 12, "prod": 0.010612541646375, "target": 14, "value": 1.0, "supply": [{"l": "Oilcrops Oil, Other", "v": 1.0}]}, {"source": 10, "prod": 0.00078611419602777775, "target": 15, "value": 1.0, "supply": [{"l": "Potatoes", "v": 1.0}]}, {"source": 2, "prod": 0.016052584002920169, "target": 15, "value": 45.0, "supply": [{"l": "Sugar cane", "v": 45.0}]}, {"source": 3, "prod": 0.01178565036306941, "target": 15, "value": 3.0, "supply": [{"l": "Beans", "v": 3.0}]}, {"source": 4, "prod": 0.023731099313101089, "target": 15, "value": 6.0, "supply": [{"l": "Maize", "v": 5.0}, {"l": "Sorghum", "v": 1.0}]}, {"source": 10, "prod": 0.002831905356774766, "target": 16, "value": 3.0, "supply": [{"l": "Cassava", "v": 2.0}, {"l": "Potatoes", "v": 1.0}]}, {"source": 2, "prod": 0.0053508613343067222, "target": 16, "value": 15.0, "supply": [{"l": "Sugar cane", "v": 15.0}]}, {"source": 3, "prod": 0.35643530258089051, "target": 16, "value": 486.0, "supply": [{"l": "Bananas", "v": 453.0}, {"l": "Vegetables, Other", "v": 5.0}, {"l": "Fruits, Other", "v": 5.0}, {"l": "Citrus, Other", "v": 2.0}, {"l": "Beans", "v": 2.0}, {"l": "Oranges, Mandarines", "v": 4.0}, {"l": "Plantains", "v": 14.0}, {"l": "Tomatoes", "v": 1.0}]}, {"source": 4, "prod": 0.11528713132028173, "target": 16, "value": 29.0, "supply": [{"l": "Maize", "v": 26.0}, {"l": "Rice", "v": 1.0}, {"l": "Sorghum", "v": 2.0}]}, {"source": 11, "prod": 0.00049360658820348836, "target": 16, "value": 1.0, "supply": [{"l": "Coffee", "v": 1.0}]}, {"source": 17, "prod": 0.020385515786389301, "target": 1, "value": 33.0, "supply": [{"l": "Pelagic Fish", "v": 2.0}, {"l": "Milk - Excluding Butter", "v": 24.0}, {"l": "Marine Fish, Other", "v": 2.0}, {"l": "Fish, Seafood", "v": 4.0}, {"l": "Bovine Meat", "v": 1.0}]}, {"source": 17, "prod": 0.065827903329716567, "target": 13, "value": 8.0, "supply": [{"l": "Fats, Animals, Raw", "v": 5.0}, {"l": "Sweeteners, Other", "v": 1.0}, {"l": "Cottonseed Oil", "v": 1.0}, {"l": "Oilcrops Oil, Other", "v": 1.0}]}, {"source": 17, "prod": 0.18734455223987492, "target": 4, "value": 58.0, "supply": [{"l": "Wheat", "v": 48.0}, {"l": "Barley", "v": 5.0}, {"l": "Rice", "v": 5.0}]}, {"source": 17, "prod": 0.00078024760854237131, "target": 3, "value": 2.0, "supply": [{"l": "Vegetables, Other", "v": 1.0}, {"l": "Fruits, Other", "v": 1.0}]}, {"source": 17, "prod": 0.014554342829314287, "target": 8, "value": 12.0, "supply": [{"l": "Cottonseed", "v": 12.0}]}, {"source": 17, "prod": 0.00078611419602777775, "target": 10, "value": 1.0, "supply": [{"l": "Potatoes", "v": 1.0}]}, {"source": 7, "prod": 0.035241647731358489, "target": 18, "value": 22.0, "supply": [{"l": "Bovine Meat", "v": 22.0}]}, {"source": 4, "prod": 0.035700993695215691, "target": 18, "value": 9.0, "supply": [{"l": "Maize", "v": 8.0}, {"l": "Sorghum", "v": 1.0}]}, {"source": 8, "prod": 0.0072771714146571444, "target": 18, "value": 6.0, "supply": [{"l": "Coconuts - Incl Copra", "v": 4.0}, {"l": "Palm kernels", "v": 2.0}]}, {"source": 9, "prod": 0.049697756002536585, "target": 18, "value": 12.0, "supply": [{"l": "Sugar", "v": 12.0}]}, {"source": 3, "prod": 0.75879997467900939, "target": 18, "value": 1000.0, "supply": [{"l": "Pineapples", "v": 11.0}, {"l": "Bananas", "v": 925.0}, {"l": "Plantains", "v": 20.0}, {"l": "Vegetables, Other", "v": 1.0}, {"l": "Fruits, Other", "v": 22.0}, {"l": "Citrus, Other", "v": 10.0}, {"l": "Beans", "v": 11.0}]}, {"source": 11, "prod": 0.015795410822511628, "target": 18, "value": 32.0, "supply": [{"l": "Coffee", "v": 32.0}]}, {"source": 0, "prod": 0.0049085120852452157, "target": 18, "value": 8.0, "supply": [{"l": "Crustaceans", "v": 4.0}, {"l": "Fish, Seafood", "v": 4.0}]}, {"source": 12, "prod": 0.010206597430393443, "target": 18, "value": 1.0, "supply": [{"l": "Palm Oil", "v": 1.0}]}, {"source": 4, "prod": 0.011343826028730252, "target": 19, "value": 3.0, "supply": [{"l": "Sorghum", "v": 3.0}]}, {"source": 20, "prod": 0.0081411278383150681, "target": 13, "value": 1.0, "supply": [{"l": "Fats, Animals, Raw", "v": 1.0}]}, {"source": 12, "prod": 0.010449271774892308, "target": 19, "value": 1.0, "supply": [{"l": "Cottonseed Oil", "v": 1.0}]}, {"source": 9, "prod": 0.0041414796668780484, "target": 19, "value": 1.0, "supply": [{"l": "Sugar", "v": 1.0}]}, {"source": 20, "prod": 0.034285420957660698, "target": 4, "value": 9.0, "supply": [{"l": "Maize", "v": 7.0}, {"l": "Wheat", "v": 2.0}]}, {"source": 21, "prod": 1.5928787761534688, "target": 4, "value": 402.0, "supply": [{"l": "Maize", "v": 341.0}, {"l": "Rice", "v": 11.0}, {"l": "Wheat", "v": 1.0}, {"l": "Sorghum", "v": 49.0}]}, {"source": 21, "prod": 0.15280071672579273, "target": 8, "value": 53.852459016393439, "supply": [{"l": "Coconuts - Incl Copra", "v": 18.0}, {"l": "Sesame seed", "v": 1.0}, {"l": "Cottonseed", "v": 4.0}, {"l": "Palm kernels", "v": 2.0}, {"l": "Oil Palm", "v": 28.852459016393443}]}, {"source": 21, "prod": 0.52973527209636562, "target": 2, "value": 1485.0, "supply": [{"l": "Sugar cane", "v": 1485.0}]}, {"source": 21, "prod": 0.032061404872912098, "target": 10, "value": 32.0, "supply": [{"l": "Roots, Other", "v": 2.0}, {"l": "Potatoes", "v": 4.0}, {"l": "Sweet potatoes", "v": 1.0}, {"l": "Cassava", "v": 25.0}]}, {"source": 21, "prod": 1.4761361267624402, "target": 3, "value": 1902.0, "supply": [{"l": "Plantains", "v": 94.0}, {"l": "Fruits, Other", "v": 42.0}, {"l": "Citrus, Other", "v": 12.0}, {"l": "Tomatoes", "v": 7.0}, {"l": "Vegetables, Other", "v": 51.0}, {"l": "Beans", "v": 38.0}, {"l": "Pineapples", "v": 13.0}, {"l": "Bananas", "v": 1619.0}, {"l": "Oranges, Mandarines", "v": 25.0}, {"l": "Onions", "v": 1.0}]}, {"source": 21, "prod": 0.020731476704546514, "target": 11, "value": 42.0, "supply": [{"l": "Coffee", "v": 42.0}]}, {"source": 1, "prod": 0.01371893879716635, "target": 0, "value": 22.0, "supply": [{"l": "Crustaceans", "v": 5.0}, {"l": "Molluscs, Other", "v": 1.0}, {"l": "Marine Fish, Other", "v": 3.0}, {"l": "Fish, Seafood", "v": 11.0}, {"l": "Pelagic Fish", "v": 2.0}]}, {"source": 1, "prod": 0.26058132043405258, "target": 7, "value": 288.0, "supply": [{"l": "Poultry Meat", "v": 5.0}, {"l": "Pigmeat", "v": 11.0}, {"l": "Bovine Meat", "v": 40.0}, {"l": "Eggs", "v": 12.0}, {"l": "Milk - Excluding Butter", "v": 214.0}, {"l": "Offals, Edible", "v": 6.0}]}, {"source": 13, "prod": 0.1453163615094531, "target": 5, "value": 50.0, "supply": [{"l": "Fats, Animals, Raw", "v": 10.0}, {"l": "Beer", "v": 31.0}, {"l": "Beverages, Alcoholic", "v": 5.0}, {"l": "Butter, Ghee", "v": 4.0}]}, {"source": 13, "prod": 0.13460888254426034, "target": 12, "value": 13.0, "supply": [{"l": "Cottonseed Oil", "v": 3.0}, {"l": "Maize Germ Oil", "v": 1.0}, {"l": "Coconut Oil", "v": 2.0}, {"l": "Palm Oil", "v": 6.0}, {"l": "Oilcrops Oil, Other", "v": 1.0}]}, {"source": 13, "prod": 0.41792351900607666, "target": 9, "value": 101.0, "supply": [{"l": "Sweeteners, Other", "v": 3.0}, {"l": "Sugar non-centrifugal", "v": 28.0}, {"l": "Sugar", "v": 70.0}]}]}