{"nodes": [{"layer": 3, "name": "Fruits & Vegetables"}, {"layer": 5, "name": "Production", "fill": "#b5cf6b"}, {"layer": 1, "name": "Electricity", "fill": "#bcbd22"}, {"layer": 0, "name": "Fossil Fuels", "fill": "#c49c94"}, {"layer": 0, "name": "Renewables & Nuclear", "fill": "#2ca02c"}, {"layer": 1, "name": "Fertilizers", "fill": "#c5b0d5"}, {"layer": 0, "name": "Labor", "fill": "#7f7f7f"}], "links": [{"source": 0, "prod": 18.0, "target": 1, "value": 0.0048000188365229686, "supply": [{"l": "Vegetables, Other", "v": 0.0048000188365229686}]}, {"source": 2, "prod": 0, "target": 0, "value": 0.00021883625819163965, "supply": "[{\"l\":'Energy for power irrigation',\"v\":0.00021883625819163965}]"}, {"source": 3, "prod": 0, "target": 2, "value": 0.0002290940961141358, "supply": [{"l": "Coal", "v": 6.4686097540387431e-06}, {"l": "Natural gas", "v": 7.6990783726178485e-05}, {"l": "Oil", "v": 0.00014563470263391856}]}, {"source": 4, "prod": 0, "target": 2, "value": 0.00028337529471636789, "supply": [{"l": "Nuclear", "v": 0.0}, {"l": "Hydroelectric", "v": 0.00028260686848868984}, {"l": "Renewable", "v": 7.6842622767805271e-07}]}, {"source": 3, "prod": 0, "target": 0, "value": 0.0078266124856426859, "supply": [{"l": "Other fossil fuels", "v": 0.0078266124856426859}]}, {"source": 5, "prod": 0.64494193176689463, "target": 0, "value": 0.0038745806427891135, "supply": [{"l": "Potash", "v": 0.0020395203937713133}, {"l": "Phosphate", "v": 0.00033722385352735193}, {"l": "Nitrogen", "v": 0.00428753445829861}]}, {"source": 3, "prod": 0, "target": 5, "value": 0.0099657545045268008, "supply": [{"l": "Natural gas (including LNG)", "v": 0.0059875564681871832}, {"l": "Fuel oil", "v": 0.003220285483240882}, {"l": "Liquefied petroleum gas (LPG)", "v": 0.00037895627654936745}, {"l": "Coal", "v": 0.00037895627654936745}]}, {"source": 6, "prod": 0, "target": 0, "value": 0.031416913466715143, "supply": "[{\"l\":'Labor',\"v\":0.031416913466715143}]"}]}