{"nodes": [{"layer": 3, "name": "Fruits & Vegetables"}, {"layer": 5, "name": "Production", "fill": "#b5cf6b"}, {"layer": 1, "name": "Electricity", "fill": "#bcbd22"}, {"layer": 0, "name": "Fossil Fuels", "fill": "#c49c94"}, {"layer": 0, "name": "Renewables & Nuclear", "fill": "#2ca02c"}, {"layer": 1, "name": "Fertilizers", "fill": "#c5b0d5"}, {"layer": 0, "name": "Labor", "fill": "#7f7f7f"}], "links": [{"source": 0, "prod": 3.0, "target": 1, "value": 0.00072616108200427643, "supply": [{"l": "Vegetables, Other", "v": 0.00072616108200427643}]}, {"source": 2, "prod": 0, "target": 0, "value": 0.00010873730518144581, "supply": "[{\"l\":'Energy for power irrigation',\"v\":0.00010873730518144581}]"}, {"source": 3, "prod": 0, "target": 2, "value": 0.00018401404512464816, "supply": [{"l": "Coal", "v": 6.4449015725289205e-06}, {"l": "Natural gas", "v": 4.1074123800539698e-05}, {"l": "Oil", "v": 0.00013649501975157956}]}, {"source": 4, "prod": 0, "target": 2, "value": 0.00030408104424449792, "supply": [{"l": "Nuclear", "v": 0.0}, {"l": "Hydroelectric", "v": 0.00030314745421670589}, {"l": "Renewable", "v": 9.3359002779204746e-07}]}, {"source": 3, "prod": 0, "target": 0, "value": 0.0034519953456026626, "supply": [{"l": "Other fossil fuels", "v": 0.0034519953456026626}]}, {"source": 5, "prod": 0.37555555555555548, "target": 0, "value": 0.0032902037063358659, "supply": [{"l": "Potash", "v": 0.001794722223658}, {"l": "Phosphate", "v": 0.00042083333367000001}, {"l": "Nitrogen", "v": 0.009173611118449998}]}, {"source": 3, "prod": 0, "target": 5, "value": 0.015274273492803154, "supply": [{"l": "Natural gas (including LNG)", "v": 0.0097018764942717033}, {"l": "Fuel oil", "v": 0.0039507668771776505}, {"l": "Liquefied petroleum gas (LPG)", "v": 0.00081081506067690046}, {"l": "Coal", "v": 0.00081081506067690046}]}, {"source": 6, "prod": 0, "target": 0, "value": 0.011274355329804614, "supply": "[{\"l\":'Labor',\"v\":0.011274355329804614}]"}]}