{"nodes": [{"layer": 13, "name": "Other Processed", "fill": "#9c9ede"}, {"layer": 16, "name": "Food", "fill": "#b5cf6b"}, {"layer": 13, "name": "Animal Products", "fill": "#17becf"}, {"layer": 5, "name": "Cereals", "fill": "#e7ba52"}, {"layer": 5, "name": "Fruits, Roots & Vegetables", "fill": "#98df8a"}, {"layer": 13, "name": "Sugar", "fill": "#d6616b"}, {"layer": 13, "name": "Vegetable Oils", "fill": "#f7b6d2"}, {"name": "Waste", "fill": "#c7c7c7"}, {"layer": 2, "name": "Import", "fill": "#aec7e8"}, {"layer": 10, "name": "Processing", "fill": "#9edae5"}, {"layer": 10, "name": "Feed", "fill": "#dbdb8d"}, {"layer": 0, "name": "Stock Draw", "fill": "#c7c7c7"}, {"layer": 2, "name": "Electricity", "fill": "#bcbd22"}, {"layer": 0, "name": "Fossil Fuels", "fill": "#c49c94"}, {"layer": 0, "name": "Renewables & Nuclear", "fill": "#2ca02c"}, {"layer": 2, "name": "Fertilizers", "fill": "#c5b0d5"}, {"layer": 0, "name": "Labor", "fill": "#7f7f7f"}], "links": [{"source": 0, "prod": 4.0, "target": 1, "value": 0.0052106793529373887, "supply": [{"l": "Beer", "v": 0.0011129257157247191}, {"l": "Beverages, Alcoholic", "v": 0.0033294248302352942}, {"l": "Wine", "v": 0.00076832880697737553}]}, {"source": 2, "prod": 26.0, "target": 1, "value": 0.028452333600117105, "supply": [{"l": "Offals, Edible", "v": 0.0013476243360476192}, {"l": "Milk - Excluding Butter", "v": 0.014262655439867376}, {"l": "Bovine Meat", "v": 0.0023583425880833331}, {"l": "Meat, Other", "v": 0.0017936690106549298}, {"l": "Mutton & Goat Meat", "v": 0.0086900422254638492}]}, {"source": 3, "prod": 24.0, "target": 1, "value": 0.089174999154037732, "supply": [{"l": "Wheat", "v": 0.044108965279782419}, {"l": "Rice", "v": 0.041882271380342811}, {"l": "Sorghum", "v": 0.0031837624939125004}]}, {"source": 4, "prod": 13.0, "target": 1, "value": 0.01000422759578337, "supply": [{"l": "Dates", "v": 0.0017900672656536146}, {"l": "Potatoes", "v": 0.0015748797046897136}, {"l": "Vegetables, Other", "v": 0.0015160773780535713}, {"l": "Fruits, Other", "v": 0.0010701722668613445}, {"l": "Pulses, Other", "v": 0.0040530309805251255}]}, {"source": 5, "prod": 10.0, "target": 1, "value": 0.041364709665207326, "supply": [{"l": "Sugar", "v": 0.041364709665207326}]}, {"source": 6, "prod": 1.0, "target": 1, "value": 0.010287003559062886, "supply": [{"l": "Oilcrops Oil, Other", "v": 0.010287003559062886}]}, {"source": 4, "prod": 1.0, "target": 7, "value": 0.00025267956300892855, "supply": [{"l": "Vegetables, Other", "v": 0.00025267956300892855}]}, {"source": 8, "prod": 14.0, "target": 9, "value": 0.052725921610686857, "supply": [{"l": "Sugar", "v": 0.037228238698686592}, {"l": "Beer", "v": 0.0011129257157247191}, {"l": "Beverages, Alcoholic", "v": 0.0033294248302352942}, {"l": "Oilcrops Oil, Other", "v": 0.010287003559062886}, {"l": "Wine", "v": 0.00076832880697737553}]}, {"source": 8, "prod": 24.0, "target": 3, "value": 0.088379769345217477, "supply": [{"l": "Wheat", "v": 0.047501962608996445}, {"l": "Rice", "v": 0.03769404424230853}, {"l": "Sorghum", "v": 0.0031837624939125004}]}, {"source": 8, "prod": 9.0, "target": 4, "value": 0.0089935093437476556, "supply": [{"l": "Dates", "v": 0.0017900672656536146}, {"l": "Potatoes", "v": 0.0015748797046897136}, {"l": "Vegetables, Other", "v": 0.0005053591260178571}, {"l": "Fruits, Other", "v": 0.0010701722668613445}, {"l": "Pulses, Other", "v": 0.0040530309805251255}]}, {"source": 8, "prod": 14.0, "target": 10, "value": 0.010509325060954908, "supply": [{"l": "Milk - Excluding Butter", "v": 0.010509325060954908}]}, {"source": 11, "prod": 1.0, "target": 9, "value": 0.004136470966520733, "supply": [{"l": "Sugar", "v": 0.004136470966520733}]}, {"source": 11, "prod": 2.0, "target": 3, "value": 0.0083764542760685623, "supply": [{"l": "Rice", "v": 0.0083764542760685623}]}, {"source": 10, "prod": 26.0, "target": 2, "value": 0.028452333600117105, "supply": [{"l": "Milk - Excluding Butter", "v": 0.014262655439867376}, {"l": "Bovine Meat", "v": 0.0023583425880833331}, {"l": "Offals, Edible", "v": 0.0013476243360476192}, {"l": "Meat, Other", "v": 0.0017936690106549298}, {"l": "Mutton & Goat Meat", "v": 0.0086900422254638492}]}, {"source": 9, "prod": 4.0, "target": 0, "value": 0.0052106793529373887, "supply": [{"l": "Beer", "v": 0.0011129257157247191}, {"l": "Beverages, Alcoholic", "v": 0.0033294248302352942}, {"l": "Wine", "v": 0.00076832880697737553}]}, {"source": 9, "prod": 1.0, "target": 6, "value": 0.010287003559062886, "supply": [{"l": "Oilcrops Oil, Other", "v": 0.010287003559062886}]}, {"source": 9, "prod": 10.0, "target": 5, "value": 0.041364709665207326, "supply": [{"l": "Sugar", "v": 0.041364709665207326}]}, {"source": 12, "prod": 0, "target": 4, "value": 0.00016131358460983722, "supply": "[{\"l\":'Energy for power irrigation',\"v\":0.00016131358460983722}]"}, {"source": 12, "prod": 0, "target": 9, "value": 0.00042413479049763274, "supply": "[{\"l\":'Electricity',\"v\":0.00042413479049763274}]"}, {"source": 13, "prod": 0, "target": 12, "value": 0.00044034873571317665, "supply": [{"l": "Coal", "v": 6.4343443979881109e-06}, {"l": "Natural gas", "v": 0.00010286958062373531}, {"l": "Oil", "v": 0.00033104481069145327}]}, {"source": 14, "prod": 0, "target": 12, "value": 0.00062662121813276267, "supply": [{"l": "Nuclear", "v": 0.0}, {"l": "Hydroelectric", "v": 0.00062473008038796266}, {"l": "Renewable", "v": 1.8911377447999787e-06}]}, {"source": 13, "prod": 0, "target": 4, "value": 0.0053155638441815915, "supply": [{"l": "Other fossil fuels", "v": 0.0053155638441815915}]}, {"source": 15, "prod": 0.79028571428571426, "target": 4, "value": 0.0069354047674530846, "supply": [{"l": "Potash", "v": 0.00256388889094}, {"l": "Phosphate", "v": 0.00055550000044440005}, {"l": "Nitrogen", "v": 0.013063222232672797}]}, {"source": 13, "prod": 0, "target": 15, "value": 0.021719383573997556, "supply": [{"l": "Natural gas (including LNG)", "v": 0.013787527693332299}, {"l": "Fuel oil", "v": 0.0056226545878574445}, {"l": "Liquefied petroleum gas (LPG)", "v": 0.0011546006464039063}, {"l": "Coal", "v": 0.0011546006464039063}]}, {"source": 16, "prod": 0, "target": 3, "value": 0.023541344516924311, "supply": "[{\"l\":'Labor',\"v\":0.023541344516924311}]"}, {"source": 16, "prod": 0, "target": 4, "value": 0.017656008387693232, "supply": "[{\"l\":'Labor',\"v\":0.017656008387693232}]"}, {"source": 13, "prod": 0, "target": 8, "value": 0.047095986742278342, "supply": "[{\"l\":'Fossil Fuels',\"v\":0.047095986742278342}]"}, {"source": 14, "prod": 0, "target": 8, "value": 0.27946200759002449, "supply": "[{\"l\":'Renewables & Nuclear',\"v\":0.0058769679090757889},{\"l\":'Biomass & Waste',\"v\":0.27358503968094872}]"}]}