{"nodes": [{"layer": 5, "name": "Cereals, Other"}, {"layer": 16, "name": "Food", "fill": "#b5cf6b"}, {"layer": 5, "name": "Wheat"}, {"layer": 5, "name": "Potatoes"}, {"layer": 13, "name": "Wine"}, {"layer": 5, "name": "Vegetables, Other"}, {"layer": 5, "name": "Fruits, Other"}, {"layer": 13, "name": "Beer"}, {"layer": 13, "name": "Sugar", "fill": "#d6616b"}, {"layer": 13, "name": "Milk - Excluding Butter"}, {"layer": 13, "name": "Offals, Edible"}, {"layer": 13, "name": "Bovine Meat"}, {"layer": 13, "name": "Oilcrops Oil, Other"}, {"layer": 5, "name": "Rice"}, {"layer": 13, "name": "Mutton & Goat Meat"}, {"layer": 2, "name": "Import", "fill": "#aec7e8"}, {"layer": 10, "name": "Feed", "fill": "#dbdb8d"}, {"layer": 10, "name": "Processing", "fill": "#9edae5"}, {"layer": 16, "name": "Export", "fill": "#aec7e8"}, {"layer": 16, "name": "Stock Deposit", "fill": "#c7c7c7"}, {"layer": 0, "name": "Stock Draw", "fill": "#c7c7c7"}, {"layer": 2, "name": "Electricity", "fill": "#bcbd22"}, {"layer": 0, "name": "Fossil Fuels", "fill": "#c49c94"}, {"layer": 0, "name": "Renewables & Nuclear", "fill": "#2ca02c"}, {"layer": 2, "name": "Fertilizers", "fill": "#c5b0d5"}, {"layer": 0, "name": "Labor", "fill": "#7f7f7f"}], "links": [{"source": 0, "prod": 7.0, "target": 1, "value": 0.027715212100337047, "supply": [{"l": "Cereals, Other", "v": 0.027715212100337047}]}, {"source": 2, "prod": 8.0, "target": 1, "value": 0.024349999953441684, "supply": [{"l": "Wheat", "v": 0.024349999953441684}]}, {"source": 3, "prod": 1.0, "target": 1, "value": 0.00081011768292938932, "supply": [{"l": "Potatoes", "v": 0.00081011768292938932}]}, {"source": 4, "prod": 1.0, "target": 1, "value": 0.00081114967997770711, "supply": [{"l": "Wine", "v": 0.00081114967997770711}]}, {"source": 5, "prod": 3.0, "target": 1, "value": 0.00076486786640540534, "supply": [{"l": "Vegetables, Other", "v": 0.00076486786640540534}]}, {"source": 6, "prod": 9.0, "target": 1, "value": 0.0047269232599004788, "supply": [{"l": "Fruits, Other", "v": 0.0047269232599004788}]}, {"source": 7, "prod": 4.0, "target": 1, "value": 0.0022451606225435848, "supply": [{"l": "Beer", "v": 0.0022451606225435848}]}, {"source": 8, "prod": 8.0, "target": 1, "value": 0.033144274210900902, "supply": [{"l": "Sugar", "v": 0.033144274210900902}]}, {"source": 9, "prod": 5.0, "target": 1, "value": 0.0036483145461182198, "supply": [{"l": "Milk - Excluding Butter", "v": 0.0036483145461182198}]}, {"source": 10, "prod": 1.0, "target": 1, "value": 0.001378891722034803, "supply": [{"l": "Offals, Edible", "v": 0.001378891722034803}]}, {"source": 11, "prod": 1.0, "target": 1, "value": 0.00265313541159375, "supply": [{"l": "Bovine Meat", "v": 0.00265313541159375}]}, {"source": 12, "prod": 1.0, "target": 1, "value": 0.010297317637076732, "supply": [{"l": "Oilcrops Oil, Other", "v": 0.010297317637076732}]}, {"source": 13, "prod": 5.0, "target": 1, "value": 0.020917003397744462, "supply": [{"l": "Rice", "v": 0.020917003397744462}]}, {"source": 14, "prod": 3.0, "target": 1, "value": 0.0061621209559596778, "supply": [{"l": "Mutton & Goat Meat", "v": 0.0061621209559596778}]}, {"source": 15, "prod": 10.0, "target": 0, "value": 0.039593160143338628, "supply": [{"l": "Cereals, Other", "v": 0.039593160143338628}]}, {"source": 15, "prod": 1.0, "target": 3, "value": 0.00081011768292938932, "supply": [{"l": "Potatoes", "v": 0.00081011768292938932}]}, {"source": 15, "prod": 6.0, "target": 13, "value": 0.025100404077293352, "supply": [{"l": "Rice", "v": 0.025100404077293352}]}, {"source": 15, "prod": 11.0, "target": 2, "value": 0.033481249935982317, "supply": [{"l": "Wheat", "v": 0.033481249935982317}]}, {"source": 15, "prod": 2.0, "target": 16, "value": 0.0014593258184472878, "supply": [{"l": "Milk - Excluding Butter", "v": 0.0014593258184472878}]}, {"source": 15, "prod": 12.0, "target": 17, "value": 0.038211833597773706, "supply": [{"l": "Sugar", "v": 0.024858205658175675}, {"l": "Beer", "v": 0.0022451606225435848}, {"l": "Oilcrops Oil, Other", "v": 0.010297317637076732}, {"l": "Wine", "v": 0.00081114967997770711}]}, {"source": 15, "prod": 9.0, "target": 6, "value": 0.0047269232599004788, "supply": [{"l": "Fruits, Other", "v": 0.0047269232599004788}]}, {"source": 15, "prod": 1.0, "target": 5, "value": 0.00025495595546846846, "supply": [{"l": "Vegetables, Other", "v": 0.00025495595546846846}]}, {"source": 0, "prod": 1.0, "target": 18, "value": 0.0039593160143338631, "supply": [{"l": "Cereals, Other", "v": 0.0039593160143338631}]}, {"source": 0, "prod": 2.0, "target": 19, "value": 0.0079186320286677263, "supply": [{"l": "Cereals, Other", "v": 0.0079186320286677263}]}, {"source": 20, "prod": 2.0, "target": 17, "value": 0.0082860685527252256, "supply": [{"l": "Sugar", "v": 0.0082860685527252256}]}, {"source": 13, "prod": 1.0, "target": 19, "value": 0.0041834006795488923, "supply": [{"l": "Rice", "v": 0.0041834006795488923}]}, {"source": 2, "prod": 3.0, "target": 19, "value": 0.0091312499825406315, "supply": [{"l": "Wheat", "v": 0.0091312499825406315}]}, {"source": 16, "prod": 5.0, "target": 9, "value": 0.0036483145461182198, "supply": [{"l": "Milk - Excluding Butter", "v": 0.0036483145461182198}]}, {"source": 16, "prod": 1.0, "target": 11, "value": 0.00265313541159375, "supply": [{"l": "Bovine Meat", "v": 0.00265313541159375}]}, {"source": 16, "prod": 1.0, "target": 10, "value": 0.001378891722034803, "supply": [{"l": "Offals, Edible", "v": 0.001378891722034803}]}, {"source": 16, "prod": 3.0, "target": 14, "value": 0.0061621209559596778, "supply": [{"l": "Mutton & Goat Meat", "v": 0.0061621209559596778}]}, {"source": 17, "prod": 4.0, "target": 7, "value": 0.0022451606225435848, "supply": [{"l": "Beer", "v": 0.0022451606225435848}]}, {"source": 17, "prod": 8.0, "target": 8, "value": 0.033144274210900902, "supply": [{"l": "Sugar", "v": 0.033144274210900902}]}, {"source": 17, "prod": 1.0, "target": 12, "value": 0.010297317637076732, "supply": [{"l": "Oilcrops Oil, Other", "v": 0.010297317637076732}]}, {"source": 17, "prod": 1.0, "target": 4, "value": 0.00081114967997770711, "supply": [{"l": "Wine", "v": 0.00081114967997770711}]}, {"source": 21, "prod": 0, "target": 5, "value": 4.4809329058288116e-05, "supply": "[{\"l\":'Energy for power irrigation',\"v\":4.4809329058288116e-05}]"}, {"source": 21, "prod": 0, "target": 17, "value": 0.00031292131681825335, "supply": "[{\"l\":'Electricity',\"v\":0.00031292131681825335}]"}, {"source": 22, "prod": 0, "target": 21, "value": 0.0004832726546980245, "supply": [{"l": "Coal", "v": 3.1559974787945791e-05}, {"l": "Natural gas", "v": 6.3682352773521554e-05}, {"l": "Oil", "v": 0.00038803032713655714}]}, {"source": 23, "prod": 0, "target": 21, "value": 0.00050260090375455879, "supply": [{"l": "Nuclear", "v": 0.0}, {"l": "Hydroelectric", "v": 0.00050010932679761565}, {"l": "Renewable", "v": 2.4915769569430859e-06}]}, {"source": 22, "prod": 0, "target": 5, "value": 0.0012784723337970635, "supply": [{"l": "Other fossil fuels", "v": 0.0012784723337970635}]}, {"source": 24, "prod": 0.14042439347113819, "target": 5, "value": 0.0012414511275219422, "supply": [{"l": "Potash", "v": 0.001622976801291491}, {"l": "Phosphate", "v": 0.000363863025841633}, {"l": "Nitrogen", "v": 0.0084413496440511899}]}, {"source": 22, "prod": 0, "target": 24, "value": 0.013965344152603419, "supply": [{"l": "Natural gas (including LNG)", "v": 0.0088760002198121791}, {"l": "Fuel oil", "v": 0.0035971565410517145}, {"l": "Liquefied petroleum gas (LPG)", "v": 0.00074609369586976185}, {"l": "Coal", "v": 0.00074609369586976185}]}, {"source": 25, "prod": 0, "target": 0, "value": 0.0072453900320589232, "supply": "[{\"l\":'Labor',\"v\":0.0072453900320589232}]"}, {"source": 25, "prod": 0, "target": 2, "value": 0.007969929035264816, "supply": "[{\"l\":'Labor',\"v\":0.007969929035264816}]"}, {"source": 25, "prod": 0, "target": 3, "value": 0.00072453900320589232, "supply": "[{\"l\":'Labor',\"v\":0.00072453900320589232}]"}, {"source": 25, "prod": 0, "target": 5, "value": 0.0036226950160294616, "supply": "[{\"l\":'Labor',\"v\":0.0036226950160294616}]"}, {"source": 25, "prod": 0, "target": 6, "value": 0.0065208510288530313, "supply": "[{\"l\":'Labor',\"v\":0.0065208510288530313}]"}, {"source": 25, "prod": 0, "target": 13, "value": 0.0043472340192353539, "supply": "[{\"l\":'Labor',\"v\":0.0043472340192353539}]"}, {"source": 22, "prod": 0, "target": 15, "value": 0.011334194984622252, "supply": "[{\"l\":'Fossil Fuels',\"v\":0.011334194984622252}]"}, {"source": 23, "prod": 0, "target": 15, "value": 0.063540780302526925, "supply": "[{\"l\":'Renewables & Nuclear',\"v\":0.00087849039847302996},{\"l\":'Biomass & Waste',\"v\":0.062662289904053897}]"}]}