{"nodes": [{"layer": 13, "name": "Milk - Excluding Butter"}, {"layer": 10, "name": "Feed", "fill": "#dbdb8d"}, {"layer": 5, "name": "Maize"}, {"layer": 5, "name": "Wheat"}, {"layer": 5, "name": "Barley"}, {"layer": 5, "name": "Millet"}, {"layer": 16, "name": "Food", "fill": "#b5cf6b"}, {"layer": 5, "name": "Olives"}, {"layer": 5, "name": "Nuts"}, {"layer": 5, "name": "Dates"}, {"layer": 13, "name": "Sugar", "fill": "#d6616b"}, {"layer": 13, "name": "Oilcrops Oil, Other"}, {"layer": 5, "name": "Citrus, Other"}, {"layer": 13, "name": "Beer"}, {"layer": 5, "name": "Grapefruit"}, {"layer": 13, "name": "Beverages, Alcoholic"}, {"layer": 5, "name": "Rice"}, {"layer": 13, "name": "Butter, Ghee"}, {"layer": 5, "name": "Tomatoes"}, {"layer": 13, "name": "Poultry Meat"}, {"layer": 13, "name": "Soyabean Oil"}, {"layer": 5, "name": "Treenuts"}, {"layer": 13, "name": "Crustaceans"}, {"layer": 13, "name": "Eggs"}, {"layer": 5, "name": "Vegetables, Other"}, {"layer": 13, "name": "Coconut Oil"}, {"layer": 13, "name": "Marine Fish, Other"}, {"layer": 5, "name": "Grapes"}, {"layer": 5, "name": "Pimento"}, {"layer": 13, "name": "Sunflowerseed Oil"}, {"layer": 13, "name": "Olive Oil"}, {"layer": 13, "name": "Pigmeat"}, {"layer": 5, "name": "Potatoes"}, {"layer": 13, "name": "Freshwater Fish"}, {"layer": 5, "name": "Groundnuts"}, {"layer": 5, "name": "Beans"}, {"layer": 5, "name": "Apples"}, {"layer": 13, "name": "Fish, Seafood"}, {"layer": 13, "name": "Meat, Other"}, {"layer": 5, "name": "Lemons, Limes"}, {"layer": 13, "name": "Mutton & Goat Meat"}, {"layer": 13, "name": "Sweeteners, Other"}, {"layer": 13, "name": "Sesameseed Oil"}, {"layer": 5, "name": "Spices, Other"}, {"layer": 5, "name": "Tea"}, {"layer": 5, "name": "Fruits, Other"}, {"layer": 13, "name": "Honey"}, {"layer": 13, "name": "Offals, Edible"}, {"layer": 13, "name": "Demersal Fish"}, {"layer": 5, "name": "Oranges, Mandarines"}, {"layer": 13, "name": "Bovine Meat"}, {"layer": 13, "name": "Cottonseed Oil"}, {"layer": 5, "name": "Onions"}, {"layer": 5, "name": "Pulses, Other"}, {"layer": 10, "name": "Processing", "fill": "#9edae5"}, {"layer": 5, "name": "Cottonseed"}, {"layer": 5, "name": "Sesame seed"}, {"layer": 5, "name": "Soyabeans"}, {"layer": 5, "name": "Sugar beet"}, {"layer": 5, "name": "Oilcrops, Other"}, {"layer": 5, "name": "Sugar cane"}, {"layer": 16, "name": "Biofuels & Other", "fill": "#e7ba52"}, {"layer": 13, "name": "Palm Oil"}, {"layer": 13, "name": "Fats, Animals, Raw"}, {"name": "Seed", "fill": "#dbdb8d"}, {"name": "Waste", "fill": "#c7c7c7"}, {"layer": 0, "name": "Import", "fill": "#aec7e8"}, {"layer": 16, "name": "Export", "fill": "#aec7e8"}, {"layer": 0, "name": "Stock Draw", "fill": "#c7c7c7"}, {"layer": 16, "name": "Stock Deposit", "fill": "#c7c7c7"}, {"layer": 0, "name": "Production", "fill": "#b5cf6b"}], "links": [{"source": 0, "prod": 0.2641343698653334, "target": 1, "value": 380.0, "supply": [{"l": "Milk - Excluding Butter", "v": 380.0}]}, {"source": 2, "prod": 0.074622120019335283, "target": 1, "value": 21.0, "supply": [{"l": "Maize", "v": 21.0}]}, {"source": 3, "prod": 0.72885981082198614, "target": 1, "value": 200.0, "supply": [{"l": "Wheat", "v": 200.0}]}, {"source": 4, "prod": 2.3095185226111217, "target": 1, "value": 671.0, "supply": [{"l": "Barley", "v": 671.0}]}, {"source": 5, "prod": 0.058308784865758898, "target": 1, "value": 16.0, "supply": [{"l": "Millet", "v": 16.0}]}, {"source": 2, "prod": 0.0035534342866350133, "target": 6, "value": 1.0, "supply": [{"l": "Maize", "v": 1.0}]}, {"source": 7, "prod": 0.019102574963475002, "target": 6, "value": 9.0, "supply": [{"l": "Olives", "v": 9.0}]}, {"source": 8, "prod": 0.11422953917552726, "target": 6, "value": 37.0, "supply": [{"l": "Nuts", "v": 37.0}]}, {"source": 9, "prod": 0.44012270231700562, "target": 6, "value": 245.0, "supply": [{"l": "Dates", "v": 245.0}]}, {"source": 10, "prod": 2.0105942537314094, "target": 6, "value": 521.0, "supply": [{"l": "Sugar", "v": 521.0}]}, {"source": 11, "prod": 0.012128619024428572, "target": 6, "value": 1.0, "supply": [{"l": "Oilcrops Oil, Other", "v": 1.0}]}, {"source": 12, "prod": 0.0046488888800000003, "target": 6, "value": 4.0, "supply": [{"l": "Citrus, Other", "v": 4.0}]}, {"source": 13, "prod": 0.0043078393152304441, "target": 6, "value": 8.0, "supply": [{"l": "Beer", "v": 8.0}]}, {"source": 14, "prod": 0.0011622222200000001, "target": 6, "value": 1.0, "supply": [{"l": "Grapefruit", "v": 1.0}]}, {"source": 15, "prod": 0.0094333703523333343, "target": 6, "value": 4.0, "supply": [{"l": "Beverages, Alcoholic", "v": 4.0}]}, {"source": 4, "prod": 0.027535243190594593, "target": 6, "value": 8.0, "supply": [{"l": "Barley", "v": 8.0}]}, {"source": 16, "prod": 1.5310563679758276, "target": 6, "value": 376.0, "supply": [{"l": "Rice", "v": 376.0}]}, {"source": 17, "prod": 0.30374280687264593, "target": 6, "value": 36.0, "supply": [{"l": "Butter, Ghee", "v": 36.0}]}, {"source": 18, "prod": 0.019146088801660591, "target": 6, "value": 99.0, "supply": [{"l": "Tomatoes", "v": 99.0}]}, {"source": 19, "prod": 0.067605820858388899, "target": 6, "value": 43.0, "supply": [{"l": "Poultry Meat", "v": 43.0}]}, {"source": 3, "prod": 8.5422369828336784, "target": 6, "value": 2344.0, "supply": [{"l": "Wheat", "v": 2344.0}]}, {"source": 20, "prod": 0.012128619024428572, "target": 6, "value": 1.0, "supply": [{"l": "Soyabean Oil", "v": 1.0}]}, {"source": 21, "prod": 0.11492606075586584, "target": 6, "value": 37.0, "supply": [{"l": "Treenuts", "v": 37.0}]}, {"source": 22, "prod": 0.0019295530266136365, "target": 6, "value": 2.0, "supply": [{"l": "Crustaceans", "v": 2.0}]}, {"source": 23, "prod": 0.086683953615768902, "target": 6, "value": 54.0, "supply": [{"l": "Eggs", "v": 54.0}]}, {"source": 24, "prod": 0.21996747565369706, "target": 6, "value": 1108.0, "supply": [{"l": "Vegetables, Other", "v": 1108.0}]}, {"source": 25, "prod": 0.0070750277642500003, "target": 6, "value": 1.0, "supply": [{"l": "Coconut Oil", "v": 1.0}]}, {"source": 26, "prod": 0.0040428730081428568, "target": 6, "value": 5.0, "supply": [{"l": "Marine Fish, Other", "v": 5.0}]}, {"source": 27, "prod": 0.1816781371947106, "target": 6, "value": 223.0, "supply": [{"l": "Grapes", "v": 223.0}]}, {"source": 28, "prod": 0.0035375138821250002, "target": 6, "value": 1.0, "supply": [{"l": "Pimento", "v": 1.0}]}, {"source": 29, "prod": 0.17578722829636539, "target": 6, "value": 17.0, "supply": [{"l": "Sunflowerseed Oil", "v": 17.0}]}, {"source": 30, "prod": 0.024257238048857144, "target": 6, "value": 2.0, "supply": [{"l": "Olive Oil", "v": 2.0}]}, {"source": 31, "prod": 0.0084900333171, "target": 6, "value": 1.0, "supply": [{"l": "Pigmeat", "v": 1.0}]}, {"source": 32, "prod": 0.18195559473524514, "target": 6, "value": 208.0, "supply": [{"l": "Potatoes", "v": 208.0}]}, {"source": 33, "prod": 0.0016867615861788079, "target": 6, "value": 2.0, "supply": [{"l": "Freshwater Fish", "v": 2.0}]}, {"source": 34, "prod": 0.0063675249878250009, "target": 6, "value": 1.0, "supply": [{"l": "Groundnuts", "v": 1.0}]}, {"source": 0, "prod": 0.80352455674822465, "target": 6, "value": 1156.0, "supply": [{"l": "Milk - Excluding Butter", "v": 1156.0}]}, {"source": 35, "prod": 0.14326931222606251, "target": 6, "value": 36.0, "supply": [{"l": "Beans", "v": 36.0}]}, {"source": 36, "prod": 0.028629182115802329, "target": 6, "value": 58.0, "supply": [{"l": "Apples", "v": 58.0}]}, {"source": 37, "prod": 0.0096477651330681823, "target": 6, "value": 10.0, "supply": [{"l": "Fish, Seafood", "v": 10.0}]}, {"source": 38, "prod": 0.019295530266136365, "target": 6, "value": 15.0, "supply": [{"l": "Meat, Other", "v": 15.0}]}, {"source": 39, "prod": 0.010459999980000001, "target": 6, "value": 9.0, "supply": [{"l": "Lemons, Limes", "v": 9.0}]}, {"source": 40, "prod": 0.45812885664037656, "target": 6, "value": 172.0, "supply": [{"l": "Mutton & Goat Meat", "v": 172.0}]}, {"source": 41, "prod": 0.007718212106454546, "target": 6, "value": 2.0, "supply": [{"l": "Sweeteners, Other", "v": 2.0}]}, {"source": 42, "prod": 0.018866740704666669, "target": 6, "value": 2.0, "supply": [{"l": "Sesameseed Oil", "v": 2.0}]}, {"source": 43, "prod": 0.038912652703375003, "target": 6, "value": 11.0, "supply": [{"l": "Spices, Other", "v": 11.0}]}, {"source": 44, "prod": 0.0093041461009315072, "target": 6, "value": 16.0, "supply": [{"l": "Tea", "v": 16.0}]}, {"source": 45, "prod": 0.17226067599571807, "target": 6, "value": 319.0, "supply": [{"l": "Fruits, Other", "v": 319.0}]}, {"source": 46, "prod": 0.007718212106454546, "target": 6, "value": 2.0, "supply": [{"l": "Honey", "v": 2.0}]}, {"source": 47, "prod": 0.077307620448390249, "target": 6, "value": 56.0, "supply": [{"l": "Offals, Edible", "v": 56.0}]}, {"source": 48, "prod": 0.0006265707245092252, "target": 6, "value": 1.0, "supply": [{"l": "Demersal Fish", "v": 1.0}]}, {"source": 49, "prod": 0.019203646788678572, "target": 6, "value": 57.0, "supply": [{"l": "Oranges, Mandarines", "v": 57.0}]}, {"source": 50, "prod": 0.21118424582736181, "target": 6, "value": 90.0, "supply": [{"l": "Bovine Meat", "v": 90.0}]}, {"source": 51, "prod": 0.090485881405934221, "target": 6, "value": 9.0, "supply": [{"l": "Cottonseed Oil", "v": 9.0}]}, {"source": 52, "prod": 0.038099318486709138, "target": 6, "value": 81.0, "supply": [{"l": "Onions", "v": 81.0}]}, {"source": 53, "prod": 0.38368419798432696, "target": 6, "value": 94.0, "supply": [{"l": "Pulses, Other", "v": 94.0}]}, {"source": 7, "prod": 0.012735049975650002, "target": 54, "value": 6.0, "supply": [{"l": "Olives", "v": 6.0}]}, {"source": 55, "prod": 0.40539909089152504, "target": 54, "value": 191.0, "supply": [{"l": "Cottonseed", "v": 191.0}]}, {"source": 32, "prod": 0.019245303289304773, "target": 54, "value": 22.0, "supply": [{"l": "Potatoes", "v": 22.0}]}, {"source": 56, "prod": 0.010612541646375, "target": 54, "value": 5.0, "supply": [{"l": "Sesame seed", "v": 5.0}]}, {"source": 57, "prod": 0.002122508329275, "target": 54, "value": 1.0, "supply": [{"l": "Soyabeans", "v": 1.0}]}, {"source": 4, "prod": 0.0068838107976486483, "target": 54, "value": 2.0, "supply": [{"l": "Barley", "v": 2.0}]}, {"source": 58, "prod": 0.94139999819999998, "target": 54, "value": 810.0, "supply": [{"l": "Sugar beet", "v": 810.0}]}, {"source": 59, "prod": 0.078836023658785725, "target": 54, "value": 13.0, "supply": [{"l": "Oilcrops, Other", "v": 13.0}]}, {"source": 60, "prod": 0.054863392193534304, "target": 54, "value": 179.0, "supply": [{"l": "Sugar cane", "v": 179.0}]}, {"source": 51, "prod": 0.34183555197797377, "target": 61, "value": 34.0, "supply": [{"l": "Cottonseed Oil", "v": 34.0}]}, {"source": 62, "prod": 0.020680850387807693, "target": 61, "value": 2.0, "supply": [{"l": "Palm Oil", "v": 2.0}]}, {"source": 11, "prod": 0.072771714146571437, "target": 61, "value": 6.0, "supply": [{"l": "Oilcrops Oil, Other", "v": 6.0}]}, {"source": 29, "prod": 0.031021275581711541, "target": 61, "value": 3.0, "supply": [{"l": "Sunflowerseed Oil", "v": 3.0}]}, {"source": 63, "prod": 0.29027376480811173, "target": 61, "value": 36.0, "supply": [{"l": "Fats, Animals, Raw", "v": 36.0}]}, {"source": 2, "prod": 0.0035534342866350133, "target": 64, "value": 1.0, "supply": [{"l": "Maize", "v": 1.0}]}, {"source": 3, "prod": 1.6034915838083694, "target": 64, "value": 440.0, "supply": [{"l": "Wheat", "v": 440.0}]}, {"source": 55, "prod": 0.023347591622025002, "target": 64, "value": 11.0, "supply": [{"l": "Cottonseed", "v": 11.0}]}, {"source": 32, "prod": 0.026243595394506509, "target": 64, "value": 30.0, "supply": [{"l": "Potatoes", "v": 30.0}]}, {"source": 23, "prod": 0.0032105168005840336, "target": 23, "value": 2.0, "supply": [{"l": "Eggs", "v": 2.0}]}, {"source": 5, "prod": 0.0036442990541099311, "target": 64, "value": 1.0, "supply": [{"l": "Millet", "v": 1.0}]}, {"source": 35, "prod": 0.011939109352171875, "target": 64, "value": 3.0, "supply": [{"l": "Beans", "v": 3.0}]}, {"source": 4, "prod": 0.27191052650712161, "target": 64, "value": 79.0, "supply": [{"l": "Barley", "v": 79.0}]}, {"source": 16, "prod": 0.11401483591309354, "target": 64, "value": 28.0, "supply": [{"l": "Rice", "v": 28.0}]}, {"source": 53, "prod": 0.069389695380144237, "target": 64, "value": 17.0, "supply": [{"l": "Pulses, Other", "v": 17.0}]}, {"source": 2, "prod": 0.0035534342866350133, "target": 65, "value": 1.0, "supply": [{"l": "Maize", "v": 1.0}]}, {"source": 9, "prod": 0.053892575793919047, "target": 65, "value": 30.0, "supply": [{"l": "Dates", "v": 30.0}]}, {"source": 16, "prod": 0.032575667403741015, "target": 65, "value": 8.0, "supply": [{"l": "Rice", "v": 8.0}]}, {"source": 3, "prod": 0.54664485811648966, "target": 65, "value": 150.0, "supply": [{"l": "Wheat", "v": 150.0}]}, {"source": 49, "prod": 0.0020214365040714284, "target": 65, "value": 6.0, "supply": [{"l": "Oranges, Mandarines", "v": 6.0}]}, {"source": 55, "prod": 0.012735049975650002, "target": 65, "value": 6.0, "supply": [{"l": "Cottonseed", "v": 6.0}]}, {"source": 32, "prod": 0.026243595394506509, "target": 65, "value": 30.0, "supply": [{"l": "Potatoes", "v": 30.0}]}, {"source": 23, "prod": 0.0064210336011680672, "target": 65, "value": 4.0, "supply": [{"l": "Eggs", "v": 4.0}]}, {"source": 24, "prod": 0.032955416027539451, "target": 65, "value": 166.0, "supply": [{"l": "Vegetables, Other", "v": 166.0}]}, {"source": 45, "prod": 0.019440076287918023, "target": 65, "value": 36.0, "supply": [{"l": "Fruits, Other", "v": 36.0}]}, {"source": 5, "prod": 0.0036442990541099311, "target": 65, "value": 1.0, "supply": [{"l": "Millet", "v": 1.0}]}, {"source": 0, "prod": 0.054912145314108776, "target": 65, "value": 79.0, "supply": [{"l": "Milk - Excluding Butter", "v": 79.0}]}, {"source": 35, "prod": 0.0039797031173906252, "target": 65, "value": 1.0, "supply": [{"l": "Beans", "v": 1.0}]}, {"source": 36, "prod": 0.0034552461174244186, "target": 65, "value": 7.0, "supply": [{"l": "Apples", "v": 7.0}]}, {"source": 27, "prod": 0.034217407005281822, "target": 65, "value": 42.0, "supply": [{"l": "Grapes", "v": 42.0}]}, {"source": 53, "prod": 0.016326987148269231, "target": 65, "value": 4.0, "supply": [{"l": "Pulses, Other", "v": 4.0}]}, {"source": 39, "prod": 0.0011622222200000001, "target": 65, "value": 1.0, "supply": [{"l": "Lemons, Limes", "v": 1.0}]}, {"source": 52, "prod": 0.0047036195662603884, "target": 65, "value": 10.0, "supply": [{"l": "Onions", "v": 10.0}]}, {"source": 18, "prod": 0.0021273432001845103, "target": 65, "value": 11.0, "supply": [{"l": "Tomatoes", "v": 11.0}]}, {"source": 4, "prod": 0.137676215952973, "target": 65, "value": 40.0, "supply": [{"l": "Barley", "v": 40.0}]}, {"source": 66, "prod": 0.048863501105611516, "target": 16, "value": 12.0, "supply": [{"l": "Rice", "v": 12.0}]}, {"source": 66, "prod": 0.66690672690211739, "target": 3, "value": 183.0, "supply": [{"l": "Wheat", "v": 183.0}]}, {"source": 66, "prod": 0.028448008380730638, "target": 1, "value": 38.0, "supply": [{"l": "Milk - Excluding Butter", "v": 35.0}, {"l": "Marine Fish, Other", "v": 1.0}, {"l": "Fish, Seafood", "v": 1.0}, {"l": "Bovine Meat", "v": 1.0}]}, {"source": 66, "prod": 0.0070750277642500003, "target": 43, "value": 2.0, "supply": [{"l": "Spices, Other", "v": 2.0}]}, {"source": 66, "prod": 0.001796419193130635, "target": 9, "value": 1.0, "supply": [{"l": "Dates", "v": 1.0}]}, {"source": 66, "prod": 2.3638962426575292, "target": 54, "value": 533.0, "supply": [{"l": "Sweeteners, Other", "v": 2.0}, {"l": "Soyabean Oil", "v": 1.0}, {"l": "Fats, Animals, Raw", "v": 17.0}, {"l": "Coconut Oil", "v": 1.0}, {"l": "Sugar", "v": 477.0}, {"l": "Palm Oil", "v": 2.0}, {"l": "Butter, Ghee", "v": 2.0}, {"l": "Cottonseed Oil", "v": 9.0}, {"l": "Oilcrops Oil, Other", "v": 2.0}, {"l": "Sunflowerseed Oil", "v": 20.0}]}, {"source": 66, "prod": 0.003489054787849315, "target": 44, "value": 6.0, "supply": [{"l": "Tea", "v": 6.0}]}, {"source": 66, "prod": 0.035534342866350134, "target": 2, "value": 10.0, "supply": [{"l": "Maize", "v": 10.0}]}, {"source": 9, "prod": 0.046706899021396506, "target": 67, "value": 26.0, "supply": [{"l": "Dates", "v": 26.0}]}, {"source": 27, "prod": 0.12627852585282576, "target": 67, "value": 155.0, "supply": [{"l": "Grapes", "v": 155.0}]}, {"source": 43, "prod": 0.02122508329275, "target": 67, "value": 6.0, "supply": [{"l": "Spices, Other", "v": 6.0}]}, {"source": 32, "prod": 0.0087478651315021708, "target": 67, "value": 10.0, "supply": [{"l": "Potatoes", "v": 10.0}]}, {"source": 33, "prod": 0.00084338079308940396, "target": 67, "value": 1.0, "supply": [{"l": "Freshwater Fish", "v": 1.0}]}, {"source": 24, "prod": 0.0011911596154532331, "target": 67, "value": 6.0, "supply": [{"l": "Vegetables, Other", "v": 6.0}]}, {"source": 45, "prod": 0.0064800254293060078, "target": 67, "value": 12.0, "supply": [{"l": "Fruits, Other", "v": 12.0}]}, {"source": 56, "prod": 0.002122508329275, "target": 67, "value": 1.0, "supply": [{"l": "Sesame seed", "v": 1.0}]}, {"source": 21, "prod": 0.065228304753329275, "target": 67, "value": 21.0, "supply": [{"l": "Treenuts", "v": 21.0}]}, {"source": 26, "prod": 0.0056600222113999997, "target": 67, "value": 7.0, "supply": [{"l": "Marine Fish, Other", "v": 7.0}]}, {"source": 36, "prod": 0.00049360658820348836, "target": 67, "value": 1.0, "supply": [{"l": "Apples", "v": 1.0}]}, {"source": 37, "prod": 0.0086829886197613646, "target": 67, "value": 9.0, "supply": [{"l": "Fish, Seafood", "v": 9.0}]}, {"source": 22, "prod": 0.00096477651330681825, "target": 67, "value": 1.0, "supply": [{"l": "Crustaceans", "v": 1.0}]}, {"source": 4, "prod": 0.0034419053988243241, "target": 67, "value": 1.0, "supply": [{"l": "Barley", "v": 1.0}]}, {"source": 59, "prod": 0.0060643095122142861, "target": 67, "value": 1.0, "supply": [{"l": "Oilcrops, Other", "v": 1.0}]}, {"source": 52, "prod": 0.0042332576096343498, "target": 67, "value": 9.0, "supply": [{"l": "Onions", "v": 9.0}]}, {"source": 8, "prod": 0.064832981694218181, "target": 67, "value": 21.0, "supply": [{"l": "Nuts", "v": 21.0}]}, {"source": 53, "prod": 0.024490480722403847, "target": 67, "value": 6.0, "supply": [{"l": "Pulses, Other", "v": 6.0}]}, {"source": 68, "prod": 0.30247682149112426, "target": 3, "value": 83.0, "supply": [{"l": "Wheat", "v": 83.0}]}, {"source": 10, "prod": 0.41292434769531822, "target": 69, "value": 107.0, "supply": [{"l": "Sugar", "v": 107.0}]}, {"source": 70, "prod": 0.049748080012890189, "target": 2, "value": 14.0, "supply": [{"l": "Maize", "v": 14.0}]}, {"source": 70, "prod": 0.031837624939125002, "target": 7, "value": 15.0, "supply": [{"l": "Olives", "v": 15.0}]}, {"source": 70, "prod": 0.17906252086974547, "target": 8, "value": 58.0, "supply": [{"l": "Nuts", "v": 58.0}]}, {"source": 70, "prod": 0.53892575793919051, "target": 9, "value": 300.0, "supply": [{"l": "Dates", "v": 300.0}]}, {"source": 70, "prod": 0.0058111111000000003, "target": 12, "value": 5.0, "supply": [{"l": "Citrus, Other", "v": 5.0}]}, {"source": 70, "prod": 0.0011622222200000001, "target": 14, "value": 1.0, "supply": [{"l": "Grapefruit", "v": 1.0}]}, {"source": 70, "prod": 2.7604081298571082, "target": 4, "value": 802.0, "supply": [{"l": "Barley", "v": 802.0}]}, {"source": 70, "prod": 1.6287833701870509, "target": 16, "value": 400.0, "supply": [{"l": "Rice", "v": 400.0}]}, {"source": 70, "prod": 0.021273432001845106, "target": 18, "value": 110.0, "supply": [{"l": "Tomatoes", "v": 110.0}]}, {"source": 70, "prod": 10.455493986241393, "target": 3, "value": 2869.0, "supply": [{"l": "Wheat", "v": 2869.0}]}, {"source": 70, "prod": 0.18015436550919514, "target": 21, "value": 58.0, "supply": [{"l": "Treenuts", "v": 58.0}]}, {"source": 70, "prod": 0.25411405129668974, "target": 24, "value": 1280.0, "supply": [{"l": "Vegetables, Other", "v": 1280.0}]}, {"source": 70, "prod": 0.012735049975650002, "target": 56, "value": 6.0, "supply": [{"l": "Sesame seed", "v": 6.0}]}, {"source": 70, "prod": 0.002122508329275, "target": 57, "value": 1.0, "supply": [{"l": "Soyabeans", "v": 1.0}]}, {"source": 70, "prod": 0.34217407005281819, "target": 27, "value": 420.0, "supply": [{"l": "Grapes", "v": 420.0}]}, {"source": 70, "prod": 0.0035375138821250002, "target": 28, "value": 1.0, "supply": [{"l": "Pimento", "v": 1.0}]}, {"source": 70, "prod": 0.097028952195428578, "target": 59, "value": 16.0, "supply": [{"l": "Oilcrops, Other", "v": 16.0}]}, {"source": 70, "prod": 0.054863392193534304, "target": 60, "value": 179.0, "supply": [{"l": "Sugar cane", "v": 179.0}]}, {"source": 70, "prod": 0.44148173248920003, "target": 55, "value": 208.0, "supply": [{"l": "Cottonseed", "v": 208.0}]}, {"source": 70, "prod": 0.26243595394506508, "target": 32, "value": 300.0, "supply": [{"l": "Potatoes", "v": 300.0}]}, {"source": 70, "prod": 0.15918812469562502, "target": 35, "value": 40.0, "supply": [{"l": "Beans", "v": 40.0}]}, {"source": 70, "prod": 0.032084428233226749, "target": 36, "value": 65.0, "supply": [{"l": "Apples", "v": 65.0}]}, {"source": 70, "prod": 0.94139999819999998, "target": 58, "value": 810.0, "supply": [{"l": "Sugar beet", "v": 810.0}]}, {"source": 70, "prod": 0.011622222200000001, "target": 39, "value": 10.0, "supply": [{"l": "Lemons, Limes", "v": 10.0}]}, {"source": 70, "prod": 0.053062708231874998, "target": 43, "value": 15.0, "supply": [{"l": "Spices, Other", "v": 15.0}]}, {"source": 70, "prod": 0.1981807777129421, "target": 45, "value": 367.0, "supply": [{"l": "Fruits, Other", "v": 367.0}]}, {"source": 70, "prod": 0.065597382973978755, "target": 5, "value": 18.0, "supply": [{"l": "Millet", "v": 18.0}]}, {"source": 70, "prod": 0.02122508329275, "target": 49, "value": 63.0, "supply": [{"l": "Oranges, Mandarines", "v": 63.0}]}, {"source": 70, "prod": 0.0063966004443904113, "target": 44, "value": 11.0, "supply": [{"l": "Tea", "v": 11.0}]}, {"source": 70, "prod": 0.047036195662603884, "target": 52, "value": 100.0, "supply": [{"l": "Onions", "v": 100.0}]}, {"source": 70, "prod": 0.48980961444807697, "target": 53, "value": 120.0, "supply": [{"l": "Pulses, Other", "v": 120.0}]}, {"source": 1, "prod": 0.067605820858388899, "target": 19, "value": 43.0, "supply": [{"l": "Poultry Meat", "v": 43.0}]}, {"source": 1, "prod": 0.0084900333171, "target": 31, "value": 1.0, "supply": [{"l": "Pigmeat", "v": 1.0}]}, {"source": 1, "prod": 0.0028943295399204549, "target": 22, "value": 3.0, "supply": [{"l": "Crustaceans", "v": 3.0}]}, {"source": 1, "prod": 0.093104987216936969, "target": 23, "value": 58.0, "supply": [{"l": "Eggs", "v": 60.0}]}, {"source": 1, "prod": 1.1225710719276669, "target": 0, "value": 1615.0, "supply": [{"l": "Milk - Excluding Butter", "v": 1615.0}]}, {"source": 1, "prod": 0.077307620448390249, "target": 47, "value": 56.0, "supply": [{"l": "Offals, Edible", "v": 56.0}]}, {"source": 1, "prod": 0.0097028952195428557, "target": 26, "value": 12.0, "supply": [{"l": "Marine Fish, Other", "v": 12.0}]}, {"source": 1, "prod": 0.018330753752829547, "target": 37, "value": 19.0, "supply": [{"l": "Fish, Seafood", "v": 19.0}]}, {"source": 1, "prod": 0.21118424582736181, "target": 50, "value": 90.0, "supply": [{"l": "Bovine Meat", "v": 90.0}]}, {"source": 1, "prod": 0.0006265707245092252, "target": 48, "value": 1.0, "supply": [{"l": "Demersal Fish", "v": 1.0}]}, {"source": 1, "prod": 0.019295530266136365, "target": 38, "value": 15.0, "supply": [{"l": "Meat, Other", "v": 15.0}]}, {"source": 1, "prod": 0.0025301423792682119, "target": 33, "value": 3.0, "supply": [{"l": "Freshwater Fish", "v": 3.0}]}, {"source": 1, "prod": 0.45812885664037656, "target": 40, "value": 172.0, "supply": [{"l": "Mutton & Goat Meat", "v": 172.0}]}, {"source": 54, "prod": 0.024257238048857144, "target": 30, "value": 2.0, "supply": [{"l": "Olive Oil", "v": 2.0}]}, {"source": 54, "prod": 0.29027376480811173, "target": 63, "value": 36.0, "supply": [{"l": "Fats, Animals, Raw", "v": 36.0}]}, {"source": 54, "prod": 0.007718212106454546, "target": 41, "value": 2.0, "supply": [{"l": "Sweeteners, Other", "v": 2.0}]}, {"source": 54, "prod": 0.018866740704666669, "target": 42, "value": 2.0, "supply": [{"l": "Sesameseed Oil", "v": 2.0}]}, {"source": 54, "prod": 0.012128619024428572, "target": 20, "value": 1.0, "supply": [{"l": "Soyabean Oil", "v": 1.0}]}, {"source": 54, "prod": 0.0070750277642500003, "target": 25, "value": 1.0, "supply": [{"l": "Coconut Oil", "v": 1.0}]}, {"source": 54, "prod": 2.4235186014267276, "target": 10, "value": 628.0, "supply": [{"l": "Sugar", "v": 628.0}]}, {"source": 54, "prod": 0.007718212106454546, "target": 46, "value": 2.0, "supply": [{"l": "Honey", "v": 2.0}]}, {"source": 54, "prod": 0.020680850387807693, "target": 62, "value": 2.0, "supply": [{"l": "Palm Oil", "v": 2.0}]}, {"source": 54, "prod": 0.0043078393152304441, "target": 13, "value": 8.0, "supply": [{"l": "Beer", "v": 8.0}]}, {"source": 54, "prod": 0.0094333703523333343, "target": 15, "value": 4.0, "supply": [{"l": "Beverages, Alcoholic", "v": 4.0}]}, {"source": 54, "prod": 0.20680850387807692, "target": 29, "value": 20.0, "supply": [{"l": "Sunflowerseed Oil", "v": 20.0}]}, {"source": 54, "prod": 0.43232143338390799, "target": 51, "value": 43.0, "supply": [{"l": "Cottonseed Oil", "v": 43.0}]}, {"source": 54, "prod": 0.084900333171000014, "target": 11, "value": 7.0, "supply": [{"l": "Oilcrops Oil, Other", "v": 7.0}]}, {"source": 54, "prod": 0.30374280687264593, "target": 17, "value": 36.0, "supply": [{"l": "Butter, Ghee", "v": 36.0}]}]}