{"nodes": [{"layer": 13, "name": "Animal Products", "fill": "#17becf"}, {"layer": 10, "name": "Feed", "fill": "#dbdb8d"}, {"layer": 5, "name": "Cereals", "fill": "#e7ba52"}, {"layer": 13, "name": "Other Processed", "fill": "#9c9ede"}, {"layer": 16, "name": "Food", "fill": "#b5cf6b"}, {"layer": 5, "name": "Oilcrops", "fill": "#ff9896"}, {"layer": 13, "name": "Sugar", "fill": "#d6616b"}, {"layer": 5, "name": "Starchy Roots"}, {"layer": 5, "name": "Fruits & Vegetables"}, {"layer": 5, "name": "Others"}, {"layer": 13, "name": "Aquatic Products", "fill": "#1f77b4"}, {"layer": 13, "name": "Vegetable Oils", "fill": "#f7b6d2"}, {"layer": 10, "name": "Processing", "fill": "#9edae5"}, {"layer": 5, "name": "Sugar Crops", "fill": "#ffbb78"}, {"layer": 16, "name": "Biofuels & Other", "fill": "#e7ba52"}, {"name": "Waste", "fill": "#c7c7c7"}, {"layer": 2, "name": "Import", "fill": "#aec7e8"}, {"layer": 16, "name": "Export", "fill": "#aec7e8"}, {"layer": 0, "name": "Stock Draw", "fill": "#c7c7c7"}, {"name": "Crop Residue", "fill": "#bd9e39"}, {"layer": 2, "name": "Electricity", "fill": "#bcbd22"}, {"layer": 0, "name": "Fossil Fuels", "fill": "#c49c94"}, {"layer": 0, "name": "Renewables & Nuclear", "fill": "#2ca02c"}, {"layer": 2, "name": "Fertilizers", "fill": "#c5b0d5"}, {"layer": 0, "name": "Labor", "fill": "#7f7f7f"}], "links": [{"source": 0, "prod": 378.0, "target": 1, "value": 0.26006747113969203, "supply": [{"l": "Milk - Excluding Butter", "v": 0.26006747113969203}]}, {"source": 2, "prod": 867.0, "target": 1, "value": 3.223843971948499, "supply": [{"l": "Maize", "v": 0.063958754997921655}, {"l": "Wheat", "v": 0.72898891277503219}, {"l": "Barley", "v": 2.3709666572313095}, {"l": "Millet", "v": 0.059929646944235297}]}, {"source": 3, "prod": 46.0, "target": 4, "value": 0.32657322277498463, "supply": [{"l": "Beer", "v": 0.0026114251488004105}, {"l": "Beverages, Alcoholic", "v": 0.022342192939736844}, {"l": "Butter, Ghee", "v": 0.30161960468644738}]}, {"source": 0, "prod": 1596.0, "target": 4, "value": 1.7055993975053838, "supply": [{"l": "Pigmeat", "v": 0.0025654034538557585}, {"l": "Meat, Other", "v": 0.019810077739900001}, {"l": "Eggs", "v": 0.090964642683214303}, {"l": "Milk - Excluding Butter", "v": 0.80634676236962721}, {"l": "Mutton & Goat Meat", "v": 0.45332585304268519}, {"l": "Bovine Meat", "v": 0.19114843797748265}, {"l": "Poultry Meat", "v": 0.070750277642500012}, {"l": "Offals, Edible", "v": 0.070687942596118963}]}, {"source": 2, "prod": 2949.0, "target": 4, "value": 10.978937200325625, "supply": [{"l": "Maize", "v": 0.0035532641665512025}, {"l": "Barley", "v": 0.029964823472117649}, {"l": "Rice", "v": 2.1975521593865701}, {"l": "Wheat", "v": 8.7478669533003863}]}, {"source": 5, "prod": 11.0, "target": 4, "value": 0.039564299997450661, "supply": [{"l": "Olives", "v": 0.020107973645763159}, {"l": "Oilcrops, Other", "v": 0.0053062708231875}, {"l": "Groundnuts", "v": 0.014150055528500001}]}, {"source": 6, "prod": 553.0, "target": 4, "value": 2.2879171398066402, "supply": [{"l": "Sugar", "v": 2.2763398216469586}, {"l": "Honey", "v": 0.011577318159681819}]}, {"source": 7, "prod": 249.0, "target": 4, "value": 0.2214685833860657, "supply": [{"l": "Potatoes", "v": 0.2214685833860657}]}, {"source": 8, "prod": 2584.0, "target": 4, "value": 1.8406491898629544, "supply": [{"l": "Citrus, Other", "v": 0.0058111111000000003}, {"l": "Grapefruit", "v": 0.0023244444400000001}, {"l": "Tomatoes", "v": 0.030223140915842803}, {"l": "Treenuts", "v": 0.060491487384337503}, {"l": "Vegetables, Other", "v": 0.25197923162586611}, {"l": "Grapes", "v": 0.18181486443223588}, {"l": "Dates", "v": 0.49473605605635684}, {"l": "Beans", "v": 0.15199898358033873}, {"l": "Apples", "v": 0.030148281575008165}, {"l": "Lemons, Limes", "v": 0.013946666640000001}, {"l": "Bananas", "v": 0.00072358238498011372}, {"l": "Fruits, Other", "v": 0.16115728266941873}, {"l": "Oranges, Mandarines", "v": 0.020214365040714291}, {"l": "Onions", "v": 0.05041587480463184}, {"l": "Pulses, Other", "v": 0.38466381721322312}]}, {"source": 9, "prod": 49.0, "target": 4, "value": 0.11830719640023087, "supply": [{"l": "Nuts", "v": 0.061257202414518985}, {"l": "Pimento", "v": 0.0043538632395384615}, {"l": "Cocoa Beans", "v": 0.0024257238048857148}, {"l": "Spices, Other", "v": 0.03918476915584615}, {"l": "Infant food", "v": 0.0011622222200000001}, {"l": "Tea", "v": 0.0099234155654415596}]}, {"source": 10, "prod": 26.0, "target": 4, "value": 0.024151793837484892, "supply": [{"l": "Crustaceans", "v": 0.0015436424212909091}, {"l": "Marine Fish, Other", "v": 0.010290949475272728}, {"l": "Freshwater Fish", "v": 0.0016980066634200003}, {"l": "Fish, Seafood", "v": 0.010033675738390908}, {"l": "Demersal Fish", "v": 0.00058551953911034486}]}, {"source": 11, "prod": 64.0, "target": 4, "value": 0.66580720475531885, "supply": [{"l": "Soyabean Oil", "v": 0.17525854490299289}, {"l": "Sunflowerseed Oil", "v": 0.18586289153651353}, {"l": "Olive Oil", "v": 0.028300111057000001}, {"l": "Oilcrops Oil, Other", "v": 0.13285329912869445}, {"l": "Sesameseed Oil", "v": 0.029388576866884623}, {"l": "Cottonseed Oil", "v": 0.11414378126323334}]}, {"source": 7, "prod": 25.0, "target": 12, "value": 0.022235801544785713, "supply": [{"l": "Potatoes", "v": 0.022235801544785713}]}, {"source": 13, "prod": 1385.0, "target": 12, "value": 1.4525496708049543, "supply": [{"l": "Sugar beet", "v": 1.3842066640199999}, {"l": "Sugar cane", "v": 0.068343006784954363}]}, {"source": 2, "prod": 1.0, "target": 12, "value": 0.0037456029340147061, "supply": [{"l": "Barley", "v": 0.0037456029340147061}]}, {"source": 5, "prod": 238.0, "target": 12, "value": 1.8678073297620001, "supply": [{"l": "Sunflower seed", "v": 0.0081921374112368436}, {"l": "Soyabeans", "v": 0.0081921374112368436}, {"l": "Olives", "v": 0.013405315763842109}, {"l": "Oilcrops, Other", "v": 0.084900333171}, {"l": "Sesame seed", "v": 0.057344961878657896}, {"l": "Cottonseed", "v": 1.6957724441260265}]}, {"source": 3, "prod": 34.0, "target": 14, "value": 0.27934948333683873, "supply": [{"l": "Fats, Animals, Raw", "v": 0.27934948333683873}]}, {"source": 11, "prod": 56.0, "target": 14, "value": 0.57958894541451256, "supply": [{"l": "Palm Oil", "v": 0.020635042367237261}, {"l": "Soyabean Oil", "v": 0.020618652341528571}, {"l": "Cottonseed Oil", "v": 0.43582171027779998}, {"l": "Oilcrops Oil, Other", "v": 0.07153639183852778}, {"l": "Sunflowerseed Oil", "v": 0.030977148589418923}]}, {"source": 7, "prod": 32.0, "target": 7, "value": 0.028461825977325717, "supply": [{"l": "Potatoes", "v": 0.028461825977325717}]}, {"source": 8, "prod": 20.0, "target": 8, "value": 0.082639133230465511, "supply": [{"l": "Pulses, Other", "v": 0.070314891318546152}, {"l": "Beans", "v": 0.012324241911919356}]}, {"source": 0, "prod": 2.0, "target": 0, "value": 0.0033078051884805199, "supply": [{"l": "Eggs", "v": 0.0033078051884805199}]}, {"source": 2, "prod": 563.0, "target": 2, "value": 2.0720980642453557, "supply": [{"l": "Maize", "v": 0.0035532641665512025}, {"l": "Wheat", "v": 1.6730295548186991}, {"l": "Barley", "v": 0.26968341124905887}, {"l": "Rice", "v": 0.12208623107703166}, {"l": "Millet", "v": 0.0037456029340147061}]}, {"source": 5, "prod": 11.0, "target": 5, "value": 0.090113511523605277, "supply": [{"l": "Cottonseed", "v": 0.090113511523605277}]}, {"source": 7, "prod": 35.0, "target": 15, "value": 0.031130122162699999, "supply": [{"l": "Potatoes", "v": 0.031130122162699999}]}, {"source": 8, "prod": 351.0, "target": 15, "value": 0.1908772453201808, "supply": [{"l": "Dates", "v": 0.059584999452042986}, {"l": "Lemons, Limes", "v": 0.0011622222200000001}, {"l": "Grapes", "v": 0.036843540810056606}, {"l": "Apples", "v": 0.0036385857073285718}, {"l": "Vegetables, Other", "v": 0.037845907940694291}, {"l": "Fruits, Other", "v": 0.018402042657753696}, {"l": "Citrus, Other", "v": 0.0011622222200000001}, {"l": "Beans", "v": 0.0041080806373064525}, {"l": "Oranges, Mandarines", "v": 0.0021769316197692307}, {"l": "Onions", "v": 0.0060499049765558206}, {"l": "Tomatoes", "v": 0.0033581267684269778}, {"l": "Pulses, Other", "v": 0.016544680310246154}]}, {"source": 0, "prod": 84.0, "target": 15, "value": 0.061656345009700103, "supply": [{"l": "Milk - Excluding Butter", "v": 0.055040734632739063}, {"l": "Eggs", "v": 0.0066156103769610397}]}, {"source": 2, "prod": 177.0, "target": 15, "value": 0.65365974503630675, "supply": [{"l": "Maize", "v": 0.0035532641665512025}, {"l": "Wheat", "v": 0.45926301504827033}, {"l": "Millet", "v": 0.0037456029340147061}, {"l": "Barley", "v": 0.14233291149255886}, {"l": "Rice", "v": 0.044764951394911608}]}, {"source": 5, "prod": 7.0, "target": 15, "value": 0.057344961878657896, "supply": [{"l": "Cottonseed", "v": 0.057344961878657896}]}, {"source": 16, "prod": 9.0, "target": 9, "value": 0.011249614452904696, "supply": [{"l": "Cocoa Beans", "v": 0.0024257238048857148}, {"l": "Spices, Other", "v": 0.0043538632395384615}, {"l": "Tea", "v": 0.0033078051884805199}, {"l": "Infant food", "v": 0.0011622222200000001}]}, {"source": 16, "prod": 336.0, "target": 12, "value": 1.8923775223272865, "supply": [{"l": "Soyabean Oil", "v": 0.18556787107375719}, {"l": "Sugar", "v": 1.0305611192547139}, {"l": "Palm Oil", "v": 0.020635042367237261}, {"l": "Butter, Ghee", "v": 0.016756644704802634}, {"l": "Cottonseed Oil", "v": 0.16602731820106664}, {"l": "Oilcrops Oil, Other", "v": 0.14307278367705556}, {"l": "Fats, Animals, Raw", "v": 0.12324241911919356}, {"l": "Sunflowerseed Oil", "v": 0.20651432392945948}]}, {"source": 16, "prod": 180.0, "target": 2, "value": 0.65901540626846422, "supply": [{"l": "Maize", "v": 0.021319584999307216}, {"l": "Wheat", "v": 0.59048101934777608}, {"l": "Barley", "v": 0.018728014670073533}, {"l": "Rice", "v": 0.028486787251307388}]}, {"source": 16, "prod": 2.0, "target": 8, "value": 0.0012812200412756804, "supply": [{"l": "Bananas", "v": 0.00072358238498011372}, {"l": "Fruits, Other", "v": 0.00055763765629556654}]}, {"source": 16, "prod": 29.0, "target": 1, "value": 0.019952266304367909, "supply": [{"l": "Milk - Excluding Butter", "v": 0.019952266304367909}]}, {"source": 10, "prod": 10.0, "target": 17, "value": 0.0094162187698745466, "supply": [{"l": "Fish, Seafood", "v": 0.0038591060532272726}, {"l": "Freshwater Fish", "v": 0.0016980066634200003}, {"l": "Marine Fish, Other", "v": 0.003859106053227273}]}, {"source": 7, "prod": 9.0, "target": 17, "value": 0.0080048885561228578, "supply": [{"l": "Potatoes", "v": 0.0080048885561228578}]}, {"source": 8, "prod": 281.0, "target": 17, "value": 0.3184439480253643, "supply": [{"l": "Dates", "v": 0.03972333296802865}, {"l": "Vegetables, Other", "v": 0.0023531134470898001}, {"l": "Fruits, Other", "v": 0.01115275312591133}, {"l": "Treenuts", "v": 0.070042774866075005}, {"l": "Pulses, Other", "v": 0.041361700775615393}, {"l": "Grapes", "v": 0.14977700285827358}, {"l": "Onions", "v": 0.0040332699843705468}]}, {"source": 11, "prod": 1.0, "target": 17, "value": 0.010376707387566665, "supply": [{"l": "Cottonseed Oil", "v": 0.010376707387566665}]}, {"source": 9, "prod": 28.0, "target": 17, "value": 0.097052571706673807, "supply": [{"l": "Spices, Other", "v": 0.026123179437230769}, {"l": "Nuts", "v": 0.070929392269443045}]}, {"source": 18, "prod": 120.0, "target": 12, "value": 0.49665596108660914, "supply": [{"l": "Sugar", "v": 0.49665596108660914}]}, {"source": 18, "prod": 562.0, "target": 2, "value": 2.0491634534888177, "supply": [{"l": "Wheat", "v": 2.0229442329507146}, {"l": "Barley", "v": 0.026219220538102946}]}, {"source": 1, "prod": 36.0, "target": 10, "value": 0.033568012607359435, "supply": [{"l": "Crustaceans", "v": 0.0015436424212909091}, {"l": "Freshwater Fish", "v": 0.0033960133268400006}, {"l": "Demersal Fish", "v": 0.00058551953911034486}, {"l": "Marine Fish, Other", "v": 0.014150055528500001}, {"l": "Fish, Seafood", "v": 0.013892781791618181}]}, {"source": 1, "prod": 2058.0, "target": 0, "value": 2.0273232136547761, "supply": [{"l": "Poultry Meat", "v": 0.070750277642500012}, {"l": "Pigmeat", "v": 0.0025654034538557585}, {"l": "Bovine Meat", "v": 0.19114843797748265}, {"l": "Eggs", "v": 0.10088805824865586}, {"l": "Milk - Excluding Butter", "v": 1.1214549681420583}, {"l": "Offals, Edible", "v": 0.070687942596118963}, {"l": "Meat, Other", "v": 0.019810077739900001}, {"l": "Mutton & Goat Meat", "v": 0.45332585304268519}]}, {"source": 12, "prod": 80.0, "target": 3, "value": 0.60592270611182331, "supply": [{"l": "Fats, Animals, Raw", "v": 0.27934948333683873}, {"l": "Beer", "v": 0.0026114251488004105}, {"l": "Beverages, Alcoholic", "v": 0.022342192939736844}, {"l": "Butter, Ghee", "v": 0.30161960468644738}]}, {"source": 12, "prod": 121.0, "target": 11, "value": 1.2557728575573981, "supply": [{"l": "Olive Oil", "v": 0.028300111057000001}, {"l": "Sesameseed Oil", "v": 0.029388576866884623}, {"l": "Soyabean Oil", "v": 0.19587719724452146}, {"l": "Palm Oil", "v": 0.020635042367237261}, {"l": "Cottonseed Oil", "v": 0.56034219892860004}, {"l": "Oilcrops Oil, Other", "v": 0.20438969096722223}, {"l": "Sunflowerseed Oil", "v": 0.21684004012593244}]}, {"source": 12, "prod": 553.0, "target": 6, "value": 2.2879171398066402, "supply": [{"l": "Honey", "v": 0.011577318159681819}, {"l": "Sugar", "v": 2.2763398216469586}]}, {"source": 7, "prod": 175.0, "target": 19, "value": 0.61016666550000009, "supply": [{"l": "Potatoes", "v": 0.61016666550000009}]}, {"source": 13, "prod": 554.0, "target": 19, "value": 0.58101986832198171, "supply": [{"l": "Sugar cane", "v": 0.027337202713981747}, {"l": "Sugar beet", "v": 0.55368266560799995}]}, {"source": 8, "prod": 3233.5, "target": 19, "value": 15.175628762840871, "supply": [{"l": "Tomatoes", "v": 0.45326666580000002}, {"l": "Vegetables, Other", "v": 5.1951333233999994}, {"l": "Beans", "v": 0.14295333305999999}, {"l": "Onions", "v": 0.41839999920000004}, {"l": "Pulses, Other", "v": 0.43060333250999999}]}, {"source": 2, "prod": 8371.0, "target": 19, "value": 28.999218604569364, "supply": [{"l": "Maize", "v": 0.11576685443383794}, {"l": "Barley", "v": 5.2021066567200016}, {"l": "Rice", "v": 4.027099992300001}, {"l": "Wheat", "v": 19.710126628979999}, {"l": "Millet", "v": 0.12551999976}]}, {"source": 5, "prod": 266.5, "target": 19, "value": 0.87093367257715903, "supply": [{"l": "Olives", "v": 0.052299999900000005}, {"l": "Sunflower seed", "v": 0.0034866666600000006}, {"l": "Sesame seed", "v": 0.02440666662}, {"l": "Cottonseed", "v": 0.78275666517000009}, {"l": "Oilcrops, Other", "v": 0.03952215901534091}, {"l": "Soyabeans", "v": 0.0034866666600000006}, {"l": "Groundnuts", "v": 0.0017433333299999999}]}, {"source": 20, "prod": 0, "target": 2, "value": 4.1468284529608123e-05, "supply": "[{\"l\":'Energy for power irrigation',\"v\":4.1468284529608123e-05}]"}, {"source": 20, "prod": 0, "target": 5, "value": 2.640376974588595e-06, "supply": "[{\"l\":'Energy for power irrigation',\"v\":2.640376974588595e-06}]"}, {"source": 20, "prod": 0, "target": 13, "value": 1.3722034183133974e-05, "supply": "[{\"l\":'Energy for power irrigation',\"v\":1.3722034183133974e-05}]"}, {"source": 20, "prod": 0, "target": 7, "value": 3.4676620679399935e-06, "supply": "[{\"l\":'Energy for power irrigation',\"v\":3.4676620679399935e-06}]"}, {"source": 20, "prod": 0, "target": 8, "value": 3.2036243704811339e-05, "supply": "[{\"l\":'Energy for power irrigation',\"v\":3.2036243704811339e-05}]"}, {"source": 20, "prod": 0, "target": 9, "value": 7.1830142835899867e-07, "supply": "[{\"l\":'Energy for power irrigation',\"v\":7.1830142835899867e-07}]"}, {"source": 20, "prod": 0, "target": 12, "value": 0.043412140614716072, "supply": "[{\"l\":'Electricity',\"v\":0.043412140614716072}]"}, {"source": 21, "prod": 0, "target": 20, "value": 0.078482538960582562, "supply": [{"l": "Coal", "v": 0.00040854680036814267}, {"l": "Natural gas", "v": 0.012139010713251052}, {"l": "Oil", "v": 0.065934981446963373}]}, {"source": 22, "prod": 0, "target": 20, "value": 0.013557353137446951, "supply": [{"l": "Nuclear", "v": 0.0}, {"l": "Hydroelectric", "v": 0.013557353137446951}, {"l": "Renewable", "v": 0.0}]}, {"source": 21, "prod": 0, "target": 2, "value": 21.718831052893925, "supply": [{"l": "Motor Gasoline", "v": 0.12840507391929845}, {"l": "Gas-Diesel oil", "v": 20.282474051675099}, {"l": "Natural gas (including LNG)", "v": 0.74059035438093623}, {"l": "Fuel oil", "v": 0.56736157291859035}]}, {"source": 21, "prod": 0, "target": 5, "value": 1.3828857903706204, "supply": [{"l": "Motor Gasoline", "v": 0.0081758337592863547}, {"l": "Gas-Diesel oil", "v": 1.2914297777497108}, {"l": "Natural gas (including LNG)", "v": 0.047155018383113013}, {"l": "Fuel oil", "v": 0.036125160478510172}]}, {"source": 21, "prod": 0, "target": 13, "value": 7.1868548580236737, "supply": [{"l": "Motor Gasoline", "v": 0.042489792707735841}, {"l": "Gas-Diesel oil", "v": 6.7115581320200723}, {"l": "Natural gas (including LNG)", "v": 0.2450645420660845}, {"l": "Fuel oil", "v": 0.18774239122978081}]}, {"source": 21, "prod": 0, "target": 7, "value": 1.8161727078038166, "supply": [{"l": "Motor Gasoline", "v": 0.010737492742027108}, {"l": "Gas-Diesel oil", "v": 1.6960616218101268}, {"l": "Natural gas (including LNG)", "v": 0.061929667670129661}, {"l": "Fuel oil", "v": 0.047443925581533063}]}, {"source": 21, "prod": 0, "target": 8, "value": 16.778841287667543, "supply": [{"l": "Motor Gasoline", "v": 0.099199093660984713}, {"l": "Gas-Diesel oil", "v": 15.669186440351556}, {"l": "Natural gas (including LNG)", "v": 0.57214165831818353}, {"l": "Fuel oil", "v": 0.43831409533682042}]}, {"source": 21, "prod": 0, "target": 9, "value": 0.37620720375936201, "supply": [{"l": "Motor Gasoline", "v": 0.0022241949251341864}, {"l": "Gas-Diesel oil", "v": 0.35132705023209765}, {"l": "Natural gas (including LNG)", "v": 0.012828288303098286}, {"l": "Fuel oil", "v": 0.0098276702990318481}]}, {"source": 23, "prod": 10.732921784472769, "target": 2, "value": 0.12282724332119212, "supply": [{"l": "Potash", "v": 0.0058277194491066203}, {"l": "Phosphate", "v": 0.039339500031471603}, {"l": "Nitrogen", "v": 0.23341336129784176}]}, {"source": 23, "prod": 0.68338876013904981, "target": 5, "value": 0.0078206810046822835, "supply": [{"l": "Potash", "v": 0.0058277194491066203}, {"l": "Phosphate", "v": 0.039339500031471603}, {"l": "Nitrogen", "v": 0.23341336129784176}]}, {"source": 23, "prod": 3.5515701042873693, "target": 13, "value": 0.040644064508386347, "supply": [{"l": "Potash", "v": 0.0058277194491066203}, {"l": "Phosphate", "v": 0.039339500031471603}, {"l": "Nitrogen", "v": 0.23341336129784176}]}, {"source": 23, "prod": 0.89750869061413674, "target": 7, "value": 0.010271063233166226, "supply": [{"l": "Potash", "v": 0.0058277194491066203}, {"l": "Phosphate", "v": 0.039339500031471603}, {"l": "Nitrogen", "v": 0.23341336129784176}]}, {"source": 23, "prod": 8.2916981460023162, "target": 8, "value": 0.094889951326979971, "supply": [{"l": "Potash", "v": 0.0058277194491066203}, {"l": "Phosphate", "v": 0.039339500031471603}, {"l": "Nitrogen", "v": 0.23341336129784176}]}, {"source": 23, "prod": 0.18591251448435689, "target": 9, "value": 0.002127577384013004, "supply": [{"l": "Potash", "v": 0.0058277194491066203}, {"l": "Phosphate", "v": 0.039339500031471603}, {"l": "Nitrogen", "v": 0.23341336129784176}]}, {"source": 21, "prod": 0, "target": 23, "value": 0.33243776426785032, "supply": [{"l": "Natural gas (including LNG)", "v": 0.22683568144111185}, {"l": "Fuel oil", "v": 0.064341326019012324}, {"l": "Liquefied petroleum gas (LPG)", "v": 0.020630378403863055}, {"l": "Coal", "v": 0.020630378403863055}]}, {"source": 24, "prod": 0, "target": 2, "value": 0.55494416404917613, "supply": "[{\"l\":'Labor',\"v\":0.55494416404917613}]"}, {"source": 24, "prod": 0, "target": 5, "value": 0.03533451671702436, "supply": "[{\"l\":'Labor',\"v\":0.03533451671702436}]"}, {"source": 24, "prod": 0, "target": 13, "value": 0.18363341708472319, "supply": "[{\"l\":'Labor',\"v\":0.18363341708472319}]"}, {"source": 24, "prod": 0, "target": 7, "value": 0.04640555666400948, "supply": "[{\"l\":'Labor',\"v\":0.04640555666400948}]"}, {"source": 24, "prod": 0, "target": 8, "value": 0.42872104992307036, "supply": "[{\"l\":'Labor',\"v\":0.42872104992307036}]"}, {"source": 24, "prod": 0, "target": 9, "value": 0.0096125795946876771, "supply": "[{\"l\":'Labor',\"v\":0.0096125795946876771}]"}, {"source": 21, "prod": 0, "target": 16, "value": 1.6112835886631314, "supply": "[{\"l\":'Fossil Fuels',\"v\":1.6112835886631314}]"}, {"source": 22, "prod": 0, "target": 16, "value": 0.037689907115118298, "supply": "[{\"l\":'Renewables & Nuclear',\"v\":0.024367425779200459},{\"l\":'Biomass & Waste',\"v\":0.013322481335917838}]"}]}