{"nodes": [{"layer": 13, "name": "Aquatic Products", "fill": "#1f77b4"}, {"layer": 10, "name": "Feed", "fill": "#dbdb8d"}, {"layer": 13, "name": "Animal Products", "fill": "#17becf"}, {"layer": 5, "name": "Cereals", "fill": "#e7ba52"}, {"layer": 13, "name": "Other Processed", "fill": "#9c9ede"}, {"layer": 16, "name": "Food", "fill": "#b5cf6b"}, {"layer": 5, "name": "Oilcrops", "fill": "#ff9896"}, {"layer": 5, "name": "Fruits, Roots & Vegetables", "fill": "#98df8a"}, {"layer": 13, "name": "Sugar", "fill": "#d6616b"}, {"layer": 13, "name": "Vegetable Oils", "fill": "#f7b6d2"}, {"layer": 10, "name": "Processing", "fill": "#9edae5"}, {"layer": 5, "name": "Sugar Crops", "fill": "#ffbb78"}, {"layer": 16, "name": "Biofuels & Other", "fill": "#e7ba52"}, {"name": "Waste", "fill": "#c7c7c7"}, {"layer": 2, "name": "Import", "fill": "#aec7e8"}, {"layer": 16, "name": "Export", "fill": "#aec7e8"}, {"layer": 0, "name": "Stock Draw", "fill": "#c7c7c7"}, {"name": "Crop Residue", "fill": "#bd9e39"}, {"layer": 2, "name": "Electricity", "fill": "#bcbd22"}, {"layer": 0, "name": "Fossil Fuels", "fill": "#c49c94"}, {"layer": 0, "name": "Renewables & Nuclear", "fill": "#2ca02c"}, {"layer": 2, "name": "Fertilizers", "fill": "#c5b0d5"}, {"layer": 0, "name": "Labor", "fill": "#7f7f7f"}], "links": [{"source": 0, "prod": 54.0, "target": 1, "value": 0.044259517948160652, "supply": [{"l": "Marine Fish, Other", "v": 0.025470099951299997}, {"l": "Fish, Seafood", "v": 0.018789417996860656}]}, {"source": 2, "prod": 463.0, "target": 1, "value": 0.31460329861216807, "supply": [{"l": "Milk - Excluding Butter", "v": 0.31460329861216807}]}, {"source": 3, "prod": 1357.0, "target": 1, "value": 5.1251879670094276, "supply": [{"l": "Maize", "v": 0.37780648261095001}, {"l": "Barley", "v": 3.6224142152959997}, {"l": "Wheat", "v": 1.0935590083912452}, {"l": "Millet", "v": 0.031408260711232712}]}, {"source": 4, "prod": 92.0, "target": 5, "value": 0.4473177992491309, "supply": [{"l": "Beer", "v": 0.012462434226935781}, {"l": "Beverages, Alcoholic", "v": 0.037273317001902437}, {"l": "Butter, Ghee", "v": 0.39758204802029268}]}, {"source": 2, "prod": 2003.0, "target": 5, "value": 2.1971944971545669, "supply": [{"l": "Pigmeat", "v": 0.0026428119275019456}, {"l": "Meat, Other", "v": 0.024490480722403847}, {"l": "Eggs", "v": 0.18765753742456551}, {"l": "Poultry Meat", "v": 0.1624022087370986}, {"l": "Milk - Excluding Butter", "v": 0.94788682843191041}, {"l": "Mutton & Goat Meat", "v": 0.51049873585267713}, {"l": "Bovine Meat", "v": 0.27397684046253828}, {"l": "Offals, Edible", "v": 0.087639053595870972}]}, {"source": 3, "prod": 4233.0, "target": 5, "value": 15.742174898831946, "supply": [{"l": "Maize", "v": 0.012735049975650002}, {"l": "Barley", "v": 0.049053525832133335}, {"l": "Rice", "v": 2.9040465302548899}, {"l": "Cereals, Other", "v": 0.0035705747595280372}, {"l": "Wheat", "v": 12.772769218009746}]}, {"source": 6, "prod": 10.0, "target": 5, "value": 0.043615465276082357, "supply": [{"l": "Olives", "v": 0.0028300111056999999}, {"l": "Coconuts - Incl Copra", "v": 0.012485343113382357}, {"l": "Oilcrops, Other", "v": 0.014150055528500001}, {"l": "Groundnuts", "v": 0.014150055528500001}]}, {"source": 7, "prod": 4271.0, "target": 5, "value": 2.9295287820030902, "supply": [{"l": "Infant food", "v": 0.0011622222200000001}, {"l": "Nuts", "v": 0.17479480358735297}, {"l": "Citrus, Other", "v": 0.02208222218}, {"l": "Tomatoes", "v": 0.037356146595239996}, {"l": "Treenuts", "v": 0.17479480358735297}, {"l": "Vegetables, Other", "v": 0.37416910771645606}, {"l": "Grapes", "v": 0.33644923842678387}, {"l": "Pimento", "v": 0.0036127801349361706}, {"l": "Dates", "v": 0.39963639677325602}, {"l": "Cocoa Beans", "v": 0.0022342192939736848}, {"l": "Potatoes", "v": 0.22458136352007352}, {"l": "Beans", "v": 0.15995714945260872}, {"l": "Apples", "v": 0.050114779996770845}, {"l": "Lemons, Limes", "v": 0.01245820106313587}, {"l": "Bananas", "v": 0.00071838743452384628}, {"l": "Spices, Other", "v": 0.050578921889106392}, {"l": "Fruits, Other", "v": 0.21174244769893119}, {"l": "Grapefruit", "v": 0.0058111111000000003}, {"l": "Oranges, Mandarines", "v": 0.074812042580587448}, {"l": "Tea", "v": 0.012679919889175327}, {"l": "Onions", "v": 0.099882744907058854}, {"l": "Pulses, Other", "v": 0.49989977195576657}]}, {"source": 8, "prod": 734.0, "target": 5, "value": 3.0435638244251111, "supply": [{"l": "Sugar", "v": 3.0319865062654294}, {"l": "Honey", "v": 0.011577318159681819}]}, {"source": 0, "prod": 36.0, "target": 5, "value": 0.027907805527042379, "supply": [{"l": "Crustaceans", "v": 0.0027836174810163933}, {"l": "Marine Fish, Other", "v": 0.0075466962818666657}, {"l": "Freshwater Fish", "v": 0.0029108685658628575}, {"l": "Fish, Seafood", "v": 0.012526278664573771}, {"l": "Demersal Fish", "v": 0.0021403445337226895}]}, {"source": 9, "prod": 118.0, "target": 5, "value": 1.2155927082079776, "supply": [{"l": "Groundnut Oil", "v": 0.010022955999354169}, {"l": "Soyabean Oil", "v": 0.8721843100502048}, {"l": "Sunflowerseed Oil", "v": 0.18789417996860658}, {"l": "Olive Oil", "v": 0.014150055528500001}, {"l": "Oilcrops Oil, Other", "v": 0.0084900333171}, {"l": "Sesameseed Oil", "v": 0.024257238048857144}, {"l": "Cottonseed Oil", "v": 0.098593935295354845}]}, {"source": 7, "prod": 64.0, "target": 10, "value": 0.05614534088001838, "supply": [{"l": "Potatoes", "v": 0.05614534088001838}]}, {"source": 11, "prod": 4350.0, "target": 10, "value": 4.5597889255706017, "supply": [{"l": "Sugar beet", "v": 4.3839022138399999}, {"l": "Sugar cane", "v": 0.17588671173060216}]}, {"source": 3, "prod": 9.0, "target": 10, "value": 0.033960133268399993, "supply": [{"l": "Barley", "v": 0.033960133268399993}]}, {"source": 6, "prod": 300.0, "target": 10, "value": 2.1140182959579001, "supply": [{"l": "Sunflower seed", "v": 0.28300111057000005}, {"l": "Soyabeans", "v": 0.02122508329275}, {"l": "Olives", "v": 0.0056600222113999997}, {"l": "Oilcrops, Other", "v": 0.084900333171}, {"l": "Sesame seed", "v": 0.028300111057000001}, {"l": "Cottonseed", "v": 1.69093163565575}]}, {"source": 4, "prod": 39.0, "target": 12, "value": 0.32191376327337501, "supply": [{"l": "Fats, Animals, Raw", "v": 0.32191376327337501}]}, {"source": 9, "prod": 45.0, "target": 12, "value": 0.46577659453379089, "supply": [{"l": "Palm Oil", "v": 0.032090170879943015}, {"l": "Soyabean Oil", "v": 0.1014167802383959}, {"l": "Cottonseed Oil", "v": 0.25196227908812907}, {"l": "Oilcrops Oil, Other", "v": 0.0594302332197}, {"l": "Sunflowerseed Oil", "v": 0.020877131107622952}]}, {"source": 7, "prod": 62.0, "target": 7, "value": 0.12558428266523453, "supply": [{"l": "Potatoes", "v": 0.03509083805001148}, {"l": "Beans", "v": 0.011996786208945653}, {"l": "Pulses, Other", "v": 0.078496658406277384}]}, {"source": 2, "prod": 6.0, "target": 2, "value": 0.0096234634576700256, "supply": [{"l": "Eggs", "v": 0.0096234634576700256}]}, {"source": 3, "prod": 824.0, "target": 3, "value": 3.0336644518640212, "supply": [{"l": "Maize", "v": 0.00424501665855}, {"l": "Wheat", "v": 2.4714433589642142}, {"l": "Millet", "v": 0.003926032588904089}, {"l": "Barley", "v": 0.41129494736173333}, {"l": "Rice", "v": 0.14275509629061958}]}, {"source": 6, "prod": 12.0, "target": 6, "value": 0.084900333171000014, "supply": [{"l": "Sunflower seed", "v": 0.0070750277642500003}, {"l": "Soyabeans", "v": 0.0070750277642500003}, {"l": "Cottonseed", "v": 0.070750277642500012}]}, {"source": 7, "prod": 552.0, "target": 13, "value": 0.27594916169712591, "supply": [{"l": "Dates", "v": 0.050178561029825861}, {"l": "Oranges, Mandarines", "v": 0.0081613137360640863}, {"l": "Potatoes", "v": 0.03509083805001148}, {"l": "Fruits, Other", "v": 0.024847328046303144}, {"l": "Citrus, Other", "v": 0.0023244444400000001}, {"l": "Grapefruit", "v": 0.0011622222200000001}, {"l": "Beans", "v": 0.0039989287363152177}, {"l": "Apples", "v": 0.0053062708231875009}, {"l": "Lemons, Limes", "v": 0.0013842445625706524}, {"l": "Tomatoes", "v": 0.0043663028487942856}, {"l": "Vegetables, Other", "v": 0.055157181587057298}, {"l": "Grapes", "v": 0.051700237583311937}, {"l": "Pulses, Other", "v": 0.020657015370072997}, {"l": "Onions", "v": 0.011614272663611494}]}, {"source": 2, "prod": 104.0, "target": 13, "value": 0.078986627947101068, "supply": [{"l": "Milk - Excluding Butter", "v": 0.064551432760596036}, {"l": "Eggs", "v": 0.014435195186505038}]}, {"source": 3, "prod": 312.0, "target": 13, "value": 1.1539552216709108, "supply": [{"l": "Maize", "v": 0.02122508329275}, {"l": "Rice", "v": 0.05710203851624783}, {"l": "Wheat", "v": 0.85662122323980883}, {"l": "Millet", "v": 0.003926032588904089}, {"l": "Barley", "v": 0.21508084403319999}]}, {"source": 6, "prod": 9.0, "target": 13, "value": 0.063675249878250004, "supply": [{"l": "Cottonseed", "v": 0.056600222114000003}, {"l": "Sunflower seed", "v": 0.0070750277642500003}]}, {"source": 14, "prod": 231.0, "target": 10, "value": 1.7197963341823108, "supply": [{"l": "Sugar", "v": 0.3940338140837425}, {"l": "Cottonseed Oil", "v": 0.03286464509845162}, {"l": "Groundnut Oil", "v": 0.010022955999354169}, {"l": "Beverages, Alcoholic", "v": 0.0031061097501585365}, {"l": "Oilcrops Oil, Other", "v": 0.025470099951300004}, {"l": "Fats, Animals, Raw", "v": 0.14857558304924998}, {"l": "Butter, Ghee", "v": 0.057980715336292683}, {"l": "Soyabean Oil", "v": 0.96345941226476117}, {"l": "Palm Oil", "v": 0.032090170879943015}, {"l": "Sunflowerseed Oil", "v": 0.052192827769057377}]}, {"source": 14, "prod": 1319.0, "target": 3, "value": 4.8977353385388946, "supply": [{"l": "Maize", "v": 0.26319103283010004}, {"l": "Barley", "v": 0.73202953934106663}, {"l": "Rice", "v": 0.26103789035999009}, {"l": "Cereals, Other", "v": 0.0035705747595280372}, {"l": "Wheat", "v": 3.6379063012482096}]}, {"source": 14, "prod": 7.0, "target": 6, "value": 0.026635398641882357, "supply": [{"l": "Coconuts - Incl Copra", "v": 0.012485343113382357}, {"l": "Groundnuts", "v": 0.0070750277642500003}, {"l": "Oilcrops, Other", "v": 0.0070750277642500003}]}, {"source": 14, "prod": 24.0, "target": 7, "value": 0.033119646447417682, "supply": [{"l": "Cocoa Beans", "v": 0.0022342192939736848}, {"l": "Bananas", "v": 0.00071838743452384628}, {"l": "Spices, Other", "v": 0.021676680809617023}, {"l": "Tea", "v": 0.003859106053227273}, {"l": "Infant food", "v": 0.0011622222200000001}, {"l": "Oranges, Mandarines", "v": 0.0017002736950133515}, {"l": "Apples", "v": 0.0017687569410625001}]}, {"source": 14, "prod": 118.0, "target": 1, "value": 0.10363498329050622, "supply": [{"l": "Milk - Excluding Butter", "v": 0.036012904592753581}, {"l": "Fish, Seafood", "v": 0.019485322367114755}, {"l": "Mutton & Goat Meat", "v": 0.018515498191547873}, {"l": "Eggs", "v": 0.0032078211525566752}, {"l": "Marine Fish, Other", "v": 0.026413436986533333}]}, {"source": 7, "prod": 311.0, "target": 15, "value": 0.43578396986237244, "supply": [{"l": "Dates", "v": 0.051970652495176788}, {"l": "Spices, Other", "v": 0.01806390067468085}, {"l": "Fruits, Other", "v": 0.016744938465986903}, {"l": "Vegetables, Other", "v": 0.0009779642125364767}, {"l": "Nuts", "v": 0.092164532800604299}, {"l": "Treenuts", "v": 0.092164532800604299}, {"l": "Pulses, Other", "v": 0.028919821518102195}, {"l": "Grapes", "v": 0.12885289982302361}, {"l": "Tea", "v": 0.00055130086474675327}, {"l": "Onions", "v": 0.0046457090654445973}, {"l": "Tomatoes", "v": 0.00072771714146571437}]}, {"source": 0, "prod": 14.0, "target": 15, "value": 0.011227257173432786, "supply": [{"l": "Fish, Seafood", "v": 0.0048713305917786887}, {"l": "Crustaceans", "v": 0.00069590437025409833}, {"l": "Marine Fish, Other", "v": 0.0056600222113999997}]}, {"source": 9, "prod": 15.0, "target": 15, "value": 0.16380690934658568, "supply": [{"l": "Cottonseed Oil", "v": 0.1533683437927742}, {"l": "Sunflowerseed Oil", "v": 0.010438565553811476}]}, {"source": 3, "prod": 1.0, "target": 15, "value": 0.0036451966946374841, "supply": [{"l": "Wheat", "v": 0.0036451966946374841}]}, {"source": 6, "prod": 2.0, "target": 15, "value": 0.014150055528500001, "supply": [{"l": "Oilcrops, Other", "v": 0.014150055528500001}]}, {"source": 16, "prod": 33.0, "target": 10, "value": 0.13687490383961581, "supply": [{"l": "Sugar", "v": 0.13687490383961581}]}, {"source": 16, "prod": 72.0, "target": 3, "value": 0.26924618866757888, "supply": [{"l": "Wheat", "v": 0.069258737198112194}, {"l": "Barley", "v": 0.19998745146946667}]}, {"source": 1, "prod": 104.0, "target": 0, "value": 0.083394580648635822, "supply": [{"l": "Crustaceans", "v": 0.0034795218512704918}, {"l": "Freshwater Fish", "v": 0.0029108685658628575}, {"l": "Demersal Fish", "v": 0.0021403445337226895}, {"l": "Marine Fish, Other", "v": 0.038676818444566663}, {"l": "Fish, Seafood", "v": 0.036187027253213114}]}, {"source": 1, "prod": 2570.0, "target": 2, "value": 2.5907844237138358, "supply": [{"l": "Poultry Meat", "v": 0.1624022087370986}, {"l": "Pigmeat", "v": 0.0026428119275019456}, {"l": "Bovine Meat", "v": 0.27397684046253828}, {"l": "Eggs", "v": 0.21171619606874059}, {"l": "Milk - Excluding Butter", "v": 1.3270415598046745}, {"l": "Offals, Edible", "v": 0.087639053595870972}, {"l": "Meat, Other", "v": 0.024490480722403847}, {"l": "Mutton & Goat Meat", "v": 0.51049873585267713}]}, {"source": 10, "prod": 131.0, "target": 4, "value": 0.76923156252250591, "supply": [{"l": "Fats, Animals, Raw", "v": 0.32191376327337501}, {"l": "Beer", "v": 0.012462434226935781}, {"l": "Beverages, Alcoholic", "v": 0.037273317001902437}, {"l": "Butter, Ghee", "v": 0.39758204802029268}]}, {"source": 10, "prod": 178.0, "target": 9, "value": 1.8451762120883541, "supply": [{"l": "Olive Oil", "v": 0.014150055528500001}, {"l": "Sesameseed Oil", "v": 0.024257238048857144}, {"l": "Soyabean Oil", "v": 0.97360109028860076}, {"l": "Palm Oil", "v": 0.032090170879943015}, {"l": "Groundnut Oil", "v": 0.010022955999354169}, {"l": "Cottonseed Oil", "v": 0.50392455817625814}, {"l": "Oilcrops Oil, Other", "v": 0.0679202665368}, {"l": "Sunflowerseed Oil", "v": 0.21920987663004102}]}, {"source": 10, "prod": 734.0, "target": 8, "value": 3.0435638244251111, "supply": [{"l": "Honey", "v": 0.011577318159681819}, {"l": "Sugar", "v": 3.0319865062654294}]}, {"source": 7, "prod": 5248.5, "target": 17, "value": 19.174088828557391, "supply": [{"l": "Tomatoes", "v": 0.61016666549999998}, {"l": "Vegetables, Other", "v": 7.6706666520000013}, {"l": "Potatoes", "v": 0.69733333200000003}, {"l": "Beans", "v": 0.15515666637}, {"l": "Onions", "v": 0.87166666500000012}, {"l": "Pulses, Other", "v": 0.52822999899000012}]}, {"source": 11, "prod": 1740.0, "target": 17, "value": 1.8239155702282408, "supply": [{"l": "Sugar cane", "v": 0.070354684692240863}, {"l": "Sugar beet", "v": 1.7535608855360001}]}, {"source": 3, "prod": 12080.0, "target": 17, "value": 39.976781618418855, "supply": [{"l": "Maize", "v": 0.46372666578000005}, {"l": "Barley", "v": 7.1441799863400002}, {"l": "Rice", "v": 5.0870466569399992}, {"l": "Cereals, Other", "v": 0.0031709884442296609}, {"l": "Wheat", "v": 29.350759943880004}, {"l": "Millet", "v": 0.069733333200000011}]}, {"source": 6, "prod": 330.0, "target": 17, "value": 1.138683801744353, "supply": [{"l": "Olives", "v": 0.0041839999920000003}, {"l": "Sunflower seed", "v": 0.14643999971999999}, {"l": "Coconuts - Incl Copra", "v": 0.0087166666500000014}, {"l": "Sesame seed", "v": 0.01568999997}, {"l": "Cottonseed", "v": 0.89607333162000002}, {"l": "Oilcrops, Other", "v": 0.054043333229999997}, {"l": "Soyabeans", "v": 0.013946666639999999}, {"l": "Groundnuts", "v": 0.0052299999899999994}]}, {"source": 18, "prod": 0, "target": 7, "value": 8.2688925708541931e-05, "supply": "[{\"l\":'Energy for power irrigation',\"v\":8.2688925708541931e-05}]"}, {"source": 18, "prod": 0, "target": 11, "value": 6.8533262233430015e-05, "supply": "[{\"l\":'Energy for power irrigation',\"v\":6.8533262233430015e-05}]"}, {"source": 18, "prod": 0, "target": 3, "value": 9.5158828480440758e-05, "supply": "[{\"l\":'Energy for power irrigation',\"v\":9.5158828480440758e-05}]"}, {"source": 18, "prod": 0, "target": 6, "value": 5.1990750659843459e-06, "supply": "[{\"l\":'Energy for power irrigation',\"v\":5.1990750659843459e-06}]"}, {"source": 18, "prod": 0, "target": 10, "value": 0.1210000000968, "supply": "[{\"l\":'Electricity',\"v\":0.1210000000968}]"}, {"source": 19, "prod": 0, "target": 18, "value": 0.21211636628990185, "supply": [{"l": "Coal", "v": 0.00084390286595559705}, {"l": "Natural gas", "v": 0.015295202416348687}, {"l": "Oil", "v": 0.19597726100759758}]}, {"source": 20, "prod": 0, "target": 18, "value": 0.040078097880866678, "supply": [{"l": "Nuclear", "v": 0.0}, {"l": "Hydroelectric", "v": 0.040078097880866678}, {"l": "Renewable", "v": 0.0}]}, {"source": 19, "prod": 0, "target": 7, "value": 16.190626736285417, "supply": [{"l": "Motor Gasoline", "v": 0.095721478647235389}, {"l": "Gas-Diesel oil", "v": 15.119872973794797}, {"l": "Natural gas (including LNG)", "v": 0.55208413210974294}, {"l": "Fuel oil", "v": 0.4229481517336402}]}, {"source": 19, "prod": 0, "target": 11, "value": 13.418924702837298, "supply": [{"l": "Motor Gasoline", "v": 0.079334749378960456}, {"l": "Gas-Diesel oil", "v": 12.531475171193174}, {"l": "Natural gas (including LNG)", "v": 0.45757187285460266}, {"l": "Fuel oil", "v": 0.35054290941056204}]}, {"source": 19, "prod": 0, "target": 3, "value": 18.632254070146502, "supply": [{"l": "Motor Gasoline", "v": 0.1101567554595221}, {"l": "Gas-Diesel oil", "v": 17.400025295173968}, {"l": "Natural gas (including LNG)", "v": 0.63534117518202293}, {"l": "Fuel oil", "v": 0.48673084433098734}]}, {"source": 19, "prod": 0, "target": 6, "value": 1.0179873912497261, "supply": [{"l": "Motor Gasoline", "v": 0.0060184982287487246}, {"l": "Gas-Diesel oil", "v": 0.95066363367672357}, {"l": "Natural gas (including LNG)", "v": 0.034712348975176756}, {"l": "Fuel oil", "v": 0.02659291036907712}]}, {"source": 21, "prod": 58.188555155462318, "target": 7, "value": 0.74323741544831212, "supply": [{"l": "Potash", "v": 0.0011434944453592398}, {"l": "Phosphate", "v": 0.29163750023330998}, {"l": "Nitrogen", "v": 1.9685101682414745}]}, {"source": 21, "prod": 48.22715345837117, "target": 11, "value": 0.61600128745358829, "supply": [{"l": "Potash", "v": 0.0011434944453592398}, {"l": "Phosphate", "v": 0.29163750023330998}, {"l": "Nitrogen", "v": 1.9685101682414745}]}, {"source": 21, "prod": 66.963679744496986, "target": 3, "value": 0.85532132786659154, "supply": [{"l": "Potash", "v": 0.0011434944453592398}, {"l": "Phosphate", "v": 0.29163750023330998}, {"l": "Nitrogen", "v": 1.9685101682414745}]}, {"source": 21, "prod": 3.6586116416695371, "target": 6, "value": 0.046731132151651526, "supply": [{"l": "Potash", "v": 0.0011434944453592398}, {"l": "Phosphate", "v": 0.29163750023330998}, {"l": "Nitrogen", "v": 1.9685101682414745}]}, {"source": 19, "prod": 0, "target": 21, "value": 2.6516484305960635, "supply": [{"l": "Natural gas (including LNG)", "v": 1.8257123052069089}, {"l": "Fuel oil", "v": 0.47796024742857068}, {"l": "Liquefied petroleum gas (LPG)", "v": 0.17398793898029202}, {"l": "Coal", "v": 0.17398793898029202}]}, {"source": 22, "prod": 0, "target": 3, "value": 0.66967823307541929, "supply": "[{\"l\":'Labor',\"v\":0.66967823307541929}]"}, {"source": 22, "prod": 0, "target": 6, "value": 0.036588380283921917, "supply": "[{\"l\":'Labor',\"v\":0.036588380283921917}]"}, {"source": 22, "prod": 0, "target": 7, "value": 0.58192155733383077, "supply": "[{\"l\":'Labor',\"v\":0.58192155733383077}]"}, {"source": 22, "prod": 0, "target": 11, "value": 0.48230137646987975, "supply": "[{\"l\":'Labor',\"v\":0.48230137646987975}]"}, {"source": 19, "prod": 0, "target": 14, "value": 3.6252135751732624, "supply": "[{\"l\":'Fossil Fuels',\"v\":3.6252135751732624}]"}, {"source": 20, "prod": 0, "target": 14, "value": 0.08426459668820338, "supply": "[{\"l\":'Renewables & Nuclear',\"v\":0.051457955601627248},{\"l\":'Biomass & Waste',\"v\":0.032806641086576133}]"}]}