{"nodes": [{"layer": 5, "name": "Fruits, Roots & Vegetables", "fill": "#98df8a"}, {"layer": 10, "name": "Feed", "fill": "#dbdb8d"}, {"layer": 13, "name": "Aquatic Products", "fill": "#1f77b4"}, {"layer": 13, "name": "Animal Products", "fill": "#17becf"}, {"layer": 5, "name": "Cereals", "fill": "#e7ba52"}, {"layer": 5, "name": "Sugar Crops", "fill": "#ffbb78"}, {"layer": 13, "name": "Other Processed", "fill": "#9c9ede"}, {"layer": 16, "name": "Food", "fill": "#b5cf6b"}, {"layer": 5, "name": "Oilcrops", "fill": "#ff9896"}, {"layer": 13, "name": "Sugar", "fill": "#d6616b"}, {"layer": 13, "name": "Vegetable Oils", "fill": "#f7b6d2"}, {"layer": 10, "name": "Processing", "fill": "#9edae5"}, {"layer": 16, "name": "Biofuels & Other", "fill": "#e7ba52"}, {"name": "Waste", "fill": "#c7c7c7"}, {"layer": 2, "name": "Import", "fill": "#aec7e8"}, {"layer": 16, "name": "Export", "fill": "#aec7e8"}, {"layer": 0, "name": "Stock Draw", "fill": "#c7c7c7"}, {"layer": 16, "name": "Stock Deposit", "fill": "#c7c7c7"}, {"name": "Crop Residue", "fill": "#bd9e39"}, {"layer": 2, "name": "Electricity", "fill": "#bcbd22"}, {"layer": 0, "name": "Fossil Fuels", "fill": "#c49c94"}, {"layer": 0, "name": "Renewables & Nuclear", "fill": "#2ca02c"}, {"layer": 2, "name": "Fertilizers", "fill": "#c5b0d5"}, {"layer": 0, "name": "Labor", "fill": "#7f7f7f"}], "links": [{"source": 0, "prod": 195.0, "target": 1, "value": 0.53985389360493496, "supply": [{"l": "Dates", "v": 0.035547175970532668}, {"l": "Potatoes", "v": 0.016743685196136889}, {"l": "Vegetables, Other", "v": 0.011055996448999714}, {"l": "Pulses, Other", "v": 0.47650703598926569}]}, {"source": 2, "prod": 925.0, "target": 1, "value": 0.98126663006744563, "supply": [{"l": "Pelagic Fish", "v": 0.5615550608310429}, {"l": "Fish, Seafood", "v": 0.41971156923640274}]}, {"source": 3, "prod": 732.0, "target": 1, "value": 0.53133065865108808, "supply": [{"l": "Milk - Excluding Butter", "v": 0.53133065865108808}]}, {"source": 4, "prod": 4908.0, "target": 1, "value": 17.621839060346787, "supply": [{"l": "Maize", "v": 10.004602473098721}, {"l": "Wheat", "v": 1.98448488731207}, {"l": "Oats", "v": 0.16404471155074579}, {"l": "Millet", "v": 0.003907546714983264}, {"l": "Barley", "v": 3.4082760563719545}, {"l": "Rice", "v": 0.11161466214290951}, {"l": "Sorghum", "v": 1.8113460038985867}, {"l": "Cereals, Other", "v": 0.13356271925681709}]}, {"source": 5, "prod": 782.0, "target": 1, "value": 0.25867036573917668, "supply": [{"l": "Sugar beet", "v": 0.036385857073285718}, {"l": "Sugar cane", "v": 0.22228450866589097}]}, {"source": 6, "prod": 1065.0, "target": 7, "value": 3.409241691462682, "supply": [{"l": "Beer", "v": 0.10188039980520001}, {"l": "Beverages, Alcoholic", "v": 0.05188353693783334}, {"l": "Fats, Animals, Raw", "v": 1.3736355431750724}, {"l": "Butter, Ghee", "v": 1.6793388190781839}, {"l": "Wine", "v": 0.049941372453529427}, {"l": "Beverages, Fermented", "v": 0.15256202001286298}]}, {"source": 3, "prod": 10410.0, "target": 7, "value": 10.33365797763917, "supply": [{"l": "Mutton & Goat Meat", "v": 0.86453040606509901}, {"l": "Pigmeat", "v": 0.0082890857829674564}, {"l": "Meat, Other", "v": 0.25470099951300001}, {"l": "Poultry Meat", "v": 0.76345325109126261}, {"l": "Milk - Excluding Butter", "v": 5.797456244052241}, {"l": "Offals, Edible", "v": 0.25523834339382917}, {"l": "Bovine Meat", "v": 1.8814720271853012}, {"l": "Eggs", "v": 0.50851762055546879}]}, {"source": 4, "prod": 23725.0, "target": 7, "value": 82.673600758739312, "supply": [{"l": "Maize", "v": 10.982495947912883}, {"l": "Rye", "v": 0.0093041461009315089}, {"l": "Barley", "v": 5.1887187723871557}, {"l": "Rice", "v": 6.2057752151457679}, {"l": "Cereals, Other", "v": 0.018636658500951218}, {"l": "Wheat", "v": 52.12535683772817}, {"l": "Oats", "v": 0.0064754491401610168}, {"l": "Sorghum", "v": 7.0153718246230969}, {"l": "Millet", "v": 1.1214659072001969}]}, {"source": 8, "prod": 228.0, "target": 7, "value": 1.0159132894765619, "supply": [{"l": "Olives", "v": 0.15206029821671643}, {"l": "Coconuts - Incl Copra", "v": 0.049152824467421058}, {"l": "Sesame seed", "v": 0.20517580516325001}, {"l": "Groundnuts", "v": 0.50811563034159102}, {"l": "Oilcrops, Other", "v": 0.049525194349750008}, {"l": "Soyabeans", "v": 0.05188353693783334}]}, {"source": 0, "prod": 19786.0, "target": 7, "value": 13.062129995007997, "supply": [{"l": "Vegetables, Other", "v": 1.780015428288954}, {"l": "Nuts", "v": 0.3049709336274079}, {"l": "Yams", "v": 0.050940199902600007}, {"l": "Cocoa Beans", "v": 0.021225083292750004}, {"l": "Tomatoes", "v": 0.8137136010542565}, {"l": "Coffee", "v": 0.05044078617806471}, {"l": "Treenuts", "v": 0.3049709336274079}, {"l": "Apples", "v": 0.10188039980520001}, {"l": "Roots, Other", "v": 0.10143935911340261}, {"l": "Peas", "v": 0.15565061081350001}, {"l": "Infant food", "v": 0.0058111111000000003}, {"l": "Grapes", "v": 0.45708365744266843}, {"l": "Dates", "v": 1.4742723507778814}, {"l": "Potatoes", "v": 1.728785496501134}, {"l": "Pimento", "v": 0.20445386355465303}, {"l": "Pepper", "v": 0.05188353693783334}, {"l": "Pineapples", "v": 0.0022640088845600004}, {"l": "Beans", "v": 0.25693521880697373}, {"l": "Pulses, Other", "v": 2.6431886013421662}, {"l": "Lemons, Limes", "v": 0.050791902377410485}, {"l": "Bananas", "v": 0.15308453856739898}, {"l": "Citrus, Other", "v": 0.010754042201660001}, {"l": "Spices, Other", "v": 0.10188039980520001}, {"l": "Tea", "v": 0.051054930082560811}, {"l": "Fruits, Other", "v": 0.76252380722226742}, {"l": "Sweet potatoes", "v": 0.1008191456405625}, {"l": "Grapefruit", "v": 0.099951110920000003}, {"l": "Oranges, Mandarines", "v": 0.61028775057647711}, {"l": "Onions", "v": 0.457965628345128}, {"l": "Cassava", "v": 0.15309155821792023}]}, {"source": 5, "prod": 1384.0, "target": 7, "value": 0.45780023808570391, "supply": [{"l": "Sugar cane", "v": 0.45780023808570391}]}, {"source": 9, "prod": 3511.0, "target": 7, "value": 13.395999069386235, "supply": [{"l": "Sugar", "v": 12.886597070360235}, {"l": "Sweeteners, Other", "v": 0.45846179912340007}, {"l": "Honey", "v": 0.050940199902600007}]}, {"source": 2, "prod": 1230.0, "target": 7, "value": 1.1276629498264903, "supply": [{"l": "Freshwater Fish", "v": 0.10214571334635938}, {"l": "Crustaceans", "v": 0.0045280177691200008}, {"l": "Marine Fish, Other", "v": 0.1015771843295893}, {"l": "Demersal Fish", "v": 0.051430009517048084}, {"l": "Fish, Seafood", "v": 0.55870695904845813}, {"l": "Pelagic Fish", "v": 0.30564119941560003}, {"l": "Cephalopods", "v": 0.0018169332001575875}, {"l": "Molluscs, Other", "v": 0.0018169332001575875}]}, {"source": 10, "prod": 1241.0, "target": 7, "value": 12.778716467896674, "supply": [{"l": "Maize Germ Oil", "v": 0.056600222114000003}, {"l": "Groundnut Oil", "v": 0.71941861265952622}, {"l": "Soyabean Oil", "v": 2.9972601226844016}, {"l": "Palm Oil", "v": 0.15673907662338465}, {"l": "Sunflowerseed Oil", "v": 1.9316177712535796}, {"l": "Olive Oil", "v": 0.91491280088222382}, {"l": "Coconut Oil", "v": 0.095512874817374999}, {"l": "Rape and Mustard Oil", "v": 1.2143320380821818}, {"l": "Oilcrops Oil, Other", "v": 0.56034219892859993}, {"l": "Sesameseed Oil", "v": 0.40327658256225002}, {"l": "Cottonseed Oil", "v": 3.7165755482647223}, {"l": "Palmkernel Oil", "v": 0.012128619024428572}]}, {"source": 6, "prod": 26.0, "target": 11, "value": 0.032461892094794123, "supply": [{"l": "Wine", "v": 0.032461892094794123}]}, {"source": 4, "prod": 201.0, "target": 11, "value": 0.72471607174298769, "supply": [{"l": "Maize", "v": 0.27317671968492746}, {"l": "Barley", "v": 0.113708946569038}, {"l": "Sorghum", "v": 0.33783040548902216}]}, {"source": 8, "prod": 2599.0, "target": 11, "value": 10.884503025698208, "supply": [{"l": "Sunflower seed", "v": 0.13935660747765152}, {"l": "Olives", "v": 1.959677093267933}, {"l": "Soyabeans", "v": 0.8254199058291668}, {"l": "Sesame seed", "v": 0.72872785971775}, {"l": "Cottonseed", "v": 5.5408187133114257}, {"l": "Rape and Mustardseed", "v": 0.42921835103116668}, {"l": "Groundnuts", "v": 1.1127089120138638}, {"l": "Oilcrops, Other", "v": 0.14857558304925}]}, {"source": 0, "prod": 356.0, "target": 11, "value": 0.27256579907804013, "supply": [{"l": "Grapes", "v": 0.27256579907804013}]}, {"source": 5, "prod": 13449.0, "target": 11, "value": 4.4486671979874508, "supply": [{"l": "Sugar beet", "v": 0.94801696701851701}, {"l": "Sugar cane", "v": 3.500650230968934}]}, {"source": 9, "prod": 70.0, "target": 11, "value": 0.26743604948865002, "supply": [{"l": "Sugar", "v": 0.26743604948865002}]}, {"source": 6, "prod": 394.0, "target": 12, "value": 2.6701442789961756, "supply": [{"l": "Alcohol, Non-Food", "v": 0.00089813919815621447}, {"l": "Beer", "v": 0.0010954881699483871}, {"l": "Beverages, Alcoholic", "v": 0.10848375905183336}, {"l": "Wine", "v": 0.10987101939776471}, {"l": "Fats, Animals, Raw", "v": 2.449795873178473}]}, {"source": 3, "prod": 5.0, "target": 12, "value": 0.0051255129017069865, "supply": [{"l": "Milk - Excluding Butter", "v": 0.0021775846666028196}, {"l": "Eggs", "v": 0.0029479282351041669}]}, {"source": 4, "prod": 103.0, "target": 12, "value": 0.4360937392173867, "supply": [{"l": "Maize", "v": 0.18607689601726946}, {"l": "Rice", "v": 0.25001684320011724}]}, {"source": 8, "prod": 5.0, "target": 12, "value": 0.03387437535610606, "supply": [{"l": "Sunflower seed", "v": 0.0055742642991060617}, {"l": "Oilcrops, Other", "v": 0.028300111057000001}]}, {"source": 0, "prod": 37.0, "target": 12, "value": 0.059493847827025118, "supply": [{"l": "Dates", "v": 0.0037418079968981762}, {"l": "Potatoes", "v": 0.013394948156909512}, {"l": "Fruits, Other", "v": 0.00056399689883303815}, {"l": "Nuts", "v": 0.020107973645763159}, {"l": "Treenuts", "v": 0.020107973645763159}, {"l": "Vegetables, Other", "v": 0.0011339483537435606}, {"l": "Tomatoes", "v": 0.00044319912911451874}]}, {"source": 2, "prod": 10.0, "target": 12, "value": 0.0081634935741346157, "supply": [{"l": "Aquatic Products, Other", "v": 0.0040817467870673078}, {"l": "Aquatic Plants", "v": 0.0040817467870673078}]}, {"source": 10, "prod": 177.0, "target": 12, "value": 1.7989884983536018, "supply": [{"l": "Olive Oil", "v": 0.090485881405934221}, {"l": "Rape and Mustard Oil", "v": 0.29843753478290908}, {"l": "Cottonseed Oil", "v": 0.041180892501548175}, {"l": "Oilcrops Oil, Other", "v": 0.22828756252646668}, {"l": "Sesameseed Oil", "v": 0.10612541646375}, {"l": "Soyabean Oil", "v": 0.3182022732986865}, {"l": "Palm Oil", "v": 0.51919819131496159}, {"l": "Palmkernel Oil", "v": 0.012128619024428572}, {"l": "Sunflowerseed Oil", "v": 0.18494212703491722}]}, {"source": 0, "prod": 390.0, "target": 0, "value": 0.5638632176602304, "supply": [{"l": "Potatoes", "v": 0.22436538162823436}, {"l": "Yams", "v": 0.029329206004527274}, {"l": "Beans", "v": 0.003723698823289474}, {"l": "Roots, Other", "v": 0.0066156103769610397}, {"l": "Peas", "v": 0.0094333703523333343}, {"l": "Sweet potatoes", "v": 0.0053062708231875}, {"l": "Pulses, Other", "v": 0.2850896796516974}]}, {"source": 5, "prod": 123.0, "target": 5, "value": 0.040686003818310397, "supply": [{"l": "Sugar cane", "v": 0.040686003818310397}]}, {"source": 3, "prod": 30.0, "target": 3, "value": 0.044218923526562509, "supply": [{"l": "Eggs", "v": 0.044218923526562509}]}, {"source": 4, "prod": 1051.0, "target": 4, "value": 3.538181250553242, "supply": [{"l": "Maize", "v": 0.24546313942703629}, {"l": "Oats", "v": 0.049645110074567803}, {"l": "Barley", "v": 0.92762561674741528}, {"l": "Rice", "v": 0.41967112965733966}, {"l": "Sorghum", "v": 0.14735155984095644}, {"l": "Cereals, Other", "v": 0.0093183292504756092}, {"l": "Wheat", "v": 1.7000308984056181}, {"l": "Millet", "v": 0.039075467149832642}]}, {"source": 8, "prod": 75.0, "target": 8, "value": 0.43972369528717425, "supply": [{"l": "Soyabeans", "v": 0.0094333703523333343}, {"l": "Sunflower seed", "v": 0.0055742642991060617}, {"l": "Sesame seed", "v": 0.035375138821250006}, {"l": "Cottonseed", "v": 0.29543600785262125}, {"l": "Groundnuts", "v": 0.051454747376363644}, {"l": "Oilcrops, Other", "v": 0.0424501665855}]}, {"source": 6, "prod": 1.0, "target": 13, "value": 0.0012485343113382355, "supply": [{"l": "Wine", "v": 0.0012485343113382355}]}, {"source": 3, "prod": 277.0, "target": 13, "value": 0.21452949699931428, "supply": [{"l": "Eggs", "v": 0.026531354115937499}, {"l": "Milk - Excluding Butter", "v": 0.1879981428833768}]}, {"source": 4, "prod": 2174.0, "target": 13, "value": 7.6645439661078267, "supply": [{"l": "Maize", "v": 1.9914186956741815}, {"l": "Barley", "v": 0.68225367941422799}, {"l": "Rice", "v": 0.41967112965733966}, {"l": "Cereals, Other", "v": 0.0093183292504756092}, {"l": "Wheat", "v": 3.6912088207507812}, {"l": "Oats", "v": 0.012950898280322034}, {"l": "Sorghum", "v": 0.78347902549581716}, {"l": "Millet", "v": 0.074243387584682019}]}, {"source": 8, "prod": 125.0, "target": 13, "value": 0.65778558674921894, "supply": [{"l": "Olives", "v": 0.055121858103559705}, {"l": "Sunflower seed", "v": 0.0055742642991060617}, {"l": "Sesame seed", "v": 0.077825305406750006}, {"l": "Cottonseed", "v": 0.13378234317854548}, {"l": "Oilcrops, Other", "v": 0.070750277642500012}, {"l": "Soyabeans", "v": 0.0047166851761666672}, {"l": "Groundnuts", "v": 0.2765692671479546}, {"l": "Rape and Mustardseed", "v": 0.03344558579463637}]}, {"source": 0, "prod": 2173.0, "target": 13, "value": 1.2590385682873284, "supply": [{"l": "Roots, Other", "v": 0.012128619024428572}, {"l": "Nuts", "v": 0.0033513289409605267}, {"l": "Yams", "v": 0.0092618545277454549}, {"l": "Citrus, Other", "v": 0.0011320044422800002}, {"l": "Grapefruit", "v": 0.013946666640000001}, {"l": "Tomatoes", "v": 0.083543035838086796}, {"l": "Treenuts", "v": 0.0033513289409605267}, {"l": "Vegetables, Other", "v": 0.20694557455819979}, {"l": "Peas", "v": 0.0047166851761666672}, {"l": "Grapes", "v": 0.030625370682925857}, {"l": "Pimento", "v": 0.010395959163795918}, {"l": "Dates", "v": 0.13657599188678343}, {"l": "Potatoes", "v": 0.23608596126553014}, {"l": "Beans", "v": 0.0074473976465789481}, {"l": "Apples", "v": 0.0079240310959600019}, {"l": "Lemons, Limes", "v": 0.0059319010075807865}, {"l": "Bananas", "v": 0.019135567320924873}, {"l": "Spices, Other", "v": 0.0084900333171}, {"l": "Fruits, Other", "v": 0.094187482105117362}, {"l": "Sweet potatoes", "v": 0.011673795811012501}, {"l": "Oranges, Mandarines", "v": 0.073177693026050206}, {"l": "Pulses, Other", "v": 0.21178090488411808}, {"l": "Onions", "v": 0.049617077827207805}, {"l": "Cassava", "v": 0.017612303157813827}]}, {"source": 5, "prod": 75.0, "target": 13, "value": 0.024808538913603899, "supply": [{"l": "Sugar cane", "v": 0.016539025942402599}, {"l": "Sugar beet", "v": 0.0082695129712012996}]}, {"source": 14, "prod": 3570.0, "target": 11, "value": 22.286581904660576, "supply": [{"l": "Alcohol, Non-Food", "v": 0.00089813919815621447}, {"l": "Sugar", "v": 7.9772353047471611}, {"l": "Maize Germ Oil", "v": 0.070750277642500012}, {"l": "Beer", "v": 0.0010954881699483871}, {"l": "Beverages, Alcoholic", "v": 0.0047166851761666672}, {"l": "Butter, Ghee", "v": 1.0042277360316778}, {"l": "Fats, Animals, Raw", "v": 3.5609532870844238}, {"l": "Soyabean Oil", "v": 2.9151434069944178}, {"l": "Palm Oil", "v": 0.68573346022730786}, {"l": "Sunflowerseed Oil", "v": 2.3939730888408728}, {"l": "Olive Oil", "v": 0.01005398682288158}, {"l": "Coconut Oil", "v": 0.095512874817374999}, {"l": "Rape and Mustard Oil", "v": 1.0188039980520001}, {"l": "Oilcrops Oil, Other", "v": 0.76787634667993332}, {"l": "Sweeteners, Other", "v": 0.022923089956170001}, {"l": "Honey", "v": 0.0028300111056999999}, {"l": "Cottonseed Oil", "v": 1.7295974850650231}, {"l": "Palmkernel Oil", "v": 0.024257238048857144}]}, {"source": 14, "prod": 15108.0, "target": 4, "value": 51.837315292825167, "supply": [{"l": "Maize", "v": 8.8129185220094008}, {"l": "Barley", "v": 1.1640205319830468}, {"l": "Rice", "v": 0.26787518914298275}, {"l": "Cereals, Other", "v": 0.021742768251109757}, {"l": "Wheat", "v": 41.547014967924703}, {"l": "Oats", "v": 0.023743313513923732}]}, {"source": 14, "prod": 114.0, "target": 8, "value": 0.55521477848828882, "supply": [{"l": "Coconuts - Incl Copra", "v": 0.051387043761394746}, {"l": "Sesame seed", "v": 0.091975360935250008}, {"l": "Groundnuts", "v": 0.032159217110227283}, {"l": "Oilcrops, Other", "v": 0.02122508329275}, {"l": "Soyabeans", "v": 0.17451735151816666}, {"l": "Rape and Mustardseed", "v": 0.18395072187050004}]}, {"source": 14, "prod": 1316.0, "target": 0, "value": 1.6237700901546681, "supply": [{"l": "Vegetables, Other", "v": 0.0042523063265383519}, {"l": "Nuts", "v": 0.043567276232486851}, {"l": "Infant food", "v": 0.0058111111000000003}, {"l": "Tomatoes", "v": 0.058280685478559226}, {"l": "Coffee", "v": 0.060429060668770587}, {"l": "Treenuts", "v": 0.043567276232486851}, {"l": "Peas", "v": 0.028300111057000001}, {"l": "Grapes", "v": 0.02373466227926754}, {"l": "Dates", "v": 0.0037418079968981762}, {"l": "Cocoa Beans", "v": 0.021225083292750004}, {"l": "Potatoes", "v": 0.36668670579539792}, {"l": "Pimento", "v": 0.013861278885061223}, {"l": "Pepper", "v": 0.05188353693783334}, {"l": "Beans", "v": 0.16384274822473685}, {"l": "Apples", "v": 0.018678073297620005}, {"l": "Bananas", "v": 0.021774955916914508}, {"l": "Spices, Other", "v": 0.038205149926950004}, {"l": "Tea", "v": 0.051054930082560811}, {"l": "Fruits, Other", "v": 0.018047900762657221}, {"l": "Oranges, Mandarines", "v": 0.00035523151954393312}, {"l": "Pulses, Other", "v": 0.58647019814063472}]}, {"source": 14, "prod": 3528.0, "target": 1, "value": 3.2679439811245783, "supply": [{"l": "Eggs", "v": 0.123812985874375}, {"l": "Marine Fish, Other", "v": 0.059127017744089294}, {"l": "Poultry Meat", "v": 0.055228533057665813}, {"l": "Milk - Excluding Butter", "v": 1.5780230217315101}, {"l": "Fish, Seafood", "v": 0.45059943363908173}, {"l": "Mutton & Goat Meat", "v": 0.041168114574528528}, {"l": "Pelagic Fish", "v": 0.50576341331867147}, {"l": "Offals, Edible", "v": 0.033583992551819625}, {"l": "Bovine Meat", "v": 0.42063746863283713}]}, {"source": 6, "prod": 132.0, "target": 15, "value": 0.23397534525530139, "supply": [{"l": "Beverages, Alcoholic", "v": 0.014150055528500001}, {"l": "Wine", "v": 0.15107265167192649}, {"l": "Fish, Body Oil", "v": 0.068752638054874915}]}, {"source": 3, "prod": 3.0, "target": 15, "value": 0.0054681190836520059, "supply": [{"l": "Meat, Other", "v": 0.0033960133268400002}, {"l": "Bovine Meat", "v": 0.0020721057568120053}]}, {"source": 4, "prod": 219.0, "target": 15, "value": 0.79878908553778794, "supply": [{"l": "Rice", "v": 0.084827143228611207}, {"l": "Cereals, Other", "v": 0.024848878001268292}, {"l": "Wheat", "v": 0.016732587582732463}, {"l": "Sorghum", "v": 0.6684729300101927}, {"l": "Millet", "v": 0.003907546714983264}]}, {"source": 8, "prod": 145.0, "target": 15, "value": 0.85312803129757064, "supply": [{"l": "Olives", "v": 0.053221104375850752}, {"l": "Sunflower seed", "v": 0.0055742642991060617}, {"l": "Sesame seed", "v": 0.41742663809075004}, {"l": "Oilcrops, Other", "v": 0.19810077739900003}, {"l": "Cottonseed", "v": 0.050168378691954556}, {"l": "Groundnuts", "v": 0.12863686844090913}]}, {"source": 0, "prod": 1322.0, "target": 15, "value": 0.80377276562367506, "supply": [{"l": "Infant food", "v": 0.0011622222200000001}, {"l": "Nuts", "v": 0.013405315763842107}, {"l": "Citrus, Other", "v": 0.0011320044422800002}, {"l": "Tomatoes", "v": 0.019943960810153344}, {"l": "Treenuts", "v": 0.016756644704802634}, {"l": "Vegetables, Other", "v": 0.043657011619127079}, {"l": "Peas", "v": 0.0047166851761666672}, {"l": "Pimento", "v": 0.0069306394425306117}, {"l": "Dates", "v": 0.054256215955023557}, {"l": "Potatoes", "v": 0.1540419038044594}, {"l": "Beans", "v": 0.029789590586315792}, {"l": "Pulses, Other", "v": 0.04887251651171956}, {"l": "Lemons, Limes", "v": 0.00055611571946069874}, {"l": "Spices, Other", "v": 0.10612541646375}, {"l": "Fruits, Other", "v": 0.016919906964991141}, {"l": "Sweet potatoes", "v": 0.00424501665855}, {"l": "Grapefruit", "v": 0.0023244444400000001}, {"l": "Oranges, Mandarines", "v": 0.25647715711071967}, {"l": "Onions", "v": 0.017365977239522729}, {"l": "Apples", "v": 0.0050940199902600007}]}, {"source": 9, "prod": 20.0, "target": 15, "value": 0.076410299853900007, "supply": [{"l": "Sugar", "v": 0.076410299853900007}]}, {"source": 2, "prod": 392.0, "target": 15, "value": 0.38758121453193739, "supply": [{"l": "Crustaceans", "v": 0.0016980066634200003}, {"l": "Marine Fish, Other", "v": 0.0053062708231875009}, {"l": "Freshwater Fish", "v": 0.0006632838528984375}, {"l": "Fish, Seafood", "v": 0.17805945361544359}, {"l": "Cephalopods", "v": 0.067226528405830738}, {"l": "Pelagic Fish", "v": 0.13462767117115715}]}, {"source": 10, "prod": 40.0, "target": 15, "value": 0.40290421267992105, "supply": [{"l": "Groundnut Oil", "v": 0.020852713410421053}, {"l": "Olive Oil", "v": 0.38205149926949999}]}, {"source": 16, "prod": 242.0, "target": 0, "value": 0.19492436595003865, "supply": [{"l": "Tomatoes", "v": 0.025927149053199351}, {"l": "Coffee", "v": 0.0099882744907058823}, {"l": "Vegetables, Other", "v": 0.0014174354421794505}, {"l": "Pulses, Other", "v": 0.1221812912792989}, {"l": "Fruits, Other", "v": 0.0056399689883303815}, {"l": "Onions", "v": 0.029770246696324679}]}, {"source": 10, "prod": 29.0, "target": 17, "value": 0.29822665467071086, "supply": [{"l": "Soyabean Oil", "v": 0.082116715689983605}, {"l": "Rape and Mustard Oil", "v": 0.21610993898072725}]}, {"source": 3, "prod": 16.0, "target": 17, "value": 0.033153692108992085, "supply": [{"l": "Bovine Meat", "v": 0.033153692108992085}]}, {"source": 2, "prod": 9.0, "target": 17, "value": 0.0096981759125294616, "supply": [{"l": "Fish, Seafood", "v": 0.003633866400315175}, {"l": "Pelagic Fish", "v": 0.0060643095122142861}]}, {"source": 4, "prod": 1290.0, "target": 17, "value": 4.06466342876071, "supply": [{"l": "Barley", "v": 2.8427236642259497}, {"l": "Sorghum", "v": 1.2219397645347607}]}, {"source": 16, "prod": 155.0, "target": 1, "value": 0.1123486817734181, "supply": [{"l": "Crustaceans", "v": 0.0005660022211400001}, {"l": "Milk - Excluding Butter", "v": 0.11178267955227809}]}, {"source": 0, "prod": 79.0, "target": 17, "value": 0.22148660394213734, "supply": [{"l": "Nuts", "v": 0.070377907760171055}, {"l": "Treenuts", "v": 0.070377907760171055}, {"l": "Peas", "v": 0.0047166851761666672}, {"l": "Dates", "v": 0.01683813598604179}, {"l": "Potatoes", "v": 0.0058602898186479128}, {"l": "Beans", "v": 0.048408084702763157}, {"l": "Infant food", "v": 0.0011622222200000001}, {"l": "Grapefruit", "v": 0.0023244444400000001}, {"l": "Oranges, Mandarines", "v": 0.0014209260781757325}]}, {"source": 16, "prod": 45.0, "target": 8, "value": 0.29350645482600762, "supply": [{"l": "Sesame seed", "v": 0.15565061081350001}, {"l": "Groundnuts", "v": 0.012863686844090911}, {"l": "Oilcrops, Other", "v": 0.077825305406750006}, {"l": "Soyabeans", "v": 0.047166851761666677}]}, {"source": 8, "prod": 35.0, "target": 17, "value": 0.19509925046871218, "supply": [{"l": "Cottonseed", "v": 0.19509925046871218}]}, {"source": 16, "prod": 431.0, "target": 11, "value": 2.4810723590865229, "supply": [{"l": "Sugar", "v": 1.0773852279399903}, {"l": "Maize Germ Oil", "v": 0.028300111057000001}, {"l": "Groundnut Oil", "v": 0.072984496936473672}, {"l": "Butter, Ghee", "v": 0.15189999368546386}, {"l": "Palm Oil", "v": 0.0097961922889615409}, {"l": "Sunflowerseed Oil", "v": 0.35960969145678345}, {"l": "Olive Oil", "v": 0.70377907760171066}, {"l": "Oilcrops Oil, Other", "v": 0.062260244325399998}, {"l": "Wine", "v": 0.01123680880204412}, {"l": "Sweeteners, Other", "v": 0.0038205149926950005}]}, {"source": 16, "prod": 249.0, "target": 4, "value": 0.87502582496599768, "supply": [{"l": "Maize", "v": 0.15836331575937826}, {"l": "Rice", "v": 0.080362556742894831}, {"l": "Cereals, Other", "v": 0.037273317001902437}, {"l": "Wheat", "v": 0.59902663546182211}]}, {"source": 1, "prod": 2566.0, "target": 2, "value": 2.5143724639125375, "supply": [{"l": "Pelagic Fish", "v": 1.0078882409300145}, {"l": "Crustaceans", "v": 0.0062260244325400014}, {"l": "Freshwater Fish", "v": 0.10280899719925782}, {"l": "Molluscs, Other", "v": 0.0018169332001575875}, {"l": "Aquatic Plants", "v": 0.0040817467870673078}, {"l": "Demersal Fish", "v": 0.051430009517048084}, {"l": "Aquatic Products, Other", "v": 0.0040817467870673078}, {"l": "Fish, Seafood", "v": 1.1601118483006196}, {"l": "Marine Fish, Other", "v": 0.10688345515277681}, {"l": "Cephalopods", "v": 0.069043461605988329}]}, {"source": 1, "prod": 11443.0, "target": 3, "value": 11.123265457383923, "supply": [{"l": "Poultry Meat", "v": 0.76345325109126261}, {"l": "Pigmeat", "v": 0.0082890857829674564}, {"l": "Bovine Meat", "v": 1.9166978250511053}, {"l": "Eggs", "v": 0.58221582643307301}, {"l": "Milk - Excluding Butter", "v": 6.5189626302533084}, {"l": "Offals, Edible", "v": 0.25523834339382917}, {"l": "Meat, Other", "v": 0.25809701283983999}, {"l": "Mutton & Goat Meat", "v": 0.86453040606509901}]}, {"source": 11, "prod": 1618.0, "target": 6, "value": 6.347071742120292, "supply": [{"l": "Fats, Animals, Raw", "v": 3.8234314163535457}, {"l": "Alcohol, Non-Food", "v": 0.00089813919815621447}, {"l": "Beverages, Fermented", "v": 0.15256202001286298}, {"l": "Fish, Body Oil", "v": 0.068752638054874915}, {"l": "Beer", "v": 0.10297588797514839}, {"l": "Beverages, Alcoholic", "v": 0.17451735151816669}, {"l": "Butter, Ghee", "v": 1.6793388190781839}, {"l": "Wine", "v": 0.34459546992935297}]}, {"source": 11, "prod": 1487.0, "target": 10, "value": 15.278835833600906, "supply": [{"l": "Olive Oil", "v": 1.3874501815576581}, {"l": "Sesameseed Oil", "v": 0.50940199902600003}, {"l": "Soyabean Oil", "v": 3.397579111673072}, {"l": "Coconut Oil", "v": 0.095512874817374999}, {"l": "Cottonseed Oil", "v": 3.7577564407662702}, {"l": "Rape and Mustard Oil", "v": 1.7288795118458182}, {"l": "Maize Germ Oil", "v": 0.056600222114000003}, {"l": "Groundnut Oil", "v": 0.74027132606994728}, {"l": "Palm Oil", "v": 0.67593726793834619}, {"l": "Palmkernel Oil", "v": 0.024257238048857144}, {"l": "Oilcrops Oil, Other", "v": 0.78862976145506658}, {"l": "Sunflowerseed Oil", "v": 2.116559898288497}]}, {"source": 11, "prod": 3601.0, "target": 9, "value": 13.739845418728784, "supply": [{"l": "Honey", "v": 0.050940199902600007}, {"l": "Sweeteners, Other", "v": 0.45846179912340007}, {"l": "Sugar", "v": 13.230443419702784}]}, {"source": 0, "prod": 23722.0, "target": 18, "value": 65.977791859319041, "supply": [{"l": "Vegetables, Other", "v": 25.107486618660005}, {"l": "Pulses, Other", "v": 2.9375166610500001}, {"l": "Beans", "v": 0.20222666628000002}, {"l": "Onions", "v": 3.7934933260800001}, {"l": "Roots, Other", "v": 0.19002333297000001}, {"l": "Tomatoes", "v": 14.182016639550001}, {"l": "Peas", "v": 0.11680333310999999}, {"l": "Yams", "v": 0.20135499961500003}, {"l": "Potatoes", "v": 4.5605599912799999}, {"l": "Sweet potatoes", "v": 0.201354999615}, {"l": "Cassava", "v": 0.21878833291500005}]}, {"source": 5, "prod": 6325.0, "target": 18, "value": 22.053166624499998, "supply": [{"l": "Sugar beet", "v": 4.1853946586640003}, {"l": "Sugar cane", "v": 17.867771965835999}]}, {"source": 4, "prod": 49903.0, "target": 18, "value": 163.56234861587299, "supply": [{"l": "Sorghum", "v": 20.888619960060002}, {"l": "Rice", "v": 11.547839977920001}, {"l": "Wheat", "v": 81.361366511100002}, {"l": "Oats", "v": 0.41334140795748542}, {"l": "Maize", "v": 34.092626601479999}, {"l": "Barley", "v": 22.691226623279999}, {"l": "Cereals, Other", "v": 0.37536450379279102}, {"l": "Rye", "v": 0.020181170839673301}, {"l": "Millet", "v": 2.21751999576}]}, {"source": 8, "prod": 3144.5, "target": 18, "value": 8.6096844598405848, "supply": [{"l": "Coconuts - Incl Copra", "v": 0.038353333259999997}, {"l": "Sesame seed", "v": 0.7391733319199999}, {"l": "Groundnuts", "v": 1.12096333119}, {"l": "Oilcrops, Other", "v": 0.28067666612999997}, {"l": "Soyabeans", "v": 0.61365333216000006}, {"l": "Sunflower seed", "v": 0.10111333314000001}, {"l": "Cottonseed", "v": 3.7655999928000004}, {"l": "Olives", "v": 4.0724266588800004}, {"l": "Rape and Mustardseed", "v": 0.23186333288999997}]}, {"source": 19, "prod": 0, "target": 0, "value": 0.003065730249078654, "supply": "[{\"l\":'Energy for power irrigation',\"v\":0.003065730249078654}]"}, {"source": 19, "prod": 0, "target": 5, "value": 0.002043540155280171, "supply": "[{\"l\":'Energy for power irrigation',\"v\":0.002043540155280171}]"}, {"source": 19, "prod": 0, "target": 4, "value": 0.003224625592693956, "supply": "[{\"l\":'Energy for power irrigation',\"v\":0.003224625592693956}]"}, {"source": 19, "prod": 0, "target": 8, "value": 0.00040638178771721723, "supply": "[{\"l\":'Energy for power irrigation',\"v\":0.00040638178771721723}]"}, {"source": 19, "prod": 0, "target": 11, "value": 1.8260000014608, "supply": "[{\"l\":'Electricity',\"v\":1.8260000014608}]"}, {"source": 20, "prod": 0, "target": 19, "value": 4.0362197528219781, "supply": [{"l": "Coal", "v": 0.15251987843574524}, {"l": "Natural gas", "v": 1.3608564980952911}, {"l": "Oil", "v": 2.5228433762909415}]}, {"source": 21, "prod": 0, "target": 19, "value": 0.1951192428682218, "supply": [{"l": "Nuclear", "v": 0.0}, {"l": "Hydroelectric", "v": 0.1951192428682218}, {"l": "Renewable", "v": 0.0}]}, {"source": 20, "prod": 0, "target": 0, "value": 22.778824045764342, "supply": [{"l": "Motor Gasoline", "v": 0.0043162831728645913}, {"l": "Gas-Diesel oil", "v": 0.85607906812293277}, {"l": "Natural gas (including LNG)", "v": 0.057875219067304001}, {"l": "Fuel oil", "v": 0.10234365338096989}, {"l": "Liquefied petroleum gas (LPG)", "v": 1.7574060347893941}, {"l": "Other fossil fuels", "v": 20.000803787230879}]}, {"source": 20, "prod": 0, "target": 5, "value": 15.183802176192929, "supply": [{"l": "Motor Gasoline", "v": 0.0028771278842813146}, {"l": "Gas-Diesel oil", "v": 0.57064118812468911}, {"l": "Natural gas (including LNG)", "v": 0.038578193301650132}, {"l": "Fuel oil", "v": 0.06821975461961835}, {"l": "Liquefied petroleum gas (LPG)", "v": 1.1714435091943047}, {"l": "Other fossil fuels", "v": 13.332042403068385}]}, {"source": 20, "prod": 0, "target": 4, "value": 23.959439683748798, "supply": [{"l": "Motor Gasoline", "v": 0.0045399940809261801}, {"l": "Gas-Diesel oil", "v": 0.90044923987308656}, {"l": "Natural gas (including LNG)", "v": 0.060874864200229147}, {"l": "Fuel oil", "v": 0.10764807635676883}, {"l": "Liquefied petroleum gas (LPG)", "v": 1.8484915553936248}, {"l": "Other fossil fuels", "v": 21.037435953844163}]}, {"source": 20, "prod": 0, "target": 8, "value": 3.019476107069639, "supply": [{"l": "Motor Gasoline", "v": 0.00057215042732791101}, {"l": "Gas-Diesel oil", "v": 0.11347865397995793}, {"l": "Natural gas (including LNG)", "v": 0.0076717235628166866}, {"l": "Fuel oil", "v": 0.013566293653842839}, {"l": "Liquefied petroleum gas (LPG)", "v": 0.23295520092720892}, {"l": "Other fossil fuels", "v": 2.6512320845184849}]}, {"source": 20, "prod": 0, "target": 1, "value": 0.92492634189293788, "supply": [{"l": "Fossil fuels in fisheries", "v": 0.92492634189293788}]}, {"source": 22, "prod": 300.57135531717523, "target": 0, "value": 4.4373546505761219, "supply": [{"l": "Potash", "v": 0.12603521673561607}, {"l": "Phosphate", "v": 0.68322368151644275}, {"l": "Nitrogen", "v": 11.841466744433568}]}, {"source": 22, "prod": 200.35345063455162, "target": 5, "value": 2.957831144601422, "supply": [{"l": "Potash", "v": 0.12603521673561607}, {"l": "Phosphate", "v": 0.68322368151644275}, {"l": "Nitrogen", "v": 11.841466744433568}]}, {"source": 22, "prod": 316.14982599260173, "target": 4, "value": 4.667340635859123, "supply": [{"l": "Potash", "v": 0.12603521673561607}, {"l": "Phosphate", "v": 0.68322368151644275}, {"l": "Nitrogen", "v": 11.841466744433568}]}, {"source": 22, "prod": 39.842619795753208, "target": 8, "value": 0.5881992116489595, "supply": [{"l": "Potash", "v": 0.12603521673561607}, {"l": "Phosphate", "v": 0.68322368151644275}, {"l": "Nitrogen", "v": 11.841466744433568}]}, {"source": 20, "prod": 0, "target": 22, "value": 15.006327339393838, "supply": [{"l": "Natural gas (including LNG)", "v": 10.207885214406961}, {"l": "Fuel oil", "v": 2.7052119993755239}, {"l": "Liquefied petroleum gas (LPG)", "v": 1.0466150628056772}, {"l": "Coal", "v": 1.0466150628056772}]}, {"source": 23, "prod": 0, "target": 4, "value": 4.8234950755838835, "supply": "[{\"l\":'Labor',\"v\":4.8234950755838835}]"}, {"source": 23, "prod": 0, "target": 8, "value": 0.60787849488702173, "supply": "[{\"l\":'Labor',\"v\":0.60787849488702173}]"}, {"source": 23, "prod": 0, "target": 0, "value": 4.5858144874256412, "supply": "[{\"l\":'Labor',\"v\":4.5858144874256412}]"}, {"source": 23, "prod": 0, "target": 5, "value": 3.0567908094771923, "supply": "[{\"l\":'Labor',\"v\":3.0567908094771923}]"}, {"source": 20, "prod": 0, "target": 14, "value": 49.102280289212757, "supply": "[{\"l\":'Fossil Fuels',\"v\":49.102280289212757}]"}, {"source": 21, "prod": 0, "target": 14, "value": 0.92582770029980566, "supply": "[{\"l\":'Renewables & Nuclear',\"v\":0.41540259542349905},{\"l\":'Biomass & Waste',\"v\":0.51042510487630655}]"}]}