{"nodes": [{"layer": 3, "name": "Cereals", "fill": "#e7ba52"}, {"layer": 5, "name": "Production", "fill": "#b5cf6b"}, {"layer": 3, "name": "Oilcrops", "fill": "#ff9896"}, {"layer": 3, "name": "Fruits, Roots & Vegetables", "fill": "#98df8a"}, {"layer": 3, "name": "Sugar Crops", "fill": "#ffbb78"}, {"layer": 1, "name": "Electricity", "fill": "#bcbd22"}, {"layer": 0, "name": "Fossil Fuels", "fill": "#c49c94"}, {"layer": 0, "name": "Renewables & Nuclear", "fill": "#2ca02c"}, {"layer": 1, "name": "Fertilizers", "fill": "#c5b0d5"}, {"layer": 0, "name": "Labor", "fill": "#7f7f7f"}], "links": [{"source": 0, "prod": 16832.0, "target": 1, "value": 59.630149052608104, "supply": [{"l": "Maize", "v": 10.771932793606467}, {"l": "Rye", "v": 0.0030321547561071426}, {"l": "Barley", "v": 9.4890065803967314}, {"l": "Rice", "v": 7.5723594368391307}, {"l": "Cereals, Other", "v": 0.30988621607415001}, {"l": "Wheat", "v": 20.270535585503747}, {"l": "Oats", "v": 0.15412675867966155}, {"l": "Sorghum", "v": 9.3082614992716053}, {"l": "Millet", "v": 1.7510080274805091}]}, {"source": 2, "prod": 3605.0, "target": 1, "value": 14.508033319073125, "supply": [{"l": "Olives", "v": 2.3929316127085558}, {"l": "Sunflower seed", "v": 0.077388733820571251}, {"l": "Sesame seed", "v": 2.0881090563522675}, {"l": "Groundnuts", "v": 1.9776783491597647}, {"l": "Oilcrops, Other", "v": 0.29938538539247372}, {"l": "Cottonseed", "v": 7.6725401816394916}]}, {"source": 3, "prod": 16848.0, "target": 1, "value": 11.936785933804336, "supply": [{"l": "Roots, Other", "v": 0.048514476097714289}, {"l": "Nuts", "v": 0.069917921434941188}, {"l": "Yams", "v": 0.13061589718615385}, {"l": "Citrus, Other", "v": 0.0032822293751675257}, {"l": "Tomatoes", "v": 0.49740521281705435}, {"l": "Treenuts", "v": 0.069917921434941188}, {"l": "Apples", "v": 0.040563492515033328}, {"l": "Vegetables, Other", "v": 1.4228901885888456}, {"l": "Peas", "v": 0.21103797102505717}, {"l": "Grapes", "v": 1.2485739473481192}, {"l": "Dates", "v": 1.3499495774995884}, {"l": "Potatoes", "v": 0.91278211857992209}, {"l": "Pimento", "v": 0.169800666342}, {"l": "Pineapples", "v": 0.0026257835001340206}, {"l": "Beans", "v": 0.10376707387566668}, {"l": "Pulses, Other", "v": 3.2313635175313875}, {"l": "Lemons, Limes", "v": 0.043629337879541666}, {"l": "Bananas", "v": 0.10831356938052837}, {"l": "Spices, Other", "v": 0.16980066634200003}, {"l": "Fruits, Other", "v": 0.53129937002485517}, {"l": "Sweet potatoes", "v": 0.13220194736627144}, {"l": "Grapefruit", "v": 0.07321999986000001}, {"l": "Oranges, Mandarines", "v": 0.79298491948196626}, {"l": "Onions", "v": 0.4050245305981236}, {"l": "Cassava", "v": 0.16730359771932357}]}, {"source": 4, "prod": 9910.0, "target": 1, "value": 3.3871268185370775, "supply": [{"l": "Sugar beet", "v": 0.58582597043113527}, {"l": "Sugar cane", "v": 2.8013008481059423}]}, {"source": 5, "prod": 0, "target": 3, "value": 0.000345819952026806, "supply": "[{\"l\":'Energy for power irrigation',\"v\":0.000345819952026806}]"}, {"source": 5, "prod": 0, "target": 4, "value": 0.00020034348910239958, "supply": "[{\"l\":'Energy for power irrigation',\"v\":0.00020034348910239958}]"}, {"source": 5, "prod": 0, "target": 0, "value": 0.00037579061020988444, "supply": "[{\"l\":'Energy for power irrigation',\"v\":0.00037579061020988444}]"}, {"source": 5, "prod": 0, "target": 2, "value": 7.2081201856166063e-05, "supply": "[{\"l\":'Energy for power irrigation',\"v\":7.2081201856166063e-05}]"}, {"source": 6, "prod": 0, "target": 5, "value": 0.0019073649681634799, "supply": [{"l": "Coal", "v": 2.0145536200892529e-05}, {"l": "Natural gas", "v": 0.0003606753930584653}, {"l": "Oil", "v": 0.001526544038904122}]}, {"source": 7, "prod": 0, "target": 5, "value": 0.00025581034551898108, "supply": [{"l": "Nuclear", "v": 0.0}, {"l": "Hydroelectric", "v": 0.00025581034551898108}, {"l": "Renewable", "v": 0.0}]}, {"source": 6, "prod": 0, "target": 3, "value": 7.3256211051322149, "supply": [{"l": "Motor Gasoline", "v": 0.0042810419666815614}, {"l": "Gas-Diesel oil", "v": 0.84908942964453937}, {"l": "Natural gas (including LNG)", "v": 0.057402684609680531}, {"l": "Fuel oil", "v": 0.10150804699328017}, {"l": "Liquefied petroleum gas (LPG)", "v": 1.7430573218021017}, {"l": "Other fossil fuels", "v": 4.5702825801159319}]}, {"source": 6, "prod": 0, "target": 4, "value": 4.243943946677204, "supply": [{"l": "Motor Gasoline", "v": 0.0024801312925180792}, {"l": "Gas-Diesel oil", "v": 0.49190203716692299}, {"l": "Natural gas (including LNG)", "v": 0.033255033583650999}, {"l": "Fuel oil", "v": 0.058806544236139742}, {"l": "Liquefied petroleum gas (LPG)", "v": 1.0098034642265186}, {"l": "Other fossil fuels", "v": 2.6476967361714534}]}, {"source": 6, "prod": 0, "target": 0, "value": 7.9604997026043591, "supply": [{"l": "Motor Gasoline", "v": 0.0046520605984835843}, {"l": "Gas-Diesel oil", "v": 0.9226761874750099}, {"l": "Natural gas (including LNG)", "v": 0.062377516828425489}, {"l": "Fuel oil", "v": 0.11030529238481167}, {"l": "Liquefied petroleum gas (LPG)", "v": 1.8941202517431523}, {"l": "Other fossil fuels", "v": 4.9663683935744762}]}, {"source": 6, "prod": 0, "target": 2, "value": 1.5269204986758396, "supply": [{"l": "Motor Gasoline", "v": 0.00089232170771677219}, {"l": "Gas-Diesel oil", "v": 0.17698049581419414}, {"l": "Natural gas (including LNG)", "v": 0.011964765110242951}, {"l": "Fuel oil", "v": 0.02115789439696834}, {"l": "Liquefied petroleum gas (LPG)", "v": 0.36331526253276003}, {"l": "Other fossil fuels", "v": 0.95260975911395729}]}, {"source": 8, "prod": 33.447229943319876, "target": 3, "value": 0.49378365141037278, "supply": [{"l": "Potash", "v": 0.0141405050993972}, {"l": "Phosphate", "v": 0.07665419398435537}, {"l": "Nitrogen", "v": 1.3285518541635308}]}, {"source": 8, "prod": 19.376946611615804, "target": 4, "value": 0.28606313489283258, "supply": [{"l": "Potash", "v": 0.0141405050993972}, {"l": "Phosphate", "v": 0.07665419398435537}, {"l": "Nitrogen", "v": 1.3285518541635308}]}, {"source": 8, "prod": 36.34595076589509, "target": 0, "value": 0.53657765721043571, "supply": [{"l": "Potash", "v": 0.0141405050993972}, {"l": "Phosphate", "v": 0.07665419398435537}, {"l": "Nitrogen", "v": 1.3285518541635308}]}, {"source": 8, "prod": 6.9715946663689348, "target": 2, "value": 0.10292210973364223, "supply": [{"l": "Potash", "v": 0.0141405050993972}, {"l": "Phosphate", "v": 0.07665419398435537}, {"l": "Nitrogen", "v": 1.3285518541635308}]}, {"source": 6, "prod": 0, "target": 8, "value": 1.6836329857792656, "supply": [{"l": "Natural gas (including LNG)", "v": 1.1452723823308408}, {"l": "Fuel oil", "v": 0.30351091593997487}, {"l": "Liquefied petroleum gas (LPG)", "v": 0.11742484375422496}, {"l": "Coal", "v": 0.11742484375422496}]}, {"source": 9, "prod": 0, "target": 3, "value": 2.6965722021159579, "supply": "[{\"l\":'Labor',\"v\":2.6965722021159579}]"}, {"source": 9, "prod": 0, "target": 4, "value": 1.562202181864208, "supply": "[{\"l\":'Labor',\"v\":1.562202181864208}]"}, {"source": 9, "prod": 0, "target": 0, "value": 2.9302719735199627, "supply": "[{\"l\":'Labor',\"v\":2.9302719735199627}]"}, {"source": 9, "prod": 0, "target": 2, "value": 0.56206174363641104, "supply": "[{\"l\":'Labor',\"v\":0.56206174363641104}]"}]}