{"nodes": [{"layer": 5, "name": "Sugar Crops", "fill": "#ffbb78"}, {"layer": 10, "name": "Feed", "fill": "#dbdb8d"}, {"layer": 5, "name": "Fruits & Vegetables"}, {"layer": 13, "name": "Animal Products", "fill": "#17becf"}, {"layer": 5, "name": "Cereals", "fill": "#e7ba52"}, {"layer": 13, "name": "Other Processed", "fill": "#9c9ede"}, {"layer": 16, "name": "Food", "fill": "#b5cf6b"}, {"layer": 5, "name": "Oilcrops", "fill": "#ff9896"}, {"layer": 13, "name": "Sugar", "fill": "#d6616b"}, {"layer": 5, "name": "Starchy Roots"}, {"layer": 5, "name": "Others"}, {"layer": 13, "name": "Aquatic Products", "fill": "#1f77b4"}, {"layer": 13, "name": "Vegetable Oils", "fill": "#f7b6d2"}, {"layer": 10, "name": "Processing", "fill": "#9edae5"}, {"layer": 16, "name": "Biofuels & Other", "fill": "#e7ba52"}, {"name": "Waste", "fill": "#c7c7c7"}, {"layer": 2, "name": "Import", "fill": "#aec7e8"}, {"layer": 16, "name": "Export", "fill": "#aec7e8"}, {"layer": 0, "name": "Stock Draw", "fill": "#c7c7c7"}, {"layer": 16, "name": "Stock Deposit", "fill": "#c7c7c7"}, {"name": "Crop Residue", "fill": "#bd9e39"}, {"layer": 2, "name": "Electricity", "fill": "#bcbd22"}, {"layer": 0, "name": "Fossil Fuels", "fill": "#c49c94"}, {"layer": 0, "name": "Renewables & Nuclear", "fill": "#2ca02c"}, {"layer": 2, "name": "Fertilizers", "fill": "#c5b0d5"}, {"layer": 0, "name": "Labor", "fill": "#7f7f7f"}], "links": [{"source": 0, "prod": 544.0, "target": 1, "value": 0.17650617036314908, "supply": [{"l": "Sugar cane", "v": 0.17650617036314908}]}, {"source": 2, "prod": 81.0, "target": 1, "value": 0.2009076871376784, "supply": [{"l": "Dates", "v": 0.04003886253903171}, {"l": "Vegetables, Other", "v": 0.0058979107755986505}, {"l": "Pulses, Other", "v": 0.15497091382304803}]}, {"source": 3, "prod": 344.0, "target": 1, "value": 0.23613713477230558, "supply": [{"l": "Milk - Excluding Butter", "v": 0.23613713477230558}]}, {"source": 4, "prod": 1210.0, "target": 1, "value": 4.2929502939632114, "supply": [{"l": "Maize", "v": 1.166498998246472}, {"l": "Wheat", "v": 0.74228509125338249}, {"l": "Oats", "v": 0.074637655534945044}, {"l": "Millet", "v": 0.0038726467762210531}, {"l": "Barley", "v": 0.40310727442866023}, {"l": "Rice", "v": 0.10235158356586124}, {"l": "Sorghum", "v": 1.7322767776208701}, {"l": "Cereals, Other", "v": 0.0679202665368}]}, {"source": 5, "prod": 519.0, "target": 6, "value": 1.1631111548732245, "supply": [{"l": "Beer", "v": 0.087584928686288546}, {"l": "Beverages, Alcoholic", "v": 0.027467754849441178}, {"l": "Fats, Animals, Raw", "v": 0.37709897983452501}, {"l": "Butter, Ghee", "v": 0.58264934529117651}, {"l": "Wine", "v": 0.029829846789810811}, {"l": "Beverages, Fermented", "v": 0.058480299421982511}]}, {"source": 3, "prod": 4009.0, "target": 6, "value": 4.1210300271043119, "supply": [{"l": "Mutton & Goat Meat", "v": 0.58322837569643471}, {"l": "Pigmeat", "v": 0.058551953911034495}, {"l": "Meat, Other", "v": 0.14572445245768656}, {"l": "Poultry Meat", "v": 0.23347591622024999}, {"l": "Milk - Excluding Butter", "v": 2.0174623229529249}, {"l": "Offals, Edible", "v": 0.11755430746753845}, {"l": "Bovine Meat", "v": 0.84726772012899143}, {"l": "Eggs", "v": 0.11776497826945162}]}, {"source": 4, "prod": 10188.0, "target": 6, "value": 35.742420057252986, "supply": [{"l": "Maize", "v": 5.7333028995447357}, {"l": "Rye", "v": 0.0030513861816215647}, {"l": "Barley", "v": 2.8366808200535347}, {"l": "Rice", "v": 2.9815461299620454}, {"l": "Cereals, Other", "v": 0.028300111057000001}, {"l": "Wheat", "v": 19.710678436660764}, {"l": "Oats", "v": 0.0046648534709340652}, {"l": "Sorghum", "v": 3.6851566521830206}, {"l": "Millet", "v": 0.75903876813932636}]}, {"source": 7, "prod": 134.0, "target": 6, "value": 0.68261907536537625, "supply": [{"l": "Olives", "v": 0.05788659079840909}, {"l": "Coconuts - Incl Copra", "v": 0.013117648043587983}, {"l": "Sesame seed", "v": 0.35107435068008108}, {"l": "Groundnuts", "v": 0.17394214600887806}, {"l": "Oilcrops, Other", "v": 0.086598339834420002}]}, {"source": 0, "prod": 541.0, "target": 6, "value": 0.17553279074717584, "supply": [{"l": "Sugar cane", "v": 0.17553279074717584}]}, {"source": 8, "prod": 1148.0, "target": 6, "value": 4.7947839700416157, "supply": [{"l": "Sugar", "v": 4.5327344542961674}, {"l": "Sweeteners, Other", "v": 0.23172796818437646}, {"l": "Honey", "v": 0.030321547561071433}]}, {"source": 9, "prod": 1095.0, "target": 6, "value": 1.0539722054069542, "supply": [{"l": "Roots, Other", "v": 0.02971511660985}, {"l": "Yams", "v": 0.08747307053981819}, {"l": "Potatoes", "v": 0.61416759121194153}, {"l": "Sweet potatoes", "v": 0.088408611401206622}, {"l": "Cassava", "v": 0.23420781564413798}]}, {"source": 2, "prod": 7159.0, "target": 6, "value": 4.5722532043249977, "supply": [{"l": "Tomatoes", "v": 0.23400552482448372}, {"l": "Treenuts", "v": 0.057610940366035729}, {"l": "Apples", "v": 0.029218945831577928}, {"l": "Vegetables, Other", "v": 0.84795871741902418}, {"l": "Peas", "v": 0.029388576866884616}, {"l": "Grapes", "v": 0.17563173318066755}, {"l": "Dates", "v": 0.99525172597021683}, {"l": "Pineapples", "v": 0.0011577318159681819}, {"l": "Beans", "v": 0.059929646944235297}, {"l": "Pulses, Other", "v": 1.2846273119542142}, {"l": "Lemons, Limes", "v": 0.029361365221637504}, {"l": "Bananas", "v": 0.087827930866551732}, {"l": "Fruits, Other", "v": 0.35079274023835905}, {"l": "Grapefruit", "v": 0.038353333260000004}, {"l": "Oranges, Mandarines", "v": 0.14625408956410546}, {"l": "Onions", "v": 0.20488289000103582}]}, {"source": 10, "prod": 169.0, "target": 6, "value": 0.27483685289495663, "supply": [{"l": "Nuts", "v": 0.058777153733769232}, {"l": "Cocoa Beans", "v": 0.0053062708231875}, {"l": "Coffee", "v": 0.029340556316448538}, {"l": "Pimento", "v": 0.1188604664394}, {"l": "Pepper", "v": 0.0034866666600000002}, {"l": "Infant food", "v": 0.0011622222200000001}, {"l": "Spices, Other", "v": 0.028300111057000001}, {"l": "Tea", "v": 0.029603405645151321}]}, {"source": 11, "prod": 382.0, "target": 6, "value": 0.3221291654758936, "supply": [{"l": "Freshwater Fish", "v": 0.05826493452911765}, {"l": "Crustaceans", "v": 0.01313933727646429}, {"l": "Marine Fish, Other", "v": 0.028990357668146342}, {"l": "Demersal Fish", "v": 0.016290838837239852}, {"l": "Fish, Seafood", "v": 0.14582701111205934}, {"l": "Pelagic Fish", "v": 0.058089701643315797}, {"l": "Cephalopods", "v": 0.0015269844095503597}]}, {"source": 12, "prod": 334.0, "target": 6, "value": 3.4711850075975739, "supply": [{"l": "Groundnut Oil", "v": 0.41388912420862506}, {"l": "Soyabean Oil", "v": 0.29310829309035719}, {"l": "Palm Oil", "v": 0.009988274490705884}, {"l": "Sunflowerseed Oil", "v": 0.20163829128112501}, {"l": "Olive Oil", "v": 0.56246470725787501}, {"l": "Coconut Oil", "v": 0.060643095122142866}, {"l": "Rape and Mustard Oil", "v": 0.32898879103762502}, {"l": "Oilcrops Oil, Other", "v": 0.02122508329275}, {"l": "Sesameseed Oil", "v": 0.14471647699602275}, {"l": "Cottonseed Oil", "v": 1.434522870820345}]}, {"source": 5, "prod": 40.0, "target": 13, "value": 0.045892071984324323, "supply": [{"l": "Wine", "v": 0.045892071984324323}]}, {"source": 4, "prod": 103.0, "target": 13, "value": 0.36944877871427273, "supply": [{"l": "Maize", "v": 0.15077197936519027}, {"l": "Barley", "v": 0.077635475075149382}, {"l": "Sorghum", "v": 0.14104132427393307}]}, {"source": 7, "prod": 1301.0, "target": 13, "value": 5.8166457779389997, "supply": [{"l": "Sunflower seed", "v": 0.011306239490577073}, {"l": "Olives", "v": 0.82777824841725012}, {"l": "Soyabeans", "v": 0.047987144835782612}, {"l": "Sesame seed", "v": 0.29600386429889192}, {"l": "Cottonseed", "v": 3.8441214267962045}, {"l": "Rape and Mustardseed", "v": 0.40702462166077458}, {"l": "Groundnuts", "v": 0.34167207251743903}, {"l": "Oilcrops, Other", "v": 0.040752159922080006}]}, {"source": 0, "prod": 3243.0, "target": 13, "value": 1.0522233648670818, "supply": [{"l": "Sugar beet", "v": 0.034068286559063701}, {"l": "Sugar cane", "v": 1.018155078308018}]}, {"source": 8, "prod": 26.0, "target": 13, "value": 0.10861852148543809, "supply": [{"l": "Sugar", "v": 0.10861852148543809}]}, {"source": 2, "prod": 2291.0, "target": 13, "value": 1.6030768952864918, "supply": [{"l": "Grapes", "v": 1.6030768952864918}]}, {"source": 5, "prod": 94.0, "target": 14, "value": 0.41131109180592579, "supply": [{"l": "Beer", "v": 0.0010067233182332017}, {"l": "Beverages, Alcoholic", "v": 0.057432578321558833}, {"l": "Wine", "v": 0.040155562986283783}, {"l": "Fats, Animals, Raw", "v": 0.31271622717984998}]}, {"source": 3, "prod": 1.0, "target": 14, "value": 0.00068644515922181861, "supply": [{"l": "Milk - Excluding Butter", "v": 0.00068644515922181861}]}, {"source": 4, "prod": 45.0, "target": 14, "value": 0.19639401681555599, "supply": [{"l": "Maize", "v": 0.031741469340040053}, {"l": "Rice", "v": 0.16465254747551594}]}, {"source": 7, "prod": 4.0, "target": 14, "value": 0.020935179716068539, "supply": [{"l": "Cottonseed", "v": 0.0056531197452885365}, {"l": "Oilcrops, Other", "v": 0.015282059970780002}]}, {"source": 2, "prod": 5.0, "target": 14, "value": 0.0061746689854785099, "supply": [{"l": "Dates", "v": 0.0019066125018586527}, {"l": "Treenuts", "v": 0.0030321547561071431}, {"l": "Vegetables, Other", "v": 0.00053617370687260464}, {"l": "Grapes", "v": 0.00069972802064010989}]}, {"source": 10, "prod": 1.0, "target": 14, "value": 0.0032653974296538461, "supply": [{"l": "Nuts", "v": 0.0032653974296538461}]}, {"source": 11, "prod": 39.0, "target": 14, "value": 0.036351795420643901, "supply": [{"l": "Aquatic Products, Other", "v": 0.017743398180644188}, {"l": "Fish, Seafood", "v": 0.00076349220477517983}, {"l": "Aquatic Plants", "v": 0.016809535118505022}, {"l": "Marine Fish, Other", "v": 0.0010353699167195121}]}, {"source": 12, "prod": 22.0, "target": 14, "value": 0.22657925050047689, "supply": [{"l": "Olive Oil", "v": 0.02122508329275}, {"l": "Rape and Mustard Oil", "v": 0.02122508329275}, {"l": "Palmkernel Oil", "v": 0.010612541646375}, {"l": "Oilcrops Oil, Other", "v": 0.053062708231874998}, {"l": "Soyabean Oil", "v": 0.050535912601785721}, {"l": "Palm Oil", "v": 0.069917921434941188}]}, {"source": 3, "prod": 9.0, "target": 3, "value": 0.012324241911919356, "supply": [{"l": "Eggs", "v": 0.012324241911919356}]}, {"source": 4, "prod": 803.0, "target": 4, "value": 2.6859000861525528, "supply": [{"l": "Maize", "v": 0.32138237706790557}, {"l": "Wheat", "v": 1.5547863397874904}, {"l": "Oats", "v": 0.020991840619203294}, {"l": "Millet", "v": 0.015490587104884213}, {"l": "Barley", "v": 0.58525204287420307}, {"l": "Rice", "v": 0.097901514715171653}, {"l": "Sorghum", "v": 0.075945328455194736}, {"l": "Cereals, Other", "v": 0.014150055528500001}]}, {"source": 7, "prod": 57.0, "target": 7, "value": 0.32591989863852688, "supply": [{"l": "Cottonseed", "v": 0.26004350828327266}, {"l": "Sesame seed", "v": 0.020651432392945947}, {"l": "Groundnuts", "v": 0.024848878001268292}, {"l": "Oilcrops, Other", "v": 0.020376079961040003}]}, {"source": 0, "prod": 61.0, "target": 0, "value": 0.019792052191456053, "supply": [{"l": "Sugar cane", "v": 0.019792052191456053}]}, {"source": 9, "prod": 177.0, "target": 9, "value": 0.1669258978148673, "supply": [{"l": "Potatoes", "v": 0.10843120545655573}, {"l": "Roots, Other", "v": 0.0028300111056999999}, {"l": "Yams", "v": 0.051454747376363637}, {"l": "Sweet potatoes", "v": 0.0042099338762479335}]}, {"source": 2, "prod": 62.0, "target": 2, "value": 0.2520344959350731, "supply": [{"l": "Peas", "v": 0.0032653974296538461}, {"l": "Pulses, Other", "v": 0.24876909850541926}]}, {"source": 5, "prod": 10.0, "target": 15, "value": 0.011473017996081081, "supply": [{"l": "Wine", "v": 0.011473017996081081}]}, {"source": 3, "prod": 129.0, "target": 15, "value": 0.091966000805682929, "supply": [{"l": "Milk - Excluding Butter", "v": 0.085119199743505514}, {"l": "Eggs", "v": 0.0068468010621774199}]}, {"source": 4, "prod": 981.0, "target": 15, "value": 3.4785002645305272, "supply": [{"l": "Maize", "v": 0.75385989682595134}, {"l": "Oats", "v": 0.0069972802064010983}, {"l": "Barley", "v": 0.28665406181593622}, {"l": "Rice", "v": 0.22250344253448101}, {"l": "Sorghum", "v": 0.78476839403701215}, {"l": "Cereals, Other", "v": 0.0056600222113999997}, {"l": "Wheat", "v": 1.3909486394657977}, {"l": "Millet", "v": 0.027108527433547368}]}, {"source": 7, "prod": 49.0, "target": 15, "value": 0.23278468596528434, "supply": [{"l": "Olives", "v": 0.028943295399204545}, {"l": "Cottonseed", "v": 0.039571838217019761}, {"l": "Sesame seed", "v": 0.061954297178837846}, {"l": "Rape and Mustardseed", "v": 0.039571838217019761}, {"l": "Groundnuts", "v": 0.037273317001902437}, {"l": "Oilcrops, Other", "v": 0.025470099951300004}]}, {"source": 0, "prod": 43.0, "target": 15, "value": 0.013951774495616564, "supply": [{"l": "Sugar beet", "v": 0.00032445987199108289}, {"l": "Sugar cane", "v": 0.013627314623625481}]}, {"source": 9, "prod": 161.0, "target": 15, "value": 0.15224478476142264, "supply": [{"l": "Potatoes", "v": 0.096015418572217279}, {"l": "Yams", "v": 0.01543642421290909}, {"l": "Roots, Other", "v": 0.00424501665855}, {"l": "Sweet potatoes", "v": 0.010524834690619836}, {"l": "Cassava", "v": 0.026023090627126443}]}, {"source": 2, "prod": 885.0, "target": 15, "value": 0.52805962255592187, "supply": [{"l": "Vegetables, Other", "v": 0.10106874374548597}, {"l": "Grapes", "v": 0.012595104371521977}, {"l": "Fruits, Other", "v": 0.049203602178647728}, {"l": "Dates", "v": 0.12202320011895378}, {"l": "Grapefruit", "v": 0.0069733333200000004}, {"l": "Beans", "v": 0.009988274490705884}, {"l": "Tomatoes", "v": 0.028680342875424186}, {"l": "Lemons, Limes", "v": 0.00424501665855}, {"l": "Bananas", "v": 0.011919504903317737}, {"l": "Apples", "v": 0.0022052034589870131}, {"l": "Peas", "v": 0.0032653974296538461}, {"l": "Oranges, Mandarines", "v": 0.02420986063079297}, {"l": "Onions", "v": 0.029336580092527074}, {"l": "Pulses, Other", "v": 0.12234545828135374}]}, {"source": 10, "prod": 3.0, "target": 15, "value": 0.0096220377593799998, "supply": [{"l": "Pimento", "v": 0.0067920266536800004}, {"l": "Spices, Other", "v": 0.0028300111056999999}]}, {"source": 16, "prod": 120.0, "target": 10, "value": 0.10119134114804063, "supply": [{"l": "Nuts", "v": 0.0065307948593076922}, {"l": "Coffee", "v": 0.032461892094794123}, {"l": "Cocoa Beans", "v": 0.0053062708231875}, {"l": "Pimento", "v": 0.0169800666342}, {"l": "Pepper", "v": 0.0034866666600000002}, {"l": "Spices, Other", "v": 0.0056600222113999997}, {"l": "Tea", "v": 0.029603405645151321}, {"l": "Infant food", "v": 0.0011622222200000001}]}, {"source": 16, "prod": 453.0, "target": 1, "value": 0.43732703442939913, "supply": [{"l": "Pigmeat", "v": 0.049769160824379315}, {"l": "Crustaceans", "v": 0.0030321547561071431}, {"l": "Eggs", "v": 0.010954881699483872}, {"l": "Marine Fish, Other", "v": 0.0082829593337560969}, {"l": "Demersal Fish", "v": 0.0025062828980369008}, {"l": "Mutton & Goat Meat", "v": 0.022147913001130434}, {"l": "Milk - Excluding Butter", "v": 0.20867932840343287}, {"l": "Fish, Seafood", "v": 0.029776195986232015}, {"l": "Pelagic Fish", "v": 0.025693521880697373}, {"l": "Poultry Meat", "v": 0.012381298587437502}, {"l": "Offals, Edible", "v": 0.0011874172471468532}, {"l": "Bovine Meat", "v": 0.062915919811558779}]}, {"source": 16, "prod": 1150.0, "target": 13, "value": 5.6650382351854489, "supply": [{"l": "Sugar", "v": 3.7556942621311094}, {"l": "Beer", "v": 0.027181529592296444}, {"l": "Groundnut Oil", "v": 0.15918812469562502}, {"l": "Beverages, Alcoholic", "v": 0.0074912058680294122}, {"l": "Butter, Ghee", "v": 0.1165298690582353}, {"l": "Fats, Animals, Raw", "v": 0.524259557330925}, {"l": "Soyabean Oil", "v": 0.3335370231717858}, {"l": "Palm Oil", "v": 0.099882744907058854}, {"l": "Sunflowerseed Oil", "v": 0.20163829128112501}, {"l": "Olive Oil", "v": 0.02122508329275}, {"l": "Coconut Oil", "v": 0.060643095122142866}, {"l": "Rape and Mustard Oil", "v": 0.084900333171}, {"l": "Oilcrops Oil, Other", "v": 0.0424501665855}, {"l": "Wine", "v": 0.0011473017996081081}, {"l": "Sweeteners, Other", "v": 0.023971858777694116}, {"l": "Cottonseed Oil", "v": 0.19468524675418969}, {"l": "Palmkernel Oil", "v": 0.010612541646375}]}, {"source": 16, "prod": 3045.0, "target": 4, "value": 10.114043595033788, "supply": [{"l": "Maize", "v": 0.43247751975804583}, {"l": "Barley", "v": 1.143630267453162}, {"l": "Rice", "v": 0.048950757357585827}, {"l": "Cereals, Other", "v": 0.0339601332684}, {"l": "Wheat", "v": 8.402533487926803}, {"l": "Oats", "v": 0.016326987148269231}, {"l": "Sorghum", "v": 0.036164442121521298}]}, {"source": 16, "prod": 186.0, "target": 2, "value": 0.29560185174072878, "supply": [{"l": "Vegetables, Other", "v": 0.0048255633618534419}, {"l": "Tomatoes", "v": 0.0023900285729520155}, {"l": "Treenuts", "v": 0.0030321547561071431}, {"l": "Peas", "v": 0.0065307948593076922}, {"l": "Grapes", "v": 0.0097961922889615374}, {"l": "Dates", "v": 0.02859918752787979}, {"l": "Beans", "v": 0.039953097962823536}, {"l": "Apples", "v": 0.015987725077655845}, {"l": "Bananas", "v": 0.018820270899975372}, {"l": "Fruits, Other", "v": 0.0075252568037931823}, {"l": "Oranges, Mandarines", "v": 0.00033164192644921875}, {"l": "Onions", "v": 0.0028390238799219747}, {"l": "Pulses, Other", "v": 0.15497091382304803}]}, {"source": 16, "prod": 145.0, "target": 7, "value": 0.79735227040832879, "supply": [{"l": "Olives", "v": 0.0019295530266136365}, {"l": "Coconuts - Incl Copra", "v": 0.013117648043587983}, {"l": "Sesame seed", "v": 0.089489540369432435}, {"l": "Groundnuts", "v": 0.19257880450982928}, {"l": "Soyabeans", "v": 0.047987144835782612}, {"l": "Rape and Mustardseed", "v": 0.45224957962308288}]}, {"source": 16, "prod": 316.0, "target": 9, "value": 0.26155924369672984, "supply": [{"l": "Potatoes", "v": 0.26155924369672984}]}, {"source": 5, "prod": 1586.0, "target": 17, "value": 1.8500736433182534, "supply": [{"l": "Wine", "v": 1.8150314469800271}, {"l": "Fish, Body Oil", "v": 0.035042196338226465}]}, {"source": 3, "prod": 5.0, "target": 17, "value": 0.0054809709557500901, "supply": [{"l": "Eggs", "v": 0.0041080806373064525}, {"l": "Milk - Excluding Butter", "v": 0.0013728903184436372}]}, {"source": 4, "prod": 560.0, "target": 17, "value": 2.1654879269691008, "supply": [{"l": "Maize", "v": 0.059515255012575111}, {"l": "Barley", "v": 0.13436909147622009}, {"l": "Rice", "v": 1.1125172126724048}, {"l": "Cereals, Other", "v": 0.0679202665368}, {"l": "Wheat", "v": 0.36445529255233644}, {"l": "Sorghum", "v": 0.37249375385166933}, {"l": "Millet", "v": 0.054217054867094737}]}, {"source": 7, "prod": 309.0, "target": 17, "value": 1.7799348998315363, "supply": [{"l": "Olives", "v": 0.046309272638727278}, {"l": "Sesame seed", "v": 0.44744770184716226}, {"l": "Oilcrops, Other", "v": 0.066222259873380013}, {"l": "Cottonseed", "v": 0.66706812994404729}, {"l": "Groundnuts", "v": 0.55288753552821956}]}, {"source": 0, "prod": 1.0, "target": 17, "value": 0.00032445987199108289, "supply": [{"l": "Sugar beet", "v": 0.00032445987199108289}]}, {"source": 8, "prod": 84.0, "target": 17, "value": 0.35073905146133477, "supply": [{"l": "Sugar", "v": 0.3467437416650524}, {"l": "Sweeteners, Other", "v": 0.0039953097962823533}]}, {"source": 9, "prod": 178.0, "target": 17, "value": 0.14733400436081617, "supply": [{"l": "Potatoes", "v": 0.14733400436081617}]}, {"source": 2, "prod": 1301.0, "target": 17, "value": 0.86378511908194766, "supply": [{"l": "Citrus, Other", "v": 0.0011577318159681819}, {"l": "Tomatoes", "v": 0.035633153269466415}, {"l": "Treenuts", "v": 0.027289392804964292}, {"l": "Vegetables, Other", "v": 0.037532159481082322}, {"l": "Peas", "v": 0.062042551163423082}, {"l": "Grapes", "v": 0.0055978241651208792}, {"l": "Dates", "v": 0.09533062509293265}, {"l": "Beans", "v": 0.019976548981411768}, {"l": "Apples", "v": 0.00055130086474675327}, {"l": "Lemons, Limes", "v": 0.0049525194349750003}, {"l": "Bananas", "v": 0.0012546847266650249}, {"l": "Fruits, Other", "v": 0.020839172687427271}, {"l": "Grapefruit", "v": 0.018595555520000001}, {"l": "Oranges, Mandarines", "v": 0.20163829128112501}, {"l": "Onions", "v": 0.078546327344507963}, {"l": "Pulses, Other", "v": 0.25284728044813104}]}, {"source": 10, "prod": 17.0, "target": 17, "value": 0.054292674597044614, "supply": [{"l": "Nuts", "v": 0.029388576866884616}, {"l": "Pimento", "v": 0.013584053307360001}, {"l": "Spices, Other", "v": 0.011320044422799999}]}, {"source": 11, "prod": 334.0, "target": 17, "value": 0.31196117864616363, "supply": [{"l": "Crustaceans", "v": 0.0030321547561071431}, {"l": "Marine Fish, Other", "v": 0.0010353699167195121}, {"l": "Freshwater Fish", "v": 0.0024970686226764701}, {"l": "Pelagic Fish", "v": 0.17650332422392107}, {"l": "Fish, Seafood", "v": 0.12750319819745504}, {"l": "Cephalopods", "v": 0.00076349220477517983}, {"l": "Demersal Fish", "v": 0.0006265707245092252}]}, {"source": 12, "prod": 55.0, "target": 17, "value": 0.58016336605371044, "supply": [{"l": "Groundnut Oil", "v": 0.010612541646375}, {"l": "Olive Oil", "v": 0.48817691573325001}, {"l": "Sesameseed Oil", "v": 0.0096477651330681823}, {"l": "Cottonseed Oil", "v": 0.071726143541017251}]}, {"source": 18, "prod": 127.0, "target": 2, "value": 0.24643131251666206, "supply": [{"l": "Dates", "v": 0.20210092519701717}, {"l": "Fruits, Other", "v": 0.0028943295399204549}, {"l": "Beans", "v": 0.034958960717470594}, {"l": "Vegetables, Other", "v": 0.0010723474137452093}, {"l": "Oranges, Mandarines", "v": 0.001326567705796875}, {"l": "Pulses, Other", "v": 0.0040781819427117907}]}, {"source": 12, "prod": 31.0, "target": 19, "value": 0.32606119334207329, "supply": [{"l": "Olive Oil", "v": 0.244088457866625}, {"l": "Cottonseed Oil", "v": 0.081972735475448283}]}, {"source": 4, "prod": 1801.0, "target": 19, "value": 6.409423056574747, "supply": [{"l": "Maize", "v": 0.7935367335010014}, {"l": "Barley", "v": 0.23589240503603082}, {"l": "Rice", "v": 1.1703681077313699}, {"l": "Wheat", "v": 4.2096258103063446}]}, {"source": 18, "prod": 1.0, "target": 1, "value": 0.00068644515922181861, "supply": [{"l": "Milk - Excluding Butter", "v": 0.00068644515922181861}]}, {"source": 18, "prod": 171.0, "target": 7, "value": 1.098129004136319, "supply": [{"l": "Cottonseed", "v": 0.16959359235865609}, {"l": "Sesame seed", "v": 0.58512391780013506}, {"l": "Groundnuts", "v": 0.32303541401648789}, {"l": "Oilcrops, Other", "v": 0.020376079961040003}]}, {"source": 18, "prod": 8.0, "target": 10, "value": 0.010471917255519009, "supply": [{"l": "Pimento", "v": 0.0067920266536800004}, {"l": "Coffee", "v": 0.0031213357783455892}, {"l": "Tea", "v": 0.00055855482349342119}]}, {"source": 18, "prod": 106.0, "target": 13, "value": 0.3729523909774235, "supply": [{"l": "Sugar", "v": 0.23812522017961432}, {"l": "Groundnut Oil", "v": 0.010612541646375}, {"l": "Wine", "v": 0.045892071984324323}, {"l": "Sesameseed Oil", "v": 0.048238825665340906}, {"l": "Soyabean Oil", "v": 0.010107182520357146}, {"l": "Palm Oil", "v": 0.019976548981411768}]}, {"source": 18, "prod": 303.0, "target": 4, "value": 1.0919305438520401, "supply": [{"l": "Oats", "v": 0.0069972802064010983}, {"l": "Sorghum", "v": 1.084933263645639}]}, {"source": 1, "prod": 755.0, "target": 11, "value": 0.67044213954270115, "supply": [{"l": "Pelagic Fish", "v": 0.23459302586723685}, {"l": "Crustaceans", "v": 0.016171492032571434}, {"l": "Freshwater Fish", "v": 0.060762003151794121}, {"l": "Aquatic Plants", "v": 0.016809535118505022}, {"l": "Demersal Fish", "v": 0.016917409561749079}, {"l": "Aquatic Products, Other", "v": 0.017743398180644188}, {"l": "Fish, Seafood", "v": 0.27409370151428958}, {"l": "Marine Fish, Other", "v": 0.031061097501585363}, {"l": "Cephalopods", "v": 0.0022904766143255397}]}, {"source": 1, "prod": 4488.0, "target": 3, "value": 4.4553005787972717, "supply": [{"l": "Poultry Meat", "v": 0.23347591622024999}, {"l": "Pigmeat", "v": 0.058551953911034495}, {"l": "Bovine Meat", "v": 0.84726772012899143}, {"l": "Eggs", "v": 0.14104410188085484}, {"l": "Milk - Excluding Butter", "v": 2.3407779929464017}, {"l": "Offals, Edible", "v": 0.11755430746753845}, {"l": "Meat, Other", "v": 0.14572445245768656}, {"l": "Mutton & Goat Meat", "v": 0.58322837569643471}]}, {"source": 13, "prod": 2249.0, "target": 5, "value": 3.4818609799778093, "supply": [{"l": "Fats, Animals, Raw", "v": 0.68981520701437504}, {"l": "Beverages, Fermented", "v": 0.058480299421982511}, {"l": "Fish, Body Oil", "v": 0.035042196338226465}, {"l": "Beer", "v": 0.088591652004521751}, {"l": "Beverages, Alcoholic", "v": 0.084900333171000014}, {"l": "Butter, Ghee", "v": 0.58264934529117651}, {"l": "Wine", "v": 1.9423819467365271}]}, {"source": 13, "prod": 442.0, "target": 12, "value": 4.6039888174938346, "supply": [{"l": "Olive Oil", "v": 1.3159551641504998}, {"l": "Sesameseed Oil", "v": 0.15436424212909092}, {"l": "Soyabean Oil", "v": 0.34364420569214293}, {"l": "Coconut Oil", "v": 0.060643095122142866}, {"l": "Rape and Mustard Oil", "v": 0.35021387433037504}, {"l": "Cottonseed Oil", "v": 1.5882217498368105}, {"l": "Groundnut Oil", "v": 0.42450166585500004}, {"l": "Palm Oil", "v": 0.079906195925647072}, {"l": "Palmkernel Oil", "v": 0.010612541646375}, {"l": "Oilcrops Oil, Other", "v": 0.074287791524625002}, {"l": "Sunflowerseed Oil", "v": 0.20163829128112501}]}, {"source": 13, "prod": 1258.0, "target": 8, "value": 5.2541415429883882, "supply": [{"l": "Honey", "v": 0.030321547561071433}, {"l": "Sweeteners, Other", "v": 0.23572327798065881}, {"l": "Sugar", "v": 4.9880967174466573}]}, {"source": 9, "prod": 726.25, "target": 20, "value": 1.8824091307899764, "supply": [{"l": "Roots, Other", "v": 0.044454999915000008}, {"l": "Yams", "v": 0.20919999959999999}, {"l": "Potatoes", "v": 1.75902332997}, {"l": "Sweet potatoes", "v": 0.17084666633999998}, {"l": "Cassava", "v": 0.34866666600000007}]}, {"source": 0, "prod": 1773.0, "target": 20, "value": 6.181859988180002, "supply": [{"l": "Sugar beet", "v": 0.14853199971600001}, {"l": "Sugar cane", "v": 6.0333279884640012}]}, {"source": 2, "prod": 11756.5, "target": 20, "value": 46.278809457046194, "supply": [{"l": "Pulses, Other", "v": 1.7014933300799999}, {"l": "Beans", "v": 0.061016666550000001}, {"l": "Onions", "v": 2.29248332895}, {"l": "Vegetables, Other", "v": 12.890206642020003}, {"l": "Tomatoes", "v": 4.7680166575500005}, {"l": "Peas", "v": 0.10285666647000001}]}, {"source": 4, "prod": 25030.0, "target": 20, "value": 85.622696785348879, "supply": [{"l": "Sorghum", "v": 14.107053306360001}, {"l": "Rice", "v": 7.3010799860400013}, {"l": "Wheat", "v": 40.790513255340002}, {"l": "Oats", "v": 0.19788794659529041}, {"l": "Maize", "v": 14.054753306460002}, {"l": "Barley", "v": 8.7654799832399988}, {"l": "Cereals, Other", "v": 0.41142666588000004}, {"l": "Rye", "v": 0.0058837719274056179}, {"l": "Millet", "v": 1.5271599970800003}]}, {"source": 7, "prod": 1867.0, "target": 20, "value": 5.5565740337491878, "supply": [{"l": "Coconuts - Incl Copra", "v": 0.004045276604065463}, {"l": "Sesame seed", "v": 0.71999666529000006}, {"l": "Groundnuts", "v": 0.67292666538000001}, {"l": "Oilcrops, Other", "v": 0.17956333299000002}, {"l": "Soyabeans", "v": 0.014798481683229815}, {"l": "Sunflower seed", "v": 0.0069733333200000004}, {"l": "Cottonseed", "v": 3.0229399942200001}, {"l": "Olives", "v": 1.73461666335}, {"l": "Rape and Mustardseed", "v": 0.13772333306999998}]}, {"source": 21, "prod": 0, "target": 4, "value": 4.8207169001038215e-05, "supply": "[{\"l\":'Energy for power irrigation',\"v\":4.8207169001038215e-05}]"}, {"source": 21, "prod": 0, "target": 7, "value": 7.191592850574379e-06, "supply": "[{\"l\":'Energy for power irrigation',\"v\":7.191592850574379e-06}]"}, {"source": 21, "prod": 0, "target": 0, "value": 1.7073773599448813e-05, "supply": "[{\"l\":'Energy for power irrigation',\"v\":1.7073773599448813e-05}]"}, {"source": 21, "prod": 0, "target": 9, "value": 5.5949590870162217e-06, "supply": "[{\"l\":'Energy for power irrigation',\"v\":5.5949590870162217e-06}]"}, {"source": 21, "prod": 0, "target": 2, "value": 4.5285464032018042e-05, "supply": "[{\"l\":'Energy for power irrigation',\"v\":4.5285464032018042e-05}]"}, {"source": 21, "prod": 0, "target": 10, "value": 5.1423548235226549e-07, "supply": "[{\"l\":'Energy for power irrigation',\"v\":5.1423548235226549e-07}]"}, {"source": 21, "prod": 0, "target": 13, "value": 0.0013530152306713225, "supply": "[{\"l\":'Electricity',\"v\":0.0013530152306713225}]"}, {"source": 22, "prod": 0, "target": 21, "value": 0.0029498626469628667, "supply": [{"l": "Coal", "v": 4.9213675992128842e-05}, {"l": "Natural gas", "v": 0.00068930284085510661}, {"l": "Oil", "v": 0.0022113461301156313}]}, {"source": 23, "prod": 0, "target": 21, "value": 0.00035314480598177612, "supply": [{"l": "Nuclear", "v": 0.0}, {"l": "Hydroelectric", "v": 0.00035314480598177612}, {"l": "Renewable", "v": 0.0}]}, {"source": 22, "prod": 0, "target": 4, "value": 8.8325856570147145, "supply": [{"l": "Motor Gasoline", "v": 0.0047891292067351104}, {"l": "Gas-Diesel oil", "v": 0.94986197712814746}, {"l": "Natural gas (including LNG)", "v": 0.064215411936809394}, {"l": "Fuel oil", "v": 0.11355533450913229}, {"l": "Liquefied petroleum gas (LPG)", "v": 1.9499287308614368}, {"l": "Other fossil fuels", "v": 5.750235073372453}]}, {"source": 22, "prod": 0, "target": 7, "value": 1.3176538091607248, "supply": [{"l": "Motor Gasoline", "v": 0.00071444700191565741}, {"l": "Gas-Diesel oil", "v": 0.14170134329190984}, {"l": "Natural gas (including LNG)", "v": 0.0095797182649638938}, {"l": "Fuel oil", "v": 0.016940296406596084}, {"l": "Liquefied petroleum gas (LPG)", "v": 0.29089228450006416}, {"l": "Other fossil fuels", "v": 0.85782571969527532}]}, {"source": 22, "prod": 0, "target": 0, "value": 3.1282809368531943, "supply": [{"l": "Motor Gasoline", "v": 0.0016961897889615166}, {"l": "Gas-Diesel oil", "v": 0.3364173562621266}, {"l": "Natural gas (including LNG)", "v": 0.022743492881335012}, {"l": "Fuel oil", "v": 0.040218459465579615}, {"l": "Liquefied petroleum gas (LPG)", "v": 0.69061598877693331}, {"l": "Other fossil fuels", "v": 2.0365894496782584}]}, {"source": 22, "prod": 0, "target": 9, "value": 1.0251163137685875, "supply": [{"l": "Motor Gasoline", "v": 0.00055582981804097077}, {"l": "Gas-Diesel oil", "v": 0.1102416717362073}, {"l": "Natural gas (including LNG)", "v": 0.0074528874021746417}, {"l": "Fuel oil", "v": 0.013179314692330375}, {"l": "Liquefied petroleum gas (LPG)", "v": 0.22631014635047839}, {"l": "Other fossil fuels", "v": 0.66737646376935589}]}, {"source": 22, "prod": 0, "target": 2, "value": 8.297266742045025, "supply": [{"l": "Motor Gasoline", "v": 0.004498873153734026}, {"l": "Gas-Diesel oil", "v": 0.89229343460703692}, {"l": "Natural gas (including LNG)", "v": 0.060323491045553304}, {"l": "Fuel oil", "v": 0.10667305554587406}, {"l": "Liquefied petroleum gas (LPG)", "v": 1.8317488713042336}, {"l": "Other fossil fuels", "v": 5.401729016388594}]}, {"source": 22, "prod": 0, "target": 10, "value": 0.094218952074427847, "supply": [{"l": "Motor Gasoline", "v": 5.1086596012715729e-05}, {"l": "Gas-Diesel oil", "v": 0.010132367075238331}, {"l": "Natural gas (including LNG)", "v": 0.00068499860116372788}, {"l": "Fuel oil", "v": 0.0012113173916875079}, {"l": "Liquefied petroleum gas (LPG)", "v": 0.020800278511386484}, {"l": "Other fossil fuels", "v": 0.061338903898939083}]}, {"source": 22, "prod": 0, "target": 1, "value": 0.51941099781448086, "supply": [{"l": "Fossil fuels in fisheries", "v": 0.51941099781448086}]}, {"source": 24, "prod": 4.6625310571127008, "target": 4, "value": 0.068833252083860222, "supply": [{"l": "Potash", "v": 0.0017620549004841084}, {"l": "Phosphate", "v": 0.0095519146737234103}, {"l": "Nitrogen", "v": 0.16555146288769365}]}, {"source": 24, "prod": 0.69556096553171498, "target": 7, "value": 0.010268612196609432, "supply": [{"l": "Potash", "v": 0.0017620549004841084}, {"l": "Phosphate", "v": 0.0095519146737234103}, {"l": "Nitrogen", "v": 0.16555146288769365}]}, {"source": 24, "prod": 1.6513518905834639, "target": 0, "value": 0.024379016369293686, "supply": [{"l": "Potash", "v": 0.0017620549004841084}, {"l": "Phosphate", "v": 0.0095519146737234103}, {"l": "Nitrogen", "v": 0.16555146288769365}]}, {"source": 24, "prod": 0.54113674474280449, "target": 9, "value": 0.0079888372873996773, "supply": [{"l": "Potash", "v": 0.0017620549004841084}, {"l": "Phosphate", "v": 0.0095519146737234103}, {"l": "Nitrogen", "v": 0.16555146288769365}]}, {"source": 24, "prod": 4.3799477725086273, "target": 2, "value": 0.064661456502109679, "supply": [{"l": "Potash", "v": 0.0017620549004841084}, {"l": "Phosphate", "v": 0.0095519146737234103}, {"l": "Nitrogen", "v": 0.16555146288769365}]}, {"source": 24, "prod": 0.049736148311989269, "target": 10, "value": 0.0007342580226284731, "supply": [{"l": "Potash", "v": 0.0017620549004841084}, {"l": "Phosphate", "v": 0.0095519146737234103}, {"l": "Nitrogen", "v": 0.16555146288769365}]}, {"source": 22, "prod": 0, "target": 24, "value": 0.20979828742719472, "supply": [{"l": "Natural gas (including LNG)", "v": 0.14271292287580273}, {"l": "Fuel oil", "v": 0.037820636039744532}, {"l": "Liquefied petroleum gas (LPG)", "v": 0.014632364255823737}, {"l": "Coal", "v": 0.014632364255823737}]}, {"source": 25, "prod": 0, "target": 4, "value": 2.0610419754893594, "supply": "[{\"l\":'Labor',\"v\":2.0610419754893594}]"}, {"source": 25, "prod": 0, "target": 7, "value": 0.30746826753804507, "supply": "[{\"l\":'Labor',\"v\":0.30746826753804507}]"}, {"source": 25, "prod": 0, "target": 0, "value": 0.7299695210832271, "supply": "[{\"l\":'Labor',\"v\":0.7299695210832271}]"}, {"source": 25, "prod": 0, "target": 9, "value": 0.23920603031548499, "supply": "[{\"l\":'Labor',\"v\":0.23920603031548499}]"}, {"source": 25, "prod": 0, "target": 2, "value": 1.936127845372805, "supply": "[{\"l\":'Labor',\"v\":1.936127845372805}]"}, {"source": 25, "prod": 0, "target": 10, "value": 0.021985545643454216, "supply": "[{\"l\":'Labor',\"v\":0.021985545643454216}]"}, {"source": 22, "prod": 0, "target": 16, "value": 31.260345835204383, "supply": "[{\"l\":'Fossil Fuels',\"v\":31.260345835204383}]"}, {"source": 23, "prod": 0, "target": 16, "value": 1.213009056080689, "supply": "[{\"l\":'Renewables & Nuclear',\"v\":0.44451924478400334},{\"l\":'Biomass & Waste',\"v\":0.7684898112966857}]"}]}