{"nodes": [{"layer": 13, "name": "Milk - Excluding Butter"}, {"layer": 10, "name": "Feed", "fill": "#dbdb8d"}, {"layer": 5, "name": "Vegetables"}, {"layer": 5, "name": "Sugar Crops", "fill": "#ffbb78"}, {"layer": 13, "name": "Animal Fats"}, {"layer": 5, "name": "Starchy Roots"}, {"layer": 5, "name": "Pulses"}, {"layer": 13, "name": "Fish, Seafood"}, {"layer": 5, "name": "Fruits - Excluding Wine"}, {"layer": 5, "name": "Cereals - Excluding Beer"}, {"layer": 16, "name": "Food", "fill": "#b5cf6b"}, {"layer": 5, "name": "Oilcrops", "fill": "#ff9896"}, {"layer": 13, "name": "Sugar & Sweeteners"}, {"layer": 5, "name": "Treenuts"}, {"layer": 13, "name": "Alcoholic Beverages"}, {"layer": 5, "name": "Others"}, {"layer": 13, "name": "Vegetable Oils", "fill": "#f7b6d2"}, {"layer": 5, "name": "Spices"}, {"layer": 5, "name": "Stimulants"}, {"layer": 13, "name": "Eggs"}, {"layer": 13, "name": "Meat"}, {"layer": 10, "name": "Processing", "fill": "#9edae5"}, {"layer": 16, "name": "Biofuels & Other", "fill": "#e7ba52"}, {"layer": 13, "name": "Aquatic Products, Other"}, {"name": "Waste", "fill": "#c7c7c7"}, {"layer": 2, "name": "Import", "fill": "#aec7e8"}, {"layer": 16, "name": "Export", "fill": "#aec7e8"}, {"layer": 16, "name": "Stock Deposit", "fill": "#c7c7c7"}, {"layer": 0, "name": "Stock Draw", "fill": "#c7c7c7"}, {"name": "Crop Residue", "fill": "#bd9e39"}, {"layer": 2, "name": "Electricity", "fill": "#bcbd22"}, {"layer": 0, "name": "Fossil Fuels", "fill": "#c49c94"}, {"layer": 0, "name": "Renewables & Nuclear", "fill": "#2ca02c"}, {"layer": 2, "name": "Fertilizers", "fill": "#c5b0d5"}, {"layer": 0, "name": "Labor", "fill": "#7f7f7f"}], "links": [{"source": 0, "prod": 736.0, "target": 1, "value": 0.52635582135319203, "supply": [{"l": "Milk - Excluding Butter", "v": 0.52635582135319203}]}, {"source": 2, "prod": 39.0, "target": 1, "value": 0.010820630698264708, "supply": [{"l": "Vegetables, Other", "v": 0.010820630698264708}]}, {"source": 3, "prod": 734.0, "target": 1, "value": 0.24534190766737796, "supply": [{"l": "Sugar beet", "v": 0.011698864807027561}, {"l": "Sugar cane", "v": 0.2336430428603504}]}, {"source": 4, "prod": 2.0, "target": 1, "value": 0.016758650467702335, "supply": [{"l": "Fish, Body Oil", "v": 0.016758650467702335}]}, {"source": 5, "prod": 30.0, "target": 1, "value": 0.025552527459233011, "supply": [{"l": "Potatoes", "v": 0.025552527459233011}]}, {"source": 6, "prod": 118.0, "target": 1, "value": 0.47851346317720123, "supply": [{"l": "Pulses, Other", "v": 0.47851346317720123}]}, {"source": 7, "prod": 608.0, "target": 1, "value": 0.58332987220326671, "supply": [{"l": "Pelagic Fish", "v": 0.3194269960889109}, {"l": "Fish, Seafood", "v": 0.26390287611435581}]}, {"source": 8, "prod": 19.0, "target": 1, "value": 0.036550747664252266, "supply": [{"l": "Dates", "v": 0.036550747664252266}]}, {"source": 9, "prod": 5048.0, "target": 1, "value": 18.10957368212814, "supply": [{"l": "Maize", "v": 10.035160139410948}, {"l": "Wheat", "v": 2.3379434974185735}, {"l": "Oats", "v": 0.17267864373762712}, {"l": "Millet", "v": 0.0039305709801388897}, {"l": "Barley", "v": 3.5598310837974663}, {"l": "Rice", "v": 0.21814777419190709}, {"l": "Sorghum", "v": 1.7049722590130481}, {"l": "Cereals, Other", "v": 0.076909713578435304}]}, {"source": 0, "prod": 7547.0, "target": 10, "value": 5.397292640968125, "supply": [{"l": "Milk - Excluding Butter", "v": 5.397292640968125}]}, {"source": 11, "prod": 229.0, "target": 10, "value": 1.0356892952666255, "supply": [{"l": "Olives", "v": 0.14822763086412294}, {"l": "Coconuts - Incl Copra", "v": 0.049152824467421058}, {"l": "Sesame seed", "v": 0.19405790439085716}, {"l": "Groundnuts", "v": 0.54267375121463512}, {"l": "Oilcrops, Other", "v": 0.053062708231874998}, {"l": "Soyabeans", "v": 0.048514476097714289}]}, {"source": 12, "prod": 3297.0, "target": 10, "value": 13.059734240449751, "supply": [{"l": "Sugar", "v": 12.516848184789955}, {"l": "Sweeteners, Other", "v": 0.49194585575719629}, {"l": "Honey", "v": 0.050940199902600007}]}, {"source": 13, "prod": 89.0, "target": 10, "value": 0.29439466177476631, "supply": [{"l": "Treenuts", "v": 0.29439466177476631}]}, {"source": 2, "prod": 10408.0, "target": 10, "value": 2.8714370078113274, "supply": [{"l": "Vegetables, Other", "v": 1.6833017037531277}, {"l": "Tomatoes", "v": 0.74273342863431846}, {"l": "Onions", "v": 0.44540187542388138}]}, {"source": 14, "prod": 698.0, "target": 10, "value": 0.34538544307683805, "supply": [{"l": "Beer", "v": 0.098770189580123763}, {"l": "Beverages, Alcoholic", "v": 0.048514476097714289}, {"l": "Wine", "v": 0.049525194349750008}, {"l": "Beverages, Fermented", "v": 0.14857558304924998}]}, {"source": 3, "prod": 1333.0, "target": 10, "value": 0.44555962250764969, "supply": [{"l": "Sugar cane", "v": 0.44555962250764969}]}, {"source": 4, "prod": 348.0, "target": 10, "value": 2.9149952797602077, "supply": [{"l": "Fats, Animals, Raw", "v": 1.3824905316355744}, {"l": "Butter, Ghee", "v": 1.5325047481246332}]}, {"source": 5, "prod": 2193.0, "target": 10, "value": 1.9320925968423881, "supply": [{"l": "Yams", "v": 0.050311308545777776}, {"l": "Roots, Other", "v": 0.04963404093073847}, {"l": "Potatoes", "v": 1.5348551493845963}, {"l": "Sweet potatoes", "v": 0.14893533022370339}, {"l": "Cassava", "v": 0.14835676775757217}]}, {"source": 6, "prod": 674.0, "target": 10, "value": 2.722623782644856, "supply": [{"l": "Peas", "v": 0.098484386478359998}, {"l": "Beans", "v": 0.29645526172824588}, {"l": "Pulses, Other", "v": 2.32768413443825}]}, {"source": 7, "prod": 1141.0, "target": 10, "value": 1.0484482243959601, "supply": [{"l": "Freshwater Fish", "v": 0.14920916762515302}, {"l": "Crustaceans", "v": 0.00268671940414557}, {"l": "Marine Fish, Other", "v": 0.099351453710744678}, {"l": "Demersal Fish", "v": 0.049380806028030612}, {"l": "Fish, Seafood", "v": 0.49481789271441712}, {"l": "Pelagic Fish", "v": 0.24692547395030942}, {"l": "Cephalopods", "v": 0.0043405078308282209}, {"l": "Molluscs, Other", "v": 0.0017362031323312885}]}, {"source": 15, "prod": 94.0, "target": 10, "value": 0.3002057728747663, "supply": [{"l": "Nuts", "v": 0.29439466177476631}, {"l": "Infant food", "v": 0.0058111111000000003}]}, {"source": 9, "prod": 22869.0, "target": 10, "value": 79.546234916178861, "supply": [{"l": "Maize", "v": 10.59376952735289}, {"l": "Rye", "v": 0.0095215326920747648}, {"l": "Barley", "v": 5.1991482551596606}, {"l": "Rice", "v": 5.6451301566395546}, {"l": "Cereals, Other", "v": 0.013983584286988237}, {"l": "Wheat", "v": 50.598582587908695}, {"l": "Oats", "v": 0.010792415233601695}, {"l": "Sorghum", "v": 6.2371769981616554}, {"l": "Millet", "v": 1.2381298587437499}]}, {"source": 16, "prod": 1366.0, "target": 10, "value": 13.979829978383798, "supply": [{"l": "Maize Germ Oil", "v": 0.022342192939736844}, {"l": "Groundnut Oil", "v": 0.83190534794639592}, {"l": "Soyabean Oil", "v": 3.0654014411976358}, {"l": "Palm Oil", "v": 0.050940199902600007}, {"l": "Sunflowerseed Oil", "v": 1.5814271014538508}, {"l": "Olive Oil", "v": 1.1407923715029631}, {"l": "Coconut Oil", "v": 0.050940199902600007}, {"l": "Rape and Mustard Oil", "v": 1.4362306361427499}, {"l": "Oilcrops Oil, Other", "v": 0.64215524725701811}, {"l": "Sesameseed Oil", "v": 0.34667636044825001}, {"l": "Cottonseed Oil", "v": 4.7544186575759992}, {"l": "Palmkernel Oil", "v": 0.056600222114000003}]}, {"source": 17, "prod": 92.0, "target": 10, "value": 0.29255239805173755, "supply": [{"l": "Pimento", "v": 0.19810077739900003}, {"l": "Pepper", "v": 0.046695183244050004}, {"l": "Spices, Other", "v": 0.047756437408687499}]}, {"source": 18, "prod": 170.0, "target": 10, "value": 0.11535082519165958, "supply": [{"l": "Cocoa Beans", "v": 0.016508398116583337}, {"l": "Coffee", "v": 0.049624842628119718}, {"l": "Tea", "v": 0.049217584446956522}]}, {"source": 19, "prod": 320.0, "target": 10, "value": 0.49396557481309089, "supply": [{"l": "Eggs", "v": 0.49396557481309089}]}, {"source": 8, "prod": 5143.0, "target": 10, "value": 3.7104740751220699, "supply": [{"l": "Apples", "v": 0.098506155794557682}, {"l": "Grapes", "v": 0.39607083834969975}, {"l": "Dates", "v": 1.4851145893054079}, {"l": "Pineapples", "v": 0.0034172763798703048}, {"l": "Lemons, Limes", "v": 0.049627730984014497}, {"l": "Bananas", "v": 0.19746050339318549}, {"l": "Citrus, Other", "v": 0.0068345527597406096}, {"l": "Fruits, Other", "v": 0.74268806655847952}, {"l": "Grapefruit", "v": 0.087166666500000003}, {"l": "Oranges, Mandarines", "v": 0.64358769509711455}]}, {"source": 20, "prod": 1937.0, "target": 10, "value": 3.8687971250493556, "supply": [{"l": "Mutton & Goat Meat", "v": 0.84109881793201036}, {"l": "Pigmeat", "v": 0.0083870346460086648}, {"l": "Meat, Other", "v": 0.24621096619590002}, {"l": "Poultry Meat", "v": 0.69279625803863765}, {"l": "Offals, Edible", "v": 0.24716050939583883}, {"l": "Bovine Meat", "v": 1.8331435388409603}]}, {"source": 11, "prod": 2517.0, "target": 21, "value": 11.92094480390516, "supply": [{"l": "Sunflower seed", "v": 0.10233522301861608}, {"l": "Olives", "v": 1.5094165790811394}, {"l": "Soyabeans", "v": 1.0855114026863573}, {"l": "Sesame seed", "v": 0.55791647512371434}, {"l": "Cottonseed", "v": 6.9872216161043976}, {"l": "Rape and Mustardseed", "v": 0.40934089207446434}, {"l": "Groundnuts", "v": 1.1736897409990947}, {"l": "Oilcrops, Other", "v": 0.095512874817374999}]}, {"source": 3, "prod": 12286.0, "target": 21, "value": 4.1066358005468739, "supply": [{"l": "Sugar beet", "v": 0.86437898259923629}, {"l": "Sugar cane", "v": 3.2422568179476379}]}, {"source": 12, "prod": 72.0, "target": 21, "value": 0.28564598076224301, "supply": [{"l": "Sugar", "v": 0.28564598076224301}]}, {"source": 14, "prod": 25.0, "target": 21, "value": 0.02526795630089286, "supply": [{"l": "Wine", "v": 0.02526795630089286}]}, {"source": 9, "prod": 196.0, "target": 21, "value": 0.70135466168075788, "supply": [{"l": "Maize", "v": 0.26940027219895163}, {"l": "Barley", "v": 0.14059837053653859}, {"l": "Sorghum", "v": 0.29135601894526764}]}, {"source": 8, "prod": 299.0, "target": 21, "value": 0.2345053082506143, "supply": [{"l": "Grapes", "v": 0.2345053082506143}]}, {"source": 0, "prod": 6.0, "target": 22, "value": 0.0042909441958140651, "supply": [{"l": "Milk - Excluding Butter", "v": 0.0042909441958140651}]}, {"source": 11, "prod": 5.0, "target": 22, "value": 0.026910373460450894, "supply": [{"l": "Sunflower seed", "v": 0.0056852901677008939}, {"l": "Oilcrops, Other", "v": 0.02122508329275}]}, {"source": 13, "prod": 8.0, "target": 22, "value": 0.026462441507844159, "supply": [{"l": "Treenuts", "v": 0.026462441507844159}]}, {"source": 2, "prod": 4.0, "target": 22, "value": 0.0010490861254562028, "supply": [{"l": "Tomatoes", "v": 0.0002167299178973792}, {"l": "Vegetables, Other", "v": 0.00083235620755882367}]}, {"source": 15, "prod": 8.0, "target": 22, "value": 0.026462441507844159, "supply": [{"l": "Nuts", "v": 0.026462441507844159}]}, {"source": 4, "prod": 254.0, "target": 22, "value": 2.1411743599721706, "supply": [{"l": "Fats, Animals, Raw", "v": 2.1411743599721706}]}, {"source": 5, "prod": 15.0, "target": 22, "value": 0.012776263729616506, "supply": [{"l": "Potatoes", "v": 0.012776263729616506}]}, {"source": 23, "prod": 12.0, "target": 22, "value": 0.010838340404808511, "supply": [{"l": "Aquatic Products, Other", "v": 0.0054191702024042557}, {"l": "Aquatic Plants", "v": 0.0054191702024042557}]}, {"source": 14, "prod": 41.0, "target": 22, "value": 0.14431755714587186, "supply": [{"l": "Alcohol, Non-Food", "v": 0.0064395761899503183}, {"l": "Beer", "v": 0.0004202986790643565}, {"l": "Beverages, Alcoholic", "v": 0.12735049975650004}, {"l": "Wine", "v": 0.010107182520357146}]}, {"source": 9, "prod": 90.0, "target": 22, "value": 0.38352165135022043, "supply": [{"l": "Maize", "v": 0.13866190480828391}, {"l": "Rice", "v": 0.24485974654193654}]}, {"source": 16, "prod": 138.0, "target": 22, "value": 1.35584782668055, "supply": [{"l": "Olive Oil", "v": 0.061664452513673682}, {"l": "Rape and Mustard Oil", "v": 0.29750491748671254}, {"l": "Cottonseed Oil", "v": 0.010290949475272726}, {"l": "Oilcrops Oil, Other", "v": 0.23077454198299091}, {"l": "Sesameseed Oil", "v": 0.079240310959600005}, {"l": "Soyabean Oil", "v": 0.35092137710679999}, {"l": "Palm Oil", "v": 0.29715116609850001}, {"l": "Palmkernel Oil", "v": 0.028300111057000001}]}, {"source": 19, "prod": 2.0, "target": 22, "value": 0.0030872848425818182, "supply": [{"l": "Eggs", "v": 0.0030872848425818182}]}, {"source": 8, "prod": 2.0, "target": 22, "value": 0.0038474471225528706, "supply": [{"l": "Dates", "v": 0.0038474471225528706}]}, {"source": 11, "prod": 86.0, "target": 11, "value": 0.49431293160793988, "supply": [{"l": "Soyabeans", "v": 0.018192928536642859}, {"l": "Sunflower seed", "v": 0.0056852901677008939}, {"l": "Sesame seed", "v": 0.030321547561071433}, {"l": "Cottonseed", "v": 0.35248799039745543}, {"l": "Groundnuts", "v": 0.050481279182756758}, {"l": "Oilcrops, Other", "v": 0.037143895762312501}]}, {"source": 19, "prod": 28.0, "target": 19, "value": 0.043221987796145458, "supply": [{"l": "Eggs", "v": 0.043221987796145458}]}, {"source": 3, "prod": 126.0, "target": 3, "value": 0.042115913305299221, "supply": [{"l": "Sugar cane", "v": 0.042115913305299221}]}, {"source": 5, "prod": 319.0, "target": 5, "value": 0.2690284976759782, "supply": [{"l": "Potatoes", "v": 0.2282692453024816}, {"l": "Yams", "v": 0.031444567841111118}, {"l": "Roots, Other", "v": 0.0039184769155846157}, {"l": "Sweet potatoes", "v": 0.0053962076168008475}]}, {"source": 6, "prod": 72.0, "target": 6, "value": 0.29101662763073244, "supply": [{"l": "Beans", "v": 0.012526278664573769}, {"l": "Peas", "v": 0.0067920266536800004}, {"l": "Pulses, Other", "v": 0.27169832231247865}]}, {"source": 9, "prod": 1118.0, "target": 9, "value": 3.7540482474329746, "supply": [{"l": "Maize", "v": 0.25751496607252727}, {"l": "Oats", "v": 0.05396207616800848}, {"l": "Barley", "v": 0.98718004844803686}, {"l": "Rice", "v": 0.41848756681712795}, {"l": "Sorghum", "v": 0.14387951552852724}, {"l": "Cereals, Other", "v": 0.017479480358735297}, {"l": "Wheat", "v": 1.8362388842386224}, {"l": "Millet", "v": 0.039305709801388894}]}, {"source": 0, "prod": 253.0, "target": 24, "value": 0.18093481359015975, "supply": [{"l": "Milk - Excluding Butter", "v": 0.18093481359015975}]}, {"source": 11, "prod": 135.0, "target": 24, "value": 0.63133707307498199, "supply": [{"l": "Olives", "v": 0.091859376873540982}, {"l": "Sunflower seed", "v": 0.0056852901677008939}, {"l": "Sesame seed", "v": 0.054578785609928585}, {"l": "Cottonseed", "v": 0.14781754436022324}, {"l": "Oilcrops, Other", "v": 0.058368979055062498}, {"l": "Soyabeans", "v": 0.0060643095122142861}, {"l": "Groundnuts", "v": 0.2271657563224054}, {"l": "Rape and Mustardseed", "v": 0.039797031173906254}]}, {"source": 2, "prod": 1145.0, "target": 24, "value": 0.31514030433459256, "supply": [{"l": "Tomatoes", "v": 0.074988551592493208}, {"l": "Vegetables, Other", "v": 0.1972684211914412}, {"l": "Onions", "v": 0.042883331550658169}]}, {"source": 14, "prod": 1.0, "target": 24, "value": 0.0010107182520357144, "supply": [{"l": "Wine", "v": 0.0010107182520357144}]}, {"source": 3, "prod": 70.0, "target": 24, "value": 0.023397729614055118, "supply": [{"l": "Sugar cane", "v": 0.020389450092248032}, {"l": "Sugar beet", "v": 0.0030082795218070875}]}, {"source": 5, "prod": 302.0, "target": 24, "value": 0.26428777350790145, "supply": [{"l": "Roots, Other", "v": 0.0058777153733769235}, {"l": "Yams", "v": 0.0094333703523333326}, {"l": "Potatoes", "v": 0.21464123065755733}, {"l": "Sweet potatoes", "v": 0.017267864373762713}, {"l": "Cassava", "v": 0.017067592750871136}]}, {"source": 6, "prod": 52.0, "target": 24, "value": 0.21045160895364223, "supply": [{"l": "Peas", "v": 0.0033960133268400002}, {"l": "Beans", "v": 0.0083508524430491796}, {"l": "Pulses, Other", "v": 0.19870474318375306}]}, {"source": 8, "prod": 562.0, "target": 24, "value": 0.3809177401607034, "supply": [{"l": "Fruits, Other", "v": 0.09055782406656307}, {"l": "Citrus, Other", "v": 0.0005695460633117174}, {"l": "Grapefruit", "v": 0.012784444420000001}, {"l": "Grapes", "v": 0.029803350212452652}, {"l": "Dates", "v": 0.13466064928935045}, {"l": "Apples", "v": 0.0070750277642500003}, {"l": "Lemons, Limes", "v": 0.005742051518811595}, {"l": "Bananas", "v": 0.023818193016298644}, {"l": "Oranges, Mandarines", "v": 0.075906653809665256}]}, {"source": 9, "prod": 2192.0, "target": 24, "value": 7.6864121070311953, "supply": [{"l": "Maize", "v": 1.8858019053926611}, {"l": "Barley", "v": 0.81965858568109728}, {"l": "Rice", "v": 0.41403557142545638}, {"l": "Cereals, Other", "v": 0.0069917921434941186}, {"l": "Wheat", "v": 3.6892012555832427}, {"l": "Oats", "v": 0.019426347420483051}, {"l": "Sorghum", "v": 0.78054637174226016}, {"l": "Millet", "v": 0.070750277642500012}]}, {"source": 17, "prod": 4.0, "target": 24, "value": 0.012086505763927082, "supply": [{"l": "Pimento", "v": 0.0094333703523333326}, {"l": "Spices, Other", "v": 0.00265313541159375}]}, {"source": 19, "prod": 17.0, "target": 24, "value": 0.026241921161945458, "supply": [{"l": "Eggs", "v": 0.026241921161945458}]}, {"source": 25, "prod": 14.0, "target": 15, "value": 0.035581357796324681, "supply": [{"l": "Nuts", "v": 0.029770246696324679}, {"l": "Infant food", "v": 0.0058111111000000003}]}, {"source": 25, "prod": 2675.0, "target": 1, "value": 2.3913893747444916, "supply": [{"l": "Meat, Other", "v": 0.0016980066634200001}, {"l": "Eggs", "v": 0.12349139370327272}, {"l": "Marine Fish, Other", "v": 0.048772531821638293}, {"l": "Poultry Meat", "v": 0.063436765796308997}, {"l": "Milk - Excluding Butter", "v": 1.2529557051777072}, {"l": "Pelagic Fish", "v": 0.28054936827545796}, {"l": "Fish, Seafood", "v": 0.27866060273917181}, {"l": "Mutton & Goat Meat", "v": 0.03483841257706552}, {"l": "Offals, Edible", "v": 0.016756644704802634}, {"l": "Bovine Meat", "v": 0.29022994328564677}]}, {"source": 25, "prod": 14022.0, "target": 9, "value": 48.051261027598592, "supply": [{"l": "Maize", "v": 8.6168469416576432}, {"l": "Barley", "v": 2.0581208282795433}, {"l": "Rice", "v": 0.25821573271695125}, {"l": "Cereals, Other", "v": 0.010487688215241178}, {"l": "Wheat", "v": 37.086005006262006}, {"l": "Oats", "v": 0.02158483046720339}]}, {"source": 25, "prod": 208.0, "target": 6, "value": 0.84853916915279959, "supply": [{"l": "Peas", "v": 0.013584053307360001}, {"l": "Beans", "v": 0.26722727817757375}, {"l": "Pulses, Other", "v": 0.56772783766786583}]}, {"source": 25, "prod": 3272.0, "target": 21, "value": 20.519017547557002, "supply": [{"l": "Alcohol, Non-Food", "v": 0.0064395761899503183}, {"l": "Sugar", "v": 7.4823377738554209}, {"l": "Maize Germ Oil", "v": 0.011171096469868422}, {"l": "Beer", "v": 0.0037826881115792083}, {"l": "Beverages, Alcoholic", "v": 0.0060643095122142861}, {"l": "Fats, Animals, Raw", "v": 3.1949018993285536}, {"l": "Soyabean Oil", "v": 2.8796195356705061}, {"l": "Butter, Ghee", "v": 0.75792354390946526}, {"l": "Palm Oil", "v": 0.34809136600110002}, {"l": "Sunflowerseed Oil", "v": 1.226619738948179}, {"l": "Coconut Oil", "v": 0.0594302332197}, {"l": "Rape and Mustard Oil", "v": 0.99510265504176265}, {"l": "Oilcrops Oil, Other", "v": 0.82276141054805452}, {"l": "Sweeteners, Other", "v": 0.027771137018551405}, {"l": "Honey", "v": 0.0084900333171}, {"l": "Cottonseed Oil", "v": 2.6036102172439994}, {"l": "Palmkernel Oil", "v": 0.084900333171}]}, {"source": 25, "prod": 10.0, "target": 13, "value": 0.033078051884805199, "supply": [{"l": "Treenuts", "v": 0.033078051884805199}]}, {"source": 25, "prod": 116.0, "target": 2, "value": 0.025322836929962671, "supply": [{"l": "Vegetables, Other", "v": 0.00083235620755882367}, {"l": "Tomatoes", "v": 0.024490480722403847}]}, {"source": 25, "prod": 158.0, "target": 18, "value": 0.10814148887830258, "supply": [{"l": "Cocoa Beans", "v": 0.016508398116583337}, {"l": "Coffee", "v": 0.043645945925936624}, {"l": "Tea", "v": 0.047987144835782612}]}, {"source": 25, "prod": 199.0, "target": 8, "value": 0.13138877312918715, "supply": [{"l": "Grapes", "v": 0.015685973796027711}, {"l": "Dates", "v": 0.0019237235612764353}, {"l": "Apples", "v": 0.015238521338384613}, {"l": "Pineapples", "v": 0.0011390921266234348}, {"l": "Bananas", "v": 0.051478030067484165}, {"l": "Fruits, Other", "v": 0.045563685064937395}, {"l": "Oranges, Mandarines", "v": 0.00035974717445338983}]}, {"source": 25, "prod": 126.0, "target": 11, "value": 0.66842945833803324, "supply": [{"l": "Coconuts - Incl Copra", "v": 0.049152824467421058}, {"l": "Sesame seed", "v": 0.036385857073285718}, {"l": "Soyabeans", "v": 0.35172995170842858}, {"l": "Groundnuts", "v": 0.037860959387067565}, {"l": "Rape and Mustardseed", "v": 0.19329986570183039}]}, {"source": 25, "prod": 19.0, "target": 17, "value": 0.069885552026869455, "supply": [{"l": "Pepper", "v": 0.046695183244050004}, {"l": "Pimento", "v": 0.012577827136444444}, {"l": "Spices, Other", "v": 0.010612541646375}]}, {"source": 25, "prod": 304.0, "target": 5, "value": 0.25893227825356119, "supply": [{"l": "Potatoes", "v": 0.25893227825356119}]}, {"source": 11, "prod": 224.0, "target": 26, "value": 1.2621330737848682, "supply": [{"l": "Olives", "v": 0.043841975326008198}, {"l": "Sunflower seed", "v": 0.0056852901677008939}, {"l": "Sesame seed", "v": 0.36992288024507153}, {"l": "Oilcrops, Other", "v": 0.23878218704343751}, {"l": "Cottonseed", "v": 0.017055870503102682}, {"l": "Groundnuts", "v": 0.58684487049954737}]}, {"source": 13, "prod": 3.0, "target": 26, "value": 0.0099234155654415596, "supply": [{"l": "Treenuts", "v": 0.0099234155654415596}]}, {"source": 2, "prod": 228.0, "target": 26, "value": 0.060825849630931066, "supply": [{"l": "Tomatoes", "v": 0.018422043021277233}, {"l": "Vegetables, Other", "v": 0.036068768994215697}, {"l": "Onions", "v": 0.0063350376154381396}]}, {"source": 15, "prod": 5.0, "target": 26, "value": 0.01224786000544156, "supply": [{"l": "Nuts", "v": 0.0099234155654415596}, {"l": "Infant food", "v": 0.0023244444400000001}]}, {"source": 4, "prod": 1.0, "target": 26, "value": 0.0083793252338511676, "supply": [{"l": "Fish, Body Oil", "v": 0.0083793252338511676}]}, {"source": 5, "prod": 180.0, "target": 26, "value": 0.15422512718760767, "supply": [{"l": "Sweet potatoes", "v": 0.0043169660934406781}, {"l": "Potatoes", "v": 0.14990816109416699}]}, {"source": 6, "prod": 15.0, "target": 26, "value": 0.060289024474666414, "supply": [{"l": "Peas", "v": 0.0033960133268400002}, {"l": "Beans", "v": 0.0041754262215245898}, {"l": "Pulses, Other", "v": 0.052717584926301825}]}, {"source": 7, "prod": 234.0, "target": 26, "value": 0.21618907401576756, "supply": [{"l": "Crustaceans", "v": 0.0016120316424873421}, {"l": "Freshwater Fish", "v": 0.0019007537277089554}, {"l": "Fish, Seafood", "v": 0.10156788324138036}, {"l": "Cephalopods", "v": 0.031251656381963186}, {"l": "Pelagic Fish", "v": 0.079856749022227724}]}, {"source": 14, "prod": 258.0, "target": 26, "value": 0.30119403910664294, "supply": [{"l": "Beverages, Alcoholic", "v": 0.048514476097714289}, {"l": "Wine", "v": 0.25267956300892863}]}, {"source": 12, "prod": 22.0, "target": 26, "value": 0.087280716344018697, "supply": [{"l": "Sugar", "v": 0.087280716344018697}]}, {"source": 16, "prod": 80.0, "target": 26, "value": 0.8164954409826829, "supply": [{"l": "Groundnut Oil", "v": 0.18041320798837501}, {"l": "Olive Oil", "v": 0.60636711638445784}, {"l": "Sesameseed Oil", "v": 0.02971511660985}]}, {"source": 17, "prod": 26.0, "target": 26, "value": 0.06996416344647223, "supply": [{"l": "Pimento", "v": 0.006288913568222222}, {"l": "Spices, Other", "v": 0.063675249878250004}]}, {"source": 9, "prod": 476.0, "target": 26, "value": 1.7305639595695068, "supply": [{"l": "Rice", "v": 0.097943898616774619}, {"l": "Cereals, Other", "v": 0.062926129291447072}, {"l": "Wheat", "v": 0.016723487105998379}, {"l": "Sorghum", "v": 1.5215258767141757}, {"l": "Millet", "v": 0.031444567841111118}]}, {"source": 8, "prod": 807.0, "target": 26, "value": 0.33540425150274622, "supply": [{"l": "Citrus, Other", "v": 0.0022781842532468696}, {"l": "Dates", "v": 0.046169365470634445}, {"l": "Lemons, Limes", "v": 0.00041014653705797097}, {"l": "Fruits, Other", "v": 0.012530013392857784}, {"l": "Grapefruit", "v": 0.0034866666600000002}, {"l": "Oranges, Mandarines", "v": 0.27052987518894916}]}, {"source": 20, "prod": 3.0, "target": 26, "value": 0.0050940199902600007, "supply": [{"l": "Meat, Other", "v": 0.0050940199902600007}]}, {"source": 17, "prod": 1.0, "target": 27, "value": 0.00424501665855, "supply": [{"l": "Pepper", "v": 0.00424501665855}]}, {"source": 2, "prod": 89.0, "target": 27, "value": 0.019410406995444541, "supply": [{"l": "Tomatoes", "v": 0.018855502857071993}, {"l": "Vegetables, Other", "v": 0.00055490413837254915}]}, {"source": 8, "prod": 10.0, "target": 27, "value": 0.019237235612764352, "supply": [{"l": "Dates", "v": 0.019237235612764352}]}, {"source": 5, "prod": 37.0, "target": 27, "value": 0.031514783866387383, "supply": [{"l": "Potatoes", "v": 0.031514783866387383}]}, {"source": 14, "prod": 99.0, "target": 27, "value": 0.10006110695153574, "supply": [{"l": "Wine", "v": 0.10006110695153574}]}, {"source": 0, "prod": 53.0, "target": 27, "value": 0.037903340396357579, "supply": [{"l": "Milk - Excluding Butter", "v": 0.037903340396357579}]}, {"source": 9, "prod": 784.0, "target": 27, "value": 2.8381933321648183, "supply": [{"l": "Maize", "v": 0.19808843544040561}, {"l": "Wheat", "v": 0.53180688997074843}, {"l": "Sorghum", "v": 1.6366294891369975}, {"l": "Millet", "v": 0.47166851761666673}]}, {"source": 28, "prod": 12.0, "target": 1, "value": 0.011513089582959213, "supply": [{"l": "Fish, Seafood", "v": 0.0052086093969938652}, {"l": "Pelagic Fish", "v": 0.0063044801859653476}]}, {"source": 11, "prod": 359.0, "target": 27, "value": 2.0742397035629163, "supply": [{"l": "Sesame seed", "v": 0.20012221390307147}, {"l": "Cottonseed", "v": 1.5918812469562502}, {"l": "Groundnuts", "v": 0.23978607611809458}, {"l": "Oilcrops, Other", "v": 0.0424501665855}]}, {"source": 28, "prod": 10.0, "target": 15, "value": 0.033078051884805199, "supply": [{"l": "Nuts", "v": 0.033078051884805199}]}, {"source": 28, "prod": 45.0, "target": 11, "value": 0.27289392804964291, "supply": [{"l": "Soyabeans", "v": 0.27289392804964291}]}, {"source": 4, "prod": 10.0, "target": 27, "value": 0.084298203148510636, "supply": [{"l": "Fats, Animals, Raw", "v": 0.084298203148510636}]}, {"source": 28, "prod": 10.0, "target": 8, "value": 0.0056954606331171744, "supply": [{"l": "Fruits, Other", "v": 0.0056954606331171744}]}, {"source": 28, "prod": 10.0, "target": 13, "value": 0.033078051884805199, "supply": [{"l": "Treenuts", "v": 0.033078051884805199}]}, {"source": 16, "prod": 163.0, "target": 27, "value": 1.6664369061394231, "supply": [{"l": "Groundnut Oil", "v": 0.18041320798837501}, {"l": "Soyabean Oil", "v": 0.20642433947458824}, {"l": "Sunflowerseed Oil", "v": 0.30412059643343281}, {"l": "Olive Oil", "v": 0.49331562010938945}, {"l": "Rape and Mustard Oil", "v": 0.48216314213363753}]}, {"source": 20, "prod": 12.0, "target": 27, "value": 0.025608524407557072, "supply": [{"l": "Bovine Meat", "v": 0.025608524407557072}]}, {"source": 6, "prod": 2.0, "target": 27, "value": 0.0067920266536800004, "supply": [{"l": "Peas", "v": 0.0067920266536800004}]}, {"source": 18, "prod": 13.0, "target": 27, "value": 0.0078245561189439691, "supply": [{"l": "Coffee", "v": 0.0059788967021830999}, {"l": "Tea", "v": 0.0018456594167608694}]}, {"source": 28, "prod": 39.0, "target": 6, "value": 0.15899434644618432, "supply": [{"l": "Beans", "v": 0.029227983550672128}, {"l": "Pulses, Other", "v": 0.12976636289551219}]}, {"source": 12, "prod": 2.0, "target": 27, "value": 0.0079346105767289718, "supply": [{"l": "Sweeteners, Other", "v": 0.0079346105767289718}]}, {"source": 28, "prod": 87.0, "target": 21, "value": 0.59638435331599615, "supply": [{"l": "Sugar", "v": 0.18249604326476634}, {"l": "Butter, Ghee", "v": 0.016657660305702534}, {"l": "Palm Oil", "v": 0.0084900333171}, {"l": "Coconut Oil", "v": 0.0084900333171}, {"l": "Oilcrops Oil, Other", "v": 0.020067351476781816}, {"l": "Cottonseed Oil", "v": 0.36018323163454546}]}, {"source": 28, "prod": 534.0, "target": 9, "value": 1.7366910063339922, "supply": [{"l": "Barley", "v": 1.1517100565227099}, {"l": "Rice", "v": 0.48526749769220151}, {"l": "Cereals, Other", "v": 0.034958960717470594}, {"l": "Oats", "v": 0.064754491401610173}]}, {"source": 1, "prod": 8595.0, "target": 0, "value": 6.1467775605036481, "supply": [{"l": "Milk - Excluding Butter", "v": 6.1467775605036481}]}, {"source": 1, "prod": 339.0, "target": 19, "value": 0.52329478081761815, "supply": [{"l": "Eggs", "v": 0.56651676861376365}]}, {"source": 1, "prod": 1952.0, "target": 20, "value": 3.8994996694471724, "supply": [{"l": "Pigmeat", "v": 0.0083870346460086648}, {"l": "Bovine Meat", "v": 1.8587520632485173}, {"l": "Poultry Meat", "v": 0.69279625803863765}, {"l": "Offals, Edible", "v": 0.24716050939583883}, {"l": "Meat, Other", "v": 0.25130498618616004}, {"l": "Mutton & Goat Meat", "v": 0.84109881793201036}]}, {"source": 1, "prod": 1983.0, "target": 7, "value": 1.8479671706149943, "supply": [{"l": "Pelagic Fish", "v": 0.64620921906144801}, {"l": "Crustaceans", "v": 0.0042987510466329119}, {"l": "Freshwater Fish", "v": 0.15110992135286197}, {"l": "Molluscs, Other", "v": 0.0017362031323312885}, {"l": "Demersal Fish", "v": 0.049380806028030612}, {"l": "Fish, Seafood", "v": 0.86028865207015326}, {"l": "Marine Fish, Other", "v": 0.099351453710744678}, {"l": "Cephalopods", "v": 0.035592164212791405}]}, {"source": 1, "prod": 12.0, "target": 23, "value": 0.010838340404808511, "supply": [{"l": "Aquatic Plants", "v": 0.0054191702024042557}, {"l": "Aquatic Products, Other", "v": 0.0054191702024042557}]}, {"source": 21, "prod": 3393.0, "target": 12, "value": 13.440595548132743, "supply": [{"l": "Honey", "v": 0.050940199902600007}, {"l": "Sweeteners, Other", "v": 0.49988046633392524}, {"l": "Sugar", "v": 12.889774881896217}]}, {"source": 21, "prod": 1747.0, "target": 16, "value": 17.818610152186455, "supply": [{"l": "Olive Oil", "v": 2.3021395605104842}, {"l": "Sesameseed Oil", "v": 0.45563178801769999}, {"l": "Soyabean Oil", "v": 3.622747157779024}, {"l": "Coconut Oil", "v": 0.050940199902600007}, {"l": "Cottonseed Oil", "v": 4.7647096070512722}, {"l": "Rape and Mustard Oil", "v": 2.2158986957631002}, {"l": "Maize Germ Oil", "v": 0.022342192939736844}, {"l": "Groundnut Oil", "v": 1.1927317639231458}, {"l": "Palm Oil", "v": 0.34809136600110002}, {"l": "Palmkernel Oil", "v": 0.084900333171}, {"l": "Oilcrops Oil, Other", "v": 0.87292978924000897}, {"l": "Sunflowerseed Oil", "v": 1.8855476978872836}]}, {"source": 21, "prod": 1122.0, "target": 14, "value": 0.91723682083381697, "supply": [{"l": "Beer", "v": 0.099190488259188123}, {"l": "Beverages, Alcoholic", "v": 0.2243794519519286}, {"l": "Alcohol, Non-Food", "v": 0.0064395761899503183}, {"l": "Beverages, Fermented", "v": 0.14857558304924998}, {"l": "Wine", "v": 0.43865172138350011}]}, {"source": 21, "prod": 615.0, "target": 4, "value": 5.1656058185824421, "supply": [{"l": "Fats, Animals, Raw", "v": 3.6079630947562555}, {"l": "Fish, Body Oil", "v": 0.025137975701553503}, {"l": "Butter, Ghee", "v": 1.5325047481246332}]}, {"source": 11, "prod": 3155.0, "target": 29, "value": 9.3038758098708385, "supply": [{"l": "Coconuts - Incl Copra", "v": 0.038353333259999997}, {"l": "Sesame seed", "v": 0.68338666536000003}, {"l": "Groundnuts", "v": 1.4155866639600001}, {"l": "Oilcrops, Other", "v": 0.33123333270000005}, {"l": "Soyabeans", "v": 0.64328999877000004}, {"l": "Sunflower seed", "v": 0.074963333189999995}, {"l": "Cottonseed", "v": 4.6023999912000004}, {"l": "Olives", "v": 2.9950466609400004}, {"l": "Rape and Mustardseed", "v": 0.21617333291999999}]}, {"source": 2, "prod": 11767.0, "target": 29, "value": 40.802411361212087, "supply": [{"l": "Vegetables, Other", "v": 24.228846620340001}, {"l": "Onions", "v": 3.5389666598999998}, {"l": "Tomatoes", "v": 13.259793307980003}]}, {"source": 3, "prod": 5819.8000000000002, "target": 29, "value": 20.291702627867998, "supply": [{"l": "Sugar beet", "v": 3.6679733263200003}, {"l": "Sugar cane", "v": 16.623729301548}]}, {"source": 5, "prod": 1443.0, "target": 29, "value": 5.1730884784367435, "supply": [{"l": "Roots, Other", "v": 0.15864333303}, {"l": "Yams", "v": 0.201354999615}, {"l": "Potatoes", "v": 4.1683099920300002}, {"l": "Sweet potatoes", "v": 0.28416333279}, {"l": "Cassava", "v": 0.21878833291500002}]}, {"source": 6, "prod": 846.5, "target": 29, "value": 2.9386236381900757, "supply": [{"l": "Pulses, Other", "v": 2.6725299948900001}, {"l": "Beans", "v": 0.16910333301000005}, {"l": "Peas", "v": 0.10982999979000004}]}, {"source": 9, "prod": 50491.0, "target": 29, "value": 164.44403142970057, "supply": [{"l": "Sorghum", "v": 20.70731329374}, {"l": "Rice", "v": 11.209633311900001}, {"l": "Wheat", "v": 83.254626507479998}, {"l": "Oats", "v": 0.51588703316782691}, {"l": "Maize", "v": 33.213986603159995}, {"l": "Barley", "v": 23.90458662096}, {"l": "Cereals, Other", "v": 0.35299721191846889}, {"l": "Rye", "v": 0.017640996859756161}, {"l": "Millet", "v": 2.4546133286399998}]}, {"source": 30, "prod": 0, "target": 11, "value": 0.000420365804523687, "supply": "[{\"l\":'Energy for power irrigation',\"v\":0.000420365804523687}]"}, {"source": 30, "prod": 0, "target": 13, "value": 1.3523654250128124e-05, "supply": "[{\"l\":'Energy for power irrigation',\"v\":1.3523654250128124e-05}]"}, {"source": 30, "prod": 0, "target": 2, "value": 0.0015678112272045088, "supply": "[{\"l\":'Energy for power irrigation',\"v\":0.0015678112272045088}]"}, {"source": 30, "prod": 0, "target": 3, "value": 0.0019385458868200901, "supply": "[{\"l\":'Energy for power irrigation',\"v\":0.0019385458868200901}]"}, {"source": 30, "prod": 0, "target": 5, "value": 0.0003845247898115248, "supply": "[{\"l\":'Energy for power irrigation',\"v\":0.0003845247898115248}]"}, {"source": 30, "prod": 0, "target": 6, "value": 0.00011278594406633948, "supply": "[{\"l\":'Energy for power irrigation',\"v\":0.00011278594406633948}]"}, {"source": 30, "prod": 0, "target": 15, "value": 1.3923368168851124e-05, "supply": "[{\"l\":'Energy for power irrigation',\"v\":1.3923368168851124e-05}]"}, {"source": 30, "prod": 0, "target": 9, "value": 0.0033636592450404881, "supply": "[{\"l\":'Energy for power irrigation',\"v\":0.0033636592450404881}]"}, {"source": 30, "prod": 0, "target": 17, "value": 1.5122509925020119e-05, "supply": "[{\"l\":'Energy for power irrigation',\"v\":1.5122509925020119e-05}]"}, {"source": 30, "prod": 0, "target": 8, "value": 0.00089782408043830898, "supply": "[{\"l\":'Energy for power irrigation',\"v\":0.00089782408043830898}]"}, {"source": 30, "prod": 0, "target": 21, "value": 1.7460000013968, "supply": "[{\"l\":'Electricity',\"v\":1.7460000013968}]"}, {"source": 31, "prod": 0, "target": 30, "value": 3.7636430013910727, "supply": [{"l": "Coal", "v": 0.096280313639086526}, {"l": "Natural gas", "v": 1.3801292154569516}, {"l": "Oil", "v": 2.2872334722950347}]}, {"source": 32, "prod": 0, "target": 30, "value": 0.22238365971639498, "supply": [{"l": "Nuclear", "v": 0.0}, {"l": "Hydroelectric", "v": 0.22238365971639498}, {"l": "Renewable", "v": 0.0}]}, {"source": 31, "prod": 0, "target": 11, "value": 3.1265113754175808, "supply": [{"l": "Motor Gasoline", "v": 0.00059183871413949886}, {"l": "Gas-Diesel oil", "v": 0.11738357160273179}, {"l": "Natural gas (including LNG)", "v": 0.0079357154898163067}, {"l": "Fuel oil", "v": 0.014033123822395703}, {"l": "Liquefied petroleum gas (LPG)", "v": 0.24097142986113812}, {"l": "Other fossil fuels", "v": 2.7455956959273595}]}, {"source": 31, "prod": 0, "target": 13, "value": 0.10058348798886987, "supply": [{"l": "Motor Gasoline", "v": 1.9040136128418112e-05}, {"l": "Gas-Diesel oil", "v": 0.0037763652987883602}, {"l": "Natural gas (including LNG)", "v": 0.00025530114808759274}, {"l": "Fuel oil", "v": 0.00045146182820068588}, {"l": "Liquefied petroleum gas (LPG)", "v": 0.0077523296769906568}, {"l": "Other fossil fuels", "v": 0.088328989900674171}]}, {"source": 31, "prod": 0, "target": 2, "value": 11.660747814433812, "supply": [{"l": "Motor Gasoline", "v": 0.0022073426780600583}, {"l": "Gas-Diesel oil", "v": 0.43779793567332642}, {"l": "Natural gas (including LNG)", "v": 0.029597326202430579}, {"l": "Fuel oil", "v": 0.052338436772782958}, {"l": "Liquefied petroleum gas (LPG)", "v": 0.89873559910491674}, {"l": "Other fossil fuels", "v": 10.240071174002294}]}, {"source": 31, "prod": 0, "target": 3, "value": 14.418122743783865, "supply": [{"l": "Motor Gasoline", "v": 0.0027293050305460028}, {"l": "Gas-Diesel oil", "v": 0.54132243265735214}, {"l": "Natural gas (including LNG)", "v": 0.036596099055176655}, {"l": "Fuel oil", "v": 0.064714717925181076}, {"l": "Liquefied petroleum gas (LPG)", "v": 1.1112563609396606}, {"l": "Other fossil fuels", "v": 12.661503828175949}]}, {"source": 31, "prod": 0, "target": 5, "value": 2.8599403579889504, "supply": [{"l": "Motor Gasoline", "v": 0.00054137766371048935}, {"l": "Gas-Diesel oil", "v": 0.10737527342170648}, {"l": "Natural gas (including LNG)", "v": 0.0072591045653280072}, {"l": "Fuel oil", "v": 0.012836638780169255}, {"l": "Liquefied petroleum gas (LPG)", "v": 0.22042584677630575}, {"l": "Other fossil fuels", "v": 2.5115021167817306}]}, {"source": 31, "prod": 0, "target": 6, "value": 0.83885638012392472, "supply": [{"l": "Motor Gasoline", "v": 0.00015879285943552643}, {"l": "Gas-Diesel oil", "v": 0.03149451453620046}, {"l": "Natural gas (including LNG)", "v": 0.0021291864222280519}, {"l": "Fuel oil", "v": 0.0037651471681958678}, {"l": "Liquefied petroleum gas (LPG)", "v": 0.064653665729779222}, {"l": "Other fossil fuels", "v": 0.73665507340808556}]}, {"source": 31, "prod": 0, "target": 15, "value": 0.10355639896391038, "supply": [{"l": "Motor Gasoline", "v": 1.9602898772607811e-05}, {"l": "Gas-Diesel oil", "v": 0.0038879820071269326}, {"l": "Natural gas (including LNG)", "v": 0.00026284699482909796}, {"l": "Fuel oil", "v": 0.00046480552755637119}, {"l": "Liquefied petroleum gas (LPG)", "v": 0.0079814625738475233}, {"l": "Other fossil fuels", "v": 0.090939698961777837}]}, {"source": 31, "prod": 0, "target": 9, "value": 25.017541340128222, "supply": [{"l": "Motor Gasoline", "v": 0.0047357414446303385}, {"l": "Gas-Diesel oil", "v": 0.93927320345380827}, {"l": "Natural gas (including LNG)", "v": 0.063499557970889881}, {"l": "Fuel oil", "v": 0.11228945402798438}, {"l": "Liquefied petroleum gas (LPG)", "v": 1.9281915158666758}, {"l": "Other fossil fuels", "v": 21.969551867364231}]}, {"source": 31, "prod": 0, "target": 17, "value": 0.11247513188903183, "supply": [{"l": "Motor Gasoline", "v": 2.1291186705176903e-05}, {"l": "Gas-Diesel oil", "v": 0.0042228321321426494}, {"l": "Natural gas (including LNG)", "v": 0.00028548453505361358}, {"l": "Fuel oil", "v": 0.00050483662562342702}, {"l": "Liquefied petroleum gas (LPG)", "v": 0.0086688612644181227}, {"l": "Other fossil fuels", "v": 0.098771826145088837}]}, {"source": 31, "prod": 0, "target": 8, "value": 6.6776535351034445, "supply": [{"l": "Motor Gasoline", "v": 0.001264058692624093}, {"l": "Gas-Diesel oil", "v": 0.2507097297131563}, {"l": "Natural gas (including LNG)", "v": 0.016949229422544274}, {"l": "Fuel oil", "v": 0.029972172702761788}, {"l": "Liquefied petroleum gas (LPG)", "v": 0.51467067515666531}, {"l": "Other fossil fuels", "v": 5.8640876694156931}]}, {"source": 31, "prod": 0, "target": 1, "value": 0.84651259645417487, "supply": [{"l": "Fossil fuels in fisheries", "v": 0.84651259645417487}]}, {"source": 33, "prod": 40.937212254493609, "target": 11, "value": 0.60435875197558775, "supply": [{"l": "Potash", "v": 0.1251898578760948}, {"l": "Phosphate", "v": 0.67864107986617328}, {"l": "Nitrogen", "v": 11.762042206741594}]}, {"source": 33, "prod": 1.3169974782348974, "target": 13, "value": 0.019442920229959481, "supply": [{"l": "Potash", "v": 0.1251898578760948}, {"l": "Phosphate", "v": 0.67864107986617328}, {"l": "Nitrogen", "v": 11.762042206741594}]}, {"source": 33, "prod": 152.68088006295602, "target": 2, "value": 2.2540378556249574, "supply": [{"l": "Potash", "v": 0.1251898578760948}, {"l": "Phosphate", "v": 0.67864107986617328}, {"l": "Nitrogen", "v": 11.762042206741594}]}, {"source": 33, "prod": 188.78477644905061, "target": 3, "value": 2.7870420481359157, "supply": [{"l": "Potash", "v": 0.1251898578760948}, {"l": "Phosphate", "v": 0.67864107986617328}, {"l": "Nitrogen", "v": 11.762042206741594}]}, {"source": 33, "prod": 37.446844553555799, "target": 5, "value": 0.55283022446958674, "supply": [{"l": "Potash", "v": 0.1251898578760948}, {"l": "Phosphate", "v": 0.67864107986617328}, {"l": "Nitrogen", "v": 11.762042206741594}]}, {"source": 33, "prod": 10.983629215032913, "target": 6, "value": 0.16215203915921872, "supply": [{"l": "Potash", "v": 0.1251898578760948}, {"l": "Phosphate", "v": 0.67864107986617328}, {"l": "Nitrogen", "v": 11.762042206741594}]}, {"source": 33, "prod": 1.3559235120743525, "target": 15, "value": 0.020017587822963208, "supply": [{"l": "Potash", "v": 0.1251898578760948}, {"l": "Phosphate", "v": 0.67864107986617328}, {"l": "Nitrogen", "v": 11.762042206741594}]}, {"source": 33, "prod": 327.56906243132119, "target": 9, "value": 4.8359235730585421, "supply": [{"l": "Potash", "v": 0.1251898578760948}, {"l": "Phosphate", "v": 0.67864107986617328}, {"l": "Nitrogen", "v": 11.762042206741594}]}, {"source": 33, "prod": 1.4727016135927176, "target": 17, "value": 0.021741590601974392, "supply": [{"l": "Potash", "v": 0.1251898578760948}, {"l": "Phosphate", "v": 0.67864107986617328}, {"l": "Nitrogen", "v": 11.762042206741594}]}, {"source": 33, "prod": 87.434359675722717, "target": 8, "value": 1.2907991918185413, "supply": [{"l": "Potash", "v": 0.1251898578760948}, {"l": "Phosphate", "v": 0.67864107986617328}, {"l": "Nitrogen", "v": 11.762042206741594}]}, {"source": 31, "prod": 0, "target": 33, "value": 14.905675060659361, "supply": [{"l": "Natural gas (including LNG)", "v": 10.139417635055093}, {"l": "Fuel oil", "v": 2.6870672697532259}, {"l": "Liquefied petroleum gas (LPG)", "v": 1.0395950779255207}, {"l": "Coal", "v": 1.0395950779255207}]}, {"source": 34, "prod": 0, "target": 5, "value": 0.56137370339289649, "supply": "[{\"l\":'Labor',\"v\":0.56137370339289649}]"}, {"source": 34, "prod": 0, "target": 11, "value": 0.61369855655044647, "supply": "[{\"l\":'Labor',\"v\":0.61369855655044647}]"}, {"source": 34, "prod": 0, "target": 13, "value": 0.01974339254829487, "supply": "[{\"l\":'Labor',\"v\":0.01974339254829487}]"}, {"source": 34, "prod": 0, "target": 2, "value": 2.2888719223230121, "supply": "[{\"l\":'Labor',\"v\":2.2888719223230121}]"}, {"source": 34, "prod": 0, "target": 3, "value": 2.8301132008021299, "supply": "[{\"l\":'Labor',\"v\":2.8301132008021299}]"}, {"source": 34, "prod": 0, "target": 6, "value": 0.16465794869095179, "supply": "[{\"l\":'Labor',\"v\":0.16465794869095179}]"}, {"source": 34, "prod": 0, "target": 9, "value": 4.9106582914086516, "supply": "[{\"l\":'Labor',\"v\":4.9106582914086516}]"}, {"source": 34, "prod": 0, "target": 8, "value": 1.3107472974057632, "supply": "[{\"l\":'Labor',\"v\":1.3107472974057632}]"}, {"source": 34, "prod": 0, "target": 17, "value": 0.022077586741196725, "supply": "[{\"l\":'Labor',\"v\":0.022077586741196725}]"}, {"source": 34, "prod": 0, "target": 18, "value": 0.017798230720876655, "supply": "[{\"l\":'Labor',\"v\":0.017798230720876655}]"}, {"source": 34, "prod": 0, "target": 15, "value": 0.020326941096520335, "supply": "[{\"l\":'Labor',\"v\":0.020326941096520335}]"}, {"source": 31, "prod": 0, "target": 25, "value": 48.153254682308933, "supply": "[{\"l\":'Fossil Fuels',\"v\":48.153254682308933}]"}, {"source": 32, "prod": 0, "target": 25, "value": 0.94716504031716386, "supply": "[{\"l\":'Renewables & Nuclear',\"v\":0.44742719327072394},{\"l\":'Biomass & Waste',\"v\":0.49973784704643992}]"}]}