{"nodes": [{"name": "Balance", "fill": "#9edae5"}, {"name": "Food", "fill": "#b5cf6b"}, {"name": "Stock Deposit", "fill": "#c7c7c7"}, {"name": "Export", "fill": "#aec7e8"}, {"name": "Biofuels & Other", "fill": "#e7ba52"}, {"name": "Renewables & Nuclear", "fill": "#2ca02c"}, {"name": "Fossil Fuels", "fill": "#c49c94"}, {"name": "Stock Draw", "fill": "#c7c7c7"}, {"name": "Labor", "fill": "#7f7f7f"}], "links": [{"source": 0, "target": 1, "value": 2.1203945600079592}, {"source": 0, "target": 2, "value": 0.0028812330261651586}, {"source": 0, "target": 3, "value": 0.092522361280699156}, {"source": 0, "target": 4, "value": 0.058437005071866381}, {"source": 5, "target": 0, "value": 0.99153568044002105}, {"source": 6, "target": 0, "value": 0.31234092205582786}, {"source": 7, "target": 0, "value": 0.010612541646375}, {"source": 8, "target": 0, "value": 0.38243682549590619}]}