{"nodes": [{"layer": 13, "name": "Milk - Excluding Butter"}, {"layer": 16, "name": "Food", "fill": "#b5cf6b"}, {"layer": 13, "name": "Meat"}, {"layer": 5, "name": "Treenuts"}, {"layer": 5, "name": "Vegetables"}, {"layer": 13, "name": "Alcoholic Beverages"}, {"layer": 5, "name": "Sugar Crops", "fill": "#ffbb78"}, {"layer": 5, "name": "Starchy Roots"}, {"layer": 5, "name": "Pulses"}, {"layer": 13, "name": "Fish, Seafood"}, {"layer": 5, "name": "Others"}, {"layer": 13, "name": "Sugar & Sweeteners"}, {"layer": 13, "name": "Vegetable Oils", "fill": "#f7b6d2"}, {"layer": 5, "name": "Cereals - Excluding Beer"}, {"layer": 13, "name": "Eggs"}, {"layer": 5, "name": "Fruits - Excluding Wine"}, {"layer": 5, "name": "Oilcrops", "fill": "#ff9896"}, {"layer": 10, "name": "Processing", "fill": "#9edae5"}, {"layer": 16, "name": "Biofuels & Other", "fill": "#e7ba52"}, {"name": "Seed", "fill": "#dbdb8d"}, {"name": "Waste", "fill": "#c7c7c7"}, {"layer": 0, "name": "Import", "fill": "#aec7e8"}, {"layer": 10, "name": "Feed", "fill": "#dbdb8d"}, {"layer": 16, "name": "Export", "fill": "#aec7e8"}, {"layer": 5, "name": "Stimulants"}, {"layer": 16, "name": "Stock Deposit", "fill": "#c7c7c7"}, {"layer": 0, "name": "Production", "fill": "#b5cf6b"}], "links": [{"source": 0, "prod": 0.0078260083649245825, "target": 1, "value": 12.0, "supply": [{"l": "Milk - Excluding Butter", "v": 12.0}]}, {"source": 2, "prod": 0.032907897215197504, "target": 1, "value": 18.0, "supply": [{"l": "Pigmeat", "v": 3.0}, {"l": "Meat, Other", "v": 8.0}, {"l": "Bovine Meat", "v": 3.0}, {"l": "Poultry Meat", "v": 2.0}, {"l": "Offals, Edible", "v": 1.0}, {"l": "Mutton & Goat Meat", "v": 1.0}]}, {"source": 3, "prod": 0.0049941372453529411, "target": 1, "value": 2.0, "supply": [{"l": "Treenuts", "v": 2.0}]}, {"source": 4, "prod": 0.018333958990415282, "target": 1, "value": 55.0, "supply": [{"l": "Vegetables, Other", "v": 55.0}]}, {"source": 5, "prod": 0.027164232077742694, "target": 1, "value": 18.0, "supply": [{"l": "Beer", "v": 12.0}, {"l": "Beverages, Alcoholic", "v": 6.0}]}, {"source": 6, "prod": 0.00498217523997485, "target": 1, "value": 14.0, "supply": [{"l": "Sugar cane", "v": 14.0}]}, {"source": 7, "prod": 0.3981227931129887, "target": 1, "value": 318.0, "supply": [{"l": "Potatoes", "v": 1.0}, {"l": "Yams", "v": 14.0}, {"l": "Roots, Other", "v": 14.0}, {"l": "Sweet potatoes", "v": 14.0}, {"l": "Cassava", "v": 275.0}]}, {"source": 8, "prod": 0.011939109352171875, "target": 1, "value": 3.0, "supply": [{"l": "Pulses, Other", "v": 3.0}]}, {"source": 9, "prod": 0.03713870540875349, "target": 1, "value": 48.0, "supply": [{"l": "Freshwater Fish", "v": 4.0}, {"l": "Pelagic Fish", "v": 6.0}, {"l": "Fish, Seafood", "v": 24.0}, {"l": "Marine Fish, Other", "v": 12.0}, {"l": "Demersal Fish", "v": 2.0}]}, {"source": 10, "prod": 0.0060030538605757577, "target": 1, "value": 2.0, "supply": [{"l": "Nuts", "v": 2.0}]}, {"source": 11, "prod": 0.033308446276042646, "target": 1, "value": 8.0, "supply": [{"l": "Sugar", "v": 8.0}]}, {"source": 12, "prod": 0.2263703052479287, "target": 1, "value": 22.0, "supply": [{"l": "Oilcrops Oil, Other", "v": 1.0}, {"l": "Soyabean Oil", "v": 1.0}, {"l": "Palm Oil", "v": 19.0}, {"l": "Palmkernel Oil", "v": 1.0}]}, {"source": 13, "prod": 0.80019604376811504, "target": 1, "value": 187.0, "supply": [{"l": "Rice", "v": 178.0}, {"l": "Wheat", "v": 9.0}]}, {"source": 14, "prod": 0.0047166851761666663, "target": 1, "value": 3.0, "supply": [{"l": "Eggs", "v": 3.0}]}, {"source": 15, "prod": 0.078007095671863966, "target": 1, "value": 106.0, "supply": [{"l": "Plantains", "v": 28.0}, {"l": "Pineapples", "v": 6.0}, {"l": "Bananas", "v": 63.0}, {"l": "Fruits, Other", "v": 4.0}, {"l": "Oranges, Mandarines", "v": 5.0}]}, {"source": 16, "prod": 0.023074369005112907, "target": 1, "value": 9.0, "supply": [{"l": "Soyabeans", "v": 1.0}, {"l": "Coconuts - Incl Copra", "v": 6.0}, {"l": "Groundnuts", "v": 2.0}]}, {"source": 13, "prod": 0.0058658412009054547, "target": 17, "value": 2.0, "supply": [{"l": "Barley", "v": 2.0}]}, {"source": 6, "prod": 0.021352179599892215, "target": 17, "value": 60.0, "supply": [{"l": "Sugar cane", "v": 60.0}]}, {"source": 16, "prod": 0.52295992539735392, "target": 17, "value": 123.5271786022433, "supply": [{"l": "Palm kernels", "v": 12.0}, {"l": "Oil Palm", "v": 111.5271786022433}]}, {"source": 12, "prod": 0.051635401845948288, "target": 18, "value": 5.0, "supply": [{"l": "Palm Oil", "v": 4.0}, {"l": "Oilcrops Oil, Other", "v": 1.0}]}, {"source": 5, "prod": 0.0069811945047771893, "target": 18, "value": 2.0, "supply": [{"l": "Beverages, Alcoholic", "v": 2.0}]}, {"source": 13, "prod": 0.030300401632134301, "target": 19, "value": 7.0, "supply": [{"l": "Rice", "v": 7.0}]}, {"source": 6, "prod": 0.0010676089799946107, "target": 19, "value": 3.0, "supply": [{"l": "Sugar cane", "v": 3.0}]}, {"source": 16, "prod": 0.0010353699167195123, "target": 20, "value": 1.0, "supply": [{"l": "Coconuts - Incl Copra", "v": 1.0}]}, {"source": 4, "prod": 0.0023334129624164907, "target": 20, "value": 7.0, "supply": [{"l": "Vegetables, Other", "v": 7.0}]}, {"source": 6, "prod": 0.0053380448999730537, "target": 20, "value": 15.0, "supply": [{"l": "Sugar cane", "v": 15.0}]}, {"source": 7, "prod": 0.0065389076479527939, "target": 20, "value": 6.0, "supply": [{"l": "Roots, Other", "v": 2.0}, {"l": "Yams", "v": 2.0}, {"l": "Sweet potatoes", "v": 2.0}]}, {"source": 13, "prod": 0.069258060873449823, "target": 20, "value": 16.0, "supply": [{"l": "Rice", "v": 16.0}]}, {"source": 15, "prod": 0.0069637235635583317, "target": 20, "value": 10.0, "supply": [{"l": "Bananas", "v": 6.0}, {"l": "Plantains", "v": 2.0}, {"l": "Oranges, Mandarines", "v": 1.0}, {"l": "Pineapples", "v": 1.0}]}, {"source": 21, "prod": 0.035462693956563922, "target": 22, "value": 45.0, "supply": [{"l": "Pelagic Fish", "v": 4.0}, {"l": "Milk - Excluding Butter", "v": 12.0}, {"l": "Marine Fish, Other", "v": 11.0}, {"l": "Fish, Seafood", "v": 15.0}, {"l": "Bovine Meat", "v": 1.0}, {"l": "Meat, Other", "v": 2.0}]}, {"source": 21, "prod": 0.20195815707230633, "target": 13, "value": 50.0, "supply": [{"l": "Wheat", "v": 10.0}, {"l": "Barley", "v": 3.0}, {"l": "Rice", "v": 37.0}]}, {"source": 21, "prod": 0.071396327840507701, "target": 17, "value": 13.0, "supply": [{"l": "Soyabean Oil", "v": 1.0}, {"l": "Sugar", "v": 7.0}, {"l": "Beer", "v": 2.0}, {"l": "Palm Oil", "v": 1.0}, {"l": "Oilcrops Oil, Other", "v": 2.0}]}, {"source": 21, "prod": 0.0010000341267499245, "target": 4, "value": 3.0, "supply": [{"l": "Vegetables, Other", "v": 3.0}]}, {"source": 21, "prod": 0.00068193038691566278, "target": 15, "value": 2.0, "supply": [{"l": "Fruits, Other", "v": 2.0}]}, {"source": 21, "prod": 0.00088437847053125004, "target": 7, "value": 1.0, "supply": [{"l": "Potatoes", "v": 1.0}]}, {"source": 12, "prod": 0.051755012779693112, "target": 23, "value": 5.0, "supply": [{"l": "Palm Oil", "v": 1.0}, {"l": "Palmkernel Oil", "v": 4.0}]}, {"source": 24, "prod": 0.0083732903269644384, "target": 23, "value": 7.0, "supply": [{"l": "Coffee", "v": 4.0}, {"l": "Cocoa Beans", "v": 3.0}]}, {"source": 9, "prod": 0.0028680542019183836, "target": 23, "value": 4.0, "supply": [{"l": "Fish, Seafood", "v": 2.0}, {"l": "Crustaceans", "v": 2.0}]}, {"source": 13, "prod": 0.0029329206004527274, "target": 25, "value": 1.0, "supply": [{"l": "Barley", "v": 1.0}]}, {"source": 26, "prod": 0.0049941372453529411, "target": 3, "value": 2.0, "supply": [{"l": "Treenuts", "v": 2.0}]}, {"source": 26, "prod": 0.032740008719834728, "target": 6, "value": 92.0, "supply": [{"l": "Sugar cane", "v": 92.0}]}, {"source": 26, "prod": 0.0060030538605757577, "target": 10, "value": 2.0, "supply": [{"l": "Nuts", "v": 2.0}]}, {"source": 26, "prod": 0.40050786846643388, "target": 7, "value": 320.0, "supply": [{"l": "Roots, Other", "v": 15.0}, {"l": "Yams", "v": 15.0}, {"l": "Sweet potatoes", "v": 15.0}, {"l": "Cassava", "v": 275.0}]}, {"source": 26, "prod": 0.011939109352171875, "target": 8, "value": 3.0, "supply": [{"l": "Pulses, Other", "v": 3.0}]}, {"source": 26, "prod": 0.084288888848506646, "target": 15, "value": 114.0, "supply": [{"l": "Plantains", "v": 30.0}, {"l": "Fruits, Other", "v": 2.0}, {"l": "Pineapples", "v": 7.0}, {"l": "Bananas", "v": 69.0}, {"l": "Oranges, Mandarines", "v": 6.0}]}, {"source": 26, "prod": 0.70556649514827019, "target": 13, "value": 163.0, "supply": [{"l": "Rice", "v": 163.0}]}, {"source": 26, "prod": 0.0083732903269644384, "target": 24, "value": 7.0, "supply": [{"l": "Cocoa Beans", "v": 3.0}, {"l": "Coffee", "v": 4.0}]}, {"source": 26, "prod": 0.020000682534998492, "target": 4, "value": 60.0, "supply": [{"l": "Vegetables, Other", "v": 60.0}]}, {"source": 26, "prod": 0.55119676384833216, "target": 16, "value": 134.52717860224328, "supply": [{"l": "Soyabeans", "v": 2.0}, {"l": "Coconuts - Incl Copra", "v": 7.0}, {"l": "Groundnuts", "v": 2.0}, {"l": "Palm kernels", "v": 12.0}, {"l": "Oil Palm", "v": 111.5271786022433}]}, {"source": 22, "prod": 0.0078260083649245825, "target": 0, "value": 12.0, "supply": [{"l": "Milk - Excluding Butter", "v": 12.0}]}, {"source": 22, "prod": 0.0047166851761666663, "target": 14, "value": 3.0, "supply": [{"l": "Eggs", "v": 3.0}]}, {"source": 22, "prod": 0.032907897215197504, "target": 2, "value": 18.0, "supply": [{"l": "Pigmeat", "v": 3.0}, {"l": "Bovine Meat", "v": 3.0}, {"l": "Poultry Meat", "v": 2.0}, {"l": "Offals, Edible", "v": 1.0}, {"l": "Meat, Other", "v": 8.0}, {"l": "Mutton & Goat Meat", "v": 1.0}]}, {"source": 22, "prod": 0.040006759610671877, "target": 9, "value": 52.0, "supply": [{"l": "Pelagic Fish", "v": 6.0}, {"l": "Crustaceans", "v": 2.0}, {"l": "Freshwater Fish", "v": 4.0}, {"l": "Demersal Fish", "v": 2.0}, {"l": "Fish, Seafood", "v": 26.0}, {"l": "Marine Fish, Other", "v": 12.0}]}, {"source": 17, "prod": 0.033308446276042646, "target": 11, "value": 8.0, "supply": [{"l": "Sugar", "v": 8.0}]}, {"source": 17, "prod": 0.32976071987357014, "target": 12, "value": 32.0, "supply": [{"l": "Palm Oil", "v": 24.0}, {"l": "Palmkernel Oil", "v": 5.0}, {"l": "Oilcrops Oil, Other", "v": 2.0}, {"l": "Soyabean Oil", "v": 1.0}]}, {"source": 17, "prod": 0.034145426582519886, "target": 5, "value": 20.0, "supply": [{"l": "Beer", "v": 12.0}, {"l": "Beverages, Alcoholic", "v": 8.0}]}]}