{"nodes": [{"layer": 5, "name": "Sunflower seed"}, {"layer": 10, "name": "Feed", "fill": "#dbdb8d"}, {"layer": 5, "name": "Maize"}, {"layer": 5, "name": "Rye"}, {"layer": 5, "name": "Wheat"}, {"layer": 5, "name": "Oats"}, {"layer": 5, "name": "Soyabeans"}, {"layer": 5, "name": "Potatoes"}, {"layer": 5, "name": "Vegetables, Other"}, {"layer": 5, "name": "Peas"}, {"layer": 13, "name": "Milk - Excluding Butter"}, {"layer": 13, "name": "Pelagic Fish"}, {"layer": 5, "name": "Beans"}, {"layer": 5, "name": "Apples"}, {"layer": 13, "name": "Fish, Seafood"}, {"layer": 5, "name": "Sugar beet"}, {"layer": 5, "name": "Cereals, Other"}, {"layer": 5, "name": "Pulses, Other"}, {"layer": 5, "name": "Barley"}, {"layer": 16, "name": "Food", "fill": "#b5cf6b"}, {"layer": 5, "name": "Olives"}, {"layer": 5, "name": "Nuts"}, {"layer": 13, "name": "Sugar", "fill": "#d6616b"}, {"layer": 13, "name": "Maize Germ Oil"}, {"layer": 13, "name": "Beer"}, {"layer": 5, "name": "Grapefruit"}, {"layer": 13, "name": "Beverages, Alcoholic"}, {"layer": 5, "name": "Cocoa Beans"}, {"layer": 5, "name": "Rice"}, {"layer": 13, "name": "Butter, Ghee"}, {"layer": 5, "name": "Tomatoes"}, {"layer": 13, "name": "Fats, Animals, Raw"}, {"layer": 5, "name": "Coffee"}, {"layer": 5, "name": "Treenuts"}, {"layer": 13, "name": "Crustaceans"}, {"layer": 13, "name": "Eggs"}, {"layer": 13, "name": "Marine Fish, Other"}, {"layer": 5, "name": "Grapes"}, {"layer": 5, "name": "Groundnuts"}, {"layer": 13, "name": "Wine"}, {"layer": 13, "name": "Sunflowerseed Oil"}, {"layer": 13, "name": "Pigmeat"}, {"layer": 13, "name": "Poultry Meat"}, {"layer": 13, "name": "Freshwater Fish"}, {"layer": 13, "name": "Rape and Mustard Oil"}, {"layer": 5, "name": "Pineapples"}, {"layer": 13, "name": "Meat, Other"}, {"layer": 5, "name": "Lemons, Limes"}, {"layer": 13, "name": "Mutton & Goat Meat"}, {"layer": 13, "name": "Sweeteners, Other"}, {"layer": 5, "name": "Bananas"}, {"layer": 13, "name": "Bovine Meat"}, {"layer": 5, "name": "Fruits, Other"}, {"layer": 13, "name": "Honey"}, {"layer": 13, "name": "Offals, Edible"}, {"layer": 5, "name": "Infant food"}, {"layer": 13, "name": "Demersal Fish"}, {"layer": 5, "name": "Oranges, Mandarines"}, {"layer": 5, "name": "Tea"}, {"layer": 5, "name": "Onions"}, {"layer": 10, "name": "Processing", "fill": "#9edae5"}, {"layer": 5, "name": "Rape and Mustardseed"}, {"layer": 16, "name": "Biofuels & Other", "fill": "#e7ba52"}, {"layer": 13, "name": "Palm Oil"}, {"layer": 13, "name": "Oilcrops Oil, Other"}, {"name": "Waste", "fill": "#c7c7c7"}, {"layer": 2, "name": "Import", "fill": "#aec7e8"}, {"layer": 16, "name": "Export", "fill": "#aec7e8"}, {"layer": 13, "name": "Soyabean Oil"}, {"layer": 13, "name": "Beverages, Fermented"}, {"layer": 16, "name": "Stock Deposit", "fill": "#c7c7c7"}, {"layer": 0, "name": "Stock Draw", "fill": "#c7c7c7"}, {"layer": 5, "name": "Oil Palm"}, {"layer": 2, "name": "Electricity", "fill": "#bcbd22"}, {"layer": 5, "name": "Millet"}, {"layer": 0, "name": "Fossil Fuels", "fill": "#c49c94"}, {"layer": 0, "name": "Renewables & Nuclear", "fill": "#2ca02c"}, {"layer": 2, "name": "Fertilizers", "fill": "#c5b0d5"}, {"layer": 0, "name": "Labor", "fill": "#7f7f7f"}], "links": [{"source": 0, "prod": 29.0, "target": 1, "value": 0.17177509269481395, "supply": [{"l": "Sunflower seed", "v": 0.17177509269481395}]}, {"source": 2, "prod": 745.0, "target": 1, "value": 2.3606563161833889, "supply": [{"l": "Maize", "v": 2.3606563161833889}]}, {"source": 3, "prod": 1.0, "target": 1, "value": 0.0029715116609850003, "supply": [{"l": "Rye", "v": 0.0029715116609850003}]}, {"source": 4, "prod": 199.0, "target": 1, "value": 0.60730534383925383, "supply": [{"l": "Wheat", "v": 0.60730534383925383}]}, {"source": 5, "prod": 2.0, "target": 1, "value": 0.0044104069179740262, "supply": [{"l": "Oats", "v": 0.0044104069179740262}]}, {"source": 6, "prod": 11.0, "target": 1, "value": 0.065156069642860456, "supply": [{"l": "Soyabeans", "v": 0.065156069642860456}]}, {"source": 7, "prod": 79.0, "target": 1, "value": 0.06163367539457773, "supply": [{"l": "Potatoes", "v": 0.06163367539457773}]}, {"source": 8, "prod": 7.0, "target": 1, "value": 0.0022640845431913517, "supply": [{"l": "Vegetables, Other", "v": 0.0022640845431913517}]}, {"source": 9, "prod": 10.0, "target": 1, "value": 0.038591060532272729, "supply": [{"l": "Peas", "v": 0.038591060532272729}]}, {"source": 10, "prod": 75.0, "target": 1, "value": 0.068821549740122681, "supply": [{"l": "Milk - Excluding Butter", "v": 0.068821549740122681}]}, {"source": 11, "prod": 5.0, "target": 1, "value": 0.0048445268571184032, "supply": [{"l": "Pelagic Fish", "v": 0.0048445268571184032}]}, {"source": 12, "prod": 15.0, "target": 1, "value": 0.05788659079840909, "supply": [{"l": "Beans", "v": 0.05788659079840909}]}, {"source": 13, "prod": 23.0, "target": 1, "value": 0.010359191845798411, "supply": [{"l": "Apples", "v": 0.010359191845798411}]}, {"source": 14, "prod": 5.0, "target": 1, "value": 0.0043913965433275866, "supply": [{"l": "Fish, Seafood", "v": 0.0043913965433275866}]}, {"source": 15, "prod": 192.0, "target": 1, "value": 0.22314666624000001, "supply": [{"l": "Sugar beet", "v": 0.22314666624000001}]}, {"source": 16, "prod": 9.0, "target": 1, "value": 0.031634837519130571, "supply": [{"l": "Cereals, Other", "v": 0.031634837519130571}]}, {"source": 17, "prod": 4.0, "target": 1, "value": 0.015436424212909092, "supply": [{"l": "Pulses, Other", "v": 0.015436424212909092}]}, {"source": 18, "prod": 37.0, "target": 1, "value": 0.11286152074228745, "supply": [{"l": "Barley", "v": 0.11286152074228745}]}, {"source": 2, "prod": 248.0, "target": 19, "value": 0.78582921666238992, "supply": [{"l": "Maize", "v": 0.78582921666238992}]}, {"source": 20, "prod": 2.0, "target": 19, "value": 0.0032653974296538461, "supply": [{"l": "Olives", "v": 0.0032653974296538461}]}, {"source": 3, "prod": 4.0, "target": 19, "value": 0.011886046643940001, "supply": [{"l": "Rye", "v": 0.011886046643940001}]}, {"source": 21, "prod": 4.0, "target": 19, "value": 0.015436424212909092, "supply": [{"l": "Nuts", "v": 0.015436424212909092}]}, {"source": 22, "prod": 86.0, "target": 19, "value": 0.30005871175504112, "supply": [{"l": "Sugar", "v": 0.30005871175504112}]}, {"source": 23, "prod": 4.0, "target": 19, "value": 0.041259974998990652, "supply": [{"l": "Maize Germ Oil", "v": 0.041259974998990652}]}, {"source": 24, "prod": 147.0, "target": 19, "value": 0.083511628836604471, "supply": [{"l": "Beer", "v": 0.083511628836604471}]}, {"source": 25, "prod": 2.0, "target": 19, "value": 0.0010671431517869923, "supply": [{"l": "Grapefruit", "v": 0.0010671431517869923}]}, {"source": 26, "prod": 12.0, "target": 19, "value": 0.041552428923571007, "supply": [{"l": "Beverages, Alcoholic", "v": 0.041552428923571007}]}, {"source": 18, "prod": 18.0, "target": 19, "value": 0.054905604685437134, "supply": [{"l": "Barley", "v": 0.054905604685437134}]}, {"source": 27, "prod": 5.0, "target": 19, "value": 0.032006077981130955, "supply": [{"l": "Cocoa Beans", "v": 0.032006077981130955}]}, {"source": 28, "prod": 7.0, "target": 19, "value": 0.028300111057000001, "supply": [{"l": "Rice", "v": 0.028300111057000001}]}, {"source": 29, "prod": 4.0, "target": 19, "value": 0.032971003173203887, "supply": [{"l": "Butter, Ghee", "v": 0.032971003173203887}]}, {"source": 30, "prod": 92.0, "target": 19, "value": 0.019972619683815106, "supply": [{"l": "Tomatoes", "v": 0.019972619683815106}]}, {"source": 31, "prod": 8.0, "target": 19, "value": 0.066443739003391303, "supply": [{"l": "Fats, Animals, Raw", "v": 0.066443739003391303}]}, {"source": 32, "prod": 4.0, "target": 19, "value": 0.0030321547561071431, "supply": [{"l": "Coffee", "v": 0.0030321547561071431}]}, {"source": 4, "prod": 270.0, "target": 19, "value": 0.82398212480702793, "supply": [{"l": "Wheat", "v": 0.82398212480702793}]}, {"source": 33, "prod": 4.0, "target": 19, "value": 0.0169800666342, "supply": [{"l": "Treenuts", "v": 0.0169800666342}]}, {"source": 34, "prod": 1.0, "target": 19, "value": 0.00087827930866551734, "supply": [{"l": "Crustaceans", "v": 0.00087827930866551734}]}, {"source": 35, "prod": 30.0, "target": 19, "value": 0.048027560735419722, "supply": [{"l": "Eggs", "v": 0.048027560735419722}]}, {"source": 8, "prod": 272.0, "target": 19, "value": 0.087975856535435368, "supply": [{"l": "Vegetables, Other", "v": 0.087975856535435368}]}, {"source": 9, "prod": 4.0, "target": 19, "value": 0.015436424212909092, "supply": [{"l": "Peas", "v": 0.015436424212909092}]}, {"source": 36, "prod": 11.0, "target": 19, "value": 0.0080232273615206181, "supply": [{"l": "Marine Fish, Other", "v": 0.0080232273615206181}]}, {"source": 37, "prod": 65.0, "target": 19, "value": 0.040281179971642336, "supply": [{"l": "Grapes", "v": 0.040281179971642336}]}, {"source": 38, "prod": 2.0, "target": 19, "value": 0.011846558116883722, "supply": [{"l": "Groundnuts", "v": 0.011846558116883722}]}, {"source": 39, "prod": 52.0, "target": 19, "value": 0.044516586377561895, "supply": [{"l": "Wine", "v": 0.044516586377561895}]}, {"source": 40, "prod": 45.0, "target": 19, "value": 0.46436340764870132, "supply": [{"l": "Sunflowerseed Oil", "v": 0.46436340764870132}]}, {"source": 5, "prod": 3.0, "target": 19, "value": 0.0066156103769610397, "supply": [{"l": "Oats", "v": 0.0066156103769610397}]}, {"source": 41, "prod": 48.0, "target": 19, "value": 0.11464411080855214, "supply": [{"l": "Pigmeat", "v": 0.11464411080855214}]}, {"source": 42, "prod": 53.0, "target": 19, "value": 0.076082182624253647, "supply": [{"l": "Poultry Meat", "v": 0.076082182624253647}]}, {"source": 16, "prod": 6.0, "target": 19, "value": 0.021089891679420384, "supply": [{"l": "Cereals, Other", "v": 0.021089891679420384}]}, {"source": 7, "prod": 212.0, "target": 19, "value": 0.16539669852722125, "supply": [{"l": "Potatoes", "v": 0.16539669852722125}]}, {"source": 43, "prod": 12.0, "target": 19, "value": 0.0092060602233614459, "supply": [{"l": "Freshwater Fish", "v": 0.0092060602233614459}]}, {"source": 44, "prod": 1.0, "target": 19, "value": 0.0096477651330681823, "supply": [{"l": "Rape and Mustard Oil", "v": 0.0096477651330681823}]}, {"source": 10, "prod": 567.0, "target": 19, "value": 0.52029091603532751, "supply": [{"l": "Milk - Excluding Butter", "v": 0.52029091603532751}]}, {"source": 45, "prod": 1.0, "target": 19, "value": 0.0013693602124354839, "supply": [{"l": "Pineapples", "v": 0.0013693602124354839}]}, {"source": 13, "prod": 27.0, "target": 19, "value": 0.012160790427676394, "supply": [{"l": "Apples", "v": 0.012160790427676394}]}, {"source": 14, "prod": 58.0, "target": 19, "value": 0.050940199902600007, "supply": [{"l": "Fish, Seafood", "v": 0.050940199902600007}]}, {"source": 46, "prod": 1.0, "target": 19, "value": 0.0019295530266136365, "supply": [{"l": "Meat, Other", "v": 0.0019295530266136365}]}, {"source": 47, "prod": 3.0, "target": 19, "value": 0.0016007147276804886, "supply": [{"l": "Lemons, Limes", "v": 0.0016007147276804886}]}, {"source": 48, "prod": 2.0, "target": 19, "value": 0.0065307948593076922, "supply": [{"l": "Mutton & Goat Meat", "v": 0.0065307948593076922}]}, {"source": 49, "prod": 25.0, "target": 19, "value": 0.062159172500196432, "supply": [{"l": "Sweeteners, Other", "v": 0.062159172500196432}]}, {"source": 11, "prod": 25.0, "target": 19, "value": 0.024222634285592015, "supply": [{"l": "Pelagic Fish", "v": 0.024222634285592015}]}, {"source": 50, "prod": 9.0, "target": 19, "value": 0.0048360949274620256, "supply": [{"l": "Bananas", "v": 0.0048360949274620256}]}, {"source": 51, "prod": 14.0, "target": 19, "value": 0.029405584145164063, "supply": [{"l": "Bovine Meat", "v": 0.029405584145164063}]}, {"source": 52, "prod": 70.0, "target": 19, "value": 0.037085948967051488, "supply": [{"l": "Fruits, Other", "v": 0.037085948967051488}]}, {"source": 53, "prod": 3.0, "target": 19, "value": 0.010467164363547948, "supply": [{"l": "Honey", "v": 0.010467164363547948}]}, {"source": 54, "prod": 8.0, "target": 19, "value": 0.010612541646375, "supply": [{"l": "Offals, Edible", "v": 0.010612541646375}]}, {"source": 55, "prod": 1.0, "target": 19, "value": 0.0056600222113999997, "supply": [{"l": "Infant food", "v": 0.0056600222113999997}]}, {"source": 56, "prod": 9.0, "target": 19, "value": 0.0077026511949495977, "supply": [{"l": "Demersal Fish", "v": 0.0077026511949495977}]}, {"source": 57, "prod": 12.0, "target": 19, "value": 0.0046450030306322198, "supply": [{"l": "Oranges, Mandarines", "v": 0.0046450030306322198}]}, {"source": 58, "prod": 1.0, "target": 19, "value": 0.0035796271426264885, "supply": [{"l": "Tea", "v": 0.0035796271426264885}]}, {"source": 59, "prod": 54.0, "target": 19, "value": 0.021466438754941808, "supply": [{"l": "Onions", "v": 0.021466438754941808}]}, {"source": 0, "prod": 164.0, "target": 60, "value": 0.97141776558446513, "supply": [{"l": "Sunflower seed", "v": 0.97141776558446513}]}, {"source": 2, "prod": 22.0, "target": 60, "value": 0.069710656316824909, "supply": [{"l": "Maize", "v": 0.069710656316824909}]}, {"source": 4, "prod": 44.0, "target": 60, "value": 0.1342785684870712, "supply": [{"l": "Wheat", "v": 0.1342785684870712}]}, {"source": 50, "prod": 1.0, "target": 60, "value": 0.00053734388082911399, "supply": [{"l": "Bananas", "v": 0.00053734388082911399}]}, {"source": 6, "prod": 42.0, "target": 60, "value": 0.24877772045455815, "supply": [{"l": "Soyabeans", "v": 0.24877772045455815}]}, {"source": 52, "prod": 5.0, "target": 60, "value": 0.0026489963547893917, "supply": [{"l": "Fruits, Other", "v": 0.0026489963547893917}]}, {"source": 61, "prod": 18.0, "target": 60, "value": 0.10661902305195348, "supply": [{"l": "Rape and Mustardseed", "v": 0.10661902305195348}]}, {"source": 18, "prod": 19.0, "target": 60, "value": 0.057955916056850319, "supply": [{"l": "Barley", "v": 0.057955916056850319}]}, {"source": 37, "prod": 210.0, "target": 60, "value": 0.13013919683145989, "supply": [{"l": "Grapes", "v": 0.13013919683145989}]}, {"source": 15, "prod": 809.0, "target": 60, "value": 0.94023777598000013, "supply": [{"l": "Sugar beet", "v": 0.94023777598000013}]}, {"source": 13, "prod": 2.0, "target": 60, "value": 0.00090079929093899206, "supply": [{"l": "Apples", "v": 0.00090079929093899206}]}, {"source": 2, "prod": 1.0, "target": 62, "value": 0.0031686661962193139, "supply": [{"l": "Maize", "v": 0.0031686661962193139}]}, {"source": 31, "prod": 6.0, "target": 62, "value": 0.049832804252543481, "supply": [{"l": "Fats, Animals, Raw", "v": 0.049832804252543481}]}, {"source": 7, "prod": 5.0, "target": 62, "value": 0.0039008655313023878, "supply": [{"l": "Potatoes", "v": 0.0039008655313023878}]}, {"source": 37, "prod": 295.0, "target": 62, "value": 0.182814586025146, "supply": [{"l": "Grapes", "v": 0.182814586025146}]}, {"source": 63, "prod": 3.0, "target": 62, "value": 0.03139759272451921, "supply": [{"l": "Palm Oil", "v": 0.03139759272451921}]}, {"source": 64, "prod": 2.0, "target": 62, "value": 0.02122508329275, "supply": [{"l": "Oilcrops Oil, Other", "v": 0.02122508329275}]}, {"source": 40, "prod": 3.0, "target": 62, "value": 0.030957560509913416, "supply": [{"l": "Sunflowerseed Oil", "v": 0.030957560509913416}]}, {"source": 0, "prod": 3.0, "target": 0, "value": 0.017769837175325584, "supply": [{"l": "Sunflower seed", "v": 0.017769837175325584}]}, {"source": 2, "prod": 8.0, "target": 2, "value": 0.025349329569754511, "supply": [{"l": "Maize", "v": 0.025349329569754511}]}, {"source": 4, "prod": 88.0, "target": 4, "value": 0.26855713697414241, "supply": [{"l": "Wheat", "v": 0.26855713697414241}]}, {"source": 6, "prod": 4.0, "target": 6, "value": 0.023693116233767443, "supply": [{"l": "Soyabeans", "v": 0.023693116233767443}]}, {"source": 7, "prod": 6.0, "target": 7, "value": 0.0046810386375628656, "supply": [{"l": "Potatoes", "v": 0.0046810386375628656}]}, {"source": 35, "prod": 1.0, "target": 35, "value": 0.0016009186911806572, "supply": [{"l": "Eggs", "v": 0.0016009186911806572}]}, {"source": 9, "prod": 4.0, "target": 9, "value": 0.015436424212909092, "supply": [{"l": "Peas", "v": 0.015436424212909092}]}, {"source": 18, "prod": 20.0, "target": 18, "value": 0.061006227428263483, "supply": [{"l": "Barley", "v": 0.061006227428263483}]}, {"source": 0, "prod": 6.0, "target": 65, "value": 0.035539674350651168, "supply": [{"l": "Sunflower seed", "v": 0.035539674350651168}]}, {"source": 2, "prod": 60.0, "target": 65, "value": 0.19011997177315884, "supply": [{"l": "Maize", "v": 0.19011997177315884}]}, {"source": 4, "prod": 118.0, "target": 65, "value": 0.36011070639714554, "supply": [{"l": "Wheat", "v": 0.36011070639714554}]}, {"source": 7, "prod": 2.0, "target": 65, "value": 0.0015603462125209553, "supply": [{"l": "Potatoes", "v": 0.0015603462125209553}]}, {"source": 8, "prod": 30.0, "target": 65, "value": 0.0097032194708200781, "supply": [{"l": "Vegetables, Other", "v": 0.0097032194708200781}]}, {"source": 52, "prod": 8.0, "target": 65, "value": 0.0042383941676630262, "supply": [{"l": "Fruits, Other", "v": 0.0042383941676630262}]}, {"source": 9, "prod": 1.0, "target": 65, "value": 0.003859106053227273, "supply": [{"l": "Peas", "v": 0.003859106053227273}]}, {"source": 10, "prod": 1.0, "target": 65, "value": 0.00091762066320163582, "supply": [{"l": "Milk - Excluding Butter", "v": 0.00091762066320163582}]}, {"source": 12, "prod": 1.0, "target": 65, "value": 0.003859106053227273, "supply": [{"l": "Beans", "v": 0.003859106053227273}]}, {"source": 18, "prod": 11.0, "target": 65, "value": 0.033553425085544916, "supply": [{"l": "Barley", "v": 0.033553425085544916}]}, {"source": 37, "prod": 13.0, "target": 65, "value": 0.0080562359943284669, "supply": [{"l": "Grapes", "v": 0.0080562359943284669}]}, {"source": 59, "prod": 1.0, "target": 65, "value": 0.00039752664361003347, "supply": [{"l": "Onions", "v": 0.00039752664361003347}]}, {"source": 30, "prod": 3.0, "target": 65, "value": 0.00065128107664614481, "supply": [{"l": "Tomatoes", "v": 0.00065128107664614481}]}, {"source": 13, "prod": 23.0, "target": 65, "value": 0.010359191845798411, "supply": [{"l": "Apples", "v": 0.010359191845798411}]}, {"source": 66, "prod": 1.0, "target": 55, "value": 0.0056600222113999997, "supply": [{"l": "Infant food", "v": 0.0056600222113999997}]}, {"source": 66, "prod": 19.0, "target": 30, "value": 0.0041247801520922492, "supply": [{"l": "Tomatoes", "v": 0.0041247801520922492}]}, {"source": 66, "prod": 3.0, "target": 47, "value": 0.0016007147276804886, "supply": [{"l": "Lemons, Limes", "v": 0.0016007147276804886}]}, {"source": 66, "prod": 5.0, "target": 33, "value": 0.02122508329275, "supply": [{"l": "Treenuts", "v": 0.02122508329275}]}, {"source": 66, "prod": 4.0, "target": 3, "value": 0.011886046643940001, "supply": [{"l": "Rye", "v": 0.011886046643940001}]}, {"source": 66, "prod": 8.0, "target": 13, "value": 0.0036031971637559682, "supply": [{"l": "Apples", "v": 0.0036031971637559682}]}, {"source": 66, "prod": 1.0, "target": 58, "value": 0.0035796271426264885, "supply": [{"l": "Tea", "v": 0.0035796271426264885}]}, {"source": 66, "prod": 43.0, "target": 8, "value": 0.013907947908175447, "supply": [{"l": "Vegetables, Other", "v": 0.013907947908175447}]}, {"source": 66, "prod": 7.0, "target": 28, "value": 0.028300111057000001, "supply": [{"l": "Rice", "v": 0.028300111057000001}]}, {"source": 66, "prod": 123.0, "target": 4, "value": 0.37536963463431272, "supply": [{"l": "Wheat", "v": 0.37536963463431272}]}, {"source": 66, "prod": 16.0, "target": 18, "value": 0.048804981942610785, "supply": [{"l": "Barley", "v": 0.048804981942610785}]}, {"source": 66, "prod": 2.0, "target": 25, "value": 0.0010671431517869923, "supply": [{"l": "Grapefruit", "v": 0.0010671431517869923}]}, {"source": 66, "prod": 4.0, "target": 32, "value": 0.0030321547561071431, "supply": [{"l": "Coffee", "v": 0.0030321547561071431}]}, {"source": 66, "prod": 2.0, "target": 0, "value": 0.011846558116883722, "supply": [{"l": "Sunflower seed", "v": 0.011846558116883722}]}, {"source": 66, "prod": 2.0, "target": 20, "value": 0.0032653974296538461, "supply": [{"l": "Olives", "v": 0.0032653974296538461}]}, {"source": 66, "prod": 6.0, "target": 16, "value": 0.021089891679420384, "supply": [{"l": "Cereals, Other", "v": 0.021089891679420384}]}, {"source": 66, "prod": 181.0, "target": 1, "value": 0.19896713108299868, "supply": [{"l": "Crustaceans", "v": 0.00087827930866551734}, {"l": "Marine Fish, Other", "v": 0.0080232273615206181}, {"l": "Pigmeat", "v": 0.031049446677316205}, {"l": "Freshwater Fish", "v": 0.0023015150558403615}, {"l": "Milk - Excluding Butter", "v": 0.028446240559250713}, {"l": "Pelagic Fish", "v": 0.029067161142710421}, {"l": "Fish, Seafood", "v": 0.047427082667937936}, {"l": "Bovine Meat", "v": 0.008401595470046876}, {"l": "Poultry Meat", "v": 0.033016796233166675}, {"l": "Offals, Edible", "v": 0.00265313541159375}, {"l": "Demersal Fish", "v": 0.0077026511949495977}]}, {"source": 66, "prod": 5.0, "target": 21, "value": 0.019295530266136365, "supply": [{"l": "Nuts", "v": 0.019295530266136365}]}, {"source": 66, "prod": 2.0, "target": 9, "value": 0.007718212106454546, "supply": [{"l": "Peas", "v": 0.007718212106454546}]}, {"source": 66, "prod": 5.0, "target": 27, "value": 0.032006077981130955, "supply": [{"l": "Cocoa Beans", "v": 0.032006077981130955}]}, {"source": 66, "prod": 14.0, "target": 57, "value": 0.0054191702024042566, "supply": [{"l": "Oranges, Mandarines", "v": 0.0054191702024042566}]}, {"source": 66, "prod": 1.0, "target": 45, "value": 0.0013693602124354839, "supply": [{"l": "Pineapples", "v": 0.0013693602124354839}]}, {"source": 66, "prod": 32.0, "target": 7, "value": 0.024965539400335284, "supply": [{"l": "Potatoes", "v": 0.024965539400335284}]}, {"source": 66, "prod": 11.0, "target": 59, "value": 0.0043727930797103683, "supply": [{"l": "Onions", "v": 0.0043727930797103683}]}, {"source": 66, "prod": 14.0, "target": 50, "value": 0.0075228143316075947, "supply": [{"l": "Bananas", "v": 0.0075228143316075947}]}, {"source": 66, "prod": 6.0, "target": 37, "value": 0.0037182627666131392, "supply": [{"l": "Grapes", "v": 0.0037182627666131392}]}, {"source": 66, "prod": 106.0, "target": 60, "value": 0.27512875484666138, "supply": [{"l": "Sugar", "v": 0.059313931393438359}, {"l": "Beer", "v": 0.032382060161132341}, {"l": "Beverages, Alcoholic", "v": 0.017313512051487918}, {"l": "Fats, Animals, Raw", "v": 0.041527336877119563}, {"l": "Palm Oil", "v": 0.03139759272451921}, {"l": "Sunflowerseed Oil", "v": 0.041276747346551221}, {"l": "Oilcrops Oil, Other", "v": 0.02122508329275}, {"l": "Wine", "v": 0.00085608819956849798}, {"l": "Sweeteners, Other", "v": 0.029836402800094287}]}, {"source": 66, "prod": 5.0, "target": 6, "value": 0.029616395292209302, "supply": [{"l": "Soyabeans", "v": 0.029616395292209302}]}, {"source": 66, "prod": 30.0, "target": 2, "value": 0.095059985886579421, "supply": [{"l": "Maize", "v": 0.095059985886579421}]}, {"source": 66, "prod": 6.0, "target": 52, "value": 0.0031787956257472699, "supply": [{"l": "Fruits, Other", "v": 0.0031787956257472699}]}, {"source": 66, "prod": 2.0, "target": 38, "value": 0.011846558116883722, "supply": [{"l": "Groundnuts", "v": 0.011846558116883722}]}, {"source": 66, "prod": 2.0, "target": 5, "value": 0.0044104069179740262, "supply": [{"l": "Oats", "v": 0.0044104069179740262}]}, {"source": 2, "prod": 25.0, "target": 67, "value": 0.079216654905482853, "supply": [{"l": "Maize", "v": 0.079216654905482853}]}, {"source": 52, "prod": 26.0, "target": 67, "value": 0.013774781044904837, "supply": [{"l": "Fruits, Other", "v": 0.013774781044904837}]}, {"source": 22, "prod": 18.0, "target": 67, "value": 0.062802986181287684, "supply": [{"l": "Sugar", "v": 0.062802986181287684}]}, {"source": 25, "prod": 1.0, "target": 67, "value": 0.00053357157589349613, "supply": [{"l": "Grapefruit", "v": 0.00053357157589349613}]}, {"source": 26, "prod": 9.0, "target": 67, "value": 0.031164321692678253, "supply": [{"l": "Beverages, Alcoholic", "v": 0.031164321692678253}]}, {"source": 18, "prod": 159.0, "target": 67, "value": 0.48499950805469466, "supply": [{"l": "Barley", "v": 0.48499950805469466}]}, {"source": 29, "prod": 1.0, "target": 67, "value": 0.0082427507933009719, "supply": [{"l": "Butter, Ghee", "v": 0.0082427507933009719}]}, {"source": 30, "prod": 7.0, "target": 67, "value": 0.0015196558455076708, "supply": [{"l": "Tomatoes", "v": 0.0015196558455076708}]}, {"source": 0, "prod": 52.0, "target": 67, "value": 0.30801051103897675, "supply": [{"l": "Sunflower seed", "v": 0.30801051103897675}]}, {"source": 4, "prod": 61.0, "target": 67, "value": 0.18615892449343963, "supply": [{"l": "Wheat", "v": 0.18615892449343963}]}, {"source": 68, "prod": 7.0, "target": 67, "value": 0.074287791524625002, "supply": [{"l": "Soyabean Oil", "v": 0.074287791524625002}]}, {"source": 33, "prod": 11.0, "target": 67, "value": 0.046695183244050004, "supply": [{"l": "Treenuts", "v": 0.046695183244050004}]}, {"source": 8, "prod": 39.0, "target": 67, "value": 0.012614185312066102, "supply": [{"l": "Vegetables, Other", "v": 0.012614185312066102}]}, {"source": 9, "prod": 1.0, "target": 67, "value": 0.003859106053227273, "supply": [{"l": "Peas", "v": 0.003859106053227273}]}, {"source": 37, "prod": 58.0, "target": 67, "value": 0.035943206743927009, "supply": [{"l": "Grapes", "v": 0.035943206743927009}]}, {"source": 63, "prod": 2.0, "target": 67, "value": 0.020931728483012807, "supply": [{"l": "Palm Oil", "v": 0.020931728483012807}]}, {"source": 40, "prod": 33.0, "target": 67, "value": 0.34053316560904762, "supply": [{"l": "Sunflowerseed Oil", "v": 0.34053316560904762}]}, {"source": 27, "prod": 1.0, "target": 67, "value": 0.0064012155962261908, "supply": [{"l": "Cocoa Beans", "v": 0.0064012155962261908}]}, {"source": 6, "prod": 21.0, "target": 67, "value": 0.12438886022727907, "supply": [{"l": "Soyabeans", "v": 0.12438886022727907}]}, {"source": 21, "prod": 11.0, "target": 67, "value": 0.0424501665855, "supply": [{"l": "Nuts", "v": 0.0424501665855}]}, {"source": 44, "prod": 7.0, "target": 67, "value": 0.067534355931477275, "supply": [{"l": "Rape and Mustard Oil", "v": 0.067534355931477275}]}, {"source": 10, "prod": 12.0, "target": 67, "value": 0.011011447958419629, "supply": [{"l": "Milk - Excluding Butter", "v": 0.011011447958419629}]}, {"source": 12, "prod": 1.0, "target": 67, "value": 0.003859106053227273, "supply": [{"l": "Beans", "v": 0.003859106053227273}]}, {"source": 13, "prod": 119.0, "target": 67, "value": 0.053597557810870035, "supply": [{"l": "Apples", "v": 0.053597557810870035}]}, {"source": 39, "prod": 90.0, "target": 67, "value": 0.077047937961164811, "supply": [{"l": "Wine", "v": 0.077047937961164811}]}, {"source": 49, "prod": 1.0, "target": 67, "value": 0.0024863669000078571, "supply": [{"l": "Sweeteners, Other", "v": 0.0024863669000078571}]}, {"source": 50, "prod": 5.0, "target": 67, "value": 0.00268671940414557, "supply": [{"l": "Bananas", "v": 0.00268671940414557}]}, {"source": 69, "prod": 1.0, "target": 67, "value": 0.00085608819956849798, "supply": [{"l": "Beverages, Fermented", "v": 0.00085608819956849798}]}, {"source": 61, "prod": 72.0, "target": 67, "value": 0.42647609220781391, "supply": [{"l": "Rape and Mustardseed", "v": 0.42647609220781391}]}, {"source": 57, "prod": 2.0, "target": 67, "value": 0.00077416717177203646, "supply": [{"l": "Oranges, Mandarines", "v": 0.00077416717177203646}]}, {"source": 59, "prod": 4.0, "target": 67, "value": 0.0015901065744401339, "supply": [{"l": "Onions", "v": 0.0015901065744401339}]}, {"source": 31, "prod": 1.0, "target": 70, "value": 0.0083054673754239128, "supply": [{"l": "Fats, Animals, Raw", "v": 0.0083054673754239128}]}, {"source": 50, "prod": 1.0, "target": 70, "value": 0.00053734388082911399, "supply": [{"l": "Bananas", "v": 0.00053734388082911399}]}, {"source": 71, "prod": 80.0, "target": 1, "value": 0.073409653056130855, "supply": [{"l": "Milk - Excluding Butter", "v": 0.073409653056130855}]}, {"source": 23, "prod": 2.0, "target": 70, "value": 0.020629987499495326, "supply": [{"l": "Maize Germ Oil", "v": 0.020629987499495326}]}, {"source": 33, "prod": 4.0, "target": 70, "value": 0.0169800666342, "supply": [{"l": "Treenuts", "v": 0.0169800666342}]}, {"source": 2, "prod": 400.0, "target": 70, "value": 1.2674664784877256, "supply": [{"l": "Maize", "v": 1.2674664784877256}]}, {"source": 13, "prod": 72.0, "target": 70, "value": 0.032428774473803712, "supply": [{"l": "Apples", "v": 0.032428774473803712}]}, {"source": 21, "prod": 4.0, "target": 70, "value": 0.015436424212909092, "supply": [{"l": "Nuts", "v": 0.015436424212909092}]}, {"source": 71, "prod": 15.0, "target": 6, "value": 0.088849185876627906, "supply": [{"l": "Soyabeans", "v": 0.088849185876627906}]}, {"source": 26, "prod": 2.0, "target": 70, "value": 0.0069254048205951678, "supply": [{"l": "Beverages, Alcoholic", "v": 0.0069254048205951678}]}, {"source": 0, "prod": 120.0, "target": 70, "value": 0.71079348701302325, "supply": [{"l": "Sunflower seed", "v": 0.71079348701302325}]}, {"source": 18, "prod": 105.0, "target": 70, "value": 0.32028269399838327, "supply": [{"l": "Barley", "v": 0.32028269399838327}]}, {"source": 5, "prod": 1.0, "target": 70, "value": 0.0022052034589870131, "supply": [{"l": "Oats", "v": 0.0022052034589870131}]}, {"source": 52, "prod": 8.0, "target": 70, "value": 0.0042383941676630262, "supply": [{"l": "Fruits, Other", "v": 0.0042383941676630262}]}, {"source": 8, "prod": 9.0, "target": 70, "value": 0.0029109658412460231, "supply": [{"l": "Vegetables, Other", "v": 0.0029109658412460231}]}, {"source": 71, "prod": 40.0, "target": 15, "value": 0.046488888800000003, "supply": [{"l": "Sugar beet", "v": 0.046488888800000003}]}, {"source": 71, "prod": 5.0, "target": 60, "value": 0.051595934183189043, "supply": [{"l": "Sunflowerseed Oil", "v": 0.051595934183189043}]}, {"source": 22, "prod": 59.0, "target": 70, "value": 0.20585423248310963, "supply": [{"l": "Sugar", "v": 0.20585423248310963}]}, {"source": 61, "prod": 6.0, "target": 70, "value": 0.035539674350651168, "supply": [{"l": "Rape and Mustardseed", "v": 0.035539674350651168}]}, {"source": 39, "prod": 18.0, "target": 70, "value": 0.015409587592232963, "supply": [{"l": "Wine", "v": 0.015409587592232963}]}, {"source": 4, "prod": 630.0, "target": 70, "value": 1.9226249578830652, "supply": [{"l": "Wheat", "v": 1.9226249578830652}]}, {"source": 1, "prod": 53.0, "target": 42, "value": 0.076082182624253647, "supply": [{"l": "Poultry Meat", "v": 0.076082182624253647}]}, {"source": 1, "prod": 48.0, "target": 41, "value": 0.11464411080855214, "supply": [{"l": "Pigmeat", "v": 0.11464411080855214}]}, {"source": 1, "prod": 30.0, "target": 11, "value": 0.029067161142710417, "supply": [{"l": "Pelagic Fish", "v": 0.029067161142710417}]}, {"source": 1, "prod": 1.0, "target": 34, "value": 0.00087827930866551734, "supply": [{"l": "Crustaceans", "v": 0.00087827930866551734}]}, {"source": 1, "prod": 30.0, "target": 35, "value": 0.048027560735419722, "supply": [{"l": "Eggs", "v": 0.049628479426600376}]}, {"source": 1, "prod": 655.0, "target": 10, "value": 0.60104153439707142, "supply": [{"l": "Milk - Excluding Butter", "v": 0.60104153439707142}]}, {"source": 1, "prod": 8.0, "target": 54, "value": 0.010612541646375, "supply": [{"l": "Offals, Edible", "v": 0.010612541646375}]}, {"source": 1, "prod": 11.0, "target": 36, "value": 0.0080232273615206181, "supply": [{"l": "Marine Fish, Other", "v": 0.0080232273615206181}]}, {"source": 1, "prod": 63.0, "target": 14, "value": 0.055331596445927597, "supply": [{"l": "Fish, Seafood", "v": 0.055331596445927597}]}, {"source": 1, "prod": 14.0, "target": 51, "value": 0.029405584145164063, "supply": [{"l": "Bovine Meat", "v": 0.029405584145164063}]}, {"source": 1, "prod": 9.0, "target": 56, "value": 0.0077026511949495977, "supply": [{"l": "Demersal Fish", "v": 0.0077026511949495977}]}, {"source": 1, "prod": 1.0, "target": 46, "value": 0.0019295530266136365, "supply": [{"l": "Meat, Other", "v": 0.0019295530266136365}]}, {"source": 1, "prod": 12.0, "target": 43, "value": 0.0092060602233614459, "supply": [{"l": "Freshwater Fish", "v": 0.0092060602233614459}]}, {"source": 1, "prod": 2.0, "target": 48, "value": 0.0065307948593076922, "supply": [{"l": "Mutton & Goat Meat", "v": 0.0065307948593076922}]}, {"source": 60, "prod": 15.0, "target": 31, "value": 0.12458201063135869, "supply": [{"l": "Fats, Animals, Raw", "v": 0.12458201063135869}]}, {"source": 60, "prod": 26.0, "target": 49, "value": 0.064645539400204288, "supply": [{"l": "Sweeteners, Other", "v": 0.064645539400204288}]}, {"source": 60, "prod": 1.0, "target": 69, "value": 0.00085608819956849798, "supply": [{"l": "Beverages, Fermented", "v": 0.00085608819956849798}]}, {"source": 60, "prod": 7.0, "target": 68, "value": 0.074287791524625002, "supply": [{"l": "Soyabean Oil", "v": 0.074287791524625002}]}, {"source": 60, "prod": 163.0, "target": 22, "value": 0.56871593041943846, "supply": [{"l": "Sugar", "v": 0.56871593041943846}]}, {"source": 60, "prod": 3.0, "target": 53, "value": 0.010467164363547948, "supply": [{"l": "Honey", "v": 0.010467164363547948}]}, {"source": 60, "prod": 6.0, "target": 23, "value": 0.061889962498485981, "supply": [{"l": "Maize Germ Oil", "v": 0.061889962498485981}]}, {"source": 60, "prod": 147.0, "target": 24, "value": 0.083511628836604471, "supply": [{"l": "Beer", "v": 0.083511628836604471}]}, {"source": 60, "prod": 23.0, "target": 26, "value": 0.079642155436844428, "supply": [{"l": "Beverages, Alcoholic", "v": 0.079642155436844428}]}, {"source": 60, "prod": 81.0, "target": 40, "value": 0.83585413376766238, "supply": [{"l": "Sunflowerseed Oil", "v": 0.83585413376766238}]}, {"source": 60, "prod": 5.0, "target": 63, "value": 0.052329321207532017, "supply": [{"l": "Palm Oil", "v": 0.052329321207532017}]}, {"source": 60, "prod": 2.0, "target": 64, "value": 0.02122508329275, "supply": [{"l": "Oilcrops Oil, Other", "v": 0.02122508329275}]}, {"source": 60, "prod": 8.0, "target": 44, "value": 0.077182121064545459, "supply": [{"l": "Rape and Mustard Oil", "v": 0.077182121064545459}]}, {"source": 60, "prod": 5.0, "target": 29, "value": 0.041213753966504861, "supply": [{"l": "Butter, Ghee", "v": 0.041213753966504861}]}, {"source": 60, "prod": 160.0, "target": 39, "value": 0.13697411193095968, "supply": [{"l": "Wine", "v": 0.13697411193095968}]}, {"source": 72, "prod": 9.8617886178861802, "target": 60, "value": 0.041863456966025614, "supply": [{"l": "Oil Palm", "v": 0.041863456966025614}]}, {"source": 73, "prod": 0, "target": 2, "value": 0.0030433024554057672, "supply": "[{\"l\":'Energy for power irrigation',\"v\":0.0030433024554057672}]"}, {"source": 73, "prod": 0, "target": 3, "value": 6.1110491072404972e-06, "supply": "[{\"l\":'Energy for power irrigation',\"v\":6.1110491072404972e-06}]"}, {"source": 73, "prod": 0, "target": 52, "value": 0.00022305329241427811, "supply": "[{\"l\":'Energy for power irrigation',\"v\":0.00022305329241427811}]"}, {"source": 73, "prod": 0, "target": 18, "value": 0.00073536290923793975, "supply": "[{\"l\":'Energy for power irrigation',\"v\":0.00073536290923793975}]"}, {"source": 73, "prod": 0, "target": 21, "value": 3.5647786458902897e-05, "supply": "[{\"l\":'Energy for power irrigation',\"v\":3.5647786458902897e-05}]"}, {"source": 73, "prod": 0, "target": 0, "value": 0.00075980710566690181, "supply": "[{\"l\":'Energy for power irrigation',\"v\":0.00075980710566690181}]"}, {"source": 73, "prod": 0, "target": 16, "value": 2.4444196428961989e-05, "supply": "[{\"l\":'Energy for power irrigation',\"v\":2.4444196428961989e-05}]"}, {"source": 73, "prod": 0, "target": 4, "value": 0.002745898065520063, "supply": "[{\"l\":'Energy for power irrigation',\"v\":0.002745898065520063}]"}, {"source": 73, "prod": 0, "target": 33, "value": 3.5647786458902897e-05, "supply": "[{\"l\":'Energy for power irrigation',\"v\":3.5647786458902897e-05}]"}, {"source": 73, "prod": 0, "target": 8, "value": 0.00068341899182639552, "supply": "[{\"l\":'Energy for power irrigation',\"v\":0.00068341899182639552}]"}, {"source": 73, "prod": 0, "target": 9, "value": 3.8703311012523141e-05, "supply": "[{\"l\":'Energy for power irrigation',\"v\":3.8703311012523141e-05}]"}, {"source": 73, "prod": 0, "target": 30, "value": 0.0001894425223244554, "supply": "[{\"l\":'Energy for power irrigation',\"v\":0.0001894425223244554}]"}, {"source": 73, "prod": 0, "target": 37, "value": 0.0013006349516576858, "supply": "[{\"l\":'Energy for power irrigation',\"v\":0.0013006349516576858}]"}, {"source": 73, "prod": 0, "target": 72, "value": 1.0044312421521305e-05, "supply": "[{\"l\":'Energy for power irrigation',\"v\":1.0044312421521305e-05}]"}, {"source": 73, "prod": 0, "target": 5, "value": 1.0185081845400828e-05, "supply": "[{\"l\":'Energy for power irrigation',\"v\":1.0185081845400828e-05}]"}, {"source": 73, "prod": 0, "target": 6, "value": 0.00013851711309745125, "supply": "[{\"l\":'Energy for power irrigation',\"v\":0.00013851711309745125}]"}, {"source": 73, "prod": 0, "target": 7, "value": 0.00058564220611054762, "supply": "[{\"l\":'Energy for power irrigation',\"v\":0.00058564220611054762}]"}, {"source": 73, "prod": 0, "target": 12, "value": 3.3610770089822733e-05, "supply": "[{\"l\":'Energy for power irrigation',\"v\":3.3610770089822733e-05}]"}, {"source": 73, "prod": 0, "target": 13, "value": 0.00053064276414538315, "supply": "[{\"l\":'Energy for power irrigation',\"v\":0.00053064276414538315}]"}, {"source": 73, "prod": 0, "target": 15, "value": 0.0019983130580676425, "supply": "[{\"l\":'Energy for power irrigation',\"v\":0.0019983130580676425}]"}, {"source": 73, "prod": 0, "target": 74, "value": 1.0185081845400827e-06, "supply": "[{\"l\":'Energy for power irrigation',\"v\":1.0185081845400827e-06}]"}, {"source": 73, "prod": 0, "target": 61, "value": 0.0001945350632471558, "supply": "[{\"l\":'Energy for power irrigation',\"v\":0.0001945350632471558}]"}, {"source": 73, "prod": 0, "target": 59, "value": 0.00010898037574578886, "supply": "[{\"l\":'Energy for power irrigation',\"v\":0.00010898037574578886}]"}, {"source": 73, "prod": 0, "target": 17, "value": 8.1480654763206618e-06, "supply": "[{\"l\":'Energy for power irrigation',\"v\":8.1480654763206618e-06}]"}, {"source": 73, "prod": 0, "target": 60, "value": 0.054000000043199999, "supply": "[{\"l\":'Electricity',\"v\":0.054000000043199999}]"}, {"source": 75, "prod": 0, "target": 73, "value": 0.11702543142845516, "supply": [{"l": "Coal", "v": 0.0}, {"l": "Natural gas", "v": 0.11670095256803177}, {"l": "Oil", "v": 0.00032447886042338852}]}, {"source": 76, "prod": 0, "target": 73, "value": 0.0043604059225259293, "supply": [{"l": "Nuclear", "v": 0.0}, {"l": "Hydroelectric", "v": 0.0043604059225259293}, {"l": "Renewable", "v": 0.0}]}, {"source": 75, "prod": 0, "target": 2, "value": 0.27684580575193452, "supply": [{"l": "Motor Gasoline", "v": 0.0027735825126414477}, {"l": "Gas-Diesel oil", "v": 0.12653296293562905}, {"l": "Natural gas (including LNG)", "v": 0.0062609086064141038}, {"l": "Fuel oil", "v": 0.015176442461947787}, {"l": "Coal", "v": 0.093688236386380658}, {"l": "Other fossil fuels", "v": 0.032413672848921465}]}, {"source": 75, "prod": 0, "target": 3, "value": 0.00055591527259424593, "supply": [{"l": "Motor Gasoline", "v": 5.5694427964687703e-06}, {"l": "Gas-Diesel oil", "v": 0.00025408225489082138}, {"l": "Natural gas (including LNG)", "v": 1.2572105635369686e-05}, {"l": "Fuel oil", "v": 3.0474784060136118e-05}, {"l": "Coal", "v": 0.000188128988727672}, {"l": "Other fossil fuels", "v": 6.5087696483778036e-05}]}, {"source": 75, "prod": 0, "target": 52, "value": 0.020290907449689977, "supply": [{"l": "Motor Gasoline", "v": 0.00020328466207111012}, {"l": "Gas-Diesel oil", "v": 0.0092740023035149787}, {"l": "Natural gas (including LNG)", "v": 0.00045888185569099355}, {"l": "Fuel oil", "v": 0.0011123296181949683}, {"l": "Coal", "v": 0.0068667080885600274}, {"l": "Other fossil fuels", "v": 0.0023757009216578981}]}, {"source": 75, "prod": 0, "target": 18, "value": 0.066895137802174265, "supply": [{"l": "Motor Gasoline", "v": 0.00067018961650840874}, {"l": "Gas-Diesel oil", "v": 0.030574564671862169}, {"l": "Natural gas (including LNG)", "v": 0.0015128433781228189}, {"l": "Fuel oil", "v": 0.0036671323485697131}, {"l": "Coal", "v": 0.022638188310229863}, {"l": "Other fossil fuels", "v": 0.007832219476881291}]}, {"source": 75, "prod": 0, "target": 21, "value": 0.003242839090133101, "supply": [{"l": "Motor Gasoline", "v": 3.2488416312734494e-05}, {"l": "Gas-Diesel oil", "v": 0.0014821464868631244}, {"l": "Natural gas (including LNG)", "v": 7.3337282872989836e-05}, {"l": "Fuel oil", "v": 0.00017776957368412734}, {"l": "Coal", "v": 0.0010974191009114199}, {"l": "Other fossil fuels", "v": 0.00037967822948870521}]}, {"source": 75, "prod": 0, "target": 0, "value": 0.06911879889255125, "supply": [{"l": "Motor Gasoline", "v": 0.00069246738769428379}, {"l": "Gas-Diesel oil", "v": 0.031590893691425453}, {"l": "Natural gas (including LNG)", "v": 0.0015631318006642978}, {"l": "Fuel oil", "v": 0.0037890314848102575}, {"l": "Coal", "v": 0.023390704265140554}, {"l": "Other fossil fuels", "v": 0.0080925702628164026}]}, {"source": 75, "prod": 0, "target": 16, "value": 0.0022236610903769837, "supply": [{"l": "Motor Gasoline", "v": 2.2277771185875081e-05}, {"l": "Gas-Diesel oil", "v": 0.0010163290195632855}, {"l": "Natural gas (including LNG)", "v": 5.0288422541478745e-05}, {"l": "Fuel oil", "v": 0.00012189913624054447}, {"l": "Coal", "v": 0.000752515954910688}, {"l": "Other fossil fuels", "v": 0.00026035078593511214}]}, {"source": 75, "prod": 0, "target": 4, "value": 0.24979126248568118, "supply": [{"l": "Motor Gasoline", "v": 0.0025025362965466341}, {"l": "Gas-Diesel oil", "v": 0.1141676265309424}, {"l": "Natural gas (including LNG)", "v": 0.005649066132159446}, {"l": "Fuel oil", "v": 0.013693336304354497}, {"l": "Coal", "v": 0.084532625601633951}, {"l": "Other fossil fuels", "v": 0.029246071620044264}]}, {"source": 75, "prod": 0, "target": 33, "value": 0.003242839090133101, "supply": [{"l": "Motor Gasoline", "v": 3.2488416312734494e-05}, {"l": "Gas-Diesel oil", "v": 0.0014821464868631244}, {"l": "Natural gas (including LNG)", "v": 7.3337282872989836e-05}, {"l": "Fuel oil", "v": 0.00017776957368412734}, {"l": "Coal", "v": 0.0010974191009114199}, {"l": "Other fossil fuels", "v": 0.00037967822948870521}]}, {"source": 75, "prod": 0, "target": 8, "value": 0.062169857985123173, "supply": [{"l": "Motor Gasoline", "v": 0.00062284935273842416}, {"l": "Gas-Diesel oil", "v": 0.028414865505290186}, {"l": "Natural gas (including LNG)", "v": 0.0014059804802221765}, {"l": "Fuel oil", "v": 0.0034080966840585557}, {"l": "Coal", "v": 0.021039091906044652}, {"l": "Other fossil fuels", "v": 0.0072789740567691767}]}, {"source": 75, "prod": 0, "target": 9, "value": 0.0035207967264302242, "supply": [{"l": "Motor Gasoline", "v": 3.5273137710968875e-05}, {"l": "Gas-Diesel oil", "v": 0.0016091876143085352}, {"l": "Natural gas (including LNG)", "v": 7.9623335690674673e-05}, {"l": "Fuel oil", "v": 0.00019300696571419539}, {"l": "Coal", "v": 0.0011914835952752559}, {"l": "Other fossil fuels", "v": 0.00041222207773059422}]}, {"source": 75, "prod": 0, "target": 30, "value": 0.017233373450421623, "supply": [{"l": "Motor Gasoline", "v": 0.00017265272669053189}, {"l": "Gas-Diesel oil", "v": 0.0078765499016154612}, {"l": "Natural gas (including LNG)", "v": 0.00038973527469646029}, {"l": "Fuel oil", "v": 0.00094471830586421968}, {"l": "Coal", "v": 0.0058319986505578313}, {"l": "Other fossil fuels", "v": 0.0020177185909971192}]}, {"source": 75, "prod": 0, "target": 37, "value": 0.11831730051714201, "supply": [{"l": "Motor Gasoline", "v": 0.0011853630751817699}, {"l": "Gas-Diesel oil", "v": 0.054077173249263144}, {"l": "Natural gas (including LNG)", "v": 0.0026757631493945148}, {"l": "Fuel oil", "v": 0.0064860498741323037}, {"l": "Coal", "v": 0.040040119767539524}, {"l": "Other fossil fuels", "v": 0.013852831401630758}]}, {"source": 75, "prod": 0, "target": 72, "value": 0.00091371981796317127, "supply": [{"l": "Motor Gasoline", "v": 9.1541112630306499e-06}, {"l": "Gas-Diesel oil", "v": 0.00041761758154819286}, {"l": "Natural gas (including LNG)", "v": 2.0663908042958579e-05}, {"l": "Fuel oil", "v": 5.0089313096131596e-05}, {"l": "Coal", "v": 0.00030921471995483217}, {"l": "Other fossil fuels", "v": 0.00010698018405802544}]}, {"source": 75, "prod": 0, "target": 5, "value": 0.00092652545432374332, "supply": [{"l": "Motor Gasoline", "v": 9.2824046607812852e-06}, {"l": "Gas-Diesel oil", "v": 0.00042347042481803563}, {"l": "Natural gas (including LNG)", "v": 2.0953509392282811e-05}, {"l": "Fuel oil", "v": 5.0791306766893533e-05}, {"l": "Coal", "v": 0.00031354831454612003}, {"l": "Other fossil fuels", "v": 0.00010847949413963007}]}, {"source": 75, "prod": 0, "target": 6, "value": 0.012600746178802908, "supply": [{"l": "Motor Gasoline", "v": 0.00012624070338662546}, {"l": "Gas-Diesel oil", "v": 0.0057591977775252835}, {"l": "Natural gas (including LNG)", "v": 0.00028496772773504623}, {"l": "Fuel oil", "v": 0.000690761772029752}, {"l": "Coal", "v": 0.0042642570778272312}, {"l": "Other fossil fuels", "v": 0.0014753211202989688}]}, {"source": 75, "prod": 0, "target": 7, "value": 0.053275213623615238, "supply": [{"l": "Motor Gasoline", "v": 0.00053373826799492385}, {"l": "Gas-Diesel oil", "v": 0.024349549427037046}, {"l": "Natural gas (including LNG)", "v": 0.0012048267900562615}, {"l": "Fuel oil", "v": 0.002920500139096378}, {"l": "Coal", "v": 0.018029028086401899}, {"l": "Other fossil fuels", "v": 0.0062375709130287286}]}, {"source": 75, "prod": 0, "target": 12, "value": 0.0030575339992683528, "supply": [{"l": "Motor Gasoline", "v": 3.0631935380578235e-05}, {"l": "Gas-Diesel oil", "v": 0.0013974524018995173}, {"l": "Natural gas (including LNG)", "v": 6.9146580994533277e-05}, {"l": "Fuel oil", "v": 0.00016761131233074866}, {"l": "Coal", "v": 0.0010347094380021959}, {"l": "Other fossil fuels", "v": 0.00035798233066077921}]}, {"source": 75, "prod": 0, "target": 13, "value": 0.048271976170267024, "supply": [{"l": "Motor Gasoline", "v": 0.00048361328282670491}, {"l": "Gas-Diesel oil", "v": 0.022062809133019654}, {"l": "Natural gas (including LNG)", "v": 0.0010916778393379345}, {"l": "Fuel oil", "v": 0.0026462270825551529}, {"l": "Coal", "v": 0.016335867187852852}, {"l": "Other fossil fuels", "v": 0.0056517816446747266}]}, {"source": 75, "prod": 0, "target": 15, "value": 0.18178429413831843, "supply": [{"l": "Motor Gasoline", "v": 0.0018212077944452878}, {"l": "Gas-Diesel oil", "v": 0.083084897349298581}, {"l": "Natural gas (including LNG)", "v": 0.0041110785427658876}, {"l": "Fuel oil", "v": 0.0099652543876645114}, {"l": "Coal", "v": 0.061518179313948741}, {"l": "Other fossil fuels", "v": 0.021283676750195418}]}, {"source": 75, "prod": 0, "target": 74, "value": 9.2652545432374321e-05, "supply": [{"l": "Motor Gasoline", "v": 9.2824046607812842e-07}, {"l": "Gas-Diesel oil", "v": 4.2347042481803556e-05}, {"l": "Natural gas (including LNG)", "v": 2.0953509392282812e-06}, {"l": "Fuel oil", "v": 5.0791306766893528e-06}, {"l": "Coal", "v": 3.1354831454612e-05}, {"l": "Other fossil fuels", "v": 1.0847949413963007e-05}]}, {"source": 75, "prod": 0, "target": 61, "value": 0.017696636177583495, "supply": [{"l": "Motor Gasoline", "v": 0.00017729392902092253}, {"l": "Gas-Diesel oil", "v": 0.0080882851140244797}, {"l": "Natural gas (including LNG)", "v": 0.00040021202939260168}, {"l": "Fuel oil", "v": 0.00097011395924766642}, {"l": "Coal", "v": 0.0059887728078308914}, {"l": "Other fossil fuels", "v": 0.0020719583380669343}]}, {"source": 75, "prod": 0, "target": 59, "value": 0.0099138223612640526, "supply": [{"l": "Motor Gasoline", "v": 9.9321729870359727e-05}, {"l": "Gas-Diesel oil", "v": 0.004531133545552981}, {"l": "Natural gas (including LNG)", "v": 0.00022420255049742605}, {"l": "Fuel oil", "v": 0.00054346698240576074}, {"l": "Coal", "v": 0.0033549669656434836}, {"l": "Other fossil fuels", "v": 0.0011607305872940415}]}, {"source": 75, "prod": 0, "target": 17, "value": 0.00074122036345899457, "supply": [{"l": "Motor Gasoline", "v": 7.4259237286250273e-06}, {"l": "Gas-Diesel oil", "v": 0.00033877633985442845}, {"l": "Natural gas (including LNG)", "v": 1.676280751382625e-05}, {"l": "Fuel oil", "v": 4.0633045413514822e-05}, {"l": "Coal", "v": 0.000250838651636896}, {"l": "Other fossil fuels", "v": 8.6783595311704052e-05}]}, {"source": 77, "prod": 5.1112304767465107, "target": 2, "value": 0.084613324215271235, "supply": [{"l": "Potash", "v": 0.0026997750021598194}, {"l": "Phosphate", "v": 0.0071541666723899987}, {"l": "Nitrogen", "v": 0.36555005584799555}]}, {"source": 77, "prod": 0.010263515013547211, "target": 3, "value": 0.00016990627352464103, "supply": [{"l": "Potash", "v": 0.0026997750021598194}, {"l": "Phosphate", "v": 0.0071541666723899987}, {"l": "Nitrogen", "v": 0.36555005584799555}]}, {"source": 77, "prod": 0.37461829799447316, "target": 52, "value": 0.0062015789836493973, "supply": [{"l": "Potash", "v": 0.0026997750021598194}, {"l": "Phosphate", "v": 0.0071541666723899987}, {"l": "Nitrogen", "v": 0.36555005584799555}]}, {"source": 77, "prod": 1.2350429732968478, "target": 18, "value": 0.020445388247465137, "supply": [{"l": "Potash", "v": 0.0026997750021598194}, {"l": "Phosphate", "v": 0.0071541666723899987}, {"l": "Nitrogen", "v": 0.36555005584799555}]}, {"source": 77, "prod": 0.059870504245692062, "target": 21, "value": 0.00099111992889373921, "supply": [{"l": "Potash", "v": 0.0026997750021598194}, {"l": "Phosphate", "v": 0.0071541666723899987}, {"l": "Nitrogen", "v": 0.36555005584799555}]}, {"source": 77, "prod": 1.2760970333510366, "target": 0, "value": 0.021125013341563702, "supply": [{"l": "Potash", "v": 0.0026997750021598194}, {"l": "Phosphate", "v": 0.0071541666723899987}, {"l": "Nitrogen", "v": 0.36555005584799555}]}, {"source": 77, "prod": 0.041054060054188844, "target": 16, "value": 0.00067962509409856412, "supply": [{"l": "Potash", "v": 0.0026997750021598194}, {"l": "Phosphate", "v": 0.0071541666723899987}, {"l": "Nitrogen", "v": 0.36555005584799555}]}, {"source": 77, "prod": 4.61173941275388, "target": 4, "value": 0.076344552237072039, "supply": [{"l": "Potash", "v": 0.0026997750021598194}, {"l": "Phosphate", "v": 0.0071541666723899987}, {"l": "Nitrogen", "v": 0.36555005584799555}]}, {"source": 77, "prod": 0.059870504245692062, "target": 33, "value": 0.00099111992889373921, "supply": [{"l": "Potash", "v": 0.0026997750021598194}, {"l": "Phosphate", "v": 0.0071541666723899987}, {"l": "Nitrogen", "v": 0.36555005584799555}]}, {"source": 77, "prod": 1.1478030956816963, "target": 8, "value": 0.019001184922505687, "supply": [{"l": "Potash", "v": 0.0026997750021598194}, {"l": "Phosphate", "v": 0.0071541666723899987}, {"l": "Nitrogen", "v": 0.36555005584799555}]}, {"source": 77, "prod": 0.065002261752465665, "target": 9, "value": 0.0010760730656560597, "supply": [{"l": "Potash", "v": 0.0026997750021598194}, {"l": "Phosphate", "v": 0.0071541666723899987}, {"l": "Nitrogen", "v": 0.36555005584799555}]}, {"source": 77, "prod": 0.31816896541996353, "target": 30, "value": 0.0052670944792638716, "supply": [{"l": "Potash", "v": 0.0026997750021598194}, {"l": "Phosphate", "v": 0.0071541666723899987}, {"l": "Nitrogen", "v": 0.36555005584799555}]}, {"source": 77, "prod": 2.1844181120499648, "target": 37, "value": 0.036161718548494433, "supply": [{"l": "Potash", "v": 0.0026997750021598194}, {"l": "Phosphate", "v": 0.0071541666723899987}, {"l": "Nitrogen", "v": 0.36555005584799555}]}, {"source": 77, "prod": 0.016869435923350634, "target": 72, "value": 0.00027926329239212681, "supply": [{"l": "Potash", "v": 0.0026997750021598194}, {"l": "Phosphate", "v": 0.0071541666723899987}, {"l": "Nitrogen", "v": 0.36555005584799555}]}, {"source": 77, "prod": 0.01710585835591202, "target": 5, "value": 0.0002831771225410684, "supply": [{"l": "Potash", "v": 0.0026997750021598194}, {"l": "Phosphate", "v": 0.0071541666723899987}, {"l": "Nitrogen", "v": 0.36555005584799555}]}, {"source": 77, "prod": 0.23263967364040344, "target": 6, "value": 0.0038512088665585299, "supply": [{"l": "Potash", "v": 0.0026997750021598194}, {"l": "Phosphate", "v": 0.0071541666723899987}, {"l": "Nitrogen", "v": 0.36555005584799555}]}, {"source": 77, "prod": 0.98358685546494096, "target": 7, "value": 0.016282684546111433, "supply": [{"l": "Potash", "v": 0.0026997750021598194}, {"l": "Phosphate", "v": 0.0071541666723899987}, {"l": "Nitrogen", "v": 0.36555005584799555}]}, {"source": 77, "prod": 0.05644933257450966, "target": 12, "value": 0.00093448450438552561, "supply": [{"l": "Potash", "v": 0.0026997750021598194}, {"l": "Phosphate", "v": 0.0071541666723899987}, {"l": "Nitrogen", "v": 0.36555005584799555}]}, {"source": 77, "prod": 0.89121522034301615, "target": 13, "value": 0.014753528084389662, "supply": [{"l": "Potash", "v": 0.0026997750021598194}, {"l": "Phosphate", "v": 0.0071541666723899987}, {"l": "Nitrogen", "v": 0.36555005584799555}]}, {"source": 77, "prod": 3.3561694094299379, "target": 15, "value": 0.055559351442557615, "supply": [{"l": "Potash", "v": 0.0026997750021598194}, {"l": "Phosphate", "v": 0.0071541666723899987}, {"l": "Nitrogen", "v": 0.36555005584799555}]}, {"source": 77, "prod": 0.0017105858355912016, "target": 74, "value": 2.8317712254106836e-05, "supply": [{"l": "Potash", "v": 0.0026997750021598194}, {"l": "Phosphate", "v": 0.0071541666723899987}, {"l": "Nitrogen", "v": 0.36555005584799555}]}, {"source": 77, "prod": 0.32672189459791956, "target": 61, "value": 0.0054086830405344058, "supply": [{"l": "Potash", "v": 0.0026997750021598194}, {"l": "Phosphate", "v": 0.0071541666723899987}, {"l": "Nitrogen", "v": 0.36555005584799555}]}, {"source": 77, "prod": 0.18303268440825859, "target": 59, "value": 0.0030299952111894316, "supply": [{"l": "Potash", "v": 0.0026997750021598194}, {"l": "Phosphate", "v": 0.0071541666723899987}, {"l": "Nitrogen", "v": 0.36555005584799555}]}, {"source": 77, "prod": 0.013684686684729613, "target": 17, "value": 0.00022654169803285469, "supply": [{"l": "Potash", "v": 0.0026997750021598194}, {"l": "Phosphate", "v": 0.0071541666723899987}, {"l": "Nitrogen", "v": 0.36555005584799555}]}, {"source": 75, "prod": 0, "target": 77, "value": 0.44486823212887316, "supply": [{"l": "Natural gas (including LNG)", "v": 0.3019958977934587}, {"l": "Fuel oil", "v": 0.078253617259708169}, {"l": "Liquefied petroleum gas (LPG)", "v": 0.032309358537853133}, {"l": "Coal", "v": 0.032309358537853133}]}, {"source": 78, "prod": 0, "target": 2, "value": 0.037933153908580194, "supply": "[{\"l\":'Labor',\"v\":0.037933153908580194}]"}, {"source": 78, "prod": 0, "target": 20, "value": 2.539033059476586e-05, "supply": "[{\"l\":'Labor',\"v\":2.539033059476586e-05}]"}, {"source": 78, "prod": 0, "target": 3, "value": 7.6170991784297576e-05, "supply": "[{\"l\":'Labor',\"v\":7.6170991784297576e-05}]"}, {"source": 78, "prod": 0, "target": 21, "value": 0.00044433078540840254, "supply": "[{\"l\":'Labor',\"v\":0.00044433078540840254}]"}, {"source": 78, "prod": 0, "target": 25, "value": 3.8085495892148788e-05, "supply": "[{\"l\":'Labor',\"v\":3.8085495892148788e-05}]"}, {"source": 78, "prod": 0, "target": 18, "value": 0.0091659093447104753, "supply": "[{\"l\":'Labor',\"v\":0.0091659093447104753}]"}, {"source": 78, "prod": 0, "target": 27, "value": 7.6170991784297576e-05, "supply": "[{\"l\":'Labor',\"v\":7.6170991784297576e-05}]"}, {"source": 78, "prod": 0, "target": 28, "value": 8.8866157081680507e-05, "supply": "[{\"l\":'Labor',\"v\":8.8866157081680507e-05}]"}, {"source": 78, "prod": 0, "target": 30, "value": 0.002361300745313225, "supply": "[{\"l\":'Labor',\"v\":0.002361300745313225}]"}, {"source": 78, "prod": 0, "target": 0, "value": 0.0094705933118476651, "supply": "[{\"l\":'Labor',\"v\":0.0094705933118476651}]"}, {"source": 78, "prod": 0, "target": 16, "value": 0.0003046839671371903, "supply": "[{\"l\":'Labor',\"v\":0.0003046839671371903}]"}, {"source": 78, "prod": 0, "target": 32, "value": 5.0780661189531719e-05, "supply": "[{\"l\":'Labor',\"v\":5.0780661189531719e-05}]"}, {"source": 78, "prod": 0, "target": 4, "value": 0.034226165641744376, "supply": "[{\"l\":'Labor',\"v\":0.034226165641744376}]"}, {"source": 78, "prod": 0, "target": 33, "value": 0.00044433078540840254, "supply": "[{\"l\":'Labor',\"v\":0.00044433078540840254}]"}, {"source": 78, "prod": 0, "target": 8, "value": 0.0085184559145439452, "supply": "[{\"l\":'Labor',\"v\":0.0085184559145439452}]"}, {"source": 78, "prod": 0, "target": 9, "value": 0.00048241628130055132, "supply": "[{\"l\":'Labor',\"v\":0.00048241628130055132}]"}, {"source": 78, "prod": 0, "target": 37, "value": 0.016211726084758002, "supply": "[{\"l\":'Labor',\"v\":0.016211726084758002}]"}, {"source": 78, "prod": 0, "target": 38, "value": 2.539033059476586e-05, "supply": "[{\"l\":'Labor',\"v\":2.539033059476586e-05}]"}, {"source": 78, "prod": 0, "target": 61, "value": 0.0024247765718001394, "supply": "[{\"l\":'Labor',\"v\":0.0024247765718001394}]"}, {"source": 78, "prod": 0, "target": 5, "value": 0.00012695165297382932, "supply": "[{\"l\":'Labor',\"v\":0.00012695165297382932}]"}, {"source": 78, "prod": 0, "target": 6, "value": 0.0017265424804440784, "supply": "[{\"l\":'Labor',\"v\":0.0017265424804440784}]"}, {"source": 78, "prod": 0, "target": 7, "value": 0.0072997200459951842, "supply": "[{\"l\":'Labor',\"v\":0.0072997200459951842}]"}, {"source": 78, "prod": 0, "target": 72, "value": 0.00012519703663191458, "supply": "[{\"l\":'Labor',\"v\":0.00012519703663191458}]"}, {"source": 78, "prod": 0, "target": 45, "value": 1.269516529738293e-05, "supply": "[{\"l\":'Labor',\"v\":1.269516529738293e-05}]"}, {"source": 78, "prod": 0, "target": 12, "value": 0.00041894045481363665, "supply": "[{\"l\":'Labor',\"v\":0.00041894045481363665}]"}, {"source": 78, "prod": 0, "target": 13, "value": 0.0066141811199365063, "supply": "[{\"l\":'Labor',\"v\":0.0066141811199365063}]"}, {"source": 78, "prod": 0, "target": 15, "value": 0.024907914313465309, "supply": "[{\"l\":'Labor',\"v\":0.024907914313465309}]"}, {"source": 78, "prod": 0, "target": 47, "value": 3.8085495892148788e-05, "supply": "[{\"l\":'Labor',\"v\":3.8085495892148788e-05}]"}, {"source": 78, "prod": 0, "target": 50, "value": 0.00020312264475812688, "supply": "[{\"l\":'Labor',\"v\":0.00020312264475812688}]"}, {"source": 78, "prod": 0, "target": 52, "value": 0.0027802412001268614, "supply": "[{\"l\":'Labor',\"v\":0.0027802412001268614}]"}, {"source": 78, "prod": 0, "target": 74, "value": 1.269516529738293e-05, "supply": "[{\"l\":'Labor',\"v\":1.269516529738293e-05}]"}, {"source": 78, "prod": 0, "target": 55, "value": 1.269516529738293e-05, "supply": "[{\"l\":'Labor',\"v\":1.269516529738293e-05}]"}, {"source": 78, "prod": 0, "target": 57, "value": 0.00017773231416336101, "supply": "[{\"l\":'Labor',\"v\":0.00017773231416336101}]"}, {"source": 78, "prod": 0, "target": 58, "value": 1.269516529738293e-05, "supply": "[{\"l\":'Labor',\"v\":1.269516529738293e-05}]"}, {"source": 78, "prod": 0, "target": 59, "value": 0.0013583826868199735, "supply": "[{\"l\":'Labor',\"v\":0.0013583826868199735}]"}, {"source": 78, "prod": 0, "target": 17, "value": 0.00010156132237906344, "supply": "[{\"l\":'Labor',\"v\":0.00010156132237906344}]"}, {"source": 75, "prod": 0, "target": 66, "value": 3.6422035688722434, "supply": "[{\"l\":'Fossil Fuels',\"v\":3.6422035688722434}]"}, {"source": 76, "prod": 0, "target": 66, "value": 0.13851192487808306, "supply": "[{\"l\":'Renewables & Nuclear',\"v\":0.040680718617732106},{\"l\":'Biomass & Waste',\"v\":0.097831206260350967}]"}]}