{"nodes": [{"layer": 13, "name": "Animal Products", "fill": "#17becf"}, {"layer": 10, "name": "Feed", "fill": "#dbdb8d"}, {"layer": 5, "name": "Cereals", "fill": "#e7ba52"}, {"layer": 5, "name": "Oilcrops", "fill": "#ff9896"}, {"layer": 5, "name": "Sugar Crops", "fill": "#ffbb78"}, {"layer": 5, "name": "Starchy Roots"}, {"layer": 5, "name": "Fruits & Vegetables"}, {"layer": 13, "name": "Other Processed", "fill": "#9c9ede"}, {"layer": 16, "name": "Food", "fill": "#b5cf6b"}, {"layer": 13, "name": "Sugar", "fill": "#d6616b"}, {"layer": 5, "name": "Others"}, {"layer": 13, "name": "Aquatic Products", "fill": "#1f77b4"}, {"layer": 13, "name": "Vegetable Oils", "fill": "#f7b6d2"}, {"layer": 10, "name": "Processing", "fill": "#9edae5"}, {"layer": 16, "name": "Biofuels & Other", "fill": "#e7ba52"}, {"name": "Seed", "fill": "#dbdb8d"}, {"name": "Waste", "fill": "#c7c7c7"}, {"layer": 0, "name": "Import", "fill": "#aec7e8"}, {"layer": 16, "name": "Export", "fill": "#aec7e8"}, {"layer": 0, "name": "Stock Draw", "fill": "#c7c7c7"}, {"layer": 16, "name": "Stock Deposit", "fill": "#c7c7c7"}, {"layer": 0, "name": "Production", "fill": "#b5cf6b"}], "links": [{"source": 0, "prod": 0.27008013344976378, "target": 1, "value": 358.0, "supply": [{"l": "Milk - Excluding Butter", "v": 358.0}]}, {"source": 2, "prod": 4.9881704512103173, "target": 1, "value": 1667.0, "supply": [{"l": "Maize", "v": 484.0}, {"l": "Wheat", "v": 734.0}, {"l": "Oats", "v": 1.0}, {"l": "Rye", "v": 3.0}, {"l": "Barley", "v": 439.0}, {"l": "Sorghum", "v": 1.0}, {"l": "Cereals, Other", "v": 5.0}]}, {"source": 3, "prod": 0.12619511413779413, "target": 1, "value": 106.0, "supply": [{"l": "Sunflower seed", "v": 105.0}, {"l": "Soyabeans", "v": 1.0}]}, {"source": 4, "prod": 0.47651111020000003, "target": 1, "value": 410.0, "supply": [{"l": "Sugar beet", "v": 410.0}]}, {"source": 5, "prod": 0.23094427927207803, "target": 1, "value": 297.0, "supply": [{"l": "Potatoes", "v": 297.0}]}, {"source": 6, "prod": 0.4775815607227088, "target": 1, "value": 182.0, "supply": [{"l": "Vegetables, Other", "v": 52.0}, {"l": "Apples", "v": 24.0}, {"l": "Peas", "v": 79.0}, {"l": "Beans", "v": 26.0}, {"l": "Pulses, Other", "v": 1.0}]}, {"source": 7, "prod": 0.23118233013109488, "target": 8, "value": 186.0, "supply": [{"l": "Beer", "v": 30.0}, {"l": "Beverages, Alcoholic", "v": 6.0}, {"l": "Fats, Animals, Raw", "v": 3.0}, {"l": "Butter, Ghee", "v": 6.0}, {"l": "Wine", "v": 139.0}, {"l": "Cream", "v": 1.0}, {"l": "Beverages, Fermented", "v": 1.0}]}, {"source": 0, "prod": 0.85844155687616275, "target": 8, "value": 800.0, "supply": [{"l": "Pigmeat", "v": 74.0}, {"l": "Milk - Excluding Butter", "v": 613.0}, {"l": "Meat, Other", "v": 1.0}, {"l": "Poultry Meat", "v": 27.0}, {"l": "Bovine Meat", "v": 44.0}, {"l": "Eggs", "v": 20.0}, {"l": "Offals, Edible", "v": 18.0}, {"l": "Mutton & Goat Meat", "v": 3.0}]}, {"source": 2, "prod": 2.1406792818882496, "target": 8, "value": 690.0, "supply": [{"l": "Maize", "v": 371.0}, {"l": "Oats", "v": 8.0}, {"l": "Barley", "v": 8.0}, {"l": "Wheat", "v": 303.0}]}, {"source": 9, "prod": 0.34259987153372018, "target": 8, "value": 104.0, "supply": [{"l": "Sugar", "v": 94.0}, {"l": "Sweeteners, Other", "v": 7.0}, {"l": "Honey", "v": 3.0}]}, {"source": 5, "prod": 0.32347750901408917, "target": 8, "value": 416.0, "supply": [{"l": "Potatoes", "v": 416.0}]}, {"source": 6, "prod": 0.41169838683799648, "target": 8, "value": 844.0, "supply": [{"l": "Oranges, Mandarines", "v": 1.0}, {"l": "Fruits, Other", "v": 153.0}, {"l": "Bananas", "v": 1.0}, {"l": "Treenuts", "v": 17.0}, {"l": "Vegetables, Other", "v": 176.0}, {"l": "Peas", "v": 4.0}, {"l": "Tomatoes", "v": 252.0}, {"l": "Grapes", "v": 27.0}, {"l": "Onions", "v": 36.0}, {"l": "Apples", "v": 177.0}]}, {"source": 10, "prod": 0.087949148118074777, "target": 8, "value": 18.0, "supply": [{"l": "Infant food", "v": 1.0}, {"l": "Nuts", "v": 17.0}]}, {"source": 11, "prod": 0.003775212443374506, "target": 8, "value": 6.0, "supply": [{"l": "Freshwater Fish", "v": 3.0}, {"l": "Fish, Seafood", "v": 3.0}]}, {"source": 12, "prod": 0.2171886421887948, "target": 8, "value": 21.0, "supply": [{"l": "Maize Germ Oil", "v": 4.0}, {"l": "Soyabean Oil", "v": 1.0}, {"l": "Sunflowerseed Oil", "v": 16.0}]}, {"source": 4, "prod": 1.34933999742, "target": 13, "value": 1161.0, "supply": [{"l": "Sugar beet", "v": 1161.0}]}, {"source": 6, "prod": 0.57404490012016418, "target": 13, "value": 960.0, "supply": [{"l": "Bananas", "v": 1.0}, {"l": "Fruits, Other", "v": 8.0}, {"l": "Grapes", "v": 732.0}, {"l": "Apples", "v": 219.0}]}, {"source": 2, "prod": 0.074385878880387363, "target": 13, "value": 25.0, "supply": [{"l": "Maize", "v": 8.0}, {"l": "Wheat", "v": 9.0}, {"l": "Barley", "v": 8.0}]}, {"source": 3, "prod": 0.14559807780606229, "target": 13, "value": 96.870718379314937, "supply": [{"l": "Sunflower seed", "v": 86.0}, {"l": "Soyabeans", "v": 6.0}, {"l": "Oil Palm", "v": 4.8707183793149404}]}, {"source": 9, "prod": 0.0064139149386390568, "target": 13, "value": 2.0, "supply": [{"l": "Sweeteners, Other", "v": 1.0}, {"l": "Sugar", "v": 1.0}]}, {"source": 7, "prod": 0.11197000461682607, "target": 14, "value": 13.0, "supply": [{"l": "Fats, Animals, Raw", "v": 13.0}]}, {"source": 6, "prod": 0.081300559044549608, "target": 14, "value": 133.0, "supply": [{"l": "Grapes", "v": 133.0}]}, {"source": 0, "prod": 0.0039606614756806215, "target": 14, "value": 3.0, "supply": [{"l": "Offals, Edible", "v": 3.0}]}, {"source": 2, "prod": 0.0063334526161558076, "target": 14, "value": 2.0, "supply": [{"l": "Maize", "v": 2.0}]}, {"source": 12, "prod": 0.1342091182348783, "target": 14, "value": 13.0, "supply": [{"l": "Palm Oil", "v": 1.0}, {"l": "Sunflowerseed Oil", "v": 12.0}]}, {"source": 5, "prod": 0.010108672156690287, "target": 15, "value": 13.0, "supply": [{"l": "Potatoes", "v": 13.0}]}, {"source": 6, "prod": 0.025470099951300004, "target": 15, "value": 6.0, "supply": [{"l": "Peas", "v": 6.0}]}, {"source": 0, "prod": 0.0031790873654339207, "target": 0, "value": 2.0, "supply": [{"l": "Eggs", "v": 2.0}]}, {"source": 2, "prod": 0.33711578263336406, "target": 15, "value": 113.0, "supply": [{"l": "Maize", "v": 11.0}, {"l": "Wheat", "v": 75.0}, {"l": "Barley", "v": 26.0}, {"l": "Cereals, Other", "v": 1.0}]}, {"source": 3, "prod": 0.0023244444400000001, "target": 15, "value": 2.0, "supply": [{"l": "Sunflower seed", "v": 2.0}]}, {"source": 5, "prod": 0.0069983114930932747, "target": 16, "value": 9.0, "supply": [{"l": "Potatoes", "v": 9.0}]}, {"source": 6, "prod": 0.092537999338716148, "target": 16, "value": 172.0, "supply": [{"l": "Vegetables, Other", "v": 30.0}, {"l": "Fruits, Other", "v": 21.0}, {"l": "Peas", "v": 5.0}, {"l": "Beans", "v": 1.0}, {"l": "Grapes", "v": 19.0}, {"l": "Onions", "v": 5.0}, {"l": "Tomatoes", "v": 46.0}, {"l": "Apples", "v": 45.0}]}, {"source": 0, "prod": 0.0013202204918935406, "target": 16, "value": 1.0, "supply": [{"l": "Offals, Edible", "v": 1.0}]}, {"source": 2, "prod": 0.70874646123862095, "target": 16, "value": 232.0, "supply": [{"l": "Maize", "v": 49.0}, {"l": "Wheat", "v": 168.0}, {"l": "Barley", "v": 15.0}]}, {"source": 3, "prod": 0.0023244444400000001, "target": 16, "value": 2.0, "supply": [{"l": "Sunflower seed", "v": 2.0}]}, {"source": 17, "prod": 0.0032653974296538461, "target": 10, "value": 1.0, "supply": [{"l": "Infant food", "v": 1.0}]}, {"source": 17, "prod": 0.042599153898182619, "target": 13, "value": 13.0, "supply": [{"l": "Sugar", "v": 9.0}, {"l": "Palm Oil", "v": 1.0}, {"l": "Wine", "v": 3.0}]}, {"source": 17, "prod": 1.1046364233536294, "target": 2, "value": 363.0, "supply": [{"l": "Wheat", "v": 347.0}, {"l": "Barley", "v": 15.0}, {"l": "Rice", "v": 1.0}]}, {"source": 17, "prod": 0.0017057643762912198, "target": 6, "value": 5.0, "supply": [{"l": "Vegetables, Other", "v": 1.0}, {"l": "Oranges, Mandarines", "v": 2.0}, {"l": "Tomatoes", "v": 1.0}, {"l": "Apples", "v": 1.0}]}, {"source": 17, "prod": 0.0077759016589925263, "target": 5, "value": 10.0, "supply": [{"l": "Potatoes", "v": 10.0}]}, {"source": 7, "prod": 0.3891088946902776, "target": 18, "value": 163.0, "supply": [{"l": "Butter, Ghee", "v": 4.0}, {"l": "Beverages, Alcoholic", "v": 86.0}, {"l": "Wine", "v": 73.0}]}, {"source": 0, "prod": 0.078640917629370463, "target": 18, "value": 35.0, "supply": [{"l": "Pigmeat", "v": 5.0}, {"l": "Milk - Excluding Butter", "v": 4.0}, {"l": "Offals, Edible", "v": 1.0}, {"l": "Bovine Meat", "v": 25.0}]}, {"source": 9, "prod": 0.042799772011924773, "target": 18, "value": 13.0, "supply": [{"l": "Sweeteners, Other", "v": 1.0}, {"l": "Sugar", "v": 12.0}]}, {"source": 5, "prod": 0.00077759016589925266, "target": 18, "value": 1.0, "supply": [{"l": "Potatoes", "v": 1.0}]}, {"source": 6, "prod": 0.19740874994324908, "target": 18, "value": 471.0, "supply": [{"l": "Vegetables, Other", "v": 57.0}, {"l": "Fruits, Other", "v": 39.0}, {"l": "Apples", "v": 214.0}, {"l": "Grapes", "v": 19.0}, {"l": "Onions", "v": 13.0}, {"l": "Tomatoes", "v": 129.0}]}, {"source": 12, "prod": 0.1032258149210246, "target": 18, "value": 10.0, "supply": [{"l": "Sunflowerseed Oil", "v": 10.0}]}, {"source": 19, "prod": 0.013379708665916907, "target": 6, "value": 25.0, "supply": [{"l": "Fruits, Other", "v": 25.0}]}, {"source": 12, "prod": 0.01033814032964879, "target": 20, "value": 1.0, "supply": [{"l": "Palm Oil", "v": 1.0}]}, {"source": 7, "prod": 0.2822869121837035, "target": 20, "value": 340.0, "supply": [{"l": "Wine", "v": 340.0}]}, {"source": 10, "prod": 0.02490698549659439, "target": 20, "value": 5.0, "supply": [{"l": "Nuts", "v": 5.0}]}, {"source": 2, "prod": 2.6478522119096319, "target": 20, "value": 852.0, "supply": [{"l": "Maize", "v": 400.0}, {"l": "Wheat", "v": 450.0}, {"l": "Oats", "v": 1.0}, {"l": "Rice", "v": 1.0}]}, {"source": 6, "prod": 0.14486127536299342, "target": 20, "value": 224.0, "supply": [{"l": "Vegetables, Other", "v": 5.0}, {"l": "Treenuts", "v": 5.0}, {"l": "Apples", "v": 212.0}, {"l": "Oranges, Mandarines", "v": 2.0}]}, {"source": 3, "prod": 0.008323562075588235, "target": 20, "value": 2.0, "supply": [{"l": "Soyabeans", "v": 2.0}]}, {"source": 19, "prod": 0.027467754849441178, "target": 13, "value": 8.0, "supply": [{"l": "Beverages, Alcoholic", "v": 8.0}]}, {"source": 4, "prod": 0.55554222116000007, "target": 20, "value": 478.0, "supply": [{"l": "Sugar beet", "v": 478.0}]}, {"source": 9, "prod": 0.36716637592133772, "target": 20, "value": 111.0, "supply": [{"l": "Sugar", "v": 111.0}]}, {"source": 21, "prod": 9.7977588012342505, "target": 2, "value": 3218.0, "supply": [{"l": "Maize", "v": 1324.0}, {"l": "Rye", "v": 3.0}, {"l": "Barley", "v": 481.0}, {"l": "Wheat", "v": 1393.0}, {"l": "Oats", "v": 11.0}, {"l": "Sorghum", "v": 1.0}, {"l": "Cereals, Other", "v": 5.0}]}, {"source": 21, "prod": 0.28360342067944466, "target": 3, "value": 207.87071837931495, "supply": [{"l": "Sunflower seed", "v": 194.0}, {"l": "Soyabeans", "v": 9.0}, {"l": "Oil Palm", "v": 4.8707183793149404}]}, {"source": 21, "prod": 2.3802311065600001, "target": 4, "value": 2048.0, "supply": [{"l": "Sugar beet", "v": 2048.0}]}, {"source": 21, "prod": 0.56453046044285737, "target": 5, "value": 726.0, "supply": [{"l": "Potatoes", "v": 726.0}]}, {"source": 21, "prod": 1.9856722700874978, "target": 6, "value": 2954.0, "supply": [{"l": "Tomatoes", "v": 426.0}, {"l": "Treenuts", "v": 22.0}, {"l": "Vegetables, Other", "v": 318.0}, {"l": "Peas", "v": 93.0}, {"l": "Grapes", "v": 928.0}, {"l": "Beans", "v": 28.0}, {"l": "Apples", "v": 890.0}, {"l": "Fruits, Other", "v": 195.0}, {"l": "Pulses, Other", "v": 1.0}, {"l": "Onions", "v": 53.0}]}, {"source": 21, "prod": 0.1095907361850153, "target": 10, "value": 22.0, "supply": [{"l": "Nuts", "v": 22.0}]}, {"source": 1, "prod": 0.003775212443374506, "target": 11, "value": 6.0, "supply": [{"l": "Freshwater Fish", "v": 3.0}, {"l": "Fish, Seafood", "v": 3.0}]}, {"source": 1, "prod": 1.2124434899228713, "target": 0, "value": 1197.0, "supply": [{"l": "Poultry Meat", "v": 27.0}, {"l": "Pigmeat", "v": 79.0}, {"l": "Bovine Meat", "v": 69.0}, {"l": "Eggs", "v": 22.0}, {"l": "Milk - Excluding Butter", "v": 975.0}, {"l": "Offals, Edible", "v": 23.0}, {"l": "Meat, Other", "v": 1.0}, {"l": "Mutton & Goat Meat", "v": 3.0}]}, {"source": 13, "prod": 1.014548141621902, "target": 7, "value": 702.0, "supply": [{"l": "Fats, Animals, Raw", "v": 16.0}, {"l": "Beverages, Fermented", "v": 1.0}, {"l": "Beer", "v": 30.0}, {"l": "Beverages, Alcoholic", "v": 92.0}, {"l": "Wine", "v": 552.0}, {"l": "Butter, Ghee", "v": 10.0}, {"l": "Cream", "v": 1.0}]}, {"source": 13, "prod": 0.46496171567434652, "target": 12, "value": 45.0, "supply": [{"l": "Palm Oil", "v": 2.0}, {"l": "Maize Germ Oil", "v": 4.0}, {"l": "Sunflowerseed Oil", "v": 38.0}, {"l": "Soyabean Oil", "v": 1.0}]}, {"source": 13, "prod": 0.75897993440562173, "target": 9, "value": 230.0, "supply": [{"l": "Honey", "v": 3.0}, {"l": "Sweeteners, Other", "v": 9.0}, {"l": "Sugar", "v": 218.0}]}]}