{"nodes": [{"layer": 5, "name": "Sunflower seed"}, {"layer": 10, "name": "Feed", "fill": "#dbdb8d"}, {"layer": 5, "name": "Maize"}, {"layer": 5, "name": "Rye"}, {"layer": 5, "name": "Wheat"}, {"layer": 5, "name": "Oats"}, {"layer": 5, "name": "Soyabeans"}, {"layer": 5, "name": "Potatoes"}, {"layer": 5, "name": "Vegetables, Other"}, {"layer": 5, "name": "Peas"}, {"layer": 13, "name": "Milk - Excluding Butter"}, {"layer": 5, "name": "Beans"}, {"layer": 5, "name": "Apples"}, {"layer": 5, "name": "Sugar beet"}, {"layer": 5, "name": "Rape and Mustardseed"}, {"layer": 5, "name": "Cereals, Other"}, {"layer": 5, "name": "Pulses, Other"}, {"layer": 5, "name": "Barley"}, {"layer": 16, "name": "Food", "fill": "#b5cf6b"}, {"layer": 5, "name": "Nuts"}, {"layer": 13, "name": "Sugar", "fill": "#d6616b"}, {"layer": 13, "name": "Oilcrops Oil, Other"}, {"layer": 13, "name": "Maize Germ Oil"}, {"layer": 13, "name": "Beer"}, {"layer": 13, "name": "Beverages, Alcoholic"}, {"layer": 5, "name": "Rice"}, {"layer": 13, "name": "Butter, Ghee"}, {"layer": 5, "name": "Tomatoes"}, {"layer": 13, "name": "Fats, Animals, Raw"}, {"layer": 5, "name": "Treenuts"}, {"layer": 13, "name": "Eggs"}, {"layer": 13, "name": "Marine Fish, Other"}, {"layer": 5, "name": "Grapes"}, {"layer": 13, "name": "Wine"}, {"layer": 13, "name": "Sunflowerseed Oil"}, {"layer": 13, "name": "Pigmeat"}, {"layer": 13, "name": "Poultry Meat"}, {"layer": 5, "name": "Cocoa Beans"}, {"layer": 13, "name": "Freshwater Fish"}, {"layer": 13, "name": "Fish, Seafood"}, {"layer": 13, "name": "Meat, Other"}, {"layer": 5, "name": "Lemons, Limes"}, {"layer": 13, "name": "Mutton & Goat Meat"}, {"layer": 13, "name": "Sweeteners, Other"}, {"layer": 13, "name": "Pelagic Fish"}, {"layer": 5, "name": "Bananas"}, {"layer": 13, "name": "Bovine Meat"}, {"layer": 5, "name": "Fruits, Other"}, {"layer": 13, "name": "Honey"}, {"layer": 13, "name": "Offals, Edible"}, {"layer": 13, "name": "Demersal Fish"}, {"layer": 5, "name": "Oranges, Mandarines"}, {"layer": 5, "name": "Onions"}, {"layer": 10, "name": "Processing", "fill": "#9edae5"}, {"layer": 16, "name": "Biofuels & Other", "fill": "#e7ba52"}, {"layer": 13, "name": "Alcohol, Non-Food"}, {"name": "Waste", "fill": "#c7c7c7"}, {"layer": 2, "name": "Import", "fill": "#aec7e8"}, {"layer": 16, "name": "Export", "fill": "#aec7e8"}, {"layer": 13, "name": "Beverages, Fermented"}, {"layer": 0, "name": "Stock Draw", "fill": "#c7c7c7"}, {"layer": 16, "name": "Stock Deposit", "fill": "#c7c7c7"}, {"name": "Crop Residue", "fill": "#bd9e39"}, {"layer": 2, "name": "Electricity", "fill": "#bcbd22"}, {"layer": 0, "name": "Fossil Fuels", "fill": "#c49c94"}, {"layer": 0, "name": "Renewables & Nuclear", "fill": "#2ca02c"}, {"layer": 2, "name": "Fertilizers", "fill": "#c5b0d5"}, {"layer": 0, "name": "Labor", "fill": "#7f7f7f"}], "links": [{"source": 0, "prod": 174.0, "target": 1, "value": 0.92329112323462514, "supply": [{"l": "Sunflower seed", "v": 0.92329112323462514}]}, {"source": 2, "prod": 609.0, "target": 1, "value": 1.9277848714543313, "supply": [{"l": "Maize", "v": 1.9277848714543313}]}, {"source": 3, "prod": 3.0, "target": 1, "value": 0.0093468256702018346, "supply": [{"l": "Rye", "v": 0.0093468256702018346}]}, {"source": 4, "prod": 94.0, "target": 1, "value": 0.2877843257100155, "supply": [{"l": "Wheat", "v": 0.2877843257100155}]}, {"source": 5, "prod": 2.0, "target": 1, "value": 0.0049941372453529411, "supply": [{"l": "Oats", "v": 0.0049941372453529411}]}, {"source": 6, "prod": 2.0, "target": 1, "value": 0.010612541646375, "supply": [{"l": "Soyabeans", "v": 0.010612541646375}]}, {"source": 7, "prod": 122.0, "target": 1, "value": 0.095271580980851381, "supply": [{"l": "Potatoes", "v": 0.095271580980851381}]}, {"source": 8, "prod": 7.0, "target": 1, "value": 0.0020043056862403151, "supply": [{"l": "Vegetables, Other", "v": 0.0020043056862403151}]}, {"source": 9, "prod": 16.0, "target": 1, "value": 0.056600222114000003, "supply": [{"l": "Peas", "v": 0.056600222114000003}]}, {"source": 10, "prod": 13.0, "target": 1, "value": 0.010259320620063871, "supply": [{"l": "Milk - Excluding Butter", "v": 0.010259320620063871}]}, {"source": 11, "prod": 17.0, "target": 1, "value": 0.060137735996125007, "supply": [{"l": "Beans", "v": 0.060137735996125007}]}, {"source": 12, "prod": 18.0, "target": 1, "value": 0.0083011707032172796, "supply": [{"l": "Apples", "v": 0.0083011707032172796}]}, {"source": 13, "prod": 202.0, "target": 1, "value": 0.23476888844000002, "supply": [{"l": "Sugar beet", "v": 0.23476888844000002}]}, {"source": 14, "prod": 1.0, "target": 1, "value": 0.0053062708231875, "supply": [{"l": "Rape and Mustardseed", "v": 0.0053062708231875}]}, {"source": 15, "prod": 9.0, "target": 1, "value": 0.038205149926950004, "supply": [{"l": "Cereals, Other", "v": 0.038205149926950004}]}, {"source": 16, "prod": 1.0, "target": 1, "value": 0.0035375138821250002, "supply": [{"l": "Pulses, Other", "v": 0.0035375138821250002}]}, {"source": 17, "prod": 152.0, "target": 1, "value": 0.44194693979424665, "supply": [{"l": "Barley", "v": 0.44194693979424665}]}, {"source": 2, "prod": 445.0, "target": 18, "value": 1.4086441178935589, "supply": [{"l": "Maize", "v": 1.4086441178935589}]}, {"source": 19, "prod": 3.0, "target": 18, "value": 0.0099234155654415596, "supply": [{"l": "Nuts", "v": 0.0099234155654415596}]}, {"source": 20, "prod": 92.0, "target": 18, "value": 0.30041656352815388, "supply": [{"l": "Sugar", "v": 0.30041656352815388}]}, {"source": 21, "prod": 1.0, "target": 18, "value": 0.010612541646375, "supply": [{"l": "Oilcrops Oil, Other", "v": 0.010612541646375}]}, {"source": 22, "prod": 4.0, "target": 18, "value": 0.041546971551765954, "supply": [{"l": "Maize Germ Oil", "v": 0.041546971551765954}]}, {"source": 23, "prod": 21.0, "target": 18, "value": 0.012631932162081985, "supply": [{"l": "Beer", "v": 0.012631932162081985}]}, {"source": 24, "prod": 5.0, "target": 18, "value": 0.016582096322460937, "supply": [{"l": "Beverages, Alcoholic", "v": 0.016582096322460937}]}, {"source": 17, "prod": 12.0, "target": 18, "value": 0.034890547878493154, "supply": [{"l": "Barley", "v": 0.034890547878493154}]}, {"source": 25, "prod": 4.0, "target": 18, "value": 0.015795410822511628, "supply": [{"l": "Rice", "v": 0.015795410822511628}]}, {"source": 26, "prod": 2.0, "target": 18, "value": 0.016610934750847829, "supply": [{"l": "Butter, Ghee", "v": 0.016610934750847829}]}, {"source": 27, "prod": 133.0, "target": 18, "value": 0.026614733607188086, "supply": [{"l": "Tomatoes", "v": 0.026614733607188086}]}, {"source": 28, "prod": 8.0, "target": 18, "value": 0.066864511098404147, "supply": [{"l": "Fats, Animals, Raw", "v": 0.066864511098404147}]}, {"source": 4, "prod": 340.0, "target": 18, "value": 1.0409220291638857, "supply": [{"l": "Wheat", "v": 1.0409220291638857}]}, {"source": 29, "prod": 3.0, "target": 18, "value": 0.010612541646375, "supply": [{"l": "Treenuts", "v": 0.010612541646375}]}, {"source": 30, "prod": 26.0, "target": 18, "value": 0.04279305969200646, "supply": [{"l": "Eggs", "v": 0.04279305969200646}]}, {"source": 8, "prod": 241.0, "target": 18, "value": 0.069005381483416561, "supply": [{"l": "Vegetables, Other", "v": 0.069005381483416561}]}, {"source": 9, "prod": 1.0, "target": 18, "value": 0.0035375138821250002, "supply": [{"l": "Peas", "v": 0.0035375138821250002}]}, {"source": 31, "prod": 2.0, "target": 18, "value": 0.0020214365040714288, "supply": [{"l": "Marine Fish, Other", "v": 0.0020214365040714288}]}, {"source": 32, "prod": 72.0, "target": 18, "value": 0.042303280195930798, "supply": [{"l": "Grapes", "v": 0.042303280195930798}]}, {"source": 33, "prod": 67.0, "target": 18, "value": 0.058587589463508435, "supply": [{"l": "Wine", "v": 0.058587589463508435}]}, {"source": 34, "prod": 14.0, "target": 18, "value": 0.14456002675062163, "supply": [{"l": "Sunflowerseed Oil", "v": 0.14456002675062163}]}, {"source": 5, "prod": 5.0, "target": 18, "value": 0.012485343113382355, "supply": [{"l": "Oats", "v": 0.012485343113382355}]}, {"source": 35, "prod": 54.0, "target": 18, "value": 0.12862302588781019, "supply": [{"l": "Pigmeat", "v": 0.12862302588781019}]}, {"source": 36, "prod": 18.0, "target": 18, "value": 0.025349388577123228, "supply": [{"l": "Poultry Meat", "v": 0.025349388577123228}]}, {"source": 37, "prod": 1.0, "target": 18, "value": 0.00265313541159375, "supply": [{"l": "Cocoa Beans", "v": 0.00265313541159375}]}, {"source": 7, "prod": 202.0, "target": 18, "value": 0.1577447488371474, "supply": [{"l": "Potatoes", "v": 0.1577447488371474}]}, {"source": 38, "prod": 1.0, "target": 18, "value": 0.001463798847775862, "supply": [{"l": "Freshwater Fish", "v": 0.001463798847775862}]}, {"source": 10, "prod": 556.0, "target": 18, "value": 0.43878325113503941, "supply": [{"l": "Milk - Excluding Butter", "v": 0.43878325113503941}]}, {"source": 12, "prod": 81.0, "target": 18, "value": 0.037355268164477755, "supply": [{"l": "Apples", "v": 0.037355268164477755}]}, {"source": 39, "prod": 13.0, "target": 18, "value": 0.010612541646375, "supply": [{"l": "Fish, Seafood", "v": 0.010612541646375}]}, {"source": 40, "prod": 1.0, "target": 18, "value": 0.0022342192939736848, "supply": [{"l": "Meat, Other", "v": 0.0022342192939736848}]}, {"source": 41, "prod": 2.0, "target": 18, "value": 0.0011191218840344195, "supply": [{"l": "Lemons, Limes", "v": 0.0011191218840344195}]}, {"source": 42, "prod": 2.0, "target": 18, "value": 0.0057559547912542372, "supply": [{"l": "Mutton & Goat Meat", "v": 0.0057559547912542372}]}, {"source": 43, "prod": 6.0, "target": 18, "value": 0.017959685863096153, "supply": [{"l": "Sweeteners, Other", "v": 0.017959685863096153}]}, {"source": 44, "prod": 9.0, "target": 18, "value": 0.009010648567676886, "supply": [{"l": "Pelagic Fish", "v": 0.009010648567676886}]}, {"source": 45, "prod": 3.0, "target": 18, "value": 0.0017936690106549298, "supply": [{"l": "Bananas", "v": 0.0017936690106549298}]}, {"source": 46, "prod": 4.0, "target": 18, "value": 0.0088437847053125015, "supply": [{"l": "Bovine Meat", "v": 0.0088437847053125015}]}, {"source": 47, "prod": 70.0, "target": 18, "value": 0.037210342803032204, "supply": [{"l": "Fruits, Other", "v": 0.037210342803032204}]}, {"source": 48, "prod": 2.0, "target": 18, "value": 0.0065307948593076922, "supply": [{"l": "Honey", "v": 0.0065307948593076922}]}, {"source": 49, "prod": 14.0, "target": 18, "value": 0.019284146472469024, "supply": [{"l": "Offals, Edible", "v": 0.019284146472469024}]}, {"source": 50, "prod": 1.0, "target": 18, "value": 0.00086339321868813559, "supply": [{"l": "Demersal Fish", "v": 0.00086339321868813559}]}, {"source": 51, "prod": 2.0, "target": 18, "value": 0.00066270858502948842, "supply": [{"l": "Oranges, Mandarines", "v": 0.00066270858502948842}]}, {"source": 52, "prod": 63.0, "target": 18, "value": 0.022993840233812502, "supply": [{"l": "Onions", "v": 0.022993840233812502}]}, {"source": 0, "prod": 38.0, "target": 53, "value": 0.20163829128112501, "supply": [{"l": "Sunflower seed", "v": 0.20163829128112501}]}, {"source": 2, "prod": 7.0, "target": 53, "value": 0.022158446798325647, "supply": [{"l": "Maize", "v": 0.022158446798325647}]}, {"source": 4, "prod": 26.0, "target": 53, "value": 0.079599919877238329, "supply": [{"l": "Wheat", "v": 0.079599919877238329}]}, {"source": 45, "prod": 3.0, "target": 53, "value": 0.0017936690106549298, "supply": [{"l": "Bananas", "v": 0.0017936690106549298}]}, {"source": 47, "prod": 16.0, "target": 53, "value": 0.0085052212121216469, "supply": [{"l": "Fruits, Other", "v": 0.0085052212121216469}]}, {"source": 17, "prod": 4.0, "target": 53, "value": 0.011630182626164385, "supply": [{"l": "Barley", "v": 0.011630182626164385}]}, {"source": 32, "prod": 89.0, "target": 53, "value": 0.052291554686636682, "supply": [{"l": "Grapes", "v": 0.052291554686636682}]}, {"source": 13, "prod": 598.0, "target": 53, "value": 0.69500888756000012, "supply": [{"l": "Sugar beet", "v": 0.69500888756000012}]}, {"source": 12, "prod": 11.0, "target": 53, "value": 0.0050729376519661161, "supply": [{"l": "Apples", "v": 0.0050729376519661161}]}, {"source": 2, "prod": 2.0, "target": 54, "value": 0.0063309847995216143, "supply": [{"l": "Maize", "v": 0.0063309847995216143}]}, {"source": 55, "prod": 2.0, "target": 54, "value": 0.001748883267567416, "supply": [{"l": "Alcohol, Non-Food", "v": 0.001748883267567416}]}, {"source": 28, "prod": 5.0, "target": 54, "value": 0.041790319436502597, "supply": [{"l": "Fats, Animals, Raw", "v": 0.041790319436502597}]}, {"source": 22, "prod": 1.0, "target": 54, "value": 0.010386742887941489, "supply": [{"l": "Maize Germ Oil", "v": 0.010386742887941489}]}, {"source": 49, "prod": 1.0, "target": 54, "value": 0.0013774390337477876, "supply": [{"l": "Offals, Edible", "v": 0.0013774390337477876}]}, {"source": 32, "prod": 187.0, "target": 54, "value": 0.10987101939776471, "supply": [{"l": "Grapes", "v": 0.10987101939776471}]}, {"source": 0, "prod": 3.0, "target": 0, "value": 0.015918812469562501, "supply": [{"l": "Sunflower seed", "v": 0.015918812469562501}]}, {"source": 2, "prod": 9.0, "target": 2, "value": 0.02848943159784726, "supply": [{"l": "Maize", "v": 0.02848943159784726}]}, {"source": 4, "prod": 93.0, "target": 4, "value": 0.28472279033012171, "supply": [{"l": "Wheat", "v": 0.28472279033012171}]}, {"source": 15, "prod": 1.0, "target": 15, "value": 0.00424501665855, "supply": [{"l": "Cereals, Other", "v": 0.00424501665855}]}, {"source": 6, "prod": 1.0, "target": 6, "value": 0.0053062708231875, "supply": [{"l": "Soyabeans", "v": 0.0053062708231875}]}, {"source": 7, "prod": 14.0, "target": 7, "value": 0.0109328043748518, "supply": [{"l": "Potatoes", "v": 0.0109328043748518}]}, {"source": 30, "prod": 1.0, "target": 30, "value": 0.0016458869112310176, "supply": [{"l": "Eggs", "v": 0.0016458869112310176}]}, {"source": 9, "prod": 2.0, "target": 9, "value": 0.0070750277642500003, "supply": [{"l": "Peas", "v": 0.0070750277642500003}]}, {"source": 17, "prod": 16.0, "target": 17, "value": 0.046520730504657541, "supply": [{"l": "Barley", "v": 0.046520730504657541}]}, {"source": 0, "prod": 4.0, "target": 56, "value": 0.02122508329275, "supply": [{"l": "Sunflower seed", "v": 0.02122508329275}]}, {"source": 2, "prod": 52.0, "target": 56, "value": 0.16460560478756198, "supply": [{"l": "Maize", "v": 0.16460560478756198}]}, {"source": 4, "prod": 92.0, "target": 56, "value": 0.28166125495022792, "supply": [{"l": "Wheat", "v": 0.28166125495022792}]}, {"source": 7, "prod": 2.0, "target": 56, "value": 0.0015618291964073999, "supply": [{"l": "Potatoes", "v": 0.0015618291964073999}]}, {"source": 8, "prod": 25.0, "target": 56, "value": 0.0071582345937154105, "supply": [{"l": "Vegetables, Other", "v": 0.0071582345937154105}]}, {"source": 47, "prod": 9.0, "target": 56, "value": 0.0047841869318184264, "supply": [{"l": "Fruits, Other", "v": 0.0047841869318184264}]}, {"source": 9, "prod": 2.0, "target": 56, "value": 0.0070750277642500003, "supply": [{"l": "Peas", "v": 0.0070750277642500003}]}, {"source": 11, "prod": 1.0, "target": 56, "value": 0.0035375138821250002, "supply": [{"l": "Beans", "v": 0.0035375138821250002}]}, {"source": 17, "prod": 7.0, "target": 56, "value": 0.020352819595787674, "supply": [{"l": "Barley", "v": 0.020352819595787674}]}, {"source": 32, "prod": 9.0, "target": 56, "value": 0.0052879100244913498, "supply": [{"l": "Grapes", "v": 0.0052879100244913498}]}, {"source": 52, "prod": 1.0, "target": 56, "value": 0.00036498159101289689, "supply": [{"l": "Onions", "v": 0.00036498159101289689}]}, {"source": 27, "prod": 4.0, "target": 56, "value": 0.00080044311600565676, "supply": [{"l": "Tomatoes", "v": 0.00080044311600565676}]}, {"source": 12, "prod": 11.0, "target": 56, "value": 0.0050729376519661161, "supply": [{"l": "Apples", "v": 0.0050729376519661161}]}, {"source": 57, "prod": 11.0, "target": 7, "value": 0.0085900605802406976, "supply": [{"l": "Potatoes", "v": 0.0085900605802406976}]}, {"source": 57, "prod": 1.0, "target": 15, "value": 0.00424501665855, "supply": [{"l": "Cereals, Other", "v": 0.00424501665855}]}, {"source": 57, "prod": 4.0, "target": 25, "value": 0.015795410822511628, "supply": [{"l": "Rice", "v": 0.015795410822511628}]}, {"source": 57, "prod": 19.0, "target": 4, "value": 0.058169172217981853, "supply": [{"l": "Wheat", "v": 0.058169172217981853}]}, {"source": 57, "prod": 31.0, "target": 1, "value": 0.033061388278611541, "supply": [{"l": "Pigmeat", "v": 0.0047638157736225985}, {"l": "Milk - Excluding Butter", "v": 0.0015783570184713647}, {"l": "Pelagic Fish", "v": 0.009010648567676886}, {"l": "Fish, Seafood", "v": 0.0097961922889615374}, {"l": "Bovine Meat", "v": 0.0022109461763281254}, {"l": "Poultry Meat", "v": 0.0028165987307914699}, {"l": "Demersal Fish", "v": 0.00086339321868813559}, {"l": "Marine Fish, Other", "v": 0.0020214365040714288}]}, {"source": 57, "prod": 1.0, "target": 45, "value": 0.00059788967021830988, "supply": [{"l": "Bananas", "v": 0.00059788967021830988}]}, {"source": 57, "prod": 1.0, "target": 27, "value": 0.00020011077900141419, "supply": [{"l": "Tomatoes", "v": 0.00020011077900141419}]}, {"source": 57, "prod": 5.0, "target": 17, "value": 0.01453772828270548, "supply": [{"l": "Barley", "v": 0.01453772828270548}]}, {"source": 57, "prod": 7.0, "target": 53, "value": 0.029698527130625221, "supply": [{"l": "Alcohol, Non-Food", "v": 0.00087444163378370802}, {"l": "Sugar", "v": 0.0032653974296538461}, {"l": "Beer", "v": 0.00060152057914676117}, {"l": "Oilcrops Oil, Other", "v": 0.010612541646375}, {"l": "Fats, Animals, Raw", "v": 0.0083580638873005184}, {"l": "Sweeteners, Other", "v": 0.0059865619543653849}]}, {"source": 57, "prod": 2.0, "target": 41, "value": 0.0011191218840344195, "supply": [{"l": "Lemons, Limes", "v": 0.0011191218840344195}]}, {"source": 57, "prod": 1.0, "target": 12, "value": 0.00046117615017873782, "supply": [{"l": "Apples", "v": 0.00046117615017873782}]}, {"source": 57, "prod": 1.0, "target": 37, "value": 0.00265313541159375, "supply": [{"l": "Cocoa Beans", "v": 0.00265313541159375}]}, {"source": 57, "prod": 2.0, "target": 51, "value": 0.00066270858502948842, "supply": [{"l": "Oranges, Mandarines", "v": 0.00066270858502948842}]}, {"source": 57, "prod": 1.0, "target": 2, "value": 0.0031654923997608071, "supply": [{"l": "Maize", "v": 0.0031654923997608071}]}, {"source": 57, "prod": 1.0, "target": 47, "value": 0.00053157632575760293, "supply": [{"l": "Fruits, Other", "v": 0.00053157632575760293}]}, {"source": 57, "prod": 1.0, "target": 8, "value": 0.00028632938374861642, "supply": [{"l": "Vegetables, Other", "v": 0.00028632938374861642}]}, {"source": 2, "prod": 117.0, "target": 58, "value": 0.37036261077201438, "supply": [{"l": "Maize", "v": 0.37036261077201438}]}, {"source": 55, "prod": 2.0, "target": 58, "value": 0.001748883267567416, "supply": [{"l": "Alcohol, Non-Food", "v": 0.001748883267567416}]}, {"source": 47, "prod": 11.0, "target": 58, "value": 0.0058473395833336314, "supply": [{"l": "Fruits, Other", "v": 0.0058473395833336314}]}, {"source": 20, "prod": 67.0, "target": 58, "value": 0.21878162778680771, "supply": [{"l": "Sugar", "v": 0.21878162778680771}]}, {"source": 24, "prod": 2.0, "target": 58, "value": 0.0066328385289843748, "supply": [{"l": "Beverages, Alcoholic", "v": 0.0066328385289843748}]}, {"source": 17, "prod": 56.0, "target": 58, "value": 0.16282255676630139, "supply": [{"l": "Barley", "v": 0.16282255676630139}]}, {"source": 27, "prod": 31.0, "target": 58, "value": 0.0062034341490438396, "supply": [{"l": "Tomatoes", "v": 0.0062034341490438396}]}, {"source": 0, "prod": 65.0, "target": 58, "value": 0.34490760350718752, "supply": [{"l": "Sunflower seed", "v": 0.34490760350718752}]}, {"source": 28, "prod": 1.0, "target": 58, "value": 0.0083580638873005184, "supply": [{"l": "Fats, Animals, Raw", "v": 0.0083580638873005184}]}, {"source": 4, "prod": 174.0, "target": 58, "value": 0.53270715610151809, "supply": [{"l": "Wheat", "v": 0.53270715610151809}]}, {"source": 29, "prod": 10.0, "target": 58, "value": 0.035375138821250006, "supply": [{"l": "Treenuts", "v": 0.035375138821250006}]}, {"source": 30, "prod": 5.0, "target": 58, "value": 0.008229434556155088, "supply": [{"l": "Eggs", "v": 0.008229434556155088}]}, {"source": 8, "prod": 13.0, "target": 58, "value": 0.003722281988732013, "supply": [{"l": "Vegetables, Other", "v": 0.003722281988732013}]}, {"source": 9, "prod": 13.0, "target": 58, "value": 0.045987680467625004, "supply": [{"l": "Peas", "v": 0.045987680467625004}]}, {"source": 32, "prod": 108.0, "target": 58, "value": 0.063454920293896197, "supply": [{"l": "Grapes", "v": 0.063454920293896197}]}, {"source": 42, "prod": 1.0, "target": 58, "value": 0.0028779773956271186, "supply": [{"l": "Mutton & Goat Meat", "v": 0.0028779773956271186}]}, {"source": 34, "prod": 3.0, "target": 58, "value": 0.030977148589418923, "supply": [{"l": "Sunflowerseed Oil", "v": 0.030977148589418923}]}, {"source": 35, "prod": 8.0, "target": 58, "value": 0.019055263094490394, "supply": [{"l": "Pigmeat", "v": 0.019055263094490394}]}, {"source": 15, "prod": 1.0, "target": 58, "value": 0.00424501665855, "supply": [{"l": "Cereals, Other", "v": 0.00424501665855}]}, {"source": 6, "prod": 10.0, "target": 58, "value": 0.053062708231874998, "supply": [{"l": "Soyabeans", "v": 0.053062708231874998}]}, {"source": 19, "prod": 10.0, "target": 58, "value": 0.033078051884805199, "supply": [{"l": "Nuts", "v": 0.033078051884805199}]}, {"source": 10, "prod": 32.0, "target": 58, "value": 0.025253712295541835, "supply": [{"l": "Milk - Excluding Butter", "v": 0.025253712295541835}]}, {"source": 11, "prod": 4.0, "target": 58, "value": 0.014150055528500001, "supply": [{"l": "Beans", "v": 0.014150055528500001}]}, {"source": 12, "prod": 54.0, "target": 58, "value": 0.024903512109651839, "supply": [{"l": "Apples", "v": 0.024903512109651839}]}, {"source": 39, "prod": 3.0, "target": 58, "value": 0.0024490480722403844, "supply": [{"l": "Fish, Seafood", "v": 0.0024490480722403844}]}, {"source": 33, "prod": 67.0, "target": 58, "value": 0.058587589463508435, "supply": [{"l": "Wine", "v": 0.058587589463508435}]}, {"source": 44, "prod": 3.0, "target": 58, "value": 0.0030035495225589621, "supply": [{"l": "Pelagic Fish", "v": 0.0030035495225589621}]}, {"source": 45, "prod": 1.0, "target": 58, "value": 0.00059788967021830988, "supply": [{"l": "Bananas", "v": 0.00059788967021830988}]}, {"source": 59, "prod": 2.0, "target": 58, "value": 0.001748883267567416, "supply": [{"l": "Beverages, Fermented", "v": 0.001748883267567416}]}, {"source": 46, "prod": 18.0, "target": 58, "value": 0.039797031173906254, "supply": [{"l": "Bovine Meat", "v": 0.039797031173906254}]}, {"source": 49, "prod": 1.0, "target": 58, "value": 0.0013774390337477876, "supply": [{"l": "Offals, Edible", "v": 0.0013774390337477876}]}, {"source": 52, "prod": 6.0, "target": 58, "value": 0.0021898895460773808, "supply": [{"l": "Onions", "v": 0.0021898895460773808}]}, {"source": 60, "prod": 2.0, "target": 5, "value": 0.0049941372453529411, "supply": [{"l": "Oats", "v": 0.0049941372453529411}]}, {"source": 60, "prod": 4.0, "target": 19, "value": 0.013231220753922079, "supply": [{"l": "Nuts", "v": 0.013231220753922079}]}, {"source": 13, "prod": 209.0, "target": 61, "value": 0.24290444398000002, "supply": [{"l": "Sugar beet", "v": 0.24290444398000002}]}, {"source": 60, "prod": 100.0, "target": 2, "value": 0.3165492399760807, "supply": [{"l": "Maize", "v": 0.3165492399760807}]}, {"source": 60, "prod": 1.0, "target": 15, "value": 0.00424501665855, "supply": [{"l": "Cereals, Other", "v": 0.00424501665855}]}, {"source": 60, "prod": 1.0, "target": 32, "value": 0.00058754555827681668, "supply": [{"l": "Grapes", "v": 0.00058754555827681668}]}, {"source": 60, "prod": 14.0, "target": 1, "value": 0.011526850155556389, "supply": [{"l": "Pelagic Fish", "v": 0.0020023663483726413}, {"l": "Fish, Seafood", "v": 0.001632698714826923}, {"l": "Milk - Excluding Butter", "v": 0.0078917850923568237}]}, {"source": 60, "prod": 60.0, "target": 17, "value": 0.17445273939246575, "supply": [{"l": "Barley", "v": 0.17445273939246575}]}, {"source": 60, "prod": 97.0, "target": 12, "value": 0.044734086567337565, "supply": [{"l": "Apples", "v": 0.044734086567337565}]}, {"source": 60, "prod": 113.0, "target": 53, "value": 0.21835969441106587, "supply": [{"l": "Alcohol, Non-Food", "v": 0.0026233249013511237}, {"l": "Sugar", "v": 0.16326987148269229}, {"l": "Wine", "v": 0.052466498027022475}]}, {"source": 6, "prod": 1.0, "target": 61, "value": 0.0053062708231875, "supply": [{"l": "Soyabeans", "v": 0.0053062708231875}]}, {"source": 24, "prod": 2.0, "target": 61, "value": 0.0066328385289843748, "supply": [{"l": "Beverages, Alcoholic", "v": 0.0066328385289843748}]}, {"source": 60, "prod": 4.0, "target": 29, "value": 0.014150055528500001, "supply": [{"l": "Treenuts", "v": 0.014150055528500001}]}, {"source": 1, "prod": 18.0, "target": 36, "value": 0.025349388577123228, "supply": [{"l": "Poultry Meat", "v": 0.025349388577123228}]}, {"source": 1, "prod": 62.0, "target": 35, "value": 0.14767828898230059, "supply": [{"l": "Pigmeat", "v": 0.14767828898230059}]}, {"source": 1, "prod": 12.0, "target": 44, "value": 0.012014198090235849, "supply": [{"l": "Pelagic Fish", "v": 0.012014198090235849}]}, {"source": 1, "prod": 22.0, "target": 46, "value": 0.048640815879218757, "supply": [{"l": "Bovine Meat", "v": 0.048640815879218757}]}, {"source": 1, "prod": 31.0, "target": 30, "value": 0.051022494248161548, "supply": [{"l": "Eggs", "v": 0.052668381159392569}]}, {"source": 1, "prod": 601.0, "target": 10, "value": 0.47429628405064511, "supply": [{"l": "Milk - Excluding Butter", "v": 0.47429628405064511}]}, {"source": 1, "prod": 16.0, "target": 49, "value": 0.022039024539964598, "supply": [{"l": "Offals, Edible", "v": 0.022039024539964598}]}, {"source": 1, "prod": 2.0, "target": 31, "value": 0.0020214365040714288, "supply": [{"l": "Marine Fish, Other", "v": 0.0020214365040714288}]}, {"source": 1, "prod": 16.0, "target": 39, "value": 0.013061589718615384, "supply": [{"l": "Fish, Seafood", "v": 0.013061589718615384}]}, {"source": 1, "prod": 1.0, "target": 50, "value": 0.00086339321868813559, "supply": [{"l": "Demersal Fish", "v": 0.00086339321868813559}]}, {"source": 1, "prod": 1.0, "target": 40, "value": 0.0022342192939736848, "supply": [{"l": "Meat, Other", "v": 0.0022342192939736848}]}, {"source": 1, "prod": 1.0, "target": 38, "value": 0.001463798847775862, "supply": [{"l": "Freshwater Fish", "v": 0.001463798847775862}]}, {"source": 1, "prod": 3.0, "target": 42, "value": 0.0086339321868813563, "supply": [{"l": "Mutton & Goat Meat", "v": 0.0086339321868813563}]}, {"source": 53, "prod": 14.0, "target": 28, "value": 0.11701289442220726, "supply": [{"l": "Fats, Animals, Raw", "v": 0.11701289442220726}]}, {"source": 53, "prod": 6.0, "target": 43, "value": 0.017959685863096153, "supply": [{"l": "Sweeteners, Other", "v": 0.017959685863096153}]}, {"source": 53, "prod": 4.0, "target": 55, "value": 0.0034977665351348321, "supply": [{"l": "Alcohol, Non-Food", "v": 0.0034977665351348321}]}, {"source": 53, "prod": 2.0, "target": 59, "value": 0.001748883267567416, "supply": [{"l": "Beverages, Fermented", "v": 0.001748883267567416}]}, {"source": 53, "prod": 159.0, "target": 20, "value": 0.51919819131496159, "supply": [{"l": "Sugar", "v": 0.51919819131496159}]}, {"source": 53, "prod": 2.0, "target": 48, "value": 0.0065307948593076922, "supply": [{"l": "Honey", "v": 0.0065307948593076922}]}, {"source": 53, "prod": 5.0, "target": 22, "value": 0.051933714439707443, "supply": [{"l": "Maize Germ Oil", "v": 0.051933714439707443}]}, {"source": 53, "prod": 21.0, "target": 23, "value": 0.012631932162081985, "supply": [{"l": "Beer", "v": 0.012631932162081985}]}, {"source": 53, "prod": 9.0, "target": 24, "value": 0.029847773380429689, "supply": [{"l": "Beverages, Alcoholic", "v": 0.029847773380429689}]}, {"source": 53, "prod": 17.0, "target": 34, "value": 0.17553717534004054, "supply": [{"l": "Sunflowerseed Oil", "v": 0.17553717534004054}]}, {"source": 53, "prod": 1.0, "target": 21, "value": 0.010612541646375, "supply": [{"l": "Oilcrops Oil, Other", "v": 0.010612541646375}]}, {"source": 53, "prod": 2.0, "target": 26, "value": 0.016610934750847829, "supply": [{"l": "Butter, Ghee", "v": 0.016610934750847829}]}, {"source": 53, "prod": 134.0, "target": 33, "value": 0.11717517892701687, "supply": [{"l": "Wine", "v": 0.11717517892701687}]}, {"source": 0, "prod": 285.0, "target": 62, "value": 0.99369999809999998, "supply": [{"l": "Sunflower seed", "v": 0.99369999809999998}]}, {"source": 2, "prod": 2381.0, "target": 62, "value": 8.3017533174600011, "supply": [{"l": "Maize", "v": 8.3017533174600011}]}, {"source": 8, "prod": 285.5, "target": 62, "value": 0.99544333143000008, "supply": [{"l": "Vegetables, Other", "v": 0.99544333143000008}]}, {"source": 4, "prod": 1619.0, "target": 62, "value": 5.6449133225399999, "supply": [{"l": "Wheat", "v": 5.6449133225399999}]}, {"source": 15, "prod": 20.0, "target": 62, "value": 0.069733333200000011, "supply": [{"l": "Cereals, Other", "v": 0.069733333200000011}]}, {"source": 6, "prod": 14.0, "target": 62, "value": 0.048813333239999999, "supply": [{"l": "Soyabeans", "v": 0.048813333239999999}]}, {"source": 7, "prod": 167.25, "target": 62, "value": 0.58314499888499993, "supply": [{"l": "Potatoes", "v": 0.58314499888499993}]}, {"source": 5, "prod": 12.0, "target": 62, "value": 0.041839999920000009, "supply": [{"l": "Oats", "v": 0.041839999920000009}]}, {"source": 3, "prod": 7.0, "target": 62, "value": 0.024423086600343629, "supply": [{"l": "Rye", "v": 0.024423086600343629}]}, {"source": 9, "prod": 34.0, "target": 62, "value": 0.11854666643999999, "supply": [{"l": "Peas", "v": 0.11854666643999999}]}, {"source": 11, "prod": 22.5, "target": 62, "value": 0.52206607043035724, "supply": [{"l": "Beans", "v": 0.52206607043035724}]}, {"source": 17, "prod": 430.0, "target": 62, "value": 1.4992666638000003, "supply": [{"l": "Barley", "v": 1.4992666638000003}]}, {"source": 13, "prod": 403.60000000000002, "target": 62, "value": 0.46907288799200003, "supply": [{"l": "Sugar beet", "v": 0.46907288799200003}]}, {"source": 14, "prod": 1.0, "target": 62, "value": 0.0034866666599999998, "supply": [{"l": "Rape and Mustardseed", "v": 0.0034866666599999998}]}, {"source": 25, "prod": 4.0, "target": 62, "value": 0.013946666639999999, "supply": [{"l": "Rice", "v": 0.013946666639999999}]}, {"source": 52, "prod": 69.5, "target": 62, "value": 0.24232333287000002, "supply": [{"l": "Onions", "v": 0.24232333287000002}]}, {"source": 27, "prod": 167.5, "target": 62, "value": 0.58401666555000009, "supply": [{"l": "Tomatoes", "v": 0.58401666555000009}]}, {"source": 16, "prod": 1.0, "target": 62, "value": 0.023202936463571432, "supply": [{"l": "Pulses, Other", "v": 0.023202936463571432}]}, {"source": 63, "prod": 0, "target": 2, "value": 0.003116098782284592, "supply": "[{\"l\":'Energy for power irrigation',\"v\":0.003116098782284592}]"}, {"source": 63, "prod": 0, "target": 3, "value": 9.1611471969727614e-06, "supply": "[{\"l\":'Energy for power irrigation',\"v\":9.1611471969727614e-06}]"}, {"source": 63, "prod": 0, "target": 47, "value": 0.00023557235649358528, "supply": "[{\"l\":'Energy for power irrigation',\"v\":0.00023557235649358528}]"}, {"source": 63, "prod": 0, "target": 17, "value": 0.00056275618495689819, "supply": "[{\"l\":'Energy for power irrigation',\"v\":0.00056275618495689819}]"}, {"source": 63, "prod": 0, "target": 19, "value": 2.8792176904771534e-05, "supply": "[{\"l\":'Energy for power irrigation',\"v\":2.8792176904771534e-05}]"}, {"source": 63, "prod": 0, "target": 0, "value": 0.00074597912889635336, "supply": "[{\"l\":'Energy for power irrigation',\"v\":0.00074597912889635336}]"}, {"source": 63, "prod": 0, "target": 15, "value": 2.6174706277065034e-05, "supply": "[{\"l\":'Energy for power irrigation',\"v\":2.6174706277065034e-05}]"}, {"source": 63, "prod": 0, "target": 4, "value": 0.0021188424731284146, "supply": "[{\"l\":'Energy for power irrigation',\"v\":0.0021188424731284146}]"}, {"source": 63, "prod": 0, "target": 29, "value": 2.8792176904771534e-05, "supply": "[{\"l\":'Energy for power irrigation',\"v\":2.8792176904771534e-05}]"}, {"source": 63, "prod": 0, "target": 8, "value": 0.00074728786421020667, "supply": "[{\"l\":'Energy for power irrigation',\"v\":0.00074728786421020667}]"}, {"source": 63, "prod": 0, "target": 9, "value": 8.8994001342021108e-05, "supply": "[{\"l\":'Energy for power irrigation',\"v\":8.8994001342021108e-05}]"}, {"source": 63, "prod": 0, "target": 27, "value": 0.00043842633014083926, "supply": "[{\"l\":'Energy for power irrigation',\"v\":0.00043842633014083926}]"}, {"source": 63, "prod": 0, "target": 32, "value": 0.0012171238418835241, "supply": "[{\"l\":'Energy for power irrigation',\"v\":0.0012171238418835241}]"}, {"source": 63, "prod": 0, "target": 5, "value": 1.570482376623902e-05, "supply": "[{\"l\":'Energy for power irrigation',\"v\":1.570482376623902e-05}]"}, {"source": 63, "prod": 0, "target": 6, "value": 3.6644588787891046e-05, "supply": "[{\"l\":'Energy for power irrigation',\"v\":3.6644588787891046e-05}]"}, {"source": 63, "prod": 0, "target": 7, "value": 0.00087554392496782543, "supply": "[{\"l\":'Energy for power irrigation',\"v\":0.00087554392496782543}]"}, {"source": 63, "prod": 0, "target": 11, "value": 5.8893089123396319e-05, "supply": "[{\"l\":'Energy for power irrigation',\"v\":5.8893089123396319e-05}]"}, {"source": 63, "prod": 0, "target": 16, "value": 2.6174706277065032e-06, "supply": "[{\"l\":'Energy for power irrigation',\"v\":2.6174706277065032e-06}]"}, {"source": 63, "prod": 0, "target": 13, "value": 0.0026410278633558618, "supply": "[{\"l\":'Energy for power irrigation',\"v\":0.0026410278633558618}]"}, {"source": 63, "prod": 0, "target": 14, "value": 2.6174706277065032e-06, "supply": "[{\"l\":'Energy for power irrigation',\"v\":2.6174706277065032e-06}]"}, {"source": 63, "prod": 0, "target": 52, "value": 0.00018191420862560199, "supply": "[{\"l\":'Energy for power irrigation',\"v\":0.00018191420862560199}]"}, {"source": 63, "prod": 0, "target": 12, "value": 0.00030231785750010112, "supply": "[{\"l\":'Energy for power irrigation',\"v\":0.00030231785750010112}]"}, {"source": 63, "prod": 0, "target": 53, "value": 0.26100000020879999, "supply": "[{\"l\":'Electricity',\"v\":0.26100000020879999}]"}, {"source": 64, "prod": 0, "target": 63, "value": 0.51384301584902969, "supply": [{"l": "Coal", "v": 0.024218558362664351}, {"l": "Natural gas", "v": 0.4760015184073666}, {"l": "Oil", "v": 0.013622939078998739}]}, {"source": 65, "prod": 0, "target": 63, "value": 0.01711949344260839, "supply": [{"l": "Nuclear", "v": 0.0}, {"l": "Hydroelectric", "v": 0.01711949344260839}, {"l": "Renewable", "v": 0.0}]}, {"source": 64, "prod": 0, "target": 2, "value": 0.6898967697977737, "supply": [{"l": "Motor Gasoline", "v": 0.0028399270913266835}, {"l": "Gas-Diesel oil", "v": 0.20950071635339959}, {"l": "Natural gas (including LNG)", "v": 0.011282780317686147}, {"l": "Fuel oil", "v": 0.015539465619358648}, {"l": "Coal", "v": 0.0016539530238426285}, {"l": "Other fossil fuels", "v": 0.44907992739215996}]}, {"source": 64, "prod": 0, "target": 3, "value": 0.002028255938086693, "supply": [{"l": "Motor Gasoline", "v": 8.3492186641271672e-06}, {"l": "Gas-Diesel oil", "v": 0.00061591978768324115}, {"l": "Natural gas (including LNG)", "v": 3.3170710719782881e-05}, {"l": "Fuel oil", "v": 4.5685115218610051e-05}, {"l": "Coal", "v": 4.8625246396045356e-06}, {"l": "Other fossil fuels", "v": 0.0013202685811613271}]}, {"source": 64, "prod": 0, "target": 47, "value": 0.052155152693657815, "supply": [{"l": "Motor Gasoline", "v": 0.00021469419422041287}, {"l": "Gas-Diesel oil", "v": 0.015837937397569057}, {"l": "Natural gas (including LNG)", "v": 0.0008529611327944168}, {"l": "Fuel oil", "v": 0.0011747601056214013}, {"l": "Coal", "v": 0.00012503634787554521}, {"l": "Other fossil fuels", "v": 0.033949763515576978}]}, {"source": 64, "prod": 0, "target": 17, "value": 0.12459286476818257, "supply": [{"l": "Motor Gasoline", "v": 0.00051288057508209746}, {"l": "Gas-Diesel oil", "v": 0.037835072671970532}, {"l": "Natural gas (including LNG)", "v": 0.0020376293727866627}, {"l": "Fuel oil", "v": 0.0028063713634289035}, {"l": "Coal", "v": 0.00029869794214713581}, {"l": "Other fossil fuels", "v": 0.081102212842767238}]}, {"source": 64, "prod": 0, "target": 19, "value": 0.0063745186625581776, "supply": [{"l": "Motor Gasoline", "v": 2.6240401515828242e-05}, {"l": "Gas-Diesel oil", "v": 0.0019357479041473293}, {"l": "Natural gas (including LNG)", "v": 0.00010425080511931761}, {"l": "Fuel oil", "v": 0.00014358179068706017}, {"l": "Coal", "v": 1.5282220295899971e-05}, {"l": "Other fossil fuels", "v": 0.0041494155407927422}]}, {"source": 64, "prod": 0, "target": 0, "value": 0.16515798352991642, "supply": [{"l": "Motor Gasoline", "v": 0.0006798649483646408}, {"l": "Gas-Diesel oil", "v": 0.050153468425635353}, {"l": "Natural gas (including LNG)", "v": 0.0027010435871823199}, {"l": "Fuel oil", "v": 0.0037200736678011043}, {"l": "Coal", "v": 0.00039594843493922648}, {"l": "Other fossil fuels", "v": 0.10750758446599377}]}, {"source": 64, "prod": 0, "target": 15, "value": 0.0057950169659619806, "supply": [{"l": "Motor Gasoline", "v": 2.3854910468934765e-05}, {"l": "Gas-Diesel oil", "v": 0.0017597708219521176}, {"l": "Natural gas (including LNG)", "v": 9.4773459199379661e-05}, {"l": "Fuel oil", "v": 0.00013052890062460016}, {"l": "Coal", "v": 1.3892927541727246e-05}, {"l": "Other fossil fuels", "v": 0.0037721959461752205}]}, {"source": 64, "prod": 0, "target": 4, "value": 0.46910662339462228, "supply": [{"l": "Motor Gasoline", "v": 0.0019310550024602693}, {"l": "Gas-Diesel oil", "v": 0.14245344803702392}, {"l": "Natural gas (including LNG)", "v": 0.0076719115221897836}, {"l": "Fuel oil", "v": 0.010566314505561383}, {"l": "Coal", "v": 0.0011246324845028207}, {"l": "Other fossil fuels", "v": 0.30535926184288409}]}, {"source": 64, "prod": 0, "target": 29, "value": 0.0063745186625581776, "supply": [{"l": "Motor Gasoline", "v": 2.6240401515828242e-05}, {"l": "Gas-Diesel oil", "v": 0.0019357479041473293}, {"l": "Natural gas (including LNG)", "v": 0.00010425080511931761}, {"l": "Fuel oil", "v": 0.00014358179068706017}, {"l": "Coal", "v": 1.5282220295899971e-05}, {"l": "Other fossil fuels", "v": 0.0041494155407927422}]}, {"source": 64, "prod": 0, "target": 8, "value": 0.16544773437821453, "supply": [{"l": "Motor Gasoline", "v": 0.00068105769388808761}, {"l": "Gas-Diesel oil", "v": 0.050241456966732961}, {"l": "Natural gas (including LNG)", "v": 0.0027057822601422891}, {"l": "Fuel oil", "v": 0.0037266001128323347}, {"l": "Coal", "v": 0.00039664308131631286}, {"l": "Other fossil fuels", "v": 0.10769619426330254}]}, {"source": 64, "prod": 0, "target": 9, "value": 0.019703057684270733, "supply": [{"l": "Motor Gasoline", "v": 8.1106695594378205e-05}, {"l": "Gas-Diesel oil", "v": 0.0059832207946371998}, {"l": "Natural gas (including LNG)", "v": 0.00032222976127789082}, {"l": "Fuel oil", "v": 0.00044379826212364052}, {"l": "Coal", "v": 4.7235953641872634e-05}, {"l": "Other fossil fuels", "v": 0.01282546621699575}]}, {"source": 64, "prod": 0, "target": 27, "value": 0.097066534179863162, "supply": [{"l": "Motor Gasoline", "v": 0.00039956975035465727}, {"l": "Gas-Diesel oil", "v": 0.029476161267697969}, {"l": "Natural gas (including LNG)", "v": 0.001587455441589609}, {"l": "Fuel oil", "v": 0.0021863590854620525}, {"l": "Coal", "v": 0.00023270653632393134}, {"l": "Other fossil fuels", "v": 0.063184282098434935}]}, {"source": 64, "prod": 0, "target": 32, "value": 0.26946828891723207, "supply": [{"l": "Motor Gasoline", "v": 0.0011092533368054667}, {"l": "Gas-Diesel oil", "v": 0.081829343220773468}, {"l": "Natural gas (including LNG)", "v": 0.0044069658527711537}, {"l": "Fuel oil", "v": 0.006069593879043907}, {"l": "Coal", "v": 0.00064602113069031695}, {"l": "Other fossil fuels", "v": 0.17540711149714774}]}, {"source": 64, "prod": 0, "target": 5, "value": 0.0034770101795771878, "supply": [{"l": "Motor Gasoline", "v": 1.4312946281360859e-05}, {"l": "Gas-Diesel oil", "v": 0.0010558624931712706}, {"l": "Natural gas (including LNG)", "v": 5.6864075519627793e-05}, {"l": "Fuel oil", "v": 7.8317340374760091e-05}, {"l": "Coal", "v": 8.3357565250363475e-06}, {"l": "Other fossil fuels", "v": 0.002263317567705132}]}, {"source": 64, "prod": 0, "target": 6, "value": 0.0081130237523467721, "supply": [{"l": "Motor Gasoline", "v": 3.3396874656508669e-05}, {"l": "Gas-Diesel oil", "v": 0.0024636791507329646}, {"l": "Natural gas (including LNG)", "v": 0.00013268284287913152}, {"l": "Fuel oil", "v": 0.0001827404608744402}, {"l": "Coal", "v": 1.9450098558418142e-05}, {"l": "Other fossil fuels", "v": 0.0052810743246453082}]}, {"source": 64, "prod": 0, "target": 7, "value": 0.19384331751142825, "supply": [{"l": "Motor Gasoline", "v": 0.00079794675518586795}, {"l": "Gas-Diesel oil", "v": 0.058864333994298336}, {"l": "Natural gas (including LNG)", "v": 0.0031701722102192497}, {"l": "Fuel oil", "v": 0.0043661917258928755}, {"l": "Coal", "v": 0.00046471842627077641}, {"l": "Other fossil fuels", "v": 0.12617995439956112}]}, {"source": 64, "prod": 0, "target": 11, "value": 0.013038788173414454, "supply": [{"l": "Motor Gasoline", "v": 5.3673548555103216e-05}, {"l": "Gas-Diesel oil", "v": 0.0039594843493922643}, {"l": "Natural gas (including LNG)", "v": 0.0002132402831986042}, {"l": "Fuel oil", "v": 0.00029369002640535033}, {"l": "Coal", "v": 3.1259086968886303e-05}, {"l": "Other fossil fuels", "v": 0.0084874408788942445}]}, {"source": 64, "prod": 0, "target": 16, "value": 0.00057950169659619799, "supply": [{"l": "Motor Gasoline", "v": 2.3854910468934764e-06}, {"l": "Gas-Diesel oil", "v": 0.00017597708219521178}, {"l": "Natural gas (including LNG)", "v": 9.4773459199379654e-06}, {"l": "Fuel oil", "v": 1.3052890062460016e-05}, {"l": "Coal", "v": 1.3892927541727246e-06}, {"l": "Other fossil fuels", "v": 0.00037721959461752203}]}, {"source": 64, "prod": 0, "target": 13, "value": 0.5847172118655638, "supply": [{"l": "Motor Gasoline", "v": 0.0024069604663155175}, {"l": "Gas-Diesel oil", "v": 0.17756087593496866}, {"l": "Natural gas (including LNG)", "v": 0.0095626420332174059}, {"l": "Fuel oil", "v": 0.013170366073022155}, {"l": "Coal", "v": 0.001401796388960279}, {"l": "Other fossil fuels", "v": 0.38061457096907969}]}, {"source": 64, "prod": 0, "target": 14, "value": 0.00057950169659619799, "supply": [{"l": "Motor Gasoline", "v": 2.3854910468934764e-06}, {"l": "Gas-Diesel oil", "v": 0.00017597708219521178}, {"l": "Natural gas (including LNG)", "v": 9.4773459199379654e-06}, {"l": "Fuel oil", "v": 1.3052890062460016e-05}, {"l": "Coal", "v": 1.3892927541727246e-06}, {"l": "Other fossil fuels", "v": 0.00037721959461752203}]}, {"source": 64, "prod": 0, "target": 52, "value": 0.040275367913435764, "supply": [{"l": "Motor Gasoline", "v": 0.00016579162775909662}, {"l": "Gas-Diesel oil", "v": 0.012230407212567218}, {"l": "Natural gas (including LNG)", "v": 0.00065867554143568866}, {"l": "Fuel oil", "v": 0.00090717585934097108}, {"l": "Coal", "v": 9.6555846415004369e-05}, {"l": "Other fossil fuels", "v": 0.026216761825917784}]}, {"source": 64, "prod": 0, "target": 12, "value": 0.066932445956860875, "supply": [{"l": "Motor Gasoline", "v": 0.00027552421591619657}, {"l": "Gas-Diesel oil", "v": 0.020325352993546958}, {"l": "Natural gas (including LNG)", "v": 0.001094633453752835}, {"l": "Fuel oil", "v": 0.0015076088022141318}, {"l": "Coal", "v": 0.00016046331310694969}, {"l": "Other fossil fuels", "v": 0.0435688631783238}]}, {"source": 66, "prod": 0.79532206386130866, "target": 2, "value": 0.013368952044400889, "supply": [{"l": "Potash", "v": 0.00063116002596939598}, {"l": "Phosphate", "v": 0.00042083333367000001}, {"l": "Nitrogen", "v": 0.056876388934389996}]}, {"source": 66, "prod": 0.0023382001037501724, "target": 3, "value": 3.9303932931879976e-05, "supply": [{"l": "Potash", "v": 0.00063116002596939598}, {"l": "Phosphate", "v": 0.00042083333367000001}, {"l": "Nitrogen", "v": 0.056876388934389996}]}, {"source": 66, "prod": 0.060125145525004434, "target": 47, "value": 0.001010672561105485, "supply": [{"l": "Potash", "v": 0.00063116002596939598}, {"l": "Phosphate", "v": 0.00042083333367000001}, {"l": "Nitrogen", "v": 0.056876388934389996}]}, {"source": 66, "prod": 0.1436322920875106, "target": 17, "value": 0.0024143844515297701, "supply": [{"l": "Potash", "v": 0.00063116002596939598}, {"l": "Phosphate", "v": 0.00042083333367000001}, {"l": "Nitrogen", "v": 0.056876388934389996}]}, {"source": 66, "prod": 0.007348628897500542, "target": 19, "value": 0.00012352664635733706, "supply": [{"l": "Potash", "v": 0.00063116002596939598}, {"l": "Phosphate", "v": 0.00042083333367000001}, {"l": "Nitrogen", "v": 0.056876388934389996}]}, {"source": 66, "prod": 0.19039629416251405, "target": 0, "value": 0.0032004631101673698, "supply": [{"l": "Potash", "v": 0.00063116002596939598}, {"l": "Phosphate", "v": 0.00042083333367000001}, {"l": "Nitrogen", "v": 0.056876388934389996}]}, {"source": 66, "prod": 0.0066805717250004934, "target": 15, "value": 0.00011229695123394281, "supply": [{"l": "Potash", "v": 0.00063116002596939598}, {"l": "Phosphate", "v": 0.00042083333367000001}, {"l": "Nitrogen", "v": 0.056876388934389996}]}, {"source": 66, "prod": 0.54079228113878997, "target": 4, "value": 0.0090904382023876702, "supply": [{"l": "Potash", "v": 0.00063116002596939598}, {"l": "Phosphate", "v": 0.00042083333367000001}, {"l": "Nitrogen", "v": 0.056876388934389996}]}, {"source": 66, "prod": 0.007348628897500542, "target": 29, "value": 0.00012352664635733706, "supply": [{"l": "Potash", "v": 0.00063116002596939598}, {"l": "Phosphate", "v": 0.00042083333367000001}, {"l": "Nitrogen", "v": 0.056876388934389996}]}, {"source": 66, "prod": 0.19073032274876409, "target": 8, "value": 0.0032060779577290669, "supply": [{"l": "Potash", "v": 0.00063116002596939598}, {"l": "Phosphate", "v": 0.00042083333367000001}, {"l": "Nitrogen", "v": 0.056876388934389996}]}, {"source": 66, "prod": 0.022713943865001678, "target": 9, "value": 0.00038180963419540549, "supply": [{"l": "Potash", "v": 0.00063116002596939598}, {"l": "Phosphate", "v": 0.00042083333367000001}, {"l": "Nitrogen", "v": 0.056876388934389996}]}, {"source": 66, "prod": 0.11189957639375825, "target": 27, "value": 0.0018809739331685418, "supply": [{"l": "Potash", "v": 0.00063116002596939598}, {"l": "Phosphate", "v": 0.00042083333367000001}, {"l": "Nitrogen", "v": 0.056876388934389996}]}, {"source": 66, "prod": 0.31064658521252292, "target": 32, "value": 0.0052218082323783402, "supply": [{"l": "Potash", "v": 0.00063116002596939598}, {"l": "Phosphate", "v": 0.00042083333367000001}, {"l": "Nitrogen", "v": 0.056876388934389996}]}, {"source": 66, "prod": 0.0040083430350002962, "target": 5, "value": 6.7378170740365671e-05, "supply": [{"l": "Potash", "v": 0.00063116002596939598}, {"l": "Phosphate", "v": 0.00042083333367000001}, {"l": "Nitrogen", "v": 0.056876388934389996}]}, {"source": 66, "prod": 0.0093528004150006897, "target": 6, "value": 0.0001572157317275199, "supply": [{"l": "Potash", "v": 0.00063116002596939598}, {"l": "Phosphate", "v": 0.00042083333367000001}, {"l": "Nitrogen", "v": 0.056876388934389996}]}, {"source": 66, "prod": 0.22346512420126652, "target": 7, "value": 0.0037563330187753868, "supply": [{"l": "Potash", "v": 0.00063116002596939598}, {"l": "Phosphate", "v": 0.00042083333367000001}, {"l": "Nitrogen", "v": 0.056876388934389996}]}, {"source": 66, "prod": 0.015031286381251108, "target": 11, "value": 0.00025266814027637125, "supply": [{"l": "Potash", "v": 0.00063116002596939598}, {"l": "Phosphate", "v": 0.00042083333367000001}, {"l": "Nitrogen", "v": 0.056876388934389996}]}, {"source": 66, "prod": 0.0006680571725000493, "target": 16, "value": 1.1229695123394279e-05, "supply": [{"l": "Potash", "v": 0.00063116002596939598}, {"l": "Phosphate", "v": 0.00042083333367000001}, {"l": "Nitrogen", "v": 0.056876388934389996}]}, {"source": 66, "prod": 0.67406968705254977, "target": 13, "value": 0.011330762379504828, "supply": [{"l": "Potash", "v": 0.00063116002596939598}, {"l": "Phosphate", "v": 0.00042083333367000001}, {"l": "Nitrogen", "v": 0.056876388934389996}]}, {"source": 66, "prod": 0.0006680571725000493, "target": 14, "value": 1.1229695123394279e-05, "supply": [{"l": "Potash", "v": 0.00063116002596939598}, {"l": "Phosphate", "v": 0.00042083333367000001}, {"l": "Nitrogen", "v": 0.056876388934389996}]}, {"source": 66, "prod": 0.046429973488753433, "target": 52, "value": 0.00078046381107590242, "supply": [{"l": "Potash", "v": 0.00063116002596939598}, {"l": "Phosphate", "v": 0.00042083333367000001}, {"l": "Nitrogen", "v": 0.056876388934389996}]}, {"source": 66, "prod": 0.077160603423755705, "target": 12, "value": 0.0012970297867520393, "supply": [{"l": "Potash", "v": 0.00063116002596939598}, {"l": "Phosphate", "v": 0.00042083333367000001}, {"l": "Nitrogen", "v": 0.056876388934389996}]}, {"source": 64, "prod": 0, "target": 66, "value": 0.068905090593760265, "supply": [{"l": "Natural gas (including LNG)", "v": 0.046636257001997979}, {"l": "Fuel oil", "v": 0.012214726839368716}, {"l": "Liquefied petroleum gas (LPG)", "v": 0.0050270533761967839}, {"l": "Coal", "v": 0.0050270533761967839}]}, {"source": 67, "prod": 0, "target": 2, "value": 0.065416964386798324, "supply": "[{\"l\":'Labor',\"v\":0.065416964386798324}]"}, {"source": 67, "prod": 0, "target": 3, "value": 0.00019232202885660995, "supply": "[{\"l\":'Labor',\"v\":0.00019232202885660995}]"}, {"source": 67, "prod": 0, "target": 19, "value": 0.00060444066212077415, "supply": "[{\"l\":'Labor',\"v\":0.00060444066212077415}]"}, {"source": 67, "prod": 0, "target": 17, "value": 0.011814067486906041, "supply": "[{\"l\":'Labor',\"v\":0.011814067486906041}]"}, {"source": 67, "prod": 0, "target": 37, "value": 2.7474575550944281e-05, "supply": "[{\"l\":'Labor',\"v\":2.7474575550944281e-05}]"}, {"source": 67, "prod": 0, "target": 25, "value": 0.00010989830220377712, "supply": "[{\"l\":'Labor',\"v\":0.00010989830220377712}]"}, {"source": 67, "prod": 0, "target": 27, "value": 0.0092039828095663336, "supply": "[{\"l\":'Labor',\"v\":0.0092039828095663336}]"}, {"source": 67, "prod": 0, "target": 0, "value": 0.01566050806403824, "supply": "[{\"l\":'Labor',\"v\":0.01566050806403824}]"}, {"source": 67, "prod": 0, "target": 15, "value": 0.00054949151101888556, "supply": "[{\"l\":'Labor',\"v\":0.00054949151101888556}]"}, {"source": 67, "prod": 0, "target": 4, "value": 0.044481337816978793, "supply": "[{\"l\":'Labor',\"v\":0.044481337816978793}]"}, {"source": 67, "prod": 0, "target": 29, "value": 0.00060444066212077415, "supply": "[{\"l\":'Labor',\"v\":0.00060444066212077415}]"}, {"source": 67, "prod": 0, "target": 8, "value": 0.015687982639589183, "supply": "[{\"l\":'Labor',\"v\":0.015687982639589183}]"}, {"source": 67, "prod": 0, "target": 9, "value": 0.0018682711374642111, "supply": "[{\"l\":'Labor',\"v\":0.0018682711374642111}]"}, {"source": 67, "prod": 0, "target": 32, "value": 0.02555135526237818, "supply": "[{\"l\":'Labor',\"v\":0.02555135526237818}]"}, {"source": 67, "prod": 0, "target": 5, "value": 0.00032969490661133137, "supply": "[{\"l\":'Labor',\"v\":0.00032969490661133137}]"}, {"source": 67, "prod": 0, "target": 6, "value": 0.00076928811542643981, "supply": "[{\"l\":'Labor',\"v\":0.00076928811542643981}]"}, {"source": 67, "prod": 0, "target": 7, "value": 0.018380491043581724, "supply": "[{\"l\":'Labor',\"v\":0.018380491043581724}]"}, {"source": 67, "prod": 0, "target": 11, "value": 0.0012363558997924924, "supply": "[{\"l\":'Labor',\"v\":0.0012363558997924924}]"}, {"source": 67, "prod": 0, "target": 12, "value": 0.0063466269522681291, "supply": "[{\"l\":'Labor',\"v\":0.0063466269522681291}]"}, {"source": 67, "prod": 0, "target": 13, "value": 0.055443693461805554, "supply": "[{\"l\":'Labor',\"v\":0.055443693461805554}]"}, {"source": 67, "prod": 0, "target": 41, "value": 5.4949151101888562e-05, "supply": "[{\"l\":'Labor',\"v\":5.4949151101888562e-05}]"}, {"source": 67, "prod": 0, "target": 45, "value": 0.00019232202885660995, "supply": "[{\"l\":'Labor',\"v\":0.00019232202885660995}]"}, {"source": 67, "prod": 0, "target": 47, "value": 0.0049454235991699697, "supply": "[{\"l\":'Labor',\"v\":0.0049454235991699697}]"}, {"source": 67, "prod": 0, "target": 14, "value": 5.4949151101888562e-05, "supply": "[{\"l\":'Labor',\"v\":5.4949151101888562e-05}]"}, {"source": 67, "prod": 0, "target": 51, "value": 5.4949151101888562e-05, "supply": "[{\"l\":'Labor',\"v\":5.4949151101888562e-05}]"}, {"source": 67, "prod": 0, "target": 52, "value": 0.0038189660015812551, "supply": "[{\"l\":'Labor',\"v\":0.0038189660015812551}]"}, {"source": 67, "prod": 0, "target": 16, "value": 5.4949151101888562e-05, "supply": "[{\"l\":'Labor',\"v\":5.4949151101888562e-05}]"}, {"source": 64, "prod": 0, "target": 57, "value": 1.0433814922680404, "supply": "[{\"l\":'Fossil Fuels',\"v\":1.0433814922680404}]"}, {"source": 65, "prod": 0, "target": 57, "value": 0.032901946266833751, "supply": "[{\"l\":'Renewables & Nuclear',\"v\":0.011778148414080678},{\"l\":'Biomass & Waste',\"v\":0.021123797852753069}]"}]}