{"nodes": [{"layer": 13, "name": "Animal Products", "fill": "#17becf"}, {"layer": 10, "name": "Feed", "fill": "#dbdb8d"}, {"layer": 5, "name": "Cereals", "fill": "#e7ba52"}, {"layer": 5, "name": "Oilcrops", "fill": "#ff9896"}, {"layer": 5, "name": "Sugar Crops", "fill": "#ffbb78"}, {"layer": 5, "name": "Starchy Roots"}, {"layer": 5, "name": "Fruits & Vegetables"}, {"layer": 13, "name": "Aquatic Products", "fill": "#1f77b4"}, {"layer": 13, "name": "Other Processed", "fill": "#9c9ede"}, {"layer": 16, "name": "Food", "fill": "#b5cf6b"}, {"layer": 13, "name": "Sugar", "fill": "#d6616b"}, {"layer": 5, "name": "Others"}, {"layer": 13, "name": "Vegetable Oils", "fill": "#f7b6d2"}, {"layer": 10, "name": "Processing", "fill": "#9edae5"}, {"layer": 16, "name": "Biofuels & Other", "fill": "#e7ba52"}, {"name": "Waste", "fill": "#c7c7c7"}, {"layer": 2, "name": "Import", "fill": "#aec7e8"}, {"layer": 16, "name": "Export", "fill": "#aec7e8"}, {"layer": 0, "name": "Stock Draw", "fill": "#c7c7c7"}, {"layer": 16, "name": "Stock Deposit", "fill": "#c7c7c7"}, {"layer": 2, "name": "Electricity", "fill": "#bcbd22"}, {"layer": 0, "name": "Fossil Fuels", "fill": "#c49c94"}, {"layer": 0, "name": "Renewables & Nuclear", "fill": "#2ca02c"}, {"layer": 2, "name": "Fertilizers", "fill": "#c5b0d5"}, {"layer": 0, "name": "Labor", "fill": "#7f7f7f"}], "links": [{"source": 0, "prod": 10.0, "target": 1, "value": 0.007671541133777572, "supply": [{"l": "Milk - Excluding Butter", "v": 0.007671541133777572}]}, {"source": 2, "prod": 762.0, "target": 1, "value": 2.4016627362284786, "supply": [{"l": "Maize", "v": 2.0712717840575965}, {"l": "Wheat", "v": 0.1683482500669129}, {"l": "Oats", "v": 0.0054423290494230768}, {"l": "Rye", "v": 0.015639535057815786}, {"l": "Barley", "v": 0.11486515664311764}, {"l": "Sorghum", "v": 0.012511628046252631}, {"l": "Cereals, Other", "v": 0.013584053307360002}]}, {"source": 3, "prod": 82.0, "target": 1, "value": 0.49727338000157151, "supply": [{"l": "Sunflower seed", "v": 0.43056597536721436}, {"l": "Soyabeans", "v": 0.060643095122142866}, {"l": "Rape and Mustardseed", "v": 0.0060643095122142861}]}, {"source": 4, "prod": 131.0, "target": 1, "value": 0.15225111082000001, "supply": [{"l": "Sugar beet", "v": 0.15225111082000001}]}, {"source": 5, "prod": 80.0, "target": 1, "value": 0.06232110477928602, "supply": [{"l": "Potatoes", "v": 0.06232110477928602}]}, {"source": 6, "prod": 133.0, "target": 1, "value": 0.14310273504574147, "supply": [{"l": "Vegetables, Other", "v": 0.0020390061717646389}, {"l": "Apples", "v": 0.056163395702976848}, {"l": "Peas", "v": 0.022857782007576922}, {"l": "Beans", "v": 0.058777153733769232}, {"l": "Pulses, Other", "v": 0.0032653974296538461}]}, {"source": 7, "prod": 4.0, "target": 1, "value": 0.0037725577454283199, "supply": [{"l": "Pelagic Fish", "v": 0.0020083949782387094}, {"l": "Fish, Seafood", "v": 0.0017641627671896103}]}, {"source": 8, "prod": 128.0, "target": 9, "value": 0.19813483500516343, "supply": [{"l": "Beer", "v": 0.038010288616069442}, {"l": "Beverages, Alcoholic", "v": 0.043878153840669724}, {"l": "Butter, Ghee", "v": 0.025155654272888888}, {"l": "Fats, Animals, Raw", "v": 0.058794615752109633}, {"l": "Wine", "v": 0.03144622456228293}, {"l": "Beverages, Fermented", "v": 0.00084989796114278186}]}, {"source": 0, "prod": 701.0, "target": 9, "value": 0.68022665942731475, "supply": [{"l": "Eggs", "v": 0.053239163793691216}, {"l": "Mutton & Goat Meat", "v": 0.0065307948593076922}, {"l": "Pigmeat", "v": 0.10532129436543436}, {"l": "Milk - Excluding Butter", "v": 0.43497638228518831}, {"l": "Bovine Meat", "v": 0.00424501665855}, {"l": "Poultry Meat", "v": 0.060631947494363049}, {"l": "Offals, Edible", "v": 0.01528205997078}]}, {"source": 2, "prod": 696.0, "target": 9, "value": 2.1861993565509414, "supply": [{"l": "Maize", "v": 1.209825415152908}, {"l": "Rye", "v": 0.012511628046252631}, {"l": "Barley", "v": 0.039295974641066558}, {"l": "Rice", "v": 0.061412677547550761}, {"l": "Cereals, Other", "v": 0.010188039980520003}, {"l": "Wheat", "v": 0.84480212760850848}, {"l": "Oats", "v": 0.0081634935741346157}]}, {"source": 3, "prod": 2.0, "target": 9, "value": 0.0075803868902678574, "supply": [{"l": "Olives", "v": 0.0015160773780535715}, {"l": "Groundnuts", "v": 0.0060643095122142861}]}, {"source": 10, "prod": 117.0, "target": 9, "value": 0.42933491518379924, "supply": [{"l": "Sugar", "v": 0.38205149926949999}, {"l": "Honey", "v": 0.007718212106454546}, {"l": "Sweeteners, Other", "v": 0.039565203807844659}]}, {"source": 5, "prod": 272.0, "target": 9, "value": 0.21189175624957246, "supply": [{"l": "Potatoes", "v": 0.21189175624957246}]}, {"source": 6, "prod": 590.0, "target": 9, "value": 0.2544083493904839, "supply": [{"l": "Vegetables, Other", "v": 0.07427808197142613}, {"l": "Plantains", "v": 0.0011791712940416668}, {"l": "Grapefruit", "v": 0.00057911544641299235}, {"l": "Tomatoes", "v": 0.019884102175260366}, {"l": "Treenuts", "v": 0.034686906548463042}, {"l": "Peas", "v": 0.0032653974296538461}, {"l": "Grapes", "v": 0.021477489688663781}, {"l": "Apples", "v": 0.039876010949113562}, {"l": "Lemons, Limes", "v": 0.0011582308928259847}, {"l": "Pineapples", "v": 0.00036127801349361706}, {"l": "Bananas", "v": 0.0017326598606326529}, {"l": "Fruits, Other", "v": 0.041104914827508797}, {"l": "Oranges, Mandarines", "v": 0.0015492761527554745}, {"l": "Onions", "v": 0.013275714140232032}]}, {"source": 11, "prod": 14.0, "target": 9, "value": 0.050720362656226557, "supply": [{"l": "Nuts", "v": 0.035235316138162061}, {"l": "Coffee", "v": 0.00037566519102212397}, {"l": "Cocoa Beans", "v": 0.010072920884694915}, {"l": "Tea", "v": 0.0050364604423474577}]}, {"source": 7, "prod": 60.0, "target": 9, "value": 0.053043751913013103, "supply": [{"l": "Marine Fish, Other", "v": 0.0035375138821250002}, {"l": "Freshwater Fish", "v": 0.0033960133268400002}, {"l": "Pelagic Fish", "v": 0.018075554804148387}, {"l": "Fish, Seafood", "v": 0.026462441507844159}, {"l": "Demersal Fish", "v": 0.0015722283920555555}]}, {"source": 12, "prod": 17.0, "target": 9, "value": 0.17610094933041273, "supply": [{"l": "Maize Germ Oil", "v": 0.03039046016916478}, {"l": "Sunflowerseed Oil", "v": 0.14571048916124796}]}, {"source": 4, "prod": 648.0, "target": 13, "value": 0.75311999856, "supply": [{"l": "Sugar beet", "v": 0.75311999856}]}, {"source": 6, "prod": 277.0, "target": 13, "value": 0.164924407622214, "supply": [{"l": "Grapes", "v": 0.15392200943542378}, {"l": "Fruits, Other", "v": 0.0053383006269491946}, {"l": "Apples", "v": 0.003931437699208379}, {"l": "Bananas", "v": 0.0017326598606326529}]}, {"source": 2, "prod": 85.0, "target": 13, "value": 0.26184134765241324, "supply": [{"l": "Maize", "v": 0.063341644772403574}, {"l": "Wheat", "v": 0.16222649551902518}, {"l": "Barley", "v": 0.036273207360984515}]}, {"source": 3, "prod": 154.77272727272728, "target": 13, "value": 0.92990673361158616, "supply": [{"l": "Sunflower seed", "v": 0.84293902219778583}, {"l": "Soyabeans", "v": 0.066707404634357148}, {"l": "Oil Palm", "v": 0.020260306779443186}]}, {"source": 5, "prod": 3.0, "target": 14, "value": 0.0023370414292232262, "supply": [{"l": "Potatoes", "v": 0.0023370414292232262}]}, {"source": 8, "prod": 10.0, "target": 14, "value": 0.061344309635537976, "supply": [{"l": "Alcohol, Non-Food", "v": 0.0025496938834283457}, {"l": "Fats, Animals, Raw", "v": 0.058794615752109633}]}, {"source": 6, "prod": 115.0, "target": 14, "value": 0.068608647616564863, "supply": [{"l": "Grapes", "v": 0.068608647616564863}]}, {"source": 2, "prod": 1.0, "target": 14, "value": 0.0031670822386201782, "supply": [{"l": "Maize", "v": 0.0031670822386201782}]}, {"source": 12, "prod": 10.0, "target": 14, "value": 0.10233939954031872, "supply": [{"l": "Maize Germ Oil", "v": 0.060780920338329561}, {"l": "Palm Oil", "v": 0.010130153389721593}, {"l": "Oilcrops Oil, Other", "v": 0.010612541646375}, {"l": "Sunflowerseed Oil", "v": 0.020815784165892564}]}, {"source": 5, "prod": 7.0, "target": 5, "value": 0.005453096668187528, "supply": [{"l": "Potatoes", "v": 0.005453096668187528}]}, {"source": 6, "prod": 2.0, "target": 6, "value": 0.0065307948593076922, "supply": [{"l": "Peas", "v": 0.0065307948593076922}]}, {"source": 0, "prod": 1.0, "target": 0, "value": 0.0016133079937482189, "supply": [{"l": "Eggs", "v": 0.0016133079937482189}]}, {"source": 2, "prod": 112.0, "target": 2, "value": 0.34329240438673081, "supply": [{"l": "Maize", "v": 0.038004986863442135}, {"l": "Wheat", "v": 0.2418093046415658}, {"l": "Barley", "v": 0.063478112881722906}]}, {"source": 3, "prod": 3.0, "target": 3, "value": 0.018192928536642859, "supply": [{"l": "Sunflower seed", "v": 0.0060643095122142861}, {"l": "Soyabeans", "v": 0.012128619024428572}]}, {"source": 5, "prod": 2.0, "target": 15, "value": 0.0015580276194821507, "supply": [{"l": "Potatoes", "v": 0.0015580276194821507}]}, {"source": 6, "prod": 105.0, "target": 15, "value": 0.056029349733826145, "supply": [{"l": "Vegetables, Other", "v": 0.0075734514951258016}, {"l": "Fruits, Other", "v": 0.004804470564254276}, {"l": "Peas", "v": 0.0032653974296538461}, {"l": "Beans", "v": 0.0032653974296538461}, {"l": "Grapes", "v": 0.008352357101147026}, {"l": "Onions", "v": 0.00042824884323329135}, {"l": "Tomatoes", "v": 0.0008199629762993965}, {"l": "Apples", "v": 0.027520063894458661}]}, {"source": 0, "prod": 1.0, "target": 15, "value": 0.0007671541133777572, "supply": [{"l": "Milk - Excluding Butter", "v": 0.0007671541133777572}]}, {"source": 2, "prod": 115.0, "target": 15, "value": 0.35829696439639996, "supply": [{"l": "Maize", "v": 0.19002493431721068}, {"l": "Wheat", "v": 0.16222649551902518}, {"l": "Barley", "v": 0.0060455345601640861}]}, {"source": 3, "prod": 6.0, "target": 15, "value": 0.036385857073285718, "supply": [{"l": "Sunflower seed", "v": 0.036385857073285718}]}, {"source": 16, "prod": 8.0, "target": 11, "value": 0.031092101801860571, "supply": [{"l": "Nuts", "v": 0.01057059484144862}, {"l": "Coffee", "v": 0.00037566519102212397}, {"l": "Cocoa Beans", "v": 0.01510938132704237}, {"l": "Tea", "v": 0.0050364604423474577}]}, {"source": 16, "prod": 90.0, "target": 1, "value": 0.094056095419408306, "supply": [{"l": "Marine Fish, Other", "v": 0.0035375138821250002}, {"l": "Pigmeat", "v": 0.0047873315620651988}, {"l": "Milk - Excluding Butter", "v": 0.007671541133777572}, {"l": "Pelagic Fish", "v": 0.020083949782387096}, {"l": "Fish, Seafood", "v": 0.024698278740654545}, {"l": "Poultry Meat", "v": 0.030315973747181525}, {"l": "Offals, Edible", "v": 0.0013892781791618183}, {"l": "Demersal Fish", "v": 0.0015722283920555555}]}, {"source": 16, "prod": 126.0, "target": 13, "value": 0.43062511444903812, "supply": [{"l": "Alcohol, Non-Food", "v": 0.0025496938834283457}, {"l": "Sugar", "v": 0.31258759031140909}, {"l": "Beer", "v": 0.0062404951459218479}, {"l": "Beverages, Alcoholic", "v": 0.01012572780938532}, {"l": "Fats, Animals, Raw", "v": 0.016798461643459894}, {"l": "Soyabean Oil", "v": 0.0084900333171}, {"l": "Palm Oil", "v": 0.010130153389721593}, {"l": "Sunflowerseed Oil", "v": 0.031223676248838844}, {"l": "Oilcrops Oil, Other", "v": 0.010612541646375}, {"l": "Wine", "v": 0.014448265339427294}, {"l": "Sweeteners, Other", "v": 0.0074184757139708736}]}, {"source": 16, "prod": 285.0, "target": 2, "value": 0.89042472792300742, "supply": [{"l": "Maize", "v": 0.0063341644772403564}, {"l": "Rye", "v": 0.028151163104068417}, {"l": "Barley", "v": 0.048364276481312689}, {"l": "Rice", "v": 0.065506856050720819}, {"l": "Cereals, Other", "v": 0.016980066634200004}, {"l": "Wheat", "v": 0.72236703665075364}, {"l": "Oats", "v": 0.0027211645247115384}]}, {"source": 16, "prod": 58.0, "target": 6, "value": 0.040602561233489105, "supply": [{"l": "Vegetables, Other", "v": 0.0037867257475629008}, {"l": "Plantains", "v": 0.0011791712940416668}, {"l": "Grapefruit", "v": 0.00057911544641299235}, {"l": "Tomatoes", "v": 0.0010249537203742456}, {"l": "Treenuts", "v": 0.010406071964538912}, {"l": "Peas", "v": 0.0032653974296538461}, {"l": "Grapes", "v": 0.002386387743184865}, {"l": "Beans", "v": 0.0032653974296538461}, {"l": "Apples", "v": 0.0061779735273274541}, {"l": "Lemons, Limes", "v": 0.0011582308928259847}, {"l": "Pineapples", "v": 0.00036127801349361706}, {"l": "Bananas", "v": 0.0017326598606326529}, {"l": "Fruits, Other", "v": 0.0021353202507796779}, {"l": "Oranges, Mandarines", "v": 0.0018591313833065696}, {"l": "Onions", "v": 0.0012847465296998743}]}, {"source": 16, "prod": 6.0, "target": 3, "value": 0.031837624939125002, "supply": [{"l": "Olives", "v": 0.0015160773780535715}, {"l": "Sunflower seed", "v": 0.0060643095122142861}, {"l": "Groundnuts", "v": 0.0060643095122142861}, {"l": "Soyabeans", "v": 0.018192928536642859}]}, {"source": 16, "prod": 61.0, "target": 5, "value": 0.047519842394205598, "supply": [{"l": "Potatoes", "v": 0.047519842394205598}]}, {"source": 8, "prod": 213.0, "target": 17, "value": 0.20094844263869338, "supply": [{"l": "Beer", "v": 0.00056731774053834984}, {"l": "Wine", "v": 0.17337918407312752}, {"l": "Beverages, Alcoholic", "v": 0.027001940825027521}]}, {"source": 0, "prod": 51.0, "target": 17, "value": 0.071146086498505762, "supply": [{"l": "Pigmeat", "v": 0.0023936657810325994}, {"l": "Milk - Excluding Butter", "v": 0.020713161061199442}, {"l": "Bovine Meat", "v": 0.040327658256225002}, {"l": "Eggs", "v": 0.0016133079937482189}, {"l": "Poultry Meat", "v": 0.0014436177974848346}, {"l": "Offals, Edible", "v": 0.0013892781791618183}, {"l": "Mutton & Goat Meat", "v": 0.0032653974296538461}]}, {"source": 2, "prod": 112.0, "target": 17, "value": 0.35198186662082864, "supply": [{"l": "Maize", "v": 0.27553615475995552}, {"l": "Barley", "v": 0.0060455345601640861}, {"l": "Wheat", "v": 0.070400177300709035}]}, {"source": 3, "prod": 62.0, "target": 17, "value": 0.37598718975728579, "supply": [{"l": "Soyabeans", "v": 0.042450166585500007}, {"l": "Sunflower seed", "v": 0.3335370231717858}]}, {"source": 10, "prod": 30.0, "target": 17, "value": 0.11577318159681818, "supply": [{"l": "Sugar", "v": 0.11577318159681818}]}, {"source": 6, "prod": 414.0, "target": 17, "value": 0.26699147272344448, "supply": [{"l": "Oranges, Mandarines", "v": 0.00030985523055109492}, {"l": "Fruits, Other", "v": 0.017616392068932344}, {"l": "Beans", "v": 0.0032653974296538461}, {"l": "Tomatoes", "v": 0.0020499074407484912}, {"l": "Bananas", "v": 0.0017326598606326529}, {"l": "Treenuts", "v": 0.045092978513001952}, {"l": "Vegetables, Other", "v": 0.0055344453233611623}, {"l": "Grapes", "v": 0.064432469065991343}, {"l": "Onions", "v": 0.0017129953729331654}, {"l": "Apples", "v": 0.12524437241763839}]}, {"source": 11, "prod": 13.0, "target": 17, "value": 0.045805910979610676, "supply": [{"l": "Nuts", "v": 0.045805910979610676}]}, {"source": 12, "prod": 57.0, "target": 17, "value": 0.58913639250302086, "supply": [{"l": "Soyabean Oil", "v": 0.0169800666342}, {"l": "Palm Oil", "v": 0.010130153389721593}, {"l": "Sunflowerseed Oil", "v": 0.56202617247909925}]}, {"source": 18, "prod": 7.0, "target": 3, "value": 0.042450166585500007, "supply": [{"l": "Soyabeans", "v": 0.042450166585500007}]}, {"source": 18, "prod": 123.0, "target": 4, "value": 0.14295333306000002, "supply": [{"l": "Sugar beet", "v": 0.14295333306000002}]}, {"source": 8, "prod": 1.0, "target": 19, "value": 0.0033752426031284401, "supply": [{"l": "Beverages, Alcoholic", "v": 0.0033752426031284401}]}, {"source": 2, "prod": 200.0, "target": 19, "value": 0.6334164477240356, "supply": [{"l": "Maize", "v": 0.6334164477240356}]}, {"source": 6, "prod": 222.0, "target": 19, "value": 0.12938649055344897, "supply": [{"l": "Vegetables, Other", "v": 0.00058257319193275395}, {"l": "Grapes", "v": 0.089489540369432435}, {"l": "Apples", "v": 0.039314376992083795}]}, {"source": 18, "prod": 7.0, "target": 1, "value": 0.012146849873130514, "supply": [{"l": "Bovine Meat", "v": 0.010612541646375}, {"l": "Milk - Excluding Butter", "v": 0.0015343082267555144}]}, {"source": 3, "prod": 119.0, "target": 19, "value": 0.72165283195350016, "supply": [{"l": "Sunflower seed", "v": 0.72165283195350016}]}, {"source": 18, "prod": 34.0, "target": 13, "value": 0.10134316113084992, "supply": [{"l": "Fats, Animals, Raw", "v": 0.016798461643459894}, {"l": "Wine", "v": 0.02209734698971233}, {"l": "Sunflowerseed Oil", "v": 0.062447352497677688}]}, {"source": 10, "prod": 68.0, "target": 19, "value": 0.26241921161945458, "supply": [{"l": "Sugar", "v": 0.26241921161945458}]}, {"source": 18, "prod": 216.0, "target": 2, "value": 0.6602381285147163, "supply": [{"l": "Wheat", "v": 0.61217545478877422}, {"l": "Oats", "v": 0.0027211645247115384}, {"l": "Barley", "v": 0.045341509201230645}]}, {"source": 1, "prod": 64.0, "target": 7, "value": 0.056816309658441422, "supply": [{"l": "Demersal Fish", "v": 0.0015722283920555555}, {"l": "Freshwater Fish", "v": 0.0033960133268400002}, {"l": "Pelagic Fish", "v": 0.020083949782387096}, {"l": "Marine Fish, Other", "v": 0.0035375138821250002}, {"l": "Fish, Seafood", "v": 0.028226604275033769}]}, {"source": 1, "prod": 763.0, "target": 0, "value": 0.75981144117297583, "supply": [{"l": "Poultry Meat", "v": 0.062075565291847885}, {"l": "Pigmeat", "v": 0.10771496014646696}, {"l": "Bovine Meat", "v": 0.044572674914774998}, {"l": "Eggs", "v": 0.05646577978118765}, {"l": "Milk - Excluding Butter", "v": 0.46412823859354302}, {"l": "Offals, Edible", "v": 0.01667133814994182}, {"l": "Mutton & Goat Meat", "v": 0.0097961922889615374}]}, {"source": 13, "prod": 352.0, "target": 8, "value": 0.46380282988252325, "supply": [{"l": "Fats, Animals, Raw", "v": 0.11758923150421927}, {"l": "Alcohol, Non-Food", "v": 0.0025496938834283457}, {"l": "Beverages, Fermented", "v": 0.00084989796114278186}, {"l": "Beer", "v": 0.038577606356607792}, {"l": "Beverages, Alcoholic", "v": 0.074255337268825689}, {"l": "Butter, Ghee", "v": 0.025155654272888888}, {"l": "Wine", "v": 0.20482540863541046}]}, {"source": 13, "prod": 84.0, "target": 12, "value": 0.86757674137375229, "supply": [{"l": "Palm Oil", "v": 0.020260306779443186}, {"l": "Maize Germ Oil", "v": 0.091171380507494348}, {"l": "Oilcrops Oil, Other", "v": 0.010612541646375}, {"l": "Sunflowerseed Oil", "v": 0.72855244580623979}, {"l": "Soyabean Oil", "v": 0.0169800666342}]}, {"source": 13, "prod": 215.0, "target": 10, "value": 0.80752730840007203, "supply": [{"l": "Honey", "v": 0.007718212106454546}, {"l": "Sweeteners, Other", "v": 0.039565203807844659}, {"l": "Sugar", "v": 0.76024389248577273}]}, {"source": 20, "prod": 0, "target": 2, "value": 0.0048153968376741605, "supply": "[{\"l\":'Energy for power irrigation',\"v\":0.0048153968376741605}]"}, {"source": 20, "prod": 0, "target": 3, "value": 0.0011083236328110761, "supply": "[{\"l\":'Energy for power irrigation',\"v\":0.0011083236328110761}]"}, {"source": 20, "prod": 0, "target": 4, "value": 0.0018867421170259467, "supply": "[{\"l\":'Energy for power irrigation',\"v\":0.0018867421170259467}]"}, {"source": 20, "prod": 0, "target": 5, "value": 0.00087636280783865361, "supply": "[{\"l\":'Energy for power irrigation',\"v\":0.00087636280783865361}]"}, {"source": 20, "prod": 0, "target": 6, "value": 0.0047536441360723361, "supply": "[{\"l\":'Energy for power irrigation',\"v\":0.0047536441360723361}]"}, {"source": 20, "prod": 0, "target": 11, "value": 6.1752701601824165e-05, "supply": "[{\"l\":'Energy for power irrigation',\"v\":6.1752701601824165e-05}]"}, {"source": 20, "prod": 0, "target": 13, "value": 0.052000000041599992, "supply": "[{\"l\":'Electricity',\"v\":0.052000000041599992}]"}, {"source": 21, "prod": 0, "target": 20, "value": 0.11872822236107065, "supply": [{"l": "Coal", "v": 0.0052318742911594352}, {"l": "Natural gas", "v": 0.11300558227265051}, {"l": "Oil", "v": 0.00049076579726071122}]}, {"source": 22, "prod": 0, "target": 20, "value": 0.0041357122420923173, "supply": [{"l": "Nuclear", "v": 0.0}, {"l": "Hydroelectric", "v": 0.0041357122420923173}, {"l": "Renewable", "v": 0.0}]}, {"source": 21, "prod": 0, "target": 2, "value": 0.73724434232376057, "supply": [{"l": "Motor Gasoline", "v": 0.0043886208012871401}, {"l": "Gas-Diesel oil", "v": 0.29392862116069857}, {"l": "Natural gas (including LNG)", "v": 0.014562692049417826}, {"l": "Fuel oil", "v": 0.024013581991693067}, {"l": "Coal", "v": 0.067556594990458602}, {"l": "Other fossil fuels", "v": 0.3327942313302053}]}, {"source": 21, "prod": 0, "target": 3, "value": 0.16968597922416406, "supply": [{"l": "Motor Gasoline", "v": 0.001010095805907066}, {"l": "Gas-Diesel oil", "v": 0.06765133761007372}, {"l": "Natural gas (including LNG)", "v": 0.003351785179872206}, {"l": "Fuel oil", "v": 0.0055270253578300864}, {"l": "Coal", "v": 0.015548992804575598}, {"l": "Other fossil fuels", "v": 0.076596742465905365}]}, {"source": 21, "prod": 0, "target": 4, "value": 0.28886299470038751, "supply": [{"l": "Motor Gasoline", "v": 0.0017195250943105955}, {"l": "Gas-Diesel oil", "v": 0.1151654843074388}, {"l": "Natural gas (including LNG)", "v": 0.005705873337780081}, {"l": "Fuel oil", "v": 0.0094088686876047049}, {"l": "Coal", "v": 0.026469650861200147}, {"l": "Other fossil fuels", "v": 0.13039359241205314}]}, {"source": 21, "prod": 0, "target": 5, "value": 0.13417243556069533, "supply": [{"l": "Motor Gasoline", "v": 0.0007986930626080553}, {"l": "Gas-Diesel oil", "v": 0.053492603087090307}, {"l": "Natural gas (including LNG)", "v": 0.0026502907495120575}, {"l": "Fuel oil", "v": 0.0043702753583790659}, {"l": "Coal", "v": 0.012294747301128483}, {"l": "Other fossil fuels", "v": 0.060565826001977345}]}, {"source": 21, "prod": 0, "target": 6, "value": 0.72778991283147776, "supply": [{"l": "Motor Gasoline", "v": 0.0043323410802337987}, {"l": "Gas-Diesel oil", "v": 0.29015927731498159}, {"l": "Natural gas (including LNG)", "v": 0.014375939927638115}, {"l": "Fuel oil", "v": 0.023705631554146116}, {"l": "Coal", "v": 0.066690248478984776}, {"l": "Other fossil fuels", "v": 0.32852647447549327}]}, {"source": 21, "prod": 0, "target": 11, "value": 0.009454429492282878, "supply": [{"l": "Motor Gasoline", "v": 5.6279721053341229e-05}, {"l": "Gas-Diesel oil", "v": 0.0037693438457170082}, {"l": "Natural gas (including LNG)", "v": 0.00018675212177971019}, {"l": "Fuel oil", "v": 0.00030795043754695069}, {"l": "Coal", "v": 0.00086634651147382113}, {"l": "Other fossil fuels", "v": 0.004267756854712047}]}, {"source": 23, "prod": 4.9572592487747924, "target": 2, "value": 0.087809169486629438, "supply": [{"l": "Potash", "v": 0.000512777778188}, {"l": "Phosphate", "v": 0.00168333333468}, {"l": "Nitrogen", "v": 0.24401805575076999}]}, {"source": 23, "prod": 1.1409750358273916, "target": 3, "value": 0.020210375385500051, "supply": [{"l": "Potash", "v": 0.000512777778188}, {"l": "Phosphate", "v": 0.00168333333468}, {"l": "Nitrogen", "v": 0.24401805575076999}]}, {"source": 23, "prod": 1.9423258611843386, "target": 4, "value": 0.034404902423683457, "supply": [{"l": "Potash", "v": 0.000512777778188}, {"l": "Phosphate", "v": 0.00168333333468}, {"l": "Nitrogen", "v": 0.24401805575076999}]}, {"source": 23, "prod": 0.90218060543868661, "target": 5, "value": 0.015980550081195592, "supply": [{"l": "Potash", "v": 0.000512777778188}, {"l": "Phosphate", "v": 0.00168333333468}, {"l": "Nitrogen", "v": 0.24401805575076999}]}, {"source": 23, "prod": 4.8936873020647198, "target": 6, "value": 0.086683103738779077, "supply": [{"l": "Potash", "v": 0.000512777778188}, {"l": "Phosphate", "v": 0.00168333333468}, {"l": "Nitrogen", "v": 0.24401805575076999}]}, {"source": 23, "prod": 0.063571946710072366, "target": 11, "value": 0.001126065747850364, "supply": [{"l": "Potash", "v": 0.000512777778188}, {"l": "Phosphate", "v": 0.00168333333468}, {"l": "Nitrogen", "v": 0.24401805575076999}]}, {"source": 21, "prod": 0, "target": 23, "value": 0.29060911866308758, "supply": [{"l": "Natural gas (including LNG)", "v": 0.19754212721413938}, {"l": "Fuel oil", "v": 0.049931630220937079}, {"l": "Liquefied petroleum gas (LPG)", "v": 0.021567680614005557}, {"l": "Coal", "v": 0.021567680614005557}]}, {"source": 24, "prod": 0, "target": 2, "value": 0.076588281533530422, "supply": "[{\"l\":'Labor',\"v\":0.076588281533530422}]"}, {"source": 24, "prod": 0, "target": 3, "value": 0.017627748092512184, "supply": "[{\"l\":'Labor',\"v\":0.017627748092512184}]"}, {"source": 24, "prod": 0, "target": 4, "value": 0.03000839625706676, "supply": "[{\"l\":'Labor',\"v\":0.03000839625706676}]"}, {"source": 24, "prod": 0, "target": 5, "value": 0.013938440322746192, "supply": "[{\"l\":'Labor',\"v\":0.013938440322746192}]"}, {"source": 24, "prod": 0, "target": 6, "value": 0.075606112575255957, "supply": "[{\"l\":'Labor',\"v\":0.075606112575255957}]"}, {"source": 24, "prod": 0, "target": 11, "value": 0.00098216895827446938, "supply": "[{\"l\":'Labor',\"v\":0.00098216895827446938}]"}, {"source": 21, "prod": 0, "target": 16, "value": 4.3385908947200011, "supply": "[{\"l\":'Fossil Fuels',\"v\":4.3385908947200011}]"}, {"source": 22, "prod": 0, "target": 16, "value": 0.16602285824999116, "supply": "[{\"l\":'Renewables & Nuclear',\"v\":0.047678374374933281},{\"l\":'Biomass & Waste',\"v\":0.11834448387505789}]"}]}