{"nodes": [{"layer": 13, "name": "Milk - Excluding Butter"}, {"layer": 10, "name": "Feed", "fill": "#dbdb8d"}, {"layer": 5, "name": "Oilcrops", "fill": "#ff9896"}, {"layer": 5, "name": "Vegetables"}, {"layer": 5, "name": "Sugar Crops", "fill": "#ffbb78"}, {"layer": 5, "name": "Starchy Roots"}, {"layer": 5, "name": "Pulses"}, {"layer": 13, "name": "Fish, Seafood"}, {"layer": 5, "name": "Fruits - Excluding Wine"}, {"layer": 5, "name": "Cereals - Excluding Beer"}, {"layer": 16, "name": "Food", "fill": "#b5cf6b"}, {"layer": 5, "name": "Treenuts"}, {"layer": 5, "name": "Others"}, {"layer": 13, "name": "Alcoholic Beverages"}, {"layer": 13, "name": "Animal Fats"}, {"layer": 13, "name": "Sugar & Sweeteners"}, {"layer": 13, "name": "Vegetable Oils", "fill": "#f7b6d2"}, {"layer": 5, "name": "Stimulants"}, {"layer": 13, "name": "Eggs"}, {"layer": 13, "name": "Meat"}, {"layer": 10, "name": "Processing", "fill": "#9edae5"}, {"layer": 16, "name": "Biofuels & Other", "fill": "#e7ba52"}, {"name": "Waste", "fill": "#c7c7c7"}, {"layer": 2, "name": "Import", "fill": "#aec7e8"}, {"layer": 16, "name": "Export", "fill": "#aec7e8"}, {"layer": 0, "name": "Stock Draw", "fill": "#c7c7c7"}, {"layer": 16, "name": "Stock Deposit", "fill": "#c7c7c7"}, {"layer": 2, "name": "Electricity", "fill": "#bcbd22"}, {"layer": 0, "name": "Fossil Fuels", "fill": "#c49c94"}, {"layer": 0, "name": "Renewables & Nuclear", "fill": "#2ca02c"}, {"layer": 2, "name": "Fertilizers", "fill": "#c5b0d5"}, {"layer": 0, "name": "Labor", "fill": "#7f7f7f"}], "links": [{"source": 0, "prod": 93.0, "target": 1, "value": 0.087760816782527271, "supply": [{"l": "Milk - Excluding Butter", "v": 0.087760816782527271}]}, {"source": 2, "prod": 43.0, "target": 1, "value": 0.17207418316901002, "supply": [{"l": "Sunflower seed", "v": 0.12805520607926327}, {"l": "Soyabeans", "v": 0.044018977089746746}]}, {"source": 3, "prod": 7.0, "target": 1, "value": 0.0022089982061287176, "supply": [{"l": "Vegetables, Other", "v": 0.0022089982061287176}]}, {"source": 4, "prod": 118.0, "target": 1, "value": 0.13714222196, "supply": [{"l": "Sugar beet", "v": 0.13714222196}]}, {"source": 5, "prod": 122.0, "target": 1, "value": 0.09534917165381343, "supply": [{"l": "Potatoes", "v": 0.09534917165381343}]}, {"source": 6, "prod": 22.0, "target": 1, "value": 0.09155918283147059, "supply": [{"l": "Peas", "v": 0.01664712415117647}, {"l": "Beans", "v": 0.062426715566911761}, {"l": "Pulses, Other", "v": 0.012485343113382355}]}, {"source": 7, "prod": 16.0, "target": 1, "value": 0.014545348132974756, "supply": [{"l": "Pelagic Fish", "v": 0.0073703127293689476}, {"l": "Fish, Seafood", "v": 0.0071750354036058074}]}, {"source": 8, "prod": 7.0, "target": 1, "value": 0.0029420907534504952, "supply": [{"l": "Apples", "v": 0.0029420907534504952}]}, {"source": 9, "prod": 1015.0, "target": 1, "value": 3.1855105663529231, "supply": [{"l": "Maize", "v": 2.2774460227500111}, {"l": "Wheat", "v": 0.58282952413720446}, {"l": "Oats", "v": 0.0045892071984324325}, {"l": "Rye", "v": 0.0032377245700805084}, {"l": "Barley", "v": 0.2919379877458948}, {"l": "Cereals, Other", "v": 0.025470099951300004}]}, {"source": 0, "prod": 510.0, "target": 10, "value": 0.48126899525902045, "supply": [{"l": "Milk - Excluding Butter", "v": 0.48126899525902045}]}, {"source": 2, "prod": 4.0, "target": 10, "value": 0.016006900759907908, "supply": [{"l": "Olives", "v": 0.0030872848425818182}, {"l": "Groundnuts", "v": 0.012919615917326089}]}, {"source": 11, "prod": 6.0, "target": 10, "value": 0.028635023613887575, "supply": [{"l": "Treenuts", "v": 0.028635023613887575}]}, {"source": 3, "prod": 401.0, "target": 10, "value": 0.12170047891901925, "supply": [{"l": "Vegetables, Other", "v": 0.081101791282154334}, {"l": "Tomatoes", "v": 0.01811114585830078}, {"l": "Onions", "v": 0.02248754177856413}]}, {"source": 12, "prod": 7.0, "target": 10, "value": 0.032768549644947367, "supply": [{"l": "Nuts", "v": 0.028300111057000001}, {"l": "Infant food", "v": 0.0044684385879473695}]}, {"source": 13, "prod": 182.0, "target": 10, "value": 0.15276359591493857, "supply": [{"l": "Beer", "v": 0.068952340051469177}, {"l": "Beverages, Alcoholic", "v": 0.044954249445880619}, {"l": "Wine", "v": 0.038857006417588769}]}, {"source": 14, "prod": 20.0, "target": 10, "value": 0.1590413467303527, "supply": [{"l": "Butter, Ghee", "v": 0.033016796233166675}, {"l": "Fats, Animals, Raw", "v": 0.12319453939148602}, {"l": "Cream", "v": 0.0028300111056999999}]}, {"source": 5, "prod": 214.0, "target": 10, "value": 0.16725182568783661, "supply": [{"l": "Potatoes", "v": 0.16725182568783661}]}, {"source": 6, "prod": 4.0, "target": 10, "value": 0.01664712415117647, "supply": [{"l": "Peas", "v": 0.01664712415117647}]}, {"source": 7, "prod": 100.0, "target": 10, "value": 0.087161322066662092, "supply": [{"l": "Marine Fish, Other", "v": 0.0042687318354134082}, {"l": "Freshwater Fish", "v": 0.01212861902442857}, {"l": "Pelagic Fish", "v": 0.019347070914593489}, {"l": "Fish, Seafood", "v": 0.044843971272536295}, {"l": "Demersal Fish", "v": 0.0065729290196903231}]}, {"source": 15, "prod": 114.0, "target": 10, "value": 0.35758966238419843, "supply": [{"l": "Sugar", "v": 0.30041656352815388}, {"l": "Honey", "v": 0.0065307948593076922}, {"l": "Sweeteners, Other", "v": 0.050642303996736845}]}, {"source": 9, "prod": 546.0, "target": 10, "value": 1.7194684613007405, "supply": [{"l": "Maize", "v": 1.0547837629704502}, {"l": "Rye", "v": 0.012950898280322034}, {"l": "Barley", "v": 0.0059579181172631588}, {"l": "Rice", "v": 0.040643776518031922}, {"l": "Wheat", "v": 0.59824829461702467}, {"l": "Oats", "v": 0.0068838107976486483}]}, {"source": 16, "prod": 47.0, "target": 10, "value": 0.48549443718472923, "supply": [{"l": "Maize Germ Oil", "v": 0.092849169145177296}, {"l": "Soyabean Oil", "v": 0.011005598744388889}, {"l": "Sunflowerseed Oil", "v": 0.37102712764878809}, {"l": "Rape and Mustard Oil", "v": 0.010612541646375}]}, {"source": 17, "prod": 11.0, "target": 10, "value": 0.038516060919227893, "supply": [{"l": "Coffee", "v": 0.0029479282351041673}, {"l": "Cocoa Beans", "v": 0.032066672600557553}, {"l": "Tea", "v": 0.0035014600835661723}]}, {"source": 18, "prod": 38.0, "target": 10, "value": 0.06135191051967441, "supply": [{"l": "Eggs", "v": 0.06135191051967441}]}, {"source": 8, "prod": 113.0, "target": 10, "value": 0.062891663856452409, "supply": [{"l": "Grapefruit", "v": 0.001076634659777174}, {"l": "Grapes", "v": 0.03126831390169911}, {"l": "Apples", "v": 0.001681194716257426}, {"l": "Lemons, Limes", "v": 0.0016149519896657611}, {"l": "Pineapples", "v": 0.00044528146768006986}, {"l": "Bananas", "v": 0.0013918087405081967}, {"l": "Fruits, Other", "v": 0.020994375865654891}, {"l": "Oranges, Mandarines", "v": 0.0044191025152097788}]}, {"source": 19, "prod": 144.0, "target": 10, "value": 0.27598071502728067, "supply": [{"l": "Mutton & Goat Meat", "v": 0.00265313541159375}, {"l": "Pigmeat", "v": 0.16105322708157579}, {"l": "Meat, Other", "v": 0.002122508329275}, {"l": "Bovine Meat", "v": 0.015722283920555559}, {"l": "Poultry Meat", "v": 0.079169696479035517}, {"l": "Offals, Edible", "v": 0.015259863805245098}]}, {"source": 9, "prod": 75.0, "target": 20, "value": 0.23211849113374414, "supply": [{"l": "Maize", "v": 0.063350376154381396}, {"l": "Wheat", "v": 0.1449364425103101}, {"l": "Barley", "v": 0.023831672469052635}]}, {"source": 4, "prod": 492.0, "target": 20, "value": 0.57181333224000008, "supply": [{"l": "Sugar beet", "v": 0.57181333224000008}]}, {"source": 2, "prod": 238.93027888446215, "target": 20, "value": 0.95733281045045193, "supply": [{"l": "Sunflower seed", "v": 0.74832261052569482}, {"l": "Rape and Mustardseed", "v": 0.0080034503799539542}, {"l": "Soyabeans", "v": 0.18007763354896397}, {"l": "Oil Palm", "v": 0.020929115995839145}]}, {"source": 8, "prod": 181.0, "target": 20, "value": 0.11118553936457513, "supply": [{"l": "Grapes", "v": 0.10238840042321082}, {"l": "Fruits, Other", "v": 0.0032299039793315222}, {"l": "Bananas", "v": 0.0055672349620327867}]}, {"source": 13, "prod": 2.0, "target": 21, "value": 0.0016534896347910112, "supply": [{"l": "Alcohol, Non-Food", "v": 0.0016534896347910112}]}, {"source": 14, "prod": 9.0, "target": 21, "value": 0.073916723634891601, "supply": [{"l": "Fats, Animals, Raw", "v": 0.073916723634891601}]}, {"source": 5, "prod": 3.0, "target": 21, "value": 0.0023446517619790186, "supply": [{"l": "Potatoes", "v": 0.0023446517619790186}]}, {"source": 8, "prod": 339.0, "target": 21, "value": 0.20784232181717641, "supply": [{"l": "Grapes", "v": 0.20784232181717641}]}, {"source": 9, "prod": 1.0, "target": 21, "value": 0.0031675188077190698, "supply": [{"l": "Maize", "v": 0.0031675188077190698}]}, {"source": 16, "prod": 6.0, "target": 21, "value": 0.0618024844854307, "supply": [{"l": "Palm Oil", "v": 0.031393673993758718}, {"l": "Oilcrops Oil, Other", "v": 0.0097961922889615409}, {"l": "Sunflowerseed Oil", "v": 0.020612618202710448}]}, {"source": 5, "prod": 6.0, "target": 5, "value": 0.0046893035239580372, "supply": [{"l": "Potatoes", "v": 0.0046893035239580372}]}, {"source": 9, "prod": 108.0, "target": 9, "value": 0.33189198377235024, "supply": [{"l": "Maize", "v": 0.031675188077190698}, {"l": "Wheat", "v": 0.24361657358115951}, {"l": "Barley", "v": 0.056600222114000003}]}, {"source": 18, "prod": 2.0, "target": 18, "value": 0.0032290479220881269, "supply": [{"l": "Eggs", "v": 0.0032290479220881269}]}, {"source": 6, "prod": 1.0, "target": 6, "value": 0.0041617810377941175, "supply": [{"l": "Peas", "v": 0.0041617810377941175}]}, {"source": 2, "prod": 8.0, "target": 2, "value": 0.032013801519815817, "supply": [{"l": "Sunflower seed", "v": 0.016006900759907908}, {"l": "Soyabeans", "v": 0.016006900759907908}]}, {"source": 2, "prod": 7.0, "target": 22, "value": 0.028012076329838841, "supply": [{"l": "Sunflower seed", "v": 0.028012076329838841}]}, {"source": 18, "prod": 1.0, "target": 22, "value": 0.0016145239610440634, "supply": [{"l": "Eggs", "v": 0.0016145239610440634}]}, {"source": 5, "prod": 2.0, "target": 22, "value": 0.0015631011746526787, "supply": [{"l": "Potatoes", "v": 0.0015631011746526787}]}, {"source": 6, "prod": 2.0, "target": 22, "value": 0.008323562075588235, "supply": [{"l": "Peas", "v": 0.0041617810377941175}, {"l": "Beans", "v": 0.0041617810377941175}]}, {"source": 8, "prod": 31.0, "target": 22, "value": 0.016641130391100861, "supply": [{"l": "Fruits, Other", "v": 0.0059214906287744559}, {"l": "Grapes", "v": 0.007357250329811554}, {"l": "Apples", "v": 0.003362389432514852}]}, {"source": 9, "prod": 137.0, "target": 22, "value": 0.42678765891662584, "supply": [{"l": "Maize", "v": 0.18688360965542511}, {"l": "Wheat", "v": 0.2220302949094112}, {"l": "Barley", "v": 0.017873754351789478}]}, {"source": 3, "prod": 33.0, "target": 22, "value": 0.010091657440098963, "supply": [{"l": "Vegetables, Other", "v": 0.0094671351691230747}, {"l": "Tomatoes", "v": 0.00062452227097588883}]}, {"source": 23, "prod": 7.0, "target": 12, "value": 0.032768549644947367, "supply": [{"l": "Nuts", "v": 0.028300111057000001}, {"l": "Infant food", "v": 0.0044684385879473695}]}, {"source": 23, "prod": 169.0, "target": 1, "value": 0.17080092863705601, "supply": [{"l": "Eggs", "v": 0.0016145239610440634}, {"l": "Marine Fish, Other", "v": 0.0042687318354134082}, {"l": "Demersal Fish", "v": 0.0065729290196903231}, {"l": "Pigmeat", "v": 0.011670523701563464}, {"l": "Freshwater Fish", "v": 0.0049941372453529411}, {"l": "Milk - Excluding Butter", "v": 0.048126899525902045}, {"l": "Pelagic Fish", "v": 0.026717383643962436}, {"l": "Fish, Seafood", "v": 0.043050212421634843}, {"l": "Bovine Meat", "v": 0.0022460405600793652}, {"l": "Poultry Meat", "v": 0.020152286376481768}, {"l": "Offals, Edible", "v": 0.0013872603459313723}]}, {"source": 23, "prod": 154.0, "target": 9, "value": 0.48569414542702383, "supply": [{"l": "Maize", "v": 0.015837594038595349}, {"l": "Rye", "v": 0.012950898280322034}, {"l": "Rice", "v": 0.040643776518031922}, {"l": "Wheat", "v": 0.40088803247532584}, {"l": "Oats", "v": 0.0068838107976486483}, {"l": "Cereals, Other", "v": 0.0084900333171}]}, {"source": 23, "prod": 78.0, "target": 20, "value": 0.25398324416467183, "supply": [{"l": "Alcohol, Non-Food", "v": 0.0016534896347910112}, {"l": "Sugar", "v": 0.068573346022730769}, {"l": "Beer", "v": 0.014129577879399422}, {"l": "Beverages, Alcoholic", "v": 0.017290095940723317}, {"l": "Fats, Animals, Raw", "v": 0.057490785049360144}, {"l": "Palm Oil", "v": 0.031393673993758718}, {"l": "Sunflowerseed Oil", "v": 0.030918927304065674}, {"l": "Oilcrops Oil, Other", "v": 0.0097961922889615409}, {"l": "Wine", "v": 0.0024802344521865165}, {"l": "Sweeteners, Other", "v": 0.02025692159869474}]}, {"source": 23, "prod": 6.0, "target": 11, "value": 0.028635023613887575, "supply": [{"l": "Treenuts", "v": 0.028635023613887575}]}, {"source": 23, "prod": 60.0, "target": 3, "value": 0.016350337542869631, "supply": [{"l": "Vegetables, Other", "v": 0.0091515639968189708}, {"l": "Tomatoes", "v": 0.0056207004387830006}, {"l": "Onions", "v": 0.0015780731072676582}]}, {"source": 23, "prod": 11.0, "target": 17, "value": 0.038516060919227893, "supply": [{"l": "Coffee", "v": 0.0029479282351041673}, {"l": "Cocoa Beans", "v": 0.032066672600557553}, {"l": "Tea", "v": 0.0035014600835661723}]}, {"source": 23, "prod": 73.0, "target": 8, "value": 0.039322256679419479, "supply": [{"l": "Grapefruit", "v": 0.001076634659777174}, {"l": "Grapes", "v": 0.0061310419415096292}, {"l": "Apples", "v": 0.001681194716257426}, {"l": "Lemons, Limes", "v": 0.002153269319554348}, {"l": "Pineapples", "v": 0.00044528146768006986}, {"l": "Bananas", "v": 0.0083508524430491796}, {"l": "Fruits, Other", "v": 0.013457933247214676}, {"l": "Oranges, Mandarines", "v": 0.006026048884376971}]}, {"source": 23, "prod": 6.0, "target": 2, "value": 0.024010351139861861, "supply": [{"l": "Olives", "v": 0.0030872848425818182}, {"l": "Sunflower seed", "v": 0.0040017251899769771}, {"l": "Groundnuts", "v": 0.012919615917326089}, {"l": "Rape and Mustardseed", "v": 0.0040017251899769771}]}, {"source": 23, "prod": 21.0, "target": 5, "value": 0.016412562333853128, "supply": [{"l": "Potatoes", "v": 0.016412562333853128}]}, {"source": 0, "prod": 9.0, "target": 24, "value": 0.0084929822692768314, "supply": [{"l": "Milk - Excluding Butter", "v": 0.0084929822692768314}]}, {"source": 2, "prod": 325.0, "target": 24, "value": 1.3005606867425175, "supply": [{"l": "Soyabeans", "v": 0.21209143506877975}, {"l": "Sunflower seed", "v": 0.87637781660495806}, {"l": "Rape and Mustardseed", "v": 0.21209143506877975}]}, {"source": 11, "prod": 14.0, "target": 24, "value": 0.066815055099071013, "supply": [{"l": "Treenuts", "v": 0.066815055099071013}]}, {"source": 3, "prod": 64.0, "target": 24, "value": 0.018443348910450495, "supply": [{"l": "Tomatoes", "v": 0.0041634818065059264}, {"l": "Vegetables, Other", "v": 0.012307275719859996}, {"l": "Onions", "v": 0.0019725913840845728}]}, {"source": 13, "prod": 133.0, "target": 24, "value": 0.14153235316259213, "supply": [{"l": "Wine", "v": 0.099209378087460678}, {"l": "Beverages, Fermented", "v": 0.00082674481739550558}, {"l": "Beverages, Alcoholic", "v": 0.04149623025773596}]}, {"source": 5, "prod": 25.0, "target": 24, "value": 0.019538764683158485, "supply": [{"l": "Potatoes", "v": 0.019538764683158485}]}, {"source": 6, "prod": 5.0, "target": 24, "value": 0.020808905188970588, "supply": [{"l": "Beans", "v": 0.0041617810377941175}, {"l": "Peas", "v": 0.01664712415117647}]}, {"source": 15, "prod": 14.0, "target": 24, "value": 0.044982281785336843, "supply": [{"l": "Sugar", "v": 0.0424501665855}, {"l": "Sweeteners, Other", "v": 0.0025321151998368425}]}, {"source": 12, "prod": 14.0, "target": 24, "value": 0.066033592466333349, "supply": [{"l": "Nuts", "v": 0.066033592466333349}]}, {"source": 9, "prod": 287.0, "target": 24, "value": 0.88951331046697613, "supply": [{"l": "Maize", "v": 0.41494496381119811}, {"l": "Barley", "v": 0.1846954616351579}, {"l": "Wheat", "v": 0.2898728850206202}]}, {"source": 16, "prod": 67.0, "target": 24, "value": 0.69487669654556639, "supply": [{"l": "Soyabean Oil", "v": 0.066033592466333349}, {"l": "Palm Oil", "v": 0.010464557997919573}, {"l": "Sunflowerseed Oil", "v": 0.61837854608131348}]}, {"source": 8, "prod": 375.0, "target": 24, "value": 0.17345320874042258, "supply": [{"l": "Grapes", "v": 0.021458646795283701}, {"l": "Bananas", "v": 0.0034795218512704918}, {"l": "Fruits, Other", "v": 0.035528943772646746}, {"l": "Oranges, Mandarines", "v": 0.0016069463691671926}, {"l": "Apples", "v": 0.11137914995205446}]}, {"source": 19, "prod": 5.0, "target": 24, "value": 0.012044392503425597, "supply": [{"l": "Bovine Meat", "v": 0.0067381216802380964}, {"l": "Mutton & Goat Meat", "v": 0.0053062708231875}]}, {"source": 25, "prod": 54.0, "target": 2, "value": 0.2160931602587568, "supply": [{"l": "Sunflower seed", "v": 0.080034503799539539}, {"l": "Soyabeans", "v": 0.13205693126924026}, {"l": "Rape and Mustardseed", "v": 0.0040017251899769771}]}, {"source": 25, "prod": 21.0, "target": 4, "value": 0.02440666662, "supply": [{"l": "Sugar beet", "v": 0.02440666662}]}, {"source": 12, "prod": 1.0, "target": 26, "value": 0.0047166851761666672, "supply": [{"l": "Nuts", "v": 0.0047166851761666672}]}, {"source": 9, "prod": 451.0, "target": 26, "value": 1.4067368891340413, "supply": [{"l": "Maize", "v": 0.63350376154381383}, {"l": "Wheat", "v": 0.77093852399101126}, {"l": "Oats", "v": 0.0022946035992162162}]}, {"source": 11, "prod": 1.0, "target": 26, "value": 0.0047725039356479289, "supply": [{"l": "Treenuts", "v": 0.0047725039356479289}]}, {"source": 25, "prod": 2.0, "target": 1, "value": 0.0032290479220881269, "supply": [{"l": "Eggs", "v": 0.0032290479220881269}]}, {"source": 15, "prod": 4.0, "target": 26, "value": 0.013061589718615384, "supply": [{"l": "Sugar", "v": 0.013061589718615384}]}, {"source": 25, "prod": 58.0, "target": 20, "value": 0.19121072736358985, "supply": [{"l": "Maize Germ Oil", "v": 0.020633148698928291}, {"l": "Beverages, Alcoholic", "v": 0.013832076752578653}, {"l": "Sunflowerseed Oil", "v": 0.1236757092162627}, {"l": "Wine", "v": 0.033069792695820222}]}, {"source": 25, "prod": 14.0, "target": 8, "value": 0.0066714301909289358, "supply": [{"l": "Bananas", "v": 0.0013918087405081967}, {"l": "Fruits, Other", "v": 0.001076634659777174}, {"l": "Apples", "v": 0.0042029867906435651}]}, {"source": 1, "prod": 612.0, "target": 0, "value": 0.57752279431082454, "supply": [{"l": "Milk - Excluding Butter", "v": 0.57752279431082454}]}, {"source": 1, "prod": 39.0, "target": 18, "value": 0.062966434480718481, "supply": [{"l": "Eggs", "v": 0.066195482402806594}]}, {"source": 1, "prod": 149.0, "target": 19, "value": 0.28802510753070626, "supply": [{"l": "Pigmeat", "v": 0.16105322708157579}, {"l": "Bovine Meat", "v": 0.022460405600793654}, {"l": "Poultry Meat", "v": 0.079169696479035517}, {"l": "Offals, Edible", "v": 0.015259863805245098}, {"l": "Meat, Other", "v": 0.002122508329275}, {"l": "Mutton & Goat Meat", "v": 0.0079594062347812505}]}, {"source": 1, "prod": 116.0, "target": 7, "value": 0.10170667019963685, "supply": [{"l": "Demersal Fish", "v": 0.0065729290196903231}, {"l": "Freshwater Fish", "v": 0.01212861902442857}, {"l": "Pelagic Fish", "v": 0.026717383643962436}, {"l": "Marine Fish, Other", "v": 0.0042687318354134082}, {"l": "Fish, Seafood", "v": 0.0520190066761421}]}, {"source": 20, "prod": 132.0, "target": 15, "value": 0.41563353388815066, "supply": [{"l": "Honey", "v": 0.0065307948593076922}, {"l": "Sweeteners, Other", "v": 0.053174419196573688}, {"l": "Sugar", "v": 0.35592831983226925}]}, {"source": 20, "prod": 120.0, "target": 16, "value": 1.2421736182157264, "supply": [{"l": "Soyabean Oil", "v": 0.077039191210722238}, {"l": "Rape and Mustard Oil", "v": 0.010612541646375}, {"l": "Maize Germ Oil", "v": 0.092849169145177296}, {"l": "Palm Oil", "v": 0.041858231991678291}, {"l": "Oilcrops Oil, Other", "v": 0.0097961922889615409}, {"l": "Sunflowerseed Oil", "v": 1.010018291932812}]}, {"source": 20, "prod": 29.0, "target": 14, "value": 0.2329580703652443, "supply": [{"l": "Fats, Animals, Raw", "v": 0.1971112630263776}, {"l": "Butter, Ghee", "v": 0.033016796233166675}, {"l": "Cream", "v": 0.0028300111056999999}]}, {"source": 20, "prod": 317.0, "target": 13, "value": 0.29594943871232171, "supply": [{"l": "Beer", "v": 0.068952340051469177}, {"l": "Beverages, Alcoholic", "v": 0.086450479703616578}, {"l": "Alcohol, Non-Food", "v": 0.0016534896347910112}, {"l": "Beverages, Fermented", "v": 0.00082674481739550558}, {"l": "Wine", "v": 0.13806638450504943}]}, {"source": 27, "prod": 0, "target": 2, "value": 0.032486017311546773, "supply": "[{\"l\":'Energy for power irrigation',\"v\":0.032486017311546773}]"}, {"source": 27, "prod": 0, "target": 11, "value": 0.00098288544449996393, "supply": "[{\"l\":'Energy for power irrigation',\"v\":0.00098288544449996393}]"}, {"source": 27, "prod": 0, "target": 3, "value": 0.025937254785415718, "supply": "[{\"l\":'Energy for power irrigation',\"v\":0.025937254785415718}]"}, {"source": 27, "prod": 0, "target": 4, "value": 0.032735545776540469, "supply": "[{\"l\":'Energy for power irrigation',\"v\":0.032735545776540469}]"}, {"source": 27, "prod": 0, "target": 5, "value": 0.019739616010374276, "supply": "[{\"l\":'Energy for power irrigation',\"v\":0.019739616010374276}]"}, {"source": 27, "prod": 0, "target": 6, "value": 0.0018292590217082662, "supply": "[{\"l\":'Energy for power irrigation',\"v\":0.0018292590217082662}]"}, {"source": 27, "prod": 0, "target": 12, "value": 0.0010101878179582964, "supply": "[{\"l\":'Energy for power irrigation',\"v\":0.0010101878179582964}]"}, {"source": 27, "prod": 0, "target": 9, "value": 0.13885987140907824, "supply": "[{\"l\":'Energy for power irrigation',\"v\":0.13885987140907824}]"}, {"source": 27, "prod": 0, "target": 8, "value": 0.054741258783956324, "supply": "[{\"l\":'Energy for power irrigation',\"v\":0.054741258783956324}]"}, {"source": 27, "prod": 0, "target": 20, "value": 0.054000000043199999, "supply": "[{\"l\":'Electricity',\"v\":0.054000000043199999}]"}, {"source": 28, "prod": 0, "target": 27, "value": 0.62022237744852005, "supply": [{"l": "Coal", "v": 0.0}, {"l": "Natural gas", "v": 0.61692383266244544}, {"l": "Oil", "v": 0.0032985447860745584}]}, {"source": 29, "prod": 0, "target": 27, "value": 0.022060667529266623, "supply": [{"l": "Nuclear", "v": 0.0}, {"l": "Hydroelectric", "v": 0.022060667529266623}, {"l": "Renewable", "v": 0.0}]}, {"source": 28, "prod": 0, "target": 2, "value": 0.13034077437389724, "supply": [{"l": "Motor Gasoline", "v": 0.0012953004094375738}, {"l": "Gas-Diesel oil", "v": 0.051548862795450179}, {"l": "Natural gas (including LNG)", "v": 0.0025145786729487895}, {"l": "Fuel oil", "v": 0.0070876031432882151}, {"l": "Coal", "v": 0.031683691279154741}, {"l": "Other fossil fuels", "v": 0.036210738073617736}]}, {"source": 28, "prod": 0, "target": 11, "value": 0.0039435443479685119, "supply": [{"l": "Motor Gasoline", "v": 3.9190150841867442e-05}, {"l": "Gas-Diesel oil", "v": 0.0015596441520138217}, {"l": "Natural gas (including LNG)", "v": 7.6080202537259604e-05}, {"l": "Fuel oil", "v": 0.00021444001273292706}, {"l": "Coal", "v": 0.00095861055196947082}, {"l": "Other fossil fuels", "v": 0.0010955792778731645}]}, {"source": 28, "prod": 0, "target": 3, "value": 0.10406575362694682, "supply": [{"l": "Motor Gasoline", "v": 0.0010341845361048353}, {"l": "Gas-Diesel oil", "v": 0.041157276233698074}, {"l": "Natural gas (including LNG)", "v": 0.002007672011399906}, {"l": "Fuel oil", "v": 0.0056588336693411305}, {"l": "Coal", "v": 0.025296667343638814}, {"l": "Other fossil fuels", "v": 0.028911119832764065}]}, {"source": 28, "prod": 0, "target": 4, "value": 0.13134193536706237, "supply": [{"l": "Motor Gasoline", "v": 0.0013052497460944183}, {"l": "Gas-Diesel oil", "v": 0.051944814951793671}, {"l": "Natural gas (including LNG)", "v": 0.0025338934122826184}, {"l": "Fuel oil", "v": 0.0071420437574105421}, {"l": "Coal", "v": 0.031927056994760984}, {"l": "Other fossil fuels", "v": 0.036488876504720116}]}, {"source": 28, "prod": 0, "target": 5, "value": 0.079199515655034275, "supply": [{"l": "Motor Gasoline", "v": 0.00078706886274083779}, {"l": "Gas-Diesel oil", "v": 0.031322853386277591}, {"l": "Natural gas (including LNG)", "v": 0.001527944067623297}, {"l": "Fuel oil", "v": 0.0043066702557196185}, {"l": "Coal", "v": 0.019252095252053538}, {"l": "Other fossil fuels", "v": 0.022002883830619387}]}, {"source": 28, "prod": 0, "target": 6, "value": 0.0073393742031636179, "supply": [{"l": "Motor Gasoline", "v": 7.2937225177919954e-05}, {"l": "Gas-Diesel oil", "v": 0.0029026710606923902}, {"l": "Natural gas (including LNG)", "v": 0.00014159371027767757}, {"l": "Fuel oil", "v": 0.00039909669036405866}, {"l": "Coal", "v": 0.0017840807494987373}, {"l": "Other fossil fuels", "v": 0.002038994767152834}]}, {"source": 28, "prod": 0, "target": 12, "value": 0.004053087246523192, "supply": [{"l": "Motor Gasoline", "v": 4.0278766143030422e-05}, {"l": "Gas-Diesel oil", "v": 0.0016029676006808723}, {"l": "Natural gas (including LNG)", "v": 7.8193541496627921e-05}, {"l": "Fuel oil", "v": 0.00022039667975328614}, {"l": "Coal", "v": 0.0009852386228575117}, {"l": "Other fossil fuels", "v": 0.0011260120355918635}]}, {"source": 28, "prod": 0, "target": 9, "value": 0.55713518204910695, "supply": [{"l": "Motor Gasoline", "v": 0.0055366974217149383}, {"l": "Gas-Diesel oil", "v": 0.22034305992061937}, {"l": "Natural gas (including LNG)", "v": 0.010748441947347287}, {"l": "Fuel oil", "v": 0.030295608465546305}, {"l": "Coal", "v": 0.13543036853657578}, {"l": "Other fossil fuels", "v": 0.15478100575730319}]}, {"source": 28, "prod": 0, "target": 8, "value": 0.21963351160213515, "supply": [{"l": "Motor Gasoline", "v": 0.0021826736788317837}, {"l": "Gas-Diesel oil", "v": 0.086863514577436463}, {"l": "Natural gas (including LNG)", "v": 0.0042372446135334864}, {"l": "Fuel oil", "v": 0.011943117375819963}, {"l": "Coal", "v": 0.053389282130521916}, {"l": "Other fossil fuels", "v": 0.061017679225991522}]}, {"source": 30, "prod": 2.48722239414028, "target": 2, "value": 0.038797927611696779, "supply": [{"l": "Potash", "v": 0.0037919916697002603}, {"l": "Phosphate", "v": 0.012380916676571398}, {"l": "Nitrogen", "v": 0.35241344472637509}]}, {"source": 30, "prod": 0.075252520645733623, "target": 11, "value": 0.0011738563690522248, "supply": [{"l": "Potash", "v": 0.0037919916697002603}, {"l": "Phosphate", "v": 0.012380916676571398}, {"l": "Nitrogen", "v": 0.35241344472637509}]}, {"source": 30, "prod": 1.9858304059290819, "target": 3, "value": 0.030976765294433706, "supply": [{"l": "Potash", "v": 0.0037919916697002603}, {"l": "Phosphate", "v": 0.012380916676571398}, {"l": "Nitrogen", "v": 0.35241344472637509}]}, {"source": 30, "prod": 2.5063270070620729, "target": 4, "value": 0.039095938513711591, "supply": [{"l": "Potash", "v": 0.0037919916697002603}, {"l": "Phosphate", "v": 0.012380916676571398}, {"l": "Nitrogen", "v": 0.35241344472637509}]}, {"source": 30, "prod": 1.5113214563018171, "target": 5, "value": 0.02357494874513218, "supply": [{"l": "Potash", "v": 0.0037919916697002603}, {"l": "Phosphate", "v": 0.012380916676571398}, {"l": "Nitrogen", "v": 0.35241344472637509}]}, {"source": 30, "prod": 0.14005330231289315, "target": 6, "value": 0.0021846771312916402, "supply": [{"l": "Potash", "v": 0.0037919916697002603}, {"l": "Phosphate", "v": 0.012380916676571398}, {"l": "Nitrogen", "v": 0.35241344472637509}]}, {"source": 30, "prod": 0.077342868441448456, "target": 12, "value": 0.0012064634904147865, "supply": [{"l": "Potash", "v": 0.0037919916697002603}, {"l": "Phosphate", "v": 0.012380916676571398}, {"l": "Nitrogen", "v": 0.35241344472637509}]}, {"source": 30, "prod": 10.631508889005589, "target": 9, "value": 0.16583981924998931, "supply": [{"l": "Potash", "v": 0.0037919916697002603}, {"l": "Phosphate", "v": 0.012380916676571398}, {"l": "Nitrogen", "v": 0.35241344472637509}]}, {"source": 30, "prod": 4.1911473304082199, "target": 8, "value": 0.065377278331936406, "supply": [{"l": "Potash", "v": 0.0037919916697002603}, {"l": "Phosphate", "v": 0.012380916676571398}, {"l": "Nitrogen", "v": 0.35241344472637509}]}, {"source": 28, "prod": 0, "target": 30, "value": 0.43771538741333166, "supply": [{"l": "Natural gas (including LNG)", "v": 0.29710815857504347}, {"l": "Fuel oil", "v": 0.078310686096360549}, {"l": "Liquefied petroleum gas (LPG)", "v": 0.031148271370963806}, {"l": "Coal", "v": 0.031148271370963806}]}, {"source": 31, "prod": 0, "target": 5, "value": 0.0094084550676244438, "supply": "[{\"l\":'Labor',\"v\":0.0094084550676244438}]"}, {"source": 31, "prod": 0, "target": 2, "value": 0.015483747710245478, "supply": "[{\"l\":'Labor',\"v\":0.015483747710245478}]"}, {"source": 31, "prod": 0, "target": 11, "value": 0.00046847079174893499, "supply": "[{\"l\":'Labor',\"v\":0.00046847079174893499}]"}, {"source": 31, "prod": 0, "target": 3, "value": 0.01236242367115245, "supply": "[{\"l\":'Labor',\"v\":0.01236242367115245}]"}, {"source": 31, "prod": 0, "target": 12, "value": 0.00048148386929751651, "supply": "[{\"l\":'Labor',\"v\":0.00048148386929751651}]"}, {"source": 31, "prod": 0, "target": 4, "value": 0.01560267998074925, "supply": "[{\"l\":'Labor',\"v\":0.01560267998074925}]"}, {"source": 31, "prod": 0, "target": 6, "value": 0.00087187619575496231, "supply": "[{\"l\":'Labor',\"v\":0.00087187619575496231}]"}, {"source": 31, "prod": 0, "target": 9, "value": 0.066184512412085644, "supply": "[{\"l\":'Labor',\"v\":0.066184512412085644}]"}, {"source": 31, "prod": 0, "target": 8, "value": 0.026091220484905961, "supply": "[{\"l\":'Labor',\"v\":0.026091220484905961}]"}, {"source": 31, "prod": 0, "target": 17, "value": 0.00014314385303439679, "supply": "[{\"l\":'Labor',\"v\":0.00014314385303439679}]"}, {"source": 28, "prod": 0, "target": 23, "value": 3.4237311521590716, "supply": "[{\"l\":'Fossil Fuels',\"v\":3.4237311521590716}]"}, {"source": 29, "prod": 0, "target": 23, "value": 0.12229932577000177, "supply": "[{\"l\":'Renewables & Nuclear',\"v\":0.032793122843915168},{\"l\":'Biomass & Waste',\"v\":0.089506202926086603}]"}]}