{"nodes": [{"layer": 13, "name": "Milk - Excluding Butter"}, {"layer": 10, "name": "Feed", "fill": "#dbdb8d"}, {"layer": 5, "name": "Oilcrops", "fill": "#ff9896"}, {"layer": 5, "name": "Vegetables"}, {"layer": 5, "name": "Sugar Crops", "fill": "#ffbb78"}, {"layer": 5, "name": "Starchy Roots"}, {"layer": 5, "name": "Pulses"}, {"layer": 13, "name": "Fish, Seafood"}, {"layer": 5, "name": "Fruits - Excluding Wine"}, {"layer": 5, "name": "Cereals - Excluding Beer"}, {"layer": 16, "name": "Food", "fill": "#b5cf6b"}, {"layer": 5, "name": "Treenuts"}, {"layer": 5, "name": "Others"}, {"layer": 13, "name": "Animal Fats"}, {"layer": 13, "name": "Sugar & Sweeteners"}, {"layer": 13, "name": "Alcoholic Beverages"}, {"layer": 13, "name": "Vegetable Oils", "fill": "#f7b6d2"}, {"layer": 5, "name": "Stimulants"}, {"layer": 13, "name": "Eggs"}, {"layer": 13, "name": "Meat"}, {"layer": 10, "name": "Processing", "fill": "#9edae5"}, {"layer": 16, "name": "Biofuels & Other", "fill": "#e7ba52"}, {"name": "Waste", "fill": "#c7c7c7"}, {"layer": 2, "name": "Import", "fill": "#aec7e8"}, {"layer": 16, "name": "Export", "fill": "#aec7e8"}, {"layer": 16, "name": "Stock Deposit", "fill": "#c7c7c7"}, {"layer": 0, "name": "Stock Draw", "fill": "#c7c7c7"}, {"layer": 2, "name": "Electricity", "fill": "#bcbd22"}, {"layer": 0, "name": "Fossil Fuels", "fill": "#c49c94"}, {"layer": 0, "name": "Renewables & Nuclear", "fill": "#2ca02c"}, {"layer": 2, "name": "Fertilizers", "fill": "#c5b0d5"}, {"layer": 0, "name": "Labor", "fill": "#7f7f7f"}], "links": [{"source": 0, "prod": 82.0, "target": 1, "value": 0.058994387627471945, "supply": [{"l": "Milk - Excluding Butter", "v": 0.058994387627471945}]}, {"source": 2, "prod": 137.0, "target": 1, "value": 0.96927880370225006, "supply": [{"l": "Sunflower seed", "v": 0.96220377593800011}, {"l": "Soyabeans", "v": 0.0070750277642500003}]}, {"source": 3, "prod": 54.0, "target": 1, "value": 0.015033124363047809, "supply": [{"l": "Vegetables, Other", "v": 0.015033124363047809}]}, {"source": 4, "prod": 417.0, "target": 1, "value": 0.48464666574000004, "supply": [{"l": "Sugar beet", "v": 0.48464666574000004}]}, {"source": 5, "prod": 100.0, "target": 1, "value": 0.077724781356195996, "supply": [{"l": "Potatoes", "v": 0.077724781356195996}]}, {"source": 6, "prod": 48.0, "target": 1, "value": 0.17718330400904353, "supply": [{"l": "Peas", "v": 0.12181352150621741}, {"l": "Beans", "v": 0.051678463669304356}, {"l": "Pulses, Other", "v": 0.0036913188335217393}]}, {"source": 7, "prod": 18.0, "target": 1, "value": 0.016625819100982996, "supply": [{"l": "Pelagic Fish", "v": 0.0092431814339395176}, {"l": "Fish, Seafood", "v": 0.0073826376670434778}]}, {"source": 8, "prod": 143.0, "target": 1, "value": 0.075816492361280186, "supply": [{"l": "Apples", "v": 0.075816492361280186}]}, {"source": 9, "prod": 1280.0, "target": 1, "value": 3.8629274140409589, "supply": [{"l": "Maize", "v": 1.4971806098056675}, {"l": "Wheat", "v": 1.558189860121409}, {"l": "Oats", "v": 0.005079507112794872}, {"l": "Rye", "v": 0.2060081613708088}, {"l": "Barley", "v": 0.58628396739751665}, {"l": "Sorghum", "v": 0.003110280468512036}, {"l": "Cereals, Other", "v": 0.0070750277642500003}]}, {"source": 0, "prod": 617.0, "target": 10, "value": 0.44389679470914872, "supply": [{"l": "Milk - Excluding Butter", "v": 0.44389679470914872}]}, {"source": 7, "prod": 18.0, "target": 10, "value": 0.016247955542890265, "supply": [{"l": "Marine Fish, Other", "v": 0.001286368684409091}, {"l": "Freshwater Fish", "v": 0.001632698714826923}, {"l": "Fish, Seafood", "v": 0.0073826376670434778}, {"l": "Pelagic Fish", "v": 0.0051351007966330652}, {"l": "Demersal Fish", "v": 0.00081114967997770711}]}, {"source": 11, "prod": 5.0, "target": 10, "value": 0.022147913001130438, "supply": [{"l": "Treenuts", "v": 0.022147913001130438}]}, {"source": 3, "prod": 416.0, "target": 10, "value": 0.10673462568447376, "supply": [{"l": "Vegetables, Other", "v": 0.05707019434120001}, {"l": "Tomatoes", "v": 0.033178156515509212}, {"l": "Onions", "v": 0.01648627482776454}]}, {"source": 12, "prod": 5.0, "target": 10, "value": 0.021956982716637933, "supply": [{"l": "Nuts", "v": 0.021956982716637933}]}, {"source": 13, "prod": 14.0, "target": 10, "value": 0.11673795811012502, "supply": [{"l": "Butter, Ghee", "v": 0.033606381880187504}, {"l": "Fats, Animals, Raw", "v": 0.083131576229937512}]}, {"source": 5, "prod": 296.0, "target": 10, "value": 0.23006535281434012, "supply": [{"l": "Potatoes", "v": 0.23006535281434012}]}, {"source": 6, "prod": 2.0, "target": 10, "value": 0.0073826376670434787, "supply": [{"l": "Peas", "v": 0.0073826376670434787}]}, {"source": 14, "prod": 107.0, "target": 10, "value": 0.37293945886373286, "supply": [{"l": "Sugar", "v": 0.34541642399708222}, {"l": "Honey", "v": 0.010467164363547948}, {"l": "Sweeteners, Other", "v": 0.017055870503102678}]}, {"source": 15, "prod": 139.0, "target": 10, "value": 0.12309684594512987, "supply": [{"l": "Beer", "v": 0.016635876094317568}, {"l": "Beverages, Alcoholic", "v": 0.0169800666342}, {"l": "Wine", "v": 0.088628704138358855}, {"l": "Beverages, Fermented", "v": 0.00085219907825345058}]}, {"source": 9, "prod": 791.0, "target": 10, "value": 2.4606297881273616, "supply": [{"l": "Maize", "v": 1.2534535337907915}, {"l": "Barley", "v": 0.02075341477513333}, {"l": "Rice", "v": 0.021403445337226889}, {"l": "Wheat", "v": 1.1487831125600976}, {"l": "Oats", "v": 0.01269876778198718}, {"l": "Cereals, Other", "v": 0.0035375138821250002}]}, {"source": 16, "prod": 22.0, "target": 10, "value": 0.2269635854369938, "supply": [{"l": "Maize Germ Oil", "v": 0.04195075286096471}, {"l": "Sunflowerseed Oil", "v": 0.18501283257602907}]}, {"source": 17, "prod": 1.0, "target": 10, "value": 0.0047166851761666672, "supply": [{"l": "Cocoa Beans", "v": 0.0047166851761666672}]}, {"source": 18, "prod": 18.0, "target": 10, "value": 0.029459392714756626, "supply": [{"l": "Eggs", "v": 0.029459392714756626}]}, {"source": 8, "prod": 260.0, "target": 10, "value": 0.14297690602579483, "supply": [{"l": "Grapes", "v": 0.042423816388985097}, {"l": "Apples", "v": 0.055139267171840138}, {"l": "Lemons, Limes", "v": 0.00056811989055516885}, {"l": "Bananas", "v": 0.0034795218512704918}, {"l": "Fruits, Other", "v": 0.040740763904204697}, {"l": "Oranges, Mandarines", "v": 0.0006254168189392266}]}, {"source": 19, "prod": 111.0, "target": 10, "value": 0.22907900894979724, "supply": [{"l": "Mutton & Goat Meat", "v": 0.010107182520357144}, {"l": "Pigmeat", "v": 0.13182607642525881}, {"l": "Meat, Other", "v": 0.001632698714826923}, {"l": "Bovine Meat", "v": 0.033586944990725273}, {"l": "Poultry Meat", "v": 0.035375138821250006}, {"l": "Offals, Edible", "v": 0.016550967477379063}]}, {"source": 9, "prod": 109.0, "target": 20, "value": 0.33181952938940174, "supply": [{"l": "Maize", "v": 0.031652867014918977}, {"l": "Wheat", "v": 0.28719577814002439}, {"l": "Barley", "v": 0.012970884234458333}]}, {"source": 4, "prod": 1096.0, "target": 20, "value": 1.27379555312, "supply": [{"l": "Sugar beet", "v": 1.27379555312}]}, {"source": 2, "prod": 71.0, "target": 20, "value": 0.50232697126175008, "supply": [{"l": "Sunflower seed", "v": 0.50232697126175008}]}, {"source": 8, "prod": 442.0, "target": 20, "value": 0.2668513064725242, "supply": [{"l": "Bananas", "v": 0.0027836174810163933}, {"l": "Fruits, Other", "v": 0.006267809831416107}, {"l": "Grapes", "v": 0.25514895285375322}, {"l": "Apples", "v": 0.0026509263063384681}]}, {"source": 14, "prod": 4.0, "target": 20, "value": 0.013800457776939702, "supply": [{"l": "Sweeteners, Other", "v": 0.0068223482012410722}, {"l": "Sugar", "v": 0.0069781095756986308}]}, {"source": 19, "prod": 1.0, "target": 21, "value": 0.0013792472897815886, "supply": [{"l": "Offals, Edible", "v": 0.0013792472897815886}]}, {"source": 15, "prod": 6.0, "target": 21, "value": 0.0051131944695207033, "supply": [{"l": "Alcohol, Non-Food", "v": 0.0051131944695207033}]}, {"source": 13, "prod": 5.0, "target": 21, "value": 0.041565788114968756, "supply": [{"l": "Fats, Animals, Raw", "v": 0.041565788114968756}]}, {"source": 5, "prod": 1.0, "target": 21, "value": 0.00077724781356195978, "supply": [{"l": "Potatoes", "v": 0.00077724781356195978}]}, {"source": 8, "prod": 240.0, "target": 21, "value": 0.14545308476223462, "supply": [{"l": "Grapes", "v": 0.14545308476223462}]}, {"source": 9, "prod": 3.0, "target": 21, "value": 0.0094958601044756921, "supply": [{"l": "Maize", "v": 0.0094958601044756921}]}, {"source": 5, "prod": 14.0, "target": 5, "value": 0.010881469389867438, "supply": [{"l": "Potatoes", "v": 0.010881469389867438}]}, {"source": 9, "prod": 127.0, "target": 9, "value": 0.38101741584337967, "supply": [{"l": "Maize", "v": 0.034818153716410866}, {"l": "Wheat", "v": 0.2902510523755566}, {"l": "Barley", "v": 0.049289360090941668}, {"l": "Cereals, Other", "v": 0.0035375138821250002}, {"l": "Rye", "v": 0.0031213357783455888}]}, {"source": 18, "prod": 1.0, "target": 18, "value": 0.0016366329285975906, "supply": [{"l": "Eggs", "v": 0.0016366329285975906}]}, {"source": 6, "prod": 3.0, "target": 6, "value": 0.011073956500565219, "supply": [{"l": "Peas", "v": 0.011073956500565219}]}, {"source": 2, "prod": 2.0, "target": 2, "value": 0.014150055528500001, "supply": [{"l": "Sunflower seed", "v": 0.014150055528500001}]}, {"source": 2, "prod": 3.0, "target": 22, "value": 0.02122508329275, "supply": [{"l": "Sunflower seed", "v": 0.02122508329275}]}, {"source": 3, "prod": 59.0, "target": 22, "value": 0.01466039000475153, "supply": [{"l": "Vegetables, Other", "v": 0.007238170989615612}, {"l": "Onions", "v": 0.0017919863943222328}, {"l": "Tomatoes", "v": 0.0056302326208136841}]}, {"source": 5, "prod": 7.0, "target": 22, "value": 0.0054407346949337191, "supply": [{"l": "Potatoes", "v": 0.0054407346949337191}]}, {"source": 6, "prod": 3.0, "target": 22, "value": 0.011073956500565217, "supply": [{"l": "Peas", "v": 0.0073826376670434787}, {"l": "Beans", "v": 0.0036913188335217393}]}, {"source": 8, "prod": 67.0, "target": 22, "value": 0.036801513630804722, "supply": [{"l": "Fruits, Other", "v": 0.0057454923454647658}, {"l": "Grapes", "v": 0.010908981357167599}, {"l": "Apples", "v": 0.020147039928172353}]}, {"source": 9, "prod": 199.0, "target": 22, "value": 0.60812019811563134, "supply": [{"l": "Maize", "v": 0.14560318826862728}, {"l": "Wheat", "v": 0.42773839297450444}, {"l": "Rye", "v": 0.0062426715566911775}, {"l": "Barley", "v": 0.028535945315808334}]}, {"source": 19, "prod": 1.0, "target": 22, "value": 0.0013792472897815886, "supply": [{"l": "Offals, Edible", "v": 0.0013792472897815886}]}, {"source": 23, "prod": 41.0, "target": 1, "value": 0.039226985642215981, "supply": [{"l": "Milk - Excluding Butter", "v": 0.0021583312546636078}, {"l": "Pelagic Fish", "v": 0.015405302389899195}, {"l": "Fish, Seafood", "v": 0.014765275334086956}, {"l": "Bovine Meat", "v": 0.0020991840619203296}, {"l": "Poultry Meat", "v": 0.0014150055528499999}, {"l": "Demersal Fish", "v": 0.00081114967997770711}, {"l": "Marine Fish, Other", "v": 0.002572737368818182}]}, {"source": 23, "prod": 194.0, "target": 9, "value": 0.60168460902884169, "supply": [{"l": "Maize", "v": 0.12661146805967591}, {"l": "Rye", "v": 0.19976548981411768}, {"l": "Barley", "v": 0.031130122162699999}, {"l": "Rice", "v": 0.017122756269781512}, {"l": "Cereals, Other", "v": 0.0070750277642500003}, {"l": "Wheat", "v": 0.21997974495831657}]}, {"source": 23, "prod": 1.0, "target": 6, "value": 0.0036913188335217393, "supply": [{"l": "Peas", "v": 0.0036913188335217393}]}, {"source": 23, "prod": 33.0, "target": 20, "value": 0.069481855484479313, "supply": [{"l": "Sugar", "v": 0.034890547878493154}, {"l": "Beer", "v": 0.00057365089980405406}, {"l": "Beverages, Alcoholic", "v": 0.010188039980520001}, {"l": "Oilcrops Oil, Other", "v": 0.0084900333171}, {"l": "Wine", "v": 0.0085219907825345061}, {"l": "Alcohol, Non-Food", "v": 0.0068175926260276047}]}, {"source": 23, "prod": 4.0, "target": 3, "value": 0.0012735769415454785, "supply": [{"l": "Vegetables, Other", "v": 0.00055678238381658553}, {"l": "Onions", "v": 0.00071679455772889311}]}, {"source": 23, "prod": 1.0, "target": 17, "value": 0.0047166851761666672, "supply": [{"l": "Cocoa Beans", "v": 0.0047166851761666672}]}, {"source": 23, "prod": 9.0, "target": 8, "value": 0.004730198010836642, "supply": [{"l": "Oranges, Mandarines", "v": 0.00093812522840883974}, {"l": "Lemons, Limes", "v": 0.00056811989055516885}, {"l": "Bananas", "v": 0.0020877131107622949}, {"l": "Grapes", "v": 0.00060605451984264427}, {"l": "Apples", "v": 0.00053018526126769364}]}, {"source": 23, "prod": 10.0, "target": 2, "value": 0.070750277642500012, "supply": [{"l": "Sunflower seed", "v": 0.035375138821250006}, {"l": "Oilcrops, Other", "v": 0.035375138821250006}]}, {"source": 23, "prod": 19.0, "target": 5, "value": 0.014767708457677237, "supply": [{"l": "Potatoes", "v": 0.014767708457677237}]}, {"source": 0, "prod": 70.0, "target": 24, "value": 0.050361062608817508, "supply": [{"l": "Milk - Excluding Butter", "v": 0.050361062608817508}]}, {"source": 19, "prod": 42.0, "target": 24, "value": 0.089363792779011533, "supply": [{"l": "Pigmeat", "v": 0.014647341825028757}, {"l": "Bovine Meat", "v": 0.067173889981450546}, {"l": "Poultry Meat", "v": 0.0014150055528499999}, {"l": "Offals, Edible", "v": 0.0027584945795631772}, {"l": "Mutton & Goat Meat", "v": 0.0033690608401190474}]}, {"source": 11, "prod": 4.0, "target": 24, "value": 0.017718330400904349, "supply": [{"l": "Treenuts", "v": 0.017718330400904349}]}, {"source": 18, "prod": 1.0, "target": 24, "value": 0.0016366329285975906, "supply": [{"l": "Eggs", "v": 0.0016366329285975906}]}, {"source": 15, "prod": 204.0, "target": 24, "value": 0.26542592491281969, "supply": [{"l": "Beverages, Alcoholic", "v": 0.12225647976624}, {"l": "Wine", "v": 0.14146504699007278}, {"l": "Alcohol, Non-Food", "v": 0.0017043981565069012}]}, {"source": 4, "prod": 1.0, "target": 24, "value": 0.0011622222200000001, "supply": [{"l": "Sugar beet", "v": 0.0011622222200000001}]}, {"source": 13, "prod": 3.0, "target": 24, "value": 0.025116348563087504, "supply": [{"l": "Fats, Animals, Raw", "v": 0.0083131576229937502}, {"l": "Butter, Ghee", "v": 0.016803190940093752}]}, {"source": 5, "prod": 1.0, "target": 24, "value": 0.00077724781356195978, "supply": [{"l": "Potatoes", "v": 0.00077724781356195978}]}, {"source": 12, "prod": 4.0, "target": 24, "value": 0.017565586173310346, "supply": [{"l": "Nuts", "v": 0.017565586173310346}]}, {"source": 14, "prod": 140.0, "target": 24, "value": 0.4883897896116754, "supply": [{"l": "Sugar", "v": 0.48497861551105487}, {"l": "Sweeteners, Other", "v": 0.0034111741006205361}]}, {"source": 9, "prod": 166.0, "target": 24, "value": 0.51049703933508495, "supply": [{"l": "Maize", "v": 0.094958601044756924}, {"l": "Barley", "v": 0.0025941768468916663}, {"l": "Cereals, Other", "v": 0.0035375138821250002}, {"l": "Wheat", "v": 0.4094067475613114}]}, {"source": 16, "prod": 14.0, "target": 24, "value": 0.14389886978135594, "supply": [{"l": "Sunflowerseed Oil", "v": 0.14389886978135594}]}, {"source": 17, "prod": 1.0, "target": 24, "value": 0.0047166851761666672, "supply": [{"l": "Cocoa Beans", "v": 0.0047166851761666672}]}, {"source": 3, "prod": 86.0, "target": 24, "value": 0.020630723077262211, "supply": [{"l": "Vegetables, Other", "v": 0.0091869093329736608}, {"l": "Tomatoes", "v": 0.0096518273499663163}, {"l": "Onions", "v": 0.0017919863943222328}]}, {"source": 8, "prod": 365.0, "target": 24, "value": 0.20290505990334945, "supply": [{"l": "Oranges, Mandarines", "v": 0.0003127084094696133}, {"l": "Fruits, Other", "v": 0.024026604353761746}, {"l": "Bananas", "v": 0.0013918087405081967}, {"l": "Grapes", "v": 0.076968924020015816}, {"l": "Apples", "v": 0.10020501437959409}]}, {"source": 2, "prod": 25.0, "target": 24, "value": 0.17687569410625004, "supply": [{"l": "Sunflower seed", "v": 0.17687569410625004}]}, {"source": 15, "prod": 60.0, "target": 25, "value": 0.051131944695207029, "supply": [{"l": "Wine", "v": 0.051131944695207029}]}, {"source": 3, "prod": 17.0, "target": 25, "value": 0.006092753740695591, "supply": [{"l": "Onions", "v": 0.006092753740695591}]}, {"source": 19, "prod": 3.0, "target": 25, "value": 0.0041377418693447658, "supply": [{"l": "Offals, Edible", "v": 0.0041377418693447658}]}, {"source": 0, "prod": 71.0, "target": 25, "value": 0.051080506360372056, "supply": [{"l": "Milk - Excluding Butter", "v": 0.051080506360372056}]}, {"source": 9, "prod": 132.0, "target": 25, "value": 0.37087798993872306, "supply": [{"l": "Maize", "v": 0.15826433507459486}, {"l": "Oats", "v": 0.005079507112794872}, {"l": "Barley", "v": 0.20753414775133333}]}, {"source": 8, "prod": 22.0, "target": 25, "value": 0.011781534669185191, "supply": [{"l": "Fruits, Other", "v": 0.0073124448033187912}, {"l": "Grapes", "v": 0.0018181635595279329}, {"l": "Apples", "v": 0.0026509263063384681}]}, {"source": 26, "prod": 1.0, "target": 3, "value": 0.00020107973645763159, "supply": [{"l": "Tomatoes", "v": 0.00020107973645763159}]}, {"source": 2, "prod": 7.0, "target": 25, "value": 0.049525194349750008, "supply": [{"l": "Soyabeans", "v": 0.014150055528500001}, {"l": "Oilcrops, Other", "v": 0.035375138821250006}]}, {"source": 26, "prod": 34.0, "target": 20, "value": 0.13282104690928206, "supply": [{"l": "Fats, Animals, Raw", "v": 0.024939472868981252}, {"l": "Sugar", "v": 0.097693534059780818}, {"l": "Beverages, Alcoholic", "v": 0.010188039980520001}]}, {"source": 4, "prod": 570.0, "target": 25, "value": 0.6624666654000001, "supply": [{"l": "Sugar beet", "v": 0.6624666654000001}]}, {"source": 26, "prod": 1.0, "target": 9, "value": 0.0042806890674453781, "supply": [{"l": "Rice", "v": 0.0042806890674453781}]}, {"source": 1, "prod": 840.0, "target": 0, "value": 0.60433275130581032, "supply": [{"l": "Milk - Excluding Butter", "v": 0.60433275130581032}]}, {"source": 1, "prod": 19.0, "target": 18, "value": 0.031096025643354216, "supply": [{"l": "Eggs", "v": 0.03273265857195181}]}, {"source": 1, "prod": 158.0, "target": 19, "value": 0.32533903817771676, "supply": [{"l": "Pigmeat", "v": 0.14647341825028756}, {"l": "Bovine Meat", "v": 0.10076083497217582}, {"l": "Poultry Meat", "v": 0.036790144374100005}, {"l": "Offals, Edible", "v": 0.026205698505850184}, {"l": "Meat, Other", "v": 0.001632698714826923}, {"l": "Mutton & Goat Meat", "v": 0.013476243360476191}]}, {"source": 1, "prod": 36.0, "target": 7, "value": 0.032873774643873262, "supply": [{"l": "Demersal Fish", "v": 0.00081114967997770711}, {"l": "Freshwater Fish", "v": 0.001632698714826923}, {"l": "Pelagic Fish", "v": 0.014378282230572583}, {"l": "Marine Fish, Other", "v": 0.001286368684409091}, {"l": "Fish, Seafood", "v": 0.014765275334086956}]}, {"source": 20, "prod": 251.0, "target": 14, "value": 0.87512970625234798, "supply": [{"l": "Honey", "v": 0.010467164363547948}, {"l": "Sweeteners, Other", "v": 0.027289392804964285}, {"l": "Sugar", "v": 0.83737314908383564}]}, {"source": 20, "prod": 36.0, "target": 16, "value": 0.37086245521834971, "supply": [{"l": "Maize Germ Oil", "v": 0.04195075286096471}, {"l": "Sunflowerseed Oil", "v": 0.32891170235738498}]}, {"source": 20, "prod": 409.0, "target": 15, "value": 0.44476791002267729, "supply": [{"l": "Beer", "v": 0.016635876094317568}, {"l": "Beverages, Alcoholic", "v": 0.13923654640044}, {"l": "Alcohol, Non-Food", "v": 0.0068175926260276047}, {"l": "Beverages, Fermented", "v": 0.00085219907825345058}, {"l": "Wine", "v": 0.28122569582363866}]}, {"source": 20, "prod": 22.0, "target": 13, "value": 0.18342009478818128, "supply": [{"l": "Fats, Animals, Raw", "v": 0.13301052196790003}, {"l": "Butter, Ghee", "v": 0.050409572820281259}]}, {"source": 27, "prod": 0, "target": 2, "value": 0.00042304612740545159, "supply": "[{\"l\":'Energy for power irrigation',\"v\":0.00042304612740545159}]"}, {"source": 27, "prod": 0, "target": 11, "value": 1.5864229777704438e-05, "supply": "[{\"l\":'Energy for power irrigation',\"v\":1.5864229777704438e-05}]"}, {"source": 27, "prod": 0, "target": 3, "value": 0.0011104960844393105, "supply": "[{\"l\":'Energy for power irrigation',\"v\":0.0011104960844393105}]"}, {"source": 27, "prod": 0, "target": 4, "value": 0.0036734505396373378, "supply": "[{\"l\":'Energy for power irrigation',\"v\":0.0036734505396373378}]"}, {"source": 27, "prod": 0, "target": 5, "value": 0.00072270380098431316, "supply": "[{\"l\":'Energy for power irrigation',\"v\":0.00072270380098431316}]"}, {"source": 27, "prod": 0, "target": 6, "value": 9.8710763061272042e-05, "supply": "[{\"l\":'Energy for power irrigation',\"v\":9.8710763061272042e-05}]"}, {"source": 27, "prod": 0, "target": 12, "value": 1.5864229777704438e-05, "supply": "[{\"l\":'Energy for power irrigation',\"v\":1.5864229777704438e-05}]"}, {"source": 27, "prod": 0, "target": 9, "value": 0.0047760145091877964, "supply": "[{\"l\":'Energy for power irrigation',\"v\":0.0047760145091877964}]"}, {"source": 27, "prod": 0, "target": 8, "value": 0.0026643092565555838, "supply": "[{\"l\":'Energy for power irrigation',\"v\":0.0026643092565555838}]"}, {"source": 27, "prod": 0, "target": 20, "value": 0.89000000071199992, "supply": "[{\"l\":'Electricity',\"v\":0.89000000071199992}]"}, {"source": 28, "prod": 0, "target": 27, "value": 1.8933943471525381, "supply": [{"l": "Coal", "v": 0.58121891634933287}, {"l": "Natural gas", "v": 1.1983606555228139}, {"l": "Oil", "v": 0.11381477528039129}]}, {"source": 29, "prod": 0, "target": 27, "value": 0.038391438719237718, "supply": [{"l": "Nuclear", "v": 0.0}, {"l": "Hydroelectric", "v": 0.038391438719237718}, {"l": "Renewable", "v": 0.0}]}, {"source": 28, "prod": 0, "target": 2, "value": 0.20578871060125759, "supply": [{"l": "Motor Gasoline", "v": 0.0011566579643718016}, {"l": "Gas-Diesel oil", "v": 0.075221932175060041}, {"l": "Natural gas (including LNG)", "v": 0.027441253285660567}, {"l": "Fuel oil", "v": 0.0021096605761002606}, {"l": "Coal", "v": 0.0008981723244783289}, {"l": "Other fossil fuels", "v": 0.098961034275586571}]}, {"source": 28, "prod": 0, "target": 11, "value": 0.0077170766475471607, "supply": [{"l": "Motor Gasoline", "v": 4.3374673663942564e-05}, {"l": "Gas-Diesel oil", "v": 0.0028208224565647519}, {"l": "Natural gas (including LNG)", "v": 0.0010290469982122716}, {"l": "Fuel oil", "v": 7.9112271603759785e-05}, {"l": "Coal", "v": 3.3681462167937342e-05}, {"l": "Other fossil fuels", "v": 0.0037110387853344974}]}, {"source": 28, "prod": 0, "target": 3, "value": 0.54019536532830115, "supply": [{"l": "Motor Gasoline", "v": 0.0030362271564759792}, {"l": "Gas-Diesel oil", "v": 0.19745757195953259}, {"l": "Natural gas (including LNG)", "v": 0.072033289874858991}, {"l": "Fuel oil", "v": 0.0055378590122631844}, {"l": "Coal", "v": 0.0023577023517556135}, {"l": "Other fossil fuels", "v": 0.25977271497341475}]}, {"source": 28, "prod": 0, "target": 4, "value": 1.7869319703875868, "supply": [{"l": "Motor Gasoline", "v": 0.010043646657295143}, {"l": "Gas-Diesel oil", "v": 0.65317711105343801}, {"l": "Natural gas (including LNG)", "v": 0.23828154936381929}, {"l": "Fuel oil", "v": 0.018318886002470596}, {"l": "Coal", "v": 0.0077991296842201564}, {"l": "Other fossil fuels", "v": 0.85931164762634349}]}, {"source": 28, "prod": 0, "target": 5, "value": 0.35155571394381507, "supply": [{"l": "Motor Gasoline", "v": 0.0019759573558018276}, {"l": "Gas-Diesel oil", "v": 0.12850413413239423}, {"l": "Natural gas (including LNG)", "v": 0.046878807696336802}, {"l": "Fuel oil", "v": 0.0036040034841712787}, {"l": "Coal", "v": 0.0015343777209838119}, {"l": "Other fossil fuels", "v": 0.16905843355412709}]}, {"source": 28, "prod": 0, "target": 6, "value": 0.048017365806960102, "supply": [{"l": "Motor Gasoline", "v": 0.00026988685835342035}, {"l": "Gas-Diesel oil", "v": 0.017551784174180674}, {"l": "Natural gas (including LNG)", "v": 0.006402959099987466}, {"l": "Fuel oil", "v": 0.0004922541344233942}, {"l": "Coal", "v": 0.00020957354237827674}, {"l": "Other fossil fuels", "v": 0.02309090799763687}]}, {"source": 28, "prod": 0, "target": 12, "value": 0.0077170766475471607, "supply": [{"l": "Motor Gasoline", "v": 4.3374673663942564e-05}, {"l": "Gas-Diesel oil", "v": 0.0028208224565647519}, {"l": "Natural gas (including LNG)", "v": 0.0010290469982122716}, {"l": "Fuel oil", "v": 7.9112271603759785e-05}, {"l": "Coal", "v": 3.3681462167937342e-05}, {"l": "Other fossil fuels", "v": 0.0037110387853344974}]}, {"source": 28, "prod": 0, "target": 9, "value": 2.3232687973921142, "supply": [{"l": "Motor Gasoline", "v": 0.013058186476939151}, {"l": "Gas-Diesel oil", "v": 0.84922427178468829}, {"l": "Natural gas (including LNG)", "v": 0.30980031573957212}, {"l": "Fuel oil", "v": 0.023817188878931903}, {"l": "Coal", "v": 0.0101399913048918}, {"l": "Other fossil fuels", "v": 1.1172288432070909}]}, {"source": 28, "prod": 0, "target": 8, "value": 1.2960401503075036, "supply": [{"l": "Motor Gasoline", "v": 0.0072845354714499086}, {"l": "Gas-Diesel oil", "v": 0.47374146034418019}, {"l": "Natural gas (including LNG)", "v": 0.17282272642198312}, {"l": "Fuel oil", "v": 0.013286466503231434}, {"l": "Coal", "v": 0.0056566144518708089}, {"l": "Other fossil fuels", "v": 0.62324834711478805}]}, {"source": 30, "prod": 3.6031331592689293, "target": 2, "value": 0.040969973923115396, "supply": [{"l": "Potash", "v": 0.038458333364100004}, {"l": "Phosphate", "v": 0.16833333346799997}, {"l": "Nitrogen", "v": 1.100833334214}]}, {"source": 30, "prod": 0.13511749347258487, "target": 11, "value": 0.0015363740221168278, "supply": [{"l": "Potash", "v": 0.038458333364100004}, {"l": "Phosphate", "v": 0.16833333346799997}, {"l": "Nitrogen", "v": 1.100833334214}]}, {"source": 30, "prod": 9.4582245430809397, "target": 3, "value": 0.10754618154817792, "supply": [{"l": "Potash", "v": 0.038458333364100004}, {"l": "Phosphate", "v": 0.16833333346799997}, {"l": "Nitrogen", "v": 1.100833334214}]}, {"source": 30, "prod": 31.287206266318538, "target": 4, "value": 0.35575594023238538, "supply": [{"l": "Potash", "v": 0.038458333364100004}, {"l": "Phosphate", "v": 0.16833333346799997}, {"l": "Nitrogen", "v": 1.100833334214}]}, {"source": 30, "prod": 6.1553524804177542, "target": 5, "value": 0.069990372118655469, "supply": [{"l": "Potash", "v": 0.038458333364100004}, {"l": "Phosphate", "v": 0.16833333346799997}, {"l": "Nitrogen", "v": 1.100833334214}]}, {"source": 30, "prod": 0.84073107049608353, "target": 6, "value": 0.0095596605820602604, "supply": [{"l": "Potash", "v": 0.038458333364100004}, {"l": "Phosphate", "v": 0.16833333346799997}, {"l": "Nitrogen", "v": 1.100833334214}]}, {"source": 30, "prod": 0.13511749347258487, "target": 12, "value": 0.0015363740221168278, "supply": [{"l": "Potash", "v": 0.038458333364100004}, {"l": "Phosphate", "v": 0.16833333346799997}, {"l": "Nitrogen", "v": 1.100833334214}]}, {"source": 30, "prod": 40.677872062663184, "target": 9, "value": 0.46253393476950488, "supply": [{"l": "Potash", "v": 0.038458333364100004}, {"l": "Phosphate", "v": 0.16833333346799997}, {"l": "Nitrogen", "v": 1.100833334214}]}, {"source": 30, "prod": 22.692232375979113, "target": 8, "value": 0.2580254816032872, "supply": [{"l": "Potash", "v": 0.038458333364100004}, {"l": "Phosphate", "v": 0.16833333346799997}, {"l": "Nitrogen", "v": 1.100833334214}]}, {"source": 28, "prod": 0, "target": 30, "value": 1.5728208237072776, "supply": [{"l": "Natural gas (including LNG)", "v": 1.067438590226812}, {"l": "Fuel oil", "v": 0.31078661891800946}, {"l": "Liquefied petroleum gas (LPG)", "v": 0.097297807281228083}, {"l": "Coal", "v": 0.097297807281228083}]}, {"source": 31, "prod": 0, "target": 5, "value": 0.019632138812415826, "supply": "[{\"l\":'Labor',\"v\":0.019632138812415826}]"}, {"source": 31, "prod": 0, "target": 2, "value": 0.011491983695072677, "supply": "[{\"l\":'Labor',\"v\":0.011491983695072677}]"}, {"source": 31, "prod": 0, "target": 11, "value": 0.00043094938856522548, "supply": "[{\"l\":'Labor',\"v\":0.00043094938856522548}]"}, {"source": 31, "prod": 0, "target": 3, "value": 0.030166457199565778, "supply": "[{\"l\":'Labor',\"v\":0.030166457199565778}]"}, {"source": 31, "prod": 0, "target": 12, "value": 0.00043094938856522548, "supply": "[{\"l\":'Labor',\"v\":0.00043094938856522548}]"}, {"source": 31, "prod": 0, "target": 4, "value": 0.099788725085547758, "supply": "[{\"l\":'Labor',\"v\":0.099788725085547758}]"}, {"source": 31, "prod": 0, "target": 6, "value": 0.0026814628621836247, "supply": "[{\"l\":'Labor',\"v\":0.0026814628621836247}]"}, {"source": 31, "prod": 0, "target": 9, "value": 0.12973970759083092, "supply": "[{\"l\":'Labor',\"v\":0.12973970759083092}]"}, {"source": 31, "prod": 0, "target": 8, "value": 0.072375555646259804, "supply": "[{\"l\":'Labor',\"v\":0.072375555646259804}]"}, {"source": 31, "prod": 0, "target": 17, "value": 4.7883265396136161e-05, "supply": "[{\"l\":'Labor',\"v\":4.7883265396136161e-05}]"}, {"source": 28, "prod": 0, "target": 23, "value": 2.1994905693728959, "supply": "[{\"l\":'Fossil Fuels',\"v\":2.1994905693728959}]"}, {"source": 29, "prod": 0, "target": 23, "value": 0.044133265917959033, "supply": "[{\"l\":'Renewables & Nuclear',\"v\":0.013718227187456866},{\"l\":'Biomass & Waste',\"v\":0.030415038730502168}]"}]}