{"nodes": [{"layer": 13, "name": "Animal Products", "fill": "#17becf"}, {"layer": 10, "name": "Feed", "fill": "#dbdb8d"}, {"layer": 5, "name": "Cereals", "fill": "#e7ba52"}, {"layer": 5, "name": "Oilcrops", "fill": "#ff9896"}, {"layer": 5, "name": "Sugar Crops", "fill": "#ffbb78"}, {"layer": 5, "name": "Starchy Roots"}, {"layer": 5, "name": "Fruits & Vegetables"}, {"layer": 13, "name": "Aquatic Products", "fill": "#1f77b4"}, {"layer": 13, "name": "Other Processed", "fill": "#9c9ede"}, {"layer": 16, "name": "Food", "fill": "#b5cf6b"}, {"layer": 13, "name": "Sugar", "fill": "#d6616b"}, {"layer": 5, "name": "Others"}, {"layer": 13, "name": "Vegetable Oils", "fill": "#f7b6d2"}, {"layer": 10, "name": "Processing", "fill": "#9edae5"}, {"layer": 16, "name": "Biofuels & Other", "fill": "#e7ba52"}, {"name": "Seed", "fill": "#dbdb8d"}, {"name": "Waste", "fill": "#c7c7c7"}, {"layer": 0, "name": "Import", "fill": "#aec7e8"}, {"layer": 16, "name": "Export", "fill": "#aec7e8"}, {"layer": 0, "name": "Stock Draw", "fill": "#c7c7c7"}, {"layer": 16, "name": "Stock Deposit", "fill": "#c7c7c7"}, {"layer": 0, "name": "Production", "fill": "#b5cf6b"}], "links": [{"source": 0, "prod": 0.0047781804196629727, "target": 1, "value": 6.0, "supply": [{"l": "Milk - Excluding Butter", "v": 6.0}]}, {"source": 2, "prod": 3.2039384708517371, "target": 1, "value": 1026.0, "supply": [{"l": "Maize", "v": 698.0}, {"l": "Wheat", "v": 181.0}, {"l": "Oats", "v": 2.0}, {"l": "Rye", "v": 2.0}, {"l": "Barley", "v": 136.0}, {"l": "Cereals, Other", "v": 7.0}]}, {"source": 3, "prod": 0.82777824841725012, "target": 1, "value": 117.0, "supply": [{"l": "Sunflower seed", "v": 112.0}, {"l": "Soyabeans", "v": 4.0}, {"l": "Rape and Mustardseed", "v": 1.0}]}, {"source": 4, "prod": 0.21965999958000001, "target": 1, "value": 189.0, "supply": [{"l": "Sugar beet", "v": 189.0}]}, {"source": 5, "prod": 0.10229212382893894, "target": 1, "value": 131.0, "supply": [{"l": "Potatoes", "v": 131.0}]}, {"source": 6, "prod": 0.087167231936029335, "target": 1, "value": 67.0, "supply": [{"l": "Vegetables, Other", "v": 5.0}, {"l": "Apples", "v": 38.0}, {"l": "Peas", "v": 11.0}, {"l": "Beans", "v": 12.0}, {"l": "Pulses, Other", "v": 1.0}]}, {"source": 7, "prod": 0.0018696735727410296, "target": 1, "value": 2.0, "supply": [{"l": "Pelagic Fish", "v": 1.0}, {"l": "Fish, Seafood", "v": 1.0}]}, {"source": 8, "prod": 0.15824843446301468, "target": 9, "value": 113.0, "supply": [{"l": "Beer", "v": 27.0}, {"l": "Beverages, Alcoholic", "v": 7.0}, {"l": "Butter, Ghee", "v": 2.0}, {"l": "Fats, Animals, Raw", "v": 5.0}, {"l": "Wine", "v": 72.0}]}, {"source": 0, "prod": 0.68299174921660177, "target": 9, "value": 686.0, "supply": [{"l": "Eggs", "v": 27.0}, {"l": "Mutton & Goat Meat", "v": 2.0}, {"l": "Pigmeat", "v": 49.0}, {"l": "Milk - Excluding Butter", "v": 567.0}, {"l": "Bovine Meat", "v": 8.0}, {"l": "Poultry Meat", "v": 21.0}, {"l": "Offals, Edible", "v": 12.0}]}, {"source": 2, "prod": 2.5282674953984863, "target": 9, "value": 811.0, "supply": [{"l": "Maize", "v": 419.0}, {"l": "Rye", "v": 1.0}, {"l": "Barley", "v": 13.0}, {"l": "Rice", "v": 7.0}, {"l": "Wheat", "v": 369.0}, {"l": "Oats", "v": 2.0}]}, {"source": 10, "prod": 0.32710211696715835, "target": 9, "value": 103.0, "supply": [{"l": "Sugar", "v": 94.0}, {"l": "Honey", "v": 2.0}, {"l": "Sweeteners, Other", "v": 7.0}]}, {"source": 5, "prod": 0.1725691554671413, "target": 9, "value": 221.0, "supply": [{"l": "Potatoes", "v": 221.0}]}, {"source": 6, "prod": 0.2294823669936728, "target": 9, "value": 546.0, "supply": [{"l": "Vegetables, Other", "v": 197.0}, {"l": "Tomatoes", "v": 71.0}, {"l": "Treenuts", "v": 3.0}, {"l": "Peas", "v": 1.0}, {"l": "Grapes", "v": 88.0}, {"l": "Apples", "v": 56.0}, {"l": "Lemons, Limes", "v": 2.0}, {"l": "Bananas", "v": 3.0}, {"l": "Fruits, Other", "v": 69.0}, {"l": "Oranges, Mandarines", "v": 3.0}, {"l": "Onions", "v": 53.0}]}, {"source": 11, "prod": 0.014857558304925, "target": 9, "value": 4.0, "supply": [{"l": "Nuts", "v": 3.0}, {"l": "Cocoa Beans", "v": 1.0}]}, {"source": 7, "prod": 0.030074760305453162, "target": 9, "value": 34.0, "supply": [{"l": "Marine Fish, Other", "v": 3.0}, {"l": "Freshwater Fish", "v": 2.0}, {"l": "Fish, Seafood", "v": 17.0}, {"l": "Pelagic Fish", "v": 11.0}, {"l": "Demersal Fish", "v": 1.0}]}, {"source": 12, "prod": 0.14304177059556561, "target": 9, "value": 14.0, "supply": [{"l": "Maize Germ Oil", "v": 4.0}, {"l": "Sunflowerseed Oil", "v": 9.0}, {"l": "Oilcrops Oil, Other", "v": 1.0}]}, {"source": 4, "prod": 0.71825333196000007, "target": 13, "value": 618.0, "supply": [{"l": "Sugar beet", "v": 618.0}]}, {"source": 6, "prod": 0.094341067692430586, "target": 13, "value": 162.0, "supply": [{"l": "Grapes", "v": 141.0}, {"l": "Fruits, Other", "v": 10.0}, {"l": "Apples", "v": 10.0}, {"l": "Bananas", "v": 1.0}]}, {"source": 2, "prod": 0.10129553199875566, "target": 13, "value": 33.0, "supply": [{"l": "Maize", "v": 8.0}, {"l": "Wheat", "v": 20.0}, {"l": "Barley", "v": 5.0}]}, {"source": 3, "prod": 0.29715116609850001, "target": 13, "value": 42.0, "supply": [{"l": "Sunflower seed", "v": 37.0}, {"l": "Soyabeans", "v": 5.0}]}, {"source": 5, "prod": 0.00078085590709113712, "target": 14, "value": 1.0, "supply": [{"l": "Potatoes", "v": 1.0}]}, {"source": 8, "prod": 0.060551893065577865, "target": 14, "value": 9.0, "supply": [{"l": "Alcohol, Non-Food", "v": 2.0}, {"l": "Fats, Animals, Raw", "v": 7.0}]}, {"source": 12, "prod": 0.020260306779443186, "target": 14, "value": 2.0, "supply": [{"l": "Maize Germ Oil", "v": 2.0}]}, {"source": 2, "prod": 0.0063317477012084476, "target": 14, "value": 2.0, "supply": [{"l": "Maize", "v": 2.0}]}, {"source": 6, "prod": 0.22842608227699351, "target": 14, "value": 386.0, "supply": [{"l": "Grapes", "v": 386.0}]}, {"source": 5, "prod": 0.007027703163820234, "target": 15, "value": 9.0, "supply": [{"l": "Potatoes", "v": 9.0}]}, {"source": 6, "prod": 0.0056600222113999997, "target": 15, "value": 2.0, "supply": [{"l": "Peas", "v": 2.0}]}, {"source": 0, "prod": 0.0015982743443335844, "target": 0, "value": 1.0, "supply": [{"l": "Eggs", "v": 1.0}]}, {"source": 2, "prod": 0.42150624917094853, "target": 15, "value": 138.0, "supply": [{"l": "Maize", "v": 11.0}, {"l": "Wheat", "v": 109.0}, {"l": "Barley", "v": 17.0}, {"l": "Cereals, Other", "v": 1.0}]}, {"source": 3, "prod": 0.042450166585500007, "target": 15, "value": 6.0, "supply": [{"l": "Sunflower seed", "v": 5.0}, {"l": "Soyabeans", "v": 1.0}]}, {"source": 5, "prod": 0.0015617118141822742, "target": 16, "value": 2.0, "supply": [{"l": "Potatoes", "v": 2.0}]}, {"source": 6, "prod": 0.03213965837176478, "target": 16, "value": 64.0, "supply": [{"l": "Vegetables, Other", "v": 24.0}, {"l": "Fruits, Other", "v": 7.0}, {"l": "Peas", "v": 1.0}, {"l": "Beans", "v": 1.0}, {"l": "Grapes", "v": 14.0}, {"l": "Onions", "v": 1.0}, {"l": "Tomatoes", "v": 3.0}, {"l": "Apples", "v": 13.0}]}, {"source": 2, "prod": 0.43876905719681936, "target": 16, "value": 142.0, "supply": [{"l": "Maize", "v": 52.0}, {"l": "Wheat", "v": 84.0}, {"l": "Barley", "v": 6.0}]}, {"source": 3, "prod": 0.028300111057000001, "target": 16, "value": 4.0, "supply": [{"l": "Sunflower seed", "v": 4.0}]}, {"source": 17, "prod": 0.0077825305406750006, "target": 11, "value": 2.0, "supply": [{"l": "Nuts", "v": 1.0}, {"l": "Cocoa Beans", "v": 1.0}]}, {"source": 17, "prod": 0.049540149645709054, "target": 1, "value": 46.0, "supply": [{"l": "Pigmeat", "v": 2.0}, {"l": "Milk - Excluding Butter", "v": 4.0}, {"l": "Pelagic Fish", "v": 12.0}, {"l": "Fish, Seafood", "v": 16.0}, {"l": "Bovine Meat", "v": 2.0}, {"l": "Poultry Meat", "v": 5.0}, {"l": "Offals, Edible", "v": 1.0}, {"l": "Demersal Fish", "v": 1.0}, {"l": "Marine Fish, Other", "v": 3.0}]}, {"source": 17, "prod": 0.082697640105065862, "target": 13, "value": 22.0, "supply": [{"l": "Sugar", "v": 10.0}, {"l": "Beer", "v": 2.0}, {"l": "Oilcrops Oil, Other", "v": 2.0}, {"l": "Fats, Animals, Raw", "v": 1.0}, {"l": "Wine", "v": 2.0}, {"l": "Alcohol, Non-Food", "v": 2.0}, {"l": "Sweeteners, Other", "v": 2.0}, {"l": "Soyabean Oil", "v": 1.0}]}, {"source": 17, "prod": 0.1933465996478097, "target": 2, "value": 61.0, "supply": [{"l": "Maize", "v": 1.0}, {"l": "Oats", "v": 1.0}, {"l": "Rye", "v": 1.0}, {"l": "Barley", "v": 7.0}, {"l": "Cereals, Other", "v": 1.0}, {"l": "Rice", "v": 7.0}, {"l": "Wheat", "v": 43.0}]}, {"source": 17, "prod": 0.010934549275228939, "target": 6, "value": 16.0, "supply": [{"l": "Oranges, Mandarines", "v": 3.0}, {"l": "Lemons, Limes", "v": 2.0}, {"l": "Tomatoes", "v": 1.0}, {"l": "Bananas", "v": 2.0}, {"l": "Treenuts", "v": 1.0}, {"l": "Fruits, Other", "v": 1.0}, {"l": "Vegetables, Other", "v": 3.0}, {"l": "Grapes", "v": 1.0}, {"l": "Onions", "v": 1.0}, {"l": "Apples", "v": 1.0}]}, {"source": 17, "prod": 0.026549100841098659, "target": 5, "value": 34.0, "supply": [{"l": "Potatoes", "v": 34.0}]}, {"source": 8, "prod": 0.10820702825108026, "target": 18, "value": 109.0, "supply": [{"l": "Wine", "v": 102.0}, {"l": "Fats, Animals, Raw", "v": 1.0}, {"l": "Beverages, Fermented", "v": 2.0}, {"l": "Beverages, Alcoholic", "v": 4.0}]}, {"source": 0, "prod": 0.070389113899629985, "target": 18, "value": 53.0, "supply": [{"l": "Pigmeat", "v": 2.0}, {"l": "Milk - Excluding Butter", "v": 34.0}, {"l": "Bovine Meat", "v": 12.0}, {"l": "Eggs", "v": 4.0}, {"l": "Mutton & Goat Meat", "v": 1.0}]}, {"source": 2, "prod": 0.19929352304220385, "target": 18, "value": 64.0, "supply": [{"l": "Maize", "v": 42.0}, {"l": "Barley", "v": 14.0}, {"l": "Wheat", "v": 8.0}]}, {"source": 3, "prod": 0.89145349829550014, "target": 18, "value": 126.0, "supply": [{"l": "Soyabeans", "v": 14.0}, {"l": "Sunflower seed", "v": 112.0}]}, {"source": 10, "prod": 0.028418028186404168, "target": 18, "value": 9.0, "supply": [{"l": "Sugar", "v": 7.0}, {"l": "Sweeteners, Other", "v": 2.0}]}, {"source": 6, "prod": 0.12518193349169382, "target": 18, "value": 193.0, "supply": [{"l": "Fruits, Other", "v": 22.0}, {"l": "Beans", "v": 2.0}, {"l": "Tomatoes", "v": 31.0}, {"l": "Treenuts", "v": 9.0}, {"l": "Vegetables, Other", "v": 13.0}, {"l": "Peas", "v": 1.0}, {"l": "Grapes", "v": 75.0}, {"l": "Onions", "v": 1.0}, {"l": "Apples", "v": 39.0}]}, {"source": 11, "prod": 0.031837624939125002, "target": 18, "value": 9.0, "supply": [{"l": "Nuts", "v": 9.0}]}, {"source": 12, "prod": 0.071484478636903312, "target": 18, "value": 7.0, "supply": [{"l": "Sunflowerseed Oil", "v": 7.0}]}, {"source": 19, "prod": 0.0075698869909240022, "target": 6, "value": 3.0, "supply": [{"l": "Treenuts", "v": 2.0}, {"l": "Grapes", "v": 1.0}]}, {"source": 12, "prod": 0.010612541646375, "target": 20, "value": 1.0, "supply": [{"l": "Soyabean Oil", "v": 1.0}]}, {"source": 6, "prod": 0.012905843575726, "target": 20, "value": 28.0, "supply": [{"l": "Vegetables, Other", "v": 1.0}, {"l": "Apples", "v": 27.0}]}, {"source": 19, "prod": 0.023890902098314862, "target": 1, "value": 30.0, "supply": [{"l": "Milk - Excluding Butter", "v": 30.0}]}, {"source": 19, "prod": 0.077825305406750006, "target": 3, "value": 11.0, "supply": [{"l": "Soyabeans", "v": 11.0}]}, {"source": 19, "prod": 0.0070750277642500003, "target": 11, "value": 2.0, "supply": [{"l": "Nuts", "v": 2.0}]}, {"source": 19, "prod": 0.059931505119210721, "target": 13, "value": 63.0, "supply": [{"l": "Beverages, Alcoholic", "v": 3.0}, {"l": "Wine", "v": 60.0}]}, {"source": 4, "prod": 0.15922444414, "target": 20, "value": 137.0, "supply": [{"l": "Sugar beet", "v": 137.0}]}, {"source": 10, "prod": 0.063675249878250004, "target": 20, "value": 20.0, "supply": [{"l": "Sugar", "v": 20.0}]}, {"source": 19, "prod": 0.78569077940955967, "target": 2, "value": 251.0, "supply": [{"l": "Maize", "v": 200.0}, {"l": "Oats", "v": 1.0}, {"l": "Barley", "v": 50.0}]}, {"source": 21, "prod": 5.9237433947715532, "target": 2, "value": 1905.0, "supply": [{"l": "Maize", "v": 1031.0}, {"l": "Rye", "v": 2.0}, {"l": "Barley", "v": 133.0}, {"l": "Wheat", "v": 728.0}, {"l": "Oats", "v": 2.0}, {"l": "Sorghum", "v": 1.0}, {"l": "Cereals, Other", "v": 8.0}]}, {"source": 21, "prod": 1.9951578295185002, "target": 3, "value": 282.0, "supply": [{"l": "Sunflower seed", "v": 269.0}, {"l": "Soyabeans", "v": 12.0}, {"l": "Rape and Mustardseed", "v": 1.0}]}, {"source": 21, "prod": 1.09597555346, "target": 4, "value": 943.0, "supply": [{"l": "Sugar beet", "v": 943.0}]}, {"source": 21, "prod": 0.25768244934007528, "target": 5, "value": 330.0, "supply": [{"l": "Potatoes", "v": 330.0}]}, {"source": 21, "prod": 0.76673183856673555, "target": 6, "value": 1385.0, "supply": [{"l": "Tomatoes", "v": 104.0}, {"l": "Treenuts", "v": 8.0}, {"l": "Vegetables, Other", "v": 236.0}, {"l": "Peas", "v": 15.0}, {"l": "Grapes", "v": 704.0}, {"l": "Beans", "v": 14.0}, {"l": "Apples", "v": 162.0}, {"l": "Fruits, Other", "v": 87.0}, {"l": "Onions", "v": 54.0}, {"l": "Pulses, Other", "v": 1.0}]}, {"source": 21, "prod": 0.028300111057000001, "target": 11, "value": 8.0, "supply": [{"l": "Nuts", "v": 8.0}]}, {"source": 1, "prod": 0.031944433878194192, "target": 7, "value": 36.0, "supply": [{"l": "Demersal Fish", "v": 1.0}, {"l": "Freshwater Fish", "v": 2.0}, {"l": "Pelagic Fish", "v": 12.0}, {"l": "Marine Fish, Other", "v": 3.0}, {"l": "Fish, Seafood", "v": 18.0}]}, {"source": 1, "prod": 0.75815904353589469, "target": 0, "value": 745.0, "supply": [{"l": "Poultry Meat", "v": 21.0}, {"l": "Pigmeat", "v": 51.0}, {"l": "Bovine Meat", "v": 20.0}, {"l": "Eggs", "v": 32.0}, {"l": "Milk - Excluding Butter", "v": 607.0}, {"l": "Offals, Edible", "v": 12.0}, {"l": "Mutton & Goat Meat", "v": 3.0}]}, {"source": 13, "prod": 0.32700735577967283, "target": 8, "value": 231.0, "supply": [{"l": "Fats, Animals, Raw", "v": 13.0}, {"l": "Alcohol, Non-Food", "v": 2.0}, {"l": "Beverages, Fermented", "v": 2.0}, {"l": "Beer", "v": 27.0}, {"l": "Beverages, Alcoholic", "v": 11.0}, {"l": "Butter, Ghee", "v": 2.0}, {"l": "Wine", "v": 174.0}]}, {"source": 13, "prod": 0.24539909765828713, "target": 12, "value": 24.0, "supply": [{"l": "Maize Germ Oil", "v": 6.0}, {"l": "Oilcrops Oil, Other", "v": 1.0}, {"l": "Sunflowerseed Oil", "v": 16.0}, {"l": "Soyabean Oil", "v": 1.0}]}, {"source": 13, "prod": 0.41919539503181252, "target": 10, "value": 132.0, "supply": [{"l": "Honey", "v": 2.0}, {"l": "Sweeteners, Other", "v": 9.0}, {"l": "Sugar", "v": 121.0}]}]}