{"nodes": [{"layer": 13, "name": "Animal Products", "fill": "#17becf"}, {"layer": 10, "name": "Feed", "fill": "#dbdb8d"}, {"layer": 5, "name": "Cereals", "fill": "#e7ba52"}, {"layer": 5, "name": "Oilcrops", "fill": "#ff9896"}, {"layer": 5, "name": "Sugar Crops", "fill": "#ffbb78"}, {"layer": 5, "name": "Starchy Roots"}, {"layer": 5, "name": "Fruits & Vegetables"}, {"layer": 13, "name": "Aquatic Products", "fill": "#1f77b4"}, {"layer": 13, "name": "Other Processed", "fill": "#9c9ede"}, {"layer": 16, "name": "Food", "fill": "#b5cf6b"}, {"layer": 13, "name": "Sugar", "fill": "#d6616b"}, {"layer": 5, "name": "Others"}, {"layer": 13, "name": "Vegetable Oils", "fill": "#f7b6d2"}, {"layer": 10, "name": "Processing", "fill": "#9edae5"}, {"layer": 16, "name": "Biofuels & Other", "fill": "#e7ba52"}, {"name": "Waste", "fill": "#c7c7c7"}, {"layer": 2, "name": "Import", "fill": "#aec7e8"}, {"layer": 16, "name": "Export", "fill": "#aec7e8"}, {"layer": 0, "name": "Stock Draw", "fill": "#c7c7c7"}, {"layer": 16, "name": "Stock Deposit", "fill": "#c7c7c7"}, {"name": "Crop Residue", "fill": "#bd9e39"}, {"layer": 2, "name": "Electricity", "fill": "#bcbd22"}, {"layer": 0, "name": "Fossil Fuels", "fill": "#c49c94"}, {"layer": 0, "name": "Renewables & Nuclear", "fill": "#2ca02c"}, {"layer": 2, "name": "Fertilizers", "fill": "#c5b0d5"}, {"layer": 0, "name": "Labor", "fill": "#7f7f7f"}], "links": [{"source": 0, "prod": 76.0, "target": 1, "value": 0.057789869252690799, "supply": [{"l": "Milk - Excluding Butter", "v": 0.057789869252690799}]}, {"source": 2, "prod": 895.0, "target": 1, "value": 2.7972198009181914, "supply": [{"l": "Maize", "v": 2.1294849807699041}, {"l": "Wheat", "v": 0.3780275312788875}, {"l": "Oats", "v": 0.0048514476097714296}, {"l": "Rye", "v": 0.0063675249878250009}, {"l": "Barley", "v": 0.25053921847520588}, {"l": "Sorghum", "v": 0.0094925036289891726}, {"l": "Cereals, Other", "v": 0.018456594167608701}]}, {"source": 3, "prod": 84.0, "target": 1, "value": 0.30434030721378624, "supply": [{"l": "Sunflower seed", "v": 0.26448621936436184}, {"l": "Soyabeans", "v": 0.039854087849424395}]}, {"source": 4, "prod": 182.0, "target": 1, "value": 0.21152444404000001, "supply": [{"l": "Sugar beet", "v": 0.21152444404000001}]}, {"source": 5, "prod": 92.0, "target": 1, "value": 0.071856202724692883, "supply": [{"l": "Potatoes", "v": 0.071856202724692883}]}, {"source": 6, "prod": 69.0, "target": 1, "value": 0.16346428950808706, "supply": [{"l": "Vegetables, Other", "v": 0.0014888097993116009}, {"l": "Apples", "v": 0.0085018005150446982}, {"l": "Peas", "v": 0.081634935741346143}, {"l": "Beans", "v": 0.065307948593076925}, {"l": "Pulses, Other", "v": 0.0065307948593076922}]}, {"source": 7, "prod": 6.0, "target": 1, "value": 0.0056901679061655171, "supply": [{"l": "Pelagic Fish", "v": 0.0029245417480615872}, {"l": "Fish, Seafood", "v": 0.0027656261581039294}]}, {"source": 8, "prod": 152.0, "target": 9, "value": 0.23947884182795232, "supply": [{"l": "Beer", "v": 0.04364683300259866}, {"l": "Beverages, Alcoholic", "v": 0.048713305917786887}, {"l": "Butter, Ghee", "v": 0.041370925062139824}, {"l": "Fats, Animals, Raw", "v": 0.065729290196903226}, {"l": "Wine", "v": 0.03918476915584615}, {"l": "Beverages, Fermented", "v": 0.00083371849267757788}]}, {"source": 0, "prod": 686.0, "target": 9, "value": 0.69342076981063439, "supply": [{"l": "Eggs", "v": 0.055700786121269018}, {"l": "Mutton & Goat Meat", "v": 0.0053062708231875}, {"l": "Pigmeat", "v": 0.11400901882962859}, {"l": "Milk - Excluding Butter", "v": 0.40300829873587007}, {"l": "Bovine Meat", "v": 0.026123179437230769}, {"l": "Poultry Meat", "v": 0.074264049820718117}, {"l": "Offals, Edible", "v": 0.015009166042730358}]}, {"source": 2, "prod": 703.0, "target": 9, "value": 2.1933038598020502, "supply": [{"l": "Maize", "v": 1.0631604064467874}, {"l": "Rye", "v": 0.015918812469562501}, {"l": "Barley", "v": 0.034958960717470587}, {"l": "Rice", "v": 0.045085004511496551}, {"l": "Cereals, Other", "v": 0.014765275334086957}, {"l": "Wheat", "v": 1.012138228907989}, {"l": "Oats", "v": 0.0072771714146571435}]}, {"source": 3, "prod": 2.0, "target": 9, "value": 0.0072461977908044361, "supply": [{"l": "Olives", "v": 0.0017687569410625001}, {"l": "Groundnuts", "v": 0.0054774408497419358}]}, {"source": 10, "prod": 107.0, "target": 9, "value": 0.36110569338849674, "supply": [{"l": "Sugar", "v": 0.31130122162700002}, {"l": "Honey", "v": 0.0070750277642500003}, {"l": "Sweeteners, Other", "v": 0.042729443997246708}]}, {"source": 5, "prod": 243.0, "target": 9, "value": 0.18979410067500402, "supply": [{"l": "Potatoes", "v": 0.18979410067500402}]}, {"source": 6, "prod": 499.0, "target": 9, "value": 0.21348504951683653, "supply": [{"l": "Vegetables, Other", "v": 0.063423297450674182}, {"l": "Plantains", "v": 0.0018866740704666664}, {"l": "Grapefruit", "v": 0.00055328594401448934}, {"l": "Tomatoes", "v": 0.014685857975362307}, {"l": "Treenuts", "v": 0.025980429822819669}, {"l": "Peas", "v": 0.0032653974296538461}, {"l": "Grapes", "v": 0.019570246290264406}, {"l": "Apples", "v": 0.027505825195732844}, {"l": "Lemons, Limes", "v": 0.0011065718880289787}, {"l": "Pineapples", "v": 0.00036437911232188841}, {"l": "Bananas", "v": 0.0031738442306915885}, {"l": "Fruits, Other", "v": 0.030796631716406189}, {"l": "Oranges, Mandarines", "v": 0.0016600623804385475}, {"l": "Onions", "v": 0.019512546009960881}]}, {"source": 11, "prod": 13.0, "target": 9, "value": 0.048938596248417975, "supply": [{"l": "Nuts", "v": 0.025155654272888888}, {"l": "Coffee", "v": 0.0016647124151176471}, {"l": "Cocoa Beans", "v": 0.018601758391398878}, {"l": "Tea", "v": 0.0035164711690125585}]}, {"source": 7, "prod": 74.0, "target": 9, "value": 0.067091714149968895, "supply": [{"l": "Marine Fish, Other", "v": 0.0060643095122142861}, {"l": "Freshwater Fish", "v": 0.0047756437408687505}, {"l": "Pelagic Fish", "v": 0.017547250488369522}, {"l": "Fish, Seafood", "v": 0.034109389283281798}, {"l": "Demersal Fish", "v": 0.004595121125234536}]}, {"source": 12, "prod": 18.0, "target": 9, "value": 0.18486603716851319, "supply": [{"l": "Maize Germ Oil", "v": 0.020214365040714288}, {"l": "Soyabean Oil", "v": 0.009988274490705884}, {"l": "Sunflowerseed Oil", "v": 0.15466339763709303}]}, {"source": 4, "prod": 670.0, "target": 13, "value": 0.77868888739999997, "supply": [{"l": "Sugar beet", "v": 0.77868888739999997}]}, {"source": 6, "prod": 470.0, "target": 13, "value": 0.26971990090884618, "supply": [{"l": "Grapes", "v": 0.25729117916906441}, {"l": "Fruits, Other", "v": 0.0058407404979391054}, {"l": "Apples", "v": 0.0050010591264968811}, {"l": "Bananas", "v": 0.0015869221153457943}]}, {"source": 2, "prod": 117.0, "target": 13, "value": 0.3574500451833128, "supply": [{"l": "Maize", "v": 0.072775861155583654}, {"l": "Wheat", "v": 0.24388872985734675}, {"l": "Barley", "v": 0.040785454170382353}]}, {"source": 3, "prod": 191.85788113695091, "target": 13, "value": 0.69814127979182716, "supply": [{"l": "Sunflower seed", "v": 0.65578090006780143}, {"l": "Soyabeans", "v": 0.021738593372413306}, {"l": "Oil Palm", "v": 0.020621786351612402}]}, {"source": 5, "prod": 4.0, "target": 14, "value": 0.0031241827271605597, "supply": [{"l": "Potatoes", "v": 0.0031241827271605597}]}, {"source": 8, "prod": 9.0, "target": 14, "value": 0.044415680343774827, "supply": [{"l": "Alcohol, Non-Food", "v": 0.0033348739707103115}, {"l": "Fats, Animals, Raw", "v": 0.041080806373064514}]}, {"source": 6, "prod": 80.0, "target": 14, "value": 0.046047638330033898, "supply": [{"l": "Grapes", "v": 0.046047638330033898}]}, {"source": 2, "prod": 1.0, "target": 14, "value": 0.0031641678763297239, "supply": [{"l": "Maize", "v": 0.0031641678763297239}]}, {"source": 12, "prod": 8.0, "target": 14, "value": 0.085918886448245302, "supply": [{"l": "Maize Germ Oil", "v": 0.020214365040714288}, {"l": "Palm Oil", "v": 0.020621786351612402}, {"l": "Oilcrops Oil, Other", "v": 0.014150055528500001}, {"l": "Sunflowerseed Oil", "v": 0.030932679527418606}]}, {"source": 5, "prod": 8.0, "target": 5, "value": 0.0062483654543211194, "supply": [{"l": "Potatoes", "v": 0.0062483654543211194}]}, {"source": 6, "prod": 2.0, "target": 6, "value": 0.0065307948593076922, "supply": [{"l": "Peas", "v": 0.0065307948593076922}]}, {"source": 0, "prod": 1.0, "target": 0, "value": 0.0016382584153314416, "supply": [{"l": "Eggs", "v": 0.0016382584153314416}]}, {"source": 2, "prod": 132.0, "target": 2, "value": 0.40086474386053195, "supply": [{"l": "Maize", "v": 0.031641678763297237}, {"l": "Wheat", "v": 0.31095813056811711}, {"l": "Barley", "v": 0.05826493452911765}]}, {"source": 3, "prod": 3.0, "target": 3, "value": 0.010869296686206653, "supply": [{"l": "Sunflower seed", "v": 0.0036230988954022176}, {"l": "Soyabeans", "v": 0.0072461977908044352}]}, {"source": 5, "prod": 2.0, "target": 15, "value": 0.0015620913635802799, "supply": [{"l": "Potatoes", "v": 0.0015620913635802799}]}, {"source": 6, "prod": 77.0, "target": 15, "value": 0.042526249444665001, "supply": [{"l": "Vegetables, Other", "v": 0.0068485250768333637}, {"l": "Fruits, Other", "v": 0.0042478112712284405}, {"l": "Peas", "v": 0.0065307948593076922}, {"l": "Beans", "v": 0.0032653974296538461}, {"l": "Grapes", "v": 0.0080583367077559313}, {"l": "Onions", "v": 0.00041516055340342305}, {"l": "Tomatoes", "v": 0.00065757573024010339}, {"l": "Apples", "v": 0.012502647816242203}]}, {"source": 0, "prod": 1.0, "target": 15, "value": 0.00076039301648277364, "supply": [{"l": "Milk - Excluding Butter", "v": 0.00076039301648277364}]}, {"source": 2, "prod": 169.0, "target": 15, "value": 0.52210559661434675, "supply": [{"l": "Maize", "v": 0.21832758346675096}, {"l": "Wheat", "v": 0.28047203933594878}, {"l": "Barley", "v": 0.023305973811647056}]}, {"source": 3, "prod": 5.0, "target": 15, "value": 0.018115494477011086, "supply": [{"l": "Sunflower seed", "v": 0.018115494477011086}]}, {"source": 16, "prod": 12.0, "target": 11, "value": 0.047951852586630303, "supply": [{"l": "Nuts", "v": 0.017968324480634922}, {"l": "Coffee", "v": 0.0016647124151176471}, {"l": "Cocoa Beans", "v": 0.024802344521865173}, {"l": "Tea", "v": 0.0035164711690125585}]}, {"source": 16, "prod": 123.0, "target": 1, "value": 0.13659259640926599, "supply": [{"l": "Marine Fish, Other", "v": 0.0060643095122142861}, {"l": "Pigmeat", "v": 0.014554342829314287}, {"l": "Milk - Excluding Butter", "v": 0.013687074296689925}, {"l": "Pelagic Fish", "v": 0.02047179223643111}, {"l": "Fish, Seafood", "v": 0.031343763125177865}, {"l": "Bovine Meat", "v": 0.0023748344942937064}, {"l": "Poultry Meat", "v": 0.040772419509413876}, {"l": "Offals, Edible", "v": 0.0027289392804964291}, {"l": "Demersal Fish", "v": 0.004595121125234536}]}, {"source": 16, "prod": 51.0, "target": 13, "value": 0.15191405316656606, "supply": [{"l": "Alcohol, Non-Food", "v": 0.0033348739707103115}, {"l": "Sugar", "v": 0.0070750277642500003}, {"l": "Beer", "v": 0.0073689458316075658}, {"l": "Beverages, Alcoholic", "v": 0.010438565553811476}, {"l": "Butter, Ghee", "v": 0.0082741850124279665}, {"l": "Fats, Animals, Raw", "v": 0.0082161612746129032}, {"l": "Palm Oil", "v": 0.020621786351612402}, {"l": "Sunflowerseed Oil", "v": 0.051554465879031001}, {"l": "Oilcrops Oil, Other", "v": 0.014150055528500001}, {"l": "Wine", "v": 0.013339495882841246}, {"l": "Sweeteners, Other", "v": 0.0075404901171611839}]}, {"source": 16, "prod": 173.0, "target": 2, "value": 0.54170793927088834, "supply": [{"l": "Maize", "v": 0.012656671505318896}, {"l": "Rye", "v": 0.015918812469562501}, {"l": "Barley", "v": 0.043698700896838229}, {"l": "Rice", "v": 0.049183641285268968}, {"l": "Cereals, Other", "v": 0.018456594167608701}, {"l": "Wheat", "v": 0.3993677951414053}, {"l": "Oats", "v": 0.0024257238048857148}]}, {"source": 16, "prod": 80.0, "target": 6, "value": 0.065303516590417207, "supply": [{"l": "Vegetables, Other", "v": 0.003870905478210162}, {"l": "Plantains", "v": 0.0018866740704666664}, {"l": "Grapefruit", "v": 0.00055328594401448934}, {"l": "Tomatoes", "v": 0.0015343433705602408}, {"l": "Treenuts", "v": 0.01855744987344262}, {"l": "Peas", "v": 0.0032653974296538461}, {"l": "Grapes", "v": 0.0057559547912542372}, {"l": "Beans", "v": 0.013061589718615384}, {"l": "Apples", "v": 0.0030006354758981293}, {"l": "Lemons, Limes", "v": 0.0011065718880289787}, {"l": "Pineapples", "v": 0.00036437911232188841}, {"l": "Bananas", "v": 0.0031738442306915885}, {"l": "Fruits, Other", "v": 0.0037168348623248856}, {"l": "Oranges, Mandarines", "v": 0.0021343659177067041}, {"l": "Onions", "v": 0.0033212844272273844}]}, {"source": 16, "prod": 5.0, "target": 3, "value": 0.01811549447701109, "supply": [{"l": "Olives", "v": 0.0017687569410625001}, {"l": "Sunflower seed", "v": 0.0036230988954022176}, {"l": "Groundnuts", "v": 0.0054774408497419358}, {"l": "Soyabeans", "v": 0.0072461977908044352}]}, {"source": 16, "prod": 31.0, "target": 5, "value": 0.024212416135494342, "supply": [{"l": "Potatoes", "v": 0.024212416135494342}]}, {"source": 8, "prod": 239.0, "target": 17, "value": 0.22307094997727733, "supply": [{"l": "Wine", "v": 0.19175525331584289}, {"l": "Beverages, Alcoholic", "v": 0.031315696661434432}]}, {"source": 0, "prod": 52.0, "target": 17, "value": 0.056718596550934343, "supply": [{"l": "Pigmeat", "v": 0.0024257238048857148}, {"l": "Milk - Excluding Butter", "v": 0.029655327642828171}, {"l": "Bovine Meat", "v": 0.014249006965762236}, {"l": "Eggs", "v": 0.0049147752459943253}, {"l": "Poultry Meat", "v": 0.0014561578396219241}, {"l": "Offals, Edible", "v": 0.0013644696402482146}, {"l": "Mutton & Goat Meat", "v": 0.00265313541159375}]}, {"source": 2, "prod": 186.0, "target": 17, "value": 0.56419490380116455, "supply": [{"l": "Maize", "v": 0.27211843736435631}, {"l": "Oats", "v": 0.0048514476097714296}, {"l": "Barley", "v": 0.27093194556039707}, {"l": "Rice", "v": 0.0040986367737724134}, {"l": "Wheat", "v": 0.012194436492867338}]}, {"source": 3, "prod": 81.0, "target": 17, "value": 0.29347101052757968, "supply": [{"l": "Soyabeans", "v": 0.010869296686206653}, {"l": "Sunflower seed", "v": 0.27897861494597076}, {"l": "Rape and Mustardseed", "v": 0.0036230988954022176}]}, {"source": 10, "prod": 7.0, "target": 17, "value": 0.024762597174875004, "supply": [{"l": "Sugar", "v": 0.024762597174875004}]}, {"source": 6, "prod": 442.0, "target": 17, "value": 0.28678761965520311, "supply": [{"l": "Oranges, Mandarines", "v": 0.00047430353726815653}, {"l": "Fruits, Other", "v": 0.028672726080791969}, {"l": "Grapefruit", "v": 0.00055328594401448934}, {"l": "Beans", "v": 0.0097961922889615374}, {"l": "Tomatoes", "v": 0.0024111110108803787}, {"l": "Bananas", "v": 0.0015869221153457943}, {"l": "Treenuts", "v": 0.066806819544393437}, {"l": "Vegetables, Other", "v": 0.0083373348761449639}, {"l": "Grapes", "v": 0.052379188600413559}, {"l": "Onions", "v": 0.0012454816602102692}, {"l": "Apples", "v": 0.11452425399677858}]}, {"source": 11, "prod": 18.0, "target": 17, "value": 0.064685968130285723, "supply": [{"l": "Nuts", "v": 0.064685968130285723}]}, {"source": 12, "prod": 71.0, "target": 17, "value": 0.73207341548224036, "supply": [{"l": "Palm Oil", "v": 0.010310893175806201}, {"l": "Sunflowerseed Oil", "v": 0.72176252230643412}]}, {"source": 18, "prod": 2.0, "target": 6, "value": 0.00079786787251200824, "supply": [{"l": "Vegetables, Other", "v": 0.00029776195986232017}, {"l": "Apples", "v": 0.00050010591264968807}]}, {"source": 18, "prod": 1.0, "target": 3, "value": 0.0036230988954022176, "supply": [{"l": "Sunflower seed", "v": 0.0036230988954022176}]}, {"source": 8, "prod": 89.0, "target": 19, "value": 0.098013176075640668, "supply": [{"l": "Beverages, Alcoholic", "v": 0.031315696661434432}, {"l": "Wine", "v": 0.066697479414206229}]}, {"source": 2, "prod": 913.0, "target": 19, "value": 2.8440786055716627, "supply": [{"l": "Maize", "v": 1.8985007257978341}, {"l": "Wheat", "v": 0.79263837203637688}, {"l": "Oats", "v": 0.0072771714146571435}, {"l": "Barley", "v": 0.1456623363227941}]}, {"source": 6, "prod": 30.0, "target": 19, "value": 0.017267864373762713, "supply": [{"l": "Grapes", "v": 0.017267864373762713}]}, {"source": 3, "prod": 20.0, "target": 19, "value": 0.072461977908044345, "supply": [{"l": "Soyabeans", "v": 0.072461977908044345}]}, {"source": 18, "prod": 3.0, "target": 13, "value": 0.030932679527418606, "supply": [{"l": "Sunflowerseed Oil", "v": 0.030932679527418606}]}, {"source": 4, "prod": 59.0, "target": 19, "value": 0.068571110980000002, "supply": [{"l": "Sugar beet", "v": 0.068571110980000002}]}, {"source": 10, "prod": 28.0, "target": 19, "value": 0.099050388699500017, "supply": [{"l": "Sugar", "v": 0.099050388699500017}]}, {"source": 1, "prod": 80.0, "target": 7, "value": 0.072781882056134409, "supply": [{"l": "Demersal Fish", "v": 0.004595121125234536}, {"l": "Freshwater Fish", "v": 0.0047756437408687505}, {"l": "Pelagic Fish", "v": 0.02047179223643111}, {"l": "Marine Fish, Other", "v": 0.0060643095122142861}, {"l": "Fish, Seafood", "v": 0.036875015441385731}]}, {"source": 1, "prod": 815.0, "target": 0, "value": 0.80868962863074234, "supply": [{"l": "Poultry Meat", "v": 0.075720207660340044}, {"l": "Pigmeat", "v": 0.11643474263451431}, {"l": "Bovine Meat", "v": 0.040372186402993004}, {"l": "Eggs", "v": 0.062253819782594783}, {"l": "Milk - Excluding Butter", "v": 0.49121388864787185}, {"l": "Offals, Edible", "v": 0.016373635682978574}, {"l": "Mutton & Goat Meat", "v": 0.0079594062347812505}]}, {"source": 13, "prod": 489.0, "target": 8, "value": 0.60497864822464509, "supply": [{"l": "Fats, Animals, Raw", "v": 0.10681009656996773}, {"l": "Alcohol, Non-Food", "v": 0.0033348739707103115}, {"l": "Beverages, Fermented", "v": 0.00083371849267757788}, {"l": "Beer", "v": 0.04364683300259866}, {"l": "Beverages, Alcoholic", "v": 0.11134469924065576}, {"l": "Butter, Ghee", "v": 0.041370925062139824}, {"l": "Wine", "v": 0.29763750188589527}]}, {"source": 13, "prod": 97.0, "target": 12, "value": 1.0028583390989989, "supply": [{"l": "Palm Oil", "v": 0.030932679527418603}, {"l": "Maize Germ Oil", "v": 0.040428730081428575}, {"l": "Oilcrops Oil, Other", "v": 0.014150055528500001}, {"l": "Sunflowerseed Oil", "v": 0.90735859947094577}, {"l": "Soyabean Oil", "v": 0.009988274490705884}]}, {"source": 13, "prod": 142.0, "target": 10, "value": 0.48491867926287174, "supply": [{"l": "Honey", "v": 0.0070750277642500003}, {"l": "Sweeteners, Other", "v": 0.042729443997246708}, {"l": "Sugar", "v": 0.43511420750137503}]}, {"source": 5, "prod": 166.75, "target": 20, "value": 0.58140166555500017, "supply": [{"l": "Potatoes", "v": 0.58140166555500017}]}, {"source": 4, "prod": 364.40000000000003, "target": 20, "value": 0.42351377696799997, "supply": [{"l": "Sugar beet", "v": 0.42351377696799997}]}, {"source": 6, "prod": 1605.0, "target": 20, "value": 6.5682571461472481, "supply": [{"l": "Tomatoes", "v": 0.27021666615000001}, {"l": "Vegetables, Other", "v": 0.91524999825000009}, {"l": "Peas", "v": 0.10285666647}, {"l": "Beans", "v": 0.47173047143271246}, {"l": "Onions", "v": 0.16212999969}, {"l": "Pulses, Other", "v": 0.042884588312064771}]}, {"source": 2, "prod": 6057.0, "target": 20, "value": 20.734823080102228, "supply": [{"l": "Maize", "v": 12.52410664272}, {"l": "Rye", "v": 0.03137999994}, {"l": "Barley", "v": 1.9211533296600001}, {"l": "Rice", "v": 0.041839999919999996}, {"l": "Cereals, Other", "v": 0.045326666580000008}, {"l": "Wheat", "v": 6.4677666543000001}, {"l": "Oats", "v": 0.066246666540000013}, {"l": "Sorghum", "v": 0.020919999960000005}]}, {"source": 3, "prod": 379.0, "target": 20, "value": 1.32144666414, "supply": [{"l": "Olives", "v": 0.0017433333299999999}, {"l": "Sunflower seed", "v": 1.1715199977599999}, {"l": "Groundnuts", "v": 0.0017433333300000001}, {"l": "Rape and Mustardseed", "v": 0.0034866666599999998}, {"l": "Soyabeans", "v": 0.14295333305999999}]}, {"source": 21, "prod": 0, "target": 2, "value": 0.0065037621216686202, "supply": "[{\"l\":'Energy for power irrigation',\"v\":0.0065037621216686202}]"}, {"source": 21, "prod": 0, "target": 3, "value": 0.00082434219826398448, "supply": "[{\"l\":'Energy for power irrigation',\"v\":0.00082434219826398448}]"}, {"source": 21, "prod": 0, "target": 4, "value": 0.001956390058722177, "supply": "[{\"l\":'Energy for power irrigation',\"v\":0.001956390058722177}]"}, {"source": 21, "prod": 0, "target": 5, "value": 0.00071619767791860159, "supply": "[{\"l\":'Energy for power irrigation',\"v\":0.00071619767791860159}]"}, {"source": 21, "prod": 0, "target": 6, "value": 0.0034467684349605864, "supply": "[{\"l\":'Energy for power irrigation',\"v\":0.0034467684349605864}]"}, {"source": 21, "prod": 0, "target": 11, "value": 5.4761741490028008e-05, "supply": "[{\"l\":'Energy for power irrigation',\"v\":5.4761741490028008e-05}]"}, {"source": 21, "prod": 0, "target": 13, "value": 0.048000000038399999, "supply": "[{\"l\":'Electricity',\"v\":0.048000000038399999}]"}, {"source": 22, "prod": 0, "target": 21, "value": 0.10931261701849784, "supply": [{"l": "Coal", "v": 0.0}, {"l": "Natural gas", "v": 0.10897925357185345}, {"l": "Oil", "v": 0.00033336344664439181}]}, {"source": 23, "prod": 0, "target": 21, "value": 0.0039798039471896415, "supply": [{"l": "Nuclear", "v": 0.0}, {"l": "Hydroelectric", "v": 0.0039798039471896415}, {"l": "Renewable", "v": 0.0}]}, {"source": 22, "prod": 0, "target": 2, "value": 0.7699021210932403, "supply": [{"l": "Motor Gasoline", "v": 0.0059273506828077657}, {"l": "Gas-Diesel oil", "v": 0.35671144289764123}, {"l": "Natural gas (including LNG)", "v": 0.031443056669522011}, {"l": "Fuel oil", "v": 0.032433178454009087}, {"l": "Coal", "v": 0.10476111418702042}, {"l": "Other fossil fuels", "v": 0.23862597820223966}]}, {"source": 22, "prod": 0, "target": 3, "value": 0.097583951423376392, "supply": [{"l": "Motor Gasoline", "v": 0.00075128290370092392}, {"l": "Gas-Diesel oil", "v": 0.045212646078254259}, {"l": "Natural gas (including LNG)", "v": 0.0039853607758401164}, {"l": "Fuel oil", "v": 0.0041108572428240177}, {"l": "Coal", "v": 0.01327831577261873}, {"l": "Other fossil fuels", "v": 0.030245488650138333}]}, {"source": 22, "prod": 0, "target": 4, "value": 0.23159347278056525, "supply": [{"l": "Motor Gasoline", "v": 0.0017830003209634718}, {"l": "Gas-Diesel oil", "v": 0.10730200577175207}, {"l": "Natural gas (including LNG)", "v": 0.0094583538470974261}, {"l": "Fuel oil", "v": 0.0097561913724953861}, {"l": "Coal", "v": 0.031513084043049561}, {"l": "Other fossil fuels", "v": 0.0717808374252073}]}, {"source": 22, "prod": 0, "target": 5, "value": 0.084782023240744797, "supply": [{"l": "Motor Gasoline", "v": 0.00065272294955139173}, {"l": "Gas-Diesel oil", "v": 0.039281250191964122}, {"l": "Natural gas (including LNG)", "v": 0.0034625258046179926}, {"l": "Fuel oil", "v": 0.0035715585320825589}, {"l": "Coal", "v": 0.011536348549239329}, {"l": "Other fossil fuels", "v": 0.026277617213289389}]}, {"source": 22, "prod": 0, "target": 6, "value": 0.40802143118859191, "supply": [{"l": "Motor Gasoline", "v": 0.0031412903569114957}, {"l": "Gas-Diesel oil", "v": 0.18904469732564444}, {"l": "Natural gas (including LNG)", "v": 0.016663729884293491}, {"l": "Fuel oil", "v": 0.01718846010192656}, {"l": "Coal", "v": 0.055519758385394677}, {"l": "Other fossil fuels", "v": 0.12646349513442121}]}, {"source": 22, "prod": 0, "target": 11, "value": 0.0064825834861738903, "supply": [{"l": "Motor Gasoline", "v": 4.9908351464948993e-05}, {"l": "Gas-Diesel oil", "v": 0.0030035138827438834}, {"l": "Natural gas (including LNG)", "v": 0.00026475084862896198}, {"l": "Fuel oil", "v": 0.00027308768386238456}, {"l": "Coal", "v": 0.00088208961920720511}, {"l": "Other fossil fuels", "v": 0.0020092331002665052}]}, {"source": 24, "prod": 7.3697172764755985, "target": 2, "value": 0.12748473596452728, "supply": [{"l": "Potash", "v": 0.000769166667282}, {"l": "Phosphate", "v": 0.0033666666693600001}, {"l": "Nitrogen", "v": 0.26053055576397999}]}, {"source": 24, "prod": 0.9341007291815433, "target": 3, "value": 0.016158501114296543, "supply": [{"l": "Potash", "v": 0.000769166667282}, {"l": "Phosphate", "v": 0.0033666666693600001}, {"l": "Nitrogen", "v": 0.26053055576397999}]}, {"source": 24, "prod": 2.2168771467291628, "target": 4, "value": 0.038348553562385451, "supply": [{"l": "Potash", "v": 0.000769166667282}, {"l": "Phosphate", "v": 0.0033666666693600001}, {"l": "Nitrogen", "v": 0.26053055576397999}]}, {"source": 24, "prod": 0.81155711134377151, "target": 5, "value": 0.014038685634528592, "supply": [{"l": "Potash", "v": 0.000769166667282}, {"l": "Phosphate", "v": 0.0033666666693600001}, {"l": "Nitrogen", "v": 0.26053055576397999}]}, {"source": 24, "prod": 3.9056946437983608, "target": 6, "value": 0.067562490085212576, "supply": [{"l": "Potash", "v": 0.000769166667282}, {"l": "Phosphate", "v": 0.0033666666693600001}, {"l": "Nitrogen", "v": 0.26053055576397999}]}, {"source": 24, "prod": 0.062053092471562744, "target": 11, "value": 0.0010734227396716016, "supply": [{"l": "Potash", "v": 0.000769166667282}, {"l": "Phosphate", "v": 0.0033666666693600001}, {"l": "Nitrogen", "v": 0.26053055576397999}]}, {"source": 22, "prod": 0, "target": 24, "value": 0.31253897084213778, "supply": [{"l": "Natural gas (including LNG)", "v": 0.21248490877477097}, {"l": "Fuel oil", "v": 0.053999766620918876}, {"l": "Liquefied petroleum gas (LPG)", "v": 0.023027147723223979}, {"l": "Coal", "v": 0.023027147723223979}]}, {"source": 25, "prod": 0, "target": 2, "value": 0.096049684502915955, "supply": "[{\"l\":'Labor',\"v\":0.096049684502915955}]"}, {"source": 25, "prod": 0, "target": 3, "value": 0.012174154986680518, "supply": "[{\"l\":'Labor',\"v\":0.012174154986680518}]"}, {"source": 25, "prod": 0, "target": 4, "value": 0.02889260775372509, "supply": "[{\"l\":'Labor',\"v\":0.02889260775372509}]"}, {"source": 25, "prod": 0, "target": 5, "value": 0.010577041367582125, "supply": "[{\"l\":'Labor',\"v\":0.010577041367582125}]"}, {"source": 25, "prod": 0, "target": 6, "value": 0.050903002683566158, "supply": "[{\"l\":'Labor',\"v\":0.050903002683566158}]"}, {"source": 25, "prod": 0, "target": 11, "value": 0.00080873929497254644, "supply": "[{\"l\":'Labor',\"v\":0.00080873929497254644}]"}, {"source": 22, "prod": 0, "target": 16, "value": 4.1213969784281081, "supply": "[{\"l\":'Fossil Fuels',\"v\":4.1213969784281081}]"}, {"source": 23, "prod": 0, "target": 16, "value": 0.14889608436558416, "supply": "[{\"l\":'Renewables & Nuclear',\"v\":0.044315905477637578},{\"l\":'Biomass & Waste',\"v\":0.10458017888794659}]"}]}