{"nodes": [{"layer": 13, "name": "Animal Products", "fill": "#17becf"}, {"layer": 10, "name": "Feed", "fill": "#dbdb8d"}, {"layer": 5, "name": "Cereals", "fill": "#e7ba52"}, {"layer": 5, "name": "Oilcrops", "fill": "#ff9896"}, {"layer": 5, "name": "Fruits, Roots & Vegetables", "fill": "#98df8a"}, {"layer": 5, "name": "Sugar Crops", "fill": "#ffbb78"}, {"layer": 13, "name": "Aquatic Products", "fill": "#1f77b4"}, {"layer": 13, "name": "Other Processed", "fill": "#9c9ede"}, {"layer": 16, "name": "Food", "fill": "#b5cf6b"}, {"layer": 13, "name": "Sugar", "fill": "#d6616b"}, {"layer": 13, "name": "Vegetable Oils", "fill": "#f7b6d2"}, {"layer": 10, "name": "Processing", "fill": "#9edae5"}, {"layer": 16, "name": "Biofuels & Other", "fill": "#e7ba52"}, {"name": "Waste", "fill": "#c7c7c7"}, {"layer": 2, "name": "Import", "fill": "#aec7e8"}, {"layer": 16, "name": "Export", "fill": "#aec7e8"}, {"layer": 0, "name": "Stock Draw", "fill": "#c7c7c7"}, {"layer": 16, "name": "Stock Deposit", "fill": "#c7c7c7"}, {"name": "Crop Residue", "fill": "#bd9e39"}, {"layer": 2, "name": "Electricity", "fill": "#bcbd22"}, {"layer": 0, "name": "Fossil Fuels", "fill": "#c49c94"}, {"layer": 0, "name": "Renewables & Nuclear", "fill": "#2ca02c"}, {"layer": 2, "name": "Fertilizers", "fill": "#c5b0d5"}, {"layer": 0, "name": "Labor", "fill": "#7f7f7f"}], "links": [{"source": 0, "prod": 6.0, "target": 1, "value": 0.0047781804196629727, "supply": [{"l": "Milk - Excluding Butter", "v": 0.0047781804196629727}]}, {"source": 2, "prod": 1026.0, "target": 1, "value": 3.2039384708517371, "supply": [{"l": "Maize", "v": 2.2097799477217483}, {"l": "Wheat", "v": 0.55199379205695875}, {"l": "Oats", "v": 0.0055369782502826094}, {"l": "Rye", "v": 0.0058551953911034479}, {"l": "Barley", "v": 0.40731325484492031}, {"l": "Cereals, Other", "v": 0.023459302586723685}]}, {"source": 3, "prod": 117.0, "target": 1, "value": 0.82777824841725012, "supply": [{"l": "Sunflower seed", "v": 0.79240310959600013}, {"l": "Soyabeans", "v": 0.028300111057000001}, {"l": "Rape and Mustardseed", "v": 0.0070750277642500003}]}, {"source": 4, "prod": 198.0, "target": 1, "value": 0.18945935576496828, "supply": [{"l": "Vegetables, Other", "v": 0.0015075262835878421}, {"l": "Potatoes", "v": 0.10229212382893894}, {"l": "Apples", "v": 0.017739439115641499}, {"l": "Peas", "v": 0.031130122162699999}, {"l": "Beans", "v": 0.0339601332684}, {"l": "Pulses, Other", "v": 0.0028300111056999999}]}, {"source": 5, "prod": 189.0, "target": 1, "value": 0.21965999958000001, "supply": [{"l": "Sugar beet", "v": 0.21965999958000001}]}, {"source": 6, "prod": 2.0, "target": 1, "value": 0.0018696735727410296, "supply": [{"l": "Pelagic Fish", "v": 0.00094684386436059487}, {"l": "Fish, Seafood", "v": 0.00092282970838043483}]}, {"source": 7, "prod": 113.0, "target": 8, "value": 0.15824843446301468, "supply": [{"l": "Beer", "v": 0.015700746545321921}, {"l": "Beverages, Alcoholic", "v": 0.023845463946175927}, {"l": "Butter, Ghee", "v": 0.0169800666342}, {"l": "Fats, Animals, Raw", "v": 0.042067732652297296}, {"l": "Wine", "v": 0.059654424685019532}]}, {"source": 0, "prod": 686.0, "target": 8, "value": 0.68299174921660177, "supply": [{"l": "Eggs", "v": 0.043153407297006785}, {"l": "Mutton & Goat Meat", "v": 0.0067920266536800004}, {"l": "Pigmeat", "v": 0.11730967752541793}, {"l": "Milk - Excluding Butter", "v": 0.45153804965815092}, {"l": "Bovine Meat", "v": 0.019156998253969233}, {"l": "Poultry Meat", "v": 0.029656965696719179}, {"l": "Offals, Edible", "v": 0.015384624131657719}]}, {"source": 2, "prod": 811.0, "target": 8, "value": 2.5282674953984863, "supply": [{"l": "Maize", "v": 1.3265011434031697}, {"l": "Rye", "v": 0.002927597695551724}, {"l": "Barley", "v": 0.038934355242529146}, {"l": "Rice", "v": 0.029032010480887931}, {"l": "Wheat", "v": 1.1253354103260649}, {"l": "Oats", "v": 0.0055369782502826094}]}, {"source": 4, "prod": 771.0, "target": 8, "value": 0.41690908076573913, "supply": [{"l": "Vegetables, Other", "v": 0.059396535573360991}, {"l": "Nuts", "v": 0.010612541646375}, {"l": "Tomatoes", "v": 0.014042920571091437}, {"l": "Treenuts", "v": 0.010467164363547948}, {"l": "Cocoa Beans", "v": 0.00424501665855}, {"l": "Peas", "v": 0.0028300111056999999}, {"l": "Grapes", "v": 0.052076412539832723}, {"l": "Potatoes", "v": 0.1725691554671413}, {"l": "Apples", "v": 0.026142331328313787}, {"l": "Lemons, Limes", "v": 0.0011835548304507436}, {"l": "Bananas", "v": 0.0019898515586953126}, {"l": "Fruits, Other", "v": 0.038425374404763867}, {"l": "Oranges, Mandarines", "v": 0.0018192928536642859}, {"l": "Onions", "v": 0.021108917864251762}]}, {"source": 9, "prod": 103.0, "target": 8, "value": 0.32710211696715835, "supply": [{"l": "Sugar", "v": 0.29927367442777503}, {"l": "Honey", "v": 0.0063675249878250009}, {"l": "Sweeteners, Other", "v": 0.021460917551558333}]}, {"source": 6, "prod": 34.0, "target": 8, "value": 0.030074760305453162, "supply": [{"l": "Marine Fish, Other", "v": 0.0015722283920555555}, {"l": "Freshwater Fish", "v": 0.0016647124151176471}, {"l": "Fish, Seafood", "v": 0.015688105042467392}, {"l": "Pelagic Fish", "v": 0.010415282507966545}, {"l": "Demersal Fish", "v": 0.00073443194784602076}]}, {"source": 10, "prod": 14.0, "target": 8, "value": 0.14304177059556561, "supply": [{"l": "Maize Germ Oil", "v": 0.040520613558886372}, {"l": "Sunflowerseed Oil", "v": 0.091908615390304232}, {"l": "Oilcrops Oil, Other", "v": 0.010612541646375}]}, {"source": 4, "prod": 162.0, "target": 11, "value": 0.094341067692430586, "supply": [{"l": "Grapes", "v": 0.083440615546777425}, {"l": "Fruits, Other", "v": 0.0055688948412701252}, {"l": "Apples", "v": 0.0046682734514846055}, {"l": "Bananas", "v": 0.0006632838528984375}]}, {"source": 5, "prod": 618.0, "target": 11, "value": 0.71825333196000007, "supply": [{"l": "Sugar beet", "v": 0.71825333196000007}]}, {"source": 2, "prod": 33.0, "target": 11, "value": 0.10129553199875566, "supply": [{"l": "Maize", "v": 0.025326990804833791}, {"l": "Wheat", "v": 0.060993789177564491}, {"l": "Barley", "v": 0.014974752016357364}]}, {"source": 3, "prod": 42.0, "target": 11, "value": 0.29715116609850001, "supply": [{"l": "Sunflower seed", "v": 0.26177602727725002}, {"l": "Soyabeans", "v": 0.035375138821250006}]}, {"source": 4, "prod": 387.0, "target": 12, "value": 0.22920693818408466, "supply": [{"l": "Grapes", "v": 0.22842608227699351}, {"l": "Potatoes", "v": 0.00078085590709113712}]}, {"source": 7, "prod": 9.0, "target": 12, "value": 0.060551893065577865, "supply": [{"l": "Alcohol, Non-Food", "v": 0.0016570673523616537}, {"l": "Fats, Animals, Raw", "v": 0.058894825713216213}]}, {"source": 10, "prod": 2.0, "target": 12, "value": 0.020260306779443186, "supply": [{"l": "Maize Germ Oil", "v": 0.020260306779443186}]}, {"source": 2, "prod": 2.0, "target": 12, "value": 0.0063317477012084476, "supply": [{"l": "Maize", "v": 0.0063317477012084476}]}, {"source": 4, "prod": 11.0, "target": 4, "value": 0.012687725375220234, "supply": [{"l": "Potatoes", "v": 0.007027703163820234}, {"l": "Peas", "v": 0.0056600222113999997}]}, {"source": 0, "prod": 1.0, "target": 0, "value": 0.0015982743443335844, "supply": [{"l": "Eggs", "v": 0.0015982743443335844}]}, {"source": 2, "prod": 138.0, "target": 2, "value": 0.42150624917094853, "supply": [{"l": "Maize", "v": 0.03482461235664646}, {"l": "Wheat", "v": 0.33241615101772654}, {"l": "Barley", "v": 0.050914156855615039}, {"l": "Cereals, Other", "v": 0.0033513289409605267}]}, {"source": 3, "prod": 6.0, "target": 3, "value": 0.042450166585500007, "supply": [{"l": "Sunflower seed", "v": 0.035375138821250006}, {"l": "Soyabeans", "v": 0.0070750277642500003}]}, {"source": 4, "prod": 66.0, "target": 13, "value": 0.033701370185947058, "supply": [{"l": "Potatoes", "v": 0.0015617118141822742}, {"l": "Vegetables, Other", "v": 0.0072361261612216418}, {"l": "Fruits, Other", "v": 0.0038982263888890879}, {"l": "Peas", "v": 0.0028300111056999999}, {"l": "Beans", "v": 0.0028300111056999999}, {"l": "Grapes", "v": 0.0082848838131552062}, {"l": "Onions", "v": 0.00039828146913682569}, {"l": "Tomatoes", "v": 0.0005933628410320327}, {"l": "Apples", "v": 0.0060687554869299862}]}, {"source": 2, "prod": 142.0, "target": 13, "value": 0.43876905719681936, "supply": [{"l": "Maize", "v": 0.16462544023141962}, {"l": "Wheat", "v": 0.25617391454577093}, {"l": "Barley", "v": 0.017969702419628836}]}, {"source": 3, "prod": 4.0, "target": 13, "value": 0.028300111057000001, "supply": [{"l": "Sunflower seed", "v": 0.028300111057000001}]}, {"source": 14, "prod": 22.0, "target": 11, "value": 0.082697640105065862, "supply": [{"l": "Sugar", "v": 0.031837624939125002}, {"l": "Beer", "v": 0.0011630182626164386}, {"l": "Oilcrops Oil, Other", "v": 0.02122508329275}, {"l": "Fats, Animals, Raw", "v": 0.0084135465304594585}, {"l": "Wine", "v": 0.0016570673523616537}, {"l": "Alcohol, Non-Food", "v": 0.0016570673523616537}, {"l": "Sweeteners, Other", "v": 0.0061316907290166669}, {"l": "Soyabean Oil", "v": 0.010612541646375}]}, {"source": 14, "prod": 61.0, "target": 2, "value": 0.1933465996478097, "supply": [{"l": "Maize", "v": 0.0031658738506042238}, {"l": "Oats", "v": 0.0027684891251413047}, {"l": "Rye", "v": 0.002927597695551724}, {"l": "Barley", "v": 0.020964652822900311}, {"l": "Cereals, Other", "v": 0.0033513289409605267}, {"l": "Rice", "v": 0.029032010480887931}, {"l": "Wheat", "v": 0.13113664673176367}]}, {"source": 14, "prod": 46.0, "target": 1, "value": 0.049540149645709054, "supply": [{"l": "Pigmeat", "v": 0.0047881501030782835}, {"l": "Milk - Excluding Butter", "v": 0.0031854536131086485}, {"l": "Pelagic Fish", "v": 0.01136212637232714}, {"l": "Fish, Seafood", "v": 0.014765275334086957}, {"l": "Bovine Meat", "v": 0.0047892495634923081}, {"l": "Poultry Meat", "v": 0.0070611823087426626}, {"l": "Offals, Edible", "v": 0.0012820520109714764}, {"l": "Demersal Fish", "v": 0.00073443194784602076}, {"l": "Marine Fish, Other", "v": 0.0015722283920555555}]}, {"source": 14, "prod": 52.0, "target": 4, "value": 0.045266180657002601, "supply": [{"l": "Oranges, Mandarines", "v": 0.0018192928536642859}, {"l": "Potatoes", "v": 0.026549100841098659}, {"l": "Nuts", "v": 0.0035375138821250002}, {"l": "Cocoa Beans", "v": 0.00424501665855}, {"l": "Lemons, Limes", "v": 0.0011835548304507436}, {"l": "Tomatoes", "v": 0.00019778761367734421}, {"l": "Bananas", "v": 0.001326567705796875}, {"l": "Treenuts", "v": 0.0034890547878493154}, {"l": "Fruits, Other", "v": 0.00055688948412701254}, {"l": "Vegetables, Other", "v": 0.00090451577015270522}, {"l": "Grapes", "v": 0.00059177741522537181}, {"l": "Onions", "v": 0.00039828146913682569}, {"l": "Apples", "v": 0.00046682734514846049}]}, {"source": 7, "prod": 109.0, "target": 15, "value": 0.10820702825108026, "supply": [{"l": "Wine", "v": 0.084510434970444331}, {"l": "Fats, Animals, Raw", "v": 0.0084135465304594585}, {"l": "Beverages, Fermented", "v": 0.0016570673523616537}, {"l": "Beverages, Alcoholic", "v": 0.013625979397814816}]}, {"source": 0, "prod": 53.0, "target": 15, "value": 0.070389113899629985, "supply": [{"l": "Pigmeat", "v": 0.0047881501030782835}, {"l": "Milk - Excluding Butter", "v": 0.027076355711423514}, {"l": "Bovine Meat", "v": 0.028735497380953851}, {"l": "Eggs", "v": 0.0063930973773343377}, {"l": "Mutton & Goat Meat", "v": 0.0033960133268400002}]}, {"source": 2, "prod": 64.0, "target": 15, "value": 0.19929352304220385, "supply": [{"l": "Maize", "v": 0.13296670172537742}, {"l": "Barley", "v": 0.041929305645800621}, {"l": "Wheat", "v": 0.024397515671025802}]}, {"source": 3, "prod": 126.0, "target": 15, "value": 0.89145349829550014, "supply": [{"l": "Soyabeans", "v": 0.099050388699500017}, {"l": "Sunflower seed", "v": 0.79240310959600013}]}, {"source": 4, "prod": 202.0, "target": 15, "value": 0.15701955843081883, "supply": [{"l": "Nuts", "v": 0.031837624939125002}, {"l": "Fruits, Other", "v": 0.012251568650794275}, {"l": "Beans", "v": 0.0056600222113999997}, {"l": "Tomatoes", "v": 0.0061314160239976699}, {"l": "Treenuts", "v": 0.031401493090643842}, {"l": "Vegetables, Other", "v": 0.0039195683373283892}, {"l": "Peas", "v": 0.0028300111056999999}, {"l": "Grapes", "v": 0.044383306141902883}, {"l": "Onions", "v": 0.00039828146913682569}, {"l": "Apples", "v": 0.01820626646078996}]}, {"source": 9, "prod": 9.0, "target": 15, "value": 0.028418028186404168, "supply": [{"l": "Sugar", "v": 0.022286337457387503}, {"l": "Sweeteners, Other", "v": 0.0061316907290166669}]}, {"source": 10, "prod": 7.0, "target": 15, "value": 0.071484478636903312, "supply": [{"l": "Sunflowerseed Oil", "v": 0.071484478636903312}]}, {"source": 16, "prod": 5.0, "target": 4, "value": 0.014644914755174003, "supply": [{"l": "Nuts", "v": 0.0070750277642500003}, {"l": "Treenuts", "v": 0.0069781095756986308}, {"l": "Grapes", "v": 0.00059177741522537181}]}, {"source": 10, "prod": 1.0, "target": 17, "value": 0.010612541646375, "supply": [{"l": "Soyabean Oil", "v": 0.010612541646375}]}, {"source": 16, "prod": 30.0, "target": 1, "value": 0.023890902098314862, "supply": [{"l": "Milk - Excluding Butter", "v": 0.023890902098314862}]}, {"source": 4, "prod": 28.0, "target": 17, "value": 0.012905843575726, "supply": [{"l": "Vegetables, Other", "v": 0.00030150525671756846}, {"l": "Apples", "v": 0.012604338319008432}]}, {"source": 16, "prod": 11.0, "target": 3, "value": 0.077825305406750006, "supply": [{"l": "Soyabeans", "v": 0.077825305406750006}]}, {"source": 16, "prod": 63.0, "target": 11, "value": 0.059931505119210721, "supply": [{"l": "Beverages, Alcoholic", "v": 0.010219484548361111}, {"l": "Wine", "v": 0.049712020570849606}]}, {"source": 5, "prod": 137.0, "target": 17, "value": 0.15922444414, "supply": [{"l": "Sugar beet", "v": 0.15922444414}]}, {"source": 9, "prod": 20.0, "target": 17, "value": 0.063675249878250004, "supply": [{"l": "Sugar", "v": 0.063675249878250004}]}, {"source": 16, "prod": 251.0, "target": 2, "value": 0.78569077940955967, "supply": [{"l": "Maize", "v": 0.63317477012084478}, {"l": "Oats", "v": 0.0027684891251413047}, {"l": "Barley", "v": 0.14974752016357365}]}, {"source": 1, "prod": 36.0, "target": 6, "value": 0.031944433878194192, "supply": [{"l": "Demersal Fish", "v": 0.00073443194784602076}, {"l": "Freshwater Fish", "v": 0.0016647124151176471}, {"l": "Pelagic Fish", "v": 0.01136212637232714}, {"l": "Marine Fish, Other", "v": 0.0015722283920555555}, {"l": "Fish, Seafood", "v": 0.016610934750847826}]}, {"source": 1, "prod": 745.0, "target": 0, "value": 0.75815904353589469, "supply": [{"l": "Poultry Meat", "v": 0.029656965696719179}, {"l": "Pigmeat", "v": 0.12209782762849622}, {"l": "Bovine Meat", "v": 0.04789249563492308}, {"l": "Eggs", "v": 0.051144779018674709}, {"l": "Milk - Excluding Butter", "v": 0.48339258578923744}, {"l": "Offals, Edible", "v": 0.015384624131657719}, {"l": "Mutton & Goat Meat", "v": 0.010188039980520001}]}, {"source": 11, "prod": 231.0, "target": 7, "value": 0.32700735577967283, "supply": [{"l": "Fats, Animals, Raw", "v": 0.10937610489597298}, {"l": "Alcohol, Non-Food", "v": 0.0016570673523616537}, {"l": "Beverages, Fermented", "v": 0.0016570673523616537}, {"l": "Beer", "v": 0.015700746545321921}, {"l": "Beverages, Alcoholic", "v": 0.037471443343990746}, {"l": "Butter, Ghee", "v": 0.0169800666342}, {"l": "Wine", "v": 0.14416485965546386}]}, {"source": 11, "prod": 24.0, "target": 10, "value": 0.24539909765828713, "supply": [{"l": "Maize Germ Oil", "v": 0.060780920338329561}, {"l": "Oilcrops Oil, Other", "v": 0.010612541646375}, {"l": "Sunflowerseed Oil", "v": 0.16339309402720753}, {"l": "Soyabean Oil", "v": 0.010612541646375}]}, {"source": 11, "prod": 132.0, "target": 9, "value": 0.41919539503181252, "supply": [{"l": "Honey", "v": 0.0063675249878250009}, {"l": "Sweeteners, Other", "v": 0.027592608280574998}, {"l": "Sugar", "v": 0.38523526176341255}]}, {"source": 4, "prod": 1774.0, "target": 18, "value": 6.3214034384276054, "supply": [{"l": "Tomatoes", "v": 0.36435666597000005}, {"l": "Vegetables, Other", "v": 0.82982666508000003}, {"l": "Peas", "v": 0.054043333230000004}, {"l": "Potatoes", "v": 0.60493666551000003}, {"l": "Beans", "v": 0.24911648092399599}, {"l": "Onions", "v": 0.19002333297000001}, {"l": "Pulses, Other", "v": 0.017180446960275583}]}, {"source": 5, "prod": 377.40000000000003, "target": 18, "value": 0.43862266582800002, "supply": [{"l": "Sugar beet", "v": 0.43862266582800002}]}, {"source": 2, "prod": 4121.0, "target": 18, "value": 14.793282910700235, "supply": [{"l": "Maize", "v": 7.8903266515799997}, {"l": "Rye", "v": 0.017433333299999996}, {"l": "Barley", "v": 1.1296799978400001}, {"l": "Rice", "v": 0.024406666620000003}, {"l": "Cereals, Other", "v": 0.061859589463036463}, {"l": "Wheat", "v": 5.2265133233399999}, {"l": "Oats", "v": 0.020919999960000001}, {"l": "Sorghum", "v": 0.0034866666600000006}]}, {"source": 3, "prod": 288.5, "target": 18, "value": 1.0059033314100001, "supply": [{"l": "Sunflower seed", "v": 0.93965666486999999}, {"l": "Soyabeans", "v": 0.06275999988}, {"l": "Rape and Mustardseed", "v": 0.0034866666599999998}]}, {"source": 19, "prod": 0, "target": 4, "value": 0.0047277099065201958, "supply": "[{\"l\":'Energy for power irrigation',\"v\":0.0047277099065201958}]"}, {"source": 19, "prod": 0, "target": 5, "value": 0.0025144274502828662, "supply": "[{\"l\":'Energy for power irrigation',\"v\":0.0025144274502828662}]"}, {"source": 19, "prod": 0, "target": 2, "value": 0.0054912323914232605, "supply": "[{\"l\":'Energy for power irrigation',\"v\":0.0054912323914232605}]"}, {"source": 19, "prod": 0, "target": 3, "value": 0.00076885248479767552, "supply": "[{\"l\":'Energy for power irrigation',\"v\":0.00076885248479767552}]"}, {"source": 19, "prod": 0, "target": 11, "value": 0.1860000001488, "supply": "[{\"l\":'Electricity',\"v\":0.1860000001488}]"}, {"source": 20, "prod": 0, "target": 19, "value": 0.36690063155061192, "supply": [{"l": "Coal", "v": 0.015056151693241204}, {"l": "Natural gas", "v": 0.34884765731938588}, {"l": "Oil", "v": 0.0029968225379848512}]}, {"source": 21, "prod": 0, "target": 19, "value": 0.013416399899740934, "supply": [{"l": "Nuclear", "v": 0.0}, {"l": "Hydroelectric", "v": 0.013416399899740934}, {"l": "Renewable", "v": 0.0}]}, {"source": 20, "prod": 0, "target": 4, "value": 0.73373603805688914, "supply": [{"l": "Motor Gasoline", "v": 0.0043087053336661593}, {"l": "Gas-Diesel oil", "v": 0.23838909193715027}, {"l": "Natural gas (including LNG)", "v": 0.017118106968967133}, {"l": "Fuel oil", "v": 0.023576301870895645}, {"l": "Coal", "v": 0.0025093588624963189}, {"l": "Other fossil fuels", "v": 0.44783447308371366}]}, {"source": 20, "prod": 0, "target": 5, "value": 0.3902367259902339, "supply": [{"l": "Motor Gasoline", "v": 0.0022915803169752096}, {"l": "Gas-Diesel oil", "v": 0.12678698322587445}, {"l": "Natural gas (including LNG)", "v": 0.0091042468575087323}, {"l": "Fuel oil", "v": 0.012539030899205208}, {"l": "Coal", "v": 0.0013345998234302575}, {"l": "Other fossil fuels", "v": 0.23818028486724005}]}, {"source": 20, "prod": 0, "target": 2, "value": 0.85223399459764382, "supply": [{"l": "Motor Gasoline", "v": 0.0050045588162452772}, {"l": "Gas-Diesel oil", "v": 0.27688879590557958}, {"l": "Natural gas (including LNG)", "v": 0.019882671595015097}, {"l": "Fuel oil", "v": 0.027383861333134429}, {"l": "Coal", "v": 0.0029146189042692588}, {"l": "Other fossil fuels", "v": 0.52015948804340029}]}, {"source": 20, "prod": 0, "target": 3, "value": 0.11932516740665869, "supply": [{"l": "Motor Gasoline", "v": 0.00070071109851335234}, {"l": "Gas-Diesel oil", "v": 0.038768462809395637}, {"l": "Natural gas (including LNG)", "v": 0.0027838635065090297}, {"l": "Fuel oil", "v": 0.0038341392839647088}, {"l": "Coal", "v": 0.00040808908220416458}, {"l": "Other fossil fuels", "v": 0.072829901626071808}]}, {"source": 22, "prod": 1.9193793350258832, "target": 4, "value": 0.032610780520533983, "supply": [{"l": "Potash", "v": 0.00097863581288154338}, {"l": "Phosphate", "v": 0.00042083333367000001}, {"l": "Nitrogen", "v": 0.091736111184499994}]}, {"source": 22, "prod": 1.0208198436284786, "target": 5, "value": 0.017344008692854462, "supply": [{"l": "Potash", "v": 0.00097863581288154338}, {"l": "Phosphate", "v": 0.00042083333367000001}, {"l": "Nitrogen", "v": 0.091736111184499994}]}, {"source": 22, "prod": 2.2293580156825437, "target": 2, "value": 0.037877403191973101, "supply": [{"l": "Potash", "v": 0.00097863581288154338}, {"l": "Phosphate", "v": 0.00042083333367000001}, {"l": "Nitrogen", "v": 0.091736111184499994}]}, {"source": 22, "prod": 0.31214258069614842, "target": 3, "value": 0.0053033879256899974, "supply": [{"l": "Potash", "v": 0.00097863581288154338}, {"l": "Phosphate", "v": 0.00042083333367000001}, {"l": "Nitrogen", "v": 0.091736111184499994}]}, {"source": 20, "prod": 0, "target": 22, "value": 0.11075855541675023, "supply": [{"l": "Natural gas (including LNG)", "v": 0.074957622766866294}, {"l": "Fuel oil", "v": 0.019584631436345916}, {"l": "Liquefied petroleum gas (LPG)", "v": 0.0081081506067690063}, {"l": "Coal", "v": 0.0081081506067690063}]}, {"source": 23, "prod": 0, "target": 2, "value": 0.10820891942714538, "supply": "[{\"l\":'Labor',\"v\":0.10820891942714538}]"}, {"source": 23, "prod": 0, "target": 3, "value": 0.015150824195453258, "supply": "[{\"l\":'Labor',\"v\":0.015150824195453258}]"}, {"source": 23, "prod": 0, "target": 4, "value": 0.093163126941885888, "supply": "[{\"l\":'Labor',\"v\":0.093163126941885888}]"}, {"source": 23, "prod": 0, "target": 5, "value": 0.04954870928391733, "supply": "[{\"l\":'Labor',\"v\":0.04954870928391733}]"}, {"source": 20, "prod": 0, "target": 14, "value": 2.6754100273522257, "supply": "[{\"l\":'Fossil Fuels',\"v\":2.6754100273522257}]"}, {"source": 21, "prod": 0, "target": 14, "value": 0.093303038436391469, "supply": "[{\"l\":'Renewables & Nuclear',\"v\":0.032888714947810656},{\"l\":'Biomass & Waste',\"v\":0.060414323488580814}]"}]}