{"nodes": [{"layer": 13, "name": "Animal Products", "fill": "#17becf"}, {"layer": 10, "name": "Feed", "fill": "#dbdb8d"}, {"layer": 5, "name": "Cereals", "fill": "#e7ba52"}, {"layer": 5, "name": "Oilcrops", "fill": "#ff9896"}, {"layer": 5, "name": "Sugar Crops", "fill": "#ffbb78"}, {"layer": 5, "name": "Starchy Roots"}, {"layer": 5, "name": "Fruits & Vegetables"}, {"layer": 13, "name": "Other Processed", "fill": "#9c9ede"}, {"layer": 16, "name": "Food", "fill": "#b5cf6b"}, {"layer": 13, "name": "Sugar", "fill": "#d6616b"}, {"layer": 5, "name": "Others"}, {"layer": 13, "name": "Aquatic Products", "fill": "#1f77b4"}, {"layer": 13, "name": "Vegetable Oils", "fill": "#f7b6d2"}, {"layer": 10, "name": "Processing", "fill": "#9edae5"}, {"layer": 16, "name": "Biofuels & Other", "fill": "#e7ba52"}, {"name": "Waste", "fill": "#c7c7c7"}, {"layer": 2, "name": "Import", "fill": "#aec7e8"}, {"layer": 16, "name": "Export", "fill": "#aec7e8"}, {"layer": 0, "name": "Stock Draw", "fill": "#c7c7c7"}, {"layer": 16, "name": "Stock Deposit", "fill": "#c7c7c7"}, {"layer": 2, "name": "Electricity", "fill": "#bcbd22"}, {"layer": 0, "name": "Fossil Fuels", "fill": "#c49c94"}, {"layer": 0, "name": "Renewables & Nuclear", "fill": "#2ca02c"}, {"layer": 2, "name": "Fertilizers", "fill": "#c5b0d5"}, {"layer": 0, "name": "Labor", "fill": "#7f7f7f"}], "links": [{"source": 0, "prod": 500.0, "target": 1, "value": 0.37058968958449384, "supply": [{"l": "Milk - Excluding Butter", "v": 0.37058968958449384}]}, {"source": 2, "prod": 1601.0, "target": 1, "value": 4.8430791193876415, "supply": [{"l": "Maize", "v": 1.8525972372303483}, {"l": "Wheat", "v": 1.9945749150042533}, {"l": "Oats", "v": 0.0052593126743097351}, {"l": "Rye", "v": 0.0031130122162700002}, {"l": "Barley", "v": 0.97740980575967185}, {"l": "Sorghum", "v": 0.0030498087385386142}, {"l": "Cereals, Other", "v": 0.0070750277642500003}]}, {"source": 3, "prod": 132.0, "target": 1, "value": 0.15633890463934444, "supply": [{"l": "Sunflower seed", "v": 0.15225111082000001}, {"l": "Soyabeans", "v": 0.0040877938193444449}]}, {"source": 4, "prod": 395.0, "target": 1, "value": 0.45907777690000001, "supply": [{"l": "Sugar beet", "v": 0.45907777690000001}]}, {"source": 5, "prod": 36.0, "target": 1, "value": 0.028036260397521204, "supply": [{"l": "Potatoes", "v": 0.028036260397521204}]}, {"source": 6, "prod": 167.0, "target": 1, "value": 0.46661476406782876, "supply": [{"l": "Vegetables, Other", "v": 0.013929486631226156}, {"l": "Apples", "v": 0.0034598881856520375}, {"l": "Peas", "v": 0.37365476302181866}, {"l": "Beans", "v": 0.071372258105291214}, {"l": "Pulses, Other", "v": 0.0041983681238406591}]}, {"source": 7, "prod": 203.0, "target": 8, "value": 0.27787422618535962, "supply": [{"l": "Beer", "v": 0.020327505143554109}, {"l": "Beverages, Alcoholic", "v": 0.024762597174875004}, {"l": "Fats, Animals, Raw", "v": 0.0339601332684}, {"l": "Butter, Ghee", "v": 0.074287791524625002}, {"l": "Wine", "v": 0.11684099249504126}, {"l": "Cream", "v": 0.0068838107976486483}, {"l": "Beverages, Fermented", "v": 0.00081139578121556437}]}, {"source": 0, "prod": 877.0, "target": 8, "value": 0.98858819837366219, "supply": [{"l": "Pigmeat", "v": 0.26254189547386297}, {"l": "Milk - Excluding Butter", "v": 0.46842536763480019}, {"l": "Poultry Meat", "v": 0.057337047534718917}, {"l": "Meat, Other", "v": 0.0023583425880833336}, {"l": "Bovine Meat", "v": 0.12561630112156841}, {"l": "Eggs", "v": 0.041577902888537667}, {"l": "Offals, Edible", "v": 0.018456594167608694}, {"l": "Mutton & Goat Meat", "v": 0.012274746964481928}]}, {"source": 2, "prod": 698.0, "target": 8, "value": 2.1591325437967663, "supply": [{"l": "Maize", "v": 0.88671320756324368}, {"l": "Oats", "v": 0.013148281685774336}, {"l": "Barley", "v": 0.024709798460216419}, {"l": "Cereals, Other", "v": 0.017687569410625003}, {"l": "Wheat", "v": 1.216873686676907}]}, {"source": 9, "prod": 110.0, "target": 8, "value": 0.39646703426382551, "supply": [{"l": "Sugar", "v": 0.36237947085182926}, {"l": "Sweeteners, Other", "v": 0.019592384577923075}, {"l": "Honey", "v": 0.014495178834073171}]}, {"source": 5, "prod": 291.0, "target": 8, "value": 0.22662643821329639, "supply": [{"l": "Potatoes", "v": 0.22662643821329639}]}, {"source": 6, "prod": 741.0, "target": 8, "value": 0.33861679047597038, "supply": [{"l": "Oranges, Mandarines", "v": 0.00032591298722072941}, {"l": "Fruits, Other", "v": 0.050170120165805285}, {"l": "Treenuts", "v": 0.068716207160278125}, {"l": "Vegetables, Other", "v": 0.042820273718213737}, {"l": "Peas", "v": 0.016793472495362637}, {"l": "Tomatoes", "v": 0.052023792527769466}, {"l": "Grapes", "v": 0.063228217795420386}, {"l": "Onions", "v": 0.020319576326335752}, {"l": "Apples", "v": 0.024219217299564267}]}, {"source": 10, "prod": 14.0, "target": 8, "value": 0.068077976134021667, "supply": [{"l": "Nuts", "v": 0.068077976134021667}]}, {"source": 11, "prod": 6.0, "target": 8, "value": 0.0035213238872411328, "supply": [{"l": "Fish, Seafood", "v": 0.0018456594167608694}, {"l": "Freshwater Fish", "v": 0.0016756644704802636}]}, {"source": 12, "prod": 17.0, "target": 8, "value": 0.17357921823974728, "supply": [{"l": "Maize Germ Oil", "v": 0.040327658256225002}, {"l": "Soyabean Oil", "v": 0.040520613558886372}, {"l": "Sunflowerseed Oil", "v": 0.092730946424635918}]}, {"source": 4, "prod": 1068.0, "target": 13, "value": 1.24125333096, "supply": [{"l": "Sugar beet", "v": 1.24125333096}]}, {"source": 6, "prod": 826.0, "target": 13, "value": 0.49063210625627696, "supply": [{"l": "Fruits, Other", "v": 0.0015516532010042871}, {"l": "Grapes", "v": 0.28148716191615036}, {"l": "Apples", "v": 0.20759329113912225}]}, {"source": 2, "prod": 29.0, "target": 13, "value": 0.087718814130963316, "supply": [{"l": "Maize", "v": 0.038001994609853297}, {"l": "Wheat", "v": 0.03049808738538614}, {"l": "Barley", "v": 0.019218732135723882}]}, {"source": 3, "prod": 86.0, "target": 13, "value": 0.16723925770492223, "supply": [{"l": "Sunflower seed", "v": 0.07321999986000001}, {"l": "Soyabeans", "v": 0.094019257844922224}]}, {"source": 9, "prod": 6.0, "target": 13, "value": 0.020667576414516414, "supply": [{"l": "Sweeteners, Other", "v": 0.0097961922889615374}, {"l": "Sugar", "v": 0.010871384125554877}]}, {"source": 7, "prod": 11.0, "target": 14, "value": 0.093390366488100007, "supply": [{"l": "Fats, Animals, Raw", "v": 0.093390366488100007}]}, {"source": 12, "prod": 15.0, "target": 14, "value": 0.15455157737439318, "supply": [{"l": "Sunflowerseed Oil", "v": 0.15455157737439318}]}, {"source": 0, "prod": 5.0, "target": 14, "value": 0.0065916407741459628, "supply": [{"l": "Offals, Edible", "v": 0.0065916407741459628}]}, {"source": 2, "prod": 2.0, "target": 14, "value": 0.0063336657683088823, "supply": [{"l": "Maize", "v": 0.0063336657683088823}]}, {"source": 6, "prod": 223.0, "target": 14, "value": 0.13557589008056486, "supply": [{"l": "Grapes", "v": 0.13557589008056486}]}, {"source": 5, "prod": 15.0, "target": 5, "value": 0.011681775165633835, "supply": [{"l": "Potatoes", "v": 0.011681775165633835}]}, {"source": 6, "prod": 6.0, "target": 6, "value": 0.025190208743043955, "supply": [{"l": "Peas", "v": 0.025190208743043955}]}, {"source": 0, "prod": 2.0, "target": 0, "value": 0.0031983002221952057, "supply": [{"l": "Eggs", "v": 0.0031983002221952057}]}, {"source": 2, "prod": 123.0, "target": 2, "value": 0.37055845534402587, "supply": [{"l": "Maize", "v": 0.044335660378162188}, {"l": "Wheat", "v": 0.26228355151432081}, {"l": "Barley", "v": 0.060401729569417917}, {"l": "Cereals, Other", "v": 0.0035375138821250002}]}, {"source": 3, "prod": 2.0, "target": 3, "value": 0.0052500160393444449, "supply": [{"l": "Sunflower seed", "v": 0.0011622222200000001}, {"l": "Soyabeans", "v": 0.0040877938193444449}]}, {"source": 5, "prod": 6.0, "target": 15, "value": 0.004672710066253534, "supply": [{"l": "Potatoes", "v": 0.004672710066253534}]}, {"source": 6, "prod": 137.0, "target": 15, "value": 0.072475386564596012, "supply": [{"l": "Vegetables, Other", "v": 0.0072226967717468971}, {"l": "Fruits, Other", "v": 0.0051721773366809574}, {"l": "Peas", "v": 0.020991840619203294}, {"l": "Beans", "v": 0.0041983681238406591}, {"l": "Grapes", "v": 0.0097274181223723673}, {"l": "Onions", "v": 0.0015936922608890786}, {"l": "Tomatoes", "v": 0.0097296405872545951}, {"l": "Apples", "v": 0.01383955274260815}]}, {"source": 0, "prod": 1.0, "target": 15, "value": 0.0013183281548291926, "supply": [{"l": "Offals, Edible", "v": 0.0013183281548291926}]}, {"source": 2, "prod": 189.0, "target": 15, "value": 0.57685838976484383, "supply": [{"l": "Maize", "v": 0.11083915094540546}, {"l": "Wheat", "v": 0.43307284087248321}, {"l": "Barley", "v": 0.032946397946955225}]}, {"source": 3, "prod": 1.0, "target": 15, "value": 0.0011622222200000001, "supply": [{"l": "Sunflower seed", "v": 0.0011622222200000001}]}, {"source": 16, "prod": 4.0, "target": 13, "value": 0.011682779906770441, "supply": [{"l": "Wine", "v": 0.00081139578121556437}, {"l": "Sugar", "v": 0.010871384125554877}]}, {"source": 16, "prod": 603.0, "target": 2, "value": 1.8421443297675968, "supply": [{"l": "Cereals, Other", "v": 0.024762597174875004}, {"l": "Wheat", "v": 1.8146361994304754}, {"l": "Barley", "v": 0.002745533162246269}]}, {"source": 16, "prod": 4.0, "target": 1, "value": 0.0042792879063730449, "supply": [{"l": "Poultry Meat", "v": 0.0027969291480350695}, {"l": "Milk - Excluding Butter", "v": 0.0014823587583379756}]}, {"source": 16, "prod": 38.0, "target": 5, "value": 0.029593830419605716, "supply": [{"l": "Potatoes", "v": 0.029593830419605716}]}, {"source": 16, "prod": 7.0, "target": 6, "value": 0.0018736337240236362, "supply": [{"l": "Oranges, Mandarines", "v": 0.00032591298722072941}, {"l": "Vegetables, Other", "v": 0.0015477207368029067}]}, {"source": 7, "prod": 283.0, "target": 17, "value": 0.5870498563253943, "supply": [{"l": "Beverages, Alcoholic", "v": 0.39620155479800007}, {"l": "Butter, Ghee", "v": 0.057779393408041682}, {"l": "Wine", "v": 0.13306890811935254}]}, {"source": 0, "prod": 37.0, "target": 17, "value": 0.080934112325085891, "supply": [{"l": "Pigmeat", "v": 0.012043206214397384}, {"l": "Bovine Meat", "v": 0.061526351569747784}, {"l": "Eggs", "v": 0.0015991501110976028}, {"l": "Milk - Excluding Butter", "v": 0.004447076275013926}, {"l": "Offals, Edible", "v": 0.0013183281548291926}]}, {"source": 2, "prod": 39.0, "target": 17, "value": 0.12085414425510534, "supply": [{"l": "Maize", "v": 0.025334663073235529}, {"l": "Wheat", "v": 0.088444453417619806}, {"l": "Cereals, Other", "v": 0.0070750277642500003}]}, {"source": 9, "prod": 15.0, "target": 17, "value": 0.054356920627774391, "supply": [{"l": "Sugar", "v": 0.054356920627774391}]}, {"source": 6, "prod": 389.0, "target": 17, "value": 0.15807876937511983, "supply": [{"l": "Vegetables, Other", "v": 0.021410136859106869}, {"l": "Fruits, Other", "v": 0.0062066128040171482}, {"l": "Apples", "v": 0.097453517229199066}, {"l": "Grapes", "v": 0.012159272652965458}, {"l": "Tomatoes", "v": 0.020849229829831274}]}, {"source": 12, "prod": 4.0, "target": 17, "value": 0.041213753966504854, "supply": [{"l": "Sunflowerseed Oil", "v": 0.041213753966504854}]}, {"source": 18, "prod": 212.0, "target": 6, "value": 0.12065590968566436, "supply": [{"l": "Vegetables, Other", "v": 0.0012897672806690885}, {"l": "Apples", "v": 0.11936614240499528}]}, {"source": 18, "prod": 16.0, "target": 3, "value": 0.065404701109511118, "supply": [{"l": "Soyabeans", "v": 0.065404701109511118}]}, {"source": 0, "prod": 7.0, "target": 19, "value": 0.009228297083804347, "supply": [{"l": "Offals, Edible", "v": 0.009228297083804347}]}, {"source": 7, "prod": 67.0, "target": 19, "value": 0.16263634211082256, "supply": [{"l": "Fats, Animals, Raw", "v": 0.0594302332197}, {"l": "Beverages, Alcoholic", "v": 0.070750277642500012}, {"l": "Wine", "v": 0.032455831248622571}]}, {"source": 2, "prod": 200.0, "target": 19, "value": 0.60996174770772282, "supply": [{"l": "Wheat", "v": 0.60996174770772282}]}, {"source": 6, "prod": 8.0, "target": 19, "value": 0.0015885127489395257, "supply": [{"l": "Tomatoes", "v": 0.0015885127489395257}]}, {"source": 4, "prod": 511.0, "target": 19, "value": 0.59389555441999997, "supply": [{"l": "Sugar beet", "v": 0.59389555441999997}]}, {"source": 9, "prod": 83.0, "target": 19, "value": 0.30077496080701827, "supply": [{"l": "Sugar", "v": 0.30077496080701827}]}, {"source": 18, "prod": 300.0, "target": 2, "value": 0.9500498652463325, "supply": [{"l": "Maize", "v": 0.9500498652463325}]}, {"source": 1, "prod": 6.0, "target": 11, "value": 0.0035213238872411328, "supply": [{"l": "Freshwater Fish", "v": 0.0016756644704802636}, {"l": "Fish, Seafood", "v": 0.0018456594167608694}]}, {"source": 1, "prod": 1427.0, "target": 0, "value": 1.4572502662960214, "supply": [{"l": "Poultry Meat", "v": 0.057337047534718917}, {"l": "Pigmeat", "v": 0.27458510168826034}, {"l": "Bovine Meat", "v": 0.18714265269131619}, {"l": "Eggs", "v": 0.046375353221830479}, {"l": "Milk - Excluding Butter", "v": 0.84346213349430799}, {"l": "Offals, Edible", "v": 0.036913188335217388}, {"l": "Meat, Other", "v": 0.0023583425880833336}, {"l": "Mutton & Goat Meat", "v": 0.012274746964481928}]}, {"source": 13, "prod": 564.0, "target": 7, "value": 1.1209507911096765, "supply": [{"l": "Fats, Animals, Raw", "v": 0.18678073297620001}, {"l": "Beverages, Fermented", "v": 0.00081139578121556437}, {"l": "Beer", "v": 0.020327505143554109}, {"l": "Beverages, Alcoholic", "v": 0.49171442961537509}, {"l": "Wine", "v": 0.28236573186301639}, {"l": "Butter, Ghee", "v": 0.13206718493266667}, {"l": "Cream", "v": 0.0068838107976486483}]}, {"source": 13, "prod": 36.0, "target": 12, "value": 0.36934454958064533, "supply": [{"l": "Maize Germ Oil", "v": 0.040327658256225002}, {"l": "Sunflowerseed Oil", "v": 0.28849627776553394}, {"l": "Soyabean Oil", "v": 0.040520613558886372}]}, {"source": 13, "prod": 214.0, "target": 9, "value": 0.77226649211313458, "supply": [{"l": "Honey", "v": 0.014495178834073171}, {"l": "Sweeteners, Other", "v": 0.029388576866884612}, {"l": "Sugar", "v": 0.72838273641217677}]}, {"source": 20, "prod": 0, "target": 2, "value": 0.0044676403016863202, "supply": "[{\"l\":'Energy for power irrigation',\"v\":0.0044676403016863202}]"}, {"source": 20, "prod": 0, "target": 3, "value": 0.00039168857141765224, "supply": "[{\"l\":'Energy for power irrigation',\"v\":0.00039168857141765224}]"}, {"source": 20, "prod": 0, "target": 4, "value": 0.0036290957544259936, "supply": "[{\"l\":'Energy for power irrigation',\"v\":0.0036290957544259936}]"}, {"source": 20, "prod": 0, "target": 5, "value": 0.00060592199193481883, "supply": "[{\"l\":'Energy for power irrigation',\"v\":0.00060592199193481883}]"}, {"source": 20, "prod": 0, "target": 6, "value": 0.0043821308248275367, "supply": "[{\"l\":'Energy for power irrigation',\"v\":0.0043821308248275367}]"}, {"source": 20, "prod": 0, "target": 10, "value": 2.574478873167667e-05, "supply": "[{\"l\":'Energy for power irrigation',\"v\":2.574478873167667e-05}]"}, {"source": 20, "prod": 0, "target": 13, "value": 1.0450000008359999, "supply": "[{\"l\":'Electricity',\"v\":1.0450000008359999}]"}, {"source": 21, "prod": 0, "target": 20, "value": 2.4331837259356641, "supply": [{"l": "Coal", "v": 0.81385540342127638}, {"l": "Natural gas", "v": 0.9805651189716138}, {"l": "Oil", "v": 0.63876320354277405}]}, {"source": 22, "prod": 0, "target": 20, "value": 0.021160240488953187, "supply": [{"l": "Nuclear", "v": 0.0}, {"l": "Hydroelectric", "v": 0.021160240488953187}, {"l": "Renewable", "v": 0.0}]}, {"source": 21, "prod": 0, "target": 2, "value": 2.5132416792564465, "supply": [{"l": "Motor Gasoline", "v": 0.012215055054602372}, {"l": "Gas-Diesel oil", "v": 0.01185659971439959}, {"l": "Natural gas (including LNG)", "v": 0.01093748345746939}, {"l": "Fuel oil", "v": 0.025992607745986083}, {"l": "Coal", "v": 0.026084519371679105}, {"l": "Other fossil fuels", "v": 2.4261554139123098}]}, {"source": 21, "prod": 0, "target": 3, "value": 0.22034183069834246, "supply": [{"l": "Motor Gasoline", "v": 0.0010709227111052912}, {"l": "Gas-Diesel oil", "v": 0.0010394960852715014}, {"l": "Natural gas (including LNG)", "v": 0.00095891499338998968}, {"l": "Fuel oil", "v": 0.0022788332784091521}, {"l": "Coal", "v": 0.0022868913875973033}, {"l": "Other fossil fuels", "v": 0.21270677224256923}]}, {"source": 21, "prod": 0, "target": 4, "value": 2.0415239571980228, "supply": [{"l": "Motor Gasoline", "v": 0.0099223754477290715}, {"l": "Gas-Diesel oil", "v": 0.0096311996445225725}, {"l": "Natural gas (including LNG)", "v": 0.0088845950209161719}, {"l": "Fuel oil", "v": 0.02111397875558902}, {"l": "Coal", "v": 0.021188639217949664}, {"l": "Other fossil fuels", "v": 1.9707831691113162}]}, {"source": 21, "prod": 0, "target": 5, "value": 0.34085743293475984, "supply": [{"l": "Motor Gasoline", "v": 0.0016566621282121758}, {"l": "Gas-Diesel oil", "v": 0.0016080467610185901}, {"l": "Natural gas (including LNG)", "v": 0.0014833919733427306}, {"l": "Fuel oil", "v": 0.003525237395473313}, {"l": "Coal", "v": 0.0035377028742408991}, {"l": "Other fossil fuels", "v": 0.32904639180247208}]}, {"source": 21, "prod": 0, "target": 6, "value": 2.4651388852307519, "supply": [{"l": "Motor Gasoline", "v": 0.011981262068375159}, {"l": "Gas-Diesel oil", "v": 0.011629667470431869}, {"l": "Natural gas (including LNG)", "v": 0.010728142860320871}, {"l": "Fuel oil", "v": 0.025495115973939015}, {"l": "Coal", "v": 0.025585268434950115}, {"l": "Other fossil fuels", "v": 2.3797194284227348}]}, {"source": 21, "prod": 0, "target": 10, "value": 0.014482561642144575, "supply": [{"l": "Motor Gasoline", "v": 7.0389286175934627e-05}, {"l": "Gas-Diesel oil", "v": 6.832368635587333e-05}, {"l": "Natural gas (including LNG)", "v": 6.3027276560844394e-05}, {"l": "Fuel oil", "v": 0.00014978246900341843}, {"l": "Coal", "v": 0.00015031210998292134}, {"l": "Other fossil fuels", "v": 0.013980726814065581}]}, {"source": 23, "prod": 44.602873680626494, "target": 2, "value": 0.4773310795253598, "supply": [{"l": "Potash", "v": 0.06153333338256}, {"l": "Phosphate", "v": 0.19400416682186999}, {"l": "Nitrogen", "v": 1.1870652787274301}]}, {"source": 23, "prod": 3.9104392236976508, "target": 3, "value": 0.04184874251446867, "supply": [{"l": "Potash", "v": 0.06153333338256}, {"l": "Phosphate", "v": 0.19400416682186999}, {"l": "Nitrogen", "v": 1.1870652787274301}]}, {"source": 23, "prod": 36.23122914538645, "target": 4, "value": 0.38773940540987756, "supply": [{"l": "Potash", "v": 0.06153333338256}, {"l": "Phosphate", "v": 0.19400416682186999}, {"l": "Nitrogen", "v": 1.1870652787274301}]}, {"source": 23, "prod": 6.0492475314947232, "target": 5, "value": 0.064737843467217962, "supply": [{"l": "Potash", "v": 0.06153333338256}, {"l": "Phosphate", "v": 0.19400416682186999}, {"l": "Nitrogen", "v": 1.1870652787274301}]}, {"source": 23, "prod": 43.749186244467147, "target": 6, "value": 0.46819508644121521, "supply": [{"l": "Potash", "v": 0.06153333338256}, {"l": "Phosphate", "v": 0.19400416682186999}, {"l": "Nitrogen", "v": 1.1870652787274301}]}, {"source": 23, "prod": 0.2570241743275451, "target": 10, "value": 0.0027506215737209453, "supply": [{"l": "Potash", "v": 0.06153333338256}, {"l": "Phosphate", "v": 0.19400416682186999}, {"l": "Nitrogen", "v": 1.1870652787274301}]}, {"source": 21, "prod": 0, "target": 23, "value": 1.7547039547455006, "supply": [{"l": "Natural gas (including LNG)", "v": 1.1839179432517739}, {"l": "Fuel oil", "v": 0.3609470737905448}, {"l": "Liquefied petroleum gas (LPG)", "v": 0.10491946885159097}, {"l": "Coal", "v": 0.10491946885159097}]}, {"source": 24, "prod": 0, "target": 2, "value": 0.14057000799966274, "supply": "[{\"l\":'Labor',\"v\":0.14057000799966274}]"}, {"source": 24, "prod": 0, "target": 3, "value": 0.012324104426395621, "supply": "[{\"l\":'Labor',\"v\":0.012324104426395621}]"}, {"source": 24, "prod": 0, "target": 4, "value": 0.11418600979104111, "supply": "[{\"l\":'Labor',\"v\":0.11418600979104111}]"}, {"source": 24, "prod": 0, "target": 5, "value": 0.019064753091536889, "supply": "[{\"l\":'Labor',\"v\":0.019064753091536889}]"}, {"source": 24, "prod": 0, "target": 6, "value": 0.13787953449812568, "supply": "[{\"l\":'Labor',\"v\":0.13787953449812568}]"}, {"source": 24, "prod": 0, "target": 10, "value": 0.00081003503272083892, "supply": "[{\"l\":'Labor',\"v\":0.00081003503272083892}]"}, {"source": 21, "prod": 0, "target": 16, "value": 3.9320346543802525, "supply": "[{\"l\":'Fossil Fuels',\"v\":3.9320346543802525}]"}, {"source": 22, "prod": 0, "target": 16, "value": 0.048737453452316545, "supply": "[{\"l\":'Renewables & Nuclear',\"v\":0.012828100894498057},{\"l\":'Biomass & Waste',\"v\":0.035909352557818484}]"}]}