{"nodes": [{"layer": 13, "name": "Animal Products", "fill": "#17becf"}, {"layer": 10, "name": "Feed", "fill": "#dbdb8d"}, {"layer": 5, "name": "Cereals", "fill": "#e7ba52"}, {"layer": 5, "name": "Oilcrops", "fill": "#ff9896"}, {"layer": 5, "name": "Starchy Roots"}, {"layer": 5, "name": "Fruits & Vegetables"}, {"layer": 13, "name": "Aquatic Products", "fill": "#1f77b4"}, {"layer": 13, "name": "Other Processed", "fill": "#9c9ede"}, {"layer": 16, "name": "Food", "fill": "#b5cf6b"}, {"layer": 13, "name": "Sugar", "fill": "#d6616b"}, {"layer": 5, "name": "Others"}, {"layer": 13, "name": "Vegetable Oils", "fill": "#f7b6d2"}, {"layer": 10, "name": "Processing", "fill": "#9edae5"}, {"layer": 5, "name": "Sugar Crops", "fill": "#ffbb78"}, {"layer": 16, "name": "Biofuels & Other", "fill": "#e7ba52"}, {"name": "Seed", "fill": "#dbdb8d"}, {"name": "Waste", "fill": "#c7c7c7"}, {"layer": 0, "name": "Import", "fill": "#aec7e8"}, {"layer": 16, "name": "Export", "fill": "#aec7e8"}, {"layer": 0, "name": "Stock Draw", "fill": "#c7c7c7"}, {"layer": 16, "name": "Stock Deposit", "fill": "#c7c7c7"}, {"layer": 0, "name": "Production", "fill": "#b5cf6b"}], "links": [{"source": 0, "prod": 0.092368744221726973, "target": 1, "value": 138.0, "supply": [{"l": "Milk - Excluding Butter", "v": 138.0}]}, {"source": 2, "prod": 22.180882879029781, "target": 1, "value": 8013.0, "supply": [{"l": "Maize", "v": 4164.0}, {"l": "Oats", "v": 111.0}, {"l": "Rye", "v": 34.0}, {"l": "Barley", "v": 739.0}, {"l": "Rice", "v": 17.0}, {"l": "Sorghum", "v": 2321.0}, {"l": "Cereals, Other", "v": 38.0}, {"l": "Wheat", "v": 567.0}, {"l": "Millet", "v": 22.0}]}, {"source": 3, "prod": 0.45369310611484709, "target": 1, "value": 76.0, "supply": [{"l": "Soyabeans", "v": 20.0}, {"l": "Cottonseed", "v": 2.0}, {"l": "Groundnuts", "v": 8.0}, {"l": "Oilcrops, Other", "v": 46.0}]}, {"source": 4, "prod": 1.3880893936756924, "target": 1, "value": 1572.0, "supply": [{"l": "Potatoes", "v": 621.0}, {"l": "Yams", "v": 4.0}, {"l": "Roots, Other", "v": 30.0}, {"l": "Sweet potatoes", "v": 917.0}]}, {"source": 5, "prod": 0.09858355285112122, "target": 1, "value": 25.0, "supply": [{"l": "Beans", "v": 11.0}, {"l": "Pulses, Other", "v": 14.0}]}, {"source": 6, "prod": 5.4049303462519198, "target": 1, "value": 5590.0, "supply": [{"l": "Molluscs, Other", "v": 355.0}, {"l": "Fish, Seafood", "v": 2699.0}, {"l": "Cephalopods", "v": 100.0}, {"l": "Pelagic Fish", "v": 1637.0}, {"l": "Aquatic Products, Other", "v": 96.0}, {"l": "Demersal Fish", "v": 607.0}, {"l": "Aquatic Plants", "v": 96.0}]}, {"source": 7, "prod": 6.4994301908519869, "target": 8, "value": 4366.0, "supply": [{"l": "Beer", "v": 2478.0}, {"l": "Beverages, Alcoholic", "v": 392.0}, {"l": "Fats, Animals, Raw", "v": 131.0}, {"l": "Butter, Ghee", "v": 32.0}, {"l": "Wine", "v": 23.0}, {"l": "Beverages, Fermented", "v": 1253.0}, {"l": "Fish, Body Oil", "v": 45.0}, {"l": "Fish, Liver Oil", "v": 12.0}]}, {"source": 0, "prod": 8.1044042120013291, "target": 8, "value": 7811.0, "supply": [{"l": "Pigmeat", "v": 588.0}, {"l": "Meat, Other", "v": 199.0}, {"l": "Eggs", "v": 1411.0}, {"l": "Mutton & Goat Meat", "v": 108.0}, {"l": "Poultry Meat", "v": 338.0}, {"l": "Milk - Excluding Butter", "v": 4868.0}, {"l": "Offals, Edible", "v": 112.0}, {"l": "Bovine Meat", "v": 187.0}]}, {"source": 2, "prod": 59.079541877325426, "target": 8, "value": 12863.0, "supply": [{"l": "Maize", "v": 638.0}, {"l": "Rye", "v": 36.0}, {"l": "Barley", "v": 533.0}, {"l": "Cereals, Other", "v": 26.0}, {"l": "Rice", "v": 7524.0}, {"l": "Wheat", "v": 4080.0}, {"l": "Oats", "v": 15.0}, {"l": "Sorghum", "v": 1.0}, {"l": "Millet", "v": 10.0}]}, {"source": 3, "prod": 5.19455756309734, "target": 8, "value": 923.0, "supply": [{"l": "Coconuts - Incl Copra", "v": 28.0}, {"l": "Sesame seed", "v": 19.0}, {"l": "Groundnuts", "v": 104.0}, {"l": "Soyabeans", "v": 764.0}, {"l": "Rape and Mustardseed", "v": 8.0}]}, {"source": 9, "prod": 12.171278971678795, "target": 8, "value": 2953.0, "supply": [{"l": "Sugar", "v": 2396.0}, {"l": "Sugar non-centrifugal", "v": 24.0}, {"l": "Sweeteners, Other", "v": 514.0}, {"l": "Honey", "v": 19.0}]}, {"source": 4, "prod": 4.5447049469752949, "target": 8, "value": 5164.0, "supply": [{"l": "Roots, Other", "v": 488.0}, {"l": "Yams", "v": 71.0}, {"l": "Potatoes", "v": 2639.0}, {"l": "Sweet potatoes", "v": 1966.0}]}, {"source": 5, "prod": 7.5208418961494843, "target": 8, "value": 19564.0, "supply": [{"l": "Tomatoes", "v": 732.0}, {"l": "Treenuts", "v": 69.0}, {"l": "Vegetables, Other", "v": 12102.0}, {"l": "Peas", "v": 20.0}, {"l": "Grapes", "v": 264.0}, {"l": "Dates", "v": 7.0}, {"l": "Grapefruit", "v": 1.0}, {"l": "Beans", "v": 308.0}, {"l": "Pulses, Other", "v": 32.0}, {"l": "Lemons, Limes", "v": 31.0}, {"l": "Pineapples", "v": 100.0}, {"l": "Bananas", "v": 531.0}, {"l": "Citrus, Other", "v": 74.0}, {"l": "Fruits, Other", "v": 1206.0}, {"l": "Oranges, Mandarines", "v": 2082.0}, {"l": "Onions", "v": 1002.0}, {"l": "Apples", "v": 1003.0}]}, {"source": 10, "prod": 0.31937424599241854, "target": 8, "value": 262.0, "supply": [{"l": "Nuts", "v": 69.0}, {"l": "Cocoa Beans", "v": 43.0}, {"l": "Coffee", "v": 54.0}, {"l": "Pimento", "v": 1.0}, {"l": "Pepper", "v": 2.0}, {"l": "Spices, Other", "v": 5.0}, {"l": "Tea", "v": 88.0}]}, {"source": 6, "prod": 11.37011024452595, "target": 8, "value": 12098.0, "supply": [{"l": "Aquatic Plants", "v": 130.0}, {"l": "Freshwater Fish", "v": 198.0}, {"l": "Crustaceans", "v": 164.0}, {"l": "Aquatic Products, Other", "v": 213.0}, {"l": "Marine Fish, Other", "v": 640.0}, {"l": "Demersal Fish", "v": 2095.0}, {"l": "Pelagic Fish", "v": 1730.0}, {"l": "Fish, Seafood", "v": 5836.0}, {"l": "Cephalopods", "v": 783.0}, {"l": "Molluscs, Other", "v": 226.0}, {"l": "Aquatic Animals, Others", "v": 83.0}]}, {"source": 11, "prod": 6.183949830003626, "target": 8, "value": 629.0, "supply": [{"l": "Ricebran Oil", "v": 51.0}, {"l": "Maize Germ Oil", "v": 22.0}, {"l": "Groundnut Oil", "v": 4.0}, {"l": "Soyabean Oil", "v": 284.0}, {"l": "Sunflowerseed Oil", "v": 41.0}, {"l": "Olive Oil", "v": 1.0}, {"l": "Coconut Oil", "v": 35.0}, {"l": "Rape and Mustard Oil", "v": 123.0}, {"l": "Oilcrops Oil, Other", "v": 30.0}, {"l": "Cottonseed Oil", "v": 33.0}, {"l": "Palmkernel Oil", "v": 5.0}]}, {"source": 2, "prod": 5.311316439456685, "target": 12, "value": 1314.0, "supply": [{"l": "Maize", "v": 288.0}, {"l": "Wheat", "v": 152.0}, {"l": "Oats", "v": 10.0}, {"l": "Barley", "v": 399.0}, {"l": "Rice", "v": 465.0}]}, {"source": 3, "prod": 16.349708875662206, "target": 12, "value": 3184.0, "supply": [{"l": "Sunflower seed", "v": 91.0}, {"l": "Soyabeans", "v": 1785.0}, {"l": "Coconuts - Incl Copra", "v": 444.0}, {"l": "Sesame seed", "v": 21.0}, {"l": "Cottonseed", "v": 230.0}, {"l": "Rape and Mustardseed", "v": 315.0}, {"l": "Groundnuts", "v": 20.0}, {"l": "Palm kernels", "v": 22.0}, {"l": "Oilcrops, Other", "v": 256.0}]}, {"source": 13, "prod": 3.5156949005998985, "target": 12, "value": 4828.0, "supply": [{"l": "Sugar beet", "v": 2110.0}, {"l": "Sugar cane", "v": 2718.0}]}, {"source": 9, "prod": 0.058129206503130658, "target": 12, "value": 17.0, "supply": [{"l": "Sweeteners, Other", "v": 17.0}]}, {"source": 4, "prod": 0.88785772079656899, "target": 12, "value": 996.0, "supply": [{"l": "Cassava", "v": 244.0}, {"l": "Potatoes", "v": 349.0}, {"l": "Sweet potatoes", "v": 403.0}]}, {"source": 5, "prod": 0.015613854376275865, "target": 12, "value": 32.0, "supply": [{"l": "Grapes", "v": 32.0}]}, {"source": 7, "prod": 3.6658515950579069, "target": 14, "value": 415.0, "supply": [{"l": "Fats, Animals, Raw", "v": 359.0}, {"l": "Fish, Body Oil", "v": 56.0}]}, {"source": 0, "prod": 0.00066933872624439839, "target": 14, "value": 1.0, "supply": [{"l": "Milk - Excluding Butter", "v": 1.0}]}, {"source": 2, "prod": 0.057630131218922472, "target": 14, "value": 26.0, "supply": [{"l": "Maize", "v": 26.0}]}, {"source": 3, "prod": 0.030321547561071433, "target": 14, "value": 5.0, "supply": [{"l": "Oilcrops, Other", "v": 5.0}]}, {"source": 4, "prod": 0.16539658894026874, "target": 14, "value": 181.0, "supply": [{"l": "Potatoes", "v": 4.0}, {"l": "Sweet potatoes", "v": 177.0}]}, {"source": 6, "prod": 0.3519467437338768, "target": 14, "value": 660.0, "supply": [{"l": "Freshwater Fish", "v": 2.0}, {"l": "Aquatic Animals, Others", "v": 1.0}, {"l": "Aquatic Plants", "v": 327.0}, {"l": "Aquatic Products, Other", "v": 328.0}, {"l": "Fish, Seafood", "v": 2.0}]}, {"source": 11, "prod": 2.5750661982750183, "target": 14, "value": 260.0, "supply": [{"l": "Ricebran Oil", "v": 35.0}, {"l": "Sesameseed Oil", "v": 9.0}, {"l": "Soyabean Oil", "v": 29.0}, {"l": "Coconut Oil", "v": 39.0}, {"l": "Palm Oil", "v": 30.0}, {"l": "Cottonseed Oil", "v": 14.0}, {"l": "Palmkernel Oil", "v": 6.0}, {"l": "Oilcrops Oil, Other", "v": 98.0}]}, {"source": 0, "prod": 0.081892053649192928, "target": 0, "value": 49.0, "supply": [{"l": "Eggs", "v": 49.0}]}, {"source": 2, "prod": 0.6554611760937632, "target": 15, "value": 133.0, "supply": [{"l": "Maize", "v": 1.0}, {"l": "Wheat", "v": 22.0}, {"l": "Oats", "v": 1.0}, {"l": "Barley", "v": 18.0}, {"l": "Rice", "v": 90.0}, {"l": "Cereals, Other", "v": 1.0}]}, {"source": 3, "prod": 0.046391640675153847, "target": 15, "value": 8.0, "supply": [{"l": "Soyabeans", "v": 6.0}, {"l": "Groundnuts", "v": 2.0}]}, {"source": 4, "prod": 0.44713813715895612, "target": 15, "value": 513.0, "supply": [{"l": "Potatoes", "v": 311.0}, {"l": "Roots, Other", "v": 53.0}, {"l": "Yams", "v": 6.0}, {"l": "Sweet potatoes", "v": 143.0}]}, {"source": 5, "prod": 0.054641541271888999, "target": 15, "value": 14.0, "supply": [{"l": "Beans", "v": 13.0}, {"l": "Pulses, Other", "v": 1.0}]}, {"source": 6, "prod": 0.047689136399111973, "target": 6, "value": 60.0, "supply": [{"l": "Cephalopods", "v": 30.0}, {"l": "Fish, Seafood", "v": 30.0}]}, {"source": 0, "prod": 0.092488844963362751, "target": 16, "value": 55.0, "supply": [{"l": "Pigmeat", "v": 12.0}, {"l": "Eggs", "v": 29.0}, {"l": "Meat, Other", "v": 1.0}, {"l": "Mutton & Goat Meat", "v": 2.0}, {"l": "Bovine Meat", "v": 4.0}, {"l": "Poultry Meat", "v": 7.0}]}, {"source": 2, "prod": 1.3169524876078906, "target": 16, "value": 295.0, "supply": [{"l": "Maize", "v": 1.0}, {"l": "Barley", "v": 16.0}, {"l": "Rice", "v": 151.0}, {"l": "Wheat", "v": 127.0}]}, {"source": 3, "prod": 0.091659393777465667, "target": 16, "value": 16.0, "supply": [{"l": "Soyabeans", "v": 8.0}, {"l": "Sunflower seed", "v": 1.0}, {"l": "Rape and Mustardseed", "v": 1.0}, {"l": "Groundnuts", "v": 1.0}, {"l": "Oilcrops, Other", "v": 5.0}]}, {"source": 9, "prod": 0.081233125353879276, "target": 16, "value": 19.0, "supply": [{"l": "Sugar", "v": 19.0}]}, {"source": 4, "prod": 0.24203169455373233, "target": 16, "value": 274.0, "supply": [{"l": "Potatoes", "v": 133.0}, {"l": "Yams", "v": 4.0}, {"l": "Roots, Other", "v": 30.0}, {"l": "Sweet potatoes", "v": 107.0}]}, {"source": 5, "prod": 0.90223660380062054, "target": 16, "value": 2559.0, "supply": [{"l": "Dates", "v": 1.0}, {"l": "Vegetables, Other", "v": 1436.0}, {"l": "Grapes", "v": 46.0}, {"l": "Citrus, Other", "v": 13.0}, {"l": "Pineapples", "v": 10.0}, {"l": "Beans", "v": 13.0}, {"l": "Tomatoes", "v": 119.0}, {"l": "Lemons, Limes", "v": 5.0}, {"l": "Bananas", "v": 109.0}, {"l": "Treenuts", "v": 6.0}, {"l": "Apples", "v": 114.0}, {"l": "Peas", "v": 1.0}, {"l": "Oranges, Mandarines", "v": 392.0}, {"l": "Onions", "v": 53.0}, {"l": "Fruits, Other", "v": 240.0}, {"l": "Pulses, Other", "v": 1.0}]}, {"source": 10, "prod": 0.01123680880204412, "target": 16, "value": 6.0, "supply": [{"l": "Nuts", "v": 6.0}]}, {"source": 11, "prod": 0.030187595455021782, "target": 16, "value": 3.0, "supply": [{"l": "Oilcrops Oil, Other", "v": 1.0}, {"l": "Soyabean Oil", "v": 2.0}]}, {"source": 17, "prod": 0.19876922459980925, "target": 10, "value": 133.0, "supply": [{"l": "Cocoa Beans", "v": 44.0}, {"l": "Coffee", "v": 49.0}, {"l": "Nuts", "v": 27.0}, {"l": "Pimento", "v": 1.0}, {"l": "Pepper", "v": 2.0}, {"l": "Spices, Other", "v": 5.0}, {"l": "Tea", "v": 5.0}]}, {"source": 17, "prod": 3.5200975660794871, "target": 1, "value": 3619.0, "supply": [{"l": "Pigmeat", "v": 11.0}, {"l": "Meat, Other", "v": 50.0}, {"l": "Crustaceans", "v": 42.0}, {"l": "Eggs", "v": 25.0}, {"l": "Aquatic Products, Other", "v": 104.0}, {"l": "Demersal Fish", "v": 8.0}, {"l": "Mutton & Goat Meat", "v": 109.0}, {"l": "Poultry Meat", "v": 16.0}, {"l": "Freshwater Fish", "v": 10.0}, {"l": "Milk - Excluding Butter", "v": 1024.0}, {"l": "Pelagic Fish", "v": 922.0}, {"l": "Fish, Seafood", "v": 1078.0}, {"l": "Cephalopods", "v": 53.0}, {"l": "Aquatic Plants", "v": 61.0}, {"l": "Molluscs, Other", "v": 43.0}, {"l": "Aquatic Animals, Others", "v": 43.0}, {"l": "Offals, Edible", "v": 4.0}, {"l": "Bovine Meat", "v": 16.0}]}, {"source": 17, "prod": 12.969667216936481, "target": 12, "value": 2628.0, "supply": [{"l": "Sugar", "v": 1817.0}, {"l": "Beer", "v": 1.0}, {"l": "Beverages, Alcoholic", "v": 5.0}, {"l": "Sugar non-centrifugal", "v": 4.0}, {"l": "Fats, Animals, Raw", "v": 383.0}, {"l": "Palm Oil", "v": 34.0}, {"l": "Olive Oil", "v": 1.0}, {"l": "Oilcrops Oil, Other", "v": 21.0}, {"l": "Wine", "v": 1.0}, {"l": "Sweeteners, Other", "v": 341.0}, {"l": "Fish, Body Oil", "v": 6.0}, {"l": "Honey", "v": 11.0}, {"l": "Cottonseed Oil", "v": 2.0}, {"l": "Palmkernel Oil", "v": 1.0}]}, {"source": 17, "prod": 36.312667892997148, "target": 2, "value": 12639.0, "supply": [{"l": "Maize", "v": 5145.0}, {"l": "Rye", "v": 66.0}, {"l": "Barley", "v": 759.0}, {"l": "Cereals, Other", "v": 42.0}, {"l": "Rice", "v": 202.0}, {"l": "Wheat", "v": 4075.0}, {"l": "Oats", "v": 24.0}, {"l": "Sorghum", "v": 2314.0}, {"l": "Millet", "v": 12.0}]}, {"source": 17, "prod": 1.2377419829649337, "target": 5, "value": 1129.0, "supply": [{"l": "Fruits, Other", "v": 18.0}, {"l": "Grapefruit", "v": 1.0}, {"l": "Treenuts", "v": 27.0}, {"l": "Vegetables, Other", "v": 92.0}, {"l": "Peas", "v": 13.0}, {"l": "Grapes", "v": 73.0}, {"l": "Dates", "v": 7.0}, {"l": "Beans", "v": 110.0}, {"l": "Pulses, Other", "v": 29.0}, {"l": "Lemons, Limes", "v": 36.0}, {"l": "Pineapples", "v": 35.0}, {"l": "Bananas", "v": 638.0}, {"l": "Oranges, Mandarines", "v": 21.0}, {"l": "Onions", "v": 29.0}]}, {"source": 17, "prod": 20.214075559244066, "target": 3, "value": 3917.0, "supply": [{"l": "Sunflower seed", "v": 71.0}, {"l": "Coconuts - Incl Copra", "v": 532.0}, {"l": "Sesame seed", "v": 39.0}, {"l": "Cottonseed", "v": 246.0}, {"l": "Groundnuts", "v": 49.0}, {"l": "Oilcrops, Other", "v": 278.0}, {"l": "Soyabeans", "v": 2421.0}, {"l": "Rape and Mustardseed", "v": 258.0}, {"l": "Palm kernels", "v": 23.0}]}, {"source": 17, "prod": 0.22966427539745599, "target": 4, "value": 244.0, "supply": [{"l": "Cassava", "v": 244.0}]}, {"source": 7, "prod": 0.39965789638543653, "target": 18, "value": 52.0, "supply": [{"l": "Beer", "v": 11.0}, {"l": "Beverages, Alcoholic", "v": 1.0}, {"l": "Fats, Animals, Raw", "v": 12.0}, {"l": "Beverages, Fermented", "v": 1.0}, {"l": "Fish, Body Oil", "v": 27.0}]}, {"source": 0, "prod": 0.049908384660700411, "target": 18, "value": 55.0, "supply": [{"l": "Milk - Excluding Butter", "v": 34.0}, {"l": "Meat, Other", "v": 21.0}]}, {"source": 2, "prod": 0.4129434521807302, "target": 18, "value": 131.0, "supply": [{"l": "Wheat", "v": 131.0}]}, {"source": 9, "prod": 0.1487790200366419, "target": 18, "value": 36.0, "supply": [{"l": "Sugar", "v": 30.0}, {"l": "Sweeteners, Other", "v": 6.0}]}, {"source": 4, "prod": 0.00082853367618082683, "target": 18, "value": 1.0, "supply": [{"l": "Potatoes", "v": 1.0}]}, {"source": 5, "prod": 0.07334513620732154, "target": 18, "value": 217.0, "supply": [{"l": "Fruits, Other", "v": 5.0}, {"l": "Apples", "v": 20.0}, {"l": "Vegetables, Other", "v": 29.0}, {"l": "Oranges, Mandarines", "v": 159.0}, {"l": "Onions", "v": 4.0}]}, {"source": 10, "prod": 0.0084636538671201827, "target": 18, "value": 5.0, "supply": [{"l": "Cocoa Beans", "v": 1.0}, {"l": "Tea", "v": 2.0}, {"l": "Pimento", "v": 2.0}]}, {"source": 6, "prod": 1.3466643292216169, "target": 18, "value": 1372.0, "supply": [{"l": "Molluscs, Other", "v": 59.0}, {"l": "Freshwater Fish", "v": 68.0}, {"l": "Crustaceans", "v": 66.0}, {"l": "Fish, Seafood", "v": 673.0}, {"l": "Pelagic Fish", "v": 345.0}, {"l": "Aquatic Plants", "v": 13.0}, {"l": "Cephalopods", "v": 16.0}, {"l": "Demersal Fish", "v": 119.0}, {"l": "Aquatic Products, Other", "v": 13.0}]}, {"source": 11, "prod": 0.21001299063408846, "target": 18, "value": 21.0, "supply": [{"l": "Ricebran Oil", "v": 1.0}, {"l": "Rape and Mustard Oil", "v": 3.0}, {"l": "Groundnut Oil", "v": 2.0}, {"l": "Oilcrops Oil, Other", "v": 7.0}, {"l": "Sesameseed Oil", "v": 1.0}, {"l": "Soyabean Oil", "v": 5.0}, {"l": "Palm Oil", "v": 1.0}, {"l": "Palmkernel Oil", "v": 1.0}]}, {"source": 19, "prod": 0.066250096048190169, "target": 5, "value": 17.0, "supply": [{"l": "Beans", "v": 17.0}]}, {"source": 19, "prod": 0.21666123984547403, "target": 3, "value": 43.0, "supply": [{"l": "Sunflower seed", "v": 20.0}, {"l": "Oilcrops, Other", "v": 23.0}]}, {"source": 7, "prod": 0.42779237644302326, "target": 20, "value": 50.0, "supply": [{"l": "Fats, Animals, Raw", "v": 50.0}]}, {"source": 2, "prod": 9.1231742538740335, "target": 20, "value": 1690.0, "supply": [{"l": "Maize", "v": 78.0}, {"l": "Wheat", "v": 8.0}, {"l": "Barley", "v": 74.0}, {"l": "Rice", "v": 1530.0}]}, {"source": 19, "prod": 0.078374356739223744, "target": 1, "value": 72.0, "supply": [{"l": "Freshwater Fish", "v": 36.0}, {"l": "Fish, Seafood", "v": 36.0}]}, {"source": 11, "prod": 0.02122508329275, "target": 20, "value": 2.0, "supply": [{"l": "Palm Oil", "v": 2.0}]}, {"source": 3, "prod": 0.22911439983653281, "target": 20, "value": 83.0, "supply": [{"l": "Coconuts - Incl Copra", "v": 60.0}, {"l": "Soyabeans", "v": 6.0}, {"l": "Cottonseed", "v": 14.0}, {"l": "Rape and Mustardseed", "v": 2.0}, {"l": "Palm kernels", "v": 1.0}]}, {"source": 19, "prod": 0.0039305709801388897, "target": 10, "value": 5.0, "supply": [{"l": "Coffee", "v": 5.0}]}, {"source": 19, "prod": 0.035626384031624027, "target": 2, "value": 12.0, "supply": [{"l": "Rye", "v": 4.0}, {"l": "Sorghum", "v": 8.0}]}, {"source": 21, "prod": 61.733471290370836, "target": 2, "value": 11794.0, "supply": [{"l": "Maize", "v": 51.0}, {"l": "Barley", "v": 1021.0}, {"l": "Cereals, Other", "v": 22.0}, {"l": "Rice", "v": 9575.0}, {"l": "Wheat", "v": 1012.0}, {"l": "Oats", "v": 93.0}, {"l": "Millet", "v": 20.0}]}, {"source": 21, "prod": 1.9547863120696318, "target": 3, "value": 333.0, "supply": [{"l": "Sesame seed", "v": 1.0}, {"l": "Groundnuts", "v": 86.0}, {"l": "Oilcrops, Other", "v": 10.0}, {"l": "Soyabeans", "v": 168.0}, {"l": "Rape and Mustardseed", "v": 68.0}]}, {"source": 21, "prod": 3.5156949005998985, "target": 13, "value": 4828.0, "supply": [{"l": "Sugar beet", "v": 2110.0}, {"l": "Sugar cane", "v": 2718.0}]}, {"source": 21, "prod": 7.4472112740554195, "target": 4, "value": 8458.0, "supply": [{"l": "Roots, Other", "v": 601.0}, {"l": "Yams", "v": 85.0}, {"l": "Potatoes", "v": 4059.0}, {"l": "Sweet potatoes", "v": 3713.0}]}, {"source": 21, "prod": 7.3687627476477466, "target": 5, "value": 21266.0, "supply": [{"l": "Tomatoes", "v": 851.0}, {"l": "Treenuts", "v": 48.0}, {"l": "Vegetables, Other", "v": 13475.0}, {"l": "Peas", "v": 8.0}, {"l": "Grapes", "v": 269.0}, {"l": "Pineapples", "v": 75.0}, {"l": "Beans", "v": 219.0}, {"l": "Pulses, Other", "v": 20.0}, {"l": "Bananas", "v": 2.0}, {"l": "Citrus, Other", "v": 88.0}, {"l": "Fruits, Other", "v": 1433.0}, {"l": "Oranges, Mandarines", "v": 2612.0}, {"l": "Onions", "v": 1030.0}, {"l": "Apples", "v": 1136.0}]}, {"source": 21, "prod": 0.13637491308163466, "target": 10, "value": 135.0, "supply": [{"l": "Nuts", "v": 48.0}, {"l": "Pimento", "v": 2.0}, {"l": "Tea", "v": 85.0}]}, {"source": 1, "prod": 18.473651663733364, "target": 6, "value": 19720.0, "supply": [{"l": "Pelagic Fish", "v": 3712.0}, {"l": "Crustaceans", "v": 230.0}, {"l": "Freshwater Fish", "v": 268.0}, {"l": "Molluscs, Other", "v": 640.0}, {"l": "Aquatic Animals, Others", "v": 84.0}, {"l": "Demersal Fish", "v": 2821.0}, {"l": "Aquatic Products, Other", "v": 650.0}, {"l": "Fish, Seafood", "v": 9240.0}, {"l": "Aquatic Plants", "v": 566.0}, {"l": "Cephalopods", "v": 929.0}, {"l": "Marine Fish, Other", "v": 640.0}]}, {"source": 1, "prod": 8.3398395245733621, "target": 0, "value": 8060.0, "supply": [{"l": "Poultry Meat", "v": 345.0}, {"l": "Pigmeat", "v": 600.0}, {"l": "Bovine Meat", "v": 191.0}, {"l": "Eggs", "v": 1489.0}, {"l": "Milk - Excluding Butter", "v": 5041.0}, {"l": "Offals, Edible", "v": 112.0}, {"l": "Meat, Other", "v": 221.0}, {"l": "Mutton & Goat Meat", "v": 110.0}]}, {"source": 12, "prod": 10.992732058738353, "target": 7, "value": 4883.0, "supply": [{"l": "Fats, Animals, Raw", "v": 552.0}, {"l": "Beverages, Fermented", "v": 1254.0}, {"l": "Fish, Body Oil", "v": 128.0}, {"l": "Beer", "v": 2489.0}, {"l": "Beverages, Alcoholic", "v": 393.0}, {"l": "Fish, Liver Oil", "v": 12.0}, {"l": "Butter, Ghee", "v": 32.0}, {"l": "Wine", "v": 23.0}]}, {"source": 12, "prod": 9.0204416976605053, "target": 11, "value": 915.0, "supply": [{"l": "Olive Oil", "v": 1.0}, {"l": "Ricebran Oil", "v": 87.0}, {"l": "Sesameseed Oil", "v": 10.0}, {"l": "Soyabean Oil", "v": 320.0}, {"l": "Coconut Oil", "v": 74.0}, {"l": "Rape and Mustard Oil", "v": 126.0}, {"l": "Maize Germ Oil", "v": 22.0}, {"l": "Groundnut Oil", "v": 6.0}, {"l": "Cottonseed Oil", "v": 47.0}, {"l": "Palmkernel Oil", "v": 12.0}, {"l": "Oilcrops Oil, Other", "v": 136.0}, {"l": "Palm Oil", "v": 33.0}, {"l": "Sunflowerseed Oil", "v": 41.0}]}, {"source": 12, "prod": 12.459420323572447, "target": 9, "value": 3025.0, "supply": [{"l": "Honey", "v": 19.0}, {"l": "Sweeteners, Other", "v": 537.0}, {"l": "Sugar non-centrifugal", "v": 24.0}, {"l": "Sugar", "v": 2445.0}]}]}