{"nodes": [{"layer": 13, "name": "Animal Products", "fill": "#17becf"}, {"layer": 10, "name": "Feed", "fill": "#dbdb8d"}, {"layer": 5, "name": "Cereals", "fill": "#e7ba52"}, {"layer": 5, "name": "Oilcrops", "fill": "#ff9896"}, {"layer": 5, "name": "Starchy Roots"}, {"layer": 5, "name": "Fruits & Vegetables"}, {"layer": 13, "name": "Aquatic Products", "fill": "#1f77b4"}, {"layer": 13, "name": "Other Processed", "fill": "#9c9ede"}, {"layer": 16, "name": "Food", "fill": "#b5cf6b"}, {"layer": 13, "name": "Sugar", "fill": "#d6616b"}, {"layer": 5, "name": "Others"}, {"layer": 13, "name": "Vegetable Oils", "fill": "#f7b6d2"}, {"layer": 10, "name": "Processing", "fill": "#9edae5"}, {"layer": 5, "name": "Sugar Crops", "fill": "#ffbb78"}, {"layer": 16, "name": "Biofuels & Other", "fill": "#e7ba52"}, {"name": "Seed", "fill": "#dbdb8d"}, {"name": "Waste", "fill": "#c7c7c7"}, {"layer": 0, "name": "Import", "fill": "#aec7e8"}, {"layer": 16, "name": "Export", "fill": "#aec7e8"}, {"layer": 0, "name": "Stock Draw", "fill": "#c7c7c7"}, {"layer": 16, "name": "Stock Deposit", "fill": "#c7c7c7"}, {"layer": 0, "name": "Production", "fill": "#b5cf6b"}], "links": [{"source": 0, "prod": 0.1420365163749818, "target": 1, "value": 207.0, "supply": [{"l": "Milk - Excluding Butter", "v": 207.0}]}, {"source": 2, "prod": 19.601340025052373, "target": 1, "value": 6925.0, "supply": [{"l": "Maize", "v": 3243.0}, {"l": "Oats", "v": 111.0}, {"l": "Rye", "v": 30.0}, {"l": "Barley", "v": 694.0}, {"l": "Rice", "v": 19.0}, {"l": "Sorghum", "v": 2228.0}, {"l": "Cereals, Other", "v": 34.0}, {"l": "Wheat", "v": 543.0}, {"l": "Millet", "v": 23.0}]}, {"source": 3, "prod": 0.33399373099277641, "target": 1, "value": 55.0, "supply": [{"l": "Soyabeans", "v": 10.0}, {"l": "Cottonseed", "v": 2.0}, {"l": "Groundnuts", "v": 10.0}, {"l": "Oilcrops, Other", "v": 33.0}]}, {"source": 4, "prod": 1.6206467377427538, "target": 1, "value": 1854.0, "supply": [{"l": "Potatoes", "v": 637.0}, {"l": "Yams", "v": 4.0}, {"l": "Roots, Other", "v": 31.0}, {"l": "Sweet potatoes", "v": 1182.0}]}, {"source": 5, "prod": 0.089556753008540282, "target": 1, "value": 21.0, "supply": [{"l": "Beans", "v": 4.0}, {"l": "Pulses, Other", "v": 17.0}]}, {"source": 6, "prod": 3.197748574043374, "target": 1, "value": 3306.0, "supply": [{"l": "Molluscs, Other", "v": 290.0}, {"l": "Fish, Seafood", "v": 1566.0}, {"l": "Pelagic Fish", "v": 1045.0}, {"l": "Aquatic Products, Other", "v": 87.0}, {"l": "Demersal Fish", "v": 231.0}, {"l": "Aquatic Plants", "v": 87.0}]}, {"source": 7, "prod": 5.9486551209357339, "target": 8, "value": 3869.0, "supply": [{"l": "Beer", "v": 2164.0}, {"l": "Beverages, Alcoholic", "v": 382.0}, {"l": "Fats, Animals, Raw", "v": 141.0}, {"l": "Butter, Ghee", "v": 32.0}, {"l": "Wine", "v": 11.0}, {"l": "Beverages, Fermented", "v": 1099.0}, {"l": "Fish, Body Oil", "v": 29.0}, {"l": "Fish, Liver Oil", "v": 11.0}]}, {"source": 0, "prod": 6.9810739790369061, "target": 8, "value": 6649.0, "supply": [{"l": "Pigmeat", "v": 554.0}, {"l": "Meat, Other", "v": 240.0}, {"l": "Eggs", "v": 1171.0}, {"l": "Mutton & Goat Meat", "v": 92.0}, {"l": "Poultry Meat", "v": 243.0}, {"l": "Milk - Excluding Butter", "v": 4083.0}, {"l": "Offals, Edible", "v": 99.0}, {"l": "Bovine Meat", "v": 167.0}]}, {"source": 2, "prod": 59.756404944653546, "target": 8, "value": 12763.0, "supply": [{"l": "Maize", "v": 335.0}, {"l": "Rye", "v": 29.0}, {"l": "Barley", "v": 603.0}, {"l": "Cereals, Other", "v": 17.0}, {"l": "Rice", "v": 7771.0}, {"l": "Wheat", "v": 3974.0}, {"l": "Oats", "v": 12.0}, {"l": "Sorghum", "v": 2.0}, {"l": "Millet", "v": 20.0}]}, {"source": 3, "prod": 4.9850375969515541, "target": 8, "value": 849.0, "supply": [{"l": "Coconuts - Incl Copra", "v": 5.0}, {"l": "Sesame seed", "v": 22.0}, {"l": "Groundnuts", "v": 106.0}, {"l": "Soyabeans", "v": 710.0}, {"l": "Rape and Mustardseed", "v": 6.0}]}, {"source": 9, "prod": 9.8176671627656411, "target": 8, "value": 2351.0, "supply": [{"l": "Sugar", "v": 2083.0}, {"l": "Sugar non-centrifugal", "v": 29.0}, {"l": "Sweeteners, Other", "v": 221.0}, {"l": "Honey", "v": 18.0}]}, {"source": 4, "prod": 5.0583520211205801, "target": 8, "value": 5769.0, "supply": [{"l": "Roots, Other", "v": 499.0}, {"l": "Yams", "v": 62.0}, {"l": "Sweet potatoes", "v": 3022.0}, {"l": "Potatoes", "v": 2186.0}]}, {"source": 5, "prod": 6.7960366349248122, "target": 8, "value": 17159.0, "supply": [{"l": "Tomatoes", "v": 541.0}, {"l": "Treenuts", "v": 53.0}, {"l": "Vegetables, Other", "v": 10885.0}, {"l": "Peas", "v": 23.0}, {"l": "Grapes", "v": 251.0}, {"l": "Dates", "v": 7.0}, {"l": "Beans", "v": 290.0}, {"l": "Pulses, Other", "v": 39.0}, {"l": "Lemons, Limes", "v": 20.0}, {"l": "Pineapples", "v": 107.0}, {"l": "Bananas", "v": 347.0}, {"l": "Citrus, Other", "v": 45.0}, {"l": "Fruits, Other", "v": 1052.0}, {"l": "Grapefruit", "v": 1.0}, {"l": "Oranges, Mandarines", "v": 1575.0}, {"l": "Onions", "v": 986.0}, {"l": "Apples", "v": 937.0}]}, {"source": 10, "prod": 0.31839895974861754, "target": 8, "value": 234.0, "supply": [{"l": "Nuts", "v": 53.0}, {"l": "Cocoa Beans", "v": 47.0}, {"l": "Coffee", "v": 40.0}, {"l": "Pimento", "v": 1.0}, {"l": "Pepper", "v": 1.0}, {"l": "Spices, Other", "v": 4.0}, {"l": "Tea", "v": 88.0}]}, {"source": 6, "prod": 10.250922634751497, "target": 8, "value": 10584.0, "supply": [{"l": "Aquatic Plants", "v": 130.0}, {"l": "Freshwater Fish", "v": 141.0}, {"l": "Crustaceans", "v": 138.0}, {"l": "Aquatic Products, Other", "v": 214.0}, {"l": "Marine Fish, Other", "v": 537.0}, {"l": "Demersal Fish", "v": 1520.0}, {"l": "Pelagic Fish", "v": 1880.0}, {"l": "Fish, Seafood", "v": 5078.0}, {"l": "Cephalopods", "v": 560.0}, {"l": "Molluscs, Other", "v": 302.0}, {"l": "Aquatic Animals, Others", "v": 84.0}]}, {"source": 11, "prod": 5.5334042877078424, "target": 8, "value": 553.0, "supply": [{"l": "Ricebran Oil", "v": 58.0}, {"l": "Maize Germ Oil", "v": 13.0}, {"l": "Groundnut Oil", "v": 5.0}, {"l": "Soyabean Oil", "v": 260.0}, {"l": "Sunflowerseed Oil", "v": 3.0}, {"l": "Coconut Oil", "v": 30.0}, {"l": "Rape and Mustard Oil", "v": 108.0}, {"l": "Oilcrops Oil, Other", "v": 43.0}, {"l": "Cottonseed Oil", "v": 28.0}, {"l": "Palmkernel Oil", "v": 5.0}]}, {"source": 2, "prod": 4.9591495121260589, "target": 12, "value": 1225.0, "supply": [{"l": "Maize", "v": 286.0}, {"l": "Wheat", "v": 152.0}, {"l": "Oats", "v": 11.0}, {"l": "Barley", "v": 351.0}, {"l": "Rice", "v": 425.0}]}, {"source": 3, "prod": 15.347742326947788, "target": 12, "value": 2882.0, "supply": [{"l": "Sunflower seed", "v": 7.0}, {"l": "Soyabeans", "v": 1551.0}, {"l": "Coconuts - Incl Copra", "v": 408.0}, {"l": "Sesame seed", "v": 19.0}, {"l": "Cottonseed", "v": 230.0}, {"l": "Rape and Mustardseed", "v": 290.0}, {"l": "Groundnuts", "v": 17.0}, {"l": "Palm kernels", "v": 22.0}, {"l": "Oilcrops, Other", "v": 338.0}]}, {"source": 13, "prod": 2.7092663970906425, "target": 12, "value": 4235.0, "supply": [{"l": "Sugar beet", "v": 1639.0}, {"l": "Sugar cane", "v": 2596.0}]}, {"source": 9, "prod": 0.099050388699500017, "target": 12, "value": 35.0, "supply": [{"l": "Sweeteners, Other", "v": 35.0}]}, {"source": 4, "prod": 0.35068120344602594, "target": 12, "value": 395.0, "supply": [{"l": "Cassava", "v": 89.0}, {"l": "Potatoes", "v": 71.0}, {"l": "Sweet potatoes", "v": 235.0}]}, {"source": 5, "prod": 0.0069917921434941169, "target": 12, "value": 14.0, "supply": [{"l": "Grapes", "v": 14.0}]}, {"source": 7, "prod": 3.1974382649658466, "target": 14, "value": 377.0, "supply": [{"l": "Fats, Animals, Raw", "v": 344.0}, {"l": "Fish, Body Oil", "v": 33.0}]}, {"source": 0, "prod": 0.00068616674577285893, "target": 14, "value": 1.0, "supply": [{"l": "Milk - Excluding Butter", "v": 1.0}]}, {"source": 2, "prod": 0.042699873447767649, "target": 14, "value": 18.0, "supply": [{"l": "Maize", "v": 18.0}]}, {"source": 3, "prod": 0.018192928536642859, "target": 14, "value": 3.0, "supply": [{"l": "Oilcrops, Other", "v": 3.0}]}, {"source": 4, "prod": 0.20309587128838366, "target": 14, "value": 227.0, "supply": [{"l": "Potatoes", "v": 13.0}, {"l": "Sweet potatoes", "v": 214.0}]}, {"source": 6, "prod": 0.3213941408247315, "target": 14, "value": 614.0, "supply": [{"l": "Freshwater Fish", "v": 3.0}, {"l": "Aquatic Animals, Others", "v": 1.0}, {"l": "Aquatic Plants", "v": 303.0}, {"l": "Aquatic Products, Other", "v": 304.0}, {"l": "Fish, Seafood", "v": 3.0}]}, {"source": 11, "prod": 2.4636701998830768, "target": 14, "value": 239.0, "supply": [{"l": "Ricebran Oil", "v": 23.0}, {"l": "Sesameseed Oil", "v": 8.0}, {"l": "Soyabean Oil", "v": 12.0}, {"l": "Coconut Oil", "v": 38.0}, {"l": "Palm Oil", "v": 24.0}, {"l": "Cottonseed Oil", "v": 21.0}, {"l": "Palmkernel Oil", "v": 4.0}, {"l": "Oilcrops Oil, Other", "v": 109.0}]}, {"source": 0, "prod": 0.063764505905553395, "target": 0, "value": 38.0, "supply": [{"l": "Eggs", "v": 38.0}]}, {"source": 2, "prod": 0.65748722896654366, "target": 15, "value": 134.0, "supply": [{"l": "Maize", "v": 1.0}, {"l": "Wheat", "v": 22.0}, {"l": "Oats", "v": 2.0}, {"l": "Barley", "v": 19.0}, {"l": "Rice", "v": 89.0}, {"l": "Cereals, Other", "v": 1.0}]}, {"source": 3, "prod": 0.064624706920562477, "target": 15, "value": 11.0, "supply": [{"l": "Soyabeans", "v": 9.0}, {"l": "Groundnuts", "v": 2.0}]}, {"source": 4, "prod": 0.5253413476216755, "target": 15, "value": 611.0, "supply": [{"l": "Potatoes", "v": 358.0}, {"l": "Roots, Other", "v": 52.0}, {"l": "Yams", "v": 5.0}, {"l": "Sweet potatoes", "v": 196.0}]}, {"source": 5, "prod": 0.082527846676912514, "target": 15, "value": 21.0, "supply": [{"l": "Beans", "v": 19.0}, {"l": "Pulses, Other", "v": 2.0}]}, {"source": 6, "prod": 0.049685953538943041, "target": 6, "value": 60.0, "supply": [{"l": "Cephalopods", "v": 30.0}, {"l": "Fish, Seafood", "v": 30.0}]}, {"source": 0, "prod": 0.079153474699077145, "target": 16, "value": 47.0, "supply": [{"l": "Pigmeat", "v": 11.0}, {"l": "Eggs", "v": 25.0}, {"l": "Meat, Other", "v": 1.0}, {"l": "Mutton & Goat Meat", "v": 2.0}, {"l": "Bovine Meat", "v": 3.0}, {"l": "Poultry Meat", "v": 5.0}]}, {"source": 2, "prod": 1.3084749342811508, "target": 16, "value": 293.0, "supply": [{"l": "Maize", "v": 1.0}, {"l": "Barley", "v": 19.0}, {"l": "Rice", "v": 149.0}, {"l": "Wheat", "v": 124.0}]}, {"source": 3, "prod": 0.089176328926323239, "target": 16, "value": 15.0, "supply": [{"l": "Soyabeans", "v": 8.0}, {"l": "Rape and Mustardseed", "v": 1.0}, {"l": "Groundnuts", "v": 1.0}, {"l": "Oilcrops, Other", "v": 5.0}]}, {"source": 9, "prod": 0.073359507739953894, "target": 16, "value": 17.0, "supply": [{"l": "Sugar", "v": 17.0}]}, {"source": 4, "prod": 0.21896540178657523, "target": 16, "value": 251.0, "supply": [{"l": "Potatoes", "v": 120.0}, {"l": "Yams", "v": 4.0}, {"l": "Roots, Other", "v": 31.0}, {"l": "Sweet potatoes", "v": 96.0}]}, {"source": 5, "prod": 0.78560650753990846, "target": 16, "value": 2182.0, "supply": [{"l": "Dates", "v": 1.0}, {"l": "Vegetables, Other", "v": 1272.0}, {"l": "Grapes", "v": 39.0}, {"l": "Citrus, Other", "v": 8.0}, {"l": "Pineapples", "v": 11.0}, {"l": "Beans", "v": 12.0}, {"l": "Tomatoes", "v": 88.0}, {"l": "Lemons, Limes", "v": 3.0}, {"l": "Bananas", "v": 71.0}, {"l": "Treenuts", "v": 5.0}, {"l": "Apples", "v": 106.0}, {"l": "Peas", "v": 1.0}, {"l": "Oranges, Mandarines", "v": 300.0}, {"l": "Onions", "v": 52.0}, {"l": "Fruits, Other", "v": 211.0}, {"l": "Pulses, Other", "v": 2.0}]}, {"source": 10, "prod": 0.011791712940416669, "target": 16, "value": 5.0, "supply": [{"l": "Nuts", "v": 5.0}]}, {"source": 11, "prod": 0.030798059548817654, "target": 16, "value": 3.0, "supply": [{"l": "Oilcrops Oil, Other", "v": 1.0}, {"l": "Soyabean Oil", "v": 2.0}]}, {"source": 17, "prod": 0.22172630258695217, "target": 10, "value": 134.0, "supply": [{"l": "Cocoa Beans", "v": 47.0}, {"l": "Coffee", "v": 50.0}, {"l": "Nuts", "v": 24.0}, {"l": "Pimento", "v": 1.0}, {"l": "Pepper", "v": 1.0}, {"l": "Spices, Other", "v": 4.0}, {"l": "Tea", "v": 7.0}]}, {"source": 17, "prod": 2.7282591796508049, "target": 1, "value": 2914.0, "supply": [{"l": "Meat, Other", "v": 52.0}, {"l": "Crustaceans", "v": 45.0}, {"l": "Eggs", "v": 4.0}, {"l": "Aquatic Products, Other", "v": 143.0}, {"l": "Demersal Fish", "v": 14.0}, {"l": "Mutton & Goat Meat", "v": 92.0}, {"l": "Poultry Meat", "v": 8.0}, {"l": "Freshwater Fish", "v": 8.0}, {"l": "Milk - Excluding Butter", "v": 898.0}, {"l": "Pelagic Fish", "v": 611.0}, {"l": "Fish, Seafood", "v": 778.0}, {"l": "Cephalopods", "v": 53.0}, {"l": "Aquatic Plants", "v": 91.0}, {"l": "Molluscs, Other", "v": 47.0}, {"l": "Aquatic Animals, Others", "v": 52.0}, {"l": "Offals, Edible", "v": 1.0}, {"l": "Bovine Meat", "v": 17.0}]}, {"source": 17, "prod": 10.161628847012205, "target": 12, "value": 1968.0, "supply": [{"l": "Sugar", "v": 1507.0}, {"l": "Beverages, Alcoholic", "v": 3.0}, {"l": "Sugar non-centrifugal", "v": 12.0}, {"l": "Fats, Animals, Raw", "v": 341.0}, {"l": "Butter, Ghee", "v": 7.0}, {"l": "Palm Oil", "v": 24.0}, {"l": "Oilcrops Oil, Other", "v": 20.0}, {"l": "Wine", "v": 1.0}, {"l": "Sweeteners, Other", "v": 31.0}, {"l": "Fish, Body Oil", "v": 6.0}, {"l": "Honey", "v": 11.0}, {"l": "Cottonseed Oil", "v": 4.0}, {"l": "Palmkernel Oil", "v": 1.0}]}, {"source": 17, "prod": 33.507213440468014, "target": 2, "value": 11008.0, "supply": [{"l": "Maize", "v": 3598.0}, {"l": "Rye", "v": 74.0}, {"l": "Barley", "v": 512.0}, {"l": "Cereals, Other", "v": 24.0}, {"l": "Rice", "v": 608.0}, {"l": "Wheat", "v": 3918.0}, {"l": "Oats", "v": 12.0}, {"l": "Sorghum", "v": 2247.0}, {"l": "Millet", "v": 15.0}]}, {"source": 17, "prod": 1.1625360996628771, "target": 5, "value": 861.0, "supply": [{"l": "Fruits, Other", "v": 14.0}, {"l": "Grapefruit", "v": 1.0}, {"l": "Treenuts", "v": 24.0}, {"l": "Vegetables, Other", "v": 50.0}, {"l": "Peas", "v": 17.0}, {"l": "Grapes", "v": 74.0}, {"l": "Dates", "v": 8.0}, {"l": "Beans", "v": 129.0}, {"l": "Pulses, Other", "v": 33.0}, {"l": "Lemons, Limes", "v": 23.0}, {"l": "Pineapples", "v": 30.0}, {"l": "Bananas", "v": 416.0}, {"l": "Oranges, Mandarines", "v": 35.0}, {"l": "Onions", "v": 7.0}]}, {"source": 17, "prod": 19.355275890755109, "target": 3, "value": 3588.0, "supply": [{"l": "Sunflower seed", "v": 3.0}, {"l": "Coconuts - Incl Copra", "v": 436.0}, {"l": "Sesame seed", "v": 38.0}, {"l": "Cottonseed", "v": 266.0}, {"l": "Groundnuts", "v": 38.0}, {"l": "Oilcrops, Other", "v": 398.0}, {"l": "Soyabeans", "v": 2168.0}, {"l": "Rape and Mustardseed", "v": 218.0}, {"l": "Palm kernels", "v": 23.0}]}, {"source": 17, "prod": 0.080993756618507148, "target": 4, "value": 89.0, "supply": [{"l": "Cassava", "v": 89.0}]}, {"source": 7, "prod": 0.62366013969668965, "target": 18, "value": 67.0, "supply": [{"l": "Beer", "v": 4.0}, {"l": "Fats, Animals, Raw", "v": 5.0}, {"l": "Beverages, Fermented", "v": 1.0}, {"l": "Fish, Body Oil", "v": 55.0}, {"l": "Beverages, Alcoholic", "v": 1.0}, {"l": "Fish, Liver Oil", "v": 1.0}]}, {"source": 0, "prod": 0.025141812038797826, "target": 18, "value": 28.0, "supply": [{"l": "Bovine Meat", "v": 1.0}, {"l": "Milk - Excluding Butter", "v": 17.0}, {"l": "Meat, Other", "v": 10.0}]}, {"source": 2, "prod": 0.23671096609014874, "target": 18, "value": 75.0, "supply": [{"l": "Wheat", "v": 75.0}]}, {"source": 3, "prod": 0.023079702221242723, "target": 18, "value": 4.0, "supply": [{"l": "Soyabeans", "v": 4.0}]}, {"source": 9, "prod": 0.015775806589221276, "target": 18, "value": 4.0, "supply": [{"l": "Sugar", "v": 3.0}, {"l": "Sweeteners, Other", "v": 1.0}]}, {"source": 4, "prod": 0.00082260349850225335, "target": 18, "value": 1.0, "supply": [{"l": "Potatoes", "v": 1.0}]}, {"source": 5, "prod": 0.092559293736974982, "target": 18, "value": 202.0, "supply": [{"l": "Fruits, Other", "v": 4.0}, {"l": "Beans", "v": 7.0}, {"l": "Apples", "v": 16.0}, {"l": "Vegetables, Other", "v": 13.0}, {"l": "Oranges, Mandarines", "v": 159.0}, {"l": "Onions", "v": 3.0}]}, {"source": 10, "prod": 0.0089133425625452962, "target": 18, "value": 4.0, "supply": [{"l": "Tea", "v": 2.0}, {"l": "Pimento", "v": 2.0}]}, {"source": 6, "prod": 1.5651855881000629, "target": 18, "value": 1512.0, "supply": [{"l": "Molluscs, Other", "v": 52.0}, {"l": "Crustaceans", "v": 50.0}, {"l": "Pelagic Fish", "v": 423.0}, {"l": "Fish, Seafood", "v": 747.0}, {"l": "Aquatic Plants", "v": 9.0}, {"l": "Cephalopods", "v": 13.0}, {"l": "Aquatic Products, Other", "v": 9.0}, {"l": "Demersal Fish", "v": 168.0}, {"l": "Freshwater Fish", "v": 41.0}]}, {"source": 11, "prod": 0.32930365220979718, "target": 18, "value": 32.0, "supply": [{"l": "Rape and Mustard Oil", "v": 8.0}, {"l": "Oilcrops Oil, Other", "v": 16.0}, {"l": "Sesameseed Oil", "v": 1.0}, {"l": "Soyabean Oil", "v": 4.0}, {"l": "Palmkernel Oil", "v": 3.0}]}, {"source": 19, "prod": 0.11655808452289831, "target": 5, "value": 30.0, "supply": [{"l": "Beans", "v": 30.0}]}, {"source": 19, "prod": 0.012735049975650002, "target": 3, "value": 3.0, "supply": [{"l": "Sunflower seed", "v": 3.0}]}, {"source": 7, "prod": 0.11636689022039162, "target": 20, "value": 14.0, "supply": [{"l": "Fats, Animals, Raw", "v": 14.0}]}, {"source": 10, "prod": 0.01035369916719512, "target": 20, "value": 10.0, "supply": [{"l": "Coffee", "v": 10.0}]}, {"source": 6, "prod": 0.033503510914422927, "target": 20, "value": 28.0, "supply": [{"l": "Freshwater Fish", "v": 14.0}, {"l": "Fish, Seafood", "v": 14.0}]}, {"source": 2, "prod": 3.6094946974641768, "target": 20, "value": 678.0, "supply": [{"l": "Wheat", "v": 52.0}, {"l": "Rye", "v": 16.0}, {"l": "Rice", "v": 593.0}, {"l": "Sorghum", "v": 17.0}]}, {"source": 3, "prod": 0.96571231120572643, "target": 20, "value": 177.0, "supply": [{"l": "Coconuts - Incl Copra", "v": 22.0}, {"l": "Soyabeans", "v": 75.0}, {"l": "Cottonseed", "v": 34.0}, {"l": "Rape and Mustardseed", "v": 15.0}, {"l": "Palm kernels", "v": 1.0}, {"l": "Oilcrops, Other", "v": 30.0}]}, {"source": 19, "prod": 0.25028537934807799, "target": 12, "value": 58.0, "supply": [{"l": "Sugar", "v": 58.0}]}, {"source": 19, "prod": 0.7970226865479515, "target": 2, "value": 292.0, "supply": [{"l": "Maize", "v": 223.0}, {"l": "Barley", "v": 69.0}]}, {"source": 21, "prod": 55.789700749659048, "target": 2, "value": 10789.0, "supply": [{"l": "Maize", "v": 63.0}, {"l": "Rye", "v": 1.0}, {"l": "Barley", "v": 1105.0}, {"l": "Cereals, Other", "v": 28.0}, {"l": "Rice", "v": 8438.0}, {"l": "Wheat", "v": 1024.0}, {"l": "Oats", "v": 102.0}, {"l": "Millet", "v": 28.0}]}, {"source": 21, "prod": 2.4626033366014273, "target": 3, "value": 406.0, "supply": [{"l": "Sesame seed", "v": 3.0}, {"l": "Groundnuts", "v": 97.0}, {"l": "Oilcrops, Other", "v": 11.0}, {"l": "Soyabeans", "v": 200.0}, {"l": "Rape and Mustardseed", "v": 95.0}]}, {"source": 21, "prod": 2.7092663970906425, "target": 13, "value": 4235.0, "supply": [{"l": "Sugar beet", "v": 1639.0}, {"l": "Sugar cane", "v": 2596.0}]}, {"source": 21, "prod": 7.8955418709054523, "target": 4, "value": 9018.0, "supply": [{"l": "Roots, Other", "v": 612.0}, {"l": "Yams", "v": 74.0}, {"l": "Potatoes", "v": 3386.0}, {"l": "Sweet potatoes", "v": 4946.0}]}, {"source": 21, "prod": 6.5741225414678128, "target": 5, "value": 18710.0, "supply": [{"l": "Tomatoes", "v": 630.0}, {"l": "Treenuts", "v": 34.0}, {"l": "Vegetables, Other", "v": 12121.0}, {"l": "Peas", "v": 7.0}, {"l": "Grapes", "v": 230.0}, {"l": "Pineapples", "v": 87.0}, {"l": "Beans", "v": 174.0}, {"l": "Pulses, Other", "v": 26.0}, {"l": "Bananas", "v": 2.0}, {"l": "Citrus, Other", "v": 53.0}, {"l": "Fruits, Other", "v": 1253.0}, {"l": "Oranges, Mandarines", "v": 2000.0}, {"l": "Onions", "v": 1034.0}, {"l": "Apples", "v": 1059.0}]}, {"source": 21, "prod": 0.13171111494921309, "target": 10, "value": 120.0, "supply": [{"l": "Nuts", "v": 34.0}, {"l": "Pimento", "v": 3.0}, {"l": "Tea", "v": 83.0}]}, {"source": 1, "prod": 15.368754448634087, "target": 6, "value": 16044.0, "supply": [{"l": "Pelagic Fish", "v": 3348.0}, {"l": "Crustaceans", "v": 188.0}, {"l": "Freshwater Fish", "v": 199.0}, {"l": "Molluscs, Other", "v": 644.0}, {"l": "Aquatic Animals, Others", "v": 85.0}, {"l": "Aquatic Plants", "v": 529.0}, {"l": "Aquatic Products, Other", "v": 614.0}, {"l": "Fish, Seafood", "v": 7438.0}, {"l": "Demersal Fish", "v": 1919.0}, {"l": "Cephalopods", "v": 603.0}, {"l": "Marine Fish, Other", "v": 537.0}]}, {"source": 1, "prod": 7.2280919488955355, "target": 0, "value": 6932.0, "supply": [{"l": "Poultry Meat", "v": 248.0}, {"l": "Pigmeat", "v": 565.0}, {"l": "Bovine Meat", "v": 171.0}, {"l": "Eggs", "v": 1234.0}, {"l": "Milk - Excluding Butter", "v": 4308.0}, {"l": "Offals, Edible", "v": 99.0}, {"l": "Meat, Other", "v": 251.0}, {"l": "Mutton & Goat Meat", "v": 94.0}]}, {"source": 12, "prod": 9.8861204158186595, "target": 7, "value": 4327.0, "supply": [{"l": "Fats, Animals, Raw", "v": 504.0}, {"l": "Beverages, Fermented", "v": 1100.0}, {"l": "Fish, Body Oil", "v": 117.0}, {"l": "Beer", "v": 2168.0}, {"l": "Beverages, Alcoholic", "v": 383.0}, {"l": "Fish, Liver Oil", "v": 12.0}, {"l": "Butter, Ghee", "v": 32.0}, {"l": "Wine", "v": 11.0}]}, {"source": 12, "prod": 8.3571761993495333, "target": 11, "value": 827.0, "supply": [{"l": "Ricebran Oil", "v": 81.0}, {"l": "Sesameseed Oil", "v": 9.0}, {"l": "Soyabean Oil", "v": 278.0}, {"l": "Coconut Oil", "v": 68.0}, {"l": "Rape and Mustard Oil", "v": 116.0}, {"l": "Maize Germ Oil", "v": 13.0}, {"l": "Groundnut Oil", "v": 5.0}, {"l": "Cottonseed Oil", "v": 49.0}, {"l": "Palmkernel Oil", "v": 12.0}, {"l": "Oilcrops Oil, Other", "v": 169.0}, {"l": "Palm Oil", "v": 24.0}, {"l": "Sunflowerseed Oil", "v": 3.0}]}, {"source": 12, "prod": 10.005852865794315, "target": 9, "value": 2407.0, "supply": [{"l": "Honey", "v": 18.0}, {"l": "Sweeteners, Other", "v": 257.0}, {"l": "Sugar non-centrifugal", "v": 29.0}, {"l": "Sugar", "v": 2103.0}]}]}