{"nodes": [{"layer": 5, "name": "Maize"}, {"layer": 10, "name": "Feed", "fill": "#dbdb8d"}, {"layer": 5, "name": "Rye"}, {"layer": 5, "name": "Yams"}, {"layer": 5, "name": "Barley"}, {"layer": 5, "name": "Rice"}, {"layer": 5, "name": "Cereals, Other"}, {"layer": 5, "name": "Wheat"}, {"layer": 5, "name": "Roots, Other"}, {"layer": 5, "name": "Cottonseed"}, {"layer": 5, "name": "Groundnuts"}, {"layer": 13, "name": "Aquatic Plants"}, {"layer": 5, "name": "Oilcrops, Other"}, {"layer": 5, "name": "Oats"}, {"layer": 5, "name": "Soyabeans"}, {"layer": 5, "name": "Potatoes"}, {"layer": 13, "name": "Milk - Excluding Butter"}, {"layer": 5, "name": "Beans"}, {"layer": 13, "name": "Fish, Seafood"}, {"layer": 5, "name": "Sorghum"}, {"layer": 13, "name": "Pelagic Fish"}, {"layer": 5, "name": "Millet"}, {"layer": 5, "name": "Sweet potatoes"}, {"layer": 13, "name": "Demersal Fish"}, {"layer": 13, "name": "Aquatic Products, Other"}, {"layer": 16, "name": "Food", "fill": "#b5cf6b"}, {"layer": 13, "name": "Ricebran Oil"}, {"layer": 5, "name": "Vegetables, Other"}, {"layer": 5, "name": "Nuts"}, {"layer": 13, "name": "Sugar", "fill": "#d6616b"}, {"layer": 13, "name": "Oilcrops Oil, Other"}, {"layer": 13, "name": "Maize Germ Oil"}, {"layer": 13, "name": "Beer"}, {"layer": 13, "name": "Groundnut Oil"}, {"layer": 13, "name": "Beverages, Alcoholic"}, {"layer": 5, "name": "Apples"}, {"layer": 13, "name": "Honey"}, {"layer": 13, "name": "Butter, Ghee"}, {"layer": 5, "name": "Tomatoes"}, {"layer": 5, "name": "Coffee"}, {"layer": 13, "name": "Sugar non-centrifugal"}, {"layer": 13, "name": "Fats, Animals, Raw"}, {"layer": 13, "name": "Soyabean Oil"}, {"layer": 5, "name": "Coconuts - Incl Copra"}, {"layer": 5, "name": "Treenuts"}, {"layer": 13, "name": "Crustaceans"}, {"layer": 13, "name": "Eggs"}, {"layer": 5, "name": "Peas"}, {"layer": 5, "name": "Sesame seed"}, {"layer": 13, "name": "Coconut Oil"}, {"layer": 13, "name": "Marine Fish, Other"}, {"layer": 5, "name": "Grapes"}, {"layer": 13, "name": "Wine"}, {"layer": 13, "name": "Sunflowerseed Oil"}, {"layer": 5, "name": "Rape and Mustardseed"}, {"layer": 13, "name": "Olive Oil"}, {"layer": 13, "name": "Pigmeat"}, {"layer": 5, "name": "Cocoa Beans"}, {"layer": 13, "name": "Freshwater Fish"}, {"layer": 5, "name": "Pimento"}, {"layer": 5, "name": "Pepper"}, {"layer": 13, "name": "Rape and Mustard Oil"}, {"layer": 5, "name": "Pineapples"}, {"layer": 5, "name": "Pulses, Other"}, {"layer": 13, "name": "Meat, Other"}, {"layer": 5, "name": "Lemons, Limes"}, {"layer": 13, "name": "Cephalopods"}, {"layer": 13, "name": "Mutton & Goat Meat"}, {"layer": 13, "name": "Sweeteners, Other"}, {"layer": 5, "name": "Bananas"}, {"layer": 13, "name": "Beverages, Fermented"}, {"layer": 5, "name": "Citrus, Other"}, {"layer": 5, "name": "Spices, Other"}, {"layer": 5, "name": "Tea"}, {"layer": 5, "name": "Fruits, Other"}, {"layer": 13, "name": "Molluscs, Other"}, {"layer": 13, "name": "Fish, Body Oil"}, {"layer": 13, "name": "Aquatic Animals, Others"}, {"layer": 13, "name": "Fish, Liver Oil"}, {"layer": 13, "name": "Poultry Meat"}, {"layer": 13, "name": "Offals, Edible"}, {"layer": 5, "name": "Grapefruit"}, {"layer": 5, "name": "Oranges, Mandarines"}, {"layer": 13, "name": "Bovine Meat"}, {"layer": 13, "name": "Cottonseed Oil"}, {"layer": 13, "name": "Palmkernel Oil"}, {"layer": 5, "name": "Onions"}, {"layer": 10, "name": "Processing", "fill": "#9edae5"}, {"layer": 5, "name": "Sunflower seed"}, {"layer": 5, "name": "Sugar beet"}, {"layer": 5, "name": "Sugar cane"}, {"layer": 5, "name": "Palm kernels"}, {"layer": 5, "name": "Cassava"}, {"layer": 16, "name": "Biofuels & Other", "fill": "#e7ba52"}, {"layer": 13, "name": "Sesameseed Oil"}, {"layer": 13, "name": "Alcohol, Non-Food"}, {"layer": 13, "name": "Palm Oil"}, {"name": "Waste", "fill": "#c7c7c7"}, {"layer": 2, "name": "Import", "fill": "#aec7e8"}, {"layer": 5, "name": "Infant food"}, {"layer": 16, "name": "Export", "fill": "#aec7e8"}, {"layer": 16, "name": "Stock Deposit", "fill": "#c7c7c7"}, {"layer": 0, "name": "Stock Draw", "fill": "#c7c7c7"}, {"layer": 5, "name": "Oil Palm"}, {"layer": 2, "name": "Electricity", "fill": "#bcbd22"}, {"layer": 0, "name": "Fossil Fuels", "fill": "#c49c94"}, {"layer": 0, "name": "Renewables & Nuclear", "fill": "#2ca02c"}, {"layer": 2, "name": "Fertilizers", "fill": "#c5b0d5"}, {"layer": 0, "name": "Labor", "fill": "#7f7f7f"}], "links": [{"source": 0, "prod": 10753.0, "target": 1, "value": 23.590007302009379, "supply": [{"l": "Maize", "v": 23.590007302009379}]}, {"source": 2, "prod": 14.0, "target": 1, "value": 0.043485536502219514, "supply": [{"l": "Rye", "v": 0.043485536502219514}]}, {"source": 3, "prod": 7.0, "target": 1, "value": 0.0061268281669793825, "supply": [{"l": "Yams", "v": 0.0061268281669793825}]}, {"source": 4, "prod": 1533.0, "target": 1, "value": 5.6812472946927493, "supply": [{"l": "Barley", "v": 5.6812472946927493}]}, {"source": 5, "prod": 4.0, "target": 1, "value": 0.022581738101152576, "supply": [{"l": "Rice", "v": 0.022581738101152576}]}, {"source": 6, "prod": 16.0, "target": 1, "value": 0.050311308545777776, "supply": [{"l": "Cereals, Other", "v": 0.050311308545777776}]}, {"source": 7, "prod": 663.0, "target": 1, "value": 2.1072793076382172, "supply": [{"l": "Wheat", "v": 2.1072793076382172}]}, {"source": 8, "prod": 24.0, "target": 1, "value": 0.021352179599892218, "supply": [{"l": "Roots, Other", "v": 0.021352179599892218}]}, {"source": 9, "prod": 1.0, "target": 1, "value": 0.006089503368936584, "supply": [{"l": "Cottonseed", "v": 0.006089503368936584}]}, {"source": 10, "prod": 4.0, "target": 1, "value": 0.025561390632129036, "supply": [{"l": "Groundnuts", "v": 0.025561390632129036}]}, {"source": 11, "prod": 87.0, "target": 1, "value": 0.05638419073188549, "supply": [{"l": "Aquatic Plants", "v": 0.05638419073188549}]}, {"source": 12, "prod": 10.0, "target": 1, "value": 0.057886590798409097, "supply": [{"l": "Oilcrops, Other", "v": 0.057886590798409097}]}, {"source": 13, "prod": 103.0, "target": 1, "value": 0.33633593525434619, "supply": [{"l": "Oats", "v": 0.33633593525434619}]}, {"source": 14, "prod": 55.0, "target": 1, "value": 0.30755326074338885, "supply": [{"l": "Soyabeans", "v": 0.30755326074338885}]}, {"source": 15, "prod": 69.0, "target": 1, "value": 0.055878280505403062, "supply": [{"l": "Potatoes", "v": 0.055878280505403062}]}, {"source": 16, "prod": 133.0, "target": 1, "value": 0.089469643971053822, "supply": [{"l": "Milk - Excluding Butter", "v": 0.089469643971053822}]}, {"source": 17, "prod": 9.0, "target": 1, "value": 0.033960133268399993, "supply": [{"l": "Beans", "v": 0.033960133268399993}]}, {"source": 18, "prod": 3640.0, "target": 1, "value": 3.6709855703698189, "supply": [{"l": "Fish, Seafood", "v": 3.6709855703698189}]}, {"source": 19, "prod": 3321.0, "target": 1, "value": 10.555466939165189, "supply": [{"l": "Sorghum", "v": 10.555466939165189}]}, {"source": 20, "prod": 3059.0, "target": 1, "value": 4.1638307149552318, "supply": [{"l": "Pelagic Fish", "v": 4.1638307149552318}]}, {"source": 21, "prod": 29.0, "target": 1, "value": 0.072414990057617659, "supply": [{"l": "Millet", "v": 0.072414990057617659}]}, {"source": 22, "prod": 248.0, "target": 1, "value": 0.24546313942703626, "supply": [{"l": "Sweet potatoes", "v": 0.24546313942703626}]}, {"source": 23, "prod": 581.0, "target": 1, "value": 1.0419286024176422, "supply": [{"l": "Demersal Fish", "v": 1.0419286024176422}]}, {"source": 24, "prod": 87.0, "target": 1, "value": 0.039081105745380956, "supply": [{"l": "Aquatic Products, Other", "v": 0.039081105745380956}]}, {"source": 0, "prod": 1809.0, "target": 25, "value": 3.9685969691560468, "supply": [{"l": "Maize", "v": 3.9685969691560468}]}, {"source": 26, "prod": 70.0, "target": 25, "value": 0.64382752654675002, "supply": [{"l": "Ricebran Oil", "v": 0.64382752654675002}]}, {"source": 27, "prod": 12351.0, "target": 25, "value": 3.0745034015743551, "supply": [{"l": "Vegetables, Other", "v": 3.0745034015743551}]}, {"source": 2, "prod": 5.0, "target": 25, "value": 0.015530548750792683, "supply": [{"l": "Rye", "v": 0.015530548750792683}]}, {"source": 28, "prod": 107.0, "target": 25, "value": 0.24685694699176633, "supply": [{"l": "Nuts", "v": 0.24685694699176633}]}, {"source": 3, "prod": 113.0, "target": 25, "value": 0.098904511838381448, "supply": [{"l": "Yams", "v": 0.098904511838381448}]}, {"source": 29, "prod": 2270.0, "target": 25, "value": 9.8196870167364025, "supply": [{"l": "Sugar", "v": 9.8196870167364025}]}, {"source": 30, "prod": 11.0, "target": 25, "value": 0.093390366488100007, "supply": [{"l": "Oilcrops Oil, Other", "v": 0.093390366488100007}]}, {"source": 31, "prod": 72.0, "target": 25, "value": 0.73945451471516155, "supply": [{"l": "Maize Germ Oil", "v": 0.73945451471516155}]}, {"source": 32, "prod": 4548.0, "target": 25, "value": 2.2812521066065461, "supply": [{"l": "Beer", "v": 2.2812521066065461}]}, {"source": 33, "prod": 1.0, "target": 25, "value": 0.010072920884694915, "supply": [{"l": "Groundnut Oil", "v": 0.010072920884694915}]}, {"source": 34, "prod": 706.0, "target": 25, "value": 2.4313262630112367, "supply": [{"l": "Beverages, Alcoholic", "v": 2.4313262630112367}]}, {"source": 4, "prod": 148.0, "target": 25, "value": 0.54848310477138096, "supply": [{"l": "Barley", "v": 0.54848310477138096}]}, {"source": 35, "prod": 760.0, "target": 25, "value": 0.34690458715032257, "supply": [{"l": "Apples", "v": 0.34690458715032257}]}, {"source": 36, "prod": 32.0, "target": 25, "value": 0.10062261709155555, "supply": [{"l": "Honey", "v": 0.10062261709155555}]}, {"source": 5, "prod": 6799.0, "target": 25, "value": 38.383309337434099, "supply": [{"l": "Rice", "v": 38.383309337434099}]}, {"source": 37, "prod": 65.0, "target": 25, "value": 0.54199766265415183, "supply": [{"l": "Butter, Ghee", "v": 0.54199766265415183}]}, {"source": 38, "prod": 940.0, "target": 25, "value": 0.19852316711626866, "supply": [{"l": "Tomatoes", "v": 0.19852316711626866}]}, {"source": 6, "prod": 63.0, "target": 25, "value": 0.19810077739900003, "supply": [{"l": "Cereals, Other", "v": 0.19810077739900003}]}, {"source": 39, "prod": 205.0, "target": 25, "value": 0.098889592613948876, "supply": [{"l": "Coffee", "v": 0.098889592613948876}]}, {"source": 40, "prod": 18.0, "target": 25, "value": 0.095512874817374999, "supply": [{"l": "Sugar non-centrifugal", "v": 0.095512874817374999}]}, {"source": 7, "prod": 5087.0, "target": 25, "value": 16.168521625875734, "supply": [{"l": "Wheat", "v": 16.168521625875734}]}, {"source": 41, "prod": 143.0, "target": 25, "value": 1.1941718993560329, "supply": [{"l": "Fats, Animals, Raw", "v": 1.1941718993560329}]}, {"source": 42, "prod": 527.0, "target": 25, "value": 5.2083813037885651, "supply": [{"l": "Soyabean Oil", "v": 5.2083813037885651}]}, {"source": 43, "prod": 10.0, "target": 25, "value": 0.015297357328108109, "supply": [{"l": "Coconuts - Incl Copra", "v": 0.015297357328108109}]}, {"source": 44, "prod": 107.0, "target": 25, "value": 0.24685694699176633, "supply": [{"l": "Treenuts", "v": 0.24685694699176633}]}, {"source": 45, "prod": 546.0, "target": 25, "value": 0.34741870811516273, "supply": [{"l": "Crustaceans", "v": 0.34741870811516273}]}, {"source": 46, "prod": 1918.0, "target": 25, "value": 3.2230586286323288, "supply": [{"l": "Eggs", "v": 3.2230586286323288}]}, {"source": 8, "prod": 390.0, "target": 25, "value": 0.34697291849824857, "supply": [{"l": "Roots, Other", "v": 0.34697291849824857}]}, {"source": 47, "prod": 27.0, "target": 25, "value": 0.099665608505086961, "supply": [{"l": "Peas", "v": 0.099665608505086961}]}, {"source": 48, "prod": 19.0, "target": 25, "value": 0.14233291149255886, "supply": [{"l": "Sesame seed", "v": 0.14233291149255886}]}, {"source": 49, "prod": 60.0, "target": 25, "value": 0.59929646944235293, "supply": [{"l": "Coconut Oil", "v": 0.59929646944235293}]}, {"source": 22, "prod": 902.0, "target": 25, "value": 0.89277319259349464, "supply": [{"l": "Sweet potatoes", "v": 0.89277319259349464}]}, {"source": 50, "prod": 849.0, "target": 25, "value": 0.79318165460444556, "supply": [{"l": "Marine Fish, Other", "v": 0.79318165460444556}]}, {"source": 51, "prod": 288.0, "target": 25, "value": 0.14848965153794333, "supply": [{"l": "Grapes", "v": 0.14848965153794333}]}, {"source": 10, "prod": 109.0, "target": 25, "value": 0.69654789472551615, "supply": [{"l": "Groundnuts", "v": 0.69654789472551615}]}, {"source": 23, "prod": 2102.0, "target": 25, "value": 3.7695936700204538, "supply": [{"l": "Demersal Fish", "v": 3.7695936700204538}]}, {"source": 12, "prod": 25.0, "target": 25, "value": 0.14471647699602275, "supply": [{"l": "Oilcrops, Other", "v": 0.14471647699602275}]}, {"source": 52, "prod": 77.0, "target": 25, "value": 0.049525194349750008, "supply": [{"l": "Wine", "v": 0.049525194349750008}]}, {"source": 53, "prod": 13.0, "target": 25, "value": 0.15050513607586366, "supply": [{"l": "Sunflowerseed Oil", "v": 0.15050513607586366}]}, {"source": 13, "prod": 15.0, "target": 25, "value": 0.048980961444807694, "supply": [{"l": "Oats", "v": 0.048980961444807694}]}, {"source": 54, "prod": 9.0, "target": 25, "value": 0.054805530320429251, "supply": [{"l": "Rape and Mustardseed", "v": 0.054805530320429251}]}, {"source": 55, "prod": 2.0, "target": 25, "value": 0.020581898950545456, "supply": [{"l": "Olive Oil", "v": 0.020581898950545456}]}, {"source": 56, "prod": 1558.0, "target": 25, "value": 2.9251156018533222, "supply": [{"l": "Pigmeat", "v": 2.9251156018533222}]}, {"source": 57, "prod": 73.0, "target": 25, "value": 0.29988988652337101, "supply": [{"l": "Cocoa Beans", "v": 0.29988988652337101}]}, {"source": 14, "prod": 824.0, "target": 25, "value": 4.6077070336827717, "supply": [{"l": "Soyabeans", "v": 4.6077070336827717}]}, {"source": 15, "prod": 2633.0, "target": 25, "value": 2.1322827908800903, "supply": [{"l": "Potatoes", "v": 2.1322827908800903}]}, {"source": 58, "prod": 453.0, "target": 25, "value": 0.54517829921532612, "supply": [{"l": "Freshwater Fish", "v": 0.54517829921532612}]}, {"source": 59, "prod": 4.0, "target": 25, "value": 0.015436424212909092, "supply": [{"l": "Pimento", "v": 0.015436424212909092}]}, {"source": 60, "prod": 5.0, "target": 25, "value": 0.0058111111000000003, "supply": [{"l": "Pepper", "v": 0.0058111111000000003}]}, {"source": 61, "prod": 512.0, "target": 25, "value": 5.049925967565267, "supply": [{"l": "Rape and Mustard Oil", "v": 5.049925967565267}]}, {"source": 16, "prod": 7814.0, "target": 25, "value": 5.256509759321915, "supply": [{"l": "Milk - Excluding Butter", "v": 5.256509759321915}]}, {"source": 62, "prod": 178.0, "target": 25, "value": 0.049386468315156862, "supply": [{"l": "Pineapples", "v": 0.049386468315156862}]}, {"source": 17, "prod": 211.0, "target": 25, "value": 0.79617645773693324, "supply": [{"l": "Beans", "v": 0.79617645773693324}]}, {"source": 63, "prod": 30.0, "target": 25, "value": 0.10188039980520001, "supply": [{"l": "Pulses, Other", "v": 0.10188039980520001}]}, {"source": 18, "prod": 7609.0, "target": 25, "value": 7.6737717595999868, "supply": [{"l": "Fish, Seafood", "v": 7.6737717595999868}]}, {"source": 64, "prod": 106.0, "target": 25, "value": 0.14999058860210002, "supply": [{"l": "Meat, Other", "v": 0.14999058860210002}]}, {"source": 65, "prod": 101.0, "target": 25, "value": 0.043274797027894323, "supply": [{"l": "Lemons, Limes", "v": 0.043274797027894323}]}, {"source": 66, "prod": 722.0, "target": 25, "value": 0.59512660727633016, "supply": [{"l": "Cephalopods", "v": 0.59512660727633016}]}, {"source": 67, "prod": 86.0, "target": 25, "value": 0.24666988691574321, "supply": [{"l": "Mutton & Goat Meat", "v": 0.24666988691574321}]}, {"source": 68, "prod": 977.0, "target": 25, "value": 3.4230778469238174, "supply": [{"l": "Sweeteners, Other", "v": 3.4230778469238174}]}, {"source": 20, "prod": 2149.0, "target": 25, "value": 2.9251625388815925, "supply": [{"l": "Pelagic Fish", "v": 2.9251625388815925}]}, {"source": 69, "prod": 588.0, "target": 25, "value": 0.4457267491477499, "supply": [{"l": "Bananas", "v": 0.4457267491477499}]}, {"source": 70, "prod": 1192.0, "target": 25, "value": 1.8355119089087177, "supply": [{"l": "Beverages, Fermented", "v": 1.8355119089087177}]}, {"source": 71, "prod": 248.0, "target": 25, "value": 0.099317370879283023, "supply": [{"l": "Citrus, Other", "v": 0.099317370879283023}]}, {"source": 72, "prod": 34.0, "target": 25, "value": 0.14930748247313794, "supply": [{"l": "Spices, Other", "v": 0.14930748247313794}]}, {"source": 73, "prod": 114.0, "target": 25, "value": 0.049889886502546395, "supply": [{"l": "Tea", "v": 0.049889886502546395}]}, {"source": 74, "prod": 1177.0, "target": 25, "value": 0.59480769132301781, "supply": [{"l": "Fruits, Other", "v": 0.59480769132301781}]}, {"source": 75, "prod": 788.0, "target": 25, "value": 0.14889049526427597, "supply": [{"l": "Molluscs, Other", "v": 0.14889049526427597}]}, {"source": 76, "prod": 90.0, "target": 25, "value": 0.9427244787169482, "supply": [{"l": "Fish, Body Oil", "v": 0.9427244787169482}]}, {"source": 77, "prod": 68.0, "target": 25, "value": 0.030546151617079364, "supply": [{"l": "Aquatic Animals, Others", "v": 0.030546151617079364}]}, {"source": 78, "prod": 7.0, "target": 25, "value": 0.099050388699500017, "supply": [{"l": "Fish, Liver Oil", "v": 0.099050388699500017}]}, {"source": 21, "prod": 20.0, "target": 25, "value": 0.049941372453529427, "supply": [{"l": "Millet", "v": 0.049941372453529427}]}, {"source": 79, "prod": 1199.0, "target": 25, "value": 1.6866700692246519, "supply": [{"l": "Poultry Meat", "v": 1.6866700692246519}]}, {"source": 80, "prod": 339.0, "target": 25, "value": 0.44660502845641553, "supply": [{"l": "Offals, Edible", "v": 0.44660502845641553}]}, {"source": 81, "prod": 155.0, "target": 25, "value": 0.049471998652274439, "supply": [{"l": "Grapefruit", "v": 0.049471998652274439}]}, {"source": 11, "prod": 153.0, "target": 25, "value": 0.099158404390557245, "supply": [{"l": "Aquatic Plants", "v": 0.099158404390557245}]}, {"source": 82, "prod": 2702.0, "target": 25, "value": 0.84302029915190535, "supply": [{"l": "Oranges, Mandarines", "v": 0.84302029915190535}]}, {"source": 83, "prod": 626.0, "target": 25, "value": 0.84282588209494591, "supply": [{"l": "Bovine Meat", "v": 0.84282588209494591}]}, {"source": 84, "prod": 9.0, "target": 25, "value": 0.095512874817374999, "supply": [{"l": "Cottonseed Oil", "v": 0.095512874817374999}]}, {"source": 85, "prod": 11.0, "target": 25, "value": 0.10376707387566668, "supply": [{"l": "Palmkernel Oil", "v": 0.10376707387566668}]}, {"source": 86, "prod": 1184.0, "target": 25, "value": 0.54577588312887659, "supply": [{"l": "Onions", "v": 0.54577588312887659}]}, {"source": 24, "prod": 221.0, "target": 25, "value": 0.099274992755507954, "supply": [{"l": "Aquatic Products, Other", "v": 0.099274992755507954}]}, {"source": 0, "prod": 714.0, "target": 87, "value": 1.56637823989907, "supply": [{"l": "Maize", "v": 1.56637823989907}]}, {"source": 29, "prod": 37.0, "target": 87, "value": 0.16005657251949207, "supply": [{"l": "Sugar", "v": 0.16005657251949207}]}, {"source": 4, "prod": 888.0, "target": 87, "value": 3.2908986286282857, "supply": [{"l": "Barley", "v": 3.2908986286282857}]}, {"source": 5, "prod": 330.0, "target": 87, "value": 1.8629933933450877, "supply": [{"l": "Rice", "v": 1.8629933933450877}]}, {"source": 88, "prod": 3.0, "target": 87, "value": 0.010612541646375, "supply": [{"l": "Sunflower seed", "v": 0.010612541646375}]}, {"source": 7, "prod": 164.0, "target": 87, "value": 0.52125762662544151, "supply": [{"l": "Wheat", "v": 0.52125762662544151}]}, {"source": 43, "prod": 288.0, "target": 87, "value": 0.44056389104951349, "supply": [{"l": "Coconuts - Incl Copra", "v": 0.44056389104951349}]}, {"source": 48, "prod": 39.0, "target": 87, "value": 0.29215702885314709, "supply": [{"l": "Sesame seed", "v": 0.29215702885314709}]}, {"source": 9, "prod": 73.0, "target": 87, "value": 0.44453374593237066, "supply": [{"l": "Cottonseed", "v": 0.44453374593237066}]}, {"source": 51, "prod": 62.0, "target": 87, "value": 0.031966522206085021, "supply": [{"l": "Grapes", "v": 0.031966522206085021}]}, {"source": 10, "prod": 2.0, "target": 87, "value": 0.012780695316064518, "supply": [{"l": "Groundnuts", "v": 0.012780695316064518}]}, {"source": 12, "prod": 186.0, "target": 87, "value": 1.0766905888504092, "supply": [{"l": "Oilcrops, Other", "v": 1.0766905888504092}]}, {"source": 13, "prod": 5.0, "target": 87, "value": 0.016326987148269231, "supply": [{"l": "Oats", "v": 0.016326987148269231}]}, {"source": 14, "prod": 3495.0, "target": 87, "value": 19.543611750875346, "supply": [{"l": "Soyabeans", "v": 19.543611750875346}]}, {"source": 15, "prod": 174.0, "target": 87, "value": 0.14091044649188597, "supply": [{"l": "Potatoes", "v": 0.14091044649188597}]}, {"source": 89, "prod": 3355.0, "target": 87, "value": 3.8992555481000006, "supply": [{"l": "Sugar beet", "v": 3.8992555481000006}]}, {"source": 90, "prod": 2237.0, "target": 87, "value": 0.81395162272940158, "supply": [{"l": "Sugar cane", "v": 0.81395162272940158}]}, {"source": 68, "prod": 32.0, "target": 87, "value": 0.11211718638849762, "supply": [{"l": "Sweeteners, Other", "v": 0.11211718638849762}]}, {"source": 22, "prod": 76.0, "target": 87, "value": 0.075222574985704657, "supply": [{"l": "Sweet potatoes", "v": 0.075222574985704657}]}, {"source": 54, "prod": 1189.0, "target": 87, "value": 7.2404195056656002, "supply": [{"l": "Rape and Mustardseed", "v": 7.2404195056656002}]}, {"source": 91, "prod": 13.0, "target": 87, "value": 0.079163543796175601, "supply": [{"l": "Palm kernels", "v": 0.079163543796175601}]}, {"source": 92, "prod": 316.0, "target": 87, "value": 0.27885978003968226, "supply": [{"l": "Cassava", "v": 0.27885978003968226}]}, {"source": 0, "prod": 68.0, "target": 93, "value": 0.14917887999038759, "supply": [{"l": "Maize", "v": 0.14917887999038759}]}, {"source": 26, "prod": 28.0, "target": 93, "value": 0.25753101061870004, "supply": [{"l": "Ricebran Oil", "v": 0.25753101061870004}]}, {"source": 94, "prod": 17.0, "target": 93, "value": 0.16801230012221174, "supply": [{"l": "Sesameseed Oil", "v": 0.16801230012221174}]}, {"source": 95, "prod": 232.0, "target": 93, "value": 0.25323302583785084, "supply": [{"l": "Alcohol, Non-Food", "v": 0.25323302583785084}]}, {"source": 42, "prod": 132.0, "target": 93, "value": 1.3045660950665854, "supply": [{"l": "Soyabean Oil", "v": 1.3045660950665854}]}, {"source": 13, "prod": 1.0, "target": 93, "value": 0.0032653974296538461, "supply": [{"l": "Oats", "v": 0.0032653974296538461}]}, {"source": 15, "prod": 3.0, "target": 93, "value": 0.0024294904567566545, "supply": [{"l": "Potatoes", "v": 0.0024294904567566545}]}, {"source": 49, "prod": 23.0, "target": 93, "value": 0.2297303132862353, "supply": [{"l": "Coconut Oil", "v": 0.2297303132862353}]}, {"source": 76, "prod": 6.0, "target": 93, "value": 0.062848298581129877, "supply": [{"l": "Fish, Body Oil", "v": 0.062848298581129877}]}, {"source": 77, "prod": 56.0, "target": 93, "value": 0.025155654272888888, "supply": [{"l": "Aquatic Animals, Others", "v": 0.025155654272888888}]}, {"source": 16, "prod": 516.0, "target": 93, "value": 0.34711531044408855, "supply": [{"l": "Milk - Excluding Butter", "v": 0.34711531044408855}]}, {"source": 84, "prod": 46.0, "target": 93, "value": 0.48817691573325001, "supply": [{"l": "Cottonseed Oil", "v": 0.48817691573325001}]}, {"source": 22, "prod": 55.0, "target": 93, "value": 0.054437389792286267, "supply": [{"l": "Sweet potatoes", "v": 0.054437389792286267}]}, {"source": 11, "prod": 455.0, "target": 93, "value": 0.29488283658629766, "supply": [{"l": "Aquatic Plants", "v": 0.29488283658629766}]}, {"source": 78, "prod": 1.0, "target": 93, "value": 0.014150055528500001, "supply": [{"l": "Fish, Liver Oil", "v": 0.014150055528500001}]}, {"source": 96, "prod": 142.0, "target": 93, "value": 1.4467016772338404, "supply": [{"l": "Palm Oil", "v": 1.4467016772338404}]}, {"source": 85, "prod": 10.0, "target": 93, "value": 0.094333703523333354, "supply": [{"l": "Palmkernel Oil", "v": 0.094333703523333354}]}, {"source": 12, "prod": 2.0, "target": 93, "value": 0.011577318159681819, "supply": [{"l": "Oilcrops, Other", "v": 0.011577318159681819}]}, {"source": 41, "prod": 442.0, "target": 93, "value": 3.6910767798277377, "supply": [{"l": "Fats, Animals, Raw", "v": 3.6910767798277377}]}, {"source": 30, "prod": 105.0, "target": 93, "value": 0.89145349829550002, "supply": [{"l": "Oilcrops Oil, Other", "v": 0.89145349829550002}]}, {"source": 24, "prod": 511.0, "target": 93, "value": 0.22954534524011114, "supply": [{"l": "Aquatic Products, Other", "v": 0.22954534524011114}]}, {"source": 6, "prod": 1.0, "target": 6, "value": 0.003144456784111111, "supply": [{"l": "Cereals, Other", "v": 0.003144456784111111}]}, {"source": 20, "prod": 20.0, "target": 20, "value": 0.027223476397222827, "supply": [{"l": "Pelagic Fish", "v": 0.027223476397222827}]}, {"source": 7, "prod": 30.0, "target": 7, "value": 0.095352004870507573, "supply": [{"l": "Wheat", "v": 0.095352004870507573}]}, {"source": 14, "prod": 9.0, "target": 14, "value": 0.050326897212554539, "supply": [{"l": "Soyabeans", "v": 0.050326897212554539}]}, {"source": 15, "prod": 233.0, "target": 15, "value": 0.18869042547476686, "supply": [{"l": "Potatoes", "v": 0.18869042547476686}]}, {"source": 46, "prod": 77.0, "target": 46, "value": 0.12939286465312272, "supply": [{"l": "Eggs", "v": 0.12939286465312272}]}, {"source": 8, "prod": 39.0, "target": 8, "value": 0.034697291849824854, "supply": [{"l": "Roots, Other", "v": 0.034697291849824854}]}, {"source": 3, "prod": 8.0, "target": 3, "value": 0.007002089333690723, "supply": [{"l": "Yams", "v": 0.007002089333690723}]}, {"source": 22, "prod": 71.0, "target": 22, "value": 0.070273721368224087, "supply": [{"l": "Sweet potatoes", "v": 0.070273721368224087}]}, {"source": 17, "prod": 5.0, "target": 17, "value": 0.018866740704666665, "supply": [{"l": "Beans", "v": 0.018866740704666665}]}, {"source": 4, "prod": 12.0, "target": 4, "value": 0.044471603089571425, "supply": [{"l": "Barley", "v": 0.044471603089571425}]}, {"source": 18, "prod": 30.0, "target": 18, "value": 0.030255375579971034, "supply": [{"l": "Fish, Seafood", "v": 0.030255375579971034}]}, {"source": 10, "prod": 1.0, "target": 10, "value": 0.0063903476580322591, "supply": [{"l": "Groundnuts", "v": 0.0063903476580322591}]}, {"source": 5, "prod": 77.0, "target": 5, "value": 0.43469845844718713, "supply": [{"l": "Rice", "v": 0.43469845844718713}]}, {"source": 66, "prod": 10.0, "target": 66, "value": 0.0082427507933009719, "supply": [{"l": "Cephalopods", "v": 0.0082427507933009719}]}, {"source": 0, "prod": 3.0, "target": 97, "value": 0.0065814211760465112, "supply": [{"l": "Maize", "v": 0.0065814211760465112}]}, {"source": 27, "prod": 1418.0, "target": 97, "value": 0.35297917767245041, "supply": [{"l": "Vegetables, Other", "v": 0.35297917767245041}]}, {"source": 74, "prod": 213.0, "target": 97, "value": 0.10764149384180356, "supply": [{"l": "Fruits, Other", "v": 0.10764149384180356}]}, {"source": 3, "prod": 7.0, "target": 97, "value": 0.0061268281669793825, "supply": [{"l": "Yams", "v": 0.0061268281669793825}]}, {"source": 29, "prod": 21.0, "target": 97, "value": 0.090842919538090094, "supply": [{"l": "Sugar", "v": 0.090842919538090094}]}, {"source": 71, "prod": 44.0, "target": 97, "value": 0.017620823865679244, "supply": [{"l": "Citrus, Other", "v": 0.017620823865679244}]}, {"source": 81, "prod": 25.0, "target": 97, "value": 0.0079793546213345872, "supply": [{"l": "Grapefruit", "v": 0.0079793546213345872}]}, {"source": 4, "prod": 4.0, "target": 97, "value": 0.014823867696523808, "supply": [{"l": "Barley", "v": 0.014823867696523808}]}, {"source": 5, "prod": 138.0, "target": 97, "value": 0.77906996448976396, "supply": [{"l": "Rice", "v": 0.77906996448976396}]}, {"source": 28, "prod": 8.0, "target": 97, "value": 0.018456594167608701, "supply": [{"l": "Nuts", "v": 0.018456594167608701}]}, {"source": 7, "prod": 149.0, "target": 97, "value": 0.47358162419018762, "supply": [{"l": "Wheat", "v": 0.47358162419018762}]}, {"source": 42, "prod": 4.0, "target": 97, "value": 0.039532305911108651, "supply": [{"l": "Soyabean Oil", "v": 0.039532305911108651}]}, {"source": 44, "prod": 8.0, "target": 97, "value": 0.018456594167608701, "supply": [{"l": "Treenuts", "v": 0.018456594167608701}]}, {"source": 46, "prod": 40.0, "target": 97, "value": 0.067217072547076734, "supply": [{"l": "Eggs", "v": 0.067217072547076734}]}, {"source": 8, "prod": 24.0, "target": 97, "value": 0.021352179599892218, "supply": [{"l": "Roots, Other", "v": 0.021352179599892218}]}, {"source": 47, "prod": 1.0, "target": 97, "value": 0.0036913188335217393, "supply": [{"l": "Peas", "v": 0.0036913188335217393}]}, {"source": 38, "prod": 132.0, "target": 97, "value": 0.027877721339731348, "supply": [{"l": "Tomatoes", "v": 0.027877721339731348}]}, {"source": 51, "prod": 53.0, "target": 97, "value": 0.027326220595524288, "supply": [{"l": "Grapes", "v": 0.027326220595524288}]}, {"source": 96, "prod": 1.0, "target": 97, "value": 0.010188039980520003, "supply": [{"l": "Palm Oil", "v": 0.010188039980520003}]}, {"source": 12, "prod": 4.0, "target": 97, "value": 0.023154636319363639, "supply": [{"l": "Oilcrops, Other", "v": 0.023154636319363639}]}, {"source": 56, "prod": 33.0, "target": 97, "value": 0.061956877317817474, "supply": [{"l": "Pigmeat", "v": 0.061956877317817474}]}, {"source": 14, "prod": 42.0, "target": 97, "value": 0.23485885365858786, "supply": [{"l": "Soyabeans", "v": 0.23485885365858786}]}, {"source": 15, "prod": 133.0, "target": 97, "value": 0.10770741024954501, "supply": [{"l": "Potatoes", "v": 0.10770741024954501}]}, {"source": 17, "prod": 12.0, "target": 97, "value": 0.045280177691199998, "supply": [{"l": "Beans", "v": 0.045280177691199998}]}, {"source": 35, "prod": 85.0, "target": 97, "value": 0.038798539352338707, "supply": [{"l": "Apples", "v": 0.038798539352338707}]}, {"source": 64, "prod": 1.0, "target": 97, "value": 0.0014150055528499999, "supply": [{"l": "Meat, Other", "v": 0.0014150055528499999}]}, {"source": 65, "prod": 17.0, "target": 97, "value": 0.0072838767274673614, "supply": [{"l": "Lemons, Limes", "v": 0.0072838767274673614}]}, {"source": 67, "prod": 2.0, "target": 97, "value": 0.0057365089980405404, "supply": [{"l": "Mutton & Goat Meat", "v": 0.0057365089980405404}]}, {"source": 62, "prod": 18.0, "target": 97, "value": 0.0049941372453529411, "supply": [{"l": "Pineapples", "v": 0.0049941372453529411}]}, {"source": 69, "prod": 121.0, "target": 97, "value": 0.091722681372241072, "supply": [{"l": "Bananas", "v": 0.091722681372241072}]}, {"source": 83, "prod": 13.0, "target": 97, "value": 0.017502773909319966, "supply": [{"l": "Bovine Meat", "v": 0.017502773909319966}]}, {"source": 79, "prod": 24.0, "target": 97, "value": 0.033761535997824554, "supply": [{"l": "Poultry Meat", "v": 0.033761535997824554}]}, {"source": 22, "prod": 106.0, "target": 97, "value": 0.10491569669058809, "supply": [{"l": "Sweet potatoes", "v": 0.10491569669058809}]}, {"source": 54, "prod": 5.0, "target": 97, "value": 0.030447516844682925, "supply": [{"l": "Rape and Mustardseed", "v": 0.030447516844682925}]}, {"source": 82, "prod": 478.0, "target": 97, "value": 0.14913534529778341, "supply": [{"l": "Oranges, Mandarines", "v": 0.14913534529778341}]}, {"source": 86, "prod": 62.0, "target": 97, "value": 0.028579480366545909, "supply": [{"l": "Onions", "v": 0.028579480366545909}]}, {"source": 63, "prod": 1.0, "target": 97, "value": 0.0033960133268400002, "supply": [{"l": "Pulses, Other", "v": 0.0033960133268400002}]}, {"source": 98, "prod": 5.0, "target": 99, "value": 0.011535371354755438, "supply": [{"l": "Infant food", "v": 0.011535371354755438}]}, {"source": 98, "prod": 37.0, "target": 72, "value": 0.16248167210312073, "supply": [{"l": "Spices, Other", "v": 0.16248167210312073}]}, {"source": 98, "prod": 127.0, "target": 38, "value": 0.026821747046559707, "supply": [{"l": "Tomatoes", "v": 0.026821747046559707}]}, {"source": 98, "prod": 316.0, "target": 92, "value": 0.27885978003968226, "supply": [{"l": "Cassava", "v": 0.27885978003968226}]}, {"source": 98, "prod": 118.0, "target": 65, "value": 0.050558673755361674, "supply": [{"l": "Lemons, Limes", "v": 0.050558673755361674}]}, {"source": 98, "prod": 56.0, "target": 44, "value": 0.12919615917326088, "supply": [{"l": "Treenuts", "v": 0.12919615917326088}]}, {"source": 98, "prod": 18.0, "target": 2, "value": 0.055909975502853662, "supply": [{"l": "Rye", "v": 0.055909975502853662}]}, {"source": 98, "prod": 14.0, "target": 73, "value": 0.0061268281669793825, "supply": [{"l": "Tea", "v": 0.0061268281669793825}]}, {"source": 98, "prod": 433.0, "target": 27, "value": 0.10778560220886531, "supply": [{"l": "Vegetables, Other", "v": 0.10778560220886531}]}, {"source": 98, "prod": 58.0, "target": 5, "value": 0.32743520246671237, "supply": [{"l": "Rice", "v": 0.32743520246671237}]}, {"source": 98, "prod": 5665.0, "target": 7, "value": 18.005636919714178, "supply": [{"l": "Wheat", "v": 18.005636919714178}]}, {"source": 98, "prod": 12.0, "target": 91, "value": 0.073074040427239015, "supply": [{"l": "Palm kernels", "v": 0.073074040427239015}]}, {"source": 98, "prod": 2252.0, "target": 4, "value": 8.3458375131429037, "supply": [{"l": "Barley", "v": 8.3458375131429037}]}, {"source": 98, "prod": 5.0, "target": 60, "value": 0.0058111111000000003, "supply": [{"l": "Pepper", "v": 0.0058111111000000003}]}, {"source": 98, "prod": 180.0, "target": 81, "value": 0.057451353273609035, "supply": [{"l": "Grapefruit", "v": 0.057451353273609035}]}, {"source": 98, "prod": 206.0, "target": 39, "value": 0.099371980870602283, "supply": [{"l": "Coffee", "v": 0.099371980870602283}]}, {"source": 98, "prod": 3.0, "target": 88, "value": 0.010612541646375, "supply": [{"l": "Sunflower seed", "v": 0.010612541646375}]}, {"source": 98, "prod": 48.0, "target": 21, "value": 0.11985929388847059, "supply": [{"l": "Millet", "v": 0.11985929388847059}]}, {"source": 98, "prod": 73.0, "target": 6, "value": 0.22954534524011114, "supply": [{"l": "Cereals, Other", "v": 0.22954534524011114}]}, {"source": 98, "prod": 6053.0, "target": 1, "value": 5.8944362680795317, "supply": [{"l": "Freshwater Fish", "v": 0.16367383817502063}, {"l": "Meat, Other", "v": 0.12027547199225001}, {"l": "Crustaceans", "v": 0.25070141208310281}, {"l": "Eggs", "v": 0.058814938478692139}, {"l": "Aquatic Products, Other", "v": 0.037733481409333337}, {"l": "Marine Fish, Other", "v": 0.15228340365197249}, {"l": "Demersal Fish", "v": 0.12374022989125182}, {"l": "Mutton & Goat Meat", "v": 0.25240639591378378}, {"l": "Pigmeat", "v": 0.36798630164521895}, {"l": "Poultry Meat", "v": 0.14207979732417836}, {"l": "Milk - Excluding Butter", "v": 1.2498841992347218}, {"l": "Pelagic Fish", "v": 0.78675846787973969}, {"l": "Fish, Seafood", "v": 1.6579945817824129}, {"l": "Cephalopods", "v": 0.14507241396209708}, {"l": "Aquatic Plants", "v": 0.032404707317175575}, {"l": "Molluscs, Other", "v": 0.024185258113994069}, {"l": "Aquatic Animals, Others", "v": 0.015273075808539682}, {"l": "Offals, Edible", "v": 0.085632232594887933}, {"l": "Bovine Meat", "v": 0.22753606082115951}]}, {"source": 98, "prod": 4.0, "target": 59, "value": 0.015436424212909092, "supply": [{"l": "Pimento", "v": 0.015436424212909092}]}, {"source": 98, "prod": 56.0, "target": 28, "value": 0.12919615917326088, "supply": [{"l": "Nuts", "v": 0.12919615917326088}]}, {"source": 98, "prod": 26.0, "target": 47, "value": 0.095974289671565224, "supply": [{"l": "Peas", "v": 0.095974289671565224}]}, {"source": 98, "prod": 168.0, "target": 12, "value": 0.97249472541327298, "supply": [{"l": "Oilcrops, Other", "v": 0.97249472541327298}]}, {"source": 98, "prod": 74.0, "target": 57, "value": 0.30399796716067745, "supply": [{"l": "Cocoa Beans", "v": 0.30399796716067745}]}, {"source": 98, "prod": 91.0, "target": 82, "value": 0.02839187536003826, "supply": [{"l": "Oranges, Mandarines", "v": 0.02839187536003826}]}, {"source": 98, "prod": 3301.0, "target": 19, "value": 10.491898935918185, "supply": [{"l": "Sorghum", "v": 10.491898935918185}]}, {"source": 98, "prod": 138.0, "target": 62, "value": 0.038288385547705882, "supply": [{"l": "Pineapples", "v": 0.038288385547705882}]}, {"source": 98, "prod": 150.0, "target": 15, "value": 0.12147452283783274, "supply": [{"l": "Potatoes", "v": 0.12147452283783274}]}, {"source": 98, "prod": 205.0, "target": 86, "value": 0.094496668953901783, "supply": [{"l": "Onions", "v": 0.094496668953901783}]}, {"source": 98, "prod": 1178.0, "target": 54, "value": 7.1734349686072969, "supply": [{"l": "Rape and Mustardseed", "v": 7.1734349686072969}]}, {"source": 98, "prod": 708.0, "target": 69, "value": 0.53669139183096426, "supply": [{"l": "Bananas", "v": 0.53669139183096426}]}, {"source": 98, "prod": 93.0, "target": 51, "value": 0.047949783309127525, "supply": [{"l": "Grapes", "v": 0.047949783309127525}]}, {"source": 98, "prod": 59.0, "target": 48, "value": 0.44198114621373541, "supply": [{"l": "Sesame seed", "v": 0.44198114621373541}]}, {"source": 98, "prod": 2579.0, "target": 87, "value": 12.824799767846073, "supply": [{"l": "Alcohol, Non-Food", "v": 0.25323302583785084}, {"l": "Sugar", "v": 6.8521516451587949}, {"l": "Maize Germ Oil", "v": 0.01027020159326613}, {"l": "Beer", "v": 0.0085271076983973806}, {"l": "Beverages, Alcoholic", "v": 0.21007209921201903}, {"l": "Sugar non-centrifugal", "v": 0.037143895762312501}, {"l": "Fats, Animals, Raw", "v": 1.5365568495210491}, {"l": "Soyabean Oil", "v": 0.29649229433331487}, {"l": "Butter, Ghee", "v": 0.016676851158589287}, {"l": "Palm Oil", "v": 1.4976418771364406}, {"l": "Sunflowerseed Oil", "v": 0.13892781791618183}, {"l": "Olive Oil", "v": 0.020581898950545456}, {"l": "Coconut Oil", "v": 0.35957788166541177}, {"l": "Rape and Mustard Oil", "v": 0.23671527972962189}, {"l": "Oilcrops Oil, Other", "v": 0.32262126604980002}, {"l": "Wine", "v": 0.021868267634954548}, {"l": "Sweeteners, Other", "v": 0.27328564182196297}, {"l": "Beverages, Fermented", "v": 0.0030797179679676475}, {"l": "Fish, Body Oil", "v": 0.010474716430188314}, {"l": "Fish, Liver Oil", "v": 0.014150055528500001}, {"l": "Honey", "v": 0.078611419602777788}, {"l": "Cottonseed Oil", "v": 0.45633929079412505}, {"l": "Palmkernel Oil", "v": 0.16980066634200003}]}, {"source": 98, "prod": 4197.0, "target": 14, "value": 23.469109733454601, "supply": [{"l": "Soyabeans", "v": 23.469109733454601}]}, {"source": 98, "prod": 175.0, "target": 17, "value": 0.66033592466333335, "supply": [{"l": "Beans", "v": 0.66033592466333335}]}, {"source": 98, "prod": 13591.0, "target": 0, "value": 29.816031734549384, "supply": [{"l": "Maize", "v": 29.816031734549384}]}, {"source": 98, "prod": 196.0, "target": 74, "value": 0.099050388699500017, "supply": [{"l": "Fruits, Other", "v": 0.099050388699500017}]}, {"source": 98, "prod": 28.0, "target": 63, "value": 0.095088373151520009, "supply": [{"l": "Pulses, Other", "v": 0.095088373151520009}]}, {"source": 98, "prod": 66.0, "target": 9, "value": 0.40190722234981457, "supply": [{"l": "Cottonseed", "v": 0.40190722234981457}]}, {"source": 98, "prod": 73.0, "target": 10, "value": 0.46649537903635491, "supply": [{"l": "Groundnuts", "v": 0.46649537903635491}]}, {"source": 98, "prod": 307.0, "target": 43, "value": 0.46962886997291892, "supply": [{"l": "Coconuts - Incl Copra", "v": 0.46962886997291892}]}, {"source": 98, "prod": 117.0, "target": 13, "value": 0.38205149926949999, "supply": [{"l": "Oats", "v": 0.38205149926949999}]}, {"source": 98, "prod": 2.0, "target": 8, "value": 0.0017793482999910182, "supply": [{"l": "Roots, Other", "v": 0.0017793482999910182}]}, {"source": 74, "prod": 54.0, "target": 100, "value": 0.027289392804964289, "supply": [{"l": "Fruits, Other", "v": 0.027289392804964289}]}, {"source": 29, "prod": 38.0, "target": 100, "value": 0.16438242583082968, "supply": [{"l": "Sugar", "v": 0.16438242583082968}]}, {"source": 32, "prod": 11.0, "target": 100, "value": 0.0055175402754335991, "supply": [{"l": "Beer", "v": 0.0055175402754335991}]}, {"source": 99, "prod": 3.0, "target": 100, "value": 0.0069212228128532616, "supply": [{"l": "Infant food", "v": 0.0069212228128532616}]}, {"source": 34, "prod": 4.0, "target": 100, "value": 0.013775219620460267, "supply": [{"l": "Beverages, Alcoholic", "v": 0.013775219620460267}]}, {"source": 24, "prod": 3.0, "target": 100, "value": 0.0013476243360476192, "supply": [{"l": "Aquatic Products, Other", "v": 0.0013476243360476192}]}, {"source": 5, "prod": 663.0, "target": 100, "value": 3.7429230902660402, "supply": [{"l": "Rice", "v": 3.7429230902660402}]}, {"source": 41, "prod": 6.0, "target": 100, "value": 0.050105114658295077, "supply": [{"l": "Fats, Animals, Raw", "v": 0.050105114658295077}]}, {"source": 39, "prod": 1.0, "target": 100, "value": 0.00048238825665340913, "supply": [{"l": "Coffee", "v": 0.00048238825665340913}]}, {"source": 7, "prod": 146.0, "target": 100, "value": 0.46404642370313687, "supply": [{"l": "Wheat", "v": 0.46404642370313687}]}, {"source": 42, "prod": 2.0, "target": 100, "value": 0.019766152955554325, "supply": [{"l": "Soyabean Oil", "v": 0.019766152955554325}]}, {"source": 45, "prod": 20.0, "target": 100, "value": 0.012725960004218415, "supply": [{"l": "Crustaceans", "v": 0.012725960004218415}]}, {"source": 27, "prod": 22.0, "target": 100, "value": 0.0054764047311663677, "supply": [{"l": "Vegetables, Other", "v": 0.0054764047311663677}]}, {"source": 50, "prod": 35.0, "target": 100, "value": 0.03269889035471802, "supply": [{"l": "Marine Fish, Other", "v": 0.03269889035471802}]}, {"source": 96, "prod": 7.0, "target": 100, "value": 0.071316279863640017, "supply": [{"l": "Palm Oil", "v": 0.071316279863640017}]}, {"source": 23, "prod": 49.0, "target": 100, "value": 0.087873496589439687, "supply": [{"l": "Demersal Fish", "v": 0.087873496589439687}]}, {"source": 57, "prod": 1.0, "target": 100, "value": 0.0041080806373064525, "supply": [{"l": "Cocoa Beans", "v": 0.0041080806373064525}]}, {"source": 14, "prod": 1.0, "target": 100, "value": 0.0055918774680616158, "supply": [{"l": "Soyabeans", "v": 0.0055918774680616158}]}, {"source": 15, "prod": 1.0, "target": 100, "value": 0.0008098301522522182, "supply": [{"l": "Potatoes", "v": 0.0008098301522522182}]}, {"source": 58, "prod": 3.0, "target": 100, "value": 0.0036104523126842787, "supply": [{"l": "Freshwater Fish", "v": 0.0036104523126842787}]}, {"source": 61, "prod": 1.0, "target": 100, "value": 0.0098631366554009121, "supply": [{"l": "Rape and Mustard Oil", "v": 0.0098631366554009121}]}, {"source": 16, "prod": 5.0, "target": 100, "value": 0.0033635204500396176, "supply": [{"l": "Milk - Excluding Butter", "v": 0.0033635204500396176}]}, {"source": 94, "prod": 2.0, "target": 100, "value": 0.019766152955554325, "supply": [{"l": "Sesameseed Oil", "v": 0.019766152955554325}]}, {"source": 35, "prod": 1.0, "target": 100, "value": 0.00045645340414516129, "supply": [{"l": "Apples", "v": 0.00045645340414516129}]}, {"source": 18, "prod": 1037.0, "target": 100, "value": 1.0458274825476654, "supply": [{"l": "Fish, Seafood", "v": 1.0458274825476654}]}, {"source": 30, "prod": 10.0, "target": 100, "value": 0.084900333171, "supply": [{"l": "Oilcrops Oil, Other", "v": 0.084900333171}]}, {"source": 66, "prod": 15.0, "target": 100, "value": 0.012364126189951459, "supply": [{"l": "Cephalopods", "v": 0.012364126189951459}]}, {"source": 68, "prod": 66.0, "target": 100, "value": 0.23124169692627633, "supply": [{"l": "Sweeteners, Other", "v": 0.23124169692627633}]}, {"source": 20, "prod": 884.0, "target": 100, "value": 1.203277656757249, "supply": [{"l": "Pelagic Fish", "v": 1.203277656757249}]}, {"source": 70, "prod": 4.0, "target": 100, "value": 0.006159435935935295, "supply": [{"l": "Beverages, Fermented", "v": 0.006159435935935295}]}, {"source": 72, "prod": 2.0, "target": 100, "value": 0.0087827930866551732, "supply": [{"l": "Spices, Other", "v": 0.0087827930866551732}]}, {"source": 73, "prod": 3.0, "target": 100, "value": 0.0013128917500670107, "supply": [{"l": "Tea", "v": 0.0013128917500670107}]}, {"source": 75, "prod": 31.0, "target": 100, "value": 0.0058573671994829393, "supply": [{"l": "Molluscs, Other", "v": 0.0058573671994829393}]}, {"source": 76, "prod": 175.0, "target": 100, "value": 1.8330753752829545, "supply": [{"l": "Fish, Body Oil", "v": 1.8330753752829545}]}, {"source": 79, "prod": 3.0, "target": 100, "value": 0.0042201919997280693, "supply": [{"l": "Poultry Meat", "v": 0.0042201919997280693}]}, {"source": 11, "prod": 3.0, "target": 100, "value": 0.001944282439030534, "supply": [{"l": "Aquatic Plants", "v": 0.001944282439030534}]}, {"source": 82, "prod": 21.0, "target": 100, "value": 0.0065519712369319074, "supply": [{"l": "Oranges, Mandarines", "v": 0.0065519712369319074}]}, {"source": 83, "prod": 1.0, "target": 100, "value": 0.0013463672237938435, "supply": [{"l": "Bovine Meat", "v": 0.0013463672237938435}]}, {"source": 85, "prod": 3.0, "target": 100, "value": 0.028300111057000001, "supply": [{"l": "Palmkernel Oil", "v": 0.028300111057000001}]}, {"source": 86, "prod": 1.0, "target": 100, "value": 0.00046095936075074041, "supply": [{"l": "Onions", "v": 0.00046095936075074041}]}, {"source": 78, "prod": 1.0, "target": 100, "value": 0.014150055528500001, "supply": [{"l": "Fish, Liver Oil", "v": 0.014150055528500001}]}, {"source": 41, "prod": 1.0, "target": 101, "value": 0.0083508524430491796, "supply": [{"l": "Fats, Animals, Raw", "v": 0.0083508524430491796}]}, {"source": 102, "prod": 1.0, "target": 91, "value": 0.006089503368936584, "supply": [{"l": "Palm kernels", "v": 0.006089503368936584}]}, {"source": 4, "prod": 50.0, "target": 101, "value": 0.18529834620654762, "supply": [{"l": "Barley", "v": 0.18529834620654762}]}, {"source": 0, "prod": 248.0, "target": 101, "value": 0.54406415055317825, "supply": [{"l": "Maize", "v": 0.54406415055317825}]}, {"source": 102, "prod": 1171.0, "target": 5, "value": 6.6108038291124167, "supply": [{"l": "Rice", "v": 6.6108038291124167}]}, {"source": 102, "prod": 17.0, "target": 14, "value": 0.095061916957047465, "supply": [{"l": "Soyabeans", "v": 0.095061916957047465}]}, {"source": 6, "prod": 11.0, "target": 101, "value": 0.034589024625222217, "supply": [{"l": "Cereals, Other", "v": 0.034589024625222217}]}, {"source": 102, "prod": 21.0, "target": 54, "value": 0.12787957074766829, "supply": [{"l": "Rape and Mustardseed", "v": 0.12787957074766829}]}, {"source": 13, "prod": 11.0, "target": 101, "value": 0.035919371726192306, "supply": [{"l": "Oats", "v": 0.035919371726192306}]}, {"source": 17, "prod": 27.0, "target": 101, "value": 0.10188039980519999, "supply": [{"l": "Beans", "v": 0.10188039980519999}]}, {"source": 102, "prod": 9.0, "target": 12, "value": 0.052097931718568191, "supply": [{"l": "Oilcrops, Other", "v": 0.052097931718568191}]}, {"source": 102, "prod": 1.0, "target": 2, "value": 0.0031061097501585365, "supply": [{"l": "Rye", "v": 0.0031061097501585365}]}, {"source": 102, "prod": 8.0, "target": 9, "value": 0.048716026951492672, "supply": [{"l": "Cottonseed", "v": 0.048716026951492672}]}, {"source": 102, "prod": 2.0, "target": 87, "value": 0.020376079961040006, "supply": [{"l": "Palm Oil", "v": 0.020376079961040006}]}, {"source": 43, "prod": 9.0, "target": 101, "value": 0.013767621595297297, "supply": [{"l": "Coconuts - Incl Copra", "v": 0.013767621595297297}]}, {"source": 102, "prod": 20.0, "target": 19, "value": 0.063568003247005039, "supply": [{"l": "Sorghum", "v": 0.063568003247005039}]}, {"source": 7, "prod": 14.0, "target": 101, "value": 0.044497602272903537, "supply": [{"l": "Wheat", "v": 0.044497602272903537}]}, {"source": 1, "prod": 1226.0, "target": 79, "value": 1.7246517972222044, "supply": [{"l": "Poultry Meat", "v": 1.7246517972222044}]}, {"source": 1, "prod": 1591.0, "target": 56, "value": 2.9870724791711396, "supply": [{"l": "Pigmeat", "v": 2.9870724791711396}]}, {"source": 1, "prod": 6092.0, "target": 20, "value": 8.2922709105940733, "supply": [{"l": "Pelagic Fish", "v": 8.3194943869912965}]}, {"source": 1, "prod": 566.0, "target": 45, "value": 0.36014466811938117, "supply": [{"l": "Crustaceans", "v": 0.36014466811938117}]}, {"source": 1, "prod": 1958.0, "target": 46, "value": 3.2902757011794055, "supply": [{"l": "Eggs", "v": 3.4196685658325281}]}, {"source": 1, "prod": 819.0, "target": 75, "value": 0.15474786246375891, "supply": [{"l": "Molluscs, Other", "v": 0.15474786246375891}]}, {"source": 1, "prod": 124.0, "target": 77, "value": 0.055701805889968252, "supply": [{"l": "Aquatic Animals, Others", "v": 0.055701805889968252}]}, {"source": 1, "prod": 737.0, "target": 66, "value": 0.60749073346628157, "supply": [{"l": "Cephalopods", "v": 0.61573348425958252}]}, {"source": 1, "prod": 8468.0, "target": 16, "value": 5.6964582341870971, "supply": [{"l": "Milk - Excluding Butter", "v": 5.6964582341870971}]}, {"source": 1, "prod": 339.0, "target": 80, "value": 0.44660502845641553, "supply": [{"l": "Offals, Edible", "v": 0.44660502845641553}]}, {"source": 1, "prod": 2732.0, "target": 23, "value": 4.899395769027536, "supply": [{"l": "Demersal Fish", "v": 4.899395769027536}]}, {"source": 1, "prod": 822.0, "target": 24, "value": 0.36924906807704772, "supply": [{"l": "Aquatic Products, Other", "v": 0.36924906807704772}]}, {"source": 1, "prod": 12286.0, "target": 18, "value": 12.390584812517471, "supply": [{"l": "Fish, Seafood", "v": 12.420840188097442}]}, {"source": 1, "prod": 640.0, "target": 83, "value": 0.86167502322805978, "supply": [{"l": "Bovine Meat", "v": 0.86167502322805978}]}, {"source": 1, "prod": 698.0, "target": 11, "value": 0.45236971414777094, "supply": [{"l": "Aquatic Plants", "v": 0.45236971414777094}]}, {"source": 1, "prod": 107.0, "target": 64, "value": 0.15140559415495003, "supply": [{"l": "Meat, Other", "v": 0.15140559415495003}]}, {"source": 1, "prod": 88.0, "target": 67, "value": 0.25240639591378378, "supply": [{"l": "Mutton & Goat Meat", "v": 0.25240639591378378}]}, {"source": 1, "prod": 456.0, "target": 58, "value": 0.54878875152801043, "supply": [{"l": "Freshwater Fish", "v": 0.54878875152801043}]}, {"source": 1, "prod": 884.0, "target": 50, "value": 0.82588054495916363, "supply": [{"l": "Marine Fish, Other", "v": 0.82588054495916363}]}, {"source": 87, "prod": 98.0, "target": 26, "value": 0.90135853716545, "supply": [{"l": "Ricebran Oil", "v": 0.90135853716545}]}, {"source": 87, "prod": 232.0, "target": 95, "value": 0.25323302583785084, "supply": [{"l": "Alcohol, Non-Food", "v": 0.25323302583785084}]}, {"source": 87, "prod": 2366.0, "target": 29, "value": 10.234968934624815, "supply": [{"l": "Sugar", "v": 10.234968934624815}]}, {"source": 87, "prod": 72.0, "target": 31, "value": 0.73945451471516155, "supply": [{"l": "Maize Germ Oil", "v": 0.73945451471516155}]}, {"source": 87, "prod": 4559.0, "target": 32, "value": 2.2867696468819796, "supply": [{"l": "Beer", "v": 2.2867696468819796}]}, {"source": 87, "prod": 1.0, "target": 33, "value": 0.010072920884694915, "supply": [{"l": "Groundnut Oil", "v": 0.010072920884694915}]}, {"source": 87, "prod": 710.0, "target": 34, "value": 2.445101482631697, "supply": [{"l": "Beverages, Alcoholic", "v": 2.445101482631697}]}, {"source": 87, "prod": 18.0, "target": 40, "value": 0.095512874817374999, "supply": [{"l": "Sugar non-centrifugal", "v": 0.095512874817374999}]}, {"source": 87, "prod": 65.0, "target": 37, "value": 0.54199766265415183, "supply": [{"l": "Butter, Ghee", "v": 0.54199766265415183}]}, {"source": 87, "prod": 592.0, "target": 41, "value": 4.9437046462851146, "supply": [{"l": "Fats, Animals, Raw", "v": 4.9437046462851146}]}, {"source": 87, "prod": 665.0, "target": 42, "value": 6.5722458577218132, "supply": [{"l": "Soyabean Oil", "v": 6.5722458577218132}]}, {"source": 87, "prod": 150.0, "target": 96, "value": 1.5282059970780004, "supply": [{"l": "Palm Oil", "v": 1.5282059970780004}]}, {"source": 87, "prod": 13.0, "target": 53, "value": 0.15050513607586366, "supply": [{"l": "Sunflowerseed Oil", "v": 0.15050513607586366}]}, {"source": 87, "prod": 2.0, "target": 55, "value": 0.020581898950545456, "supply": [{"l": "Olive Oil", "v": 0.020581898950545456}]}, {"source": 87, "prod": 83.0, "target": 49, "value": 0.82902678272858821, "supply": [{"l": "Coconut Oil", "v": 0.82902678272858821}]}, {"source": 87, "prod": 513.0, "target": 61, "value": 5.059789104220668, "supply": [{"l": "Rape and Mustard Oil", "v": 5.059789104220668}]}, {"source": 87, "prod": 9.0, "target": 78, "value": 0.12735049975650001, "supply": [{"l": "Fish, Liver Oil", "v": 0.12735049975650001}]}, {"source": 87, "prod": 126.0, "target": 30, "value": 1.0697441979546001, "supply": [{"l": "Oilcrops Oil, Other", "v": 1.0697441979546001}]}, {"source": 87, "prod": 77.0, "target": 52, "value": 0.049525194349750008, "supply": [{"l": "Wine", "v": 0.049525194349750008}]}, {"source": 87, "prod": 1075.0, "target": 68, "value": 3.7664367302385915, "supply": [{"l": "Sweeteners, Other", "v": 3.7664367302385915}]}, {"source": 87, "prod": 19.0, "target": 94, "value": 0.18777845307776608, "supply": [{"l": "Sesameseed Oil", "v": 0.18777845307776608}]}, {"source": 87, "prod": 1196.0, "target": 70, "value": 1.8416713448446531, "supply": [{"l": "Beverages, Fermented", "v": 1.8416713448446531}]}, {"source": 87, "prod": 271.0, "target": 76, "value": 2.8386481525810323, "supply": [{"l": "Fish, Body Oil", "v": 2.8386481525810323}]}, {"source": 87, "prod": 32.0, "target": 36, "value": 0.10062261709155555, "supply": [{"l": "Honey", "v": 0.10062261709155555}]}, {"source": 87, "prod": 55.0, "target": 84, "value": 0.58368979055062498, "supply": [{"l": "Cottonseed Oil", "v": 0.58368979055062498}]}, {"source": 87, "prod": 24.0, "target": 85, "value": 0.22640088845600004, "supply": [{"l": "Palmkernel Oil", "v": 0.22640088845600004}]}, {"source": 103, "prod": 14.39999999999992, "target": 87, "value": 0.061128239883119662, "supply": [{"l": "Oil Palm", "v": 0.061128239883119662}]}, {"source": 104, "prod": 0, "target": 0, "value": 0.00017326674175516921, "supply": "[{\"l\":'Energy for power irrigation',\"v\":0.00017326674175516921}]"}, {"source": 104, "prod": 0, "target": 27, "value": 0.00034594734804036209, "supply": "[{\"l\":'Energy for power irrigation',\"v\":0.00034594734804036209}]"}, {"source": 104, "prod": 0, "target": 28, "value": 2.2171211255625419e-06, "supply": "[{\"l\":'Energy for power irrigation',\"v\":2.2171211255625419e-06}]"}, {"source": 104, "prod": 0, "target": 3, "value": 3.4276182918179522e-06, "supply": "[{\"l\":'Energy for power irrigation',\"v\":3.4276182918179522e-06}]"}, {"source": 104, "prod": 0, "target": 71, "value": 7.4413720536122089e-06, "supply": "[{\"l\":'Energy for power irrigation',\"v\":7.4413720536122089e-06}]"}, {"source": 104, "prod": 0, "target": 4, "value": 3.8455583660619256e-05, "supply": "[{\"l\":'Energy for power irrigation',\"v\":3.8455583660619256e-05}]"}, {"source": 104, "prod": 0, "target": 5, "value": 0.00018849352189911884, "supply": "[{\"l\":'Energy for power irrigation',\"v\":0.00018849352189911884}]"}, {"source": 104, "prod": 0, "target": 38, "value": 2.5700766150917507e-05, "supply": "[{\"l\":'Energy for power irrigation',\"v\":2.5700766150917507e-05}]"}, {"source": 104, "prod": 0, "target": 6, "value": 1.3888862223351554e-06, "supply": "[{\"l\":'Energy for power irrigation',\"v\":1.3888862223351554e-06}]"}, {"source": 104, "prod": 0, "target": 7, "value": 8.7155795970389577e-05, "supply": "[{\"l\":'Energy for power irrigation',\"v\":8.7155795970389577e-05}]"}, {"source": 104, "prod": 0, "target": 44, "value": 2.2171211255625419e-06, "supply": "[{\"l\":'Energy for power irrigation',\"v\":2.2171211255625419e-06}]"}, {"source": 104, "prod": 0, "target": 8, "value": 1.2130455813422641e-05, "supply": "[{\"l\":'Energy for power irrigation',\"v\":1.2130455813422641e-05}]"}, {"source": 104, "prod": 0, "target": 47, "value": 3.8226226302802439e-07, "supply": "[{\"l\":'Energy for power irrigation',\"v\":3.8226226302802439e-07}]"}, {"source": 104, "prod": 0, "target": 51, "value": 9.0850997846327138e-06, "supply": "[{\"l\":'Energy for power irrigation',\"v\":9.0850997846327138e-06}]"}, {"source": 104, "prod": 0, "target": 10, "value": 2.0259899940485291e-06, "supply": "[{\"l\":'Energy for power irrigation',\"v\":2.0259899940485291e-06}]"}, {"source": 104, "prod": 0, "target": 103, "value": 1.834858862534507e-07, "supply": "[{\"l\":'Energy for power irrigation',\"v\":1.834858862534507e-07}]"}, {"source": 104, "prod": 0, "target": 12, "value": 3.5295548952920926e-06, "supply": "[{\"l\":'Energy for power irrigation',\"v\":3.5295548952920926e-06}]"}, {"source": 104, "prod": 0, "target": 13, "value": 1.8221167871002498e-06, "supply": "[{\"l\":'Energy for power irrigation',\"v\":1.8221167871002498e-06}]"}, {"source": 104, "prod": 0, "target": 14, "value": 5.9097745864132575e-05, "supply": "[{\"l\":'Energy for power irrigation',\"v\":5.9097745864132575e-05}]"}, {"source": 104, "prod": 0, "target": 15, "value": 8.0797500328690092e-05, "supply": "[{\"l\":'Energy for power irrigation',\"v\":8.0797500328690092e-05}]"}, {"source": 104, "prod": 0, "target": 17, "value": 4.4852105528621533e-06, "supply": "[{\"l\":'Energy for power irrigation',\"v\":4.4852105528621533e-06}]"}, {"source": 104, "prod": 0, "target": 63, "value": 4.3323056476509437e-07, "supply": "[{\"l\":'Energy for power irrigation',\"v\":4.3323056476509437e-07}]"}, {"source": 104, "prod": 0, "target": 89, "value": 8.5499326163934798e-05, "supply": "[{\"l\":'Energy for power irrigation',\"v\":8.5499326163934798e-05}]"}, {"source": 104, "prod": 0, "target": 90, "value": 5.7008045492912714e-05, "supply": "[{\"l\":'Energy for power irrigation',\"v\":5.7008045492912714e-05}]"}, {"source": 104, "prod": 0, "target": 62, "value": 3.2364871603039398e-06, "supply": "[{\"l\":'Energy for power irrigation',\"v\":3.2364871603039398e-06}]"}, {"source": 104, "prod": 0, "target": 69, "value": 9.0468735583299114e-06, "supply": "[{\"l\":'Energy for power irrigation',\"v\":9.0468735583299114e-06}]"}, {"source": 104, "prod": 0, "target": 73, "value": 2.7905145201045784e-06, "supply": "[{\"l\":'Energy for power irrigation',\"v\":2.7905145201045784e-06}]"}, {"source": 104, "prod": 0, "target": 74, "value": 3.4301667069048059e-05, "supply": "[{\"l\":'Energy for power irrigation',\"v\":3.4301667069048059e-05}]"}, {"source": 104, "prod": 0, "target": 21, "value": 6.3710377171337404e-07, "supply": "[{\"l\":'Energy for power irrigation',\"v\":6.3710377171337404e-07}]"}, {"source": 104, "prod": 0, "target": 22, "value": 3.7155891966323975e-05, "supply": "[{\"l\":'Energy for power irrigation',\"v\":3.7155891966323975e-05}]"}, {"source": 104, "prod": 0, "target": 54, "value": 1.537968504916085e-05, "supply": "[{\"l\":'Energy for power irrigation',\"v\":1.537968504916085e-05}]"}, {"source": 104, "prod": 0, "target": 82, "value": 8.0427980141096345e-05, "supply": "[{\"l\":'Energy for power irrigation',\"v\":8.0427980141096345e-05}]"}, {"source": 104, "prod": 0, "target": 86, "value": 2.9166610669038264e-05, "supply": "[{\"l\":'Energy for power irrigation',\"v\":2.9166610669038264e-05}]"}, {"source": 104, "prod": 0, "target": 35, "value": 2.1559591634780577e-05, "supply": "[{\"l\":'Energy for power irrigation',\"v\":2.1559591634780577e-05}]"}, {"source": 104, "prod": 0, "target": 87, "value": 1.3260000010608, "supply": "[{\"l\":'Electricity',\"v\":1.3260000010608}]"}, {"source": 105, "prod": 0, "target": 104, "value": 2.348755480469273, "supply": [{"l": "Coal", "v": 0.36830487451712046}, {"l": "Natural gas", "v": 0.39907320341968083}, {"l": "Oil", "v": 1.5813774025324716}]}, {"source": 106, "prod": 0, "target": 104, "value": 0.40334099901548626, "supply": [{"l": "Nuclear", "v": 0.20090412644512468}, {"l": "Hydroelectric", "v": 0.20038711058795633}, {"l": "Renewable", "v": 0.002049761982405291}]}, {"source": 105, "prod": 0, "target": 0, "value": 6.0764971684361679, "supply": [{"l": "Gas-Diesel oil", "v": 1.9397215231460729}, {"l": "Fuel oil", "v": 0.21455815495678762}, {"l": "Liquefied petroleum gas (LPG)", "v": 0.027060484517687496}, {"l": "Other fossil fuels", "v": 3.8951570058156206}]}, {"source": 105, "prod": 0, "target": 27, "value": 12.132438455878951, "supply": [{"l": "Gas-Diesel oil", "v": 3.8728812585244801}, {"l": "Fuel oil", "v": 0.42839049176914135}, {"l": "Liquefied petroleum gas (LPG)", "v": 0.054029427463981136}, {"l": "Other fossil fuels", "v": 7.7771372781213488}]}, {"source": 105, "prod": 0, "target": 28, "value": 0.077754854192373379, "supply": [{"l": "Gas-Diesel oil", "v": 0.024820675468996668}, {"l": "Fuel oil", "v": 0.0027454860245978117}, {"l": "Liquefied petroleum gas (LPG)", "v": 0.00034626594396805591}, {"l": "Other fossil fuels", "v": 0.049842426754810855}]}, {"source": 105, "prod": 0, "target": 3, "value": 0.12020721711349677, "supply": [{"l": "Gas-Diesel oil", "v": 0.038372193684828179}, {"l": "Fuel oil", "v": 0.0042444582794069615}, {"l": "Liquefied petroleum gas (LPG)", "v": 0.00053531918923797146}, {"l": "Other fossil fuels", "v": 0.077055245960023666}]}, {"source": 105, "prod": 0, "target": 71, "value": 0.26097031522037967, "supply": [{"l": "Gas-Diesel oil", "v": 0.08330617513732215}, {"l": "Fuel oil", "v": 0.0092147347032478285}, {"l": "Liquefied petroleum gas (LPG)", "v": 0.0011621799498697969}, {"l": "Other fossil fuels", "v": 0.16728722542993987}]}, {"source": 105, "prod": 0, "target": 4, "value": 1.3486445399573728, "supply": [{"l": "Gas-Diesel oil", "v": 0.43051033658294219}, {"l": "Fuel oil", "v": 0.047619981736989628}, {"l": "Liquefied petroleum gas (LPG)", "v": 0.0060059230971011074}, {"l": "Other fossil fuels", "v": 0.86450829854033995}]}, {"source": 105, "prod": 0, "target": 5, "value": 6.6105032072860883, "supply": [{"l": "Gas-Diesel oil", "v": 2.1101853575452165}, {"l": "Fuel oil", "v": 0.23341364805675532}, {"l": "Liquefied petroleum gas (LPG)", "v": 0.029438575339766959}, {"l": "Other fossil fuels", "v": 4.23746562634435}]}, {"source": 105, "prod": 0, "target": 38, "value": 0.90133069486216733, "supply": [{"l": "Gas-Diesel oil", "v": 0.28772012885612802}, {"l": "Fuel oil", "v": 0.031825547767895319}, {"l": "Liquefied petroleum gas (LPG)", "v": 0.0040138989022044181}, {"l": "Other fossil fuels", "v": 0.57777111933593961}]}, {"source": 105, "prod": 0, "target": 6, "value": 0.048708500614762631, "supply": [{"l": "Gas-Diesel oil", "v": 0.015548584058164578}, {"l": "Fuel oil", "v": 0.0017198734292020773}, {"l": "Liquefied petroleum gas (LPG)", "v": 0.00021691372352021892}, {"l": "Other fossil fuels", "v": 0.031223129403875761}]}, {"source": 105, "prod": 0, "target": 7, "value": 3.056570130320885, "supply": [{"l": "Gas-Diesel oil", "v": 0.97570931153986906}, {"l": "Fuel oil", "v": 0.10792600234625881}, {"l": "Liquefied petroleum gas (LPG)", "v": 0.013611833659433923}, {"l": "Other fossil fuels", "v": 1.9593229827753234}]}, {"source": 105, "prod": 0, "target": 44, "value": 0.077754854192373379, "supply": [{"l": "Gas-Diesel oil", "v": 0.024820675468996668}, {"l": "Fuel oil", "v": 0.0027454860245978117}, {"l": "Liquefied petroleum gas (LPG)", "v": 0.00034626594396805591}, {"l": "Other fossil fuels", "v": 0.049842426754810855}]}, {"source": 105, "prod": 0, "target": 8, "value": 0.42541736316746814, "supply": [{"l": "Gas-Diesel oil", "v": 0.13580047727864844}, {"l": "Fuel oil", "v": 0.015021279858719061}, {"l": "Liquefied petroleum gas (LPG)", "v": 0.0018945125210206278}, {"l": "Other fossil fuels", "v": 0.27270109350908006}]}, {"source": 105, "prod": 0, "target": 47, "value": 0.013406009343512651, "supply": [{"l": "Gas-Diesel oil", "v": 0.004279426804999425}, {"l": "Fuel oil", "v": 0.00047335965941341576}, {"l": "Liquefied petroleum gas (LPG)", "v": 5.97010248220786e-05}, {"l": "Other fossil fuels", "v": 0.0085935218542777334}]}, {"source": 105, "prod": 0, "target": 51, "value": 0.318616155397484, "supply": [{"l": "Gas-Diesel oil", "v": 0.10170771039881968}, {"l": "Fuel oil", "v": 0.011250181238725515}, {"l": "Liquefied petroleum gas (LPG)", "v": 0.0014188943566047346}, {"l": "Other fossil fuels", "v": 0.20423936940333412}]}, {"source": 105, "prod": 0, "target": 10, "value": 0.07105184952061705, "supply": [{"l": "Gas-Diesel oil", "v": 0.022680962066496953}, {"l": "Fuel oil", "v": 0.0025088061948911038}, {"l": "Liquefied petroleum gas (LPG)", "v": 0.00031641543155701659}, {"l": "Other fossil fuels", "v": 0.045545665827671986}]}, {"source": 105, "prod": 0, "target": 103, "value": 0.0064348844848860368, "supply": [{"l": "Gas-Diesel oil", "v": 0.0020541248663997129}, {"l": "Fuel oil", "v": 0.00022721263651843832}, {"l": "Liquefied petroleum gas (LPG)", "v": 2.8656491914597568e-05}, {"l": "Other fossil fuels", "v": 0.0041248904900532887}]}, {"source": 105, "prod": 0, "target": 12, "value": 0.1237821529384335, "supply": [{"l": "Gas-Diesel oil", "v": 0.039513374166161366}, {"l": "Fuel oil", "v": 0.0043706875219172063}, {"l": "Liquefied petroleum gas (LPG)", "v": 0.00055123946252385919}, {"l": "Other fossil fuels", "v": 0.079346851787831074}]}, {"source": 105, "prod": 0, "target": 13, "value": 0.063901977870743643, "supply": [{"l": "Gas-Diesel oil", "v": 0.020398601103830596}, {"l": "Fuel oil", "v": 0.0022563477098706155}, {"l": "Liquefied petroleum gas (LPG)", "v": 0.00028457488498524134}, {"l": "Other fossil fuels", "v": 0.040962454172057197}]}, {"source": 105, "prod": 0, "target": 14, "value": 2.0725690445070559, "supply": [{"l": "Gas-Diesel oil", "v": 0.66159938405291119}, {"l": "Fuel oil", "v": 0.073181403345314075}, {"l": "Liquefied petroleum gas (LPG)", "v": 0.0092297784374933516}, {"l": "Other fossil fuels", "v": 1.3285584786713376}]}, {"source": 105, "prod": 0, "target": 15, "value": 2.8335835082404577, "supply": [{"l": "Gas-Diesel oil", "v": 0.9045281790167119}, {"l": "Fuel oil", "v": 0.10005245334468232}, {"l": "Liquefied petroleum gas (LPG)", "v": 0.012618806613226681}, {"l": "Other fossil fuels", "v": 1.8163840692658368}]}, {"source": 105, "prod": 0, "target": 17, "value": 0.15729717629721512, "supply": [{"l": "Gas-Diesel oil", "v": 0.050211941178659923}, {"l": "Fuel oil", "v": 0.005554086670450745}, {"l": "Liquefied petroleum gas (LPG)", "v": 0.00070049202457905563}, {"l": "Other fossil fuels", "v": 0.1008306564235254}]}, {"source": 105, "prod": 0, "target": 63, "value": 0.015193477255981006, "supply": [{"l": "Gas-Diesel oil", "v": 0.004850017045666016}, {"l": "Fuel oil", "v": 0.00053647428066853789}, {"l": "Liquefied petroleum gas (LPG)", "v": 6.7661161465022425e-05}, {"l": "Other fossil fuels", "v": 0.0097393247681814305}]}, {"source": 105, "prod": 0, "target": 89, "value": 2.9984774231656632, "supply": [{"l": "Gas-Diesel oil", "v": 0.95716512871820481}, {"l": "Fuel oil", "v": 0.10587477715546734}, {"l": "Liquefied petroleum gas (LPG)", "v": 0.013353129218538247}, {"l": "Other fossil fuels", "v": 1.9220843880734528}]}, {"source": 105, "prod": 0, "target": 90, "value": 1.9992828600958537, "supply": [{"l": "Gas-Diesel oil", "v": 0.63820518418558103}, {"l": "Fuel oil", "v": 0.07059370387385408}, {"l": "Liquefied petroleum gas (LPG)", "v": 0.0089034128351326569}, {"l": "Other fossil fuels", "v": 1.2815805592012861}]}, {"source": 105, "prod": 0, "target": 62, "value": 0.11350421244174044, "supply": [{"l": "Gas-Diesel oil", "v": 0.036232480282328471}, {"l": "Fuel oil", "v": 0.0040077784497002536}, {"l": "Liquefied petroleum gas (LPG)", "v": 0.00050546867682693219}, {"l": "Other fossil fuels", "v": 0.072758485032884804}]}, {"source": 105, "prod": 0, "target": 69, "value": 0.31727555446313277, "supply": [{"l": "Gas-Diesel oil", "v": 0.10127976771831974}, {"l": "Fuel oil", "v": 0.011202845272784175}, {"l": "Liquefied petroleum gas (LPG)", "v": 0.0014129242541225269}, {"l": "Other fossil fuels", "v": 0.20338001721790636}]}, {"source": 105, "prod": 0, "target": 73, "value": 0.097863868207642368, "supply": [{"l": "Gas-Diesel oil", "v": 0.031239815676495808}, {"l": "Fuel oil", "v": 0.0034555255137179355}, {"l": "Liquefied petroleum gas (LPG)", "v": 0.00043581748120117382}, {"l": "Other fossil fuels", "v": 0.062732709536227449}]}, {"source": 105, "prod": 0, "target": 74, "value": 1.202965905091202, "supply": [{"l": "Gas-Diesel oil", "v": 0.38400723196861514}, {"l": "Fuel oil", "v": 0.042476140104697184}, {"l": "Liquefied petroleum gas (LPG)", "v": 0.005357171960701187}, {"l": "Other fossil fuels", "v": 0.77112536105718865}]}, {"source": 105, "prod": 0, "target": 21, "value": 0.022343348905854418, "supply": [{"l": "Gas-Diesel oil", "v": 0.0071323780083323756}, {"l": "Fuel oil", "v": 0.0007889327656890264}, {"l": "Liquefied petroleum gas (LPG)", "v": 9.9501708036797671e-05}, {"l": "Other fossil fuels", "v": 0.014322536423796222}]}, {"source": 105, "prod": 0, "target": 22, "value": 1.3030641081894299, "supply": [{"l": "Gas-Diesel oil", "v": 0.41596028544594421}, {"l": "Fuel oil", "v": 0.046010558894984017}, {"l": "Liquefied petroleum gas (LPG)", "v": 0.0058029396127060404}, {"l": "Other fossil fuels", "v": 0.83529032423579574}]}, {"source": 105, "prod": 0, "target": 54, "value": 0.53936844258732575, "supply": [{"l": "Gas-Diesel oil", "v": 0.17217560512114355}, {"l": "Fuel oil", "v": 0.019044836963733096}, {"l": "Liquefied petroleum gas (LPG)", "v": 0.002401971232008296}, {"l": "Other fossil fuels", "v": 0.34574602927044079}]}, {"source": 105, "prod": 0, "target": 82, "value": 2.8206243658750623, "supply": [{"l": "Gas-Diesel oil", "v": 0.9003913997718791}, {"l": "Fuel oil", "v": 0.099594872340582688}, {"l": "Liquefied petroleum gas (LPG)", "v": 0.012561095622565339}, {"l": "Other fossil fuels", "v": 1.8080769981400351}]}, {"source": 105, "prod": 0, "target": 86, "value": 1.0228785129100153, "supply": [{"l": "Gas-Diesel oil", "v": 0.32652026522145616}, {"l": "Fuel oil", "v": 0.036117342013243625}, {"l": "Liquefied petroleum gas (LPG)", "v": 0.0045551881939245977}, {"l": "Other fossil fuels", "v": 0.65568571748139104}]}, {"source": 105, "prod": 0, "target": 35, "value": 0.75609892697411352, "supply": [{"l": "Gas-Diesel oil", "v": 0.24135967180196757}, {"l": "Fuel oil", "v": 0.026697484790916652}, {"l": "Liquefied petroleum gas (LPG)", "v": 0.003367137799965233}, {"l": "Other fossil fuels", "v": 0.48467463258126414}]}, {"source": 105, "prod": 0, "target": 1, "value": 53.696033505919786, "supply": [{"l": "Gas-diesel oils used in fisheries", "v": 41.150988088476339}, {"l": "Fuel oil used in fisheries", "v": 12.545045417443443}]}, {"source": 107, "prod": 219.05294346604208, "target": 0, "value": 1.8791438829972691, "supply": [{"l": "Potash", "v": 1.3716805566529}, {"l": "Phosphate", "v": 2.9500416690266995}, {"l": "Nitrogen", "v": 11.797263898326699}]}, {"source": 107, "prod": 437.36486359045762, "target": 27, "value": 3.7519309033222425, "supply": [{"l": "Potash", "v": 1.3716805566529}, {"l": "Phosphate", "v": 2.9500416690266995}, {"l": "Nitrogen", "v": 11.797263898326699}]}, {"source": 107, "prod": 2.80300133571785, "target": 28, "value": 0.024045524021291721, "supply": [{"l": "Potash", "v": 1.3716805566529}, {"l": "Phosphate", "v": 2.9500416690266995}, {"l": "Nitrogen", "v": 11.797263898326699}]}, {"source": 107, "prod": 4.33337562820748, "target": 3, "value": 0.037173827366249843, "supply": [{"l": "Potash", "v": 1.3716805566529}, {"l": "Phosphate", "v": 2.9500416690266995}, {"l": "Nitrogen", "v": 11.797263898326699}]}, {"source": 107, "prod": 9.4077745980415202, "target": 71, "value": 0.080704517404795201, "supply": [{"l": "Potash", "v": 1.3716805566529}, {"l": "Phosphate", "v": 2.9500416690266995}, {"l": "Nitrogen", "v": 11.797263898326699}]}, {"source": 107, "prod": 48.617574891933742, "target": 4, "value": 0.4170654683693012, "supply": [{"l": "Potash", "v": 1.3716805566529}, {"l": "Phosphate", "v": 2.9500416690266995}, {"l": "Nitrogen", "v": 11.797263898326699}]}, {"source": 107, "prod": 238.30344114525374, "target": 5, "value": 2.0442841198101633, "supply": [{"l": "Potash", "v": 1.3716805566529}, {"l": "Phosphate", "v": 2.9500416690266995}, {"l": "Nitrogen", "v": 11.797263898326699}]}, {"source": 107, "prod": 32.492262610016681, "target": 38, "value": 0.27873460891347929, "supply": [{"l": "Potash", "v": 1.3716805566529}, {"l": "Phosphate", "v": 2.9500416690266995}, {"l": "Nitrogen", "v": 11.797263898326699}]}, {"source": 107, "prod": 1.7559031355933656, "target": 6, "value": 0.015063000680004582, "supply": [{"l": "Potash", "v": 1.3716805566529}, {"l": "Phosphate", "v": 2.9500416690266995}, {"l": "Nitrogen", "v": 11.797263898326699}]}, {"source": 107, "prod": 110.18694905925341, "target": 7, "value": 0.94523784083698492, "supply": [{"l": "Potash", "v": 1.3716805566529}, {"l": "Phosphate", "v": 2.9500416690266995}, {"l": "Nitrogen", "v": 11.797263898326699}]}, {"source": 107, "prod": 2.80300133571785, "target": 44, "value": 0.024045524021291721, "supply": [{"l": "Potash", "v": 1.3716805566529}, {"l": "Phosphate", "v": 2.9500416690266995}, {"l": "Nitrogen", "v": 11.797263898326699}]}, {"source": 107, "prod": 15.335961331053984, "target": 8, "value": 0.1315594187831593, "supply": [{"l": "Potash", "v": 1.3716805566529}, {"l": "Phosphate", "v": 2.9500416690266995}, {"l": "Nitrogen", "v": 11.797263898326699}]}, {"source": 107, "prod": 0.48327609236514651, "target": 47, "value": 0.0041457800036709862, "supply": [{"l": "Potash", "v": 1.3716805566529}, {"l": "Phosphate", "v": 2.9500416690266995}, {"l": "Nitrogen", "v": 11.797263898326699}]}, {"source": 107, "prod": 11.485861795211649, "target": 51, "value": 0.098531371420580438, "supply": [{"l": "Potash", "v": 1.3716805566529}, {"l": "Phosphate", "v": 2.9500416690266995}, {"l": "Nitrogen", "v": 11.797263898326699}]}, {"source": 107, "prod": 2.5613632895352763, "target": 10, "value": 0.021972634019456226, "supply": [{"l": "Potash", "v": 1.3716805566529}, {"l": "Phosphate", "v": 2.9500416690266995}, {"l": "Nitrogen", "v": 11.797263898326699}]}, {"source": 107, "prod": 0.23197252433526905, "target": 103, "value": 0.0019899744017620622, "supply": [{"l": "Potash", "v": 1.3716805566529}, {"l": "Phosphate", "v": 2.9500416690266995}, {"l": "Nitrogen", "v": 11.797263898326699}]}, {"source": 107, "prod": 4.4622492528381867, "target": 12, "value": 0.038279368700562109, "supply": [{"l": "Potash", "v": 1.3716805566529}, {"l": "Phosphate", "v": 2.9500416690266995}, {"l": "Nitrogen", "v": 11.797263898326699}]}, {"source": 107, "prod": 2.303616040273865, "target": 13, "value": 0.019761551350831703, "supply": [{"l": "Potash", "v": 1.3716805566529}, {"l": "Phosphate", "v": 2.9500416690266995}, {"l": "Nitrogen", "v": 11.797263898326699}]}, {"source": 107, "prod": 74.714483879651652, "target": 14, "value": 0.64093758856753447, "supply": [{"l": "Potash", "v": 1.3716805566529}, {"l": "Phosphate", "v": 2.9500416690266995}, {"l": "Nitrogen", "v": 11.797263898326699}]}, {"source": 107, "prod": 102.14845672291314, "target": 15, "value": 0.87627970010925749, "supply": [{"l": "Potash", "v": 1.3716805566529}, {"l": "Phosphate", "v": 2.9500416690266995}, {"l": "Nitrogen", "v": 11.797263898326699}]}, {"source": 107, "prod": 5.6704394837510526, "target": 17, "value": 0.048643818709739571, "supply": [{"l": "Potash", "v": 1.3716805566529}, {"l": "Phosphate", "v": 2.9500416690266995}, {"l": "Nitrogen", "v": 11.797263898326699}]}, {"source": 107, "prod": 0.54771290468049938, "target": 63, "value": 0.0046985506708271179, "supply": [{"l": "Potash", "v": 1.3716805566529}, {"l": "Phosphate", "v": 2.9500416690266995}, {"l": "Nitrogen", "v": 11.797263898326699}]}, {"source": 107, "prod": 108.09275265900443, "target": 89, "value": 0.92727279415441055, "supply": [{"l": "Potash", "v": 1.3716805566529}, {"l": "Phosphate", "v": 2.9500416690266995}, {"l": "Nitrogen", "v": 11.797263898326699}]}, {"source": 107, "prod": 72.072574574722196, "target": 90, "value": 0.61827399121413307, "supply": [{"l": "Potash", "v": 1.3716805566529}, {"l": "Phosphate", "v": 2.9500416690266995}, {"l": "Nitrogen", "v": 11.797263898326699}]}, {"source": 107, "prod": 4.0917375820249067, "target": 62, "value": 0.035100937364414345, "supply": [{"l": "Potash", "v": 1.3716805566529}, {"l": "Phosphate", "v": 2.9500416690266995}, {"l": "Nitrogen", "v": 11.797263898326699}]}, {"source": 107, "prod": 11.437534185975135, "target": 69, "value": 0.098116793420213344, "supply": [{"l": "Potash", "v": 1.3716805566529}, {"l": "Phosphate", "v": 2.9500416690266995}, {"l": "Nitrogen", "v": 11.797263898326699}]}, {"source": 107, "prod": 3.5279154742655701, "target": 73, "value": 0.0302641940267982, "supply": [{"l": "Potash", "v": 1.3716805566529}, {"l": "Phosphate", "v": 2.9500416690266995}, {"l": "Nitrogen", "v": 11.797263898326699}]}, {"source": 107, "prod": 43.365974688232484, "target": 74, "value": 0.3720146589960765, "supply": [{"l": "Potash", "v": 1.3716805566529}, {"l": "Phosphate", "v": 2.9500416690266995}, {"l": "Nitrogen", "v": 11.797263898326699}]}, {"source": 107, "prod": 0.80546015394191084, "target": 21, "value": 0.0069096333394516431, "supply": [{"l": "Potash", "v": 1.3716805566529}, {"l": "Phosphate", "v": 2.9500416690266995}, {"l": "Nitrogen", "v": 11.797263898326699}]}, {"source": 107, "prod": 46.974436177892244, "target": 22, "value": 0.40296981635681989, "supply": [{"l": "Potash", "v": 1.3716805566529}, {"l": "Phosphate", "v": 2.9500416690266995}, {"l": "Nitrogen", "v": 11.797263898326699}]}, {"source": 107, "prod": 19.443808116157729, "target": 54, "value": 0.16679854881436268, "supply": [{"l": "Potash", "v": 1.3716805566529}, {"l": "Phosphate", "v": 2.9500416690266995}, {"l": "Nitrogen", "v": 11.797263898326699}]}, {"source": 107, "prod": 101.68128983362683, "target": 82, "value": 0.87227211277237549, "supply": [{"l": "Potash", "v": 1.3716805566529}, {"l": "Phosphate", "v": 2.9500416690266995}, {"l": "Nitrogen", "v": 11.797263898326699}]}, {"source": 107, "prod": 36.873965847460681, "target": 86, "value": 0.31632301428009624, "supply": [{"l": "Potash", "v": 1.3716805566529}, {"l": "Phosphate", "v": 2.9500416690266995}, {"l": "Nitrogen", "v": 11.797263898326699}]}, {"source": 107, "prod": 27.256771609394264, "target": 35, "value": 0.23382199220704361, "supply": [{"l": "Potash", "v": 1.3716805566529}, {"l": "Phosphate", "v": 2.9500416690266995}, {"l": "Nitrogen", "v": 11.797263898326699}]}, {"source": 105, "prod": 0, "target": 107, "value": 20.281646795489774, "supply": [{"l": "Natural gas (including LNG)", "v": 13.475996052759481}, {"l": "Fuel oil", "v": 4.7202344066693058}, {"l": "Liquefied petroleum gas (LPG)", "v": 1.0427081680304942}, {"l": "Coal", "v": 1.0427081680304942}]}, {"source": 108, "prod": 0, "target": 28, "value": 0.0067337768888156438, "supply": "[{\"l\":'Labor',\"v\":0.0067337768888156438}]"}, {"source": 108, "prod": 0, "target": 43, "value": 0.01188085922337013, "supply": "[{\"l\":'Labor',\"v\":0.01188085922337013}]"}, {"source": 108, "prod": 0, "target": 44, "value": 0.0067337768888156438, "supply": "[{\"l\":'Labor',\"v\":0.0067337768888156438}]"}, {"source": 108, "prod": 0, "target": 27, "value": 1.050701393858303, "supply": "[{\"l\":'Labor',\"v\":1.050701393858303}]"}, {"source": 108, "prod": 0, "target": 48, "value": 0.0022445922962718808, "supply": "[{\"l\":'Labor',\"v\":0.0022445922962718808}]"}, {"source": 108, "prod": 0, "target": 59, "value": 0.00015479946870840562, "supply": "[{\"l\":'Labor',\"v\":0.00015479946870840562}]"}, {"source": 108, "prod": 0, "target": 19, "value": 0.12852225889515373, "supply": "[{\"l\":'Labor',\"v\":0.12852225889515373}]"}, {"source": 108, "prod": 0, "target": 5, "value": 0.57248713515086092, "supply": "[{\"l\":'Labor',\"v\":0.57248713515086092}]"}, {"source": 108, "prod": 0, "target": 39, "value": 0.0079721726384828877, "supply": "[{\"l\":'Labor',\"v\":0.0079721726384828877}]"}, {"source": 108, "prod": 0, "target": 7, "value": 0.26470709149137356, "supply": "[{\"l\":'Labor',\"v\":0.26470709149137356}]"}, {"source": 108, "prod": 0, "target": 10, "value": 0.0061532788811591221, "supply": "[{\"l\":'Labor',\"v\":0.0061532788811591221}]"}, {"source": 108, "prod": 0, "target": 12, "value": 0.010719863208057089, "supply": "[{\"l\":'Labor',\"v\":0.010719863208057089}]"}, {"source": 108, "prod": 0, "target": 13, "value": 0.0055340810063254997, "supply": "[{\"l\":'Labor',\"v\":0.0055340810063254997}]"}, {"source": 108, "prod": 0, "target": 14, "value": 0.17948998396739627, "supply": "[{\"l\":'Labor',\"v\":0.17948998396739627}]"}, {"source": 108, "prod": 0, "target": 17, "value": 0.013622353246339692, "supply": "[{\"l\":'Labor',\"v\":0.013622353246339692}]"}, {"source": 108, "prod": 0, "target": 89, "value": 0.2596761087583504, "supply": "[{\"l\":'Labor',\"v\":0.2596761087583504}]"}, {"source": 108, "prod": 0, "target": 91, "value": 0.00050309827330231817, "supply": "[{\"l\":'Labor',\"v\":0.00050309827330231817}]"}, {"source": 108, "prod": 0, "target": 86, "value": 0.088583995968385107, "supply": "[{\"l\":'Labor',\"v\":0.088583995968385107}]"}, {"source": 108, "prod": 0, "target": 0, "value": 0.52624079387422484, "supply": "[{\"l\":'Labor',\"v\":0.52624079387422484}]"}, {"source": 108, "prod": 0, "target": 8, "value": 0.03684227355260053, "supply": "[{\"l\":'Labor',\"v\":0.03684227355260053}]"}, {"source": 108, "prod": 0, "target": 99, "value": 0.00011609960153130419, "supply": "[{\"l\":'Labor',\"v\":0.00011609960153130419}]"}, {"source": 108, "prod": 0, "target": 4, "value": 0.11679619914049202, "supply": "[{\"l\":'Labor',\"v\":0.11679619914049202}]"}, {"source": 108, "prod": 0, "target": 38, "value": 0.078057632096213525, "supply": "[{\"l\":'Labor',\"v\":0.078057632096213525}]"}, {"source": 108, "prod": 0, "target": 88, "value": 0.00011609960153130419, "supply": "[{\"l\":'Labor',\"v\":0.00011609960153130419}]"}, {"source": 108, "prod": 0, "target": 6, "value": 0.004218285522304052, "supply": "[{\"l\":'Labor',\"v\":0.004218285522304052}]"}, {"source": 108, "prod": 0, "target": 60, "value": 0.00019349933588550699, "supply": "[{\"l\":'Labor',\"v\":0.00019349933588550699}]"}, {"source": 108, "prod": 0, "target": 47, "value": 0.0011609960153130419, "supply": "[{\"l\":'Labor',\"v\":0.0011609960153130419}]"}, {"source": 108, "prod": 0, "target": 51, "value": 0.027593005297273297, "supply": "[{\"l\":'Labor',\"v\":0.027593005297273297}]"}, {"source": 108, "prod": 0, "target": 9, "value": 0.0028637901711055032, "supply": "[{\"l\":'Labor',\"v\":0.0028637901711055032}]"}, {"source": 108, "prod": 0, "target": 90, "value": 0.17314320575035166, "supply": "[{\"l\":'Labor',\"v\":0.17314320575035166}]"}, {"source": 108, "prod": 0, "target": 62, "value": 0.0098297662629837548, "supply": "[{\"l\":'Labor',\"v\":0.0098297662629837548}]"}, {"source": 108, "prod": 0, "target": 73, "value": 0.0084752709117852064, "supply": "[{\"l\":'Labor',\"v\":0.0084752709117852064}]"}, {"source": 108, "prod": 0, "target": 81, "value": 0.0069659760918782511, "supply": "[{\"l\":'Labor',\"v\":0.0069659760918782511}]"}, {"source": 108, "prod": 0, "target": 2, "value": 0.00073529747636492655, "supply": "[{\"l\":'Labor',\"v\":0.00073529747636492655}]"}, {"source": 108, "prod": 0, "target": 74, "value": 0.10418004244075697, "supply": "[{\"l\":'Labor',\"v\":0.10418004244075697}]"}, {"source": 108, "prod": 0, "target": 3, "value": 0.010410264270640275, "supply": "[{\"l\":'Labor',\"v\":0.010410264270640275}]"}, {"source": 108, "prod": 0, "target": 71, "value": 0.022600722431427217, "supply": "[{\"l\":'Labor',\"v\":0.022600722431427217}]"}, {"source": 108, "prod": 0, "target": 103, "value": 0.00055727808735025705, "supply": "[{\"l\":'Labor',\"v\":0.00055727808735025705}]"}, {"source": 108, "prod": 0, "target": 57, "value": 0.0028637901711055032, "supply": "[{\"l\":'Labor',\"v\":0.0028637901711055032}]"}, {"source": 108, "prod": 0, "target": 15, "value": 0.24539585776999998, "supply": "[{\"l\":'Labor',\"v\":0.24539585776999998}]"}, {"source": 108, "prod": 0, "target": 35, "value": 0.065480175263655557, "supply": "[{\"l\":'Labor',\"v\":0.065480175263655557}]"}, {"source": 108, "prod": 0, "target": 65, "value": 0.0045665843268979656, "supply": "[{\"l\":'Labor',\"v\":0.0045665843268979656}]"}, {"source": 108, "prod": 0, "target": 69, "value": 0.027476905695741995, "supply": "[{\"l\":'Labor',\"v\":0.027476905695741995}]"}, {"source": 108, "prod": 0, "target": 72, "value": 0.0013931952183756503, "supply": "[{\"l\":'Labor',\"v\":0.0013931952183756503}]"}, {"source": 108, "prod": 0, "target": 21, "value": 0.0019349933588550699, "supply": "[{\"l\":'Labor',\"v\":0.0019349933588550699}]"}, {"source": 108, "prod": 0, "target": 22, "value": 0.11284881268842768, "supply": "[{\"l\":'Labor',\"v\":0.11284881268842768}]"}, {"source": 108, "prod": 0, "target": 54, "value": 0.04671073968276139, "supply": "[{\"l\":'Labor',\"v\":0.04671073968276139}]"}, {"source": 108, "prod": 0, "target": 82, "value": 0.24427356162186403, "supply": "[{\"l\":'Labor',\"v\":0.24427356162186403}]"}, {"source": 108, "prod": 0, "target": 92, "value": 0.012229158027964041, "supply": "[{\"l\":'Labor',\"v\":0.012229158027964041}]"}, {"source": 108, "prod": 0, "target": 63, "value": 0.0013157954840214475, "supply": "[{\"l\":'Labor',\"v\":0.0013157954840214475}]"}, {"source": 105, "prod": 0, "target": 98, "value": 54.260640775212806, "supply": "[{\"l\":'Fossil Fuels',\"v\":54.260640775212806}]"}, {"source": 106, "prod": 0, "target": 98, "value": 5.5345027650433254, "supply": "[{\"l\":'Renewables & Nuclear',\"v\":5.5345027650433254},{\"l\":'Biomass & Waste',\"v\":0.0}]"}]}