{"nodes": [{"layer": 5, "name": "Fruits, Roots & Vegetables", "fill": "#98df8a"}, {"layer": 10, "name": "Feed", "fill": "#dbdb8d"}, {"layer": 13, "name": "Aquatic Products", "fill": "#1f77b4"}, {"layer": 13, "name": "Animal Products", "fill": "#17becf"}, {"layer": 5, "name": "Cereals", "fill": "#e7ba52"}, {"layer": 5, "name": "Oilcrops", "fill": "#ff9896"}, {"layer": 13, "name": "Other Processed", "fill": "#9c9ede"}, {"layer": 16, "name": "Food", "fill": "#b5cf6b"}, {"layer": 13, "name": "Sugar", "fill": "#d6616b"}, {"layer": 13, "name": "Vegetable Oils", "fill": "#f7b6d2"}, {"layer": 10, "name": "Processing", "fill": "#9edae5"}, {"layer": 5, "name": "Sugar Crops", "fill": "#ffbb78"}, {"layer": 16, "name": "Biofuels & Other", "fill": "#e7ba52"}, {"name": "Seed", "fill": "#dbdb8d"}, {"name": "Waste", "fill": "#c7c7c7"}, {"layer": 0, "name": "Import", "fill": "#aec7e8"}, {"layer": 16, "name": "Export", "fill": "#aec7e8"}, {"layer": 0, "name": "Stock Draw", "fill": "#c7c7c7"}, {"layer": 16, "name": "Stock Deposit", "fill": "#c7c7c7"}, {"layer": 0, "name": "Production", "fill": "#b5cf6b"}], "links": [{"source": 0, "prod": 0.37453538408914111, "target": 1, "value": 364.0, "supply": [{"l": "Potatoes", "v": 91.0}, {"l": "Yams", "v": 7.0}, {"l": "Beans", "v": 5.0}, {"l": "Roots, Other", "v": 27.0}, {"l": "Sweet potatoes", "v": 230.0}, {"l": "Pulses, Other", "v": 4.0}]}, {"source": 2, "prod": 8.0684279852697394, "target": 1, "value": 6986.0, "supply": [{"l": "Fish, Seafood", "v": 3371.0}, {"l": "Pelagic Fish", "v": 2704.0}, {"l": "Aquatic Products, Other", "v": 122.0}, {"l": "Aquatic Plants", "v": 122.0}, {"l": "Demersal Fish", "v": 667.0}]}, {"source": 3, "prod": 0.09007900451984692, "target": 1, "value": 134.0, "supply": [{"l": "Milk - Excluding Butter", "v": 134.0}]}, {"source": 4, "prod": 44.899182937344861, "target": 1, "value": 17238.0, "supply": [{"l": "Maize", "v": 10615.0}, {"l": "Oats", "v": 126.0}, {"l": "Rye", "v": 19.0}, {"l": "Barley", "v": 1519.0}, {"l": "Rice", "v": 3.0}, {"l": "Sorghum", "v": 4219.0}, {"l": "Cereals, Other", "v": 61.0}, {"l": "Wheat", "v": 647.0}, {"l": "Millet", "v": 29.0}]}, {"source": 5, "prod": 0.35463545346743597, "target": 1, "value": 63.0, "supply": [{"l": "Soyabeans", "v": 55.0}, {"l": "Groundnuts", "v": 4.0}, {"l": "Oilcrops, Other", "v": 4.0}]}, {"source": 6, "prod": 9.3897266242378752, "target": 7, "value": 6856.0, "supply": [{"l": "Beer", "v": 4560.0}, {"l": "Beverages, Alcoholic", "v": 712.0}, {"l": "Fats, Animals, Raw", "v": 151.0}, {"l": "Butter, Ghee", "v": 66.0}, {"l": "Wine", "v": 79.0}, {"l": "Beverages, Fermented", "v": 1192.0}, {"l": "Fish, Body Oil", "v": 90.0}, {"l": "Fish, Liver Oil", "v": 6.0}]}, {"source": 3, "prod": 14.759894069995733, "target": 7, "value": 13655.0, "supply": [{"l": "Pigmeat", "v": 1561.0}, {"l": "Meat, Other", "v": 113.0}, {"l": "Eggs", "v": 1918.0}, {"l": "Mutton & Goat Meat", "v": 77.0}, {"l": "Poultry Meat", "v": 1172.0}, {"l": "Milk - Excluding Butter", "v": 7905.0}, {"l": "Offals, Edible", "v": 333.0}, {"l": "Bovine Meat", "v": 576.0}]}, {"source": 4, "prod": 59.454761169873173, "target": 7, "value": 13904.0, "supply": [{"l": "Maize", "v": 1687.0}, {"l": "Rye", "v": 5.0}, {"l": "Barley", "v": 180.0}, {"l": "Cereals, Other", "v": 63.0}, {"l": "Rice", "v": 6849.0}, {"l": "Wheat", "v": 5082.0}, {"l": "Oats", "v": 18.0}, {"l": "Millet", "v": 20.0}]}, {"source": 5, "prod": 5.6808222177642378, "target": 7, "value": 1003.0, "supply": [{"l": "Coconuts - Incl Copra", "v": 9.0}, {"l": "Sesame seed", "v": 26.0}, {"l": "Groundnuts", "v": 101.0}, {"l": "Oilcrops, Other", "v": 31.0}, {"l": "Soyabeans", "v": 827.0}, {"l": "Rape and Mustardseed", "v": 9.0}]}, {"source": 0, "prod": 12.156931731350962, "target": 7, "value": 25692.0, "supply": [{"l": "Roots, Other", "v": 445.0}, {"l": "Nuts", "v": 101.0}, {"l": "Yams", "v": 113.0}, {"l": "Grapefruit", "v": 123.0}, {"l": "Cocoa Beans", "v": 57.0}, {"l": "Tomatoes", "v": 1044.0}, {"l": "Coffee", "v": 196.0}, {"l": "Treenuts", "v": 101.0}, {"l": "Vegetables, Other", "v": 12001.0}, {"l": "Peas", "v": 30.0}, {"l": "Grapes", "v": 296.0}, {"l": "Dates", "v": 1.0}, {"l": "Potatoes", "v": 2781.0}, {"l": "Pimento", "v": 3.0}, {"l": "Pepper", "v": 5.0}, {"l": "Beans", "v": 233.0}, {"l": "Pulses, Other", "v": 17.0}, {"l": "Lemons, Limes", "v": 92.0}, {"l": "Pineapples", "v": 160.0}, {"l": "Bananas", "v": 603.0}, {"l": "Citrus, Other", "v": 256.0}, {"l": "Spices, Other", "v": 39.0}, {"l": "Tea", "v": 116.0}, {"l": "Fruits, Other", "v": 1199.0}, {"l": "Sweet potatoes", "v": 798.0}, {"l": "Oranges, Mandarines", "v": 2853.0}, {"l": "Onions", "v": 1167.0}, {"l": "Apples", "v": 862.0}]}, {"source": 8, "prod": 14.63837226691634, "target": 7, "value": 3872.0, "supply": [{"l": "Sugar", "v": 2902.0}, {"l": "Sugar non-centrifugal", "v": 12.0}, {"l": "Sweeteners, Other", "v": 932.0}, {"l": "Honey", "v": 26.0}]}, {"source": 2, "prod": 16.283090960345675, "target": 7, "value": 15638.0, "supply": [{"l": "Aquatic Plants", "v": 152.0}, {"l": "Freshwater Fish", "v": 396.0}, {"l": "Crustaceans", "v": 511.0}, {"l": "Aquatic Products, Other", "v": 283.0}, {"l": "Marine Fish, Other", "v": 843.0}, {"l": "Demersal Fish", "v": 1969.0}, {"l": "Pelagic Fish", "v": 2208.0}, {"l": "Fish, Seafood", "v": 7536.0}, {"l": "Cephalopods", "v": 852.0}, {"l": "Molluscs, Other", "v": 757.0}, {"l": "Aquatic Animals, Others", "v": 131.0}]}, {"source": 9, "prod": 11.65843062695234, "target": 7, "value": 1175.0, "supply": [{"l": "Ricebran Oil", "v": 50.0}, {"l": "Maize Germ Oil", "v": 66.0}, {"l": "Soyabean Oil", "v": 547.0}, {"l": "Sunflowerseed Oil", "v": 7.0}, {"l": "Olive Oil", "v": 1.0}, {"l": "Coconut Oil", "v": 60.0}, {"l": "Rape and Mustard Oil", "v": 412.0}, {"l": "Oilcrops Oil, Other", "v": 13.0}, {"l": "Cottonseed Oil", "v": 10.0}, {"l": "Palmkernel Oil", "v": 9.0}]}, {"source": 0, "prod": 0.65633584693244584, "target": 10, "value": 780.0, "supply": [{"l": "Potatoes", "v": 338.0}, {"l": "Sweet potatoes", "v": 108.0}, {"l": "Grapes", "v": 65.0}, {"l": "Cassava", "v": 269.0}]}, {"source": 11, "prod": 4.7774134157737915, "target": 10, "value": 5645.0, "supply": [{"l": "Sugar beet", "v": 3550.0}, {"l": "Sugar cane", "v": 2095.0}]}, {"source": 4, "prod": 6.9900118660019466, "target": 10, "value": 1995.0, "supply": [{"l": "Maize", "v": 644.0}, {"l": "Oats", "v": 3.0}, {"l": "Barley", "v": 867.0}, {"l": "Rice", "v": 312.0}, {"l": "Wheat", "v": 169.0}]}, {"source": 5, "prod": 28.067704793822472, "target": 10, "value": 5067.848484848485, "supply": [{"l": "Soyabeans", "v": 3450.0}, {"l": "Oilcrops, Other", "v": 201.0}, {"l": "Sunflower seed", "v": 3.0}, {"l": "Coconuts - Incl Copra", "v": 270.0}, {"l": "Sesame seed", "v": 37.0}, {"l": "Cottonseed", "v": 78.0}, {"l": "Rape and Mustardseed", "v": 1008.0}, {"l": "Groundnuts", "v": 2.0}, {"l": "Palm kernels", "v": 14.0}, {"l": "Oil Palm", "v": 4.8484848484846541}]}, {"source": 8, "prod": 0.24987711694646597, "target": 10, "value": 67.0, "supply": [{"l": "Sugar", "v": 40.0}, {"l": "Sweeteners, Other", "v": 27.0}]}, {"source": 6, "prod": 4.4715572021260312, "target": 12, "value": 740.0, "supply": [{"l": "Alcohol, Non-Food", "v": 242.0}, {"l": "Fish, Body Oil", "v": 8.0}, {"l": "Fish, Liver Oil", "v": 1.0}, {"l": "Fats, Animals, Raw", "v": 489.0}]}, {"source": 3, "prod": 0.43224477541986256, "target": 12, "value": 643.0, "supply": [{"l": "Milk - Excluding Butter", "v": 643.0}]}, {"source": 4, "prod": 0.44760856065617938, "target": 12, "value": 119.0, "supply": [{"l": "Maize", "v": 64.0}, {"l": "Oats", "v": 55.0}]}, {"source": 5, "prod": 0.012577827136444444, "target": 12, "value": 2.0, "supply": [{"l": "Oilcrops, Other", "v": 2.0}]}, {"source": 0, "prod": 0.056750483380351303, "target": 12, "value": 55.0, "supply": [{"l": "Potatoes", "v": 4.0}, {"l": "Sweet potatoes", "v": 51.0}]}, {"source": 2, "prod": 0.47391353226659161, "target": 12, "value": 954.0, "supply": [{"l": "Aquatic Animals, Others", "v": 4.0}, {"l": "Aquatic Plants", "v": 473.0}, {"l": "Aquatic Products, Other", "v": 477.0}]}, {"source": 9, "prod": 4.2755348291217672, "target": 12, "value": 416.0, "supply": [{"l": "Ricebran Oil", "v": 53.0}, {"l": "Sesameseed Oil", "v": 15.0}, {"l": "Soyabean Oil", "v": 51.0}, {"l": "Coconut Oil", "v": 18.0}, {"l": "Palm Oil", "v": 150.0}, {"l": "Cottonseed Oil", "v": 35.0}, {"l": "Palmkernel Oil", "v": 5.0}, {"l": "Oilcrops Oil, Other", "v": 89.0}]}, {"source": 2, "prod": 0.43420557427806061, "target": 2, "value": 400.0, "supply": [{"l": "Pelagic Fish", "v": 170.0}, {"l": "Fish, Seafood", "v": 200.0}, {"l": "Cephalopods", "v": 30.0}]}, {"source": 0, "prod": 0.3249065901556405, "target": 13, "value": 354.0, "supply": [{"l": "Potatoes", "v": 224.0}, {"l": "Roots, Other", "v": 46.0}, {"l": "Yams", "v": 8.0}, {"l": "Sweet potatoes", "v": 70.0}, {"l": "Beans", "v": 6.0}]}, {"source": 3, "prod": 0.1269657550442447, "target": 3, "value": 75.0, "supply": [{"l": "Eggs", "v": 75.0}]}, {"source": 4, "prod": 0.54993398378674252, "target": 13, "value": 114.0, "supply": [{"l": "Cereals, Other", "v": 1.0}, {"l": "Wheat", "v": 28.0}, {"l": "Barley", "v": 12.0}, {"l": "Rice", "v": 73.0}]}, {"source": 5, "prod": 0.0561061387494146, "target": 13, "value": 10.0, "supply": [{"l": "Soyabeans", "v": 9.0}, {"l": "Groundnuts", "v": 1.0}]}, {"source": 3, "prod": 0.18743002827091787, "target": 14, "value": 112.0, "supply": [{"l": "Pigmeat", "v": 33.0}, {"l": "Meat, Other", "v": 1.0}, {"l": "Mutton & Goat Meat", "v": 2.0}, {"l": "Bovine Meat", "v": 12.0}, {"l": "Poultry Meat", "v": 24.0}, {"l": "Eggs", "v": 40.0}]}, {"source": 4, "prod": 1.2845892557674459, "target": 14, "value": 296.0, "supply": [{"l": "Maize", "v": 2.0}, {"l": "Barley", "v": 5.0}, {"l": "Rice", "v": 139.0}, {"l": "Wheat", "v": 150.0}]}, {"source": 5, "prod": 0.28741665318831433, "target": 14, "value": 51.0, "supply": [{"l": "Soyabeans", "v": 44.0}, {"l": "Rape and Mustardseed", "v": 4.0}, {"l": "Oilcrops, Other", "v": 3.0}]}, {"source": 0, "prod": 1.192633470519777, "target": 14, "value": 2963.0, "supply": [{"l": "Roots, Other", "v": 27.0}, {"l": "Grapes", "v": 55.0}, {"l": "Potatoes", "v": 160.0}, {"l": "Pineapples", "v": 16.0}, {"l": "Nuts", "v": 7.0}, {"l": "Yams", "v": 7.0}, {"l": "Citrus, Other", "v": 45.0}, {"l": "Grapefruit", "v": 20.0}, {"l": "Beans", "v": 13.0}, {"l": "Fruits, Other", "v": 218.0}, {"l": "Tomatoes", "v": 142.0}, {"l": "Lemons, Limes", "v": 15.0}, {"l": "Bananas", "v": 124.0}, {"l": "Treenuts", "v": 7.0}, {"l": "Apples", "v": 96.0}, {"l": "Vegetables, Other", "v": 1383.0}, {"l": "Peas", "v": 1.0}, {"l": "Sweet potatoes", "v": 60.0}, {"l": "Oranges, Mandarines", "v": 505.0}, {"l": "Onions", "v": 61.0}, {"l": "Pulses, Other", "v": 1.0}]}, {"source": 8, "prod": 0.084900333171, "target": 14, "value": 22.0, "supply": [{"l": "Sugar", "v": 22.0}]}, {"source": 9, "prod": 0.049503391490692217, "target": 14, "value": 5.0, "supply": [{"l": "Soyabean Oil", "v": 4.0}, {"l": "Palm Oil", "v": 1.0}]}, {"source": 15, "prod": 14.724933576549109, "target": 10, "value": 3289.0, "supply": [{"l": "Ricebran Oil", "v": 1.0}, {"l": "Sugar", "v": 2260.0}, {"l": "Beverages, Alcoholic", "v": 72.0}, {"l": "Butter, Ghee", "v": 2.0}, {"l": "Fats, Animals, Raw", "v": 231.0}, {"l": "Sunflowerseed Oil", "v": 6.0}, {"l": "Rape and Mustard Oil", "v": 8.0}, {"l": "Wine", "v": 34.0}, {"l": "Sweeteners, Other", "v": 124.0}, {"l": "Fish, Body Oil", "v": 1.0}, {"l": "Honey", "v": 20.0}, {"l": "Palmkernel Oil", "v": 8.0}, {"l": "Alcohol, Non-Food", "v": 242.0}, {"l": "Oilcrops Oil, Other", "v": 28.0}, {"l": "Beer", "v": 12.0}, {"l": "Sugar non-centrifugal", "v": 5.0}, {"l": "Soyabean Oil", "v": 5.0}, {"l": "Palm Oil", "v": 159.0}, {"l": "Coconut Oil", "v": 35.0}, {"l": "Olive Oil", "v": 1.0}, {"l": "Beverages, Fermented", "v": 2.0}, {"l": "Cottonseed Oil", "v": 32.0}, {"l": "Fish, Liver Oil", "v": 1.0}]}, {"source": 15, "prod": 68.217947929444534, "target": 4, "value": 25155.0, "supply": [{"l": "Maize", "v": 12832.0}, {"l": "Barley", "v": 2064.0}, {"l": "Cereals, Other", "v": 70.0}, {"l": "Sorghum", "v": 4219.0}, {"l": "Rye", "v": 18.0}, {"l": "Rice", "v": 12.0}, {"l": "Wheat", "v": 5711.0}, {"l": "Oats", "v": 182.0}, {"l": "Millet", "v": 47.0}]}, {"source": 15, "prod": 34.382519280615149, "target": 5, "value": 6177.0, "supply": [{"l": "Sunflower seed", "v": 3.0}, {"l": "Coconuts - Incl Copra", "v": 268.0}, {"l": "Sesame seed", "v": 63.0}, {"l": "Cottonseed", "v": 91.0}, {"l": "Groundnuts", "v": 69.0}, {"l": "Rape and Mustardseed", "v": 1067.0}, {"l": "Oilcrops, Other", "v": 200.0}, {"l": "Soyabeans", "v": 4401.0}, {"l": "Palm kernels", "v": 15.0}]}, {"source": 15, "prod": 2.9048977642222638, "target": 0, "value": 3200.0, "supply": [{"l": "Vegetables, Other", "v": 407.0}, {"l": "Nuts", "v": 62.0}, {"l": "Infant food", "v": 4.0}, {"l": "Tomatoes", "v": 172.0}, {"l": "Pepper", "v": 5.0}, {"l": "Treenuts", "v": 62.0}, {"l": "Roots, Other", "v": 1.0}, {"l": "Peas", "v": 28.0}, {"l": "Grapes", "v": 93.0}, {"l": "Pimento", "v": 4.0}, {"l": "Pulses, Other", "v": 19.0}, {"l": "Pineapples", "v": 120.0}, {"l": "Tea", "v": 16.0}, {"l": "Fruits, Other", "v": 183.0}, {"l": "Grapefruit", "v": 143.0}, {"l": "Coffee", "v": 196.0}, {"l": "Dates", "v": 1.0}, {"l": "Cocoa Beans", "v": 59.0}, {"l": "Potatoes", "v": 176.0}, {"l": "Beans", "v": 148.0}, {"l": "Lemons, Limes", "v": 107.0}, {"l": "Bananas", "v": 726.0}, {"l": "Spices, Other", "v": 39.0}, {"l": "Oranges, Mandarines", "v": 83.0}, {"l": "Cassava", "v": 269.0}, {"l": "Onions", "v": 77.0}]}, {"source": 15, "prod": 5.9872747515131231, "target": 1, "value": 6512.0, "supply": [{"l": "Crustaceans", "v": 356.0}, {"l": "Eggs", "v": 32.0}, {"l": "Marine Fish, Other", "v": 126.0}, {"l": "Pigmeat", "v": 119.0}, {"l": "Fish, Seafood", "v": 1704.0}, {"l": "Aquatic Animals, Others", "v": 101.0}, {"l": "Offals, Edible", "v": 55.0}, {"l": "Demersal Fish", "v": 52.0}, {"l": "Aquatic Products, Other", "v": 155.0}, {"l": "Freshwater Fish", "v": 102.0}, {"l": "Milk - Excluding Butter", "v": 2178.0}, {"l": "Meat, Other", "v": 89.0}, {"l": "Cephalopods", "v": 166.0}, {"l": "Mutton & Goat Meat", "v": 79.0}, {"l": "Pelagic Fish", "v": 790.0}, {"l": "Bovine Meat", "v": 170.0}, {"l": "Molluscs, Other", "v": 112.0}, {"l": "Poultry Meat", "v": 72.0}, {"l": "Aquatic Plants", "v": 54.0}]}, {"source": 6, "prod": 1.7383956362161905, "target": 16, "value": 183.0, "supply": [{"l": "Beer", "v": 10.0}, {"l": "Beverages, Alcoholic", "v": 2.0}, {"l": "Fats, Animals, Raw", "v": 7.0}, {"l": "Beverages, Fermented", "v": 3.0}, {"l": "Fish, Body Oil", "v": 160.0}, {"l": "Fish, Liver Oil", "v": 1.0}]}, {"source": 3, "prod": 0.0070548709198317199, "target": 16, "value": 6.0, "supply": [{"l": "Milk - Excluding Butter", "v": 2.0}, {"l": "Poultry Meat", "v": 4.0}]}, {"source": 4, "prod": 3.432405480200337, "target": 16, "value": 670.0, "supply": [{"l": "Wheat", "v": 142.0}, {"l": "Rice", "v": 528.0}]}, {"source": 5, "prod": 0.0055292233787836145, "target": 16, "value": 1.0, "supply": [{"l": "Soyabeans", "v": 1.0}]}, {"source": 0, "prod": 0.049101594018201404, "target": 16, "value": 103.0, "supply": [{"l": "Cocoa Beans", "v": 1.0}, {"l": "Potatoes", "v": 1.0}, {"l": "Fruits, Other", "v": 58.0}, {"l": "Apples", "v": 2.0}, {"l": "Tea", "v": 3.0}, {"l": "Vegetables, Other", "v": 18.0}, {"l": "Infant food", "v": 1.0}, {"l": "Oranges, Mandarines", "v": 19.0}]}, {"source": 8, "prod": 0.29940231129621597, "target": 16, "value": 83.0, "supply": [{"l": "Sugar", "v": 18.0}, {"l": "Sweeteners, Other", "v": 65.0}]}, {"source": 2, "prod": 2.2359252748217413, "target": 16, "value": 2034.0, "supply": [{"l": "Molluscs, Other", "v": 38.0}, {"l": "Freshwater Fish", "v": 2.0}, {"l": "Pelagic Fish", "v": 859.0}, {"l": "Fish, Seafood", "v": 1014.0}, {"l": "Cephalopods", "v": 16.0}, {"l": "Marine Fish, Other", "v": 26.0}, {"l": "Aquatic Plants", "v": 3.0}, {"l": "Aquatic Products, Other", "v": 3.0}, {"l": "Crustaceans", "v": 24.0}, {"l": "Demersal Fish", "v": 49.0}]}, {"source": 9, "prod": 0.50458447938728679, "target": 16, "value": 48.0, "supply": [{"l": "Oilcrops Oil, Other", "v": 17.0}, {"l": "Rape and Mustard Oil", "v": 2.0}, {"l": "Sesameseed Oil", "v": 2.0}, {"l": "Soyabean Oil", "v": 22.0}, {"l": "Palm Oil", "v": 5.0}]}, {"source": 17, "prod": 0.072620219281621212, "target": 0, "value": 21.0, "supply": [{"l": "Potatoes", "v": 1.0}, {"l": "Beans", "v": 20.0}]}, {"source": 17, "prod": 0.030941101445902314, "target": 5, "value": 13.0, "supply": [{"l": "Coconuts - Incl Copra", "v": 11.0}, {"l": "Oilcrops, Other", "v": 2.0}]}, {"source": 4, "prod": 0.24137722459930294, "target": 18, "value": 76.0, "supply": [{"l": "Wheat", "v": 76.0}]}, {"source": 9, "prod": 0.041163797901090912, "target": 18, "value": 4.0, "supply": [{"l": "Palm Oil", "v": 4.0}]}, {"source": 5, "prod": 1.443719336286017, "target": 18, "value": 252.0, "supply": [{"l": "Soyabeans", "v": 188.0}, {"l": "Cottonseed", "v": 13.0}, {"l": "Rape and Mustardseed", "v": 50.0}, {"l": "Palm kernels", "v": 1.0}]}, {"source": 17, "prod": 0.050551343414793892, "target": 10, "value": 6.0, "supply": [{"l": "Fats, Animals, Raw", "v": 6.0}]}, {"source": 8, "prod": 0.39748792348240913, "target": 18, "value": 103.0, "supply": [{"l": "Sugar", "v": 103.0}]}, {"source": 17, "prod": 9.1972019053418386, "target": 4, "value": 1803.0, "supply": [{"l": "Maize", "v": 177.0}, {"l": "Cereals, Other", "v": 39.0}, {"l": "Rye", "v": 6.0}, {"l": "Barley", "v": 134.0}, {"l": "Rice", "v": 1447.0}]}, {"source": 19, "prod": 39.850393243724859, "target": 4, "value": 7448.0, "supply": [{"l": "Maize", "v": 4.0}, {"l": "Barley", "v": 385.0}, {"l": "Cereals, Other", "v": 16.0}, {"l": "Rice", "v": 6445.0}, {"l": "Wheat", "v": 583.0}, {"l": "Oats", "v": 14.0}, {"l": "Millet", "v": 1.0}]}, {"source": 19, "prod": 1.5005262703387094, "target": 5, "value": 260.84848484848465, "supply": [{"l": "Groundnuts", "v": 38.0}, {"l": "Oilcrops, Other", "v": 40.0}, {"l": "Soyabeans", "v": 174.0}, {"l": "Rape and Mustardseed", "v": 4.0}, {"l": "Oil Palm", "v": 4.8484848484846541}]}, {"source": 19, "prod": 11.852680479657428, "target": 0, "value": 27096.0, "supply": [{"l": "Roots, Other", "v": 544.0}, {"l": "Nuts", "v": 47.0}, {"l": "Yams", "v": 134.0}, {"l": "Tomatoes", "v": 1014.0}, {"l": "Treenuts", "v": 47.0}, {"l": "Vegetables, Other", "v": 12995.0}, {"l": "Peas", "v": 3.0}, {"l": "Grapes", "v": 323.0}, {"l": "Potatoes", "v": 3421.0}, {"l": "Pineapples", "v": 56.0}, {"l": "Beans", "v": 89.0}, {"l": "Pulses, Other", "v": 3.0}, {"l": "Bananas", "v": 1.0}, {"l": "Citrus, Other", "v": 302.0}, {"l": "Tea", "v": 102.0}, {"l": "Fruits, Other", "v": 1292.0}, {"l": "Sweet potatoes", "v": 1317.0}, {"l": "Oranges, Mandarines", "v": 3294.0}, {"l": "Onions", "v": 1152.0}, {"l": "Apples", "v": 960.0}]}, {"source": 19, "prod": 4.7774134157737915, "target": 11, "value": 5645.0, "supply": [{"l": "Sugar beet", "v": 3550.0}, {"l": "Sugar cane", "v": 2095.0}]}, {"source": 1, "prod": 27.061357752703749, "target": 2, "value": 25612.0, "supply": [{"l": "Pelagic Fish", "v": 5941.0}, {"l": "Crustaceans", "v": 535.0}, {"l": "Freshwater Fish", "v": 398.0}, {"l": "Molluscs, Other", "v": 795.0}, {"l": "Aquatic Animals, Others", "v": 135.0}, {"l": "Demersal Fish", "v": 2685.0}, {"l": "Aquatic Products, Other", "v": 885.0}, {"l": "Fish, Seafood", "v": 12121.0}, {"l": "Aquatic Plants", "v": 750.0}, {"l": "Cephalopods", "v": 898.0}, {"l": "Marine Fish, Other", "v": 869.0}]}, {"source": 1, "prod": 15.476702749126192, "target": 3, "value": 14550.0, "supply": [{"l": "Poultry Meat", "v": 1200.0}, {"l": "Pigmeat", "v": 1594.0}, {"l": "Bovine Meat", "v": 588.0}, {"l": "Eggs", "v": 2033.0}, {"l": "Milk - Excluding Butter", "v": 8684.0}, {"l": "Offals, Edible", "v": 333.0}, {"l": "Meat, Other", "v": 114.0}, {"l": "Mutton & Goat Meat", "v": 79.0}]}, {"source": 10, "prod": 15.599679462580095, "target": 6, "value": 7779.0, "supply": [{"l": "Fats, Animals, Raw", "v": 647.0}, {"l": "Alcohol, Non-Food", "v": 242.0}, {"l": "Beverages, Fermented", "v": 1195.0}, {"l": "Fish, Body Oil", "v": 258.0}, {"l": "Beer", "v": 4570.0}, {"l": "Beverages, Alcoholic", "v": 714.0}, {"l": "Fish, Liver Oil", "v": 8.0}, {"l": "Butter, Ghee", "v": 66.0}, {"l": "Wine", "v": 79.0}]}, {"source": 10, "prod": 16.529217124853179, "target": 9, "value": 1648.0, "supply": [{"l": "Olive Oil", "v": 1.0}, {"l": "Ricebran Oil", "v": 103.0}, {"l": "Sesameseed Oil", "v": 17.0}, {"l": "Soyabean Oil", "v": 624.0}, {"l": "Coconut Oil", "v": 78.0}, {"l": "Rape and Mustard Oil", "v": 414.0}, {"l": "Maize Germ Oil", "v": 66.0}, {"l": "Cottonseed Oil", "v": 45.0}, {"l": "Palmkernel Oil", "v": 14.0}, {"l": "Oilcrops Oil, Other", "v": 119.0}, {"l": "Palm Oil", "v": 160.0}, {"l": "Sunflowerseed Oil", "v": 7.0}]}, {"source": 10, "prod": 15.670039951812431, "target": 8, "value": 4147.0, "supply": [{"l": "Honey", "v": 26.0}, {"l": "Sweeteners, Other", "v": 1024.0}, {"l": "Sugar non-centrifugal", "v": 12.0}, {"l": "Sugar", "v": 3085.0}]}]}