{"nodes": [{"layer": 13, "name": "Milk - Excluding Butter"}, {"layer": 10, "name": "Feed", "fill": "#dbdb8d"}, {"layer": 13, "name": "Meat"}, {"layer": 13, "name": "Animal Fats"}, {"layer": 5, "name": "Starchy Roots"}, {"layer": 13, "name": "Fish, Seafood"}, {"layer": 5, "name": "Cereals - Excluding Beer"}, {"layer": 16, "name": "Food", "fill": "#b5cf6b"}, {"layer": 5, "name": "Oilcrops", "fill": "#ff9896"}, {"layer": 5, "name": "Treenuts"}, {"layer": 5, "name": "Pulses"}, {"layer": 5, "name": "Vegetables"}, {"layer": 5, "name": "Others"}, {"layer": 13, "name": "Aquatic Products, Other"}, {"layer": 13, "name": "Sugar & Sweeteners"}, {"layer": 13, "name": "Alcoholic Beverages"}, {"layer": 13, "name": "Vegetable Oils", "fill": "#f7b6d2"}, {"layer": 5, "name": "Stimulants"}, {"layer": 13, "name": "Eggs"}, {"layer": 5, "name": "Fruits - Excluding Wine"}, {"layer": 10, "name": "Processing", "fill": "#9edae5"}, {"layer": 5, "name": "Sugar Crops", "fill": "#ffbb78"}, {"layer": 16, "name": "Biofuels & Other", "fill": "#e7ba52"}, {"name": "Seed", "fill": "#dbdb8d"}, {"name": "Waste", "fill": "#c7c7c7"}, {"layer": 0, "name": "Import", "fill": "#aec7e8"}, {"layer": 16, "name": "Export", "fill": "#aec7e8"}, {"layer": 16, "name": "Stock Deposit", "fill": "#c7c7c7"}, {"layer": 0, "name": "Stock Draw", "fill": "#c7c7c7"}, {"layer": 0, "name": "Production", "fill": "#b5cf6b"}], "links": [{"source": 0, "prod": 0.12541633167839961, "target": 1, "value": 183.0, "supply": [{"l": "Milk - Excluding Butter", "v": 183.0}]}, {"source": 2, "prod": 0.0029964823472117645, "target": 1, "value": 2.0, "supply": [{"l": "Meat, Other", "v": 2.0}]}, {"source": 3, "prod": 0.0084830799728599499, "target": 1, "value": 1.0, "supply": [{"l": "Fish, Body Oil", "v": 1.0}]}, {"source": 4, "prod": 0.014451349486521292, "target": 1, "value": 17.0, "supply": [{"l": "Potatoes", "v": 17.0}]}, {"source": 5, "prod": 0.17139619526821187, "target": 1, "value": 250.0, "supply": [{"l": "Pelagic Fish", "v": 59.0}, {"l": "Demersal Fish", "v": 63.0}, {"l": "Fish, Seafood", "v": 125.0}, {"l": "Cephalopods", "v": 3.0}]}, {"source": 6, "prod": 1.1956122816980082, "target": 1, "value": 337.0, "supply": [{"l": "Maize", "v": 179.0}, {"l": "Wheat", "v": 70.0}, {"l": "Oats", "v": 71.0}, {"l": "Barley", "v": 17.0}]}, {"source": 0, "prod": 0.47288125059068703, "target": 7, "value": 690.0, "supply": [{"l": "Milk - Excluding Butter", "v": 690.0}]}, {"source": 8, "prod": 0.0052965772338137559, "target": 7, "value": 5.0, "supply": [{"l": "Olives", "v": 4.0}, {"l": "Coconuts - Incl Copra", "v": 1.0}]}, {"source": 9, "prod": 0.0070750277642500003, "target": 7, "value": 2.0, "supply": [{"l": "Treenuts", "v": 2.0}]}, {"source": 10, "prod": 0.20005099463555945, "target": 7, "value": 51.0, "supply": [{"l": "Peas", "v": 4.0}, {"l": "Beans", "v": 43.0}, {"l": "Pulses, Other", "v": 4.0}]}, {"source": 11, "prod": 0.30839016776003769, "target": 7, "value": 933.0, "supply": [{"l": "Vegetables, Other", "v": 723.0}, {"l": "Tomatoes", "v": 116.0}, {"l": "Onions", "v": 94.0}]}, {"source": 12, "prod": 0.0084900333171, "target": 7, "value": 2.0, "supply": [{"l": "Nuts", "v": 2.0}]}, {"source": 3, "prod": 0.24686110388234461, "target": 7, "value": 29.0, "supply": [{"l": "Butter, Ghee", "v": 11.0}, {"l": "Fats, Animals, Raw", "v": 18.0}]}, {"source": 4, "prod": 0.56074882161233053, "target": 7, "value": 660.0, "supply": [{"l": "Potatoes", "v": 651.0}, {"l": "Sweet potatoes", "v": 9.0}]}, {"source": 5, "prod": 0.13053177169811966, "target": 7, "value": 236.0, "supply": [{"l": "Crustaceans", "v": 11.0}, {"l": "Marine Fish, Other", "v": 2.0}, {"l": "Pelagic Fish", "v": 20.0}, {"l": "Fish, Seafood", "v": 118.0}, {"l": "Molluscs, Other", "v": 24.0}, {"l": "Demersal Fish", "v": 61.0}]}, {"source": 13, "prod": 0.0046488888800000003, "target": 7, "value": 4.0, "supply": [{"l": "Aquatic Products, Other", "v": 2.0}, {"l": "Aquatic Animals, Others", "v": 2.0}]}, {"source": 14, "prod": 1.2284626183472649, "target": 7, "value": 297.0, "supply": [{"l": "Sugar", "v": 292.0}, {"l": "Honey", "v": 5.0}]}, {"source": 15, "prod": 0.47511340041123173, "target": 7, "value": 615.0, "supply": [{"l": "Beer", "v": 123.0}, {"l": "Beverages, Alcoholic", "v": 13.0}, {"l": "Wine", "v": 479.0}]}, {"source": 6, "prod": 4.1574772911721567, "target": 7, "value": 1181.0, "supply": [{"l": "Maize", "v": 20.0}, {"l": "Rye", "v": 6.0}, {"l": "Barley", "v": 6.0}, {"l": "Rice", "v": 61.0}, {"l": "Wheat", "v": 1080.0}, {"l": "Oats", "v": 8.0}]}, {"source": 16, "prod": 0.55267192242974916, "target": 7, "value": 54.0, "supply": [{"l": "Soyabean Oil", "v": 17.0}, {"l": "Sunflowerseed Oil", "v": 15.0}, {"l": "Olive Oil", "v": 2.0}, {"l": "Rape and Mustard Oil", "v": 20.0}]}, {"source": 17, "prod": 0.024245132672155983, "target": 7, "value": 30.0, "supply": [{"l": "Coffee", "v": 8.0}, {"l": "Cocoa Beans", "v": 2.0}, {"l": "Tea", "v": 20.0}]}, {"source": 18, "prod": 0.055353521186378846, "target": 7, "value": 37.0, "supply": [{"l": "Eggs", "v": 37.0}]}, {"source": 19, "prod": 0.1719761891042009, "target": 7, "value": 304.0, "supply": [{"l": "Grapes", "v": 53.0}, {"l": "Apples", "v": 71.0}, {"l": "Lemons, Limes", "v": 15.0}, {"l": "Pineapples", "v": 1.0}, {"l": "Bananas", "v": 30.0}, {"l": "Fruits, Other", "v": 99.0}, {"l": "Oranges, Mandarines", "v": 35.0}]}, {"source": 2, "prod": 0.67344468157149884, "target": 7, "value": 268.0, "supply": [{"l": "Mutton & Goat Meat", "v": 27.0}, {"l": "Pigmeat", "v": 25.0}, {"l": "Meat, Other", "v": 2.0}, {"l": "Poultry Meat", "v": 22.0}, {"l": "Offals, Edible", "v": 27.0}, {"l": "Bovine Meat", "v": 165.0}]}, {"source": 6, "prod": 0.10172805402451843, "target": 20, "value": 25.0, "supply": [{"l": "Maize", "v": 1.0}, {"l": "Barley", "v": 24.0}]}, {"source": 21, "prod": 0.80425777624000006, "target": 20, "value": 692.0, "supply": [{"l": "Sugar beet", "v": 692.0}]}, {"source": 8, "prod": 0.098742778796706537, "target": 20, "value": 107.0, "supply": [{"l": "Sunflower seed", "v": 38.0}, {"l": "Olives", "v": 16.0}, {"l": "Rape and Mustardseed", "v": 48.0}, {"l": "Oilcrops, Other", "v": 4.0}, {"l": "Soyabeans", "v": 1.0}]}, {"source": 19, "prod": 0.53739402178222395, "target": 20, "value": 740.0, "supply": [{"l": "Grapes", "v": 740.0}]}, {"source": 8, "prod": 0.00092282970838043483, "target": 22, "value": 1.0, "supply": [{"l": "Oilcrops, Other", "v": 1.0}]}, {"source": 3, "prod": 0.16300377234735197, "target": 22, "value": 19.0, "supply": [{"l": "Fats, Animals, Raw", "v": 15.0}, {"l": "Fish, Body Oil", "v": 4.0}]}, {"source": 13, "prod": 0.011622222200000001, "target": 22, "value": 10.0, "supply": [{"l": "Aquatic Animals, Others", "v": 3.0}, {"l": "Aquatic Plants", "v": 2.0}, {"l": "Aquatic Products, Other", "v": 5.0}]}, {"source": 15, "prod": 0.0031590821645023255, "target": 22, "value": 4.0, "supply": [{"l": "Alcohol, Non-Food", "v": 4.0}]}, {"source": 6, "prod": 0.028313727662003088, "target": 22, "value": 7.0, "supply": [{"l": "Maize", "v": 5.0}, {"l": "Barley", "v": 2.0}]}, {"source": 16, "prod": 0.083132074050635801, "target": 22, "value": 8.0, "supply": [{"l": "Soyabean Oil", "v": 2.0}, {"l": "Coconut Oil", "v": 1.0}, {"l": "Palm Oil", "v": 1.0}, {"l": "Oilcrops Oil, Other", "v": 4.0}]}, {"source": 4, "prod": 0.10796008145812966, "target": 23, "value": 127.0, "supply": [{"l": "Potatoes", "v": 127.0}]}, {"source": 6, "prod": 0.49100182554306676, "target": 23, "value": 143.0, "supply": [{"l": "Maize", "v": 2.0}, {"l": "Wheat", "v": 120.0}, {"l": "Oats", "v": 11.0}, {"l": "Rye", "v": 1.0}, {"l": "Barley", "v": 6.0}, {"l": "Rice", "v": 3.0}]}, {"source": 18, "prod": 0.0029920822262907492, "target": 18, "value": 2.0, "supply": [{"l": "Eggs", "v": 2.0}]}, {"source": 10, "prod": 0.043075280551643148, "target": 23, "value": 11.0, "supply": [{"l": "Peas", "v": 1.0}, {"l": "Beans", "v": 8.0}, {"l": "Pulses, Other", "v": 2.0}]}, {"source": 8, "prod": 0.00092282970838043483, "target": 23, "value": 1.0, "supply": [{"l": "Oilcrops, Other", "v": 1.0}]}, {"source": 0, "prod": 0.015762708353022899, "target": 24, "value": 23.0, "supply": [{"l": "Milk - Excluding Butter", "v": 23.0}]}, {"source": 8, "prod": 0.0018456594167608697, "target": 24, "value": 2.0, "supply": [{"l": "Sunflower seed", "v": 1.0}, {"l": "Rape and Mustardseed", "v": 1.0}]}, {"source": 18, "prod": 0.0029920822262907492, "target": 24, "value": 2.0, "supply": [{"l": "Eggs", "v": 2.0}]}, {"source": 4, "prod": 0.035703334025523191, "target": 24, "value": 42.0, "supply": [{"l": "Potatoes", "v": 42.0}]}, {"source": 10, "prod": 0.0039260269674450867, "target": 24, "value": 1.0, "supply": [{"l": "Beans", "v": 1.0}]}, {"source": 19, "prod": 0.025650659931696851, "target": 24, "value": 46.0, "supply": [{"l": "Lemons, Limes", "v": 2.0}, {"l": "Bananas", "v": 2.0}, {"l": "Fruits, Other", "v": 14.0}, {"l": "Grapes", "v": 3.0}, {"l": "Oranges, Mandarines", "v": 4.0}, {"l": "Apples", "v": 21.0}]}, {"source": 6, "prod": 0.16301634334838369, "target": 24, "value": 47.0, "supply": [{"l": "Maize", "v": 2.0}, {"l": "Wheat", "v": 39.0}, {"l": "Oats", "v": 3.0}, {"l": "Barley", "v": 2.0}, {"l": "Rice", "v": 1.0}]}, {"source": 11, "prod": 0.052569253763261839, "target": 24, "value": 165.0, "supply": [{"l": "Vegetables, Other", "v": 112.0}, {"l": "Onions", "v": 14.0}, {"l": "Tomatoes", "v": 39.0}]}, {"source": 25, "prod": 0.089889230866794817, "target": 1, "value": 116.0, "supply": [{"l": "Milk - Excluding Butter", "v": 111.0}, {"l": "Bovine Meat", "v": 5.0}]}, {"source": 25, "prod": 1.4616431274752149, "target": 6, "value": 417.0, "supply": [{"l": "Maize", "v": 3.0}, {"l": "Rice", "v": 13.0}, {"l": "Cereals, Other", "v": 4.0}, {"l": "Wheat", "v": 396.0}, {"l": "Oats", "v": 1.0}]}, {"source": 25, "prod": 1.3348710822469281, "target": 20, "value": 255.0, "supply": [{"l": "Coconut Oil", "v": 1.0}, {"l": "Sugar", "v": 201.0}, {"l": "Oilcrops Oil, Other", "v": 3.0}, {"l": "Fats, Animals, Raw", "v": 24.0}, {"l": "Butter, Ghee", "v": 6.0}, {"l": "Soyabean Oil", "v": 19.0}, {"l": "Palm Oil", "v": 1.0}]}, {"source": 25, "prod": 0.00032482425322390358, "target": 11, "value": 1.0, "supply": [{"l": "Vegetables, Other", "v": 1.0}]}, {"source": 25, "prod": 0.024245132672155983, "target": 17, "value": 30.0, "supply": [{"l": "Cocoa Beans", "v": 2.0}, {"l": "Coffee", "v": 8.0}, {"l": "Tea", "v": 20.0}]}, {"source": 25, "prod": 0.023310250561104733, "target": 19, "value": 34.0, "supply": [{"l": "Fruits, Other", "v": 1.0}, {"l": "Pineapples", "v": 1.0}, {"l": "Bananas", "v": 32.0}]}, {"source": 25, "prod": 0.0016052584002920168, "target": 8, "value": 1.0, "supply": [{"l": "Coconuts - Incl Copra", "v": 1.0}]}, {"source": 8, "prod": 0.00092282970838043483, "target": 26, "value": 1.0, "supply": [{"l": "Oilcrops, Other", "v": 1.0}]}, {"source": 14, "prod": 0.0073189942388793118, "target": 26, "value": 2.0, "supply": [{"l": "Honey", "v": 2.0}]}, {"source": 9, "prod": 0.0035375138821250002, "target": 26, "value": 1.0, "supply": [{"l": "Treenuts", "v": 1.0}]}, {"source": 11, "prod": 0.021689472146551182, "target": 26, "value": 51.0, "supply": [{"l": "Vegetables, Other", "v": 19.0}, {"l": "Onions", "v": 32.0}]}, {"source": 12, "prod": 0.00424501665855, "target": 26, "value": 1.0, "supply": [{"l": "Nuts", "v": 1.0}]}, {"source": 15, "prod": 0.0094772464935069765, "target": 26, "value": 12.0, "supply": [{"l": "Wine", "v": 12.0}]}, {"source": 3, "prod": 0.11028003964717936, "target": 26, "value": 13.0, "supply": [{"l": "Fish, Body Oil", "v": 13.0}]}, {"source": 4, "prod": 0.0085007938156007618, "target": 26, "value": 10.0, "supply": [{"l": "Potatoes", "v": 10.0}]}, {"source": 10, "prod": 0.089741983499642311, "target": 26, "value": 23.0, "supply": [{"l": "Beans", "v": 12.0}, {"l": "Pulses, Other", "v": 9.0}, {"l": "Peas", "v": 2.0}]}, {"source": 13, "prod": 0.023244444400000001, "target": 26, "value": 20.0, "supply": [{"l": "Aquatic Products, Other", "v": 10.0}, {"l": "Aquatic Plants", "v": 10.0}]}, {"source": 5, "prod": 0.81003704024854639, "target": 26, "value": 1030.0, "supply": [{"l": "Fish, Seafood", "v": 515.0}, {"l": "Pelagic Fish", "v": 501.0}, {"l": "Crustaceans", "v": 5.0}, {"l": "Molluscs, Other", "v": 9.0}]}, {"source": 19, "prod": 0.022859982765223233, "target": 26, "value": 41.0, "supply": [{"l": "Apples", "v": 12.0}, {"l": "Lemons, Limes", "v": 6.0}, {"l": "Fruits, Other", "v": 15.0}, {"l": "Grapes", "v": 8.0}]}, {"source": 6, "prod": 0.024868794764457882, "target": 26, "value": 7.0, "supply": [{"l": "Oats", "v": 2.0}, {"l": "Barley", "v": 5.0}]}, {"source": 2, "prod": 0.002173653108293675, "target": 26, "value": 1.0, "supply": [{"l": "Mutton & Goat Meat", "v": 1.0}]}, {"source": 6, "prod": 0.80612827768218054, "target": 27, "value": 230.0, "supply": [{"l": "Wheat", "v": 222.0}, {"l": "Barley", "v": 8.0}]}, {"source": 28, "prod": 0.023693116233767443, "target": 20, "value": 30.0, "supply": [{"l": "Wine", "v": 30.0}]}, {"source": 14, "prod": 0.062166017093325338, "target": 27, "value": 15.0, "supply": [{"l": "Sugar", "v": 15.0}]}, {"source": 28, "prod": 0.12103559894212811, "target": 6, "value": 30.0, "supply": [{"l": "Maize", "v": 30.0}]}, {"source": 29, "prod": 0.10797107588051089, "target": 8, "value": 117.0, "supply": [{"l": "Olives", "v": 20.0}, {"l": "Sunflower seed", "v": 40.0}, {"l": "Oilcrops, Other", "v": 7.0}, {"l": "Soyabeans", "v": 1.0}, {"l": "Rape and Mustardseed", "v": 49.0}]}, {"source": 29, "prod": 0.010612541646375, "target": 9, "value": 3.0, "supply": [{"l": "Treenuts", "v": 3.0}]}, {"source": 29, "prod": 0.3367045390018894, "target": 10, "value": 86.0, "supply": [{"l": "Peas", "v": 6.0}, {"l": "Beans", "v": 64.0}, {"l": "Pulses, Other", "v": 16.0}]}, {"source": 29, "prod": 0.38199924516340295, "target": 11, "value": 1147.0, "supply": [{"l": "Tomatoes", "v": 155.0}, {"l": "Vegetables, Other", "v": 852.0}, {"l": "Onions", "v": 140.0}]}, {"source": 29, "prod": 0.80425777624000006, "target": 21, "value": 692.0, "supply": [{"l": "Sugar beet", "v": 692.0}]}, {"source": 29, "prod": 0.72821445977966559, "target": 4, "value": 857.0, "supply": [{"l": "Potatoes", "v": 848.0}, {"l": "Sweet potatoes", "v": 9.0}]}, {"source": 29, "prod": 0.012735049975650002, "target": 12, "value": 3.0, "supply": [{"l": "Nuts", "v": 3.0}]}, {"source": 29, "prod": 5.4067329628493983, "target": 6, "value": 1536.0, "supply": [{"l": "Maize", "v": 176.0}, {"l": "Rye", "v": 7.0}, {"l": "Barley", "v": 70.0}, {"l": "Rice", "v": 53.0}, {"l": "Wheat", "v": 1136.0}, {"l": "Oats", "v": 94.0}]}, {"source": 29, "prod": 0.73384439488469677, "target": 19, "value": 1096.0, "supply": [{"l": "Grapes", "v": 803.0}, {"l": "Apples", "v": 104.0}, {"l": "Lemons, Limes", "v": 23.0}, {"l": "Fruits, Other", "v": 127.0}, {"l": "Oranges, Mandarines", "v": 39.0}]}, {"source": 1, "prod": 0.61406029062210943, "target": 0, "value": 896.0, "supply": [{"l": "Milk - Excluding Butter", "v": 896.0}]}, {"source": 1, "prod": 0.058345603412669596, "target": 18, "value": 39.0, "supply": [{"l": "Eggs", "v": 41.0}]}, {"source": 1, "prod": 0.67861481702700421, "target": 2, "value": 271.0, "supply": [{"l": "Pigmeat", "v": 25.0}, {"l": "Bovine Meat", "v": 165.0}, {"l": "Poultry Meat", "v": 22.0}, {"l": "Offals, Edible", "v": 27.0}, {"l": "Meat, Other", "v": 4.0}, {"l": "Mutton & Goat Meat", "v": 28.0}]}, {"source": 1, "prod": 1.1119650072148779, "target": 5, "value": 1516.0, "supply": [{"l": "Pelagic Fish", "v": 580.0}, {"l": "Crustaceans", "v": 16.0}, {"l": "Molluscs, Other", "v": 33.0}, {"l": "Demersal Fish", "v": 124.0}, {"l": "Fish, Seafood", "v": 758.0}, {"l": "Marine Fish, Other", "v": 2.0}, {"l": "Cephalopods", "v": 3.0}]}, {"source": 1, "prod": 0.039515555480000006, "target": 13, "value": 34.0, "supply": [{"l": "Aquatic Plants", "v": 12.0}, {"l": "Aquatic Products, Other", "v": 17.0}, {"l": "Aquatic Animals, Others", "v": 5.0}]}, {"source": 20, "prod": 1.2979476296794696, "target": 14, "value": 314.0, "supply": [{"l": "Honey", "v": 7.0}, {"l": "Sugar", "v": 307.0}]}, {"source": 20, "prod": 0.63580399648038499, "target": 16, "value": 62.0, "supply": [{"l": "Olive Oil", "v": 2.0}, {"l": "Soyabean Oil", "v": 19.0}, {"l": "Coconut Oil", "v": 1.0}, {"l": "Rape and Mustard Oil", "v": 20.0}, {"l": "Palm Oil", "v": 1.0}, {"l": "Oilcrops Oil, Other", "v": 4.0}, {"l": "Sunflowerseed Oil", "v": 15.0}]}, {"source": 20, "prod": 0.48774972906924102, "target": 15, "value": 631.0, "supply": [{"l": "Beer", "v": 123.0}, {"l": "Beverages, Alcoholic", "v": 13.0}, {"l": "Alcohol, Non-Food", "v": 4.0}, {"l": "Wine", "v": 491.0}]}, {"source": 20, "prod": 0.52862799584973597, "target": 3, "value": 62.0, "supply": [{"l": "Fats, Animals, Raw", "v": 33.0}, {"l": "Fish, Body Oil", "v": 18.0}, {"l": "Butter, Ghee", "v": 11.0}]}]}