{"nodes": [{"layer": 13, "name": "Milk - Excluding Butter"}, {"layer": 10, "name": "Feed", "fill": "#dbdb8d"}, {"layer": 13, "name": "Meat"}, {"layer": 13, "name": "Animal Fats"}, {"layer": 5, "name": "Starchy Roots"}, {"layer": 13, "name": "Fish, Seafood"}, {"layer": 5, "name": "Cereals - Excluding Beer"}, {"layer": 16, "name": "Food", "fill": "#b5cf6b"}, {"layer": 5, "name": "Oilcrops", "fill": "#ff9896"}, {"layer": 5, "name": "Treenuts"}, {"layer": 5, "name": "Pulses"}, {"layer": 5, "name": "Vegetables"}, {"layer": 5, "name": "Others"}, {"layer": 13, "name": "Aquatic Products, Other"}, {"layer": 13, "name": "Sugar & Sweeteners"}, {"layer": 13, "name": "Alcoholic Beverages"}, {"layer": 13, "name": "Vegetable Oils", "fill": "#f7b6d2"}, {"layer": 5, "name": "Stimulants"}, {"layer": 13, "name": "Eggs"}, {"layer": 5, "name": "Fruits - Excluding Wine"}, {"layer": 10, "name": "Processing", "fill": "#9edae5"}, {"layer": 5, "name": "Sugar Crops", "fill": "#ffbb78"}, {"layer": 16, "name": "Biofuels & Other", "fill": "#e7ba52"}, {"name": "Seed", "fill": "#dbdb8d"}, {"name": "Waste", "fill": "#c7c7c7"}, {"layer": 0, "name": "Import", "fill": "#aec7e8"}, {"layer": 16, "name": "Export", "fill": "#aec7e8"}, {"layer": 16, "name": "Stock Deposit", "fill": "#c7c7c7"}, {"layer": 0, "name": "Stock Draw", "fill": "#c7c7c7"}, {"layer": 0, "name": "Production", "fill": "#b5cf6b"}], "links": [{"source": 0, "prod": 0.18498592540259587, "target": 1, "value": 276.0, "supply": [{"l": "Milk - Excluding Butter", "v": 276.0}]}, {"source": 2, "prod": 0.0037456029340147061, "target": 1, "value": 3.0, "supply": [{"l": "Meat, Other", "v": 3.0}]}, {"source": 3, "prod": 0.059051122801255213, "target": 1, "value": 7.0, "supply": [{"l": "Fish, Body Oil", "v": 7.0}]}, {"source": 4, "prod": 0.010194218294637963, "target": 1, "value": 12.0, "supply": [{"l": "Potatoes", "v": 12.0}]}, {"source": 5, "prod": 0.20431387060301726, "target": 1, "value": 328.0, "supply": [{"l": "Pelagic Fish", "v": 111.0}, {"l": "Demersal Fish", "v": 53.0}, {"l": "Fish, Seafood", "v": 164.0}]}, {"source": 6, "prod": 2.1226692752795842, "target": 1, "value": 586.0, "supply": [{"l": "Maize", "v": 356.0}, {"l": "Wheat", "v": 130.0}, {"l": "Oats", "v": 76.0}, {"l": "Barley", "v": 24.0}]}, {"source": 0, "prod": 0.52278631092037964, "target": 7, "value": 780.0, "supply": [{"l": "Milk - Excluding Butter", "v": 780.0}]}, {"source": 8, "prod": 0.006288913568222222, "target": 7, "value": 4.0, "supply": [{"l": "Olives", "v": 3.0}, {"l": "Coconuts - Incl Copra", "v": 1.0}]}, {"source": 9, "prod": 0.0080857460162857154, "target": 7, "value": 2.0, "supply": [{"l": "Treenuts", "v": 2.0}]}, {"source": 10, "prod": 0.23707590905474893, "target": 7, "value": 60.0, "supply": [{"l": "Peas", "v": 5.0}, {"l": "Beans", "v": 48.0}, {"l": "Pulses, Other", "v": 7.0}]}, {"source": 11, "prod": 0.30340583805717197, "target": 7, "value": 945.0, "supply": [{"l": "Vegetables, Other", "v": 744.0}, {"l": "Tomatoes", "v": 141.0}, {"l": "Onions", "v": 60.0}]}, {"source": 12, "prod": 0.007718212106454546, "target": 7, "value": 2.0, "supply": [{"l": "Nuts", "v": 2.0}]}, {"source": 3, "prod": 0.29642014600912214, "target": 7, "value": 35.0, "supply": [{"l": "Butter, Ghee", "v": 14.0}, {"l": "Fats, Animals, Raw", "v": 21.0}]}, {"source": 4, "prod": 0.40676749435576359, "target": 7, "value": 478.0, "supply": [{"l": "Potatoes", "v": 465.0}, {"l": "Sweet potatoes", "v": 13.0}]}, {"source": 5, "prod": 0.11888614199981448, "target": 7, "value": 220.0, "supply": [{"l": "Crustaceans", "v": 4.0}, {"l": "Marine Fish, Other", "v": 2.0}, {"l": "Pelagic Fish", "v": 34.0}, {"l": "Fish, Seafood", "v": 110.0}, {"l": "Molluscs, Other", "v": 22.0}, {"l": "Demersal Fish", "v": 48.0}]}, {"source": 13, "prod": 0.0092977777600000006, "target": 7, "value": 8.0, "supply": [{"l": "Aquatic Products, Other", "v": 4.0}, {"l": "Aquatic Animals, Others", "v": 4.0}]}, {"source": 14, "prod": 1.4624799040223979, "target": 7, "value": 354.0, "supply": [{"l": "Sugar", "v": 349.0}, {"l": "Honey", "v": 5.0}]}, {"source": 15, "prod": 0.45035578018618477, "target": 7, "value": 589.0, "supply": [{"l": "Beer", "v": 156.0}, {"l": "Beverages, Alcoholic", "v": 16.0}, {"l": "Wine", "v": 417.0}]}, {"source": 6, "prod": 4.9102074706106666, "target": 7, "value": 1441.0, "supply": [{"l": "Maize", "v": 35.0}, {"l": "Rye", "v": 9.0}, {"l": "Barley", "v": 10.0}, {"l": "Rice", "v": 72.0}, {"l": "Wheat", "v": 1305.0}, {"l": "Oats", "v": 10.0}]}, {"source": 16, "prod": 0.67741540305103953, "target": 7, "value": 66.0, "supply": [{"l": "Soyabean Oil", "v": 15.0}, {"l": "Sunflowerseed Oil", "v": 21.0}, {"l": "Olive Oil", "v": 2.0}, {"l": "Rape and Mustard Oil", "v": 28.0}]}, {"source": 17, "prod": 0.018270240770469456, "target": 7, "value": 31.0, "supply": [{"l": "Coffee", "v": 9.0}, {"l": "Cocoa Beans", "v": 1.0}, {"l": "Tea", "v": 21.0}]}, {"source": 18, "prod": 0.079833948008896927, "target": 7, "value": 52.0, "supply": [{"l": "Eggs", "v": 52.0}]}, {"source": 19, "prod": 0.26759112186066858, "target": 7, "value": 459.0, "supply": [{"l": "Grapes", "v": 64.0}, {"l": "Apples", "v": 95.0}, {"l": "Lemons, Limes", "v": 34.0}, {"l": "Pineapples", "v": 5.0}, {"l": "Bananas", "v": 100.0}, {"l": "Fruits, Other", "v": 124.0}, {"l": "Oranges, Mandarines", "v": 37.0}]}, {"source": 2, "prod": 0.840932298800801, "target": 7, "value": 338.0, "supply": [{"l": "Mutton & Goat Meat", "v": 32.0}, {"l": "Pigmeat", "v": 42.0}, {"l": "Meat, Other", "v": 3.0}, {"l": "Poultry Meat", "v": 54.0}, {"l": "Offals, Edible", "v": 29.0}, {"l": "Bovine Meat", "v": 178.0}]}, {"source": 6, "prod": 0.12808719924723816, "target": 20, "value": 32.0, "supply": [{"l": "Maize", "v": 2.0}, {"l": "Barley", "v": 30.0}]}, {"source": 15, "prod": 0.0039731211395991209, "target": 20, "value": 5.0, "supply": [{"l": "Wine", "v": 5.0}]}, {"source": 21, "prod": 1.2389288865200001, "target": 20, "value": 1066.0, "supply": [{"l": "Sugar beet", "v": 1066.0}]}, {"source": 8, "prod": 0.56718139243404164, "target": 20, "value": 102.0, "supply": [{"l": "Sunflower seed", "v": 27.0}, {"l": "Olives", "v": 12.0}, {"l": "Rape and Mustardseed", "v": 61.0}, {"l": "Oilcrops, Other", "v": 1.0}, {"l": "Soyabeans", "v": 1.0}]}, {"source": 19, "prod": 0.46695183244049998, "target": 20, "value": 627.0, "supply": [{"l": "Grapes", "v": 627.0}]}, {"source": 8, "prod": 0.018277155057645836, "target": 22, "value": 3.0, "supply": [{"l": "Oilcrops, Other", "v": 3.0}]}, {"source": 3, "prod": 0.10306047509233854, "target": 22, "value": 12.0, "supply": [{"l": "Fats, Animals, Raw", "v": 11.0}, {"l": "Fish, Body Oil", "v": 1.0}]}, {"source": 13, "prod": 0.032542222160000002, "target": 22, "value": 28.0, "supply": [{"l": "Aquatic Animals, Others", "v": 4.0}, {"l": "Aquatic Plants", "v": 10.0}, {"l": "Aquatic Products, Other", "v": 14.0}]}, {"source": 5, "prod": 0.0070528875393724277, "target": 22, "value": 20.0, "supply": [{"l": "Molluscs, Other", "v": 10.0}, {"l": "Fish, Seafood", "v": 10.0}]}, {"source": 15, "prod": 0.00079462422791982414, "target": 22, "value": 1.0, "supply": [{"l": "Alcohol, Non-Food", "v": 1.0}]}, {"source": 6, "prod": 0.043730824421143677, "target": 22, "value": 11.0, "supply": [{"l": "Maize", "v": 10.0}, {"l": "Barley", "v": 1.0}]}, {"source": 16, "prod": 0.11483967970968043, "target": 22, "value": 11.0, "supply": [{"l": "Soyabean Oil", "v": 3.0}, {"l": "Coconut Oil", "v": 1.0}, {"l": "Palm Oil", "v": 1.0}, {"l": "Oilcrops Oil, Other", "v": 6.0}]}, {"source": 4, "prod": 0.090898446460521837, "target": 23, "value": 107.0, "supply": [{"l": "Potatoes", "v": 107.0}]}, {"source": 6, "prod": 0.46923263473976551, "target": 23, "value": 141.0, "supply": [{"l": "Maize", "v": 1.0}, {"l": "Wheat", "v": 118.0}, {"l": "Oats", "v": 11.0}, {"l": "Rye", "v": 1.0}, {"l": "Barley", "v": 7.0}, {"l": "Rice", "v": 3.0}]}, {"source": 18, "prod": 0.0061410729237613019, "target": 18, "value": 4.0, "supply": [{"l": "Eggs", "v": 4.0}]}, {"source": 10, "prod": 0.039659862915521898, "target": 23, "value": 10.0, "supply": [{"l": "Peas", "v": 1.0}, {"l": "Beans", "v": 7.0}, {"l": "Pulses, Other", "v": 2.0}]}, {"source": 8, "prod": 0.0060923850192152783, "target": 23, "value": 1.0, "supply": [{"l": "Oilcrops, Other", "v": 1.0}]}, {"source": 0, "prod": 0.02144764352493865, "target": 24, "value": 32.0, "supply": [{"l": "Milk - Excluding Butter", "v": 32.0}]}, {"source": 8, "prod": 0.018277155057645836, "target": 24, "value": 3.0, "supply": [{"l": "Sunflower seed", "v": 1.0}, {"l": "Rape and Mustardseed", "v": 2.0}]}, {"source": 18, "prod": 0.0046058046928209766, "target": 24, "value": 3.0, "supply": [{"l": "Eggs", "v": 3.0}]}, {"source": 4, "prod": 0.027238258961548779, "target": 24, "value": 32.0, "supply": [{"l": "Potatoes", "v": 31.0}, {"l": "Sweet potatoes", "v": 1.0}]}, {"source": 10, "prod": 0.0039352225434289949, "target": 24, "value": 1.0, "supply": [{"l": "Beans", "v": 1.0}]}, {"source": 19, "prod": 0.035286047476278594, "target": 24, "value": 63.0, "supply": [{"l": "Lemons, Limes", "v": 4.0}, {"l": "Bananas", "v": 6.0}, {"l": "Fruits, Other", "v": 19.0}, {"l": "Grapes", "v": 3.0}, {"l": "Oranges, Mandarines", "v": 4.0}, {"l": "Apples", "v": 27.0}]}, {"source": 6, "prod": 0.17660882017811169, "target": 24, "value": 52.0, "supply": [{"l": "Maize", "v": 4.0}, {"l": "Wheat", "v": 41.0}, {"l": "Oats", "v": 3.0}, {"l": "Barley", "v": 3.0}, {"l": "Rice", "v": 1.0}]}, {"source": 11, "prod": 0.052545410000589758, "target": 24, "value": 169.0, "supply": [{"l": "Vegetables, Other", "v": 113.0}, {"l": "Onions", "v": 9.0}, {"l": "Tomatoes", "v": 47.0}]}, {"source": 25, "prod": 0.075489722918845786, "target": 1, "value": 77.0, "supply": [{"l": "Milk - Excluding Butter", "v": 65.0}, {"l": "Bovine Meat", "v": 11.0}, {"l": "Eggs", "v": 1.0}]}, {"source": 25, "prod": 2.1675845789980603, "target": 6, "value": 587.0, "supply": [{"l": "Maize", "v": 255.0}, {"l": "Wheat", "v": 281.0}, {"l": "Rice", "v": 51.0}]}, {"source": 25, "prod": 1.8449158914620734, "target": 20, "value": 360.0, "supply": [{"l": "Coconut Oil", "v": 1.0}, {"l": "Sugar", "v": 294.0}, {"l": "Oilcrops Oil, Other", "v": 5.0}, {"l": "Rape and Mustard Oil", "v": 2.0}, {"l": "Butter, Ghee", "v": 7.0}, {"l": "Fats, Animals, Raw", "v": 22.0}, {"l": "Soyabean Oil", "v": 18.0}, {"l": "Palm Oil", "v": 1.0}, {"l": "Sunflowerseed Oil", "v": 10.0}]}, {"source": 25, "prod": 0.0018718183691244098, "target": 11, "value": 4.0, "supply": [{"l": "Onions", "v": 4.0}]}, {"source": 25, "prod": 0.018270240770469456, "target": 17, "value": 31.0, "supply": [{"l": "Cocoa Beans", "v": 1.0}, {"l": "Coffee", "v": 9.0}, {"l": "Tea", "v": 21.0}]}, {"source": 25, "prod": 0.08162273502675188, "target": 19, "value": 114.0, "supply": [{"l": "Fruits, Other", "v": 1.0}, {"l": "Pineapples", "v": 5.0}, {"l": "Bananas", "v": 107.0}, {"l": "Oranges, Mandarines", "v": 1.0}]}, {"source": 25, "prod": 0.0015722283920555555, "target": 8, "value": 1.0, "supply": [{"l": "Coconuts - Incl Copra", "v": 1.0}]}, {"source": 25, "prod": 0.011043736485857793, "target": 4, "value": 13.0, "supply": [{"l": "Potatoes", "v": 13.0}]}, {"source": 8, "prod": 0.0015722283920555555, "target": 26, "value": 1.0, "supply": [{"l": "Olives", "v": 1.0}]}, {"source": 14, "prod": 0.0035375138821250002, "target": 26, "value": 1.0, "supply": [{"l": "Honey", "v": 1.0}]}, {"source": 9, "prod": 0.0040428730081428577, "target": 26, "value": 1.0, "supply": [{"l": "Treenuts", "v": 1.0}]}, {"source": 11, "prod": 0.017169385327205706, "target": 26, "value": 42.0, "supply": [{"l": "Vegetables, Other", "v": 17.0}, {"l": "Onions", "v": 25.0}]}, {"source": 12, "prod": 0.003859106053227273, "target": 26, "value": 1.0, "supply": [{"l": "Nuts", "v": 1.0}]}, {"source": 15, "prod": 0.0047677453675189444, "target": 26, "value": 6.0, "supply": [{"l": "Wine", "v": 6.0}]}, {"source": 3, "prod": 0.1349739949742976, "target": 26, "value": 16.0, "supply": [{"l": "Fish, Body Oil", "v": 16.0}]}, {"source": 10, "prod": 0.031865534318865636, "target": 26, "value": 8.0, "supply": [{"l": "Beans", "v": 6.0}, {"l": "Pulses, Other", "v": 2.0}]}, {"source": 13, "prod": 0.053462222120000007, "target": 26, "value": 46.0, "supply": [{"l": "Aquatic Products, Other", "v": 23.0}, {"l": "Aquatic Plants", "v": 23.0}]}, {"source": 5, "prod": 1.0585849682965383, "target": 26, "value": 1572.0, "supply": [{"l": "Fish, Seafood", "v": 786.0}, {"l": "Pelagic Fish", "v": 745.0}, {"l": "Crustaceans", "v": 33.0}, {"l": "Molluscs, Other", "v": 4.0}, {"l": "Demersal Fish", "v": 4.0}]}, {"source": 19, "prod": 0.032335245973746943, "target": 26, "value": 52.0, "supply": [{"l": "Fruits, Other", "v": 21.0}, {"l": "Lemons, Limes", "v": 1.0}, {"l": "Apples", "v": 15.0}, {"l": "Grapes", "v": 15.0}]}, {"source": 6, "prod": 0.052061525057688678, "target": 26, "value": 13.0, "supply": [{"l": "Barley", "v": 13.0}]}, {"source": 14, "prod": 0.56715343794215722, "target": 27, "value": 137.0, "supply": [{"l": "Sugar", "v": 137.0}]}, {"source": 28, "prod": 0.019865605697995604, "target": 20, "value": 25.0, "supply": [{"l": "Wine", "v": 25.0}]}, {"source": 28, "prod": 0.059028338151434913, "target": 10, "value": 15.0, "supply": [{"l": "Beans", "v": 15.0}]}, {"source": 28, "prod": 0.38325959638573609, "target": 6, "value": 114.0, "supply": [{"l": "Barley", "v": 9.0}, {"l": "Oats", "v": 5.0}, {"l": "Wheat", "v": 100.0}]}, {"source": 29, "prod": 0.61454477274471531, "target": 8, "value": 112.0, "supply": [{"l": "Olives", "v": 15.0}, {"l": "Sunflower seed", "v": 28.0}, {"l": "Oilcrops, Other", "v": 4.0}, {"l": "Soyabeans", "v": 1.0}, {"l": "Rape and Mustardseed", "v": 64.0}]}, {"source": 29, "prod": 0.012128619024428572, "target": 9, "value": 3.0, "supply": [{"l": "Treenuts", "v": 3.0}]}, {"source": 29, "prod": 0.25736729673435782, "target": 10, "value": 65.0, "supply": [{"l": "Peas", "v": 7.0}, {"l": "Beans", "v": 47.0}, {"l": "Pulses, Other", "v": 11.0}]}, {"source": 29, "prod": 0.37124881501584306, "target": 11, "value": 1152.0, "supply": [{"l": "Tomatoes", "v": 188.0}, {"l": "Vegetables, Other", "v": 874.0}, {"l": "Onions", "v": 90.0}]}, {"source": 29, "prod": 1.2389288865200001, "target": 21, "value": 1066.0, "supply": [{"l": "Sugar beet", "v": 1066.0}]}, {"source": 29, "prod": 0.5249041997778342, "target": 4, "value": 617.0, "supply": [{"l": "Potatoes", "v": 603.0}, {"l": "Sweet potatoes", "v": 14.0}]}, {"source": 29, "prod": 0.011577318159681819, "target": 12, "value": 3.0, "supply": [{"l": "Nuts", "v": 3.0}]}, {"source": 29, "prod": 5.3589417887785267, "target": 6, "value": 1577.0, "supply": [{"l": "Maize", "v": 154.0}, {"l": "Rye", "v": 10.0}, {"l": "Barley", "v": 80.0}, {"l": "Rice", "v": 24.0}, {"l": "Wheat", "v": 1214.0}, {"l": "Oats", "v": 95.0}]}, {"source": 29, "prod": 0.72113805694061395, "target": 19, "value": 1087.0, "supply": [{"l": "Grapes", "v": 709.0}, {"l": "Apples", "v": 137.0}, {"l": "Lemons, Limes", "v": 38.0}, {"l": "Fruits, Other", "v": 163.0}, {"l": "Oranges, Mandarines", "v": 40.0}]}, {"source": 1, "prod": 0.72921987984791414, "target": 0, "value": 1088.0, "supply": [{"l": "Milk - Excluding Butter", "v": 1088.0}]}, {"source": 1, "prod": 0.084439752701717899, "target": 18, "value": 55.0, "supply": [{"l": "Eggs", "v": 59.0}]}, {"source": 1, "prod": 0.84467790173481572, "target": 2, "value": 341.0, "supply": [{"l": "Pigmeat", "v": 42.0}, {"l": "Bovine Meat", "v": 178.0}, {"l": "Poultry Meat", "v": 54.0}, {"l": "Offals, Edible", "v": 29.0}, {"l": "Meat, Other", "v": 6.0}, {"l": "Mutton & Goat Meat", "v": 32.0}]}, {"source": 1, "prod": 1.3888378684387424, "target": 5, "value": 2140.0, "supply": [{"l": "Pelagic Fish", "v": 890.0}, {"l": "Crustaceans", "v": 37.0}, {"l": "Molluscs, Other", "v": 36.0}, {"l": "Demersal Fish", "v": 105.0}, {"l": "Fish, Seafood", "v": 1070.0}, {"l": "Marine Fish, Other", "v": 2.0}]}, {"source": 1, "prod": 0.095302222040000009, "target": 13, "value": 82.0, "supply": [{"l": "Aquatic Plants", "v": 33.0}, {"l": "Aquatic Products, Other", "v": 41.0}, {"l": "Aquatic Animals, Others", "v": 8.0}]}, {"source": 20, "prod": 2.0331708558466799, "target": 14, "value": 492.0, "supply": [{"l": "Honey", "v": 6.0}, {"l": "Sugar", "v": 486.0}]}, {"source": 20, "prod": 0.79225508276071999, "target": 16, "value": 77.0, "supply": [{"l": "Olive Oil", "v": 2.0}, {"l": "Soyabean Oil", "v": 18.0}, {"l": "Coconut Oil", "v": 1.0}, {"l": "Rape and Mustard Oil", "v": 28.0}, {"l": "Palm Oil", "v": 1.0}, {"l": "Oilcrops Oil, Other", "v": 6.0}, {"l": "Sunflowerseed Oil", "v": 21.0}]}, {"source": 20, "prod": 0.45989127092122267, "target": 15, "value": 601.0, "supply": [{"l": "Beer", "v": 156.0}, {"l": "Beverages, Alcoholic", "v": 16.0}, {"l": "Alcohol, Non-Food", "v": 1.0}, {"l": "Wine", "v": 428.0}]}, {"source": 20, "prod": 0.59350573887701352, "target": 3, "value": 70.0, "supply": [{"l": "Fats, Animals, Raw", "v": 32.0}, {"l": "Fish, Body Oil", "v": 24.0}, {"l": "Butter, Ghee", "v": 14.0}]}]}