{"nodes": [{"layer": 13, "name": "Aquatic Products", "fill": "#1f77b4"}, {"layer": 10, "name": "Feed", "fill": "#dbdb8d"}, {"layer": 5, "name": "Fruits, Roots & Vegetables", "fill": "#98df8a"}, {"layer": 13, "name": "Animal Products", "fill": "#17becf"}, {"layer": 5, "name": "Cereals", "fill": "#e7ba52"}, {"layer": 13, "name": "Other Processed", "fill": "#9c9ede"}, {"layer": 16, "name": "Food", "fill": "#b5cf6b"}, {"layer": 5, "name": "Oilcrops", "fill": "#ff9896"}, {"layer": 13, "name": "Sugar", "fill": "#d6616b"}, {"layer": 13, "name": "Vegetable Oils", "fill": "#f7b6d2"}, {"layer": 10, "name": "Processing", "fill": "#9edae5"}, {"layer": 5, "name": "Sugar Crops", "fill": "#ffbb78"}, {"layer": 16, "name": "Biofuels & Other", "fill": "#e7ba52"}, {"name": "Waste", "fill": "#c7c7c7"}, {"layer": 2, "name": "Import", "fill": "#aec7e8"}, {"layer": 16, "name": "Export", "fill": "#aec7e8"}, {"layer": 16, "name": "Stock Deposit", "fill": "#c7c7c7"}, {"layer": 0, "name": "Stock Draw", "fill": "#c7c7c7"}, {"name": "Crop Residue", "fill": "#bd9e39"}, {"layer": 2, "name": "Electricity", "fill": "#bcbd22"}, {"layer": 0, "name": "Fossil Fuels", "fill": "#c49c94"}, {"layer": 0, "name": "Renewables & Nuclear", "fill": "#2ca02c"}, {"layer": 2, "name": "Fertilizers", "fill": "#c5b0d5"}, {"layer": 0, "name": "Labor", "fill": "#7f7f7f"}], "links": [{"source": 0, "prod": 228.0, "target": 1, "value": 0.12824129487813907, "supply": [{"l": "Pelagic Fish", "v": 0.040065325766089892}, {"l": "Demersal Fish", "v": 0.035668187308526632}, {"l": "Fish, Seafood", "v": 0.051345559583522549}, {"l": "Cephalopods", "v": 0.0011622222200000001}]}, {"source": 2, "prod": 15.0, "target": 1, "value": 0.012700820813174781, "supply": [{"l": "Potatoes", "v": 0.012700820813174781}]}, {"source": 3, "prod": 145.0, "target": 1, "value": 0.10220774373861366, "supply": [{"l": "Milk - Excluding Butter", "v": 0.099280146043061943}, {"l": "Meat, Other", "v": 0.002927597695551724}]}, {"source": 4, "prod": 291.0, "target": 1, "value": 1.0476354715544292, "supply": [{"l": "Maize", "v": 0.63604793170224272}, {"l": "Wheat", "v": 0.17294634436923062}, {"l": "Oats", "v": 0.1514768534273957}, {"l": "Barley", "v": 0.087164342055560021}]}, {"source": 5, "prod": 1.0, "target": 1, "value": 0.0085563617023898444, "supply": [{"l": "Fish, Body Oil", "v": 0.0085563617023898444}]}, {"source": 5, "prod": 593.0, "target": 6, "value": 0.62979869360834517, "supply": [{"l": "Beer", "v": 0.047763985446842815}, {"l": "Beverages, Alcoholic", "v": 0.029213017865290323}, {"l": "Butter, Ghee", "v": 0.0679202665368}, {"l": "Fats, Animals, Raw", "v": 0.12934035131519533}, {"l": "Wine", "v": 0.3555610724442167}]}, {"source": 3, "prod": 983.0, "target": 6, "value": 1.199384567237505, "supply": [{"l": "Eggs", "v": 0.04797753202632031}, {"l": "Mutton & Goat Meat", "v": 0.057476774226384954}, {"l": "Pigmeat", "v": 0.084226521002976201}, {"l": "Milk - Excluding Butter", "v": 0.47487846079338725}, {"l": "Meat, Other", "v": 0.002927597695551724}, {"l": "Poultry Meat", "v": 0.037506171280361447}, {"l": "Offals, Edible", "v": 0.034155306448103447}, {"l": "Bovine Meat", "v": 0.46023620376441948}]}, {"source": 4, "prod": 1131.0, "target": 6, "value": 3.949512532362411, "supply": [{"l": "Maize", "v": 0.07697395351810582}, {"l": "Rye", "v": 0.014637988477758624}, {"l": "Barley", "v": 0.023772093287880002}, {"l": "Rice", "v": 0.22380531614012128}, {"l": "Wheat", "v": 3.5834482553304587}, {"l": "Oats", "v": 0.026874925608086332}]}, {"source": 7, "prod": 5.0, "target": 6, "value": 0.0052832000804779898, "supply": [{"l": "Olives", "v": 0.0036913188335217393}, {"l": "Coconuts - Incl Copra", "v": 0.0015918812469562502}]}, {"source": 2, "prod": 1839.0, "target": 6, "value": 1.1673250519135572, "supply": [{"l": "Vegetables, Other", "v": 0.22217342527777484}, {"l": "Nuts", "v": 0.0023583425880833336}, {"l": "Tomatoes", "v": 0.027410678995208569}, {"l": "Coffee", "v": 0.0032653974296538461}, {"l": "Treenuts", "v": 0.0035375138821250002}, {"l": "Cocoa Beans", "v": 0.0065307948593076922}, {"l": "Peas", "v": 0.02122508329275}, {"l": "Grapes", "v": 0.037268456110274649}, {"l": "Potatoes", "v": 0.48178446951309667}, {"l": "Beans", "v": 0.1752214609959038}, {"l": "Apples", "v": 0.044728434014513693}, {"l": "Lemons, Limes", "v": 0.0034419053988243241}, {"l": "Bananas", "v": 0.01692365445269103}, {"l": "Tea", "v": 0.0068606329835151515}, {"l": "Fruits, Other", "v": 0.0545945098351115}, {"l": "Sweet potatoes", "v": 0.0072255602698723413}, {"l": "Oranges, Mandarines", "v": 0.013784555939202952}, {"l": "Onions", "v": 0.034273490899480973}, {"l": "Pulses, Other", "v": 0.0047166851761666672}]}, {"source": 8, "prod": 283.0, "target": 6, "value": 1.1695169507004211, "supply": [{"l": "Sugar", "v": 1.1601986214499453}, {"l": "Honey", "v": 0.0093183292504756092}]}, {"source": 0, "prod": 184.0, "target": 6, "value": 0.087953732709666915, "supply": [{"l": "Crustaceans", "v": 0.0035801345313072291}, {"l": "Aquatic Products, Other", "v": 0.0011622222200000001}, {"l": "Marine Fish, Other", "v": 0.0037456029340147061}, {"l": "Fish, Seafood", "v": 0.040986367737724141}, {"l": "Pelagic Fish", "v": 0.013355108588696631}, {"l": "Molluscs, Other", "v": 0.0033649522293384142}, {"l": "Aquatic Animals, Others", "v": 0.0011622222200000001}, {"l": "Demersal Fish", "v": 0.0205971222485858}]}, {"source": 9, "prod": 49.0, "target": 6, "value": 0.50617061615290515, "supply": [{"l": "Soyabean Oil", "v": 0.21600603997160192}, {"l": "Sunflowerseed Oil", "v": 0.13451396536780313}, {"l": "Olive Oil", "v": 0.031837624939125002}, {"l": "Rape and Mustard Oil", "v": 0.123812985874375}]}, {"source": 2, "prod": 911.0, "target": 10, "value": 0.66571693169529811, "supply": [{"l": "Grapes", "v": 0.66571693169529811}]}, {"source": 11, "prod": 431.0, "target": 10, "value": 0.50091777682000005, "supply": [{"l": "Sugar beet", "v": 0.50091777682000005}]}, {"source": 4, "prod": 23.0, "target": 10, "value": 0.091215602767039272, "supply": [{"l": "Maize", "v": 0.0040512607114792541}, {"l": "Barley", "v": 0.087164342055560021}]}, {"source": 7, "prod": 80.0, "target": 10, "value": 0.073826376670434804, "supply": [{"l": "Sunflower seed", "v": 0.028607720959793484}, {"l": "Olives", "v": 0.014765275334086957}, {"l": "Rape and Mustardseed", "v": 0.02491640212627174}, {"l": "Oilcrops, Other", "v": 0.0046141485419021753}, {"l": "Soyabeans", "v": 0.00092282970838043483}]}, {"source": 0, "prod": 8.0, "target": 12, "value": 0.0092977777600000006, "supply": [{"l": "Aquatic Animals, Others", "v": 0.0034866666600000002}, {"l": "Aquatic Plants", "v": 0.0011622222200000001}, {"l": "Aquatic Products, Other", "v": 0.0046488888800000003}]}, {"source": 5, "prod": 11.0, "target": 12, "value": 0.06346008416561022, "supply": [{"l": "Alcohol, Non-Food", "v": 0.0031675819371422419}, {"l": "Fats, Animals, Raw", "v": 0.051736140526078132}, {"l": "Fish, Body Oil", "v": 0.0085563617023898444}]}, {"source": 9, "prod": 8.0, "target": 12, "value": 0.081440404872645061, "supply": [{"l": "Soyabean Oil", "v": 0.020572003806819231}, {"l": "Palm Oil", "v": 0.010332488464040106}, {"l": "Oilcrops Oil, Other", "v": 0.050535912601785721}]}, {"source": 4, "prod": 6.0, "target": 12, "value": 0.024218319105376269, "supply": [{"l": "Maize", "v": 0.020256303557396268}, {"l": "Barley", "v": 0.0039620155479800009}]}, {"source": 7, "prod": 2.0, "target": 12, "value": 0.0018456594167608697, "supply": [{"l": "Oilcrops, Other", "v": 0.0018456594167608697}]}, {"source": 2, "prod": 145.0, "target": 2, "value": 0.16215949868536036, "supply": [{"l": "Potatoes", "v": 0.11261394454348304}, {"l": "Peas", "v": 0.00424501665855}, {"l": "Beans", "v": 0.031150481954827343}, {"l": "Pulses, Other", "v": 0.014150055528500001}]}, {"source": 3, "prod": 1.0, "target": 3, "value": 0.0015476623234296878, "supply": [{"l": "Eggs", "v": 0.0015476623234296878}]}, {"source": 4, "prod": 144.0, "target": 4, "value": 0.4916251682303619, "supply": [{"l": "Maize", "v": 0.0081025214229585082}, {"l": "Wheat", "v": 0.41507122648615352}, {"l": "Oats", "v": 0.02931810066336691}, {"l": "Rye", "v": 0.002927597695551724}, {"l": "Barley", "v": 0.023772093287880002}, {"l": "Rice", "v": 0.012433628674451183}]}, {"source": 7, "prod": 1.0, "target": 7, "value": 0.00092282970838043483, "supply": [{"l": "Oilcrops, Other", "v": 0.00092282970838043483}]}, {"source": 2, "prod": 240.0, "target": 13, "value": 0.10944302428414995, "supply": [{"l": "Lemons, Limes", "v": 0.00038243393320270267}, {"l": "Bananas", "v": 0.0014103045377242525}, {"l": "Potatoes", "v": 0.032175412726709443}, {"l": "Vegetables, Other", "v": 0.034229286633380422}, {"l": "Fruits, Other", "v": 0.0076314906221123593}, {"l": "Grapes", "v": 0.0014615080827558686}, {"l": "Oranges, Mandarines", "v": 0.0015664268112730627}, {"l": "Beans", "v": 0.0038938102443534179}, {"l": "Onions", "v": 0.0053858342842041532}, {"l": "Tomatoes", "v": 0.0092177504585657152}, {"l": "Apples", "v": 0.012088765949868567}]}, {"source": 3, "prod": 22.0, "target": 13, "value": 0.016980659757777131, "supply": [{"l": "Eggs", "v": 0.0030953246468593755}, {"l": "Milk - Excluding Butter", "v": 0.013885335110917756}]}, {"source": 4, "prod": 41.0, "target": 13, "value": 0.1416452078599362, "supply": [{"l": "Maize", "v": 0.0081025214229585082}, {"l": "Wheat", "v": 0.11414458728369223}, {"l": "Oats", "v": 0.0073295251658417274}, {"l": "Barley", "v": 0.0079240310959600019}, {"l": "Rice", "v": 0.0041445428914837273}]}, {"source": 7, "prod": 2.0, "target": 13, "value": 0.0018456594167608697, "supply": [{"l": "Sunflower seed", "v": 0.00092282970838043483}, {"l": "Rape and Mustardseed", "v": 0.00092282970838043483}]}, {"source": 14, "prod": 179.0, "target": 10, "value": 1.0028205066230791, "supply": [{"l": "Sugar", "v": 0.54695077868354569}, {"l": "Oilcrops Oil, Other", "v": 0.030321547561071433}, {"l": "Fats, Animals, Raw", "v": 0.10347228105215626}, {"l": "Butter, Ghee", "v": 0.0339601332684}, {"l": "Soyabean Oil", "v": 0.26743604948865002}, {"l": "Palm Oil", "v": 0.010332488464040106}, {"l": "Sunflowerseed Oil", "v": 0.010347228105215624}]}, {"source": 14, "prod": 301.0, "target": 4, "value": 1.0612383938172183, "supply": [{"l": "Maize", "v": 0.14584538561325314}, {"l": "Oats", "v": 0.014659050331683455}, {"l": "Rice", "v": 0.024867257348902366}, {"l": "Cereals, Other", "v": 0.02497068622676471}, {"l": "Wheat", "v": 0.85089601429661466}]}, {"source": 14, "prod": 1.0, "target": 7, "value": 0.0015918812469562502, "supply": [{"l": "Coconuts - Incl Copra", "v": 0.0015918812469562502}]}, {"source": 14, "prod": 52.0, "target": 2, "value": 0.042045204146126565, "supply": [{"l": "Potatoes", "v": 0.00084672138754498529}, {"l": "Fruits, Other", "v": 0.0011740754803249785}, {"l": "Pulses, Other", "v": 0.0047166851761666672}, {"l": "Cocoa Beans", "v": 0.0065307948593076922}, {"l": "Coffee", "v": 0.0032653974296538461}, {"l": "Bananas", "v": 0.018333958990415282}, {"l": "Vegetables, Other", "v": 0.00031693783919796691}, {"l": "Tea", "v": 0.0068606329835151515}]}, {"source": 14, "prod": 121.0, "target": 1, "value": 0.10271044188547541, "supply": [{"l": "Milk - Excluding Butter", "v": 0.077757876621139421}, {"l": "Bovine Meat", "v": 0.024952565264335997}]}, {"source": 5, "prod": 21.0, "target": 15, "value": 0.14086126465966531, "supply": [{"l": "Wine", "v": 0.0039594774214278027}, {"l": "Fish, Body Oil", "v": 0.13690178723823751}]}, {"source": 3, "prod": 1.0, "target": 15, "value": 0.0021287694157920353, "supply": [{"l": "Mutton & Goat Meat", "v": 0.0021287694157920353}]}, {"source": 4, "prod": 8.0, "target": 15, "value": 0.031696124383840008, "supply": [{"l": "Barley", "v": 0.031696124383840008}]}, {"source": 7, "prod": 1.0, "target": 15, "value": 0.00092282970838043483, "supply": [{"l": "Oilcrops, Other", "v": 0.00092282970838043483}]}, {"source": 2, "prod": 122.0, "target": 15, "value": 0.18360887387133115, "supply": [{"l": "Vegetables, Other", "v": 0.0047540675879695037}, {"l": "Potatoes", "v": 0.0084672138754498527}, {"l": "Nuts", "v": 0.0023583425880833336}, {"l": "Beans", "v": 0.077876204887068354}, {"l": "Apples", "v": 0.0042310680824539986}, {"l": "Lemons, Limes", "v": 0.00057365089980405406}, {"l": "Pulses, Other", "v": 0.05188353693783334}, {"l": "Treenuts", "v": 0.0035375138821250002}, {"l": "Fruits, Other", "v": 0.0093926038425998278}, {"l": "Grapes", "v": 0.0058460323310234744}, {"l": "Onions", "v": 0.014688638956920417}]}, {"source": 8, "prod": 3.0, "target": 15, "value": 0.0093183292504756092, "supply": [{"l": "Honey", "v": 0.0093183292504756092}]}, {"source": 0, "prod": 870.0, "target": 15, "value": 0.60607958339399326, "supply": [{"l": "Fish, Seafood", "v": 0.19412224719735283}, {"l": "Pelagic Fish", "v": 0.3977914486776068}, {"l": "Crustaceans", "v": 0.0040915823214939763}, {"l": "Molluscs, Other", "v": 0.00077652743753963414}, {"l": "Aquatic Products, Other", "v": 0.0046488888800000003}, {"l": "Aquatic Plants", "v": 0.0046488888800000003}]}, {"source": 9, "prod": 3.0, "target": 16, "value": 0.030858005710228849, "supply": [{"l": "Soyabean Oil", "v": 0.030858005710228849}]}, {"source": 5, "prod": 100.0, "target": 16, "value": 0.07918954842855605, "supply": [{"l": "Wine", "v": 0.07918954842855605}]}, {"source": 4, "prod": 36.0, "target": 16, "value": 0.14530991463225759, "supply": [{"l": "Maize", "v": 0.1215378213443776}, {"l": "Barley", "v": 0.023772093287880002}]}, {"source": 2, "prod": 1.0, "target": 16, "value": 0.0047166851761666672, "supply": [{"l": "Pulses, Other", "v": 0.0047166851761666672}]}, {"source": 17, "prod": 80.0, "target": 10, "value": 0.33148532041427009, "supply": [{"l": "Sugar", "v": 0.33148532041427009}]}, {"source": 17, "prod": 23.0, "target": 4, "value": 0.079555318409846087, "supply": [{"l": "Wheat", "v": 0.079555318409846087}]}, {"source": 1, "prod": 1290.0, "target": 0, "value": 0.83157238874179917, "supply": [{"l": "Pelagic Fish", "v": 0.45121188303239335}, {"l": "Crustaceans", "v": 0.007671716852801205}, {"l": "Molluscs, Other", "v": 0.0041414796668780484}, {"l": "Aquatic Animals, Others", "v": 0.0046488888800000003}, {"l": "Aquatic Plants", "v": 0.0058111111000000003}, {"l": "Demersal Fish", "v": 0.056265309557112432}, {"l": "Aquatic Products, Other", "v": 0.010459999980000001}, {"l": "Fish, Seafood", "v": 0.2864541745185995}, {"l": "Marine Fish, Other", "v": 0.0037456029340147061}, {"l": "Cephalopods", "v": 0.0011622222200000001}]}, {"source": 1, "prod": 1151.0, "target": 3, "value": 1.3207017401496879, "supply": [{"l": "Poultry Meat", "v": 0.037506171280361447}, {"l": "Pigmeat", "v": 0.084226521002976201}, {"l": "Bovine Meat", "v": 0.46023620376441948}, {"l": "Eggs", "v": 0.052620518996609376}, {"l": "Milk - Excluding Butter", "v": 0.58804394194736687}, {"l": "Offals, Edible", "v": 0.034155306448103447}, {"l": "Meat, Other", "v": 0.0058551953911034479}, {"l": "Mutton & Goat Meat", "v": 0.059605543642176989}]}, {"source": 10, "prod": 726.0, "target": 5, "value": 0.9218659525645666, "supply": [{"l": "Fats, Animals, Raw", "v": 0.18107649184127347}, {"l": "Alcohol, Non-Food", "v": 0.0031675819371422419}, {"l": "Fish, Body Oil", "v": 0.15401451064301719}, {"l": "Beer", "v": 0.047763985446842815}, {"l": "Beverages, Alcoholic", "v": 0.029213017865290323}, {"l": "Butter, Ghee", "v": 0.0679202665368}, {"l": "Wine", "v": 0.4387100982942006}]}, {"source": 10, "prod": 60.0, "target": 9, "value": 0.61846902673577908, "supply": [{"l": "Olive Oil", "v": 0.031837624939125002}, {"l": "Soyabean Oil", "v": 0.26743604948865002}, {"l": "Rape and Mustard Oil", "v": 0.123812985874375}, {"l": "Palm Oil", "v": 0.010332488464040106}, {"l": "Oilcrops Oil, Other", "v": 0.050535912601785721}, {"l": "Sunflowerseed Oil", "v": 0.13451396536780313}]}, {"source": 10, "prod": 286.0, "target": 8, "value": 1.1788352799508968, "supply": [{"l": "Honey", "v": 0.018636658500951218}, {"l": "Sugar", "v": 1.1601986214499453}]}, {"source": 2, "prod": 3249.0, "target": 18, "value": 10.938344096179039, "supply": [{"l": "Tomatoes", "v": 0.52474333232999992}, {"l": "Vegetables, Other", "v": 2.8712699945100004}, {"l": "Peas", "v": 0.022663333289999997}, {"l": "Potatoes", "v": 1.33364999745}, {"l": "Beans", "v": 0.25801333284000005}, {"l": "Sweet potatoes", "v": 0.013946666640000001}, {"l": "Onions", "v": 0.38701999925999997}, {"l": "Pulses, Other", "v": 0.055786666560000003}]}, {"source": 11, "prod": 172.40000000000001, "target": 18, "value": 0.20036711072800004, "supply": [{"l": "Sugar beet", "v": 0.20036711072800004}]}, {"source": 4, "prod": 3044.0, "target": 18, "value": 10.086505372226849, "supply": [{"l": "Maize", "v": 1.3842066640199999}, {"l": "Rye", "v": 0.041839999920000003}, {"l": "Barley", "v": 0.50905333236000005}, {"l": "Rice", "v": 0.38353333260000005}, {"l": "Wheat", "v": 7.7020466519399999}, {"l": "Oats", "v": 0.59273333220000002}]}, {"source": 7, "prod": 91.0, "target": 18, "value": 0.31855058272425008, "supply": [{"l": "Olives", "v": 0.069733333199999997}, {"l": "Sunflower seed", "v": 0.11157333311999999}, {"l": "Coconuts - Incl Copra", "v": 0.0030072499942500001}, {"l": "Rape and Mustardseed", "v": 0.099369999809999998}, {"l": "Oilcrops, Other", "v": 0.03137999994}, {"l": "Soyabeans", "v": 0.0034866666599999998}]}, {"source": 19, "prod": 0, "target": 2, "value": 0.012867032681743235, "supply": "[{\"l\":'Energy for power irrigation',\"v\":0.012867032681743235}]"}, {"source": 19, "prod": 0, "target": 11, "value": 0.0017068916853897613, "supply": "[{\"l\":'Energy for power irrigation',\"v\":0.0017068916853897613}]"}, {"source": 19, "prod": 0, "target": 4, "value": 0.0060275850235805483, "supply": "[{\"l\":'Energy for power irrigation',\"v\":0.0060275850235805483}]"}, {"source": 19, "prod": 0, "target": 7, "value": 0.00036038780364377793, "supply": "[{\"l\":'Energy for power irrigation',\"v\":0.00036038780364377793}]"}, {"source": 19, "prod": 0, "target": 10, "value": 0.09320468148885791, "supply": "[{\"l\":'Electricity',\"v\":0.09320468148885791}]"}, {"source": 20, "prod": 0, "target": 19, "value": 0.11271607327627707, "supply": [{"l": "Coal", "v": 0.03873750693493444}, {"l": "Natural gas", "v": 0.0031996528830330762}, {"l": "Oil", "v": 0.070778913458309556}]}, {"source": 21, "prod": 0, "target": 19, "value": 0.070925764749660364, "supply": [{"l": "Nuclear", "v": 0.0}, {"l": "Hydroelectric", "v": 0.07016690340015129}, {"l": "Renewable", "v": 0.00075886134950906947}]}, {"source": 20, "prod": 0, "target": 2, "value": 1.5083384356168978, "supply": [{"l": "Motor Gasoline", "v": 0.015107028162472926}, {"l": "Gas-Diesel oil", "v": 0.33726525626830073}, {"l": "Natural gas (including LNG)", "v": 0.2299019146621632}, {"l": "Fuel oil", "v": 0.58782139980270876}, {"l": "Liquefied petroleum gas (LPG)", "v": 0.053766924912337796}, {"l": "Coal", "v": 0.28447591180891452}]}, {"source": 20, "prod": 0, "target": 11, "value": 0.20009044806121359, "supply": [{"l": "Motor Gasoline", "v": 0.0020040409781550725}, {"l": "Gas-Diesel oil", "v": 0.044740327932175319}, {"l": "Natural gas (including LNG)", "v": 0.030497914810523958}, {"l": "Fuel oil", "v": 0.077978154298235597}, {"l": "Liquefied petroleum gas (LPG)", "v": 0.007132516047158385}, {"l": "Coal", "v": 0.037737493994965267}]}, {"source": 20, "prod": 0, "target": 4, "value": 0.70658390243426239, "supply": [{"l": "Motor Gasoline", "v": 0.0070769150087053841}, {"l": "Gas-Diesel oil", "v": 0.15799252694378385}, {"l": "Natural gas (including LNG)", "v": 0.10769797295038855}, {"l": "Fuel oil", "v": 0.27536601123414056}, {"l": "Liquefied petroleum gas (LPG)", "v": 0.025187214440313365}, {"l": "Coal", "v": 0.13326326185693071}]}, {"source": 20, "prod": 0, "target": 7, "value": 0.04224647511269243, "supply": [{"l": "Motor Gasoline", "v": 0.00042312698146661627}, {"l": "Gas-Diesel oil", "v": 0.0094463337397400326}, {"l": "Natural gas (including LNG)", "v": 0.0064392349135909055}, {"l": "Fuel oil", "v": 0.016464065060648354}, {"l": "Liquefied petroleum gas (LPG)", "v": 0.0015059372628571067}, {"l": "Coal", "v": 0.0079677771543894185}]}, {"source": 20, "prod": 0, "target": 1, "value": 1.0430072600936651, "supply": [{"l": "Gas-diesel oils used in fisheries", "v": 0.12352944454326797}, {"l": "Fuel oil used in fisheries", "v": 0.91947781555039698}]}, {"source": 22, "prod": 41.424903457396567, "target": 2, "value": 0.35585379626050012, "supply": [{"l": "Potash", "v": 0.032479344470427919}, {"l": "Phosphate", "v": 0.13647204177584429}, {"l": "Nitrogen", "v": 0.41077595866195404}]}, {"source": 22, "prod": 5.4952703570753831, "target": 11, "value": 0.047206213046560655, "supply": [{"l": "Potash", "v": 0.032479344470427919}, {"l": "Phosphate", "v": 0.13647204177584429}, {"l": "Nitrogen", "v": 0.41077595866195404}]}, {"source": 22, "prod": 19.405571887398452, "target": 4, "value": 0.16670036254493112, "supply": [{"l": "Potash", "v": 0.032479344470427919}, {"l": "Phosphate", "v": 0.13647204177584429}, {"l": "Nitrogen", "v": 0.41077595866195404}]}, {"source": 22, "prod": 1.1602542981296053, "target": 7, "value": 0.009966973056234384, "supply": [{"l": "Potash", "v": 0.032479344470427919}, {"l": "Phosphate", "v": 0.13647204177584429}, {"l": "Nitrogen", "v": 0.41077595866195404}]}, {"source": 20, "prod": 0, "target": 22, "value": 0.71034668236078857, "supply": [{"l": "Natural gas (including LNG)", "v": 0.48082969984138502}, {"l": "Fuel oil", "v": 0.15690362894542306}, {"l": "Liquefied petroleum gas (LPG)", "v": 0.036306676786990254}, {"l": "Coal", "v": 0.036306676786990254}]}, {"source": 23, "prod": 0, "target": 4, "value": 0.10884871167267483, "supply": "[{\"l\":'Labor',\"v\":0.10884871167267483}]"}, {"source": 23, "prod": 0, "target": 7, "value": 0.0065080372944897576, "supply": "[{\"l\":'Labor',\"v\":0.0065080372944897576}]"}, {"source": 23, "prod": 0, "target": 2, "value": 0.23235838648128812, "supply": "[{\"l\":'Labor',\"v\":0.23235838648128812}]"}, {"source": 23, "prod": 0, "target": 11, "value": 0.030823781032143793, "supply": "[{\"l\":'Labor',\"v\":0.030823781032143793}]"}, {"source": 20, "prod": 0, "target": 14, "value": 1.7095447801498358, "supply": "[{\"l\":'Fossil Fuels',\"v\":1.7095447801498358}]"}, {"source": 21, "prod": 0, "target": 14, "value": 0.45392830457576883, "supply": "[{\"l\":'Renewables & Nuclear',\"v\":0.11529798246046835},{\"l\":'Biomass & Waste',\"v\":0.33863032211530047}]"}]}