{"nodes": [{"layer": 13, "name": "Aquatic Products", "fill": "#1f77b4"}, {"layer": 10, "name": "Feed", "fill": "#dbdb8d"}, {"layer": 5, "name": "Fruits, Roots & Vegetables", "fill": "#98df8a"}, {"layer": 13, "name": "Animal Products", "fill": "#17becf"}, {"layer": 5, "name": "Cereals", "fill": "#e7ba52"}, {"layer": 13, "name": "Other Processed", "fill": "#9c9ede"}, {"layer": 16, "name": "Food", "fill": "#b5cf6b"}, {"layer": 5, "name": "Oilcrops", "fill": "#ff9896"}, {"layer": 13, "name": "Sugar", "fill": "#d6616b"}, {"layer": 13, "name": "Vegetable Oils", "fill": "#f7b6d2"}, {"layer": 10, "name": "Processing", "fill": "#9edae5"}, {"layer": 5, "name": "Sugar Crops", "fill": "#ffbb78"}, {"layer": 16, "name": "Biofuels & Other", "fill": "#e7ba52"}, {"name": "Waste", "fill": "#c7c7c7"}, {"layer": 2, "name": "Import", "fill": "#aec7e8"}, {"layer": 16, "name": "Export", "fill": "#aec7e8"}, {"layer": 16, "name": "Stock Deposit", "fill": "#c7c7c7"}, {"layer": 0, "name": "Stock Draw", "fill": "#c7c7c7"}, {"name": "Crop Residue", "fill": "#bd9e39"}, {"layer": 2, "name": "Electricity", "fill": "#bcbd22"}, {"layer": 0, "name": "Fossil Fuels", "fill": "#c49c94"}, {"layer": 0, "name": "Renewables & Nuclear", "fill": "#2ca02c"}, {"layer": 2, "name": "Fertilizers", "fill": "#c5b0d5"}, {"layer": 0, "name": "Labor", "fill": "#7f7f7f"}], "links": [{"source": 0, "prod": 386.0, "target": 1, "value": 0.2546631869648962, "supply": [{"l": "Pelagic Fish", "v": 0.12190817070707693}, {"l": "Demersal Fish", "v": 0.032178806481055838}, {"l": "Fish, Seafood", "v": 0.099413987556763408}, {"l": "Cephalopods", "v": 0.0011622222200000001}]}, {"source": 2, "prod": 16.0, "target": 1, "value": 0.013538609025316979, "supply": [{"l": "Potatoes", "v": 0.013538609025316979}]}, {"source": 3, "prod": 229.0, "target": 1, "value": 0.15802171483640365, "supply": [{"l": "Milk - Excluding Butter", "v": 0.15462570150956365}, {"l": "Meat, Other", "v": 0.0033960133268400002}]}, {"source": 4, "prod": 485.0, "target": 1, "value": 1.7367009426078097, "supply": [{"l": "Maize", "v": 1.0737315298958579}, {"l": "Wheat", "v": 0.34223482073261846}, {"l": "Oats", "v": 0.19338409222283331}, {"l": "Barley", "v": 0.12735049975650001}]}, {"source": 5, "prod": 6.0, "target": 1, "value": 0.05143476495019806, "supply": [{"l": "Fish, Body Oil", "v": 0.05143476495019806}]}, {"source": 5, "prod": 687.0, "target": 6, "value": 0.73729486407631006, "supply": [{"l": "Beer", "v": 0.07513679485633501}, {"l": "Beverages, Alcoholic", "v": 0.053121996174033521}, {"l": "Butter, Ghee", "v": 0.084900333171}, {"l": "Fats, Animals, Raw", "v": 0.15578798999338836}, {"l": "Wine", "v": 0.36834774988155317}]}, {"source": 3, "prod": 1134.0, "target": 6, "value": 1.3498080195731983, "supply": [{"l": "Eggs", "v": 0.079375996423571932}, {"l": "Mutton & Goat Meat", "v": 0.060925156029687705}, {"l": "Pigmeat", "v": 0.1195662393801858}, {"l": "Milk - Excluding Butter", "v": 0.54084937003785694}, {"l": "Meat, Other", "v": 0.0033960133268400002}, {"l": "Poultry Meat", "v": 0.067586506013277647}, {"l": "Offals, Edible", "v": 0.034018284181530828}, {"l": "Bovine Meat", "v": 0.44409045418024734}]}, {"source": 4, "prod": 1402.0, "target": 6, "value": 4.8526829038940082, "supply": [{"l": "Maize", "v": 0.11012631075854952}, {"l": "Rye", "v": 0.030872848425818181}, {"l": "Barley", "v": 0.0339601332684}, {"l": "Rice", "v": 0.30859163652579791}, {"l": "Wheat", "v": 4.3361151786822765}, {"l": "Oats", "v": 0.033016796233166661}]}, {"source": 7, "prod": 4.0, "target": 6, "value": 0.003859106053227273, "supply": [{"l": "Olives", "v": 0.003859106053227273}]}, {"source": 2, "prod": 2085.0, "target": 6, "value": 1.3544994889621069, "supply": [{"l": "Vegetables, Other", "v": 0.24054589219744951}, {"l": "Nuts", "v": 0.007718212106454546}, {"l": "Tomatoes", "v": 0.030165836629807083}, {"l": "Coffee", "v": 0.0037566519102212397}, {"l": "Treenuts", "v": 0.0073826376670434787}, {"l": "Cocoa Beans", "v": 0.020214365040714291}, {"l": "Peas", "v": 0.050521677133447185}, {"l": "Grapes", "v": 0.041201632274161772}, {"l": "Potatoes", "v": 0.53731354569226764}, {"l": "Beans", "v": 0.16199057075808768}, {"l": "Apples", "v": 0.044998138079306915}, {"l": "Lemons, Limes", "v": 0.0037207317325936256}, {"l": "Pineapples", "v": 0.00035082782302066112}, {"l": "Bananas", "v": 0.030203155401396963}, {"l": "Tea", "v": 0.0076771577867393625}, {"l": "Fruits, Other", "v": 0.063607220765132214}, {"l": "Sweet potatoes", "v": 0.010859344940476745}, {"l": "Oranges, Mandarines", "v": 0.011218972597596431}, {"l": "Onions", "v": 0.060244013237218896}, {"l": "Pulses, Other", "v": 0.020808905188970588}]}, {"source": 8, "prod": 255.0, "target": 6, "value": 1.0524879663140512, "supply": [{"l": "Sugar", "v": 1.03646903552707}, {"l": "Honey", "v": 0.016018930786981134}]}, {"source": 0, "prod": 254.0, "target": 6, "value": 0.13477514345690411, "supply": [{"l": "Crustaceans", "v": 0.0035974717445338982}, {"l": "Aquatic Products, Other", "v": 0.0034866666600000002}, {"l": "Marine Fish, Other", "v": 0.00371438957623125}, {"l": "Pelagic Fish", "v": 0.026667412342173083}, {"l": "Fish, Seafood", "v": 0.063872199259267681}, {"l": "Molluscs, Other", "v": 0.0038050569488403368}, {"l": "Aquatic Animals, Others", "v": 0.0034866666600000002}, {"l": "Demersal Fish", "v": 0.02614528026585787}]}, {"source": 9, "prod": 53.0, "target": 6, "value": 0.54805538326394665, "supply": [{"l": "Soyabean Oil", "v": 0.022011197488777778}, {"l": "Sunflowerseed Oil", "v": 0.22582096814745495}, {"l": "Olive Oil", "v": 0.02122508329275}, {"l": "Rape and Mustard Oil", "v": 0.2789981343349639}]}, {"source": 2, "prod": 763.0, "target": 10, "value": 0.52394742375309056, "supply": [{"l": "Grapes", "v": 0.52394742375309056}]}, {"source": 11, "prod": 768.0, "target": 10, "value": 0.89258666496000005, "supply": [{"l": "Sugar beet", "v": 0.89258666496000005}]}, {"source": 4, "prod": 36.0, "target": 10, "value": 0.15219673144488213, "supply": [{"l": "Maize", "v": 0.0078661650541821081}, {"l": "Barley", "v": 0.14433056639070002}]}, {"source": 7, "prod": 148.0, "target": 10, "value": 0.14278692396940909, "supply": [{"l": "Sunflower seed", "v": 0.053062708231874998}, {"l": "Olives", "v": 0.015436424212909092}, {"l": "Rape and Mustardseed", "v": 0.071393461984704545}, {"l": "Oilcrops, Other", "v": 0.0019295530266136365}, {"l": "Soyabeans", "v": 0.00096477651330681825}]}, {"source": 5, "prod": 3.0, "target": 10, "value": 0.0023713374455893981, "supply": [{"l": "Wine", "v": 0.0023713374455893981}]}, {"source": 0, "prod": 42.0, "target": 12, "value": 0.035289829006195095, "supply": [{"l": "Molluscs, Other", "v": 0.00095126423721008421}, {"l": "Aquatic Animals, Others", "v": 0.0034866666600000002}, {"l": "Aquatic Plants", "v": 0.011622222200000001}, {"l": "Fish, Seafood", "v": 0.0041207870489850112}, {"l": "Aquatic Products, Other", "v": 0.015108888860000001}]}, {"source": 5, "prod": 15.0, "target": 12, "value": 0.1217115999529217, "supply": [{"l": "Alcohol, Non-Food", "v": 0.00079044581519646607}, {"l": "Fats, Animals, Raw", "v": 0.09520377166262621}, {"l": "Fish, Body Oil", "v": 0.02571738247509903}]}, {"source": 9, "prod": 9.0, "target": 12, "value": 0.096273129993796613, "supply": [{"l": "Soyabean Oil", "v": 0.033016796233166675}, {"l": "Coconut Oil", "v": 0.010472902940501645}, {"l": "Palm Oil", "v": 0.020945805881003289}, {"l": "Oilcrops Oil, Other", "v": 0.031837624939125002}]}, {"source": 4, "prod": 9.0, "target": 12, "value": 0.036021611006737383, "supply": [{"l": "Maize", "v": 0.02753157768963738}, {"l": "Barley", "v": 0.0084900333171}]}, {"source": 7, "prod": 2.0, "target": 12, "value": 0.0019295530266136365, "supply": [{"l": "Oilcrops, Other", "v": 0.0019295530266136365}]}, {"source": 2, "prod": 126.0, "target": 2, "value": 0.13781089557324172, "supply": [{"l": "Potatoes", "v": 0.098154915433548082}, {"l": "Peas", "v": 0.0038862828564190138}, {"l": "Beans", "v": 0.031607916245480518}, {"l": "Pulses, Other", "v": 0.0041617810377941175}]}, {"source": 3, "prod": 2.0, "target": 3, "value": 0.0030529229393681506, "supply": [{"l": "Eggs", "v": 0.0030529229393681506}]}, {"source": 4, "prod": 140.0, "target": 4, "value": 0.47852527350321766, "supply": [{"l": "Maize", "v": 0.0078661650541821081}, {"l": "Wheat", "v": 0.39357004384251121}, {"l": "Oats", "v": 0.023583425880833331}, {"l": "Rye", "v": 0.0030872848425818182}, {"l": "Barley", "v": 0.0339601332684}, {"l": "Rice", "v": 0.01645822061470922}]}, {"source": 7, "prod": 1.0, "target": 7, "value": 0.00096477651330681825, "supply": [{"l": "Oilcrops, Other", "v": 0.00096477651330681825}]}, {"source": 2, "prod": 270.0, "target": 13, "value": 0.12353787731126155, "supply": [{"l": "Lemons, Limes", "v": 0.00050737250899003997}, {"l": "Bananas", "v": 0.0022099869805900217}, {"l": "Potatoes", "v": 0.033846522563292444}, {"l": "Vegetables, Other", "v": 0.037181152691810063}, {"l": "Fruits, Other", "v": 0.0092519593840192302}, {"l": "Grapes", "v": 0.0020600816137080883}, {"l": "Sweet potatoes", "v": 0.00098721317640697672}, {"l": "Oranges, Mandarines", "v": 0.0012128619024428574}, {"l": "Beans", "v": 0.0039509895306850647}, {"l": "Onions", "v": 0.0077734210628669538}, {"l": "Tomatoes", "v": 0.010133835742825816}, {"l": "Apples", "v": 0.014422480153624009}]}, {"source": 3, "prod": 30.0, "target": 13, "value": 0.022970987672304287, "supply": [{"l": "Eggs", "v": 0.0045793844090522258}, {"l": "Milk - Excluding Butter", "v": 0.018391603263252062}]}, {"source": 4, "prod": 59.0, "target": 13, "value": 0.2034189426338335, "supply": [{"l": "Maize", "v": 0.011799247581273162}, {"l": "Wheat", "v": 0.16769506215898303}, {"l": "Oats", "v": 0.0070750277642500003}, {"l": "Barley", "v": 0.012735049975650002}, {"l": "Rice", "v": 0.004114555153677305}]}, {"source": 7, "prod": 3.0, "target": 13, "value": 0.0028943295399204549, "supply": [{"l": "Sunflower seed", "v": 0.00096477651330681825}, {"l": "Rape and Mustardseed", "v": 0.0019295530266136365}]}, {"source": 14, "prod": 236.0, "target": 10, "value": 1.1605065628915874, "supply": [{"l": "Coconut Oil", "v": 0.010472902940501645}, {"l": "Sugar", "v": 0.8333211045637644}, {"l": "Oilcrops Oil, Other", "v": 0.031837624939125002}, {"l": "Rape and Mustard Oil", "v": 0.010333264234628292}, {"l": "Butter, Ghee", "v": 0.025470099951300004}, {"l": "Fats, Animals, Raw", "v": 0.17309776665932039}, {"l": "Soyabean Oil", "v": 0.055027993721944453}, {"l": "Palm Oil", "v": 0.020945805881003289}]}, {"source": 14, "prod": 665.0, "target": 4, "value": 2.316372055407526, "supply": [{"l": "Maize", "v": 0.11799247581273162}, {"l": "Oats", "v": 0.0070750277642500003}, {"l": "Wheat", "v": 2.0226077905297752}, {"l": "Rice", "v": 0.16869676130076949}]}, {"source": 14, "prod": 193.0, "target": 1, "value": 0.1570158472489816, "supply": [{"l": "Pigmeat", "v": 0.006642568854454768}, {"l": "Milk - Excluding Butter", "v": 0.12329185891291199}, {"l": "Mutton & Goat Meat", "v": 0.0022564872603588041}, {"l": "Bovine Meat", "v": 0.024824932221256056}]}, {"source": 14, "prod": 81.0, "target": 2, "value": 0.071800163371443765, "supply": [{"l": "Potatoes", "v": 0.0033846522563292449}, {"l": "Fruits, Other", "v": 0.00057824746150120189}, {"l": "Pulses, Other", "v": 0.0041617810377941175}, {"l": "Coffee", "v": 0.0037566519102212397}, {"l": "Pineapples", "v": 0.00035082782302066112}, {"l": "Bananas", "v": 0.031676480055123649}, {"l": "Cocoa Beans", "v": 0.020214365040714291}, {"l": "Tea", "v": 0.0076771577867393625}]}, {"source": 5, "prod": 23.0, "target": 15, "value": 0.15825652392657652, "supply": [{"l": "Fish, Body Oil", "v": 0.15430429485059419}, {"l": "Wine", "v": 0.0039522290759823305}]}, {"source": 3, "prod": 1.0, "target": 15, "value": 0.0022564872603588041, "supply": [{"l": "Mutton & Goat Meat", "v": 0.0022564872603588041}]}, {"source": 4, "prod": 13.0, "target": 15, "value": 0.055185216561150004, "supply": [{"l": "Barley", "v": 0.055185216561150004}]}, {"source": 7, "prod": 1.0, "target": 15, "value": 0.00096477651330681825, "supply": [{"l": "Oilcrops, Other", "v": 0.00096477651330681825}]}, {"source": 2, "prod": 99.0, "target": 15, "value": 0.088502809323736636, "supply": [{"l": "Vegetables, Other", "v": 0.0071129161671288823}, {"l": "Nuts", "v": 0.003859106053227273}, {"l": "Fruits, Other", "v": 0.0098302068455204325}, {"l": "Beans", "v": 0.02370593718411039}, {"l": "Apples", "v": 0.01269178253518913}, {"l": "Treenuts", "v": 0.0036913188335217393}, {"l": "Grapes", "v": 0.0068669387123602944}, {"l": "Onions", "v": 0.0082592598792961373}, {"l": "Pulses, Other", "v": 0.012485343113382355}]}, {"source": 8, "prod": 1.0, "target": 15, "value": 0.0032037861573962268, "supply": [{"l": "Honey", "v": 0.0032037861573962268}]}, {"source": 0, "prod": 2144.0, "target": 15, "value": 1.5780915246695399, "supply": [{"l": "Fish, Seafood", "v": 0.54342879208489836}, {"l": "Pelagic Fish", "v": 0.98193221874215875}, {"l": "Crustaceans", "v": 0.015828875675949153}, {"l": "Molluscs, Other", "v": 0.00011890802965126053}, {"l": "Meat, Aquatic Mammals", "v": 0.002575491905615632}, {"l": "Aquatic Products, Other", "v": 0.019757777740000003}, {"l": "Aquatic Plants", "v": 0.013946666640000001}, {"l": "Demersal Fish", "v": 0.00050279385126649747}]}, {"source": 2, "prod": 13.0, "target": 16, "value": 0.051573655406014898, "supply": [{"l": "Beans", "v": 0.04741187436822078}, {"l": "Pulses, Other", "v": 0.0041617810377941175}]}, {"source": 4, "prod": 418.0, "target": 16, "value": 1.4388480340185588, "supply": [{"l": "Wheat", "v": 1.389473372174431}, {"l": "Rice", "v": 0.049374661844127657}]}, {"source": 8, "prod": 70.0, "target": 16, "value": 0.29021132994757964, "supply": [{"l": "Sugar", "v": 0.29021132994757964}]}, {"source": 17, "prod": 9.0, "target": 4, "value": 0.038205149926950004, "supply": [{"l": "Barley", "v": 0.038205149926950004}]}, {"source": 9, "prod": 5.0, "target": 16, "value": 0.051666321173141461, "supply": [{"l": "Rape and Mustard Oil", "v": 0.051666321173141461}]}, {"source": 1, "prod": 2826.0, "target": 0, "value": 2.0028196840975352, "supply": [{"l": "Meat, Aquatic Mammals", "v": 0.002575491905615632}, {"l": "Pelagic Fish", "v": 1.1305078017914088}, {"l": "Crustaceans", "v": 0.019426347420483051}, {"l": "Molluscs, Other", "v": 0.0048752292157016814}, {"l": "Aquatic Animals, Others", "v": 0.0069733333200000004}, {"l": "Aquatic Plants", "v": 0.025568888840000002}, {"l": "Demersal Fish", "v": 0.058826880598180205}, {"l": "Aquatic Products, Other", "v": 0.038353333260000004}, {"l": "Fish, Seafood", "v": 0.71083576594991449}, {"l": "Marine Fish, Other", "v": 0.00371438957623125}, {"l": "Cephalopods", "v": 0.0011622222200000001}]}, {"source": 1, "prod": 1394.0, "target": 3, "value": 1.533057209342265, "supply": [{"l": "Poultry Meat", "v": 0.067586506013277647}, {"l": "Pigmeat", "v": 0.1195662393801858}, {"l": "Bovine Meat", "v": 0.44409045418024734}, {"l": "Eggs", "v": 0.087008303771992312}, {"l": "Milk - Excluding Butter", "v": 0.71386667481067267}, {"l": "Offals, Edible", "v": 0.034018284181530828}, {"l": "Meat, Other", "v": 0.0067920266536800004}, {"l": "Mutton & Goat Meat", "v": 0.06318164329004651}]}, {"source": 10, "prod": 734.0, "target": 5, "value": 1.0710690903515956, "supply": [{"l": "Fats, Animals, Raw", "v": 0.25099176165601456}, {"l": "Alcohol, Non-Food", "v": 0.00079044581519646607}, {"l": "Fish, Body Oil", "v": 0.23145644227589129}, {"l": "Beer", "v": 0.07513679485633501}, {"l": "Beverages, Alcoholic", "v": 0.053121996174033521}, {"l": "Butter, Ghee", "v": 0.084900333171}, {"l": "Wine", "v": 0.37467131640312484}]}, {"source": 10, "prod": 67.0, "target": 9, "value": 0.69599483443088461, "supply": [{"l": "Olive Oil", "v": 0.02122508329275}, {"l": "Soyabean Oil", "v": 0.055027993721944453}, {"l": "Coconut Oil", "v": 0.010472902940501645}, {"l": "Rape and Mustard Oil", "v": 0.33066445550810536}, {"l": "Palm Oil", "v": 0.020945805881003289}, {"l": "Oilcrops Oil, Other", "v": 0.031837624939125002}, {"l": "Sunflowerseed Oil", "v": 0.22582096814745495}]}, {"source": 10, "prod": 326.0, "target": 8, "value": 1.345903082419027, "supply": [{"l": "Honey", "v": 0.019222716944377362}, {"l": "Sugar", "v": 1.3266803654746497}]}, {"source": 2, "prod": 3330.5, "target": 18, "value": 11.47851332857755, "supply": [{"l": "Tomatoes", "v": 0.59447666553}, {"l": "Vegetables, Other", "v": 3.0700099941300003}, {"l": "Peas", "v": 0.048813333240000006}, {"l": "Potatoes", "v": 1.4033833306500001}, {"l": "Beans", "v": 0.23883666621000005}, {"l": "Sweet potatoes", "v": 0.020919999960000001}, {"l": "Onions", "v": 0.54566333228999997}, {"l": "Pulses, Other", "v": 0.034866666600000012}]}, {"source": 11, "prod": 307.20000000000005, "target": 18, "value": 0.35703466598400002, "supply": [{"l": "Sugar beet", "v": 0.35703466598400002}]}, {"source": 4, "prod": 4450.0, "target": 18, "value": 14.742873193989617, "supply": [{"l": "Maize", "v": 2.0919999960000002}, {"l": "Rye", "v": 0.076706666519999994}, {"l": "Barley", "v": 0.64851999875999999}, {"l": "Rice", "v": 0.49859333237999998}, {"l": "Wheat", "v": 11.44672664478}, {"l": "Oats", "v": 0.75311999856000011}]}, {"source": 7, "prod": 158.5, "target": 18, "value": 0.55263666561000002, "supply": [{"l": "Olives", "v": 0.069733333199999997}, {"l": "Sunflower seed", "v": 0.19525333296}, {"l": "Rape and Mustardseed", "v": 0.26672999948999998}, {"l": "Oilcrops, Other", "v": 0.017433333299999999}, {"l": "Soyabeans", "v": 0.0034866666600000002}]}, {"source": 19, "prod": 0, "target": 2, "value": 0.013727452412639162, "supply": "[{\"l\":'Energy for power irrigation',\"v\":0.013727452412639162}]"}, {"source": 19, "prod": 0, "target": 11, "value": 0.0031654957072232027, "supply": "[{\"l\":'Energy for power irrigation',\"v\":0.0031654957072232027}]"}, {"source": 19, "prod": 0, "target": 4, "value": 0.0091708697247026381, "supply": "[{\"l\":'Energy for power irrigation',\"v\":0.0091708697247026381}]"}, {"source": 19, "prod": 0, "target": 7, "value": 0.00065329566353499694, "supply": "[{\"l\":'Energy for power irrigation',\"v\":0.00065329566353499694}]"}, {"source": 19, "prod": 0, "target": 10, "value": 0.11879459343472229, "supply": "[{\"l\":'Electricity',\"v\":0.11879459343472229}]"}, {"source": 20, "prod": 0, "target": 19, "value": 0.14352701855682884, "supply": [{"l": "Coal", "v": 0.049373124970770822}, {"l": "Natural gas", "v": 0.003942199133387992}, {"l": "Oil", "v": 0.090211694452670022}]}, {"source": 21, "prod": 0, "target": 19, "value": 0.09039886465885183, "supply": [{"l": "Nuclear", "v": 0.0}, {"l": "Hydroelectric", "v": 0.089431653312294829}, {"l": "Renewable", "v": 0.00096721134655700048}]}, {"source": 20, "prod": 0, "target": 2, "value": 1.2625581563576185, "supply": [{"l": "Motor Gasoline", "v": 0.012645372666018111}, {"l": "Gas-Diesel oil", "v": 0.28230865839033659}, {"l": "Natural gas (including LNG)", "v": 0.19243992638842458}, {"l": "Fuel oil", "v": 0.49203725455615388}, {"l": "Liquefied petroleum gas (LPG)", "v": 0.04500572814918409}, {"l": "Coal", "v": 0.23812121620750126}]}, {"source": 20, "prod": 0, "target": 11, "value": 0.29114086896341418, "supply": [{"l": "Motor Gasoline", "v": 0.0029159724388235727}, {"l": "Gas-Diesel oil", "v": 0.065099249255000297}, {"l": "Natural gas (including LNG)", "v": 0.044375878536649177}, {"l": "Fuel oil", "v": 0.11346182600183942}, {"l": "Liquefied petroleum gas (LPG)", "v": 0.010378141185579759}, {"l": "Coal", "v": 0.05490980154552199}]}, {"source": 20, "prod": 0, "target": 4, "value": 0.84347452271301626, "supply": [{"l": "Motor Gasoline", "v": 0.0084479670265396462}, {"l": "Gas-Diesel oil", "v": 0.18860134061507247}, {"l": "Natural gas (including LNG)", "v": 0.12856292935422448}, {"l": "Fuel oil", "v": 0.32871427454959984}, {"l": "Liquefied petroleum gas (LPG)", "v": 0.030066880387910104}, {"l": "Coal", "v": 0.15908113077966982}]}, {"source": 20, "prod": 0, "target": 7, "value": 0.060085713191017125, "supply": [{"l": "Motor Gasoline", "v": 0.00060179899941866703}, {"l": "Gas-Diesel oil", "v": 0.013435196623590556}, {"l": "Natural gas (including LNG)", "v": 0.0091583030573683527}, {"l": "Fuel oil", "v": 0.023416275288140036}, {"l": "Liquefied petroleum gas (LPG)", "v": 0.0021418429399926975}, {"l": "Coal", "v": 0.011332296282506817}]}, {"source": 20, "prod": 0, "target": 1, "value": 1.0430072600936651, "supply": [{"l": "Gas-diesel oils used in fisheries", "v": 0.12352944454326797}, {"l": "Fuel oil used in fisheries", "v": 0.91947781555039698}]}, {"source": 22, "prod": 57.33885806849738, "target": 2, "value": 0.4895778684909286, "supply": [{"l": "Potash", "v": 0.04658073337059792}, {"l": "Phosphate", "v": 0.24045995852570132}, {"l": "Nitrogen", "v": 0.66580234775486402}]}, {"source": 22, "prod": 13.222111693921629, "target": 11, "value": 0.11289470139649697, "supply": [{"l": "Potash", "v": 0.04658073337059792}, {"l": "Phosphate", "v": 0.24045995852570132}, {"l": "Nitrogen", "v": 0.66580234775486402}]}, {"source": 22, "prod": 38.306248071582843, "target": 4, "value": 0.32707123776979913, "supply": [{"l": "Potash", "v": 0.04658073337059792}, {"l": "Phosphate", "v": 0.24045995852570132}, {"l": "Nitrogen", "v": 0.66580234775486402}]}, {"source": 22, "prod": 2.7287821659981488, "target": 7, "value": 0.023299231993938505, "supply": [{"l": "Potash", "v": 0.04658073337059792}, {"l": "Phosphate", "v": 0.24045995852570132}, {"l": "Nitrogen", "v": 0.66580234775486402}]}, {"source": 20, "prod": 0, "target": 22, "value": 1.1596309304226982, "supply": [{"l": "Natural gas (including LNG)", "v": 0.78892083283558156}, {"l": "Fuel oil", "v": 0.25301542663950027}, {"l": "Liquefied petroleum gas (LPG)", "v": 0.058847335473808091}, {"l": "Coal", "v": 0.058847335473808091}]}, {"source": 23, "prod": 0, "target": 4, "value": 0.14939478515484975, "supply": "[{\"l\":'Labor',\"v\":0.14939478515484975}]"}, {"source": 23, "prod": 0, "target": 7, "value": 0.01064228020091851, "supply": "[{\"l\":'Labor',\"v\":0.01064228020091851}]"}, {"source": 23, "prod": 0, "target": 2, "value": 0.22362217166661891, "supply": "[{\"l\":'Labor',\"v\":0.22362217166661891}]"}, {"source": 23, "prod": 0, "target": 11, "value": 0.051566379774797576, "supply": "[{\"l\":'Labor',\"v\":0.051566379774797576}]"}, {"source": 20, "prod": 0, "target": 14, "value": 1.774488863495213, "supply": "[{\"l\":'Fossil Fuels',\"v\":1.774488863495213}]"}, {"source": 21, "prod": 0, "target": 14, "value": 0.47117263650991725, "supply": "[{\"l\":'Renewables & Nuclear',\"v\":0.11967805010737155},{\"l\":'Biomass & Waste',\"v\":0.35149458640254572}]"}]}