{"nodes": [{"name": "Balance", "fill": "#9edae5"}, {"name": "Food", "fill": "#b5cf6b"}, {"name": "Stock Deposit", "fill": "#c7c7c7"}, {"name": "Export", "fill": "#aec7e8"}, {"name": "Biofuels & Other", "fill": "#e7ba52"}, {"name": "Renewables & Nuclear", "fill": "#2ca02c"}, {"name": "Fossil Fuels", "fill": "#c49c94"}, {"name": "Stock Draw", "fill": "#c7c7c7"}, {"name": "Labor", "fill": "#7f7f7f"}], "links": [{"source": 0, "target": 1, "value": 11.292683128914041}, {"source": 0, "target": 2, "value": 0.84004630189881602}, {"source": 0, "target": 3, "value": 1.9560924500818839}, {"source": 0, "target": 4, "value": 0.31611066448789865}, {"source": 5, "target": 0, "value": 0.53507506907957469}, {"source": 6, "target": 0, "value": 6.3220315524656696}, {"source": 7, "target": 0, "value": 0.094033604301903426}, {"source": 8, "target": 0, "value": 0.49052744472595611}]}