{"nodes": [{"layer": 3, "name": "Cereals", "fill": "#e7ba52"}, {"layer": 5, "name": "Production", "fill": "#b5cf6b"}, {"layer": 3, "name": "Oilcrops", "fill": "#ff9896"}, {"layer": 3, "name": "Fruits, Roots & Vegetables", "fill": "#98df8a"}, {"layer": 3, "name": "Sugar Crops", "fill": "#ffbb78"}, {"layer": 1, "name": "Electricity", "fill": "#bcbd22"}, {"layer": 0, "name": "Fossil Fuels", "fill": "#c49c94"}, {"layer": 0, "name": "Renewables & Nuclear", "fill": "#2ca02c"}, {"layer": 1, "name": "Fertilizers", "fill": "#c5b0d5"}, {"layer": 0, "name": "Labor", "fill": "#7f7f7f"}], "links": [{"source": 0, "prod": 1876.0, "target": 1, "value": 6.5484149640030038, "supply": [{"l": "Maize", "v": 1.9298943081013364}, {"l": "Rye", "v": 0.028511305915634329}, {"l": "Barley", "v": 0.44654760872260779}, {"l": "Rice", "v": 0.49841758934349867}, {"l": "Wheat", "v": 3.3027040988110552}, {"l": "Oats", "v": 0.342340053108871}]}, {"source": 2, "prod": 113.0, "target": 1, "value": 0.46217618869963123, "supply": [{"l": "Olives", "v": 0.029184489527531249}, {"l": "Sunflower seed", "v": 0.14008554973215001}, {"l": "Oilcrops, Other", "v": 0.0084900333171}, {"l": "Soyabeans", "v": 0.0084900333171}, {"l": "Rape and Mustardseed", "v": 0.27592608280574998}]}, {"source": 3, "prod": 4333.0, "target": 1, "value": 2.9889397639399258, "supply": [{"l": "Nuts", "v": 0.022147913001130438}, {"l": "Tomatoes", "v": 0.09988274490705884}, {"l": "Treenuts", "v": 0.018866740704666665}, {"l": "Vegetables, Other", "v": 0.3584821968269461}, {"l": "Peas", "v": 0.061373734822409647}, {"l": "Grapes", "v": 0.71561634037482802}, {"l": "Potatoes", "v": 0.65606250703045321}, {"l": "Beans", "v": 0.45893227955910831}, {"l": "Apples", "v": 0.11965818769067114}, {"l": "Lemons, Limes", "v": 0.011523398514227547}, {"l": "Fruits, Other", "v": 0.12800525811000388}, {"l": "Sweet potatoes", "v": 0.0049525194349750003}, {"l": "Oranges, Mandarines", "v": 0.019833274552241802}, {"l": "Onions", "v": 0.12401940016528369}, {"l": "Pulses, Other", "v": 0.18958326824592234}]}, {"source": 4, "prod": 661.0, "target": 1, "value": 0.76822888742000006, "supply": [{"l": "Sugar beet", "v": 0.76822888742000006}]}, {"source": 5, "prod": 0, "target": 3, "value": 0.045872415940016398, "supply": "[{\"l\":'Energy for power irrigation',\"v\":0.045872415940016398}]"}, {"source": 5, "prod": 0, "target": 4, "value": 0.0068585539326737922, "supply": "[{\"l\":'Energy for power irrigation',\"v\":0.0068585539326737922}]"}, {"source": 5, "prod": 0, "target": 0, "value": 0.025052917504449122, "supply": "[{\"l\":'Energy for power irrigation',\"v\":0.025052917504449122}]"}, {"source": 5, "prod": 0, "target": 2, "value": 0.0011828670927758128, "supply": "[{\"l\":'Energy for power irrigation',\"v\":0.0011828670927758128}]"}, {"source": 6, "prod": 0, "target": 5, "value": 0.065938308655053735, "supply": [{"l": "Coal", "v": 0.029369800166022503}, {"l": "Natural gas", "v": 0.0019837382658286053}, {"l": "Oil", "v": 0.034584770223202631}]}, {"source": 7, "prod": 0, "target": 5, "value": 0.053490862422498661, "supply": [{"l": "Nuclear", "v": 0.0}, {"l": "Hydroelectric", "v": 0.052824177051547336}, {"l": "Renewable", "v": 0.00066668537095132237}]}, {"source": 6, "prod": 0, "target": 3, "value": 1.2456472057904724, "supply": [{"l": "Motor Gasoline", "v": 0.014296790264669443}, {"l": "Gas-Diesel oil", "v": 0.13738240018718037}, {"l": "Natural gas (including LNG)", "v": 0.21757154484796049}, {"l": "Fuel oil", "v": 0.55629467130668642}, {"l": "Liquefied petroleum gas (LPG)", "v": 0.050883233974331428}, {"l": "Coal", "v": 0.26921856520964443}]}, {"source": 6, "prod": 0, "target": 4, "value": 0.18624130355745358, "supply": [{"l": "Motor Gasoline", "v": 0.0021375657916639906}, {"l": "Gas-Diesel oil", "v": 0.020540548863091208}, {"l": "Natural gas (including LNG)", "v": 0.032529923353201054}, {"l": "Fuel oil", "v": 0.083173666078651828}, {"l": "Liquefied petroleum gas (LPG)", "v": 0.0076077398002789122}, {"l": "Coal", "v": 0.040251859670566603}]}, {"source": 6, "prod": 0, "target": 0, "value": 0.68030200822915521, "supply": [{"l": "Motor Gasoline", "v": 0.0078080977367211866}, {"l": "Gas-Diesel oil", "v": 0.07503049202713119}, {"l": "Natural gas (including LNG)", "v": 0.11882526465401505}, {"l": "Fuel oil", "v": 0.30381666678805569}, {"l": "Liquefied petroleum gas (LPG)", "v": 0.027789542734906858}, {"l": "Coal", "v": 0.14703194428832536}]}, {"source": 6, "prod": 0, "target": 2, "value": 0.032120285333660674, "supply": [{"l": "Motor Gasoline", "v": 0.00036865733774537804}, {"l": "Gas-Diesel oil", "v": 0.0035425454922729162}, {"l": "Natural gas (including LNG)", "v": 0.0056103044814900457}, {"l": "Fuel oil", "v": 0.014344626222339346}, {"l": "Liquefied petroleum gas (LPG)", "v": 0.0013120761531494644}, {"l": "Coal", "v": 0.0069420756466635298}]}, {"source": 8, "prod": 81.450266342553064, "target": 3, "value": 0.79663073388449968, "supply": [{"l": "Potash", "v": 0.032258850025807084}, {"l": "Phosphate", "v": 0.29840450023872356}, {"l": "Nitrogen", "v": 1.0406911397214418}]}, {"source": 8, "prod": 12.177929439590041, "target": 4, "value": 0.11910719635775939, "supply": [{"l": "Potash", "v": 0.032258850025807084}, {"l": "Phosphate", "v": 0.29840450023872356}, {"l": "Nitrogen", "v": 1.0406911397214418}]}, {"source": 8, "prod": 44.483525918139421, "target": 0, "value": 0.43507462270167929, "supply": [{"l": "Potash", "v": 0.032258850025807084}, {"l": "Phosphate", "v": 0.29840450023872356}, {"l": "Nitrogen", "v": 1.0406911397214418}]}, {"source": 8, "prod": 2.100278299717496, "target": 2, "value": 0.020541937042034143, "supply": [{"l": "Potash", "v": 0.032258850025807084}, {"l": "Phosphate", "v": 0.29840450023872356}, {"l": "Nitrogen", "v": 1.0406911397214418}]}, {"source": 6, "prod": 0, "target": 8, "value": 1.6350226900242262, "supply": [{"l": "Natural gas (including LNG)", "v": 1.1224954706766308}, {"l": "Fuel oil", "v": 0.32856301186073483}, {"l": "Liquefied petroleum gas (LPG)", "v": 0.091982103743430313}, {"l": "Coal", "v": 0.091982103743430313}]}, {"source": 9, "prod": 0, "target": 3, "value": 0.31603680097044651, "supply": "[{\"l\":'Labor',\"v\":0.31603680097044651}]"}, {"source": 9, "prod": 0, "target": 4, "value": 0.047251826609695798, "supply": "[{\"l\":'Labor',\"v\":0.047251826609695798}]"}, {"source": 9, "prod": 0, "target": 0, "value": 0.1726014150516044, "supply": "[{\"l\":'Labor',\"v\":0.1726014150516044}]"}, {"source": 9, "prod": 0, "target": 2, "value": 0.0081493316694482929, "supply": "[{\"l\":'Labor',\"v\":0.0081493316694482929}]"}]}