{"nodes": [{"layer": 13, "name": "Animal Products", "fill": "#17becf"}, {"layer": 10, "name": "Feed", "fill": "#dbdb8d"}, {"layer": 5, "name": "Cereals", "fill": "#e7ba52"}, {"layer": 13, "name": "Other Processed", "fill": "#9c9ede"}, {"layer": 16, "name": "Food", "fill": "#b5cf6b"}, {"layer": 13, "name": "Sugar", "fill": "#d6616b"}, {"layer": 5, "name": "Starchy Roots"}, {"layer": 5, "name": "Fruits & Vegetables"}, {"layer": 13, "name": "Aquatic Products", "fill": "#1f77b4"}, {"layer": 13, "name": "Vegetable Oils", "fill": "#f7b6d2"}, {"layer": 10, "name": "Processing", "fill": "#9edae5"}, {"layer": 5, "name": "Oilcrops", "fill": "#ff9896"}, {"layer": 16, "name": "Biofuels & Other", "fill": "#e7ba52"}, {"name": "Seed", "fill": "#dbdb8d"}, {"name": "Waste", "fill": "#c7c7c7"}, {"layer": 0, "name": "Import", "fill": "#aec7e8"}, {"layer": 16, "name": "Export", "fill": "#aec7e8"}, {"layer": 0, "name": "Production", "fill": "#b5cf6b"}], "links": [{"source": 0, "prod": 0.0050515698236744998, "target": 1, "value": 7.0, "supply": [{"l": "Milk - Excluding Butter", "v": 7.0}]}, {"source": 2, "prod": 0.0034932158549785338, "target": 1, "value": 1.0, "supply": [{"l": "Maize", "v": 1.0}]}, {"source": 3, "prod": 0.011602582356429622, "target": 4, "value": 5.0, "supply": [{"l": "Fats, Animals, Raw", "v": 1.0}, {"l": "Beverages, Fermented", "v": 4.0}]}, {"source": 0, "prod": 0.12379771948265708, "target": 4, "value": 102.0, "supply": [{"l": "Pigmeat", "v": 2.0}, {"l": "Milk - Excluding Butter", "v": 57.0}, {"l": "Meat, Other", "v": 2.0}, {"l": "Mutton & Goat Meat", "v": 18.0}, {"l": "Bovine Meat", "v": 14.0}, {"l": "Eggs", "v": 1.0}, {"l": "Poultry Meat", "v": 1.0}, {"l": "Offals, Edible", "v": 7.0}]}, {"source": 2, "prod": 0.35252950508192599, "target": 4, "value": 101.0, "supply": [{"l": "Maize", "v": 42.0}, {"l": "Cereals, Other", "v": 7.0}, {"l": "Sorghum", "v": 4.0}, {"l": "Wheat", "v": 20.0}, {"l": "Millet", "v": 28.0}]}, {"source": 5, "prod": 0.13264717515324415, "target": 4, "value": 32.0, "supply": [{"l": "Sugar", "v": 32.0}]}, {"source": 6, "prod": 0.15243748961485262, "target": 4, "value": 144.0, "supply": [{"l": "Roots, Other", "v": 144.0}]}, {"source": 7, "prod": 0.068348669189629507, "target": 4, "value": 64.0, "supply": [{"l": "Vegetables, Other", "v": 23.0}, {"l": "Fruits, Other", "v": 29.0}, {"l": "Pulses, Other", "v": 12.0}]}, {"source": 8, "prod": 0.012222449966611586, "target": 4, "value": 18.0, "supply": [{"l": "Fish, Seafood", "v": 9.0}, {"l": "Marine Fish, Other", "v": 7.0}, {"l": "Crustaceans", "v": 2.0}]}, {"source": 9, "prod": 0.031010673642004875, "target": 4, "value": 3.0, "supply": [{"l": "Sunflowerseed Oil", "v": 3.0}]}, {"source": 2, "prod": 0.0035873380213098595, "target": 10, "value": 1.0, "supply": [{"l": "Sorghum", "v": 1.0}]}, {"source": 11, "prod": 0.030872848425818184, "target": 10, "value": 8.0, "supply": [{"l": "Sunflower seed", "v": 8.0}]}, {"source": 3, "prod": 0.019592384577923075, "target": 12, "value": 2.0, "supply": [{"l": "Fats, Animals, Raw", "v": 2.0}]}, {"source": 5, "prod": 0.033161793788311036, "target": 12, "value": 8.0, "supply": [{"l": "Sugar", "v": 8.0}]}, {"source": 7, "prod": 0.0039386752502010309, "target": 13, "value": 1.0, "supply": [{"l": "Pulses, Other", "v": 1.0}]}, {"source": 2, "prod": 0.017955133588005986, "target": 13, "value": 5.0, "supply": [{"l": "Maize", "v": 1.0}, {"l": "Sorghum", "v": 1.0}, {"l": "Millet", "v": 3.0}]}, {"source": 6, "prod": 0.038109372403713156, "target": 14, "value": 36.0, "supply": [{"l": "Roots, Other", "v": 36.0}]}, {"source": 7, "prod": 0.0062834240613313516, "target": 14, "value": 7.0, "supply": [{"l": "Vegetables, Other", "v": 3.0}, {"l": "Pulses, Other", "v": 1.0}, {"l": "Fruits, Other", "v": 3.0}]}, {"source": 0, "prod": 0.0028866113278139998, "target": 14, "value": 4.0, "supply": [{"l": "Milk - Excluding Butter", "v": 4.0}]}, {"source": 2, "prod": 0.024390506107240788, "target": 14, "value": 7.0, "supply": [{"l": "Maize", "v": 4.0}, {"l": "Wheat", "v": 1.0}, {"l": "Millet", "v": 2.0}]}, {"source": 15, "prod": 0.16166374471801628, "target": 10, "value": 39.0, "supply": [{"l": "Sugar", "v": 39.0}]}, {"source": 15, "prod": 0.15634011102281603, "target": 2, "value": 46.0, "supply": [{"l": "Maize", "v": 19.0}, {"l": "Wheat", "v": 20.0}, {"l": "Cereals, Other", "v": 7.0}]}, {"source": 15, "prod": 0.030872848425818184, "target": 11, "value": 8.0, "supply": [{"l": "Sunflower seed", "v": 8.0}]}, {"source": 15, "prod": 0.04921316649928905, "target": 7, "value": 52.0, "supply": [{"l": "Pulses, Other", "v": 8.0}, {"l": "Vegetables, Other", "v": 20.0}, {"l": "Fruits, Other", "v": 24.0}]}, {"source": 0, "prod": 0.039575055701223112, "target": 16, "value": 18.0, "supply": [{"l": "Bovine Meat", "v": 18.0}]}, {"source": 17, "prod": 0.24199072772673921, "target": 2, "value": 68.0, "supply": [{"l": "Maize", "v": 29.0}, {"l": "Sorghum", "v": 6.0}, {"l": "Wheat", "v": 1.0}, {"l": "Millet", "v": 32.0}]}, {"source": 17, "prod": 0.1905468620185658, "target": 6, "value": 180.0, "supply": [{"l": "Roots, Other", "v": 180.0}]}, {"source": 17, "prod": 0.029357602001872828, "target": 7, "value": 20.0, "supply": [{"l": "Vegetables, Other", "v": 6.0}, {"l": "Fruits, Other", "v": 8.0}, {"l": "Pulses, Other", "v": 6.0}]}, {"source": 1, "prod": 0.012222449966611586, "target": 8, "value": 18.0, "supply": [{"l": "Crustaceans", "v": 2.0}, {"l": "Marine Fish, Other", "v": 7.0}, {"l": "Fish, Seafood", "v": 9.0}]}, {"source": 1, "prod": 0.17131095633536869, "target": 0, "value": 131.0, "supply": [{"l": "Poultry Meat", "v": 1.0}, {"l": "Pigmeat", "v": 2.0}, {"l": "Bovine Meat", "v": 32.0}, {"l": "Eggs", "v": 1.0}, {"l": "Milk - Excluding Butter", "v": 68.0}, {"l": "Offals, Edible", "v": 7.0}, {"l": "Meat, Other", "v": 2.0}, {"l": "Mutton & Goat Meat", "v": 18.0}]}, {"source": 10, "prod": 0.031194966934352697, "target": 3, "value": 7.0, "supply": [{"l": "Fats, Animals, Raw", "v": 3.0}, {"l": "Beverages, Fermented", "v": 4.0}]}, {"source": 10, "prod": 0.031010673642004875, "target": 9, "value": 3.0, "supply": [{"l": "Sunflowerseed Oil", "v": 3.0}]}, {"source": 10, "prod": 0.16580896894155517, "target": 5, "value": 40.0, "supply": [{"l": "Sugar", "v": 40.0}]}]}