{"nodes": [{"layer": 13, "name": "Milk - Excluding Butter"}, {"layer": 10, "name": "Feed", "fill": "#dbdb8d"}, {"layer": 5, "name": "Cereals - Excluding Beer"}, {"layer": 5, "name": "Starchy Roots"}, {"layer": 16, "name": "Food", "fill": "#b5cf6b"}, {"layer": 13, "name": "Meat"}, {"layer": 5, "name": "Vegetables"}, {"layer": 13, "name": "Alcoholic Beverages"}, {"layer": 13, "name": "Animal Fats"}, {"layer": 5, "name": "Pulses"}, {"layer": 13, "name": "Fish, Seafood"}, {"layer": 13, "name": "Sugar & Sweeteners"}, {"layer": 13, "name": "Vegetable Oils", "fill": "#f7b6d2"}, {"layer": 5, "name": "Fruits - Excluding Wine"}, {"layer": 5, "name": "Oilcrops", "fill": "#ff9896"}, {"layer": 10, "name": "Processing", "fill": "#9edae5"}, {"layer": 16, "name": "Biofuels & Other", "fill": "#e7ba52"}, {"name": "Waste", "fill": "#c7c7c7"}, {"layer": 2, "name": "Import", "fill": "#aec7e8"}, {"layer": 16, "name": "Export", "fill": "#aec7e8"}, {"layer": 2, "name": "Electricity", "fill": "#bcbd22"}, {"layer": 0, "name": "Fossil Fuels", "fill": "#c49c94"}, {"layer": 0, "name": "Renewables & Nuclear", "fill": "#2ca02c"}, {"layer": 2, "name": "Fertilizers", "fill": "#c5b0d5"}, {"layer": 0, "name": "Labor", "fill": "#7f7f7f"}], "links": [{"source": 0, "prod": 49.0, "target": 1, "value": 0.035808795460602436, "supply": [{"l": "Milk - Excluding Butter", "v": 0.035808795460602436}]}, {"source": 2, "prod": 1.0, "target": 1, "value": 0.0034885436833612393, "supply": [{"l": "Maize", "v": 0.0034885436833612393}]}, {"source": 3, "prod": 130.0, "target": 4, "value": 0.1374520397464899, "supply": [{"l": "Roots, Other", "v": 0.1374520397464899}]}, {"source": 5, "prod": 38.0, "target": 4, "value": 0.069665361314502905, "supply": [{"l": "Pigmeat", "v": 0.0036127801349361706}, {"l": "Meat, Other", "v": 0.002572737368818182}, {"l": "Mutton & Goat Meat", "v": 0.025598090403316585}, {"l": "Bovine Meat", "v": 0.028655640090379398}, {"l": "Poultry Meat", "v": 0.0014808197646104652}, {"l": "Offals, Edible", "v": 0.0077452935524421063}]}, {"source": 6, "prod": 18.0, "target": 4, "value": 0.0045718169039030724, "supply": [{"l": "Vegetables, Other", "v": 0.0045718169039030724}]}, {"source": 7, "prod": 2.0, "target": 4, "value": 0.0008296449495537459, "supply": [{"l": "Beverages, Fermented", "v": 0.0008296449495537459}]}, {"source": 8, "prod": 2.0, "target": 4, "value": 0.018314559780059959, "supply": [{"l": "Butter, Ghee", "v": 0.008260572957178379}, {"l": "Fats, Animals, Raw", "v": 0.01005398682288158}]}, {"source": 0, "prod": 37.0, "target": 4, "value": 0.02703929453147531, "supply": [{"l": "Milk - Excluding Butter", "v": 0.02703929453147531}]}, {"source": 9, "prod": 9.0, "target": 4, "value": 0.035532361660455564, "supply": [{"l": "Pulses, Other", "v": 0.035532361660455564}]}, {"source": 10, "prod": 10.0, "target": 4, "value": 0.0077290219273319334, "supply": [{"l": "Fish, Seafood", "v": 0.0038645109636659667}, {"l": "Marine Fish, Other", "v": 0.0038645109636659667}]}, {"source": 11, "prod": 23.0, "target": 4, "value": 0.095210217235923641, "supply": [{"l": "Sugar", "v": 0.095210217235923641}]}, {"source": 2, "prod": 69.0, "target": 4, "value": 0.241535392827326, "supply": [{"l": "Maize", "v": 0.11163339786755966}, {"l": "Cereals, Other", "v": 0.022884453865228707}, {"l": "Sorghum", "v": 0.0072980229086819478}, {"l": "Wheat", "v": 0.038220079645561546}, {"l": "Millet", "v": 0.061499438540294167}]}, {"source": 12, "prod": 2.0, "target": 4, "value": 0.020493183868862071, "supply": [{"l": "Sunflowerseed Oil", "v": 0.020493183868862071}]}, {"source": 13, "prod": 22.0, "target": 4, "value": 0.011499785892896307, "supply": [{"l": "Fruits, Other", "v": 0.011499785892896307}]}, {"source": 14, "prod": 5.0, "target": 15, "value": 0.02122508329275, "supply": [{"l": "Sunflower seed", "v": 0.02122508329275}]}, {"source": 8, "prod": 2.0, "target": 16, "value": 0.020107973645763159, "supply": [{"l": "Fats, Animals, Raw", "v": 0.020107973645763159}]}, {"source": 2, "prod": 3.0, "target": 2, "value": 0.010723771746925258, "supply": [{"l": "Maize", "v": 0.0034885436833612393}, {"l": "Millet", "v": 0.0072352280635640184}]}, {"source": 0, "prod": 7.0, "target": 17, "value": 0.0051155422086574913, "supply": [{"l": "Milk - Excluding Butter", "v": 0.0051155422086574913}]}, {"source": 2, "prod": 5.0, "target": 17, "value": 0.017268251718995858, "supply": [{"l": "Maize", "v": 0.01046563105008372}, {"l": "Wheat", "v": 0.0031850066371301288}, {"l": "Millet", "v": 0.0036176140317820092}]}, {"source": 6, "prod": 2.0, "target": 17, "value": 0.00050797965598923026, "supply": [{"l": "Vegetables, Other", "v": 0.00050797965598923026}]}, {"source": 3, "prod": 33.0, "target": 17, "value": 0.034891671627955125, "supply": [{"l": "Roots, Other", "v": 0.034891671627955125}]}, {"source": 13, "prod": 2.0, "target": 17, "value": 0.0010454350811723917, "supply": [{"l": "Fruits, Other", "v": 0.0010454350811723917}]}, {"source": 18, "prod": 32.0, "target": 2, "value": 0.10994414507784761, "supply": [{"l": "Maize", "v": 0.048839611567057357}, {"l": "Wheat", "v": 0.038220079645561546}, {"l": "Cereals, Other", "v": 0.022884453865228707}]}, {"source": 18, "prod": 5.0, "target": 9, "value": 0.019740200922475307, "supply": [{"l": "Pulses, Other", "v": 0.019740200922475307}]}, {"source": 18, "prod": 23.0, "target": 15, "value": 0.095210217235923641, "supply": [{"l": "Sugar", "v": 0.095210217235923641}]}, {"source": 18, "prod": 15.0, "target": 6, "value": 0.0038098474199192269, "supply": [{"l": "Vegetables, Other", "v": 0.0038098474199192269}]}, {"source": 18, "prod": 18.0, "target": 13, "value": 0.0094089157305515241, "supply": [{"l": "Fruits, Other", "v": 0.0094089157305515241}]}, {"source": 18, "prod": 5.0, "target": 14, "value": 0.02122508329275, "supply": [{"l": "Sunflower seed", "v": 0.02122508329275}]}, {"source": 5, "prod": 13.0, "target": 19, "value": 0.028655640090379398, "supply": [{"l": "Bovine Meat", "v": 0.028655640090379398}]}, {"source": 8, "prod": 1.0, "target": 19, "value": 0.008260572957178379, "supply": [{"l": "Butter, Ghee", "v": 0.008260572957178379}]}, {"source": 1, "prod": 93.0, "target": 0, "value": 0.067963632200735244, "supply": [{"l": "Milk - Excluding Butter", "v": 0.067963632200735244}]}, {"source": 1, "prod": 51.0, "target": 5, "value": 0.098321001404882299, "supply": [{"l": "Pigmeat", "v": 0.0036127801349361706}, {"l": "Bovine Meat", "v": 0.057311280180758796}, {"l": "Poultry Meat", "v": 0.0014808197646104652}, {"l": "Offals, Edible", "v": 0.0077452935524421063}, {"l": "Meat, Other", "v": 0.002572737368818182}, {"l": "Mutton & Goat Meat", "v": 0.025598090403316585}]}, {"source": 1, "prod": 10.0, "target": 10, "value": 0.0077290219273319334, "supply": [{"l": "Marine Fish, Other", "v": 0.0038645109636659667}, {"l": "Fish, Seafood", "v": 0.0038645109636659667}]}, {"source": 15, "prod": 23.0, "target": 11, "value": 0.095210217235923641, "supply": [{"l": "Sugar", "v": 0.095210217235923641}]}, {"source": 15, "prod": 2.0, "target": 12, "value": 0.020493183868862071, "supply": [{"l": "Sunflowerseed Oil", "v": 0.020493183868862071}]}, {"source": 15, "prod": 5.0, "target": 8, "value": 0.046683106383001501, "supply": [{"l": "Fats, Animals, Raw", "v": 0.030161960468644739}, {"l": "Butter, Ghee", "v": 0.016521145914356758}]}, {"source": 15, "prod": 2.0, "target": 7, "value": 0.0008296449495537459, "supply": [{"l": "Beverages, Fermented", "v": 0.0008296449495537459}]}, {"source": 20, "prod": 0, "target": 3, "value": 0.0014051049525848802, "supply": "[{\"l\":'Energy for power irrigation',\"v\":0.0014051049525848802}]"}, {"source": 20, "prod": 0, "target": 2, "value": 0.00053445709852921821, "supply": "[{\"l\":'Energy for power irrigation',\"v\":0.00053445709852921821}]"}, {"source": 20, "prod": 0, "target": 6, "value": 0.00010775344728411657, "supply": "[{\"l\":'Energy for power irrigation',\"v\":0.00010775344728411657}]"}, {"source": 20, "prod": 0, "target": 9, "value": 5.6031792587740623e-05, "supply": "[{\"l\":'Energy for power irrigation',\"v\":5.6031792587740623e-05}]"}, {"source": 20, "prod": 0, "target": 13, "value": 0.00012930413674093989, "supply": "[{\"l\":'Energy for power irrigation',\"v\":0.00012930413674093989}]"}, {"source": 20, "prod": 0, "target": 15, "value": 0.22131724444444442, "supply": "[{\"l\":'Electricity',\"v\":0.22131724444444442}]"}, {"source": 21, "prod": 0, "target": 20, "value": 0.04570837349508499, "supply": [{"l": "Coal", "v": 0.033502842714438284}, {"l": "Natural gas", "v": 0.0}, {"l": "Oil", "v": 0.012205530780646704}]}, {"source": 22, "prod": 0, "target": 20, "value": 0.20586723620635147, "supply": [{"l": "Nuclear", "v": 0.0}, {"l": "Hydroelectric", "v": 0.20586723620635147}, {"l": "Renewable", "v": 0.0}]}, {"source": 21, "prod": 0, "target": 3, "value": 0.92080975217068206, "supply": [{"l": "Gas-Diesel oil", "v": 0.86365413283453918}, {"l": "Fuel oil", "v": 0.048965795662712044}, {"l": "Liquefied petroleum gas (LPG)", "v": 0.008189823673430973}]}, {"source": 21, "prod": 0, "target": 2, "value": 0.35024665419989132, "supply": [{"l": "Gas-Diesel oil", "v": 0.32850647997387378}, {"l": "Fuel oil", "v": 0.018625026571092926}, {"l": "Liquefied petroleum gas (LPG)", "v": 0.0031151476549246648}]}, {"source": 21, "prod": 0, "target": 6, "value": 0.070614244798365186, "supply": [{"l": "Gas-Diesel oil", "v": 0.066231145156022936}, {"l": "Fuel oil", "v": 0.0037550456796558314}, {"l": "Liquefied petroleum gas (LPG)", "v": 0.00062805396268642434}]}, {"source": 21, "prod": 0, "target": 9, "value": 0.0367194072951499, "supply": [{"l": "Gas-Diesel oil", "v": 0.034440195481131933}, {"l": "Fuel oil", "v": 0.0019526237534210325}, {"l": "Liquefied petroleum gas (LPG)", "v": 0.00032658806059694066}]}, {"source": 21, "prod": 0, "target": 13, "value": 0.084737093758038215, "supply": [{"l": "Gas-Diesel oil", "v": 0.079477374187227529}, {"l": "Fuel oil", "v": 0.0045060548155869979}, {"l": "Liquefied petroleum gas (LPG)", "v": 0.00075366475522370912}]}, {"source": 23, "prod": 0.071987306513030064, "target": 3, "value": 0.00049574669186024122, "supply": [{"l": "Potash", "v": 9.2147282918942787e-05}, {"l": "Phosphate", "v": 0.00022511168648559876}, {"l": "Nitrogen", "v": 0.00047806471109517048}]}, {"source": 23, "prod": 0.027381674869986893, "target": 2, "value": 0.00018856622635174817, "supply": [{"l": "Potash", "v": 9.2147282918942787e-05}, {"l": "Phosphate", "v": 0.00022511168648559876}, {"l": "Nitrogen", "v": 0.00047806471109517048}]}, {"source": 23, "prod": 0.0055204989657231633, "target": 6, "value": 3.8017384345110519e-05, "supply": [{"l": "Potash", "v": 9.2147282918942787e-05}, {"l": "Phosphate", "v": 0.00022511168648559876}, {"l": "Nitrogen", "v": 0.00047806471109517048}]}, {"source": 23, "prod": 0.0028706594621760455, "target": 9, "value": 1.976903985945747e-05, "supply": [{"l": "Potash", "v": 9.2147282918942787e-05}, {"l": "Phosphate", "v": 0.00022511168648559876}, {"l": "Nitrogen", "v": 0.00047806471109517048}]}, {"source": 23, "prod": 0.0066245987588677965, "target": 13, "value": 4.5620861214132621e-05, "supply": [{"l": "Potash", "v": 9.2147282918942787e-05}, {"l": "Phosphate", "v": 0.00022511168648559876}, {"l": "Nitrogen", "v": 0.00047806471109517048}]}, {"source": 21, "prod": 0, "target": 23, "value": 0.0010223172033675082, "supply": [{"l": "Natural gas (including LNG)", "v": 0.00067610787002199673}, {"l": "Fuel oil", "v": 0.0002617012671697982}, {"l": "Liquefied petroleum gas (LPG)", "v": 4.2254033087856618e-05}, {"l": "Coal", "v": 4.2254033087856618e-05}]}, {"source": 24, "prod": 0, "target": 3, "value": 0.04580722773392748, "supply": "[{\"l\":'Labor',\"v\":0.04580722773392748}]"}, {"source": 24, "prod": 0, "target": 6, "value": 0.0035128242127244998, "supply": "[{\"l\":'Labor',\"v\":0.0035128242127244998}]"}, {"source": 24, "prod": 0, "target": 9, "value": 0.0018266685906167402, "supply": "[{\"l\":'Labor',\"v\":0.0018266685906167402}]"}, {"source": 24, "prod": 0, "target": 2, "value": 0.017423608095113521, "supply": "[{\"l\":'Labor',\"v\":0.017423608095113521}]"}, {"source": 24, "prod": 0, "target": 13, "value": 0.0042153890552694001, "supply": "[{\"l\":'Labor',\"v\":0.0042153890552694001}]"}, {"source": 24, "prod": 0, "target": 14, "value": 0.00070256484254489998, "supply": "[{\"l\":'Labor',\"v\":0.00070256484254489998}]"}, {"source": 21, "prod": 0, "target": 18, "value": 0.060624743960171125, "supply": "[{\"l\":'Fossil Fuels',\"v\":0.060624743960171125}]"}, {"source": 22, "prod": 0, "target": 18, "value": 0.030965397866998774, "supply": "[{\"l\":'Renewables & Nuclear',\"v\":0.014500953160670363},{\"l\":'Biomass & Waste',\"v\":0.016464444706328411}]"}]}