{"nodes": [{"layer": 13, "name": "Animal Products", "fill": "#17becf"}, {"layer": 10, "name": "Feed", "fill": "#dbdb8d"}, {"layer": 5, "name": "Cereals", "fill": "#e7ba52"}, {"layer": 13, "name": "Other Processed", "fill": "#9c9ede"}, {"layer": 16, "name": "Food", "fill": "#b5cf6b"}, {"layer": 5, "name": "Fruits, Roots & Vegetables", "fill": "#98df8a"}, {"layer": 13, "name": "Sugar", "fill": "#d6616b"}, {"layer": 13, "name": "Aquatic Products", "fill": "#1f77b4"}, {"layer": 13, "name": "Vegetable Oils", "fill": "#f7b6d2"}, {"layer": 5, "name": "Oilcrops", "fill": "#ff9896"}, {"layer": 10, "name": "Processing", "fill": "#9edae5"}, {"layer": 16, "name": "Biofuels & Other", "fill": "#e7ba52"}, {"name": "Waste", "fill": "#c7c7c7"}, {"layer": 2, "name": "Import", "fill": "#aec7e8"}, {"layer": 16, "name": "Export", "fill": "#aec7e8"}, {"name": "Crop Residue", "fill": "#bd9e39"}, {"layer": 2, "name": "Electricity", "fill": "#bcbd22"}, {"layer": 0, "name": "Fossil Fuels", "fill": "#c49c94"}, {"layer": 0, "name": "Renewables & Nuclear", "fill": "#2ca02c"}, {"layer": 2, "name": "Fertilizers", "fill": "#c5b0d5"}, {"layer": 0, "name": "Labor", "fill": "#7f7f7f"}], "links": [{"source": 0, "prod": 84.0, "target": 1, "value": 0.060139191164320052, "supply": [{"l": "Milk - Excluding Butter", "v": 0.060139191164320052}]}, {"source": 2, "prod": 1.0, "target": 1, "value": 0.0034942604372780565, "supply": [{"l": "Maize", "v": 0.0034942604372780565}]}, {"source": 3, "prod": 7.0, "target": 4, "value": 0.044621711417700632, "supply": [{"l": "Butter, Ghee", "v": 0.033494128009142365}, {"l": "Fats, Animals, Raw", "v": 0.010072920884694915}, {"l": "Beverages, Fermented", "v": 0.001054662523863354}]}, {"source": 0, "prod": 58.0, "target": 4, "value": 0.071951188971598121, "supply": [{"l": "Pigmeat", "v": 0.0035375138821250002}, {"l": "Milk - Excluding Butter", "v": 0.021478282558685731}, {"l": "Meat, Other", "v": 0.0022946035992162162}, {"l": "Mutton & Goat Meat", "v": 0.021865840524229244}, {"l": "Bovine Meat", "v": 0.017584535025708739}, {"l": "Offals, Edible", "v": 0.0051904133816331873}]}, {"source": 2, "prod": 58.0, "target": 4, "value": 0.20537209465094977, "supply": [{"l": "Maize", "v": 0.097839292243785583}, {"l": "Cereals, Other", "v": 0.041902576102344359}, {"l": "Sorghum", "v": 0.0072107132282219176}, {"l": "Wheat", "v": 0.022209752105300261}, {"l": "Millet", "v": 0.03620976097129764}]}, {"source": 5, "prod": 153.0, "target": 4, "value": 0.16357706003349987, "supply": [{"l": "Vegetables, Other", "v": 0.0038513255974747989}, {"l": "Fruits, Other", "v": 0.0094301364235186858}, {"l": "Pulses, Other", "v": 0.031644669636463639}, {"l": "Roots, Other", "v": 0.11865092837604274}]}, {"source": 6, "prod": 17.0, "target": 4, "value": 0.070398910531114758, "supply": [{"l": "Sugar", "v": 0.070398910531114758}]}, {"source": 7, "prod": 12.0, "target": 4, "value": 0.008527945207404887, "supply": [{"l": "Fish, Seafood", "v": 0.0041926090454814822}, {"l": "Marine Fish, Other", "v": 0.0043353361619234048}]}, {"source": 8, "prod": 2.0, "target": 4, "value": 0.02068773941192089, "supply": [{"l": "Sunflowerseed Oil", "v": 0.02068773941192089}]}, {"source": 9, "prod": 5.0, "target": 10, "value": 0.026531354115937499, "supply": [{"l": "Sunflower seed", "v": 0.026531354115937499}]}, {"source": 3, "prod": 1.0, "target": 11, "value": 0.010072920884694915, "supply": [{"l": "Fats, Animals, Raw", "v": 0.010072920884694915}]}, {"source": 2, "prod": 2.0, "target": 2, "value": 0.0071152365344078206, "supply": [{"l": "Maize", "v": 0.0034942604372780565}, {"l": "Millet", "v": 0.0036209760971297644}]}, {"source": 5, "prod": 32.0, "target": 12, "value": 0.031224035109620511, "supply": [{"l": "Vegetables, Other", "v": 0.00051351007966330656}, {"l": "Roots, Other", "v": 0.029662732094010685}, {"l": "Fruits, Other", "v": 0.0010477929359465207}]}, {"source": 0, "prod": 11.0, "target": 12, "value": 0.007875370271518101, "supply": [{"l": "Milk - Excluding Butter", "v": 0.007875370271518101}]}, {"source": 2, "prod": 4.0, "target": 12, "value": 0.014103757408963935, "supply": [{"l": "Maize", "v": 0.010482781311834171}, {"l": "Millet", "v": 0.0036209760971297644}]}, {"source": 13, "prod": 17.0, "target": 10, "value": 0.070398910531114758, "supply": [{"l": "Sugar", "v": 0.070398910531114758}]}, {"source": 13, "prod": 30.0, "target": 2, "value": 0.10604345345498131, "supply": [{"l": "Maize", "v": 0.041931125247336686}, {"l": "Wheat", "v": 0.022209752105300261}, {"l": "Cereals, Other", "v": 0.041902576102344359}]}, {"source": 13, "prod": 5.0, "target": 9, "value": 0.026531354115937499, "supply": [{"l": "Sunflower seed", "v": 0.026531354115937499}]}, {"source": 13, "prod": 33.0, "target": 5, "value": 0.030974181060200171, "supply": [{"l": "Pulses, Other", "v": 0.019777918522789775}, {"l": "Vegetables, Other", "v": 0.0033378155178114925}, {"l": "Fruits, Other", "v": 0.0078584470195989034}]}, {"source": 0, "prod": 7.0, "target": 14, "value": 0.015386468147495148, "supply": [{"l": "Bovine Meat", "v": 0.015386468147495148}]}, {"source": 1, "prod": 12.0, "target": 7, "value": 0.008527945207404887, "supply": [{"l": "Marine Fish, Other", "v": 0.0043353361619234048}, {"l": "Fish, Seafood", "v": 0.0041926090454814822}]}, {"source": 1, "prod": 160.0, "target": 0, "value": 0.15535221855493142, "supply": [{"l": "Pigmeat", "v": 0.0035375138821250002}, {"l": "Bovine Meat", "v": 0.032971003173203887}, {"l": "Milk - Excluding Butter", "v": 0.089492843994523896}, {"l": "Offals, Edible", "v": 0.0051904133816331873}, {"l": "Meat, Other", "v": 0.0022946035992162162}, {"l": "Mutton & Goat Meat", "v": 0.021865840524229244}]}, {"source": 10, "prod": 8.0, "target": 3, "value": 0.054694632302395546, "supply": [{"l": "Fats, Animals, Raw", "v": 0.020145841769389831}, {"l": "Butter, Ghee", "v": 0.033494128009142365}, {"l": "Beverages, Fermented", "v": 0.001054662523863354}]}, {"source": 10, "prod": 2.0, "target": 8, "value": 0.02068773941192089, "supply": [{"l": "Sunflowerseed Oil", "v": 0.02068773941192089}]}, {"source": 10, "prod": 17.0, "target": 6, "value": 0.070398910531114758, "supply": [{"l": "Sugar", "v": 0.070398910531114758}]}, {"source": 5, "prod": 169.0, "target": 15, "value": 0.79847425529747473, "supply": [{"l": "Vegetables, Other", "v": 0.036609999929999998}, {"l": "Roots, Other", "v": 0.2440666662}, {"l": "Pulses, Other", "v": 0.020919999959999998}]}, {"source": 2, "prod": 101.0, "target": 15, "value": 0.34564502700602368, "supply": [{"l": "Maize", "v": 0.18479333298000003}, {"l": "Wheat", "v": 0.027893333280000002}, {"l": "Cereals, Other", "v": 0.038353333259999997}, {"l": "Sorghum", "v": 0.017433333300000003}, {"l": "Millet", "v": 0.083679999840000019}]}, {"source": 9, "prod": 2.5, "target": 15, "value": 0.01326567705796875, "supply": [{"l": "Sunflower seed", "v": 0.01326567705796875}]}, {"source": 16, "prod": 0, "target": 5, "value": 0.0013807036763421091, "supply": "[{\"l\":'Energy for power irrigation',\"v\":0.0013807036763421091}]"}, {"source": 16, "prod": 0, "target": 2, "value": 0.00041257713405489063, "supply": "[{\"l\":'Energy for power irrigation',\"v\":0.00041257713405489063}]"}, {"source": 16, "prod": 0, "target": 10, "value": 0.22131724444444442, "supply": "[{\"l\":'Electricity',\"v\":0.22131724444444442}]"}, {"source": 17, "prod": 0, "target": 16, "value": 0.045618315539015672, "supply": [{"l": "Coal", "v": 0.033436832981282964}, {"l": "Natural gas", "v": 0.0}, {"l": "Oil", "v": 0.012181482557732704}]}, {"source": 18, "prod": 0, "target": 16, "value": 0.20546162163079942, "supply": [{"l": "Nuclear", "v": 0.0}, {"l": "Hydroelectric", "v": 0.20546162163079942}, {"l": "Renewable", "v": 0.0}]}, {"source": 17, "prod": 0, "target": 5, "value": 1.1245731990978565, "supply": [{"l": "Gas-Diesel oil", "v": 1.0547697706135855}, {"l": "Fuel oil", "v": 0.059801301349142341}, {"l": "Liquefied petroleum gas (LPG)", "v": 0.010002127135128826}]}, {"source": 17, "prod": 0, "target": 2, "value": 0.33604110387243641, "supply": [{"l": "Gas-Diesel oil", "v": 0.31518268293482882}, {"l": "Fuel oil", "v": 0.017869619633915316}, {"l": "Liquefied petroleum gas (LPG)", "v": 0.0029888013036923418}]}, {"source": 19, "prod": 0.070737163490641602, "target": 5, "value": 0.00048713747590646642, "supply": [{"l": "Potash", "v": 7.4140657257803824e-05}, {"l": "Phosphate", "v": 0.00018112230620121738}, {"l": "Nitrogen", "v": 0.00038464543684414774}]}, {"source": 19, "prod": 0.021137436427676928, "target": 2, "value": 0.00014556474871761275, "supply": [{"l": "Potash", "v": 7.4140657257803824e-05}, {"l": "Phosphate", "v": 0.00018112230620121738}, {"l": "Nitrogen", "v": 0.00038464543684414774}]}, {"source": 17, "prod": 0, "target": 19, "value": 0.00082254481068421846, "supply": [{"l": "Natural gas (including LNG)", "v": 0.00054398871320708196}, {"l": "Fuel oil", "v": 0.00021056186724720369}, {"l": "Liquefied petroleum gas (LPG)", "v": 3.3997115114966435e-05}, {"l": "Coal", "v": 3.3997115114966435e-05}]}, {"source": 20, "prod": 0, "target": 2, "value": 0.014498392137039892, "supply": "[{\"l\":'Labor',\"v\":0.014498392137039892}]"}, {"source": 20, "prod": 0, "target": 9, "value": 0.00071774218500197473, "supply": "[{\"l\":'Labor',\"v\":0.00071774218500197473}]"}, {"source": 20, "prod": 0, "target": 5, "value": 0.048519371706133498, "supply": "[{\"l\":'Labor',\"v\":0.048519371706133498}]"}, {"source": 17, "prod": 0, "target": 13, "value": 0.048425067741654601, "supply": "[{\"l\":'Fossil Fuels',\"v\":0.048425067741654601}]"}, {"source": 18, "prod": 0, "target": 13, "value": 0.024734149645924047, "supply": "[{\"l\":'Renewables & Nuclear',\"v\":0.011582888326676581},{\"l\":'Biomass & Waste',\"v\":0.013151261319247464}]"}]}