{"nodes": [{"layer": 13, "name": "Animal Products", "fill": "#17becf"}, {"layer": 10, "name": "Feed", "fill": "#dbdb8d"}, {"layer": 5, "name": "Cereals", "fill": "#e7ba52"}, {"layer": 13, "name": "Other Processed", "fill": "#9c9ede"}, {"layer": 16, "name": "Food", "fill": "#b5cf6b"}, {"layer": 13, "name": "Sugar", "fill": "#d6616b"}, {"layer": 5, "name": "Starchy Roots"}, {"layer": 5, "name": "Fruits & Vegetables"}, {"layer": 13, "name": "Aquatic Products", "fill": "#1f77b4"}, {"layer": 13, "name": "Vegetable Oils", "fill": "#f7b6d2"}, {"layer": 10, "name": "Processing", "fill": "#9edae5"}, {"layer": 5, "name": "Oilcrops", "fill": "#ff9896"}, {"layer": 16, "name": "Biofuels & Other", "fill": "#e7ba52"}, {"name": "Waste", "fill": "#c7c7c7"}, {"layer": 2, "name": "Import", "fill": "#aec7e8"}, {"layer": 16, "name": "Export", "fill": "#aec7e8"}, {"name": "Crop Residue", "fill": "#bd9e39"}, {"layer": 2, "name": "Electricity", "fill": "#bcbd22"}, {"layer": 0, "name": "Fossil Fuels", "fill": "#c49c94"}, {"layer": 0, "name": "Renewables & Nuclear", "fill": "#2ca02c"}, {"layer": 2, "name": "Fertilizers", "fill": "#c5b0d5"}, {"layer": 0, "name": "Labor", "fill": "#7f7f7f"}], "links": [{"source": 0, "prod": 7.0, "target": 1, "value": 0.0050844351934299691, "supply": [{"l": "Milk - Excluding Butter", "v": 0.0050844351934299691}]}, {"source": 2, "prod": 1.0, "target": 1, "value": 0.0034902401971770103, "supply": [{"l": "Maize", "v": 0.0034902401971770103}]}, {"source": 3, "prod": 4.0, "target": 4, "value": 0.011334501435319676, "supply": [{"l": "Fats, Animals, Raw", "v": 0.0099234155654415596}, {"l": "Beverages, Fermented", "v": 0.0014110858698781164}]}, {"source": 0, "prod": 94.0, "target": 4, "value": 0.11868588028078508, "supply": [{"l": "Pigmeat", "v": 0.0072771714146571435}, {"l": "Milk - Excluding Butter", "v": 0.036317394238785494}, {"l": "Meat, Other", "v": 0.0023305973811647059}, {"l": "Mutton & Goat Meat", "v": 0.029307630833554591}, {"l": "Bovine Meat", "v": 0.033132456575405207}, {"l": "Poultry Meat", "v": 0.0013918087405081967}, {"l": "Offals, Edible", "v": 0.0089288210967097374}]}, {"source": 2, "prod": 91.0, "target": 4, "value": 0.3168077128002274, "supply": [{"l": "Maize", "v": 0.13611936768990338}, {"l": "Cereals, Other", "v": 0.019091344760674603}, {"l": "Sorghum", "v": 0.014495178834073173}, {"l": "Wheat", "v": 0.060235769494972065}, {"l": "Millet", "v": 0.086866052020604198}]}, {"source": 5, "prod": 28.0, "target": 4, "value": 0.11611524967394571, "supply": [{"l": "Sugar", "v": 0.11611524967394571}]}, {"source": 6, "prod": 140.0, "target": 4, "value": 0.14826669410320167, "supply": [{"l": "Roots, Other", "v": 0.14826669410320167}]}, {"source": 7, "prod": 61.0, "target": 4, "value": 0.06345258138898667, "supply": [{"l": "Vegetables, Other", "v": 0.0057410064570746766}, {"l": "Fruits, Other", "v": 0.014088942331865284}, {"l": "Pulses, Other", "v": 0.043622632600046708}]}, {"source": 8, "prod": 14.0, "target": 4, "value": 0.0092331779961155429, "supply": [{"l": "Fish, Seafood", "v": 0.0044909496135793455}, {"l": "Marine Fish, Other", "v": 0.0037434009334656087}, {"l": "Crustaceans", "v": 0.00099882744907058832}]}, {"source": 9, "prod": 3.0, "target": 4, "value": 0.030885669376161124, "supply": [{"l": "Sunflowerseed Oil", "v": 0.030885669376161124}]}, {"source": 2, "prod": 1.0, "target": 10, "value": 0.0036237947085182931, "supply": [{"l": "Sorghum", "v": 0.0036237947085182931}]}, {"source": 11, "prod": 7.0, "target": 10, "value": 0.02971511660985, "supply": [{"l": "Sunflower seed", "v": 0.02971511660985}]}, {"source": 3, "prod": 2.0, "target": 12, "value": 0.019846831130883119, "supply": [{"l": "Fats, Animals, Raw", "v": 0.019846831130883119}]}, {"source": 5, "prod": 4.0, "target": 12, "value": 0.016587892810563672, "supply": [{"l": "Sugar", "v": 0.016587892810563672}]}, {"source": 2, "prod": 5.0, "target": 2, "value": 0.017972291408270828, "supply": [{"l": "Maize", "v": 0.0034902401971770103}, {"l": "Sorghum", "v": 0.0036237947085182931}, {"l": "Millet", "v": 0.010858256502575525}]}, {"source": 6, "prod": 35.0, "target": 13, "value": 0.037066673525800418, "supply": [{"l": "Roots, Other", "v": 0.037066673525800418}]}, {"source": 7, "prod": 7.0, "target": 13, "value": 0.0062799588387890933, "supply": [{"l": "Vegetables, Other", "v": 0.00074882692918365359}, {"l": "Pulses, Other", "v": 0.0039656938727315192}, {"l": "Fruits, Other", "v": 0.0015654380368739203}]}, {"source": 0, "prod": 3.0, "target": 13, "value": 0.0021790436543271301, "supply": [{"l": "Milk - Excluding Butter", "v": 0.0021790436543271301}]}, {"source": 2, "prod": 6.0, "target": 13, "value": 0.020750683280529994, "supply": [{"l": "Maize", "v": 0.013960960788708041}, {"l": "Wheat", "v": 0.0031703036576301085}, {"l": "Millet", "v": 0.0036194188341918416}]}, {"source": 14, "prod": 33.0, "target": 10, "value": 0.1368501156871503, "supply": [{"l": "Sugar", "v": 0.1368501156871503}]}, {"source": 14, "prod": 42.0, "target": 2, "value": 0.14215143780483286, "supply": [{"l": "Maize", "v": 0.062824323549186184}, {"l": "Wheat", "v": 0.060235769494972065}, {"l": "Cereals, Other", "v": 0.019091344760674603}]}, {"source": 14, "prod": 7.0, "target": 11, "value": 0.02971511660985, "supply": [{"l": "Sunflower seed", "v": 0.02971511660985}]}, {"source": 14, "prod": 49.0, "target": 7, "value": 0.044231915574087073, "supply": [{"l": "Pulses, Other", "v": 0.027759857109120635}, {"l": "Vegetables, Other", "v": 0.0049921795278910228}, {"l": "Fruits, Other", "v": 0.011479878937075416}]}, {"source": 0, "prod": 20.0, "target": 15, "value": 0.044176608767206943, "supply": [{"l": "Bovine Meat", "v": 0.044176608767206943}]}, {"source": 1, "prod": 14.0, "target": 8, "value": 0.0092331779961155429, "supply": [{"l": "Crustaceans", "v": 0.00099882744907058832}, {"l": "Marine Fish, Other", "v": 0.0037434009334656087}, {"l": "Fish, Seafood", "v": 0.0044909496135793455}]}, {"source": 1, "prod": 124.0, "target": 0, "value": 0.17012596789574913, "supply": [{"l": "Poultry Meat", "v": 0.0013918087405081967}, {"l": "Pigmeat", "v": 0.0072771714146571435}, {"l": "Bovine Meat", "v": 0.077309065342612143}, {"l": "Milk - Excluding Butter", "v": 0.043580873086542599}, {"l": "Offals, Edible", "v": 0.0089288210967097374}, {"l": "Meat, Other", "v": 0.0023305973811647059}, {"l": "Mutton & Goat Meat", "v": 0.029307630833554591}]}, {"source": 10, "prod": 6.0, "target": 3, "value": 0.031181332566202796, "supply": [{"l": "Fats, Animals, Raw", "v": 0.029770246696324679}, {"l": "Beverages, Fermented", "v": 0.0014110858698781164}]}, {"source": 10, "prod": 3.0, "target": 9, "value": 0.030885669376161124, "supply": [{"l": "Sunflowerseed Oil", "v": 0.030885669376161124}]}, {"source": 10, "prod": 32.0, "target": 5, "value": 0.13270314248450937, "supply": [{"l": "Sugar", "v": 0.13270314248450937}]}, {"source": 6, "prod": 87.5, "target": 16, "value": 0.30508333274999999, "supply": [{"l": "Roots, Other", "v": 0.30508333274999999}]}, {"source": 7, "prod": 43.0, "target": 16, "value": 0.31733226402603959, "supply": [{"l": "Vegetables, Other", "v": 0.054043333229999997}, {"l": "Pulses, Other", "v": 0.029636666609999997}]}, {"source": 2, "prod": 164.0, "target": 16, "value": 0.55489670325948404, "supply": [{"l": "Maize", "v": 0.24755333285999997}, {"l": "Wheat", "v": 0.07321999986000001}, {"l": "Cereals, Other", "v": 0.017433333299999999}, {"l": "Sorghum", "v": 0.038353333259999997}, {"l": "Millet", "v": 0.19525333296000003}]}, {"source": 11, "prod": 3.5, "target": 16, "value": 0.014857558304925, "supply": [{"l": "Sunflower seed", "v": 0.014857558304925}]}, {"source": 17, "prod": 0, "target": 6, "value": 0.0018405769131876017, "supply": "[{\"l\":'Energy for power irrigation',\"v\":0.0018405769131876017}]"}, {"source": 17, "prod": 0, "target": 7, "value": 0.00045225604152609636, "supply": "[{\"l\":'Energy for power irrigation',\"v\":0.00045225604152609636}]"}, {"source": 17, "prod": 0, "target": 2, "value": 0.00086244175360790474, "supply": "[{\"l\":'Energy for power irrigation',\"v\":0.00086244175360790474}]"}, {"source": 17, "prod": 0, "target": 10, "value": 0.22131724444444442, "supply": "[{\"l\":'Electricity',\"v\":0.22131724444444442}]"}, {"source": 18, "prod": 0, "target": 17, "value": 0.045900120512609367, "supply": [{"l": "Coal", "v": 0.033643387426005686}, {"l": "Natural gas", "v": 0.0}, {"l": "Oil", "v": 0.01225673308660368}]}, {"source": 19, "prod": 0, "target": 17, "value": 0.20673085102197816, "supply": [{"l": "Nuclear", "v": 0.0}, {"l": "Hydroelectric", "v": 0.20673085102197816}, {"l": "Renewable", "v": 0.0}]}, {"source": 18, "prod": 0, "target": 6, "value": 0.85179159870449739, "supply": [{"l": "Gas-Diesel oil", "v": 0.79892000796112017}, {"l": "Fuel oil", "v": 0.045295625150642504}, {"l": "Liquefied petroleum gas (LPG)", "v": 0.0075759655927347593}]}, {"source": 18, "prod": 0, "target": 7, "value": 0.20929736425310505, "supply": [{"l": "Gas-Diesel oil", "v": 0.1963060590990181}, {"l": "Fuel oil", "v": 0.011129782179872157}, {"l": "Liquefied petroleum gas (LPG)", "v": 0.0018615229742148264}]}, {"source": 18, "prod": 0, "target": 2, "value": 0.39912520625010733, "supply": [{"l": "Gas-Diesel oil", "v": 0.37435108944463918}, {"l": "Fuel oil", "v": 0.021224235784872487}, {"l": "Liquefied petroleum gas (LPG)", "v": 0.0035498810205957156}]}, {"source": 20, "prod": 0.094297706492809913, "target": 6, "value": 0.00064938915356357863, "supply": [{"l": "Potash", "v": 0.00013048611401059835}, {"l": "Phosphate", "v": 0.00031877173430839689}, {"l": "Nitrogen", "v": 0.00067696848371841126}]}, {"source": 20, "prod": 0.023170293595376149, "target": 7, "value": 0.0001595641920184793, "supply": [{"l": "Potash", "v": 0.00013048611401059835}, {"l": "Phosphate", "v": 0.00031877173430839689}, {"l": "Nitrogen", "v": 0.00067696848371841126}]}, {"source": 20, "prod": 0.044185211042345213, "target": 2, "value": 0.00030428520338407684, "supply": [{"l": "Potash", "v": 0.00013048611401059835}, {"l": "Phosphate", "v": 0.00031877173430839689}, {"l": "Nitrogen", "v": 0.00067696848371841126}]}, {"source": 18, "prod": 0, "target": 20, "value": 0.0014476628602381279, "supply": [{"l": "Natural gas (including LNG)", "v": 0.00095740954932722216}, {"l": "Fuel oil", "v": 0.00037058478886105534}, {"l": "Liquefied petroleum gas (LPG)", "v": 5.9834261024925182e-05}, {"l": "Coal", "v": 5.9834261024925182e-05}]}, {"source": 21, "prod": 0, "target": 2, "value": 0.024092158635811586, "supply": "[{\"l\":'Labor',\"v\":0.024092158635811586}]"}, {"source": 21, "prod": 0, "target": 11, "value": 0.0010283238442114703, "supply": "[{\"l\":'Labor',\"v\":0.0010283238442114703}]"}, {"source": 21, "prod": 0, "target": 6, "value": 0.051416192210573509, "supply": "[{\"l\":'Labor',\"v\":0.051416192210573509}]"}, {"source": 21, "prod": 0, "target": 7, "value": 0.012633692943169489, "supply": "[{\"l\":'Labor',\"v\":0.012633692943169489}]"}, {"source": 18, "prod": 0, "target": 14, "value": 0.093747751903075077, "supply": "[{\"l\":'Fossil Fuels',\"v\":0.093747751903075077}]"}, {"source": 19, "prod": 0, "target": 14, "value": 0.047883689846551183, "supply": "[{\"l\":'Renewables & Nuclear',\"v\":0.02242371135056255},{\"l\":'Biomass & Waste',\"v\":0.025459978495988637}]"}]}