{"nodes": [{"name": "Balance", "fill": "#9edae5"}, {"name": "Food", "fill": "#b5cf6b"}, {"name": "Stock Deposit", "fill": "#c7c7c7"}, {"name": "Export", "fill": "#aec7e8"}, {"name": "Biofuels & Other", "fill": "#e7ba52"}, {"name": "Crop Residue", "fill": "#bd9e39"}, {"name": "Renewables & Nuclear", "fill": "#2ca02c"}, {"name": "Fossil Fuels", "fill": "#c49c94"}, {"name": "Labor", "fill": "#7f7f7f"}], "links": [{"source": 0, "target": 1, "value": 0.99551724989038648}, {"source": 0, "target": 2, "value": 0.013950663773978507}, {"source": 0, "target": 3, "value": 0.035436660801808698}, {"source": 0, "target": 4, "value": 0.074555996082910511}, {"source": 0, "target": 5, "value": 1.9015902262374555}, {"source": 6, "target": 0, "value": 0.27203313759675229}, {"source": 7, "target": 0, "value": 1.6506293723591905}, {"source": 8, "target": 0, "value": 0.10749673877374703}]}