{"nodes": [{"layer": 5, "name": "Maize"}, {"layer": 10, "name": "Feed", "fill": "#dbdb8d"}, {"layer": 5, "name": "Cassava"}, {"layer": 13, "name": "Pelagic Fish"}, {"layer": 5, "name": "Oats"}, {"layer": 5, "name": "Cottonseed"}, {"layer": 5, "name": "Potatoes"}, {"layer": 5, "name": "Roots, Other"}, {"layer": 5, "name": "Millet"}, {"layer": 13, "name": "Milk - Excluding Butter"}, {"layer": 5, "name": "Sweet potatoes"}, {"layer": 5, "name": "Barley"}, {"layer": 13, "name": "Fish, Seafood"}, {"layer": 5, "name": "Plantains"}, {"layer": 5, "name": "Oilcrops, Other"}, {"layer": 5, "name": "Rice"}, {"layer": 5, "name": "Sorghum"}, {"layer": 5, "name": "Pulses, Other"}, {"layer": 5, "name": "Sugar cane"}, {"layer": 16, "name": "Food", "fill": "#b5cf6b"}, {"layer": 5, "name": "Nuts"}, {"layer": 5, "name": "Dates"}, {"layer": 5, "name": "Yams"}, {"layer": 13, "name": "Sugar", "fill": "#d6616b"}, {"layer": 13, "name": "Oilcrops Oil, Other"}, {"layer": 13, "name": "Maize Germ Oil"}, {"layer": 13, "name": "Beer"}, {"layer": 13, "name": "Groundnut Oil"}, {"layer": 13, "name": "Beverages, Alcoholic"}, {"layer": 13, "name": "Sesameseed Oil"}, {"layer": 13, "name": "Honey"}, {"layer": 13, "name": "Butter, Ghee"}, {"layer": 5, "name": "Tomatoes"}, {"layer": 5, "name": "Sunflower seed"}, {"layer": 5, "name": "Cereals, Other"}, {"layer": 5, "name": "Coffee"}, {"layer": 13, "name": "Sugar non-centrifugal"}, {"layer": 5, "name": "Wheat"}, {"layer": 13, "name": "Fats, Animals, Raw"}, {"layer": 13, "name": "Soyabean Oil"}, {"layer": 5, "name": "Coconuts - Incl Copra"}, {"layer": 5, "name": "Treenuts"}, {"layer": 13, "name": "Crustaceans"}, {"layer": 13, "name": "Eggs"}, {"layer": 5, "name": "Vegetables, Other"}, {"layer": 5, "name": "Peas"}, {"layer": 5, "name": "Sesame seed"}, {"layer": 13, "name": "Coconut Oil"}, {"layer": 13, "name": "Marine Fish, Other"}, {"layer": 5, "name": "Grapes"}, {"layer": 5, "name": "Groundnuts"}, {"layer": 13, "name": "Palm Oil"}, {"layer": 13, "name": "Wine"}, {"layer": 13, "name": "Sunflowerseed Oil"}, {"layer": 13, "name": "Olive Oil"}, {"layer": 5, "name": "Cloves"}, {"layer": 13, "name": "Pigmeat"}, {"layer": 5, "name": "Cocoa Beans"}, {"layer": 5, "name": "Soyabeans"}, {"layer": 13, "name": "Freshwater Fish"}, {"layer": 5, "name": "Pimento"}, {"layer": 5, "name": "Pepper"}, {"layer": 5, "name": "Grapefruit"}, {"layer": 13, "name": "Rape and Mustard Oil"}, {"layer": 5, "name": "Beans"}, {"layer": 5, "name": "Apples"}, {"layer": 13, "name": "Meat, Other"}, {"layer": 5, "name": "Lemons, Limes"}, {"layer": 13, "name": "Cephalopods"}, {"layer": 13, "name": "Mutton & Goat Meat"}, {"layer": 13, "name": "Sweeteners, Other"}, {"layer": 5, "name": "Pineapples"}, {"layer": 5, "name": "Bananas"}, {"layer": 13, "name": "Beverages, Fermented"}, {"layer": 5, "name": "Citrus, Other"}, {"layer": 5, "name": "Spices, Other"}, {"layer": 5, "name": "Tea"}, {"layer": 5, "name": "Fruits, Other"}, {"layer": 13, "name": "Poultry Meat"}, {"layer": 13, "name": "Offals, Edible"}, {"layer": 5, "name": "Infant food"}, {"layer": 13, "name": "Demersal Fish"}, {"layer": 5, "name": "Oranges, Mandarines"}, {"layer": 13, "name": "Bovine Meat"}, {"layer": 13, "name": "Cottonseed Oil"}, {"layer": 13, "name": "Palmkernel Oil"}, {"layer": 5, "name": "Onions"}, {"layer": 10, "name": "Processing", "fill": "#9edae5"}, {"layer": 5, "name": "Rape and Mustardseed"}, {"layer": 5, "name": "Palm kernels"}, {"layer": 16, "name": "Biofuels & Other", "fill": "#e7ba52"}, {"layer": 13, "name": "Aquatic Products, Other"}, {"layer": 13, "name": "Aquatic Plants"}, {"layer": 13, "name": "Alcohol, Non-Food"}, {"name": "Waste", "fill": "#c7c7c7"}, {"layer": 2, "name": "Import", "fill": "#aec7e8"}, {"layer": 16, "name": "Export", "fill": "#aec7e8"}, {"layer": 0, "name": "Stock Draw", "fill": "#c7c7c7"}, {"layer": 16, "name": "Stock Deposit", "fill": "#c7c7c7"}, {"name": "Crop Residue", "fill": "#bd9e39"}, {"layer": 5, "name": "Oil Palm"}, {"layer": 2, "name": "Electricity", "fill": "#bcbd22"}, {"layer": 0, "name": "Fossil Fuels", "fill": "#c49c94"}, {"layer": 0, "name": "Renewables & Nuclear", "fill": "#2ca02c"}, {"layer": 2, "name": "Fertilizers", "fill": "#c5b0d5"}, {"layer": 0, "name": "Labor", "fill": "#7f7f7f"}], "links": [{"source": 0, "prod": 719.0, "target": 1, "value": 2.6456199704546166, "supply": [{"l": "Maize", "v": 2.6456199704546166}]}, {"source": 2, "prod": 1284.0, "target": 1, "value": 1.3809075384071445, "supply": [{"l": "Cassava", "v": 1.3809075384071445}]}, {"source": 3, "prod": 9.0, "target": 1, "value": 0.0097028952195428592, "supply": [{"l": "Pelagic Fish", "v": 0.0097028952195428592}]}, {"source": 4, "prod": 1.0, "target": 1, "value": 0.0022342192939736848, "supply": [{"l": "Oats", "v": 0.0022342192939736848}]}, {"source": 5, "prod": 8.0, "target": 1, "value": 0.041718267161612067, "supply": [{"l": "Cottonseed", "v": 0.041718267161612067}]}, {"source": 6, "prod": 25.0, "target": 1, "value": 0.020808905188970592, "supply": [{"l": "Potatoes", "v": 0.020808905188970592}]}, {"source": 7, "prod": 28.0, "target": 1, "value": 0.047414873284982784, "supply": [{"l": "Roots, Other", "v": 0.047414873284982784}]}, {"source": 8, "prod": 63.0, "target": 1, "value": 0.21332447527304765, "supply": [{"l": "Millet", "v": 0.21332447527304765}]}, {"source": 9, "prod": 77.0, "target": 1, "value": 0.053601215914426216, "supply": [{"l": "Milk - Excluding Butter", "v": 0.053601215914426216}]}, {"source": 10, "prod": 135.0, "target": 1, "value": 0.15186147460503141, "supply": [{"l": "Sweet potatoes", "v": 0.15186147460503141}]}, {"source": 11, "prod": 1.0, "target": 1, "value": 0.003412070127439716, "supply": [{"l": "Barley", "v": 0.003412070127439716}]}, {"source": 12, "prod": 10.0, "target": 1, "value": 0.0078757266392393329, "supply": [{"l": "Fish, Seafood", "v": 0.0078757266392393329}]}, {"source": 13, "prod": 1629.0, "target": 1, "value": 1.6786733810294299, "supply": [{"l": "Plantains", "v": 1.6786733810294299}]}, {"source": 14, "prod": 5.0, "target": 1, "value": 0.02561647983607759, "supply": [{"l": "Oilcrops, Other", "v": 0.02561647983607759}]}, {"source": 15, "prod": 120.0, "target": 1, "value": 0.51241621203798826, "supply": [{"l": "Rice", "v": 0.51241621203798826}]}, {"source": 16, "prod": 66.0, "target": 1, "value": 0.24853887855704029, "supply": [{"l": "Sorghum", "v": 0.24853887855704029}]}, {"source": 17, "prod": 5.0, "target": 1, "value": 0.019693376251005153, "supply": [{"l": "Pulses, Other", "v": 0.019693376251005153}]}, {"source": 18, "prod": 35.0, "target": 1, "value": 0.013345112249932633, "supply": [{"l": "Sugar cane", "v": 0.013345112249932633}]}, {"source": 0, "prod": 9338.0, "target": 19, "value": 34.359943371495433, "supply": [{"l": "Maize", "v": 34.359943371495433}]}, {"source": 7, "prod": 1724.0, "target": 19, "value": 2.9194014836896542, "supply": [{"l": "Roots, Other", "v": 2.9194014836896542}]}, {"source": 13, "prod": 4313.0, "target": 19, "value": 4.4445170610067111, "supply": [{"l": "Plantains", "v": 4.4445170610067111}]}, {"source": 20, "prod": 83.0, "target": 19, "value": 0.26591425106388678, "supply": [{"l": "Nuts", "v": 0.26591425106388678}]}, {"source": 21, "prod": 1.0, "target": 19, "value": 0.00049834774006456779, "supply": [{"l": "Dates", "v": 0.00049834774006456779}]}, {"source": 22, "prod": 211.0, "target": 19, "value": 0.26539215257897775, "supply": [{"l": "Yams", "v": 0.26539215257897775}]}, {"source": 23, "prod": 1388.0, "target": 19, "value": 5.772649004728196, "supply": [{"l": "Sugar", "v": 5.772649004728196}]}, {"source": 24, "prod": 57.0, "target": 19, "value": 0.60491487384337506, "supply": [{"l": "Oilcrops Oil, Other", "v": 0.60491487384337506}]}, {"source": 25, "prod": 50.0, "target": 19, "value": 0.53062708231875, "supply": [{"l": "Maize Germ Oil", "v": 0.53062708231875}]}, {"source": 26, "prod": 886.0, "target": 19, "value": 0.46433145178707413, "supply": [{"l": "Beer", "v": 0.46433145178707413}]}, {"source": 27, "prod": 49.0, "target": 19, "value": 0.53678920327470969, "supply": [{"l": "Groundnut Oil", "v": 0.53678920327470969}]}, {"source": 28, "prod": 128.0, "target": 19, "value": 0.46384572269034147, "supply": [{"l": "Beverages, Alcoholic", "v": 0.46384572269034147}]}, {"source": 11, "prod": 661.0, "target": 19, "value": 2.2553783542376524, "supply": [{"l": "Barley", "v": 2.2553783542376524}]}, {"source": 29, "prod": 15.0, "target": 19, "value": 0.12735049975650001, "supply": [{"l": "Sesameseed Oil", "v": 0.12735049975650001}]}, {"source": 30, "prod": 50.0, "target": 19, "value": 0.19898515586953128, "supply": [{"l": "Honey", "v": 0.19898515586953128}]}, {"source": 15, "prod": 1849.0, "target": 19, "value": 7.8954798004853357, "supply": [{"l": "Rice", "v": 7.8954798004853357}]}, {"source": 31, "prod": 28.0, "target": 19, "value": 0.2641343698653334, "supply": [{"l": "Butter, Ghee", "v": 0.2641343698653334}]}, {"source": 32, "prod": 246.0, "target": 19, "value": 0.066514273758171982, "supply": [{"l": "Tomatoes", "v": 0.066514273758171982}]}, {"source": 33, "prod": 24.0, "target": 19, "value": 0.0679202665368, "supply": [{"l": "Sunflower seed", "v": 0.0679202665368}]}, {"source": 34, "prod": 1025.0, "target": 19, "value": 4.1123598879703129, "supply": [{"l": "Cereals, Other", "v": 4.1123598879703129}]}, {"source": 35, "prod": 135.0, "target": 19, "value": 0.066636889407470937, "supply": [{"l": "Coffee", "v": 0.066636889407470937}]}, {"source": 36, "prod": 14.0, "target": 19, "value": 0.066033592466333349, "supply": [{"l": "Sugar non-centrifugal", "v": 0.066033592466333349}]}, {"source": 37, "prod": 2301.0, "target": 19, "value": 7.9574609623817114, "supply": [{"l": "Wheat", "v": 7.9574609623817114}]}, {"source": 38, "prod": 62.0, "target": 19, "value": 0.59217982386772505, "supply": [{"l": "Fats, Animals, Raw", "v": 0.59217982386772505}]}, {"source": 39, "prod": 53.0, "target": 19, "value": 0.5293785480074118, "supply": [{"l": "Soyabean Oil", "v": 0.5293785480074118}]}, {"source": 40, "prod": 162.0, "target": 19, "value": 0.26449719180196157, "supply": [{"l": "Coconuts - Incl Copra", "v": 0.26449719180196157}]}, {"source": 41, "prod": 82.0, "target": 19, "value": 0.26271046490649058, "supply": [{"l": "Treenuts", "v": 0.26271046490649058}]}, {"source": 42, "prod": 5.0, "target": 19, "value": 0.0039378633196196665, "supply": [{"l": "Crustaceans", "v": 0.0039378633196196665}]}, {"source": 43, "prod": 184.0, "target": 19, "value": 0.26703694535835898, "supply": [{"l": "Eggs", "v": 0.26703694535835898}]}, {"source": 44, "prod": 2968.0, "target": 19, "value": 0.79573954374166755, "supply": [{"l": "Vegetables, Other", "v": 0.79573954374166755}]}, {"source": 45, "prod": 126.0, "target": 19, "value": 0.52826873973066679, "supply": [{"l": "Peas", "v": 0.52826873973066679}]}, {"source": 46, "prod": 61.0, "target": 19, "value": 0.39837848641776924, "supply": [{"l": "Sesame seed", "v": 0.39837848641776924}]}, {"source": 47, "prod": 62.0, "target": 19, "value": 0.65797758207525003, "supply": [{"l": "Coconut Oil", "v": 0.65797758207525003}]}, {"source": 10, "prod": 3361.0, "target": 19, "value": 3.7807882677593367, "supply": [{"l": "Sweet potatoes", "v": 3.7807882677593367}]}, {"source": 48, "prod": 73.0, "target": 19, "value": 0.067366568711771754, "supply": [{"l": "Marine Fish, Other", "v": 0.067366568711771754}]}, {"source": 18, "prod": 522.0, "target": 19, "value": 0.19903281698470959, "supply": [{"l": "Sugar cane", "v": 0.19903281698470959}]}, {"source": 49, "prod": 14.0, "target": 19, "value": 0.0069768683609039497, "supply": [{"l": "Grapes", "v": 0.0069768683609039497}]}, {"source": 50, "prod": 189.0, "target": 19, "value": 1.1935162539162893, "supply": [{"l": "Groundnuts", "v": 1.1935162539162893}]}, {"source": 51, "prod": 97.0, "target": 19, "value": 0.99620955454681459, "supply": [{"l": "Palm Oil", "v": 0.99620955454681459}]}, {"source": 14, "prod": 91.0, "target": 19, "value": 0.46621993301661208, "supply": [{"l": "Oilcrops, Other", "v": 0.46621993301661208}]}, {"source": 52, "prod": 15.0, "target": 19, "value": 0.011577318159681819, "supply": [{"l": "Wine", "v": 0.011577318159681819}]}, {"source": 53, "prod": 31.0, "target": 19, "value": 0.32898879103762502, "supply": [{"l": "Sunflowerseed Oil", "v": 0.32898879103762502}]}, {"source": 4, "prod": 30.0, "target": 19, "value": 0.067026578819210536, "supply": [{"l": "Oats", "v": 0.067026578819210536}]}, {"source": 54, "prod": 1.0, "target": 19, "value": 0.009988274490705884, "supply": [{"l": "Olive Oil", "v": 0.009988274490705884}]}, {"source": 55, "prod": 2.0, "target": 19, "value": 0.0078369538311692313, "supply": [{"l": "Cloves", "v": 0.0078369538311692313}]}, {"source": 56, "prod": 99.0, "target": 19, "value": 0.3939906086216719, "supply": [{"l": "Pigmeat", "v": 0.3939906086216719}]}, {"source": 57, "prod": 2.0, "target": 19, "value": 0.00424501665855, "supply": [{"l": "Cocoa Beans", "v": 0.00424501665855}]}, {"source": 58, "prod": 26.0, "target": 19, "value": 0.13796304140287499, "supply": [{"l": "Soyabeans", "v": 0.13796304140287499}]}, {"source": 6, "prod": 1833.0, "target": 19, "value": 1.525708928455324, "supply": [{"l": "Potatoes", "v": 1.525708928455324}]}, {"source": 59, "prod": 707.0, "target": 19, "value": 0.53001797396818551, "supply": [{"l": "Freshwater Fish", "v": 0.53001797396818551}]}, {"source": 60, "prod": 101.0, "target": 19, "value": 0.39576616847404616, "supply": [{"l": "Pimento", "v": 0.39576616847404616}]}, {"source": 61, "prod": 2.0, "target": 19, "value": 0.0078369538311692313, "supply": [{"l": "Pepper", "v": 0.0078369538311692313}]}, {"source": 62, "prod": 30.0, "target": 19, "value": 0.014950432201937034, "supply": [{"l": "Grapefruit", "v": 0.014950432201937034}]}, {"source": 63, "prod": 16.0, "target": 19, "value": 0.1358405330736, "supply": [{"l": "Rape and Mustard Oil", "v": 0.1358405330736}]}, {"source": 9, "prod": 5050.0, "target": 19, "value": 3.515404420361719, "supply": [{"l": "Milk - Excluding Butter", "v": 3.515404420361719}]}, {"source": 3, "prod": 24.0, "target": 19, "value": 0.025874387252114293, "supply": [{"l": "Pelagic Fish", "v": 0.025874387252114293}]}, {"source": 64, "prod": 925.0, "target": 19, "value": 3.6480611909414065, "supply": [{"l": "Beans", "v": 3.6480611909414065}]}, {"source": 65, "prod": 11.0, "target": 19, "value": 0.0054818251407102456, "supply": [{"l": "Apples", "v": 0.0054818251407102456}]}, {"source": 12, "prod": 842.0, "target": 19, "value": 0.66313618302395183, "supply": [{"l": "Fish, Seafood", "v": 0.66313618302395183}]}, {"source": 66, "prod": 226.0, "target": 19, "value": 0.33081853959734486, "supply": [{"l": "Meat, Other", "v": 0.33081853959734486}]}, {"source": 67, "prod": 19.0, "target": 19, "value": 0.0094686070612267879, "supply": [{"l": "Lemons, Limes", "v": 0.0094686070612267879}]}, {"source": 16, "prod": 1744.0, "target": 19, "value": 6.567451578840581, "supply": [{"l": "Sorghum", "v": 6.567451578840581}]}, {"source": 68, "prod": 1.0, "target": 19, "value": 0.00078757266392393336, "supply": [{"l": "Cephalopods", "v": 0.00078757266392393336}]}, {"source": 69, "prod": 284.0, "target": 19, "value": 0.52992735429810989, "supply": [{"l": "Mutton & Goat Meat", "v": 0.52992735429810989}]}, {"source": 70, "prod": 19.0, "target": 19, "value": 0.068159422404887329, "supply": [{"l": "Sweeteners, Other", "v": 0.068159422404887329}]}, {"source": 71, "prod": 180.0, "target": 19, "value": 0.066443739003391303, "supply": [{"l": "Pineapples", "v": 0.066443739003391303}]}, {"source": 72, "prod": 1624.0, "target": 19, "value": 1.1279732426299174, "supply": [{"l": "Bananas", "v": 1.1279732426299174}]}, {"source": 73, "prod": 5471.0, "target": 19, "value": 2.4544586893467608, "supply": [{"l": "Beverages, Fermented", "v": 2.4544586893467608}]}, {"source": 74, "prod": 30.0, "target": 19, "value": 0.034866666599999999, "supply": [{"l": "Citrus, Other", "v": 0.034866666599999999}]}, {"source": 75, "prod": 6.0, "target": 19, "value": 0.027289392804964289, "supply": [{"l": "Spices, Other", "v": 0.027289392804964289}]}, {"source": 76, "prod": 40.0, "target": 19, "value": 0.032653974296538463, "supply": [{"l": "Tea", "v": 0.032653974296538463}]}, {"source": 77, "prod": 1464.0, "target": 19, "value": 0.72958109145452721, "supply": [{"l": "Fruits, Other", "v": 0.72958109145452721}]}, {"source": 8, "prod": 804.0, "target": 19, "value": 2.7224266368179415, "supply": [{"l": "Millet", "v": 2.7224266368179415}]}, {"source": 78, "prod": 262.0, "target": 19, "value": 0.39721227305003581, "supply": [{"l": "Poultry Meat", "v": 0.39721227305003581}]}, {"source": 79, "prod": 271.0, "target": 19, "value": 0.33057457312271554, "supply": [{"l": "Offals, Edible", "v": 0.33057457312271554}]}, {"source": 80, "prod": 2.0, "target": 19, "value": 0.0023244444400000001, "supply": [{"l": "Infant food", "v": 0.0023244444400000001}]}, {"source": 81, "prod": 33.0, "target": 19, "value": 0.025989897909489801, "supply": [{"l": "Demersal Fish", "v": 0.025989897909489801}]}, {"source": 82, "prod": 138.0, "target": 19, "value": 0.06656957941817046, "supply": [{"l": "Oranges, Mandarines", "v": 0.06656957941817046}]}, {"source": 83, "prod": 946.0, "target": 19, "value": 2.1205469354393669, "supply": [{"l": "Bovine Meat", "v": 2.1205469354393669}]}, {"source": 84, "prod": 64.0, "target": 19, "value": 0.66263674670048767, "supply": [{"l": "Cottonseed Oil", "v": 0.66263674670048767}]}, {"source": 85, "prod": 10.0, "target": 19, "value": 0.070750277642500012, "supply": [{"l": "Palmkernel Oil", "v": 0.070750277642500012}]}, {"source": 2, "prod": 12829.0, "target": 19, "value": 13.797245179303161, "supply": [{"l": "Cassava", "v": 13.797245179303161}]}, {"source": 86, "prod": 157.0, "target": 19, "value": 0.066646761539235003, "supply": [{"l": "Onions", "v": 0.066646761539235003}]}, {"source": 17, "prod": 909.0, "target": 19, "value": 3.5802558024327369, "supply": [{"l": "Pulses, Other", "v": 3.5802558024327369}]}, {"source": 33, "prod": 93.0, "target": 87, "value": 0.26319103283010004, "supply": [{"l": "Sunflower seed", "v": 0.26319103283010004}]}, {"source": 0, "prod": 109.0, "target": 87, "value": 0.40107451568783481, "supply": [{"l": "Maize", "v": 0.40107451568783481}]}, {"source": 36, "prod": 31.0, "target": 87, "value": 0.14621724046116669, "supply": [{"l": "Sugar non-centrifugal", "v": 0.14621724046116669}]}, {"source": 72, "prod": 16.0, "target": 87, "value": 0.011113036873201157, "supply": [{"l": "Bananas", "v": 0.011113036873201157}]}, {"source": 4, "prod": 1.0, "target": 87, "value": 0.0022342192939736848, "supply": [{"l": "Oats", "v": 0.0022342192939736848}]}, {"source": 58, "prod": 82.0, "target": 87, "value": 0.43511420750137503, "supply": [{"l": "Soyabeans", "v": 0.43511420750137503}]}, {"source": 13, "prod": 2323.0, "target": 87, "value": 2.3938356440339876, "supply": [{"l": "Plantains", "v": 2.3938356440339876}]}, {"source": 40, "prod": 571.0, "target": 87, "value": 0.93227096616617322, "supply": [{"l": "Coconuts - Incl Copra", "v": 0.93227096616617322}]}, {"source": 46, "prod": 29.0, "target": 87, "value": 0.18939305091992309, "supply": [{"l": "Sesame seed", "v": 0.18939305091992309}]}, {"source": 23, "prod": 4.0, "target": 87, "value": 0.016635876094317568, "supply": [{"l": "Sugar", "v": 0.016635876094317568}]}, {"source": 9, "prod": 14.0, "target": 87, "value": 0.0097456756208047658, "supply": [{"l": "Milk - Excluding Butter", "v": 0.0097456756208047658}]}, {"source": 5, "prod": 347.0, "target": 87, "value": 1.8095298381349239, "supply": [{"l": "Cottonseed", "v": 1.8095298381349239}]}, {"source": 88, "prod": 13.0, "target": 87, "value": 0.067792184137619615, "supply": [{"l": "Rape and Mustardseed", "v": 0.067792184137619615}]}, {"source": 11, "prod": 154.0, "target": 87, "value": 0.52545879962571629, "supply": [{"l": "Barley", "v": 0.52545879962571629}]}, {"source": 49, "prod": 12.0, "target": 87, "value": 0.0059801728807748131, "supply": [{"l": "Grapes", "v": 0.0059801728807748131}]}, {"source": 50, "prod": 122.0, "target": 87, "value": 0.77041789935337202, "supply": [{"l": "Groundnuts", "v": 0.77041789935337202}]}, {"source": 89, "prod": 6.0, "target": 87, "value": 0.031288700371209052, "supply": [{"l": "Palm kernels", "v": 0.031288700371209052}]}, {"source": 8, "prod": 297.0, "target": 87, "value": 1.0056725262872248, "supply": [{"l": "Millet", "v": 1.0056725262872248}]}, {"source": 16, "prod": 497.0, "target": 87, "value": 1.8715730703461975, "supply": [{"l": "Sorghum", "v": 1.8715730703461975}]}, {"source": 14, "prod": 215.0, "target": 87, "value": 1.1015086329513364, "supply": [{"l": "Oilcrops, Other", "v": 1.1015086329513364}]}, {"source": 18, "prod": 19908.0, "target": 87, "value": 7.5906998477616821, "supply": [{"l": "Sugar cane", "v": 7.5906998477616821}]}, {"source": 38, "prod": 54.0, "target": 90, "value": 0.51576952401382503, "supply": [{"l": "Fats, Animals, Raw", "v": 0.51576952401382503}]}, {"source": 2, "prod": 158.0, "target": 90, "value": 0.16992475939900997, "supply": [{"l": "Cassava", "v": 0.16992475939900997}]}, {"source": 15, "prod": 3.0, "target": 90, "value": 0.012810405300949705, "supply": [{"l": "Rice", "v": 0.012810405300949705}]}, {"source": 72, "prod": 1.0, "target": 90, "value": 0.00069456480457507231, "supply": [{"l": "Bananas", "v": 0.00069456480457507231}]}, {"source": 40, "prod": 2.0, "target": 90, "value": 0.0032653974296538461, "supply": [{"l": "Coconuts - Incl Copra", "v": 0.0032653974296538461}]}, {"source": 5, "prod": 3.0, "target": 90, "value": 0.015644350185604526, "supply": [{"l": "Cottonseed", "v": 0.015644350185604526}]}, {"source": 6, "prod": 1.0, "target": 90, "value": 0.00083235620755882367, "supply": [{"l": "Potatoes", "v": 0.00083235620755882367}]}, {"source": 77, "prod": 13.0, "target": 90, "value": 0.0064785206208393805, "supply": [{"l": "Fruits, Other", "v": 0.0064785206208393805}]}, {"source": 23, "prod": 15.0, "target": 90, "value": 0.062384535353690887, "supply": [{"l": "Sugar", "v": 0.062384535353690887}]}, {"source": 84, "prod": 1.0, "target": 90, "value": 0.01035369916719512, "supply": [{"l": "Cottonseed Oil", "v": 0.01035369916719512}]}, {"source": 27, "prod": 1.0, "target": 90, "value": 0.010954881699483872, "supply": [{"l": "Groundnut Oil", "v": 0.010954881699483872}]}, {"source": 64, "prod": 90.0, "target": 90, "value": 0.35494649425375846, "supply": [{"l": "Beans", "v": 0.35494649425375846}]}, {"source": 91, "prod": 4.0, "target": 90, "value": 0.0031502906556957334, "supply": [{"l": "Aquatic Products, Other", "v": 0.0031502906556957334}]}, {"source": 51, "prod": 39.0, "target": 90, "value": 0.40053786213737907, "supply": [{"l": "Palm Oil", "v": 0.40053786213737907}]}, {"source": 92, "prod": 4.0, "target": 90, "value": 0.0031502906556957334, "supply": [{"l": "Aquatic Plants", "v": 0.0031502906556957334}]}, {"source": 14, "prod": 1.0, "target": 90, "value": 0.0051232959672155177, "supply": [{"l": "Oilcrops, Other", "v": 0.0051232959672155177}]}, {"source": 18, "prod": 492.0, "target": 90, "value": 0.18759414934191018, "supply": [{"l": "Sugar cane", "v": 0.18759414934191018}]}, {"source": 24, "prod": 35.0, "target": 90, "value": 0.37143895762312501, "supply": [{"l": "Oilcrops Oil, Other", "v": 0.37143895762312501}]}, {"source": 28, "prod": 2.0, "target": 90, "value": 0.0072475894170365854, "supply": [{"l": "Beverages, Alcoholic", "v": 0.0072475894170365854}]}, {"source": 93, "prod": 6.0, "target": 90, "value": 0.003144456784111111, "supply": [{"l": "Alcohol, Non-Food", "v": 0.003144456784111111}]}, {"source": 0, "prod": 235.0, "target": 0, "value": 0.86470193749212099, "supply": [{"l": "Maize", "v": 0.86470193749212099}]}, {"source": 22, "prod": 25.0, "target": 22, "value": 0.031444567841111111, "supply": [{"l": "Yams", "v": 0.031444567841111111}]}, {"source": 11, "prod": 71.0, "target": 11, "value": 0.24225697904821986, "supply": [{"l": "Barley", "v": 0.24225697904821986}]}, {"source": 15, "prod": 88.0, "target": 15, "value": 0.37577188882785806, "supply": [{"l": "Rice", "v": 0.37577188882785806}]}, {"source": 33, "prod": 4.0, "target": 33, "value": 0.011320044422799999, "supply": [{"l": "Sunflower seed", "v": 0.011320044422799999}]}, {"source": 34, "prod": 32.0, "target": 34, "value": 0.12838586967321952, "supply": [{"l": "Cereals, Other", "v": 0.12838586967321952}]}, {"source": 37, "prod": 76.0, "target": 37, "value": 0.26282791531551936, "supply": [{"l": "Wheat", "v": 0.26282791531551936}]}, {"source": 43, "prod": 18.0, "target": 43, "value": 0.026123179437230769, "supply": [{"l": "Eggs", "v": 0.026123179437230769}]}, {"source": 45, "prod": 9.0, "target": 45, "value": 0.037733481409333337, "supply": [{"l": "Peas", "v": 0.037733481409333337}]}, {"source": 46, "prod": 2.0, "target": 46, "value": 0.013061589718615384, "supply": [{"l": "Sesame seed", "v": 0.013061589718615384}]}, {"source": 5, "prod": 31.0, "target": 5, "value": 0.16165828525124679, "supply": [{"l": "Cottonseed", "v": 0.16165828525124679}]}, {"source": 50, "prod": 51.0, "target": 50, "value": 0.32205994153296702, "supply": [{"l": "Groundnuts", "v": 0.32205994153296702}]}, {"source": 14, "prod": 15.0, "target": 14, "value": 0.076849439508232781, "supply": [{"l": "Oilcrops, Other", "v": 0.076849439508232781}]}, {"source": 4, "prod": 3.0, "target": 4, "value": 0.0067026578819210543, "supply": [{"l": "Oats", "v": 0.0067026578819210543}]}, {"source": 58, "prod": 4.0, "target": 58, "value": 0.02122508329275, "supply": [{"l": "Soyabeans", "v": 0.02122508329275}]}, {"source": 6, "prod": 285.0, "target": 6, "value": 0.23722151915426473, "supply": [{"l": "Potatoes", "v": 0.23722151915426473}]}, {"source": 64, "prod": 70.0, "target": 64, "value": 0.27606949553070104, "supply": [{"l": "Beans", "v": 0.27606949553070104}]}, {"source": 17, "prod": 105.0, "target": 17, "value": 0.41356090127110823, "supply": [{"l": "Pulses, Other", "v": 0.41356090127110823}]}, {"source": 16, "prod": 52.0, "target": 16, "value": 0.19581851037827419, "supply": [{"l": "Sorghum", "v": 0.19581851037827419}]}, {"source": 18, "prod": 57.0, "target": 18, "value": 0.021733468521318865, "supply": [{"l": "Sugar cane", "v": 0.021733468521318865}]}, {"source": 8, "prod": 25.0, "target": 8, "value": 0.084652569552796694, "supply": [{"l": "Millet", "v": 0.084652569552796694}]}, {"source": 10, "prod": 94.0, "target": 10, "value": 0.10574058231757741, "supply": [{"l": "Sweet potatoes", "v": 0.10574058231757741}]}, {"source": 88, "prod": 1.0, "target": 88, "value": 0.0052147833952015084, "supply": [{"l": "Rape and Mustardseed", "v": 0.0052147833952015084}]}, {"source": 0, "prod": 691.0, "target": 94, "value": 2.5425916544981089, "supply": [{"l": "Maize", "v": 2.5425916544981089}]}, {"source": 7, "prod": 199.0, "target": 94, "value": 0.33698427798969904, "supply": [{"l": "Roots, Other", "v": 0.33698427798969904}]}, {"source": 13, "prod": 1401.0, "target": 94, "value": 1.4437209372757713, "supply": [{"l": "Plantains", "v": 1.4437209372757713}]}, {"source": 20, "prod": 5.0, "target": 94, "value": 0.016018930786981134, "supply": [{"l": "Nuts", "v": 0.016018930786981134}]}, {"source": 22, "prod": 26.0, "target": 94, "value": 0.032702350554755552, "supply": [{"l": "Yams", "v": 0.032702350554755552}]}, {"source": 74, "prod": 3.0, "target": 94, "value": 0.0034866666600000002, "supply": [{"l": "Citrus, Other", "v": 0.0034866666600000002}]}, {"source": 62, "prod": 3.0, "target": 94, "value": 0.0014950432201937033, "supply": [{"l": "Grapefruit", "v": 0.0014950432201937033}]}, {"source": 11, "prod": 44.0, "target": 94, "value": 0.1501310856073475, "supply": [{"l": "Barley", "v": 0.1501310856073475}]}, {"source": 15, "prod": 234.0, "target": 94, "value": 0.99921161347407694, "supply": [{"l": "Rice", "v": 0.99921161347407694}]}, {"source": 32, "prod": 26.0, "target": 94, "value": 0.007029963893140128, "supply": [{"l": "Tomatoes", "v": 0.007029963893140128}]}, {"source": 33, "prod": 4.0, "target": 94, "value": 0.011320044422799999, "supply": [{"l": "Sunflower seed", "v": 0.011320044422799999}]}, {"source": 34, "prod": 51.0, "target": 94, "value": 0.20461497979169357, "supply": [{"l": "Cereals, Other", "v": 0.20461497979169357}]}, {"source": 35, "prod": 14.0, "target": 94, "value": 0.0069104922348488373, "supply": [{"l": "Coffee", "v": 0.0069104922348488373}]}, {"source": 37, "prod": 82.0, "target": 94, "value": 0.28357748757727086, "supply": [{"l": "Wheat", "v": 0.28357748757727086}]}, {"source": 40, "prod": 39.0, "target": 94, "value": 0.063675249878250004, "supply": [{"l": "Coconuts - Incl Copra", "v": 0.063675249878250004}]}, {"source": 41, "prod": 5.0, "target": 94, "value": 0.016018930786981134, "supply": [{"l": "Treenuts", "v": 0.016018930786981134}]}, {"source": 43, "prod": 17.0, "target": 94, "value": 0.024671891690717949, "supply": [{"l": "Eggs", "v": 0.024671891690717949}]}, {"source": 44, "prod": 382.0, "target": 94, "value": 0.1024166124357537, "supply": [{"l": "Vegetables, Other", "v": 0.1024166124357537}]}, {"source": 45, "prod": 8.0, "target": 94, "value": 0.033540872363851858, "supply": [{"l": "Peas", "v": 0.033540872363851858}]}, {"source": 46, "prod": 4.0, "target": 94, "value": 0.026123179437230769, "supply": [{"l": "Sesame seed", "v": 0.026123179437230769}]}, {"source": 5, "prod": 1.0, "target": 94, "value": 0.0052147833952015084, "supply": [{"l": "Cottonseed", "v": 0.0052147833952015084}]}, {"source": 50, "prod": 22.0, "target": 94, "value": 0.13892781791618183, "supply": [{"l": "Groundnuts", "v": 0.13892781791618183}]}, {"source": 14, "prod": 7.0, "target": 94, "value": 0.035863071770508625, "supply": [{"l": "Oilcrops, Other", "v": 0.035863071770508625}]}, {"source": 58, "prod": 3.0, "target": 94, "value": 0.015918812469562501, "supply": [{"l": "Soyabeans", "v": 0.015918812469562501}]}, {"source": 6, "prod": 214.0, "target": 94, "value": 0.17812422841758824, "supply": [{"l": "Potatoes", "v": 0.17812422841758824}]}, {"source": 60, "prod": 5.0, "target": 94, "value": 0.019592384577923075, "supply": [{"l": "Pimento", "v": 0.019592384577923075}]}, {"source": 9, "prod": 223.0, "target": 94, "value": 0.1552346902456759, "supply": [{"l": "Milk - Excluding Butter", "v": 0.1552346902456759}]}, {"source": 64, "prod": 120.0, "target": 94, "value": 0.47326199233834459, "supply": [{"l": "Beans", "v": 0.47326199233834459}]}, {"source": 65, "prod": 1.0, "target": 94, "value": 0.00049834774006456779, "supply": [{"l": "Apples", "v": 0.00049834774006456779}]}, {"source": 67, "prod": 2.0, "target": 94, "value": 0.00099669548012913558, "supply": [{"l": "Lemons, Limes", "v": 0.00099669548012913558}]}, {"source": 16, "prod": 185.0, "target": 94, "value": 0.69666200807655243, "supply": [{"l": "Sorghum", "v": 0.69666200807655243}]}, {"source": 18, "prod": 49.0, "target": 94, "value": 0.018683157149905691, "supply": [{"l": "Sugar cane", "v": 0.018683157149905691}]}, {"source": 71, "prod": 28.0, "target": 94, "value": 0.01033569273386087, "supply": [{"l": "Pineapples", "v": 0.01033569273386087}]}, {"source": 72, "prod": 264.0, "target": 94, "value": 0.18336510840781908, "supply": [{"l": "Bananas", "v": 0.18336510840781908}]}, {"source": 73, "prod": 246.0, "target": 94, "value": 0.11036315802948328, "supply": [{"l": "Beverages, Fermented", "v": 0.11036315802948328}]}, {"source": 77, "prod": 171.0, "target": 94, "value": 0.085217463551041095, "supply": [{"l": "Fruits, Other", "v": 0.085217463551041095}]}, {"source": 8, "prod": 104.0, "target": 94, "value": 0.35215468933963423, "supply": [{"l": "Millet", "v": 0.35215468933963423}]}, {"source": 10, "prod": 436.0, "target": 94, "value": 0.49045631798365691, "supply": [{"l": "Sweet potatoes", "v": 0.49045631798365691}]}, {"source": 82, "prod": 17.0, "target": 94, "value": 0.0082006003631079558, "supply": [{"l": "Oranges, Mandarines", "v": 0.0082006003631079558}]}, {"source": 17, "prod": 94.0, "target": 94, "value": 0.37023547351889691, "supply": [{"l": "Pulses, Other", "v": 0.37023547351889691}]}, {"source": 86, "prod": 16.0, "target": 94, "value": 0.0067920266536800004, "supply": [{"l": "Onions", "v": 0.0067920266536800004}]}, {"source": 2, "prod": 4104.0, "target": 94, "value": 4.4137418517312472, "supply": [{"l": "Cassava", "v": 4.4137418517312472}]}, {"source": 95, "prod": 2.0, "target": 80, "value": 0.0023244444400000001, "supply": [{"l": "Infant food", "v": 0.0023244444400000001}]}, {"source": 95, "prod": 1.0, "target": 75, "value": 0.0045482321341607148, "supply": [{"l": "Spices, Other", "v": 0.0045482321341607148}]}, {"source": 95, "prod": 3.0, "target": 32, "value": 0.00081114967997770711, "supply": [{"l": "Tomatoes", "v": 0.00081114967997770711}]}, {"source": 95, "prod": 3.0, "target": 14, "value": 0.015369887901646553, "supply": [{"l": "Oilcrops, Other", "v": 0.015369887901646553}]}, {"source": 95, "prod": 13.0, "target": 44, "value": 0.0034853820985989476, "supply": [{"l": "Vegetables, Other", "v": 0.0034853820985989476}]}, {"source": 95, "prod": 18.0, "target": 76, "value": 0.014694288433442308, "supply": [{"l": "Tea", "v": 0.014694288433442308}]}, {"source": 95, "prod": 1.0, "target": 65, "value": 0.00049834774006456779, "supply": [{"l": "Apples", "v": 0.00049834774006456779}]}, {"source": 95, "prod": 478.0, "target": 15, "value": 2.0411245779513196, "supply": [{"l": "Rice", "v": 2.0411245779513196}]}, {"source": 95, "prod": 1320.0, "target": 37, "value": 4.5649058975853363, "supply": [{"l": "Wheat", "v": 4.5649058975853363}]}, {"source": 95, "prod": 58.0, "target": 11, "value": 0.19790006739150354, "supply": [{"l": "Barley", "v": 0.19790006739150354}]}, {"source": 95, "prod": 1.0, "target": 35, "value": 0.00049360658820348836, "supply": [{"l": "Coffee", "v": 0.00049360658820348836}]}, {"source": 95, "prod": 98.0, "target": 34, "value": 0.39318172587423478, "supply": [{"l": "Cereals, Other", "v": 0.39318172587423478}]}, {"source": 95, "prod": 836.0, "target": 1, "value": 0.61414713299428214, "supply": [{"l": "Meat, Other", "v": 0.001463798847775862}, {"l": "Crustaceans", "v": 0.00078757266392393336}, {"l": "Marine Fish, Other", "v": 0.017533764459228263}, {"l": "Mutton & Goat Meat", "v": 0.0055978241651208792}, {"l": "Pigmeat", "v": 0.0039797031173906252}, {"l": "Milk - Excluding Butter", "v": 0.52557036383625699}, {"l": "Fish, Seafood", "v": 0.025989897909489801}, {"l": "Pelagic Fish", "v": 0.015093392563733335}, {"l": "Offals, Edible", "v": 0.0024396647462931035}, {"l": "Bovine Meat", "v": 0.015691150685069308}]}, {"source": 95, "prod": 2.0, "target": 57, "value": 0.00424501665855, "supply": [{"l": "Cocoa Beans", "v": 0.00424501665855}]}, {"source": 95, "prod": 1.0, "target": 82, "value": 0.00048238825665340913, "supply": [{"l": "Oranges, Mandarines", "v": 0.00048238825665340913}]}, {"source": 95, "prod": 68.0, "target": 16, "value": 0.25607035972543546, "supply": [{"l": "Sorghum", "v": 0.25607035972543546}]}, {"source": 95, "prod": 4.0, "target": 6, "value": 0.0033294248302352947, "supply": [{"l": "Potatoes", "v": 0.0033294248302352947}]}, {"source": 95, "prod": 2.0, "target": 86, "value": 0.00084900333171000005, "supply": [{"l": "Onions", "v": 0.00084900333171000005}]}, {"source": 95, "prod": 1.0, "target": 74, "value": 0.0011622222200000001, "supply": [{"l": "Citrus, Other", "v": 0.0011622222200000001}]}, {"source": 95, "prod": 4.0, "target": 49, "value": 0.0019933909602582712, "supply": [{"l": "Grapes", "v": 0.0019933909602582712}]}, {"source": 95, "prod": 463.0, "target": 87, "value": 3.5591875489797693, "supply": [{"l": "Sugar", "v": 0.58641463232469415}, {"l": "Beer", "v": 0.0073370658295925919}, {"l": "Beverages, Alcoholic", "v": 0.0072475894170365854}, {"l": "Fats, Animals, Raw", "v": 0.62083368631293756}, {"l": "Soyabean Oil", "v": 0.36956615615611776}, {"l": "Butter, Ghee", "v": 0.094333703523333354}, {"l": "Palm Oil", "v": 1.3043156023447986}, {"l": "Sunflowerseed Oil", "v": 0.053062708231874998}, {"l": "Olive Oil", "v": 0.009988274490705884}, {"l": "Coconut Oil", "v": 0.02122508329275}, {"l": "Rape and Mustard Oil", "v": 0.093390366488100007}, {"l": "Oilcrops Oil, Other", "v": 0.244088457866625}, {"l": "Wine", "v": 0.0038591060532272726}, {"l": "Sweeteners, Other", "v": 0.021524028127859154}, {"l": "Cottonseed Oil", "v": 0.072475894170365845}, {"l": "Palmkernel Oil", "v": 0.049525194349750008}]}, {"source": 95, "prod": 14.0, "target": 64, "value": 0.055213899106140198, "supply": [{"l": "Beans", "v": 0.055213899106140198}]}, {"source": 95, "prod": 971.0, "target": 0, "value": 3.572874814063189, "supply": [{"l": "Maize", "v": 3.572874814063189}]}, {"source": 95, "prod": 7.0, "target": 77, "value": 0.0034884341804519749, "supply": [{"l": "Fruits, Other", "v": 0.0034884341804519749}]}, {"source": 95, "prod": 42.0, "target": 17, "value": 0.16542436050844331, "supply": [{"l": "Pulses, Other", "v": 0.16542436050844331}]}, {"source": 95, "prod": 8.0, "target": 40, "value": 0.013061589718615384, "supply": [{"l": "Coconuts - Incl Copra", "v": 0.013061589718615384}]}, {"source": 95, "prod": 4.0, "target": 4, "value": 0.0089368771758947391, "supply": [{"l": "Oats", "v": 0.0089368771758947391}]}, {"source": 95, "prod": 1.0, "target": 7, "value": 0.0016933883316065279, "supply": [{"l": "Roots, Other", "v": 0.0016933883316065279}]}, {"source": 0, "prod": 293.0, "target": 96, "value": 1.0781177348306019, "supply": [{"l": "Maize", "v": 1.0781177348306019}]}, {"source": 20, "prod": 52.0, "target": 96, "value": 0.16659688018460378, "supply": [{"l": "Nuts", "v": 0.16659688018460378}]}, {"source": 23, "prod": 968.0, "target": 96, "value": 4.0258820148248509, "supply": [{"l": "Sugar", "v": 4.0258820148248509}]}, {"source": 26, "prod": 11.0, "target": 96, "value": 0.0057648374375370371, "supply": [{"l": "Beer", "v": 0.0057648374375370371}]}, {"source": 62, "prod": 1.0, "target": 96, "value": 0.00049834774006456779, "supply": [{"l": "Grapefruit", "v": 0.00049834774006456779}]}, {"source": 28, "prod": 1.0, "target": 96, "value": 0.0036237947085182927, "supply": [{"l": "Beverages, Alcoholic", "v": 0.0036237947085182927}]}, {"source": 11, "prod": 13.0, "target": 96, "value": 0.044356911656716312, "supply": [{"l": "Barley", "v": 0.044356911656716312}]}, {"source": 15, "prod": 1.0, "target": 96, "value": 0.004270135100316568, "supply": [{"l": "Rice", "v": 0.004270135100316568}]}, {"source": 31, "prod": 1.0, "target": 96, "value": 0.0094333703523333343, "supply": [{"l": "Butter, Ghee", "v": 0.0094333703523333343}]}, {"source": 32, "prod": 1.0, "target": 96, "value": 0.00027038322665923572, "supply": [{"l": "Tomatoes", "v": 0.00027038322665923572}]}, {"source": 33, "prod": 5.0, "target": 96, "value": 0.014150055528500001, "supply": [{"l": "Sunflower seed", "v": 0.014150055528500001}]}, {"source": 34, "prod": 1.0, "target": 96, "value": 0.00401205842728811, "supply": [{"l": "Cereals, Other", "v": 0.00401205842728811}]}, {"source": 61, "prod": 3.0, "target": 96, "value": 0.011755430746753845, "supply": [{"l": "Pepper", "v": 0.011755430746753845}]}, {"source": 37, "prod": 1.0, "target": 96, "value": 0.0034582620436252546, "supply": [{"l": "Wheat", "v": 0.0034582620436252546}]}, {"source": 40, "prod": 77.0, "target": 96, "value": 0.12571780104167307, "supply": [{"l": "Coconuts - Incl Copra", "v": 0.12571780104167307}]}, {"source": 41, "prod": 52.0, "target": 96, "value": 0.16659688018460378, "supply": [{"l": "Treenuts", "v": 0.16659688018460378}]}, {"source": 42, "prod": 11.0, "target": 96, "value": 0.0086632993031632664, "supply": [{"l": "Crustaceans", "v": 0.0086632993031632664}]}, {"source": 44, "prod": 26.0, "target": 96, "value": 0.0069707641971978951, "supply": [{"l": "Vegetables, Other", "v": 0.0069707641971978951}]}, {"source": 46, "prod": 6.0, "target": 96, "value": 0.03918476915584615, "supply": [{"l": "Sesame seed", "v": 0.03918476915584615}]}, {"source": 47, "prod": 1.0, "target": 96, "value": 0.010612541646375, "supply": [{"l": "Coconut Oil", "v": 0.010612541646375}]}, {"source": 58, "prod": 3.0, "target": 96, "value": 0.015918812469562501, "supply": [{"l": "Soyabeans", "v": 0.015918812469562501}]}, {"source": 50, "prod": 11.0, "target": 96, "value": 0.069463908958090917, "supply": [{"l": "Groundnuts", "v": 0.069463908958090917}]}, {"source": 14, "prod": 6.0, "target": 96, "value": 0.030739775803293106, "supply": [{"l": "Oilcrops, Other", "v": 0.030739775803293106}]}, {"source": 53, "prod": 1.0, "target": 96, "value": 0.010612541646375, "supply": [{"l": "Sunflowerseed Oil", "v": 0.010612541646375}]}, {"source": 55, "prod": 24.0, "target": 96, "value": 0.094043445974030762, "supply": [{"l": "Cloves", "v": 0.094043445974030762}]}, {"source": 57, "prod": 3.0, "target": 96, "value": 0.0063675249878250009, "supply": [{"l": "Cocoa Beans", "v": 0.0063675249878250009}]}, {"source": 5, "prod": 20.0, "target": 96, "value": 0.10429566790403016, "supply": [{"l": "Cottonseed", "v": 0.10429566790403016}]}, {"source": 6, "prod": 4.0, "target": 96, "value": 0.0033294248302352947, "supply": [{"l": "Potatoes", "v": 0.0033294248302352947}]}, {"source": 59, "prod": 1.0, "target": 96, "value": 0.00074967181607947021, "supply": [{"l": "Freshwater Fish", "v": 0.00074967181607947021}]}, {"source": 35, "prod": 460.0, "target": 96, "value": 0.22705903057360466, "supply": [{"l": "Coffee", "v": 0.22705903057360466}]}, {"source": 9, "prod": 3.0, "target": 96, "value": 0.0020883590616010213, "supply": [{"l": "Milk - Excluding Butter", "v": 0.0020883590616010213}]}, {"source": 71, "prod": 74.0, "target": 96, "value": 0.027315759368060872, "supply": [{"l": "Pineapples", "v": 0.027315759368060872}]}, {"source": 64, "prod": 13.0, "target": 96, "value": 0.051270049169987321, "supply": [{"l": "Beans", "v": 0.051270049169987321}]}, {"source": 17, "prod": 26.0, "target": 96, "value": 0.1024055565052268, "supply": [{"l": "Pulses, Other", "v": 0.1024055565052268}]}, {"source": 12, "prod": 19.0, "target": 96, "value": 0.014963880614554732, "supply": [{"l": "Fish, Seafood", "v": 0.014963880614554732}]}, {"source": 24, "prod": 3.0, "target": 96, "value": 0.031837624939125002, "supply": [{"l": "Oilcrops Oil, Other", "v": 0.031837624939125002}]}, {"source": 67, "prod": 4.0, "target": 96, "value": 0.0019933909602582712, "supply": [{"l": "Lemons, Limes", "v": 0.0019933909602582712}]}, {"source": 16, "prod": 7.0, "target": 96, "value": 0.026360184089383062, "supply": [{"l": "Sorghum", "v": 0.026360184089383062}]}, {"source": 70, "prod": 1.0, "target": 96, "value": 0.0035873380213098595, "supply": [{"l": "Sweeteners, Other", "v": 0.0035873380213098595}]}, {"source": 3, "prod": 6.0, "target": 96, "value": 0.0064685968130285734, "supply": [{"l": "Pelagic Fish", "v": 0.0064685968130285734}]}, {"source": 72, "prod": 2.0, "target": 96, "value": 0.0013891296091501446, "supply": [{"l": "Bananas", "v": 0.0013891296091501446}]}, {"source": 75, "prod": 2.0, "target": 96, "value": 0.0090964642683214296, "supply": [{"l": "Spices, Other", "v": 0.0090964642683214296}]}, {"source": 76, "prod": 219.0, "target": 96, "value": 0.1787805092735481, "supply": [{"l": "Tea", "v": 0.1787805092735481}]}, {"source": 77, "prod": 9.0, "target": 96, "value": 0.0044851296605811107, "supply": [{"l": "Fruits, Other", "v": 0.0044851296605811107}]}, {"source": 88, "prod": 3.0, "target": 96, "value": 0.015644350185604526, "supply": [{"l": "Rape and Mustardseed", "v": 0.015644350185604526}]}, {"source": 82, "prod": 13.0, "target": 96, "value": 0.0062710473364943186, "supply": [{"l": "Oranges, Mandarines", "v": 0.0062710473364943186}]}, {"source": 83, "prod": 36.0, "target": 96, "value": 0.080697346380356444, "supply": [{"l": "Bovine Meat", "v": 0.080697346380356444}]}, {"source": 86, "prod": 1.0, "target": 96, "value": 0.00042450166585500002, "supply": [{"l": "Onions", "v": 0.00042450166585500002}]}, {"source": 2, "prod": 1.0, "target": 96, "value": 0.0010754731607532278, "supply": [{"l": "Cassava", "v": 0.0010754731607532278}]}, {"source": 97, "prod": 10.0, "target": 17, "value": 0.039386752502010305, "supply": [{"l": "Pulses, Other", "v": 0.039386752502010305}]}, {"source": 97, "prod": 32.0, "target": 35, "value": 0.015795410822511628, "supply": [{"l": "Coffee", "v": 0.015795410822511628}]}, {"source": 10, "prod": 100.0, "target": 98, "value": 0.11248998118891215, "supply": [{"l": "Sweet potatoes", "v": 0.11248998118891215}]}, {"source": 64, "prod": 135.0, "target": 98, "value": 0.53241974138063763, "supply": [{"l": "Beans", "v": 0.53241974138063763}]}, {"source": 12, "prod": 1.0, "target": 98, "value": 0.00078757266392393336, "supply": [{"l": "Fish, Seafood", "v": 0.00078757266392393336}]}, {"source": 50, "prod": 2.0, "target": 98, "value": 0.012629801628743805, "supply": [{"l": "Groundnuts", "v": 0.012629801628743805}]}, {"source": 2, "prod": 140.0, "target": 98, "value": 0.15056624250545189, "supply": [{"l": "Cassava", "v": 0.15056624250545189}]}, {"source": 81, "prod": 1.0, "target": 98, "value": 0.00078757266392393336, "supply": [{"l": "Demersal Fish", "v": 0.00078757266392393336}]}, {"source": 97, "prod": 277.0, "target": 16, "value": 1.0431101418227298, "supply": [{"l": "Sorghum", "v": 1.0431101418227298}]}, {"source": 58, "prod": 6.0, "target": 98, "value": 0.031837624939125002, "supply": [{"l": "Soyabeans", "v": 0.031837624939125002}]}, {"source": 8, "prod": 105.0, "target": 98, "value": 0.35554079212174605, "supply": [{"l": "Millet", "v": 0.35554079212174605}]}, {"source": 6, "prod": 2.0, "target": 98, "value": 0.0016647124151176473, "supply": [{"l": "Potatoes", "v": 0.0016647124151176473}]}, {"source": 15, "prod": 49.0, "target": 98, "value": 0.20923661991551185, "supply": [{"l": "Rice", "v": 0.20923661991551185}]}, {"source": 24, "prod": 2.0, "target": 98, "value": 0.02122508329275, "supply": [{"l": "Oilcrops Oil, Other", "v": 0.02122508329275}]}, {"source": 5, "prod": 20.0, "target": 98, "value": 0.10429566790403016, "supply": [{"l": "Cottonseed", "v": 0.10429566790403016}]}, {"source": 0, "prod": 1502.0, "target": 98, "value": 5.5267332345241096, "supply": [{"l": "Maize", "v": 5.5267332345241096}]}, {"source": 93, "prod": 1.0, "target": 98, "value": 0.00052407613068518517, "supply": [{"l": "Alcohol, Non-Food", "v": 0.00052407613068518517}]}, {"source": 76, "prod": 8.0, "target": 98, "value": 0.0065307948593076922, "supply": [{"l": "Tea", "v": 0.0065307948593076922}]}, {"source": 38, "prod": 1.0, "target": 98, "value": 0.0095512874817375009, "supply": [{"l": "Fats, Animals, Raw", "v": 0.0095512874817375009}]}, {"source": 97, "prod": 12.0, "target": 55, "value": 0.047021722987015381, "supply": [{"l": "Cloves", "v": 0.047021722987015381}]}, {"source": 97, "prod": 96.0, "target": 34, "value": 0.38515760901965856, "supply": [{"l": "Cereals, Other", "v": 0.38515760901965856}]}, {"source": 97, "prod": 1.0, "target": 14, "value": 0.0051232959672155177, "supply": [{"l": "Oilcrops, Other", "v": 0.0051232959672155177}]}, {"source": 97, "prod": 45.0, "target": 87, "value": 0.23581360270916199, "supply": [{"l": "Sugar", "v": 0.15388185387243747}, {"l": "Palm Oil", "v": 0.020540403186532261}, {"l": "Soyabean Oil", "v": 0.019976548981411768}, {"l": "Cottonseed Oil", "v": 0.041414796668780479}]}, {"source": 37, "prod": 112.0, "target": 98, "value": 0.38732534888602849, "supply": [{"l": "Wheat", "v": 0.38732534888602849}]}, {"source": 1, "prod": 262.0, "target": 78, "value": 0.39721227305003581, "supply": [{"l": "Poultry Meat", "v": 0.39721227305003581}]}, {"source": 1, "prod": 99.0, "target": 56, "value": 0.3939906086216719, "supply": [{"l": "Pigmeat", "v": 0.3939906086216719}]}, {"source": 1, "prod": 39.0, "target": 3, "value": 0.042045879284685728, "supply": [{"l": "Pelagic Fish", "v": 0.042045879284685728}]}, {"source": 1, "prod": 16.0, "target": 42, "value": 0.012601162622782932, "supply": [{"l": "Crustaceans", "v": 0.012601162622782932}]}, {"source": 1, "prod": 201.0, "target": 43, "value": 0.29170883704907691, "supply": [{"l": "Eggs", "v": 0.31783201648630766}]}, {"source": 1, "prod": 4.0, "target": 92, "value": 0.0031502906556957334, "supply": [{"l": "Aquatic Plants", "v": 0.0031502906556957334}]}, {"source": 1, "prod": 1.0, "target": 68, "value": 0.00078757266392393336, "supply": [{"l": "Cephalopods", "v": 0.00078757266392393336}]}, {"source": 1, "prod": 5367.0, "target": 9, "value": 3.7360743612042269, "supply": [{"l": "Milk - Excluding Butter", "v": 3.7360743612042269}]}, {"source": 1, "prod": 271.0, "target": 79, "value": 0.33057457312271554, "supply": [{"l": "Offals, Edible", "v": 0.33057457312271554}]}, {"source": 1, "prod": 73.0, "target": 48, "value": 0.067366568711771754, "supply": [{"l": "Marine Fish, Other", "v": 0.067366568711771754}]}, {"source": 1, "prod": 4.0, "target": 91, "value": 0.0031502906556957334, "supply": [{"l": "Aquatic Products, Other", "v": 0.0031502906556957334}]}, {"source": 1, "prod": 872.0, "target": 12, "value": 0.68676336294166984, "supply": [{"l": "Fish, Seafood", "v": 0.68676336294166984}]}, {"source": 1, "prod": 982.0, "target": 83, "value": 2.2012442818197235, "supply": [{"l": "Bovine Meat", "v": 2.2012442818197235}]}, {"source": 1, "prod": 34.0, "target": 81, "value": 0.026777470573413734, "supply": [{"l": "Demersal Fish", "v": 0.026777470573413734}]}, {"source": 1, "prod": 226.0, "target": 66, "value": 0.33081853959734486, "supply": [{"l": "Meat, Other", "v": 0.33081853959734486}]}, {"source": 1, "prod": 708.0, "target": 59, "value": 0.53076764578426494, "supply": [{"l": "Freshwater Fish", "v": 0.53076764578426494}]}, {"source": 1, "prod": 284.0, "target": 69, "value": 0.52992735429810989, "supply": [{"l": "Mutton & Goat Meat", "v": 0.52992735429810989}]}, {"source": 87, "prod": 7.0, "target": 93, "value": 0.0036685329147962964, "supply": [{"l": "Alcohol, Non-Food", "v": 0.0036685329147962964}]}, {"source": 87, "prod": 2375.0, "target": 23, "value": 9.8775514310010557, "supply": [{"l": "Sugar", "v": 9.8775514310010557}]}, {"source": 87, "prod": 50.0, "target": 25, "value": 0.53062708231875, "supply": [{"l": "Maize Germ Oil", "v": 0.53062708231875}]}, {"source": 87, "prod": 897.0, "target": 26, "value": 0.47009628922461116, "supply": [{"l": "Beer", "v": 0.47009628922461116}]}, {"source": 87, "prod": 50.0, "target": 27, "value": 0.54774408497419358, "supply": [{"l": "Groundnut Oil", "v": 0.54774408497419358}]}, {"source": 87, "prod": 131.0, "target": 28, "value": 0.47471710681589635, "supply": [{"l": "Beverages, Alcoholic", "v": 0.47471710681589635}]}, {"source": 87, "prod": 45.0, "target": 36, "value": 0.21225083292750002, "supply": [{"l": "Sugar non-centrifugal", "v": 0.21225083292750002}]}, {"source": 87, "prod": 29.0, "target": 31, "value": 0.27356774021766672, "supply": [{"l": "Butter, Ghee", "v": 0.27356774021766672}]}, {"source": 87, "prod": 117.0, "target": 38, "value": 1.1175006353632875, "supply": [{"l": "Fats, Animals, Raw", "v": 1.1175006353632875}]}, {"source": 87, "prod": 53.0, "target": 39, "value": 0.5293785480074118, "supply": [{"l": "Soyabean Oil", "v": 0.5293785480074118}]}, {"source": 87, "prod": 136.0, "target": 51, "value": 1.3967474166841938, "supply": [{"l": "Palm Oil", "v": 1.3967474166841938}]}, {"source": 87, "prod": 32.0, "target": 53, "value": 0.339601332684, "supply": [{"l": "Sunflowerseed Oil", "v": 0.339601332684}]}, {"source": 87, "prod": 1.0, "target": 54, "value": 0.009988274490705884, "supply": [{"l": "Olive Oil", "v": 0.009988274490705884}]}, {"source": 87, "prod": 63.0, "target": 47, "value": 0.66859012372162507, "supply": [{"l": "Coconut Oil", "v": 0.66859012372162507}]}, {"source": 87, "prod": 16.0, "target": 63, "value": 0.1358405330736, "supply": [{"l": "Rape and Mustard Oil", "v": 0.1358405330736}]}, {"source": 87, "prod": 97.0, "target": 24, "value": 1.0294165396983752, "supply": [{"l": "Oilcrops Oil, Other", "v": 1.0294165396983752}]}, {"source": 87, "prod": 15.0, "target": 52, "value": 0.011577318159681819, "supply": [{"l": "Wine", "v": 0.011577318159681819}]}, {"source": 87, "prod": 20.0, "target": 70, "value": 0.071746760426197195, "supply": [{"l": "Sweeteners, Other", "v": 0.071746760426197195}]}, {"source": 87, "prod": 15.0, "target": 29, "value": 0.12735049975650001, "supply": [{"l": "Sesameseed Oil", "v": 0.12735049975650001}]}, {"source": 87, "prod": 5717.0, "target": 73, "value": 2.5648218473762441, "supply": [{"l": "Beverages, Fermented", "v": 2.5648218473762441}]}, {"source": 87, "prod": 50.0, "target": 30, "value": 0.19898515586953128, "supply": [{"l": "Honey", "v": 0.19898515586953128}]}, {"source": 87, "prod": 65.0, "target": 84, "value": 0.67299044586768275, "supply": [{"l": "Cottonseed Oil", "v": 0.67299044586768275}]}, {"source": 87, "prod": 10.0, "target": 85, "value": 0.070750277642500012, "supply": [{"l": "Palmkernel Oil", "v": 0.070750277642500012}]}, {"source": 0, "prod": 24802.0, "target": 99, "value": 86.476306501320011, "supply": [{"l": "Maize", "v": 86.476306501320011}]}, {"source": 44, "prod": 3369.5, "target": 99, "value": 11.748323310870001, "supply": [{"l": "Vegetables, Other", "v": 11.748323310870001}]}, {"source": 22, "prod": 131.0, "target": 99, "value": 0.45675333245999999, "supply": [{"l": "Yams", "v": 0.45675333245999999}]}, {"source": 11, "prod": 1830.0, "target": 99, "value": 6.3805999877999993, "supply": [{"l": "Barley", "v": 6.3805999877999993}]}, {"source": 15, "prod": 4211.0, "target": 99, "value": 14.682353305260001, "supply": [{"l": "Rice", "v": 14.682353305260001}]}, {"source": 32, "prod": 271.5, "target": 99, "value": 0.94662999819000004, "supply": [{"l": "Tomatoes", "v": 0.94662999819000004}]}, {"source": 33, "prod": 130.0, "target": 99, "value": 0.45326666580000008, "supply": [{"l": "Sunflower seed", "v": 0.45326666580000008}]}, {"source": 34, "prod": 2024.0, "target": 99, "value": 7.0570133198400011, "supply": [{"l": "Cereals, Other", "v": 7.0570133198400011}]}, {"source": 37, "prod": 3814.0, "target": 99, "value": 13.298146641240002, "supply": [{"l": "Wheat", "v": 13.298146641240002}]}, {"source": 40, "prod": 847.0, "target": 99, "value": 2.9532066610200007, "supply": [{"l": "Coconuts - Incl Copra", "v": 2.9532066610200007}]}, {"source": 7, "prod": 975.5, "target": 99, "value": 3.4012433268300004, "supply": [{"l": "Roots, Other", "v": 3.4012433268300004}]}, {"source": 45, "prod": 143.0, "target": 99, "value": 0.49859333238000003, "supply": [{"l": "Peas", "v": 0.49859333238000003}]}, {"source": 46, "prod": 102.0, "target": 99, "value": 0.35563999932000001, "supply": [{"l": "Sesame seed", "v": 0.35563999932000001}]}, {"source": 5, "prod": 430.0, "target": 99, "value": 1.4992666638000003, "supply": [{"l": "Cottonseed", "v": 1.4992666638000003}]}, {"source": 50, "prod": 397.5, "target": 99, "value": 1.38594999735, "supply": [{"l": "Groundnuts", "v": 1.38594999735}]}, {"source": 14, "prod": 338.5, "target": 99, "value": 1.1802366644100002, "supply": [{"l": "Oilcrops, Other", "v": 1.1802366644100002}]}, {"source": 4, "prod": 67.0, "target": 99, "value": 0.23360666622000001, "supply": [{"l": "Oats", "v": 0.23360666622000001}]}, {"source": 58, "prod": 124.0, "target": 99, "value": 0.43234666583999998, "supply": [{"l": "Soyabeans", "v": 0.43234666583999998}]}, {"source": 6, "prod": 1181.25, "target": 99, "value": 4.1186249921250004, "supply": [{"l": "Potatoes", "v": 4.1186249921250004}]}, {"source": 64, "prod": 1346.5, "target": 99, "value": 4.6947966576900004, "supply": [{"l": "Beans", "v": 4.6947966576900004}]}, {"source": 17, "prod": 1113.0, "target": 99, "value": 3.8806599925800005, "supply": [{"l": "Pulses, Other", "v": 3.8806599925800005}]}, {"source": 16, "prod": 4758.0, "target": 99, "value": 16.58955996828, "supply": [{"l": "Sorghum", "v": 16.58955996828}]}, {"source": 18, "prod": 8425.3999999999996, "target": 99, "value": 29.376561277164004, "supply": [{"l": "Sugar cane", "v": 29.376561277164004}]}, {"source": 8, "prod": 2795.0, "target": 99, "value": 9.7452333147000001, "supply": [{"l": "Millet", "v": 9.7452333147000001}]}, {"source": 10, "prod": 2062.75, "target": 99, "value": 7.1921216529150005, "supply": [{"l": "Sweet potatoes", "v": 7.1921216529150005}]}, {"source": 88, "prod": 16.5, "target": 99, "value": 0.057529999890000003, "supply": [{"l": "Rape and Mustardseed", "v": 0.057529999890000003}]}, {"source": 89, "prod": 6.0, "target": 99, "value": 0.020919999960000001, "supply": [{"l": "Palm kernels", "v": 0.020919999960000001}]}, {"source": 86, "prod": 173.5, "target": 99, "value": 0.60493666551000014, "supply": [{"l": "Onions", "v": 0.60493666551000014}]}, {"source": 2, "prod": 9257.75, "target": 99, "value": 32.278688271615003, "supply": [{"l": "Cassava", "v": 32.278688271615003}]}, {"source": 100, "prod": 43.548387096774199, "target": 87, "value": 0.18486362867879036, "supply": [{"l": "Oil Palm", "v": 0.18486362867879036}]}, {"source": 101, "prod": 0, "target": 0, "value": 0.0001232914709545709, "supply": "[{\"l\":'Energy for power irrigation',\"v\":0.0001232914709545709}]"}, {"source": 101, "prod": 0, "target": 6, "value": 2.3488113872282375e-05, "supply": "[{\"l\":'Energy for power irrigation',\"v\":2.3488113872282375e-05}]"}, {"source": 101, "prod": 0, "target": 44, "value": 3.349976706567427e-05, "supply": "[{\"l\":'Energy for power irrigation',\"v\":3.349976706567427e-05}]"}, {"source": 101, "prod": 0, "target": 13, "value": 9.6099940186023886e-05, "supply": "[{\"l\":'Energy for power irrigation',\"v\":9.6099940186023886e-05}]"}, {"source": 101, "prod": 0, "target": 20, "value": 1.3869172000776258e-06, "supply": "[{\"l\":'Energy for power irrigation',\"v\":1.3869172000776258e-06}]"}, {"source": 101, "prod": 0, "target": 22, "value": 2.6048194008626379e-06, "supply": "[{\"l\":'Energy for power irrigation',\"v\":2.6048194008626379e-06}]"}, {"source": 101, "prod": 0, "target": 74, "value": 3.2808793980330938e-07, "supply": "[{\"l\":'Energy for power irrigation',\"v\":3.2808793980330938e-07}]"}, {"source": 101, "prod": 0, "target": 62, "value": 3.3305896919426861e-07, "supply": "[{\"l\":'Energy for power irrigation',\"v\":3.3305896919426861e-07}]"}, {"source": 101, "prod": 0, "target": 11, "value": 9.0969837854553948e-06, "supply": "[{\"l\":'Energy for power irrigation',\"v\":9.0969837854553948e-06}]"}, {"source": 101, "prod": 0, "target": 57, "value": 4.4739264518633091e-08, "supply": "[{\"l\":'Energy for power irrigation',\"v\":4.4739264518633091e-08}]"}, {"source": 101, "prod": 0, "target": 15, "value": 2.093300476532933e-05, "supply": "[{\"l\":'Energy for power irrigation',\"v\":2.093300476532933e-05}]"}, {"source": 101, "prod": 0, "target": 32, "value": 2.6992689592908634e-06, "supply": "[{\"l\":'Energy for power irrigation',\"v\":2.6992689592908634e-06}]"}, {"source": 101, "prod": 0, "target": 55, "value": 2.0878323442028777e-07, "supply": "[{\"l\":'Energy for power irrigation',\"v\":2.0878323442028777e-07}]"}, {"source": 101, "prod": 0, "target": 34, "value": 1.0061363487301487e-05, "supply": "[{\"l\":'Energy for power irrigation',\"v\":1.0061363487301487e-05}]"}, {"source": 101, "prod": 0, "target": 35, "value": 5.8906698282866906e-06, "supply": "[{\"l\":'Energy for power irrigation',\"v\":5.8906698282866906e-06}]"}, {"source": 101, "prod": 0, "target": 37, "value": 1.8959506097118514e-05, "supply": "[{\"l\":'Energy for power irrigation',\"v\":1.8959506097118514e-05}]"}, {"source": 101, "prod": 0, "target": 40, "value": 8.4209237882849398e-06, "supply": "[{\"l\":'Energy for power irrigation',\"v\":8.4209237882849398e-06}]"}, {"source": 101, "prod": 0, "target": 41, "value": 1.3819461706866668e-06, "supply": "[{\"l\":'Energy for power irrigation',\"v\":1.3819461706866668e-06}]"}, {"source": 101, "prod": 0, "target": 7, "value": 1.9396956683522927e-05, "supply": "[{\"l\":'Energy for power irrigation',\"v\":1.9396956683522927e-05}]"}, {"source": 101, "prod": 0, "target": 45, "value": 1.4217144058143406e-06, "supply": "[{\"l\":'Energy for power irrigation',\"v\":1.4217144058143406e-06}]"}, {"source": 101, "prod": 0, "target": 46, "value": 1.0140899957556834e-06, "supply": "[{\"l\":'Energy for power irrigation',\"v\":1.0140899957556834e-06}]"}, {"source": 101, "prod": 0, "target": 5, "value": 4.2750852762249401e-06, "supply": "[{\"l\":'Energy for power irrigation',\"v\":4.2750852762249401e-06}]"}, {"source": 101, "prod": 0, "target": 49, "value": 2.3860941076604317e-07, "supply": "[{\"l\":'Energy for power irrigation',\"v\":2.3860941076604317e-07}]"}, {"source": 101, "prod": 0, "target": 50, "value": 3.95196836581259e-06, "supply": "[{\"l\":'Energy for power irrigation',\"v\":3.95196836581259e-06}]"}, {"source": 101, "prod": 0, "target": 100, "value": 2.1648031218693433e-07, "supply": "[{\"l\":'Energy for power irrigation',\"v\":2.1648031218693433e-07}]"}, {"source": 101, "prod": 0, "target": 14, "value": 3.3653868976794003e-06, "supply": "[{\"l\":'Energy for power irrigation',\"v\":3.3653868976794003e-06}]"}, {"source": 101, "prod": 0, "target": 33, "value": 1.2924676416494006e-06, "supply": "[{\"l\":'Energy for power irrigation',\"v\":1.2924676416494006e-06}]"}, {"source": 101, "prod": 0, "target": 21, "value": 9.9420587819184666e-09, "supply": "[{\"l\":'Energy for power irrigation',\"v\":9.9420587819184666e-09}]"}, {"source": 101, "prod": 0, "target": 4, "value": 3.3305896919426861e-07, "supply": "[{\"l\":'Energy for power irrigation',\"v\":3.3305896919426861e-07}]"}, {"source": 101, "prod": 0, "target": 58, "value": 1.2328152889578897e-06, "supply": "[{\"l\":'Energy for power irrigation',\"v\":1.2328152889578897e-06}]"}, {"source": 101, "prod": 0, "target": 77, "value": 1.6434223166511223e-05, "supply": "[{\"l\":'Energy for power irrigation',\"v\":1.6434223166511223e-05}]"}, {"source": 101, "prod": 0, "target": 60, "value": 1.0538582308833572e-06, "supply": "[{\"l\":'Energy for power irrigation',\"v\":1.0538582308833572e-06}]"}, {"source": 101, "prod": 0, "target": 61, "value": 4.9710293909592323e-08, "supply": "[{\"l\":'Energy for power irrigation',\"v\":4.9710293909592323e-08}]"}, {"source": 101, "prod": 0, "target": 64, "value": 1.3386982149853213e-05, "supply": "[{\"l\":'Energy for power irrigation',\"v\":1.3386982149853213e-05}]"}, {"source": 101, "prod": 0, "target": 17, "value": 1.1065511424275252e-05, "supply": "[{\"l\":'Energy for power irrigation',\"v\":1.1065511424275252e-05}]"}, {"source": 101, "prod": 0, "target": 67, "value": 2.5352249893892085e-07, "supply": "[{\"l\":'Energy for power irrigation',\"v\":2.5352249893892085e-07}]"}, {"source": 101, "prod": 0, "target": 16, "value": 2.3652157842184029e-05, "supply": "[{\"l\":'Energy for power irrigation',\"v\":2.3652157842184029e-05}]"}, {"source": 101, "prod": 0, "target": 18, "value": 0.00020941455515293959, "supply": "[{\"l\":'Energy for power irrigation',\"v\":0.00020941455515293959}]"}, {"source": 101, "prod": 0, "target": 71, "value": 2.8036605765010074e-06, "supply": "[{\"l\":'Energy for power irrigation',\"v\":2.8036605765010074e-06}]"}, {"source": 101, "prod": 0, "target": 72, "value": 1.8954535067727554e-05, "supply": "[{\"l\":'Energy for power irrigation',\"v\":1.8954535067727554e-05}]"}, {"source": 101, "prod": 0, "target": 75, "value": 7.4565440864388481e-08, "supply": "[{\"l\":'Energy for power irrigation',\"v\":7.4565440864388481e-08}]"}, {"source": 101, "prod": 0, "target": 76, "value": 2.5650511657349641e-06, "supply": "[{\"l\":'Energy for power irrigation',\"v\":2.5650511657349641e-06}]"}, {"source": 101, "prod": 0, "target": 8, "value": 1.3894027147731055e-05, "supply": "[{\"l\":'Energy for power irrigation',\"v\":1.3894027147731055e-05}]"}, {"source": 101, "prod": 0, "target": 10, "value": 4.1015963504804627e-05, "supply": "[{\"l\":'Energy for power irrigation',\"v\":4.1015963504804627e-05}]"}, {"source": 101, "prod": 0, "target": 88, "value": 1.6404396990165469e-07, "supply": "[{\"l\":'Energy for power irrigation',\"v\":1.6404396990165469e-07}]"}, {"source": 101, "prod": 0, "target": 82, "value": 1.6652948459713429e-06, "supply": "[{\"l\":'Energy for power irrigation',\"v\":1.6652948459713429e-06}]"}, {"source": 101, "prod": 0, "target": 89, "value": 5.9652352691510793e-08, "supply": "[{\"l\":'Energy for power irrigation',\"v\":5.9652352691510793e-08}]"}, {"source": 101, "prod": 0, "target": 2, "value": 0.00018408218937661133, "supply": "[{\"l\":'Energy for power irrigation',\"v\":0.00018408218937661133}]"}, {"source": 101, "prod": 0, "target": 86, "value": 1.7249471986628538e-06, "supply": "[{\"l\":'Energy for power irrigation',\"v\":1.7249471986628538e-06}]"}, {"source": 101, "prod": 0, "target": 65, "value": 1.1433367599206235e-07, "supply": "[{\"l\":'Energy for power irrigation',\"v\":1.1433367599206235e-07}]"}, {"source": 101, "prod": 0, "target": 87, "value": 0.83800000067039992, "supply": "[{\"l\":'Electricity',\"v\":0.83800000067039992}]"}, {"source": 102, "prod": 0, "target": 101, "value": 1.3032293075050163, "supply": [{"l": "Coal", "v": 0.89040033752508663}, {"l": "Natural gas", "v": 0.17376904953200742}, {"l": "Oil", "v": 0.23905992044792232}]}, {"source": 103, "prod": 0, "target": 101, "value": 0.32032602298299251, "supply": [{"l": "Nuclear", "v": 0.13639962036762829}, {"l": "Hydroelectric", "v": 0.17833121439110106}, {"l": "Renewable", "v": 0.0055951882242632053}]}, {"source": 102, "prod": 0, "target": 0, "value": 0.8500666672935292, "supply": [{"l": "Motor Gasoline", "v": 0.045292681940485635}, {"l": "Gas-Diesel oil", "v": 0.32344612756273922}, {"l": "Fuel oil", "v": 0.020652645038325278}, {"l": "Coal", "v": 0.46067521275197904}]}, {"source": 102, "prod": 0, "target": 6, "value": 0.16194520615119445, "supply": [{"l": "Motor Gasoline", "v": 0.008628655841012604}, {"l": "Gas-Diesel oil", "v": 0.061619343308359914}, {"l": "Fuel oil", "v": 0.0039345112412743702}, {"l": "Coal", "v": 0.087762695760547557}]}, {"source": 102, "prod": 0, "target": 44, "value": 0.23097327920696284, "supply": [{"l": "Motor Gasoline", "v": 0.012306563325414591}, {"l": "Gas-Diesel oil", "v": 0.087884180858208982}, {"l": "Fuel oil", "v": 0.0056115706359678268}, {"l": "Coal", "v": 0.12517096438737144}]}, {"source": 102, "prod": 0, "target": 13, "value": 0.662587243452887, "supply": [{"l": "Motor Gasoline", "v": 0.035303529040942999}, {"l": "Gas-Diesel oil", "v": 0.25211114176448973}, {"l": "Fuel oil", "v": 0.016097771707156851}, {"l": "Coal", "v": 0.35907480094029748}]}, {"source": 102, "prod": 0, "target": 20, "value": 0.0095624788394038634, "supply": [{"l": "Motor Gasoline", "v": 0.00050950158299312522}, {"l": "Gas-Diesel oil", "v": 0.0036384755096364905}, {"l": "Fuel oil", "v": 0.00023232352091334378}, {"l": "Coal", "v": 0.0051821782258609037}]}, {"source": 102, "prod": 0, "target": 22, "value": 0.017959637676873204, "supply": [{"l": "Motor Gasoline", "v": 0.00095691336734192694}, {"l": "Gas-Diesel oil", "v": 0.0068335525700699675}, {"l": "Fuel oil", "v": 0.00043633521490534812}, {"l": "Coal", "v": 0.0097328365245559628}]}, {"source": 102, "prod": 0, "target": 74, "value": 0.0022620917684611289, "supply": [{"l": "Motor Gasoline", "v": 0.00012052725619192211}, {"l": "Gas-Diesel oil", "v": 0.000860714636688202}, {"l": "Fuel oil", "v": 5.4958252259070571e-05}, {"l": "Coal", "v": 0.0012258916233219342}]}, {"source": 102, "prod": 0, "target": 62, "value": 0.0022963658861650856, "supply": [{"l": "Motor Gasoline", "v": 0.00012235342674028456}, {"l": "Gas-Diesel oil", "v": 0.00087375576754711423}, {"l": "Fuel oil", "v": 5.5790953050874669e-05}, {"l": "Coal", "v": 0.001244465738826812}]}, {"source": 102, "prod": 0, "target": 11, "value": 0.062721635398240397, "supply": [{"l": "Motor Gasoline", "v": 0.0033418921035032944}, {"l": "Gas-Diesel oil", "v": 0.023865269471809239}, {"l": "Fuel oil", "v": 0.0015238424490015021}, {"l": "Coal", "v": 0.033990631373926355}]}, {"source": 102, "prod": 0, "target": 57, "value": 0.00030846705933560846, "supply": [{"l": "Motor Gasoline", "v": 1.6435534935262103e-05}, {"l": "Gas-Diesel oil", "v": 0.00011737017773020936}, {"l": "Fuel oil", "v": 7.494307126236895e-06}, {"l": "Coal", "v": 0.0001671670395439001}]}, {"source": 102, "prod": 0, "target": 15, "value": 0.14432830965136081, "supply": [{"l": "Motor Gasoline", "v": 0.0076900041791543028}, {"l": "Gas-Diesel oil", "v": 0.054916202046879074}, {"l": "Fuel oil", "v": 0.0035065030342870634}, {"l": "Coal", "v": 0.078215600391040377}]}, {"source": 102, "prod": 0, "target": 32, "value": 0.018610845913248381, "supply": [{"l": "Motor Gasoline", "v": 0.00099161060776081365}, {"l": "Gas-Diesel oil", "v": 0.0070813340563892985}, {"l": "Fuel oil", "v": 0.00045215652994962607}, {"l": "Coal", "v": 0.010085744719148641}]}, {"source": 102, "prod": 0, "target": 55, "value": 0.0014395129435661731, "supply": [{"l": "Motor Gasoline", "v": 7.6699163031223157e-05}, {"l": "Gas-Diesel oil", "v": 0.00054772749607431045}, {"l": "Fuel oil", "v": 3.4973433255772179e-05}, {"l": "Coal", "v": 0.00078011285120486724}]}, {"source": 102, "prod": 0, "target": 34, "value": 0.069370814232807956, "supply": [{"l": "Motor Gasoline", "v": 0.0036961691898856112}, {"l": "Gas-Diesel oil", "v": 0.026395248858438195}, {"l": "Fuel oil", "v": 0.0016853864026114976}, {"l": "Coal", "v": 0.037594009781872655}]}, {"source": 102, "prod": 0, "target": 35, "value": 0.040614829479188451, "supply": [{"l": "Motor Gasoline", "v": 0.0021640120998095104}, {"l": "Gas-Diesel oil", "v": 0.0154537400678109}, {"l": "Fuel oil", "v": 0.00098675043828785804}, {"l": "Coal", "v": 0.022010326873280184}]}, {"source": 102, "prod": 0, "target": 37, "value": 0.1307214849228901, "supply": [{"l": "Motor Gasoline", "v": 0.006965014471454407}, {"l": "Gas-Diesel oil", "v": 0.049738873095890944}, {"l": "Fuel oil", "v": 0.0031759208199408353}, {"l": "Coal", "v": 0.070841676535603901}]}, {"source": 102, "prod": 0, "target": 40, "value": 0.058060355390502305, "supply": [{"l": "Motor Gasoline", "v": 0.0030935329089260004}, {"l": "Gas-Diesel oil", "v": 0.022091675674997185}, {"l": "Fuel oil", "v": 0.0014105951413161445}, {"l": "Coal", "v": 0.031464551665262977}]}, {"source": 102, "prod": 0, "target": 41, "value": 0.0095282047216999066, "supply": [{"l": "Motor Gasoline", "v": 0.00050767541244476277}, {"l": "Gas-Diesel oil", "v": 0.0036254343787775782}, {"l": "Fuel oil", "v": 0.00023149082012153968}, {"l": "Coal", "v": 0.005163604110356026}]}, {"source": 102, "prod": 0, "target": 7, "value": 0.13373760728083828, "supply": [{"l": "Motor Gasoline", "v": 0.0071257174797103038}, {"l": "Gas-Diesel oil", "v": 0.050886492611475216}, {"l": "Fuel oil", "v": 0.0032491984896195966}, {"l": "Coal", "v": 0.072476198700033148}]}, {"source": 102, "prod": 0, "target": 45, "value": 0.009802397663331559, "supply": [{"l": "Motor Gasoline", "v": 0.00052228477683166239}, {"l": "Gas-Diesel oil", "v": 0.0037297634256488756}, {"l": "Fuel oil", "v": 0.00023815242645597247}, {"l": "Coal", "v": 0.0053121970343950487}]}, {"source": 102, "prod": 0, "target": 46, "value": 0.0069919200116071254, "supply": [{"l": "Motor Gasoline", "v": 0.00037253879186594104}, {"l": "Gas-Diesel oil", "v": 0.0026603906952180787}, {"l": "Fuel oil", "v": 0.00016987096152803631}, {"l": "Coal", "v": 0.0037891195629950695}]}, {"source": 102, "prod": 0, "target": 5, "value": 0.029475741225402589, "supply": [{"l": "Motor Gasoline", "v": 0.0015705066715917121}, {"l": "Gas-Diesel oil", "v": 0.011215372538664449}, {"l": "Fuel oil", "v": 0.00071612268095152555}, {"l": "Coal", "v": 0.015973739334194898}]}, {"source": 102, "prod": 0, "target": 49, "value": 0.0016451576497899119, "supply": [{"l": "Motor Gasoline", "v": 8.7656186321397888e-05}, {"l": "Gas-Diesel oil", "v": 0.00062597428122778331}, {"l": "Fuel oil", "v": 3.9969638006596776e-05}, {"l": "Coal", "v": 0.00089155754423413396}]}, {"source": 102, "prod": 0, "target": 50, "value": 0.027247923574645418, "supply": [{"l": "Motor Gasoline", "v": 0.0014518055859481527}, {"l": "Gas-Diesel oil", "v": 0.010367699032835161}, {"l": "Fuel oil", "v": 0.00066199712948425914}, {"l": "Coal", "v": 0.014766421826377845}]}, {"source": 102, "prod": 0, "target": 100, "value": 0.0014925825451722993, "supply": [{"l": "Motor Gasoline", "v": 7.9526781944816647e-05}, {"l": "Gas-Diesel oil", "v": 0.00056792021482359378}, {"l": "Fuel oil", "v": 3.6262776417275307e-05}, {"l": "Coal", "v": 0.00080887277198661361}]}, {"source": 102, "prod": 0, "target": 14, "value": 0.023203577685578548, "supply": [{"l": "Motor Gasoline", "v": 0.0012363174612413828}, {"l": "Gas-Diesel oil", "v": 0.0088288455914835272}, {"l": "Fuel oil", "v": 0.00056373843605137539}, {"l": "Coal", "v": 0.012574676196802264}]}, {"source": 102, "prod": 0, "target": 33, "value": 0.0089112706030286901, "supply": [{"l": "Motor Gasoline", "v": 0.00047480434257423862}, {"l": "Gas-Diesel oil", "v": 0.0033906940233171595}, {"l": "Fuel oil", "v": 0.00021650220586906589}, {"l": "Coal", "v": 0.0048292700312682259}]}, {"source": 102, "prod": 0, "target": 21, "value": 6.8548235407913006e-05, "supply": [{"l": "Motor Gasoline", "v": 3.6523410967249121e-06}, {"l": "Gas-Diesel oil", "v": 2.6082261717824305e-05}, {"l": "Fuel oil", "v": 1.6654015836081992e-06}, {"l": "Coal", "v": 3.7148231009755586e-05}]}, {"source": 102, "prod": 0, "target": 4, "value": 0.0022963658861650856, "supply": [{"l": "Motor Gasoline", "v": 0.00012235342674028456}, {"l": "Gas-Diesel oil", "v": 0.00087375576754711423}, {"l": "Fuel oil", "v": 5.5790953050874669e-05}, {"l": "Coal", "v": 0.001244465738826812}]}, {"source": 102, "prod": 0, "target": 58, "value": 0.0084999811905812107, "supply": [{"l": "Motor Gasoline", "v": 0.00045289029599388908}, {"l": "Gas-Diesel oil", "v": 0.0032342004530102136}, {"l": "Fuel oil", "v": 0.00020650979636741668}, {"l": "Coal", "v": 0.0046063806452096923}]}, {"source": 102, "prod": 0, "target": 77, "value": 0.11331023312928018, "supply": [{"l": "Motor Gasoline", "v": 0.0060373198328862792}, {"l": "Gas-Diesel oil", "v": 0.043113978619563571}, {"l": "Fuel oil", "v": 0.0027529088177043527}, {"l": "Coal", "v": 0.061406025859125975}]}, {"source": 102, "prod": 0, "target": 60, "value": 0.0072661129532387769, "supply": [{"l": "Motor Gasoline", "v": 0.00038714815625284066}, {"l": "Gas-Diesel oil", "v": 0.0027647197420893757}, {"l": "Fuel oil", "v": 0.00017653256786246909}, {"l": "Coal", "v": 0.0039377124870340913}]}, {"source": 102, "prod": 0, "target": 61, "value": 0.00034274117703956501, "supply": [{"l": "Motor Gasoline", "v": 1.8261705483624559e-05}, {"l": "Gas-Diesel oil", "v": 0.00013041130858912152}, {"l": "Fuel oil", "v": 8.3270079180409957e-06}, {"l": "Coal", "v": 0.00018574115504877792}]}, {"source": 102, "prod": 0, "target": 64, "value": 0.092300198976754844, "supply": [{"l": "Motor Gasoline", "v": 0.0049178772867400937}, {"l": "Gas-Diesel oil", "v": 0.035119765403050424}, {"l": "Fuel oil", "v": 0.00224246323232844}, {"l": "Coal", "v": 0.050020093054635888}]}, {"source": 102, "prod": 0, "target": 17, "value": 0.07629418600900717, "supply": [{"l": "Motor Gasoline", "v": 0.0040650556406548275}, {"l": "Gas-Diesel oil", "v": 0.02902955729193845}, {"l": "Fuel oil", "v": 0.0018535919625559257}, {"l": "Coal", "v": 0.041345981113857969}]}, {"source": 102, "prod": 0, "target": 67, "value": 0.0017479800029017814, "supply": [{"l": "Motor Gasoline", "v": 9.313469796648526e-05}, {"l": "Gas-Diesel oil", "v": 0.00066509767380451969}, {"l": "Fuel oil", "v": 4.2467740382009077e-05}, {"l": "Coal", "v": 0.00094727989074876737}]}, {"source": 102, "prod": 0, "target": 16, "value": 0.163076252035425, "supply": [{"l": "Motor Gasoline", "v": 0.008688919469108566}, {"l": "Gas-Diesel oil", "v": 0.062049700626704014}, {"l": "Fuel oil", "v": 0.0039619903674039053}, {"l": "Coal", "v": 0.088375641572208521}]}, {"source": 102, "prod": 0, "target": 18, "value": 1.4438657565145754, "supply": [{"l": "Motor Gasoline", "v": 0.07693108669086518}, {"l": "Gas-Diesel oil", "v": 0.54938371969339217}, {"l": "Fuel oil", "v": 0.035079186256331302}, {"l": "Coal", "v": 0.78247176387398676}]}, {"source": 102, "prod": 0, "target": 71, "value": 0.019330602385031467, "supply": [{"l": "Motor Gasoline", "v": 0.0010299601892764252}, {"l": "Gas-Diesel oil", "v": 0.0073551978044264542}, {"l": "Fuel oil", "v": 0.00046964324657751215}, {"l": "Coal", "v": 0.010475801144751076}]}, {"source": 102, "prod": 0, "target": 72, "value": 0.13068721080518611, "supply": [{"l": "Motor Gasoline", "v": 0.0069631883009060444}, {"l": "Gas-Diesel oil", "v": 0.049725831965032032}, {"l": "Fuel oil", "v": 0.0031750881191490313}, {"l": "Coal", "v": 0.07082310242009901}]}, {"source": 102, "prod": 0, "target": 75, "value": 0.00051411176555934751, "supply": [{"l": "Motor Gasoline", "v": 2.7392558225436841e-05}, {"l": "Gas-Diesel oil", "v": 0.00019561696288368226}, {"l": "Fuel oil", "v": 1.2490511877061492e-05}, {"l": "Coal", "v": 0.00027861173257316685}]}, {"source": 102, "prod": 0, "target": 76, "value": 0.017685444735241553, "supply": [{"l": "Motor Gasoline", "v": 0.00094230400295502732}, {"l": "Gas-Diesel oil", "v": 0.0067292235231986705}, {"l": "Fuel oil", "v": 0.00042967360857091533}, {"l": "Coal", "v": 0.009584243600516941}]}, {"source": 102, "prod": 0, "target": 8, "value": 0.095796158982558416, "supply": [{"l": "Motor Gasoline", "v": 0.0051041466826730652}, {"l": "Gas-Diesel oil", "v": 0.036449960750659462}, {"l": "Fuel oil", "v": 0.0023273987130924584}, {"l": "Coal", "v": 0.051914652836133425}]}, {"source": 102, "prod": 0, "target": 10, "value": 0.28279574517534506, "supply": [{"l": "Motor Gasoline", "v": 0.015067733194538625}, {"l": "Gas-Diesel oil", "v": 0.10760237071688417}, {"l": "Fuel oil", "v": 0.0068706142331756252}, {"l": "Coal", "v": 0.15325502703074664}]}, {"source": 102, "prod": 0, "target": 88, "value": 0.0011310458842305644, "supply": [{"l": "Motor Gasoline", "v": 6.0263628095961054e-05}, {"l": "Gas-Diesel oil", "v": 0.000430357318344101}, {"l": "Fuel oil", "v": 2.7479126129535285e-05}, {"l": "Coal", "v": 0.00061294581166096711}]}, {"source": 102, "prod": 0, "target": 82, "value": 0.011481829430825426, "supply": [{"l": "Motor Gasoline", "v": 0.00061176713370142269}, {"l": "Gas-Diesel oil", "v": 0.0043687788377355704}, {"l": "Fuel oil", "v": 0.00027895476525437331}, {"l": "Coal", "v": 0.0062223286941340602}]}, {"source": 102, "prod": 0, "target": 89, "value": 0.00041128941244747798, "supply": [{"l": "Motor Gasoline", "v": 2.1914046580349472e-05}, {"l": "Gas-Diesel oil", "v": 0.00015649357030694583}, {"l": "Fuel oil", "v": 9.9924095016491939e-06}, {"l": "Coal", "v": 0.00022288938605853349}]}, {"source": 102, "prod": 0, "target": 2, "value": 1.2692048526952131, "supply": [{"l": "Motor Gasoline", "v": 0.067624921576410105}, {"l": "Gas-Diesel oil", "v": 0.48292611683637587}, {"l": "Fuel oil", "v": 0.030835743021297608}, {"l": "Coal", "v": 0.68781807126112948}]}, {"source": 102, "prod": 0, "target": 86, "value": 0.011893118843272906, "supply": [{"l": "Motor Gasoline", "v": 0.00063368118028177224}, {"l": "Gas-Diesel oil", "v": 0.0045252724080425168}, {"l": "Fuel oil", "v": 0.00028894717475602254}, {"l": "Coal", "v": 0.0064452180801925938}]}, {"source": 102, "prod": 0, "target": 65, "value": 0.00078830470719099942, "supply": [{"l": "Motor Gasoline", "v": 4.2001922612336484e-05}, {"l": "Gas-Diesel oil", "v": 0.00029994600975497948}, {"l": "Fuel oil", "v": 1.915211821149429e-05}, {"l": "Coal", "v": 0.00042720465661218919}]}, {"source": 104, "prod": 87.235458047307347, "target": 0, "value": 1.0317533827936629, "supply": [{"l": "Potash", "v": 0.21244725202180964}, {"l": "Phosphate", "v": 0.8985885840522041}, {"l": "Nitrogen", "v": 6.7378338942791558}]}, {"source": 104, "prod": 16.619125041267928, "target": 6, "value": 0.19655812973550749, "supply": [{"l": "Potash", "v": 0.21244725202180964}, {"l": "Phosphate", "v": 0.8985885840522041}, {"l": "Nitrogen", "v": 6.7378338942791558}]}, {"source": 104, "prod": 23.702917175260225, "target": 44, "value": 0.280339732547637, "supply": [{"l": "Potash", "v": 0.21244725202180964}, {"l": "Phosphate", "v": 0.8985885840522041}, {"l": "Nitrogen", "v": 6.7378338942791558}]}, {"source": 104, "prod": 67.995963025987635, "target": 13, "value": 0.80420354794641924, "supply": [{"l": "Potash", "v": 0.21244725202180964}, {"l": "Phosphate", "v": 0.8985885840522041}, {"l": "Nitrogen", "v": 6.7378338942791558}]}, {"source": 104, "prod": 0.98131976434153478, "target": 20, "value": 0.011606289565334727, "supply": [{"l": "Potash", "v": 0.21244725202180964}, {"l": "Phosphate", "v": 0.8985885840522041}, {"l": "Nitrogen", "v": 6.7378338942791558}]}, {"source": 104, "prod": 1.8430521738887606, "target": 22, "value": 0.021798192588657339, "supply": [{"l": "Potash", "v": 0.21244725202180964}, {"l": "Phosphate", "v": 0.8985885840522041}, {"l": "Nitrogen", "v": 6.7378338942791558}]}, {"source": 104, "prod": 0.23214015930659965, "target": 74, "value": 0.002745573875670581, "supply": [{"l": "Potash", "v": 0.21244725202180964}, {"l": "Phosphate", "v": 0.8985885840522041}, {"l": "Nitrogen", "v": 6.7378338942791558}]}, {"source": 104, "prod": 0.23565743444760873, "target": 62, "value": 0.0027871734798474079, "supply": [{"l": "Potash", "v": 0.21244725202180964}, {"l": "Phosphate", "v": 0.8985885840522041}, {"l": "Nitrogen", "v": 6.7378338942791558}]}, {"source": 104, "prod": 6.4366135080466256, "target": 11, "value": 0.076127275643593381, "supply": [{"l": "Potash", "v": 0.21244725202180964}, {"l": "Phosphate", "v": 0.8985885840522041}, {"l": "Nitrogen", "v": 6.7378338942791558}]}, {"source": 104, "prod": 0.031655476269081766, "target": 57, "value": 0.00037439643759144283, "supply": [{"l": "Potash", "v": 0.21244725202180964}, {"l": "Phosphate", "v": 0.8985885840522041}, {"l": "Nitrogen", "v": 6.7378338942791558}]}, {"source": 104, "prod": 14.811245618789259, "target": 15, "value": 0.17517593318861843, "supply": [{"l": "Potash", "v": 0.21244725202180964}, {"l": "Phosphate", "v": 0.8985885840522041}, {"l": "Nitrogen", "v": 6.7378338942791558}]}, {"source": 104, "prod": 1.9098804015679334, "target": 32, "value": 0.022588585068017052, "supply": [{"l": "Potash", "v": 0.21244725202180964}, {"l": "Phosphate", "v": 0.8985885840522041}, {"l": "Nitrogen", "v": 6.7378338942791558}]}, {"source": 104, "prod": 0.1477255559223816, "target": 55, "value": 0.0017471833754267333, "supply": [{"l": "Potash", "v": 0.21244725202180964}, {"l": "Phosphate", "v": 0.8985885840522041}, {"l": "Nitrogen", "v": 6.7378338942791558}]}, {"source": 104, "prod": 7.1189648854023888, "target": 34, "value": 0.084197598853897812, "supply": [{"l": "Potash", "v": 0.21244725202180964}, {"l": "Phosphate", "v": 0.8985885840522041}, {"l": "Nitrogen", "v": 6.7378338942791558}]}, {"source": 104, "prod": 4.1679710420957665, "target": 35, "value": 0.049295530949539978, "supply": [{"l": "Potash", "v": 0.21244725202180964}, {"l": "Phosphate", "v": 0.8985885840522041}, {"l": "Nitrogen", "v": 6.7378338942791558}]}, {"source": 104, "prod": 13.414887387808651, "target": 37, "value": 0.15866089033041811, "supply": [{"l": "Potash", "v": 0.21244725202180964}, {"l": "Phosphate", "v": 0.8985885840522041}, {"l": "Nitrogen", "v": 6.7378338942791558}]}, {"source": 104, "prod": 5.9582640888693899, "target": 40, "value": 0.070469729475544904, "supply": [{"l": "Potash", "v": 0.21244725202180964}, {"l": "Phosphate", "v": 0.8985885840522041}, {"l": "Nitrogen", "v": 6.7378338942791558}]}, {"source": 104, "prod": 0.9778024892005257, "target": 41, "value": 0.011564689961157901, "supply": [{"l": "Potash", "v": 0.21244725202180964}, {"l": "Phosphate", "v": 0.8985885840522041}, {"l": "Nitrogen", "v": 6.7378338942791558}]}, {"source": 104, "prod": 13.724407600217452, "target": 7, "value": 0.16232165549797889, "supply": [{"l": "Potash", "v": 0.21244725202180964}, {"l": "Phosphate", "v": 0.8985885840522041}, {"l": "Nitrogen", "v": 6.7378338942791558}]}, {"source": 104, "prod": 1.0059406903285983, "target": 45, "value": 0.011897486794572518, "supply": [{"l": "Potash", "v": 0.21244725202180964}, {"l": "Phosphate", "v": 0.8985885840522041}, {"l": "Nitrogen", "v": 6.7378338942791558}]}, {"source": 104, "prod": 0.71752412876585336, "target": 46, "value": 0.0084863192520727038, "supply": [{"l": "Potash", "v": 0.21244725202180964}, {"l": "Phosphate", "v": 0.8985885840522041}, {"l": "Nitrogen", "v": 6.7378338942791558}]}, {"source": 104, "prod": 3.024856621267813, "target": 5, "value": 0.035775659592071199, "supply": [{"l": "Potash", "v": 0.21244725202180964}, {"l": "Phosphate", "v": 0.8985885840522041}, {"l": "Nitrogen", "v": 6.7378338942791558}]}, {"source": 104, "prod": 0.1688292067684361, "target": 49, "value": 0.0019967810004876949, "supply": [{"l": "Potash", "v": 0.21244725202180964}, {"l": "Phosphate", "v": 0.8985885840522041}, {"l": "Nitrogen", "v": 6.7378338942791558}]}, {"source": 104, "prod": 2.7962337371022228, "target": 50, "value": 0.03307168532057745, "supply": [{"l": "Potash", "v": 0.21244725202180964}, {"l": "Phosphate", "v": 0.8985885840522041}, {"l": "Nitrogen", "v": 6.7378338942791558}]}, {"source": 104, "prod": 0.15317165936652469, "target": 100, "value": 0.001811595665765046, "supply": [{"l": "Potash", "v": 0.21244725202180964}, {"l": "Phosphate", "v": 0.8985885840522041}, {"l": "Nitrogen", "v": 6.7378338942791558}]}, {"source": 104, "prod": 2.3811952704631505, "target": 14, "value": 0.028162932027711866, "supply": [{"l": "Potash", "v": 0.21244725202180964}, {"l": "Phosphate", "v": 0.8985885840522041}, {"l": "Nitrogen", "v": 6.7378338942791558}]}, {"source": 104, "prod": 0.91449153666236227, "target": 33, "value": 0.010815897085975015, "supply": [{"l": "Potash", "v": 0.21244725202180964}, {"l": "Phosphate", "v": 0.8985885840522041}, {"l": "Nitrogen", "v": 6.7378338942791558}]}, {"source": 104, "prod": 0.0070345502820181706, "target": 21, "value": 8.3199208353653965e-05, "supply": [{"l": "Potash", "v": 0.21244725202180964}, {"l": "Phosphate", "v": 0.8985885840522041}, {"l": "Nitrogen", "v": 6.7378338942791558}]}, {"source": 104, "prod": 0.23565743444760873, "target": 4, "value": 0.0027871734798474079, "supply": [{"l": "Potash", "v": 0.21244725202180964}, {"l": "Phosphate", "v": 0.8985885840522041}, {"l": "Nitrogen", "v": 6.7378338942791558}]}, {"source": 104, "prod": 0.87228423497025309, "target": 58, "value": 0.010316701835853091, "supply": [{"l": "Potash", "v": 0.21244725202180964}, {"l": "Phosphate", "v": 0.8985885840522041}, {"l": "Nitrogen", "v": 6.7378338942791558}]}, {"source": 104, "prod": 11.628111616176035, "target": 77, "value": 0.13752829140858999, "supply": [{"l": "Potash", "v": 0.21244725202180964}, {"l": "Phosphate", "v": 0.8985885840522041}, {"l": "Nitrogen", "v": 6.7378338942791558}]}, {"source": 104, "prod": 0.745662329893926, "target": 60, "value": 0.0088191160854873187, "supply": [{"l": "Potash", "v": 0.21244725202180964}, {"l": "Phosphate", "v": 0.8985885840522041}, {"l": "Nitrogen", "v": 6.7378338942791558}]}, {"source": 104, "prod": 0.035172751410090852, "target": 61, "value": 0.0004159960417682698, "supply": [{"l": "Potash", "v": 0.21244725202180964}, {"l": "Phosphate", "v": 0.8985885840522041}, {"l": "Nitrogen", "v": 6.7378338942791558}]}, {"source": 104, "prod": 9.4720219547374658, "target": 64, "value": 0.11202773404819506, "supply": [{"l": "Potash", "v": 0.21244725202180964}, {"l": "Phosphate", "v": 0.8985885840522041}, {"l": "Nitrogen", "v": 6.7378338942791558}]}, {"source": 104, "prod": 7.8294544638862238, "target": 17, "value": 0.092600718897616868, "supply": [{"l": "Potash", "v": 0.21244725202180964}, {"l": "Phosphate", "v": 0.8985885840522041}, {"l": "Nitrogen", "v": 6.7378338942791558}]}, {"source": 104, "prod": 0.17938103219146334, "target": 67, "value": 0.002121579813018176, "supply": [{"l": "Potash", "v": 0.21244725202180964}, {"l": "Phosphate", "v": 0.8985885840522041}, {"l": "Nitrogen", "v": 6.7378338942791558}]}, {"source": 104, "prod": 16.735195120921226, "target": 16, "value": 0.19793091667334275, "supply": [{"l": "Potash", "v": 0.21244725202180964}, {"l": "Phosphate", "v": 0.8985885840522041}, {"l": "Nitrogen", "v": 6.7378338942791558}]}, {"source": 104, "prod": 148.17224986528973, "target": 18, "value": 1.7524665251571903, "supply": [{"l": "Potash", "v": 0.21244725202180964}, {"l": "Phosphate", "v": 0.8985885840522041}, {"l": "Nitrogen", "v": 6.7378338942791558}]}, {"source": 104, "prod": 1.9837431795291243, "target": 71, "value": 0.023462176755730417, "supply": [{"l": "Potash", "v": 0.21244725202180964}, {"l": "Phosphate", "v": 0.8985885840522041}, {"l": "Nitrogen", "v": 6.7378338942791558}]}, {"source": 104, "prod": 13.41137011266764, "target": 72, "value": 0.15861929072624126, "supply": [{"l": "Potash", "v": 0.21244725202180964}, {"l": "Phosphate", "v": 0.8985885840522041}, {"l": "Nitrogen", "v": 6.7378338942791558}]}, {"source": 104, "prod": 0.052759127115136278, "target": 75, "value": 0.00062399406265240475, "supply": [{"l": "Potash", "v": 0.21244725202180964}, {"l": "Phosphate", "v": 0.8985885840522041}, {"l": "Nitrogen", "v": 6.7378338942791558}]}, {"source": 104, "prod": 1.814913972760688, "target": 76, "value": 0.021465395755242721, "supply": [{"l": "Potash", "v": 0.21244725202180964}, {"l": "Phosphate", "v": 0.8985885840522041}, {"l": "Nitrogen", "v": 6.7378338942791558}]}, {"source": 104, "prod": 9.8307840191203937, "target": 8, "value": 0.11627089367423142, "supply": [{"l": "Potash", "v": 0.21244725202180964}, {"l": "Phosphate", "v": 0.8985885840522041}, {"l": "Nitrogen", "v": 6.7378338942791558}]}, {"source": 104, "prod": 29.021037188465961, "target": 10, "value": 0.34323833406299942, "supply": [{"l": "Potash", "v": 0.21244725202180964}, {"l": "Phosphate", "v": 0.8985885840522041}, {"l": "Nitrogen", "v": 6.7378338942791558}]}, {"source": 104, "prod": 0.11607007965329982, "target": 88, "value": 0.0013727869378352905, "supply": [{"l": "Potash", "v": 0.21244725202180964}, {"l": "Phosphate", "v": 0.8985885840522041}, {"l": "Nitrogen", "v": 6.7378338942791558}]}, {"source": 104, "prod": 1.1782871722380435, "target": 82, "value": 0.013935867399237039, "supply": [{"l": "Potash", "v": 0.21244725202180964}, {"l": "Phosphate", "v": 0.8985885840522041}, {"l": "Nitrogen", "v": 6.7378338942791558}]}, {"source": 104, "prod": 0.042207301692109025, "target": 89, "value": 0.00049919525012192374, "supply": [{"l": "Potash", "v": 0.21244725202180964}, {"l": "Phosphate", "v": 0.8985885840522041}, {"l": "Nitrogen", "v": 6.7378338942791558}]}, {"source": 104, "prod": 130.24821574670742, "target": 2, "value": 1.5404749422720798, "supply": [{"l": "Potash", "v": 0.21244725202180964}, {"l": "Phosphate", "v": 0.8985885840522041}, {"l": "Nitrogen", "v": 6.7378338942791558}]}, {"source": 104, "prod": 1.2204944739301526, "target": 86, "value": 0.014435062649358963, "supply": [{"l": "Potash", "v": 0.21244725202180964}, {"l": "Phosphate", "v": 0.8985885840522041}, {"l": "Nitrogen", "v": 6.7378338942791558}]}, {"source": 104, "prod": 0.080897328243208957, "target": 65, "value": 0.0009567908960670205, "supply": [{"l": "Potash", "v": 0.21244725202180964}, {"l": "Phosphate", "v": 0.8985885840522041}, {"l": "Nitrogen", "v": 6.7378338942791558}]}, {"source": 102, "prod": 0, "target": 104, "value": 9.4270064461626344, "supply": [{"l": "Natural gas (including LNG)", "v": 6.3964029674505092}, {"l": "Fuel oil", "v": 1.8395485871801847}, {"l": "Liquefied petroleum gas (LPG)", "v": 0.59552744576596994}, {"l": "Coal", "v": 0.59552744576596994}]}, {"source": 105, "prod": 0, "target": 13, "value": 3.2527159325028578, "supply": "[{\"l\":'Labor',\"v\":3.2527159325028578}]"}, {"source": 105, "prod": 0, "target": 20, "value": 0.046943293253067314, "supply": "[{\"l\":'Labor',\"v\":0.046943293253067314}]"}, {"source": 105, "prod": 0, "target": 55, "value": 0.007066732317666048, "supply": "[{\"l\":'Labor',\"v\":0.007066732317666048}]"}, {"source": 105, "prod": 0, "target": 40, "value": 0.28502487014586386, "supply": "[{\"l\":'Labor',\"v\":0.28502487014586386}]"}, {"source": 105, "prod": 0, "target": 41, "value": 0.046775037721694314, "supply": "[{\"l\":'Labor',\"v\":0.046775037721694314}]"}, {"source": 105, "prod": 0, "target": 44, "value": 1.1338740259226545, "supply": "[{\"l\":'Labor',\"v\":1.1338740259226545}]"}, {"source": 105, "prod": 0, "target": 46, "value": 0.034324128400092226, "supply": "[{\"l\":'Labor',\"v\":0.034324128400092226}]"}, {"source": 105, "prod": 0, "target": 60, "value": 0.035670172651076235, "supply": "[{\"l\":'Labor',\"v\":0.035670172651076235}]"}, {"source": 105, "prod": 0, "target": 17, "value": 0.37453681283630053, "supply": "[{\"l\":'Labor',\"v\":0.37453681283630053}]"}, {"source": 105, "prod": 0, "target": 16, "value": 0.80055981827273925, "supply": "[{\"l\":'Labor',\"v\":0.80055981827273925}]"}, {"source": 105, "prod": 0, "target": 15, "value": 0.70852404261170776, "supply": "[{\"l\":'Labor',\"v\":0.70852404261170776}]"}, {"source": 105, "prod": 0, "target": 35, "value": 0.19938280467700634, "supply": "[{\"l\":'Labor',\"v\":0.19938280467700634}]"}, {"source": 105, "prod": 0, "target": 37, "value": 0.64172659665662624, "supply": "[{\"l\":'Labor',\"v\":0.64172659665662624}]"}, {"source": 105, "prod": 0, "target": 50, "value": 0.13376314744153589, "supply": "[{\"l\":'Labor',\"v\":0.13376314744153589}]"}, {"source": 105, "prod": 0, "target": 14, "value": 0.11390899473952176, "supply": "[{\"l\":'Labor',\"v\":0.11390899473952176}]"}, {"source": 105, "prod": 0, "target": 21, "value": 0.0003365110627460023, "supply": "[{\"l\":'Labor',\"v\":0.0003365110627460023}]"}, {"source": 105, "prod": 0, "target": 4, "value": 0.011273120601991076, "supply": "[{\"l\":'Labor',\"v\":0.011273120601991076}]"}, {"source": 105, "prod": 0, "target": 58, "value": 0.041727371780504278, "supply": "[{\"l\":'Labor',\"v\":0.041727371780504278}]"}, {"source": 105, "prod": 0, "target": 64, "value": 0.453112145987492, "supply": "[{\"l\":'Labor',\"v\":0.453112145987492}]"}, {"source": 105, "prod": 0, "target": 89, "value": 0.0020190663764760135, "supply": "[{\"l\":'Labor',\"v\":0.0020190663764760135}]"}, {"source": 105, "prod": 0, "target": 86, "value": 0.058384669386431394, "supply": "[{\"l\":'Labor',\"v\":0.058384669386431394}]"}, {"source": 105, "prod": 0, "target": 0, "value": 4.1730736891131741, "supply": "[{\"l\":'Labor',\"v\":4.1730736891131741}]"}, {"source": 105, "prod": 0, "target": 7, "value": 0.65653308341745042, "supply": "[{\"l\":'Labor',\"v\":0.65653308341745042}]"}, {"source": 105, "prod": 0, "target": 80, "value": 0.0003365110627460023, "supply": "[{\"l\":'Labor',\"v\":0.0003365110627460023}]"}, {"source": 105, "prod": 0, "target": 11, "value": 0.30790762241259206, "supply": "[{\"l\":'Labor',\"v\":0.30790762241259206}]"}, {"source": 105, "prod": 0, "target": 32, "value": 0.091362753535539618, "supply": "[{\"l\":'Labor',\"v\":0.091362753535539618}]"}, {"source": 105, "prod": 0, "target": 33, "value": 0.043746438156980295, "supply": "[{\"l\":'Labor',\"v\":0.043746438156980295}]"}, {"source": 105, "prod": 0, "target": 34, "value": 0.34054919549895429, "supply": "[{\"l\":'Labor',\"v\":0.34054919549895429}]"}, {"source": 105, "prod": 0, "target": 61, "value": 0.0016825553137300112, "supply": "[{\"l\":'Labor',\"v\":0.0016825553137300112}]"}, {"source": 105, "prod": 0, "target": 45, "value": 0.048121081972678323, "supply": "[{\"l\":'Labor',\"v\":0.048121081972678323}]"}, {"source": 105, "prod": 0, "target": 49, "value": 0.0080762655059040539, "supply": "[{\"l\":'Labor',\"v\":0.0080762655059040539}]"}, {"source": 105, "prod": 0, "target": 5, "value": 0.14469975698078097, "supply": "[{\"l\":'Labor',\"v\":0.14469975698078097}]"}, {"source": 105, "prod": 0, "target": 18, "value": 7.088100770150418, "supply": "[{\"l\":'Labor',\"v\":7.088100770150418}]"}, {"source": 105, "prod": 0, "target": 71, "value": 0.094896119694372644, "supply": "[{\"l\":'Labor',\"v\":0.094896119694372644}]"}, {"source": 105, "prod": 0, "target": 76, "value": 0.086819854188468576, "supply": "[{\"l\":'Labor',\"v\":0.086819854188468576}]"}, {"source": 105, "prod": 0, "target": 62, "value": 0.011273120601991076, "supply": "[{\"l\":'Labor',\"v\":0.011273120601991076}]"}, {"source": 105, "prod": 0, "target": 77, "value": 0.55625278671914169, "supply": "[{\"l\":'Labor',\"v\":0.55625278671914169}]"}, {"source": 105, "prod": 0, "target": 22, "value": 0.088165898439452592, "supply": "[{\"l\":'Labor',\"v\":0.088165898439452592}]"}, {"source": 105, "prod": 0, "target": 74, "value": 0.011104865070618074, "supply": "[{\"l\":'Labor',\"v\":0.011104865070618074}]"}, {"source": 105, "prod": 0, "target": 100, "value": 0.0073272570114048885, "supply": "[{\"l\":'Labor',\"v\":0.0073272570114048885}]"}, {"source": 105, "prod": 0, "target": 57, "value": 0.0015142997823570101, "supply": "[{\"l\":'Labor',\"v\":0.0015142997823570101}]"}, {"source": 105, "prod": 0, "target": 6, "value": 0.79500738573743035, "supply": "[{\"l\":'Labor',\"v\":0.79500738573743035}]"}, {"source": 105, "prod": 0, "target": 65, "value": 0.0038698772215790258, "supply": "[{\"l\":'Labor',\"v\":0.0038698772215790258}]"}, {"source": 105, "prod": 0, "target": 67, "value": 0.0085810321000230564, "supply": "[{\"l\":'Labor',\"v\":0.0085810321000230564}]"}, {"source": 105, "prod": 0, "target": 72, "value": 0.64155834112525323, "supply": "[{\"l\":'Labor',\"v\":0.64155834112525323}]"}, {"source": 105, "prod": 0, "target": 75, "value": 0.0025238329705950168, "supply": "[{\"l\":'Labor',\"v\":0.0025238329705950168}]"}, {"source": 105, "prod": 0, "target": 8, "value": 0.47027421018753818, "supply": "[{\"l\":'Labor',\"v\":0.47027421018753818}]"}, {"source": 105, "prod": 0, "target": 10, "value": 1.3882763893586323, "supply": "[{\"l\":'Labor',\"v\":1.3882763893586323}]"}, {"source": 105, "prod": 0, "target": 88, "value": 0.0055524325353090371, "supply": "[{\"l\":'Labor',\"v\":0.0055524325353090371}]"}, {"source": 105, "prod": 0, "target": 82, "value": 0.056365603009955377, "supply": "[{\"l\":'Labor',\"v\":0.056365603009955377}]"}, {"source": 105, "prod": 0, "target": 2, "value": 6.2306705822736044, "supply": "[{\"l\":'Labor',\"v\":6.2306705822736044}]"}, {"source": 102, "prod": 0, "target": 95, "value": 7.298675849965762, "supply": "[{\"l\":'Fossil Fuels',\"v\":7.298675849965762}]"}, {"source": 103, "prod": 0, "target": 95, "value": 1.9145399746458565, "supply": "[{\"l\":'Renewables & Nuclear',\"v\":0.76206662546963855},{\"l\":'Biomass & Waste',\"v\":1.1524733491762178}]"}]}