{"nodes": [{"name": "Balance", "fill": "#9edae5"}, {"name": "Food", "fill": "#b5cf6b"}, {"name": "Stock Deposit", "fill": "#c7c7c7"}, {"name": "Export", "fill": "#aec7e8"}, {"name": "Biofuels & Other", "fill": "#e7ba52"}, {"name": "Renewables & Nuclear", "fill": "#2ca02c"}, {"name": "Fossil Fuels", "fill": "#c49c94"}, {"name": "Stock Draw", "fill": "#c7c7c7"}, {"name": "Labor", "fill": "#7f7f7f"}], "links": [{"source": 0, "target": 1, "value": 71.785804512002201}, {"source": 0, "target": 2, "value": 1.6282445789261981}, {"source": 0, "target": 3, "value": 9.2763031862961274}, {"source": 0, "target": 4, "value": 0.54518038419980808}, {"source": 5, "target": 0, "value": 0.30867812717958787}, {"source": 6, "target": 0, "value": 18.252810101346796}, {"source": 7, "target": 0, "value": 0.65499956158967887}, {"source": 8, "target": 0, "value": 17.641416019742231}]}