{"nodes": [{"layer": 13, "name": "Other Processed", "fill": "#9c9ede"}, {"layer": 10, "name": "Feed", "fill": "#dbdb8d"}, {"layer": 13, "name": "Animal Products", "fill": "#17becf"}, {"layer": 5, "name": "Cereals", "fill": "#e7ba52"}, {"layer": 5, "name": "Oilcrops", "fill": "#ff9896"}, {"layer": 5, "name": "Fruits, Roots & Vegetables", "fill": "#98df8a"}, {"layer": 5, "name": "Sugar Crops", "fill": "#ffbb78"}, {"layer": 13, "name": "Aquatic Products", "fill": "#1f77b4"}, {"layer": 16, "name": "Food", "fill": "#b5cf6b"}, {"layer": 13, "name": "Sugar", "fill": "#d6616b"}, {"layer": 13, "name": "Vegetable Oils", "fill": "#f7b6d2"}, {"layer": 10, "name": "Processing", "fill": "#9edae5"}, {"layer": 16, "name": "Biofuels & Other", "fill": "#e7ba52"}, {"name": "Seed", "fill": "#dbdb8d"}, {"name": "Waste", "fill": "#c7c7c7"}, {"layer": 0, "name": "Import", "fill": "#aec7e8"}, {"layer": 16, "name": "Export", "fill": "#aec7e8"}, {"layer": 0, "name": "Stock Draw", "fill": "#c7c7c7"}, {"layer": 16, "name": "Stock Deposit", "fill": "#c7c7c7"}, {"layer": 0, "name": "Production", "fill": "#b5cf6b"}], "links": [{"source": 0, "prod": 0.0090280302200065107, "target": 1, "value": 1.0, "supply": [{"l": "Fish, Body Oil", "v": 1.0}]}, {"source": 2, "prod": 0.044460889944799936, "target": 1, "value": 62.0, "supply": [{"l": "Milk - Excluding Butter", "v": 62.0}]}, {"source": 3, "prod": 4.0922970505379128, "target": 1, "value": 1094.0, "supply": [{"l": "Maize", "v": 760.0}, {"l": "Oats", "v": 2.0}, {"l": "Millet", "v": 87.0}, {"l": "Barley", "v": 1.0}, {"l": "Rice", "v": 160.0}, {"l": "Sorghum", "v": 84.0}]}, {"source": 4, "prod": 0.059724260347564936, "target": 1, "value": 14.0, "supply": [{"l": "Cottonseed", "v": 11.0}, {"l": "Oilcrops, Other", "v": 3.0}]}, {"source": 5, "prod": 4.175313880716109, "target": 1, "value": 3977.0, "supply": [{"l": "Potatoes", "v": 17.0}, {"l": "Roots, Other", "v": 26.0}, {"l": "Sweet potatoes", "v": 84.0}, {"l": "Plantains", "v": 2284.0}, {"l": "Pulses, Other", "v": 5.0}, {"l": "Cassava", "v": 1561.0}]}, {"source": 6, "prod": 0.0094333703523333326, "target": 1, "value": 28.0, "supply": [{"l": "Sugar cane", "v": 28.0}]}, {"source": 7, "prod": 0.092776412087656746, "target": 1, "value": 92.0, "supply": [{"l": "Pelagic Fish", "v": 45.0}, {"l": "Marine Fish, Other", "v": 1.0}, {"l": "Fish, Seafood", "v": 46.0}]}, {"source": 0, "prod": 3.8361361136994194, "target": 8, "value": 6093.0, "supply": [{"l": "Beer", "v": 767.0}, {"l": "Beverages, Alcoholic", "v": 77.0}, {"l": "Fats, Animals, Raw", "v": 75.0}, {"l": "Butter, Ghee", "v": 21.0}, {"l": "Wine", "v": 23.0}, {"l": "Beverages, Fermented", "v": 5130.0}]}, {"source": 2, "prod": 5.9466629463119967, "target": 8, "value": 5305.0, "supply": [{"l": "Mutton & Goat Meat", "v": 219.0}, {"l": "Pigmeat", "v": 72.0}, {"l": "Meat, Other", "v": 174.0}, {"l": "Poultry Meat", "v": 203.0}, {"l": "Milk - Excluding Butter", "v": 3523.0}, {"l": "Offals, Edible", "v": 219.0}, {"l": "Bovine Meat", "v": 741.0}, {"l": "Eggs", "v": 154.0}]}, {"source": 3, "prod": 50.380261885540001, "target": 8, "value": 13579.0, "supply": [{"l": "Maize", "v": 6849.0}, {"l": "Barley", "v": 500.0}, {"l": "Cereals, Other", "v": 1066.0}, {"l": "Rice", "v": 1430.0}, {"l": "Wheat", "v": 1599.0}, {"l": "Oats", "v": 18.0}, {"l": "Sorghum", "v": 1368.0}, {"l": "Millet", "v": 749.0}]}, {"source": 4, "prod": 3.1289895326625174, "target": 8, "value": 662.0, "supply": [{"l": "Sunflower seed", "v": 14.0}, {"l": "Coconuts - Incl Copra", "v": 172.0}, {"l": "Sesame seed", "v": 45.0}, {"l": "Groundnuts", "v": 317.0}, {"l": "Oilcrops, Other", "v": 89.0}, {"l": "Soyabeans", "v": 25.0}]}, {"source": 5, "prod": 29.097583506759424, "target": 8, "value": 25716.0, "supply": [{"l": "Roots, Other", "v": 794.0}, {"l": "Plantains", "v": 2533.0}, {"l": "Nuts", "v": 81.0}, {"l": "Yams", "v": 228.0}, {"l": "Cocoa Beans", "v": 1.0}, {"l": "Tomatoes", "v": 202.0}, {"l": "Coffee", "v": 112.0}, {"l": "Treenuts", "v": 81.0}, {"l": "Apples", "v": 9.0}, {"l": "Vegetables, Other", "v": 2421.0}, {"l": "Peas", "v": 105.0}, {"l": "Infant food", "v": 3.0}, {"l": "Grapes", "v": 7.0}, {"l": "Cloves", "v": 4.0}, {"l": "Dates", "v": 1.0}, {"l": "Potatoes", "v": 1102.0}, {"l": "Pimento", "v": 112.0}, {"l": "Pepper", "v": 1.0}, {"l": "Pineapples", "v": 153.0}, {"l": "Beans", "v": 606.0}, {"l": "Pulses, Other", "v": 898.0}, {"l": "Lemons, Limes", "v": 18.0}, {"l": "Bananas", "v": 1133.0}, {"l": "Citrus, Other", "v": 26.0}, {"l": "Spices, Other", "v": 4.0}, {"l": "Tea", "v": 16.0}, {"l": "Fruits, Other", "v": 1243.0}, {"l": "Sweet potatoes", "v": 2932.0}, {"l": "Grapefruit", "v": 18.0}, {"l": "Oranges, Mandarines", "v": 134.0}, {"l": "Onions", "v": 111.0}, {"l": "Cassava", "v": 10627.0}]}, {"source": 6, "prod": 0.099050388699500017, "target": 8, "value": 294.0, "supply": [{"l": "Sugar cane", "v": 294.0}]}, {"source": 9, "prod": 4.2260506652560768, "target": 8, "value": 1033.0, "supply": [{"l": "Sugar", "v": 961.0}, {"l": "Sugar non-centrifugal", "v": 9.0}, {"l": "Sweeteners, Other", "v": 17.0}, {"l": "Honey", "v": 46.0}]}, {"source": 7, "prod": 1.1258765431643274, "target": 8, "value": 1348.0, "supply": [{"l": "Freshwater Fish", "v": 540.0}, {"l": "Crustaceans", "v": 2.0}, {"l": "Marine Fish, Other", "v": 48.0}, {"l": "Demersal Fish", "v": 42.0}, {"l": "Fish, Seafood", "v": 674.0}, {"l": "Pelagic Fish", "v": 41.0}, {"l": "Cephalopods", "v": 1.0}]}, {"source": 10, "prod": 2.5842470789508738, "target": 8, "value": 254.0, "supply": [{"l": "Maize Germ Oil", "v": 20.0}, {"l": "Groundnut Oil", "v": 48.0}, {"l": "Soyabean Oil", "v": 15.0}, {"l": "Palm Oil", "v": 16.0}, {"l": "Sunflowerseed Oil", "v": 13.0}, {"l": "Coconut Oil", "v": 35.0}, {"l": "Rape and Mustard Oil", "v": 14.0}, {"l": "Oilcrops Oil, Other", "v": 40.0}, {"l": "Sesameseed Oil", "v": 6.0}, {"l": "Cottonseed Oil", "v": 42.0}, {"l": "Palmkernel Oil", "v": 5.0}]}, {"source": 2, "prod": 0.010161144714926634, "target": 11, "value": 12.0, "supply": [{"l": "Milk - Excluding Butter", "v": 11.0}, {"l": "Bovine Meat", "v": 1.0}]}, {"source": 3, "prod": 3.2697236958681342, "target": 11, "value": 921.0, "supply": [{"l": "Maize", "v": 85.0}, {"l": "Oats", "v": 1.0}, {"l": "Barley", "v": 178.0}, {"l": "Sorghum", "v": 424.0}, {"l": "Millet", "v": 233.0}]}, {"source": 4, "prod": 4.1922733743318155, "target": 11, "value": 1161.4285714285713, "supply": [{"l": "Soyabeans", "v": 8.0}, {"l": "Oilcrops, Other", "v": 167.0}, {"l": "Sunflower seed", "v": 45.0}, {"l": "Coconuts - Incl Copra", "v": 413.0}, {"l": "Sesame seed", "v": 11.0}, {"l": "Cottonseed", "v": 329.0}, {"l": "Rape and Mustardseed", "v": 20.0}, {"l": "Groundnuts", "v": 141.0}, {"l": "Palm kernels", "v": 6.0}, {"l": "Oil Palm", "v": 21.42857142857142}]}, {"source": 5, "prod": 2.6556571202221191, "target": 11, "value": 2571.0, "supply": [{"l": "Plantains", "v": 2551.0}, {"l": "Bananas", "v": 9.0}, {"l": "Grapes", "v": 11.0}]}, {"source": 6, "prod": 5.4770822077815353, "target": 11, "value": 16257.0, "supply": [{"l": "Sugar cane", "v": 16257.0}]}, {"source": 9, "prod": 0.13677814597633797, "target": 11, "value": 26.0, "supply": [{"l": "Sugar", "v": 1.0}, {"l": "Sugar non-centrifugal", "v": 25.0}]}, {"source": 0, "prod": 0.26241352134702073, "target": 12, "value": 32.0, "supply": [{"l": "Fats, Animals, Raw", "v": 30.0}, {"l": "Alcohol, Non-Food", "v": 1.0}, {"l": "Beverages, Alcoholic", "v": 1.0}]}, {"source": 3, "prod": 0.026420659915717154, "target": 12, "value": 7.0, "supply": [{"l": "Wheat", "v": 4.0}, {"l": "Rice", "v": 3.0}]}, {"source": 4, "prod": 0.025569859155397036, "target": 12, "value": 9.0, "supply": [{"l": "Coconuts - Incl Copra", "v": 5.0}, {"l": "Cottonseed", "v": 4.0}]}, {"source": 5, "prod": 0.63517510499310093, "target": 12, "value": 481.0, "supply": [{"l": "Cassava", "v": 110.0}, {"l": "Potatoes", "v": 1.0}, {"l": "Fruits, Other", "v": 10.0}, {"l": "Sweet potatoes", "v": 320.0}, {"l": "Beans", "v": 40.0}]}, {"source": 6, "prod": 0.061316907290166665, "target": 12, "value": 182.0, "supply": [{"l": "Sugar cane", "v": 182.0}]}, {"source": 9, "prod": 0.082427507933009708, "target": 12, "value": 20.0, "supply": [{"l": "Sugar", "v": 20.0}]}, {"source": 7, "prod": 0.0018605351419236158, "target": 12, "value": 2.0, "supply": [{"l": "Aquatic Products, Other", "v": 1.0}, {"l": "Aquatic Plants", "v": 1.0}]}, {"source": 10, "prod": 0.49478501196643043, "target": 12, "value": 51.0, "supply": [{"l": "Groundnut Oil", "v": 1.0}, {"l": "Palm Oil", "v": 21.0}, {"l": "Cottonseed Oil", "v": 6.0}, {"l": "Oilcrops Oil, Other", "v": 23.0}]}, {"source": 5, "prod": 0.97818882381090566, "target": 13, "value": 503.0, "supply": [{"l": "Potatoes", "v": 224.0}, {"l": "Yams", "v": 28.0}, {"l": "Beans", "v": 61.0}, {"l": "Peas", "v": 9.0}, {"l": "Sweet potatoes", "v": 79.0}, {"l": "Pulses, Other", "v": 102.0}]}, {"source": 6, "prod": 0.029647735393047617, "target": 13, "value": 88.0, "supply": [{"l": "Sugar cane", "v": 88.0}]}, {"source": 2, "prod": 0.020581898950545456, "target": 2, "value": 16.0, "supply": [{"l": "Eggs", "v": 16.0}]}, {"source": 3, "prod": 1.9546909764814966, "target": 13, "value": 525.0, "supply": [{"l": "Maize", "v": 221.0}, {"l": "Oats", "v": 2.0}, {"l": "Barley", "v": 44.0}, {"l": "Rice", "v": 81.0}, {"l": "Sorghum", "v": 52.0}, {"l": "Cereals, Other", "v": 36.0}, {"l": "Wheat", "v": 57.0}, {"l": "Millet", "v": 32.0}]}, {"source": 4, "prod": 0.69293720200494735, "target": 13, "value": 126.0, "supply": [{"l": "Soyabeans", "v": 2.0}, {"l": "Sunflower seed", "v": 2.0}, {"l": "Sesame seed", "v": 2.0}, {"l": "Cottonseed", "v": 31.0}, {"l": "Rape and Mustardseed", "v": 1.0}, {"l": "Groundnuts", "v": 76.0}, {"l": "Oilcrops, Other", "v": 12.0}]}, {"source": 0, "prod": 0.14024198574186, "target": 14, "value": 309.0, "supply": [{"l": "Beverages, Fermented", "v": 309.0}]}, {"source": 2, "prod": 0.14164798276588955, "target": 14, "value": 188.0, "supply": [{"l": "Eggs", "v": 12.0}, {"l": "Milk - Excluding Butter", "v": 176.0}]}, {"source": 3, "prod": 5.3425706095813004, "target": 14, "value": 1444.0, "supply": [{"l": "Maize", "v": 683.0}, {"l": "Barley", "v": 33.0}, {"l": "Rice", "v": 201.0}, {"l": "Cereals, Other", "v": 58.0}, {"l": "Wheat", "v": 60.0}, {"l": "Oats", "v": 1.0}, {"l": "Sorghum", "v": 166.0}, {"l": "Millet", "v": 242.0}]}, {"source": 4, "prod": 0.37451515490894111, "target": 14, "value": 88.0, "supply": [{"l": "Sunflower seed", "v": 2.0}, {"l": "Coconuts - Incl Copra", "v": 34.0}, {"l": "Sesame seed", "v": 5.0}, {"l": "Cottonseed", "v": 1.0}, {"l": "Groundnuts", "v": 37.0}, {"l": "Oilcrops, Other", "v": 7.0}, {"l": "Soyabeans", "v": 2.0}]}, {"source": 5, "prod": 8.2877584364158814, "target": 14, "value": 7761.0, "supply": [{"l": "Roots, Other", "v": 96.0}, {"l": "Plantains", "v": 3933.0}, {"l": "Nuts", "v": 6.0}, {"l": "Yams", "v": 28.0}, {"l": "Citrus, Other", "v": 3.0}, {"l": "Grapefruit", "v": 3.0}, {"l": "Tomatoes", "v": 22.0}, {"l": "Coffee", "v": 18.0}, {"l": "Treenuts", "v": 6.0}, {"l": "Vegetables, Other", "v": 313.0}, {"l": "Peas", "v": 7.0}, {"l": "Cloves", "v": 1.0}, {"l": "Potatoes", "v": 147.0}, {"l": "Pimento", "v": 6.0}, {"l": "Beans", "v": 82.0}, {"l": "Apples", "v": 1.0}, {"l": "Lemons, Limes", "v": 2.0}, {"l": "Pineapples", "v": 20.0}, {"l": "Bananas", "v": 168.0}, {"l": "Fruits, Other", "v": 146.0}, {"l": "Sweet potatoes", "v": 425.0}, {"l": "Oranges, Mandarines", "v": 17.0}, {"l": "Pulses, Other", "v": 102.0}, {"l": "Onions", "v": 11.0}, {"l": "Cassava", "v": 2198.0}]}, {"source": 6, "prod": 0.058621658618071427, "target": 14, "value": 174.0, "supply": [{"l": "Sugar cane", "v": 174.0}]}, {"source": 15, "prod": 1.517774231297748, "target": 11, "value": 203.0, "supply": [{"l": "Sugar", "v": 26.0}, {"l": "Beer", "v": 5.0}, {"l": "Groundnut Oil", "v": 2.0}, {"l": "Beverages, Alcoholic", "v": 4.0}, {"l": "Fats, Animals, Raw", "v": 67.0}, {"l": "Soyabean Oil", "v": 12.0}, {"l": "Butter, Ghee", "v": 5.0}, {"l": "Palm Oil", "v": 35.0}, {"l": "Coconut Oil", "v": 2.0}, {"l": "Rape and Mustard Oil", "v": 7.0}, {"l": "Oilcrops Oil, Other", "v": 14.0}, {"l": "Wine", "v": 15.0}, {"l": "Sweeteners, Other", "v": 4.0}, {"l": "Fish, Body Oil", "v": 1.0}, {"l": "Cottonseed Oil", "v": 2.0}, {"l": "Palmkernel Oil", "v": 2.0}]}, {"source": 15, "prod": 5.1846913881054384, "target": 3, "value": 1437.0, "supply": [{"l": "Maize", "v": 337.0}, {"l": "Barley", "v": 91.0}, {"l": "Rice", "v": 214.0}, {"l": "Cereals, Other", "v": 9.0}, {"l": "Wheat", "v": 751.0}, {"l": "Oats", "v": 6.0}, {"l": "Sorghum", "v": 13.0}, {"l": "Millet", "v": 16.0}]}, {"source": 15, "prod": 0.1877674946821363, "target": 4, "value": 49.0, "supply": [{"l": "Coconuts - Incl Copra", "v": 18.0}, {"l": "Cottonseed", "v": 1.0}, {"l": "Groundnuts", "v": 11.0}, {"l": "Oilcrops, Other", "v": 18.0}, {"l": "Soyabeans", "v": 1.0}]}, {"source": 15, "prod": 0.12534546654134593, "target": 5, "value": 96.0, "supply": [{"l": "Vegetables, Other", "v": 8.0}, {"l": "Infant food", "v": 3.0}, {"l": "Fruits, Other", "v": 19.0}, {"l": "Citrus, Other", "v": 1.0}, {"l": "Tomatoes", "v": 1.0}, {"l": "Coffee", "v": 11.0}, {"l": "Cocoa Beans", "v": 1.0}, {"l": "Grapes", "v": 1.0}, {"l": "Potatoes", "v": 13.0}, {"l": "Beans", "v": 1.0}, {"l": "Apples", "v": 2.0}, {"l": "Bananas", "v": 2.0}, {"l": "Spices, Other", "v": 2.0}, {"l": "Tea", "v": 7.0}, {"l": "Grapefruit", "v": 1.0}, {"l": "Oranges, Mandarines", "v": 4.0}, {"l": "Onions", "v": 3.0}, {"l": "Pulses, Other", "v": 16.0}]}, {"source": 15, "prod": 0.4008329324259684, "target": 1, "value": 468.0, "supply": [{"l": "Meat, Other", "v": 1.0}, {"l": "Marine Fish, Other", "v": 16.0}, {"l": "Mutton & Goat Meat", "v": 2.0}, {"l": "Freshwater Fish", "v": 1.0}, {"l": "Pigmeat", "v": 1.0}, {"l": "Milk - Excluding Butter", "v": 278.0}, {"l": "Fish, Seafood", "v": 89.0}, {"l": "Pelagic Fish", "v": 68.0}, {"l": "Offals, Edible", "v": 1.0}, {"l": "Demersal Fish", "v": 4.0}, {"l": "Bovine Meat", "v": 7.0}]}, {"source": 0, "prod": 0.022305776162250358, "target": 16, "value": 5.0, "supply": [{"l": "Beer", "v": 2.0}, {"l": "Beverages, Alcoholic", "v": 1.0}, {"l": "Butter, Ghee", "v": 1.0}, {"l": "Fats, Animals, Raw", "v": 1.0}]}, {"source": 2, "prod": 0.19821523478987052, "target": 16, "value": 121.0, "supply": [{"l": "Eggs", "v": 1.0}, {"l": "Pigmeat", "v": 2.0}, {"l": "Milk - Excluding Butter", "v": 50.0}, {"l": "Offals, Edible", "v": 2.0}, {"l": "Bovine Meat", "v": 66.0}]}, {"source": 3, "prod": 3.816275770259193, "target": 16, "value": 1034.0, "supply": [{"l": "Maize", "v": 1010.0}, {"l": "Barley", "v": 1.0}, {"l": "Rice", "v": 10.0}, {"l": "Wheat", "v": 11.0}, {"l": "Sorghum", "v": 1.0}, {"l": "Millet", "v": 1.0}]}, {"source": 4, "prod": 1.2715828438057428, "target": 16, "value": 358.0, "supply": [{"l": "Sunflower seed", "v": 9.0}, {"l": "Coconuts - Incl Copra", "v": 187.0}, {"l": "Sesame seed", "v": 65.0}, {"l": "Soyabeans", "v": 19.0}, {"l": "Oilcrops, Other", "v": 12.0}, {"l": "Cottonseed", "v": 31.0}, {"l": "Groundnuts", "v": 35.0}]}, {"source": 5, "prod": 2.6990321938574717, "target": 16, "value": 1537.0, "supply": [{"l": "Nuts", "v": 286.0}, {"l": "Tomatoes", "v": 1.0}, {"l": "Pepper", "v": 4.0}, {"l": "Treenuts", "v": 286.0}, {"l": "Vegetables, Other", "v": 20.0}, {"l": "Peas", "v": 1.0}, {"l": "Pimento", "v": 1.0}, {"l": "Cloves", "v": 30.0}, {"l": "Cocoa Beans", "v": 2.0}, {"l": "Potatoes", "v": 5.0}, {"l": "Coffee", "v": 471.0}, {"l": "Beans", "v": 79.0}, {"l": "Pulses, Other", "v": 98.0}, {"l": "Pineapples", "v": 31.0}, {"l": "Bananas", "v": 21.0}, {"l": "Spices, Other", "v": 4.0}, {"l": "Tea", "v": 130.0}, {"l": "Fruits, Other", "v": 2.0}, {"l": "Grapefruit", "v": 11.0}, {"l": "Oranges, Mandarines", "v": 21.0}, {"l": "Onions", "v": 1.0}, {"l": "Cassava", "v": 32.0}]}, {"source": 6, "prod": 0.0016845304200595237, "target": 16, "value": 5.0, "supply": [{"l": "Sugar cane", "v": 5.0}]}, {"source": 9, "prod": 3.3271348405234784, "target": 16, "value": 807.0, "supply": [{"l": "Sugar", "v": 806.0}, {"l": "Sugar non-centrifugal", "v": 1.0}]}, {"source": 7, "prod": 0.050919324793283413, "target": 16, "value": 58.0, "supply": [{"l": "Freshwater Fish", "v": 11.0}, {"l": "Crustaceans", "v": 8.0}, {"l": "Marine Fish, Other", "v": 1.0}, {"l": "Pelagic Fish", "v": 9.0}, {"l": "Fish, Seafood", "v": 29.0}]}, {"source": 10, "prod": 0.24363416855289863, "target": 16, "value": 24.0, "supply": [{"l": "Groundnut Oil", "v": 5.0}, {"l": "Sunflowerseed Oil", "v": 1.0}, {"l": "Coconut Oil", "v": 9.0}, {"l": "Oilcrops Oil, Other", "v": 7.0}, {"l": "Cottonseed Oil", "v": 2.0}]}, {"source": 17, "prod": 0.14541583061936533, "target": 5, "value": 57.0, "supply": [{"l": "Cloves", "v": 16.0}, {"l": "Nuts", "v": 4.0}, {"l": "Treenuts", "v": 4.0}, {"l": "Grapefruit", "v": 1.0}, {"l": "Cassava", "v": 20.0}, {"l": "Pulses, Other", "v": 12.0}]}, {"source": 10, "prod": 0.09884461980428641, "target": 18, "value": 10.0, "supply": [{"l": "Coconut Oil", "v": 1.0}, {"l": "Cottonseed Oil", "v": 1.0}, {"l": "Groundnut Oil", "v": 3.0}, {"l": "Oilcrops Oil, Other", "v": 2.0}, {"l": "Palm Oil", "v": 3.0}]}, {"source": 0, "prod": 0.017245380175359374, "target": 18, "value": 2.0, "supply": [{"l": "Fats, Animals, Raw", "v": 2.0}]}, {"source": 3, "prod": 1.8144537174736051, "target": 18, "value": 508.0, "supply": [{"l": "Maize", "v": 241.0}, {"l": "Barley", "v": 14.0}, {"l": "Sorghum", "v": 81.0}, {"l": "Wheat", "v": 90.0}, {"l": "Millet", "v": 82.0}]}, {"source": 17, "prod": 0.01851429299233797, "target": 1, "value": 25.0, "supply": [{"l": "Milk - Excluding Butter", "v": 23.0}, {"l": "Fish, Seafood", "v": 1.0}, {"l": "Pelagic Fish", "v": 1.0}]}, {"source": 5, "prod": 0.33027451262780427, "target": 18, "value": 101.0, "supply": [{"l": "Beans", "v": 80.0}, {"l": "Coffee", "v": 16.0}, {"l": "Spices, Other", "v": 1.0}, {"l": "Tea", "v": 4.0}]}, {"source": 17, "prod": 0.068922779696014777, "target": 4, "value": 11.0, "supply": [{"l": "Groundnuts", "v": 11.0}]}, {"source": 4, "prod": 0.19520644785907953, "target": 18, "value": 45.0, "supply": [{"l": "Cottonseed", "v": 13.0}, {"l": "Sunflower seed", "v": 1.0}, {"l": "Oilcrops, Other", "v": 31.0}]}, {"source": 17, "prod": 0.020408733935336543, "target": 11, "value": 2.0, "supply": [{"l": "Rape and Mustard Oil", "v": 1.0}, {"l": "Soyabean Oil", "v": 1.0}]}, {"source": 9, "prod": 0.28437490236888352, "target": 18, "value": 69.0, "supply": [{"l": "Sugar", "v": 69.0}]}, {"source": 17, "prod": 1.3168063285678131, "target": 3, "value": 328.0, "supply": [{"l": "Cereals, Other", "v": 303.0}, {"l": "Rice", "v": 25.0}]}, {"source": 19, "prod": 64.202744591038154, "target": 3, "value": 17349.0, "supply": [{"l": "Maize", "v": 9512.0}, {"l": "Barley", "v": 681.0}, {"l": "Cereals, Other", "v": 848.0}, {"l": "Sorghum", "v": 2165.0}, {"l": "Rice", "v": 1646.0}, {"l": "Wheat", "v": 1070.0}, {"l": "Oats", "v": 18.0}, {"l": "Millet", "v": 1409.0}]}, {"source": 19, "prod": 9.666913395607784, "target": 4, "value": 2400.4285714285716, "supply": [{"l": "Sunflower seed", "v": 73.0}, {"l": "Coconuts - Incl Copra", "v": 793.0}, {"l": "Sesame seed", "v": 127.0}, {"l": "Cottonseed", "v": 418.0}, {"l": "Groundnuts", "v": 583.0}, {"l": "Rape and Mustardseed", "v": 21.0}, {"l": "Oilcrops, Other", "v": 303.0}, {"l": "Soyabeans", "v": 55.0}, {"l": "Palm kernels", "v": 6.0}, {"l": "Oil Palm", "v": 21.42857142857142}]}, {"source": 19, "prod": 48.591870039998184, "target": 5, "value": 42496.0, "supply": [{"l": "Roots, Other", "v": 916.0}, {"l": "Plantains", "v": 11302.0}, {"l": "Nuts", "v": 370.0}, {"l": "Tomatoes", "v": 223.0}, {"l": "Pepper", "v": 5.0}, {"l": "Treenuts", "v": 370.0}, {"l": "Vegetables, Other", "v": 2746.0}, {"l": "Peas", "v": 121.0}, {"l": "Grapes", "v": 17.0}, {"l": "Pimento", "v": 119.0}, {"l": "Pulses, Other", "v": 1176.0}, {"l": "Pineapples", "v": 205.0}, {"l": "Citrus, Other", "v": 28.0}, {"l": "Tea", "v": 143.0}, {"l": "Grapefruit", "v": 30.0}, {"l": "Fruits, Other", "v": 1382.0}, {"l": "Yams", "v": 284.0}, {"l": "Coffee", "v": 605.0}, {"l": "Cloves", "v": 18.0}, {"l": "Dates", "v": 1.0}, {"l": "Cocoa Beans", "v": 2.0}, {"l": "Potatoes", "v": 1482.0}, {"l": "Beans", "v": 948.0}, {"l": "Apples", "v": 7.0}, {"l": "Lemons, Limes", "v": 21.0}, {"l": "Bananas", "v": 1330.0}, {"l": "Spices, Other", "v": 8.0}, {"l": "Sweet potatoes", "v": 3840.0}, {"l": "Oranges, Mandarines", "v": 168.0}, {"l": "Onions", "v": 120.0}, {"l": "Cassava", "v": 14509.0}]}, {"source": 19, "prod": 5.7361629863866908, "target": 6, "value": 17026.0, "supply": [{"l": "Sugar cane", "v": 17026.0}]}, {"source": 1, "prod": 1.2714328151871912, "target": 7, "value": 1500.0, "supply": [{"l": "Pelagic Fish", "v": 95.0}, {"l": "Crustaceans", "v": 10.0}, {"l": "Freshwater Fish", "v": 551.0}, {"l": "Aquatic Plants", "v": 1.0}, {"l": "Demersal Fish", "v": 42.0}, {"l": "Aquatic Products, Other", "v": 1.0}, {"l": "Fish, Seafood", "v": 749.0}, {"l": "Marine Fish, Other", "v": 50.0}, {"l": "Cephalopods", "v": 1.0}]}, {"source": 1, "prod": 6.3411481985274829, "target": 2, "value": 5688.0, "supply": [{"l": "Poultry Meat", "v": 203.0}, {"l": "Pigmeat", "v": 74.0}, {"l": "Bovine Meat", "v": 808.0}, {"l": "Eggs", "v": 183.0}, {"l": "Milk - Excluding Butter", "v": 3822.0}, {"l": "Offals, Edible", "v": 221.0}, {"l": "Meat, Other", "v": 174.0}, {"l": "Mutton & Goat Meat", "v": 219.0}]}, {"source": 11, "prod": 4.2873708073459165, "target": 0, "value": 6442.0, "supply": [{"l": "Fats, Animals, Raw", "v": 108.0}, {"l": "Alcohol, Non-Food", "v": 1.0}, {"l": "Beverages, Fermented", "v": 5439.0}, {"l": "Fish, Body Oil", "v": 1.0}, {"l": "Beer", "v": 769.0}, {"l": "Beverages, Alcoholic", "v": 79.0}, {"l": "Butter, Ghee", "v": 22.0}, {"l": "Wine", "v": 23.0}]}, {"source": 11, "prod": 3.4215108792744888, "target": 10, "value": 339.0, "supply": [{"l": "Sesameseed Oil", "v": 6.0}, {"l": "Soyabean Oil", "v": 15.0}, {"l": "Coconut Oil", "v": 45.0}, {"l": "Cottonseed Oil", "v": 51.0}, {"l": "Rape and Mustard Oil", "v": 14.0}, {"l": "Maize Germ Oil", "v": 20.0}, {"l": "Groundnut Oil", "v": 57.0}, {"l": "Palm Oil", "v": 40.0}, {"l": "Palmkernel Oil", "v": 5.0}, {"l": "Oilcrops Oil, Other", "v": 72.0}, {"l": "Sunflowerseed Oil", "v": 14.0}]}, {"source": 11, "prod": 8.0567660620577861, "target": 9, "value": 1955.0, "supply": [{"l": "Honey", "v": 46.0}, {"l": "Sweeteners, Other", "v": 17.0}, {"l": "Sugar non-centrifugal", "v": 35.0}, {"l": "Sugar", "v": 1857.0}]}]}