{"nodes": [{"layer": 13, "name": "Animal Products", "fill": "#17becf"}, {"layer": 10, "name": "Feed", "fill": "#dbdb8d"}, {"layer": 5, "name": "Cereals", "fill": "#e7ba52"}, {"layer": 5, "name": "Oilcrops", "fill": "#ff9896"}, {"layer": 5, "name": "Sugar Crops", "fill": "#ffbb78"}, {"layer": 5, "name": "Starchy Roots"}, {"layer": 5, "name": "Fruits & Vegetables"}, {"layer": 13, "name": "Aquatic Products", "fill": "#1f77b4"}, {"layer": 13, "name": "Other Processed", "fill": "#9c9ede"}, {"layer": 16, "name": "Food", "fill": "#b5cf6b"}, {"layer": 13, "name": "Sugar", "fill": "#d6616b"}, {"layer": 5, "name": "Others"}, {"layer": 13, "name": "Vegetable Oils", "fill": "#f7b6d2"}, {"layer": 10, "name": "Processing", "fill": "#9edae5"}, {"layer": 16, "name": "Biofuels & Other", "fill": "#e7ba52"}, {"name": "Waste", "fill": "#c7c7c7"}, {"layer": 2, "name": "Import", "fill": "#aec7e8"}, {"layer": 16, "name": "Export", "fill": "#aec7e8"}, {"layer": 0, "name": "Stock Draw", "fill": "#c7c7c7"}, {"layer": 16, "name": "Stock Deposit", "fill": "#c7c7c7"}, {"layer": 2, "name": "Electricity", "fill": "#bcbd22"}, {"layer": 0, "name": "Fossil Fuels", "fill": "#c49c94"}, {"layer": 0, "name": "Renewables & Nuclear", "fill": "#2ca02c"}, {"layer": 2, "name": "Fertilizers", "fill": "#c5b0d5"}, {"layer": 0, "name": "Labor", "fill": "#7f7f7f"}], "links": [{"source": 0, "prod": 129.0, "target": 1, "value": 0.092453155018030544, "supply": [{"l": "Milk - Excluding Butter", "v": 0.092453155018030544}]}, {"source": 2, "prod": 728.0, "target": 1, "value": 2.7277919252697442, "supply": [{"l": "Maize", "v": 1.6664060431330272}, {"l": "Millet", "v": 0.23288170896121443}, {"l": "Rice", "v": 0.60079743965270505}, {"l": "Sorghum", "v": 0.22770673352279741}]}, {"source": 3, "prod": 10.0, "target": 1, "value": 0.051454747376363644, "supply": [{"l": "Cottonseed", "v": 0.051454747376363644}]}, {"source": 4, "prod": 21.0, "target": 1, "value": 0.0085716682528413461, "supply": [{"l": "Sugar cane", "v": 0.0085716682528413461}]}, {"source": 5, "prod": 789.0, "target": 1, "value": 0.85991483904772448, "supply": [{"l": "Cassava", "v": 0.69179108443996173}, {"l": "Potatoes", "v": 0.0056446625853175036}, {"l": "Roots, Other", "v": 0.045540408597471264}, {"l": "Sweet potatoes", "v": 0.11693868342497409}]}, {"source": 6, "prod": 890.0, "target": 1, "value": 0.94009265124559283, "supply": [{"l": "Pulses, Other", "v": 0.015950359858523187}, {"l": "Plantains", "v": 0.9241422913870696}]}, {"source": 7, "prod": 94.0, "target": 1, "value": 0.11527534536586648, "supply": [{"l": "Pelagic Fish", "v": 0.074712293190479992}, {"l": "Marine Fish, Other", "v": 0.0016120316424873421}, {"l": "Fish, Seafood", "v": 0.038951020532899137}]}, {"source": 8, "prod": 4331.0, "target": 9, "value": 2.7409780575474367, "supply": [{"l": "Beer", "v": 0.26627831767268184}, {"l": "Beverages, Alcoholic", "v": 0.18990863998776317}, {"l": "Fats, Animals, Raw", "v": 0.42117224102476469}, {"l": "Butter, Ghee", "v": 0.18776035220509621}, {"l": "Wine", "v": 0.038096303345961535}, {"l": "Beverages, Fermented", "v": 1.6377622033111692}]}, {"source": 0, "prod": 4298.0, "target": 9, "value": 4.9520916230881156, "supply": [{"l": "Mutton & Goat Meat", "v": 0.41915361337178736}, {"l": "Pigmeat", "v": 0.19029385021086209}, {"l": "Meat, Other", "v": 0.19005466739259802}, {"l": "Poultry Meat", "v": 0.19161533528177085}, {"l": "Milk - Excluding Butter", "v": 1.9802175760838634}, {"l": "Offals, Edible", "v": 0.26677571356398666}, {"l": "Bovine Meat", "v": 1.5615956537994011}, {"l": "Eggs", "v": 0.1523852133838462}]}, {"source": 2, "prod": 10697.0, "target": 9, "value": 39.587749345107227, "supply": [{"l": "Maize", "v": 17.217087491798598}, {"l": "Barley", "v": 2.2096742612244396}, {"l": "Cereals, Other", "v": 4.6863610330271364}, {"l": "Rice", "v": 4.227039128985103}, {"l": "Wheat", "v": 4.0385664695037482}, {"l": "Oats", "v": 0.012896253139898737}, {"l": "Sorghum", "v": 4.5688254274574192}, {"l": "Millet", "v": 2.6272992799708841}]}, {"source": 3, "prod": 532.0, "target": 9, "value": 2.4496530430999099, "supply": [{"l": "Sunflower seed", "v": 0.0169800666342}, {"l": "Coconuts - Incl Copra", "v": 0.26743604948865002}, {"l": "Sesame seed", "v": 0.26619791962990624}, {"l": "Groundnuts", "v": 1.5572508478996583}, {"l": "Oilcrops, Other", "v": 0.30358300952054551}, {"l": "Soyabeans", "v": 0.038205149926950004}]}, {"source": 4, "prod": 187.0, "target": 9, "value": 0.076328664918158651, "supply": [{"l": "Sugar cane", "v": 0.076328664918158651}]}, {"source": 10, "prod": 736.0, "target": 9, "value": 2.9485380777625689, "supply": [{"l": "Sugar", "v": 2.7370250265127147}, {"l": "Sugar non-centrifugal", "v": 0.020150395531091773}, {"l": "Sweeteners, Other", "v": 0.037733481409333337}, {"l": "Honey", "v": 0.1536291743094286}]}, {"source": 5, "prod": 10122.0, "target": 9, "value": 10.968486891878461, "supply": [{"l": "Roots, Other", "v": 0.76117540084344837}, {"l": "Yams", "v": 0.22807316774573183}, {"l": "Potatoes", "v": 0.53301742412783859}, {"l": "Sweet potatoes", "v": 1.6382552696965416}, {"l": "Cassava", "v": 7.8079656294649009}]}, {"source": 6, "prod": 7511.0, "target": 9, "value": 9.2814908295696892, "supply": [{"l": "Plantains", "v": 2.0183017311895934}, {"l": "Tomatoes", "v": 0.038205149926950004}, {"l": "Treenuts", "v": 0.11293346204821698}, {"l": "Apples", "v": 0.011509582169773973}, {"l": "Vegetables, Other", "v": 0.49493923508803045}, {"l": "Peas", "v": 0.60973875640990916}, {"l": "Grapes", "v": 0.0025576849266164387}, {"l": "Dates", "v": 0.0019182636949623289}, {"l": "Pineapples", "v": 0.038379602666342466}, {"l": "Beans", "v": 1.7519252217846475}, {"l": "Pulses, Other", "v": 3.0106304232962513}, {"l": "Lemons, Limes", "v": 0.006394212316541097}, {"l": "Bananas", "v": 0.60946933216800003}, {"l": "Citrus, Other", "v": 0.017433333299999999}, {"l": "Fruits, Other", "v": 0.49519814100499621}, {"l": "Grapefruit", "v": 0.006394212316541097}, {"l": "Oranges, Mandarines", "v": 0.017453812986696036}, {"l": "Onions", "v": 0.038108672275619322}]}, {"source": 11, "prod": 258.0, "target": 9, "value": 0.5491293809288712, "supply": [{"l": "Nuts", "v": 0.11293346204821698}, {"l": "Cocoa Beans", "v": 0.0043538632395384615}, {"l": "Coffee", "v": 0.037960245119725962}, {"l": "Infant food", "v": 0.0011622222200000001}, {"l": "Cloves", "v": 0.010612541646375}, {"l": "Pimento", "v": 0.34313884656612503}, {"l": "Pepper", "v": 0.0035375138821250002}, {"l": "Spices, Other", "v": 0.024970686226764714}, {"l": "Tea", "v": 0.010459999980000001}]}, {"source": 7, "prod": 828.0, "target": 9, "value": 0.67143565142016159, "supply": [{"l": "Freshwater Fish", "v": 0.22883905187014153}, {"l": "Crustaceans", "v": 0.0024862353531637745}, {"l": "Aquatic Products, Other", "v": 0.00080622025041909059}, {"l": "Marine Fish, Other", "v": 0.038151415538867098}, {"l": "Demersal Fish", "v": 0.019061137707588938}, {"l": "Fish, Seafood", "v": 0.34310047873660088}, {"l": "Pelagic Fish", "v": 0.037356146595239996}, {"l": "Cephalopods", "v": 0.00082874511772125818}, {"l": "Aquatic Animals, Others", "v": 0.00080622025041909059}]}, {"source": 12, "prod": 156.0, "target": 9, "value": 1.6472229290707552, "supply": [{"l": "Maize Germ Oil", "v": 0.074287791524625002}, {"l": "Groundnut Oil", "v": 0.38308686918621954}, {"l": "Soyabean Oil", "v": 0.074287791524625002}, {"l": "Palm Oil", "v": 0.0339601332684}, {"l": "Sunflowerseed Oil", "v": 0.031837624939125002}, {"l": "Olive Oil", "v": 0.0424501665855}, {"l": "Coconut Oil", "v": 0.18990863998776319}, {"l": "Rape and Mustard Oil", "v": 0.072771714146571437}, {"l": "Oilcrops Oil, Other", "v": 0.30776370774487505}, {"l": "Sesameseed Oil", "v": 0.019592384577923082}, {"l": "Cottonseed Oil", "v": 0.41727610558512768}]}, {"source": 0, "prod": 8.0, "target": 13, "value": 0.0073099298718377476, "supply": [{"l": "Bovine Meat", "v": 0.0022930920026422927}, {"l": "Milk - Excluding Butter", "v": 0.0050168378691954549}]}, {"source": 2, "prod": 732.0, "target": 13, "value": 2.5742677121145414, "supply": [{"l": "Maize", "v": 0.19044640492948883}, {"l": "Millet", "v": 0.74456546386191091}, {"l": "Barley", "v": 0.39421418744849157}, {"l": "Sorghum", "v": 1.2450416558746502}]}, {"source": 3, "prod": 886.0, "target": 13, "value": 3.9146159650418793, "supply": [{"l": "Sunflower seed", "v": 0.02122508329275}, {"l": "Coconuts - Incl Copra", "v": 0.34832720025990832}, {"l": "Cottonseed", "v": 2.0427534708416371}, {"l": "Sesame seed", "v": 0.018571947881156251}, {"l": "Rape and Mustardseed", "v": 0.097764020015090922}, {"l": "Groundnuts", "v": 0.6229003391598632}, {"l": "Oilcrops, Other", "v": 0.74609383695727294}, {"l": "Oil Palm", "v": 0.016980066634200014}]}, {"source": 4, "prod": 12939.0, "target": 13, "value": 5.2813721677863894, "supply": [{"l": "Sugar cane", "v": 5.2813721677863894}]}, {"source": 10, "prod": 14.0, "target": 13, "value": 0.056433901388981474, "supply": [{"l": "Sugar", "v": 0.0040428730081428577}, {"l": "Sugar non-centrifugal", "v": 0.052391028380838617}]}, {"source": 6, "prod": 1252.0, "target": 13, "value": 1.3005970137542573, "supply": [{"l": "Bananas", "v": 0.0090653333160000005}, {"l": "Plantains", "v": 1.2902528379749492}, {"l": "Grapes", "v": 0.0012788424633082193}]}, {"source": 8, "prod": 18.0, "target": 14, "value": 0.16480652909664706, "supply": [{"l": "Fats, Animals, Raw", "v": 0.16480652909664706}]}, {"source": 2, "prod": 2.0, "target": 14, "value": 0.0085828205664672148, "supply": [{"l": "Rice", "v": 0.0085828205664672148}]}, {"source": 3, "prod": 6.0, "target": 14, "value": 0.013399673795928029, "supply": [{"l": "Coconuts - Incl Copra", "v": 0.0082541990582916652}, {"l": "Cottonseed", "v": 0.005145474737636364}]}, {"source": 4, "prod": 4.0, "target": 14, "value": 0.001632698714826923, "supply": [{"l": "Sugar cane", "v": 0.001632698714826923}]}, {"source": 10, "prod": 1.0, "target": 14, "value": 0.0040428730081428577, "supply": [{"l": "Sugar", "v": 0.0040428730081428577}]}, {"source": 5, "prod": 86.0, "target": 14, "value": 0.090891652677356591, "supply": [{"l": "Potatoes", "v": 0.0024191411079932156}, {"l": "Cassava", "v": 0.08847251156936338}]}, {"source": 6, "prod": 10.0, "target": 14, "value": 0.0054185020492086506, "supply": [{"l": "Bananas", "v": 0.00069733333199999993}, {"l": "Fruits, Other", "v": 0.0047211687172086505}]}, {"source": 7, "prod": 6.0, "target": 14, "value": 0.0048373215025145433, "supply": [{"l": "Aquatic Plants", "v": 0.0024186607512572717}, {"l": "Aquatic Products, Other", "v": 0.0024186607512572717}]}, {"source": 12, "prod": 39.0, "target": 14, "value": 0.39502921769259614, "supply": [{"l": "Coconut Oil", "v": 0.033513289409605268}, {"l": "Palm Oil", "v": 0.0594302332197}, {"l": "Groundnut Oil", "v": 0.01035369916719512}, {"l": "Cottonseed Oil", "v": 0.079481162968595753}, {"l": "Oilcrops Oil, Other", "v": 0.21225083292749999}]}, {"source": 0, "prod": 11.0, "target": 0, "value": 0.015964165211641027, "supply": [{"l": "Eggs", "v": 0.015964165211641027}]}, {"source": 2, "prod": 541.0, "target": 2, "value": 1.9980708278553696, "supply": [{"l": "Maize", "v": 0.655575124661125}, {"l": "Oats", "v": 0.002149375523316456}, {"l": "Barley", "v": 0.24897738154641577}, {"l": "Rice", "v": 0.27465025812695087}, {"l": "Sorghum", "v": 0.19832521951985579}, {"l": "Cereals, Other", "v": 0.21319925729651348}, {"l": "Wheat", "v": 0.29695341687527566}, {"l": "Millet", "v": 0.10824079430591657}]}, {"source": 3, "prod": 122.0, "target": 3, "value": 0.69238963697356748, "supply": [{"l": "Cottonseed", "v": 0.20581898950545457}, {"l": "Sunflower seed", "v": 0.00424501665855}, {"l": "Sesame seed", "v": 0.012381298587437502}, {"l": "Rape and Mustardseed", "v": 0.005145474737636364}, {"l": "Groundnuts", "v": 0.40305316063285268}, {"l": "Oilcrops, Other", "v": 0.061745696851636368}]}, {"source": 4, "prod": 87.0, "target": 4, "value": 0.035511197047485579, "supply": [{"l": "Sugar cane", "v": 0.035511197047485579}]}, {"source": 5, "prod": 189.0, "target": 5, "value": 0.17804832166697604, "supply": [{"l": "Potatoes", "v": 0.087895460257086847}, {"l": "Yams", "v": 0.027785563583236361}, {"l": "Sweet potatoes", "v": 0.062367297826652832}]}, {"source": 6, "prod": 146.0, "target": 6, "value": 0.57885256741667701, "supply": [{"l": "Beans", "v": 0.1692871562623367}, {"l": "Peas", "v": 0.034731954479045458}, {"l": "Pulses, Other", "v": 0.37483345667529488}]}, {"source": 8, "prod": 136.0, "target": 15, "value": 0.060890010839343638, "supply": [{"l": "Beverages, Fermented", "v": 0.060890010839343638}]}, {"source": 0, "prod": 136.0, "target": 15, "value": 0.10334676586596232, "supply": [{"l": "Milk - Excluding Butter", "v": 0.091736463893859754}, {"l": "Eggs", "v": 0.011610301972102565}]}, {"source": 2, "prod": 929.0, "target": 15, "value": 3.4725700292824184, "supply": [{"l": "Maize", "v": 1.4136983135150518}, {"l": "Barley", "v": 0.14523680590207586}, {"l": "Rice", "v": 0.66516859390120908}, {"l": "Sorghum", "v": 0.52886725205294882}, {"l": "Cereals, Other", "v": 0.25342553225811981}, {"l": "Wheat", "v": 0.16769134129427329}, {"l": "Millet", "v": 0.29848219035873957}]}, {"source": 3, "prod": 74.0, "target": 15, "value": 0.30007455177317793, "supply": [{"l": "Soyabeans", "v": 0.00424501665855}, {"l": "Sunflower seed", "v": 0.00424501665855}, {"l": "Coconuts - Incl Copra", "v": 0.052826873973066665}, {"l": "Sesame seed", "v": 0.018571947881156251}, {"l": "Cottonseed", "v": 0.005145474737636364}, {"l": "Groundnuts", "v": 0.18931284817603683}, {"l": "Oilcrops, Other", "v": 0.025727373688181822}]}, {"source": 4, "prod": 47.0, "target": 15, "value": 0.019184209899216348, "supply": [{"l": "Sugar cane", "v": 0.019184209899216348}]}, {"source": 5, "prod": 968.0, "target": 15, "value": 1.0540983317358359, "supply": [{"l": "Potatoes", "v": 0.068542331393141115}, {"l": "Yams", "v": 0.027785563583236361}, {"l": "Roots, Other", "v": 0.097586589851724151}, {"l": "Sweet potatoes", "v": 0.19823891094900364}, {"l": "Cassava", "v": 0.66194493595873072}]}, {"source": 6, "prod": 1965.0, "target": 15, "value": 2.1369504544732494, "supply": [{"l": "Vegetables, Other", "v": 0.064027046838903312}, {"l": "Pineapples", "v": 0.0046520730504657536}, {"l": "Plantains", "v": 1.3121568877708052}, {"l": "Citrus, Other", "v": 0.0023244444400000001}, {"l": "Grapefruit", "v": 0.00063942123165410967}, {"l": "Beans", "v": 0.1889717093160968}, {"l": "Fruits, Other", "v": 0.057703173210327946}, {"l": "Tomatoes", "v": 0.0039797031173906252}, {"l": "Lemons, Limes", "v": 0.00063942123165410967}, {"l": "Bananas", "v": 0.107389333128}, {"l": "Treenuts", "v": 0.0096113584721886809}, {"l": "Apples", "v": 0.0012788424633082193}, {"l": "Peas", "v": 0.038591060532272729}, {"l": "Oranges, Mandarines", "v": 0.0021817266233370046}, {"l": "Onions", "v": 0.003859106053227273}, {"l": "Pulses, Other", "v": 0.33894514699361772}]}, {"source": 11, "prod": 23.0, "target": 15, "value": 0.033013373384707917, "supply": [{"l": "Nuts", "v": 0.0096113584721886809}, {"l": "Coffee", "v": 0.0057144455018942305}, {"l": "Pimento", "v": 0.017687569410625003}]}, {"source": 16, "prod": 18.0, "target": 11, "value": 0.030345771125704975, "supply": [{"l": "Nuts", "v": 0.0024028396180471702}, {"l": "Cocoa Beans", "v": 0.0043538632395384615}, {"l": "Coffee", "v": 0.00081634935741346152}, {"l": "Spices, Other", "v": 0.009988274490705884}, {"l": "Tea", "v": 0.011622222200000001}, {"l": "Infant food", "v": 0.0011622222200000001}]}, {"source": 16, "prod": 450.0, "target": 1, "value": 0.41356552968178684, "supply": [{"l": "Freshwater Fish", "v": 0.0086206492142861541}, {"l": "Pigmeat", "v": 0.014637988477758624}, {"l": "Meat, Other", "v": 0.0027745206918627446}, {"l": "Marine Fish, Other", "v": 0.015045628663215191}, {"l": "Mutton & Goat Meat", "v": 0.0018383930411043307}, {"l": "Milk - Excluding Butter", "v": 0.16197219406259614}, {"l": "Fish, Seafood", "v": 0.087018237360732109}, {"l": "Pelagic Fish", "v": 0.098484386478359998}, {"l": "Offals, Edible", "v": 0.0013206718493266668}, {"l": "Demersal Fish", "v": 0.0058012158240488077}, {"l": "Bovine Meat", "v": 0.016051644018496049}]}, {"source": 16, "prod": 444.0, "target": 13, "value": 2.0372916582303739, "supply": [{"l": "Sugar", "v": 0.9945467600031429}, {"l": "Beer", "v": 0.011026017294935067}, {"l": "Groundnut Oil", "v": 0.041414796668780479}, {"l": "Beverages, Alcoholic", "v": 0.014894795293157896}, {"l": "Sugar non-centrifugal", "v": 0.0080601582124367101}, {"l": "Fats, Animals, Raw", "v": 0.28383346677755883}, {"l": "Soyabean Oil", "v": 0.084900333171}, {"l": "Butter, Ghee", "v": 0.057144455018942317}, {"l": "Palm Oil", "v": 0.11037043312230001}, {"l": "Sunflowerseed Oil", "v": 0.02122508329275}, {"l": "Olive Oil", "v": 0.0424501665855}, {"l": "Coconut Oil", "v": 0.089368771758947377}, {"l": "Oilcrops Oil, Other", "v": 0.095512874817374999}, {"l": "Wine", "v": 0.037552070441019228}, {"l": "Sweeteners, Other", "v": 0.011791712940416669}, {"l": "Honey", "v": 0.0040428730081428577}, {"l": "Cottonseed Oil", "v": 0.12915688982396811}]}, {"source": 16, "prod": 888.0, "target": 2, "value": 3.2553986120232281, "supply": [{"l": "Maize", "v": 0.91927014687118647}, {"l": "Barley", "v": 0.11757265239691854}, {"l": "Cereals, Other", "v": 0.068384667434730734}, {"l": "Rice", "v": 0.55788333682036895}, {"l": "Wheat", "v": 1.4952477932072703}, {"l": "Oats", "v": 0.0042987510466329119}, {"l": "Sorghum", "v": 0.069781095756986294}, {"l": "Millet", "v": 0.022960168489133816}]}, {"source": 16, "prod": 97.0, "target": 6, "value": 0.16759518414606406, "supply": [{"l": "Pulses, Other", "v": 0.1156401089742931}, {"l": "Tomatoes", "v": 0.0010612541646375}, {"l": "Vegetables, Other", "v": 0.0038111337404109118}, {"l": "Grapes", "v": 0.0025576849266164387}, {"l": "Dates", "v": 0.0012788424633082193}, {"l": "Beans", "v": 0.0236214636645121}, {"l": "Apples", "v": 0.0038365273899246578}, {"l": "Lemons, Limes", "v": 0.00063942123165410967}, {"l": "Bananas", "v": 0.0013946666639999999}, {"l": "Fruits, Other", "v": 0.009442337434417301}, {"l": "Oranges, Mandarines", "v": 0.00093502569571585897}, {"l": "Onions", "v": 0.0033767177965738642}]}, {"source": 16, "prod": 46.0, "target": 3, "value": 0.10040107581812956, "supply": [{"l": "Coconuts - Incl Copra", "v": 0.06438275265467501}, {"l": "Oilcrops, Other", "v": 0.005145474737636364}, {"l": "Cottonseed", "v": 0.025727373688181822}, {"l": "Palm kernels", "v": 0.005145474737636364}]}, {"source": 16, "prod": 30.0, "target": 5, "value": 0.028769429784382516, "supply": [{"l": "Roots, Other", "v": 0.0065057726567816099}, {"l": "Potatoes", "v": 0.01693398775595251}, {"l": "Cassava", "v": 0.0053296693716483956}]}, {"source": 8, "prod": 20.0, "target": 17, "value": 0.062848845636842288, "supply": [{"l": "Beer", "v": 0.0071669112417077933}, {"l": "Beverages, Alcoholic", "v": 0.003723698823289474}, {"l": "Butter, Ghee", "v": 0.024490480722403847}, {"l": "Fats, Animals, Raw", "v": 0.027467754849441178}]}, {"source": 0, "prod": 126.0, "target": 17, "value": 0.22697613222002558, "supply": [{"l": "Eggs", "v": 0.0014512877465128206}, {"l": "Pigmeat", "v": 0.014637988477758624}, {"l": "Milk - Excluding Butter", "v": 0.02938433609100195}, {"l": "Offals, Edible", "v": 0.0026413436986533335}, {"l": "Bovine Meat", "v": 0.17886117620609884}]}, {"source": 2, "prod": 411.0, "target": 17, "value": 1.5145540169341372, "supply": [{"l": "Maize", "v": 1.1939524616733339}, {"l": "Barley", "v": 0.01037405756443399}, {"l": "Cereals, Other", "v": 0.0040226274961606317}, {"l": "Rice", "v": 0.12874230849700821}, {"l": "Wheat", "v": 0.15371706285308384}, {"l": "Sorghum", "v": 0.0073453785007353998}, {"l": "Millet", "v": 0.016400120349381299}]}, {"source": 3, "prod": 443.0, "target": 17, "value": 1.3179411368562541, "supply": [{"l": "Sunflower seed", "v": 0.0339601332684}, {"l": "Coconuts - Incl Copra", "v": 0.4820452250042333}, {"l": "Sesame seed", "v": 0.19810077739900003}, {"l": "Groundnuts", "v": 0.20763344638662107}, {"l": "Oilcrops, Other", "v": 0.2572737368818182}, {"l": "Cottonseed", "v": 0.12349139370327274}, {"l": "Rape and Mustardseed", "v": 0.005145474737636364}, {"l": "Palm kernels", "v": 0.010290949475272728}]}, {"source": 10, "prod": 895.0, "target": 17, "value": 3.6183329605820842, "supply": [{"l": "Sugar", "v": 3.6021998502552863}, {"l": "Sugar non-centrifugal", "v": 0.012090237318655066}, {"l": "Honey", "v": 0.0040428730081428577}]}, {"source": 5, "prod": 305.0, "target": 17, "value": 0.3191815033354527, "supply": [{"l": "Roots, Other", "v": 0.0016264431641954025}, {"l": "Potatoes", "v": 0.020159509233276796}, {"l": "Cassava", "v": 0.29739555093798048}]}, {"source": 6, "prod": 445.0, "target": 17, "value": 1.153488429205167, "supply": [{"l": "Treenuts", "v": 0.44212248972067925}, {"l": "Vegetables, Other", "v": 0.0012703779134703038}, {"l": "Peas", "v": 0.050168378691954549}, {"l": "Beans", "v": 0.22440390481286493}, {"l": "Pulses, Other", "v": 0.37882104663992572}, {"l": "Lemons, Limes", "v": 0.00063942123165410967}, {"l": "Pineapples", "v": 0.0052335821817739723}, {"l": "Bananas", "v": 0.040445333256000006}, {"l": "Fruits, Other", "v": 0.0026228715095603611}, {"l": "Grapefruit", "v": 0.0031971061582705485}, {"l": "Oranges, Mandarines", "v": 0.0031167523190528635}, {"l": "Onions", "v": 0.0014471647699602274}]}, {"source": 11, "prod": 686.0, "target": 17, "value": 0.78411993611930342, "supply": [{"l": "Nuts", "v": 0.44212248972067925}, {"l": "Pepper", "v": 0.0035375138821250002}, {"l": "Cloves", "v": 0.063675249878250004}, {"l": "Cocoa Beans", "v": 0.0021769316197692307}, {"l": "Pimento", "v": 0.010612541646375}, {"l": "Coffee", "v": 0.16367804616139903}, {"l": "Spices, Other", "v": 0.009988274490705884}, {"l": "Tea", "v": 0.088328888719999998}]}, {"source": 7, "prod": 42.0, "target": 17, "value": 0.038030203383750245, "supply": [{"l": "Crustaceans", "v": 0.00082874511772125818}, {"l": "Marine Fish, Other", "v": 0.001074687761658228}, {"l": "Demersal Fish", "v": 0.00082874511772125818}, {"l": "Freshwater Fish", "v": 0.0094043445974030786}, {"l": "Pelagic Fish", "v": 0.0084900333171}, {"l": "Fish, Seafood", "v": 0.01740364747214642}]}, {"source": 12, "prod": 33.0, "target": 17, "value": 0.33931037402711228, "supply": [{"l": "Groundnut Oil", "v": 0.062122195003170726}, {"l": "Palm Oil", "v": 0.025470099951300004}, {"l": "Coconut Oil", "v": 0.089368771758947377}, {"l": "Oilcrops Oil, Other", "v": 0.053062708231874998}, {"l": "Cottonseed Oil", "v": 0.10928659908181915}]}, {"source": 18, "prod": 1.0, "target": 6, "value": 0.00031167523190528634, "supply": [{"l": "Oranges, Mandarines", "v": 0.00031167523190528634}]}, {"source": 12, "prod": 10.0, "target": 19, "value": 0.10385554473423418, "supply": [{"l": "Coconut Oil", "v": 0.022342192939736844}, {"l": "Oilcrops Oil, Other", "v": 0.02122508329275}, {"l": "Soyabean Oil", "v": 0.010612541646375}, {"l": "Cottonseed Oil", "v": 0.049675726855372339}]}, {"source": 18, "prod": 118.0, "target": 5, "value": 0.12588502133841079, "supply": [{"l": "Potatoes", "v": 0.014514846647959294}, {"l": "Sweet potatoes", "v": 0.11137017469045149}]}, {"source": 11, "prod": 8.0, "target": 19, "value": 0.019116773810408022, "supply": [{"l": "Nuts", "v": 0.01441703770828302}, {"l": "Pepper", "v": 0.0035375138821250002}, {"l": "Tea", "v": 0.0011622222200000001}]}, {"source": 7, "prod": 6.0, "target": 19, "value": 0.0075802553434237748, "supply": [{"l": "Pelagic Fish", "v": 0.0050940199902600007}, {"l": "Fish, Seafood", "v": 0.0024862353531637745}]}, {"source": 2, "prod": 730.0, "target": 19, "value": 2.674400069709256, "supply": [{"l": "Maize", "v": 1.6737309048610844}, {"l": "Barley", "v": 0.01037405756443399}, {"l": "Sorghum", "v": 0.96224458359633747}, {"l": "Cereals, Other", "v": 0.0040226274961606317}, {"l": "Wheat", "v": 0.017467848051486802}, {"l": "Millet", "v": 0.0065600481397525192}]}, {"source": 6, "prod": 9.0, "target": 19, "value": 0.026278448894417848, "supply": [{"l": "Beans", "v": 0.0078738212215040335}, {"l": "Treenuts", "v": 0.01441703770828302}, {"l": "Pulses, Other", "v": 0.0039875899646307968}]}, {"source": 18, "prod": 5.0, "target": 3, "value": 0.026772548244264206, "supply": [{"l": "Cottonseed", "v": 0.010290949475272728}, {"l": "Sesame seed", "v": 0.006190649293718751}, {"l": "Oilcrops, Other", "v": 0.010290949475272728}]}, {"source": 3, "prod": 13.0, "target": 19, "value": 0.077527409500886837, "supply": [{"l": "Sunflower seed", "v": 0.00424501665855}, {"l": "Groundnuts", "v": 0.073282392842336841}]}, {"source": 18, "prod": 10.0, "target": 11, "value": 0.013469764397322115, "supply": [{"l": "Cloves", "v": 0.010612541646375}, {"l": "Coffee", "v": 0.0028572227509471152}]}, {"source": 8, "prod": 1.0, "target": 19, "value": 0.0091559182831470586, "supply": [{"l": "Fats, Animals, Raw", "v": 0.0091559182831470586}]}, {"source": 5, "prod": 1.0, "target": 19, "value": 0.0016264431641954025, "supply": [{"l": "Roots, Other", "v": 0.0016264431641954025}]}, {"source": 10, "prod": 286.0, "target": 19, "value": 1.1562360925250084, "supply": [{"l": "Sugar", "v": 1.1481759343125717}, {"l": "Sugar non-centrifugal", "v": 0.0080601582124367101}]}, {"source": 18, "prod": 12.0, "target": 2, "value": 0.051496923398803282, "supply": [{"l": "Rice", "v": 0.051496923398803282}]}, {"source": 1, "prod": 976.0, "target": 7, "value": 0.83715877701571673, "supply": [{"l": "Pelagic Fish", "v": 0.12565249309307996}, {"l": "Crustaceans", "v": 0.0033149804708850327}, {"l": "Freshwater Fish", "v": 0.23824339646754461}, {"l": "Aquatic Animals, Others", "v": 0.00080622025041909059}, {"l": "Aquatic Plants", "v": 0.0024186607512572717}, {"l": "Marine Fish, Other", "v": 0.040838134943012666}, {"l": "Aquatic Products, Other", "v": 0.0032248810016763624}, {"l": "Fish, Seafood", "v": 0.40194138209481017}, {"l": "Demersal Fish", "v": 0.019889882825310196}, {"l": "Cephalopods", "v": 0.00082874511772125818}]}, {"source": 1, "prod": 4697.0, "target": 0, "value": 5.382177606063971, "supply": [{"l": "Poultry Meat", "v": 0.19161533528177085}, {"l": "Pigmeat", "v": 0.20493183868862072}, {"l": "Bovine Meat", "v": 1.7427499220081422}, {"l": "Eggs", "v": 0.18141096831410258}, {"l": "Milk - Excluding Butter", "v": 2.1988083689559512}, {"l": "Offals, Edible", "v": 0.26941705726263998}, {"l": "Meat, Other", "v": 0.19005466739259802}, {"l": "Mutton & Goat Meat", "v": 0.41915361337178736}]}, {"source": 13, "prod": 4506.0, "target": 8, "value": 3.0386793614034167, "supply": [{"l": "Fats, Animals, Raw", "v": 0.62260244325400005}, {"l": "Beverages, Fermented", "v": 1.6986522141505127}, {"l": "Beer", "v": 0.27344522891438966}, {"l": "Beverages, Alcoholic", "v": 0.19363233881105263}, {"l": "Butter, Ghee", "v": 0.21225083292750005}, {"l": "Wine", "v": 0.038096303345961535}]}, {"source": 13, "prod": 238.0, "target": 12, "value": 2.4854180655246974, "supply": [{"l": "Olive Oil", "v": 0.0424501665855}, {"l": "Sesameseed Oil", "v": 0.019592384577923082}, {"l": "Soyabean Oil", "v": 0.084900333171}, {"l": "Coconut Oil", "v": 0.33513289409605268}, {"l": "Cottonseed Oil", "v": 0.65571959449091499}, {"l": "Rape and Mustard Oil", "v": 0.072771714146571437}, {"l": "Maize Germ Oil", "v": 0.074287791524625002}, {"l": "Groundnut Oil", "v": 0.45556276335658541}, {"l": "Palm Oil", "v": 0.11886046643940001}, {"l": "Oilcrops Oil, Other", "v": 0.59430233219700002}, {"l": "Sunflowerseed Oil", "v": 0.031837624939125002}]}, {"source": 13, "prod": 1932.0, "target": 10, "value": 7.7835839052667861, "supply": [{"l": "Honey", "v": 0.15767204731757145}, {"l": "Sweeteners, Other", "v": 0.037733481409333337}, {"l": "Sugar non-centrifugal", "v": 0.092691819443022155}, {"l": "Sugar", "v": 7.4954865570968581}]}, {"source": 20, "prod": 0, "target": 2, "value": 0.00026004987789536224, "supply": "[{\"l\":'Energy for power irrigation',\"v\":0.00026004987789536224}]"}, {"source": 20, "prod": 0, "target": 3, "value": 3.7414570638787414e-05, "supply": "[{\"l\":'Energy for power irrigation',\"v\":3.7414570638787414e-05}]"}, {"source": 20, "prod": 0, "target": 4, "value": 0.00024122002603784102, "supply": "[{\"l\":'Energy for power irrigation',\"v\":0.00024122002603784102}]"}, {"source": 20, "prod": 0, "target": 5, "value": 0.00022491413696546484, "supply": "[{\"l\":'Energy for power irrigation',\"v\":0.00022491413696546484}]"}, {"source": 20, "prod": 0, "target": 6, "value": 0.00022115542979622, "supply": "[{\"l\":'Energy for power irrigation',\"v\":0.00022115542979622}]"}, {"source": 20, "prod": 0, "target": 11, "value": 1.7458922431057561e-05, "supply": "[{\"l\":'Energy for power irrigation',\"v\":1.7458922431057561e-05}]"}, {"source": 20, "prod": 0, "target": 13, "value": 0.26066666687519996, "supply": "[{\"l\":'Electricity',\"v\":0.26066666687519996}]"}, {"source": 21, "prod": 0, "target": 20, "value": 0.49495466913401298, "supply": [{"l": "Coal", "v": 0.25651449182464864}, {"l": "Natural gas", "v": 0.077449411817295408}, {"l": "Oil", "v": 0.16099076549206895}]}, {"source": 22, "prod": 0, "target": 20, "value": 0.069471972413447367, "supply": [{"l": "Nuclear", "v": 0.0079319902832920303}, {"l": "Hydroelectric", "v": 0.06074968337925802}, {"l": "Renewable", "v": 0.00079029875089731681}]}, {"source": 21, "prod": 0, "target": 2, "value": 1.062266956111322, "supply": [{"l": "Motor Gasoline", "v": 0.013836299732992651}, {"l": "Gas-Diesel oil", "v": 0.10124356151212195}, {"l": "Fuel oil", "v": 0.037854616876720294}, {"l": "Coal", "v": 0.90933247798948702}]}, {"source": 21, "prod": 0, "target": 3, "value": 0.15283322718062906, "supply": [{"l": "Motor Gasoline", "v": 0.0019906920085068854}, {"l": "Gas-Diesel oil", "v": 0.014566376322014265}, {"l": "Fuel oil", "v": 0.0054463176395267371}, {"l": "Coal", "v": 0.13082984121058117}]}, {"source": 21, "prod": 0, "target": 4, "value": 0.98534967555499475, "supply": [{"l": "Motor Gasoline", "v": 0.012834432413011269}, {"l": "Gas-Diesel oil", "v": 0.093912655302013356}, {"l": "Fuel oil", "v": 0.035113616443723822}, {"l": "Coal", "v": 0.84348897139624623}]}, {"source": 21, "prod": 0, "target": 5, "value": 0.91874242585433719, "supply": [{"l": "Motor Gasoline", "v": 0.011966855890983031}, {"l": "Gas-Diesel oil", "v": 0.087564387436364813}, {"l": "Fuel oil", "v": 0.032740021083231222}, {"l": "Coal", "v": 0.78647116144375806}]}, {"source": 21, "prod": 0, "target": 6, "value": 0.90338863889661325, "supply": [{"l": "Motor Gasoline", "v": 0.011766868875326188}, {"l": "Gas-Diesel oil", "v": 0.086101033930586143}, {"l": "Fuel oil", "v": 0.032192878277416112}, {"l": "Coal", "v": 0.77332785781328472}]}, {"source": 21, "prod": 0, "target": 11, "value": 0.071317227825369978, "supply": [{"l": "Motor Gasoline", "v": 0.00092892519591330754}, {"l": "Gas-Diesel oil", "v": 0.0067971709942328149}, {"l": "Fuel oil", "v": 0.0025414386849817801}, {"l": "Coal", "v": 0.061049692950242068}]}, {"source": 23, "prod": 172.19514538416013, "target": 2, "value": 2.0365907135422856, "supply": [{"l": "Potash", "v": 0.21244725202180964}, {"l": "Phosphate", "v": 0.8985885840522041}, {"l": "Nitrogen", "v": 6.7378338942791558}]}, {"source": 23, "prod": 24.774506655312777, "target": 3, "value": 0.29301366234360088, "supply": [{"l": "Potash", "v": 0.21244725202180964}, {"l": "Phosphate", "v": 0.8985885840522041}, {"l": "Nitrogen", "v": 6.7378338942791558}]}, {"source": 23, "prod": 159.72673315336209, "target": 4, "value": 1.8891239977692627, "supply": [{"l": "Potash", "v": 0.21244725202180964}, {"l": "Phosphate", "v": 0.8985885840522041}, {"l": "Nitrogen", "v": 6.7378338942791558}]}, {"source": 23, "prod": 148.92959315022165, "target": 5, "value": 1.7614237945251212, "supply": [{"l": "Potash", "v": 0.21244725202180964}, {"l": "Phosphate", "v": 0.8985885840522041}, {"l": "Nitrogen", "v": 6.7378338942791558}]}, {"source": 23, "prod": 146.44072012054451, "target": 6, "value": 1.7319873334209592, "supply": [{"l": "Potash", "v": 0.21244725202180964}, {"l": "Phosphate", "v": 0.8985885840522041}, {"l": "Nitrogen", "v": 6.7378338942791558}]}, {"source": 23, "prod": 11.560634869732217, "target": 11, "value": 0.13673022875193994, "supply": [{"l": "Potash", "v": 0.21244725202180964}, {"l": "Phosphate", "v": 0.8985885840522041}, {"l": "Nitrogen", "v": 6.7378338942791558}]}, {"source": 21, "prod": 0, "target": 23, "value": 9.4270064461626344, "supply": [{"l": "Natural gas (including LNG)", "v": 6.3964029674505092}, {"l": "Fuel oil", "v": 1.8395485871801847}, {"l": "Liquefied petroleum gas (LPG)", "v": 0.59552744576596994}, {"l": "Coal", "v": 0.59552744576596994}]}, {"source": 24, "prod": 0, "target": 2, "value": 4.8394288756947947, "supply": "[{\"l\":'Labor',\"v\":4.8394288756947947}]"}, {"source": 24, "prod": 0, "target": 3, "value": 0.6962708653680918, "supply": "[{\"l\":'Labor',\"v\":0.6962708653680918}]"}, {"source": 24, "prod": 0, "target": 4, "value": 4.4890125265626857, "supply": "[{\"l\":'Labor',\"v\":4.4890125265626857}]"}, {"source": 24, "prod": 0, "target": 5, "value": 4.1855661605832895, "supply": "[{\"l\":'Labor',\"v\":4.1855661605832895}]"}, {"source": 24, "prod": 0, "target": 6, "value": 4.1156180561760118, "supply": "[{\"l\":'Labor',\"v\":4.1156180561760118}]"}, {"source": 24, "prod": 0, "target": 11, "value": 0.32490387626858536, "supply": "[{\"l\":'Labor',\"v\":0.32490387626858536}]"}, {"source": 21, "prod": 0, "target": 16, "value": 5.10302913905275, "supply": "[{\"l\":'Fossil Fuels',\"v\":5.10302913905275}]"}, {"source": 22, "prod": 0, "target": 16, "value": 0.29434223053762598, "supply": "[{\"l\":'Renewables & Nuclear',\"v\":0.16615595026705565},{\"l\":'Biomass & Waste',\"v\":0.12818628027057036}]"}]}