{"nodes": [{"layer": 3, "name": "Vegetables"}, {"layer": 5, "name": "Production", "fill": "#b5cf6b"}, {"layer": 3, "name": "Sugar Crops", "fill": "#ffbb78"}, {"layer": 3, "name": "Starchy Roots"}, {"layer": 3, "name": "Pulses"}, {"layer": 3, "name": "Cereals - Excluding Beer"}, {"layer": 3, "name": "Stimulants"}, {"layer": 3, "name": "Fruits - Excluding Wine"}, {"layer": 3, "name": "Oilcrops", "fill": "#ff9896"}, {"layer": 1, "name": "Electricity", "fill": "#bcbd22"}, {"layer": 0, "name": "Fossil Fuels", "fill": "#c49c94"}, {"layer": 0, "name": "Renewables & Nuclear", "fill": "#2ca02c"}, {"layer": 1, "name": "Fertilizers", "fill": "#c5b0d5"}, {"layer": 0, "name": "Labor", "fill": "#7f7f7f"}], "links": [{"source": 0, "prod": 578.0, "target": 1, "value": 0.18247653438113134, "supply": [{"l": "Tomatoes", "v": 0.0081489159070379479}, {"l": "Vegetables, Other", "v": 0.10658089035415236}, {"l": "Onions", "v": 0.067746728119941035}]}, {"source": 2, "prod": 12720.0, "target": 1, "value": 3.5759345626990728, "supply": [{"l": "Sugar cane", "v": 3.5759345626990728}]}, {"source": 3, "prod": 1695.0, "target": 1, "value": 1.5802231258132324, "supply": [{"l": "Yams", "v": 0.14319240975036412}, {"l": "Potatoes", "v": 0.62139432752051016}, {"l": "Cassava", "v": 0.81563638854235809}]}, {"source": 4, "prod": 90.0, "target": 1, "value": 0.36542713230023754, "supply": [{"l": "Peas", "v": 0.10270201593266132}, {"l": "Beans", "v": 0.15918812469562502}, {"l": "Pulses, Other", "v": 0.10353699167195123}]}, {"source": 5, "prod": 1589.0, "target": 1, "value": 6.2516211155375512, "supply": [{"l": "Maize", "v": 3.47991483256193}, {"l": "Barley", "v": 0.26654755762988375}, {"l": "Rice", "v": 1.9298545480013112}, {"l": "Wheat", "v": 0.34973572002565251}, {"l": "Sorghum", "v": 0.22556845731877403}]}, {"source": 6, "prod": 509.0, "target": 1, "value": 0.30007802590956478, "supply": [{"l": "Coffee", "v": 0.27724091097432746}, {"l": "Cocoa Beans", "v": 0.022837114935237345}]}, {"source": 7, "prod": 2293.0, "target": 1, "value": 2.0574988475328895, "supply": [{"l": "Plantains", "v": 1.4692348997644766}, {"l": "Fruits, Other", "v": 0.042901764102367033}, {"l": "Grapes", "v": 0.0076192606691923067}, {"l": "Pineapples", "v": 0.031518183886224085}, {"l": "Bananas", "v": 0.47905663249590974}, {"l": "Oranges, Mandarines", "v": 0.027168106614720001}]}, {"source": 8, "prod": 236.0, "target": 1, "value": 0.63982726760544983, "supply": [{"l": "Coconuts - Incl Copra", "v": 0.052638206566020009}, {"l": "Sesame seed", "v": 0.07709868093366487}, {"l": "Cottonseed", "v": 0.2929749875479265}, {"l": "Soyabeans", "v": 0.17209526994121621}, {"l": "Palm kernels", "v": 0.0025699560311221625}, {"l": "Oil Palm", "v": 0.042450166585500007}]}, {"source": 9, "prod": 0, "target": 8, "value": 0.00011378998669125541, "supply": "[{\"l\":'Energy for power irrigation',\"v\":0.00011378998669125541}]"}, {"source": 9, "prod": 0, "target": 0, "value": 0.00026650812672425608, "supply": "[{\"l\":'Energy for power irrigation',\"v\":0.00026650812672425608}]"}, {"source": 9, "prod": 0, "target": 2, "value": 0.0058599539704970397, "supply": "[{\"l\":'Energy for power irrigation',\"v\":0.0058599539704970397}]"}, {"source": 9, "prod": 0, "target": 3, "value": 0.00078063616375843034, "supply": "[{\"l\":'Energy for power irrigation',\"v\":0.00078063616375843034}]"}, {"source": 9, "prod": 0, "target": 4, "value": 4.1692282573111801e-05, "supply": "[{\"l\":'Energy for power irrigation',\"v\":4.1692282573111801e-05}]"}, {"source": 9, "prod": 0, "target": 7, "value": 0.0010561277104846277, "supply": "[{\"l\":'Energy for power irrigation',\"v\":0.0010561277104846277}]"}, {"source": 9, "prod": 0, "target": 5, "value": 0.00079445680991526292, "supply": "[{\"l\":'Energy for power irrigation',\"v\":0.00079445680991526292}]"}, {"source": 9, "prod": 0, "target": 6, "value": 0.0002377151138975214, "supply": "[{\"l\":'Energy for power irrigation',\"v\":0.0002377151138975214}]"}, {"source": 10, "prod": 0, "target": 9, "value": 0.0076405305606647355, "supply": [{"l": "Coal", "v": 0.0029828210031603063}, {"l": "Natural gas", "v": 0.0021270332551869002}, {"l": "Oil", "v": 0.002530676302317529}]}, {"source": 11, "prod": 0, "target": 9, "value": 0.0061821997872041875, "supply": [{"l": "Nuclear", "v": 0.0}, {"l": "Hydroelectric", "v": 0.0061821997872041875}, {"l": "Renewable", "v": 0.0}]}, {"source": 10, "prod": 0, "target": 8, "value": 0.044372214473108539, "supply": [{"l": "Motor Gasoline", "v": 0.00071408380774038143}, {"l": "Gas-Diesel oil", "v": 0.043518583813549165}, {"l": "Fuel oil", "v": 0.00013954685181898457}]}, {"source": 10, "prod": 0, "target": 0, "value": 0.10392439705543841, "supply": [{"l": "Motor Gasoline", "v": 0.0016724594444445776}, {"l": "Gas-Diesel oil", "v": 0.10192510419489147}, {"l": "Fuel oil", "v": 0.00032683341610235858}]}, {"source": 10, "prod": 0, "target": 2, "value": 2.2850792230685855, "supply": [{"l": "Motor Gasoline", "v": 0.036773870584848795}, {"l": "Gas-Diesel oil", "v": 2.2411189720985645}, {"l": "Fuel oil", "v": 0.0071863803851719985}]}, {"source": 10, "prod": 0, "target": 3, "value": 0.30440776285296522, "supply": [{"l": "Motor Gasoline", "v": 0.0048988462033039528}, {"l": "Gas-Diesel oil", "v": 0.29855158004882215}, {"l": "Fuel oil", "v": 0.00095733660083914714}]}, {"source": 10, "prod": 0, "target": 4, "value": 0.016257835667272562, "supply": [{"l": "Motor Gasoline", "v": 0.00026163799433402641}, {"l": "Gas-Diesel oil", "v": 0.015945068158405667}, {"l": "Fuel oil", "v": 5.1129514532866812e-05}]}, {"source": 10, "prod": 0, "target": 7, "value": 0.41183522947207007, "supply": [{"l": "Motor Gasoline", "v": 0.0066276806852017187}, {"l": "Gas-Diesel oil", "v": 0.40391236191320429}, {"l": "Fuel oil", "v": 0.0012951868736640572}]}, {"source": 10, "prod": 0, "target": 5, "value": 0.3097971006432213, "supply": [{"l": "Motor Gasoline", "v": 0.004985577030155011}, {"l": "Gas-Diesel oil", "v": 0.30383723800188472}, {"l": "Fuel oil", "v": 0.00097428561118153385}]}, {"source": 10, "prod": 0, "target": 6, "value": 0.092696609992404866, "supply": [{"l": "Motor Gasoline", "v": 0.0014917702218382057}, {"l": "Gas-Diesel oil", "v": 0.090913316792677612}, {"l": "Fuel oil", "v": 0.00029152297788905272}]}, {"source": 12, "prod": 1.6264807309890001, "target": 8, "value": 0.014143004349254175, "supply": [{"l": "Potash", "v": 0.076916666728200009}, {"l": "Phosphate", "v": 0.23482500018785998}, {"l": "Nitrogen", "v": 0.82562500066049993}]}, {"source": 12, "prod": 3.809389080474237, "target": 0, "value": 0.033124404923253199, "supply": [{"l": "Potash", "v": 0.076916666728200009}, {"l": "Phosphate", "v": 0.23482500018785998}, {"l": "Nitrogen", "v": 0.82562500066049993}]}, {"source": 12, "prod": 83.760465174818151, "target": 2, "value": 0.72833609442312996, "supply": [{"l": "Potash", "v": 0.076916666728200009}, {"l": "Phosphate", "v": 0.23482500018785998}, {"l": "Nitrogen", "v": 0.82562500066049993}]}, {"source": 12, "prod": 11.158184609963, "target": 3, "value": 0.09702559056603724, "supply": [{"l": "Potash", "v": 0.076916666728200009}, {"l": "Phosphate", "v": 0.23482500018785998}, {"l": "Nitrogen", "v": 0.82562500066049993}]}, {"source": 12, "prod": 0.5959372718805851, "target": 4, "value": 0.0051819509862651939, "supply": [{"l": "Potash", "v": 0.076916666728200009}, {"l": "Phosphate", "v": 0.23482500018785998}, {"l": "Nitrogen", "v": 0.82562500066049993}]}, {"source": 12, "prod": 15.095980063936366, "target": 7, "value": 0.13126654846423155, "supply": [{"l": "Potash", "v": 0.076916666728200009}, {"l": "Phosphate", "v": 0.23482500018785998}, {"l": "Nitrogen", "v": 0.82562500066049993}]}, {"source": 12, "prod": 11.355732876884739, "target": 5, "value": 0.098743364373638953, "supply": [{"l": "Potash", "v": 0.076916666728200009}, {"l": "Phosphate", "v": 0.23482500018785998}, {"l": "Nitrogen", "v": 0.82562500066049993}]}, {"source": 12, "prod": 3.3978301910539432, "target": 6, "value": 0.029545709490749611, "supply": [{"l": "Potash", "v": 0.076916666728200009}, {"l": "Phosphate", "v": 0.23482500018785998}, {"l": "Nitrogen", "v": 0.82562500066049993}]}, {"source": 10, "prod": 0, "target": 12, "value": 1.4090289990870475, "supply": [{"l": "Natural gas (including LNG)", "v": 0.94593180270275923}, {"l": "Fuel oil", "v": 0.31715048546244606}, {"l": "Liquefied petroleum gas (LPG)", "v": 0.072973355460921055}, {"l": "Coal", "v": 0.072973355460921055}]}, {"source": 13, "prod": 0, "target": 8, "value": 0.016517341774646862, "supply": "[{\"l\":'Labor',\"v\":0.016517341774646862}]"}, {"source": 13, "prod": 0, "target": 0, "value": 0.038685353103778179, "supply": "[{\"l\":'Labor',\"v\":0.038685353103778179}]"}, {"source": 13, "prod": 0, "target": 2, "value": 0.85060966547978978, "supply": "[{\"l\":'Labor',\"v\":0.85060966547978978}]"}, {"source": 13, "prod": 0, "target": 3, "value": 0.11331431432040125, "supply": "[{\"l\":'Labor',\"v\":0.11331431432040125}]"}, {"source": 13, "prod": 0, "target": 4, "value": 0.0060519005287673726, "supply": "[{\"l\":'Labor',\"v\":0.0060519005287673726}]"}, {"source": 13, "prod": 0, "target": 7, "value": 0.15330366809059889, "supply": "[{\"l\":'Labor',\"v\":0.15330366809059889}]"}, {"source": 13, "prod": 0, "target": 5, "value": 0.11532046919181584, "supply": "[{\"l\":'Labor',\"v\":0.11532046919181584}]"}, {"source": 13, "prod": 0, "target": 6, "value": 0.034505863788331093, "supply": "[{\"l\":'Labor',\"v\":0.034505863788331093}]"}]}