{"nodes": [{"layer": 3, "name": "Vegetables"}, {"layer": 5, "name": "Production", "fill": "#b5cf6b"}, {"layer": 3, "name": "Sugar Crops", "fill": "#ffbb78"}, {"layer": 3, "name": "Starchy Roots"}, {"layer": 3, "name": "Pulses"}, {"layer": 3, "name": "Cereals - Excluding Beer"}, {"layer": 3, "name": "Stimulants"}, {"layer": 3, "name": "Fruits - Excluding Wine"}, {"layer": 3, "name": "Oilcrops", "fill": "#ff9896"}, {"layer": 1, "name": "Electricity", "fill": "#bcbd22"}, {"layer": 0, "name": "Fossil Fuels", "fill": "#c49c94"}, {"layer": 0, "name": "Renewables & Nuclear", "fill": "#2ca02c"}, {"layer": 1, "name": "Fertilizers", "fill": "#c5b0d5"}, {"layer": 0, "name": "Labor", "fill": "#7f7f7f"}], "links": [{"source": 0, "prod": 1209.0, "target": 1, "value": 0.38224077725083067, "supply": [{"l": "Vegetables, Other", "v": 0.18745900010070662}, {"l": "Tomatoes", "v": 0.062382856047778115}, {"l": "Onions", "v": 0.13239892110234591}]}, {"source": 2, "prod": 23500.0, "target": 1, "value": 6.832732292871575, "supply": [{"l": "Sugar cane", "v": 6.832732292871575}]}, {"source": 3, "prod": 3778.0, "target": 1, "value": 3.4360421751597903, "supply": [{"l": "Yams", "v": 0.08647256156305555}, {"l": "Potatoes", "v": 1.7748133850630254}, {"l": "Cassava", "v": 1.5747562285337093}]}, {"source": 4, "prod": 124.0, "target": 1, "value": 0.48406229652594762, "supply": [{"l": "Peas", "v": 0.13391495850683507}, {"l": "Beans", "v": 0.28171474188559098}, {"l": "Pulses, Other", "v": 0.068432596133521553}]}, {"source": 5, "prod": 2945.0, "target": 1, "value": 11.59587944383409, "supply": [{"l": "Maize", "v": 3.5861883574071056}, {"l": "Barley", "v": 0.15238521338384614}, {"l": "Rice", "v": 5.8289959006276613}, {"l": "Wheat", "v": 0.22503086862881866}, {"l": "Oats", "v": 0.0030321547561071431}, {"l": "Sorghum", "v": 1.8002469490305493}]}, {"source": 6, "prod": 813.0, "target": 1, "value": 0.45417067594393129, "supply": [{"l": "Coffee", "v": 0.40942590575921506}, {"l": "Cocoa Beans", "v": 0.044744770184716218}]}, {"source": 7, "prod": 3679.0, "target": 1, "value": 3.143465895590758, "supply": [{"l": "Plantains", "v": 2.1045944149787776}, {"l": "Fruits, Other", "v": 0.061889186117803335}, {"l": "Grapes", "v": 0.010740403593921689}, {"l": "Pineapples", "v": 0.048056792360943401}, {"l": "Bananas", "v": 0.82177790841465836}, {"l": "Oranges, Mandarines", "v": 0.096407190124653805}]}, {"source": 8, "prod": 702.57894736842104, "target": 1, "value": 2.755474826102148, "supply": [{"l": "Coconuts - Incl Copra", "v": 0.13214059637509729}, {"l": "Sesame seed", "v": 0.030543748266285507}, {"l": "Cottonseed", "v": 0.36652497919542609}, {"l": "Groundnuts", "v": 0.014150055528500001}, {"l": "Soyabeans", "v": 0.38205149926949999}, {"l": "Palm kernels", "v": 0.082904459579917808}, {"l": "Oil Palm", "v": 1.7471594878874213}]}, {"source": 9, "prod": 0, "target": 8, "value": 0.0012267371672616378, "supply": "[{\"l\":'Energy for power irrigation',\"v\":0.0012267371672616378}]"}, {"source": 9, "prod": 0, "target": 0, "value": 0.0020022186893260329, "supply": "[{\"l\":'Energy for power irrigation',\"v\":0.0020022186893260329}]"}, {"source": 9, "prod": 0, "target": 2, "value": 0.038821897029011364, "supply": "[{\"l\":'Energy for power irrigation',\"v\":0.038821897029011364}]"}, {"source": 9, "prod": 0, "target": 3, "value": 0.0062420654435795505, "supply": "[{\"l\":'Energy for power irrigation',\"v\":0.0062420654435795505}]"}, {"source": 9, "prod": 0, "target": 4, "value": 0.00026184130549354476, "supply": "[{\"l\":'Energy for power irrigation',\"v\":0.00026184130549354476}]"}, {"source": 9, "prod": 0, "target": 7, "value": 0.0061239477568742606, "supply": "[{\"l\":'Energy for power irrigation',\"v\":0.0061239477568742606}]"}, {"source": 9, "prod": 0, "target": 5, "value": 0.0055564872620033927, "supply": "[{\"l\":'Energy for power irrigation',\"v\":0.0055564872620033927}]"}, {"source": 9, "prod": 0, "target": 6, "value": 0.0013472024266876072, "supply": "[{\"l\":'Energy for power irrigation',\"v\":0.0013472024266876072}]"}, {"source": 10, "prod": 0, "target": 9, "value": 0.044061196494995458, "supply": [{"l": "Coal", "v": 0.01328374090420489}, {"l": "Natural gas", "v": 0.028563686111112829}, {"l": "Oil", "v": 0.0022137694796777367}]}, {"source": 11, "prod": 0, "target": 9, "value": 0.042614112681709518, "supply": [{"l": "Nuclear", "v": 0.0}, {"l": "Hydroelectric", "v": 0.041972777087893966}, {"l": "Renewable", "v": 0.00064133559381554972}]}, {"source": 10, "prod": 0, "target": 8, "value": 0.32175578166676277, "supply": [{"l": "Motor Gasoline", "v": 0.0011438931664607521}, {"l": "Gas-Diesel oil", "v": 0.089936340830311476}, {"l": "Fuel oil", "v": 0.0002235405542970705}, {"l": "Other fossil fuels", "v": 0.23045200711569347}]}, {"source": 10, "prod": 0, "target": 0, "value": 0.52515359984564558, "supply": [{"l": "Motor Gasoline", "v": 0.0018670048789608193}, {"l": "Gas-Diesel oil", "v": 0.14678957095757408}, {"l": "Fuel oil", "v": 0.00036485164677531648}, {"l": "Other fossil fuels", "v": 0.37613217236233537}]}, {"source": 10, "prod": 0, "target": 2, "value": 10.182433660373491, "supply": [{"l": "Motor Gasoline", "v": 0.036200177108563741}, {"l": "Gas-Diesel oil", "v": 2.8461674236823358}, {"l": "Fuel oil", "v": 0.0070742687287293207}, {"l": "Other fossil fuels", "v": 7.2929917908538622}]}, {"source": 10, "prod": 0, "target": 3, "value": 1.6372053440732439, "supply": [{"l": "Motor Gasoline", "v": 0.0058205263491365143}, {"l": "Gas-Diesel oil", "v": 0.45762738767590239}, {"l": "Fuel oil", "v": 0.0011374521017661165}, {"l": "Other fossil fuels", "v": 1.172619977946439}]}, {"source": 10, "prod": 0, "target": 4, "value": 0.068677265326348866, "supply": [{"l": "Motor Gasoline", "v": 0.00024415864134924906}, {"l": "Gas-Diesel oil", "v": 0.019196490921431927}, {"l": "Fuel oil", "v": 4.7713684829940317e-05}, {"l": "Other fossil fuels", "v": 0.049188902078737752}]}, {"source": 10, "prod": 0, "target": 7, "value": 1.6062247480427461, "supply": [{"l": "Motor Gasoline", "v": 0.0057103853847423735}, {"l": "Gas-Diesel oil", "v": 0.44896777189746467}, {"l": "Fuel oil", "v": 0.0011159282628680678}, {"l": "Other fossil fuels", "v": 1.150430662497671}]}, {"source": 10, "prod": 0, "target": 5, "value": 1.4573878985815418, "supply": [{"l": "Motor Gasoline", "v": 0.0051812466257299631}, {"l": "Gas-Diesel oil", "v": 0.40736528210874623}, {"l": "Fuel oil", "v": 0.0010125235263438754}, {"l": "Other fossil fuels", "v": 1.0438288463207219}]}, {"source": 10, "prod": 0, "target": 6, "value": 0.35335211276742901, "supply": [{"l": "Motor Gasoline", "v": 0.0012562231673205841}, {"l": "Gas-Diesel oil", "v": 0.098768065277146586}, {"l": "Fuel oil", "v": 0.00024549217652250043}, {"l": "Other fossil fuels", "v": 0.25308233214643933}]}, {"source": 12, "prod": 6.0435627433194146, "target": 8, "value": 0.065256545127696755, "supply": [{"l": "Potash", "v": 0.17639555569667198}, {"l": "Phosphate", "v": 0.35855000028683998}, {"l": "Nitrogen", "v": 2.74107500219286}]}, {"source": 12, "prod": 9.8639990681947332, "target": 0, "value": 0.10650845001067411, "supply": [{"l": "Potash", "v": 0.17639555569667198}, {"l": "Phosphate", "v": 0.35855000028683998}, {"l": "Nitrogen", "v": 2.74107500219286}]}, {"source": 12, "prod": 191.25740767539293, "target": 2, "value": 2.0651390884907932, "supply": [{"l": "Potash", "v": 0.17639555569667198}, {"l": "Phosphate", "v": 0.35855000028683998}, {"l": "Nitrogen", "v": 2.74107500219286}]}, {"source": 12, "prod": 30.751749570275411, "target": 3, "value": 0.33204800195159412, "supply": [{"l": "Potash", "v": 0.17639555569667198}, {"l": "Phosphate", "v": 0.35855000028683998}, {"l": "Nitrogen", "v": 2.74107500219286}]}, {"source": 12, "prod": 1.2899701751723311, "target": 4, "value": 0.013928704064927265, "supply": [{"l": "Potash", "v": 0.17639555569667198}, {"l": "Phosphate", "v": 0.35855000028683998}, {"l": "Nitrogen", "v": 2.74107500219286}]}, {"source": 12, "prod": 30.169838734156663, "target": 7, "value": 0.32576470642703703, "supply": [{"l": "Potash", "v": 0.17639555569667198}, {"l": "Phosphate", "v": 0.35855000028683998}, {"l": "Nitrogen", "v": 2.74107500219286}]}, {"source": 12, "prod": 27.374225136858897, "target": 5, "value": 0.29557852443143756, "supply": [{"l": "Potash", "v": 0.17639555569667198}, {"l": "Phosphate", "v": 0.35855000028683998}, {"l": "Nitrogen", "v": 2.74107500219286}]}, {"source": 12, "prod": 6.6370389769907625, "target": 6, "value": 0.071664720283584754, "supply": [{"l": "Potash", "v": 0.17639555569667198}, {"l": "Phosphate", "v": 0.35855000028683998}, {"l": "Nitrogen", "v": 2.74107500219286}]}, {"source": 10, "prod": 0, "target": 12, "value": 4.0270918419600381, "supply": [{"l": "Natural gas (including LNG)", "v": 2.6962012464058596}, {"l": "Fuel oil", "v": 0.84634751529366337}, {"l": "Liquefied petroleum gas (LPG)", "v": 0.24227154013025795}, {"l": "Coal", "v": 0.24227154013025795}]}, {"source": 13, "prod": 0, "target": 8, "value": 0.047456273701605399, "supply": "[{\"l\":'Labor',\"v\":0.047456273701605399}]"}, {"source": 13, "prod": 0, "target": 0, "value": 0.077455742490649168, "supply": "[{\"l\":'Labor',\"v\":0.077455742490649168}]"}, {"source": 13, "prod": 0, "target": 2, "value": 1.5018233898764484, "supply": "[{\"l\":'Labor',\"v\":1.5018233898764484}]"}, {"source": 13, "prod": 0, "target": 3, "value": 0.24147402887864511, "supply": "[{\"l\":'Labor',\"v\":0.24147402887864511}]"}, {"source": 13, "prod": 0, "target": 4, "value": 0.010129319459379451, "supply": "[{\"l\":'Labor',\"v\":0.010129319459379451}]"}, {"source": 13, "prod": 0, "target": 7, "value": 0.23690465133072316, "supply": "[{\"l\":'Labor',\"v\":0.23690465133072316}]"}, {"source": 13, "prod": 0, "target": 5, "value": 0.21495246688720995, "supply": "[{\"l\":'Labor',\"v\":0.21495246688720995}]"}, {"source": 13, "prod": 0, "target": 6, "value": 0.052116466997627391, "supply": "[{\"l\":'Labor',\"v\":0.052116466997627391}]"}]}