{"nodes": [{"layer": 5, "name": "Maize"}, {"layer": 10, "name": "Feed", "fill": "#dbdb8d"}, {"layer": 5, "name": "Sugar cane"}, {"layer": 13, "name": "Pelagic Fish"}, {"layer": 5, "name": "Bananas"}, {"layer": 5, "name": "Potatoes"}, {"layer": 5, "name": "Vegetables, Other"}, {"layer": 5, "name": "Yams"}, {"layer": 13, "name": "Milk - Excluding Butter"}, {"layer": 5, "name": "Barley"}, {"layer": 13, "name": "Fish, Seafood"}, {"layer": 5, "name": "Plantains"}, {"layer": 13, "name": "Sugar non-centrifugal"}, {"layer": 5, "name": "Sorghum"}, {"layer": 5, "name": "Cassava"}, {"layer": 16, "name": "Food", "fill": "#b5cf6b"}, {"layer": 5, "name": "Fruits, Other"}, {"layer": 13, "name": "Sugar", "fill": "#d6616b"}, {"layer": 13, "name": "Maize Germ Oil"}, {"layer": 13, "name": "Beer"}, {"layer": 13, "name": "Beverages, Alcoholic"}, {"layer": 5, "name": "Cocoa Beans"}, {"layer": 13, "name": "Butter, Ghee"}, {"layer": 5, "name": "Tomatoes"}, {"layer": 13, "name": "Fats, Animals, Raw"}, {"layer": 5, "name": "Coffee"}, {"layer": 5, "name": "Rice"}, {"layer": 5, "name": "Wheat"}, {"layer": 13, "name": "Soyabean Oil"}, {"layer": 5, "name": "Coconuts - Incl Copra"}, {"layer": 13, "name": "Crustaceans"}, {"layer": 13, "name": "Eggs"}, {"layer": 5, "name": "Peas"}, {"layer": 13, "name": "Marine Fish, Other"}, {"layer": 5, "name": "Grapes"}, {"layer": 13, "name": "Palm Oil"}, {"layer": 13, "name": "Mutton & Goat Meat"}, {"layer": 5, "name": "Oats"}, {"layer": 13, "name": "Pigmeat"}, {"layer": 13, "name": "Poultry Meat"}, {"layer": 5, "name": "Cereals, Other"}, {"layer": 5, "name": "Soyabeans"}, {"layer": 13, "name": "Freshwater Fish"}, {"layer": 5, "name": "Pineapples"}, {"layer": 13, "name": "Sesameseed Oil"}, {"layer": 5, "name": "Beans"}, {"layer": 5, "name": "Pulses, Other"}, {"layer": 13, "name": "Meat, Other"}, {"layer": 13, "name": "Wine"}, {"layer": 5, "name": "Spices, Other"}, {"layer": 13, "name": "Bovine Meat"}, {"layer": 13, "name": "Molluscs, Other"}, {"layer": 13, "name": "Honey"}, {"layer": 13, "name": "Offals, Edible"}, {"layer": 13, "name": "Demersal Fish"}, {"layer": 5, "name": "Oranges, Mandarines"}, {"layer": 13, "name": "Cottonseed Oil"}, {"layer": 13, "name": "Palmkernel Oil"}, {"layer": 5, "name": "Onions"}, {"layer": 10, "name": "Processing", "fill": "#9edae5"}, {"layer": 5, "name": "Cottonseed"}, {"layer": 5, "name": "Sesame seed"}, {"layer": 5, "name": "Palm kernels"}, {"layer": 16, "name": "Biofuels & Other", "fill": "#e7ba52"}, {"layer": 13, "name": "Fish, Body Oil"}, {"layer": 13, "name": "Oilcrops Oil, Other"}, {"name": "Seed", "fill": "#dbdb8d"}, {"name": "Waste", "fill": "#c7c7c7"}, {"layer": 0, "name": "Import", "fill": "#aec7e8"}, {"layer": 16, "name": "Export", "fill": "#aec7e8"}, {"layer": 16, "name": "Stock Deposit", "fill": "#c7c7c7"}, {"layer": 0, "name": "Stock Draw", "fill": "#c7c7c7"}, {"layer": 0, "name": "Production", "fill": "#b5cf6b"}, {"layer": 5, "name": "Oil Palm"}], "links": [{"source": 0, "prod": 0.34738177170880813, "target": 1, "value": 87.0, "supply": [{"l": "Maize", "v": 87.0}]}, {"source": 2, "prod": 0.010142960157597348, "target": 1, "value": 27.0, "supply": [{"l": "Sugar cane", "v": 27.0}]}, {"source": 3, "prod": 0.0339601332684, "target": 1, "value": 16.0, "supply": [{"l": "Pelagic Fish", "v": 16.0}]}, {"source": 4, "prod": 0.053855696240427658, "target": 1, "value": 76.0, "supply": [{"l": "Bananas", "v": 76.0}]}, {"source": 5, "prod": 0.066036989430810239, "target": 1, "value": 80.0, "supply": [{"l": "Potatoes", "v": 80.0}]}, {"source": 6, "prod": 0.0041555132952673197, "target": 1, "value": 15.0, "supply": [{"l": "Vegetables, Other", "v": 15.0}]}, {"source": 7, "prod": 0.019414595244185116, "target": 1, "value": 18.0, "supply": [{"l": "Yams", "v": 18.0}]}, {"source": 8, "prod": 0.20230716397673409, "target": 1, "value": 303.0, "supply": [{"l": "Milk - Excluding Butter", "v": 303.0}]}, {"source": 9, "prod": 0.0093183292504756092, "target": 1, "value": 3.0, "supply": [{"l": "Barley", "v": 3.0}]}, {"source": 10, "prod": 0.011624495495295843, "target": 1, "value": 16.0, "supply": [{"l": "Fish, Seafood", "v": 16.0}]}, {"source": 11, "prod": 0.16832589480572996, "target": 1, "value": 159.0, "supply": [{"l": "Plantains", "v": 159.0}]}, {"source": 12, "prod": 0.12270188219323218, "target": 1, "value": 30.0, "supply": [{"l": "Sugar non-centrifugal", "v": 30.0}]}, {"source": 13, "prod": 0.27543509680618317, "target": 1, "value": 87.0, "supply": [{"l": "Sorghum", "v": 87.0}]}, {"source": 14, "prod": 0.02569198527870702, "target": 1, "value": 25.0, "supply": [{"l": "Cassava", "v": 25.0}]}, {"source": 0, "prod": 2.9227983550672132, "target": 15, "value": 732.0, "supply": [{"l": "Maize", "v": 732.0}]}, {"source": 11, "prod": 1.4450619271057945, "target": 15, "value": 1365.0, "supply": [{"l": "Plantains", "v": 1365.0}]}, {"source": 16, "prod": 0.041635557845053316, "target": 15, "value": 92.0, "supply": [{"l": "Fruits, Other", "v": 92.0}]}, {"source": 7, "prod": 0.11648757146511071, "target": 15, "value": 108.0, "supply": [{"l": "Yams", "v": 108.0}]}, {"source": 17, "prod": 1.7377912619068792, "target": 15, "value": 420.0, "supply": [{"l": "Sugar", "v": 420.0}]}, {"source": 18, "prod": 0.040428730081428582, "target": 15, "value": 4.0, "supply": [{"l": "Maize Germ Oil", "v": 4.0}]}, {"source": 19, "prod": 0.24223581437033551, "target": 15, "value": 585.0, "supply": [{"l": "Beer", "v": 585.0}]}, {"source": 20, "prod": 0.10896444034367198, "target": 15, "value": 31.0, "supply": [{"l": "Beverages, Alcoholic", "v": 31.0}]}, {"source": 9, "prod": 0.024848878001268292, "target": 15, "value": 8.0, "supply": [{"l": "Barley", "v": 8.0}]}, {"source": 21, "prod": 0.032946397946955225, "target": 15, "value": 26.0, "supply": [{"l": "Cocoa Beans", "v": 26.0}]}, {"source": 12, "prod": 1.8936990485155498, "target": 15, "value": 463.0, "supply": [{"l": "Sugar non-centrifugal", "v": 463.0}]}, {"source": 22, "prod": 0.076410299853900007, "target": 15, "value": 9.0, "supply": [{"l": "Butter, Ghee", "v": 9.0}]}, {"source": 23, "prod": 0.033478049357649843, "target": 15, "value": 125.0, "supply": [{"l": "Tomatoes", "v": 125.0}]}, {"source": 24, "prod": 0.18182195245470797, "target": 15, "value": 22.0, "supply": [{"l": "Fats, Animals, Raw", "v": 22.0}]}, {"source": 25, "prod": 0.041919539503181252, "target": 15, "value": 79.0, "supply": [{"l": "Coffee", "v": 79.0}]}, {"source": 26, "prod": 1.8282711820330186, "target": 15, "value": 424.0, "supply": [{"l": "Rice", "v": 424.0}]}, {"source": 27, "prod": 0.91796674227210928, "target": 15, "value": 288.0, "supply": [{"l": "Wheat", "v": 288.0}]}, {"source": 28, "prod": 0.19124456492642786, "target": 15, "value": 19.0, "supply": [{"l": "Soyabean Oil", "v": 19.0}]}, {"source": 29, "prod": 0.042159412019845896, "target": 15, "value": 29.0, "supply": [{"l": "Coconuts - Incl Copra", "v": 29.0}]}, {"source": 30, "prod": 0.0032653974296538461, "target": 15, "value": 4.0, "supply": [{"l": "Crustaceans", "v": 4.0}]}, {"source": 31, "prod": 0.058841815069009901, "target": 15, "value": 40.0, "supply": [{"l": "Eggs", "v": 40.0}]}, {"source": 6, "prod": 0.1085974141163193, "target": 15, "value": 392.0, "supply": [{"l": "Vegetables, Other", "v": 392.0}]}, {"source": 32, "prod": 0.10107182520357143, "target": 15, "value": 25.0, "supply": [{"l": "Peas", "v": 25.0}]}, {"source": 33, "prod": 0.016855213203066179, "target": 15, "value": 27.0, "supply": [{"l": "Marine Fish, Other", "v": 27.0}]}, {"source": 34, "prod": 0.0090045807908636366, "target": 15, "value": 7.0, "supply": [{"l": "Grapes", "v": 7.0}]}, {"source": 35, "prod": 0.116737958110125, "target": 15, "value": 11.0, "supply": [{"l": "Palm Oil", "v": 11.0}]}, {"source": 36, "prod": 0.016565918667512194, "target": 15, "value": 8.0, "supply": [{"l": "Mutton & Goat Meat", "v": 8.0}]}, {"source": 37, "prod": 0.0088437847053125015, "target": 15, "value": 5.0, "supply": [{"l": "Oats", "v": 5.0}]}, {"source": 38, "prod": 0.20100727529134055, "target": 15, "value": 73.0, "supply": [{"l": "Pigmeat", "v": 73.0}]}, {"source": 39, "prod": 0.05829281248822249, "target": 15, "value": 41.0, "supply": [{"l": "Poultry Meat", "v": 41.0}]}, {"source": 40, "prod": 0.015722283920555559, "target": 15, "value": 5.0, "supply": [{"l": "Cereals, Other", "v": 5.0}]}, {"source": 41, "prod": 0.0339601332684, "target": 15, "value": 8.0, "supply": [{"l": "Soyabeans", "v": 8.0}]}, {"source": 5, "prod": 0.45070245286527993, "target": 15, "value": 546.0, "supply": [{"l": "Potatoes", "v": 546.0}]}, {"source": 42, "prod": 0.0169800666342, "target": 15, "value": 24.0, "supply": [{"l": "Freshwater Fish", "v": 24.0}]}, {"source": 43, "prod": 0.025298584126712119, "target": 15, "value": 59.0, "supply": [{"l": "Pineapples", "v": 59.0}]}, {"source": 8, "prod": 1.1691083964464071, "target": 15, "value": 1751.0, "supply": [{"l": "Milk - Excluding Butter", "v": 1751.0}]}, {"source": 44, "prod": 0.048980961444807694, "target": 15, "value": 5.0, "supply": [{"l": "Sesameseed Oil", "v": 5.0}]}, {"source": 45, "prod": 0.13262537252747927, "target": 15, "value": 33.0, "supply": [{"l": "Beans", "v": 33.0}]}, {"source": 46, "prod": 0.10107182520357143, "target": 15, "value": 25.0, "supply": [{"l": "Pulses, Other", "v": 25.0}]}, {"source": 10, "prod": 0.058122477476479223, "target": 15, "value": 80.0, "supply": [{"l": "Fish, Seafood", "v": 80.0}]}, {"source": 47, "prod": 0.006288913568222222, "target": 15, "value": 4.0, "supply": [{"l": "Meat, Other", "v": 4.0}]}, {"source": 48, "prod": 0.00078055468969094762, "target": 15, "value": 1.0, "supply": [{"l": "Wine", "v": 1.0}]}, {"source": 3, "prod": 0.0084900333171, "target": 15, "value": 4.0, "supply": [{"l": "Pelagic Fish", "v": 4.0}]}, {"source": 4, "prod": 0.17503101278138991, "target": 15, "value": 247.0, "supply": [{"l": "Bananas", "v": 247.0}]}, {"source": 49, "prod": 0.002497068622676471, "target": 15, "value": 1.0, "supply": [{"l": "Spices, Other", "v": 1.0}]}, {"source": 50, "prod": 0.87589321763831496, "target": 15, "value": 349.0, "supply": [{"l": "Bovine Meat", "v": 349.0}]}, {"source": 51, "prod": 0.00072653096845599018, "target": 15, "value": 1.0, "supply": [{"l": "Molluscs, Other", "v": 1.0}]}, {"source": 52, "prod": 0.010612541646375, "target": 15, "value": 2.0, "supply": [{"l": "Honey", "v": 2.0}]}, {"source": 53, "prod": 0.075466962818666661, "target": 15, "value": 64.0, "supply": [{"l": "Offals, Edible", "v": 64.0}]}, {"source": 54, "prod": 0.00833134110556542, "target": 15, "value": 21.0, "supply": [{"l": "Demersal Fish", "v": 21.0}]}, {"source": 55, "prod": 0.024984294230158043, "target": 15, "value": 72.0, "supply": [{"l": "Oranges, Mandarines", "v": 72.0}]}, {"source": 56, "prod": 0.2484887800126829, "target": 15, "value": 24.0, "supply": [{"l": "Cottonseed Oil", "v": 24.0}]}, {"source": 57, "prod": 0.02122508329275, "target": 15, "value": 2.0, "supply": [{"l": "Palmkernel Oil", "v": 2.0}]}, {"source": 58, "prod": 0.058352948025385203, "target": 15, "value": 130.0, "supply": [{"l": "Onions", "v": 130.0}]}, {"source": 14, "prod": 0.73479077897102063, "target": 15, "value": 715.0, "supply": [{"l": "Cassava", "v": 715.0}]}, {"source": 0, "prod": 0.071872090698374094, "target": 59, "value": 18.0, "supply": [{"l": "Maize", "v": 18.0}]}, {"source": 29, "prod": 0.0014537728282705482, "target": 59, "value": 1.0, "supply": [{"l": "Coconuts - Incl Copra", "v": 1.0}]}, {"source": 60, "prod": 0.43025860625495133, "target": 59, "value": 151.0, "supply": [{"l": "Cottonseed", "v": 151.0}]}, {"source": 61, "prod": 0.031343342177513014, "target": 59, "value": 11.0, "supply": [{"l": "Sesame seed", "v": 11.0}]}, {"source": 41, "prod": 0.21225083292749999, "target": 59, "value": 50.0, "supply": [{"l": "Soyabeans", "v": 50.0}]}, {"source": 9, "prod": 0.2609132190133171, "target": 59, "value": 84.0, "supply": [{"l": "Barley", "v": 84.0}]}, {"source": 62, "prod": 0.0085481842302308226, "target": 59, "value": 3.0, "supply": [{"l": "Palm kernels", "v": 3.0}]}, {"source": 26, "prod": 0.012935881004950604, "target": 59, "value": 3.0, "supply": [{"l": "Rice", "v": 3.0}]}, {"source": 2, "prod": 4.7499106752837346, "target": 59, "value": 12644.0, "supply": [{"l": "Sugar cane", "v": 12644.0}]}, {"source": 24, "prod": 0.19835122085968146, "target": 63, "value": 24.0, "supply": [{"l": "Fats, Animals, Raw", "v": 24.0}]}, {"source": 29, "prod": 0.0043613184848116443, "target": 63, "value": 3.0, "supply": [{"l": "Coconuts - Incl Copra", "v": 3.0}]}, {"source": 5, "prod": 0.00082546236788512807, "target": 63, "value": 1.0, "supply": [{"l": "Potatoes", "v": 1.0}]}, {"source": 64, "prod": 0.14241467391648718, "target": 63, "value": 17.0, "supply": [{"l": "Fish, Body Oil", "v": 17.0}]}, {"source": 8, "prod": 0.00066768040916413891, "target": 63, "value": 1.0, "supply": [{"l": "Milk - Excluding Butter", "v": 1.0}]}, {"source": 65, "prod": 0.10230440843776133, "target": 63, "value": 10.0, "supply": [{"l": "Oilcrops Oil, Other", "v": 10.0}]}, {"source": 14, "prod": 0.08735274994760385, "target": 63, "value": 85.0, "supply": [{"l": "Cassava", "v": 85.0}]}, {"source": 0, "prod": 0.099822348192186258, "target": 66, "value": 25.0, "supply": [{"l": "Maize", "v": 25.0}]}, {"source": 27, "prod": 0.028686460696003415, "target": 66, "value": 9.0, "supply": [{"l": "Wheat", "v": 9.0}]}, {"source": 41, "prod": 0.0169800666342, "target": 66, "value": 4.0, "supply": [{"l": "Soyabeans", "v": 4.0}]}, {"source": 5, "prod": 0.062735139959269728, "target": 66, "value": 76.0, "supply": [{"l": "Potatoes", "v": 76.0}]}, {"source": 31, "prod": 0.0044131361301757424, "target": 31, "value": 3.0, "supply": [{"l": "Eggs", "v": 3.0}]}, {"source": 32, "prod": 0.0080857460162857137, "target": 66, "value": 2.0, "supply": [{"l": "Peas", "v": 2.0}]}, {"source": 60, "prod": 0.017096368460461645, "target": 66, "value": 6.0, "supply": [{"l": "Cottonseed", "v": 6.0}]}, {"source": 45, "prod": 0.020094753413254438, "target": 66, "value": 5.0, "supply": [{"l": "Beans", "v": 5.0}]}, {"source": 9, "prod": 0.012424439000634146, "target": 66, "value": 4.0, "supply": [{"l": "Barley", "v": 4.0}]}, {"source": 26, "prod": 0.12073488937953897, "target": 66, "value": 28.0, "supply": [{"l": "Rice", "v": 28.0}]}, {"source": 13, "prod": 0.0031659206529446337, "target": 66, "value": 1.0, "supply": [{"l": "Sorghum", "v": 1.0}]}, {"source": 46, "prod": 0.01212861902442857, "target": 66, "value": 3.0, "supply": [{"l": "Pulses, Other", "v": 3.0}]}, {"source": 2, "prod": 0.10631324905926107, "target": 66, "value": 283.0, "supply": [{"l": "Sugar cane", "v": 283.0}]}, {"source": 0, "prod": 0.051907621059936855, "target": 67, "value": 13.0, "supply": [{"l": "Maize", "v": 13.0}]}, {"source": 11, "prod": 0.070929779572225821, "target": 67, "value": 67.0, "supply": [{"l": "Plantains", "v": 67.0}]}, {"source": 16, "prod": 0.0036204832908742009, "target": 67, "value": 8.0, "supply": [{"l": "Fruits, Other", "v": 8.0}]}, {"source": 7, "prod": 0.015100240745477316, "target": 67, "value": 14.0, "supply": [{"l": "Yams", "v": 14.0}]}, {"source": 9, "prod": 0.0062122195003170731, "target": 67, "value": 2.0, "supply": [{"l": "Barley", "v": 2.0}]}, {"source": 26, "prod": 0.017247841339934136, "target": 67, "value": 4.0, "supply": [{"l": "Rice", "v": 4.0}]}, {"source": 23, "prod": 0.0013391219743059937, "target": 67, "value": 5.0, "supply": [{"l": "Tomatoes", "v": 5.0}]}, {"source": 25, "prod": 0.00265313541159375, "target": 67, "value": 5.0, "supply": [{"l": "Coffee", "v": 5.0}]}, {"source": 12, "prod": 0.040900627397744055, "target": 67, "value": 10.0, "supply": [{"l": "Sugar non-centrifugal", "v": 10.0}]}, {"source": 27, "prod": 0.012749538087112629, "target": 67, "value": 4.0, "supply": [{"l": "Wheat", "v": 4.0}]}, {"source": 31, "prod": 0.0044131361301757424, "target": 67, "value": 3.0, "supply": [{"l": "Eggs", "v": 3.0}]}, {"source": 6, "prod": 0.0094191634692725908, "target": 67, "value": 34.0, "supply": [{"l": "Vegetables, Other", "v": 34.0}]}, {"source": 60, "prod": 0.0056987894868205484, "target": 67, "value": 2.0, "supply": [{"l": "Cottonseed", "v": 2.0}]}, {"source": 34, "prod": 0.001286368684409091, "target": 67, "value": 1.0, "supply": [{"l": "Grapes", "v": 1.0}]}, {"source": 21, "prod": 0.0012671691518059702, "target": 67, "value": 1.0, "supply": [{"l": "Cocoa Beans", "v": 1.0}]}, {"source": 41, "prod": 0.00424501665855, "target": 67, "value": 1.0, "supply": [{"l": "Soyabeans", "v": 1.0}]}, {"source": 5, "prod": 0.080069849684857419, "target": 67, "value": 97.0, "supply": [{"l": "Potatoes", "v": 97.0}]}, {"source": 8, "prod": 0.097481339737964301, "target": 67, "value": 146.0, "supply": [{"l": "Milk - Excluding Butter", "v": 146.0}]}, {"source": 45, "prod": 0.0040189506826508875, "target": 67, "value": 1.0, "supply": [{"l": "Beans", "v": 1.0}]}, {"source": 13, "prod": 0.0094977619588339016, "target": 67, "value": 3.0, "supply": [{"l": "Sorghum", "v": 3.0}]}, {"source": 43, "prod": 0.0085757912293939389, "target": 67, "value": 20.0, "supply": [{"l": "Pineapples", "v": 20.0}]}, {"source": 4, "prod": 0.081492171942752392, "target": 67, "value": 115.0, "supply": [{"l": "Bananas", "v": 115.0}]}, {"source": 50, "prod": 0.017568058806499157, "target": 67, "value": 7.0, "supply": [{"l": "Bovine Meat", "v": 7.0}]}, {"source": 55, "prod": 0.0038170449518297005, "target": 67, "value": 11.0, "supply": [{"l": "Oranges, Mandarines", "v": 11.0}]}, {"source": 58, "prod": 0.013466064928935048, "target": 67, "value": 30.0, "supply": [{"l": "Onions", "v": 30.0}]}, {"source": 14, "prod": 0.026719664689855298, "target": 67, "value": 26.0, "supply": [{"l": "Cassava", "v": 26.0}]}, {"source": 68, "prod": 0.018866740704666665, "target": 40, "value": 6.0, "supply": [{"l": "Cereals, Other", "v": 6.0}]}, {"source": 68, "prod": 0.56416706035473385, "target": 27, "value": 177.0, "supply": [{"l": "Wheat", "v": 177.0}]}, {"source": 68, "prod": 0.12704163868172078, "target": 1, "value": 154.0, "supply": [{"l": "Pelagic Fish", "v": 16.0}, {"l": "Milk - Excluding Butter", "v": 122.0}, {"l": "Fish, Seafood", "v": 16.0}]}, {"source": 68, "prod": 0.002497068622676471, "target": 49, "value": 1.0, "supply": [{"l": "Spices, Other", "v": 1.0}]}, {"source": 68, "prod": 0.024848878001268292, "target": 9, "value": 8.0, "supply": [{"l": "Barley", "v": 8.0}]}, {"source": 68, "prod": 0.48360283559387574, "target": 59, "value": 58.0, "supply": [{"l": "Fats, Animals, Raw", "v": 31.0}, {"l": "Soyabean Oil", "v": 7.0}, {"l": "Fish, Body Oil", "v": 17.0}, {"l": "Beverages, Alcoholic", "v": 1.0}, {"l": "Oilcrops Oil, Other", "v": 1.0}, {"l": "Wine", "v": 1.0}]}, {"source": 68, "prod": 0.013938860669865674, "target": 21, "value": 11.0, "supply": [{"l": "Cocoa Beans", "v": 11.0}]}, {"source": 68, "prod": 0.019964469638437246, "target": 0, "value": 5.0, "supply": [{"l": "Maize", "v": 5.0}]}, {"source": 68, "prod": 0.00045256041135927511, "target": 16, "value": 1.0, "supply": [{"l": "Fruits, Other", "v": 1.0}]}, {"source": 68, "prod": 0.0014537728282705482, "target": 29, "value": 1.0, "supply": [{"l": "Coconuts - Incl Copra", "v": 1.0}]}, {"source": 68, "prod": 0.0088437847053125015, "target": 37, "value": 5.0, "supply": [{"l": "Oats", "v": 5.0}]}, {"source": 68, "prod": 0.0040428730081428568, "target": 46, "value": 1.0, "supply": [{"l": "Pulses, Other", "v": 1.0}]}, {"source": 0, "prod": 0.0039928939276874494, "target": 69, "value": 1.0, "supply": [{"l": "Maize", "v": 1.0}]}, {"source": 25, "prod": 0.1942095121286625, "target": 69, "value": 366.0, "supply": [{"l": "Coffee", "v": 366.0}]}, {"source": 4, "prod": 0.23101259176815023, "target": 69, "value": 326.0, "supply": [{"l": "Bananas", "v": 326.0}]}, {"source": 30, "prod": 0.001632698714826923, "target": 69, "value": 2.0, "supply": [{"l": "Crustaceans", "v": 2.0}]}, {"source": 17, "prod": 0.73235488894647049, "target": 69, "value": 177.0, "supply": [{"l": "Sugar", "v": 177.0}]}, {"source": 8, "prod": 0.0013353608183282778, "target": 69, "value": 2.0, "supply": [{"l": "Milk - Excluding Butter", "v": 2.0}]}, {"source": 10, "prod": 0.0014530619369119804, "target": 69, "value": 2.0, "supply": [{"l": "Fish, Seafood", "v": 2.0}]}, {"source": 50, "prod": 0.007529168059928211, "target": 69, "value": 3.0, "supply": [{"l": "Bovine Meat", "v": 3.0}]}, {"source": 2, "prod": 0.016904933595995576, "target": 69, "value": 45.0, "supply": [{"l": "Sugar cane", "v": 45.0}]}, {"source": 41, "prod": 0.072165283195350011, "target": 70, "value": 17.0, "supply": [{"l": "Soyabeans", "v": 17.0}]}, {"source": 71, "prod": 0.079857878553748984, "target": 0, "value": 20.0, "supply": [{"l": "Maize", "v": 20.0}]}, {"source": 71, "prod": 0.077615286029703634, "target": 26, "value": 18.0, "supply": [{"l": "Rice", "v": 18.0}]}, {"source": 71, "prod": 0.14343230348001706, "target": 27, "value": 45.0, "supply": [{"l": "Wheat", "v": 45.0}]}, {"source": 71, "prod": 0.030196510251541239, "target": 59, "value": 3.0, "supply": [{"l": "Soyabean Oil", "v": 3.0}]}, {"source": 25, "prod": 0.00371438957623125, "target": 70, "value": 7.0, "supply": [{"l": "Coffee", "v": 7.0}]}, {"source": 9, "prod": 0.0093183292504756092, "target": 70, "value": 3.0, "supply": [{"l": "Barley", "v": 3.0}]}, {"source": 72, "prod": 3.3939598385343324, "target": 0, "value": 850.0, "supply": [{"l": "Maize", "v": 850.0}]}, {"source": 72, "prod": 1.6832589480572993, "target": 11, "value": 1590.0, "supply": [{"l": "Plantains", "v": 1590.0}]}, {"source": 72, "prod": 0.044803480724568238, "target": 16, "value": 99.0, "supply": [{"l": "Fruits, Other", "v": 99.0}]}, {"source": 72, "prod": 0.15208099607945011, "target": 7, "value": 141.0, "supply": [{"l": "Yams", "v": 141.0}]}, {"source": 72, "prod": 0.29508042626506098, "target": 9, "value": 95.0, "supply": [{"l": "Barley", "v": 95.0}]}, {"source": 72, "prod": 0.034817171331955839, "target": 23, "value": 130.0, "supply": [{"l": "Tomatoes", "v": 130.0}]}, {"source": 72, "prod": 0.24196594953735001, "target": 25, "value": 456.0, "supply": [{"l": "Coffee", "v": 456.0}]}, {"source": 72, "prod": 1.9015745077277386, "target": 26, "value": 441.0, "supply": [{"l": "Rice", "v": 441.0}]}, {"source": 72, "prod": 0.2549907617422526, "target": 27, "value": 80.0, "supply": [{"l": "Wheat", "v": 80.0}]}, {"source": 72, "prod": 0.046520730504657541, "target": 29, "value": 32.0, "supply": [{"l": "Coconuts - Incl Copra", "v": 32.0}]}, {"source": 72, "prod": 0.12189505666117469, "target": 6, "value": 440.0, "supply": [{"l": "Vegetables, Other", "v": 440.0}]}, {"source": 72, "prod": 0.10915757121985716, "target": 32, "value": 27.0, "supply": [{"l": "Peas", "v": 27.0}]}, {"source": 72, "prod": 0.031343342177513014, "target": 61, "value": 11.0, "supply": [{"l": "Sesame seed", "v": 11.0}]}, {"source": 72, "prod": 0.339601332684, "target": 41, "value": 80.0, "supply": [{"l": "Soyabeans", "v": 80.0}]}, {"source": 72, "prod": 0.010290949475272728, "target": 34, "value": 8.0, "supply": [{"l": "Grapes", "v": 8.0}]}, {"source": 72, "prod": 4.8836474832876116, "target": 2, "value": 13000.0, "supply": [{"l": "Sugar cane", "v": 13000.0}]}, {"source": 72, "prod": 0.021541875580701496, "target": 21, "value": 17.0, "supply": [{"l": "Cocoa Beans", "v": 17.0}]}, {"source": 72, "prod": 0.45020436945882331, "target": 60, "value": 158.0, "supply": [{"l": "Cottonseed", "v": 158.0}]}, {"source": 72, "prod": 0.66036989430810233, "target": 5, "value": 800.0, "supply": [{"l": "Potatoes", "v": 800.0}]}, {"source": 72, "prod": 0.033445585794636364, "target": 43, "value": 78.0, "supply": [{"l": "Pineapples", "v": 78.0}]}, {"source": 72, "prod": 0.1567390766233846, "target": 45, "value": 39.0, "supply": [{"l": "Beans", "v": 39.0}]}, {"source": 72, "prod": 0.10915757121985716, "target": 46, "value": 27.0, "supply": [{"l": "Pulses, Other", "v": 27.0}]}, {"source": 72, "prod": 0.28493285876501701, "target": 13, "value": 90.0, "supply": [{"l": "Sorghum", "v": 90.0}]}, {"source": 72, "prod": 0.54139147273272015, "target": 4, "value": 764.0, "supply": [{"l": "Bananas", "v": 764.0}]}, {"source": 72, "prod": 0.028801339181987743, "target": 55, "value": 83.0, "supply": [{"l": "Oranges, Mandarines", "v": 83.0}]}, {"source": 72, "prod": 0.0085481842302308226, "target": 62, "value": 3.0, "supply": [{"l": "Palm kernels", "v": 3.0}]}, {"source": 72, "prod": 0.071819012954320249, "target": 58, "value": 160.0, "supply": [{"l": "Onions", "v": 160.0}]}, {"source": 72, "prod": 0.87352749947603858, "target": 14, "value": 850.0, "supply": [{"l": "Cassava", "v": 850.0}]}, {"source": 1, "prod": 0.05829281248822249, "target": 39, "value": 41.0, "supply": [{"l": "Poultry Meat", "v": 41.0}]}, {"source": 1, "prod": 0.20100727529134055, "target": 38, "value": 73.0, "supply": [{"l": "Pigmeat", "v": 73.0}]}, {"source": 1, "prod": 0.0424501665855, "target": 3, "value": 20.0, "supply": [{"l": "Pelagic Fish", "v": 20.0}]}, {"source": 1, "prod": 0.0048980961444807687, "target": 30, "value": 6.0, "supply": [{"l": "Crustaceans", "v": 6.0}]}, {"source": 1, "prod": 0.063254951199185644, "target": 31, "value": 43.0, "supply": [{"l": "Eggs", "v": 46.0}]}, {"source": 1, "prod": 0.00072653096845599018, "target": 51, "value": 1.0, "supply": [{"l": "Molluscs, Other", "v": 1.0}]}, {"source": 1, "prod": 1.4708999413885977, "target": 8, "value": 2203.0, "supply": [{"l": "Milk - Excluding Butter", "v": 2203.0}]}, {"source": 1, "prod": 0.075466962818666661, "target": 53, "value": 64.0, "supply": [{"l": "Offals, Edible", "v": 64.0}]}, {"source": 1, "prod": 0.016855213203066179, "target": 33, "value": 27.0, "supply": [{"l": "Marine Fish, Other", "v": 27.0}]}, {"source": 1, "prod": 0.071200034908687052, "target": 10, "value": 98.0, "supply": [{"l": "Fish, Seafood", "v": 98.0}]}, {"source": 1, "prod": 0.9009904445047423, "target": 50, "value": 359.0, "supply": [{"l": "Bovine Meat", "v": 359.0}]}, {"source": 1, "prod": 0.00833134110556542, "target": 54, "value": 21.0, "supply": [{"l": "Demersal Fish", "v": 21.0}]}, {"source": 1, "prod": 0.006288913568222222, "target": 47, "value": 4.0, "supply": [{"l": "Meat, Other", "v": 4.0}]}, {"source": 1, "prod": 0.0169800666342, "target": 42, "value": 24.0, "supply": [{"l": "Freshwater Fish", "v": 24.0}]}, {"source": 1, "prod": 0.016565918667512194, "target": 36, "value": 8.0, "supply": [{"l": "Mutton & Goat Meat", "v": 8.0}]}, {"source": 59, "prod": 0.38017317331438943, "target": 24, "value": 46.0, "supply": [{"l": "Fats, Animals, Raw", "v": 46.0}]}, {"source": 59, "prod": 0.048980961444807694, "target": 44, "value": 5.0, "supply": [{"l": "Sesameseed Oil", "v": 5.0}]}, {"source": 59, "prod": 0.19124456492642786, "target": 28, "value": 19.0, "supply": [{"l": "Soyabean Oil", "v": 19.0}]}, {"source": 59, "prod": 0.14241467391648718, "target": 64, "value": 17.0, "supply": [{"l": "Fish, Body Oil", "v": 17.0}]}, {"source": 59, "prod": 0.2484887800126829, "target": 56, "value": 24.0, "supply": [{"l": "Cottonseed Oil", "v": 24.0}]}, {"source": 59, "prod": 2.4701461508533495, "target": 17, "value": 597.0, "supply": [{"l": "Sugar", "v": 597.0}]}, {"source": 59, "prod": 0.010612541646375, "target": 52, "value": 2.0, "supply": [{"l": "Honey", "v": 2.0}]}, {"source": 59, "prod": 0.040428730081428582, "target": 18, "value": 4.0, "supply": [{"l": "Maize Germ Oil", "v": 4.0}]}, {"source": 59, "prod": 0.24223581437033551, "target": 19, "value": 585.0, "supply": [{"l": "Beer", "v": 585.0}]}, {"source": 59, "prod": 0.10896444034367198, "target": 20, "value": 31.0, "supply": [{"l": "Beverages, Alcoholic", "v": 31.0}]}, {"source": 59, "prod": 0.116737958110125, "target": 35, "value": 11.0, "supply": [{"l": "Palm Oil", "v": 11.0}]}, {"source": 59, "prod": 0.02122508329275, "target": 57, "value": 2.0, "supply": [{"l": "Palmkernel Oil", "v": 2.0}]}, {"source": 59, "prod": 0.10230440843776133, "target": 65, "value": 10.0, "supply": [{"l": "Oilcrops Oil, Other", "v": 10.0}]}, {"source": 59, "prod": 2.0573015581065262, "target": 12, "value": 503.0, "supply": [{"l": "Sugar non-centrifugal", "v": 503.0}]}, {"source": 59, "prod": 0.076410299853900007, "target": 22, "value": 9.0, "supply": [{"l": "Butter, Ghee", "v": 9.0}]}, {"source": 59, "prod": 0.00078055468969094762, "target": 48, "value": 1.0, "supply": [{"l": "Wine", "v": 1.0}]}, {"source": 72, "prod": 0.23347591622024999, "target": 73, "value": 55.0, "supply": [{"l": "Oil Palm", "v": 55.0}]}, {"source": 73, "prod": 0.23347591622024999, "target": 59, "value": 55.0, "supply": [{"l": "Oil Palm", "v": 55.0}]}]}