{"nodes": [{"layer": 13, "name": "Animal Products", "fill": "#17becf"}, {"layer": 10, "name": "Feed", "fill": "#dbdb8d"}, {"layer": 5, "name": "Cereals", "fill": "#e7ba52"}, {"layer": 5, "name": "Sugar Crops", "fill": "#ffbb78"}, {"layer": 13, "name": "Sugar", "fill": "#d6616b"}, {"layer": 5, "name": "Starchy Roots"}, {"layer": 5, "name": "Fruits & Vegetables"}, {"layer": 13, "name": "Aquatic Products", "fill": "#1f77b4"}, {"layer": 13, "name": "Other Processed", "fill": "#9c9ede"}, {"layer": 16, "name": "Food", "fill": "#b5cf6b"}, {"layer": 5, "name": "Oilcrops", "fill": "#ff9896"}, {"layer": 5, "name": "Others"}, {"layer": 13, "name": "Vegetable Oils", "fill": "#f7b6d2"}, {"layer": 10, "name": "Processing", "fill": "#9edae5"}, {"layer": 16, "name": "Biofuels & Other", "fill": "#e7ba52"}, {"name": "Seed", "fill": "#dbdb8d"}, {"name": "Waste", "fill": "#c7c7c7"}, {"layer": 0, "name": "Import", "fill": "#aec7e8"}, {"layer": 16, "name": "Export", "fill": "#aec7e8"}, {"layer": 16, "name": "Stock Deposit", "fill": "#c7c7c7"}, {"layer": 0, "name": "Stock Draw", "fill": "#c7c7c7"}, {"layer": 0, "name": "Production", "fill": "#b5cf6b"}], "links": [{"source": 0, "prod": 0.17079971982126951, "target": 1, "value": 254.0, "supply": [{"l": "Milk - Excluding Butter", "v": 254.0}]}, {"source": 2, "prod": 0.65656996576315529, "target": 1, "value": 167.0, "supply": [{"l": "Maize", "v": 99.0}, {"l": "Cereals, Other", "v": 8.0}, {"l": "Barley", "v": 2.0}, {"l": "Sorghum", "v": 58.0}]}, {"source": 3, "prod": 0.0057451353273609033, "target": 1, "value": 18.0, "supply": [{"l": "Sugar cane", "v": 18.0}]}, {"source": 4, "prod": 0.14300588034122341, "target": 1, "value": 35.0, "supply": [{"l": "Sugar non-centrifugal", "v": 35.0}]}, {"source": 5, "prod": 0.10946200713852317, "target": 1, "value": 123.0, "supply": [{"l": "Cassava", "v": 19.0}, {"l": "Potatoes", "v": 87.0}, {"l": "Yams", "v": 17.0}]}, {"source": 6, "prod": 0.18654127190944284, "target": 1, "value": 205.0, "supply": [{"l": "Bananas", "v": 56.0}, {"l": "Vegetables, Other", "v": 14.0}, {"l": "Plantains", "v": 135.0}]}, {"source": 7, "prod": 0.051102688578525367, "target": 1, "value": 34.0, "supply": [{"l": "Pelagic Fish", "v": 17.0}, {"l": "Fish, Seafood", "v": 17.0}]}, {"source": 8, "prod": 0.59210013111082249, "target": 9, "value": 717.0, "supply": [{"l": "Beer", "v": 663.0}, {"l": "Beverages, Alcoholic", "v": 25.0}, {"l": "Butter, Ghee", "v": 7.0}, {"l": "Fats, Animals, Raw", "v": 21.0}, {"l": "Wine", "v": 1.0}]}, {"source": 0, "prod": 2.4442572328686953, "target": 9, "value": 2199.0, "supply": [{"l": "Eggs", "v": 40.0}, {"l": "Mutton & Goat Meat", "v": 7.0}, {"l": "Pigmeat", "v": 66.0}, {"l": "Milk - Excluding Butter", "v": 1593.0}, {"l": "Meat, Other", "v": 3.0}, {"l": "Bovine Meat", "v": 382.0}, {"l": "Poultry Meat", "v": 40.0}, {"l": "Offals, Edible", "v": 68.0}]}, {"source": 2, "prod": 5.5427474116906312, "target": 9, "value": 1408.0, "supply": [{"l": "Maize", "v": 768.0}, {"l": "Barley", "v": 7.0}, {"l": "Rice", "v": 356.0}, {"l": "Cereals, Other", "v": 2.0}, {"l": "Wheat", "v": 268.0}, {"l": "Oats", "v": 7.0}]}, {"source": 10, "prod": 0.052376974771647704, "target": 9, "value": 29.0, "supply": [{"l": "Coconuts - Incl Copra", "v": 27.0}, {"l": "Soyabeans", "v": 2.0}]}, {"source": 4, "prod": 3.8398036180501243, "target": 9, "value": 933.0, "supply": [{"l": "Sugar", "v": 396.0}, {"l": "Honey", "v": 2.0}, {"l": "Sugar non-centrifugal", "v": 534.0}, {"l": "Sweeteners, Other", "v": 1.0}]}, {"source": 5, "prod": 1.2164700958271462, "target": 9, "value": 1302.0, "supply": [{"l": "Yams", "v": 100.0}, {"l": "Potatoes", "v": 612.0}, {"l": "Cassava", "v": 590.0}]}, {"source": 6, "prod": 1.9824909548969483, "target": 9, "value": 2176.0, "supply": [{"l": "Vegetables, Other", "v": 319.0}, {"l": "Plantains", "v": 1154.0}, {"l": "Fruits, Other", "v": 86.0}, {"l": "Tomatoes", "v": 41.0}, {"l": "Peas", "v": 24.0}, {"l": "Grapes", "v": 6.0}, {"l": "Beans", "v": 39.0}, {"l": "Pulses, Other", "v": 23.0}, {"l": "Pineapples", "v": 54.0}, {"l": "Bananas", "v": 248.0}, {"l": "Oranges, Mandarines", "v": 68.0}, {"l": "Onions", "v": 114.0}]}, {"source": 11, "prod": 0.075995777431546119, "target": 9, "value": 110.0, "supply": [{"l": "Coffee", "v": 85.0}, {"l": "Cocoa Beans", "v": 25.0}]}, {"source": 7, "prod": 0.078104296231140305, "target": 9, "value": 99.0, "supply": [{"l": "Pelagic Fish", "v": 3.0}, {"l": "Crustaceans", "v": 2.0}, {"l": "Freshwater Fish", "v": 25.0}, {"l": "Fish, Seafood", "v": 50.0}, {"l": "Molluscs, Other", "v": 1.0}, {"l": "Demersal Fish", "v": 18.0}]}, {"source": 12, "prod": 0.61386260164302253, "target": 9, "value": 60.0, "supply": [{"l": "Maize Germ Oil", "v": 3.0}, {"l": "Soyabean Oil", "v": 13.0}, {"l": "Palm Oil", "v": 4.0}, {"l": "Coconut Oil", "v": 10.0}, {"l": "Sesameseed Oil", "v": 13.0}, {"l": "Cottonseed Oil", "v": 17.0}]}, {"source": 3, "prod": 4.4371595178317369, "target": 13, "value": 13902.0, "supply": [{"l": "Sugar cane", "v": 13902.0}]}, {"source": 2, "prod": 0.40062730097484611, "target": 13, "value": 117.0, "supply": [{"l": "Maize", "v": 13.0}, {"l": "Barley", "v": 96.0}, {"l": "Rice", "v": 8.0}]}, {"source": 10, "prod": 0.60462098807470632, "target": 13, "value": 246.0, "supply": [{"l": "Cottonseed", "v": 109.0}, {"l": "Coconuts - Incl Copra", "v": 65.0}, {"l": "Soyabeans", "v": 35.0}, {"l": "Palm kernels", "v": 1.0}, {"l": "Sesame seed", "v": 26.0}, {"l": "Oil Palm", "v": 10.000000000000002}]}, {"source": 5, "prod": 0.072526352295988736, "target": 14, "value": 71.0, "supply": [{"l": "Potatoes", "v": 1.0}, {"l": "Cassava", "v": 70.0}]}, {"source": 8, "prod": 0.29078364111067501, "target": 14, "value": 35.0, "supply": [{"l": "Fats, Animals, Raw", "v": 24.0}, {"l": "Fish, Body Oil", "v": 11.0}]}, {"source": 12, "prod": 0.14493699734192145, "target": 14, "value": 14.0, "supply": [{"l": "Palm Oil", "v": 2.0}, {"l": "Oilcrops Oil, Other", "v": 12.0}]}, {"source": 10, "prod": 0.0050940199902600016, "target": 14, "value": 3.0, "supply": [{"l": "Coconuts - Incl Copra", "v": 3.0}]}, {"source": 0, "prod": 0.0030733152279095021, "target": 0, "value": 2.0, "supply": [{"l": "Eggs", "v": 2.0}]}, {"source": 2, "prod": 0.31620749912354956, "target": 15, "value": 79.0, "supply": [{"l": "Maize", "v": 26.0}, {"l": "Wheat", "v": 12.0}, {"l": "Barley", "v": 4.0}, {"l": "Rice", "v": 37.0}]}, {"source": 10, "prod": 0.016457603045455384, "target": 15, "value": 6.0, "supply": [{"l": "Soyabeans", "v": 2.0}, {"l": "Cottonseed", "v": 4.0}]}, {"source": 3, "prod": 0.061281443491849628, "target": 15, "value": 192.0, "supply": [{"l": "Sugar cane", "v": 192.0}]}, {"source": 5, "prod": 0.051990513302653606, "target": 15, "value": 63.0, "supply": [{"l": "Potatoes", "v": 63.0}]}, {"source": 6, "prod": 0.035296947991503388, "target": 15, "value": 9.0, "supply": [{"l": "Peas", "v": 2.0}, {"l": "Beans", "v": 5.0}, {"l": "Pulses, Other", "v": 2.0}]}, {"source": 0, "prod": 0.11220148887303617, "target": 16, "value": 141.0, "supply": [{"l": "Milk - Excluding Butter", "v": 130.0}, {"l": "Bovine Meat", "v": 8.0}, {"l": "Eggs", "v": 3.0}]}, {"source": 2, "prod": 0.10447924231569247, "target": 16, "value": 27.0, "supply": [{"l": "Maize", "v": 15.0}, {"l": "Barley", "v": 2.0}, {"l": "Rice", "v": 4.0}, {"l": "Sorghum", "v": 2.0}, {"l": "Wheat", "v": 4.0}]}, {"source": 10, "prod": 0.0024817020465369233, "target": 16, "value": 1.0, "supply": [{"l": "Cottonseed", "v": 1.0}]}, {"source": 4, "prod": 0.049030587545562304, "target": 16, "value": 12.0, "supply": [{"l": "Sugar non-centrifugal", "v": 12.0}]}, {"source": 5, "prod": 0.12208178248892793, "target": 16, "value": 139.0, "supply": [{"l": "Potatoes", "v": 105.0}, {"l": "Yams", "v": 13.0}, {"l": "Cassava", "v": 21.0}]}, {"source": 6, "prod": 0.16051973622746962, "target": 16, "value": 234.0, "supply": [{"l": "Oranges, Mandarines", "v": 10.0}, {"l": "Fruits, Other", "v": 7.0}, {"l": "Beans", "v": 1.0}, {"l": "Tomatoes", "v": 2.0}, {"l": "Pineapples", "v": 18.0}, {"l": "Bananas", "v": 84.0}, {"l": "Vegetables, Other", "v": 28.0}, {"l": "Grapes", "v": 1.0}, {"l": "Plantains", "v": 57.0}, {"l": "Onions", "v": 26.0}]}, {"source": 11, "prod": 0.0038995813065884274, "target": 16, "value": 6.0, "supply": [{"l": "Cocoa Beans", "v": 1.0}, {"l": "Coffee", "v": 5.0}]}, {"source": 17, "prod": 0.012128619024428572, "target": 11, "value": 10.0, "supply": [{"l": "Cocoa Beans", "v": 10.0}]}, {"source": 17, "prod": 0.12977815007099991, "target": 1, "value": 151.0, "supply": [{"l": "Milk - Excluding Butter", "v": 117.0}, {"l": "Fish, Seafood", "v": 17.0}, {"l": "Pelagic Fish", "v": 17.0}]}, {"source": 17, "prod": 0.54194838160732617, "target": 13, "value": 63.0, "supply": [{"l": "Oilcrops Oil, Other", "v": 3.0}, {"l": "Wine", "v": 1.0}, {"l": "Sweeteners, Other", "v": 1.0}, {"l": "Fats, Animals, Raw", "v": 30.0}, {"l": "Soyabean Oil", "v": 12.0}, {"l": "Fish, Body Oil", "v": 11.0}, {"l": "Palm Oil", "v": 4.0}, {"l": "Beverages, Alcoholic", "v": 1.0}]}, {"source": 17, "prod": 0.73795878242065416, "target": 2, "value": 223.0, "supply": [{"l": "Maize", "v": 23.0}, {"l": "Barley", "v": 16.0}, {"l": "Cereals, Other", "v": 10.0}, {"l": "Wheat", "v": 167.0}, {"l": "Oats", "v": 7.0}]}, {"source": 17, "prod": 0.02532696714087905, "target": 6, "value": 8.0, "supply": [{"l": "Fruits, Other", "v": 1.0}, {"l": "Beans", "v": 3.0}, {"l": "Peas", "v": 1.0}, {"l": "Grapes", "v": 1.0}, {"l": "Pulses, Other", "v": 2.0}]}, {"source": 17, "prod": 0.11037043312230002, "target": 10, "value": 65.0, "supply": [{"l": "Coconuts - Incl Copra", "v": 65.0}]}, {"source": 7, "prod": 0.0016750162443794972, "target": 18, "value": 2.0, "supply": [{"l": "Fish, Seafood", "v": 1.0}, {"l": "Crustaceans", "v": 1.0}]}, {"source": 6, "prod": 0.12195559841121133, "target": 18, "value": 172.0, "supply": [{"l": "Bananas", "v": 172.0}]}, {"source": 4, "prod": 0.12866319249311395, "target": 18, "value": 31.0, "supply": [{"l": "Sugar", "v": 31.0}]}, {"source": 3, "prod": 0.00095752255456015044, "target": 18, "value": 3.0, "supply": [{"l": "Sugar cane", "v": 3.0}]}, {"source": 11, "prod": 0.20687739411920888, "target": 18, "value": 385.0, "supply": [{"l": "Coffee", "v": 385.0}]}, {"source": 2, "prod": 0.34511006274481915, "target": 19, "value": 89.0, "supply": [{"l": "Maize", "v": 70.0}, {"l": "Barley", "v": 19.0}]}, {"source": 20, "prod": 0.0037614071658037974, "target": 11, "value": 7.0, "supply": [{"l": "Coffee", "v": 7.0}]}, {"source": 20, "prod": 0.12314953503466028, "target": 2, "value": 37.0, "supply": [{"l": "Wheat", "v": 32.0}, {"l": "Rice", "v": 5.0}]}, {"source": 12, "prod": 0.050114779996770845, "target": 19, "value": 5.0, "supply": [{"l": "Soyabean Oil", "v": 5.0}]}, {"source": 21, "prod": 6.5046331651573794, "target": 2, "value": 1627.0, "supply": [{"l": "Maize", "v": 968.0}, {"l": "Barley", "v": 114.0}, {"l": "Rice", "v": 400.0}, {"l": "Wheat", "v": 85.0}, {"l": "Sorghum", "v": 60.0}]}, {"source": 21, "prod": 0.57640795428249714, "target": 10, "value": 222.0, "supply": [{"l": "Coconuts - Incl Copra", "v": 30.0}, {"l": "Sesame seed", "v": 27.0}, {"l": "Cottonseed", "v": 114.0}, {"l": "Soyabeans", "v": 40.0}, {"l": "Palm kernels", "v": 1.0}, {"l": "Oil Palm", "v": 10.000000000000002}]}, {"source": 21, "prod": 4.5051436192055077, "target": 3, "value": 14115.0, "supply": [{"l": "Sugar cane", "v": 14115.0}]}, {"source": 21, "prod": 1.5717055048103403, "target": 5, "value": 1697.0, "supply": [{"l": "Yams", "v": 130.0}, {"l": "Potatoes", "v": 867.0}, {"l": "Cassava", "v": 700.0}]}, {"source": 21, "prod": 2.4649734650971413, "target": 6, "value": 2787.0, "supply": [{"l": "Plantains", "v": 1346.0}, {"l": "Fruits, Other", "v": 92.0}, {"l": "Tomatoes", "v": 42.0}, {"l": "Vegetables, Other", "v": 360.0}, {"l": "Peas", "v": 25.0}, {"l": "Grapes", "v": 6.0}, {"l": "Beans", "v": 42.0}, {"l": "Pulses, Other", "v": 24.0}, {"l": "Pineapples", "v": 72.0}, {"l": "Bananas", "v": 560.0}, {"l": "Oranges, Mandarines", "v": 78.0}, {"l": "Onions", "v": 140.0}]}, {"source": 21, "prod": 0.27088272666711111, "target": 11, "value": 484.0, "supply": [{"l": "Coffee", "v": 468.0}, {"l": "Cocoa Beans", "v": 16.0}]}, {"source": 1, "prod": 0.13088200105404516, "target": 7, "value": 135.0, "supply": [{"l": "Pelagic Fish", "v": 20.0}, {"l": "Crustaceans", "v": 3.0}, {"l": "Freshwater Fish", "v": 25.0}, {"l": "Molluscs, Other", "v": 1.0}, {"l": "Demersal Fish", "v": 18.0}, {"l": "Fish, Seafood", "v": 68.0}]}, {"source": 1, "prod": 2.7272584415630008, "target": 0, "value": 2594.0, "supply": [{"l": "Poultry Meat", "v": 40.0}, {"l": "Pigmeat", "v": 66.0}, {"l": "Bovine Meat", "v": 390.0}, {"l": "Eggs", "v": 45.0}, {"l": "Milk - Excluding Butter", "v": 1977.0}, {"l": "Offals, Edible", "v": 68.0}, {"l": "Meat, Other", "v": 3.0}, {"l": "Mutton & Goat Meat", "v": 7.0}]}, {"source": 13, "prod": 0.8828837722214975, "target": 8, "value": 752.0, "supply": [{"l": "Fats, Animals, Raw", "v": 45.0}, {"l": "Fish, Body Oil", "v": 11.0}, {"l": "Beer", "v": 663.0}, {"l": "Beverages, Alcoholic", "v": 25.0}, {"l": "Butter, Ghee", "v": 7.0}, {"l": "Wine", "v": 1.0}]}, {"source": 13, "prod": 0.80891437898171481, "target": 12, "value": 79.0, "supply": [{"l": "Sesameseed Oil", "v": 13.0}, {"l": "Soyabean Oil", "v": 18.0}, {"l": "Coconut Oil", "v": 10.0}, {"l": "Cottonseed Oil", "v": 17.0}, {"l": "Maize Germ Oil", "v": 3.0}, {"l": "Palm Oil", "v": 6.0}, {"l": "Oilcrops Oil, Other", "v": 12.0}]}, {"source": 13, "prod": 4.1605032784300242, "target": 4, "value": 1011.0, "supply": [{"l": "Honey", "v": 2.0}, {"l": "Sweeteners, Other", "v": 1.0}, {"l": "Sugar non-centrifugal", "v": 581.0}, {"l": "Sugar", "v": 427.0}]}]}