{"nodes": [{"layer": 13, "name": "Animal Products", "fill": "#17becf"}, {"layer": 10, "name": "Feed", "fill": "#dbdb8d"}, {"layer": 5, "name": "Cereals", "fill": "#e7ba52"}, {"layer": 5, "name": "Fruits, Roots & Vegetables", "fill": "#98df8a"}, {"layer": 5, "name": "Sugar Crops", "fill": "#ffbb78"}, {"layer": 13, "name": "Sugar", "fill": "#d6616b"}, {"layer": 13, "name": "Aquatic Products", "fill": "#1f77b4"}, {"layer": 13, "name": "Other Processed", "fill": "#9c9ede"}, {"layer": 16, "name": "Food", "fill": "#b5cf6b"}, {"layer": 5, "name": "Oilcrops", "fill": "#ff9896"}, {"layer": 13, "name": "Vegetable Oils", "fill": "#f7b6d2"}, {"layer": 10, "name": "Processing", "fill": "#9edae5"}, {"layer": 16, "name": "Biofuels & Other", "fill": "#e7ba52"}, {"name": "Waste", "fill": "#c7c7c7"}, {"layer": 2, "name": "Import", "fill": "#aec7e8"}, {"layer": 16, "name": "Export", "fill": "#aec7e8"}, {"layer": 0, "name": "Stock Draw", "fill": "#c7c7c7"}, {"layer": 16, "name": "Stock Deposit", "fill": "#c7c7c7"}, {"layer": 2, "name": "Electricity", "fill": "#bcbd22"}, {"layer": 0, "name": "Fossil Fuels", "fill": "#c49c94"}, {"layer": 0, "name": "Renewables & Nuclear", "fill": "#2ca02c"}, {"layer": 2, "name": "Fertilizers", "fill": "#c5b0d5"}, {"layer": 0, "name": "Labor", "fill": "#7f7f7f"}], "links": [{"source": 0, "prod": 466.0, "target": 1, "value": 0.3152268639914898, "supply": [{"l": "Milk - Excluding Butter", "v": 0.3152268639914898}]}, {"source": 2, "prod": 779.0, "target": 1, "value": 2.6741882299256661, "supply": [{"l": "Maize", "v": 0.33531059505066857}, {"l": "Rice", "v": 0.50911436379221908}, {"l": "Barley", "v": 0.015343433705602412}, {"l": "Sorghum", "v": 1.8144198373771758}]}, {"source": 3, "prod": 714.0, "target": 1, "value": 0.64779302059725397, "supply": [{"l": "Bananas", "v": 0.091666169490539851}, {"l": "Cassava", "v": 0.15643490002009997}, {"l": "Potatoes", "v": 0.15655285952703704}, {"l": "Vegetables, Other", "v": 0.008207032206530001}, {"l": "Yams", "v": 0.013464370018308372}, {"l": "Plantains", "v": 0.22146768933473873}]}, {"source": 4, "prod": 57.0, "target": 1, "value": 0.020919246357695966, "supply": [{"l": "Sugar cane", "v": 0.020919246357695966}]}, {"source": 5, "prod": 88.0, "target": 1, "value": 0.36058603820149276, "supply": [{"l": "Sugar", "v": 0.074477651924220858}, {"l": "Sugar non-centrifugal", "v": 0.28610838627727192}]}, {"source": 6, "prod": 382.0, "target": 1, "value": 0.44485020577074907, "supply": [{"l": "Pelagic Fish", "v": 0.25876537716480319}, {"l": "Fish, Seafood", "v": 0.18608482860594591}]}, {"source": 7, "prod": 1160.0, "target": 8, "value": 1.2532524812398773, "supply": [{"l": "Beer", "v": 0.42139213699073641}, {"l": "Beverages, Alcoholic", "v": 0.33111129936689998}, {"l": "Butter, Ghee", "v": 0.11380257425048936}, {"l": "Fats, Animals, Raw", "v": 0.38540282821046057}, {"l": "Wine", "v": 0.0015436424212909091}]}, {"source": 0, "prod": 3433.0, "target": 8, "value": 3.9453216317820501, "supply": [{"l": "Poultry Meat", "v": 0.2176413302716905}, {"l": "Eggs", "v": 0.24181575341721509}, {"l": "Mutton & Goat Meat", "v": 0.02627867455292858}, {"l": "Pigmeat", "v": 0.33166872579681056}, {"l": "Milk - Excluding Butter", "v": 1.5578701025158821}, {"l": "Meat, Other", "v": 0.012485343113382357}, {"l": "Bovine Meat", "v": 1.4303335371316626}, {"l": "Offals, Edible", "v": 0.12722816498247841}]}, {"source": 2, "prod": 2555.0, "target": 8, "value": 9.90434695621353, "supply": [{"l": "Maize", "v": 2.8980415715093502}, {"l": "Barley", "v": 0.063930973773343377}, {"l": "Rice", "v": 4.5949728596501132}, {"l": "Wheat", "v": 2.3101282342788205}, {"l": "Oats", "v": 0.037273317001902437}]}, {"source": 9, "prod": 86.0, "target": 8, "value": 0.16778514219974217, "supply": [{"l": "Coconuts - Incl Copra", "v": 0.1275119072340114}, {"l": "Groundnuts", "v": 0.026123179437230769}, {"l": "Soyabeans", "v": 0.014150055528500001}]}, {"source": 3, "prod": 6485.0, "target": 8, "value": 5.7035745887660347, "supply": [{"l": "Roots, Other", "v": 0.038104873942889764}, {"l": "Plantains", "v": 1.9020789586404596}, {"l": "Fruits, Other", "v": 0.076566558135809829}, {"l": "Yams", "v": 0.076298096770414103}, {"l": "Cocoa Beans", "v": 0.050806498590519694}, {"l": "Tomatoes", "v": 0.076652872234388575}, {"l": "Coffee", "v": 0.038149048385207052}, {"l": "Vegetables, Other", "v": 0.19159175185589003}, {"l": "Peas", "v": 0.21689019539586066}, {"l": "Grapes", "v": 0.012644730472276598}, {"l": "Pulses, Other", "v": 0.12901521217161765}, {"l": "Potatoes", "v": 1.0983289621268568}, {"l": "Beans", "v": 0.37089472471818269}, {"l": "Apples", "v": 0.0033201247608770951}, {"l": "Pineapples", "v": 0.038374950593291997}, {"l": "Bananas", "v": 0.089374515253276346}, {"l": "Spices, Other", "v": 0.0045482321341607148}, {"l": "Oranges, Mandarines", "v": 0.076593537983046051}, {"l": "Onions", "v": 0.1530597555758873}, {"l": "Cassava", "v": 1.0602809890251221}]}, {"source": 5, "prod": 2048.0, "target": 8, "value": 8.4231086051383564, "supply": [{"l": "Sugar", "v": 4.034206145895296}, {"l": "Sugar non-centrifugal", "v": 4.365196522058949}, {"l": "Sweeteners, Other", "v": 0.011577318159681819}, {"l": "Honey", "v": 0.012128619024428572}]}, {"source": 6, "prod": 183.0, "target": 8, "value": 0.18317210371286771, "supply": [{"l": "Freshwater Fish", "v": 0.038758847751978263}, {"l": "Pelagic Fish", "v": 0.037934191416829785}, {"l": "Marine Fish, Other", "v": 0.012324241911919356}, {"l": "Fish, Seafood", "v": 0.089632482888727869}, {"l": "Molluscs, Other", "v": 0.00097426611835573775}, {"l": "Demersal Fish", "v": 0.0035480736250567161}]}, {"source": 10, "prod": 231.0, "target": 8, "value": 2.3716712284345887, "supply": [{"l": "Maize Germ Oil", "v": 0.036385857073285718}, {"l": "Soyabean Oil", "v": 0.86700340234696116}, {"l": "Palm Oil", "v": 0.95512874817375004}, {"l": "Sunflowerseed Oil", "v": 0.014150055528500001}, {"l": "Coconut Oil", "v": 0.0169800666342}, {"l": "Sesameseed Oil", "v": 0.077517695503956527}, {"l": "Cottonseed Oil", "v": 0.28776744506381052}, {"l": "Palmkernel Oil", "v": 0.116737958110125}]}, {"source": 3, "prod": 2.0, "target": 11, "value": 0.0016392969583982936, "supply": [{"l": "Potatoes", "v": 0.0016392969583982936}]}, {"source": 4, "prod": 24700.0, "target": 11, "value": 9.0650067550015851, "supply": [{"l": "Sugar cane", "v": 9.0650067550015851}]}, {"source": 2, "prod": 186.0, "target": 11, "value": 0.47708099872096327, "supply": [{"l": "Maize", "v": 0.0039917927982222453}, {"l": "Barley", "v": 0.47308920592274101}]}, {"source": 9, "prod": 1056.8387096774195, "target": 11, "value": 4.6994920979438657, "supply": [{"l": "Cottonseed", "v": 0.83956996135766682}, {"l": "Soyabeans", "v": 1.108421016399167}, {"l": "Palm kernels", "v": 0.11320044422800001}, {"l": "Sesame seed", "v": 0.070750277642500012}, {"l": "Oil Palm", "v": 2.5675503983165324}]}, {"source": 7, "prod": 78.0, "target": 12, "value": 0.65038955537736598, "supply": [{"l": "Fats, Animals, Raw", "v": 0.44405108467726978}, {"l": "Fish, Body Oil", "v": 0.20633847070009623}]}, {"source": 0, "prod": 1.0, "target": 12, "value": 0.00067645249783581513, "supply": [{"l": "Milk - Excluding Butter", "v": 0.00067645249783581513}]}, {"source": 9, "prod": 9.0, "target": 12, "value": 0.014526672976026618, "supply": [{"l": "Coconuts - Incl Copra", "v": 0.014526672976026618}]}, {"source": 3, "prod": 139.0, "target": 12, "value": 0.14171499174763816, "supply": [{"l": "Potatoes", "v": 0.0016392969583982936}, {"l": "Cassava", "v": 0.14007569478923987}]}, {"source": 5, "prod": 80.0, "target": 12, "value": 0.33101178632987044, "supply": [{"l": "Sugar", "v": 0.33101178632987044}]}, {"source": 10, "prod": 85.0, "target": 12, "value": 0.87063929946745955, "supply": [{"l": "Soyabean Oil", "v": 0.34680136093878444}, {"l": "Palm Oil", "v": 0.35945705576431458}, {"l": "Oilcrops Oil, Other", "v": 0.16438088276436061}]}, {"source": 3, "prod": 159.0, "target": 3, "value": 0.16826431320072979, "supply": [{"l": "Potatoes", "v": 0.1204883264422746}, {"l": "Peas", "v": 0.007886916196213116}, {"l": "Beans", "v": 0.031565508486653841}, {"l": "Pulses, Other", "v": 0.008323562075588235}]}, {"source": 4, "prod": 593.0, "target": 4, "value": 0.21763356298445102, "supply": [{"l": "Sugar cane", "v": 0.21763356298445102}]}, {"source": 0, "prod": 13.0, "target": 0, "value": 0.019525495617539107, "supply": [{"l": "Eggs", "v": 0.019525495617539107}]}, {"source": 2, "prod": 62.0, "target": 2, "value": 0.24732437137320801, "supply": [{"l": "Maize", "v": 0.071852270368000418}, {"l": "Wheat", "v": 0.015888089644283499}, {"l": "Barley", "v": 0.0076717168528012058}, {"l": "Rice", "v": 0.14237944072155279}, {"l": "Sorghum", "v": 0.0095328537865700998}]}, {"source": 9, "prod": 11.0, "target": 9, "value": 0.05188353693783334, "supply": [{"l": "Soyabeans", "v": 0.023583425880833338}, {"l": "Cottonseed", "v": 0.028300111057000001}]}, {"source": 3, "prod": 790.0, "target": 13, "value": 0.57815277677944388, "supply": [{"l": "Oranges, Mandarines", "v": 0.011360764007054679}, {"l": "Cocoa Beans", "v": 0.0026740262416062991}, {"l": "Potatoes", "v": 0.18933879869500292}, {"l": "Fruits, Other", "v": 0.0067711922160920259}, {"l": "Yams", "v": 0.010098277513731279}, {"l": "Beans", "v": 0.0078913771216634603}, {"l": "Tomatoes", "v": 0.0031534409463514286}, {"l": "Coffee", "v": 0.0039271079220066082}, {"l": "Pineapples", "v": 0.012904850641992}, {"l": "Bananas", "v": 0.13749925423580975}, {"l": "Vegetables, Other", "v": 0.016697065523630001}, {"l": "Peas", "v": 0.003943458098106558}, {"l": "Grapes", "v": 0.0018063900674680853}, {"l": "Plantains", "v": 0.093249553404100516}, {"l": "Onions", "v": 0.034916756740749295}, {"l": "Cassava", "v": 0.041920463404079074}]}, {"source": 0, "prod": 228.0, "target": 13, "value": 0.1869049016196806, "supply": [{"l": "Milk - Excluding Butter", "v": 0.13731985706067046}, {"l": "Bovine Meat", "v": 0.030059548941471021}, {"l": "Eggs", "v": 0.019525495617539107}]}, {"source": 2, "prod": 57.0, "target": 13, "value": 0.20349028524709936, "supply": [{"l": "Maize", "v": 0.051893306376889194}, {"l": "Barley", "v": 0.0076717168528012058}, {"l": "Rice", "v": 0.051774342080564653}, {"l": "Sorghum", "v": 0.057197122719420602}, {"l": "Wheat", "v": 0.034953797217423699}]}, {"source": 9, "prod": 4.0, "target": 13, "value": 0.018866740704666669, "supply": [{"l": "Soyabeans", "v": 0.0094333703523333343}, {"l": "Cottonseed", "v": 0.0094333703523333343}]}, {"source": 5, "prod": 23.0, "target": 13, "value": 0.094007041205389358, "supply": [{"l": "Sugar non-centrifugal", "v": 0.094007041205389358}]}, {"source": 14, "prod": 169.0, "target": 11, "value": 1.475288009712685, "supply": [{"l": "Coconut Oil", "v": 0.0169800666342}, {"l": "Beer", "v": 0.00084110206984178929}, {"l": "Oilcrops Oil, Other", "v": 0.030821415518317616}, {"l": "Wine", "v": 0.0015436424212909091}, {"l": "Fats, Animals, Raw", "v": 0.62837417643009874}, {"l": "Sweeteners, Other", "v": 0.011577318159681819}, {"l": "Soyabean Oil", "v": 0.53040208143578793}, {"l": "Fish, Body Oil", "v": 0.20633847070009623}, {"l": "Palm Oil", "v": 0.030810604779798391}, {"l": "Beverages, Alcoholic", "v": 0.0034490760350718752}, {"l": "Sunflowerseed Oil", "v": 0.014150055528500001}]}, {"source": 14, "prod": 914.0, "target": 2, "value": 2.8266658737974244, "supply": [{"l": "Maize", "v": 0.1157619911484451}, {"l": "Oats", "v": 0.034167207251743902}, {"l": "Barley", "v": 0.41427271005126509}, {"l": "Sorghum", "v": 0.2955184673836731}, {"l": "Wheat", "v": 1.9669454979622971}]}, {"source": 14, "prod": 131.0, "target": 9, "value": 0.61788575807783341, "supply": [{"l": "Soyabeans", "v": 0.61788575807783341}]}, {"source": 14, "prod": 477.0, "target": 1, "value": 0.53857074323068799, "supply": [{"l": "Pigmeat", "v": 0.00278713214955303}, {"l": "Milk - Excluding Butter", "v": 0.025705194917760969}, {"l": "Pelagic Fish", "v": 0.29534477603103193}, {"l": "Marine Fish, Other", "v": 0.0013693602124354839}, {"l": "Fish, Seafood", "v": 0.21336427991990661}]}, {"source": 14, "prod": 50.0, "target": 3, "value": 0.14396148097912262, "supply": [{"l": "Oranges, Mandarines", "v": 0.00036647625829208636}, {"l": "Potatoes", "v": 0.0008196484791991468}, {"l": "Fruits, Other", "v": 0.001041721879398773}, {"l": "Beans", "v": 0.019728442804158655}, {"l": "Cocoa Beans", "v": 0.0040110393624094489}, {"l": "Pulses, Other", "v": 0.041617810377941176}, {"l": "Spices, Other", "v": 0.0045482321341607148}, {"l": "Vegetables, Other", "v": 0.0005660022211400001}, {"l": "Peas", "v": 0.067038787667811475}, {"l": "Grapes", "v": 0.00090319503373404266}, {"l": "Apples", "v": 0.0033201247608770951}]}, {"source": 7, "prod": 1.0, "target": 15, "value": 0.0034490760350718752, "supply": [{"l": "Beverages, Alcoholic", "v": 0.0034490760350718752}]}, {"source": 0, "prod": 3.0, "target": 15, "value": 0.0075148872353677553, "supply": [{"l": "Bovine Meat", "v": 0.0075148872353677553}]}, {"source": 2, "prod": 38.0, "target": 15, "value": 0.1580530058297418, "supply": [{"l": "Wheat", "v": 0.0063552358577134002}, {"l": "Oats", "v": 0.0093183292504756092}, {"l": "Rice", "v": 0.14237944072155279}]}, {"source": 9, "prod": 1.0, "target": 15, "value": 0.0047166851761666672, "supply": [{"l": "Sesame seed", "v": 0.0047166851761666672}]}, {"source": 3, "prod": 1429.0, "target": 15, "value": 0.96668319831991989, "supply": [{"l": "Coffee", "v": 0.35512275923288328}, {"l": "Pineapples", "v": 0.00033960133268400001}, {"l": "Bananas", "v": 0.59812175592577244}, {"l": "Vegetables, Other", "v": 0.00028300111057000005}, {"l": "Fruits, Other", "v": 0.0005208609396993865}, {"l": "Yams", "v": 0.0056101541742951556}, {"l": "Cocoa Beans", "v": 0.0066850656040157476}]}, {"source": 4, "prod": 15.0, "target": 15, "value": 0.0055050648309726237, "supply": [{"l": "Sugar cane", "v": 0.0055050648309726237}]}, {"source": 5, "prod": 294.0, "target": 15, "value": 1.2164683147622739, "supply": [{"l": "Sugar", "v": 1.2164683147622739}]}, {"source": 6, "prod": 14.0, "target": 15, "value": 0.012070811221615999, "supply": [{"l": "Pelagic Fish", "v": 0.0013547925506010639}, {"l": "Crustaceans", "v": 0.0025267956300892864}, {"l": "Marine Fish, Other", "v": 0.0013693602124354839}, {"l": "Fish, Seafood", "v": 0.0068198628284901648}]}, {"source": 10, "prod": 2.0, "target": 15, "value": 0.020547610345545076, "supply": [{"l": "Oilcrops Oil, Other", "v": 0.020547610345545076}]}, {"source": 16, "prod": 77.0, "target": 3, "value": 0.085097436948322558, "supply": [{"l": "Coffee", "v": 0.036466002132918507}, {"l": "Pulses, Other", "v": 0.02497068622676471}, {"l": "Peas", "v": 0.023660748588639344}]}, {"source": 16, "prod": 10.0, "target": 9, "value": 0.047166851761666677, "supply": [{"l": "Soyabeans", "v": 0.047166851761666677}]}, {"source": 7, "prod": 6.0, "target": 17, "value": 0.020694456210431249, "supply": [{"l": "Beverages, Alcoholic", "v": 0.020694456210431249}]}, {"source": 16, "prod": 31.0, "target": 1, "value": 0.020970027432910269, "supply": [{"l": "Milk - Excluding Butter", "v": 0.020970027432910269}]}, {"source": 16, "prod": 25.0, "target": 11, "value": 0.2550010006902827, "supply": [{"l": "Soyabean Oil", "v": 0.2550010006902827}]}, {"source": 16, "prod": 198.0, "target": 2, "value": 0.78129433001189197, "supply": [{"l": "Maize", "v": 0.19958963991111225}, {"l": "Wheat", "v": 0.15888089644283498}, {"l": "Rice", "v": 0.4228237936579447}]}, {"source": 1, "prod": 579.0, "target": 6, "value": 0.64009312070523283, "supply": [{"l": "Pelagic Fish", "v": 0.29805436113223405}, {"l": "Crustaceans", "v": 0.0025267956300892864}, {"l": "Freshwater Fish", "v": 0.038758847751978263}, {"l": "Molluscs, Other", "v": 0.00097426611835573775}, {"l": "Demersal Fish", "v": 0.0035480736250567161}, {"l": "Fish, Seafood", "v": 0.28253717432316394}, {"l": "Marine Fish, Other", "v": 0.01369360212435484}]}, {"source": 1, "prod": 4131.0, "target": 0, "value": 4.4556447371264234, "supply": [{"l": "Poultry Meat", "v": 0.2176413302716905}, {"l": "Pigmeat", "v": 0.33166872579681056}, {"l": "Bovine Meat", "v": 1.4679079733085014}, {"l": "Eggs", "v": 0.28086674465229333}, {"l": "Milk - Excluding Butter", "v": 2.011093276065878}, {"l": "Offals, Edible", "v": 0.12722816498247841}, {"l": "Meat, Other", "v": 0.012485343113382357}, {"l": "Mutton & Goat Meat", "v": 0.02627867455292858}]}, {"source": 11, "prod": 1245.0, "target": 7, "value": 1.9277855688627463, "supply": [{"l": "Fats, Animals, Raw", "v": 0.82945391288773029}, {"l": "Fish, Body Oil", "v": 0.20633847070009623}, {"l": "Beer", "v": 0.42139213699073641}, {"l": "Beverages, Alcoholic", "v": 0.35525483161240312}, {"l": "Butter, Ghee", "v": 0.11380257425048936}, {"l": "Wine", "v": 0.0015436424212909091}]}, {"source": 11, "prod": 318.0, "target": 10, "value": 3.262858138247593, "supply": [{"l": "Sesameseed Oil", "v": 0.077517695503956527}, {"l": "Soyabean Oil", "v": 1.2138047632857456}, {"l": "Coconut Oil", "v": 0.0169800666342}, {"l": "Cottonseed Oil", "v": 0.28776744506381052}, {"l": "Maize Germ Oil", "v": 0.036385857073285718}, {"l": "Palm Oil", "v": 1.3145858039380647}, {"l": "Palmkernel Oil", "v": 0.116737958110125}, {"l": "Oilcrops Oil, Other", "v": 0.1849284931099057}, {"l": "Sunflowerseed Oil", "v": 0.014150055528500001}]}, {"source": 11, "prod": 2533.0, "target": 5, "value": 10.425181785637383, "supply": [{"l": "Honey", "v": 0.012128619024428572}, {"l": "Sweeteners, Other", "v": 0.011577318159681819}, {"l": "Sugar non-centrifugal", "v": 4.7453119495416107}, {"l": "Sugar", "v": 5.6561638989116618}]}, {"source": 18, "prod": 0, "target": 3, "value": 0.013572123260818421, "supply": "[{\"l\":'Energy for power irrigation',\"v\":0.013572123260818421}]"}, {"source": 18, "prod": 0, "target": 4, "value": 0.035647729154916527, "supply": "[{\"l\":'Energy for power irrigation',\"v\":0.035647729154916527}]"}, {"source": 18, "prod": 0, "target": 2, "value": 0.004385607397264563, "supply": "[{\"l\":'Energy for power irrigation',\"v\":0.004385607397264563}]"}, {"source": 18, "prod": 0, "target": 9, "value": 0.0015415170513595287, "supply": "[{\"l\":'Energy for power irrigation',\"v\":0.0015415170513595287}]"}, {"source": 18, "prod": 0, "target": 11, "value": 0.036000000028799994, "supply": "[{\"l\":'Electricity',\"v\":0.036000000028799994}]"}, {"source": 19, "prod": 0, "target": 18, "value": 0.064996012292412086, "supply": [{"l": "Coal", "v": 0.027346192600415663}, {"l": "Natural gas", "v": 0.035351980215512419}, {"l": "Oil", "v": 0.0022978394764840092}]}, {"source": 20, "prod": 0, "target": 18, "value": 0.063229031944745606, "supply": [{"l": "Nuclear", "v": 0.0}, {"l": "Hydroelectric", "v": 0.062321877107064404}, {"l": "Renewable", "v": 0.0009071548376811964}]}, {"source": 19, "prod": 0, "target": 3, "value": 3.6732166168322746, "supply": [{"l": "Motor Gasoline", "v": 0.015142490705995298}, {"l": "Gas-Diesel oil", "v": 0.65847616469592196}, {"l": "Fuel oil", "v": 0.0027618809233508354}, {"l": "Other fossil fuels", "v": 2.9968360805070065}]}, {"source": 19, "prod": 0, "target": 4, "value": 9.6478515975605497, "supply": [{"l": "Motor Gasoline", "v": 0.039772362587989829}, {"l": "Gas-Diesel oil", "v": 1.7295142051806682}, {"l": "Fuel oil", "v": 0.0072541916413308757}, {"l": "Other fossil fuels", "v": 7.8713108381505608}]}, {"source": 19, "prod": 0, "target": 2, "value": 1.1869392619680141, "supply": [{"l": "Motor Gasoline", "v": 0.0048930456920429051}, {"l": "Gas-Diesel oil", "v": 0.21277569347971673}, {"l": "Fuel oil", "v": 0.00089245618942904441}, {"l": "Other fossil fuels", "v": 0.96837806660682546}]}, {"source": 19, "prod": 0, "target": 9, "value": 0.41720266898332486, "supply": [{"l": "Motor Gasoline", "v": 0.0017198788409719581}, {"l": "Gas-Diesel oil", "v": 0.07478949433969255}, {"l": "Fuel oil", "v": 0.00031369347708924201}, {"l": "Other fossil fuels", "v": 0.34037960232557107}]}, {"source": 21, "prod": 89.878714966409191, "target": 3, "value": 0.98012085195278698, "supply": [{"l": "Potash", "v": 0.24536416686295798}, {"l": "Phosphate", "v": 0.35939166695418001}, {"l": "Nitrogen", "v": 3.3777236138132891}]}, {"source": 21, "prod": 236.07006997675117, "target": 4, "value": 2.5743269492965171, "supply": [{"l": "Potash", "v": 0.24536416686295798}, {"l": "Phosphate", "v": 0.35939166695418001}, {"l": "Nitrogen", "v": 3.3777236138132891}]}, {"source": 21, "prod": 29.042821792759643, "target": 2, "value": 0.31670986005163837, "supply": [{"l": "Potash", "v": 0.24536416686295798}, {"l": "Phosphate", "v": 0.35939166695418001}, {"l": "Nitrogen", "v": 3.3777236138132891}]}, {"source": 21, "prod": 10.208393264080026, "target": 9, "value": 0.1113217863294841, "supply": [{"l": "Potash", "v": 0.24536416686295798}, {"l": "Phosphate", "v": 0.35939166695418001}, {"l": "Nitrogen", "v": 3.3777236138132891}]}, {"source": 19, "prod": 0, "target": 21, "value": 4.931579893960552, "supply": [{"l": "Natural gas (including LNG)", "v": 3.2837321961169517}, {"l": "Fuel oil", "v": 1.0507634871611309}, {"l": "Liquefied petroleum gas (LPG)", "v": 0.29854210534123476}, {"l": "Coal", "v": 0.29854210534123476}]}, {"source": 22, "prod": 0, "target": 2, "value": 0.19001098071776215, "supply": "[{\"l\":'Labor',\"v\":0.19001098071776215}]"}, {"source": 22, "prod": 0, "target": 9, "value": 0.066787822116651588, "supply": "[{\"l\":'Labor',\"v\":0.066787822116651588}]"}, {"source": 22, "prod": 0, "target": 3, "value": 0.58802629091217085, "supply": "[{\"l\":'Labor',\"v\":0.58802629091217085}]"}, {"source": 22, "prod": 0, "target": 4, "value": 1.544474770202108, "supply": "[{\"l\":'Labor',\"v\":1.544474770202108}]"}, {"source": 19, "prod": 0, "target": 14, "value": 1.815706623964384, "supply": "[{\"l\":'Fossil Fuels',\"v\":1.815706623964384}]"}, {"source": 20, "prod": 0, "target": 14, "value": 0.91518325470913875, "supply": "[{\"l\":'Renewables & Nuclear',\"v\":0.21550993387024331},{\"l\":'Biomass & Waste',\"v\":0.69967332083889544}]"}]}