{"nodes": [{"layer": 5, "name": "Cereals, Other"}, {"layer": 10, "name": "Feed", "fill": "#dbdb8d"}, {"layer": 5, "name": "Sugar cane"}, {"layer": 13, "name": "Pelagic Fish"}, {"layer": 5, "name": "Bananas"}, {"layer": 5, "name": "Maize"}, {"layer": 5, "name": "Potatoes"}, {"layer": 5, "name": "Vegetables, Other"}, {"layer": 5, "name": "Yams"}, {"layer": 13, "name": "Milk - Excluding Butter"}, {"layer": 5, "name": "Barley"}, {"layer": 13, "name": "Fish, Seafood"}, {"layer": 5, "name": "Plantains"}, {"layer": 13, "name": "Sugar non-centrifugal"}, {"layer": 5, "name": "Sorghum"}, {"layer": 5, "name": "Cassava"}, {"layer": 16, "name": "Food", "fill": "#b5cf6b"}, {"layer": 5, "name": "Fruits, Other"}, {"layer": 13, "name": "Sugar", "fill": "#d6616b"}, {"layer": 13, "name": "Maize Germ Oil"}, {"layer": 13, "name": "Beer"}, {"layer": 13, "name": "Beverages, Alcoholic"}, {"layer": 5, "name": "Cocoa Beans"}, {"layer": 13, "name": "Honey"}, {"layer": 5, "name": "Rice"}, {"layer": 13, "name": "Butter, Ghee"}, {"layer": 5, "name": "Tomatoes"}, {"layer": 13, "name": "Fats, Animals, Raw"}, {"layer": 5, "name": "Coffee"}, {"layer": 5, "name": "Wheat"}, {"layer": 13, "name": "Soyabean Oil"}, {"layer": 5, "name": "Coconuts - Incl Copra"}, {"layer": 13, "name": "Eggs"}, {"layer": 5, "name": "Peas"}, {"layer": 13, "name": "Marine Fish, Other"}, {"layer": 5, "name": "Grapes"}, {"layer": 13, "name": "Palm Oil"}, {"layer": 13, "name": "Wine"}, {"layer": 13, "name": "Coconut Oil"}, {"layer": 5, "name": "Oats"}, {"layer": 13, "name": "Olive Oil"}, {"layer": 13, "name": "Pigmeat"}, {"layer": 13, "name": "Freshwater Fish"}, {"layer": 5, "name": "Pineapples"}, {"layer": 13, "name": "Sesameseed Oil"}, {"layer": 5, "name": "Beans"}, {"layer": 5, "name": "Pulses, Other"}, {"layer": 13, "name": "Meat, Other"}, {"layer": 13, "name": "Mutton & Goat Meat"}, {"layer": 5, "name": "Spices, Other"}, {"layer": 13, "name": "Bovine Meat"}, {"layer": 13, "name": "Poultry Meat"}, {"layer": 13, "name": "Offals, Edible"}, {"layer": 13, "name": "Demersal Fish"}, {"layer": 5, "name": "Oranges, Mandarines"}, {"layer": 13, "name": "Cottonseed Oil"}, {"layer": 5, "name": "Onions"}, {"layer": 5, "name": "Apples"}, {"layer": 10, "name": "Processing", "fill": "#9edae5"}, {"layer": 5, "name": "Cottonseed"}, {"layer": 5, "name": "Sesame seed"}, {"layer": 5, "name": "Soyabeans"}, {"layer": 5, "name": "Palm kernels"}, {"layer": 16, "name": "Biofuels & Other", "fill": "#e7ba52"}, {"layer": 13, "name": "Oilcrops Oil, Other"}, {"name": "Seed", "fill": "#dbdb8d"}, {"name": "Waste", "fill": "#c7c7c7"}, {"layer": 0, "name": "Import", "fill": "#aec7e8"}, {"layer": 16, "name": "Export", "fill": "#aec7e8"}, {"layer": 13, "name": "Crustaceans"}, {"layer": 16, "name": "Stock Deposit", "fill": "#c7c7c7"}, {"layer": 0, "name": "Stock Draw", "fill": "#c7c7c7"}, {"layer": 0, "name": "Production", "fill": "#b5cf6b"}, {"layer": 5, "name": "Oil Palm"}], "links": [{"source": 0, "prod": 0.048624736270663639, "target": 1, "value": 14.0, "supply": [{"l": "Cereals, Other", "v": 14.0}]}, {"source": 2, "prod": 0.0052104897613971125, "target": 1, "value": 17.0, "supply": [{"l": "Sugar cane", "v": 17.0}]}, {"source": 3, "prod": 0.0041080806373064525, "target": 1, "value": 3.0, "supply": [{"l": "Pelagic Fish", "v": 3.0}]}, {"source": 4, "prod": 0.041132423055129708, "target": 1, "value": 57.0, "supply": [{"l": "Bananas", "v": 57.0}]}, {"source": 5, "prod": 0.33206223134866375, "target": 1, "value": 83.0, "supply": [{"l": "Maize", "v": 83.0}]}, {"source": 6, "prod": 0.045168072230541229, "target": 1, "value": 55.0, "supply": [{"l": "Potatoes", "v": 55.0}]}, {"source": 7, "prod": 0.0031859749765350948, "target": 1, "value": 12.0, "supply": [{"l": "Vegetables, Other", "v": 12.0}]}, {"source": 8, "prod": 0.016178829370154267, "target": 1, "value": 15.0, "supply": [{"l": "Yams", "v": 15.0}]}, {"source": 9, "prod": 0.14715815064584306, "target": 1, "value": 220.0, "supply": [{"l": "Milk - Excluding Butter", "v": 220.0}]}, {"source": 10, "prod": 0.0060643095122142861, "target": 1, "value": 2.0, "supply": [{"l": "Barley", "v": 2.0}]}, {"source": 11, "prod": 0.0020134466364664034, "target": 1, "value": 3.0, "supply": [{"l": "Fish, Seafood", "v": 3.0}]}, {"source": 12, "prod": 0.13514433498428702, "target": 1, "value": 128.0, "supply": [{"l": "Plantains", "v": 128.0}]}, {"source": 13, "prod": 0.17162647995858066, "target": 1, "value": 42.0, "supply": [{"l": "Sugar non-centrifugal", "v": 42.0}]}, {"source": 14, "prod": 0.012668641772808664, "target": 1, "value": 4.0, "supply": [{"l": "Sorghum", "v": 4.0}]}, {"source": 15, "prod": 0.021578299504883512, "target": 1, "value": 21.0, "supply": [{"l": "Cassava", "v": 21.0}]}, {"source": 5, "prod": 2.784521843598434, "target": 16, "value": 696.0, "supply": [{"l": "Maize", "v": 696.0}]}, {"source": 12, "prod": 1.1550617380688279, "target": 16, "value": 1094.0, "supply": [{"l": "Plantains", "v": 1094.0}]}, {"source": 17, "prod": 0.03515265367143082, "target": 16, "value": 79.0, "supply": [{"l": "Fruits, Other", "v": 79.0}]}, {"source": 8, "prod": 0.098151564845602557, "target": 16, "value": 91.0, "supply": [{"l": "Yams", "v": 91.0}]}, {"source": 18, "prod": 1.3078546631232357, "target": 16, "value": 316.0, "supply": [{"l": "Sugar", "v": 316.0}]}, {"source": 19, "prod": 0.0424501665855, "target": 16, "value": 4.0, "supply": [{"l": "Maize Germ Oil", "v": 4.0}]}, {"source": 20, "prod": 0.27297274552801265, "target": 16, "value": 647.0, "supply": [{"l": "Beer", "v": 647.0}]}, {"source": 21, "prod": 0.070750277642499998, "target": 16, "value": 21.0, "supply": [{"l": "Beverages, Alcoholic", "v": 21.0}]}, {"source": 10, "prod": 0.021225083292750004, "target": 16, "value": 7.0, "supply": [{"l": "Barley", "v": 7.0}]}, {"source": 22, "prod": 0.028516142439114503, "target": 16, "value": 22.0, "supply": [{"l": "Cocoa Beans", "v": 22.0}]}, {"source": 23, "prod": 0.0053062708231875, "target": 16, "value": 1.0, "supply": [{"l": "Honey", "v": 1.0}]}, {"source": 24, "prod": 1.3560012311076657, "target": 16, "value": 314.0, "supply": [{"l": "Rice", "v": 314.0}]}, {"source": 25, "prod": 0.049525194349750008, "target": 16, "value": 6.0, "supply": [{"l": "Butter, Ghee", "v": 6.0}]}, {"source": 26, "prod": 0.0070118578734977687, "target": 16, "value": 37.0, "supply": [{"l": "Tomatoes", "v": 37.0}]}, {"source": 27, "prod": 0.1542971272412087, "target": 16, "value": 19.0, "supply": [{"l": "Fats, Animals, Raw", "v": 19.0}]}, {"source": 28, "prod": 0.041912822704670886, "target": 16, "value": 78.0, "supply": [{"l": "Coffee", "v": 78.0}]}, {"source": 13, "prod": 2.6316060260315699, "target": 16, "value": 644.0, "supply": [{"l": "Sugar non-centrifugal", "v": 644.0}]}, {"source": 29, "prod": 0.86780196143739341, "target": 16, "value": 274.0, "supply": [{"l": "Wheat", "v": 274.0}]}, {"source": 30, "prod": 0.028300111057000001, "target": 16, "value": 3.0, "supply": [{"l": "Soyabean Oil", "v": 3.0}]}, {"source": 31, "prod": 0.034653197212653065, "target": 16, "value": 24.0, "supply": [{"l": "Coconuts - Incl Copra", "v": 24.0}]}, {"source": 32, "prod": 0.063411037223153541, "target": 16, "value": 40.0, "supply": [{"l": "Eggs", "v": 40.0}]}, {"source": 7, "prod": 0.06292300578656812, "target": 16, "value": 237.0, "supply": [{"l": "Vegetables, Other", "v": 237.0}]}, {"source": 33, "prod": 0.083573765465203134, "target": 16, "value": 21.0, "supply": [{"l": "Peas", "v": 21.0}]}, {"source": 34, "prod": 0.00080857460162857145, "target": 16, "value": 1.0, "supply": [{"l": "Marine Fish, Other", "v": 1.0}]}, {"source": 35, "prod": 0.0031837624939125004, "target": 16, "value": 4.0, "supply": [{"l": "Grapes", "v": 4.0}]}, {"source": 36, "prod": 0.0169800666342, "target": 16, "value": 2.0, "supply": [{"l": "Palm Oil", "v": 2.0}]}, {"source": 37, "prod": 0.00080916739825733148, "target": 16, "value": 1.0, "supply": [{"l": "Wine", "v": 1.0}]}, {"source": 38, "prod": 0.19822069312381779, "target": 16, "value": 19.0, "supply": [{"l": "Coconut Oil", "v": 19.0}]}, {"source": 39, "prod": 0.021742768251109757, "target": 16, "value": 7.0, "supply": [{"l": "Oats", "v": 7.0}]}, {"source": 40, "prod": 0.010612541646375, "target": 16, "value": 1.0, "supply": [{"l": "Olive Oil", "v": 1.0}]}, {"source": 41, "prod": 0.20945805881003288, "target": 16, "value": 75.0, "supply": [{"l": "Pigmeat", "v": 75.0}]}, {"source": 0, "prod": 0.0034731954479045452, "target": 16, "value": 1.0, "supply": [{"l": "Cereals, Other", "v": 1.0}]}, {"source": 6, "prod": 0.29400308833697747, "target": 16, "value": 358.0, "supply": [{"l": "Potatoes", "v": 358.0}]}, {"source": 42, "prod": 0.014389886978135593, "target": 16, "value": 20.0, "supply": [{"l": "Freshwater Fish", "v": 20.0}]}, {"source": 43, "prod": 0.02122508329275, "target": 16, "value": 53.0, "supply": [{"l": "Pineapples", "v": 53.0}]}, {"source": 9, "prod": 1.0287692531513939, "target": 16, "value": 1538.0, "supply": [{"l": "Milk - Excluding Butter", "v": 1538.0}]}, {"source": 44, "prod": 0.10270201593266132, "target": 16, "value": 10.0, "supply": [{"l": "Sesameseed Oil", "v": 10.0}]}, {"source": 45, "prod": 0.15368034991712659, "target": 16, "value": 39.0, "supply": [{"l": "Beans", "v": 39.0}]}, {"source": 46, "prod": 0.099050388699500017, "target": 16, "value": 24.0, "supply": [{"l": "Pulses, Other", "v": 24.0}]}, {"source": 11, "prod": 0.028188252910529649, "target": 16, "value": 42.0, "supply": [{"l": "Fish, Seafood", "v": 42.0}]}, {"source": 47, "prod": 0.0043414943098806823, "target": 16, "value": 3.0, "supply": [{"l": "Meat, Other", "v": 3.0}]}, {"source": 48, "prod": 0.0074912058680294122, "target": 16, "value": 6.0, "supply": [{"l": "Mutton & Goat Meat", "v": 6.0}]}, {"source": 3, "prod": 0.0068468010621774199, "target": 16, "value": 5.0, "supply": [{"l": "Pelagic Fish", "v": 5.0}]}, {"source": 4, "prod": 0.16092158493498115, "target": 16, "value": 223.0, "supply": [{"l": "Bananas", "v": 223.0}]}, {"source": 49, "prod": 0.00424501665855, "target": 16, "value": 1.0, "supply": [{"l": "Spices, Other", "v": 1.0}]}, {"source": 50, "prod": 0.8036143074378117, "target": 16, "value": 321.0, "supply": [{"l": "Bovine Meat", "v": 321.0}]}, {"source": 51, "prod": 0.041754262215245905, "target": 16, "value": 30.0, "supply": [{"l": "Poultry Meat", "v": 30.0}]}, {"source": 52, "prod": 0.069748149063994347, "target": 16, "value": 58.0, "supply": [{"l": "Offals, Edible", "v": 58.0}]}, {"source": 53, "prod": 0.007002089333690723, "target": 16, "value": 16.0, "supply": [{"l": "Demersal Fish", "v": 16.0}]}, {"source": 54, "prod": 0.020987931524115922, "target": 16, "value": 59.0, "supply": [{"l": "Oranges, Mandarines", "v": 59.0}]}, {"source": 55, "prod": 0.20877131107622951, "target": 16, "value": 20.0, "supply": [{"l": "Cottonseed Oil", "v": 20.0}]}, {"source": 15, "prod": 0.56000824905531021, "target": 16, "value": 545.0, "supply": [{"l": "Cassava", "v": 545.0}]}, {"source": 56, "prod": 0.049190564658197634, "target": 16, "value": 98.0, "supply": [{"l": "Onions", "v": 98.0}]}, {"source": 57, "prod": 0.0017811258707202795, "target": 16, "value": 3.0, "supply": [{"l": "Apples", "v": 3.0}]}, {"source": 5, "prod": 0.084015745280987222, "target": 58, "value": 21.0, "supply": [{"l": "Maize", "v": 21.0}]}, {"source": 31, "prod": 0.17326598606326532, "target": 58, "value": 120.0, "supply": [{"l": "Coconuts - Incl Copra", "v": 120.0}]}, {"source": 59, "prod": 0.18192928536642861, "target": 58, "value": 126.0, "supply": [{"l": "Cottonseed", "v": 126.0}]}, {"source": 60, "prod": 0.030321547561071433, "target": 58, "value": 21.0, "supply": [{"l": "Sesame seed", "v": 21.0}]}, {"source": 61, "prod": 0.075979645989989131, "target": 58, "value": 19.0, "supply": [{"l": "Soyabeans", "v": 19.0}]}, {"source": 10, "prod": 0.26682961853742859, "target": 58, "value": 88.0, "supply": [{"l": "Barley", "v": 88.0}]}, {"source": 62, "prod": 0.0014438832171938777, "target": 58, "value": 1.0, "supply": [{"l": "Palm kernels", "v": 1.0}]}, {"source": 24, "prod": 0.030229326808132676, "target": 58, "value": 7.0, "supply": [{"l": "Rice", "v": 7.0}]}, {"source": 2, "prod": 4.0460985494237223, "target": 58, "value": 13201.0, "supply": [{"l": "Sugar cane", "v": 13201.0}]}, {"source": 36, "prod": 0.0084900333171, "target": 63, "value": 1.0, "supply": [{"l": "Palm Oil", "v": 1.0}]}, {"source": 27, "prod": 0.081209014337478264, "target": 63, "value": 10.0, "supply": [{"l": "Fats, Animals, Raw", "v": 10.0}]}, {"source": 64, "prod": 0.093894012532334745, "target": 63, "value": 9.0, "supply": [{"l": "Oilcrops Oil, Other", "v": 9.0}]}, {"source": 15, "prod": 0.066789974657972775, "target": 63, "value": 65.0, "supply": [{"l": "Cassava", "v": 65.0}]}, {"source": 31, "prod": 0.0043316496515816332, "target": 63, "value": 3.0, "supply": [{"l": "Coconuts - Incl Copra", "v": 3.0}]}, {"source": 5, "prod": 0.084015745280987222, "target": 65, "value": 21.0, "supply": [{"l": "Maize", "v": 21.0}]}, {"source": 29, "prod": 0.047507406648032491, "target": 65, "value": 15.0, "supply": [{"l": "Wheat", "v": 15.0}]}, {"source": 61, "prod": 0.0039989287363152177, "target": 65, "value": 1.0, "supply": [{"l": "Soyabeans", "v": 1.0}]}, {"source": 6, "prod": 0.058307875061244137, "target": 65, "value": 71.0, "supply": [{"l": "Potatoes", "v": 71.0}]}, {"source": 32, "prod": 0.0015852759305788383, "target": 32, "value": 1.0, "supply": [{"l": "Eggs", "v": 1.0}]}, {"source": 33, "prod": 0.0079594062347812505, "target": 65, "value": 2.0, "supply": [{"l": "Peas", "v": 2.0}]}, {"source": 59, "prod": 0.0072194160859693889, "target": 65, "value": 5.0, "supply": [{"l": "Cottonseed", "v": 5.0}]}, {"source": 45, "prod": 0.023643130756481015, "target": 65, "value": 6.0, "supply": [{"l": "Beans", "v": 6.0}]}, {"source": 10, "prod": 0.012128619024428572, "target": 65, "value": 4.0, "supply": [{"l": "Barley", "v": 4.0}]}, {"source": 24, "prod": 0.12955425774914003, "target": 65, "value": 30.0, "supply": [{"l": "Rice", "v": 30.0}]}, {"source": 46, "prod": 0.0082541990582916686, "target": 65, "value": 2.0, "supply": [{"l": "Pulses, Other", "v": 2.0}]}, {"source": 2, "prod": 0.052717896409429608, "target": 65, "value": 172.0, "supply": [{"l": "Sugar cane", "v": 172.0}]}, {"source": 5, "prod": 0.048008997303421265, "target": 66, "value": 12.0, "supply": [{"l": "Maize", "v": 12.0}]}, {"source": 12, "prod": 0.057014016321496087, "target": 66, "value": 54.0, "supply": [{"l": "Plantains", "v": 54.0}]}, {"source": 17, "prod": 0.0031147920974685535, "target": 66, "value": 7.0, "supply": [{"l": "Fruits, Other", "v": 7.0}]}, {"source": 8, "prod": 0.012943063496123413, "target": 66, "value": 12.0, "supply": [{"l": "Yams", "v": 12.0}]}, {"source": 10, "prod": 0.0030321547561071431, "target": 66, "value": 1.0, "supply": [{"l": "Barley", "v": 1.0}]}, {"source": 24, "prod": 0.012955425774914004, "target": 66, "value": 3.0, "supply": [{"l": "Rice", "v": 3.0}]}, {"source": 26, "prod": 0.00037901934451339288, "target": 66, "value": 2.0, "supply": [{"l": "Tomatoes", "v": 2.0}]}, {"source": 28, "prod": 0.00268671940414557, "target": 66, "value": 5.0, "supply": [{"l": "Coffee", "v": 5.0}]}, {"source": 13, "prod": 0.057208826652860215, "target": 66, "value": 14.0, "supply": [{"l": "Sugar non-centrifugal", "v": 14.0}]}, {"source": 29, "prod": 0.012668641772808664, "target": 66, "value": 4.0, "supply": [{"l": "Wheat", "v": 4.0}]}, {"source": 32, "prod": 0.0047558277917365147, "target": 66, "value": 3.0, "supply": [{"l": "Eggs", "v": 3.0}]}, {"source": 7, "prod": 0.0058409541236476726, "target": 66, "value": 22.0, "supply": [{"l": "Vegetables, Other", "v": 22.0}]}, {"source": 35, "prod": 0.00079594062347812511, "target": 66, "value": 1.0, "supply": [{"l": "Grapes", "v": 1.0}]}, {"source": 22, "prod": 0.0012961882926870228, "target": 66, "value": 1.0, "supply": [{"l": "Cocoa Beans", "v": 1.0}]}, {"source": 59, "prod": 0.0014438832171938777, "target": 66, "value": 1.0, "supply": [{"l": "Cottonseed", "v": 1.0}]}, {"source": 6, "prod": 0.055022924353568411, "target": 66, "value": 67.0, "supply": [{"l": "Potatoes", "v": 67.0}]}, {"source": 9, "prod": 0.08227478422472137, "target": 66, "value": 123.0, "supply": [{"l": "Milk - Excluding Butter", "v": 123.0}]}, {"source": 45, "prod": 0.0039405217927468358, "target": 66, "value": 1.0, "supply": [{"l": "Beans", "v": 1.0}]}, {"source": 43, "prod": 0.0072085188541415098, "target": 66, "value": 18.0, "supply": [{"l": "Pineapples", "v": 18.0}]}, {"source": 4, "prod": 0.062059445311248337, "target": 66, "value": 86.0, "supply": [{"l": "Bananas", "v": 86.0}]}, {"source": 50, "prod": 0.017524299539142311, "target": 66, "value": 7.0, "supply": [{"l": "Bovine Meat", "v": 7.0}]}, {"source": 54, "prod": 0.0032015488765600566, "target": 66, "value": 9.0, "supply": [{"l": "Oranges, Mandarines", "v": 9.0}]}, {"source": 56, "prod": 0.01104277982122804, "target": 66, "value": 22.0, "supply": [{"l": "Onions", "v": 22.0}]}, {"source": 15, "prod": 0.020550761433222396, "target": 66, "value": 20.0, "supply": [{"l": "Cassava", "v": 20.0}]}, {"source": 67, "prod": 0.052097931718568177, "target": 0, "value": 15.0, "supply": [{"l": "Cereals, Other", "v": 15.0}]}, {"source": 67, "prod": 0.16410205981557738, "target": 24, "value": 38.0, "supply": [{"l": "Rice", "v": 38.0}]}, {"source": 67, "prod": 0.50991283135554877, "target": 29, "value": 161.0, "supply": [{"l": "Wheat", "v": 161.0}]}, {"source": 67, "prod": 0.086389609444232726, "target": 1, "value": 126.0, "supply": [{"l": "Pelagic Fish", "v": 3.0}, {"l": "Milk - Excluding Butter", "v": 120.0}, {"l": "Fish, Seafood", "v": 3.0}]}, {"source": 67, "prod": 0.00424501665855, "target": 49, "value": 1.0, "supply": [{"l": "Spices, Other", "v": 1.0}]}, {"source": 67, "prod": 0.021225083292750004, "target": 10, "value": 7.0, "supply": [{"l": "Barley", "v": 7.0}]}, {"source": 67, "prod": 0.15215793192709806, "target": 58, "value": 19.0, "supply": [{"l": "Olive Oil", "v": 1.0}, {"l": "Fats, Animals, Raw", "v": 15.0}, {"l": "Wine", "v": 1.0}, {"l": "Palm Oil", "v": 1.0}, {"l": "Oilcrops Oil, Other", "v": 1.0}]}, {"source": 67, "prod": 0.0039405217927468358, "target": 45, "value": 1.0, "supply": [{"l": "Beans", "v": 1.0}]}, {"source": 67, "prod": 0.010369506341496183, "target": 22, "value": 8.0, "supply": [{"l": "Cocoa Beans", "v": 8.0}]}, {"source": 67, "prod": 0.18403448966311486, "target": 5, "value": 46.0, "supply": [{"l": "Maize", "v": 46.0}]}, {"source": 67, "prod": 0.0017811258707202795, "target": 57, "value": 3.0, "supply": [{"l": "Apples", "v": 3.0}]}, {"source": 67, "prod": 0.17326598606326532, "target": 31, "value": 120.0, "supply": [{"l": "Coconuts - Incl Copra", "v": 120.0}]}, {"source": 67, "prod": 0.021742768251109757, "target": 39, "value": 7.0, "supply": [{"l": "Oats", "v": 7.0}]}, {"source": 67, "prod": 0.016508398116583337, "target": 46, "value": 4.0, "supply": [{"l": "Pulses, Other", "v": 4.0}]}, {"source": 28, "prod": 0.18215957560106966, "target": 68, "value": 339.0, "supply": [{"l": "Coffee", "v": 339.0}]}, {"source": 4, "prod": 0.14865402016415299, "target": 68, "value": 206.0, "supply": [{"l": "Bananas", "v": 206.0}]}, {"source": 69, "prod": 0.0020214365040714288, "target": 68, "value": 2.0, "supply": [{"l": "Crustaceans", "v": 2.0}]}, {"source": 18, "prod": 0.19038390665717991, "target": 68, "value": 46.0, "supply": [{"l": "Sugar", "v": 46.0}]}, {"source": 11, "prod": 0.0013422977576442688, "target": 68, "value": 2.0, "supply": [{"l": "Fish, Seafood", "v": 2.0}]}, {"source": 2, "prod": 0.0030649939772924195, "target": 68, "value": 10.0, "supply": [{"l": "Sugar cane", "v": 10.0}]}, {"source": 28, "prod": 0.015045628663215189, "target": 70, "value": 28.0, "supply": [{"l": "Coffee", "v": 28.0}]}, {"source": 10, "prod": 0.0090964642683214296, "target": 70, "value": 3.0, "supply": [{"l": "Barley", "v": 3.0}]}, {"source": 29, "prod": 0.031671604432021667, "target": 70, "value": 10.0, "supply": [{"l": "Wheat", "v": 10.0}]}, {"source": 71, "prod": 0.12002249325855317, "target": 5, "value": 30.0, "supply": [{"l": "Maize", "v": 30.0}]}, {"source": 72, "prod": 3.0325683296661099, "target": 5, "value": 758.0, "supply": [{"l": "Maize", "v": 758.0}]}, {"source": 72, "prod": 1.3461642742575464, "target": 12, "value": 1275.0, "supply": [{"l": "Plantains", "v": 1275.0}]}, {"source": 72, "prod": 0.037822475469261006, "target": 17, "value": 85.0, "supply": [{"l": "Fruits, Other", "v": 85.0}]}, {"source": 72, "prod": 0.12727345771188023, "target": 8, "value": 118.0, "supply": [{"l": "Yams", "v": 118.0}]}, {"source": 72, "prod": 0.30018332085460719, "target": 10, "value": 99.0, "supply": [{"l": "Barley", "v": 99.0}]}, {"source": 72, "prod": 0.0073908772180111618, "target": 26, "value": 39.0, "supply": [{"l": "Tomatoes", "v": 39.0}]}, {"source": 72, "prod": 0.24180474637310126, "target": 28, "value": 450.0, "supply": [{"l": "Coffee", "v": 450.0}]}, {"source": 72, "prod": 1.364638181624275, "target": 24, "value": 316.0, "supply": [{"l": "Rice", "v": 316.0}]}, {"source": 72, "prod": 0.44973678293470754, "target": 29, "value": 142.0, "supply": [{"l": "Wheat", "v": 142.0}]}, {"source": 72, "prod": 0.038984846864234694, "target": 31, "value": 27.0, "supply": [{"l": "Coconuts - Incl Copra", "v": 27.0}]}, {"source": 72, "prod": 0.071949934886750888, "target": 7, "value": 271.0, "supply": [{"l": "Vegetables, Other", "v": 271.0}]}, {"source": 72, "prod": 0.091533171699984373, "target": 33, "value": 23.0, "supply": [{"l": "Peas", "v": 23.0}]}, {"source": 72, "prod": 0.031765430778265304, "target": 60, "value": 22.0, "supply": [{"l": "Sesame seed", "v": 22.0}]}, {"source": 72, "prod": 0.079978574726304361, "target": 61, "value": 20.0, "supply": [{"l": "Soyabeans", "v": 20.0}]}, {"source": 72, "prod": 0.0039797031173906252, "target": 35, "value": 5.0, "supply": [{"l": "Grapes", "v": 5.0}]}, {"source": 72, "prod": 4.1067854301741127, "target": 2, "value": 13399.0, "supply": [{"l": "Sugar cane", "v": 13399.0}]}, {"source": 72, "prod": 0.01814663609761832, "target": 22, "value": 14.0, "supply": [{"l": "Cocoa Beans", "v": 14.0}]}, {"source": 72, "prod": 0.19059258466959186, "target": 59, "value": 132.0, "supply": [{"l": "Cottonseed", "v": 132.0}]}, {"source": 72, "prod": 0.45250195998233123, "target": 6, "value": 551.0, "supply": [{"l": "Potatoes", "v": 551.0}]}, {"source": 72, "prod": 0.028033128877216984, "target": 43, "value": 70.0, "supply": [{"l": "Pineapples", "v": 70.0}]}, {"source": 72, "prod": 0.1733829588808608, "target": 45, "value": 44.0, "supply": [{"l": "Beans", "v": 44.0}]}, {"source": 72, "prod": 0.09079618964120835, "target": 46, "value": 22.0, "supply": [{"l": "Pulses, Other", "v": 22.0}]}, {"source": 72, "prod": 0.012668641772808664, "target": 14, "value": 4.0, "supply": [{"l": "Sorghum", "v": 4.0}]}, {"source": 72, "prod": 0.41276747346551218, "target": 4, "value": 572.0, "supply": [{"l": "Bananas", "v": 572.0}]}, {"source": 72, "prod": 0.024189480400675981, "target": 54, "value": 68.0, "supply": [{"l": "Oranges, Mandarines", "v": 68.0}]}, {"source": 72, "prod": 0.0014438832171938777, "target": 62, "value": 1.0, "supply": [{"l": "Palm kernels", "v": 1.0}]}, {"source": 72, "prod": 0.060233344479425674, "target": 56, "value": 120.0, "supply": [{"l": "Onions", "v": 120.0}]}, {"source": 72, "prod": 0.66789974657972773, "target": 15, "value": 650.0, "supply": [{"l": "Cassava", "v": 650.0}]}, {"source": 1, "prod": 0.041754262215245905, "target": 51, "value": 30.0, "supply": [{"l": "Poultry Meat", "v": 30.0}]}, {"source": 1, "prod": 0.20945805881003288, "target": 41, "value": 75.0, "supply": [{"l": "Pigmeat", "v": 75.0}]}, {"source": 1, "prod": 0.010954881699483873, "target": 3, "value": 8.0, "supply": [{"l": "Pelagic Fish", "v": 8.0}]}, {"source": 1, "prod": 0.82113860697695407, "target": 50, "value": 328.0, "supply": [{"l": "Bovine Meat", "v": 328.0}]}, {"source": 1, "prod": 0.068166865014890055, "target": 32, "value": 43.0, "supply": [{"l": "Eggs", "v": 44.0}]}, {"source": 1, "prod": 1.2582021880219583, "target": 9, "value": 1881.0, "supply": [{"l": "Milk - Excluding Butter", "v": 1881.0}]}, {"source": 1, "prod": 0.069748149063994347, "target": 52, "value": 58.0, "supply": [{"l": "Offals, Edible", "v": 58.0}]}, {"source": 1, "prod": 0.00080857460162857145, "target": 34, "value": 1.0, "supply": [{"l": "Marine Fish, Other", "v": 1.0}]}, {"source": 1, "prod": 0.031543997304640317, "target": 11, "value": 47.0, "supply": [{"l": "Fish, Seafood", "v": 47.0}]}, {"source": 1, "prod": 0.0020214365040714288, "target": 69, "value": 2.0, "supply": [{"l": "Crustaceans", "v": 2.0}]}, {"source": 1, "prod": 0.007002089333690723, "target": 53, "value": 16.0, "supply": [{"l": "Demersal Fish", "v": 16.0}]}, {"source": 1, "prod": 0.0043414943098806823, "target": 47, "value": 3.0, "supply": [{"l": "Meat, Other", "v": 3.0}]}, {"source": 1, "prod": 0.014389886978135593, "target": 42, "value": 20.0, "supply": [{"l": "Freshwater Fish", "v": 20.0}]}, {"source": 1, "prod": 0.0074912058680294122, "target": 48, "value": 6.0, "supply": [{"l": "Mutton & Goat Meat", "v": 6.0}]}, {"source": 58, "prod": 0.010612541646375, "target": 40, "value": 1.0, "supply": [{"l": "Olive Oil", "v": 1.0}]}, {"source": 58, "prod": 0.23550614157868696, "target": 27, "value": 29.0, "supply": [{"l": "Fats, Animals, Raw", "v": 29.0}]}, {"source": 58, "prod": 0.10270201593266132, "target": 44, "value": 10.0, "supply": [{"l": "Sesameseed Oil", "v": 10.0}]}, {"source": 58, "prod": 0.028300111057000001, "target": 30, "value": 3.0, "supply": [{"l": "Soyabean Oil", "v": 3.0}]}, {"source": 58, "prod": 0.19822069312381779, "target": 38, "value": 19.0, "supply": [{"l": "Coconut Oil", "v": 19.0}]}, {"source": 58, "prod": 0.20877131107622951, "target": 55, "value": 20.0, "supply": [{"l": "Cottonseed Oil", "v": 20.0}]}, {"source": 58, "prod": 1.4982385697804157, "target": 18, "value": 362.0, "supply": [{"l": "Sugar", "v": 362.0}]}, {"source": 58, "prod": 0.0053062708231875, "target": 23, "value": 1.0, "supply": [{"l": "Honey", "v": 1.0}]}, {"source": 58, "prod": 0.0424501665855, "target": 19, "value": 4.0, "supply": [{"l": "Maize Germ Oil", "v": 4.0}]}, {"source": 58, "prod": 0.27297274552801265, "target": 20, "value": 647.0, "supply": [{"l": "Beer", "v": 647.0}]}, {"source": 58, "prod": 0.070750277642499998, "target": 21, "value": 21.0, "supply": [{"l": "Beverages, Alcoholic", "v": 21.0}]}, {"source": 58, "prod": 0.0254700999513, "target": 36, "value": 3.0, "supply": [{"l": "Palm Oil", "v": 3.0}]}, {"source": 58, "prod": 0.093894012532334745, "target": 64, "value": 9.0, "supply": [{"l": "Oilcrops Oil, Other", "v": 9.0}]}, {"source": 58, "prod": 2.8604413326430107, "target": 13, "value": 700.0, "supply": [{"l": "Sugar non-centrifugal", "v": 700.0}]}, {"source": 58, "prod": 0.049525194349750008, "target": 25, "value": 6.0, "supply": [{"l": "Butter, Ghee", "v": 6.0}]}, {"source": 58, "prod": 0.00080916739825733148, "target": 37, "value": 1.0, "supply": [{"l": "Wine", "v": 1.0}]}, {"source": 72, "prod": 0.0339601332684, "target": 73, "value": 8.0, "supply": [{"l": "Oil Palm", "v": 8.0}]}, {"source": 73, "prod": 0.0339601332684, "target": 58, "value": 8.0, "supply": [{"l": "Oil Palm", "v": 8.0}]}]}