{"nodes": [{"layer": 5, "name": "Cereals, Other"}, {"layer": 10, "name": "Feed", "fill": "#dbdb8d"}, {"layer": 5, "name": "Sugar cane"}, {"layer": 13, "name": "Pelagic Fish"}, {"layer": 5, "name": "Bananas"}, {"layer": 5, "name": "Maize"}, {"layer": 5, "name": "Potatoes"}, {"layer": 5, "name": "Vegetables, Other"}, {"layer": 5, "name": "Yams"}, {"layer": 13, "name": "Milk - Excluding Butter"}, {"layer": 5, "name": "Barley"}, {"layer": 13, "name": "Fish, Seafood"}, {"layer": 5, "name": "Plantains"}, {"layer": 13, "name": "Sugar non-centrifugal"}, {"layer": 5, "name": "Sorghum"}, {"layer": 5, "name": "Cassava"}, {"layer": 16, "name": "Food", "fill": "#b5cf6b"}, {"layer": 5, "name": "Fruits, Other"}, {"layer": 13, "name": "Sugar", "fill": "#d6616b"}, {"layer": 13, "name": "Maize Germ Oil"}, {"layer": 13, "name": "Beer"}, {"layer": 13, "name": "Beverages, Alcoholic"}, {"layer": 5, "name": "Cocoa Beans"}, {"layer": 13, "name": "Butter, Ghee"}, {"layer": 5, "name": "Tomatoes"}, {"layer": 13, "name": "Fats, Animals, Raw"}, {"layer": 5, "name": "Coffee"}, {"layer": 5, "name": "Rice"}, {"layer": 5, "name": "Wheat"}, {"layer": 13, "name": "Soyabean Oil"}, {"layer": 5, "name": "Coconuts - Incl Copra"}, {"layer": 13, "name": "Crustaceans"}, {"layer": 13, "name": "Eggs"}, {"layer": 5, "name": "Peas"}, {"layer": 13, "name": "Marine Fish, Other"}, {"layer": 5, "name": "Grapes"}, {"layer": 13, "name": "Palm Oil"}, {"layer": 13, "name": "Wine"}, {"layer": 13, "name": "Coconut Oil"}, {"layer": 5, "name": "Oats"}, {"layer": 13, "name": "Pigmeat"}, {"layer": 13, "name": "Poultry Meat"}, {"layer": 13, "name": "Freshwater Fish"}, {"layer": 5, "name": "Pineapples"}, {"layer": 13, "name": "Sesameseed Oil"}, {"layer": 5, "name": "Beans"}, {"layer": 5, "name": "Pulses, Other"}, {"layer": 13, "name": "Meat, Other"}, {"layer": 13, "name": "Mutton & Goat Meat"}, {"layer": 13, "name": "Sweeteners, Other"}, {"layer": 13, "name": "Bovine Meat"}, {"layer": 13, "name": "Molluscs, Other"}, {"layer": 13, "name": "Honey"}, {"layer": 13, "name": "Offals, Edible"}, {"layer": 13, "name": "Demersal Fish"}, {"layer": 5, "name": "Oranges, Mandarines"}, {"layer": 13, "name": "Cottonseed Oil"}, {"layer": 5, "name": "Onions"}, {"layer": 10, "name": "Processing", "fill": "#9edae5"}, {"layer": 5, "name": "Cottonseed"}, {"layer": 5, "name": "Sesame seed"}, {"layer": 5, "name": "Soyabeans"}, {"layer": 5, "name": "Palm kernels"}, {"layer": 16, "name": "Biofuels & Other", "fill": "#e7ba52"}, {"layer": 13, "name": "Fish, Body Oil"}, {"layer": 13, "name": "Oilcrops Oil, Other"}, {"name": "Waste", "fill": "#c7c7c7"}, {"layer": 2, "name": "Import", "fill": "#aec7e8"}, {"layer": 16, "name": "Export", "fill": "#aec7e8"}, {"layer": 0, "name": "Stock Draw", "fill": "#c7c7c7"}, {"layer": 16, "name": "Stock Deposit", "fill": "#c7c7c7"}, {"name": "Crop Residue", "fill": "#bd9e39"}, {"layer": 5, "name": "Oil Palm"}, {"layer": 2, "name": "Electricity", "fill": "#bcbd22"}, {"layer": 0, "name": "Fossil Fuels", "fill": "#c49c94"}, {"layer": 0, "name": "Renewables & Nuclear", "fill": "#2ca02c"}, {"layer": 2, "name": "Fertilizers", "fill": "#c5b0d5"}, {"layer": 0, "name": "Labor", "fill": "#7f7f7f"}], "links": [{"source": 0, "prod": 1.0, "target": 1, "value": 0.0034111741006205361, "supply": [{"l": "Cereals, Other", "v": 0.0034111741006205361}]}, {"source": 2, "prod": 16.0, "target": 1, "value": 0.0056365366420580909, "supply": [{"l": "Sugar cane", "v": 0.0056365366420580909}]}, {"source": 3, "prod": 13.0, "target": 1, "value": 0.030658453645083336, "supply": [{"l": "Pelagic Fish", "v": 0.030658453645083336}]}, {"source": 4, "prod": 58.0, "target": 1, "value": 0.042545846900869273, "supply": [{"l": "Bananas", "v": 0.042545846900869273}]}, {"source": 5, "prod": 78.0, "target": 1, "value": 0.31175779575407669, "supply": [{"l": "Maize", "v": 0.31175779575407669}]}, {"source": 6, "prod": 57.0, "target": 1, "value": 0.04683948975935482, "supply": [{"l": "Potatoes", "v": 0.04683948975935482}]}, {"source": 7, "prod": 13.0, "target": 1, "value": 0.0036371323078049729, "supply": [{"l": "Vegetables, Other", "v": 0.0036371323078049729}]}, {"source": 8, "prod": 16.0, "target": 1, "value": 0.017163966272837547, "supply": [{"l": "Yams", "v": 0.017163966272837547}]}, {"source": 9, "prod": 243.0, "target": 1, "value": 0.16122974093998171, "supply": [{"l": "Milk - Excluding Butter", "v": 0.16122974093998171}]}, {"source": 10, "prod": 3.0, "target": 1, "value": 0.0095512874817375009, "supply": [{"l": "Barley", "v": 0.0095512874817375009}]}, {"source": 11, "prod": 13.0, "target": 1, "value": 0.010373161007734964, "supply": [{"l": "Fish, Seafood", "v": 0.010373161007734964}]}, {"source": 12, "prod": 131.0, "target": 1, "value": 0.13861278885061226, "supply": [{"l": "Plantains", "v": 0.13861278885061226}]}, {"source": 13, "prod": 39.0, "target": 1, "value": 0.15935578919208615, "supply": [{"l": "Sugar non-centrifugal", "v": 0.15935578919208615}]}, {"source": 14, "prod": 11.0, "target": 1, "value": 0.035021387433037503, "supply": [{"l": "Sorghum", "v": 0.035021387433037503}]}, {"source": 15, "prod": 36.0, "target": 1, "value": 0.036868172251881763, "supply": [{"l": "Cassava", "v": 0.036868172251881763}]}, {"source": 5, "prod": 662.0, "target": 16, "value": 2.6459443690922915, "supply": [{"l": "Maize", "v": 2.6459443690922915}]}, {"source": 12, "prod": 1123.0, "target": 16, "value": 1.1882607777041037, "supply": [{"l": "Plantains", "v": 1.1882607777041037}]}, {"source": 17, "prod": 83.0, "target": 16, "value": 0.037010124228954833, "supply": [{"l": "Fruits, Other", "v": 0.037010124228954833}]}, {"source": 8, "prod": 97.0, "target": 16, "value": 0.10405654552907763, "supply": [{"l": "Yams", "v": 0.10405654552907763}]}, {"source": 18, "prod": 325.0, "target": 16, "value": 1.3425435749419554, "supply": [{"l": "Sugar", "v": 1.3425435749419554}]}, {"source": 19, "prod": 4.0, "target": 16, "value": 0.040428730081428582, "supply": [{"l": "Maize Germ Oil", "v": 0.040428730081428582}]}, {"source": 20, "prod": 653.0, "target": 16, "value": 0.27489640173472674, "supply": [{"l": "Beer", "v": 0.27489640173472674}]}, {"source": 21, "prod": 28.0, "target": 16, "value": 0.096574128982012508, "supply": [{"l": "Beverages, Alcoholic", "v": 0.096574128982012508}]}, {"source": 10, "prod": 7.0, "target": 16, "value": 0.022286337457387503, "supply": [{"l": "Barley", "v": 0.022286337457387503}]}, {"source": 22, "prod": 20.0, "target": 16, "value": 0.029025754930256414, "supply": [{"l": "Cocoa Beans", "v": 0.029025754930256414}]}, {"source": 13, "prod": 598.0, "target": 16, "value": 2.4434554342786545, "supply": [{"l": "Sugar non-centrifugal", "v": 2.4434554342786545}]}, {"source": 23, "prod": 7.0, "target": 16, "value": 0.060954085353538454, "supply": [{"l": "Butter, Ghee", "v": 0.060954085353538454}]}, {"source": 24, "prod": 39.0, "target": 16, "value": 0.0073254712249314173, "supply": [{"l": "Tomatoes", "v": 0.0073254712249314173}]}, {"source": 25, "prod": 21.0, "target": 16, "value": 0.17086192050663751, "supply": [{"l": "Fats, Animals, Raw", "v": 0.17086192050663751}]}, {"source": 26, "prod": 87.0, "target": 16, "value": 0.044406787490242489, "supply": [{"l": "Coffee", "v": 0.044406787490242489}]}, {"source": 27, "prod": 342.0, "target": 16, "value": 1.4793002752053042, "supply": [{"l": "Rice", "v": 1.4793002752053042}]}, {"source": 28, "prod": 278.0, "target": 16, "value": 0.88378628759062994, "supply": [{"l": "Wheat", "v": 0.88378628759062994}]}, {"source": 29, "prod": 9.0, "target": 16, "value": 0.089894470416352942, "supply": [{"l": "Soyabean Oil", "v": 0.089894470416352942}]}, {"source": 30, "prod": 26.0, "target": 16, "value": 0.044444469713677853, "supply": [{"l": "Coconuts - Incl Copra", "v": 0.044444469713677853}]}, {"source": 31, "prod": 1.0, "target": 16, "value": 0.00092282970838043483, "supply": [{"l": "Crustaceans", "v": 0.00092282970838043483}]}, {"source": 32, "prod": 40.0, "target": 16, "value": 0.059841644525814981, "supply": [{"l": "Eggs", "v": 0.059841644525814981}]}, {"source": 7, "prod": 292.0, "target": 16, "value": 0.08169558722146554, "supply": [{"l": "Vegetables, Other", "v": 0.08169558722146554}]}, {"source": 33, "prod": 22.0, "target": 16, "value": 0.090377774020741944, "supply": [{"l": "Peas", "v": 0.090377774020741944}]}, {"source": 34, "prod": 2.0, "target": 16, "value": 0.001463798847775862, "supply": [{"l": "Marine Fish, Other", "v": 0.001463798847775862}]}, {"source": 35, "prod": 5.0, "target": 16, "value": 0.0068468010621774199, "supply": [{"l": "Grapes", "v": 0.0068468010621774199}]}, {"source": 36, "prod": 2.0, "target": 16, "value": 0.02122508329275, "supply": [{"l": "Palm Oil", "v": 0.02122508329275}]}, {"source": 37, "prod": 1.0, "target": 16, "value": 0.00077725657128380286, "supply": [{"l": "Wine", "v": 0.00077725657128380286}]}, {"source": 38, "prod": 9.0, "target": 16, "value": 0.091692359824680006, "supply": [{"l": "Coconut Oil", "v": 0.091692359824680006}]}, {"source": 39, "prod": 5.0, "target": 16, "value": 0.014637988477758624, "supply": [{"l": "Oats", "v": 0.014637988477758624}]}, {"source": 40, "prod": 72.0, "target": 16, "value": 0.20127591181027316, "supply": [{"l": "Pigmeat", "v": 0.20127591181027316}]}, {"source": 41, "prod": 39.0, "target": 16, "value": 0.060202054430345459, "supply": [{"l": "Poultry Meat", "v": 0.060202054430345459}]}, {"source": 0, "prod": 1.0, "target": 16, "value": 0.0034111741006205361, "supply": [{"l": "Cereals, Other", "v": 0.0034111741006205361}]}, {"source": 6, "prod": 371.0, "target": 16, "value": 0.3048675561529936, "supply": [{"l": "Potatoes", "v": 0.3048675561529936}]}, {"source": 42, "prod": 23.0, "target": 16, "value": 0.015137268704906977, "supply": [{"l": "Freshwater Fish", "v": 0.015137268704906977}]}, {"source": 43, "prod": 56.0, "target": 16, "value": 0.022216909614841126, "supply": [{"l": "Pineapples", "v": 0.022216909614841126}]}, {"source": 9, "prod": 1635.0, "target": 16, "value": 1.0848173927443214, "supply": [{"l": "Milk - Excluding Butter", "v": 1.0848173927443214}]}, {"source": 44, "prod": 12.0, "target": 16, "value": 0.12164823857337312, "supply": [{"l": "Sesameseed Oil", "v": 0.12164823857337312}]}, {"source": 45, "prod": 38.0, "target": 16, "value": 0.14731564659808222, "supply": [{"l": "Beans", "v": 0.14731564659808222}]}, {"source": 46, "prod": 21.0, "target": 16, "value": 0.083101597298733051, "supply": [{"l": "Pulses, Other", "v": 0.083101597298733051}]}, {"source": 11, "prod": 47.0, "target": 16, "value": 0.037502966720272563, "supply": [{"l": "Fish, Seafood", "v": 0.037502966720272563}]}, {"source": 47, "prod": 3.0, "target": 16, "value": 0.0044947235208176476, "supply": [{"l": "Meat, Other", "v": 0.0044947235208176476}]}, {"source": 48, "prod": 7.0, "target": 16, "value": 0.015238521338384613, "supply": [{"l": "Mutton & Goat Meat", "v": 0.015238521338384613}]}, {"source": 49, "prod": 1.0, "target": 16, "value": 0.0039098837644539475, "supply": [{"l": "Sweeteners, Other", "v": 0.0039098837644539475}]}, {"source": 3, "prod": 3.0, "target": 16, "value": 0.0070750277642500003, "supply": [{"l": "Pelagic Fish", "v": 0.0070750277642500003}]}, {"source": 4, "prod": 233.0, "target": 16, "value": 0.17091693668797486, "supply": [{"l": "Bananas", "v": 0.17091693668797486}]}, {"source": 50, "prod": 368.0, "target": 16, "value": 0.9224219055378744, "supply": [{"l": "Bovine Meat", "v": 0.9224219055378744}]}, {"source": 51, "prod": 1.0, "target": 16, "value": 0.00079793546213345872, "supply": [{"l": "Molluscs, Other", "v": 0.00079793546213345872}]}, {"source": 52, "prod": 1.0, "target": 16, "value": 0.0053062708231875, "supply": [{"l": "Honey", "v": 0.0053062708231875}]}, {"source": 53, "prod": 66.0, "target": 16, "value": 0.081747535652713518, "supply": [{"l": "Offals, Edible", "v": 0.081747535652713518}]}, {"source": 54, "prod": 18.0, "target": 16, "value": 0.0074184757139708736, "supply": [{"l": "Demersal Fish", "v": 0.0074184757139708736}]}, {"source": 55, "prod": 65.0, "target": 16, "value": 0.022252103452076611, "supply": [{"l": "Oranges, Mandarines", "v": 0.022252103452076611}]}, {"source": 56, "prod": 19.0, "target": 16, "value": 0.19797214053055906, "supply": [{"l": "Cottonseed Oil", "v": 0.19797214053055906}]}, {"source": 57, "prod": 106.0, "target": 16, "value": 0.052062848936266129, "supply": [{"l": "Onions", "v": 0.052062848936266129}]}, {"source": 15, "prod": 660.0, "target": 16, "value": 0.67591649128449904, "supply": [{"l": "Cassava", "v": 0.67591649128449904}]}, {"source": 5, "prod": 18.0, "target": 58, "value": 0.071944106712479236, "supply": [{"l": "Maize", "v": 0.071944106712479236}]}, {"source": 30, "prod": 55.0, "target": 58, "value": 0.094017147471241624, "supply": [{"l": "Coconuts - Incl Copra", "v": 0.094017147471241624}]}, {"source": 59, "prod": 120.0, "target": 58, "value": 0.2051283217554363, "supply": [{"l": "Cottonseed", "v": 0.2051283217554363}]}, {"source": 60, "prod": 24.0, "target": 58, "value": 0.041025664351087253, "supply": [{"l": "Sesame seed", "v": 0.041025664351087253}]}, {"source": 61, "prod": 28.0, "target": 58, "value": 0.1058346618980959, "supply": [{"l": "Soyabeans", "v": 0.1058346618980959}]}, {"source": 10, "prod": 91.0, "target": 58, "value": 0.28972238694603752, "supply": [{"l": "Barley", "v": 0.28972238694603752}]}, {"source": 62, "prod": 1.0, "target": 58, "value": 0.0017094026812953023, "supply": [{"l": "Palm kernels", "v": 0.0017094026812953023}]}, {"source": 27, "prod": 7.0, "target": 58, "value": 0.030278075808295699, "supply": [{"l": "Rice", "v": 0.030278075808295699}]}, {"source": 2, "prod": 12452.0, "target": 58, "value": 4.3866346416817095, "supply": [{"l": "Sugar cane", "v": 4.3866346416817095}]}, {"source": 25, "prod": 16.0, "target": 63, "value": 0.13018051086220001, "supply": [{"l": "Fats, Animals, Raw", "v": 0.13018051086220001}]}, {"source": 29, "prod": 1.0, "target": 63, "value": 0.0099882744907058823, "supply": [{"l": "Soyabean Oil", "v": 0.0099882744907058823}]}, {"source": 30, "prod": 3.0, "target": 63, "value": 0.0051282080438859066, "supply": [{"l": "Coconuts - Incl Copra", "v": 0.0051282080438859066}]}, {"source": 64, "prod": 5.0, "target": 63, "value": 0.042110021019911056, "supply": [{"l": "Fish, Body Oil", "v": 0.042110021019911056}]}, {"source": 36, "prod": 2.0, "target": 63, "value": 0.02122508329275, "supply": [{"l": "Palm Oil", "v": 0.02122508329275}]}, {"source": 65, "prod": 10.0, "target": 63, "value": 0.10162696597483882, "supply": [{"l": "Oilcrops Oil, Other", "v": 0.10162696597483882}]}, {"source": 15, "prod": 80.0, "target": 63, "value": 0.081929271670848361, "supply": [{"l": "Cassava", "v": 0.081929271670848361}]}, {"source": 5, "prod": 23.0, "target": 5, "value": 0.091928580799279042, "supply": [{"l": "Maize", "v": 0.091928580799279042}]}, {"source": 28, "prod": 10.0, "target": 28, "value": 0.031790873654339212, "supply": [{"l": "Wheat", "v": 0.031790873654339212}]}, {"source": 61, "prod": 2.0, "target": 61, "value": 0.0075596187070068495, "supply": [{"l": "Soyabeans", "v": 0.0075596187070068495}]}, {"source": 6, "prod": 71.0, "target": 6, "value": 0.058343925840599865, "supply": [{"l": "Potatoes", "v": 0.058343925840599865}]}, {"source": 32, "prod": 1.0, "target": 32, "value": 0.0014960411131453746, "supply": [{"l": "Eggs", "v": 0.0014960411131453746}]}, {"source": 33, "prod": 2.0, "target": 33, "value": 0.0082161612746129049, "supply": [{"l": "Peas", "v": 0.0082161612746129049}]}, {"source": 59, "prod": 5.0, "target": 59, "value": 0.0085470134064765096, "supply": [{"l": "Cottonseed", "v": 0.0085470134064765096}]}, {"source": 45, "prod": 5.0, "target": 45, "value": 0.019383637710273974, "supply": [{"l": "Beans", "v": 0.019383637710273974}]}, {"source": 10, "prod": 5.0, "target": 10, "value": 0.015918812469562501, "supply": [{"l": "Barley", "v": 0.015918812469562501}]}, {"source": 27, "prod": 30.0, "target": 27, "value": 0.12976318203555301, "supply": [{"l": "Rice", "v": 0.12976318203555301}]}, {"source": 46, "prod": 2.0, "target": 46, "value": 0.0079144378379745767, "supply": [{"l": "Pulses, Other", "v": 0.0079144378379745767}]}, {"source": 2, "prod": 165.0, "target": 2, "value": 0.058126784121224066, "supply": [{"l": "Sugar cane", "v": 0.058126784121224066}]}, {"source": 5, "prod": 12.0, "target": 66, "value": 0.047962737808319486, "supply": [{"l": "Maize", "v": 0.047962737808319486}]}, {"source": 12, "prod": 55.0, "target": 66, "value": 0.058196209059417352, "supply": [{"l": "Plantains", "v": 0.058196209059417352}]}, {"source": 17, "prod": 7.0, "target": 66, "value": 0.0031213357783455888, "supply": [{"l": "Fruits, Other", "v": 0.0031213357783455888}]}, {"source": 8, "prod": 13.0, "target": 66, "value": 0.013945722596680506, "supply": [{"l": "Yams", "v": 0.013945722596680506}]}, {"source": 10, "prod": 2.0, "target": 66, "value": 0.0063675249878250009, "supply": [{"l": "Barley", "v": 0.0063675249878250009}]}, {"source": 27, "prod": 4.0, "target": 66, "value": 0.017301757604740401, "supply": [{"l": "Rice", "v": 0.017301757604740401}]}, {"source": 24, "prod": 2.0, "target": 66, "value": 0.00037566519102212397, "supply": [{"l": "Tomatoes", "v": 0.00037566519102212397}]}, {"source": 26, "prod": 5.0, "target": 66, "value": 0.0025521142235771545, "supply": [{"l": "Coffee", "v": 0.0025521142235771545}]}, {"source": 13, "prod": 13.0, "target": 66, "value": 0.053118596397362043, "supply": [{"l": "Sugar non-centrifugal", "v": 0.053118596397362043}]}, {"source": 28, "prod": 4.0, "target": 66, "value": 0.012716349461735683, "supply": [{"l": "Wheat", "v": 0.012716349461735683}]}, {"source": 32, "prod": 3.0, "target": 66, "value": 0.0044881233394361234, "supply": [{"l": "Eggs", "v": 0.0044881233394361234}]}, {"source": 7, "prod": 26.0, "target": 66, "value": 0.0072742646156099457, "supply": [{"l": "Vegetables, Other", "v": 0.0072742646156099457}]}, {"source": 35, "prod": 1.0, "target": 66, "value": 0.0013693602124354839, "supply": [{"l": "Grapes", "v": 0.0013693602124354839}]}, {"source": 22, "prod": 1.0, "target": 66, "value": 0.0014512877465128206, "supply": [{"l": "Cocoa Beans", "v": 0.0014512877465128206}]}, {"source": 59, "prod": 1.0, "target": 66, "value": 0.0017094026812953023, "supply": [{"l": "Cottonseed", "v": 0.0017094026812953023}]}, {"source": 6, "prod": 69.0, "target": 66, "value": 0.056700434971850566, "supply": [{"l": "Potatoes", "v": 0.056700434971850566}]}, {"source": 9, "prod": 128.0, "target": 66, "value": 0.0849276001659163, "supply": [{"l": "Milk - Excluding Butter", "v": 0.0849276001659163}]}, {"source": 45, "prod": 1.0, "target": 66, "value": 0.0038767275420547947, "supply": [{"l": "Beans", "v": 0.0038767275420547947}]}, {"source": 43, "prod": 19.0, "target": 66, "value": 0.0075378800478925253, "supply": [{"l": "Pineapples", "v": 0.0075378800478925253}]}, {"source": 4, "prod": 87.0, "target": 66, "value": 0.063818770351303913, "supply": [{"l": "Bananas", "v": 0.063818770351303913}]}, {"source": 50, "prod": 8.0, "target": 66, "value": 0.020052650120388576, "supply": [{"l": "Bovine Meat", "v": 0.020052650120388576}]}, {"source": 55, "prod": 10.0, "target": 66, "value": 0.00342340053108871, "supply": [{"l": "Oranges, Mandarines", "v": 0.00342340053108871}]}, {"source": 57, "prod": 24.0, "target": 66, "value": 0.011787814853494219, "supply": [{"l": "Onions", "v": 0.011787814853494219}]}, {"source": 15, "prod": 24.0, "target": 66, "value": 0.024578781501254511, "supply": [{"l": "Cassava", "v": 0.024578781501254511}]}, {"source": 67, "prod": 2.0, "target": 0, "value": 0.0068223482012410722, "supply": [{"l": "Cereals, Other", "v": 0.0068223482012410722}]}, {"source": 67, "prod": 112.0, "target": 28, "value": 0.35605778492859913, "supply": [{"l": "Wheat", "v": 0.35605778492859913}]}, {"source": 67, "prod": 199.0, "target": 1, "value": 0.15581657425206455, "supply": [{"l": "Pelagic Fish", "v": 0.030658453645083336}, {"l": "Milk - Excluding Butter", "v": 0.11478495959924624}, {"l": "Fish, Seafood", "v": 0.010373161007734964}]}, {"source": 67, "prod": 1.0, "target": 35, "value": 0.0013693602124354839, "supply": [{"l": "Grapes", "v": 0.0013693602124354839}]}, {"source": 67, "prod": 38.0, "target": 58, "value": 0.310748014276787, "supply": [{"l": "Sweeteners, Other", "v": 0.0039098837644539475}, {"l": "Fats, Animals, Raw", "v": 0.178998202435525}, {"l": "Soyabean Oil", "v": 0.039953097962823529}, {"l": "Fish, Body Oil", "v": 0.042110021019911056}, {"l": "Beverages, Alcoholic", "v": 0.0034490760350718752}, {"l": "Palm Oil", "v": 0.02122508329275}, {"l": "Oilcrops Oil, Other", "v": 0.020325393194967761}, {"l": "Wine", "v": 0.00077725657128380286}]}, {"source": 67, "prod": 6.0, "target": 22, "value": 0.0087077264790769229, "supply": [{"l": "Cocoa Beans", "v": 0.0087077264790769229}]}, {"source": 67, "prod": 11.0, "target": 5, "value": 0.043965842990959535, "supply": [{"l": "Maize", "v": 0.043965842990959535}]}, {"source": 67, "prod": 1.0, "target": 17, "value": 0.00044590511119222689, "supply": [{"l": "Fruits, Other", "v": 0.00044590511119222689}]}, {"source": 67, "prod": 55.0, "target": 30, "value": 0.094017147471241624, "supply": [{"l": "Coconuts - Incl Copra", "v": 0.094017147471241624}]}, {"source": 67, "prod": 5.0, "target": 39, "value": 0.014637988477758624, "supply": [{"l": "Oats", "v": 0.014637988477758624}]}, {"source": 26, "prod": 368.0, "target": 68, "value": 0.18783560685527856, "supply": [{"l": "Coffee", "v": 0.18783560685527856}]}, {"source": 4, "prod": 203.0, "target": 68, "value": 0.14891046415304246, "supply": [{"l": "Bananas", "v": 0.14891046415304246}]}, {"source": 31, "prod": 2.0, "target": 68, "value": 0.0018456594167608697, "supply": [{"l": "Crustaceans", "v": 0.0018456594167608697}]}, {"source": 18, "prod": 43.0, "target": 68, "value": 0.1776288422230895, "supply": [{"l": "Sugar", "v": 0.1776288422230895}]}, {"source": 11, "prod": 2.0, "target": 68, "value": 0.0015958709242669174, "supply": [{"l": "Fish, Seafood", "v": 0.0015958709242669174}]}, {"source": 6, "prod": 3.0, "target": 68, "value": 0.0024652363031239378, "supply": [{"l": "Potatoes", "v": 0.0024652363031239378}]}, {"source": 27, "prod": 3.0, "target": 68, "value": 0.012976318203555302, "supply": [{"l": "Rice", "v": 0.012976318203555302}]}, {"source": 2, "prod": 10.0, "target": 68, "value": 0.0035228354012863073, "supply": [{"l": "Sugar cane", "v": 0.0035228354012863073}]}, {"source": 69, "prod": 10.0, "target": 26, "value": 0.005104228447154309, "supply": [{"l": "Coffee", "v": 0.005104228447154309}]}, {"source": 69, "prod": 1.0, "target": 58, "value": 0.0099882744907058823, "supply": [{"l": "Soyabean Oil", "v": 0.0099882744907058823}]}, {"source": 69, "prod": 90.0, "target": 28, "value": 0.28611786288905283, "supply": [{"l": "Wheat", "v": 0.28611786288905283}]}, {"source": 10, "prod": 10.0, "target": 70, "value": 0.031837624939125002, "supply": [{"l": "Barley", "v": 0.031837624939125002}]}, {"source": 69, "prod": 19.0, "target": 27, "value": 0.082183348622516889, "supply": [{"l": "Rice", "v": 0.082183348622516889}]}, {"source": 1, "prod": 39.0, "target": 41, "value": 0.060202054430345459, "supply": [{"l": "Poultry Meat", "v": 0.060202054430345459}]}, {"source": 1, "prod": 72.0, "target": 40, "value": 0.20127591181027316, "supply": [{"l": "Pigmeat", "v": 0.20127591181027316}]}, {"source": 1, "prod": 16.0, "target": 3, "value": 0.037733481409333337, "supply": [{"l": "Pelagic Fish", "v": 0.037733481409333337}]}, {"source": 1, "prod": 3.0, "target": 31, "value": 0.0027684891251413043, "supply": [{"l": "Crustaceans", "v": 0.0027684891251413043}]}, {"source": 1, "prod": 43.0, "target": 32, "value": 0.064329767865251103, "supply": [{"l": "Eggs", "v": 0.065825808978396474}]}, {"source": 1, "prod": 1.0, "target": 51, "value": 0.00079793546213345872, "supply": [{"l": "Molluscs, Other", "v": 0.00079793546213345872}]}, {"source": 1, "prod": 2006.0, "target": 9, "value": 1.3309747338502194, "supply": [{"l": "Milk - Excluding Butter", "v": 1.3309747338502194}]}, {"source": 1, "prod": 66.0, "target": 53, "value": 0.081747535652713518, "supply": [{"l": "Offals, Edible", "v": 0.081747535652713518}]}, {"source": 1, "prod": 2.0, "target": 34, "value": 0.001463798847775862, "supply": [{"l": "Marine Fish, Other", "v": 0.001463798847775862}]}, {"source": 1, "prod": 62.0, "target": 11, "value": 0.049471998652274446, "supply": [{"l": "Fish, Seafood", "v": 0.049471998652274446}]}, {"source": 1, "prod": 376.0, "target": 50, "value": 0.94247455565826299, "supply": [{"l": "Bovine Meat", "v": 0.94247455565826299}]}, {"source": 1, "prod": 18.0, "target": 54, "value": 0.0074184757139708736, "supply": [{"l": "Demersal Fish", "v": 0.0074184757139708736}]}, {"source": 1, "prod": 3.0, "target": 47, "value": 0.0044947235208176476, "supply": [{"l": "Meat, Other", "v": 0.0044947235208176476}]}, {"source": 1, "prod": 23.0, "target": 42, "value": 0.015137268704906977, "supply": [{"l": "Freshwater Fish", "v": 0.015137268704906977}]}, {"source": 1, "prod": 7.0, "target": 48, "value": 0.015238521338384613, "supply": [{"l": "Mutton & Goat Meat", "v": 0.015238521338384613}]}, {"source": 58, "prod": 37.0, "target": 25, "value": 0.30104243136883752, "supply": [{"l": "Fats, Animals, Raw", "v": 0.30104243136883752}]}, {"source": 58, "prod": 1.0, "target": 49, "value": 0.0039098837644539475, "supply": [{"l": "Sweeteners, Other", "v": 0.0039098837644539475}]}, {"source": 58, "prod": 12.0, "target": 44, "value": 0.12164823857337312, "supply": [{"l": "Sesameseed Oil", "v": 0.12164823857337312}]}, {"source": 58, "prod": 10.0, "target": 29, "value": 0.099882744907058826, "supply": [{"l": "Soyabean Oil", "v": 0.099882744907058826}]}, {"source": 58, "prod": 9.0, "target": 38, "value": 0.091692359824680006, "supply": [{"l": "Coconut Oil", "v": 0.091692359824680006}]}, {"source": 58, "prod": 5.0, "target": 64, "value": 0.042110021019911056, "supply": [{"l": "Fish, Body Oil", "v": 0.042110021019911056}]}, {"source": 58, "prod": 19.0, "target": 56, "value": 0.19797214053055906, "supply": [{"l": "Cottonseed Oil", "v": 0.19797214053055906}]}, {"source": 58, "prod": 368.0, "target": 18, "value": 1.5201724171650448, "supply": [{"l": "Sugar", "v": 1.5201724171650448}]}, {"source": 58, "prod": 1.0, "target": 52, "value": 0.0053062708231875, "supply": [{"l": "Honey", "v": 0.0053062708231875}]}, {"source": 58, "prod": 4.0, "target": 19, "value": 0.040428730081428582, "supply": [{"l": "Maize Germ Oil", "v": 0.040428730081428582}]}, {"source": 58, "prod": 653.0, "target": 20, "value": 0.27489640173472674, "supply": [{"l": "Beer", "v": 0.27489640173472674}]}, {"source": 58, "prod": 28.0, "target": 21, "value": 0.096574128982012508, "supply": [{"l": "Beverages, Alcoholic", "v": 0.096574128982012508}]}, {"source": 58, "prod": 4.0, "target": 36, "value": 0.0424501665855, "supply": [{"l": "Palm Oil", "v": 0.0424501665855}]}, {"source": 58, "prod": 10.0, "target": 65, "value": 0.10162696597483882, "supply": [{"l": "Oilcrops Oil, Other", "v": 0.10162696597483882}]}, {"source": 58, "prod": 650.0, "target": 13, "value": 2.6559298198681027, "supply": [{"l": "Sugar non-centrifugal", "v": 2.6559298198681027}]}, {"source": 58, "prod": 7.0, "target": 23, "value": 0.060954085353538454, "supply": [{"l": "Butter, Ghee", "v": 0.060954085353538454}]}, {"source": 58, "prod": 1.0, "target": 37, "value": 0.00077725657128380286, "supply": [{"l": "Wine", "v": 0.00077725657128380286}]}, {"source": 5, "prod": 1575.0, "target": 71, "value": 5.4914999894999994, "supply": [{"l": "Maize", "v": 5.4914999894999994}]}, {"source": 8, "prod": 63.0, "target": 71, "value": 0.21965999957999999, "supply": [{"l": "Yams", "v": 0.21965999957999999}]}, {"source": 10, "prod": 236.0, "target": 71, "value": 0.82285333175999997, "supply": [{"l": "Barley", "v": 0.82285333175999997}]}, {"source": 27, "prod": 753.0, "target": 71, "value": 2.6254599949800004, "supply": [{"l": "Rice", "v": 2.6254599949800004}]}, {"source": 24, "prod": 41.0, "target": 71, "value": 0.14295333306000002, "supply": [{"l": "Tomatoes", "v": 0.14295333306000002}]}, {"source": 0, "prod": 2.0, "target": 71, "value": 0.0074714285571428575, "supply": [{"l": "Cereals, Other", "v": 0.0074714285571428575}]}, {"source": 28, "prod": 382.0, "target": 71, "value": 1.3319066641199999, "supply": [{"l": "Wheat", "v": 1.3319066641199999}]}, {"source": 30, "prod": 56.5, "target": 71, "value": 0.19699666629000004, "supply": [{"l": "Coconuts - Incl Copra", "v": 0.19699666629000004}]}, {"source": 7, "prod": 331.0, "target": 71, "value": 1.1540866644600001, "supply": [{"l": "Vegetables, Other", "v": 1.1540866644600001}]}, {"source": 33, "prod": 24.0, "target": 71, "value": 0.083679999840000005, "supply": [{"l": "Peas", "v": 0.083679999840000005}]}, {"source": 60, "prod": 24.5, "target": 71, "value": 0.085423333170000018, "supply": [{"l": "Sesame seed", "v": 0.085423333170000018}]}, {"source": 59, "prod": 126.0, "target": 71, "value": 0.43931999916000009, "supply": [{"l": "Cottonseed", "v": 0.43931999916000009}]}, {"source": 39, "prod": 5.0, "target": 71, "value": 0.017433333300000003, "supply": [{"l": "Oats", "v": 0.017433333300000003}]}, {"source": 61, "prod": 30.0, "target": 71, "value": 0.2312901822061644, "supply": [{"l": "Soyabeans", "v": 0.2312901822061644}]}, {"source": 6, "prod": 286.0, "target": 71, "value": 0.99718666475999995, "supply": [{"l": "Potatoes", "v": 0.99718666475999995}]}, {"source": 45, "prod": 44.0, "target": 71, "value": 0.15341333304000002, "supply": [{"l": "Beans", "v": 0.15341333304000002}]}, {"source": 46, "prod": 23.0, "target": 71, "value": 0.080193333179999993, "supply": [{"l": "Pulses, Other", "v": 0.080193333179999993}]}, {"source": 14, "prod": 23.0, "target": 71, "value": 0.080193333180000007, "supply": [{"l": "Sorghum", "v": 0.080193333180000007}]}, {"source": 2, "prod": 5057.0, "target": 71, "value": 1.7814978624304858, "supply": [{"l": "Sugar cane", "v": 1.7814978624304858}]}, {"source": 62, "prod": 1.0, "target": 71, "value": 0.0034866666600000006, "supply": [{"l": "Palm kernels", "v": 0.0034866666600000006}]}, {"source": 57, "prod": 130.0, "target": 71, "value": 0.45326666580000002, "supply": [{"l": "Onions", "v": 0.45326666580000002}]}, {"source": 15, "prod": 400.0, "target": 71, "value": 1.3946666640000001, "supply": [{"l": "Cassava", "v": 1.3946666640000001}]}, {"source": 72, "prod": 10.0, "target": 58, "value": 0.0424501665855, "supply": [{"l": "Oil Palm", "v": 0.0424501665855}]}, {"source": 73, "prod": 0, "target": 5, "value": 0.00031573004266142416, "supply": "[{\"l\":'Energy for power irrigation',\"v\":0.00031573004266142416}]"}, {"source": 73, "prod": 0, "target": 12, "value": 0.0005248134931349895, "supply": "[{\"l\":'Energy for power irrigation',\"v\":0.0005248134931349895}]"}, {"source": 73, "prod": 0, "target": 17, "value": 3.6083433447019901e-05, "supply": "[{\"l\":'Energy for power irrigation',\"v\":3.6083433447019901e-05}]"}, {"source": 73, "prod": 0, "target": 8, "value": 5.0516806825827864e-05, "supply": "[{\"l\":'Energy for power irrigation',\"v\":5.0516806825827864e-05}]"}, {"source": 73, "prod": 0, "target": 10, "value": 4.7309390519426093e-05, "supply": "[{\"l\":'Energy for power irrigation',\"v\":4.7309390519426093e-05}]"}, {"source": 73, "prod": 0, "target": 27, "value": 0.00015094902992003324, "supply": "[{\"l\":'Energy for power irrigation',\"v\":0.00015094902992003324}]"}, {"source": 73, "prod": 0, "target": 24, "value": 1.6438008570309068e-05, "supply": "[{\"l\":'Energy for power irrigation',\"v\":1.6438008570309068e-05}]"}, {"source": 73, "prod": 0, "target": 26, "value": 0.00018242180242660064, "supply": "[{\"l\":'Energy for power irrigation',\"v\":0.00018242180242660064}]"}, {"source": 73, "prod": 0, "target": 28, "value": 7.6577064315342232e-05, "supply": "[{\"l\":'Energy for power irrigation',\"v\":7.6577064315342232e-05}]"}, {"source": 73, "prod": 0, "target": 30, "value": 2.2652377663962494e-05, "supply": "[{\"l\":'Energy for power irrigation',\"v\":2.2652377663962494e-05}]"}, {"source": 73, "prod": 0, "target": 7, "value": 0.00013270684967737321, "supply": "[{\"l\":'Energy for power irrigation',\"v\":0.00013270684967737321}]"}, {"source": 73, "prod": 0, "target": 33, "value": 9.6222489192053065e-06, "supply": "[{\"l\":'Energy for power irrigation',\"v\":9.6222489192053065e-06}]"}, {"source": 73, "prod": 0, "target": 60, "value": 9.822712438355418e-06, "supply": "[{\"l\":'Energy for power irrigation',\"v\":9.822712438355418e-06}]"}, {"source": 73, "prod": 0, "target": 59, "value": 5.0516806825827864e-05, "supply": "[{\"l\":'Energy for power irrigation',\"v\":5.0516806825827864e-05}]"}, {"source": 73, "prod": 0, "target": 35, "value": 2.4055622298013266e-06, "supply": "[{\"l\":'Energy for power irrigation',\"v\":2.4055622298013266e-06}]"}, {"source": 73, "prod": 0, "target": 72, "value": 2.0046351915011057e-06, "supply": "[{\"l\":'Energy for power irrigation',\"v\":2.0046351915011057e-06}]"}, {"source": 73, "prod": 0, "target": 22, "value": 7.4171502085540914e-06, "supply": "[{\"l\":'Energy for power irrigation',\"v\":7.4171502085540914e-06}]"}, {"source": 73, "prod": 0, "target": 61, "value": 1.2027811149006635e-05, "supply": "[{\"l\":'Energy for power irrigation',\"v\":1.2027811149006635e-05}]"}, {"source": 73, "prod": 0, "target": 6, "value": 0.00022933026590772648, "supply": "[{\"l\":'Energy for power irrigation',\"v\":0.00022933026590772648}]"}, {"source": 73, "prod": 0, "target": 45, "value": 1.7640789685209731e-05, "supply": "[{\"l\":'Energy for power irrigation',\"v\":1.7640789685209731e-05}]"}, {"source": 73, "prod": 0, "target": 46, "value": 9.2213218809050868e-06, "supply": "[{\"l\":'Energy for power irrigation',\"v\":9.2213218809050868e-06}]"}, {"source": 73, "prod": 0, "target": 14, "value": 4.6106609404525434e-06, "supply": "[{\"l\":'Energy for power irrigation',\"v\":4.6106609404525434e-06}]"}, {"source": 73, "prod": 0, "target": 2, "value": 0.005068720081710546, "supply": "[{\"l\":'Energy for power irrigation',\"v\":0.005068720081710546}]"}, {"source": 73, "prod": 0, "target": 43, "value": 3.0069527872516585e-05, "supply": "[{\"l\":'Energy for power irrigation',\"v\":3.0069527872516585e-05}]"}, {"source": 73, "prod": 0, "target": 4, "value": 0.00023293860925242848, "supply": "[{\"l\":'Energy for power irrigation',\"v\":0.00023293860925242848}]"}, {"source": 73, "prod": 0, "target": 55, "value": 3.0069527872516585e-05, "supply": "[{\"l\":'Energy for power irrigation',\"v\":3.0069527872516585e-05}]"}, {"source": 73, "prod": 0, "target": 62, "value": 4.0092703830022112e-07, "supply": "[{\"l\":'Energy for power irrigation',\"v\":4.0092703830022112e-07}]"}, {"source": 73, "prod": 0, "target": 57, "value": 5.2120514979028743e-05, "supply": "[{\"l\":'Energy for power irrigation',\"v\":5.2120514979028743e-05}]"}, {"source": 73, "prod": 0, "target": 15, "value": 0.00032074163064017689, "supply": "[{\"l\":'Energy for power irrigation',\"v\":0.00032074163064017689}]"}, {"source": 73, "prod": 0, "target": 58, "value": 0.0045070364443280352, "supply": "[{\"l\":'Electricity',\"v\":0.0045070364443280352}]"}, {"source": 74, "prod": 0, "target": 73, "value": 0.010196545886767966, "supply": [{"l": "Coal", "v": 0.0039618218863024671}, {"l": "Natural gas", "v": 0.0028734466220891519}, {"l": "Oil", "v": 0.0033612773783763482}]}, {"source": 75, "prod": 0, "target": 73, "value": 0.0082112786508107098, "supply": [{"l": "Nuclear", "v": 0.0}, {"l": "Hydroelectric", "v": 0.0082112786508107098}, {"l": "Renewable", "v": 0.0}]}, {"source": 74, "prod": 0, "target": 5, "value": 0.14732576643151618, "supply": [{"l": "Motor Gasoline", "v": 0.0023709194035254799}, {"l": "Gas-Diesel oil", "v": 0.14449151998557327}, {"l": "Fuel oil", "v": 0.00046332704241742686}]}, {"source": 74, "prod": 0, "target": 12, "value": 0.24488816286838691, "supply": [{"l": "Motor Gasoline", "v": 0.003940994919637909}, {"l": "Gas-Diesel oil", "v": 0.24017701544268627}, {"l": "Fuel oil", "v": 0.00077015250606274506}]}, {"source": 74, "prod": 0, "target": 17, "value": 0.016837230449316135, "supply": [{"l": "Motor Gasoline", "v": 0.00027096221754576908}, {"l": "Gas-Diesel oil", "v": 0.016513316569779803}, {"l": "Fuel oil", "v": 5.2951661990563063e-05}]}, {"source": 74, "prod": 0, "target": 8, "value": 0.02357212262904259, "supply": [{"l": "Motor Gasoline", "v": 0.00037934710456407678}, {"l": "Gas-Diesel oil", "v": 0.023118643197691725}, {"l": "Fuel oil", "v": 7.4132326786788291e-05}]}, {"source": 74, "prod": 0, "target": 10, "value": 0.022075479922436709, "supply": [{"l": "Motor Gasoline", "v": 0.00035526157411556395}, {"l": "Gas-Diesel oil", "v": 0.021650792835933519}, {"l": "Fuel oil", "v": 6.9425512387627126e-05}]}, {"source": 74, "prod": 0, "target": 27, "value": 0.07043574737963916, "supply": [{"l": "Motor Gasoline", "v": 0.001133525276733134}, {"l": "Gas-Diesel oil", "v": 0.069080707650245501}, {"l": "Fuel oil", "v": 0.00022151445266052215}]}, {"source": 74, "prod": 0, "target": 24, "value": 0.0076702938713551286, "supply": [{"l": "Motor Gasoline", "v": 0.00012343834354862815}, {"l": "Gas-Diesel oil", "v": 0.0075227331040107993}, {"l": "Fuel oil", "v": 2.4122423795700952e-05}]}, {"source": 74, "prod": 0, "target": 26, "value": 0.08512155393820936, "supply": [{"l": "Motor Gasoline", "v": 0.0013698645442591661}, {"l": "Gas-Diesel oil", "v": 0.083483989324997898}, {"l": "Fuel oil", "v": 0.00026770006895229109}]}, {"source": 74, "prod": 0, "target": 28, "value": 0.035732344620215351, "supply": [{"l": "Motor Gasoline", "v": 0.00057504203945824331}, {"l": "Gas-Diesel oil", "v": 0.035044927386977134}, {"l": "Fuel oil", "v": 0.00011237519377997272}]}, {"source": 74, "prod": 0, "target": 30, "value": 0.010570039115404018, "supply": [{"l": "Motor Gasoline", "v": 0.00017010405879262173}, {"l": "Gas-Diesel oil", "v": 0.01036669317991732}, {"l": "Fuel oil", "v": 3.3241876694075702e-05}]}, {"source": 74, "prod": 0, "target": 7, "value": 0.061923591985818233, "supply": [{"l": "Motor Gasoline", "v": 0.0009965388223072177}, {"l": "Gas-Diesel oil", "v": 0.060732308717745723}, {"l": "Fuel oil", "v": 0.00019474444576529306}]}, {"source": 74, "prod": 0, "target": 33, "value": 0.0044899281198176356, "supply": [{"l": "Motor Gasoline", "v": 7.2256591345538421e-05}, {"l": "Gas-Diesel oil", "v": 0.0044035510852746141}, {"l": "Fuel oil", "v": 1.4120443197483482e-05}]}, {"source": 74, "prod": 0, "target": 60, "value": 0.0045834682889805039, "supply": [{"l": "Motor Gasoline", "v": 7.376193699857049e-05}, {"l": "Gas-Diesel oil", "v": 0.0044952917328845024}, {"l": "Fuel oil", "v": 1.4414619097431057e-05}]}, {"source": 74, "prod": 0, "target": 59, "value": 0.02357212262904259, "supply": [{"l": "Motor Gasoline", "v": 0.00037934710456407678}, {"l": "Gas-Diesel oil", "v": 0.023118643197691725}, {"l": "Fuel oil", "v": 7.4132326786788291e-05}]}, {"source": 74, "prod": 0, "target": 35, "value": 0.0011224820299544089, "supply": [{"l": "Motor Gasoline", "v": 1.8064147836384605e-05}, {"l": "Gas-Diesel oil", "v": 0.0011008877713186535}, {"l": "Fuel oil", "v": 3.5301107993708706e-06}]}, {"source": 74, "prod": 0, "target": 72, "value": 0.00093540169162867413, "supply": [{"l": "Motor Gasoline", "v": 1.5053456530320505e-05}, {"l": "Gas-Diesel oil", "v": 0.00091740647609887783}, {"l": "Fuel oil", "v": 2.9417589994757254e-06}]}, {"source": 74, "prod": 0, "target": 22, "value": 0.0034609862590260945, "supply": [{"l": "Motor Gasoline", "v": 5.5697789162185875e-05}, {"l": "Gas-Diesel oil", "v": 0.0033944039615658485}, {"l": "Fuel oil", "v": 1.0884508298060187e-05}]}, {"source": 74, "prod": 0, "target": 61, "value": 0.0056124101497720454, "supply": [{"l": "Motor Gasoline", "v": 9.0320739181923044e-05}, {"l": "Gas-Diesel oil", "v": 0.0055044388565932681}, {"l": "Fuel oil", "v": 1.7650553996854354e-05}]}, {"source": 74, "prod": 0, "target": 6, "value": 0.10700995352232032, "supply": [{"l": "Motor Gasoline", "v": 0.0017221154270686658}, {"l": "Gas-Diesel oil", "v": 0.10495130086571162}, {"l": "Fuel oil", "v": 0.00033653722954002304}]}, {"source": 74, "prod": 0, "target": 45, "value": 0.0082315348863323326, "supply": [{"l": "Motor Gasoline", "v": 0.00013247041746682045}, {"l": "Gas-Diesel oil", "v": 0.0080731769896701267}, {"l": "Fuel oil", "v": 2.5887479195386389e-05}]}, {"source": 74, "prod": 0, "target": 46, "value": 0.0043028477814919018, "supply": [{"l": "Motor Gasoline", "v": 6.9245900039474338e-05}, {"l": "Gas-Diesel oil", "v": 0.0042200697900548392}, {"l": "Fuel oil", "v": 1.353209139758834e-05}]}, {"source": 74, "prod": 0, "target": 14, "value": 0.0021514238907459509, "supply": [{"l": "Motor Gasoline", "v": 3.4622950019737169e-05}, {"l": "Gas-Diesel oil", "v": 0.0021100348950274196}, {"l": "Fuel oil", "v": 6.7660456987941701e-06}]}, {"source": 74, "prod": 0, "target": 2, "value": 2.3651631772831028, "supply": [{"l": "Motor Gasoline", "v": 0.038062664836915401}, {"l": "Gas-Diesel oil", "v": 2.3196622748160127}, {"l": "Fuel oil", "v": 0.0074382376301743731}]}, {"source": 74, "prod": 0, "target": 43, "value": 0.014031025374430113, "supply": [{"l": "Motor Gasoline", "v": 0.00022580184795480758}, {"l": "Gas-Diesel oil", "v": 0.013761097141483169}, {"l": "Fuel oil", "v": 4.4126384992135886e-05}]}, {"source": 74, "prod": 0, "target": 4, "value": 0.10869367656725194, "supply": [{"l": "Motor Gasoline", "v": 0.0017492116488232428}, {"l": "Gas-Diesel oil", "v": 0.10660263252268962}, {"l": "Fuel oil", "v": 0.00034183239573907934}]}, {"source": 74, "prod": 0, "target": 55, "value": 0.014031025374430113, "supply": [{"l": "Motor Gasoline", "v": 0.00022580184795480758}, {"l": "Gas-Diesel oil", "v": 0.013761097141483169}, {"l": "Fuel oil", "v": 4.4126384992135886e-05}]}, {"source": 74, "prod": 0, "target": 62, "value": 0.00018708033832573484, "supply": [{"l": "Motor Gasoline", "v": 3.0106913060641012e-06}, {"l": "Gas-Diesel oil", "v": 0.00018348129521977559}, {"l": "Fuel oil", "v": 5.8835179989514517e-07}]}, {"source": 74, "prod": 0, "target": 57, "value": 0.024320443982345528, "supply": [{"l": "Motor Gasoline", "v": 0.00039138986978833312}, {"l": "Gas-Diesel oil", "v": 0.023852568378570825}, {"l": "Fuel oil", "v": 7.6485733986368873e-05}]}, {"source": 74, "prod": 0, "target": 15, "value": 0.14966427066058788, "supply": [{"l": "Motor Gasoline", "v": 0.002408553044851281}, {"l": "Gas-Diesel oil", "v": 0.14678503617582048}, {"l": "Fuel oil", "v": 0.00047068143991611615}]}, {"source": 76, "prod": 5.7303692198804654, "target": 5, "value": 0.042535385096810104, "supply": [{"l": "Potash", "v": 0.11139071675577923}, {"l": "Phosphate", "v": 0.24720170853109469}, {"l": "Nitrogen", "v": 0.67165511164843505}]}, {"source": 76, "prod": 9.5251470588235296, "target": 12, "value": 0.070703262338697684, "supply": [{"l": "Potash", "v": 0.11139071675577923}, {"l": "Phosphate", "v": 0.24720170853109469}, {"l": "Nitrogen", "v": 0.67165511164843505}]}, {"source": 76, "prod": 0.6548993394149103, "target": 17, "value": 0.0048611868682068684, "supply": [{"l": "Potash", "v": 0.11139071675577923}, {"l": "Phosphate", "v": 0.24720170853109469}, {"l": "Nitrogen", "v": 0.67165511164843505}]}, {"source": 76, "prod": 0.91685907518087439, "target": 8, "value": 0.006805661615489616, "supply": [{"l": "Potash", "v": 0.11139071675577923}, {"l": "Phosphate", "v": 0.24720170853109469}, {"l": "Nitrogen", "v": 0.67165511164843505}]}, {"source": 76, "prod": 0.85864580056621564, "target": 10, "value": 0.0063735561160934498, "supply": [{"l": "Potash", "v": 0.11139071675577923}, {"l": "Phosphate", "v": 0.24720170853109469}, {"l": "Nitrogen", "v": 0.67165511164843505}]}, {"source": 76, "prod": 2.7396622365523746, "target": 27, "value": 0.020335965065332067, "supply": [{"l": "Potash", "v": 0.11139071675577923}, {"l": "Phosphate", "v": 0.24720170853109469}, {"l": "Nitrogen", "v": 0.67165511164843505}]}, {"source": 76, "prod": 0.29834303240012583, "target": 24, "value": 0.0022145406844053515, "supply": [{"l": "Potash", "v": 0.11139071675577923}, {"l": "Phosphate", "v": 0.24720170853109469}, {"l": "Nitrogen", "v": 0.67165511164843505}]}, {"source": 76, "prod": 3.3108799937087134, "target": 26, "value": 0.024576000278156949, "supply": [{"l": "Potash", "v": 0.11139071675577923}, {"l": "Phosphate", "v": 0.24720170853109469}, {"l": "Nitrogen", "v": 0.67165511164843505}]}, {"source": 76, "prod": 1.3898419314249761, "target": 28, "value": 0.010316518798083464, "supply": [{"l": "Potash", "v": 0.11139071675577923}, {"l": "Phosphate", "v": 0.24720170853109469}, {"l": "Nitrogen", "v": 0.67165511164843505}]}, {"source": 76, "prod": 0.41113125196602701, "target": 30, "value": 0.0030517450894854232, "supply": [{"l": "Potash", "v": 0.11139071675577923}, {"l": "Phosphate", "v": 0.24720170853109469}, {"l": "Nitrogen", "v": 0.67165511164843505}]}, {"source": 76, "prod": 2.4085742371815035, "target": 7, "value": 0.017878365037516376, "supply": [{"l": "Potash", "v": 0.11139071675577923}, {"l": "Phosphate", "v": 0.24720170853109469}, {"l": "Nitrogen", "v": 0.67165511164843505}]}, {"source": 76, "prod": 0.17463982384397606, "target": 33, "value": 0.0012963164981884983, "supply": [{"l": "Potash", "v": 0.11139071675577923}, {"l": "Phosphate", "v": 0.24720170853109469}, {"l": "Nitrogen", "v": 0.67165511164843505}]}, {"source": 76, "prod": 0.17827815350739226, "target": 60, "value": 0.0013233230919007587, "supply": [{"l": "Potash", "v": 0.11139071675577923}, {"l": "Phosphate", "v": 0.24720170853109469}, {"l": "Nitrogen", "v": 0.67165511164843505}]}, {"source": 76, "prod": 0.91685907518087439, "target": 59, "value": 0.006805661615489616, "supply": [{"l": "Potash", "v": 0.11139071675577923}, {"l": "Phosphate", "v": 0.24720170853109469}, {"l": "Nitrogen", "v": 0.67165511164843505}]}, {"source": 76, "prod": 0.043659955960994014, "target": 35, "value": 0.00032407912454712458, "supply": [{"l": "Potash", "v": 0.11139071675577923}, {"l": "Phosphate", "v": 0.24720170853109469}, {"l": "Nitrogen", "v": 0.67165511164843505}]}, {"source": 76, "prod": 0.036383296634161677, "target": 72, "value": 0.0002700659371226038, "supply": [{"l": "Potash", "v": 0.11139071675577923}, {"l": "Phosphate", "v": 0.24720170853109469}, {"l": "Nitrogen", "v": 0.67165511164843505}]}, {"source": 76, "prod": 0.13461819754639823, "target": 22, "value": 0.00099924396735363418, "supply": [{"l": "Potash", "v": 0.11139071675577923}, {"l": "Phosphate", "v": 0.24720170853109469}, {"l": "Nitrogen", "v": 0.67165511164843505}]}, {"source": 76, "prod": 0.21829977980497012, "target": 61, "value": 0.001620395622735623, "supply": [{"l": "Potash", "v": 0.11139071675577923}, {"l": "Phosphate", "v": 0.24720170853109469}, {"l": "Nitrogen", "v": 0.67165511164843505}]}, {"source": 76, "prod": 4.1622491349480963, "target": 6, "value": 0.030895543206825873, "supply": [{"l": "Potash", "v": 0.11139071675577923}, {"l": "Phosphate", "v": 0.24720170853109469}, {"l": "Nitrogen", "v": 0.67165511164843505}]}, {"source": 76, "prod": 0.32017301038062279, "target": 45, "value": 0.0023765802466789135, "supply": [{"l": "Potash", "v": 0.11139071675577923}, {"l": "Phosphate", "v": 0.24720170853109469}, {"l": "Nitrogen", "v": 0.67165511164843505}]}, {"source": 76, "prod": 0.16736316451714375, "target": 46, "value": 0.0012423033107639776, "supply": [{"l": "Potash", "v": 0.11139071675577923}, {"l": "Phosphate", "v": 0.24720170853109469}, {"l": "Nitrogen", "v": 0.67165511164843505}]}, {"source": 76, "prod": 0.083681582258571877, "target": 14, "value": 0.00062115165538198882, "supply": [{"l": "Potash", "v": 0.11139071675577923}, {"l": "Phosphate", "v": 0.24720170853109469}, {"l": "Nitrogen", "v": 0.67165511164843505}]}, {"source": 76, "prod": 91.99516553947781, "target": 2, "value": 0.68286172201450368, "supply": [{"l": "Potash", "v": 0.11139071675577923}, {"l": "Phosphate", "v": 0.24720170853109469}, {"l": "Nitrogen", "v": 0.67165511164843505}]}, {"source": 76, "prod": 0.54574944951242521, "target": 43, "value": 0.0040509890568390574, "supply": [{"l": "Potash", "v": 0.11139071675577923}, {"l": "Phosphate", "v": 0.24720170853109469}, {"l": "Nitrogen", "v": 0.67165511164843505}]}, {"source": 76, "prod": 4.2277390688895879, "target": 4, "value": 0.031381661893646565, "supply": [{"l": "Potash", "v": 0.11139071675577923}, {"l": "Phosphate", "v": 0.24720170853109469}, {"l": "Nitrogen", "v": 0.67165511164843505}]}, {"source": 76, "prod": 0.54574944951242521, "target": 55, "value": 0.0040509890568390574, "supply": [{"l": "Potash", "v": 0.11139071675577923}, {"l": "Phosphate", "v": 0.24720170853109469}, {"l": "Nitrogen", "v": 0.67165511164843505}]}, {"source": 76, "prod": 0.0072766593268323368, "target": 62, "value": 5.4013187424520761e-05, "supply": [{"l": "Potash", "v": 0.11139071675577923}, {"l": "Phosphate", "v": 0.24720170853109469}, {"l": "Nitrogen", "v": 0.67165511164843505}]}, {"source": 76, "prod": 0.94596571248820371, "target": 57, "value": 0.0070217143651876987, "supply": [{"l": "Potash", "v": 0.11139071675577923}, {"l": "Phosphate", "v": 0.24720170853109469}, {"l": "Nitrogen", "v": 0.67165511164843505}]}, {"source": 76, "prod": 5.8213274614658692, "target": 15, "value": 0.043210549939616608, "supply": [{"l": "Potash", "v": 0.11139071675577923}, {"l": "Phosphate", "v": 0.24720170853109469}, {"l": "Nitrogen", "v": 0.67165511164843505}]}, {"source": 74, "prod": 0, "target": 76, "value": 1.3181621024044881, "supply": [{"l": "Natural gas (including LNG)", "v": 0.87133085215535888}, {"l": "Fuel oil", "v": 0.32810197928408918}, {"l": "Liquefied petroleum gas (LPG)", "v": 0.059364635482519947}, {"l": "Coal", "v": 0.059364635482519947}]}, {"source": 77, "prod": 0, "target": 5, "value": 0.051607496855053323, "supply": "[{\"l\":'Labor',\"v\":0.051607496855053323}]"}, {"source": 77, "prod": 0, "target": 12, "value": 0.085783128105733089, "supply": "[{\"l\":'Labor',\"v\":0.085783128105733089}]"}, {"source": 77, "prod": 0, "target": 17, "value": 0.0058979996405775226, "supply": "[{\"l\":'Labor',\"v\":0.0058979996405775226}]"}, {"source": 77, "prod": 0, "target": 8, "value": 0.0082571994968085316, "supply": "[{\"l\":'Labor',\"v\":0.0082571994968085316}]"}, {"source": 77, "prod": 0, "target": 10, "value": 0.0077329328620905297, "supply": "[{\"l\":'Labor',\"v\":0.0077329328620905297}]"}, {"source": 77, "prod": 0, "target": 24, "value": 0.0026868665029297603, "supply": "[{\"l\":'Labor',\"v\":0.0026868665029297603}]"}, {"source": 77, "prod": 0, "target": 0, "value": 6.5533329339750252e-05, "supply": "[{\"l\":'Labor',\"v\":6.5533329339750252e-05}]"}, {"source": 77, "prod": 0, "target": 26, "value": 0.029817664849586367, "supply": "[{\"l\":'Labor',\"v\":0.029817664849586367}]"}, {"source": 77, "prod": 0, "target": 27, "value": 0.024673298496415967, "supply": "[{\"l\":'Labor',\"v\":0.024673298496415967}]"}, {"source": 77, "prod": 0, "target": 28, "value": 0.012516865903892296, "supply": "[{\"l\":'Labor',\"v\":0.012516865903892296}]"}, {"source": 77, "prod": 0, "target": 30, "value": 0.0037026331076958894, "supply": "[{\"l\":'Labor',\"v\":0.0037026331076958894}]"}, {"source": 77, "prod": 0, "target": 7, "value": 0.021691532011457335, "supply": "[{\"l\":'Labor',\"v\":0.021691532011457335}]"}, {"source": 77, "prod": 0, "target": 33, "value": 0.0015727999041540059, "supply": "[{\"l\":'Labor',\"v\":0.0015727999041540059}]"}, {"source": 77, "prod": 0, "target": 60, "value": 0.0016055665688238813, "supply": "[{\"l\":'Labor',\"v\":0.0016055665688238813}]"}, {"source": 77, "prod": 0, "target": 61, "value": 0.0019659998801925078, "supply": "[{\"l\":'Labor',\"v\":0.0019659998801925078}]"}, {"source": 77, "prod": 0, "target": 35, "value": 0.00039319997603850149, "supply": "[{\"l\":'Labor',\"v\":0.00039319997603850149}]"}, {"source": 77, "prod": 0, "target": 39, "value": 0.00016383332334937562, "supply": "[{\"l\":'Labor',\"v\":0.00016383332334937562}]"}, {"source": 77, "prod": 0, "target": 22, "value": 0.0012123665927853797, "supply": "[{\"l\":'Labor',\"v\":0.0012123665927853797}]"}, {"source": 77, "prod": 0, "target": 59, "value": 0.0082571994968085316, "supply": "[{\"l\":'Labor',\"v\":0.0082571994968085316}]"}, {"source": 77, "prod": 0, "target": 6, "value": 0.03748506438233714, "supply": "[{\"l\":'Labor',\"v\":0.03748506438233714}]"}, {"source": 77, "prod": 0, "target": 72, "value": 0.00032766664669875125, "supply": "[{\"l\":'Labor',\"v\":0.00032766664669875125}]"}, {"source": 77, "prod": 0, "target": 43, "value": 0.0049149997004812691, "supply": "[{\"l\":'Labor',\"v\":0.0049149997004812691}]"}, {"source": 77, "prod": 0, "target": 45, "value": 0.0028834664909490114, "supply": "[{\"l\":'Labor',\"v\":0.0028834664909490114}]"}, {"source": 77, "prod": 0, "target": 46, "value": 0.0015072665748142558, "supply": "[{\"l\":'Labor',\"v\":0.0015072665748142558}]"}, {"source": 77, "prod": 0, "target": 14, "value": 0.00075363328740712791, "supply": "[{\"l\":'Labor',\"v\":0.00075363328740712791}]"}, {"source": 77, "prod": 0, "target": 2, "value": 0.82850511617779254, "supply": "[{\"l\":'Labor',\"v\":0.82850511617779254}]"}, {"source": 77, "prod": 0, "target": 4, "value": 0.038074864346394899, "supply": "[{\"l\":'Labor',\"v\":0.038074864346394899}]"}, {"source": 77, "prod": 0, "target": 55, "value": 0.0049149997004812691, "supply": "[{\"l\":'Labor',\"v\":0.0049149997004812691}]"}, {"source": 77, "prod": 0, "target": 62, "value": 6.5533329339750252e-05, "supply": "[{\"l\":'Labor',\"v\":6.5533329339750252e-05}]"}, {"source": 77, "prod": 0, "target": 57, "value": 0.008519332814167533, "supply": "[{\"l\":'Labor',\"v\":0.008519332814167533}]"}, {"source": 77, "prod": 0, "target": 15, "value": 0.052426663471800201, "supply": "[{\"l\":'Labor',\"v\":0.052426663471800201}]"}, {"source": 74, "prod": 0, "target": 67, "value": 0.91308757495618265, "supply": "[{\"l\":'Fossil Fuels',\"v\":0.91308757495618265}]"}, {"source": 75, "prod": 0, "target": 67, "value": 0.43834251207460717, "supply": "[{\"l\":'Renewables & Nuclear',\"v\":0.06108201429520628},{\"l\":'Biomass & Waste',\"v\":0.37726049777940091}]"}]}