{"nodes": [{"layer": 13, "name": "Other Processed", "fill": "#9c9ede"}, {"layer": 10, "name": "Feed", "fill": "#dbdb8d"}, {"layer": 13, "name": "Animal Products", "fill": "#17becf"}, {"layer": 5, "name": "Cereals", "fill": "#e7ba52"}, {"layer": 5, "name": "Oilcrops", "fill": "#ff9896"}, {"layer": 5, "name": "Sugar Crops", "fill": "#ffbb78"}, {"layer": 13, "name": "Sugar", "fill": "#d6616b"}, {"layer": 5, "name": "Starchy Roots"}, {"layer": 5, "name": "Fruits & Vegetables"}, {"layer": 13, "name": "Aquatic Products", "fill": "#1f77b4"}, {"layer": 16, "name": "Food", "fill": "#b5cf6b"}, {"layer": 5, "name": "Others"}, {"layer": 13, "name": "Vegetable Oils", "fill": "#f7b6d2"}, {"layer": 10, "name": "Processing", "fill": "#9edae5"}, {"layer": 16, "name": "Biofuels & Other", "fill": "#e7ba52"}, {"name": "Waste", "fill": "#c7c7c7"}, {"layer": 2, "name": "Import", "fill": "#aec7e8"}, {"layer": 16, "name": "Export", "fill": "#aec7e8"}, {"layer": 0, "name": "Stock Draw", "fill": "#c7c7c7"}, {"layer": 16, "name": "Stock Deposit", "fill": "#c7c7c7"}, {"name": "Crop Residue", "fill": "#bd9e39"}, {"layer": 2, "name": "Electricity", "fill": "#bcbd22"}, {"layer": 0, "name": "Fossil Fuels", "fill": "#c49c94"}, {"layer": 0, "name": "Renewables & Nuclear", "fill": "#2ca02c"}, {"layer": 2, "name": "Fertilizers", "fill": "#c5b0d5"}, {"layer": 0, "name": "Labor", "fill": "#7f7f7f"}], "links": [{"source": 0, "prod": 1.0, "target": 1, "value": 0.0082788823298381373, "supply": [{"l": "Fish, Body Oil", "v": 0.0082788823298381373}]}, {"source": 2, "prod": 617.0, "target": 1, "value": 0.42536169041294852, "supply": [{"l": "Milk - Excluding Butter", "v": 0.42536169041294852}]}, {"source": 3, "prod": 12084.0, "target": 1, "value": 39.443217555760327, "supply": [{"l": "Maize", "v": 28.974130522039278}, {"l": "Wheat", "v": 4.1981872062184928}, {"l": "Oats", "v": 0.15829417437009483}, {"l": "Rye", "v": 0.06295979763242697}, {"l": "Barley", "v": 5.4681570516915254}, {"l": "Sorghum", "v": 0.58148880380851165}]}, {"source": 4, "prod": 2.0, "target": 1, "value": 0.0062327625542202393, "supply": [{"l": "Oilcrops, Other", "v": 0.0062327625542202393}]}, {"source": 5, "prod": 1651.0, "target": 1, "value": 1.9188288852199999, "supply": [{"l": "Sugar beet", "v": 1.9188288852199999}]}, {"source": 6, "prod": 33.0, "target": 1, "value": 0.13671514172436192, "supply": [{"l": "Sugar", "v": 0.13671514172436192}]}, {"source": 7, "prod": 1789.0, "target": 1, "value": 1.391262136359928, "supply": [{"l": "Potatoes", "v": 1.391262136359928}]}, {"source": 8, "prod": 325.0, "target": 1, "value": 0.14585399278672878, "supply": [{"l": "Vegetables, Other", "v": 0.069071898307665053}, {"l": "Fruits, Other", "v": 0.02384239779419622}, {"l": "Peas", "v": 0.029388576866884616}, {"l": "Beans", "v": 0.023551119817982875}]}, {"source": 9, "prod": 702.0, "target": 1, "value": 0.73854399236495238, "supply": [{"l": "Pelagic Fish", "v": 0.36048407592364112}, {"l": "Fish, Seafood", "v": 0.37805991644131121}]}, {"source": 0, "prod": 2050.0, "target": 10, "value": 3.0610520997617763, "supply": [{"l": "Beer", "v": 0.54776553050492727}, {"l": "Beverages, Alcoholic", "v": 0.51959501120758422}, {"l": "Butter, Ghee", "v": 0.26785457225780285}, {"l": "Fats, Animals, Raw", "v": 1.1216613708969312}, {"l": "Wine", "v": 0.60417561489453109}]}, {"source": 2, "prod": 5854.0, "target": 10, "value": 5.778243403377056, "supply": [{"l": "Eggs", "v": 0.46278806011991269}, {"l": "Mutton & Goat Meat", "v": 0.20663960401102588}, {"l": "Pigmeat", "v": 1.3602575332595015}, {"l": "Milk - Excluding Butter", "v": 2.8237949496457655}, {"l": "Meat, Other", "v": 0.0090964642683214296}, {"l": "Bovine Meat", "v": 0.40626479304652952}, {"l": "Poultry Meat", "v": 0.44336840655966658}, {"l": "Offals, Edible", "v": 0.066033592466333349}]}, {"source": 3, "prod": 3941.0, "target": 10, "value": 12.44928582690984, "supply": [{"l": "Maize", "v": 2.6168001194933961}, {"l": "Rye", "v": 0.11447235933168541}, {"l": "Rice", "v": 0.35756513113831739}, {"l": "Wheat", "v": 9.3604482169464411}]}, {"source": 4, "prod": 17.0, "target": 10, "value": 0.035375138821250006, "supply": [{"l": "Olives", "v": 0.019709005914696431}, {"l": "Groundnuts", "v": 0.0094333703523333343}, {"l": "Rape and Mustardseed", "v": 0.0062327625542202393}]}, {"source": 6, "prod": 675.0, "target": 10, "value": 2.7958516685289201, "supply": [{"l": "Sugar", "v": 2.7218741852395691}, {"l": "Honey", "v": 0.026810631527684214}, {"l": "Sweeteners, Other", "v": 0.047166851761666663}]}, {"source": 7, "prod": 1554.0, "target": 10, "value": 1.208508306262341, "supply": [{"l": "Potatoes", "v": 1.208508306262341}]}, {"source": 8, "prod": 4396.0, "target": 10, "value": 1.8642264436073681, "supply": [{"l": "Grapefruit", "v": 0.0092977777600000006}, {"l": "Tomatoes", "v": 0.22670437490165146}, {"l": "Treenuts", "v": 0.11320044422800001}, {"l": "Vegetables, Other", "v": 0.46285818201741596}, {"l": "Peas", "v": 0.0097961922889615374}, {"l": "Grapes", "v": 0.11344441070262931}, {"l": "Beans", "v": 0.25513713136148114}, {"l": "Pulses, Other", "v": 0.0097961922889615374}, {"l": "Lemons, Limes", "v": 0.0094723512215578506}, {"l": "Bananas", "v": 0.002927597695551724}, {"l": "Fruits, Other", "v": 0.30200370539315213}, {"l": "Oranges, Mandarines", "v": 0.018866740704666669}, {"l": "Onions", "v": 0.16067688536416413}, {"l": "Apples", "v": 0.17004445767917445}]}, {"source": 11, "prod": 96.0, "target": 10, "value": 0.22160130832503089, "supply": [{"l": "Nuts", "v": 0.11435555080175512}, {"l": "Pepper", "v": 0.0011622222200000001}, {"l": "Pimento", "v": 0.077517695503956541}, {"l": "Cocoa Beans", "v": 0.019132469446985916}, {"l": "Coffee", "v": 0.0094333703523333326}]}, {"source": 9, "prod": 298.0, "target": 10, "value": 0.31874491327822335, "supply": [{"l": "Marine Fish, Other", "v": 0.028300111057000001}, {"l": "Demersal Fish", "v": 0.0063610341366651365}, {"l": "Freshwater Fish", "v": 0.066033592466333321}, {"l": "Fish, Seafood", "v": 0.16048697307622611}, {"l": "Cephalopods", "v": 0.0010770937790350746}, {"l": "Pelagic Fish", "v": 0.056486108762963713}]}, {"source": 12, "prod": 263.0, "target": 10, "value": 2.7036627653804688, "supply": [{"l": "Soyabean Oil", "v": 0.71693614677733342}, {"l": "Sunflowerseed Oil", "v": 1.9867266186031352}]}, {"source": 0, "prod": 1.0, "target": 13, "value": 0.0081873092766199355, "supply": [{"l": "Fats, Animals, Raw", "v": 0.0081873092766199355}]}, {"source": 8, "prod": 1778.0, "target": 13, "value": 1.2397443796871244, "supply": [{"l": "Fruits, Other", "v": 0.25737562747068227}, {"l": "Grapes", "v": 0.95000545220653454}, {"l": "Apples", "v": 0.032363300009907399}]}, {"source": 3, "prod": 292.0, "target": 13, "value": 0.87959570183795643, "supply": [{"l": "Maize", "v": 0.26370853917375303}, {"l": "Barley", "v": 0.6158871626642034}]}, {"source": 4, "prod": 1457.0, "target": 13, "value": 4.5405675207494447, "supply": [{"l": "Sunflower seed", "v": 2.6987861859773634}, {"l": "Soyabeans", "v": 1.6392165517599231}, {"l": "Rape and Mustardseed", "v": 0.031163812771101192}, {"l": "Oilcrops, Other", "v": 0.17140097024105658}]}, {"source": 5, "prod": 4458.0, "target": 13, "value": 5.1811866567599996, "supply": [{"l": "Sugar beet", "v": 5.1811866567599996}]}, {"source": 0, "prod": 44.0, "target": 14, "value": 0.12686476070672301, "supply": [{"l": "Fats, Animals, Raw", "v": 0.10643502059605915}, {"l": "Beer", "v": 0.017011351879035009}, {"l": "Beverages, Alcoholic", "v": 0.0034183882316288433}]}, {"source": 2, "prod": 130.0, "target": 14, "value": 0.17526316594337962, "supply": [{"l": "Eggs", "v": 0.028198555634546655}, {"l": "Offals, Edible", "v": 0.088044789955111113}, {"l": "Poultry Meat", "v": 0.059019820353721858}]}, {"source": 3, "prod": 388.0, "target": 14, "value": 1.228768223673083, "supply": [{"l": "Maize", "v": 0.37865841522385052}, {"l": "Wheat", "v": 0.85010980844923256}]}, {"source": 4, "prod": 1.0, "target": 14, "value": 0.0031163812771101197, "supply": [{"l": "Oilcrops, Other", "v": 0.0031163812771101197}]}, {"source": 6, "prod": 73.0, "target": 14, "value": 0.32538254877102857, "supply": [{"l": "Sweeteners, Other", "v": 0.18866740704666665}, {"l": "Sugar", "v": 0.13671514172436192}]}, {"source": 7, "prod": 167.0, "target": 14, "value": 0.1298718707502001, "supply": [{"l": "Potatoes", "v": 0.1298718707502001}]}, {"source": 8, "prod": 1.0, "target": 14, "value": 0.00073189942388793099, "supply": [{"l": "Grapes", "v": 0.00073189942388793099}]}, {"source": 9, "prod": 32.0, "target": 14, "value": 0.033665823013787004, "supply": [{"l": "Fish, Seafood", "v": 0.017233500464561194}, {"l": "Pelagic Fish", "v": 0.01643232254922581}]}, {"source": 12, "prod": 64.0, "target": 14, "value": 0.65649799637234696, "supply": [{"l": "Soyabean Oil", "v": 0.25604862384904764}, {"l": "Coconut Oil", "v": 0.010267932628802547}, {"l": "Rape and Mustard Oil", "v": 0.041071730515210188}, {"l": "Oilcrops Oil, Other", "v": 0.34910970937928659}]}, {"source": 7, "prod": 715.0, "target": 7, "value": 0.55603824902031773, "supply": [{"l": "Potatoes", "v": 0.55603824902031773}]}, {"source": 8, "prod": 14.0, "target": 8, "value": 0.052313456081920173, "supply": [{"l": "Peas", "v": 0.013061589718615384}, {"l": "Beans", "v": 0.039251866363304792}]}, {"source": 2, "prod": 26.0, "target": 2, "value": 0.043127202735188996, "supply": [{"l": "Eggs", "v": 0.043127202735188996}]}, {"source": 3, "prod": 874.0, "target": 3, "value": 2.6993557149107206, "supply": [{"l": "Maize", "v": 0.4496568680783225}, {"l": "Wheat", "v": 1.6601782128773055}, {"l": "Oats", "v": 0.029074440190425582}, {"l": "Rye", "v": 0.017170853899752807}, {"l": "Barley", "v": 0.52379188600413562}, {"l": "Rice", "v": 0.016252960506287151}, {"l": "Sorghum", "v": 0.0032304933544917312}]}, {"source": 4, "prod": 70.0, "target": 4, "value": 0.21814668939770834, "supply": [{"l": "Sunflower seed", "v": 0.012465525108440479}, {"l": "Soyabeans", "v": 0.19321563918082738}, {"l": "Oilcrops, Other", "v": 0.012465525108440479}]}, {"source": 0, "prod": 18.0, "target": 15, "value": 0.014253159984405713, "supply": [{"l": "Wine", "v": 0.014253159984405713}]}, {"source": 2, "prod": 165.0, "target": 15, "value": 0.18813185271390331, "supply": [{"l": "Pigmeat", "v": 0.065012308574902644}, {"l": "Milk - Excluding Butter", "v": 0.065493291068444273}, {"l": "Mutton & Goat Meat", "v": 0.0053672624418448275}, {"l": "Bovine Meat", "v": 0.034012866394593173}, {"l": "Eggs", "v": 0.018246124234118425}]}, {"source": 3, "prod": 2009.0, "target": 15, "value": 6.6875041496665952, "supply": [{"l": "Maize", "v": 5.8624436785549712}, {"l": "Oats", "v": 0.0032304933544917312}, {"l": "Rye", "v": 0.0057236179665842704}, {"l": "Barley", "v": 0.33672335528837288}, {"l": "Rice", "v": 0.0081264802531435757}, {"l": "Wheat", "v": 0.47125652424903108}]}, {"source": 4, "prod": 19.0, "target": 15, "value": 0.059211244265092264, "supply": [{"l": "Sunflower seed", "v": 0.056094862987982143}, {"l": "Oilcrops, Other", "v": 0.0031163812771101197}]}, {"source": 6, "prod": 14.0, "target": 15, "value": 0.058000363155789901, "supply": [{"l": "Sugar", "v": 0.058000363155789901}]}, {"source": 7, "prod": 320.0, "target": 15, "value": 0.24885627928182052, "supply": [{"l": "Potatoes", "v": 0.24885627928182052}]}, {"source": 8, "prod": 233.0, "target": 15, "value": 0.090228816125492453, "supply": [{"l": "Fruits, Other", "v": 0.020174336595089111}, {"l": "Beans", "v": 0.015700746545321918}, {"l": "Tomatoes", "v": 0.0073537100292472672}, {"l": "Lemons, Limes", "v": 0.00035082782302066112}, {"l": "Vegetables, Other", "v": 0.035428021641200888}, {"l": "Oranges, Mandarines", "v": 0.0013476243360476192}, {"l": "Apples", "v": 0.0098735491555649677}]}, {"source": 16, "prod": 31.0, "target": 11, "value": 0.029728062019319247, "supply": [{"l": "Cocoa Beans", "v": 0.019132469446985916}, {"l": "Pepper", "v": 0.0011622222200000001}, {"l": "Coffee", "v": 0.0094333703523333326}]}, {"source": 16, "prod": 864.0, "target": 1, "value": 0.89422961563452963, "supply": [{"l": "Milk - Excluding Butter", "v": 0.093758816687457072}, {"l": "Fish, Seafood", "v": 0.36298060353482015}, {"l": "Pelagic Fish", "v": 0.31118710827596374}, {"l": "Bovine Meat", "v": 0.086921769675071425}, {"l": "Poultry Meat", "v": 0.0043185234405162341}, {"l": "Pigmeat", "v": 0.0083349113557567509}, {"l": "Marine Fish, Other", "v": 0.026727882664944445}]}, {"source": 16, "prod": 167.0, "target": 13, "value": 0.72227843088916477, "supply": [{"l": "Coconut Oil", "v": 0.010267932628802547}, {"l": "Sugar", "v": 0.55928921614511695}, {"l": "Beer", "v": 0.0068045407516140032}, {"l": "Oilcrops Oil, Other", "v": 0.092411393659222921}, {"l": "Butter, Ghee", "v": 0.008370455383056339}, {"l": "Wine", "v": 0.0039592111067793647}, {"l": "Sunflowerseed Oil", "v": 0.041175681214572747}]}, {"source": 16, "prod": 1526.0, "target": 3, "value": 5.0605562567588063, "supply": [{"l": "Maize", "v": 3.4586389176249916}, {"l": "Rye", "v": 0.040065325766089892}, {"l": "Barley", "v": 0.49213413465223732}, {"l": "Sorghum", "v": 0.48134350981926793}, {"l": "Rice", "v": 0.28036356873345336}, {"l": "Wheat", "v": 0.30801080016276544}]}, {"source": 16, "prod": 102.0, "target": 8, "value": 0.060326864581132691, "supply": [{"l": "Oranges, Mandarines", "v": 0.023358821824825401}, {"l": "Grapefruit", "v": 0.0092977777600000006}, {"l": "Lemons, Limes", "v": 0.0098231790445785123}, {"l": "Bananas", "v": 0.002927597695551724}, {"l": "Grapes", "v": 0.0051232959672155177}, {"l": "Pulses, Other", "v": 0.0097961922889615374}]}, {"source": 16, "prod": 344.0, "target": 4, "value": 1.0544318164362592, "supply": [{"l": "Olives", "v": 0.019709005914696431}, {"l": "Soyabeans", "v": 1.0252894401692294}, {"l": "Groundnuts", "v": 0.0094333703523333343}]}, {"source": 16, "prod": 2.0, "target": 7, "value": 0.0015553517455113785, "supply": [{"l": "Potatoes", "v": 0.0015553517455113785}]}, {"source": 0, "prod": 144.0, "target": 17, "value": 0.44349500014256632, "supply": [{"l": "Fats, Animals, Raw", "v": 0.24561927829859806}, {"l": "Beverages, Alcoholic", "v": 0.051275823474432644}, {"l": "Butter, Ghee", "v": 0.075334098447507047}, {"l": "Wine", "v": 0.071265799922028569}]}, {"source": 2, "prod": 323.0, "target": 17, "value": 0.51554118174984886, "supply": [{"l": "Pigmeat", "v": 0.12502367033635126}, {"l": "Milk - Excluding Butter", "v": 0.036538362385553122}, {"l": "Mutton & Goat Meat", "v": 0.016101787325534484}, {"l": "Poultry Meat", "v": 0.038866710964646105}, {"l": "Bovine Meat", "v": 0.25509649795944878}, {"l": "Eggs", "v": 0.041468464168450965}, {"l": "Offals, Edible", "v": 0.0024456886098641979}]}, {"source": 3, "prod": 579.0, "target": 17, "value": 1.8669967891348385, "supply": [{"l": "Maize", "v": 0.93988428064491458}, {"l": "Wheat", "v": 0.92711250848992388}]}, {"source": 4, "prod": 2.0, "target": 17, "value": 0.0062327625542202393, "supply": [{"l": "Rape and Mustardseed", "v": 0.0062327625542202393}]}, {"source": 6, "prod": 13.0, "target": 17, "value": 0.049108155223658106, "supply": [{"l": "Sugar", "v": 0.029000181577894951}, {"l": "Honey", "v": 0.020107973645763159}]}, {"source": 7, "prod": 19.0, "target": 17, "value": 0.014775841582358095, "supply": [{"l": "Potatoes", "v": 0.014775841582358095}]}, {"source": 8, "prod": 696.0, "target": 17, "value": 0.2779826323604323, "supply": [{"l": "Oranges, Mandarines", "v": 0.003144456784111111}, {"l": "Fruits, Other", "v": 0.069081819249850587}, {"l": "Apples", "v": 0.069663374597597277}, {"l": "Tomatoes", "v": 0.053366924212251601}, {"l": "Vegetables, Other", "v": 0.035173143787667074}, {"l": "Grapes", "v": 0.029275976955517244}, {"l": "Beans", "v": 0.011775559908991437}, {"l": "Onions", "v": 0.0065013768644459459}]}, {"source": 11, "prod": 1.0, "target": 17, "value": 0.0036913188335217393, "supply": [{"l": "Pimento", "v": 0.0036913188335217393}]}, {"source": 12, "prod": 146.0, "target": 17, "value": 1.5029123643319053, "supply": [{"l": "Sunflowerseed Oil", "v": 1.5029123643319053}]}, {"source": 18, "prod": 17.0, "target": 8, "value": 0.060130280750851819, "supply": [{"l": "Peas", "v": 0.032653974296538463}, {"l": "Beans", "v": 0.02747630645431336}]}, {"source": 18, "prod": 7.0, "target": 4, "value": 0.021814668939770833, "supply": [{"l": "Oilcrops, Other", "v": 0.021814668939770833}]}, {"source": 0, "prod": 20.0, "target": 19, "value": 0.015836844427117459, "supply": [{"l": "Wine", "v": 0.015836844427117459}]}, {"source": 3, "prod": 1127.0, "target": 19, "value": 3.8198033630590191, "supply": [{"l": "Maize", "v": 3.762918001287014}, {"l": "Rice", "v": 0.056885361772005032}]}, {"source": 8, "prod": 148.0, "target": 19, "value": 0.085453800947947106, "supply": [{"l": "Fruits, Other", "v": 0.041571360256547257}, {"l": "Apples", "v": 0.043882440691399856}]}, {"source": 4, "prod": 126.0, "target": 19, "value": 0.39266404091587503, "supply": [{"l": "Cottonseed", "v": 0.0031163812771101197}, {"l": "Soyabeans", "v": 0.38954765963876492}]}, {"source": 18, "prod": 68.0, "target": 13, "value": 0.47239820346752642, "supply": [{"l": "Sugar", "v": 0.15328667405458762}, {"l": "Sunflowerseed Oil", "v": 0.3191115294129388}]}, {"source": 18, "prod": 1200.0, "target": 3, "value": 3.6557034807530777, "supply": [{"l": "Wheat", "v": 3.0801080016276541}, {"l": "Barley", "v": 0.57559547912542375}]}, {"source": 1, "prod": 1032.0, "target": 9, "value": 1.0909547286569627, "supply": [{"l": "Pelagic Fish", "v": 0.43340250723583068}, {"l": "Freshwater Fish", "v": 0.066033592466333321}, {"l": "Demersal Fish", "v": 0.0063610341366651365}, {"l": "Fish, Seafood", "v": 0.55578038998209855}, {"l": "Marine Fish, Other", "v": 0.028300111057000001}, {"l": "Cephalopods", "v": 0.0010770937790350746}]}, {"source": 1, "prod": 7089.0, "target": 2, "value": 7.082541294197136, "supply": [{"l": "Poultry Meat", "v": 0.54125493787803458}, {"l": "Pigmeat", "v": 1.5502935121707553}, {"l": "Bovine Meat", "v": 0.6953741574005714}, {"l": "Eggs", "v": 0.59382840689221772}, {"l": "Milk - Excluding Butter", "v": 3.351188293512712}, {"l": "Offals, Edible", "v": 0.15652407103130864}, {"l": "Meat, Other", "v": 0.0090964642683214296}, {"l": "Mutton & Goat Meat", "v": 0.2281086537784052}]}, {"source": 13, "prod": 2278.0, "target": 0, "value": 3.6779680566290467, "supply": [{"l": "Fats, Animals, Raw", "v": 1.4819029790682083}, {"l": "Fish, Body Oil", "v": 0.0082788823298381373}, {"l": "Beer", "v": 0.56477688238396229}, {"l": "Beverages, Alcoholic", "v": 0.5742892229136457}, {"l": "Butter, Ghee", "v": 0.3431886707053099}, {"l": "Wine", "v": 0.70553141922808271}]}, {"source": 13, "prod": 473.0, "target": 12, "value": 4.8630731260847213, "supply": [{"l": "Oilcrops Oil, Other", "v": 0.34910970937928659}, {"l": "Coconut Oil", "v": 0.010267932628802547}, {"l": "Sunflowerseed Oil", "v": 3.4896389829350403}, {"l": "Soyabean Oil", "v": 0.972984770626381}, {"l": "Rape and Mustard Oil", "v": 0.041071730515210188}]}, {"source": 13, "prod": 808.0, "target": 6, "value": 3.3650578774037583, "supply": [{"l": "Honey", "v": 0.04691860517344737}, {"l": "Sweeteners, Other", "v": 0.23583425880833331}, {"l": "Sugar", "v": 3.0823050134219772}]}, {"source": 7, "prod": 2281.5, "target": 20, "value": 7.9548299847899999, "supply": [{"l": "Potatoes", "v": 7.9548299847899999}]}, {"source": 5, "prod": 2443.5999999999999, "target": 20, "value": 2.8400062167920002, "supply": [{"l": "Sugar beet", "v": 2.8400062167920002}]}, {"source": 8, "prod": 7532.0, "target": 20, "value": 22.231122444213863, "supply": [{"l": "Vegetables, Other", "v": 8.2442233175699986}, {"l": "Peas", "v": 0.038353333260000004}, {"l": "Tomatoes", "v": 4.7697599908799999}, {"l": "Beans", "v": 0.29462333277000002}, {"l": "Pulses, Other", "v": 0.0069733333200000004}, {"l": "Onions", "v": 1.2551999976000003}]}, {"source": 3, "prod": 39861.0, "target": 20, "value": 139.69421440801952, "supply": [{"l": "Maize", "v": 85.632533169600009}, {"l": "Rye", "v": 0.4358333325}, {"l": "Barley", "v": 13.841212545508641}, {"l": "Rice", "v": 0.51602666568}, {"l": "Wheat", "v": 35.703466598399999}, {"l": "Oats", "v": 0.41491333254000001}, {"l": "Sorghum", "v": 0.74265999858000009}]}, {"source": 4, "prod": 1518.0, "target": 20, "value": 5.2829125124213512, "supply": [{"l": "Olives", "v": 0.02266333329}, {"l": "Sunflower seed", "v": 3.0961599940800002}, {"l": "Cottonseed", "v": 0.0034866666600000006}, {"l": "Oilcrops, Other", "v": 0.20745666627000001}, {"l": "Soyabeans", "v": 1.9106933296800004}, {"l": "Groundnuts", "v": 0.0034866666600000002}, {"l": "Rape and Mustardseed", "v": 0.048813333239999999}]}, {"source": 21, "prod": 0, "target": 3, "value": 0.96261467199161321, "supply": "[{\"l\":'Energy for power irrigation',\"v\":0.96261467199161321}]"}, {"source": 21, "prod": 0, "target": 4, "value": 0.073317230981825285, "supply": "[{\"l\":'Energy for power irrigation',\"v\":0.073317230981825285}]"}, {"source": 21, "prod": 0, "target": 5, "value": 0.29505597105926923, "supply": "[{\"l\":'Energy for power irrigation',\"v\":0.29505597105926923}]"}, {"source": 21, "prod": 0, "target": 7, "value": 0.22038638008568429, "supply": "[{\"l\":'Energy for power irrigation',\"v\":0.22038638008568429}]"}, {"source": 21, "prod": 0, "target": 8, "value": 0.36378483778333859, "supply": "[{\"l\":'Energy for power irrigation',\"v\":0.36378483778333859}]"}, {"source": 21, "prod": 0, "target": 11, "value": 0.0039363335474431882, "supply": "[{\"l\":'Energy for power irrigation',\"v\":0.0039363335474431882}]"}, {"source": 21, "prod": 0, "target": 13, "value": 2.5640000020511997, "supply": "[{\"l\":'Electricity',\"v\":2.5640000020511997}]"}, {"source": 22, "prod": 0, "target": 21, "value": 9.1555842312646014, "supply": [{"l": "Coal", "v": 3.6262911923381971}, {"l": "Natural gas", "v": 2.9186020919927271}, {"l": "Oil", "v": 2.6106909469336768}]}, {"source": 23, "prod": 0, "target": 21, "value": 0.7828657085369034, "supply": [{"l": "Nuclear", "v": 0.0}, {"l": "Hydroelectric", "v": 0.7828657085369034}, {"l": "Renewable", "v": 0.0}]}, {"source": 22, "prod": 0, "target": 3, "value": 6.6757661246279216, "supply": [{"l": "Motor Gasoline", "v": 0.089500432635651272}, {"l": "Gas-Diesel oil", "v": 6.2339590671253866}, {"l": "Natural gas (including LNG)", "v": 0.31486789792798869}, {"l": "Fuel oil", "v": 0.014072614145249133}, {"l": "Coal", "v": 0.023366112793646331}]}, {"source": 22, "prod": 0, "target": 4, "value": 0.50845753880661226, "supply": [{"l": "Motor Gasoline", "v": 0.0068167711166763822}, {"l": "Gas-Diesel oil", "v": 0.47480744908037109}, {"l": "Natural gas (including LNG)", "v": 0.023981810243329911}, {"l": "Fuel oil", "v": 0.0010718360438768811}, {"l": "Coal", "v": 0.0017796723223579502}]}, {"source": 22, "prod": 0, "target": 5, "value": 2.0462233890445285, "supply": [{"l": "Motor Gasoline", "v": 0.027433237649391318}, {"l": "Gas-Diesel oil", "v": 1.9108028369117174}, {"l": "Natural gas (including LNG)", "v": 0.09651177785013336}, {"l": "Fuel oil", "v": 0.0043134692964715863}, {"l": "Coal", "v": 0.0071620673368147023}]}, {"source": 22, "prod": 0, "target": 7, "value": 1.5283871868080181, "supply": [{"l": "Motor Gasoline", "v": 0.020490728989060823}, {"l": "Gas-Diesel oil", "v": 1.4272374111684671}, {"l": "Natural gas (including LNG)", "v": 0.072087615375701172}, {"l": "Fuel oil", "v": 0.0032218628907840639}, {"l": "Coal", "v": 0.0053495683840048261}]}, {"source": 22, "prod": 0, "target": 8, "value": 2.5228604626425581, "supply": [{"l": "Motor Gasoline", "v": 0.033823399242955535}, {"l": "Gas-Diesel oil", "v": 2.3558957223144632}, {"l": "Natural gas (including LNG)", "v": 0.11899275016650915}, {"l": "Fuel oil", "v": 0.0053182273270623642}, {"l": "Coal", "v": 0.0088303635915679048}]}, {"source": 22, "prod": 0, "target": 11, "value": 0.027298609626310207, "supply": [{"l": "Motor Gasoline", "v": 0.00036598606456464102}, {"l": "Gas-Diesel oil", "v": 0.02549196778659436}, {"l": "Natural gas (including LNG)", "v": 0.0012875609583869482}, {"l": "Fuel oil", "v": 5.7545874555972209e-05}, {"l": "Coal", "v": 9.554894220828256e-05}]}, {"source": 24, "prod": 717.78692052146778, "target": 3, "value": 8.491099089757089, "supply": [{"l": "Potash", "v": 0.32305000025844}, {"l": "Phosphate", "v": 2.1841250017473}, {"l": "Nitrogen", "v": 14.420916678203398}]}, {"source": 24, "prod": 54.670005536819858, "target": 4, "value": 0.6467217790949179, "supply": [{"l": "Potash", "v": 0.32305000025844}, {"l": "Phosphate", "v": 2.1841250017473}, {"l": "Nitrogen", "v": 14.420916678203398}]}, {"source": 24, "prod": 220.01255851411889, "target": 5, "value": 2.602650427200826, "supply": [{"l": "Potash", "v": 0.32305000025844}, {"l": "Phosphate", "v": 2.1841250017473}, {"l": "Nitrogen", "v": 14.420916678203398}]}, {"source": 24, "prod": 164.33414707806915, "target": 7, "value": 1.9439996561331425, "supply": [{"l": "Potash", "v": 0.32305000025844}, {"l": "Phosphate", "v": 2.1841250017473}, {"l": "Nitrogen", "v": 14.420916678203398}]}, {"source": 24, "prod": 271.26118689283737, "target": 8, "value": 3.2088988406738612, "supply": [{"l": "Potash", "v": 0.32305000025844}, {"l": "Phosphate", "v": 2.1841250017473}, {"l": "Nitrogen", "v": 14.420916678203398}]}, {"source": 24, "prod": 2.9351814566869683, "target": 11, "value": 0.034721887349298951, "supply": [{"l": "Potash", "v": 0.32305000025844}, {"l": "Phosphate", "v": 2.1841250017473}, {"l": "Nitrogen", "v": 14.420916678203398}]}, {"source": 22, "prod": 0, "target": 24, "value": 20.178520143868958, "supply": [{"l": "Natural gas (including LNG)", "v": 13.764790028510768}, {"l": "Fuel oil", "v": 3.8645275645900119}, {"l": "Liquefied petroleum gas (LPG)", "v": 1.2746012753840876}, {"l": "Coal", "v": 1.2746012753840876}]}, {"source": 25, "prod": 0, "target": 3, "value": 1.5567009020446534, "supply": "[{\"l\":'Labor',\"v\":1.5567009020446534}]"}, {"source": 25, "prod": 0, "target": 4, "value": 0.11856561397374796, "supply": "[{\"l\":'Labor',\"v\":0.11856561397374796}]"}, {"source": 25, "prod": 0, "target": 5, "value": 0.47715239510252061, "supply": "[{\"l\":'Labor',\"v\":0.47715239510252061}]"}, {"source": 25, "prod": 0, "target": 7, "value": 0.35639980010685895, "supply": "[{\"l\":'Labor',\"v\":0.35639980010685895}]"}, {"source": 25, "prod": 0, "target": 8, "value": 0.5882978948947758, "supply": "[{\"l\":'Labor',\"v\":0.5882978948947758}]"}, {"source": 25, "prod": 0, "target": 11, "value": 0.0063656769030701306, "supply": "[{\"l\":'Labor',\"v\":0.0063656769030701306}]"}, {"source": 22, "prod": 0, "target": 16, "value": 71.880787436909515, "supply": "[{\"l\":'Fossil Fuels',\"v\":71.880787436909515}]"}, {"source": 23, "prod": 0, "target": 16, "value": 2.2488295370129272, "supply": "[{\"l\":'Renewables & Nuclear',\"v\":1.1330243940217182},{\"l\":'Biomass & Waste',\"v\":1.115805142991209}]"}]}