{"nodes": [{"layer": 13, "name": "Milk - Excluding Butter"}, {"layer": 10, "name": "Feed", "fill": "#dbdb8d"}, {"layer": 5, "name": "Oilcrops", "fill": "#ff9896"}, {"layer": 5, "name": "Vegetables"}, {"layer": 5, "name": "Sugar Crops", "fill": "#ffbb78"}, {"layer": 5, "name": "Starchy Roots"}, {"layer": 5, "name": "Pulses"}, {"layer": 13, "name": "Sugar & Sweeteners"}, {"layer": 5, "name": "Cereals - Excluding Beer"}, {"layer": 5, "name": "Fruits - Excluding Wine"}, {"layer": 16, "name": "Food", "fill": "#b5cf6b"}, {"layer": 5, "name": "Spices"}, {"layer": 13, "name": "Fish, Seafood"}, {"layer": 5, "name": "Treenuts"}, {"layer": 13, "name": "Alcoholic Beverages"}, {"layer": 5, "name": "Others"}, {"layer": 13, "name": "Vegetable Oils", "fill": "#f7b6d2"}, {"layer": 13, "name": "Animal Fats"}, {"layer": 5, "name": "Stimulants"}, {"layer": 13, "name": "Eggs"}, {"layer": 13, "name": "Meat"}, {"layer": 10, "name": "Processing", "fill": "#9edae5"}, {"layer": 16, "name": "Biofuels & Other", "fill": "#e7ba52"}, {"name": "Waste", "fill": "#c7c7c7"}, {"layer": 2, "name": "Import", "fill": "#aec7e8"}, {"layer": 16, "name": "Export", "fill": "#aec7e8"}, {"layer": 0, "name": "Stock Draw", "fill": "#c7c7c7"}, {"layer": 16, "name": "Stock Deposit", "fill": "#c7c7c7"}, {"layer": 2, "name": "Electricity", "fill": "#bcbd22"}, {"layer": 0, "name": "Fossil Fuels", "fill": "#c49c94"}, {"layer": 0, "name": "Renewables & Nuclear", "fill": "#2ca02c"}, {"layer": 2, "name": "Fertilizers", "fill": "#c5b0d5"}, {"layer": 0, "name": "Labor", "fill": "#7f7f7f"}], "links": [{"source": 0, "prod": 563.0, "target": 1, "value": 0.43141379465617552, "supply": [{"l": "Milk - Excluding Butter", "v": 0.43141379465617552}]}, {"source": 2, "prod": 1.0, "target": 1, "value": 0.0011791712940416668, "supply": [{"l": "Oilcrops, Other", "v": 0.0011791712940416668}]}, {"source": 3, "prod": 496.0, "target": 1, "value": 0.13485052918856716, "supply": [{"l": "Vegetables, Other", "v": 0.13485052918856716}]}, {"source": 4, "prod": 24.0, "target": 1, "value": 0.027893333280000002, "supply": [{"l": "Sugar beet", "v": 0.027893333280000002}]}, {"source": 5, "prod": 261.0, "target": 1, "value": 0.20274481221107879, "supply": [{"l": "Potatoes", "v": 0.20274481221107879}]}, {"source": 6, "prod": 17.0, "target": 1, "value": 0.067278630903237741, "supply": [{"l": "Peas", "v": 0.031980394557686108}, {"l": "Beans", "v": 0.03529823634555164}]}, {"source": 7, "prod": 16.0, "target": 1, "value": 0.056600222114000003, "supply": [{"l": "Sugar", "v": 0.056600222114000003}]}, {"source": 8, "prod": 4994.0, "target": 1, "value": 16.499356565802806, "supply": [{"l": "Maize", "v": 12.93765156667034}, {"l": "Wheat", "v": 1.8814523013312878}, {"l": "Oats", "v": 0.46821653628583415}, {"l": "Rye", "v": 0.095415512049977072}, {"l": "Barley", "v": 1.1037043312229999}, {"l": "Sorghum", "v": 0.012916318242367837}]}, {"source": 9, "prod": 6.0, "target": 1, "value": 0.0037348859012993562, "supply": [{"l": "Fruits, Other", "v": 0.0037348859012993562}]}, {"source": 0, "prod": 2067.0, "target": 10, "value": 1.583893984998783, "supply": [{"l": "Milk - Excluding Butter", "v": 1.583893984998783}]}, {"source": 11, "prod": 10.0, "target": 10, "value": 0.03438409172169566, "supply": [{"l": "Pepper", "v": 0.0011622222200000001}, {"l": "Pimento", "v": 0.033221869501695658}]}, {"source": 12, "prod": 116.0, "target": 10, "value": 0.080985391209833446, "supply": [{"l": "Marine Fish, Other", "v": 0.0031574504071859512}, {"l": "Freshwater Fish", "v": 0.016565918667512197}, {"l": "Fish, Seafood", "v": 0.040362453474737707}, {"l": "Pelagic Fish", "v": 0.016044157449637796}, {"l": "Demersal Fish", "v": 0.0048554112107598033}]}, {"source": 2, "prod": 7.0, "target": 10, "value": 0.0082541990582916686, "supply": [{"l": "Olives", "v": 0.0082541990582916686}]}, {"source": 13, "prod": 35.0, "target": 10, "value": 0.088822359431616857, "supply": [{"l": "Treenuts", "v": 0.088822359431616857}]}, {"source": 3, "prod": 1452.0, "target": 10, "value": 0.40377845178110428, "supply": [{"l": "Tomatoes", "v": 0.080709261005667166}, {"l": "Vegetables, Other", "v": 0.23435716967851788}, {"l": "Onions", "v": 0.088712021096919197}]}, {"source": 14, "prod": 844.0, "target": 10, "value": 0.76906577525672737, "supply": [{"l": "Beer", "v": 0.15357579377631203}, {"l": "Beverages, Alcoholic", "v": 0.21120268066612963}, {"l": "Wine", "v": 0.40428730081428577}]}, {"source": 15, "prod": 35.0, "target": 10, "value": 0.088342238569824316, "supply": [{"l": "Nuts", "v": 0.088342238569824316}]}, {"source": 5, "prod": 1446.0, "target": 10, "value": 1.123252867652184, "supply": [{"l": "Potatoes", "v": 1.123252867652184}]}, {"source": 6, "prod": 124.0, "target": 10, "value": 0.49182788663109145, "supply": [{"l": "Peas", "v": 0.33979169217541483}, {"l": "Beans", "v": 0.13727091912158967}, {"l": "Pulses, Other", "v": 0.014765275334086957}]}, {"source": 7, "prod": 319.0, "target": 10, "value": 1.12775942562145, "supply": [{"l": "Sugar", "v": 1.0966293034587502}, {"l": "Honey", "v": 0.0169800666342}, {"l": "Sweeteners, Other", "v": 0.014150055528500001}]}, {"source": 8, "prod": 4475.0, "target": 10, "value": 14.20965560476472, "supply": [{"l": "Maize", "v": 4.2033007440422843}, {"l": "Rye", "v": 0.057249307229986252}, {"l": "Rice", "v": 0.25854844663555293}, {"l": "Wheat", "v": 9.6905571068568968}]}, {"source": 9, "prod": 710.0, "target": 10, "value": 0.46162560764648081, "supply": [{"l": "Grapefruit", "v": 0.0011622222200000001}, {"l": "Grapes", "v": 0.072808994737835059}, {"l": "Lemons, Limes", "v": 0.013946666640000001}, {"l": "Fruits, Other", "v": 0.33115988324854301}, {"l": "Oranges, Mandarines", "v": 0.002060687698325243}, {"l": "Apples", "v": 0.040487153101777459}]}, {"source": 16, "prod": 149.0, "target": 10, "value": 1.5309098293445924, "supply": [{"l": "Sunflowerseed Oil", "v": 1.5309098293445924}]}, {"source": 17, "prod": 82.0, "target": 10, "value": 0.67666021645851004, "supply": [{"l": "Butter, Ghee", "v": 0.10869815383256821}, {"l": "Fats, Animals, Raw", "v": 0.56796206262594184}]}, {"source": 18, "prod": 8.0, "target": 10, "value": 0.01060941387105924, "supply": [{"l": "Cocoa Beans", "v": 0.0087827930866551732}, {"l": "Coffee", "v": 0.00036282193662820516}, {"l": "Tea", "v": 0.001463798847775862}]}, {"source": 19, "prod": 104.0, "target": 10, "value": 0.169800666342, "supply": [{"l": "Eggs", "v": 0.169800666342}]}, {"source": 20, "prod": 619.0, "target": 10, "value": 1.0585753278868504, "supply": [{"l": "Mutton & Goat Meat", "v": 0.13000363516809377}, {"l": "Pigmeat", "v": 0.57329895125859986}, {"l": "Meat, Other", "v": 0.0081634935741346157}, {"l": "Bovine Meat", "v": 0.2022353671269283}, {"l": "Poultry Meat", "v": 0.10478205676167722}, {"l": "Offals, Edible", "v": 0.040091823997416662}]}, {"source": 8, "prod": 93.0, "target": 21, "value": 0.29127318054607948, "supply": [{"l": "Maize", "v": 0.11826006916517678}, {"l": "Barley", "v": 0.1730131113809027}]}, {"source": 4, "prod": 2989.0, "target": 21, "value": 3.4738822155799998, "supply": [{"l": "Sugar beet", "v": 3.4738822155799998}]}, {"source": 2, "prod": 575.0, "target": 21, "value": 0.67802349407395845, "supply": [{"l": "Sunflower seed", "v": 0.62613995713612514}, {"l": "Soyabeans", "v": 0.0011791712940416668}, {"l": "Rape and Mustardseed", "v": 0.0011791712940416668}, {"l": "Oilcrops, Other", "v": 0.049525194349750008}]}, {"source": 9, "prod": 975.0, "target": 21, "value": 0.72911832438187019, "supply": [{"l": "Fruits, Other", "v": 0.048553516716891634}, {"l": "Grapes", "v": 0.60204426831607682}, {"l": "Apples", "v": 0.078520539348901741}]}, {"source": 17, "prod": 2.0, "target": 21, "value": 0.016462668481911358, "supply": [{"l": "Fats, Animals, Raw", "v": 0.016462668481911358}]}, {"source": 20, "prod": 36.0, "target": 22, "value": 0.044411471750526267, "supply": [{"l": "Offals, Edible", "v": 0.031837624939125002}, {"l": "Poultry Meat", "v": 0.012573846811401265}]}, {"source": 19, "prod": 6.0, "target": 22, "value": 0.0097961922889615374, "supply": [{"l": "Eggs", "v": 0.0097961922889615374}]}, {"source": 14, "prod": 9.0, "target": 22, "value": 0.0050444603795138983, "supply": [{"l": "Beer", "v": 0.0050444603795138983}]}, {"source": 17, "prod": 8.0, "target": 22, "value": 0.065850673927645431, "supply": [{"l": "Fats, Animals, Raw", "v": 0.065850673927645431}]}, {"source": 5, "prod": 104.0, "target": 22, "value": 0.080787204865717221, "supply": [{"l": "Potatoes", "v": 0.080787204865717221}]}, {"source": 7, "prod": 28.0, "target": 22, "value": 0.099050388699500003, "supply": [{"l": "Sweeteners, Other", "v": 0.063675249878250004}, {"l": "Sugar", "v": 0.035375138821250006}]}, {"source": 8, "prod": 67.0, "target": 22, "value": 0.2256881274164883, "supply": [{"l": "Maize", "v": 0.21962584273532834}, {"l": "Wheat", "v": 0.0030793000021788674}, {"l": "Barley", "v": 0.0029829846789810812}]}, {"source": 16, "prod": 18.0, "target": 22, "value": 0.18494212703491722, "supply": [{"l": "Coconut Oil", "v": 0.020549125226101913}, {"l": "Oilcrops Oil, Other", "v": 0.1643930018088153}]}, {"source": 2, "prod": 1.0, "target": 22, "value": 0.0011791712940416668, "supply": [{"l": "Oilcrops, Other", "v": 0.0011791712940416668}]}, {"source": 5, "prod": 630.0, "target": 5, "value": 0.48938402947501786, "supply": [{"l": "Potatoes", "v": 0.48938402947501786}]}, {"source": 8, "prod": 755.0, "target": 8, "value": 2.3634056592085897, "supply": [{"l": "Maize", "v": 0.46966141754170215}, {"l": "Wheat", "v": 1.5889188011242954}, {"l": "Oats", "v": 0.080726989014798994}, {"l": "Rye", "v": 0.043618519794275237}, {"l": "Barley", "v": 0.16406415734395946}, {"l": "Rice", "v": 0.016415774389558914}]}, {"source": 19, "prod": 7.0, "target": 19, "value": 0.011428891003788461, "supply": [{"l": "Eggs", "v": 0.011428891003788461}]}, {"source": 6, "prod": 44.0, "target": 6, "value": 0.17355095523536224, "supply": [{"l": "Peas", "v": 0.051968141156239919}, {"l": "Beans", "v": 0.1215828140791223}]}, {"source": 2, "prod": 9.0, "target": 2, "value": 0.010612541646375, "supply": [{"l": "Sunflower seed", "v": 0.0035375138821250002}, {"l": "Soyabeans", "v": 0.0035375138821250002}, {"l": "Oilcrops, Other", "v": 0.0035375138821250002}]}, {"source": 0, "prod": 52.0, "target": 23, "value": 0.03984638955971781, "supply": [{"l": "Milk - Excluding Butter", "v": 0.03984638955971781}]}, {"source": 20, "prod": 23.0, "target": 23, "value": 0.041258611727516666, "supply": [{"l": "Pigmeat", "v": 0.023197067391966471}, {"l": "Mutton & Goat Meat", "v": 0.00265313541159375}, {"l": "Bovine Meat", "v": 0.015408408923956443}]}, {"source": 3, "prod": 90.0, "target": 23, "value": 0.023824873553654525, "supply": [{"l": "Tomatoes", "v": 0.002074788200659824}, {"l": "Vegetables, Other", "v": 0.021750085352994702}]}, {"source": 14, "prod": 11.0, "target": 23, "value": 0.0087542525766872905, "supply": [{"l": "Wine", "v": 0.0087542525766872905}]}, {"source": 5, "prod": 150.0, "target": 23, "value": 0.1165200070178614, "supply": [{"l": "Potatoes", "v": 0.1165200070178614}]}, {"source": 6, "prod": 6.0, "target": 23, "value": 0.02368320368188892, "supply": [{"l": "Beans", "v": 0.015688105042467392}, {"l": "Peas", "v": 0.007995098639421527}]}, {"source": 7, "prod": 8.0, "target": 23, "value": 0.028300111057000001, "supply": [{"l": "Sugar", "v": 0.028300111057000001}]}, {"source": 8, "prod": 353.0, "target": 23, "value": 1.1431763284401506, "supply": [{"l": "Maize", "v": 0.62508893701593449}, {"l": "Oats", "v": 0.0096872386817758779}, {"l": "Rye", "v": 0.0081784724614266061}, {"l": "Barley", "v": 0.020880892752867565}, {"l": "Rice", "v": 0.008207887194779457}, {"l": "Wheat", "v": 0.47113290033336669}]}, {"source": 19, "prod": 4.0, "target": 23, "value": 0.0065307948593076922, "supply": [{"l": "Eggs", "v": 0.0065307948593076922}]}, {"source": 9, "prod": 25.0, "target": 23, "value": 0.016065608745651036, "supply": [{"l": "Fruits, Other", "v": 0.012449619670997857}, {"l": "Lemons, Limes", "v": 0.0011622222200000001}, {"l": "Apples", "v": 0.0024537668546531794}]}, {"source": 2, "prod": 11.0, "target": 23, "value": 0.012970884234458335, "supply": [{"l": "Sunflower seed", "v": 0.012970884234458335}]}, {"source": 24, "prod": 68.0, "target": 1, "value": 0.049592987991537371, "supply": [{"l": "Milk - Excluding Butter", "v": 0.019156918057556638}, {"l": "Fish, Seafood", "v": 0.014613991775336068}, {"l": "Pelagic Fish", "v": 0.010027598406023621}, {"l": "Eggs", "v": 0.001632698714826923}, {"l": "Demersal Fish", "v": 0.0041617810377941175}]}, {"source": 24, "prod": 47.0, "target": 8, "value": 0.18279671881163942, "supply": [{"l": "Barley", "v": 0.026846862110829726}, {"l": "Rice", "v": 0.15594985670080969}]}, {"source": 24, "prod": 20.0, "target": 21, "value": 0.038544230173973064, "supply": [{"l": "Coconut Oil", "v": 0.020549125226101913}, {"l": "Beer", "v": 0.0089679295635802653}, {"l": "Wine", "v": 0.00079584114333520822}, {"l": "Fats, Animals, Raw", "v": 0.0082313342409556789}]}, {"source": 24, "prod": 8.0, "target": 18, "value": 0.01060941387105924, "supply": [{"l": "Cocoa Beans", "v": 0.0087827930866551732}, {"l": "Coffee", "v": 0.00036282193662820516}, {"l": "Tea", "v": 0.001463798847775862}]}, {"source": 24, "prod": 35.0, "target": 9, "value": 0.026992325863072548, "supply": [{"l": "Oranges, Mandarines", "v": 0.0030910315474878642}, {"l": "Fruits, Other", "v": 0.0068472908190488216}, {"l": "Grapefruit", "v": 0.0011622222200000001}, {"l": "Grapes", "v": 0.00078289241653586069}, {"l": "Lemons, Limes", "v": 0.015108888860000001}]}, {"source": 24, "prod": 8.0, "target": 2, "value": 0.0094333703523333361, "supply": [{"l": "Olives", "v": 0.0082541990582916686}, {"l": "Oilcrops, Other", "v": 0.0011791712940416668}]}, {"source": 24, "prod": 1.0, "target": 11, "value": 0.0011622222200000001, "supply": [{"l": "Pepper", "v": 0.0011622222200000001}]}, {"source": 24, "prod": 8.0, "target": 5, "value": 0.0062144003742859409, "supply": [{"l": "Potatoes", "v": 0.0062144003742859409}]}, {"source": 0, "prod": 27.0, "target": 25, "value": 0.020689471502161171, "supply": [{"l": "Milk - Excluding Butter", "v": 0.020689471502161171}]}, {"source": 2, "prod": 30.0, "target": 25, "value": 0.035375138821250006, "supply": [{"l": "Soyabeans", "v": 0.0011791712940416668}, {"l": "Sunflower seed", "v": 0.022404254586791669}, {"l": "Rape and Mustardseed", "v": 0.0070750277642500003}, {"l": "Oilcrops, Other", "v": 0.0047166851761666672}]}, {"source": 13, "prod": 6.0, "target": 25, "value": 0.015226690188277176, "supply": [{"l": "Treenuts", "v": 0.015226690188277176}]}, {"source": 3, "prod": 271.0, "target": 25, "value": 0.068943890141157094, "supply": [{"l": "Tomatoes", "v": 0.033819047670755137}, {"l": "Vegetables, Other", "v": 0.020118828951520097}, {"l": "Onions", "v": 0.015006013518881853}]}, {"source": 15, "prod": 6.0, "target": 25, "value": 0.015144383754827026, "supply": [{"l": "Nuts", "v": 0.015144383754827026}]}, {"source": 14, "prod": 54.0, "target": 25, "value": 0.07169261250740469, "supply": [{"l": "Wine", "v": 0.034221169163413952}, {"l": "Beverages, Alcoholic", "v": 0.037471443343990746}]}, {"source": 17, "prod": 23.0, "target": 25, "value": 0.1903611852036079, "supply": [{"l": "Fats, Animals, Raw", "v": 0.12347001361433517}, {"l": "Butter, Ghee", "v": 0.066891171589272741}]}, {"source": 5, "prod": 11.0, "target": 25, "value": 0.0085448005146431701, "supply": [{"l": "Potatoes", "v": 0.0085448005146431701}]}, {"source": 6, "prod": 17.0, "target": 25, "value": 0.067731769257801222, "supply": [{"l": "Beans", "v": 0.011766078781850547}, {"l": "Peas", "v": 0.05596569047595068}]}, {"source": 7, "prod": 43.0, "target": 25, "value": 0.15168859526552003, "supply": [{"l": "Sugar", "v": 0.14150055528500002}, {"l": "Honey", "v": 0.010188039980520001}]}, {"source": 9, "prod": 354.0, "target": 25, "value": 0.22925314196031671, "supply": [{"l": "Grapes", "v": 0.046973544992151645}, {"l": "Fruits, Other", "v": 0.16993730850912073}, {"l": "Oranges, Mandarines", "v": 0.00068689589944174762}, {"l": "Apples", "v": 0.011655392559602603}]}, {"source": 8, "prod": 886.0, "target": 25, "value": 2.921526118626828, "supply": [{"l": "Maize", "v": 2.2976242009234351}, {"l": "Rye", "v": 0.081784724614266058}, {"l": "Barley", "v": 0.0089489540369432422}, {"l": "Sorghum", "v": 0.0096872386817758779}, {"l": "Wheat", "v": 0.52348100037040757}]}, {"source": 16, "prod": 37.0, "target": 25, "value": 0.38015881668288543, "supply": [{"l": "Oilcrops Oil, Other", "v": 0.041098250452203826}, {"l": "Sunflowerseed Oil", "v": 0.33906056623068159}]}, {"source": 19, "prod": 14.0, "target": 25, "value": 0.022857782007576922, "supply": [{"l": "Eggs", "v": 0.022857782007576922}]}, {"source": 20, "prod": 69.0, "target": 25, "value": 0.1237481351912766, "supply": [{"l": "Pigmeat", "v": 0.028167867547387853}, {"l": "Poultry Meat", "v": 0.004191282270467089}, {"l": "Bovine Meat", "v": 0.086672300197254998}, {"l": "Offals, Edible", "v": 0.0047166851761666663}]}, {"source": 26, "prod": 4.0, "target": 2, "value": 0.0047166851761666672, "supply": [{"l": "Soyabeans", "v": 0.0035375138821250002}, {"l": "Oilcrops, Other", "v": 0.0011791712940416668}]}, {"source": 26, "prod": 400.0, "target": 5, "value": 0.310720018714297, "supply": [{"l": "Potatoes", "v": 0.310720018714297}]}, {"source": 8, "prod": 1360.0, "target": 27, "value": 4.1807851526625273, "supply": [{"l": "Wheat", "v": 4.1262620029196828}, {"l": "Rye", "v": 0.054523149742844043}]}, {"source": 26, "prod": 21.0, "target": 1, "value": 0.034795601087949699, "supply": [{"l": "Pigmeat", "v": 0.034795601087949699}]}, {"source": 26, "prod": 20.0, "target": 3, "value": 0.0054375213382486754, "supply": [{"l": "Vegetables, Other", "v": 0.0054375213382486754}]}, {"source": 17, "prod": 2.0, "target": 27, "value": 0.016722792897318185, "supply": [{"l": "Butter, Ghee", "v": 0.016722792897318185}]}, {"source": 16, "prod": 11.0, "target": 27, "value": 0.11302018874356053, "supply": [{"l": "Sunflowerseed Oil", "v": 0.11302018874356053}]}, {"source": 26, "prod": 3.0, "target": 6, "value": 0.011766078781850547, "supply": [{"l": "Beans", "v": 0.011766078781850547}]}, {"source": 7, "prod": 33.0, "target": 27, "value": 0.116737958110125, "supply": [{"l": "Sugar", "v": 0.116737958110125}]}, {"source": 26, "prod": 43.0, "target": 21, "value": 0.062657333572561202, "supply": [{"l": "Oilcrops Oil, Other", "v": 0.030823687839152871}, {"l": "Wine", "v": 0.031833645733408328}]}, {"source": 26, "prod": 350.0, "target": 8, "value": 1.1751117137311133, "supply": [{"l": "Maize", "v": 1.0136577357015153}, {"l": "Oats", "v": 0.16145397802959799}]}, {"source": 1, "prod": 2709.0, "target": 0, "value": 2.0758436407168372, "supply": [{"l": "Milk - Excluding Butter", "v": 2.0758436407168372}]}, {"source": 1, "prod": 128.0, "target": 19, "value": 0.20898543549784615, "supply": [{"l": "Eggs", "v": 0.22041432650163462}]}, {"source": 1, "prod": 747.0, "target": 20, "value": 1.2679935465561698, "supply": [{"l": "Pigmeat", "v": 0.62466388619795421}, {"l": "Bovine Meat", "v": 0.30431607624813972}, {"l": "Poultry Meat", "v": 0.12154718584354557}, {"l": "Offals, Edible", "v": 0.07664613411270832}, {"l": "Meat, Other", "v": 0.0081634935741346157}, {"l": "Mutton & Goat Meat", "v": 0.13265677057968753}]}, {"source": 1, "prod": 116.0, "target": 12, "value": 0.080985391209833446, "supply": [{"l": "Demersal Fish", "v": 0.0048554112107598033}, {"l": "Freshwater Fish", "v": 0.016565918667512197}, {"l": "Pelagic Fish", "v": 0.016044157449637796}, {"l": "Marine Fish, Other", "v": 0.0031574504071859512}, {"l": "Fish, Seafood", "v": 0.040362453474737707}]}, {"source": 21, "prod": 447.0, "target": 7, "value": 1.5801367008675951, "supply": [{"l": "Honey", "v": 0.027168106614720001}, {"l": "Sweeteners, Other", "v": 0.077825305406750006}, {"l": "Sugar", "v": 1.4751432888461253}]}, {"source": 21, "prod": 215.0, "target": 16, "value": 2.2090309618059556, "supply": [{"l": "Oilcrops Oil, Other", "v": 0.20549125226101914}, {"l": "Coconut Oil", "v": 0.020549125226101913}, {"l": "Sunflowerseed Oil", "v": 1.9829905843188345}]}, {"source": 21, "prod": 117.0, "target": 17, "value": 0.96605753696899288, "supply": [{"l": "Fats, Animals, Raw", "v": 0.77374541864983382}, {"l": "Butter, Ghee", "v": 0.19231211831915915}]}, {"source": 21, "prod": 918.0, "target": 14, "value": 0.8545571007203332, "supply": [{"l": "Beer", "v": 0.15862025415582592}, {"l": "Beverages, Alcoholic", "v": 0.24867412401012037}, {"l": "Wine", "v": 0.44726272255438698}]}, {"source": 28, "prod": 0, "target": 2, "value": 0.01675524367781956, "supply": "[{\"l\":'Energy for power irrigation',\"v\":0.01675524367781956}]"}, {"source": 28, "prod": 0, "target": 13, "value": 0.0010930230561505203, "supply": "[{\"l\":'Energy for power irrigation',\"v\":0.0010930230561505203}]"}, {"source": 28, "prod": 0, "target": 3, "value": 0.061289268441220637, "supply": "[{\"l\":'Energy for power irrigation',\"v\":0.061289268441220637}]"}, {"source": 28, "prod": 0, "target": 4, "value": 0.080323865077598006, "supply": "[{\"l\":'Energy for power irrigation',\"v\":0.080323865077598006}]"}, {"source": 28, "prod": 0, "target": 5, "value": 0.063941848784805438, "supply": "[{\"l\":'Energy for power irrigation',\"v\":0.063941848784805438}]"}, {"source": 28, "prod": 0, "target": 6, "value": 0.0055184334786136024, "supply": "[{\"l\":'Energy for power irrigation',\"v\":0.0055184334786136024}]"}, {"source": 28, "prod": 0, "target": 15, "value": 0.0010930230561505203, "supply": "[{\"l\":'Energy for power irrigation',\"v\":0.0010930230561505203}]"}, {"source": 28, "prod": 0, "target": 8, "value": 0.34082325027698357, "supply": "[{\"l\":'Energy for power irrigation',\"v\":0.34082325027698357}]"}, {"source": 28, "prod": 0, "target": 11, "value": 0.00025326143983975469, "supply": "[{\"l\":'Energy for power irrigation',\"v\":0.00025326143983975469}]"}, {"source": 28, "prod": 0, "target": 9, "value": 0.054731130104317516, "supply": "[{\"l\":'Energy for power irrigation',\"v\":0.054731130104317516}]"}, {"source": 28, "prod": 0, "target": 21, "value": 0.50465928724930709, "supply": "[{\"l\":'Electricity',\"v\":0.50465928724930709}]"}, {"source": 29, "prod": 0, "target": 28, "value": 2.4510416783798186, "supply": [{"l": "Coal", "v": 0.75284766930660396}, {"l": "Natural gas", "v": 1.4533199451179024}, {"l": "Oil", "v": 0.24487406395531214}]}, {"source": 30, "prod": 0, "target": 28, "value": 0.16744195747583268, "supply": [{"l": "Nuclear", "v": 0.0}, {"l": "Hydroelectric", "v": 0.16744195747583268}, {"l": "Renewable", "v": 0.0}]}, {"source": 29, "prod": 0, "target": 2, "value": 0.35650188346922879, "supply": [{"l": "Motor Gasoline", "v": 0.0047763364818084898}, {"l": "Gas-Diesel oil", "v": 0.33268538756259758}, {"l": "Natural gas (including LNG)", "v": 0.016338761364822693}, {"l": "Fuel oil", "v": 0.00075100799355905267}, {"l": "Liquefied petroleum gas (LPG)", "v": 0.00070341936822461762}, {"l": "Coal", "v": 0.0012469706982163676}]}, {"source": 29, "prod": 0, "target": 13, "value": 0.023256288340872521, "supply": [{"l": "Motor Gasoline", "v": 0.00031158280947358481}, {"l": "Gas-Diesel oil", "v": 0.021702626714505173}, {"l": "Natural gas (including LNG)", "v": 0.0010658539633376775}, {"l": "Fuel oil", "v": 4.8991770462881719e-05}, {"l": "Liquefied petroleum gas (LPG)", "v": 4.5887341443451586e-05}, {"l": "Coal", "v": 8.1345741649755079e-05}]}, {"source": 29, "prod": 0, "target": 3, "value": 1.3040538267235593, "supply": [{"l": "Motor Gasoline", "v": 0.017471436072677354}, {"l": "Gas-Diesel oil", "v": 1.2169350930889609}, {"l": "Natural gas (including LNG)", "v": 0.059765811261300504}, {"l": "Fuel oil", "v": 0.0027471239096137825}, {"l": "Liquefied petroleum gas (LPG)", "v": 0.0025730487311828097}, {"l": "Coal", "v": 0.0045613136598240721}]}, {"source": 29, "prod": 0, "target": 4, "value": 1.709053579781681, "supply": [{"l": "Motor Gasoline", "v": 0.022897536705949056}, {"l": "Gas-Diesel oil", "v": 1.5948783973366851}, {"l": "Natural gas (including LNG)", "v": 0.078327268086254218}, {"l": "Fuel oil", "v": 0.0036002976684064059}, {"l": "Liquefied petroleum gas (LPG)", "v": 0.0033721599943687722}, {"l": "Coal", "v": 0.0059779199900173684}]}, {"source": 29, "prod": 0, "target": 5, "value": 1.3604928679410426, "supply": [{"l": "Motor Gasoline", "v": 0.018227594354204714}, {"l": "Gas-Diesel oil", "v": 1.2696036627985525}, {"l": "Natural gas (including LNG)", "v": 0.062352456855254139}, {"l": "Fuel oil", "v": 0.0028660185720785808}, {"l": "Liquefied petroleum gas (LPG)", "v": 0.0026844094744419181}, {"l": "Coal", "v": 0.0047587258865106731}]}, {"source": 29, "prod": 0, "target": 6, "value": 0.11741589479416127, "supply": [{"l": "Motor Gasoline", "v": 0.0015731132088056599}, {"l": "Gas-Diesel oil", "v": 0.1095717982903066}, {"l": "Natural gas (including LNG)", "v": 0.0053812626929487621}, {"l": "Fuel oil", "v": 0.00024734869477601259}, {"l": "Liquefied petroleum gas (LPG)", "v": 0.00023167511411693851}, {"l": "Coal", "v": 0.00041069679320730003}]}, {"source": 29, "prod": 0, "target": 15, "value": 0.023256288340872521, "supply": [{"l": "Motor Gasoline", "v": 0.00031158280947358481}, {"l": "Gas-Diesel oil", "v": 0.021702626714505173}, {"l": "Natural gas (including LNG)", "v": 0.0010658539633376775}, {"l": "Fuel oil", "v": 4.8991770462881719e-05}, {"l": "Liquefied petroleum gas (LPG)", "v": 4.5887341443451586e-05}, {"l": "Coal", "v": 8.1345741649755079e-05}]}, {"source": 29, "prod": 0, "target": 8, "value": 7.2517077632654825, "supply": [{"l": "Motor Gasoline", "v": 0.097156839700366968}, {"l": "Gas-Diesel oil", "v": 6.7672495422339365}, {"l": "Natural gas (including LNG)", "v": 0.33235146327537901}, {"l": "Fuel oil", "v": 0.015276470475188082}, {"l": "Liquefied petroleum gas (LPG)", "v": 0.014308456504483095}, {"l": "Coal", "v": 0.02536499107612912}]}, {"source": 29, "prod": 0, "target": 11, "value": 0.0053886521765436337, "supply": [{"l": "Motor Gasoline", "v": 7.2196016829245271e-05}, {"l": "Gas-Diesel oil", "v": 0.0050286574094585154}, {"l": "Natural gas (including LNG)", "v": 0.00024696616223677896}, {"l": "Fuel oil", "v": 1.1351751692618935e-05}, {"l": "Liquefied petroleum gas (LPG)", "v": 1.0632432773482685e-05}, {"l": "Coal", "v": 1.8848403552992035e-05}]}, {"source": 29, "prod": 0, "target": 9, "value": 1.1645160966783241, "supply": [{"l": "Motor Gasoline", "v": 0.015601939215835846}, {"l": "Gas-Diesel oil", "v": 1.0867193328019298}, {"l": "Natural gas (including LNG)", "v": 0.053370687481274444}, {"l": "Fuel oil", "v": 0.002453173286836492}, {"l": "Liquefied petroleum gas (LPG)", "v": 0.0022977246825221002}, {"l": "Coal", "v": 0.0040732392099255416}]}, {"source": 31, "prod": 7.1311555006601637, "target": 2, "value": 0.084180961884287572, "supply": [{"l": "Potash", "v": 0.030253888913092001}, {"l": "Phosphate", "v": 0.4633375003706699}, {"l": "Nitrogen", "v": 2.65117361323205}]}, {"source": 31, "prod": 0.46519868818944582, "target": 13, "value": 0.0054915185954746062, "supply": [{"l": "Potash", "v": 0.030253888913092001}, {"l": "Phosphate", "v": 0.4633375003706699}, {"l": "Nitrogen", "v": 2.65117361323205}]}, {"source": 31, "prod": 26.085165467013073, "target": 3, "value": 0.30792685978039319, "supply": [{"l": "Potash", "v": 0.030253888913092001}, {"l": "Phosphate", "v": 0.4633375003706699}, {"l": "Nitrogen", "v": 2.65117361323205}]}, {"source": 31, "prod": 34.186430427190253, "target": 4, "value": 0.40355964702841446, "supply": [{"l": "Potash", "v": 0.030253888913092001}, {"l": "Phosphate", "v": 0.4633375003706699}, {"l": "Nitrogen", "v": 2.65117361323205}]}, {"source": 31, "prod": 27.214123259082584, "target": 5, "value": 0.32125383783526451, "supply": [{"l": "Potash", "v": 0.030253888913092001}, {"l": "Phosphate", "v": 0.4633375003706699}, {"l": "Nitrogen", "v": 2.65117361323205}]}, {"source": 31, "prod": 2.3486860598832995, "target": 6, "value": 0.027725471933249844, "supply": [{"l": "Potash", "v": 0.030253888913092001}, {"l": "Phosphate", "v": 0.4633375003706699}, {"l": "Nitrogen", "v": 2.65117361323205}]}, {"source": 31, "prod": 0.46519868818944582, "target": 15, "value": 0.0054915185954746062, "supply": [{"l": "Potash", "v": 0.030253888913092001}, {"l": "Phosphate", "v": 0.4633375003706699}, {"l": "Nitrogen", "v": 2.65117361323205}]}, {"source": 31, "prod": 145.05689339409685, "target": 8, "value": 1.7123492557035394, "supply": [{"l": "Potash", "v": 0.030253888913092001}, {"l": "Phosphate", "v": 0.4633375003706699}, {"l": "Nitrogen", "v": 2.65117361323205}]}, {"source": 31, "prod": 0.10778993994633501, "target": 11, "value": 0.0012724250404148479, "supply": [{"l": "Potash", "v": 0.030253888913092001}, {"l": "Phosphate", "v": 0.4633375003706699}, {"l": "Nitrogen", "v": 2.65117361323205}]}, {"source": 31, "prod": 23.293973337876398, "target": 9, "value": 0.27497774820754556, "supply": [{"l": "Potash", "v": 0.030253888913092001}, {"l": "Phosphate", "v": 0.4633375003706699}, {"l": "Nitrogen", "v": 2.65117361323205}]}, {"source": 29, "prod": 0, "target": 31, "value": 3.7146945490157726, "supply": [{"l": "Natural gas (including LNG)", "v": 2.5505093466657511}, {"l": "Fuel oil", "v": 0.69553409727877269}, {"l": "Liquefied petroleum gas (LPG)", "v": 0.23432555253562432}, {"l": "Coal", "v": 0.23432555253562432}]}, {"source": 32, "prod": 0, "target": 5, "value": 0.25216331753196347, "supply": "[{\"l\":'Labor',\"v\":0.25216331753196347}]"}, {"source": 32, "prod": 0, "target": 2, "value": 0.066076566632828446, "supply": "[{\"l\":'Labor',\"v\":0.066076566632828446}]"}, {"source": 32, "prod": 0, "target": 13, "value": 0.0043104840603754432, "supply": "[{\"l\":'Labor',\"v\":0.0043104840603754432}]"}, {"source": 32, "prod": 0, "target": 18, "value": 0.00042053503028053105, "supply": "[{\"l\":'Labor',\"v\":0.00042053503028053105}]"}, {"source": 32, "prod": 0, "target": 3, "value": 0.24170250865373524, "supply": "[{\"l\":'Labor',\"v\":0.24170250865373524}]"}, {"source": 32, "prod": 0, "target": 4, "value": 0.31676801155881007, "supply": "[{\"l\":'Labor',\"v\":0.31676801155881007}]"}, {"source": 32, "prod": 0, "target": 15, "value": 0.0043104840603754432, "supply": "[{\"l\":'Labor',\"v\":0.0043104840603754432}]"}, {"source": 32, "prod": 0, "target": 6, "value": 0.021762687817017481, "supply": "[{\"l\":'Labor',\"v\":0.021762687817017481}]"}, {"source": 32, "prod": 0, "target": 8, "value": 1.3440825236553624, "supply": "[{\"l\":'Labor',\"v\":1.3440825236553624}]"}, {"source": 32, "prod": 0, "target": 11, "value": 0.00099877069691626142, "supply": "[{\"l\":'Labor',\"v\":0.00099877069691626142}]"}, {"source": 32, "prod": 0, "target": 9, "value": 0.21583960429148258, "supply": "[{\"l\":'Labor',\"v\":0.21583960429148258}]"}, {"source": 29, "prod": 0, "target": 24, "value": 10.44948531821891, "supply": "[{\"l\":'Fossil Fuels',\"v\":10.44948531821891}]"}, {"source": 30, "prod": 0, "target": 24, "value": 0.4776048299092972, "supply": "[{\"l\":'Renewables & Nuclear',\"v\":0.13420980212253153},{\"l\":'Biomass & Waste',\"v\":0.34339502778676567}]"}]}