{"nodes": [{"layer": 5, "name": "Maize"}, {"layer": 10, "name": "Feed", "fill": "#dbdb8d"}, {"layer": 5, "name": "Vegetables, Other"}, {"layer": 5, "name": "Wheat"}, {"layer": 5, "name": "Oats"}, {"layer": 5, "name": "Potatoes"}, {"layer": 5, "name": "Rye"}, {"layer": 5, "name": "Fruits, Other"}, {"layer": 5, "name": "Peas"}, {"layer": 13, "name": "Sugar", "fill": "#d6616b"}, {"layer": 13, "name": "Milk - Excluding Butter"}, {"layer": 13, "name": "Fish, Body Oil"}, {"layer": 13, "name": "Pelagic Fish"}, {"layer": 5, "name": "Beans"}, {"layer": 5, "name": "Barley"}, {"layer": 13, "name": "Fish, Seafood"}, {"layer": 5, "name": "Sugar beet"}, {"layer": 5, "name": "Oilcrops, Other"}, {"layer": 5, "name": "Sorghum"}, {"layer": 16, "name": "Food", "fill": "#b5cf6b"}, {"layer": 5, "name": "Olives"}, {"layer": 5, "name": "Nuts"}, {"layer": 13, "name": "Beer"}, {"layer": 5, "name": "Grapefruit"}, {"layer": 13, "name": "Beverages, Alcoholic"}, {"layer": 5, "name": "Rice"}, {"layer": 13, "name": "Butter, Ghee"}, {"layer": 5, "name": "Tomatoes"}, {"layer": 13, "name": "Fats, Animals, Raw"}, {"layer": 5, "name": "Pepper"}, {"layer": 13, "name": "Soyabean Oil"}, {"layer": 5, "name": "Treenuts"}, {"layer": 13, "name": "Eggs"}, {"layer": 13, "name": "Marine Fish, Other"}, {"layer": 5, "name": "Grapes"}, {"layer": 5, "name": "Pimento"}, {"layer": 5, "name": "Rape and Mustardseed"}, {"layer": 13, "name": "Wine"}, {"layer": 13, "name": "Sunflowerseed Oil"}, {"layer": 13, "name": "Pigmeat"}, {"layer": 13, "name": "Poultry Meat"}, {"layer": 5, "name": "Cocoa Beans"}, {"layer": 13, "name": "Freshwater Fish"}, {"layer": 5, "name": "Groundnuts"}, {"layer": 5, "name": "Coffee"}, {"layer": 5, "name": "Pulses, Other"}, {"layer": 13, "name": "Meat, Other"}, {"layer": 5, "name": "Lemons, Limes"}, {"layer": 13, "name": "Cephalopods"}, {"layer": 13, "name": "Mutton & Goat Meat"}, {"layer": 13, "name": "Sweeteners, Other"}, {"layer": 5, "name": "Bananas"}, {"layer": 13, "name": "Bovine Meat"}, {"layer": 13, "name": "Honey"}, {"layer": 13, "name": "Offals, Edible"}, {"layer": 13, "name": "Demersal Fish"}, {"layer": 5, "name": "Oranges, Mandarines"}, {"layer": 5, "name": "Onions"}, {"layer": 5, "name": "Apples"}, {"layer": 5, "name": "Sunflower seed"}, {"layer": 10, "name": "Processing", "fill": "#9edae5"}, {"layer": 5, "name": "Soyabeans"}, {"layer": 16, "name": "Biofuels & Other", "fill": "#e7ba52"}, {"layer": 13, "name": "Rape and Mustard Oil"}, {"layer": 13, "name": "Oilcrops Oil, Other"}, {"layer": 13, "name": "Coconut Oil"}, {"name": "Seed", "fill": "#dbdb8d"}, {"name": "Waste", "fill": "#c7c7c7"}, {"layer": 0, "name": "Import", "fill": "#aec7e8"}, {"layer": 16, "name": "Export", "fill": "#aec7e8"}, {"layer": 16, "name": "Stock Deposit", "fill": "#c7c7c7"}, {"layer": 0, "name": "Stock Draw", "fill": "#c7c7c7"}, {"layer": 5, "name": "Cottonseed"}, {"layer": 0, "name": "Production", "fill": "#b5cf6b"}], "links": [{"source": 0, "prod": 28.974130522039278, "target": 1, "value": 8570.0, "supply": [{"l": "Maize", "v": 8570.0}]}, {"source": 2, "prod": 0.069071898307665053, "target": 1, "value": 271.0, "supply": [{"l": "Vegetables, Other", "v": 271.0}]}, {"source": 3, "prod": 4.1981872062184928, "target": 1, "value": 1363.0, "supply": [{"l": "Wheat", "v": 1363.0}]}, {"source": 4, "prod": 0.15829417437009483, "target": 1, "value": 49.0, "supply": [{"l": "Oats", "v": 49.0}]}, {"source": 5, "prod": 1.391262136359928, "target": 1, "value": 1789.0, "supply": [{"l": "Potatoes", "v": 1789.0}]}, {"source": 6, "prod": 0.06295979763242697, "target": 1, "value": 22.0, "supply": [{"l": "Rye", "v": 22.0}]}, {"source": 7, "prod": 0.02384239779419622, "target": 1, "value": 39.0, "supply": [{"l": "Fruits, Other", "v": 39.0}]}, {"source": 8, "prod": 0.029388576866884616, "target": 1, "value": 9.0, "supply": [{"l": "Peas", "v": 9.0}]}, {"source": 9, "prod": 0.13671514172436192, "target": 1, "value": 33.0, "supply": [{"l": "Sugar", "v": 33.0}]}, {"source": 10, "prod": 0.42536169041294852, "target": 1, "value": 617.0, "supply": [{"l": "Milk - Excluding Butter", "v": 617.0}]}, {"source": 11, "prod": 0.0082788823298381373, "target": 1, "value": 1.0, "supply": [{"l": "Fish, Body Oil", "v": 1.0}]}, {"source": 12, "prod": 0.36048407592364112, "target": 1, "value": 351.0, "supply": [{"l": "Pelagic Fish", "v": 351.0}]}, {"source": 13, "prod": 0.023551119817982875, "target": 1, "value": 6.0, "supply": [{"l": "Beans", "v": 6.0}]}, {"source": 14, "prod": 5.4681570516915254, "target": 1, "value": 1900.0, "supply": [{"l": "Barley", "v": 1900.0}]}, {"source": 15, "prod": 0.37805991644131121, "target": 1, "value": 351.0, "supply": [{"l": "Fish, Seafood", "v": 351.0}]}, {"source": 16, "prod": 1.9188288852199999, "target": 1, "value": 1651.0, "supply": [{"l": "Sugar beet", "v": 1651.0}]}, {"source": 17, "prod": 0.0062327625542202393, "target": 1, "value": 2.0, "supply": [{"l": "Oilcrops, Other", "v": 2.0}]}, {"source": 18, "prod": 0.58148880380851165, "target": 1, "value": 180.0, "supply": [{"l": "Sorghum", "v": 180.0}]}, {"source": 0, "prod": 2.6168001194933961, "target": 19, "value": 774.0, "supply": [{"l": "Maize", "v": 774.0}]}, {"source": 20, "prod": 0.019709005914696431, "target": 19, "value": 13.0, "supply": [{"l": "Olives", "v": 13.0}]}, {"source": 6, "prod": 0.11447235933168541, "target": 19, "value": 40.0, "supply": [{"l": "Rye", "v": 40.0}]}, {"source": 21, "prod": 0.11435555080175512, "target": 19, "value": 44.0, "supply": [{"l": "Nuts", "v": 44.0}]}, {"source": 9, "prod": 2.7218741852395691, "target": 19, "value": 657.0, "supply": [{"l": "Sugar", "v": 657.0}]}, {"source": 22, "prod": 0.54776553050492727, "target": 19, "value": 966.0, "supply": [{"l": "Beer", "v": 966.0}]}, {"source": 23, "prod": 0.0092977777600000006, "target": 19, "value": 8.0, "supply": [{"l": "Grapefruit", "v": 8.0}]}, {"source": 24, "prod": 0.51959501120758422, "target": 19, "value": 152.0, "supply": [{"l": "Beverages, Alcoholic", "v": 152.0}]}, {"source": 25, "prod": 0.35756513113831739, "target": 19, "value": 88.0, "supply": [{"l": "Rice", "v": 88.0}]}, {"source": 26, "prod": 0.26785457225780285, "target": 19, "value": 32.0, "supply": [{"l": "Butter, Ghee", "v": 32.0}]}, {"source": 27, "prod": 0.22670437490165146, "target": 19, "value": 1079.0, "supply": [{"l": "Tomatoes", "v": 1079.0}]}, {"source": 28, "prod": 1.1216613708969312, "target": 19, "value": 137.0, "supply": [{"l": "Fats, Animals, Raw", "v": 137.0}]}, {"source": 29, "prod": 0.0011622222200000001, "target": 19, "value": 1.0, "supply": [{"l": "Pepper", "v": 1.0}]}, {"source": 3, "prod": 9.3604482169464411, "target": 19, "value": 3039.0, "supply": [{"l": "Wheat", "v": 3039.0}]}, {"source": 30, "prod": 0.71693614677733342, "target": 19, "value": 70.0, "supply": [{"l": "Soyabean Oil", "v": 70.0}]}, {"source": 31, "prod": 0.11320044422800001, "target": 19, "value": 44.0, "supply": [{"l": "Treenuts", "v": 44.0}]}, {"source": 32, "prod": 0.46278806011991269, "target": 19, "value": 279.0, "supply": [{"l": "Eggs", "v": 279.0}]}, {"source": 2, "prod": 0.46285818201741596, "target": 19, "value": 1816.0, "supply": [{"l": "Vegetables, Other", "v": 1816.0}]}, {"source": 8, "prod": 0.0097961922889615374, "target": 19, "value": 3.0, "supply": [{"l": "Peas", "v": 3.0}]}, {"source": 33, "prod": 0.028300111057000001, "target": 19, "value": 36.0, "supply": [{"l": "Marine Fish, Other", "v": 36.0}]}, {"source": 34, "prod": 0.11344441070262931, "target": 19, "value": 155.0, "supply": [{"l": "Grapes", "v": 155.0}]}, {"source": 35, "prod": 0.077517695503956541, "target": 19, "value": 21.0, "supply": [{"l": "Pimento", "v": 21.0}]}, {"source": 36, "prod": 0.0062327625542202393, "target": 19, "value": 2.0, "supply": [{"l": "Rape and Mustardseed", "v": 2.0}]}, {"source": 37, "prod": 0.60417561489453109, "target": 19, "value": 763.0, "supply": [{"l": "Wine", "v": 763.0}]}, {"source": 38, "prod": 1.9867266186031352, "target": 19, "value": 193.0, "supply": [{"l": "Sunflowerseed Oil", "v": 193.0}]}, {"source": 39, "prod": 1.3602575332595015, "target": 19, "value": 816.0, "supply": [{"l": "Pigmeat", "v": 816.0}]}, {"source": 40, "prod": 0.44336840655966658, "target": 19, "value": 308.0, "supply": [{"l": "Poultry Meat", "v": 308.0}]}, {"source": 41, "prod": 0.019132469446985916, "target": 19, "value": 16.0, "supply": [{"l": "Cocoa Beans", "v": 16.0}]}, {"source": 5, "prod": 1.208508306262341, "target": 19, "value": 1554.0, "supply": [{"l": "Potatoes", "v": 1554.0}]}, {"source": 42, "prod": 0.066033592466333321, "target": 19, "value": 50.0, "supply": [{"l": "Freshwater Fish", "v": 50.0}]}, {"source": 43, "prod": 0.0094333703523333343, "target": 19, "value": 2.0, "supply": [{"l": "Groundnuts", "v": 2.0}]}, {"source": 44, "prod": 0.0094333703523333326, "target": 19, "value": 14.0, "supply": [{"l": "Coffee", "v": 14.0}]}, {"source": 10, "prod": 2.8237949496457655, "target": 19, "value": 4096.0, "supply": [{"l": "Milk - Excluding Butter", "v": 4096.0}]}, {"source": 13, "prod": 0.25513713136148114, "target": 19, "value": 65.0, "supply": [{"l": "Beans", "v": 65.0}]}, {"source": 45, "prod": 0.0097961922889615374, "target": 19, "value": 3.0, "supply": [{"l": "Pulses, Other", "v": 3.0}]}, {"source": 15, "prod": 0.16048697307622611, "target": 19, "value": 149.0, "supply": [{"l": "Fish, Seafood", "v": 149.0}]}, {"source": 46, "prod": 0.0090964642683214296, "target": 19, "value": 9.0, "supply": [{"l": "Meat, Other", "v": 9.0}]}, {"source": 47, "prod": 0.0094723512215578506, "target": 19, "value": 27.0, "supply": [{"l": "Lemons, Limes", "v": 27.0}]}, {"source": 48, "prod": 0.0010770937790350746, "target": 19, "value": 1.0, "supply": [{"l": "Cephalopods", "v": 1.0}]}, {"source": 49, "prod": 0.20663960401102588, "target": 19, "value": 77.0, "supply": [{"l": "Mutton & Goat Meat", "v": 77.0}]}, {"source": 50, "prod": 0.047166851761666663, "target": 19, "value": 10.0, "supply": [{"l": "Sweeteners, Other", "v": 10.0}]}, {"source": 12, "prod": 0.056486108762963713, "target": 19, "value": 55.0, "supply": [{"l": "Pelagic Fish", "v": 55.0}]}, {"source": 51, "prod": 0.002927597695551724, "target": 19, "value": 4.0, "supply": [{"l": "Bananas", "v": 4.0}]}, {"source": 52, "prod": 0.40626479304652952, "target": 19, "value": 215.0, "supply": [{"l": "Bovine Meat", "v": 215.0}]}, {"source": 7, "prod": 0.30200370539315213, "target": 19, "value": 494.0, "supply": [{"l": "Fruits, Other", "v": 494.0}]}, {"source": 53, "prod": 0.026810631527684214, "target": 19, "value": 8.0, "supply": [{"l": "Honey", "v": 8.0}]}, {"source": 54, "prod": 0.066033592466333349, "target": 19, "value": 54.0, "supply": [{"l": "Offals, Edible", "v": 54.0}]}, {"source": 55, "prod": 0.0063610341366651365, "target": 19, "value": 7.0, "supply": [{"l": "Demersal Fish", "v": 7.0}]}, {"source": 56, "prod": 0.018866740704666669, "target": 19, "value": 42.0, "supply": [{"l": "Oranges, Mandarines", "v": 42.0}]}, {"source": 57, "prod": 0.16067688536416413, "target": 19, "value": 346.0, "supply": [{"l": "Onions", "v": 346.0}]}, {"source": 58, "prod": 0.17004445767917445, "target": 19, "value": 310.0, "supply": [{"l": "Apples", "v": 310.0}]}, {"source": 59, "prod": 2.6987861859773634, "target": 60, "value": 866.0, "supply": [{"l": "Sunflower seed", "v": 866.0}]}, {"source": 0, "prod": 0.26370853917375303, "target": 60, "value": 78.0, "supply": [{"l": "Maize", "v": 78.0}]}, {"source": 28, "prod": 0.0081873092766199355, "target": 60, "value": 1.0, "supply": [{"l": "Fats, Animals, Raw", "v": 1.0}]}, {"source": 61, "prod": 1.6392165517599231, "target": 60, "value": 526.0, "supply": [{"l": "Soyabeans", "v": 526.0}]}, {"source": 7, "prod": 0.25737562747068227, "target": 60, "value": 421.0, "supply": [{"l": "Fruits, Other", "v": 421.0}]}, {"source": 36, "prod": 0.031163812771101192, "target": 60, "value": 10.0, "supply": [{"l": "Rape and Mustardseed", "v": 10.0}]}, {"source": 14, "prod": 0.6158871626642034, "target": 60, "value": 214.0, "supply": [{"l": "Barley", "v": 214.0}]}, {"source": 34, "prod": 0.95000545220653454, "target": 60, "value": 1298.0, "supply": [{"l": "Grapes", "v": 1298.0}]}, {"source": 16, "prod": 5.1811866567599996, "target": 60, "value": 4458.0, "supply": [{"l": "Sugar beet", "v": 4458.0}]}, {"source": 17, "prod": 0.17140097024105658, "target": 60, "value": 55.0, "supply": [{"l": "Oilcrops, Other", "v": 55.0}]}, {"source": 58, "prod": 0.032363300009907399, "target": 60, "value": 59.0, "supply": [{"l": "Apples", "v": 59.0}]}, {"source": 0, "prod": 0.37865841522385052, "target": 62, "value": 112.0, "supply": [{"l": "Maize", "v": 112.0}]}, {"source": 50, "prod": 0.18866740704666665, "target": 62, "value": 40.0, "supply": [{"l": "Sweeteners, Other", "v": 40.0}]}, {"source": 12, "prod": 0.01643232254922581, "target": 62, "value": 16.0, "supply": [{"l": "Pelagic Fish", "v": 16.0}]}, {"source": 3, "prod": 0.85010980844923256, "target": 62, "value": 276.0, "supply": [{"l": "Wheat", "v": 276.0}]}, {"source": 34, "prod": 0.00073189942388793099, "target": 62, "value": 1.0, "supply": [{"l": "Grapes", "v": 1.0}]}, {"source": 30, "prod": 0.25604862384904764, "target": 62, "value": 25.0, "supply": [{"l": "Soyabean Oil", "v": 25.0}]}, {"source": 28, "prod": 0.10643502059605915, "target": 62, "value": 13.0, "supply": [{"l": "Fats, Animals, Raw", "v": 13.0}]}, {"source": 5, "prod": 0.1298718707502001, "target": 62, "value": 167.0, "supply": [{"l": "Potatoes", "v": 167.0}]}, {"source": 32, "prod": 0.028198555634546655, "target": 62, "value": 17.0, "supply": [{"l": "Eggs", "v": 17.0}]}, {"source": 22, "prod": 0.017011351879035009, "target": 62, "value": 30.0, "supply": [{"l": "Beer", "v": 30.0}]}, {"source": 63, "prod": 0.041071730515210188, "target": 62, "value": 4.0, "supply": [{"l": "Rape and Mustard Oil", "v": 4.0}]}, {"source": 40, "prod": 0.059019820353721858, "target": 62, "value": 41.0, "supply": [{"l": "Poultry Meat", "v": 41.0}]}, {"source": 54, "prod": 0.088044789955111113, "target": 62, "value": 72.0, "supply": [{"l": "Offals, Edible", "v": 72.0}]}, {"source": 24, "prod": 0.0034183882316288433, "target": 62, "value": 1.0, "supply": [{"l": "Beverages, Alcoholic", "v": 1.0}]}, {"source": 15, "prod": 0.017233500464561194, "target": 62, "value": 16.0, "supply": [{"l": "Fish, Seafood", "v": 16.0}]}, {"source": 17, "prod": 0.0031163812771101197, "target": 62, "value": 1.0, "supply": [{"l": "Oilcrops, Other", "v": 1.0}]}, {"source": 64, "prod": 0.34910970937928659, "target": 62, "value": 34.0, "supply": [{"l": "Oilcrops Oil, Other", "v": 34.0}]}, {"source": 9, "prod": 0.13671514172436192, "target": 62, "value": 33.0, "supply": [{"l": "Sugar", "v": 33.0}]}, {"source": 65, "prod": 0.010267932628802547, "target": 62, "value": 1.0, "supply": [{"l": "Coconut Oil", "v": 1.0}]}, {"source": 59, "prod": 0.012465525108440479, "target": 66, "value": 4.0, "supply": [{"l": "Sunflower seed", "v": 4.0}]}, {"source": 0, "prod": 0.4496568680783225, "target": 66, "value": 133.0, "supply": [{"l": "Maize", "v": 133.0}]}, {"source": 3, "prod": 1.6601782128773055, "target": 66, "value": 539.0, "supply": [{"l": "Wheat", "v": 539.0}]}, {"source": 4, "prod": 0.029074440190425582, "target": 66, "value": 9.0, "supply": [{"l": "Oats", "v": 9.0}]}, {"source": 61, "prod": 0.19321563918082738, "target": 66, "value": 62.0, "supply": [{"l": "Soyabeans", "v": 62.0}]}, {"source": 5, "prod": 0.55603824902031773, "target": 66, "value": 715.0, "supply": [{"l": "Potatoes", "v": 715.0}]}, {"source": 32, "prod": 0.043127202735188996, "target": 32, "value": 26.0, "supply": [{"l": "Eggs", "v": 26.0}]}, {"source": 6, "prod": 0.017170853899752807, "target": 66, "value": 6.0, "supply": [{"l": "Rye", "v": 6.0}]}, {"source": 8, "prod": 0.013061589718615384, "target": 66, "value": 4.0, "supply": [{"l": "Peas", "v": 4.0}]}, {"source": 13, "prod": 0.039251866363304792, "target": 66, "value": 10.0, "supply": [{"l": "Beans", "v": 10.0}]}, {"source": 14, "prod": 0.52379188600413562, "target": 66, "value": 182.0, "supply": [{"l": "Barley", "v": 182.0}]}, {"source": 17, "prod": 0.012465525108440479, "target": 66, "value": 4.0, "supply": [{"l": "Oilcrops, Other", "v": 4.0}]}, {"source": 25, "prod": 0.016252960506287151, "target": 66, "value": 4.0, "supply": [{"l": "Rice", "v": 4.0}]}, {"source": 18, "prod": 0.0032304933544917312, "target": 66, "value": 1.0, "supply": [{"l": "Sorghum", "v": 1.0}]}, {"source": 0, "prod": 5.8624436785549712, "target": 67, "value": 1734.0, "supply": [{"l": "Maize", "v": 1734.0}]}, {"source": 6, "prod": 0.0057236179665842704, "target": 67, "value": 2.0, "supply": [{"l": "Rye", "v": 2.0}]}, {"source": 7, "prod": 0.020174336595089111, "target": 67, "value": 33.0, "supply": [{"l": "Fruits, Other", "v": 33.0}]}, {"source": 9, "prod": 0.058000363155789901, "target": 67, "value": 14.0, "supply": [{"l": "Sugar", "v": 14.0}]}, {"source": 14, "prod": 0.33672335528837288, "target": 67, "value": 117.0, "supply": [{"l": "Barley", "v": 117.0}]}, {"source": 25, "prod": 0.0081264802531435757, "target": 67, "value": 2.0, "supply": [{"l": "Rice", "v": 2.0}]}, {"source": 27, "prod": 0.0073537100292472672, "target": 67, "value": 35.0, "supply": [{"l": "Tomatoes", "v": 35.0}]}, {"source": 59, "prod": 0.056094862987982143, "target": 67, "value": 18.0, "supply": [{"l": "Sunflower seed", "v": 18.0}]}, {"source": 3, "prod": 0.47125652424903108, "target": 67, "value": 153.0, "supply": [{"l": "Wheat", "v": 153.0}]}, {"source": 32, "prod": 0.018246124234118425, "target": 67, "value": 11.0, "supply": [{"l": "Eggs", "v": 11.0}]}, {"source": 2, "prod": 0.035428021641200888, "target": 67, "value": 139.0, "supply": [{"l": "Vegetables, Other", "v": 139.0}]}, {"source": 17, "prod": 0.0031163812771101197, "target": 67, "value": 1.0, "supply": [{"l": "Oilcrops, Other", "v": 1.0}]}, {"source": 49, "prod": 0.0053672624418448275, "target": 67, "value": 2.0, "supply": [{"l": "Mutton & Goat Meat", "v": 2.0}]}, {"source": 39, "prod": 0.065012308574902644, "target": 67, "value": 39.0, "supply": [{"l": "Pigmeat", "v": 39.0}]}, {"source": 4, "prod": 0.0032304933544917312, "target": 67, "value": 1.0, "supply": [{"l": "Oats", "v": 1.0}]}, {"source": 5, "prod": 0.24885627928182052, "target": 67, "value": 320.0, "supply": [{"l": "Potatoes", "v": 320.0}]}, {"source": 10, "prod": 0.065493291068444273, "target": 67, "value": 95.0, "supply": [{"l": "Milk - Excluding Butter", "v": 95.0}]}, {"source": 13, "prod": 0.015700746545321918, "target": 67, "value": 4.0, "supply": [{"l": "Beans", "v": 4.0}]}, {"source": 58, "prod": 0.0098735491555649677, "target": 67, "value": 18.0, "supply": [{"l": "Apples", "v": 18.0}]}, {"source": 47, "prod": 0.00035082782302066112, "target": 67, "value": 1.0, "supply": [{"l": "Lemons, Limes", "v": 1.0}]}, {"source": 37, "prod": 0.014253159984405713, "target": 67, "value": 18.0, "supply": [{"l": "Wine", "v": 18.0}]}, {"source": 52, "prod": 0.034012866394593173, "target": 67, "value": 18.0, "supply": [{"l": "Bovine Meat", "v": 18.0}]}, {"source": 56, "prod": 0.0013476243360476192, "target": 67, "value": 3.0, "supply": [{"l": "Oranges, Mandarines", "v": 3.0}]}, {"source": 68, "prod": 0.0015553517455113785, "target": 5, "value": 2.0, "supply": [{"l": "Potatoes", "v": 2.0}]}, {"source": 68, "prod": 0.040065325766089892, "target": 6, "value": 14.0, "supply": [{"l": "Rye", "v": 14.0}]}, {"source": 68, "prod": 0.28036356873345336, "target": 25, "value": 69.0, "supply": [{"l": "Rice", "v": 69.0}]}, {"source": 68, "prod": 0.30801080016276544, "target": 3, "value": 100.0, "supply": [{"l": "Wheat", "v": 100.0}]}, {"source": 68, "prod": 0.89422961563452963, "target": 1, "value": 864.0, "supply": [{"l": "Milk - Excluding Butter", "v": 136.0}, {"l": "Fish, Seafood", "v": 337.0}, {"l": "Pelagic Fish", "v": 303.0}, {"l": "Bovine Meat", "v": 46.0}, {"l": "Poultry Meat", "v": 3.0}, {"l": "Pigmeat", "v": 5.0}, {"l": "Marine Fish, Other", "v": 34.0}]}, {"source": 68, "prod": 0.002927597695551724, "target": 51, "value": 4.0, "supply": [{"l": "Bananas", "v": 4.0}]}, {"source": 68, "prod": 1.0252894401692294, "target": 61, "value": 329.0, "supply": [{"l": "Soyabeans", "v": 329.0}]}, {"source": 68, "prod": 0.49213413465223732, "target": 14, "value": 171.0, "supply": [{"l": "Barley", "v": 171.0}]}, {"source": 68, "prod": 0.72227843088916477, "target": 60, "value": 167.0, "supply": [{"l": "Coconut Oil", "v": 1.0}, {"l": "Sugar", "v": 135.0}, {"l": "Beer", "v": 12.0}, {"l": "Oilcrops Oil, Other", "v": 9.0}, {"l": "Butter, Ghee", "v": 1.0}, {"l": "Wine", "v": 5.0}, {"l": "Sunflowerseed Oil", "v": 4.0}]}, {"source": 68, "prod": 0.0011622222200000001, "target": 29, "value": 1.0, "supply": [{"l": "Pepper", "v": 1.0}]}, {"source": 68, "prod": 0.0098231790445785123, "target": 47, "value": 28.0, "supply": [{"l": "Lemons, Limes", "v": 28.0}]}, {"source": 68, "prod": 0.0092977777600000006, "target": 23, "value": 8.0, "supply": [{"l": "Grapefruit", "v": 8.0}]}, {"source": 68, "prod": 0.0094333703523333326, "target": 44, "value": 14.0, "supply": [{"l": "Coffee", "v": 14.0}]}, {"source": 68, "prod": 0.019132469446985916, "target": 41, "value": 16.0, "supply": [{"l": "Cocoa Beans", "v": 16.0}]}, {"source": 68, "prod": 0.023358821824825401, "target": 56, "value": 52.0, "supply": [{"l": "Oranges, Mandarines", "v": 52.0}]}, {"source": 68, "prod": 3.4586389176249916, "target": 0, "value": 1023.0, "supply": [{"l": "Maize", "v": 1023.0}]}, {"source": 68, "prod": 0.48134350981926793, "target": 18, "value": 149.0, "supply": [{"l": "Sorghum", "v": 149.0}]}, {"source": 68, "prod": 0.0051232959672155177, "target": 34, "value": 7.0, "supply": [{"l": "Grapes", "v": 7.0}]}, {"source": 68, "prod": 0.0094333703523333343, "target": 43, "value": 2.0, "supply": [{"l": "Groundnuts", "v": 2.0}]}, {"source": 68, "prod": 0.019709005914696431, "target": 20, "value": 13.0, "supply": [{"l": "Olives", "v": 13.0}]}, {"source": 68, "prod": 0.0097961922889615374, "target": 45, "value": 3.0, "supply": [{"l": "Pulses, Other", "v": 3.0}]}, {"source": 0, "prod": 0.93988428064491458, "target": 69, "value": 278.0, "supply": [{"l": "Maize", "v": 278.0}]}, {"source": 7, "prod": 0.069081819249850587, "target": 69, "value": 113.0, "supply": [{"l": "Fruits, Other", "v": 113.0}]}, {"source": 9, "prod": 0.029000181577894951, "target": 69, "value": 7.0, "supply": [{"l": "Sugar", "v": 7.0}]}, {"source": 24, "prod": 0.051275823474432644, "target": 69, "value": 15.0, "supply": [{"l": "Beverages, Alcoholic", "v": 15.0}]}, {"source": 53, "prod": 0.020107973645763159, "target": 69, "value": 6.0, "supply": [{"l": "Honey", "v": 6.0}]}, {"source": 26, "prod": 0.075334098447507047, "target": 69, "value": 9.0, "supply": [{"l": "Butter, Ghee", "v": 9.0}]}, {"source": 27, "prod": 0.053366924212251601, "target": 69, "value": 254.0, "supply": [{"l": "Tomatoes", "v": 254.0}]}, {"source": 28, "prod": 0.24561927829859806, "target": 69, "value": 30.0, "supply": [{"l": "Fats, Animals, Raw", "v": 30.0}]}, {"source": 3, "prod": 0.92711250848992388, "target": 69, "value": 301.0, "supply": [{"l": "Wheat", "v": 301.0}]}, {"source": 32, "prod": 0.041468464168450965, "target": 69, "value": 25.0, "supply": [{"l": "Eggs", "v": 25.0}]}, {"source": 2, "prod": 0.035173143787667074, "target": 69, "value": 138.0, "supply": [{"l": "Vegetables, Other", "v": 138.0}]}, {"source": 34, "prod": 0.029275976955517244, "target": 69, "value": 40.0, "supply": [{"l": "Grapes", "v": 40.0}]}, {"source": 35, "prod": 0.0036913188335217393, "target": 69, "value": 1.0, "supply": [{"l": "Pimento", "v": 1.0}]}, {"source": 37, "prod": 0.071265799922028569, "target": 69, "value": 90.0, "supply": [{"l": "Wine", "v": 90.0}]}, {"source": 38, "prod": 1.5029123643319053, "target": 69, "value": 146.0, "supply": [{"l": "Sunflowerseed Oil", "v": 146.0}]}, {"source": 39, "prod": 0.12502367033635126, "target": 69, "value": 75.0, "supply": [{"l": "Pigmeat", "v": 75.0}]}, {"source": 5, "prod": 0.014775841582358095, "target": 69, "value": 19.0, "supply": [{"l": "Potatoes", "v": 19.0}]}, {"source": 10, "prod": 0.036538362385553122, "target": 69, "value": 53.0, "supply": [{"l": "Milk - Excluding Butter", "v": 53.0}]}, {"source": 13, "prod": 0.011775559908991437, "target": 69, "value": 3.0, "supply": [{"l": "Beans", "v": 3.0}]}, {"source": 58, "prod": 0.069663374597597277, "target": 69, "value": 127.0, "supply": [{"l": "Apples", "v": 127.0}]}, {"source": 49, "prod": 0.016101787325534484, "target": 69, "value": 6.0, "supply": [{"l": "Mutton & Goat Meat", "v": 6.0}]}, {"source": 52, "prod": 0.25509649795944878, "target": 69, "value": 135.0, "supply": [{"l": "Bovine Meat", "v": 135.0}]}, {"source": 40, "prod": 0.038866710964646105, "target": 69, "value": 27.0, "supply": [{"l": "Poultry Meat", "v": 27.0}]}, {"source": 54, "prod": 0.0024456886098641979, "target": 69, "value": 2.0, "supply": [{"l": "Offals, Edible", "v": 2.0}]}, {"source": 36, "prod": 0.0062327625542202393, "target": 69, "value": 2.0, "supply": [{"l": "Rape and Mustardseed", "v": 2.0}]}, {"source": 56, "prod": 0.003144456784111111, "target": 69, "value": 7.0, "supply": [{"l": "Oranges, Mandarines", "v": 7.0}]}, {"source": 57, "prod": 0.0065013768644459459, "target": 69, "value": 14.0, "supply": [{"l": "Onions", "v": 14.0}]}, {"source": 25, "prod": 0.056885361772005032, "target": 70, "value": 14.0, "supply": [{"l": "Rice", "v": 14.0}]}, {"source": 71, "prod": 0.032653974296538463, "target": 8, "value": 10.0, "supply": [{"l": "Peas", "v": 10.0}]}, {"source": 72, "prod": 0.0031163812771101197, "target": 70, "value": 1.0, "supply": [{"l": "Cottonseed", "v": 1.0}]}, {"source": 0, "prod": 3.762918001287014, "target": 70, "value": 1113.0, "supply": [{"l": "Maize", "v": 1113.0}]}, {"source": 71, "prod": 0.57559547912542375, "target": 14, "value": 200.0, "supply": [{"l": "Barley", "v": 200.0}]}, {"source": 71, "prod": 3.0801080016276541, "target": 3, "value": 1000.0, "supply": [{"l": "Wheat", "v": 1000.0}]}, {"source": 7, "prod": 0.041571360256547257, "target": 70, "value": 68.0, "supply": [{"l": "Fruits, Other", "v": 68.0}]}, {"source": 71, "prod": 0.021814668939770833, "target": 17, "value": 7.0, "supply": [{"l": "Oilcrops, Other", "v": 7.0}]}, {"source": 71, "prod": 0.47239820346752642, "target": 60, "value": 68.0, "supply": [{"l": "Sugar", "v": 37.0}, {"l": "Sunflowerseed Oil", "v": 31.0}]}, {"source": 71, "prod": 0.02747630645431336, "target": 13, "value": 7.0, "supply": [{"l": "Beans", "v": 7.0}]}, {"source": 61, "prod": 0.38954765963876492, "target": 70, "value": 125.0, "supply": [{"l": "Soyabeans", "v": 125.0}]}, {"source": 58, "prod": 0.043882440691399856, "target": 70, "value": 80.0, "supply": [{"l": "Apples", "v": 80.0}]}, {"source": 37, "prod": 0.015836844427117459, "target": 70, "value": 20.0, "supply": [{"l": "Wine", "v": 20.0}]}, {"source": 73, "prod": 39.786180628163144, "target": 0, "value": 11768.0, "supply": [{"l": "Maize", "v": 11768.0}]}, {"source": 73, "prod": 0.1573994940810674, "target": 6, "value": 55.0, "supply": [{"l": "Rye", "v": 55.0}]}, {"source": 73, "prod": 0.11435555080175512, "target": 21, "value": 44.0, "supply": [{"l": "Nuts", "v": 44.0}]}, {"source": 73, "prod": 5.879707819266204, "target": 14, "value": 2043.0, "supply": [{"l": "Barley", "v": 2043.0}]}, {"source": 73, "prod": 0.16252960506287153, "target": 25, "value": 40.0, "supply": [{"l": "Rice", "v": 40.0}]}, {"source": 73, "prod": 0.28742500914315033, "target": 27, "value": 1368.0, "supply": [{"l": "Tomatoes", "v": 1368.0}]}, {"source": 73, "prod": 2.7673465740737861, "target": 59, "value": 888.0, "supply": [{"l": "Sunflower seed", "v": 888.0}]}, {"source": 73, "prod": 14.073013459436751, "target": 3, "value": 4569.0, "supply": [{"l": "Wheat", "v": 4569.0}]}, {"source": 73, "prod": 0.11320044422800001, "target": 31, "value": 44.0, "supply": [{"l": "Treenuts", "v": 44.0}]}, {"source": 73, "prod": 0.60278612360748274, "target": 2, "value": 2365.0, "supply": [{"l": "Vegetables, Other", "v": 2365.0}]}, {"source": 73, "prod": 0.019592384577923075, "target": 8, "value": 6.0, "supply": [{"l": "Peas", "v": 6.0}]}, {"source": 73, "prod": 1.1935740291331758, "target": 61, "value": 383.0, "supply": [{"l": "Soyabeans", "v": 383.0}]}, {"source": 73, "prod": 1.0876025438974655, "target": 34, "value": 1486.0, "supply": [{"l": "Grapes", "v": 1486.0}]}, {"source": 73, "prod": 0.081209014337478264, "target": 35, "value": 22.0, "supply": [{"l": "Pimento", "v": 22.0}]}, {"source": 73, "prod": 0.043629337879541666, "target": 36, "value": 14.0, "supply": [{"l": "Rape and Mustardseed", "v": 14.0}]}, {"source": 73, "prod": 0.17451735151816666, "target": 17, "value": 56.0, "supply": [{"l": "Oilcrops, Other", "v": 56.0}]}, {"source": 73, "prod": 0.19382960126950388, "target": 4, "value": 60.0, "supply": [{"l": "Oats", "v": 60.0}]}, {"source": 73, "prod": 0.0031163812771101197, "target": 72, "value": 1.0, "supply": [{"l": "Cottonseed", "v": 1.0}]}, {"source": 73, "prod": 3.5477573315114546, "target": 5, "value": 4562.0, "supply": [{"l": "Potatoes", "v": 4562.0}]}, {"source": 73, "prod": 0.31794011754276885, "target": 13, "value": 81.0, "supply": [{"l": "Beans", "v": 81.0}]}, {"source": 73, "prod": 0.32582712213364395, "target": 58, "value": 594.0, "supply": [{"l": "Apples", "v": 594.0}]}, {"source": 73, "prod": 7.1000155419800004, "target": 16, "value": 6109.0, "supply": [{"l": "Sugar beet", "v": 6109.0}]}, {"source": 73, "prod": 0.1033757873437354, "target": 18, "value": 32.0, "supply": [{"l": "Sorghum", "v": 32.0}]}, {"source": 73, "prod": 0.71404924675951764, "target": 7, "value": 1168.0, "supply": [{"l": "Fruits, Other", "v": 1168.0}]}, {"source": 73, "prod": 0.16717826222861007, "target": 57, "value": 360.0, "supply": [{"l": "Onions", "v": 360.0}]}, {"source": 73, "prod": 0.0032653974296538461, "target": 45, "value": 1.0, "supply": [{"l": "Pulses, Other", "v": 1.0}]}, {"source": 1, "prod": 0.54125493787803458, "target": 40, "value": 376.0, "supply": [{"l": "Poultry Meat", "v": 376.0}]}, {"source": 1, "prod": 1.5502935121707553, "target": 39, "value": 930.0, "supply": [{"l": "Pigmeat", "v": 930.0}]}, {"source": 1, "prod": 0.43340250723583068, "target": 12, "value": 422.0, "supply": [{"l": "Pelagic Fish", "v": 422.0}]}, {"source": 1, "prod": 0.6953741574005714, "target": 52, "value": 368.0, "supply": [{"l": "Bovine Meat", "v": 368.0}]}, {"source": 1, "prod": 0.55070120415702872, "target": 32, "value": 332.0, "supply": [{"l": "Eggs", "v": 358.0}]}, {"source": 1, "prod": 0.0010770937790350746, "target": 48, "value": 1.0, "supply": [{"l": "Cephalopods", "v": 1.0}]}, {"source": 1, "prod": 3.351188293512712, "target": 10, "value": 4861.0, "supply": [{"l": "Milk - Excluding Butter", "v": 4861.0}]}, {"source": 1, "prod": 0.15652407103130864, "target": 54, "value": 128.0, "supply": [{"l": "Offals, Edible", "v": 128.0}]}, {"source": 1, "prod": 0.028300111057000001, "target": 33, "value": 36.0, "supply": [{"l": "Marine Fish, Other", "v": 36.0}]}, {"source": 1, "prod": 0.55578038998209855, "target": 15, "value": 516.0, "supply": [{"l": "Fish, Seafood", "v": 516.0}]}, {"source": 1, "prod": 0.0063610341366651365, "target": 55, "value": 7.0, "supply": [{"l": "Demersal Fish", "v": 7.0}]}, {"source": 1, "prod": 0.0090964642683214296, "target": 46, "value": 9.0, "supply": [{"l": "Meat, Other", "v": 9.0}]}, {"source": 1, "prod": 0.066033592466333321, "target": 42, "value": 50.0, "supply": [{"l": "Freshwater Fish", "v": 50.0}]}, {"source": 1, "prod": 0.2281086537784052, "target": 49, "value": 85.0, "supply": [{"l": "Mutton & Goat Meat", "v": 85.0}]}, {"source": 60, "prod": 1.4819029790682083, "target": 28, "value": 181.0, "supply": [{"l": "Fats, Animals, Raw", "v": 181.0}]}, {"source": 60, "prod": 0.23583425880833331, "target": 50, "value": 50.0, "supply": [{"l": "Sweeteners, Other", "v": 50.0}]}, {"source": 60, "prod": 0.972984770626381, "target": 30, "value": 95.0, "supply": [{"l": "Soyabean Oil", "v": 95.0}]}, {"source": 60, "prod": 0.010267932628802547, "target": 65, "value": 1.0, "supply": [{"l": "Coconut Oil", "v": 1.0}]}, {"source": 60, "prod": 0.0082788823298381373, "target": 11, "value": 1.0, "supply": [{"l": "Fish, Body Oil", "v": 1.0}]}, {"source": 60, "prod": 3.0823050134219772, "target": 9, "value": 744.0, "supply": [{"l": "Sugar", "v": 744.0}]}, {"source": 60, "prod": 0.04691860517344737, "target": 53, "value": 14.0, "supply": [{"l": "Honey", "v": 14.0}]}, {"source": 60, "prod": 0.56477688238396229, "target": 22, "value": 996.0, "supply": [{"l": "Beer", "v": 996.0}]}, {"source": 60, "prod": 0.5742892229136457, "target": 24, "value": 168.0, "supply": [{"l": "Beverages, Alcoholic", "v": 168.0}]}, {"source": 60, "prod": 3.4896389829350403, "target": 38, "value": 339.0, "supply": [{"l": "Sunflowerseed Oil", "v": 339.0}]}, {"source": 60, "prod": 0.34910970937928659, "target": 64, "value": 34.0, "supply": [{"l": "Oilcrops Oil, Other", "v": 34.0}]}, {"source": 60, "prod": 0.041071730515210188, "target": 63, "value": 4.0, "supply": [{"l": "Rape and Mustard Oil", "v": 4.0}]}, {"source": 60, "prod": 0.3431886707053099, "target": 26, "value": 41.0, "supply": [{"l": "Butter, Ghee", "v": 41.0}]}, {"source": 60, "prod": 0.70553141922808271, "target": 37, "value": 891.0, "supply": [{"l": "Wine", "v": 891.0}]}]}