{"nodes": [{"name": "Balance", "fill": "#9edae5"}, {"name": "Food", "fill": "#b5cf6b"}, {"name": "Stock Deposit", "fill": "#c7c7c7"}, {"name": "Export", "fill": "#aec7e8"}, {"name": "Biofuels & Other", "fill": "#e7ba52"}, {"name": "Crop Residue", "fill": "#bd9e39"}, {"name": "Renewables & Nuclear", "fill": "#2ca02c"}, {"name": "Fossil Fuels", "fill": "#c49c94"}, {"name": "Stock Draw", "fill": "#c7c7c7"}, {"name": "Labor", "fill": "#7f7f7f"}], "links": [{"source": 0, "target": 1, "value": 36.761087034591142}, {"source": 0, "target": 2, "value": 0.27242575353915999}, {"source": 0, "target": 3, "value": 22.821722893249603}, {"source": 0, "target": 4, "value": 1.2049789915989211}, {"source": 0, "target": 5, "value": 125.4525824812666}, {"source": 6, "target": 0, "value": 1.4363718538957932}, {"source": 7, "target": 0, "value": 14.209990472095138}, {"source": 8, "target": 0, "value": 9.5331189503410272}, {"source": 9, "target": 0, "value": 8.3252454491310175}]}