{"nodes": [{"layer": 13, "name": "Aquatic Products", "fill": "#1f77b4"}, {"layer": 10, "name": "Feed", "fill": "#dbdb8d"}, {"layer": 5, "name": "Cereals", "fill": "#e7ba52"}, {"layer": 13, "name": "Other Processed", "fill": "#9c9ede"}, {"layer": 16, "name": "Food", "fill": "#b5cf6b"}, {"layer": 13, "name": "Animal Products", "fill": "#17becf"}, {"layer": 5, "name": "Oilcrops", "fill": "#ff9896"}, {"layer": 5, "name": "Sugar Crops", "fill": "#ffbb78"}, {"layer": 13, "name": "Sugar", "fill": "#d6616b"}, {"layer": 5, "name": "Starchy Roots"}, {"layer": 5, "name": "Fruits & Vegetables"}, {"layer": 5, "name": "Others"}, {"layer": 13, "name": "Vegetable Oils", "fill": "#f7b6d2"}, {"layer": 10, "name": "Processing", "fill": "#9edae5"}, {"layer": 16, "name": "Biofuels & Other", "fill": "#e7ba52"}, {"name": "Waste", "fill": "#c7c7c7"}, {"layer": 2, "name": "Import", "fill": "#aec7e8"}, {"layer": 16, "name": "Export", "fill": "#aec7e8"}, {"layer": 0, "name": "Stock Draw", "fill": "#c7c7c7"}, {"layer": 16, "name": "Stock Deposit", "fill": "#c7c7c7"}, {"name": "Crop Residue", "fill": "#bd9e39"}, {"layer": 2, "name": "Electricity", "fill": "#bcbd22"}, {"layer": 0, "name": "Fossil Fuels", "fill": "#c49c94"}, {"layer": 0, "name": "Renewables & Nuclear", "fill": "#2ca02c"}, {"layer": 2, "name": "Fertilizers", "fill": "#c5b0d5"}, {"layer": 0, "name": "Labor", "fill": "#7f7f7f"}], "links": [{"source": 0, "prod": 680.0, "target": 1, "value": 0.48902480032296824, "supply": [{"l": "Molluscs, Other", "v": 0.0060824119286686561}, {"l": "Marine Fish, Other", "v": 0.22092849129028178}, {"l": "Fish, Seafood", "v": 0.25980869364503079}, {"l": "Cephalopods", "v": 0.0022052034589870131}]}, {"source": 2, "prod": 668.0, "target": 1, "value": 3.1087912767732311, "supply": [{"l": "Maize", "v": 0.95209659341764297}, {"l": "Cereals, Other", "v": 0.016882150163253132}, {"l": "Rice", "v": 2.1229303830290815}, {"l": "Sorghum", "v": 0.016882150163253132}]}, {"source": 3, "prod": 260.0, "target": 4, "value": 0.79303177294828286, "supply": [{"l": "Beer", "v": 0.037020494115261628}, {"l": "Beverages, Alcoholic", "v": 0.552653112150849}, {"l": "Butter, Ghee", "v": 0.018192928536642859}, {"l": "Fats, Animals, Raw", "v": 0.184565941676087}, {"l": "Beverages, Fermented", "v": 0.00059929646944235297}]}, {"source": 5, "prod": 1456.0, "target": 4, "value": 2.3952938602359728, "supply": [{"l": "Eggs", "v": 0.59005157126692287}, {"l": "Pigmeat", "v": 0.71797092974965571}, {"l": "Milk - Excluding Butter", "v": 0.16586626065846585}, {"l": "Poultry Meat", "v": 0.47972030774417013}, {"l": "Offals, Edible", "v": 0.05579164751237143}, {"l": "Bovine Meat", "v": 0.3858931433043869}]}, {"source": 2, "prod": 6679.0, "target": 4, "value": 28.045378064180742, "supply": [{"l": "Maize", "v": 0.018192928536642859}, {"l": "Rice", "v": 27.62341820462294}, {"l": "Wheat", "v": 0.40376693102115846}]}, {"source": 6, "prod": 715.0, "target": 4, "value": 1.6368591443865208, "supply": [{"l": "Coconuts - Incl Copra", "v": 1.0861880519582463}, {"l": "Sesame seed", "v": 0.0169800666342}, {"l": "Groundnuts", "v": 0.40368739062598075}, {"l": "Soyabeans", "v": 0.13000363516809377}]}, {"source": 7, "prod": 2991.0, "target": 4, "value": 1.0129481656727122, "supply": [{"l": "Sugar cane", "v": 1.0129481656727122}]}, {"source": 8, "prod": 536.0, "target": 4, "value": 2.2292090261357242, "supply": [{"l": "Sugar", "v": 2.1746302405257958}, {"l": "Sweeteners, Other", "v": 0.054578785609928578}]}, {"source": 9, "prod": 139.0, "target": 4, "value": 0.15191617246147884, "supply": [{"l": "Roots, Other", "v": 0.14774863175212988}, {"l": "Potatoes", "v": 0.0030936525665610174}, {"l": "Cassava", "v": 0.0010738881427879465}]}, {"source": 10, "prod": 7043.0, "target": 4, "value": 3.0432364606750473, "supply": [{"l": "Tomatoes", "v": 0.0066605909914487452}, {"l": "Treenuts", "v": 0.018192928536642859}, {"l": "Vegetables, Other", "v": 0.64464108210075}, {"l": "Grapes", "v": 0.0021439478073484852}, {"l": "Beans", "v": 0.0169800666342}, {"l": "Pulses, Other", "v": 0.11024371620711941}, {"l": "Lemons, Limes", "v": 0.018330753752829547}, {"l": "Pineapples", "v": 0.58943884897069554}, {"l": "Bananas", "v": 0.92091995907161528}, {"l": "Fruits, Other", "v": 0.46058702745480568}, {"l": "Grapefruit", "v": 0.015108888860000001}, {"l": "Oranges, Mandarines", "v": 0.18429936385038656}, {"l": "Onions", "v": 0.055155322077639096}, {"l": "Apples", "v": 0.0005339643595660378}]}, {"source": 11, "prod": 101.0, "target": 4, "value": 0.33761270817093042, "supply": [{"l": "Infant food", "v": 0.018866740704666669}, {"l": "Nuts", "v": 0.018192928536642859}, {"l": "Coffee", "v": 0.0026065891763026316}, {"l": "Cocoa Beans", "v": 0.0022946035992162162}, {"l": "Pimento", "v": 0.24037732367126691}, {"l": "Pepper", "v": 0.018192928536642859}, {"l": "Spices, Other", "v": 0.035919371726192306}, {"l": "Tea", "v": 0.0011622222200000001}]}, {"source": 0, "prod": 1870.0, "target": 4, "value": 1.4443327577781364, "supply": [{"l": "Pelagic Fish", "v": 0.31297891931836669}, {"l": "Aquatic Products, Other", "v": 0.02208222218}, {"l": "Crustaceans", "v": 0.073802250403549013}, {"l": "Marine Fish, Other", "v": 0.055583919783223766}, {"l": "Freshwater Fish", "v": 0.12849780155610813}, {"l": "Fish, Seafood", "v": 0.69995518640837717}, {"l": "Cephalopods", "v": 0.03748845880277922}, {"l": "Molluscs, Other", "v": 0.036747905402373132}, {"l": "Aquatic Animals, Others", "v": 0.02208222218}, {"l": "Demersal Fish", "v": 0.055113871743359244}]}, {"source": 12, "prod": 61.0, "target": 4, "value": 0.62573685941543089, "supply": [{"l": "Ricebran Oil", "v": 0.0169800666342}, {"l": "Groundnut Oil", "v": 0.095512874817374999}, {"l": "Soyabean Oil", "v": 0.10775811517857693}, {"l": "Palm Oil", "v": 0.037733481409333337}, {"l": "Coconut Oil", "v": 0.28184126995290987}, {"l": "Sesameseed Oil", "v": 0.0424501665855}, {"l": "Cottonseed Oil", "v": 0.036385857073285718}, {"l": "Palmkernel Oil", "v": 0.0070750277642500003}]}, {"source": 7, "prod": 16720.0, "target": 13, "value": 5.6624852323797219, "supply": [{"l": "Sugar cane", "v": 5.6624852323797219}]}, {"source": 10, "prod": 18.0, "target": 13, "value": 0.0081611036334555461, "supply": [{"l": "Bananas", "v": 0.00074447854411609975}, {"l": "Apples", "v": 0.0005339643595660378}, {"l": "Fruits, Other", "v": 0.0054400042612772316}, {"l": "Oranges, Mandarines", "v": 0.0014426564684961766}]}, {"source": 2, "prod": 298.0, "target": 13, "value": 1.2872205387047744, "supply": [{"l": "Maize", "v": 0.097028952195428578}, {"l": "Barley", "v": 0.063308063112199248}, {"l": "Rice", "v": 1.1268835233971466}]}, {"source": 6, "prod": 574.77777777777783, "target": 13, "value": 2.1711908841143495, "supply": [{"l": "Coconuts - Incl Copra", "v": 0.4288509460806022}, {"l": "Cottonseed", "v": 0.096013547145046743}, {"l": "Sesame seed", "v": 0.076410299853900007}, {"l": "Soyabeans", "v": 0.31108012700936721}, {"l": "Groundnuts", "v": 0.13255406856375485}, {"l": "Palm kernels", "v": 0.0053340859525025965}, {"l": "Oilcrops, Other", "v": 1.045480846690509}, {"l": "Oil Palm", "v": 0.075466962818666661}]}, {"source": 8, "prod": 1.0, "target": 13, "value": 0.004150057710927091, "supply": [{"l": "Sugar", "v": 0.004150057710927091}]}, {"source": 3, "prod": 111.0, "target": 14, "value": 0.2542319199602352, "supply": [{"l": "Fats, Animals, Raw", "v": 0.046141485419021751}, {"l": "Alcohol, Non-Food", "v": 0.20809043454121345}]}, {"source": 5, "prod": 9.0, "target": 14, "value": 0.0041932481627140238, "supply": [{"l": "Milk - Excluding Butter", "v": 0.0041932481627140238}]}, {"source": 6, "prod": 3.0, "target": 14, "value": 0.0081581586594743263, "supply": [{"l": "Coconuts - Incl Copra", "v": 0.0035151716891852636}, {"l": "Soyabeans", "v": 0.0046429869702890626}]}, {"source": 9, "prod": 256.0, "target": 14, "value": 0.27491536455371429, "supply": [{"l": "Cassava", "v": 0.27491536455371429}]}, {"source": 0, "prod": 176.0, "target": 14, "value": 0.12986888565520649, "supply": [{"l": "Crustaceans", "v": 0.00055490413837254904}, {"l": "Aquatic Products, Other", "v": 0.0011622222200000001}, {"l": "Marine Fish, Other", "v": 0.060509077232370173}, {"l": "Aquatic Plants", "v": 0.0011622222200000001}, {"l": "Fish, Seafood", "v": 0.066480459844463768}]}, {"source": 12, "prod": 20.0, "target": 14, "value": 0.20038179727927735, "supply": [{"l": "Coconut Oil", "v": 0.020877131107622952}, {"l": "Palm Oil", "v": 0.047166851761666677}, {"l": "Palmkernel Oil", "v": 0.0070750277642500003}, {"l": "Oilcrops Oil, Other", "v": 0.12526278664573773}]}, {"source": 9, "prod": 1.0, "target": 9, "value": 0.00077341314164025435, "supply": [{"l": "Potatoes", "v": 0.00077341314164025435}]}, {"source": 10, "prod": 30.0, "target": 10, "value": 0.23594689606627167, "supply": [{"l": "Beans", "v": 0.22074086624460001}, {"l": "Pulses, Other", "v": 0.015206029821671643}]}, {"source": 5, "prod": 49.0, "target": 5, "value": 0.090070177545418129, "supply": [{"l": "Eggs", "v": 0.090070177545418129}]}, {"source": 2, "prod": 387.0, "target": 2, "value": 1.6775985556083648, "supply": [{"l": "Maize", "v": 0.14554342829314287}, {"l": "Rice", "v": 1.5236140522335953}, {"l": "Sorghum", "v": 0.0084410750816265659}]}, {"source": 6, "prod": 12.0, "target": 6, "value": 0.066082328376671759, "supply": [{"l": "Cottonseed", "v": 0.0053340859525025965}, {"l": "Groundnuts", "v": 0.042176294543012915}, {"l": "Soyabeans", "v": 0.018571947881156251}]}, {"source": 5, "prod": 26.0, "target": 15, "value": 0.045919839521384308, "supply": [{"l": "Milk - Excluding Butter", "v": 0.00046591646252378048}, {"l": "Eggs", "v": 0.036763337773640055}, {"l": "Poultry Meat", "v": 0.0086905852852204729}]}, {"source": 2, "prod": 628.0, "target": 15, "value": 2.7500612620863958, "supply": [{"l": "Maize", "v": 0.32747271365957148}, {"l": "Sorghum", "v": 0.025323225244879698}, {"l": "Rice", "v": 2.3972653231819447}]}, {"source": 6, "prod": 58.0, "target": 15, "value": 0.15089932877158604, "supply": [{"l": "Soyabeans", "v": 0.027857921821734376}, {"l": "Coconuts - Incl Copra", "v": 0.079091363006668428}, {"l": "Sesame seed", "v": 0.0084900333171}, {"l": "Groundnuts", "v": 0.030125924673580651}, {"l": "Oilcrops, Other", "v": 0.0053340859525025965}]}, {"source": 7, "prod": 199.0, "target": 15, "value": 0.067394411557629472, "supply": [{"l": "Sugar cane", "v": 0.067394411557629472}]}, {"source": 9, "prod": 205.0, "target": 15, "value": 0.22014706927152899, "supply": [{"l": "Cassava", "v": 0.22014706927152899}]}, {"source": 10, "prod": 681.0, "target": 15, "value": 0.32066136700547715, "supply": [{"l": "Fruits, Other", "v": 0.029920023437024774}, {"l": "Beans", "v": 0.0339601332684}, {"l": "Pulses, Other", "v": 0.0076030149108358216}, {"l": "Lemons, Limes", "v": 0.00096477651330681825}, {"l": "Tomatoes", "v": 0.0004440393994299163}, {"l": "Pineapples", "v": 0.068624897177461439}, {"l": "Bananas", "v": 0.10422699617625396}, {"l": "Vegetables, Other", "v": 0.069253916534250004}, {"l": "Oranges, Mandarines", "v": 0.0025246488198683087}, {"l": "Onions", "v": 0.0031389207686461276}]}, {"source": 11, "prod": 4.0, "target": 15, "value": 0.013542384432184052, "supply": [{"l": "Pimento", "v": 0.013542384432184052}]}, {"source": 16, "prod": 12.0, "target": 11, "value": 0.039503718268049728, "supply": [{"l": "Cocoa Beans", "v": 0.0022946035992162162}, {"l": "Infant food", "v": 0.018866740704666669}, {"l": "Coffee", "v": 0.00037236988232894742}, {"l": "Spices, Other", "v": 0.0032653974296538461}, {"l": "Tea", "v": 0.0011622222200000001}, {"l": "Pimento", "v": 0.013542384432184052}]}, {"source": 16, "prod": 451.0, "target": 1, "value": 0.22747409754631778, "supply": [{"l": "Molluscs, Other", "v": 0.0035480736250567161}, {"l": "Crustaceans", "v": 0.015537315874431372}, {"l": "Milk - Excluding Butter", "v": 0.16540034419594207}, {"l": "Fish, Seafood", "v": 0.036678874396945532}, {"l": "Pelagic Fish", "v": 0.0045032938031419664}, {"l": "Cephalopods", "v": 0.0011026017294935065}, {"l": "Marine Fish, Other", "v": 0.00070359392130662991}]}, {"source": 16, "prod": 24.0, "target": 13, "value": 0.2088723204808895, "supply": [{"l": "Beverages, Alcoholic", "v": 0.0034326280257816711}, {"l": "Oilcrops Oil, Other", "v": 0.020877131107622952}, {"l": "Butter, Ghee", "v": 0.018192928536642859}, {"l": "Fats, Animals, Raw", "v": 0.064598079586630441}, {"l": "Soyabean Oil", "v": 0.0097961922889615409}, {"l": "Palm Oil", "v": 0.084900333171000014}, {"l": "Palmkernel Oil", "v": 0.0070750277642500003}]}, {"source": 16, "prod": 159.0, "target": 2, "value": 0.5158173235416087, "supply": [{"l": "Maize", "v": 0.0060643095122142861}, {"l": "Barley", "v": 0.084410750816265659}, {"l": "Wheat", "v": 0.42534226321312874}]}, {"source": 16, "prod": 13.0, "target": 10, "value": 0.0059943925624590354, "supply": [{"l": "Fruits, Other", "v": 0.00045333368843976938}, {"l": "Bananas", "v": 0.00074447854411609975}, {"l": "Vegetables, Other", "v": 0.0012203333309999999}, {"l": "Grapes", "v": 0.00071464926911616168}, {"l": "Onions", "v": 0.0017936690106549298}, {"l": "Apples", "v": 0.0010679287191320756}]}, {"source": 16, "prod": 10.0, "target": 6, "value": 0.017575858445926316, "supply": [{"l": "Coconuts - Incl Copra", "v": 0.017575858445926316}]}, {"source": 3, "prod": 1.0, "target": 17, "value": 0.00049360658820348836, "supply": [{"l": "Beer", "v": 0.00049360658820348836}]}, {"source": 5, "prod": 21.0, "target": 17, "value": 0.016445398180514686, "supply": [{"l": "Milk - Excluding Butter", "v": 0.0074546634003804877}, {"l": "Eggs", "v": 0.0055145006660460086}, {"l": "Poultry Meat", "v": 0.0034762341140881898}]}, {"source": 2, "prod": 4622.0, "target": 17, "value": 23.966815569749908, "supply": [{"l": "Maize", "v": 14.693821948095216}, {"l": "Rice", "v": 8.4790599194938867}, {"l": "Sorghum", "v": 0.76391729488720428}, {"l": "Cereals, Other", "v": 0.0084410750816265659}, {"l": "Wheat", "v": 0.021575332191970296}]}, {"source": 6, "prod": 85.0, "target": 17, "value": 0.47657158793285936, "supply": [{"l": "Soyabeans", "v": 0.037143895762312501}, {"l": "Sesame seed", "v": 0.0679202665368}, {"l": "Cottonseed", "v": 0.021336343810010386}, {"l": "Groundnuts", "v": 0.030125924673580651}, {"l": "Oilcrops, Other", "v": 0.3200451571501558}]}, {"source": 8, "prod": 1126.0, "target": 17, "value": 4.6733631569271381, "supply": [{"l": "Sugar", "v": 4.6688149247929775}, {"l": "Sweeteners, Other", "v": 0.0045482321341607148}]}, {"source": 9, "prod": 9769.0, "target": 17, "value": 10.490813266895451, "supply": [{"l": "Cassava", "v": 10.490813266895451}]}, {"source": 10, "prod": 330.0, "target": 17, "value": 0.95690798483458306, "supply": [{"l": "Grapes", "v": 0.00071464926911616168}, {"l": "Fruits, Other", "v": 0.038080029828940626}, {"l": "Beans", "v": 0.78957309849030011}, {"l": "Pulses, Other", "v": 0.076030149108358216}, {"l": "Pineapples", "v": 0.026040697589661706}, {"l": "Bananas", "v": 0.017123006514670292}, {"l": "Vegetables, Other", "v": 0.0054914999894999997}, {"l": "Grapefruit", "v": 0.0023244444400000001}, {"l": "Oranges, Mandarines", "v": 0.0010819923513721325}, {"l": "Onions", "v": 0.00044841725266373244}]}, {"source": 11, "prod": 2.0, "target": 17, "value": 0.0036377673119827934, "supply": [{"l": "Coffee", "v": 0.00037236988232894742}, {"l": "Spices, Other", "v": 0.0032653974296538461}]}, {"source": 0, "prod": 690.0, "target": 17, "value": 0.52577269920428182, "supply": [{"l": "Molluscs, Other", "v": 0.0032946397946955223}, {"l": "Fish, Seafood", "v": 0.26133698007823691}, {"l": "Cephalopods", "v": 0.03197545015531169}, {"l": "Pelagic Fish", "v": 0.04390711458063417}, {"l": "Crustaceans", "v": 0.019976548981411765}, {"l": "Aquatic Products, Other", "v": 0.0034866666600000002}, {"l": "Aquatic Animals, Others", "v": 0.0034866666600000002}, {"l": "Marine Fish, Other", "v": 0.15830863229399172}]}, {"source": 12, "prod": 5.0, "target": 17, "value": 0.048346023055708336, "supply": [{"l": "Groundnut Oil", "v": 0.010612541646375}, {"l": "Palm Oil", "v": 0.037733481409333337}]}, {"source": 18, "prod": 11.0, "target": 6, "value": 0.058674945477528564, "supply": [{"l": "Cottonseed", "v": 0.042672687620020772}, {"l": "Oilcrops, Other", "v": 0.016002257857507789}]}, {"source": 0, "prod": 2.0, "target": 19, "value": 0.0018899666673885234, "supply": [{"l": "Fish, Seafood", "v": 0.00076414321660303185}, {"l": "Pelagic Fish", "v": 0.0011258234507854916}]}, {"source": 2, "prod": 4.0, "target": 19, "value": 0.016882150163253132, "supply": [{"l": "Barley", "v": 0.016882150163253132}]}, {"source": 10, "prod": 7.0, "target": 19, "value": 0.00214452803679567, "supply": [{"l": "Pineapples", "v": 0.00214452803679567}]}, {"source": 8, "prod": 61.0, "target": 19, "value": 0.25315352036655259, "supply": [{"l": "Sugar", "v": 0.25315352036655259}]}, {"source": 18, "prod": 246.0, "target": 2, "value": 1.0382522350400678, "supply": [{"l": "Rice", "v": 0.85254858324428329}, {"l": "Sorghum", "v": 0.18570365179578446}]}, {"source": 1, "prod": 3418.0, "target": 0, "value": 2.5908891096279816, "supply": [{"l": "Pelagic Fish", "v": 0.35801185734978636}, {"l": "Crustaceans", "v": 0.094333703523333326}, {"l": "Freshwater Fish", "v": 0.12849780155610813}, {"l": "Molluscs, Other", "v": 0.046124957125737311}, {"l": "Aquatic Animals, Others", "v": 0.025568888839999998}, {"l": "Aquatic Plants", "v": 0.0011622222200000001}, {"l": "Marine Fish, Other", "v": 0.49533012059986747}, {"l": "Aquatic Products, Other", "v": 0.02673111106}, {"l": "Fish, Seafood", "v": 1.2883454631927116}, {"l": "Demersal Fish", "v": 0.055113871743359244}, {"l": "Cephalopods", "v": 0.071669112417077921}]}, {"source": 1, "prod": 1512.0, "target": 5, "value": 2.4618523461005859, "supply": [{"l": "Poultry Meat", "v": 0.49188712714347882}, {"l": "Pigmeat", "v": 0.71797092974965571}, {"l": "Bovine Meat", "v": 0.3858931433043869}, {"l": "Eggs", "v": 0.72239958725202702}, {"l": "Milk - Excluding Butter", "v": 0.17798008868408413}, {"l": "Offals, Edible", "v": 0.05579164751237143}]}, {"source": 13, "prod": 372.0, "target": 3, "value": 1.0477572994967217, "supply": [{"l": "Fats, Animals, Raw", "v": 0.23070742709510875}, {"l": "Alcohol, Non-Food", "v": 0.20809043454121345}, {"l": "Beverages, Fermented", "v": 0.00059929646944235297}, {"l": "Beer", "v": 0.037514100703465114}, {"l": "Beverages, Alcoholic", "v": 0.552653112150849}, {"l": "Butter, Ghee", "v": 0.018192928536642859}]}, {"source": 13, "prod": 86.0, "target": 12, "value": 0.87446467975041664, "supply": [{"l": "Ricebran Oil", "v": 0.0169800666342}, {"l": "Sesameseed Oil", "v": 0.0424501665855}, {"l": "Soyabean Oil", "v": 0.10775811517857693}, {"l": "Coconut Oil", "v": 0.30271840106053283}, {"l": "Cottonseed Oil", "v": 0.036385857073285718}, {"l": "Groundnut Oil", "v": 0.10612541646375}, {"l": "Palm Oil", "v": 0.12263381458033334}, {"l": "Palmkernel Oil", "v": 0.014150055528500001}, {"l": "Oilcrops Oil, Other", "v": 0.12526278664573773}]}, {"source": 13, "prod": 1724.0, "target": 8, "value": 7.1598757611403423, "supply": [{"l": "Sweeteners, Other", "v": 0.059127017744089294}, {"l": "Sugar", "v": 7.1007487433962533}]}, {"source": 9, "prod": 5184.5, "target": 20, "value": 17.609823530749139, "supply": [{"l": "Roots, Other", "v": 0.23360666622000001}, {"l": "Potatoes", "v": 0.0055028265621837394}, {"l": "Cassava", "v": 17.370714037966955}]}, {"source": 7, "prod": 7964.0, "target": 20, "value": 27.767813280239999, "supply": [{"l": "Sugar cane", "v": 27.767813280239999}]}, {"source": 10, "prod": 8102.0, "target": 20, "value": 34.012182473621529, "supply": [{"l": "Tomatoes", "v": 0.052118952004789283}, {"l": "Vegetables, Other", "v": 8.2145866509600012}, {"l": "Beans", "v": 0.4358333325}, {"l": "Onions", "v": 0.44977999914000011}, {"l": "Pulses, Other", "v": 0.19176666629999997}]}, {"source": 2, "prod": 26165.0, "target": 20, "value": 99.250890384711496, "supply": [{"l": "Maize", "v": 18.660639964319998}, {"l": "Rice", "v": 70.789793197980003}, {"l": "Wheat", "v": 0.48115999908000007}, {"l": "Cereals, Other", "v": 0.041839999919999996}, {"l": "Barley", "v": 0.066246666539999999}, {"l": "Sorghum", "v": 1.18895333106}]}, {"source": 6, "prod": 1422.0, "target": 20, "value": 2.8810003269075404, "supply": [{"l": "Coconuts - Incl Copra", "v": 3.1554333272999999}, {"l": "Sesame seed", "v": 0.071476666529999996}, {"l": "Cottonseed", "v": 0.069733333199999997}, {"l": "Groundnuts", "v": 0.36958666595999995}, {"l": "Oilcrops, Other", "v": 0.89084333163000007}, {"l": "Soyabeans", "v": 0.39747999923999999}, {"l": "Palm kernels", "v": 0.0034866666600000002}]}, {"source": 21, "prod": 0, "target": 2, "value": 0.030966940812448267, "supply": "[{\"l\":'Energy for power irrigation',\"v\":0.030966940812448267}]"}, {"source": 21, "prod": 0, "target": 6, "value": 0.0034080270000017383, "supply": "[{\"l\":'Energy for power irrigation',\"v\":0.0034080270000017383}]"}, {"source": 21, "prod": 0, "target": 7, "value": 0.047127979482197206, "supply": "[{\"l\":'Energy for power irrigation',\"v\":0.047127979482197206}]"}, {"source": 21, "prod": 0, "target": 9, "value": 0.024543948731838419, "supply": "[{\"l\":'Energy for power irrigation',\"v\":0.024543948731838419}]"}, {"source": 21, "prod": 0, "target": 10, "value": 0.019177844789792155, "supply": "[{\"l\":'Energy for power irrigation',\"v\":0.019177844789792155}]"}, {"source": 21, "prod": 0, "target": 11, "value": 0.00024025564628041269, "supply": "[{\"l\":'Energy for power irrigation',\"v\":0.00024025564628041269}]"}, {"source": 21, "prod": 0, "target": 13, "value": 0.0060000000047999999, "supply": "[{\"l\":'Electricity',\"v\":0.0060000000047999999}]"}, {"source": 22, "prod": 0, "target": 21, "value": 0.21755715927235006, "supply": [{"l": "Coal", "v": 0.013276381769159695}, {"l": "Natural gas", "v": 0.0}, {"l": "Oil", "v": 0.20428077750319037}]}, {"source": 23, "prod": 0, "target": 21, "value": 0.048660512126173595, "supply": [{"l": "Nuclear", "v": 0.0}, {"l": "Hydroelectric", "v": 0.048660512126173595}, {"l": "Renewable", "v": 0.0}]}, {"source": 22, "prod": 0, "target": 2, "value": 3.4818240200515569, "supply": [{"l": "Motor Gasoline", "v": 0.006074449792404916}, {"l": "Gas-Diesel oil", "v": 2.668027242341279}, {"l": "Fuel oil", "v": 0.024928554678537558}, {"l": "Liquefied petroleum gas (LPG)", "v": 0.020538404922627155}, {"l": "Other fossil fuels", "v": 0.76225536831670815}]}, {"source": 22, "prod": 0, "target": 6, "value": 0.38318768203348902, "supply": [{"l": "Motor Gasoline", "v": 0.00066851579005017649}, {"l": "Gas-Diesel oil", "v": 0.29362632020093254}, {"l": "Fuel oil", "v": 0.0027434801496867291}, {"l": "Liquefied petroleum gas (LPG)", "v": 0.0022603278424307509}, {"l": "Other fossil fuels", "v": 0.083889038050388817}]}, {"source": 22, "prod": 0, "target": 7, "value": 5.2989196437398434, "supply": [{"l": "Motor Gasoline", "v": 0.0092445859252269728}, {"l": "Gas-Diesel oil", "v": 4.0604182988736754}, {"l": "Fuel oil", "v": 0.037938278131066906}, {"l": "Liquefied petroleum gas (LPG)", "v": 0.031256995376228294}, {"l": "Other fossil fuels", "v": 1.1600614854336448}]}, {"source": 22, "prod": 0, "target": 9, "value": 2.7596432840752607, "supply": [{"l": "Motor Gasoline", "v": 0.0048145209170606974}, {"l": "Gas-Diesel oil", "v": 2.1146397459076418}, {"l": "Fuel oil", "v": 0.019758011348118172}, {"l": "Liquefied petroleum gas (LPG)", "v": 0.016278442242898605}, {"l": "Other fossil fuels", "v": 0.60415256365954118}]}, {"source": 22, "prod": 0, "target": 10, "value": 2.1562956782310501, "supply": [{"l": "Motor Gasoline", "v": 0.0037619103549065263}, {"l": "Gas-Diesel oil", "v": 1.6523108517064049}, {"l": "Fuel oil", "v": 0.015438268679955}, {"l": "Liquefied petroleum gas (LPG)", "v": 0.012719446335419469}, {"l": "Other fossil fuels", "v": 0.47206520115436418}]}, {"source": 22, "prod": 0, "target": 11, "value": 0.027013578294304074, "supply": [{"l": "Motor Gasoline", "v": 4.7128351150705064e-05}, {"l": "Gas-Diesel oil", "v": 0.020699771840064194}, {"l": "Fuel oil", "v": 0.00019340709343562486}, {"l": "Liquefied petroleum gas (LPG)", "v": 0.00015934630992903926}, {"l": "Other fossil fuels", "v": 0.0059139246997245076}]}, {"source": 24, "prod": 58.520399104483246, "target": 2, "value": 0.71360215979709396, "supply": [{"l": "Potash", "v": 0.052559722264269998}, {"l": "Phosphate", "v": 0.33792916693700997}, {"l": "Nitrogen", "v": 2.5007263908894699}]}, {"source": 24, "prod": 6.4403875541617843, "target": 6, "value": 0.078534571515389465, "supply": [{"l": "Potash", "v": 0.052559722264269998}, {"l": "Phosphate", "v": 0.33792916693700997}, {"l": "Nitrogen", "v": 2.5007263908894699}]}, {"source": 24, "prod": 89.061046907721106, "target": 7, "value": 1.0860171222289425, "supply": [{"l": "Potash", "v": 0.052559722264269998}, {"l": "Phosphate", "v": 0.33792916693700997}, {"l": "Nitrogen", "v": 2.5007263908894699}]}, {"source": 24, "prod": 46.382420662288311, "target": 9, "value": 0.56559073532857385, "supply": [{"l": "Potash", "v": 0.052559722264269998}, {"l": "Phosphate", "v": 0.33792916693700997}, {"l": "Nitrogen", "v": 2.5007263908894699}]}, {"source": 24, "prod": 36.241717832564362, "target": 10, "value": 0.44193424029627787, "supply": [{"l": "Potash", "v": 0.052559722264269998}, {"l": "Phosphate", "v": 0.33792916693700997}, {"l": "Nitrogen", "v": 2.5007263908894699}]}, {"source": 24, "prod": 0.45402793878120001, "target": 11, "value": 0.0055364509244720077, "supply": [{"l": "Potash", "v": 0.052559722264269998}, {"l": "Phosphate", "v": 0.33792916693700997}, {"l": "Nitrogen", "v": 2.5007263908894699}]}, {"source": 22, "prod": 0, "target": 24, "value": 3.4453747870958837, "supply": [{"l": "Natural gas (including LNG)", "v": 2.348538271448386}, {"l": "Fuel oil", "v": 0.65478014456645184}, {"l": "Liquefied petroleum gas (LPG)", "v": 0.22102818554052314}, {"l": "Coal", "v": 0.22102818554052314}]}, {"source": 25, "prod": 0, "target": 2, "value": 2.3348854633942322, "supply": "[{\"l\":'Labor',\"v\":2.3348854633942322}]"}, {"source": 25, "prod": 0, "target": 6, "value": 0.25696282850001029, "supply": "[{\"l\":'Labor',\"v\":0.25696282850001029}]"}, {"source": 25, "prod": 0, "target": 7, "value": 3.5534163635527731, "supply": "[{\"l\":'Labor',\"v\":3.5534163635527731}]"}, {"source": 25, "prod": 0, "target": 9, "value": 1.8505963974725619, "supply": "[{\"l\":'Labor',\"v\":1.8505963974725619}]"}, {"source": 25, "prod": 0, "target": 10, "value": 1.4459959506531677, "supply": "[{\"l\":'Labor',\"v\":1.4459959506531677}]"}, {"source": 25, "prod": 0, "target": 11, "value": 0.018115106022129908, "supply": "[{\"l\":'Labor',\"v\":0.018115106022129908}]"}, {"source": 22, "prod": 0, "target": 16, "value": 1.5601027999579093, "supply": "[{\"l\":'Fossil Fuels',\"v\":1.5601027999579093}]"}, {"source": 23, "prod": 0, "target": 16, "value": 1.9505895301231937, "supply": "[{\"l\":'Renewables & Nuclear',\"v\":0.058340018387295689},{\"l\":'Biomass & Waste',\"v\":1.8922495117358979}]"}]}