{"nodes": [{"layer": 3, "name": "Oilcrops", "fill": "#ff9896"}, {"layer": 5, "name": "Production", "fill": "#b5cf6b"}, {"layer": 3, "name": "Treenuts"}, {"layer": 3, "name": "Vegetables"}, {"layer": 3, "name": "Sugar Crops", "fill": "#ffbb78"}, {"layer": 3, "name": "Starchy Roots"}, {"layer": 3, "name": "Pulses"}, {"layer": 3, "name": "Others"}, {"layer": 3, "name": "Cereals - Excluding Beer"}, {"layer": 3, "name": "Spices"}, {"layer": 3, "name": "Stimulants"}, {"layer": 3, "name": "Fruits - Excluding Wine"}, {"layer": 1, "name": "Electricity", "fill": "#bcbd22"}, {"layer": 0, "name": "Fossil Fuels", "fill": "#c49c94"}, {"layer": 0, "name": "Renewables & Nuclear", "fill": "#2ca02c"}, {"layer": 1, "name": "Fertilizers", "fill": "#c5b0d5"}, {"layer": 0, "name": "Labor", "fill": "#7f7f7f"}], "links": [{"source": 0, "prod": 1233.0, "target": 1, "value": 4.0724915122677547, "supply": [{"l": "Coconuts - Incl Copra", "v": 1.215604500078111}, {"l": "Sesame seed", "v": 0.16272563857775002}, {"l": "Cottonseed", "v": 0.093805307749592809}, {"l": "Groundnuts", "v": 0.62890212550983915}, {"l": "Oilcrops, Other", "v": 1.4800393000491312}, {"l": "Soyabeans", "v": 0.4489644737178306}, {"l": "Oil Palm", "v": 0.0424501665855}]}, {"source": 2, "prod": 2.0, "target": 1, "value": 0.0054774408497419358, "supply": [{"l": "Treenuts", "v": 0.0054774408497419358}]}, {"source": 3, "prod": 2415.0, "target": 1, "value": 0.83339210473169301, "supply": [{"l": "Tomatoes", "v": 0.0070522784788344065}, {"l": "Vegetables, Other", "v": 0.71981255795396193}, {"l": "Onions", "v": 0.10652726829889675}]}, {"source": 4, "prod": 9513.0, "target": 1, "value": 3.2217058309065347, "supply": [{"l": "Sugar cane", "v": 3.2217058309065347}]}, {"source": 5, "prod": 5802.0, "target": 1, "value": 6.1699577881027805, "supply": [{"l": "Roots, Other", "v": 0.13796304140287499}, {"l": "Potatoes", "v": 0.0031041173770025663}, {"l": "Cassava", "v": 6.0288906293229028}]}, {"source": 6, "prod": 251.0, "target": 1, "value": 1.0052884741615495, "supply": [{"l": "Beans", "v": 0.83548780781954946}, {"l": "Pulses, Other", "v": 0.169800666342}]}, {"source": 7, "prod": 2.0, "target": 1, "value": 0.0054774408497419358, "supply": [{"l": "Nuts", "v": 0.0054774408497419358}]}, {"source": 8, "prod": 12420.0, "target": 1, "value": 50.727121908973395, "supply": [{"l": "Maize", "v": 8.2395666594341712}, {"l": "Rice", "v": 41.965687558013713}, {"l": "Cereals, Other", "v": 0.010948273248786918}, {"l": "Sorghum", "v": 0.51091941827672271}]}, {"source": 9, "prod": 88.0, "target": 1, "value": 0.30385253438775495, "supply": [{"l": "Pimento", "v": 0.25092765137206663}, {"l": "Pepper", "v": 0.018192928536642859}, {"l": "Spices, Other", "v": 0.034731954479045458}]}, {"source": 10, "prod": 2.0, "target": 1, "value": 0.00073189942388793099, "supply": [{"l": "Coffee", "v": 0.00073189942388793099}]}, {"source": 11, "prod": 3159.0, "target": 1, "value": 1.6997612705536078, "supply": [{"l": "Grapes", "v": 0.0014537728282705482}, {"l": "Lemons, Limes", "v": 0.017900672656536148}, {"l": "Pineapples", "v": 0.10135930494591693}, {"l": "Bananas", "v": 0.92016257049494232}, {"l": "Fruits, Other", "v": 0.4954034430213598}, {"l": "Grapefruit", "v": 0.0054638828278366349}, {"l": "Oranges, Mandarines", "v": 0.15801762377874543}]}, {"source": 12, "prod": 0, "target": 0, "value": 0.0041603010837795145, "supply": "[{\"l\":'Energy for power irrigation',\"v\":0.0041603010837795145}]"}, {"source": 12, "prod": 0, "target": 2, "value": 6.7455226328001861e-06, "supply": "[{\"l\":'Energy for power irrigation',\"v\":6.7455226328001861e-06}]"}, {"source": 12, "prod": 0, "target": 3, "value": 0.008157023243713625, "supply": "[{\"l\":'Energy for power irrigation',\"v\":0.008157023243713625}]"}, {"source": 12, "prod": 0, "target": 4, "value": 0.03208507840291408, "supply": "[{\"l\":'Energy for power irrigation',\"v\":0.03208507840291408}]"}, {"source": 12, "prod": 0, "target": 5, "value": 0.019572133919069742, "supply": "[{\"l\":'Energy for power irrigation',\"v\":0.019572133919069742}]"}, {"source": 12, "prod": 0, "target": 6, "value": 0.00084656309041642331, "supply": "[{\"l\":'Energy for power irrigation',\"v\":0.00084656309041642331}]"}, {"source": 12, "prod": 0, "target": 7, "value": 2.1922948556600604e-05, "supply": "[{\"l\":'Energy for power irrigation',\"v\":2.1922948556600604e-05}]"}, {"source": 12, "prod": 0, "target": 8, "value": 0.042060019996167361, "supply": "[{\"l\":'Energy for power irrigation',\"v\":0.042060019996167361}]"}, {"source": 12, "prod": 0, "target": 9, "value": 0.00029848937650140826, "supply": "[{\"l\":'Energy for power irrigation',\"v\":0.00029848937650140826}]"}, {"source": 12, "prod": 0, "target": 10, "value": 1.5177425923800419e-05, "supply": "[{\"l\":'Energy for power irrigation',\"v\":1.5177425923800419e-05}]"}, {"source": 12, "prod": 0, "target": 11, "value": 0.010656239379166094, "supply": "[{\"l\":'Energy for power irrigation',\"v\":0.010656239379166094}]"}, {"source": 13, "prod": 0, "target": 12, "value": 0.22627125172881457, "supply": [{"l": "Coal", "v": 0.010579597317412908}, {"l": "Natural gas", "v": 0.0}, {"l": "Oil", "v": 0.21569165441140167}]}, {"source": 14, "prod": 0, "target": 12, "value": 0.031790822758717779, "supply": [{"l": "Nuclear", "v": 0.0}, {"l": "Hydroelectric", "v": 0.031790822758717779}, {"l": "Renewable", "v": 0.0}]}, {"source": 13, "prod": 0, "target": 0, "value": 0.46380275386332143, "supply": [{"l": "Motor Gasoline", "v": 0.0010133600332798891}, {"l": "Gas-Diesel oil", "v": 0.33766358877387187}, {"l": "Fuel oil", "v": 0.0023763799297037576}, {"l": "Liquefied petroleum gas (LPG)", "v": 0.0029368160654906039}, {"l": "Other fossil fuels", "v": 0.11981260906097535}]}, {"source": 13, "prod": 0, "target": 2, "value": 0.00075201095073096304, "supply": [{"l": "Motor Gasoline", "v": 1.6430645047099946e-06}, {"l": "Gas-Diesel oil", "v": 0.00054748859144527259}, {"l": "Fuel oil", "v": 3.8530683902776781e-06}, {"l": "Liquefied petroleum gas (LPG)", "v": 4.7617609493159369e-06}, {"l": "Other fossil fuels", "v": 0.00019426446544138688}]}, {"source": 13, "prod": 0, "target": 3, "value": 0.90936924217141701, "supply": [{"l": "Motor Gasoline", "v": 0.0019868757523205612}, {"l": "Gas-Diesel oil", "v": 0.66205057920519583}, {"l": "Fuel oil", "v": 0.004659322950943282}, {"l": "Liquefied petroleum gas (LPG)", "v": 0.0057581594279602962}, {"l": "Other fossil fuels", "v": 0.23491430483499709}]}, {"source": 13, "prod": 0, "target": 4, "value": 3.5769400871518253, "supply": [{"l": "Motor Gasoline", "v": 0.0078152363166530889}, {"l": "Gas-Diesel oil", "v": 2.6041294852094388}, {"l": "Fuel oil", "v": 0.018327119798355773}, {"l": "Liquefied petroleum gas (LPG)", "v": 0.022649315955421252}, {"l": "Other fossil fuels", "v": 0.92401892987195655}]}, {"source": 13, "prod": 0, "target": 5, "value": 2.1819597735458895, "supply": [{"l": "Motor Gasoline", "v": 0.0047673516604160495}, {"l": "Gas-Diesel oil", "v": 1.5885381480784584}, {"l": "Fuel oil", "v": 0.011179677934390684}, {"l": "Liquefied petroleum gas (LPG)", "v": 0.013816249394440192}, {"l": "Other fossil fuels", "v": 0.56365834647818402}]}, {"source": 13, "prod": 0, "target": 6, "value": 0.09437737431673586, "supply": [{"l": "Motor Gasoline", "v": 0.00020620459534110433}, {"l": "Gas-Diesel oil", "v": 0.068709818226381711}, {"l": "Fuel oil", "v": 0.00048356008297984854}, {"l": "Liquefied petroleum gas (LPG)", "v": 0.00059760099913914999}, {"l": "Other fossil fuels", "v": 0.024380190412894052}]}, {"source": 13, "prod": 0, "target": 7, "value": 0.0024440355898756299, "supply": [{"l": "Motor Gasoline", "v": 5.339959640307483e-06}, {"l": "Gas-Diesel oil", "v": 0.0017793379221971359}, {"l": "Fuel oil", "v": 1.2522472268402453e-05}, {"l": "Liquefied petroleum gas (LPG)", "v": 1.5475723085276795e-05}, {"l": "Other fossil fuels", "v": 0.00063135951268450733}]}, {"source": 13, "prod": 0, "target": 8, "value": 4.6889762805452371, "supply": [{"l": "Motor Gasoline", "v": 0.010244917952992993}, {"l": "Gas-Diesel oil", "v": 3.4137282398091355}, {"l": "Fuel oil", "v": 0.024024844680478889}, {"l": "Liquefied petroleum gas (LPG)", "v": 0.029690769959222194}, {"l": "Other fossil fuels", "v": 1.2112875081434074}]}, {"source": 13, "prod": 0, "target": 9, "value": 0.033276484569845118, "supply": [{"l": "Motor Gasoline", "v": 7.2705604333417269e-05}, {"l": "Gas-Diesel oil", "v": 0.024226370171453314}, {"l": "Fuel oil", "v": 0.00017049827626978726}, {"l": "Liquefied petroleum gas (LPG)", "v": 0.00021070792200723022}, {"l": "Other fossil fuels", "v": 0.0085962025957813694}]}, {"source": 13, "prod": 0, "target": 10, "value": 0.0016920246391446668, "supply": [{"l": "Motor Gasoline", "v": 3.6968951355974877e-06}, {"l": "Gas-Diesel oil", "v": 0.0012318493307518631}, {"l": "Fuel oil", "v": 8.6694038781247741e-06}, {"l": "Liquefied petroleum gas (LPG)", "v": 1.0713962135960857e-05}, {"l": "Other fossil fuels", "v": 0.00043709504724312041}]}, {"source": 13, "prod": 0, "target": 11, "value": 1.1879892994172387, "supply": [{"l": "Motor Gasoline", "v": 0.0025956311513156138}, {"l": "Gas-Diesel oil", "v": 0.86489510233566935}, {"l": "Fuel oil", "v": 0.0060868847895411615}, {"l": "Liquefied petroleum gas (LPG)", "v": 0.0075223918596818507}, {"l": "Other fossil fuels", "v": 0.30688928928103093}]}, {"source": 15, "prod": 5.2928921903835429, "target": 0, "value": 0.050092732989491538, "supply": [{"l": "Potash", "v": 0.098396927856495314}, {"l": "Phosphate", "v": 0.21622837517298268}, {"l": "Nitrogen", "v": 1.1047229453282228}]}, {"source": 15, "prod": 0.0085819086994463611, "target": 2, "value": 8.1220483160910489e-05, "supply": [{"l": "Potash", "v": 0.098396927856495314}, {"l": "Phosphate", "v": 0.21622837517298268}, {"l": "Nitrogen", "v": 1.1047229453282228}]}, {"source": 15, "prod": 10.377673094805511, "target": 3, "value": 0.098215869262331001, "supply": [{"l": "Potash", "v": 0.098396927856495314}, {"l": "Phosphate", "v": 0.21622837517298268}, {"l": "Nitrogen", "v": 1.1047229453282228}]}, {"source": 15, "prod": 40.819848728916611, "target": 4, "value": 0.38632522815487069, "supply": [{"l": "Potash", "v": 0.098396927856495314}, {"l": "Phosphate", "v": 0.21622837517298268}, {"l": "Nitrogen", "v": 1.1047229453282228}]}, {"source": 15, "prod": 24.900408091443616, "target": 5, "value": 0.23566123189138177, "supply": [{"l": "Potash", "v": 0.098396927856495314}, {"l": "Phosphate", "v": 0.21622837517298268}, {"l": "Nitrogen", "v": 1.1047229453282228}]}, {"source": 15, "prod": 1.0770295417805182, "target": 6, "value": 0.010193170636694265, "supply": [{"l": "Potash", "v": 0.098396927856495314}, {"l": "Phosphate", "v": 0.21622837517298268}, {"l": "Nitrogen", "v": 1.1047229453282228}]}, {"source": 15, "prod": 0.02789120327320067, "target": 7, "value": 0.00026396657027295909, "supply": [{"l": "Potash", "v": 0.098396927856495314}, {"l": "Phosphate", "v": 0.21622837517298268}, {"l": "Nitrogen", "v": 1.1047229453282228}]}, {"source": 15, "prod": 53.510346218222914, "target": 8, "value": 0.50643001762906703, "supply": [{"l": "Potash", "v": 0.098396927856495314}, {"l": "Phosphate", "v": 0.21622837517298268}, {"l": "Nitrogen", "v": 1.1047229453282228}]}, {"source": 15, "prod": 0.37974945995050147, "target": 9, "value": 0.0035940063798702892, "supply": [{"l": "Potash", "v": 0.098396927856495314}, {"l": "Phosphate", "v": 0.21622837517298268}, {"l": "Nitrogen", "v": 1.1047229453282228}]}, {"source": 15, "prod": 0.019309294573754309, "target": 10, "value": 0.00018274608711204857, "supply": [{"l": "Potash", "v": 0.098396927856495314}, {"l": "Phosphate", "v": 0.21622837517298268}, {"l": "Nitrogen", "v": 1.1047229453282228}]}, {"source": 15, "prod": 13.557270267950388, "target": 11, "value": 0.12830805827344832, "supply": [{"l": "Potash", "v": 0.098396927856495314}, {"l": "Phosphate", "v": 0.21622837517298268}, {"l": "Nitrogen", "v": 1.1047229453282228}]}, {"source": 13, "prod": 0, "target": 15, "value": 1.7646765552530093, "supply": [{"l": "Natural gas (including LNG)", "v": 1.1777103031769904}, {"l": "Fuel oil", "v": 0.3916830663421087}, {"l": "Liquefied petroleum gas (LPG)", "v": 0.09764159286695509}, {"l": "Coal", "v": 0.09764159286695509}]}, {"source": 16, "prod": 0, "target": 0, "value": 0.31549196974478022, "supply": "[{\"l\":'Labor',\"v\":0.31549196974478022}]"}, {"source": 16, "prod": 0, "target": 2, "value": 0.00051153947263036929, "supply": "[{\"l\":'Labor',\"v\":0.00051153947263036929}]"}, {"source": 16, "prod": 0, "target": 3, "value": 0.61857910727827403, "supply": "[{\"l\":'Labor',\"v\":0.61857910727827403}]"}, {"source": 16, "prod": 0, "target": 4, "value": 2.433137501566351, "supply": "[{\"l\":'Labor',\"v\":2.433137501566351}]"}, {"source": 16, "prod": 0, "target": 5, "value": 1.4842317798370164, "supply": "[{\"l\":'Labor',\"v\":1.4842317798370164}]"}, {"source": 16, "prod": 0, "target": 6, "value": 0.064198203815111335, "supply": "[{\"l\":'Labor',\"v\":0.064198203815111335}]"}, {"source": 16, "prod": 0, "target": 7, "value": 0.0016625032860487, "supply": "[{\"l\":'Labor',\"v\":0.0016625032860487}]"}, {"source": 16, "prod": 0, "target": 8, "value": 3.1895764967185096, "supply": "[{\"l\":'Labor',\"v\":3.1895764967185096}]"}, {"source": 16, "prod": 0, "target": 9, "value": 0.022635621663893841, "supply": "[{\"l\":'Labor',\"v\":0.022635621663893841}]"}, {"source": 16, "prod": 0, "target": 10, "value": 0.0011509638134183308, "supply": "[{\"l\":'Labor',\"v\":0.0011509638134183308}]"}, {"source": 16, "prod": 0, "target": 11, "value": 0.8081044818878258, "supply": "[{\"l\":'Labor',\"v\":0.8081044818878258}]"}]}