{"nodes": [{"layer": 5, "name": "Starchy Roots"}, {"layer": 10, "name": "Feed", "fill": "#dbdb8d"}, {"layer": 5, "name": "Oilcrops", "fill": "#ff9896"}, {"layer": 5, "name": "Sugar Crops", "fill": "#ffbb78"}, {"layer": 13, "name": "Animal Fats"}, {"layer": 13, "name": "Milk - Excluding Butter"}, {"layer": 5, "name": "Pulses"}, {"layer": 13, "name": "Fish, Seafood"}, {"layer": 13, "name": "Sugar & Sweeteners"}, {"layer": 5, "name": "Cereals - Excluding Beer"}, {"layer": 16, "name": "Food", "fill": "#b5cf6b"}, {"layer": 5, "name": "Treenuts"}, {"layer": 5, "name": "Vegetables"}, {"layer": 13, "name": "Alcoholic Beverages"}, {"layer": 5, "name": "Others"}, {"layer": 13, "name": "Vegetable Oils", "fill": "#f7b6d2"}, {"layer": 5, "name": "Spices"}, {"layer": 5, "name": "Stimulants"}, {"layer": 13, "name": "Eggs"}, {"layer": 5, "name": "Fruits - Excluding Wine"}, {"layer": 13, "name": "Meat"}, {"layer": 10, "name": "Processing", "fill": "#9edae5"}, {"layer": 16, "name": "Biofuels & Other", "fill": "#e7ba52"}, {"name": "Waste", "fill": "#c7c7c7"}, {"layer": 2, "name": "Import", "fill": "#aec7e8"}, {"layer": 16, "name": "Export", "fill": "#aec7e8"}, {"layer": 16, "name": "Stock Deposit", "fill": "#c7c7c7"}, {"layer": 0, "name": "Stock Draw", "fill": "#c7c7c7"}, {"layer": 2, "name": "Electricity", "fill": "#bcbd22"}, {"layer": 0, "name": "Fossil Fuels", "fill": "#c49c94"}, {"layer": 0, "name": "Renewables & Nuclear", "fill": "#2ca02c"}, {"layer": 2, "name": "Fertilizers", "fill": "#c5b0d5"}, {"layer": 0, "name": "Labor", "fill": "#7f7f7f"}], "links": [{"source": 0, "prod": 91.0, "target": 1, "value": 0.093591429156419423, "supply": [{"l": "Sweet potatoes", "v": 0.014755405497633694}, {"l": "Cassava", "v": 0.078836023658785725}]}, {"source": 2, "prod": 1697.0, "target": 1, "value": 10.014141807750828, "supply": [{"l": "Cottonseed", "v": 9.9716916411653287}, {"l": "Oilcrops, Other", "v": 0.042450166585500007}]}, {"source": 3, "prod": 1424.0, "target": 1, "value": 0.47651268077056758, "supply": [{"l": "Sugar cane", "v": 0.47651268077056758}]}, {"source": 4, "prod": 2.0, "target": 1, "value": 0.017681006305092301, "supply": [{"l": "Fish, Body Oil", "v": 0.017681006305092301}]}, {"source": 5, "prod": 3730.0, "target": 1, "value": 2.8568353582713284, "supply": [{"l": "Milk - Excluding Butter", "v": 2.8568353582713284}]}, {"source": 6, "prod": 1225.0, "target": 1, "value": 5.0029136718508278, "supply": [{"l": "Peas", "v": 0.2029648589869219}, {"l": "Beans", "v": 0.3568200749536205}, {"l": "Pulses, Other", "v": 4.4431287379102855}]}, {"source": 7, "prod": 104.0, "target": 1, "value": 0.079604405955654975, "supply": [{"l": "Fish, Seafood", "v": 0.040877938193444444}, {"l": "Pelagic Fish", "v": 0.038726467762210531}]}, {"source": 8, "prod": 298.0, "target": 1, "value": 1.2196816634813372, "supply": [{"l": "Sugar non-centrifugal", "v": 1.2196816634813372}]}, {"source": 9, "prod": 2528.0, "target": 1, "value": 8.6716360071784884, "supply": [{"l": "Maize", "v": 1.8129327241758659}, {"l": "Rice", "v": 1.8420151311952342}, {"l": "Wheat", "v": 1.1868590059737016}, {"l": "Millet", "v": 0.48299404655711337}, {"l": "Barley", "v": 2.8870978626745791}, {"l": "Sorghum", "v": 0.45973723660199312}]}, {"source": 5, "prod": 25669.0, "target": 10, "value": 19.660082255084916, "supply": [{"l": "Milk - Excluding Butter", "v": 19.660082255084916}]}, {"source": 2, "prod": 3441.0, "target": 10, "value": 7.8443354365086106, "supply": [{"l": "Olives", "v": 0.053103683296146717}, {"l": "Coconuts - Incl Copra", "v": 5.1161954504166056}, {"l": "Sesame seed", "v": 0.55185216561150019}, {"l": "Groundnuts", "v": 1.3652891415336486}, {"l": "Oilcrops, Other", "v": 0.25470099951300007}, {"l": "Soyabeans", "v": 0.0075596187070068495}, {"l": "Rape and Mustardseed", "v": 0.49563437743070277}]}, {"source": 8, "prod": 11586.0, "target": 10, "value": 47.179282701283356, "supply": [{"l": "Sugar", "v": 15.839490059304614}, {"l": "Sugar non-centrifugal", "v": 30.438833997686924}, {"l": "Sweeteners, Other", "v": 0.80867567345377511}, {"l": "Honey", "v": 0.092282970838043474}]}, {"source": 11, "prod": 308.0, "target": 10, "value": 0.80048885561228589, "supply": [{"l": "Treenuts", "v": 0.80048885561228589}]}, {"source": 12, "prod": 22196.0, "target": 10, "value": 6.3299297361301283, "supply": [{"l": "Tomatoes", "v": 0.13483527816346719}, {"l": "Vegetables, Other", "v": 5.3866037333714534}, {"l": "Onions", "v": 0.80849072459520754}]}, {"source": 13, "prod": 185.0, "target": 10, "value": 0.55067180144424221, "supply": [{"l": "Beer", "v": 0.014101695803522213}, {"l": "Beverages, Alcoholic", "v": 0.53317409231388002}, {"l": "Beverages, Fermented", "v": 0.0033960133268400002}]}, {"source": 3, "prod": 5635.0, "target": 10, "value": 1.8856383118975759, "supply": [{"l": "Sugar cane", "v": 1.8856383118975759}]}, {"source": 4, "prod": 692.0, "target": 10, "value": 6.7393774210966848, "supply": [{"l": "Fats, Animals, Raw", "v": 0.53255663534536368}, {"l": "Butter, Ghee", "v": 6.2068207857513213}]}, {"source": 0, "prod": 6269.0, "target": 10, "value": 5.6971309629317917, "supply": [{"l": "Roots, Other", "v": 0.044295826002260869}, {"l": "Potatoes", "v": 2.4219472289020603}, {"l": "Sweet potatoes", "v": 1.3438769314767915}, {"l": "Cassava", "v": 1.8870109765506788}]}, {"source": 6, "prod": 10541.0, "target": 10, "value": 42.833909242852883, "supply": [{"l": "Peas", "v": 4.0393986641514843}, {"l": "Beans", "v": 6.199258664853561}, {"l": "Pulses, Other", "v": 32.595251913847839}]}, {"source": 7, "prod": 3426.0, "target": 10, "value": 2.8233569557720988, "supply": [{"l": "Freshwater Fish", "v": 0.80655316512450004}, {"l": "Marine Fish, Other", "v": 0.058551953911034495}, {"l": "Crustaceans", "v": 0.073894734426611125}, {"l": "Demersal Fish", "v": 0.26885105504150003}, {"l": "Fish, Seafood", "v": 1.3466136177955832}, {"l": "Pelagic Fish", "v": 0.26810631527684214}, {"l": "Molluscs, Other", "v": 0.00078611419602777775}]}, {"source": 14, "prod": 309.0, "target": 10, "value": 0.81832792899087503, "supply": [{"l": "Nuts", "v": 0.81716570677087508}, {"l": "Infant food", "v": 0.0011622222200000001}]}, {"source": 9, "prod": 90577.0, "target": 10, "value": 352.31146058332411, "supply": [{"l": "Maize", "v": 18.319421158468359}, {"l": "Barley", "v": 6.463129087928734}, {"l": "Cereals, Other", "v": 0.018043027349618768}, {"l": "Rice", "v": 186.37576385657346}, {"l": "Wheat", "v": 81.86817167489896}, {"l": "Sorghum", "v": 31.51837907327107}, {"l": "Millet", "v": 27.748552704833855}]}, {"source": 15, "prod": 2358.0, "target": 10, "value": 24.561145229734123, "supply": [{"l": "Ricebran Oil", "v": 0.28300111057000005}, {"l": "Groundnut Oil", "v": 11.860576543988699}, {"l": "Soyabean Oil", "v": 0.55656885078766671}, {"l": "Sunflowerseed Oil", "v": 0.29715116609850001}, {"l": "Olive Oil", "v": 0.02122508329275}, {"l": "Coconut Oil", "v": 2.1649584958605002}, {"l": "Rape and Mustard Oil", "v": 4.8327033803700399}, {"l": "Oilcrops Oil, Other", "v": 1.3293604799143424}, {"l": "Sesameseed Oil", "v": 1.6237188718953752}, {"l": "Cottonseed Oil", "v": 1.5918812469562502}]}, {"source": 16, "prod": 939.0, "target": 10, "value": 3.253841863749769, "supply": [{"l": "Cloves", "v": 0.0069530445269353446}, {"l": "Pimento", "v": 1.8922039772249308}, {"l": "Pepper", "v": 0.010429566790403017}, {"l": "Spices, Other", "v": 1.3442552752074999}]}, {"source": 17, "prod": 215.0, "target": 10, "value": 0.22191072873900025, "supply": [{"l": "Coffee", "v": 0.013670392629228813}, {"l": "Cocoa Beans", "v": 0.0048514476097714296}, {"l": "Tea", "v": 0.2033888885}]}, {"source": 18, "prod": 278.0, "target": 10, "value": 0.53641574139859094, "supply": [{"l": "Eggs", "v": 0.53641574139859094}]}, {"source": 19, "prod": 16259.0, "target": 10, "value": 9.3840876135424516, "supply": [{"l": "Plantains", "v": 0.26856227839806118}, {"l": "Citrus, Other", "v": 0.020623562713603244}, {"l": "Apples", "v": 0.11897113726476259}, {"l": "Grapes", "v": 0.26885105504149998}, {"l": "Dates", "v": 0.81339996618667754}, {"l": "Grapefruit", "v": 0.014178699365602227}, {"l": "Pineapples", "v": 0.084900333171}, {"l": "Lemons, Limes", "v": 0.52299999900000005}, {"l": "Bananas", "v": 1.884191604584474}, {"l": "Fruits, Other", "v": 5.1180614295988329}, {"l": "Oranges, Mandarines", "v": 0.26934754821793866}]}, {"source": 20, "prod": 3341.0, "target": 10, "value": 6.0635868706855298, "supply": [{"l": "Meat, Other", "v": 0.13783818797174119}, {"l": "Pigmeat", "v": 0.53317409231388002}, {"l": "Mutton & Goat Meat", "v": 1.8898814163864599}, {"l": "Poultry Meat", "v": 0.26787518914298275}, {"l": "Offals, Edible", "v": 0.53608496087974289}, {"l": "Bovine Meat", "v": 2.698733023990723}]}, {"source": 2, "prod": 9335.0, "target": 21, "value": 43.984072498020382, "supply": [{"l": "Olives", "v": 0.041302864785891895}, {"l": "Soyabeans", "v": 0.030238474828027398}, {"l": "Sunflower seed", "v": 0.076705320316656375}, {"l": "Coconuts - Incl Copra", "v": 4.4283036251505079}, {"l": "Sesame seed", "v": 2.328694852690286}, {"l": "Cottonseed", "v": 6.8385743266926715}, {"l": "Rape and Mustardseed", "v": 8.7975101993949725}, {"l": "Groundnuts", "v": 17.20379048512358}, {"l": "Oilcrops, Other", "v": 4.2389523490377865}]}, {"source": 3, "prod": 101854.0, "target": 21, "value": 34.083372603374571, "supply": [{"l": "Sugar beet", "v": 0.4320069317941031}, {"l": "Sugar cane", "v": 33.651365671580464}]}, {"source": 0, "prod": 25.0, "target": 21, "value": 0.019064446071332338, "supply": [{"l": "Potatoes", "v": 0.019064446071332338}]}, {"source": 8, "prod": 265.0, "target": 21, "value": 0.84733357686393229, "supply": [{"l": "Sugar", "v": 0.016371565952769628}, {"l": "Sweeteners, Other", "v": 0.83096201091116262}]}, {"source": 9, "prod": 152.0, "target": 21, "value": 0.60948470106696828, "supply": [{"l": "Maize", "v": 0.014081030867385366}, {"l": "Rice", "v": 0.53410027776665459}, {"l": "Barley", "v": 0.061303392432928379}]}, {"source": 19, "prod": 48.0, "target": 21, "value": 0.034962748238950875, "supply": [{"l": "Fruits, Other", "v": 0.014107383467195717}, {"l": "Apples", "v": 0.00055335412681284922}, {"l": "Lemons, Limes", "v": 0.019757777740000003}, {"l": "Grapes", "v": 0.00054423290494230768}]}, {"source": 20, "prod": 1.0, "target": 21, "value": 0.0014982411736058823, "supply": [{"l": "Meat, Other", "v": 0.0014982411736058823}]}, {"source": 2, "prod": 293.0, "target": 22, "value": 1.7289838120094192, "supply": [{"l": "Cottonseed", "v": 1.2626875805972666}, {"l": "Rape and Mustardseed", "v": 0.46023192189993828}, {"l": "Oilcrops, Other", "v": 0.0060643095122142861}]}, {"source": 4, "prod": 158.0, "target": 22, "value": 1.2194775128198183, "supply": [{"l": "Fats, Animals, Raw", "v": 1.2194775128198183}]}, {"source": 0, "prod": 22.0, "target": 22, "value": 0.016776712542772458, "supply": [{"l": "Potatoes", "v": 0.016776712542772458}]}, {"source": 13, "prod": 284.0, "target": 22, "value": 0.96446778482256001, "supply": [{"l": "Alcohol, Non-Food", "v": 0.75051894523163998}, {"l": "Beverages, Alcoholic", "v": 0.21394883959091998}]}, {"source": 9, "prod": 96.0, "target": 22, "value": 0.37449715822125901, "supply": [{"l": "Maize", "v": 0.13376979324016097}, {"l": "Wheat", "v": 0.0035856767552075578}, {"l": "Barley", "v": 0.0058384183269455589}, {"l": "Rice", "v": 0.23130326989894492}]}, {"source": 15, "prod": 270.0, "target": 22, "value": 2.8889306602239349, "supply": [{"l": "Ricebran Oil", "v": 0.099050388699500017}, {"l": "Soyabean Oil", "v": 0.22640088845600001}, {"l": "Coconut Oil", "v": 0.49878945737962505}, {"l": "Oilcrops Oil, Other", "v": 1.0389119716977633}, {"l": "Palm Oil", "v": 0.37841291356217149}, {"l": "Cottonseed Oil", "v": 0.60491487384337506}, {"l": "Sunflowerseed Oil", "v": 0.0424501665855}]}, {"source": 2, "prod": 686.0, "target": 2, "value": 3.9936037676192426, "supply": [{"l": "Soyabeans", "v": 0.0037798093535034247}, {"l": "Sesame seed", "v": 0.072771714146571437}, {"l": "Cottonseed", "v": 1.457401086016471}, {"l": "Groundnuts", "v": 2.0880892752867566}, {"l": "Rape and Mustardseed", "v": 0.15931104988844016}, {"l": "Oilcrops, Other", "v": 0.21225083292749999}]}, {"source": 18, "prod": 17.0, "target": 18, "value": 0.032802401452431823, "supply": [{"l": "Eggs", "v": 0.032802401452431823}]}, {"source": 3, "prod": 6461.0, "target": 3, "value": 2.1620424371198292, "supply": [{"l": "Sugar cane", "v": 2.1620424371198292}]}, {"source": 0, "prod": 714.0, "target": 0, "value": 0.54448057979725162, "supply": [{"l": "Potatoes", "v": 0.54448057979725162}]}, {"source": 6, "prod": 926.0, "target": 6, "value": 3.749281777480916, "supply": [{"l": "Peas", "v": 0.25868070263039067}, {"l": "Beans", "v": 0.90185293669596389}, {"l": "Pulses, Other", "v": 2.5887481381545614}]}, {"source": 9, "prod": 6286.0, "target": 9, "value": 24.2698239089918, "supply": [{"l": "Maize", "v": 1.3060156129499927}, {"l": "Wheat", "v": 6.6299163203787739}, {"l": "Millet", "v": 1.024092640068466}, {"l": "Barley", "v": 1.0479960896867277}, {"l": "Rice", "v": 13.037093394304168}, {"l": "Sorghum", "v": 1.2247098516036703}]}, {"source": 12, "prod": 12.0, "target": 12, "value": 0.0063411037223153532, "supply": [{"l": "Onions", "v": 0.0063411037223153532}]}, {"source": 5, "prod": 1485.0, "target": 23, "value": 1.1373727900892556, "supply": [{"l": "Milk - Excluding Butter", "v": 1.1373727900892556}]}, {"source": 2, "prod": 434.0, "target": 23, "value": 2.1030384464965759, "supply": [{"l": "Coconuts - Incl Copra", "v": 0.18229133369551603}, {"l": "Sesame seed", "v": 0.048514476097714289}, {"l": "Groundnuts", "v": 0.64248900778054052}, {"l": "Oilcrops, Other", "v": 0.090964642683214303}, {"l": "Cottonseed", "v": 0.82015688646271045}, {"l": "Rape and Mustardseed", "v": 0.31862209977688033}]}, {"source": 11, "prod": 7.0, "target": 23, "value": 0.018192928536642859, "supply": [{"l": "Treenuts", "v": 0.018192928536642859}]}, {"source": 12, "prod": 1993.0, "target": 23, "value": 0.55668020713854682, "supply": [{"l": "Tomatoes", "v": 0.015078823651992278}, {"l": "Vegetables, Other", "v": 0.49140097901822472}, {"l": "Onions", "v": 0.050200404468329872}]}, {"source": 3, "prod": 1530.0, "target": 23, "value": 0.51198342807511821, "supply": [{"l": "Sugar cane", "v": 0.51198342807511821}]}, {"source": 0, "prod": 891.0, "target": 23, "value": 0.73760108753547904, "supply": [{"l": "Roots, Other", "v": 0.0073826376670434778}, {"l": "Potatoes", "v": 0.53304191215445218}, {"l": "Sweet potatoes", "v": 0.093072557754304827}, {"l": "Cassava", "v": 0.10410397995967859}]}, {"source": 6, "prod": 393.0, "target": 23, "value": 1.593006370818967, "supply": [{"l": "Peas", "v": 0.16714753093040627}, {"l": "Beans", "v": 0.30584577853167472}, {"l": "Pulses, Other", "v": 1.1200130613568862}]}, {"source": 14, "prod": 7.0, "target": 23, "value": 0.018571947881156251, "supply": [{"l": "Nuts", "v": 0.018571947881156251}]}, {"source": 9, "prod": 4461.0, "target": 23, "value": 17.171788181763294, "supply": [{"l": "Maize", "v": 2.2952080313838148}, {"l": "Barley", "v": 0.38241640041493413}, {"l": "Rice", "v": 7.9694490265181939}, {"l": "Wheat", "v": 2.7788994852858568}, {"l": "Sorghum", "v": 2.3476745770741125}, {"l": "Millet", "v": 1.3981406610863809}]}, {"source": 16, "prod": 33.0, "target": 23, "value": 0.113383419083972, "supply": [{"l": "Pepper", "v": 0.0034765222634676723}, {"l": "Pimento", "v": 0.092219327409879315}, {"l": "Spices, Other", "v": 0.017687569410625003}]}, {"source": 17, "prod": 5.0, "target": 23, "value": 0.0050086360544533901, "supply": [{"l": "Coffee", "v": 0.00035974717445338983}, {"l": "Tea", "v": 0.0046488888800000003}]}, {"source": 18, "prod": 29.0, "target": 23, "value": 0.055957037771795462, "supply": [{"l": "Eggs", "v": 0.055957037771795462}]}, {"source": 19, "prod": 2101.0, "target": 23, "value": 1.2527987287997515, "supply": [{"l": "Plantains", "v": 0.029455217630755103}, {"l": "Citrus, Other", "v": 0.0019334590044003039}, {"l": "Grapefruit", "v": 0.0012889726696002028}, {"l": "Grapes", "v": 0.036463604631134613}, {"l": "Dates", "v": 0.071891411152862905}, {"l": "Apples", "v": 0.012173790789882682}, {"l": "Lemons, Limes", "v": 0.054624444340000002}, {"l": "Pineapples", "v": 0.002913246726455882}, {"l": "Bananas", "v": 0.42524640561965787}, {"l": "Fruits, Other", "v": 0.5939694901188266}, {"l": "Oranges, Mandarines", "v": 0.022838686116175441}]}, {"source": 24, "prod": 175.0, "target": 14, "value": 0.46280778383731258, "supply": [{"l": "Nuts", "v": 0.46164556161731257}, {"l": "Infant food", "v": 0.0011622222200000001}]}, {"source": 24, "prod": 1000.0, "target": 1, "value": 0.77391085983699948, "supply": [{"l": "Freshwater Fish", "v": 0.027684891251413046}, {"l": "Meat, Other", "v": 0.0014982411736058823}, {"l": "Crustaceans", "v": 0.00078611419602777775}, {"l": "Eggs", "v": 0.0019295530266136365}, {"l": "Milk - Excluding Butter", "v": 0.56447390322948232}, {"l": "Fish, Seafood", "v": 0.1021948454836111}, {"l": "Pelagic Fish", "v": 0.073729236701131573}, {"l": "Bovine Meat", "v": 0.0016140747751140685}]}, {"source": 24, "prod": 7845.0, "target": 9, "value": 29.069778784208566, "supply": [{"l": "Maize", "v": 0.40834989515417563}, {"l": "Barley", "v": 0.026272882471255019}, {"l": "Rice", "v": 6.4764915571704584}, {"l": "Wheat", "v": 22.137968286651461}, {"l": "Oats", "v": 0.00265313541159375}, {"l": "Cereals, Other", "v": 0.018043027349618768}]}, {"source": 24, "prod": 60.0, "target": 6, "value": 0.24102875822724906, "supply": [{"l": "Peas", "v": 0.095512874817374999}, {"l": "Beans", "v": 0.047053196697180735}, {"l": "Pulses, Other", "v": 0.098462686712693315}]}, {"source": 24, "prod": 871.0, "target": 21, "value": 5.2445028406765664, "supply": [{"l": "Sugar", "v": 2.3124836908287101}, {"l": "Beer", "v": 0.0010445700595201641}, {"l": "Beverages, Alcoholic", "v": 0.0033960133268400002}, {"l": "Fats, Animals, Raw", "v": 0.52483842323890917}, {"l": "Soyabean Oil", "v": 0.98107051664266676}, {"l": "Butter, Ghee", "v": 0.039851176794551024}, {"l": "Palm Oil", "v": 0.37841291356217149}, {"l": "Sunflowerseed Oil", "v": 0.28300111057000005}, {"l": "Coconut Oil", "v": 0.19102574963475}, {"l": "Rape and Mustard Oil", "v": 0.039693662261766238}, {"l": "Oilcrops Oil, Other", "v": 0.17873754351789475}, {"l": "Sweeteners, Other", "v": 0.0031837624939125004}, {"l": "Cottonseed Oil", "v": 0.30776370774487505}]}, {"source": 24, "prod": 174.0, "target": 11, "value": 0.45222422362512249, "supply": [{"l": "Treenuts", "v": 0.45222422362512249}]}, {"source": 24, "prod": 72.0, "target": 12, "value": 0.036228348745443395, "supply": [{"l": "Vegetables, Other", "v": 0.0018807035829018987}, {"l": "Onions", "v": 0.034347645162541497}]}, {"source": 24, "prod": 28.0, "target": 17, "value": 0.033805723744885718, "supply": [{"l": "Cocoa Beans", "v": 0.0024257238048857148}, {"l": "Tea", "v": 0.03137999994}]}, {"source": 24, "prod": 174.0, "target": 19, "value": 0.20041121567085457, "supply": [{"l": "Grapes", "v": 0.029932809771826926}, {"l": "Dates", "v": 0.14583686262437903}, {"l": "Bananas", "v": 0.003723698823289474}, {"l": "Fruits, Other", "v": 0.020917844451359167}]}, {"source": 24, "prod": 517.0, "target": 2, "value": 1.2528193173571407, "supply": [{"l": "Coconuts - Incl Copra", "v": 0.73948371216105557}, {"l": "Rape and Mustardseed", "v": 0.51333560519608501}]}, {"source": 24, "prod": 37.0, "target": 16, "value": 0.12857033212964655, "supply": [{"l": "Cloves", "v": 0.0034765222634676723}, {"l": "Pepper", "v": 0.0034765222634676723}, {"l": "Pimento", "v": 0.061479551606586205}, {"l": "Spices, Other", "v": 0.060137735996125007}]}, {"source": 24, "prod": 105.0, "target": 0, "value": 0.081807656363872758, "supply": [{"l": "Potatoes", "v": 0.074732628599622763}, {"l": "Cassava", "v": 0.0070750277642500003}]}, {"source": 20, "prod": 1.0, "target": 25, "value": 0.0014982411736058823, "supply": [{"l": "Meat, Other", "v": 0.0014982411736058823}]}, {"source": 11, "prod": 216.0, "target": 25, "value": 0.56138179484497963, "supply": [{"l": "Treenuts", "v": 0.56138179484497963}]}, {"source": 18, "prod": 1.0, "target": 25, "value": 0.0019295530266136365, "supply": [{"l": "Eggs", "v": 0.0019295530266136365}]}, {"source": 14, "prod": 216.0, "target": 25, "value": 0.57307724890425005, "supply": [{"l": "Nuts", "v": 0.57307724890425005}]}, {"source": 3, "prod": 93.0, "target": 25, "value": 0.031120561314369931, "supply": [{"l": "Sugar cane", "v": 0.031120561314369931}]}, {"source": 4, "prod": 2.0, "target": 25, "value": 0.019925588397275512, "supply": [{"l": "Butter, Ghee", "v": 0.019925588397275512}]}, {"source": 0, "prod": 54.0, "target": 25, "value": 0.047878994562003216, "supply": [{"l": "Potatoes", "v": 0.020589601757038927}, {"l": "Cassava", "v": 0.027289392804964292}]}, {"source": 6, "prod": 28.0, "target": 25, "value": 0.11487313449814218, "supply": [{"l": "Pulses, Other", "v": 0.11487313449814218}]}, {"source": 7, "prod": 222.0, "target": 25, "value": 0.17953707959186505, "supply": [{"l": "Crustaceans", "v": 0.010219484548361111}, {"l": "Marine Fish, Other", "v": 0.0021956982716637933}, {"l": "Demersal Fish", "v": 0.02387821870434375}, {"l": "Freshwater Fish", "v": 0.027684891251413046}, {"l": "Fish, Seafood", "v": 0.087258675759083332}, {"l": "Pelagic Fish", "v": 0.028300111057000001}]}, {"source": 9, "prod": 673.0, "target": 25, "value": 2.8103530120815967, "supply": [{"l": "Barley", "v": 0.01751525498083668}, {"l": "Rice", "v": 2.7167620428130617}, {"l": "Wheat", "v": 0.057370828083320925}, {"l": "Sorghum", "v": 0.015073352019737481}, {"l": "Millet", "v": 0.0036315341846399501}]}, {"source": 8, "prod": 519.0, "target": 25, "value": 2.1242106823718592, "supply": [{"l": "Sugar", "v": 2.1160248993954744}, {"l": "Sugar non-centrifugal", "v": 0.0081857829763848141}]}, {"source": 15, "prod": 222.0, "target": 25, "value": 2.3626298389016971, "supply": [{"l": "Groundnut Oil", "v": 0.80938317623019995}, {"l": "Coconut Oil", "v": 0.9126785815882501}, {"l": "Rape and Mustard Oil", "v": 0.049617077827207805}, {"l": "Oilcrops Oil, Other", "v": 0.56972591996328947}, {"l": "Cottonseed Oil", "v": 0.02122508329275}]}, {"source": 16, "prod": 62.0, "target": 25, "value": 0.2170691708014289, "supply": [{"l": "Pepper", "v": 0.066053923005885778}, {"l": "Pimento", "v": 0.030739775803293103}, {"l": "Spices, Other", "v": 0.12027547199225001}]}, {"source": 17, "prod": 474.0, "target": 25, "value": 0.53542443594153855, "supply": [{"l": "Cocoa Beans", "v": 0.0072771714146571435}, {"l": "Coffee", "v": 0.0086339321868813563}, {"l": "Tea", "v": 0.51951333234000008}]}, {"source": 12, "prod": 124.0, "target": 25, "value": 0.061368684547471089, "supply": [{"l": "Vegetables, Other", "v": 0.0042987510466329119}, {"l": "Onions", "v": 0.05706993350083818}]}, {"source": 19, "prod": 372.0, "target": 25, "value": 0.23457448557693739, "supply": [{"l": "Grapes", "v": 0.15184098047890385}, {"l": "Dates", "v": 0.045188887010370972}, {"l": "Apples", "v": 0.00055335412681284922}, {"l": "Bananas", "v": 0.0089368771758947391}, {"l": "Fruits, Other", "v": 0.026268920938916161}, {"l": "Grapefruit", "v": 0.0012889726696002028}, {"l": "Oranges, Mandarines", "v": 0.00049649317643859657}]}, {"source": 2, "prod": 571.0, "target": 25, "value": 1.585869532302653, "supply": [{"l": "Coconuts - Incl Copra", "v": 0.7326047939083945}, {"l": "Sesame seed", "v": 0.036385857073285718}, {"l": "Oilcrops, Other", "v": 0.072771714146571437}, {"l": "Cottonseed", "v": 0.023601637020509655}, {"l": "Groundnuts", "v": 0.18356828793729729}, {"l": "Rape and Mustardseed", "v": 0.53693724221659456}]}, {"source": 16, "prod": 4.0, "target": 26, "value": 0.013906089053870689, "supply": [{"l": "Pepper", "v": 0.013906089053870689}]}, {"source": 15, "prod": 56.0, "target": 26, "value": 0.56951394316880355, "supply": [{"l": "Sesameseed Oil", "v": 0.010612541646375}, {"l": "Soyabean Oil", "v": 0.20753414775133336}, {"l": "Rape and Mustard Oil", "v": 0.039693662261766238}, {"l": "Oilcrops Oil, Other", "v": 0.078197675289078963}, {"l": "Coconut Oil", "v": 0.23347591622024999}]}, {"source": 9, "prod": 2701.0, "target": 26, "value": 11.352240746224114, "supply": [{"l": "Maize", "v": 0.035202577168463416}, {"l": "Rice", "v": 11.31703816905565}]}, {"source": 27, "prod": 33.0, "target": 2, "value": 0.19651640824716024, "supply": [{"l": "Groundnuts", "v": 0.063101598978445944}, {"l": "Oilcrops, Other", "v": 0.1334148092687143}]}, {"source": 2, "prod": 18.0, "target": 26, "value": 0.057022611831268666, "supply": [{"l": "Coconuts - Incl Copra", "v": 0.020636754757982947}, {"l": "Sesame seed", "v": 0.036385857073285718}]}, {"source": 17, "prod": 4.0, "target": 26, "value": 0.0046488888800000003, "supply": [{"l": "Tea", "v": 0.0046488888800000003}]}, {"source": 27, "prod": 1008.0, "target": 21, "value": 4.1256346200979461, "supply": [{"l": "Sugar", "v": 4.1256346200979461}]}, {"source": 27, "prod": 94.0, "target": 9, "value": 0.33238834184736699, "supply": [{"l": "Wheat", "v": 0.31195387770305755}, {"l": "Barley", "v": 0.02043446414430946}]}, {"source": 1, "prod": 30884.0, "target": 5, "value": 23.654290403445501, "supply": [{"l": "Milk - Excluding Butter", "v": 23.654290403445501}]}, {"source": 1, "prod": 308.0, "target": 18, "value": 0.59430233219700013, "supply": [{"l": "Eggs", "v": 0.62710473364943198}]}, {"source": 1, "prod": 3343.0, "target": 20, "value": 6.0665833530327422, "supply": [{"l": "Pigmeat", "v": 0.53317409231388002}, {"l": "Bovine Meat", "v": 2.698733023990723}, {"l": "Poultry Meat", "v": 0.26787518914298275}, {"l": "Offals, Edible", "v": 0.53608496087974289}, {"l": "Meat, Other", "v": 0.14083467031895297}, {"l": "Mutton & Goat Meat", "v": 1.8898814163864599}]}, {"source": 1, "prod": 3752.0, "target": 7, "value": 3.0824984413196188, "supply": [{"l": "Pelagic Fish", "v": 0.33513289409605268}, {"l": "Crustaceans", "v": 0.084114218974972232}, {"l": "Freshwater Fish", "v": 0.83423805637591308}, {"l": "Molluscs, Other", "v": 0.00078611419602777775}, {"l": "Demersal Fish", "v": 0.29272927374584379}, {"l": "Fish, Seafood", "v": 1.4747502317481112}, {"l": "Marine Fish, Other", "v": 0.060747652182698286}]}, {"source": 21, "prod": 12668.0, "target": 8, "value": 51.370508624000486, "supply": [{"l": "Honey", "v": 0.092282970838043474}, {"l": "Sweeteners, Other", "v": 1.6396376843649376}, {"l": "Sugar non-centrifugal", "v": 31.666701444144646}, {"l": "Sugar", "v": 17.971886524652859}]}, {"source": 21, "prod": 2906.0, "target": 15, "value": 30.382219672028558, "supply": [{"l": "Olive Oil", "v": 0.02122508329275}, {"l": "Ricebran Oil", "v": 0.38205149926950005}, {"l": "Sesameseed Oil", "v": 1.6343314135417502}, {"l": "Soyabean Oil", "v": 0.99050388699500014}, {"l": "Coconut Oil", "v": 3.8099024510486252}, {"l": "Rape and Mustard Oil", "v": 4.9220141204590133}, {"l": "Palm Oil", "v": 0.37841291356217149}, {"l": "Groundnut Oil", "v": 12.6699597202189}, {"l": "Cottonseed Oil", "v": 2.2180212040923752}, {"l": "Oilcrops Oil, Other", "v": 3.0161960468644744}, {"l": "Sunflowerseed Oil", "v": 0.339601332684}]}, {"source": 21, "prod": 469.0, "target": 13, "value": 1.5151395862668022, "supply": [{"l": "Beer", "v": 0.014101695803522213}, {"l": "Beverages, Alcoholic", "v": 0.74712293190480006}, {"l": "Alcohol, Non-Food", "v": 0.75051894523163998}, {"l": "Beverages, Fermented", "v": 0.0033960133268400002}]}, {"source": 21, "prod": 854.0, "target": 4, "value": 7.9964615286188705, "supply": [{"l": "Fats, Animals, Raw", "v": 1.752034148165182}, {"l": "Fish, Body Oil", "v": 0.017681006305092301}, {"l": "Butter, Ghee", "v": 6.2267463741485969}]}, {"source": 28, "prod": 0, "target": 2, "value": 0.0099150180241016871, "supply": "[{\"l\":'Energy for power irrigation',\"v\":0.0099150180241016871}]"}, {"source": 28, "prod": 0, "target": 11, "value": 0.00027144729736652975, "supply": "[{\"l\":'Energy for power irrigation',\"v\":0.00027144729736652975}]"}, {"source": 28, "prod": 0, "target": 12, "value": 0.014866253451489606, "supply": "[{\"l\":'Energy for power irrigation',\"v\":0.014866253451489606}]"}, {"source": 28, "prod": 0, "target": 3, "value": 0.071608531513738874, "supply": "[{\"l\":'Energy for power irrigation',\"v\":0.071608531513738874}]"}, {"source": 28, "prod": 0, "target": 0, "value": 0.0049053311493665215, "supply": "[{\"l\":'Energy for power irrigation',\"v\":0.0049053311493665215}]"}, {"source": 28, "prod": 0, "target": 6, "value": 0.0080081543150928407, "supply": "[{\"l\":'Energy for power irrigation',\"v\":0.0080081543150928407}]"}, {"source": 28, "prod": 0, "target": 14, "value": 0.00027175332588667237, "supply": "[{\"l\":'Energy for power irrigation',\"v\":0.00027175332588667237}]"}, {"source": 28, "prod": 0, "target": 19, "value": 0.011440876225532933, "supply": "[{\"l\":'Energy for power irrigation',\"v\":0.011440876225532933}]"}, {"source": 28, "prod": 0, "target": 9, "value": 0.063350657926209641, "supply": "[{\"l\":'Energy for power irrigation',\"v\":0.063350657926209641}]"}, {"source": 28, "prod": 0, "target": 16, "value": 0.00062429818109100408, "supply": "[{\"l\":'Energy for power irrigation',\"v\":0.00062429818109100408}]"}, {"source": 28, "prod": 0, "target": 17, "value": 0.00041803495851485859, "supply": "[{\"l\":'Energy for power irrigation',\"v\":0.00041803495851485859}]"}, {"source": 28, "prod": 0, "target": 21, "value": 3.7657165869600489, "supply": "[{\"l\":'Electricity',\"v\":3.7657165869600489}]"}, {"source": 29, "prod": 0, "target": 28, "value": 5.7379314245987834, "supply": [{"l": "Coal", "v": 4.4543363813212622}, {"l": "Natural gas", "v": 0.53558776156570165}, {"l": "Oil", "v": 0.74800728171181929}]}, {"source": 30, "prod": 0, "target": 28, "value": 1.7210837605520326, "supply": [{"l": "Nuclear", "v": 0.085226529577354868}, {"l": "Hydroelectric", "v": 1.6358572309746777}, {"l": "Renewable", "v": 0.0}]}, {"source": 29, "prod": 0, "target": 2, "value": 1.7137406683978809, "supply": [{"l": "Motor Gasoline", "v": 0.015551270187438822}, {"l": "Gas-Diesel oil", "v": 0.064419133078606292}, {"l": "Natural gas (including LNG)", "v": 0.050926170136591058}, {"l": "Fuel oil", "v": 0.11086083367015967}, {"l": "Liquefied petroleum gas (LPG)", "v": 0.0024555808153726164}, {"l": "Other fossil fuels", "v": 1.4695276805097124}]}, {"source": 29, "prod": 0, "target": 11, "value": 0.046917743537421536, "supply": [{"l": "Motor Gasoline", "v": 0.00042575316078453766}, {"l": "Gas-Diesel oil", "v": 0.001763627613220278}, {"l": "Natural gas (including LNG)", "v": 0.0013942255289100364}, {"l": "Fuel oil", "v": 0.0030350800785651296}, {"l": "Liquefied petroleum gas (LPG)", "v": 6.7227389216812587e-05}, {"l": "Other fossil fuels", "v": 0.040231829766724743}]}, {"source": 29, "prod": 0, "target": 12, "value": 2.5695266579040172, "supply": [{"l": "Motor Gasoline", "v": 0.023317065439223527}, {"l": "Gas-Diesel oil", "v": 0.096587939340490023}, {"l": "Natural gas (including LNG)", "v": 0.076357032405176717}, {"l": "Fuel oil", "v": 0.16622110491154099}, {"l": "Liquefied petroleum gas (LPG)", "v": 0.003681817489711749}, {"l": "Other fossil fuels", "v": 2.2033616983178739}]}, {"source": 29, "prod": 0, "target": 3, "value": 12.377027692843154, "supply": [{"l": "Motor Gasoline", "v": 0.11231483579645582}, {"l": "Gas-Diesel oil", "v": 0.46524973630242672}, {"l": "Natural gas (including LNG)", "v": 0.36780046695179952}, {"l": "Fuel oil", "v": 0.80066233689254829}, {"l": "Liquefied petroleum gas (LPG)", "v": 0.017734767175884587}, {"l": "Other fossil fuels", "v": 10.613265549724039}]}, {"source": 29, "prod": 0, "target": 0, "value": 0.84785176004659502, "supply": [{"l": "Motor Gasoline", "v": 0.0076937964083600378}, {"l": "Gas-Diesel oil", "v": 0.031870560329546598}, {"l": "Natural gas (including LNG)", "v": 0.025195085685342698}, {"l": "Fuel oil", "v": 0.054847010799684848}, {"l": "Liquefied petroleum gas (LPG)", "v": 0.0012148678937500439}, {"l": "Other fossil fuels", "v": 0.72703043892991082}]}, {"source": 29, "prod": 0, "target": 6, "value": 1.3841527766485306, "supply": [{"l": "Motor Gasoline", "v": 0.012560438231578106}, {"l": "Gas-Diesel oil", "v": 0.052029997049321569}, {"l": "Natural gas (including LNG)", "v": 0.041132010868678501}, {"l": "Fuel oil", "v": 0.089539994922088278}, {"l": "Liquefied petroleum gas (LPG)", "v": 0.0019833216697018622}, {"l": "Other fossil fuels", "v": 1.1869070139071622}]}, {"source": 29, "prod": 0, "target": 14, "value": 0.04697063840048514, "supply": [{"l": "Motor Gasoline", "v": 0.00042623315307403542}, {"l": "Gas-Diesel oil", "v": 0.0017656159194358589}, {"l": "Natural gas (including LNG)", "v": 0.0013957973727983229}, {"l": "Fuel oil", "v": 0.0030385018148431061}, {"l": "Liquefied petroleum gas (LPG)", "v": 6.7303181087406507e-05}, {"l": "Other fossil fuels", "v": 0.040277186959246411}]}, {"source": 29, "prod": 0, "target": 19, "value": 1.9774744556330373, "supply": [{"l": "Motor Gasoline", "v": 0.017944511742874789}, {"l": "Gas-Diesel oil", "v": 0.074332827869492774}, {"l": "Natural gas (including LNG)", "v": 0.058763383763587043}, {"l": "Fuel oil", "v": 0.12792161075215036}, {"l": "Liquefied petroleum gas (LPG)", "v": 0.0028334790821539328}, {"l": "Other fossil fuels", "v": 1.6956786424227783}]}, {"source": 29, "prod": 0, "target": 9, "value": 10.949712707934717, "supply": [{"l": "Motor Gasoline", "v": 0.099362723856647531}, {"l": "Gas-Diesel oil", "v": 0.41159728138119112}, {"l": "Natural gas (including LNG)", "v": 0.32538583147027927}, {"l": "Fuel oil", "v": 0.70833020516763123}, {"l": "Liquefied petroleum gas (LPG)", "v": 0.015689599339778079}, {"l": "Other fossil fuels", "v": 9.3893470667191909}]}, {"source": 29, "prod": 0, "target": 16, "value": 0.10790552064976316, "supply": [{"l": "Motor Gasoline", "v": 0.00097918427057548684}, {"l": "Gas-Diesel oil", "v": 0.0040561446797850809}, {"l": "Natural gas (including LNG)", "v": 0.0032065615321042549}, {"l": "Fuel oil", "v": 0.0069803420070719997}, {"l": "Liquefied petroleum gas (LPG)", "v": 0.00015461541601160956}, {"l": "Other fossil fuels", "v": 0.092528672744214724}]}, {"source": 29, "prod": 0, "target": 17, "value": 0.072254382944890436, "supply": [{"l": "Motor Gasoline", "v": 0.00065566946745397798}, {"l": "Gas-Diesel oil", "v": 0.0027160262904835399}, {"l": "Natural gas (including LNG)", "v": 0.0021471387513992217}, {"l": "Fuel oil", "v": 0.0046740917557158588}, {"l": "Liquefied petroleum gas (LPG)", "v": 0.00010353169523130325}, {"l": "Other fossil fuels", "v": 0.061957924984606533}]}, {"source": 31, "prod": 90.3187117039339, "target": 2, "value": 1.2077419695922971, "supply": [{"l": "Potash", "v": 0.41758016208949505}, {"l": "Phosphate", "v": 1.7395812967508291}, {"l": "Nitrogen", "v": 20.460443347307073}]}, {"source": 31, "prod": 2.4726904312290308, "target": 11, "value": 0.033064820736083446, "supply": [{"l": "Potash", "v": 0.41758016208949505}, {"l": "Phosphate", "v": 1.7395812967508291}, {"l": "Nitrogen", "v": 20.460443347307073}]}, {"source": 31, "prod": 135.42091969362329, "target": 12, "value": 1.8108487730749285, "supply": [{"l": "Potash", "v": 0.41758016208949505}, {"l": "Phosphate", "v": 1.7395812967508291}, {"l": "Nitrogen", "v": 20.460443347307073}]}, {"source": 31, "prod": 652.30242623965569, "target": 3, "value": 8.722589175308201, "supply": [{"l": "Potash", "v": 0.41758016208949505}, {"l": "Phosphate", "v": 1.7395812967508291}, {"l": "Nitrogen", "v": 20.460443347307073}]}, {"source": 31, "prod": 44.68405289985359, "target": 0, "value": 0.59751523289592057, "supply": [{"l": "Potash", "v": 0.41758016208949505}, {"l": "Phosphate", "v": 1.7395812967508291}, {"l": "Nitrogen", "v": 20.460443347307073}]}, {"source": 31, "prod": 72.948549272154764, "target": 6, "value": 0.97546812742032873, "supply": [{"l": "Potash", "v": 0.41758016208949505}, {"l": "Phosphate", "v": 1.7395812967508291}, {"l": "Nitrogen", "v": 20.460443347307073}]}, {"source": 31, "prod": 2.475478131827936, "target": 14, "value": 0.033102097873328185, "supply": [{"l": "Potash", "v": 0.41758016208949505}, {"l": "Phosphate", "v": 1.7395812967508291}, {"l": "Nitrogen", "v": 20.460443347307073}]}, {"source": 31, "prod": 104.21818689007588, "target": 19, "value": 1.3936057758945655, "supply": [{"l": "Potash", "v": 0.41758016208949505}, {"l": "Phosphate", "v": 1.7395812967508291}, {"l": "Nitrogen", "v": 20.460443347307073}]}, {"source": 31, "prod": 577.07911327879424, "target": 9, "value": 7.7167029038961648, "supply": [{"l": "Potash", "v": 0.41758016208949505}, {"l": "Phosphate", "v": 1.7395812967508291}, {"l": "Nitrogen", "v": 20.460443347307073}]}, {"source": 31, "prod": 5.6869092217668795, "target": 16, "value": 0.076045359979267452, "supply": [{"l": "Potash", "v": 0.41758016208949505}, {"l": "Phosphate", "v": 1.7395812967508291}, {"l": "Nitrogen", "v": 20.460443347307073}]}, {"source": 31, "prod": 3.8079990181046854, "target": 17, "value": 0.050920569476313404, "supply": [{"l": "Potash", "v": 0.41758016208949505}, {"l": "Phosphate", "v": 1.7395812967508291}, {"l": "Nitrogen", "v": 20.460443347307073}]}, {"source": 29, "prod": 0, "target": 31, "value": 27.004111619350141, "supply": [{"l": "Natural gas (including LNG)", "v": 18.333246874291316}, {"l": "Fuel oil", "v": 5.054047899453078}, {"l": "Liquefied petroleum gas (LPG)", "v": 1.8084084228028741}, {"l": "Coal", "v": 1.8084084228028741}]}, {"source": 32, "prod": 0, "target": 2, "value": 4.516547501554542, "supply": "[{\"l\":'Labor',\"v\":4.516547501554542}]"}, {"source": 32, "prod": 0, "target": 11, "value": 0.12365127423312075, "supply": "[{\"l\":'Labor',\"v\":0.12365127423312075}]"}, {"source": 32, "prod": 0, "target": 12, "value": 6.7719634720366848, "supply": "[{\"l\":'Labor',\"v\":6.7719634720366848}]"}, {"source": 32, "prod": 0, "target": 3, "value": 32.61954071209766, "supply": "[{\"l\":'Labor',\"v\":32.61954071209766}]"}, {"source": 32, "prod": 0, "target": 0, "value": 2.234505382956812, "supply": "[{\"l\":'Labor',\"v\":2.234505382956812}]"}, {"source": 32, "prod": 0, "target": 6, "value": 3.6479216957523151, "supply": "[{\"l\":'Labor',\"v\":3.6479216957523151}]"}, {"source": 32, "prod": 0, "target": 9, "value": 28.857865420207546, "supply": "[{\"l\":'Labor',\"v\":28.857865420207546}]"}, {"source": 32, "prod": 0, "target": 16, "value": 0.28438399034449413, "supply": "[{\"l\":'Labor',\"v\":0.28438399034449413}]"}, {"source": 32, "prod": 0, "target": 17, "value": 0.19042575039734266, "supply": "[{\"l\":'Labor',\"v\":0.19042575039734266}]"}, {"source": 32, "prod": 0, "target": 19, "value": 5.2116154308965266, "supply": "[{\"l\":'Labor',\"v\":5.2116154308965266}]"}, {"source": 32, "prod": 0, "target": 14, "value": 0.12379067814995628, "supply": "[{\"l\":'Labor',\"v\":0.12379067814995628}]"}, {"source": 29, "prod": 0, "target": 24, "value": 11.900664777786563, "supply": "[{\"l\":'Fossil Fuels',\"v\":11.900664777786563}]"}, {"source": 30, "prod": 0, "target": 24, "value": 21.461109483294777, "supply": "[{\"l\":'Renewables & Nuclear',\"v\":0.5735608578013236},{\"l\":'Biomass & Waste',\"v\":20.887548625493455}]"}]}