{"nodes": [{"layer": 5, "name": "Starchy Roots"}, {"layer": 10, "name": "Feed", "fill": "#dbdb8d"}, {"layer": 5, "name": "Oilcrops", "fill": "#ff9896"}, {"layer": 5, "name": "Sugar Crops", "fill": "#ffbb78"}, {"layer": 13, "name": "Animal Fats"}, {"layer": 13, "name": "Milk - Excluding Butter"}, {"layer": 5, "name": "Pulses"}, {"layer": 13, "name": "Fish, Seafood"}, {"layer": 13, "name": "Sugar & Sweeteners"}, {"layer": 5, "name": "Cereals - Excluding Beer"}, {"layer": 16, "name": "Food", "fill": "#b5cf6b"}, {"layer": 5, "name": "Treenuts"}, {"layer": 5, "name": "Vegetables"}, {"layer": 13, "name": "Alcoholic Beverages"}, {"layer": 5, "name": "Others"}, {"layer": 13, "name": "Vegetable Oils", "fill": "#f7b6d2"}, {"layer": 5, "name": "Spices"}, {"layer": 5, "name": "Stimulants"}, {"layer": 13, "name": "Eggs"}, {"layer": 5, "name": "Fruits - Excluding Wine"}, {"layer": 13, "name": "Meat"}, {"layer": 10, "name": "Processing", "fill": "#9edae5"}, {"layer": 16, "name": "Biofuels & Other", "fill": "#e7ba52"}, {"name": "Waste", "fill": "#c7c7c7"}, {"layer": 2, "name": "Import", "fill": "#aec7e8"}, {"layer": 16, "name": "Export", "fill": "#aec7e8"}, {"layer": 16, "name": "Stock Deposit", "fill": "#c7c7c7"}, {"layer": 0, "name": "Stock Draw", "fill": "#c7c7c7"}, {"layer": 2, "name": "Electricity", "fill": "#bcbd22"}, {"layer": 0, "name": "Fossil Fuels", "fill": "#c49c94"}, {"layer": 0, "name": "Renewables & Nuclear", "fill": "#2ca02c"}, {"layer": 2, "name": "Fertilizers", "fill": "#c5b0d5"}, {"layer": 0, "name": "Labor", "fill": "#7f7f7f"}], "links": [{"source": 0, "prod": 120.0, "target": 1, "value": 0.12522086094011659, "supply": [{"l": "Sweet potatoes", "v": 0.02206376439550304}, {"l": "Cassava", "v": 0.10315709654461354}]}, {"source": 2, "prod": 1456.0, "target": 1, "value": 9.0862976317862465, "supply": [{"l": "Cottonseed", "v": 8.9832043700786031}, {"l": "Oilcrops, Other", "v": 0.10309326170764287}]}, {"source": 3, "prod": 1494.0, "target": 1, "value": 0.49547303811513288, "supply": [{"l": "Sugar beet", "v": 0.010280899719925782}, {"l": "Sugar cane", "v": 0.48519213839520708}]}, {"source": 4, "prod": 2.0, "target": 1, "value": 0.017653357477529018, "supply": [{"l": "Fish, Body Oil", "v": 0.017653357477529018}]}, {"source": 5, "prod": 3988.0, "target": 1, "value": 2.9974588759725957, "supply": [{"l": "Milk - Excluding Butter", "v": 2.9974588759725957}]}, {"source": 6, "prod": 1251.0, "target": 1, "value": 5.0892902749116953, "supply": [{"l": "Beans", "v": 0.36203133336891491}, {"l": "Pulses, Other", "v": 4.537937395676062}, {"l": "Peas", "v": 0.18932154586671898}]}, {"source": 7, "prod": 214.0, "target": 1, "value": 0.18684584373568336, "supply": [{"l": "Fish, Seafood", "v": 0.082335368422631436}, {"l": "Pelagic Fish", "v": 0.077989840936151161}, {"l": "Marine Fish, Other", "v": 0.021696751810366663}, {"l": "Demersal Fish", "v": 0.0048238825665340912}]}, {"source": 8, "prod": 296.0, "target": 1, "value": 1.2079799425839677, "supply": [{"l": "Sugar non-centrifugal", "v": 1.2079799425839677}]}, {"source": 9, "prod": 3277.0, "target": 1, "value": 11.080664335358662, "supply": [{"l": "Maize", "v": 2.2193279267116641}, {"l": "Barley", "v": 3.9768087878507044}, {"l": "Rice", "v": 1.9910904286197222}, {"l": "Sorghum", "v": 0.49317487112634412}, {"l": "Wheat", "v": 1.8071728507556692}, {"l": "Millet", "v": 0.59308947029455716}]}, {"source": 5, "prod": 27703.0, "target": 10, "value": 20.822117161752463, "supply": [{"l": "Milk - Excluding Butter", "v": 20.822117161752463}]}, {"source": 2, "prod": 3652.0, "target": 10, "value": 8.2567882335778471, "supply": [{"l": "Olives", "v": 0.056184044010220591}, {"l": "Coconuts - Incl Copra", "v": 5.4370173362708396}, {"l": "Sesame seed", "v": 0.58777153733769227}, {"l": "Groundnuts", "v": 1.5169691882759559}, {"l": "Oilcrops, Other", "v": 0.1334148092687143}, {"l": "Soyabeans", "v": 0.019774922322437889}, {"l": "Rape and Mustardseed", "v": 0.50565639609198532}]}, {"source": 8, "prod": 12280.0, "target": 10, "value": 49.842108927795621, "supply": [{"l": "Sugar", "v": 16.18937983861689}, {"l": "Sugar non-centrifugal", "v": 32.301220424162508}, {"l": "Sweeteners, Other", "v": 1.201922363714941}, {"l": "Honey", "v": 0.14958630130128572}]}, {"source": 11, "prod": 371.0, "target": 10, "value": 0.90859683480118281, "supply": [{"l": "Treenuts", "v": 0.90859683480118281}]}, {"source": 12, "prod": 27590.0, "target": 10, "value": 7.6854728026088122, "supply": [{"l": "Tomatoes", "v": 0.14137073826180277}, {"l": "Vegetables, Other", "v": 6.6390645127441488}, {"l": "Onions", "v": 0.90503755160286015}]}, {"source": 13, "prod": 292.0, "target": 10, "value": 0.95421180217682244, "supply": [{"l": "Beer", "v": 0.028026349402276905}, {"l": "Beverages, Alcoholic", "v": 0.91846724066809105}, {"l": "Beverages, Fermented", "v": 0.007718212106454546}]}, {"source": 3, "prod": 4552.0, "target": 10, "value": 1.5096340491968439, "supply": [{"l": "Sugar cane", "v": 1.5096340491968439}]}, {"source": 4, "prod": 747.0, "target": 10, "value": 7.2530666640815147, "supply": [{"l": "Fats, Animals, Raw", "v": 0.5865841200905455}, {"l": "Butter, Ghee", "v": 6.666482543990969}]}, {"source": 0, "prod": 11233.0, "target": 10, "value": 10.916932405886827, "supply": [{"l": "Roots, Other", "v": 0.054123962396512501}, {"l": "Potatoes", "v": 3.3218904971026246}, {"l": "Sweet potatoes", "v": 2.7150042714045322}, {"l": "Cassava", "v": 4.8259136749831582}]}, {"source": 6, "prod": 10870.0, "target": 10, "value": 44.032319569020004, "supply": [{"l": "Peas", "v": 3.911302575246471}, {"l": "Beans", "v": 6.3336019289378989}, {"l": "Pulses, Other", "v": 33.787415064835635}]}, {"source": 7, "prod": 4706.0, "target": 10, "value": 3.7724852354565357, "supply": [{"l": "Freshwater Fish", "v": 0.90303081645518191}, {"l": "Marine Fish, Other", "v": 0.077353636889133326}, {"l": "Crustaceans", "v": 0.073870984753015123}, {"l": "Demersal Fish", "v": 0.30486937820495458}, {"l": "Fish, Seafood", "v": 1.8106086158733812}, {"l": "Pelagic Fish", "v": 0.60121282443184887}, {"l": "Cephalopods", "v": 0.0015389788490211484}]}, {"source": 14, "prod": 373.0, "target": 10, "value": 0.91092127924118282, "supply": [{"l": "Nuts", "v": 0.90859683480118281}, {"l": "Infant food", "v": 0.0023244444400000001}]}, {"source": 9, "prod": 106569.0, "target": 10, "value": 413.15064734393701, "supply": [{"l": "Maize", "v": 21.732531314027533}, {"l": "Barley", "v": 9.0621457894909447}, {"l": "Cereals, Other", "v": 0.02165143742350454}, {"l": "Rice", "v": 214.56209352468468}, {"l": "Wheat", "v": 107.41405997679638}, {"l": "Sorghum", "v": 35.015415849970431}, {"l": "Millet", "v": 25.342749451543501}]}, {"source": 15, "prod": 2625.0, "target": 10, "value": 26.580929920241388, "supply": [{"l": "Ricebran Oil", "v": 0.28866113278140004}, {"l": "Groundnut Oil", "v": 11.751404091027709}, {"l": "Soyabean Oil", "v": 1.2098297476867501}, {"l": "Palm Oil", "v": 0.010612541646375}, {"l": "Sunflowerseed Oil", "v": 0.32898879103762502}, {"l": "Olive Oil", "v": 0.020214365040714291}, {"l": "Coconut Oil", "v": 2.4071741522601182}, {"l": "Rape and Mustard Oil", "v": 6.0672677119763412}, {"l": "Oilcrops Oil, Other", "v": 1.5059701955332145}, {"l": "Sesameseed Oil", "v": 1.4857558304925}, {"l": "Cottonseed Oil", "v": 1.5050513607586364}]}, {"source": 16, "prod": 826.0, "target": 10, "value": 2.7199319972503453, "supply": [{"l": "Cloves", "v": 0.0033294248302352947}, {"l": "Pimento", "v": 1.507605180940919}, {"l": "Pepper", "v": 0.013317699320941179}, {"l": "Spices, Other", "v": 1.19567969215825}]}, {"source": 17, "prod": 306.0, "target": 10, "value": 0.34006391517760309, "supply": [{"l": "Coffee", "v": 0.026444366069655736}, {"l": "Cocoa Beans", "v": 0.0044684385879473695}, {"l": "Tea", "v": 0.30915111051999999}]}, {"source": 18, "prod": 406.0, "target": 10, "value": 0.60472868890221054, "supply": [{"l": "Eggs", "v": 0.60472868890221054}]}, {"source": 19, "prod": 19550.0, "target": 10, "value": 11.565186863097241, "supply": [{"l": "Plantains", "v": 0.30123291288556731}, {"l": "Citrus, Other", "v": 0.052361438960088103}, {"l": "Apples", "v": 0.13632192671529123}, {"l": "Grapes", "v": 0.60598586428475232}, {"l": "Dates", "v": 0.90172369988876622}, {"l": "Grapefruit", "v": 0.025432698923471365}, {"l": "Pineapples", "v": 0.30285342728162684}, {"l": "Lemons, Limes", "v": 0.48464666574000004}, {"l": "Bananas", "v": 2.4153583771732072}, {"l": "Fruits, Other", "v": 5.7349994637358961}, {"l": "Oranges, Mandarines", "v": 0.60427038750857498}]}, {"source": 20, "prod": 3808.0, "target": 10, "value": 6.9546899337022161, "supply": [{"l": "Meat, Other", "v": 0.30281118830990006}, {"l": "Pigmeat", "v": 0.61198990160762501}, {"l": "Mutton & Goat Meat", "v": 2.1162961097746829}, {"l": "Poultry Meat", "v": 0.29833033739254172}, {"l": "Offals, Edible", "v": 0.6076438131238715}, {"l": "Bovine Meat", "v": 3.0176185834935949}]}, {"source": 2, "prod": 9530.0, "target": 21, "value": 47.855793418861211, "supply": [{"l": "Olives", "v": 0.043698700896838236}, {"l": "Soyabeans", "v": 0.039549844644875778}, {"l": "Sunflower seed", "v": 0.13733877424720589}, {"l": "Coconuts - Incl Copra", "v": 4.3299169917210003}, {"l": "Sesame seed", "v": 2.5078252259741536}, {"l": "Cottonseed", "v": 8.8458655958313983}, {"l": "Rape and Mustardseed", "v": 11.274264831384265}, {"l": "Groundnuts", "v": 16.380770164757649}, {"l": "Oilcrops, Other", "v": 4.2753382061110718}, {"l": "Oil Palm", "v": 0.02122508329275001}]}, {"source": 3, "prod": 111752.0, "target": 21, "value": 37.061648564553096, "supply": [{"l": "Sugar beet", "v": 1.173349135777336}, {"l": "Sugar cane", "v": 35.88829942877576}]}, {"source": 0, "prod": 58.0, "target": 21, "value": 0.046775831228927471, "supply": [{"l": "Potatoes", "v": 0.046775831228927471}]}, {"source": 8, "prod": 322.0, "target": 21, "value": 1.07432956080368, "supply": [{"l": "Sugar", "v": 0.012243039958621294}, {"l": "Sweeteners, Other", "v": 1.0620865208450587}]}, {"source": 9, "prod": 177.0, "target": 21, "value": 0.69558794403703961, "supply": [{"l": "Maize", "v": 0.017585799736225548}, {"l": "Rice", "v": 0.57670061040359821}, {"l": "Barley", "v": 0.10130153389721591}]}, {"source": 19, "prod": 41.0, "target": 21, "value": 0.026047442483956747, "supply": [{"l": "Fruits, Other", "v": 0.014201604000370675}, {"l": "Citrus, Other", "v": 0.00074802055657268731}, {"l": "Apples", "v": 0.0010211380278298968}, {"l": "Lemons, Limes", "v": 0.0092977777600000006}, {"l": "Grapes", "v": 0.00077890213918348629}]}, {"source": 20, "prod": 1.0, "target": 21, "value": 0.0028300111056999999, "supply": [{"l": "Meat, Other", "v": 0.0028300111056999999}]}, {"source": 2, "prod": 348.0, "target": 22, "value": 2.1722713396840527, "supply": [{"l": "Cottonseed", "v": 1.9040148247908091}, {"l": "Rape and Mustardseed", "v": 0.26219220538102944}, {"l": "Oilcrops, Other", "v": 0.0060643095122142861}]}, {"source": 4, "prod": 316.0, "target": 22, "value": 2.4389550256396366, "supply": [{"l": "Fats, Animals, Raw", "v": 2.4389550256396366}]}, {"source": 0, "prod": 40.0, "target": 22, "value": 0.032259193950984463, "supply": [{"l": "Potatoes", "v": 0.032259193950984463}]}, {"source": 7, "prod": 48.0, "target": 22, "value": 0.04162238250761742, "supply": [{"l": "Demersal Fish", "v": 0.023154636319363639}, {"l": "Fish, Seafood", "v": 0.018467746188253781}]}, {"source": 13, "prod": 428.0, "target": 22, "value": 1.6516973907812731, "supply": [{"l": "Alcohol, Non-Food", "v": 1.285082315724682}, {"l": "Beverages, Alcoholic", "v": 0.36661507505659097}]}, {"source": 9, "prod": 146.0, "target": 22, "value": 0.57946934389463145, "supply": [{"l": "Maize", "v": 0.16530651752052017}, {"l": "Wheat", "v": 0.0071571202010125515}, {"l": "Barley", "v": 0.0028943295399204549}, {"l": "Rice", "v": 0.40411137663317825}]}, {"source": 15, "prod": 245.0, "target": 22, "value": 2.4445711494321078, "supply": [{"l": "Ricebran Oil", "v": 0.076410299853900007}, {"l": "Soyabean Oil", "v": 0.13796304140287499}, {"l": "Coconut Oil", "v": 0.099882744907058854}, {"l": "Rape and Mustard Oil", "v": 0.082829593337560958}, {"l": "Oilcrops Oil, Other", "v": 1.3846840052889289}, {"l": "Palm Oil", "v": 0.053062708231874998}, {"l": "Cottonseed Oil", "v": 0.58851367311715908}, {"l": "Sunflowerseed Oil", "v": 0.02122508329275}]}, {"source": 2, "prod": 687.0, "target": 2, "value": 4.2811764312926615, "supply": [{"l": "Sunflower seed", "v": 0.0062426715566911775}, {"l": "Soyabeans", "v": 0.0079099689289751553}, {"l": "Sesame seed", "v": 0.078369538311692299}, {"l": "Cottonseed", "v": 1.5419398745027206}, {"l": "Groundnuts", "v": 2.2286337457387502}, {"l": "Rape and Mustardseed", "v": 0.19976548981411768}, {"l": "Oilcrops, Other", "v": 0.21831514243971434}]}, {"source": 18, "prod": 23.0, "target": 18, "value": 0.034258029174263155, "supply": [{"l": "Eggs", "v": 0.034258029174263155}]}, {"source": 3, "prod": 6668.0, "target": 3, "value": 2.2113883655633906, "supply": [{"l": "Sugar cane", "v": 2.2113883655633906}]}, {"source": 0, "prod": 896.0, "target": 0, "value": 0.72260594450205184, "supply": [{"l": "Potatoes", "v": 0.72260594450205184}]}, {"source": 6, "prod": 915.0, "target": 6, "value": 3.6895629623491852, "supply": [{"l": "Peas", "v": 0.20946213585254014}, {"l": "Beans", "v": 0.91091754847662454}, {"l": "Pulses, Other", "v": 2.5691832780200206}]}, {"source": 9, "prod": 7504.0, "target": 9, "value": 28.742091375212954, "supply": [{"l": "Maize", "v": 1.7234083741501036}, {"l": "Wheat", "v": 9.0823855350849279}, {"l": "Millet", "v": 1.2189262119550714}, {"l": "Barley", "v": 1.2358787135460343}, {"l": "Rice", "v": 14.190202610733794}, {"l": "Sorghum", "v": 1.2912899297430229}]}, {"source": 12, "prod": 18.0, "target": 12, "value": 0.0076410299853900011, "supply": [{"l": "Onions", "v": 0.0076410299853900011}]}, {"source": 5, "prod": 1616.0, "target": 23, "value": 1.214617237605746, "supply": [{"l": "Milk - Excluding Butter", "v": 1.214617237605746}]}, {"source": 2, "prod": 448.0, "target": 23, "value": 2.2259756144003253, "supply": [{"l": "Coconuts - Incl Copra", "v": 0.21225083292749999}, {"l": "Sesame seed", "v": 0.052246358874461538}, {"l": "Cottonseed", "v": 0.86148867482338232}, {"l": "Groundnuts", "v": 0.61178181255573538}, {"l": "Oilcrops, Other", "v": 0.090964642683214303}, {"l": "Soyabeans", "v": 0.0039549844644875777}, {"l": "Rape and Mustardseed", "v": 0.39328830807154419}]}, {"source": 11, "prod": 6.0, "target": 23, "value": 0.014694288433442311, "supply": [{"l": "Treenuts", "v": 0.014694288433442311}]}, {"source": 12, "prod": 2421.0, "target": 23, "value": 0.66421095969623256, "supply": [{"l": "Tomatoes", "v": 0.015772768318465597}, {"l": "Vegetables, Other", "v": 0.59325297481661687}, {"l": "Onions", "v": 0.055185216561150011}]}, {"source": 3, "prod": 1715.0, "target": 23, "value": 0.56876590386041015, "supply": [{"l": "Sugar cane", "v": 0.56876590386041015}]}, {"source": 0, "prod": 1319.0, "target": 23, "value": 1.1786863333437063, "supply": [{"l": "Roots, Other", "v": 0.0084900333171}, {"l": "Potatoes", "v": 0.720186504955728}, {"l": "Sweet potatoes", "v": 0.19160637501357905}, {"l": "Cassava", "v": 0.25840342005729927}]}, {"source": 6, "prod": 398.0, "target": 23, "value": 1.6079761358846221, "supply": [{"l": "Peas", "v": 0.15306848389224087}, {"l": "Beans", "v": 0.31531761293421623}, {"l": "Pulses, Other", "v": 1.139590039058165}]}, {"source": 14, "prod": 6.0, "target": 23, "value": 0.014694288433442311, "supply": [{"l": "Nuts", "v": 0.014694288433442311}]}, {"source": 9, "prod": 5030.0, "target": 23, "value": 19.210777528819371, "supply": [{"l": "Maize", "v": 2.6765587198535288}, {"l": "Barley", "v": 0.49493035132639773}, {"l": "Rice", "v": 8.1916743638350518}, {"l": "Wheat", "v": 3.9936730721650036}, {"l": "Sorghum", "v": 2.5185800670498026}, {"l": "Millet", "v": 1.3353609545895855}]}, {"source": 16, "prod": 29.0, "target": 23, "value": 0.092807717142808832, "supply": [{"l": "Pepper", "v": 0.0033294248302352947}, {"l": "Pimento", "v": 0.071790722901948531}, {"l": "Spices, Other", "v": 0.017687569410625003}]}, {"source": 17, "prod": 6.0, "target": 23, "value": 0.0065070154702540984, "supply": [{"l": "Coffee", "v": 0.00069590437025409833}, {"l": "Tea", "v": 0.0058111111000000003}]}, {"source": 18, "prod": 42.0, "target": 23, "value": 0.06255814023126316, "supply": [{"l": "Eggs", "v": 0.06255814023126316}]}, {"source": 19, "prod": 2442.0, "target": 23, "value": 1.4800853625573056, "supply": [{"l": "Plantains", "v": 0.033470323653951924}, {"l": "Citrus, Other", "v": 0.0052361438960088101}, {"l": "Grapefruit", "v": 0.0029920822262907492}, {"l": "Grapes", "v": 0.068543388248146792}, {"l": "Dates", "v": 0.067783330515556461}, {"l": "Apples", "v": 0.013785363375703607}, {"l": "Lemons, Limes", "v": 0.049975555460000001}, {"l": "Pineapples", "v": 0.0095037686385447753}, {"l": "Bananas", "v": 0.52885053349688993}, {"l": "Fruits, Other", "v": 0.64494870580993724}, {"l": "Oranges, Mandarines", "v": 0.05499616723627531}]}, {"source": 24, "prod": 211.0, "target": 14, "value": 0.51288866568600011, "supply": [{"l": "Infant food", "v": 0.0034866666600000002}, {"l": "Nuts", "v": 0.50940199902600014}]}, {"source": 24, "prod": 900.0, "target": 1, "value": 0.71235734049637101, "supply": [{"l": "Crustaceans", "v": 0.0007694894245105742}, {"l": "Eggs", "v": 0.0014894795293157897}, {"l": "Marine Fish, Other", "v": 0.021696751810366663}, {"l": "Milk - Excluding Butter", "v": 0.46901061650122872}, {"l": "Fish, Seafood", "v": 0.10542005115794867}, {"l": "Mutton & Goat Meat", "v": 0.0024158631390121953}, {"l": "Pelagic Fish", "v": 0.11155508893398837}]}, {"source": 24, "prod": 10215.0, "target": 9, "value": 37.524615197291439, "supply": [{"l": "Maize", "v": 0.69991482950177686}, {"l": "Barley", "v": 0.017365977239522729}, {"l": "Rice", "v": 6.1079750780702264}, {"l": "Cereals, Other", "v": 0.02165143742350454}, {"l": "Wheat", "v": 29.233257461035763}, {"l": "Oats", "v": 0.002572737368818182}, {"l": "Sorghum", "v": 1.4418776766518304}]}, {"source": 24, "prod": 68.0, "target": 6, "value": 0.27524534194460282, "supply": [{"l": "Pulses, Other", "v": 0.20422760556597935}, {"l": "Peas", "v": 0.028196825980149637}, {"l": "Beans", "v": 0.042820910398473806}]}, {"source": 24, "prod": 969.0, "target": 21, "value": 6.6741138626015193, "supply": [{"l": "Sugar", "v": 1.7874838339587089}, {"l": "Beer", "v": 0.0010779365154721888}, {"l": "Groundnut Oil", "v": 0.010156788324138038}, {"l": "Beverages, Alcoholic", "v": 0.003859106053227273}, {"l": "Butter, Ghee", "v": 0.049675726855372339}, {"l": "Fats, Animals, Raw", "v": 1.6516973907812729}, {"l": "Soyabean Oil", "v": 1.5918812469562502}, {"l": "Palm Oil", "v": 0.053062708231874998}, {"l": "Sunflowerseed Oil", "v": 0.28653862445212502}, {"l": "Coconut Oil", "v": 0.089894470416352956}, {"l": "Rape and Mustard Oil", "v": 0.082829593337560958}, {"l": "Oilcrops Oil, Other", "v": 1.0107182520357145}, {"l": "Sweeteners, Other", "v": 0.01664712415117647}, {"l": "Cottonseed Oil", "v": 0.038591060532272729}]}, {"source": 24, "prod": 208.0, "target": 11, "value": 0.50940199902600014, "supply": [{"l": "Treenuts", "v": 0.50940199902600014}]}, {"source": 24, "prod": 52.0, "target": 12, "value": 0.021449841001432074, "supply": [{"l": "Vegetables, Other", "v": 0.0010737610403920668}, {"l": "Onions", "v": 0.020376079961040006}]}, {"source": 24, "prod": 46.0, "target": 17, "value": 0.055606216267947373, "supply": [{"l": "Cocoa Beans", "v": 0.0044684385879473695}, {"l": "Tea", "v": 0.051137777680000003}]}, {"source": 24, "prod": 214.0, "target": 19, "value": 0.23393496501932851, "supply": [{"l": "Grapes", "v": 0.092689354562834864}, {"l": "Dates", "v": 0.12529645943784679}, {"l": "Apples", "v": 0.0015317070417448452}, {"l": "Fruits, Other", "v": 0.011263341103742261}, {"l": "Grapefruit", "v": 0.00074802055657268731}, {"l": "Oranges, Mandarines", "v": 0.0024060823165870447}]}, {"source": 24, "prod": 216.0, "target": 2, "value": 0.8711586416654834, "supply": [{"l": "Coconuts - Incl Copra", "v": 0.17829069965910002}, {"l": "Sesame seed", "v": 0.0065307948593076922}, {"l": "Oilcrops, Other", "v": 0.012128619024428572}, {"l": "Cottonseed", "v": 0.031213357783455888}, {"l": "Groundnuts", "v": 0.0062426715566911775}, {"l": "Rape and Mustardseed", "v": 0.63675249878250006}]}, {"source": 24, "prod": 42.0, "target": 16, "value": 0.14066819907744119, "supply": [{"l": "Cloves", "v": 0.0033294248302352947}, {"l": "Pepper", "v": 0.0033294248302352947}, {"l": "Pimento", "v": 0.056184044010220591}, {"l": "Spices, Other", "v": 0.077825305406750006}]}, {"source": 24, "prod": 56.0, "target": 0, "value": 0.047526524501696608, "supply": [{"l": "Potatoes", "v": 0.036291593194857509}, {"l": "Cassava", "v": 0.011234931306839099}]}, {"source": 20, "prod": 1.0, "target": 25, "value": 0.0028300111056999999, "supply": [{"l": "Meat, Other", "v": 0.0028300111056999999}]}, {"source": 11, "prod": 245.0, "target": 25, "value": 0.60001677769889428, "supply": [{"l": "Treenuts", "v": 0.60001677769889428}]}, {"source": 12, "prod": 118.0, "target": 25, "value": 0.047290723222416994, "supply": [{"l": "Tomatoes", "v": 0.00038945106959174314}, {"l": "Vegetables, Other", "v": 0.0040266039014702501}, {"l": "Onions", "v": 0.042874668251355004}]}, {"source": 14, "prod": 246.0, "target": 25, "value": 0.60117899991889423, "supply": [{"l": "Nuts", "v": 0.60001677769889428}, {"l": "Infant food", "v": 0.0011622222200000001}]}, {"source": 3, "prod": 65.0, "target": 25, "value": 0.02155672521919922, "supply": [{"l": "Sugar cane", "v": 0.02155672521919922}]}, {"source": 4, "prod": 3.0, "target": 25, "value": 0.029805436113223407, "supply": [{"l": "Butter, Ghee", "v": 0.029805436113223407}]}, {"source": 0, "prod": 10.0, "target": 25, "value": 0.0080647984877461158, "supply": [{"l": "Potatoes", "v": 0.0080647984877461158}]}, {"source": 6, "prod": 32.0, "target": 25, "value": 0.13051392548713212, "supply": [{"l": "Beans", "v": 0.0038928100362248912}, {"l": "Pulses, Other", "v": 0.12662111545090723}]}, {"source": 7, "prod": 274.0, "target": 25, "value": 0.22963859233330408, "supply": [{"l": "Crustaceans", "v": 0.033088045253954687}, {"l": "Marine Fish, Other", "v": 0.0037733481409333329}, {"l": "Demersal Fish", "v": 0.041485390072193186}, {"l": "Freshwater Fish", "v": 0.0014471647699602274}, {"l": "Fish, Seafood", "v": 0.10542005115794867}, {"l": "Pelagic Fish", "v": 0.044424592938313953}]}, {"source": 8, "prod": 167.0, "target": 25, "value": 0.68152922436325203, "supply": [{"l": "Sugar", "v": 0.68152922436325203}]}, {"source": 9, "prod": 784.0, "target": 25, "value": 3.1560756581949998, "supply": [{"l": "Maize", "v": 0.0070343198944902196}, {"l": "Barley", "v": 0.0057886590798409097}, {"l": "Rice", "v": 2.3404783896671573}, {"l": "Wheat", "v": 0.77654754180986174}, {"l": "Sorghum", "v": 0.022588162036321101}, {"l": "Millet", "v": 0.0036385857073285718}]}, {"source": 15, "prod": 135.0, "target": 25, "value": 1.3533186508777699, "supply": [{"l": "Coconut Oil", "v": 0.63924956740517658}, {"l": "Rape and Mustard Oil", "v": 0.082829593337560958}, {"l": "Oilcrops Oil, Other", "v": 0.51546630853821429}, {"l": "Cottonseed Oil", "v": 0.11577318159681818}]}, {"source": 16, "prod": 78.0, "target": 25, "value": 0.26552163021126474, "supply": [{"l": "Pepper", "v": 0.086565045586117662}, {"l": "Pimento", "v": 0.037456029340147058}, {"l": "Spices, Other", "v": 0.14150055528500002}]}, {"source": 17, "prod": 475.0, "target": 25, "value": 0.54174832807928996, "supply": [{"l": "Cocoa Beans", "v": 0.0067026578819210543}, {"l": "Coffee", "v": 0.020181226737368854}, {"l": "Tea", "v": 0.51486444346000004}]}, {"source": 19, "prod": 424.0, "target": 25, "value": 0.32516901172280288, "supply": [{"l": "Grapes", "v": 0.22510271822402753}, {"l": "Dates", "v": 0.041080806373064521}, {"l": "Apples", "v": 0.0005105690139149484}, {"l": "Lemons, Limes", "v": 0.0023244444400000001}, {"l": "Bananas", "v": 0.006732185009154186}, {"l": "Fruits, Other", "v": 0.047012206346054651}, {"l": "Oranges, Mandarines", "v": 0.0024060823165870447}]}, {"source": 2, "prod": 614.0, "target": 25, "value": 1.7823033096712322, "supply": [{"l": "Coconuts - Incl Copra", "v": 0.76410299853899999}, {"l": "Sesame seed", "v": 0.0065307948593076922}, {"l": "Oilcrops, Other", "v": 0.20012221390307147}, {"l": "Cottonseed", "v": 0.087397401793676471}, {"l": "Groundnuts", "v": 0.13109610269051472}, {"l": "Rape and Mustardseed", "v": 0.59305379788566182}]}, {"source": 15, "prod": 45.0, "target": 26, "value": 0.46770370821335583, "supply": [{"l": "Soyabean Oil", "v": 0.265313541159375}, {"l": "Rape and Mustard Oil", "v": 0.01035369916719512}, {"l": "Oilcrops Oil, Other", "v": 0.19203646788678572}]}, {"source": 9, "prod": 4135.0, "target": 26, "value": 14.991594310170862, "supply": [{"l": "Wheat", "v": 13.419600376898535}, {"l": "Barley", "v": 0.10709019297705684}, {"l": "Rice", "v": 1.4649037402952712}]}, {"source": 27, "prod": 1.0, "target": 16, "value": 0.0033294248302352947, "supply": [{"l": "Pepper", "v": 0.0033294248302352947}]}, {"source": 27, "prod": 54.0, "target": 2, "value": 0.18713032258337473, "supply": [{"l": "Coconuts - Incl Copra", "v": 0.056034219892860004}, {"l": "Groundnuts", "v": 0.13109610269051472}]}, {"source": 2, "prod": 6.0, "target": 26, "value": 0.038718283808752751, "supply": [{"l": "Sesame seed", "v": 0.032653974296538463}, {"l": "Oilcrops, Other", "v": 0.0060643095122142861}]}, {"source": 17, "prod": 5.0, "target": 26, "value": 0.0058111111000000003, "supply": [{"l": "Tea", "v": 0.0058111111000000003}]}, {"source": 27, "prod": 437.0, "target": 21, "value": 2.5553134857118693, "supply": [{"l": "Sugar", "v": 1.2651141290575338}, {"l": "Groundnut Oil", "v": 1.2695985405172547}, {"l": "Palm Oil", "v": 0.010612541646375}, {"l": "Coconut Oil", "v": 0.009988274490705884}]}, {"source": 3, "prod": 7.0, "target": 26, "value": 0.0023214934851445313, "supply": [{"l": "Sugar cane", "v": 0.0023214934851445313}]}, {"source": 27, "prod": 1.0, "target": 9, "value": 0.0035171599472451098, "supply": [{"l": "Maize", "v": 0.0035171599472451098}]}, {"source": 1, "prod": 33307.0, "target": 5, "value": 25.034193275330804, "supply": [{"l": "Milk - Excluding Butter", "v": 25.034193275330804}]}, {"source": 1, "prod": 448.0, "target": 18, "value": 0.6672868291334737, "supply": [{"l": "Eggs", "v": 0.70154485830773683}]}, {"source": 1, "prod": 3810.0, "target": 20, "value": 6.9603499559136157, "supply": [{"l": "Pigmeat", "v": 0.61198990160762501}, {"l": "Bovine Meat", "v": 3.0176185834935949}, {"l": "Poultry Meat", "v": 0.29833033739254172}, {"l": "Offals, Edible", "v": 0.6076438131238715}, {"l": "Meat, Other", "v": 0.30847121052130011}, {"l": "Mutton & Goat Meat", "v": 2.1162961097746829}]}, {"source": 1, "prod": 5242.0, "target": 7, "value": 4.2305920540331403, "supply": [{"l": "Pelagic Fish", "v": 0.72362725830631391}, {"l": "Crustaceans", "v": 0.10695903000696981}, {"l": "Freshwater Fish", "v": 0.90447798122514211}, {"l": "Demersal Fish", "v": 0.37433328716304554}, {"l": "Fish, Seafood", "v": 2.0168317816422152}, {"l": "Marine Fish, Other", "v": 0.10282373684043332}, {"l": "Cephalopods", "v": 0.0015389788490211484}]}, {"source": 21, "prod": 13065.0, "target": 8, "value": 52.805947655546525, "supply": [{"l": "Honey", "v": 0.14958630130128572}, {"l": "Sweeteners, Other", "v": 2.2640088845599999}, {"l": "Sugar non-centrifugal", "v": 33.509200366746477}, {"l": "Sugar", "v": 16.883152102938766}]}, {"source": 21, "prod": 3050.0, "target": 15, "value": 30.846523428764623, "supply": [{"l": "Olive Oil", "v": 0.020214365040714291}, {"l": "Ricebran Oil", "v": 0.36507143263530006}, {"l": "Sesameseed Oil", "v": 1.4857558304925}, {"l": "Soyabean Oil", "v": 1.6131063302490001}, {"l": "Coconut Oil", "v": 3.1463064645723535}, {"l": "Rape and Mustard Oil", "v": 6.2432805978186581}, {"l": "Cottonseed Oil", "v": 2.2093382154726138}, {"l": "Groundnut Oil", "v": 11.751404091027709}, {"l": "Palm Oil", "v": 0.063675249878250004}, {"l": "Oilcrops Oil, Other", "v": 3.5981569772471436}, {"l": "Sunflowerseed Oil", "v": 0.35021387433037504}]}, {"source": 21, "prod": 720.0, "target": 13, "value": 2.6059091929580953, "supply": [{"l": "Beer", "v": 0.028026349402276905}, {"l": "Beverages, Alcoholic", "v": 1.285082315724682}, {"l": "Alcohol, Non-Food", "v": 1.285082315724682}, {"l": "Beverages, Fermented", "v": 0.007718212106454546}]}, {"source": 21, "prod": 1068.0, "target": 4, "value": 9.7394804833119029, "supply": [{"l": "Fats, Animals, Raw", "v": 3.0255391457301819}, {"l": "Fish, Body Oil", "v": 0.017653357477529018}, {"l": "Butter, Ghee", "v": 6.6962879801041923}]}, {"source": 28, "prod": 0, "target": 2, "value": 0.010584432773716535, "supply": "[{\"l\":'Energy for power irrigation',\"v\":0.010584432773716535}]"}, {"source": 28, "prod": 0, "target": 11, "value": 0.00033017591621963596, "supply": "[{\"l\":'Energy for power irrigation',\"v\":0.00033017591621963596}]"}, {"source": 28, "prod": 0, "target": 12, "value": 0.019199283344501265, "supply": "[{\"l\":'Energy for power irrigation',\"v\":0.019199283344501265}]"}, {"source": 28, "prod": 0, "target": 3, "value": 0.080474005526099596, "supply": "[{\"l\":'Energy for power irrigation',\"v\":0.080474005526099596}]"}, {"source": 28, "prod": 0, "target": 0, "value": 0.0086993067655706403, "supply": "[{\"l\":'Energy for power irrigation',\"v\":0.0086993067655706403}]"}, {"source": 28, "prod": 0, "target": 6, "value": 0.0085625833408040156, "supply": "[{\"l\":'Energy for power irrigation',\"v\":0.0085625833408040156}]"}, {"source": 28, "prod": 0, "target": 14, "value": 0.00033081332146330319, "supply": "[{\"l\":'Energy for power irrigation',\"v\":0.00033081332146330319}]"}, {"source": 28, "prod": 0, "target": 19, "value": 0.014246007195963058, "supply": "[{\"l\":'Energy for power irrigation',\"v\":0.014246007195963058}]"}, {"source": 28, "prod": 0, "target": 9, "value": 0.078090428617405908, "supply": "[{\"l\":'Energy for power irrigation',\"v\":0.078090428617405908}]"}, {"source": 28, "prod": 0, "target": 16, "value": 0.0005809948796026991, "supply": "[{\"l\":'Energy for power irrigation',\"v\":0.0005809948796026991}]"}, {"source": 28, "prod": 0, "target": 17, "value": 0.00048984592975828234, "supply": "[{\"l\":'Energy for power irrigation',\"v\":0.00048984592975828234}]"}, {"source": 28, "prod": 0, "target": 21, "value": 4.4939441226291157, "supply": "[{\"l\":'Electricity',\"v\":4.4939441226291157}]"}, {"source": 29, "prod": 0, "target": 28, "value": 6.8213576633921758, "supply": [{"l": "Coal", "v": 5.3157316380018109}, {"l": "Natural gas", "v": 0.61296646121263387}, {"l": "Oil", "v": 0.89265956417773151}]}, {"source": 30, "prod": 0, "target": 28, "value": 2.0539129994721712, "supply": [{"l": "Nuclear", "v": 0.10170793601740952}, {"l": "Hydroelectric", "v": 1.9522050634547619}, {"l": "Renewable", "v": 0.0}]}, {"source": 29, "prod": 0, "target": 2, "value": 1.5329893827806005, "supply": [{"l": "Motor Gasoline", "v": 0.013911049977231008}, {"l": "Gas-Diesel oil", "v": 0.057624732188771427}, {"l": "Natural gas (including LNG)", "v": 0.045554896119759443}, {"l": "Fuel oil", "v": 0.099168143766722922}, {"l": "Liquefied petroleum gas (LPG)", "v": 0.002196586326007624}, {"l": "Other fossil fuels", "v": 1.3145339744021081}]}, {"source": 29, "prod": 0, "target": 11, "value": 0.047820812398322907, "supply": [{"l": "Motor Gasoline", "v": 0.00043394802253504336}, {"l": "Gas-Diesel oil", "v": 0.0017975737721708832}, {"l": "Natural gas (including LNG)", "v": 0.001421061466985962}, {"l": "Fuel oil", "v": 0.0030934990497824503}, {"l": "Liquefied petroleum gas (LPG)", "v": 6.8521376463939615e-05}, {"l": "Other fossil fuels", "v": 0.041006208710384628}]}, {"source": 29, "prod": 0, "target": 12, "value": 2.7807156182430202, "supply": [{"l": "Motor Gasoline", "v": 0.025233491094166102}, {"l": "Gas-Diesel oil", "v": 0.10452648569799068}, {"l": "Natural gas (including LNG)", "v": 0.082632803951899925}, {"l": "Fuel oil", "v": 0.17988278934072816}, {"l": "Liquefied petroleum gas (LPG)", "v": 0.0039844254449234078}, {"l": "Other fossil fuels", "v": 2.3844556227133116}]}, {"source": 29, "prod": 0, "target": 3, "value": 11.655399840384678, "supply": [{"l": "Motor Gasoline", "v": 0.1057664531179644}, {"l": "Gas-Diesel oil", "v": 0.43812390477027885}, {"l": "Natural gas (including LNG)", "v": 0.34635629895877446}, {"l": "Fuel oil", "v": 0.75398067332559615}, {"l": "Liquefied petroleum gas (LPG)", "v": 0.01670076270658984}, {"l": "Other fossil fuels", "v": 9.9944717475054734}]}, {"source": 29, "prod": 0, "target": 0, "value": 1.2599583930739595, "supply": [{"l": "Motor Gasoline", "v": 0.011433441335054579}, {"l": "Gas-Diesel oil", "v": 0.047361557611174158}, {"l": "Natural gas (including LNG)", "v": 0.03744140328460311}, {"l": "Fuel oil", "v": 0.08150593635411367}, {"l": "Liquefied petroleum gas (LPG)", "v": 0.0018053663049804015}, {"l": "Other fossil fuels", "v": 1.0804106881840336}]}, {"source": 29, "prod": 0, "target": 6, "value": 1.2401561454688625, "supply": [{"l": "Motor Gasoline", "v": 0.011253746642325299}, {"l": "Gas-Diesel oil", "v": 0.046617195498952817}, {"l": "Natural gas (including LNG)", "v": 0.036852952155899461}, {"l": "Fuel oil", "v": 0.080224941091221136}, {"l": "Liquefied petroleum gas (LPG)", "v": 0.0017769921056531523}, {"l": "Other fossil fuels", "v": 1.0634303179748106}]}, {"source": 29, "prod": 0, "target": 14, "value": 0.047913130568976038, "supply": [{"l": "Motor Gasoline", "v": 0.00043478576003028473}, {"l": "Gas-Diesel oil", "v": 0.0018010439918082787}, {"l": "Natural gas (including LNG)", "v": 0.0014238048288913402}, {"l": "Fuel oil", "v": 0.0030994710556700614}, {"l": "Liquefied petroleum gas (LPG)", "v": 6.8653657113483901e-05}, {"l": "Other fossil fuels", "v": 0.041085371275462593}]}, {"source": 29, "prod": 0, "target": 19, "value": 2.0633111140975231, "supply": [{"l": "Motor Gasoline", "v": 0.018723433018645208}, {"l": "Gas-Diesel oil", "v": 0.077559408895790036}, {"l": "Natural gas (including LNG)", "v": 0.061314138585205118}, {"l": "Fuel oil", "v": 0.13347433158810379}, {"l": "Liquefied petroleum gas (LPG)", "v": 0.0029564725173147691}, {"l": "Other fossil fuels", "v": 1.7692833294924641}]}, {"source": 29, "prod": 0, "target": 9, "value": 11.310176041227287, "supply": [{"l": "Motor Gasoline", "v": 0.1026337337545092}, {"l": "Gas-Diesel oil", "v": 0.42514701843623826}, {"l": "Natural gas (including LNG)", "v": 0.33609749711361231}, {"l": "Fuel oil", "v": 0.73164835730887512}, {"l": "Liquefied petroleum gas (LPG)", "v": 0.016206099217618987}, {"l": "Other fossil fuels", "v": 9.6984433353964334}]}, {"source": 29, "prod": 0, "target": 16, "value": 0.084148012550330747, "supply": [{"l": "Motor Gasoline", "v": 0.00076359772691253274}, {"l": "Gas-Diesel oil", "v": 0.003163105199486023}, {"l": "Natural gas (including LNG)", "v": 0.0025005743767523248}, {"l": "Fuel oil", "v": 0.0054434833665573425}, {"l": "Liquefied petroleum gas (LPG)", "v": 0.00012057381205961574}, {"l": "Other fossil fuels", "v": 0.072156678068562907}]}, {"source": 29, "prod": 0, "target": 17, "value": 0.070946514146932732, "supply": [{"l": "Motor Gasoline", "v": 0.00064380126509301313}, {"l": "Gas-Diesel oil", "v": 0.0026668637913384629}, {"l": "Natural gas (including LNG)", "v": 0.0021082736242832275}, {"l": "Fuel oil", "v": 0.004589486524628982}, {"l": "Liquefied petroleum gas (LPG)", "v": 0.000101657679174783}, {"l": "Other fossil fuels", "v": 0.06083643126241426}]}, {"source": 31, "prod": 96.416600546279426, "target": 2, "value": 1.2892829497709206, "supply": [{"l": "Potash", "v": 0.4983332844661868}, {"l": "Phosphate", "v": 2.0759876543656262}, {"l": "Nitrogen", "v": 24.417155939301196}]}, {"source": 31, "prod": 3.0076660794900936, "target": 11, "value": 0.040218516032720295, "supply": [{"l": "Potash", "v": 0.4983332844661868}, {"l": "Phosphate", "v": 2.0759876543656262}, {"l": "Nitrogen", "v": 24.417155939301196}]}, {"source": 31, "prod": 174.89171810872801, "target": 12, "value": 2.3386523579566951, "supply": [{"l": "Potash", "v": 0.4983332844661868}, {"l": "Phosphate", "v": 2.0759876543656262}, {"l": "Nitrogen", "v": 24.417155939301196}]}, {"source": 31, "prod": 733.0605438239827, "target": 3, "value": 9.8024868637471414, "supply": [{"l": "Potash", "v": 0.4983332844661868}, {"l": "Phosphate", "v": 2.0759876543656262}, {"l": "Nitrogen", "v": 24.417155939301196}]}, {"source": 31, "prod": 79.244452997839375, "target": 0, "value": 1.0596569629624837, "supply": [{"l": "Potash", "v": 0.4983332844661868}, {"l": "Phosphate", "v": 2.0759876543656262}, {"l": "Nitrogen", "v": 24.417155939301196}]}, {"source": 31, "prod": 77.999000538282189, "target": 6, "value": 1.043002770512641, "supply": [{"l": "Potash", "v": 0.4983332844661868}, {"l": "Phosphate", "v": 2.0759876543656262}, {"l": "Nitrogen", "v": 24.417155939301196}]}, {"source": 31, "prod": 3.0134723846628542, "target": 14, "value": 0.040296157955563384, "supply": [{"l": "Potash", "v": 0.4983332844661868}, {"l": "Phosphate", "v": 2.0759876543656262}, {"l": "Nitrogen", "v": 24.417155939301196}]}, {"source": 31, "prod": 129.77092061120385, "target": 19, "value": 1.7352969755430474, "supply": [{"l": "Potash", "v": 0.4983332844661868}, {"l": "Phosphate", "v": 2.0759876543656262}, {"l": "Nitrogen", "v": 24.417155939301196}]}, {"source": 31, "prod": 711.34786563044372, "target": 9, "value": 9.5121448932754085, "supply": [{"l": "Potash", "v": 0.4983332844661868}, {"l": "Phosphate", "v": 2.0759876543656262}, {"l": "Nitrogen", "v": 24.417155939301196}]}, {"source": 31, "prod": 5.2924471649714668, "target": 16, "value": 0.070770612671475955, "supply": [{"l": "Potash", "v": 0.4983332844661868}, {"l": "Phosphate", "v": 2.0759876543656262}, {"l": "Nitrogen", "v": 24.417155939301196}]}, {"source": 31, "prod": 4.4621455252666733, "target": 17, "value": 0.059667817704914181, "supply": [{"l": "Potash", "v": 0.4983332844661868}, {"l": "Phosphate", "v": 2.0759876543656262}, {"l": "Nitrogen", "v": 24.417155939301196}]}, {"source": 29, "prod": 0, "target": 31, "value": 32.226261827251697, "supply": [{"l": "Natural gas (including LNG)", "v": 21.878594720783251}, {"l": "Fuel oil", "v": 6.0314174815711237}, {"l": "Liquefied petroleum gas (LPG)", "v": 2.1581248124486598}, {"l": "Coal", "v": 2.1581248124486598}]}, {"source": 32, "prod": 0, "target": 2, "value": 4.6355830994032345, "supply": "[{\"l\":'Labor',\"v\":4.6355830994032345}]"}, {"source": 32, "prod": 0, "target": 11, "value": 0.14460462169105873, "supply": "[{\"l\":'Labor',\"v\":0.14460462169105873}]"}, {"source": 32, "prod": 0, "target": 12, "value": 8.4085633396841324, "supply": "[{\"l\":'Labor',\"v\":8.4085633396841324}]"}, {"source": 32, "prod": 0, "target": 3, "value": 35.244584942182229, "supply": "[{\"l\":'Labor',\"v\":35.244584942182229}]"}, {"source": 32, "prod": 0, "target": 0, "value": 3.8099688742076632, "supply": "[{\"l\":'Labor',\"v\":3.8099688742076632}]"}, {"source": 32, "prod": 0, "target": 6, "value": 3.750089161171501, "supply": "[{\"l\":'Labor',\"v\":3.750089161171501}]"}, {"source": 32, "prod": 0, "target": 9, "value": 34.200667986943394, "supply": "[{\"l\":'Labor',\"v\":34.200667986943394}]"}, {"source": 32, "prod": 0, "target": 16, "value": 0.25445388546602321, "supply": "[{\"l\":'Labor',\"v\":0.25445388546602321}]"}, {"source": 32, "prod": 0, "target": 17, "value": 0.2145340767752483, "supply": "[{\"l\":'Labor',\"v\":0.2145340767752483}]"}, {"source": 32, "prod": 0, "target": 19, "value": 6.2392148548169164, "supply": "[{\"l\":'Labor',\"v\":6.2392148548169164}]"}, {"source": 32, "prod": 0, "target": 14, "value": 0.14488378119239281, "supply": "[{\"l\":'Labor',\"v\":0.14488378119239281}]"}, {"source": 29, "prod": 0, "target": 24, "value": 15.584021676721751, "supply": "[{\"l\":'Fossil Fuels',\"v\":15.584021676721751}]"}, {"source": 30, "prod": 0, "target": 24, "value": 28.10350527799422, "supply": "[{\"l\":'Renewables & Nuclear',\"v\":0.75108281829592238},{\"l\":'Biomass & Waste',\"v\":27.352422459698296}]"}]}