{"nodes": [{"layer": 3, "name": "Plantains"}, {"layer": 5, "name": "Production", "fill": "#b5cf6b"}, {"layer": 3, "name": "Nuts"}, {"layer": 3, "name": "Cloves"}, {"layer": 3, "name": "Coconuts - Incl Copra"}, {"layer": 3, "name": "Treenuts"}, {"layer": 3, "name": "Roots, Other"}, {"layer": 3, "name": "Sesame seed"}, {"layer": 3, "name": "Groundnuts"}, {"layer": 3, "name": "Pulses, Other"}, {"layer": 3, "name": "Sorghum"}, {"layer": 3, "name": "Grapefruit"}, {"layer": 3, "name": "Coffee"}, {"layer": 3, "name": "Wheat"}, {"layer": 3, "name": "Pimento"}, {"layer": 3, "name": "Oilcrops, Other"}, {"layer": 3, "name": "Dates"}, {"layer": 3, "name": "Soyabeans"}, {"layer": 3, "name": "Beans"}, {"layer": 3, "name": "Sugar beet"}, {"layer": 3, "name": "Onions"}, {"layer": 3, "name": "Maize"}, {"layer": 3, "name": "Vegetables, Other"}, {"layer": 3, "name": "Barley"}, {"layer": 3, "name": "Tomatoes"}, {"layer": 3, "name": "Sunflower seed"}, {"layer": 3, "name": "Pepper"}, {"layer": 3, "name": "Peas"}, {"layer": 3, "name": "Grapes"}, {"layer": 3, "name": "Cottonseed"}, {"layer": 3, "name": "Sugar cane"}, {"layer": 3, "name": "Pineapples"}, {"layer": 3, "name": "Tea"}, {"layer": 3, "name": "Olives"}, {"layer": 3, "name": "Fruits, Other"}, {"layer": 3, "name": "Citrus, Other"}, {"layer": 3, "name": "Rice"}, {"layer": 3, "name": "Cocoa Beans"}, {"layer": 3, "name": "Potatoes"}, {"layer": 3, "name": "Apples"}, {"layer": 3, "name": "Lemons, Limes"}, {"layer": 3, "name": "Bananas"}, {"layer": 3, "name": "Spices, Other"}, {"layer": 3, "name": "Millet"}, {"layer": 3, "name": "Sweet potatoes"}, {"layer": 3, "name": "Rape and Mustardseed"}, {"layer": 3, "name": "Oranges, Mandarines"}, {"layer": 3, "name": "Cassava"}, {"layer": 3, "name": "Oil Palm"}, {"layer": 1, "name": "Electricity", "fill": "#bcbd22"}, {"layer": 0, "name": "Fossil Fuels", "fill": "#c49c94"}, {"layer": 0, "name": "Renewables & Nuclear", "fill": "#2ca02c"}, {"layer": 1, "name": "Fertilizers", "fill": "#c5b0d5"}, {"layer": 0, "name": "Labor", "fill": "#7f7f7f"}], "links": [{"source": 0, "prod": 984.0, "target": 1, "value": 0.96025204414096554, "supply": [{"l": "Plantains", "v": 0.96025204414096554}]}, {"source": 2, "prod": 726.0, "target": 1, "value": 2.0209062912179014, "supply": [{"l": "Nuts", "v": 2.0209062912179014}]}, {"source": 3, "prod": 2.0, "target": 1, "value": 0.0067054367616399269, "supply": [{"l": "Cloves", "v": 0.0067054367616399269}]}, {"source": 4, "prod": 6163.0, "target": 1, "value": 10.494800210114931, "supply": [{"l": "Coconuts - Incl Copra", "v": 10.494800210114931}]}, {"source": 5, "prod": 726.0, "target": 1, "value": 2.0545880627382003, "supply": [{"l": "Treenuts", "v": 2.0545880627382003}]}, {"source": 6, "prod": 303.0, "target": 1, "value": 0.42874668251355003, "supply": [{"l": "Roots, Other", "v": 0.42874668251355003}]}, {"source": 7, "prod": 677.0, "target": 1, "value": 4.7897937963972508, "supply": [{"l": "Sesame seed", "v": 4.7897937963972508}]}, {"source": 8, "prod": 5047.0, "target": 1, "value": 28.190261941712965, "supply": [{"l": "Groundnuts", "v": 28.190261941712965}]}, {"source": 9, "prod": 10221.0, "target": 1, "value": 41.576026914362231, "supply": [{"l": "Pulses, Other", "v": 41.576026914362231}]}, {"source": 10, "prod": 12143.0, "target": 1, "value": 46.024319004261294, "supply": [{"l": "Sorghum", "v": 46.024319004261294}]}, {"source": 11, "prod": 44.0, "target": 1, "value": 0.027878090541952824, "supply": [{"l": "Grapefruit", "v": 0.027878090541952824}]}, {"source": 12, "prod": 147.0, "target": 1, "value": 0.11773914128431132, "supply": [{"l": "Coffee", "v": 0.11773914128431132}]}, {"source": 13, "prod": 65222.0, "target": 1, "value": 233.84317995492864, "supply": [{"l": "Wheat", "v": 233.84317995492864}]}, {"source": 14, "prod": 722.0, "target": 1, "value": 2.2872403190097761, "supply": [{"l": "Pimento", "v": 2.2872403190097761}]}, {"source": 15, "prod": 1494.0, "target": 1, "value": 12.684109775747402, "supply": [{"l": "Oilcrops, Other", "v": 12.684109775747402}]}, {"source": 16, "prod": 690.0, "target": 1, "value": 1.3947911878092856, "supply": [{"l": "Dates", "v": 1.3947911878092856}]}, {"source": 17, "prod": 761.0, "target": 1, "value": 3.0766263591967147, "supply": [{"l": "Soyabeans", "v": 3.0766263591967147}]}, {"source": 18, "prod": 3791.0, "target": 1, "value": 14.854945986981281, "supply": [{"l": "Beans", "v": 14.854945986981281}]}, {"source": 19, "prod": 3871.0, "target": 1, "value": 1.3386932370873366, "supply": [{"l": "Sugar beet", "v": 1.3386932370873366}]}, {"source": 20, "prod": 4146.0, "target": 1, "value": 1.9501206721715569, "supply": [{"l": "Onions", "v": 1.9501206721715569}]}, {"source": 21, "prod": 10455.0, "target": 1, "value": 36.984707637616879, "supply": [{"l": "Maize", "v": 36.984707637616879}]}, {"source": 22, "prod": 44961.0, "target": 1, "value": 12.14777244458196, "supply": [{"l": "Vegetables, Other", "v": 12.14777244458196}]}, {"source": 23, "prod": 4382.0, "target": 1, "value": 12.828733101907655, "supply": [{"l": "Barley", "v": 12.828733101907655}]}, {"source": 24, "prod": 3145.0, "target": 1, "value": 0.47680633539784828, "supply": [{"l": "Tomatoes", "v": 0.47680633539784828}]}, {"source": 25, "prod": 344.0, "target": 1, "value": 1.9214285928173687, "supply": [{"l": "Sunflower seed", "v": 1.9214285928173687}]}, {"source": 26, "prod": 32.0, "target": 1, "value": 0.10728698818623883, "supply": [{"l": "Pepper", "v": 0.10728698818623883}]}, {"source": 27, "prod": 448.0, "target": 1, "value": 1.7288795118458185, "supply": [{"l": "Peas", "v": 1.7288795118458185}]}, {"source": 28, "prod": 2118.0, "target": 1, "value": 1.7290279390017116, "supply": [{"l": "Grapes", "v": 1.7290279390017116}]}, {"source": 29, "prod": 3411.0, "target": 1, "value": 19.052305029360596, "supply": [{"l": "Cottonseed", "v": 19.052305029360596}]}, {"source": 30, "prod": 232503.0, "target": 1, "value": 80.405629992900273, "supply": [{"l": "Sugar cane", "v": 80.405629992900273}]}, {"source": 31, "prod": 901.0, "target": 1, "value": 0.44473953597134303, "supply": [{"l": "Pineapples", "v": 0.44473953597134303}]}, {"source": 32, "prod": 840.0, "target": 1, "value": 0.67279509305320762, "supply": [{"l": "Tea", "v": 0.67279509305320762}]}, {"source": 33, "prod": 8.0, "target": 1, "value": 0.044684385879473688, "supply": [{"l": "Olives", "v": 0.044684385879473688}]}, {"source": 34, "prod": 17292.0, "target": 1, "value": 8.2915752625514436, "supply": [{"l": "Fruits, Other", "v": 8.2915752625514436}]}, {"source": 35, "prod": 72.0, "target": 1, "value": 0.045618693614104623, "supply": [{"l": "Citrus, Other", "v": 0.045618693614104623}]}, {"source": 36, "prod": 82457.0, "target": 1, "value": 347.55236312812218, "supply": [{"l": "Rice", "v": 347.55236312812218}]}, {"source": 37, "prod": 9.0, "target": 1, "value": 0.0072085188541415098, "supply": [{"l": "Cocoa Beans", "v": 0.0072085188541415098}]}, {"source": 38, "prod": 14076.0, "target": 1, "value": 11.119532176584194, "supply": [{"l": "Potatoes", "v": 11.119532176584194}]}, {"source": 39, "prod": 2144.0, "target": 1, "value": 0.96310219216203174, "supply": [{"l": "Apples", "v": 0.96310219216203174}]}, {"source": 40, "prod": 752.0, "target": 1, "value": 0.29020477520269089, "supply": [{"l": "Lemons, Limes", "v": 0.29020477520269089}]}, {"source": 41, "prod": 5458.0, "target": 1, "value": 4.2221960678571113, "supply": [{"l": "Bananas", "v": 4.2221960678571113}]}, {"source": 42, "prod": 778.0, "target": 1, "value": 2.7521858002932502, "supply": [{"l": "Spices, Other", "v": 2.7521858002932502}]}, {"source": 43, "prod": 12798.0, "target": 1, "value": 46.566619882391059, "supply": [{"l": "Millet", "v": 46.566619882391059}]}, {"source": 44, "prod": 2438.0, "target": 1, "value": 2.7971217874445675, "supply": [{"l": "Sweet potatoes", "v": 2.7971217874445675}]}, {"source": 45, "prod": 2762.0, "target": 1, "value": 15.427284224888291, "supply": [{"l": "Rape and Mustardseed", "v": 15.427284224888291}]}, {"source": 46, "prod": 3184.0, "target": 1, "value": 0.94189080423855076, "supply": [{"l": "Oranges, Mandarines", "v": 0.94189080423855076}]}, {"source": 47, "prod": 6063.0, "target": 1, "value": 6.539482831416354, "supply": [{"l": "Cassava", "v": 6.539482831416354}]}, {"source": 48, "prod": 513.00000000000068, "target": 1, "value": 2.1776935458361528, "supply": [{"l": "Oil Palm", "v": 2.1776935458361528}]}, {"source": 49, "prod": 0, "target": 21, "value": 0.0052436878850598044, "supply": "[{\"l\":'Energy for power irrigation',\"v\":0.0052436878850598044}]"}, {"source": 49, "prod": 0, "target": 33, "value": 3.8317047022724181e-06, "supply": "[{\"l\":'Energy for power irrigation',\"v\":3.8317047022724181e-06}]"}, {"source": 49, "prod": 0, "target": 6, "value": 0.0001475206310374881, "supply": "[{\"l\":'Energy for power irrigation',\"v\":0.0001475206310374881}]"}, {"source": 49, "prod": 0, "target": 0, "value": 0.00047106019683561539, "supply": "[{\"l\":'Energy for power irrigation',\"v\":0.00047106019683561539}]"}, {"source": 49, "prod": 0, "target": 2, "value": 0.00035778542657468704, "supply": "[{\"l\":'Energy for power irrigation',\"v\":0.00035778542657468704}]"}, {"source": 49, "prod": 0, "target": 35, "value": 3.4485342320451763e-05, "supply": "[{\"l\":'Energy for power irrigation',\"v\":3.4485342320451763e-05}]"}, {"source": 49, "prod": 0, "target": 11, "value": 2.1074375862498299e-05, "supply": "[{\"l\":'Energy for power irrigation',\"v\":2.1074375862498299e-05}]"}, {"source": 49, "prod": 0, "target": 23, "value": 0.0022130489471062133, "supply": "[{\"l\":'Energy for power irrigation',\"v\":0.0022130489471062133}]"}, {"source": 49, "prod": 0, "target": 36, "value": 0.039798000890152466, "supply": "[{\"l\":'Energy for power irrigation',\"v\":0.039798000890152466}]"}, {"source": 49, "prod": 0, "target": 24, "value": 0.0015065783926247363, "supply": "[{\"l\":'Energy for power irrigation',\"v\":0.0015065783926247363}]"}, {"source": 49, "prod": 0, "target": 3, "value": 1.4368892633521568e-06, "supply": "[{\"l\":'Energy for power irrigation',\"v\":1.4368892633521568e-06}]"}, {"source": 49, "prod": 0, "target": 12, "value": 7.0647055448147718e-05, "supply": "[{\"l\":'Energy for power irrigation',\"v\":7.0647055448147718e-05}]"}, {"source": 49, "prod": 0, "target": 13, "value": 0.033199805392839371, "supply": "[{\"l\":'Energy for power irrigation',\"v\":0.033199805392839371}]"}, {"source": 49, "prod": 0, "target": 4, "value": 0.0029748397382267484, "supply": "[{\"l\":'Energy for power irrigation',\"v\":0.0029748397382267484}]"}, {"source": 49, "prod": 0, "target": 5, "value": 0.00035778542657468704, "supply": "[{\"l\":'Energy for power irrigation',\"v\":0.00035778542657468704}]"}, {"source": 49, "prod": 0, "target": 22, "value": 0.021547112430141159, "supply": "[{\"l\":'Energy for power irrigation',\"v\":0.021547112430141159}]"}, {"source": 49, "prod": 0, "target": 27, "value": 0.00022654954052185673, "supply": "[{\"l\":'Energy for power irrigation',\"v\":0.00022654954052185673}]"}, {"source": 49, "prod": 0, "target": 7, "value": 0.00032593438123704757, "supply": "[{\"l\":'Energy for power irrigation',\"v\":0.00032593438123704757}]"}, {"source": 49, "prod": 0, "target": 29, "value": 0.0016335036108875104, "supply": "[{\"l\":'Energy for power irrigation',\"v\":0.0016335036108875104}]"}, {"source": 49, "prod": 0, "target": 38, "value": 0.0067481109437895126, "supply": "[{\"l\":'Energy for power irrigation',\"v\":0.0067481109437895126}]"}, {"source": 49, "prod": 0, "target": 28, "value": 0.001036236640420797, "supply": "[{\"l\":'Energy for power irrigation',\"v\":0.001036236640420797}]"}, {"source": 49, "prod": 0, "target": 8, "value": 0.0024175661855900042, "supply": "[{\"l\":'Energy for power irrigation',\"v\":0.0024175661855900042}]"}, {"source": 49, "prod": 0, "target": 48, "value": 0.00012285403201660956, "supply": "[{\"l\":'Energy for power irrigation',\"v\":0.00012285403201660956}]"}, {"source": 49, "prod": 0, "target": 15, "value": 0.00072036048402721454, "supply": "[{\"l\":'Energy for power irrigation',\"v\":0.00072036048402721454}]"}, {"source": 49, "prod": 0, "target": 25, "value": 0.00016476330219771399, "supply": "[{\"l\":'Energy for power irrigation',\"v\":0.00016476330219771399}]"}, {"source": 49, "prod": 0, "target": 16, "value": 0.0003398243107827851, "supply": "[{\"l\":'Energy for power irrigation',\"v\":0.0003398243107827851}]"}, {"source": 49, "prod": 0, "target": 37, "value": 4.3106677900564703e-06, "supply": "[{\"l\":'Energy for power irrigation',\"v\":4.3106677900564703e-06}]"}, {"source": 49, "prod": 0, "target": 17, "value": 0.00036473039134755577, "supply": "[{\"l\":'Energy for power irrigation',\"v\":0.00036473039134755577}]"}, {"source": 49, "prod": 0, "target": 34, "value": 0.0082932458649808659, "supply": "[{\"l\":'Energy for power irrigation',\"v\":0.0082932458649808659}]"}, {"source": 49, "prod": 0, "target": 14, "value": 0.0003494035725384661, "supply": "[{\"l\":'Energy for power irrigation',\"v\":0.0003494035725384661}]"}, {"source": 49, "prod": 0, "target": 26, "value": 1.7721634248009935e-05, "supply": "[{\"l\":'Energy for power irrigation',\"v\":1.7721634248009935e-05}]"}, {"source": 49, "prod": 0, "target": 18, "value": 0.0018499949265659019, "supply": "[{\"l\":'Energy for power irrigation',\"v\":0.0018499949265659019}]"}, {"source": 49, "prod": 0, "target": 9, "value": 0.0049318829149123857, "supply": "[{\"l\":'Energy for power irrigation',\"v\":0.0049318829149123857}]"}, {"source": 49, "prod": 0, "target": 19, "value": 0.0018540661128120662, "supply": "[{\"l\":'Energy for power irrigation',\"v\":0.0018540661128120662}]"}, {"source": 49, "prod": 0, "target": 40, "value": 0.00036041972355749935, "supply": "[{\"l\":'Energy for power irrigation',\"v\":0.00036041972355749935}]"}, {"source": 49, "prod": 0, "target": 10, "value": 0.0058184435904006671, "supply": "[{\"l\":'Energy for power irrigation',\"v\":0.0058184435904006671}]"}, {"source": 49, "prod": 0, "target": 30, "value": 0.11136035479905551, "supply": "[{\"l\":'Energy for power irrigation',\"v\":0.11136035479905551}]"}, {"source": 49, "prod": 0, "target": 31, "value": 0.00043130626054953904, "supply": "[{\"l\":'Energy for power irrigation',\"v\":0.00043130626054953904}]"}, {"source": 49, "prod": 0, "target": 41, "value": 0.0026156174223887093, "supply": "[{\"l\":'Energy for power irrigation',\"v\":0.0026156174223887093}]"}, {"source": 49, "prod": 0, "target": 42, "value": 0.00038149409941999764, "supply": "[{\"l\":'Energy for power irrigation',\"v\":0.00038149409941999764}]"}, {"source": 49, "prod": 0, "target": 32, "value": 0.0004289114451106188, "supply": "[{\"l\":'Energy for power irrigation',\"v\":0.0004289114451106188}]"}, {"source": 49, "prod": 0, "target": 43, "value": 0.006129769597460301, "supply": "[{\"l\":'Energy for power irrigation',\"v\":0.006129769597460301}]"}, {"source": 49, "prod": 0, "target": 44, "value": 0.0011677120080175194, "supply": "[{\"l\":'Energy for power irrigation',\"v\":0.0011677120080175194}]"}, {"source": 49, "prod": 0, "target": 45, "value": 0.0013288830870568529, "supply": "[{\"l\":'Energy for power irrigation',\"v\":0.0013288830870568529}]"}, {"source": 49, "prod": 0, "target": 46, "value": 0.0015276527684872348, "supply": "[{\"l\":'Energy for power irrigation',\"v\":0.0015276527684872348}]"}, {"source": 49, "prod": 0, "target": 47, "value": 0.0029053900904980608, "supply": "[{\"l\":'Energy for power irrigation',\"v\":0.0029053900904980608}]"}, {"source": 49, "prod": 0, "target": 20, "value": 0.0019891337035671691, "supply": "[{\"l\":'Energy for power irrigation',\"v\":0.0019891337035671691}]"}, {"source": 49, "prod": 0, "target": 39, "value": 0.0010283337494723602, "supply": "[{\"l\":'Energy for power irrigation',\"v\":0.0010283337494723602}]"}, {"source": 50, "prod": 0, "target": 49, "value": 0.43468731584671488, "supply": [{"l": "Coal", "v": 0.34999783569153381}, {"l": "Natural gas", "v": 0.033744706185533671}, {"l": "Oil", "v": 0.050944773969647396}]}, {"source": 51, "prod": 0, "target": 49, "value": 0.10557552547969494, "supply": [{"l": "Nuclear", "v": 0.0059163429626164655}, {"l": "Hydroelectric", "v": 0.099659182517078476}, {"l": "Renewable", "v": 0.0}]}, {"source": 50, "prod": 0, "target": 21, "value": 1.3389536247445764, "supply": [{"l": "Motor Gasoline", "v": 0.0055162048554989974}, {"l": "Gas-Diesel oil", "v": 0.06402571794731883}, {"l": "Natural gas (including LNG)", "v": 0.018064067024334617}, {"l": "Fuel oil", "v": 0.034434671609960742}, {"l": "Liquefied petroleum gas (LPG)", "v": 0.00087102125122677553}, {"l": "Other fossil fuels", "v": 1.2160419420562363}]}, {"source": 50, "prod": 0, "target": 33, "value": 0.00097840966367890108, "supply": [{"l": "Motor Gasoline", "v": 4.0308402305436588e-06}, {"l": "Gas-Diesel oil", "v": 4.6785325500415657e-05}, {"l": "Natural gas (including LNG)", "v": 1.3199902831081197e-05}, {"l": "Fuel oil", "v": 2.5162346810347636e-05}, {"l": "Liquefied petroleum gas (LPG)", "v": 6.3647880981130845e-07}, {"l": "Other fossil fuels", "v": 0.00088859476949670175}]}, {"source": 50, "prod": 0, "target": 6, "value": 0.03766877205163769, "supply": [{"l": "Motor Gasoline", "v": 0.00015518734887593087}, {"l": "Gas-Diesel oil", "v": 0.0018012350317660026}, {"l": "Natural gas (including LNG)", "v": 0.00050819625899662605}, {"l": "Fuel oil", "v": 0.00096875035219838395}, {"l": "Liquefied petroleum gas (LPG)", "v": 2.4504434177735371e-05}, {"l": "Other fossil fuels", "v": 0.034210898625623015}]}, {"source": 50, "prod": 0, "target": 0, "value": 0.12028323802852491, "supply": [{"l": "Motor Gasoline", "v": 0.00049554142084246109}, {"l": "Gas-Diesel oil", "v": 0.0057516709537073487}, {"l": "Natural gas (including LNG)", "v": 0.0016227630542960444}, {"l": "Fuel oil", "v": 0.0030933960109971121}, {"l": "Liquefied petroleum gas (LPG)", "v": 7.8247113681177724e-05}, {"l": "Other fossil fuels", "v": 0.10924161947500076}]}, {"source": 50, "prod": 0, "target": 2, "value": 0.09135900234601739, "supply": [{"l": "Motor Gasoline", "v": 0.00037637970652701412}, {"l": "Gas-Diesel oil", "v": 0.0043685797686013111}, {"l": "Natural gas (including LNG)", "v": 0.0012325409268522066}, {"l": "Fuel oil", "v": 0.0023495341334162103}, {"l": "Liquefied petroleum gas (LPG)", "v": 5.9431208866130914e-05}, {"l": "Other fossil fuels", "v": 0.082972536601754507}]}, {"source": 50, "prod": 0, "target": 35, "value": 0.0088056869731101082, "supply": [{"l": "Motor Gasoline", "v": 3.6277562074892928e-05}, {"l": "Gas-Diesel oil", "v": 0.00042106792950374081}, {"l": "Natural gas (including LNG)", "v": 0.00011879912547973074}, {"l": "Fuel oil", "v": 0.00022646112129312868}, {"l": "Liquefied petroleum gas (LPG)", "v": 5.7283092883017746e-06}, {"l": "Other fossil fuels", "v": 0.0079973529254703142}]}, {"source": 50, "prod": 0, "target": 11, "value": 0.0053812531502339563, "supply": [{"l": "Motor Gasoline", "v": 2.2169621267990124e-05}, {"l": "Gas-Diesel oil", "v": 0.00025731929025228607}, {"l": "Natural gas (including LNG)", "v": 7.2599465570946583e-05}, {"l": "Fuel oil", "v": 0.00013839290745691198}, {"l": "Liquefied petroleum gas (LPG)", "v": 3.5006334539621961e-06}, {"l": "Other fossil fuels", "v": 0.0048872712322318591}]}, {"source": 50, "prod": 0, "target": 23, "value": 0.56509273137854532, "supply": [{"l": "Motor Gasoline", "v": 0.0023280621606533718}, {"l": "Gas-Diesel oil", "v": 0.027021449559333815}, {"l": "Natural gas (including LNG)", "v": 0.0076237688788763323}, {"l": "Fuel oil", "v": 0.014532827929651404}, {"l": "Liquefied petroleum gas (LPG)", "v": 0.00036760629259164376}, {"l": "Other fossil fuels", "v": 0.51321901655743873}]}, {"source": 50, "prod": 0, "target": 36, "value": 10.162251971800906, "supply": [{"l": "Motor Gasoline", "v": 0.041866322054541709}, {"l": "Gas-Diesel oil", "v": 0.48593578331006715}, {"l": "Natural gas (including LNG)", "v": 0.13710079075502482}, {"l": "Fuel oil", "v": 0.2613487151456757}, {"l": "Liquefied petroleum gas (LPG)", "v": 0.0066107871581051539}, {"l": "Other fossil fuels", "v": 9.2293895733774907}]}, {"source": 50, "prod": 0, "target": 24, "value": 0.38469844963774791, "supply": [{"l": "Motor Gasoline", "v": 0.0015848759931468847}, {"l": "Gas-Diesel oil", "v": 0.018395405170194678}, {"l": "Natural gas (including LNG)", "v": 0.005190036794395737}, {"l": "Fuel oil", "v": 0.0098935202364935602}, {"l": "Liquefied petroleum gas (LPG)", "v": 0.00025025551203268379}, {"l": "Other fossil fuels", "v": 0.34938435593148437}]}, {"source": 50, "prod": 0, "target": 3, "value": 0.00036690362387958793, "supply": [{"l": "Motor Gasoline", "v": 1.5115650864538721e-06}, {"l": "Gas-Diesel oil", "v": 1.754449706265587e-05}, {"l": "Natural gas (including LNG)", "v": 4.9499635616554488e-06}, {"l": "Fuel oil", "v": 9.435880053880363e-06}, {"l": "Liquefied petroleum gas (LPG)", "v": 2.3867955367924063e-07}, {"l": "Other fossil fuels", "v": 0.00033322303856126313}]}, {"source": 50, "prod": 0, "target": 12, "value": 0.01803942817407974, "supply": [{"l": "Motor Gasoline", "v": 7.431861675064871e-05}, {"l": "Gas-Diesel oil", "v": 0.00086260443891391357}, {"l": "Natural gas (including LNG)", "v": 0.00024337320844805956}, {"l": "Fuel oil", "v": 0.00046393076931578451}, {"l": "Liquefied petroleum gas (LPG)", "v": 1.1735078055895999e-05}, {"l": "Other fossil fuels", "v": 0.016383466062595439}]}, {"source": 50, "prod": 0, "target": 13, "value": 8.4774305309458384, "supply": [{"l": "Motor Gasoline", "v": 0.034925215177545536}, {"l": "Gas-Diesel oil", "v": 0.40537145279835141}, {"l": "Natural gas (including LNG)", "v": 0.11437055807990303}, {"l": "Fuel oil", "v": 0.21801915393825708}, {"l": "Liquefied petroleum gas (LPG)", "v": 0.0055147706476100814}, {"l": "Other fossil fuels", "v": 7.699229380304172}]}, {"source": 50, "prod": 0, "target": 4, "value": 0.75961280263870679, "supply": [{"l": "Motor Gasoline", "v": 0.0031294435839883329}, {"l": "Gas-Diesel oil", "v": 0.036322957085385202}, {"l": "Natural gas (including LNG)", "v": 0.010248074560480663}, {"l": "Fuel oil", "v": 0.019535417004883645}, {"l": "Liquefied petroleum gas (LPG)", "v": 0.00049414623596725452}, {"l": "Other fossil fuels", "v": 0.68988276416800165}]}, {"source": 50, "prod": 0, "target": 5, "value": 0.09135900234601739, "supply": [{"l": "Motor Gasoline", "v": 0.00037637970652701412}, {"l": "Gas-Diesel oil", "v": 0.0043685797686013111}, {"l": "Natural gas (including LNG)", "v": 0.0012325409268522066}, {"l": "Fuel oil", "v": 0.0023495341334162103}, {"l": "Liquefied petroleum gas (LPG)", "v": 5.9431208866130914e-05}, {"l": "Other fossil fuels", "v": 0.082972536601754507}]}, {"source": 50, "prod": 0, "target": 22, "value": 5.5019644424903404, "supply": [{"l": "Motor Gasoline", "v": 0.022666926181433445}, {"l": "Gas-Diesel oil", "v": 0.26309142978589983}, {"l": "Natural gas (including LNG)", "v": 0.074228003582731211}, {"l": "Fuel oil", "v": 0.14149731199463861}, {"l": "Liquefied petroleum gas (LPG)", "v": 0.0035791590271226658}, {"l": "Other fossil fuels", "v": 4.9969016119185143}]}, {"source": 50, "prod": 0, "target": 27, "value": 0.057848471365015031, "supply": [{"l": "Motor Gasoline", "v": 0.00023832342863089386}, {"l": "Gas-Diesel oil", "v": 0.0027661823702120757}, {"l": "Natural gas (including LNG)", "v": 0.00078044425488767578}, {"l": "Fuel oil", "v": 0.001487723755161804}, {"l": "Liquefied petroleum gas (LPG)", "v": 3.7631809630093612e-05}, {"l": "Other fossil fuels", "v": 0.052538165746492491}]}, {"source": 50, "prod": 0, "target": 7, "value": 0.083225972016686536, "supply": [{"l": "Motor Gasoline", "v": 0.00034287334711062003}, {"l": "Gas-Diesel oil", "v": 0.0039796767503791066}, {"l": "Natural gas (including LNG)", "v": 0.0011228167345688443}, {"l": "Fuel oil", "v": 0.0021403721255551958}, {"l": "Liquefied petroleum gas (LPG)", "v": 5.4140478759574425e-05}, {"l": "Other fossil fuels", "v": 0.075586092580313194}]}, {"source": 50, "prod": 0, "target": 29, "value": 0.41710826974711157, "supply": [{"l": "Motor Gasoline", "v": 0.0017183975757836436}, {"l": "Gas-Diesel oil", "v": 0.019945169077395949}, {"l": "Natural gas (including LNG)", "v": 0.0056272835756753029}, {"l": "Fuel oil", "v": 0.010727022974586326}, {"l": "Liquefied petroleum gas (LPG)", "v": 0.00027133887260768341}, {"l": "Other fossil fuels", "v": 0.37881905767106266}]}, {"source": 50, "prod": 0, "target": 38, "value": 1.7231017189465048, "supply": [{"l": "Motor Gasoline", "v": 0.0070988135010162014}, {"l": "Gas-Diesel oil", "v": 0.08239480637191951}, {"l": "Natural gas (including LNG)", "v": 0.023246678873387872}, {"l": "Fuel oil", "v": 0.04431403802637348}, {"l": "Liquefied petroleum gas (LPG)", "v": 0.0011209187439289404}, {"l": "Other fossil fuels", "v": 1.5649264634298787}]}, {"source": 50, "prod": 0, "target": 28, "value": 0.26459866342116278, "supply": [{"l": "Motor Gasoline", "v": 0.0010900903548476508}, {"l": "Gas-Diesel oil", "v": 0.012652506465018656}, {"l": "Natural gas (including LNG)", "v": 0.0035697487218805208}, {"l": "Fuel oil", "v": 0.0068048421655233877}, {"l": "Liquefied petroleum gas (LPG)", "v": 0.00017212773812834569}, {"l": "Other fossil fuels", "v": 0.24030934797576425}]}, {"source": 50, "prod": 0, "target": 8, "value": 0.61731534717740677, "supply": [{"l": "Motor Gasoline", "v": 0.0025432082579586401}, {"l": "Gas-Diesel oil", "v": 0.029518616307918504}, {"l": "Natural gas (including LNG)", "v": 0.0083283136924852917}, {"l": "Fuel oil", "v": 0.015875868190653713}, {"l": "Liquefied petroleum gas (LPG)", "v": 0.00040157834906532242}, {"l": "Other fossil fuels", "v": 0.56064776237932523}]}, {"source": 50, "prod": 0, "target": 48, "value": 0.031370259841704808, "supply": [{"l": "Motor Gasoline", "v": 0.00012923881489180624}, {"l": "Gas-Diesel oil", "v": 0.0015000544988570789}, {"l": "Natural gas (including LNG)", "v": 0.0004232218845215414}, {"l": "Fuel oil", "v": 0.00080676774460677219}, {"l": "Liquefied petroleum gas (LPG)", "v": 2.0407101839575103e-05}, {"l": "Other fossil fuels", "v": 0.028490569796988035}]}, {"source": 50, "prod": 0, "target": 15, "value": 0.18394101677163341, "supply": [{"l": "Motor Gasoline", "v": 0.00075779796334220781}, {"l": "Gas-Diesel oil", "v": 0.0087956411940781423}, {"l": "Natural gas (including LNG)", "v": 0.0024815817322432648}, {"l": "Fuel oil", "v": 0.0047305212003453554}, {"l": "Liquefied petroleum gas (LPG)", "v": 0.00011965801624452597}, {"l": "Other fossil fuels", "v": 0.16705581666537991}]}, {"source": 50, "prod": 0, "target": 25, "value": 0.042071615538192754, "supply": [{"l": "Motor Gasoline", "v": 0.00017332612991337735}, {"l": "Gas-Diesel oil", "v": 0.0020117689965178731}, {"l": "Natural gas (including LNG)", "v": 0.00056759582173649141}, {"l": "Fuel oil", "v": 0.0010819809128449485}, {"l": "Liquefied petroleum gas (LPG)", "v": 2.7368588821886262e-05}, {"l": "Other fossil fuels", "v": 0.038209575088358178}]}, {"source": 50, "prod": 0, "target": 16, "value": 0.086772707047522546, "supply": [{"l": "Motor Gasoline", "v": 0.00035748514294634074}, {"l": "Gas-Diesel oil", "v": 0.0041492735553181137}, {"l": "Natural gas (including LNG)", "v": 0.0011706663823315136}, {"l": "Fuel oil", "v": 0.0022315856327427058}, {"l": "Liquefied petroleum gas (LPG)", "v": 5.6447714445140415e-05}, {"l": "Other fossil fuels", "v": 0.078807248619738729}]}, {"source": 50, "prod": 0, "target": 37, "value": 0.0011007108716387635, "supply": [{"l": "Motor Gasoline", "v": 4.534695259361616e-06}, {"l": "Gas-Diesel oil", "v": 5.2633491187967601e-05}, {"l": "Natural gas (including LNG)", "v": 1.4849890684966343e-05}, {"l": "Fuel oil", "v": 2.8307640161641085e-05}, {"l": "Liquefied petroleum gas (LPG)", "v": 7.1603866103772183e-07}, {"l": "Other fossil fuels", "v": 0.00099966911568378928}]}, {"source": 50, "prod": 0, "target": 17, "value": 0.093132369861435388, "supply": [{"l": "Motor Gasoline", "v": 0.00038368560444487451}, {"l": "Gas-Diesel oil", "v": 0.0044533781710708147}, {"l": "Natural gas (including LNG)", "v": 0.0012564657507335413}, {"l": "Fuel oil", "v": 0.0023951408870099655}, {"l": "Liquefied petroleum gas (LPG)", "v": 6.0584826708913913e-05}, {"l": "Other fossil fuels", "v": 0.084583114621467281}]}, {"source": 50, "prod": 0, "target": 34, "value": 2.1176454158250215, "supply": [{"l": "Motor Gasoline", "v": 0.0087242498239829321}, {"l": "Gas-Diesel oil", "v": 0.10126098887996213}, {"l": "Natural gas (including LNG)", "v": 0.028569539690021364}, {"l": "Fuel oil", "v": 0.054460754377646164}, {"l": "Liquefied petroleum gas (LPG)", "v": 0.0013775788239853506}, {"l": "Other fossil fuels", "v": 1.9232523042294236}]}, {"source": 50, "prod": 0, "target": 14, "value": 0.08921873120671979, "supply": [{"l": "Motor Gasoline", "v": 0.00036756224352269988}, {"l": "Gas-Diesel oil", "v": 0.0042662368690691522}, {"l": "Natural gas (including LNG)", "v": 0.0012036661394092165}, {"l": "Fuel oil", "v": 0.0022944914997685747}, {"l": "Liquefied petroleum gas (LPG)", "v": 5.8038911469668678e-05}, {"l": "Other fossil fuels", "v": 0.081028735543480473}]}, {"source": 50, "prod": 0, "target": 26, "value": 0.0045251446945149178, "supply": [{"l": "Motor Gasoline", "v": 1.8642636066264423e-05}, {"l": "Gas-Diesel oil", "v": 0.00021638213043942238}, {"l": "Natural gas (including LNG)", "v": 6.1049550593750529e-05}, {"l": "Fuel oil", "v": 0.00011637585399785781}, {"l": "Liquefied petroleum gas (LPG)", "v": 2.9437144953773011e-06}, {"l": "Other fossil fuels", "v": 0.0041097508089222448}]}, {"source": 50, "prod": 0, "target": 18, "value": 0.47238841574496943, "supply": [{"l": "Motor Gasoline", "v": 0.0019461400488093603}, {"l": "Gas-Diesel oil", "v": 0.022588539968169431}, {"l": "Natural gas (including LNG)", "v": 0.0063730780856313899}, {"l": "Fuel oil", "v": 0.012148695569370966}, {"l": "Liquefied petroleum gas (LPG)", "v": 0.00030729992536202233}, {"l": "Other fossil fuels", "v": 0.42902466214762625}]}, {"source": 50, "prod": 0, "target": 9, "value": 1.2593355383627056, "supply": [{"l": "Motor Gasoline", "v": 0.0051881952317385065}, {"l": "Gas-Diesel oil", "v": 0.060218562084722496}, {"l": "Natural gas (including LNG)", "v": 0.016989924931455385}, {"l": "Fuel oil", "v": 0.032387085638268698}, {"l": "Liquefied petroleum gas (LPG)", "v": 0.00081922778807838029}, {"l": "Other fossil fuels", "v": 1.1437325426884422}]}, {"source": 50, "prod": 0, "target": 19, "value": 0.47342797601262826, "supply": [{"l": "Motor Gasoline", "v": 0.0019504228165543129}, {"l": "Gas-Diesel oil", "v": 0.022638249376513622}, {"l": "Natural gas (including LNG)", "v": 0.0063871029823894133}, {"l": "Fuel oil", "v": 0.012175430562856962}, {"l": "Liquefied petroleum gas (LPG)", "v": 0.00030797618409744682}, {"l": "Other fossil fuels", "v": 0.42996879409021649}]}, {"source": 50, "prod": 0, "target": 40, "value": 0.092031658989796636, "supply": [{"l": "Motor Gasoline", "v": 0.00037915090918551293}, {"l": "Gas-Diesel oil", "v": 0.0044007446798828469}, {"l": "Natural gas (including LNG)", "v": 0.0012416158600485751}, {"l": "Fuel oil", "v": 0.0023668332468483244}, {"l": "Liquefied petroleum gas (LPG)", "v": 5.9868788047876192e-05}, {"l": "Other fossil fuels", "v": 0.083583445505783505}]}, {"source": 50, "prod": 0, "target": 10, "value": 1.4857150742964114, "supply": [{"l": "Motor Gasoline", "v": 0.0061208308900805464}, {"l": "Gas-Diesel oil", "v": 0.071043516772381174}, {"l": "Natural gas (including LNG)", "v": 0.020044052448996798}, {"l": "Fuel oil", "v": 0.038209023631512885}, {"l": "Liquefied petroleum gas (LPG)", "v": 0.00096649307269847183}, {"l": "Other fossil fuels", "v": 1.3493311574807416}]}, {"source": 50, "prod": 0, "target": 30, "value": 28.435397754291944, "supply": [{"l": "Motor Gasoline", "v": 0.11714780576526154}, {"l": "Gas-Diesel oil", "v": 1.3597160668528925}, {"l": "Natural gas (including LNG)", "v": 0.38362712599185894}, {"l": "Fuel oil", "v": 0.73129014005578208}, {"l": "Liquefied petroleum gas (LPG)", "v": 0.01849790408969483}, {"l": "Other fossil fuels", "v": 25.825118711536454}]}, {"source": 50, "prod": 0, "target": 31, "value": 0.1101322377678563, "supply": [{"l": "Motor Gasoline", "v": 0.00045372145345057058}, {"l": "Gas-Diesel oil", "v": 0.0052662732016405369}, {"l": "Natural gas (including LNG)", "v": 0.001485814062423577}, {"l": "Fuel oil", "v": 0.0028323366628397557}, {"l": "Liquefied petroleum gas (LPG)", "v": 7.1643646029385401e-05}, {"l": "Other fossil fuels", "v": 0.10002244874147248}]}, {"source": 50, "prod": 0, "target": 41, "value": 0.66788689666880985, "supply": [{"l": "Motor Gasoline", "v": 0.0027515523123748647}, {"l": "Gas-Diesel oil", "v": 0.031936832819721234}, {"l": "Natural gas (including LNG)", "v": 0.0090105836700667997}, {"l": "Fuel oil", "v": 0.017176446991413553}, {"l": "Liquefied petroleum gas (LPG)", "v": 0.00043447634754744432}, {"l": "Other fossil fuels", "v": 0.60657700452768593}]}, {"source": 50, "prod": 0, "target": 42, "value": 0.097412912140030589, "supply": [{"l": "Motor Gasoline", "v": 0.00040132053045350305}, {"l": "Gas-Diesel oil", "v": 0.0046580639701351333}, {"l": "Natural gas (including LNG)", "v": 0.0013142153256195215}, {"l": "Fuel oil", "v": 0.0025052261543052363}, {"l": "Liquefied petroleum gas (LPG)", "v": 6.3369421501838392e-05}, {"l": "Other fossil fuels", "v": 0.088470716738015362}]}, {"source": 50, "prod": 0, "target": 32, "value": 0.10952073172805699, "supply": [{"l": "Motor Gasoline", "v": 0.00045120217830648079}, {"l": "Gas-Diesel oil", "v": 0.0052370323732027768}, {"l": "Natural gas (including LNG)", "v": 0.0014775641231541514}, {"l": "Fuel oil", "v": 0.0028166101960832883}, {"l": "Liquefied petroleum gas (LPG)", "v": 7.1245846773253322e-05}, {"l": "Other fossil fuels", "v": 0.099467077010537044}]}, {"source": 50, "prod": 0, "target": 43, "value": 1.565210859470322, "supply": [{"l": "Motor Gasoline", "v": 0.0064483366588122181}, {"l": "Gas-Diesel oil", "v": 0.074844824469289944}, {"l": "Natural gas (including LNG)", "v": 0.021116544554022142}, {"l": "Fuel oil", "v": 0.040253464309853632}, {"l": "Liquefied petroleum gas (LPG)", "v": 0.0010182069759956407}, {"l": "Other fossil fuels", "v": 1.4215294825023486}]}, {"source": 50, "prod": 0, "target": 44, "value": 0.29817034500614514, "supply": [{"l": "Motor Gasoline", "v": 0.00122839856025818}, {"l": "Gas-Diesel oil", "v": 0.01425782794625167}, {"l": "Natural gas (including LNG)", "v": 0.004022670387771995}, {"l": "Fuel oil", "v": 0.0076682251904534419}, {"l": "Liquefied petroleum gas (LPG)", "v": 0.00019396691728999625}, {"l": "Other fossil fuels", "v": 0.27079925600411986}]}, {"source": 50, "prod": 0, "target": 45, "value": 0.33932470148463889, "supply": [{"l": "Motor Gasoline", "v": 0.0013979457774554228}, {"l": "Gas-Diesel oil", "v": 0.016225735700112903}, {"l": "Natural gas (including LNG)", "v": 0.0045778913006043476}, {"l": "Fuel oil", "v": 0.0087266164031636895}, {"l": "Liquefied petroleum gas (LPG)", "v": 0.00022073880722768438}, {"l": "Other fossil fuels", "v": 0.30817577349607483}]}, {"source": 50, "prod": 0, "target": 46, "value": 0.39007970278798187, "supply": [{"l": "Motor Gasoline", "v": 0.001607045614414875}, {"l": "Gas-Diesel oil", "v": 0.018652724460446964}, {"l": "Natural gas (including LNG)", "v": 0.0052626362599666847}, {"l": "Fuel oil", "v": 0.010031913143950473}, {"l": "Liquefied petroleum gas (LPG)", "v": 0.00025375614548664601}, {"l": "Other fossil fuels", "v": 0.35427162716371624}]}, {"source": 50, "prod": 0, "target": 47, "value": 0.74187912748452678, "supply": [{"l": "Motor Gasoline", "v": 0.0030563846048097293}, {"l": "Gas-Diesel oil", "v": 0.035474973060690168}, {"l": "Natural gas (including LNG)", "v": 0.010008826321667316}, {"l": "Fuel oil", "v": 0.019079349468946093}, {"l": "Liquefied petroleum gas (LPG)", "v": 0.00048261005753942458}, {"l": "Other fossil fuels", "v": 0.67377698397087404}]}, {"source": 50, "prod": 0, "target": 20, "value": 0.50791691665730954, "supply": [{"l": "Motor Gasoline", "v": 0.0020925099346809769}, {"l": "Gas-Diesel oil", "v": 0.024287432100403274}, {"l": "Natural gas (including LNG)", "v": 0.0068523995571850259}, {"l": "Fuel oil", "v": 0.013062403287921716}, {"l": "Liquefied petroleum gas (LPG)", "v": 0.00033041206214329543}, {"l": "Other fossil fuels", "v": 0.46129175971497521}]}, {"source": 50, "prod": 0, "target": 39, "value": 0.2625806934898251, "supply": [{"l": "Motor Gasoline", "v": 0.0010817767468721544}, {"l": "Gas-Diesel oil", "v": 0.012556011731174051}, {"l": "Natural gas (including LNG)", "v": 0.0035425239222914157}, {"l": "Fuel oil", "v": 0.0067529448252270459}, {"l": "Liquefied petroleum gas (LPG)", "v": 0.00017081500058310986}, {"l": "Other fossil fuels", "v": 0.2384766212636773}]}, {"source": 52, "prod": 145.25336609056271, "target": 21, "value": 1.9423282633523906, "supply": [{"l": "Potash", "v": 1.8932754803899827}, {"l": "Phosphate", "v": 7.8871242321552044}, {"l": "Nitrogen", "v": 92.766034462773902}]}, {"source": 52, "prod": 0.10614056711038561, "target": 33, "value": 0.001419311847535543, "supply": [{"l": "Potash", "v": 1.8932754803899827}, {"l": "Phosphate", "v": 7.8871242321552044}, {"l": "Nitrogen", "v": 92.766034462773902}]}, {"source": 52, "prod": 4.0864118337498452, "target": 6, "value": 0.054643506130118397, "supply": [{"l": "Potash", "v": 1.8932754803899827}, {"l": "Phosphate", "v": 7.8871242321552044}, {"l": "Nitrogen", "v": 92.766034462773902}]}, {"source": 52, "prod": 13.04865596913303, "target": 0, "value": 0.17448665025640078, "supply": [{"l": "Potash", "v": 1.8932754803899827}, {"l": "Phosphate", "v": 7.8871242321552044}, {"l": "Nitrogen", "v": 92.766034462773902}]}, {"source": 52, "prod": 9.9108754539322543, "target": 2, "value": 0.13252824376363131, "supply": [{"l": "Potash", "v": 1.8932754803899827}, {"l": "Phosphate", "v": 7.8871242321552044}, {"l": "Nitrogen", "v": 92.766034462773902}]}, {"source": 52, "prod": 0.95526510399347031, "target": 35, "value": 0.012773806627819883, "supply": [{"l": "Potash", "v": 1.8932754803899827}, {"l": "Phosphate", "v": 7.8871242321552044}, {"l": "Nitrogen", "v": 92.766034462773902}]}, {"source": 52, "prod": 0.58377311910712082, "target": 11, "value": 0.0078062151614454855, "supply": [{"l": "Potash", "v": 1.8932754803899827}, {"l": "Phosphate", "v": 7.8871242321552044}, {"l": "Nitrogen", "v": 92.766034462773902}]}, {"source": 52, "prod": 61.30281129169208, "target": 23, "value": 0.8197412989422469, "supply": [{"l": "Potash", "v": 1.8932754803899827}, {"l": "Phosphate", "v": 7.8871242321552044}, {"l": "Nitrogen", "v": 92.766034462773902}]}, {"source": 52, "prod": 1102.42900029202, "target": 36, "value": 14.741682504427915, "supply": [{"l": "Potash", "v": 1.8932754803899827}, {"l": "Phosphate", "v": 7.8871242321552044}, {"l": "Nitrogen", "v": 92.766034462773902}]}, {"source": 52, "prod": 41.733144230714736, "target": 24, "value": 0.55805567705288117, "supply": [{"l": "Potash", "v": 1.8932754803899827}, {"l": "Phosphate", "v": 7.8871242321552044}, {"l": "Nitrogen", "v": 92.766034462773902}]}, {"source": 52, "prod": 0.039802712666394603, "target": 3, "value": 0.00053224194282582861, "supply": [{"l": "Potash", "v": 1.8932754803899827}, {"l": "Phosphate", "v": 7.8871242321552044}, {"l": "Nitrogen", "v": 92.766034462773902}]}, {"source": 52, "prod": 1.9569667060977345, "target": 12, "value": 0.026168562188936574, "supply": [{"l": "Potash", "v": 1.8932754803899827}, {"l": "Phosphate", "v": 7.8871242321552044}, {"l": "Nitrogen", "v": 92.766034462773902}]}, {"source": 52, "prod": 919.65494372793603, "target": 13, "value": 12.297627502971711, "supply": [{"l": "Potash", "v": 1.8932754803899827}, {"l": "Phosphate", "v": 7.8871242321552044}, {"l": "Nitrogen", "v": 92.766034462773902}]}, {"source": 52, "prod": 82.404882790325615, "target": 4, "value": 1.1019182356304069, "supply": [{"l": "Potash", "v": 1.8932754803899827}, {"l": "Phosphate", "v": 7.8871242321552044}, {"l": "Nitrogen", "v": 92.766034462773902}]}, {"source": 52, "prod": 9.9108754539322543, "target": 5, "value": 0.13252824376363131, "supply": [{"l": "Potash", "v": 1.8932754803899827}, {"l": "Phosphate", "v": 7.8871242321552044}, {"l": "Nitrogen", "v": 92.766034462773902}]}, {"source": 52, "prod": 596.86821157436452, "target": 22, "value": 7.9813227606351829, "supply": [{"l": "Potash", "v": 1.8932754803899827}, {"l": "Phosphate", "v": 7.8871242321552044}, {"l": "Nitrogen", "v": 92.766034462773902}]}, {"source": 52, "prod": 6.2755610304015486, "target": 27, "value": 0.083916812985538977, "supply": [{"l": "Potash", "v": 1.8932754803899827}, {"l": "Phosphate", "v": 7.8871242321552044}, {"l": "Nitrogen", "v": 92.766034462773902}]}, {"source": 52, "prod": 9.0285819898271757, "target": 7, "value": 0.12073021403099213, "supply": [{"l": "Potash", "v": 1.8932754803899827}, {"l": "Phosphate", "v": 7.8871242321552044}, {"l": "Nitrogen", "v": 92.766034462773902}]}, {"source": 52, "prod": 45.249050516246264, "target": 29, "value": 0.60507038200249619, "supply": [{"l": "Potash", "v": 1.8932754803899827}, {"l": "Phosphate", "v": 7.8871242321552044}, {"l": "Nitrogen", "v": 92.766034462773902}]}, {"source": 52, "prod": 186.92680625227783, "target": 38, "value": 2.4995855774910329, "supply": [{"l": "Potash", "v": 1.8932754803899827}, {"l": "Phosphate", "v": 7.8871242321552044}, {"l": "Nitrogen", "v": 92.766034462773902}]}, {"source": 52, "prod": 28.704389617914906, "target": 28, "value": 0.38383514776789335, "supply": [{"l": "Potash", "v": 1.8932754803899827}, {"l": "Phosphate", "v": 7.8871242321552044}, {"l": "Nitrogen", "v": 92.766034462773902}]}, {"source": 52, "prod": 66.968064061208921, "target": 8, "value": 0.89549706880445668, "supply": [{"l": "Potash", "v": 1.8932754803899827}, {"l": "Phosphate", "v": 7.8871242321552044}, {"l": "Nitrogen", "v": 92.766034462773902}]}, {"source": 52, "prod": 3.4031319329767431, "target": 48, "value": 0.045506686111608408, "supply": [{"l": "Potash", "v": 1.8932754803899827}, {"l": "Phosphate", "v": 7.8871242321552044}, {"l": "Nitrogen", "v": 92.766034462773902}]}, {"source": 52, "prod": 19.954426616752492, "target": 15, "value": 0.26683062733668206, "supply": [{"l": "Potash", "v": 1.8932754803899827}, {"l": "Phosphate", "v": 7.8871242321552044}, {"l": "Nitrogen", "v": 92.766034462773902}]}, {"source": 52, "prod": 4.5640443857465813, "target": 25, "value": 0.06103040944402835, "supply": [{"l": "Potash", "v": 1.8932754803899827}, {"l": "Phosphate", "v": 7.8871242321552044}, {"l": "Nitrogen", "v": 92.766034462773902}]}, {"source": 52, "prod": 9.4133415456023233, "target": 16, "value": 0.12587521947830846, "supply": [{"l": "Potash", "v": 1.8932754803899827}, {"l": "Phosphate", "v": 7.8871242321552044}, {"l": "Nitrogen", "v": 92.766034462773902}]}, {"source": 52, "prod": 0.11940813799918379, "target": 37, "value": 0.0015967258284774854, "supply": [{"l": "Potash", "v": 1.8932754803899827}, {"l": "Phosphate", "v": 7.8871242321552044}, {"l": "Nitrogen", "v": 92.766034462773902}]}, {"source": 52, "prod": 10.103255231819828, "target": 17, "value": 0.13510074648728948, "supply": [{"l": "Potash", "v": 1.8932754803899827}, {"l": "Phosphate", "v": 7.8871242321552044}, {"l": "Nitrogen", "v": 92.766034462773902}]}, {"source": 52, "prod": 229.72798993954083, "target": 34, "value": 3.0719230800097406, "supply": [{"l": "Potash", "v": 1.8932754803899827}, {"l": "Phosphate", "v": 7.8871242321552044}, {"l": "Nitrogen", "v": 92.766034462773902}]}, {"source": 52, "prod": 9.6786929633782854, "target": 14, "value": 0.12942349909714732, "supply": [{"l": "Potash", "v": 1.8932754803899827}, {"l": "Phosphate", "v": 7.8871242321552044}, {"l": "Nitrogen", "v": 92.766034462773902}]}, {"source": 52, "prod": 0.49090012288553342, "target": 26, "value": 0.006564317294851886, "supply": [{"l": "Potash", "v": 1.8932754803899827}, {"l": "Phosphate", "v": 7.8871242321552044}, {"l": "Nitrogen", "v": 92.766034462773902}]}, {"source": 52, "prod": 51.245992557983044, "target": 18, "value": 0.68526150138825426, "supply": [{"l": "Potash", "v": 1.8932754803899827}, {"l": "Phosphate", "v": 7.8871242321552044}, {"l": "Nitrogen", "v": 92.766034462773902}]}, {"source": 52, "prod": 136.61617744195505, "target": 9, "value": 1.8268317617591856, "supply": [{"l": "Potash", "v": 1.8932754803899827}, {"l": "Phosphate", "v": 7.8871242321552044}, {"l": "Nitrogen", "v": 92.766034462773902}]}, {"source": 52, "prod": 51.358766910537831, "target": 19, "value": 0.68676952022626081, "supply": [{"l": "Potash", "v": 1.8932754803899827}, {"l": "Phosphate", "v": 7.8871242321552044}, {"l": "Nitrogen", "v": 92.766034462773902}]}, {"source": 52, "prod": 9.9838470938206445, "target": 40, "value": 0.13350402065881201, "supply": [{"l": "Potash", "v": 1.8932754803899827}, {"l": "Phosphate", "v": 7.8871242321552044}, {"l": "Nitrogen", "v": 92.766034462773902}]}, {"source": 52, "prod": 161.17445115712053, "target": 10, "value": 2.1552250404827218, "supply": [{"l": "Potash", "v": 1.8932754803899827}, {"l": "Phosphate", "v": 7.8871242321552044}, {"l": "Nitrogen", "v": 92.766034462773902}]}, {"source": 52, "prod": 3084.7500343582478, "target": 30, "value": 41.249282810944543, "supply": [{"l": "Potash", "v": 1.8932754803899827}, {"l": "Phosphate", "v": 7.8871242321552044}, {"l": "Nitrogen", "v": 92.766034462773902}]}, {"source": 52, "prod": 11.947447585362779, "target": 31, "value": 0.15976128983821952, "supply": [{"l": "Potash", "v": 1.8932754803899827}, {"l": "Phosphate", "v": 7.8871242321552044}, {"l": "Nitrogen", "v": 92.766034462773902}]}, {"source": 52, "prod": 72.454204623726966, "target": 41, "value": 0.9688577499239498, "supply": [{"l": "Potash", "v": 1.8932754803899827}, {"l": "Phosphate", "v": 7.8871242321552044}, {"l": "Nitrogen", "v": 92.766034462773902}]}, {"source": 52, "prod": 10.567620212927766, "target": 42, "value": 0.14131023582025748, "supply": [{"l": "Potash", "v": 1.8932754803899827}, {"l": "Phosphate", "v": 7.8871242321552044}, {"l": "Nitrogen", "v": 92.766034462773902}]}, {"source": 52, "prod": 11.881109730918787, "target": 32, "value": 0.15887421993350981, "supply": [{"l": "Potash", "v": 1.8932754803899827}, {"l": "Phosphate", "v": 7.8871242321552044}, {"l": "Nitrogen", "v": 92.766034462773902}]}, {"source": 52, "prod": 169.79837223483938, "target": 43, "value": 2.2705441280949845, "supply": [{"l": "Potash", "v": 1.8932754803899827}, {"l": "Phosphate", "v": 7.8871242321552044}, {"l": "Nitrogen", "v": 92.766034462773902}]}, {"source": 52, "prod": 32.346337826890014, "target": 44, "value": 0.4325352855364567, "supply": [{"l": "Potash", "v": 1.8932754803899827}, {"l": "Phosphate", "v": 7.8871242321552044}, {"l": "Nitrogen", "v": 92.766034462773902}]}, {"source": 52, "prod": 36.810875430970604, "target": 45, "value": 0.49223509012342043, "supply": [{"l": "Potash", "v": 1.8932754803899827}, {"l": "Phosphate", "v": 7.8871242321552044}, {"l": "Nitrogen", "v": 92.766034462773902}]}, {"source": 52, "prod": 42.316917349821857, "target": 46, "value": 0.5658618922143267, "supply": [{"l": "Potash", "v": 1.8932754803899827}, {"l": "Phosphate", "v": 7.8871242321552044}, {"l": "Nitrogen", "v": 92.766034462773902}]}, {"source": 52, "prod": 80.481085011449878, "target": 47, "value": 1.0761932083938253, "supply": [{"l": "Potash", "v": 1.8932754803899827}, {"l": "Phosphate", "v": 7.8871242321552044}, {"l": "Nitrogen", "v": 92.766034462773902}]}, {"source": 52, "prod": 55.100221901178919, "target": 20, "value": 0.73680026285188871, "supply": [{"l": "Potash", "v": 1.8932754803899827}, {"l": "Phosphate", "v": 7.8871242321552044}, {"l": "Nitrogen", "v": 92.766034462773902}]}, {"source": 52, "prod": 28.485474698249735, "target": 39, "value": 0.38090781708235127, "supply": [{"l": "Potash", "v": 1.8932754803899827}, {"l": "Phosphate", "v": 7.8871242321552044}, {"l": "Nitrogen", "v": 92.766034462773902}]}, {"source": 50, "prod": 0, "target": 52, "value": 122.4345096826524, "supply": [{"l": "Natural gas (including LNG)", "v": 83.121493629750233}, {"l": "Fuel oil", "v": 22.914654079520808}, {"l": "Liquefied petroleum gas (LPG)", "v": 8.1991809866906813}, {"l": "Coal", "v": 8.1991809866906813}]}, {"source": 53, "prod": 0, "target": 21, "value": 2.8098978965713854, "supply": "[{\"l\":'Labor',\"v\":2.8098978965713854}]"}, {"source": 53, "prod": 0, "target": 33, "value": 0.0020532684666213995, "supply": "[{\"l\":'Labor',\"v\":0.0020532684666213995}]"}, {"source": 53, "prod": 0, "target": 6, "value": 0.079050835964923877, "supply": "[{\"l\":'Labor',\"v\":0.079050835964923877}]"}, {"source": 53, "prod": 0, "target": 0, "value": 0.25242369211526827, "supply": "[{\"l\":'Labor',\"v\":0.25242369211526827}]"}, {"source": 53, "prod": 0, "target": 2, "value": 0.19172394307077317, "supply": "[{\"l\":'Labor',\"v\":0.19172394307077317}]"}, {"source": 53, "prod": 0, "target": 35, "value": 0.018479416199592594, "supply": "[{\"l\":'Labor',\"v\":0.018479416199592594}]"}, {"source": 53, "prod": 0, "target": 11, "value": 0.011292976566417697, "supply": "[{\"l\":'Labor',\"v\":0.011292976566417697}]"}, {"source": 53, "prod": 0, "target": 23, "value": 1.1858908687530219, "supply": "[{\"l\":'Labor',\"v\":1.1858908687530219}]"}, {"source": 53, "prod": 0, "target": 36, "value": 21.326272928563164, "supply": "[{\"l\":'Labor',\"v\":21.326272928563164}]"}, {"source": 53, "prod": 0, "target": 24, "value": 0.80731949521970148, "supply": "[{\"l\":'Labor',\"v\":0.80731949521970148}]"}, {"source": 53, "prod": 0, "target": 3, "value": 0.00076997567498302488, "supply": "[{\"l\":'Labor',\"v\":0.00076997567498302488}]"}, {"source": 53, "prod": 0, "target": 12, "value": 0.037857137353332057, "supply": "[{\"l\":'Labor',\"v\":0.037857137353332057}]"}, {"source": 53, "prod": 0, "target": 13, "value": 17.790544629041115, "supply": "[{\"l\":'Labor',\"v\":17.790544629041115}]"}, {"source": 53, "prod": 0, "target": 4, "value": 1.5941063057731888, "supply": "[{\"l\":'Labor',\"v\":1.5941063057731888}]"}, {"source": 53, "prod": 0, "target": 5, "value": 0.19172394307077317, "supply": "[{\"l\":'Labor',\"v\":0.19172394307077317}]"}, {"source": 53, "prod": 0, "target": 22, "value": 11.546298563487111, "supply": "[{\"l\":'Labor',\"v\":11.546298563487111}]"}, {"source": 53, "prod": 0, "target": 27, "value": 0.12139949808899025, "supply": "[{\"l\":'Labor',\"v\":0.12139949808899025}]"}, {"source": 53, "prod": 0, "target": 7, "value": 0.17465614894198281, "supply": "[{\"l\":'Labor',\"v\":0.17465614894198281}]"}, {"source": 53, "prod": 0, "target": 29, "value": 0.87533401317653536, "supply": "[{\"l\":'Labor',\"v\":0.87533401317653536}]"}, {"source": 53, "prod": 0, "target": 38, "value": 3.616062428278612, "supply": "[{\"l\":'Labor',\"v\":3.616062428278612}]"}, {"source": 53, "prod": 0, "target": 28, "value": 0.55528079094192473, "supply": "[{\"l\":'Labor',\"v\":0.55528079094192473}]"}, {"source": 53, "prod": 0, "target": 8, "value": 1.2954840731589394, "supply": "[{\"l\":'Labor',\"v\":1.2954840731589394}]"}, {"source": 53, "prod": 0, "target": 48, "value": 0.065832920211048709, "supply": "[{\"l\":'Labor',\"v\":0.065832920211048709}]"}, {"source": 53, "prod": 0, "target": 15, "value": 0.38601447172482306, "supply": "[{\"l\":'Labor',\"v\":0.38601447172482306}]"}, {"source": 53, "prod": 0, "target": 25, "value": 0.088290544064720186, "supply": "[{\"l\":'Labor',\"v\":0.088290544064720186}]"}, {"source": 53, "prod": 0, "target": 16, "value": 0.18209924713348538, "supply": "[{\"l\":'Labor',\"v\":0.18209924713348538}]"}, {"source": 53, "prod": 0, "target": 37, "value": 0.0023099270249490743, "supply": "[{\"l\":'Labor',\"v\":0.0023099270249490743}]"}, {"source": 53, "prod": 0, "target": 17, "value": 0.19544549216652446, "supply": "[{\"l\":'Labor',\"v\":0.19544549216652446}]"}, {"source": 53, "prod": 0, "target": 34, "value": 4.4440429374436912, "supply": "[{\"l\":'Labor',\"v\":4.4440429374436912}]"}, {"source": 53, "prod": 0, "target": 14, "value": 0.18723241830003884, "supply": "[{\"l\":'Labor',\"v\":0.18723241830003884}]"}, {"source": 53, "prod": 0, "target": 26, "value": 0.0094963666581239729, "supply": "[{\"l\":'Labor',\"v\":0.0094963666581239729}]"}, {"source": 53, "prod": 0, "target": 18, "value": 0.99134368154064434, "supply": "[{\"l\":'Labor',\"v\":0.99134368154064434}]"}, {"source": 53, "prod": 0, "target": 9, "value": 2.6428131751000685, "supply": "[{\"l\":'Labor',\"v\":2.6428131751000685}]"}, {"source": 53, "prod": 0, "target": 19, "value": 0.99352527928642964, "supply": "[{\"l\":'Labor',\"v\":0.99352527928642964}]"}, {"source": 53, "prod": 0, "target": 40, "value": 0.19313556514157537, "supply": "[{\"l\":'Labor',\"v\":0.19313556514157537}]"}, {"source": 53, "prod": 0, "target": 10, "value": 3.1178881665645952, "supply": "[{\"l\":'Labor',\"v\":3.1178881665645952}]"}, {"source": 53, "prod": 0, "target": 30, "value": 59.673884786859404, "supply": "[{\"l\":'Labor',\"v\":59.673884786859404}]"}, {"source": 53, "prod": 0, "target": 31, "value": 0.23112103177407126, "supply": "[{\"l\":'Labor',\"v\":0.23112103177407126}]"}, {"source": 53, "prod": 0, "target": 41, "value": 1.4016123870274326, "supply": "[{\"l\":'Labor',\"v\":1.4016123870274326}]"}, {"source": 53, "prod": 0, "target": 42, "value": 0.20442854170799307, "supply": "[{\"l\":'Labor',\"v\":0.20442854170799307}]"}, {"source": 53, "prod": 0, "target": 32, "value": 0.2298377389824329, "supply": "[{\"l\":'Labor',\"v\":0.2298377389824329}]"}, {"source": 53, "prod": 0, "target": 43, "value": 3.284716229477584, "supply": "[{\"l\":'Labor',\"v\":3.284716229477584}]"}, {"source": 53, "prod": 0, "target": 44, "value": 0.62573356520287149, "supply": "[{\"l\":'Labor',\"v\":0.62573356520287149}]"}, {"source": 53, "prod": 0, "target": 45, "value": 0.71209917008013413, "supply": "[{\"l\":'Labor',\"v\":0.71209917008013413}]"}, {"source": 53, "prod": 0, "target": 46, "value": 0.81861247178611918, "supply": "[{\"l\":'Labor',\"v\":0.81861247178611918}]"}, {"source": 53, "prod": 0, "target": 47, "value": 1.5568908148156761, "supply": "[{\"l\":'Labor',\"v\":1.5568908148156761}]"}, {"source": 53, "prod": 0, "target": 20, "value": 1.065902992734834, "supply": "[{\"l\":'Labor',\"v\":1.065902992734834}]"}, {"source": 53, "prod": 0, "target": 39, "value": 0.55104592472951808, "supply": "[{\"l\":'Labor',\"v\":0.55104592472951808}]"}]}