{"nodes": [{"layer": 5, "name": "Starchy Roots"}, {"layer": 10, "name": "Feed", "fill": "#dbdb8d"}, {"layer": 5, "name": "Oilcrops", "fill": "#ff9896"}, {"layer": 5, "name": "Sugar Crops", "fill": "#ffbb78"}, {"layer": 13, "name": "Milk - Excluding Butter"}, {"layer": 5, "name": "Pulses"}, {"layer": 13, "name": "Fish, Seafood"}, {"layer": 13, "name": "Sugar & Sweeteners"}, {"layer": 5, "name": "Cereals - Excluding Beer"}, {"layer": 16, "name": "Food", "fill": "#b5cf6b"}, {"layer": 5, "name": "Treenuts"}, {"layer": 5, "name": "Vegetables"}, {"layer": 13, "name": "Alcoholic Beverages"}, {"layer": 13, "name": "Animal Fats"}, {"layer": 13, "name": "Aquatic Products, Other"}, {"layer": 5, "name": "Others"}, {"layer": 13, "name": "Vegetable Oils", "fill": "#f7b6d2"}, {"layer": 5, "name": "Spices"}, {"layer": 5, "name": "Stimulants"}, {"layer": 13, "name": "Eggs"}, {"layer": 5, "name": "Fruits - Excluding Wine"}, {"layer": 13, "name": "Meat"}, {"layer": 10, "name": "Processing", "fill": "#9edae5"}, {"layer": 16, "name": "Biofuels & Other", "fill": "#e7ba52"}, {"name": "Waste", "fill": "#c7c7c7"}, {"layer": 2, "name": "Import", "fill": "#aec7e8"}, {"layer": 16, "name": "Export", "fill": "#aec7e8"}, {"layer": 16, "name": "Stock Deposit", "fill": "#c7c7c7"}, {"layer": 0, "name": "Stock Draw", "fill": "#c7c7c7"}, {"name": "Crop Residue", "fill": "#bd9e39"}, {"layer": 2, "name": "Electricity", "fill": "#bcbd22"}, {"layer": 0, "name": "Fossil Fuels", "fill": "#c49c94"}, {"layer": 0, "name": "Renewables & Nuclear", "fill": "#2ca02c"}, {"layer": 2, "name": "Fertilizers", "fill": "#c5b0d5"}, {"layer": 0, "name": "Labor", "fill": "#7f7f7f"}], "links": [{"source": 0, "prod": 181.0, "target": 1, "value": 0.18467176453935244, "supply": [{"l": "Sweet potatoes", "v": 0.040666546140731091}, {"l": "Cassava", "v": 0.14400521839862135}]}, {"source": 2, "prod": 862.0, "target": 1, "value": 4.9880220517739842, "supply": [{"l": "Cottonseed", "v": 4.7498294503775673}, {"l": "Soyabeans", "v": 0.0047166851761666672}, {"l": "Oilcrops, Other", "v": 0.23347591622024999}]}, {"source": 3, "prod": 2838.0, "target": 1, "value": 0.96636555697579429, "supply": [{"l": "Sugar cane", "v": 0.96636555697579429}]}, {"source": 4, "prod": 5747.0, "target": 1, "value": 4.447207686375207, "supply": [{"l": "Milk - Excluding Butter", "v": 4.447207686375207}]}, {"source": 5, "prod": 1062.0, "target": 1, "value": 4.3002833348809677, "supply": [{"l": "Beans", "v": 0.56993279212013892}, {"l": "Pulses, Other", "v": 3.6650425941677525}, {"l": "Peas", "v": 0.065307948593076925}]}, {"source": 6, "prod": 1270.0, "target": 1, "value": 0.9231678945457219, "supply": [{"l": "Pelagic Fish", "v": 0.34955059047747661}, {"l": "Fish, Seafood", "v": 0.49010646875986369}, {"l": "Marine Fish, Other", "v": 0.035583227873139715}, {"l": "Demersal Fish", "v": 0.047927607435241937}]}, {"source": 7, "prod": 417.0, "target": 1, "value": 1.7027706099706776, "supply": [{"l": "Sugar", "v": 0.0081667655154468947}, {"l": "Sugar non-centrifugal", "v": 1.6946038444552307}]}, {"source": 8, "prod": 6036.0, "target": 1, "value": 20.622300972527512, "supply": [{"l": "Maize", "v": 4.5736169963794859}, {"l": "Barley", "v": 6.9443883326679563}, {"l": "Rice", "v": 2.4171579901468152}, {"l": "Sorghum", "v": 1.3235832651511432}, {"l": "Wheat", "v": 4.4174095242733609}, {"l": "Millet", "v": 0.94614486390874941}]}, {"source": 4, "prod": 45598.0, "target": 9, "value": 35.285153311873444, "supply": [{"l": "Milk - Excluding Butter", "v": 35.285153311873444}]}, {"source": 2, "prod": 4743.0, "target": 9, "value": 11.831509603865639, "supply": [{"l": "Coconuts - Incl Copra", "v": 6.7293310230306478}, {"l": "Sesame seed", "v": 0.87022841500275006}, {"l": "Olives", "v": 0.017209526994121621}, {"l": "Groundnuts", "v": 2.0880892752867566}, {"l": "Oilcrops, Other", "v": 0.38912652703375}, {"l": "Soyabeans", "v": 0.8254199058291668}, {"l": "Rape and Mustardseed", "v": 0.91210493068844589}]}, {"source": 10, "prod": 590.0, "target": 9, "value": 1.6697065523630001, "supply": [{"l": "Treenuts", "v": 1.6697065523630001}]}, {"source": 5, "prod": 10918.0, "target": 9, "value": 44.119165010581987, "supply": [{"l": "Peas", "v": 1.6718834839827692}, {"l": "Pulses, Other", "v": 31.933004154727687}, {"l": "Beans", "v": 10.514277371871529}]}, {"source": 11, "prod": 45837.0, "target": 9, "value": 12.599332591900888, "supply": [{"l": "Tomatoes", "v": 0.41965021824522863}, {"l": "Vegetables, Other", "v": 10.500595004535603}, {"l": "Onions", "v": 1.6790873691200556}]}, {"source": 12, "prod": 666.0, "target": 9, "value": 1.8354012514831635, "supply": [{"l": "Beverages, Alcoholic", "v": 1.6904599671381333}, {"l": "Beer", "v": 0.10720780293569693}, {"l": "Beverages, Fermented", "v": 0.03773348140933333}]}, {"source": 3, "prod": 7407.0, "target": 9, "value": 2.5221528120224481, "supply": [{"l": "Sugar cane", "v": 2.5221528120224481}]}, {"source": 13, "prod": 1148.0, "target": 9, "value": 11.343174321260049, "supply": [{"l": "Butter, Ghee", "v": 10.080281865341425}, {"l": "Fats, Animals, Raw", "v": 1.2628924559186252}]}, {"source": 0, "prod": 18406.0, "target": 9, "value": 16.813175116777792, "supply": [{"l": "Roots, Other", "v": 0.42298558847694645}, {"l": "Potatoes", "v": 8.4055392056188154}, {"l": "Sweet potatoes", "v": 2.5245363775259118}, {"l": "Cassava", "v": 5.4601139451561185}]}, {"source": 6, "prod": 6534.0, "target": 9, "value": 4.9538083056098872, "supply": [{"l": "Crustaceans", "v": 0.13815599670553635}, {"l": "Marine Fish, Other", "v": 0.18728014670073531}, {"l": "Fish, Seafood", "v": 2.5223117163893458}, {"l": "Demersal Fish", "v": 0.42107826532391135}, {"l": "Freshwater Fish", "v": 1.2603840369840273}, {"l": "Cephalopods", "v": 0.0046309272638727274}, {"l": "Pelagic Fish", "v": 0.41919539503181258}, {"l": "Molluscs, Other", "v": 0.00077182121064545454}]}, {"source": 14, "prod": 12.0, "target": 9, "value": 0.0087390079011791782, "supply": [{"l": "Aquatic Animals, Others", "v": 0.0043695039505895891}, {"l": "Aquatic Products, Other", "v": 0.0043695039505895891}]}, {"source": 7, "prod": 19048.0, "target": 9, "value": 77.69460106799869, "supply": [{"l": "Sugar", "v": 35.87660090935821}, {"l": "Sweeteners, Other", "v": 1.2542094672988637}, {"l": "Honey", "v": 0.21996904503395459}, {"l": "Sugar non-centrifugal", "v": 40.34382164630766}]}, {"source": 15, "prod": 621.0, "target": 9, "value": 1.7057354411830001, "supply": [{"l": "Nuts", "v": 1.6697065523630001}, {"l": "Infant food", "v": 0.03602888882}]}, {"source": 8, "prod": 147518.0, "target": 9, "value": 571.49809412515765, "supply": [{"l": "Maize", "v": 23.941521039142184}, {"l": "Barley", "v": 5.4707939012513016}, {"l": "Cereals, Other", "v": 0.043246366735368094}, {"l": "Sorghum", "v": 36.954141362844531}, {"l": "Rye", "v": 0.11532364462764826}, {"l": "Rice", "v": 281.45151816977796}, {"l": "Wheat", "v": 194.48424657354371}, {"l": "Oats", "v": 0.036694211794245771}, {"l": "Millet", "v": 29.0006088554406}]}, {"source": 16, "prod": 5173.0, "target": 9, "value": 52.375313076166947, "supply": [{"l": "Ricebran Oil", "v": 0.89145349829550002}, {"l": "Sunflowerseed Oil", "v": 0.85843670206233336}, {"l": "Rape and Mustard Oil", "v": 10.135524310517321}, {"l": "Sesameseed Oil", "v": 1.6767815801272503}, {"l": "Oilcrops Oil, Other", "v": 2.1448505222147372}, {"l": "Maize Germ Oil", "v": 0.067026578819210536}, {"l": "Groundnut Oil", "v": 14.250102399983199}, {"l": "Soyabean Oil", "v": 10.917723925070757}, {"l": "Palm Oil", "v": 4.2450166585499991}, {"l": "Coconut Oil", "v": 2.9715116609850001}, {"l": "Olive Oil", "v": 0.02010740665698154}, {"l": "Cottonseed Oil", "v": 4.1967778328846599}]}, {"source": 17, "prod": 1295.0, "target": 9, "value": 4.6497414344286003, "supply": [{"l": "Cloves", "v": 0.0072107958876577831}, {"l": "Pepper", "v": 0.025237785606802243}, {"l": "Pimento", "v": 2.1066687148774252}, {"l": "Spices, Other", "v": 2.5106241380567145}]}, {"source": 18, "prod": 592.0, "target": 9, "value": 0.49275487487482356, "supply": [{"l": "Tea", "v": 0.42033988481720591}, {"l": "Coffee", "v": 0.064923784189588232}, {"l": "Cocoa Beans", "v": 0.0074912058680294113}]}, {"source": 19, "prod": 957.0, "target": 9, "value": 1.6752498730855054, "supply": [{"l": "Eggs", "v": 1.6752498730855054}]}, {"source": 20, "prod": 27877.0, "target": 9, "value": 15.848233538656697, "supply": [{"l": "Plantains", "v": 0.84001388466836469}, {"l": "Grapes", "v": 1.2575861850954375}, {"l": "Pineapples", "v": 0.42139555610484147}, {"l": "Citrus, Other", "v": 0.039984024691539194}, {"l": "Grapefruit", "v": 0.020299581766473746}, {"l": "Fruits, Other", "v": 7.1431896171007017}, {"l": "Dates", "v": 1.264722204478345}, {"l": "Apples", "v": 0.83920713942103842}, {"l": "Lemons, Limes", "v": 0.23809006476215216}, {"l": "Bananas", "v": 2.9422953592822698}, {"l": "Oranges, Mandarines", "v": 0.84144992128553386}]}, {"source": 21, "prod": 5986.0, "target": 9, "value": 11.31553655175812, "supply": [{"l": "Pigmeat", "v": 1.2488565137411616}, {"l": "Offals, Edible", "v": 0.84211952091235132}, {"l": "Meat, Other", "v": 0.41123598879703122}, {"l": "Mutton & Goat Meat", "v": 3.3653548731949172}, {"l": "Bovine Meat", "v": 4.6150681107281919}, {"l": "Poultry Meat", "v": 0.83290154438446562}]}, {"source": 21, "prod": 1.0, "target": 22, "value": 0.00265313541159375, "supply": [{"l": "Meat, Other", "v": 0.00265313541159375}]}, {"source": 3, "prod": 211227.0, "target": 22, "value": 71.924770085738587, "supply": [{"l": "Sugar beet", "v": 1.6007344902548304}, {"l": "Sugar cane", "v": 70.32403559548375}]}, {"source": 7, "prod": 395.0, "target": 22, "value": 1.5279353182967117, "supply": [{"l": "Sugar", "v": 0.065334124123575157}, {"l": "Sweeteners, Other", "v": 1.4626011941731365}]}, {"source": 8, "prod": 242.0, "target": 22, "value": 0.94812485535412261, "supply": [{"l": "Maize", "v": 0.021256159549401171}, {"l": "Rice", "v": 0.76220487145744509}, {"l": "Wheat", "v": 0.0035826516822979404}, {"l": "Barley", "v": 0.16108117266497834}]}, {"source": 20, "prod": 70.0, "target": 22, "value": 0.033633696927762788, "supply": [{"l": "Fruits, Other", "v": 0.021023761364498985}, {"l": "Apples", "v": 0.0065307948593076922}, {"l": "Lemons, Limes", "v": 0.0036913188335217389}, {"l": "Grapes", "v": 0.0023878218704343752}]}, {"source": 2, "prod": 13810.116279069767, "target": 22, "value": 70.928883479578474, "supply": [{"l": "Olives", "v": 0.040155562986283783}, {"l": "Soyabeans", "v": 1.674423237539167}, {"l": "Sunflower seed", "v": 1.5087018664846621}, {"l": "Coconuts - Incl Copra", "v": 4.460097502583201}, {"l": "Sesame seed", "v": 3.6294892430602506}, {"l": "Cottonseed", "v": 17.444723863041283}, {"l": "Rape and Mustardseed", "v": 15.173066299817231}, {"l": "Groundnuts", "v": 17.679920731960948}, {"l": "Oilcrops, Other", "v": 9.0418854827114998}, {"l": "Oil Palm", "v": 0.27641968939395412}]}, {"source": 2, "prod": 226.0, "target": 23, "value": 1.2991280710895809, "supply": [{"l": "Cottonseed", "v": 1.1645113266022298}, {"l": "Rape and Mustardseed", "v": 0.12046668895885135}, {"l": "Oilcrops, Other", "v": 0.014150055528500001}]}, {"source": 12, "prod": 851.0, "target": 23, "value": 3.2111192679342664, "supply": [{"l": "Alcohol, Non-Food", "v": 2.5017298174387999}, {"l": "Beverages, Alcoholic", "v": 0.70938945049546664}]}, {"source": 13, "prod": 433.0, "target": 23, "value": 4.5952305328803753, "supply": [{"l": "Fats, Animals, Raw", "v": 4.5952305328803753}]}, {"source": 6, "prod": 66.0, "target": 23, "value": 0.049050029712309921, "supply": [{"l": "Pelagic Fish", "v": 0.0006632838528984375}, {"l": "Fish, Seafood", "v": 0.025470099951300004}, {"l": "Marine Fish, Other", "v": 0.0037456029340147061}, {"l": "Demersal Fish", "v": 0.019171042974096775}]}, {"source": 7, "prod": 4.0, "target": 23, "value": 0.015884977621901442, "supply": [{"l": "Sugar", "v": 0.0081667655154468947}, {"l": "Sweeteners, Other", "v": 0.007718212106454546}]}, {"source": 8, "prod": 936.0, "target": 23, "value": 3.4496597838510583, "supply": [{"l": "Maize", "v": 0.65539825277320274}, {"l": "Wheat", "v": 2.0994338858265933}, {"l": "Rice", "v": 0.69482764525126217}]}, {"source": 16, "prod": 975.0, "target": 23, "value": 10.021115299800197, "supply": [{"l": "Ricebran Oil", "v": 0.60491487384337506}, {"l": "Coconut Oil", "v": 0.1533683437927742}, {"l": "Rape and Mustard Oil", "v": 0.21006268001072165}, {"l": "Cottonseed Oil", "v": 0.2797851888589773}, {"l": "Oilcrops Oil, Other", "v": 2.513496705720395}, {"l": "Sesameseed Oil", "v": 0.54123962396512504}, {"l": "Soyabean Oil", "v": 0.5468805244798649}, {"l": "Palm Oil", "v": 5.0150429361474416}, {"l": "Palmkernel Oil", "v": 0.10915757121985717}, {"l": "Sunflowerseed Oil", "v": 0.047166851761666677}]}, {"source": 2, "prod": 799.0, "target": 2, "value": 4.602337430139058, "supply": [{"l": "Sunflower seed", "v": 0.051628580982364863}, {"l": "Soyabeans", "v": 0.25941768468916671}, {"l": "Sesame seed", "v": 0.084900333171}, {"l": "Cottonseed", "v": 1.5087018664846621}, {"l": "Groundnuts", "v": 2.1798734192554052}, {"l": "Rape and Mustardseed", "v": 0.20651432392945945}, {"l": "Oilcrops, Other", "v": 0.31130122162700002}]}, {"source": 19, "prod": 41.0, "target": 19, "value": 0.071771415670329908, "supply": [{"l": "Eggs", "v": 0.071771415670329908}]}, {"source": 3, "prod": 13028.0, "target": 3, "value": 4.4361559113039633, "supply": [{"l": "Sugar cane", "v": 4.4361559113039633}]}, {"source": 0, "prod": 1537.0, "target": 0, "value": 1.2487254744863827, "supply": [{"l": "Potatoes", "v": 1.2487254744863827}]}, {"source": 5, "prod": 910.0, "target": 5, "value": 3.665095448580856, "supply": [{"l": "Peas", "v": 0.10013885450938462}, {"l": "Beans", "v": 1.1595184391409723}, {"l": "Pulses, Other", "v": 2.4054381549304988}]}, {"source": 8, "prod": 9947.0, "target": 8, "value": 37.915274060308931, "supply": [{"l": "Maize", "v": 1.7855174021496985}, {"l": "Wheat", "v": 16.559016075581084}, {"l": "Millet", "v": 1.167274506431484}, {"l": "Barley", "v": 0.93665718920005925}, {"l": "Rice", "v": 16.048413066985212}, {"l": "Sorghum", "v": 1.4183958199613971}]}, {"source": 11, "prod": 22.0, "target": 11, "value": 0.010405611864969357, "supply": [{"l": "Onions", "v": 0.010405611864969357}]}, {"source": 4, "prod": 2332.0, "target": 24, "value": 1.8045742691190156, "supply": [{"l": "Milk - Excluding Butter", "v": 1.8045742691190156}]}, {"source": 2, "prod": 582.0, "target": 24, "value": 2.7864038313166049, "supply": [{"l": "Sunflower seed", "v": 0.0057365089980405404}, {"l": "Coconuts - Incl Copra", "v": 0.25252406789323084}, {"l": "Sesame seed", "v": 0.084900333171}, {"l": "Cottonseed", "v": 0.97520652966689181}, {"l": "Groundnuts", "v": 0.64248900778054052}, {"l": "Oilcrops, Other", "v": 0.19810077739900003}, {"l": "Soyabeans", "v": 0.12263381458033334}, {"l": "Rape and Mustardseed", "v": 0.50481279182756755}]}, {"source": 10, "prod": 8.0, "target": 24, "value": 0.022640088845599999, "supply": [{"l": "Treenuts", "v": 0.022640088845599999}]}, {"source": 11, "prod": 3912.0, "target": 24, "value": 1.0599039830583763, "supply": [{"l": "Tomatoes", "v": 0.044875890390385725}, {"l": "Vegetables, Other", "v": 0.89583653857834156}, {"l": "Onions", "v": 0.11919155408964902}]}, {"source": 3, "prod": 3037.0, "target": 24, "value": 1.0341269191456968, "supply": [{"l": "Sugar cane", "v": 1.0341269191456968}]}, {"source": 0, "prod": 2549.0, "target": 24, "value": 2.1776816903322542, "supply": [{"l": "Roots, Other", "v": 0.016676851158589287}, {"l": "Potatoes", "v": 1.6915071163829856}, {"l": "Sweet potatoes", "v": 0.17443807949839918}, {"l": "Cassava", "v": 0.29505964329228013}]}, {"source": 5, "prod": 422.0, "target": 24, "value": 1.7013258291719164, "supply": [{"l": "Peas", "v": 0.052246358874461538}, {"l": "Beans", "v": 0.49918251447763895}, {"l": "Pulses, Other", "v": 1.149896955819816}]}, {"source": 15, "prod": 8.0, "target": 24, "value": 0.022640088845599999, "supply": [{"l": "Nuts", "v": 0.022640088845599999}]}, {"source": 8, "prod": 6637.0, "target": 24, "value": 25.118234922880447, "supply": [{"l": "Maize", "v": 3.1352835335366729}, {"l": "Barley", "v": 0.5727330583643675}, {"l": "Rice", "v": 8.8264166330099734}, {"l": "Wheat", "v": 8.1791937906861989}, {"l": "Sorghum", "v": 2.7950741158062828}, {"l": "Millet", "v": 1.6095337914769532}]}, {"source": 17, "prod": 41.0, "target": 24, "value": 0.13819686428207728, "supply": [{"l": "Pepper", "v": 0.0036053979438288915}, {"l": "Pimento", "v": 0.09820560926496269}, {"l": "Spices, Other", "v": 0.036385857073285711}]}, {"source": 18, "prod": 10.0, "target": 24, "value": 0.008323562075588235, "supply": [{"l": "Coffee", "v": 0.0016647124151176471}, {"l": "Tea", "v": 0.0066588496604705885}]}, {"source": 19, "prod": 101.0, "target": 24, "value": 0.17680275567569073, "supply": [{"l": "Eggs", "v": 0.17680275567569073}]}, {"source": 20, "prod": 3481.0, "target": 24, "value": 2.0397008221720427, "supply": [{"l": "Plantains", "v": 0.092890952763564696}, {"l": "Citrus, Other", "v": 0.0043059718898580679}, {"l": "Grapefruit", "v": 0.0018454165242248863}, {"l": "Grapes", "v": 0.15282059970780001}, {"l": "Dates", "v": 0.09880642222487071}, {"l": "Apples", "v": 0.090031671989027479}, {"l": "Lemons, Limes", "v": 0.025100968067947829}, {"l": "Pineapples", "v": 0.011389069083914634}, {"l": "Bananas", "v": 0.66128604829594251}, {"l": "Fruits, Other", "v": 0.83263873497073893}, {"l": "Oranges, Mandarines", "v": 0.068584966654153035}]}, {"source": 25, "prod": 65.0, "target": 15, "value": 0.12557811087100001, "supply": [{"l": "Nuts", "v": 0.084900333171}, {"l": "Infant food", "v": 0.040677777700000001}]}, {"source": 25, "prod": 3235.0, "target": 1, "value": 2.8240388243789649, "supply": [{"l": "Meat, Other", "v": 0.00265313541159375}, {"l": "Eggs", "v": 0.04901462533583506}, {"l": "Marine Fish, Other", "v": 0.0056184044010220598}, {"l": "Milk - Excluding Butter", "v": 1.718679010168668}, {"l": "Fish, Seafood", "v": 0.28171474188559092}, {"l": "Mutton & Goat Meat", "v": 0.38205149926949999}, {"l": "Pelagic Fish", "v": 0.23811890319053908}, {"l": "Poultry Meat", "v": 0.057088155063258615}, {"l": "Bovine Meat", "v": 0.0891003496529576}]}, {"source": 25, "prod": 8143.0, "target": 8, "value": 29.426551234794715, "supply": [{"l": "Maize", "v": 2.3665190964999971}, {"l": "Rye", "v": 0.11532364462764826}, {"l": "Barley", "v": 1.2170577490242809}, {"l": "Cereals, Other", "v": 0.043246366735368094}, {"l": "Rice", "v": 3.352017003757604}, {"l": "Wheat", "v": 21.438587666870877}, {"l": "Oats", "v": 0.036694211794245771}, {"l": "Sorghum", "v": 0.85710549548469461}]}, {"source": 25, "prod": 251.0, "target": 5, "value": 1.0137960804900932, "supply": [{"l": "Pulses, Other", "v": 0.54853741708719139}, {"l": "Peas", "v": 0.095784991269846159}, {"l": "Beans", "v": 0.36947367213305554}]}, {"source": 25, "prod": 3982.0, "target": 22, "value": 32.488198426928896, "supply": [{"l": "Ricebran Oil", "v": 0.010612541646375}, {"l": "Alcohol, Non-Food", "v": 0.018866740704666665}, {"l": "Sugar", "v": 4.9858103471803297}, {"l": "Beer", "v": 0.00051542212949854294}, {"l": "Beverages, Alcoholic", "v": 0.0037733481409333329}, {"l": "Sugar non-centrifugal", "v": 0.012250148273170343}, {"l": "Fats, Animals, Raw", "v": 2.9396740360458748}, {"l": "Soyabean Oil", "v": 12.309783441928595}, {"l": "Butter, Ghee", "v": 0.72491822938315398}, {"l": "Palm Oil", "v": 9.131721881764534}, {"l": "Coconut Oil", "v": 0.3067366875855484}, {"l": "Rape and Mustard Oil", "v": 0.87176012204449493}, {"l": "Oilcrops Oil, Other", "v": 1.0277408752278949}, {"l": "Sweeteners, Other", "v": 0.096477651330681813}, {"l": "Maize Germ Oil", "v": 0.011171096469868422}, {"l": "Palmkernel Oil", "v": 0.036385857073285718}]}, {"source": 25, "prod": 30.0, "target": 10, "value": 0.084900333171, "supply": [{"l": "Treenuts", "v": 0.084900333171}]}, {"source": 25, "prod": 69.0, "target": 11, "value": 0.021108965478314458, "supply": [{"l": "Vegetables, Other", "v": 0.014487212473333956}, {"l": "Onions", "v": 0.0066217530049805006}]}, {"source": 25, "prod": 97.0, "target": 18, "value": 0.080738552133205882, "supply": [{"l": "Coffee", "v": 0.00083235620755882356}, {"l": "Cocoa Beans", "v": 0.0016647124151176471}, {"l": "Tea", "v": 0.078241483510529411}]}, {"source": 25, "prod": 170.0, "target": 20, "value": 0.16228482276332135, "supply": [{"l": "Citrus, Other", "v": 0.00061513884140829535}, {"l": "Grapes", "v": 0.051736140526078132}, {"l": "Dates", "v": 0.074653741236568968}, {"l": "Apples", "v": 0.0027989120825604396}, {"l": "Bananas", "v": 0.0085511126934820162}, {"l": "Fruits, Other", "v": 0.02151268604739431}, {"l": "Oranges, Mandarines", "v": 0.0024170913358291814}]}, {"source": 25, "prod": 78.0, "target": 2, "value": 0.27974159673931853, "supply": [{"l": "Coconuts - Incl Copra", "v": 0.08011108360750771}, {"l": "Sesame seed", "v": 0.049525194349750008}, {"l": "Oilcrops, Other", "v": 0.035375138821250006}, {"l": "Cottonseed", "v": 0.011473017996081081}, {"l": "Rape and Mustardseed", "v": 0.10325716196472973}]}, {"source": 25, "prod": 48.0, "target": 17, "value": 0.18399597791163594, "supply": [{"l": "Cloves", "v": 0.0072107958876577831}, {"l": "Pimento", "v": 0.028511305915634329}, {"l": "Pepper", "v": 0.010816193831486673}, {"l": "Spices, Other", "v": 0.13745768227685715}]}, {"source": 25, "prod": 30.0, "target": 0, "value": 0.038715277957233916, "supply": [{"l": "Roots, Other", "v": 0.028805470183017864}, {"l": "Potatoes", "v": 0.0048746602777607652}, {"l": "Cassava", "v": 0.005035147496455292}]}, {"source": 4, "prod": 1.0, "target": 26, "value": 0.00077383116171484388, "supply": [{"l": "Milk - Excluding Butter", "v": 0.00077383116171484388}]}, {"source": 21, "prod": 75.0, "target": 26, "value": 0.13756095649165587, "supply": [{"l": "Meat, Other", "v": 0.015918812469562501}, {"l": "Mutton & Goat Meat", "v": 0.02594176846891667}, {"l": "Bovine Meat", "v": 0.095700375553176689}]}, {"source": 10, "prod": 120.0, "target": 26, "value": 0.339601332684, "supply": [{"l": "Treenuts", "v": 0.339601332684}]}, {"source": 5, "prod": 30.0, "target": 26, "value": 0.12176453465072073, "supply": [{"l": "Beans", "v": 0.0039305709801388897}, {"l": "Pulses, Other", "v": 0.11783396367058184}]}, {"source": 19, "prod": 2.0, "target": 26, "value": 0.0035010446668453615, "supply": [{"l": "Eggs", "v": 0.0035010446668453615}]}, {"source": 15, "prod": 124.0, "target": 26, "value": 0.34425022156399998, "supply": [{"l": "Nuts", "v": 0.339601332684}, {"l": "Infant food", "v": 0.0046488888800000003}]}, {"source": 3, "prod": 50.0, "target": 26, "value": 0.017025467881885029, "supply": [{"l": "Sugar cane", "v": 0.017025467881885029}]}, {"source": 12, "prod": 5.0, "target": 26, "value": 0.018866740704666665, "supply": [{"l": "Alcohol, Non-Food", "v": 0.018866740704666665}]}, {"source": 13, "prod": 2.0, "target": 26, "value": 0.020000559256629809, "supply": [{"l": "Butter, Ghee", "v": 0.0097961922889615409}, {"l": "Fish, Body Oil", "v": 0.01020436696766827}]}, {"source": 0, "prod": 21.0, "target": 26, "value": 0.019201758288469584, "supply": [{"l": "Potatoes", "v": 0.0081244337962679426}, {"l": "Cassava", "v": 0.011077324492201642}]}, {"source": 6, "prod": 323.0, "target": 26, "value": 0.24768531679360709, "supply": [{"l": "Crustaceans", "v": 0.080269405907127264}, {"l": "Marine Fish, Other", "v": 0.014046011002555148}, {"l": "Demersal Fish", "v": 0.0013693602124354839}, {"l": "Pelagic Fish", "v": 0.02387821870434375}, {"l": "Fish, Seafood", "v": 0.12503503612456363}, {"l": "Cephalopods", "v": 0.0023154636319363637}, {"l": "Molluscs, Other", "v": 0.00077182121064545454}]}, {"source": 7, "prod": 399.0, "target": 26, "value": 1.6290454436271593, "supply": [{"l": "Sugar", "v": 1.2740154204097154}, {"l": "Sugar non-centrifugal", "v": 0.3511709171642165}, {"l": "Sweeteners, Other", "v": 0.003859106053227273}]}, {"source": 8, "prod": 1646.0, "target": 26, "value": 6.8231139662184423, "supply": [{"l": "Maize", "v": 0.088567331455838214}, {"l": "Barley", "v": 0.20582594284969458}, {"l": "Rice", "v": 6.4892690989830006}, {"l": "Wheat", "v": 0.035826516822979403}, {"l": "Millet", "v": 0.0036250761069300747}]}, {"source": 20, "prod": 816.0, "target": 26, "value": 0.55260780542381205, "supply": [{"l": "Citrus, Other", "v": 0.00061513884140829535}, {"l": "Grapes", "v": 0.31758030876777193}, {"l": "Dates", "v": 0.048305361976603456}, {"l": "Lemons, Limes", "v": 0.0062752420169869573}, {"l": "Pineapples", "v": 0.0020707398334390242}, {"l": "Bananas", "v": 0.0078385199690251817}, {"l": "Fruits, Other", "v": 0.15547804916071342}, {"l": "Oranges, Mandarines", "v": 0.011179047428209965}, {"l": "Apples", "v": 0.0032653974296538461}]}, {"source": 16, "prod": 109.0, "target": 26, "value": 1.160655928977659, "supply": [{"l": "Ricebran Oil", "v": 0.02122508329275}, {"l": "Palm Oil", "v": 0.0098721317640697668}, {"l": "Coconut Oil", "v": 0.32590773055964517}, {"l": "Rape and Mustard Oil", "v": 0.010503134000536082}, {"l": "Oilcrops Oil, Other", "v": 0.79314784936065807}]}, {"source": 17, "prod": 99.0, "target": 26, "value": 0.37968309978338644, "supply": [{"l": "Cloves", "v": 0.0036053979438288915}, {"l": "Pepper", "v": 0.079318754764235611}, {"l": "Pimento", "v": 0.038015074554179101}, {"l": "Spices, Other", "v": 0.25874387252114284}]}, {"source": 18, "prod": 498.0, "target": 26, "value": 0.4145133913642941, "supply": [{"l": "Cocoa Beans", "v": 0.00083235620755882356}, {"l": "Coffee", "v": 0.071582633850058808}, {"l": "Tea", "v": 0.34209840130667646}]}, {"source": 11, "prod": 291.0, "target": 26, "value": 0.12548231335996402, "supply": [{"l": "Vegetables, Other", "v": 0.015277424062788534}, {"l": "Onions", "v": 0.11020488929717548}]}, {"source": 2, "prod": 334.0, "target": 26, "value": 1.0415088064862958, "supply": [{"l": "Coconuts - Incl Copra", "v": 0.41622932569987697}, {"l": "Sesame seed", "v": 0.24055094398450003}, {"l": "Oilcrops, Other", "v": 0.18395072187050002}, {"l": "Groundnuts", "v": 0.19504130593337837}, {"l": "Rape and Mustardseed", "v": 0.0057365089980405404}]}, {"source": 12, "prod": 1.0, "target": 27, "value": 0.0037733481409333329, "supply": [{"l": "Alcohol, Non-Food", "v": 0.0037733481409333329}]}, {"source": 17, "prod": 6.0, "target": 27, "value": 0.021632387662973346, "supply": [{"l": "Pepper", "v": 0.021632387662973346}]}, {"source": 16, "prod": 206.0, "target": 27, "value": 2.087027058789281, "supply": [{"l": "Ricebran Oil", "v": 0.010612541646375}, {"l": "Coconut Oil", "v": 0.12461177933162905}, {"l": "Cottonseed Oil", "v": 0.067534355931477275}, {"l": "Oilcrops Oil, Other", "v": 0.40215947291526327}, {"l": "Rape and Mustard Oil", "v": 0.010503134000536082}, {"l": "Soyabean Oil", "v": 1.4716057749640001}]}, {"source": 5, "prod": 43.0, "target": 27, "value": 0.17471932544258689, "supply": [{"l": "Pulses, Other", "v": 0.17471932544258689}]}, {"source": 28, "prod": 5.0, "target": 18, "value": 0.0041617810377941175, "supply": [{"l": "Tea", "v": 0.0041617810377941175}]}, {"source": 8, "prod": 2265.0, "target": 27, "value": 8.114748484829466, "supply": [{"l": "Wheat", "v": 8.1111234087225359}, {"l": "Millet", "v": 0.0036250761069300747}]}, {"source": 6, "prod": 1.0, "target": 27, "value": 0.00077182121064545454, "supply": [{"l": "Crustaceans", "v": 0.00077182121064545454}]}, {"source": 20, "prod": 44.0, "target": 27, "value": 0.031337196146043911, "supply": [{"l": "Fruits, Other", "v": 0.0058670961947439038}, {"l": "Grapes", "v": 0.025470099951300004}]}, {"source": 28, "prod": 208.0, "target": 2, "value": 1.215948690617993, "supply": [{"l": "Sesame seed", "v": 0.12027547199225001}, {"l": "Rape and Mustardseed", "v": 0.0057365089980405404}, {"l": "Groundnuts", "v": 1.0899367096277026}]}, {"source": 2, "prod": 47.0, "target": 27, "value": 0.33016796233166673, "supply": [{"l": "Soyabeans", "v": 0.0047166851761666672}, {"l": "Oilcrops, Other", "v": 0.32545127715550004}]}, {"source": 28, "prod": 7.0, "target": 1, "value": 0.0060610665659510694, "supply": [{"l": "Fish, Seafood", "v": 0.0023154636319363637}, {"l": "Marine Fish, Other", "v": 0.0037456029340147061}]}, {"source": 7, "prod": 4280.0, "target": 27, "value": 17.476878203056355, "supply": [{"l": "Sugar", "v": 17.476878203056355}]}, {"source": 28, "prod": 210.0, "target": 22, "value": 2.1478381933102955, "supply": [{"l": "Groundnut Oil", "v": 1.819378266474317}, {"l": "Fats, Animals, Raw", "v": 0.12735049975650001}, {"l": "Palm Oil", "v": 0.12833771293290697}, {"l": "Palmkernel Oil", "v": 0.072771714146571437}]}, {"source": 28, "prod": 5579.0, "target": 8, "value": 23.47026281554923, "supply": [{"l": "Barley", "v": 0.056676708900640541}, {"l": "Rice", "v": 23.413586106648591}]}, {"source": 1, "prod": 53678.0, "target": 4, "value": 41.537709098529383, "supply": [{"l": "Milk - Excluding Butter", "v": 41.537709098529383}]}, {"source": 1, "prod": 1060.0, "target": 19, "value": 1.8555536734280416, "supply": [{"l": "Eggs", "v": 1.9273250890983715}]}, {"source": 1, "prod": 12.0, "target": 14, "value": 0.0087390079011791782, "supply": [{"l": "Aquatic Animals, Others", "v": 0.0043695039505895891}, {"l": "Aquatic Products, Other", "v": 0.0043695039505895891}]}, {"source": 1, "prod": 8194.0, "target": 6, "value": 6.1744833678721722, "supply": [{"l": "Pelagic Fish", "v": 0.79328748806653138}, {"l": "Crustaceans", "v": 0.21919722382330908}, {"l": "Freshwater Fish", "v": 1.2603840369840273}, {"l": "Molluscs, Other", "v": 0.0015436424212909091}, {"l": "Demersal Fish", "v": 0.48954627594568556}, {"l": "Fish, Seafood", "v": 3.1629233212250734}, {"l": "Marine Fish, Other", "v": 0.24065498851044489}, {"l": "Cephalopods", "v": 0.0069463908958090912}]}, {"source": 1, "prod": 6062.0, "target": 21, "value": 11.45575064366137, "supply": [{"l": "Pigmeat", "v": 1.2488565137411616}, {"l": "Bovine Meat", "v": 4.7107684862813688}, {"l": "Poultry Meat", "v": 0.83290154438446562}, {"l": "Offals, Edible", "v": 0.84211952091235132}, {"l": "Meat, Other", "v": 0.42980793667818745}, {"l": "Mutton & Goat Meat", "v": 3.3912966416638337}]}, {"source": 22, "prod": 24543.0, "target": 7, "value": 100.0471156205715, "supply": [{"l": "Honey", "v": 0.21996904503395459}, {"l": "Sweeteners, Other", "v": 2.7283879796316826}, {"l": "Sugar non-centrifugal", "v": 42.389596407927108}, {"l": "Sugar", "v": 54.709162187978748}]}, {"source": 22, "prod": 6463.0, "target": 16, "value": 65.644111363734083, "supply": [{"l": "Olive Oil", "v": 0.02010740665698154}, {"l": "Ricebran Oil", "v": 1.5282059970780002}, {"l": "Sesameseed Oil", "v": 2.2180212040923752}, {"l": "Soyabean Oil", "v": 12.936210224514623}, {"l": "Coconut Oil", "v": 3.5753995146690487}, {"l": "Cottonseed Oil", "v": 4.5440973776751141}, {"l": "Rape and Mustard Oil", "v": 10.366593258529116}, {"l": "Maize Germ Oil", "v": 0.067026578819210536}, {"l": "Groundnut Oil", "v": 14.250102399983199}, {"l": "Palm Oil", "v": 9.2699317264615111}, {"l": "Palmkernel Oil", "v": 0.10915757121985717}, {"l": "Oilcrops Oil, Other", "v": 5.8536545502110542}, {"l": "Sunflowerseed Oil", "v": 0.90560355382400004}]}, {"source": 22, "prod": 1583.0, "target": 13, "value": 15.958405413397054, "supply": [{"l": "Fats, Animals, Raw", "v": 5.8581229887990007}, {"l": "Fish, Body Oil", "v": 0.01020436696766827}, {"l": "Butter, Ghee", "v": 10.090078057630386}]}, {"source": 22, "prod": 1523.0, "target": 12, "value": 5.0691606082630303, "supply": [{"l": "Beer", "v": 0.10720780293569693}, {"l": "Beverages, Alcoholic", "v": 2.3998494176335998}, {"l": "Alcohol, Non-Food", "v": 2.5243699062843996}, {"l": "Beverages, Fermented", "v": 0.03773348140933333}]}, {"source": 2, "prod": 21190.0, "target": 29, "value": 58.80827297872397, "supply": [{"l": "Coconuts - Incl Copra", "v": 23.657033288100006}, {"l": "Sesame seed", "v": 2.3761633287900001}, {"l": "Groundnuts", "v": 13.516063307490001}, {"l": "Oilcrops, Other", "v": 5.2544066566200005}, {"l": "Soyabeans", "v": 2.1355833292500002}, {"l": "Sunflower seed", "v": 0.95185999818}, {"l": "Cottonseed", "v": 15.702203303310002}, {"l": "Olives", "v": 0.036609999929999998}, {"l": "Rape and Mustardseed", "v": 10.252543313730001}]}, {"source": 11, "prod": 50026.5, "target": 29, "value": 182.46153834249841, "supply": [{"l": "Vegetables, Other", "v": 150.96046304469002}, {"l": "Onions", "v": 14.119256639670001}, {"l": "Tomatoes", "v": 9.3460099821300009}]}, {"source": 3, "prod": 95034.800000000003, "target": 29, "value": 331.35466869976801, "supply": [{"l": "Sugar beet", "v": 6.5563279874639999}, {"l": "Sugar cane", "v": 324.79834071230397}]}, {"source": 0, "prod": 11340.0, "target": 29, "value": 34.284787308964667, "supply": [{"l": "Roots, Other", "v": 0.48987666573000005}, {"l": "Potatoes", "v": 24.357853286760005}, {"l": "Sweet potatoes", "v": 4.4629333248000007}, {"l": "Cassava", "v": 10.22813664711}]}, {"source": 5, "prod": 13260.0, "target": 29, "value": 45.974664088507595, "supply": [{"l": "Pulses, Other", "v": 33.614953269060003}, {"l": "Beans", "v": 11.145129978689999}, {"l": "Peas", "v": 1.4731166638500002}]}, {"source": 8, "prod": 336731.0, "target": 29, "value": 1253.9307153868563, "supply": [{"l": "Sorghum", "v": 77.337753185460002}, {"l": "Rice", "v": 502.26130570632012}, {"l": "Wheat", "v": 434.38287916944006}, {"l": "Oats", "v": 0.035500920295348334}, {"l": "Maize", "v": 64.994953209060014}, {"l": "Barley", "v": 31.91694660564}, {"l": "Cereals, Other", "v": 0.041839999920000003}, {"l": "Rye", "v": 0.11157333312000001}, {"l": "Millet", "v": 62.962226546280007}]}, {"source": 30, "prod": 0, "target": 2, "value": 0.010713185049742936, "supply": "[{\"l\":'Energy for power irrigation',\"v\":0.010713185049742936}]"}, {"source": 30, "prod": 0, "target": 10, "value": 0.00035357601500374269, "supply": "[{\"l\":'Energy for power irrigation',\"v\":0.00035357601500374269}]"}, {"source": 30, "prod": 0, "target": 11, "value": 0.025214783342244806, "supply": "[{\"l\":'Energy for power irrigation',\"v\":0.025214783342244806}]"}, {"source": 30, "prod": 0, "target": 3, "value": 0.1197506267664921, "supply": "[{\"l\":'Energy for power irrigation',\"v\":0.1197506267664921}]"}, {"source": 30, "prod": 0, "target": 0, "value": 0.011431367099479521, "supply": "[{\"l\":'Energy for power irrigation',\"v\":0.011431367099479521}]"}, {"source": 30, "prod": 0, "target": 5, "value": 0.0066834183306480792, "supply": "[{\"l\":'Energy for power irrigation',\"v\":0.0066834183306480792}]"}, {"source": 30, "prod": 0, "target": 15, "value": 0.0003623965143088966, "supply": "[{\"l\":'Energy for power irrigation',\"v\":0.0003623965143088966}]"}, {"source": 30, "prod": 0, "target": 8, "value": 0.084861015757822719, "supply": "[{\"l\":'Energy for power irrigation',\"v\":0.084861015757822719}]"}, {"source": 30, "prod": 0, "target": 17, "value": 0.0007132003723881624, "supply": "[{\"l\":'Energy for power irrigation',\"v\":0.0007132003723881624}]"}, {"source": 30, "prod": 0, "target": 18, "value": 0.00052897794404337562, "supply": "[{\"l\":'Energy for power irrigation',\"v\":0.00052897794404337562}]"}, {"source": 30, "prod": 0, "target": 20, "value": 0.016231230807078442, "supply": "[{\"l\":'Energy for power irrigation',\"v\":0.016231230807078442}]"}, {"source": 30, "prod": 0, "target": 22, "value": 21.422000017137599, "supply": "[{\"l\":'Electricity',\"v\":21.422000017137599}]"}, {"source": 31, "prod": 0, "target": 30, "value": 33.945297987434003, "supply": [{"l": "Coal", "v": 27.371648934802941}, {"l": "Natural gas", "v": 2.9779849780468663}, {"l": "Oil", "v": 3.5956640745841919}]}, {"source": 32, "prod": 0, "target": 30, "value": 8.3075285055071255, "supply": [{"l": "Nuclear", "v": 0.29278978893042779}, {"l": "Hydroelectric", "v": 8.0147387165766979}, {"l": "Renewable", "v": 0.0}]}, {"source": 31, "prod": 0, "target": 2, "value": 2.4841576540742234, "supply": [{"l": "Motor Gasoline", "v": 0.011269954407016971}, {"l": "Gas-Diesel oil", "v": 0.10584863864740671}, {"l": "Natural gas (including LNG)", "v": 0.036906028166557976}, {"l": "Fuel oil", "v": 0.07252357014586408}, {"l": "Liquefied petroleum gas (LPG)", "v": 0.0017795513484389338}, {"l": "Other fossil fuels", "v": 2.2558299113589388}]}, {"source": 31, "prod": 0, "target": 10, "value": 0.081986688355549855, "supply": [{"l": "Motor Gasoline", "v": 0.00037195152982096057}, {"l": "Gas-Diesel oil", "v": 0.0034934092590344309}, {"l": "Natural gas (including LNG)", "v": 0.0012180398553892774}, {"l": "Fuel oil", "v": 0.0023935547465069058}, {"l": "Liquefied petroleum gas (LPG)", "v": 5.8731989726124723e-05}, {"l": "Other fossil fuels", "v": 0.074451000975072151}]}, {"source": 31, "prod": 0, "target": 11, "value": 5.846767020696956, "supply": [{"l": "Motor Gasoline", "v": 0.026525207707182159}, {"l": "Gas-Diesel oil", "v": 0.24912763834224658}, {"l": "Natural gas (including LNG)", "v": 0.086862823700116443}, {"l": "Fuel oil", "v": 0.17069303852619774}, {"l": "Liquefied petroleum gas (LPG)", "v": 0.0041883904262779445}, {"l": "Other fossil fuels", "v": 5.3093699219949348}]}, {"source": 31, "prod": 0, "target": 3, "value": 27.767599894982212, "supply": [{"l": "Motor Gasoline", "v": 0.12597412418470785}, {"l": "Gas-Diesel oil", "v": 1.1831626879917509}, {"l": "Natural gas (including LNG)", "v": 0.41253091250516355}, {"l": "Fuel oil", "v": 0.81065928946305943}, {"l": "Liquefied petroleum gas (LPG)", "v": 0.019891599776280532}, {"l": "Other fossil fuels", "v": 25.215381281061251}]}, {"source": 31, "prod": 0, "target": 0, "value": 2.6506886556006708, "supply": [{"l": "Motor Gasoline", "v": 0.012025460721795276}, {"l": "Gas-Diesel oil", "v": 0.11294443620085659}, {"l": "Natural gas (including LNG)", "v": 0.03938010537452432}, {"l": "Fuel oil", "v": 0.077385348041021568}, {"l": "Liquefied petroleum gas (LPG)", "v": 0.0018988475081803402}, {"l": "Other fossil fuels", "v": 2.4070544577542927}]}, {"source": 31, "prod": 0, "target": 5, "value": 1.5497412510257891, "supply": [{"l": "Motor Gasoline", "v": 0.0070307587817903597}, {"l": "Gas-Diesel oil", "v": 0.066033651852881764}, {"l": "Natural gas (including LNG)", "v": 0.023023818221613424}, {"l": "Fuel oil", "v": 0.045243814595412074}, {"l": "Liquefied petroleum gas (LPG)", "v": 0.0011101727494916803}, {"l": "Other fossil fuels", "v": 1.4072990348245997}]}, {"source": 31, "prod": 0, "target": 15, "value": 0.084031972812031841, "supply": [{"l": "Motor Gasoline", "v": 0.00038123043469888906}, {"l": "Gas-Diesel oil", "v": 0.0035805577437573143}, {"l": "Natural gas (including LNG)", "v": 0.0012484257391659165}, {"l": "Fuel oil", "v": 0.0024532656632052247}, {"l": "Liquefied petroleum gas (LPG)", "v": 6.0197149840461402e-05}, {"l": "Other fossil fuels", "v": 0.076308296081364038}]}, {"source": 31, "prod": 0, "target": 8, "value": 19.677448009018288, "supply": [{"l": "Motor Gasoline", "v": 0.089271283384277894}, {"l": "Gas-Diesel oil", "v": 0.83844561169203358}, {"l": "Natural gas (including LNG)", "v": 0.29233911514261351}, {"l": "Fuel oil", "v": 0.57447190544976268}, {"l": "Liquefied petroleum gas (LPG)", "v": 0.014096138013163012}, {"l": "Other fossil fuels", "v": 17.868823955336438}]}, {"source": 31, "prod": 0, "target": 17, "value": 0.1653758574812588, "supply": [{"l": "Motor Gasoline", "v": 0.00075026573727250082}, {"l": "Gas-Diesel oil", "v": 0.0070465774790216974}, {"l": "Natural gas (including LNG)", "v": 0.0024569157453682502}, {"l": "Fuel oil", "v": 0.004828054121606945}, {"l": "Liquefied petroleum gas (LPG)", "v": 0.00011846866067350889}, {"l": "Other fossil fuels", "v": 0.15017557573731591}]}, {"source": 31, "prod": 0, "target": 18, "value": 0.12265863069016333, "supply": [{"l": "Motor Gasoline", "v": 0.00055646918110776645}, {"l": "Gas-Diesel oil", "v": 0.0052264191266666229}, {"l": "Natural gas (including LNG)", "v": 0.0018222848584904443}, {"l": "Fuel oil", "v": 0.0035809489757077659}, {"l": "Liquefied petroleum gas (LPG)", "v": 8.7867745142648462e-05}, {"l": "Other fossil fuels", "v": 0.11138464080304808}]}, {"source": 31, "prod": 0, "target": 20, "value": 3.7636740201194185, "supply": [{"l": "Motor Gasoline", "v": 0.017074775644796002}, {"l": "Gas-Diesel oil", "v": 0.16036815163034326}, {"l": "Natural gas (including LNG)", "v": 0.055915235157663438}, {"l": "Fuel oil", "v": 0.10987832288205544}, {"l": "Liquefied petroleum gas (LPG)", "v": 0.0026961457806848103}, {"l": "Other fossil fuels", "v": 3.4177413890238757}]}, {"source": 33, "prod": 280.22427025145271, "target": 2, "value": 3.7471594279429112, "supply": [{"l": "Potash", "v": 1.7877697269949284}, {"l": "Phosphate", "v": 7.4476018315046035}, {"l": "Nitrogen", "v": 87.596501314089977}]}, {"source": 33, "prod": 9.2484709563770622, "target": 10, "value": 0.12367056967316642, "supply": [{"l": "Potash", "v": 1.7877697269949284}, {"l": "Phosphate", "v": 7.4476018315046035}, {"l": "Nitrogen", "v": 87.596501314089977}]}, {"source": 33, "prod": 659.54188495965377, "target": 11, "value": 8.819395229871219, "supply": [{"l": "Potash", "v": 1.7877697269949284}, {"l": "Phosphate", "v": 7.4476018315046035}, {"l": "Nitrogen", "v": 87.596501314089977}]}, {"source": 33, "prod": 3132.3114313795541, "target": 3, "value": 41.885273894424223, "supply": [{"l": "Potash", "v": 1.7877697269949284}, {"l": "Phosphate", "v": 7.4476018315046035}, {"l": "Nitrogen", "v": 87.596501314089977}]}, {"source": 33, "prod": 299.00972386405101, "target": 0, "value": 3.9983585462400781, "supply": [{"l": "Potash", "v": 1.7877697269949284}, {"l": "Phosphate", "v": 7.4476018315046035}, {"l": "Nitrogen", "v": 87.596501314089977}]}, {"source": 33, "prod": 174.81785442845307, "target": 5, "value": 2.3376646526959184, "supply": [{"l": "Potash", "v": 1.7877697269949284}, {"l": "Phosphate", "v": 7.4476018315046035}, {"l": "Nitrogen", "v": 87.596501314089977}]}, {"source": 33, "prod": 9.4791883359017923, "target": 15, "value": 0.12675572287242573, "supply": [{"l": "Potash", "v": 1.7877697269949284}, {"l": "Phosphate", "v": 7.4476018315046035}, {"l": "Nitrogen", "v": 87.596501314089977}]}, {"source": 33, "prod": 2219.705540706917, "target": 8, "value": 29.681906341136855, "supply": [{"l": "Potash", "v": 1.7877697269949284}, {"l": "Phosphate", "v": 7.4476018315046035}, {"l": "Nitrogen", "v": 87.596501314089977}]}, {"source": 33, "prod": 18.6551481158568, "target": 17, "value": 0.24945667296868212, "supply": [{"l": "Potash", "v": 1.7877697269949284}, {"l": "Phosphate", "v": 7.4476018315046035}, {"l": "Nitrogen", "v": 87.596501314089977}]}, {"source": 33, "prod": 13.836450846354564, "target": 18, "value": 0.18502104472129463, "supply": [{"l": "Potash", "v": 1.7877697269949284}, {"l": "Phosphate", "v": 7.4476018315046035}, {"l": "Nitrogen", "v": 87.596501314089977}]}, {"source": 33, "prod": 424.55952987628018, "target": 20, "value": 5.677210770042735, "supply": [{"l": "Potash", "v": 1.7877697269949284}, {"l": "Phosphate", "v": 7.4476018315046035}, {"l": "Nitrogen", "v": 87.596501314089977}]}, {"source": 31, "prod": 0, "target": 33, "value": 115.61165409749398, "supply": [{"l": "Natural gas (including LNG)", "v": 78.489417685407176}, {"l": "Fuel oil", "v": 21.637698946742717}, {"l": "Liquefied petroleum gas (LPG)", "v": 7.7422687326720459}, {"l": "Coal", "v": 7.7422687326720459}]}, {"source": 34, "prod": 0, "target": 2, "value": 5.2997863973596848, "supply": "[{\"l\":'Labor',\"v\":5.2997863973596848}]"}, {"source": 34, "prod": 0, "target": 10, "value": 0.17491318837943934, "supply": "[{\"l\":'Labor',\"v\":0.17491318837943934}]"}, {"source": 34, "prod": 0, "target": 11, "value": 12.473691544496111, "supply": "[{\"l\":'Labor',\"v\":12.473691544496111}]"}, {"source": 34, "prod": 0, "target": 3, "value": 59.240341678554316, "supply": "[{\"l\":'Labor',\"v\":59.240341678554316}]"}, {"source": 34, "prod": 0, "target": 0, "value": 5.6550692978555723, "supply": "[{\"l\":'Labor',\"v\":5.6550692978555723}]"}, {"source": 34, "prod": 0, "target": 5, "value": 3.3062706741430725, "supply": "[{\"l\":'Labor',\"v\":3.3062706741430725}]"}, {"source": 34, "prod": 0, "target": 8, "value": 41.980536590304339, "supply": "[{\"l\":'Labor',\"v\":41.980536590304339}]"}, {"source": 34, "prod": 0, "target": 17, "value": 0.35281847691647422, "supply": "[{\"l\":'Labor',\"v\":0.35281847691647422}]"}, {"source": 34, "prod": 0, "target": 18, "value": 0.26168409294971001, "supply": "[{\"l\":'Labor',\"v\":0.26168409294971001}]"}, {"source": 34, "prod": 0, "target": 20, "value": 8.0295501145874351, "supply": "[{\"l\":'Labor',\"v\":8.0295501145874351}]"}, {"source": 34, "prod": 0, "target": 15, "value": 0.17927666777593282, "supply": "[{\"l\":'Labor',\"v\":0.17927666777593282}]"}, {"source": 31, "prod": 0, "target": 25, "value": 30.308292150690718, "supply": "[{\"l\":'Fossil Fuels',\"v\":30.308292150690718}]"}, {"source": 32, "prod": 0, "target": 25, "value": 39.712729824987946, "supply": "[{\"l\":'Renewables & Nuclear',\"v\":1.4871058410790885},{\"l\":'Biomass & Waste',\"v\":38.225623983908861}]"}]}