{"nodes": [{"layer": 13, "name": "Other Processed", "fill": "#9c9ede"}, {"layer": 10, "name": "Feed", "fill": "#dbdb8d"}, {"layer": 13, "name": "Animal Products", "fill": "#17becf"}, {"layer": 5, "name": "Cereals", "fill": "#e7ba52"}, {"layer": 5, "name": "Oilcrops", "fill": "#ff9896"}, {"layer": 5, "name": "Sugar Crops", "fill": "#ffbb78"}, {"layer": 13, "name": "Sugar", "fill": "#d6616b"}, {"layer": 5, "name": "Starchy Roots"}, {"layer": 5, "name": "Fruits & Vegetables"}, {"layer": 13, "name": "Aquatic Products", "fill": "#1f77b4"}, {"layer": 16, "name": "Food", "fill": "#b5cf6b"}, {"layer": 5, "name": "Others"}, {"layer": 13, "name": "Vegetable Oils", "fill": "#f7b6d2"}, {"layer": 10, "name": "Processing", "fill": "#9edae5"}, {"layer": 16, "name": "Biofuels & Other", "fill": "#e7ba52"}, {"name": "Seed", "fill": "#dbdb8d"}, {"name": "Waste", "fill": "#c7c7c7"}, {"layer": 0, "name": "Import", "fill": "#aec7e8"}, {"layer": 16, "name": "Export", "fill": "#aec7e8"}, {"layer": 16, "name": "Stock Deposit", "fill": "#c7c7c7"}, {"layer": 0, "name": "Stock Draw", "fill": "#c7c7c7"}, {"layer": 0, "name": "Production", "fill": "#b5cf6b"}], "links": [{"source": 0, "prod": 0.018395072187050002, "target": 1, "value": 2.0, "supply": [{"l": "Fish, Body Oil", "v": 2.0}]}, {"source": 2, "prod": 3.2800503372666618, "target": 1, "value": 4161.0, "supply": [{"l": "Milk - Excluding Butter", "v": 4161.0}]}, {"source": 3, "prod": 11.594608050132008, "target": 1, "value": 3383.0, "supply": [{"l": "Maize", "v": 789.0}, {"l": "Rice", "v": 479.0}, {"l": "Wheat", "v": 665.0}, {"l": "Millet", "v": 125.0}, {"l": "Barley", "v": 1185.0}, {"l": "Sorghum", "v": 140.0}]}, {"source": 4, "prod": 6.1316907290166673, "target": 1, "value": 1299.0, "supply": [{"l": "Cottonseed", "v": 1297.0}, {"l": "Oilcrops, Other", "v": 2.0}]}, {"source": 5, "prod": 0.73397707386541944, "target": 1, "value": 2144.0, "supply": [{"l": "Sugar cane", "v": 2144.0}]}, {"source": 6, "prod": 1.7092340374539483, "target": 1, "value": 417.0, "supply": [{"l": "Sugar non-centrifugal", "v": 417.0}]}, {"source": 7, "prod": 0.22931955029017531, "target": 1, "value": 216.0, "supply": [{"l": "Sweet potatoes", "v": 39.0}, {"l": "Cassava", "v": 177.0}]}, {"source": 8, "prod": 4.036996892458931, "target": 1, "value": 997.0, "supply": [{"l": "Peas", "v": 19.0}, {"l": "Beans", "v": 109.0}, {"l": "Pulses, Other", "v": 869.0}]}, {"source": 9, "prod": 0.3612181367951689, "target": 1, "value": 384.0, "supply": [{"l": "Fish, Seafood", "v": 192.0}, {"l": "Pelagic Fish", "v": 79.0}, {"l": "Marine Fish, Other", "v": 113.0}]}, {"source": 0, "prod": 9.0864717033348086, "target": 10, "value": 1277.0, "supply": [{"l": "Beer", "v": 113.0}, {"l": "Beverages, Alcoholic", "v": 342.0}, {"l": "Fats, Animals, Raw", "v": 83.0}, {"l": "Butter, Ghee", "v": 734.0}, {"l": "Beverages, Fermented", "v": 5.0}]}, {"source": 2, "prod": 34.624832678104205, "target": 10, "value": 37517.0, "supply": [{"l": "Meat, Other", "v": 131.0}, {"l": "Pigmeat", "v": 219.0}, {"l": "Mutton & Goat Meat", "v": 956.0}, {"l": "Poultry Meat", "v": 323.0}, {"l": "Milk - Excluding Butter", "v": 32493.0}, {"l": "Offals, Edible", "v": 567.0}, {"l": "Bovine Meat", "v": 2181.0}, {"l": "Eggs", "v": 647.0}]}, {"source": 3, "prod": 462.92769415709745, "target": 10, "value": 119780.0, "supply": [{"l": "Maize", "v": 6053.0}, {"l": "Barley", "v": 2165.0}, {"l": "Cereals, Other", "v": 22.0}, {"l": "Rice", "v": 53432.0}, {"l": "Wheat", "v": 41063.0}, {"l": "Sorghum", "v": 10202.0}, {"l": "Millet", "v": 6843.0}]}, {"source": 4, "prod": 9.017113926771108, "target": 10, "value": 4234.0, "supply": [{"l": "Olives", "v": 6.0}, {"l": "Coconuts - Incl Copra", "v": 3778.0}, {"l": "Sesame seed", "v": 73.0}, {"l": "Groundnuts", "v": 244.0}, {"l": "Oilcrops, Other", "v": 31.0}, {"l": "Soyabeans", "v": 22.0}, {"l": "Rape and Mustardseed", "v": 80.0}]}, {"source": 5, "prod": 2.4237675760108064, "target": 10, "value": 7080.0, "supply": [{"l": "Sugar cane", "v": 7080.0}]}, {"source": 6, "prod": 64.342830757655804, "target": 10, "value": 15734.0, "supply": [{"l": "Sugar", "v": 5677.0}, {"l": "Sugar non-centrifugal", "v": 9712.0}, {"l": "Sweeteners, Other", "v": 297.0}, {"l": "Honey", "v": 48.0}]}, {"source": 7, "prod": 13.237676482997093, "target": 10, "value": 13551.0, "supply": [{"l": "Roots, Other", "v": 64.0}, {"l": "Potatoes", "v": 4718.0}, {"l": "Sweet potatoes", "v": 2169.0}, {"l": "Cassava", "v": 6600.0}]}, {"source": 8, "prod": 59.512925248872762, "target": 10, "value": 65312.0, "supply": [{"l": "Plantains", "v": 473.0}, {"l": "Citrus, Other", "v": 63.0}, {"l": "Tomatoes", "v": 925.0}, {"l": "Treenuts", "v": 431.0}, {"l": "Apples", "v": 777.0}, {"l": "Vegetables, Other", "v": 30726.0}, {"l": "Peas", "v": 474.0}, {"l": "Grapes", "v": 1001.0}, {"l": "Dates", "v": 436.0}, {"l": "Grapefruit", "v": 32.0}, {"l": "Pineapples", "v": 557.0}, {"l": "Beans", "v": 1919.0}, {"l": "Pulses, Other", "v": 6811.0}, {"l": "Lemons, Limes", "v": 545.0}, {"l": "Bananas", "v": 3309.0}, {"l": "Fruits, Other", "v": 12194.0}, {"l": "Oranges, Mandarines", "v": 2154.0}, {"l": "Onions", "v": 2485.0}]}, {"source": 11, "prod": 4.9060977421424932, "target": 10, "value": 1843.0, "supply": [{"l": "Nuts", "v": 431.0}, {"l": "Coffee", "v": 45.0}, {"l": "Cocoa Beans", "v": 2.0}, {"l": "Pimento", "v": 518.0}, {"l": "Pepper", "v": 7.0}, {"l": "Infant food", "v": 8.0}, {"l": "Spices, Other", "v": 448.0}, {"l": "Tea", "v": 384.0}]}, {"source": 9, "prod": 5.017657429428489, "target": 10, "value": 6272.0, "supply": [{"l": "Freshwater Fish", "v": 1568.0}, {"l": "Marine Fish, Other", "v": 236.0}, {"l": "Crustaceans", "v": 215.0}, {"l": "Demersal Fish", "v": 538.0}, {"l": "Fish, Seafood", "v": 3135.0}, {"l": "Pelagic Fish", "v": 578.0}, {"l": "Cephalopods", "v": 1.0}, {"l": "Molluscs, Other", "v": 1.0}]}, {"source": 12, "prod": 35.11494500119403, "target": 10, "value": 3374.0, "supply": [{"l": "Ricebran Oil", "v": 50.0}, {"l": "Groundnut Oil", "v": 1376.0}, {"l": "Soyabean Oil", "v": 270.0}, {"l": "Palm Oil", "v": 26.0}, {"l": "Sunflowerseed Oil", "v": 131.0}, {"l": "Olive Oil", "v": 3.0}, {"l": "Coconut Oil", "v": 232.0}, {"l": "Rape and Mustard Oil", "v": 637.0}, {"l": "Oilcrops Oil, Other", "v": 223.0}, {"l": "Sesameseed Oil", "v": 141.0}, {"l": "Cottonseed Oil", "v": 284.0}, {"l": "Palmkernel Oil", "v": 1.0}]}, {"source": 2, "prod": 0.00265313541159375, "target": 13, "value": 1.0, "supply": [{"l": "Meat, Other", "v": 1.0}]}, {"source": 3, "prod": 0.73794715027946456, "target": 13, "value": 189.0, "supply": [{"l": "Maize", "v": 5.0}, {"l": "Rice", "v": 143.0}, {"l": "Wheat", "v": 1.0}, {"l": "Barley", "v": 40.0}]}, {"source": 4, "prod": 51.231611526207232, "target": 13, "value": 11015.0, "supply": [{"l": "Olives", "v": 11.0}, {"l": "Soyabeans", "v": 52.0}, {"l": "Sunflower seed", "v": 281.0}, {"l": "Coconuts - Incl Copra", "v": 1987.0}, {"l": "Sesame seed", "v": 358.0}, {"l": "Cottonseed", "v": 2380.0}, {"l": "Rape and Mustardseed", "v": 2034.0}, {"l": "Groundnuts", "v": 2823.0}, {"l": "Oilcrops, Other", "v": 1089.0}]}, {"source": 5, "prod": 53.295841808042141, "target": 13, "value": 155681.0, "supply": [{"l": "Sugar beet", "v": 4237.0}, {"l": "Sugar cane", "v": 151444.0}]}, {"source": 6, "prod": 1.6034472243340794, "target": 13, "value": 452.0, "supply": [{"l": "Sugar", "v": 8.0}, {"l": "Sweeteners, Other", "v": 444.0}]}, {"source": 7, "prod": 0.089519263213981889, "target": 13, "value": 111.0, "supply": [{"l": "Potatoes", "v": 111.0}]}, {"source": 8, "prod": 0.025881444615546707, "target": 13, "value": 55.0, "supply": [{"l": "Fruits, Other", "v": 37.0}, {"l": "Apples", "v": 7.0}, {"l": "Lemons, Limes", "v": 10.0}, {"l": "Grapes", "v": 1.0}]}, {"source": 0, "prod": 3.958781249573486, "target": 14, "value": 861.0, "supply": [{"l": "Alcohol, Non-Food", "v": 478.0}, {"l": "Beverages, Alcoholic", "v": 136.0}, {"l": "Fats, Animals, Raw", "v": 247.0}]}, {"source": 3, "prod": 1.0011330875978293, "target": 14, "value": 262.0, "supply": [{"l": "Maize", "v": 150.0}, {"l": "Rice", "v": 109.0}, {"l": "Wheat", "v": 3.0}]}, {"source": 4, "prod": 1.4550973768474169, "target": 14, "value": 308.0, "supply": [{"l": "Cottonseed", "v": 298.0}, {"l": "Rape and Mustardseed", "v": 9.0}, {"l": "Oilcrops, Other", "v": 1.0}]}, {"source": 6, "prod": 0.014711424230197417, "target": 14, "value": 4.0, "supply": [{"l": "Sugar", "v": 1.0}, {"l": "Sweeteners, Other", "v": 3.0}]}, {"source": 7, "prod": 0.017742556673041452, "target": 14, "value": 22.0, "supply": [{"l": "Potatoes", "v": 22.0}]}, {"source": 9, "prod": 0.10344213178611543, "target": 14, "value": 146.0, "supply": [{"l": "Fish, Seafood", "v": 73.0}, {"l": "Demersal Fish", "v": 73.0}]}, {"source": 12, "prod": 4.1911507944856803, "target": 14, "value": 389.0, "supply": [{"l": "Ricebran Oil", "v": 23.0}, {"l": "Coconut Oil", "v": 6.0}, {"l": "Rape and Mustard Oil", "v": 70.0}, {"l": "Cottonseed Oil", "v": 63.0}, {"l": "Oilcrops Oil, Other", "v": 159.0}, {"l": "Soyabean Oil", "v": 32.0}, {"l": "Palm Oil", "v": 26.0}, {"l": "Sunflowerseed Oil", "v": 10.0}]}, {"source": 2, "prod": 0.046748917632132916, "target": 2, "value": 29.0, "supply": [{"l": "Eggs", "v": 29.0}]}, {"source": 3, "prod": 30.240821891619092, "target": 15, "value": 7906.0, "supply": [{"l": "Maize", "v": 454.0}, {"l": "Wheat", "v": 3091.0}, {"l": "Millet", "v": 244.0}, {"l": "Barley", "v": 366.0}, {"l": "Rice", "v": 3387.0}, {"l": "Sorghum", "v": 364.0}]}, {"source": 4, "prod": 3.7588928881287282, "target": 15, "value": 706.0, "supply": [{"l": "Sunflower seed", "v": 5.0}, {"l": "Soyabeans", "v": 10.0}, {"l": "Sesame seed", "v": 11.0}, {"l": "Cottonseed", "v": 245.0}, {"l": "Groundnuts", "v": 361.0}, {"l": "Rape and Mustardseed", "v": 33.0}, {"l": "Oilcrops, Other", "v": 41.0}]}, {"source": 5, "prod": 3.2388792424630282, "target": 15, "value": 9461.0, "supply": [{"l": "Sugar cane", "v": 9461.0}]}, {"source": 7, "prod": 0.8282548046915259, "target": 15, "value": 1027.0, "supply": [{"l": "Potatoes", "v": 1027.0}]}, {"source": 8, "prod": 3.4061516196294122, "target": 15, "value": 867.0, "supply": [{"l": "Peas", "v": 34.0}, {"l": "Beans", "v": 278.0}, {"l": "Onions", "v": 22.0}, {"l": "Pulses, Other", "v": 533.0}]}, {"source": 2, "prod": 1.5221878804543403, "target": 16, "value": 1861.0, "supply": [{"l": "Eggs", "v": 67.0}, {"l": "Milk - Excluding Butter", "v": 1794.0}]}, {"source": 3, "prod": 20.905388520663003, "target": 16, "value": 5482.0, "supply": [{"l": "Maize", "v": 767.0}, {"l": "Barley", "v": 146.0}, {"l": "Rice", "v": 2000.0}, {"l": "Wheat", "v": 1519.0}, {"l": "Sorghum", "v": 706.0}, {"l": "Millet", "v": 344.0}]}, {"source": 4, "prod": 2.1655389279862325, "target": 16, "value": 513.0, "supply": [{"l": "Sunflower seed", "v": 1.0}, {"l": "Coconuts - Incl Copra", "v": 136.0}, {"l": "Sesame seed", "v": 8.0}, {"l": "Cottonseed", "v": 168.0}, {"l": "Groundnuts", "v": 108.0}, {"l": "Oilcrops, Other", "v": 22.0}, {"l": "Soyabeans", "v": 4.0}, {"l": "Rape and Mustardseed", "v": 66.0}]}, {"source": 5, "prod": 0.87502117574627425, "target": 16, "value": 2556.0, "supply": [{"l": "Sugar cane", "v": 2556.0}]}, {"source": 7, "prod": 1.3792202997043796, "target": 16, "value": 1539.0, "supply": [{"l": "Roots, Other", "v": 10.0}, {"l": "Potatoes", "v": 1023.0}, {"l": "Sweet potatoes", "v": 150.0}, {"l": "Cassava", "v": 356.0}]}, {"source": 8, "prod": 3.7842954704917302, "target": 16, "value": 6014.0, "supply": [{"l": "Plantains", "v": 53.0}, {"l": "Citrus, Other", "v": 7.0}, {"l": "Grapefruit", "v": 3.0}, {"l": "Tomatoes", "v": 105.0}, {"l": "Treenuts", "v": 6.0}, {"l": "Vegetables, Other", "v": 2706.0}, {"l": "Peas", "v": 15.0}, {"l": "Grapes", "v": 124.0}, {"l": "Dates", "v": 36.0}, {"l": "Beans", "v": 95.0}, {"l": "Apples", "v": 83.0}, {"l": "Lemons, Limes", "v": 54.0}, {"l": "Pineapples", "v": 19.0}, {"l": "Bananas", "v": 726.0}, {"l": "Fruits, Other", "v": 1388.0}, {"l": "Oranges, Mandarines", "v": 200.0}, {"l": "Pulses, Other", "v": 240.0}, {"l": "Onions", "v": 154.0}]}, {"source": 11, "prod": 0.13066362692931691, "target": 16, "value": 45.0, "supply": [{"l": "Nuts", "v": 6.0}, {"l": "Pepper", "v": 2.0}, {"l": "Pimento", "v": 24.0}, {"l": "Coffee", "v": 1.0}, {"l": "Spices, Other", "v": 6.0}, {"l": "Tea", "v": 6.0}]}, {"source": 17, "prod": 0.58343066741626304, "target": 11, "value": 278.0, "supply": [{"l": "Nuts", "v": 181.0}, {"l": "Infant food", "v": 9.0}, {"l": "Pepper", "v": 2.0}, {"l": "Cocoa Beans", "v": 2.0}, {"l": "Coffee", "v": 1.0}, {"l": "Spices, Other", "v": 18.0}, {"l": "Tea", "v": 65.0}]}, {"source": 17, "prod": 1.000698622789306, "target": 1, "value": 1128.0, "supply": [{"l": "Eggs", "v": 14.0}, {"l": "Marine Fish, Other", "v": 114.0}, {"l": "Demersal Fish", "v": 4.0}, {"l": "Milk - Excluding Butter", "v": 767.0}, {"l": "Fish, Seafood", "v": 160.0}, {"l": "Mutton & Goat Meat", "v": 19.0}, {"l": "Pelagic Fish", "v": 42.0}, {"l": "Poultry Meat", "v": 2.0}, {"l": "Bovine Meat", "v": 6.0}]}, {"source": 17, "prod": 9.6423778764419215, "target": 13, "value": 1189.0, "supply": [{"l": "Sugar", "v": 431.0}, {"l": "Beverages, Alcoholic", "v": 2.0}, {"l": "Butter, Ghee", "v": 45.0}, {"l": "Fats, Animals, Raw", "v": 130.0}, {"l": "Soyabean Oil", "v": 357.0}, {"l": "Palm Oil", "v": 87.0}, {"l": "Sunflowerseed Oil", "v": 39.0}, {"l": "Olive Oil", "v": 1.0}, {"l": "Coconut Oil", "v": 16.0}, {"l": "Rape and Mustard Oil", "v": 35.0}, {"l": "Oilcrops Oil, Other", "v": 19.0}, {"l": "Sweeteners, Other", "v": 6.0}, {"l": "Cottonseed Oil", "v": 20.0}, {"l": "Palmkernel Oil", "v": 1.0}]}, {"source": 17, "prod": 41.64635235291491, "target": 3, "value": 11502.0, "supply": [{"l": "Maize", "v": 241.0}, {"l": "Barley", "v": 185.0}, {"l": "Rice", "v": 711.0}, {"l": "Cereals, Other", "v": 22.0}, {"l": "Wheat", "v": 9589.0}, {"l": "Sorghum", "v": 727.0}, {"l": "Millet", "v": 27.0}]}, {"source": 17, "prod": 0.75983796862216668, "target": 8, "value": 629.0, "supply": [{"l": "Pulses, Other", "v": 5.0}, {"l": "Treenuts", "v": 181.0}, {"l": "Vegetables, Other", "v": 28.0}, {"l": "Grapes", "v": 77.0}, {"l": "Dates", "v": 36.0}, {"l": "Beans", "v": 13.0}, {"l": "Apples", "v": 27.0}, {"l": "Bananas", "v": 71.0}, {"l": "Fruits, Other", "v": 54.0}, {"l": "Oranges, Mandarines", "v": 133.0}, {"l": "Onions", "v": 4.0}]}, {"source": 17, "prod": 0.59224553146899128, "target": 4, "value": 123.0, "supply": [{"l": "Coconuts - Incl Copra", "v": 24.0}, {"l": "Sesame seed", "v": 1.0}, {"l": "Groundnuts", "v": 1.0}, {"l": "Oilcrops, Other", "v": 35.0}, {"l": "Rape and Mustardseed", "v": 62.0}]}, {"source": 17, "prod": 0.041102083030589792, "target": 7, "value": 47.0, "supply": [{"l": "Roots, Other", "v": 4.0}, {"l": "Potatoes", "v": 38.0}, {"l": "Cassava", "v": 5.0}]}, {"source": 0, "prod": 0.032039768589532149, "target": 18, "value": 4.0, "supply": [{"l": "Beverages, Alcoholic", "v": 1.0}, {"l": "Butter, Ghee", "v": 2.0}, {"l": "Fish, Body Oil", "v": 1.0}]}, {"source": 2, "prod": 0.014631062108768139, "target": 18, "value": 8.0, "supply": [{"l": "Meat, Other", "v": 2.0}, {"l": "Mutton & Goat Meat", "v": 1.0}, {"l": "Milk - Excluding Butter", "v": 1.0}, {"l": "Bovine Meat", "v": 4.0}]}, {"source": 3, "prod": 3.2447316869105154, "target": 18, "value": 803.0, "supply": [{"l": "Barley", "v": 95.0}, {"l": "Rice", "v": 698.0}, {"l": "Wheat", "v": 10.0}]}, {"source": 4, "prod": 1.1878029297863018, "target": 18, "value": 361.0, "supply": [{"l": "Coconuts - Incl Copra", "v": 224.0}, {"l": "Sesame seed", "v": 19.0}, {"l": "Oilcrops, Other", "v": 29.0}, {"l": "Cottonseed", "v": 1.0}, {"l": "Groundnuts", "v": 88.0}]}, {"source": 5, "prod": 0.028414224408036287, "target": 18, "value": 83.0, "supply": [{"l": "Sugar cane", "v": 83.0}]}, {"source": 6, "prod": 2.2210329917300529, "target": 18, "value": 542.0, "supply": [{"l": "Sugar", "v": 530.0}, {"l": "Sugar non-centrifugal", "v": 11.0}, {"l": "Sweeteners, Other", "v": 1.0}]}, {"source": 7, "prod": 0.01048423803406995, "target": 18, "value": 13.0, "supply": [{"l": "Potatoes", "v": 13.0}]}, {"source": 8, "prod": 1.0494969783398029, "target": 18, "value": 971.0, "supply": [{"l": "Tomatoes", "v": 8.0}, {"l": "Treenuts", "v": 238.0}, {"l": "Vegetables, Other", "v": 55.0}, {"l": "Grapes", "v": 384.0}, {"l": "Dates", "v": 33.0}, {"l": "Beans", "v": 1.0}, {"l": "Pulses, Other", "v": 7.0}, {"l": "Lemons, Limes", "v": 2.0}, {"l": "Pineapples", "v": 2.0}, {"l": "Bananas", "v": 3.0}, {"l": "Fruits, Other", "v": 119.0}, {"l": "Oranges, Mandarines", "v": 23.0}, {"l": "Onions", "v": 90.0}, {"l": "Apples", "v": 6.0}]}, {"source": 11, "prod": 1.2889779180908605, "target": 18, "value": 778.0, "supply": [{"l": "Nuts", "v": 238.0}, {"l": "Infant food", "v": 1.0}, {"l": "Cloves", "v": 1.0}, {"l": "Pepper", "v": 29.0}, {"l": "Pimento", "v": 4.0}, {"l": "Cocoa Beans", "v": 2.0}, {"l": "Coffee", "v": 50.0}, {"l": "Spices, Other", "v": 47.0}, {"l": "Tea", "v": 406.0}]}, {"source": 9, "prod": 0.3697054309560277, "target": 18, "value": 485.0, "supply": [{"l": "Crustaceans", "v": 74.0}, {"l": "Aquatic Products, Other", "v": 2.0}, {"l": "Marine Fish, Other", "v": 23.0}, {"l": "Freshwater Fish", "v": 4.0}, {"l": "Pelagic Fish", "v": 80.0}, {"l": "Fish, Seafood", "v": 240.0}, {"l": "Aquatic Animals, Others", "v": 2.0}, {"l": "Demersal Fish", "v": 60.0}]}, {"source": 12, "prod": 0.92837581351794318, "target": 18, "value": 85.0, "supply": [{"l": "Palm Oil", "v": 1.0}, {"l": "Coconut Oil", "v": 23.0}, {"l": "Rape and Mustard Oil", "v": 1.0}, {"l": "Oilcrops Oil, Other", "v": 54.0}, {"l": "Cottonseed Oil", "v": 6.0}]}, {"source": 12, "prod": 1.680655029981257, "target": 19, "value": 148.0, "supply": [{"l": "Coconut Oil", "v": 7.0}, {"l": "Rape and Mustard Oil", "v": 1.0}, {"l": "Cottonseed Oil", "v": 40.0}, {"l": "Sesameseed Oil", "v": 3.0}, {"l": "Soyabean Oil", "v": 63.0}, {"l": "Palm Oil", "v": 34.0}]}, {"source": 20, "prod": 0.00034234005310887098, "target": 5, "value": 1.0, "supply": [{"l": "Sugar cane", "v": 1.0}]}, {"source": 11, "prod": 0.04028590678768447, "target": 19, "value": 28.0, "supply": [{"l": "Nuts", "v": 10.0}, {"l": "Tea", "v": 18.0}]}, {"source": 3, "prod": 1.8559614618432045, "target": 19, "value": 518.0, "supply": [{"l": "Wheat", "v": 514.0}, {"l": "Millet", "v": 4.0}]}, {"source": 8, "prod": 0.024028396180471701, "target": 19, "value": 10.0, "supply": [{"l": "Treenuts", "v": 10.0}]}, {"source": 20, "prod": 0.01418911465291995, "target": 1, "value": 18.0, "supply": [{"l": "Milk - Excluding Butter", "v": 18.0}]}, {"source": 20, "prod": 0.022350771655528439, "target": 4, "value": 6.0, "supply": [{"l": "Coconuts - Incl Copra", "v": 2.0}, {"l": "Sesame seed", "v": 4.0}]}, {"source": 4, "prod": 0.2261234363868137, "target": 19, "value": 39.0, "supply": [{"l": "Soyabeans", "v": 6.0}, {"l": "Rape and Mustardseed", "v": 1.0}, {"l": "Groundnuts", "v": 20.0}, {"l": "Oilcrops, Other", "v": 12.0}]}, {"source": 20, "prod": 0.014351050635438921, "target": 11, "value": 4.0, "supply": [{"l": "Pepper", "v": 4.0}]}, {"source": 20, "prod": 2.4695014764151253, "target": 13, "value": 241.0, "supply": [{"l": "Sugar", "v": 6.0}, {"l": "Groundnut Oil", "v": 200.0}, {"l": "Oilcrops Oil, Other", "v": 35.0}]}, {"source": 20, "prod": 9.6473623882718034, "target": 3, "value": 2300.0, "supply": [{"l": "Barley", "v": 18.0}, {"l": "Rice", "v": 2282.0}]}, {"source": 21, "prod": 481.20533886892667, "target": 3, "value": 124519.0, "supply": [{"l": "Maize", "v": 7977.0}, {"l": "Barley", "v": 3795.0}, {"l": "Sorghum", "v": 10684.0}, {"l": "Rice", "v": 57253.0}, {"l": "Wheat", "v": 37276.0}, {"l": "Millet", "v": 7534.0}]}, {"source": 21, "prod": 74.562577117629303, "target": 4, "value": 18347.0, "supply": [{"l": "Sunflower seed", "v": 287.0}, {"l": "Coconuts - Incl Copra", "v": 6099.0}, {"l": "Sesame seed", "v": 465.0}, {"l": "Cottonseed", "v": 4389.0}, {"l": "Olives", "v": 17.0}, {"l": "Groundnuts", "v": 3644.0}, {"l": "Oilcrops, Other", "v": 1191.0}, {"l": "Soyabeans", "v": 94.0}, {"l": "Rape and Mustardseed", "v": 2161.0}]}, {"source": 21, "prod": 60.595558760482596, "target": 5, "value": 177004.0, "supply": [{"l": "Sugar cane", "v": 172767.0}, {"l": "Sugar beet", "v": 4237.0}]}, {"source": 21, "prod": 15.749812960224428, "target": 7, "value": 16431.0, "supply": [{"l": "Roots, Other", "v": 69.0}, {"l": "Potatoes", "v": 6876.0}, {"l": "Sweet potatoes", "v": 2358.0}, {"l": "Cassava", "v": 7128.0}]}, {"source": 21, "prod": 71.078832784209538, "target": 8, "value": 73594.0, "supply": [{"l": "Vegetables, Other", "v": 33458.0}, {"l": "Plantains", "v": 526.0}, {"l": "Tomatoes", "v": 1038.0}, {"l": "Treenuts", "v": 504.0}, {"l": "Peas", "v": 542.0}, {"l": "Grapes", "v": 1433.0}, {"l": "Pulses, Other", "v": 8454.0}, {"l": "Pineapples", "v": 578.0}, {"l": "Grapefruit", "v": 35.0}, {"l": "Fruits, Other", "v": 13684.0}, {"l": "Citrus, Other", "v": 70.0}, {"l": "Dates", "v": 469.0}, {"l": "Beans", "v": 2390.0}, {"l": "Apples", "v": 846.0}, {"l": "Lemons, Limes", "v": 610.0}, {"l": "Bananas", "v": 3967.0}, {"l": "Oranges, Mandarines", "v": 2243.0}, {"l": "Onions", "v": 2747.0}]}, {"source": 21, "prod": 5.7616998022202992, "target": 11, "value": 2411.0, "supply": [{"l": "Nuts", "v": 504.0}, {"l": "Pepper", "v": 31.0}, {"l": "Pimento", "v": 546.0}, {"l": "Tea", "v": 750.0}, {"l": "Coffee", "v": 95.0}, {"l": "Cloves", "v": 1.0}, {"l": "Cocoa Beans", "v": 2.0}, {"l": "Spices, Other", "v": 482.0}]}, {"source": 1, "prod": 5.8520231289658016, "target": 9, "value": 7287.0, "supply": [{"l": "Pelagic Fish", "v": 737.0}, {"l": "Crustaceans", "v": 289.0}, {"l": "Freshwater Fish", "v": 1572.0}, {"l": "Molluscs, Other", "v": 1.0}, {"l": "Aquatic Animals, Others", "v": 2.0}, {"l": "Demersal Fish", "v": 671.0}, {"l": "Aquatic Products, Other", "v": 2.0}, {"l": "Fish, Seafood", "v": 3640.0}, {"l": "Marine Fish, Other", "v": 372.0}, {"l": "Cephalopods", "v": 1.0}]}, {"source": 1, "prod": 39.444355093345571, "target": 2, "value": 43548.0, "supply": [{"l": "Poultry Meat", "v": 323.0}, {"l": "Pigmeat", "v": 219.0}, {"l": "Bovine Meat", "v": 2185.0}, {"l": "Eggs", "v": 743.0}, {"l": "Milk - Excluding Butter", "v": 38449.0}, {"l": "Offals, Edible", "v": 567.0}, {"l": "Meat, Other", "v": 134.0}, {"l": "Mutton & Goat Meat", "v": 957.0}]}, {"source": 13, "prod": 13.095687793684876, "target": 0, "value": 2144.0, "supply": [{"l": "Fats, Animals, Raw", "v": 330.0}, {"l": "Alcohol, Non-Food", "v": 478.0}, {"l": "Beverages, Fermented", "v": 5.0}, {"l": "Fish, Body Oil", "v": 3.0}, {"l": "Beer", "v": 113.0}, {"l": "Beverages, Alcoholic", "v": 479.0}, {"l": "Butter, Ghee", "v": 736.0}]}, {"source": 13, "prod": 41.915126639178915, "target": 12, "value": 3996.0, "supply": [{"l": "Olive Oil", "v": 3.0}, {"l": "Ricebran Oil", "v": 73.0}, {"l": "Sesameseed Oil", "v": 144.0}, {"l": "Soyabean Oil", "v": 365.0}, {"l": "Coconut Oil", "v": 268.0}, {"l": "Rape and Mustard Oil", "v": 709.0}, {"l": "Cottonseed Oil", "v": 393.0}, {"l": "Groundnut Oil", "v": 1376.0}, {"l": "Palm Oil", "v": 87.0}, {"l": "Palmkernel Oil", "v": 1.0}, {"l": "Oilcrops Oil, Other", "v": 436.0}, {"l": "Sunflowerseed Oil", "v": 141.0}]}, {"source": 13, "prod": 69.891256435404088, "target": 6, "value": 17149.0, "supply": [{"l": "Honey", "v": 48.0}, {"l": "Sweeteners, Other", "v": 745.0}, {"l": "Sugar non-centrifugal", "v": 10140.0}, {"l": "Sugar", "v": 6216.0}]}]}