{"nodes": [{"layer": 3, "name": "Rye"}, {"layer": 5, "name": "Production", "fill": "#b5cf6b"}, {"layer": 3, "name": "Fruits, Other"}, {"layer": 3, "name": "Barley"}, {"layer": 3, "name": "Tomatoes"}, {"layer": 3, "name": "Cereals, Other"}, {"layer": 3, "name": "Wheat"}, {"layer": 3, "name": "Vegetables, Other"}, {"layer": 3, "name": "Peas"}, {"layer": 3, "name": "Oats"}, {"layer": 3, "name": "Potatoes"}, {"layer": 3, "name": "Beans"}, {"layer": 3, "name": "Apples"}, {"layer": 3, "name": "Sugar beet"}, {"layer": 3, "name": "Rape and Mustardseed"}, {"layer": 3, "name": "Onions"}, {"layer": 3, "name": "Pulses, Other"}, {"layer": 1, "name": "Electricity", "fill": "#bcbd22"}, {"layer": 0, "name": "Fossil Fuels", "fill": "#c49c94"}, {"layer": 0, "name": "Renewables & Nuclear", "fill": "#2ca02c"}, {"layer": 1, "name": "Fertilizers", "fill": "#c5b0d5"}, {"layer": 0, "name": "Labor", "fill": "#7f7f7f"}], "links": [{"source": 0, "prod": 235.0, "target": 1, "value": 0.74926783790111273, "supply": [{"l": "Rye", "v": 0.74926783790111273}]}, {"source": 2, "prod": 57.0, "target": 1, "value": 0.031221412843529032, "supply": [{"l": "Fruits, Other", "v": 0.031221412843529032}]}, {"source": 3, "prod": 2026.0, "target": 1, "value": 6.0236290857588095, "supply": [{"l": "Barley", "v": 6.0236290857588095}]}, {"source": 4, "prod": 13.0, "target": 1, "value": 0.0027620228509084087, "supply": [{"l": "Tomatoes", "v": 0.0027620228509084087}]}, {"source": 5, "prod": 156.0, "target": 1, "value": 0.41388912420862506, "supply": [{"l": "Cereals, Other", "v": 0.41388912420862506}]}, {"source": 6, "prod": 1721.0, "target": 1, "value": 5.2695070176237575, "supply": [{"l": "Wheat", "v": 5.2695070176237575}]}, {"source": 7, "prod": 229.0, "target": 1, "value": 0.063381177819589241, "supply": [{"l": "Vegetables, Other", "v": 0.063381177819589241}]}, {"source": 8, "prod": 10.0, "target": 1, "value": 0.040047326967452834, "supply": [{"l": "Peas", "v": 0.040047326967452834}]}, {"source": 9, "prod": 1268.0, "target": 1, "value": 3.3641757019008751, "supply": [{"l": "Oats", "v": 3.3641757019008751}]}, {"source": 10, "prod": 939.0, "target": 1, "value": 0.73376802136516805, "supply": [{"l": "Potatoes", "v": 0.73376802136516805}]}, {"source": 11, "prod": 1.0, "target": 1, "value": 0.003859106053227273, "supply": [{"l": "Beans", "v": 0.003859106053227273}]}, {"source": 12, "prod": 133.0, "target": 1, "value": 0.076665577286324935, "supply": [{"l": "Apples", "v": 0.076665577286324935}]}, {"source": 13, "prod": 1922.0, "target": 1, "value": 2.23379110684, "supply": [{"l": "Sugar beet", "v": 2.23379110684}]}, {"source": 14, "prod": 374.0, "target": 1, "value": 0.43467111028000005, "supply": [{"l": "Rape and Mustardseed", "v": 0.43467111028000005}]}, {"source": 15, "prod": 10.0, "target": 1, "value": 0.0045320462546797162, "supply": [{"l": "Onions", "v": 0.0045320462546797162}]}, {"source": 16, "prod": 78.0, "target": 1, "value": 0.31482713710295412, "supply": [{"l": "Pulses, Other", "v": 0.31482713710295412}]}, {"source": 17, "prod": 0, "target": 16, "value": 0.00036546027203803279, "supply": "[{\"l\":'Energy for power irrigation',\"v\":0.00036546027203803279}]"}, {"source": 17, "prod": 0, "target": 5, "value": 0.00077074634295200512, "supply": "[{\"l\":'Energy for power irrigation',\"v\":0.00077074634295200512}]"}, {"source": 17, "prod": 0, "target": 7, "value": 0.0014056164309155109, "supply": "[{\"l\":'Energy for power irrigation',\"v\":0.0014056164309155109}]"}, {"source": 17, "prod": 0, "target": 6, "value": 0.0082509684494740491, "supply": "[{\"l\":'Energy for power irrigation',\"v\":0.0082509684494740491}]"}, {"source": 17, "prod": 0, "target": 9, "value": 0.0066977622933124094, "supply": "[{\"l\":'Energy for power irrigation',\"v\":0.0066977622933124094}]"}, {"source": 17, "prod": 0, "target": 10, "value": 0.0051773538538721318, "supply": "[{\"l\":'Energy for power irrigation',\"v\":0.0051773538538721318}]"}, {"source": 17, "prod": 0, "target": 0, "value": 0.0011010662042171501, "supply": "[{\"l\":'Energy for power irrigation',\"v\":0.0011010662042171501}]"}, {"source": 17, "prod": 0, "target": 2, "value": 0.00058333081882993697, "supply": "[{\"l\":'Energy for power irrigation',\"v\":0.00058333081882993697}]"}, {"source": 17, "prod": 0, "target": 8, "value": 4.919657508204288e-05, "supply": "[{\"l\":'Energy for power irrigation',\"v\":4.919657508204288e-05}]"}, {"source": 17, "prod": 0, "target": 11, "value": 1.1713470257629255e-05, "supply": "[{\"l\":'Energy for power irrigation',\"v\":1.1713470257629255e-05}]"}, {"source": 17, "prod": 0, "target": 3, "value": 0.010228202228961866, "supply": "[{\"l\":'Energy for power irrigation',\"v\":0.010228202228961866}]"}, {"source": 17, "prod": 0, "target": 13, "value": 0.009010001322168424, "supply": "[{\"l\":'Energy for power irrigation',\"v\":0.009010001322168424}]"}, {"source": 17, "prod": 0, "target": 14, "value": 0.0018319867482932157, "supply": "[{\"l\":'Energy for power irrigation',\"v\":0.0018319867482932157}]"}, {"source": 17, "prod": 0, "target": 15, "value": 7.9651597751878946e-05, "supply": "[{\"l\":'Energy for power irrigation',\"v\":7.9651597751878946e-05}]"}, {"source": 17, "prod": 0, "target": 4, "value": 0.00023426940515258512, "supply": "[{\"l\":'Energy for power irrigation',\"v\":0.00023426940515258512}]"}, {"source": 17, "prod": 0, "target": 12, "value": 0.00077074634295200512, "supply": "[{\"l\":'Energy for power irrigation',\"v\":0.00077074634295200512}]"}, {"source": 18, "prod": 0, "target": 17, "value": 0.0032885606732940649, "supply": [{"l": "Coal", "v": 0.00077880516408443162}, {"l": "Natural gas", "v": 0.0}, {"l": "Oil", "v": 0.0025097555092096335}]}, {"source": 19, "prod": 0, "target": 17, "value": 0.046931775532394165, "supply": [{"l": "Nuclear", "v": 0.018154970130854268}, {"l": "Hydroelectric", "v": 0.028134802019193331}, {"l": "Renewable", "v": 0.00064200338234656623}]}, {"source": 18, "prod": 0, "target": 16, "value": 0.059894407045231045, "supply": [{"l": "Gas-Diesel oil", "v": 0.028353103247443459}, {"l": "Natural gas (including LNG)", "v": 0.00019802301101565385}, {"l": "Fuel oil", "v": 0.0055320045417777347}, {"l": "Liquefied petroleum gas (LPG)", "v": 0.00019928698768171117}, {"l": "Coal", "v": 0.0023552098544202234}, {"l": "Other fossil fuels", "v": 0.023256779402892263}]}, {"source": 18, "prod": 0, "target": 5, "value": 0.12631576870436548, "supply": [{"l": "Gas-Diesel oil", "v": 0.059795967746210883}, {"l": "Natural gas (including LNG)", "v": 0.000417625452718911}, {"l": "Fuel oil", "v": 0.011666855732338942}, {"l": "Liquefied petroleum gas (LPG)", "v": 0.00042029114709796786}, {"l": "Coal", "v": 0.0049670771929759844}, {"l": "Other fossil fuels", "v": 0.049047951433022784}]}, {"source": 18, "prod": 0, "target": 7, "value": 0.23036310402011939, "supply": [{"l": "Gas-Diesel oil", "v": 0.10905039710555176}, {"l": "Natural gas (including LNG)", "v": 0.00076162696544482245}, {"l": "Fuel oil", "v": 0.021276940545298977}, {"l": "Liquefied petroleum gas (LPG)", "v": 0.00076648841416042759}, {"l": "Coal", "v": 0.0090584994400777826}, {"l": "Other fossil fuels", "v": 0.089449151549585618}]}, {"source": 18, "prod": 0, "target": 6, "value": 1.352231420598101, "supply": [{"l": "Gas-Diesel oil", "v": 0.64012583100958886}, {"l": "Natural gas (including LNG)", "v": 0.0044707502871611082}, {"l": "Fuel oil", "v": 0.12489564100090501}, {"l": "Liquefied petroleum gas (LPG)", "v": 0.0044992869911217107}, {"l": "Coal", "v": 0.053173391713256579}, {"l": "Other fossil fuels", "v": 0.52506651959606765}]}, {"source": 18, "prod": 0, "target": 9, "value": 1.0976801906558691, "supply": [{"l": "Gas-Diesel oil", "v": 0.51962514220795419}, {"l": "Natural gas (including LNG)", "v": 0.0036291524903445792}, {"l": "Fuel oil", "v": 0.10138462169834964}, {"l": "Liquefied petroleum gas (LPG)", "v": 0.0036523172934744379}, {"l": "Coal", "v": 0.043163749831970633}, {"l": "Other fossil fuels", "v": 0.42622520713377554}]}, {"source": 18, "prod": 0, "target": 10, "value": 0.84850409980743979, "supply": [{"l": "Gas-Diesel oil", "v": 0.40166896267211566}, {"l": "Natural gas (including LNG)", "v": 0.0028053259893884297}, {"l": "Fuel oil", "v": 0.078370064341851245}, {"l": "Liquefied petroleum gas (LPG)", "v": 0.0028232323254909083}, {"l": "Coal", "v": 0.033365472937619829}, {"l": "Other fossil fuels", "v": 0.32947104154097373}]}, {"source": 18, "prod": 0, "target": 0, "value": 0.18045109814909352, "supply": [{"l": "Gas-Diesel oil", "v": 0.085422811066015542}, {"l": "Natural gas (including LNG)", "v": 0.00059660778959844422}, {"l": "Fuel oil", "v": 0.0166669367604842}, {"l": "Liquefied petroleum gas (LPG)", "v": 0.00060041592442566826}, {"l": "Coal", "v": 0.0070958245613942624}, {"l": "Other fossil fuels", "v": 0.070068502047175407}]}, {"source": 18, "prod": 0, "target": 2, "value": 0.09560068816834956, "supply": [{"l": "Gas-Diesel oil", "v": 0.045255914798803983}, {"l": "Natural gas (including LNG)", "v": 0.00031607519065960136}, {"l": "Fuel oil", "v": 0.008829930326299076}, {"l": "Liquefied petroleum gas (LPG)", "v": 0.00031809269187657748}, {"l": "Coal", "v": 0.0037592772676322797}, {"l": "Other fossil fuels", "v": 0.037121397893078036}]}, {"source": 18, "prod": 0, "target": 8, "value": 0.008062708640704179, "supply": [{"l": "Gas-Diesel oil", "v": 0.003816763898694312}, {"l": "Natural gas (including LNG)", "v": 2.6656943790568789e-05}, {"l": "Fuel oil", "v": 0.00074469291908546434}, {"l": "Liquefied petroleum gas (LPG)", "v": 2.6827094495614969e-05}, {"l": "Coal", "v": 0.00031704748040272242}, {"l": "Other fossil fuels", "v": 0.0031307203042354971}]}, {"source": 18, "prod": 0, "target": 11, "value": 0.0019196925335009949, "supply": [{"l": "Gas-Diesel oil", "v": 0.00090875330921293129}, {"l": "Natural gas (including LNG)", "v": 6.3468913787068541e-06}, {"l": "Fuel oil", "v": 0.00017730783787749148}, {"l": "Liquefied petroleum gas (LPG)", "v": 6.3874034513368963e-06}, {"l": "Coal", "v": 7.5487495333981518e-05}, {"l": "Other fossil fuels", "v": 0.00074540959624654686}]}, {"source": 18, "prod": 0, "target": 3, "value": 1.6762755202530688, "supply": [{"l": "Gas-Diesel oil", "v": 0.79352338960473157}, {"l": "Natural gas (including LNG)", "v": 0.0055421055518868247}, {"l": "Fuel oil", "v": 0.15482520403462557}, {"l": "Liquefied petroleum gas (LPG)", "v": 0.0055774806937073781}, {"l": "Coal", "v": 0.065915680925632658}, {"l": "Other fossil fuels", "v": 0.65089165944248473}]}, {"source": 18, "prod": 0, "target": 13, "value": 1.4766274967689652, "supply": [{"l": "Gas-Diesel oil", "v": 0.69901304544658682}, {"l": "Natural gas (including LNG)", "v": 0.0048820288485013118}, {"l": "Fuel oil", "v": 0.13638518889536644}, {"l": "Liquefied petroleum gas (LPG)", "v": 0.0049131907347683412}, {"l": "Coal", "v": 0.058064981410898581}, {"l": "Other fossil fuels", "v": 0.57336906143284383}]}, {"source": 18, "prod": 0, "target": 14, "value": 0.3002399122395556, "supply": [{"l": "Gas-Diesel oil", "v": 0.14212901756090246}, {"l": "Natural gas (including LNG)", "v": 0.00099265381162975193}, {"l": "Fuel oil", "v": 0.027730945844039668}, {"l": "Liquefied petroleum gas (LPG)", "v": 0.0009989898997890905}, {"l": "Coal", "v": 0.011806244270234708}, {"l": "Other fossil fuels", "v": 0.11658206085295991}]}, {"source": 18, "prod": 0, "target": 15, "value": 0.013053909227806765, "supply": [{"l": "Gas-Diesel oil", "v": 0.0061795225026479326}, {"l": "Natural gas (including LNG)", "v": 4.3158861375206604e-05}, {"l": "Fuel oil", "v": 0.0012056932975669421}, {"l": "Liquefied petroleum gas (LPG)", "v": 4.3434343469090894e-05}, {"l": "Coal", "v": 0.00051331496827107428}, {"l": "Other fossil fuels", "v": 0.0050687852544765181}]}, {"source": 18, "prod": 0, "target": 4, "value": 0.038393850670019901, "supply": [{"l": "Gas-Diesel oil", "v": 0.018175066184258626}, {"l": "Natural gas (including LNG)", "v": 0.00012693782757413708}, {"l": "Fuel oil", "v": 0.0035461567575498297}, {"l": "Liquefied petroleum gas (LPG)", "v": 0.00012774806902673795}, {"l": "Coal", "v": 0.0015097499066796304}, {"l": "Other fossil fuels", "v": 0.014908191924930937}]}, {"source": 18, "prod": 0, "target": 12, "value": 0.12631576870436548, "supply": [{"l": "Gas-Diesel oil", "v": 0.059795967746210883}, {"l": "Natural gas (including LNG)", "v": 0.000417625452718911}, {"l": "Fuel oil", "v": 0.011666855732338942}, {"l": "Liquefied petroleum gas (LPG)", "v": 0.00042029114709796786}, {"l": "Coal", "v": 0.0049670771929759844}, {"l": "Other fossil fuels", "v": 0.049047951433022784}]}, {"source": 20, "prod": 3.6501193971803598, "target": 16, "value": 0.041618804698665315, "supply": [{"l": "Potash", "v": 0.28599155022879325}, {"l": "Phosphate", "v": 0.47091670871006669}, {"l": "Nitrogen", "v": 4.7309046426736119}]}, {"source": 20, "prod": 7.698008215848323, "target": 5, "value": 0.087772991960646737, "supply": [{"l": "Potash", "v": 0.28599155022879325}, {"l": "Phosphate", "v": 0.47091670871006669}, {"l": "Nitrogen", "v": 4.7309046426736119}]}, {"source": 20, "prod": 14.038920758385999, "target": 7, "value": 0.16007232576409738, "supply": [{"l": "Potash", "v": 0.28599155022879325}, {"l": "Phosphate", "v": 0.47091670871006669}, {"l": "Nitrogen", "v": 4.7309046426736119}]}, {"source": 20, "prod": 82.40846485172581, "target": 6, "value": 0.93962455223525165, "supply": [{"l": "Potash", "v": 0.28599155022879325}, {"l": "Phosphate", "v": 0.47091670871006669}, {"l": "Nitrogen", "v": 4.7309046426736119}]}, {"source": 20, "prod": 66.895457413709281, "target": 9, "value": 0.76274463226592404, "supply": [{"l": "Potash", "v": 0.28599155022879325}, {"l": "Phosphate", "v": 0.47091670871006669}, {"l": "Nitrogen", "v": 4.7309046426736119}]}, {"source": 20, "prod": 51.710024793388428, "target": 10, "value": 0.58959973323109205, "supply": [{"l": "Potash", "v": 0.28599155022879325}, {"l": "Phosphate", "v": 0.47091670871006669}, {"l": "Nitrogen", "v": 4.7309046426736119}]}, {"source": 20, "prod": 10.997154594069032, "target": 0, "value": 0.1253899885152096, "supply": [{"l": "Potash", "v": 0.28599155022879325}, {"l": "Phosphate", "v": 0.47091670871006669}, {"l": "Nitrogen", "v": 4.7309046426736119}]}, {"source": 20, "prod": 5.8261521147301893, "target": 2, "value": 0.066430015192100414, "supply": [{"l": "Potash", "v": 0.28599155022879325}, {"l": "Phosphate", "v": 0.47091670871006669}, {"l": "Nitrogen", "v": 4.7309046426736119}]}, {"source": 20, "prod": 0.49136222654351003, "target": 8, "value": 0.0056025314017434085, "supply": [{"l": "Potash", "v": 0.28599155022879325}, {"l": "Phosphate", "v": 0.47091670871006669}, {"l": "Nitrogen", "v": 4.7309046426736119}]}, {"source": 20, "prod": 0.11699100631988332, "target": 11, "value": 0.0013339360480341448, "supply": [{"l": "Potash", "v": 0.28599155022879325}, {"l": "Phosphate", "v": 0.47091670871006669}, {"l": "Nitrogen", "v": 4.7309046426736119}]}, {"source": 20, "prod": 102.15654671852211, "target": 3, "value": 1.1647929571434152, "supply": [{"l": "Potash", "v": 0.28599155022879325}, {"l": "Phosphate", "v": 0.47091670871006669}, {"l": "Nitrogen", "v": 4.7309046426736119}]}, {"source": 20, "prod": 89.98948206125425, "target": 13, "value": 1.0260636081478642, "supply": [{"l": "Potash", "v": 0.28599155022879325}, {"l": "Phosphate", "v": 0.47091670871006669}, {"l": "Nitrogen", "v": 4.7309046426736119}]}, {"source": 20, "prod": 18.29739338842975, "target": 14, "value": 0.20862759791254024, "supply": [{"l": "Potash", "v": 0.28599155022879325}, {"l": "Phosphate", "v": 0.47091670871006669}, {"l": "Nitrogen", "v": 4.7309046426736119}]}, {"source": 20, "prod": 0.79553884297520661, "target": 15, "value": 0.0090707651266321836, "supply": [{"l": "Potash", "v": 0.28599155022879325}, {"l": "Phosphate", "v": 0.47091670871006669}, {"l": "Nitrogen", "v": 4.7309046426736119}]}, {"source": 20, "prod": 2.3398201263976666, "target": 4, "value": 0.026678720960682897, "supply": [{"l": "Potash", "v": 0.28599155022879325}, {"l": "Phosphate", "v": 0.47091670871006669}, {"l": "Nitrogen", "v": 4.7309046426736119}]}, {"source": 20, "prod": 7.698008215848323, "target": 12, "value": 0.087772991960646737, "supply": [{"l": "Potash", "v": 0.28599155022879325}, {"l": "Phosphate", "v": 0.47091670871006669}, {"l": "Nitrogen", "v": 4.7309046426736119}]}, {"source": 18, "prod": 0, "target": 20, "value": 6.7424677774356176, "supply": [{"l": "Natural gas (including LNG)", "v": 4.5076990794143699}, {"l": "Fuel oil", "v": 1.3984810713981224}, {"l": "Liquefied petroleum gas (LPG)", "v": 0.41814381331156303}, {"l": "Coal", "v": 0.41814381331156303}]}, {"source": 21, "prod": 0, "target": 16, "value": 0.0015444310468594644, "supply": "[{\"l\":'Labor',\"v\":0.0015444310468594644}]"}, {"source": 21, "prod": 0, "target": 5, "value": 0.0032571654770305373, "supply": "[{\"l\":'Labor',\"v\":0.0032571654770305373}]"}, {"source": 21, "prod": 0, "target": 7, "value": 0.0059401194109979403, "supply": "[{\"l\":'Labor',\"v\":0.0059401194109979403}]"}, {"source": 21, "prod": 0, "target": 6, "value": 0.03486850094255791, "supply": "[{\"l\":'Labor',\"v\":0.03486850094255791}]"}, {"source": 21, "prod": 0, "target": 9, "value": 0.028304668993405186, "supply": "[{\"l\":'Labor',\"v\":0.028304668993405186}]"}, {"source": 21, "prod": 0, "target": 10, "value": 0.021879439830509079, "supply": "[{\"l\":'Labor',\"v\":0.021879439830509079}]"}, {"source": 21, "prod": 0, "target": 0, "value": 0.0046530935386150524, "supply": "[{\"l\":'Labor',\"v\":0.0046530935386150524}]"}, {"source": 21, "prod": 0, "target": 2, "value": 0.0024651495555641453, "supply": "[{\"l\":'Labor',\"v\":0.0024651495555641453}]"}, {"source": 21, "prod": 0, "target": 8, "value": 0.00020790417938492791, "supply": "[{\"l\":'Labor',\"v\":0.00020790417938492791}]"}, {"source": 21, "prod": 0, "target": 11, "value": 4.9500995091649499e-05, "supply": "[{\"l\":'Labor',\"v\":4.9500995091649499e-05}]"}, {"source": 21, "prod": 0, "target": 3, "value": 0.043224268914028342, "supply": "[{\"l\":'Labor',\"v\":0.043224268914028342}]"}, {"source": 21, "prod": 0, "target": 13, "value": 0.038076165424496794, "supply": "[{\"l\":'Labor',\"v\":0.038076165424496794}]"}, {"source": 21, "prod": 0, "target": 14, "value": 0.0077419556323339812, "supply": "[{\"l\":'Labor',\"v\":0.0077419556323339812}]"}, {"source": 21, "prod": 0, "target": 15, "value": 0.0003366067666232166, "supply": "[{\"l\":'Labor',\"v\":0.0003366067666232166}]"}, {"source": 21, "prod": 0, "target": 4, "value": 0.00099001990183298998, "supply": "[{\"l\":'Labor',\"v\":0.00099001990183298998}]"}, {"source": 21, "prod": 0, "target": 12, "value": 0.0032571654770305373, "supply": "[{\"l\":'Labor',\"v\":0.0032571654770305373}]"}]}