{"nodes": [{"layer": 3, "name": "Cereals", "fill": "#e7ba52"}, {"layer": 5, "name": "Production", "fill": "#b5cf6b"}, {"layer": 3, "name": "Oilcrops", "fill": "#ff9896"}, {"layer": 3, "name": "Fruits, Roots & Vegetables", "fill": "#98df8a"}, {"layer": 3, "name": "Sugar Crops", "fill": "#ffbb78"}, {"layer": 1, "name": "Electricity", "fill": "#bcbd22"}, {"layer": 0, "name": "Fossil Fuels", "fill": "#c49c94"}, {"layer": 0, "name": "Renewables & Nuclear", "fill": "#2ca02c"}, {"layer": 1, "name": "Fertilizers", "fill": "#c5b0d5"}, {"layer": 0, "name": "Labor", "fill": "#7f7f7f"}], "links": [{"source": 0, "prod": 4546.0, "target": 1, "value": 14.057158599221347, "supply": [{"l": "Rye", "v": 0.60568350773644164}, {"l": "Barley", "v": 5.2414784636622631}, {"l": "Cereals, Other", "v": 0.68716207160278131}, {"l": "Wheat", "v": 3.6369045527209765}, {"l": "Oats", "v": 3.8859300034988853}]}, {"source": 2, "prod": 261.09090909090907, "target": 1, "value": 0.33147105997227277, "supply": [{"l": "Rape and Mustardseed", "v": 0.29287999944000004}, {"l": "Oil Palm", "v": 0.038591060532272729}]}, {"source": 3, "prod": 1901.0, "target": 1, "value": 1.3614977917944489, "supply": [{"l": "Fruits, Other", "v": 0.03230640671488292}, {"l": "Apples", "v": 0.09614452392600828}, {"l": "Tomatoes", "v": 0.00092484023062091507}, {"l": "Vegetables, Other", "v": 0.071237042938873771}, {"l": "Peas", "v": 0.027013742372590913}, {"l": "Potatoes", "v": 1.1038258042948934}, {"l": "Beans", "v": 0.0072255602698723413}, {"l": "Pulses, Other", "v": 0.020370822974465942}, {"l": "Onions", "v": 0.0024490480722403844}]}, {"source": 4, "prod": 1798.0, "target": 1, "value": 2.0896755515600001, "supply": [{"l": "Sugar beet", "v": 2.0896755515600001}]}, {"source": 5, "prod": 0, "target": 3, "value": 0.0033844796801850586, "supply": "[{\"l\":'Energy for power irrigation',\"v\":0.0033844796801850586}]"}, {"source": 5, "prod": 0, "target": 4, "value": 0.0026768427483692707, "supply": "[{\"l\":'Energy for power irrigation',\"v\":0.0026768427483692707}]"}, {"source": 5, "prod": 0, "target": 0, "value": 0.0069434553509018174, "supply": "[{\"l\":'Energy for power irrigation',\"v\":0.0069434553509018174}]"}, {"source": 5, "prod": 0, "target": 2, "value": 0.00060158927180600026, "supply": "[{\"l\":'Energy for power irrigation',\"v\":0.00060158927180600026}]"}, {"source": 6, "prod": 0, "target": 5, "value": 0.0029838780108780733, "supply": [{"l": "Coal", "v": 2.0094603321543607e-05}, {"l": "Natural gas", "v": 0.0}, {"l": "Oil", "v": 0.0029637834075565295}]}, {"source": 7, "prod": 0, "target": 5, "value": 0.012472292461095259, "supply": [{"l": "Nuclear", "v": 1.2640153702261294e-05}, {"l": "Hydroelectric", "v": 0.012459652307392998}, {"l": "Renewable", "v": 0.0}]}, {"source": 6, "prod": 0, "target": 3, "value": 1.3247879243978713, "supply": [{"l": "Gas-Diesel oil", "v": 0.99630522900829821}, {"l": "Natural gas (including LNG)", "v": 0.0064949390767104374}, {"l": "Fuel oil", "v": 0.23820304222329797}, {"l": "Liquefied petroleum gas (LPG)", "v": 0.0065363961346468864}, {"l": "Coal", "v": 0.077248317954917753}]}, {"source": 6, "prod": 0, "target": 4, "value": 1.0477973820654511, "supply": [{"l": "Gas-Diesel oil", "v": 0.78799481144688788}, {"l": "Natural gas (including LNG)", "v": 0.0051369581771700578}, {"l": "Fuel oil", "v": 0.18839885195589931}, {"l": "Liquefied petroleum gas (LPG)", "v": 0.0051697472719179514}, {"l": "Coal", "v": 0.061097013213575795}]}, {"source": 6, "prod": 0, "target": 0, "value": 2.7178788681536847, "supply": [{"l": "Gas-Diesel oil", "v": 2.0439776648654226}, {"l": "Natural gas (including LNG)", "v": 0.013324742278701032}, {"l": "Fuel oil", "v": 0.48868728561431757}, {"l": "Liquefied petroleum gas (LPG)", "v": 0.013409793825160823}, {"l": "Coal", "v": 0.15847938157008248}]}, {"source": 6, "prod": 0, "target": 2, "value": 0.23548027408819319, "supply": [{"l": "Gas-Diesel oil", "v": 0.17709266825405789}, {"l": "Natural gas (including LNG)", "v": 0.0011544715994184734}, {"l": "Fuel oil", "v": 0.042340450602218513}, {"l": "Liquefied petroleum gas (LPG)", "v": 0.001161840567074336}, {"l": "Coal", "v": 0.013730843065423971}]}, {"source": 8, "prod": 106.68410035422642, "target": 3, "value": 1.0382626796222825, "supply": [{"l": "Potash", "v": 0.30433104746568701}, {"l": "Phosphate", "v": 0.54215537543372427}, {"l": "Nitrogen", "v": 3.3275623082176051}]}, {"source": 8, "prod": 84.378275949316858, "target": 4, "value": 0.82117967530459157, "supply": [{"l": "Potash", "v": 0.30433104746568701}, {"l": "Phosphate", "v": 0.54215537543372427}, {"l": "Nitrogen", "v": 3.3275623082176051}]}, {"source": 8, "prod": 218.86858762886601, "target": 0, "value": 2.1300557957762098, "supply": [{"l": "Potash", "v": 0.30433104746568701}, {"l": "Phosphate", "v": 0.54215537543372427}, {"l": "Nitrogen", "v": 3.3275623082176051}]}, {"source": 8, "prod": 18.963036067590767, "target": 2, "value": 0.18455058041393321, "supply": [{"l": "Potash", "v": 0.30433104746568701}, {"l": "Phosphate", "v": 0.54215537543372427}, {"l": "Nitrogen", "v": 3.3275623082176051}]}, {"source": 6, "prod": 0, "target": 8, "value": 5.2098497055308819, "supply": [{"l": "Natural gas (including LNG)", "v": 3.4638131443170677}, {"l": "Fuel oil", "v": 1.1578194240349073}, {"l": "Liquefied petroleum gas (LPG)", "v": 0.2941085685894535}, {"l": "Coal", "v": 0.2941085685894535}]}, {"source": 9, "prod": 0, "target": 3, "value": 0.048420561679498549, "supply": "[{\"l\":'Labor',\"v\":0.048420561679498549}]"}, {"source": 9, "prod": 0, "target": 4, "value": 0.038296648717549855, "supply": "[{\"l\":'Labor',\"v\":0.038296648717549855}]"}, {"source": 9, "prod": 0, "target": 0, "value": 0.099337576188019069, "supply": "[{\"l\":'Labor',\"v\":0.099337576188019069}]"}, {"source": 9, "prod": 0, "target": 2, "value": 0.0086067263490304975, "supply": "[{\"l\":'Labor',\"v\":0.0086067263490304975}]"}]}