{"nodes": [{"name": "Balance", "fill": "#9edae5"}, {"name": "Food", "fill": "#b5cf6b"}, {"name": "Stock Deposit", "fill": "#c7c7c7"}, {"name": "Export", "fill": "#aec7e8"}, {"name": "Biofuels & Other", "fill": "#e7ba52"}, {"name": "Crop Residue", "fill": "#bd9e39"}, {"name": "Renewables & Nuclear", "fill": "#2ca02c"}, {"name": "Fossil Fuels", "fill": "#c49c94"}, {"name": "Stock Draw", "fill": "#c7c7c7"}, {"name": "Labor", "fill": "#7f7f7f"}], "links": [{"source": 0, "target": 1, "value": 9.3006979885302119}, {"source": 0, "target": 2, "value": 0.84581755086622978}, {"source": 0, "target": 3, "value": 2.5495150256490495}, {"source": 0, "target": 4, "value": 0.79649013946110603}, {"source": 0, "target": 5, "value": 35.75994177643279}, {"source": 6, "target": 0, "value": 2.4655892080656456}, {"source": 7, "target": 0, "value": 14.153464731958717}, {"source": 8, "target": 0, "value": 0.10576864470573706}, {"source": 9, "target": 0, "value": 0.18524232082605482}]}