{"nodes": [{"layer": 3, "name": "Vegetables"}, {"layer": 5, "name": "Production", "fill": "#b5cf6b"}, {"layer": 3, "name": "Sugar Crops", "fill": "#ffbb78"}, {"layer": 3, "name": "Starchy Roots"}, {"layer": 3, "name": "Pulses"}, {"layer": 3, "name": "Cereals - Excluding Beer"}, {"layer": 3, "name": "Fruits - Excluding Wine"}, {"layer": 3, "name": "Oilcrops", "fill": "#ff9896"}, {"layer": 1, "name": "Electricity", "fill": "#bcbd22"}, {"layer": 0, "name": "Fossil Fuels", "fill": "#c49c94"}, {"layer": 0, "name": "Renewables & Nuclear", "fill": "#2ca02c"}, {"layer": 1, "name": "Fertilizers", "fill": "#c5b0d5"}, {"layer": 0, "name": "Labor", "fill": "#7f7f7f"}], "links": [{"source": 0, "prod": 253.0, "target": 1, "value": 0.072198808629477695, "supply": [{"l": "Tomatoes", "v": 0.0011134469924065575}, {"l": "Vegetables, Other", "v": 0.06605836822563034}, {"l": "Onions", "v": 0.0050269934114407899}]}, {"source": 2, "prod": 1731.0, "target": 1, "value": 2.0118066628200002, "supply": [{"l": "Sugar beet", "v": 2.0118066628200002}]}, {"source": 3, "prod": 1477.0, "target": 1, "value": 1.158932506440959, "supply": [{"l": "Potatoes", "v": 1.158932506440959}]}, {"source": 4, "prod": 22.0, "target": 1, "value": 0.085539501024003831, "supply": [{"l": "Peas", "v": 0.049272514786741078}, {"l": "Beans", "v": 0.0036913188335217393}, {"l": "Pulses, Other", "v": 0.032575667403741015}]}, {"source": 5, "prod": 4466.0, "target": 1, "value": 13.316556565772556, "supply": [{"l": "Rye", "v": 0.37569761758590359}, {"l": "Barley", "v": 4.1323171012433635}, {"l": "Cereals, Other", "v": 1.2225647976624001}, {"l": "Wheat", "v": 3.4250770285187708}, {"l": "Oats", "v": 4.1609000207621172}]}, {"source": 6, "prod": 273.0, "target": 1, "value": 0.15974481523371495, "supply": [{"l": "Fruits, Other", "v": 0.054806091982204999}, {"l": "Apples", "v": 0.10493872325150995}]}, {"source": 7, "prod": 234.0, "target": 1, "value": 1.2785990175552602, "supply": [{"l": "Rape and Mustardseed", "v": 1.2195932860014151}, {"l": "Oilcrops, Other", "v": 0.016555564968345003}, {"l": "Oil Palm", "v": 0.0424501665855}]}, {"source": 8, "prod": 0, "target": 7, "value": 0.00048232077263461894, "supply": "[{\"l\":'Energy for power irrigation',\"v\":0.00048232077263461894}]"}, {"source": 8, "prod": 0, "target": 0, "value": 0.00039548946616875221, "supply": "[{\"l\":'Energy for power irrigation',\"v\":0.00039548946616875221}]"}, {"source": 8, "prod": 0, "target": 2, "value": 0.0025004702783842552, "supply": "[{\"l\":'Energy for power irrigation',\"v\":0.0025004702783842552}]"}, {"source": 8, "prod": 0, "target": 3, "value": 0.0020228980928219883, "supply": "[{\"l\":'Energy for power irrigation',\"v\":0.0020228980928219883}]"}, {"source": 8, "prod": 0, "target": 4, "value": 3.3918479088229181e-05, "supply": "[{\"l\":'Energy for power irrigation',\"v\":3.3918479088229181e-05}]"}, {"source": 8, "prod": 0, "target": 5, "value": 0.0063217261324641548, "supply": "[{\"l\":'Energy for power irrigation',\"v\":0.0063217261324641548}]"}, {"source": 8, "prod": 0, "target": 6, "value": 0.00062206490647812311, "supply": "[{\"l\":'Energy for power irrigation',\"v\":0.00062206490647812311}]"}, {"source": 9, "prod": 0, "target": 8, "value": 0.0016598674447202472, "supply": [{"l": "Coal", "v": 0.0}, {"l": "Natural gas", "v": 0.0}, {"l": "Oil", "v": 0.0016598674447202472}]}, {"source": 10, "prod": 0, "target": 8, "value": 0.011841753501329939, "supply": [{"l": "Nuclear", "v": 0.0}, {"l": "Hydroelectric", "v": 0.011841753501329939}, {"l": "Renewable", "v": 0.0}]}, {"source": 9, "prod": 0, "target": 7, "value": 0.20595814766830181, "supply": [{"l": "Gas-Diesel oil", "v": 0.15489058716477688}, {"l": "Natural gas (including LNG)", "v": 0.0010097356692511693}, {"l": "Fuel oil", "v": 0.037032234700933662}, {"l": "Liquefied petroleum gas (LPG)", "v": 0.0010161807905442618}, {"l": "Coal", "v": 0.012009409342795822}]}, {"source": 9, "prod": 0, "target": 0, "value": 0.16887988760987335, "supply": [{"l": "Gas-Diesel oil", "v": 0.12700592449657513}, {"l": "Natural gas (including LNG)", "v": 0.00082795484553225272}, {"l": "Fuel oil", "v": 0.030365390760399895}, {"l": "Liquefied petroleum gas (LPG)", "v": 0.00083323966369522437}, {"l": "Coal", "v": 0.0098473778436708355}]}, {"source": 9, "prod": 0, "target": 2, "value": 1.067738020120057, "supply": [{"l": "Gas-Diesel oil", "v": 0.80299114527337223}, {"l": "Natural gas (including LNG)", "v": 0.0052347196580306756}, {"l": "Fuel oil", "v": 0.19198427160005835}, {"l": "Liquefied petroleum gas (LPG)", "v": 0.0052681327622308705}, {"l": "Coal", "v": 0.06225975082636484}]}, {"source": 9, "prod": 0, "target": 3, "value": 0.86380758979870054, "supply": [{"l": "Gas-Diesel oil", "v": 0.64962550059826263}, {"l": "Natural gas (including LNG)", "v": 0.0042349251275766346}, {"l": "Fuel oil", "v": 0.15531662992712264}, {"l": "Liquefied petroleum gas (LPG)", "v": 0.0042619565645611651}, {"l": "Coal", "v": 0.050368577581177416}]}, {"source": 9, "prod": 0, "target": 4, "value": 0.014483695335323617, "supply": [{"l": "Gas-Diesel oil", "v": 0.010892446354766308}, {"l": "Natural gas (including LNG)", "v": 7.1008134265201776e-05}, {"l": "Fuel oil", "v": 0.0026042359142710034}, {"l": "Liquefied petroleum gas (LPG)", "v": 7.146137767540519e-05}, {"l": "Coal", "v": 0.00084454355434569783}]}, {"source": 9, "prod": 0, "target": 5, "value": 2.6994711365976154, "supply": [{"l": "Gas-Diesel oil", "v": 2.0301341516013443}, {"l": "Natural gas (including LNG)", "v": 0.013234496064348308}, {"l": "Fuel oil", "v": 0.48537748970182959}, {"l": "Liquefied petroleum gas (LPG)", "v": 0.013318971571142018}, {"l": "Coal", "v": 0.15740602765895115}]}, {"source": 9, "prod": 0, "target": 6, "value": 0.26563097244983508, "supply": [{"l": "Gas-Diesel oil", "v": 0.19976746614641405}, {"l": "Natural gas (including LNG)", "v": 0.0013022891824238006}, {"l": "Fuel oil", "v": 0.047761686667730195}, {"l": "Liquefied petroleum gas (LPG)", "v": 0.001310601666566931}, {"l": "Coal", "v": 0.015488928786700095}]}, {"source": 11, "prod": 14.453029805286631, "target": 7, "value": 0.13578466688225982, "supply": [{"l": "Potash", "v": 0.26483946687853821}, {"l": "Phosphate", "v": 0.51061812540849449}, {"l": "Nitrogen", "v": 2.7358460438553429}]}, {"source": 11, "prod": 11.851077885347546, "target": 0, "value": 0.11133960730289377, "supply": [{"l": "Potash", "v": 0.26483946687853821}, {"l": "Phosphate", "v": 0.51061812540849449}, {"l": "Nitrogen", "v": 2.7358460438553429}]}, {"source": 11, "prod": 74.92808419449581, "target": 2, "value": 0.70394132507455653, "supply": [{"l": "Potash", "v": 0.26483946687853821}, {"l": "Phosphate", "v": 0.51061812540849449}, {"l": "Nitrogen", "v": 2.7358460438553429}]}, {"source": 11, "prod": 60.617348634830854, "target": 3, "value": 0.56949349738804333, "supply": [{"l": "Potash", "v": 0.26483946687853821}, {"l": "Phosphate", "v": 0.51061812540849449}, {"l": "Nitrogen", "v": 2.7358460438553429}]}, {"source": 11, "prod": 1.0163874687262047, "target": 4, "value": 0.0095488513981898619, "supply": [{"l": "Potash", "v": 0.26483946687853821}, {"l": "Phosphate", "v": 0.51061812540849449}, {"l": "Nitrogen", "v": 2.7358460438553429}]}, {"source": 11, "prod": 189.43429642119003, "target": 5, "value": 1.7797149235946264, "supply": [{"l": "Potash", "v": 0.26483946687853821}, {"l": "Phosphate", "v": 0.51061812540849449}, {"l": "Nitrogen", "v": 2.7358460438553429}]}, {"source": 11, "prod": 18.640546176438594, "target": 6, "value": 0.17512593464280204, "supply": [{"l": "Potash", "v": 0.26483946687853821}, {"l": "Phosphate", "v": 0.51061812540849449}, {"l": "Nitrogen", "v": 2.7358460438553429}]}, {"source": 9, "prod": 0, "target": 11, "value": 4.3891614910332244, "supply": [{"l": "Natural gas (including LNG)", "v": 2.9190493306108811}, {"l": "Fuel oil", "v": 0.98649340933099938}, {"l": "Liquefied petroleum gas (LPG)", "v": 0.24180937554567206}, {"l": "Coal", "v": 0.24180937554567206}]}, {"source": 12, "prod": 0, "target": 7, "value": 0.0074378554113491034, "supply": "[{\"l\":'Labor',\"v\":0.0074378554113491034}]"}, {"source": 12, "prod": 0, "target": 0, "value": 0.0060988322149318243, "supply": "[{\"l\":'Labor',\"v\":0.0060988322149318243}]"}, {"source": 12, "prod": 0, "target": 2, "value": 0.038559683609328828, "supply": "[{\"l\":'Labor',\"v\":0.038559683609328828}]"}, {"source": 12, "prod": 0, "target": 3, "value": 0.031195056029033795, "supply": "[{\"l\":'Labor',\"v\":0.031195056029033795}]"}, {"source": 12, "prod": 0, "target": 4, "value": 0.00052305593610049955, "supply": "[{\"l\":'Labor',\"v\":0.00052305593610049955}]"}, {"source": 12, "prod": 0, "target": 5, "value": 0.097487165370411105, "supply": "[{\"l\":'Labor',\"v\":0.097487165370411105}]"}, {"source": 12, "prod": 0, "target": 6, "value": 0.0095928458680831601, "supply": "[{\"l\":'Labor',\"v\":0.0095928458680831601}]"}]}