{"nodes": [{"layer": 3, "name": "Rye"}, {"layer": 5, "name": "Production", "fill": "#b5cf6b"}, {"layer": 3, "name": "Fruits, Other"}, {"layer": 3, "name": "Barley"}, {"layer": 3, "name": "Tomatoes"}, {"layer": 3, "name": "Cereals, Other"}, {"layer": 3, "name": "Wheat"}, {"layer": 3, "name": "Vegetables, Other"}, {"layer": 3, "name": "Peas"}, {"layer": 3, "name": "Oats"}, {"layer": 3, "name": "Potatoes"}, {"layer": 3, "name": "Beans"}, {"layer": 3, "name": "Apples"}, {"layer": 3, "name": "Sugar beet"}, {"layer": 3, "name": "Rape and Mustardseed"}, {"layer": 3, "name": "Onions"}, {"layer": 3, "name": "Pulses, Other"}, {"layer": 3, "name": "Oil Palm"}, {"layer": 1, "name": "Electricity", "fill": "#bcbd22"}, {"layer": 0, "name": "Fossil Fuels", "fill": "#c49c94"}, {"layer": 0, "name": "Renewables & Nuclear", "fill": "#2ca02c"}, {"layer": 1, "name": "Fertilizers", "fill": "#c5b0d5"}, {"layer": 0, "name": "Labor", "fill": "#7f7f7f"}], "links": [{"source": 0, "prod": 192.0, "target": 1, "value": 0.64374977898890107, "supply": [{"l": "Rye", "v": 0.64374977898890107}]}, {"source": 2, "prod": 69.0, "target": 1, "value": 0.038131465934805452, "supply": [{"l": "Fruits, Other", "v": 0.038131465934805452}]}, {"source": 3, "prod": 2346.0, "target": 1, "value": 6.224255675598938, "supply": [{"l": "Barley", "v": 6.224255675598938}]}, {"source": 4, "prod": 13.0, "target": 1, "value": 0.0028832401547100317, "supply": [{"l": "Tomatoes", "v": 0.0028832401547100317}]}, {"source": 5, "prod": 148.0, "target": 1, "value": 0.6282624654654001, "supply": [{"l": "Cereals, Other", "v": 0.6282624654654001}]}, {"source": 6, "prod": 1003.0, "target": 1, "value": 3.3596028485630467, "supply": [{"l": "Wheat", "v": 3.3596028485630467}]}, {"source": 7, "prod": 206.0, "target": 1, "value": 0.05685110962337056, "supply": [{"l": "Vegetables, Other", "v": 0.05685110962337056}]}, {"source": 8, "prod": 9.0, "target": 1, "value": 0.037456029340147058, "supply": [{"l": "Peas", "v": 0.037456029340147058}]}, {"source": 9, "prod": 1524.0, "target": 1, "value": 4.4215360562940216, "supply": [{"l": "Oats", "v": 4.4215360562940216}]}, {"source": 10, "prod": 1284.0, "target": 1, "value": 0.99984826328740573, "supply": [{"l": "Potatoes", "v": 0.99984826328740573}]}, {"source": 11, "prod": 2.0, "target": 1, "value": 0.0073826376670434787, "supply": [{"l": "Beans", "v": 0.0073826376670434787}]}, {"source": 12, "prod": 171.0, "target": 1, "value": 0.096521419056745009, "supply": [{"l": "Apples", "v": 0.096521419056745009}]}, {"source": 13, "prod": 2206.0, "target": 1, "value": 2.5638622173200001, "supply": [{"l": "Sugar beet", "v": 2.5638622173200001}]}, {"source": 14, "prod": 303.0, "target": 1, "value": 0.35215333266000004, "supply": [{"l": "Rape and Mustardseed", "v": 0.35215333266000004}]}, {"source": 15, "prod": 11.0, "target": 1, "value": 0.0047648146167397964, "supply": [{"l": "Onions", "v": 0.0047648146167397964}]}, {"source": 16, "prod": 19.0, "target": 1, "value": 0.076360062970366863, "supply": [{"l": "Pulses, Other", "v": 0.076360062970366863}]}, {"source": 17, "prod": 9.8723404255319007, "target": 1, "value": 0.041908249565259514, "supply": [{"l": "Oil Palm", "v": 0.041908249565259514}]}, {"source": 18, "prod": 0, "target": 16, "value": 7.0683423834078565e-05, "supply": "[{\"l\":'Energy for power irrigation',\"v\":7.0683423834078565e-05}]"}, {"source": 18, "prod": 0, "target": 5, "value": 0.00052659150756388532, "supply": "[{\"l\":'Energy for power irrigation',\"v\":0.00052659150756388532}]"}, {"source": 18, "prod": 0, "target": 7, "value": 0.00097543124891028411, "supply": "[{\"l\":'Energy for power irrigation',\"v\":0.00097543124891028411}]"}, {"source": 18, "prod": 0, "target": 6, "value": 0.0039529704779208436, "supply": "[{\"l\":'Energy for power irrigation',\"v\":0.0039529704779208436}]"}, {"source": 18, "prod": 0, "target": 9, "value": 0.0054868007751203481, "supply": "[{\"l\":'Energy for power irrigation',\"v\":0.0054868007751203481}]"}, {"source": 18, "prod": 0, "target": 10, "value": 0.0047852677935671184, "supply": "[{\"l\":'Energy for power irrigation',\"v\":0.0047852677935671184}]"}, {"source": 18, "prod": 0, "target": 0, "value": 0.00082876314445457107, "supply": "[{\"l\":'Energy for power irrigation',\"v\":0.00082876314445457107}]"}, {"source": 18, "prod": 0, "target": 2, "value": 0.00047004476849662243, "supply": "[{\"l\":'Energy for power irrigation',\"v\":0.00047004476849662243}]"}, {"source": 18, "prod": 0, "target": 8, "value": 3.3574626321187318e-05, "supply": "[{\"l\":'Energy for power irrigation',\"v\":3.3574626321187318e-05}]"}, {"source": 18, "prod": 0, "target": 17, "value": 1.7445270563304471e-05, "supply": "[{\"l\":'Energy for power irrigation',\"v\":1.7445270563304471e-05}]"}, {"source": 18, "prod": 0, "target": 11, "value": 1.0602513575111784e-05, "supply": "[{\"l\":'Energy for power irrigation',\"v\":1.0602513575111784e-05}]"}, {"source": 18, "prod": 0, "target": 3, "value": 0.0083406440124212701, "supply": "[{\"l\":'Energy for power irrigation',\"v\":0.0083406440124212701}]"}, {"source": 18, "prod": 0, "target": 13, "value": 0.0078016829056864207, "supply": "[{\"l\":'Energy for power irrigation',\"v\":0.0078016829056864207}]"}, {"source": 18, "prod": 0, "target": 14, "value": 0.0011927827772000759, "supply": "[{\"l\":'Energy for power irrigation',\"v\":0.0011927827772000759}]"}, {"source": 18, "prod": 0, "target": 15, "value": 6.3615081450670705e-05, "supply": "[{\"l\":'Energy for power irrigation',\"v\":6.3615081450670705e-05}]"}, {"source": 18, "prod": 0, "target": 4, "value": 0.00016964021720178855, "supply": "[{\"l\":'Energy for power irrigation',\"v\":0.00016964021720178855}]"}, {"source": 18, "prod": 0, "target": 12, "value": 0.00072273800870345333, "supply": "[{\"l\":'Energy for power irrigation',\"v\":0.00072273800870345333}]"}, {"source": 19, "prod": 0, "target": 18, "value": 0.012847552155958009, "supply": [{"l": "Coal", "v": 0.00020872466093476086}, {"l": "Natural gas", "v": 0.0}, {"l": "Oil", "v": 0.012638827495023248}]}, {"source": 20, "prod": 0, "target": 18, "value": 0.031966420364628247, "supply": [{"l": "Nuclear", "v": 0.0081553794054690914}, {"l": "Hydroelectric", "v": 0.023676532824091056}, {"l": "Renewable", "v": 0.00013450813506810089}]}, {"source": 19, "prod": 0, "target": 16, "value": 0.021672912727690979, "supply": [{"l": "Gas-Diesel oil", "v": 0.012486356722939766}, {"l": "Natural gas (including LNG)", "v": 5.0083956985548879e-05}, {"l": "Fuel oil", "v": 0.0036378002629205695}, {"l": "Liquefied petroleum gas (LPG)", "v": 5.0403641817371526e-05}, {"l": "Coal", "v": 0.00059567940329620904}, {"l": "Other fossil fuels", "v": 0.0048525887397315145}]}, {"source": 19, "prod": 0, "target": 5, "value": 0.16146319982129778, "supply": [{"l": "Gas-Diesel oil", "v": 0.093023357585901259}, {"l": "Natural gas (including LNG)", "v": 0.00037312547954233914}, {"l": "Fuel oil", "v": 0.027101611958758244}, {"l": "Liquefied petroleum gas (LPG)", "v": 0.00037550713153941789}, {"l": "Coal", "v": 0.0044378115545567571}, {"l": "Other fossil fuels", "v": 0.036151786110999784}]}, {"source": 19, "prod": 0, "target": 7, "value": 0.29908619564213551, "supply": [{"l": "Gas-Diesel oil", "v": 0.17231172277656875}, {"l": "Natural gas (including LNG)", "v": 0.00069115860640057449}, {"l": "Fuel oil", "v": 0.050201643628303858}, {"l": "Liquefied petroleum gas (LPG)", "v": 0.00069557025707972704}, {"l": "Coal", "v": 0.0082203757654876839}, {"l": "Other fossil fuels", "v": 0.066965724608294891}]}, {"source": 19, "prod": 0, "target": 6, "value": 1.212057644296118, "supply": [{"l": "Gas-Diesel oil", "v": 0.69829949973040639}, {"l": "Natural gas (including LNG)", "v": 0.0028009452944168212}, {"l": "Fuel oil", "v": 0.20344397970383285}, {"l": "Liquefied petroleum gas (LPG)", "v": 0.0028188236686365028}, {"l": "Coal", "v": 0.033313370629340491}, {"l": "Other fossil fuels", "v": 0.27138102526948493}]}, {"source": 19, "prod": 0, "target": 9, "value": 1.6823598504870121, "supply": [{"l": "Gas-Diesel oil", "v": 0.96925344061819929}, {"l": "Natural gas (including LNG)", "v": 0.0038877671610032315}, {"l": "Fuel oil", "v": 0.2823842454092092}, {"l": "Liquefied petroleum gas (LPG)", "v": 0.003912582696073464}, {"l": "Coal", "v": 0.046239613680868222}, {"l": "Other fossil fuels", "v": 0.37668220092165877}]}, {"source": 19, "prod": 0, "target": 10, "value": 1.4672561916646791, "supply": [{"l": "Gas-Diesel oil", "v": 0.84532635014302204}, {"l": "Natural gas (including LNG)", "v": 0.0033906838879216587}, {"l": "Fuel oil", "v": 0.24627907779972255}, {"l": "Liquefied petroleum gas (LPG)", "v": 0.0034123265510360521}, {"l": "Coal", "v": 0.040327495603153345}, {"l": "Other fossil fuels", "v": 0.32852025767982346}]}, {"source": 19, "prod": 0, "target": 0, "value": 0.25411490173217671, "supply": [{"l": "Gas-Diesel oil", "v": 0.14640253257646874}, {"l": "Natural gas (including LNG)", "v": 0.00058723439565556057}, {"l": "Fuel oil", "v": 0.042653208082743678}, {"l": "Liquefied petroleum gas (LPG)", "v": 0.00059098270030868104}, {"l": "Coal", "v": 0.0069843410036480496}, {"l": "Other fossil fuels", "v": 0.056896602973352001}]}, {"source": 19, "prod": 0, "target": 2, "value": 0.144124869639145, "supply": [{"l": "Gas-Diesel oil", "v": 0.083034272207549442}, {"l": "Natural gas (including LNG)", "v": 0.00033305831395390005}, {"l": "Fuel oil", "v": 0.02419137174842179}, {"l": "Liquefied petroleum gas (LPG)", "v": 0.00033518421808552065}, {"l": "Coal", "v": 0.0039612680319197902}, {"l": "Other fossil fuels", "v": 0.032269715119214573}]}, {"source": 19, "prod": 0, "target": 8, "value": 0.010294633545653215, "supply": [{"l": "Gas-Diesel oil", "v": 0.0059310194433963891}, {"l": "Natural gas (including LNG)", "v": 2.3789879568135718e-05}, {"l": "Fuel oil", "v": 0.0017279551248872706}, {"l": "Liquefied petroleum gas (LPG)", "v": 2.3941729863251474e-05}, {"l": "Coal", "v": 0.00028294771656569927}, {"l": "Other fossil fuels", "v": 0.0023049796513724694}]}, {"source": 19, "prod": 0, "target": 17, "value": 0.0053490593115152127, "supply": [{"l": "Gas-Diesel oil", "v": 0.003081739106087257}, {"l": "Natural gas (including LNG)", "v": 1.2361146830475876e-05}, {"l": "Fuel oil", "v": 0.00089784006489103299}, {"l": "Liquefied petroleum gas (LPG)", "v": 1.2440047767691677e-05}, {"l": "Coal", "v": 0.00014701874634544712}, {"l": "Other fossil fuels", "v": 0.0011976601995933082}]}, {"source": 19, "prod": 0, "target": 11, "value": 0.0032509369091536467, "supply": [{"l": "Gas-Diesel oil", "v": 0.0018729535084409648}, {"l": "Natural gas (including LNG)", "v": 7.5125935478323321e-06}, {"l": "Fuel oil", "v": 0.00054567003943808545}, {"l": "Liquefied petroleum gas (LPG)", "v": 7.5605462726057285e-06}, {"l": "Coal", "v": 8.9351910494431347e-05}, {"l": "Other fossil fuels", "v": 0.00072788831095972715}]}, {"source": 19, "prod": 0, "target": 3, "value": 2.5574037018675355, "supply": [{"l": "Gas-Diesel oil", "v": 1.4733900933068924}, {"l": "Natural gas (including LNG)", "v": 0.0059099069242947678}, {"l": "Fuel oil", "v": 0.42926043102462724}, {"l": "Liquefied petroleum gas (LPG)", "v": 0.0059476297344498398}, {"l": "Coal", "v": 0.070290169588952664}, {"l": "Other fossil fuels", "v": 0.57260547128831873}]}, {"source": 19, "prod": 0, "target": 13, "value": 2.3921477423188917, "supply": [{"l": "Gas-Diesel oil", "v": 1.3781816232944766}, {"l": "Natural gas (including LNG)", "v": 0.0055280167522799573}, {"l": "Fuel oil", "v": 0.40152220401985783}, {"l": "Liquefied petroleum gas (LPG)", "v": 0.0055633019655923818}, {"l": "Coal", "v": 0.065748114138819064}, {"l": "Other fossil fuels", "v": 0.53560448214786582}]}, {"source": 19, "prod": 0, "target": 14, "value": 0.36573040227978532, "supply": [{"l": "Gas-Diesel oil", "v": 0.21070726969960857}, {"l": "Natural gas (including LNG)", "v": 0.0008451667741311374}, {"l": "Fuel oil", "v": 0.061387879436784615}, {"l": "Liquefied petroleum gas (LPG)", "v": 0.0008505614556681446}, {"l": "Coal", "v": 0.010052089930623528}, {"l": "Other fossil fuels", "v": 0.081887434982969312}]}, {"source": 19, "prod": 0, "target": 15, "value": 0.019505621454921879, "supply": [{"l": "Gas-Diesel oil", "v": 0.011237721050645789}, {"l": "Natural gas (including LNG)", "v": 4.5075561286993993e-05}, {"l": "Fuel oil", "v": 0.0032740202366285127}, {"l": "Liquefied petroleum gas (LPG)", "v": 4.5363277635634371e-05}, {"l": "Coal", "v": 0.00053611146296658806}, {"l": "Other fossil fuels", "v": 0.0043673298657583622}]}, {"source": 19, "prod": 0, "target": 4, "value": 0.052014990546458348, "supply": [{"l": "Gas-Diesel oil", "v": 0.029967256135055437}, {"l": "Natural gas (including LNG)", "v": 0.00012020149676531731}, {"l": "Fuel oil", "v": 0.0087307206310093671}, {"l": "Liquefied petroleum gas (LPG)", "v": 0.00012096874036169166}, {"l": "Coal", "v": 0.0014296305679109016}, {"l": "Other fossil fuels", "v": 0.011646212975355634}]}, {"source": 19, "prod": 0, "target": 12, "value": 0.22160553264064026, "supply": [{"l": "Gas-Diesel oil", "v": 0.1276729974920591}, {"l": "Natural gas (including LNG)", "v": 0.0005121084601772373}, {"l": "Fuel oil", "v": 0.037196507688362829}, {"l": "Liquefied petroleum gas (LPG)", "v": 0.00051537723758262384}, {"l": "Coal", "v": 0.006090821898703737}, {"l": "Other fossil fuels", "v": 0.049617719863754732}]}, {"source": 21, "prod": 0.9728034999367432, "target": 16, "value": 0.010659728413137228, "supply": [{"l": "Potash", "v": 0.31198938358292483}, {"l": "Phosphate", "v": 0.54382187543505744}, {"l": "Nitrogen", "v": 4.7016041287612822}]}, {"source": 21, "prod": 7.2473860745287375, "target": 5, "value": 0.079414976677872354, "supply": [{"l": "Potash", "v": 0.31198938358292483}, {"l": "Phosphate", "v": 0.54382187543505744}, {"l": "Nitrogen", "v": 4.7016041287612822}]}, {"source": 21, "prod": 13.424688299127055, "target": 7, "value": 0.14710425210129374, "supply": [{"l": "Potash", "v": 0.31198938358292483}, {"l": "Phosphate", "v": 0.54382187543505744}, {"l": "Nitrogen", "v": 4.7016041287612822}]}, {"source": 21, "prod": 54.404035733962367, "target": 6, "value": 0.59614531150469952, "supply": [{"l": "Potash", "v": 0.31198938358292483}, {"l": "Phosphate", "v": 0.54382187543505744}, {"l": "Nitrogen", "v": 4.7016041287612822}]}, {"source": 21, "prod": 75.513871682589695, "target": 9, "value": 0.82746141806977724, "supply": [{"l": "Potash", "v": 0.31198938358292483}, {"l": "Phosphate", "v": 0.54382187543505744}, {"l": "Nitrogen", "v": 4.7016041287612822}]}, {"source": 21, "prod": 65.858796945717515, "target": 10, "value": 0.72166361356939024, "supply": [{"l": "Potash", "v": 0.31198938358292483}, {"l": "Phosphate", "v": 0.54382187543505744}, {"l": "Nitrogen", "v": 4.7016041287612822}]}, {"source": 21, "prod": 11.406121036758313, "target": 0, "value": 0.12498531564403398, "supply": [{"l": "Potash", "v": 0.31198938358292483}, {"l": "Phosphate", "v": 0.54382187543505744}, {"l": "Nitrogen", "v": 4.7016041287612822}]}, {"source": 21, "prod": 6.4691432745793422, "target": 2, "value": 0.070887193947362565, "supply": [{"l": "Potash", "v": 0.31198938358292483}, {"l": "Phosphate", "v": 0.54382187543505744}, {"l": "Nitrogen", "v": 4.7016041287612822}]}, {"source": 21, "prod": 0.46208166246995303, "target": 8, "value": 0.0050633709962401834, "supply": [{"l": "Potash", "v": 0.31198938358292483}, {"l": "Phosphate", "v": 0.54382187543505744}, {"l": "Nitrogen", "v": 4.7016041287612822}]}, {"source": 21, "prod": 0.24009618296311075, "target": 17, "value": 0.0026309116934551419, "supply": [{"l": "Potash", "v": 0.31198938358292483}, {"l": "Phosphate", "v": 0.54382187543505744}, {"l": "Nitrogen", "v": 4.7016041287612822}]}, {"source": 21, "prod": 0.14592052499051147, "target": 11, "value": 0.0015989592619705842, "supply": [{"l": "Potash", "v": 0.31198938358292483}, {"l": "Phosphate", "v": 0.54382187543505744}, {"l": "Nitrogen", "v": 4.7016041287612822}]}, {"source": 21, "prod": 114.79081299253571, "target": 3, "value": 1.2578479527501929, "supply": [{"l": "Potash", "v": 0.31198938358292483}, {"l": "Phosphate", "v": 0.54382187543505744}, {"l": "Nitrogen", "v": 4.7016041287612822}]}, {"source": 21, "prod": 107.37318630551803, "target": 13, "value": 1.1765675236000215, "supply": [{"l": "Potash", "v": 0.31198938358292483}, {"l": "Phosphate", "v": 0.54382187543505744}, {"l": "Nitrogen", "v": 4.7016041287612822}]}, {"source": 21, "prod": 16.416059061432545, "target": 14, "value": 0.17988291697169073, "supply": [{"l": "Potash", "v": 0.31198938358292483}, {"l": "Phosphate", "v": 0.54382187543505744}, {"l": "Nitrogen", "v": 4.7016041287612822}]}, {"source": 21, "prod": 0.8755231499430689, "target": 15, "value": 0.0095937555718235042, "supply": [{"l": "Potash", "v": 0.31198938358292483}, {"l": "Phosphate", "v": 0.54382187543505744}, {"l": "Nitrogen", "v": 4.7016041287612822}]}, {"source": 21, "prod": 2.3347283998481836, "target": 4, "value": 0.025583348191529347, "supply": [{"l": "Potash", "v": 0.31198938358292483}, {"l": "Phosphate", "v": 0.54382187543505744}, {"l": "Nitrogen", "v": 4.7016041287612822}]}, {"source": 21, "prod": 9.9469157868532001, "target": 12, "value": 0.10899572302432815, "supply": [{"l": "Potash", "v": 0.31198938358292483}, {"l": "Phosphate", "v": 0.54382187543505744}, {"l": "Nitrogen", "v": 4.7016041287612822}]}, {"source": 19, "prod": 0, "target": 21, "value": 6.848023114739525, "supply": [{"l": "Natural gas (including LNG)", "v": 4.5748394353902198}, {"l": "Fuel oil", "v": 1.4420755393337834}, {"l": "Liquefied petroleum gas (LPG)", "v": 0.41555407000776101}, {"l": "Coal", "v": 0.41555407000776101}]}, {"source": 22, "prod": 0, "target": 16, "value": 0.00040849767999426968, "supply": "[{\"l\":'Labor',\"v\":0.00040849767999426968}]"}, {"source": 22, "prod": 0, "target": 5, "value": 0.0030433077159573094, "supply": "[{\"l\":'Labor',\"v\":0.0030433077159573094}]"}, {"source": 22, "prod": 0, "target": 7, "value": 0.0056372679839209218, "supply": "[{\"l\":'Labor',\"v\":0.0056372679839209218}]"}, {"source": 22, "prod": 0, "target": 6, "value": 0.022845232753679535, "supply": "[{\"l\":'Labor',\"v\":0.022845232753679535}]"}, {"source": 22, "prod": 0, "target": 9, "value": 0.031709632409555183, "supply": "[{\"l\":'Labor',\"v\":0.031709632409555183}]"}, {"source": 22, "prod": 0, "target": 10, "value": 0.027655292935612058, "supply": "[{\"l\":'Labor',\"v\":0.027655292935612058}]"}, {"source": 22, "prod": 0, "target": 0, "value": 0.0047896352979328117, "supply": "[{\"l\":'Labor',\"v\":0.0047896352979328117}]"}, {"source": 22, "prod": 0, "target": 2, "value": 0.0027165095719618938, "supply": "[{\"l\":'Labor',\"v\":0.0027165095719618938}]"}, {"source": 22, "prod": 0, "target": 8, "value": 0.00019403639799727812, "supply": "[{\"l\":'Labor',\"v\":0.00019403639799727812}]"}, {"source": 22, "prod": 0, "target": 17, "value": 0.00010082070399858557, "supply": "[{\"l\":'Labor',\"v\":0.00010082070399858557}]"}, {"source": 22, "prod": 0, "target": 11, "value": 6.1274651999140451e-05, "supply": "[{\"l\":'Labor',\"v\":6.1274651999140451e-05}]"}, {"source": 22, "prod": 0, "target": 3, "value": 0.048202726239323826, "supply": "[{\"l\":'Labor',\"v\":0.048202726239323826}]"}, {"source": 22, "prod": 0, "target": 13, "value": 0.045087931429367518, "supply": "[{\"l\":'Labor',\"v\":0.045087931429367518}]"}, {"source": 22, "prod": 0, "target": 14, "value": 0.0068933983499033019, "supply": "[{\"l\":'Labor',\"v\":0.0068933983499033019}]"}, {"source": 22, "prod": 0, "target": 15, "value": 0.00036764791199484274, "supply": "[{\"l\":'Labor',\"v\":0.00036764791199484274}]"}, {"source": 22, "prod": 0, "target": 4, "value": 0.00098039443198624722, "supply": "[{\"l\":'Labor',\"v\":0.00098039443198624722}]"}, {"source": 22, "prod": 0, "target": 12, "value": 0.0041768887779414076, "supply": "[{\"l\":'Labor',\"v\":0.0041768887779414076}]"}]}