{"nodes": [{"name": "Balance", "fill": "#9edae5"}, {"name": "Food", "fill": "#b5cf6b"}, {"name": "Stock Deposit", "fill": "#c7c7c7"}, {"name": "Export", "fill": "#aec7e8"}, {"name": "Biofuels & Other", "fill": "#e7ba52"}, {"name": "Renewables & Nuclear", "fill": "#2ca02c"}, {"name": "Fossil Fuels", "fill": "#c49c94"}, {"name": "Stock Draw", "fill": "#c7c7c7"}, {"name": "Labor", "fill": "#7f7f7f"}], "links": [{"source": 0, "target": 1, "value": 10.546460483938013}, {"source": 0, "target": 2, "value": 1.2928183961104645}, {"source": 0, "target": 3, "value": 5.3567376552375832}, {"source": 0, "target": 4, "value": 0.86840068985278906}, {"source": 5, "target": 0, "value": 4.8138655560745569}, {"source": 6, "target": 0, "value": 21.991641404392769}, {"source": 7, "target": 0, "value": 0.70553749257397147}, {"source": 8, "target": 0, "value": 0.21178224842080931}]}