{"nodes": [{"layer": 13, "name": "Other Processed", "fill": "#9c9ede"}, {"layer": 10, "name": "Feed", "fill": "#dbdb8d"}, {"layer": 13, "name": "Animal Products", "fill": "#17becf"}, {"layer": 5, "name": "Cereals", "fill": "#e7ba52"}, {"layer": 5, "name": "Oilcrops", "fill": "#ff9896"}, {"layer": 5, "name": "Fruits, Roots & Vegetables", "fill": "#98df8a"}, {"layer": 13, "name": "Aquatic Products", "fill": "#1f77b4"}, {"layer": 16, "name": "Food", "fill": "#b5cf6b"}, {"layer": 13, "name": "Sugar", "fill": "#d6616b"}, {"layer": 13, "name": "Vegetable Oils", "fill": "#f7b6d2"}, {"layer": 10, "name": "Processing", "fill": "#9edae5"}, {"layer": 5, "name": "Sugar Crops", "fill": "#ffbb78"}, {"layer": 16, "name": "Biofuels & Other", "fill": "#e7ba52"}, {"name": "Waste", "fill": "#c7c7c7"}, {"layer": 2, "name": "Import", "fill": "#aec7e8"}, {"layer": 16, "name": "Export", "fill": "#aec7e8"}, {"layer": 0, "name": "Stock Draw", "fill": "#c7c7c7"}, {"layer": 16, "name": "Stock Deposit", "fill": "#c7c7c7"}, {"layer": 2, "name": "Electricity", "fill": "#bcbd22"}, {"layer": 0, "name": "Fossil Fuels", "fill": "#c49c94"}, {"layer": 0, "name": "Renewables & Nuclear", "fill": "#2ca02c"}, {"layer": 2, "name": "Fertilizers", "fill": "#c5b0d5"}, {"layer": 0, "name": "Labor", "fill": "#7f7f7f"}], "links": [{"source": 0, "prod": 10.0, "target": 1, "value": 0.10612541646375, "supply": [{"l": "Fish, Body Oil", "v": 0.10612541646375}]}, {"source": 2, "prod": 207.0, "target": 1, "value": 0.10658816274906807, "supply": [{"l": "Milk - Excluding Butter", "v": 0.10658816274906807}]}, {"source": 3, "prod": 3446.0, "target": 1, "value": 10.614000375976572, "supply": [{"l": "Maize", "v": 0.25293224257193758}, {"l": "Wheat", "v": 0.48740883517467559}, {"l": "Oats", "v": 2.5988517914910529}, {"l": "Rye", "v": 0.12371606768582363}, {"l": "Millet", "v": 0.0034405956935736302}, {"l": "Barley", "v": 6.611613445691626}, {"l": "Cereals, Other", "v": 0.53603739766788239}]}, {"source": 4, "prod": 43.0, "target": 1, "value": 0.049975555460000001, "supply": [{"l": "Rape and Mustardseed", "v": 0.049975555460000001}]}, {"source": 5, "prod": 75.0, "target": 1, "value": 0.15147949170958297, "supply": [{"l": "Potatoes", "v": 0.036751442017365625}, {"l": "Peas", "v": 0.0081634935741346157}, {"l": "Pulses, Other", "v": 0.10656455611808274}]}, {"source": 6, "prod": 994.0, "target": 1, "value": 1.2987888146478033, "supply": [{"l": "Pelagic Fish", "v": 0.78646329698355033}, {"l": "Fish, Seafood", "v": 0.51232551766425294}]}, {"source": 0, "prod": 666.0, "target": 7, "value": 1.2687986633705768, "supply": [{"l": "Beer", "v": 0.22238696718915105}, {"l": "Beverages, Alcoholic", "v": 0.18958946580290978}, {"l": "Fats, Animals, Raw", "v": 0.19310038183629699}, {"l": "Butter, Ghee", "v": 0.44864763216968812}, {"l": "Wine", "v": 0.063466478567173773}, {"l": "Beverages, Fermented", "v": 0.0037901934451339291}, {"l": "Cream", "v": 0.14781754436022324}]}, {"source": 2, "prod": 3765.0, "target": 7, "value": 2.7944555499358898, "supply": [{"l": "Meat, Other", "v": 0.034707683371792447}, {"l": "Poultry Meat", "v": 0.066964746181923426}, {"l": "Eggs", "v": 0.173338180224125}, {"l": "Mutton & Goat Meat", "v": 0.018728014670073529}, {"l": "Pigmeat", "v": 0.66708767400539659}, {"l": "Milk - Excluding Butter", "v": 1.6034567091816327}, {"l": "Offals, Edible", "v": 0.028756564461145166}, {"l": "Bovine Meat", "v": 0.2014159778398007}]}, {"source": 3, "prod": 699.0, "target": 7, "value": 2.1861787772901793, "supply": [{"l": "Maize", "v": 0.045987680467625011}, {"l": "Rye", "v": 0.4045849781076935}, {"l": "Barley", "v": 0.010612541646375}, {"l": "Rice", "v": 0.08316767331036734}, {"l": "Wheat", "v": 1.5787141516664016}, {"l": "Oats", "v": 0.063111752091716808}]}, {"source": 4, "prod": 12.0, "target": 7, "value": 0.025630026571364588, "supply": [{"l": "Olives", "v": 0.0023583425880833336}, {"l": "Coconuts - Incl Copra", "v": 0.014150055528500001}, {"l": "Groundnuts", "v": 0.0079594062347812505}, {"l": "Rape and Mustardseed", "v": 0.0011622222200000001}]}, {"source": 5, "prod": 1878.0, "target": 7, "value": 1.2121712811695127, "supply": [{"l": "Vegetables, Other", "v": 0.084852393965369866}, {"l": "Nuts", "v": 0.082184665948358576}, {"l": "Grapefruit", "v": 0.0036385857073285718}, {"l": "Tomatoes", "v": 0.017687569410625003}, {"l": "Pepper", "v": 0.0053062708231875}, {"l": "Treenuts", "v": 0.081362819288875024}, {"l": "Cocoa Beans", "v": 0.014043664133548872}, {"l": "Peas", "v": 0.016326987148269231}, {"l": "Grapes", "v": 0.028498013931524471}, {"l": "Pimento", "v": 0.0060643095122142861}, {"l": "Potatoes", "v": 0.46603956260318957}, {"l": "Coffee", "v": 0.056645178604956319}, {"l": "Beans", "v": 0.0084900333171}, {"l": "Apples", "v": 0.10947187994457558}, {"l": "Lemons, Limes", "v": 0.0027771137018551399}, {"l": "Pineapples", "v": 0.011073956500565219}, {"l": "Bananas", "v": 0.049223579280628503}, {"l": "Citrus, Other", "v": 0.0034866666600000002}, {"l": "Spices, Other", "v": 0.0032653974296538461}, {"l": "Tea", "v": 0.0027242619463339625}, {"l": "Fruits, Other", "v": 0.099141177323422536}, {"l": "Oranges, Mandarines", "v": 0.049462741393445156}, {"l": "Onions", "v": 0.010404452594485294}]}, {"source": 8, "prod": 370.0, "target": 7, "value": 1.3053426225041251, "supply": [{"l": "Sugar", "v": 1.2770425114471251}, {"l": "Sweeteners, Other", "v": 0.010612541646375}, {"l": "Honey", "v": 0.017687569410625003}]}, {"source": 6, "prod": 418.0, "target": 7, "value": 0.43828051431612236, "supply": [{"l": "Crustaceans", "v": 0.014400056509568906}, {"l": "Marine Fish, Other", "v": 0.014150055528500001}, {"l": "Demersal Fish", "v": 0.099050388699500017}, {"l": "Freshwater Fish", "v": 0.01099428774876259}, {"l": "Pelagic Fish", "v": 0.080703477155253653}, {"l": "Fish, Seafood", "v": 0.21544473479241219}, {"l": "Molluscs, Other", "v": 0.0035375138821250002}]}, {"source": 9, "prod": 131.0, "target": 7, "value": 1.311079032011857, "supply": [{"l": "Maize Germ Oil", "v": 0.0097961922889615409}, {"l": "Soyabean Oil", "v": 0.63173869957948814}, {"l": "Palm Oil", "v": 0.13272393856479117}, {"l": "Sunflowerseed Oil", "v": 0.041649220046150945}, {"l": "Rape and Mustard Oil", "v": 0.31110896543775413}, {"l": "Oilcrops Oil, Other", "v": 0.071495017407157899}, {"l": "Cottonseed Oil", "v": 0.079702353589102048}, {"l": "Palmkernel Oil", "v": 0.03286464509845162}]}, {"source": 5, "prod": 110.0, "target": 10, "value": 0.086014013232132314, "supply": [{"l": "Potatoes", "v": 0.086014013232132314}]}, {"source": 11, "prod": 2484.0, "target": 10, "value": 2.8869599944800002, "supply": [{"l": "Sugar beet", "v": 2.8869599944800002}]}, {"source": 3, "prod": 55.0, "target": 10, "value": 0.194563263516875, "supply": [{"l": "Barley", "v": 0.194563263516875}]}, {"source": 4, "prod": 321.0, "target": 10, "value": 0.44433198563189841, "supply": [{"l": "Sunflower seed", "v": 0.028594903880510419}, {"l": "Soyabeans", "v": 0.011886046643940001}, {"l": "Rape and Mustardseed", "v": 0.26382444393999999}, {"l": "Coconuts - Incl Copra", "v": 0.13049495654061111}, {"l": "Oilcrops, Other", "v": 0.0095316346268368071}, {"l": "Oil Palm", "v": 5.5511151231257827e-17}]}, {"source": 0, "prod": 84.0, "target": 12, "value": 0.33761623930603174, "supply": [{"l": "Alcohol, Non-Food", "v": 0.040624660299958447}, {"l": "Fats, Animals, Raw", "v": 0.25454141242057332}, {"l": "Fish, Body Oil", "v": 0.0424501665855}]}, {"source": 2, "prod": 59.0, "target": 12, "value": 0.030380200976787518, "supply": [{"l": "Milk - Excluding Butter", "v": 0.030380200976787518}]}, {"source": 3, "prod": 24.0, "target": 12, "value": 0.091208518601782376, "supply": [{"l": "Maize", "v": 0.088143054229614604}, {"l": "Wheat", "v": 0.0030654643721677705}]}, {"source": 5, "prod": 354.0, "target": 12, "value": 0.27680873349249852, "supply": [{"l": "Potatoes", "v": 0.27680873349249852}]}, {"source": 8, "prod": 5.0, "target": 12, "value": 0.01503443399903125, "supply": [{"l": "Sweeteners, Other", "v": 0.0079594062347812505}, {"l": "Sugar", "v": 0.0070750277642500003}]}, {"source": 9, "prod": 11.0, "target": 12, "value": 0.11413668850356995, "supply": [{"l": "Coconut Oil", "v": 0.087326056975885732}, {"l": "Oilcrops Oil, Other", "v": 0.026810631527684214}]}, {"source": 5, "prod": 95.0, "target": 5, "value": 0.09745099804199743, "supply": [{"l": "Potatoes", "v": 0.068811210585705856}, {"l": "Peas", "v": 0.012245240361201924}, {"l": "Pulses, Other", "v": 0.016394547095089654}]}, {"source": 2, "prod": 4.0, "target": 2, "value": 0.0065410634046839632, "supply": [{"l": "Eggs", "v": 0.0065410634046839632}]}, {"source": 3, "prod": 336.0, "target": 3, "value": 1.0171762657478796, "supply": [{"l": "Cereals, Other", "v": 0.043282522793058817}, {"l": "Wheat", "v": 0.20538611293524064}, {"l": "Barley", "v": 0.49171442961537504}, {"l": "Oats", "v": 0.23666907034393805}, {"l": "Rye", "v": 0.040124130060267119}]}, {"source": 5, "prod": 180.0, "target": 13, "value": 0.11634951621811448, "supply": [{"l": "Vegetables, Other", "v": 0.010642503649893846}, {"l": "Bananas", "v": 0.0028955046635663821}, {"l": "Treenuts", "v": 0.0032545127715550002}, {"l": "Potatoes", "v": 0.074284829609568809}, {"l": "Fruits, Other", "v": 0.005992049178888177}, {"l": "Nuts", "v": 0.0032873866379343436}, {"l": "Grapes", "v": 0.0015832229961958042}, {"l": "Oranges, Mandarines", "v": 0.00049962365043883987}, {"l": "Onions", "v": 0.00041617810377941178}, {"l": "Tomatoes", "v": 0.00088437847053125004}, {"l": "Apples", "v": 0.012609326485762634}]}, {"source": 11, "prod": 2.0, "target": 13, "value": 0.0023244444400000001, "supply": [{"l": "Sugar beet", "v": 0.0023244444400000001}]}, {"source": 2, "prod": 47.0, "target": 13, "value": 0.026441871430400256, "supply": [{"l": "Milk - Excluding Butter", "v": 0.023171339728058276}, {"l": "Eggs", "v": 0.0032705317023419816}]}, {"source": 3, "prod": 229.0, "target": 13, "value": 0.6930738232961926, "supply": [{"l": "Cereals, Other", "v": 0.026635398641882354}, {"l": "Wheat", "v": 0.13181496800321413}, {"l": "Oats", "v": 0.16454135366769027}, {"l": "Rye", "v": 0.023405742535155826}, {"l": "Barley", "v": 0.34667636044825001}]}, {"source": 14, "prod": 1371.0, "target": 1, "value": 1.5881848863842898, "supply": [{"l": "Freshwater Fish", "v": 0.0064133345201115109}, {"l": "Meat, Other", "v": 0.0040047326967452826}, {"l": "Crustaceans", "v": 0.014400056509568906}, {"l": "Eggs", "v": 0.0016352658511709908}, {"l": "Marine Fish, Other", "v": 0.0076192606691923067}, {"l": "Demersal Fish", "v": 0.0594302332197}, {"l": "Mutton & Goat Meat", "v": 0.0031213357783455888}, {"l": "Pigmeat", "v": 0.020283071169083001}, {"l": "Milk - Excluding Butter", "v": 0.086506334984750896}, {"l": "Pelagic Fish", "v": 0.76430940129387281}, {"l": "Fish, Seafood", "v": 0.61025494256989488}, {"l": "Molluscs, Other", "v": 0.0035375138821250002}, {"l": "Bovine Meat", "v": 0.0066694032397285009}]}, {"source": 14, "prod": 308.0, "target": 10, "value": 1.7249059786098484, "supply": [{"l": "Sugar", "v": 0.12027547199225001}, {"l": "Maize Germ Oil", "v": 0.0097961922889615409}, {"l": "Beer", "v": 0.012005466095044146}, {"l": "Groundnut Oil", "v": 0.02122508329275}, {"l": "Beverages, Alcoholic", "v": 0.068941623928330836}, {"l": "Soyabean Oil", "v": 0.67184909320358277}, {"l": "Palm Oil", "v": 0.14293347230054432}, {"l": "Sunflowerseed Oil", "v": 0.020824610023075472}, {"l": "Coconut Oil", "v": 0.10915757121985717}, {"l": "Rape and Mustard Oil", "v": 0.020071546157274456}, {"l": "Oilcrops Oil, Other", "v": 0.15192691199021055}, {"l": "Wine", "v": 0.063466478567173773}, {"l": "Sweeteners, Other", "v": 0.02387821870434375}, {"l": "Beverages, Fermented", "v": 0.0037901934451339291}, {"l": "Fish, Body Oil", "v": 0.084900333171}, {"l": "Honey", "v": 0.010612541646375}, {"l": "Cottonseed Oil", "v": 0.079702353589102048}, {"l": "Palmkernel Oil", "v": 0.10954881699483872}]}, {"source": 14, "prod": 329.0, "target": 3, "value": 1.1507518935350618, "supply": [{"l": "Maize", "v": 0.38706297726917716}, {"l": "Rye", "v": 0.043467807565289382}, {"l": "Barley", "v": 0.27946359668787502}, {"l": "Rice", "v": 0.087326056975885719}, {"l": "Cereals, Other", "v": 0.0066588496604705885}, {"l": "Wheat", "v": 0.34333200968279032}, {"l": "Millet", "v": 0.0034405956935736302}]}, {"source": 14, "prod": 1146.0, "target": 5, "value": 0.75132822850101033, "supply": [{"l": "Nuts", "v": 0.085472052586292924}, {"l": "Tomatoes", "v": 0.016361001704828126}, {"l": "Coffee", "v": 0.057724134387907869}, {"l": "Treenuts", "v": 0.084617332060430026}, {"l": "Vegetables, Other", "v": 0.042282379365794466}, {"l": "Peas", "v": 0.012245240361201924}, {"l": "Grapes", "v": 0.030872848425818181}, {"l": "Cocoa Beans", "v": 0.019150451091203009}, {"l": "Potatoes", "v": 0.12589323754884821}, {"l": "Pimento", "v": 0.0060643095122142861}, {"l": "Pepper", "v": 0.0053062708231875}, {"l": "Beans", "v": 0.00424501665855}, {"l": "Apples", "v": 0.0401205842728811}, {"l": "Lemons, Limes", "v": 0.0027771137018551399}, {"l": "Pineapples", "v": 0.011073956500565219}, {"l": "Bananas", "v": 0.052119083944194886}, {"l": "Citrus, Other", "v": 0.0034866666600000002}, {"l": "Spices, Other", "v": 0.0032653974296538461}, {"l": "Tea", "v": 0.0027242619463339625}, {"l": "Fruits, Other", "v": 0.076262444094940415}, {"l": "Infant food", "v": 0.0023244444400000001}, {"l": "Grapefruit", "v": 0.0036385857073285718}, {"l": "Oranges, Mandarines", "v": 0.052960106946517031}, {"l": "Onions", "v": 0.0062426715566911775}, {"l": "Pulses, Other", "v": 0.0040986367737724134}]}, {"source": 14, "prod": 112.0, "target": 4, "value": 0.22793528812899208, "supply": [{"l": "Olives", "v": 0.0023583425880833336}, {"l": "Sunflower seed", "v": 0.028594903880510419}, {"l": "Coconuts - Incl Copra", "v": 0.14621724046116666}, {"l": "Groundnuts", "v": 0.0079594062347812505}, {"l": "Oilcrops, Other", "v": 0.028594903880510419}, {"l": "Soyabeans", "v": 0.011886046643940001}, {"l": "Rape and Mustardseed", "v": 0.0023244444400000001}]}, {"source": 14, "prod": 2.0, "target": 11, "value": 0.0023244444400000001, "supply": [{"l": "Sugar beet", "v": 0.0023244444400000001}]}, {"source": 0, "prod": 32.0, "target": 15, "value": 0.26178287160351332, "supply": [{"l": "Beer", "v": 0.0011433777233375375}, {"l": "Beverages, Alcoholic", "v": 0.0034470811964165417}, {"l": "Fats, Animals, Raw", "v": 0.13165935125202069}, {"l": "Butter, Ghee", "v": 0.083082894846238542}, {"l": "Fish, Body Oil", "v": 0.0424501665855}]}, {"source": 2, "prod": 295.0, "target": 15, "value": 0.22947162950920788, "supply": [{"l": "Meat, Other", "v": 0.0013349108989150942}, {"l": "Eggs", "v": 0.0049057975535129724}, {"l": "Pigmeat", "v": 0.074371260953304347}, {"l": "Milk - Excluding Butter", "v": 0.1230655598890206}, {"l": "Bovine Meat", "v": 0.017340448423294103}, {"l": "Poultry Meat", "v": 0.0029762109414188192}, {"l": "Offals, Edible", "v": 0.0054774408497419358}]}, {"source": 3, "prod": 941.0, "target": 15, "value": 2.7711510352215867, "supply": [{"l": "Rye", "v": 0.050155162575333902}, {"l": "Barley", "v": 0.78886559571387505}, {"l": "Cereals, Other", "v": 0.0033294248302352942}, {"l": "Wheat", "v": 1.3089532869156379}, {"l": "Oats", "v": 0.6198475651865043}]}, {"source": 4, "prod": 90.0, "target": 15, "value": 0.12302798143914756, "supply": [{"l": "Coconuts - Incl Copra", "v": 0.0015722283920555555}, {"l": "Rape and Mustardseed", "v": 0.097626666479999999}, {"l": "Oilcrops, Other", "v": 0.023829086567092012}]}, {"source": 5, "prod": 77.0, "target": 15, "value": 0.046821603522717498, "supply": [{"l": "Vegetables, Other", "v": 0.0089166922472083583}, {"l": "Nuts", "v": 0.0032873866379343436}, {"l": "Coffee", "v": 0.001078955782951549}, {"l": "Treenuts", "v": 0.0032545127715550002}, {"l": "Cocoa Beans", "v": 0.005106786957654136}, {"l": "Grapes", "v": 0.00079161149809790212}, {"l": "Potatoes", "v": 0.0054736190238629653}, {"l": "Apples", "v": 0.0017194536116949045}, {"l": "Fruits, Other", "v": 0.0054473174353528876}, {"l": "Infant food", "v": 0.0046488888800000003}, {"l": "Oranges, Mandarines", "v": 0.0029977419026330394}, {"l": "Pulses, Other", "v": 0.0040986367737724134}]}, {"source": 8, "prod": 29.0, "target": 15, "value": 0.098166010228968745, "supply": [{"l": "Sugar", "v": 0.084900333171}, {"l": "Sweeteners, Other", "v": 0.01326567705796875}]}, {"source": 6, "prod": 290.0, "target": 15, "value": 0.35905116207270515, "supply": [{"l": "Crustaceans", "v": 0.0024000094182614843}, {"l": "Marine Fish, Other", "v": 0.0021769316197692307}, {"l": "Freshwater Fish", "v": 0.0027485719371906476}, {"l": "Fish, Seafood", "v": 0.14947122748755873}, {"l": "Pelagic Fish", "v": 0.1772311655174198}, {"l": "Demersal Fish", "v": 0.025023256092505268}]}, {"source": 9, "prod": 70.0, "target": 15, "value": 0.7246832673466379, "supply": [{"l": "Groundnut Oil", "v": 0.02122508329275}, {"l": "Soyabean Oil", "v": 0.080220787248188971}, {"l": "Palm Oil", "v": 0.010209533735753167}, {"l": "Coconut Oil", "v": 0.15282059970780001}, {"l": "Rape and Mustard Oil", "v": 0.30107319235911689}, {"l": "Oilcrops Oil, Other", "v": 0.071495017407157899}, {"l": "Palmkernel Oil", "v": 0.087639053595870972}]}, {"source": 16, "prod": 31.0, "target": 4, "value": 0.0396324839134184, "supply": [{"l": "Rape and Mustardseed", "v": 0.034866666599999999}, {"l": "Oilcrops, Other", "v": 0.0047658173134184035}]}, {"source": 3, "prod": 330.0, "target": 17, "value": 0.93294608694310044, "supply": [{"l": "Cereals, Other", "v": 0.013317699320941177}, {"l": "Oats", "v": 0.41022638859615923}, {"l": "Barley", "v": 0.50940199902600003}]}, {"source": 5, "prod": 69.0, "target": 17, "value": 0.053954244663792082, "supply": [{"l": "Potatoes", "v": 0.053954244663792082}]}, {"source": 9, "prod": 27.0, "target": 17, "value": 0.27096587312320519, "supply": [{"l": "Rape and Mustard Oil", "v": 0.27096587312320519}]}, {"source": 16, "prod": 11.0, "target": 10, "value": 0.12442578355474311, "supply": [{"l": "Soyabean Oil", "v": 0.050137992030118116}, {"l": "Fish, Body Oil", "v": 0.053062708231874998}, {"l": "Groundnut Oil", "v": 0.02122508329275}]}, {"source": 8, "prod": 21.0, "target": 17, "value": 0.074287791524625002, "supply": [{"l": "Sugar", "v": 0.074287791524625002}]}, {"source": 16, "prod": 35.0, "target": 3, "value": 0.10784767929158096, "supply": [{"l": "Wheat", "v": 0.10116032428153643}, {"l": "Rye", "v": 0.0066873550100445198}]}, {"source": 1, "prod": 1702.0, "target": 6, "value": 2.0961204910366309, "supply": [{"l": "Pelagic Fish", "v": 1.0443979396562237}, {"l": "Crustaceans", "v": 0.016800065927830392}, {"l": "Freshwater Fish", "v": 0.013742859685953238}, {"l": "Molluscs, Other", "v": 0.0035375138821250002}, {"l": "Demersal Fish", "v": 0.12407364479200528}, {"l": "Fish, Seafood", "v": 0.87724147994422386}, {"l": "Marine Fish, Other", "v": 0.016326987148269231}]}, {"source": 1, "prod": 4373.0, "target": 2, "value": 3.187337414601354, "supply": [{"l": "Poultry Meat", "v": 0.069940957123342251}, {"l": "Pigmeat", "v": 0.74145893495870097}, {"l": "Bovine Meat", "v": 0.2187564262630948}, {"l": "Eggs", "v": 0.18805557288466393}, {"l": "Milk - Excluding Butter", "v": 1.8866619725245672}, {"l": "Offals, Edible", "v": 0.034234005310887099}, {"l": "Meat, Other", "v": 0.036042594270707544}, {"l": "Mutton & Goat Meat", "v": 0.018728014670073529}]}, {"source": 10, "prod": 792.0, "target": 0, "value": 1.9743231907438719, "supply": [{"l": "Fats, Animals, Raw", "v": 0.579301145508891}, {"l": "Alcohol, Non-Food", "v": 0.040624660299958447}, {"l": "Beverages, Fermented", "v": 0.0037901934451339291}, {"l": "Fish, Body Oil", "v": 0.19102574963475}, {"l": "Beer", "v": 0.22353034491248858}, {"l": "Beverages, Alcoholic", "v": 0.19303654699932632}, {"l": "Cream", "v": 0.14781754436022324}, {"l": "Butter, Ghee", "v": 0.53173052701592671}, {"l": "Wine", "v": 0.063466478567173773}]}, {"source": 10, "prod": 239.0, "target": 9, "value": 2.4208648609852701, "supply": [{"l": "Soyabean Oil", "v": 0.71195948682767707}, {"l": "Coconut Oil", "v": 0.24014665668368573}, {"l": "Cottonseed Oil", "v": 0.079702353589102048}, {"l": "Rape and Mustard Oil", "v": 0.88314803092007621}, {"l": "Maize Germ Oil", "v": 0.0097961922889615409}, {"l": "Groundnut Oil", "v": 0.02122508329275}, {"l": "Palm Oil", "v": 0.14293347230054435}, {"l": "Palmkernel Oil", "v": 0.12050369869432259}, {"l": "Oilcrops Oil, Other", "v": 0.16980066634200003}, {"l": "Sunflowerseed Oil", "v": 0.041649220046150945}]}, {"source": 10, "prod": 425.0, "target": 8, "value": 1.49283085825675, "supply": [{"l": "Honey", "v": 0.017687569410625003}, {"l": "Sweeteners, Other", "v": 0.031837624939125002}, {"l": "Sugar", "v": 1.4433056639070001}]}, {"source": 18, "prod": 0, "target": 5, "value": 0.0087312306148218752, "supply": "[{\"l\":'Energy for power irrigation',\"v\":0.0087312306148218752}]"}, {"source": 18, "prod": 0, "target": 11, "value": 0.0095877631806594622, "supply": "[{\"l\":'Energy for power irrigation',\"v\":0.0095877631806594622}]"}, {"source": 18, "prod": 0, "target": 3, "value": 0.022678821720690669, "supply": "[{\"l\":'Energy for power irrigation',\"v\":0.022678821720690669}]"}, {"source": 18, "prod": 0, "target": 4, "value": 0.0015220815190221963, "supply": "[{\"l\":'Energy for power irrigation',\"v\":0.0015220815190221963}]"}, {"source": 18, "prod": 0, "target": 10, "value": 0.99700000079759987, "supply": "[{\"l\":'Electricity',\"v\":0.99700000079759987}]"}, {"source": 19, "prod": 0, "target": 18, "value": 0.11851494412493693, "supply": [{"l": "Coal", "v": 0.004873963150878448}, {"l": "Natural gas", "v": 0.0}, {"l": "Oil", "v": 0.11364098097405849}]}, {"source": 20, "prod": 0, "target": 18, "value": 0.99443547943380906, "supply": [{"l": "Nuclear", "v": 0.38096788536787402}, {"l": "Hydroelectric", "v": 0.60415547266080727}, {"l": "Renewable", "v": 0.0093121214051278423}]}, {"source": 19, "prod": 0, "target": 5, "value": 1.8028530886308505, "supply": [{"l": "Gas-Diesel oil", "v": 0.98844897719332203}, {"l": "Natural gas (including LNG)", "v": 0.0053617752816765112}, {"l": "Fuel oil", "v": 0.18665822799742784}, {"l": "Liquefied petroleum gas (LPG)", "v": 0.0053959993792191269}, {"l": "Coal", "v": 0.063770901754407874}, {"l": "Other fossil fuels", "v": 0.55321720702479715}]}, {"source": 19, "prod": 0, "target": 11, "value": 1.9797127376260115, "supply": [{"l": "Gas-Diesel oil", "v": 1.0854156908198875}, {"l": "Natural gas (including LNG)", "v": 0.0058877647260124309}, {"l": "Fuel oil", "v": 0.20496937541918173}, {"l": "Liquefied petroleum gas (LPG)", "v": 0.0059253462029869777}, {"l": "Coal", "v": 0.070026818762573384}, {"l": "Other fossil fuels", "v": 0.60748774169536934}]}, {"source": 19, "prod": 0, "target": 3, "value": 4.6827973729439414, "supply": [{"l": "Gas-Diesel oil", "v": 2.5674339761123939}, {"l": "Natural gas (including LNG)", "v": 0.0139268736657952}, {"l": "Fuel oil", "v": 0.48483299344625758}, {"l": "Liquefied petroleum gas (LPG)", "v": 0.014015768604087507}, {"l": "Coal", "v": 0.16564090168467055}, {"l": "Other fossil fuels", "v": 1.4369468594307369}]}, {"source": 19, "prod": 0, "target": 4, "value": 0.31428437625491412, "supply": [{"l": "Gas-Diesel oil", "v": 0.17231247083639664}, {"l": "Natural gas (including LNG)", "v": 0.00093469745851585675}, {"l": "Fuel oil", "v": 0.032539403864332871}, {"l": "Liquefied petroleum gas (LPG)", "v": 0.0009406636125063834}, {"l": "Coal", "v": 0.011116933602348169}, {"l": "Other fossil fuels", "v": 0.096440206880814186}]}, {"source": 19, "prod": 0, "target": 1, "value": 0.61576398197409266, "supply": [{"l": "Gas-diesel oils used in fisheries", "v": 0.61576398197409266}]}, {"source": 21, "prod": 99.671181434599148, "target": 5, "value": 1.1007811245952679, "supply": [{"l": "Potash", "v": 0.29622403079253479}, {"l": "Phosphate", "v": 0.51231829207652124}, {"l": "Nitrogen", "v": 4.5521109619750222}]}, {"source": 21, "prod": 109.44891112018512, "target": 11, "value": 1.2087676069903848, "supply": [{"l": "Potash", "v": 0.29622403079253479}, {"l": "Phosphate", "v": 0.51231829207652124}, {"l": "Nitrogen", "v": 4.5521109619750222}]}, {"source": 21, "prod": 258.88961753096504, "target": 3, "value": 2.859209655488725, "supply": [{"l": "Potash", "v": 0.29622403079253479}, {"l": "Phosphate", "v": 0.51231829207652124}, {"l": "Nitrogen", "v": 4.5521109619750222}]}, {"source": 21, "prod": 17.375289914250715, "target": 4, "value": 0.19189489776970092, "supply": [{"l": "Potash", "v": 0.29622403079253479}, {"l": "Phosphate", "v": 0.51231829207652124}, {"l": "Nitrogen", "v": 4.5521109619750222}]}, {"source": 19, "prod": 0, "target": 21, "value": 6.6012465391872599, "supply": [{"l": "Natural gas (including LNG)", "v": 4.4108477058008866}, {"l": "Fuel oil", "v": 1.3857167778284325}, {"l": "Liquefied petroleum gas (LPG)", "v": 0.40234102777897029}, {"l": "Coal", "v": 0.40234102777897029}]}, {"source": 22, "prod": 0, "target": 3, "value": 0.11350176150127164, "supply": "[{\"l\":'Labor',\"v\":0.11350176150127164}]"}, {"source": 22, "prod": 0, "target": 4, "value": 0.007617632683268402, "supply": "[{\"l\":'Labor',\"v\":0.007617632683268402}]"}, {"source": 22, "prod": 0, "target": 5, "value": 0.043697598890333061, "supply": "[{\"l\":'Labor',\"v\":0.043697598890333061}]"}, {"source": 22, "prod": 0, "target": 11, "value": 0.047984327548598167, "supply": "[{\"l\":'Labor',\"v\":0.047984327548598167}]"}, {"source": 19, "prod": 0, "target": 14, "value": 4.2871460380447495, "supply": "[{\"l\":'Fossil Fuels',\"v\":4.2871460380447495}]"}, {"source": 20, "prod": 0, "target": 14, "value": 3.5266902839521475, "supply": "[{\"l\":'Renewables & Nuclear',\"v\":2.7417280120718321},{\"l\":'Biomass & Waste',\"v\":0.78496227188031542}]"}]}