{"nodes": [{"name": "Balance", "fill": "#9edae5"}, {"name": "Food", "fill": "#b5cf6b"}, {"name": "Stock Deposit", "fill": "#c7c7c7"}, {"name": "Export", "fill": "#aec7e8"}, {"name": "Biofuels & Other", "fill": "#e7ba52"}, {"name": "Renewables & Nuclear", "fill": "#2ca02c"}, {"name": "Fossil Fuels", "fill": "#c49c94"}, {"name": "Stock Draw", "fill": "#c7c7c7"}, {"name": "Labor", "fill": "#7f7f7f"}], "links": [{"source": 0, "target": 1, "value": 4.6908405390525134}, {"source": 0, "target": 2, "value": 2.2172631654033483}, {"source": 0, "target": 3, "value": 2.2348677232277843}, {"source": 0, "target": 4, "value": 0.47476169067378388}, {"source": 5, "target": 0, "value": 0.70549889953864475}, {"source": 6, "target": 0, "value": 1.2501824708811791}, {"source": 7, "target": 0, "value": 0.54963079345947041}, {"source": 8, "target": 0, "value": 0.99300285233786989}]}