{"nodes": [{"layer": 3, "name": "Oilcrops", "fill": "#ff9896"}, {"layer": 5, "name": "Production", "fill": "#b5cf6b"}, {"layer": 3, "name": "Treenuts"}, {"layer": 3, "name": "Pulses"}, {"layer": 3, "name": "Vegetables"}, {"layer": 3, "name": "Others"}, {"layer": 3, "name": "Sugar Crops", "fill": "#ffbb78"}, {"layer": 3, "name": "Starchy Roots"}, {"layer": 3, "name": "Cereals - Excluding Beer"}, {"layer": 3, "name": "Spices"}, {"layer": 3, "name": "Fruits - Excluding Wine"}, {"layer": 1, "name": "Electricity", "fill": "#bcbd22"}, {"layer": 0, "name": "Fossil Fuels", "fill": "#c49c94"}, {"layer": 0, "name": "Renewables & Nuclear", "fill": "#2ca02c"}, {"layer": 1, "name": "Fertilizers", "fill": "#c5b0d5"}, {"layer": 0, "name": "Labor", "fill": "#7f7f7f"}], "links": [{"source": 0, "prod": 921.45945945945948, "target": 1, "value": 6.1454243664765542, "supply": [{"l": "Coconuts - Incl Copra", "v": 0.0037318827767472531}, {"l": "Oilcrops, Other", "v": 0.018571947881156251}, {"l": "Cottonseed", "v": 0.12536064819780468}, {"l": "Groundnuts", "v": 5.8919392231976175}, {"l": "Palm kernels", "v": 0.023214934851445313}, {"l": "Oil Palm", "v": 0.08260572957178379}]}, {"source": 2, "prod": 2.0, "target": 1, "value": 0.0076349220477517988, "supply": [{"l": "Treenuts", "v": 0.0076349220477517988}]}, {"source": 3, "prod": 12.0, "target": 1, "value": 0.046520730504657541, "supply": [{"l": "Pulses, Other", "v": 0.046520730504657541}]}, {"source": 4, "prod": 79.0, "target": 1, "value": 0.024957356678956825, "supply": [{"l": "Tomatoes", "v": 0.0056690206568871223}, {"l": "Vegetables, Other", "v": 0.0074778763202215312}, {"l": "Onions", "v": 0.011810459701848172}]}, {"source": 5, "prod": 2.0, "target": 1, "value": 0.0078033394458639719, "supply": [{"l": "Nuts", "v": 0.0078033394458639719}]}, {"source": 6, "prod": 213.0, "target": 1, "value": 0.084767676400420322, "supply": [{"l": "Sugar cane", "v": 0.084767676400420322}]}, {"source": 7, "prod": 78.0, "target": 1, "value": 0.097028428384710305, "supply": [{"l": "Potatoes", "v": 0.0041213753966504851}, {"l": "Sweet potatoes", "v": 0.0048238825665340912}, {"l": "Cassava", "v": 0.088083170421525733}]}, {"source": 8, "prod": 692.0, "target": 1, "value": 2.1643161403427591, "supply": [{"l": "Maize", "v": 0.18477101494461592}, {"l": "Rice", "v": 0.32049004105387502}, {"l": "Cereals, Other", "v": 0.0098435168893913037}, {"l": "Sorghum", "v": 0.34995601838756174}, {"l": "Millet", "v": 1.2992555490673152}]}, {"source": 9, "prod": 3.0, "target": 1, "value": 0.01027020159326613, "supply": [{"l": "Pimento", "v": 0.01027020159326613}]}, {"source": 10, "prod": 62.0, "target": 1, "value": 0.028260114204142726, "supply": [{"l": "Bananas", "v": 0.0029894483510915499}, {"l": "Fruits, Other", "v": 0.01932297767761024}, {"l": "Oranges, Mandarines", "v": 0.0059476881754409339}]}, {"source": 11, "prod": 0, "target": 0, "value": 0.00029206134869499349, "supply": "[{\"l\":'Energy for power irrigation',\"v\":0.00029206134869499349}]"}, {"source": 11, "prod": 0, "target": 2, "value": 2.4913421618317683e-06, "supply": "[{\"l\":'Energy for power irrigation',\"v\":2.4913421618317683e-06}]"}, {"source": 11, "prod": 0, "target": 4, "value": 2.6965115163355608e-05, "supply": "[{\"l\":'Energy for power irrigation',\"v\":2.6965115163355608e-05}]"}, {"source": 11, "prod": 0, "target": 6, "value": 3.1215051792362742e-05, "supply": "[{\"l\":'Energy for power irrigation',\"v\":3.1215051792362742e-05}]"}, {"source": 11, "prod": 0, "target": 7, "value": 2.4327223462592559e-05, "supply": "[{\"l\":'Energy for power irrigation',\"v\":2.4327223462592559e-05}]"}, {"source": 11, "prod": 0, "target": 3, "value": 3.6637384732820123e-06, "supply": "[{\"l\":'Energy for power irrigation',\"v\":3.6637384732820123e-06}]"}, {"source": 11, "prod": 0, "target": 5, "value": 2.4913421618317683e-06, "supply": "[{\"l\":'Energy for power irrigation',\"v\":2.4913421618317683e-06}]"}, {"source": 11, "prod": 0, "target": 8, "value": 0.0002673063590106556, "supply": "[{\"l\":'Energy for power irrigation',\"v\":0.0002673063590106556}]"}, {"source": 11, "prod": 0, "target": 9, "value": 8.792972335876828e-07, "supply": "[{\"l\":'Energy for power irrigation',\"v\":8.792972335876828e-07}]"}, {"source": 11, "prod": 0, "target": 10, "value": 1.9784187755722867e-05, "supply": "[{\"l\":'Energy for power irrigation',\"v\":1.9784187755722867e-05}]"}, {"source": 12, "prod": 0, "target": 11, "value": 0.0016334233647648307, "supply": [{"l": "Coal", "v": 0.0}, {"l": "Natural gas", "v": 0.0}, {"l": "Oil", "v": 0.0016334233647648307}]}, {"source": 13, "prod": 0, "target": 11, "value": 5.1070325455305498e-05, "supply": [{"l": "Nuclear", "v": 0.0}, {"l": "Hydroelectric", "v": 0.0}, {"l": "Renewable", "v": 5.1070325455305498e-05}]}, {"source": 12, "prod": 0, "target": 0, "value": 0.17334971991240236, "supply": [{"l": "Motor Gasoline", "v": 0.032100010835109764}, {"l": "Gas-Diesel oil", "v": 0.12982510025486452}, {"l": "Liquefied petroleum gas (LPG)", "v": 0.011424608822428078}]}, {"source": 12, "prod": 0, "target": 2, "value": 0.0014787080450364952, "supply": [{"l": "Motor Gasoline", "v": 0.00027381956135620768}, {"l": "Gas-Diesel oil", "v": 0.0011074342680884998}, {"l": "Liquefied petroleum gas (LPG)", "v": 9.7454215591787958e-05}]}, {"source": 12, "prod": 0, "target": 4, "value": 0.016004840016865595, "supply": [{"l": "Motor Gasoline", "v": 0.0029636940758554246}, {"l": "Gas-Diesel oil", "v": 0.011986347372251996}, {"l": "Liquefied petroleum gas (LPG)", "v": 0.0010547985687581756}]}, {"source": 12, "prod": 0, "target": 6, "value": 0.018527341976045501, "supply": [{"l": "Motor Gasoline", "v": 0.0034307980334630731}, {"l": "Gas-Diesel oil", "v": 0.013875499947226496}, {"l": "Liquefied petroleum gas (LPG)", "v": 0.0012210439953559316}]}, {"source": 12, "prod": 0, "target": 7, "value": 0.014439149145650483, "supply": [{"l": "Motor Gasoline", "v": 0.0026737674814782631}, {"l": "Gas-Diesel oil", "v": 0.010813769911922996}, {"l": "Liquefied petroleum gas (LPG)", "v": 0.00095161175224922363}]}, {"source": 12, "prod": 0, "target": 3, "value": 0.0021745706544654343, "supply": [{"l": "Motor Gasoline", "v": 0.00040267582552383491}, {"l": "Gas-Diesel oil", "v": 0.0016285798060124998}, {"l": "Liquefied petroleum gas (LPG)", "v": 0.00014331502292909998}]}, {"source": 12, "prod": 0, "target": 5, "value": 0.0014787080450364952, "supply": [{"l": "Motor Gasoline", "v": 0.00027381956135620768}, {"l": "Gas-Diesel oil", "v": 0.0011074342680884998}, {"l": "Liquefied petroleum gas (LPG)", "v": 9.7454215591787958e-05}]}, {"source": 12, "prod": 0, "target": 8, "value": 0.15865667494979807, "supply": [{"l": "Motor Gasoline", "v": 0.02937922823021899}, {"l": "Gas-Diesel oil", "v": 0.11882118264667196}, {"l": "Liquefied petroleum gas (LPG)", "v": 0.010456264072907132}]}, {"source": 12, "prod": 0, "target": 9, "value": 0.00052189695707170422, "supply": [{"l": "Motor Gasoline", "v": 9.6642198125720366e-05}, {"l": "Gas-Diesel oil", "v": 0.00039085915344299986}, {"l": "Liquefied petroleum gas (LPG)", "v": 3.4395605502983987e-05}]}, {"source": 12, "prod": 0, "target": 10, "value": 0.011742681534113345, "supply": [{"l": "Motor Gasoline", "v": 0.0021744494578287083}, {"l": "Gas-Diesel oil", "v": 0.0087943309524674985}, {"l": "Liquefied petroleum gas (LPG)", "v": 0.00077390112381713983}]}, {"source": 14, "prod": 17.347048730874679, "target": 0, "value": 0.13031070651358531, "supply": [{"l": "Potash", "v": 0.032561388914937997}, {"l": "Phosphate", "v": 0.069016666721879991}, {"l": "Nitrogen", "v": 0.19815000015852}]}, {"source": 14, "prod": 0.14797382152648803, "target": 2, "value": 0.0011115765873368571, "supply": [{"l": "Potash", "v": 0.032561388914937997}, {"l": "Phosphate", "v": 0.069016666721879991}, {"l": "Nitrogen", "v": 0.19815000015852}]}, {"source": 14, "prod": 1.6015990094631645, "target": 4, "value": 0.012031181886469511, "supply": [{"l": "Potash", "v": 0.032561388914937997}, {"l": "Phosphate", "v": 0.069016666721879991}, {"l": "Nitrogen", "v": 0.19815000015852}]}, {"source": 14, "prod": 1.8540249403024676, "target": 6, "value": 0.013927400770750033, "supply": [{"l": "Potash", "v": 0.032561388914937997}, {"l": "Phosphate", "v": 0.069016666721879991}, {"l": "Nitrogen", "v": 0.19815000015852}]}, {"source": 14, "prod": 1.444920845493942, "target": 7, "value": 0.010854218441054015, "supply": [{"l": "Potash", "v": 0.032561388914937997}, {"l": "Phosphate", "v": 0.069016666721879991}, {"l": "Nitrogen", "v": 0.19815000015852}]}, {"source": 14, "prod": 0.21760856106836476, "target": 3, "value": 0.0016346714519659663, "supply": [{"l": "Potash", "v": 0.032561388914937997}, {"l": "Phosphate", "v": 0.069016666721879991}, {"l": "Nitrogen", "v": 0.19815000015852}]}, {"source": 14, "prod": 0.14797382152648803, "target": 5, "value": 0.0011115765873368571, "supply": [{"l": "Potash", "v": 0.032561388914937997}, {"l": "Phosphate", "v": 0.069016666721879991}, {"l": "Nitrogen", "v": 0.19815000015852}]}, {"source": 14, "prod": 15.876720615547892, "target": 8, "value": 0.11926562913543688, "supply": [{"l": "Potash", "v": 0.032561388914937997}, {"l": "Phosphate", "v": 0.069016666721879991}, {"l": "Nitrogen", "v": 0.19815000015852}]}, {"source": 14, "prod": 0.05222605465640754, "target": 9, "value": 0.00039232114847183189, "supply": [{"l": "Potash", "v": 0.032561388914937997}, {"l": "Phosphate", "v": 0.069016666721879991}, {"l": "Nitrogen", "v": 0.19815000015852}]}, {"source": 14, "prod": 1.1750862297691698, "target": 10, "value": 0.0088272258406162183, "supply": [{"l": "Potash", "v": 0.032561388914937997}, {"l": "Phosphate", "v": 0.069016666721879991}, {"l": "Nitrogen", "v": 0.19815000015852}]}, {"source": 12, "prod": 0, "target": 14, "value": 0.38379542258123328, "supply": [{"l": "Natural gas (including LNG)", "v": 0.25341087480437974}, {"l": "Fuel oil", "v": 0.095357337155611427}, {"l": "Liquefied petroleum gas (LPG)", "v": 0.017513605310621055}, {"l": "Coal", "v": 0.017513605310621055}]}, {"source": 15, "prod": 0, "target": 0, "value": 0.44305948228157438, "supply": "[{\"l\":'Labor',\"v\":0.44305948228157438}]"}, {"source": 15, "prod": 0, "target": 2, "value": 0.0037793866711208642, "supply": "[{\"l\":'Labor',\"v\":0.0037793866711208642}]"}, {"source": 15, "prod": 0, "target": 4, "value": 0.040906302793308175, "supply": "[{\"l\":'Labor',\"v\":0.040906302793308175}]"}, {"source": 15, "prod": 0, "target": 6, "value": 0.047353491820514355, "supply": "[{\"l\":'Labor',\"v\":0.047353491820514355}]"}, {"source": 15, "prod": 0, "target": 7, "value": 0.036904599259180201, "supply": "[{\"l\":'Labor',\"v\":0.036904599259180201}]"}, {"source": 15, "prod": 0, "target": 3, "value": 0.0055579215751777418, "supply": "[{\"l\":'Labor',\"v\":0.0055579215751777418}]"}, {"source": 15, "prod": 0, "target": 5, "value": 0.0037793866711208642, "supply": "[{\"l\":'Labor',\"v\":0.0037793866711208642}]"}, {"source": 15, "prod": 0, "target": 8, "value": 0.40550595812496798, "supply": "[{\"l\":'Labor',\"v\":0.40550595812496798}]"}, {"source": 15, "prod": 0, "target": 9, "value": 0.0013339011780426578, "supply": "[{\"l\":'Labor',\"v\":0.0013339011780426578}]"}, {"source": 15, "prod": 0, "target": 10, "value": 0.030012776505959807, "supply": "[{\"l\":'Labor',\"v\":0.030012776505959807}]"}]}