{"nodes": [{"layer": 3, "name": "Oilcrops", "fill": "#ff9896"}, {"layer": 5, "name": "Production", "fill": "#b5cf6b"}, {"layer": 3, "name": "Treenuts"}, {"layer": 3, "name": "Pulses"}, {"layer": 3, "name": "Vegetables"}, {"layer": 3, "name": "Others"}, {"layer": 3, "name": "Sugar Crops", "fill": "#ffbb78"}, {"layer": 3, "name": "Starchy Roots"}, {"layer": 3, "name": "Cereals - Excluding Beer"}, {"layer": 3, "name": "Spices"}, {"layer": 3, "name": "Fruits - Excluding Wine"}, {"layer": 1, "name": "Electricity", "fill": "#bcbd22"}, {"layer": 0, "name": "Fossil Fuels", "fill": "#c49c94"}, {"layer": 0, "name": "Renewables & Nuclear", "fill": "#2ca02c"}, {"layer": 1, "name": "Fertilizers", "fill": "#c5b0d5"}, {"layer": 0, "name": "Labor", "fill": "#7f7f7f"}], "links": [{"source": 0, "prod": 754.76712328767121, "target": 1, "value": 5.0384184394748379, "supply": [{"l": "Coconuts - Incl Copra", "v": 0.0039953097962823533}, {"l": "Oilcrops, Other", "v": 0.023848408194101122}, {"l": "Cottonseed", "v": 0.12401172260932584}, {"l": "Groundnuts", "v": 4.7405976731063024}, {"l": "Palm kernels", "v": 0.023848408194101122}, {"l": "Oil Palm", "v": 0.12211691757472602}]}, {"source": 2, "prod": 2.0, "target": 1, "value": 0.007636537904269841, "supply": [{"l": "Treenuts", "v": 0.007636537904269841}]}, {"source": 3, "prod": 22.0, "target": 1, "value": 0.087280716344018697, "supply": [{"l": "Pulses, Other", "v": 0.087280716344018697}]}, {"source": 4, "prod": 62.0, "target": 1, "value": 0.019525295473705188, "supply": [{"l": "Tomatoes", "v": 0.0033718054925346241}, {"l": "Vegetables, Other", "v": 0.0071851449278959147}, {"l": "Onions", "v": 0.0089683450532746494}]}, {"source": 5, "prod": 2.0, "target": 1, "value": 0.0077806235251051212, "supply": [{"l": "Nuts", "v": 0.0077806235251051212}]}, {"source": 6, "prod": 52.0, "target": 1, "value": 0.018920645678108573, "supply": [{"l": "Sugar cane", "v": 0.018920645678108573}]}, {"source": 7, "prod": 131.0, "target": 1, "value": 0.16425053134478476, "supply": [{"l": "Potatoes", "v": 0.0031328536225461254}, {"l": "Sweet potatoes", "v": 0.0067534355931477283}, {"l": "Cassava", "v": 0.15436424212909092}]}, {"source": 8, "prod": 920.0, "target": 1, "value": 2.8365184551839495, "supply": [{"l": "Maize", "v": 0.15064285881977063}, {"l": "Rice", "v": 0.32449334302881239}, {"l": "Cereals, Other", "v": 0.011791712940416667}, {"l": "Sorghum", "v": 0.49750308869521587}, {"l": "Millet", "v": 1.8520874516997339}]}, {"source": 9, "prod": 3.0, "target": 1, "value": 0.011073956500565219, "supply": [{"l": "Pimento", "v": 0.011073956500565219}]}, {"source": 10, "prod": 47.0, "target": 1, "value": 0.021800252874943075, "supply": [{"l": "Bananas", "v": 0.0023803831730186912}, {"l": "Fruits, Other", "v": 0.016035138811386174}, {"l": "Oranges, Mandarines", "v": 0.0033847308905382064}]}, {"source": 11, "prod": 0, "target": 0, "value": 0.00017013318309589429, "supply": "[{\"l\":'Energy for power irrigation',\"v\":0.00017013318309589429}]"}, {"source": 11, "prod": 0, "target": 2, "value": 2.357450419274418e-06, "supply": "[{\"l\":'Energy for power irrigation',\"v\":2.357450419274418e-06}]"}, {"source": 11, "prod": 0, "target": 4, "value": 1.627763384737098e-05, "supply": "[{\"l\":'Energy for power irrigation',\"v\":1.627763384737098e-05}]"}, {"source": 11, "prod": 0, "target": 6, "value": 5.8374962762985588e-06, "supply": "[{\"l\":'Energy for power irrigation',\"v\":5.8374962762985588e-06}]"}, {"source": 11, "prod": 0, "target": 7, "value": 3.098363408189235e-05, "supply": "[{\"l\":'Energy for power irrigation',\"v\":3.098363408189235e-05}]"}, {"source": 11, "prod": 0, "target": 3, "value": 4.9394199260987803e-06, "supply": "[{\"l\":'Energy for power irrigation',\"v\":4.9394199260987803e-06}]"}, {"source": 11, "prod": 0, "target": 5, "value": 2.357450419274418e-06, "supply": "[{\"l\":'Energy for power irrigation',\"v\":2.357450419274418e-06}]"}, {"source": 11, "prod": 0, "target": 8, "value": 0.00024573614132341432, "supply": "[{\"l\":'Energy for power irrigation',\"v\":0.00024573614132341432}]"}, {"source": 11, "prod": 0, "target": 9, "value": 6.735572626498337e-07, "supply": "[{\"l\":'Energy for power irrigation',\"v\":6.735572626498337e-07}]"}, {"source": 11, "prod": 0, "target": 10, "value": 1.1899511640147063e-05, "supply": "[{\"l\":'Energy for power irrigation',\"v\":1.1899511640147063e-05}]"}, {"source": 12, "prod": 0, "target": 11, "value": 0.0011811322744042366, "supply": [{"l": "Coal", "v": 0.0}, {"l": "Natural gas", "v": 0.0}, {"l": "Oil", "v": 0.0011811322744042366}]}, {"source": 13, "prod": 0, "target": 11, "value": 4.2589733106254984e-05, "supply": [{"l": "Nuclear", "v": 0.0}, {"l": "Hydroelectric", "v": 0.0}, {"l": "Renewable", "v": 4.2589733106254984e-05}]}, {"source": 12, "prod": 0, "target": 0, "value": 0.10884372374877647, "supply": [{"l": "Motor Gasoline", "v": 0.017041091931686864}, {"l": "Gas-Diesel oil", "v": 0.082705073709089749}, {"l": "Liquefied petroleum gas (LPG)", "v": 0.0090975581079998716}]}, {"source": 12, "prod": 0, "target": 2, "value": 0.0015081930374647426, "supply": [{"l": "Motor Gasoline", "v": 0.00023612988711676307}, {"l": "Gas-Diesel oil", "v": 0.0011460028381513332}, {"l": "Liquefied petroleum gas (LPG)", "v": 0.00012606031219664662}]}, {"source": 12, "prod": 0, "target": 4, "value": 0.010413713830113698, "supply": [{"l": "Motor Gasoline", "v": 0.0016304206491395542}, {"l": "Gas-Diesel oil", "v": 0.0079128767396163466}, {"l": "Liquefied petroleum gas (LPG)", "v": 0.00087041644135779802}]}, {"source": 12, "prod": 0, "target": 6, "value": 0.0037345732356269816, "supply": [{"l": "Motor Gasoline", "v": 0.00058470257762246092}, {"l": "Gas-Diesel oil", "v": 0.002837721313517587}, {"l": "Liquefied petroleum gas (LPG)", "v": 0.00031214934448693448}]}, {"source": 12, "prod": 0, "target": 7, "value": 0.019821965635250904, "supply": [{"l": "Motor Gasoline", "v": 0.0031034213735346003}, {"l": "Gas-Diesel oil", "v": 0.015061751587131807}, {"l": "Liquefied petroleum gas (LPG)", "v": 0.0016567926745844985}]}, {"source": 12, "prod": 0, "target": 3, "value": 0.0031600235070689845, "supply": [{"l": "Motor Gasoline", "v": 0.00049474833491131302}, {"l": "Gas-Diesel oil", "v": 0.0024011488037456504}, {"l": "Liquefied petroleum gas (LPG)", "v": 0.00026412636841202148}]}, {"source": 12, "prod": 0, "target": 5, "value": 0.0015081930374647426, "supply": [{"l": "Motor Gasoline", "v": 0.00023612988711676307}, {"l": "Gas-Diesel oil", "v": 0.0011460028381513332}, {"l": "Liquefied petroleum gas (LPG)", "v": 0.00012606031219664662}]}, {"source": 12, "prod": 0, "target": 8, "value": 0.15721116947668198, "supply": [{"l": "Motor Gasoline", "v": 0.024613729661837828}, {"l": "Gas-Diesel oil", "v": 0.11945715298634611}, {"l": "Liquefied petroleum gas (LPG)", "v": 0.013140286828498072}]}, {"source": 12, "prod": 0, "target": 9, "value": 0.00043091229641849791, "supply": [{"l": "Motor Gasoline", "v": 6.7465682033360878e-05}, {"l": "Gas-Diesel oil", "v": 0.00032742938232895231}, {"l": "Liquefied petroleum gas (LPG)", "v": 3.6017232056184751e-05}]}, {"source": 12, "prod": 0, "target": 10, "value": 0.007612783903393463, "supply": [{"l": "Motor Gasoline", "v": 0.0011918937159227088}, {"l": "Gas-Diesel oil", "v": 0.005784585754478158}, {"l": "Liquefied petroleum gas (LPG)", "v": 0.00063630443299259726}]}, {"source": 14, "prod": 13.398221930153964, "target": 0, "value": 0.092639395591906815, "supply": [{"l": "Potash", "v": 0.035125277805877993}, {"l": "Phosphate", "v": 0.06733333338719999}, {"l": "Nitrogen", "v": 0.16512500013209996}]}, {"source": 14, "prod": 0.18565245963199403, "target": 2, "value": 0.0012836577674349037, "supply": [{"l": "Potash", "v": 0.035125277805877993}, {"l": "Phosphate", "v": 0.06733333338719999}, {"l": "Nitrogen", "v": 0.16512500013209996}]}, {"source": 14, "prod": 1.2818860307923396, "target": 4, "value": 0.0088633512513362385, "supply": [{"l": "Potash", "v": 0.035125277805877993}, {"l": "Phosphate", "v": 0.06733333338719999}, {"l": "Nitrogen", "v": 0.16512500013209996}]}, {"source": 14, "prod": 0.45971085242208048, "target": 6, "value": 0.0031785811384102379, "supply": [{"l": "Potash", "v": 0.035125277805877993}, {"l": "Phosphate", "v": 0.06733333338719999}, {"l": "Nitrogen", "v": 0.16512500013209996}]}, {"source": 14, "prod": 2.4400037551633504, "target": 7, "value": 0.016870930657715878, "supply": [{"l": "Potash", "v": 0.035125277805877993}, {"l": "Phosphate", "v": 0.06733333338719999}, {"l": "Nitrogen", "v": 0.16512500013209996}]}, {"source": 14, "prod": 0.38898610589560656, "target": 3, "value": 0.0026895686555778934, "supply": [{"l": "Potash", "v": 0.035125277805877993}, {"l": "Phosphate", "v": 0.06733333338719999}, {"l": "Nitrogen", "v": 0.16512500013209996}]}, {"source": 14, "prod": 0.18565245963199403, "target": 5, "value": 0.0012836577674349037, "supply": [{"l": "Potash", "v": 0.035125277805877993}, {"l": "Phosphate", "v": 0.06733333338719999}, {"l": "Nitrogen", "v": 0.16512500013209996}]}, {"source": 14, "prod": 19.352058768306428, "target": 8, "value": 0.1338060406150002, "supply": [{"l": "Potash", "v": 0.035125277805877993}, {"l": "Phosphate", "v": 0.06733333338719999}, {"l": "Nitrogen", "v": 0.16512500013209996}]}, {"source": 14, "prod": 0.053043559894855437, "target": 9, "value": 0.00036675936212425824, "supply": [{"l": "Potash", "v": 0.035125277805877993}, {"l": "Phosphate", "v": 0.06733333338719999}, {"l": "Nitrogen", "v": 0.16512500013209996}]}, {"source": 14, "prod": 0.93710289147577941, "target": 10, "value": 0.0064794153975285618, "supply": [{"l": "Potash", "v": 0.035125277805877993}, {"l": "Phosphate", "v": 0.06733333338719999}, {"l": "Nitrogen", "v": 0.16512500013209996}]}, {"source": 12, "prod": 0, "target": 14, "value": 0.34867329290156851, "supply": [{"l": "Natural gas (including LNG)", "v": 0.22836923343131668}, {"l": "Fuel oil", "v": 0.091114717285883412}, {"l": "Liquefied petroleum gas (LPG)", "v": 0.01459467109218421}, {"l": "Coal", "v": 0.01459467109218421}]}, {"source": 15, "prod": 0, "target": 0, "value": 0.34304090630015266, "supply": "[{\"l\":'Labor',\"v\":0.34304090630015266}]"}, {"source": 15, "prod": 0, "target": 2, "value": 0.0047533462530337332, "supply": "[{\"l\":'Labor',\"v\":0.0047533462530337332}]"}, {"source": 15, "prod": 0, "target": 4, "value": 0.032820724128090055, "supply": "[{\"l\":'Labor',\"v\":0.032820724128090055}]"}, {"source": 15, "prod": 0, "target": 6, "value": 0.011770190721797816, "supply": "[{\"l\":'Labor',\"v\":0.011770190721797816}]"}, {"source": 15, "prod": 0, "target": 7, "value": 0.062472550754157641, "supply": "[{\"l\":'Labor',\"v\":0.062472550754157641}]"}, {"source": 15, "prod": 0, "target": 3, "value": 0.0099593921492135366, "supply": "[{\"l\":'Labor',\"v\":0.0099593921492135366}]"}, {"source": 15, "prod": 0, "target": 5, "value": 0.0047533462530337332, "supply": "[{\"l\":'Labor',\"v\":0.0047533462530337332}]"}, {"source": 15, "prod": 0, "target": 8, "value": 0.49547975942337347, "supply": "[{\"l\":'Labor',\"v\":0.49547975942337347}]"}, {"source": 15, "prod": 0, "target": 9, "value": 0.0013580989294382094, "supply": "[{\"l\":'Labor',\"v\":0.0013580989294382094}]"}, {"source": 15, "prod": 0, "target": 10, "value": 0.0239930810867417, "supply": "[{\"l\":'Labor',\"v\":0.0239930810867417}]"}]}