{"nodes": [{"name": "Balance", "fill": "#9edae5"}, {"name": "Food", "fill": "#b5cf6b"}, {"name": "Stock Deposit", "fill": "#c7c7c7"}, {"name": "Export", "fill": "#aec7e8"}, {"name": "Biofuels & Other", "fill": "#e7ba52"}, {"name": "Renewables & Nuclear", "fill": "#2ca02c"}, {"name": "Fossil Fuels", "fill": "#c49c94"}, {"name": "Stock Draw", "fill": "#c7c7c7"}, {"name": "Labor", "fill": "#7f7f7f"}], "links": [{"source": 0, "target": 1, "value": 5.8014888404564857}, {"source": 0, "target": 2, "value": 0.22642906921326156}, {"source": 0, "target": 3, "value": 2.4006595498356069}, {"source": 0, "target": 4, "value": 0.38086014968785797}, {"source": 5, "target": 0, "value": 0.96434266980488581}, {"source": 6, "target": 0, "value": 1.245292915793393}, {"source": 7, "target": 0, "value": 3.0758065699279928}, {"source": 8, "target": 0, "value": 1.2080391996601738}]}