{"nodes": [{"layer": 3, "name": "Maize"}, {"layer": 5, "name": "Production", "fill": "#b5cf6b"}, {"layer": 3, "name": "Nuts"}, {"layer": 3, "name": "Rice"}, {"layer": 3, "name": "Tomatoes"}, {"layer": 3, "name": "Coconuts - Incl Copra"}, {"layer": 3, "name": "Treenuts"}, {"layer": 3, "name": "Vegetables, Other"}, {"layer": 3, "name": "Groundnuts"}, {"layer": 3, "name": "Oilcrops, Other"}, {"layer": 3, "name": "Cereals, Other"}, {"layer": 3, "name": "Cottonseed"}, {"layer": 3, "name": "Potatoes"}, {"layer": 3, "name": "Pimento"}, {"layer": 3, "name": "Pulses, Other"}, {"layer": 3, "name": "Sorghum"}, {"layer": 3, "name": "Bananas"}, {"layer": 3, "name": "Fruits, Other"}, {"layer": 3, "name": "Millet"}, {"layer": 3, "name": "Sweet potatoes"}, {"layer": 3, "name": "Oranges, Mandarines"}, {"layer": 3, "name": "Palm kernels"}, {"layer": 3, "name": "Onions"}, {"layer": 3, "name": "Cassava"}, {"layer": 3, "name": "Oil Palm"}, {"layer": 1, "name": "Electricity", "fill": "#bcbd22"}, {"layer": 0, "name": "Fossil Fuels", "fill": "#c49c94"}, {"layer": 0, "name": "Renewables & Nuclear", "fill": "#2ca02c"}, {"layer": 1, "name": "Fertilizers", "fill": "#c5b0d5"}, {"layer": 0, "name": "Labor", "fill": "#7f7f7f"}], "links": [{"source": 0, "prod": 39.0, "target": 1, "value": 0.13629278666434141, "supply": [{"l": "Maize", "v": 0.13629278666434141}]}, {"source": 2, "prod": 2.0, "target": 1, "value": 0.0078047391480067264, "supply": [{"l": "Nuts", "v": 0.0078047391480067264}]}, {"source": 3, "prod": 72.0, "target": 1, "value": 0.30910366408457185, "supply": [{"l": "Rice", "v": 0.30910366408457185}]}, {"source": 4, "prod": 11.0, "target": 1, "value": 0.0031130122162699998, "supply": [{"l": "Tomatoes", "v": 0.0031130122162699998}]}, {"source": 5, "prod": 4.0, "target": 1, "value": 0.0048056792360943405, "supply": [{"l": "Coconuts - Incl Copra", "v": 0.0048056792360943405}]}, {"source": 6, "prod": 2.0, "target": 1, "value": 0.0079654774828627015, "supply": [{"l": "Treenuts", "v": 0.0079654774828627015}]}, {"source": 7, "prod": 47.0, "target": 1, "value": 0.012252760467872057, "supply": [{"l": "Vegetables, Other", "v": 0.012252760467872057}]}, {"source": 8, "prod": 698.0, "target": 1, "value": 4.7984155913650213, "supply": [{"l": "Groundnuts", "v": 4.7984155913650213}]}, {"source": 9, "prod": 3.0, "target": 1, "value": 0.012950898280322034, "supply": [{"l": "Oilcrops, Other", "v": 0.012950898280322034}]}, {"source": 10, "prod": 4.0, "target": 1, "value": 0.01035369916719512, "supply": [{"l": "Cereals, Other", "v": 0.01035369916719512}]}, {"source": 11, "prod": 13.0, "target": 1, "value": 0.056120559214728825, "supply": [{"l": "Cottonseed", "v": 0.056120559214728825}]}, {"source": 12, "prod": 1.0, "target": 1, "value": 0.00082910481612304685, "supply": [{"l": "Potatoes", "v": 0.00082910481612304685}]}, {"source": 13, "prod": 3.0, "target": 1, "value": 0.011073956500565219, "supply": [{"l": "Pimento", "v": 0.011073956500565219}]}, {"source": 14, "prod": 26.0, "target": 1, "value": 0.10163023307762434, "supply": [{"l": "Pulses, Other", "v": 0.10163023307762434}]}, {"source": 15, "prod": 108.0, "target": 1, "value": 0.36724950400984402, "supply": [{"l": "Sorghum", "v": 0.36724950400984402}]}, {"source": 16, "prod": 5.0, "target": 1, "value": 0.0036282193662820518, "supply": [{"l": "Bananas", "v": 0.0036282193662820518}]}, {"source": 17, "prod": 37.0, "target": 1, "value": 0.017049184951571233, "supply": [{"l": "Fruits, Other", "v": 0.017049184951571233}]}, {"source": 18, "prod": 475.0, "target": 1, "value": 1.356411796020895, "supply": [{"l": "Millet", "v": 1.356411796020895}]}, {"source": 19, "prod": 8.0, "target": 1, "value": 0.0082829593337560969, "supply": [{"l": "Sweet potatoes", "v": 0.0082829593337560969}]}, {"source": 20, "prod": 3.0, "target": 1, "value": 0.0010027598406023622, "supply": [{"l": "Oranges, Mandarines", "v": 0.0010027598406023622}]}, {"source": 21, "prod": 7.0, "target": 1, "value": 0.030218762654084751, "supply": [{"l": "Palm kernels", "v": 0.030218762654084751}]}, {"source": 22, "prod": 10.0, "target": 1, "value": 0.0041014653705797096, "supply": [{"l": "Onions", "v": 0.0041014653705797096}]}, {"source": 23, "prod": 138.0, "target": 1, "value": 0.17639701193037882, "supply": [{"l": "Cassava", "v": 0.17639701193037882}]}, {"source": 24, "prod": 24.637681159420293, "target": 1, "value": 0.10458736694978263, "supply": [{"l": "Oil Palm", "v": 0.10458736694978263}]}, {"source": 25, "prod": 0, "target": 0, "value": 9.1222392073152903e-06, "supply": "[{\"l\":'Energy for power irrigation',\"v\":9.1222392073152903e-06}]"}, {"source": 25, "prod": 0, "target": 17, "value": 6.0814928048768611e-06, "supply": "[{\"l\":'Energy for power irrigation',\"v\":6.0814928048768611e-06}]"}, {"source": 25, "prod": 0, "target": 3, "value": 2.5606285494218359e-05, "supply": "[{\"l\":'Energy for power irrigation',\"v\":2.5606285494218359e-05}]"}, {"source": 25, "prod": 0, "target": 2, "value": 1.7604321277275122e-06, "supply": "[{\"l\":'Energy for power irrigation',\"v\":1.7604321277275122e-06}]"}, {"source": 25, "prod": 0, "target": 10, "value": 6.4015713735545894e-07, "supply": "[{\"l\":'Energy for power irrigation',\"v\":6.4015713735545894e-07}]"}, {"source": 25, "prod": 0, "target": 5, "value": 7.2017677952489133e-07, "supply": "[{\"l\":'Energy for power irrigation',\"v\":7.2017677952489133e-07}]"}, {"source": 25, "prod": 0, "target": 6, "value": 1.7604321277275122e-06, "supply": "[{\"l\":'Energy for power irrigation',\"v\":1.7604321277275122e-06}]"}, {"source": 25, "prod": 0, "target": 7, "value": 7.5218463639266433e-06, "supply": "[{\"l\":'Energy for power irrigation',\"v\":7.5218463639266433e-06}]"}, {"source": 25, "prod": 0, "target": 4, "value": 4.0810017506410508e-06, "supply": "[{\"l\":'Energy for power irrigation',\"v\":4.0810017506410508e-06}]"}, {"source": 25, "prod": 0, "target": 13, "value": 4.8011785301659426e-07, "supply": "[{\"l\":'Energy for power irrigation',\"v\":4.8011785301659426e-07}]"}, {"source": 25, "prod": 0, "target": 24, "value": 1.9714984302613775e-06, "supply": "[{\"l\":'Energy for power irrigation',\"v\":1.9714984302613775e-06}]"}, {"source": 25, "prod": 0, "target": 9, "value": 4.8011785301659426e-07, "supply": "[{\"l\":'Energy for power irrigation',\"v\":4.8011785301659426e-07}]"}, {"source": 25, "prod": 0, "target": 11, "value": 2.0805106964052418e-06, "supply": "[{\"l\":'Energy for power irrigation',\"v\":2.0805106964052418e-06}]"}, {"source": 25, "prod": 0, "target": 12, "value": 1.2002946325414857e-06, "supply": "[{\"l\":'Energy for power irrigation',\"v\":1.2002946325414857e-06}]"}, {"source": 25, "prod": 0, "target": 8, "value": 0.00011154738118418873, "supply": "[{\"l\":'Energy for power irrigation',\"v\":0.00011154738118418873}]"}, {"source": 25, "prod": 0, "target": 14, "value": 4.2410410349799156e-06, "supply": "[{\"l\":'Energy for power irrigation',\"v\":4.2410410349799156e-06}]"}, {"source": 25, "prod": 0, "target": 15, "value": 1.9764851615849799e-05, "supply": "[{\"l\":'Energy for power irrigation',\"v\":1.9764851615849799e-05}]"}, {"source": 25, "prod": 0, "target": 16, "value": 8.8021606386375612e-07, "supply": "[{\"l\":'Energy for power irrigation',\"v\":8.8021606386375612e-07}]"}, {"source": 25, "prod": 0, "target": 18, "value": 7.6018660060960753e-05, "supply": "[{\"l\":'Energy for power irrigation',\"v\":7.6018660060960753e-05}]"}, {"source": 25, "prod": 0, "target": 19, "value": 1.2803142747109179e-06, "supply": "[{\"l\":'Energy for power irrigation',\"v\":1.2803142747109179e-06}]"}, {"source": 25, "prod": 0, "target": 20, "value": 8.0019642169432373e-07, "supply": "[{\"l\":'Energy for power irrigation',\"v\":8.0019642169432373e-07}]"}, {"source": 25, "prod": 0, "target": 21, "value": 1.1202749903720533e-06, "supply": "[{\"l\":'Energy for power irrigation',\"v\":1.1202749903720533e-06}]"}, {"source": 25, "prod": 0, "target": 22, "value": 2.4005892650829714e-06, "supply": "[{\"l\":'Energy for power irrigation',\"v\":2.4005892650829714e-06}]"}, {"source": 25, "prod": 0, "target": 23, "value": 2.216544088093277e-05, "supply": "[{\"l\":'Energy for power irrigation',\"v\":2.216544088093277e-05}]"}, {"source": 26, "prod": 0, "target": 25, "value": 0.00074309304803721885, "supply": [{"l": "Coal", "v": 0.0}, {"l": "Natural gas", "v": 0.0}, {"l": "Oil", "v": 0.00074309304803721885}]}, {"source": 27, "prod": 0, "target": 25, "value": 3.1192626783887909e-05, "supply": [{"l": "Nuclear", "v": 0.0}, {"l": "Hydroelectric", "v": 0.0}, {"l": "Renewable", "v": 3.1192626783887909e-05}]}, {"source": 26, "prod": 0, "target": 0, "value": 0.0058526619256184798, "supply": [{"l": "Motor Gasoline", "v": 0.0021479403536596507}, {"l": "Gas-Diesel oil", "v": 0.0029402552158406836}, {"l": "Liquefied petroleum gas (LPG)", "v": 0.00076446635611814495}]}, {"source": 26, "prod": 0, "target": 17, "value": 0.0039017746170789871, "supply": [{"l": "Motor Gasoline", "v": 0.0014319602357731008}, {"l": "Gas-Diesel oil", "v": 0.0019601701438937895}, {"l": "Liquefied petroleum gas (LPG)", "v": 0.00050964423741209667}]}, {"source": 26, "prod": 0, "target": 3, "value": 0.016428524703490471, "supply": [{"l": "Motor Gasoline", "v": 0.0060293062558867397}, {"l": "Gas-Diesel oil", "v": 0.0082533479742896397}, {"l": "Liquefied petroleum gas (LPG)", "v": 0.0021458704733140909}]}, {"source": 26, "prod": 0, "target": 2, "value": 0.0011294610733649699, "supply": [{"l": "Motor Gasoline", "v": 0.00041451480509221332}, {"l": "Gas-Diesel oil", "v": 0.00056741767323241271}, {"l": "Liquefied petroleum gas (LPG)", "v": 0.00014752859504034375}]}, {"source": 26, "prod": 0, "target": 10, "value": 0.00041071311758726176, "supply": [{"l": "Motor Gasoline", "v": 0.00015073265639716849}, {"l": "Gas-Diesel oil", "v": 0.00020633369935724096}, {"l": "Liquefied petroleum gas (LPG)", "v": 5.3646761832852277e-05}]}, {"source": 26, "prod": 0, "target": 5, "value": 0.00046205225728566951, "supply": [{"l": "Motor Gasoline", "v": 0.00016957423844681454}, {"l": "Gas-Diesel oil", "v": 0.0002321254117768961}, {"l": "Liquefied petroleum gas (LPG)", "v": 6.0352607061958808e-05}]}, {"source": 26, "prod": 0, "target": 6, "value": 0.0011294610733649699, "supply": [{"l": "Motor Gasoline", "v": 0.00041451480509221332}, {"l": "Gas-Diesel oil", "v": 0.00056741767323241271}, {"l": "Liquefied petroleum gas (LPG)", "v": 0.00014752859504034375}]}, {"source": 26, "prod": 0, "target": 7, "value": 0.004825879131650326, "supply": [{"l": "Motor Gasoline", "v": 0.0017711087126667296}, {"l": "Gas-Diesel oil", "v": 0.0024244209674475813}, {"l": "Liquefied petroleum gas (LPG)", "v": 0.00063034945153601419}]}, {"source": 26, "prod": 0, "target": 4, "value": 0.002618296124618794, "supply": [{"l": "Motor Gasoline", "v": 0.00096092068453194912}, {"l": "Gas-Diesel oil", "v": 0.0013153773334024111}, {"l": "Liquefied petroleum gas (LPG)", "v": 0.00034199810668443325}]}, {"source": 26, "prod": 0, "target": 13, "value": 0.00030803483819044636, "supply": [{"l": "Motor Gasoline", "v": 0.00011304949229787637}, {"l": "Gas-Diesel oil", "v": 0.00015475027451793073}, {"l": "Liquefied petroleum gas (LPG)", "v": 4.0235071374639208e-05}]}, {"source": 26, "prod": 0, "target": 24, "value": 0.0012648773548883064, "supply": [{"l": "Motor Gasoline", "v": 0.00046421289107823635}, {"l": "Gas-Diesel oil", "v": 0.00063544798715092332}, {"l": "Liquefied petroleum gas (LPG)", "v": 0.00016521647665914652}]}, {"source": 26, "prod": 0, "target": 9, "value": 0.00030803483819044636, "supply": [{"l": "Motor Gasoline", "v": 0.00011304949229787637}, {"l": "Gas-Diesel oil", "v": 0.00015475027451793073}, {"l": "Liquefied petroleum gas (LPG)", "v": 4.0235071374639208e-05}]}, {"source": 26, "prod": 0, "target": 11, "value": 0.0013348176321586009, "supply": [{"l": "Motor Gasoline", "v": 0.00048988113329079762}, {"l": "Gas-Diesel oil", "v": 0.00067058452291103316}, {"l": "Liquefied petroleum gas (LPG)", "v": 0.00017435197595676991}]}, {"source": 26, "prod": 0, "target": 12, "value": 0.00077008709547611587, "supply": [{"l": "Motor Gasoline", "v": 0.00028262373074469091}, {"l": "Gas-Diesel oil", "v": 0.00038687568629482686}, {"l": "Liquefied petroleum gas (LPG)", "v": 0.00010058767843659803}]}, {"source": 26, "prod": 0, "target": 8, "value": 0.071566760739580362, "supply": [{"l": "Motor Gasoline", "v": 0.02626516537720661}, {"l": "Gas-Diesel oil", "v": 0.03595364711299924}, {"l": "Liquefied petroleum gas (LPG)", "v": 0.0093479482493745089}]}, {"source": 26, "prod": 0, "target": 14, "value": 0.0027209744040156093, "supply": [{"l": "Motor Gasoline", "v": 0.00099860384863124127}, {"l": "Gas-Diesel oil", "v": 0.0013669607582417213}, {"l": "Liquefied petroleum gas (LPG)", "v": 0.00035540979714264632}]}, {"source": 26, "prod": 0, "target": 15, "value": 0.012680767505506708, "supply": [{"l": "Motor Gasoline", "v": 0.0046538707662625778}, {"l": "Gas-Diesel oil", "v": 0.0063705529676548155}, {"l": "Liquefied petroleum gas (LPG)", "v": 0.0016563437715893142}]}, {"source": 26, "prod": 0, "target": 16, "value": 0.00056473053668248496, "supply": [{"l": "Motor Gasoline", "v": 0.00020725740254610666}, {"l": "Gas-Diesel oil", "v": 0.00028370883661620635}, {"l": "Liquefied petroleum gas (LPG)", "v": 7.3764297520171877e-05}]}, {"source": 26, "prod": 0, "target": 18, "value": 0.048772182713487336, "supply": [{"l": "Motor Gasoline", "v": 0.017899502947163758}, {"l": "Gas-Diesel oil", "v": 0.024502126798672363}, {"l": "Liquefied petroleum gas (LPG)", "v": 0.0063705529676512072}]}, {"source": 26, "prod": 0, "target": 19, "value": 0.00082142623517452351, "supply": [{"l": "Motor Gasoline", "v": 0.00030146531279433698}, {"l": "Gas-Diesel oil", "v": 0.00041266739871448192}, {"l": "Liquefied petroleum gas (LPG)", "v": 0.00010729352366570455}]}, {"source": 26, "prod": 0, "target": 20, "value": 0.00051339139698407721, "supply": [{"l": "Motor Gasoline", "v": 0.00018841582049646061}, {"l": "Gas-Diesel oil", "v": 0.00025791712419655124}, {"l": "Liquefied petroleum gas (LPG)", "v": 6.7058452291065339e-05}]}, {"source": 26, "prod": 0, "target": 21, "value": 0.00071874795577770811, "supply": [{"l": "Motor Gasoline", "v": 0.00026378214869504489}, {"l": "Gas-Diesel oil", "v": 0.00036108397387517169}, {"l": "Liquefied petroleum gas (LPG)", "v": 9.3881833207491491e-05}]}, {"source": 26, "prod": 0, "target": 22, "value": 0.0015401741909522317, "supply": [{"l": "Motor Gasoline", "v": 0.00056524746148938182}, {"l": "Gas-Diesel oil", "v": 0.00077375137258965372}, {"l": "Liquefied petroleum gas (LPG)", "v": 0.00020117535687319606}]}, {"source": 26, "prod": 0, "target": 23, "value": 0.01422094169645894, "supply": [{"l": "Motor Gasoline", "v": 0.0052191182277519588}, {"l": "Gas-Diesel oil", "v": 0.0071443043402444686}, {"l": "Liquefied petroleum gas (LPG)", "v": 0.0018575191284625101}]}, {"source": 28, "prod": 0.39462949265124675, "target": 0, "value": 0.0035011658074283907, "supply": [{"l": "Potash", "v": 0.0123579444543308}, {"l": "Phosphate", "v": 0.015612916679156999}, {"l": "Nitrogen", "v": 0.092378263962791501}]}, {"source": 28, "prod": 0.26308632843416452, "target": 17, "value": 0.002334110538285594, "supply": [{"l": "Potash", "v": 0.0123579444543308}, {"l": "Phosphate", "v": 0.015612916679156999}, {"l": "Nitrogen", "v": 0.092378263962791501}]}, {"source": 28, "prod": 1.1077319091964821, "target": 3, "value": 0.0098278338454130271, "supply": [{"l": "Potash", "v": 0.0123579444543308}, {"l": "Phosphate", "v": 0.015612916679156999}, {"l": "Nitrogen", "v": 0.092378263962791501}]}, {"source": 28, "prod": 0.076156568757258153, "target": 2, "value": 0.0006756635768721456, "supply": [{"l": "Potash", "v": 0.0123579444543308}, {"l": "Phosphate", "v": 0.015612916679156999}, {"l": "Nitrogen", "v": 0.092378263962791501}]}, {"source": 28, "prod": 0.027693297729912053, "target": 10, "value": 0.00024569584613532564, "supply": [{"l": "Potash", "v": 0.0123579444543308}, {"l": "Phosphate", "v": 0.015612916679156999}, {"l": "Nitrogen", "v": 0.092378263962791501}]}, {"source": 28, "prod": 0.03115495994615106, "target": 5, "value": 0.00027640782690224139, "supply": [{"l": "Potash", "v": 0.0123579444543308}, {"l": "Phosphate", "v": 0.015612916679156999}, {"l": "Nitrogen", "v": 0.092378263962791501}]}, {"source": 28, "prod": 0.076156568757258153, "target": 6, "value": 0.0006756635768721456, "supply": [{"l": "Potash", "v": 0.0123579444543308}, {"l": "Phosphate", "v": 0.015612916679156999}, {"l": "Nitrogen", "v": 0.092378263962791501}]}, {"source": 28, "prod": 0.32539624832646663, "target": 7, "value": 0.0028869261920900766, "supply": [{"l": "Potash", "v": 0.0123579444543308}, {"l": "Phosphate", "v": 0.015612916679156999}, {"l": "Nitrogen", "v": 0.092378263962791501}]}, {"source": 28, "prod": 0.17654477302818933, "target": 4, "value": 0.0015663110191127011, "supply": [{"l": "Potash", "v": 0.0123579444543308}, {"l": "Phosphate", "v": 0.015612916679156999}, {"l": "Nitrogen", "v": 0.092378263962791501}]}, {"source": 28, "prod": 0.02076997329743404, "target": 13, "value": 0.00018427188460149425, "supply": [{"l": "Potash", "v": 0.0123579444543308}, {"l": "Phosphate", "v": 0.015612916679156999}, {"l": "Nitrogen", "v": 0.092378263962791501}]}, {"source": 28, "prod": 0.08528732996530887, "target": 24, "value": 0.00075667198990951752, "supply": [{"l": "Potash", "v": 0.0123579444543308}, {"l": "Phosphate", "v": 0.015612916679156999}, {"l": "Nitrogen", "v": 0.092378263962791501}]}, {"source": 28, "prod": 0.02076997329743404, "target": 9, "value": 0.00018427188460149425, "supply": [{"l": "Potash", "v": 0.0123579444543308}, {"l": "Phosphate", "v": 0.015612916679156999}, {"l": "Nitrogen", "v": 0.092378263962791501}]}, {"source": 28, "prod": 0.090003217622214179, "target": 11, "value": 0.00079851149993980842, "supply": [{"l": "Potash", "v": 0.0123579444543308}, {"l": "Phosphate", "v": 0.015612916679156999}, {"l": "Nitrogen", "v": 0.092378263962791501}]}, {"source": 28, "prod": 0.051924933243585103, "target": 12, "value": 0.00046067971150373562, "supply": [{"l": "Potash", "v": 0.0123579444543308}, {"l": "Phosphate", "v": 0.015612916679156999}, {"l": "Nitrogen", "v": 0.092378263962791501}]}, {"source": 28, "prod": 4.8255571294371755, "target": 8, "value": 0.042812501189080497, "supply": [{"l": "Potash", "v": 0.0123579444543308}, {"l": "Phosphate", "v": 0.015612916679156999}, {"l": "Nitrogen", "v": 0.092378263962791501}]}, {"source": 28, "prod": 0.18346809746066733, "target": 14, "value": 0.0016277349806465323, "supply": [{"l": "Potash", "v": 0.0123579444543308}, {"l": "Phosphate", "v": 0.015612916679156999}, {"l": "Nitrogen", "v": 0.092378263962791501}]}, {"source": 28, "prod": 0.85503056741103467, "target": 15, "value": 0.0075858592494281807, "supply": [{"l": "Potash", "v": 0.0123579444543308}, {"l": "Phosphate", "v": 0.015612916679156999}, {"l": "Nitrogen", "v": 0.092378263962791501}]}, {"source": 28, "prod": 0.038078284378629076, "target": 16, "value": 0.0003378317884360728, "supply": [{"l": "Potash", "v": 0.0123579444543308}, {"l": "Phosphate", "v": 0.015612916679156999}, {"l": "Nitrogen", "v": 0.092378263962791501}]}, {"source": 28, "prod": 3.2885791054270563, "target": 18, "value": 0.029176381728569921, "supply": [{"l": "Potash", "v": 0.0123579444543308}, {"l": "Phosphate", "v": 0.015612916679156999}, {"l": "Nitrogen", "v": 0.092378263962791501}]}, {"source": 28, "prod": 0.055386595459824106, "target": 19, "value": 0.00049139169227065127, "supply": [{"l": "Potash", "v": 0.0123579444543308}, {"l": "Phosphate", "v": 0.015612916679156999}, {"l": "Nitrogen", "v": 0.092378263962791501}]}, {"source": 28, "prod": 0.034616622162390066, "target": 20, "value": 0.0003071198076691571, "supply": [{"l": "Potash", "v": 0.0123579444543308}, {"l": "Phosphate", "v": 0.015612916679156999}, {"l": "Nitrogen", "v": 0.092378263962791501}]}, {"source": 28, "prod": 0.048463271027346093, "target": 21, "value": 0.00042996773073681992, "supply": [{"l": "Potash", "v": 0.0123579444543308}, {"l": "Phosphate", "v": 0.015612916679156999}, {"l": "Nitrogen", "v": 0.092378263962791501}]}, {"source": 28, "prod": 0.10384986648717021, "target": 22, "value": 0.00092135942300747124, "supply": [{"l": "Potash", "v": 0.0123579444543308}, {"l": "Phosphate", "v": 0.015612916679156999}, {"l": "Nitrogen", "v": 0.092378263962791501}]}, {"source": 28, "prod": 0.95888043389820488, "target": 23, "value": 0.008507218672435651, "supply": [{"l": "Potash", "v": 0.0123579444543308}, {"l": "Phosphate", "v": 0.015612916679156999}, {"l": "Nitrogen", "v": 0.092378263962791501}]}, {"source": 26, "prod": 0, "target": 28, "value": 0.1539550208408621, "supply": [{"l": "Natural gas (including LNG)", "v": 0.10098016045018084}, {"l": "Fuel oil", "v": 0.036645045068648491}, {"l": "Liquefied petroleum gas (LPG)", "v": 0.00816490766101639}, {"l": "Coal", "v": 0.00816490766101639}]}, {"source": 29, "prod": 0, "target": 0, "value": 0.025436780070543258, "supply": "[{\"l\":'Labor',\"v\":0.025436780070543258}]"}, {"source": 29, "prod": 0, "target": 17, "value": 0.016957853380362174, "supply": "[{\"l\":'Labor',\"v\":0.016957853380362174}]"}, {"source": 29, "prod": 0, "target": 3, "value": 0.071401487917314418, "supply": "[{\"l\":'Labor',\"v\":0.071401487917314418}]"}, {"source": 29, "prod": 0, "target": 2, "value": 0.0049088522943153664, "supply": "[{\"l\":'Labor',\"v\":0.0049088522943153664}]"}, {"source": 29, "prod": 0, "target": 10, "value": 0.0017850371979328604, "supply": "[{\"l\":'Labor',\"v\":0.0017850371979328604}]"}, {"source": 29, "prod": 0, "target": 5, "value": 0.002008166847674468, "supply": "[{\"l\":'Labor',\"v\":0.002008166847674468}]"}, {"source": 29, "prod": 0, "target": 6, "value": 0.0049088522943153664, "supply": "[{\"l\":'Labor',\"v\":0.0049088522943153664}]"}, {"source": 29, "prod": 0, "target": 7, "value": 0.020974187075711109, "supply": "[{\"l\":'Labor',\"v\":0.020974187075711109}]"}, {"source": 29, "prod": 0, "target": 4, "value": 0.011379612136821985, "supply": "[{\"l\":'Labor',\"v\":0.011379612136821985}]"}, {"source": 29, "prod": 0, "target": 13, "value": 0.0013387778984496454, "supply": "[{\"l\":'Labor',\"v\":0.0013387778984496454}]"}, {"source": 29, "prod": 0, "target": 24, "value": 0.0054973971675468533, "supply": "[{\"l\":'Labor',\"v\":0.0054973971675468533}]"}, {"source": 29, "prod": 0, "target": 9, "value": 0.0013387778984496454, "supply": "[{\"l\":'Labor',\"v\":0.0013387778984496454}]"}, {"source": 29, "prod": 0, "target": 11, "value": 0.0058013708932817968, "supply": "[{\"l\":'Labor',\"v\":0.0058013708932817968}]"}, {"source": 29, "prod": 0, "target": 12, "value": 0.0033469447461241136, "supply": "[{\"l\":'Labor',\"v\":0.0033469447461241136}]"}, {"source": 29, "prod": 0, "target": 8, "value": 0.3110427317398009, "supply": "[{\"l\":'Labor',\"v\":0.3110427317398009}]"}, {"source": 29, "prod": 0, "target": 14, "value": 0.011825871436305199, "supply": "[{\"l\":'Labor',\"v\":0.011825871436305199}]"}, {"source": 29, "prod": 0, "target": 15, "value": 0.055113023486177068, "supply": "[{\"l\":'Labor',\"v\":0.055113023486177068}]"}, {"source": 29, "prod": 0, "target": 16, "value": 0.0024544261471576832, "supply": "[{\"l\":'Labor',\"v\":0.0024544261471576832}]"}, {"source": 29, "prod": 0, "target": 18, "value": 0.21197316725452717, "supply": "[{\"l\":'Labor',\"v\":0.21197316725452717}]"}, {"source": 29, "prod": 0, "target": 19, "value": 0.0035700743958657207, "supply": "[{\"l\":'Labor',\"v\":0.0035700743958657207}]"}, {"source": 29, "prod": 0, "target": 20, "value": 0.0022312964974160756, "supply": "[{\"l\":'Labor',\"v\":0.0022312964974160756}]"}, {"source": 29, "prod": 0, "target": 21, "value": 0.003123815096382506, "supply": "[{\"l\":'Labor',\"v\":0.003123815096382506}]"}, {"source": 29, "prod": 0, "target": 22, "value": 0.0066938894922482272, "supply": "[{\"l\":'Labor',\"v\":0.0066938894922482272}]"}, {"source": 29, "prod": 0, "target": 23, "value": 0.061806912978425291, "supply": "[{\"l\":'Labor',\"v\":0.061806912978425291}]"}]}