{"nodes": [{"layer": 5, "name": "Cereals", "fill": "#e7ba52"}, {"layer": 10, "name": "Feed", "fill": "#dbdb8d"}, {"layer": 13, "name": "Other Processed", "fill": "#9c9ede"}, {"layer": 16, "name": "Food", "fill": "#b5cf6b"}, {"layer": 13, "name": "Animal Products", "fill": "#17becf"}, {"layer": 5, "name": "Oilcrops", "fill": "#ff9896"}, {"layer": 13, "name": "Sugar", "fill": "#d6616b"}, {"layer": 5, "name": "Starchy Roots"}, {"layer": 5, "name": "Fruits & Vegetables"}, {"layer": 5, "name": "Others"}, {"layer": 13, "name": "Aquatic Products", "fill": "#1f77b4"}, {"layer": 13, "name": "Vegetable Oils", "fill": "#f7b6d2"}, {"layer": 10, "name": "Processing", "fill": "#9edae5"}, {"layer": 16, "name": "Biofuels & Other", "fill": "#e7ba52"}, {"name": "Waste", "fill": "#c7c7c7"}, {"layer": 2, "name": "Import", "fill": "#aec7e8"}, {"layer": 16, "name": "Export", "fill": "#aec7e8"}, {"layer": 16, "name": "Stock Deposit", "fill": "#c7c7c7"}, {"layer": 0, "name": "Stock Draw", "fill": "#c7c7c7"}, {"name": "Crop Residue", "fill": "#bd9e39"}, {"layer": 5, "name": "Sugar Crops", "fill": "#ffbb78"}, {"layer": 2, "name": "Electricity", "fill": "#bcbd22"}, {"layer": 0, "name": "Fossil Fuels", "fill": "#c49c94"}, {"layer": 0, "name": "Renewables & Nuclear", "fill": "#2ca02c"}, {"layer": 2, "name": "Fertilizers", "fill": "#c5b0d5"}, {"layer": 0, "name": "Labor", "fill": "#7f7f7f"}], "links": [{"source": 0, "prod": 28.0, "target": 1, "value": 0.082391674305665408, "supply": [{"l": "Maize", "v": 0.013876183486012904}, {"l": "Millet", "v": 0.068515490819652511}]}, {"source": 2, "prod": 38.0, "target": 3, "value": 0.046251107662226495, "supply": [{"l": "Beer", "v": 0.013590764796148222}, {"l": "Beverages, Alcoholic", "v": 0.00265313541159375}, {"l": "Butter, Ghee", "v": 0.016062225194513512}, {"l": "Fats, Animals, Raw", "v": 0.0092282970838043505}, {"l": "Wine", "v": 0.0047166851761666663}]}, {"source": 4, "prod": 288.0, "target": 3, "value": 0.2754951780604582, "supply": [{"l": "Eggs", "v": 0.0070750277642500003}, {"l": "Mutton & Goat Meat", "v": 0.020763668438559785}, {"l": "Pigmeat", "v": 0.014150055528500001}, {"l": "Milk - Excluding Butter", "v": 0.11744283981249075}, {"l": "Meat, Other", "v": 0.0094333703523333343}, {"l": "Bovine Meat", "v": 0.080842596659150737}, {"l": "Poultry Meat", "v": 0.012167245199665604}, {"l": "Offals, Edible", "v": 0.013620374305508023}]}, {"source": 0, "prod": 973.0, "target": 3, "value": 3.4138772442031113, "supply": [{"l": "Maize", "v": 0.17345229357516129}, {"l": "Rice", "v": 1.6629962167515466}, {"l": "Wheat", "v": 0.329135358108956}, {"l": "Cereals, Other", "v": 0.034958960717470594}, {"l": "Sorghum", "v": 0.3997129615666038}, {"l": "Millet", "v": 0.81362145348337345}]}, {"source": 5, "prod": 45.0, "target": 3, "value": 0.2779354520687784, "supply": [{"l": "Coconuts - Incl Copra", "v": 0.0049360658820348843}, {"l": "Oilcrops, Other", "v": 0.0047166851761666672}, {"l": "Groundnuts", "v": 0.26828270101057683}]}, {"source": 6, "prod": 97.0, "target": 3, "value": 0.40069515351313173, "supply": [{"l": "Sugar", "v": 0.39008261186675675}, {"l": "Sweeteners, Other", "v": 0.010612541646375}]}, {"source": 7, "prod": 43.0, "target": 3, "value": 0.049091845071191936, "supply": [{"l": "Potatoes", "v": 0.014101093398643601}, {"l": "Sweet potatoes", "v": 0.0072771714146571435}, {"l": "Cassava", "v": 0.027713580257891189}]}, {"source": 8, "prod": 215.0, "target": 3, "value": 0.17870003141004684, "supply": [{"l": "Tomatoes", "v": 0.011487129949335793}, {"l": "Treenuts", "v": 0.048287064491006254}, {"l": "Vegetables, Other", "v": 0.0093041461009315072}, {"l": "Pulses, Other", "v": 0.0589166013108363}, {"l": "Bananas", "v": 0.0047927607435241937}, {"l": "Fruits, Other", "v": 0.018490909216525898}, {"l": "Oranges, Mandarines", "v": 0.0067920266536800004}, {"l": "Onions", "v": 0.018506884614931881}, {"l": "Apples", "v": 0.002122508329275}]}, {"source": 9, "prod": 19.0, "target": 3, "value": 0.062769422642424341, "supply": [{"l": "Nuts", "v": 0.049737748831937774}, {"l": "Coffee", "v": 0.00073826376670434787}, {"l": "Pimento", "v": 0.011370580335401788}, {"l": "Tea", "v": 0.00092282970838043483}]}, {"source": 10, "prod": 252.0, "target": 3, "value": 0.18029464237528095, "supply": [{"l": "Marine Fish, Other", "v": 0.00265313541159375}, {"l": "Freshwater Fish", "v": 0.016371965074297522}, {"l": "Fish, Seafood", "v": 0.089797726474880338}, {"l": "Pelagic Fish", "v": 0.034700408652997276}, {"l": "Molluscs, Other", "v": 0.0022857782007576926}, {"l": "Demersal Fish", "v": 0.034485628560754357}]}, {"source": 11, "prod": 27.0, "target": 3, "value": 0.27750670087862317, "supply": [{"l": "Groundnut Oil", "v": 0.11383402880390302}, {"l": "Soyabean Oil", "v": 0.030739775803293106}, {"l": "Palm Oil", "v": 0.092219327409879315}, {"l": "Sunflowerseed Oil", "v": 0.030101027215172726}, {"l": "Cottonseed Oil", "v": 0.010612541646375}]}, {"source": 0, "prod": 5.0, "target": 12, "value": 0.017142387597030261, "supply": [{"l": "Rice", "v": 0.0041574905418788662}, {"l": "Barley", "v": 0.012984897055151394}]}, {"source": 5, "prod": 528.13793103448279, "target": 12, "value": 3.5284190912845488, "supply": [{"l": "Cottonseed", "v": 0.066033592466333349}, {"l": "Palm kernels", "v": 0.023583425880833338}, {"l": "Groundnuts", "v": 3.3363361535930718}, {"l": "Oil Palm", "v": 0.10246591934431032}]}, {"source": 10, "prod": 36.0, "target": 13, "value": 0.02874705910883112, "supply": [{"l": "Marine Fish, Other", "v": 0.015918812469562501}, {"l": "Fish, Seafood", "v": 0.012828246639268619}]}, {"source": 2, "prod": 6.0, "target": 13, "value": 0.055369782502826093, "supply": [{"l": "Fats, Animals, Raw", "v": 0.055369782502826093}]}, {"source": 11, "prod": 17.0, "target": 13, "value": 0.17531358041048919, "supply": [{"l": "Groundnut Oil", "v": 0.10348548073082092}, {"l": "Palm Oil", "v": 0.051232959672155159}, {"l": "Palmkernel Oil", "v": 0.020595140007513123}]}, {"source": 0, "prod": 20.0, "target": 13, "value": 0.057096242349710426, "supply": [{"l": "Millet", "v": 0.057096242349710426}]}, {"source": 5, "prod": 26.0, "target": 13, "value": 0.17885513400705125, "supply": [{"l": "Groundnuts", "v": 0.17885513400705125}]}, {"source": 7, "prod": 1.0, "target": 7, "value": 0.00088131833741522507, "supply": [{"l": "Potatoes", "v": 0.00088131833741522507}]}, {"source": 8, "prod": 2.0, "target": 8, "value": 0.0078555468414448406, "supply": [{"l": "Pulses, Other", "v": 0.0078555468414448406}]}, {"source": 4, "prod": 1.0, "target": 4, "value": 0.0014150055528499999, "supply": [{"l": "Eggs", "v": 0.0014150055528499999}]}, {"source": 0, "prod": 38.0, "target": 0, "value": 0.11574970669323517, "supply": [{"l": "Maize", "v": 0.0069380917430064519}, {"l": "Rice", "v": 0.012472471625636599}, {"l": "Sorghum", "v": 0.013549591917511993}, {"l": "Millet", "v": 0.082789551407080123}]}, {"source": 5, "prod": 130.0, "target": 5, "value": 0.88778859471678884, "supply": [{"l": "Groundnuts", "v": 0.87363853918828882}, {"l": "Cottonseed", "v": 0.014150055528500001}]}, {"source": 4, "prod": 6.0, "target": 14, "value": 0.0042794650604717254, "supply": [{"l": "Milk - Excluding Butter", "v": 0.0028644595076217257}, {"l": "Eggs", "v": 0.0014150055528499999}]}, {"source": 0, "prod": 107.0, "target": 14, "value": 0.33553383180219221, "supply": [{"l": "Maize", "v": 0.013876183486012904}, {"l": "Wheat", "v": 0.0062101010963953977}, {"l": "Millet", "v": 0.1884175997540444}, {"l": "Rice", "v": 0.045732395960667534}, {"l": "Sorghum", "v": 0.081297551505071966}]}, {"source": 5, "prod": 57.0, "target": 14, "value": 0.39210548609238155, "supply": [{"l": "Groundnuts", "v": 0.39210548609238155}]}, {"source": 7, "prod": 7.0, "target": 14, "value": 0.0082542757692525819, "supply": [{"l": "Potatoes", "v": 0.0017626366748304501}, {"l": "Sweet potatoes", "v": 0.0012128619024428574}, {"l": "Cassava", "v": 0.0052787771919792746}]}, {"source": 8, "prod": 19.0, "target": 14, "value": 0.011017679161706038, "supply": [{"l": "Bananas", "v": 0.00068468010621774197}, {"l": "Treenuts", "v": 0.00371438957623125}, {"l": "Fruits, Other", "v": 0.003156984500382471}, {"l": "Vegetables, Other", "v": 0.00087226369696232875}, {"l": "Onions", "v": 0.0013880163461198912}, {"l": "Oranges, Mandarines", "v": 0.00067920266536800002}, {"l": "Tomatoes", "v": 0.0005221422704243542}]}, {"source": 9, "prod": 1.0, "target": 14, "value": 0.0038259806793798285, "supply": [{"l": "Nuts", "v": 0.0038259806793798285}]}, {"source": 15, "prod": 14.0, "target": 9, "value": 0.043746880948262901, "supply": [{"l": "Nuts", "v": 0.042085787473178114}, {"l": "Coffee", "v": 0.00073826376670434787}, {"l": "Tea", "v": 0.00092282970838043483}]}, {"source": 15, "prod": 142.0, "target": 1, "value": 0.089044388109517536, "supply": [{"l": "Milk - Excluding Butter", "v": 0.064736784872250985}, {"l": "Fish, Seafood", "v": 0.0099775251638755929}, {"l": "Pelagic Fish", "v": 0.012145143028549047}, {"l": "Bovine Meat", "v": 0.0021849350448419121}]}, {"source": 15, "prod": 84.0, "target": 12, "value": 0.43231366919718045, "supply": [{"l": "Fats, Animals, Raw", "v": 0.055369782502826093}, {"l": "Sugar", "v": 0.21994019605253304}, {"l": "Beverages, Alcoholic", "v": 0.00265313541159375}, {"l": "Butter, Ghee", "v": 0.016062225194513512}, {"l": "Wine", "v": 0.0047166851761666663}, {"l": "Sweeteners, Other", "v": 0.010612541646375}, {"l": "Soyabean Oil", "v": 0.030739775803293106}, {"l": "Palm Oil", "v": 0.092219327409879315}]}, {"source": 15, "prod": 526.0, "target": 0, "value": 2.004650403797561, "supply": [{"l": "Maize", "v": 0.045097596329541932}, {"l": "Rice", "v": 1.4551216896576034}, {"l": "Sorghum", "v": 0.067747959587559969}, {"l": "Cereals, Other", "v": 0.032461892094794116}, {"l": "Wheat", "v": 0.39123636907290993}, {"l": "Barley", "v": 0.012984897055151394}]}, {"source": 15, "prod": 68.0, "target": 8, "value": 0.065951365132373749, "supply": [{"l": "Pulses, Other", "v": 0.0039277734207224203}, {"l": "Apples", "v": 0.002122508329275}, {"l": "Tomatoes", "v": 0.0065267783803044273}, {"l": "Bananas", "v": 0.0013693602124354839}, {"l": "Treenuts", "v": 0.04085828533854375}, {"l": "Fruits, Other", "v": 0.0018039911430756976}, {"l": "Vegetables, Other", "v": 0.0005815091313082192}, {"l": "Oranges, Mandarines", "v": 0.001358405330736}, {"l": "Onions", "v": 0.0074027538459727517}]}, {"source": 15, "prod": 12.0, "target": 7, "value": 0.0105758200489827, "supply": [{"l": "Potatoes", "v": 0.0105758200489827}]}, {"source": 4, "prod": 3.0, "target": 16, "value": 0.0017186757045730354, "supply": [{"l": "Milk - Excluding Butter", "v": 0.0017186757045730354}]}, {"source": 0, "prod": 2.0, "target": 16, "value": 0.0062101010963953977, "supply": [{"l": "Wheat", "v": 0.0062101010963953977}]}, {"source": 5, "prod": 9.0, "target": 16, "value": 0.061911392540902346, "supply": [{"l": "Groundnuts", "v": 0.061911392540902346}]}, {"source": 7, "prod": 1.0, "target": 16, "value": 0.00088131833741522507, "supply": [{"l": "Potatoes", "v": 0.00088131833741522507}]}, {"source": 8, "prod": 5.0, "target": 16, "value": 0.0016140160483853628, "supply": [{"l": "Vegetables, Other", "v": 0.0011630182626164384}, {"l": "Fruits, Other", "v": 0.00045099778576892439}]}, {"source": 10, "prod": 186.0, "target": 16, "value": 0.14495465614420028, "supply": [{"l": "Pelagic Fish", "v": 0.069400817305994553}, {"l": "Freshwater Fish", "v": 0.00081859825371487617}, {"l": "Crustaceans", "v": 0.0022640088845600004}, {"l": "Demersal Fish", "v": 0.0036948887743665382}, {"l": "Fish, Seafood", "v": 0.066279274302887867}, {"l": "Cephalopods", "v": 0.002497068622676471}]}, {"source": 11, "prod": 138.0, "target": 16, "value": 1.4283636276586216, "supply": [{"l": "Groundnut Oil", "v": 1.4177510860122466}, {"l": "Cottonseed Oil", "v": 0.010612541646375}]}, {"source": 11, "prod": 60.0, "target": 17, "value": 0.62091288438492542, "supply": [{"l": "Groundnut Oil", "v": 0.62091288438492542}]}, {"source": 10, "prod": 4.0, "target": 17, "value": 0.0031603811703463771, "supply": [{"l": "Fish, Seafood", "v": 0.0014253607376965133}, {"l": "Pelagic Fish", "v": 0.0017350204326498639}]}, {"source": 0, "prod": 15.0, "target": 17, "value": 0.046575758222965474, "supply": [{"l": "Wheat", "v": 0.046575758222965474}]}, {"source": 18, "prod": 270.0, "target": 5, "value": 1.8573417762270708, "supply": [{"l": "Groundnuts", "v": 1.8573417762270708}]}, {"source": 18, "prod": 3.0, "target": 12, "value": 0.030101027215172726, "supply": [{"l": "Sunflowerseed Oil", "v": 0.030101027215172726}]}, {"source": 18, "prod": 30.0, "target": 0, "value": 0.10162193938133994, "supply": [{"l": "Sorghum", "v": 0.10162193938133994}]}, {"source": 1, "prod": 478.0, "target": 10, "value": 0.35715673879865878, "supply": [{"l": "Pelagic Fish", "v": 0.10583624639164169}, {"l": "Crustaceans", "v": 0.0022640088845600004}, {"l": "Freshwater Fish", "v": 0.017190563328012397}, {"l": "Molluscs, Other", "v": 0.0022857782007576926}, {"l": "Demersal Fish", "v": 0.038180517335120893}, {"l": "Fish, Seafood", "v": 0.17033060815473333}, {"l": "Marine Fish, Other", "v": 0.018571947881156251}, {"l": "Cephalopods", "v": 0.002497068622676471}]}, {"source": 1, "prod": 297.0, "target": 4, "value": 0.28149331882550294, "supply": [{"l": "Poultry Meat", "v": 0.012167245199665604}, {"l": "Pigmeat", "v": 0.014150055528500001}, {"l": "Bovine Meat", "v": 0.080842596659150737}, {"l": "Eggs", "v": 0.0099050388699500006}, {"l": "Milk - Excluding Butter", "v": 0.12202597502468551}, {"l": "Offals, Edible", "v": 0.013620374305508023}, {"l": "Meat, Other", "v": 0.0094333703523333343}, {"l": "Mutton & Goat Meat", "v": 0.020763668438559785}]}, {"source": 12, "prod": 44.0, "target": 2, "value": 0.10162089016505259, "supply": [{"l": "Fats, Animals, Raw", "v": 0.064598079586630441}, {"l": "Beer", "v": 0.013590764796148222}, {"l": "Beverages, Alcoholic", "v": 0.00265313541159375}, {"l": "Butter, Ghee", "v": 0.016062225194513512}, {"l": "Wine", "v": 0.0047166851761666663}]}, {"source": 12, "prod": 242.0, "target": 11, "value": 2.5020967933326594, "supply": [{"l": "Soyabean Oil", "v": 0.030739775803293106}, {"l": "Cottonseed Oil", "v": 0.02122508329275}, {"l": "Groundnut Oil", "v": 2.2559834799318961}, {"l": "Palm Oil", "v": 0.14345228708203447}, {"l": "Palmkernel Oil", "v": 0.020595140007513123}, {"l": "Sunflowerseed Oil", "v": 0.030101027215172726}]}, {"source": 12, "prod": 97.0, "target": 6, "value": 0.40069515351313173, "supply": [{"l": "Sweeteners, Other", "v": 0.010612541646375}, {"l": "Sugar", "v": 0.39008261186675675}]}, {"source": 7, "prod": 22.75, "target": 19, "value": 0.076727170072799195, "supply": [{"l": "Potatoes", "v": 0.023534999955000007}, {"l": "Sweet potatoes", "v": 0.01220333331}, {"l": "Cassava", "v": 0.043583333249999995}]}, {"source": 20, "prod": 73.400000000000006, "target": 19, "value": 0.019783125253179053, "supply": [{"l": "Sugar cane", "v": 0.019783125253179053}]}, {"source": 8, "prod": 208.5, "target": 19, "value": 1.2571700661300089, "supply": [{"l": "Tomatoes", "v": 0.11854666644000002}, {"l": "Vegetables, Other", "v": 0.13074999975000001}, {"l": "Onions", "v": 0.12377666643000002}, {"l": "Pulses, Other", "v": 0.057529999889999989}]}, {"source": 0, "prod": 1819.0, "target": 19, "value": 6.4856112836462847, "supply": [{"l": "Maize", "v": 0.36958666596}, {"l": "Barley", "v": 0.013946666640000003}, {"l": "Rice", "v": 1.67011333014}, {"l": "Wheat", "v": 0.43583333249999995}, {"l": "Cereals, Other", "v": 0.052299999900000012}, {"l": "Sorghum", "v": 0.84377333172000002}, {"l": "Millet", "v": 2.9566933276800005}]}, {"source": 5, "prod": 635.5, "target": 19, "value": 3.1752330702241975, "supply": [{"l": "Coconuts - Incl Copra", "v": 0.015689999970000004}, {"l": "Oilcrops, Other", "v": 0.0034866666600000002}, {"l": "Cottonseed", "v": 0.059273333220000009}, {"l": "Groundnuts", "v": 2.1198933292800004}, {"l": "Palm kernels", "v": 0.017433333300000003}]}, {"source": 21, "prod": 0, "target": 0, "value": 0.00043060726755832592, "supply": "[{\"l\":'Energy for power irrigation',\"v\":0.00043060726755832592}]"}, {"source": 21, "prod": 0, "target": 5, "value": 0.00031230883679008912, "supply": "[{\"l\":'Energy for power irrigation',\"v\":0.00031230883679008912}]"}, {"source": 21, "prod": 0, "target": 20, "value": 8.6878981415011329e-05, "supply": "[{\"l\":'Energy for power irrigation',\"v\":8.6878981415011329e-05}]"}, {"source": 21, "prod": 0, "target": 7, "value": 2.1542199751406081e-05, "supply": "[{\"l\":'Energy for power irrigation',\"v\":2.1542199751406081e-05}]"}, {"source": 21, "prod": 0, "target": 8, "value": 9.8715354904794876e-05, "supply": "[{\"l\":'Energy for power irrigation',\"v\":9.8715354904794876e-05}]"}, {"source": 21, "prod": 0, "target": 9, "value": 6.1549142146874513e-06, "supply": "[{\"l\":'Energy for power irrigation',\"v\":6.1549142146874513e-06}]"}, {"source": 21, "prod": 0, "target": 12, "value": 0.0042492559574182744, "supply": "[{\"l\":'Electricity',\"v\":0.0042492559574182744}]"}, {"source": 22, "prod": 0, "target": 21, "value": 0.012888020841114322, "supply": [{"l": "Coal", "v": 0.0}, {"l": "Natural gas", "v": 0.0}, {"l": "Oil", "v": 0.012888020841114322}]}, {"source": 23, "prod": 0, "target": 21, "value": 0.00030801559242914727, "supply": [{"l": "Nuclear", "v": 0.0}, {"l": "Hydroelectric", "v": 0.0}, {"l": "Renewable", "v": 0.00030801559242914727}]}, {"source": 22, "prod": 0, "target": 0, "value": 0.20123417897608922, "supply": [{"l": "Motor Gasoline", "v": 0.03879077447658686}, {"l": "Gas-Diesel oil", "v": 0.15060977900616115}, {"l": "Liquefied petroleum gas (LPG)", "v": 0.011833625493341233}]}, {"source": 22, "prod": 0, "target": 5, "value": 0.14595018963519549, "supply": [{"l": "Motor Gasoline", "v": 0.028133992544212179}, {"l": "Gas-Diesel oil", "v": 0.10923356021680573}, {"l": "Liquefied petroleum gas (LPG)", "v": 0.0085826368741775943}]}, {"source": 22, "prod": 0, "target": 20, "value": 0.040600848644433613, "supply": [{"l": "Motor Gasoline", "v": 0.0078263959499215927}, {"l": "Gas-Diesel oil", "v": 0.030386909782991283}, {"l": "Liquefied petroleum gas (LPG)", "v": 0.0023875429115207437}]}, {"source": 22, "prod": 0, "target": 7, "value": 0.010067240399573458, "supply": [{"l": "Motor Gasoline", "v": 0.001940604990307534}, {"l": "Gas-Diesel oil", "v": 0.0075346288562730427}, {"l": "Liquefied petroleum gas (LPG)", "v": 0.00059200655299288191}]}, {"source": 22, "prod": 0, "target": 8, "value": 0.046132299413430014, "supply": [{"l": "Motor Gasoline", "v": 0.0088926624281125445}, {"l": "Gas-Diesel oil", "v": 0.034526815747976468}, {"l": "Liquefied petroleum gas (LPG)", "v": 0.0027128212373410082}]}, {"source": 22, "prod": 0, "target": 9, "value": 0.0028763543998781304, "supply": [{"l": "Motor Gasoline", "v": 0.0005544585686592954}, {"l": "Gas-Diesel oil", "v": 0.0021527511017922977}, {"l": "Liquefied petroleum gas (LPG)", "v": 0.00016914472942653768}]}, {"source": 24, "prod": 13.059519032943768, "target": 0, "value": 0.099971619006589643, "supply": [{"l": "Potash", "v": 0.02051111112752}, {"l": "Phosphate", "v": 0.054708333377100002}, {"l": "Nitrogen", "v": 0.14677777789519997}]}, {"source": 24, "prod": 9.471747240457919, "target": 5, "value": 0.07250695098809716, "supply": [{"l": "Potash", "v": 0.02051111112752}, {"l": "Phosphate", "v": 0.054708333377100002}, {"l": "Nitrogen", "v": 0.14677777789519997}]}, {"source": 24, "prod": 2.6348782215999798, "target": 20, "value": 0.020170194708861132, "supply": [{"l": "Potash", "v": 0.02051111112752}, {"l": "Phosphate", "v": 0.054708333377100002}, {"l": "Nitrogen", "v": 0.14677777789519997}]}, {"source": 24, "prod": 0.65333492688173878, "target": 7, "value": 0.0050013289332598446, "supply": [{"l": "Potash", "v": 0.02051111112752}, {"l": "Phosphate", "v": 0.054708333377100002}, {"l": "Nitrogen", "v": 0.14677777789519997}]}, {"source": 24, "prod": 2.9938534561503851, "target": 8, "value": 0.022918177639223682, "supply": [{"l": "Potash", "v": 0.02051111112752}, {"l": "Phosphate", "v": 0.054708333377100002}, {"l": "Nitrogen", "v": 0.14677777789519997}]}, {"source": 24, "prod": 0.18666712196621107, "target": 9, "value": 0.0014289511237885269, "supply": [{"l": "Potash", "v": 0.02051111112752}, {"l": "Phosphate", "v": 0.054708333377100002}, {"l": "Nitrogen", "v": 0.14677777789519997}]}, {"source": 22, "prod": 0, "target": 24, "value": 0.2803215997288101, "supply": [{"l": "Natural gas (including LNG)", "v": 0.18673796648632141}, {"l": "Fuel oil", "v": 0.067637551300827867}, {"l": "Liquefied petroleum gas (LPG)", "v": 0.012973040970830407}, {"l": "Coal", "v": 0.012973040970830407}]}, {"source": 25, "prod": 0, "target": 0, "value": 0.49161926383854188, "supply": "[{\"l\":'Labor',\"v\":0.49161926383854188}]"}, {"source": 25, "prod": 0, "target": 5, "value": 0.35655933376047422, "supply": "[{\"l\":'Labor',\"v\":0.35655933376047422}]"}, {"source": 25, "prod": 0, "target": 20, "value": 0.09918871348474155, "supply": "[{\"l\":'Labor',\"v\":0.09918871348474155}]"}, {"source": 25, "prod": 0, "target": 7, "value": 0.02459447664063074, "supply": "[{\"l\":'Labor',\"v\":0.02459447664063074}]"}, {"source": 25, "prod": 0, "target": 8, "value": 0.1127021621883848, "supply": "[{\"l\":'Labor',\"v\":0.1127021621883848}]"}, {"source": 25, "prod": 0, "target": 9, "value": 0.0070269933258944968, "supply": "[{\"l\":'Labor',\"v\":0.0070269933258944968}]"}, {"source": 22, "prod": 0, "target": 15, "value": 0.54876507094068749, "supply": "[{\"l\":'Fossil Fuels',\"v\":0.54876507094068749}]"}, {"source": 23, "prod": 0, "target": 15, "value": 0.74777019138775569, "supply": "[{\"l\":'Renewables & Nuclear',\"v\":0.0},{\"l\":'Biomass & Waste',\"v\":0.74777019138775569}]"}]}