{"nodes": [{"layer": 5, "name": "Cereals", "fill": "#e7ba52"}, {"layer": 10, "name": "Feed", "fill": "#dbdb8d"}, {"layer": 13, "name": "Other Processed", "fill": "#9c9ede"}, {"layer": 16, "name": "Food", "fill": "#b5cf6b"}, {"layer": 13, "name": "Animal Products", "fill": "#17becf"}, {"layer": 5, "name": "Oilcrops", "fill": "#ff9896"}, {"layer": 5, "name": "Fruits, Roots & Vegetables", "fill": "#98df8a"}, {"layer": 13, "name": "Sugar", "fill": "#d6616b"}, {"layer": 13, "name": "Aquatic Products", "fill": "#1f77b4"}, {"layer": 13, "name": "Vegetable Oils", "fill": "#f7b6d2"}, {"layer": 10, "name": "Processing", "fill": "#9edae5"}, {"layer": 16, "name": "Biofuels & Other", "fill": "#e7ba52"}, {"name": "Seed", "fill": "#dbdb8d"}, {"name": "Waste", "fill": "#c7c7c7"}, {"layer": 0, "name": "Import", "fill": "#aec7e8"}, {"layer": 16, "name": "Export", "fill": "#aec7e8"}, {"layer": 0, "name": "Stock Draw", "fill": "#c7c7c7"}, {"layer": 0, "name": "Production", "fill": "#b5cf6b"}, {"layer": 5, "name": "Sugar Crops", "fill": "#ffbb78"}], "links": [{"source": 0, "prod": 0.11465312687985957, "target": 1, "value": 39.0, "supply": [{"l": "Maize", "v": 5.0}, {"l": "Millet", "v": 34.0}]}, {"source": 2, "prod": 0.04416406368560976, "target": 3, "value": 31.0, "supply": [{"l": "Beer", "v": 21.0}, {"l": "Butter, Ghee", "v": 2.0}, {"l": "Fats, Animals, Raw", "v": 1.0}, {"l": "Wine", "v": 7.0}]}, {"source": 4, "prod": 0.25460281415781505, "target": 3, "value": 270.0, "supply": [{"l": "Eggs", "v": 5.0}, {"l": "Mutton & Goat Meat", "v": 10.0}, {"l": "Pigmeat", "v": 4.0}, {"l": "Milk - Excluding Butter", "v": 195.0}, {"l": "Meat, Other", "v": 7.0}, {"l": "Bovine Meat", "v": 31.0}, {"l": "Poultry Meat", "v": 9.0}, {"l": "Offals, Edible", "v": 9.0}]}, {"source": 0, "prod": 3.458300897982415, "target": 3, "value": 1003.0, "supply": [{"l": "Maize", "v": 80.0}, {"l": "Rice", "v": 357.0}, {"l": "Wheat", "v": 110.0}, {"l": "Cereals, Other", "v": 13.0}, {"l": "Sorghum", "v": 105.0}, {"l": "Millet", "v": 338.0}]}, {"source": 5, "prod": 0.29171170744686226, "target": 3, "value": 47.0, "supply": [{"l": "Coconuts - Incl Copra", "v": 5.0}, {"l": "Oilcrops, Other", "v": 1.0}, {"l": "Groundnuts", "v": 41.0}]}, {"source": 6, "prod": 0.26966213106622622, "target": 3, "value": 246.0, "supply": [{"l": "Nuts", "v": 10.0}, {"l": "Tomatoes", "v": 24.0}, {"l": "Coffee", "v": 2.0}, {"l": "Treenuts", "v": 10.0}, {"l": "Vegetables, Other", "v": 32.0}, {"l": "Pimento", "v": 3.0}, {"l": "Potatoes", "v": 17.0}, {"l": "Pulses, Other", "v": 19.0}, {"l": "Bananas", "v": 5.0}, {"l": "Fruits, Other", "v": 40.0}, {"l": "Sweet potatoes", "v": 6.0}, {"l": "Oranges, Mandarines", "v": 20.0}, {"l": "Tea", "v": 1.0}, {"l": "Cassava", "v": 16.0}, {"l": "Onions", "v": 38.0}, {"l": "Apples", "v": 3.0}]}, {"source": 7, "prod": 0.34635103503469711, "target": 3, "value": 84.0, "supply": [{"l": "Sugar", "v": 82.0}, {"l": "Sweeteners, Other", "v": 2.0}]}, {"source": 8, "prod": 0.18995852284391493, "target": 3, "value": 270.0, "supply": [{"l": "Crustaceans", "v": 1.0}, {"l": "Marine Fish, Other", "v": 13.0}, {"l": "Freshwater Fish", "v": 23.0}, {"l": "Fish, Seafood", "v": 135.0}, {"l": "Pelagic Fish", "v": 34.0}, {"l": "Molluscs, Other", "v": 10.0}, {"l": "Demersal Fish", "v": 54.0}]}, {"source": 9, "prod": 0.42814163001934286, "target": 3, "value": 42.0, "supply": [{"l": "Groundnut Oil", "v": 8.0}, {"l": "Soyabean Oil", "v": 3.0}, {"l": "Palm Oil", "v": 9.0}, {"l": "Sunflowerseed Oil", "v": 20.0}, {"l": "Cottonseed Oil", "v": 2.0}]}, {"source": 0, "prod": 0.013862618743615345, "target": 10, "value": 4.0, "supply": [{"l": "Rice", "v": 1.0}, {"l": "Barley", "v": 3.0}]}, {"source": 5, "prod": 1.4647969177650477, "target": 10, "value": 228.41935483870969, "supply": [{"l": "Cottonseed", "v": 9.0}, {"l": "Palm kernels", "v": 5.0}, {"l": "Groundnuts", "v": 181.0}, {"l": "Oil Palm", "v": 33.41935483870968}]}, {"source": 8, "prod": 0.014261416716970045, "target": 11, "value": 20.0, "supply": [{"l": "Marine Fish, Other", "v": 10.0}, {"l": "Fish, Seafood", "v": 10.0}]}, {"source": 2, "prod": 0.063675249878250004, "target": 11, "value": 6.0, "supply": [{"l": "Fats, Animals, Raw", "v": 6.0}]}, {"source": 9, "prod": 0.060835315872459897, "target": 11, "value": 6.0, "supply": [{"l": "Palm Oil", "v": 4.0}, {"l": "Palmkernel Oil", "v": 2.0}]}, {"source": 5, "prod": 0.27484881520378601, "target": 11, "value": 40.0, "supply": [{"l": "Groundnuts", "v": 40.0}]}, {"source": 6, "prod": 0.0085946723831931103, "target": 12, "value": 3.0, "supply": [{"l": "Pulses, Other", "v": 2.0}, {"l": "Potatoes", "v": 1.0}]}, {"source": 4, "prod": 0.0013842445625706524, "target": 4, "value": 1.0, "supply": [{"l": "Eggs", "v": 1.0}]}, {"source": 0, "prod": 0.12574636663927963, "target": 12, "value": 41.0, "supply": [{"l": "Maize", "v": 2.0}, {"l": "Rice", "v": 4.0}, {"l": "Sorghum", "v": 4.0}, {"l": "Millet", "v": 31.0}]}, {"source": 5, "prod": 0.87588261414603141, "target": 12, "value": 128.0, "supply": [{"l": "Groundnuts", "v": 125.0}, {"l": "Cottonseed", "v": 3.0}]}, {"source": 6, "prod": 0.016357869665124047, "target": 13, "value": 27.0, "supply": [{"l": "Bananas", "v": 1.0}, {"l": "Potatoes", "v": 2.0}, {"l": "Vegetables, Other", "v": 4.0}, {"l": "Fruits, Other", "v": 8.0}, {"l": "Sweet potatoes", "v": 1.0}, {"l": "Onions", "v": 3.0}, {"l": "Oranges, Mandarines", "v": 2.0}, {"l": "Tomatoes", "v": 2.0}, {"l": "Cassava", "v": 4.0}]}, {"source": 4, "prod": 0.0042328422631967236, "target": 13, "value": 6.0, "supply": [{"l": "Eggs", "v": 1.0}, {"l": "Milk - Excluding Butter", "v": 5.0}]}, {"source": 0, "prod": 0.36449539245756019, "target": 13, "value": 117.0, "supply": [{"l": "Maize", "v": 6.0}, {"l": "Wheat", "v": 2.0}, {"l": "Millet", "v": 76.0}, {"l": "Rice", "v": 11.0}, {"l": "Sorghum", "v": 22.0}]}, {"source": 5, "prod": 0.37104590052511116, "target": 13, "value": 54.0, "supply": [{"l": "Groundnuts", "v": 54.0}]}, {"source": 14, "prod": 0.54992900713328596, "target": 10, "value": 82.0, "supply": [{"l": "Fats, Animals, Raw", "v": 6.0}, {"l": "Sugar", "v": 34.0}, {"l": "Butter, Ghee", "v": 2.0}, {"l": "Wine", "v": 7.0}, {"l": "Sweeteners, Other", "v": 2.0}, {"l": "Soyabean Oil", "v": 3.0}, {"l": "Palm Oil", "v": 8.0}, {"l": "Sunflowerseed Oil", "v": 20.0}]}, {"source": 14, "prod": 1.8171509179110967, "target": 0, "value": 479.0, "supply": [{"l": "Maize", "v": 35.0}, {"l": "Barley", "v": 3.0}, {"l": "Rice", "v": 300.0}, {"l": "Sorghum", "v": 29.0}, {"l": "Cereals, Other", "v": 12.0}, {"l": "Wheat", "v": 100.0}]}, {"source": 14, "prod": 0.00086632993031632646, "target": 5, "value": 1.0, "supply": [{"l": "Coconuts - Incl Copra", "v": 1.0}]}, {"source": 14, "prod": 0.087183911002370398, "target": 6, "value": 64.0, "supply": [{"l": "Potatoes", "v": 13.0}, {"l": "Fruits, Other", "v": 2.0}, {"l": "Coffee", "v": 2.0}, {"l": "Nuts", "v": 8.0}, {"l": "Bananas", "v": 1.0}, {"l": "Treenuts", "v": 8.0}, {"l": "Tea", "v": 1.0}, {"l": "Vegetables, Other", "v": 1.0}, {"l": "Tomatoes", "v": 10.0}, {"l": "Oranges, Mandarines", "v": 3.0}, {"l": "Onions", "v": 12.0}, {"l": "Apples", "v": 3.0}]}, {"source": 14, "prod": 0.088235561454186637, "target": 1, "value": 138.0, "supply": [{"l": "Milk - Excluding Butter", "v": 103.0}, {"l": "Fish, Seafood", "v": 17.0}, {"l": "Pelagic Fish", "v": 17.0}, {"l": "Bovine Meat", "v": 1.0}]}, {"source": 6, "prod": 0.015998670854818993, "target": 15, "value": 25.0, "supply": [{"l": "Coffee", "v": 1.0}, {"l": "Bananas", "v": 1.0}, {"l": "Potatoes", "v": 1.0}, {"l": "Vegetables, Other", "v": 10.0}, {"l": "Fruits, Other", "v": 4.0}, {"l": "Onions", "v": 1.0}, {"l": "Cassava", "v": 7.0}]}, {"source": 8, "prod": 0.1693166358723093, "target": 15, "value": 214.0, "supply": [{"l": "Pelagic Fish", "v": 94.0}, {"l": "Crustaceans", "v": 4.0}, {"l": "Demersal Fish", "v": 7.0}, {"l": "Fish, Seafood", "v": 107.0}, {"l": "Cephalopods", "v": 2.0}]}, {"source": 9, "prod": 0.77144991376571914, "target": 15, "value": 76.0, "supply": [{"l": "Groundnut Oil", "v": 74.0}, {"l": "Palm Oil", "v": 2.0}]}, {"source": 0, "prod": 0.028532100514760197, "target": 15, "value": 8.0, "supply": [{"l": "Wheat", "v": 2.0}, {"l": "Millet", "v": 2.0}, {"l": "Rice", "v": 4.0}]}, {"source": 5, "prod": 0.020613661140283953, "target": 15, "value": 3.0, "supply": [{"l": "Groundnuts", "v": 3.0}]}, {"source": 16, "prod": 0.52908396926728818, "target": 5, "value": 77.0, "supply": [{"l": "Groundnuts", "v": 77.0}]}, {"source": 16, "prod": 0.26933102652323332, "target": 0, "value": 78.0, "supply": [{"l": "Wheat", "v": 15.0}, {"l": "Rice", "v": 33.0}, {"l": "Millet", "v": 30.0}]}, {"source": 16, "prod": 0.0032192893880228688, "target": 1, "value": 4.0, "supply": [{"l": "Pelagic Fish", "v": 2.0}, {"l": "Fish, Seafood", "v": 2.0}]}, {"source": 17, "prod": 2.0170060127100067, "target": 0, "value": 655.0, "supply": [{"l": "Maize", "v": 57.0}, {"l": "Rice", "v": 43.0}, {"l": "Cereals, Other", "v": 2.0}, {"l": "Sorghum", "v": 102.0}, {"l": "Millet", "v": 451.0}]}, {"source": 17, "prod": 2.7677381188608234, "target": 5, "value": 422.41935483870969, "supply": [{"l": "Coconuts - Incl Copra", "v": 4.0}, {"l": "Oilcrops, Other", "v": 1.0}, {"l": "Cottonseed", "v": 13.0}, {"l": "Groundnuts", "v": 366.0}, {"l": "Palm kernels", "v": 5.0}, {"l": "Oil Palm", "v": 33.41935483870968}]}, {"source": 17, "prod": 0.22973021434214347, "target": 6, "value": 236.0, "supply": [{"l": "Nuts", "v": 3.0}, {"l": "Tomatoes", "v": 16.0}, {"l": "Treenuts", "v": 3.0}, {"l": "Vegetables, Other", "v": 45.0}, {"l": "Pimento", "v": 3.0}, {"l": "Potatoes", "v": 8.0}, {"l": "Pulses, Other", "v": 21.0}, {"l": "Bananas", "v": 6.0}, {"l": "Fruits, Other", "v": 49.0}, {"l": "Sweet potatoes", "v": 7.0}, {"l": "Oranges, Mandarines", "v": 19.0}, {"l": "Onions", "v": 29.0}, {"l": "Cassava", "v": 27.0}]}, {"source": 17, "prod": 0.14709837945012089, "target": 18, "value": 473.0, "supply": [{"l": "Sugar cane", "v": 473.0}]}, {"source": 1, "prod": 0.3735365754331943, "target": 8, "value": 504.0, "supply": [{"l": "Pelagic Fish", "v": 128.0}, {"l": "Crustaceans", "v": 5.0}, {"l": "Freshwater Fish", "v": 23.0}, {"l": "Molluscs, Other", "v": 10.0}, {"l": "Marine Fish, Other", "v": 23.0}, {"l": "Fish, Seafood", "v": 252.0}, {"l": "Demersal Fish", "v": 61.0}, {"l": "Cephalopods", "v": 2.0}]}, {"source": 1, "prod": 0.25883565642101175, "target": 4, "value": 276.0, "supply": [{"l": "Poultry Meat", "v": 9.0}, {"l": "Pigmeat", "v": 4.0}, {"l": "Bovine Meat", "v": 31.0}, {"l": "Eggs", "v": 7.0}, {"l": "Milk - Excluding Butter", "v": 200.0}, {"l": "Offals, Edible", "v": 9.0}, {"l": "Meat, Other", "v": 7.0}, {"l": "Mutton & Goat Meat", "v": 10.0}]}, {"source": 10, "prod": 0.10783931356385976, "target": 2, "value": 37.0, "supply": [{"l": "Fats, Animals, Raw", "v": 7.0}, {"l": "Beer", "v": 21.0}, {"l": "Butter, Ghee", "v": 2.0}, {"l": "Wine", "v": 7.0}]}, {"source": 10, "prod": 1.2604268596575219, "target": 9, "value": 124.0, "supply": [{"l": "Soyabean Oil", "v": 3.0}, {"l": "Cottonseed Oil", "v": 2.0}, {"l": "Groundnut Oil", "v": 82.0}, {"l": "Palm Oil", "v": 15.0}, {"l": "Palmkernel Oil", "v": 2.0}, {"l": "Sunflowerseed Oil", "v": 20.0}]}, {"source": 10, "prod": 0.34635103503469711, "target": 7, "value": 84.0, "supply": [{"l": "Sweeteners, Other", "v": 2.0}, {"l": "Sugar", "v": 82.0}]}]}