{"nodes": [{"layer": 3, "name": "Maize"}, {"layer": 5, "name": "Production", "fill": "#b5cf6b"}, {"layer": 3, "name": "Nuts"}, {"layer": 3, "name": "Rice"}, {"layer": 3, "name": "Tomatoes"}, {"layer": 3, "name": "Coconuts - Incl Copra"}, {"layer": 3, "name": "Treenuts"}, {"layer": 3, "name": "Vegetables, Other"}, {"layer": 3, "name": "Pimento"}, {"layer": 3, "name": "Oilcrops, Other"}, {"layer": 3, "name": "Sugar cane"}, {"layer": 3, "name": "Cereals, Other"}, {"layer": 3, "name": "Cottonseed"}, {"layer": 3, "name": "Potatoes"}, {"layer": 3, "name": "Groundnuts"}, {"layer": 3, "name": "Pulses, Other"}, {"layer": 3, "name": "Sorghum"}, {"layer": 3, "name": "Bananas"}, {"layer": 3, "name": "Fruits, Other"}, {"layer": 3, "name": "Millet"}, {"layer": 3, "name": "Sweet potatoes"}, {"layer": 3, "name": "Oranges, Mandarines"}, {"layer": 3, "name": "Palm kernels"}, {"layer": 3, "name": "Onions"}, {"layer": 3, "name": "Cassava"}, {"layer": 3, "name": "Oil Palm"}, {"layer": 1, "name": "Electricity", "fill": "#bcbd22"}, {"layer": 0, "name": "Fossil Fuels", "fill": "#c49c94"}, {"layer": 0, "name": "Renewables & Nuclear", "fill": "#2ca02c"}, {"layer": 1, "name": "Fertilizers", "fill": "#c5b0d5"}, {"layer": 0, "name": "Labor", "fill": "#7f7f7f"}], "links": [{"source": 0, "prod": 95.0, "target": 1, "value": 0.33031913813859509, "supply": [{"l": "Maize", "v": 0.33031913813859509}]}, {"source": 2, "prod": 3.0, "target": 1, "value": 0.011262289094112246, "supply": [{"l": "Nuts", "v": 0.011262289094112246}]}, {"source": 3, "prod": 85.0, "target": 1, "value": 0.35373122569393567, "supply": [{"l": "Rice", "v": 0.35373122569393567}]}, {"source": 4, "prod": 13.0, "target": 1, "value": 0.0039844921704801448, "supply": [{"l": "Tomatoes", "v": 0.0039844921704801448}]}, {"source": 5, "prod": 4.0, "target": 1, "value": 0.0048514476097714296, "supply": [{"l": "Coconuts - Incl Copra", "v": 0.0048514476097714296}]}, {"source": 6, "prod": 3.0, "target": 1, "value": 0.011825403548817859, "supply": [{"l": "Treenuts", "v": 0.011825403548817859}]}, {"source": 7, "prod": 42.0, "target": 1, "value": 0.0092698803982201056, "supply": [{"l": "Vegetables, Other", "v": 0.0092698803982201056}]}, {"source": 8, "prod": 3.0, "target": 1, "value": 0.012014198090235849, "supply": [{"l": "Pimento", "v": 0.012014198090235849}]}, {"source": 9, "prod": 2.0, "target": 1, "value": 0.007718212106454546, "supply": [{"l": "Oilcrops, Other", "v": 0.007718212106454546}]}, {"source": 10, "prod": 600.0, "target": 1, "value": 0.21831514243971431, "supply": [{"l": "Sugar cane", "v": 0.21831514243971431}]}, {"source": 11, "prod": 2.0, "target": 1, "value": 0.0052061525057688681, "supply": [{"l": "Cereals, Other", "v": 0.0052061525057688681}]}, {"source": 12, "prod": 25.0, "target": 1, "value": 0.096477651330681813, "supply": [{"l": "Cottonseed", "v": 0.096477651330681813}]}, {"source": 13, "prod": 9.0, "target": 1, "value": 0.007796969372846939, "supply": [{"l": "Potatoes", "v": 0.007796969372846939}]}, {"source": 14, "prod": 611.0, "target": 1, "value": 4.1920943809259219, "supply": [{"l": "Groundnuts", "v": 4.1920943809259219}]}, {"source": 15, "prod": 26.0, "target": 1, "value": 0.10267017034632558, "supply": [{"l": "Pulses, Other", "v": 0.10267017034632558}]}, {"source": 16, "prod": 196.0, "target": 1, "value": 0.66398646655625593, "supply": [{"l": "Sorghum", "v": 0.66398646655625593}]}, {"source": 17, "prod": 6.0, "target": 1, "value": 0.0041414796668780493, "supply": [{"l": "Bananas", "v": 0.0041414796668780493}]}, {"source": 18, "prod": 52.0, "target": 1, "value": 0.025336110903253949, "supply": [{"l": "Fruits, Other", "v": 0.025336110903253949}]}, {"source": 19, "prod": 790.0, "target": 1, "value": 2.2572059732482215, "supply": [{"l": "Millet", "v": 2.2572059732482215}]}, {"source": 20, "prod": 8.0, "target": 1, "value": 0.0091784143968648649, "supply": [{"l": "Sweet potatoes", "v": 0.0091784143968648649}]}, {"source": 21, "prod": 20.0, "target": 1, "value": 0.0073826376670434778, "supply": [{"l": "Oranges, Mandarines", "v": 0.0073826376670434778}]}, {"source": 22, "prod": 6.0, "target": 1, "value": 0.023154636319363639, "supply": [{"l": "Palm kernels", "v": 0.023154636319363639}]}, {"source": 23, "prod": 30.0, "target": 1, "value": 0.013445754122104072, "supply": [{"l": "Onions", "v": 0.013445754122104072}]}, {"source": 24, "prod": 34.0, "target": 1, "value": 0.043454364074619355, "supply": [{"l": "Cassava", "v": 0.043454364074619355}]}, {"source": 25, "prod": 33.870967741935488, "target": 1, "value": 0.14378282230572581, "supply": [{"l": "Oil Palm", "v": 0.14378282230572581}]}, {"source": 26, "prod": 0, "target": 0, "value": 3.6330213878925929e-05, "supply": "[{\"l\":'Energy for power irrigation',\"v\":3.6330213878925929e-05}]"}, {"source": 26, "prod": 0, "target": 18, "value": 1.9339964602214296e-05, "supply": "[{\"l\":'Energy for power irrigation',\"v\":1.9339964602214296e-05}]"}, {"source": 26, "prod": 0, "target": 3, "value": 9.109665569641128e-05, "supply": "[{\"l\":'Energy for power irrigation',\"v\":9.109665569641128e-05}]"}, {"source": 26, "prod": 0, "target": 2, "value": 1.9882206600407222e-06, "supply": "[{\"l\":'Energy for power irrigation',\"v\":1.9882206600407222e-06}]"}, {"source": 26, "prod": 0, "target": 11, "value": 2.7112099909646215e-06, "supply": "[{\"l\":'Energy for power irrigation',\"v\":2.7112099909646215e-06}]"}, {"source": 26, "prod": 0, "target": 5, "value": 1.8074733273097474e-06, "supply": "[{\"l\":'Energy for power irrigation',\"v\":1.8074733273097474e-06}]"}, {"source": 26, "prod": 0, "target": 6, "value": 1.9882206600407222e-06, "supply": "[{\"l\":'Energy for power irrigation',\"v\":1.9882206600407222e-06}]"}, {"source": 26, "prod": 0, "target": 7, "value": 1.554427061486383e-05, "supply": "[{\"l\":'Energy for power irrigation',\"v\":1.554427061486383e-05}]"}, {"source": 26, "prod": 0, "target": 4, "value": 5.4224199819292429e-06, "supply": "[{\"l\":'Energy for power irrigation',\"v\":5.4224199819292429e-06}]"}, {"source": 26, "prod": 0, "target": 14, "value": 0.0002234037032554848, "supply": "[{\"l\":'Energy for power irrigation',\"v\":0.0002234037032554848}]"}, {"source": 26, "prod": 0, "target": 25, "value": 6.1220870763717258e-06, "supply": "[{\"l\":'Energy for power irrigation',\"v\":6.1220870763717258e-06}]"}, {"source": 26, "prod": 0, "target": 9, "value": 5.4224199819292431e-07, "supply": "[{\"l\":'Energy for power irrigation',\"v\":5.4224199819292431e-07}]"}, {"source": 26, "prod": 0, "target": 12, "value": 9.2181139692797115e-06, "supply": "[{\"l\":'Energy for power irrigation',\"v\":9.2181139692797115e-06}]"}, {"source": 26, "prod": 0, "target": 13, "value": 5.2416726491982679e-06, "supply": "[{\"l\":'Energy for power irrigation',\"v\":5.2416726491982679e-06}]"}, {"source": 26, "prod": 0, "target": 8, "value": 1.0844839963858486e-06, "supply": "[{\"l\":'Energy for power irrigation',\"v\":1.0844839963858486e-06}]"}, {"source": 26, "prod": 0, "target": 15, "value": 9.3988613020106874e-06, "supply": "[{\"l\":'Energy for power irrigation',\"v\":9.3988613020106874e-06}]"}, {"source": 26, "prod": 0, "target": 16, "value": 7.4648648417892561e-05, "supply": "[{\"l\":'Energy for power irrigation',\"v\":7.4648648417892561e-05}]"}, {"source": 26, "prod": 0, "target": 10, "value": 0.00010844839963858485, "supply": "[{\"l\":'Energy for power irrigation',\"v\":0.00010844839963858485}]"}, {"source": 26, "prod": 0, "target": 17, "value": 2.5304626582336469e-06, "supply": "[{\"l\":'Energy for power irrigation',\"v\":2.5304626582336469e-06}]"}, {"source": 26, "prod": 0, "target": 19, "value": 0.00028558078571494006, "supply": "[{\"l\":'Energy for power irrigation',\"v\":0.00028558078571494006}]"}, {"source": 26, "prod": 0, "target": 20, "value": 2.7112099909646215e-06, "supply": "[{\"l\":'Energy for power irrigation',\"v\":2.7112099909646215e-06}]"}, {"source": 26, "prod": 0, "target": 21, "value": 7.5913879747009397e-06, "supply": "[{\"l\":'Energy for power irrigation',\"v\":7.5913879747009397e-06}]"}, {"source": 26, "prod": 0, "target": 22, "value": 2.1689679927716972e-06, "supply": "[{\"l\":'Energy for power irrigation',\"v\":2.1689679927716972e-06}]"}, {"source": 26, "prod": 0, "target": 23, "value": 1.2833060623899207e-05, "supply": "[{\"l\":'Energy for power irrigation',\"v\":1.2833060623899207e-05}]"}, {"source": 26, "prod": 0, "target": 24, "value": 1.2290818625706283e-05, "supply": "[{\"l\":'Energy for power irrigation',\"v\":1.2290818625706283e-05}]"}, {"source": 27, "prod": 0, "target": 26, "value": 0.0023922715304082556, "supply": [{"l": "Coal", "v": 0.0}, {"l": "Natural gas", "v": 0.0}, {"l": "Oil", "v": 0.0023922715304082556}]}, {"source": 28, "prod": 0, "target": 26, "value": 5.5381263660862766e-05, "supply": [{"l": "Nuclear", "v": 0.0}, {"l": "Hydroelectric", "v": 0.0}, {"l": "Renewable", "v": 5.5381263660862766e-05}]}, {"source": 27, "prod": 0, "target": 0, "value": 0.010184905049901242, "supply": [{"l": "Motor Gasoline", "v": 0.0032448154734605219}, {"l": "Gas-Diesel oil", "v": 0.0049493638147269474}, {"l": "Liquefied petroleum gas (LPG)", "v": 0.00098987276294538952}, {"l": "Other fossil fuels", "v": 0.0010008529987683835}]}, {"source": 27, "prod": 0, "target": 18, "value": 0.0054218151260668297, "supply": [{"l": "Motor Gasoline", "v": 0.001727339580399382}, {"l": "Gas-Diesel oil", "v": 0.0026347359610735489}, {"l": "Liquefied petroleum gas (LPG)", "v": 0.0005269471922147098}, {"l": "Other fossil fuels", "v": 0.00053279239237918918}]}, {"source": 27, "prod": 0, "target": 3, "value": 0.025538269378856848, "supply": [{"l": "Motor Gasoline", "v": 0.0081362537244980236}, {"l": "Gas-Diesel oil", "v": 0.01241034508767354}, {"l": "Liquefied petroleum gas (LPG)", "v": 0.002482069017534708}, {"l": "Other fossil fuels", "v": 0.0025096015491505733}]}, {"source": 27, "prod": 0, "target": 2, "value": 0.00055738286342743115, "supply": [{"l": "Motor Gasoline", "v": 0.0001775769662092823}, {"l": "Gas-Diesel oil", "v": 0.00027086070627858921}, {"l": "Liquefied petroleum gas (LPG)", "v": 5.4172141255717839e-05}, {"l": "Other fossil fuels", "v": 5.4773049683841885e-05}]}, {"source": 27, "prod": 0, "target": 11, "value": 0.00076006754103740619, "supply": [{"l": "Motor Gasoline", "v": 0.00024215040846720313}, {"l": "Gas-Diesel oil", "v": 0.00036935550856171252}, {"l": "Liquefied petroleum gas (LPG)", "v": 7.3871101712342512e-05}, {"l": "Other fossil fuels", "v": 7.4690522296148027e-05}]}, {"source": 27, "prod": 0, "target": 5, "value": 0.00050671169402493742, "supply": [{"l": "Motor Gasoline", "v": 0.00016143360564480208}, {"l": "Gas-Diesel oil", "v": 0.00024623700570780831}, {"l": "Liquefied petroleum gas (LPG)", "v": 4.924740114156167e-05}, {"l": "Other fossil fuels", "v": 4.9793681530765345e-05}]}, {"source": 27, "prod": 0, "target": 6, "value": 0.00055738286342743115, "supply": [{"l": "Motor Gasoline", "v": 0.0001775769662092823}, {"l": "Gas-Diesel oil", "v": 0.00027086070627858921}, {"l": "Liquefied petroleum gas (LPG)", "v": 5.4172141255717839e-05}, {"l": "Other fossil fuels", "v": 5.4773049683841885e-05}]}, {"source": 27, "prod": 0, "target": 7, "value": 0.0043577205686144618, "supply": [{"l": "Motor Gasoline", "v": 0.0013883290085452977}, {"l": "Gas-Diesel oil", "v": 0.0021176382490871518}, {"l": "Liquefied petroleum gas (LPG)", "v": 0.00042352764981743032}, {"l": "Other fossil fuels", "v": 0.00042822566116458192}]}, {"source": 27, "prod": 0, "target": 4, "value": 0.0015201350820748124, "supply": [{"l": "Motor Gasoline", "v": 0.00048430081693440625}, {"l": "Gas-Diesel oil", "v": 0.00073871101712342504}, {"l": "Liquefied petroleum gas (LPG)", "v": 0.00014774220342468502}, {"l": "Other fossil fuels", "v": 0.00014938104459229605}]}, {"source": 27, "prod": 0, "target": 14, "value": 0.062629565381482261, "supply": [{"l": "Motor Gasoline", "v": 0.019953193657697536}, {"l": "Gas-Diesel oil", "v": 0.030434893905485108}, {"l": "Liquefied petroleum gas (LPG)", "v": 0.006086978781097022}, {"l": "Other fossil fuels", "v": 0.0061544990372025968}]}, {"source": 27, "prod": 0, "target": 25, "value": 0.001716281544278014, "supply": [{"l": "Motor Gasoline", "v": 0.00054679124492594251}, {"l": "Gas-Diesel oil", "v": 0.00083402856771999602}, {"l": "Liquefied petroleum gas (LPG)", "v": 0.00016680571354399921}, {"l": "Other fossil fuels", "v": 0.00016865601808807617}]}, {"source": 27, "prod": 0, "target": 9, "value": 0.00015201350820748125, "supply": [{"l": "Motor Gasoline", "v": 4.8430081693440623e-05}, {"l": "Gas-Diesel oil", "v": 7.3871101712342499e-05}, {"l": "Liquefied petroleum gas (LPG)", "v": 1.4774220342468502e-05}, {"l": "Other fossil fuels", "v": 1.4938104459229605e-05}]}, {"source": 27, "prod": 0, "target": 12, "value": 0.0025842296395271807, "supply": [{"l": "Motor Gasoline", "v": 0.00082331138878849052}, {"l": "Gas-Diesel oil", "v": 0.0012558087291098224}, {"l": "Liquefied petroleum gas (LPG)", "v": 0.00025116174582196453}, {"l": "Other fossil fuels", "v": 0.00025394777580690323}]}, {"source": 27, "prod": 0, "target": 13, "value": 0.0014694639126723186, "supply": [{"l": "Motor Gasoline", "v": 0.00046815745636992603}, {"l": "Gas-Diesel oil", "v": 0.0007140873165526442}, {"l": "Liquefied petroleum gas (LPG)", "v": 0.00014281746331052886}, {"l": "Other fossil fuels", "v": 0.0001444016764392195}]}, {"source": 27, "prod": 0, "target": 8, "value": 0.0003040270164149625, "supply": [{"l": "Motor Gasoline", "v": 9.6860163386881245e-05}, {"l": "Gas-Diesel oil", "v": 0.000147742203424685}, {"l": "Liquefied petroleum gas (LPG)", "v": 2.9548440684937004e-05}, {"l": "Other fossil fuels", "v": 2.9876208918459209e-05}]}, {"source": 27, "prod": 0, "target": 15, "value": 0.0026349008089296749, "supply": [{"l": "Motor Gasoline", "v": 0.00083945474935297085}, {"l": "Gas-Diesel oil", "v": 0.0012804324296806033}, {"l": "Liquefied petroleum gas (LPG)", "v": 0.0002560864859361207}, {"l": "Other fossil fuels", "v": 0.00025892714395997978}]}, {"source": 27, "prod": 0, "target": 16, "value": 0.020927192963229913, "supply": [{"l": "Motor Gasoline", "v": 0.0066672079131303253}, {"l": "Gas-Diesel oil", "v": 0.010169588335732484}, {"l": "Liquefied petroleum gas (LPG)", "v": 0.002033917667146497}, {"l": "Other fossil fuels", "v": 0.0020564790472206084}]}, {"source": 27, "prod": 0, "target": 10, "value": 0.030402701641496246, "supply": [{"l": "Motor Gasoline", "v": 0.0096860163386881248}, {"l": "Gas-Diesel oil", "v": 0.014774220342468499}, {"l": "Liquefied petroleum gas (LPG)", "v": 0.0029548440684937002}, {"l": "Other fossil fuels", "v": 0.0029876208918459208}]}, {"source": 27, "prod": 0, "target": 17, "value": 0.00070939637163491246, "supply": [{"l": "Motor Gasoline", "v": 0.00022600704790272291}, {"l": "Gas-Diesel oil", "v": 0.00034473180799093168}, {"l": "Liquefied petroleum gas (LPG)", "v": 6.8946361598186344e-05}, {"l": "Other fossil fuels", "v": 6.9711154143071487e-05}]}, {"source": 27, "prod": 0, "target": 19, "value": 0.080060447655940115, "supply": [{"l": "Motor Gasoline", "v": 0.025506509691878725}, {"l": "Gas-Diesel oil", "v": 0.038905446901833715}, {"l": "Liquefied petroleum gas (LPG)", "v": 0.007781089380366743}, {"l": "Other fossil fuels", "v": 0.0078674016818609232}]}, {"source": 27, "prod": 0, "target": 20, "value": 0.00076006754103740619, "supply": [{"l": "Motor Gasoline", "v": 0.00024215040846720313}, {"l": "Gas-Diesel oil", "v": 0.00036935550856171252}, {"l": "Liquefied petroleum gas (LPG)", "v": 7.3871101712342512e-05}, {"l": "Other fossil fuels", "v": 7.4690522296148027e-05}]}, {"source": 27, "prod": 0, "target": 21, "value": 0.0021281891149047371, "supply": [{"l": "Motor Gasoline", "v": 0.00067802114370816874}, {"l": "Gas-Diesel oil", "v": 0.0010341954239727951}, {"l": "Liquefied petroleum gas (LPG)", "v": 0.00020683908479455902}, {"l": "Other fossil fuels", "v": 0.00020913346242921446}]}, {"source": 27, "prod": 0, "target": 22, "value": 0.00060805403282992499, "supply": [{"l": "Motor Gasoline", "v": 0.00019372032677376249}, {"l": "Gas-Diesel oil", "v": 0.00029548440684937}, {"l": "Liquefied petroleum gas (LPG)", "v": 5.9096881369874007e-05}, {"l": "Other fossil fuels", "v": 5.9752417836918419e-05}]}, {"source": 27, "prod": 0, "target": 23, "value": 0.0035976530275770558, "supply": [{"l": "Motor Gasoline", "v": 0.0011461786000780947}, {"l": "Gas-Diesel oil", "v": 0.0017482827405254392}, {"l": "Liquefied petroleum gas (LPG)", "v": 0.00034965654810508785}, {"l": "Other fossil fuels", "v": 0.00035353513886843393}]}, {"source": 27, "prod": 0, "target": 24, "value": 0.0034456395193695742, "supply": [{"l": "Motor Gasoline", "v": 0.0010977485183846539}, {"l": "Gas-Diesel oil", "v": 0.0016744116388130966}, {"l": "Liquefied petroleum gas (LPG)", "v": 0.00033488232776261934}, {"l": "Other fossil fuels", "v": 0.00033859703440920432}]}, {"source": 29, "prod": 0.91537071071022669, "target": 0, "value": 0.0065881473535080491, "supply": [{"l": "Potash", "v": 0.025638888909400002}, {"l": "Phosphate", "v": 0.033666666693599995}, {"l": "Nitrogen", "v": 0.11558750009246997}]}, {"source": 29, "prod": 0.48728689575121514, "target": 18, "value": 0.0035071232180366231, "supply": [{"l": "Potash", "v": 0.025638888909400002}, {"l": "Phosphate", "v": 0.033666666693599995}, {"l": "Nitrogen", "v": 0.11558750009246997}]}, {"source": 29, "prod": 2.2952579014823593, "target": 3, "value": 0.016519533662527647, "supply": [{"l": "Potash", "v": 0.025638888909400002}, {"l": "Phosphate", "v": 0.033666666693599995}, {"l": "Nitrogen", "v": 0.11558750009246997}]}, {"source": 29, "prod": 0.050094914516480064, "target": 2, "value": 0.00036054537755516691, "supply": [{"l": "Potash", "v": 0.025638888909400002}, {"l": "Phosphate", "v": 0.033666666693599995}, {"l": "Nitrogen", "v": 0.11558750009246997}]}, {"source": 29, "prod": 0.068311247067927364, "target": 11, "value": 0.00049165278757522756, "supply": [{"l": "Potash", "v": 0.025638888909400002}, {"l": "Phosphate", "v": 0.033666666693599995}, {"l": "Nitrogen", "v": 0.11558750009246997}]}, {"source": 29, "prod": 0.045540831378618238, "target": 5, "value": 0.00032776852505015167, "supply": [{"l": "Potash", "v": 0.025638888909400002}, {"l": "Phosphate", "v": 0.033666666693599995}, {"l": "Nitrogen", "v": 0.11558750009246997}]}, {"source": 29, "prod": 0.050094914516480064, "target": 6, "value": 0.00036054537755516691, "supply": [{"l": "Potash", "v": 0.025638888909400002}, {"l": "Phosphate", "v": 0.033666666693599995}, {"l": "Nitrogen", "v": 0.11558750009246997}]}, {"source": 29, "prod": 0.39165114985611682, "target": 7, "value": 0.0028188093154313046, "supply": [{"l": "Potash", "v": 0.025638888909400002}, {"l": "Phosphate", "v": 0.033666666693599995}, {"l": "Nitrogen", "v": 0.11558750009246997}]}, {"source": 29, "prod": 0.13662249413585473, "target": 4, "value": 0.00098330557515045511, "supply": [{"l": "Potash", "v": 0.025638888909400002}, {"l": "Phosphate", "v": 0.033666666693599995}, {"l": "Nitrogen", "v": 0.11558750009246997}]}, {"source": 29, "prod": 5.6288467583972146, "target": 14, "value": 0.040512189696198748, "supply": [{"l": "Potash", "v": 0.025638888909400002}, {"l": "Phosphate", "v": 0.033666666693599995}, {"l": "Nitrogen", "v": 0.11558750009246997}]}, {"source": 29, "prod": 0.15425120305661016, "target": 25, "value": 0.0011101837138795462, "supply": [{"l": "Potash", "v": 0.025638888909400002}, {"l": "Phosphate", "v": 0.033666666693599995}, {"l": "Nitrogen", "v": 0.11558750009246997}]}, {"source": 29, "prod": 0.013662249413585473, "target": 9, "value": 9.8330557515045511e-05, "supply": [{"l": "Potash", "v": 0.025638888909400002}, {"l": "Phosphate", "v": 0.033666666693599995}, {"l": "Nitrogen", "v": 0.11558750009246997}]}, {"source": 29, "prod": 0.23225824003095302, "target": 12, "value": 0.0016716194777557736, "supply": [{"l": "Potash", "v": 0.025638888909400002}, {"l": "Phosphate", "v": 0.033666666693599995}, {"l": "Nitrogen", "v": 0.11558750009246997}]}, {"source": 29, "prod": 0.13206841099799291, "target": 13, "value": 0.00095052872264543998, "supply": [{"l": "Potash", "v": 0.025638888909400002}, {"l": "Phosphate", "v": 0.033666666693599995}, {"l": "Nitrogen", "v": 0.11558750009246997}]}, {"source": 29, "prod": 0.027324498827170945, "target": 8, "value": 0.00019666111503009102, "supply": [{"l": "Potash", "v": 0.025638888909400002}, {"l": "Phosphate", "v": 0.033666666693599995}, {"l": "Nitrogen", "v": 0.11558750009246997}]}, {"source": 29, "prod": 0.23681232316881487, "target": 15, "value": 0.0017043963302607889, "supply": [{"l": "Potash", "v": 0.025638888909400002}, {"l": "Phosphate", "v": 0.033666666693599995}, {"l": "Nitrogen", "v": 0.11558750009246997}]}, {"source": 29, "prod": 1.8808363359369331, "target": 16, "value": 0.013536840084571265, "supply": [{"l": "Potash", "v": 0.025638888909400002}, {"l": "Phosphate", "v": 0.033666666693599995}, {"l": "Nitrogen", "v": 0.11558750009246997}]}, {"source": 29, "prod": 2.7324498827170944, "target": 10, "value": 0.019666111503009103, "supply": [{"l": "Potash", "v": 0.025638888909400002}, {"l": "Phosphate", "v": 0.033666666693599995}, {"l": "Nitrogen", "v": 0.11558750009246997}]}, {"source": 29, "prod": 0.063757163930065544, "target": 17, "value": 0.00045887593507021242, "supply": [{"l": "Potash", "v": 0.025638888909400002}, {"l": "Phosphate", "v": 0.033666666693599995}, {"l": "Nitrogen", "v": 0.11558750009246997}]}, {"source": 29, "prod": 7.195451357821681, "target": 19, "value": 0.051787426957923967, "supply": [{"l": "Potash", "v": 0.025638888909400002}, {"l": "Phosphate", "v": 0.033666666693599995}, {"l": "Nitrogen", "v": 0.11558750009246997}]}, {"source": 29, "prod": 0.068311247067927364, "target": 20, "value": 0.00049165278757522756, "supply": [{"l": "Potash", "v": 0.025638888909400002}, {"l": "Phosphate", "v": 0.033666666693599995}, {"l": "Nitrogen", "v": 0.11558750009246997}]}, {"source": 29, "prod": 0.19127149179019662, "target": 21, "value": 0.0013766278052106372, "supply": [{"l": "Potash", "v": 0.025638888909400002}, {"l": "Phosphate", "v": 0.033666666693599995}, {"l": "Nitrogen", "v": 0.11558750009246997}]}, {"source": 29, "prod": 0.054648997654341891, "target": 22, "value": 0.00039332223006018205, "supply": [{"l": "Potash", "v": 0.025638888909400002}, {"l": "Phosphate", "v": 0.033666666693599995}, {"l": "Nitrogen", "v": 0.11558750009246997}]}, {"source": 29, "prod": 0.32333990278818947, "target": 23, "value": 0.0023271565278560769, "supply": [{"l": "Potash", "v": 0.025638888909400002}, {"l": "Phosphate", "v": 0.033666666693599995}, {"l": "Nitrogen", "v": 0.11558750009246997}]}, {"source": 29, "prod": 0.30967765337460401, "target": 24, "value": 0.0022288259703410313, "supply": [{"l": "Potash", "v": 0.025638888909400002}, {"l": "Phosphate", "v": 0.033666666693599995}, {"l": "Nitrogen", "v": 0.11558750009246997}]}, {"source": 27, "prod": 0, "target": 29, "value": 0.23120299159985547, "supply": [{"l": "Natural gas (including LNG)", "v": 0.14962323141444236}, {"l": "Fuel oil", "v": 0.061147220656355222}, {"l": "Liquefied petroleum gas (LPG)", "v": 0.010216269764528945}, {"l": "Coal", "v": 0.010216269764528945}]}, {"source": 30, "prod": 0, "target": 0, "value": 0.048032112798513563, "supply": "[{\"l\":'Labor',\"v\":0.048032112798513563}]"}, {"source": 30, "prod": 0, "target": 18, "value": 0.025569333678810702, "supply": "[{\"l\":'Labor',\"v\":0.025569333678810702}]"}, {"source": 30, "prod": 0, "target": 3, "value": 0.12043873059925789, "supply": "[{\"l\":'Labor',\"v\":0.12043873059925789}]"}, {"source": 30, "prod": 0, "target": 2, "value": 0.0026286230884758669, "supply": "[{\"l\":'Labor',\"v\":0.0026286230884758669}]"}, {"source": 30, "prod": 0, "target": 11, "value": 0.0035844860297398183, "supply": "[{\"l\":'Labor',\"v\":0.0035844860297398183}]"}, {"source": 30, "prod": 0, "target": 5, "value": 0.0023896573531598784, "supply": "[{\"l\":'Labor',\"v\":0.0023896573531598784}]"}, {"source": 30, "prod": 0, "target": 6, "value": 0.0026286230884758669, "supply": "[{\"l\":'Labor',\"v\":0.0026286230884758669}]"}, {"source": 30, "prod": 0, "target": 7, "value": 0.020551053237174956, "supply": "[{\"l\":'Labor',\"v\":0.020551053237174956}]"}, {"source": 30, "prod": 0, "target": 4, "value": 0.0071689720594796365, "supply": "[{\"l\":'Labor',\"v\":0.0071689720594796365}]"}, {"source": 30, "prod": 0, "target": 14, "value": 0.29536164885056099, "supply": "[{\"l\":'Labor',\"v\":0.29536164885056099}]"}, {"source": 30, "prod": 0, "target": 25, "value": 0.0080940007123157191, "supply": "[{\"l\":'Labor',\"v\":0.0080940007123157191}]"}, {"source": 30, "prod": 0, "target": 9, "value": 0.00071689720594796363, "supply": "[{\"l\":'Labor',\"v\":0.00071689720594796363}]"}, {"source": 30, "prod": 0, "target": 12, "value": 0.012187252501115381, "supply": "[{\"l\":'Labor',\"v\":0.012187252501115381}]"}, {"source": 30, "prod": 0, "target": 13, "value": 0.0069300063241636489, "supply": "[{\"l\":'Labor',\"v\":0.0069300063241636489}]"}, {"source": 30, "prod": 0, "target": 8, "value": 0.0014337944118959273, "supply": "[{\"l\":'Labor',\"v\":0.0014337944118959273}]"}, {"source": 30, "prod": 0, "target": 15, "value": 0.01242621823643137, "supply": "[{\"l\":'Labor',\"v\":0.01242621823643137}]"}, {"source": 30, "prod": 0, "target": 16, "value": 0.098692848685502987, "supply": "[{\"l\":'Labor',\"v\":0.098692848685502987}]"}, {"source": 30, "prod": 0, "target": 10, "value": 0.14337944118959273, "supply": "[{\"l\":'Labor',\"v\":0.14337944118959273}]"}, {"source": 30, "prod": 0, "target": 17, "value": 0.0033455202944238302, "supply": "[{\"l\":'Labor',\"v\":0.0033455202944238302}]"}, {"source": 30, "prod": 0, "target": 19, "value": 0.37756586179926083, "supply": "[{\"l\":'Labor',\"v\":0.37756586179926083}]"}, {"source": 30, "prod": 0, "target": 20, "value": 0.0035844860297398183, "supply": "[{\"l\":'Labor',\"v\":0.0035844860297398183}]"}, {"source": 30, "prod": 0, "target": 21, "value": 0.010036560883271491, "supply": "[{\"l\":'Labor',\"v\":0.010036560883271491}]"}, {"source": 30, "prod": 0, "target": 22, "value": 0.0028675888237918545, "supply": "[{\"l\":'Labor',\"v\":0.0028675888237918545}]"}, {"source": 30, "prod": 0, "target": 23, "value": 0.016966567207435137, "supply": "[{\"l\":'Labor',\"v\":0.016966567207435137}]"}, {"source": 30, "prod": 0, "target": 24, "value": 0.016249670001487172, "supply": "[{\"l\":'Labor',\"v\":0.016249670001487172}]"}]}