{"nodes": [{"layer": 3, "name": "Oilcrops", "fill": "#ff9896"}, {"layer": 5, "name": "Production", "fill": "#b5cf6b"}, {"layer": 3, "name": "Treenuts"}, {"layer": 3, "name": "Pulses"}, {"layer": 3, "name": "Vegetables"}, {"layer": 3, "name": "Sugar Crops", "fill": "#ffbb78"}, {"layer": 3, "name": "Starchy Roots"}, {"layer": 3, "name": "Others"}, {"layer": 3, "name": "Cereals - Excluding Beer"}, {"layer": 3, "name": "Spices"}, {"layer": 3, "name": "Stimulants"}, {"layer": 3, "name": "Fruits - Excluding Wine"}, {"layer": 1, "name": "Electricity", "fill": "#bcbd22"}, {"layer": 0, "name": "Fossil Fuels", "fill": "#c49c94"}, {"layer": 0, "name": "Renewables & Nuclear", "fill": "#2ca02c"}, {"layer": 1, "name": "Fertilizers", "fill": "#c5b0d5"}, {"layer": 0, "name": "Labor", "fill": "#7f7f7f"}], "links": [{"source": 0, "prod": 2113.0, "target": 1, "value": 3.767882161120653, "supply": [{"l": "Coconuts - Incl Copra", "v": 3.6585103101400334}, {"l": "Sesame seed", "v": 0.066443739003391317}, {"l": "Groundnuts", "v": 0.024671891690717949}, {"l": "Soyabeans", "v": 0.013692165214882989}, {"l": "Rape and Mustardseed", "v": 0.004564055071627663}]}, {"source": 2, "prod": 10.0, "target": 1, "value": 0.016326987148269231, "supply": [{"l": "Treenuts", "v": 0.016326987148269231}]}, {"source": 3, "prod": 41.0, "target": 1, "value": 0.1593084982497725, "supply": [{"l": "Beans", "v": 0.093932283508340431}, {"l": "Pulses, Other", "v": 0.065376214741432057}]}, {"source": 4, "prod": 572.0, "target": 1, "value": 0.18401121654700586, "supply": [{"l": "Tomatoes", "v": 0.0032653974296538461}, {"l": "Vegetables, Other", "v": 0.15261316433879579}, {"l": "Onions", "v": 0.028132654778556216}]}, {"source": 5, "prod": 754.0, "target": 1, "value": 0.25427944870281627, "supply": [{"l": "Sugar cane", "v": 0.25427944870281627}]}, {"source": 6, "prod": 787.0, "target": 1, "value": 1.2900511747830397, "supply": [{"l": "Potatoes", "v": 0.096873457079730774}, {"l": "Sweet potatoes", "v": 0.16729869188705895}, {"l": "Cassava", "v": 1.02587902581625}]}, {"source": 7, "prod": 10.0, "target": 1, "value": 0.016326987148269231, "supply": [{"l": "Nuts", "v": 0.016326987148269231}]}, {"source": 8, "prod": 1815.0, "target": 1, "value": 7.5292747239241109, "supply": [{"l": "Maize", "v": 0.11577318159681818}, {"l": "Rice", "v": 7.3775268248819534}, {"l": "Millet", "v": 0.035974717445338984}]}, {"source": 9, "prod": 52.0, "target": 1, "value": 0.19290046897320337, "supply": [{"l": "Cloves", "v": 0.0035375138821250002}, {"l": "Pepper", "v": 0.018192928536642859}, {"l": "Spices, Other", "v": 0.1711700265544355}]}, {"source": 10, "prod": 226.0, "target": 1, "value": 0.13607636733240835, "supply": [{"l": "Cocoa Beans", "v": 0.0063675249878250009}, {"l": "Coffee", "v": 0.0035375138821250002}, {"l": "Tea", "v": 0.12617132846245835}]}, {"source": 11, "prod": 748.0, "target": 1, "value": 0.59542170676471295, "supply": [{"l": "Plantains", "v": 0.48779303556846826}, {"l": "Lemons, Limes", "v": 0.006893616795935897}, {"l": "Pineapples", "v": 0.01628225567663014}, {"l": "Fruits, Other", "v": 0.082482735744020097}, {"l": "Oranges, Mandarines", "v": 0.0019700629796585638}]}, {"source": 12, "prod": 0, "target": 0, "value": 0.044521155365684621, "supply": "[{\"l\":'Energy for power irrigation',\"v\":0.044521155365684621}]"}, {"source": 12, "prod": 0, "target": 2, "value": 0.00021070116121952022, "supply": "[{\"l\":'Energy for power irrigation',\"v\":0.00021070116121952022}]"}, {"source": 12, "prod": 0, "target": 4, "value": 0.01286330589245171, "supply": "[{\"l\":'Energy for power irrigation',\"v\":0.01286330589245171}]"}, {"source": 12, "prod": 0, "target": 5, "value": 0.0158974026140128, "supply": "[{\"l\":'Energy for power irrigation',\"v\":0.0158974026140128}]"}, {"source": 12, "prod": 0, "target": 6, "value": 0.016645391736342097, "supply": "[{\"l\":'Energy for power irrigation',\"v\":0.016645391736342097}]"}, {"source": 12, "prod": 0, "target": 3, "value": 0.0012115316770122413, "supply": "[{\"l\":'Energy for power irrigation',\"v\":0.0012115316770122413}]"}, {"source": 12, "prod": 0, "target": 7, "value": 0.00023177127734147222, "supply": "[{\"l\":'Energy for power irrigation',\"v\":0.00023177127734147222}]"}, {"source": 12, "prod": 0, "target": 8, "value": 0.047681672783977426, "supply": "[{\"l\":'Energy for power irrigation',\"v\":0.047681672783977426}]"}, {"source": 12, "prod": 0, "target": 9, "value": 0.0012115316770122413, "supply": "[{\"l\":'Energy for power irrigation',\"v\":0.0012115316770122413}]"}, {"source": 12, "prod": 0, "target": 10, "value": 0.0047618462435611566, "supply": "[{\"l\":'Energy for power irrigation',\"v\":0.0047618462435611566}]"}, {"source": 12, "prod": 0, "target": 11, "value": 0.015813122149524992, "supply": "[{\"l\":'Energy for power irrigation',\"v\":0.015813122149524992}]"}, {"source": 13, "prod": 0, "target": 12, "value": 0.011868176315673811, "supply": [{"l": "Coal", "v": 0.0}, {"l": "Natural gas", "v": 0.0}, {"l": "Oil", "v": 0.011868176315673811}]}, {"source": 14, "prod": 0, "target": 12, "value": 0.15653952557818424, "supply": [{"l": "Nuclear", "v": 0.0}, {"l": "Hydroelectric", "v": 0.15653952557818424}, {"l": "Renewable", "v": 0.0}]}, {"source": 13, "prod": 0, "target": 0, "value": 0.067457377500302257, "supply": [{"l": "Gas-Diesel oil", "v": 0.014308538614811102}, {"l": "Fuel oil", "v": 0.018613898534330289}, {"l": "Other fossil fuels", "v": 0.034534940351160864}]}, {"source": 13, "prod": 0, "target": 2, "value": 0.00031924930194179965, "supply": [{"l": "Gas-Diesel oil", "v": 6.77166995495083e-05}, {"l": "Fuel oil", "v": 8.8092278913063377e-05}, {"l": "Other fossil fuels", "v": 0.00016344032347922796}]}, {"source": 13, "prod": 0, "target": 4, "value": 0.019490169883546866, "supply": [{"l": "Gas-Diesel oil", "v": 0.004134104507497482}, {"l": "Fuel oil", "v": 0.0053780336276425195}, {"l": "Other fossil fuels", "v": 0.009978031748406866}]}, {"source": 13, "prod": 0, "target": 5, "value": 0.024087359831508778, "supply": [{"l": "Gas-Diesel oil", "v": 0.0051092249810104013}, {"l": "Fuel oil", "v": 0.0066465624439906315}, {"l": "Other fossil fuels", "v": 0.012331572406507748}]}, {"source": 13, "prod": 0, "target": 6, "value": 0.02522069485340217, "supply": [{"l": "Gas-Diesel oil", "v": 0.0053496192644111561}, {"l": "Fuel oil", "v": 0.006959290034132007}, {"l": "Other fossil fuels", "v": 0.012911785554859008}]}, {"source": 13, "prod": 0, "target": 3, "value": 0.0018356834861653476, "supply": [{"l": "Gas-Diesel oil", "v": 0.00038937102240967271}, {"l": "Fuel oil", "v": 0.0005065306037501144}, {"l": "Other fossil fuels", "v": 0.00093978186000556068}]}, {"source": 13, "prod": 0, "target": 7, "value": 0.00035117423213597954, "supply": [{"l": "Gas-Diesel oil", "v": 7.448836950445913e-05}, {"l": "Fuel oil", "v": 9.6901506804369711e-05}, {"l": "Other fossil fuels", "v": 0.00017978435582715073}]}, {"source": 13, "prod": 0, "target": 8, "value": 0.072246117029429249, "supply": [{"l": "Gas-Diesel oil", "v": 0.015324289108053727}, {"l": "Fuel oil", "v": 0.019935282718026241}, {"l": "Other fossil fuels", "v": 0.036986545203349284}]}, {"source": 13, "prod": 0, "target": 9, "value": 0.0018356834861653476, "supply": [{"l": "Gas-Diesel oil", "v": 0.00038937102240967271}, {"l": "Fuel oil", "v": 0.0005065306037501144}, {"l": "Other fossil fuels", "v": 0.00093978186000556068}]}, {"source": 13, "prod": 0, "target": 10, "value": 0.0072150342238846707, "supply": [{"l": "Gas-Diesel oil", "v": 0.0015303974098188876}, {"l": "Fuel oil", "v": 0.0019908855034352323}, {"l": "Other fossil fuels", "v": 0.0036937513106305516}]}, {"source": 13, "prod": 0, "target": 11, "value": 0.02395966011073206, "supply": [{"l": "Gas-Diesel oil", "v": 0.0050821383011905976}, {"l": "Fuel oil", "v": 0.0066113255324254062}, {"l": "Other fossil fuels", "v": 0.012266196277116056}]}, {"source": 15, "prod": 53.817295872309799, "target": 0, "value": 0.59902142870981234, "supply": [{"l": "Potash", "v": 0.141398472335341}, {"l": "Phosphate", "v": 0.15907500012725997}, {"l": "Nitrogen", "v": 1.866407876493126}]}, {"source": 15, "prod": 0.2546961470530516, "target": 2, "value": 0.0028349334061041763, "supply": [{"l": "Potash", "v": 0.141398472335341}, {"l": "Phosphate", "v": 0.15907500012725997}, {"l": "Nitrogen", "v": 1.866407876493126}]}, {"source": 15, "prod": 15.549199777588802, "target": 4, "value": 0.17307268444265997, "supply": [{"l": "Potash", "v": 0.141398472335341}, {"l": "Phosphate", "v": 0.15907500012725997}, {"l": "Nitrogen", "v": 1.866407876493126}]}, {"source": 15, "prod": 19.216824295152744, "target": 5, "value": 0.21389572549056007, "supply": [{"l": "Potash", "v": 0.141398472335341}, {"l": "Phosphate", "v": 0.15907500012725997}, {"l": "Nitrogen", "v": 1.866407876493126}]}, {"source": 15, "prod": 20.120995617191078, "target": 6, "value": 0.22395973908222994, "supply": [{"l": "Potash", "v": 0.141398472335341}, {"l": "Phosphate", "v": 0.15907500012725997}, {"l": "Nitrogen", "v": 1.866407876493126}]}, {"source": 15, "prod": 1.4645028455550466, "target": 3, "value": 0.016300867085099011, "supply": [{"l": "Potash", "v": 0.141398472335341}, {"l": "Phosphate", "v": 0.15907500012725997}, {"l": "Nitrogen", "v": 1.866407876493126}]}, {"source": 15, "prod": 0.28016576175835678, "target": 7, "value": 0.0031184267467145935, "supply": [{"l": "Potash", "v": 0.141398472335341}, {"l": "Phosphate", "v": 0.15907500012725997}, {"l": "Nitrogen", "v": 1.866407876493126}]}, {"source": 15, "prod": 57.637738078105578, "target": 8, "value": 0.64154542980137508, "supply": [{"l": "Potash", "v": 0.141398472335341}, {"l": "Phosphate", "v": 0.15907500012725997}, {"l": "Nitrogen", "v": 1.866407876493126}]}, {"source": 15, "prod": 1.4645028455550466, "target": 9, "value": 0.016300867085099011, "supply": [{"l": "Potash", "v": 0.141398472335341}, {"l": "Phosphate", "v": 0.15907500012725997}, {"l": "Nitrogen", "v": 1.866407876493126}]}, {"source": 15, "prod": 5.7561329233989662, "target": 10, "value": 0.064069494977954375, "supply": [{"l": "Potash", "v": 0.141398472335341}, {"l": "Phosphate", "v": 0.15907500012725997}, {"l": "Nitrogen", "v": 1.866407876493126}]}, {"source": 15, "prod": 19.114945836331522, "target": 11, "value": 0.2127617521281184, "supply": [{"l": "Potash", "v": 0.141398472335341}, {"l": "Phosphate", "v": 0.15907500012725997}, {"l": "Nitrogen", "v": 1.866407876493126}]}, {"source": 13, "prod": 0, "target": 15, "value": 2.6933338654066046, "supply": [{"l": "Natural gas (including LNG)", "v": 1.7874796960040251}, {"l": "Fuel oil", "v": 0.57592703469266293}, {"l": "Liquefied petroleum gas (LPG)", "v": 0.16496356735495812}, {"l": "Coal", "v": 0.16496356735495812}]}, {"source": 16, "prod": 0, "target": 0, "value": 0.55473221120458927, "supply": "[{\"l\":'Labor',\"v\":0.55473221120458927}]"}, {"source": 16, "prod": 0, "target": 2, "value": 0.0026253299157813033, "supply": "[{\"l\":'Labor',\"v\":0.0026253299157813033}]"}, {"source": 16, "prod": 0, "target": 4, "value": 0.16027639135844857, "supply": "[{\"l\":'Labor',\"v\":0.16027639135844857}]"}, {"source": 16, "prod": 0, "target": 5, "value": 0.1980811421456993, "supply": "[{\"l\":'Labor',\"v\":0.1980811421456993}]"}, {"source": 16, "prod": 0, "target": 6, "value": 0.20740106334672295, "supply": "[{\"l\":'Labor',\"v\":0.20740106334672295}]"}, {"source": 16, "prod": 0, "target": 3, "value": 0.015095647015742491, "supply": "[{\"l\":'Labor',\"v\":0.015095647015742491}]"}, {"source": 16, "prod": 0, "target": 7, "value": 0.0028878629073594334, "supply": "[{\"l\":'Labor',\"v\":0.0028878629073594334}]"}, {"source": 16, "prod": 0, "target": 8, "value": 0.59411215994130884, "supply": "[{\"l\":'Labor',\"v\":0.59411215994130884}]"}, {"source": 16, "prod": 0, "target": 9, "value": 0.015095647015742491, "supply": "[{\"l\":'Labor',\"v\":0.015095647015742491}]"}, {"source": 16, "prod": 0, "target": 10, "value": 0.059332456096657452, "supply": "[{\"l\":'Labor',\"v\":0.059332456096657452}]"}, {"source": 16, "prod": 0, "target": 11, "value": 0.19703101017938679, "supply": "[{\"l\":'Labor',\"v\":0.19703101017938679}]"}]}