{"nodes": [{"layer": 13, "name": "Milk - Excluding Butter"}, {"layer": 10, "name": "Feed", "fill": "#dbdb8d"}, {"layer": 13, "name": "Meat"}, {"layer": 5, "name": "Vegetables"}, {"layer": 5, "name": "Sugar Crops", "fill": "#ffbb78"}, {"layer": 5, "name": "Starchy Roots"}, {"layer": 13, "name": "Fish, Seafood"}, {"layer": 5, "name": "Fruits - Excluding Wine"}, {"layer": 5, "name": "Cereals - Excluding Beer"}, {"layer": 5, "name": "Oilcrops", "fill": "#ff9896"}, {"layer": 16, "name": "Food", "fill": "#b5cf6b"}, {"layer": 13, "name": "Sugar & Sweeteners"}, {"layer": 5, "name": "Treenuts"}, {"layer": 5, "name": "Others"}, {"layer": 13, "name": "Alcoholic Beverages"}, {"layer": 13, "name": "Animal Fats"}, {"layer": 5, "name": "Pulses"}, {"layer": 13, "name": "Aquatic Products, Other"}, {"layer": 13, "name": "Vegetable Oils", "fill": "#f7b6d2"}, {"layer": 5, "name": "Spices"}, {"layer": 5, "name": "Stimulants"}, {"layer": 13, "name": "Eggs"}, {"layer": 10, "name": "Processing", "fill": "#9edae5"}, {"layer": 16, "name": "Biofuels & Other", "fill": "#e7ba52"}, {"name": "Waste", "fill": "#c7c7c7"}, {"layer": 2, "name": "Import", "fill": "#aec7e8"}, {"layer": 16, "name": "Export", "fill": "#aec7e8"}, {"layer": 16, "name": "Stock Deposit", "fill": "#c7c7c7"}, {"layer": 0, "name": "Stock Draw", "fill": "#c7c7c7"}, {"name": "Crop Residue", "fill": "#bd9e39"}, {"layer": 2, "name": "Electricity", "fill": "#bcbd22"}, {"layer": 0, "name": "Fossil Fuels", "fill": "#c49c94"}, {"layer": 0, "name": "Renewables & Nuclear", "fill": "#2ca02c"}, {"layer": 2, "name": "Fertilizers", "fill": "#c5b0d5"}, {"layer": 0, "name": "Labor", "fill": "#7f7f7f"}], "links": [{"source": 0, "prod": 28.0, "target": 1, "value": 0.01729944092826019, "supply": [{"l": "Milk - Excluding Butter", "v": 0.01729944092826019}]}, {"source": 2, "prod": 2.0, "target": 1, "value": 0.0033111591100911464, "supply": [{"l": "Meat, Other", "v": 0.002098297207648289}, {"l": "Offals, Edible", "v": 0.0012128619024428574}]}, {"source": 3, "prod": 5.0, "target": 1, "value": 0.0013631523081856821, "supply": [{"l": "Vegetables, Other", "v": 0.0013631523081856821}]}, {"source": 4, "prod": 1127.0, "target": 1, "value": 0.41361387096707636, "supply": [{"l": "Sugar cane", "v": 0.41361387096707636}]}, {"source": 5, "prod": 139.0, "target": 1, "value": 0.14772143593325615, "supply": [{"l": "Potatoes", "v": 0.0055594231262581862}, {"l": "Yams", "v": 0.0063893067152633988}, {"l": "Roots, Other", "v": 0.031255282359020885}, {"l": "Sweet potatoes", "v": 0.021851309855687385}, {"l": "Cassava", "v": 0.082666113877026298}]}, {"source": 6, "prod": 228.0, "target": 1, "value": 0.19355429130387253, "supply": [{"l": "Fish, Seafood", "v": 0.088766762006111971}, {"l": "Pelagic Fish", "v": 0.076814587154714301}, {"l": "Marine Fish, Other", "v": 0.027972942143046246}]}, {"source": 7, "prod": 128.0, "target": 1, "value": 0.09388198073431088, "supply": [{"l": "Fruits, Other", "v": 0.014349352085239438}, {"l": "Bananas", "v": 0.026489307595943937}, {"l": "Plantains", "v": 0.053043321053127507}]}, {"source": 8, "prod": 1829.0, "target": 1, "value": 6.5223861733461064, "supply": [{"l": "Maize", "v": 3.8169276546736906}, {"l": "Oats", "v": 0.040934089207446435}, {"l": "Rye", "v": 0.01076414938418036}, {"l": "Barley", "v": 0.15918812469562502}, {"l": "Rice", "v": 0.3261040612640061}, {"l": "Sorghum", "v": 0.20841287266086575}, {"l": "Cereals, Other", "v": 0.011026017294935067}, {"l": "Wheat", "v": 1.9381134470433714}, {"l": "Millet", "v": 0.010915757121985717}]}, {"source": 9, "prod": 1.0, "target": 1, "value": 0.0063834836970676698, "supply": [{"l": "Oilcrops, Other", "v": 0.0063834836970676698}]}, {"source": 0, "prod": 3005.0, "target": 10, "value": 1.8566007139079239, "supply": [{"l": "Milk - Excluding Butter", "v": 1.8566007139079239}]}, {"source": 2, "prod": 1049.0, "target": 10, "value": 2.1454043785580499, "supply": [{"l": "Mutton & Goat Meat", "v": 0.072255602698723401}, {"l": "Meat, Other", "v": 0.18674845148069771}, {"l": "Pigmeat", "v": 0.48580934284149513}, {"l": "Poultry Meat", "v": 0.54318886630833685}, {"l": "Offals, Edible", "v": 0.08611319507344288}, {"l": "Bovine Meat", "v": 0.77128892015535411}]}, {"source": 11, "prod": 1452.0, "target": 10, "value": 5.4224805552428279, "supply": [{"l": "Sugar", "v": 5.1651864460062793}, {"l": "Sugar non-centrifugal", "v": 0.21349936723883822}, {"l": "Sweeteners, Other", "v": 0.027467754849441178}, {"l": "Honey", "v": 0.016326987148269231}]}, {"source": 12, "prod": 9.0, "target": 10, "value": 0.042450166585500007, "supply": [{"l": "Treenuts", "v": 0.042450166585500007}]}, {"source": 3, "prod": 1400.0, "target": 10, "value": 0.38535283048603997, "supply": [{"l": "Tomatoes", "v": 0.099900275029994934}, {"l": "Vegetables, Other", "v": 0.24264111085705142}, {"l": "Onions", "v": 0.042811444598993623}]}, {"source": 13, "prod": 22.0, "target": 10, "value": 0.099023790850762239, "supply": [{"l": "Nuts", "v": 0.040934089207446435}, {"l": "Infant food", "v": 0.058089701643315797}]}, {"source": 4, "prod": 8.0, "target": 10, "value": 0.0029360345765187322, "supply": [{"l": "Sugar cane", "v": 0.0029360345765187322}]}, {"source": 14, "prod": 790.0, "target": 10, "value": 0.81564320062013085, "supply": [{"l": "Beer", "v": 0.27134619244327729}, {"l": "Beverages, Alcoholic", "v": 0.515539372508241}, {"l": "Wine", "v": 0.014389886978135593}, {"l": "Beverages, Fermented", "v": 0.014367748690476925}]}, {"source": 15, "prod": 162.0, "target": 10, "value": 1.3668478008412397, "supply": [{"l": "Fats, Animals, Raw", "v": 1.0130964126287396}, {"l": "Butter, Ghee", "v": 0.35375138821250007}]}, {"source": 5, "prod": 2094.0, "target": 10, "value": 2.1568362618929871, "supply": [{"l": "Roots, Other", "v": 0.44296279481233047}, {"l": "Yams", "v": 0.31414091350045042}, {"l": "Potatoes", "v": 0.28591318935042098}, {"l": "Sweet potatoes", "v": 0.58561510413242202}, {"l": "Cassava", "v": 0.52820426009736299}]}, {"source": 16, "prod": 352.0, "target": 10, "value": 1.3869181160924531, "supply": [{"l": "Peas", "v": 0.070750277642500012}, {"l": "Beans", "v": 0.45802139393692232}, {"l": "Pulses, Other", "v": 0.85814644451303079}]}, {"source": 17, "prod": 3.0, "target": 10, "value": 0.0022083901691878618, "supply": [{"l": "Aquatic Products, Other", "v": 0.00073613005639595387}, {"l": "Aquatic Animals, Others", "v": 0.0014722601127919077}]}, {"source": 6, "prod": 1062.0, "target": 10, "value": 0.82175759991102182, "supply": [{"l": "Freshwater Fish", "v": 0.014150055528500001}, {"l": "Crustaceans", "v": 0.0060643095122142861}, {"l": "Marine Fish, Other", "v": 0.08539108654193063}, {"l": "Demersal Fish", "v": 0.085766663101316323}, {"l": "Pelagic Fish", "v": 0.20012221390307147}, {"l": "Fish, Seafood", "v": 0.41424488936185583}, {"l": "Cephalopods", "v": 0.0058958564702083346}, {"l": "Molluscs, Other", "v": 0.010122525491925048}]}, {"source": 7, "prod": 3456.0, "target": 10, "value": 2.1468163465625172, "supply": [{"l": "Plantains", "v": 0.81421497816550725}, {"l": "Apples", "v": 0.014451120539744683}, {"l": "Grapes", "v": 0.01369360212435484}, {"l": "Lemons, Limes", "v": 0.028658340310886082}, {"l": "Pineapples", "v": 0.028564598076224298}, {"l": "Bananas", "v": 0.64255491854161151}, {"l": "Citrus, Other", "v": 0.0047831173617464799}, {"l": "Fruits, Other", "v": 0.45700512247232278}, {"l": "Grapefruit", "v": 0.028629182115802329}, {"l": "Oranges, Mandarines", "v": 0.11426136685431677}]}, {"source": 8, "prod": 3841.0, "target": 10, "value": 13.85419717557712, "supply": [{"l": "Maize", "v": 1.3556151789416477}, {"l": "Barley", "v": 0.014150055528500001}, {"l": "Cereals, Other", "v": 0.071669112417077935}, {"l": "Rice", "v": 6.142314470390394}, {"l": "Wheat", "v": 5.7258131363712002}, {"l": "Oats", "v": 0.04320820527452679}, {"l": "Sorghum", "v": 0.45776398816583019}, {"l": "Millet", "v": 0.043663028487942866}]}, {"source": 18, "prod": 281.0, "target": 10, "value": 2.9066323278804971, "supply": [{"l": "Maize Germ Oil", "v": 0.074287791524625002}, {"l": "Groundnut Oil", "v": 0.21225083292749999}, {"l": "Soyabean Oil", "v": 1.0891036369834013}, {"l": "Palm Oil", "v": 0.056600222114000003}, {"l": "Sunflowerseed Oil", "v": 0.96907666005184301}, {"l": "Olive Oil", "v": 0.024257238048857144}, {"l": "Coconut Oil", "v": 0.2723426271848961}, {"l": "Rape and Mustard Oil", "v": 0.014150055528500001}, {"l": "Oilcrops Oil, Other", "v": 0.12735049975650001}, {"l": "Cottonseed Oil", "v": 0.053062708231874998}, {"l": "Palmkernel Oil", "v": 0.014150055528500001}]}, {"source": 19, "prod": 14.0, "target": 10, "value": 0.045876397690060002, "supply": [{"l": "Pimento", "v": 0.014150055528500001}, {"l": "Pepper", "v": 0.0011622222200000001}, {"l": "Spices, Other", "v": 0.030564119941560001}]}, {"source": 20, "prod": 95.0, "target": 10, "value": 0.077082501036490905, "supply": [{"l": "Cocoa Beans", "v": 0.029829846789810811}, {"l": "Coffee", "v": 0.042994399490442314}, {"l": "Tea", "v": 0.0042582547562377863}]}, {"source": 21, "prod": 154.0, "target": 10, "value": 0.22837818879186028, "supply": [{"l": "Eggs", "v": 0.22837818879186028}]}, {"source": 9, "prod": 338.0, "target": 10, "value": 0.743909794715784, "supply": [{"l": "Olives", "v": 0.0063834836970676698}, {"l": "Coconuts - Incl Copra", "v": 0.41372700547607166}, {"l": "Sesame seed", "v": 0.032653974296538463}, {"l": "Groundnuts", "v": 0.28725676636804515}, {"l": "Soyabeans", "v": 0.003888564878061068}]}, {"source": 8, "prod": 122.0, "target": 22, "value": 0.4341024278270379, "supply": [{"l": "Rice", "v": 0.012383698529012889}, {"l": "Millet", "v": 0.0072771714146571444}, {"l": "Barley", "v": 0.40327658256225002}, {"l": "Sorghum", "v": 0.01116497532111781}]}, {"source": 4, "prod": 93916.0, "target": 22, "value": 34.467577911041658, "supply": [{"l": "Sugar cane", "v": 34.467577911041658}]}, {"source": 9, "prod": 840.22222222222217, "target": 22, "value": 2.0974938463537818, "supply": [{"l": "Coconuts - Incl Copra", "v": 0.80575504213346827}, {"l": "Cottonseed", "v": 0.044684385879473688}, {"l": "Soyabeans", "v": 0.33052801463519083}, {"l": "Groundnuts", "v": 0.26810631527684214}, {"l": "Palm kernels", "v": 0.031917418485338349}, {"l": "Oilcrops, Other", "v": 0.01276696739413534}, {"l": "Oil Palm", "v": 0.6037357025493334}]}, {"source": 11, "prod": 17.0, "target": 22, "value": 0.063675249878250004, "supply": [{"l": "Sugar", "v": 0.063675249878250004}]}, {"source": 0, "prod": 23.0, "target": 23, "value": 0.014210255048213726, "supply": [{"l": "Milk - Excluding Butter", "v": 0.014210255048213726}]}, {"source": 9, "prod": 338.0, "target": 23, "value": 0.50376075470827997, "supply": [{"l": "Coconuts - Incl Copra", "v": 0.48461030361707691}, {"l": "Cottonseed", "v": 0.019150451091203009}]}, {"source": 3, "prod": 21.0, "target": 23, "value": 0.0054801800108214768, "supply": [{"l": "Tomatoes", "v": 0.0013907230862644307}, {"l": "Vegetables, Other", "v": 0.0040894569245570464}]}, {"source": 4, "prod": 145.0, "target": 23, "value": 0.053215626699402024, "supply": [{"l": "Sugar cane", "v": 0.053215626699402024}]}, {"source": 15, "prod": 139.0, "target": 23, "value": 1.1734835266233483, "supply": [{"l": "Butter, Ghee", "v": 0.0084226521002976201}, {"l": "Fats, Animals, Raw", "v": 1.1650608745230506}]}, {"source": 5, "prod": 19.0, "target": 23, "value": 0.019000882525290169, "supply": [{"l": "Roots, Other", "v": 0.0021555367144152336}, {"l": "Yams", "v": 0.0010648844525438996}, {"l": "Potatoes", "v": 0.0039710165187558473}, {"l": "Cassava", "v": 0.011809444839575188}]}, {"source": 6, "prod": 38.0, "target": 23, "value": 0.028334460752244106, "supply": [{"l": "Marine Fish, Other", "v": 0.0014722601127919077}, {"l": "Fish, Seafood", "v": 0.014794460334351993}, {"l": "Pelagic Fish", "v": 0.0050535912601785728}, {"l": "Molluscs, Other", "v": 0.0023359674212134725}, {"l": "Demersal Fish", "v": 0.0046781816237081632}]}, {"source": 17, "prod": 2.0, "target": 23, "value": 0.0014722601127919077, "supply": [{"l": "Aquatic Products, Other", "v": 0.00073613005639595387}, {"l": "Aquatic Animals, Others", "v": 0.00073613005639595387}]}, {"source": 11, "prod": 155.0, "target": 23, "value": 0.57931992046094116, "supply": [{"l": "Sugar", "v": 0.57682285183826465}, {"l": "Sweeteners, Other", "v": 0.002497068622676471}]}, {"source": 14, "prod": 20.0, "target": 23, "value": 0.017662622863673556, "supply": [{"l": "Beer", "v": 0.0070175739424985497}, {"l": "Beverages, Alcoholic", "v": 0.0092060602233614459}, {"l": "Wine", "v": 0.0014389886978135593}]}, {"source": 8, "prod": 48.0, "target": 23, "value": 0.17258942253948376, "supply": [{"l": "Maize", "v": 0.015146538312197182}, {"l": "Barley", "v": 0.0035375138821250002}, {"l": "Rice", "v": 0.078430090683748302}, {"l": "Wheat", "v": 0.072718775337679509}, {"l": "Cereals, Other", "v": 0.0027565043237337667}]}, {"source": 18, "prod": 58.0, "target": 23, "value": 0.5918697025001779, "supply": [{"l": "Soyabean Oil", "v": 0.15411843919576435}, {"l": "Palm Oil", "v": 0.11320044422800001}, {"l": "Sunflowerseed Oil", "v": 0.11340258787840714}, {"l": "Coconut Oil", "v": 0.083797731441506512}, {"l": "Rape and Mustard Oil", "v": 0.014150055528500001}, {"l": "Oilcrops Oil, Other", "v": 0.10612541646375}, {"l": "Palmkernel Oil", "v": 0.0070750277642500003}]}, {"source": 19, "prod": 4.0, "target": 23, "value": 0.013584053307360001, "supply": [{"l": "Spices, Other", "v": 0.013584053307360001}]}, {"source": 21, "prod": 1.0, "target": 23, "value": 0.0014829752518951966, "supply": [{"l": "Eggs", "v": 0.0014829752518951966}]}, {"source": 7, "prod": 36.0, "target": 23, "value": 0.016274203722483442, "supply": [{"l": "Plantains", "v": 0.0008840553508854584}, {"l": "Fruits, Other", "v": 0.003913459659610756}, {"l": "Grapefruit", "v": 0.00032907105880232559}, {"l": "Lemons, Limes", "v": 0.0050152095544050632}, {"l": "Bananas", "v": 0.0045410241593046748}, {"l": "Oranges, Mandarines", "v": 0.0015913839394751641}]}, {"source": 2, "prod": 18.0, "target": 23, "value": 0.038968924280382108, "supply": [{"l": "Pigmeat", "v": 0.014122364617485325}, {"l": "Bovine Meat", "v": 0.014371843232708466}, {"l": "Poultry Meat", "v": 0.010474716430188314}]}, {"source": 5, "prod": 21.0, "target": 5, "value": 0.017245399485687454, "supply": [{"l": "Roots, Other", "v": 0.0021555367144152336}, {"l": "Potatoes", "v": 0.01508986277127222}]}, {"source": 8, "prod": 51.0, "target": 8, "value": 0.20446146660494399, "supply": [{"l": "Maize", "v": 0.049226249514640837}, {"l": "Rice", "v": 0.14034858332881275}, {"l": "Sorghum", "v": 0.01488663376149041}]}, {"source": 21, "prod": 18.0, "target": 21, "value": 0.026693554534113543, "supply": [{"l": "Eggs", "v": 0.026693554534113543}]}, {"source": 16, "prod": 13.0, "target": 16, "value": 0.050913850874349201, "supply": [{"l": "Beans", "v": 0.027402989380841503}, {"l": "Pulses, Other", "v": 0.023510861493507694}]}, {"source": 9, "prod": 7.0, "target": 9, "value": 0.044684385879473688, "supply": [{"l": "Groundnuts", "v": 0.038300902182406019}, {"l": "Cottonseed", "v": 0.0063834836970676698}]}, {"source": 0, "prod": 83.0, "target": 24, "value": 0.051280485608771277, "supply": [{"l": "Milk - Excluding Butter", "v": 0.051280485608771277}]}, {"source": 9, "prod": 56.0, "target": 24, "value": 0.100757026693011, "supply": [{"l": "Coconuts - Incl Copra", "v": 0.075223091904740316}, {"l": "Groundnuts", "v": 0.025533934788270679}]}, {"source": 12, "prod": 1.0, "target": 24, "value": 0.0047166851761666672, "supply": [{"l": "Treenuts", "v": 0.0047166851761666672}]}, {"source": 3, "prod": 159.0, "target": 24, "value": 0.043542058400663906, "supply": [{"l": "Vegetables, Other", "v": 0.028080937548625052}, {"l": "Tomatoes", "v": 0.011125784690115445}, {"l": "Onions", "v": 0.0043353361619234048}]}, {"source": 4, "prod": 397.0, "target": 24, "value": 0.14570071585974209, "supply": [{"l": "Sugar cane", "v": 0.14570071585974209}]}, {"source": 5, "prod": 300.0, "target": 24, "value": 0.31169582093729337, "supply": [{"l": "Potatoes", "v": 0.034150742061300289}, {"l": "Yams", "v": 0.046854915911931583}, {"l": "Roots, Other", "v": 0.054966186217588461}, {"l": "Sweet potatoes", "v": 0.1037937218145151}, {"l": "Cassava", "v": 0.071930254931957954}]}, {"source": 16, "prod": 15.0, "target": 24, "value": 0.059257984289483041, "supply": [{"l": "Beans", "v": 0.023488276612149864}, {"l": "Peas", "v": 0.0044218923526562507}, {"l": "Pulses, Other", "v": 0.031347815324676925}]}, {"source": 11, "prod": 30.0, "target": 24, "value": 0.11236808802044117, "supply": [{"l": "Sugar", "v": 0.11236808802044117}]}, {"source": 13, "prod": 1.0, "target": 24, "value": 0.0045482321341607148, "supply": [{"l": "Nuts", "v": 0.0045482321341607148}]}, {"source": 8, "prod": 281.0, "target": 24, "value": 1.0220618966804083, "supply": [{"l": "Maize", "v": 0.2461312475732042}, {"l": "Barley", "v": 0.0035375138821250002}, {"l": "Rice", "v": 0.37151095587038674}, {"l": "Sorghum", "v": 0.037216584403726029}, {"l": "Cereals, Other", "v": 0.0027565043237337667}, {"l": "Wheat", "v": 0.35727050491990375}, {"l": "Millet", "v": 0.0036385857073285722}]}, {"source": 20, "prod": 2.0, "target": 24, "value": 0.0010884658098846154, "supply": [{"l": "Coffee", "v": 0.0010884658098846154}]}, {"source": 21, "prod": 9.0, "target": 24, "value": 0.013346777267056771, "supply": [{"l": "Eggs", "v": 0.013346777267056771}]}, {"source": 7, "prod": 559.0, "target": 24, "value": 0.34311709009991048, "supply": [{"l": "Pineapples", "v": 0.0031738442306915885}, {"l": "Grapefruit", "v": 0.013491913410895348}, {"l": "Plantains", "v": 0.12023152772042234}, {"l": "Lemons, Limes", "v": 0.0032240632849746837}, {"l": "Bananas", "v": 0.1150392787023851}, {"l": "Fruits, Other", "v": 0.075225391234740077}, {"l": "Oranges, Mandarines", "v": 0.012731071515801313}]}, {"source": 25, "prod": 15.0, "target": 13, "value": 0.06718616591163723, "supply": [{"l": "Nuts", "v": 0.0090964642683214296}, {"l": "Infant food", "v": 0.058089701643315797}]}, {"source": 25, "prod": 2255.0, "target": 1, "value": 1.8414235721203094, "supply": [{"l": "Freshwater Fish", "v": 0.0013476243360476192}, {"l": "Meat, Other", "v": 0.11330804921300761}, {"l": "Crustaceans", "v": 0.0020214365040714288}, {"l": "Marine Fish, Other", "v": 0.022820031748274565}, {"l": "Demersal Fish", "v": 0.057697573359067347}, {"l": "Mutton & Goat Meat", "v": 0.04290176410236702}, {"l": "Pigmeat", "v": 0.059313931393438359}, {"l": "Milk - Excluding Butter", "v": 0.86435420923700024}, {"l": "Pelagic Fish", "v": 0.15463989256146432}, {"l": "Fish, Seafood", "v": 0.23359674212134729}, {"l": "Molluscs, Other", "v": 0.00077865580707115758}, {"l": "Poultry Meat", "v": 0.12868937328517072}, {"l": "Offals, Edible", "v": 0.012128619024428572}, {"l": "Bovine Meat", "v": 0.13892781791618183}, {"l": "Eggs", "v": 0.0088978515113711798}]}, {"source": 25, "prod": 4375.0, "target": 8, "value": 15.017609202484895, "supply": [{"l": "Maize", "v": 3.5594365033663378}, {"l": "Rye", "v": 0.01076414938418036}, {"l": "Barley", "v": 0.60491487384337506}, {"l": "Rice", "v": 2.4519723087445526}, {"l": "Cereals, Other", "v": 0.071669112417077935}, {"l": "Wheat", "v": 8.2235449849262796}, {"l": "Oats", "v": 0.084142294481973218}, {"l": "Sorghum", "v": 0.01116497532111781}]}, {"source": 25, "prod": 176.0, "target": 16, "value": 0.69514433718796476, "supply": [{"l": "Peas", "v": 0.04864081587921875}, {"l": "Beans", "v": 0.046976553224299729}, {"l": "Pulses, Other", "v": 0.59952696808444628}]}, {"source": 25, "prod": 797.0, "target": 22, "value": 5.7300279232061833, "supply": [{"l": "Sugar", "v": 0.72290136626483825}, {"l": "Maize Germ Oil", "v": 0.074287791524625002}, {"l": "Beer", "v": 0.015438662673496811}, {"l": "Groundnut Oil", "v": 0.010612541646375}, {"l": "Beverages, Alcoholic", "v": 0.033755554152325305}, {"l": "Fats, Animals, Raw", "v": 1.916440713889366}, {"l": "Soyabean Oil", "v": 0.95553432301373886}, {"l": "Butter, Ghee", "v": 0.26110221510922621}, {"l": "Palm Oil", "v": 0.075466962818666675}, {"l": "Sunflowerseed Oil", "v": 1.1855725096378931}, {"l": "Olive Oil", "v": 0.024257238048857144}, {"l": "Coconut Oil", "v": 0.11522188073207143}, {"l": "Rape and Mustard Oil", "v": 0.028300111057000001}, {"l": "Oilcrops Oil, Other", "v": 0.21225083292749999}, {"l": "Wine", "v": 0.015828875675949153}, {"l": "Sweeteners, Other", "v": 0.039953097962823536}, {"l": "Beverages, Fermented", "v": 0.00065307948593076924}, {"l": "Cottonseed Oil", "v": 0.0424501665855}]}, {"source": 25, "prod": 1.0, "target": 12, "value": 0.0047166851761666672, "supply": [{"l": "Treenuts", "v": 0.0047166851761666672}]}, {"source": 25, "prod": 117.0, "target": 3, "value": 0.038115581734465512, "supply": [{"l": "Tomatoes", "v": 0.0013907230862644307}, {"l": "Vegetables, Other", "v": 0.023718850162430867}, {"l": "Onions", "v": 0.013006008485770215}]}, {"source": 25, "prod": 8.0, "target": 20, "value": 0.011355346016634096, "supply": [{"l": "Cocoa Beans", "v": 0.0068838107976486483}, {"l": "Coffee", "v": 0.001632698714826923}, {"l": "Tea", "v": 0.0028388365041585239}]}, {"source": 25, "prod": 139.0, "target": 7, "value": 0.075604832130465843, "supply": [{"l": "Plantains", "v": 0.0044202767544272922}, {"l": "Apples", "v": 0.014451120539744683}, {"l": "Grapes", "v": 0.015062962336790322}, {"l": "Lemons, Limes", "v": 0.00035822925388607601}, {"l": "Pineapples", "v": 0.00039673052883644857}, {"l": "Bananas", "v": 0.00075683735988411242}, {"l": "Citrus, Other", "v": 0.0008696577021357235}, {"l": "Fruits, Other", "v": 0.02522007336193598}, {"l": "Grapefruit", "v": 0.0019744263528139534}, {"l": "Oranges, Mandarines", "v": 0.012094517940011247}]}, {"source": 25, "prod": 108.0, "target": 9, "value": 0.39835796725458461, "supply": [{"l": "Olives", "v": 0.0063834836970676698}, {"l": "Coconuts - Incl Copra", "v": 0.023145566739920093}, {"l": "Groundnuts", "v": 0.031917418485338349}, {"l": "Oilcrops, Other", "v": 0.0063834836970676698}, {"l": "Soyabeans", "v": 0.33052801463519083}]}, {"source": 25, "prod": 7.0, "target": 19, "value": 0.021679802736324999, "supply": [{"l": "Pimento", "v": 0.0035375138821250002}, {"l": "Pepper", "v": 0.0011622222200000001}, {"l": "Spices, Other", "v": 0.0169800666342}]}, {"source": 25, "prod": 137.0, "target": 5, "value": 0.11905596071241013, "supply": [{"l": "Roots, Other", "v": 0.026944208930190418}, {"l": "Yams", "v": 0.0031946533576316994}, {"l": "Potatoes", "v": 0.080214533678868119}, {"l": "Sweet potatoes", "v": 0.0065553929567062153}, {"l": "Cassava", "v": 0.0021471717890136706}]}, {"source": 0, "prod": 21.0, "target": 26, "value": 0.012974580696195141, "supply": [{"l": "Milk - Excluding Butter", "v": 0.012974580696195141}]}, {"source": 2, "prod": 10.0, "target": 26, "value": 0.023656062056710989, "supply": [{"l": "Meat, Other", "v": 0.002098297207648289}, {"l": "Bovine Meat", "v": 0.021557764849062699}]}, {"source": 12, "prod": 7.0, "target": 26, "value": 0.033016796233166675, "supply": [{"l": "Treenuts", "v": 0.033016796233166675}]}, {"source": 3, "prod": 81.0, "target": 26, "value": 0.021919694270235789, "supply": [{"l": "Vegetables, Other", "v": 0.020992545546059501}, {"l": "Tomatoes", "v": 0.00092714872417628711}]}, {"source": 13, "prod": 8.0, "target": 26, "value": 0.036306063527072371, "supply": [{"l": "Infant food", "v": 0.0044684385879473695}, {"l": "Nuts", "v": 0.031837624939125002}]}, {"source": 14, "prod": 58.0, "target": 26, "value": 0.16237874011526449, "supply": [{"l": "Beer", "v": 0.0028070295769994204}, {"l": "Beverages, Alcoholic", "v": 0.15957171053826508}]}, {"source": 15, "prod": 1.0, "target": 26, "value": 0.0084424701052394965, "supply": [{"l": "Fats, Animals, Raw", "v": 0.0084424701052394965}]}, {"source": 5, "prod": 143.0, "target": 26, "value": 0.14568224423573989, "supply": [{"l": "Yams", "v": 0.011713728977982896}, {"l": "Roots, Other", "v": 0.071132711575702695}, {"l": "Potatoes", "v": 0.023826099112535082}, {"l": "Sweet potatoes", "v": 0.020758744362903016}, {"l": "Cassava", "v": 0.018250960206616196}]}, {"source": 16, "prod": 10.0, "target": 26, "value": 0.039184769155846164, "supply": [{"l": "Pulses, Other", "v": 0.039184769155846164}]}, {"source": 6, "prod": 309.0, "target": 26, "value": 0.24701653159229775, "supply": [{"l": "Crustaceans", "v": 0.014655414654517857}, {"l": "Marine Fish, Other", "v": 0.0044167803383757228}, {"l": "Pelagic Fish", "v": 0.093996797439321447}, {"l": "Fish, Seafood", "v": 0.11913433848188709}, {"l": "Molluscs, Other", "v": 0.00077865580707115758}, {"l": "Demersal Fish", "v": 0.01403454487112449}]}, {"source": 11, "prod": 9288.0, "target": 26, "value": 34.761116049673916, "supply": [{"l": "Sugar", "v": 34.684283168976179}, {"l": "Sweeteners, Other", "v": 0.047444303830852942}, {"l": "Honey", "v": 0.029388576866884616}]}, {"source": 8, "prod": 213.0, "target": 26, "value": 0.84798249461472475, "supply": [{"l": "Maize", "v": 0.0037866345780492956}, {"l": "Rice", "v": 0.74302191174077348}, {"l": "Wheat", "v": 0.10117394829590193}]}, {"source": 18, "prod": 60.0, "target": 26, "value": 0.60598684774704925, "supply": [{"l": "Palm Oil", "v": 0.20753414775133336}, {"l": "Coconut Oil", "v": 0.36661507505659086}, {"l": "Oilcrops Oil, Other", "v": 0.031837624939125002}]}, {"source": 19, "prod": 9.0, "target": 26, "value": 0.030988621607415001, "supply": [{"l": "Pimento", "v": 0.010612541646375}, {"l": "Spices, Other", "v": 0.020376079961040003}]}, {"source": 20, "prod": 127.0, "target": 26, "value": 0.16101204037705324, "supply": [{"l": "Coffee", "v": 0.038640536250903849}, {"l": "Cocoa Beans", "v": 0.11243557636159458}, {"l": "Tea", "v": 0.0099359277645548333}]}, {"source": 7, "prod": 852.0, "target": 26, "value": 0.38530787392388455, "supply": [{"l": "Plantains", "v": 0.0061883874561982103}, {"l": "Grapefruit", "v": 0.060878145878430233}, {"l": "Lemons, Limes", "v": 0.010388648362696205}, {"l": "Pineapples", "v": 0.0031738442306915885}, {"l": "Bananas", "v": 0.16650421917450473}, {"l": "Fruits, Other", "v": 0.034786308085428937}, {"l": "Oranges, Mandarines", "v": 0.10248512570220056}, {"l": "Apples", "v": 0.00090319503373404266}]}, {"source": 9, "prod": 525.0, "target": 26, "value": 0.80883276641185475, "supply": [{"l": "Coconuts - Incl Copra", "v": 0.74499792944117804}, {"l": "Groundnuts", "v": 0.025533934788270679}, {"l": "Palm kernels", "v": 0.038300902182406019}]}, {"source": 14, "prod": 8.0, "target": 27, "value": 0.0037427061026658937, "supply": [{"l": "Beer", "v": 0.0037427061026658937}]}, {"source": 19, "prod": 1.0, "target": 27, "value": 0.0033960133268400002, "supply": [{"l": "Spices, Other", "v": 0.0033960133268400002}]}, {"source": 18, "prod": 17.0, "target": 27, "value": 0.1756815015218384, "supply": [{"l": "Groundnut Oil", "v": 0.02122508329275}, {"l": "Oilcrops Oil, Other", "v": 0.010612541646375}, {"l": "Soyabean Oil", "v": 0.14384387658271339}]}, {"source": 2, "prod": 1.0, "target": 27, "value": 0.0028244729234970646, "supply": [{"l": "Pigmeat", "v": 0.0028244729234970646}]}, {"source": 16, "prod": 9.0, "target": 27, "value": 0.035247471505796678, "supply": [{"l": "Beans", "v": 0.019573563843458215}, {"l": "Pulses, Other", "v": 0.015673907662338463}]}, {"source": 28, "prod": 2.0, "target": 5, "value": 0.0015884066075023389, "supply": [{"l": "Potatoes", "v": 0.0015884066075023389}]}, {"source": 0, "prod": 41.0, "target": 27, "value": 0.025331324216380992, "supply": [{"l": "Milk - Excluding Butter", "v": 0.025331324216380992}]}, {"source": 8, "prod": 85.0, "target": 27, "value": 0.333483331052565, "supply": [{"l": "Maize", "v": 0.17039855601221832}, {"l": "Rice", "v": 0.14447648283848372}, {"l": "Sorghum", "v": 0.018608292201863014}]}, {"source": 28, "prod": 30.0, "target": 9, "value": 0.043397937637350177, "supply": [{"l": "Coconuts - Incl Copra", "v": 0.043397937637350177}]}, {"source": 28, "prod": 3.0, "target": 1, "value": 0.0020345838216569074, "supply": [{"l": "Fish, Seafood", "v": 0.00077865580707115758}, {"l": "Demersal Fish", "v": 0.00051979795818979596}, {"l": "Marine Fish, Other", "v": 0.00073613005639595387}]}, {"source": 7, "prod": 18.0, "target": 27, "value": 0.0070446638980778296, "supply": [{"l": "Bananas", "v": 0.0022705120796523374}, {"l": "Oranges, Mandarines", "v": 0.0047741518184254922}]}, {"source": 20, "prod": 5.0, "target": 27, "value": 0.0062219059132593551, "supply": [{"l": "Cocoa Beans", "v": 0.0045892071984324325}, {"l": "Coffee", "v": 0.001632698714826923}]}, {"source": 15, "prod": 2.0, "target": 27, "value": 0.016884940210478993, "supply": [{"l": "Fats, Animals, Raw", "v": 0.016884940210478993}]}, {"source": 28, "prod": 15.0, "target": 22, "value": 0.13423815729220862, "supply": [{"l": "Coconut Oil", "v": 0.010474716430188314}, {"l": "Sugar", "v": 0.011236808802044118}, {"l": "Palm Oil", "v": 0.0094333703523333343}, {"l": "Sunflowerseed Oil", "v": 0.10309326170764287}]}, {"source": 28, "prod": 14.0, "target": 8, "value": 0.046518570366725479, "supply": [{"l": "Barley", "v": 0.02122508329275}, {"l": "Wheat", "v": 0.025293487073975482}]}, {"source": 1, "prod": 3201.0, "target": 0, "value": 1.9776968004057454, "supply": [{"l": "Milk - Excluding Butter", "v": 1.9776968004057454}]}, {"source": 1, "prod": 164.0, "target": 21, "value": 0.24320794131081225, "supply": [{"l": "Eggs", "v": 0.26990149584492584}]}, {"source": 1, "prod": 1080.0, "target": 2, "value": 2.2141649969287309, "supply": [{"l": "Pigmeat", "v": 0.50275618038247749}, {"l": "Bovine Meat", "v": 0.80721852823712525}, {"l": "Poultry Meat", "v": 0.55366358273852512}, {"l": "Offals, Edible", "v": 0.087326056975885732}, {"l": "Meat, Other", "v": 0.19094504589599429}, {"l": "Mutton & Goat Meat", "v": 0.072255602698723401}]}, {"source": 1, "prod": 1637.0, "target": 6, "value": 1.290662883559436, "supply": [{"l": "Pelagic Fish", "v": 0.37598718975728579}, {"l": "Crustaceans", "v": 0.020719724166732144}, {"l": "Freshwater Fish", "v": 0.014150055528500001}, {"l": "Molluscs, Other", "v": 0.013237148720209679}, {"l": "Demersal Fish", "v": 0.10447938959614897}, {"l": "Fish, Seafood", "v": 0.63694045018420686}, {"l": "Marine Fish, Other", "v": 0.1192530691361445}, {"l": "Cephalopods", "v": 0.0058958564702083346}]}, {"source": 1, "prod": 5.0, "target": 17, "value": 0.0036806502819797695, "supply": [{"l": "Aquatic Products, Other", "v": 0.0014722601127919077}, {"l": "Aquatic Animals, Others", "v": 0.0022083901691878618}]}, {"source": 22, "prod": 10942.0, "target": 11, "value": 40.938959863276374, "supply": [{"l": "Honey", "v": 0.045715564015153851}, {"l": "Sweeteners, Other", "v": 0.077409127302970587}, {"l": "Sugar non-centrifugal", "v": 0.21349936723883822}, {"l": "Sugar", "v": 40.602335804719417}]}, {"source": 22, "prod": 416.0, "target": 18, "value": 4.2801703796495625, "supply": [{"l": "Olive Oil", "v": 0.024257238048857144}, {"l": "Soyabean Oil", "v": 1.3870659527618792}, {"l": "Coconut Oil", "v": 0.72275543368299344}, {"l": "Cottonseed Oil", "v": 0.053062708231874998}, {"l": "Rape and Mustard Oil", "v": 0.028300111057000001}, {"l": "Maize Germ Oil", "v": 0.074287791524625002}, {"l": "Groundnut Oil", "v": 0.23347591622024999}, {"l": "Palm Oil", "v": 0.37733481409333336}, {"l": "Palmkernel Oil", "v": 0.02122508329275}, {"l": "Oilcrops Oil, Other", "v": 0.27592608280574998}, {"l": "Sunflowerseed Oil", "v": 1.0824792479302501}]}, {"source": 22, "prod": 304.0, "target": 15, "value": 2.5656587377803066, "supply": [{"l": "Fats, Animals, Raw", "v": 2.2034846974675086}, {"l": "Butter, Ghee", "v": 0.36217404031279771}]}, {"source": 22, "prod": 876.0, "target": 14, "value": 0.9994272697017349, "supply": [{"l": "Beer", "v": 0.28491350206544114}, {"l": "Beverages, Alcoholic", "v": 0.68431714326986759}, {"l": "Beverages, Fermented", "v": 0.014367748690476925}, {"l": "Wine", "v": 0.015828875675949153}]}, {"source": 9, "prod": 1925.5, "target": 29, "value": 1.9290260593837618, "supply": [{"l": "Coconuts - Incl Copra", "v": 6.1103833216499996}, {"l": "Sesame seed", "v": 0.017433333300000003}, {"l": "Groundnuts", "v": 0.34692333267000008}, {"l": "Oilcrops, Other", "v": 0.0087166666500000014}, {"l": "Soyabeans", "v": 0.092391343334793874}, {"l": "Palm kernels", "v": 0.038353333259999997}, {"l": "Cottonseed", "v": 0.038353333259999997}, {"l": "Olives", "v": 0.0017433333300000001}]}, {"source": 3, "prod": 1608.0, "target": 29, "value": 5.6107322148731873, "supply": [{"l": "Onions", "v": 0.26149999950000002}, {"l": "Vegetables, Other", "v": 3.6487966596899999}, {"l": "Tomatoes", "v": 1.6962633300900003}]}, {"source": 4, "prod": 38237.0, "target": 29, "value": 14.03314426279335, "supply": [{"l": "Sugar cane", "v": 14.03314426279335}]}, {"source": 5, "prod": 1324.5, "target": 29, "value": 4.4493134671277748, "supply": [{"l": "Roots, Other", "v": 0.95534666484000008}, {"l": "Yams", "v": 0.61975499881500018}, {"l": "Potatoes", "v": 0.72261166528499998}, {"l": "Sweet potatoes", "v": 1.1636749977750003}, {"l": "Cassava", "v": 1.1567016644550001}]}, {"source": 16, "prod": 302.0, "target": 29, "value": 1.0577093205774084, "supply": [{"l": "Pulses, Other", "v": 0.5805299988899999}, {"l": "Beans", "v": 0.43234666584000009}, {"l": "Peas", "v": 0.040096666590000003}]}, {"source": 8, "prod": 8409.0, "target": 29, "value": 30.264853975313617, "supply": [{"l": "Sorghum", "v": 1.3563133307399999}, {"l": "Rice", "v": 11.129439978720002}, {"l": "Wheat", "v": 9.0374399827200005}, {"l": "Oats", "v": 0.12900666642}, {"l": "Maize", "v": 6.8268933202800008}, {"l": "Barley", "v": 0.57529999889999994}, {"l": "Cereals, Other", "v": 0.12900666642000003}, {"l": "Rye", "v": 0.010459999980000001}, {"l": "Millet", "v": 0.12551999976}]}, {"source": 30, "prod": 0, "target": 9, "value": 3.2029655553893194e-05, "supply": "[{\"l\":'Energy for power irrigation',\"v\":3.2029655553893194e-05}]"}, {"source": 30, "prod": 0, "target": 12, "value": 2.5667216114864744e-07, "supply": "[{\"l\":'Energy for power irrigation',\"v\":2.5667216114864744e-07}]"}, {"source": 30, "prod": 0, "target": 3, "value": 2.5795552195439066e-05, "supply": "[{\"l\":'Energy for power irrigation',\"v\":2.5795552195439066e-05}]"}, {"source": 30, "prod": 0, "target": 4, "value": 0.00153349584778763, "supply": "[{\"l\":'Energy for power irrigation',\"v\":0.00153349584778763}]"}, {"source": 30, "prod": 0, "target": 5, "value": 4.2495284680172941e-05, "supply": "[{\"l\":'Energy for power irrigation',\"v\":4.2495284680172941e-05}]"}, {"source": 30, "prod": 0, "target": 16, "value": 4.84468704168072e-06, "supply": "[{\"l\":'Energy for power irrigation',\"v\":4.84468704168072e-06}]"}, {"source": 30, "prod": 0, "target": 13, "value": 3.7698723668707588e-07, "supply": "[{\"l\":'Energy for power irrigation',\"v\":3.7698723668707588e-07}]"}, {"source": 30, "prod": 0, "target": 8, "value": 6.7448631346843005e-05, "supply": "[{\"l\":'Energy for power irrigation',\"v\":6.7448631346843005e-05}]"}, {"source": 30, "prod": 0, "target": 19, "value": 3.6896623165118065e-07, "supply": "[{\"l\":'Energy for power irrigation',\"v\":3.6896623165118065e-07}]"}, {"source": 30, "prod": 0, "target": 20, "value": 3.5212212107580072e-06, "supply": "[{\"l\":'Energy for power irrigation',\"v\":3.5212212107580072e-06}]"}, {"source": 30, "prod": 0, "target": 7, "value": 7.9616495986296079e-05, "supply": "[{\"l\":'Energy for power irrigation',\"v\":7.9616495986296079e-05}]"}, {"source": 30, "prod": 0, "target": 22, "value": 1.0530000008423999, "supply": "[{\"l\":'Electricity',\"v\":1.0530000008423999}]"}, {"source": 31, "prod": 0, "target": 30, "value": 1.6385402778459981, "supply": [{"l": "Coal", "v": 1.1194935596066697}, {"l": "Natural gas", "v": 0.21847850187340456}, {"l": "Oil", "v": 0.3005682163659239}]}, {"source": 32, "prod": 0, "target": 30, "value": 0.40274346784350218, "supply": [{"l": "Nuclear", "v": 0.17149420333643167}, {"l": "Hydroelectric", "v": 0.22421447698749225}, {"l": "Renewable", "v": 0.0070347875195782474}]}, {"source": 31, "prod": 0, "target": 9, "value": 0.029138741709504656, "supply": [{"l": "Motor Gasoline", "v": 0.00022016070707652074}, {"l": "Gas-Diesel oil", "v": 0.018805600803105067}, {"l": "Natural gas (including LNG)", "v": 3.9758141232780273e-05}, {"l": "Fuel oil", "v": 0.0098381520480514788}, {"l": "Liquefied petroleum gas (LPG)", "v": 0.0002350700100388133}]}, {"source": 31, "prod": 0, "target": 12, "value": 0.00023350559593581738, "supply": [{"l": "Motor Gasoline", "v": 1.7642751227924533e-06}, {"l": "Gas-Diesel oil", "v": 0.00015070015947283617}, {"l": "Natural gas (including LNG)", "v": 3.1860498831466427e-07}, {"l": "Fuel oil", "v": 7.8838804358463671e-05}, {"l": "Liquefied petroleum gas (LPG)", "v": 1.8837519934104521e-06}]}, {"source": 31, "prod": 0, "target": 3, "value": 0.023467312391549644, "supply": [{"l": "Motor Gasoline", "v": 0.00017730964984064154}, {"l": "Gas-Diesel oil", "v": 0.015145366027020034}, {"l": "Natural gas (including LNG)", "v": 3.2019801325623755e-05}, {"l": "Fuel oil", "v": 0.0079232998380255985}, {"l": "Liquefied petroleum gas (LPG)", "v": 0.00018931707533775041}]}, {"source": 31, "prod": 0, "target": 4, "value": 1.395086479968414, "supply": [{"l": "Motor Gasoline", "v": 0.010540716854721098}, {"l": "Gas-Diesel oil", "v": 0.90036281215044323}, {"l": "Natural gas (including LNG)", "v": 0.0019035154590918463}, {"l": "Fuel oil", "v": 0.4710249003522774}, {"l": "Liquefied petroleum gas (LPG)", "v": 0.011254535151880539}]}, {"source": 31, "prod": 0, "target": 5, "value": 0.038659770227123767, "supply": [{"l": "Motor Gasoline", "v": 0.0002920978000173255}, {"l": "Gas-Diesel oil", "v": 0.024950295152721437}, {"l": "Natural gas (including LNG)", "v": 5.2749038377846595e-05}, {"l": "Fuel oil", "v": 0.013052749546598141}, {"l": "Liquefied petroleum gas (LPG)", "v": 0.00031187868940901796}]}, {"source": 31, "prod": 0, "target": 16, "value": 0.0044074181232885527, "supply": [{"l": "Motor Gasoline", "v": 3.3300692942707551e-05}, {"l": "Gas-Diesel oil", "v": 0.0028444655100497824}, {"l": "Natural gas (including LNG)", "v": 6.0136691544392868e-06}, {"l": "Fuel oil", "v": 0.0014880824322660016}, {"l": "Liquefied petroleum gas (LPG)", "v": 3.555581887562228e-05}]}, {"source": 31, "prod": 0, "target": 13, "value": 0.00034296134403073177, "supply": [{"l": "Motor Gasoline", "v": 2.5912790866014156e-06}, {"l": "Gas-Diesel oil", "v": 0.0002213408592257281}, {"l": "Natural gas (including LNG)", "v": 4.6795107658716307e-07}, {"l": "Fuel oil", "v": 0.00011579449390149351}, {"l": "Liquefied petroleum gas (LPG)", "v": 2.7667607403216013e-06}]}, {"source": 31, "prod": 0, "target": 8, "value": 0.061360892382009008, "supply": [{"l": "Motor Gasoline", "v": 0.0004636184221113043}, {"l": "Gas-Diesel oil", "v": 0.03960117628147123}, {"l": "Natural gas (including LNG)", "v": 8.3723417085562862e-05}, {"l": "Fuel oil", "v": 0.020717359557822529}, {"l": "Liquefied petroleum gas (LPG)", "v": 0.00049501470351839035}]}, {"source": 31, "prod": 0, "target": 19, "value": 0.00033566429415773745, "supply": [{"l": "Motor Gasoline", "v": 2.5361454890141513e-06}, {"l": "Gas-Diesel oil", "v": 0.00021663147924220197}, {"l": "Natural gas (including LNG)", "v": 4.579946707023298e-07}, {"l": "Fuel oil", "v": 0.00011333078126529152}, {"l": "Liquefied petroleum gas (LPG)", "v": 2.7078934905275243e-06}]}, {"source": 31, "prod": 0, "target": 20, "value": 0.0032034048942444944, "supply": [{"l": "Motor Gasoline", "v": 2.4203649340808965e-05}, {"l": "Gas-Diesel oil", "v": 0.0020674178127679712}, {"l": "Natural gas (including LNG)", "v": 4.3708621834418002e-06}, {"l": "Fuel oil", "v": 0.0010815698472926734}, {"l": "Liquefied petroleum gas (LPG)", "v": 2.5842722659599639e-05}]}, {"source": 31, "prod": 0, "target": 7, "value": 0.072430517039341349, "supply": [{"l": "Motor Gasoline", "v": 0.00054725608965118403}, {"l": "Gas-Diesel oil", "v": 0.046745305716480369}, {"l": "Natural gas (including LNG)", "v": 9.8827284812854908e-05}, {"l": "Fuel oil", "v": 0.024454811626940947}, {"l": "Liquefied petroleum gas (LPG)", "v": 0.00058431632145600459}]}, {"source": 31, "prod": 0, "target": 1, "value": 0.7141648693314856, "supply": [{"l": "Fossil fuels in fisheries", "v": 0.7141648693314856}]}, {"source": 33, "prod": 1.8928552497485727, "target": 9, "value": 0.022720515909675946, "supply": [{"l": "Potash", "v": 0.053244185759590057}, {"l": "Phosphate", "v": 0.10221164028543905}, {"l": "Nitrogen", "v": 1.1144736482634636}]}, {"source": 33, "prod": 0.015168544253529285, "target": 12, "value": 0.00018207263924946917, "supply": [{"l": "Potash", "v": 0.053244185759590057}, {"l": "Phosphate", "v": 0.10221164028543905}, {"l": "Nitrogen", "v": 1.1144736482634636}]}, {"source": 33, "prod": 1.5244386974796929, "target": 3, "value": 0.018298300244571651, "supply": [{"l": "Potash", "v": 0.053244185759590057}, {"l": "Phosphate", "v": 0.10221164028543905}, {"l": "Nitrogen", "v": 1.1144736482634636}]}, {"source": 33, "prod": 90.62494165971863, "target": 4, "value": 1.0877986729659301, "supply": [{"l": "Potash", "v": 0.053244185759590057}, {"l": "Phosphate", "v": 0.10221164028543905}, {"l": "Nitrogen", "v": 1.1144736482634636}]}, {"source": 33, "prod": 2.5113421079749418, "target": 5, "value": 0.030144401335740239, "supply": [{"l": "Potash", "v": 0.053244185759590057}, {"l": "Phosphate", "v": 0.10221164028543905}, {"l": "Nitrogen", "v": 1.1144736482634636}]}, {"source": 33, "prod": 0.28630627278536519, "target": 16, "value": 0.0034366210658337303, "supply": [{"l": "Potash", "v": 0.053244185759590057}, {"l": "Phosphate", "v": 0.10221164028543905}, {"l": "Nitrogen", "v": 1.1144736482634636}]}, {"source": 33, "prod": 0.022278799372371136, "target": 13, "value": 0.00026741918889765785, "supply": [{"l": "Potash", "v": 0.053244185759590057}, {"l": "Phosphate", "v": 0.10221164028543905}, {"l": "Nitrogen", "v": 1.1144736482634636}]}, {"source": 33, "prod": 3.9860090196227422, "target": 8, "value": 0.04784527573277457, "supply": [{"l": "Potash", "v": 0.053244185759590057}, {"l": "Phosphate", "v": 0.10221164028543905}, {"l": "Nitrogen", "v": 1.1144736482634636}]}, {"source": 33, "prod": 0.021804782364448345, "target": 19, "value": 0.00026172941892111193, "supply": [{"l": "Potash", "v": 0.053244185759590057}, {"l": "Phosphate", "v": 0.10221164028543905}, {"l": "Nitrogen", "v": 1.1144736482634636}]}, {"source": 33, "prod": 0.20809346647810487, "target": 20, "value": 0.0024978090197036551, "supply": [{"l": "Potash", "v": 0.053244185759590057}, {"l": "Phosphate", "v": 0.10221164028543905}, {"l": "Nitrogen", "v": 1.1144736482634636}]}, {"source": 33, "prod": 4.7050928206416147, "target": 7, "value": 0.056476656787194719, "supply": [{"l": "Potash", "v": 0.053244185759590057}, {"l": "Phosphate", "v": 0.10221164028543905}, {"l": "Nitrogen", "v": 1.1144736482634636}]}, {"source": 31, "prod": 0, "target": 33, "value": 1.5470995122337252, "supply": [{"l": "Natural gas (including LNG)", "v": 1.0388080107473334}, {"l": "Fuel oil", "v": 0.31128467242598845}, {"l": "Liquefied petroleum gas (LPG)", "v": 0.098503414530201658}, {"l": "Coal", "v": 0.098503414530201658}]}, {"source": 34, "prod": 0, "target": 5, "value": 0.10326661079372426, "supply": "[{\"l\":'Labor',\"v\":0.10326661079372426}]"}, {"source": 34, "prod": 0, "target": 12, "value": 0.00062373188852381592, "supply": "[{\"l\":'Labor',\"v\":0.00062373188852381592}]"}, {"source": 34, "prod": 0, "target": 3, "value": 0.062685054796643491, "supply": "[{\"l\":'Labor',\"v\":0.062685054796643491}]"}, {"source": 34, "prod": 0, "target": 13, "value": 0.00091610621126935441, "supply": "[{\"l\":'Labor',\"v\":0.00091610621126935441}]"}, {"source": 34, "prod": 0, "target": 4, "value": 3.7265056596070543, "supply": "[{\"l\":'Labor',\"v\":3.7265056596070543}]"}, {"source": 34, "prod": 0, "target": 16, "value": 0.011772939395887022, "supply": "[{\"l\":'Labor',\"v\":0.011772939395887022}]"}, {"source": 34, "prod": 0, "target": 8, "value": 0.16390504533114897, "supply": "[{\"l\":'Labor',\"v\":0.16390504533114897}]"}, {"source": 34, "prod": 0, "target": 7, "value": 0.19347383517148112, "supply": "[{\"l\":'Labor',\"v\":0.19347383517148112}]"}, {"source": 34, "prod": 0, "target": 19, "value": 0.00089661458975298517, "supply": "[{\"l\":'Labor',\"v\":0.00089661458975298517}]"}, {"source": 34, "prod": 0, "target": 20, "value": 0.0085568218456860985, "supply": "[{\"l\":'Labor',\"v\":0.0085568218456860985}]"}, {"source": 34, "prod": 0, "target": 9, "value": 0.077834376186310478, "supply": "[{\"l\":'Labor',\"v\":0.077834376186310478}]"}, {"source": 31, "prod": 0, "target": 25, "value": 12.097439615696119, "supply": "[{\"l\":'Fossil Fuels',\"v\":12.097439615696119}]"}, {"source": 32, "prod": 0, "target": 25, "value": 3.1733196830796748, "supply": "[{\"l\":'Renewables & Nuclear',\"v\":1.2631133611447491},{\"l\":'Biomass & Waste',\"v\":1.9102063219349257}]"}]}