{"nodes": [{"layer": 3, "name": "Cereals", "fill": "#e7ba52"}, {"layer": 5, "name": "Production", "fill": "#b5cf6b"}, {"layer": 3, "name": "Oilcrops", "fill": "#ff9896"}, {"layer": 3, "name": "Sugar Crops", "fill": "#ffbb78"}, {"layer": 3, "name": "Starchy Roots"}, {"layer": 3, "name": "Fruits & Vegetables"}, {"layer": 3, "name": "Others"}, {"layer": 1, "name": "Electricity", "fill": "#bcbd22"}, {"layer": 0, "name": "Fossil Fuels", "fill": "#c49c94"}, {"layer": 0, "name": "Renewables & Nuclear", "fill": "#2ca02c"}, {"layer": 1, "name": "Fertilizers", "fill": "#c5b0d5"}, {"layer": 0, "name": "Labor", "fill": "#7f7f7f"}], "links": [{"source": 0, "prod": 1487.0, "target": 1, "value": 5.9580378059284618, "supply": [{"l": "Maize", "v": 1.569968711573047}, {"l": "Cereals, Other", "v": 0.022147913001130438}, {"l": "Rice", "v": 3.7566364374212253}, {"l": "Sorghum", "v": 0.5918052635743235}, {"l": "Millet", "v": 0.017479480358735297}]}, {"source": 2, "prod": 1715.7272727272727, "target": 1, "value": 3.0446892687821929, "supply": [{"l": "Coconuts - Incl Copra", "v": 2.2391090562431462}, {"l": "Sesame seed", "v": 0.023154636319363639}, {"l": "Cottonseed", "v": 0.017672579945022776}, {"l": "Groundnuts", "v": 0.54393772777352556}, {"l": "Oilcrops, Other", "v": 0.011781719963348519}, {"l": "Soyabeans", "v": 0.0053062708231875}, {"l": "Palm kernels", "v": 0.064799459798416836}, {"l": "Oil Palm", "v": 0.13892781791618183}]}, {"source": 3, "prod": 86158.0, "target": 1, "value": 30.019875124543169, "supply": [{"l": "Sugar cane", "v": 30.019875124543169}]}, {"source": 4, "prod": 2225.0, "target": 1, "value": 2.3866826049628314, "supply": [{"l": "Roots, Other", "v": 0.42457767331531421}, {"l": "Yams", "v": 0.32791948835819618}, {"l": "Potatoes", "v": 0.12210522055196982}, {"l": "Sweet potatoes", "v": 0.78552528309461678}, {"l": "Cassava", "v": 0.72655493964273465}]}, {"source": 5, "prod": 5049.0, "target": 1, "value": 3.3604232607076203, "supply": [{"l": "Plantains", "v": 0.83839079006362516}, {"l": "Citrus, Other", "v": 0.0024970686226764701}, {"l": "Tomatoes", "v": 0.12778693053016862}, {"l": "Treenuts", "v": 0.02122508329275}, {"l": "Apples", "v": 0.00050882048989469176}, {"l": "Vegetables, Other", "v": 0.18488814721437558}, {"l": "Peas", "v": 0.018866740704666669}, {"l": "Beans", "v": 0.38150900512783226}, {"l": "Pulses, Other", "v": 0.35934559621213957}, {"l": "Lemons, Limes", "v": 0.01637363568297857}, {"l": "Pineapples", "v": 0.027051576745661766}, {"l": "Bananas", "v": 0.73633928594013431}, {"l": "Fruits, Other", "v": 0.46782627407428373}, {"l": "Grapefruit", "v": 0.038422048588335769}, {"l": "Oranges, Mandarines", "v": 0.12352704364371822}, {"l": "Onions", "v": 0.015865213774378786}]}, {"source": 6, "prod": 211.0, "target": 1, "value": 0.2986249876230897, "supply": [{"l": "Nuts", "v": 0.014150055528500001}, {"l": "Coffee", "v": 0.064710619794969504}, {"l": "Cocoa Beans", "v": 0.16230946047397057}, {"l": "Pimento", "v": 0.024257238048857144}, {"l": "Spices, Other", "v": 0.027168106614720001}, {"l": "Tea", "v": 0.0060295071620724535}]}, {"source": 7, "prod": 0, "target": 0, "value": 2.9017975651926274e-05, "supply": "[{\"l\":'Energy for power irrigation',\"v\":2.9017975651926274e-05}]"}, {"source": 7, "prod": 0, "target": 2, "value": 1.6186570573517121e-05, "supply": "[{\"l\":'Energy for power irrigation',\"v\":1.6186570573517121e-05}]"}, {"source": 7, "prod": 0, "target": 3, "value": 0.00082188026436368045, "supply": "[{\"l\":'Energy for power irrigation',\"v\":0.00082188026436368045}]"}, {"source": 7, "prod": 0, "target": 4, "value": 2.1720555739459607e-05, "supply": "[{\"l\":'Energy for power irrigation',\"v\":2.1720555739459607e-05}]"}, {"source": 7, "prod": 0, "target": 5, "value": 4.9674920515255125e-05, "supply": "[{\"l\":'Energy for power irrigation',\"v\":4.9674920515255125e-05}]"}, {"source": 7, "prod": 0, "target": 6, "value": 2.18922597374e-06, "supply": "[{\"l\":'Energy for power irrigation',\"v\":2.18922597374e-06}]"}, {"source": 8, "prod": 0, "target": 7, "value": 0.001700526907455121, "supply": [{"l": "Coal", "v": 0.00086897431753836204}, {"l": "Natural gas", "v": 0.00024783585938852526}, {"l": "Oil", "v": 0.00058371673052823357}]}, {"source": 9, "prod": 0, "target": 7, "value": 0.00027421387137111782, "supply": [{"l": "Nuclear", "v": 4.4303964879753298e-05}, {"l": "Hydroelectric", "v": 0.00022715194153389098}, {"l": "Renewable", "v": 2.7579649574735248e-06}]}, {"source": 8, "prod": 0, "target": 0, "value": 0.020205581033753622, "supply": [{"l": "Motor Gasoline", "v": 0.00037960442739409897}, {"l": "Gas-Diesel oil", "v": 0.0051585071171839194}, {"l": "Natural gas (including LNG)", "v": 6.85515895971285e-05}, {"l": "Fuel oil", "v": 0.014193606626085454}, {"l": "Liquefied petroleum gas (LPG)", "v": 0.00040531127349302217}]}, {"source": 8, "prod": 0, "target": 2, "value": 0.011270912461464595, "supply": [{"l": "Motor Gasoline", "v": 0.00021174784649825339}, {"l": "Gas-Diesel oil", "v": 0.0028774763790507577}, {"l": "Natural gas (including LNG)", "v": 3.8238888758149604e-05}, {"l": "Fuel oil", "v": 0.0079173619173748752}, {"l": "Liquefied petroleum gas (LPG)", "v": 0.00022608742978255951}]}, {"source": 8, "prod": 0, "target": 3, "value": 0.5722855543350357, "supply": [{"l": "Motor Gasoline", "v": 0.010751590354979676}, {"l": "Gas-Diesel oil", "v": 0.14610513304058162}, {"l": "Natural gas (including LNG)", "v": 0.0019415964523665334}, {"l": "Fuel oil", "v": 0.40200754546249068}, {"l": "Liquefied petroleum gas (LPG)", "v": 0.011479689024617127}]}, {"source": 8, "prod": 0, "target": 4, "value": 0.015124295862543392, "supply": [{"l": "Motor Gasoline", "v": 0.0002841417755346362}, {"l": "Gas-Diesel oil", "v": 0.0038612494101997975}, {"l": "Natural gas (including LNG)", "v": 5.1312284520927542e-05}, {"l": "Fuel oil", "v": 0.010624208510058047}, {"l": "Liquefied petroleum gas (LPG)", "v": 0.00030338388222998406}]}, {"source": 8, "prod": 0, "target": 5, "value": 0.03458927127983958, "supply": [{"l": "Motor Gasoline", "v": 0.00064983236543549332}, {"l": "Gas-Diesel oil", "v": 0.0088306790968886457}, {"l": "Natural gas (including LNG)", "v": 0.00011735121723440062}, {"l": "Fuel oil", "v": 0.024297569528382645}, {"l": "Liquefied petroleum gas (LPG)", "v": 0.00069383907189839351}]}, {"source": 8, "prod": 0, "target": 6, "value": 0.0015243855513630692, "supply": [{"l": "Motor Gasoline", "v": 2.863879555783883e-05}, {"l": "Gas-Diesel oil", "v": 0.00038917731209523653}, {"l": "Natural gas (including LNG)", "v": 5.1717915228602862e-06}, {"l": "Fuel oil", "v": 0.0010708194348082222}, {"l": "Liquefied petroleum gas (LPG)", "v": 3.0578217378911439e-05}]}, {"source": 10, "prod": 1.7276248056969432, "target": 0, "value": 0.020737204754036058, "supply": [{"l": "Potash", "v": 0.028184657360353558}, {"l": "Phosphate", "v": 0.054105439281056836}, {"l": "Nitrogen", "v": 0.58994343636462365}]}, {"source": 10, "prod": 0.96368958253350956, "target": 2, "value": 0.011567458470398067, "supply": [{"l": "Potash", "v": 0.028184657360353558}, {"l": "Phosphate", "v": 0.054105439281056836}, {"l": "Nitrogen", "v": 0.58994343636462365}]}, {"source": 10, "prod": 48.931763850770196, "target": 3, "value": 0.58734280881097733, "supply": [{"l": "Potash", "v": 0.028184657360353558}, {"l": "Phosphate", "v": 0.054105439281056836}, {"l": "Nitrogen", "v": 0.58994343636462365}]}, {"source": 10, "prod": 1.2931629462761143, "target": 4, "value": 0.015522227227133499, "supply": [{"l": "Potash", "v": 0.028184657360353558}, {"l": "Phosphate", "v": 0.054105439281056836}, {"l": "Nitrogen", "v": 0.58994343636462365}]}, {"source": 10, "prod": 2.9574642260574731, "target": 5, "value": 0.035499340485418404, "supply": [{"l": "Potash", "v": 0.028184657360353558}, {"l": "Phosphate", "v": 0.054105439281056836}, {"l": "Nitrogen", "v": 0.58994343636462365}]}, {"source": 10, "prod": 0.13033855782624867, "target": 6, "value": 0.0015644932580707678, "supply": [{"l": "Potash", "v": 0.028184657360353558}, {"l": "Phosphate", "v": 0.054105439281056836}, {"l": "Nitrogen", "v": 0.58994343636462365}]}, {"source": 8, "prod": 0, "target": 10, "value": 0.81895269939072846, "supply": [{"l": "Natural gas (including LNG)", "v": 0.54989004768150851}, {"l": "Fuel oil", "v": 0.16477765053015492}, {"l": "Liquefied petroleum gas (LPG)", "v": 0.052142500589532563}, {"l": "Coal", "v": 0.052142500589532563}]}, {"source": 11, "prod": 0, "target": 0, "value": 0.10618793864065128, "supply": "[{\"l\":'Labor',\"v\":0.10618793864065128}]"}, {"source": 11, "prod": 0, "target": 2, "value": 0.059232890105106586, "supply": "[{\"l\":'Labor',\"v\":0.059232890105106586}]"}, {"source": 11, "prod": 0, "target": 3, "value": 3.0075761358776707, "supply": "[{\"l\":'Labor',\"v\":3.0075761358776707}]"}, {"source": 11, "prod": 0, "target": 4, "value": 0.079483871231020034, "supply": "[{\"l\":'Labor',\"v\":0.079483871231020034}]"}, {"source": 11, "prod": 0, "target": 5, "value": 0.18177964841262051, "supply": "[{\"l\":'Labor',\"v\":0.18177964841262051}]"}, {"source": 11, "prod": 0, "target": 6, "value": 0.0080112202228893713, "supply": "[{\"l\":'Labor',\"v\":0.0080112202228893713}]"}]}