{"nodes": [{"layer": 5, "name": "Maize"}, {"layer": 10, "name": "Feed", "fill": "#dbdb8d"}, {"layer": 5, "name": "Vegetables, Other"}, {"layer": 5, "name": "Plantains"}, {"layer": 5, "name": "Fruits, Other"}, {"layer": 5, "name": "Yams"}, {"layer": 13, "name": "Sugar", "fill": "#d6616b"}, {"layer": 5, "name": "Barley"}, {"layer": 5, "name": "Rice"}, {"layer": 5, "name": "Cereals, Other"}, {"layer": 5, "name": "Wheat"}, {"layer": 5, "name": "Roots, Other"}, {"layer": 13, "name": "Marine Fish, Other"}, {"layer": 5, "name": "Oilcrops, Other"}, {"layer": 5, "name": "Oats"}, {"layer": 5, "name": "Potatoes"}, {"layer": 13, "name": "Milk - Excluding Butter"}, {"layer": 13, "name": "Fish, Seafood"}, {"layer": 13, "name": "Meat, Other"}, {"layer": 5, "name": "Sorghum"}, {"layer": 5, "name": "Sugar cane"}, {"layer": 13, "name": "Pelagic Fish"}, {"layer": 5, "name": "Bananas"}, {"layer": 13, "name": "Offals, Edible"}, {"layer": 5, "name": "Sweet potatoes"}, {"layer": 13, "name": "Demersal Fish"}, {"layer": 5, "name": "Cassava"}, {"layer": 16, "name": "Food", "fill": "#b5cf6b"}, {"layer": 5, "name": "Olives"}, {"layer": 5, "name": "Nuts"}, {"layer": 13, "name": "Oilcrops Oil, Other"}, {"layer": 5, "name": "Citrus, Other"}, {"layer": 13, "name": "Beer"}, {"layer": 13, "name": "Groundnut Oil"}, {"layer": 13, "name": "Beverages, Alcoholic"}, {"layer": 13, "name": "Honey"}, {"layer": 13, "name": "Butter, Ghee"}, {"layer": 5, "name": "Tomatoes"}, {"layer": 5, "name": "Coffee"}, {"layer": 13, "name": "Sugar non-centrifugal"}, {"layer": 13, "name": "Fats, Animals, Raw"}, {"layer": 13, "name": "Soyabean Oil"}, {"layer": 5, "name": "Coconuts - Incl Copra"}, {"layer": 5, "name": "Treenuts"}, {"layer": 13, "name": "Crustaceans"}, {"layer": 13, "name": "Eggs"}, {"layer": 5, "name": "Peas"}, {"layer": 5, "name": "Sesame seed"}, {"layer": 13, "name": "Coconut Oil"}, {"layer": 5, "name": "Grapes"}, {"layer": 5, "name": "Groundnuts"}, {"layer": 13, "name": "Palm Oil"}, {"layer": 13, "name": "Wine"}, {"layer": 13, "name": "Sunflowerseed Oil"}, {"layer": 13, "name": "Olive Oil"}, {"layer": 13, "name": "Pigmeat"}, {"layer": 5, "name": "Cocoa Beans"}, {"layer": 5, "name": "Soyabeans"}, {"layer": 13, "name": "Freshwater Fish"}, {"layer": 5, "name": "Pimento"}, {"layer": 5, "name": "Pepper"}, {"layer": 5, "name": "Grapefruit"}, {"layer": 13, "name": "Cottonseed Oil"}, {"layer": 5, "name": "Pineapples"}, {"layer": 5, "name": "Beans"}, {"layer": 5, "name": "Apples"}, {"layer": 5, "name": "Lemons, Limes"}, {"layer": 13, "name": "Cephalopods"}, {"layer": 13, "name": "Mutton & Goat Meat"}, {"layer": 13, "name": "Sweeteners, Other"}, {"layer": 13, "name": "Beverages, Fermented"}, {"layer": 5, "name": "Spices, Other"}, {"layer": 5, "name": "Tea"}, {"layer": 13, "name": "Molluscs, Other"}, {"layer": 13, "name": "Aquatic Animals, Others"}, {"layer": 5, "name": "Millet"}, {"layer": 13, "name": "Poultry Meat"}, {"layer": 5, "name": "Infant food"}, {"layer": 5, "name": "Oranges, Mandarines"}, {"layer": 13, "name": "Bovine Meat"}, {"layer": 5, "name": "Pulses, Other"}, {"layer": 5, "name": "Palm kernels"}, {"layer": 5, "name": "Onions"}, {"layer": 13, "name": "Aquatic Products, Other"}, {"layer": 10, "name": "Processing", "fill": "#9edae5"}, {"layer": 5, "name": "Cottonseed"}, {"layer": 16, "name": "Biofuels & Other", "fill": "#e7ba52"}, {"name": "Waste", "fill": "#c7c7c7"}, {"layer": 0, "name": "Import", "fill": "#aec7e8"}, {"layer": 16, "name": "Export", "fill": "#aec7e8"}, {"layer": 16, "name": "Stock Deposit", "fill": "#c7c7c7"}, {"layer": 0, "name": "Stock Draw", "fill": "#c7c7c7"}, {"layer": 0, "name": "Production", "fill": "#b5cf6b"}, {"layer": 5, "name": "Oil Palm"}], "links": [{"source": 0, "prod": 1.6748520271006369, "target": 1, "value": 434.0, "supply": [{"l": "Maize", "v": 434.0}]}, {"source": 2, "prod": 0.00028763523378091477, "target": 1, "value": 1.0, "supply": [{"l": "Vegetables, Other", "v": 1.0}]}, {"source": 3, "prod": 0.064910223692801014, "target": 1, "value": 73.0, "supply": [{"l": "Plantains", "v": 73.0}]}, {"source": 4, "prod": 0.015032654565488935, "target": 1, "value": 33.0, "supply": [{"l": "Fruits, Other", "v": 33.0}]}, {"source": 5, "prod": 0.0041771381633948336, "target": 1, "value": 4.0, "supply": [{"l": "Yams", "v": 4.0}]}, {"source": 6, "prod": 0.32417998310411134, "target": 1, "value": 85.0, "supply": [{"l": "Sugar", "v": 85.0}]}, {"source": 7, "prod": 0.16980066634200003, "target": 1, "value": 36.0, "supply": [{"l": "Barley", "v": 36.0}]}, {"source": 8, "prod": 0.11158712658158572, "target": 1, "value": 27.0, "supply": [{"l": "Rice", "v": 27.0}]}, {"source": 9, "prod": 0.014857558304925, "target": 1, "value": 5.0, "supply": [{"l": "Cereals, Other", "v": 5.0}]}, {"source": 10, "prod": 0.33874506973160673, "target": 1, "value": 108.0, "supply": [{"l": "Wheat", "v": 108.0}]}, {"source": 11, "prod": 0.023751439861913123, "target": 1, "value": 23.0, "supply": [{"l": "Roots, Other", "v": 23.0}]}, {"source": 12, "prod": 0.00078903655363382911, "target": 1, "value": 1.0, "supply": [{"l": "Marine Fish, Other", "v": 1.0}]}, {"source": 13, "prod": 0.0066588496604705885, "target": 1, "value": 1.0, "supply": [{"l": "Oilcrops, Other", "v": 1.0}]}, {"source": 14, "prod": 0.043913965433275859, "target": 1, "value": 15.0, "supply": [{"l": "Oats", "v": 15.0}]}, {"source": 15, "prod": 0.0024239480187913617, "target": 1, "value": 3.0, "supply": [{"l": "Potatoes", "v": 3.0}]}, {"source": 16, "prod": 0.012652108376294295, "target": 1, "value": 20.0, "supply": [{"l": "Milk - Excluding Butter", "v": 20.0}]}, {"source": 17, "prod": 0.15416113128418421, "target": 1, "value": 204.0, "supply": [{"l": "Fish, Seafood", "v": 204.0}]}, {"source": 18, "prod": 0.0019569225730904256, "target": 1, "value": 1.0, "supply": [{"l": "Meat, Other", "v": 1.0}]}, {"source": 19, "prod": 0.29748280802494925, "target": 1, "value": 78.0, "supply": [{"l": "Sorghum", "v": 78.0}]}, {"source": 20, "prod": 1.2617000355089201, "target": 1, "value": 3527.0, "supply": [{"l": "Sugar cane", "v": 3527.0}]}, {"source": 21, "prod": 0.18766385700918442, "target": 1, "value": 187.0, "supply": [{"l": "Pelagic Fish", "v": 187.0}]}, {"source": 22, "prod": 0.01435749089750419, "target": 1, "value": 19.0, "supply": [{"l": "Bananas", "v": 19.0}]}, {"source": 23, "prod": 0.0012591151105868644, "target": 1, "value": 1.0, "supply": [{"l": "Offals, Edible", "v": 1.0}]}, {"source": 24, "prod": 0.029275271510289403, "target": 1, "value": 27.0, "supply": [{"l": "Sweet potatoes", "v": 27.0}]}, {"source": 25, "prod": 0.008628708997415609, "target": 1, "value": 14.0, "supply": [{"l": "Demersal Fish", "v": 14.0}]}, {"source": 26, "prod": 0.096811108067319906, "target": 1, "value": 87.0, "supply": [{"l": "Cassava", "v": 87.0}]}, {"source": 0, "prod": 1.1075634372762273, "target": 27, "value": 287.0, "supply": [{"l": "Maize", "v": 287.0}]}, {"source": 28, "prod": 0.0066588496604705885, "target": 27, "value": 1.0, "supply": [{"l": "Olives", "v": 1.0}]}, {"source": 2, "prod": 0.13547619511081085, "target": 27, "value": 471.0, "supply": [{"l": "Vegetables, Other", "v": 471.0}]}, {"source": 3, "prod": 0.60997826648303421, "target": 27, "value": 686.0, "supply": [{"l": "Plantains", "v": 686.0}]}, {"source": 29, "prod": 0.02122508329275, "target": 27, "value": 4.0, "supply": [{"l": "Nuts", "v": 4.0}]}, {"source": 5, "prod": 0.22556546082332102, "target": 27, "value": 216.0, "supply": [{"l": "Yams", "v": 216.0}]}, {"source": 6, "prod": 3.443935585211912, "target": 27, "value": 903.0, "supply": [{"l": "Sugar", "v": 903.0}]}, {"source": 30, "prod": 0.053062708231874998, "target": 27, "value": 5.0, "supply": [{"l": "Oilcrops Oil, Other", "v": 5.0}]}, {"source": 31, "prod": 0.0019489551500118845, "target": 27, "value": 5.0, "supply": [{"l": "Citrus, Other", "v": 5.0}]}, {"source": 32, "prod": 0.1241038330960411, "target": 27, "value": 278.0, "supply": [{"l": "Beer", "v": 278.0}]}, {"source": 33, "prod": 0.31492944099328207, "target": 27, "value": 31.0, "supply": [{"l": "Groundnut Oil", "v": 31.0}]}, {"source": 34, "prod": 0.31632220907259684, "target": 27, "value": 99.0, "supply": [{"l": "Beverages, Alcoholic", "v": 99.0}]}, {"source": 7, "prod": 0.014150055528500001, "target": 27, "value": 3.0, "supply": [{"l": "Barley", "v": 3.0}]}, {"source": 35, "prod": 0.0097961922889615374, "target": 27, "value": 3.0, "supply": [{"l": "Honey", "v": 3.0}]}, {"source": 8, "prod": 3.8270251560943849, "target": 27, "value": 926.0, "supply": [{"l": "Rice", "v": 926.0}]}, {"source": 36, "prod": 0.23327755095583178, "target": 27, "value": 28.0, "supply": [{"l": "Butter, Ghee", "v": 28.0}]}, {"source": 37, "prod": 0.033977969472847688, "target": 27, "value": 127.0, "supply": [{"l": "Tomatoes", "v": 127.0}]}, {"source": 9, "prod": 0.080230814846595014, "target": 27, "value": 27.0, "supply": [{"l": "Cereals, Other", "v": 27.0}]}, {"source": 38, "prod": 0.033755554152325298, "target": 27, "value": 66.0, "supply": [{"l": "Coffee", "v": 66.0}]}, {"source": 39, "prod": 0.2593439864832891, "target": 27, "value": 68.0, "supply": [{"l": "Sugar non-centrifugal", "v": 68.0}]}, {"source": 10, "prod": 3.804608977633694, "target": 27, "value": 1213.0, "supply": [{"l": "Wheat", "v": 1213.0}]}, {"source": 40, "prod": 0.69569604219421355, "target": 27, "value": 83.0, "supply": [{"l": "Fats, Animals, Raw", "v": 83.0}]}, {"source": 41, "prod": 0.34955059047747661, "target": 27, "value": 34.0, "supply": [{"l": "Soyabean Oil", "v": 34.0}]}, {"source": 42, "prod": 0.33845403088439185, "target": 27, "value": 236.0, "supply": [{"l": "Coconuts - Incl Copra", "v": 236.0}]}, {"source": 43, "prod": 0.022640088845599999, "target": 27, "value": 4.0, "supply": [{"l": "Treenuts", "v": 4.0}]}, {"source": 44, "prod": 0.0072085188541415098, "target": 27, "value": 9.0, "supply": [{"l": "Crustaceans", "v": 9.0}]}, {"source": 45, "prod": 0.15857942529944891, "target": 27, "value": 107.0, "supply": [{"l": "Eggs", "v": 107.0}]}, {"source": 11, "prod": 0.31599741729327896, "target": 27, "value": 306.0, "supply": [{"l": "Roots, Other", "v": 306.0}]}, {"source": 46, "prod": 0.023154636319363639, "target": 27, "value": 6.0, "supply": [{"l": "Peas", "v": 6.0}]}, {"source": 47, "prod": 0.010612541646375, "target": 27, "value": 1.0, "supply": [{"l": "Sesame seed", "v": 1.0}]}, {"source": 48, "prod": 0.31764434996736207, "target": 27, "value": 31.0, "supply": [{"l": "Coconut Oil", "v": 31.0}]}, {"source": 24, "prod": 0.59851666198813891, "target": 27, "value": 552.0, "supply": [{"l": "Sweet potatoes", "v": 552.0}]}, {"source": 12, "prod": 0.056021595308001874, "target": 27, "value": 71.0, "supply": [{"l": "Marine Fish, Other", "v": 71.0}]}, {"source": 49, "prod": 0.010612541646375002, "target": 27, "value": 7.0, "supply": [{"l": "Grapes", "v": 7.0}]}, {"source": 50, "prod": 0.093223895246588223, "target": 27, "value": 14.0, "supply": [{"l": "Groundnuts", "v": 14.0}]}, {"source": 51, "prod": 0.039184769155846164, "target": 27, "value": 4.0, "supply": [{"l": "Palm Oil", "v": 4.0}]}, {"source": 52, "prod": 0.022444915665896552, "target": 27, "value": 23.0, "supply": [{"l": "Wine", "v": 23.0}]}, {"source": 53, "prod": 0.53204208787160012, "target": 27, "value": 52.0, "supply": [{"l": "Sunflowerseed Oil", "v": 52.0}]}, {"source": 14, "prod": 0.023420781564413792, "target": 27, "value": 8.0, "supply": [{"l": "Oats", "v": 8.0}]}, {"source": 54, "prod": 0.0084900333171, "target": 27, "value": 1.0, "supply": [{"l": "Olive Oil", "v": 1.0}]}, {"source": 55, "prod": 0.339601332684, "target": 27, "value": 120.0, "supply": [{"l": "Pigmeat", "v": 120.0}]}, {"source": 56, "prod": 0.022640088845599999, "target": 27, "value": 12.0, "supply": [{"l": "Cocoa Beans", "v": 12.0}]}, {"source": 57, "prod": 0.0039064570477454, "target": 27, "value": 1.0, "supply": [{"l": "Soyabeans", "v": 1.0}]}, {"source": 15, "prod": 0.1470528464733426, "target": 27, "value": 182.0, "supply": [{"l": "Potatoes", "v": 182.0}]}, {"source": 58, "prod": 0.0019744263528139534, "target": 27, "value": 2.0, "supply": [{"l": "Freshwater Fish", "v": 2.0}]}, {"source": 59, "prod": 0.0036385857073285722, "target": 27, "value": 1.0, "supply": [{"l": "Pimento", "v": 1.0}]}, {"source": 60, "prod": 0.0011622222200000001, "target": 27, "value": 1.0, "supply": [{"l": "Pepper", "v": 1.0}]}, {"source": 61, "prod": 0.011366438047483605, "target": 27, "value": 49.0, "supply": [{"l": "Grapefruit", "v": 49.0}]}, {"source": 20, "prod": 0.06761023723027669, "target": 27, "value": 189.0, "supply": [{"l": "Sugar cane", "v": 189.0}]}, {"source": 16, "prod": 1.5245790593434623, "target": 27, "value": 2410.0, "supply": [{"l": "Milk - Excluding Butter", "v": 2410.0}]}, {"source": 62, "prod": 0.0084900333171, "target": 27, "value": 1.0, "supply": [{"l": "Cottonseed Oil", "v": 1.0}]}, {"source": 63, "prod": 0.011341647561011449, "target": 27, "value": 35.0, "supply": [{"l": "Pineapples", "v": 35.0}]}, {"source": 64, "prod": 0.30616455763377742, "target": 27, "value": 78.0, "supply": [{"l": "Beans", "v": 78.0}]}, {"source": 65, "prod": 0.003297100317320389, "target": 27, "value": 6.0, "supply": [{"l": "Apples", "v": 6.0}]}, {"source": 17, "prod": 0.25995798608705573, "target": 27, "value": 344.0, "supply": [{"l": "Fish, Seafood", "v": 344.0}]}, {"source": 18, "prod": 0.14676919298178193, "target": 27, "value": 75.0, "supply": [{"l": "Meat, Other", "v": 75.0}]}, {"source": 66, "prod": 0.011320044422800001, "target": 27, "value": 52.0, "supply": [{"l": "Lemons, Limes", "v": 52.0}]}, {"source": 19, "prod": 0.5186879729665782, "target": 27, "value": 136.0, "supply": [{"l": "Sorghum", "v": 136.0}]}, {"source": 67, "prod": 0.0011622222200000001, "target": 27, "value": 1.0, "supply": [{"l": "Cephalopods", "v": 1.0}]}, {"source": 68, "prod": 0.046088752292828578, "target": 27, "value": 19.0, "supply": [{"l": "Mutton & Goat Meat", "v": 19.0}]}, {"source": 69, "prod": 0.023583425880833338, "target": 27, "value": 10.0, "supply": [{"l": "Sweeteners, Other", "v": 10.0}]}, {"source": 21, "prod": 0.11340115423549645, "target": 27, "value": 113.0, "supply": [{"l": "Pelagic Fish", "v": 113.0}]}, {"source": 22, "prod": 0.38387396715432254, "target": 27, "value": 508.0, "supply": [{"l": "Bananas", "v": 508.0}]}, {"source": 70, "prod": 0.0029316413387776245, "target": 27, "value": 5.0, "supply": [{"l": "Beverages, Fermented", "v": 5.0}]}, {"source": 71, "prod": 0.02122508329275, "target": 27, "value": 5.0, "supply": [{"l": "Spices, Other", "v": 5.0}]}, {"source": 72, "prod": 0.0023981218606534136, "target": 27, "value": 2.0, "supply": [{"l": "Tea", "v": 2.0}]}, {"source": 4, "prod": 0.36123924455856737, "target": 27, "value": 793.0, "supply": [{"l": "Fruits, Other", "v": 793.0}]}, {"source": 73, "prod": 0.0037784591001025544, "target": 27, "value": 5.0, "supply": [{"l": "Molluscs, Other", "v": 5.0}]}, {"source": 74, "prod": 0.00077236418682716994, "target": 27, "value": 1.0, "supply": [{"l": "Aquatic Animals, Others", "v": 1.0}]}, {"source": 75, "prod": 0.023583425880833338, "target": 27, "value": 5.0, "supply": [{"l": "Millet", "v": 5.0}]}, {"source": 76, "prod": 0.21447668435894943, "target": 27, "value": 142.0, "supply": [{"l": "Poultry Meat", "v": 142.0}]}, {"source": 23, "prod": 0.079324251966972459, "target": 27, "value": 63.0, "supply": [{"l": "Offals, Edible", "v": 63.0}]}, {"source": 77, "prod": 0.023772093287880002, "target": 27, "value": 7.0, "supply": [{"l": "Infant food", "v": 7.0}]}, {"source": 25, "prod": 0.09060144447286389, "target": 27, "value": 147.0, "supply": [{"l": "Demersal Fish", "v": 147.0}]}, {"source": 78, "prod": 0.090372730336718235, "target": 27, "value": 289.0, "supply": [{"l": "Oranges, Mandarines", "v": 289.0}]}, {"source": 79, "prod": 0.79094290730558969, "target": 27, "value": 325.0, "supply": [{"l": "Bovine Meat", "v": 325.0}]}, {"source": 80, "prod": 0.74606468412589821, "target": 27, "value": 188.0, "supply": [{"l": "Pulses, Other", "v": 188.0}]}, {"source": 81, "prod": 0.0066588496604705885, "target": 27, "value": 1.0, "supply": [{"l": "Palm kernels", "v": 1.0}]}, {"source": 26, "prod": 0.60979870368840583, "target": 27, "value": 548.0, "supply": [{"l": "Cassava", "v": 548.0}]}, {"source": 82, "prod": 0.022640088845600002, "target": 27, "value": 52.0, "supply": [{"l": "Onions", "v": 52.0}]}, {"source": 83, "prod": 0.00077236418682716994, "target": 27, "value": 1.0, "supply": [{"l": "Aquatic Products, Other", "v": 1.0}]}, {"source": 42, "prod": 0.93935334842913865, "target": 84, "value": 655.0, "supply": [{"l": "Coconuts - Incl Copra", "v": 655.0}]}, {"source": 85, "prod": 0.026635398641882354, "target": 84, "value": 4.0, "supply": [{"l": "Cottonseed", "v": 4.0}]}, {"source": 75, "prod": 0.0047166851761666672, "target": 84, "value": 1.0, "supply": [{"l": "Millet", "v": 1.0}]}, {"source": 57, "prod": 0.066409769811671793, "target": 84, "value": 17.0, "supply": [{"l": "Soyabeans", "v": 17.0}]}, {"source": 7, "prod": 0.24055094398450005, "target": 84, "value": 51.0, "supply": [{"l": "Barley", "v": 51.0}]}, {"source": 50, "prod": 0.37955443064682348, "target": 84, "value": 57.0, "supply": [{"l": "Groundnuts", "v": 57.0}]}, {"source": 13, "prod": 0.0066588496604705885, "target": 84, "value": 1.0, "supply": [{"l": "Oilcrops, Other", "v": 1.0}]}, {"source": 6, "prod": 0.0038138821541660157, "target": 84, "value": 1.0, "supply": [{"l": "Sugar", "v": 1.0}]}, {"source": 20, "prod": 39.82099882414132, "target": 84, "value": 111317.0, "supply": [{"l": "Sugar cane", "v": 111317.0}]}, {"source": 0, "prod": 0.007718212106454546, "target": 86, "value": 2.0, "supply": [{"l": "Maize", "v": 2.0}]}, {"source": 2, "prod": 0.0020134466364664034, "target": 86, "value": 7.0, "supply": [{"l": "Vegetables, Other", "v": 7.0}]}, {"source": 4, "prod": 0.0036442798946639842, "target": 86, "value": 8.0, "supply": [{"l": "Fruits, Other", "v": 8.0}]}, {"source": 6, "prod": 0.40045762618743169, "target": 86, "value": 105.0, "supply": [{"l": "Sugar", "v": 105.0}]}, {"source": 32, "prod": 0.0044641666581309754, "target": 86, "value": 10.0, "supply": [{"l": "Beer", "v": 10.0}]}, {"source": 33, "prod": 0.030477042676769234, "target": 86, "value": 3.0, "supply": [{"l": "Groundnut Oil", "v": 3.0}]}, {"source": 34, "prod": 0.0031951738290161296, "target": 86, "value": 1.0, "supply": [{"l": "Beverages, Alcoholic", "v": 1.0}]}, {"source": 7, "prod": 0.0047166851761666672, "target": 86, "value": 1.0, "supply": [{"l": "Barley", "v": 1.0}]}, {"source": 8, "prod": 0.020664282700293652, "target": 86, "value": 5.0, "supply": [{"l": "Rice", "v": 5.0}]}, {"source": 18, "prod": 0.0019569225730904256, "target": 86, "value": 1.0, "supply": [{"l": "Meat, Other", "v": 1.0}]}, {"source": 37, "prod": 0.00053508613343067227, "target": 86, "value": 2.0, "supply": [{"l": "Tomatoes", "v": 2.0}]}, {"source": 40, "prod": 0.77113296243214013, "target": 86, "value": 92.0, "supply": [{"l": "Fats, Animals, Raw", "v": 92.0}]}, {"source": 10, "prod": 0.050184454775052852, "target": 86, "value": 16.0, "supply": [{"l": "Wheat", "v": 16.0}]}, {"source": 42, "prod": 0.27105005015741557, "target": 86, "value": 189.0, "supply": [{"l": "Coconuts - Incl Copra", "v": 189.0}]}, {"source": 11, "prod": 0.0010326712983440489, "target": 86, "value": 1.0, "supply": [{"l": "Roots, Other", "v": 1.0}]}, {"source": 36, "prod": 0.00833134110556542, "target": 86, "value": 1.0, "supply": [{"l": "Butter, Ghee", "v": 1.0}]}, {"source": 12, "prod": 0.0015780731072676582, "target": 86, "value": 2.0, "supply": [{"l": "Marine Fish, Other", "v": 2.0}]}, {"source": 51, "prod": 0.029388576866884623, "target": 86, "value": 3.0, "supply": [{"l": "Palm Oil", "v": 3.0}]}, {"source": 52, "prod": 0.0019517317970344826, "target": 86, "value": 2.0, "supply": [{"l": "Wine", "v": 2.0}]}, {"source": 53, "prod": 0.03069473583874616, "target": 86, "value": 3.0, "supply": [{"l": "Sunflowerseed Oil", "v": 3.0}]}, {"source": 55, "prod": 0.0084900333171, "target": 86, "value": 3.0, "supply": [{"l": "Pigmeat", "v": 3.0}]}, {"source": 15, "prod": 0.0032319306917218153, "target": 86, "value": 4.0, "supply": [{"l": "Potatoes", "v": 4.0}]}, {"source": 48, "prod": 0.15369887901646556, "target": 86, "value": 15.0, "supply": [{"l": "Coconut Oil", "v": 15.0}]}, {"source": 16, "prod": 0.0056934487693324322, "target": 86, "value": 9.0, "supply": [{"l": "Milk - Excluding Butter", "v": 9.0}]}, {"source": 17, "prod": 0.0052898427401435752, "target": 86, "value": 7.0, "supply": [{"l": "Fish, Seafood", "v": 7.0}]}, {"source": 30, "prod": 0.116737958110125, "target": 86, "value": 11.0, "supply": [{"l": "Oilcrops Oil, Other", "v": 11.0}]}, {"source": 66, "prod": 0.0023946247817461545, "target": 86, "value": 11.0, "supply": [{"l": "Lemons, Limes", "v": 11.0}]}, {"source": 20, "prod": 0.019317210637221912, "target": 86, "value": 54.0, "supply": [{"l": "Sugar cane", "v": 54.0}]}, {"source": 69, "prod": 0.0023583425880833336, "target": 86, "value": 1.0, "supply": [{"l": "Sweeteners, Other", "v": 1.0}]}, {"source": 22, "prod": 0.0045339444939486917, "target": 86, "value": 6.0, "supply": [{"l": "Bananas", "v": 6.0}]}, {"source": 79, "prod": 0.0097346819360687956, "target": 86, "value": 4.0, "supply": [{"l": "Bovine Meat", "v": 4.0}]}, {"source": 76, "prod": 0.0030207983712528092, "target": 86, "value": 2.0, "supply": [{"l": "Poultry Meat", "v": 2.0}]}, {"source": 25, "prod": 0.003081681784791289, "target": 86, "value": 5.0, "supply": [{"l": "Demersal Fish", "v": 5.0}]}, {"source": 78, "prod": 0.0006254168189392266, "target": 86, "value": 2.0, "supply": [{"l": "Oranges, Mandarines", "v": 2.0}]}, {"source": 26, "prod": 0.015578798999338834, "target": 86, "value": 14.0, "supply": [{"l": "Cassava", "v": 14.0}]}, {"source": 0, "prod": 0.0424501665855, "target": 0, "value": 11.0, "supply": [{"l": "Maize", "v": 11.0}]}, {"source": 15, "prod": 0.016967636131539534, "target": 15, "value": 21.0, "supply": [{"l": "Potatoes", "v": 21.0}]}, {"source": 45, "prod": 0.013338456333598505, "target": 45, "value": 9.0, "supply": [{"l": "Eggs", "v": 9.0}]}, {"source": 11, "prod": 0.0020653425966880978, "target": 11, "value": 2.0, "supply": [{"l": "Roots, Other", "v": 2.0}]}, {"source": 64, "prod": 0.02747630645431336, "target": 64, "value": 7.0, "supply": [{"l": "Beans", "v": 7.0}]}, {"source": 80, "prod": 0.01587371668352975, "target": 80, "value": 4.0, "supply": [{"l": "Pulses, Other", "v": 4.0}]}, {"source": 50, "prod": 0.046611947623294112, "target": 50, "value": 7.0, "supply": [{"l": "Groundnuts", "v": 7.0}]}, {"source": 8, "prod": 0.11571998312164446, "target": 8, "value": 28.0, "supply": [{"l": "Rice", "v": 28.0}]}, {"source": 19, "prod": 0.015255528616664063, "target": 19, "value": 4.0, "supply": [{"l": "Sorghum", "v": 4.0}]}, {"source": 0, "prod": 0.14278692396940909, "target": 87, "value": 37.0, "supply": [{"l": "Maize", "v": 37.0}]}, {"source": 11, "prod": 0.034078152845353607, "target": 87, "value": 33.0, "supply": [{"l": "Roots, Other", "v": 33.0}]}, {"source": 3, "prod": 0.090696476940626061, "target": 87, "value": 102.0, "supply": [{"l": "Plantains", "v": 102.0}]}, {"source": 4, "prod": 0.057852943327790743, "target": 87, "value": 127.0, "supply": [{"l": "Fruits, Other", "v": 127.0}]}, {"source": 5, "prod": 0.033417105307158669, "target": 87, "value": 32.0, "supply": [{"l": "Yams", "v": 32.0}]}, {"source": 6, "prod": 0.1220442289333125, "target": 87, "value": 32.0, "supply": [{"l": "Sugar", "v": 32.0}]}, {"source": 61, "prod": 0.0023196812341803276, "target": 87, "value": 10.0, "supply": [{"l": "Grapefruit", "v": 10.0}]}, {"source": 7, "prod": 0.0047166851761666672, "target": 87, "value": 1.0, "supply": [{"l": "Barley", "v": 1.0}]}, {"source": 8, "prod": 0.21904139662311273, "target": 87, "value": 53.0, "supply": [{"l": "Rice", "v": 53.0}]}, {"source": 37, "prod": 0.0037456029340147056, "target": 87, "value": 14.0, "supply": [{"l": "Tomatoes", "v": 14.0}]}, {"source": 9, "prod": 0.0029715116609850003, "target": 87, "value": 1.0, "supply": [{"l": "Cereals, Other", "v": 1.0}]}, {"source": 38, "prod": 0.0015343433705602408, "target": 87, "value": 3.0, "supply": [{"l": "Coffee", "v": 3.0}]}, {"source": 10, "prod": 0.15996294959548096, "target": 87, "value": 51.0, "supply": [{"l": "Wheat", "v": 51.0}]}, {"source": 42, "prod": 0.061667471728935802, "target": 87, "value": 43.0, "supply": [{"l": "Coconuts - Incl Copra", "v": 43.0}]}, {"source": 45, "prod": 0.0088923042223990039, "target": 87, "value": 6.0, "supply": [{"l": "Eggs", "v": 6.0}]}, {"source": 2, "prod": 0.014957032156607566, "target": 87, "value": 52.0, "supply": [{"l": "Vegetables, Other", "v": 52.0}]}, {"source": 50, "prod": 0.026635398641882354, "target": 87, "value": 4.0, "supply": [{"l": "Groundnuts", "v": 4.0}]}, {"source": 15, "prod": 0.016159653458609077, "target": 87, "value": 20.0, "supply": [{"l": "Potatoes", "v": 20.0}]}, {"source": 16, "prod": 0.034793298034809315, "target": 87, "value": 55.0, "supply": [{"l": "Milk - Excluding Butter", "v": 55.0}]}, {"source": 64, "prod": 0.015700746545321918, "target": 87, "value": 4.0, "supply": [{"l": "Beans", "v": 4.0}]}, {"source": 80, "prod": 0.02777900419617706, "target": 87, "value": 7.0, "supply": [{"l": "Pulses, Other", "v": 7.0}]}, {"source": 66, "prod": 0.00087077264790769247, "target": 87, "value": 4.0, "supply": [{"l": "Lemons, Limes", "v": 4.0}]}, {"source": 19, "prod": 0.045766585849992186, "target": 87, "value": 12.0, "supply": [{"l": "Sorghum", "v": 12.0}]}, {"source": 20, "prod": 0.16562719490803232, "target": 87, "value": 463.0, "supply": [{"l": "Sugar cane", "v": 463.0}]}, {"source": 63, "prod": 0.0012961882926870228, "target": 87, "value": 4.0, "supply": [{"l": "Pineapples", "v": 4.0}]}, {"source": 22, "prod": 0.072543111903179067, "target": 87, "value": 96.0, "supply": [{"l": "Bananas", "v": 96.0}]}, {"source": 24, "prod": 0.096499969052435422, "target": 87, "value": 89.0, "supply": [{"l": "Sweet potatoes", "v": 89.0}]}, {"source": 78, "prod": 0.0084431270556795598, "target": 87, "value": 27.0, "supply": [{"l": "Oranges, Mandarines", "v": 27.0}]}, {"source": 82, "prod": 0.0021769316197692307, "target": 87, "value": 5.0, "supply": [{"l": "Onions", "v": 5.0}]}, {"source": 26, "prod": 0.08345785178217234, "target": 87, "value": 75.0, "supply": [{"l": "Cassava", "v": 75.0}]}, {"source": 88, "prod": 0.023772093287880002, "target": 77, "value": 7.0, "supply": [{"l": "Infant food", "v": 7.0}]}, {"source": 88, "prod": 0.0010842693151959038, "target": 24, "value": 1.0, "supply": [{"l": "Sweet potatoes", "v": 1.0}]}, {"source": 88, "prod": 0.0169800666342, "target": 71, "value": 4.0, "supply": [{"l": "Spices, Other", "v": 4.0}]}, {"source": 88, "prod": 0.00053508613343067227, "target": 37, "value": 2.0, "supply": [{"l": "Tomatoes", "v": 2.0}]}, {"source": 88, "prod": 0.0011127713570956311, "target": 26, "value": 1.0, "supply": [{"l": "Cassava", "v": 1.0}]}, {"source": 88, "prod": 0.00021769316197692312, "target": 66, "value": 1.0, "supply": [{"l": "Lemons, Limes", "v": 1.0}]}, {"source": 88, "prod": 0.0056600222113999997, "target": 43, "value": 1.0, "supply": [{"l": "Treenuts", "v": 1.0}]}, {"source": 88, "prod": 0.003297100317320389, "target": 65, "value": 6.0, "supply": [{"l": "Apples", "v": 6.0}]}, {"source": 88, "prod": 0.0023981218606534136, "target": 72, "value": 2.0, "supply": [{"l": "Tea", "v": 2.0}]}, {"source": 88, "prod": 0.012368315052579335, "target": 2, "value": 43.0, "supply": [{"l": "Vegetables, Other", "v": 43.0}]}, {"source": 88, "prod": 1.7440654599047845, "target": 8, "value": 422.0, "supply": [{"l": "Rice", "v": 422.0}]}, {"source": 88, "prod": 4.3001804685373415, "target": 10, "value": 1371.0, "supply": [{"l": "Wheat", "v": 1371.0}]}, {"source": 88, "prod": 0.46695183244050015, "target": 7, "value": 99.0, "supply": [{"l": "Barley", "v": 99.0}]}, {"source": 88, "prod": 0.0011622222200000001, "target": 60, "value": 1.0, "supply": [{"l": "Pepper", "v": 1.0}]}, {"source": 88, "prod": 0.0011598406170901638, "target": 61, "value": 5.0, "supply": [{"l": "Grapefruit", "v": 5.0}]}, {"source": 88, "prod": 0.012274746964481926, "target": 38, "value": 24.0, "supply": [{"l": "Coffee", "v": 24.0}]}, {"source": 88, "prod": 0.0066588496604705885, "target": 28, "value": 1.0, "supply": [{"l": "Olives", "v": 1.0}]}, {"source": 88, "prod": 0.071316279863640017, "target": 9, "value": 24.0, "supply": [{"l": "Cereals, Other", "v": 24.0}]}, {"source": 88, "prod": 1.7817975076513692, "target": 1, "value": 2246.0, "supply": [{"l": "Freshwater Fish", "v": 1.0}, {"l": "Meat, Other", "v": 34.0}, {"l": "Crustaceans", "v": 1.0}, {"l": "Eggs", "v": 4.0}, {"l": "Marine Fish, Other", "v": 13.0}, {"l": "Demersal Fish", "v": 108.0}, {"l": "Mutton & Goat Meat", "v": 7.0}, {"l": "Pigmeat", "v": 20.0}, {"l": "Milk - Excluding Butter", "v": 1320.0}, {"l": "Fish, Seafood", "v": 394.0}, {"l": "Pelagic Fish", "v": 270.0}, {"l": "Molluscs, Other", "v": 1.0}, {"l": "Poultry Meat", "v": 22.0}, {"l": "Offals, Edible", "v": 4.0}, {"l": "Bovine Meat", "v": 47.0}]}, {"source": 88, "prod": 0.0053062708231875, "target": 29, "value": 1.0, "supply": [{"l": "Nuts", "v": 1.0}]}, {"source": 88, "prod": 0.015436424212909092, "target": 46, "value": 4.0, "supply": [{"l": "Peas", "v": 4.0}]}, {"source": 88, "prod": 0.013317699320941177, "target": 13, "value": 2.0, "supply": [{"l": "Oilcrops, Other", "v": 2.0}]}, {"source": 88, "prod": 0.0094333703523333326, "target": 56, "value": 5.0, "supply": [{"l": "Cocoa Beans", "v": 5.0}]}, {"source": 88, "prod": 0.0056287513704530393, "target": 78, "value": 18.0, "supply": [{"l": "Oranges, Mandarines", "v": 18.0}]}, {"source": 88, "prod": 0.081606249965975847, "target": 15, "value": 101.0, "supply": [{"l": "Potatoes", "v": 101.0}]}, {"source": 88, "prod": 0.011320044422800001, "target": 82, "value": 26.0, "supply": [{"l": "Onions", "v": 26.0}]}, {"source": 88, "prod": 0.00075565741565811531, "target": 22, "value": 1.0, "supply": [{"l": "Bananas", "v": 1.0}]}, {"source": 88, "prod": 0.012128619024428572, "target": 49, "value": 8.0, "supply": [{"l": "Grapes", "v": 8.0}]}, {"source": 88, "prod": 3.3613755754350008, "target": 84, "value": 505.0, "supply": [{"l": "Sugar", "v": 79.0}, {"l": "Beer", "v": 52.0}, {"l": "Groundnut Oil", "v": 7.0}, {"l": "Beverages, Alcoholic", "v": 14.0}, {"l": "Fats, Animals, Raw", "v": 171.0}, {"l": "Soyabean Oil", "v": 31.0}, {"l": "Butter, Ghee", "v": 31.0}, {"l": "Sunflowerseed Oil", "v": 55.0}, {"l": "Olive Oil", "v": 1.0}, {"l": "Coconut Oil", "v": 16.0}, {"l": "Oilcrops Oil, Other", "v": 11.0}, {"l": "Wine", "v": 25.0}, {"l": "Sweeteners, Other", "v": 11.0}, {"l": "Cottonseed Oil", "v": 1.0}]}, {"source": 88, "prod": 0.070316226859417186, "target": 57, "value": 18.0, "supply": [{"l": "Soyabeans", "v": 18.0}]}, {"source": 88, "prod": 0.00088918114647672621, "target": 3, "value": 1.0, "supply": [{"l": "Plantains", "v": 1.0}]}, {"source": 88, "prod": 0.039251866363304792, "target": 64, "value": 10.0, "supply": [{"l": "Beans", "v": 10.0}]}, {"source": 88, "prod": 1.3429689065230912, "target": 0, "value": 348.0, "supply": [{"l": "Maize", "v": 348.0}]}, {"source": 88, "prod": 0.029154239157311874, "target": 4, "value": 64.0, "supply": [{"l": "Fruits, Other", "v": 64.0}]}, {"source": 88, "prod": 0.44446406713883296, "target": 80, "value": 112.0, "supply": [{"l": "Pulses, Other", "v": 112.0}]}, {"source": 88, "prod": 0.013317699320941177, "target": 50, "value": 2.0, "supply": [{"l": "Groundnuts", "v": 2.0}]}, {"source": 88, "prod": 0.024380163241672297, "target": 42, "value": 17.0, "supply": [{"l": "Coconuts - Incl Copra", "v": 17.0}]}, {"source": 88, "prod": 0.064407149302137937, "target": 14, "value": 22.0, "supply": [{"l": "Oats", "v": 22.0}]}, {"source": 88, "prod": 0.008261370386752391, "target": 11, "value": 8.0, "supply": [{"l": "Roots, Other", "v": 8.0}]}, {"source": 0, "prod": 0.003859106053227273, "target": 89, "value": 1.0, "supply": [{"l": "Maize", "v": 1.0}]}, {"source": 2, "prod": 0.0083414217796465278, "target": 89, "value": 29.0, "supply": [{"l": "Vegetables, Other", "v": 29.0}]}, {"source": 3, "prod": 0.0044459057323836303, "target": 89, "value": 5.0, "supply": [{"l": "Plantains", "v": 5.0}]}, {"source": 29, "prod": 0.0053062708231875, "target": 89, "value": 1.0, "supply": [{"l": "Nuts", "v": 1.0}]}, {"source": 5, "prod": 0.0020885690816974168, "target": 89, "value": 2.0, "supply": [{"l": "Yams", "v": 2.0}]}, {"source": 6, "prod": 36.700987969539568, "target": 89, "value": 9623.0, "supply": [{"l": "Sugar", "v": 9623.0}]}, {"source": 32, "prod": 0.00089283333162619503, "target": 89, "value": 2.0, "supply": [{"l": "Beer", "v": 2.0}]}, {"source": 61, "prod": 0.014845959898754098, "target": 89, "value": 64.0, "supply": [{"l": "Grapefruit", "v": 64.0}]}, {"source": 34, "prod": 0.099050388699500017, "target": 89, "value": 31.0, "supply": [{"l": "Beverages, Alcoholic", "v": 31.0}]}, {"source": 8, "prod": 0.33889423628481585, "target": 89, "value": 82.0, "supply": [{"l": "Rice", "v": 82.0}]}, {"source": 37, "prod": 0.00053508613343067227, "target": 89, "value": 2.0, "supply": [{"l": "Tomatoes", "v": 2.0}]}, {"source": 40, "prod": 0.0083818800264363058, "target": 89, "value": 1.0, "supply": [{"l": "Fats, Animals, Raw", "v": 1.0}]}, {"source": 38, "prod": 0.03068686741120482, "target": 89, "value": 60.0, "supply": [{"l": "Coffee", "v": 60.0}]}, {"source": 10, "prod": 0.040774869504730436, "target": 89, "value": 13.0, "supply": [{"l": "Wheat", "v": 13.0}]}, {"source": 42, "prod": 0.68407869801633436, "target": 89, "value": 477.0, "supply": [{"l": "Coconuts - Incl Copra", "v": 477.0}]}, {"source": 43, "prod": 0.0056600222113999997, "target": 89, "value": 1.0, "supply": [{"l": "Treenuts", "v": 1.0}]}, {"source": 44, "prod": 0.01441703770828302, "target": 89, "value": 18.0, "supply": [{"l": "Crustaceans", "v": 18.0}]}, {"source": 11, "prod": 0.012392055580128585, "target": 89, "value": 12.0, "supply": [{"l": "Roots, Other", "v": 12.0}]}, {"source": 12, "prod": 0.0015780731072676582, "target": 89, "value": 2.0, "supply": [{"l": "Marine Fish, Other", "v": 2.0}]}, {"source": 50, "prod": 0.093223895246588223, "target": 89, "value": 14.0, "supply": [{"l": "Groundnuts", "v": 14.0}]}, {"source": 13, "prod": 0.0066588496604705885, "target": 89, "value": 1.0, "supply": [{"l": "Oilcrops, Other", "v": 1.0}]}, {"source": 56, "prod": 0.11508711829846666, "target": 89, "value": 61.0, "supply": [{"l": "Cocoa Beans", "v": 61.0}]}, {"source": 4, "prod": 0.0081996297629939648, "target": 89, "value": 18.0, "supply": [{"l": "Fruits, Other", "v": 18.0}]}, {"source": 48, "prod": 0.35863071770508625, "target": 89, "value": 35.0, "supply": [{"l": "Coconut Oil", "v": 35.0}]}, {"source": 59, "prod": 0.0072771714146571444, "target": 89, "value": 2.0, "supply": [{"l": "Pimento", "v": 2.0}]}, {"source": 16, "prod": 0.0069586596069618626, "target": 89, "value": 11.0, "supply": [{"l": "Milk - Excluding Butter", "v": 11.0}]}, {"source": 63, "prod": 0.00097214121951526701, "target": 89, "value": 3.0, "supply": [{"l": "Pineapples", "v": 3.0}]}, {"source": 64, "prod": 0.0078503732726609588, "target": 89, "value": 2.0, "supply": [{"l": "Beans", "v": 2.0}]}, {"source": 80, "prod": 0.0039684291708824374, "target": 89, "value": 1.0, "supply": [{"l": "Pulses, Other", "v": 1.0}]}, {"source": 17, "prod": 0.055165502861497295, "target": 89, "value": 73.0, "supply": [{"l": "Fish, Seafood", "v": 73.0}]}, {"source": 66, "prod": 0.0019592384577923078, "target": 89, "value": 9.0, "supply": [{"l": "Lemons, Limes", "v": 9.0}]}, {"source": 69, "prod": 0.0023583425880833336, "target": 89, "value": 1.0, "supply": [{"l": "Sweeteners, Other", "v": 1.0}]}, {"source": 21, "prod": 0.045159751686702124, "target": 89, "value": 45.0, "supply": [{"l": "Pelagic Fish", "v": 45.0}]}, {"source": 22, "prod": 0.22820853952875081, "target": 89, "value": 302.0, "supply": [{"l": "Bananas", "v": 302.0}]}, {"source": 71, "prod": 0.0169800666342, "target": 89, "value": 4.0, "supply": [{"l": "Spices, Other", "v": 4.0}]}, {"source": 72, "prod": 0.0035971827909801208, "target": 89, "value": 3.0, "supply": [{"l": "Tea", "v": 3.0}]}, {"source": 35, "prod": 0.013061589718615384, "target": 89, "value": 4.0, "supply": [{"l": "Honey", "v": 4.0}]}, {"source": 24, "prod": 0.0054213465759795189, "target": 89, "value": 5.0, "supply": [{"l": "Sweet potatoes", "v": 5.0}]}, {"source": 25, "prod": 0.0055470272126243196, "target": 89, "value": 9.0, "supply": [{"l": "Demersal Fish", "v": 9.0}]}, {"source": 78, "prod": 0.024391255938629834, "target": 89, "value": 78.0, "supply": [{"l": "Oranges, Mandarines", "v": 78.0}]}, {"source": 79, "prod": 0.014602022904103194, "target": 89, "value": 6.0, "supply": [{"l": "Bovine Meat", "v": 6.0}]}, {"source": 81, "prod": 0.046611947623294112, "target": 89, "value": 7.0, "supply": [{"l": "Palm kernels", "v": 7.0}]}, {"source": 26, "prod": 0.012240484928051942, "target": 89, "value": 11.0, "supply": [{"l": "Cassava", "v": 11.0}]}, {"source": 22, "prod": 0.00075565741565811531, "target": 90, "value": 1.0, "supply": [{"l": "Bananas", "v": 1.0}]}, {"source": 30, "prod": 0.02122508329275, "target": 90, "value": 2.0, "supply": [{"l": "Oilcrops Oil, Other", "v": 2.0}]}, {"source": 91, "prod": 0.0010228955803734938, "target": 38, "value": 2.0, "supply": [{"l": "Coffee", "v": 2.0}]}, {"source": 0, "prod": 0.011577318159681819, "target": 90, "value": 3.0, "supply": [{"l": "Maize", "v": 3.0}]}, {"source": 91, "prod": 0.15291569198217306, "target": 8, "value": 37.0, "supply": [{"l": "Rice", "v": 37.0}]}, {"source": 91, "prod": 0.0081271192533496316, "target": 1, "value": 10.0, "supply": [{"l": "Bovine Meat", "v": 1.0}, {"l": "Milk - Excluding Butter", "v": 9.0}]}, {"source": 91, "prod": 0.037733481409333337, "target": 7, "value": 8.0, "supply": [{"l": "Barley", "v": 8.0}]}, {"source": 91, "prod": 0.037287308487263512, "target": 42, "value": 26.0, "supply": [{"l": "Coconuts - Incl Copra", "v": 26.0}]}, {"source": 78, "prod": 0.0006254168189392266, "target": 90, "value": 2.0, "supply": [{"l": "Oranges, Mandarines", "v": 2.0}]}, {"source": 56, "prod": 0.0018866740704666664, "target": 90, "value": 1.0, "supply": [{"l": "Cocoa Beans", "v": 1.0}]}, {"source": 91, "prod": 4.0893628484885456, "target": 84, "value": 1046.0, "supply": [{"l": "Coconut Oil", "v": 1.0}, {"l": "Sugar", "v": 1021.0}, {"l": "Beer", "v": 2.0}, {"l": "Fats, Animals, Raw", "v": 19.0}, {"l": "Butter, Ghee", "v": 3.0}]}, {"source": 61, "prod": 0.0018557449873442622, "target": 90, "value": 8.0, "supply": [{"l": "Grapefruit", "v": 8.0}]}, {"source": 33, "prod": 0.030477042676769234, "target": 90, "value": 3.0, "supply": [{"l": "Groundnut Oil", "v": 3.0}]}, {"source": 91, "prod": 0.0039251866363304794, "target": 64, "value": 1.0, "supply": [{"l": "Beans", "v": 1.0}]}, {"source": 80, "prod": 0.0039684291708824374, "target": 90, "value": 1.0, "supply": [{"l": "Pulses, Other", "v": 1.0}]}, {"source": 10, "prod": 0.097232381126664894, "target": 90, "value": 31.0, "supply": [{"l": "Wheat", "v": 31.0}]}, {"source": 92, "prod": 1.6208245423554546, "target": 0, "value": 420.0, "supply": [{"l": "Maize", "v": 420.0}]}, {"source": 92, "prod": 0.14870741586473293, "target": 2, "value": 517.0, "supply": [{"l": "Vegetables, Other", "v": 517.0}]}, {"source": 92, "prod": 0.76914169170236812, "target": 3, "value": 865.0, "supply": [{"l": "Plantains", "v": 865.0}]}, {"source": 92, "prod": 0.02122508329275, "target": 29, "value": 4.0, "supply": [{"l": "Nuts", "v": 4.0}]}, {"source": 92, "prod": 0.26629255791642065, "target": 5, "value": 255.0, "supply": [{"l": "Yams", "v": 255.0}]}, {"source": 92, "prod": 0.0019489551500118845, "target": 31, "value": 5.0, "supply": [{"l": "Citrus, Other", "v": 5.0}]}, {"source": 92, "prod": 0.12640716272126665, "target": 56, "value": 67.0, "supply": [{"l": "Cocoa Beans", "v": 67.0}]}, {"source": 92, "prod": 3.0459152700232845, "target": 8, "value": 737.0, "supply": [{"l": "Rice", "v": 737.0}]}, {"source": 92, "prod": 0.037991115473577731, "target": 37, "value": 142.0, "supply": [{"l": "Tomatoes", "v": 142.0}]}, {"source": 92, "prod": 0.054213465759795181, "target": 38, "value": 106.0, "supply": [{"l": "Coffee", "v": 106.0}]}, {"source": 92, "prod": 2.3046424899627871, "target": 42, "value": 1607.0, "supply": [{"l": "Coconuts - Incl Copra", "v": 1607.0}]}, {"source": 92, "prod": 0.028300111057000001, "target": 43, "value": 5.0, "supply": [{"l": "Treenuts", "v": 5.0}]}, {"source": 92, "prod": 0.38208838038729803, "target": 11, "value": 370.0, "supply": [{"l": "Roots, Other", "v": 370.0}]}, {"source": 92, "prod": 0.011577318159681819, "target": 46, "value": 3.0, "supply": [{"l": "Peas", "v": 3.0}]}, {"source": 92, "prod": 0.010612541646375, "target": 47, "value": 1.0, "supply": [{"l": "Sesame seed", "v": 1.0}]}, {"source": 92, "prod": 0.0039064570477454, "target": 57, "value": 1.0, "supply": [{"l": "Soyabeans", "v": 1.0}]}, {"source": 92, "prod": 0.62593186808423529, "target": 50, "value": 94.0, "supply": [{"l": "Groundnuts", "v": 94.0}]}, {"source": 92, "prod": 0.013317699320941177, "target": 13, "value": 2.0, "supply": [{"l": "Oilcrops, Other", "v": 2.0}]}, {"source": 92, "prod": 41.335611228548686, "target": 20, "value": 115551.0, "supply": [{"l": "Sugar cane", "v": 115551.0}]}, {"source": 92, "prod": 0.026743604948865005, "target": 9, "value": 9.0, "supply": [{"l": "Cereals, Other", "v": 9.0}]}, {"source": 92, "prod": 0.026635398641882354, "target": 85, "value": 4.0, "supply": [{"l": "Cottonseed", "v": 4.0}]}, {"source": 92, "prod": 0.105037747480959, "target": 15, "value": 130.0, "supply": [{"l": "Potatoes", "v": 130.0}]}, {"source": 92, "prod": 0.010915757121985717, "target": 59, "value": 3.0, "supply": [{"l": "Pimento", "v": 3.0}]}, {"source": 92, "prod": 0.025516493575983606, "target": 61, "value": 110.0, "supply": [{"l": "Grapefruit", "v": 110.0}]}, {"source": 92, "prod": 0.013609977073213741, "target": 63, "value": 42.0, "supply": [{"l": "Pineapples", "v": 42.0}]}, {"source": 92, "prod": 0.31794011754276885, "target": 64, "value": 81.0, "supply": [{"l": "Beans", "v": 81.0}]}, {"source": 92, "prod": 0.34922176703765445, "target": 80, "value": 88.0, "supply": [{"l": "Pulses, Other", "v": 88.0}]}, {"source": 92, "prod": 0.015891600824315389, "target": 66, "value": 73.0, "supply": [{"l": "Lemons, Limes", "v": 73.0}]}, {"source": 92, "prod": 0.87719289545818369, "target": 19, "value": 230.0, "supply": [{"l": "Sorghum", "v": 230.0}]}, {"source": 92, "prod": 0.70276139656204717, "target": 22, "value": 930.0, "supply": [{"l": "Bananas", "v": 930.0}]}, {"source": 92, "prod": 0.025470099951300004, "target": 71, "value": 6.0, "supply": [{"l": "Spices, Other", "v": 6.0}]}, {"source": 92, "prod": 0.0035971827909801208, "target": 72, "value": 3.0, "supply": [{"l": "Tea", "v": 3.0}]}, {"source": 92, "prod": 0.41727004793902622, "target": 4, "value": 916.0, "supply": [{"l": "Fruits, Other", "v": 916.0}]}, {"source": 92, "prod": 0.0005495167195533981, "target": 65, "value": 1.0, "supply": [{"l": "Apples", "v": 1.0}]}, {"source": 92, "prod": 0.028300111057000001, "target": 75, "value": 6.0, "supply": [{"l": "Millet", "v": 6.0}]}, {"source": 92, "prod": 0.72862897981164731, "target": 24, "value": 672.0, "supply": [{"l": "Sweet potatoes", "v": 672.0}]}, {"source": 92, "prod": 0.1175783619605746, "target": 78, "value": 376.0, "supply": [{"l": "Oranges, Mandarines", "v": 376.0}]}, {"source": 92, "prod": 0.053270797283764708, "target": 81, "value": 8.0, "supply": [{"l": "Palm kernels", "v": 8.0}]}, {"source": 92, "prod": 0.013061589718615388, "target": 82, "value": 30.0, "supply": [{"l": "Onions", "v": 30.0}]}, {"source": 92, "prod": 0.81677417610819314, "target": 26, "value": 734.0, "supply": [{"l": "Cassava", "v": 734.0}]}, {"source": 1, "prod": 0.21749748273020222, "target": 76, "value": 144.0, "supply": [{"l": "Poultry Meat", "v": 144.0}]}, {"source": 1, "prod": 0.34809136600110002, "target": 55, "value": 123.0, "supply": [{"l": "Pigmeat", "v": 123.0}]}, {"source": 1, "prod": 0.34622476293138299, "target": 21, "value": 345.0, "supply": [{"l": "Pelagic Fish", "v": 345.0}]}, {"source": 1, "prod": 0.021625556562424528, "target": 44, "value": 27.0, "supply": [{"l": "Crustaceans", "v": 27.0}]}, {"source": 1, "prod": 0.16747172952184791, "target": 45, "value": 113.0, "supply": [{"l": "Eggs", "v": 122.0}]}, {"source": 1, "prod": 0.0037784591001025544, "target": 73, "value": 5.0, "supply": [{"l": "Molluscs, Other", "v": 5.0}]}, {"source": 1, "prod": 0.00077236418682716994, "target": 74, "value": 1.0, "supply": [{"l": "Aquatic Animals, Others", "v": 1.0}]}, {"source": 1, "prod": 0.0011622222200000001, "target": 67, "value": 1.0, "supply": [{"l": "Cephalopods", "v": 1.0}]}, {"source": 1, "prod": 1.5846765741308604, "target": 16, "value": 2505.0, "supply": [{"l": "Milk - Excluding Butter", "v": 2505.0}]}, {"source": 1, "prod": 0.080583367077559323, "target": 23, "value": 64.0, "supply": [{"l": "Offals, Edible", "v": 64.0}]}, {"source": 1, "prod": 0.059966778076171019, "target": 12, "value": 76.0, "supply": [{"l": "Marine Fish, Other", "v": 76.0}]}, {"source": 1, "prod": 0.00077236418682716994, "target": 83, "value": 1.0, "supply": [{"l": "Aquatic Products, Other", "v": 1.0}]}, {"source": 1, "prod": 0.47457446297288086, "target": 17, "value": 628.0, "supply": [{"l": "Fish, Seafood", "v": 628.0}]}, {"source": 1, "prod": 0.81527961214576161, "target": 79, "value": 335.0, "supply": [{"l": "Bovine Meat", "v": 335.0}]}, {"source": 1, "prod": 0.1078588624676951, "target": 25, "value": 175.0, "supply": [{"l": "Demersal Fish", "v": 175.0}]}, {"source": 1, "prod": 0.1506830381279628, "target": 18, "value": 77.0, "supply": [{"l": "Meat, Other", "v": 77.0}]}, {"source": 1, "prod": 0.0019744263528139534, "target": 58, "value": 2.0, "supply": [{"l": "Freshwater Fish", "v": 2.0}]}, {"source": 1, "prod": 0.046088752292828578, "target": 68, "value": 19.0, "supply": [{"l": "Mutton & Goat Meat", "v": 19.0}]}, {"source": 84, "prod": 0.0084900333171, "target": 54, "value": 1.0, "supply": [{"l": "Olive Oil", "v": 1.0}]}, {"source": 84, "prod": 1.47521088465279, "target": 40, "value": 176.0, "supply": [{"l": "Fats, Animals, Raw", "v": 176.0}]}, {"source": 84, "prod": 0.028300111057000008, "target": 69, "value": 12.0, "supply": [{"l": "Sweeteners, Other", "v": 12.0}]}, {"source": 84, "prod": 0.0029316413387776245, "target": 70, "value": 5.0, "supply": [{"l": "Beverages, Fermented", "v": 5.0}]}, {"source": 84, "prod": 0.34955059047747661, "target": 41, "value": 34.0, "supply": [{"l": "Soyabean Oil", "v": 34.0}]}, {"source": 84, "prod": 0.82997394668891389, "target": 48, "value": 81.0, "supply": [{"l": "Coconut Oil", "v": 81.0}]}, {"source": 84, "prod": 40.995419275130502, "target": 6, "value": 10749.0, "supply": [{"l": "Sugar", "v": 10749.0}]}, {"source": 84, "prod": 0.022857782007576922, "target": 35, "value": 7.0, "supply": [{"l": "Honey", "v": 7.0}]}, {"source": 84, "prod": 0.0084900333171, "target": 62, "value": 1.0, "supply": [{"l": "Cottonseed Oil", "v": 1.0}]}, {"source": 84, "prod": 0.12946083308579828, "target": 32, "value": 290.0, "supply": [{"l": "Beer", "v": 290.0}]}, {"source": 84, "prod": 0.37588352634682054, "target": 33, "value": 37.0, "supply": [{"l": "Groundnut Oil", "v": 37.0}]}, {"source": 84, "prod": 0.41856777160111297, "target": 34, "value": 131.0, "supply": [{"l": "Beverages, Alcoholic", "v": 131.0}]}, {"source": 84, "prod": 0.56273682371034628, "target": 53, "value": 55.0, "supply": [{"l": "Sunflowerseed Oil", "v": 55.0}]}, {"source": 84, "prod": 0.068573346022730783, "target": 51, "value": 7.0, "supply": [{"l": "Palm Oil", "v": 7.0}]}, {"source": 84, "prod": 0.19102574963475, "target": 30, "value": 18.0, "supply": [{"l": "Oilcrops Oil, Other", "v": 18.0}]}, {"source": 84, "prod": 0.2593439864832891, "target": 39, "value": 68.0, "supply": [{"l": "Sugar non-centrifugal", "v": 68.0}]}, {"source": 84, "prod": 0.24160889206139718, "target": 36, "value": 29.0, "supply": [{"l": "Butter, Ghee", "v": 29.0}]}, {"source": 84, "prod": 0.024396647462931034, "target": 52, "value": 25.0, "supply": [{"l": "Wine", "v": 25.0}]}, {"source": 93, "prod": 0.13714669204546157, "target": 84, "value": 32.307692307692314, "supply": [{"l": "Oil Palm", "v": 32.307692307692314}]}]}