{"nodes": [{"layer": 13, "name": "Animal Products", "fill": "#17becf"}, {"layer": 10, "name": "Feed", "fill": "#dbdb8d"}, {"layer": 5, "name": "Cereals", "fill": "#e7ba52"}, {"layer": 5, "name": "Oilcrops", "fill": "#ff9896"}, {"layer": 5, "name": "Fruits, Roots & Vegetables", "fill": "#98df8a"}, {"layer": 5, "name": "Sugar Crops", "fill": "#ffbb78"}, {"layer": 13, "name": "Aquatic Products", "fill": "#1f77b4"}, {"layer": 13, "name": "Other Processed", "fill": "#9c9ede"}, {"layer": 16, "name": "Food", "fill": "#b5cf6b"}, {"layer": 13, "name": "Sugar", "fill": "#d6616b"}, {"layer": 13, "name": "Vegetable Oils", "fill": "#f7b6d2"}, {"layer": 10, "name": "Processing", "fill": "#9edae5"}, {"layer": 16, "name": "Biofuels & Other", "fill": "#e7ba52"}, {"name": "Waste", "fill": "#c7c7c7"}, {"layer": 2, "name": "Import", "fill": "#aec7e8"}, {"layer": 16, "name": "Export", "fill": "#aec7e8"}, {"layer": 0, "name": "Stock Draw", "fill": "#c7c7c7"}, {"layer": 16, "name": "Stock Deposit", "fill": "#c7c7c7"}, {"layer": 2, "name": "Electricity", "fill": "#bcbd22"}, {"layer": 0, "name": "Fossil Fuels", "fill": "#c49c94"}, {"layer": 0, "name": "Renewables & Nuclear", "fill": "#2ca02c"}, {"layer": 2, "name": "Fertilizers", "fill": "#c5b0d5"}, {"layer": 0, "name": "Labor", "fill": "#7f7f7f"}], "links": [{"source": 0, "prod": 6.0, "target": 1, "value": 0.0043890317632827138, "supply": [{"l": "Milk - Excluding Butter", "v": 0.0043890317632827138}]}, {"source": 2, "prod": 42.0, "target": 1, "value": 0.15364120897054778, "supply": [{"l": "Maize", "v": 0.094683142683610499}, {"l": "Millet", "v": 0.027654257900097508}, {"l": "Sorghum", "v": 0.031303808386839764}]}, {"source": 3, "prod": 2.0, "target": 1, "value": 0.0092465709394158428, "supply": [{"l": "Oilcrops, Other", "v": 0.0092465709394158428}]}, {"source": 4, "prod": 211.0, "target": 1, "value": 0.23456117757769371, "supply": [{"l": "Roots, Other", "v": 0.09192333867227756}, {"l": "Yams", "v": 0.0070150699018411014}, {"l": "Sweet potatoes", "v": 0.0045166244821380312}, {"l": "Cassava", "v": 0.13110614452143701}]}, {"source": 5, "prod": 9.0, "target": 1, "value": 0.0029502046275637068, "supply": [{"l": "Sugar cane", "v": 0.0029502046275637068}]}, {"source": 6, "prod": 10.0, "target": 1, "value": 0.0079640947243511759, "supply": [{"l": "Pelagic Fish", "v": 0.0041926090454814822}, {"l": "Fish, Seafood", "v": 0.0037714856788696942}]}, {"source": 7, "prod": 585.0, "target": 8, "value": 0.36497636114914872, "supply": [{"l": "Beer", "v": 0.052704176419497456}, {"l": "Beverages, Alcoholic", "v": 0.014150055528500001}, {"l": "Fats, Animals, Raw", "v": 0.035375138821250006}, {"l": "Butter, Ghee", "v": 0.0060643095122142861}, {"l": "Wine", "v": 0.090853710192137185}, {"l": "Beverages, Fermented", "v": 0.1658289706755498}]}, {"source": 0, "prod": 573.0, "target": 8, "value": 0.68593298237026146, "supply": [{"l": "Mutton & Goat Meat", "v": 0.052826873973066665}, {"l": "Pigmeat", "v": 0.05992964694423529}, {"l": "Meat, Other", "v": 0.090698404704629282}, {"l": "Poultry Meat", "v": 0.014592244763765624}, {"l": "Milk - Excluding Butter", "v": 0.24139674698054925}, {"l": "Offals, Edible", "v": 0.029964823472117645}, {"l": "Bovine Meat", "v": 0.18143084896816439}, {"l": "Eggs", "v": 0.015093392563733331}]}, {"source": 2, "prod": 1644.0, "target": 8, "value": 5.904719752922853, "supply": [{"l": "Maize", "v": 2.1360516989422527}, {"l": "Barley", "v": 0.0028917007210831065}, {"l": "Rice", "v": 0.23326295551831605}, {"l": "Cereals, Other", "v": 0.02122508329275}, {"l": "Wheat", "v": 0.37086308327022094}, {"l": "Sorghum", "v": 1.9547489237115498}, {"l": "Millet", "v": 1.185676307466681}]}, {"source": 3, "prod": 167.0, "target": 8, "value": 0.91734293487152285, "supply": [{"l": "Coconuts - Incl Copra", "v": 0.015045628663215191}, {"l": "Sesame seed", "v": 0.076030149108358203}, {"l": "Groundnuts", "v": 0.64343172079770095}, {"l": "Oilcrops, Other", "v": 0.16643827690948515}, {"l": "Palm kernels", "v": 0.016397159392763368}]}, {"source": 4, "prod": 5772.0, "target": 8, "value": 6.4132018698627604, "supply": [{"l": "Roots, Other", "v": 0.42996400346710473}, {"l": "Plantains", "v": 0.73214492861271563}, {"l": "Nuts", "v": 0.02122508329275}, {"l": "Yams", "v": 0.39167473618612819}, {"l": "Citrus, Other", "v": 0.022555265624448234}, {"l": "Tomatoes", "v": 0.0075133038204424794}, {"l": "Coffee", "v": 0.0017836204447689076}, {"l": "Treenuts", "v": 0.021831514243971433}, {"l": "Apples", "v": 0.0010884658098846154}, {"l": "Vegetables, Other", "v": 0.11320044422799999}, {"l": "Peas", "v": 0.007718212106454546}, {"l": "Grapes", "v": 0.00062426715566911775}, {"l": "Dates", "v": 0.030186785127466663}, {"l": "Cocoa Beans", "v": 0.013584053307360001}, {"l": "Potatoes", "v": 0.045038591377298785}, {"l": "Pimento", "v": 0.023459302586723685}, {"l": "Pineapples", "v": 0.0077182121064545452}, {"l": "Beans", "v": 0.46885827704763328}, {"l": "Pulses, Other", "v": 0.12775672144631339}, {"l": "Lemons, Limes", "v": 0.00062426715566911775}, {"l": "Bananas", "v": 0.17369852955788523}, {"l": "Tea", "v": 0.0033960133268400002}, {"l": "Fruits, Other", "v": 0.090598342108651017}, {"l": "Sweet potatoes", "v": 0.27890156177202341}, {"l": "Grapefruit", "v": 0.0031213357783455892}, {"l": "Oranges, Mandarines", "v": 0.0074912058680294122}, {"l": "Onions", "v": 0.0078197675289078967}, {"l": "Cassava", "v": 3.3796250587748209}]}, {"source": 5, "prod": 46.0, "target": 8, "value": 0.015078823651992278, "supply": [{"l": "Sugar cane", "v": 0.015078823651992278}]}, {"source": 9, "prod": 102.0, "target": 8, "value": 0.41227057944188206, "supply": [{"l": "Sugar", "v": 0.31882572174333179}, {"l": "Sweeteners, Other", "v": 0.0037614071658037978}, {"l": "Honey", "v": 0.089683450532746484}]}, {"source": 6, "prod": 358.0, "target": 8, "value": 0.27209521741440856, "supply": [{"l": "Crustaceans", "v": 0.00075429713577393877}, {"l": "Marine Fish, Other", "v": 0.0071949434890677963}, {"l": "Demersal Fish", "v": 0.030041656352815384}, {"l": "Freshwater Fish", "v": 0.037957265742509134}, {"l": "Fish, Seafood", "v": 0.13577348443930901}, {"l": "Pelagic Fish", "v": 0.06037357025493334}]}, {"source": 10, "prod": 68.0, "target": 8, "value": 0.70425489842254962, "supply": [{"l": "Groundnut Oil", "v": 0.31764434996736207}, {"l": "Palm Oil", "v": 0.24904097730159999}, {"l": "Sunflowerseed Oil", "v": 0.019592384577923082}, {"l": "Olive Oil", "v": 0.044295826002260875}, {"l": "Oilcrops Oil, Other", "v": 0.0084900333171}, {"l": "Sesameseed Oil", "v": 0.010612541646375}, {"l": "Cottonseed Oil", "v": 0.0424501665855}, {"l": "Palmkernel Oil", "v": 0.012128619024428572}]}, {"source": 4, "prod": 314.0, "target": 11, "value": 0.32609008167998965, "supply": [{"l": "Plantains", "v": 0.32609008167998965}]}, {"source": 5, "prod": 936.0, "target": 11, "value": 0.3068212812666255, "supply": [{"l": "Sugar cane", "v": 0.3068212812666255}]}, {"source": 2, "prod": 65.0, "target": 11, "value": 0.21774278805167613, "supply": [{"l": "Maize", "v": 0.015149302829377679}, {"l": "Millet", "v": 0.031111040137609697}, {"l": "Barley", "v": 0.046267211537329704}, {"l": "Sorghum", "v": 0.12521523354735906}]}, {"source": 3, "prod": 659.0, "target": 11, "value": 3.0038943532406766, "supply": [{"l": "Sunflower seed", "v": 0.038260038583114525}, {"l": "Coconuts - Incl Copra", "v": 0.0042987510466329119}, {"l": "Cottonseed", "v": 0.12571155534451914}, {"l": "Sesame seed", "v": 0.012671691518059702}, {"l": "Groundnuts", "v": 0.48572786766100962}, {"l": "Palm kernels", "v": 0.081985796963816832}, {"l": "Oilcrops, Other", "v": 0.013869856409123762}, {"l": "Oil Palm", "v": 2.2413687957144002}]}, {"source": 4, "prod": 59.0, "target": 12, "value": 0.021046721248273111, "supply": [{"l": "Coffee", "v": 0.021046721248273111}]}, {"source": 7, "prod": 13.0, "target": 12, "value": 0.014481030167370852, "supply": [{"l": "Beverages, Fermented", "v": 0.0056372454620583498}, {"l": "Fats, Animals, Raw", "v": 0.0088437847053125015}]}, {"source": 10, "prod": 48.0, "target": 12, "value": 0.49781242973599049, "supply": [{"l": "Palm Oil", "v": 0.45657512505293335}, {"l": "Palmkernel Oil", "v": 0.024257238048857144}, {"l": "Oilcrops Oil, Other", "v": 0.0169800666342}]}, {"source": 3, "prod": 39.0, "target": 12, "value": 0.21316307210592378, "supply": [{"l": "Cottonseed", "v": 0.21316307210592378}]}, {"source": 4, "prod": 77.0, "target": 4, "value": 0.12981052645530503, "supply": [{"l": "Potatoes", "v": 0.010871384125554879}, {"l": "Roots, Other", "v": 0.0019768459929522058}, {"l": "Yams", "v": 0.051443845946834744}, {"l": "Beans", "v": 0.055159797299721564}, {"l": "Pulses, Other", "v": 0.010358653090241627}]}, {"source": 5, "prod": 6.0, "target": 5, "value": 0.0019668030850424709, "supply": [{"l": "Sugar cane", "v": 0.0019668030850424709}]}, {"source": 0, "prod": 1.0, "target": 0, "value": 0.0018866740704666664, "supply": [{"l": "Eggs", "v": 0.0018866740704666664}]}, {"source": 2, "prod": 67.0, "target": 2, "value": 0.24298337626985467, "supply": [{"l": "Maize", "v": 0.094683142683610499}, {"l": "Wheat", "v": 0.003224896376262791}, {"l": "Millet", "v": 0.048394951325170646}, {"l": "Rice", "v": 0.013203563519904683}, {"l": "Sorghum", "v": 0.083476822364906056}]}, {"source": 3, "prod": 61.0, "target": 3, "value": 0.34860041718825502, "supply": [{"l": "Cottonseed", "v": 0.15850587413004591}, {"l": "Sesame seed", "v": 0.0063358457590298508}, {"l": "Groundnuts", "v": 0.15139569901122377}, {"l": "Oilcrops, Other", "v": 0.032362998287955448}]}, {"source": 7, "prod": 6.0, "target": 13, "value": 0.0028186227310291749, "supply": [{"l": "Beverages, Fermented", "v": 0.0028186227310291749}]}, {"source": 0, "prod": 17.0, "target": 13, "value": 0.013590758772553902, "supply": [{"l": "Milk - Excluding Butter", "v": 0.011704084702087236}, {"l": "Eggs", "v": 0.0018866740704666664}]}, {"source": 2, "prod": 195.0, "target": 13, "value": 0.70213482322081133, "supply": [{"l": "Maize", "v": 0.2840494280508315}, {"l": "Rice", "v": 0.013203563519904683}, {"l": "Sorghum", "v": 0.20869205591226511}, {"l": "Cereals, Other", "v": 0.0035375138821250002}, {"l": "Wheat", "v": 0.012899585505051164}, {"l": "Millet", "v": 0.17975267635063383}]}, {"source": 3, "prod": 55.0, "target": 13, "value": 0.29472106418452243, "supply": [{"l": "Cottonseed", "v": 0.0054657197975877892}, {"l": "Oilcrops, Other", "v": 0.027739712818247525}, {"l": "Coconuts - Incl Copra", "v": 0.0053734388082911401}, {"l": "Sesame seed", "v": 0.012671691518059702}, {"l": "Groundnuts", "v": 0.14508754488575609}, {"l": "Palm kernels", "v": 0.09838295635658019}]}, {"source": 4, "prod": 571.0, "target": 13, "value": 0.62273862502910338, "supply": [{"l": "Dates", "v": 0.0037733481409333329}, {"l": "Vegetables, Other", "v": 0.0069463908958090903}, {"l": "Potatoes", "v": 0.0077652743753963416}, {"l": "Fruits, Other", "v": 0.012535619662832218}, {"l": "Yams", "v": 0.078334947237225644}, {"l": "Plantains", "v": 0.11735088926700264}, {"l": "Citrus, Other", "v": 0.0024290286057098097}, {"l": "Grapefruit", "v": 0.00062426715566911775}, {"l": "Beans", "v": 0.051219811778312883}, {"l": "Pulses, Other", "v": 0.013811537453655503}, {"l": "Tomatoes", "v": 0.00075133038204424794}, {"l": "Coffee", "v": 0.00071344817790756302}, {"l": "Pineapples", "v": 0.00085757912293939393}, {"l": "Bananas", "v": 0.032918672940405666}, {"l": "Roots, Other", "v": 0.030641112890759183}, {"l": "Sweet potatoes", "v": 0.033874683616035225}, {"l": "Oranges, Mandarines", "v": 0.00062426715566911775}, {"l": "Onions", "v": 0.00055855482349342119}, {"l": "Cassava", "v": 0.22700786134730297}]}, {"source": 5, "prod": 63.0, "target": 13, "value": 0.020651432392945947, "supply": [{"l": "Sugar cane", "v": 0.020651432392945947}]}, {"source": 10, "prod": 2.0, "target": 13, "value": 0.02075341477513333, "supply": [{"l": "Palm Oil", "v": 0.02075341477513333}]}, {"source": 14, "prod": 188.0, "target": 11, "value": 0.33020567198971396, "supply": [{"l": "Olive Oil", "v": 0.044295826002260875}, {"l": "Sugar", "v": 0.13843748444118353}, {"l": "Beer", "v": 0.013552502507870776}, {"l": "Groundnut Oil", "v": 0.010246591934431035}, {"l": "Beverages, Alcoholic", "v": 0.0056600222113999997}, {"l": "Oilcrops Oil, Other", "v": 0.0084900333171}, {"l": "Butter, Ghee", "v": 0.0060643095122142861}, {"l": "Wine", "v": 0.090853710192137185}, {"l": "Fats, Animals, Raw", "v": 0.0088437847053125015}, {"l": "Sweeteners, Other", "v": 0.0037614071658037978}]}, {"source": 14, "prod": 132.0, "target": 2, "value": 0.43196765777868645, "supply": [{"l": "Maize", "v": 0.011361977122033263}, {"l": "Oats", "v": 0.003507857406998043}, {"l": "Rice", "v": 0.035209502719745822}, {"l": "Wheat", "v": 0.33216432675506746}, {"l": "Millet", "v": 0.0034567822375121886}, {"l": "Barley", "v": 0.046267211537329704}]}, {"source": 14, "prod": 2.0, "target": 3, "value": 0.011773873923055445, "supply": [{"l": "Groundnuts", "v": 0.0063081541254676569}, {"l": "Palm kernels", "v": 0.0054657197975877892}]}, {"source": 14, "prod": 134.0, "target": 1, "value": 0.11397632506914304, "supply": [{"l": "Pigmeat", "v": 0.0039953097962823533}, {"l": "Bovine Meat", "v": 0.019937455930567519}, {"l": "Crustaceans", "v": 0.00075429713577393877}, {"l": "Milk - Excluding Butter", "v": 0.031454727636859449}, {"l": "Fish, Seafood", "v": 0.030926182566731488}, {"l": "Pelagic Fish", "v": 0.0067081744727703705}, {"l": "Demersal Fish", "v": 0.016326987148269231}, {"l": "Freshwater Fish", "v": 0.0038731903818886864}]}, {"source": 14, "prod": 32.0, "target": 4, "value": 0.024612921036201035, "supply": [{"l": "Roots, Other", "v": 0.00098842299647610289}, {"l": "Potatoes", "v": 0.0093183292504756092}, {"l": "Fruits, Other", "v": 0.0017094026812953023}, {"l": "Apples", "v": 0.0010884658098846154}, {"l": "Pulses, Other", "v": 0.0034528843634138756}, {"l": "Tea", "v": 0.0033960133268400002}, {"l": "Vegetables, Other", "v": 0.0018009161581727274}, {"l": "Grapes", "v": 0.00062426715566911775}, {"l": "Onions", "v": 0.0022342192939736848}]}, {"source": 7, "prod": 8.0, "target": 15, "value": 0.052680274298672301, "supply": [{"l": "Beer", "v": 0.00050194453732854726}, {"l": "Fish, Body Oil", "v": 0.052178329761343754}]}, {"source": 0, "prod": 15.0, "target": 15, "value": 0.025398373737891253, "supply": [{"l": "Meat, Other", "v": 0.0074546634003804894}, {"l": "Bovine Meat", "v": 0.017943710337510764}]}, {"source": 2, "prod": 237.0, "target": 15, "value": 0.85849761358634291, "supply": [{"l": "Maize", "v": 0.42796780492991948}, {"l": "Rice", "v": 0.0088023756799364555}, {"l": "Millet", "v": 0.42172743297648702}]}, {"source": 3, "prod": 106.0, "target": 15, "value": 0.47656773154511334, "supply": [{"l": "Cottonseed", "v": 0.027328598987938948}, {"l": "Oilcrops, Other", "v": 0.0092465709394158428}, {"l": "Coconuts - Incl Copra", "v": 0.031165945088088613}, {"l": "Sesame seed", "v": 0.025343383036119403}, {"l": "Groundnuts", "v": 0.17032016138762673}, {"l": "Palm kernels", "v": 0.21316307210592378}]}, {"source": 4, "prod": 602.0, "target": 15, "value": 0.69074828299116209, "supply": [{"l": "Cocoa Beans", "v": 0.28866113278140004}, {"l": "Beans", "v": 0.015759942085634734}, {"l": "Coffee", "v": 0.072414990057617645}, {"l": "Pineapples", "v": 0.00042878956146969697}, {"l": "Bananas", "v": 0.084047675592525128}, {"l": "Cassava", "v": 0.22943575291251481}]}, {"source": 9, "prod": 45.0, "target": 15, "value": 0.18877838787434117, "supply": [{"l": "Sugar", "v": 0.18877838787434117}]}, {"source": 6, "prod": 702.0, "target": 15, "value": 0.55010293359561546, "supply": [{"l": "Freshwater Fish", "v": 0.038731903818886866}, {"l": "Pelagic Fish", "v": 0.21633862674684448}, {"l": "Fish, Seafood", "v": 0.26475829465665252}, {"l": "Marine Fish, Other", "v": 0.023743313513923732}, {"l": "Demersal Fish", "v": 0.0065307948593076922}]}, {"source": 10, "prod": 35.0, "target": 15, "value": 0.35900712312308569, "supply": [{"l": "Oilcrops Oil, Other", "v": 0.0424501665855}, {"l": "Palm Oil", "v": 0.28017109946429997}, {"l": "Palmkernel Oil", "v": 0.036385857073285718}]}, {"source": 16, "prod": 1.0, "target": 4, "value": 0.00035672408895378151, "supply": [{"l": "Coffee", "v": 0.00035672408895378151}]}, {"source": 16, "prod": 1.0, "target": 3, "value": 0.0063358457590298508, "supply": [{"l": "Sesame seed", "v": 0.0063358457590298508}]}, {"source": 6, "prod": 2.0, "target": 17, "value": 0.0015928189448702352, "supply": [{"l": "Pelagic Fish", "v": 0.00083852180909629631}, {"l": "Fish, Seafood", "v": 0.00075429713577393877}]}, {"source": 2, "prod": 49.0, "target": 17, "value": 0.18589141640053969, "supply": [{"l": "Maize", "v": 0.12119442263502143}, {"l": "Oats", "v": 0.003507857406998043}, {"l": "Rice", "v": 0.026407127039809367}, {"l": "Sorghum", "v": 0.034782009318710852}]}, {"source": 4, "prod": 28.0, "target": 17, "value": 0.068893514258516336, "supply": [{"l": "Potatoes", "v": 0.0077652743753963416}, {"l": "Cocoa Beans", "v": 0.061128239883120002}]}, {"source": 10, "prod": 12.0, "target": 17, "value": 0.12263381458033334, "supply": [{"l": "Palm Oil", "v": 0.11414378126323334}, {"l": "Oilcrops Oil, Other", "v": 0.0084900333171}]}, {"source": 3, "prod": 28.0, "target": 17, "value": 0.15538859691956744, "supply": [{"l": "Cottonseed", "v": 0.09838295635658019}, {"l": "Coconuts - Incl Copra", "v": 0.001074687761658228}, {"l": "Groundnuts", "v": 0.050465233003741256}, {"l": "Palm kernels", "v": 0.0054657197975877892}]}, {"source": 9, "prod": 4.0, "target": 17, "value": 0.016780301144385883, "supply": [{"l": "Sugar", "v": 0.016780301144385883}]}, {"source": 16, "prod": 60.0, "target": 2, "value": 0.20660996687305289, "supply": [{"l": "Wheat", "v": 0.003224896376262791}, {"l": "Millet", "v": 0.20049336977570698}, {"l": "Barley", "v": 0.0028917007210831065}]}, {"source": 1, "prod": 1072.0, "target": 6, "value": 0.83175506467924543, "supply": [{"l": "Pelagic Fish", "v": 0.28174332785635559}, {"l": "Crustaceans", "v": 0.00075429713577393877}, {"l": "Freshwater Fish", "v": 0.076689169561396001}, {"l": "Demersal Fish", "v": 0.036572451212123075}, {"l": "Fish, Seafood", "v": 0.40505756191060521}, {"l": "Marine Fish, Other", "v": 0.030938257002991527}]}, {"source": 1, "prod": 611.0, "target": 0, "value": 0.72931114664398933, "supply": [{"l": "Poultry Meat", "v": 0.014592244763765624}, {"l": "Pigmeat", "v": 0.05992964694423529}, {"l": "Bovine Meat", "v": 0.19937455930567516}, {"l": "Eggs", "v": 0.018866740704666662}, {"l": "Milk - Excluding Butter", "v": 0.25748986344591918}, {"l": "Offals, Edible", "v": 0.029964823472117645}, {"l": "Meat, Other", "v": 0.098153068105009775}, {"l": "Mutton & Goat Meat", "v": 0.052826873973066665}]}, {"source": 11, "prod": 612.0, "target": 7, "value": 0.43495628834622102, "supply": [{"l": "Fats, Animals, Raw", "v": 0.044218923526562509}, {"l": "Beverages, Fermented", "v": 0.17428483886863733}, {"l": "Fish, Body Oil", "v": 0.052178329761343754}, {"l": "Beer", "v": 0.053206120956826003}, {"l": "Beverages, Alcoholic", "v": 0.014150055528500001}, {"l": "Butter, Ghee", "v": 0.0060643095122142861}, {"l": "Wine", "v": 0.090853710192137185}]}, {"source": 11, "prod": 165.0, "target": 10, "value": 1.7044616806370927, "supply": [{"l": "Olive Oil", "v": 0.044295826002260875}, {"l": "Sesameseed Oil", "v": 0.010612541646375}, {"l": "Cottonseed Oil", "v": 0.0424501665855}, {"l": "Groundnut Oil", "v": 0.31764434996736207}, {"l": "Palm Oil", "v": 1.1206843978572001}, {"l": "Palmkernel Oil", "v": 0.072771714146571437}, {"l": "Oilcrops Oil, Other", "v": 0.076410299853899993}, {"l": "Sunflowerseed Oil", "v": 0.019592384577923082}]}, {"source": 11, "prod": 151.0, "target": 9, "value": 0.61782926846060915, "supply": [{"l": "Honey", "v": 0.089683450532746484}, {"l": "Sweeteners, Other", "v": 0.0037614071658037978}, {"l": "Sugar", "v": 0.52438441076205888}]}, {"source": 18, "prod": 0, "target": 4, "value": 0.0049007768090709143, "supply": "[{\"l\":'Energy for power irrigation',\"v\":0.0049007768090709143}]"}, {"source": 18, "prod": 0, "target": 5, "value": 0.00068182483496720967, "supply": "[{\"l\":'Energy for power irrigation',\"v\":0.00068182483496720967}]"}, {"source": 18, "prod": 0, "target": 2, "value": 0.0014160729945097282, "supply": "[{\"l\":'Energy for power irrigation',\"v\":0.0014160729945097282}]"}, {"source": 18, "prod": 0, "target": 3, "value": 0.0007168809231801463, "supply": "[{\"l\":'Energy for power irrigation',\"v\":0.0007168809231801463}]"}, {"source": 18, "prod": 0, "target": 11, "value": 0.010666666675199998, "supply": "[{\"l\":'Electricity',\"v\":0.010666666675199998}]"}, {"source": 19, "prod": 0, "target": 18, "value": 0.034862751385679819, "supply": [{"l": "Coal", "v": 0.018020126805354988}, {"l": "Natural gas", "v": 0.0055330335002177289}, {"l": "Oil", "v": 0.011309591080107097}]}, {"source": 20, "prod": 0, "target": 18, "value": 0.0048804016623132159, "supply": [{"l": "Nuclear", "v": 0.0005572218150601628}, {"l": "Hydroelectric", "v": 0.0042676614100529498}, {"l": "Renewable", "v": 5.5518437200103831e-05}]}, {"source": 19, "prod": 0, "target": 4, "value": 0.048050291054758748, "supply": [{"l": "Gas-Diesel oil", "v": 0.048050291054758748}]}, {"source": 19, "prod": 0, "target": 5, "value": 0.0066850385244840898, "supply": [{"l": "Gas-Diesel oil", "v": 0.0066850385244840898}]}, {"source": 19, "prod": 0, "target": 2, "value": 0.01388406821853936, "supply": [{"l": "Gas-Diesel oil", "v": 0.01388406821853936}]}, {"source": 19, "prod": 0, "target": 3, "value": 0.0070287504108844509, "supply": [{"l": "Gas-Diesel oil", "v": 0.0070287504108844509}]}, {"source": 21, "prod": 42.562441989717939, "target": 4, "value": 0.4315098721942035, "supply": [{"l": "Potash", "v": 0.059473675973504871}, {"l": "Phosphate", "v": 0.054750416710466994}, {"l": "Nitrogen", "v": 0.56512502360024808}]}, {"source": 21, "prod": 5.9215367514242052, "target": 5, "value": 0.060034186182682213, "supply": [{"l": "Potash", "v": 0.059473675973504871}, {"l": "Phosphate", "v": 0.054750416710466994}, {"l": "Nitrogen", "v": 0.56512502360024808}]}, {"source": 21, "prod": 12.298361470056969, "target": 2, "value": 0.12468420837846686, "supply": [{"l": "Potash", "v": 0.059473675973504871}, {"l": "Phosphate", "v": 0.054750416710466994}, {"l": "Nitrogen", "v": 0.56512502360024808}]}, {"source": 21, "prod": 6.2259931221342235, "target": 3, "value": 0.06312084952886729, "supply": [{"l": "Potash", "v": 0.059473675973504871}, {"l": "Phosphate", "v": 0.054750416710466994}, {"l": "Nitrogen", "v": 0.56512502360024808}]}, {"source": 19, "prod": 0, "target": 21, "value": 0.85996418372170491, "supply": [{"l": "Natural gas (including LNG)", "v": 0.56531322360395886}, {"l": "Fuel oil", "v": 0.19475313920861409}, {"l": "Liquefied petroleum gas (LPG)", "v": 0.049948910454566002}, {"l": "Coal", "v": 0.049948910454566002}]}, {"source": 22, "prod": 0, "target": 2, "value": 1.0345630786328368, "supply": "[{\"l\":'Labor',\"v\":1.0345630786328368}]"}, {"source": 22, "prod": 0, "target": 3, "value": 0.52374315291224016, "supply": "[{\"l\":'Labor',\"v\":0.52374315291224016}]"}, {"source": 22, "prod": 0, "target": 4, "value": 3.5804388353865924, "supply": "[{\"l\":'Labor',\"v\":3.5804388353865924}]"}, {"source": 22, "prod": 0, "target": 5, "value": 0.49813166629607408, "supply": "[{\"l\":'Labor',\"v\":0.49813166629607408}]"}, {"source": 19, "prod": 0, "target": 14, "value": 2.0023201701179598, "supply": "[{\"l\":'Fossil Fuels',\"v\":2.0023201701179598}]"}, {"source": 20, "prod": 0, "target": 14, "value": 0.11308031835942109, "supply": "[{\"l\":'Renewables & Nuclear',\"v\":0.05885168230635509},{\"l\":'Biomass & Waste',\"v\":0.054228636053066}]"}]}