{"nodes": [{"layer": 3, "name": "Cereals", "fill": "#e7ba52"}, {"layer": 5, "name": "Production", "fill": "#b5cf6b"}, {"layer": 3, "name": "Oilcrops", "fill": "#ff9896"}, {"layer": 3, "name": "Sugar Crops", "fill": "#ffbb78"}, {"layer": 3, "name": "Starchy Roots"}, {"layer": 3, "name": "Fruits & Vegetables"}, {"layer": 3, "name": "Others"}, {"layer": 1, "name": "Electricity", "fill": "#bcbd22"}, {"layer": 0, "name": "Fossil Fuels", "fill": "#c49c94"}, {"layer": 0, "name": "Renewables & Nuclear", "fill": "#2ca02c"}, {"layer": 1, "name": "Fertilizers", "fill": "#c5b0d5"}, {"layer": 0, "name": "Labor", "fill": "#7f7f7f"}], "links": [{"source": 0, "prod": 1767.0, "target": 1, "value": 6.4678895892353205, "supply": [{"l": "Maize", "v": 3.2127549922489789}, {"l": "Rice", "v": 0.36659892816933892}, {"l": "Cereals, Other", "v": 0.17083603625871951}, {"l": "Wheat", "v": 0.035038232737238099}, {"l": "Sorghum", "v": 1.695998885270686}, {"l": "Millet", "v": 0.98666251455035947}]}, {"source": 2, "prod": 1276.0515463917527, "target": 1, "value": 6.1444582258766118, "supply": [{"l": "Sunflower seed", "v": 0.048519910456371024}, {"l": "Coconuts - Incl Copra", "v": 0.03329424830235294}, {"l": "Sesame seed", "v": 0.19189801333171233}, {"l": "Groundnuts", "v": 1.6721086838055041}, {"l": "Oilcrops, Other", "v": 0.40843944066048649}, {"l": "Cottonseed", "v": 0.75475416265466022}, {"l": "Palm kernels", "v": 0.33963937319459708}, {"l": "Oil Palm", "v": 2.6958043934709277}]}, {"source": 3, "prod": 2026.0, "target": 1, "value": 0.68324955314576374, "supply": [{"l": "Sugar cane", "v": 0.68324955314576374}]}, {"source": 4, "prod": 5919.0, "target": 1, "value": 6.9330669229806698, "supply": [{"l": "Roots, Other", "v": 0.43413966463146203}, {"l": "Yams", "v": 0.76830649914220972}, {"l": "Potatoes", "v": 0.16683471583820964}, {"l": "Sweet potatoes", "v": 0.39825156284276503}, {"l": "Cassava", "v": 5.1655344805260235}]}, {"source": 5, "prod": 3869.0, "target": 1, "value": 3.5056902947280082, "supply": [{"l": "Plantains", "v": 1.3445519220739257}, {"l": "Citrus, Other", "v": 0.026097767784081714}, {"l": "Tomatoes", "v": 0.012987037265883563}, {"l": "Treenuts", "v": 0.12396951303730087}, {"l": "Vegetables, Other", "v": 0.19443633244154135}, {"l": "Peas", "v": 0.011577318159681819}, {"l": "Dates", "v": 0.051768495835975613}, {"l": "Pineapples", "v": 0.040567296293401209}, {"l": "Beans", "v": 0.66950816365643262}, {"l": "Pulses, Other", "v": 0.13657879684030436}, {"l": "Lemons, Limes", "v": 0.00063270056393445473}, {"l": "Bananas", "v": 0.72943450073683469}, {"l": "Fruits, Other", "v": 0.1446813089578706}, {"l": "Grapefruit", "v": 0.0018981016918033641}, {"l": "Oranges, Mandarines", "v": 0.0053480524832125982}, {"l": "Onions", "v": 0.011652986905823528}]}, {"source": 6, "prod": 325.0, "target": 1, "value": 0.64107823873507319, "supply": [{"l": "Nuts", "v": 0.12396951303730087}, {"l": "Coffee", "v": 0.063296230533736619}, {"l": "Cocoa Beans", "v": 0.41035161032650003}, {"l": "Pimento", "v": 0.036385857073285718}, {"l": "Tea", "v": 0.0070750277642500003}]}, {"source": 7, "prod": 0, "target": 0, "value": 0.0010936557760059509, "supply": "[{\"l\":'Energy for power irrigation',\"v\":0.0010936557760059509}]"}, {"source": 7, "prod": 0, "target": 2, "value": 0.00062963892675682771, "supply": "[{\"l\":'Energy for power irrigation',\"v\":0.00062963892675682771}]"}, {"source": 7, "prod": 0, "target": 3, "value": 0.0009956394564582477, "supply": "[{\"l\":'Energy for power irrigation',\"v\":0.0009956394564582477}]"}, {"source": 7, "prod": 0, "target": 4, "value": 0.0029223111211515705, "supply": "[{\"l\":'Energy for power irrigation',\"v\":0.0029223111211515705}]"}, {"source": 7, "prod": 0, "target": 5, "value": 0.0019124236783931556, "supply": "[{\"l\":'Energy for power irrigation',\"v\":0.0019124236783931556}]"}, {"source": 7, "prod": 0, "target": 6, "value": 0.00016188660296224654, "supply": "[{\"l\":'Energy for power irrigation',\"v\":0.00016188660296224654}]"}, {"source": 8, "prod": 0, "target": 7, "value": 0.012745338700342803, "supply": [{"l": "Coal", "v": 0.0079483326388483776}, {"l": "Natural gas", "v": 0.0016978187604570906}, {"l": "Oil", "v": 0.0030991873010373337}]}, {"source": 9, "prod": 0, "target": 7, "value": 0.0026683368201090634, "supply": [{"l": "Nuclear", "v": 0.00088537752664095959}, {"l": "Hydroelectric", "v": 0.0017387196047466932}, {"l": "Renewable", "v": 4.4239688721410483e-05}]}, {"source": 8, "prod": 0, "target": 0, "value": 0.010722887492761879, "supply": [{"l": "Gas-Diesel oil", "v": 0.010722887492761879}]}, {"source": 8, "prod": 0, "target": 2, "value": 0.006173375133932511, "supply": [{"l": "Gas-Diesel oil", "v": 0.006173375133932511}]}, {"source": 8, "prod": 0, "target": 3, "value": 0.0097618739910520867, "supply": [{"l": "Gas-Diesel oil", "v": 0.0097618739910520867}]}, {"source": 8, "prod": 0, "target": 4, "value": 0.028652171970776123, "supply": [{"l": "Gas-Diesel oil", "v": 0.028652171970776123}]}, {"source": 8, "prod": 0, "target": 5, "value": 0.018750601781480511, "supply": [{"l": "Gas-Diesel oil", "v": 0.018750601781480511}]}, {"source": 8, "prod": 0, "target": 6, "value": 0.0015872378386635395, "supply": [{"l": "Gas-Diesel oil", "v": 0.0015872378386635395}]}, {"source": 10, "prod": 9.4982208609899743, "target": 0, "value": 0.096295604251001837, "supply": [{"l": "Potash", "v": 0.059473675973504871}, {"l": "Phosphate", "v": 0.054750416710466994}, {"l": "Nitrogen", "v": 0.56512502360024808}]}, {"source": 10, "prod": 5.4683107063666245, "target": 2, "value": 0.055439254509703335, "supply": [{"l": "Potash", "v": 0.059473675973504871}, {"l": "Phosphate", "v": 0.054750416710466994}, {"l": "Nitrogen", "v": 0.56512502360024808}]}, {"source": 10, "prod": 8.6469652177880416, "target": 3, "value": 0.087665337832279963, "supply": [{"l": "Potash", "v": 0.059473675973504871}, {"l": "Phosphate", "v": 0.054750416710466994}, {"l": "Nitrogen", "v": 0.56512502360024808}]}, {"source": 10, "prod": 25.379792309599445, "target": 4, "value": 0.25730739177221873, "supply": [{"l": "Potash", "v": 0.059473675973504871}, {"l": "Phosphate", "v": 0.054750416710466994}, {"l": "Nitrogen", "v": 0.56512502360024808}]}, {"source": 10, "prod": 16.609085669992577, "target": 5, "value": 0.1683875289968664, "supply": [{"l": "Potash", "v": 0.059473675973504871}, {"l": "Phosphate", "v": 0.054750416710466994}, {"l": "Nitrogen", "v": 0.56512502360024808}]}, {"source": 10, "prod": 1.405958568596674, "target": 6, "value": 0.014253998922149642, "supply": [{"l": "Potash", "v": 0.059473675973504871}, {"l": "Phosphate", "v": 0.054750416710466994}, {"l": "Nitrogen", "v": 0.56512502360024808}]}, {"source": 8, "prod": 0, "target": 10, "value": 0.85996418372170491, "supply": [{"l": "Natural gas (including LNG)", "v": 0.56531322360395886}, {"l": "Fuel oil", "v": 0.19475313920861409}, {"l": "Liquefied petroleum gas (LPG)", "v": 0.049948910454566002}, {"l": "Coal", "v": 0.049948910454566002}]}, {"source": 11, "prod": 0, "target": 0, "value": 1.2033508099203445, "supply": "[{\"l\":'Labor',\"v\":1.2033508099203445}]"}, {"source": 11, "prod": 0, "target": 2, "value": 0.69279249384779218, "supply": "[{\"l\":'Labor',\"v\":0.69279249384779218}]"}, {"source": 11, "prod": 0, "target": 3, "value": 1.0955033316727663, "supply": "[{\"l\":'Labor',\"v\":1.0955033316727663}]"}, {"source": 11, "prod": 0, "target": 4, "value": 3.215422559481675, "supply": "[{\"l\":'Labor',\"v\":3.215422559481675}]"}, {"source": 11, "prod": 0, "target": 5, "value": 2.1042421507704137, "supply": "[{\"l\":'Labor',\"v\":2.1042421507704137}]"}, {"source": 11, "prod": 0, "target": 6, "value": 0.17812403048910758, "supply": "[{\"l\":'Labor',\"v\":0.17812403048910758}]"}]}