{"nodes": [{"layer": 13, "name": "Other Processed", "fill": "#9c9ede"}, {"layer": 10, "name": "Feed", "fill": "#dbdb8d"}, {"layer": 13, "name": "Animal Products", "fill": "#17becf"}, {"layer": 5, "name": "Cereals", "fill": "#e7ba52"}, {"layer": 5, "name": "Oilcrops", "fill": "#ff9896"}, {"layer": 5, "name": "Fruits, Roots & Vegetables", "fill": "#98df8a"}, {"layer": 5, "name": "Sugar Crops", "fill": "#ffbb78"}, {"layer": 13, "name": "Aquatic Products", "fill": "#1f77b4"}, {"layer": 16, "name": "Food", "fill": "#b5cf6b"}, {"layer": 13, "name": "Sugar", "fill": "#d6616b"}, {"layer": 13, "name": "Vegetable Oils", "fill": "#f7b6d2"}, {"layer": 10, "name": "Processing", "fill": "#9edae5"}, {"layer": 16, "name": "Biofuels & Other", "fill": "#e7ba52"}, {"name": "Waste", "fill": "#c7c7c7"}, {"layer": 2, "name": "Import", "fill": "#aec7e8"}, {"layer": 16, "name": "Export", "fill": "#aec7e8"}, {"layer": 0, "name": "Stock Draw", "fill": "#c7c7c7"}, {"layer": 16, "name": "Stock Deposit", "fill": "#c7c7c7"}, {"layer": 2, "name": "Electricity", "fill": "#bcbd22"}, {"layer": 0, "name": "Fossil Fuels", "fill": "#c49c94"}, {"layer": 0, "name": "Renewables & Nuclear", "fill": "#2ca02c"}, {"layer": 2, "name": "Fertilizers", "fill": "#c5b0d5"}, {"layer": 0, "name": "Labor", "fill": "#7f7f7f"}], "links": [{"source": 0, "prod": 2.0, "target": 1, "value": 0.017776007257678125, "supply": [{"l": "Fish, Body Oil", "v": 0.017776007257678125}]}, {"source": 2, "prod": 6.0, "target": 1, "value": 0.0039124577498156681, "supply": [{"l": "Milk - Excluding Butter", "v": 0.0039124577498156681}]}, {"source": 3, "prod": 46.0, "target": 1, "value": 0.17098769905592115, "supply": [{"l": "Maize", "v": 0.13247209758120071}, {"l": "Millet", "v": 0.017467026151140902}, {"l": "Sorghum", "v": 0.021048575323579524}]}, {"source": 4, "prod": 3.0, "target": 1, "value": 0.014150055528500001, "supply": [{"l": "Oilcrops, Other", "v": 0.014150055528500001}]}, {"source": 5, "prod": 239.0, "target": 1, "value": 0.26847480186819767, "supply": [{"l": "Plantains", "v": 0.01645355294011628}, {"l": "Roots, Other", "v": 0.070933793721026636}, {"l": "Yams", "v": 0.0094276773104791795}, {"l": "Sweet potatoes", "v": 0.0044233787030268914}, {"l": "Cassava", "v": 0.16723639919354866}]}, {"source": 6, "prod": 5.0, "target": 1, "value": 0.0015993065990231431, "supply": [{"l": "Sugar cane", "v": 0.0015993065990231431}]}, {"source": 7, "prod": 40.0, "target": 1, "value": 0.033926096822870441, "supply": [{"l": "Pelagic Fish", "v": 0.017626366748304499}, {"l": "Fish, Seafood", "v": 0.016299730074565942}]}, {"source": 0, "prod": 891.0, "target": 8, "value": 0.5701826709352138, "supply": [{"l": "Beer", "v": 0.22490331392924226}, {"l": "Beverages, Alcoholic", "v": 0.020214365040714291}, {"l": "Fats, Animals, Raw", "v": 0.074287791524625002}, {"l": "Butter, Ghee", "v": 0.025470099951300004}, {"l": "Wine", "v": 0.043123978753523813}, {"l": "Beverages, Fermented", "v": 0.18218312173580842}]}, {"source": 2, "prod": 1084.0, "target": 8, "value": 1.2651625290688644, "supply": [{"l": "Mutton & Goat Meat", "v": 0.086921769675071439}, {"l": "Pigmeat", "v": 0.15918812469562502}, {"l": "Meat, Other", "v": 0.10738881427879467}, {"l": "Poultry Meat", "v": 0.043618519794275237}, {"l": "Milk - Excluding Butter", "v": 0.42906619989645167}, {"l": "Offals, Edible", "v": 0.04332844589416552}, {"l": "Bovine Meat", "v": 0.37406582436727726}, {"l": "Eggs", "v": 0.02158483046720339}]}, {"source": 3, "prod": 2137.0, "target": 8, "value": 7.6878312692703705, "supply": [{"l": "Maize", "v": 2.8841068101964269}, {"l": "Barley", "v": 0.043282522793058817}, {"l": "Rice", "v": 0.74088026034810894}, {"l": "Cereals, Other", "v": 0.085724608250330084}, {"l": "Wheat", "v": 1.1669072764831374}, {"l": "Sorghum", "v": 1.7049346012099411}, {"l": "Millet", "v": 1.0619951899893667}]}, {"source": 4, "prod": 214.0, "target": 8, "value": 1.1745504559439464, "supply": [{"l": "Coconuts - Incl Copra", "v": 0.010805496949036365}, {"l": "Sesame seed", "v": 0.15187726267256665}, {"l": "Groundnuts", "v": 0.69917921434941177}, {"l": "Oilcrops, Other", "v": 0.26885105504150003}, {"l": "Palm kernels", "v": 0.043837426931431375}]}, {"source": 5, "prod": 7584.0, "target": 8, "value": 8.3159603370469846, "supply": [{"l": "Roots, Other", "v": 0.36452088439972014}, {"l": "Plantains", "v": 0.80416739994818331}, {"l": "Nuts", "v": 0.116737958110125}, {"l": "Yams", "v": 0.49259613947253711}, {"l": "Citrus, Other", "v": 0.021519876116260418}, {"l": "Tomatoes", "v": 0.010677649263837423}, {"l": "Coffee", "v": 0.0029530550668173915}, {"l": "Treenuts", "v": 0.116737958110125}, {"l": "Apples", "v": 0.00056019281417815257}, {"l": "Vegetables, Other", "v": 0.17166954160048115}, {"l": "Peas", "v": 0.011577318159681819}, {"l": "Dates", "v": 0.043881071077146068}, {"l": "Cocoa Beans", "v": 0.0074912058680294122}, {"l": "Potatoes", "v": 0.075358220797314135}, {"l": "Pimento", "v": 0.030161960468644736}, {"l": "Pineapples", "v": 0.032073459197933335}, {"l": "Beans", "v": 0.69864641165609531}, {"l": "Pulses, Other", "v": 0.085833303865186825}, {"l": "Lemons, Limes", "v": 0.00063027653987666294}, {"l": "Bananas", "v": 0.49327124123028648}, {"l": "Infant food", "v": 0.020214365040714291}, {"l": "Tea", "v": 0.00092282970838043483}, {"l": "Fruits, Other", "v": 0.11771426122454662}, {"l": "Sweet potatoes", "v": 0.33285924740277362}, {"l": "Grapefruit", "v": 0.0018908296196299889}, {"l": "Oranges, Mandarines", "v": 0.0047060139427364265}, {"l": "Onions", "v": 0.010708150129675676}, {"l": "Cassava", "v": 4.2458795162160667}]}, {"source": 6, "prod": 235.0, "target": 8, "value": 0.075167410154087733, "supply": [{"l": "Sugar cane", "v": 0.075167410154087733}]}, {"source": 9, "prod": 240.0, "target": 8, "value": 0.91162981276672617, "supply": [{"l": "Sugar", "v": 0.8061286634586452}, {"l": "Sweeteners, Other", "v": 0.009988274490705884}, {"l": "Honey", "v": 0.095512874817374999}]}, {"source": 7, "prod": 605.0, "target": 8, "value": 0.49363802384979127, "supply": [{"l": "Freshwater Fish", "v": 0.053672624418448285}, {"l": "Crustaceans", "v": 0.00081498650372829721}, {"l": "Marine Fish, Other", "v": 0.032048470137397353}, {"l": "Demersal Fish", "v": 0.032303541401648782}, {"l": "Fish, Seafood", "v": 0.24612592412594572}, {"l": "Pelagic Fish", "v": 0.12867247726262285}]}, {"source": 10, "prod": 195.0, "target": 8, "value": 2.0087495868679182, "supply": [{"l": "Groundnut Oil", "v": 0.49331562010938945}, {"l": "Soyabean Oil", "v": 0.28352037866278901}, {"l": "Palm Oil", "v": 0.77182121064545439}, {"l": "Sunflowerseed Oil", "v": 0.029388576866884623}, {"l": "Olive Oil", "v": 0.0424501665855}, {"l": "Coconut Oil", "v": 0.014150055528500001}, {"l": "Rape and Mustard Oil", "v": 0.0424501665855}, {"l": "Oilcrops Oil, Other", "v": 0.10107182520357144}, {"l": "Sesameseed Oil", "v": 0.034731954479045458}, {"l": "Cottonseed Oil", "v": 0.13796304140287499}, {"l": "Palmkernel Oil", "v": 0.05788659079840909}]}, {"source": 5, "prod": 335.0, "target": 11, "value": 0.34449626468368466, "supply": [{"l": "Plantains", "v": 0.34449626468368466}]}, {"source": 6, "prod": 1469.0, "target": 11, "value": 0.46987627879299948, "supply": [{"l": "Sugar cane", "v": 0.46987627879299948}]}, {"source": 10, "prod": 1.0, "target": 11, "value": 0.010107182520357146, "supply": [{"l": "Oilcrops Oil, Other", "v": 0.010107182520357146}]}, {"source": 3, "prod": 149.0, "target": 11, "value": 0.51041804664994306, "supply": [{"l": "Maize", "v": 0.02270950244249155}, {"l": "Millet", "v": 0.02096043138136908}, {"l": "Barley", "v": 0.30297765955141176}, {"l": "Rice", "v": 0.012922330122350736}, {"l": "Sorghum", "v": 0.15084812315231991}]}, {"source": 4, "prod": 922.39393939393938, "target": 11, "value": 4.2939352417848475, "supply": [{"l": "Sunflower seed", "v": 0.054796783664289216}, {"l": "Coconuts - Incl Copra", "v": 0.0069463908958090903}, {"l": "Cottonseed", "v": 0.42741491258145586}, {"l": "Sesame seed", "v": 0.039620155479800002}, {"l": "Groundnuts", "v": 0.74287791524625002}, {"l": "Palm kernels", "v": 0.21370745629072793}, {"l": "Oilcrops, Other", "v": 0.0094333703523333326}, {"l": "Oil Palm", "v": 2.7991382572741816}]}, {"source": 7, "prod": 104.0, "target": 12, "value": 0.084666820462951903, "supply": [{"l": "Fish, Seafood", "v": 0.042379298193871449}, {"l": "Freshwater Fish", "v": 0.04228752226908046}]}, {"source": 0, "prod": 23.0, "target": 12, "value": 0.10780943733814617, "supply": [{"l": "Beverages, Fermented", "v": 0.0056637239917867897}, {"l": "Fats, Animals, Raw", "v": 0.10214571334635938}]}, {"source": 10, "prod": 77.0, "target": 12, "value": 0.78349041228259408, "supply": [{"l": "Palm Oil", "v": 0.62774791799163632}, {"l": "Palmkernel Oil", "v": 0.12542094672988635}, {"l": "Oilcrops Oil, Other", "v": 0.030321547561071433}]}, {"source": 4, "prod": 58.0, "target": 12, "value": 0.31782134525287747, "supply": [{"l": "Cottonseed", "v": 0.31782134525287747}]}, {"source": 5, "prod": 103.0, "target": 5, "value": 0.16929014112150889, "supply": [{"l": "Potatoes", "v": 0.014557838108572047}, {"l": "Roots, Other", "v": 0.0049259578972935154}, {"l": "Yams", "v": 0.071886039492403742}, {"l": "Beans", "v": 0.066724657292997855}, {"l": "Pulses, Other", "v": 0.011195648330241758}]}, {"source": 6, "prod": 20.0, "target": 6, "value": 0.0063972263960925726, "supply": [{"l": "Sugar cane", "v": 0.0063972263960925726}]}, {"source": 2, "prod": 2.0, "target": 2, "value": 0.0028779773956271186, "supply": [{"l": "Eggs", "v": 0.0028779773956271186}]}, {"source": 3, "prod": 74.0, "target": 3, "value": 0.26978859783219822, "supply": [{"l": "Maize", "v": 0.11733242928620634}, {"l": "Wheat", "v": 0.0031200729317730947}, {"l": "Cereals, Other", "v": 0.0032971003173203881}, {"l": "Millet", "v": 0.045414267992966335}, {"l": "Rice", "v": 0.012922330122350736}, {"l": "Sorghum", "v": 0.087702397181581362}]}, {"source": 4, "prod": 65.0, "target": 4, "value": 0.37637760445464069, "supply": [{"l": "Cottonseed", "v": 0.093154532229291681}, {"l": "Sesame seed", "v": 0.0066033592466333332}, {"l": "Groundnuts", "v": 0.22473617604088236}, {"l": "Oilcrops, Other", "v": 0.051883536937833333}]}, {"source": 0, "prod": 7.0, "target": 13, "value": 0.0033038389952089607, "supply": [{"l": "Beverages, Fermented", "v": 0.0033038389952089607}]}, {"source": 2, "prod": 24.0, "target": 13, "value": 0.017223655811617902, "supply": [{"l": "Milk - Excluding Butter", "v": 0.014345678415990784}, {"l": "Eggs", "v": 0.0028779773956271186}]}, {"source": 3, "prod": 191.0, "target": 13, "value": 0.69171622693167389, "supply": [{"l": "Maize", "v": 0.31793303419488167}, {"l": "Rice", "v": 0.030152103618818385}, {"l": "Sorghum", "v": 0.16137241081410966}, {"l": "Cereals, Other", "v": 0.013188401269281553}, {"l": "Wheat", "v": 0.046801093976596417}, {"l": "Millet", "v": 0.12226918305798629}]}, {"source": 4, "prod": 53.0, "target": 13, "value": 0.29887515236476198, "supply": [{"l": "Cottonseed", "v": 0.0054796783664289219}, {"l": "Oilcrops, Other", "v": 0.0424501665855}, {"l": "Coconuts - Incl Copra", "v": 0.0015436424212909091}, {"l": "Sesame seed", "v": 0.019810077739900001}, {"l": "Groundnuts", "v": 0.17479480358735294}, {"l": "Palm kernels", "v": 0.054796783664289216}]}, {"source": 5, "prod": 939.0, "target": 13, "value": 1.0289047726441112, "supply": [{"l": "Dates", "v": 0.0057236179665842704}, {"l": "Vegetables, Other", "v": 0.0093443762924056619}, {"l": "Cocoa Beans", "v": 0.002497068622676471}, {"l": "Potatoes", "v": 0.010276121017815564}, {"l": "Pimento", "v": 0.0033513289409605267}, {"l": "Fruits, Other", "v": 0.016736624818655912}, {"l": "Yams", "v": 0.11902442604479965}, {"l": "Plantains", "v": 0.15116701763731835}, {"l": "Citrus, Other", "v": 0.0023583425880833336}, {"l": "Beans", "v": 0.078499596815291617}, {"l": "Pulses, Other", "v": 0.0074637655534945061}, {"l": "Tomatoes", "v": 0.0013021523492484663}, {"l": "Coffee", "v": 0.0011073956500565218}, {"l": "Pineapples", "v": 0.0037733481409333329}, {"l": "Bananas", "v": 0.063942568307629732}, {"l": "Roots, Other", "v": 0.035466896860513318}, {"l": "Sweet potatoes", "v": 0.039810408327242024}, {"l": "Oranges, Mandarines", "v": 0.00067228770610520364}, {"l": "Onions", "v": 0.0011473017996081081}, {"l": "Cassava", "v": 0.47524012720468867}]}, {"source": 6, "prod": 76.0, "target": 13, "value": 0.02430946030515178, "supply": [{"l": "Sugar cane", "v": 0.02430946030515178}]}, {"source": 10, "prod": 2.0, "target": 13, "value": 0.020581898950545453, "supply": [{"l": "Palm Oil", "v": 0.020581898950545453}]}, {"source": 14, "prod": 230.0, "target": 11, "value": 1.0691790800746226, "supply": [{"l": "Olive Oil", "v": 0.0424501665855}, {"l": "Fats, Animals, Raw", "v": 0.10214571334635938}, {"l": "Rape and Mustard Oil", "v": 0.0424501665855}, {"l": "Beer", "v": 0.0025499241942090961}, {"l": "Oilcrops Oil, Other", "v": 0.11117900772392859}, {"l": "Sugar", "v": 0.43171819417453505}, {"l": "Butter, Ghee", "v": 0.0169800666342}, {"l": "Wine", "v": 0.043123978753523813}, {"l": "Sweeteners, Other", "v": 0.009988274490705884}, {"l": "Soyabean Oil", "v": 0.17213737275955046}, {"l": "Palm Oil", "v": 0.082327595802181811}, {"l": "Beverages, Alcoholic", "v": 0.012128619024428572}]}, {"source": 14, "prod": 798.0, "target": 3, "value": 2.7418522881312883, "supply": [{"l": "Maize", "v": 0.49960905373481412}, {"l": "Barley", "v": 0.32628363336305882}, {"l": "Sorghum", "v": 0.010524287661789762}, {"l": "Cereals, Other", "v": 0.0032971003173203881}, {"l": "Rice", "v": 0.51258576151991253}, {"l": "Wheat", "v": 1.379072235843708}, {"l": "Millet", "v": 0.01048021569068454}]}, {"source": 14, "prod": 11.0, "target": 4, "value": 0.067906393933340692, "supply": [{"l": "Cottonseed", "v": 0.0054796783664289219}, {"l": "Groundnuts", "v": 0.062426715566911775}]}, {"source": 14, "prod": 405.0, "target": 1, "value": 0.34283436598880251, "supply": [{"l": "Pigmeat", "v": 0.011939109352171875}, {"l": "Eggs", "v": 0.0014389886978135593}, {"l": "Milk - Excluding Butter", "v": 0.17019191211698156}, {"l": "Pelagic Fish", "v": 0.022032958435380626}, {"l": "Fish, Seafood", "v": 0.042379298193871449}, {"l": "Marine Fish, Other", "v": 0.016867615861788081}, {"l": "Bovine Meat", "v": 0.069349282045618812}, {"l": "Poultry Meat", "v": 0.0031156085567339451}, {"l": "Offals, Edible", "v": 0.0011710390782206897}, {"l": "Demersal Fish", "v": 0.0043485536502219516}]}, {"source": 14, "prod": 110.0, "target": 5, "value": 0.25971756578386263, "supply": [{"l": "Potatoes", "v": 0.029115676217144094}, {"l": "Nuts", "v": 0.004025446831383621}, {"l": "Coffee", "v": 0.00036913188335217393}, {"l": "Beans", "v": 0.19232401219746442}, {"l": "Apples", "v": 0.00056019281417815257}, {"l": "Vegetables, Other", "v": 0.0034707683371792454}, {"l": "Treenuts", "v": 0.004025446831383621}, {"l": "Infant food", "v": 0.020214365040714291}, {"l": "Onions", "v": 0.00076486786640540534}, {"l": "Fruits, Other", "v": 0.0011157749879103945}, {"l": "Pulses, Other", "v": 0.0037318827767472531}]}, {"source": 0, "prod": 3.0, "target": 15, "value": 0.0015299545165254576, "supply": [{"l": "Beer", "v": 0.0015299545165254576}]}, {"source": 2, "prod": 4.0, "target": 15, "value": 0.0058916868404557121, "supply": [{"l": "Bovine Meat", "v": 0.0021014933953217825}, {"l": "Meat, Other", "v": 0.0037901934451339291}]}, {"source": 3, "prod": 2.0, "target": 15, "value": 0.0074275163058900064, "supply": [{"l": "Wheat", "v": 0.0031200729317730947}, {"l": "Rice", "v": 0.0043074433741169121}]}, {"source": 4, "prod": 30.0, "target": 15, "value": 0.070593895567140463, "supply": [{"l": "Coconuts - Incl Copra", "v": 0.01543642421290909}, {"l": "Sesame seed", "v": 0.0066033592466333332}, {"l": "Oilcrops, Other", "v": 0.0047166851761666663}, {"l": "Palm kernels", "v": 0.043837426931431375}]}, {"source": 5, "prod": 389.0, "target": 15, "value": 0.40799845805459434, "supply": [{"l": "Coffee", "v": 0.057953705686291303}, {"l": "Pineapples", "v": 0.0028300111056999999}, {"l": "Bananas", "v": 0.085022535881573588}, {"l": "Cocoa Beans", "v": 0.26219220538102944}]}, {"source": 9, "prod": 9.0, "target": 15, "value": 0.034384634934255004, "supply": [{"l": "Sugar", "v": 0.034384634934255004}]}, {"source": 7, "prod": 12.0, "target": 15, "value": 0.0098391101919041088, "supply": [{"l": "Freshwater Fish", "v": 0.003252886328390805}, {"l": "Crustaceans", "v": 0.00081498650372829721}, {"l": "Pelagic Fish", "v": 0.00088131833741522507}, {"l": "Fish, Seafood", "v": 0.0048899190223697826}]}, {"source": 10, "prod": 12.0, "target": 15, "value": 0.12238879197377922, "supply": [{"l": "Palm Oil", "v": 0.061745696851636361}, {"l": "Oilcrops Oil, Other", "v": 0.060643095122142866}]}, {"source": 16, "prod": 98.0, "target": 5, "value": 0.069469922548599267, "supply": [{"l": "Coffee", "v": 0.011073956500565219}, {"l": "Pineapples", "v": 0.0018866740704666664}, {"l": "Potatoes", "v": 0.0034253736726051879}, {"l": "Roots, Other", "v": 0.049259578972935161}, {"l": "Onions", "v": 0.0038243393320270274}]}, {"source": 16, "prod": 19.0, "target": 4, "value": 0.10973229336317156, "supply": [{"l": "Cottonseed", "v": 0.021918713465715688}, {"l": "Sesame seed", "v": 0.033016796233166661}, {"l": "Palm kernels", "v": 0.054796783664289216}]}, {"source": 3, "prod": 97.0, "target": 17, "value": 0.3175370255963253, "supply": [{"l": "Maize", "v": 0.011354751221245775}, {"l": "Wheat", "v": 0.20592481349702429}, {"l": "Millet", "v": 0.087335130755704496}, {"l": "Rice", "v": 0.012922330122350736}]}, {"source": 5, "prod": 41.0, "target": 17, "value": 0.11508468679632038, "supply": [{"l": "Tea", "v": 0.00092282970838043483}, {"l": "Cocoa Beans", "v": 0.07491205868029413}, {"l": "Beans", "v": 0.039249798407645808}]}, {"source": 10, "prod": 2.0, "target": 17, "value": 0.020214365040714291, "supply": [{"l": "Oilcrops Oil, Other", "v": 0.020214365040714291}]}, {"source": 4, "prod": 5.0, "target": 17, "value": 0.031213357783455888, "supply": [{"l": "Groundnuts", "v": 0.031213357783455888}]}, {"source": 16, "prod": 11.0, "target": 11, "value": 0.11138300590323855, "supply": [{"l": "Soyabean Oil", "v": 0.11138300590323855}]}, {"source": 9, "prod": 27.0, "target": 17, "value": 0.10315390480276503, "supply": [{"l": "Sugar", "v": 0.10315390480276503}]}, {"source": 16, "prod": 25.0, "target": 3, "value": 0.086630370839413579, "supply": [{"l": "Barley", "v": 0.019976548981411761}, {"l": "Sorghum", "v": 0.06665382185800181}]}, {"source": 1, "prod": 761.0, "target": 7, "value": 0.62207005132751769, "supply": [{"l": "Pelagic Fish", "v": 0.14718016234834258}, {"l": "Crustaceans", "v": 0.0016299730074565944}, {"l": "Freshwater Fish", "v": 0.099213033015919563}, {"l": "Demersal Fish", "v": 0.032303541401648782}, {"l": "Fish, Seafood", "v": 0.30969487141675289}, {"l": "Marine Fish, Other", "v": 0.032048470137397353}]}, {"source": 1, "prod": 1118.0, "target": 2, "value": 1.2921903294707537, "supply": [{"l": "Poultry Meat", "v": 0.043618519794275237}, {"l": "Pigmeat", "v": 0.15918812469562502}, {"l": "Bovine Meat", "v": 0.37616731776259904}, {"l": "Eggs", "v": 0.027340785258457626}, {"l": "Milk - Excluding Butter", "v": 0.44732433606225813}, {"l": "Offals, Edible", "v": 0.04332844589416552}, {"l": "Meat, Other", "v": 0.11117900772392859}, {"l": "Mutton & Goat Meat", "v": 0.086921769675071439}]}, {"source": 11, "prod": 926.0, "target": 0, "value": 0.70060190904277253, "supply": [{"l": "Fats, Animals, Raw", "v": 0.17643350487098439}, {"l": "Beverages, Fermented", "v": 0.19115068472280419}, {"l": "Fish, Body Oil", "v": 0.017776007257678125}, {"l": "Beer", "v": 0.22643326844576772}, {"l": "Beverages, Alcoholic", "v": 0.020214365040714291}, {"l": "Butter, Ghee", "v": 0.025470099951300004}, {"l": "Wine", "v": 0.043123978753523813}]}, {"source": 11, "prod": 289.0, "target": 10, "value": 2.9655322376359088, "supply": [{"l": "Olive Oil", "v": 0.0424501665855}, {"l": "Sesameseed Oil", "v": 0.034731954479045458}, {"l": "Soyabean Oil", "v": 0.28352037866278901}, {"l": "Coconut Oil", "v": 0.014150055528500001}, {"l": "Rape and Mustard Oil", "v": 0.0424501665855}, {"l": "Cottonseed Oil", "v": 0.13796304140287499}, {"l": "Groundnut Oil", "v": 0.49331562010938945}, {"l": "Palm Oil", "v": 1.4818967244392727}, {"l": "Palmkernel Oil", "v": 0.18330753752829543}, {"l": "Oilcrops Oil, Other", "v": 0.22235801544785716}, {"l": "Sunflowerseed Oil", "v": 0.029388576866884623}]}, {"source": 11, "prod": 276.0, "target": 9, "value": 1.0491683525037463, "supply": [{"l": "Honey", "v": 0.095512874817374999}, {"l": "Sweeteners, Other", "v": 0.009988274490705884}, {"l": "Sugar", "v": 0.94366720319566522}]}, {"source": 18, "prod": 0, "target": 5, "value": 0.0049160565821525469, "supply": "[{\"l\":'Energy for power irrigation',\"v\":0.0049160565821525469}]"}, {"source": 18, "prod": 0, "target": 6, "value": 0.00093155027355890476, "supply": "[{\"l\":'Energy for power irrigation',\"v\":0.00093155027355890476}]"}, {"source": 18, "prod": 0, "target": 3, "value": 0.0011787594597277224, "supply": "[{\"l\":'Energy for power irrigation',\"v\":0.0011787594597277224}]"}, {"source": 18, "prod": 0, "target": 4, "value": 0.0006891892462888244, "supply": "[{\"l\":'Energy for power irrigation',\"v\":0.0006891892462888244}]"}, {"source": 18, "prod": 0, "target": 11, "value": 0.010666666675199998, "supply": "[{\"l\":'Electricity',\"v\":0.010666666675199998}]"}, {"source": 19, "prod": 0, "target": 18, "value": 0.032012360038255014, "supply": [{"l": "Coal", "v": 0.017612275371013227}, {"l": "Natural gas", "v": 0.0043396496770458483}, {"l": "Oil", "v": 0.010060434990195943}]}, {"source": 20, "prod": 0, "target": 18, "value": 0.0057665581891347224, "supply": [{"l": "Nuclear", "v": 0.0016312075748656535}, {"l": "Hydroelectric", "v": 0.004069209773945078}, {"l": "Renewable", "v": 6.6140840323990934e-05}]}, {"source": 19, "prod": 0, "target": 5, "value": 0.048200103538050001, "supply": [{"l": "Gas-Diesel oil", "v": 0.048200103538050001}]}, {"source": 19, "prod": 0, "target": 6, "value": 0.0091335034261907783, "supply": [{"l": "Gas-Diesel oil", "v": 0.0091335034261907783}]}, {"source": 19, "prod": 0, "target": 3, "value": 0.011557297410204842, "supply": [{"l": "Gas-Diesel oil", "v": 0.011557297410204842}]}, {"source": 19, "prod": 0, "target": 4, "value": 0.0067572438342210234, "supply": [{"l": "Gas-Diesel oil", "v": 0.0067572438342210234}]}, {"source": 21, "prod": 42.695144310337668, "target": 5, "value": 0.43285524522106894, "supply": [{"l": "Potash", "v": 0.059473675973504871}, {"l": "Phosphate", "v": 0.054750416710466994}, {"l": "Nitrogen", "v": 0.56512502360024808}]}, {"source": 21, "prod": 8.0903611863061773, "target": 6, "value": 0.082022331386701952, "supply": [{"l": "Potash", "v": 0.059473675973504871}, {"l": "Phosphate", "v": 0.054750416710466994}, {"l": "Nitrogen", "v": 0.56512502360024808}]}, {"source": 21, "prod": 10.237332382007374, "target": 3, "value": 0.10378892237519517, "supply": [{"l": "Potash", "v": 0.059473675973504871}, {"l": "Phosphate", "v": 0.054750416710466994}, {"l": "Nitrogen", "v": 0.56512502360024808}]}, {"source": 21, "prod": 5.9854954546821224, "target": 4, "value": 0.060682617301253794, "supply": [{"l": "Potash", "v": 0.059473675973504871}, {"l": "Phosphate", "v": 0.054750416710466994}, {"l": "Nitrogen", "v": 0.56512502360024808}]}, {"source": 19, "prod": 0, "target": 21, "value": 0.85996418372170491, "supply": [{"l": "Natural gas (including LNG)", "v": 0.56531322360395886}, {"l": "Fuel oil", "v": 0.19475313920861409}, {"l": "Liquefied petroleum gas (LPG)", "v": 0.049948910454566002}, {"l": "Coal", "v": 0.049948910454566002}]}, {"source": 22, "prod": 0, "target": 3, "value": 1.2662079407982423, "supply": "[{\"l\":'Labor',\"v\":1.2662079407982423}]"}, {"source": 22, "prod": 0, "target": 4, "value": 0.74031804297480419, "supply": "[{\"l\":'Labor',\"v\":0.74031804297480419}]"}, {"source": 22, "prod": 0, "target": 5, "value": 5.2807634588763817, "supply": "[{\"l\":'Labor',\"v\":5.2807634588763817}]"}, {"source": 22, "prod": 0, "target": 6, "value": 1.0006590775572799, "supply": "[{\"l\":'Labor',\"v\":1.0006590775572799}]"}, {"source": 19, "prod": 0, "target": 14, "value": 5.5744319011093282, "supply": "[{\"l\":'Fossil Fuels',\"v\":5.5744319011093282}]"}, {"source": 20, "prod": 0, "target": 14, "value": 1.1070760793625984, "supply": "[{\"l\":'Renewables & Nuclear',\"v\":0.33197620955283158},{\"l\":'Biomass & Waste',\"v\":0.77509986980976686}]"}]}