{"nodes": [{"name": "Balance", "fill": "#9edae5"}, {"name": "Food", "fill": "#b5cf6b"}, {"name": "Stock Deposit", "fill": "#c7c7c7"}, {"name": "Export", "fill": "#aec7e8"}, {"name": "Biofuels & Other", "fill": "#e7ba52"}, {"name": "Crop Residue", "fill": "#bd9e39"}, {"name": "Renewables & Nuclear", "fill": "#2ca02c"}, {"name": "Fossil Fuels", "fill": "#c49c94"}, {"name": "Stock Draw", "fill": "#c7c7c7"}, {"name": "Labor", "fill": "#7f7f7f"}], "links": [{"source": 0, "target": 1, "value": 21.733553924578981}, {"source": 0, "target": 2, "value": 1.0210219251373118}, {"source": 0, "target": 3, "value": 0.72153840890472953}, {"source": 0, "target": 4, "value": 1.3606414122356965}, {"source": 0, "target": 5, "value": 53.61734093415528}, {"source": 6, "target": 0, "value": 1.1343674084233177}, {"source": 7, "target": 0, "value": 6.6548001258703451}, {"source": 8, "target": 0, "value": 0.39336598484676222}, {"source": 9, "target": 0, "value": 8.0482803779610581}]}