{"nodes": [{"layer": 5, "name": "Starchy Roots"}, {"layer": 10, "name": "Feed", "fill": "#dbdb8d"}, {"layer": 5, "name": "Sugar Crops", "fill": "#ffbb78"}, {"layer": 13, "name": "Animal Products", "fill": "#17becf"}, {"layer": 5, "name": "Cereals", "fill": "#e7ba52"}, {"layer": 5, "name": "Oilcrops", "fill": "#ff9896"}, {"layer": 13, "name": "Other Processed", "fill": "#9c9ede"}, {"layer": 16, "name": "Food", "fill": "#b5cf6b"}, {"layer": 13, "name": "Sugar", "fill": "#d6616b"}, {"layer": 5, "name": "Fruits & Vegetables"}, {"layer": 5, "name": "Others"}, {"layer": 13, "name": "Aquatic Products", "fill": "#1f77b4"}, {"layer": 13, "name": "Vegetable Oils", "fill": "#f7b6d2"}, {"layer": 10, "name": "Processing", "fill": "#9edae5"}, {"layer": 16, "name": "Biofuels & Other", "fill": "#e7ba52"}, {"name": "Waste", "fill": "#c7c7c7"}, {"layer": 2, "name": "Import", "fill": "#aec7e8"}, {"layer": 16, "name": "Export", "fill": "#aec7e8"}, {"layer": 16, "name": "Stock Deposit", "fill": "#c7c7c7"}, {"layer": 0, "name": "Stock Draw", "fill": "#c7c7c7"}, {"name": "Crop Residue", "fill": "#bd9e39"}, {"layer": 2, "name": "Electricity", "fill": "#bcbd22"}, {"layer": 0, "name": "Fossil Fuels", "fill": "#c49c94"}, {"layer": 0, "name": "Renewables & Nuclear", "fill": "#2ca02c"}, {"layer": 2, "name": "Fertilizers", "fill": "#c5b0d5"}, {"layer": 0, "name": "Labor", "fill": "#7f7f7f"}], "links": [{"source": 0, "prod": 217.0, "target": 1, "value": 0.23876975493125757, "supply": [{"l": "Sweet potatoes", "v": 0.00554904138372549}, {"l": "Roots, Other", "v": 0.10423374237366197}, {"l": "Yams", "v": 0.0070288785615730065}, {"l": "Cassava", "v": 0.12195809261229711}]}, {"source": 2, "prod": 10.0, "target": 1, "value": 0.0026366563096583851, "supply": [{"l": "Sugar cane", "v": 0.0026366563096583851}]}, {"source": 3, "prod": 5.0, "target": 1, "value": 0.0036292199783521783, "supply": [{"l": "Milk - Excluding Butter", "v": 0.0036292199783521783}]}, {"source": 4, "prod": 43.0, "target": 1, "value": 0.15773655091745323, "supply": [{"l": "Maize", "v": 0.10581050424872403}, {"l": "Millet", "v": 0.020745483407522337}, {"l": "Sorghum", "v": 0.031180563261206853}]}, {"source": 5, "prod": 2.0, "target": 1, "value": 0.0091559182831470586, "supply": [{"l": "Oilcrops, Other", "v": 0.0091559182831470586}]}, {"source": 6, "prod": 503.0, "target": 7, "value": 0.3576701719349854, "supply": [{"l": "Beer", "v": 0.03596613159392005}, {"l": "Beverages, Alcoholic", "v": 0.035919371726192306}, {"l": "Fats, Animals, Raw", "v": 0.036913188335217402}, {"l": "Butter, Ghee", "v": 0.0169800666342}, {"l": "Wine", "v": 0.086951065856289839}, {"l": "Beverages, Fermented", "v": 0.14494034778916576}]}, {"source": 3, "prod": 540.0, "target": 7, "value": 0.63979924980447644, "supply": [{"l": "Mutton & Goat Meat", "v": 0.044379719612113643}, {"l": "Pigmeat", "v": 0.059232790584418611}, {"l": "Meat, Other", "v": 0.086787007241466665}, {"l": "Eggs", "v": 0.0076192606691923067}, {"l": "Poultry Meat", "v": 0.015160773780535717}, {"l": "Milk - Excluding Butter", "v": 0.22428579466216461}, {"l": "Offals, Edible", "v": 0.028537927116302521}, {"l": "Bovine Meat", "v": 0.17379597613828235}]}, {"source": 4, "prod": 1598.0, "target": 7, "value": 5.7270451614461058, "supply": [{"l": "Maize", "v": 2.1728942836791543}, {"l": "Rice", "v": 0.19396460732143847}, {"l": "Cereals, Other", "v": 0.020107973645763159}, {"l": "Wheat", "v": 0.32474377437907498}, {"l": "Sorghum", "v": 1.8916208378465489}, {"l": "Millet", "v": 1.1237136845741267}]}, {"source": 5, "prod": 168.0, "target": 7, "value": 0.92462629490887061, "supply": [{"l": "Coconuts - Incl Copra", "v": 0.014495178834073171}, {"l": "Sesame seed", "v": 0.088296346497840017}, {"l": "Groundnuts", "v": 0.64534108970029602}, {"l": "Oilcrops, Other", "v": 0.16022856995507354}, {"l": "Palm kernels", "v": 0.016265109921587906}]}, {"source": 2, "prod": 55.0, "target": 7, "value": 0.014501609703121117, "supply": [{"l": "Sugar cane", "v": 0.014501609703121117}]}, {"source": 8, "prod": 94.0, "target": 7, "value": 0.37948224127099528, "supply": [{"l": "Sugar", "v": 0.28144460446186503}, {"l": "Sweeteners, Other", "v": 0.0041852276915281695}, {"l": "Honey", "v": 0.093852409117602051}]}, {"source": 0, "prod": 3689.0, "target": 7, "value": 4.3392370869822834, "supply": [{"l": "Roots, Other", "v": 0.42775167860889579}, {"l": "Yams", "v": 0.39830311848913702}, {"l": "Potatoes", "v": 0.021707471549403414}, {"l": "Sweet potatoes", "v": 0.26080494503509805}, {"l": "Cassava", "v": 3.2306698732997496}]}, {"source": 9, "prod": 1606.0, "target": 7, "value": 1.5282699932731187, "supply": [{"l": "Plantains", "v": 0.53581605847181091}, {"l": "Citrus, Other", "v": 0.021625556562424531}, {"l": "Tomatoes", "v": 0.0073108620230583335}, {"l": "Treenuts", "v": 0.02122508329275}, {"l": "Vegetables, Other", "v": 0.10855510711050799}, {"l": "Peas", "v": 0.0084900333171}, {"l": "Grapes", "v": 0.0005895856470208334}, {"l": "Dates", "v": 0.043103246071430769}, {"l": "Pineapples", "v": 0.0074637655534945061}, {"l": "Beans", "v": 0.41446043558599915}, {"l": "Pulses, Other", "v": 0.10966293034587501}, {"l": "Lemons, Limes", "v": 0.0005895856470208334}, {"l": "Bananas", "v": 0.15192865068226807}, {"l": "Fruits, Other", "v": 0.079938625388279227}, {"l": "Grapefruit", "v": 0.0029479282351041673}, {"l": "Oranges, Mandarines", "v": 0.0070750277642500003}, {"l": "Onions", "v": 0.00697810957569863}, {"l": "Apples", "v": 0.00050940199902599998}]}, {"source": 10, "prod": 23.0, "target": 7, "value": 0.063173525411599124, "supply": [{"l": "Nuts", "v": 0.020651432392945947}, {"l": "Coffee", "v": 0.0014765275334086957}, {"l": "Cocoa Beans", "v": 0.015918812469562501}, {"l": "Pimento", "v": 0.022473617604088239}, {"l": "Tea", "v": 0.00265313541159375}]}, {"source": 11, "prod": 318.0, "target": 7, "value": 0.23246199513333163, "supply": [{"l": "Marine Fish, Other", "v": 0.0070750277642500003}, {"l": "Demersal Fish", "v": 0.028855015195372546}, {"l": "Freshwater Fish", "v": 0.036647625829208635}, {"l": "Fish, Seafood", "v": 0.11624674251185362}, {"l": "Pelagic Fish", "v": 0.043637583832646855}]}, {"source": 12, "prod": 72.0, "target": 7, "value": 0.73834102331726748, "supply": [{"l": "Groundnut Oil", "v": 0.36237947085182931}, {"l": "Palm Oil", "v": 0.23690938557643015}, {"l": "Sunflowerseed Oil", "v": 0.023154636319363639}, {"l": "Olive Oil", "v": 0.038591060532272729}, {"l": "Oilcrops Oil, Other", "v": 0.010612541646375}, {"l": "Sesameseed Oil", "v": 0.0070750277642500003}, {"l": "Cottonseed Oil", "v": 0.040752159922080006}, {"l": "Palmkernel Oil", "v": 0.018866740704666669}]}, {"source": 2, "prod": 869.0, "target": 13, "value": 0.22912543330931365, "supply": [{"l": "Sugar cane", "v": 0.22912543330931365}]}, {"source": 9, "prod": 222.0, "target": 13, "value": 0.23007962278673508, "supply": [{"l": "Plantains", "v": 0.23007962278673508}]}, {"source": 4, "prod": 59.0, "target": 13, "value": 0.19974394025616643, "supply": [{"l": "Maize", "v": 0.018894732901557864}, {"l": "Millet", "v": 0.031118225111283499}, {"l": "Barley", "v": 0.031937743256543631}, {"l": "Sorghum", "v": 0.11779323898678143}]}, {"source": 5, "prod": 575.91176470588243, "target": 13, "value": 2.678196658095096, "supply": [{"l": "Sunflower seed", "v": 0.032530219843175813}, {"l": "Coconuts - Incl Copra", "v": 0.0020707398334390242}, {"l": "Cottonseed", "v": 0.14096428598709518}, {"l": "Sesame seed", "v": 0.013584053307360002}, {"l": "Groundnuts", "v": 0.54509393013520158}, {"l": "Palm kernels", "v": 0.092168956222331483}, {"l": "Oilcrops, Other", "v": 0.018311836566294117}, {"l": "Oil Palm", "v": 1.8334726362001987}]}, {"source": 6, "prod": 9.0, "target": 14, "value": 0.012980797997439709, "supply": [{"l": "Beverages, Fermented", "v": 0.003752500913635359}, {"l": "Fats, Animals, Raw", "v": 0.0092282970838043505}]}, {"source": 12, "prod": 44.0, "target": 14, "value": 0.45242028031686887, "supply": [{"l": "Palm Oil", "v": 0.40171591467307721}, {"l": "Palmkernel Oil", "v": 0.018866740704666669}, {"l": "Oilcrops Oil, Other", "v": 0.031837624939125002}]}, {"source": 5, "prod": 28.0, "target": 14, "value": 0.15180769260148713, "supply": [{"l": "Cottonseed", "v": 0.15180769260148713}]}, {"source": 10, "prod": 20.0, "target": 14, "value": 0.0073826376670434778, "supply": [{"l": "Coffee", "v": 0.0073826376670434778}]}, {"source": 3, "prod": 1.0, "target": 3, "value": 0.0010884658098846154, "supply": [{"l": "Eggs", "v": 0.0010884658098846154}]}, {"source": 4, "prod": 70.0, "target": 4, "value": 0.25345898342888307, "supply": [{"l": "Maize", "v": 0.10203155766841246}, {"l": "Wheat", "v": 0.0031837624939125004}, {"l": "Millet", "v": 0.048406127950885454}, {"l": "Rice", "v": 0.013224859590098077}, {"l": "Sorghum", "v": 0.0866126757255746}]}, {"source": 5, "prod": 57.0, "target": 5, "value": 0.32306357434099087, "supply": [{"l": "Cottonseed", "v": 0.14638598929429117}, {"l": "Sesame seed", "v": 0.0067920266536800012}, {"l": "Groundnuts", "v": 0.137839844402005}, {"l": "Oilcrops, Other", "v": 0.032045713991014704}]}, {"source": 2, "prod": 8.0, "target": 2, "value": 0.002109325047726708, "supply": [{"l": "Sugar cane", "v": 0.002109325047726708}]}, {"source": 0, "prod": 61.0, "target": 0, "value": 0.06526131436120991, "supply": [{"l": "Potatoes", "v": 0.0094065710047414788}, {"l": "Roots, Other", "v": 0.0019666743844087161}, {"l": "Yams", "v": 0.053888068972059708}]}, {"source": 9, "prod": 18.0, "target": 9, "value": 0.069821175301517754, "supply": [{"l": "Beans", "v": 0.059208633655142749}, {"l": "Pulses, Other", "v": 0.010612541646375}]}, {"source": 6, "prod": 4.0, "target": 15, "value": 0.0018762504568176795, "supply": [{"l": "Beverages, Fermented", "v": 0.0018762504568176795}]}, {"source": 3, "prod": 16.0, "target": 15, "value": 0.011976125744941151, "supply": [{"l": "Milk - Excluding Butter", "v": 0.010887659935056537}, {"l": "Eggs", "v": 0.0010884658098846154}]}, {"source": 4, "prod": 185.0, "target": 15, "value": 0.66454203918850574, "supply": [{"l": "Maize", "v": 0.27964204694305639}, {"l": "Rice", "v": 0.0088165730600653844}, {"l": "Sorghum", "v": 0.204405914712356}, {"l": "Cereals, Other", "v": 0.0033513289409605267}, {"l": "Wheat", "v": 0.012735049975650002}, {"l": "Millet", "v": 0.15559112555641752}]}, {"source": 5, "prod": 43.0, "target": 15, "value": 0.22744212859997148, "supply": [{"l": "Cottonseed", "v": 0.0054217033071959683}, {"l": "Oilcrops, Other", "v": 0.027467754849441178}, {"l": "Coconuts - Incl Copra", "v": 0.0051768495835975599}, {"l": "Sesame seed", "v": 0.013584053307360002}, {"l": "Groundnuts", "v": 0.137839844402005}, {"l": "Palm kernels", "v": 0.037951923150371783}]}, {"source": 2, "prod": 53.0, "target": 15, "value": 0.013974278441189441, "supply": [{"l": "Sugar cane", "v": 0.013974278441189441}]}, {"source": 0, "prod": 367.0, "target": 15, "value": 0.41918373255787522, "supply": [{"l": "Potatoes", "v": 0.0036179119249005686}, {"l": "Yams", "v": 0.08200358321835173}, {"l": "Roots, Other", "v": 0.080633649760757375}, {"l": "Sweet potatoes", "v": 0.032184440025607844}, {"l": "Cassava", "v": 0.22074414762825775}]}, {"source": 9, "prod": 206.0, "target": 15, "value": 0.20365817976444561, "supply": [{"l": "Dates", "v": 0.0058777153733769226}, {"l": "Vegetables, Other", "v": 0.0067684239445400659}, {"l": "Fruits, Other", "v": 0.011026017294935067}, {"l": "Plantains", "v": 0.084984365173478724}, {"l": "Citrus, Other", "v": 0.0024028396180471702}, {"l": "Grapefruit", "v": 0.0005895856470208334}, {"l": "Beans", "v": 0.047366906924114202}, {"l": "Pulses, Other", "v": 0.010612541646375}, {"l": "Tomatoes", "v": 0.00070750277642499997}, {"l": "Pineapples", "v": 0.00093297069418681326}, {"l": "Bananas", "v": 0.03121821589361673}, {"l": "Oranges, Mandarines", "v": 0.0005895856470208334}, {"l": "Onions", "v": 0.0005815091313082192}]}, {"source": 10, "prod": 1.0, "target": 15, "value": 0.00036913188335217393, "supply": [{"l": "Coffee", "v": 0.00036913188335217393}]}, {"source": 12, "prod": 1.0, "target": 15, "value": 0.010300408068540443, "supply": [{"l": "Palm Oil", "v": 0.010300408068540443}]}, {"source": 16, "prod": 2.0, "target": 10, "value": 0.0030222672949459239, "supply": [{"l": "Coffee", "v": 0.00036913188335217393}, {"l": "Tea", "v": 0.00265313541159375}]}, {"source": 16, "prod": 116.0, "target": 1, "value": 0.096081705047669455, "supply": [{"l": "Pigmeat", "v": 0.0039488527056279069}, {"l": "Freshwater Fish", "v": 0.0030539688191007193}, {"l": "Milk - Excluding Butter", "v": 0.02540453984846525}, {"l": "Fish, Seafood", "v": 0.02558890558437029}, {"l": "Pelagic Fish", "v": 0.0062339405475209785}, {"l": "Demersal Fish", "v": 0.013872603459313727}, {"l": "Bovine Meat", "v": 0.017978894083270591}]}, {"source": 16, "prod": 168.0, "target": 13, "value": 0.31332636223423566, "supply": [{"l": "Olive Oil", "v": 0.038591060532272729}, {"l": "Sugar", "v": 0.12830562850467378}, {"l": "Beer", "v": 0.010131304674343675}, {"l": "Beverages, Alcoholic", "v": 0.0065307948593076922}, {"l": "Oilcrops Oil, Other", "v": 0.010612541646375}, {"l": "Butter, Ghee", "v": 0.0084900333171}, {"l": "Wine", "v": 0.086951065856289839}, {"l": "Fats, Animals, Raw", "v": 0.0092282970838043505}, {"l": "Sweeteners, Other", "v": 0.0041852276915281695}, {"l": "Palm Oil", "v": 0.010300408068540443}]}, {"source": 16, "prod": 116.0, "target": 4, "value": 0.38761074195447642, "supply": [{"l": "Maize", "v": 0.011336839740934716}, {"l": "Rice", "v": 0.070532584480523075}, {"l": "Wheat", "v": 0.27380357447647502}, {"l": "Barley", "v": 0.031937743256543631}]}, {"source": 16, "prod": 14.0, "target": 9, "value": 0.0093748362879454584, "supply": [{"l": "Oranges, Mandarines", "v": 0.0005895856470208334}, {"l": "Fruits, Other", "v": 0.0011026017294935065}, {"l": "Apples", "v": 0.00050940199902599998}, {"l": "Pulses, Other", "v": 0.0035375138821250002}, {"l": "Vegetables, Other", "v": 0.0013016199893346281}, {"l": "Grapes", "v": 0.0005895856470208334}, {"l": "Onions", "v": 0.0017445273939246575}]}, {"source": 16, "prod": 1.0, "target": 5, "value": 0.0054217033071959683, "supply": [{"l": "Cottonseed", "v": 0.0054217033071959683}]}, {"source": 16, "prod": 6.0, "target": 0, "value": 0.0046012491171049264, "supply": [{"l": "Roots, Other", "v": 0.00098333719220435804}, {"l": "Potatoes", "v": 0.0036179119249005686}]}, {"source": 6, "prod": 7.0, "target": 17, "value": 0.028603756536225267, "supply": [{"l": "Beer", "v": 0.0020262609348687352}, {"l": "Fish, Body Oil", "v": 0.02657749560135653}]}, {"source": 3, "prod": 14.0, "target": 17, "value": 0.023527935466996081, "supply": [{"l": "Meat, Other", "v": 0.0075466962818666675}, {"l": "Bovine Meat", "v": 0.015981239185129413}]}, {"source": 4, "prod": 210.0, "target": 17, "value": 0.76911478869851657, "supply": [{"l": "Maize", "v": 0.47236832253894662}, {"l": "Rice", "v": 0.013224859590098077}, {"l": "Millet", "v": 0.2835216065694719}]}, {"source": 5, "prod": 82.0, "target": 17, "value": 0.31708257937526019, "supply": [{"l": "Cottonseed", "v": 0.016265109921587906}, {"l": "Coconuts - Incl Copra", "v": 0.033131837335024387}, {"l": "Sesame seed", "v": 0.013584053307360002}, {"l": "Groundnuts", "v": 0.075185369673820904}, {"l": "Palm kernels", "v": 0.17891620913746695}]}, {"source": 8, "prod": 55.0, "target": 17, "value": 0.22763901831474381, "supply": [{"l": "Sugar", "v": 0.22763901831474381}]}, {"source": 0, "prod": 232.0, "target": 17, "value": 0.28294277486052927, "supply": [{"l": "Cassava", "v": 0.28294277486052927}]}, {"source": 9, "prod": 149.0, "target": 17, "value": 0.13892827397032015, "supply": [{"l": "Beans", "v": 0.043419664680438015}, {"l": "Pineapples", "v": 0.00046648534709340663}, {"l": "Bananas", "v": 0.095042123942788714}]}, {"source": 10, "prod": 302.0, "target": 17, "value": 0.31703814631409838, "supply": [{"l": "Cocoa Beans", "v": 0.23878218704343751}, {"l": "Coffee", "v": 0.078255959270660883}]}, {"source": 11, "prod": 550.0, "target": 17, "value": 0.42837850485192808, "supply": [{"l": "Freshwater Fish", "v": 0.033593657010107913}, {"l": "Pelagic Fish", "v": 0.1540673878173042}, {"l": "Fish, Seafood", "v": 0.20105568673433802}, {"l": "Marine Fish, Other", "v": 0.034667636044825006}, {"l": "Demersal Fish", "v": 0.0049941372453529411}]}, {"source": 12, "prod": 34.0, "target": 17, "value": 0.34886129549309192, "supply": [{"l": "Oilcrops Oil, Other", "v": 0.0424501665855}, {"l": "Palm Oil", "v": 0.27811101785059195}, {"l": "Palmkernel Oil", "v": 0.028300111057000001}]}, {"source": 6, "prod": 1.0, "target": 18, "value": 0.0088591652004521761, "supply": [{"l": "Fish, Body Oil", "v": 0.0088591652004521761}]}, {"source": 10, "prod": 2.0, "target": 18, "value": 0.00073826376670434787, "supply": [{"l": "Coffee", "v": 0.00073826376670434787}]}, {"source": 11, "prod": 4.0, "target": 18, "value": 0.0032433490469700103, "supply": [{"l": "Pelagic Fish", "v": 0.0017811258707202795}, {"l": "Fish, Seafood", "v": 0.0014622231762497309}]}, {"source": 4, "prod": 6.0, "target": 18, "value": 0.026449719180196153, "supply": [{"l": "Rice", "v": 0.026449719180196153}]}, {"source": 5, "prod": 46.0, "target": 18, "value": 0.25836237296810055, "supply": [{"l": "Cottonseed", "v": 0.19518131905905489}, {"l": "Sesame seed", "v": 0.0067920266536800012}, {"l": "Groundnuts", "v": 0.056389027255365674}]}, {"source": 19, "prod": 5.0, "target": 10, "value": 0.01326567705796875, "supply": [{"l": "Cocoa Beans", "v": 0.01326567705796875}]}, {"source": 19, "prod": 49.0, "target": 4, "value": 0.16956690351125356, "supply": [{"l": "Millet", "v": 0.096812255901770908}, {"l": "Sorghum", "v": 0.072754647609482651}]}, {"source": 1, "prod": 872.0, "target": 11, "value": 0.66408384903222972, "supply": [{"l": "Demersal Fish", "v": 0.033849152440725484}, {"l": "Freshwater Fish", "v": 0.070241282839316549}, {"l": "Pelagic Fish", "v": 0.19948609752067131}, {"l": "Marine Fish, Other", "v": 0.041742663809075008}, {"l": "Fish, Seafood", "v": 0.31876465242244134}]}, {"source": 1, "prod": 575.0, "target": 3, "value": 0.6789325309947658, "supply": [{"l": "Poultry Meat", "v": 0.015160773780535717}, {"l": "Pigmeat", "v": 0.059232790584418611}, {"l": "Bovine Meat", "v": 0.18977721532341177}, {"l": "Eggs", "v": 0.0097961922889615374}, {"l": "Milk - Excluding Butter", "v": 0.2388026745755733}, {"l": "Offals, Edible", "v": 0.028537927116302521}, {"l": "Meat, Other", "v": 0.09433370352333334}, {"l": "Mutton & Goat Meat", "v": 0.044379719612113643}]}, {"source": 13, "prod": 524.0, "target": 6, "value": 0.40999014212592022, "supply": [{"l": "Fats, Animals, Raw", "v": 0.046141485419021751}, {"l": "Beverages, Fermented", "v": 0.1505690991596188}, {"l": "Fish, Body Oil", "v": 0.035436660801808705}, {"l": "Beer", "v": 0.037992392528788783}, {"l": "Beverages, Alcoholic", "v": 0.035919371726192306}, {"l": "Butter, Ghee", "v": 0.0169800666342}, {"l": "Wine", "v": 0.086951065856289839}]}, {"source": 13, "prod": 151.0, "target": 12, "value": 1.5499230071957686, "supply": [{"l": "Olive Oil", "v": 0.038591060532272729}, {"l": "Sesameseed Oil", "v": 0.0070750277642500003}, {"l": "Cottonseed Oil", "v": 0.040752159922080006}, {"l": "Groundnut Oil", "v": 0.36237947085182931}, {"l": "Palm Oil", "v": 0.92703672616863986}, {"l": "Palmkernel Oil", "v": 0.066033592466333335}, {"l": "Oilcrops Oil, Other", "v": 0.084900333171}, {"l": "Sunflowerseed Oil", "v": 0.023154636319363639}]}, {"source": 13, "prod": 149.0, "target": 8, "value": 0.60712125958573915, "supply": [{"l": "Honey", "v": 0.093852409117602051}, {"l": "Sweeteners, Other", "v": 0.0041852276915281695}, {"l": "Sugar", "v": 0.5090836227766089}]}, {"source": 0, "prod": 2281.5, "target": 20, "value": 8.3929519172981681, "supply": [{"l": "Roots, Other", "v": 1.08783999792}, {"l": "Yams", "v": 0.80541999846000012}, {"l": "Potatoes", "v": 0.080193333180000007}, {"l": "Sweet potatoes", "v": 0.46895666577}, {"l": "Cassava", "v": 5.5124199894600006}]}, {"source": 2, "prod": 398.0, "target": 20, "value": 1.3876933306800001, "supply": [{"l": "Sugar cane", "v": 1.3876933306800001}]}, {"source": 9, "prod": 2194.0, "target": 20, "value": 11.760295108506854, "supply": [{"l": "Tomatoes", "v": 0.11854666644000003}, {"l": "Vegetables, Other", "v": 1.5358766637299999}, {"l": "Peas", "v": 0.0069733333199999996}, {"l": "Beans", "v": 0.49684999905000005}, {"l": "Pulses, Other", "v": 0.12726333309000001}, {"l": "Onions", "v": 0.041839999920000009}]}, {"source": 4, "prod": 4174.0, "target": 20, "value": 15.139237748843353, "supply": [{"l": "Maize", "v": 5.7983266555800004}, {"l": "Barley", "v": 0.032174185330276023}, {"l": "Rice", "v": 0.34866666600000001}, {"l": "Wheat", "v": 0.44629333247999997}, {"l": "Sorghum", "v": 4.6163466578400003}, {"l": "Cereals, Other", "v": 0.048813333239999999}, {"l": "Millet", "v": 3.2565466604400006}]}, {"source": 5, "prod": 569.0, "target": 20, "value": 1.9615391364094408, "supply": [{"l": "Sunflower seed", "v": 0.020919999960000001}, {"l": "Coconuts - Incl Copra", "v": 0.18479333298}, {"l": "Sesame seed", "v": 0.07147666653000001}, {"l": "Groundnuts", "v": 0.88909999829999997}, {"l": "Oilcrops, Other", "v": 0.18827999964}, {"l": "Cottonseed", "v": 0.42014333253000002}, {"l": "Palm kernels", "v": 0.20919999960000002}]}, {"source": 21, "prod": 0, "target": 4, "value": 0.0014396505574713185, "supply": "[{\"l\":'Energy for power irrigation',\"v\":0.0014396505574713185}]"}, {"source": 21, "prod": 0, "target": 5, "value": 0.00069044713945300661, "supply": "[{\"l\":'Energy for power irrigation',\"v\":0.00069044713945300661}]"}, {"source": 21, "prod": 0, "target": 2, "value": 0.00068636909663821852, "supply": "[{\"l\":'Energy for power irrigation',\"v\":0.00068636909663821852}]"}, {"source": 21, "prod": 0, "target": 0, "value": 0.0031476403899097396, "supply": "[{\"l\":'Energy for power irrigation',\"v\":0.0031476403899097396}]"}, {"source": 21, "prod": 0, "target": 9, "value": 0.001513461103541961, "supply": "[{\"l\":'Energy for power irrigation',\"v\":0.001513461103541961}]"}, {"source": 21, "prod": 0, "target": 10, "value": 0.00023798727471375416, "supply": "[{\"l\":'Energy for power irrigation',\"v\":0.00023798727471375416}]"}, {"source": 21, "prod": 0, "target": 13, "value": 0.010666666675199998, "supply": "[{\"l\":'Electricity',\"v\":0.010666666675199998}]"}, {"source": 22, "prod": 0, "target": 21, "value": 0.034958148514993917, "supply": [{"l": "Coal", "v": 0.018020126805354988}, {"l": "Natural gas", "v": 0.0056284306295318279}, {"l": "Oil", "v": 0.011309591080107097}]}, {"source": 23, "prod": 0, "target": 21, "value": 0.0048804016623132159, "supply": [{"l": "Nuclear", "v": 0.0005572218150601628}, {"l": "Hydroelectric", "v": 0.0042676614100529498}, {"l": "Renewable", "v": 5.5518437200103831e-05}]}, {"source": 22, "prod": 0, "target": 4, "value": 0.014115237440645008, "supply": [{"l": "Gas-Diesel oil", "v": 0.014115237440645008}]}, {"source": 22, "prod": 0, "target": 5, "value": 0.0067695770081257966, "supply": [{"l": "Gas-Diesel oil", "v": 0.0067695770081257966}]}, {"source": 22, "prod": 0, "target": 2, "value": 0.0067295933174134088, "supply": [{"l": "Gas-Diesel oil", "v": 0.0067295933174134088}]}, {"source": 22, "prod": 0, "target": 0, "value": 0.030861441514932041, "supply": [{"l": "Gas-Diesel oil", "v": 0.030861441514932041}]}, {"source": 22, "prod": 0, "target": 9, "value": 0.014838922350155796, "supply": [{"l": "Gas-Diesel oil", "v": 0.014838922350155796}]}, {"source": 22, "prod": 0, "target": 10, "value": 0.0023333765773945986, "supply": [{"l": "Gas-Diesel oil", "v": 0.0023333765773945986}]}, {"source": 24, "prod": 12.503128733474105, "target": 4, "value": 0.1267601958344505, "supply": [{"l": "Potash", "v": 0.059473675973504871}, {"l": "Phosphate", "v": 0.054750416710466994}, {"l": "Nitrogen", "v": 0.56512502360024808}]}, {"source": 24, "prod": 5.996420050295348, "target": 5, "value": 0.060793373889373781, "supply": [{"l": "Potash", "v": 0.059473675973504871}, {"l": "Phosphate", "v": 0.054750416710466994}, {"l": "Nitrogen", "v": 0.56512502360024808}]}, {"source": 24, "prod": 5.9610029179716024, "target": 2, "value": 0.060434305153463465, "supply": [{"l": "Potash", "v": 0.059473675973504871}, {"l": "Phosphate", "v": 0.054750416710466994}, {"l": "Nitrogen", "v": 0.56512502360024808}]}, {"source": 24, "prod": 27.336740014778314, "target": 0, "value": 0.27714747177412441, "supply": [{"l": "Potash", "v": 0.059473675973504871}, {"l": "Phosphate", "v": 0.054750416710466994}, {"l": "Nitrogen", "v": 0.56512502360024808}]}, {"source": 24, "prod": 13.144161208070045, "target": 9, "value": 0.13325916131326515, "supply": [{"l": "Potash", "v": 0.059473675973504871}, {"l": "Phosphate", "v": 0.054750416710466994}, {"l": "Nitrogen", "v": 0.56512502360024808}]}, {"source": 24, "prod": 2.0668804087439225, "target": 10, "value": 0.020954608319542607, "supply": [{"l": "Potash", "v": 0.059473675973504871}, {"l": "Phosphate", "v": 0.054750416710466994}, {"l": "Nitrogen", "v": 0.56512502360024808}]}, {"source": 22, "prod": 0, "target": 24, "value": 0.85996418372170491, "supply": [{"l": "Natural gas (including LNG)", "v": 0.56531322360395886}, {"l": "Fuel oil", "v": 0.19475313920861409}, {"l": "Liquefied petroleum gas (LPG)", "v": 0.049948910454566002}, {"l": "Coal", "v": 0.049948910454566002}]}, {"source": 25, "prod": 0, "target": 4, "value": 0.9985119357561304, "supply": "[{\"l\":'Labor',\"v\":0.9985119357561304}]"}, {"source": 25, "prod": 0, "target": 5, "value": 0.47887989635723777, "supply": "[{\"l\":'Labor',\"v\":0.47887989635723777}]"}, {"source": 25, "prod": 0, "target": 2, "value": 0.47605144996518917, "supply": "[{\"l\":'Labor',\"v\":0.47605144996518917}]"}, {"source": 25, "prod": 0, "target": 0, "value": 2.183138458483576, "supply": "[{\"l\":'Labor',\"v\":2.183138458483576}]"}, {"source": 25, "prod": 0, "target": 9, "value": 1.0497054082649497, "supply": "[{\"l\":'Labor',\"v\":1.0497054082649497}]"}, {"source": 25, "prod": 0, "target": 10, "value": 0.16506306556581934, "supply": "[{\"l\":'Labor',\"v\":0.16506306556581934}]"}, {"source": 22, "prod": 0, "target": 16, "value": 1.8160301336787743, "supply": "[{\"l\":'Fossil Fuels',\"v\":1.8160301336787743}]"}, {"source": 23, "prod": 0, "target": 16, "value": 0.10754522570672312, "supply": "[{\"l\":'Renewables & Nuclear',\"v\":0.053286415948411187},{\"l\":'Biomass & Waste',\"v\":0.054258809758311939}]"}]}