{"nodes": [{"name": "Balance", "fill": "#9edae5"}, {"name": "Food", "fill": "#b5cf6b"}, {"name": "Stock Deposit", "fill": "#c7c7c7"}, {"name": "Export", "fill": "#aec7e8"}, {"name": "Biofuels & Other", "fill": "#e7ba52"}, {"name": "Crop Residue", "fill": "#bd9e39"}, {"name": "Renewables & Nuclear", "fill": "#2ca02c"}, {"name": "Fossil Fuels", "fill": "#c49c94"}, {"name": "Stock Draw", "fill": "#c7c7c7"}, {"name": "Labor", "fill": "#7f7f7f"}], "links": [{"source": 0, "target": 1, "value": 16.705210036434604}, {"source": 0, "target": 2, "value": 1.0734817059791388}, {"source": 0, "target": 3, "value": 0.095295648997505242}, {"source": 0, "target": 4, "value": 0.75254554131362783}, {"source": 0, "target": 5, "value": 27.063750943873629}, {"source": 6, "target": 0, "value": 0.58799410266144447}, {"source": 7, "target": 0, "value": 11.58307687901582}, {"source": 8, "target": 0, "value": 0.75241155001838966}, {"source": 9, "target": 0, "value": 0.50634814848912979}]}