{"nodes": [{"layer": 13, "name": "Pelagic Fish"}, {"layer": 10, "name": "Feed", "fill": "#dbdb8d"}, {"layer": 5, "name": "Wheat"}, {"layer": 5, "name": "Plantains"}, {"layer": 13, "name": "Fish, Seafood"}, {"layer": 5, "name": "Potatoes"}, {"layer": 5, "name": "Rice"}, {"layer": 5, "name": "Sorghum"}, {"layer": 5, "name": "Cassava"}, {"layer": 5, "name": "Maize"}, {"layer": 16, "name": "Food", "fill": "#b5cf6b"}, {"layer": 5, "name": "Olives"}, {"layer": 5, "name": "Vegetables, Other"}, {"layer": 5, "name": "Nuts"}, {"layer": 5, "name": "Yams"}, {"layer": 13, "name": "Sugar", "fill": "#d6616b"}, {"layer": 13, "name": "Maize Germ Oil"}, {"layer": 13, "name": "Beer"}, {"layer": 13, "name": "Groundnut Oil"}, {"layer": 13, "name": "Beverages, Alcoholic"}, {"layer": 5, "name": "Barley"}, {"layer": 13, "name": "Butter, Ghee"}, {"layer": 5, "name": "Tomatoes"}, {"layer": 5, "name": "Cereals, Other"}, {"layer": 5, "name": "Coffee"}, {"layer": 13, "name": "Sugar non-centrifugal"}, {"layer": 13, "name": "Fats, Animals, Raw"}, {"layer": 13, "name": "Soyabean Oil"}, {"layer": 5, "name": "Coconuts - Incl Copra"}, {"layer": 5, "name": "Treenuts"}, {"layer": 13, "name": "Crustaceans"}, {"layer": 13, "name": "Eggs"}, {"layer": 5, "name": "Roots, Other"}, {"layer": 5, "name": "Peas"}, {"layer": 13, "name": "Marine Fish, Other"}, {"layer": 5, "name": "Grapes"}, {"layer": 5, "name": "Oilcrops, Other"}, {"layer": 13, "name": "Wine"}, {"layer": 13, "name": "Coconut Oil"}, {"layer": 5, "name": "Oats"}, {"layer": 13, "name": "Olive Oil"}, {"layer": 13, "name": "Pigmeat"}, {"layer": 5, "name": "Cocoa Beans"}, {"layer": 13, "name": "Freshwater Fish"}, {"layer": 5, "name": "Pineapples"}, {"layer": 13, "name": "Milk - Excluding Butter"}, {"layer": 13, "name": "Sesameseed Oil"}, {"layer": 5, "name": "Beans"}, {"layer": 5, "name": "Pulses, Other"}, {"layer": 13, "name": "Cephalopods"}, {"layer": 13, "name": "Mutton & Goat Meat"}, {"layer": 13, "name": "Sweeteners, Other"}, {"layer": 5, "name": "Bananas"}, {"layer": 13, "name": "Beverages, Fermented"}, {"layer": 5, "name": "Spices, Other"}, {"layer": 13, "name": "Bovine Meat"}, {"layer": 5, "name": "Fruits, Other"}, {"layer": 13, "name": "Molluscs, Other"}, {"layer": 13, "name": "Poultry Meat"}, {"layer": 13, "name": "Offals, Edible"}, {"layer": 5, "name": "Sweet potatoes"}, {"layer": 13, "name": "Demersal Fish"}, {"layer": 5, "name": "Oranges, Mandarines"}, {"layer": 13, "name": "Cottonseed Oil"}, {"layer": 13, "name": "Cream"}, {"layer": 5, "name": "Onions"}, {"layer": 5, "name": "Apples"}, {"layer": 10, "name": "Processing", "fill": "#9edae5"}, {"layer": 5, "name": "Cottonseed"}, {"layer": 5, "name": "Sesame seed"}, {"layer": 5, "name": "Soyabeans"}, {"layer": 5, "name": "Groundnuts"}, {"layer": 5, "name": "Sugar cane"}, {"layer": 16, "name": "Biofuels & Other", "fill": "#e7ba52"}, {"layer": 13, "name": "Palm Oil"}, {"layer": 13, "name": "Oilcrops Oil, Other"}, {"name": "Waste", "fill": "#c7c7c7"}, {"layer": 2, "name": "Import", "fill": "#aec7e8"}, {"layer": 16, "name": "Export", "fill": "#aec7e8"}, {"layer": 0, "name": "Stock Draw", "fill": "#c7c7c7"}, {"layer": 16, "name": "Stock Deposit", "fill": "#c7c7c7"}, {"layer": 2, "name": "Electricity", "fill": "#bcbd22"}, {"layer": 0, "name": "Fossil Fuels", "fill": "#c49c94"}, {"layer": 0, "name": "Renewables & Nuclear", "fill": "#2ca02c"}, {"layer": 2, "name": "Fertilizers", "fill": "#c5b0d5"}, {"layer": 0, "name": "Labor", "fill": "#7f7f7f"}], "links": [{"source": 0, "prod": 52.0, "target": 1, "value": 0.074028949045445117, "supply": [{"l": "Pelagic Fish", "v": 0.074028949045445117}]}, {"source": 2, "prod": 27.0, "target": 1, "value": 0.089769664803461616, "supply": [{"l": "Wheat", "v": 0.089769664803461616}]}, {"source": 3, "prod": 18.0, "target": 1, "value": 0.017561777503281438, "supply": [{"l": "Plantains", "v": 0.017561777503281438}]}, {"source": 4, "prod": 52.0, "target": 1, "value": 0.04428803018635058, "supply": [{"l": "Fish, Seafood", "v": 0.04428803018635058}]}, {"source": 5, "prod": 15.0, "target": 1, "value": 0.011312861653496193, "supply": [{"l": "Potatoes", "v": 0.011312861653496193}]}, {"source": 6, "prod": 10.0, "target": 1, "value": 0.04037162735532486, "supply": [{"l": "Rice", "v": 0.04037162735532486}]}, {"source": 7, "prod": 553.0, "target": 1, "value": 1.618412601072188, "supply": [{"l": "Sorghum", "v": 1.618412601072188}]}, {"source": 8, "prod": 29.0, "target": 1, "value": 0.028019603348285241, "supply": [{"l": "Cassava", "v": 0.028019603348285241}]}, {"source": 9, "prod": 748.0, "target": 10, "value": 2.1019014522917479, "supply": [{"l": "Maize", "v": 2.1019014522917479}]}, {"source": 11, "prod": 3.0, "target": 10, "value": 0.0063675249878250009, "supply": [{"l": "Olives", "v": 0.0063675249878250009}]}, {"source": 12, "prod": 138.0, "target": 10, "value": 0.039091383147371789, "supply": [{"l": "Vegetables, Other", "v": 0.039091383147371789}]}, {"source": 3, "prod": 304.0, "target": 10, "value": 0.29659890894430879, "supply": [{"l": "Plantains", "v": 0.29659890894430879}]}, {"source": 13, "prod": 3.0, "target": 10, "value": 0.010188039980520001, "supply": [{"l": "Nuts", "v": 0.010188039980520001}]}, {"source": 14, "prod": 26.0, "target": 10, "value": 0.028155722735280615, "supply": [{"l": "Yams", "v": 0.028155722735280615}]}, {"source": 15, "prod": 575.0, "target": 10, "value": 2.3825814100439966, "supply": [{"l": "Sugar", "v": 2.3825814100439966}]}, {"source": 16, "prod": 9.0, "target": 10, "value": 0.091236178930029846, "supply": [{"l": "Maize Germ Oil", "v": 0.091236178930029846}]}, {"source": 17, "prod": 700.0, "target": 10, "value": 0.29126975753293127, "supply": [{"l": "Beer", "v": 0.29126975753293127}]}, {"source": 18, "prod": 21.0, "target": 10, "value": 0.21460917551558334, "supply": [{"l": "Groundnut Oil", "v": 0.21460917551558334}]}, {"source": 19, "prod": 85.0, "target": 10, "value": 0.29135052221725155, "supply": [{"l": "Beverages, Alcoholic", "v": 0.29135052221725155}]}, {"source": 20, "prod": 2.0, "target": 10, "value": 0.0060643095122142861, "supply": [{"l": "Barley", "v": 0.0060643095122142861}]}, {"source": 8, "prod": 180.0, "target": 10, "value": 0.17391477940314978, "supply": [{"l": "Cassava", "v": 0.17391477940314978}]}, {"source": 6, "prod": 140.0, "target": 10, "value": 0.56520278297454807, "supply": [{"l": "Rice", "v": 0.56520278297454807}]}, {"source": 21, "prod": 8.0, "target": 10, "value": 0.065729290196903239, "supply": [{"l": "Butter, Ghee", "v": 0.065729290196903239}]}, {"source": 22, "prod": 103.0, "target": 10, "value": 0.022393685829994882, "supply": [{"l": "Tomatoes", "v": 0.022393685829994882}]}, {"source": 23, "prod": 42.0, "target": 10, "value": 0.11848432572281965, "supply": [{"l": "Cereals, Other", "v": 0.11848432572281965}]}, {"source": 24, "prod": 42.0, "target": 10, "value": 0.022568442994822791, "supply": [{"l": "Coffee", "v": 0.022568442994822791}]}, {"source": 25, "prod": 18.0, "target": 10, "value": 0.074129395380649263, "supply": [{"l": "Sugar non-centrifugal", "v": 0.074129395380649263}]}, {"source": 2, "prod": 689.0, "target": 10, "value": 2.2907888536883352, "supply": [{"l": "Wheat", "v": 2.2907888536883352}]}, {"source": 26, "prod": 25.0, "target": 10, "value": 0.20998077054324868, "supply": [{"l": "Fats, Animals, Raw", "v": 0.20998077054324868}]}, {"source": 27, "prod": 14.0, "target": 10, "value": 0.14577227016152833, "supply": [{"l": "Soyabean Oil", "v": 0.14577227016152833}]}, {"source": 28, "prod": 5.0, "target": 10, "value": 0.0057365089980405404, "supply": [{"l": "Coconuts - Incl Copra", "v": 0.0057365089980405404}]}, {"source": 29, "prod": 3.0, "target": 10, "value": 0.011073956500565219, "supply": [{"l": "Treenuts", "v": 0.011073956500565219}]}, {"source": 30, "prod": 3.0, "target": 10, "value": 0.0019898515586953126, "supply": [{"l": "Crustaceans", "v": 0.0019898515586953126}]}, {"source": 31, "prod": 81.0, "target": 10, "value": 0.12260323639442625, "supply": [{"l": "Eggs", "v": 0.12260323639442625}]}, {"source": 32, "prod": 46.0, "target": 10, "value": 0.055474649515142048, "supply": [{"l": "Roots, Other", "v": 0.055474649515142048}]}, {"source": 33, "prod": 22.0, "target": 10, "value": 0.085942055050398786, "supply": [{"l": "Peas", "v": 0.085942055050398786}]}, {"source": 34, "prod": 7.0, "target": 10, "value": 0.0059430233219700005, "supply": [{"l": "Marine Fish, Other", "v": 0.0059430233219700005}]}, {"source": 35, "prod": 7.0, "target": 10, "value": 0.0054027484745181823, "supply": [{"l": "Grapes", "v": 0.0054027484745181823}]}, {"source": 36, "prod": 5.0, "target": 10, "value": 0.02070739833439024, "supply": [{"l": "Oilcrops, Other", "v": 0.02070739833439024}]}, {"source": 37, "prod": 17.0, "target": 10, "value": 0.011546445311256003, "supply": [{"l": "Wine", "v": 0.011546445311256003}]}, {"source": 38, "prod": 28.0, "target": 10, "value": 0.27343487584650705, "supply": [{"l": "Coconut Oil", "v": 0.27343487584650705}]}, {"source": 39, "prod": 26.0, "target": 10, "value": 0.050423040512725885, "supply": [{"l": "Oats", "v": 0.050423040512725885}]}, {"source": 40, "prod": 1.0, "target": 10, "value": 0.012128619024428572, "supply": [{"l": "Olive Oil", "v": 0.012128619024428572}]}, {"source": 41, "prod": 84.0, "target": 10, "value": 0.14531530379738558, "supply": [{"l": "Pigmeat", "v": 0.14531530379738558}]}, {"source": 42, "prod": 7.0, "target": 10, "value": 0.011213251550886792, "supply": [{"l": "Cocoa Beans", "v": 0.011213251550886792}]}, {"source": 5, "prod": 104.0, "target": 10, "value": 0.078435840797573611, "supply": [{"l": "Potatoes", "v": 0.078435840797573611}]}, {"source": 43, "prod": 7.0, "target": 10, "value": 0.0056066257754433958, "supply": [{"l": "Freshwater Fish", "v": 0.0056066257754433958}]}, {"source": 44, "prod": 47.0, "target": 10, "value": 0.016672628101825904, "supply": [{"l": "Pineapples", "v": 0.016672628101825904}]}, {"source": 45, "prod": 1645.0, "target": 10, "value": 0.97469205693628014, "supply": [{"l": "Milk - Excluding Butter", "v": 0.97469205693628014}]}, {"source": 46, "prod": 30.0, "target": 10, "value": 0.30564119941559997, "supply": [{"l": "Sesameseed Oil", "v": 0.30564119941559997}]}, {"source": 47, "prod": 47.0, "target": 10, "value": 0.18442635398910506, "supply": [{"l": "Beans", "v": 0.18442635398910506}]}, {"source": 48, "prod": 12.0, "target": 10, "value": 0.045788943732674163, "supply": [{"l": "Pulses, Other", "v": 0.045788943732674163}]}, {"source": 4, "prod": 125.0, "target": 10, "value": 0.10646161102488121, "supply": [{"l": "Fish, Seafood", "v": 0.10646161102488121}]}, {"source": 49, "prod": 2.0, "target": 10, "value": 0.0028300111056999999, "supply": [{"l": "Cephalopods", "v": 0.0028300111056999999}]}, {"source": 50, "prod": 10.0, "target": 10, "value": 0.011320044422799999, "supply": [{"l": "Mutton & Goat Meat", "v": 0.011320044422799999}]}, {"source": 51, "prod": 1.0, "target": 10, "value": 0.0037566519102212393, "supply": [{"l": "Sweeteners, Other", "v": 0.0037566519102212393}]}, {"source": 0, "prod": 43.0, "target": 10, "value": 0.061216246326041154, "supply": [{"l": "Pelagic Fish", "v": 0.061216246326041154}]}, {"source": 52, "prod": 730.0, "target": 10, "value": 0.52646492519374843, "supply": [{"l": "Bananas", "v": 0.52646492519374843}]}, {"source": 53, "prod": 1.0, "target": 10, "value": 0.00067920266536800002, "supply": [{"l": "Beverages, Fermented", "v": 0.00067920266536800002}]}, {"source": 54, "prod": 1.0, "target": 10, "value": 0.0047166851761666672, "supply": [{"l": "Spices, Other", "v": 0.0047166851761666672}]}, {"source": 55, "prod": 275.0, "target": 10, "value": 0.36463081581730544, "supply": [{"l": "Bovine Meat", "v": 0.36463081581730544}]}, {"source": 56, "prod": 240.0, "target": 10, "value": 0.10076083497217582, "supply": [{"l": "Fruits, Other", "v": 0.10076083497217582}]}, {"source": 57, "prod": 13.0, "target": 10, "value": 0.015108888860000001, "supply": [{"l": "Molluscs, Other", "v": 0.015108888860000001}]}, {"source": 58, "prod": 182.0, "target": 10, "value": 0.26853342164440841, "supply": [{"l": "Poultry Meat", "v": 0.26853342164440841}]}, {"source": 59, "prod": 47.0, "target": 10, "value": 0.056360390664364407, "supply": [{"l": "Offals, Edible", "v": 0.056360390664364407}]}, {"source": 60, "prod": 4.0, "target": 10, "value": 0.006288913568222222, "supply": [{"l": "Sweet potatoes", "v": 0.006288913568222222}]}, {"source": 61, "prod": 50.0, "target": 10, "value": 0.028075507000992067, "supply": [{"l": "Demersal Fish", "v": 0.028075507000992067}]}, {"source": 62, "prod": 214.0, "target": 10, "value": 0.067166991861715347, "supply": [{"l": "Oranges, Mandarines", "v": 0.067166991861715347}]}, {"source": 63, "prod": 41.0, "target": 10, "value": 0.37174806077787381, "supply": [{"l": "Cottonseed Oil", "v": 0.37174806077787381}]}, {"source": 64, "prod": 3.0, "target": 10, "value": 0.0063675249878250009, "supply": [{"l": "Cream", "v": 0.0063675249878250009}]}, {"source": 65, "prod": 46.0, "target": 10, "value": 0.02257465506280925, "supply": [{"l": "Onions", "v": 0.02257465506280925}]}, {"source": 66, "prod": 15.0, "target": 10, "value": 0.010978491358318965, "supply": [{"l": "Apples", "v": 0.010978491358318965}]}, {"source": 28, "prod": 135.0, "target": 67, "value": 0.15488574294709459, "supply": [{"l": "Coconuts - Incl Copra", "v": 0.15488574294709459}]}, {"source": 68, "prod": 33.0, "target": 67, "value": 0.070042774866075005, "supply": [{"l": "Cottonseed", "v": 0.070042774866075005}]}, {"source": 69, "prod": 62.0, "target": 67, "value": 0.13159551641505002, "supply": [{"l": "Sesame seed", "v": 0.13159551641505002}]}, {"source": 70, "prod": 23.0, "target": 67, "value": 0.048817691573325002, "supply": [{"l": "Soyabeans", "v": 0.048817691573325002}]}, {"source": 20, "prod": 154.0, "target": 67, "value": 0.46695183244050015, "supply": [{"l": "Barley", "v": 0.46695183244050015}]}, {"source": 71, "prod": 48.0, "target": 67, "value": 0.30801051103897681, "supply": [{"l": "Groundnuts", "v": 0.30801051103897681}]}, {"source": 72, "prod": 6001.0, "target": 67, "value": 2.3882198407461139, "supply": [{"l": "Sugar cane", "v": 2.3882198407461139}]}, {"source": 26, "prod": 52.0, "target": 73, "value": 0.4367600027299573, "supply": [{"l": "Fats, Animals, Raw", "v": 0.4367600027299573}]}, {"source": 27, "prod": 1.0, "target": 73, "value": 0.010412305011537736, "supply": [{"l": "Soyabean Oil", "v": 0.010412305011537736}]}, {"source": 38, "prod": 1.0, "target": 73, "value": 0.0097655312802323938, "supply": [{"l": "Coconut Oil", "v": 0.0097655312802323938}]}, {"source": 15, "prod": 5.0, "target": 73, "value": 0.020718099217773886, "supply": [{"l": "Sugar", "v": 0.020718099217773886}]}, {"source": 18, "prod": 50.0, "target": 73, "value": 0.51097422741805554, "supply": [{"l": "Groundnut Oil", "v": 0.51097422741805554}]}, {"source": 74, "prod": 2.0, "target": 73, "value": 0.019363233881105266, "supply": [{"l": "Palm Oil", "v": 0.019363233881105266}]}, {"source": 75, "prod": 4.0, "target": 73, "value": 0.044295826002260875, "supply": [{"l": "Oilcrops Oil, Other", "v": 0.044295826002260875}]}, {"source": 9, "prod": 1.0, "target": 9, "value": 0.0028100286795344222, "supply": [{"l": "Maize", "v": 0.0028100286795344222}]}, {"source": 68, "prod": 1.0, "target": 68, "value": 0.002122508329275, "supply": [{"l": "Cottonseed", "v": 0.002122508329275}]}, {"source": 5, "prod": 21.0, "target": 5, "value": 0.015838006314894671, "supply": [{"l": "Potatoes", "v": 0.015838006314894671}]}, {"source": 31, "prod": 9.0, "target": 31, "value": 0.013622581821602918, "supply": [{"l": "Eggs", "v": 0.013622581821602918}]}, {"source": 14, "prod": 3.0, "target": 14, "value": 0.0032487372386862251, "supply": [{"l": "Yams", "v": 0.0032487372386862251}]}, {"source": 47, "prod": 2.0, "target": 47, "value": 0.0078479299569831941, "supply": [{"l": "Beans", "v": 0.0078479299569831941}]}, {"source": 6, "prod": 12.0, "target": 6, "value": 0.048445952826389832, "supply": [{"l": "Rice", "v": 0.048445952826389832}]}, {"source": 7, "prod": 4.0, "target": 7, "value": 0.011706420260919982, "supply": [{"l": "Sorghum", "v": 0.011706420260919982}]}, {"source": 9, "prod": 62.0, "target": 76, "value": 0.17422177813113418, "supply": [{"l": "Maize", "v": 0.17422177813113418}]}, {"source": 12, "prod": 28.0, "target": 76, "value": 0.0079315849864232627, "supply": [{"l": "Vegetables, Other", "v": 0.0079315849864232627}]}, {"source": 3, "prod": 36.0, "target": 76, "value": 0.035123555006562876, "supply": [{"l": "Plantains", "v": 0.035123555006562876}]}, {"source": 56, "prod": 37.0, "target": 76, "value": 0.015533962058210442, "supply": [{"l": "Fruits, Other", "v": 0.015533962058210442}]}, {"source": 14, "prod": 2.0, "target": 76, "value": 0.0021658248257908166, "supply": [{"l": "Yams", "v": 0.0021658248257908166}]}, {"source": 15, "prod": 6.0, "target": 76, "value": 0.024861719061328665, "supply": [{"l": "Sugar", "v": 0.024861719061328665}]}, {"source": 20, "prod": 2.0, "target": 76, "value": 0.0060643095122142861, "supply": [{"l": "Barley", "v": 0.0060643095122142861}]}, {"source": 6, "prod": 16.0, "target": 76, "value": 0.064594603768519776, "supply": [{"l": "Rice", "v": 0.064594603768519776}]}, {"source": 22, "prod": 16.0, "target": 76, "value": 0.003478630808542894, "supply": [{"l": "Tomatoes", "v": 0.003478630808542894}]}, {"source": 26, "prod": 2.0, "target": 76, "value": 0.016798461643459894, "supply": [{"l": "Fats, Animals, Raw", "v": 0.016798461643459894}]}, {"source": 24, "prod": 1.0, "target": 76, "value": 0.00053734388082911399, "supply": [{"l": "Coffee", "v": 0.00053734388082911399}]}, {"source": 2, "prod": 21.0, "target": 76, "value": 0.069820850402692369, "supply": [{"l": "Wheat", "v": 0.069820850402692369}]}, {"source": 28, "prod": 16.0, "target": 76, "value": 0.01835682879372973, "supply": [{"l": "Coconuts - Incl Copra", "v": 0.01835682879372973}]}, {"source": 31, "prod": 5.0, "target": 76, "value": 0.00756810101200162, "supply": [{"l": "Eggs", "v": 0.00756810101200162}]}, {"source": 32, "prod": 7.0, "target": 76, "value": 0.0084417944914346593, "supply": [{"l": "Roots, Other", "v": 0.0084417944914346593}]}, {"source": 69, "prod": 1.0, "target": 76, "value": 0.002122508329275, "supply": [{"l": "Sesame seed", "v": 0.002122508329275}]}, {"source": 35, "prod": 1.0, "target": 76, "value": 0.00077182121064545454, "supply": [{"l": "Grapes", "v": 0.00077182121064545454}]}, {"source": 71, "prod": 1.0, "target": 76, "value": 0.006416885646645349, "supply": [{"l": "Groundnuts", "v": 0.006416885646645349}]}, {"source": 41, "prod": 1.0, "target": 76, "value": 0.0017299440928260188, "supply": [{"l": "Pigmeat", "v": 0.0017299440928260188}]}, {"source": 5, "prod": 8.0, "target": 76, "value": 0.0060335262151979705, "supply": [{"l": "Potatoes", "v": 0.0060335262151979705}]}, {"source": 45, "prod": 25.0, "target": 76, "value": 0.014812949193560488, "supply": [{"l": "Milk - Excluding Butter", "v": 0.014812949193560488}]}, {"source": 47, "prod": 1.0, "target": 76, "value": 0.003923964978491597, "supply": [{"l": "Beans", "v": 0.003923964978491597}]}, {"source": 66, "prod": 2.0, "target": 76, "value": 0.001463798847775862, "supply": [{"l": "Apples", "v": 0.001463798847775862}]}, {"source": 7, "prod": 49.0, "target": 76, "value": 0.1434036481962698, "supply": [{"l": "Sorghum", "v": 0.1434036481962698}]}, {"source": 44, "prod": 6.0, "target": 76, "value": 0.0021284206087437323, "supply": [{"l": "Pineapples", "v": 0.0021284206087437323}]}, {"source": 52, "prod": 129.0, "target": 76, "value": 0.093032842945196648, "supply": [{"l": "Bananas", "v": 0.093032842945196648}]}, {"source": 55, "prod": 14.0, "target": 76, "value": 0.018563023350699183, "supply": [{"l": "Bovine Meat", "v": 0.018563023350699183}]}, {"source": 62, "prod": 30.0, "target": 76, "value": 0.0094159334385582275, "supply": [{"l": "Oranges, Mandarines", "v": 0.0094159334385582275}]}, {"source": 65, "prod": 6.0, "target": 76, "value": 0.0029445202255838155, "supply": [{"l": "Onions", "v": 0.0029445202255838155}]}, {"source": 8, "prod": 85.0, "target": 76, "value": 0.082126423607042962, "supply": [{"l": "Cassava", "v": 0.082126423607042962}]}, {"source": 77, "prod": 1.0, "target": 54, "value": 0.0047166851761666672, "supply": [{"l": "Spices, Other", "v": 0.0047166851761666672}]}, {"source": 77, "prod": 1.0, "target": 22, "value": 0.00021741442553393088, "supply": [{"l": "Tomatoes", "v": 0.00021741442553393088}]}, {"source": 77, "prod": 3.0, "target": 29, "value": 0.011073956500565219, "supply": [{"l": "Treenuts", "v": 0.011073956500565219}]}, {"source": 77, "prod": 13.0, "target": 12, "value": 0.0036825216008393711, "supply": [{"l": "Vegetables, Other", "v": 0.0036825216008393711}]}, {"source": 77, "prod": 17.0, "target": 66, "value": 0.012442290206094829, "supply": [{"l": "Apples", "v": 0.012442290206094829}]}, {"source": 77, "prod": 718.0, "target": 2, "value": 2.3872081232920532, "supply": [{"l": "Wheat", "v": 2.3872081232920532}]}, {"source": 77, "prod": 178.0, "target": 20, "value": 0.53972354658707145, "supply": [{"l": "Barley", "v": 0.53972354658707145}]}, {"source": 77, "prod": 3.0, "target": 11, "value": 0.0063675249878250009, "supply": [{"l": "Olives", "v": 0.0063675249878250009}]}, {"source": 77, "prod": 42.0, "target": 23, "value": 0.11848432572281965, "supply": [{"l": "Cereals, Other", "v": 0.11848432572281965}]}, {"source": 77, "prod": 562.0, "target": 1, "value": 0.38315158597933235, "supply": [{"l": "Eggs", "v": 0.0030272404048006479}, {"l": "Pigmeat", "v": 0.0017299440928260188}, {"l": "Milk - Excluding Butter", "v": 0.27966848077442202}, {"l": "Fish, Seafood", "v": 0.031512636863364835}, {"l": "Pelagic Fish", "v": 0.046979909971147871}, {"l": "Bovine Meat", "v": 0.015911162872027873}, {"l": "Molluscs, Other", "v": 0.0011622222200000001}, {"l": "Poultry Meat", "v": 0.0014754583606835627}, {"l": "Demersal Fish", "v": 0.0016845304200595241}]}, {"source": 77, "prod": 3.0, "target": 13, "value": 0.010188039980520001, "supply": [{"l": "Nuts", "v": 0.010188039980520001}]}, {"source": 77, "prod": 21.0, "target": 33, "value": 0.082035598002653393, "supply": [{"l": "Peas", "v": 0.082035598002653393}]}, {"source": 77, "prod": 5.0, "target": 36, "value": 0.02070739833439024, "supply": [{"l": "Oilcrops, Other", "v": 0.02070739833439024}]}, {"source": 77, "prod": 481.0, "target": 7, "value": 1.407697036375628, "supply": [{"l": "Sorghum", "v": 1.407697036375628}]}, {"source": 77, "prod": 23.0, "target": 70, "value": 0.048817691573325002, "supply": [{"l": "Soyabeans", "v": 0.048817691573325002}]}, {"source": 77, "prod": 19.0, "target": 5, "value": 0.014329624761095179, "supply": [{"l": "Potatoes", "v": 0.014329624761095179}]}, {"source": 77, "prod": 16.0, "target": 47, "value": 0.062783439655865553, "supply": [{"l": "Beans", "v": 0.062783439655865553}]}, {"source": 77, "prod": 294.0, "target": 67, "value": 1.9353849983901605, "supply": [{"l": "Sugar", "v": 0.38535664545059428}, {"l": "Groundnut Oil", "v": 0.52119371196641673}, {"l": "Beverages, Alcoholic", "v": 0.10968490248178883}, {"l": "Fats, Animals, Raw", "v": 0.18478307807805888}, {"l": "Soyabean Oil", "v": 0.15618457517306605}, {"l": "Palm Oil", "v": 0.019363233881105266}, {"l": "Olive Oil", "v": 0.012128619024428572}, {"l": "Coconut Oil", "v": 0.1757795630441831}, {"l": "Oilcrops Oil, Other", "v": 0.022147913001130438}, {"l": "Wine", "v": 0.011546445311256003}, {"l": "Sweeteners, Other", "v": 0.0037566519102212393}, {"l": "Beverages, Fermented", "v": 0.00067920266536800002}, {"l": "Cottonseed Oil", "v": 0.3264129314147185}, {"l": "Cream", "v": 0.0063675249878250009}]}, {"source": 77, "prod": 5.0, "target": 35, "value": 0.0038591060532272726, "supply": [{"l": "Grapes", "v": 0.0038591060532272726}]}, {"source": 77, "prod": 359.0, "target": 9, "value": 1.0088002959528575, "supply": [{"l": "Maize", "v": 1.0088002959528575}]}, {"source": 77, "prod": 40.0, "target": 56, "value": 0.016793472495362637, "supply": [{"l": "Fruits, Other", "v": 0.016793472495362637}]}, {"source": 77, "prod": 35.0, "target": 71, "value": 0.22459099763258725, "supply": [{"l": "Groundnuts", "v": 0.22459099763258725}]}, {"source": 77, "prod": 2.0, "target": 28, "value": 0.0022946035992162162, "supply": [{"l": "Coconuts - Incl Copra", "v": 0.0022946035992162162}]}, {"source": 77, "prod": 26.0, "target": 39, "value": 0.050423040512725885, "supply": [{"l": "Oats", "v": 0.050423040512725885}]}, {"source": 77, "prod": 9.0, "target": 48, "value": 0.034341707799505614, "supply": [{"l": "Pulses, Other", "v": 0.034341707799505614}]}, {"source": 9, "prod": 2.0, "target": 78, "value": 0.0056200573590688445, "supply": [{"l": "Maize", "v": 0.0056200573590688445}]}, {"source": 24, "prod": 18.0, "target": 78, "value": 0.0096721898549240529, "supply": [{"l": "Coffee", "v": 0.0096721898549240529}]}, {"source": 12, "prod": 10.0, "target": 78, "value": 0.0028327089237225934, "supply": [{"l": "Vegetables, Other", "v": 0.0028327089237225934}]}, {"source": 62, "prod": 6.0, "target": 78, "value": 0.0018831866877116452, "supply": [{"l": "Oranges, Mandarines", "v": 0.0018831866877116452}]}, {"source": 42, "prod": 8.0, "target": 78, "value": 0.012815144629584907, "supply": [{"l": "Cocoa Beans", "v": 0.012815144629584907}]}, {"source": 3, "prod": 4.0, "target": 78, "value": 0.0039026172229514309, "supply": [{"l": "Plantains", "v": 0.0039026172229514309}]}, {"source": 32, "prod": 2.0, "target": 78, "value": 0.0024119412832670456, "supply": [{"l": "Roots, Other", "v": 0.0024119412832670456}]}, {"source": 56, "prod": 8.0, "target": 78, "value": 0.0033586944990725274, "supply": [{"l": "Fruits, Other", "v": 0.0033586944990725274}]}, {"source": 15, "prod": 1.0, "target": 78, "value": 0.0041436198435547775, "supply": [{"l": "Sugar", "v": 0.0041436198435547775}]}, {"source": 5, "prod": 3.0, "target": 78, "value": 0.0022625723306992388, "supply": [{"l": "Potatoes", "v": 0.0022625723306992388}]}, {"source": 0, "prod": 5.0, "target": 78, "value": 0.0071181681774466462, "supply": [{"l": "Pelagic Fish", "v": 0.0071181681774466462}]}, {"source": 61, "prod": 1.0, "target": 78, "value": 0.0005615101400198413, "supply": [{"l": "Demersal Fish", "v": 0.0005615101400198413}]}, {"source": 4, "prod": 12.0, "target": 78, "value": 0.010220314658388597, "supply": [{"l": "Fish, Seafood", "v": 0.010220314658388597}]}, {"source": 30, "prod": 6.0, "target": 78, "value": 0.0039797031173906252, "supply": [{"l": "Crustaceans", "v": 0.0039797031173906252}]}, {"source": 6, "prod": 2.0, "target": 78, "value": 0.008074325471064972, "supply": [{"l": "Rice", "v": 0.008074325471064972}]}, {"source": 65, "prod": 1.0, "target": 78, "value": 0.00049075337093063584, "supply": [{"l": "Onions", "v": 0.00049075337093063584}]}, {"source": 22, "prod": 2.0, "target": 78, "value": 0.00043482885106786175, "supply": [{"l": "Tomatoes", "v": 0.00043482885106786175}]}, {"source": 79, "prod": 36.0, "target": 9, "value": 0.10116103246323921, "supply": [{"l": "Maize", "v": 0.10116103246323921}]}, {"source": 79, "prod": 20.0, "target": 24, "value": 0.01074687761658228, "supply": [{"l": "Coffee", "v": 0.01074687761658228}]}, {"source": 79, "prod": 43.0, "target": 6, "value": 0.17359799762789688, "supply": [{"l": "Rice", "v": 0.17359799762789688}]}, {"source": 79, "prod": 20.0, "target": 2, "value": 0.066496048002564159, "supply": [{"l": "Wheat", "v": 0.066496048002564159}]}, {"source": 27, "prod": 3.0, "target": 80, "value": 0.031236915034613212, "supply": [{"l": "Soyabean Oil", "v": 0.031236915034613212}]}, {"source": 79, "prod": 13.0, "target": 67, "value": 0.053867057966212099, "supply": [{"l": "Sugar", "v": 0.053867057966212099}]}, {"source": 20, "prod": 20.0, "target": 80, "value": 0.060643095122142866, "supply": [{"l": "Barley", "v": 0.060643095122142866}]}, {"source": 19, "prod": 2.0, "target": 80, "value": 0.006855306405111802, "supply": [{"l": "Beverages, Alcoholic", "v": 0.006855306405111802}]}, {"source": 1, "prod": 182.0, "target": 58, "value": 0.26853342164440841, "supply": [{"l": "Poultry Meat", "v": 0.26853342164440841}]}, {"source": 1, "prod": 85.0, "target": 41, "value": 0.14704524789021159, "supply": [{"l": "Pigmeat", "v": 0.14704524789021159}]}, {"source": 1, "prod": 100.0, "target": 0, "value": 0.14236336354893292, "supply": [{"l": "Pelagic Fish", "v": 0.14236336354893292}]}, {"source": 1, "prod": 9.0, "target": 30, "value": 0.0059695546760859374, "supply": [{"l": "Crustaceans", "v": 0.0059695546760859374}]}, {"source": 1, "prod": 86.0, "target": 31, "value": 0.13017133740642786, "supply": [{"l": "Eggs", "v": 0.14379391922803078}]}, {"source": 1, "prod": 13.0, "target": 57, "value": 0.015108888860000001, "supply": [{"l": "Molluscs, Other", "v": 0.015108888860000001}]}, {"source": 1, "prod": 2.0, "target": 49, "value": 0.0028300111056999999, "supply": [{"l": "Cephalopods", "v": 0.0028300111056999999}]}, {"source": 1, "prod": 1670.0, "target": 45, "value": 0.9895050061298406, "supply": [{"l": "Milk - Excluding Butter", "v": 0.9895050061298406}]}, {"source": 1, "prod": 47.0, "target": 59, "value": 0.056360390664364407, "supply": [{"l": "Offals, Edible", "v": 0.056360390664364407}]}, {"source": 1, "prod": 7.0, "target": 34, "value": 0.0059430233219700005, "supply": [{"l": "Marine Fish, Other", "v": 0.0059430233219700005}]}, {"source": 1, "prod": 189.0, "target": 4, "value": 0.1609699558696204, "supply": [{"l": "Fish, Seafood", "v": 0.1609699558696204}]}, {"source": 1, "prod": 289.0, "target": 55, "value": 0.38319383916800465, "supply": [{"l": "Bovine Meat", "v": 0.38319383916800465}]}, {"source": 1, "prod": 51.0, "target": 61, "value": 0.028637017141011908, "supply": [{"l": "Demersal Fish", "v": 0.028637017141011908}]}, {"source": 1, "prod": 7.0, "target": 43, "value": 0.0056066257754433958, "supply": [{"l": "Freshwater Fish", "v": 0.0056066257754433958}]}, {"source": 1, "prod": 10.0, "target": 50, "value": 0.011320044422799999, "supply": [{"l": "Mutton & Goat Meat", "v": 0.011320044422799999}]}, {"source": 67, "prod": 1.0, "target": 40, "value": 0.012128619024428572, "supply": [{"l": "Olive Oil", "v": 0.012128619024428572}]}, {"source": 67, "prod": 79.0, "target": 26, "value": 0.66353923491666589, "supply": [{"l": "Fats, Animals, Raw", "v": 0.66353923491666589}]}, {"source": 67, "prod": 1.0, "target": 51, "value": 0.0037566519102212393, "supply": [{"l": "Sweeteners, Other", "v": 0.0037566519102212393}]}, {"source": 67, "prod": 30.0, "target": 46, "value": 0.30564119941559997, "supply": [{"l": "Sesameseed Oil", "v": 0.30564119941559997}]}, {"source": 67, "prod": 1.0, "target": 53, "value": 0.00067920266536800002, "supply": [{"l": "Beverages, Fermented", "v": 0.00067920266536800002}]}, {"source": 67, "prod": 18.0, "target": 27, "value": 0.18742149020767926, "supply": [{"l": "Soyabean Oil", "v": 0.18742149020767926}]}, {"source": 67, "prod": 29.0, "target": 38, "value": 0.28320040712673944, "supply": [{"l": "Coconut Oil", "v": 0.28320040712673944}]}, {"source": 67, "prod": 2.0, "target": 74, "value": 0.019363233881105266, "supply": [{"l": "Palm Oil", "v": 0.019363233881105266}]}, {"source": 67, "prod": 587.0, "target": 15, "value": 2.432304848166654, "supply": [{"l": "Sugar", "v": 2.432304848166654}]}, {"source": 67, "prod": 9.0, "target": 16, "value": 0.091236178930029846, "supply": [{"l": "Maize Germ Oil", "v": 0.091236178930029846}]}, {"source": 67, "prod": 700.0, "target": 17, "value": 0.29126975753293127, "supply": [{"l": "Beer", "v": 0.29126975753293127}]}, {"source": 67, "prod": 71.0, "target": 18, "value": 0.72558340293363888, "supply": [{"l": "Groundnut Oil", "v": 0.72558340293363888}]}, {"source": 67, "prod": 87.0, "target": 19, "value": 0.29820582862236333, "supply": [{"l": "Beverages, Alcoholic", "v": 0.29820582862236333}]}, {"source": 67, "prod": 41.0, "target": 63, "value": 0.37174806077787381, "supply": [{"l": "Cottonseed Oil", "v": 0.37174806077787381}]}, {"source": 67, "prod": 3.0, "target": 64, "value": 0.0063675249878250009, "supply": [{"l": "Cream", "v": 0.0063675249878250009}]}, {"source": 67, "prod": 4.0, "target": 75, "value": 0.044295826002260875, "supply": [{"l": "Oilcrops Oil, Other", "v": 0.044295826002260875}]}, {"source": 67, "prod": 18.0, "target": 25, "value": 0.074129395380649263, "supply": [{"l": "Sugar non-centrifugal", "v": 0.074129395380649263}]}, {"source": 67, "prod": 8.0, "target": 21, "value": 0.065729290196903239, "supply": [{"l": "Butter, Ghee", "v": 0.065729290196903239}]}, {"source": 67, "prod": 17.0, "target": 37, "value": 0.011546445311256003, "supply": [{"l": "Wine", "v": 0.011546445311256003}]}, {"source": 81, "prod": 0, "target": 9, "value": 0.0090499829938272946, "supply": "[{\"l\":'Energy for power irrigation',\"v\":0.0090499829938272946}]"}, {"source": 81, "prod": 0, "target": 12, "value": 0.0024942636056158153, "supply": "[{\"l\":'Energy for power irrigation',\"v\":0.0024942636056158153}]"}, {"source": 81, "prod": 0, "target": 3, "value": 0.0053343395695323488, "supply": "[{\"l\":'Energy for power irrigation',\"v\":0.0053343395695323488}]"}, {"source": 81, "prod": 0, "target": 56, "value": 0.0038922284583208446, "supply": "[{\"l\":'Energy for power irrigation',\"v\":0.0038922284583208446}]"}, {"source": 81, "prod": 0, "target": 14, "value": 0.00044882029481582524, "supply": "[{\"l\":'Energy for power irrigation',\"v\":0.00044882029481582524}]"}, {"source": 81, "prod": 0, "target": 6, "value": 0.0023397517008431545, "supply": "[{\"l\":'Energy for power irrigation',\"v\":0.0023397517008431545}]"}, {"source": 81, "prod": 0, "target": 22, "value": 0.0017732080500100634, "supply": "[{\"l\":'Energy for power irrigation',\"v\":0.0017732080500100634}]"}, {"source": 81, "prod": 0, "target": 24, "value": 0.00074312868485898931, "supply": "[{\"l\":'Energy for power irrigation',\"v\":0.00074312868485898931}]"}, {"source": 81, "prod": 0, "target": 2, "value": 0.0054299897962963774, "supply": "[{\"l\":'Energy for power irrigation',\"v\":0.0054299897962963774}]"}, {"source": 81, "prod": 0, "target": 28, "value": 0.0022882477325856009, "supply": "[{\"l\":'Energy for power irrigation',\"v\":0.0022882477325856009}]"}, {"source": 81, "prod": 0, "target": 32, "value": 0.00080934807261870119, "supply": "[{\"l\":'Energy for power irrigation',\"v\":0.00080934807261870119}]"}, {"source": 81, "prod": 0, "target": 33, "value": 0.00017658503402589844, "supply": "[{\"l\":'Energy for power irrigation',\"v\":0.00017658503402589844}]"}, {"source": 81, "prod": 0, "target": 69, "value": 0.0009270714286359668, "supply": "[{\"l\":'Energy for power irrigation',\"v\":0.0009270714286359668}]"}, {"source": 81, "prod": 0, "target": 35, "value": 8.0934807261870124e-05, "supply": "[{\"l\":'Energy for power irrigation',\"v\":8.0934807261870124e-05}]"}, {"source": 81, "prod": 0, "target": 71, "value": 0.0004635357143179834, "supply": "[{\"l\":'Energy for power irrigation',\"v\":0.0004635357143179834}]"}, {"source": 81, "prod": 0, "target": 42, "value": 0.00022073129253237302, "supply": "[{\"l\":'Energy for power irrigation',\"v\":0.00022073129253237302}]"}, {"source": 81, "prod": 0, "target": 68, "value": 0.0005076819728244581, "supply": "[{\"l\":'Energy for power irrigation',\"v\":0.0005076819728244581}]"}, {"source": 81, "prod": 0, "target": 5, "value": 0.0020822318595553856, "supply": "[{\"l\":'Energy for power irrigation',\"v\":0.0020822318595553856}]"}, {"source": 81, "prod": 0, "target": 47, "value": 0.00061804761909064446, "supply": "[{\"l\":'Energy for power irrigation',\"v\":0.00061804761909064446}]"}, {"source": 81, "prod": 0, "target": 48, "value": 0.00011036564626618651, "supply": "[{\"l\":'Energy for power irrigation',\"v\":0.00011036564626618651}]"}, {"source": 81, "prod": 0, "target": 7, "value": 0.0053711281182877444, "supply": "[{\"l\":'Energy for power irrigation',\"v\":0.0053711281182877444}]"}, {"source": 81, "prod": 0, "target": 72, "value": 0.08830723243245138, "supply": "[{\"l\":'Energy for power irrigation',\"v\":0.08830723243245138}]"}, {"source": 81, "prod": 0, "target": 44, "value": 0.0007872749433654639, "supply": "[{\"l\":'Energy for power irrigation',\"v\":0.0007872749433654639}]"}, {"source": 81, "prod": 0, "target": 52, "value": 0.012640545352353897, "supply": "[{\"l\":'Energy for power irrigation',\"v\":0.012640545352353897}]"}, {"source": 81, "prod": 0, "target": 60, "value": 5.8861678008632817e-05, "supply": "[{\"l\":'Energy for power irrigation',\"v\":5.8861678008632817e-05}]"}, {"source": 81, "prod": 0, "target": 62, "value": 0.0036788548755395511, "supply": "[{\"l\":'Energy for power irrigation',\"v\":0.0036788548755395511}]"}, {"source": 81, "prod": 0, "target": 65, "value": 0.00077991723361438476, "supply": "[{\"l\":'Energy for power irrigation',\"v\":0.00077991723361438476}]"}, {"source": 81, "prod": 0, "target": 8, "value": 0.0043336910433855909, "supply": "[{\"l\":'Energy for power irrigation',\"v\":0.0043336910433855909}]"}, {"source": 81, "prod": 0, "target": 67, "value": 0.035000000027999995, "supply": "[{\"l\":'Electricity',\"v\":0.035000000027999995}]"}, {"source": 82, "prod": 0, "target": 81, "value": 0.22439807993246691, "supply": [{"l": "Coal", "v": 0.0}, {"l": "Natural gas", "v": 0.15530036279639015}, {"l": "Oil", "v": 0.06909771713607675}]}, {"source": 83, "prod": 0, "target": 81, "value": 0.09940871428377232, "supply": [{"l": "Nuclear", "v": 0.0}, {"l": "Hydroelectric", "v": 0.09940871428377232}, {"l": "Renewable", "v": 0.0}]}, {"source": 82, "prod": 0, "target": 9, "value": 0.0081853163023960125, "supply": [{"l": "Gas-Diesel oil", "v": 0.00068432002787367828}, {"l": "Fuel oil", "v": 0.0075009962745223339}]}, {"source": 82, "prod": 0, "target": 12, "value": 0.0022559530296847549, "supply": [{"l": "Gas-Diesel oil", "v": 0.0001886052759749406}, {"l": "Fuel oil", "v": 0.0020673477537098139}]}, {"source": 82, "prod": 0, "target": 3, "value": 0.0048246783083228531, "supply": [{"l": "Gas-Diesel oil", "v": 0.0004033593660231031}, {"l": "Fuel oil", "v": 0.00442131894229975}]}, {"source": 82, "prod": 0, "target": 56, "value": 0.0035203514829003986, "supply": [{"l": "Gas-Diesel oil", "v": 0.00029431324776030553}, {"l": "Fuel oil", "v": 0.0032260382351400932}]}, {"source": 82, "prod": 0, "target": 14, "value": 0.00040593845076923314, "supply": [{"l": "Gas-Diesel oil", "v": 3.3937822520564534e-05}, {"l": "Fuel oil", "v": 0.00037200062824866863}]}, {"source": 82, "prod": 0, "target": 6, "value": 0.0021162037269609204, "supply": [{"l": "Gas-Diesel oil", "v": 0.0001769217633039266}, {"l": "Fuel oil", "v": 0.0019392819636569938}]}, {"source": 82, "prod": 0, "target": 22, "value": 0.0016037896169735276, "supply": [{"l": "Gas-Diesel oil", "v": 0.00013408221684354184}, {"l": "Fuel oil", "v": 0.0014697074001299858}]}, {"source": 82, "prod": 0, "target": 24, "value": 0.00067212759881463201, "supply": [{"l": "Gas-Diesel oil", "v": 5.6192132370115052e-05}, {"l": "Fuel oil", "v": 0.00061593546644451687}]}, {"source": 82, "prod": 0, "target": 2, "value": 0.004911189781437608, "supply": [{"l": "Gas-Diesel oil", "v": 0.00041059201672420702}, {"l": "Fuel oil", "v": 0.0045005977647134005}]}, {"source": 82, "prod": 0, "target": 28, "value": 0.0020696206260529758, "supply": [{"l": "Gas-Diesel oil", "v": 0.00017302725908025524}, {"l": "Fuel oil", "v": 0.0018965933669727202}]}, {"source": 82, "prod": 0, "target": 32, "value": 0.00073202015712484666, "supply": [{"l": "Gas-Diesel oil", "v": 6.119935208626392e-05}, {"l": "Fuel oil", "v": 0.00067082080503858281}]}, {"source": 82, "prod": 0, "target": 33, "value": 0.00015971348882723926, "supply": [{"l": "Gas-Diesel oil", "v": 1.3352585909730308e-05}, {"l": "Fuel oil", "v": 0.00014636090291750896}]}, {"source": 82, "prod": 0, "target": 69, "value": 0.00083849581634300608, "supply": [{"l": "Gas-Diesel oil", "v": 7.0101076026084108e-05}, {"l": "Fuel oil", "v": 0.00076839474031692196}]}, {"source": 82, "prod": 0, "target": 35, "value": 7.3202015712484666e-05, "supply": [{"l": "Gas-Diesel oil", "v": 6.1199352086263913e-06}, {"l": "Fuel oil", "v": 6.7082080503858278e-05}]}, {"source": 82, "prod": 0, "target": 71, "value": 0.00041924790817150304, "supply": [{"l": "Gas-Diesel oil", "v": 3.5050538013042054e-05}, {"l": "Fuel oil", "v": 0.00038419737015846098}]}, {"source": 82, "prod": 0, "target": 42, "value": 0.00019964186103404907, "supply": [{"l": "Gas-Diesel oil", "v": 1.6690732387162884e-05}, {"l": "Fuel oil", "v": 0.00018295112864688618}]}, {"source": 82, "prod": 0, "target": 68, "value": 0.00045917628037831296, "supply": [{"l": "Gas-Diesel oil", "v": 3.8388684490474635e-05}, {"l": "Fuel oil", "v": 0.00042078759588783831}]}, {"source": 82, "prod": 0, "target": 5, "value": 0.0018832882224211964, "supply": [{"l": "Gas-Diesel oil", "v": 0.00015744924218556987}, {"l": "Fuel oil", "v": 0.0017258389802356263}]}, {"source": 82, "prod": 0, "target": 47, "value": 0.00055899721089533742, "supply": [{"l": "Gas-Diesel oil", "v": 4.6734050684056077e-05}, {"l": "Fuel oil", "v": 0.00051226316021128131}]}, {"source": 82, "prod": 0, "target": 48, "value": 9.9820930517024534e-05, "supply": [{"l": "Gas-Diesel oil", "v": 8.3453661935814418e-06}, {"l": "Fuel oil", "v": 9.1475564323443092e-05}]}, {"source": 82, "prod": 0, "target": 7, "value": 0.0048579519518285276, "supply": [{"l": "Gas-Diesel oil", "v": 0.00040614115475429689}, {"l": "Fuel oil", "v": 0.0044518107970742309}]}, {"source": 82, "prod": 0, "target": 72, "value": 0.079870053871021904, "supply": [{"l": "Gas-Diesel oil", "v": 0.0066774056703576314}, {"l": "Fuel oil", "v": 0.073192648200664276}]}, {"source": 82, "prod": 0, "target": 44, "value": 0.00071205597102144181, "supply": [{"l": "Gas-Diesel oil", "v": 5.9530278847547626e-05}, {"l": "Fuel oil", "v": 0.0006525256921738942}]}, {"source": 82, "prod": 0, "target": 52, "value": 0.011432823908549878, "supply": [{"l": "Gas-Diesel oil", "v": 0.0009558226080381945}, {"l": "Fuel oil", "v": 0.010477001300511683}]}, {"source": 82, "prod": 0, "target": 60, "value": 5.3237829609079762e-05, "supply": [{"l": "Gas-Diesel oil", "v": 4.4508619699101026e-06}, {"l": "Fuel oil", "v": 4.8786967639169655e-05}]}, {"source": 82, "prod": 0, "target": 62, "value": 0.003327364350567485, "supply": [{"l": "Gas-Diesel oil", "v": 0.00027817887311938145}, {"l": "Fuel oil", "v": 0.0030491854774481035}]}, {"source": 82, "prod": 0, "target": 65, "value": 0.00070540124232030676, "supply": [{"l": "Gas-Diesel oil", "v": 5.8973921101308859e-05}, {"l": "Fuel oil", "v": 0.00064642732121899789}]}, {"source": 82, "prod": 0, "target": 8, "value": 0.0039196352049684973, "supply": [{"l": "Gas-Diesel oil", "v": 0.0003276947125346313}, {"l": "Fuel oil", "v": 0.0035919404924338654}]}, {"source": 84, "prod": 9.2238255158600779, "target": 9, "value": 0.095262281827416986, "supply": [{"l": "Potash", "v": 0.10228891119294224}, {"l": "Phosphate", "v": 0.19686162515748928}, {"l": "Nitrogen", "v": 1.3636022510908816}]}, {"source": 84, "prod": 2.5421763007126557, "target": 12, "value": 0.026255214259751511, "supply": [{"l": "Potash", "v": 0.10228891119294224}, {"l": "Phosphate", "v": 0.19686162515748928}, {"l": "Nitrogen", "v": 1.3636022510908816}]}, {"source": 84, "prod": 5.4368077227630547, "target": 3, "value": 0.056150531971444977, "supply": [{"l": "Potash", "v": 0.10228891119294224}, {"l": "Phosphate", "v": 0.19686162515748928}, {"l": "Nitrogen", "v": 1.3636022510908816}]}, {"source": 84, "prod": 3.966994876333318, "target": 56, "value": 0.040970526086750884, "supply": [{"l": "Potash", "v": 0.10228891119294224}, {"l": "Phosphate", "v": 0.19686162515748928}, {"l": "Nitrogen", "v": 1.3636022510908816}]}, {"source": 84, "prod": 0.45744175322558112, "target": 14, "value": 0.0047243895865629569, "supply": [{"l": "Potash", "v": 0.10228891119294224}, {"l": "Phosphate", "v": 0.19686162515748928}, {"l": "Nitrogen", "v": 1.3636022510908816}]}, {"source": 84, "prod": 2.3846963528808982, "target": 6, "value": 0.024628785057820003, "supply": [{"l": "Potash", "v": 0.10228891119294224}, {"l": "Phosphate", "v": 0.19686162515748928}, {"l": "Nitrogen", "v": 1.3636022510908816}]}, {"source": 84, "prod": 1.8072698774977876, "target": 22, "value": 0.018665211317404465, "supply": [{"l": "Potash", "v": 0.10228891119294224}, {"l": "Phosphate", "v": 0.19686162515748928}, {"l": "Nitrogen", "v": 1.3636022510908816}]}, {"source": 84, "prod": 0.75740355861940478, "target": 24, "value": 0.0078223499711944037, "supply": [{"l": "Potash", "v": 0.10228891119294224}, {"l": "Phosphate", "v": 0.19686162515748928}, {"l": "Nitrogen", "v": 1.3636022510908816}]}, {"source": 84, "prod": 5.5342953095160476, "target": 2, "value": 0.057157369096450195, "supply": [{"l": "Potash", "v": 0.10228891119294224}, {"l": "Phosphate", "v": 0.19686162515748928}, {"l": "Nitrogen", "v": 1.3636022510908816}]}, {"source": 84, "prod": 2.3322030369369791, "target": 28, "value": 0.0240866419905095, "supply": [{"l": "Potash", "v": 0.10228891119294224}, {"l": "Phosphate", "v": 0.19686162515748928}, {"l": "Nitrogen", "v": 1.3636022510908816}]}, {"source": 84, "prod": 0.82489496483301517, "target": 32, "value": 0.0085193910577364782, "supply": [{"l": "Potash", "v": 0.10228891119294224}, {"l": "Phosphate", "v": 0.19686162515748928}, {"l": "Nitrogen", "v": 1.3636022510908816}]}, {"source": 84, "prod": 0.17997708323629419, "target": 33, "value": 0.0018587762307788679, "supply": [{"l": "Potash", "v": 0.10228891119294224}, {"l": "Phosphate", "v": 0.19686162515748928}, {"l": "Nitrogen", "v": 1.3636022510908816}]}, {"source": 84, "prod": 0.94487968699054448, "target": 69, "value": 0.0097585752115890573, "supply": [{"l": "Potash", "v": 0.10228891119294224}, {"l": "Phosphate", "v": 0.19686162515748928}, {"l": "Nitrogen", "v": 1.3636022510908816}]}, {"source": 84, "prod": 0.082489496483301505, "target": 35, "value": 0.00085193910577364789, "supply": [{"l": "Potash", "v": 0.10228891119294224}, {"l": "Phosphate", "v": 0.19686162515748928}, {"l": "Nitrogen", "v": 1.3636022510908816}]}, {"source": 84, "prod": 0.47243984349527224, "target": 71, "value": 0.0048792876057945286, "supply": [{"l": "Potash", "v": 0.10228891119294224}, {"l": "Phosphate", "v": 0.19686162515748928}, {"l": "Nitrogen", "v": 1.3636022510908816}]}, {"source": 84, "prod": 0.22497135404536775, "target": 42, "value": 0.0023234702884735851, "supply": [{"l": "Potash", "v": 0.10228891119294224}, {"l": "Phosphate", "v": 0.19686162515748928}, {"l": "Nitrogen", "v": 1.3636022510908816}]}, {"source": 84, "prod": 0.51743411430434583, "target": 68, "value": 0.0053439816634892464, "supply": [{"l": "Potash", "v": 0.10228891119294224}, {"l": "Phosphate", "v": 0.19686162515748928}, {"l": "Nitrogen", "v": 1.3636022510908816}]}, {"source": 84, "prod": 2.1222297731613025, "target": 5, "value": 0.021918069721267485, "supply": [{"l": "Potash", "v": 0.10228891119294224}, {"l": "Phosphate", "v": 0.19686162515748928}, {"l": "Nitrogen", "v": 1.3636022510908816}]}, {"source": 84, "prod": 0.62991979132702969, "target": 47, "value": 0.0065057168077260379, "supply": [{"l": "Potash", "v": 0.10228891119294224}, {"l": "Phosphate", "v": 0.19686162515748928}, {"l": "Nitrogen", "v": 1.3636022510908816}]}, {"source": 84, "prod": 0.11248567702268387, "target": 48, "value": 0.0011617351442367925, "supply": [{"l": "Potash", "v": 0.10228891119294224}, {"l": "Phosphate", "v": 0.19686162515748928}, {"l": "Nitrogen", "v": 1.3636022510908816}]}, {"source": 84, "prod": 5.4743029484372823, "target": 7, "value": 0.056537777019523908, "supply": [{"l": "Potash", "v": 0.10228891119294224}, {"l": "Phosphate", "v": 0.19686162515748928}, {"l": "Nitrogen", "v": 1.3636022510908816}]}, {"source": 84, "prod": 90.003539708416795, "target": 72, "value": 0.92954301340866563, "supply": [{"l": "Potash", "v": 0.10228891119294224}, {"l": "Phosphate", "v": 0.19686162515748928}, {"l": "Nitrogen", "v": 1.3636022510908816}]}, {"source": 84, "prod": 0.80239782942847837, "target": 44, "value": 0.0082870440288891206, "supply": [{"l": "Potash", "v": 0.10228891119294224}, {"l": "Phosphate", "v": 0.19686162515748928}, {"l": "Nitrogen", "v": 1.3636022510908816}]}, {"source": 84, "prod": 12.883359541664726, "target": 52, "value": 0.13305739851992063, "supply": [{"l": "Potash", "v": 0.10228891119294224}, {"l": "Phosphate", "v": 0.19686162515748928}, {"l": "Nitrogen", "v": 1.3636022510908816}]}, {"source": 84, "prod": 0.059992361078764739, "target": 60, "value": 0.00061959207692628942, "supply": [{"l": "Potash", "v": 0.10228891119294224}, {"l": "Phosphate", "v": 0.19686162515748928}, {"l": "Nitrogen", "v": 1.3636022510908816}]}, {"source": 84, "prod": 3.7495225674227961, "target": 62, "value": 0.038724504807893086, "supply": [{"l": "Potash", "v": 0.10228891119294224}, {"l": "Phosphate", "v": 0.19686162515748928}, {"l": "Nitrogen", "v": 1.3636022510908816}]}, {"source": 84, "prod": 0.7948987842936327, "target": 65, "value": 0.008209595019273333, "supply": [{"l": "Potash", "v": 0.10228891119294224}, {"l": "Phosphate", "v": 0.19686162515748928}, {"l": "Nitrogen", "v": 1.3636022510908816}]}, {"source": 84, "prod": 4.416937584424053, "target": 8, "value": 0.04561746666369805, "supply": [{"l": "Potash", "v": 0.10228891119294224}, {"l": "Phosphate", "v": 0.19686162515748928}, {"l": "Nitrogen", "v": 1.3636022510908816}]}, {"source": 82, "prod": 0, "target": 84, "value": 2.0565424017744447, "supply": [{"l": "Natural gas (including LNG)", "v": 1.3730916874918924}, {"l": "Fuel oil", "v": 0.44240512652403813}, {"l": "Liquefied petroleum gas (LPG)", "v": 0.12052279387925721}, {"l": "Coal", "v": 0.12052279387925721}]}, {"source": 85, "prod": 0, "target": 9, "value": 0.024192852122301701, "supply": "[{\"l\":'Labor',\"v\":0.024192852122301701}]"}, {"source": 85, "prod": 0, "target": 11, "value": 5.9006956395857804e-05, "supply": "[{\"l\":'Labor',\"v\":5.9006956395857804e-05}]"}, {"source": 85, "prod": 0, "target": 32, "value": 0.0021635884011814532, "supply": "[{\"l\":'Labor',\"v\":0.0021635884011814532}]"}, {"source": 85, "prod": 0, "target": 3, "value": 0.014260014462332304, "supply": "[{\"l\":'Labor',\"v\":0.014260014462332304}]"}, {"source": 85, "prod": 0, "target": 13, "value": 5.9006956395857804e-05, "supply": "[{\"l\":'Labor',\"v\":5.9006956395857804e-05}]"}, {"source": 85, "prod": 0, "target": 14, "value": 0.001199808113382442, "supply": "[{\"l\":'Labor',\"v\":0.001199808113382442}]"}, {"source": 85, "prod": 0, "target": 20, "value": 0.0035010794128208966, "supply": "[{\"l\":'Labor',\"v\":0.0035010794128208966}]"}, {"source": 85, "prod": 0, "target": 42, "value": 0.000590069563958578, "supply": "[{\"l\":'Labor',\"v\":0.000590069563958578}]"}, {"source": 85, "prod": 0, "target": 6, "value": 0.006254737377960928, "supply": "[{\"l\":'Labor',\"v\":0.006254737377960928}]"}, {"source": 85, "prod": 0, "target": 22, "value": 0.0047402254971339102, "supply": "[{\"l\":'Labor',\"v\":0.0047402254971339102}]"}, {"source": 85, "prod": 0, "target": 23, "value": 0.00082609738954200925, "supply": "[{\"l\":'Labor',\"v\":0.00082609738954200925}]"}, {"source": 85, "prod": 0, "target": 24, "value": 0.0019865675319938798, "supply": "[{\"l\":'Labor',\"v\":0.0019865675319938798}]"}, {"source": 85, "prod": 0, "target": 2, "value": 0.014515711273381022, "supply": "[{\"l\":'Labor',\"v\":0.014515711273381022}]"}, {"source": 85, "prod": 0, "target": 28, "value": 0.0061170544797039261, "supply": "[{\"l\":'Labor',\"v\":0.0061170544797039261}]"}, {"source": 85, "prod": 0, "target": 29, "value": 5.9006956395857804e-05, "supply": "[{\"l\":'Labor',\"v\":5.9006956395857804e-05}]"}, {"source": 85, "prod": 0, "target": 12, "value": 0.0066677860727319318, "supply": "[{\"l\":'Labor',\"v\":0.0066677860727319318}]"}, {"source": 85, "prod": 0, "target": 33, "value": 0.00047205565116686243, "supply": "[{\"l\":'Labor',\"v\":0.00047205565116686243}]"}, {"source": 85, "prod": 0, "target": 69, "value": 0.0024782921686260276, "supply": "[{\"l\":'Labor',\"v\":0.0024782921686260276}]"}, {"source": 85, "prod": 0, "target": 70, "value": 0.00045238666570157653, "supply": "[{\"l\":'Labor',\"v\":0.00045238666570157653}]"}, {"source": 85, "prod": 0, "target": 35, "value": 0.00021635884011814529, "supply": "[{\"l\":'Labor',\"v\":0.00021635884011814529}]"}, {"source": 85, "prod": 0, "target": 71, "value": 0.0012391460843130138, "supply": "[{\"l\":'Labor',\"v\":0.0012391460843130138}]"}, {"source": 85, "prod": 0, "target": 36, "value": 9.8344927326429681e-05, "supply": "[{\"l\":'Labor',\"v\":9.8344927326429681e-05}]"}, {"source": 85, "prod": 0, "target": 39, "value": 0.0005113936220974344, "supply": "[{\"l\":'Labor',\"v\":0.0005113936220974344}]"}, {"source": 85, "prod": 0, "target": 68, "value": 0.0013571599971047297, "supply": "[{\"l\":'Labor',\"v\":0.0013571599971047297}]"}, {"source": 85, "prod": 0, "target": 5, "value": 0.0055663228866759196, "supply": "[{\"l\":'Labor',\"v\":0.0055663228866759196}]"}, {"source": 85, "prod": 0, "target": 72, "value": 0.2360671635543618, "supply": "[{\"l\":'Labor',\"v\":0.2360671635543618}]"}, {"source": 85, "prod": 0, "target": 44, "value": 0.0021045814447855954, "supply": "[{\"l\":'Labor',\"v\":0.0021045814447855954}]"}, {"source": 85, "prod": 0, "target": 47, "value": 0.0016521947790840185, "supply": "[{\"l\":'Labor',\"v\":0.0016521947790840185}]"}, {"source": 85, "prod": 0, "target": 48, "value": 0.000295034781979289, "supply": "[{\"l\":'Labor',\"v\":0.000295034781979289}]"}, {"source": 85, "prod": 0, "target": 7, "value": 0.014358359389658733, "supply": "[{\"l\":'Labor',\"v\":0.014358359389658733}]"}, {"source": 85, "prod": 0, "target": 52, "value": 0.033791317029361237, "supply": "[{\"l\":'Labor',\"v\":0.033791317029361237}]"}, {"source": 85, "prod": 0, "target": 54, "value": 1.9668985465285935e-05, "supply": "[{\"l\":'Labor',\"v\":1.9668985465285935e-05}]"}, {"source": 85, "prod": 0, "target": 56, "value": 0.010404893311136259, "supply": "[{\"l\":'Labor',\"v\":0.010404893311136259}]"}, {"source": 85, "prod": 0, "target": 66, "value": 0.00033437275290986091, "supply": "[{\"l\":'Labor',\"v\":0.00033437275290986091}]"}, {"source": 85, "prod": 0, "target": 60, "value": 0.00015735188372228748, "supply": "[{\"l\":'Labor',\"v\":0.00015735188372228748}]"}, {"source": 85, "prod": 0, "target": 62, "value": 0.0098344927326429674, "supply": "[{\"l\":'Labor',\"v\":0.0098344927326429674}]"}, {"source": 85, "prod": 0, "target": 65, "value": 0.0020849124593203092, "supply": "[{\"l\":'Labor',\"v\":0.0020849124593203092}]"}, {"source": 85, "prod": 0, "target": 8, "value": 0.011585032439053415, "supply": "[{\"l\":'Labor',\"v\":0.011585032439053415}]"}, {"source": 82, "prod": 0, "target": 77, "value": 6.0659915845620063, "supply": "[{\"l\":'Fossil Fuels',\"v\":6.0659915845620063}]"}, {"source": 83, "prod": 0, "target": 77, "value": 0.34122635415421232, "supply": "[{\"l\":'Renewables & Nuclear',\"v\":0.22481866199737705},{\"l\":'Biomass & Waste',\"v\":0.1164076921568353}]"}]}