{"nodes": [{"layer": 13, "name": "Aquatic Products", "fill": "#1f77b4"}, {"layer": 10, "name": "Feed", "fill": "#dbdb8d"}, {"layer": 5, "name": "Starchy Roots"}, {"layer": 5, "name": "Fruits & Vegetables"}, {"layer": 5, "name": "Cereals", "fill": "#e7ba52"}, {"layer": 13, "name": "Other Processed", "fill": "#9c9ede"}, {"layer": 16, "name": "Food", "fill": "#b5cf6b"}, {"layer": 13, "name": "Animal Products", "fill": "#17becf"}, {"layer": 5, "name": "Oilcrops", "fill": "#ff9896"}, {"layer": 13, "name": "Sugar", "fill": "#d6616b"}, {"layer": 5, "name": "Others"}, {"layer": 13, "name": "Vegetable Oils", "fill": "#f7b6d2"}, {"layer": 5, "name": "Sugar Crops", "fill": "#ffbb78"}, {"layer": 10, "name": "Processing", "fill": "#9edae5"}, {"layer": 16, "name": "Biofuels & Other", "fill": "#e7ba52"}, {"name": "Waste", "fill": "#c7c7c7"}, {"layer": 2, "name": "Import", "fill": "#aec7e8"}, {"layer": 16, "name": "Export", "fill": "#aec7e8"}, {"layer": 0, "name": "Stock Draw", "fill": "#c7c7c7"}, {"layer": 16, "name": "Stock Deposit", "fill": "#c7c7c7"}, {"layer": 2, "name": "Electricity", "fill": "#bcbd22"}, {"layer": 0, "name": "Fossil Fuels", "fill": "#c49c94"}, {"layer": 0, "name": "Renewables & Nuclear", "fill": "#2ca02c"}, {"layer": 2, "name": "Fertilizers", "fill": "#c5b0d5"}, {"layer": 0, "name": "Labor", "fill": "#7f7f7f"}], "links": [{"source": 0, "prod": 188.0, "target": 1, "value": 0.19310119223933289, "supply": [{"l": "Demersal Fish", "v": 0.0020214365040714288}, {"l": "Pelagic Fish", "v": 0.10830743437235048}, {"l": "Fish, Seafood", "v": 0.082772321362910989}]}, {"source": 2, "prod": 46.0, "target": 1, "value": 0.04170544141900278, "supply": [{"l": "Potatoes", "v": 0.011370580335401786}, {"l": "Cassava", "v": 0.030334861083600995}]}, {"source": 3, "prod": 17.0, "target": 1, "value": 0.016611631226099436, "supply": [{"l": "Plantains", "v": 0.016611631226099436}]}, {"source": 4, "prod": 67.0, "target": 1, "value": 0.22432286430484724, "supply": [{"l": "Wheat", "v": 0.20423424959098033}, {"l": "Sorghum", "v": 0.020088614713866915}]}, {"source": 5, "prod": 459.0, "target": 6, "value": 0.47294814584977102, "supply": [{"l": "Beer", "v": 0.16306680592448458}, {"l": "Beverages, Alcoholic", "v": 0.14491608592981037}, {"l": "Butter, Ghee", "v": 0.04331649651581633}, {"l": "Fats, Animals, Raw", "v": 0.1170595502812273}, {"l": "Wine", "v": 0.0045892071984324325}]}, {"source": 7, "prod": 1487.0, "target": 6, "value": 1.2345242635607527, "supply": [{"l": "Eggs", "v": 0.093047334838924231}, {"l": "Mutton & Goat Meat", "v": 0.0091431128030307705}, {"l": "Pigmeat", "v": 0.083497794627426208}, {"l": "Poultry Meat", "v": 0.123964903648454}, {"l": "Milk - Excluding Butter", "v": 0.62093396229699771}, {"l": "Bovine Meat", "v": 0.26453809448375265}, {"l": "Offals, Edible", "v": 0.039399060862167185}]}, {"source": 4, "prod": 1253.0, "target": 6, "value": 3.8569400808016332, "supply": [{"l": "Maize", "v": 1.8403008455073189}, {"l": "Barley", "v": 0.0047166851761666672}, {"l": "Cereals, Other", "v": 0.0035050596263256884}, {"l": "Rice", "v": 0.40087374294420286}, {"l": "Wheat", "v": 1.5635638452293081}, {"l": "Oats", "v": 0.04397990231831081}]}, {"source": 8, "prod": 8.0, "target": 6, "value": 0.011261321615894739, "supply": [{"l": "Olives", "v": 0.0023244444400000001}, {"l": "Coconuts - Incl Copra", "v": 0.0089368771758947391}]}, {"source": 9, "prod": 410.0, "target": 6, "value": 1.700543171409741, "supply": [{"l": "Sugar", "v": 1.5781187849356855}, {"l": "Sugar non-centrifugal", "v": 0.11063267353363899}, {"l": "Sweeteners, Other", "v": 0.0047166851761666672}, {"l": "Honey", "v": 0.0070750277642500003}]}, {"source": 2, "prod": 409.0, "target": 6, "value": 0.39636876272982025, "supply": [{"l": "Roots, Other", "v": 0.088612477498645995}, {"l": "Yams", "v": 0.039237721546597298}, {"l": "Potatoes", "v": 0.079594062347812494}, {"l": "Sweet potatoes", "v": 0.0039797031173906252}, {"l": "Cassava", "v": 0.18494479821937379}]}, {"source": 3, "prod": 1757.0, "target": 6, "value": 1.3877605475811237, "supply": [{"l": "Pulses, Other", "v": 0.045892071984324323}, {"l": "Plantains", "v": 0.26871756395160851}, {"l": "Tomatoes", "v": 0.013211531437323979}, {"l": "Treenuts", "v": 0.00424501665855}, {"l": "Vegetables, Other", "v": 0.021920111209137279}, {"l": "Peas", "v": 0.063392248767680015}, {"l": "Grapes", "v": 0.008622690087679687}, {"l": "Beans", "v": 0.2043074415945996}, {"l": "Apples", "v": 0.0087397401793676485}, {"l": "Pineapples", "v": 0.013136441235627509}, {"l": "Bananas", "v": 0.58118107365390759}, {"l": "Fruits, Other", "v": 0.092606396989773868}, {"l": "Oranges, Mandarines", "v": 0.052977807898703995}, {"l": "Onions", "v": 0.0088104119328396222}]}, {"source": 10, "prod": 48.0, "target": 6, "value": 0.038065390321764203, "supply": [{"l": "Nuts", "v": 0.0030321547561071431}, {"l": "Cocoa Beans", "v": 0.0090045807908636366}, {"l": "Coffee", "v": 0.021783638116243419}, {"l": "Spices, Other", "v": 0.00424501665855}]}, {"source": 0, "prod": 240.0, "target": 6, "value": 0.2209918354287653, "supply": [{"l": "Pelagic Fish", "v": 0.065460537258014012}, {"l": "Crustaceans", "v": 0.001632698714826923}, {"l": "Marine Fish, Other", "v": 0.013675221450362419}, {"l": "Freshwater Fish", "v": 0.0041852276915281695}, {"l": "Fish, Seafood", "v": 0.10566679322924806}, {"l": "Cephalopods", "v": 0.0011622222200000001}, {"l": "Molluscs, Other", "v": 0.0069733333200000004}, {"l": "Demersal Fish", "v": 0.022235801544785719}]}, {"source": 11, "prod": 111.0, "target": 6, "value": 1.0754307119804902, "supply": [{"l": "Maize Germ Oil", "v": 0.053062708231874998}, {"l": "Groundnut Oil", "v": 0.049675726855372339}, {"l": "Soyabean Oil", "v": 0.070961472501134326}, {"l": "Olive Oil", "v": 0.010612541646375}, {"l": "Coconut Oil", "v": 0.11566696766874772}, {"l": "Sesameseed Oil", "v": 0.40067989684026467}, {"l": "Cottonseed Oil", "v": 0.37477139823672112}]}, {"source": 12, "prod": 4252.0, "target": 13, "value": 1.2666533917301477, "supply": [{"l": "Sugar cane", "v": 1.2666533917301477}]}, {"source": 4, "prod": 84.0, "target": 13, "value": 0.39620155479800007, "supply": [{"l": "Barley", "v": 0.39620155479800007}]}, {"source": 8, "prod": 286.0, "target": 13, "value": 0.4411150913742915, "supply": [{"l": "Cottonseed", "v": 0.035747508703578956}, {"l": "Groundnuts", "v": 0.019592384577923075}, {"l": "Soyabeans", "v": 0.055110742584684215}, {"l": "Coconuts - Incl Copra", "v": 0.21001661363352631}, {"l": "Sesame seed", "v": 0.12064784187457897}]}, {"source": 5, "prod": 31.0, "target": 14, "value": 0.25920328990843183, "supply": [{"l": "Fats, Animals, Raw", "v": 0.25920328990843183}]}, {"source": 11, "prod": 5.0, "target": 14, "value": 0.052775882781972976, "supply": [{"l": "Palm Oil", "v": 0.010325716196472974}, {"l": "Oilcrops Oil, Other", "v": 0.0424501665855}]}, {"source": 9, "prod": 2.0, "target": 14, "value": 0.0082840881098986113, "supply": [{"l": "Sugar", "v": 0.0082840881098986113}]}, {"source": 2, "prod": 23.0, "target": 2, "value": 0.018533021570098118, "supply": [{"l": "Potatoes", "v": 0.014402735091508929}, {"l": "Yams", "v": 0.0041302864785891895}]}, {"source": 3, "prod": 3.0, "target": 3, "value": 0.011786967784303824, "supply": [{"l": "Beans", "v": 0.011786967784303824}]}, {"source": 7, "prod": 5.0, "target": 7, "value": 0.0075038173257196972, "supply": [{"l": "Eggs", "v": 0.0075038173257196972}]}, {"source": 4, "prod": 11.0, "target": 4, "value": 0.043272207909851493, "supply": [{"l": "Maize", "v": 0.0027799106427603003}, {"l": "Rice", "v": 0.040492297267091193}]}, {"source": 8, "prod": 1.0, "target": 8, "value": 0.0014894795293157897, "supply": [{"l": "Cottonseed", "v": 0.0014894795293157897}]}, {"source": 5, "prod": 1.0, "target": 15, "value": 0.0083613964486590926, "supply": [{"l": "Fats, Animals, Raw", "v": 0.0083613964486590926}]}, {"source": 7, "prod": 34.0, "target": 15, "value": 0.032266280985257884, "supply": [{"l": "Pigmeat", "v": 0.0017765488218601322}, {"l": "Milk - Excluding Butter", "v": 0.011193306720723868}, {"l": "Bovine Meat", "v": 0.013293371582098121}, {"l": "Eggs", "v": 0.0060030538605757577}]}, {"source": 4, "prod": 102.0, "target": 15, "value": 0.32223787796495046, "supply": [{"l": "Maize", "v": 0.16957454920837833}, {"l": "Rice", "v": 0.080984594534182386}, {"l": "Sorghum", "v": 0.0033481024523111529}, {"l": "Wheat", "v": 0.063613946593911896}, {"l": "Barley", "v": 0.0047166851761666672}]}, {"source": 8, "prod": 25.0, "target": 15, "value": 0.037236988232894744, "supply": [{"l": "Coconuts - Incl Copra", "v": 0.035747508703578956}, {"l": "Sesame seed", "v": 0.0014894795293157897}]}, {"source": 9, "prod": 4.0, "target": 15, "value": 0.016568176219797223, "supply": [{"l": "Sugar", "v": 0.016568176219797223}]}, {"source": 2, "prod": 111.0, "target": 15, "value": 0.10980995654124359, "supply": [{"l": "Roots, Other", "v": 0.014369590945726379}, {"l": "Potatoes", "v": 0.0053062708231875}, {"l": "Yams", "v": 0.0020651432392945947}, {"l": "Cassava", "v": 0.088068951533035122}]}, {"source": 3, "prod": 266.0, "target": 15, "value": 0.17235466274134056, "supply": [{"l": "Grapes", "v": 0.0006632838528984375}, {"l": "Fruits, Other", "v": 0.014966690422589716}, {"l": "Beans", "v": 0.0039289892614346074}, {"l": "Apples", "v": 0.0012485343113382355}, {"l": "Tomatoes", "v": 0.0017326598606326531}, {"l": "Pineapples", "v": 0.0018245057271704874}, {"l": "Bananas", "v": 0.10239170280254947}, {"l": "Vegetables, Other", "v": 0.0042770948700755667}, {"l": "Oranges, Mandarines", "v": 0.0068965193714289243}, {"l": "Plantains", "v": 0.033223262452198872}, {"l": "Onions", "v": 0.0012014198090235851}]}, {"source": 10, "prod": 1.0, "target": 15, "value": 0.00055855482349342108, "supply": [{"l": "Coffee", "v": 0.00055855482349342108}]}, {"source": 16, "prod": 3.0, "target": 10, "value": 0.0084393936346571427, "supply": [{"l": "Nuts", "v": 0.0030321547561071431}, {"l": "Spices, Other", "v": 0.00424501665855}, {"l": "Infant food", "v": 0.0011622222200000001}]}, {"source": 16, "prod": 459.0, "target": 1, "value": 0.35243065657118694, "supply": [{"l": "Pigmeat", "v": 0.0088827441093006602}, {"l": "Milk - Excluding Butter", "v": 0.16672135799815024}, {"l": "Fish, Seafood", "v": 0.074847311870717387}, {"l": "Pelagic Fish", "v": 0.099976093266785054}, {"l": "Bovine Meat", "v": 0.0013293371582098121}, {"l": "Demersal Fish", "v": 0.00067381216802380958}]}, {"source": 16, "prod": 72.0, "target": 13, "value": 0.55769947903307515, "supply": [{"l": "Olive Oil", "v": 0.010612541646375}, {"l": "Cottonseed Oil", "v": 0.33990894258679349}, {"l": "Groundnut Oil", "v": 0.039740581484297877}, {"l": "Oilcrops Oil, Other", "v": 0.02122508329275}, {"l": "Wine", "v": 0.0045892071984324325}, {"l": "Sweeteners, Other", "v": 0.0047166851761666672}, {"l": "Fats, Animals, Raw", "v": 0.07525256803793183}, {"l": "Soyabean Oil", "v": 0.020274706428895523}, {"l": "Palm Oil", "v": 0.010325716196472974}, {"l": "Beverages, Alcoholic", "v": 0.031053446984959366}]}, {"source": 16, "prod": 920.0, "target": 4, "value": 3.1027483817061974, "supply": [{"l": "Maize", "v": 0.30857008134639335}, {"l": "Oats", "v": 0.04397990231831081}, {"l": "Barley", "v": 0.40091823997416676}, {"l": "Rice", "v": 0.012147689180127359}, {"l": "Sorghum", "v": 0.0033481024523111529}, {"l": "Cereals, Other", "v": 0.0035050596263256884}, {"l": "Wheat", "v": 2.3302793068085621}]}, {"source": 16, "prod": 100.0, "target": 3, "value": 0.18941763095102515, "supply": [{"l": "Beans", "v": 0.082508774490126766}, {"l": "Apples", "v": 0.009988274490705884}, {"l": "Vegetables, Other", "v": 0.0016039105762783376}, {"l": "Peas", "v": 0.051506202123740012}, {"l": "Treenuts", "v": 0.00424501665855}, {"l": "Grapes", "v": 0.0092859739405781253}, {"l": "Onions", "v": 0.00040047326967452835}, {"l": "Fruits, Other", "v": 0.010757308741236361}, {"l": "Pulses, Other", "v": 0.019121696660135131}]}, {"source": 16, "prod": 69.0, "target": 8, "value": 0.10716088823414979, "supply": [{"l": "Olives", "v": 0.0023244444400000001}, {"l": "Soyabeans", "v": 0.055110742584684215}, {"l": "Coconuts - Incl Copra", "v": 0.043194906350157901}, {"l": "Groundnuts", "v": 0.0065307948593076922}]}, {"source": 16, "prod": 22.0, "target": 2, "value": 0.016676851158589287, "supply": [{"l": "Potatoes", "v": 0.016676851158589287}]}, {"source": 0, "prod": 12.0, "target": 17, "value": 0.01092912026413494, "supply": [{"l": "Pelagic Fish", "v": 0.0023803831730186916}, {"l": "Fish, Seafood", "v": 0.0052833396614624028}, {"l": "Crustaceans", "v": 0.0032653974296538461}]}, {"source": 3, "prod": 23.0, "target": 17, "value": 0.018553818409249721, "supply": [{"l": "Vegetables, Other", "v": 0.00026731842937972292}, {"l": "Fruits, Other", "v": 0.0023385453785296434}, {"l": "Oranges, Mandarines", "v": 0.00031347815324676923}, {"l": "Plantains", "v": 0.015634476448093584}]}, {"source": 9, "prod": 30.0, "target": 17, "value": 0.12426132164847915, "supply": [{"l": "Sugar", "v": 0.12426132164847915}]}, {"source": 4, "prod": 9.0, "target": 17, "value": 0.036443067540382075, "supply": [{"l": "Rice", "v": 0.036443067540382075}]}, {"source": 10, "prod": 31.0, "target": 17, "value": 0.025924819394875002, "supply": [{"l": "Coffee", "v": 0.010612541646375}, {"l": "Cocoa Beans", "v": 0.014150055528500001}, {"l": "Infant food", "v": 0.0011622222200000001}]}, {"source": 18, "prod": 24.0, "target": 13, "value": 0.099409057318783328, "supply": [{"l": "Sugar", "v": 0.099409057318783328}]}, {"source": 4, "prod": 234.0, "target": 19, "value": 0.77126879618910527, "supply": [{"l": "Maize", "v": 0.15567499599457685}, {"l": "Wheat", "v": 0.50221536784667298}, {"l": "Rice", "v": 0.11337843234785534}]}, {"source": 7, "prod": 99.0, "target": 19, "value": 0.058323019229034892, "supply": [{"l": "Milk - Excluding Butter", "v": 0.058323019229034892}]}, {"source": 18, "prod": 1.0, "target": 4, "value": 0.0047166851761666672, "supply": [{"l": "Barley", "v": 0.0047166851761666672}]}, {"source": 10, "prod": 2.0, "target": 19, "value": 0.0011171096469868422, "supply": [{"l": "Coffee", "v": 0.0011171096469868422}]}, {"source": 1, "prod": 440.0, "target": 0, "value": 0.42502214793223314, "supply": [{"l": "Pelagic Fish", "v": 0.1761483548033832}, {"l": "Crustaceans", "v": 0.0048980961444807687}, {"l": "Freshwater Fish", "v": 0.0041852276915281695}, {"l": "Molluscs, Other", "v": 0.0069733333200000004}, {"l": "Demersal Fish", "v": 0.024257238048857148}, {"l": "Fish, Seafood", "v": 0.19372245425362147}, {"l": "Marine Fish, Other", "v": 0.013675221450362419}, {"l": "Cephalopods", "v": 0.0011622222200000001}]}, {"source": 1, "prod": 1620.0, "target": 7, "value": 1.3251135637750455, "supply": [{"l": "Milk - Excluding Butter", "v": 0.69045028824675647}, {"l": "Pigmeat", "v": 0.085274343449286347}, {"l": "Bovine Meat", "v": 0.2778314660658508}, {"l": "Eggs", "v": 0.10655420602521969}, {"l": "Poultry Meat", "v": 0.123964903648454}, {"l": "Offals, Edible", "v": 0.039399060862167185}, {"l": "Mutton & Goat Meat", "v": 0.0091431128030307705}]}, {"source": 13, "prod": 491.0, "target": 5, "value": 0.74051283220686193, "supply": [{"l": "Fats, Animals, Raw", "v": 0.38462423663831824}, {"l": "Beer", "v": 0.16306680592448458}, {"l": "Beverages, Alcoholic", "v": 0.14491608592981037}, {"l": "Butter, Ghee", "v": 0.04331649651581633}, {"l": "Wine", "v": 0.0045892071984324325}]}, {"source": 13, "prod": 116.0, "target": 11, "value": 1.1282065947624631, "supply": [{"l": "Olive Oil", "v": 0.010612541646375}, {"l": "Sesameseed Oil", "v": 0.40067989684026467}, {"l": "Soyabean Oil", "v": 0.070961472501134326}, {"l": "Coconut Oil", "v": 0.11566696766874772}, {"l": "Maize Germ Oil", "v": 0.053062708231874998}, {"l": "Groundnut Oil", "v": 0.049675726855372339}, {"l": "Cottonseed Oil", "v": 0.37477139823672112}, {"l": "Oilcrops Oil, Other", "v": 0.0424501665855}, {"l": "Palm Oil", "v": 0.010325716196472974}]}, {"source": 13, "prod": 446.0, "target": 9, "value": 1.8496567573879159, "supply": [{"l": "Honey", "v": 0.0070750277642500003}, {"l": "Sweeteners, Other", "v": 0.0047166851761666672}, {"l": "Sugar non-centrifugal", "v": 0.11063267353363899}, {"l": "Sugar", "v": 1.7272323709138604}]}, {"source": 20, "prod": 0, "target": 4, "value": 0.0079256008096947658, "supply": "[{\"l\":'Energy for power irrigation',\"v\":0.0079256008096947658}]"}, {"source": 20, "prod": 0, "target": 8, "value": 0.0017480251208449194, "supply": "[{\"l\":'Energy for power irrigation',\"v\":0.0017480251208449194}]"}, {"source": 20, "prod": 0, "target": 12, "value": 0.025942767238508194, "supply": "[{\"l\":'Energy for power irrigation',\"v\":0.025942767238508194}]"}, {"source": 20, "prod": 0, "target": 2, "value": 0.0035326580976237643, "supply": "[{\"l\":'Energy for power irrigation',\"v\":0.0035326580976237643}]"}, {"source": 20, "prod": 0, "target": 3, "value": 0.012303290248459966, "supply": "[{\"l\":'Energy for power irrigation',\"v\":0.012303290248459966}]"}, {"source": 20, "prod": 0, "target": 10, "value": 0.00049115540044682735, "supply": "[{\"l\":'Energy for power irrigation',\"v\":0.00049115540044682735}]"}, {"source": 20, "prod": 0, "target": 13, "value": 0.012080277407904294, "supply": "[{\"l\":'Electricity',\"v\":0.012080277407904294}]"}, {"source": 21, "prod": 0, "target": 20, "value": 0.096733957335593132, "supply": [{"l": "Coal", "v": 0.0}, {"l": "Natural gas", "v": 0.072438241782852103}, {"l": "Oil", "v": 0.024295715552741026}]}, {"source": 22, "prod": 0, "target": 20, "value": 0.025091723282471782, "supply": [{"l": "Nuclear", "v": 0.0}, {"l": "Hydroelectric", "v": 0.025091723282471782}, {"l": "Renewable", "v": 0.0}]}, {"source": 21, "prod": 0, "target": 4, "value": 0.042432995298579738, "supply": [{"l": "Gas-Diesel oil", "v": 0.0036449952066120866}, {"l": "Fuel oil", "v": 0.01997683419437787}, {"l": "Other fossil fuels", "v": 0.018811165897589778}]}, {"source": 21, "prod": 0, "target": 8, "value": 0.0093587784088091548, "supply": [{"l": "Gas-Diesel oil", "v": 0.00080391926612345091}, {"l": "Fuel oil", "v": 0.0044059761329401535}, {"l": "Other fossil fuels", "v": 0.0041488830097455515}]}, {"source": 21, "prod": 0, "target": 12, "value": 0.1388953779904242, "supply": [{"l": "Gas-Diesel oil", "v": 0.011931115949587831}, {"l": "Fuel oil", "v": 0.06538991454541547}, {"l": "Other fossil fuels", "v": 0.061574347495420886}]}, {"source": 21, "prod": 0, "target": 2, "value": 0.018913552176965102, "supply": [{"l": "Gas-Diesel oil", "v": 0.001624674537820168}, {"l": "Fuel oil", "v": 0.0089042240173554943}, {"l": "Other fossil fuels", "v": 0.00838465362178944}]}, {"source": 21, "prod": 0, "target": 3, "value": 0.065870773687133205, "supply": [{"l": "Gas-Diesel oil", "v": 0.0056583008730818106}, {"l": "Fuel oil", "v": 0.031010997808285583}, {"l": "Other fossil fuels", "v": 0.029201475005765809}]}, {"source": 21, "prod": 0, "target": 10, "value": 0.0026296044045694138, "supply": [{"l": "Gas-Diesel oil", "v": 0.00022588307477465201}, {"l": "Fuel oil", "v": 0.0012379793322920851}, {"l": "Other fossil fuels", "v": 0.0011657419975026767}]}, {"source": 23, "prod": 7.1761987431726091, "target": 4, "value": 0.07421594999574832, "supply": [{"l": "Potash", "v": 0.037473800029979035}, {"l": "Phosphate", "v": 0.043400541701387095}, {"l": "Nitrogen", "v": 0.40552865310220071}]}, {"source": 23, "prod": 1.5827412932401479, "target": 8, "value": 0.016368644860494143, "supply": [{"l": "Potash", "v": 0.037473800029979035}, {"l": "Phosphate", "v": 0.043400541701387095}, {"l": "Nitrogen", "v": 0.40552865310220071}]}, {"source": 23, "prod": 23.489759088506492, "target": 12, "value": 0.2429301149976304, "supply": [{"l": "Potash", "v": 0.037473800029979035}, {"l": "Phosphate", "v": 0.043400541701387095}, {"l": "Nitrogen", "v": 0.40552865310220071}]}, {"source": 23, "prod": 3.1986290009984146, "target": 2, "value": 0.033080088566234241, "supply": [{"l": "Potash", "v": 0.037473800029979035}, {"l": "Phosphate", "v": 0.043400541701387095}, {"l": "Nitrogen", "v": 0.40552865310220071}]}, {"source": 23, "prod": 11.139957479297587, "target": 3, "value": 0.11520897857307659, "supply": [{"l": "Potash", "v": 0.037473800029979035}, {"l": "Phosphate", "v": 0.043400541701387095}, {"l": "Nitrogen", "v": 0.40552865310220071}]}, {"source": 23, "prod": 0.44471439478475366, "target": 10, "value": 0.004599217840383172, "supply": [{"l": "Potash", "v": 0.037473800029979035}, {"l": "Phosphate", "v": 0.043400541701387095}, {"l": "Nitrogen", "v": 0.40552865310220071}]}, {"source": 21, "prod": 0, "target": 23, "value": 0.61018093040651233, "supply": [{"l": "Natural gas (including LNG)", "v": 0.40336355547632063}, {"l": "Fuel oil", "v": 0.13513159378562561}, {"l": "Liquefied petroleum gas (LPG)", "v": 0.03584289057228307}, {"l": "Coal", "v": 0.03584289057228307}]}, {"source": 24, "prod": 0, "target": 4, "value": 0.047977677448845513, "supply": "[{\"l\":'Labor',\"v\":0.047977677448845513}]"}, {"source": 24, "prod": 0, "target": 8, "value": 0.010581681746800799, "supply": "[{\"l\":'Labor',\"v\":0.010581681746800799}]"}, {"source": 24, "prod": 0, "target": 12, "value": 0.15704471479021642, "supply": "[{\"l\":'Labor',\"v\":0.15704471479021642}]"}, {"source": 24, "prod": 0, "target": 2, "value": 0.021384969394058161, "supply": "[{\"l\":'Labor',\"v\":0.021384969394058161}]"}, {"source": 24, "prod": 0, "target": 3, "value": 0.074478049711775962, "supply": "[{\"l\":'Labor',\"v\":0.074478049711775962}]"}, {"source": 24, "prod": 0, "target": 10, "value": 0.002973212497792197, "supply": "[{\"l\":'Labor',\"v\":0.002973212497792197}]"}, {"source": 21, "prod": 0, "target": 16, "value": 3.0833719428891739, "supply": "[{\"l\":'Fossil Fuels',\"v\":3.0833719428891739}]"}, {"source": 22, "prod": 0, "target": 16, "value": 0.15348542465335602, "supply": "[{\"l\":'Renewables & Nuclear',\"v\":0.082185710942981896},{\"l\":'Biomass & Waste',\"v\":0.071299713710374121}]"}]}