{"nodes": [{"layer": 13, "name": "Other Processed", "fill": "#9c9ede"}, {"layer": 10, "name": "Feed", "fill": "#dbdb8d"}, {"layer": 5, "name": "Cereals", "fill": "#e7ba52"}, {"layer": 5, "name": "Oilcrops", "fill": "#ff9896"}, {"layer": 5, "name": "Starchy Roots"}, {"layer": 5, "name": "Fruits & Vegetables"}, {"layer": 13, "name": "Aquatic Products", "fill": "#1f77b4"}, {"layer": 16, "name": "Food", "fill": "#b5cf6b"}, {"layer": 13, "name": "Animal Products", "fill": "#17becf"}, {"layer": 13, "name": "Sugar", "fill": "#d6616b"}, {"layer": 5, "name": "Others"}, {"layer": 13, "name": "Vegetable Oils", "fill": "#f7b6d2"}, {"layer": 5, "name": "Sugar Crops", "fill": "#ffbb78"}, {"layer": 10, "name": "Processing", "fill": "#9edae5"}, {"layer": 16, "name": "Biofuels & Other", "fill": "#e7ba52"}, {"name": "Waste", "fill": "#c7c7c7"}, {"layer": 2, "name": "Import", "fill": "#aec7e8"}, {"layer": 16, "name": "Export", "fill": "#aec7e8"}, {"layer": 0, "name": "Stock Draw", "fill": "#c7c7c7"}, {"layer": 16, "name": "Stock Deposit", "fill": "#c7c7c7"}, {"layer": 2, "name": "Electricity", "fill": "#bcbd22"}, {"layer": 0, "name": "Fossil Fuels", "fill": "#c49c94"}, {"layer": 0, "name": "Renewables & Nuclear", "fill": "#2ca02c"}, {"layer": 2, "name": "Fertilizers", "fill": "#c5b0d5"}, {"layer": 0, "name": "Labor", "fill": "#7f7f7f"}], "links": [{"source": 0, "prod": 8.0, "target": 1, "value": 0.06648280057834921, "supply": [{"l": "Fats, Animals, Raw", "v": 0.06648280057834921}]}, {"source": 2, "prod": 1717.0, "target": 1, "value": 5.125444722614275, "supply": [{"l": "Maize", "v": 2.4909288340640945}, {"l": "Wheat", "v": 0.08499617411674705}, {"l": "Rice", "v": 0.032432871085030825}, {"l": "Sorghum", "v": 2.4900731009758119}, {"l": "Cereals, Other", "v": 0.027013742372590913}]}, {"source": 3, "prod": 2.0, "target": 1, "value": 0.0084900333171, "supply": [{"l": "Oilcrops, Other", "v": 0.0084900333171}]}, {"source": 4, "prod": 51.0, "target": 1, "value": 0.047976003569390475, "supply": [{"l": "Potatoes", "v": 0.013780036042182144}, {"l": "Cassava", "v": 0.034195967527208333}]}, {"source": 5, "prod": 21.0, "target": 1, "value": 0.020309410770668203, "supply": [{"l": "Plantains", "v": 0.020309410770668203}]}, {"source": 6, "prod": 48.0, "target": 1, "value": 0.04977797836896522, "supply": [{"l": "Pelagic Fish", "v": 0.028398717715735197}, {"l": "Fish, Seafood", "v": 0.021379260653230026}]}, {"source": 0, "prod": 1334.0, "target": 7, "value": 1.1640107534364981, "supply": [{"l": "Beer", "v": 0.49387764303175852}, {"l": "Beverages, Alcoholic", "v": 0.35179965641546551}, {"l": "Butter, Ghee", "v": 0.0424501665855}, {"l": "Fats, Animals, Raw", "v": 0.26593120231339684}, {"l": "Wine", "v": 0.0074912058680294113}, {"l": "Cream", "v": 0.0024608792223478259}]}, {"source": 8, "prod": 3319.0, "target": 7, "value": 2.8281901396590712, "supply": [{"l": "Eggs", "v": 0.16527619717614733}, {"l": "Mutton & Goat Meat", "v": 0.0072475894170365854}, {"l": "Pigmeat", "v": 0.17948962062013546}, {"l": "Milk - Excluding Butter", "v": 1.4893509683578967}, {"l": "Bovine Meat", "v": 0.37936729669851998}, {"l": "Poultry Meat", "v": 0.53630619953295733}, {"l": "Offals, Edible", "v": 0.071152267856377835}]}, {"source": 2, "prod": 2288.0, "target": 7, "value": 7.1598215425411045, "supply": [{"l": "Maize", "v": 2.6855767270996806}, {"l": "Barley", "v": 0.0065307948593076922}, {"l": "Rice", "v": 1.3540723678000368}, {"l": "Wheat", "v": 3.0567142617541254}, {"l": "Oats", "v": 0.056927391027953765}]}, {"source": 3, "prod": 15.0, "target": 7, "value": 0.028990768529224407, "supply": [{"l": "Olives", "v": 0.0078611419602777795}, {"l": "Coconuts - Incl Copra", "v": 0.0074287791524625}, {"l": "Groundnuts", "v": 0.012128619024428572}, {"l": "Rape and Mustardseed", "v": 0.0015722283920555555}]}, {"source": 9, "prod": 698.0, "target": 7, "value": 3.1547097203273879, "supply": [{"l": "Sugar", "v": 3.1115068912137764}, {"l": "Sugar non-centrifugal", "v": 0.0361278013493617}, {"l": "Sweeteners, Other", "v": 0.0070750277642500003}]}, {"source": 4, "prod": 483.0, "target": 7, "value": 0.45784742939416995, "supply": [{"l": "Roots, Other", "v": 0.071746760426197181}, {"l": "Yams", "v": 0.028618089832921353}, {"l": "Sweet potatoes", "v": 0.0070750277642500003}, {"l": "Potatoes", "v": 0.14315926332711451}, {"l": "Cassava", "v": 0.20724828804368689}]}, {"source": 5, "prod": 2264.0, "target": 7, "value": 1.73693794281893, "supply": [{"l": "Plantains", "v": 0.33655594991393023}, {"l": "Tomatoes", "v": 0.014328605125074129}, {"l": "Treenuts", "v": 0.0070750277642500003}, {"l": "Vegetables, Other", "v": 0.049971367271819826}, {"l": "Peas", "v": 0.15828875675949153}, {"l": "Grapes", "v": 0.0074574616974527027}, {"l": "Beans", "v": 0.23540546924686367}, {"l": "Pulses, Other", "v": 0.076483489796288801}, {"l": "Lemons, Limes", "v": 0.0034419053988243241}, {"l": "Pineapples", "v": 0.021373510448643357}, {"l": "Bananas", "v": 0.5941102894939605}, {"l": "Fruits, Other", "v": 0.10024376687660241}, {"l": "Grapefruit", "v": 0.0030567971024523717}, {"l": "Oranges, Mandarines", "v": 0.10757477723487861}, {"l": "Onions", "v": 0.021570768688397392}]}, {"source": 10, "prod": 71.0, "target": 7, "value": 0.056544290073311673, "supply": [{"l": "Nuts", "v": 0.0047166851761666672}, {"l": "Cocoa Beans", "v": 0.0072771714146571435}, {"l": "Coffee", "v": 0.028378941449916435}, {"l": "Pepper", "v": 0.0040428730081428577}, {"l": "Spices, Other", "v": 0.012128619024428572}]}, {"source": 6, "prod": 418.0, "target": 7, "value": 0.36532260460050903, "supply": [{"l": "Freshwater Fish", "v": 0.014592244763765624}, {"l": "Pelagic Fish", "v": 0.11477815076776307}, {"l": "Crustaceans", "v": 0.0022342192939736848}, {"l": "Marine Fish, Other", "v": 0.014043664133548872}, {"l": "Demersal Fish", "v": 0.021318585862321587}, {"l": "Fish, Seafood", "v": 0.18617772818854481}, {"l": "Cephalopods", "v": 0.004994137245352942}, {"l": "Molluscs, Other", "v": 0.0071838743452384626}]}, {"source": 11, "prod": 306.0, "target": 7, "value": 3.1366795413134865, "supply": [{"l": "Maize Germ Oil", "v": 0.14512033693182558}, {"l": "Groundnut Oil", "v": 0.053062708231874998}, {"l": "Soyabean Oil", "v": 0.80269405907127278}, {"l": "Palm Oil", "v": 0.0424501665855}, {"l": "Sunflowerseed Oil", "v": 0.97937545790748193}, {"l": "Olive Oil", "v": 0.014150055528500001}, {"l": "Coconut Oil", "v": 0.02122508329275}, {"l": "Sesameseed Oil", "v": 0.16443854003646316}, {"l": "Cottonseed Oil", "v": 0.91416313372781843}]}, {"source": 12, "prod": 4817.0, "target": 13, "value": 1.6490520358254315, "supply": [{"l": "Sugar cane", "v": 1.6490520358254315}]}, {"source": 2, "prod": 283.0, "target": 13, "value": 0.95284538299049748, "supply": [{"l": "Maize", "v": 0.0028209839570374801}, {"l": "Barley", "v": 0.80002237026519241}, {"l": "Rice", "v": 0.15000202876826757}]}, {"source": 3, "prod": 242.0, "target": 13, "value": 0.46473386738742167, "supply": [{"l": "Cottonseed", "v": 0.036161253017277774}, {"l": "Groundnuts", "v": 0.054578785609928585}, {"l": "Soyabeans", "v": 0.16508398116583334}, {"l": "Coconuts - Incl Copra", "v": 0.047756437408687499}, {"l": "Palm kernels", "v": 0.0015722283920555555}, {"l": "Sesame seed", "v": 0.053455765329888889}, {"l": "Oil Palm", "v": 0.10612541646375001}]}, {"source": 0, "prod": 61.0, "target": 14, "value": 0.50693135440991277, "supply": [{"l": "Fats, Animals, Raw", "v": 0.50693135440991277}]}, {"source": 11, "prod": 59.0, "target": 14, "value": 0.60794912333433693, "supply": [{"l": "Palm Oil", "v": 0.02122508329275}, {"l": "Soyabean Oil", "v": 0.43221987796145461}, {"l": "Cottonseed Oil", "v": 0.10271495884582231}, {"l": "Coconut Oil", "v": 0.02122508329275}, {"l": "Oilcrops Oil, Other", "v": 0.030564119941560004}]}, {"source": 8, "prod": 72.0, "target": 14, "value": 0.044829962258264439, "supply": [{"l": "Milk - Excluding Butter", "v": 0.044829962258264439}]}, {"source": 3, "prod": 69.0, "target": 14, "value": 0.073226537359987506, "supply": [{"l": "Coconuts - Incl Copra", "v": 0.073226537359987506}]}, {"source": 9, "prod": 7.0, "target": 14, "value": 0.031611826180691492, "supply": [{"l": "Sugar", "v": 0.031611826180691492}]}, {"source": 4, "prod": 22.0, "target": 4, "value": 0.01740740258337329, "supply": [{"l": "Potatoes", "v": 0.014545593600081154}, {"l": "Yams", "v": 0.0028618089832921352}]}, {"source": 5, "prod": 2.0, "target": 5, "value": 0.007718212106454546, "supply": [{"l": "Beans", "v": 0.007718212106454546}]}, {"source": 8, "prod": 19.0, "target": 8, "value": 0.029076368021729623, "supply": [{"l": "Eggs", "v": 0.029076368021729623}]}, {"source": 2, "prod": 21.0, "target": 2, "value": 0.077233422119860506, "supply": [{"l": "Maize", "v": 0.0056419679140749602}, {"l": "Rice", "v": 0.052703415513175089}, {"l": "Sorghum", "v": 0.018888038692610454}]}, {"source": 3, "prod": 1.0, "target": 3, "value": 0.0015722283920555555, "supply": [{"l": "Cottonseed", "v": 0.0015722283920555555}]}, {"source": 0, "prod": 3.0, "target": 15, "value": 0.024931050216880957, "supply": [{"l": "Fats, Animals, Raw", "v": 0.024931050216880957}]}, {"source": 8, "prod": 61.0, "target": 15, "value": 0.057577246605596426, "supply": [{"l": "Pigmeat", "v": 0.003485235351847291}, {"l": "Milk - Excluding Butter", "v": 0.022414981129132219}, {"l": "Bovine Meat", "v": 0.019758713369714583}, {"l": "Eggs", "v": 0.010712346113268809}, {"l": "Offals, Edible", "v": 0.0012059706416335228}]}, {"source": 2, "prod": 309.0, "target": 15, "value": 0.95834729347226677, "supply": [{"l": "Maize", "v": 0.42314759355562193}, {"l": "Barley", "v": 0.0065307948593076922}, {"l": "Rice", "v": 0.15405613765389642}, {"l": "Sorghum", "v": 0.28017257394038841}, {"l": "Wheat", "v": 0.094440193463052283}]}, {"source": 3, "prod": 43.0, "target": 15, "value": 0.051147958654407348, "supply": [{"l": "Soyabeans", "v": 0.0015722283920555555}, {"l": "Coconuts - Incl Copra", "v": 0.043511420750137503}, {"l": "Groundnuts", "v": 0.0060643095122142861}]}, {"source": 9, "prod": 7.0, "target": 15, "value": 0.031611826180691492, "supply": [{"l": "Sugar", "v": 0.031611826180691492}]}, {"source": 4, "prod": 123.0, "target": 15, "value": 0.12524182142549178, "supply": [{"l": "Roots, Other", "v": 0.0119577934043662}, {"l": "Potatoes", "v": 0.010717805810586114}, {"l": "Yams", "v": 0.0019078726555280898}, {"l": "Sweet potatoes", "v": 0.0011791712940416668}, {"l": "Cassava", "v": 0.099479178260969706}]}, {"source": 5, "prod": 334.0, "target": 15, "value": 0.2053968196164187, "supply": [{"l": "Grapes", "v": 0.0011473017996081081}, {"l": "Pineapples", "v": 0.0031169702737604893}, {"l": "Fruits, Other", "v": 0.015584115018631465}, {"l": "Grapefruit", "v": 0.00050946618374206202}, {"l": "Beans", "v": 0.003859106053227273}, {"l": "Tomatoes", "v": 0.00080347318458359632}, {"l": "Lemons, Limes", "v": 0.00038243393320270267}, {"l": "Bananas", "v": 0.10505608777637106}, {"l": "Vegetables, Other", "v": 0.010708150129675676}, {"l": "Peas", "v": 0.0039572189189872884}, {"l": "Oranges, Mandarines", "v": 0.014815687882647952}, {"l": "Plantains", "v": 0.042553051138542894}, {"l": "Onions", "v": 0.0029037573234381108}]}, {"source": 10, "prod": 1.0, "target": 15, "value": 0.00047298235749860721, "supply": [{"l": "Coffee", "v": 0.00047298235749860721}]}, {"source": 16, "prod": 5.0, "target": 10, "value": 0.020888177208738097, "supply": [{"l": "Nuts", "v": 0.0047166851761666672}, {"l": "Pepper", "v": 0.0040428730081428577}, {"l": "Spices, Other", "v": 0.012128619024428572}]}, {"source": 16, "prod": 1022.0, "target": 1, "value": 0.64317548987188777, "supply": [{"l": "Milk - Excluding Butter", "v": 0.62450627979221163}, {"l": "Fish, Seafood", "v": 0.0044540126360895884}, {"l": "Demersal Fish", "v": 0.0028050770871475778}, {"l": "Bovine Meat", "v": 0.0065862377899048594}, {"l": "Offals, Edible", "v": 0.0048238825665340912}]}, {"source": 16, "prod": 607.0, "target": 13, "value": 4.6053776826315698, "supply": [{"l": "Olive Oil", "v": 0.014150055528500001}, {"l": "Sugar", "v": 1.0612541646374998}, {"l": "Palm Oil", "v": 0.010612541646375}, {"l": "Groundnut Oil", "v": 0.010612541646375}, {"l": "Oilcrops Oil, Other", "v": 0.020376079961040003}, {"l": "Sweeteners, Other", "v": 0.0070750277642500003}, {"l": "Cream", "v": 0.0024608792223478259}, {"l": "Fats, Animals, Raw", "v": 0.31579330274715878}, {"l": "Soyabean Oil", "v": 1.1422953917552727}, {"l": "Cottonseed Oil", "v": 0.9860636049198942}, {"l": "Beverages, Alcoholic", "v": 0.047817429027344829}, {"l": "Wine", "v": 0.0074912058680294113}, {"l": "Sunflowerseed Oil", "v": 0.97937545790748193}]}, {"source": 16, "prod": 2966.0, "target": 2, "value": 8.9070889795462271, "supply": [{"l": "Maize", "v": 3.7349827591176235}, {"l": "Oats", "v": 0.056927391027953765}, {"l": "Barley", "v": 0.93390366488099996}, {"l": "Rice", "v": 0.0081082177712577062}, {"l": "Sorghum", "v": 1.0640261796837223}, {"l": "Cereals, Other", "v": 0.03039046016916478}, {"l": "Wheat", "v": 3.078750306895504}]}, {"source": 16, "prod": 137.0, "target": 5, "value": 0.40026023667996879, "supply": [{"l": "Beans", "v": 0.15436424212909092}, {"l": "Fruits, Other", "v": 0.0096874228494195618}, {"l": "Vegetables, Other", "v": 0.0035693833765585588}, {"l": "Peas", "v": 0.15828875675949153}, {"l": "Treenuts", "v": 0.0070750277642500003}, {"l": "Grapes", "v": 0.0028682544990202702}, {"l": "Pulses, Other", "v": 0.064407149302137937}]}, {"source": 16, "prod": 60.0, "target": 12, "value": 0.020540403186532261, "supply": [{"l": "Sugar cane", "v": 0.020540403186532261}]}, {"source": 16, "prod": 179.0, "target": 3, "value": 0.44179617816761119, "supply": [{"l": "Olives", "v": 0.0078611419602777795}, {"l": "Soyabeans", "v": 0.17766180830227779}, {"l": "Rape and Mustardseed", "v": 0.0015722283920555555}, {"l": "Oilcrops, Other", "v": 0.25470099951300001}]}, {"source": 16, "prod": 29.0, "target": 4, "value": 0.022201169179071233, "supply": [{"l": "Potatoes", "v": 0.022201169179071233}]}, {"source": 0, "prod": 1.0, "target": 17, "value": 0.0083103500722936513, "supply": [{"l": "Fats, Animals, Raw", "v": 0.0083103500722936513}]}, {"source": 8, "prod": 2.0, "target": 17, "value": 0.0030118439975272337, "supply": [{"l": "Eggs", "v": 0.0015303351590384014}, {"l": "Poultry Meat", "v": 0.0014815088384888323}]}, {"source": 3, "prod": 3.0, "target": 17, "value": 0.0047166851761666663, "supply": [{"l": "Sesame seed", "v": 0.0047166851761666663}]}, {"source": 4, "prod": 9.0, "target": 17, "value": 0.0082095242383507603, "supply": [{"l": "Potatoes", "v": 0.0038277877894950401}, {"l": "Yams", "v": 0.00095393632776404492}, {"l": "Roots, Other", "v": 0.0023915586808732395}, {"l": "Cassava", "v": 0.0010362414402184344}]}, {"source": 5, "prod": 81.0, "target": 17, "value": 0.042695951365752861, "supply": [{"l": "Vegetables, Other", "v": 0.0074362153678303308}, {"l": "Fruits, Other", "v": 0.0037907306802076545}, {"l": "Grapefruit", "v": 0.00050946618374206202}, {"l": "Lemons, Limes", "v": 0.0011473017996081081}, {"l": "Tomatoes", "v": 0.00040173659229179816}, {"l": "Pineapples", "v": 0.00044528146768006986}, {"l": "Oranges, Mandarines", "v": 0.0035428818849810324}, {"l": "Plantains", "v": 0.02417786996508119}, {"l": "Onions", "v": 0.001244467424330619}]}, {"source": 10, "prod": 12.0, "target": 17, "value": 0.010115065559648787, "supply": [{"l": "Cocoa Beans", "v": 0.0072771714146571435}, {"l": "Coffee", "v": 0.0028378941449916434}]}, {"source": 6, "prod": 66.0, "target": 17, "value": 0.053498069590219889, "supply": [{"l": "Fish, Seafood", "v": 0.02939648339819129}, {"l": "Pelagic Fish", "v": 0.010649519143400699}, {"l": "Crustaceans", "v": 0.0027927741174671055}, {"l": "Demersal Fish", "v": 0.010659292931160793}]}, {"source": 11, "prod": 1.0, "target": 17, "value": 0.010188039980520001, "supply": [{"l": "Oilcrops Oil, Other", "v": 0.010188039980520001}]}, {"source": 18, "prod": 1.0, "target": 5, "value": 0.003859106053227273, "supply": [{"l": "Beans", "v": 0.003859106053227273}]}, {"source": 11, "prod": 8.0, "target": 19, "value": 0.082327595802181824, "supply": [{"l": "Soyabean Oil", "v": 0.082327595802181824}]}, {"source": 0, "prod": 1.0, "target": 19, "value": 0.0034155306448103444, "supply": [{"l": "Beverages, Alcoholic", "v": 0.0034155306448103444}]}, {"source": 2, "prod": 36.0, "target": 19, "value": 0.11755430746753846, "supply": [{"l": "Barley", "v": 0.11755430746753846}]}, {"source": 5, "prod": 4.0, "target": 19, "value": 0.0048495647631269278, "supply": [{"l": "Vegetables, Other", "v": 0.00089234584413963971}, {"l": "Peas", "v": 0.0039572189189872884}]}, {"source": 18, "prod": 3.0, "target": 1, "value": 0.0044445265154664957, "supply": [{"l": "Poultry Meat", "v": 0.0044445265154664957}]}, {"source": 18, "prod": 5.0, "target": 3, "value": 0.030321547561071433, "supply": [{"l": "Groundnuts", "v": 0.030321547561071433}]}, {"source": 3, "prod": 66.0, "target": 19, "value": 0.26146158159883892, "supply": [{"l": "Sunflower seed", "v": 0.0084900333171}, {"l": "Soyabeans", "v": 0.011005598744388889}, {"l": "Oilcrops, Other", "v": 0.24196594953735001}]}, {"source": 18, "prod": 8.0, "target": 10, "value": 0.0052636179498773581, "supply": [{"l": "Coffee", "v": 0.0028378941449916434}, {"l": "Cocoa Beans", "v": 0.0024257238048857148}]}, {"source": 18, "prod": 76.0, "target": 13, "value": 0.34321411281893616, "supply": [{"l": "Sugar", "v": 0.34321411281893616}]}, {"source": 4, "prod": 30.0, "target": 19, "value": 0.022966726736970245, "supply": [{"l": "Potatoes", "v": 0.022966726736970245}]}, {"source": 18, "prod": 395.0, "target": 2, "value": 1.3463008384278337, "supply": [{"l": "Maize", "v": 0.32441315505931018}, {"l": "Wheat", "v": 0.15740032243842048}, {"l": "Rice", "v": 0.62838687727247222}, {"l": "Sorghum", "v": 0.2361004836576307}]}, {"source": 1, "prod": 532.0, "target": 6, "value": 0.46859865255969418, "supply": [{"l": "Pelagic Fish", "v": 0.15382638762689896}, {"l": "Crustaceans", "v": 0.0050269934114407899}, {"l": "Freshwater Fish", "v": 0.014592244763765624}, {"l": "Molluscs, Other", "v": 0.0071838743452384626}, {"l": "Demersal Fish", "v": 0.031977878793482378}, {"l": "Fish, Seafood", "v": 0.23695347223996613}, {"l": "Marine Fish, Other", "v": 0.014043664133548872}, {"l": "Cephalopods", "v": 0.004994137245352942}]}, {"source": 1, "prod": 3454.0, "target": 8, "value": 2.9336091925204597, "supply": [{"l": "Poultry Meat", "v": 0.53778770837144618}, {"l": "Pigmeat", "v": 0.18297485597198276}, {"l": "Bovine Meat", "v": 0.39912601006823456}, {"l": "Eggs", "v": 0.20659524647018421}, {"l": "Milk - Excluding Butter", "v": 1.5565959117452934}, {"l": "Offals, Edible", "v": 0.07235823849801136}, {"l": "Mutton & Goat Meat", "v": 0.0072475894170365854}]}, {"source": 13, "prod": 1408.0, "target": 0, "value": 1.774081839358745, "supply": [{"l": "Fats, Animals, Raw", "v": 0.87258675759083337}, {"l": "Beer", "v": 0.49387764303175852}, {"l": "Beverages, Alcoholic", "v": 0.35521518706027588}, {"l": "Wine", "v": 0.0074912058680294113}, {"l": "Butter, Ghee", "v": 0.0424501665855}, {"l": "Cream", "v": 0.0024608792223478259}]}, {"source": 13, "prod": 374.0, "target": 11, "value": 3.8371443004305252, "supply": [{"l": "Olive Oil", "v": 0.014150055528500001}, {"l": "Sesameseed Oil", "v": 0.16443854003646316}, {"l": "Soyabean Oil", "v": 1.3172415328349092}, {"l": "Coconut Oil", "v": 0.0424501665855}, {"l": "Cottonseed Oil", "v": 1.0168780925736407}, {"l": "Maize Germ Oil", "v": 0.14512033693182558}, {"l": "Groundnut Oil", "v": 0.053062708231874998}, {"l": "Palm Oil", "v": 0.063675249878250004}, {"l": "Oilcrops Oil, Other", "v": 0.040752159922080006}, {"l": "Sunflowerseed Oil", "v": 0.97937545790748193}]}, {"source": 13, "prod": 712.0, "target": 9, "value": 3.2179333726887713, "supply": [{"l": "Sweeteners, Other", "v": 0.0070750277642500003}, {"l": "Sugar non-centrifugal", "v": 0.0361278013493617}, {"l": "Sugar", "v": 3.1747305435751598}]}, {"source": 20, "prod": 0, "target": 2, "value": 0.062840651639481188, "supply": "[{\"l\":'Energy for power irrigation',\"v\":0.062840651639481188}]"}, {"source": 20, "prod": 0, "target": 3, "value": 0.0073886653483595192, "supply": "[{\"l\":'Energy for power irrigation',\"v\":0.0073886653483595192}]"}, {"source": 20, "prod": 0, "target": 12, "value": 0.10120040349813167, "supply": "[{\"l\":'Energy for power irrigation',\"v\":0.10120040349813167}]"}, {"source": 20, "prod": 0, "target": 4, "value": 0.014872463726955429, "supply": "[{\"l\":'Energy for power irrigation',\"v\":0.014872463726955429}]"}, {"source": 20, "prod": 0, "target": 5, "value": 0.055716244708444961, "supply": "[{\"l\":'Energy for power irrigation',\"v\":0.055716244708444961}]"}, {"source": 20, "prod": 0, "target": 10, "value": 0.0016489725240974036, "supply": "[{\"l\":'Energy for power irrigation',\"v\":0.0016489725240974036}]"}, {"source": 20, "prod": 0, "target": 13, "value": 0.14500000011599998, "supply": "[{\"l\":'Electricity',\"v\":0.14500000011599998}]"}, {"source": 21, "prod": 0, "target": 20, "value": 0.50371730129754133, "supply": [{"l": "Coal", "v": 0.0}, {"l": "Natural gas", "v": 0.28696518721171355}, {"l": "Oil", "v": 0.21675211408582784}]}, {"source": 22, "prod": 0, "target": 20, "value": 0.17429761209146735, "supply": [{"l": "Nuclear", "v": 0.0}, {"l": "Hydroelectric", "v": 0.17429761209146735}, {"l": "Renewable", "v": 0.0}]}, {"source": 21, "prod": 0, "target": 2, "value": 0.14347348952075481, "supply": [{"l": "Gas-Diesel oil", "v": 0.012321659253692521}, {"l": "Fuel oil", "v": 0.037624043256042509}, {"l": "Other fossil fuels", "v": 0.093527787011019783}]}, {"source": 21, "prod": 0, "target": 3, "value": 0.016869296749370499, "supply": [{"l": "Gas-Diesel oil", "v": 0.0014487535438740238}, {"l": "Fuel oil", "v": 0.0044237521002478911}, {"l": "Other fossil fuels", "v": 0.010996791105248583}]}, {"source": 21, "prod": 0, "target": 12, "value": 0.23105385848136362, "supply": [{"l": "Gas-Diesel oil", "v": 0.019843156550858231}, {"l": "Fuel oil", "v": 0.060590847793667114}, {"l": "Other fossil fuels", "v": 0.15061985413683826}]}, {"source": 21, "prod": 0, "target": 4, "value": 0.033955794744441048, "supply": [{"l": "Gas-Diesel oil", "v": 0.0029161605668537221}, {"l": "Fuel oil", "v": 0.0089044623820440389}, {"l": "Other fossil fuels", "v": 0.022135171795543286}]}, {"source": 21, "prod": 0, "target": 5, "value": 0.12720752956499556, "supply": [{"l": "Gas-Diesel oil", "v": 0.010924720929556479}, {"l": "Fuel oil", "v": 0.033358508326761994}, {"l": "Other fossil fuels", "v": 0.08292430030867709}]}, {"source": 21, "prod": 0, "target": 10, "value": 0.0037648215921341887, "supply": [{"l": "Gas-Diesel oil", "v": 0.00032332697116501817}, {"l": "Fuel oil", "v": 0.00098727514683643919}, {"l": "Other fossil fuels", "v": 0.002454219474132731}]}, {"source": 23, "prod": 69.038543293423558, "target": 2, "value": 0.71374536521759224, "supply": [{"l": "Potash", "v": 0.15511527790187002}, {"l": "Phosphate", "v": 0.35392083361646998}, {"l": "Nitrogen", "v": 2.2585430573623895}]}, {"source": 23, "prod": 8.1173997917751173, "target": 3, "value": 0.08392060728126105, "supply": [{"l": "Potash", "v": 0.15511527790187002}, {"l": "Phosphate", "v": 0.35392083361646998}, {"l": "Nitrogen", "v": 2.2585430573623895}]}, {"source": 23, "prod": 111.18166753427035, "target": 12, "value": 1.1494361861384741, "supply": [{"l": "Potash", "v": 0.15511527790187002}, {"l": "Phosphate", "v": 0.35392083361646998}, {"l": "Nitrogen", "v": 2.2585430573623895}]}, {"source": 23, "prod": 16.339315460697552, "target": 4, "value": 0.16892173740305338, "supply": [{"l": "Potash", "v": 0.15511527790187002}, {"l": "Phosphate", "v": 0.35392083361646998}, {"l": "Nitrogen", "v": 2.2585430573623895}]}, {"source": 23, "prod": 61.211465382613213, "target": 5, "value": 0.63282621027114017, "supply": [{"l": "Potash", "v": 0.15511527790187002}, {"l": "Phosphate", "v": 0.35392083361646998}, {"l": "Nitrogen", "v": 2.2585430573623895}]}, {"source": 23, "prod": 1.8116085372201978, "target": 10, "value": 0.018729062569208477, "supply": [{"l": "Potash", "v": 0.15511527790187002}, {"l": "Phosphate", "v": 0.35392083361646998}, {"l": "Nitrogen", "v": 2.2585430573623895}]}, {"source": 21, "prod": 0, "target": 23, "value": 3.4059242280291624, "supply": [{"l": "Natural gas (including LNG)", "v": 2.2819535265558679}, {"l": "Fuel oil", "v": 0.72472536559598866}, {"l": "Liquefied petroleum gas (LPG)", "v": 0.19962266793865288}, {"l": "Coal", "v": 0.19962266793865288}]}, {"source": 24, "prod": 0, "target": 2, "value": 0.15142924524484883, "supply": "[{\"l\":'Labor',\"v\":0.15142924524484883}]"}, {"source": 24, "prod": 0, "target": 3, "value": 0.017804716976644125, "supply": "[{\"l\":'Labor',\"v\":0.017804716976644125}]"}, {"source": 24, "prod": 0, "target": 12, "value": 0.24386603767437892, "supply": "[{\"l\":'Labor',\"v\":0.24386603767437892}]"}, {"source": 24, "prod": 0, "target": 4, "value": 0.035838679236249338, "supply": "[{\"l\":'Labor',\"v\":0.035838679236249338}]"}, {"source": 24, "prod": 0, "target": 5, "value": 0.13426132072087438, "supply": "[{\"l\":'Labor',\"v\":0.13426132072087438}]"}, {"source": 24, "prod": 0, "target": 10, "value": 0.0039735849046587746, "supply": "[{\"l\":'Labor',\"v\":0.0039735849046587746}]"}, {"source": 21, "prod": 0, "target": 16, "value": 11.962463158705113, "supply": "[{\"l\":'Fossil Fuels',\"v\":11.962463158705113}]"}, {"source": 22, "prod": 0, "target": 16, "value": 0.68614673722710096, "supply": "[{\"l\":'Renewables & Nuclear',\"v\":0.55239364387863366},{\"l\":'Biomass & Waste',\"v\":0.1337530933484673}]"}]}