{"nodes": [{"layer": 13, "name": "Aquatic Products", "fill": "#1f77b4"}, {"layer": 10, "name": "Feed", "fill": "#dbdb8d"}, {"layer": 5, "name": "Starchy Roots"}, {"layer": 5, "name": "Fruits & Vegetables"}, {"layer": 5, "name": "Cereals", "fill": "#e7ba52"}, {"layer": 13, "name": "Other Processed", "fill": "#9c9ede"}, {"layer": 16, "name": "Food", "fill": "#b5cf6b"}, {"layer": 13, "name": "Animal Products", "fill": "#17becf"}, {"layer": 5, "name": "Oilcrops", "fill": "#ff9896"}, {"layer": 13, "name": "Sugar", "fill": "#d6616b"}, {"layer": 5, "name": "Others"}, {"layer": 13, "name": "Vegetable Oils", "fill": "#f7b6d2"}, {"layer": 5, "name": "Sugar Crops", "fill": "#ffbb78"}, {"layer": 10, "name": "Processing", "fill": "#9edae5"}, {"layer": 16, "name": "Biofuels & Other", "fill": "#e7ba52"}, {"name": "Seed", "fill": "#dbdb8d"}, {"name": "Waste", "fill": "#c7c7c7"}, {"layer": 0, "name": "Import", "fill": "#aec7e8"}, {"layer": 16, "name": "Export", "fill": "#aec7e8"}, {"layer": 0, "name": "Stock Draw", "fill": "#c7c7c7"}, {"layer": 16, "name": "Stock Deposit", "fill": "#c7c7c7"}, {"layer": 0, "name": "Production", "fill": "#b5cf6b"}], "links": [{"source": 0, "prod": 0.29778627053493845, "target": 1, "value": 284.0, "supply": [{"l": "Demersal Fish", "v": 5.0}, {"l": "Pelagic Fish", "v": 137.0}, {"l": "Fish, Seafood", "v": 142.0}]}, {"source": 2, "prod": 0.046453105687520396, "target": 1, "value": 50.0, "supply": [{"l": "Potatoes", "v": 16.0}, {"l": "Cassava", "v": 34.0}]}, {"source": 3, "prod": 0.014675473723540333, "target": 1, "value": 15.0, "supply": [{"l": "Plantains", "v": 15.0}]}, {"source": 4, "prod": 0.26271505503080911, "target": 1, "value": 81.0, "supply": [{"l": "Wheat", "v": 61.0}, {"l": "Sorghum", "v": 20.0}]}, {"source": 5, "prod": 0.45246802819022908, "target": 6, "value": 424.0, "supply": [{"l": "Beer", "v": 356.0}, {"l": "Beverages, Alcoholic", "v": 46.0}, {"l": "Butter, Ghee", "v": 5.0}, {"l": "Fats, Animals, Raw", "v": 12.0}, {"l": "Wine", "v": 5.0}]}, {"source": 7, "prod": 1.1129831900692939, "target": 6, "value": 1352.0, "supply": [{"l": "Eggs", "v": 56.0}, {"l": "Mutton & Goat Meat", "v": 6.0}, {"l": "Pigmeat", "v": 43.0}, {"l": "Poultry Meat", "v": 80.0}, {"l": "Milk - Excluding Butter", "v": 962.0}, {"l": "Bovine Meat", "v": 175.0}, {"l": "Offals, Edible", "v": 30.0}]}, {"source": 4, "prod": 3.5380253593961331, "target": 6, "value": 1157.0, "supply": [{"l": "Maize", "v": 615.0}, {"l": "Barley", "v": 1.0}, {"l": "Cereals, Other", "v": 2.0}, {"l": "Rice", "v": 94.0}, {"l": "Wheat", "v": 419.0}, {"l": "Oats", "v": 26.0}]}, {"source": 8, "prod": 0.012532906325242857, "target": 6, "value": 7.0, "supply": [{"l": "Olives", "v": 2.0}, {"l": "Coconuts - Incl Copra", "v": 5.0}]}, {"source": 9, "prod": 1.5541796672024628, "target": 6, "value": 375.0, "supply": [{"l": "Sugar", "v": 345.0}, {"l": "Sugar non-centrifugal", "v": 29.0}, {"l": "Honey", "v": 1.0}]}, {"source": 2, "prod": 0.42197729048363469, "target": 6, "value": 430.0, "supply": [{"l": "Roots, Other", "v": 71.0}, {"l": "Yams", "v": 37.0}, {"l": "Potatoes", "v": 111.0}, {"l": "Sweet potatoes", "v": 3.0}, {"l": "Cassava", "v": 208.0}]}, {"source": 3, "prod": 1.3706673614337836, "target": 6, "value": 1722.0, "supply": [{"l": "Pulses, Other", "v": 10.0}, {"l": "Plantains", "v": 235.0}, {"l": "Tomatoes", "v": 73.0}, {"l": "Treenuts", "v": 2.0}, {"l": "Vegetables, Other", "v": 81.0}, {"l": "Peas", "v": 17.0}, {"l": "Grapes", "v": 13.0}, {"l": "Beans", "v": 57.0}, {"l": "Apples", "v": 13.0}, {"l": "Pineapples", "v": 35.0}, {"l": "Bananas", "v": 806.0}, {"l": "Fruits, Other", "v": 193.0}, {"l": "Oranges, Mandarines", "v": 158.0}, {"l": "Onions", "v": 29.0}]}, {"source": 10, "prod": 0.031772374353683963, "target": 6, "value": 33.0, "supply": [{"l": "Infant food", "v": 1.0}, {"l": "Nuts", "v": 2.0}, {"l": "Cocoa Beans", "v": 4.0}, {"l": "Coffee", "v": 25.0}, {"l": "Spices, Other", "v": 1.0}]}, {"source": 0, "prod": 0.19931189478899866, "target": 6, "value": 216.0, "supply": [{"l": "Pelagic Fish", "v": 53.0}, {"l": "Crustaceans", "v": 2.0}, {"l": "Marine Fish, Other", "v": 11.0}, {"l": "Freshwater Fish", "v": 6.0}, {"l": "Fish, Seafood", "v": 108.0}, {"l": "Molluscs, Other", "v": 5.0}, {"l": "Demersal Fish", "v": 31.0}]}, {"source": 11, "prod": 1.0699281691866673, "target": 6, "value": 110.0, "supply": [{"l": "Maize Germ Oil", "v": 6.0}, {"l": "Groundnut Oil", "v": 6.0}, {"l": "Soyabean Oil", "v": 7.0}, {"l": "Olive Oil", "v": 1.0}, {"l": "Coconut Oil", "v": 25.0}, {"l": "Sesameseed Oil", "v": 36.0}, {"l": "Cottonseed Oil", "v": 29.0}]}, {"source": 12, "prod": 1.4581730033562994, "target": 13, "value": 3727.0, "supply": [{"l": "Sugar cane", "v": 3727.0}]}, {"source": 4, "prod": 0.32686628270835, "target": 13, "value": 77.0, "supply": [{"l": "Barley", "v": 77.0}]}, {"source": 8, "prod": 0.73952738424075171, "target": 13, "value": 416.0, "supply": [{"l": "Cottonseed", "v": 21.0}, {"l": "Groundnuts", "v": 2.0}, {"l": "Soyabeans", "v": 48.0}, {"l": "Coconuts - Incl Copra", "v": 270.0}, {"l": "Sesame seed", "v": 75.0}]}, {"source": 5, "prod": 0.28627550358485954, "target": 14, "value": 34.0, "supply": [{"l": "Fats, Animals, Raw", "v": 34.0}]}, {"source": 11, "prod": 0.0424501665855, "target": 14, "value": 4.0, "supply": [{"l": "Palm Oil", "v": 1.0}, {"l": "Oilcrops Oil, Other", "v": 3.0}]}, {"source": 9, "prod": 0.008292590681818604, "target": 14, "value": 2.0, "supply": [{"l": "Sugar", "v": 2.0}]}, {"source": 2, "prod": 0.021298461935330117, "target": 15, "value": 26.0, "supply": [{"l": "Potatoes", "v": 21.0}, {"l": "Yams", "v": 5.0}]}, {"source": 3, "prod": 0.011841362258060529, "target": 15, "value": 3.0, "supply": [{"l": "Beans", "v": 3.0}]}, {"source": 7, "prod": 0.0076486786640540564, "target": 7, "value": 5.0, "supply": [{"l": "Eggs", "v": 5.0}]}, {"source": 4, "prod": 0.039075803450266136, "target": 15, "value": 10.0, "supply": [{"l": "Maize", "v": 1.0}, {"l": "Rice", "v": 9.0}]}, {"source": 8, "prod": 0.0018597215837457145, "target": 15, "value": 1.0, "supply": [{"l": "Cottonseed", "v": 1.0}]}, {"source": 5, "prod": 0.008419867752495867, "target": 16, "value": 1.0, "supply": [{"l": "Fats, Animals, Raw", "v": 1.0}]}, {"source": 7, "prod": 0.027399678965500877, "target": 16, "value": 29.0, "supply": [{"l": "Pigmeat", "v": 1.0}, {"l": "Milk - Excluding Butter", "v": 16.0}, {"l": "Bovine Meat", "v": 9.0}, {"l": "Eggs", "v": 3.0}]}, {"source": 4, "prod": 0.32714355570242187, "target": 16, "value": 104.0, "supply": [{"l": "Maize", "v": 61.0}, {"l": "Rice", "v": 20.0}, {"l": "Sorghum", "v": 2.0}, {"l": "Wheat", "v": 20.0}, {"l": "Barley", "v": 1.0}]}, {"source": 8, "prod": 0.035819854852145713, "target": 16, "value": 21.0, "supply": [{"l": "Coconuts - Incl Copra", "v": 20.0}, {"l": "Sesame seed", "v": 1.0}]}, {"source": 9, "prod": 0.016585181363637208, "target": 16, "value": 4.0, "supply": [{"l": "Sugar", "v": 4.0}]}, {"source": 2, "prod": 0.12091045922349397, "target": 16, "value": 120.0, "supply": [{"l": "Roots, Other", "v": 11.0}, {"l": "Potatoes", "v": 8.0}, {"l": "Yams", "v": 2.0}, {"l": "Cassava", "v": 99.0}]}, {"source": 3, "prod": 0.16700532459496792, "target": 16, "value": 261.0, "supply": [{"l": "Grapes", "v": 1.0}, {"l": "Fruits, Other", "v": 31.0}, {"l": "Beans", "v": 1.0}, {"l": "Apples", "v": 1.0}, {"l": "Tomatoes", "v": 10.0}, {"l": "Pineapples", "v": 5.0}, {"l": "Bananas", "v": 142.0}, {"l": "Vegetables, Other", "v": 16.0}, {"l": "Oranges, Mandarines", "v": 21.0}, {"l": "Plantains", "v": 29.0}, {"l": "Onions", "v": 4.0}]}, {"source": 17, "prod": 0.015329226822541668, "target": 10, "value": 4.0, "supply": [{"l": "Nuts", "v": 2.0}, {"l": "Spices, Other", "v": 1.0}, {"l": "Infant food", "v": 1.0}]}, {"source": 17, "prod": 0.40116429146024979, "target": 1, "value": 470.0, "supply": [{"l": "Pigmeat", "v": 6.0}, {"l": "Milk - Excluding Butter", "v": 208.0}, {"l": "Fish, Seafood", "v": 128.0}, {"l": "Pelagic Fish", "v": 127.0}, {"l": "Demersal Fish", "v": 1.0}]}, {"source": 17, "prod": 0.57817605838727515, "target": 13, "value": 75.0, "supply": [{"l": "Olive Oil", "v": 1.0}, {"l": "Coconut Oil", "v": 2.0}, {"l": "Cottonseed Oil", "v": 31.0}, {"l": "Groundnut Oil", "v": 5.0}, {"l": "Oilcrops Oil, Other", "v": 2.0}, {"l": "Wine", "v": 5.0}, {"l": "Fats, Animals, Raw", "v": 14.0}, {"l": "Soyabean Oil", "v": 3.0}, {"l": "Palm Oil", "v": 1.0}, {"l": "Beverages, Alcoholic", "v": 11.0}]}, {"source": 17, "prod": 3.3246294434795391, "target": 4, "value": 1011.0, "supply": [{"l": "Maize", "v": 122.0}, {"l": "Oats", "v": 27.0}, {"l": "Barley", "v": 86.0}, {"l": "Rice", "v": 4.0}, {"l": "Sorghum", "v": 1.0}, {"l": "Cereals, Other", "v": 2.0}, {"l": "Wheat", "v": 769.0}]}, {"source": 17, "prod": 0.21115332602182937, "target": 3, "value": 103.0, "supply": [{"l": "Beans", "v": 25.0}, {"l": "Apples", "v": 15.0}, {"l": "Vegetables, Other", "v": 6.0}, {"l": "Peas", "v": 15.0}, {"l": "Treenuts", "v": 2.0}, {"l": "Grapes", "v": 14.0}, {"l": "Fruits, Other", "v": 22.0}, {"l": "Pulses, Other", "v": 4.0}]}, {"source": 17, "prod": 0.3683865885019772, "target": 8, "value": 212.0, "supply": [{"l": "Olives", "v": 2.0}, {"l": "Soyabeans", "v": 48.0}, {"l": "Coconuts - Incl Copra", "v": 162.0}]}, {"source": 17, "prod": 0.0099973218407880433, "target": 2, "value": 13.0, "supply": [{"l": "Potatoes", "v": 13.0}]}, {"source": 0, "prod": 0.0072007726372418038, "target": 18, "value": 8.0, "supply": [{"l": "Pelagic Fish", "v": 1.0}, {"l": "Fish, Seafood", "v": 4.0}, {"l": "Crustaceans", "v": 3.0}]}, {"source": 3, "prod": 0.016604694766371865, "target": 18, "value": 21.0, "supply": [{"l": "Vegetables, Other", "v": 1.0}, {"l": "Fruits, Other", "v": 5.0}, {"l": "Oranges, Mandarines", "v": 1.0}, {"l": "Plantains", "v": 14.0}]}, {"source": 9, "prod": 0.29438696920456048, "target": 18, "value": 71.0, "supply": [{"l": "Sugar", "v": 71.0}]}, {"source": 4, "prod": 0.1411230191182844, "target": 18, "value": 35.0, "supply": [{"l": "Rice", "v": 35.0}]}, {"source": 10, "prod": 0.019505264290768279, "target": 18, "value": 25.0, "supply": [{"l": "Coffee", "v": 10.0}, {"l": "Cocoa Beans", "v": 15.0}]}, {"source": 19, "prod": 0.27205175884189831, "target": 13, "value": 63.0, "supply": [{"l": "Coconut Oil", "v": 2.0}, {"l": "Sugar", "v": 61.0}]}, {"source": 4, "prod": 1.2545004798527544, "target": 20, "value": 392.0, "supply": [{"l": "Maize", "v": 106.0}, {"l": "Wheat", "v": 270.0}, {"l": "Barley", "v": 7.0}, {"l": "Rice", "v": 9.0}]}, {"source": 10, "prod": 0.0050336165911660079, "target": 20, "value": 10.0, "supply": [{"l": "Coffee", "v": 10.0}]}, {"source": 11, "prod": 0.085426044644072496, "target": 20, "value": 9.0, "supply": [{"l": "Soyabean Oil", "v": 4.0}, {"l": "Cottonseed Oil", "v": 5.0}]}, {"source": 21, "prod": 2.5698043515692661, "target": 4, "value": 847.0, "supply": [{"l": "Maize", "v": 661.0}, {"l": "Rice", "v": 163.0}, {"l": "Wheat", "v": 1.0}, {"l": "Sorghum", "v": 22.0}]}, {"source": 21, "prod": 0.42135327849990878, "target": 8, "value": 233.0, "supply": [{"l": "Coconuts - Incl Copra", "v": 133.0}, {"l": "Sesame seed", "v": 76.0}, {"l": "Groundnuts", "v": 2.0}, {"l": "Cottonseed", "v": 22.0}]}, {"source": 21, "prod": 1.4585642491312811, "target": 12, "value": 3728.0, "supply": [{"l": "Sugar cane", "v": 3728.0}]}, {"source": 21, "prod": 0.60196856319498804, "target": 2, "value": 614.0, "supply": [{"l": "Roots, Other", "v": 82.0}, {"l": "Yams", "v": 44.0}, {"l": "Potatoes", "v": 143.0}, {"l": "Sweet potatoes", "v": 4.0}, {"l": "Cassava", "v": 341.0}]}, {"source": 21, "prod": 1.3794831146924258, "target": 3, "value": 1923.0, "supply": [{"l": "Plantains", "v": 293.0}, {"l": "Fruits, Other", "v": 208.0}, {"l": "Tomatoes", "v": 83.0}, {"l": "Vegetables, Other", "v": 92.0}, {"l": "Peas", "v": 2.0}, {"l": "Grapes", "v": 1.0}, {"l": "Beans", "v": 37.0}, {"l": "Pulses, Other", "v": 7.0}, {"l": "Pineapples", "v": 39.0}, {"l": "Bananas", "v": 949.0}, {"l": "Oranges, Mandarines", "v": 179.0}, {"l": "Onions", "v": 33.0}]}, {"source": 21, "prod": 0.041485390072193186, "target": 10, "value": 65.0, "supply": [{"l": "Coffee", "v": 46.0}, {"l": "Cocoa Beans", "v": 19.0}]}, {"source": 1, "prod": 0.50429893796117897, "target": 0, "value": 508.0, "supply": [{"l": "Pelagic Fish", "v": 191.0}, {"l": "Crustaceans", "v": 5.0}, {"l": "Freshwater Fish", "v": 6.0}, {"l": "Molluscs, Other", "v": 5.0}, {"l": "Demersal Fish", "v": 36.0}, {"l": "Fish, Seafood", "v": 254.0}, {"l": "Marine Fish, Other", "v": 11.0}]}, {"source": 1, "prod": 1.1403828690347948, "target": 7, "value": 1381.0, "supply": [{"l": "Milk - Excluding Butter", "v": 978.0}, {"l": "Pigmeat", "v": 44.0}, {"l": "Bovine Meat", "v": 184.0}, {"l": "Eggs", "v": 64.0}, {"l": "Poultry Meat", "v": 80.0}, {"l": "Offals, Edible", "v": 30.0}, {"l": "Mutton & Goat Meat", "v": 6.0}]}, {"source": 13, "prod": 0.74716339952758437, "target": 5, "value": 459.0, "supply": [{"l": "Fats, Animals, Raw", "v": 47.0}, {"l": "Beer", "v": 356.0}, {"l": "Beverages, Alcoholic", "v": 46.0}, {"l": "Butter, Ghee", "v": 5.0}, {"l": "Wine", "v": 5.0}]}, {"source": 13, "prod": 1.1978043804162397, "target": 11, "value": 123.0, "supply": [{"l": "Olive Oil", "v": 1.0}, {"l": "Sesameseed Oil", "v": 36.0}, {"l": "Soyabean Oil", "v": 11.0}, {"l": "Coconut Oil", "v": 25.0}, {"l": "Maize Germ Oil", "v": 6.0}, {"l": "Groundnut Oil", "v": 6.0}, {"l": "Cottonseed Oil", "v": 34.0}, {"l": "Oilcrops Oil, Other", "v": 3.0}, {"l": "Palm Oil", "v": 1.0}]}, {"source": 13, "prod": 1.8734444084524791, "target": 9, "value": 452.0, "supply": [{"l": "Honey", "v": 1.0}, {"l": "Sugar non-centrifugal", "v": 29.0}, {"l": "Sugar", "v": 422.0}]}]}