{"nodes": [{"layer": 13, "name": "Aquatic Products", "fill": "#1f77b4"}, {"layer": 10, "name": "Feed", "fill": "#dbdb8d"}, {"layer": 5, "name": "Starchy Roots"}, {"layer": 5, "name": "Fruits & Vegetables"}, {"layer": 5, "name": "Cereals", "fill": "#e7ba52"}, {"layer": 13, "name": "Other Processed", "fill": "#9c9ede"}, {"layer": 16, "name": "Food", "fill": "#b5cf6b"}, {"layer": 13, "name": "Animal Products", "fill": "#17becf"}, {"layer": 5, "name": "Oilcrops", "fill": "#ff9896"}, {"layer": 13, "name": "Sugar", "fill": "#d6616b"}, {"layer": 5, "name": "Others"}, {"layer": 13, "name": "Vegetable Oils", "fill": "#f7b6d2"}, {"layer": 5, "name": "Sugar Crops", "fill": "#ffbb78"}, {"layer": 10, "name": "Processing", "fill": "#9edae5"}, {"layer": 16, "name": "Biofuels & Other", "fill": "#e7ba52"}, {"name": "Waste", "fill": "#c7c7c7"}, {"layer": 2, "name": "Import", "fill": "#aec7e8"}, {"layer": 16, "name": "Export", "fill": "#aec7e8"}, {"layer": 0, "name": "Stock Draw", "fill": "#c7c7c7"}, {"layer": 16, "name": "Stock Deposit", "fill": "#c7c7c7"}, {"layer": 2, "name": "Electricity", "fill": "#bcbd22"}, {"layer": 0, "name": "Fossil Fuels", "fill": "#c49c94"}, {"layer": 0, "name": "Renewables & Nuclear", "fill": "#2ca02c"}, {"layer": 2, "name": "Fertilizers", "fill": "#c5b0d5"}, {"layer": 0, "name": "Labor", "fill": "#7f7f7f"}], "links": [{"source": 0, "prod": 284.0, "target": 1, "value": 0.29778627053493845, "supply": [{"l": "Demersal Fish", "v": 0.002774520691862745}, {"l": "Pelagic Fish", "v": 0.16616208063467144}, {"l": "Fish, Seafood", "v": 0.12884966920840429}]}, {"source": 2, "prod": 50.0, "target": 1, "value": 0.046453105687520396, "supply": [{"l": "Potatoes", "v": 0.012304396111739131}, {"l": "Cassava", "v": 0.034148709575781269}]}, {"source": 3, "prod": 15.0, "target": 1, "value": 0.014675473723540333, "supply": [{"l": "Plantains", "v": 0.014675473723540333}]}, {"source": 4, "prod": 81.0, "target": 1, "value": 0.26271505503080911, "supply": [{"l": "Wheat", "v": 0.20176805383781765}, {"l": "Sorghum", "v": 0.06094700119299145}]}, {"source": 5, "prod": 424.0, "target": 6, "value": 0.45246802819022908, "supply": [{"l": "Beer", "v": 0.14920425265312554}, {"l": "Beverages, Alcoholic", "v": 0.15809668168166521}, {"l": "Butter, Ghee", "v": 0.039797031173906254}, {"l": "Fats, Animals, Raw", "v": 0.10103841302995044}, {"l": "Wine", "v": 0.0043316496515816323}]}, {"source": 7, "prod": 1352.0, "target": 6, "value": 1.1129831900692939, "supply": [{"l": "Eggs", "v": 0.085665201037405422}, {"l": "Mutton & Goat Meat", "v": 0.0086339321868813563}, {"l": "Pigmeat", "v": 0.076233013775352673}, {"l": "Poultry Meat", "v": 0.12006107721151515}, {"l": "Milk - Excluding Butter", "v": 0.55404068390551353}, {"l": "Bovine Meat", "v": 0.22988772162348137}, {"l": "Offals, Edible", "v": 0.038461560329144294}]}, {"source": 4, "prod": 1157.0, "target": 6, "value": 3.5380253593961331, "supply": [{"l": "Maize", "v": 1.7140216699221242}, {"l": "Barley", "v": 0.00424501665855}, {"l": "Cereals, Other", "v": 0.0044684385879473695}, {"l": "Rice", "v": 0.37901610848910672}, {"l": "Wheat", "v": 1.3859149927548458}, {"l": "Oats", "v": 0.050359132983558937}]}, {"source": 8, "prod": 7.0, "target": 6, "value": 0.012532906325242857, "supply": [{"l": "Olives", "v": 0.0040428730081428577}, {"l": "Coconuts - Incl Copra", "v": 0.0084900333171}]}, {"source": 9, "prod": 375.0, "target": 6, "value": 1.5541796672024628, "supply": [{"l": "Sugar", "v": 1.4304718926137092}, {"l": "Sugar non-centrifugal", "v": 0.11764346507653926}, {"l": "Honey", "v": 0.0060643095122142861}]}, {"source": 2, "prod": 430.0, "target": 6, "value": 0.42197729048363469, "supply": [{"l": "Roots, Other", "v": 0.085623915555980118}, {"l": "Yams", "v": 0.038102171086176549}, {"l": "Potatoes", "v": 0.085361748025190212}, {"l": "Sweet potatoes", "v": 0.0039797031173906252}, {"l": "Cassava", "v": 0.20890975269889719}]}, {"source": 3, "prod": 1722.0, "target": 6, "value": 1.3706673614337836, "supply": [{"l": "Pulses, Other", "v": 0.041213753966504854}, {"l": "Plantains", "v": 0.22991575500213188}, {"l": "Tomatoes", "v": 0.017120785418461328}, {"l": "Treenuts", "v": 0.00424501665855}, {"l": "Vegetables, Other", "v": 0.021356916108232919}, {"l": "Peas", "v": 0.069556899465397601}, {"l": "Grapes", "v": 0.0083613964486590926}, {"l": "Beans", "v": 0.22498588290315005}, {"l": "Apples", "v": 0.00829852880618797}, {"l": "Pineapples", "v": 0.012845151272269454}, {"l": "Bananas", "v": 0.57933484318179385}, {"l": "Fruits, Other", "v": 0.08956300113015693}, {"l": "Oranges, Mandarines", "v": 0.051134381096637857}, {"l": "Onions", "v": 0.012735049975650002}]}, {"source": 10, "prod": 33.0, "target": 6, "value": 0.031772374353683963, "supply": [{"l": "Infant food", "v": 0.0070750277642500003}, {"l": "Nuts", "v": 0.0047166851761666672}, {"l": "Cocoa Beans", "v": 0.003859106053227273}, {"l": "Coffee", "v": 0.012584041477915022}, {"l": "Spices, Other", "v": 0.0035375138821250002}]}, {"source": 0, "prod": 216.0, "target": 6, "value": 0.19931189478899866, "supply": [{"l": "Pelagic Fish", "v": 0.064281680829471444}, {"l": "Crustaceans", "v": 0.0015722283920555555}, {"l": "Marine Fish, Other", "v": 0.0083384255792946435}, {"l": "Freshwater Fish", "v": 0.0041080806373064525}, {"l": "Fish, Seafood", "v": 0.097998339961321554}, {"l": "Molluscs, Other", "v": 0.0058111111000000003}, {"l": "Demersal Fish", "v": 0.017202028289549021}]}, {"source": 11, "prod": 110.0, "target": 6, "value": 1.0699281691866673, "supply": [{"l": "Maize Germ Oil", "v": 0.059695546760859378}, {"l": "Groundnut Oil", "v": 0.060202054430345452}, {"l": "Soyabean Oil", "v": 0.072165283195350011}, {"l": "Olive Oil", "v": 0.012128619024428572}, {"l": "Coconut Oil", "v": 0.23909678808038543}, {"l": "Sesameseed Oil", "v": 0.37034518592140947}, {"l": "Cottonseed Oil", "v": 0.25629469177388914}]}, {"source": 12, "prod": 3727.0, "target": 13, "value": 1.4581730033562994, "supply": [{"l": "Sugar cane", "v": 1.4581730033562994}]}, {"source": 4, "prod": 77.0, "target": 13, "value": 0.32686628270835, "supply": [{"l": "Barley", "v": 0.32686628270835}]}, {"source": 8, "prod": 416.0, "target": 13, "value": 0.73952738424075171, "supply": [{"l": "Cottonseed", "v": 0.039054153258660004}, {"l": "Groundnuts", "v": 0.01326567705796875}, {"l": "Soyabeans", "v": 0.089266636019794288}, {"l": "Coconuts - Incl Copra", "v": 0.45846179912340007}, {"l": "Sesame seed", "v": 0.13947911878092858}]}, {"source": 5, "prod": 34.0, "target": 14, "value": 0.28627550358485954, "supply": [{"l": "Fats, Animals, Raw", "v": 0.28627550358485954}]}, {"source": 11, "prod": 4.0, "target": 14, "value": 0.0424501665855, "supply": [{"l": "Palm Oil", "v": 0.010612541646375}, {"l": "Oilcrops Oil, Other", "v": 0.031837624939125002}]}, {"source": 9, "prod": 2.0, "target": 14, "value": 0.008292590681818604, "supply": [{"l": "Sugar", "v": 0.008292590681818604}]}, {"source": 2, "prod": 26.0, "target": 2, "value": 0.021298461935330117, "supply": [{"l": "Potatoes", "v": 0.01614951989665761}, {"l": "Yams", "v": 0.0051489420386725071}]}, {"source": 3, "prod": 3.0, "target": 3, "value": 0.011841362258060529, "supply": [{"l": "Beans", "v": 0.011841362258060529}]}, {"source": 7, "prod": 5.0, "target": 7, "value": 0.0076486786640540564, "supply": [{"l": "Eggs", "v": 0.0076486786640540564}]}, {"source": 4, "prod": 10.0, "target": 4, "value": 0.039075803450266136, "supply": [{"l": "Maize", "v": 0.0027870271055644292}, {"l": "Rice", "v": 0.036288776344701706}]}, {"source": 8, "prod": 1.0, "target": 8, "value": 0.0018597215837457145, "supply": [{"l": "Cottonseed", "v": 0.0018597215837457145}]}, {"source": 5, "prod": 1.0, "target": 15, "value": 0.008419867752495867, "supply": [{"l": "Fats, Animals, Raw", "v": 0.008419867752495867}]}, {"source": 7, "prod": 29.0, "target": 15, "value": 0.027399678965500877, "supply": [{"l": "Pigmeat", "v": 0.0017728607854733181}, {"l": "Milk - Excluding Butter", "v": 0.0092148138695303701}, {"l": "Bovine Meat", "v": 0.011822797112064758}, {"l": "Eggs", "v": 0.0045892071984324325}]}, {"source": 4, "prod": 104.0, "target": 15, "value": 0.32714355570242187, "supply": [{"l": "Maize", "v": 0.1700086534394302}, {"l": "Rice", "v": 0.08064172521044824}, {"l": "Sorghum", "v": 0.0060947001192991459}, {"l": "Wheat", "v": 0.066153460274694306}, {"l": "Barley", "v": 0.00424501665855}]}, {"source": 8, "prod": 21.0, "target": 15, "value": 0.035819854852145713, "supply": [{"l": "Coconuts - Incl Copra", "v": 0.0339601332684}, {"l": "Sesame seed", "v": 0.0018597215837457145}]}, {"source": 9, "prod": 4.0, "target": 15, "value": 0.016585181363637208, "supply": [{"l": "Sugar", "v": 0.016585181363637208}]}, {"source": 2, "prod": 120.0, "target": 15, "value": 0.12091045922349397, "supply": [{"l": "Roots, Other", "v": 0.01326567705796875}, {"l": "Potatoes", "v": 0.0061521980558695653}, {"l": "Yams", "v": 0.0020595768154690027}, {"l": "Cassava", "v": 0.099433007294186651}]}, {"source": 3, "prod": 261.0, "target": 15, "value": 0.16700532459496792, "supply": [{"l": "Grapes", "v": 0.0006431843422045455}, {"l": "Fruits, Other", "v": 0.01438576702090604}, {"l": "Beans", "v": 0.0039471207526868427}, {"l": "Apples", "v": 0.000638348369706767}, {"l": "Tomatoes", "v": 0.0023453130710220996}, {"l": "Pineapples", "v": 0.0018350216103242079}, {"l": "Bananas", "v": 0.10206643639182969}, {"l": "Vegetables, Other", "v": 0.004218650095453416}, {"l": "Oranges, Mandarines", "v": 0.0067963417913252857}, {"l": "Plantains", "v": 0.028372582532177976}, {"l": "Onions", "v": 0.0017565586173310347}]}, {"source": 16, "prod": 4.0, "target": 10, "value": 0.015329226822541668, "supply": [{"l": "Nuts", "v": 0.0047166851761666672}, {"l": "Spices, Other", "v": 0.0035375138821250002}, {"l": "Infant food", "v": 0.0070750277642500003}]}, {"source": 16, "prod": 470.0, "target": 1, "value": 0.40116429146024979, "supply": [{"l": "Pigmeat", "v": 0.010637164712839908}, {"l": "Milk - Excluding Butter", "v": 0.11979258030389481}, {"l": "Fish, Seafood", "v": 0.11614618069489964}, {"l": "Pelagic Fish", "v": 0.15403346161024287}, {"l": "Demersal Fish", "v": 0.00055490413837254904}]}, {"source": 16, "prod": 75.0, "target": 13, "value": 0.57817605838727515, "supply": [{"l": "Olive Oil", "v": 0.012128619024428572}, {"l": "Coconut Oil", "v": 0.019127743046430831}, {"l": "Cottonseed Oil", "v": 0.27397018775829524}, {"l": "Groundnut Oil", "v": 0.050168378691954549}, {"l": "Oilcrops Oil, Other", "v": 0.02122508329275}, {"l": "Wine", "v": 0.0043316496515816323}, {"l": "Fats, Animals, Raw", "v": 0.11787814853494215}, {"l": "Soyabean Oil", "v": 0.030927978512292863}, {"l": "Palm Oil", "v": 0.010612541646375}, {"l": "Beverages, Alcoholic", "v": 0.03780572822822429}]}, {"source": 16, "prod": 1011.0, "target": 4, "value": 3.3246294434795391, "supply": [{"l": "Maize", "v": 0.34001730687886039}, {"l": "Oats", "v": 0.052296022713695815}, {"l": "Barley", "v": 0.36507143263530006}, {"l": "Rice", "v": 0.016128345042089647}, {"l": "Sorghum", "v": 0.0030473500596495729}, {"l": "Cereals, Other", "v": 0.0044684385879473695}, {"l": "Wheat", "v": 2.5436005475619963}]}, {"source": 16, "prod": 103.0, "target": 3, "value": 0.21115332602182937, "supply": [{"l": "Beans", "v": 0.098678018817171059}, {"l": "Apples", "v": 0.0095752255456015047}, {"l": "Vegetables, Other", "v": 0.0015819937857950311}, {"l": "Peas", "v": 0.061373734822409647}, {"l": "Treenuts", "v": 0.00424501665855}, {"l": "Grapes", "v": 0.0090045807908636366}, {"l": "Fruits, Other", "v": 0.010209254014836543}, {"l": "Pulses, Other", "v": 0.016485501586601944}]}, {"source": 16, "prod": 212.0, "target": 8, "value": 0.3683865885019772, "supply": [{"l": "Olives", "v": 0.0040428730081428577}, {"l": "Soyabeans", "v": 0.089266636019794288}, {"l": "Coconuts - Incl Copra", "v": 0.27507707947404003}]}, {"source": 16, "prod": 13.0, "target": 2, "value": 0.0099973218407880433, "supply": [{"l": "Potatoes", "v": 0.0099973218407880433}]}, {"source": 0, "prod": 8.0, "target": 17, "value": 0.0072007726372418038, "supply": [{"l": "Pelagic Fish", "v": 0.0012128619024428574}, {"l": "Fish, Seafood", "v": 0.0036295681467156137}, {"l": "Crustaceans", "v": 0.0023583425880833331}]}, {"source": 3, "prod": 21.0, "target": 17, "value": 0.016604694766371865, "supply": [{"l": "Vegetables, Other", "v": 0.0002636656309658385}, {"l": "Fruits, Other", "v": 0.0023202850033719417}, {"l": "Oranges, Mandarines", "v": 0.00032363532339644218}, {"l": "Plantains", "v": 0.013697108808637644}]}, {"source": 9, "prod": 71.0, "target": 17, "value": 0.29438696920456048, "supply": [{"l": "Sugar", "v": 0.29438696920456048}]}, {"source": 4, "prod": 35.0, "target": 17, "value": 0.1411230191182844, "supply": [{"l": "Rice", "v": 0.1411230191182844}]}, {"source": 10, "prod": 25.0, "target": 17, "value": 0.019505264290768279, "supply": [{"l": "Coffee", "v": 0.0050336165911660079}, {"l": "Cocoa Beans", "v": 0.014471647699602273}]}, {"source": 18, "prod": 63.0, "target": 13, "value": 0.27205175884189831, "supply": [{"l": "Coconut Oil", "v": 0.019127743046430831}, {"l": "Sugar", "v": 0.25292401579546747}]}, {"source": 4, "prod": 392.0, "target": 19, "value": 1.2545004798527544, "supply": [{"l": "Maize", "v": 0.29542487318982952}, {"l": "Wheat", "v": 0.89307171370837324}, {"l": "Barley", "v": 0.02971511660985}, {"l": "Rice", "v": 0.036288776344701706}]}, {"source": 10, "prod": 10.0, "target": 19, "value": 0.0050336165911660079, "supply": [{"l": "Coffee", "v": 0.0050336165911660079}]}, {"source": 11, "prod": 9.0, "target": 19, "value": 0.085426044644072496, "supply": [{"l": "Soyabean Oil", "v": 0.041237304683057141}, {"l": "Cottonseed Oil", "v": 0.044188739961015362}]}, {"source": 1, "prod": 508.0, "target": 0, "value": 0.50429893796117897, "supply": [{"l": "Pelagic Fish", "v": 0.23165662336658574}, {"l": "Crustaceans", "v": 0.0039305709801388889}, {"l": "Freshwater Fish", "v": 0.0041080806373064525}, {"l": "Molluscs, Other", "v": 0.0058111111000000003}, {"l": "Demersal Fish", "v": 0.019976548981411768}, {"l": "Fish, Seafood", "v": 0.23047757731644147}, {"l": "Marine Fish, Other", "v": 0.0083384255792946435}]}, {"source": 1, "prod": 1381.0, "target": 7, "value": 1.1403828690347948, "supply": [{"l": "Milk - Excluding Butter", "v": 0.56325549777504391}, {"l": "Pigmeat", "v": 0.078005874560825986}, {"l": "Bovine Meat", "v": 0.24171051873554614}, {"l": "Eggs", "v": 0.097903086899891911}, {"l": "Poultry Meat", "v": 0.12006107721151515}, {"l": "Offals, Edible", "v": 0.038461560329144294}, {"l": "Mutton & Goat Meat", "v": 0.0086339321868813563}]}, {"source": 13, "prod": 459.0, "target": 5, "value": 0.74716339952758437, "supply": [{"l": "Fats, Animals, Raw", "v": 0.39573378436730583}, {"l": "Beer", "v": 0.14920425265312554}, {"l": "Beverages, Alcoholic", "v": 0.15809668168166521}, {"l": "Butter, Ghee", "v": 0.039797031173906254}, {"l": "Wine", "v": 0.0043316496515816323}]}, {"source": 13, "prod": 123.0, "target": 11, "value": 1.1978043804162397, "supply": [{"l": "Olive Oil", "v": 0.012128619024428572}, {"l": "Sesameseed Oil", "v": 0.37034518592140947}, {"l": "Soyabean Oil", "v": 0.11340258787840715}, {"l": "Coconut Oil", "v": 0.23909678808038543}, {"l": "Maize Germ Oil", "v": 0.059695546760859378}, {"l": "Groundnut Oil", "v": 0.060202054430345452}, {"l": "Cottonseed Oil", "v": 0.30048343173490449}, {"l": "Oilcrops Oil, Other", "v": 0.031837624939125002}, {"l": "Palm Oil", "v": 0.010612541646375}]}, {"source": 13, "prod": 452.0, "target": 9, "value": 1.8734444084524791, "supply": [{"l": "Honey", "v": 0.0060643095122142861}, {"l": "Sugar non-centrifugal", "v": 0.11764346507653926}, {"l": "Sugar", "v": 1.7497366338637255}]}, {"source": 20, "prod": 0, "target": 4, "value": 0.0083587819727815541, "supply": "[{\"l\":'Energy for power irrigation',\"v\":0.0083587819727815541}]"}, {"source": 20, "prod": 0, "target": 8, "value": 0.0020966534138164611, "supply": "[{\"l\":'Energy for power irrigation',\"v\":0.0020966534138164611}]"}, {"source": 20, "prod": 0, "target": 12, "value": 0.02305391032448631, "supply": "[{\"l\":'Energy for power irrigation',\"v\":0.02305391032448631}]"}, {"source": 20, "prod": 0, "target": 2, "value": 0.0038345873645020821, "supply": "[{\"l\":'Energy for power irrigation',\"v\":0.0038345873645020821}]"}, {"source": 20, "prod": 0, "target": 3, "value": 0.012199554155613478, "supply": "[{\"l\":'Energy for power irrigation',\"v\":0.012199554155613478}]"}, {"source": 20, "prod": 0, "target": 10, "value": 0.00041129041893449747, "supply": "[{\"l\":'Energy for power irrigation',\"v\":0.00041129041893449747}]"}, {"source": 20, "prod": 0, "target": 13, "value": 0.011617769455233077, "supply": "[{\"l\":'Electricity',\"v\":0.011617769455233077}]"}, {"source": 21, "prod": 0, "target": 20, "value": 0.09360140482615735, "supply": [{"l": "Coal", "v": 0.0}, {"l": "Natural gas", "v": 0.070235879970165394}, {"l": "Oil", "v": 0.023365524855991956}]}, {"source": 22, "prod": 0, "target": 20, "value": 0.024131056472223258, "supply": [{"l": "Nuclear", "v": 0.0}, {"l": "Hydroelectric", "v": 0.024131056472223258}, {"l": "Renewable", "v": 0.0}]}, {"source": 21, "prod": 0, "target": 4, "value": 0.046533813579014337, "supply": [{"l": "Gas-Diesel oil", "v": 0.0039972555848906766}, {"l": "Fuel oil", "v": 0.02190743952339309}, {"l": "Other fossil fuels", "v": 0.020629118470730571}]}, {"source": 21, "prod": 0, "target": 8, "value": 0.011672188533692831, "supply": [{"l": "Gas-Diesel oil", "v": 0.0010026412454886716}, {"l": "Fuel oil", "v": 0.005495095818298378}, {"l": "Other fossil fuels", "v": 0.0051744514699057819}]}, {"source": 21, "prod": 0, "target": 12, "value": 0.12834242701870216, "supply": [{"l": "Gas-Diesel oil", "v": 0.011024617234687383}, {"l": "Fuel oil", "v": 0.060421739418015354}, {"l": "Other fossil fuels", "v": 0.056896070365999411}]}, {"source": 21, "prod": 0, "target": 2, "value": 0.021347365459851195, "supply": [{"l": "Gas-Diesel oil", "v": 0.0018337391510412279}, {"l": "Fuel oil", "v": 0.010050027750280219}, {"l": "Other fossil fuels", "v": 0.0094635985585297469}]}, {"source": 21, "prod": 0, "target": 3, "value": 0.0679156102734782, "supply": [{"l": "Gas-Diesel oil", "v": 0.0058339523797239067}, {"l": "Fuel oil", "v": 0.031973676995851179}, {"l": "Other fossil fuels", "v": 0.030107980897903105}]}, {"source": 21, "prod": 0, "target": 10, "value": 0.0022896771017421038, "supply": [{"l": "Gas-Diesel oil", "v": 0.00019668331216813172}, {"l": "Fuel oil", "v": 0.0010779465248284428}, {"l": "Other fossil fuels", "v": 0.0010150472647455294}]}, {"source": 23, "prod": 8.9411170607898978, "target": 4, "value": 0.099495584184152608, "supply": [{"l": "Potash", "v": 0.037035375029628295}, {"l": "Phosphate", "v": 0.046960791704235297}, {"l": "Nitrogen", "v": 0.51062154207516386}]}, {"source": 23, "prod": 2.2427219264578433, "target": 8, "value": 0.02495671700956547, "supply": [{"l": "Potash", "v": 0.037035375029628295}, {"l": "Phosphate", "v": 0.046960791704235297}, {"l": "Nitrogen", "v": 0.51062154207516386}]}, {"source": 23, "prod": 24.66001764268912, "target": 12, "value": 0.2744134591538504, "supply": [{"l": "Potash", "v": 0.037035375029628295}, {"l": "Phosphate", "v": 0.046960791704235297}, {"l": "Nitrogen", "v": 0.51062154207516386}]}, {"source": 23, "prod": 4.1017333168255545, "target": 2, "value": 0.045643553232833603, "supply": [{"l": "Potash", "v": 0.037035375029628295}, {"l": "Phosphate", "v": 0.046960791704235297}, {"l": "Nitrogen", "v": 0.51062154207516386}]}, {"source": 23, "prod": 13.049466076513557, "target": 3, "value": 0.14521275605123271, "supply": [{"l": "Potash", "v": 0.037035375029628295}, {"l": "Phosphate", "v": 0.046960791704235297}, {"l": "Nitrogen", "v": 0.51062154207516386}]}, {"source": 23, "prod": 0.43994397672403118, "target": 10, "value": 0.0048956391773926364, "supply": [{"l": "Potash", "v": 0.037035375029628295}, {"l": "Phosphate", "v": 0.046960791704235297}, {"l": "Nitrogen", "v": 0.51062154207516386}]}, {"source": 21, "prod": 0, "target": 23, "value": 0.73707558752947289, "supply": [{"l": "Natural gas (including LNG)", "v": 0.49010866691707333}, {"l": "Fuel oil", "v": 0.15670374479760421}, {"l": "Liquefied petroleum gas (LPG)", "v": 0.045131587907397644}, {"l": "Coal", "v": 0.045131587907397644}]}, {"source": 24, "prod": 0, "target": 4, "value": 0.049501073807685619, "supply": "[{\"l\":'Labor',\"v\":0.049501073807685619}]"}, {"source": 24, "prod": 0, "target": 8, "value": 0.012416473563304052, "supply": "[{\"l\":'Labor',\"v\":0.012416473563304052}]"}, {"source": 24, "prod": 0, "target": 12, "value": 0.13652626904783435, "supply": "[{\"l\":'Labor',\"v\":0.13652626904783435}]"}, {"source": 24, "prod": 0, "target": 2, "value": 0.022708594717547232, "supply": "[{\"l\":'Labor',\"v\":0.022708594717547232}]"}, {"source": 24, "prod": 0, "target": 3, "value": 0.072246295290906315, "supply": "[{\"l\":'Labor',\"v\":0.072246295290906315}]"}, {"source": 24, "prod": 0, "target": 10, "value": 0.0024356799172853077, "supply": "[{\"l\":'Labor',\"v\":0.0024356799172853077}]"}, {"source": 21, "prod": 0, "target": 16, "value": 3.0221488575695368, "supply": "[{\"l\":'Fossil Fuels',\"v\":3.0221488575695368}]"}, {"source": 22, "prod": 0, "target": 16, "value": 0.15043783538325711, "supply": "[{\"l\":'Renewables & Nuclear',\"v\":0.080553840741684549},{\"l\":'Biomass & Waste',\"v\":0.069883994641572564}]"}]}