{"nodes": [{"layer": 5, "name": "Starchy Roots"}, {"layer": 10, "name": "Feed", "fill": "#dbdb8d"}, {"layer": 5, "name": "Cereals - Excluding Beer"}, {"layer": 5, "name": "Fruits - Excluding Wine"}, {"layer": 13, "name": "Fish, Seafood"}, {"layer": 13, "name": "Animal Fats"}, {"layer": 13, "name": "Milk - Excluding Butter"}, {"layer": 16, "name": "Food", "fill": "#b5cf6b"}, {"layer": 5, "name": "Oilcrops", "fill": "#ff9896"}, {"layer": 13, "name": "Sugar & Sweeteners"}, {"layer": 5, "name": "Treenuts"}, {"layer": 5, "name": "Vegetables"}, {"layer": 5, "name": "Others"}, {"layer": 13, "name": "Alcoholic Beverages"}, {"layer": 5, "name": "Pulses"}, {"layer": 13, "name": "Vegetable Oils", "fill": "#f7b6d2"}, {"layer": 5, "name": "Spices"}, {"layer": 5, "name": "Stimulants"}, {"layer": 13, "name": "Eggs"}, {"layer": 13, "name": "Meat"}, {"layer": 10, "name": "Processing", "fill": "#9edae5"}, {"layer": 5, "name": "Sugar Crops", "fill": "#ffbb78"}, {"layer": 16, "name": "Biofuels & Other", "fill": "#e7ba52"}, {"name": "Waste", "fill": "#c7c7c7"}, {"layer": 2, "name": "Import", "fill": "#aec7e8"}, {"layer": 16, "name": "Export", "fill": "#aec7e8"}, {"layer": 0, "name": "Stock Draw", "fill": "#c7c7c7"}, {"layer": 16, "name": "Stock Deposit", "fill": "#c7c7c7"}, {"name": "Crop Residue", "fill": "#bd9e39"}, {"layer": 2, "name": "Electricity", "fill": "#bcbd22"}, {"layer": 0, "name": "Fossil Fuels", "fill": "#c49c94"}, {"layer": 0, "name": "Renewables & Nuclear", "fill": "#2ca02c"}, {"layer": 2, "name": "Fertilizers", "fill": "#c5b0d5"}, {"layer": 0, "name": "Labor", "fill": "#7f7f7f"}], "links": [{"source": 0, "prod": 40.0, "target": 1, "value": 0.039972524804146758, "supply": [{"l": "Potatoes", "v": 0.005561652841415775}, {"l": "Cassava", "v": 0.034410871962730981}]}, {"source": 2, "prod": 1450.0, "target": 1, "value": 4.326890181768456, "supply": [{"l": "Maize", "v": 1.2702820998849729}, {"l": "Wheat", "v": 0.087951719352621568}, {"l": "Rice", "v": 0.024434094350825018}, {"l": "Sorghum", "v": 2.9442222681800363}]}, {"source": 3, "prod": 21.0, "target": 1, "value": 0.02068609256114777, "supply": [{"l": "Plantains", "v": 0.02068609256114777}]}, {"source": 4, "prod": 40.0, "target": 1, "value": 0.039165610984219071, "supply": [{"l": "Pelagic Fish", "v": 0.025727373688181818}, {"l": "Fish, Seafood", "v": 0.013438237296037256}]}, {"source": 5, "prod": 9.0, "target": 1, "value": 0.075466962818666675, "supply": [{"l": "Fats, Animals, Raw", "v": 0.075466962818666675}]}, {"source": 6, "prod": 2427.0, "target": 7, "value": 1.452193871518572, "supply": [{"l": "Milk - Excluding Butter", "v": 1.452193871518572}]}, {"source": 8, "prod": 10.0, "target": 7, "value": 0.025397535563974359, "supply": [{"l": "Olives", "v": 0.0047166851761666672}, {"l": "Sunflower seed", "v": 0.0035375138821250002}, {"l": "Coconuts - Incl Copra", "v": 0.0065307948593076922}, {"l": "Groundnuts", "v": 0.010612541646375}]}, {"source": 9, "prod": 713.0, "target": 7, "value": 3.0337381911725099, "supply": [{"l": "Sugar", "v": 3.0035830423480543}, {"l": "Sugar non-centrifugal", "v": 0.024848878001268292}, {"l": "Sweeteners, Other", "v": 0.0053062708231875}]}, {"source": 10, "prod": 3.0, "target": 7, "value": 0.013405315763842109, "supply": [{"l": "Treenuts", "v": 0.013405315763842109}]}, {"source": 11, "prod": 358.0, "target": 7, "value": 0.10558574557748754, "supply": [{"l": "Tomatoes", "v": 0.019829071103025502}, {"l": "Vegetables, Other", "v": 0.059437571191452036}, {"l": "Onions", "v": 0.026319103283009997}]}, {"source": 12, "prod": 3.0, "target": 7, "value": 0.011577318159681819, "supply": [{"l": "Nuts", "v": 0.011577318159681819}]}, {"source": 13, "prod": 1315.0, "target": 7, "value": 0.8384529613877536, "supply": [{"l": "Beer", "v": 0.50148383323803114}, {"l": "Beverages, Alcoholic", "v": 0.31558911724169697}, {"l": "Wine", "v": 0.019520879524718978}, {"l": "Beverages, Fermented", "v": 0.0018591313833065696}]}, {"source": 5, "prod": 35.0, "target": 7, "value": 0.28470898219587998, "supply": [{"l": "Fats, Animals, Raw", "v": 0.20963045227407409}, {"l": "Butter, Ghee", "v": 0.06658849660470588}, {"l": "Cream", "v": 0.0084900333171}]}, {"source": 0, "prod": 451.0, "target": 7, "value": 0.43581651359402185, "supply": [{"l": "Roots, Other", "v": 0.059324766967313661}, {"l": "Yams", "v": 0.02627867455292858}, {"l": "Potatoes", "v": 0.13904132103539438}, {"l": "Sweet potatoes", "v": 0.0067920266536800004}, {"l": "Cassava", "v": 0.20437972438470525}]}, {"source": 14, "prod": 140.0, "target": 7, "value": 0.55062865381513515, "supply": [{"l": "Pulses, Other", "v": 0.054503917591259263}, {"l": "Peas", "v": 0.079594062347812508}, {"l": "Beans", "v": 0.41653067387606341}]}, {"source": 4, "prod": 360.0, "target": 7, "value": 0.27462078761691161, "supply": [{"l": "Freshwater Fish", "v": 0.013506871186295457}, {"l": "Pelagic Fish", "v": 0.059172959482818185}, {"l": "Crustaceans", "v": 0.0068468010621774199}, {"l": "Marine Fish, Other", "v": 0.033452576928790771}, {"l": "Demersal Fish", "v": 0.032777976730575947}, {"l": "Fish, Seafood", "v": 0.12094413566433529}, {"l": "Cephalopods", "v": 0.0014150055528499999}, {"l": "Molluscs, Other", "v": 0.0065044610090685484}]}, {"source": 3, "prod": 1841.0, "target": 7, "value": 1.1949666751436312, "supply": [{"l": "Plantains", "v": 0.34969346948606939}, {"l": "Grapes", "v": 0.0063675249878250009}, {"l": "Apples", "v": 0.01317418962998276}, {"l": "Lemons, Limes", "v": 0.0039673052883644859}, {"l": "Pineapples", "v": 0.046293023771134749}, {"l": "Bananas", "v": 0.5612214146939456}, {"l": "Fruits, Other", "v": 0.11200911652886511}, {"l": "Grapefruit", "v": 0.0031279070115631585}, {"l": "Oranges, Mandarines", "v": 0.099112723745881065}]}, {"source": 2, "prod": 1981.0, "target": 7, "value": 6.1310964168771118, "supply": [{"l": "Maize", "v": 2.4549272042720824}, {"l": "Barley", "v": 0.0028812330261651586}, {"l": "Cereals, Other", "v": 0.0060643095122142861}, {"l": "Rice", "v": 0.82668685886957993}, {"l": "Wheat", "v": 2.7736202924416018}, {"l": "Oats", "v": 0.066916518755467988}]}, {"source": 15, "prod": 258.0, "target": 7, "value": 2.6153982896569699, "supply": [{"l": "Maize Germ Oil", "v": 0.093947089984303289}, {"l": "Groundnut Oil", "v": 0.044022394977555557}, {"l": "Soyabean Oil", "v": 0.52143817430786432}, {"l": "Palm Oil", "v": 0.018192928536642859}, {"l": "Sunflowerseed Oil", "v": 0.81461231329204797}, {"l": "Olive Oil", "v": 0.012128619024428572}, {"l": "Coconut Oil", "v": 0.058777153733769232}, {"l": "Sesameseed Oil", "v": 0.21791085513889999}, {"l": "Oilcrops Oil, Other", "v": 0.0084900333171}, {"l": "Cottonseed Oil", "v": 0.82587872734435808}]}, {"source": 16, "prod": 3.0, "target": 7, "value": 0.0079594062347812505, "supply": [{"l": "Pepper", "v": 0.00265313541159375}, {"l": "Spices, Other", "v": 0.0053062708231875}]}, {"source": 17, "prod": 60.0, "target": 7, "value": 0.033153946551783053, "supply": [{"l": "Cocoa Beans", "v": 0.0068468010621774199}, {"l": "Coffee", "v": 0.026307145489605634}]}, {"source": 18, "prod": 117.0, "target": 7, "value": 0.17785156000476726, "supply": [{"l": "Eggs", "v": 0.17785156000476726}]}, {"source": 19, "prod": 816.0, "target": 7, "value": 1.168175915655544, "supply": [{"l": "Meat, Other", "v": 0.0011171096469868424}, {"l": "Mutton & Goat Meat", "v": 0.013584053307360001}, {"l": "Pigmeat", "v": 0.17087365633468246}, {"l": "Bovine Meat", "v": 0.44174704603035941}, {"l": "Poultry Meat", "v": 0.46180891255625878}, {"l": "Offals, Edible", "v": 0.079045137779896565}]}, {"source": 2, "prod": 283.0, "target": 20, "value": 0.81402895441668444, "supply": [{"l": "Maize", "v": 0.14558289234636768}, {"l": "Barley", "v": 0.66844606207031676}]}, {"source": 21, "prod": 4531.0, "target": 20, "value": 1.6486431839905757, "supply": [{"l": "Sugar cane", "v": 1.6486431839905757}]}, {"source": 8, "prod": 201.57142857142858, "target": 20, "value": 0.84647653607991069, "supply": [{"l": "Cottonseed", "v": 0.076056548465687504}, {"l": "Groundnuts", "v": 0.031837624939125002}, {"l": "Soyabeans", "v": 0.36273123114404809}, {"l": "Palm kernels", "v": 0.0058505037281298081}, {"l": "Coconuts - Incl Copra", "v": 0.07619260669192307}, {"l": "Sesame seed", "v": 0.25742216403771156}, {"l": "Oil Palm", "v": 0.036385857073285718}]}, {"source": 9, "prod": 4.0, "target": 22, "value": 0.017017467662028635, "supply": [{"l": "Sugar", "v": 0.017017467662028635}]}, {"source": 15, "prod": 23.0, "target": 22, "value": 0.22612357899496724, "supply": [{"l": "Palm Oil", "v": 0.018192928536642859}, {"l": "Soyabean Oil", "v": 0.020448555855210368}, {"l": "Cottonseed Oil", "v": 0.10323484091804476}, {"l": "Coconut Oil", "v": 0.058777153733769232}, {"l": "Oilcrops Oil, Other", "v": 0.025470099951300004}]}, {"source": 8, "prod": 48.0, "target": 22, "value": 0.052246358874461538, "supply": [{"l": "Coconuts - Incl Copra", "v": 0.052246358874461538}]}, {"source": 5, "prod": 57.0, "target": 22, "value": 0.47783411915413948, "supply": [{"l": "Fats, Animals, Raw", "v": 0.46118699500296301}, {"l": "Fish, Liver Oil", "v": 0.01664712415117647}]}, {"source": 0, "prod": 26.0, "target": 0, "value": 0.021306156949330406, "supply": [{"l": "Potatoes", "v": 0.018274002193223261}, {"l": "Yams", "v": 0.0030321547561071431}]}, {"source": 2, "prod": 24.0, "target": 2, "value": 0.090277429047242536, "supply": [{"l": "Maize", "v": 0.0028545665165954446}, {"l": "Rice", "v": 0.069229933994004234}, {"l": "Sorghum", "v": 0.018192928536642859}]}, {"source": 18, "prod": 14.0, "target": 18, "value": 0.021281383248433691, "supply": [{"l": "Eggs", "v": 0.021281383248433691}]}, {"source": 14, "prod": 1.0, "target": 14, "value": 0.0038928100362248912, "supply": [{"l": "Beans", "v": 0.0038928100362248912}]}, {"source": 6, "prod": 32.0, "target": 23, "value": 0.019147179187719118, "supply": [{"l": "Milk - Excluding Butter", "v": 0.019147179187719118}]}, {"source": 8, "prod": 40.0, "target": 23, "value": 0.048300670313629807, "supply": [{"l": "Soyabeans", "v": 0.0058505037281298081}, {"l": "Coconuts - Incl Copra", "v": 0.0424501665855}]}, {"source": 11, "prod": 61.0, "target": 23, "value": 0.017646731217498542, "supply": [{"l": "Tomatoes", "v": 0.0035897456307201342}, {"l": "Vegetables, Other", "v": 0.010236470594083407}, {"l": "Onions", "v": 0.0038205149926950001}]}, {"source": 5, "prod": 2.0, "target": 23, "value": 0.016770436181925929, "supply": [{"l": "Fats, Animals, Raw", "v": 0.016770436181925929}]}, {"source": 0, "prod": 118.0, "target": 23, "value": 0.12125650625121562, "supply": [{"l": "Roots, Other", "v": 0.0083054673754239128}, {"l": "Potatoes", "v": 0.0087397401793676485}, {"l": "Yams", "v": 0.0020214365040714288}, {"l": "Cassava", "v": 0.10218986219235263}]}, {"source": 14, "prod": 2.0, "target": 23, "value": 0.0077856200724497823, "supply": [{"l": "Beans", "v": 0.0077856200724497823}]}, {"source": 9, "prod": 1.0, "target": 23, "value": 0.0042543669155071587, "supply": [{"l": "Sugar", "v": 0.0042543669155071587}]}, {"source": 2, "prod": 278.0, "target": 23, "value": 0.8793992961254804, "supply": [{"l": "Maize", "v": 0.34254798199145337}, {"l": "Barley", "v": 0.0057624660523303171}, {"l": "Rice", "v": 0.21583450009895436}, {"l": "Sorghum", "v": 0.23044376146414292}, {"l": "Wheat", "v": 0.084810586518599379}]}, {"source": 17, "prod": 1.0, "target": 23, "value": 0.00047831173617464786, "supply": [{"l": "Coffee", "v": 0.00047831173617464786}]}, {"source": 18, "prod": 7.0, "target": 23, "value": 0.010640691624216846, "supply": [{"l": "Eggs", "v": 0.010640691624216846}]}, {"source": 3, "prod": 276.0, "target": 23, "value": 0.1779862972018369, "supply": [{"l": "Grapes", "v": 0.00053062708231875}, {"l": "Pineapples", "v": 0.0025023256092505269}, {"l": "Fruits, Other", "v": 0.016946028699939001}, {"l": "Grapefruit", "v": 0.00062558140231263172}, {"l": "Lemons, Limes", "v": 0.00039673052883644857}, {"l": "Bananas", "v": 0.098826907214743631}, {"l": "Apples", "v": 0.001463798847775862}, {"l": "Oranges, Mandarines", "v": 0.014337060667643174}, {"l": "Plantains", "v": 0.042357237149016867}]}, {"source": 19, "prod": 20.0, "target": 23, "value": 0.026876512169117781, "supply": [{"l": "Pigmeat", "v": 0.0017436087381090049}, {"l": "Bovine Meat", "v": 0.02387821870434375}, {"l": "Offals, Edible", "v": 0.0012546847266650249}]}, {"source": 24, "prod": 3.0, "target": 12, "value": 0.011577318159681819, "supply": [{"l": "Nuts", "v": 0.011577318159681819}]}, {"source": 24, "prod": 1138.0, "target": 1, "value": 0.75156253500482495, "supply": [{"l": "Meat, Other", "v": 0.0011171096469868424}, {"l": "Crustaceans", "v": 0.0020540403186532262}, {"l": "Eggs", "v": 0.0045602964103786479}, {"l": "Marine Fish, Other", "v": 0.024224279844986416}, {"l": "Pigmeat", "v": 0.036615783500289101}, {"l": "Milk - Excluding Butter", "v": 0.61091468595816312}, {"l": "Fish, Seafood", "v": 0.018813532214452155}, {"l": "Bovine Meat", "v": 0.011939109352171875}, {"l": "Poultry Meat", "v": 0.035410268055431987}, {"l": "Offals, Edible", "v": 0.0037640541799950746}, {"l": "Demersal Fish", "v": 0.002149375523316456}]}, {"source": 24, "prod": 2981.0, "target": 2, "value": 8.8844392632744249, "supply": [{"l": "Maize", "v": 2.8774030487282083}, {"l": "Barley", "v": 0.80098278127391409}, {"l": "Cereals, Other", "v": 0.0060643095122142861}, {"l": "Wheat", "v": 2.7861848237776905}, {"l": "Oats", "v": 0.066916518755467988}, {"l": "Sorghum", "v": 2.3468877812269291}]}, {"source": 24, "prod": 107.0, "target": 14, "value": 0.42117963251077822, "supply": [{"l": "Peas", "v": 0.075614359230421882}, {"l": "Beans", "v": 0.30363918282554153}, {"l": "Pulses, Other", "v": 0.041926090454814824}]}, {"source": 24, "prod": 861.0, "target": 20, "value": 5.0761745825769449, "supply": [{"l": "Sugar", "v": 2.2931037674583585}, {"l": "Maize Germ Oil", "v": 0.010438565553811476}, {"l": "Groundnut Oil", "v": 0.033016796233166675}, {"l": "Beverages, Alcoholic", "v": 0.096048861769212124}, {"l": "Fats, Animals, Raw", "v": 0.22640088845600001}, {"l": "Soyabean Oil", "v": 0.51121389638025916}, {"l": "Butter, Ghee", "v": 0.02497068622676471}, {"l": "Palm Oil", "v": 0.018192928536642859}, {"l": "Sunflowerseed Oil", "v": 0.81461231329204797}, {"l": "Olive Oil", "v": 0.012128619024428572}, {"l": "Coconut Oil", "v": 0.058777153733769232}, {"l": "Oilcrops Oil, Other", "v": 0.0169800666342}, {"l": "Wine", "v": 0.019520879524718978}, {"l": "Sweeteners, Other", "v": 0.0053062708231875}, {"l": "Beverages, Fermented", "v": 0.0018591313833065696}, {"l": "Fish, Liver Oil", "v": 0.01664712415117647}, {"l": "Cottonseed Oil", "v": 0.90846660007879398}, {"l": "Cream", "v": 0.0084900333171}]}, {"source": 24, "prod": 3.0, "target": 10, "value": 0.013405315763842109, "supply": [{"l": "Treenuts", "v": 0.013405315763842109}]}, {"source": 24, "prod": 53.0, "target": 11, "value": 0.018538284935743811, "supply": [{"l": "Vegetables, Other", "v": 0.013868766611338811}, {"l": "Onions", "v": 0.0046695183244049995}]}, {"source": 24, "prod": 1.0, "target": 17, "value": 0.0013693602124354839, "supply": [{"l": "Cocoa Beans", "v": 0.0013693602124354839}]}, {"source": 24, "prod": 83.0, "target": 3, "value": 0.041498173351467535, "supply": [{"l": "Grapes", "v": 0.00371438957623125}, {"l": "Apples", "v": 0.014637988477758624}, {"l": "Fruits, Other", "v": 0.023145795297477664}]}, {"source": 24, "prod": 66.0, "target": 8, "value": 0.3673118580939792, "supply": [{"l": "Olives", "v": 0.0047166851761666672}, {"l": "Sunflower seed", "v": 0.0035375138821250002}, {"l": "Coconuts - Incl Copra", "v": 0.0021769316197692307}, {"l": "Soyabeans", "v": 0.35688072741591831}]}, {"source": 24, "prod": 3.0, "target": 16, "value": 0.0079594062347812505, "supply": [{"l": "Pepper", "v": 0.00265313541159375}, {"l": "Spices, Other", "v": 0.0053062708231875}]}, {"source": 24, "prod": 19.0, "target": 0, "value": 0.01509591485527139, "supply": [{"l": "Potatoes", "v": 0.01509591485527139}]}, {"source": 0, "prod": 2.0, "target": 25, "value": 0.0023729906786925468, "supply": [{"l": "Roots, Other", "v": 0.0023729906786925468}]}, {"source": 3, "prod": 30.0, "target": 25, "value": 0.016530251151052239, "supply": [{"l": "Plantains", "v": 0.0068953641870492556}, {"l": "Fruits, Other", "v": 0.0061997665975386581}, {"l": "Grapefruit", "v": 0.00062558140231263172}, {"l": "Oranges, Mandarines", "v": 0.0015583761595264318}, {"l": "Pineapples", "v": 0.0012511628046252634}]}, {"source": 11, "prod": 8.0, "target": 25, "value": 0.0024824013700193315, "supply": [{"l": "Vegetables, Other", "v": 0.0023114611018898012}, {"l": "Tomatoes", "v": 0.0001709402681295302}]}, {"source": 17, "prod": 9.0, "target": 25, "value": 0.011433193435658519, "supply": [{"l": "Coffee", "v": 0.00047831173617464786}, {"l": "Cocoa Beans", "v": 0.010954881699483872}]}, {"source": 4, "prod": 18.0, "target": 25, "value": 0.017624524942898581, "supply": [{"l": "Fish, Seafood", "v": 0.0060472067832167643}, {"l": "Pelagic Fish", "v": 0.011577318159681818}]}, {"source": 26, "prod": 1.0, "target": 8, "value": 0.0058505037281298081, "supply": [{"l": "Soyabeans", "v": 0.0058505037281298081}]}, {"source": 19, "prod": 1.0, "target": 27, "value": 0.0014754278356429993, "supply": [{"l": "Poultry Meat", "v": 0.0014754278356429993}]}, {"source": 26, "prod": 25.0, "target": 0, "value": 0.019863045862199197, "supply": [{"l": "Potatoes", "v": 0.019863045862199197}]}, {"source": 2, "prod": 287.0, "target": 27, "value": 1.0468129778312547, "supply": [{"l": "Barley", "v": 0.12389302012510182}, {"l": "Rice", "v": 0.71673343429086711}, {"l": "Sorghum", "v": 0.20618652341528573}]}, {"source": 15, "prod": 7.0, "target": 27, "value": 0.071569945493236281, "supply": [{"l": "Soyabean Oil", "v": 0.071569945493236281}]}, {"source": 8, "prod": 6.0, "target": 27, "value": 0.044627098205269236, "supply": [{"l": "Sesame seed", "v": 0.023402014912519233}, {"l": "Groundnuts", "v": 0.02122508329275}]}, {"source": 17, "prod": 5.0, "target": 27, "value": 0.0041736556333949112, "supply": [{"l": "Coffee", "v": 0.0014349352085239436}, {"l": "Cocoa Beans", "v": 0.0027387204248709679}]}, {"source": 9, "prod": 149.0, "target": 27, "value": 0.63390067041056664, "supply": [{"l": "Sugar", "v": 0.63390067041056664}]}, {"source": 26, "prod": 66.0, "target": 2, "value": 0.20272970596663706, "supply": [{"l": "Maize", "v": 0.045673064265527114}, {"l": "Wheat", "v": 0.15705664170110994}]}, {"source": 1, "prod": 2459.0, "target": 6, "value": 1.4713410507062912, "supply": [{"l": "Milk - Excluding Butter", "v": 1.4713410507062912}]}, {"source": 1, "prod": 124.0, "target": 18, "value": 0.18849225162898411, "supply": [{"l": "Eggs", "v": 0.20977363487741782}]}, {"source": 1, "prod": 837.0, "target": 19, "value": 1.1965278556603047, "supply": [{"l": "Pigmeat", "v": 0.17261726507279146}, {"l": "Bovine Meat", "v": 0.46562526473470317}, {"l": "Poultry Meat", "v": 0.46328434039190175}, {"l": "Offals, Edible", "v": 0.080299822506561591}, {"l": "Meat, Other", "v": 0.0011171096469868424}, {"l": "Mutton & Goat Meat", "v": 0.013584053307360001}]}, {"source": 1, "prod": 418.0, "target": 4, "value": 0.33141092354402923, "supply": [{"l": "Pelagic Fish", "v": 0.096477651330681813}, {"l": "Crustaceans", "v": 0.0068468010621774199}, {"l": "Freshwater Fish", "v": 0.013506871186295457}, {"l": "Molluscs, Other", "v": 0.0065044610090685484}, {"l": "Demersal Fish", "v": 0.032777976730575947}, {"l": "Fish, Seafood", "v": 0.1404295797435893}, {"l": "Marine Fish, Other", "v": 0.033452576928790771}, {"l": "Cephalopods", "v": 0.0014150055528499999}]}, {"source": 20, "prod": 867.0, "target": 9, "value": 3.6889106961606126, "supply": [{"l": "Sweeteners, Other", "v": 0.0053062708231875}, {"l": "Sugar non-centrifugal", "v": 0.024848878001268292}, {"l": "Sugar", "v": 3.658755547336157}]}, {"source": 20, "prod": 288.0, "target": 15, "value": 2.9130918141451736, "supply": [{"l": "Olive Oil", "v": 0.012128619024428572}, {"l": "Sesameseed Oil", "v": 0.21791085513889999}, {"l": "Soyabean Oil", "v": 0.6134566756563109}, {"l": "Coconut Oil", "v": 0.11755430746753846}, {"l": "Cottonseed Oil", "v": 0.92911356826240288}, {"l": "Maize Germ Oil", "v": 0.093947089984303289}, {"l": "Groundnut Oil", "v": 0.044022394977555557}, {"l": "Palm Oil", "v": 0.036385857073285718}, {"l": "Oilcrops Oil, Other", "v": 0.0339601332684}, {"l": "Sunflowerseed Oil", "v": 0.81461231329204797}]}, {"source": 20, "prod": 1315.0, "target": 13, "value": 0.8384529613877536, "supply": [{"l": "Beer", "v": 0.50148383323803114}, {"l": "Beverages, Alcoholic", "v": 0.31558911724169697}, {"l": "Beverages, Fermented", "v": 0.0018591313833065696}, {"l": "Wine", "v": 0.019520879524718978}]}, {"source": 20, "prod": 103.0, "target": 5, "value": 0.85478050035061204, "supply": [{"l": "Fats, Animals, Raw", "v": 0.76305484627762976}, {"l": "Butter, Ghee", "v": 0.06658849660470588}, {"l": "Fish, Liver Oil", "v": 0.01664712415117647}, {"l": "Cream", "v": 0.0084900333171}]}, {"source": 8, "prod": 263.0, "target": 28, "value": 0.47007834535441861, "supply": [{"l": "Olives", "v": 0.0014054780334883722}, {"l": "Sunflower seed", "v": 0.001054108525116279}, {"l": "Coconuts - Incl Copra", "v": 0.56483999891999992}, {"l": "Sesame seed", "v": 0.16735999968000001}, {"l": "Soyabeans", "v": 0.10982999978999999}, {"l": "Groundnuts", "v": 0.019176666629999999}, {"l": "Cottonseed", "v": 0.04706999991}, {"l": "Palm kernels", "v": 0.0034866666599999998}]}, {"source": 11, "prod": 400.0, "target": 28, "value": 1.2286454689159985, "supply": [{"l": "Tomatoes", "v": 0.47941666574999997}, {"l": "Vegetables, Other", "v": 0.68687333202}, {"l": "Onions", "v": 0.22837666623000002}]}, {"source": 21, "prod": 1812.4000000000001, "target": 28, "value": 0.6594572735962303, "supply": [{"l": "Sugar cane", "v": 0.6594572735962303}]}, {"source": 0, "prod": 307.5, "target": 28, "value": 1.0088663876570569, "supply": [{"l": "Roots, Other", "v": 0.103728333135}, {"l": "Yams", "v": 0.054043333230000004}, {"l": "Sweet potatoes", "v": 0.0069733333200000013}, {"l": "Potatoes", "v": 0.337334999355}, {"l": "Cassava", "v": 0.5700699989100001}]}, {"source": 14, "prod": 90.5, "target": 28, "value": 0.31159241001635346, "supply": [{"l": "Peas", "v": 0.038353333260000004}, {"l": "Beans", "v": 0.24929666619000002}, {"l": "Pulses, Other", "v": 0.027893333279999998}]}, {"source": 2, "prod": 5556.0, "target": 28, "value": 20.09994488071888, "supply": [{"l": "Maize", "v": 6.725779987140001}, {"l": "Barley", "v": 0.92104796203981898}, {"l": "Rice", "v": 3.1693799939400003}, {"l": "Wheat", "v": 3.2704933270800001}, {"l": "Oats", "v": 0.11157333312000001}, {"l": "Cereals, Other", "v": 0.0069733333200000004}, {"l": "Sorghum", "v": 5.1184266568799996}]}, {"source": 29, "prod": 0, "target": 8, "value": 0.0081977184544555146, "supply": "[{\"l\":'Energy for power irrigation',\"v\":0.0081977184544555146}]"}, {"source": 29, "prod": 0, "target": 11, "value": 0.012074493252222747, "supply": "[{\"l\":'Energy for power irrigation',\"v\":0.012074493252222747}]"}, {"source": 29, "prod": 0, "target": 21, "value": 0.13677382231455318, "supply": "[{\"l\":'Energy for power irrigation',\"v\":0.13677382231455318}]"}, {"source": 29, "prod": 0, "target": 0, "value": 0.018564533375292472, "supply": "[{\"l\":'Energy for power irrigation',\"v\":0.018564533375292472}]"}, {"source": 29, "prod": 0, "target": 14, "value": 0.0027318540983153963, "supply": "[{\"l\":'Energy for power irrigation',\"v\":0.0027318540983153963}]"}, {"source": 29, "prod": 0, "target": 3, "value": 0.064191024752129178, "supply": "[{\"l\":'Energy for power irrigation',\"v\":0.064191024752129178}]"}, {"source": 29, "prod": 0, "target": 2, "value": 0.083857355636686975, "supply": "[{\"l\":'Energy for power irrigation',\"v\":0.083857355636686975}]"}, {"source": 29, "prod": 0, "target": 17, "value": 0.0022639674847917653, "supply": "[{\"l\":'Energy for power irrigation',\"v\":0.0022639674847917653}]"}, {"source": 29, "prod": 0, "target": 20, "value": 0.095000000075999985, "supply": "[{\"l\":'Electricity',\"v\":0.095000000075999985}]"}, {"source": 30, "prod": 0, "target": 29, "value": 0.63643260135046842, "supply": [{"l": "Coal", "v": 0.0}, {"l": "Natural gas", "v": 0.24194038695903317}, {"l": "Oil", "v": 0.39449221439143523}]}, {"source": 31, "prod": 0, "target": 29, "value": 0.16501039189322445, "supply": [{"l": "Nuclear", "v": 0.0}, {"l": "Hydroelectric", "v": 0.16501039189322445}, {"l": "Renewable", "v": 0.0}]}, {"source": 30, "prod": 0, "target": 8, "value": 0.012006778144202254, "supply": [{"l": "Gas-Diesel oil", "v": 0.00089343056510518125}, {"l": "Fuel oil", "v": 0.0039172428497945009}, {"l": "Other fossil fuels", "v": 0.0071961047293025724}]}, {"source": 30, "prod": 0, "target": 11, "value": 0.017684891532754505, "supply": [{"l": "Gas-Diesel oil", "v": 0.0013159419159886943}, {"l": "Fuel oil", "v": 0.005769742230102369}, {"l": "Other fossil fuels", "v": 0.010599207386663442}]}, {"source": 30, "prod": 0, "target": 21, "value": 0.20032560883727665, "supply": [{"l": "Gas-Diesel oil", "v": 0.014906332053361934}, {"l": "Fuel oil", "v": 0.065356755111484574}, {"l": "Other fossil fuels", "v": 0.12006252167243014}]}, {"source": 30, "prod": 0, "target": 0, "value": 0.02719052073161005, "supply": [{"l": "Gas-Diesel oil", "v": 0.002023260695832617}, {"l": "Fuel oil", "v": 0.0088709786787823913}, {"l": "Other fossil fuels", "v": 0.01629628135699504}]}, {"source": 30, "prod": 0, "target": 14, "value": 0.0040012067092857068, "supply": [{"l": "Gas-Diesel oil", "v": 0.00029773185849244209}, {"l": "Fuel oil", "v": 0.0013054041795606609}, {"l": "Other fossil fuels", "v": 0.0023980706712326038}]}, {"source": 30, "prod": 0, "target": 3, "value": 0.094017304611006144, "supply": [{"l": "Gas-Diesel oil", "v": 0.0069958762108748955}, {"l": "Fuel oil", "v": 0.030673392130781716}, {"l": "Other fossil fuels", "v": 0.056348036269349526}]}, {"source": 30, "prod": 0, "target": 2, "value": 0.12282157169498004, "supply": [{"l": "Gas-Diesel oil", "v": 0.0091392166065414806}, {"l": "Fuel oil", "v": 0.04007085978806095}, {"l": "Other fossil fuels", "v": 0.073611495300377597}]}, {"source": 30, "prod": 0, "target": 17, "value": 0.0033159171623914699, "supply": [{"l": "Gas-Diesel oil", "v": 0.00024673910924788016}, {"l": "Fuel oil", "v": 0.0010818266681441942}, {"l": "Other fossil fuels", "v": 0.0019873513849993953}]}, {"source": 32, "prod": 3.631683045990203, "target": 8, "value": 0.03858826453286384, "supply": [{"l": "Potash", "v": 0.077601225062080975}, {"l": "Phosphate", "v": 0.1925817501540654}, {"l": "Nitrogen", "v": 1.2774987371331101}]}, {"source": 32, "prod": 5.3491386263927243, "target": 11, "value": 0.056837001942145582, "supply": [{"l": "Potash", "v": 0.077601225062080975}, {"l": "Phosphate", "v": 0.1925817501540654}, {"l": "Nitrogen", "v": 1.2774987371331101}]}, {"source": 32, "prod": 60.592367790463591, "target": 21, "value": 0.64382113949965414, "supply": [{"l": "Potash", "v": 0.077601225062080975}, {"l": "Phosphate", "v": 0.1925817501540654}, {"l": "Nitrogen", "v": 1.2774987371331101}]}, {"source": 32, "prod": 8.2243006380788142, "target": 0, "value": 0.087386890486048821, "supply": [{"l": "Potash", "v": 0.077601225062080975}, {"l": "Phosphate", "v": 0.1925817501540654}, {"l": "Nitrogen", "v": 1.2774987371331101}]}, {"source": 32, "prod": 1.210242614221354, "target": 14, "value": 0.012859371689410438, "supply": [{"l": "Potash", "v": 0.077601225062080975}, {"l": "Phosphate", "v": 0.1925817501540654}, {"l": "Nitrogen", "v": 1.2774987371331101}]}, {"source": 32, "prod": 28.437358222560324, "target": 3, "value": 0.30215971157493143, "supply": [{"l": "Potash", "v": 0.077601225062080975}, {"l": "Phosphate", "v": 0.1925817501540654}, {"l": "Nitrogen", "v": 1.2774987371331101}]}, {"source": 32, "prod": 37.149767760297472, "target": 2, "value": 0.39473297848820105, "supply": [{"l": "Potash", "v": 0.077601225062080975}, {"l": "Phosphate", "v": 0.1925817501540654}, {"l": "Nitrogen", "v": 1.2774987371331101}]}, {"source": 32, "prod": 1.0029634924486359, "target": 17, "value": 0.010656937864152297, "supply": [{"l": "Potash", "v": 0.077601225062080975}, {"l": "Phosphate", "v": 0.1925817501540654}, {"l": "Nitrogen", "v": 1.2774987371331101}]}, {"source": 30, "prod": 0, "target": 32, "value": 1.8953779579730035, "supply": [{"l": "Natural gas (including LNG)", "v": 1.2730366919735021}, {"l": "Fuel oil", "v": 0.39651629856001347}, {"l": "Liquefied petroleum gas (LPG)", "v": 0.11291248371974384}, {"l": "Coal", "v": 0.11291248371974384}]}, {"source": 33, "prod": 0, "target": 8, "value": 0.013919003375216069, "supply": "[{\"l\":'Labor',\"v\":0.013919003375216069}]"}, {"source": 33, "prod": 0, "target": 10, "value": 7.6880344786832571e-05, "supply": "[{\"l\":'Labor',\"v\":7.6880344786832571e-05}]"}, {"source": 33, "prod": 0, "target": 11, "value": 0.02050142527648869, "supply": "[{\"l\":'Labor',\"v\":0.02050142527648869}]"}, {"source": 33, "prod": 0, "target": 12, "value": 7.6880344786832571e-05, "supply": "[{\"l\":'Labor',\"v\":7.6880344786832571e-05}]"}, {"source": 33, "prod": 0, "target": 21, "value": 0.23222989481942563, "supply": "[{\"l\":'Labor',\"v\":0.23222989481942563}]"}, {"source": 33, "prod": 0, "target": 0, "value": 0.031520941362601355, "supply": "[{\"l\":'Labor',\"v\":0.031520941362601355}]"}, {"source": 33, "prod": 0, "target": 14, "value": 0.004638447468805566, "supply": "[{\"l\":'Labor',\"v\":0.004638447468805566}]"}, {"source": 33, "prod": 0, "target": 3, "value": 0.10899070212613299, "supply": "[{\"l\":'Labor',\"v\":0.10899070212613299}]"}, {"source": 33, "prod": 0, "target": 2, "value": 0.14238239854521395, "supply": "[{\"l\":'Labor',\"v\":0.14238239854521395}]"}, {"source": 33, "prod": 0, "target": 16, "value": 7.6880344786832571e-05, "supply": "[{\"l\":'Labor',\"v\":7.6880344786832571e-05}]"}, {"source": 33, "prod": 0, "target": 17, "value": 0.0038440172393416293, "supply": "[{\"l\":'Labor',\"v\":0.0038440172393416293}]"}, {"source": 30, "prod": 0, "target": 24, "value": 11.108520413678216, "supply": "[{\"l\":'Fossil Fuels',\"v\":11.108520413678216}]"}, {"source": 31, "prod": 0, "target": 24, "value": 0.51016572152955142, "supply": "[{\"l\":'Renewables & Nuclear',\"v\":0.40050380399590829},{\"l\":'Biomass & Waste',\"v\":0.1096619175336431}]"}]}