{"nodes": [{"layer": 3, "name": "Vegetables"}, {"layer": 5, "name": "Production", "fill": "#b5cf6b"}, {"layer": 3, "name": "Sugar Crops", "fill": "#ffbb78"}, {"layer": 3, "name": "Starchy Roots"}, {"layer": 3, "name": "Pulses"}, {"layer": 3, "name": "Cereals - Excluding Beer"}, {"layer": 3, "name": "Stimulants"}, {"layer": 3, "name": "Fruits - Excluding Wine"}, {"layer": 3, "name": "Oilcrops", "fill": "#ff9896"}, {"layer": 1, "name": "Electricity", "fill": "#bcbd22"}, {"layer": 0, "name": "Fossil Fuels", "fill": "#c49c94"}, {"layer": 0, "name": "Renewables & Nuclear", "fill": "#2ca02c"}, {"layer": 1, "name": "Fertilizers", "fill": "#c5b0d5"}, {"layer": 0, "name": "Labor", "fill": "#7f7f7f"}], "links": [{"source": 0, "prod": 223.0, "target": 1, "value": 0.066846243565928776, "supply": [{"l": "Tomatoes", "v": 0.020574732551189415}, {"l": "Vegetables, Other", "v": 0.025512181900827144}, {"l": "Onions", "v": 0.020759329113912223}]}, {"source": 2, "prod": 4909.0, "target": 1, "value": 1.3664778214309479, "supply": [{"l": "Sugar cane", "v": 1.3664778214309479}]}, {"source": 3, "prod": 560.0, "target": 1, "value": 0.54894982801464143, "supply": [{"l": "Roots, Other", "v": 0.08959295362688012}, {"l": "Yams", "v": 0.043107289907256964}, {"l": "Potatoes", "v": 0.097961922889615388}, {"l": "Sweet potatoes", "v": 0.004994137245352942}, {"l": "Cassava", "v": 0.31329352434553603}]}, {"source": 4, "prod": 44.0, "target": 1, "value": 0.17298107318718908, "supply": [{"l": "Peas", "v": 0.012349139370327273}, {"l": "Beans", "v": 0.13003721916064559}, {"l": "Pulses, Other", "v": 0.030594714656216215}]}, {"source": 5, "prod": 869.0, "target": 1, "value": 2.6368246451951864, "supply": [{"l": "Maize", "v": 1.9962921254677481}, {"l": "Rice", "v": 0.61393170891882232}, {"l": "Wheat", "v": 0.0033251013510769787}, {"l": "Sorghum", "v": 0.023275709457538856}]}, {"source": 6, "prod": 80.0, "target": 1, "value": 0.061181510088611224, "supply": [{"l": "Coffee", "v": 0.033369331980869846}, {"l": "Cocoa Beans", "v": 0.027812178107741378}]}, {"source": 7, "prod": 1794.0, "target": 1, "value": 1.2257914849553413, "supply": [{"l": "Plantains", "v": 0.35894095889103211}, {"l": "Fruits, Other", "v": 0.096835923775941649}, {"l": "Grapes", "v": 0.00059370862357342659}, {"l": "Pineapples", "v": 0.010282047269844292}, {"l": "Bananas", "v": 0.69592612859813974}, {"l": "Oranges, Mandarines", "v": 0.063212717796809925}]}, {"source": 8, "prod": 300.0, "target": 1, "value": 0.42415976696175345, "supply": [{"l": "Coconuts - Incl Copra", "v": 0.19367888504634376}, {"l": "Sesame seed", "v": 0.16714753093040627}, {"l": "Groundnuts", "v": 0.032822293751675259}, {"l": "Cottonseed", "v": 0.030511057233328125}]}, {"source": 9, "prod": 0, "target": 8, "value": 0.0019985200476416915, "supply": "[{\"l\":'Energy for power irrigation',\"v\":0.0019985200476416915}]"}, {"source": 9, "prod": 0, "target": 0, "value": 0.0013612673977200145, "supply": "[{\"l\":'Energy for power irrigation',\"v\":0.0013612673977200145}]"}, {"source": 9, "prod": 0, "target": 2, "value": 0.029373457825967255, "supply": "[{\"l\":'Energy for power irrigation',\"v\":0.029373457825967255}]"}, {"source": 9, "prod": 0, "target": 3, "value": 0.0034106479854963002, "supply": "[{\"l\":'Energy for power irrigation',\"v\":0.0034106479854963002}]"}, {"source": 9, "prod": 0, "target": 4, "value": 0.00038594174572721289, "supply": "[{\"l\":'Energy for power irrigation',\"v\":0.00038594174572721289}]"}, {"source": 9, "prod": 0, "target": 7, "value": 0.010905098164152643, "supply": "[{\"l\":'Energy for power irrigation',\"v\":0.010905098164152643}]"}, {"source": 9, "prod": 0, "target": 5, "value": 0.0086552672123164885, "supply": "[{\"l\":'Energy for power irrigation',\"v\":0.0086552672123164885}]"}, {"source": 9, "prod": 0, "target": 6, "value": 0.00047868743656088422, "supply": "[{\"l\":'Energy for power irrigation',\"v\":0.00047868743656088422}]"}, {"source": 10, "prod": 0, "target": 9, "value": 0.084976625692516905, "supply": [{"l": "Coal", "v": 0.0}, {"l": "Natural gas", "v": 0.063504210777745998}, {"l": "Oil", "v": 0.021472414914770907}]}, {"source": 11, "prod": 0, "target": 9, "value": 0.022175922008893734, "supply": [{"l": "Nuclear", "v": 0.0}, {"l": "Hydroelectric", "v": 0.022175922008893734}, {"l": "Renewable", "v": 0.0}]}, {"source": 10, "prod": 0, "target": 8, "value": 0.0098224249327768815, "supply": [{"l": "Gas-Diesel oil", "v": 0.00084374651248051596}, {"l": "Fuel oil", "v": 0.0046242541420443784}, {"l": "Other fossil fuels", "v": 0.0043544242782519883}]}, {"source": 10, "prod": 0, "target": 0, "value": 0.0066904241682836556, "supply": [{"l": "Gas-Diesel oil", "v": 0.00057470757960873474}, {"l": "Fuel oil", "v": 0.0031497539440571739}, {"l": "Other fossil fuels", "v": 0.0029659626446177463}]}, {"source": 10, "prod": 0, "target": 2, "value": 0.14436611974551411, "supply": [{"l": "Gas-Diesel oil", "v": 0.012401052783733092}, {"l": "Fuel oil", "v": 0.067965459830227101}, {"l": "Other fossil fuels", "v": 0.063999607131553907}]}, {"source": 10, "prod": 0, "target": 3, "value": 0.016762820993062345, "supply": [{"l": "Gas-Diesel oil", "v": 0.0014399266829757309}, {"l": "Fuel oil", "v": 0.0078916912004948978}, {"l": "Other fossil fuels", "v": 0.0074312031095917159}]}, {"source": 10, "prod": 0, "target": 4, "value": 0.0018968455334254758, "supply": [{"l": "Gas-Diesel oil", "v": 0.00016293907202093798}, {"l": "Fuel oil", "v": 0.00089300716216126469}, {"l": "Other fossil fuels", "v": 0.00084089929924327316}]}, {"source": 10, "prod": 0, "target": 7, "value": 0.053596914490975651, "supply": [{"l": "Gas-Diesel oil", "v": 0.0046039761047776658}, {"l": "Fuel oil", "v": 0.025232644233161315}, {"l": "Other fossil fuels", "v": 0.023760294153036671}]}, {"source": 10, "prod": 0, "target": 5, "value": 0.042539334327131022, "supply": [{"l": "Gas-Diesel oil", "v": 0.0036541297314463066}, {"l": "Fuel oil", "v": 0.020026897055290999}, {"l": "Other fossil fuels", "v": 0.018858307540393717}]}, {"source": 10, "prod": 0, "target": 6, "value": 0.0023526766306052414, "supply": [{"l": "Gas-Diesel oil", "v": 0.00020209497304922539}, {"l": "Fuel oil", "v": 0.0011076057825255997}, {"l": "Other fossil fuels", "v": 0.0010429758750304162}]}, {"source": 12, "prod": 2.1004578861100831, "target": 8, "value": 0.020422846856548126, "supply": [{"l": "Potash", "v": 0.048947202816935542}, {"l": "Phosphate", "v": 0.062969291717042089}, {"l": "Nitrogen", "v": 0.46631300037305035}]}, {"source": 12, "prod": 1.4307011050600116, "target": 0, "value": 0.013910771436720655, "supply": [{"l": "Potash", "v": 0.048947202816935542}, {"l": "Phosphate", "v": 0.062969291717042089}, {"l": "Nitrogen", "v": 0.46631300037305035}]}, {"source": 12, "prod": 30.871699888965257, "target": 2, "value": 0.30016693179279863, "supply": [{"l": "Potash", "v": 0.048947202816935542}, {"l": "Phosphate", "v": 0.062969291717042089}, {"l": "Nitrogen", "v": 0.46631300037305035}]}, {"source": 12, "prod": 3.5846137577327766, "target": 3, "value": 0.034853361401893511, "supply": [{"l": "Potash", "v": 0.048947202816935542}, {"l": "Phosphate", "v": 0.062969291717042089}, {"l": "Nitrogen", "v": 0.46631300037305035}]}, {"source": 12, "prod": 0.40562734626976155, "target": 4, "value": 0.0039439330007405814, "supply": [{"l": "Potash", "v": 0.048947202816935542}, {"l": "Phosphate", "v": 0.062969291717042089}, {"l": "Nitrogen", "v": 0.46631300037305035}]}, {"source": 12, "prod": 11.461330830645588, "target": 7, "value": 0.11143903711394898, "supply": [{"l": "Potash", "v": 0.048947202816935542}, {"l": "Phosphate", "v": 0.062969291717042089}, {"l": "Nitrogen", "v": 0.46631300037305035}]}, {"source": 12, "prod": 9.0967435097551945, "target": 5, "value": 0.088448047838313976, "supply": [{"l": "Potash", "v": 0.048947202816935542}, {"l": "Phosphate", "v": 0.062969291717042089}, {"l": "Nitrogen", "v": 0.46631300037305035}]}, {"source": 12, "prod": 0.50310368529582827, "target": 6, "value": 0.0048916998458797909, "supply": [{"l": "Potash", "v": 0.048947202816935542}, {"l": "Phosphate", "v": 0.062969291717042089}, {"l": "Nitrogen", "v": 0.46631300037305035}]}, {"source": 10, "prod": 0, "target": 12, "value": 0.7294039389558038, "supply": [{"l": "Natural gas (including LNG)", "v": 0.48139240267629346}, {"l": "Fuel oil", "v": 0.16558083395085393}, {"l": "Liquefied petroleum gas (LPG)", "v": 0.041215351164328215}, {"l": "Coal", "v": 0.041215351164328215}]}, {"source": 13, "prod": 0, "target": 8, "value": 0.011524913615938959, "supply": "[{\"l\":'Labor',\"v\":0.011524913615938959}]"}, {"source": 13, "prod": 0, "target": 0, "value": 0.0078500534360063275, "supply": "[{\"l\":'Labor',\"v\":0.0078500534360063275}]"}, {"source": 13, "prod": 0, "target": 2, "value": 0.16938862557079146, "supply": "[{\"l\":'Labor',\"v\":0.16938862557079146}]"}, {"source": 13, "prod": 0, "target": 3, "value": 0.019668265751752116, "supply": "[{\"l\":'Labor',\"v\":0.019668265751752116}]"}, {"source": 13, "prod": 0, "target": 4, "value": 0.0022256195455930029, "supply": "[{\"l\":'Labor',\"v\":0.0022256195455930029}]"}, {"source": 13, "prod": 0, "target": 7, "value": 0.062886691811523218, "supply": "[{\"l\":'Labor',\"v\":0.062886691811523218}]"}, {"source": 13, "prod": 0, "target": 5, "value": 0.049912537561244634, "supply": "[{\"l\":'Labor',\"v\":0.049912537561244634}]"}, {"source": 13, "prod": 0, "target": 6, "value": 0.002760458351123104, "supply": "[{\"l\":'Labor',\"v\":0.002760458351123104}]"}]}