{"nodes": [{"layer": 3, "name": "Maize"}, {"layer": 5, "name": "Production", "fill": "#b5cf6b"}, {"layer": 3, "name": "Vegetables, Other"}, {"layer": 3, "name": "Plantains"}, {"layer": 3, "name": "Fruits, Other"}, {"layer": 3, "name": "Yams"}, {"layer": 3, "name": "Rice"}, {"layer": 3, "name": "Tomatoes"}, {"layer": 3, "name": "Coffee"}, {"layer": 3, "name": "Wheat"}, {"layer": 3, "name": "Coconuts - Incl Copra"}, {"layer": 3, "name": "Roots, Other"}, {"layer": 3, "name": "Peas"}, {"layer": 3, "name": "Sesame seed"}, {"layer": 3, "name": "Groundnuts"}, {"layer": 3, "name": "Sugar cane"}, {"layer": 3, "name": "Cocoa Beans"}, {"layer": 3, "name": "Cottonseed"}, {"layer": 3, "name": "Potatoes"}, {"layer": 3, "name": "Pineapples"}, {"layer": 3, "name": "Beans"}, {"layer": 3, "name": "Pulses, Other"}, {"layer": 3, "name": "Sorghum"}, {"layer": 3, "name": "Bananas"}, {"layer": 3, "name": "Sweet potatoes"}, {"layer": 3, "name": "Oranges, Mandarines"}, {"layer": 3, "name": "Onions"}, {"layer": 3, "name": "Cassava"}, {"layer": 1, "name": "Electricity", "fill": "#bcbd22"}, {"layer": 0, "name": "Fossil Fuels", "fill": "#c49c94"}, {"layer": 0, "name": "Renewables & Nuclear", "fill": "#2ca02c"}, {"layer": 1, "name": "Fertilizers", "fill": "#c5b0d5"}, {"layer": 0, "name": "Labor", "fill": "#7f7f7f"}], "links": [{"source": 0, "prod": 521.0, "target": 1, "value": 1.4907871792959109, "supply": [{"l": "Maize", "v": 1.4907871792959109}]}, {"source": 2, "prod": 86.0, "target": 1, "value": 0.022125541371836362, "supply": [{"l": "Vegetables, Other", "v": 0.022125541371836362}]}, {"source": 3, "prod": 283.0, "target": 1, "value": 0.27848802331510675, "supply": [{"l": "Plantains", "v": 0.27848802331510675}]}, {"source": 4, "prod": 210.0, "target": 1, "value": 0.10120952523790873, "supply": [{"l": "Fruits, Other", "v": 0.10120952523790873}]}, {"source": 5, "prod": 47.0, "target": 1, "value": 0.049992565204335995, "supply": [{"l": "Yams", "v": 0.049992565204335995}]}, {"source": 6, "prod": 133.0, "target": 1, "value": 0.542872322679952, "supply": [{"l": "Rice", "v": 0.542872322679952}]}, {"source": 7, "prod": 72.0, "target": 1, "value": 0.017515254980836673, "supply": [{"l": "Tomatoes", "v": 0.017515254980836673}]}, {"source": 8, "prod": 54.0, "target": 1, "value": 0.029238635148176022, "supply": [{"l": "Coffee", "v": 0.029238635148176022}]}, {"source": 9, "prod": 1.0, "target": 1, "value": 0.0033786661454365645, "supply": [{"l": "Wheat", "v": 0.0033786661454365645}]}, {"source": 10, "prod": 155.0, "target": 1, "value": 0.23926457530009093, "supply": [{"l": "Coconuts - Incl Copra", "v": 0.23926457530009093}]}, {"source": 11, "prod": 74.0, "target": 1, "value": 0.089623746856690459, "supply": [{"l": "Roots, Other", "v": 0.089623746856690459}]}, {"source": 12, "prod": 1.0, "target": 1, "value": 0.0039184769155846157, "supply": [{"l": "Peas", "v": 0.0039184769155846157}]}, {"source": 13, "prod": 54.0, "target": 1, "value": 0.083356690749709084, "supply": [{"l": "Sesame seed", "v": 0.083356690749709084}]}, {"source": 14, "prod": 1.0, "target": 1, "value": 0.0063223652361382989, "supply": [{"l": "Groundnuts", "v": 0.0063223652361382989}]}, {"source": 15, "prod": 3704.0, "target": 1, "value": 1.0412941525343842, "supply": [{"l": "Sugar cane", "v": 1.0412941525343842}]}, {"source": 16, "prod": 20.0, "target": 1, "value": 0.020963045227407412, "supply": [{"l": "Cocoa Beans", "v": 0.020963045227407412}]}, {"source": 17, "prod": 25.0, "target": 1, "value": 0.038591060532272729, "supply": [{"l": "Cottonseed", "v": 0.038591060532272729}]}, {"source": 18, "prod": 136.0, "target": 1, "value": 0.10436392639590468, "supply": [{"l": "Potatoes", "v": 0.10436392639590468}]}, {"source": 19, "prod": 36.0, "target": 1, "value": 0.012950898280322034, "supply": [{"l": "Pineapples", "v": 0.012950898280322034}]}, {"source": 20, "prod": 37.0, "target": 1, "value": 0.14617420501247902, "supply": [{"l": "Beans", "v": 0.14617420501247902}]}, {"source": 21, "prod": 5.0, "target": 1, "value": 0.02122508329275, "supply": [{"l": "Pulses, Other", "v": 0.02122508329275}]}, {"source": 22, "prod": 4.0, "target": 1, "value": 0.012480123766097355, "supply": [{"l": "Sorghum", "v": 0.012480123766097355}]}, {"source": 23, "prod": 825.0, "target": 1, "value": 0.59489130624065256, "supply": [{"l": "Bananas", "v": 0.59489130624065256}]}, {"source": 24, "prod": 3.0, "target": 1, "value": 0.0037456029340147061, "supply": [{"l": "Sweet potatoes", "v": 0.0037456029340147061}]}, {"source": 25, "prod": 138.0, "target": 1, "value": 0.043619679737892783, "supply": [{"l": "Oranges, Mandarines", "v": 0.043619679737892783}]}, {"source": 26, "prod": 35.0, "target": 1, "value": 0.017582909236597631, "supply": [{"l": "Onions", "v": 0.017582909236597631}]}, {"source": 27, "prod": 301.0, "target": 1, "value": 0.30347353133463834, "supply": [{"l": "Cassava", "v": 0.30347353133463834}]}, {"source": 28, "prod": 0, "target": 0, "value": 0.003020929823915346, "supply": "[{\"l\":'Energy for power irrigation',\"v\":0.003020929823915346}]"}, {"source": 28, "prod": 0, "target": 2, "value": 0.00048965620772254239, "supply": "[{\"l\":'Energy for power irrigation',\"v\":0.00048965620772254239}]"}, {"source": 28, "prod": 0, "target": 3, "value": 0.0015657932970110677, "supply": "[{\"l\":'Energy for power irrigation',\"v\":0.0015657932970110677}]"}, {"source": 28, "prod": 0, "target": 4, "value": 0.0012310565674380301, "supply": "[{\"l\":'Energy for power irrigation',\"v\":0.0012310565674380301}]"}, {"source": 28, "prod": 0, "target": 5, "value": 0.00025727699049828498, "supply": "[{\"l\":'Energy for power irrigation',\"v\":0.00025727699049828498}]"}, {"source": 28, "prod": 0, "target": 6, "value": 0.00074416677896815755, "supply": "[{\"l\":'Energy for power irrigation',\"v\":0.00074416677896815755}]"}, {"source": 28, "prod": 0, "target": 7, "value": 0.00039836437238444122, "supply": "[{\"l\":'Energy for power irrigation',\"v\":0.00039836437238444122}]"}, {"source": 28, "prod": 0, "target": 8, "value": 0.00030153969854100068, "supply": "[{\"l\":'Energy for power irrigation',\"v\":0.00030153969854100068}]"}, {"source": 28, "prod": 0, "target": 9, "value": 0.0015547276200003886, "supply": "[{\"l\":'Energy for power irrigation',\"v\":0.0015547276200003886}]"}, {"source": 28, "prod": 0, "target": 10, "value": 0.0018258367067620223, "supply": "[{\"l\":'Energy for power irrigation',\"v\":0.0018258367067620223}]"}, {"source": 28, "prod": 0, "target": 11, "value": 0.00040943004939512012, "supply": "[{\"l\":'Energy for power irrigation',\"v\":0.00040943004939512012}]"}, {"source": 28, "prod": 0, "target": 12, "value": 3.5963450284706502e-05, "supply": "[{\"l\":'Energy for power irrigation',\"v\":3.5963450284706502e-05}]"}, {"source": 28, "prod": 0, "target": 13, "value": 0.00030153969854100068, "supply": "[{\"l\":'Energy for power irrigation',\"v\":0.00030153969854100068}]"}, {"source": 28, "prod": 0, "target": 14, "value": 8.2992577580091926e-06, "supply": "[{\"l\":'Energy for power irrigation',\"v\":8.2992577580091926e-06}]"}, {"source": 28, "prod": 0, "target": 16, "value": 0.00010789035085411951, "supply": "[{\"l\":'Energy for power irrigation',\"v\":0.00010789035085411951}]"}, {"source": 28, "prod": 0, "target": 17, "value": 0.00013832096263348653, "supply": "[{\"l\":'Energy for power irrigation',\"v\":0.00013832096263348653}]"}, {"source": 28, "prod": 0, "target": 18, "value": 0.00079672874476888244, "supply": "[{\"l\":'Energy for power irrigation',\"v\":0.00079672874476888244}]"}, {"source": 28, "prod": 0, "target": 20, "value": 0.0002517441519929455, "supply": "[{\"l\":'Energy for power irrigation',\"v\":0.0002517441519929455}]"}, {"source": 28, "prod": 0, "target": 21, "value": 3.319703103203677e-05, "supply": "[{\"l\":'Energy for power irrigation',\"v\":3.319703103203677e-05}]"}, {"source": 28, "prod": 0, "target": 22, "value": 2.2131354021357845e-05, "supply": "[{\"l\":'Energy for power irrigation',\"v\":2.2131354021357845e-05}]"}, {"source": 28, "prod": 0, "target": 15, "value": 0.020493633823777366, "supply": "[{\"l\":'Energy for power irrigation',\"v\":0.020493633823777366}]"}, {"source": 28, "prod": 0, "target": 19, "value": 0.00019918218619222061, "supply": "[{\"l\":'Energy for power irrigation',\"v\":0.00019918218619222061}]"}, {"source": 28, "prod": 0, "target": 23, "value": 0.0045645917669050557, "supply": "[{\"l\":'Energy for power irrigation',\"v\":0.0045645917669050557}]"}, {"source": 28, "prod": 0, "target": 24, "value": 1.6598515516018385e-05, "supply": "[{\"l\":'Energy for power irrigation',\"v\":1.6598515516018385e-05}]"}, {"source": 28, "prod": 0, "target": 25, "value": 0.00076353171373684569, "supply": "[{\"l\":'Energy for power irrigation',\"v\":0.00076353171373684569}]"}, {"source": 28, "prod": 0, "target": 26, "value": 0.00019364934768688116, "supply": "[{\"l\":'Energy for power irrigation',\"v\":0.00019364934768688116}]"}, {"source": 28, "prod": 0, "target": 27, "value": 0.0016653843901071779, "supply": "[{\"l\":'Energy for power irrigation',\"v\":0.0016653843901071779}]"}, {"source": 29, "prod": 0, "target": 28, "value": 0.064776524479234793, "supply": [{"l": "Coal", "v": 0.0}, {"l": "Natural gas", "v": 0.048906703315155176}, {"l": "Oil", "v": 0.015869821164079624}]}, {"source": 30, "prod": 0, "target": 28, "value": 0.016389768818579845, "supply": [{"l": "Nuclear", "v": 0.0}, {"l": "Hydroelectric", "v": 0.016389768818579845}, {"l": "Renewable", "v": 0.0}]}, {"source": 29, "prod": 0, "target": 0, "value": 0.020089064067433819, "supply": [{"l": "Gas-Diesel oil", "v": 0.0017256510344338162}, {"l": "Fuel oil", "v": 0.0094576378398814574}, {"l": "Other fossil fuels", "v": 0.0089057751931185449}]}, {"source": 29, "prod": 0, "target": 2, "value": 0.0032561944504906465, "supply": [{"l": "Gas-Diesel oil", "v": 0.00027970717316372297}, {"l": "Fuel oil", "v": 0.0015329687707500165}, {"l": "Other fossil fuels", "v": 0.0014435185065769071}]}, {"source": 29, "prod": 0, "target": 3, "value": 0.010412463610043537, "supply": [{"l": "Gas-Diesel oil", "v": 0.00089443084751789374}, {"l": "Fuel oil", "v": 0.0049020357301949678}, {"l": "Other fossil fuels", "v": 0.0046159970323306748}]}, {"source": 29, "prod": 0, "target": 4, "value": 0.008186477573267445, "supply": [{"l": "Gas-Diesel oil", "v": 0.00070321859919693049}, {"l": "Fuel oil", "v": 0.0038540740281568209}, {"l": "Other fossil fuels", "v": 0.0036291849459136926}]}, {"source": 29, "prod": 0, "target": 5, "value": 0.0017108818299188143, "supply": [{"l": "Gas-Diesel oil", "v": 0.00014696478589958326}, {"l": "Fuel oil", "v": 0.00080545816768221208}, {"l": "Other fossil fuels", "v": 0.00075845887633701895}]}, {"source": 29, "prod": 0, "target": 6, "value": 0.0049486797015931292, "supply": [{"l": "Gas-Diesel oil", "v": 0.00042509169254825686}, {"l": "Fuel oil", "v": 0.0023297660979195163}, {"l": "Other fossil fuels", "v": 0.0021938219111253556}]}, {"source": 29, "prod": 0, "target": 7, "value": 0.0026491073495517126, "supply": [{"l": "Gas-Diesel oil", "v": 0.00022755837816709664}, {"l": "Fuel oil", "v": 0.0012471610338305218}, {"l": "Other fossil fuels", "v": 0.0011743879375540939}]}, {"source": 29, "prod": 0, "target": 8, "value": 0.0020052270909801159, "supply": [{"l": "Gas-Diesel oil", "v": 0.00017224905014037175}, {"l": "Fuel oil", "v": 0.00094403161588560338}, {"l": "Other fossil fuels", "v": 0.0008889464249541405}]}, {"source": 29, "prod": 0, "target": 9, "value": 0.01033887729477821, "supply": [{"l": "Gas-Diesel oil", "v": 0.0008881097814576965}, {"l": "Fuel oil", "v": 0.0048673923681441201}, {"l": "Other fossil fuels", "v": 0.0045833751451763941}]}, {"source": 29, "prod": 0, "target": 10, "value": 0.012141742018778682, "supply": [{"l": "Gas-Diesel oil", "v": 0.0010429758999325263}, {"l": "Fuel oil", "v": 0.005716154738389892}, {"l": "Other fossil fuels", "v": 0.0053826113804562635}]}, {"source": 29, "prod": 0, "target": 11, "value": 0.0027226936648170378, "supply": [{"l": "Gas-Diesel oil", "v": 0.00023387944422729375}, {"l": "Fuel oil", "v": 0.0012818043958813697}, {"l": "Other fossil fuels", "v": 0.0012070098247083743}]}, {"source": 29, "prod": 0, "target": 12, "value": 0.00023915552461230738, "supply": [{"l": "Gas-Diesel oil", "v": 2.0543464695640671e-05}, {"l": "Fuel oil", "v": 0.00011259092666525545}, {"l": "Other fossil fuels", "v": 0.00010602113325141125}]}, {"source": 29, "prod": 0, "target": 13, "value": 0.0020052270909801159, "supply": [{"l": "Gas-Diesel oil", "v": 0.00017224905014037175}, {"l": "Fuel oil", "v": 0.00094403161588560338}, {"l": "Other fossil fuels", "v": 0.0008889464249541405}]}, {"source": 29, "prod": 0, "target": 14, "value": 5.5189736448994008e-05, "supply": [{"l": "Gas-Diesel oil", "v": 4.740799545147847e-06}, {"l": "Fuel oil", "v": 2.5982521538135872e-05}, {"l": "Other fossil fuels", "v": 2.4466415365710291e-05}]}, {"source": 29, "prod": 0, "target": 16, "value": 0.00071746657383692214, "supply": [{"l": "Gas-Diesel oil", "v": 6.1630394086922008e-05}, {"l": "Fuel oil", "v": 0.00033777277999576634}, {"l": "Other fossil fuels", "v": 0.00031806339975423378}]}, {"source": 29, "prod": 0, "target": 17, "value": 0.00091982894081656683, "supply": [{"l": "Gas-Diesel oil", "v": 7.9013325752464104e-05}, {"l": "Fuel oil", "v": 0.00043304202563559788}, {"l": "Other fossil fuels", "v": 0.00040777358942850481}]}, {"source": 29, "prod": 0, "target": 18, "value": 0.0052982146991034252, "supply": [{"l": "Gas-Diesel oil", "v": 0.00045511675633419328}, {"l": "Fuel oil", "v": 0.0024943220676610436}, {"l": "Other fossil fuels", "v": 0.0023487758751081877}]}, {"source": 29, "prod": 0, "target": 20, "value": 0.0016740886722861517, "supply": [{"l": "Gas-Diesel oil", "v": 0.00014380425286948469}, {"l": "Fuel oil", "v": 0.00078813648665678815}, {"l": "Other fossil fuels", "v": 0.00074214793275987874}]}, {"source": 29, "prod": 0, "target": 21, "value": 0.00022075894579597603, "supply": [{"l": "Gas-Diesel oil", "v": 1.8963198180591388e-05}, {"l": "Fuel oil", "v": 0.00010393008615254349}, {"l": "Other fossil fuels", "v": 9.7865661462841165e-05}]}, {"source": 29, "prod": 0, "target": 22, "value": 0.00014717263053065069, "supply": [{"l": "Gas-Diesel oil", "v": 1.2642132120394258e-05}, {"l": "Fuel oil", "v": 6.9286724101695664e-05}, {"l": "Other fossil fuels", "v": 6.5243774308560763e-05}]}, {"source": 29, "prod": 0, "target": 15, "value": 0.13628185587138256, "supply": [{"l": "Gas-Diesel oil", "v": 0.011706614343485083}, {"l": "Fuel oil", "v": 0.064159506518170178}, {"l": "Other fossil fuels", "v": 0.060415735009727273}]}, {"source": 29, "prod": 0, "target": 19, "value": 0.0013245536747758563, "supply": [{"l": "Gas-Diesel oil", "v": 0.00011377918908354832}, {"l": "Fuel oil", "v": 0.00062358051691526091}, {"l": "Other fossil fuels", "v": 0.00058719396877704693}]}, {"source": 29, "prod": 0, "target": 23, "value": 0.030354355046946706, "supply": [{"l": "Gas-Diesel oil", "v": 0.0026074397498313156}, {"l": "Fuel oil", "v": 0.01429038684597473}, {"l": "Other fossil fuels", "v": 0.01345652845114066}]}, {"source": 29, "prod": 0, "target": 24, "value": 0.00011037947289798802, "supply": [{"l": "Gas-Diesel oil", "v": 9.481599090295694e-06}, {"l": "Fuel oil", "v": 5.1965043076271745e-05}, {"l": "Other fossil fuels", "v": 4.8932830731420582e-05}]}, {"source": 29, "prod": 0, "target": 25, "value": 0.0050774557533074484, "supply": [{"l": "Gas-Diesel oil", "v": 0.00043615355815360184}, {"l": "Fuel oil", "v": 0.0023903919815085003}, {"l": "Other fossil fuels", "v": 0.0022509102136453463}]}, {"source": 29, "prod": 0, "target": 26, "value": 0.0012877605171431935, "supply": [{"l": "Gas-Diesel oil", "v": 0.00011061865605344976}, {"l": "Fuel oil", "v": 0.00060625883588983709}, {"l": "Other fossil fuels", "v": 0.00057088302519990673}]}, {"source": 29, "prod": 0, "target": 27, "value": 0.011074740447431465, "supply": [{"l": "Gas-Diesel oil", "v": 0.00095132044205966781}, {"l": "Fuel oil", "v": 0.0052138259886525982}, {"l": "Other fossil fuels", "v": 0.0049095940167191978}]}, {"source": 31, "prod": 2.5282794205199446, "target": 0, "value": 0.026814811161228254, "supply": [{"l": "Potash", "v": 0.025638888909400002}, {"l": "Phosphate", "v": 0.033666666693599995}, {"l": "Nitrogen", "v": 0.31190277802729993}]}, {"source": 31, "prod": 0.40980353244691409, "target": 2, "value": 0.004346356754155129, "supply": [{"l": "Potash", "v": 0.025638888909400002}, {"l": "Phosphate", "v": 0.033666666693599995}, {"l": "Nitrogen", "v": 0.31190277802729993}]}, {"source": 31, "prod": 1.3104451941522788, "target": 3, "value": 0.01389851933814578, "supply": [{"l": "Potash", "v": 0.025638888909400002}, {"l": "Phosphate", "v": 0.033666666693599995}, {"l": "Nitrogen", "v": 0.31190277802729993}]}, {"source": 31, "prod": 1.0302970166038234, "target": 4, "value": 0.010927281105079279, "supply": [{"l": "Potash", "v": 0.025638888909400002}, {"l": "Phosphate", "v": 0.033666666693599995}, {"l": "Nitrogen", "v": 0.31190277802729993}]}, {"source": 31, "prod": 0.21532050009922604, "target": 5, "value": 0.0022836789725221864, "supply": [{"l": "Potash", "v": 0.025638888909400002}, {"l": "Phosphate", "v": 0.033666666693599995}, {"l": "Nitrogen", "v": 0.31190277802729993}]}, {"source": 31, "prod": 0.62280875835152472, "target": 6, "value": 0.0066054800388007321, "supply": [{"l": "Potash", "v": 0.025638888909400002}, {"l": "Phosphate", "v": 0.033666666693599995}, {"l": "Nitrogen", "v": 0.31190277802729993}]}, {"source": 31, "prod": 0.33339948402460806, "target": 7, "value": 0.0035360190542279017, "supply": [{"l": "Potash", "v": 0.025638888909400002}, {"l": "Phosphate", "v": 0.033666666693599995}, {"l": "Nitrogen", "v": 0.31190277802729993}]}, {"source": 31, "prod": 0.25236488721307138, "target": 8, "value": 0.0026765699785475088, "supply": [{"l": "Potash", "v": 0.025638888909400002}, {"l": "Phosphate", "v": 0.033666666693599995}, {"l": "Nitrogen", "v": 0.31190277802729993}]}, {"source": 31, "prod": 1.3011840973738176, "target": 9, "value": 0.013800296586639449, "supply": [{"l": "Potash", "v": 0.025638888909400002}, {"l": "Phosphate", "v": 0.033666666693599995}, {"l": "Nitrogen", "v": 0.31190277802729993}]}, {"source": 31, "prod": 1.5280809684461203, "target": 10, "value": 0.01620675399854455, "supply": [{"l": "Potash", "v": 0.025638888909400002}, {"l": "Phosphate", "v": 0.033666666693599995}, {"l": "Nitrogen", "v": 0.31190277802729993}]}, {"source": 31, "prod": 0.34266058080306938, "target": 11, "value": 0.0036342418057342322, "supply": [{"l": "Potash", "v": 0.025638888909400002}, {"l": "Phosphate", "v": 0.033666666693599995}, {"l": "Nitrogen", "v": 0.31190277802729993}]}, {"source": 31, "prod": 0.030098564529999341, "target": 12, "value": 0.00031922394239557449, "supply": [{"l": "Potash", "v": 0.025638888909400002}, {"l": "Phosphate", "v": 0.033666666693599995}, {"l": "Nitrogen", "v": 0.31190277802729993}]}, {"source": 31, "prod": 0.25236488721307138, "target": 13, "value": 0.0026765699785475088, "supply": [{"l": "Potash", "v": 0.025638888909400002}, {"l": "Phosphate", "v": 0.033666666693599995}, {"l": "Nitrogen", "v": 0.31190277802729993}]}, {"source": 31, "prod": 0.0069458225838460019, "target": 14, "value": 7.3667063629747953e-05, "supply": [{"l": "Potash", "v": 0.025638888909400002}, {"l": "Phosphate", "v": 0.033666666693599995}, {"l": "Nitrogen", "v": 0.31190277802729993}]}, {"source": 31, "prod": 0.090295693589998019, "target": 16, "value": 0.00095767182718672341, "supply": [{"l": "Potash", "v": 0.025638888909400002}, {"l": "Phosphate", "v": 0.033666666693599995}, {"l": "Nitrogen", "v": 0.31190277802729993}]}, {"source": 31, "prod": 0.11576370973076669, "target": 17, "value": 0.0012277843938291325, "supply": [{"l": "Potash", "v": 0.025638888909400002}, {"l": "Phosphate", "v": 0.033666666693599995}, {"l": "Nitrogen", "v": 0.31190277802729993}]}, {"source": 31, "prod": 0.66679896804921612, "target": 18, "value": 0.0070720381084558035, "supply": [{"l": "Potash", "v": 0.025638888909400002}, {"l": "Phosphate", "v": 0.033666666693599995}, {"l": "Nitrogen", "v": 0.31190277802729993}]}, {"source": 31, "prod": 0.21068995170999538, "target": 20, "value": 0.0022345675967690212, "supply": [{"l": "Potash", "v": 0.025638888909400002}, {"l": "Phosphate", "v": 0.033666666693599995}, {"l": "Nitrogen", "v": 0.31190277802729993}]}, {"source": 31, "prod": 0.027783290335384007, "target": 21, "value": 0.00029466825451899181, "supply": [{"l": "Potash", "v": 0.025638888909400002}, {"l": "Phosphate", "v": 0.033666666693599995}, {"l": "Nitrogen", "v": 0.31190277802729993}]}, {"source": 31, "prod": 0.01852219355692267, "target": 22, "value": 0.00019644550301266121, "supply": [{"l": "Potash", "v": 0.025638888909400002}, {"l": "Phosphate", "v": 0.033666666693599995}, {"l": "Nitrogen", "v": 0.31190277802729993}]}, {"source": 31, "prod": 17.151551233710393, "target": 15, "value": 0.1819085357897243, "supply": [{"l": "Potash", "v": 0.025638888909400002}, {"l": "Phosphate", "v": 0.033666666693599995}, {"l": "Nitrogen", "v": 0.31190277802729993}]}, {"source": 31, "prod": 0.16669974201230403, "target": 19, "value": 0.0017680095271139509, "supply": [{"l": "Potash", "v": 0.025638888909400002}, {"l": "Phosphate", "v": 0.033666666693599995}, {"l": "Nitrogen", "v": 0.31190277802729993}]}, {"source": 31, "prod": 3.820202421115301, "target": 23, "value": 0.040516884996361371, "supply": [{"l": "Potash", "v": 0.025638888909400002}, {"l": "Phosphate", "v": 0.033666666693599995}, {"l": "Nitrogen", "v": 0.31190277802729993}]}, {"source": 31, "prod": 0.013891645167692004, "target": 24, "value": 0.00014733412725949591, "supply": [{"l": "Potash", "v": 0.025638888909400002}, {"l": "Phosphate", "v": 0.033666666693599995}, {"l": "Nitrogen", "v": 0.31190277802729993}]}, {"source": 31, "prod": 0.63901567771383205, "target": 25, "value": 0.0067773698539368111, "supply": [{"l": "Potash", "v": 0.025638888909400002}, {"l": "Phosphate", "v": 0.033666666693599995}, {"l": "Nitrogen", "v": 0.31190277802729993}]}, {"source": 31, "prod": 0.16206919362307337, "target": 26, "value": 0.0017188981513607856, "supply": [{"l": "Potash", "v": 0.025638888909400002}, {"l": "Phosphate", "v": 0.033666666693599995}, {"l": "Nitrogen", "v": 0.31190277802729993}]}, {"source": 31, "prod": 1.3937950651584308, "target": 27, "value": 0.014782524101702756, "supply": [{"l": "Potash", "v": 0.025638888909400002}, {"l": "Phosphate", "v": 0.033666666693599995}, {"l": "Nitrogen", "v": 0.31190277802729993}]}, {"source": 29, "prod": 0, "target": 31, "value": 0.46255555557966449, "supply": [{"l": "Natural gas (including LNG)", "v": 0.30694297492071249}, {"l": "Fuel oil", "v": 0.10047715653292275}, {"l": "Liquefied petroleum gas (LPG)", "v": 0.027567712063014619}, {"l": "Coal", "v": 0.027567712063014619}]}, {"source": 32, "prod": 0, "target": 0, "value": 0.019360760697262794, "supply": "[{\"l\":'Labor',\"v\":0.019360760697262794}]"}, {"source": 32, "prod": 0, "target": 2, "value": 0.0031381452778530355, "supply": "[{\"l\":'Labor',\"v\":0.0031381452778530355}]"}, {"source": 32, "prod": 0, "target": 3, "value": 0.010034973035394452, "supply": "[{\"l\":'Labor',\"v\":0.010034973035394452}]"}, {"source": 32, "prod": 0, "target": 4, "value": 0.0078896872804779701, "supply": "[{\"l\":'Labor',\"v\":0.0078896872804779701}]"}, {"source": 32, "prod": 0, "target": 5, "value": 0.0016488559934482048, "supply": "[{\"l\":'Labor',\"v\":0.0016488559934482048}]"}, {"source": 32, "prod": 0, "target": 6, "value": 0.0047692716369630867, "supply": "[{\"l\":'Labor',\"v\":0.0047692716369630867}]"}, {"source": 32, "prod": 0, "target": 7, "value": 0.0025530673446939947, "supply": "[{\"l\":'Labor',\"v\":0.0025530673446939947}]"}, {"source": 32, "prod": 0, "target": 8, "value": 0.0019325301428586488, "supply": "[{\"l\":'Labor',\"v\":0.0019325301428586488}]"}, {"source": 32, "prod": 0, "target": 9, "value": 0.0099640544980418404, "supply": "[{\"l\":'Labor',\"v\":0.0099640544980418404}]"}, {"source": 32, "prod": 0, "target": 10, "value": 0.01170155866318081, "supply": "[{\"l\":'Labor',\"v\":0.01170155866318081}]"}, {"source": 32, "prod": 0, "target": 11, "value": 0.0026239858820466056, "supply": "[{\"l\":'Labor',\"v\":0.0026239858820466056}]"}, {"source": 32, "prod": 0, "target": 12, "value": 0.00023048524639598565, "supply": "[{\"l\":'Labor',\"v\":0.00023048524639598565}]"}, {"source": 32, "prod": 0, "target": 13, "value": 0.0019325301428586488, "supply": "[{\"l\":'Labor',\"v\":0.0019325301428586488}]"}, {"source": 32, "prod": 0, "target": 14, "value": 5.3188903014458225e-05, "supply": "[{\"l\":'Labor',\"v\":5.3188903014458225e-05}]"}, {"source": 32, "prod": 0, "target": 16, "value": 0.00069145573918795694, "supply": "[{\"l\":'Labor',\"v\":0.00069145573918795694}]"}, {"source": 32, "prod": 0, "target": 17, "value": 0.00088648171690763704, "supply": "[{\"l\":'Labor',\"v\":0.00088648171690763704}]"}, {"source": 32, "prod": 0, "target": 18, "value": 0.0051061346893879894, "supply": "[{\"l\":'Labor',\"v\":0.0051061346893879894}]"}, {"source": 32, "prod": 0, "target": 20, "value": 0.0016133967247718994, "supply": "[{\"l\":'Labor',\"v\":0.0016133967247718994}]"}, {"source": 32, "prod": 0, "target": 21, "value": 0.0002127556120578329, "supply": "[{\"l\":'Labor',\"v\":0.0002127556120578329}]"}, {"source": 32, "prod": 0, "target": 22, "value": 0.00014183707470522193, "supply": "[{\"l\":'Labor',\"v\":0.00014183707470522193}]"}, {"source": 32, "prod": 0, "target": 15, "value": 0.13134113117703552, "supply": "[{\"l\":'Labor',\"v\":0.13134113117703552}]"}, {"source": 32, "prod": 0, "target": 19, "value": 0.0012765336723469974, "supply": "[{\"l\":'Labor',\"v\":0.0012765336723469974}]"}, {"source": 32, "prod": 0, "target": 23, "value": 0.029253896657952024, "supply": "[{\"l\":'Labor',\"v\":0.029253896657952024}]"}, {"source": 32, "prod": 0, "target": 24, "value": 0.00010637780602891645, "supply": "[{\"l\":'Labor',\"v\":0.00010637780602891645}]"}, {"source": 32, "prod": 0, "target": 25, "value": 0.004893379077330156, "supply": "[{\"l\":'Labor',\"v\":0.004893379077330156}]"}, {"source": 32, "prod": 0, "target": 26, "value": 0.0012410744036706919, "supply": "[{\"l\":'Labor',\"v\":0.0012410744036706919}]"}, {"source": 32, "prod": 0, "target": 27, "value": 0.010673239871567949, "supply": "[{\"l\":'Labor',\"v\":0.010673239871567949}]"}]}