{"nodes": [{"layer": 5, "name": "Fruits, Roots & Vegetables", "fill": "#98df8a"}, {"layer": 10, "name": "Feed", "fill": "#dbdb8d"}, {"layer": 5, "name": "Cereals", "fill": "#e7ba52"}, {"layer": 13, "name": "Other Processed", "fill": "#9c9ede"}, {"layer": 16, "name": "Food", "fill": "#b5cf6b"}, {"layer": 13, "name": "Animal Products", "fill": "#17becf"}, {"layer": 5, "name": "Oilcrops", "fill": "#ff9896"}, {"layer": 13, "name": "Sugar", "fill": "#d6616b"}, {"layer": 13, "name": "Aquatic Products", "fill": "#1f77b4"}, {"layer": 13, "name": "Vegetable Oils", "fill": "#f7b6d2"}, {"layer": 10, "name": "Processing", "fill": "#9edae5"}, {"layer": 16, "name": "Biofuels & Other", "fill": "#e7ba52"}, {"name": "Waste", "fill": "#c7c7c7"}, {"layer": 0, "name": "Import", "fill": "#aec7e8"}, {"layer": 16, "name": "Export", "fill": "#aec7e8"}, {"layer": 0, "name": "Stock Draw", "fill": "#c7c7c7"}, {"layer": 0, "name": "Production", "fill": "#b5cf6b"}], "links": [{"source": 0, "prod": 0.0073461687962465489, "target": 1, "value": 7.0, "supply": [{"l": "Sweet potatoes", "v": 1.0}, {"l": "Plantains", "v": 1.0}, {"l": "Roots, Other", "v": 1.0}, {"l": "Yams", "v": 3.0}, {"l": "Cassava", "v": 1.0}]}, {"source": 2, "prod": 0.006980841803410338, "target": 1, "value": 2.0, "supply": [{"l": "Maize", "v": 2.0}]}, {"source": 3, "prod": 0.016547111609701598, "target": 4, "value": 9.0, "supply": [{"l": "Beer", "v": 3.0}, {"l": "Beverages, Alcoholic", "v": 1.0}, {"l": "Butter, Ghee", "v": 1.0}, {"l": "Wine", "v": 4.0}]}, {"source": 5, "prod": 0.033190057493743028, "target": 4, "value": 27.0, "supply": [{"l": "Pigmeat", "v": 1.0}, {"l": "Milk - Excluding Butter", "v": 19.0}, {"l": "Meat, Other", "v": 2.0}, {"l": "Bovine Meat", "v": 3.0}, {"l": "Poultry Meat", "v": 2.0}]}, {"source": 2, "prod": 0.057918038259969863, "target": 4, "value": 17.0, "supply": [{"l": "Rice", "v": 5.0}, {"l": "Wheat", "v": 12.0}]}, {"source": 6, "prod": 0.0064301490481197317, "target": 4, "value": 5.0, "supply": [{"l": "Coconuts - Incl Copra", "v": 5.0}]}, {"source": 0, "prod": 0.020380984575639468, "target": 4, "value": 27.0, "supply": [{"l": "Roots, Other", "v": 1.0}, {"l": "Potatoes", "v": 3.0}, {"l": "Fruits, Other", "v": 3.0}, {"l": "Yams", "v": 5.0}, {"l": "Apples", "v": 1.0}, {"l": "Coffee", "v": 1.0}, {"l": "Bananas", "v": 3.0}, {"l": "Vegetables, Other", "v": 5.0}, {"l": "Sweet potatoes", "v": 2.0}, {"l": "Plantains", "v": 2.0}, {"l": "Cassava", "v": 1.0}]}, {"source": 7, "prod": 0.009988274490705884, "target": 4, "value": 4.0, "supply": [{"l": "Sugar", "v": 4.0}]}, {"source": 8, "prod": 0.0034909131342887455, "target": 4, "value": 4.0, "supply": [{"l": "Crustaceans", "v": 1.0}, {"l": "Fish, Seafood", "v": 2.0}, {"l": "Marine Fish, Other", "v": 1.0}]}, {"source": 9, "prod": 0.010270961504593785, "target": 4, "value": 1.0, "supply": [{"l": "Olive Oil", "v": 1.0}]}, {"source": 2, "prod": 0.003052355189814266, "target": 10, "value": 1.0, "supply": [{"l": "Barley", "v": 1.0}]}, {"source": 6, "prod": 0.0051441192384957856, "target": 10, "value": 4.0, "supply": [{"l": "Coconuts - Incl Copra", "v": 4.0}]}, {"source": 3, "prod": 0.0013062060275721931, "target": 11, "value": 2.0, "supply": [{"l": "Beer", "v": 1.0}, {"l": "Wine", "v": 1.0}]}, {"source": 5, "prod": 0.0032767694114010358, "target": 11, "value": 2.0, "supply": [{"l": "Milk - Excluding Butter", "v": 1.0}, {"l": "Bovine Meat", "v": 1.0}]}, {"source": 2, "prod": 0.010362665576068266, "target": 11, "value": 3.0, "supply": [{"l": "Wheat", "v": 2.0}, {"l": "Rice", "v": 1.0}]}, {"source": 6, "prod": 0.0038580894288718385, "target": 11, "value": 3.0, "supply": [{"l": "Coconuts - Incl Copra", "v": 3.0}]}, {"source": 7, "prod": 0.002497068622676471, "target": 11, "value": 1.0, "supply": [{"l": "Sugar", "v": 1.0}]}, {"source": 0, "prod": 0.0032979246336523678, "target": 12, "value": 3.0, "supply": [{"l": "Sweet potatoes", "v": 1.0}, {"l": "Yams", "v": 2.0}]}, {"source": 13, "prod": 0.041495955873468431, "target": 10, "value": 16.0, "supply": [{"l": "Olive Oil", "v": 1.0}, {"l": "Sugar", "v": 5.0}, {"l": "Beer", "v": 2.0}, {"l": "Beverages, Alcoholic", "v": 1.0}, {"l": "Butter, Ghee", "v": 1.0}, {"l": "Wine", "v": 5.0}, {"l": "Sweeteners, Other", "v": 1.0}]}, {"source": 13, "prod": 0.077341710148731285, "target": 2, "value": 23.0, "supply": [{"l": "Maize", "v": 1.0}, {"l": "Barley", "v": 1.0}, {"l": "Rice", "v": 6.0}, {"l": "Cereals, Other", "v": 1.0}, {"l": "Wheat", "v": 14.0}]}, {"source": 13, "prod": 0.0045023216498256656, "target": 0, "value": 9.0, "supply": [{"l": "Potatoes", "v": 2.0}, {"l": "Fruits, Other", "v": 2.0}, {"l": "Vegetables, Other", "v": 4.0}, {"l": "Apples", "v": 1.0}]}, {"source": 13, "prod": 0.027542676444723271, "target": 1, "value": 28.0, "supply": [{"l": "Milk - Excluding Butter", "v": 19.0}, {"l": "Fish, Seafood", "v": 2.0}, {"l": "Meat, Other", "v": 2.0}, {"l": "Crustaceans", "v": 1.0}, {"l": "Poultry Meat", "v": 2.0}, {"l": "Marine Fish, Other", "v": 1.0}, {"l": "Bovine Meat", "v": 1.0}]}, {"source": 6, "prod": 0.0051441192384957856, "target": 14, "value": 4.0, "supply": [{"l": "Coconuts - Incl Copra", "v": 4.0}]}, {"source": 15, "prod": 0.002497068622676471, "target": 10, "value": 1.0, "supply": [{"l": "Sugar", "v": 1.0}]}, {"source": 15, "prod": 0.0012860298096239464, "target": 6, "value": 1.0, "supply": [{"l": "Coconuts - Incl Copra", "v": 1.0}]}, {"source": 15, "prod": 0.0042579551964397342, "target": 2, "value": 1.0, "supply": [{"l": "Rice", "v": 1.0}]}, {"source": 16, "prod": 0.003490420901705169, "target": 2, "value": 1.0, "supply": [{"l": "Maize", "v": 1.0}]}, {"source": 16, "prod": 0.019290447144359193, "target": 6, "value": 15.0, "supply": [{"l": "Coconuts - Incl Copra", "v": 15.0}]}, {"source": 16, "prod": 0.028934687622054655, "target": 0, "value": 31.0, "supply": [{"l": "Coffee", "v": 1.0}, {"l": "Vegetables, Other", "v": 1.0}, {"l": "Bananas", "v": 4.0}, {"l": "Plantains", "v": 4.0}, {"l": "Roots, Other", "v": 2.0}, {"l": "Fruits, Other", "v": 1.0}, {"l": "Yams", "v": 11.0}, {"l": "Sweet potatoes", "v": 3.0}, {"l": "Potatoes", "v": 2.0}, {"l": "Cassava", "v": 2.0}]}, {"source": 1, "prod": 0.0034909131342887455, "target": 8, "value": 4.0, "supply": [{"l": "Crustaceans", "v": 1.0}, {"l": "Marine Fish, Other", "v": 1.0}, {"l": "Fish, Seafood", "v": 2.0}]}, {"source": 1, "prod": 0.036466826905144065, "target": 5, "value": 29.0, "supply": [{"l": "Milk - Excluding Butter", "v": 20.0}, {"l": "Bovine Meat", "v": 4.0}, {"l": "Pigmeat", "v": 1.0}, {"l": "Meat, Other", "v": 2.0}, {"l": "Poultry Meat", "v": 2.0}]}, {"source": 10, "prod": 0.01785331763727379, "target": 3, "value": 11.0, "supply": [{"l": "Beer", "v": 4.0}, {"l": "Beverages, Alcoholic", "v": 1.0}, {"l": "Butter, Ghee", "v": 1.0}, {"l": "Wine", "v": 5.0}]}, {"source": 10, "prod": 0.010270961504593785, "target": 9, "value": 1.0, "supply": [{"l": "Olive Oil", "v": 1.0}]}, {"source": 10, "prod": 0.012485343113382355, "target": 7, "value": 5.0, "supply": [{"l": "Sugar", "v": 5.0}]}]}