{"nodes": [{"layer": 5, "name": "Starchy Roots"}, {"layer": 10, "name": "Feed", "fill": "#dbdb8d"}, {"layer": 5, "name": "Cereals - Excluding Beer"}, {"layer": 5, "name": "Fruits - Excluding Wine"}, {"layer": 13, "name": "Milk - Excluding Butter"}, {"layer": 16, "name": "Food", "fill": "#b5cf6b"}, {"layer": 13, "name": "Meat"}, {"layer": 5, "name": "Vegetables"}, {"layer": 13, "name": "Fish, Seafood"}, {"layer": 13, "name": "Sugar & Sweeteners"}, {"layer": 13, "name": "Alcoholic Beverages"}, {"layer": 13, "name": "Vegetable Oils", "fill": "#f7b6d2"}, {"layer": 5, "name": "Oilcrops", "fill": "#ff9896"}, {"layer": 10, "name": "Processing", "fill": "#9edae5"}, {"layer": 16, "name": "Biofuels & Other", "fill": "#e7ba52"}, {"name": "Waste", "fill": "#c7c7c7"}, {"layer": 2, "name": "Import", "fill": "#aec7e8"}, {"layer": 5, "name": "Stimulants"}, {"layer": 16, "name": "Export", "fill": "#aec7e8"}, {"layer": 2, "name": "Electricity", "fill": "#bcbd22"}, {"layer": 0, "name": "Fossil Fuels", "fill": "#c49c94"}, {"layer": 0, "name": "Renewables & Nuclear", "fill": "#2ca02c"}, {"layer": 2, "name": "Fertilizers", "fill": "#c5b0d5"}, {"layer": 0, "name": "Labor", "fill": "#7f7f7f"}], "links": [{"source": 0, "prod": 6.0, "target": 1, "value": 0.0064765931253870489, "supply": [{"l": "Sweet potatoes", "v": 0.0011511113241225788}, {"l": "Roots, Other", "v": 0.00091619064573021593}, {"l": "Yams", "v": 0.0032413074449275177}, {"l": "Cassava", "v": 0.0011679837106067363}]}, {"source": 2, "prod": 1.0, "target": 1, "value": 0.0035532641665512025, "supply": [{"l": "Maize", "v": 0.0035532641665512025}]}, {"source": 3, "prod": 1.0, "target": 1, "value": 0.00089269857789097957, "supply": [{"l": "Plantains", "v": 0.00089269857789097957}]}, {"source": 4, "prod": 11.0, "target": 5, "value": 0.0083503798602881252, "supply": [{"l": "Milk - Excluding Butter", "v": 0.0083503798602881252}]}, {"source": 6, "prod": 4.0, "target": 5, "value": 0.011661458613961107, "supply": [{"l": "Pigmeat", "v": 0.004191282270467089}, {"l": "Meat, Other", "v": 0.0023949318242877295}, {"l": "Bovine Meat", "v": 0.0050752445192062887}]}, {"source": 7, "prod": 4.0, "target": 5, "value": 0.0011473017996081081, "supply": [{"l": "Vegetables, Other", "v": 0.0011473017996081081}]}, {"source": 0, "prod": 13.0, "target": 5, "value": 0.013513821964547368, "supply": [{"l": "Roots, Other", "v": 0.0018323812914604319}, {"l": "Potatoes", "v": 0.0016410715287491122}, {"l": "Yams", "v": 0.0054021790748791957}, {"l": "Sweet potatoes", "v": 0.0023022226482451577}, {"l": "Cassava", "v": 0.0023359674212134725}]}, {"source": 8, "prod": 2.0, "target": 5, "value": 0.0012864786289348534, "supply": [{"l": "Fish, Seafood", "v": 0.00051081113318651456}, {"l": "Marine Fish, Other", "v": 0.00077566749574833882}]}, {"source": 9, "prod": 2.0, "target": 5, "value": 0.0086098777695702081, "supply": [{"l": "Sugar", "v": 0.0086098777695702081}]}, {"source": 10, "prod": 7.0, "target": 5, "value": 0.0043820138718857968, "supply": [{"l": "Beer", "v": 0.0020056686686262541}, {"l": "Wine", "v": 0.0023763452032595422}]}, {"source": 3, "prod": 9.0, "target": 5, "value": 0.0055319219849604504, "supply": [{"l": "Fruits, Other", "v": 0.0022669339606382431}, {"l": "Bananas", "v": 0.0014795908685402489}, {"l": "Plantains", "v": 0.0017853971557819591}]}, {"source": 11, "prod": 1.0, "target": 5, "value": 0.01030089050065456, "supply": [{"l": "Groundnut Oil", "v": 0.01030089050065456}]}, {"source": 2, "prod": 9.0, "target": 5, "value": 0.029860576703825081, "supply": [{"l": "Rice", "v": 0.0085149856560187368}, {"l": "Wheat", "v": 0.021345591047806346}]}, {"source": 12, "prod": 4.0, "target": 5, "value": 0.0051678463669304342, "supply": [{"l": "Coconuts - Incl Copra", "v": 0.0051678463669304342}]}, {"source": 12, "prod": 6.0, "target": 13, "value": 0.0077517695503956522, "supply": [{"l": "Coconuts - Incl Copra", "v": 0.0077517695503956522}]}, {"source": 2, "prod": 2.0, "target": 14, "value": 0.0060987402993732407, "supply": [{"l": "Wheat", "v": 0.0060987402993732407}]}, {"source": 6, "prod": 1.0, "target": 14, "value": 0.0025376222596031443, "supply": [{"l": "Bovine Meat", "v": 0.0025376222596031443}]}, {"source": 12, "prod": 6.0, "target": 14, "value": 0.0077517695503956522, "supply": [{"l": "Coconuts - Incl Copra", "v": 0.0077517695503956522}]}, {"source": 9, "prod": 1.0, "target": 14, "value": 0.004304938884785104, "supply": [{"l": "Sugar", "v": 0.004304938884785104}]}, {"source": 10, "prod": 2.0, "target": 14, "value": 0.0012935322349097442, "supply": [{"l": "Beer", "v": 0.00050141716715656353}, {"l": "Wine", "v": 0.0007921150677531807}]}, {"source": 0, "prod": 5.0, "target": 15, "value": 0.0053961573104112093, "supply": [{"l": "Roots, Other", "v": 0.00091619064573021593}, {"l": "Sweet potatoes", "v": 0.0011511113241225788}, {"l": "Yams", "v": 0.0021608716299516785}, {"l": "Cassava", "v": 0.0011679837106067363}]}, {"source": 16, "prod": 12.0, "target": 1, "value": 0.010745311684575855, "supply": [{"l": "Milk - Excluding Butter", "v": 0.0083503798602881252}, {"l": "Meat, Other", "v": 0.0023949318242877295}]}, {"source": 16, "prod": 12.0, "target": 2, "value": 0.040216809831207692, "supply": [{"l": "Wheat", "v": 0.02744433134717959}, {"l": "Rice", "v": 0.012772478484028106}]}, {"source": 16, "prod": 13.0, "target": 13, "value": 0.028891253261805409, "supply": [{"l": "Sugar", "v": 0.01291481665435531}, {"l": "Beer", "v": 0.0025070858357828176}, {"l": "Groundnut Oil", "v": 0.01030089050065456}, {"l": "Wine", "v": 0.0031684602710127228}]}, {"source": 16, "prod": 2.0, "target": 7, "value": 0.00057365089980405406, "supply": [{"l": "Vegetables, Other", "v": 0.00057365089980405406}]}, {"source": 16, "prod": 3.0, "target": 3, "value": 0.0013601603763829457, "supply": [{"l": "Fruits, Other", "v": 0.0013601603763829457}]}, {"source": 16, "prod": 2.0, "target": 0, "value": 0.0016410715287491122, "supply": [{"l": "Potatoes", "v": 0.0016410715287491122}]}, {"source": 17, "prod": 1.0, "target": 18, "value": 0.0005284253101929461, "supply": [{"l": "Coffee", "v": 0.0005284253101929461}]}, {"source": 12, "prod": 4.0, "target": 18, "value": 0.0051678463669304342, "supply": [{"l": "Coconuts - Incl Copra", "v": 0.0051678463669304342}]}, {"source": 1, "prod": 11.0, "target": 4, "value": 0.0083503798602881252, "supply": [{"l": "Milk - Excluding Butter", "v": 0.0083503798602881252}]}, {"source": 1, "prod": 5.0, "target": 6, "value": 0.014199080873564252, "supply": [{"l": "Bovine Meat", "v": 0.007612866778809433}, {"l": "Pigmeat", "v": 0.004191282270467089}, {"l": "Meat, Other", "v": 0.0023949318242877295}]}, {"source": 1, "prod": 2.0, "target": 8, "value": 0.0012864786289348534, "supply": [{"l": "Marine Fish, Other", "v": 0.00077566749574833882}, {"l": "Fish, Seafood", "v": 0.00051081113318651456}]}, {"source": 13, "prod": 3.0, "target": 9, "value": 0.012914816654355312, "supply": [{"l": "Sugar", "v": 0.012914816654355312}]}, {"source": 13, "prod": 1.0, "target": 11, "value": 0.01030089050065456, "supply": [{"l": "Groundnut Oil", "v": 0.01030089050065456}]}, {"source": 13, "prod": 9.0, "target": 10, "value": 0.0056755461067955412, "supply": [{"l": "Beer", "v": 0.0025070858357828176}, {"l": "Wine", "v": 0.0031684602710127228}]}, {"source": 19, "prod": 0, "target": 12, "value": 0.0003625326783748128, "supply": "[{\"l\":'Energy for power irrigation',\"v\":0.0003625326783748128}]"}, {"source": 19, "prod": 0, "target": 7, "value": 5.577425821150966e-05, "supply": "[{\"l\":'Energy for power irrigation',\"v\":5.577425821150966e-05}]"}, {"source": 19, "prod": 0, "target": 0, "value": 0.0004090112268844042, "supply": "[{\"l\":'Energy for power irrigation',\"v\":0.0004090112268844042}]"}, {"source": 19, "prod": 0, "target": 2, "value": 0.00012084422612493761, "supply": "[{\"l\":'Energy for power irrigation',\"v\":0.00012084422612493761}]"}, {"source": 19, "prod": 0, "target": 3, "value": 0.00017661848433644727, "supply": "[{\"l\":'Energy for power irrigation',\"v\":0.00017661848433644727}]"}, {"source": 19, "prod": 0, "target": 17, "value": 2.788712910575483e-05, "supply": "[{\"l\":'Energy for power irrigation',\"v\":2.788712910575483e-05}]"}, {"source": 19, "prod": 0, "target": 13, "value": 0.0034681086041144353, "supply": "[{\"l\":'Electricity',\"v\":0.0034681086041144353}]"}, {"source": 20, "prod": 0, "target": 19, "value": 0.0087875009237422357, "supply": [{"l": "Coal", "v": 0.0045297559417396046}, {"l": "Natural gas", "v": 0.0014148300598647607}, {"l": "Oil", "v": 0.0028429149221378715}]}, {"source": 21, "prod": 0, "target": 19, "value": 0.0012267964963137579, "supply": [{"l": "Nuclear", "v": 0.00014006998146570343}, {"l": "Hydroelectric", "v": 0.0010727707323222326}, {"l": "Renewable", "v": 1.3955782525821867e-05}]}, {"source": 20, "prod": 0, "target": 12, "value": 0.042529888452122661, "supply": [{"l": "Gas-Diesel oil", "v": 0.0075134408662258061}, {"l": "Other fossil fuels", "v": 0.035016447585896851}]}, {"source": 20, "prod": 0, "target": 7, "value": 0.0065430597618650237, "supply": [{"l": "Gas-Diesel oil", "v": 0.0011559139794193548}, {"l": "Other fossil fuels", "v": 0.0053871457824456693}]}, {"source": 20, "prod": 0, "target": 0, "value": 0.047982438253676846, "supply": [{"l": "Gas-Diesel oil", "v": 0.0084767025157419362}, {"l": "Other fossil fuels", "v": 0.039505735737934908}]}, {"source": 20, "prod": 0, "target": 2, "value": 0.014176629484040887, "supply": [{"l": "Gas-Diesel oil", "v": 0.0025044802887419356}, {"l": "Other fossil fuels", "v": 0.01167214919529895}]}, {"source": 20, "prod": 0, "target": 3, "value": 0.02071968924590591, "supply": [{"l": "Gas-Diesel oil", "v": 0.00366039426816129}, {"l": "Other fossil fuels", "v": 0.017059294977744621}]}, {"source": 20, "prod": 0, "target": 17, "value": 0.0032715298809325119, "supply": [{"l": "Gas-Diesel oil", "v": 0.00057795698970967741}, {"l": "Other fossil fuels", "v": 0.0026935728912228347}]}, {"source": 22, "prod": 0.018771189277746628, "target": 12, "value": 0.00019617532107480572, "supply": [{"l": "Potash", "v": 3.5648424719806886e-05}, {"l": "Phosphate", "v": 7.4953418753833623e-05}, {"l": "Nitrogen", "v": 0.00051313507481548536}]}, {"source": 22, "prod": 0.0028878752734994816, "target": 7, "value": 3.0180818626893187e-05, "supply": [{"l": "Potash", "v": 3.5648424719806886e-05}, {"l": "Phosphate", "v": 7.4953418753833623e-05}, {"l": "Nitrogen", "v": 0.00051313507481548536}]}, {"source": 22, "prod": 0.021177752005662864, "target": 0, "value": 0.0002213260032638834, "supply": [{"l": "Potash", "v": 3.5648424719806886e-05}, {"l": "Phosphate", "v": 7.4953418753833623e-05}, {"l": "Nitrogen", "v": 0.00051313507481548536}]}, {"source": 22, "prod": 0.0062570630925822103, "target": 2, "value": 6.5391773691601913e-05, "supply": [{"l": "Potash", "v": 3.5648424719806886e-05}, {"l": "Phosphate", "v": 7.4953418753833623e-05}, {"l": "Nitrogen", "v": 0.00051313507481548536}]}, {"source": 22, "prod": 0.009144938366081691, "target": 3, "value": 9.55725923184951e-05, "supply": [{"l": "Potash", "v": 3.5648424719806886e-05}, {"l": "Phosphate", "v": 7.4953418753833623e-05}, {"l": "Nitrogen", "v": 0.00051313507481548536}]}, {"source": 22, "prod": 0.0014439376367497408, "target": 17, "value": 1.5090409313446594e-05, "supply": [{"l": "Potash", "v": 3.5648424719806886e-05}, {"l": "Phosphate", "v": 7.4953418753833623e-05}, {"l": "Nitrogen", "v": 0.00051313507481548536}]}, {"source": 20, "prod": 0, "target": 22, "value": 0.00076856018908792961, "supply": [{"l": "Natural gas (including LNG)", "v": 0.00051428529662564013}, {"l": "Fuel oil", "v": 0.00016356739648283012}, {"l": "Liquefied petroleum gas (LPG)", "v": 4.5353747989729702e-05}, {"l": "Coal", "v": 4.5353747989729702e-05}]}, {"source": 23, "prod": 0, "target": 7, "value": 0.00051511717243128566, "supply": "[{\"l\":'Labor',\"v\":0.00051511717243128566}]"}, {"source": 23, "prod": 0, "target": 0, "value": 0.0037775259311627618, "supply": "[{\"l\":'Labor',\"v\":0.0037775259311627618}]"}, {"source": 23, "prod": 0, "target": 3, "value": 0.0016312043793657379, "supply": "[{\"l\":'Labor',\"v\":0.0016312043793657379}]"}, {"source": 23, "prod": 0, "target": 2, "value": 0.0011160872069344522, "supply": "[{\"l\":'Labor',\"v\":0.0011160872069344522}]"}, {"source": 23, "prod": 0, "target": 17, "value": 0.00025755858621564283, "supply": "[{\"l\":'Labor',\"v\":0.00025755858621564283}]"}, {"source": 23, "prod": 0, "target": 12, "value": 0.0033482616208033566, "supply": "[{\"l\":'Labor',\"v\":0.0033482616208033566}]"}, {"source": 20, "prod": 0, "target": 16, "value": 0.14413465941104722, "supply": "[{\"l\":'Fossil Fuels',\"v\":0.14413465941104722}]"}, {"source": 21, "prod": 0, "target": 16, "value": 0.0085356482753521368, "supply": "[{\"l\":'Renewables & Nuclear',\"v\":0.0042292356671423939},{\"l\":'Biomass & Waste',\"v\":0.004306412608209742}]"}]}