{"nodes": [{"layer": 5, "name": "Maize"}, {"layer": 10, "name": "Feed", "fill": "#dbdb8d"}, {"layer": 5, "name": "Cereals, Other"}, {"layer": 5, "name": "Plantains"}, {"layer": 5, "name": "Roots, Other"}, {"layer": 5, "name": "Yams"}, {"layer": 5, "name": "Sweet potatoes"}, {"layer": 5, "name": "Sorghum"}, {"layer": 5, "name": "Cassava"}, {"layer": 5, "name": "Vegetables, Other"}, {"layer": 16, "name": "Food", "fill": "#b5cf6b"}, {"layer": 5, "name": "Fruits, Other"}, {"layer": 13, "name": "Sugar", "fill": "#d6616b"}, {"layer": 13, "name": "Beer"}, {"layer": 13, "name": "Beverages, Alcoholic"}, {"layer": 5, "name": "Rice"}, {"layer": 13, "name": "Butter, Ghee"}, {"layer": 5, "name": "Coffee"}, {"layer": 5, "name": "Wheat"}, {"layer": 5, "name": "Coconuts - Incl Copra"}, {"layer": 13, "name": "Crustaceans"}, {"layer": 13, "name": "Eggs"}, {"layer": 13, "name": "Marine Fish, Other"}, {"layer": 13, "name": "Olive Oil"}, {"layer": 13, "name": "Pigmeat"}, {"layer": 5, "name": "Potatoes"}, {"layer": 13, "name": "Milk - Excluding Butter"}, {"layer": 5, "name": "Apples"}, {"layer": 13, "name": "Fish, Seafood"}, {"layer": 13, "name": "Meat, Other"}, {"layer": 13, "name": "Wine"}, {"layer": 13, "name": "Sweeteners, Other"}, {"layer": 5, "name": "Bananas"}, {"layer": 13, "name": "Bovine Meat"}, {"layer": 13, "name": "Poultry Meat"}, {"layer": 5, "name": "Oranges, Mandarines"}, {"layer": 5, "name": "Barley"}, {"layer": 10, "name": "Processing", "fill": "#9edae5"}, {"layer": 16, "name": "Biofuels & Other", "fill": "#e7ba52"}, {"name": "Waste", "fill": "#c7c7c7"}, {"layer": 2, "name": "Import", "fill": "#aec7e8"}, {"layer": 16, "name": "Export", "fill": "#aec7e8"}, {"layer": 0, "name": "Stock Draw", "fill": "#c7c7c7"}, {"name": "Crop Residue", "fill": "#bd9e39"}, {"layer": 2, "name": "Electricity", "fill": "#bcbd22"}, {"layer": 0, "name": "Fossil Fuels", "fill": "#c49c94"}, {"layer": 0, "name": "Renewables & Nuclear", "fill": "#2ca02c"}, {"layer": 2, "name": "Fertilizers", "fill": "#c5b0d5"}, {"layer": 0, "name": "Labor", "fill": "#7f7f7f"}], "links": [{"source": 0, "prod": 3.0, "target": 1, "value": 0.010493681179935601, "supply": [{"l": "Maize", "v": 0.010493681179935601}]}, {"source": 2, "prod": 1.0, "target": 1, "value": 0.002539753556397436, "supply": [{"l": "Cereals, Other", "v": 0.002539753556397436}]}, {"source": 3, "prod": 1.0, "target": 1, "value": 0.00088914172979802516, "supply": [{"l": "Plantains", "v": 0.00088914172979802516}]}, {"source": 4, "prod": 1.0, "target": 1, "value": 0.00089816610815645888, "supply": [{"l": "Roots, Other", "v": 0.00089816610815645888}]}, {"source": 5, "prod": 3.0, "target": 1, "value": 0.0032291727355055477, "supply": [{"l": "Yams", "v": 0.0032291727355055477}]}, {"source": 6, "prod": 1.0, "target": 1, "value": 0.0011320044422800002, "supply": [{"l": "Sweet potatoes", "v": 0.0011320044422800002}]}, {"source": 7, "prod": 1.0, "target": 1, "value": 0.0030632574885767535, "supply": [{"l": "Sorghum", "v": 0.0030632574885767535}]}, {"source": 8, "prod": 1.0, "target": 1, "value": 0.0011779128401526147, "supply": [{"l": "Cassava", "v": 0.0011779128401526147}]}, {"source": 9, "prod": 5.0, "target": 10, "value": 0.0016558995045890224, "supply": [{"l": "Vegetables, Other", "v": 0.0016558995045890224}]}, {"source": 3, "prod": 2.0, "target": 10, "value": 0.0017782834595960503, "supply": [{"l": "Plantains", "v": 0.0017782834595960503}]}, {"source": 11, "prod": 4.0, "target": 10, "value": 0.0018809088326653934, "supply": [{"l": "Fruits, Other", "v": 0.0018809088326653934}]}, {"source": 5, "prod": 5.0, "target": 10, "value": 0.0053819545591759117, "supply": [{"l": "Yams", "v": 0.0053819545591759117}]}, {"source": 12, "prod": 4.0, "target": 10, "value": 0.011320044422799999, "supply": [{"l": "Sugar", "v": 0.011320044422799999}]}, {"source": 13, "prod": 4.0, "target": 10, "value": 0.0020148946383624598, "supply": [{"l": "Beer", "v": 0.0020148946383624598}]}, {"source": 14, "prod": 1.0, "target": 10, "value": 0.0034155306448103444, "supply": [{"l": "Beverages, Alcoholic", "v": 0.0034155306448103444}]}, {"source": 15, "prod": 5.0, "target": 10, "value": 0.021314425194763981, "supply": [{"l": "Rice", "v": 0.021314425194763981}]}, {"source": 16, "prod": 1.0, "target": 10, "value": 0.0083428073058208086, "supply": [{"l": "Butter, Ghee", "v": 0.0083428073058208086}]}, {"source": 17, "prod": 1.0, "target": 10, "value": 0.000591227946873259, "supply": [{"l": "Coffee", "v": 0.000591227946873259}]}, {"source": 18, "prod": 12.0, "target": 10, "value": 0.036759089862921035, "supply": [{"l": "Wheat", "v": 0.036759089862921035}]}, {"source": 19, "prod": 5.0, "target": 10, "value": 0.006467154118845045, "supply": [{"l": "Coconuts - Incl Copra", "v": 0.006467154118845045}]}, {"source": 20, "prod": 1.0, "target": 10, "value": 0.0005615101400198413, "supply": [{"l": "Crustaceans", "v": 0.0005615101400198413}]}, {"source": 21, "prod": 1.0, "target": 10, "value": 0.0016595744138364198, "supply": [{"l": "Eggs", "v": 0.0016595744138364198}]}, {"source": 4, "prod": 1.0, "target": 10, "value": 0.00089816610815645888, "supply": [{"l": "Roots, Other", "v": 0.00089816610815645888}]}, {"source": 22, "prod": 2.0, "target": 10, "value": 0.0021154568065863788, "supply": [{"l": "Marine Fish, Other", "v": 0.0021154568065863788}]}, {"source": 23, "prod": 1.0, "target": 10, "value": 0.010292386758718994, "supply": [{"l": "Olive Oil", "v": 0.010292386758718994}]}, {"source": 24, "prod": 1.0, "target": 10, "value": 0.0041130874388144419, "supply": [{"l": "Pigmeat", "v": 0.0041130874388144419}]}, {"source": 25, "prod": 3.0, "target": 10, "value": 0.0024958138143233669, "supply": [{"l": "Potatoes", "v": 0.0024958138143233669}]}, {"source": 26, "prod": 18.0, "target": 10, "value": 0.012896503903162715, "supply": [{"l": "Milk - Excluding Butter", "v": 0.012896503903162715}]}, {"source": 27, "prod": 1.0, "target": 10, "value": 0.00054892456791594821, "supply": [{"l": "Apples", "v": 0.00054892456791594821}]}, {"source": 28, "prod": 3.0, "target": 10, "value": 0.0021987720443259451, "supply": [{"l": "Fish, Seafood", "v": 0.0021987720443259451}]}, {"source": 29, "prod": 2.0, "target": 10, "value": 0.0047921839279334456, "supply": [{"l": "Meat, Other", "v": 0.0047921839279334456}]}, {"source": 30, "prod": 4.0, "target": 10, "value": 0.0032690243057326919, "supply": [{"l": "Wine", "v": 0.0032690243057326919}]}, {"source": 31, "prod": 1.0, "target": 10, "value": 0.0018106706126516589, "supply": [{"l": "Sweeteners, Other", "v": 0.0018106706126516589}]}, {"source": 32, "prod": 3.0, "target": 10, "value": 0.0021999126637399233, "supply": [{"l": "Bananas", "v": 0.0021999126637399233}]}, {"source": 33, "prod": 3.0, "target": 10, "value": 0.007637010506176223, "supply": [{"l": "Bovine Meat", "v": 0.007637010506176223}]}, {"source": 34, "prod": 3.0, "target": 10, "value": 0.0042473763120566979, "supply": [{"l": "Poultry Meat", "v": 0.0042473763120566979}]}, {"source": 6, "prod": 2.0, "target": 10, "value": 0.0022640088845600004, "supply": [{"l": "Sweet potatoes", "v": 0.0022640088845600004}]}, {"source": 35, "prod": 1.0, "target": 10, "value": 0.00039396906343851506, "supply": [{"l": "Oranges, Mandarines", "v": 0.00039396906343851506}]}, {"source": 8, "prod": 1.0, "target": 10, "value": 0.0011779128401526147, "supply": [{"l": "Cassava", "v": 0.0011779128401526147}]}, {"source": 36, "prod": 1.0, "target": 37, "value": 0.0030632574885767535, "supply": [{"l": "Barley", "v": 0.0030632574885767535}]}, {"source": 19, "prod": 4.0, "target": 37, "value": 0.0051737232950760355, "supply": [{"l": "Coconuts - Incl Copra", "v": 0.0051737232950760355}]}, {"source": 18, "prod": 3.0, "target": 38, "value": 0.0091897724657302587, "supply": [{"l": "Wheat", "v": 0.0091897724657302587}]}, {"source": 19, "prod": 3.0, "target": 38, "value": 0.0038802924713070273, "supply": [{"l": "Coconuts - Incl Copra", "v": 0.0038802924713070273}]}, {"source": 33, "prod": 1.0, "target": 38, "value": 0.0025456701687254081, "supply": [{"l": "Bovine Meat", "v": 0.0025456701687254081}]}, {"source": 12, "prod": 1.0, "target": 38, "value": 0.0028300111056999999, "supply": [{"l": "Sugar", "v": 0.0028300111056999999}]}, {"source": 26, "prod": 1.0, "target": 38, "value": 0.00071647243906459534, "supply": [{"l": "Milk - Excluding Butter", "v": 0.00071647243906459534}]}, {"source": 13, "prod": 1.0, "target": 38, "value": 0.00050372365959061496, "supply": [{"l": "Beer", "v": 0.00050372365959061496}]}, {"source": 15, "prod": 1.0, "target": 38, "value": 0.0042628850389527968, "supply": [{"l": "Rice", "v": 0.0042628850389527968}]}, {"source": 30, "prod": 1.0, "target": 38, "value": 0.00081725607643317298, "supply": [{"l": "Wine", "v": 0.00081725607643317298}]}, {"source": 8, "prod": 1.0, "target": 39, "value": 0.0011779128401526147, "supply": [{"l": "Cassava", "v": 0.0011779128401526147}]}, {"source": 4, "prod": 1.0, "target": 39, "value": 0.00089816610815645888, "supply": [{"l": "Roots, Other", "v": 0.00089816610815645888}]}, {"source": 5, "prod": 2.0, "target": 39, "value": 0.0021527818236703649, "supply": [{"l": "Yams", "v": 0.0021527818236703649}]}, {"source": 6, "prod": 1.0, "target": 39, "value": 0.0011320044422800002, "supply": [{"l": "Sweet potatoes", "v": 0.0011320044422800002}]}, {"source": 40, "prod": 2.0, "target": 25, "value": 0.0016638758762155782, "supply": [{"l": "Potatoes", "v": 0.0016638758762155782}]}, {"source": 40, "prod": 1.0, "target": 2, "value": 0.002539753556397436, "supply": [{"l": "Cereals, Other", "v": 0.002539753556397436}]}, {"source": 40, "prod": 6.0, "target": 15, "value": 0.025577310233716778, "supply": [{"l": "Rice", "v": 0.025577310233716778}]}, {"source": 40, "prod": 15.0, "target": 18, "value": 0.045948862328651308, "supply": [{"l": "Wheat", "v": 0.045948862328651308}]}, {"source": 40, "prod": 27.0, "target": 1, "value": 0.026151028780723028, "supply": [{"l": "Milk - Excluding Butter", "v": 0.012896503903162715}, {"l": "Fish, Seafood", "v": 0.0014658480295506298}, {"l": "Meat, Other", "v": 0.0047921839279334456}, {"l": "Bovine Meat", "v": 0.0025456701687254081}, {"l": "Poultry Meat", "v": 0.0028315842080377991}, {"l": "Marine Fish, Other", "v": 0.0010577284032931894}, {"l": "Crustaceans", "v": 0.0005615101400198413}]}, {"source": 40, "prod": 1.0, "target": 36, "value": 0.0030632574885767535, "supply": [{"l": "Barley", "v": 0.0030632574885767535}]}, {"source": 40, "prod": 17.0, "target": 37, "value": 0.043608902211439517, "supply": [{"l": "Olive Oil", "v": 0.010292386758718994}, {"l": "Sugar", "v": 0.014150055528500001}, {"l": "Beer", "v": 0.0015111709787718449}, {"l": "Beverages, Alcoholic", "v": 0.0034155306448103444}, {"l": "Butter, Ghee", "v": 0.0083428073058208086}, {"l": "Wine", "v": 0.0040862803821658652}, {"l": "Sweeteners, Other", "v": 0.0018106706126516589}]}, {"source": 40, "prod": 1.0, "target": 27, "value": 0.00054892456791594821, "supply": [{"l": "Apples", "v": 0.00054892456791594821}]}, {"source": 40, "prod": 1.0, "target": 35, "value": 0.00039396906343851506, "supply": [{"l": "Oranges, Mandarines", "v": 0.00039396906343851506}]}, {"source": 40, "prod": 2.0, "target": 0, "value": 0.0069957874532904007, "supply": [{"l": "Maize", "v": 0.0069957874532904007}]}, {"source": 40, "prod": 3.0, "target": 11, "value": 0.0014106816244990449, "supply": [{"l": "Fruits, Other", "v": 0.0014106816244990449}]}, {"source": 40, "prod": 4.0, "target": 9, "value": 0.0013247196036712179, "supply": [{"l": "Vegetables, Other", "v": 0.0013247196036712179}]}, {"source": 19, "prod": 1.0, "target": 41, "value": 0.0012934308237690089, "supply": [{"l": "Coconuts - Incl Copra", "v": 0.0012934308237690089}]}, {"source": 42, "prod": 1.0, "target": 19, "value": 0.0012934308237690089, "supply": [{"l": "Coconuts - Incl Copra", "v": 0.0012934308237690089}]}, {"source": 1, "prod": 3.0, "target": 34, "value": 0.0042473763120566979, "supply": [{"l": "Poultry Meat", "v": 0.0042473763120566979}]}, {"source": 1, "prod": 1.0, "target": 24, "value": 0.0041130874388144419, "supply": [{"l": "Pigmeat", "v": 0.0041130874388144419}]}, {"source": 1, "prod": 1.0, "target": 20, "value": 0.0005615101400198413, "supply": [{"l": "Crustaceans", "v": 0.0005615101400198413}]}, {"source": 1, "prod": 1.0, "target": 21, "value": 0.0016595744138364198, "supply": [{"l": "Eggs", "v": 0.0016595744138364198}]}, {"source": 1, "prod": 19.0, "target": 26, "value": 0.01361297634222731, "supply": [{"l": "Milk - Excluding Butter", "v": 0.01361297634222731}]}, {"source": 1, "prod": 2.0, "target": 22, "value": 0.0021154568065863788, "supply": [{"l": "Marine Fish, Other", "v": 0.0021154568065863788}]}, {"source": 1, "prod": 3.0, "target": 28, "value": 0.0021987720443259451, "supply": [{"l": "Fish, Seafood", "v": 0.0021987720443259451}]}, {"source": 1, "prod": 4.0, "target": 33, "value": 0.010182680674901631, "supply": [{"l": "Bovine Meat", "v": 0.010182680674901631}]}, {"source": 1, "prod": 2.0, "target": 29, "value": 0.0047921839279334456, "supply": [{"l": "Meat, Other", "v": 0.0047921839279334456}]}, {"source": 37, "prod": 1.0, "target": 23, "value": 0.010292386758718994, "supply": [{"l": "Olive Oil", "v": 0.010292386758718994}]}, {"source": 37, "prod": 1.0, "target": 31, "value": 0.0018106706126516589, "supply": [{"l": "Sweeteners, Other", "v": 0.0018106706126516589}]}, {"source": 37, "prod": 5.0, "target": 12, "value": 0.014150055528499999, "supply": [{"l": "Sugar", "v": 0.014150055528499999}]}, {"source": 37, "prod": 5.0, "target": 13, "value": 0.0025186182979530748, "supply": [{"l": "Beer", "v": 0.0025186182979530748}]}, {"source": 37, "prod": 1.0, "target": 14, "value": 0.0034155306448103444, "supply": [{"l": "Beverages, Alcoholic", "v": 0.0034155306448103444}]}, {"source": 37, "prod": 1.0, "target": 16, "value": 0.0083428073058208086, "supply": [{"l": "Butter, Ghee", "v": 0.0083428073058208086}]}, {"source": 37, "prod": 5.0, "target": 30, "value": 0.0040862803821658652, "supply": [{"l": "Wine", "v": 0.0040862803821658652}]}, {"source": 0, "prod": 4.0, "target": 43, "value": 0.015925516522717727, "supply": [{"l": "Maize", "v": 0.015925516522717727}]}, {"source": 9, "prod": 3.0, "target": 43, "value": 0.010459999980000002, "supply": [{"l": "Vegetables, Other", "v": 0.010459999980000002}]}, {"source": 18, "prod": 15.0, "target": 43, "value": 0.052299999899999991, "supply": [{"l": "Wheat", "v": 0.052299999899999991}]}, {"source": 2, "prod": 1.0, "target": 43, "value": 0.0034866666600000002, "supply": [{"l": "Cereals, Other", "v": 0.0034866666600000002}]}, {"source": 19, "prod": 13.0, "target": 43, "value": 0.045326666580000001, "supply": [{"l": "Coconuts - Incl Copra", "v": 0.045326666580000001}]}, {"source": 4, "prod": 1.5, "target": 43, "value": 0.0052299999900000012, "supply": [{"l": "Roots, Other", "v": 0.0052299999900000012}]}, {"source": 5, "prod": 5.25, "target": 43, "value": 0.018304999964999999, "supply": [{"l": "Yams", "v": 0.018304999964999999}]}, {"source": 6, "prod": 1.75, "target": 43, "value": 0.0061016666550000008, "supply": [{"l": "Sweet potatoes", "v": 0.0061016666550000008}]}, {"source": 36, "prod": 1.0, "target": 43, "value": 0.0034866666600000002, "supply": [{"l": "Barley", "v": 0.0034866666600000002}]}, {"source": 25, "prod": 1.0, "target": 43, "value": 0.0034866666600000002, "supply": [{"l": "Potatoes", "v": 0.0034866666600000002}]}, {"source": 15, "prod": 6.0, "target": 43, "value": 0.020919999960000001, "supply": [{"l": "Rice", "v": 0.020919999960000001}]}, {"source": 7, "prod": 2.0, "target": 43, "value": 0.0069733333200000004, "supply": [{"l": "Sorghum", "v": 0.0069733333200000004}]}, {"source": 8, "prod": 1.5, "target": 43, "value": 0.0052299999900000003, "supply": [{"l": "Cassava", "v": 0.0052299999900000003}]}, {"source": 44, "prod": 0, "target": 0, "value": 3.6020875094933323e-05, "supply": "[{\"l\":'Energy for power irrigation',\"v\":3.6020875094933323e-05}]"}, {"source": 44, "prod": 0, "target": 17, "value": 1.8010437547466661e-05, "supply": "[{\"l\":'Energy for power irrigation',\"v\":1.8010437547466661e-05}]"}, {"source": 44, "prod": 0, "target": 4, "value": 5.4031312642399984e-05, "supply": "[{\"l\":'Energy for power irrigation',\"v\":5.4031312642399984e-05}]"}, {"source": 44, "prod": 0, "target": 32, "value": 6.3036531416133318e-05, "supply": "[{\"l\":'Energy for power irrigation',\"v\":6.3036531416133318e-05}]"}, {"source": 44, "prod": 0, "target": 19, "value": 0.00023413568811706659, "supply": "[{\"l\":'Energy for power irrigation',\"v\":0.00023413568811706659}]"}, {"source": 44, "prod": 0, "target": 25, "value": 3.6020875094933323e-05, "supply": "[{\"l\":'Energy for power irrigation',\"v\":3.6020875094933323e-05}]"}, {"source": 44, "prod": 0, "target": 9, "value": 5.4031312642399984e-05, "supply": "[{\"l\":'Energy for power irrigation',\"v\":5.4031312642399984e-05}]"}, {"source": 44, "prod": 0, "target": 11, "value": 4.502609386866665e-05, "supply": "[{\"l\":'Energy for power irrigation',\"v\":4.502609386866665e-05}]"}, {"source": 44, "prod": 0, "target": 5, "value": 0.00018910959424839994, "supply": "[{\"l\":'Energy for power irrigation',\"v\":0.00018910959424839994}]"}, {"source": 44, "prod": 0, "target": 6, "value": 6.3036531416133318e-05, "supply": "[{\"l\":'Energy for power irrigation',\"v\":6.3036531416133318e-05}]"}, {"source": 44, "prod": 0, "target": 3, "value": 6.3036531416133318e-05, "supply": "[{\"l\":'Energy for power irrigation',\"v\":6.3036531416133318e-05}]"}, {"source": 44, "prod": 0, "target": 7, "value": 1.8010437547466661e-05, "supply": "[{\"l\":'Energy for power irrigation',\"v\":1.8010437547466661e-05}]"}, {"source": 44, "prod": 0, "target": 8, "value": 5.4031312642399984e-05, "supply": "[{\"l\":'Energy for power irrigation',\"v\":5.4031312642399984e-05}]"}, {"source": 44, "prod": 0, "target": 37, "value": 0.013082258570846841, "supply": "[{\"l\":'Electricity',\"v\":0.013082258570846841}]"}, {"source": 45, "prod": 0, "target": 44, "value": 0.02478990781026897, "supply": [{"l": "Coal", "v": 0.013638690876109734}, {"l": "Natural gas", "v": 0.0033605618359368607}, {"l": "Oil", "v": 0.0077906550982223734}]}, {"source": 46, "prod": 0, "target": 44, "value": 0.0044655391142787359, "supply": [{"l": "Nuclear", "v": 0.0012631835126185279}, {"l": "Hydroelectric", "v": 0.0031511370931789186}, {"l": "Renewable", "v": 5.1218508481289426e-05}]}, {"source": 45, "prod": 0, "target": 0, "value": 0.0054937783132918295, "supply": [{"l": "Gas-Diesel oil", "v": 0.00074652777837499996}, {"l": "Other fossil fuels", "v": 0.0047472505349168293}]}, {"source": 45, "prod": 0, "target": 17, "value": 0.0027468891566459147, "supply": [{"l": "Gas-Diesel oil", "v": 0.00037326388918749998}, {"l": "Other fossil fuels", "v": 0.0023736252674584147}]}, {"source": 45, "prod": 0, "target": 4, "value": 0.0082406674699377451, "supply": [{"l": "Gas-Diesel oil", "v": 0.0011197916675624998}, {"l": "Other fossil fuels", "v": 0.007120875802375244}]}, {"source": 45, "prod": 0, "target": 32, "value": 0.009614112048260702, "supply": [{"l": "Gas-Diesel oil", "v": 0.0013064236121562499}, {"l": "Other fossil fuels", "v": 0.0083076884361044517}]}, {"source": 45, "prod": 0, "target": 19, "value": 0.035709559036396894, "supply": [{"l": "Gas-Diesel oil", "v": 0.0048524305594374994}, {"l": "Other fossil fuels", "v": 0.03085712847695939}]}, {"source": 45, "prod": 0, "target": 25, "value": 0.0054937783132918295, "supply": [{"l": "Gas-Diesel oil", "v": 0.00074652777837499996}, {"l": "Other fossil fuels", "v": 0.0047472505349168293}]}, {"source": 45, "prod": 0, "target": 9, "value": 0.0082406674699377451, "supply": [{"l": "Gas-Diesel oil", "v": 0.0011197916675624998}, {"l": "Other fossil fuels", "v": 0.007120875802375244}]}, {"source": 45, "prod": 0, "target": 11, "value": 0.0068672228916147864, "supply": [{"l": "Gas-Diesel oil", "v": 0.00093315972296875}, {"l": "Other fossil fuels", "v": 0.0059340631686460362}]}, {"source": 45, "prod": 0, "target": 5, "value": 0.028842336144782106, "supply": [{"l": "Gas-Diesel oil", "v": 0.00391927083646875}, {"l": "Other fossil fuels", "v": 0.024923065308313355}]}, {"source": 45, "prod": 0, "target": 6, "value": 0.009614112048260702, "supply": [{"l": "Gas-Diesel oil", "v": 0.0013064236121562499}, {"l": "Other fossil fuels", "v": 0.0083076884361044517}]}, {"source": 45, "prod": 0, "target": 3, "value": 0.009614112048260702, "supply": [{"l": "Gas-Diesel oil", "v": 0.0013064236121562499}, {"l": "Other fossil fuels", "v": 0.0083076884361044517}]}, {"source": 45, "prod": 0, "target": 7, "value": 0.0027468891566459147, "supply": [{"l": "Gas-Diesel oil", "v": 0.00037326388918749998}, {"l": "Other fossil fuels", "v": 0.0023736252674584147}]}, {"source": 45, "prod": 0, "target": 8, "value": 0.0082406674699377451, "supply": [{"l": "Gas-Diesel oil", "v": 0.0011197916675624998}, {"l": "Other fossil fuels", "v": 0.007120875802375244}]}, {"source": 47, "prod": 0.02365625, "target": 0, "value": 0.00030203810788051932, "supply": [{"l": "Potash", "v": 0.00030253888913091997}, {"l": "Phosphate", "v": 0.00070279166722889998}, {"l": "Nitrogen", "v": 0.0086598888958167985}]}, {"source": 47, "prod": 0.011828125, "target": 17, "value": 0.00015101905394025966, "supply": [{"l": "Potash", "v": 0.00030253888913091997}, {"l": "Phosphate", "v": 0.00070279166722889998}, {"l": "Nitrogen", "v": 0.0086598888958167985}]}, {"source": 47, "prod": 0.035484374999999999, "target": 4, "value": 0.00045305716182077898, "supply": [{"l": "Potash", "v": 0.00030253888913091997}, {"l": "Phosphate", "v": 0.00070279166722889998}, {"l": "Nitrogen", "v": 0.0086598888958167985}]}, {"source": 47, "prod": 0.041398437500000003, "target": 32, "value": 0.00052856668879090881, "supply": [{"l": "Potash", "v": 0.00030253888913091997}, {"l": "Phosphate", "v": 0.00070279166722889998}, {"l": "Nitrogen", "v": 0.0086598888958167985}]}, {"source": 47, "prod": 0.15376562499999999, "target": 19, "value": 0.0019632477012233758, "supply": [{"l": "Potash", "v": 0.00030253888913091997}, {"l": "Phosphate", "v": 0.00070279166722889998}, {"l": "Nitrogen", "v": 0.0086598888958167985}]}, {"source": 47, "prod": 0.02365625, "target": 25, "value": 0.00030203810788051932, "supply": [{"l": "Potash", "v": 0.00030253888913091997}, {"l": "Phosphate", "v": 0.00070279166722889998}, {"l": "Nitrogen", "v": 0.0086598888958167985}]}, {"source": 47, "prod": 0.035484374999999999, "target": 9, "value": 0.00045305716182077898, "supply": [{"l": "Potash", "v": 0.00030253888913091997}, {"l": "Phosphate", "v": 0.00070279166722889998}, {"l": "Nitrogen", "v": 0.0086598888958167985}]}, {"source": 47, "prod": 0.029570312500000001, "target": 11, "value": 0.00037754763485064915, "supply": [{"l": "Potash", "v": 0.00030253888913091997}, {"l": "Phosphate", "v": 0.00070279166722889998}, {"l": "Nitrogen", "v": 0.0086598888958167985}]}, {"source": 47, "prod": 0.1241953125, "target": 5, "value": 0.0015857000663727265, "supply": [{"l": "Potash", "v": 0.00030253888913091997}, {"l": "Phosphate", "v": 0.00070279166722889998}, {"l": "Nitrogen", "v": 0.0086598888958167985}]}, {"source": 47, "prod": 0.041398437500000003, "target": 6, "value": 0.00052856668879090881, "supply": [{"l": "Potash", "v": 0.00030253888913091997}, {"l": "Phosphate", "v": 0.00070279166722889998}, {"l": "Nitrogen", "v": 0.0086598888958167985}]}, {"source": 47, "prod": 0.041398437500000003, "target": 3, "value": 0.00052856668879090881, "supply": [{"l": "Potash", "v": 0.00030253888913091997}, {"l": "Phosphate", "v": 0.00070279166722889998}, {"l": "Nitrogen", "v": 0.0086598888958167985}]}, {"source": 47, "prod": 0.011828125, "target": 7, "value": 0.00015101905394025966, "supply": [{"l": "Potash", "v": 0.00030253888913091997}, {"l": "Phosphate", "v": 0.00070279166722889998}, {"l": "Nitrogen", "v": 0.0086598888958167985}]}, {"source": 47, "prod": 0.035484374999999999, "target": 8, "value": 0.00045305716182077898, "supply": [{"l": "Potash", "v": 0.00030253888913091997}, {"l": "Phosphate", "v": 0.00070279166722889998}, {"l": "Nitrogen", "v": 0.0086598888958167985}]}, {"source": 45, "prod": 0, "target": 47, "value": 0.011671242002566782, "supply": [{"l": "Natural gas (including LNG)", "v": 0.0078709722185030702}, {"l": "Fuel oil", "v": 0.0022694509495057242}, {"l": "Liquefied petroleum gas (LPG)", "v": 0.00076540941727899412}, {"l": "Coal", "v": 0.00076540941727899412}]}, {"source": 48, "prod": 0, "target": 0, "value": 0.00057047930770806707, "supply": "[{\"l\":'Labor',\"v\":0.00057047930770806707}]"}, {"source": 48, "prod": 0, "target": 4, "value": 0.00085571896156210066, "supply": "[{\"l\":'Labor',\"v\":0.00085571896156210066}]"}, {"source": 48, "prod": 0, "target": 3, "value": 0.0009983387884891174, "supply": "[{\"l\":'Labor',\"v\":0.0009983387884891174}]"}, {"source": 48, "prod": 0, "target": 11, "value": 0.00071309913463508381, "supply": "[{\"l\":'Labor',\"v\":0.00071309913463508381}]"}, {"source": 48, "prod": 0, "target": 5, "value": 0.0029950163654673522, "supply": "[{\"l\":'Labor',\"v\":0.0029950163654673522}]"}, {"source": 48, "prod": 0, "target": 36, "value": 0.00014261982692701677, "supply": "[{\"l\":'Labor',\"v\":0.00014261982692701677}]"}, {"source": 48, "prod": 0, "target": 15, "value": 0.00085571896156210066, "supply": "[{\"l\":'Labor',\"v\":0.00085571896156210066}]"}, {"source": 48, "prod": 0, "target": 2, "value": 0.00014261982692701677, "supply": "[{\"l\":'Labor',\"v\":0.00014261982692701677}]"}, {"source": 48, "prod": 0, "target": 17, "value": 0.00028523965385403354, "supply": "[{\"l\":'Labor',\"v\":0.00028523965385403354}]"}, {"source": 48, "prod": 0, "target": 18, "value": 0.0021392974039052513, "supply": "[{\"l\":'Labor',\"v\":0.0021392974039052513}]"}, {"source": 48, "prod": 0, "target": 19, "value": 0.0037081155001024361, "supply": "[{\"l\":'Labor',\"v\":0.0037081155001024361}]"}, {"source": 48, "prod": 0, "target": 9, "value": 0.00085571896156210066, "supply": "[{\"l\":'Labor',\"v\":0.00085571896156210066}]"}, {"source": 48, "prod": 0, "target": 25, "value": 0.00057047930770806707, "supply": "[{\"l\":'Labor',\"v\":0.00057047930770806707}]"}, {"source": 48, "prod": 0, "target": 27, "value": 0.00014261982692701677, "supply": "[{\"l\":'Labor',\"v\":0.00014261982692701677}]"}, {"source": 48, "prod": 0, "target": 7, "value": 0.00028523965385403354, "supply": "[{\"l\":'Labor',\"v\":0.00028523965385403354}]"}, {"source": 48, "prod": 0, "target": 32, "value": 0.0009983387884891174, "supply": "[{\"l\":'Labor',\"v\":0.0009983387884891174}]"}, {"source": 48, "prod": 0, "target": 6, "value": 0.0009983387884891174, "supply": "[{\"l\":'Labor',\"v\":0.0009983387884891174}]"}, {"source": 48, "prod": 0, "target": 35, "value": 0.00014261982692701677, "supply": "[{\"l\":'Labor',\"v\":0.00014261982692701677}]"}, {"source": 48, "prod": 0, "target": 8, "value": 0.00085571896156210066, "supply": "[{\"l\":'Labor',\"v\":0.00085571896156210066}]"}, {"source": 45, "prod": 0, "target": 40, "value": 0.52051766198740901, "supply": "[{\"l\":'Fossil Fuels',\"v\":0.52051766198740901}]"}, {"source": 46, "prod": 0, "target": 40, "value": 0.10337423843267886, "supply": "[{\"l\":'Renewables & Nuclear',\"v\":0.030998581289959689},{\"l\":'Biomass & Waste',\"v\":0.072375657142719166}]"}]}