{"nodes": [{"layer": 13, "name": "Aquatic Products", "fill": "#1f77b4"}, {"layer": 10, "name": "Feed", "fill": "#dbdb8d"}, {"layer": 5, "name": "Fruits, Roots & Vegetables", "fill": "#98df8a"}, {"layer": 5, "name": "Cereals", "fill": "#e7ba52"}, {"layer": 13, "name": "Other Processed", "fill": "#9c9ede"}, {"layer": 16, "name": "Food", "fill": "#b5cf6b"}, {"layer": 13, "name": "Animal Products", "fill": "#17becf"}, {"layer": 5, "name": "Oilcrops", "fill": "#ff9896"}, {"layer": 13, "name": "Sugar", "fill": "#d6616b"}, {"layer": 13, "name": "Vegetable Oils", "fill": "#f7b6d2"}, {"layer": 10, "name": "Processing", "fill": "#9edae5"}, {"layer": 5, "name": "Sugar Crops", "fill": "#ffbb78"}, {"layer": 16, "name": "Biofuels & Other", "fill": "#e7ba52"}, {"name": "Waste", "fill": "#c7c7c7"}, {"layer": 2, "name": "Import", "fill": "#aec7e8"}, {"layer": 16, "name": "Export", "fill": "#aec7e8"}, {"layer": 16, "name": "Stock Deposit", "fill": "#c7c7c7"}, {"layer": 0, "name": "Stock Draw", "fill": "#c7c7c7"}, {"layer": 2, "name": "Electricity", "fill": "#bcbd22"}, {"layer": 0, "name": "Fossil Fuels", "fill": "#c49c94"}, {"layer": 0, "name": "Renewables & Nuclear", "fill": "#2ca02c"}, {"layer": 2, "name": "Fertilizers", "fill": "#c5b0d5"}, {"layer": 0, "name": "Labor", "fill": "#7f7f7f"}], "links": [{"source": 0, "prod": 2.0, "target": 1, "value": 0.0018118973542591461, "supply": [{"l": "Pelagic Fish", "v": 0.0010353699167195121}, {"l": "Fish, Seafood", "v": 0.00077652743753963414}]}, {"source": 2, "prod": 67.0, "target": 1, "value": 0.05885507950896423, "supply": [{"l": "Bananas", "v": 0.0079404100385168548}, {"l": "Plantains", "v": 0.0039625047460968028}, {"l": "Potatoes", "v": 0.021786801592228611}, {"l": "Cassava", "v": 0.025165363132121962}]}, {"source": 3, "prod": 131.0, "target": 1, "value": 0.44613409923114633, "supply": [{"l": "Maize", "v": 0.26861522078269173}, {"l": "Barley", "v": 0.17751887844845457}]}, {"source": 4, "prod": 53.0, "target": 5, "value": 0.19726937143987039, "supply": [{"l": "Beer", "v": 0.011021298599944367}, {"l": "Beverages, Alcoholic", "v": 0.024762597174875004}, {"l": "Fats, Animals, Raw", "v": 0.16069258462250577}, {"l": "Wine", "v": 0.00079289104254525854}]}, {"source": 6, "prod": 190.0, "target": 5, "value": 0.28862912668953389, "supply": [{"l": "Meat, Other", "v": 0.0090045807908636366}, {"l": "Eggs", "v": 0.012293260911638008}, {"l": "Mutton & Goat Meat", "v": 0.04334642730035701}, {"l": "Pigmeat", "v": 0.036499208652953273}, {"l": "Milk - Excluding Butter", "v": 0.054489822634199277}, {"l": "Bovine Meat", "v": 0.10330049530608183}, {"l": "Poultry Meat", "v": 0.013109610269051471}, {"l": "Offals, Edible", "v": 0.016585720824389343}]}, {"source": 3, "prod": 329.0, "target": 5, "value": 1.0842667509635753, "supply": [{"l": "Maize", "v": 0.31285772773513504}, {"l": "Barley", "v": 0.007718212106454546}, {"l": "Rice", "v": 0.1251134771760847}, {"l": "Cereals, Other", "v": 0.05515566888139211}, {"l": "Wheat", "v": 0.57517891427120804}, {"l": "Oats", "v": 0.0082427507933009719}]}, {"source": 7, "prod": 4.0, "target": 5, "value": 0.02497068622676471, "supply": [{"l": "Groundnuts", "v": 0.02497068622676471}]}, {"source": 2, "prod": 1020.0, "target": 5, "value": 0.72291133090252613, "supply": [{"l": "Roots, Other", "v": 0.021489735204130923}, {"l": "Plantains", "v": 0.041606299834016432}, {"l": "Nuts", "v": 0.0032653974296538461}, {"l": "Cocoa Beans", "v": 0.001326567705796875}, {"l": "Tomatoes", "v": 0.0093382584606049503}, {"l": "Coffee", "v": 0.0033960133268400002}, {"l": "Treenuts", "v": 0.003144456784111111}, {"l": "Vegetables, Other", "v": 0.058978721476340458}, {"l": "Peas", "v": 0.012046668895885135}, {"l": "Grapes", "v": 0.0065870948149913799}, {"l": "Pulses, Other", "v": 0.015754701000804127}, {"l": "Potatoes", "v": 0.27700362024404945}, {"l": "Beans", "v": 0.007718212106454546}, {"l": "Apples", "v": 0.0096113584721886809}, {"l": "Lemons, Limes", "v": 0.0032299039793315222}, {"l": "Pineapples", "v": 0.0013918087405081967}, {"l": "Bananas", "v": 0.088788221339779372}, {"l": "Fruits, Other", "v": 0.01852370905549091}, {"l": "Sweet potatoes", "v": 0.0094333703523333343}, {"l": "Oranges, Mandarines", "v": 0.017083603625871954}, {"l": "Tea", "v": 0.0010028851855824375}, {"l": "Onions", "v": 0.012577827136444444}, {"l": "Cassava", "v": 0.099612895731316098}]}, {"source": 8, "prod": 75.0, "target": 5, "value": 0.31823931337000649, "supply": [{"l": "Sugar", "v": 0.31413123273270005}, {"l": "Honey", "v": 0.0041080806373064525}]}, {"source": 0, "prod": 12.0, "target": 5, "value": 0.010142712854881159, "supply": [{"l": "Marine Fish, Other", "v": 0.00074473976465789485}, {"l": "Freshwater Fish", "v": 0.001632698714826923}, {"l": "Pelagic Fish", "v": 0.0031061097501585365}, {"l": "Fish, Seafood", "v": 0.0046591646252378046}]}, {"source": 9, "prod": 8.0, "target": 5, "value": 0.081085187160601743, "supply": [{"l": "Groundnut Oil", "v": 0.030788032908164835}, {"l": "Soyabean Oil", "v": 0.020824610023075472}, {"l": "Oilcrops Oil, Other", "v": 0.020376079961040003}, {"l": "Cottonseed Oil", "v": 0.0090964642683214296}]}, {"source": 2, "prod": 1.0, "target": 10, "value": 0.00073189942388793099, "supply": [{"l": "Grapes", "v": 0.00073189942388793099}]}, {"source": 11, "prod": 1085.0, "target": 10, "value": 0.34630399056592109, "supply": [{"l": "Sugar cane", "v": 0.34630399056592109}]}, {"source": 3, "prod": 6.0, "target": 10, "value": 0.023154636319363639, "supply": [{"l": "Barley", "v": 0.023154636319363639}]}, {"source": 7, "prod": 3.0, "target": 10, "value": 0.018728014670073529, "supply": [{"l": "Cottonseed", "v": 0.018728014670073529}]}, {"source": 4, "prod": 9.0, "target": 12, "value": 0.04659759665419827, "supply": [{"l": "Beverages, Alcoholic", "v": 0.02122508329275}, {"l": "Fats, Animals, Raw", "v": 0.025372513361448273}]}, {"source": 9, "prod": 1.0, "target": 12, "value": 0.010188039980520001, "supply": [{"l": "Oilcrops Oil, Other", "v": 0.010188039980520001}]}, {"source": 3, "prod": 1.0, "target": 12, "value": 0.003160179068031667, "supply": [{"l": "Maize", "v": 0.003160179068031667}]}, {"source": 8, "prod": 10.0, "target": 12, "value": 0.0424501665855, "supply": [{"l": "Sugar", "v": 0.0424501665855}]}, {"source": 2, "prod": 148.0, "target": 2, "value": 0.12118847064528485, "supply": [{"l": "Sweet potatoes", "v": 0.0010481522613703706}, {"l": "Roots, Other", "v": 0.0096333295742655877}, {"l": "Potatoes", "v": 0.10270920750622059}, {"l": "Beans", "v": 0.003859106053227273}, {"l": "Pulses, Other", "v": 0.0039386752502010318}]}, {"source": 3, "prod": 27.0, "target": 3, "value": 0.090104093702246951, "supply": [{"l": "Maize", "v": 0.028441611612285006}, {"l": "Wheat", "v": 0.032132900238614981}, {"l": "Barley", "v": 0.023154636319363639}, {"l": "Oats", "v": 0.002060687698325243}, {"l": "Rice", "v": 0.0043142578336580924}]}, {"source": 2, "prod": 148.0, "target": 13, "value": 0.1058447244296743, "supply": [{"l": "Vegetables, Other", "v": 0.0042127658197386036}, {"l": "Bananas", "v": 0.017324530993127685}, {"l": "Potatoes", "v": 0.035014502558938836}, {"l": "Apples", "v": 0.0012014198090235851}, {"l": "Roots, Other", "v": 0.0037051267593329177}, {"l": "Fruits, Other", "v": 0.0021792598888812839}, {"l": "Grapes", "v": 0.00073189942388793099}, {"l": "Sweet potatoes", "v": 0.0010481522613703706}, {"l": "Oranges, Mandarines", "v": 0.0022145412107611793}, {"l": "Plantains", "v": 0.011887514238290408}, {"l": "Onions", "v": 0.0015093392563733335}, {"l": "Lemons, Limes", "v": 0.00046141485419021742}, {"l": "Tomatoes", "v": 0.0023345646151512376}, {"l": "Cassava", "v": 0.022019692740606715}]}, {"source": 6, "prod": 4.0, "target": 13, "value": 0.0037162505193227219, "supply": [{"l": "Milk - Excluding Butter", "v": 0.0021795929053679709}, {"l": "Eggs", "v": 0.0015366576139547511}]}, {"source": 3, "prod": 21.0, "target": 13, "value": 0.069521409136716963, "supply": [{"l": "Maize", "v": 0.034761969748348338}, {"l": "Wheat", "v": 0.019279740143168987}, {"l": "Cereals, Other", "v": 0.0034472293050870069}, {"l": "Barley", "v": 0.007718212106454546}, {"l": "Rice", "v": 0.0043142578336580924}]}, {"source": 14, "prod": 21.0, "target": 10, "value": 0.1903937852457056, "supply": [{"l": "Soyabean Oil", "v": 0.020824610023075472}, {"l": "Fats, Animals, Raw", "v": 0.11840506235342529}, {"l": "Groundnut Oil", "v": 0.030788032908164835}, {"l": "Oilcrops Oil, Other", "v": 0.020376079961040003}]}, {"source": 14, "prod": 145.0, "target": 3, "value": 0.46797650517663603, "supply": [{"l": "Cereals, Other", "v": 0.020683375830522044}, {"l": "Wheat", "v": 0.44343402329288673}, {"l": "Barley", "v": 0.003859106053227273}]}, {"source": 14, "prod": 5.0, "target": 2, "value": 0.0028395921020369624, "supply": [{"l": "Vegetables, Other", "v": 0.00076595742177065524}, {"l": "Roots, Other", "v": 0.0007410253518665837}, {"l": "Grapes", "v": 0.00073189942388793099}, {"l": "Apples", "v": 0.00060070990451179256}]}, {"source": 14, "prod": 34.0, "target": 1, "value": 0.026205599862177881, "supply": [{"l": "Fish, Seafood", "v": 0.0038826371876981708}, {"l": "Pelagic Fish", "v": 0.0041414796668780484}, {"l": "Milk - Excluding Butter", "v": 0.017436743242943767}, {"l": "Marine Fish, Other", "v": 0.00074473976465789485}]}, {"source": 2, "prod": 11.0, "target": 15, "value": 0.027988448372320028, "supply": [{"l": "Treenuts", "v": 0.012577827136444444}, {"l": "Plantains", "v": 0.00099062618652420069}, {"l": "Coffee", "v": 0.001358405330736}, {"l": "Nuts", "v": 0.013061589718615384}]}, {"source": 2, "prod": 1.0, "target": 16, "value": 0.00067920266536800002, "supply": [{"l": "Coffee", "v": 0.00067920266536800002}]}, {"source": 3, "prod": 1.0, "target": 16, "value": 0.0034472293050870069, "supply": [{"l": "Cereals, Other", "v": 0.0034472293050870069}]}, {"source": 8, "prod": 34.0, "target": 16, "value": 0.14433056639070002, "supply": [{"l": "Sugar", "v": 0.14433056639070002}]}, {"source": 17, "prod": 5.0, "target": 3, "value": 0.015800895340158334, "supply": [{"l": "Maize", "v": 0.015800895340158334}]}, {"source": 1, "prod": 14.0, "target": 0, "value": 0.011954610209140305, "supply": [{"l": "Freshwater Fish", "v": 0.001632698714826923}, {"l": "Pelagic Fish", "v": 0.0041414796668780484}, {"l": "Marine Fish, Other", "v": 0.00074473976465789485}, {"l": "Fish, Seafood", "v": 0.0054356920627774384}]}, {"source": 1, "prod": 194.0, "target": 6, "value": 0.29234537720885662, "supply": [{"l": "Poultry Meat", "v": 0.013109610269051471}, {"l": "Pigmeat", "v": 0.036499208652953273}, {"l": "Bovine Meat", "v": 0.10330049530608183}, {"l": "Eggs", "v": 0.01382991852559276}, {"l": "Milk - Excluding Butter", "v": 0.056669415539567246}, {"l": "Offals, Edible", "v": 0.016585720824389343}, {"l": "Meat, Other", "v": 0.0090045807908636366}, {"l": "Mutton & Goat Meat", "v": 0.04334642730035701}]}, {"source": 10, "prod": 62.0, "target": 4, "value": 0.24386696809406866, "supply": [{"l": "Fats, Animals, Raw", "v": 0.18606509798395404}, {"l": "Beer", "v": 0.011021298599944367}, {"l": "Beverages, Alcoholic", "v": 0.045987680467625004}, {"l": "Wine", "v": 0.00079289104254525854}]}, {"source": 10, "prod": 9.0, "target": 9, "value": 0.091273227141121738, "supply": [{"l": "Cottonseed Oil", "v": 0.0090964642683214296}, {"l": "Oilcrops Oil, Other", "v": 0.030564119941560004}, {"l": "Groundnut Oil", "v": 0.030788032908164835}, {"l": "Soyabean Oil", "v": 0.020824610023075472}]}, {"source": 10, "prod": 119.0, "target": 8, "value": 0.50502004634620645, "supply": [{"l": "Honey", "v": 0.0041080806373064525}, {"l": "Sugar", "v": 0.50091196570890006}]}, {"source": 18, "prod": 0, "target": 2, "value": 0.00074657939553985123, "supply": "[{\"l\":'Energy for power irrigation',\"v\":0.00074657939553985123}]"}, {"source": 18, "prod": 0, "target": 11, "value": 0.0005817153638497225, "supply": "[{\"l\":'Energy for power irrigation',\"v\":0.0005817153638497225}]"}, {"source": 18, "prod": 0, "target": 3, "value": 0.00023617107629106247, "supply": "[{\"l\":'Energy for power irrigation',\"v\":0.00023617107629106247}]"}, {"source": 18, "prod": 0, "target": 7, "value": 3.7530023474175644e-06, "supply": "[{\"l\":'Energy for power irrigation',\"v\":3.7530023474175644e-06}]"}, {"source": 18, "prod": 0, "target": 10, "value": 0.0043610339866050913, "supply": "[{\"l\":'Electricity',\"v\":0.0043610339866050913}]"}, {"source": 19, "prod": 0, "target": 18, "value": 0.0022714605782551008, "supply": [{"l": "Coal", "v": 0.0}, {"l": "Natural gas", "v": 0.00053675094753037795}, {"l": "Oil", "v": 0.0017347096307247227}]}, {"source": 20, "prod": 0, "target": 18, "value": 0.0050589411255958011, "supply": [{"l": "Nuclear", "v": 0.0}, {"l": "Hydroelectric", "v": 0.0050025513427800162}, {"l": "Renewable", "v": 5.6389782815785106e-05}]}, {"source": 19, "prod": 0, "target": 2, "value": 0.078626218803008588, "supply": [{"l": "Motor Gasoline", "v": 0.011716571709278287}, {"l": "Gas-Diesel oil", "v": 0.060654637592050135}, {"l": "Liquefied petroleum gas (LPG)", "v": 0.0062550095016801702}]}, {"source": 19, "prod": 0, "target": 11, "value": 0.061263516984749966, "supply": [{"l": "Motor Gasoline", "v": 0.0091292497698864938}, {"l": "Gas-Diesel oil", "v": 0.047260525520556124}, {"l": "Liquefied petroleum gas (LPG)", "v": 0.0048737416943073503}]}, {"source": 19, "prod": 0, "target": 3, "value": 0.02487242325509895, "supply": [{"l": "Motor Gasoline", "v": 0.003706391266023042}, {"l": "Gas-Diesel oil", "v": 0.019187337780465413}, {"l": "Liquefied petroleum gas (LPG)", "v": 0.0019786942086104957}]}, {"source": 19, "prod": 0, "target": 7, "value": 0.00039524849667580623, "supply": [{"l": "Motor Gasoline", "v": 5.8898385612170929e-05}, {"l": "Gas-Diesel oil", "v": 0.00030490661626165241}, {"l": "Liquefied petroleum gas (LPG)", "v": 3.1443494801982905e-05}]}, {"source": 21, "prod": 0.69029914529914527, "target": 2, "value": 0.0059182572459501792, "supply": [{"l": "Potash", "v": 0.001153750000923}, {"l": "Phosphate", "v": 0.0021041666683499997}, {"l": "Nitrogen", "v": 0.009173611118449998}]}, {"source": 21, "prod": 0.53786324786324791, "target": 11, "value": 0.0046113530426254538, "supply": [{"l": "Potash", "v": 0.001153750000923}, {"l": "Phosphate", "v": 0.0021041666683499997}, {"l": "Nitrogen", "v": 0.009173611118449998}]}, {"source": 21, "prod": 0.21836752136752138, "target": 3, "value": 0.0018721668343562327, "supply": [{"l": "Potash", "v": 0.001153750000923}, {"l": "Phosphate", "v": 0.0021041666683499997}, {"l": "Nitrogen", "v": 0.009173611118449998}]}, {"source": 21, "prod": 0.00347008547008547, "target": 7, "value": 2.9750664791131959e-05, "supply": [{"l": "Potash", "v": 0.001153750000923}, {"l": "Phosphate", "v": 0.0021041666683499997}, {"l": "Nitrogen", "v": 0.009173611118449998}]}, {"source": 19, "prod": 0, "target": 21, "value": 0.015750428411543296, "supply": [{"l": "Natural gas (including LNG)", "v": 0.010415088362624031}, {"l": "Fuel oil", "v": 0.0037137099275654636}, {"l": "Liquefied petroleum gas (LPG)", "v": 0.00081081506067690046}, {"l": "Coal", "v": 0.00081081506067690046}]}, {"source": 22, "prod": 0, "target": 3, "value": 0.049021423708681941, "supply": "[{\"l\":'Labor',\"v\":0.049021423708681941}]"}, {"source": 22, "prod": 0, "target": 7, "value": 0.00077900105779971302, "supply": "[{\"l\":'Labor',\"v\":0.00077900105779971302}]"}, {"source": 22, "prod": 0, "target": 2, "value": 0.15496556756944291, "supply": "[{\"l\":'Labor',\"v\":0.15496556756944291}]"}, {"source": 22, "prod": 0, "target": 11, "value": 0.12074516395895553, "supply": "[{\"l\":'Labor',\"v\":0.12074516395895553}]"}, {"source": 19, "prod": 0, "target": 14, "value": 0.14898172145545799, "supply": "[{\"l\":'Fossil Fuels',\"v\":0.14898172145545799}]"}, {"source": 20, "prod": 0, "target": 14, "value": 0.053471001321770656, "supply": "[{\"l\":'Renewables & Nuclear',\"v\":0.014715697638426806},{\"l\":'Biomass & Waste',\"v\":0.038755303683343852}]"}]}