{"nodes": [{"layer": 5, "name": "Starchy Roots"}, {"layer": 10, "name": "Feed", "fill": "#dbdb8d"}, {"layer": 5, "name": "Fruits & Vegetables"}, {"layer": 13, "name": "Animal Products", "fill": "#17becf"}, {"layer": 5, "name": "Cereals", "fill": "#e7ba52"}, {"layer": 13, "name": "Other Processed", "fill": "#9c9ede"}, {"layer": 16, "name": "Food", "fill": "#b5cf6b"}, {"layer": 5, "name": "Oilcrops", "fill": "#ff9896"}, {"layer": 13, "name": "Sugar", "fill": "#d6616b"}, {"layer": 5, "name": "Others"}, {"layer": 13, "name": "Aquatic Products", "fill": "#1f77b4"}, {"layer": 13, "name": "Vegetable Oils", "fill": "#f7b6d2"}, {"layer": 5, "name": "Sugar Crops", "fill": "#ffbb78"}, {"layer": 10, "name": "Processing", "fill": "#9edae5"}, {"layer": 16, "name": "Biofuels & Other", "fill": "#e7ba52"}, {"name": "Seed", "fill": "#dbdb8d"}, {"name": "Waste", "fill": "#c7c7c7"}, {"layer": 0, "name": "Import", "fill": "#aec7e8"}, {"layer": 16, "name": "Export", "fill": "#aec7e8"}, {"layer": 0, "name": "Stock Draw", "fill": "#c7c7c7"}, {"layer": 16, "name": "Stock Deposit", "fill": "#c7c7c7"}, {"layer": 0, "name": "Production", "fill": "#b5cf6b"}], "links": [{"source": 0, "prod": 0.060132053089228858, "target": 1, "value": 67.0, "supply": [{"l": "Potatoes", "v": 37.0}, {"l": "Cassava", "v": 30.0}]}, {"source": 2, "prod": 0.015689029027156635, "target": 1, "value": 19.0, "supply": [{"l": "Plantains", "v": 8.0}, {"l": "Bananas", "v": 11.0}]}, {"source": 3, "prod": 0.0033899053892017987, "target": 1, "value": 6.0, "supply": [{"l": "Milk - Excluding Butter", "v": 6.0}]}, {"source": 4, "prod": 0.9764357971280021, "target": 1, "value": 315.0, "supply": [{"l": "Maize", "v": 220.0}, {"l": "Barley", "v": 53.0}, {"l": "Cereals, Other", "v": 1.0}, {"l": "Sorghum", "v": 41.0}]}, {"source": 5, "prod": 0.35290160924444325, "target": 6, "value": 120.0, "supply": [{"l": "Beer", "v": 70.0}, {"l": "Beverages, Alcoholic", "v": 17.0}, {"l": "Butter, Ghee", "v": 1.0}, {"l": "Fats, Animals, Raw", "v": 30.0}, {"l": "Wine", "v": 2.0}]}, {"source": 3, "prod": 0.63103736701513302, "target": 6, "value": 425.0, "supply": [{"l": "Eggs", "v": 23.0}, {"l": "Pigmeat", "v": 53.0}, {"l": "Milk - Excluding Butter", "v": 164.0}, {"l": "Meat, Other", "v": 7.0}, {"l": "Mutton & Goat Meat", "v": 15.0}, {"l": "Bovine Meat", "v": 116.0}, {"l": "Poultry Meat", "v": 22.0}, {"l": "Offals, Edible", "v": 25.0}]}, {"source": 4, "prod": 2.119554657014374, "target": 6, "value": 639.0, "supply": [{"l": "Maize", "v": 169.0}, {"l": "Rice", "v": 108.0}, {"l": "Wheat", "v": 340.0}, {"l": "Oats", "v": 6.0}, {"l": "Cereals, Other", "v": 16.0}]}, {"source": 7, "prod": 0.037387302680807338, "target": 6, "value": 6.0, "supply": [{"l": "Groundnuts", "v": 6.0}]}, {"source": 8, "prod": 0.72265304377879924, "target": 6, "value": 170.0, "supply": [{"l": "Sugar", "v": 170.0}]}, {"source": 0, "prod": 0.59848198425270471, "target": 6, "value": 700.0, "supply": [{"l": "Roots, Other", "v": 39.0}, {"l": "Potatoes", "v": 448.0}, {"l": "Sweet potatoes", "v": 5.0}, {"l": "Cassava", "v": 208.0}]}, {"source": 2, "prod": 0.45074762770536064, "target": 6, "value": 730.0, "supply": [{"l": "Vegetables, Other", "v": 228.0}, {"l": "Plantains", "v": 80.0}, {"l": "Tomatoes", "v": 29.0}, {"l": "Treenuts", "v": 5.0}, {"l": "Peas", "v": 5.0}, {"l": "Grapes", "v": 15.0}, {"l": "Beans", "v": 9.0}, {"l": "Pulses, Other", "v": 8.0}, {"l": "Lemons, Limes", "v": 41.0}, {"l": "Pineapples", "v": 7.0}, {"l": "Bananas", "v": 125.0}, {"l": "Fruits, Other", "v": 57.0}, {"l": "Grapefruit", "v": 20.0}, {"l": "Oranges, Mandarines", "v": 73.0}, {"l": "Onions", "v": 26.0}, {"l": "Apples", "v": 2.0}]}, {"source": 9, "prod": 0.036768979058150221, "target": 6, "value": 27.0, "supply": [{"l": "Infant food", "v": 1.0}, {"l": "Nuts", "v": 5.0}, {"l": "Cocoa Beans", "v": 3.0}, {"l": "Coffee", "v": 18.0}]}, {"source": 10, "prod": 0.015209417974483958, "target": 6, "value": 16.0, "supply": [{"l": "Marine Fish, Other", "v": 4.0}, {"l": "Freshwater Fish", "v": 4.0}, {"l": "Fish, Seafood", "v": 8.0}]}, {"source": 11, "prod": 0.061029151961116704, "target": 6, "value": 6.0, "supply": [{"l": "Groundnut Oil", "v": 1.0}, {"l": "Soyabean Oil", "v": 5.0}]}, {"source": 12, "prod": 0.98183127231624212, "target": 13, "value": 2868.0, "supply": [{"l": "Sugar cane", "v": 2868.0}]}, {"source": 2, "prod": 0.0020134466364664034, "target": 13, "value": 3.0, "supply": [{"l": "Grapes", "v": 3.0}]}, {"source": 4, "prod": 0.042687318354134085, "target": 13, "value": 15.0, "supply": [{"l": "Barley", "v": 15.0}]}, {"source": 7, "prod": 0.51095980330436708, "target": 13, "value": 82.0, "supply": [{"l": "Cottonseed", "v": 5.0}, {"l": "Groundnuts", "v": 1.0}, {"l": "Soyabeans", "v": 76.0}]}, {"source": 5, "prod": 0.0069491375905088972, "target": 14, "value": 2.0, "supply": [{"l": "Beverages, Alcoholic", "v": 2.0}]}, {"source": 11, "prod": 0.15754379065662341, "target": 14, "value": 15.0, "supply": [{"l": "Soyabean Oil", "v": 10.0}, {"l": "Cottonseed Oil", "v": 1.0}, {"l": "Oilcrops Oil, Other", "v": 1.0}, {"l": "Palm Oil", "v": 3.0}]}, {"source": 4, "prod": 0.044068588466514159, "target": 14, "value": 14.0, "supply": [{"l": "Maize", "v": 14.0}]}, {"source": 8, "prod": 0.051010803090268189, "target": 14, "value": 12.0, "supply": [{"l": "Sugar", "v": 12.0}]}, {"source": 0, "prod": 0.16080518384087034, "target": 15, "value": 208.0, "supply": [{"l": "Potatoes", "v": 187.0}, {"l": "Roots, Other", "v": 19.0}, {"l": "Sweet potatoes", "v": 2.0}]}, {"source": 2, "prod": 0.011712019260969545, "target": 15, "value": 3.0, "supply": [{"l": "Beans", "v": 1.0}, {"l": "Pulses, Other", "v": 2.0}]}, {"source": 3, "prod": 0.0015517032172245435, "target": 3, "value": 1.0, "supply": [{"l": "Eggs", "v": 1.0}]}, {"source": 4, "prod": 0.099776906288611841, "target": 15, "value": 31.0, "supply": [{"l": "Maize", "v": 13.0}, {"l": "Wheat", "v": 9.0}, {"l": "Cereals, Other", "v": 1.0}, {"l": "Barley", "v": 5.0}, {"l": "Rice", "v": 3.0}]}, {"source": 7, "prod": 0.031156085567339453, "target": 15, "value": 5.0, "supply": [{"l": "Soyabeans", "v": 4.0}, {"l": "Groundnuts", "v": 1.0}]}, {"source": 0, "prod": 0.09429511473692484, "target": 16, "value": 107.0, "supply": [{"l": "Roots, Other", "v": 6.0}, {"l": "Potatoes", "v": 58.0}, {"l": "Sweet potatoes", "v": 1.0}, {"l": "Cassava", "v": 42.0}]}, {"source": 2, "prod": 0.0562007803723618, "target": 16, "value": 96.0, "supply": [{"l": "Oranges, Mandarines", "v": 10.0}, {"l": "Fruits, Other", "v": 6.0}, {"l": "Grapefruit", "v": 1.0}, {"l": "Tomatoes", "v": 7.0}, {"l": "Pineapples", "v": 1.0}, {"l": "Bananas", "v": 24.0}, {"l": "Vegetables, Other", "v": 15.0}, {"l": "Grapes", "v": 2.0}, {"l": "Plantains", "v": 22.0}, {"l": "Onions", "v": 3.0}, {"l": "Lemons, Limes", "v": 5.0}]}, {"source": 3, "prod": 0.0064933118236508852, "target": 16, "value": 8.0, "supply": [{"l": "Milk - Excluding Butter", "v": 6.0}, {"l": "Eggs", "v": 2.0}]}, {"source": 4, "prod": 0.1823458666440339, "target": 16, "value": 57.0, "supply": [{"l": "Maize", "v": 27.0}, {"l": "Barley", "v": 2.0}, {"l": "Rice", "v": 4.0}, {"l": "Cereals, Other", "v": 1.0}, {"l": "Wheat", "v": 23.0}]}, {"source": 7, "prod": 0.0062312171134678903, "target": 16, "value": 1.0, "supply": [{"l": "Groundnuts", "v": 1.0}]}, {"source": 17, "prod": 0.0047166851761666672, "target": 9, "value": 1.0, "supply": [{"l": "Infant food", "v": 1.0}]}, {"source": 17, "prod": 0.035445336553731825, "target": 1, "value": 55.0, "supply": [{"l": "Milk - Excluding Butter", "v": 47.0}, {"l": "Marine Fish, Other", "v": 4.0}, {"l": "Fish, Seafood", "v": 4.0}]}, {"source": 17, "prod": 0.11856091970465674, "target": 13, "value": 13.0, "supply": [{"l": "Fats, Animals, Raw", "v": 8.0}, {"l": "Soyabean Oil", "v": 1.0}, {"l": "Palm Oil", "v": 3.0}, {"l": "Oilcrops Oil, Other", "v": 1.0}]}, {"source": 17, "prod": 0.7779209614838577, "target": 4, "value": 252.0, "supply": [{"l": "Maize", "v": 6.0}, {"l": "Wheat", "v": 225.0}, {"l": "Cereals, Other", "v": 1.0}, {"l": "Barley", "v": 11.0}, {"l": "Rice", "v": 8.0}, {"l": "Sorghum", "v": 1.0}]}, {"source": 17, "prod": 0.0039138451461808513, "target": 2, "value": 1.0, "supply": [{"l": "Pulses, Other", "v": 1.0}]}, {"source": 17, "prod": 0.018693651340403669, "target": 7, "value": 3.0, "supply": [{"l": "Cottonseed", "v": 1.0}, {"l": "Soyabeans", "v": 2.0}]}, {"source": 17, "prod": 0.0062152185968500327, "target": 0, "value": 8.0, "supply": [{"l": "Potatoes", "v": 8.0}]}, {"source": 5, "prod": 0.00043169660934406779, "target": 18, "value": 1.0, "supply": [{"l": "Beer", "v": 1.0}]}, {"source": 2, "prod": 0.02431670172314903, "target": 18, "value": 7.0, "supply": [{"l": "Oranges, Mandarines", "v": 1.0}, {"l": "Treenuts", "v": 6.0}]}, {"source": 8, "prod": 0.076516204635402291, "target": 18, "value": 18.0, "supply": [{"l": "Sugar", "v": 18.0}]}, {"source": 4, "prod": 0.031477563190367264, "target": 18, "value": 10.0, "supply": [{"l": "Maize", "v": 10.0}]}, {"source": 9, "prod": 0.024819348734481286, "target": 18, "value": 9.0, "supply": [{"l": "Coffee", "v": 3.0}, {"l": "Nuts", "v": 6.0}]}, {"source": 19, "prod": 0.0084233139983015733, "target": 13, "value": 1.0, "supply": [{"l": "Fats, Animals, Raw", "v": 1.0}]}, {"source": 4, "prod": 0.16177681019946183, "target": 20, "value": 51.0, "supply": [{"l": "Maize", "v": 50.0}, {"l": "Rice", "v": 1.0}]}, {"source": 7, "prod": 0.0062312171134678903, "target": 20, "value": 1.0, "supply": [{"l": "Groundnuts", "v": 1.0}]}, {"source": 19, "prod": 0.21893584900776386, "target": 4, "value": 72.0, "supply": [{"l": "Wheat", "v": 70.0}, {"l": "Barley", "v": 2.0}]}, {"source": 8, "prod": 0.021254501287611745, "target": 20, "value": 5.0, "supply": [{"l": "Sugar", "v": 5.0}]}, {"source": 21, "prod": 2.6690039719449388, "target": 4, "value": 810.0, "supply": [{"l": "Maize", "v": 497.0}, {"l": "Barley", "v": 61.0}, {"l": "Rice", "v": 109.0}, {"l": "Cereals, Other", "v": 18.0}, {"l": "Wheat", "v": 78.0}, {"l": "Oats", "v": 6.0}, {"l": "Sorghum", "v": 41.0}]}, {"source": 21, "prod": 0.57950319155251384, "target": 7, "value": 93.0, "supply": [{"l": "Cottonseed", "v": 5.0}, {"l": "Groundnuts", "v": 10.0}, {"l": "Soyabeans", "v": 78.0}]}, {"source": 21, "prod": 0.98183127231624212, "target": 12, "value": 2868.0, "supply": [{"l": "Sugar cane", "v": 2868.0}]}, {"source": 21, "prod": 0.90721476548284752, "target": 0, "value": 1074.0, "supply": [{"l": "Roots, Other", "v": 64.0}, {"l": "Potatoes", "v": 723.0}, {"l": "Sweet potatoes", "v": 7.0}, {"l": "Cassava", "v": 280.0}]}, {"source": 21, "prod": 0.56444200157750224, "target": 2, "value": 859.0, "supply": [{"l": "Plantains", "v": 110.0}, {"l": "Tomatoes", "v": 37.0}, {"l": "Treenuts", "v": 12.0}, {"l": "Vegetables, Other", "v": 243.0}, {"l": "Peas", "v": 5.0}, {"l": "Grapes", "v": 20.0}, {"l": "Pulses, Other", "v": 10.0}, {"l": "Beans", "v": 10.0}, {"l": "Apples", "v": 2.0}, {"l": "Lemons, Limes", "v": 46.0}, {"l": "Pineapples", "v": 8.0}, {"l": "Bananas", "v": 160.0}, {"l": "Fruits, Other", "v": 63.0}, {"l": "Grapefruit", "v": 21.0}, {"l": "Oranges, Mandarines", "v": 84.0}, {"l": "Onions", "v": 28.0}]}, {"source": 21, "prod": 0.06128565280806466, "target": 9, "value": 37.0, "supply": [{"l": "Nuts", "v": 12.0}, {"l": "Cocoa Beans", "v": 3.0}, {"l": "Coffee", "v": 22.0}]}, {"source": 1, "prod": 0.015209417974483958, "target": 10, "value": 16.0, "supply": [{"l": "Freshwater Fish", "v": 4.0}, {"l": "Marine Fish, Other", "v": 4.0}, {"l": "Fish, Seafood", "v": 8.0}]}, {"source": 1, "prod": 0.6409205842279857, "target": 3, "value": 439.0, "supply": [{"l": "Poultry Meat", "v": 22.0}, {"l": "Pigmeat", "v": 53.0}, {"l": "Bovine Meat", "v": 116.0}, {"l": "Eggs", "v": 26.0}, {"l": "Milk - Excluding Butter", "v": 176.0}, {"l": "Offals, Edible", "v": 25.0}, {"l": "Meat, Other", "v": 7.0}, {"l": "Mutton & Goat Meat", "v": 15.0}]}, {"source": 13, "prod": 0.36028244344429622, "target": 5, "value": 123.0, "supply": [{"l": "Fats, Animals, Raw", "v": 30.0}, {"l": "Beer", "v": 71.0}, {"l": "Beverages, Alcoholic", "v": 19.0}, {"l": "Butter, Ghee", "v": 1.0}, {"l": "Wine", "v": 2.0}]}, {"source": 13, "prod": 0.21857294261774013, "target": 11, "value": 21.0, "supply": [{"l": "Cottonseed Oil", "v": 1.0}, {"l": "Palm Oil", "v": 3.0}, {"l": "Oilcrops Oil, Other", "v": 1.0}, {"l": "Groundnut Oil", "v": 1.0}, {"l": "Soyabean Oil", "v": 15.0}]}, {"source": 13, "prod": 0.87143455279208148, "target": 8, "value": 205.0, "supply": [{"l": "Sugar", "v": 205.0}]}]}