{"nodes": [{"layer": 3, "name": "Cereals", "fill": "#e7ba52"}, {"layer": 5, "name": "Production", "fill": "#b5cf6b"}, {"layer": 3, "name": "Oilcrops", "fill": "#ff9896"}, {"layer": 3, "name": "Fruits, Roots & Vegetables", "fill": "#98df8a"}, {"layer": 3, "name": "Sugar Crops", "fill": "#ffbb78"}, {"layer": 1, "name": "Electricity", "fill": "#bcbd22"}, {"layer": 0, "name": "Fossil Fuels", "fill": "#c49c94"}, {"layer": 0, "name": "Renewables & Nuclear", "fill": "#2ca02c"}, {"layer": 1, "name": "Fertilizers", "fill": "#c5b0d5"}, {"layer": 0, "name": "Labor", "fill": "#7f7f7f"}], "links": [{"source": 0, "prod": 477.0, "target": 1, "value": 1.5492954943696995, "supply": [{"l": "Maize", "v": 1.0625062484422607}, {"l": "Barley", "v": 0.091902422504690745}, {"l": "Rice", "v": 0.17880418137587573}, {"l": "Cereals, Other", "v": 0.047844386648850837}, {"l": "Wheat", "v": 0.13947911878092856}, {"l": "Oats", "v": 0.0129949489547449}, {"l": "Sorghum", "v": 0.015764187662348085}]}, {"source": 2, "prod": 62.0, "target": 1, "value": 0.40839987852946552, "supply": [{"l": "Cottonseed", "v": 0.039522568889948283}, {"l": "Groundnuts", "v": 0.026348379259965519}, {"l": "Soyabeans", "v": 0.34252893037955173}]}, {"source": 3, "prod": 1322.0, "target": 1, "value": 0.98545474307011172, "supply": [{"l": "Roots, Other", "v": 0.022938909894027949}, {"l": "Plantains", "v": 0.10007512307521572}, {"l": "Nuts", "v": 0.045987680467625004}, {"l": "Cocoa Beans", "v": 0.0021769316197692307}, {"l": "Tomatoes", "v": 0.0060643095122142861}, {"l": "Coffee", "v": 0.010783711672929438}, {"l": "Treenuts", "v": 0.043671754113140289}, {"l": "Vegetables, Other", "v": 0.049464393329900977}, {"l": "Peas", "v": 0.018807035829018989}, {"l": "Grapes", "v": 0.015747642443008067}, {"l": "Pulses, Other", "v": 0.012424439000634146}, {"l": "Potatoes", "v": 0.24534223812044786}, {"l": "Beans", "v": 0.015160773780535717}, {"l": "Apples", "v": 0.0056184044010220598}, {"l": "Lemons, Limes", "v": 0.0054459095290608564}, {"l": "Pineapples", "v": 0.0027609864445853659}, {"l": "Bananas", "v": 0.11005598744388891}, {"l": "Fruits, Other", "v": 0.027116831152177702}, {"l": "Sweet potatoes", "v": 0.0045159751686702125}, {"l": "Grapefruit", "v": 0.0050940199902600007}, {"l": "Oranges, Mandarines", "v": 0.038724061494796444}, {"l": "Onions", "v": 0.0079594062347812505}, {"l": "Cassava", "v": 0.1895182183524014}]}, {"source": 4, "prod": 2748.0, "target": 1, "value": 1.0384545202696203, "supply": [{"l": "Sugar cane", "v": 1.0384545202696203}]}, {"source": 5, "prod": 0, "target": 3, "value": 0.0029328524048111422, "supply": "[{\"l\":'Energy for power irrigation',\"v\":0.0029328524048111422}]"}, {"source": 5, "prod": 0, "target": 4, "value": 0.0058550515135641253, "supply": "[{\"l\":'Energy for power irrigation',\"v\":0.0058550515135641253}]"}, {"source": 5, "prod": 0, "target": 0, "value": 0.0015404666100097754, "supply": "[{\"l\":'Energy for power irrigation',\"v\":0.0015404666100097754}]"}, {"source": 5, "prod": 0, "target": 2, "value": 0.00013742751915024967, "supply": "[{\"l\":'Energy for power irrigation',\"v\":0.00013742751915024967}]"}, {"source": 6, "prod": 0, "target": 5, "value": 0.0081674246565591573, "supply": [{"l": "Coal", "v": 0.0}, {"l": "Natural gas", "v": 0.004969655130607026}, {"l": "Oil", "v": 0.0031977695259521322}]}, {"source": 7, "prod": 0, "target": 5, "value": 0.006981169784696273, "supply": [{"l": "Nuclear", "v": 0.0}, {"l": "Hydroelectric", "v": 0.0068084275289316031}, {"l": "Renewable", "v": 0.00017274225576466949}]}, {"source": 6, "prod": 0, "target": 3, "value": 0.054092576613125665, "supply": [{"l": "Motor Gasoline", "v": 0.0068968229787349745}, {"l": "Gas-Diesel oil", "v": 0.043513815407594254}, {"l": "Liquefied petroleum gas (LPG)", "v": 0.0036819382267964372}]}, {"source": 6, "prod": 0, "target": 4, "value": 0.10798866729594575, "supply": [{"l": "Motor Gasoline", "v": 0.013768593930667424}, {"l": "Gas-Diesel oil", "v": 0.086869571187845274}, {"l": "Liquefied petroleum gas (LPG)", "v": 0.0073505021774330614}]}, {"source": 6, "prod": 0, "target": 0, "value": 0.028411865522186601, "supply": [{"l": "Motor Gasoline", "v": 0.0036225230756450318}, {"l": "Gas-Diesel oil", "v": 0.022855422113832652}, {"l": "Liquefied petroleum gas (LPG)", "v": 0.0019339203327089168}]}, {"source": 6, "prod": 0, "target": 2, "value": 0.002534668500941958, "supply": [{"l": "Motor Gasoline", "v": 0.0003231711457525651}, {"l": "Gas-Diesel oil", "v": 0.0020389691927278093}, {"l": "Liquefied petroleum gas (LPG)", "v": 0.00017252816246158387}]}, {"source": 8, "prod": 2.3503064942996748, "target": 3, "value": 0.022046204518236402, "supply": [{"l": "Potash", "v": 0.00128194444547}, {"l": "Phosphate", "v": 0.020035875016028701}, {"l": "Nitrogen", "v": 0.057353416712549392}]}, {"source": 8, "prod": 4.6920757328990232, "target": 4, "value": 0.044012328380758171, "supply": [{"l": "Potash", "v": 0.00128194444547}, {"l": "Phosphate", "v": 0.020035875016028701}, {"l": "Nitrogen", "v": 0.057353416712549392}]}, {"source": 8, "prod": 1.2344871742671011, "target": 0, "value": 0.011579662816334848, "supply": [{"l": "Potash", "v": 0.00128194444547}, {"l": "Phosphate", "v": 0.020035875016028701}, {"l": "Nitrogen", "v": 0.057353416712549392}]}, {"source": 8, "prod": 0.11013059853420197, "target": 2, "value": 0.001033040458718669, "supply": [{"l": "Potash", "v": 0.00128194444547}, {"l": "Phosphate", "v": 0.020035875016028701}, {"l": "Nitrogen", "v": 0.057353416712549392}]}, {"source": 6, "prod": 0, "target": 8, "value": 0.093059458104049531, "supply": [{"l": "Natural gas (including LNG)", "v": 0.06435113417738085}, {"l": "Fuel oil", "v": 0.018569892407964712}, {"l": "Liquefied petroleum gas (LPG)", "v": 0.0050692157593519825}, {"l": "Coal", "v": 0.0050692157593519825}]}, {"source": 9, "prod": 0, "target": 3, "value": 0.15494093636117118, "supply": "[{\"l\":'Labor',\"v\":0.15494093636117118}]"}, {"source": 9, "prod": 0, "target": 4, "value": 0.30931906510751789, "supply": "[{\"l\":'Labor',\"v\":0.30931906510751789}]"}, {"source": 9, "prod": 0, "target": 0, "value": 0.081381981103615511, "supply": "[{\"l\":'Labor',\"v\":0.081381981103615511}]"}, {"source": 9, "prod": 0, "target": 2, "value": 0.0072602182312354081, "supply": "[{\"l\":'Labor',\"v\":0.0072602182312354081}]"}]}