{"nodes": [{"layer": 5, "name": "Maize"}, {"layer": 10, "name": "Feed", "fill": "#dbdb8d"}, {"layer": 5, "name": "Bananas"}, {"layer": 5, "name": "Cereals, Other"}, {"layer": 5, "name": "Potatoes"}, {"layer": 13, "name": "Milk - Excluding Butter"}, {"layer": 5, "name": "Barley"}, {"layer": 5, "name": "Plantains"}, {"layer": 5, "name": "Sorghum"}, {"layer": 5, "name": "Cassava"}, {"layer": 16, "name": "Food", "fill": "#b5cf6b"}, {"layer": 5, "name": "Vegetables, Other"}, {"layer": 5, "name": "Nuts"}, {"layer": 13, "name": "Sugar", "fill": "#d6616b"}, {"layer": 13, "name": "Beer"}, {"layer": 5, "name": "Infant food"}, {"layer": 13, "name": "Beverages, Alcoholic"}, {"layer": 5, "name": "Apples"}, {"layer": 5, "name": "Rice"}, {"layer": 13, "name": "Butter, Ghee"}, {"layer": 5, "name": "Tomatoes"}, {"layer": 13, "name": "Fats, Animals, Raw"}, {"layer": 5, "name": "Coffee"}, {"layer": 5, "name": "Wheat"}, {"layer": 13, "name": "Soyabean Oil"}, {"layer": 5, "name": "Treenuts"}, {"layer": 13, "name": "Eggs"}, {"layer": 5, "name": "Roots, Other"}, {"layer": 5, "name": "Peas"}, {"layer": 5, "name": "Sweet potatoes"}, {"layer": 13, "name": "Marine Fish, Other"}, {"layer": 5, "name": "Grapes"}, {"layer": 5, "name": "Groundnuts"}, {"layer": 13, "name": "Mutton & Goat Meat"}, {"layer": 5, "name": "Oats"}, {"layer": 13, "name": "Pigmeat"}, {"layer": 5, "name": "Cocoa Beans"}, {"layer": 13, "name": "Freshwater Fish"}, {"layer": 5, "name": "Beans"}, {"layer": 5, "name": "Pulses, Other"}, {"layer": 13, "name": "Fish, Seafood"}, {"layer": 13, "name": "Meat, Other"}, {"layer": 5, "name": "Lemons, Limes"}, {"layer": 13, "name": "Wine"}, {"layer": 5, "name": "Pineapples"}, {"layer": 13, "name": "Bovine Meat"}, {"layer": 5, "name": "Fruits, Other"}, {"layer": 13, "name": "Poultry Meat"}, {"layer": 13, "name": "Offals, Edible"}, {"layer": 13, "name": "Groundnut Oil"}, {"layer": 5, "name": "Grapefruit"}, {"layer": 5, "name": "Oranges, Mandarines"}, {"layer": 5, "name": "Onions"}, {"layer": 5, "name": "Cottonseed"}, {"layer": 10, "name": "Processing", "fill": "#9edae5"}, {"layer": 5, "name": "Soyabeans"}, {"layer": 5, "name": "Sugar cane"}, {"layer": 16, "name": "Biofuels & Other", "fill": "#e7ba52"}, {"layer": 13, "name": "Palm Oil"}, {"layer": 13, "name": "Cottonseed Oil"}, {"layer": 13, "name": "Oilcrops Oil, Other"}, {"name": "Waste", "fill": "#c7c7c7"}, {"layer": 2, "name": "Import", "fill": "#aec7e8"}, {"layer": 16, "name": "Export", "fill": "#aec7e8"}, {"layer": 16, "name": "Stock Deposit", "fill": "#c7c7c7"}, {"layer": 0, "name": "Stock Draw", "fill": "#c7c7c7"}, {"name": "Crop Residue", "fill": "#bd9e39"}, {"layer": 2, "name": "Electricity", "fill": "#bcbd22"}, {"layer": 0, "name": "Fossil Fuels", "fill": "#c49c94"}, {"layer": 0, "name": "Renewables & Nuclear", "fill": "#2ca02c"}, {"layer": 2, "name": "Fertilizers", "fill": "#c5b0d5"}, {"layer": 0, "name": "Labor", "fill": "#7f7f7f"}], "links": [{"source": 0, "prod": 220.0, "target": 1, "value": 0.69250639018807969, "supply": [{"l": "Maize", "v": 0.69250639018807969}]}, {"source": 2, "prod": 11.0, "target": 1, "value": 0.0079481162968595767, "supply": [{"l": "Bananas", "v": 0.0079481162968595767}]}, {"source": 3, "prod": 1.0, "target": 1, "value": 0.0040428730081428568, "supply": [{"l": "Cereals, Other", "v": 0.0040428730081428568}]}, {"source": 4, "prod": 37.0, "target": 1, "value": 0.028745386010431404, "supply": [{"l": "Potatoes", "v": 0.028745386010431404}]}, {"source": 5, "prod": 6.0, "target": 1, "value": 0.0033899053892017987, "supply": [{"l": "Milk - Excluding Butter", "v": 0.0033899053892017987}]}, {"source": 6, "prod": 53.0, "target": 1, "value": 0.15082852485127377, "supply": [{"l": "Barley", "v": 0.15082852485127377}]}, {"source": 7, "prod": 8.0, "target": 1, "value": 0.0077409127302970589, "supply": [{"l": "Plantains", "v": 0.0077409127302970589}]}, {"source": 8, "prod": 41.0, "target": 1, "value": 0.12905800908050577, "supply": [{"l": "Sorghum", "v": 0.12905800908050577}]}, {"source": 9, "prod": 30.0, "target": 1, "value": 0.031386667078797455, "supply": [{"l": "Cassava", "v": 0.031386667078797455}]}, {"source": 0, "prod": 169.0, "target": 10, "value": 0.5319708179172068, "supply": [{"l": "Maize", "v": 0.5319708179172068}]}, {"source": 11, "prod": 228.0, "target": 10, "value": 0.077609357844364735, "supply": [{"l": "Vegetables, Other", "v": 0.077609357844364735}]}, {"source": 7, "prod": 80.0, "target": 10, "value": 0.077409127302970587, "supply": [{"l": "Plantains", "v": 0.077409127302970587}]}, {"source": 12, "prod": 5.0, "target": 10, "value": 0.019295530266136365, "supply": [{"l": "Nuts", "v": 0.019295530266136365}]}, {"source": 13, "prod": 170.0, "target": 10, "value": 0.72265304377879924, "supply": [{"l": "Sugar", "v": 0.72265304377879924}]}, {"source": 14, "prod": 70.0, "target": 10, "value": 0.030218762654084741, "supply": [{"l": "Beer", "v": 0.030218762654084741}]}, {"source": 15, "prod": 1.0, "target": 10, "value": 0.0047166851761666672, "supply": [{"l": "Infant food", "v": 0.0047166851761666672}]}, {"source": 16, "prod": 17.0, "target": 10, "value": 0.05906766951932562, "supply": [{"l": "Beverages, Alcoholic", "v": 0.05906766951932562}]}, {"source": 17, "prod": 2.0, "target": 10, "value": 0.0020214365040714288, "supply": [{"l": "Apples", "v": 0.0020214365040714288}]}, {"source": 18, "prod": 108.0, "target": 10, "value": 0.47401137874355909, "supply": [{"l": "Rice", "v": 0.47401137874355909}]}, {"source": 19, "prod": 1.0, "target": 10, "value": 0.0084900333171, "supply": [{"l": "Butter, Ghee", "v": 0.0084900333171}]}, {"source": 20, "prod": 29.0, "target": 10, "value": 0.0074609383695727286, "supply": [{"l": "Tomatoes", "v": 0.0074609383695727286}]}, {"source": 21, "prod": 30.0, "target": 10, "value": 0.25269941994904715, "supply": [{"l": "Fats, Animals, Raw", "v": 0.25269941994904715}]}, {"source": 22, "prod": 18.0, "target": 10, "value": 0.0099882744907058823, "supply": [{"l": "Coffee", "v": 0.0099882744907058823}]}, {"source": 23, "prod": 340.0, "target": 10, "value": 1.0357575747226522, "supply": [{"l": "Wheat", "v": 1.0357575747226522}]}, {"source": 24, "prod": 5.0, "target": 10, "value": 0.051232959672155159, "supply": [{"l": "Soyabean Oil", "v": 0.051232959672155159}]}, {"source": 25, "prod": 5.0, "target": 10, "value": 0.019976548981411765, "supply": [{"l": "Treenuts", "v": 0.019976548981411765}]}, {"source": 26, "prod": 23.0, "target": 10, "value": 0.035689173996164496, "supply": [{"l": "Eggs", "v": 0.035689173996164496}]}, {"source": 27, "prod": 39.0, "target": 10, "value": 0.027509246926253023, "supply": [{"l": "Roots, Other", "v": 0.027509246926253023}]}, {"source": 28, "prod": 5.0, "target": 10, "value": 0.019295530266136365, "supply": [{"l": "Peas", "v": 0.019295530266136365}]}, {"source": 29, "prod": 5.0, "target": 10, "value": 0.0053062708231875, "supply": [{"l": "Sweet potatoes", "v": 0.0053062708231875}]}, {"source": 30, "prod": 4.0, "target": 10, "value": 0.005145474737636364, "supply": [{"l": "Marine Fish, Other", "v": 0.005145474737636364}]}, {"source": 31, "prod": 15.0, "target": 10, "value": 0.010067233182332016, "supply": [{"l": "Grapes", "v": 0.010067233182332016}]}, {"source": 32, "prod": 6.0, "target": 10, "value": 0.037387302680807338, "supply": [{"l": "Groundnuts", "v": 0.037387302680807338}]}, {"source": 33, "prod": 15.0, "target": 10, "value": 0.035516075629302792, "supply": [{"l": "Mutton & Goat Meat", "v": 0.035516075629302792}]}, {"source": 34, "prod": 6.0, "target": 10, "value": 0.013128917500670103, "supply": [{"l": "Oats", "v": 0.013128917500670103}]}, {"source": 35, "prod": 53.0, "target": 10, "value": 0.09499403944799667, "supply": [{"l": "Pigmeat", "v": 0.09499403944799667}]}, {"source": 36, "prod": 3.0, "target": 10, "value": 0.0027684891251413047, "supply": [{"l": "Cocoa Beans", "v": 0.0027684891251413047}]}, {"source": 4, "prod": 448.0, "target": 10, "value": 0.34805224142360186, "supply": [{"l": "Potatoes", "v": 0.34805224142360186}]}, {"source": 37, "prod": 4.0, "target": 10, "value": 0.002572737368818182, "supply": [{"l": "Freshwater Fish", "v": 0.002572737368818182}]}, {"source": 5, "prod": 164.0, "target": 10, "value": 0.092657413971515834, "supply": [{"l": "Milk - Excluding Butter", "v": 0.092657413971515834}]}, {"source": 38, "prod": 9.0, "target": 10, "value": 0.034958960717470587, "supply": [{"l": "Beans", "v": 0.034958960717470587}]}, {"source": 39, "prod": 8.0, "target": 10, "value": 0.03131076116944681, "supply": [{"l": "Pulses, Other", "v": 0.03131076116944681}]}, {"source": 40, "prod": 8.0, "target": 10, "value": 0.0074912058680294122, "supply": [{"l": "Fish, Seafood", "v": 0.0074912058680294122}]}, {"source": 41, "prod": 7.0, "target": 10, "value": 0.0078889690114646027, "supply": [{"l": "Meat, Other", "v": 0.0078889690114646027}]}, {"source": 42, "prod": 41.0, "target": 10, "value": 0.0074272695448314363, "supply": [{"l": "Lemons, Limes", "v": 0.0074272695448314363}]}, {"source": 3, "prod": 16.0, "target": 10, "value": 0.064685968130285709, "supply": [{"l": "Cereals, Other", "v": 0.064685968130285709}]}, {"source": 43, "prod": 2.0, "target": 10, "value": 0.0024257238048857148, "supply": [{"l": "Wine", "v": 0.0024257238048857148}]}, {"source": 44, "prod": 7.0, "target": 10, "value": 0.002339772961405512, "supply": [{"l": "Pineapples", "v": 0.002339772961405512}]}, {"source": 2, "prod": 125.0, "target": 10, "value": 0.090319503373404275, "supply": [{"l": "Bananas", "v": 0.090319503373404275}]}, {"source": 45, "prod": 116.0, "target": 10, "value": 0.29260216399106453, "supply": [{"l": "Bovine Meat", "v": 0.29260216399106453}]}, {"source": 46, "prod": 57.0, "target": 10, "value": 0.027725265051154691, "supply": [{"l": "Fruits, Other", "v": 0.027725265051154691}]}, {"source": 47, "prod": 22.0, "target": 10, "value": 0.039530313857396832, "supply": [{"l": "Poultry Meat", "v": 0.039530313857396832}]}, {"source": 48, "prod": 25.0, "target": 10, "value": 0.032159217110227276, "supply": [{"l": "Offals, Edible", "v": 0.032159217110227276}]}, {"source": 49, "prod": 1.0, "target": 10, "value": 0.0097961922889615409, "supply": [{"l": "Groundnut Oil", "v": 0.0097961922889615409}]}, {"source": 50, "prod": 20.0, "target": 10, "value": 0.0049075337093063588, "supply": [{"l": "Grapefruit", "v": 0.0049075337093063588}]}, {"source": 51, "prod": 73.0, "target": 10, "value": 0.025173535018208772, "supply": [{"l": "Oranges, Mandarines", "v": 0.025173535018208772}]}, {"source": 52, "prod": 26.0, "target": 10, "value": 0.01274485370927252, "supply": [{"l": "Onions", "v": 0.01274485370927252}]}, {"source": 9, "prod": 208.0, "target": 10, "value": 0.21761422507966233, "supply": [{"l": "Cassava", "v": 0.21761422507966233}]}, {"source": 53, "prod": 5.0, "target": 54, "value": 0.031156085567339457, "supply": [{"l": "Cottonseed", "v": 0.031156085567339457}]}, {"source": 55, "prod": 76.0, "target": 54, "value": 0.47357250062355971, "supply": [{"l": "Soyabeans", "v": 0.47357250062355971}]}, {"source": 6, "prod": 15.0, "target": 54, "value": 0.042687318354134085, "supply": [{"l": "Barley", "v": 0.042687318354134085}]}, {"source": 31, "prod": 3.0, "target": 54, "value": 0.0020134466364664034, "supply": [{"l": "Grapes", "v": 0.0020134466364664034}]}, {"source": 32, "prod": 1.0, "target": 54, "value": 0.0062312171134678903, "supply": [{"l": "Groundnuts", "v": 0.0062312171134678903}]}, {"source": 56, "prod": 2868.0, "target": 54, "value": 0.98183127231624212, "supply": [{"l": "Sugar cane", "v": 0.98183127231624212}]}, {"source": 0, "prod": 14.0, "target": 57, "value": 0.044068588466514159, "supply": [{"l": "Maize", "v": 0.044068588466514159}]}, {"source": 24, "prod": 10.0, "target": 57, "value": 0.10246591934431032, "supply": [{"l": "Soyabean Oil", "v": 0.10246591934431032}]}, {"source": 13, "prod": 12.0, "target": 57, "value": 0.051010803090268189, "supply": [{"l": "Sugar", "v": 0.051010803090268189}]}, {"source": 58, "prod": 3.0, "target": 57, "value": 0.030739775803293103, "supply": [{"l": "Palm Oil", "v": 0.030739775803293103}]}, {"source": 16, "prod": 2.0, "target": 57, "value": 0.0069491375905088972, "supply": [{"l": "Beverages, Alcoholic", "v": 0.0069491375905088972}]}, {"source": 59, "prod": 1.0, "target": 57, "value": 0.014150055528500001, "supply": [{"l": "Cottonseed Oil", "v": 0.014150055528500001}]}, {"source": 60, "prod": 1.0, "target": 57, "value": 0.010188039980520001, "supply": [{"l": "Oilcrops Oil, Other", "v": 0.010188039980520001}]}, {"source": 0, "prod": 13.0, "target": 0, "value": 0.040920832147477437, "supply": [{"l": "Maize", "v": 0.040920832147477437}]}, {"source": 23, "prod": 9.0, "target": 23, "value": 0.027417112272070204, "supply": [{"l": "Wheat", "v": 0.027417112272070204}]}, {"source": 3, "prod": 1.0, "target": 3, "value": 0.0040428730081428568, "supply": [{"l": "Cereals, Other", "v": 0.0040428730081428568}]}, {"source": 55, "prod": 4.0, "target": 55, "value": 0.024924868453871561, "supply": [{"l": "Soyabeans", "v": 0.024924868453871561}]}, {"source": 4, "prod": 187.0, "target": 4, "value": 0.14528073470136951, "supply": [{"l": "Potatoes", "v": 0.14528073470136951}]}, {"source": 26, "prod": 1.0, "target": 26, "value": 0.0015517032172245435, "supply": [{"l": "Eggs", "v": 0.0015517032172245435}]}, {"source": 27, "prod": 19.0, "target": 27, "value": 0.013401940810225834, "supply": [{"l": "Roots, Other", "v": 0.013401940810225834}]}, {"source": 29, "prod": 2.0, "target": 29, "value": 0.002122508329275, "supply": [{"l": "Sweet potatoes", "v": 0.002122508329275}]}, {"source": 38, "prod": 1.0, "target": 38, "value": 0.0038843289686078431, "supply": [{"l": "Beans", "v": 0.0038843289686078431}]}, {"source": 6, "prod": 5.0, "target": 6, "value": 0.014229106118044694, "supply": [{"l": "Barley", "v": 0.014229106118044694}]}, {"source": 32, "prod": 1.0, "target": 32, "value": 0.0062312171134678903, "supply": [{"l": "Groundnuts", "v": 0.0062312171134678903}]}, {"source": 18, "prod": 3.0, "target": 18, "value": 0.013166982742876641, "supply": [{"l": "Rice", "v": 0.013166982742876641}]}, {"source": 39, "prod": 2.0, "target": 39, "value": 0.0078276902923617026, "supply": [{"l": "Pulses, Other", "v": 0.0078276902923617026}]}, {"source": 0, "prod": 27.0, "target": 61, "value": 0.084989420613991604, "supply": [{"l": "Maize", "v": 0.084989420613991604}]}, {"source": 11, "prod": 15.0, "target": 61, "value": 0.0051058788055503117, "supply": [{"l": "Vegetables, Other", "v": 0.0051058788055503117}]}, {"source": 7, "prod": 22.0, "target": 61, "value": 0.021287510008316916, "supply": [{"l": "Plantains", "v": 0.021287510008316916}]}, {"source": 46, "prod": 6.0, "target": 61, "value": 0.0029184489527531252, "supply": [{"l": "Fruits, Other", "v": 0.0029184489527531252}]}, {"source": 50, "prod": 1.0, "target": 61, "value": 0.00024537668546531792, "supply": [{"l": "Grapefruit", "v": 0.00024537668546531792}]}, {"source": 6, "prod": 2.0, "target": 61, "value": 0.0056916424472178784, "supply": [{"l": "Barley", "v": 0.0056916424472178784}]}, {"source": 18, "prod": 4.0, "target": 61, "value": 0.017555976990502188, "supply": [{"l": "Rice", "v": 0.017555976990502188}]}, {"source": 20, "prod": 7.0, "target": 61, "value": 0.0018009161581727276, "supply": [{"l": "Tomatoes", "v": 0.0018009161581727276}]}, {"source": 3, "prod": 1.0, "target": 61, "value": 0.0040428730081428568, "supply": [{"l": "Cereals, Other", "v": 0.0040428730081428568}]}, {"source": 23, "prod": 23.0, "target": 61, "value": 0.0700659535841794, "supply": [{"l": "Wheat", "v": 0.0700659535841794}]}, {"source": 26, "prod": 2.0, "target": 61, "value": 0.0031034064344490869, "supply": [{"l": "Eggs", "v": 0.0031034064344490869}]}, {"source": 27, "prod": 6.0, "target": 61, "value": 0.0042321918348081581, "supply": [{"l": "Roots, Other", "v": 0.0042321918348081581}]}, {"source": 31, "prod": 2.0, "target": 61, "value": 0.0013422977576442688, "supply": [{"l": "Grapes", "v": 0.0013422977576442688}]}, {"source": 32, "prod": 1.0, "target": 61, "value": 0.0062312171134678903, "supply": [{"l": "Groundnuts", "v": 0.0062312171134678903}]}, {"source": 4, "prod": 58.0, "target": 61, "value": 0.045060334827162742, "supply": [{"l": "Potatoes", "v": 0.045060334827162742}]}, {"source": 5, "prod": 6.0, "target": 61, "value": 0.0033899053892017987, "supply": [{"l": "Milk - Excluding Butter", "v": 0.0033899053892017987}]}, {"source": 42, "prod": 5.0, "target": 61, "value": 0.00090576457863798007, "supply": [{"l": "Lemons, Limes", "v": 0.00090576457863798007}]}, {"source": 44, "prod": 1.0, "target": 61, "value": 0.00033425328020078739, "supply": [{"l": "Pineapples", "v": 0.00033425328020078739}]}, {"source": 2, "prod": 24.0, "target": 61, "value": 0.017341344647693619, "supply": [{"l": "Bananas", "v": 0.017341344647693619}]}, {"source": 29, "prod": 1.0, "target": 61, "value": 0.0010612541646375, "supply": [{"l": "Sweet potatoes", "v": 0.0010612541646375}]}, {"source": 51, "prod": 10.0, "target": 61, "value": 0.0034484294545491473, "supply": [{"l": "Oranges, Mandarines", "v": 0.0034484294545491473}]}, {"source": 52, "prod": 3.0, "target": 61, "value": 0.0014705600433775981, "supply": [{"l": "Onions", "v": 0.0014705600433775981}]}, {"source": 9, "prod": 42.0, "target": 61, "value": 0.043941333910316432, "supply": [{"l": "Cassava", "v": 0.043941333910316432}]}, {"source": 62, "prod": 1.0, "target": 3, "value": 0.0040428730081428568, "supply": [{"l": "Cereals, Other", "v": 0.0040428730081428568}]}, {"source": 62, "prod": 8.0, "target": 4, "value": 0.0062152185968500327, "supply": [{"l": "Potatoes", "v": 0.0062152185968500327}]}, {"source": 62, "prod": 8.0, "target": 18, "value": 0.035111953981004376, "supply": [{"l": "Rice", "v": 0.035111953981004376}]}, {"source": 62, "prod": 225.0, "target": 23, "value": 0.68542780680175497, "supply": [{"l": "Wheat", "v": 0.68542780680175497}]}, {"source": 62, "prod": 55.0, "target": 1, "value": 0.035445336553731825, "supply": [{"l": "Milk - Excluding Butter", "v": 0.026554258882080753}, {"l": "Marine Fish, Other", "v": 0.005145474737636364}, {"l": "Fish, Seafood", "v": 0.0037456029340147061}]}, {"source": 62, "prod": 2.0, "target": 55, "value": 0.012462434226935781, "supply": [{"l": "Soyabeans", "v": 0.012462434226935781}]}, {"source": 62, "prod": 11.0, "target": 6, "value": 0.03130403345969833, "supply": [{"l": "Barley", "v": 0.03130403345969833}]}, {"source": 62, "prod": 1.0, "target": 53, "value": 0.0062312171134678903, "supply": [{"l": "Cottonseed", "v": 0.0062312171134678903}]}, {"source": 62, "prod": 13.0, "target": 54, "value": 0.11856091970465674, "supply": [{"l": "Fats, Animals, Raw", "v": 0.067386511986412587}, {"l": "Soyabean Oil", "v": 0.010246591934431035}, {"l": "Palm Oil", "v": 0.030739775803293103}, {"l": "Oilcrops Oil, Other", "v": 0.010188039980520001}]}, {"source": 62, "prod": 6.0, "target": 0, "value": 0.018886537914220358, "supply": [{"l": "Maize", "v": 0.018886537914220358}]}, {"source": 62, "prod": 1.0, "target": 8, "value": 0.0031477563190367257, "supply": [{"l": "Sorghum", "v": 0.0031477563190367257}]}, {"source": 62, "prod": 1.0, "target": 15, "value": 0.0047166851761666672, "supply": [{"l": "Infant food", "v": 0.0047166851761666672}]}, {"source": 62, "prod": 1.0, "target": 39, "value": 0.0039138451461808513, "supply": [{"l": "Pulses, Other", "v": 0.0039138451461808513}]}, {"source": 0, "prod": 10.0, "target": 63, "value": 0.031477563190367264, "supply": [{"l": "Maize", "v": 0.031477563190367264}]}, {"source": 22, "prod": 3.0, "target": 63, "value": 0.0016647124151176471, "supply": [{"l": "Coffee", "v": 0.0016647124151176471}]}, {"source": 25, "prod": 6.0, "target": 63, "value": 0.023971858777694116, "supply": [{"l": "Treenuts", "v": 0.023971858777694116}]}, {"source": 12, "prod": 6.0, "target": 63, "value": 0.023154636319363639, "supply": [{"l": "Nuts", "v": 0.023154636319363639}]}, {"source": 13, "prod": 18.0, "target": 63, "value": 0.076516204635402291, "supply": [{"l": "Sugar", "v": 0.076516204635402291}]}, {"source": 14, "prod": 1.0, "target": 63, "value": 0.00043169660934406779, "supply": [{"l": "Beer", "v": 0.00043169660934406779}]}, {"source": 51, "prod": 1.0, "target": 63, "value": 0.00034484294545491471, "supply": [{"l": "Oranges, Mandarines", "v": 0.00034484294545491471}]}, {"source": 18, "prod": 1.0, "target": 64, "value": 0.004388994247625547, "supply": [{"l": "Rice", "v": 0.004388994247625547}]}, {"source": 0, "prod": 50.0, "target": 64, "value": 0.15738781595183629, "supply": [{"l": "Maize", "v": 0.15738781595183629}]}, {"source": 32, "prod": 1.0, "target": 64, "value": 0.0062312171134678903, "supply": [{"l": "Groundnuts", "v": 0.0062312171134678903}]}, {"source": 65, "prod": 2.0, "target": 6, "value": 0.0056916424472178784, "supply": [{"l": "Barley", "v": 0.0056916424472178784}]}, {"source": 65, "prod": 70.0, "target": 23, "value": 0.21324420656054599, "supply": [{"l": "Wheat", "v": 0.21324420656054599}]}, {"source": 65, "prod": 1.0, "target": 54, "value": 0.0084233139983015733, "supply": [{"l": "Fats, Animals, Raw", "v": 0.0084233139983015733}]}, {"source": 13, "prod": 5.0, "target": 64, "value": 0.021254501287611745, "supply": [{"l": "Sugar", "v": 0.021254501287611745}]}, {"source": 1, "prod": 22.0, "target": 47, "value": 0.039530313857396832, "supply": [{"l": "Poultry Meat", "v": 0.039530313857396832}]}, {"source": 1, "prod": 53.0, "target": 35, "value": 0.09499403944799667, "supply": [{"l": "Pigmeat", "v": 0.09499403944799667}]}, {"source": 1, "prod": 116.0, "target": 45, "value": 0.29260216399106453, "supply": [{"l": "Bovine Meat", "v": 0.29260216399106453}]}, {"source": 1, "prod": 25.0, "target": 26, "value": 0.03879258043061358, "supply": [{"l": "Eggs", "v": 0.040344283647838125}]}, {"source": 1, "prod": 176.0, "target": 5, "value": 0.099437224749919423, "supply": [{"l": "Milk - Excluding Butter", "v": 0.099437224749919423}]}, {"source": 1, "prod": 25.0, "target": 48, "value": 0.032159217110227276, "supply": [{"l": "Offals, Edible", "v": 0.032159217110227276}]}, {"source": 1, "prod": 4.0, "target": 30, "value": 0.005145474737636364, "supply": [{"l": "Marine Fish, Other", "v": 0.005145474737636364}]}, {"source": 1, "prod": 8.0, "target": 40, "value": 0.0074912058680294122, "supply": [{"l": "Fish, Seafood", "v": 0.0074912058680294122}]}, {"source": 1, "prod": 7.0, "target": 41, "value": 0.0078889690114646027, "supply": [{"l": "Meat, Other", "v": 0.0078889690114646027}]}, {"source": 1, "prod": 4.0, "target": 37, "value": 0.002572737368818182, "supply": [{"l": "Freshwater Fish", "v": 0.002572737368818182}]}, {"source": 1, "prod": 15.0, "target": 33, "value": 0.035516075629302792, "supply": [{"l": "Mutton & Goat Meat", "v": 0.035516075629302792}]}, {"source": 54, "prod": 30.0, "target": 21, "value": 0.25269941994904715, "supply": [{"l": "Fats, Animals, Raw", "v": 0.25269941994904715}]}, {"source": 54, "prod": 15.0, "target": 24, "value": 0.15369887901646548, "supply": [{"l": "Soyabean Oil", "v": 0.15369887901646548}]}, {"source": 54, "prod": 205.0, "target": 13, "value": 0.87143455279208148, "supply": [{"l": "Sugar", "v": 0.87143455279208148}]}, {"source": 54, "prod": 1.0, "target": 59, "value": 0.014150055528500001, "supply": [{"l": "Cottonseed Oil", "v": 0.014150055528500001}]}, {"source": 54, "prod": 71.0, "target": 14, "value": 0.030650459263428808, "supply": [{"l": "Beer", "v": 0.030650459263428808}]}, {"source": 54, "prod": 1.0, "target": 49, "value": 0.0097961922889615409, "supply": [{"l": "Groundnut Oil", "v": 0.0097961922889615409}]}, {"source": 54, "prod": 19.0, "target": 16, "value": 0.066016807109834513, "supply": [{"l": "Beverages, Alcoholic", "v": 0.066016807109834513}]}, {"source": 54, "prod": 3.0, "target": 58, "value": 0.030739775803293103, "supply": [{"l": "Palm Oil", "v": 0.030739775803293103}]}, {"source": 54, "prod": 1.0, "target": 60, "value": 0.010188039980520001, "supply": [{"l": "Oilcrops Oil, Other", "v": 0.010188039980520001}]}, {"source": 54, "prod": 1.0, "target": 19, "value": 0.0084900333171, "supply": [{"l": "Butter, Ghee", "v": 0.0084900333171}]}, {"source": 54, "prod": 2.0, "target": 43, "value": 0.0024257238048857148, "supply": [{"l": "Wine", "v": 0.0024257238048857148}]}, {"source": 0, "prod": 1000.0, "target": 66, "value": 3.48666666, "supply": [{"l": "Maize", "v": 3.48666666}]}, {"source": 9, "prod": 140.0, "target": 66, "value": 0.48813333239999995, "supply": [{"l": "Cassava", "v": 0.48813333239999995}]}, {"source": 11, "prod": 243.0, "target": 66, "value": 0.8472599983800001, "supply": [{"l": "Vegetables, Other", "v": 0.8472599983800001}]}, {"source": 23, "prod": 450.0, "target": 66, "value": 1.5689999970000001, "supply": [{"l": "Wheat", "v": 1.5689999970000001}]}, {"source": 3, "prod": 37.0, "target": 66, "value": 0.12900666642, "supply": [{"l": "Cereals, Other", "v": 0.12900666642}]}, {"source": 55, "prod": 79.0, "target": 66, "value": 0.27544666614000002, "supply": [{"l": "Soyabeans", "v": 0.27544666614000002}]}, {"source": 4, "prod": 363.25, "target": 66, "value": 1.2665316642450002, "supply": [{"l": "Potatoes", "v": 1.2665316642450002}]}, {"source": 34, "prod": 12.0, "target": 66, "value": 0.041839999919999996, "supply": [{"l": "Oats", "v": 0.041839999919999996}]}, {"source": 27, "prod": 32.0, "target": 66, "value": 0.11157333312000002, "supply": [{"l": "Roots, Other", "v": 0.11157333312000002}]}, {"source": 28, "prod": 5.0, "target": 66, "value": 0.017433333299999999, "supply": [{"l": "Peas", "v": 0.017433333299999999}]}, {"source": 53, "prod": 5.0, "target": 66, "value": 0.017433333300000003, "supply": [{"l": "Cottonseed", "v": 0.017433333300000003}]}, {"source": 29, "prod": 3.75, "target": 66, "value": 0.013074999974999999, "supply": [{"l": "Sweet potatoes", "v": 0.013074999974999999}]}, {"source": 38, "prod": 10.0, "target": 66, "value": 0.034866666600000006, "supply": [{"l": "Beans", "v": 0.034866666600000006}]}, {"source": 6, "prod": 136.0, "target": 66, "value": 0.42870233290012871, "supply": [{"l": "Barley", "v": 0.42870233290012871}]}, {"source": 32, "prod": 10.0, "target": 66, "value": 0.034866666599999999, "supply": [{"l": "Groundnuts", "v": 0.034866666599999999}]}, {"source": 39, "prod": 10.0, "target": 66, "value": 0.034866666599999999, "supply": [{"l": "Pulses, Other", "v": 0.034866666599999999}]}, {"source": 52, "prod": 28.5, "target": 66, "value": 0.099369999809999998, "supply": [{"l": "Onions", "v": 0.099369999809999998}]}, {"source": 18, "prod": 225.0, "target": 66, "value": 0.78449999850000007, "supply": [{"l": "Rice", "v": 0.78449999850000007}]}, {"source": 8, "prod": 82.0, "target": 66, "value": 0.28590666611999999, "supply": [{"l": "Sorghum", "v": 0.28590666611999999}]}, {"source": 20, "prod": 36.5, "target": 66, "value": 0.12726333309000001, "supply": [{"l": "Tomatoes", "v": 0.12726333309000001}]}, {"source": 56, "prod": 1147.2, "target": 66, "value": 0.39273250892649686, "supply": [{"l": "Sugar cane", "v": 0.39273250892649686}]}, {"source": 67, "prod": 0, "target": 0, "value": 0.0010080579660310522, "supply": "[{\"l\":'Energy for power irrigation',\"v\":0.0010080579660310522}]"}, {"source": 67, "prod": 0, "target": 27, "value": 0.0001290314196519747, "supply": "[{\"l\":'Energy for power irrigation',\"v\":0.0001290314196519747}]"}, {"source": 67, "prod": 0, "target": 7, "value": 0.00022177275252683148, "supply": "[{\"l\":'Energy for power irrigation',\"v\":0.00022177275252683148}]"}, {"source": 67, "prod": 0, "target": 12, "value": 2.31853332187142e-05, "supply": "[{\"l\":'Energy for power irrigation',\"v\":2.31853332187142e-05}]"}, {"source": 67, "prod": 0, "target": 50, "value": 4.2338434573304195e-05, "supply": "[{\"l\":'Energy for power irrigation',\"v\":4.2338434573304195e-05}]"}, {"source": 67, "prod": 0, "target": 6, "value": 0.00013709588338022311, "supply": "[{\"l\":'Energy for power irrigation',\"v\":0.00013709588338022311}]"}, {"source": 67, "prod": 0, "target": 18, "value": 0.00022681304235698676, "supply": "[{\"l\":'Energy for power irrigation',\"v\":0.00022681304235698676}]"}, {"source": 67, "prod": 0, "target": 20, "value": 7.3588231520266812e-05, "supply": "[{\"l\":'Energy for power irrigation',\"v\":7.3588231520266812e-05}]"}, {"source": 67, "prod": 0, "target": 3, "value": 3.7298144743148932e-05, "supply": "[{\"l\":'Energy for power irrigation',\"v\":3.7298144743148932e-05}]"}, {"source": 67, "prod": 0, "target": 22, "value": 4.3346492539335246e-05, "supply": "[{\"l\":'Energy for power irrigation',\"v\":4.3346492539335246e-05}]"}, {"source": 67, "prod": 0, "target": 23, "value": 0.00045362608471397352, "supply": "[{\"l\":'Energy for power irrigation',\"v\":0.00045362608471397352}]"}, {"source": 67, "prod": 0, "target": 25, "value": 2.31853332187142e-05, "supply": "[{\"l\":'Energy for power irrigation',\"v\":2.31853332187142e-05}]"}, {"source": 67, "prod": 0, "target": 17, "value": 4.0322318641242094e-06, "supply": "[{\"l\":'Energy for power irrigation',\"v\":4.0322318641242094e-06}]"}, {"source": 67, "prod": 0, "target": 11, "value": 0.00048991617149109136, "supply": "[{\"l\":'Energy for power irrigation',\"v\":0.00048991617149109136}]"}, {"source": 67, "prod": 0, "target": 28, "value": 1.0080579660310521e-05, "supply": "[{\"l\":'Energy for power irrigation',\"v\":1.0080579660310521e-05}]"}, {"source": 67, "prod": 0, "target": 55, "value": 0.00015927315863290624, "supply": "[{\"l\":'Energy for power irrigation',\"v\":0.00015927315863290624}]"}, {"source": 67, "prod": 0, "target": 31, "value": 4.0322318641242086e-05, "supply": "[{\"l\":'Energy for power irrigation',\"v\":4.0322318641242086e-05}]"}, {"source": 67, "prod": 0, "target": 32, "value": 2.0161159320621043e-05, "supply": "[{\"l\":'Energy for power irrigation',\"v\":2.0161159320621043e-05}]"}, {"source": 67, "prod": 0, "target": 34, "value": 1.2096695592372626e-05, "supply": "[{\"l\":'Energy for power irrigation',\"v\":1.2096695592372626e-05}]"}, {"source": 67, "prod": 0, "target": 36, "value": 6.0483477961863129e-06, "supply": "[{\"l\":'Energy for power irrigation',\"v\":6.0483477961863129e-06}]"}, {"source": 67, "prod": 0, "target": 53, "value": 1.0080579660310521e-05, "supply": "[{\"l\":'Energy for power irrigation',\"v\":1.0080579660310521e-05}]"}, {"source": 67, "prod": 0, "target": 4, "value": 0.0014647082246431187, "supply": "[{\"l\":'Energy for power irrigation',\"v\":0.0014647082246431187}]"}, {"source": 67, "prod": 0, "target": 38, "value": 2.0161159320621043e-05, "supply": "[{\"l\":'Energy for power irrigation',\"v\":2.0161159320621043e-05}]"}, {"source": 67, "prod": 0, "target": 39, "value": 2.0161159320621043e-05, "supply": "[{\"l\":'Energy for power irrigation',\"v\":2.0161159320621043e-05}]"}, {"source": 67, "prod": 0, "target": 42, "value": 9.2741332874856801e-05, "supply": "[{\"l\":'Energy for power irrigation',\"v\":9.2741332874856801e-05}]"}, {"source": 67, "prod": 0, "target": 8, "value": 8.2660753214546274e-05, "supply": "[{\"l\":'Energy for power irrigation',\"v\":8.2660753214546274e-05}]"}, {"source": 67, "prod": 0, "target": 56, "value": 0.005782220493154115, "supply": "[{\"l\":'Energy for power irrigation',\"v\":0.005782220493154115}]"}, {"source": 67, "prod": 0, "target": 44, "value": 1.6128927456496838e-05, "supply": "[{\"l\":'Energy for power irrigation',\"v\":1.6128927456496838e-05}]"}, {"source": 67, "prod": 0, "target": 2, "value": 0.00032257854912993669, "supply": "[{\"l\":'Energy for power irrigation',\"v\":0.00032257854912993669}]"}, {"source": 67, "prod": 0, "target": 46, "value": 0.00012701530371991257, "supply": "[{\"l\":'Energy for power irrigation',\"v\":0.00012701530371991257}]"}, {"source": 67, "prod": 0, "target": 29, "value": 1.5120869490465783e-05, "supply": "[{\"l\":'Energy for power irrigation',\"v\":1.5120869490465783e-05}]"}, {"source": 67, "prod": 0, "target": 51, "value": 0.00016935373829321678, "supply": "[{\"l\":'Energy for power irrigation',\"v\":0.00016935373829321678}]"}, {"source": 67, "prod": 0, "target": 52, "value": 5.7459304063769978e-05, "supply": "[{\"l\":'Energy for power irrigation',\"v\":5.7459304063769978e-05}]"}, {"source": 67, "prod": 0, "target": 9, "value": 0.00056451246097738916, "supply": "[{\"l\":'Energy for power irrigation',\"v\":0.00056451246097738916}]"}, {"source": 67, "prod": 0, "target": 54, "value": 0.033112483051018021, "supply": "[{\"l\":'Electricity',\"v\":0.033112483051018021}]"}, {"source": 68, "prod": 0, "target": 67, "value": 0.036005543226737768, "supply": [{"l": "Coal", "v": 0.0}, {"l": "Natural gas", "v": 0.020506884334213358}, {"l": "Oil", "v": 0.015498658892524411}]}, {"source": 69, "prod": 0, "target": 67, "value": 0.029697006572879391, "supply": [{"l": "Nuclear", "v": 0.0}, {"l": "Hydroelectric", "v": 0.02904816441246354}, {"l": "Renewable", "v": 0.0006488421604158508}]}, {"source": 68, "prod": 0, "target": 0, "value": 0.023420156545055873, "supply": [{"l": "Motor Gasoline", "v": 0.0020835685007450045}, {"l": "Gas-Diesel oil", "v": 0.020224254070436841}, {"l": "Liquefied petroleum gas (LPG)", "v": 0.0011123339738740264}]}, {"source": 68, "prod": 0, "target": 27, "value": 0.0029977800377671516, "supply": [{"l": "Motor Gasoline", "v": 0.00026669676809536061}, {"l": "Gas-Diesel oil", "v": 0.002588704521015916}, {"l": "Liquefied petroleum gas (LPG)", "v": 0.00014237874865587538}]}, {"source": 68, "prod": 0, "target": 7, "value": 0.0051524344399122915, "supply": [{"l": "Motor Gasoline", "v": 0.00045838507016390101}, {"l": "Gas-Diesel oil", "v": 0.0044493358954961048}, {"l": "Liquefied petroleum gas (LPG)", "v": 0.0002447134742522858}]}, {"source": 68, "prod": 0, "target": 12, "value": 0.00053866360053628508, "supply": [{"l": "Motor Gasoline", "v": 4.7922075517135107e-05}, {"l": "Gas-Diesel oil", "v": 0.00046515784362004736}, {"l": "Liquefied petroleum gas (LPG)", "v": 2.5583681399102607e-05}]}, {"source": 68, "prod": 0, "target": 50, "value": 0.00098364657489234653, "supply": [{"l": "Motor Gasoline", "v": 8.7509877031290194e-05}, {"l": "Gas-Diesel oil", "v": 0.00084941867095834737}, {"l": "Liquefied petroleum gas (LPG)", "v": 4.6718026902709107e-05}]}, {"source": 68, "prod": 0, "target": 6, "value": 0.0031851412901275989, "supply": [{"l": "Motor Gasoline", "v": 0.00028336531610132062}, {"l": "Gas-Diesel oil", "v": 0.0027504985535794107}, {"l": "Liquefied petroleum gas (LPG)", "v": 0.0001512774204468676}]}, {"source": 68, "prod": 0, "target": 18, "value": 0.0052695352226375712, "supply": [{"l": "Motor Gasoline", "v": 0.00046880291266762603}, {"l": "Gas-Diesel oil", "v": 0.004550457165848289}, {"l": "Liquefied petroleum gas (LPG)", "v": 0.00025027514412165591}]}, {"source": 68, "prod": 0, "target": 20, "value": 0.0017096714277890785, "supply": [{"l": "Motor Gasoline", "v": 0.00015210050055438533}, {"l": "Gas-Diesel oil", "v": 0.0014763705471418894}, {"l": "Liquefied petroleum gas (LPG)", "v": 8.1200380092803919e-05}]}, {"source": 68, "prod": 0, "target": 3, "value": 0.00086654579216706722, "supply": [{"l": "Motor Gasoline", "v": 7.709203452756516e-05}, {"l": "Gas-Diesel oil", "v": 0.00074829740060616313}, {"l": "Liquefied petroleum gas (LPG)", "v": 4.1156357033338973e-05}]}, {"source": 68, "prod": 0, "target": 22, "value": 0.0010070667314374024, "supply": [{"l": "Motor Gasoline", "v": 8.9593445532035196e-05}, {"l": "Gas-Diesel oil", "v": 0.00086964292502878415}, {"l": "Liquefied petroleum gas (LPG)", "v": 4.7830360876583134e-05}]}, {"source": 68, "prod": 0, "target": 23, "value": 0.010539070445275142, "supply": [{"l": "Motor Gasoline", "v": 0.00093760582533525207}, {"l": "Gas-Diesel oil", "v": 0.0091009143316965781}, {"l": "Liquefied petroleum gas (LPG)", "v": 0.00050055028824331181}]}, {"source": 68, "prod": 0, "target": 25, "value": 0.00053866360053628508, "supply": [{"l": "Motor Gasoline", "v": 4.7922075517135107e-05}, {"l": "Gas-Diesel oil", "v": 0.00046515784362004736}, {"l": "Liquefied petroleum gas (LPG)", "v": 2.5583681399102607e-05}]}, {"source": 68, "prod": 0, "target": 17, "value": 9.3680626180223488e-05, "supply": [{"l": "Motor Gasoline", "v": 8.3342740029800191e-06}, {"l": "Gas-Diesel oil", "v": 8.0897016281747375e-05}, {"l": "Liquefied petroleum gas (LPG)", "v": 4.4493358954961057e-06}]}, {"source": 68, "prod": 0, "target": 11, "value": 0.011382196080897154, "supply": [{"l": "Motor Gasoline", "v": 0.0010126142913620723}, {"l": "Gas-Diesel oil", "v": 0.0098289874782323053}, {"l": "Liquefied petroleum gas (LPG)", "v": 0.00054059431130277678}]}, {"source": 68, "prod": 0, "target": 28, "value": 0.00023420156545055871, "supply": [{"l": "Motor Gasoline", "v": 2.0835685007450044e-05}, {"l": "Gas-Diesel oil", "v": 0.00020224254070436842}, {"l": "Liquefied petroleum gas (LPG)", "v": 1.1123339738740263e-05}]}, {"source": 68, "prod": 0, "target": 55, "value": 0.0037003847341188275, "supply": [{"l": "Motor Gasoline", "v": 0.00032920382311771074}, {"l": "Gas-Diesel oil", "v": 0.003195432143129021}, {"l": "Liquefied petroleum gas (LPG)", "v": 0.00017574876787209616}]}, {"source": 68, "prod": 0, "target": 31, "value": 0.00093680626180223483, "supply": [{"l": "Motor Gasoline", "v": 8.3342740029800178e-05}, {"l": "Gas-Diesel oil", "v": 0.0008089701628174737}, {"l": "Liquefied petroleum gas (LPG)", "v": 4.4493358954961054e-05}]}, {"source": 68, "prod": 0, "target": 32, "value": 0.00046840313090111741, "supply": [{"l": "Motor Gasoline", "v": 4.1671370014900089e-05}, {"l": "Gas-Diesel oil", "v": 0.00040448508140873685}, {"l": "Liquefied petroleum gas (LPG)", "v": 2.2246679477480527e-05}]}, {"source": 68, "prod": 0, "target": 34, "value": 0.00028104187854067044, "supply": [{"l": "Motor Gasoline", "v": 2.5002822008940054e-05}, {"l": "Gas-Diesel oil", "v": 0.0002426910488452421}, {"l": "Liquefied petroleum gas (LPG)", "v": 1.3348007686488315e-05}]}, {"source": 68, "prod": 0, "target": 36, "value": 0.00014052093927033522, "supply": [{"l": "Motor Gasoline", "v": 1.2501411004470027e-05}, {"l": "Gas-Diesel oil", "v": 0.00012134552442262105}, {"l": "Liquefied petroleum gas (LPG)", "v": 6.6740038432441577e-06}]}, {"source": 68, "prod": 0, "target": 53, "value": 0.00023420156545055871, "supply": [{"l": "Motor Gasoline", "v": 2.0835685007450044e-05}, {"l": "Gas-Diesel oil", "v": 0.00020224254070436842}, {"l": "Liquefied petroleum gas (LPG)", "v": 1.1123339738740263e-05}]}, {"source": 68, "prod": 0, "target": 4, "value": 0.03402948745996618, "supply": [{"l": "Motor Gasoline", "v": 0.0030274250315824917}, {"l": "Gas-Diesel oil", "v": 0.029385841164344728}, {"l": "Liquefied petroleum gas (LPG)", "v": 0.0016162212640389601}]}, {"source": 68, "prod": 0, "target": 38, "value": 0.00046840313090111741, "supply": [{"l": "Motor Gasoline", "v": 4.1671370014900089e-05}, {"l": "Gas-Diesel oil", "v": 0.00040448508140873685}, {"l": "Liquefied petroleum gas (LPG)", "v": 2.2246679477480527e-05}]}, {"source": 68, "prod": 0, "target": 39, "value": 0.00046840313090111741, "supply": [{"l": "Motor Gasoline", "v": 4.1671370014900089e-05}, {"l": "Gas-Diesel oil", "v": 0.00040448508140873685}, {"l": "Liquefied petroleum gas (LPG)", "v": 2.2246679477480527e-05}]}, {"source": 68, "prod": 0, "target": 42, "value": 0.0021546544021451403, "supply": [{"l": "Motor Gasoline", "v": 0.00019168830206854043}, {"l": "Gas-Diesel oil", "v": 0.0018606313744801894}, {"l": "Liquefied petroleum gas (LPG)", "v": 0.00010233472559641043}]}, {"source": 68, "prod": 0, "target": 8, "value": 0.0019204528366945815, "supply": [{"l": "Motor Gasoline", "v": 0.00017085261706109039}, {"l": "Gas-Diesel oil", "v": 0.001658388833775821}, {"l": "Liquefied petroleum gas (LPG)", "v": 9.1211385857670161e-05}]}, {"source": 68, "prod": 0, "target": 56, "value": 0.13433801794244049, "supply": [{"l": "Motor Gasoline", "v": 0.011951348920273346}, {"l": "Gas-Diesel oil", "v": 0.11600632134802571}, {"l": "Liquefied petroleum gas (LPG)", "v": 0.0063803476741414143}]}, {"source": 68, "prod": 0, "target": 44, "value": 0.00037472250472089395, "supply": [{"l": "Motor Gasoline", "v": 3.3337096011920077e-05}, {"l": "Gas-Diesel oil", "v": 0.0003235880651269895}, {"l": "Liquefied petroleum gas (LPG)", "v": 1.7797343581984423e-05}]}, {"source": 68, "prod": 0, "target": 2, "value": 0.0074944500944178786, "supply": [{"l": "Motor Gasoline", "v": 0.00066674192023840142}, {"l": "Gas-Diesel oil", "v": 0.0064717613025397896}, {"l": "Liquefied petroleum gas (LPG)", "v": 0.00035594687163968843}]}, {"source": 68, "prod": 0, "target": 46, "value": 0.0029509397246770398, "supply": [{"l": "Motor Gasoline", "v": 0.00026252963109387058}, {"l": "Gas-Diesel oil", "v": 0.0025482560128750422}, {"l": "Liquefied petroleum gas (LPG)", "v": 0.00014015408070812733}]}, {"source": 68, "prod": 0, "target": 29, "value": 0.0003513023481758381, "supply": [{"l": "Motor Gasoline", "v": 3.1253527511175068e-05}, {"l": "Gas-Diesel oil", "v": 0.00030336381105655261}, {"l": "Liquefied petroleum gas (LPG)", "v": 1.6685009608110396e-05}]}, {"source": 68, "prod": 0, "target": 51, "value": 0.0039345862995693861, "supply": [{"l": "Motor Gasoline", "v": 0.00035003950812516078}, {"l": "Gas-Diesel oil", "v": 0.0033976746838333895}, {"l": "Liquefied petroleum gas (LPG)", "v": 0.00018687210761083643}]}, {"source": 68, "prod": 0, "target": 52, "value": 0.0013349489230681847, "supply": [{"l": "Motor Gasoline", "v": 0.00011876340454246526}, {"l": "Gas-Diesel oil", "v": 0.0011527824820149}, {"l": "Liquefied petroleum gas (LPG)", "v": 6.3403036510819503e-05}]}, {"source": 68, "prod": 0, "target": 9, "value": 0.013115287665231288, "supply": [{"l": "Motor Gasoline", "v": 0.0011667983604172025}, {"l": "Gas-Diesel oil", "v": 0.011325582279444631}, {"l": "Liquefied petroleum gas (LPG)", "v": 0.00062290702536945471}]}, {"source": 70, "prod": 0.43574331188621745, "target": 0, "value": 0.0048239725647200721, "supply": [{"l": "Potash", "v": 0.000769166667282}, {"l": "Phosphate", "v": 0.0097380833411237992}, {"l": "Nitrogen", "v": 0.046473513926067689}]}, {"source": 70, "prod": 0.055775143921435837, "target": 27, "value": 0.00061746848828416921, "supply": [{"l": "Potash", "v": 0.000769166667282}, {"l": "Phosphate", "v": 0.0097380833411237992}, {"l": "Nitrogen", "v": 0.046473513926067689}]}, {"source": 70, "prod": 0.09586352861496783, "target": 7, "value": 0.0010612739642384158, "supply": [{"l": "Potash", "v": 0.000769166667282}, {"l": "Phosphate", "v": 0.0097380833411237992}, {"l": "Nitrogen", "v": 0.046473513926067689}]}, {"source": 70, "prod": 0.010022096173383002, "target": 12, "value": 0.00011095136898856166, "supply": [{"l": "Potash", "v": 0.000769166667282}, {"l": "Phosphate", "v": 0.0097380833411237992}, {"l": "Nitrogen", "v": 0.046473513926067689}]}, {"source": 70, "prod": 0.018301219099221132, "target": 50, "value": 0.00020260684771824302, "supply": [{"l": "Potash", "v": 0.000769166667282}, {"l": "Phosphate", "v": 0.0097380833411237992}, {"l": "Nitrogen", "v": 0.046473513926067689}]}, {"source": 70, "prod": 0.059261090416525573, "target": 6, "value": 0.0006560602688019298, "supply": [{"l": "Potash", "v": 0.000769166667282}, {"l": "Phosphate", "v": 0.0097380833411237992}, {"l": "Nitrogen", "v": 0.046473513926067689}]}, {"source": 70, "prod": 0.098042245174398926, "target": 18, "value": 0.0010853938270620161, "supply": [{"l": "Potash", "v": 0.000769166667282}, {"l": "Phosphate", "v": 0.0097380833411237992}, {"l": "Nitrogen", "v": 0.046473513926067689}]}, {"source": 70, "prod": 0.031809261767693872, "target": 20, "value": 0.00035214999722456525, "supply": [{"l": "Potash", "v": 0.000769166667282}, {"l": "Phosphate", "v": 0.0097380833411237992}, {"l": "Nitrogen", "v": 0.046473513926067689}]}, {"source": 70, "prod": 0.016122502539790043, "target": 3, "value": 0.00017848698489464265, "supply": [{"l": "Potash", "v": 0.000769166667282}, {"l": "Phosphate", "v": 0.0097380833411237992}, {"l": "Nitrogen", "v": 0.046473513926067689}]}, {"source": 70, "prod": 0.018736962411107349, "target": 22, "value": 0.00020743082028296309, "supply": [{"l": "Potash", "v": 0.000769166667282}, {"l": "Phosphate", "v": 0.0097380833411237992}, {"l": "Nitrogen", "v": 0.046473513926067689}]}, {"source": 70, "prod": 0.19608449034879785, "target": 23, "value": 0.0021707876541240323, "supply": [{"l": "Potash", "v": 0.000769166667282}, {"l": "Phosphate", "v": 0.0097380833411237992}, {"l": "Nitrogen", "v": 0.046473513926067689}]}, {"source": 70, "prod": 0.010022096173383002, "target": 25, "value": 0.00011095136898856166, "supply": [{"l": "Potash", "v": 0.000769166667282}, {"l": "Phosphate", "v": 0.0097380833411237992}, {"l": "Nitrogen", "v": 0.046473513926067689}]}, {"source": 70, "prod": 0.0017429732475448699, "target": 17, "value": 1.9295890258880288e-05, "supply": [{"l": "Potash", "v": 0.000769166667282}, {"l": "Phosphate", "v": 0.0097380833411237992}, {"l": "Nitrogen", "v": 0.046473513926067689}]}, {"source": 70, "prod": 0.21177124957670168, "target": 11, "value": 0.002344450666453955, "supply": [{"l": "Potash", "v": 0.000769166667282}, {"l": "Phosphate", "v": 0.0097380833411237992}, {"l": "Nitrogen", "v": 0.046473513926067689}]}, {"source": 70, "prod": 0.0043574331188621744, "target": 28, "value": 4.8239725647200718e-05, "supply": [{"l": "Potash", "v": 0.000769166667282}, {"l": "Phosphate", "v": 0.0097380833411237992}, {"l": "Nitrogen", "v": 0.046473513926067689}]}, {"source": 70, "prod": 0.068847443278022349, "target": 55, "value": 0.00076218766522577139, "supply": [{"l": "Potash", "v": 0.000769166667282}, {"l": "Phosphate", "v": 0.0097380833411237992}, {"l": "Nitrogen", "v": 0.046473513926067689}]}, {"source": 70, "prod": 0.017429732475448698, "target": 31, "value": 0.00019295890258880287, "supply": [{"l": "Potash", "v": 0.000769166667282}, {"l": "Phosphate", "v": 0.0097380833411237992}, {"l": "Nitrogen", "v": 0.046473513926067689}]}, {"source": 70, "prod": 0.0087148662377243488, "target": 32, "value": 9.6479451294401435e-05, "supply": [{"l": "Potash", "v": 0.000769166667282}, {"l": "Phosphate", "v": 0.0097380833411237992}, {"l": "Nitrogen", "v": 0.046473513926067689}]}, {"source": 70, "prod": 0.0052289197426346086, "target": 34, "value": 5.788767077664086e-05, "supply": [{"l": "Potash", "v": 0.000769166667282}, {"l": "Phosphate", "v": 0.0097380833411237992}, {"l": "Nitrogen", "v": 0.046473513926067689}]}, {"source": 70, "prod": 0.0026144598713173043, "target": 36, "value": 2.894383538832043e-05, "supply": [{"l": "Potash", "v": 0.000769166667282}, {"l": "Phosphate", "v": 0.0097380833411237992}, {"l": "Nitrogen", "v": 0.046473513926067689}]}, {"source": 70, "prod": 0.0043574331188621744, "target": 53, "value": 4.8239725647200718e-05, "supply": [{"l": "Potash", "v": 0.000769166667282}, {"l": "Phosphate", "v": 0.0097380833411237992}, {"l": "Nitrogen", "v": 0.046473513926067689}]}, {"source": 70, "prod": 0.63313503217067391, "target": 4, "value": 0.007009232136538264, "supply": [{"l": "Potash", "v": 0.000769166667282}, {"l": "Phosphate", "v": 0.0097380833411237992}, {"l": "Nitrogen", "v": 0.046473513926067689}]}, {"source": 70, "prod": 0.0087148662377243488, "target": 38, "value": 9.6479451294401435e-05, "supply": [{"l": "Potash", "v": 0.000769166667282}, {"l": "Phosphate", "v": 0.0097380833411237992}, {"l": "Nitrogen", "v": 0.046473513926067689}]}, {"source": 70, "prod": 0.0087148662377243488, "target": 39, "value": 9.6479451294401435e-05, "supply": [{"l": "Potash", "v": 0.000769166667282}, {"l": "Phosphate", "v": 0.0097380833411237992}, {"l": "Nitrogen", "v": 0.046473513926067689}]}, {"source": 70, "prod": 0.040088384693532007, "target": 42, "value": 0.00044380547595424663, "supply": [{"l": "Potash", "v": 0.000769166667282}, {"l": "Phosphate", "v": 0.0097380833411237992}, {"l": "Nitrogen", "v": 0.046473513926067689}]}, {"source": 70, "prod": 0.035730951574669829, "target": 8, "value": 0.00039556575030704589, "supply": [{"l": "Potash", "v": 0.000769166667282}, {"l": "Phosphate", "v": 0.0097380833411237992}, {"l": "Nitrogen", "v": 0.046473513926067689}]}, {"source": 70, "prod": 2.4994236369793432, "target": 56, "value": 0.027670306631234331, "supply": [{"l": "Potash", "v": 0.000769166667282}, {"l": "Phosphate", "v": 0.0097380833411237992}, {"l": "Nitrogen", "v": 0.046473513926067689}]}, {"source": 70, "prod": 0.0069718929901794796, "target": 44, "value": 7.7183561035521151e-05, "supply": [{"l": "Potash", "v": 0.000769166667282}, {"l": "Phosphate", "v": 0.0097380833411237992}, {"l": "Nitrogen", "v": 0.046473513926067689}]}, {"source": 70, "prod": 0.13943785980358958, "target": 2, "value": 0.001543671220710423, "supply": [{"l": "Potash", "v": 0.000769166667282}, {"l": "Phosphate", "v": 0.0097380833411237992}, {"l": "Nitrogen", "v": 0.046473513926067689}]}, {"source": 70, "prod": 0.054903657297663395, "target": 46, "value": 0.00060782054315472911, "supply": [{"l": "Potash", "v": 0.000769166667282}, {"l": "Phosphate", "v": 0.0097380833411237992}, {"l": "Nitrogen", "v": 0.046473513926067689}]}, {"source": 70, "prod": 0.0065361496782932616, "target": 29, "value": 7.2359588470801076e-05, "supply": [{"l": "Potash", "v": 0.000769166667282}, {"l": "Phosphate", "v": 0.0097380833411237992}, {"l": "Nitrogen", "v": 0.046473513926067689}]}, {"source": 70, "prod": 0.073204876396884527, "target": 51, "value": 0.00081042739087297208, "supply": [{"l": "Potash", "v": 0.000769166667282}, {"l": "Phosphate", "v": 0.0097380833411237992}, {"l": "Nitrogen", "v": 0.046473513926067689}]}, {"source": 70, "prod": 0.024837368777514395, "target": 52, "value": 0.00027496643618904411, "supply": [{"l": "Potash", "v": 0.000769166667282}, {"l": "Phosphate", "v": 0.0097380833411237992}, {"l": "Nitrogen", "v": 0.046473513926067689}]}, {"source": 70, "prod": 0.24401625465628174, "target": 9, "value": 0.00270142463624324, "supply": [{"l": "Potash", "v": 0.000769166667282}, {"l": "Phosphate", "v": 0.0097380833411237992}, {"l": "Nitrogen", "v": 0.046473513926067689}]}, {"source": 68, "prod": 0, "target": 70, "value": 0.067471724116331816, "supply": [{"l": "Natural gas (including LNG)", "v": 0.046342728447862302}, {"l": "Fuel oil", "v": 0.012913817473691165}, {"l": "Liquefied petroleum gas (LPG)", "v": 0.0041075890973891775}, {"l": "Coal", "v": 0.0041075890973891775}]}, {"source": 71, "prod": 0, "target": 0, "value": 0.049501415260498345, "supply": "[{\"l\":'Labor',\"v\":0.049501415260498345}]"}, {"source": 71, "prod": 0, "target": 27, "value": 0.0063361811533437879, "supply": "[{\"l\":'Labor',\"v\":0.0063361811533437879}]"}, {"source": 71, "prod": 0, "target": 7, "value": 0.010890311357309635, "supply": "[{\"l\":'Labor',\"v\":0.010890311357309635}]"}, {"source": 71, "prod": 0, "target": 12, "value": 0.0011385325509914619, "supply": "[{\"l\":'Labor',\"v\":0.0011385325509914619}]"}, {"source": 71, "prod": 0, "target": 15, "value": 4.9501415260498343e-05, "supply": "[{\"l\":'Labor',\"v\":4.9501415260498343e-05}]"}, {"source": 71, "prod": 0, "target": 6, "value": 0.006732192475427775, "supply": "[{\"l\":'Labor',\"v\":0.006732192475427775}]"}, {"source": 71, "prod": 0, "target": 36, "value": 0.00029700849156299005, "supply": "[{\"l\":'Labor',\"v\":0.00029700849156299005}]"}, {"source": 71, "prod": 0, "target": 18, "value": 0.011137818433612126, "supply": "[{\"l\":'Labor',\"v\":0.011137818433612126}]"}, {"source": 71, "prod": 0, "target": 20, "value": 0.0036136033140163788, "supply": "[{\"l\":'Labor',\"v\":0.0036136033140163788}]"}, {"source": 71, "prod": 0, "target": 3, "value": 0.0018315523646384385, "supply": "[{\"l\":'Labor',\"v\":0.0018315523646384385}]"}, {"source": 71, "prod": 0, "target": 22, "value": 0.0021285608562014286, "supply": "[{\"l\":'Labor',\"v\":0.0021285608562014286}]"}, {"source": 71, "prod": 0, "target": 23, "value": 0.022275636867224252, "supply": "[{\"l\":'Labor',\"v\":0.022275636867224252}]"}, {"source": 71, "prod": 0, "target": 25, "value": 0.0011385325509914619, "supply": "[{\"l\":'Labor',\"v\":0.0011385325509914619}]"}, {"source": 71, "prod": 0, "target": 11, "value": 0.024057687816602193, "supply": "[{\"l\":'Labor',\"v\":0.024057687816602193}]"}, {"source": 71, "prod": 0, "target": 28, "value": 0.00049501415260498345, "supply": "[{\"l\":'Labor',\"v\":0.00049501415260498345}]"}, {"source": 71, "prod": 0, "target": 55, "value": 0.0078212236111587369, "supply": "[{\"l\":'Labor',\"v\":0.0078212236111587369}]"}, {"source": 71, "prod": 0, "target": 31, "value": 0.0019800566104199338, "supply": "[{\"l\":'Labor',\"v\":0.0019800566104199338}]"}, {"source": 71, "prod": 0, "target": 32, "value": 0.00099002830520996689, "supply": "[{\"l\":'Labor',\"v\":0.00099002830520996689}]"}, {"source": 71, "prod": 0, "target": 34, "value": 0.00059401698312598009, "supply": "[{\"l\":'Labor',\"v\":0.00059401698312598009}]"}, {"source": 71, "prod": 0, "target": 53, "value": 0.00049501415260498345, "supply": "[{\"l\":'Labor',\"v\":0.00049501415260498345}]"}, {"source": 71, "prod": 0, "target": 4, "value": 0.07192555637350409, "supply": "[{\"l\":'Labor',\"v\":0.07192555637350409}]"}, {"source": 71, "prod": 0, "target": 50, "value": 0.0020790594409409303, "supply": "[{\"l\":'Labor',\"v\":0.0020790594409409303}]"}, {"source": 71, "prod": 0, "target": 56, "value": 0.28394011793421847, "supply": "[{\"l\":'Labor',\"v\":0.28394011793421847}]"}, {"source": 71, "prod": 0, "target": 38, "value": 0.00099002830520996689, "supply": "[{\"l\":'Labor',\"v\":0.00099002830520996689}]"}, {"source": 71, "prod": 0, "target": 17, "value": 0.00019800566104199337, "supply": "[{\"l\":'Labor',\"v\":0.00019800566104199337}]"}, {"source": 71, "prod": 0, "target": 42, "value": 0.0045541302039658477, "supply": "[{\"l\":'Labor',\"v\":0.0045541302039658477}]"}, {"source": 71, "prod": 0, "target": 8, "value": 0.0040591160513608641, "supply": "[{\"l\":'Labor',\"v\":0.0040591160513608641}]"}, {"source": 71, "prod": 0, "target": 44, "value": 0.00079202264416797349, "supply": "[{\"l\":'Labor',\"v\":0.00079202264416797349}]"}, {"source": 71, "prod": 0, "target": 2, "value": 0.01584045288335947, "supply": "[{\"l\":'Labor',\"v\":0.01584045288335947}]"}, {"source": 71, "prod": 0, "target": 46, "value": 0.0062371783228227914, "supply": "[{\"l\":'Labor',\"v\":0.0062371783228227914}]"}, {"source": 71, "prod": 0, "target": 29, "value": 0.00074252122890747512, "supply": "[{\"l\":'Labor',\"v\":0.00074252122890747512}]"}, {"source": 71, "prod": 0, "target": 51, "value": 0.0083162377637637213, "supply": "[{\"l\":'Labor',\"v\":0.0083162377637637213}]"}, {"source": 71, "prod": 0, "target": 39, "value": 0.00099002830520996689, "supply": "[{\"l\":'Labor',\"v\":0.00099002830520996689}]"}, {"source": 71, "prod": 0, "target": 52, "value": 0.0028215806698484052, "supply": "[{\"l\":'Labor',\"v\":0.0028215806698484052}]"}, {"source": 71, "prod": 0, "target": 9, "value": 0.027720792545879069, "supply": "[{\"l\":'Labor',\"v\":0.027720792545879069}]"}, {"source": 68, "prod": 0, "target": 62, "value": 0.2227540571187705, "supply": "[{\"l\":'Fossil Fuels',\"v\":0.2227540571187705}]"}, {"source": 69, "prod": 0, "target": 62, "value": 0.1443892169935041, "supply": "[{\"l\":'Renewables & Nuclear',\"v\":0.014399292861508312},{\"l\":'Biomass & Waste',\"v\":0.12998992413199578}]"}]}