{"nodes": [{"layer": 3, "name": "Cereals", "fill": "#e7ba52"}, {"layer": 5, "name": "Production", "fill": "#b5cf6b"}, {"layer": 3, "name": "Oilcrops", "fill": "#ff9896"}, {"layer": 3, "name": "Fruits, Roots & Vegetables", "fill": "#98df8a"}, {"layer": 3, "name": "Sugar Crops", "fill": "#ffbb78"}, {"layer": 1, "name": "Electricity", "fill": "#bcbd22"}, {"layer": 0, "name": "Fossil Fuels", "fill": "#c49c94"}, {"layer": 0, "name": "Renewables & Nuclear", "fill": "#2ca02c"}, {"layer": 1, "name": "Fertilizers", "fill": "#c5b0d5"}, {"layer": 0, "name": "Labor", "fill": "#7f7f7f"}], "links": [{"source": 0, "prod": 16778.0, "target": 1, "value": 53.684312103148947, "supply": [{"l": "Maize", "v": 1.7567518817265846}, {"l": "Rye", "v": 0.11861075957713237}, {"l": "Barley", "v": 8.4005937581951056}, {"l": "Rice", "v": 2.0429588574383071}, {"l": "Cereals, Other", "v": 0.25470099951300001}, {"l": "Wheat", "v": 39.982957586706647}, {"l": "Oats", "v": 0.97837526797057139}, {"l": "Sorghum", "v": 0.040577365118492643}, {"l": "Millet", "v": 0.10878562690310799}]}, {"source": 2, "prod": 2804.0, "target": 1, "value": 18.382333651838998, "supply": [{"l": "Sunflower seed", "v": 0.50940199902600014}, {"l": "Sesame seed", "v": 0.091975360935250008}, {"l": "Cottonseed", "v": 17.219101500806445}, {"l": "Oilcrops, Other", "v": 0.41388912420862506}, {"l": "Soyabeans", "v": 0.019709005914696428}, {"l": "Groundnuts", "v": 0.055990305927426737}, {"l": "Rape and Mustardseed", "v": 0.072266355020553577}]}, {"source": 3, "prod": 10163.0, "target": 1, "value": 5.1690388953139657, "supply": [{"l": "Nuts", "v": 0.089368771758947377}, {"l": "Grapefruit", "v": 0.00053062708231875}, {"l": "Tomatoes", "v": 0.28972884488213063}, {"l": "Treenuts", "v": 0.090755528562103449}, {"l": "Vegetables, Other", "v": 0.8101289803695757}, {"l": "Peas", "v": 0.12735049975650001}, {"l": "Grapes", "v": 0.48654421701842304}, {"l": "Pimento", "v": 0.02122508329275}, {"l": "Potatoes", "v": 2.2312052056808707}, {"l": "Beans", "v": 0.0424501665855}, {"l": "Apples", "v": 0.31147809732110626}, {"l": "Lemons, Limes", "v": 0.0010612541646375}, {"l": "Citrus, Other", "v": 0.0010612541646375}, {"l": "Fruits, Other", "v": 0.25065812650485714}, {"l": "Oranges, Mandarines", "v": 0.00030375790043291593}, {"l": "Onions", "v": 0.34160819152097477}, {"l": "Pulses, Other", "v": 0.07358028874820001}]}, {"source": 4, "prod": 533.0, "target": 1, "value": 0.61946444326000005, "supply": [{"l": "Sugar beet", "v": 0.61946444326000005}]}, {"source": 5, "prod": 0, "target": 3, "value": 0.44601537426756621, "supply": "[{\"l\":'Energy for power irrigation',\"v\":0.44601537426756621}]"}, {"source": 5, "prod": 0, "target": 4, "value": 0.023656925816018182, "supply": "[{\"l\":'Energy for power irrigation',\"v\":0.023656925816018182}]"}, {"source": 5, "prod": 0, "target": 0, "value": 0.83221685459921102, "supply": "[{\"l\":'Energy for power irrigation',\"v\":0.83221685459921102}]"}, {"source": 5, "prod": 0, "target": 2, "value": 0.1243071797914948, "supply": "[{\"l\":'Energy for power irrigation',\"v\":0.1243071797914948}]"}, {"source": 6, "prod": 0, "target": 5, "value": 2.1590760155984157, "supply": [{"l": "Coal", "v": 1.418961592984872}, {"l": "Natural gas", "v": 0.44085978625366684}, {"l": "Oil", "v": 0.29925463635987698}]}, {"source": 7, "prod": 0, "target": 5, "value": 0.53865465826660341, "supply": [{"l": "Nuclear", "v": 0.25618750677678376}, {"l": "Hydroelectric", "v": 0.26524142756586161}, {"l": "Renewable", "v": 0.017225723923958092}]}, {"source": 6, "prod": 0, "target": 3, "value": 5.4521498779757076, "supply": [{"l": "Motor Gasoline", "v": 0.12699472412551485}, {"l": "Gas-Diesel oil", "v": 3.7503360215792654}, {"l": "Natural gas (including LNG)", "v": 0.6635102967854728}, {"l": "Fuel oil", "v": 0.0058492223073520764}, {"l": "Coal", "v": 0.90545961317810164}]}, {"source": 6, "prod": 0, "target": 4, "value": 0.28918533450308298, "supply": [{"l": "Motor Gasoline", "v": 0.0067358771490704412}, {"l": "Gas-Diesel oil", "v": 0.19892009595708948}, {"l": "Natural gas (including LNG)", "v": 0.035192988347082586}, {"l": "Fuel oil", "v": 0.00031024629685391821}, {"l": "Coal", "v": 0.048026126752986543}]}, {"source": 6, "prod": 0, "target": 0, "value": 10.173126945912026, "supply": [{"l": "Motor Gasoline", "v": 0.23695853542265657}, {"l": "Gas-Diesel oil", "v": 6.9977248042047542}, {"l": "Natural gas (including LNG)", "v": 1.2380390543527267}, {"l": "Fuel oil", "v": 0.010914021514325335}, {"l": "Coal", "v": 1.6894905304175623}]}, {"source": 6, "prod": 0, "target": 2, "value": 1.5195471148156503, "supply": [{"l": "Motor Gasoline", "v": 0.035394196960958045}, {"l": "Gas-Diesel oil", "v": 1.0452413100748896}, {"l": "Natural gas (including LNG)", "v": 0.18492432887871785}, {"l": "Fuel oil", "v": 0.001630213600135332}, {"l": "Coal", "v": 0.25235706530094942}]}, {"source": 8, "prod": 27.670307859786632, "target": 3, "value": 0.42205134878671896, "supply": [{"l": "Potash", "v": 0.0058678870417313454}, {"l": "Phosphate", "v": 0.070739277834369188}, {"l": "Nitrogen", "v": 1.2729608574998501}]}, {"source": 8, "prod": 1.4676499020248206, "target": 4, "value": 0.022385859378040465, "supply": [{"l": "Potash", "v": 0.0058678870417313454}, {"l": "Phosphate", "v": 0.070739277834369188}, {"l": "Nitrogen", "v": 1.2729608574998501}]}, {"source": 8, "prod": 51.629826910516002, "target": 0, "value": 0.78750255312035211, "supply": [{"l": "Potash", "v": 0.0058678870417313454}, {"l": "Phosphate", "v": 0.070739277834369188}, {"l": "Nitrogen", "v": 1.2729608574998501}]}, {"source": 8, "prod": 7.7118819943392127, "target": 2, "value": 0.117628261090839, "supply": [{"l": "Potash", "v": 0.0058678870417313454}, {"l": "Phosphate", "v": 0.070739277834369188}, {"l": "Nitrogen", "v": 1.2729608574998501}]}, {"source": 6, "prod": 0, "target": 8, "value": 1.5930586827207582, "supply": [{"l": "Natural gas (including LNG)", "v": 1.0865234342945265}, {"l": "Fuel oil", "v": 0.2815124473534405}, {"l": "Liquefied petroleum gas (LPG)", "v": 0.11251140053639565}, {"l": "Coal", "v": 0.11251140053639565}]}, {"source": 9, "prod": 0, "target": 3, "value": 1.2572103168871145, "supply": "[{\"l\":'Labor',\"v\":1.2572103168871145}]"}, {"source": 9, "prod": 0, "target": 4, "value": 0.066683197301376007, "supply": "[{\"l\":'Labor',\"v\":0.066683197301376007}]"}, {"source": 9, "prod": 0, "target": 0, "value": 2.3458196193519769, "supply": "[{\"l\":'Labor',\"v\":2.3458196193519769}]"}, {"source": 9, "prod": 0, "target": 2, "value": 0.35039211182719365, "supply": "[{\"l\":'Labor',\"v\":0.35039211182719365}]"}]}