{"nodes": [{"layer": 13, "name": "Milk - Excluding Butter"}, {"layer": 10, "name": "Feed", "fill": "#dbdb8d"}, {"layer": 5, "name": "Oilcrops", "fill": "#ff9896"}, {"layer": 5, "name": "Vegetables"}, {"layer": 5, "name": "Sugar Crops", "fill": "#ffbb78"}, {"layer": 5, "name": "Starchy Roots"}, {"layer": 5, "name": "Pulses"}, {"layer": 13, "name": "Fish, Seafood"}, {"layer": 5, "name": "Fruits - Excluding Wine"}, {"layer": 5, "name": "Cereals - Excluding Beer"}, {"layer": 13, "name": "Eggs"}, {"layer": 13, "name": "Meat"}, {"layer": 16, "name": "Food", "fill": "#b5cf6b"}, {"layer": 5, "name": "Treenuts"}, {"layer": 5, "name": "Others"}, {"layer": 13, "name": "Alcoholic Beverages"}, {"layer": 13, "name": "Animal Fats"}, {"layer": 13, "name": "Sugar & Sweeteners"}, {"layer": 13, "name": "Vegetable Oils", "fill": "#f7b6d2"}, {"layer": 5, "name": "Spices"}, {"layer": 5, "name": "Stimulants"}, {"layer": 10, "name": "Processing", "fill": "#9edae5"}, {"layer": 16, "name": "Biofuels & Other", "fill": "#e7ba52"}, {"name": "Waste", "fill": "#c7c7c7"}, {"layer": 2, "name": "Import", "fill": "#aec7e8"}, {"layer": 16, "name": "Export", "fill": "#aec7e8"}, {"layer": 16, "name": "Stock Deposit", "fill": "#c7c7c7"}, {"layer": 0, "name": "Stock Draw", "fill": "#c7c7c7"}, {"name": "Crop Residue", "fill": "#bd9e39"}, {"layer": 2, "name": "Electricity", "fill": "#bcbd22"}, {"layer": 0, "name": "Fossil Fuels", "fill": "#c49c94"}, {"layer": 0, "name": "Renewables & Nuclear", "fill": "#2ca02c"}, {"layer": 2, "name": "Fertilizers", "fill": "#c5b0d5"}, {"layer": 0, "name": "Labor", "fill": "#7f7f7f"}], "links": [{"source": 0, "prod": 2592.0, "target": 1, "value": 1.8264641015557195, "supply": [{"l": "Milk - Excluding Butter", "v": 1.8264641015557195}]}, {"source": 2, "prod": 726.0, "target": 1, "value": 3.9669959951561502, "supply": [{"l": "Soyabeans", "v": 0.044405108467726981}, {"l": "Sunflower seed", "v": 0.25916943810094745}, {"l": "Cottonseed", "v": 3.1028069541824226}, {"l": "Rape and Mustardseed", "v": 0.033303831350795232}, {"l": "Oilcrops, Other", "v": 0.52731066305425789}]}, {"source": 3, "prod": 440.0, "target": 1, "value": 0.12454981130355493, "supply": [{"l": "Vegetables, Other", "v": 0.11923721596210379}, {"l": "Onions", "v": 0.0053125953414511328}]}, {"source": 4, "prod": 19.0, "target": 1, "value": 0.02208222218, "supply": [{"l": "Sugar beet", "v": 0.02208222218}]}, {"source": 5, "prod": 658.0, "target": 1, "value": 0.51062573383352716, "supply": [{"l": "Potatoes", "v": 0.51062573383352716}]}, {"source": 6, "prod": 57.0, "target": 1, "value": 0.17121567189485001, "supply": [{"l": "Beans", "v": 0.014150055528500001}, {"l": "Peas", "v": 0.093390366488100007}, {"l": "Pulses, Other", "v": 0.063675249878250004}]}, {"source": 7, "prod": 16.0, "target": 1, "value": 0.019306914059803702, "supply": [{"l": "Fish, Seafood", "v": 0.0090159645845309735}, {"l": "Pelagic Fish", "v": 0.010290949475272728}]}, {"source": 8, "prod": 34.0, "target": 1, "value": 0.017818588443296299, "supply": [{"l": "Apples", "v": 0.017818588443296299}]}, {"source": 9, "prod": 6791.0, "target": 1, "value": 21.276003217967862, "supply": [{"l": "Maize", "v": 2.289570275192129}, {"l": "Oats", "v": 0.24833347452517501}, {"l": "Rye", "v": 0.042450166585500007}, {"l": "Barley", "v": 4.441557587308063}, {"l": "Rice", "v": 0.0041544705064855709}, {"l": "Sorghum", "v": 0.029928899347918311}, {"l": "Cereals, Other", "v": 0.15369887901646551}, {"l": "Wheat", "v": 13.978912063692448}, {"l": "Millet", "v": 0.087397401793676485}]}, {"source": 10, "prod": 31.0, "target": 1, "value": 0.049972980917107605, "supply": [{"l": "Eggs", "v": 0.049972980917107605}]}, {"source": 11, "prod": 6.0, "target": 1, "value": 0.015609253947761931, "supply": [{"l": "Bovine Meat", "v": 0.015609253947761931}]}, {"source": 0, "prod": 9120.0, "target": 12, "value": 6.4264477647330862, "supply": [{"l": "Milk - Excluding Butter", "v": 6.4264477647330862}]}, {"source": 11, "prod": 1927.0, "target": 12, "value": 4.4835098726400702, "supply": [{"l": "Pigmeat", "v": 0.52738089310927061}, {"l": "Meat, Other", "v": 0.072379061012687054}, {"l": "Mutton & Goat Meat", "v": 0.95716605983361258}, {"l": "Poultry Meat", "v": 0.21581535073238933}, {"l": "Offals, Edible", "v": 0.21588941863482858}, {"l": "Bovine Meat", "v": 2.4948790893172821}]}, {"source": 13, "prod": 50.0, "target": 12, "value": 0.16693885735870787, "supply": [{"l": "Treenuts", "v": 0.16693885735870787}]}, {"source": 3, "prod": 7418.0, "target": 12, "value": 1.966429128677847, "supply": [{"l": "Vegetables, Other", "v": 1.1749775539983311}, {"l": "Tomatoes", "v": 0.4556955490998042}, {"l": "Onions", "v": 0.33575602557971157}]}, {"source": 14, "prod": 50.0, "target": 12, "value": 0.17012745588385883, "supply": [{"l": "Nuts", "v": 0.16780301144385884}, {"l": "Infant food", "v": 0.0023244444400000001}]}, {"source": 15, "prod": 614.0, "target": 12, "value": 0.67419182261715038, "supply": [{"l": "Beer", "v": 0.21608743690461515}, {"l": "Beverages, Alcoholic", "v": 0.36048950989273815}, {"l": "Wine", "v": 0.095974289671565224}, {"l": "Beverages, Fermented", "v": 0.0016405861482318839}]}, {"source": 16, "prod": 82.0, "target": 12, "value": 0.57883110437512297, "supply": [{"l": "Fats, Animals, Raw", "v": 0.28866113278140004}, {"l": "Butter, Ghee", "v": 0.26567949087131898}, {"l": "Cream", "v": 0.024490480722403847}]}, {"source": 5, "prod": 3214.0, "target": 12, "value": 2.4941506208829125, "supply": [{"l": "Potatoes", "v": 2.4941506208829125}]}, {"source": 6, "prod": 29.0, "target": 12, "value": 0.096220377593800019, "supply": [{"l": "Peas", "v": 0.025470099951300004}, {"l": "Beans", "v": 0.070750277642500012}]}, {"source": 7, "prod": 129.0, "target": 12, "value": 0.14661430365431777, "supply": [{"l": "Marine Fish, Other", "v": 0.0029530550668173915}, {"l": "Freshwater Fish", "v": 0.023246519796821432}, {"l": "Pelagic Fish", "v": 0.047595641323136366}, {"l": "Fish, Seafood", "v": 0.072127716676247788}, {"l": "Demersal Fish", "v": 0.00069137079129478834}]}, {"source": 17, "prod": 736.0, "target": 12, "value": 2.8380509099775568, "supply": [{"l": "Sugar", "v": 2.7901336764833182}, {"l": "Sweeteners, Other", "v": 0.024762597174875004}, {"l": "Honey", "v": 0.023154636319363639}]}, {"source": 9, "prod": 9925.0, "target": 12, "value": 33.064310489217199, "supply": [{"l": "Maize", "v": 1.0544073635753228}, {"l": "Rye", "v": 0.047444303830852942}, {"l": "Barley", "v": 0.57491564194535427}, {"l": "Rice", "v": 1.8695117279185069}, {"l": "Cereals, Other", "v": 0.16736100159570688}, {"l": "Wheat", "v": 29.25603154955202}, {"l": "Oats", "v": 0.072165283195350011}, {"l": "Millet", "v": 0.022473617604088239}]}, {"source": 18, "prod": 545.0, "target": 12, "value": 5.6218206871408762, "supply": [{"l": "Maize Germ Oil", "v": 0.047166851761666677}, {"l": "Soyabean Oil", "v": 0.24257238048857147}, {"l": "Sunflowerseed Oil", "v": 1.8031017360345876}, {"l": "Rape and Mustard Oil", "v": 0.048514476097714289}, {"l": "Oilcrops Oil, Other", "v": 0.169800666342}, {"l": "Cottonseed Oil", "v": 3.3106645764163365}]}, {"source": 19, "prod": 5.0, "target": 12, "value": 0.014208921845456909, "supply": [{"l": "Pepper", "v": 0.0011622222200000001}, {"l": "Pimento", "v": 0.008884918587662792}, {"l": "Spices, Other", "v": 0.0041617810377941175}]}, {"source": 20, "prod": 71.0, "target": 12, "value": 0.28310065625920189, "supply": [{"l": "Cocoa Beans", "v": 0.21947639319737233}, {"l": "Coffee", "v": 0.03966045934420856}, {"l": "Tea", "v": 0.023963803717620968}]}, {"source": 10, "prod": 223.0, "target": 12, "value": 0.35948305627467725, "supply": [{"l": "Eggs", "v": 0.35948305627467725}]}, {"source": 8, "prod": 1213.0, "target": 12, "value": 0.71289342496942953, "supply": [{"l": "Grapefruit", "v": 0.0012253282165585202}, {"l": "Grapes", "v": 0.26374775632630326}, {"l": "Dates", "v": 0.00183799232483778}, {"l": "Apples", "v": 0.14412093593842593}, {"l": "Lemons, Limes", "v": 0.0024506564331170403}, {"l": "Pineapples", "v": 0.00183799232483778}, {"l": "Bananas", "v": 0.023722151915426471}, {"l": "Citrus, Other", "v": 0.00061266410827926008}, {"l": "Fruits, Other", "v": 0.26365307545960204}, {"l": "Oranges, Mandarines", "v": 0.0096848719220415207}]}, {"source": 2, "prod": 31.0, "target": 12, "value": 0.18015886605981998, "supply": [{"l": "Olives", "v": 0.0055506385584658726}, {"l": "Sunflower seed", "v": 0.049152824467421058}, {"l": "Sesame seed", "v": 0.11939109352171876}, {"l": "Groundnuts", "v": 0.0060643095122142861}]}, {"source": 2, "prod": 2314.0, "target": 21, "value": 12.517353233193443, "supply": [{"l": "Sunflower seed", "v": 1.3494684535601056}, {"l": "Soyabeans", "v": 0.14986724107857854}, {"l": "Cottonseed", "v": 10.851498381800782}, {"l": "Rape and Mustardseed", "v": 0.055506385584658723}, {"l": "Oilcrops, Other", "v": 0.11101277116931745}]}, {"source": 3, "prod": 32.0, "target": 21, "value": 0.0089778609665584035, "supply": [{"l": "Vegetables, Other", "v": 0.0089778609665584035}]}, {"source": 4, "prod": 1414.0, "target": 21, "value": 1.64338221908, "supply": [{"l": "Sugar beet", "v": 1.64338221908}]}, {"source": 5, "prod": 21.0, "target": 21, "value": 0.016296565973410445, "supply": [{"l": "Potatoes", "v": 0.016296565973410445}]}, {"source": 8, "prod": 180.0, "target": 21, "value": 0.12475799735826945, "supply": [{"l": "Fruits, Other", "v": 0.0010588476926088437}, {"l": "Grapes", "v": 0.12317507353497542}, {"l": "Apples", "v": 0.00052407613068518528}]}, {"source": 9, "prod": 306.0, "target": 21, "value": 0.97258205743332493, "supply": [{"l": "Wheat", "v": 0.80144437797052182}, {"l": "Barley", "v": 0.17113767946280314}]}, {"source": 0, "prod": 58.0, "target": 22, "value": 0.0408699528897499, "supply": [{"l": "Milk - Excluding Butter", "v": 0.0408699528897499}]}, {"source": 2, "prod": 42.0, "target": 22, "value": 0.23312681945556663, "supply": [{"l": "Cottonseed", "v": 0.23312681945556663}]}, {"source": 3, "prod": 18.0, "target": 22, "value": 0.0050500467936891013, "supply": [{"l": "Vegetables, Other", "v": 0.0050500467936891013}]}, {"source": 4, "prod": 9.0, "target": 22, "value": 0.010459999980000001, "supply": [{"l": "Sugar beet", "v": 0.010459999980000001}]}, {"source": 16, "prod": 56.0, "target": 22, "value": 0.4754418657576, "supply": [{"l": "Fats, Animals, Raw", "v": 0.4754418657576}]}, {"source": 5, "prod": 103.0, "target": 22, "value": 0.079930775964822648, "supply": [{"l": "Potatoes", "v": 0.079930775964822648}]}, {"source": 17, "prod": 382.0, "target": 22, "value": 1.4741785123328186, "supply": [{"l": "Sugar", "v": 1.4741785123328186}]}, {"source": 15, "prod": 11.0, "target": 22, "value": 0.0090232238152753632, "supply": [{"l": "Alcohol, Non-Food", "v": 0.0090232238152753632}]}, {"source": 9, "prod": 430.0, "target": 22, "value": 1.4253947756093277, "supply": [{"l": "Maize", "v": 0.04686254949223656}, {"l": "Wheat", "v": 1.3743777556106056}, {"l": "Rice", "v": 0.0041544705064855709}]}, {"source": 18, "prod": 106.0, "target": 22, "value": 1.0990373089428491, "supply": [{"l": "Palm Oil", "v": 0.20617035302892056}, {"l": "Cottonseed Oil", "v": 0.57756142143088729}, {"l": "Palmkernel Oil", "v": 0.041234070605784122}, {"l": "Oilcrops Oil, Other", "v": 0.21225083292749999}, {"l": "Sunflowerseed Oil", "v": 0.061820630949757281}]}, {"source": 10, "prod": 10.0, "target": 22, "value": 0.016120316424873417, "supply": [{"l": "Eggs", "v": 0.016120316424873417}]}, {"source": 11, "prod": 96.0, "target": 22, "value": 0.15736049246954059, "supply": [{"l": "Offals, Edible", "v": 0.049727338000157141}, {"l": "Poultry Meat", "v": 0.0043746354878187021}, {"l": "Meat, Other", "v": 0.017407622268874105}, {"l": "Bovine Meat", "v": 0.085850896712690639}]}, {"source": 2, "prod": 143.0, "target": 2, "value": 0.7829193141554347, "supply": [{"l": "Sunflower seed", "v": 0.044684385879473688}, {"l": "Soyabeans", "v": 0.0055506385584658726}, {"l": "Cottonseed", "v": 0.68272854269130234}, {"l": "Rape and Mustardseed", "v": 0.0055506385584658726}, {"l": "Oilcrops, Other", "v": 0.044405108467726981}]}, {"source": 3, "prod": 17.0, "target": 3, "value": 0.0047694886384841515, "supply": [{"l": "Vegetables, Other", "v": 0.0047694886384841515}]}, {"source": 5, "prod": 807.0, "target": 5, "value": 0.62625374954962998, "supply": [{"l": "Potatoes", "v": 0.62625374954962998}]}, {"source": 6, "prod": 7.0, "target": 6, "value": 0.020163829128112501, "supply": [{"l": "Peas", "v": 0.0169800666342}, {"l": "Pulses, Other", "v": 0.0031837624939125004}]}, {"source": 9, "prod": 2830.0, "target": 9, "value": 9.2125741766333551, "supply": [{"l": "Maize", "v": 0.11380904876686022}, {"l": "Wheat", "v": 8.2760723163154299}, {"l": "Oats", "v": 0.053062708231874998}, {"l": "Rye", "v": 0.024970686226764714}, {"l": "Millet", "v": 0.004994137245352942}, {"l": "Barley", "v": 0.60967798308623622}, {"l": "Rice", "v": 0.11632517418159599}, {"l": "Cereals, Other", "v": 0.013662122579241378}]}, {"source": 10, "prod": 4.0, "target": 10, "value": 0.0064481265699493674, "supply": [{"l": "Eggs", "v": 0.0064481265699493674}]}, {"source": 0, "prod": 46.0, "target": 23, "value": 0.032414100567732675, "supply": [{"l": "Milk - Excluding Butter", "v": 0.032414100567732675}]}, {"source": 11, "prod": 28.0, "target": 23, "value": 0.067666581580274693, "supply": [{"l": "Pigmeat", "v": 0.002197420387955294}, {"l": "Mutton & Goat Meat", "v": 0.017780174486073299}, {"l": "Bovine Meat", "v": 0.041624677194031817}, {"l": "Offals, Edible", "v": 0.0060643095122142861}]}, {"source": 3, "prod": 316.0, "target": 23, "value": 0.087683102817091074, "supply": [{"l": "Tomatoes", "v": 0.010583638958058554}, {"l": "Vegetables, Other", "v": 0.061161677834679115}, {"l": "Onions", "v": 0.015937786024353397}]}, {"source": 4, "prod": 14.0, "target": 23, "value": 0.016271111080000001, "supply": [{"l": "Sugar beet", "v": 0.016271111080000001}]}, {"source": 5, "prod": 297.0, "target": 23, "value": 0.23048000448109057, "supply": [{"l": "Potatoes", "v": 0.23048000448109057}]}, {"source": 6, "prod": 1.0, "target": 23, "value": 0.0028300111056999999, "supply": [{"l": "Peas", "v": 0.0028300111056999999}]}, {"source": 17, "prod": 1.0, "target": 23, "value": 0.003859106053227273, "supply": [{"l": "Sugar", "v": 0.003859106053227273}]}, {"source": 9, "prod": 1070.0, "target": 23, "value": 3.4506132720684999, "supply": [{"l": "Maize", "v": 0.080335799129548385}, {"l": "Oats", "v": 0.010612541646375}, {"l": "Rye", "v": 0.012485343113382357}, {"l": "Barley", "v": 0.40912601496576378}, {"l": "Rice", "v": 0.078934939623225842}, {"l": "Cereals, Other", "v": 0.0068310612896206888}, {"l": "Wheat", "v": 2.8447963664325546}, {"l": "Millet", "v": 0.0074912058680294122}]}, {"source": 10, "prod": 14.0, "target": 23, "value": 0.022568442994822788, "supply": [{"l": "Eggs", "v": 0.022568442994822788}]}, {"source": 8, "prod": 128.0, "target": 23, "value": 0.080026986227430458, "supply": [{"l": "Fruits, Other", "v": 0.022765225391090139}, {"l": "Grapes", "v": 0.051496923398803275}, {"l": "Apples", "v": 0.0057648374375370371}]}, {"source": 2, "prod": 28.0, "target": 23, "value": 0.14676027987289642, "supply": [{"l": "Cottonseed", "v": 0.088810216935453962}, {"l": "Sunflower seed", "v": 0.035747508703578956}, {"l": "Oilcrops, Other", "v": 0.02220255423386349}]}, {"source": 24, "prod": 4.0, "target": 14, "value": 0.0093162365834941196, "supply": [{"l": "Nuts", "v": 0.0069917921434941186}, {"l": "Infant food", "v": 0.0023244444400000001}]}, {"source": 24, "prod": 594.0, "target": 1, "value": 0.63290199745525544, "supply": [{"l": "Pigmeat", "v": 0.046145828147061183}, {"l": "Eggs", "v": 0.019344379709848102}, {"l": "Marine Fish, Other", "v": 0.0036913188335217389}, {"l": "Freshwater Fish", "v": 0.0010107182520357144}, {"l": "Milk - Excluding Butter", "v": 0.22760335833429685}, {"l": "Pelagic Fish", "v": 0.075895752380136378}, {"l": "Fish, Seafood", "v": 0.073254712249314166}, {"l": "Poultry Meat", "v": 0.11519873451255914}, {"l": "Offals, Edible", "v": 0.0024257238048857148}, {"l": "Demersal Fish", "v": 0.00069137079129478834}, {"l": "Bovine Meat", "v": 0.067640100440301706}]}, {"source": 24, "prod": 976.0, "target": 9, "value": 3.2234259824405003, "supply": [{"l": "Maize", "v": 0.020083949782387096}, {"l": "Rye", "v": 0.032461892094794123}, {"l": "Barley", "v": 0.12300520711388976}, {"l": "Rice", "v": 0.16617882025942282}, {"l": "Cereals, Other", "v": 0.023908714513672415}, {"l": "Wheat", "v": 2.8514198736885095}, {"l": "Oats", "v": 0.0063675249878250009}]}, {"source": 24, "prod": 3.0, "target": 6, "value": 0.0084900333171, "supply": [{"l": "Peas", "v": 0.0084900333171}]}, {"source": 24, "prod": 1497.0, "target": 21, "value": 6.8590428139181139, "supply": [{"l": "Sugar", "v": 4.5807588851807735}, {"l": "Maize Germ Oil", "v": 0.0094333703523333343}, {"l": "Beer", "v": 0.040098699631784251}, {"l": "Beverages, Alcoholic", "v": 0.010107182520357146}, {"l": "Butter, Ghee", "v": 0.10466161761597415}, {"l": "Fats, Animals, Raw", "v": 0.0594302332197}, {"l": "Soyabean Oil", "v": 0.30321547561071432}, {"l": "Palm Oil", "v": 0.20617035302892056}, {"l": "Sunflowerseed Oil", "v": 0.8551853948049758}, {"l": "Rape and Mustard Oil", "v": 0.012128619024428572}, {"l": "Oilcrops Oil, Other", "v": 0.30776370774487505}, {"l": "Wine", "v": 0.0041014653705797096}, {"l": "Sweeteners, Other", "v": 0.056600222114000003}, {"l": "Cottonseed Oil", "v": 0.26815351709291202}, {"l": "Palmkernel Oil", "v": 0.041234070605784122}]}, {"source": 24, "prod": 2.0, "target": 13, "value": 0.0066775542943483153, "supply": [{"l": "Treenuts", "v": 0.0066775542943483153}]}, {"source": 24, "prod": 60.0, "target": 3, "value": 0.014540209451026661, "supply": [{"l": "Vegetables, Other", "v": 0.0067333957249188017}, {"l": "Tomatoes", "v": 0.0063901216350542222}, {"l": "Onions", "v": 0.0014166920910536353}]}, {"source": 24, "prod": 72.0, "target": 20, "value": 0.28378533636541964, "supply": [{"l": "Coffee", "v": 0.03966045934420856}, {"l": "Cocoa Beans", "v": 0.21947639319737233}, {"l": "Tea", "v": 0.024648483823838711}]}, {"source": 24, "prod": 152.0, "target": 8, "value": 0.089880566458520508, "supply": [{"l": "Grapefruit", "v": 0.00061266410827926008}, {"l": "Grapes", "v": 0.0034795218512704918}, {"l": "Dates", "v": 0.00183799232483778}, {"l": "Apples", "v": 0.024631578142203708}, {"l": "Lemons, Limes", "v": 0.00183799232483778}, {"l": "Pineapples", "v": 0.00183799232483778}, {"l": "Bananas", "v": 0.023722151915426471}, {"l": "Fruits, Other", "v": 0.022235801544785719}, {"l": "Oranges, Mandarines", "v": 0.0096848719220415207}]}, {"source": 24, "prod": 35.0, "target": 4, "value": 0.040677777700000001, "supply": [{"l": "Sugar beet", "v": 0.040677777700000001}]}, {"source": 24, "prod": 129.0, "target": 2, "value": 0.63703177619424678, "supply": [{"l": "Olives", "v": 0.0055506385584658726}, {"l": "Sunflower seed", "v": 0.32619601692015793}, {"l": "Oilcrops, Other", "v": 0.011101277116931745}, {"l": "Soyabeans", "v": 0.29418384359869126}]}, {"source": 24, "prod": 1.0, "target": 19, "value": 0.0041617810377941175, "supply": [{"l": "Spices, Other", "v": 0.0041617810377941175}]}, {"source": 24, "prod": 19.0, "target": 5, "value": 0.014744512071180877, "supply": [{"l": "Potatoes", "v": 0.014744512071180877}]}, {"source": 0, "prod": 93.0, "target": 25, "value": 0.065532855495633452, "supply": [{"l": "Milk - Excluding Butter", "v": 0.065532855495633452}]}, {"source": 2, "prod": 116.0, "target": 25, "value": 0.64741491139525842, "supply": [{"l": "Cottonseed", "v": 0.24977873513096427}, {"l": "Sunflower seed", "v": 0.0044684385879473695}, {"l": "Soyabeans", "v": 0.21092426522170313}, {"l": "Groundnuts", "v": 0.054578785609928585}, {"l": "Oilcrops, Other", "v": 0.12766468684471508}]}, {"source": 13, "prod": 4.0, "target": 25, "value": 0.013355108588696631, "supply": [{"l": "Treenuts", "v": 0.013355108588696631}]}, {"source": 3, "prod": 472.0, "target": 25, "value": 0.13650716295668069, "supply": [{"l": "Tomatoes", "v": 0.023363882228166998}, {"l": "Vegetables, Other", "v": 0.047975444540046465}, {"l": "Onions", "v": 0.065167836188467235}]}, {"source": 14, "prod": 4.0, "target": 25, "value": 0.013983584286988237, "supply": [{"l": "Nuts", "v": 0.013983584286988237}]}, {"source": 4, "prod": 51.0, "target": 25, "value": 0.059273333220000002, "supply": [{"l": "Sugar beet", "v": 0.059273333220000002}]}, {"source": 15, "prod": 8.0, "target": 25, "value": 0.0075309122168836784, "supply": [{"l": "Beer", "v": 0.0033415583026486879}, {"l": "Wine", "v": 0.00082029307411594194}, {"l": "Beverages, Alcoholic", "v": 0.0033690608401190482}]}, {"source": 5, "prod": 4.0, "target": 25, "value": 0.0031041078044591317, "supply": [{"l": "Potatoes", "v": 0.0031041078044591317}]}, {"source": 6, "prod": 26.0, "target": 25, "value": 0.088084095664912515, "supply": [{"l": "Beans", "v": 0.063675249878250004}, {"l": "Peas", "v": 0.0084900333171}, {"l": "Pulses, Other", "v": 0.015918812469562501}]}, {"source": 7, "prod": 78.0, "target": 25, "value": 0.086681840314503891, "supply": [{"l": "Freshwater Fish", "v": 0.02526795630089286}, {"l": "Fish, Seafood", "v": 0.043952827349588504}, {"l": "Pelagic Fish", "v": 0.016722792897318185}, {"l": "Marine Fish, Other", "v": 0.00073826376670434787}]}, {"source": 17, "prod": 143.0, "target": 25, "value": 0.55120898126929541, "supply": [{"l": "Sugar", "v": 0.53641574139859094}, {"l": "Sweeteners, Other", "v": 0.0070750277642500003}, {"l": "Honey", "v": 0.007718212106454546}]}, {"source": 9, "prod": 6473.0, "target": 25, "value": 21.057080199316339, "supply": [{"l": "Maize", "v": 0.097072423948204312}, {"l": "Oats", "v": 0.0084900333171}, {"l": "Rye", "v": 0.029964823472117649}, {"l": "Barley", "v": 1.5589572988564726}, {"l": "Rice", "v": 0.029081293545398998}, {"l": "Cereals, Other", "v": 0.010246591934431035}, {"l": "Wheat", "v": 19.320770665619936}, {"l": "Millet", "v": 0.002497068622676471}]}, {"source": 18, "prod": 13.0, "target": 25, "value": 0.13398533366969931, "supply": [{"l": "Cottonseed Oil", "v": 0.041254387245063383}, {"l": "Sunflowerseed Oil", "v": 0.092730946424635932}]}, {"source": 19, "prod": 2.0, "target": 25, "value": 0.0059232790584418608, "supply": [{"l": "Pimento", "v": 0.0059232790584418608}]}, {"source": 20, "prod": 1.0, "target": 25, "value": 0.00068468010621774197, "supply": [{"l": "Tea", "v": 0.00068468010621774197}]}, {"source": 8, "prod": 307.0, "target": 25, "value": 0.17774447872570304, "supply": [{"l": "Fruits, Other", "v": 0.052412960784137763}, {"l": "Apples", "v": 0.059220602767425932}, {"l": "Grapes", "v": 0.066110915174139334}]}, {"source": 18, "prod": 20.0, "target": 26, "value": 0.20573513468136689, "supply": [{"l": "Rape and Mustard Oil", "v": 0.012128619024428572}, {"l": "Soyabean Oil", "v": 0.11117900772392859}, {"l": "Sunflowerseed Oil", "v": 0.082427507933009708}]}, {"source": 9, "prod": 67.0, "target": 26, "value": 0.27592808730627011, "supply": [{"l": "Maize", "v": 0.010041974891193548}, {"l": "Rice", "v": 0.26588611241507654}]}, {"source": 27, "prod": 4.0, "target": 1, "value": 0.0042754276502041718, "supply": [{"l": "Freshwater Fish", "v": 0.0020214365040714288}, {"l": "Fish, Seafood", "v": 0.0022539911461327434}]}, {"source": 27, "prod": 7.0, "target": 2, "value": 0.040909153724254757, "supply": [{"l": "Rape and Mustardseed", "v": 0.016651915675397616}, {"l": "Groundnuts", "v": 0.024257238048857144}]}, {"source": 2, "prod": 124.0, "target": 26, "value": 0.63525138269436154, "supply": [{"l": "Soyabeans", "v": 0.088810216935453962}, {"l": "Sunflower seed", "v": 0.21895349080942109}, {"l": "Cottonseed", "v": 0.26088001224789603}, {"l": "Oilcrops, Other", "v": 0.066607662701590464}]}, {"source": 8, "prod": 1.0, "target": 26, "value": 0.00033396110076005245, "supply": [{"l": "Oranges, Mandarines", "v": 0.00033396110076005245}]}, {"source": 17, "prod": 123.0, "target": 26, "value": 0.47209730717813636, "supply": [{"l": "Sugar", "v": 0.44379719612113638}, {"l": "Sweeteners, Other", "v": 0.028300111057000001}]}, {"source": 27, "prod": 2.0, "target": 21, "value": 0.020627193622531691, "supply": [{"l": "Cottonseed Oil", "v": 0.020627193622531691}]}, {"source": 4, "prod": 20.0, "target": 26, "value": 0.023244444400000001, "supply": [{"l": "Sugar beet", "v": 0.023244444400000001}]}, {"source": 27, "prod": 1169.0, "target": 9, "value": 3.7007992476940528, "supply": [{"l": "Oats", "v": 0.012735049975650002}, {"l": "Rye", "v": 0.012485343113382357}, {"l": "Barley", "v": 0.66850656040157475}, {"l": "Wheat", "v": 3.0070722942034456}]}, {"source": 1, "prod": 11909.0, "target": 0, "value": 8.391728775241921, "supply": [{"l": "Milk - Excluding Butter", "v": 8.391728775241921}]}, {"source": 1, "prod": 278.0, "target": 10, "value": 0.4481447966114811, "supply": [{"l": "Eggs", "v": 0.45459292318143046}]}, {"source": 1, "prod": 2057.0, "target": 11, "value": 4.7241462006376471, "supply": [{"l": "Pigmeat", "v": 0.52957831349722595}, {"l": "Bovine Meat", "v": 2.6379639171717661}, {"l": "Poultry Meat", "v": 0.22018998622020802}, {"l": "Offals, Edible", "v": 0.2716810661472}, {"l": "Meat, Other", "v": 0.089786683281561155}, {"l": "Mutton & Goat Meat", "v": 0.97494623431968586}]}, {"source": 1, "prod": 223.0, "target": 7, "value": 0.25260305802862537, "supply": [{"l": "Demersal Fish", "v": 0.00069137079129478834}, {"l": "Freshwater Fish", "v": 0.048514476097714296}, {"l": "Pelagic Fish", "v": 0.074609383695727283}, {"l": "Marine Fish, Other", "v": 0.0036913188335217393}, {"l": "Fish, Seafood", "v": 0.12509650861036725}]}, {"source": 21, "prod": 1385.0, "target": 17, "value": 5.3393948168110335, "supply": [{"l": "Honey", "v": 0.030872848425818184}, {"l": "Sweeteners, Other", "v": 0.060137735996125}, {"l": "Sugar", "v": 5.2483842323890908}]}, {"source": 21, "prod": 684.0, "target": 18, "value": 7.0605784644347915, "supply": [{"l": "Soyabean Oil", "v": 0.35375138821250007}, {"l": "Rape and Mustard Oil", "v": 0.060643095122142859}, {"l": "Maize Germ Oil", "v": 0.047166851761666677}, {"l": "Cottonseed Oil", "v": 3.9294803850922873}, {"l": "Palmkernel Oil", "v": 0.041234070605784122}, {"l": "Oilcrops Oil, Other", "v": 0.38205149926949999}, {"l": "Palm Oil", "v": 0.20617035302892056}, {"l": "Sunflowerseed Oil", "v": 2.0400808213419905}]}, {"source": 21, "prod": 138.0, "target": 16, "value": 1.0542729701327229, "supply": [{"l": "Fats, Animals, Raw", "v": 0.76410299853899999}, {"l": "Butter, Ghee", "v": 0.26567949087131898}, {"l": "Cream", "v": 0.024490480722403847}]}, {"source": 21, "prod": 633.0, "target": 15, "value": 0.69074595864930943, "supply": [{"l": "Beer", "v": 0.21942899520726383}, {"l": "Beverages, Alcoholic", "v": 0.36385857073285721}, {"l": "Alcohol, Non-Food", "v": 0.0090232238152753632}, {"l": "Beverages, Fermented", "v": 0.0016405861482318839}, {"l": "Wine", "v": 0.09679458274568116}]}, {"source": 2, "prod": 3456.0, "target": 28, "value": 11.79078201399337, "supply": [{"l": "Olives", "v": 0.0017433333300000001}, {"l": "Sunflower seed", "v": 1.40512666398}, {"l": "Sesame seed", "v": 0.06275999988}, {"l": "Soyabeans", "v": 0.22314666624000001}, {"l": "Groundnuts", "v": 0.030474657024690033}, {"l": "Oilcrops, Other", "v": 0.55960999892999996}, {"l": "Cottonseed", "v": 9.7155966480900009}, {"l": "Rape and Mustardseed", "v": 0.054043333230000004}]}, {"source": 3, "prod": 8682.5, "target": 28, "value": 28.914030216286196, "supply": [{"l": "Tomatoes", "v": 8.4917766504299994}, {"l": "Vegetables, Other", "v": 17.632073299620007}, {"l": "Onions", "v": 4.1491333253999994}]}, {"source": 4, "prod": 603.60000000000002, "target": 28, "value": 0.70151733199200006, "supply": [{"l": "Sugar beet", "v": 0.70151733199200006}]}, {"source": 5, "prod": 2547.0, "target": 28, "value": 8.8805399830200002, "supply": [{"l": "Potatoes", "v": 8.8805399830200002}]}, {"source": 6, "prod": 119.0, "target": 28, "value": 0.41181407328666669, "supply": [{"l": "Peas", "v": 0.17607666633000002}, {"l": "Beans", "v": 0.14818333304999998}, {"l": "Pulses, Other", "v": 0.47108795531303799}]}, {"source": 9, "prod": 53641.0, "target": 28, "value": 203.34859606764007, "supply": [{"l": "Maize", "v": 7.6706666520000022}, {"l": "Rye", "v": 0.37655999928}, {"l": "Barley", "v": 19.21850662992}, {"l": "Rice", "v": 3.8353333259999998}, {"l": "Cereals, Other", "v": 0.69733333199999992}, {"l": "Wheat", "v": 153.54931303973999}, {"l": "Oats", "v": 1.2586866642600001}, {"l": "Sorghum", "v": 0.069733333199999997}, {"l": "Millet", "v": 0.35215333265999998}]}, {"source": 29, "prod": 0, "target": 2, "value": 0.10323024550114453, "supply": "[{\"l\":'Energy for power irrigation',\"v\":0.10323024550114453}]"}, {"source": 29, "prod": 0, "target": 13, "value": 0.001553232860549628, "supply": "[{\"l\":'Energy for power irrigation',\"v\":0.001553232860549628}]"}, {"source": 29, "prod": 0, "target": 3, "value": 0.25934508291773356, "supply": "[{\"l\":'Energy for power irrigation',\"v\":0.25934508291773356}]"}, {"source": 29, "prod": 0, "target": 4, "value": 0.045073622818642092, "supply": "[{\"l\":'Energy for power irrigation',\"v\":0.045073622818642092}]"}, {"source": 29, "prod": 0, "target": 5, "value": 0.15215708060845781, "supply": "[{\"l\":'Energy for power irrigation',\"v\":0.15215708060845781}]"}, {"source": 29, "prod": 0, "target": 6, "value": 0.0035545136616424184, "supply": "[{\"l\":'Energy for power irrigation',\"v\":0.0035545136616424184}]"}, {"source": 29, "prod": 0, "target": 14, "value": 0.001553232860549628, "supply": "[{\"l\":'Energy for power irrigation',\"v\":0.001553232860549628}]"}, {"source": 29, "prod": 0, "target": 9, "value": 0.80112465262252497, "supply": "[{\"l\":'Energy for power irrigation',\"v\":0.80112465262252497}]"}, {"source": 29, "prod": 0, "target": 19, "value": 0.0001941541075687035, "supply": "[{\"l\":'Energy for power irrigation',\"v\":0.0001941541075687035}]"}, {"source": 29, "prod": 0, "target": 8, "value": 0.057335201458173286, "supply": "[{\"l\":'Energy for power irrigation',\"v\":0.057335201458173286}]"}, {"source": 29, "prod": 0, "target": 21, "value": 27.7410000221928, "supply": "[{\"l\":'Electricity',\"v\":27.7410000221928}]"}, {"source": 30, "prod": 0, "target": 29, "value": 46.106372141960769, "supply": [{"l": "Coal", "v": 30.37150435742452}, {"l": "Natural gas", "v": 10.946820586488393}, {"l": "Oil", "v": 4.7880471980478578}]}, {"source": 31, "prod": 0, "target": 29, "value": 9.7740156150844122, "supply": [{"l": "Nuclear", "v": 4.6521326977313517}, {"l": "Hydroelectric", "v": 4.6274593589378377}, {"l": "Renewable", "v": 0.49442355841522173}]}, {"source": 30, "prod": 0, "target": 2, "value": 1.4778733673833164, "supply": [{"l": "Motor Gasoline", "v": 0.03562778816178809}, {"l": "Gas-Diesel oil", "v": 1.0850189549384279}, {"l": "Natural gas (including LNG)", "v": 0.14522117874520074}, {"l": "Fuel oil", "v": 0.0024368442015850543}, {"l": "Coal", "v": 0.20956860133631472}]}, {"source": 30, "prod": 0, "target": 13, "value": 0.022236520574054529, "supply": [{"l": "Motor Gasoline", "v": 0.00053606625706394107}, {"l": "Gas-Diesel oil", "v": 0.016325516683101345}, {"l": "Natural gas (including LNG)", "v": 0.002185040883897696}, {"l": "Fuel oil", "v": 3.6665479884960303e-05}, {"l": "Coal", "v": 0.0031532312701065867}]}, {"source": 30, "prod": 0, "target": 3, "value": 3.7128574977736237, "supply": [{"l": "Motor Gasoline", "v": 0.089507601479955165}, {"l": "Gas-Diesel oil", "v": 2.7258903577120659}, {"l": "Natural gas (including LNG)", "v": 0.36483879758541821}, {"l": "Fuel oil", "v": 0.0061220774827147667}, {"l": "Coal", "v": 0.52649866351346997}]}, {"source": 30, "prod": 0, "target": 4, "value": 0.64528672204323623, "supply": [{"l": "Motor Gasoline", "v": 0.015556230421336291}, {"l": "Gas-Diesel oil", "v": 0.4737539360538448}, {"l": "Natural gas (including LNG)", "v": 0.063408205650031219}, {"l": "Fuel oil", "v": 0.0010640040220462519}, {"l": "Coal", "v": 0.091504345895977682}]}, {"source": 30, "prod": 0, "target": 5, "value": 2.1783237654660339, "supply": [{"l": "Motor Gasoline", "v": 0.052513875259302234}, {"l": "Gas-Diesel oil", "v": 1.5992727304561203}, {"l": "Natural gas (including LNG)", "v": 0.21404996658797817}, {"l": "Fuel oil", "v": 0.0035918068179613036}, {"l": "Coal", "v": 0.30889538634467217}]}, {"source": 30, "prod": 0, "target": 6, "value": 0.050887422082932475, "supply": [{"l": "Motor Gasoline", "v": 0.0012267670113578653}, {"l": "Gas-Diesel oil", "v": 0.037360317024789619}, {"l": "Natural gas (including LNG)", "v": 0.0050003820227658815}, {"l": "Fuel oil", "v": 8.3907540505966856e-05}, {"l": "Coal", "v": 0.0072160484835131506}]}, {"source": 30, "prod": 0, "target": 14, "value": 0.022236520574054529, "supply": [{"l": "Motor Gasoline", "v": 0.00053606625706394107}, {"l": "Gas-Diesel oil", "v": 0.016325516683101345}, {"l": "Natural gas (including LNG)", "v": 0.002185040883897696}, {"l": "Fuel oil", "v": 3.6665479884960303e-05}, {"l": "Coal", "v": 0.0031532312701065867}]}, {"source": 30, "prod": 0, "target": 9, "value": 11.469126924162104, "supply": [{"l": "Motor Gasoline", "v": 0.27649163553045064}, {"l": "Gas-Diesel oil", "v": 8.4203561576753767}, {"l": "Natural gas (including LNG)", "v": 1.1269978658957338}, {"l": "Fuel oil", "v": 0.01891127890874188}, {"l": "Coal", "v": 1.6263699861518019}]}, {"source": 30, "prod": 0, "target": 19, "value": 0.0027795650717568161, "supply": [{"l": "Motor Gasoline", "v": 6.7008282132992634e-05}, {"l": "Gas-Diesel oil", "v": 0.0020406895853876681}, {"l": "Natural gas (including LNG)", "v": 0.000273130110487212}, {"l": "Fuel oil", "v": 4.5831849856200379e-06}, {"l": "Coal", "v": 0.00039415390876332333}]}, {"source": 30, "prod": 0, "target": 8, "value": 0.82082694695957048, "supply": [{"l": "Motor Gasoline", "v": 0.019788061162196825}, {"l": "Gas-Diesel oil", "v": 0.60263133217717368}, {"l": "Natural gas (including LNG)", "v": 0.080657422627723616}, {"l": "Fuel oil", "v": 0.0013534497815227173}, {"l": "Coal", "v": 0.11639668121095371}]}, {"source": 30, "prod": 0, "target": 1, "value": 0.012147500009717999, "supply": [{"l": "Gas-diesel oils used in fisheries", "v": 0.012147500009717999}]}, {"source": 32, "prod": 4.8460145349446035, "target": 2, "value": 0.072562444408480337, "supply": [{"l": "Potash", "v": 0.00014870555567451999}, {"l": "Phosphate", "v": 0.066954583386896999}, {"l": "Nitrogen", "v": 0.93539643130387251}]}, {"source": 32, "prod": 0.072914570548934993, "target": 13, "value": 0.0010917960385535236, "supply": [{"l": "Potash", "v": 0.00014870555567451999}, {"l": "Phosphate", "v": 0.066954583386896999}, {"l": "Nitrogen", "v": 0.93539643130387251}]}, {"source": 32, "prod": 12.174629976752465, "target": 3, "value": 0.1822984443219417, "supply": [{"l": "Potash", "v": 0.00014870555567451999}, {"l": "Phosphate", "v": 0.066954583386896999}, {"l": "Nitrogen", "v": 0.93539643130387251}]}, {"source": 32, "prod": 2.1159247491989022, "target": 4, "value": 0.031683081195716674, "supply": [{"l": "Potash", "v": 0.00014870555567451999}, {"l": "Phosphate", "v": 0.066954583386896999}, {"l": "Nitrogen", "v": 0.93539643130387251}]}, {"source": 32, "prod": 7.1428235072360557, "target": 5, "value": 0.10695401962291633, "supply": [{"l": "Potash", "v": 0.00014870555567451999}, {"l": "Phosphate", "v": 0.066954583386896999}, {"l": "Nitrogen", "v": 0.93539643130387251}]}, {"source": 32, "prod": 0.16686219029467819, "target": 6, "value": 0.0024985332420744098, "supply": [{"l": "Potash", "v": 0.00014870555567451999}, {"l": "Phosphate", "v": 0.066954583386896999}, {"l": "Nitrogen", "v": 0.93539643130387251}]}, {"source": 32, "prod": 0.072914570548934993, "target": 14, "value": 0.0010917960385535236, "supply": [{"l": "Potash", "v": 0.00014870555567451999}, {"l": "Phosphate", "v": 0.066954583386896999}, {"l": "Nitrogen", "v": 0.93539643130387251}]}, {"source": 32, "prod": 37.60779306553291, "target": 9, "value": 0.56312530100047653, "supply": [{"l": "Potash", "v": 0.00014870555567451999}, {"l": "Phosphate", "v": 0.066954583386896999}, {"l": "Nitrogen", "v": 0.93539643130387251}]}, {"source": 32, "prod": 0.0091143213186168741, "target": 19, "value": 0.00013647450481919045, "supply": [{"l": "Potash", "v": 0.00014870555567451999}, {"l": "Phosphate", "v": 0.066954583386896999}, {"l": "Nitrogen", "v": 0.93539643130387251}]}, {"source": 32, "prod": 2.6915291955515523, "target": 8, "value": 0.040301971076990163, "supply": [{"l": "Potash", "v": 0.00014870555567451999}, {"l": "Phosphate", "v": 0.066954583386896999}, {"l": "Nitrogen", "v": 0.93539643130387251}]}, {"source": 30, "prod": 0, "target": 32, "value": 1.1782652542858765, "supply": [{"l": "Natural gas (including LNG)", "v": 0.80645246260496162}, {"l": "Fuel oil", "v": 0.20646165472695316}, {"l": "Liquefied petroleum gas (LPG)", "v": 0.082675568476980835}, {"l": "Coal", "v": 0.082675568476980835}]}, {"source": 33, "prod": 0, "target": 5, "value": 0.42068417637955907, "supply": "[{\"l\":'Labor',\"v\":0.42068417637955907}]"}, {"source": 33, "prod": 0, "target": 2, "value": 0.28541117266740407, "supply": "[{\"l\":'Labor',\"v\":0.28541117266740407}]"}, {"source": 33, "prod": 0, "target": 13, "value": 0.0042943810702271443, "supply": "[{\"l\":'Labor',\"v\":0.0042943810702271443}]"}, {"source": 33, "prod": 0, "target": 3, "value": 0.71703776235090733, "supply": "[{\"l\":'Labor',\"v\":0.71703776235090733}]"}, {"source": 33, "prod": 0, "target": 14, "value": 0.0042943810702271443, "supply": "[{\"l\":'Labor',\"v\":0.0042943810702271443}]"}, {"source": 33, "prod": 0, "target": 4, "value": 0.12461963528793769, "supply": "[{\"l\":'Labor',\"v\":0.12461963528793769}]"}, {"source": 33, "prod": 0, "target": 6, "value": 0.0098275259107121187, "supply": "[{\"l\":'Labor',\"v\":0.0098275259107121187}]"}, {"source": 33, "prod": 0, "target": 9, "value": 2.2149509133466752, "supply": "[{\"l\":'Labor',\"v\":2.2149509133466752}]"}, {"source": 33, "prod": 0, "target": 8, "value": 0.15852047046732698, "supply": "[{\"l\":'Labor',\"v\":0.15852047046732698}]"}, {"source": 33, "prod": 0, "target": 19, "value": 0.00053679763377839304, "supply": "[{\"l\":'Labor',\"v\":0.00053679763377839304}]"}, {"source": 33, "prod": 0, "target": 20, "value": 0.0029730330486187921, "supply": "[{\"l\":'Labor',\"v\":0.0029730330486187921}]"}, {"source": 30, "prod": 0, "target": 24, "value": 2.9970986714770178, "supply": "[{\"l\":'Fossil Fuels',\"v\":2.9970986714770178}]"}, {"source": 31, "prod": 0, "target": 24, "value": 0.71592417744500292, "supply": "[{\"l\":'Renewables & Nuclear',\"v\":0.34856009092154688},{\"l\":'Biomass & Waste',\"v\":0.36736408652345598}]"}]}