{"nodes": [{"layer": 13, "name": "Milk - Excluding Butter"}, {"layer": 10, "name": "Feed", "fill": "#dbdb8d"}, {"layer": 5, "name": "Oilcrops", "fill": "#ff9896"}, {"layer": 5, "name": "Vegetables"}, {"layer": 5, "name": "Sugar Crops", "fill": "#ffbb78"}, {"layer": 5, "name": "Starchy Roots"}, {"layer": 5, "name": "Pulses"}, {"layer": 13, "name": "Fish, Seafood"}, {"layer": 5, "name": "Fruits - Excluding Wine"}, {"layer": 5, "name": "Cereals - Excluding Beer"}, {"layer": 13, "name": "Eggs"}, {"layer": 13, "name": "Meat"}, {"layer": 16, "name": "Food", "fill": "#b5cf6b"}, {"layer": 5, "name": "Treenuts"}, {"layer": 5, "name": "Others"}, {"layer": 13, "name": "Alcoholic Beverages"}, {"layer": 13, "name": "Animal Fats"}, {"layer": 13, "name": "Sugar & Sweeteners"}, {"layer": 13, "name": "Vegetable Oils", "fill": "#f7b6d2"}, {"layer": 5, "name": "Spices"}, {"layer": 5, "name": "Stimulants"}, {"layer": 10, "name": "Processing", "fill": "#9edae5"}, {"layer": 16, "name": "Biofuels & Other", "fill": "#e7ba52"}, {"name": "Waste", "fill": "#c7c7c7"}, {"layer": 2, "name": "Import", "fill": "#aec7e8"}, {"layer": 16, "name": "Export", "fill": "#aec7e8"}, {"layer": 0, "name": "Stock Draw", "fill": "#c7c7c7"}, {"layer": 16, "name": "Stock Deposit", "fill": "#c7c7c7"}, {"name": "Crop Residue", "fill": "#bd9e39"}, {"layer": 2, "name": "Electricity", "fill": "#bcbd22"}, {"layer": 0, "name": "Fossil Fuels", "fill": "#c49c94"}, {"layer": 0, "name": "Renewables & Nuclear", "fill": "#2ca02c"}, {"layer": 2, "name": "Fertilizers", "fill": "#c5b0d5"}, {"layer": 0, "name": "Labor", "fill": "#7f7f7f"}], "links": [{"source": 0, "prod": 4706.0, "target": 1, "value": 3.3327280929990453, "supply": [{"l": "Milk - Excluding Butter", "v": 3.3327280929990453}]}, {"source": 2, "prod": 824.0, "target": 1, "value": 4.7140986068765107, "supply": [{"l": "Soyabeans", "v": 0.034690458715032263}, {"l": "Sunflower seed", "v": 0.22168420327983338}, {"l": "Cottonseed", "v": 4.1050376146121508}, {"l": "Rape and Mustardseed", "v": 0.028908715595860217}, {"l": "Oilcrops, Other", "v": 0.32377761467363442}]}, {"source": 3, "prod": 1139.0, "target": 1, "value": 0.34577839030973162, "supply": [{"l": "Vegetables, Other", "v": 0.33128507197865348}, {"l": "Onions", "v": 0.014493318331078168}]}, {"source": 4, "prod": 18.0, "target": 1, "value": 0.020919999960000001, "supply": [{"l": "Sugar beet", "v": 0.020919999960000001}]}, {"source": 5, "prod": 1084.0, "target": 1, "value": 0.84704980356524628, "supply": [{"l": "Potatoes", "v": 0.84704980356524628}]}, {"source": 6, "prod": 79.0, "target": 1, "value": 0.31325186266483351, "supply": [{"l": "Beans", "v": 0.0041754262215245898}, {"l": "Peas", "v": 0.10419586343713638}, {"l": "Pulses, Other", "v": 0.20488057300617254}]}, {"source": 7, "prod": 41.0, "target": 1, "value": 0.041527336877119569, "supply": [{"l": "Fish, Seafood", "v": 0.020650205769496614}, {"l": "Pelagic Fish", "v": 0.020877131107622952}]}, {"source": 8, "prod": 134.0, "target": 1, "value": 0.069747821392524528, "supply": [{"l": "Apples", "v": 0.069747821392524528}]}, {"source": 9, "prod": 8780.0, "target": 1, "value": 28.043774375002211, "supply": [{"l": "Maize", "v": 2.702290185641707}, {"l": "Oats", "v": 0.22473617604088236}, {"l": "Rye", "v": 0.081209014337478264}, {"l": "Barley", "v": 3.718898531749399}, {"l": "Rice", "v": 0.0041891611762006585}, {"l": "Sorghum", "v": 0.048895479836701582}, {"l": "Cereals, Other", "v": 0.14793239870704547}, {"l": "Wheat", "v": 21.03825862687177}, {"l": "Millet", "v": 0.077364800641029588}]}, {"source": 10, "prod": 38.0, "target": 1, "value": 0.061102512509431828, "supply": [{"l": "Eggs", "v": 0.061102512509431828}]}, {"source": 11, "prod": 7.0, "target": 1, "value": 0.018126530987239053, "supply": [{"l": "Bovine Meat", "v": 0.018126530987239053}]}, {"source": 0, "prod": 9923.0, "target": 12, "value": 7.0273397507075046, "supply": [{"l": "Milk - Excluding Butter", "v": 7.0273397507075046}]}, {"source": 11, "prod": 2489.0, "target": 12, "value": 5.7582796758636983, "supply": [{"l": "Pigmeat", "v": 0.76363736599875698}, {"l": "Meat, Other", "v": 0.076980525972212693}, {"l": "Mutton & Goat Meat", "v": 1.2486183641389987}, {"l": "Poultry Meat", "v": 0.43356786909781142}, {"l": "Offals, Edible", "v": 0.2549559554684685}, {"l": "Bovine Meat", "v": 2.9805195951874497}]}, {"source": 13, "prod": 61.0, "target": 12, "value": 0.20309491464435292, "supply": [{"l": "Treenuts", "v": 0.20309491464435292}]}, {"source": 3, "prod": 10177.0, "target": 12, "value": 2.8517460168009112, "supply": [{"l": "Tomatoes", "v": 0.63654702846988875}, {"l": "Vegetables, Other", "v": 1.7314844890312884}, {"l": "Onions", "v": 0.48371449929973387}]}, {"source": 14, "prod": 67.0, "target": 12, "value": 0.23139502570135292, "supply": [{"l": "Nuts", "v": 0.20309491464435292}, {"l": "Infant food", "v": 0.028300111057000001}]}, {"source": 15, "prod": 1016.0, "target": 12, "value": 1.147356444693822, "supply": [{"l": "Beer", "v": 0.43299169917210001}, {"l": "Beverages, Alcoholic", "v": 0.63744162486343348}, {"l": "Wine", "v": 0.076068419317640953}, {"l": "Beverages, Fermented", "v": 0.00085470134064765117}]}, {"source": 16, "prod": 122.0, "target": 12, "value": 0.88467306516138711, "supply": [{"l": "Fats, Animals, Raw", "v": 0.5300534314189459}, {"l": "Butter, Ghee", "v": 0.32946397946955225}, {"l": "Cream", "v": 0.025155654272888888}]}, {"source": 5, "prod": 3910.0, "target": 12, "value": 3.0553180183949382, "supply": [{"l": "Potatoes", "v": 3.0553180183949382}]}, {"source": 6, "prod": 50.0, "target": 12, "value": 0.20450098880421572, "supply": [{"l": "Peas", "v": 0.050168378691954549}, {"l": "Beans", "v": 0.15031534397488525}, {"l": "Pulses, Other", "v": 0.0040172661373759321}]}, {"source": 7, "prod": 274.0, "target": 12, "value": 0.28757849262277552, "supply": [{"l": "Freshwater Fish", "v": 0.025470099951300004}, {"l": "Crustaceans", "v": 0.00098334313188079125}, {"l": "Marine Fish, Other", "v": 0.025084189345977274}, {"l": "Demersal Fish", "v": 0.023154636319363639}, {"l": "Pelagic Fish", "v": 0.076201528542823777}, {"l": "Fish, Seafood", "v": 0.13570135219954918}, {"l": "Molluscs, Other", "v": 0.00098334313188079125}]}, {"source": 17, "prod": 1114.0, "target": 12, "value": 3.8957675607329318, "supply": [{"l": "Sugar", "v": 3.845277589869875}, {"l": "Sweeteners, Other", "v": 0.025727373688181822}, {"l": "Honey", "v": 0.024762597174875004}]}, {"source": 9, "prod": 9876.0, "target": 12, "value": 32.858389601914979, "supply": [{"l": "Maize", "v": 1.121336337588356}, {"l": "Rye", "v": 0.051678463669304356}, {"l": "Barley", "v": 0.60969876567360626}, {"l": "Rice", "v": 1.5290438293132402}, {"l": "Cereals, Other", "v": 0.25405781517079551}, {"l": "Wheat", "v": 29.2035960044301}, {"l": "Oats", "v": 0.074912058680294116}, {"l": "Millet", "v": 0.014066327389278106}]}, {"source": 18, "prod": 723.0, "target": 12, "value": 7.4568829081233998, "supply": [{"l": "Soyabean Oil", "v": 0.33111129936689998}, {"l": "Sunflowerseed Oil", "v": 2.8078821642347247}, {"l": "Olive Oil", "v": 0.010612541646375}, {"l": "Coconut Oil", "v": 0.028300111057000001}, {"l": "Rape and Mustard Oil", "v": 0.18041320798837501}, {"l": "Oilcrops Oil, Other", "v": 0.25470099951300001}, {"l": "Maize Germ Oil", "v": 0.074287791524625002}, {"l": "Cottonseed Oil", "v": 3.7695747927924002}]}, {"source": 19, "prod": 7.0, "target": 12, "value": 0.0424501665855, "supply": [{"l": "Pimento", "v": 0.024257238048857144}, {"l": "Pepper", "v": 0.0060643095122142861}, {"l": "Spices, Other", "v": 0.012128619024428572}]}, {"source": 20, "prod": 145.0, "target": 12, "value": 0.57042411349265632, "supply": [{"l": "Cocoa Beans", "v": 0.46164556161731257}, {"l": "Coffee", "v": 0.083384255792946421}, {"l": "Tea", "v": 0.025394296082397325}]}, {"source": 10, "prod": 316.0, "target": 12, "value": 0.50811563034159102, "supply": [{"l": "Eggs", "v": 0.50811563034159102}]}, {"source": 8, "prod": 2319.0, "target": 12, "value": 1.2880629645564174, "supply": [{"l": "Citrus, Other", "v": 0.0010829124128954083}, {"l": "Grapefruit", "v": 0.0016243686193431126}, {"l": "Grapes", "v": 0.4838050825393031}, {"l": "Dates", "v": 0.0010829124128954083}, {"l": "Apples", "v": 0.22902269710978199}, {"l": "Lemons, Limes", "v": 0.0048731058580293368}, {"l": "Pineapples", "v": 0.0064974744773724502}, {"l": "Bananas", "v": 0.025586401777561645}, {"l": "Fruits, Other", "v": 0.50896883406084192}, {"l": "Oranges, Mandarines", "v": 0.025519175288393071}]}, {"source": 2, "prod": 39.0, "target": 12, "value": 0.23400022080609245, "supply": [{"l": "Olives", "v": 0.034690458715032263}, {"l": "Sunflower seed", "v": 0.05188353693783334}, {"l": "Coconuts - Incl Copra", "v": 0.0057817431191720435}, {"l": "Sesame seed", "v": 0.12324241911919356}, {"l": "Groundnuts", "v": 0.01262031979568919}, {"l": "Rape and Mustardseed", "v": 0.0057817431191720435}]}, {"source": 2, "prod": 2920.0, "target": 21, "value": 16.590864031598894, "supply": [{"l": "Sunflower seed", "v": 1.2923717382696669}, {"l": "Soyabeans", "v": 0.71693614677733342}, {"l": "Cottonseed", "v": 14.171052385090679}, {"l": "Rape and Mustardseed", "v": 0.29486889907777419}, {"l": "Oilcrops, Other", "v": 0.11563486238344087}]}, {"source": 3, "prod": 62.0, "target": 21, "value": 0.018689421713081453, "supply": [{"l": "Vegetables, Other", "v": 0.018689421713081453}]}, {"source": 4, "prod": 414.0, "target": 21, "value": 0.48115999908000007, "supply": [{"l": "Sugar beet", "v": 0.48115999908000007}]}, {"source": 5, "prod": 30.0, "target": 21, "value": 0.023442337737045561, "supply": [{"l": "Potatoes", "v": 0.023442337737045561}]}, {"source": 8, "prod": 128.0, "target": 21, "value": 0.080678500224700175, "supply": [{"l": "Fruits, Other", "v": 0.0021658248257908166}, {"l": "Grapes", "v": 0.077992169269114398}, {"l": "Apples", "v": 0.00052050612979495918}]}, {"source": 9, "prod": 520.0, "target": 21, "value": 1.6637567461180436, "supply": [{"l": "Wheat", "v": 1.4288511610749659}, {"l": "Barley", "v": 0.23490558504307771}]}, {"source": 0, "prod": 453.0, "target": 22, "value": 0.32080871783437465, "supply": [{"l": "Milk - Excluding Butter", "v": 0.32080871783437465}]}, {"source": 2, "prod": 1.0, "target": 22, "value": 0.0057817431191720435, "supply": [{"l": "Cottonseed", "v": 0.0057817431191720435}]}, {"source": 10, "prod": 27.0, "target": 22, "value": 0.043414943098806828, "supply": [{"l": "Eggs", "v": 0.043414943098806828}]}, {"source": 15, "prod": 10.0, "target": 22, "value": 0.0085470134064765096, "supply": [{"l": "Alcohol, Non-Food", "v": 0.0085470134064765096}]}, {"source": 4, "prod": 21.0, "target": 22, "value": 0.02440666662, "supply": [{"l": "Sugar beet", "v": 0.02440666662}]}, {"source": 16, "prod": 94.0, "target": 22, "value": 0.75718493992643754, "supply": [{"l": "Fats, Animals, Raw", "v": 0.66658234557231066}, {"l": "Butter, Ghee", "v": 0.090602594354126861}]}, {"source": 5, "prod": 112.0, "target": 22, "value": 0.087518060884970092, "supply": [{"l": "Potatoes", "v": 0.085955238369167061}, {"l": "Cassava", "v": 0.0015628225158030374}]}, {"source": 17, "prod": 382.0, "target": 22, "value": 1.3513303029717501, "supply": [{"l": "Sugar", "v": 1.3513303029717501}]}, {"source": 9, "prod": 618.0, "target": 22, "value": 2.0440618788083262, "supply": [{"l": "Maize", "v": 0.32922956423379063}, {"l": "Rice", "v": 0.0041891611762006585}, {"l": "Wheat", "v": 1.7106431533983351}]}, {"source": 18, "prod": 183.0, "target": 22, "value": 1.909165406772624, "supply": [{"l": "Coconut Oil", "v": 0.014150055528500001}, {"l": "Cottonseed Oil", "v": 1.0917347760546297}, {"l": "Oilcrops Oil, Other", "v": 0.23347591622024999}, {"l": "Rape and Mustard Oil", "v": 0.063675249878250004}, {"l": "Palm Oil", "v": 0.339601332684}, {"l": "Palmkernel Oil", "v": 0.063675249878250004}, {"l": "Sunflowerseed Oil", "v": 0.1028528265287445}]}, {"source": 3, "prod": 71.0, "target": 22, "value": 0.021402402284335213, "supply": [{"l": "Vegetables, Other", "v": 0.021402402284335213}]}, {"source": 11, "prod": 176.0, "target": 22, "value": 0.3310915829185988, "supply": [{"l": "Meat, Other", "v": 0.014255652957817165}, {"l": "Bovine Meat", "v": 0.21751837184686859}, {"l": "Poultry Meat", "v": 0.010082973699949102}, {"l": "Offals, Edible", "v": 0.089234584413963966}]}, {"source": 2, "prod": 147.0, "target": 2, "value": 0.83181025348719906, "supply": [{"l": "Sunflower seed", "v": 0.080183647994833351}, {"l": "Soyabeans", "v": 0.011563486238344087}, {"l": "Cottonseed", "v": 0.68224568806230113}, {"l": "Rape and Mustardseed", "v": 0.0057817431191720435}, {"l": "Oilcrops, Other", "v": 0.052035688072548388}]}, {"source": 3, "prod": 20.0, "target": 3, "value": 0.006028845713897244, "supply": [{"l": "Vegetables, Other", "v": 0.006028845713897244}]}, {"source": 5, "prod": 675.0, "target": 5, "value": 0.52745259908352504, "supply": [{"l": "Potatoes", "v": 0.52745259908352504}]}, {"source": 6, "prod": 12.0, "target": 6, "value": 0.046467432722875929, "supply": [{"l": "Peas", "v": 0.0424501665855}, {"l": "Pulses, Other", "v": 0.0040172661373759321}]}, {"source": 9, "prod": 2806.0, "target": 9, "value": 9.1102878596391275, "supply": [{"l": "Maize", "v": 0.10431035698496335}, {"l": "Wheat", "v": 7.9929469822546242}, {"l": "Oats", "v": 0.054935509698882355}, {"l": "Rye", "v": 0.066443739003391317}, {"l": "Millet", "v": 0.0070331636946390531}, {"l": "Barley", "v": 0.77861963581694293}, {"l": "Rice", "v": 0.096350707052615142}, {"l": "Cereals, Other", "v": 0.0096477651330681841}]}, {"source": 10, "prod": 7.0, "target": 10, "value": 0.011255725988579547, "supply": [{"l": "Eggs", "v": 0.011255725988579547}]}, {"source": 0, "prod": 54.0, "target": 23, "value": 0.038242098814693669, "supply": [{"l": "Milk - Excluding Butter", "v": 0.038242098814693669}]}, {"source": 11, "prod": 39.0, "target": 23, "value": 0.092999804357300056, "supply": [{"l": "Pigmeat", "v": 0.0023281627012157226}, {"l": "Mutton & Goat Meat", "v": 0.023338661011943901}, {"l": "Bovine Meat", "v": 0.056969097388465589}, {"l": "Poultry Meat", "v": 0.0014404248142784431}, {"l": "Offals, Edible", "v": 0.0089234584413963956}]}, {"source": 3, "prod": 467.0, "target": 23, "value": 0.13640969526433136, "supply": [{"l": "Tomatoes", "v": 0.016643095321517431}, {"l": "Vegetables, Other", "v": 0.099475954279304502}, {"l": "Onions", "v": 0.020290645663509434}]}, {"source": 4, "prod": 3.0, "target": 23, "value": 0.0034866666600000002, "supply": [{"l": "Sugar beet", "v": 0.0034866666600000002}]}, {"source": 5, "prod": 384.0, "target": 23, "value": 0.30006192303418316, "supply": [{"l": "Potatoes", "v": 0.30006192303418316}]}, {"source": 6, "prod": 2.0, "target": 23, "value": 0.0078763721906032046, "supply": [{"l": "Peas", "v": 0.003859106053227273}, {"l": "Pulses, Other", "v": 0.0040172661373759321}]}, {"source": 17, "prod": 1.0, "target": 23, "value": 0.0035375138821250002, "supply": [{"l": "Sugar", "v": 0.0035375138821250002}]}, {"source": 9, "prod": 1144.0, "target": 23, "value": 3.7280851567151196, "supply": [{"l": "Maize", "v": 0.091271562361842945}, {"l": "Oats", "v": 0.014982411736058823}, {"l": "Rye", "v": 0.018456594167608701}, {"l": "Barley", "v": 0.31936602011474613}, {"l": "Rice", "v": 0.10472902940501648}, {"l": "Cereals, Other", "v": 0.0064318434220454555}, {"l": "Wheat", "v": 3.1693311136604816}, {"l": "Millet", "v": 0.0035165818473195266}]}, {"source": 10, "prod": 18.0, "target": 23, "value": 0.028943295399204549, "supply": [{"l": "Eggs", "v": 0.028943295399204549}]}, {"source": 8, "prod": 165.0, "target": 23, "value": 0.096680945979268657, "supply": [{"l": "Fruits, Other", "v": 0.032487372386862244}, {"l": "Apples", "v": 0.010930628725694143}, {"l": "Grapes", "v": 0.053262944866712264}]}, {"source": 2, "prod": 32.0, "target": 23, "value": 0.17862543215547311, "supply": [{"l": "Cottonseed", "v": 0.12141660550261291}, {"l": "Sunflower seed", "v": 0.028300111057000001}, {"l": "Soyabeans", "v": 0.0057817431191720435}, {"l": "Rape and Mustardseed", "v": 0.0057817431191720435}, {"l": "Oilcrops, Other", "v": 0.017345229357516131}]}, {"source": 24, "prod": 24.0, "target": 14, "value": 0.089617018347166677, "supply": [{"l": "Nuts", "v": 0.056600222113999996}, {"l": "Infant food", "v": 0.033016796233166675}]}, {"source": 24, "prod": 1250.0, "target": 1, "value": 1.3518269315548948, "supply": [{"l": "Freshwater Fish", "v": 0.0024257238048857148}, {"l": "Pigmeat", "v": 0.18858117879847353}, {"l": "Meat, Other", "v": 0.0019007537277089554}, {"l": "Crustaceans", "v": 0.00098334313188079125}, {"l": "Eggs", "v": 0.040199021387784105}, {"l": "Marine Fish, Other", "v": 0.028943295399204545}, {"l": "Demersal Fish", "v": 0.023154636319363639}, {"l": "Milk - Excluding Butter", "v": 0.44828238055002018}, {"l": "Pelagic Fish", "v": 0.11273650798116394}, {"l": "Fish, Seafood", "v": 0.13373466593578759}, {"l": "Molluscs, Other", "v": 0.00098334313188079125}, {"l": "Poultry Meat", "v": 0.30392963581275156}, {"l": "Offals, Edible", "v": 0.0038243393320270274}, {"l": "Bovine Meat", "v": 0.062148106241962459}]}, {"source": 24, "prod": 3629.0, "target": 9, "value": 11.994193635218698, "supply": [{"l": "Maize", "v": 0.26403559111818853}, {"l": "Rye", "v": 0.0073826376670434787}, {"l": "Barley", "v": 0.35895684905459069}, {"l": "Rice", "v": 0.32256541056745069}, {"l": "Cereals, Other", "v": 0.083613964486590933}, {"l": "Wheat", "v": 10.940159701966097}, {"l": "Oats", "v": 0.017479480358735297}]}, {"source": 24, "prod": 12.0, "target": 6, "value": 0.046941912975321909, "supply": [{"l": "Pulses, Other", "v": 0.0080345322747518641}, {"l": "Peas", "v": 0.034731954479045458}, {"l": "Beans", "v": 0.0041754262215245898}]}, {"source": 24, "prod": 2130.0, "target": 21, "value": 9.0852076426078128, "supply": [{"l": "Sugar", "v": 5.0727949069672498}, {"l": "Maize Germ Oil", "v": 0.02122508329275}, {"l": "Beer", "v": 0.14433056639070002}, {"l": "Beverages, Alcoholic", "v": 0.065466977688676958}, {"l": "Fats, Animals, Raw", "v": 0.48989786843266214}, {"l": "Soyabean Oil", "v": 0.11037043312230001}, {"l": "Butter, Ghee", "v": 0.1153123928143433}, {"l": "Palm Oil", "v": 0.36082641597675003}, {"l": "Sunflowerseed Oil", "v": 1.6147893765012884}, {"l": "Olive Oil", "v": 0.010612541646375}, {"l": "Coconut Oil", "v": 0.0424501665855}, {"l": "Rape and Mustard Oil", "v": 0.010612541646375}, {"l": "Oilcrops Oil, Other", "v": 0.42450166585499999}, {"l": "Wine", "v": 0.010256416087771813}, {"l": "Sweeteners, Other", "v": 0.052741116060772732}, {"l": "Cottonseed Oil", "v": 0.47377169526899016}, {"l": "Palmkernel Oil", "v": 0.063675249878250004}, {"l": "Cream", "v": 0.0015722283920555555}]}, {"source": 24, "prod": 18.0, "target": 13, "value": 0.05992964694423529, "supply": [{"l": "Treenuts", "v": 0.05992964694423529}]}, {"source": 24, "prod": 194.0, "target": 3, "value": 0.051654514994269679, "supply": [{"l": "Tomatoes", "v": 0.016437625008906102}, {"l": "Vegetables, Other", "v": 0.030144228569486217}, {"l": "Onions", "v": 0.0050726614158773586}]}, {"source": 24, "prod": 149.0, "target": 20, "value": 0.59468135154151347, "supply": [{"l": "Cocoa Beans", "v": 0.48552378032165627}, {"l": "Coffee", "v": 0.083384255792946421}, {"l": "Tea", "v": 0.025773315426910717}]}, {"source": 24, "prod": 485.0, "target": 8, "value": 0.22995088829542978, "supply": [{"l": "Grapefruit", "v": 0.0010829124128954083}, {"l": "Grapes", "v": 0.0044385787388926887}, {"l": "Dates", "v": 0.0016243686193431126}, {"l": "Apples", "v": 0.10618325047817168}, {"l": "Lemons, Limes", "v": 0.0037901934451339291}, {"l": "Pineapples", "v": 0.0064974744773724502}, {"l": "Bananas", "v": 0.025586401777561645}, {"l": "Fruits, Other", "v": 0.05522853305766582}, {"l": "Oranges, Mandarines", "v": 0.025519175288393071}]}, {"source": 24, "prod": 51.0, "target": 2, "value": 0.26131546168027475, "supply": [{"l": "Olives", "v": 0.034690458715032263}, {"l": "Sunflower seed", "v": 0.15093392563733335}, {"l": "Coconuts - Incl Copra", "v": 0.0057817431191720435}, {"l": "Groundnuts", "v": 0.0063101598978445948}, {"l": "Oilcrops, Other", "v": 0.0057817431191720435}, {"l": "Soyabeans", "v": 0.052035688072548388}, {"l": "Rape and Mustardseed", "v": 0.0057817431191720435}]}, {"source": 24, "prod": 2.0, "target": 19, "value": 0.012128619024428572, "supply": [{"l": "Pepper", "v": 0.0060643095122142861}, {"l": "Spices, Other", "v": 0.0060643095122142861}]}, {"source": 24, "prod": 140.0, "target": 5, "value": 0.1093975761062126, "supply": [{"l": "Potatoes", "v": 0.10783475359040957}, {"l": "Cassava", "v": 0.0015628225158030374}]}, {"source": 0, "prod": 63.0, "target": 25, "value": 0.044615781950475955, "supply": [{"l": "Milk - Excluding Butter", "v": 0.044615781950475955}]}, {"source": 7, "prod": 111.0, "target": 25, "value": 0.095867998236131152, "supply": [{"l": "Marine Fish, Other", "v": 0.0019295530266136365}, {"l": "Freshwater Fish", "v": 0.024257238048857144}, {"l": "Fish, Seafood", "v": 0.05506721538532431}, {"l": "Pelagic Fish", "v": 0.014613991775336064}]}, {"source": 2, "prod": 114.0, "target": 25, "value": 0.66281763303632091, "supply": [{"l": "Sunflower seed", "v": 0.0047166851761666672}, {"l": "Sesame seed", "v": 0.0068468010621774199}, {"l": "Cottonseed", "v": 0.27174192660108604}, {"l": "Oilcrops, Other", "v": 0.052035688072548388}, {"l": "Soyabeans", "v": 0.028908715595860217}, {"l": "Groundnuts", "v": 0.044171119284912165}, {"l": "Rape and Mustardseed", "v": 0.25439669724356995}]}, {"source": 13, "prod": 14.0, "target": 25, "value": 0.046611947623294112, "supply": [{"l": "Treenuts", "v": 0.046611947623294112}]}, {"source": 3, "prod": 620.0, "target": 25, "value": 0.18199010057585147, "supply": [{"l": "Vegetables, Other", "v": 0.098571627422219935}, {"l": "Tomatoes", "v": 0.029793195328642309}, {"l": "Onions", "v": 0.053625277824989215}]}, {"source": 14, "prod": 15.0, "target": 25, "value": 0.051328632799460781, "supply": [{"l": "Nuts", "v": 0.046611947623294112}, {"l": "Infant food", "v": 0.0047166851761666672}]}, {"source": 15, "prod": 10.0, "target": 25, "value": 0.015779066471010732, "supply": [{"l": "Alcohol, Non-Food", "v": 0.0034188053625906047}, {"l": "Beer", "v": 0.0011686685537708502}, {"l": "Beverages, Alcoholic", "v": 0.010336891214001625}, {"l": "Wine", "v": 0.00085470134064765117}]}, {"source": 16, "prod": 13.0, "target": 25, "value": 0.10460995065381989, "supply": [{"l": "Butter, Ghee", "v": 0.0082365994867388062}, {"l": "Fats, Animals, Raw", "v": 0.096373351167081081}]}, {"source": 5, "prod": 2.0, "target": 25, "value": 0.0015628225158030374, "supply": [{"l": "Potatoes", "v": 0.0015628225158030374}]}, {"source": 6, "prod": 50.0, "target": 25, "value": 0.20481730897251302, "supply": [{"l": "Peas", "v": 0.034731954479045458}, {"l": "Beans", "v": 0.14196449153183605}, {"l": "Pulses, Other", "v": 0.028120862961631524}]}, {"source": 17, "prod": 50.0, "target": 25, "value": 0.11384362857020455, "supply": [{"l": "Sugar", "v": 0.077825305406750006}, {"l": "Sweeteners, Other", "v": 0.036018323163454546}]}, {"source": 9, "prod": 8032.0, "target": 25, "value": 26.184241969886315, "supply": [{"l": "Maize", "v": 0.0097790959673403153}, {"l": "Rye", "v": 0.018456594167608701}, {"l": "Barley", "v": 1.8106205768488914}, {"l": "Rice", "v": 0.12567483528601975}, {"l": "Cereals, Other", "v": 0.019295530266136368}, {"l": "Wheat", "v": 24.157861741886954}, {"l": "Oats", "v": 0.02497068622676471}, {"l": "Millet", "v": 0.017582909236597631}]}, {"source": 8, "prod": 606.0, "target": 25, "value": 0.34337237149718991, "supply": [{"l": "Citrus, Other", "v": 0.00054145620644770415}, {"l": "Grapes", "v": 0.13442552752075002}, {"l": "Apples", "v": 0.086924523675758175}, {"l": "Fruits, Other", "v": 0.12074473403783804}, {"l": "Oranges, Mandarines", "v": 0.00073613005639595387}]}, {"source": 18, "prod": 30.0, "target": 25, "value": 0.31017776015173226, "supply": [{"l": "Palm Oil", "v": 0.02122508329275}, {"l": "Sunflowerseed Oil", "v": 0.041141130611497802}, {"l": "Oilcrops Oil, Other", "v": 0.02122508329275}, {"l": "Cottonseed Oil", "v": 0.22658646295473445}]}, {"source": 19, "prod": 2.0, "target": 25, "value": 0.012128619024428572, "supply": [{"l": "Pimento", "v": 0.012128619024428572}]}, {"source": 20, "prod": 4.0, "target": 25, "value": 0.024257238048857141, "supply": [{"l": "Cocoa Beans", "v": 0.02387821870434375}, {"l": "Tea", "v": 0.00037901934451339288}]}, {"source": 11, "prod": 2.0, "target": 25, "value": 0.0028808496285568862, "supply": [{"l": "Poultry Meat", "v": 0.0028808496285568862}]}, {"source": 26, "prod": 136.0, "target": 2, "value": 0.71282806614002703, "supply": [{"l": "Soyabeans", "v": 0.2370514678860538}, {"l": "Sunflower seed", "v": 0.3254512771555001}, {"l": "Rape and Mustardseed", "v": 0.092507889906752697}, {"l": "Oilcrops, Other", "v": 0.057817431191720434}]}, {"source": 11, "prod": 15.0, "target": 27, "value": 0.021606372214176651, "supply": [{"l": "Poultry Meat", "v": 0.021606372214176651}]}, {"source": 6, "prod": 2.0, "target": 27, "value": 0.0083508524430491796, "supply": [{"l": "Beans", "v": 0.0083508524430491796}]}, {"source": 26, "prod": 50.0, "target": 5, "value": 0.039070562895075933, "supply": [{"l": "Potatoes", "v": 0.039070562895075933}]}, {"source": 9, "prod": 6.0, "target": 27, "value": 0.019558191934680631, "supply": [{"l": "Maize", "v": 0.019558191934680631}]}, {"source": 26, "prod": 2.0, "target": 8, "value": 0.0012681653539693397, "supply": [{"l": "Grapes", "v": 0.0012681653539693397}]}, {"source": 3, "prod": 10.0, "target": 27, "value": 0.003014422856948622, "supply": [{"l": "Vegetables, Other", "v": 0.003014422856948622}]}, {"source": 26, "prod": 1.0, "target": 1, "value": 0.00070818701508691977, "supply": [{"l": "Milk - Excluding Butter", "v": 0.00070818701508691977}]}, {"source": 8, "prod": 1.0, "target": 27, "value": 0.00054145620644770415, "supply": [{"l": "Fruits, Other", "v": 0.00054145620644770415}]}, {"source": 2, "prod": 197.0, "target": 27, "value": 1.1390033944768925, "supply": [{"l": "Cottonseed", "v": 1.1390033944768925}]}, {"source": 26, "prod": 3.0, "target": 14, "value": 0.0099882744907058806, "supply": [{"l": "Nuts", "v": 0.0099882744907058806}]}, {"source": 26, "prod": 16.0, "target": 21, "value": 0.092649387655097629, "supply": [{"l": "Sugar", "v": 0.014150055528500001}, {"l": "Sweeteners, Other", "v": 0.0064318434220454555}, {"l": "Cottonseed Oil", "v": 0.051496923398803282}, {"l": "Sunflowerseed Oil", "v": 0.020570565305748901}]}, {"source": 4, "prod": 7.0, "target": 27, "value": 0.0081355555400000005, "supply": [{"l": "Sugar beet", "v": 0.0081355555400000005}]}, {"source": 26, "prod": 3.0, "target": 13, "value": 0.0099882744907058806, "supply": [{"l": "Treenuts", "v": 0.0099882744907058806}]}, {"source": 26, "prod": 1060.0, "target": 9, "value": 3.4096565268637562, "supply": [{"l": "Oats", "v": 0.022473617604088236}, {"l": "Rye", "v": 0.036913188335217402}, {"l": "Barley", "v": 0.39062951220646641}, {"l": "Rice", "v": 0.008378322352401317}, {"l": "Cereals, Other", "v": 0.083613964486590933}, {"l": "Wheat", "v": 2.8676479218789916}]}, {"source": 1, "prod": 15199.0, "target": 0, "value": 10.763734442306093, "supply": [{"l": "Milk - Excluding Butter", "v": 10.763734442306093}]}, {"source": 1, "prod": 399.0, "target": 10, "value": 0.64157638134903416, "supply": [{"l": "Eggs", "v": 0.65283210733761377}]}, {"source": 1, "prod": 2728.0, "target": 11, "value": 6.2249848159695693, "supply": [{"l": "Pigmeat", "v": 0.7659655286999727}, {"l": "Bovine Meat", "v": 3.2731335954100231}, {"l": "Poultry Meat", "v": 0.46957848945477249}, {"l": "Offals, Edible", "v": 0.35311399832382889}, {"l": "Meat, Other", "v": 0.09123617893002986}, {"l": "Mutton & Goat Meat", "v": 1.2719570251509427}]}, {"source": 1, "prod": 426.0, "target": 7, "value": 0.42497382773602621, "supply": [{"l": "Pelagic Fish", "v": 0.1116926514257828}, {"l": "Crustaceans", "v": 0.00098334313188079125}, {"l": "Freshwater Fish", "v": 0.049727338000157148}, {"l": "Molluscs, Other", "v": 0.00098334313188079125}, {"l": "Demersal Fish", "v": 0.023154636319363639}, {"l": "Fish, Seafood", "v": 0.21141877335437009}, {"l": "Marine Fish, Other", "v": 0.02701374237259091}]}, {"source": 21, "prod": 1547.0, "target": 17, "value": 5.364479006157012, "supply": [{"l": "Honey", "v": 0.024762597174875004}, {"l": "Sweeteners, Other", "v": 0.061745696851636368}, {"l": "Sugar", "v": 5.2779707121305002}]}, {"source": 21, "prod": 936.0, "target": 18, "value": 9.6762260750477562, "supply": [{"l": "Olive Oil", "v": 0.010612541646375}, {"l": "Soyabean Oil", "v": 0.33111129936689998}, {"l": "Coconut Oil", "v": 0.0424501665855}, {"l": "Rape and Mustard Oil", "v": 0.24408845786662503}, {"l": "Maize Germ Oil", "v": 0.074287791524625002}, {"l": "Cottonseed Oil", "v": 5.0878960318017645}, {"l": "Palmkernel Oil", "v": 0.063675249878250004}, {"l": "Oilcrops Oil, Other", "v": 0.50940199902600003}, {"l": "Palm Oil", "v": 0.36082641597675003}, {"l": "Sunflowerseed Oil", "v": 2.9518761213749669}]}, {"source": 21, "prod": 229.0, "target": 16, "value": 1.7464679557416445, "supply": [{"l": "Fats, Animals, Raw", "v": 1.2930091281583376}, {"l": "Butter, Ghee", "v": 0.42830317331041795}, {"l": "Cream", "v": 0.025155654272888888}]}, {"source": 21, "prod": 1036.0, "target": 15, "value": 1.1716825245713092, "supply": [{"l": "Beer", "v": 0.43416036772587085}, {"l": "Beverages, Alcoholic", "v": 0.64777851607743508}, {"l": "Alcohol, Non-Food", "v": 0.011965818769067115}, {"l": "Beverages, Fermented", "v": 0.00085470134064765117}, {"l": "Wine", "v": 0.076923120658288602}]}, {"source": 2, "prod": 4179.5, "target": 28, "value": 14.391220978884464, "supply": [{"l": "Olives", "v": 0.010459999980000002}, {"l": "Sunflower seed", "v": 1.0634333313}, {"l": "Coconuts - Incl Copra", "v": 0.0017433333300000001}, {"l": "Sesame seed", "v": 0.066246666539999999}, {"l": "Soyabeans", "v": 0.39573666591000006}, {"l": "Groundnuts", "v": 0.028539953714989335}, {"l": "Oilcrops, Other", "v": 0.31902999939000004}, {"l": "Cottonseed", "v": 12.3602333097}, {"l": "Rape and Mustardseed", "v": 0.32948999937000001}]}, {"source": 3, "prod": 12467.0, "target": 28, "value": 40.929958658585093, "supply": [{"l": "Tomatoes", "v": 11.450213311439999}, {"l": "Vegetables, Other", "v": 26.53701994926001}, {"l": "Onions", "v": 5.4810399895200002}]}, {"source": 4, "prod": 185.0, "target": 28, "value": 0.21501111070000004, "supply": [{"l": "Sugar beet", "v": 0.21501111070000004}]}, {"source": 5, "prod": 3051.25, "target": 28, "value": 10.638691646324999, "supply": [{"l": "Cassava", "v": 0.0017433333300000001}, {"l": "Potatoes", "v": 10.636948312994999}]}, {"source": 6, "prod": 189.5, "target": 28, "value": 0.66298829269559056, "supply": [{"l": "Peas", "v": 0.19699666629000001}, {"l": "Beans", "v": 0.25452666618000008}, {"l": "Pulses, Other", "v": 1.5521330521738304}]}, {"source": 9, "prod": 58874.0, "target": 28, "value": 205.25794172769199, "supply": [{"l": "Maize", "v": 9.0827666493000017}, {"l": "Rye", "v": 0.40445333255999999}, {"l": "Barley", "v": 18.75129329748}, {"l": "Rice", "v": 2.8241999945999998}, {"l": "Cereals, Other", "v": 0.76706666520000011}, {"l": "Wheat", "v": 172.05305300435998}, {"l": "Oats", "v": 1.0459999979999999}, {"l": "Sorghum", "v": 0.10459999980000001}, {"l": "Millet", "v": 0.25953910117131246}]}, {"source": 29, "prod": 0, "target": 2, "value": 0.099093459727225719, "supply": "[{\"l\":'Energy for power irrigation',\"v\":0.099093459727225719}]"}, {"source": 29, "prod": 0, "target": 13, "value": 0.0015529660514734499, "supply": "[{\"l\":'Energy for power irrigation',\"v\":0.0015529660514734499}]"}, {"source": 29, "prod": 0, "target": 3, "value": 0.29558515669800767, "supply": "[{\"l\":'Energy for power irrigation',\"v\":0.29558515669800767}]"}, {"source": 29, "prod": 0, "target": 4, "value": 0.010965599981778177, "supply": "[{\"l\":'Energy for power irrigation',\"v\":0.010965599981778177}]"}, {"source": 29, "prod": 0, "target": 5, "value": 0.14468664624605693, "supply": "[{\"l\":'Energy for power irrigation',\"v\":0.14468664624605693}]"}, {"source": 29, "prod": 0, "target": 6, "value": 0.0044929323168583024, "supply": "[{\"l\":'Energy for power irrigation',\"v\":0.0044929323168583024}]"}, {"source": 29, "prod": 0, "target": 14, "value": 0.0016359489702544741, "supply": "[{\"l\":'Energy for power irrigation',\"v\":0.0016359489702544741}]"}, {"source": 29, "prod": 0, "target": 9, "value": 0.69793376575914423, "supply": "[{\"l\":'Energy for power irrigation',\"v\":0.69793376575914423}]"}, {"source": 29, "prod": 0, "target": 19, "value": 0.00020152994561105838, "supply": "[{\"l\":'Energy for power irrigation',\"v\":0.00020152994561105838}]"}, {"source": 29, "prod": 0, "target": 8, "value": 0.079070866895632919, "supply": "[{\"l\":'Energy for power irrigation',\"v\":0.079070866895632919}]"}, {"source": 29, "prod": 0, "target": 21, "value": 22.768000018214398, "supply": "[{\"l\":'Electricity',\"v\":22.768000018214398}]"}, {"source": 30, "prod": 0, "target": 29, "value": 38.175421459684394, "supply": [{"l": "Coal", "v": 25.590480784873943}, {"l": "Natural gas", "v": 9.6754568430957946}, {"l": "Oil", "v": 2.9094838317146579}]}, {"source": 31, "prod": 0, "target": 29, "value": 7.7943471840820706, "supply": [{"l": "Nuclear", "v": 3.2928825443136116}, {"l": "Hydroelectric", "v": 3.8330797149457139}, {"l": "Renewable", "v": 0.66838492482274514}]}, {"source": 30, "prod": 0, "target": 2, "value": 1.2848122277159544, "supply": [{"l": "Motor Gasoline", "v": 0.029185664669383275}, {"l": "Gas-Diesel oil", "v": 0.88617280217569439}, {"l": "Natural gas (including LNG)", "v": 0.15329885660851289}, {"l": "Fuel oil", "v": 0.001561210708529253}, {"l": "Coal", "v": 0.21459369355383448}]}, {"source": 30, "prod": 0, "target": 13, "value": 0.020135231706040195, "supply": [{"l": "Motor Gasoline", "v": 0.0004573898877484398}, {"l": "Gas-Diesel oil", "v": 0.013887861835747811}, {"l": "Natural gas (including LNG)", "v": 0.0024024584538479706}, {"l": "Fuel oil", "v": 2.4466874365035547e-05}, {"l": "Coal", "v": 0.0033630546543309387}]}, {"source": 30, "prod": 0, "target": 3, "value": 3.8324570027359259, "supply": [{"l": "Motor Gasoline", "v": 0.087057705810073285}, {"l": "Gas-Diesel oil", "v": 2.6433583741414957}, {"l": "Natural gas (including LNG)", "v": 0.45727403884156725}, {"l": "Fuel oil", "v": 0.0046569240108228728}, {"l": "Coal", "v": 0.64010995993196662}]}, {"source": 30, "prod": 0, "target": 4, "value": 0.14217625441287926, "supply": [{"l": "Motor Gasoline", "v": 0.0032296614211244799}, {"l": "Gas-Diesel oil", "v": 0.098063146550127669}, {"l": "Natural gas (including LNG)", "v": 0.016963924197018115}, {"l": "Fuel oil", "v": 0.00017276228082181588}, {"l": "Coal", "v": 0.023746759963787164}]}, {"source": 30, "prod": 0, "target": 5, "value": 1.8759580379558825, "supply": [{"l": "Motor Gasoline", "v": 0.042614073129539756}, {"l": "Gas-Diesel oil", "v": 1.2939034633992523}, {"l": "Natural gas (including LNG)", "v": 0.22383210251308766}, {"l": "Fuel oil", "v": 0.0022795282566813652}, {"l": "Coal", "v": 0.31332887065732146}]}, {"source": 30, "prod": 0, "target": 6, "value": 0.058253838294574312, "supply": [{"l": "Motor Gasoline", "v": 0.0013232883011958681}, {"l": "Gas-Diesel oil", "v": 0.040179386532430694}, {"l": "Natural gas (including LNG)", "v": 0.0069506240763998551}, {"l": "Fuel oil", "v": 7.0785842628614298e-05}, {"l": "Coal", "v": 0.009729753541919281}]}, {"source": 30, "prod": 0, "target": 14, "value": 0.021211160117813335, "supply": [{"l": "Motor Gasoline", "v": 0.0004818305687731656}, {"l": "Gas-Diesel oil", "v": 0.014629961323154183}, {"l": "Natural gas (including LNG)", "v": 0.0025308340964199996}, {"l": "Fuel oil", "v": 2.5774264598281722e-05}, {"l": "Coal", "v": 0.0035427598648677065}]}, {"source": 30, "prod": 0, "target": 9, "value": 9.0491727592474085, "supply": [{"l": "Motor Gasoline", "v": 0.20556009352138663}, {"l": "Gas-Diesel oil", "v": 6.2414807459375314}, {"l": "Natural gas (including LNG)", "v": 1.0797125115408048}, {"l": "Fuel oil", "v": 0.010995898941733608}, {"l": "Coal", "v": 1.5114235093059518}]}, {"source": 30, "prod": 0, "target": 19, "value": 0.0026129690000204833, "supply": [{"l": "Motor Gasoline", "v": 5.9355939631476925e-05}, {"l": "Gas-Diesel oil", "v": 0.0018022416122726167}, {"l": "Natural gas (including LNG)", "v": 0.00031176941767492751}, {"l": "Fuel oil", "v": 3.1750905664549945e-06}, {"l": "Coal", "v": 0.00043642693987500732}]}, {"source": 30, "prod": 0, "target": 8, "value": 1.0252060723609779, "supply": [{"l": "Motor Gasoline", "v": 0.023288477490703004}, {"l": "Gas-Diesel oil", "v": 0.70711479728578552}, {"l": "Natural gas (including LNG)", "v": 0.12232364799363332}, {"l": "Fuel oil", "v": 0.0012457561222502832}, {"l": "Coal", "v": 0.1712333934686058}]}, {"source": 30, "prod": 0, "target": 1, "value": 0.012147500009717999, "supply": [{"l": "Gas-diesel oils used in fisheries", "v": 0.012147500009717999}]}, {"source": 32, "prod": 63.356922690878783, "target": 2, "value": 0.95775156135875572, "supply": [{"l": "Potash", "v": 0.075503963949292055}, {"l": "Phosphate", "v": 0.68358483388020119}, {"l": "Nitrogen", "v": 12.163052468063775}]}, {"source": 32, "prod": 0.99291265372713478, "target": 13, "value": 0.015009624899868046, "supply": [{"l": "Potash", "v": 0.075503963949292055}, {"l": "Phosphate", "v": 0.68358483388020119}, {"l": "Nitrogen", "v": 12.163052468063775}]}, {"source": 32, "prod": 188.98690158803345, "target": 3, "value": 2.8568701317046554, "supply": [{"l": "Potash", "v": 0.075503963949292055}, {"l": "Phosphate", "v": 0.68358483388020119}, {"l": "Nitrogen", "v": 12.163052468063775}]}, {"source": 32, "prod": 7.0110244633404557, "target": 4, "value": 0.10598399261357208, "supply": [{"l": "Potash", "v": 0.075503963949292055}, {"l": "Phosphate", "v": 0.68358483388020119}, {"l": "Nitrogen", "v": 12.163052468063775}]}, {"source": 32, "prod": 92.507625486562461, "target": 5, "value": 1.3984158160525917, "supply": [{"l": "Potash", "v": 0.075503963949292055}, {"l": "Phosphate", "v": 0.68358483388020119}, {"l": "Nitrogen", "v": 12.163052468063775}]}, {"source": 32, "prod": 2.8726251584930087, "target": 6, "value": 0.043424792649236564, "supply": [{"l": "Potash", "v": 0.075503963949292055}, {"l": "Phosphate", "v": 0.68358483388020119}, {"l": "Nitrogen", "v": 12.163052468063775}]}, {"source": 32, "prod": 1.045969055071333, "target": 14, "value": 0.015811665925051833, "supply": [{"l": "Potash", "v": 0.075503963949292055}, {"l": "Phosphate", "v": 0.68358483388020119}, {"l": "Nitrogen", "v": 12.163052468063775}]}, {"source": 32, "prod": 446.2346532483308, "target": 9, "value": 6.7456233309529106, "supply": [{"l": "Potash", "v": 0.075503963949292055}, {"l": "Phosphate", "v": 0.68358483388020119}, {"l": "Nitrogen", "v": 12.163052468063775}]}, {"source": 32, "prod": 0.1288512604073381, "target": 19, "value": 0.0019478139183034869, "supply": [{"l": "Potash", "v": 0.075503963949292055}, {"l": "Phosphate", "v": 0.68358483388020119}, {"l": "Nitrogen", "v": 12.163052468063775}]}, {"source": 32, "prod": 50.555170995114423, "target": 8, "value": 0.76423051971083866, "supply": [{"l": "Potash", "v": 0.075503963949292055}, {"l": "Phosphate", "v": 0.68358483388020119}, {"l": "Nitrogen", "v": 12.163052468063775}]}, {"source": 30, "prod": 0, "target": 32, "value": 15.273424018594071, "supply": [{"l": "Natural gas (including LNG)", "v": 10.409752000064461}, {"l": "Fuel oil", "v": 2.7135948030097601}, {"l": "Liquefied petroleum gas (LPG)", "v": 1.075038607759925}, {"l": "Coal", "v": 1.075038607759925}]}, {"source": 33, "prod": 0, "target": 5, "value": 0.47443469950616018, "supply": "[{\"l\":'Labor',\"v\":0.47443469950616018}]"}, {"source": 33, "prod": 0, "target": 2, "value": 0.32493237633527189, "supply": "[{\"l\":'Labor',\"v\":0.32493237633527189}]"}, {"source": 33, "prod": 0, "target": 13, "value": 0.0050922528173131488, "supply": "[{\"l\":'Labor',\"v\":0.0050922528173131488}]"}, {"source": 33, "prod": 0, "target": 3, "value": 0.96923841028157309, "supply": "[{\"l\":'Labor',\"v\":0.96923841028157309}]"}, {"source": 33, "prod": 0, "target": 14, "value": 0.0053643579296886604, "supply": "[{\"l\":'Labor',\"v\":0.0053643579296886604}]"}, {"source": 33, "prod": 0, "target": 4, "value": 0.03595674699247834, "supply": "[{\"l\":'Labor',\"v\":0.03595674699247834}]"}, {"source": 33, "prod": 0, "target": 6, "value": 0.014732548227188424, "supply": "[{\"l\":'Labor',\"v\":0.014732548227188424}]"}, {"source": 33, "prod": 0, "target": 9, "value": 2.2885594837136973, "supply": "[{\"l\":'Labor',\"v\":2.2885594837136973}]"}, {"source": 33, "prod": 0, "target": 8, "value": 0.25927729993495191, "supply": "[{\"l\":'Labor',\"v\":0.25927729993495191}]"}, {"source": 33, "prod": 0, "target": 19, "value": 0.0006608267014833858, "supply": "[{\"l\":'Labor',\"v\":0.0006608267014833858}]"}, {"source": 33, "prod": 0, "target": 20, "value": 0.0057919516777073217, "supply": "[{\"l\":'Labor',\"v\":0.0057919516777073217}]"}, {"source": 30, "prod": 0, "target": 24, "value": 8.9726258724035777, "supply": "[{\"l\":'Fossil Fuels',\"v\":8.9726258724035777}]"}, {"source": 31, "prod": 0, "target": 24, "value": 2.0859096685985614, "supply": "[{\"l\":'Renewables & Nuclear',\"v\":1.0046178342960923},{\"l\":'Biomass & Waste',\"v\":1.0812918343024689}]"}]}