{"nodes": [{"layer": 3, "name": "Treenuts"}, {"layer": 5, "name": "Production", "fill": "#b5cf6b"}, {"layer": 3, "name": "Vegetables"}, {"layer": 3, "name": "Others"}, {"layer": 3, "name": "Sugar Crops", "fill": "#ffbb78"}, {"layer": 3, "name": "Starchy Roots"}, {"layer": 3, "name": "Pulses"}, {"layer": 3, "name": "Cereals - Excluding Beer"}, {"layer": 3, "name": "Fruits - Excluding Wine"}, {"layer": 3, "name": "Spices"}, {"layer": 3, "name": "Oilcrops", "fill": "#ff9896"}, {"layer": 1, "name": "Electricity", "fill": "#bcbd22"}, {"layer": 0, "name": "Fossil Fuels", "fill": "#c49c94"}, {"layer": 0, "name": "Renewables & Nuclear", "fill": "#2ca02c"}, {"layer": 1, "name": "Fertilizers", "fill": "#c5b0d5"}, {"layer": 0, "name": "Labor", "fill": "#7f7f7f"}], "links": [{"source": 0, "prod": 59.0, "target": 1, "value": 0.1947990977756833, "supply": [{"l": "Treenuts", "v": 0.1947990977756833}]}, {"source": 2, "prod": 11265.0, "target": 1, "value": 3.1485969836249934, "supply": [{"l": "Tomatoes", "v": 0.57830390224818407}, {"l": "Vegetables, Other", "v": 2.0811577643054502}, {"l": "Onions", "v": 0.48913531707135882}]}, {"source": 3, "prod": 59.0, "target": 1, "value": 0.20151630804381035, "supply": [{"l": "Nuts", "v": 0.20151630804381035}]}, {"source": 4, "prod": 699.0, "target": 1, "value": 0.81239333178000006, "supply": [{"l": "Sugar beet", "v": 0.81239333178000006}]}, {"source": 5, "prod": 5885.0, "target": 1, "value": 4.5932843115006223, "supply": [{"l": "Potatoes", "v": 4.5932843115006223}]}, {"source": 6, "prod": 185.0, "target": 1, "value": 0.67329385097148353, "supply": [{"l": "Peas", "v": 0.27087249154557147}, {"l": "Beans", "v": 0.24163940979438461}, {"l": "Pulses, Other", "v": 0.16078194963152748}]}, {"source": 7, "prod": 31825.0, "target": 1, "value": 103.56797117445926, "supply": [{"l": "Maize", "v": 4.072215980435173}, {"l": "Rye", "v": 0.23897871559244446}, {"l": "Barley", "v": 7.5798652292345494}, {"l": "Rice", "v": 1.8701591395451302}, {"l": "Cereals, Other", "v": 0.59289902090491742}, {"l": "Wheat", "v": 88.549168763398768}, {"l": "Oats", "v": 0.51818479211265522}, {"l": "Sorghum", "v": 0.048333523006654888}, {"l": "Millet", "v": 0.098166010228968759}]}, {"source": 8, "prod": 3317.0, "target": 1, "value": 1.8590364534076689, "supply": [{"l": "Grapefruit", "v": 0.00053099582942251573}, {"l": "Grapes", "v": 0.87956285623433839}, {"l": "Apples", "v": 0.43628441171333271}, {"l": "Lemons, Limes", "v": 0.0010619916588450315}, {"l": "Citrus, Other", "v": 0.0010619916588450315}, {"l": "Fruits, Other", "v": 0.54002275852269854}, {"l": "Oranges, Mandarines", "v": 0.00051144779018674703}]}, {"source": 9, "prod": 7.0, "target": 1, "value": 0.049525194349750008, "supply": [{"l": "Pepper", "v": 0.0070750277642500003}, {"l": "Pimento", "v": 0.035375138821250006}, {"l": "Spices, Other", "v": 0.0070750277642500003}]}, {"source": 10, "prod": 4006.0, "target": 1, "value": 24.12663079028853, "supply": [{"l": "Sunflower seed", "v": 0.65561923948716672}, {"l": "Sesame seed", "v": 0.11320044422800001}, {"l": "Cottonseed", "v": 21.451484181206002}, {"l": "Groundnuts", "v": 0.063675249878250004}, {"l": "Oilcrops, Other", "v": 0.55342439400355548}, {"l": "Soyabeans", "v": 0.52197982616244443}, {"l": "Rape and Mustardseed", "v": 0.76724745532311101}]}, {"source": 11, "prod": 0, "target": 10, "value": 0.093359568477743543, "supply": "[{\"l\":'Energy for power irrigation',\"v\":0.093359568477743543}]"}, {"source": 11, "prod": 0, "target": 0, "value": 0.0014203460067852799, "supply": "[{\"l\":'Energy for power irrigation',\"v\":0.0014203460067852799}]"}, {"source": 11, "prod": 0, "target": 2, "value": 0.25542555688688617, "supply": "[{\"l\":'Energy for power irrigation',\"v\":0.25542555688688617}]"}, {"source": 11, "prod": 0, "target": 4, "value": 0.015759077122903344, "supply": "[{\"l\":'Energy for power irrigation',\"v\":0.015759077122903344}]"}, {"source": 11, "prod": 0, "target": 5, "value": 0.13422269764120895, "supply": "[{\"l\":'Energy for power irrigation',\"v\":0.13422269764120895}]"}, {"source": 11, "prod": 0, "target": 6, "value": 0.0043286735444884716, "supply": "[{\"l\":'Energy for power irrigation',\"v\":0.0043286735444884716}]"}, {"source": 11, "prod": 0, "target": 3, "value": 0.0014767089435624734, "supply": "[{\"l\":'Energy for power irrigation',\"v\":0.0014767089435624734}]"}, {"source": 11, "prod": 0, "target": 7, "value": 0.75318919674099405, "supply": "[{\"l\":'Energy for power irrigation',\"v\":0.75318919674099405}]"}, {"source": 11, "prod": 0, "target": 9, "value": 0.00018036139768701968, "supply": "[{\"l\":'Energy for power irrigation',\"v\":0.00018036139768701968}]"}, {"source": 11, "prod": 0, "target": 8, "value": 0.076123782411277735, "supply": "[{\"l\":'Energy for power irrigation',\"v\":0.076123782411277735}]"}, {"source": 12, "prod": 0, "target": 11, "value": 2.1374455831100549, "supply": [{"l": "Coal", "v": 1.4369450246047615}, {"l": "Natural gas", "v": 0.53091608105978882}, {"l": "Oil", "v": 0.16958447744550473}]}, {"source": 13, "prod": 0, "target": 11, "value": 0.42720959876457504, "supply": [{"l": "Nuclear", "v": 0.18571701524187495}, {"l": "Hydroelectric", "v": 0.20862629290766374}, {"l": "Renewable", "v": 0.032866290615036341}]}, {"source": 12, "prod": 0, "target": 10, "value": 1.235549920188024, "supply": [{"l": "Motor Gasoline", "v": 0.026637603363871051}, {"l": "Gas-Diesel oil", "v": 0.86492199198891295}, {"l": "Natural gas (including LNG)", "v": 0.1394628764190147}, {"l": "Fuel oil", "v": 0.002350890211680748}, {"l": "Coal", "v": 0.20217655820454439}]}, {"source": 12, "prod": 0, "target": 0, "value": 0.018797306199431423, "supply": [{"l": "Motor Gasoline", "v": 0.00040525694564691532}, {"l": "Gas-Diesel oil", "v": 0.013158677975199595}, {"l": "Natural gas (including LNG)", "v": 0.0021217486632209436}, {"l": "Fuel oil", "v": 3.576577718809156e-05}, {"l": "Coal", "v": 0.0030758568381758747}]}, {"source": 12, "prod": 0, "target": 2, "value": 3.3803822315310836, "supply": [{"l": "Motor Gasoline", "v": 0.072878707392170269}, {"l": "Gas-Diesel oil", "v": 2.3663689225400604}, {"l": "Natural gas (including LNG)", "v": 0.3815611346025663}, {"l": "Fuel oil", "v": 0.0064318789309917987}, {"l": "Coal", "v": 0.55314158806529479}]}, {"source": 12, "prod": 0, "target": 4, "value": 0.20856058783178671, "supply": [{"l": "Motor Gasoline", "v": 0.0044964223017014892}, {"l": "Gas-Diesel oil", "v": 0.14599866515340504}, {"l": "Natural gas (including LNG)", "v": 0.023541306596689515}, {"l": "Fuel oil", "v": 0.0003968298135631111}, {"l": "Coal", "v": 0.034127363966427564}]}, {"source": 12, "prod": 0, "target": 5, "value": 1.7763454358462694, "supply": [{"l": "Motor Gasoline", "v": 0.0382967813636335}, {"l": "Gas-Diesel oil", "v": 1.2434950686563617}, {"l": "Natural gas (including LNG)", "v": 0.20050524867437916}, {"l": "Fuel oil", "v": 0.0033798659442746525}, {"l": "Coal", "v": 0.29066847120762013}]}, {"source": 12, "prod": 0, "target": 6, "value": 0.057287028417314804, "supply": [{"l": "Motor Gasoline", "v": 0.0012350687867334561}, {"l": "Gas-Diesel oil", "v": 0.040102637638703524}, {"l": "Natural gas (including LNG)", "v": 0.0064662816402923989}, {"l": "Fuel oil", "v": 0.00010900046381132665}, {"l": "Coal", "v": 0.0093740398877740928}]}, {"source": 12, "prod": 0, "target": 3, "value": 0.019543231048615207, "supply": [{"l": "Motor Gasoline", "v": 0.00042133857047417381}, {"l": "Gas-Diesel oil", "v": 0.013680847736120213}, {"l": "Natural gas (including LNG)", "v": 0.002205945038745584}, {"l": "Fuel oil", "v": 3.7185054060634872e-05}, {"l": "Coal", "v": 0.0031979146492145997}]}, {"source": 12, "prod": 0, "target": 7, "value": 9.9679429446127763, "supply": [{"l": "Motor Gasoline", "v": 0.21490196889162136}, {"l": "Gas-Diesel oil", "v": 6.9778589491344132}, {"l": "Natural gas (including LNG)", "v": 1.1251330054108772}, {"l": "Fuel oil", "v": 0.018966080703170837}, {"l": "Coal", "v": 1.6310829404726923}]}, {"source": 12, "prod": 0, "target": 9, "value": 0.0023869595173881173, "supply": [{"l": "Motor Gasoline", "v": 5.1461199447227343e-05}, {"l": "Gas-Diesel oil", "v": 0.0016709432349459805}, {"l": "Natural gas (including LNG)", "v": 0.00026942840167884995}, {"l": "Fuel oil", "v": 4.5416859921386111e-06}, {"l": "Coal", "v": 0.00039058499532392059}]}, {"source": 12, "prod": 0, "target": 8, "value": 1.0074461013076221, "supply": [{"l": "Motor Gasoline", "v": 0.021719842491695389}, {"l": "Gas-Diesel oil", "v": 0.70524247909938775}, {"l": "Natural gas (including LNG)", "v": 0.11371562478357961}, {"l": "Fuel oil", "v": 0.0019168753440570022}, {"l": "Coal", "v": 0.16485127958890222}]}, {"source": 14, "prod": 60.613025555415028, "target": 10, "value": 0.90313498383657931, "supply": [{"l": "Potash", "v": 0.09951221952405423}, {"l": "Phosphate", "v": 0.70829195889996677}, {"l": "Nitrogen", "v": 12.125825954145105}]}, {"source": 14, "prod": 0.92214938661945123, "target": 0, "value": 0.013740039599542262, "supply": [{"l": "Potash", "v": 0.09951221952405423}, {"l": "Phosphate", "v": 0.70829195889996677}, {"l": "Nitrogen", "v": 12.125825954145105}]}, {"source": 14, "prod": 165.83319802706461, "target": 2, "value": 2.4709171213176835, "supply": [{"l": "Potash", "v": 0.09951221952405423}, {"l": "Phosphate", "v": 0.70829195889996677}, {"l": "Nitrogen", "v": 12.125825954145105}]}, {"source": 14, "prod": 10.231467003920578, "target": 4, "value": 0.15244901079492129, "supply": [{"l": "Potash", "v": 0.09951221952405423}, {"l": "Phosphate", "v": 0.70829195889996677}, {"l": "Nitrogen", "v": 12.125825954145105}]}, {"source": 14, "prod": 87.14311703553814, "target": 5, "value": 1.2984337421567438, "supply": [{"l": "Potash", "v": 0.09951221952405423}, {"l": "Phosphate", "v": 0.70829195889996677}, {"l": "Nitrogen", "v": 12.125825954145105}]}, {"source": 14, "prod": 2.8103600354116605, "target": 6, "value": 0.041874406398604985, "supply": [{"l": "Potash", "v": 0.09951221952405423}, {"l": "Phosphate", "v": 0.70829195889996677}, {"l": "Nitrogen", "v": 12.125825954145105}]}, {"source": 14, "prod": 0.95874261624720702, "target": 3, "value": 0.014285279266190764, "supply": [{"l": "Potash", "v": 0.09951221952405423}, {"l": "Phosphate", "v": 0.70829195889996677}, {"l": "Nitrogen", "v": 12.125825954145105}]}, {"source": 14, "prod": 489.00264616162889, "target": 7, "value": 7.286146713357267, "supply": [{"l": "Potash", "v": 0.09951221952405423}, {"l": "Phosphate", "v": 0.70829195889996677}, {"l": "Nitrogen", "v": 12.125825954145105}]}, {"source": 14, "prod": 0.1170983348088192, "target": 9, "value": 0.001744766933275208, "supply": [{"l": "Potash", "v": 0.09951221952405423}, {"l": "Phosphate", "v": 0.70829195889996677}, {"l": "Nitrogen", "v": 12.125825954145105}]}, {"source": 14, "prod": 49.42281593524725, "target": 8, "value": 0.73640069377546735, "supply": [{"l": "Potash", "v": 0.09951221952405423}, {"l": "Phosphate", "v": 0.70829195889996677}, {"l": "Nitrogen", "v": 12.125825954145105}]}, {"source": 12, "prod": 0, "target": 14, "value": 15.310800338584089, "supply": [{"l": "Natural gas (including LNG)", "v": 10.427517255308363}, {"l": "Fuel oil", "v": 2.7397864427883296}, {"l": "Liquefied petroleum gas (LPG)", "v": 1.0717483202436981}, {"l": "Coal", "v": 1.0717483202436981}]}, {"source": 15, "prod": 0, "target": 10, "value": 0.30620337888172883, "supply": "[{\"l\":'Labor',\"v\":0.30620337888172883}]"}, {"source": 15, "prod": 0, "target": 0, "value": 0.0046584913956891853, "supply": "[{\"l\":'Labor',\"v\":0.0046584913956891853}]"}, {"source": 15, "prod": 0, "target": 2, "value": 0.83775203599143844, "supply": "[{\"l\":'Labor',\"v\":0.83775203599143844}]"}, {"source": 15, "prod": 0, "target": 4, "value": 0.051687071199789533, "supply": "[{\"l\":'Labor',\"v\":0.051687071199789533}]"}, {"source": 15, "prod": 0, "target": 5, "value": 0.440227436892628, "supply": "[{\"l\":'Labor',\"v\":0.440227436892628}]"}, {"source": 15, "prod": 0, "target": 6, "value": 0.014197307110671803, "supply": "[{\"l\":'Labor',\"v\":0.014197307110671803}]"}, {"source": 15, "prod": 0, "target": 3, "value": 0.0048433521653593907, "supply": "[{\"l\":'Labor',\"v\":0.0048433521653593907}]"}, {"source": 15, "prod": 0, "target": 7, "value": 2.4703314372568936, "supply": "[{\"l\":'Labor',\"v\":2.4703314372568936}]"}, {"source": 15, "prod": 0, "target": 9, "value": 0.00059155446294465851, "supply": "[{\"l\":'Labor',\"v\":0.00059155446294465851}]"}, {"source": 15, "prod": 0, "target": 8, "value": 0.24967295551657989, "supply": "[{\"l\":'Labor',\"v\":0.24967295551657989}]"}]}