{"nodes": [{"layer": 5, "name": "Maize"}, {"layer": 10, "name": "Feed", "fill": "#dbdb8d"}, {"layer": 5, "name": "Rye"}, {"layer": 5, "name": "Barley"}, {"layer": 5, "name": "Rice"}, {"layer": 5, "name": "Sunflower seed"}, {"layer": 5, "name": "Cereals, Other"}, {"layer": 5, "name": "Wheat"}, {"layer": 13, "name": "Eggs"}, {"layer": 5, "name": "Vegetables, Other"}, {"layer": 5, "name": "Peas"}, {"layer": 5, "name": "Cottonseed"}, {"layer": 5, "name": "Oilcrops, Other"}, {"layer": 5, "name": "Oats"}, {"layer": 5, "name": "Soyabeans"}, {"layer": 5, "name": "Potatoes"}, {"layer": 13, "name": "Milk - Excluding Butter"}, {"layer": 5, "name": "Beans"}, {"layer": 5, "name": "Apples"}, {"layer": 13, "name": "Fish, Seafood"}, {"layer": 5, "name": "Sugar beet"}, {"layer": 5, "name": "Sorghum"}, {"layer": 13, "name": "Pelagic Fish"}, {"layer": 13, "name": "Bovine Meat"}, {"layer": 5, "name": "Millet"}, {"layer": 5, "name": "Rape and Mustardseed"}, {"layer": 5, "name": "Onions"}, {"layer": 5, "name": "Pulses, Other"}, {"layer": 16, "name": "Food", "fill": "#b5cf6b"}, {"layer": 5, "name": "Olives"}, {"layer": 5, "name": "Nuts"}, {"layer": 5, "name": "Dates"}, {"layer": 13, "name": "Sugar", "fill": "#d6616b"}, {"layer": 13, "name": "Oilcrops Oil, Other"}, {"layer": 13, "name": "Maize Germ Oil"}, {"layer": 13, "name": "Beer"}, {"layer": 5, "name": "Grapefruit"}, {"layer": 13, "name": "Beverages, Alcoholic"}, {"layer": 5, "name": "Cocoa Beans"}, {"layer": 13, "name": "Honey"}, {"layer": 13, "name": "Butter, Ghee"}, {"layer": 5, "name": "Tomatoes"}, {"layer": 13, "name": "Fats, Animals, Raw"}, {"layer": 5, "name": "Coffee"}, {"layer": 13, "name": "Soyabean Oil"}, {"layer": 5, "name": "Treenuts"}, {"layer": 5, "name": "Sesame seed"}, {"layer": 13, "name": "Marine Fish, Other"}, {"layer": 5, "name": "Grapes"}, {"layer": 5, "name": "Pimento"}, {"layer": 13, "name": "Wine"}, {"layer": 13, "name": "Sunflowerseed Oil"}, {"layer": 13, "name": "Pigmeat"}, {"layer": 13, "name": "Freshwater Fish"}, {"layer": 13, "name": "Rape and Mustard Oil"}, {"layer": 13, "name": "Meat, Other"}, {"layer": 5, "name": "Lemons, Limes"}, {"layer": 13, "name": "Mutton & Goat Meat"}, {"layer": 13, "name": "Sweeteners, Other"}, {"layer": 5, "name": "Bananas"}, {"layer": 13, "name": "Beverages, Fermented"}, {"layer": 5, "name": "Citrus, Other"}, {"layer": 5, "name": "Spices, Other"}, {"layer": 5, "name": "Tea"}, {"layer": 5, "name": "Fruits, Other"}, {"layer": 13, "name": "Poultry Meat"}, {"layer": 13, "name": "Offals, Edible"}, {"layer": 5, "name": "Infant food"}, {"layer": 13, "name": "Demersal Fish"}, {"layer": 5, "name": "Oranges, Mandarines"}, {"layer": 13, "name": "Cottonseed Oil"}, {"layer": 13, "name": "Cream"}, {"layer": 10, "name": "Processing", "fill": "#9edae5"}, {"layer": 16, "name": "Biofuels & Other", "fill": "#e7ba52"}, {"layer": 13, "name": "Alcohol, Non-Food"}, {"layer": 13, "name": "Palm Oil"}, {"layer": 5, "name": "Groundnuts"}, {"name": "Waste", "fill": "#c7c7c7"}, {"layer": 2, "name": "Import", "fill": "#aec7e8"}, {"layer": 16, "name": "Export", "fill": "#aec7e8"}, {"layer": 0, "name": "Stock Draw", "fill": "#c7c7c7"}, {"layer": 16, "name": "Stock Deposit", "fill": "#c7c7c7"}, {"layer": 2, "name": "Electricity", "fill": "#bcbd22"}, {"layer": 0, "name": "Fossil Fuels", "fill": "#c49c94"}, {"layer": 0, "name": "Renewables & Nuclear", "fill": "#2ca02c"}, {"layer": 2, "name": "Fertilizers", "fill": "#c5b0d5"}, {"layer": 0, "name": "Labor", "fill": "#7f7f7f"}], "links": [{"source": 0, "prod": 568.0, "target": 1, "value": 1.8893492053427012, "supply": [{"l": "Maize", "v": 1.8893492053427012}]}, {"source": 2, "prod": 17.0, "target": 1, "value": 0.060137735996125007, "supply": [{"l": "Rye", "v": 0.060137735996125007}]}, {"source": 3, "prod": 1339.0, "target": 1, "value": 3.620431404967166, "supply": [{"l": "Barley", "v": 3.620431404967166}]}, {"source": 4, "prod": 1.0, "target": 1, "value": 0.0041361700775615386, "supply": [{"l": "Rice", "v": 0.0041361700775615386}]}, {"source": 5, "prod": 32.0, "target": 1, "value": 0.169800666342, "supply": [{"l": "Sunflower seed", "v": 0.169800666342}]}, {"source": 6, "prod": 38.0, "target": 1, "value": 0.11803217050602439, "supply": [{"l": "Cereals, Other", "v": 0.11803217050602439}]}, {"source": 7, "prod": 2119.0, "target": 1, "value": 7.017166881604231, "supply": [{"l": "Wheat", "v": 7.017166881604231}]}, {"source": 8, "prod": 22.0, "target": 1, "value": 0.034376822020159507, "supply": [{"l": "Eggs", "v": 0.034376822020159507}]}, {"source": 9, "prod": 623.0, "target": 1, "value": 0.17621444083600946, "supply": [{"l": "Vegetables, Other", "v": 0.17621444083600946}]}, {"source": 10, "prod": 14.0, "target": 1, "value": 0.084900333171000014, "supply": [{"l": "Peas", "v": 0.084900333171000014}]}, {"source": 11, "prod": 652.0, "target": 1, "value": 3.7068091893409827, "supply": [{"l": "Cottonseed", "v": 3.7068091893409827}]}, {"source": 12, "prod": 36.0, "target": 1, "value": 0.20467044603723217, "supply": [{"l": "Oilcrops, Other", "v": 0.20467044603723217}]}, {"source": 13, "prod": 99.0, "target": 1, "value": 0.19102574963475, "supply": [{"l": "Oats", "v": 0.19102574963475}]}, {"source": 14, "prod": 9.0, "target": 1, "value": 0.051167611509308042, "supply": [{"l": "Soyabeans", "v": 0.051167611509308042}]}, {"source": 15, "prod": 349.0, "target": 1, "value": 0.27226330509722968, "supply": [{"l": "Potatoes", "v": 0.27226330509722968}]}, {"source": 16, "prod": 1265.0, "target": 1, "value": 0.89095715106061846, "supply": [{"l": "Milk - Excluding Butter", "v": 0.89095715106061846}]}, {"source": 17, "prod": 14.0, "target": 1, "value": 0.066033592466333349, "supply": [{"l": "Beans", "v": 0.066033592466333349}]}, {"source": 18, "prod": 45.0, "target": 1, "value": 0.024947392676180041, "supply": [{"l": "Apples", "v": 0.024947392676180041}]}, {"source": 19, "prod": 2.0, "target": 1, "value": 0.0017326598606326531, "supply": [{"l": "Fish, Seafood", "v": 0.0017326598606326531}]}, {"source": 20, "prod": 45.0, "target": 1, "value": 0.052299999900000005, "supply": [{"l": "Sugar beet", "v": 0.052299999900000005}]}, {"source": 21, "prod": 15.0, "target": 1, "value": 0.048132421338568328, "supply": [{"l": "Sorghum", "v": 0.048132421338568328}]}, {"source": 22, "prod": 2.0, "target": 1, "value": 0.0021769316197692307, "supply": [{"l": "Pelagic Fish", "v": 0.0021769316197692307}]}, {"source": 23, "prod": 4.0, "target": 1, "value": 0.01045597432253496, "supply": [{"l": "Bovine Meat", "v": 0.01045597432253496}]}, {"source": 24, "prod": 51.0, "target": 1, "value": 0.15463989256146432, "supply": [{"l": "Millet", "v": 0.15463989256146432}]}, {"source": 25, "prod": 4.0, "target": 1, "value": 0.022741160670803576, "supply": [{"l": "Rape and Mustardseed", "v": 0.022741160670803576}]}, {"source": 26, "prod": 140.0, "target": 1, "value": 0.050913751200677579, "supply": [{"l": "Onions", "v": 0.050913751200677579}]}, {"source": 27, "prod": 5.0, "target": 1, "value": 0.026952486720952386, "supply": [{"l": "Pulses, Other", "v": 0.026952486720952386}]}, {"source": 0, "prod": 148.0, "target": 28, "value": 0.49229521547661936, "supply": [{"l": "Maize", "v": 0.49229521547661936}]}, {"source": 29, "prod": 1.0, "target": 28, "value": 0.0056852901677008939, "supply": [{"l": "Olives", "v": 0.0056852901677008939}]}, {"source": 2, "prod": 13.0, "target": 28, "value": 0.045987680467625004, "supply": [{"l": "Rye", "v": 0.045987680467625004}]}, {"source": 30, "prod": 30.0, "target": 28, "value": 0.092618545277454556, "supply": [{"l": "Nuts", "v": 0.092618545277454556}]}, {"source": 31, "prod": 3.0, "target": 28, "value": 0.0017339704959281391, "supply": [{"l": "Dates", "v": 0.0017339704959281391}]}, {"source": 32, "prod": 866.0, "target": 28, "value": 3.6224322064664114, "supply": [{"l": "Sugar", "v": 3.6224322064664114}]}, {"source": 33, "prod": 12.0, "target": 28, "value": 0.11577318159681818, "supply": [{"l": "Oilcrops Oil, Other", "v": 0.11577318159681818}]}, {"source": 34, "prod": 4.0, "target": 28, "value": 0.0424501665855, "supply": [{"l": "Maize Germ Oil", "v": 0.0424501665855}]}, {"source": 35, "prod": 233.0, "target": 28, "value": 0.13996540775124766, "supply": [{"l": "Beer", "v": 0.13996540775124766}]}, {"source": 36, "prod": 2.0, "target": 28, "value": 0.0011559803306187594, "supply": [{"l": "Grapefruit", "v": 0.0011559803306187594}]}, {"source": 37, "prod": 133.0, "target": 28, "value": 0.46660100461747939, "supply": [{"l": "Beverages, Alcoholic", "v": 0.46660100461747939}]}, {"source": 3, "prod": 173.0, "target": 28, "value": 0.46776298212047779, "supply": [{"l": "Barley", "v": 0.46776298212047779}]}, {"source": 38, "prod": 15.0, "target": 28, "value": 0.11791712940416668, "supply": [{"l": "Cocoa Beans", "v": 0.11791712940416668}]}, {"source": 39, "prod": 10.0, "target": 28, "value": 0.047166851761666677, "supply": [{"l": "Honey", "v": 0.047166851761666677}]}, {"source": 4, "prod": 430.0, "target": 28, "value": 1.7785531333514617, "supply": [{"l": "Rice", "v": 1.7785531333514617}]}, {"source": 40, "prod": 27.0, "target": 28, "value": 0.23390908118540818, "supply": [{"l": "Butter, Ghee", "v": 0.23390908118540818}]}, {"source": 41, "prod": 1667.0, "target": 28, "value": 0.32718031300277384, "supply": [{"l": "Tomatoes", "v": 0.32718031300277384}]}, {"source": 5, "prod": 5.0, "target": 28, "value": 0.026531354115937499, "supply": [{"l": "Sunflower seed", "v": 0.026531354115937499}]}, {"source": 42, "prod": 28.0, "target": 28, "value": 0.2330597381164706, "supply": [{"l": "Fats, Animals, Raw", "v": 0.2330597381164706}]}, {"source": 43, "prod": 3.0, "target": 28, "value": 0.012483835221701994, "supply": [{"l": "Coffee", "v": 0.012483835221701994}]}, {"source": 7, "prod": 8842.0, "target": 28, "value": 29.280693519181035, "supply": [{"l": "Wheat", "v": 29.280693519181035}]}, {"source": 44, "prod": 34.0, "target": 28, "value": 0.34918685417104844, "supply": [{"l": "Soyabean Oil", "v": 0.34918685417104844}]}, {"source": 45, "prod": 31.0, "target": 28, "value": 0.093996797439321447, "supply": [{"l": "Treenuts", "v": 0.093996797439321447}]}, {"source": 8, "prod": 180.0, "target": 28, "value": 0.28126490743766874, "supply": [{"l": "Eggs", "v": 0.28126490743766874}]}, {"source": 9, "prod": 3057.0, "target": 28, "value": 0.8646670074409003, "supply": [{"l": "Vegetables, Other", "v": 0.8646670074409003}]}, {"source": 10, "prod": 4.0, "target": 28, "value": 0.024257238048857144, "supply": [{"l": "Peas", "v": 0.024257238048857144}]}, {"source": 46, "prod": 4.0, "target": 28, "value": 0.024257238048857144, "supply": [{"l": "Sesame seed", "v": 0.024257238048857144}]}, {"source": 47, "prod": 3.0, "target": 28, "value": 0.0025814290491182434, "supply": [{"l": "Marine Fish, Other", "v": 0.0025814290491182434}]}, {"source": 48, "prod": 533.0, "target": 28, "value": 0.35024673049646282, "supply": [{"l": "Grapes", "v": 0.35024673049646282}]}, {"source": 49, "prod": 3.0, "target": 28, "value": 0.02122508329275, "supply": [{"l": "Pimento", "v": 0.02122508329275}]}, {"source": 50, "prod": 120.0, "target": 28, "value": 0.09346825670201836, "supply": [{"l": "Wine", "v": 0.09346825670201836}]}, {"source": 51, "prod": 119.0, "target": 28, "value": 1.2161186612549724, "supply": [{"l": "Sunflowerseed Oil", "v": 1.2161186612549724}]}, {"source": 13, "prod": 12.0, "target": 28, "value": 0.023154636319363639, "supply": [{"l": "Oats", "v": 0.023154636319363639}]}, {"source": 27, "prod": 1.0, "target": 28, "value": 0.0053904973441904766, "supply": [{"l": "Pulses, Other", "v": 0.0053904973441904766}]}, {"source": 52, "prod": 186.0, "target": 28, "value": 0.44384286601525746, "supply": [{"l": "Pigmeat", "v": 0.44384286601525746}]}, {"source": 6, "prod": 45.0, "target": 28, "value": 0.13977493875713415, "supply": [{"l": "Cereals, Other", "v": 0.13977493875713415}]}, {"source": 15, "prod": 2456.0, "target": 28, "value": 1.915984748764459, "supply": [{"l": "Potatoes", "v": 1.915984748764459}]}, {"source": 53, "prod": 34.0, "target": 28, "value": 0.023279123611403225, "supply": [{"l": "Freshwater Fish", "v": 0.023279123611403225}]}, {"source": 54, "prod": 8.0, "target": 28, "value": 0.072771714146571437, "supply": [{"l": "Rape and Mustard Oil", "v": 0.072771714146571437}]}, {"source": 16, "prod": 8427.0, "target": 28, "value": 5.9352536853658737, "supply": [{"l": "Milk - Excluding Butter", "v": 5.9352536853658737}]}, {"source": 17, "prod": 15.0, "target": 28, "value": 0.070750277642500012, "supply": [{"l": "Beans", "v": 0.070750277642500012}]}, {"source": 18, "prod": 295.0, "target": 28, "value": 0.16354401865495802, "supply": [{"l": "Apples", "v": 0.16354401865495802}]}, {"source": 19, "prod": 81.0, "target": 28, "value": 0.070172724355622454, "supply": [{"l": "Fish, Seafood", "v": 0.070172724355622454}]}, {"source": 55, "prod": 81.0, "target": 28, "value": 0.093563632474163272, "supply": [{"l": "Meat, Other", "v": 0.093563632474163272}]}, {"source": 56, "prod": 4.0, "target": 28, "value": 0.0023119606612375188, "supply": [{"l": "Lemons, Limes", "v": 0.0023119606612375188}]}, {"source": 57, "prod": 296.0, "target": 28, "value": 0.887508315527331, "supply": [{"l": "Mutton & Goat Meat", "v": 0.887508315527331}]}, {"source": 58, "prod": 11.0, "target": 28, "value": 0.023347591622025002, "supply": [{"l": "Sweeteners, Other", "v": 0.023347591622025002}]}, {"source": 22, "prod": 43.0, "target": 28, "value": 0.046804029825038465, "supply": [{"l": "Pelagic Fish", "v": 0.046804029825038465}]}, {"source": 59, "prod": 6.0, "target": 28, "value": 0.0043813245329071097, "supply": [{"l": "Bananas", "v": 0.0043813245329071097}]}, {"source": 60, "prod": 2.0, "target": 28, "value": 0.0015578042783669726, "supply": [{"l": "Beverages, Fermented", "v": 0.0015578042783669726}]}, {"source": 61, "prod": 4.0, "target": 28, "value": 0.0023119606612375188, "supply": [{"l": "Citrus, Other", "v": 0.0023119606612375188}]}, {"source": 62, "prod": 1.0, "target": 28, "value": 0.0070750277642500003, "supply": [{"l": "Spices, Other", "v": 0.0070750277642500003}]}, {"source": 63, "prod": 51.0, "target": 28, "value": 0.023532157563701087, "supply": [{"l": "Tea", "v": 0.023532157563701087}]}, {"source": 64, "prod": 364.0, "target": 28, "value": 0.21038842017261422, "supply": [{"l": "Fruits, Other", "v": 0.21038842017261422}]}, {"source": 24, "prod": 8.0, "target": 28, "value": 0.024257238048857144, "supply": [{"l": "Millet", "v": 0.024257238048857144}]}, {"source": 65, "prod": 96.0, "target": 28, "value": 0.13972169116141717, "supply": [{"l": "Poultry Meat", "v": 0.13972169116141717}]}, {"source": 66, "prod": 169.0, "target": 28, "value": 0.21100229861616179, "supply": [{"l": "Offals, Edible", "v": 0.21100229861616179}]}, {"source": 67, "prod": 1.0, "target": 28, "value": 0.0084900333171, "supply": [{"l": "Infant food", "v": 0.0084900333171}]}, {"source": 68, "prod": 1.0, "target": 28, "value": 0.00073443194784602076, "supply": [{"l": "Demersal Fish", "v": 0.00073443194784602076}]}, {"source": 69, "prod": 34.0, "target": 28, "value": 0.011374563025536778, "supply": [{"l": "Oranges, Mandarines", "v": 0.011374563025536778}]}, {"source": 23, "prod": 858.0, "target": 28, "value": 2.2428064921837487, "supply": [{"l": "Bovine Meat", "v": 2.2428064921837487}]}, {"source": 70, "prod": 343.0, "target": 28, "value": 3.5234318557096174, "supply": [{"l": "Cottonseed Oil", "v": 3.5234318557096174}]}, {"source": 26, "prod": 707.0, "target": 28, "value": 0.25711444356342178, "supply": [{"l": "Onions", "v": 0.25711444356342178}]}, {"source": 71, "prod": 15.0, "target": 28, "value": 0.023583425880833331, "supply": [{"l": "Cream", "v": 0.023583425880833331}]}, {"source": 5, "prod": 104.0, "target": 72, "value": 0.55185216561149997, "supply": [{"l": "Sunflower seed", "v": 0.55185216561149997}]}, {"source": 7, "prod": 178.0, "target": 72, "value": 0.58945526424046868, "supply": [{"l": "Wheat", "v": 0.58945526424046868}]}, {"source": 14, "prod": 69.0, "target": 72, "value": 0.39228502157136164, "supply": [{"l": "Soyabeans", "v": 0.39228502157136164}]}, {"source": 15, "prod": 73.0, "target": 72, "value": 0.056949058086240026, "supply": [{"l": "Potatoes", "v": 0.056949058086240026}]}, {"source": 9, "prod": 78.0, "target": 72, "value": 0.022062161131956238, "supply": [{"l": "Vegetables, Other", "v": 0.022062161131956238}]}, {"source": 64, "prod": 3.0, "target": 72, "value": 0.0017339704959281391, "supply": [{"l": "Fruits, Other", "v": 0.0017339704959281391}]}, {"source": 11, "prod": 2051.0, "target": 72, "value": 11.660530133954532, "supply": [{"l": "Cottonseed", "v": 11.660530133954532}]}, {"source": 25, "prod": 6.0, "target": 72, "value": 0.034111741006205364, "supply": [{"l": "Rape and Mustardseed", "v": 0.034111741006205364}]}, {"source": 3, "prod": 50.0, "target": 72, "value": 0.13519161332961782, "supply": [{"l": "Barley", "v": 0.13519161332961782}]}, {"source": 48, "prod": 169.0, "target": 72, "value": 0.11105384137692724, "supply": [{"l": "Grapes", "v": 0.11105384137692724}]}, {"source": 20, "prod": 894.0, "target": 72, "value": 1.0390266646800002, "supply": [{"l": "Sugar beet", "v": 1.0390266646800002}]}, {"source": 12, "prod": 9.0, "target": 72, "value": 0.051167611509308042, "supply": [{"l": "Oilcrops, Other", "v": 0.051167611509308042}]}, {"source": 18, "prod": 3.0, "target": 72, "value": 0.001663159511745336, "supply": [{"l": "Apples", "v": 0.001663159511745336}]}, {"source": 0, "prod": 11.0, "target": 73, "value": 0.036589509258397393, "supply": [{"l": "Maize", "v": 0.036589509258397393}]}, {"source": 7, "prod": 493.0, "target": 73, "value": 1.6325923891603993, "supply": [{"l": "Wheat", "v": 1.6325923891603993}]}, {"source": 74, "prod": 22.0, "target": 73, "value": 0.017135847062036698, "supply": [{"l": "Alcohol, Non-Food", "v": 0.017135847062036698}]}, {"source": 42, "prod": 47.0, "target": 73, "value": 0.39120741755264704, "supply": [{"l": "Fats, Animals, Raw", "v": 0.39120741755264704}]}, {"source": 11, "prod": 28.0, "target": 73, "value": 0.15918812469562502, "supply": [{"l": "Cottonseed", "v": 0.15918812469562502}]}, {"source": 15, "prod": 246.0, "target": 73, "value": 0.19191052450979515, "supply": [{"l": "Potatoes", "v": 0.19191052450979515}]}, {"source": 8, "prod": 3.0, "target": 73, "value": 0.0046877484572944795, "supply": [{"l": "Eggs", "v": 0.0046877484572944795}]}, {"source": 9, "prod": 8.0, "target": 73, "value": 0.0022627857571237168, "supply": [{"l": "Vegetables, Other", "v": 0.0022627857571237168}]}, {"source": 20, "prod": 12.0, "target": 73, "value": 0.013946666640000001, "supply": [{"l": "Sugar beet", "v": 0.013946666640000001}]}, {"source": 32, "prod": 151.0, "target": 73, "value": 0.63162501521527492, "supply": [{"l": "Sugar", "v": 0.63162501521527492}]}, {"source": 16, "prod": 186.0, "target": 73, "value": 0.13100239533381425, "supply": [{"l": "Milk - Excluding Butter", "v": 0.13100239533381425}]}, {"source": 70, "prod": 21.0, "target": 73, "value": 0.21572031769650721, "supply": [{"l": "Cottonseed Oil", "v": 0.21572031769650721}]}, {"source": 66, "prod": 42.0, "target": 73, "value": 0.052438441076205884, "supply": [{"l": "Offals, Edible", "v": 0.052438441076205884}]}, {"source": 23, "prod": 55.0, "target": 73, "value": 0.14376964693485569, "supply": [{"l": "Bovine Meat", "v": 0.14376964693485569}]}, {"source": 75, "prod": 9.0, "target": 73, "value": 0.092203587637322587, "supply": [{"l": "Palm Oil", "v": 0.092203587637322587}]}, {"source": 33, "prod": 9.0, "target": 73, "value": 0.086829886197613643, "supply": [{"l": "Oilcrops Oil, Other", "v": 0.086829886197613643}]}, {"source": 4, "prod": 1.0, "target": 73, "value": 0.0041361700775615386, "supply": [{"l": "Rice", "v": 0.0041361700775615386}]}, {"source": 55, "prod": 4.0, "target": 73, "value": 0.0046204262950204087, "supply": [{"l": "Meat, Other", "v": 0.0046204262950204087}]}, {"source": 5, "prod": 11.0, "target": 5, "value": 0.058368979055062498, "supply": [{"l": "Sunflower seed", "v": 0.058368979055062498}]}, {"source": 0, "prod": 32.0, "target": 0, "value": 0.10644220875170149, "supply": [{"l": "Maize", "v": 0.10644220875170149}]}, {"source": 2, "prod": 12.0, "target": 2, "value": 0.0424501665855, "supply": [{"l": "Rye", "v": 0.0424501665855}]}, {"source": 7, "prod": 1440.0, "target": 7, "value": 4.7686268567768249, "supply": [{"l": "Wheat", "v": 4.7686268567768249}]}, {"source": 13, "prod": 28.0, "target": 13, "value": 0.054027484745181827, "supply": [{"l": "Oats", "v": 0.054027484745181827}]}, {"source": 11, "prod": 123.0, "target": 11, "value": 0.69929069062720994, "supply": [{"l": "Cottonseed", "v": 0.69929069062720994}]}, {"source": 15, "prod": 607.0, "target": 15, "value": 0.47353531860750264, "supply": [{"l": "Potatoes", "v": 0.47353531860750264}]}, {"source": 8, "prod": 4.0, "target": 8, "value": 0.0062503312763926393, "supply": [{"l": "Eggs", "v": 0.0062503312763926393}]}, {"source": 9, "prod": 16.0, "target": 9, "value": 0.0045255715142474336, "supply": [{"l": "Vegetables, Other", "v": 0.0045255715142474336}]}, {"source": 10, "prod": 4.0, "target": 10, "value": 0.024257238048857144, "supply": [{"l": "Peas", "v": 0.024257238048857144}]}, {"source": 24, "prod": 3.0, "target": 24, "value": 0.0090964642683214296, "supply": [{"l": "Millet", "v": 0.0090964642683214296}]}, {"source": 17, "prod": 1.0, "target": 17, "value": 0.0047166851761666672, "supply": [{"l": "Beans", "v": 0.0047166851761666672}]}, {"source": 3, "prod": 242.0, "target": 3, "value": 0.65432740851535032, "supply": [{"l": "Barley", "v": 0.65432740851535032}]}, {"source": 76, "prod": 1.0, "target": 76, "value": 0.0061521980558695653, "supply": [{"l": "Groundnuts", "v": 0.0061521980558695653}]}, {"source": 25, "prod": 1.0, "target": 25, "value": 0.0056852901677008939, "supply": [{"l": "Rape and Mustardseed", "v": 0.0056852901677008939}]}, {"source": 12, "prod": 5.0, "target": 12, "value": 0.028426450838504466, "supply": [{"l": "Oilcrops, Other", "v": 0.028426450838504466}]}, {"source": 4, "prod": 21.0, "target": 4, "value": 0.08685957162879232, "supply": [{"l": "Rice", "v": 0.08685957162879232}]}, {"source": 6, "prod": 3.0, "target": 6, "value": 0.0093183292504756092, "supply": [{"l": "Cereals, Other", "v": 0.0093183292504756092}]}, {"source": 27, "prod": 1.0, "target": 27, "value": 0.0053904973441904766, "supply": [{"l": "Pulses, Other", "v": 0.0053904973441904766}]}, {"source": 0, "prod": 28.0, "target": 77, "value": 0.0931369326577388, "supply": [{"l": "Maize", "v": 0.0931369326577388}]}, {"source": 2, "prod": 3.0, "target": 77, "value": 0.010612541646375, "supply": [{"l": "Rye", "v": 0.010612541646375}]}, {"source": 64, "prod": 43.0, "target": 77, "value": 0.02485357710830333, "supply": [{"l": "Fruits, Other", "v": 0.02485357710830333}]}, {"source": 32, "prod": 1.0, "target": 77, "value": 0.0041829471206309594, "supply": [{"l": "Sugar", "v": 0.0041829471206309594}]}, {"source": 3, "prod": 125.0, "target": 77, "value": 0.33797903332404461, "supply": [{"l": "Barley", "v": 0.33797903332404461}]}, {"source": 4, "prod": 15.0, "target": 77, "value": 0.062042551163423089, "supply": [{"l": "Rice", "v": 0.062042551163423089}]}, {"source": 41, "prod": 40.0, "target": 77, "value": 0.0078507573605944517, "supply": [{"l": "Tomatoes", "v": 0.0078507573605944517}]}, {"source": 5, "prod": 4.0, "target": 77, "value": 0.02122508329275, "supply": [{"l": "Sunflower seed", "v": 0.02122508329275}]}, {"source": 6, "prod": 3.0, "target": 77, "value": 0.0093183292504756092, "supply": [{"l": "Cereals, Other", "v": 0.0093183292504756092}]}, {"source": 7, "prod": 692.0, "target": 77, "value": 2.29159012839553, "supply": [{"l": "Wheat", "v": 2.29159012839553}]}, {"source": 8, "prod": 4.0, "target": 77, "value": 0.0062503312763926393, "supply": [{"l": "Eggs", "v": 0.0062503312763926393}]}, {"source": 9, "prod": 175.0, "target": 77, "value": 0.049498438437081314, "supply": [{"l": "Vegetables, Other", "v": 0.049498438437081314}]}, {"source": 10, "prod": 1.0, "target": 77, "value": 0.0060643095122142861, "supply": [{"l": "Peas", "v": 0.0060643095122142861}]}, {"source": 48, "prod": 114.0, "target": 77, "value": 0.074912058680294116, "supply": [{"l": "Grapes", "v": 0.074912058680294116}]}, {"source": 12, "prod": 1.0, "target": 77, "value": 0.0056852901677008939, "supply": [{"l": "Oilcrops, Other", "v": 0.0056852901677008939}]}, {"source": 52, "prod": 1.0, "target": 77, "value": 0.0023862519678239645, "supply": [{"l": "Pigmeat", "v": 0.0023862519678239645}]}, {"source": 13, "prod": 3.0, "target": 77, "value": 0.0057886590798409097, "supply": [{"l": "Oats", "v": 0.0057886590798409097}]}, {"source": 11, "prod": 22.0, "target": 77, "value": 0.12507638368941965, "supply": [{"l": "Cottonseed", "v": 0.12507638368941965}]}, {"source": 15, "prod": 162.0, "target": 77, "value": 0.12638010150645046, "supply": [{"l": "Potatoes", "v": 0.12638010150645046}]}, {"source": 16, "prod": 23.0, "target": 77, "value": 0.016199220928374881, "supply": [{"l": "Milk - Excluding Butter", "v": 0.016199220928374881}]}, {"source": 18, "prod": 12.0, "target": 77, "value": 0.0066526380469813439, "supply": [{"l": "Apples", "v": 0.0066526380469813439}]}, {"source": 20, "prod": 20.0, "target": 77, "value": 0.023244444400000001, "supply": [{"l": "Sugar beet", "v": 0.023244444400000001}]}, {"source": 57, "prod": 5.0, "target": 77, "value": 0.014991694519042753, "supply": [{"l": "Mutton & Goat Meat", "v": 0.014991694519042753}]}, {"source": 23, "prod": 6.0, "target": 77, "value": 0.015683961483802439, "supply": [{"l": "Bovine Meat", "v": 0.015683961483802439}]}, {"source": 24, "prod": 2.0, "target": 77, "value": 0.0060643095122142861, "supply": [{"l": "Millet", "v": 0.0060643095122142861}]}, {"source": 66, "prod": 5.0, "target": 77, "value": 0.0062426715566911775, "supply": [{"l": "Offals, Edible", "v": 0.0062426715566911775}]}, {"source": 26, "prod": 36.0, "target": 77, "value": 0.013092107451602806, "supply": [{"l": "Onions", "v": 0.013092107451602806}]}, {"source": 78, "prod": 1.0, "target": 67, "value": 0.0084900333171, "supply": [{"l": "Infant food", "v": 0.0084900333171}]}, {"source": 78, "prod": 1.0, "target": 62, "value": 0.0070750277642500003, "supply": [{"l": "Spices, Other", "v": 0.0070750277642500003}]}, {"source": 78, "prod": 15.0, "target": 41, "value": 0.0029440340102229196, "supply": [{"l": "Tomatoes", "v": 0.0029440340102229196}]}, {"source": 78, "prod": 1.0, "target": 56, "value": 0.0005779901653093797, "supply": [{"l": "Lemons, Limes", "v": 0.0005779901653093797}]}, {"source": 78, "prod": 1.0, "target": 45, "value": 0.0030321547561071431, "supply": [{"l": "Treenuts", "v": 0.0030321547561071431}]}, {"source": 78, "prod": 5.0, "target": 2, "value": 0.017687569410625003, "supply": [{"l": "Rye", "v": 0.017687569410625003}]}, {"source": 78, "prod": 46.0, "target": 18, "value": 0.025501779180095149, "supply": [{"l": "Apples", "v": 0.025501779180095149}]}, {"source": 78, "prod": 52.0, "target": 63, "value": 0.023993572417891306, "supply": [{"l": "Tea", "v": 0.023993572417891306}]}, {"source": 78, "prod": 19.0, "target": 9, "value": 0.0053741161731688273, "supply": [{"l": "Vegetables, Other", "v": 0.0053741161731688273}]}, {"source": 78, "prod": 158.0, "target": 4, "value": 0.65351487225472316, "supply": [{"l": "Rice", "v": 0.65351487225472316}]}, {"source": 78, "prod": 1417.0, "target": 7, "value": 4.6924612889255286, "supply": [{"l": "Wheat", "v": 4.6924612889255286}]}, {"source": 78, "prod": 47.0, "target": 20, "value": 0.054624444340000002, "supply": [{"l": "Sugar beet", "v": 0.054624444340000002}]}, {"source": 78, "prod": 35.0, "target": 3, "value": 0.094634129330732494, "supply": [{"l": "Barley", "v": 0.094634129330732494}]}, {"source": 78, "prod": 1.0, "target": 36, "value": 0.0005779901653093797, "supply": [{"l": "Grapefruit", "v": 0.0005779901653093797}]}, {"source": 78, "prod": 3.0, "target": 43, "value": 0.012483835221701994, "supply": [{"l": "Coffee", "v": 0.012483835221701994}]}, {"source": 78, "prod": 32.0, "target": 5, "value": 0.169800666342, "supply": [{"l": "Sunflower seed", "v": 0.169800666342}]}, {"source": 78, "prod": 3.0, "target": 31, "value": 0.0017339704959281391, "supply": [{"l": "Dates", "v": 0.0017339704959281391}]}, {"source": 78, "prod": 1.0, "target": 29, "value": 0.0056852901677008939, "supply": [{"l": "Olives", "v": 0.0056852901677008939}]}, {"source": 78, "prod": 24.0, "target": 6, "value": 0.074546634003804874, "supply": [{"l": "Cereals, Other", "v": 0.074546634003804874}]}, {"source": 78, "prod": 395.0, "target": 1, "value": 0.45057839428354096, "supply": [{"l": "Freshwater Fish", "v": 0.00068468010621774197}, {"l": "Pigmeat", "v": 0.035793779517359472}, {"l": "Meat, Other", "v": 0.0046204262950204087}, {"l": "Eggs", "v": 0.020313576648276075}, {"l": "Marine Fish, Other", "v": 0.0034419053988243241}, {"l": "Milk - Excluding Butter", "v": 0.12043768603270021}, {"l": "Fish, Seafood", "v": 0.049380806028030612}, {"l": "Pelagic Fish", "v": 0.055511756304115381}, {"l": "Poultry Meat", "v": 0.053851068468462861}, {"l": "Offals, Edible", "v": 0.0012485343113382353}, {"l": "Demersal Fish", "v": 0.00073443194784602076}, {"l": "Bovine Meat", "v": 0.10455974322534958}]}, {"source": 78, "prod": 1.0, "target": 30, "value": 0.0030872848425818182, "supply": [{"l": "Nuts", "v": 0.0030872848425818182}]}, {"source": 78, "prod": 2.0, "target": 10, "value": 0.012128619024428572, "supply": [{"l": "Peas", "v": 0.012128619024428572}]}, {"source": 78, "prod": 1.0, "target": 12, "value": 0.0056852901677008939, "supply": [{"l": "Oilcrops, Other", "v": 0.0056852901677008939}]}, {"source": 78, "prod": 15.0, "target": 38, "value": 0.11791712940416668, "supply": [{"l": "Cocoa Beans", "v": 0.11791712940416668}]}, {"source": 78, "prod": 33.0, "target": 69, "value": 0.011040017054197462, "supply": [{"l": "Oranges, Mandarines", "v": 0.011040017054197462}]}, {"source": 78, "prod": 51.0, "target": 15, "value": 0.039786328252030705, "supply": [{"l": "Potatoes", "v": 0.039786328252030705}]}, {"source": 78, "prod": 2.0, "target": 26, "value": 0.00072733930286682247, "supply": [{"l": "Onions", "v": 0.00072733930286682247}]}, {"source": 78, "prod": 6.0, "target": 59, "value": 0.0043813245329071097, "supply": [{"l": "Bananas", "v": 0.0043813245329071097}]}, {"source": 78, "prod": 3.0, "target": 61, "value": 0.0017339704959281391, "supply": [{"l": "Citrus, Other", "v": 0.0017339704959281391}]}, {"source": 78, "prod": 5.0, "target": 48, "value": 0.0032856166087848293, "supply": [{"l": "Grapes", "v": 0.0032856166087848293}]}, {"source": 78, "prod": 1130.0, "target": 72, "value": 5.5919575435983724, "supply": [{"l": "Sugar", "v": 3.8692260865836379}, {"l": "Beer", "v": 0.0060070990451179251}, {"l": "Beverages, Alcoholic", "v": 0.0035082782302066117}, {"l": "Fats, Animals, Raw", "v": 0.02497068622676471}, {"l": "Soyabean Oil", "v": 0.15405302389899195}, {"l": "Butter, Ghee", "v": 0.15593938745693878}, {"l": "Palm Oil", "v": 0.092203587637322587}, {"l": "Sunflowerseed Oil", "v": 0.83799773296561109}, {"l": "Coconut Oil", "v": 0.0095855214870483874}, {"l": "Rape and Mustard Oil", "v": 0.045482321341607151}, {"l": "Oilcrops Oil, Other", "v": 0.18330753752829548}, {"l": "Wine", "v": 0.010125727809385324}, {"l": "Sweeteners, Other", "v": 0.023347591622025002}, {"l": "Cottonseed Oil", "v": 0.17463073337336296}, {"l": "Cream", "v": 0.0015722283920555555}]}, {"source": 78, "prod": 74.0, "target": 14, "value": 0.42071147240986612, "supply": [{"l": "Soyabeans", "v": 0.42071147240986612}]}, {"source": 78, "prod": 13.0, "target": 0, "value": 0.043242147305378724, "supply": [{"l": "Maize", "v": 0.043242147305378724}]}, {"source": 78, "prod": 19.0, "target": 64, "value": 0.010981813140878214, "supply": [{"l": "Fruits, Other", "v": 0.010981813140878214}]}, {"source": 78, "prod": 2.0, "target": 13, "value": 0.003859106053227273, "supply": [{"l": "Oats", "v": 0.003859106053227273}]}, {"source": 78, "prod": 1.0, "target": 27, "value": 0.0053904973441904766, "supply": [{"l": "Pulses, Other", "v": 0.0053904973441904766}]}, {"source": 0, "prod": 13.0, "target": 79, "value": 0.043242147305378724, "supply": [{"l": "Maize", "v": 0.043242147305378724}]}, {"source": 2, "prod": 5.0, "target": 79, "value": 0.017687569410625003, "supply": [{"l": "Rye", "v": 0.017687569410625003}]}, {"source": 30, "prod": 8.0, "target": 79, "value": 0.024698278740654545, "supply": [{"l": "Nuts", "v": 0.024698278740654545}]}, {"source": 32, "prod": 10.0, "target": 79, "value": 0.041829471206309601, "supply": [{"l": "Sugar", "v": 0.041829471206309601}]}, {"source": 61, "prod": 1.0, "target": 79, "value": 0.0005779901653093797, "supply": [{"l": "Citrus, Other", "v": 0.0005779901653093797}]}, {"source": 35, "prod": 1.0, "target": 79, "value": 0.00060070990451179256, "supply": [{"l": "Beer", "v": 0.00060070990451179256}]}, {"source": 37, "prod": 3.0, "target": 79, "value": 0.010524834690619836, "supply": [{"l": "Beverages, Alcoholic", "v": 0.010524834690619836}]}, {"source": 3, "prod": 629.0, "target": 79, "value": 1.7007104956865924, "supply": [{"l": "Barley", "v": 1.7007104956865924}]}, {"source": 4, "prod": 7.0, "target": 79, "value": 0.028953190542930773, "supply": [{"l": "Rice", "v": 0.028953190542930773}]}, {"source": 41, "prod": 104.0, "target": 79, "value": 0.020411969137545571, "supply": [{"l": "Tomatoes", "v": 0.020411969137545571}]}, {"source": 5, "prod": 3.0, "target": 79, "value": 0.015918812469562501, "supply": [{"l": "Sunflower seed", "v": 0.015918812469562501}]}, {"source": 6, "prod": 12.0, "target": 79, "value": 0.037273317001902437, "supply": [{"l": "Cereals, Other", "v": 0.037273317001902437}]}, {"source": 7, "prod": 5405.0, "target": 79, "value": 17.89890844505468, "supply": [{"l": "Wheat", "v": 17.89890844505468}]}, {"source": 45, "prod": 8.0, "target": 79, "value": 0.024257238048857144, "supply": [{"l": "Treenuts", "v": 0.024257238048857144}]}, {"source": 9, "prod": 120.0, "target": 79, "value": 0.033941786356855755, "supply": [{"l": "Vegetables, Other", "v": 0.033941786356855755}]}, {"source": 10, "prod": 1.0, "target": 79, "value": 0.0060643095122142861, "supply": [{"l": "Peas", "v": 0.0060643095122142861}]}, {"source": 46, "prod": 16.0, "target": 79, "value": 0.097028952195428578, "supply": [{"l": "Sesame seed", "v": 0.097028952195428578}]}, {"source": 48, "prod": 172.0, "target": 79, "value": 0.11302521134219815, "supply": [{"l": "Grapes", "v": 0.11302521134219815}]}, {"source": 49, "prod": 1.0, "target": 79, "value": 0.0070750277642500003, "supply": [{"l": "Pimento", "v": 0.0070750277642500003}]}, {"source": 12, "prod": 27.0, "target": 79, "value": 0.15350283452792413, "supply": [{"l": "Oilcrops, Other", "v": 0.15350283452792413}]}, {"source": 51, "prod": 1.0, "target": 79, "value": 0.010219484548361111, "supply": [{"l": "Sunflowerseed Oil", "v": 0.010219484548361111}]}, {"source": 52, "prod": 1.0, "target": 79, "value": 0.0023862519678239645, "supply": [{"l": "Pigmeat", "v": 0.0023862519678239645}]}, {"source": 13, "prod": 44.0, "target": 79, "value": 0.084900333171, "supply": [{"l": "Oats", "v": 0.084900333171}]}, {"source": 11, "prod": 35.0, "target": 79, "value": 0.19898515586953128, "supply": [{"l": "Cottonseed", "v": 0.19898515586953128}]}, {"source": 15, "prod": 23.0, "target": 79, "value": 0.017942853917582473, "supply": [{"l": "Potatoes", "v": 0.017942853917582473}]}, {"source": 53, "prod": 19.0, "target": 79, "value": 0.013008922018137097, "supply": [{"l": "Freshwater Fish", "v": 0.013008922018137097}]}, {"source": 76, "prod": 19.0, "target": 79, "value": 0.11689176306152176, "supply": [{"l": "Groundnuts", "v": 0.11689176306152176}]}, {"source": 16, "prod": 16.0, "target": 79, "value": 0.011269023254521655, "supply": [{"l": "Milk - Excluding Butter", "v": 0.011269023254521655}]}, {"source": 17, "prod": 4.0, "target": 79, "value": 0.018866740704666669, "supply": [{"l": "Beans", "v": 0.018866740704666669}]}, {"source": 18, "prod": 167.0, "target": 79, "value": 0.092582546153823705, "supply": [{"l": "Apples", "v": 0.092582546153823705}]}, {"source": 19, "prod": 25.0, "target": 79, "value": 0.021658248257908169, "supply": [{"l": "Fish, Seafood", "v": 0.021658248257908169}]}, {"source": 20, "prod": 40.0, "target": 79, "value": 0.046488888800000003, "supply": [{"l": "Sugar beet", "v": 0.046488888800000003}]}, {"source": 50, "prod": 3.0, "target": 79, "value": 0.0023367064175504586, "supply": [{"l": "Wine", "v": 0.0023367064175504586}]}, {"source": 58, "prod": 1.0, "target": 79, "value": 0.002122508329275, "supply": [{"l": "Sweeteners, Other", "v": 0.002122508329275}]}, {"source": 22, "prod": 6.0, "target": 79, "value": 0.0065307948593076922, "supply": [{"l": "Pelagic Fish", "v": 0.0065307948593076922}]}, {"source": 23, "prod": 1.0, "target": 79, "value": 0.0026139935806337401, "supply": [{"l": "Bovine Meat", "v": 0.0026139935806337401}]}, {"source": 64, "prod": 136.0, "target": 79, "value": 0.078606662482075637, "supply": [{"l": "Fruits, Other", "v": 0.078606662482075637}]}, {"source": 24, "prod": 2.0, "target": 79, "value": 0.0060643095122142861, "supply": [{"l": "Millet", "v": 0.0060643095122142861}]}, {"source": 25, "prod": 7.0, "target": 79, "value": 0.039797031173906254, "supply": [{"l": "Rape and Mustardseed", "v": 0.039797031173906254}]}, {"source": 63, "prod": 1.0, "target": 79, "value": 0.00046141485419021742, "supply": [{"l": "Tea", "v": 0.00046141485419021742}]}, {"source": 70, "prod": 11.0, "target": 79, "value": 0.11299635688864662, "supply": [{"l": "Cottonseed Oil", "v": 0.11299635688864662}]}, {"source": 26, "prod": 164.0, "target": 79, "value": 0.059641822835079454, "supply": [{"l": "Onions", "v": 0.059641822835079454}]}, {"source": 27, "prod": 12.0, "target": 79, "value": 0.064685968130285723, "supply": [{"l": "Pulses, Other", "v": 0.064685968130285723}]}, {"source": 80, "prod": 8.0, "target": 64, "value": 0.0046239213224750376, "supply": [{"l": "Fruits, Other", "v": 0.0046239213224750376}]}, {"source": 19, "prod": 6.0, "target": 81, "value": 0.0051979795818979605, "supply": [{"l": "Fish, Seafood", "v": 0.0051979795818979605}]}, {"source": 5, "prod": 23.0, "target": 81, "value": 0.1220442289333125, "supply": [{"l": "Sunflower seed", "v": 0.1220442289333125}]}, {"source": 40, "prod": 3.0, "target": 81, "value": 0.025989897909489801, "supply": [{"l": "Butter, Ghee", "v": 0.025989897909489801}]}, {"source": 80, "prod": 4.0, "target": 15, "value": 0.0031204963334926037, "supply": [{"l": "Potatoes", "v": 0.0031204963334926037}]}, {"source": 9, "prod": 7.0, "target": 81, "value": 0.0019799375374832521, "supply": [{"l": "Vegetables, Other", "v": 0.0019799375374832521}]}, {"source": 45, "prod": 1.0, "target": 81, "value": 0.0030321547561071431, "supply": [{"l": "Treenuts", "v": 0.0030321547561071431}]}, {"source": 80, "prod": 1.0, "target": 1, "value": 0.00070431395340760344, "supply": [{"l": "Milk - Excluding Butter", "v": 0.00070431395340760344}]}, {"source": 80, "prod": 600.0, "target": 3, "value": 1.6222993599554139, "supply": [{"l": "Barley", "v": 1.6222993599554139}]}, {"source": 80, "prod": 2011.0, "target": 7, "value": 6.6595198673459697, "supply": [{"l": "Wheat", "v": 6.6595198673459697}]}, {"source": 2, "prod": 7.0, "target": 81, "value": 0.024762597174875004, "supply": [{"l": "Rye", "v": 0.024762597174875004}]}, {"source": 32, "prod": 23.0, "target": 81, "value": 0.096207783774512071, "supply": [{"l": "Sugar", "v": 0.096207783774512071}]}, {"source": 80, "prod": 12.0, "target": 76, "value": 0.073826376670434776, "supply": [{"l": "Groundnuts", "v": 0.073826376670434776}]}, {"source": 20, "prod": 91.0, "target": 81, "value": 0.10576222202, "supply": [{"l": "Sugar beet", "v": 0.10576222202}]}, {"source": 4, "prod": 15.0, "target": 81, "value": 0.062042551163423089, "supply": [{"l": "Rice", "v": 0.062042551163423089}]}, {"source": 80, "prod": 21.0, "target": 0, "value": 0.06985269949330411, "supply": [{"l": "Maize", "v": 0.06985269949330411}]}, {"source": 80, "prod": 1.0, "target": 14, "value": 0.0056852901677008939, "supply": [{"l": "Soyabeans", "v": 0.0056852901677008939}]}, {"source": 80, "prod": 11.0, "target": 25, "value": 0.062538191844709823, "supply": [{"l": "Rape and Mustardseed", "v": 0.062538191844709823}]}, {"source": 18, "prod": 40.0, "target": 81, "value": 0.022175460156604477, "supply": [{"l": "Apples", "v": 0.022175460156604477}]}, {"source": 70, "prod": 13.0, "target": 81, "value": 0.13354114905021874, "supply": [{"l": "Cottonseed Oil", "v": 0.13354114905021874}]}, {"source": 80, "prod": 24.0, "target": 6, "value": 0.074546634003804874, "supply": [{"l": "Cereals, Other", "v": 0.074546634003804874}]}, {"source": 51, "prod": 5.0, "target": 81, "value": 0.051097422741805551, "supply": [{"l": "Sunflowerseed Oil", "v": 0.051097422741805551}]}, {"source": 53, "prod": 6.0, "target": 81, "value": 0.0041080806373064525, "supply": [{"l": "Freshwater Fish", "v": 0.0041080806373064525}]}, {"source": 80, "prod": 6.0, "target": 12, "value": 0.034111741006205364, "supply": [{"l": "Oilcrops, Other", "v": 0.034111741006205364}]}, {"source": 80, "prod": 34.0, "target": 72, "value": 0.16661492336844141, "supply": [{"l": "Beverages, Alcoholic", "v": 0.094723512215578509}, {"l": "Soyabean Oil", "v": 0.071891411152862905}]}, {"source": 80, "prod": 12.0, "target": 11, "value": 0.068223482012410727, "supply": [{"l": "Cottonseed", "v": 0.068223482012410727}]}, {"source": 48, "prod": 20.0, "target": 81, "value": 0.013142466435139317, "supply": [{"l": "Grapes", "v": 0.013142466435139317}]}, {"source": 1, "prod": 96.0, "target": 65, "value": 0.13972169116141717, "supply": [{"l": "Poultry Meat", "v": 0.13972169116141717}]}, {"source": 1, "prod": 188.0, "target": 52, "value": 0.44861536995090534, "supply": [{"l": "Pigmeat", "v": 0.44861536995090534}]}, {"source": 1, "prod": 51.0, "target": 22, "value": 0.055511756304115388, "supply": [{"l": "Pelagic Fish", "v": 0.055511756304115388}]}, {"source": 1, "prod": 924.0, "target": 23, "value": 2.4153300685055754, "supply": [{"l": "Bovine Meat", "v": 2.4153300685055754}]}, {"source": 1, "prod": 209.0, "target": 8, "value": 0.32657980919151536, "supply": [{"l": "Eggs", "v": 0.33283014046790799}]}, {"source": 1, "prod": 9917.0, "target": 16, "value": 6.9846814759432023, "supply": [{"l": "Milk - Excluding Butter", "v": 6.9846814759432023}]}, {"source": 1, "prod": 216.0, "target": 66, "value": 0.26968341124905887, "supply": [{"l": "Offals, Edible", "v": 0.26968341124905887}]}, {"source": 1, "prod": 3.0, "target": 47, "value": 0.0025814290491182434, "supply": [{"l": "Marine Fish, Other", "v": 0.0025814290491182434}]}, {"source": 1, "prod": 114.0, "target": 19, "value": 0.098761612056061251, "supply": [{"l": "Fish, Seafood", "v": 0.098761612056061251}]}, {"source": 1, "prod": 1.0, "target": 68, "value": 0.00073443194784602076, "supply": [{"l": "Demersal Fish", "v": 0.00073443194784602076}]}, {"source": 1, "prod": 85.0, "target": 55, "value": 0.09818405876918368, "supply": [{"l": "Meat, Other", "v": 0.09818405876918368}]}, {"source": 1, "prod": 59.0, "target": 53, "value": 0.040396126266846771, "supply": [{"l": "Freshwater Fish", "v": 0.040396126266846771}]}, {"source": 1, "prod": 301.0, "target": 57, "value": 0.90250001004637381, "supply": [{"l": "Mutton & Goat Meat", "v": 0.90250001004637381}]}, {"source": 72, "prod": 22.0, "target": 74, "value": 0.017135847062036698, "supply": [{"l": "Alcohol, Non-Food", "v": 0.017135847062036698}]}, {"source": 72, "prod": 75.0, "target": 42, "value": 0.62426715566911761, "supply": [{"l": "Fats, Animals, Raw", "v": 0.62426715566911761}]}, {"source": 72, "prod": 12.0, "target": 58, "value": 0.0254700999513, "supply": [{"l": "Sweeteners, Other", "v": 0.0254700999513}]}, {"source": 72, "prod": 15.0, "target": 71, "value": 0.023583425880833331, "supply": [{"l": "Cream", "v": 0.023583425880833331}]}, {"source": 72, "prod": 2.0, "target": 60, "value": 0.0015578042783669726, "supply": [{"l": "Beverages, Fermented", "v": 0.0015578042783669726}]}, {"source": 72, "prod": 34.0, "target": 44, "value": 0.34918685417104844, "supply": [{"l": "Soyabean Oil", "v": 0.34918685417104844}]}, {"source": 72, "prod": 9.0, "target": 75, "value": 0.092203587637322587, "supply": [{"l": "Palm Oil", "v": 0.092203587637322587}]}, {"source": 72, "prod": 1051.0, "target": 32, "value": 4.3962774237831379, "supply": [{"l": "Sugar", "v": 4.3962774237831379}]}, {"source": 72, "prod": 10.0, "target": 39, "value": 0.047166851761666677, "supply": [{"l": "Honey", "v": 0.047166851761666677}]}, {"source": 72, "prod": 4.0, "target": 34, "value": 0.0424501665855, "supply": [{"l": "Maize Germ Oil", "v": 0.0424501665855}]}, {"source": 72, "prod": 234.0, "target": 35, "value": 0.14056611765575946, "supply": [{"l": "Beer", "v": 0.14056611765575946}]}, {"source": 72, "prod": 136.0, "target": 37, "value": 0.47712583930809921, "supply": [{"l": "Beverages, Alcoholic", "v": 0.47712583930809921}]}, {"source": 72, "prod": 125.0, "target": 51, "value": 1.2774355685451391, "supply": [{"l": "Sunflowerseed Oil", "v": 1.2774355685451391}]}, {"source": 72, "prod": 388.0, "target": 70, "value": 3.9856896793449899, "supply": [{"l": "Cottonseed Oil", "v": 3.9856896793449899}]}, {"source": 72, "prod": 21.0, "target": 33, "value": 0.20260306779443182, "supply": [{"l": "Oilcrops Oil, Other", "v": 0.20260306779443182}]}, {"source": 72, "prod": 8.0, "target": 54, "value": 0.072771714146571437, "supply": [{"l": "Rape and Mustard Oil", "v": 0.072771714146571437}]}, {"source": 72, "prod": 30.0, "target": 40, "value": 0.25989897909489801, "supply": [{"l": "Butter, Ghee", "v": 0.25989897909489801}]}, {"source": 72, "prod": 123.0, "target": 50, "value": 0.09580496311956882, "supply": [{"l": "Wine", "v": 0.09580496311956882}]}, {"source": 82, "prod": 0, "target": 0, "value": 0.028718316314603812, "supply": "[{\"l\":'Energy for power irrigation',\"v\":0.028718316314603812}]"}, {"source": 82, "prod": 0, "target": 2, "value": 0.002017250826696309, "supply": "[{\"l\":'Energy for power irrigation',\"v\":0.002017250826696309}]"}, {"source": 82, "prod": 0, "target": 30, "value": 0.0013937369348083588, "supply": "[{\"l\":'Energy for power irrigation',\"v\":0.0013937369348083588}]"}, {"source": 82, "prod": 0, "target": 61, "value": 0.00012837050715340146, "supply": "[{\"l\":'Energy for power irrigation',\"v\":0.00012837050715340146}]"}, {"source": 82, "prod": 0, "target": 36, "value": 5.5015931637172052e-05, "supply": "[{\"l\":'Energy for power irrigation',\"v\":5.5015931637172052e-05}]"}, {"source": 82, "prod": 0, "target": 3, "value": 0.082175463222056003, "supply": "[{\"l\":'Energy for power irrigation',\"v\":0.082175463222056003}]"}, {"source": 82, "prod": 0, "target": 4, "value": 0.015074365268585145, "supply": "[{\"l\":'Energy for power irrigation',\"v\":0.015074365268585145}]"}, {"source": 82, "prod": 0, "target": 41, "value": 0.066147488471759872, "supply": "[{\"l\":'Energy for power irrigation',\"v\":0.066147488471759872}]"}, {"source": 82, "prod": 0, "target": 5, "value": 0.0060884297678470405, "supply": "[{\"l\":'Energy for power irrigation',\"v\":0.0060884297678470405}]"}, {"source": 82, "prod": 0, "target": 6, "value": 0.0028424898012538893, "supply": "[{\"l\":'Energy for power irrigation',\"v\":0.0028424898012538893}]"}, {"source": 82, "prod": 0, "target": 7, "value": 0.64020205781789219, "supply": "[{\"l\":'Energy for power irrigation',\"v\":0.64020205781789219}]"}, {"source": 82, "prod": 0, "target": 45, "value": 0.0014304142225664736, "supply": "[{\"l\":'Energy for power irrigation',\"v\":0.0014304142225664736}]"}, {"source": 82, "prod": 0, "target": 9, "value": 0.14944160897043837, "supply": "[{\"l\":'Energy for power irrigation',\"v\":0.14944160897043837}]"}, {"source": 82, "prod": 0, "target": 10, "value": 0.00080690033067852345, "supply": "[{\"l\":'Energy for power irrigation',\"v\":0.00080690033067852345}]"}, {"source": 82, "prod": 0, "target": 46, "value": 0.00073354575516229408, "supply": "[{\"l\":'Energy for power irrigation',\"v\":0.00073354575516229408}]"}, {"source": 82, "prod": 0, "target": 11, "value": 0.10652918229344416, "supply": "[{\"l\":'Energy for power irrigation',\"v\":0.10652918229344416}]"}, {"source": 82, "prod": 0, "target": 48, "value": 0.036879012840784334, "supply": "[{\"l\":'Energy for power irrigation',\"v\":0.036879012840784334}]"}, {"source": 82, "prod": 0, "target": 49, "value": 0.0001467091510324588, "supply": "[{\"l\":'Energy for power irrigation',\"v\":0.0001467091510324588}]"}, {"source": 82, "prod": 0, "target": 12, "value": 0.0027507965818586028, "supply": "[{\"l\":'Energy for power irrigation',\"v\":0.0027507965818586028}]"}, {"source": 82, "prod": 0, "target": 13, "value": 0.0068036368791302773, "supply": "[{\"l\":'Energy for power irrigation',\"v\":0.0068036368791302773}]"}, {"source": 82, "prod": 0, "target": 14, "value": 0.001503768798082703, "supply": "[{\"l\":'Energy for power irrigation',\"v\":0.001503768798082703}]"}, {"source": 82, "prod": 0, "target": 15, "value": 0.14261963344742903, "supply": "[{\"l\":'Energy for power irrigation',\"v\":0.14261963344742903}]"}, {"source": 82, "prod": 0, "target": 76, "value": 0.00051348202861360584, "supply": "[{\"l\":'Energy for power irrigation',\"v\":0.00051348202861360584}]"}, {"source": 82, "prod": 0, "target": 17, "value": 0.0012470277837758998, "supply": "[{\"l\":'Energy for power irrigation',\"v\":0.0012470277837758998}]"}, {"source": 82, "prod": 0, "target": 27, "value": 0.00069686846740417939, "supply": "[{\"l\":'Energy for power irrigation',\"v\":0.00069686846740417939}]"}, {"source": 82, "prod": 0, "target": 20, "value": 0.039556454847126714, "supply": "[{\"l\":'Energy for power irrigation',\"v\":0.039556454847126714}]"}, {"source": 82, "prod": 0, "target": 56, "value": 0.00012837050715340146, "supply": "[{\"l\":'Energy for power irrigation',\"v\":0.00012837050715340146}]"}, {"source": 82, "prod": 0, "target": 21, "value": 0.00055015931637172053, "supply": "[{\"l\":'Energy for power irrigation',\"v\":0.00055015931637172053}]"}, {"source": 82, "prod": 0, "target": 64, "value": 0.019420623867921736, "supply": "[{\"l\":'Energy for power irrigation',\"v\":0.019420623867921736}]"}, {"source": 82, "prod": 0, "target": 24, "value": 0.0024023623481565131, "supply": "[{\"l\":'Energy for power irrigation',\"v\":0.0024023623481565131}]"}, {"source": 82, "prod": 0, "target": 25, "value": 0.00047680474085549116, "supply": "[{\"l\":'Energy for power irrigation',\"v\":0.00047680474085549116}]"}, {"source": 82, "prod": 0, "target": 69, "value": 0.0006601911796460647, "supply": "[{\"l\":'Energy for power irrigation',\"v\":0.0006601911796460647}]"}, {"source": 82, "prod": 0, "target": 26, "value": 0.038346104351108926, "supply": "[{\"l\":'Energy for power irrigation',\"v\":0.038346104351108926}]"}, {"source": 82, "prod": 0, "target": 18, "value": 0.026205922103172956, "supply": "[{\"l\":'Energy for power irrigation',\"v\":0.026205922103172956}]"}, {"source": 82, "prod": 0, "target": 72, "value": 30.898000024718399, "supply": "[{\"l\":'Electricity',\"v\":30.898000024718399}]"}, {"source": 83, "prod": 0, "target": 82, "value": 49.978709073093569, "supply": [{"l": "Coal", "v": 32.617292194915876}, {"l": "Natural gas", "v": 11.322973939711344}, {"l": "Oil", "v": 6.0384429384663463}]}, {"source": 84, "prod": 0, "target": 82, "value": 11.496384130839793, "supply": [{"l": "Nuclear", "v": 5.4989307165070125}, {"l": "Hydroelectric", "v": 5.5315130669680066}, {"l": "Renewable", "v": 0.46594034736477274}]}, {"source": 83, "prod": 0, "target": 0, "value": 0.4084732226490107, "supply": [{"l": "Motor Gasoline", "v": 0.0091681689670876521}, {"l": "Gas-Diesel oil", "v": 0.30064613628269249}, {"l": "Natural gas (including LNG)", "v": 0.039679696572826433}, {"l": "Fuel oil", "v": 0.00067792207846441549}, {"l": "Coal", "v": 0.058301298747939739}]}, {"source": 83, "prod": 0, "target": 2, "value": 0.028692244247376236, "supply": [{"l": "Motor Gasoline", "v": 0.00064399654302659112}, {"l": "Gas-Diesel oil", "v": 0.021118183263790665}, {"l": "Natural gas (including LNG)", "v": 0.0027872072943875528}, {"l": "Fuel oil", "v": 4.7619047657142853e-05}, {"l": "Coal", "v": 0.0040952380985142863}]}, {"source": 83, "prod": 0, "target": 30, "value": 0.019823732389096307, "supply": [{"l": "Motor Gasoline", "v": 0.00044494306609109933}, {"l": "Gas-Diesel oil", "v": 0.014590744800437185}, {"l": "Natural gas (including LNG)", "v": 0.0019257068579404911}, {"l": "Fuel oil", "v": 3.2900432926753237e-05}, {"l": "Coal", "v": 0.002829437231700779}]}, {"source": 83, "prod": 0, "target": 61, "value": 0.0018258700884693966, "supply": [{"l": "Motor Gasoline", "v": 4.0981598192601254e-05}, {"l": "Gas-Diesel oil", "v": 0.0013438843895139513}, {"l": "Natural gas (including LNG)", "v": 0.00017736773691557153}, {"l": "Fuel oil", "v": 3.0303030327272722e-06}, {"l": "Coal", "v": 0.00026060606081454543}]}, {"source": 83, "prod": 0, "target": 36, "value": 0.00078251575220116996, "supply": [{"l": "Motor Gasoline", "v": 1.7563542082543395e-05}, {"l": "Gas-Diesel oil", "v": 0.00057595045264883626}, {"l": "Natural gas (including LNG)", "v": 7.6014744392387799e-05}, {"l": "Fuel oil", "v": 1.2987012997402595e-06}, {"l": "Coal", "v": 0.00011168831177766234}]}, {"source": 83, "prod": 0, "target": 3, "value": 1.1688176952044809, "supply": [{"l": "Motor Gasoline", "v": 0.026234077357292319}, {"l": "Gas-Diesel oil", "v": 0.86027799277314509}, {"l": "Natural gas (including LNG)", "v": 0.11354068987409659}, {"l": "Fuel oil", "v": 0.001939826841378701}, {"l": "Coal", "v": 0.16682510835856831}]}, {"source": 83, "prod": 0, "target": 4, "value": 0.21440931610312058, "supply": [{"l": "Motor Gasoline", "v": 0.0048124105306168903}, {"l": "Gas-Diesel oil", "v": 0.15781042402578113}, {"l": "Natural gas (including LNG)", "v": 0.020828039963514261}, {"l": "Fuel oil", "v": 0.00035584415612883113}, {"l": "Coal", "v": 0.030602597427079482}]}, {"source": 83, "prod": 0, "target": 41, "value": 0.94084477272987344, "supply": [{"l": "Motor Gasoline", "v": 0.021117232097244674}, {"l": "Gas-Diesel oil", "v": 0.69248442756811746}, {"l": "Natural gas (including LNG)", "v": 0.091395061007780942}, {"l": "Fuel oil", "v": 0.0015614718627210387}, {"l": "Coal", "v": 0.13428658019400935}]}, {"source": 83, "prod": 0, "target": 5, "value": 0.086598409910262811, "supply": [{"l": "Motor Gasoline", "v": 0.0019436986571348021}, {"l": "Gas-Diesel oil", "v": 0.063738516759804548}, {"l": "Natural gas (including LNG)", "v": 0.0084122983794242493}, {"l": "Fuel oil", "v": 0.00014372294383792203}, {"l": "Coal", "v": 0.012360173170061297}]}, {"source": 83, "prod": 0, "target": 6, "value": 0.040429980530393782, "supply": [{"l": "Motor Gasoline", "v": 0.00090744967426474197}, {"l": "Gas-Diesel oil", "v": 0.029757440053523206}, {"l": "Natural gas (including LNG)", "v": 0.0039274284602733699}, {"l": "Fuel oil", "v": 6.7099567153246732e-05}, {"l": "Coal", "v": 0.0057705627751792202}]}, {"source": 83, "prod": 0, "target": 7, "value": 9.1058749697809489, "supply": [{"l": "Motor Gasoline", "v": 0.20438108470052999}, {"l": "Gas-Diesel oil", "v": 6.7021434339902912}, {"l": "Natural gas (including LNG)", "v": 0.88455824224608615}, {"l": "Fuel oil", "v": 0.015112554124644155}, {"l": "Coal", "v": 1.2996796547193974}]}, {"source": 83, "prod": 0, "target": 45, "value": 0.02034540955723042, "supply": [{"l": "Motor Gasoline", "v": 0.00045665209414612828}, {"l": "Gas-Diesel oil", "v": 0.014974711768869744}, {"l": "Natural gas (including LNG)", "v": 0.001976383354202083}, {"l": "Fuel oil", "v": 3.3766233793246747e-05}, {"l": "Coal", "v": 0.0029038961062192209}]}, {"source": 83, "prod": 0, "target": 9, "value": 2.1255736215624448, "supply": [{"l": "Motor Gasoline", "v": 0.047708434810215375}, {"l": "Gas-Diesel oil", "v": 1.5644734128784556}, {"l": "Natural gas (including LNG)", "v": 0.20648138401785607}, {"l": "Fuel oil", "v": 0.0035277056305277918}, {"l": "Coal", "v": 0.30338268422539011}]}, {"source": 83, "prod": 0, "target": 10, "value": 0.011476897698950493, "supply": [{"l": "Motor Gasoline", "v": 0.00025759861721063644}, {"l": "Gas-Diesel oil", "v": 0.008447273305516265}, {"l": "Natural gas (including LNG)", "v": 0.0011148829177550211}, {"l": "Fuel oil", "v": 1.9047619062857138e-05}, {"l": "Coal", "v": 0.0016380952394057142}]}, {"source": 83, "prod": 0, "target": 46, "value": 0.010433543362682266, "supply": [{"l": "Motor Gasoline", "v": 0.00023418056110057858}, {"l": "Gas-Diesel oil", "v": 0.0076793393686511498}, {"l": "Natural gas (including LNG)", "v": 0.0010135299252318373}, {"l": "Fuel oil", "v": 1.7316017329870125e-05}, {"l": "Coal", "v": 0.0014891774903688312}]}, {"source": 83, "prod": 0, "target": 11, "value": 1.5152113348455323, "supply": [{"l": "Motor Gasoline", "v": 0.034008871985831524}, {"l": "Gas-Diesel oil", "v": 1.1152320598123633}, {"l": "Natural gas (including LNG)", "v": 0.14718988339179359}, {"l": "Fuel oil", "v": 0.0025147186167303894}, {"l": "Coal", "v": 0.21626580103881352}]}, {"source": 83, "prod": 0, "target": 48, "value": 0.52454639255885094, "supply": [{"l": "Motor Gasoline", "v": 0.011773427709331588}, {"l": "Gas-Diesel oil", "v": 0.38607878675893653}, {"l": "Natural gas (including LNG)", "v": 0.050955216991030623}, {"l": "Fuel oil", "v": 0.00087056277125922062}, {"l": "Coal", "v": 0.074868398328292979}]}, {"source": 83, "prod": 0, "target": 49, "value": 0.0020867086725364532, "supply": [{"l": "Motor Gasoline", "v": 4.6836112220115718e-05}, {"l": "Gas-Diesel oil", "v": 0.0015358678737302301}, {"l": "Natural gas (including LNG)", "v": 0.00020270598504636749}, {"l": "Fuel oil", "v": 3.4632034659740251e-06}, {"l": "Coal", "v": 0.00029783549807376624}]}, {"source": 83, "prod": 0, "target": 12, "value": 0.039125787610058499, "supply": [{"l": "Motor Gasoline", "v": 0.00087817710412716973}, {"l": "Gas-Diesel oil", "v": 0.028797522632441813}, {"l": "Natural gas (including LNG)", "v": 0.0038007372196193906}, {"l": "Fuel oil", "v": 6.4935064987012978e-05}, {"l": "Coal", "v": 0.0055844155888831173}]}, {"source": 83, "prod": 0, "target": 13, "value": 0.096771114688878015, "supply": [{"l": "Motor Gasoline", "v": 0.0021720247042078663}, {"l": "Gas-Diesel oil", "v": 0.071225872644239421}, {"l": "Natural gas (including LNG)", "v": 0.0094004900565252923}, {"l": "Fuel oil", "v": 0.00016060606073454542}, {"l": "Coal", "v": 0.013812121223170909}]}, {"source": 83, "prod": 0, "target": 14, "value": 0.021388763893498648, "supply": [{"l": "Motor Gasoline", "v": 0.00048007015025618616}, {"l": "Gas-Diesel oil", "v": 0.015742645705734859}, {"l": "Natural gas (including LNG)", "v": 0.0020777363467252667}, {"l": "Fuel oil", "v": 3.549783552623376e-05}, {"l": "Coal", "v": 0.0030528138552561039}]}, {"source": 83, "prod": 0, "target": 15, "value": 2.0285416682894999, "supply": [{"l": "Motor Gasoline", "v": 0.045530555591979993}, {"l": "Gas-Diesel oil", "v": 1.4930555567499999}, {"l": "Natural gas (including LNG)", "v": 0.19705555571319999}, {"l": "Fuel oil", "v": 0.0033666666693599996}, {"l": "Coal", "v": 0.28953333356496003}]}, {"source": 83, "prod": 0, "target": 76, "value": 0.0073034803538775863, "supply": [{"l": "Motor Gasoline", "v": 0.00016392639277040502}, {"l": "Gas-Diesel oil", "v": 0.0053755375580558052}, {"l": "Natural gas (including LNG)", "v": 0.00070947094766228612}, {"l": "Fuel oil", "v": 1.2121212130909089e-05}, {"l": "Coal", "v": 0.0010424242432581817}]}, {"source": 83, "prod": 0, "target": 17, "value": 0.017737023716559854, "supply": [{"l": "Motor Gasoline", "v": 0.00039810695387098357}, {"l": "Gas-Diesel oil", "v": 0.013054876926706954}, {"l": "Natural gas (including LNG)", "v": 0.0017230008728941237}, {"l": "Fuel oil", "v": 2.9437229460779214e-05}, {"l": "Coal", "v": 0.0025316017336270129}]}, {"source": 83, "prod": 0, "target": 27, "value": 0.0099118661945481537, "supply": [{"l": "Motor Gasoline", "v": 0.00022247153304554967}, {"l": "Gas-Diesel oil", "v": 0.0072953724002185923}, {"l": "Natural gas (including LNG)", "v": 0.00096285342897024556}, {"l": "Fuel oil", "v": 1.6450216463376619e-05}, {"l": "Coal", "v": 0.0014147186158503895}]}, {"source": 83, "prod": 0, "target": 20, "value": 0.56262882583264129, "supply": [{"l": "Motor Gasoline", "v": 0.012628186757348701}, {"l": "Gas-Diesel oil", "v": 0.41410837545451329}, {"l": "Natural gas (including LNG)", "v": 0.054654601218126833}, {"l": "Fuel oil", "v": 0.00093376623451324665}, {"l": "Coal", "v": 0.080303896168139224}]}, {"source": 83, "prod": 0, "target": 56, "value": 0.0018258700884693966, "supply": [{"l": "Motor Gasoline", "v": 4.0981598192601254e-05}, {"l": "Gas-Diesel oil", "v": 0.0013438843895139513}, {"l": "Natural gas (including LNG)", "v": 0.00017736773691557153}, {"l": "Fuel oil", "v": 3.0303030327272722e-06}, {"l": "Coal", "v": 0.00026060606081454543}]}, {"source": 83, "prod": 0, "target": 21, "value": 0.0078251575220117005, "supply": [{"l": "Motor Gasoline", "v": 0.00017563542082543393}, {"l": "Gas-Diesel oil", "v": 0.0057595045264883628}, {"l": "Natural gas (including LNG)", "v": 0.00076014744392387799}, {"l": "Fuel oil", "v": 1.2987012997402596e-05}, {"l": "Coal", "v": 0.0011168831177766232}]}, {"source": 83, "prod": 0, "target": 64, "value": 0.27622806052701299, "supply": [{"l": "Motor Gasoline", "v": 0.0061999303551378178}, {"l": "Gas-Diesel oil", "v": 0.2033105097850392}, {"l": "Natural gas (including LNG)", "v": 0.026833204770512896}, {"l": "Fuel oil", "v": 0.00045844155880831161}, {"l": "Coal", "v": 0.039425974057514801}]}, {"source": 83, "prod": 0, "target": 24, "value": 0.034169854512784426, "supply": [{"l": "Motor Gasoline", "v": 0.00076694133760439489}, {"l": "Gas-Diesel oil", "v": 0.025149836432332519}, {"l": "Natural gas (including LNG)", "v": 0.003319310505134268}, {"l": "Fuel oil", "v": 5.6709956755324667e-05}, {"l": "Coal", "v": 0.0048770562809579221}]}, {"source": 83, "prod": 0, "target": 25, "value": 0.006781803185743473, "supply": [{"l": "Motor Gasoline", "v": 0.00015221736471537607}, {"l": "Gas-Diesel oil", "v": 0.0049915705896232477}, {"l": "Natural gas (including LNG)", "v": 0.00065879445140069426}, {"l": "Fuel oil", "v": 1.1255411264415582e-05}, {"l": "Coal", "v": 0.00096796536873974023}]}, {"source": 83, "prod": 0, "target": 69, "value": 0.0093901890264140395, "supply": [{"l": "Motor Gasoline", "v": 0.00021076250499052073}, {"l": "Gas-Diesel oil", "v": 0.0069114054317860347}, {"l": "Natural gas (including LNG)", "v": 0.00091217693270865369}, {"l": "Fuel oil", "v": 1.5584415596883115e-05}, {"l": "Coal", "v": 0.001340259741331948}]}, {"source": 83, "prod": 0, "target": 26, "value": 0.54541347928421546, "supply": [{"l": "Motor Gasoline", "v": 0.012241788831532745}, {"l": "Gas-Diesel oil", "v": 0.40143746549623888}, {"l": "Natural gas (including LNG)", "v": 0.0529822768414943}, {"l": "Fuel oil", "v": 0.00090519480591896091}, {"l": "Coal", "v": 0.077846753309030653}]}, {"source": 83, "prod": 0, "target": 18, "value": 0.37273833663182393, "supply": [{"l": "Motor Gasoline", "v": 0.0083661005453181704}, {"l": "Gas-Diesel oil", "v": 0.27434439894506235}, {"l": "Natural gas (including LNG)", "v": 0.036208356578907391}, {"l": "Fuel oil", "v": 0.00061861471910961026}, {"l": "Coal", "v": 0.053200865843426488}]}, {"source": 83, "prod": 0, "target": 1, "value": 0.012147500009717999, "supply": [{"l": "Gas-diesel oils used in fisheries", "v": 0.012147500009717999}]}, {"source": 85, "prod": 1.7816530538768163, "target": 0, "value": 0.027175305683949318, "supply": [{"l": "Potash", "v": 0.0058678870417313454}, {"l": "Phosphate", "v": 0.070739277834369188}, {"l": "Nitrogen", "v": 1.2729608574998501}]}, {"source": 85, "prod": 0.12514804337576615, "target": 2, "value": 0.0019088656610692369, "supply": [{"l": "Potash", "v": 0.0058678870417313454}, {"l": "Phosphate", "v": 0.070739277834369188}, {"l": "Nitrogen", "v": 1.2729608574998501}]}, {"source": 85, "prod": 0.086465920877802069, "target": 30, "value": 0.0013188526385569273, "supply": [{"l": "Potash", "v": 0.0058678870417313454}, {"l": "Phosphate", "v": 0.070739277834369188}, {"l": "Nitrogen", "v": 1.2729608574998501}]}, {"source": 85, "prod": 0.007963966396639665, "target": 61, "value": 0.00012147326934076962, "supply": [{"l": "Potash", "v": 0.0058678870417313454}, {"l": "Phosphate", "v": 0.070739277834369188}, {"l": "Nitrogen", "v": 1.2729608574998501}]}, {"source": 85, "prod": 0.0034131284557027131, "target": 36, "value": 5.2059972574615554e-05, "supply": [{"l": "Potash", "v": 0.0058678870417313454}, {"l": "Phosphate", "v": 0.070739277834369188}, {"l": "Nitrogen", "v": 1.2729608574998501}]}, {"source": 85, "prod": 5.0980762033346201, "target": 3, "value": 0.077760245702284098, "supply": [{"l": "Potash", "v": 0.0058678870417313454}, {"l": "Phosphate", "v": 0.070739277834369188}, {"l": "Nitrogen", "v": 1.2729608574998501}]}, {"source": 85, "prod": 0.93519719686254354, "target": 4, "value": 0.014264432485444662, "supply": [{"l": "Potash", "v": 0.0058678870417313454}, {"l": "Phosphate", "v": 0.070739277834369188}, {"l": "Nitrogen", "v": 1.2729608574998501}]}, {"source": 85, "prod": 4.1037181132398954, "target": 41, "value": 0.06259344035887944, "supply": [{"l": "Potash", "v": 0.0058678870417313454}, {"l": "Phosphate", "v": 0.070739277834369188}, {"l": "Nitrogen", "v": 1.2729608574998501}]}, {"source": 85, "prod": 0.37771954909776689, "target": 5, "value": 0.0057613036315907872, "supply": [{"l": "Potash", "v": 0.0058678870417313454}, {"l": "Phosphate", "v": 0.070739277834369188}, {"l": "Nitrogen", "v": 1.2729608574998501}]}, {"source": 85, "prod": 0.17634497021130685, "target": 6, "value": 0.0026897652496884702, "supply": [{"l": "Potash", "v": 0.0058678870417313454}, {"l": "Phosphate", "v": 0.070739277834369188}, {"l": "Nitrogen", "v": 1.2729608574998501}]}, {"source": 85, "prod": 39.717438129527245, "target": 7, "value": 0.60580454752660962, "supply": [{"l": "Potash", "v": 0.0058678870417313454}, {"l": "Phosphate", "v": 0.070739277834369188}, {"l": "Nitrogen", "v": 1.2729608574998501}]}, {"source": 85, "prod": 0.088741339848270553, "target": 45, "value": 0.0013535592869400046, "supply": [{"l": "Potash", "v": 0.0058678870417313454}, {"l": "Phosphate", "v": 0.070739277834369188}, {"l": "Nitrogen", "v": 1.2729608574998501}]}, {"source": 85, "prod": 9.2711945951738031, "target": 9, "value": 0.14141223883684739, "supply": [{"l": "Potash", "v": 0.0058678870417313454}, {"l": "Phosphate", "v": 0.070739277834369188}, {"l": "Nitrogen", "v": 1.2729608574998501}]}, {"source": 85, "prod": 0.050059217350306461, "target": 10, "value": 0.00076354626442769473, "supply": [{"l": "Potash", "v": 0.0058678870417313454}, {"l": "Phosphate", "v": 0.070739277834369188}, {"l": "Nitrogen", "v": 1.2729608574998501}]}, {"source": 85, "prod": 0.045508379409369512, "target": 46, "value": 0.00069413296766154071, "supply": [{"l": "Potash", "v": 0.0058678870417313454}, {"l": "Phosphate", "v": 0.070739277834369188}, {"l": "Nitrogen", "v": 1.2729608574998501}]}, {"source": 85, "prod": 6.6089543997256879, "target": 11, "value": 0.10080546022864725, "supply": [{"l": "Potash", "v": 0.0058678870417313454}, {"l": "Phosphate", "v": 0.070739277834369188}, {"l": "Nitrogen", "v": 1.2729608574998501}]}, {"source": 85, "prod": 2.287933774806052, "target": 48, "value": 0.034897534949183955, "supply": [{"l": "Potash", "v": 0.0058678870417313454}, {"l": "Phosphate", "v": 0.070739277834369188}, {"l": "Nitrogen", "v": 1.2729608574998501}]}, {"source": 85, "prod": 0.0091016758818739021, "target": 49, "value": 0.00013882659353230814, "supply": [{"l": "Potash", "v": 0.0058678870417313454}, {"l": "Phosphate", "v": 0.070739277834369188}, {"l": "Nitrogen", "v": 1.2729608574998501}]}, {"source": 85, "prod": 0.17065642278513568, "target": 12, "value": 0.0026029986287307775, "supply": [{"l": "Potash", "v": 0.0058678870417313454}, {"l": "Phosphate", "v": 0.070739277834369188}, {"l": "Nitrogen", "v": 1.2729608574998501}]}, {"source": 85, "prod": 0.42209021902190219, "target": 13, "value": 0.0064380832750607899, "supply": [{"l": "Potash", "v": 0.0058678870417313454}, {"l": "Phosphate", "v": 0.070739277834369188}, {"l": "Nitrogen", "v": 1.2729608574998501}]}, {"source": 85, "prod": 0.093292177789207509, "target": 14, "value": 0.0014229725837061585, "supply": [{"l": "Potash", "v": 0.0058678870417313454}, {"l": "Phosphate", "v": 0.070739277834369188}, {"l": "Nitrogen", "v": 1.2729608574998501}]}, {"source": 85, "prod": 8.8479666666666681, "target": 15, "value": 0.13495680223759507, "supply": [{"l": "Potash", "v": 0.0058678870417313454}, {"l": "Phosphate", "v": 0.070739277834369188}, {"l": "Nitrogen", "v": 1.2729608574998501}]}, {"source": 85, "prod": 0.03185586558655866, "target": 76, "value": 0.0004858930773630785, "supply": [{"l": "Potash", "v": 0.0058678870417313454}, {"l": "Phosphate", "v": 0.070739277834369188}, {"l": "Nitrogen", "v": 1.2729608574998501}]}, {"source": 85, "prod": 0.077364244995928172, "target": 17, "value": 0.0011800260450246191, "supply": [{"l": "Potash", "v": 0.0058678870417313454}, {"l": "Phosphate", "v": 0.070739277834369188}, {"l": "Nitrogen", "v": 1.2729608574998501}]}, {"source": 85, "prod": 0.043232960438901034, "target": 27, "value": 0.00065942631927846365, "supply": [{"l": "Potash", "v": 0.0058678870417313454}, {"l": "Phosphate", "v": 0.070739277834369188}, {"l": "Nitrogen", "v": 1.2729608574998501}]}, {"source": 85, "prod": 2.4540393596502512, "target": 20, "value": 0.037431120281148582, "supply": [{"l": "Potash", "v": 0.0058678870417313454}, {"l": "Phosphate", "v": 0.070739277834369188}, {"l": "Nitrogen", "v": 1.2729608574998501}]}, {"source": 85, "prod": 0.007963966396639665, "target": 56, "value": 0.00012147326934076962, "supply": [{"l": "Potash", "v": 0.0058678870417313454}, {"l": "Phosphate", "v": 0.070739277834369188}, {"l": "Nitrogen", "v": 1.2729608574998501}]}, {"source": 85, "prod": 0.034131284557027131, "target": 21, "value": 0.00052059972574615551, "supply": [{"l": "Potash", "v": 0.0058678870417313454}, {"l": "Phosphate", "v": 0.070739277834369188}, {"l": "Nitrogen", "v": 1.2729608574998501}]}, {"source": 85, "prod": 1.2048343448630578, "target": 64, "value": 0.01837717031883929, "supply": [{"l": "Potash", "v": 0.0058678870417313454}, {"l": "Phosphate", "v": 0.070739277834369188}, {"l": "Nitrogen", "v": 1.2729608574998501}]}, {"source": 85, "prod": 0.14903994256568515, "target": 24, "value": 0.0022732854690915459, "supply": [{"l": "Potash", "v": 0.0058678870417313454}, {"l": "Phosphate", "v": 0.070739277834369188}, {"l": "Nitrogen", "v": 1.2729608574998501}]}, {"source": 85, "prod": 0.029580446616090182, "target": 25, "value": 0.00045118642898000144, "supply": [{"l": "Potash", "v": 0.0058678870417313454}, {"l": "Phosphate", "v": 0.070739277834369188}, {"l": "Nitrogen", "v": 1.2729608574998501}]}, {"source": 85, "prod": 0.040957541468432557, "target": 69, "value": 0.00062471967089538659, "supply": [{"l": "Potash", "v": 0.0058678870417313454}, {"l": "Phosphate", "v": 0.070739277834369188}, {"l": "Nitrogen", "v": 1.2729608574998501}]}, {"source": 85, "prod": 2.3789505336247911, "target": 26, "value": 0.036285800884507037, "supply": [{"l": "Potash", "v": 0.0058678870417313454}, {"l": "Phosphate", "v": 0.070739277834369188}, {"l": "Nitrogen", "v": 1.2729608574998501}]}, {"source": 85, "prod": 1.6257868543997258, "target": 18, "value": 0.024797900269708541, "supply": [{"l": "Potash", "v": 0.0058678870417313454}, {"l": "Phosphate", "v": 0.070739277834369188}, {"l": "Nitrogen", "v": 1.2729608574998501}]}, {"source": 83, "prod": 0, "target": 85, "value": 1.5930586827207582, "supply": [{"l": "Natural gas (including LNG)", "v": 1.0865234342945265}, {"l": "Fuel oil", "v": 0.2815124473534405}, {"l": "Liquefied petroleum gas (LPG)", "v": 0.11251140053639565}, {"l": "Coal", "v": 0.11251140053639565}]}, {"source": 86, "prod": 0, "target": 0, "value": 0.076792233472256319, "supply": "[{\"l\":'Labor',\"v\":0.076792233472256319}]"}, {"source": 86, "prod": 0, "target": 29, "value": 4.9037186125323323e-05, "supply": "[{\"l\":'Labor',\"v\":4.9037186125323323e-05}]"}, {"source": 86, "prod": 0, "target": 2, "value": 0.0053940904737855653, "supply": "[{\"l\":'Labor',\"v\":0.0053940904737855653}]"}, {"source": 86, "prod": 0, "target": 30, "value": 0.0037268261455245724, "supply": "[{\"l\":'Labor',\"v\":0.0037268261455245724}]"}, {"source": 86, "prod": 0, "target": 36, "value": 0.00014711155837596995, "supply": "[{\"l\":'Labor',\"v\":0.00014711155837596995}]"}, {"source": 86, "prod": 0, "target": 3, "value": 0.21973563102757382, "supply": "[{\"l\":'Labor',\"v\":0.21973563102757382}]"}, {"source": 86, "prod": 0, "target": 38, "value": 0.00073555779187984974, "supply": "[{\"l\":'Labor',\"v\":0.00073555779187984974}]"}, {"source": 86, "prod": 0, "target": 4, "value": 0.040308566995015768, "supply": "[{\"l\":'Labor',\"v\":0.040308566995015768}]"}, {"source": 86, "prod": 0, "target": 41, "value": 0.17687713035404123, "supply": "[{\"l\":'Labor',\"v\":0.17687713035404123}]"}, {"source": 86, "prod": 0, "target": 5, "value": 0.016280345793607341, "supply": "[{\"l\":'Labor',\"v\":0.016280345793607341}]"}, {"source": 86, "prod": 0, "target": 6, "value": 0.0076007638494251144, "supply": "[{\"l\":'Labor',\"v\":0.0076007638494251144}]"}, {"source": 86, "prod": 0, "target": 43, "value": 0.00014711155837596995, "supply": "[{\"l\":'Labor',\"v\":0.00014711155837596995}]"}, {"source": 86, "prod": 0, "target": 7, "value": 1.7118881676350373, "supply": "[{\"l\":'Labor',\"v\":1.7118881676350373}]"}, {"source": 86, "prod": 0, "target": 45, "value": 0.0038249005177752194, "supply": "[{\"l\":'Labor',\"v\":0.0038249005177752194}]"}, {"source": 86, "prod": 0, "target": 9, "value": 0.39960402973525977, "supply": "[{\"l\":'Labor',\"v\":0.39960402973525977}]"}, {"source": 86, "prod": 0, "target": 10, "value": 0.002157636189514226, "supply": "[{\"l\":'Labor',\"v\":0.002157636189514226}]"}, {"source": 86, "prod": 0, "target": 46, "value": 0.0019614874450129328, "supply": "[{\"l\":'Labor',\"v\":0.0019614874450129328}]"}, {"source": 86, "prod": 0, "target": 14, "value": 0.0040210492622765126, "supply": "[{\"l\":'Labor',\"v\":0.0040210492622765126}]"}, {"source": 86, "prod": 0, "target": 48, "value": 0.098613781298025199, "supply": "[{\"l\":'Labor',\"v\":0.098613781298025199}]"}, {"source": 86, "prod": 0, "target": 49, "value": 0.00039229748900258658, "supply": "[{\"l\":'Labor',\"v\":0.00039229748900258658}]"}, {"source": 86, "prod": 0, "target": 12, "value": 0.0073555779187984985, "supply": "[{\"l\":'Labor',\"v\":0.0073555779187984985}]"}, {"source": 86, "prod": 0, "target": 31, "value": 0.00014711155837596995, "supply": "[{\"l\":'Labor',\"v\":0.00014711155837596995}]"}, {"source": 86, "prod": 0, "target": 13, "value": 0.01819279605249495, "supply": "[{\"l\":'Labor',\"v\":0.01819279605249495}]"}, {"source": 86, "prod": 0, "target": 11, "value": 0.28485701420200316, "supply": "[{\"l\":'Labor',\"v\":0.28485701420200316}]"}, {"source": 86, "prod": 0, "target": 15, "value": 0.38136219649663949, "supply": "[{\"l\":'Labor',\"v\":0.38136219649663949}]"}, {"source": 86, "prod": 0, "target": 76, "value": 0.0013730412115090529, "supply": "[{\"l\":'Labor',\"v\":0.0013730412115090529}]"}, {"source": 86, "prod": 0, "target": 17, "value": 0.0033345286565219859, "supply": "[{\"l\":'Labor',\"v\":0.0033345286565219859}]"}, {"source": 86, "prod": 0, "target": 18, "value": 0.070074138973087022, "supply": "[{\"l\":'Labor',\"v\":0.070074138973087022}]"}, {"source": 86, "prod": 0, "target": 20, "value": 0.10577321047232241, "supply": "[{\"l\":'Labor',\"v\":0.10577321047232241}]"}, {"source": 86, "prod": 0, "target": 56, "value": 0.00034326030287726322, "supply": "[{\"l\":'Labor',\"v\":0.00034326030287726322}]"}, {"source": 86, "prod": 0, "target": 21, "value": 0.0014711155837596995, "supply": "[{\"l\":'Labor',\"v\":0.0014711155837596995}]"}, {"source": 86, "prod": 0, "target": 59, "value": 0.00029422311675193991, "supply": "[{\"l\":'Labor',\"v\":0.00029422311675193991}]"}, {"source": 86, "prod": 0, "target": 61, "value": 0.00034326030287726322, "supply": "[{\"l\":'Labor',\"v\":0.00034326030287726322}]"}, {"source": 86, "prod": 0, "target": 62, "value": 4.9037186125323323e-05, "supply": "[{\"l\":'Labor',\"v\":4.9037186125323323e-05}]"}, {"source": 86, "prod": 0, "target": 64, "value": 0.051930380106717397, "supply": "[{\"l\":'Labor',\"v\":0.051930380106717397}]"}, {"source": 86, "prod": 0, "target": 24, "value": 0.0064238713824173559, "supply": "[{\"l\":'Labor',\"v\":0.0064238713824173559}]"}, {"source": 86, "prod": 0, "target": 67, "value": 4.9037186125323323e-05, "supply": "[{\"l\":'Labor',\"v\":4.9037186125323323e-05}]"}, {"source": 86, "prod": 0, "target": 25, "value": 0.0012749668392584063, "supply": "[{\"l\":'Labor',\"v\":0.0012749668392584063}]"}, {"source": 86, "prod": 0, "target": 69, "value": 0.0017653387005116396, "supply": "[{\"l\":'Labor',\"v\":0.0017653387005116396}]"}, {"source": 86, "prod": 0, "target": 63, "value": 0.0025499336785168125, "supply": "[{\"l\":'Labor',\"v\":0.0025499336785168125}]"}, {"source": 86, "prod": 0, "target": 26, "value": 0.10253675618805107, "supply": "[{\"l\":'Labor',\"v\":0.10253675618805107}]"}, {"source": 86, "prod": 0, "target": 27, "value": 0.0018634130727622862, "supply": "[{\"l\":'Labor',\"v\":0.0018634130727622862}]"}, {"source": 83, "prod": 0, "target": 78, "value": 3.1427688444825987, "supply": "[{\"l\":'Fossil Fuels',\"v\":3.1427688444825987}]"}, {"source": 84, "prod": 0, "target": 78, "value": 0.78119049247571948, "supply": "[{\"l\":'Renewables & Nuclear',\"v\":0.38551796330829702},{\"l\":'Biomass & Waste',\"v\":0.39567252916742246}]"}]}