{"nodes": [{"name": "Balance", "fill": "#9edae5"}, {"name": "Food", "fill": "#b5cf6b"}, {"name": "Stock Deposit", "fill": "#c7c7c7"}, {"name": "Export", "fill": "#aec7e8"}, {"name": "Biofuels & Other", "fill": "#e7ba52"}, {"name": "Crop Residue", "fill": "#bd9e39"}, {"name": "Renewables & Nuclear", "fill": "#2ca02c"}, {"name": "Fossil Fuels", "fill": "#c49c94"}, {"name": "Stock Draw", "fill": "#c7c7c7"}, {"name": "Labor", "fill": "#7f7f7f"}], "links": [{"source": 0, "target": 1, "value": 58.900422069720811}, {"source": 0, "target": 2, "value": 0.56236516031397144}, {"source": 0, "target": 3, "value": 11.692361725907965}, {"source": 0, "target": 4, "value": 1.9179920071890861}, {"source": 0, "target": 5, "value": 169.80857902062553}, {"source": 6, "target": 0, "value": 14.181951551258809}, {"source": 7, "target": 0, "value": 75.890128405758674}, {"source": 8, "target": 0, "value": 8.4479845097959476}, {"source": 9, "target": 0, "value": 4.0201052453676613}]}