{"nodes": [{"layer": 13, "name": "Milk - Excluding Butter"}, {"layer": 10, "name": "Feed", "fill": "#dbdb8d"}, {"layer": 5, "name": "Oilcrops", "fill": "#ff9896"}, {"layer": 13, "name": "Eggs"}, {"layer": 5, "name": "Sugar Crops", "fill": "#ffbb78"}, {"layer": 5, "name": "Starchy Roots"}, {"layer": 5, "name": "Pulses"}, {"layer": 13, "name": "Fish, Seafood"}, {"layer": 5, "name": "Fruits - Excluding Wine"}, {"layer": 5, "name": "Cereals - Excluding Beer"}, {"layer": 5, "name": "Vegetables"}, {"layer": 13, "name": "Meat"}, {"layer": 16, "name": "Food", "fill": "#b5cf6b"}, {"layer": 5, "name": "Treenuts"}, {"layer": 5, "name": "Others"}, {"layer": 13, "name": "Alcoholic Beverages"}, {"layer": 13, "name": "Animal Fats"}, {"layer": 13, "name": "Sugar & Sweeteners"}, {"layer": 13, "name": "Vegetable Oils", "fill": "#f7b6d2"}, {"layer": 5, "name": "Spices"}, {"layer": 5, "name": "Stimulants"}, {"layer": 10, "name": "Processing", "fill": "#9edae5"}, {"layer": 16, "name": "Biofuels & Other", "fill": "#e7ba52"}, {"name": "Waste", "fill": "#c7c7c7"}, {"layer": 2, "name": "Import", "fill": "#aec7e8"}, {"layer": 16, "name": "Export", "fill": "#aec7e8"}, {"layer": 16, "name": "Stock Deposit", "fill": "#c7c7c7"}, {"layer": 0, "name": "Stock Draw", "fill": "#c7c7c7"}, {"name": "Crop Residue", "fill": "#bd9e39"}, {"layer": 2, "name": "Electricity", "fill": "#bcbd22"}, {"layer": 0, "name": "Fossil Fuels", "fill": "#c49c94"}, {"layer": 0, "name": "Renewables & Nuclear", "fill": "#2ca02c"}, {"layer": 2, "name": "Fertilizers", "fill": "#c5b0d5"}, {"layer": 0, "name": "Labor", "fill": "#7f7f7f"}], "links": [{"source": 0, "prod": 5011.0, "target": 1, "value": 3.5546395512711673, "supply": [{"l": "Milk - Excluding Butter", "v": 3.5546395512711673}]}, {"source": 2, "prod": 356.0, "target": 1, "value": 1.6441016899780956, "supply": [{"l": "Soyabeans", "v": 0.028300111057000001}, {"l": "Sunflower seed", "v": 0.21022939642342864}, {"l": "Cottonseed", "v": 0.99522057217116677}, {"l": "Rape and Mustardseed", "v": 0.033016796233166675}, {"l": "Oilcrops, Other", "v": 0.37733481409333341}]}, {"source": 3, "prod": 45.0, "target": 1, "value": 0.072672839534959247, "supply": [{"l": "Eggs", "v": 0.072672839534959247}]}, {"source": 4, "prod": 19.0, "target": 1, "value": 0.02208222218, "supply": [{"l": "Sugar beet", "v": 0.02208222218}]}, {"source": 5, "prod": 1293.0, "target": 1, "value": 1.0057810121156179, "supply": [{"l": "Potatoes", "v": 1.0057810121156179}]}, {"source": 6, "prod": 105.0, "target": 1, "value": 0.48863092821010035, "supply": [{"l": "Pulses, Other", "v": 0.27887716390527678}, {"l": "Peas", "v": 0.20975376430482356}]}, {"source": 7, "prod": 53.0, "target": 1, "value": 0.05699983857308473, "supply": [{"l": "Fish, Seafood", "v": 0.027954987751426828}, {"l": "Pelagic Fish", "v": 0.029044850821657898}]}, {"source": 8, "prod": 152.0, "target": 1, "value": 0.075107596329053977, "supply": [{"l": "Apples", "v": 0.075107596329053977}]}, {"source": 9, "prod": 10375.0, "target": 1, "value": 33.076466685550741, "supply": [{"l": "Maize", "v": 2.9438796807118082}, {"l": "Oats", "v": 0.31082155872772882}, {"l": "Rye", "v": 0.091189246739222227}, {"l": "Rice", "v": 0.0041680677160989424}, {"l": "Sorghum", "v": 0.066089916047654074}, {"l": "Cereals, Other", "v": 0.17943659372643869}, {"l": "Wheat", "v": 24.814086806237547}, {"l": "Millet", "v": 0.10419586343713638}, {"l": "Barley", "v": 4.5625989522071082}]}, {"source": 10, "prod": 1370.0, "target": 1, "value": 0.41684346414745665, "supply": [{"l": "Vegetables, Other", "v": 0.39838686997984796}, {"l": "Onions", "v": 0.018456594167608694}]}, {"source": 11, "prod": 7.0, "target": 1, "value": 0.01818679367623597, "supply": [{"l": "Bovine Meat", "v": 0.01818679367623597}]}, {"source": 0, "prod": 10156.0, "target": 12, "value": 7.2043343210357156, "supply": [{"l": "Milk - Excluding Butter", "v": 7.2043343210357156}]}, {"source": 11, "prod": 2565.0, "target": 12, "value": 5.9633520468389989, "supply": [{"l": "Pigmeat", "v": 0.7489306956529278}, {"l": "Meat, Other", "v": 0.10350862537286303}, {"l": "Mutton & Goat Meat", "v": 1.2891842656608756}, {"l": "Poultry Meat", "v": 0.4385093667001147}, {"l": "Offals, Edible", "v": 0.25768869452195015}, {"l": "Bovine Meat", "v": 3.1255303989302674}]}, {"source": 13, "prod": 71.0, "target": 12, "value": 0.23184321750542311, "supply": [{"l": "Treenuts", "v": 0.23184321750542311}]}, {"source": 10, "prod": 10993.0, "target": 12, "value": 3.0726755768011609, "supply": [{"l": "Tomatoes", "v": 0.67128211358419321}, {"l": "Vegetables, Other", "v": 1.859138726572624}, {"l": "Onions", "v": 0.54225473664434343}]}, {"source": 14, "prod": 76.0, "target": 12, "value": 0.25542664338625642, "supply": [{"l": "Nuts", "v": 0.23184321750542311}, {"l": "Infant food", "v": 0.023583425880833338}]}, {"source": 15, "prod": 950.0, "target": 12, "value": 1.0854623513297394, "supply": [{"l": "Beer", "v": 0.38714551925976004}, {"l": "Beverages, Alcoholic", "v": 0.62029223010648993}, {"l": "Wine", "v": 0.07712776745816198}, {"l": "Beverages, Fermented", "v": 0.00089683450532746488}]}, {"source": 16, "prod": 138.0, "target": 12, "value": 0.98655662400463195, "supply": [{"l": "Fats, Animals, Raw", "v": 0.62391872748920929}, {"l": "Butter, Ghee", "v": 0.33591001385047831}, {"l": "Cream", "v": 0.026727882664944445}]}, {"source": 5, "prod": 4116.0, "target": 12, "value": 3.2016973285907842, "supply": [{"l": "Potatoes", "v": 3.2016973285907842}]}, {"source": 6, "prod": 38.0, "target": 12, "value": 0.15856385753995592, "supply": [{"l": "Peas", "v": 0.049941372453529427}, {"l": "Beans", "v": 0.10419586343713638}, {"l": "Pulses, Other", "v": 0.0044266216492901073}]}, {"source": 7, "prod": 202.0, "target": 12, "value": 0.21493002008183157, "supply": [{"l": "Freshwater Fish", "v": 0.026319103283009997}, {"l": "Crustaceans", "v": 0.0010353699167195121}, {"l": "Marine Fish, Other", "v": 0.025155654272888888}, {"l": "Demersal Fish", "v": 0.0053433776121608392}, {"l": "Pelagic Fish", "v": 0.05250415340838159}, {"l": "Fish, Seafood", "v": 0.10353699167195123}, {"l": "Molluscs, Other", "v": 0.0010353699167195121}]}, {"source": 17, "prod": 1055.0, "target": 12, "value": 3.7047331194178823, "supply": [{"l": "Sugar", "v": 3.6294892430602506}, {"l": "Sweeteners, Other", "v": 0.050481279182756758}, {"l": "Honey", "v": 0.024762597174875004}]}, {"source": 9, "prod": 10182.0, "target": 12, "value": 33.901499998473746, "supply": [{"l": "Maize", "v": 1.1887478352762448}, {"l": "Rye", "v": 0.050311308545777776}, {"l": "Barley", "v": 0.64575066376945145}, {"l": "Rice", "v": 1.6797312895878742}, {"l": "Cereals, Other", "v": 0.33517401469655522}, {"l": "Wheat", "v": 29.900924860596547}, {"l": "Oats", "v": 0.077705389681932205}, {"l": "Millet", "v": 0.023154636319363639}]}, {"source": 18, "prod": 677.0, "target": 12, "value": 6.9585920333531046, "supply": [{"l": "Soyabean Oil", "v": 0.18212490825391936}, {"l": "Sunflowerseed Oil", "v": 3.0508218487620251}, {"l": "Olive Oil", "v": 0.010188039980520001}, {"l": "Coconut Oil", "v": 0.028300111057000001}, {"l": "Rape and Mustard Oil", "v": 0.20376079961040003}, {"l": "Oilcrops Oil, Other", "v": 0.30564119941560003}, {"l": "Maize Germ Oil", "v": 0.056600222114000003}, {"l": "Cottonseed Oil", "v": 3.1211549041596398}]}, {"source": 19, "prod": 7.0, "target": 12, "value": 0.0424501665855, "supply": [{"l": "Pimento", "v": 0.024257238048857144}, {"l": "Pepper", "v": 0.0060643095122142861}, {"l": "Spices, Other", "v": 0.012128619024428572}]}, {"source": 20, "prod": 144.0, "target": 12, "value": 0.55058540542689793, "supply": [{"l": "Cocoa Beans", "v": 0.44058804477161057}, {"l": "Coffee", "v": 0.083966598126443068}, {"l": "Tea", "v": 0.026030762528844339}]}, {"source": 3, "prod": 336.0, "target": 12, "value": 0.54262386852769573, "supply": [{"l": "Eggs", "v": 0.54262386852769573}]}, {"source": 8, "prod": 2626.0, "target": 12, "value": 1.4579102214051609, "supply": [{"l": "Citrus, Other", "v": 0.0014823867696523814}, {"l": "Grapefruit", "v": 0.0014823867696523814}, {"l": "Grapes", "v": 0.56761774124735054}, {"l": "Dates", "v": 0.00098825784643492083}, {"l": "Apples", "v": 0.28412413085003974}, {"l": "Lemons, Limes", "v": 0.0049412892321746039}, {"l": "Pineapples", "v": 0.0029647735393047627}, {"l": "Bananas", "v": 0.025667542586581396}, {"l": "Fruits, Other", "v": 0.54262386852769584}, {"l": "Oranges, Mandarines", "v": 0.026017844036274194}]}, {"source": 2, "prod": 40.0, "target": 12, "value": 0.20663573152730161, "supply": [{"l": "Olives", "v": 0.014150055528500001}, {"l": "Sunflower seed", "v": 0.05255734910585716}, {"l": "Coconuts - Incl Copra", "v": 0.0047166851761666672}, {"l": "Sesame seed", "v": 0.10691153065977778}, {"l": "Groundnuts", "v": 0.023583425880833338}, {"l": "Rape and Mustardseed", "v": 0.0047166851761666672}]}, {"source": 2, "prod": 2782.0, "target": 21, "value": 12.93247694088098, "supply": [{"l": "Sunflower seed", "v": 1.136047315288143}, {"l": "Soyabeans", "v": 0.2641343698653334}, {"l": "Cottonseed", "v": 11.055910052934669}, {"l": "Rape and Mustardseed", "v": 0.33960133268400006}, {"l": "Oilcrops, Other", "v": 0.13678387010883336}]}, {"source": 10, "prod": 60.0, "target": 21, "value": 0.018108494089993089, "supply": [{"l": "Vegetables, Other", "v": 0.018108494089993089}]}, {"source": 4, "prod": 394.0, "target": 21, "value": 0.45791555468000006, "supply": [{"l": "Sugar beet", "v": 0.45791555468000006}]}, {"source": 5, "prod": 32.0, "target": 21, "value": 0.024891718783990543, "supply": [{"l": "Potatoes", "v": 0.024891718783990543}]}, {"source": 8, "prod": 130.0, "target": 21, "value": 0.081077966483444647, "supply": [{"l": "Fruits, Other", "v": 0.0021835970564494799}, {"l": "Grapes", "v": 0.07840024050377771}, {"l": "Apples", "v": 0.00049412892321746042}]}, {"source": 9, "prod": 531.0, "target": 21, "value": 1.6784748667602509, "supply": [{"l": "Wheat", "v": 1.352953015761716}, {"l": "Barley", "v": 0.32552185099853498}]}, {"source": 0, "prod": 432.0, "target": 22, "value": 0.30644667454582797, "supply": [{"l": "Milk - Excluding Butter", "v": 0.30644667454582797}]}, {"source": 11, "prod": 128.0, "target": 22, "value": 0.20979953430165213, "supply": [{"l": "Meat, Other", "v": 0.015119237414013699}, {"l": "Bovine Meat", "v": 0.096130195145818664}, {"l": "Poultry Meat", "v": 0.010164124393711267}, {"l": "Offals, Edible", "v": 0.088385977348108505}]}, {"source": 3, "prod": 35.0, "target": 22, "value": 0.056523319638301636, "supply": [{"l": "Eggs", "v": 0.056523319638301636}]}, {"source": 15, "prod": 11.0, "target": 22, "value": 0.0098651795586021124, "supply": [{"l": "Alcohol, Non-Food", "v": 0.0098651795586021124}]}, {"source": 4, "prod": 25.0, "target": 22, "value": 0.029055555500000003, "supply": [{"l": "Sugar beet", "v": 0.029055555500000003}]}, {"source": 16, "prod": 93.0, "target": 22, "value": 0.73528781973778767, "supply": [{"l": "Butter, Ghee", "v": 0.063982859781043483}, {"l": "Fats, Animals, Raw", "v": 0.67130495995674422}]}, {"source": 5, "prod": 172.0, "target": 22, "value": 0.13379298846394916, "supply": [{"l": "Potatoes", "v": 0.13379298846394916}]}, {"source": 17, "prod": 440.0, "target": 22, "value": 1.556506108135, "supply": [{"l": "Sugar", "v": 1.556506108135}]}, {"source": 9, "prod": 603.0, "target": 22, "value": 1.9984014483337169, "supply": [{"l": "Maize", "v": 0.28977786566290731}, {"l": "Rice", "v": 0.0041680677160989424}, {"l": "Wheat", "v": 1.7044555149547107}]}, {"source": 18, "prod": 223.0, "target": 22, "value": 2.2976447444044399, "supply": [{"l": "Coconut Oil", "v": 0.014150055528500001}, {"l": "Oilcrops Oil, Other", "v": 0.21394883959092004}, {"l": "Cottonseed Oil", "v": 1.415888151886989}, {"l": "Rape and Mustard Oil", "v": 0.038811580878171437}, {"l": "Palm Oil", "v": 0.25470099951300001}, {"l": "Palmkernel Oil", "v": 0.050940199902600007}, {"l": "Sunflowerseed Oil", "v": 0.30920491710425929}]}, {"source": 10, "prod": 87.0, "target": 22, "value": 0.02625731643048998, "supply": [{"l": "Vegetables, Other", "v": 0.02625731643048998}]}, {"source": 2, "prod": 163.0, "target": 2, "value": 0.75466962818666672, "supply": [{"l": "Sunflower seed", "v": 0.084900333171000014}, {"l": "Soyabeans", "v": 0.014150055528500001}, {"l": "Cottonseed", "v": 0.55656885078766671}, {"l": "Rape and Mustardseed", "v": 0.05188353693783334}, {"l": "Oilcrops, Other", "v": 0.047166851761666677}]}, {"source": 10, "prod": 20.0, "target": 10, "value": 0.0060361646966643635, "supply": [{"l": "Vegetables, Other", "v": 0.0060361646966643635}]}, {"source": 5, "prod": 705.0, "target": 5, "value": 0.54839567945979173, "supply": [{"l": "Potatoes", "v": 0.54839567945979173}]}, {"source": 6, "prod": 16.0, "target": 6, "value": 0.079338680329584244, "supply": [{"l": "Peas", "v": 0.07491205868029413}, {"l": "Pulses, Other", "v": 0.0044266216492901073}]}, {"source": 9, "prod": 3471.0, "target": 9, "value": 11.311981914431279, "supply": [{"l": "Maize", "v": 0.10537376933196629}, {"l": "Wheat", "v": 10.236681273667688}, {"l": "Oats", "v": 0.045328143981127125}, {"l": "Rye", "v": 0.056600222114000003}, {"l": "Millet", "v": 0.007718212106454546}, {"l": "Barley", "v": 0.75425794743562991}, {"l": "Rice", "v": 0.095865557470275697}, {"l": "Cereals, Other", "v": 0.010156788324138038}]}, {"source": 3, "prod": 7.0, "target": 3, "value": 0.011304663927660328, "supply": [{"l": "Eggs", "v": 0.011304663927660328}]}, {"source": 0, "prod": 55.0, "target": 23, "value": 0.039015201620417918, "supply": [{"l": "Milk - Excluding Butter", "v": 0.039015201620417918}]}, {"source": 11, "prod": 39.0, "target": 23, "value": 0.092893576375467149, "supply": [{"l": "Pigmeat", "v": 0.0023404084239153993}, {"l": "Mutton & Goat Meat", "v": 0.023228545327222981}, {"l": "Bovine Meat", "v": 0.057158494411027327}, {"l": "Poultry Meat", "v": 0.0014520177705301812}, {"l": "Offals, Edible", "v": 0.0087141104427712612}]}, {"source": 10, "prod": 515.0, "target": 23, "value": 0.1506388634314986, "supply": [{"l": "Tomatoes", "v": 0.017759841887334479}, {"l": "Vegetables, Other", "v": 0.10925458100962498}, {"l": "Onions", "v": 0.023624440534539132}]}, {"source": 4, "prod": 4.0, "target": 23, "value": 0.0046488888800000003, "supply": [{"l": "Sugar beet", "v": 0.0046488888800000003}]}, {"source": 5, "prod": 436.0, "target": 23, "value": 0.33914966843187117, "supply": [{"l": "Potatoes", "v": 0.33914966843187117}]}, {"source": 6, "prod": 2.0, "target": 23, "value": 0.0094207588946430484, "supply": [{"l": "Peas", "v": 0.004994137245352942}, {"l": "Pulses, Other", "v": 0.0044266216492901073}]}, {"source": 17, "prod": 1.0, "target": 23, "value": 0.0035375138821250002, "supply": [{"l": "Sugar", "v": 0.0035375138821250002}]}, {"source": 9, "prod": 1490.0, "target": 23, "value": 4.8151110986893704, "supply": [{"l": "Maize", "v": 0.13830307224820576}, {"l": "Oats", "v": 0.019426347420483051}, {"l": "Rye", "v": 0.031444567841111118}, {"l": "Barley", "v": 0.55841553301374691}, {"l": "Rice", "v": 0.13337816691516616}, {"l": "Cereals, Other", "v": 0.010156788324138038}, {"l": "Wheat", "v": 3.9162684108200647}, {"l": "Millet", "v": 0.007718212106454546}]}, {"source": 3, "prod": 22.0, "target": 23, "value": 0.035528943772646746, "supply": [{"l": "Eggs", "v": 0.035528943772646746}]}, {"source": 8, "prod": 191.0, "target": 23, "value": 0.11165729693999811, "supply": [{"l": "Fruits, Other", "v": 0.037667049223753531}, {"l": "Apples", "v": 0.0093884495411317472}, {"l": "Grapes", "v": 0.064601798175112829}]}, {"source": 2, "prod": 32.0, "target": 23, "value": 0.14419580395709528, "supply": [{"l": "Cottonseed", "v": 0.075466962818666675}, {"l": "Sunflower seed", "v": 0.040428730081428582}, {"l": "Soyabeans", "v": 0.0047166851761666672}, {"l": "Rape and Mustardseed", "v": 0.0047166851761666672}, {"l": "Oilcrops, Other", "v": 0.018866740704666669}]}, {"source": 24, "prod": 31.0, "target": 14, "value": 0.10993504679834615, "supply": [{"l": "Nuts", "v": 0.081634935741346143}, {"l": "Infant food", "v": 0.028300111057000001}]}, {"source": 24, "prod": 1085.0, "target": 1, "value": 1.1583258514519739, "supply": [{"l": "Freshwater Fish", "v": 0.0033960133268400002}, {"l": "Pigmeat", "v": 0.16850940652190874}, {"l": "Meat, Other", "v": 0.003489054787849315}, {"l": "Crustaceans", "v": 0.0010353699167195121}, {"l": "Eggs", "v": 0.041988751731309788}, {"l": "Marine Fish, Other", "v": 0.028300111057000001}, {"l": "Demersal Fish", "v": 0.0044528146768006991}, {"l": "Milk - Excluding Butter", "v": 0.39582695462169454}, {"l": "Pelagic Fish", "v": 0.10500830681676318}, {"l": "Fish, Seafood", "v": 0.12735049975650001}, {"l": "Molluscs, Other", "v": 0.0010353699167195121}, {"l": "Poultry Meat", "v": 0.23522687882588936}, {"l": "Offals, Edible", "v": 0.0037346187611876835}, {"l": "Bovine Meat", "v": 0.038971700734791358}]}, {"source": 24, "prod": 3499.0, "target": 9, "value": 11.57942960635325, "supply": [{"l": "Maize", "v": 0.22721219012205235}, {"l": "Rye", "v": 0.015722283920555559}, {"l": "Barley", "v": 0.3784522332747195}, {"l": "Rice", "v": 0.40430256846159751}, {"l": "Cereals, Other", "v": 0.12188145988965644}, {"l": "Wheat", "v": 10.412432523264185}, {"l": "Oats", "v": 0.019426347420483051}]}, {"source": 24, "prod": 13.0, "target": 6, "value": 0.064356268593525404, "supply": [{"l": "Peas", "v": 0.059929646944235297}, {"l": "Pulses, Other", "v": 0.0044266216492901073}]}, {"source": 24, "prod": 1986.0, "target": 21, "value": 9.3839030430838513, "supply": [{"l": "Sugar", "v": 4.7261185465190003}, {"l": "Beer", "v": 0.074146290969340015}, {"l": "Beverages, Alcoholic", "v": 0.058910435261510213}, {"l": "Fats, Animals, Raw", "v": 0.56073708419916279}, {"l": "Soyabean Oil", "v": 0.086269693383435472}, {"l": "Butter, Ghee", "v": 0.12796571956208697}, {"l": "Palm Oil", "v": 0.26488903949352005}, {"l": "Sunflowerseed Oil", "v": 2.2881163865715188}, {"l": "Olive Oil", "v": 0.010188039980520001}, {"l": "Coconut Oil", "v": 0.0424501665855}, {"l": "Rape and Mustard Oil", "v": 0.0097028952195428592}, {"l": "Oilcrops Oil, Other", "v": 0.43808571916236005}, {"l": "Wine", "v": 0.013452517579911973}, {"l": "Sweeteners, Other", "v": 0.08260572957178379}, {"l": "Cottonseed Oil", "v": 0.54775235073000306}, {"l": "Palmkernel Oil", "v": 0.050940199902600007}, {"l": "Cream", "v": 0.0015722283920555555}]}, {"source": 24, "prod": 25.0, "target": 13, "value": 0.081634935741346143, "supply": [{"l": "Treenuts", "v": 0.081634935741346143}]}, {"source": 24, "prod": 191.0, "target": 10, "value": 0.049952982552005462, "supply": [{"l": "Tomatoes", "v": 0.018558037028338276}, {"l": "Vegetables, Other", "v": 0.021428384673158489}, {"l": "Onions", "v": 0.0099665608505086958}]}, {"source": 24, "prod": 149.0, "target": 20, "value": 0.58496919725953256, "supply": [{"l": "Cocoa Beans", "v": 0.47097342716965263}, {"l": "Coffee", "v": 0.087965007561035591}, {"l": "Tea", "v": 0.026030762528844339}]}, {"source": 24, "prod": 527.0, "target": 8, "value": 0.25422306515669774, "supply": [{"l": "Citrus, Other", "v": 0.00049412892321746042}, {"l": "Grapefruit", "v": 0.00098825784643492083}, {"l": "Grapes", "v": 0.0043904134682115513}, {"l": "Dates", "v": 0.00098825784643492083}, {"l": "Apples", "v": 0.14329738773306352}, {"l": "Lemons, Limes", "v": 0.0039530313857396833}, {"l": "Pineapples", "v": 0.0034589024625222226}, {"l": "Bananas", "v": 0.025667542586581396}, {"l": "Fruits, Other", "v": 0.045309638921326716}, {"l": "Oranges, Mandarines", "v": 0.025675503983165326}]}, {"source": 24, "prod": 94.0, "target": 2, "value": 0.39148486962183343, "supply": [{"l": "Olives", "v": 0.014150055528500001}, {"l": "Sunflower seed", "v": 0.31130122162700002}, {"l": "Coconuts - Incl Copra", "v": 0.0047166851761666672}, {"l": "Groundnuts", "v": 0.0094333703523333343}, {"l": "Oilcrops, Other", "v": 0.0047166851761666672}, {"l": "Soyabeans", "v": 0.042450166585500007}, {"l": "Rape and Mustardseed", "v": 0.0047166851761666672}]}, {"source": 24, "prod": 2.0, "target": 19, "value": 0.012128619024428572, "supply": [{"l": "Pepper", "v": 0.0060643095122142861}, {"l": "Spices, Other", "v": 0.0060643095122142861}]}, {"source": 24, "prod": 195.0, "target": 5, "value": 0.15168391133994238, "supply": [{"l": "Potatoes", "v": 0.15168391133994238}]}, {"source": 0, "prod": 79.0, "target": 25, "value": 0.056040016872963914, "supply": [{"l": "Milk - Excluding Butter", "v": 0.056040016872963914}]}, {"source": 7, "prod": 118.0, "target": 25, "value": 0.11825470439884601, "supply": [{"l": "Marine Fish, Other", "v": 0.003144456784111111}, {"l": "Freshwater Fish", "v": 0.030564119941560001}, {"l": "Fish, Seafood", "v": 0.061086825086451219}, {"l": "Pelagic Fish", "v": 0.023459302586723688}]}, {"source": 2, "prod": 135.0, "target": 25, "value": 0.63562947850246043, "supply": [{"l": "Sunflower seed", "v": 0.016171492032571431}, {"l": "Sesame seed", "v": 0.006288913568222222}, {"l": "Cottonseed", "v": 0.22168420327983338}, {"l": "Oilcrops, Other", "v": 0.12735049975650004}, {"l": "Soyabeans", "v": 0.018866740704666669}, {"l": "Groundnuts", "v": 0.047166851761666677}, {"l": "Rape and Mustardseed", "v": 0.19810077739900003}]}, {"source": 13, "prod": 9.0, "target": 25, "value": 0.029388576866884616, "supply": [{"l": "Treenuts", "v": 0.029388576866884616}]}, {"source": 10, "prod": 614.0, "target": 25, "value": 0.18232468982612421, "supply": [{"l": "Tomatoes", "v": 0.024744049371117703}, {"l": "Vegetables, Other", "v": 0.10442564925229349}, {"l": "Onions", "v": 0.053154991202713039}]}, {"source": 15, "prod": 18.0, "target": 25, "value": 0.019625830106832727, "supply": [{"l": "Alcohol, Non-Food", "v": 0.0062778415372922551}, {"l": "Beer", "v": 0.0028300111056999999}, {"l": "Beverages, Alcoholic", "v": 0.0069306394425306126}, {"l": "Wine", "v": 0.0035873380213098595}]}, {"source": 4, "prod": 3.0, "target": 25, "value": 0.0034866666600000002, "supply": [{"l": "Sugar beet", "v": 0.0034866666600000002}]}, {"source": 16, "prod": 10.0, "target": 25, "value": 0.078977054112558148, "supply": [{"l": "Fats, Animals, Raw", "v": 0.078977054112558148}]}, {"source": 5, "prod": 2.0, "target": 25, "value": 0.0015557324239994089, "supply": [{"l": "Potatoes", "v": 0.0015557324239994089}]}, {"source": 6, "prod": 59.0, "target": 25, "value": 0.23847005346560296, "supply": [{"l": "Peas", "v": 0.004994137245352942}, {"l": "Beans", "v": 0.1582233481823182}, {"l": "Pulses, Other", "v": 0.07525256803793183}]}, {"source": 17, "prod": 29.0, "target": 25, "value": 0.072758055791814186, "supply": [{"l": "Sugar", "v": 0.017687569410625003}, {"l": "Sweeteners, Other", "v": 0.055070486381189186}]}, {"source": 14, "prod": 10.0, "target": 25, "value": 0.032653974296538463, "supply": [{"l": "Nuts", "v": 0.032653974296538463}]}, {"source": 9, "prod": 6572.0, "target": 25, "value": 21.563632451256758, "supply": [{"l": "Maize", "v": 0.016464651458119733}, {"l": "Barley", "v": 0.93951428540227566}, {"l": "Rice", "v": 0.037512609444890481}, {"l": "Cereals, Other", "v": 0.0033855961080460129}, {"l": "Wheat", "v": 20.562896202790199}, {"l": "Millet", "v": 0.003859106053227273}]}, {"source": 18, "prod": 59.0, "target": 25, "value": 0.60823935482054647, "supply": [{"l": "Palm Oil", "v": 0.010188039980520001}, {"l": "Sunflowerseed Oil", "v": 0.16490928912227162}, {"l": "Rape and Mustard Oil", "v": 0.0097028952195428592}, {"l": "Oilcrops Oil, Other", "v": 0.020376079961040003}, {"l": "Cottonseed Oil", "v": 0.40306305053717201}]}, {"source": 19, "prod": 1.0, "target": 25, "value": 0.0060643095122142861, "supply": [{"l": "Pimento", "v": 0.0060643095122142861}]}, {"source": 20, "prod": 6.0, "target": 25, "value": 0.034784265102309163, "supply": [{"l": "Coffee", "v": 0.0039984094345925265}, {"l": "Cocoa Beans", "v": 0.030385382398042105}, {"l": "Tea", "v": 0.00040047326967452835}]}, {"source": 8, "prod": 580.0, "target": 25, "value": 0.32600333900445522, "supply": [{"l": "Grapes", "v": 0.12983079827425587}, {"l": "Apples", "v": 0.067201533557574619}, {"l": "Fruits, Other", "v": 0.12828632706640697}, {"l": "Oranges, Mandarines", "v": 0.00068468010621774197}]}, {"source": 15, "prod": 5.0, "target": 26, "value": 0.0044841725266373247, "supply": [{"l": "Wine", "v": 0.0044841725266373247}]}, {"source": 4, "prod": 25.0, "target": 26, "value": 0.029055555500000003, "supply": [{"l": "Sugar beet", "v": 0.029055555500000003}]}, {"source": 27, "prod": 178.0, "target": 2, "value": 0.83956996135766671, "supply": [{"l": "Cottonseed", "v": 0.7405195726581667}, {"l": "Rape and Mustardseed", "v": 0.099050388699500017}]}, {"source": 11, "prod": 25.0, "target": 26, "value": 0.064952834557985589, "supply": [{"l": "Bovine Meat", "v": 0.064952834557985589}]}, {"source": 6, "prod": 24.0, "target": 26, "value": 0.11418413792784225, "supply": [{"l": "Beans", "v": 0.019295530266136365}, {"l": "Peas", "v": 0.094888607661705884}]}, {"source": 14, "prod": 1.0, "target": 26, "value": 0.0032653974296538461, "supply": [{"l": "Nuts", "v": 0.0032653974296538461}]}, {"source": 9, "prod": 3810.0, "target": 26, "value": 12.441282281538822, "supply": [{"l": "Oats", "v": 0.02158483046720339}, {"l": "Rye", "v": 0.062889135682222236}, {"l": "Barley", "v": 1.0189098588165526}, {"l": "Rice", "v": 0.37929416216500378}, {"l": "Cereals, Other", "v": 0.060940729944828222}, {"l": "Wheat", "v": 10.889945352356557}, {"l": "Millet", "v": 0.007718212106454546}]}, {"source": 13, "prod": 1.0, "target": 26, "value": 0.0032653974296538461, "supply": [{"l": "Treenuts", "v": 0.0032653974296538461}]}, {"source": 27, "prod": 1.0, "target": 8, "value": 0.00054589926411236997, "supply": [{"l": "Fruits, Other", "v": 0.00054589926411236997}]}, {"source": 27, "prod": 16.0, "target": 1, "value": 0.022489633860142133, "supply": [{"l": "Milk - Excluding Butter", "v": 0.00070936730218941675}, {"l": "Poultry Meat", "v": 0.021780266557952715}]}, {"source": 18, "prod": 23.0, "target": 26, "value": 0.23403742636026986, "supply": [{"l": "Rape and Mustard Oil", "v": 0.048514476097714289}, {"l": "Sunflowerseed Oil", "v": 0.18552295026255558}]}, {"source": 2, "prod": 190.0, "target": 26, "value": 0.8038579164524049, "supply": [{"l": "Sunflower seed", "v": 0.55387360211557146}, {"l": "Soyabeans", "v": 0.1603672959896667}, {"l": "Oilcrops, Other", "v": 0.089617018347166677}]}, {"source": 8, "prod": 13.0, "target": 26, "value": 0.0068228950042652685, "supply": [{"l": "Grapes", "v": 0.0018816057720906648}, {"l": "Apples", "v": 0.0049412892321746039}]}, {"source": 27, "prod": 93.0, "target": 21, "value": 0.31904550877435472, "supply": [{"l": "Sugar", "v": 0.30068867998062498}, {"l": "Sweeteners, Other", "v": 0.01835682879372973}]}, {"source": 5, "prod": 50.0, "target": 26, "value": 0.038893310599985222, "supply": [{"l": "Potatoes", "v": 0.038893310599985222}]}, {"source": 27, "prod": 4.0, "target": 9, "value": 0.013171721166495787, "supply": [{"l": "Maize", "v": 0.013171721166495787}]}, {"source": 1, "prod": 15733.0, "target": 0, "value": 11.160475765346092, "supply": [{"l": "Milk - Excluding Butter", "v": 11.160475765346092}]}, {"source": 1, "prod": 438.0, "target": 3, "value": 0.70734897147360332, "supply": [{"l": "Eggs", "v": 0.71865363540126359}]}, {"source": 1, "prod": 2764.0, "target": 11, "value": 6.3491847857503396, "supply": [{"l": "Pigmeat", "v": 0.75127110407684317}, {"l": "Bovine Meat", "v": 3.3619587167213352}, {"l": "Poultry Meat", "v": 0.45012550886435615}, {"l": "Offals, Edible", "v": 0.3547887823128299}, {"l": "Meat, Other", "v": 0.11862786278687673}, {"l": "Mutton & Goat Meat", "v": 1.3124128109880986}]}, {"source": 1, "prod": 373.0, "target": 7, "value": 0.39018456305376231, "supply": [{"l": "Pelagic Fish", "v": 0.10500830681676318}, {"l": "Crustaceans", "v": 0.0010353699167195121}, {"l": "Freshwater Fish", "v": 0.056883223224569998}, {"l": "Molluscs, Other", "v": 0.0010353699167195121}, {"l": "Demersal Fish", "v": 0.0053433776121608392}, {"l": "Fish, Seafood", "v": 0.19257880450982928}, {"l": "Marine Fish, Other", "v": 0.028300111056999998}]}, {"source": 21, "prod": 1525.0, "target": 17, "value": 5.3375347972268212, "supply": [{"l": "Honey", "v": 0.024762597174875004}, {"l": "Sweeteners, Other", "v": 0.10555176556394594}, {"l": "Sugar", "v": 5.2072204344880006}]}, {"source": 21, "prod": 982.0, "target": 18, "value": 10.098513558938361, "supply": [{"l": "Olive Oil", "v": 0.010188039980520001}, {"l": "Soyabean Oil", "v": 0.18212490825391936}, {"l": "Coconut Oil", "v": 0.0424501665855}, {"l": "Rape and Mustard Oil", "v": 0.30078975180582862}, {"l": "Maize Germ Oil", "v": 0.056600222114000003}, {"l": "Cottonseed Oil", "v": 4.9401061065838014}, {"l": "Palmkernel Oil", "v": 0.050940199902600007}, {"l": "Oilcrops Oil, Other", "v": 0.53996611896755997}, {"l": "Palm Oil", "v": 0.26488903949352}, {"l": "Sunflowerseed Oil", "v": 3.7104590052511117}]}, {"source": 21, "prod": 241.0, "target": 16, "value": 1.8008214978549777, "supply": [{"l": "Fats, Animals, Raw", "v": 1.3742007415585116}, {"l": "Butter, Ghee", "v": 0.39989287363152182}, {"l": "Cream", "v": 0.026727882664944445}]}, {"source": 21, "prod": 984.0, "target": 15, "value": 1.1194375335218119, "supply": [{"l": "Beer", "v": 0.38997553036546007}, {"l": "Beverages, Alcoholic", "v": 0.62722286954902051}, {"l": "Alcohol, Non-Food", "v": 0.016143021095894369}, {"l": "Beverages, Fermented", "v": 0.00089683450532746488}, {"l": "Wine", "v": 0.085199278006109172}]}, {"source": 2, "prod": 3560.0, "target": 28, "value": 12.194035532240003, "supply": [{"l": "Olives", "v": 0.0052299999900000003}, {"l": "Sunflower seed", "v": 1.6718566634699998}, {"l": "Coconuts - Incl Copra", "v": 0.0017433333300000001}, {"l": "Sesame seed", "v": 0.061016666550000001}, {"l": "Soyabeans", "v": 0.34517999934000004}, {"l": "Groundnuts", "v": 0.041839999920000003}, {"l": "Oilcrops, Other", "v": 0.58750333221000017}, {"l": "Cottonseed", "v": 9.2693033156100011}, {"l": "Rape and Mustardseed", "v": 0.42885999918000006}]}, {"source": 10, "prod": 13561.5, "target": 28, "value": 44.446329321709165, "supply": [{"l": "Tomatoes", "v": 12.309676643130002}, {"l": "Vegetables, Other", "v": 29.000349944550006}, {"l": "Onions", "v": 5.9744033219100006}]}, {"source": 4, "prod": 187.80000000000001, "target": 28, "value": 0.21826533291600003, "supply": [{"l": "Sugar beet", "v": 0.21826533291600003}]}, {"source": 5, "prod": 3354.25, "target": 28, "value": 11.695151644305003, "supply": [{"l": "Potatoes", "v": 11.695151644305003}]}, {"source": 6, "prod": 238.0, "target": 28, "value": 0.83429675054153851, "supply": [{"l": "Peas", "v": 0.28764999945000003}, {"l": "Beans", "v": 0.25278333284999999}, {"l": "Pulses, Other", "v": 2.5925112492967672}]}, {"source": 9, "prod": 70566.0, "target": 28, "value": 242.66378210370263, "supply": [{"l": "Maize", "v": 9.6580666482000002}, {"l": "Rye", "v": 0.63457333212}, {"l": "Barley", "v": 22.701686623260002}, {"l": "Rice", "v": 3.5703466598400007}, {"l": "Cereals, Other", "v": 1.10875999788}, {"l": "Wheat", "v": 206.4455329386}, {"l": "Oats", "v": 1.50275333046}, {"l": "Sorghum", "v": 0.13946666640000002}, {"l": "Millet", "v": 0.27893333280000004}]}, {"source": 29, "prod": 0, "target": 2, "value": 0.074713602356450318, "supply": "[{\"l\":'Energy for power irrigation',\"v\":0.074713602356450318}]"}, {"source": 29, "prod": 0, "target": 13, "value": 0.0014585942033071059, "supply": "[{\"l\":'Energy for power irrigation',\"v\":0.0014585942033071059}]"}, {"source": 29, "prod": 0, "target": 10, "value": 0.28461475234747213, "supply": "[{\"l\":'Energy for power irrigation',\"v\":0.28461475234747213}]"}, {"source": 29, "prod": 0, "target": 4, "value": 0.0098533809849307361, "supply": "[{\"l\":'Energy for power irrigation',\"v\":0.0098533809849307361}]"}, {"source": 29, "prod": 0, "target": 5, "value": 0.14079106781130532, "supply": "[{\"l\":'Energy for power irrigation',\"v\":0.14079106781130532}]"}, {"source": 29, "prod": 0, "target": 6, "value": 0.0049948981350660601, "supply": "[{\"l\":'Energy for power irrigation',\"v\":0.0049948981350660601}]"}, {"source": 29, "prod": 0, "target": 14, "value": 0.0015110616206922534, "supply": "[{\"l\":'Energy for power irrigation',\"v\":0.0015110616206922534}]"}, {"source": 29, "prod": 0, "target": 9, "value": 0.74048315504006645, "supply": "[{\"l\":'Energy for power irrigation',\"v\":0.74048315504006645}]"}, {"source": 29, "prod": 0, "target": 19, "value": 0.00015740225215544307, "supply": "[{\"l\":'Energy for power irrigation',\"v\":0.00015740225215544307}]"}, {"source": 29, "prod": 0, "target": 8, "value": 0.076833286018810273, "supply": "[{\"l\":'Energy for power irrigation',\"v\":0.076833286018810273}]"}, {"source": 29, "prod": 0, "target": 21, "value": 22.465000017971999, "supply": "[{\"l\":'Electricity',\"v\":22.465000017971999}]"}, {"source": 30, "prod": 0, "target": 29, "value": 37.147578530429698, "supply": [{"l": "Coal", "v": 24.880901203804324}, {"l": "Natural gas", "v": 9.6240966001070092}, {"l": "Oil", "v": 2.642580726518363}]}, {"source": 31, "prod": 0, "target": 29, "value": 7.865160609645006, "supply": [{"l": "Nuclear", "v": 3.2233349921341126}, {"l": "Hydroelectric", "v": 3.8659404234665016}, {"l": "Renewable", "v": 0.77588519404439127}]}, {"source": 30, "prod": 0, "target": 2, "value": 0.97337228068824677, "supply": [{"l": "Motor Gasoline", "v": 0.024068129493510608}, {"l": "Gas-Diesel oil", "v": 0.6848356897740735}, {"l": "Natural gas (including LNG)", "v": 0.092531518807363253}, {"l": "Fuel oil", "v": 0.012542437040152577}, {"l": "Coal", "v": 0.15939450557314694}]}, {"source": 30, "prod": 0, "target": 13, "value": 0.0190026330078183, "supply": [{"l": "Motor Gasoline", "v": 0.00046986938196600763}, {"l": "Gas-Diesel oil", "v": 0.01336968551665677}, {"l": "Natural gas (including LNG)", "v": 0.0018064439767167826}, {"l": "Fuel oil", "v": 0.00024485937480073146}, {"l": "Coal", "v": 0.0031117747576780088}]}, {"source": 30, "prod": 0, "target": 10, "value": 3.707974209144286, "supply": [{"l": "Motor Gasoline", "v": 0.091685375878158448}, {"l": "Gas-Diesel oil", "v": 2.6088200019300833}, {"l": "Natural gas (including LNG)", "v": 0.35249050345675748}, {"l": "Fuel oil", "v": 0.047779286494390213}, {"l": "Coal", "v": 0.60719904138489655}]}, {"source": 30, "prod": 0, "target": 4, "value": 0.12837030499526175, "supply": [{"l": "Motor Gasoline", "v": 0.0031741535947200084}, {"l": "Gas-Diesel oil", "v": 0.090317515828350417}, {"l": "Natural gas (including LNG)", "v": 0.012203243842712654}, {"l": "Fuel oil", "v": 0.0016541219635819199}, {"l": "Coal", "v": 0.021021269765896765}]}, {"source": 30, "prod": 0, "target": 5, "value": 1.8342325688194112, "supply": [{"l": "Motor Gasoline", "v": 0.045354226603150541}, {"l": "Gas-Diesel oil", "v": 1.2905112991149921}, {"l": "Natural gas (including LNG)", "v": 0.17436732975258326}, {"l": "Fuel oil", "v": 0.023635095192096507}, {"l": "Coal", "v": 0.30036461815658883}]}, {"source": 30, "prod": 0, "target": 6, "value": 0.065073764832528858, "supply": [{"l": "Motor Gasoline", "v": 0.0016090491065886303}, {"l": "Gas-Diesel oil", "v": 0.045783959035457712}, {"l": "Natural gas (including LNG)", "v": 0.0061860959202675427}, {"l": "Fuel oil", "v": 0.00083851124032480705}, {"l": "Coal", "v": 0.01065614952989016}]}, {"source": 30, "prod": 0, "target": 14, "value": 0.019686180957739819, "supply": [{"l": "Motor Gasoline", "v": 0.00048677115829572011}, {"l": "Gas-Diesel oil", "v": 0.013850609456104855}, {"l": "Natural gas (including LNG)", "v": 0.0018714239758792566}, {"l": "Fuel oil", "v": 0.0002536672659806139}, {"l": "Coal", "v": 0.0032237091014793756}]}, {"source": 30, "prod": 0, "target": 9, "value": 9.6470489268324187, "supply": [{"l": "Motor Gasoline", "v": 0.23853814969649853}, {"l": "Gas-Diesel oil", "v": 6.7873757422187175}, {"l": "Natural gas (including LNG)", "v": 0.91707572417983085}, {"l": "Fuel oil", "v": 0.12430752979991667}, {"l": "Coal", "v": 1.5797517809374559}]}, {"source": 30, "prod": 0, "target": 19, "value": 0.0020506438497645647, "supply": [{"l": "Motor Gasoline", "v": 5.070532898913751e-05}, {"l": "Gas-Diesel oil", "v": 0.0014427718183442557}, {"l": "Natural gas (including LNG)", "v": 0.00019493999748742256}, {"l": "Fuel oil", "v": 2.6423673539647281e-05}, {"l": "Coal", "v": 0.00033580303140410167}]}, {"source": 30, "prod": 0, "target": 8, "value": 1.0009876178650763, "supply": [{"l": "Motor Gasoline", "v": 0.024750961257230992}, {"l": "Gas-Diesel oil", "v": 0.7042650169277761}, {"l": "Natural gas (including LNG)", "v": 0.095156710773527206}, {"l": "Fuel oil", "v": 0.012898275843819825}, {"l": "Coal", "v": 0.16391665306272216}]}, {"source": 30, "prod": 0, "target": 1, "value": 0.012147500009717999, "supply": [{"l": "Gas-diesel oils used in fisheries", "v": 0.012147500009717999}]}, {"source": 32, "prod": 53.874746764408094, "target": 2, "value": 0.7852093366056121, "supply": [{"l": "Potash", "v": 0.098732797301208458}, {"l": "Phosphate", "v": 0.90161437572129155}, {"l": "Nitrogen", "v": 13.050819510440652}]}, {"source": 32, "prod": 1.0517682303725737, "target": 13, "value": 0.015329227217441023, "supply": [{"l": "Potash", "v": 0.098732797301208458}, {"l": "Phosphate", "v": 0.90161437572129155}, {"l": "Nitrogen", "v": 13.050819510440652}]}, {"source": 32, "prod": 205.23100512514617, "target": 10, "value": 2.9911843871845525, "supply": [{"l": "Potash", "v": 0.098732797301208458}, {"l": "Phosphate", "v": 0.90161437572129155}, {"l": "Nitrogen", "v": 13.050819510440652}]}, {"source": 32, "prod": 7.1051105634521354, "target": 4, "value": 0.10355499537537496, "supply": [{"l": "Potash", "v": 0.098732797301208458}, {"l": "Phosphate", "v": 0.90161437572129155}, {"l": "Nitrogen", "v": 13.050819510440652}]}, {"source": 32, "prod": 101.5221176036606, "target": 5, "value": 1.4796564142187496, "supply": [{"l": "Potash", "v": 0.098732797301208458}, {"l": "Phosphate", "v": 0.90161437572129155}, {"l": "Nitrogen", "v": 13.050819510440652}]}, {"source": 32, "prod": 3.6017386881823388, "target": 6, "value": 0.052494332053970694, "supply": [{"l": "Potash", "v": 0.098732797301208458}, {"l": "Phosphate", "v": 0.90161437572129155}, {"l": "Nitrogen", "v": 13.050819510440652}]}, {"source": 32, "prod": 1.089601619954321, "target": 14, "value": 0.015880638268428109, "supply": [{"l": "Potash", "v": 0.098732797301208458}, {"l": "Phosphate", "v": 0.90161437572129155}, {"l": "Nitrogen", "v": 13.050819510440652}]}, {"source": 32, "prod": 533.95019384511545, "target": 9, "value": 7.7821744447909582, "supply": [{"l": "Potash", "v": 0.098732797301208458}, {"l": "Phosphate", "v": 0.90161437572129155}, {"l": "Nitrogen", "v": 13.050819510440652}]}, {"source": 32, "prod": 0.11350016874524177, "target": 19, "value": 0.0016542331529612612, "supply": [{"l": "Potash", "v": 0.098732797301208458}, {"l": "Phosphate", "v": 0.90161437572129155}, {"l": "Nitrogen", "v": 13.050819510440652}]}, {"source": 32, "prod": 55.403215703510682, "target": 8, "value": 0.80748634306549039, "supply": [{"l": "Potash", "v": 0.098732797301208458}, {"l": "Phosphate", "v": 0.90161437572129155}, {"l": "Nitrogen", "v": 13.050819510440652}]}, {"source": 30, "prod": 0, "target": 32, "value": 16.617416923307228, "supply": [{"l": "Natural gas (including LNG)", "v": 11.331607008945115}, {"l": "Fuel oil", "v": 2.9788010654783719}, {"l": "Liquefied petroleum gas (LPG)", "v": 1.1535044244418711}, {"l": "Coal", "v": 1.1535044244418711}]}, {"source": 33, "prod": 0, "target": 5, "value": 0.46589490812555295, "supply": "[{\"l\":'Labor',\"v\":0.46589490812555295}]"}, {"source": 33, "prod": 0, "target": 2, "value": 0.24723647207676358, "supply": "[{\"l\":'Labor',\"v\":0.24723647207676358}]"}, {"source": 33, "prod": 0, "target": 13, "value": 0.0048266670812738962, "supply": "[{\"l\":'Labor',\"v\":0.0048266670812738962}]"}, {"source": 33, "prod": 0, "target": 14, "value": 0.0050002881993053304, "supply": "[{\"l\":'Labor',\"v\":0.0050002881993053304}]"}, {"source": 33, "prod": 0, "target": 4, "value": 0.03260604596630351, "supply": "[{\"l\":'Labor',\"v\":0.03260604596630351}]"}, {"source": 33, "prod": 0, "target": 6, "value": 0.016528730436592622, "supply": "[{\"l\":'Labor',\"v\":0.016528730436592622}]"}, {"source": 33, "prod": 0, "target": 9, "value": 2.4503495630012497, "supply": "[{\"l\":'Labor',\"v\":2.4503495630012497}]"}, {"source": 33, "prod": 0, "target": 8, "value": 0.25425076524523355, "supply": "[{\"l\":'Labor',\"v\":0.25425076524523355}]"}, {"source": 33, "prod": 0, "target": 19, "value": 0.0005208633540943053, "supply": "[{\"l\":'Labor',\"v\":0.0005208633540943053}]"}, {"source": 33, "prod": 0, "target": 20, "value": 0.0052086335409430532, "supply": "[{\"l\":'Labor',\"v\":0.0052086335409430532}]"}, {"source": 33, "prod": 0, "target": 10, "value": 0.94182511687332282, "supply": "[{\"l\":'Labor',\"v\":0.94182511687332282}]"}, {"source": 30, "prod": 0, "target": 24, "value": 8.255755306877921, "supply": "[{\"l\":'Fossil Fuels',\"v\":8.255755306877921}]"}, {"source": 31, "prod": 0, "target": 24, "value": 1.9570521715866378, "supply": "[{\"l\":'Renewables & Nuclear',\"v\":0.93673083571296889},{\"l\":'Biomass & Waste',\"v\":1.0203213358736689}]"}]}