{"nodes": [{"name": "Balance", "fill": "#9edae5"}, {"name": "Food", "fill": "#b5cf6b"}, {"name": "Stock Deposit", "fill": "#c7c7c7"}, {"name": "Biofuels & Other", "fill": "#e7ba52"}, {"name": "Renewables & Nuclear", "fill": "#2ca02c"}, {"name": "Fossil Fuels", "fill": "#c49c94"}, {"name": "Stock Draw", "fill": "#c7c7c7"}, {"name": "Labor", "fill": "#7f7f7f"}], "links": [{"source": 0, "target": 1, "value": 4.1138372757263895}, {"source": 0, "target": 2, "value": 0.30555007321513183}, {"source": 0, "target": 3, "value": 0.40071923960339806}, {"source": 4, "target": 0, "value": 0.082837968276647786}, {"source": 5, "target": 0, "value": 9.33913406657474}, {"source": 6, "target": 0, "value": 0.17288849523742189}, {"source": 7, "target": 0, "value": 0.14988078419645087}]}