{"nodes": [{"layer": 5, "name": "Fruits, Roots & Vegetables", "fill": "#98df8a"}, {"layer": 10, "name": "Feed", "fill": "#dbdb8d"}, {"layer": 5, "name": "Cereals", "fill": "#e7ba52"}, {"layer": 13, "name": "Other Processed", "fill": "#9c9ede"}, {"layer": 16, "name": "Food", "fill": "#b5cf6b"}, {"layer": 13, "name": "Animal Products", "fill": "#17becf"}, {"layer": 5, "name": "Oilcrops", "fill": "#ff9896"}, {"layer": 13, "name": "Sugar", "fill": "#d6616b"}, {"layer": 13, "name": "Aquatic Products", "fill": "#1f77b4"}, {"layer": 13, "name": "Vegetable Oils", "fill": "#f7b6d2"}, {"layer": 10, "name": "Processing", "fill": "#9edae5"}, {"layer": 16, "name": "Biofuels & Other", "fill": "#e7ba52"}, {"name": "Waste", "fill": "#c7c7c7"}, {"layer": 2, "name": "Import", "fill": "#aec7e8"}, {"layer": 0, "name": "Stock Draw", "fill": "#c7c7c7"}, {"layer": 16, "name": "Stock Deposit", "fill": "#c7c7c7"}, {"layer": 2, "name": "Electricity", "fill": "#bcbd22"}, {"layer": 0, "name": "Fossil Fuels", "fill": "#c49c94"}, {"layer": 2, "name": "Fertilizers", "fill": "#c5b0d5"}, {"layer": 0, "name": "Labor", "fill": "#7f7f7f"}, {"layer": 0, "name": "Renewables & Nuclear", "fill": "#2ca02c"}], "links": [{"source": 0, "prod": 9.0, "target": 1, "value": 0.016296035513864927, "supply": [{"l": "Dates", "v": 0.016296035513864927}]}, {"source": 2, "prod": 352.0, "target": 1, "value": 1.0111195140720548, "supply": [{"l": "Maize", "v": 0.22640088845600001}, {"l": "Wheat", "v": 0.093665288742935782}, {"l": "Barley", "v": 0.6825633035560188}, {"l": "Millet", "v": 0.0084900333171}]}, {"source": 3, "prod": 12.0, "target": 4, "value": 0.10353595630203451, "supply": [{"l": "Fats, Animals, Raw", "v": 0.028653862445212504}, {"l": "Butter, Ghee", "v": 0.074882093856821999}]}, {"source": 5, "prod": 612.0, "target": 4, "value": 0.77952391502337082, "supply": [{"l": "Meat, Other", "v": 0.018338471964936001}, {"l": "Eggs", "v": 0.017510693716518751}, {"l": "Milk - Excluding Butter", "v": 0.34046721335073971}, {"l": "Mutton & Goat Meat", "v": 0.19208114051670994}, {"l": "Bovine Meat", "v": 0.12612006014532609}, {"l": "Poultry Meat", "v": 0.065297329414443911}, {"l": "Offals, Edible", "v": 0.019709005914696431}]}, {"source": 2, "prod": 932.0, "target": 4, "value": 2.2010582662687739, "supply": [{"l": "Maize", "v": 0.0084900333171}, {"l": "Barley", "v": 0.10524103799321877}, {"l": "Rice", "v": 0.19405790439085716}, {"l": "Wheat", "v": 1.8911467822383228}, {"l": "Cereals, Other", "v": 0.002122508329275}]}, {"source": 6, "prod": 26.0, "target": 4, "value": 0.078588177965677838, "supply": [{"l": "Olives", "v": 0.025100968067947829}, {"l": "Groundnuts", "v": 0.053487209897730009}]}, {"source": 0, "prod": 1194.0, "target": 4, "value": 0.71745936959792878, "supply": [{"l": "Nuts", "v": 0.043485536502219514}, {"l": "Infant food", "v": 0.00424501665855}, {"l": "Tomatoes", "v": 0.07502186061083671}, {"l": "Coffee", "v": 0.0014150055528499999}, {"l": "Treenuts", "v": 0.0424501665855}, {"l": "Vegetables, Other", "v": 0.079754858433363648}, {"l": "Peas", "v": 0.011143168728693751}, {"l": "Grapes", "v": 0.013530990599128125}, {"l": "Potatoes", "v": 0.087352328352833963}, {"l": "Dates", "v": 0.13761096656152605}, {"l": "Cocoa Beans", "v": 0.012735049975650002}, {"l": "Fruits, Other", "v": 0.043035686124610339}, {"l": "Beans", "v": 0.0084900333171}, {"l": "Pulses, Other", "v": 0.071825681862665997}, {"l": "Lemons, Limes", "v": 0.0011577318159681819}, {"l": "Bananas", "v": 0.0061128239883120007}, {"l": "Spices, Other", "v": 0.00424501665855}, {"l": "Oranges, Mandarines", "v": 0.02457416678718392}, {"l": "Tea", "v": 0.0047756437408687505}, {"l": "Onions", "v": 0.038323067056354174}, {"l": "Apples", "v": 0.0061745696851636363}]}, {"source": 7, "prod": 160.0, "target": 4, "value": 0.66020621582098871, "supply": [{"l": "Sugar", "v": 0.65808370749171374}, {"l": "Honey", "v": 0.002122508329275}]}, {"source": 8, "prod": 304.0, "target": 4, "value": 0.053283007914990618, "supply": [{"l": "Marine Fish, Other", "v": 0.001530440216371974}, {"l": "Fish, Seafood", "v": 0.039159018278253639}, {"l": "Pelagic Fish", "v": 0.010895542756945003}, {"l": "Demersal Fish", "v": 0.0016980066634200001}]}, {"source": 9, "prod": 51.0, "target": 4, "value": 0.51895328650773742, "supply": [{"l": "Maize Germ Oil", "v": 0.048980961444807694}, {"l": "Soyabean Oil", "v": 0.0099050388699500006}, {"l": "Sunflowerseed Oil", "v": 0.091104588287342303}, {"l": "Olive Oil", "v": 0.35905765903568748}, {"l": "Oilcrops Oil, Other", "v": 0.0099050388699500006}]}, {"source": 6, "prod": 73.0, "target": 10, "value": 0.10778650993883479, "supply": [{"l": "Olives", "v": 0.10778650993883479}]}, {"source": 3, "prod": 1.0, "target": 11, "value": 0.0095512874817375009, "supply": [{"l": "Fats, Animals, Raw", "v": 0.0095512874817375009}]}, {"source": 9, "prod": 16.0, "target": 11, "value": 0.1630793899659625, "supply": [{"l": "Olive Oil", "v": 0.13336427335611251}, {"l": "Palm Oil", "v": 0.02971511660985}]}, {"source": 2, "prod": 105.0, "target": 11, "value": 0.23416322185733945, "supply": [{"l": "Wheat", "v": 0.23416322185733945}]}, {"source": 6, "prod": 29.0, "target": 11, "value": 0.042819298468852178, "supply": [{"l": "Olives", "v": 0.042819298468852178}]}, {"source": 0, "prod": 16.0, "target": 0, "value": 0.013976372536453431, "supply": [{"l": "Potatoes", "v": 0.013976372536453431}]}, {"source": 5, "prod": 3.0, "target": 5, "value": 0.0047756437408687505, "supply": [{"l": "Eggs", "v": 0.0047756437408687505}]}, {"source": 2, "prod": 45.0, "target": 2, "value": 0.12365849283095029, "supply": [{"l": "Wheat", "v": 0.033451888836762783}, {"l": "Barley", "v": 0.090206603994187506}]}, {"source": 0, "prod": 80.0, "target": 12, "value": 0.039436748430921396, "supply": [{"l": "Dates", "v": 0.0090533530632582945}, {"l": "Bananas", "v": 0.00067920266536800002}, {"l": "Oranges, Mandarines", "v": 0.002730462976353769}, {"l": "Vegetables, Other", "v": 0.0072036646326909103}, {"l": "Fruits, Other", "v": 0.0025616479836077588}, {"l": "Tomatoes", "v": 0.0039052475386462944}, {"l": "Grapes", "v": 0.0015918812469562502}, {"l": "Potatoes", "v": 0.0052411397011700375}, {"l": "Onions", "v": 0.0019652854900694449}, {"l": "Pulses, Other", "v": 0.0039903156590369998}, {"l": "Apples", "v": 0.00051454747376363636}]}, {"source": 5, "prod": 7.0, "target": 12, "value": 0.0064789704338089737, "supply": [{"l": "Eggs", "v": 0.0015918812469562502}, {"l": "Milk - Excluding Butter", "v": 0.0048870891868527232}]}, {"source": 2, "prod": 62.0, "target": 12, "value": 0.15182273972695107, "supply": [{"l": "Maize", "v": 0.011320044422799999}, {"l": "Wheat", "v": 0.10481591835519005}, {"l": "Barley", "v": 0.027061981198256251}, {"l": "Rice", "v": 0.0086247957507047633}]}, {"source": 6, "prod": 4.0, "target": 12, "value": 0.0059061101336347829, "supply": [{"l": "Olives", "v": 0.0059061101336347829}]}, {"source": 13, "prod": 176.0, "target": 10, "value": 1.0710334857064086, "supply": [{"l": "Olive Oil", "v": 0.30776370774487505}, {"l": "Sugar", "v": 0.47597249283991877}, {"l": "Maize Germ Oil", "v": 0.048980961444807694}, {"l": "Oilcrops Oil, Other", "v": 0.0099050388699500006}, {"l": "Fats, Animals, Raw", "v": 0.0095512874817375009}, {"l": "Butter, Ghee", "v": 0.108163024459854}, {"l": "Palm Oil", "v": 0.02971511660985}, {"l": "Sunflowerseed Oil", "v": 0.080981856255415374}]}, {"source": 13, "prod": 1263.0, "target": 2, "value": 3.1193066396714242, "supply": [{"l": "Maize", "v": 0.24621096619590002}, {"l": "Barley", "v": 0.6314462279593126}, {"l": "Rice", "v": 0.18112071076480002}, {"l": "Cereals, Other", "v": 0.002122508329275}, {"l": "Wheat", "v": 2.0584062264221363}]}, {"source": 13, "prod": 1.0, "target": 6, "value": 0.0014765275334086957, "supply": [{"l": "Olives", "v": 0.0014765275334086957}]}, {"source": 13, "prod": 252.0, "target": 0, "value": 0.14494942493227919, "supply": [{"l": "Dates", "v": 0.0018106706126516587}, {"l": "Cocoa Beans", "v": 0.012735049975650002}, {"l": "Potatoes", "v": 0.0078617095517550563}, {"l": "Fruits, Other", "v": 0.0051232959672155177}, {"l": "Infant food", "v": 0.00424501665855}, {"l": "Pulses, Other", "v": 0.055864419226517997}, {"l": "Coffee", "v": 0.0014150055528499999}, {"l": "Bananas", "v": 0.0067920266536800004}, {"l": "Spices, Other", "v": 0.00424501665855}, {"l": "Vegetables, Other", "v": 0.00051454747376363636}, {"l": "Tomatoes", "v": 0.039052475386462941}, {"l": "Tea", "v": 0.0047756437408687505}, {"l": "Apples", "v": 0.00051454747376363636}]}, {"source": 13, "prod": 660.0, "target": 1, "value": 0.37860503768900944, "supply": [{"l": "Milk - Excluding Butter", "v": 0.29566889580458972}, {"l": "Fish, Seafood", "v": 0.036067516835233612}, {"l": "Mutton & Goat Meat", "v": 0.0088652834084635354}, {"l": "Pelagic Fish", "v": 0.0039620155479800009}, {"l": "Bovine Meat", "v": 0.027746413231971738}, {"l": "Eggs", "v": 0.0047756437408687505}, {"l": "Marine Fish, Other", "v": 0.0015192691199021056}]}, {"source": 14, "prod": 3.0, "target": 0, "value": 0.011970946977110999, "supply": [{"l": "Pulses, Other", "v": 0.011970946977110999}]}, {"source": 9, "prod": 2.0, "target": 15, "value": 0.020027770901876921, "supply": [{"l": "Sunflowerseed Oil", "v": 0.010122732031926922}, {"l": "Soyabean Oil", "v": 0.0099050388699500006}]}, {"source": 5, "prod": 5.0, "target": 15, "value": 0.012612006014532608, "supply": [{"l": "Bovine Meat", "v": 0.012612006014532608}]}, {"source": 2, "prod": 10.0, "target": 15, "value": 0.037901934451339298, "supply": [{"l": "Rice", "v": 0.025874387252114293}, {"l": "Barley", "v": 0.012027547199225002}]}, {"source": 14, "prod": 81.0, "target": 1, "value": 0.065975704022511752, "supply": [{"l": "Milk - Excluding Butter", "v": 0.065975704022511752}]}, {"source": 0, "prod": 70.0, "target": 15, "value": 0.075577190143605741, "supply": [{"l": "Treenuts", "v": 0.014150055528500001}, {"l": "Fruits, Other", "v": 0.011271251127874138}, {"l": "Peas", "v": 0.00371438957623125}, {"l": "Beans", "v": 0.0084900333171}, {"l": "Apples", "v": 0.002572737368818182}, {"l": "Oranges, Mandarines", "v": 0.003413078720442211}, {"l": "Potatoes", "v": 0.017470465670566791}, {"l": "Nuts", "v": 0.014495178834073173}]}, {"source": 14, "prod": 4.0, "target": 10, "value": 0.033280930603032, "supply": [{"l": "Butter, Ghee", "v": 0.033280930603032}]}, {"source": 7, "prod": 43.0, "target": 15, "value": 0.17797232340970875, "supply": [{"l": "Sugar", "v": 0.17797232340970875}]}, {"source": 14, "prod": 50.0, "target": 2, "value": 0.11150629612254261, "supply": [{"l": "Wheat", "v": 0.11150629612254261}]}, {"source": 1, "prod": 304.0, "target": 8, "value": 0.053283007914990618, "supply": [{"l": "Demersal Fish", "v": 0.0016980066634200001}, {"l": "Pelagic Fish", "v": 0.010895542756945003}, {"l": "Marine Fish, Other", "v": 0.001530440216371974}, {"l": "Fish, Seafood", "v": 0.039159018278253639}]}, {"source": 1, "prod": 624.0, "target": 5, "value": 0.79861489147171238, "supply": [{"l": "Poultry Meat", "v": 0.065297329414443911}, {"l": "Bovine Meat", "v": 0.1387320661598587}, {"l": "Eggs", "v": 0.023878218704343753}, {"l": "Milk - Excluding Butter", "v": 0.34535430253759242}, {"l": "Offals, Edible", "v": 0.019709005914696431}, {"l": "Meat, Other", "v": 0.018338471964936001}, {"l": "Mutton & Goat Meat", "v": 0.19208114051670994}]}, {"source": 10, "prod": 13.0, "target": 3, "value": 0.11308724378377201, "supply": [{"l": "Fats, Animals, Raw", "v": 0.038205149926950004}, {"l": "Butter, Ghee", "v": 0.074882093856821999}]}, {"source": 10, "prod": 69.0, "target": 9, "value": 0.70206044737557682, "supply": [{"l": "Olive Oil", "v": 0.49242193239179999}, {"l": "Soyabean Oil", "v": 0.019810077739900001}, {"l": "Maize Germ Oil", "v": 0.048980961444807694}, {"l": "Palm Oil", "v": 0.02971511660985}, {"l": "Oilcrops Oil, Other", "v": 0.0099050388699500006}, {"l": "Sunflowerseed Oil", "v": 0.10122732031926923}]}, {"source": 10, "prod": 203.0, "target": 7, "value": 0.83817853923069752, "supply": [{"l": "Honey", "v": 0.002122508329275}, {"l": "Sugar", "v": 0.83605603090142244}]}, {"source": 16, "prod": 0, "target": 0, "value": 0.4381271429598611, "supply": "[{\"l\":'Energy for power irrigation',\"v\":0.4381271429598611}]"}, {"source": 16, "prod": 0, "target": 2, "value": 0.33208956561228098, "supply": "[{\"l\":'Energy for power irrigation',\"v\":0.33208956561228098}]"}, {"source": 16, "prod": 0, "target": 6, "value": 0.049198454164782364, "supply": "[{\"l\":'Energy for power irrigation',\"v\":0.049198454164782364}]"}, {"source": 16, "prod": 0, "target": 10, "value": 0.66568217836226851, "supply": "[{\"l\":'Electricity',\"v\":0.66568217836226851}]"}, {"source": 17, "prod": 0, "target": 16, "value": 3.9081508976294557, "supply": [{"l": "Coal", "v": 0.0}, {"l": "Natural gas", "v": 0.0}, {"l": "Oil", "v": 3.9081508976294557}]}, {"source": 17, "prod": 0, "target": 0, "value": 0.77073053848736217, "supply": [{"l": "Other fossil fuels", "v": 0.77073053848736217}]}, {"source": 17, "prod": 0, "target": 2, "value": 0.5841947339789364, "supply": [{"l": "Other fossil fuels", "v": 0.5841947339789364}]}, {"source": 17, "prod": 0, "target": 6, "value": 0.086547367996879468, "supply": [{"l": "Other fossil fuels", "v": 0.086547367996879468}]}, {"source": 17, "prod": 0, "target": 1, "value": 0.068114616905287043, "supply": [{"l": "Fossil fuels in fisheries", "v": 0.068114616905287043}]}, {"source": 18, "prod": 42.72863634296111, "target": 0, "value": 0.41772134999808924, "supply": [{"l": "Potash", "v": 0.0094863888964779996}, {"l": "Phosphate", "v": 0.1864880834825238}, {"l": "Nitrogen", "v": 0.58527638935710991}]}, {"source": 18, "prod": 32.387252217420972, "target": 2, "value": 0.31662247796537435, "supply": [{"l": "Potash", "v": 0.0094863888964779996}, {"l": "Phosphate", "v": 0.1864880834825238}, {"l": "Nitrogen", "v": 0.58527638935710991}]}, {"source": 18, "prod": 4.7981114396179212, "target": 6, "value": 0.04690703377264805, "supply": [{"l": "Potash", "v": 0.0094863888964779996}, {"l": "Phosphate", "v": 0.1864880834825238}, {"l": "Nitrogen", "v": 0.58527638935710991}]}, {"source": 17, "prod": 0, "target": 18, "value": 0.92136527115994349, "supply": [{"l": "Natural gas (including LNG)", "v": 0.63747240316991816}, {"l": "Residual fuel oil", "v": 0.18043286624765276}, {"l": "Liquefied petroleum gas (LPG)", "v": 0.051730000871186253}, {"l": "Hard coal", "v": 0.051730000871186253}]}, {"source": 19, "prod": 0, "target": 2, "value": 0.060691676875251732, "supply": "[{\"l\":'Labor',\"v\":0.060691676875251732}]"}, {"source": 19, "prod": 0, "target": 6, "value": 0.0089913595370743303, "supply": "[{\"l\":'Labor',\"v\":0.0089913595370743303}]"}, {"source": 19, "prod": 0, "target": 0, "value": 0.080070781332052088, "supply": "[{\"l\":'Labor',\"v\":0.080070781332052088}]"}, {"source": 17, "prod": 0, "target": 13, "value": 6.1925459294724838, "supply": "[{\"l\":'Fossil Fuels',\"v\":6.1925459294724838}]"}, {"source": 20, "prod": 0, "target": 13, "value": 0.085500104884584024, "supply": "[{\"l\":'Renewables & Nuclear',\"v\":0},{\"l\":'Biomass & Waste',\"v\":0.085500104884584024}]"}]}