{"nodes": [{"layer": 5, "name": "Maize"}, {"layer": 10, "name": "Feed", "fill": "#dbdb8d"}, {"layer": 5, "name": "Dates"}, {"layer": 5, "name": "Wheat"}, {"layer": 5, "name": "Barley"}, {"layer": 5, "name": "Millet"}, {"layer": 16, "name": "Food", "fill": "#b5cf6b"}, {"layer": 5, "name": "Fruits, Other"}, {"layer": 13, "name": "Sugar", "fill": "#d6616b"}, {"layer": 13, "name": "Beer"}, {"layer": 13, "name": "Groundnut Oil"}, {"layer": 5, "name": "Rice"}, {"layer": 5, "name": "Tomatoes"}, {"layer": 13, "name": "Fats, Animals, Raw"}, {"layer": 5, "name": "Coffee"}, {"layer": 5, "name": "Treenuts"}, {"layer": 13, "name": "Eggs"}, {"layer": 5, "name": "Vegetables, Other"}, {"layer": 13, "name": "Marine Fish, Other"}, {"layer": 5, "name": "Grapes"}, {"layer": 5, "name": "Potatoes"}, {"layer": 13, "name": "Wine"}, {"layer": 13, "name": "Olive Oil"}, {"layer": 5, "name": "Nuts"}, {"layer": 5, "name": "Groundnuts"}, {"layer": 13, "name": "Milk - Excluding Butter"}, {"layer": 5, "name": "Pulses, Other"}, {"layer": 13, "name": "Fish, Seafood"}, {"layer": 13, "name": "Meat, Other"}, {"layer": 5, "name": "Lemons, Limes"}, {"layer": 13, "name": "Mutton & Goat Meat"}, {"layer": 13, "name": "Sweeteners, Other"}, {"layer": 13, "name": "Pelagic Fish"}, {"layer": 5, "name": "Bananas"}, {"layer": 5, "name": "Spices, Other"}, {"layer": 5, "name": "Tea"}, {"layer": 13, "name": "Poultry Meat"}, {"layer": 13, "name": "Offals, Edible"}, {"layer": 5, "name": "Oranges, Mandarines"}, {"layer": 13, "name": "Bovine Meat"}, {"layer": 5, "name": "Onions"}, {"layer": 5, "name": "Apples"}, {"layer": 5, "name": "Olives"}, {"layer": 10, "name": "Processing", "fill": "#9edae5"}, {"layer": 16, "name": "Biofuels & Other", "fill": "#e7ba52"}, {"layer": 5, "name": "Oilcrops, Other"}, {"name": "Waste", "fill": "#c7c7c7"}, {"layer": 0, "name": "Import", "fill": "#aec7e8"}, {"layer": 16, "name": "Export", "fill": "#aec7e8"}, {"layer": 0, "name": "Stock Draw", "fill": "#c7c7c7"}, {"layer": 16, "name": "Stock Deposit", "fill": "#c7c7c7"}, {"layer": 0, "name": "Production", "fill": "#b5cf6b"}], "links": [{"source": 0, "prod": 0.0031837624939125004, "target": 1, "value": 1.0, "supply": [{"l": "Maize", "v": 1.0}]}, {"source": 2, "prod": 0.0036179119249005682, "target": 1, "value": 2.0, "supply": [{"l": "Dates", "v": 2.0}]}, {"source": 3, "prod": 0.00640704595343034, "target": 1, "value": 2.0, "supply": [{"l": "Wheat", "v": 2.0}]}, {"source": 4, "prod": 0.10018239314178, "target": 1, "value": 33.0, "supply": [{"l": "Barley", "v": 33.0}]}, {"source": 5, "prod": 0.00320352297671517, "target": 1, "value": 1.0, "supply": [{"l": "Millet", "v": 1.0}]}, {"source": 0, "prod": 0.0031837624939125004, "target": 6, "value": 1.0, "supply": [{"l": "Maize", "v": 1.0}]}, {"source": 7, "prod": 0.00424501665855, "target": 6, "value": 8.0, "supply": [{"l": "Fruits, Other", "v": 8.0}]}, {"source": 8, "prod": 0.11037043312230001, "target": 6, "value": 26.0, "supply": [{"l": "Sugar", "v": 26.0}]}, {"source": 9, "prod": 0.0027387204248709679, "target": 6, "value": 5.0, "supply": [{"l": "Beer", "v": 5.0}]}, {"source": 10, "prod": 0.010376707387566665, "target": 6, "value": 1.0, "supply": [{"l": "Groundnut Oil", "v": 1.0}]}, {"source": 4, "prod": 0.16393482514109453, "target": 6, "value": 54.0, "supply": [{"l": "Barley", "v": 54.0}]}, {"source": 11, "prod": 0.038205149926950004, "target": 6, "value": 9.0, "supply": [{"l": "Rice", "v": 9.0}]}, {"source": 12, "prod": 0.011254230211039535, "target": 6, "value": 57.0, "supply": [{"l": "Tomatoes", "v": 57.0}]}, {"source": 13, "prod": 0.0095512874817375009, "target": 6, "value": 1.0, "supply": [{"l": "Fats, Animals, Raw", "v": 1.0}]}, {"source": 14, "prod": 0.00035375138821249998, "target": 6, "value": 1.0, "supply": [{"l": "Coffee", "v": 1.0}]}, {"source": 3, "prod": 0.48373196948399072, "target": 6, "value": 151.0, "supply": [{"l": "Wheat", "v": 151.0}]}, {"source": 15, "prod": 0.0056600222113999997, "target": 6, "value": 2.0, "supply": [{"l": "Treenuts", "v": 2.0}]}, {"source": 16, "prod": 0.0016980066634200001, "target": 6, "value": 1.0, "supply": [{"l": "Eggs", "v": 1.0}]}, {"source": 17, "prod": 0.0055185216561149993, "target": 6, "value": 26.0, "supply": [{"l": "Vegetables, Other", "v": 26.0}]}, {"source": 18, "prod": 0.00053062708231875, "target": 6, "value": 1.0, "supply": [{"l": "Marine Fish, Other", "v": 1.0}]}, {"source": 19, "prod": 0.00053062708231875, "target": 6, "value": 1.0, "supply": [{"l": "Grapes", "v": 1.0}]}, {"source": 20, "prod": 0.0099050388699500006, "target": 6, "value": 11.0, "supply": [{"l": "Potatoes", "v": 11.0}]}, {"source": 21, "prod": 0.0022473617604088238, "target": 6, "value": 3.0, "supply": [{"l": "Wine", "v": 3.0}]}, {"source": 22, "prod": 0.092269041333011309, "target": 6, "value": 9.0, "supply": [{"l": "Olive Oil", "v": 9.0}]}, {"source": 2, "prod": 0.05245972291105825, "target": 6, "value": 29.0, "supply": [{"l": "Dates", "v": 29.0}]}, {"source": 23, "prod": 0.0061745696851636363, "target": 6, "value": 2.0, "supply": [{"l": "Nuts", "v": 2.0}]}, {"source": 24, "prod": 0.0054578785609928583, "target": 6, "value": 1.0, "supply": [{"l": "Groundnuts", "v": 1.0}]}, {"source": 25, "prod": 0.056707644001520043, "target": 6, "value": 63.0, "supply": [{"l": "Milk - Excluding Butter", "v": 63.0}]}, {"source": 26, "prod": 0.012064784187457893, "target": 6, "value": 3.0, "supply": [{"l": "Pulses, Other", "v": 3.0}]}, {"source": 27, "prod": 0.002122508329275, "target": 6, "value": 2.0, "supply": [{"l": "Fish, Seafood", "v": 2.0}]}, {"source": 28, "prod": 0.012064784187457893, "target": 6, "value": 6.0, "supply": [{"l": "Meat, Other", "v": 6.0}]}, {"source": 29, "prod": 0.0011622222200000001, "target": 6, "value": 1.0, "supply": [{"l": "Lemons, Limes", "v": 1.0}]}, {"source": 30, "prod": 0.023788112218666981, "target": 6, "value": 9.0, "supply": [{"l": "Mutton & Goat Meat", "v": 9.0}]}, {"source": 31, "prod": 0.00424501665855, "target": 6, "value": 1.0, "supply": [{"l": "Sweeteners, Other", "v": 1.0}]}, {"source": 32, "prod": 0.0012128619024428574, "target": 6, "value": 1.0, "supply": [{"l": "Pelagic Fish", "v": 1.0}]}, {"source": 33, "prod": 0.0013061589718615385, "target": 6, "value": 2.0, "supply": [{"l": "Bananas", "v": 2.0}]}, {"source": 34, "prod": 0.0033960133268400002, "target": 6, "value": 1.0, "supply": [{"l": "Spices, Other", "v": 1.0}]}, {"source": 35, "prod": 0.0019592384577923078, "target": 6, "value": 4.0, "supply": [{"l": "Tea", "v": 4.0}]}, {"source": 36, "prod": 0.0016980066634200001, "target": 6, "value": 1.0, "supply": [{"l": "Poultry Meat", "v": 1.0}]}, {"source": 37, "prod": 0.0042450166585500009, "target": 6, "value": 3.0, "supply": [{"l": "Offals, Edible", "v": 3.0}]}, {"source": 38, "prod": 0.002122508329275, "target": 6, "value": 7.0, "supply": [{"l": "Oranges, Mandarines", "v": 7.0}]}, {"source": 39, "prod": 0.0077825305406749997, "target": 6, "value": 3.0, "supply": [{"l": "Bovine Meat", "v": 3.0}]}, {"source": 40, "prod": 0.0037733481409333329, "target": 6, "value": 8.0, "supply": [{"l": "Onions", "v": 8.0}]}, {"source": 41, "prod": 0.002612317943723077, "target": 6, "value": 4.0, "supply": [{"l": "Apples", "v": 4.0}]}, {"source": 42, "prod": 0.038205149926950004, "target": 43, "value": 18.0, "supply": [{"l": "Olives", "v": 18.0}]}, {"source": 4, "prod": 0.0030358300952054544, "target": 43, "value": 1.0, "supply": [{"l": "Barley", "v": 1.0}]}, {"source": 19, "prod": 0.002122508329275, "target": 43, "value": 4.0, "supply": [{"l": "Grapes", "v": 4.0}]}, {"source": 22, "prod": 0.010252115703667923, "target": 44, "value": 1.0, "supply": [{"l": "Olive Oil", "v": 1.0}]}, {"source": 45, "prod": 0.00424501665855, "target": 44, "value": 1.0, "supply": [{"l": "Oilcrops, Other", "v": 1.0}]}, {"source": 3, "prod": 0.01281409190686068, "target": 44, "value": 4.0, "supply": [{"l": "Wheat", "v": 4.0}]}, {"source": 20, "prod": 0.0018009161581727276, "target": 20, "value": 2.0, "supply": [{"l": "Potatoes", "v": 2.0}]}, {"source": 3, "prod": 0.041645798697297218, "target": 3, "value": 13.0, "supply": [{"l": "Wheat", "v": 13.0}]}, {"source": 4, "prod": 0.045537451428081827, "target": 4, "value": 15.0, "supply": [{"l": "Barley", "v": 15.0}]}, {"source": 2, "prod": 0.0036179119249005682, "target": 46, "value": 2.0, "supply": [{"l": "Dates", "v": 2.0}]}, {"source": 3, "prod": 0.01281409190686068, "target": 46, "value": 4.0, "supply": [{"l": "Wheat", "v": 4.0}]}, {"source": 19, "prod": 0.00053062708231875, "target": 46, "value": 1.0, "supply": [{"l": "Grapes", "v": 1.0}]}, {"source": 20, "prod": 0.00090045807908636379, "target": 46, "value": 1.0, "supply": [{"l": "Potatoes", "v": 1.0}]}, {"source": 17, "prod": 0.00042450166585500002, "target": 46, "value": 2.0, "supply": [{"l": "Vegetables, Other", "v": 2.0}]}, {"source": 42, "prod": 0.002122508329275, "target": 46, "value": 1.0, "supply": [{"l": "Olives", "v": 1.0}]}, {"source": 25, "prod": 0.0018002426667149218, "target": 46, "value": 2.0, "supply": [{"l": "Milk - Excluding Butter", "v": 2.0}]}, {"source": 4, "prod": 0.0091074902856163632, "target": 46, "value": 3.0, "supply": [{"l": "Barley", "v": 3.0}]}, {"source": 38, "prod": 0.00030321547561071435, "target": 46, "value": 1.0, "supply": [{"l": "Oranges, Mandarines", "v": 1.0}]}, {"source": 11, "prod": 0.00424501665855, "target": 46, "value": 1.0, "supply": [{"l": "Rice", "v": 1.0}]}, {"source": 12, "prod": 0.0011846558116883721, "target": 46, "value": 6.0, "supply": [{"l": "Tomatoes", "v": 6.0}]}, {"source": 47, "prod": 0.00090045807908636379, "target": 20, "value": 1.0, "supply": [{"l": "Potatoes", "v": 1.0}]}, {"source": 47, "prod": 0.0028300111056999999, "target": 40, "value": 6.0, "supply": [{"l": "Onions", "v": 6.0}]}, {"source": 47, "prod": 0.0424501665855, "target": 11, "value": 10.0, "supply": [{"l": "Rice", "v": 10.0}]}, {"source": 47, "prod": 0.45490026269355416, "target": 3, "value": 142.0, "supply": [{"l": "Wheat", "v": 142.0}]}, {"source": 47, "prod": 0.025997331514185651, "target": 1, "value": 27.0, "supply": [{"l": "Bovine Meat", "v": 1.0}, {"l": "Milk - Excluding Butter", "v": 26.0}]}, {"source": 47, "prod": 0.0019592384577923078, "target": 33, "value": 3.0, "supply": [{"l": "Bananas", "v": 3.0}]}, {"source": 47, "prod": 0.0033960133268400002, "target": 34, "value": 1.0, "supply": [{"l": "Spices, Other", "v": 1.0}]}, {"source": 47, "prod": 0.060716601904109088, "target": 4, "value": 20.0, "supply": [{"l": "Barley", "v": 20.0}]}, {"source": 47, "prod": 0.23119451043236222, "target": 43, "value": 45.0, "supply": [{"l": "Olive Oil", "v": 5.0}, {"l": "Soyabean Oil", "v": 5.0}, {"l": "Sweeteners, Other", "v": 1.0}, {"l": "Sugar", "v": 31.0}, {"l": "Beer", "v": 3.0}]}, {"source": 47, "prod": 0.00035375138821249998, "target": 14, "value": 1.0, "supply": [{"l": "Coffee", "v": 1.0}]}, {"source": 47, "prod": 0.0032653974296538461, "target": 41, "value": 5.0, "supply": [{"l": "Apples", "v": 5.0}]}, {"source": 47, "prod": 0.0019592384577923078, "target": 35, "value": 4.0, "supply": [{"l": "Tea", "v": 4.0}]}, {"source": 47, "prod": 0.00265313541159375, "target": 7, "value": 5.0, "supply": [{"l": "Fruits, Other", "v": 5.0}]}, {"source": 47, "prod": 0.00042450166585500002, "target": 17, "value": 2.0, "supply": [{"l": "Vegetables, Other", "v": 2.0}]}, {"source": 47, "prod": 0.0080431894583052627, "target": 26, "value": 2.0, "supply": [{"l": "Pulses, Other", "v": 2.0}]}, {"source": 45, "prod": 0.0169800666342, "target": 48, "value": 4.0, "supply": [{"l": "Oilcrops, Other", "v": 4.0}]}, {"source": 38, "prod": 0.00090964642683214294, "target": 48, "value": 3.0, "supply": [{"l": "Oranges, Mandarines", "v": 3.0}]}, {"source": 24, "prod": 0.032747271365957148, "target": 48, "value": 6.0, "supply": [{"l": "Groundnuts", "v": 6.0}]}, {"source": 49, "prod": 0.0054007280001447657, "target": 1, "value": 6.0, "supply": [{"l": "Milk - Excluding Butter", "v": 6.0}]}, {"source": 49, "prod": 0.0091074902856163632, "target": 4, "value": 3.0, "supply": [{"l": "Barley", "v": 3.0}]}, {"source": 2, "prod": 0.0054268678873508527, "target": 50, "value": 3.0, "supply": [{"l": "Dates", "v": 3.0}]}, {"source": 49, "prod": 0.00065307948593076924, "target": 33, "value": 1.0, "supply": [{"l": "Bananas", "v": 1.0}]}, {"source": 10, "prod": 0.010376707387566665, "target": 50, "value": 1.0, "supply": [{"l": "Groundnut Oil", "v": 1.0}]}, {"source": 49, "prod": 0.055185216561149997, "target": 43, "value": 9.0, "supply": [{"l": "Soyabean Oil", "v": 4.0}, {"l": "Sugar", "v": 5.0}]}, {"source": 3, "prod": 0.016017614883575851, "target": 50, "value": 5.0, "supply": [{"l": "Wheat", "v": 5.0}]}, {"source": 51, "prod": 0.0031837624939125004, "target": 0, "value": 1.0, "supply": [{"l": "Maize", "v": 1.0}]}, {"source": 51, "prod": 0.040327658256225002, "target": 42, "value": 19.0, "supply": [{"l": "Olives", "v": 19.0}]}, {"source": 51, "prod": 0.002122508329275, "target": 7, "value": 4.0, "supply": [{"l": "Fruits, Other", "v": 4.0}]}, {"source": 51, "prod": 0.26715304837807996, "target": 4, "value": 88.0, "supply": [{"l": "Barley", "v": 88.0}]}, {"source": 51, "prod": 0.012438886022727908, "target": 12, "value": 63.0, "supply": [{"l": "Tomatoes", "v": 63.0}]}, {"source": 51, "prod": 0.08969864334802477, "target": 3, "value": 28.0, "supply": [{"l": "Wheat", "v": 28.0}]}, {"source": 51, "prod": 0.0056600222113999997, "target": 15, "value": 2.0, "supply": [{"l": "Treenuts", "v": 2.0}]}, {"source": 51, "prod": 0.0057307724890425004, "target": 17, "value": 27.0, "supply": [{"l": "Vegetables, Other", "v": 27.0}]}, {"source": 51, "prod": 0.00265313541159375, "target": 19, "value": 5.0, "supply": [{"l": "Grapes", "v": 5.0}]}, {"source": 51, "prod": 0.011705955028122727, "target": 20, "value": 13.0, "supply": [{"l": "Potatoes", "v": 13.0}]}, {"source": 51, "prod": 0.0169800666342, "target": 45, "value": 4.0, "supply": [{"l": "Oilcrops, Other", "v": 4.0}]}, {"source": 51, "prod": 0.054268678873508523, "target": 2, "value": 30.0, "supply": [{"l": "Dates", "v": 30.0}]}, {"source": 51, "prod": 0.0061745696851636363, "target": 23, "value": 2.0, "supply": [{"l": "Nuts", "v": 2.0}]}, {"source": 51, "prod": 0.038205149926950004, "target": 24, "value": 7.0, "supply": [{"l": "Groundnuts", "v": 7.0}]}, {"source": 51, "prod": 0.0040215947291526314, "target": 26, "value": 1.0, "supply": [{"l": "Pulses, Other", "v": 1.0}]}, {"source": 51, "prod": 0.0023244444400000001, "target": 29, "value": 2.0, "supply": [{"l": "Lemons, Limes", "v": 2.0}]}, {"source": 51, "prod": 0.00320352297671517, "target": 5, "value": 1.0, "supply": [{"l": "Millet", "v": 1.0}]}, {"source": 51, "prod": 0.0033353702317178578, "target": 38, "value": 11.0, "supply": [{"l": "Oranges, Mandarines", "v": 11.0}]}, {"source": 51, "prod": 0.00094333703523333322, "target": 40, "value": 2.0, "supply": [{"l": "Onions", "v": 2.0}]}, {"source": 1, "prod": 0.0016980066634200001, "target": 36, "value": 1.0, "supply": [{"l": "Poultry Meat", "v": 1.0}]}, {"source": 1, "prod": 0.0012128619024428574, "target": 32, "value": 1.0, "supply": [{"l": "Pelagic Fish", "v": 1.0}]}, {"source": 1, "prod": 0.0077825305406749997, "target": 39, "value": 3.0, "supply": [{"l": "Bovine Meat", "v": 3.0}]}, {"source": 1, "prod": 0.0016980066634200001, "target": 16, "value": 1.0, "supply": [{"l": "Eggs", "v": 1.0}]}, {"source": 1, "prod": 0.058507886668234962, "target": 25, "value": 65.0, "supply": [{"l": "Milk - Excluding Butter", "v": 65.0}]}, {"source": 1, "prod": 0.0042450166585500009, "target": 37, "value": 3.0, "supply": [{"l": "Offals, Edible", "v": 3.0}]}, {"source": 1, "prod": 0.00053062708231875, "target": 18, "value": 1.0, "supply": [{"l": "Marine Fish, Other", "v": 1.0}]}, {"source": 1, "prod": 0.002122508329275, "target": 27, "value": 2.0, "supply": [{"l": "Fish, Seafood", "v": 2.0}]}, {"source": 1, "prod": 0.012064784187457893, "target": 28, "value": 6.0, "supply": [{"l": "Meat, Other", "v": 6.0}]}, {"source": 1, "prod": 0.023788112218666981, "target": 30, "value": 9.0, "supply": [{"l": "Mutton & Goat Meat", "v": 9.0}]}, {"source": 43, "prod": 0.10252115703667923, "target": 22, "value": 10.0, "supply": [{"l": "Olive Oil", "v": 10.0}]}, {"source": 43, "prod": 0.0095512874817375009, "target": 13, "value": 1.0, "supply": [{"l": "Fats, Animals, Raw", "v": 1.0}]}, {"source": 43, "prod": 0.00424501665855, "target": 31, "value": 1.0, "supply": [{"l": "Sweeteners, Other", "v": 1.0}]}, {"source": 43, "prod": 0.11037043312230001, "target": 8, "value": 26.0, "supply": [{"l": "Sugar", "v": 26.0}]}, {"source": 43, "prod": 0.0027387204248709679, "target": 9, "value": 5.0, "supply": [{"l": "Beer", "v": 5.0}]}, {"source": 43, "prod": 0.02075341477513333, "target": 10, "value": 2.0, "supply": [{"l": "Groundnut Oil", "v": 2.0}]}, {"source": 43, "prod": 0.0022473617604088238, "target": 21, "value": 3.0, "supply": [{"l": "Wine", "v": 3.0}]}]}