{"nodes": [{"layer": 5, "name": "Maize"}, {"layer": 10, "name": "Feed", "fill": "#dbdb8d"}, {"layer": 5, "name": "Dates"}, {"layer": 5, "name": "Wheat"}, {"layer": 5, "name": "Barley"}, {"layer": 5, "name": "Millet"}, {"layer": 5, "name": "Olives"}, {"layer": 16, "name": "Food", "fill": "#b5cf6b"}, {"layer": 5, "name": "Nuts"}, {"layer": 13, "name": "Sugar", "fill": "#d6616b"}, {"layer": 13, "name": "Oilcrops Oil, Other"}, {"layer": 13, "name": "Beer"}, {"layer": 5, "name": "Rice"}, {"layer": 13, "name": "Butter, Ghee"}, {"layer": 5, "name": "Tomatoes"}, {"layer": 13, "name": "Fats, Animals, Raw"}, {"layer": 5, "name": "Coffee"}, {"layer": 5, "name": "Coconuts - Incl Copra"}, {"layer": 5, "name": "Treenuts"}, {"layer": 13, "name": "Eggs"}, {"layer": 5, "name": "Vegetables, Other"}, {"layer": 5, "name": "Peas"}, {"layer": 13, "name": "Marine Fish, Other"}, {"layer": 5, "name": "Grapes"}, {"layer": 5, "name": "Groundnuts"}, {"layer": 13, "name": "Olive Oil"}, {"layer": 5, "name": "Cocoa Beans"}, {"layer": 5, "name": "Potatoes"}, {"layer": 13, "name": "Milk - Excluding Butter"}, {"layer": 5, "name": "Beans"}, {"layer": 5, "name": "Pulses, Other"}, {"layer": 13, "name": "Fish, Seafood"}, {"layer": 13, "name": "Meat, Other"}, {"layer": 5, "name": "Lemons, Limes"}, {"layer": 13, "name": "Mutton & Goat Meat"}, {"layer": 13, "name": "Sweeteners, Other"}, {"layer": 13, "name": "Pelagic Fish"}, {"layer": 5, "name": "Bananas"}, {"layer": 5, "name": "Spices, Other"}, {"layer": 5, "name": "Tea"}, {"layer": 5, "name": "Fruits, Other"}, {"layer": 13, "name": "Poultry Meat"}, {"layer": 13, "name": "Offals, Edible"}, {"layer": 5, "name": "Oranges, Mandarines"}, {"layer": 13, "name": "Bovine Meat"}, {"layer": 5, "name": "Onions"}, {"layer": 5, "name": "Apples"}, {"layer": 10, "name": "Processing", "fill": "#9edae5"}, {"layer": 16, "name": "Biofuels & Other", "fill": "#e7ba52"}, {"layer": 5, "name": "Oilcrops, Other"}, {"name": "Waste", "fill": "#c7c7c7"}, {"layer": 0, "name": "Import", "fill": "#aec7e8"}, {"layer": 5, "name": "Cereals, Other"}, {"layer": 16, "name": "Export", "fill": "#aec7e8"}, {"layer": 0, "name": "Stock Draw", "fill": "#c7c7c7"}, {"layer": 16, "name": "Stock Deposit", "fill": "#c7c7c7"}, {"layer": 0, "name": "Production", "fill": "#b5cf6b"}], "links": [{"source": 0, "prod": 0.002122508329275, "target": 1, "value": 1.0, "supply": [{"l": "Maize", "v": 1.0}]}, {"source": 2, "prod": 0.0090605098640988129, "target": 1, "value": 5.0, "supply": [{"l": "Dates", "v": 5.0}]}, {"source": 3, "prod": 0.004723683225389466, "target": 1, "value": 3.0, "supply": [{"l": "Wheat", "v": 3.0}]}, {"source": 4, "prod": 0.28467495860202985, "target": 1, "value": 94.0, "supply": [{"l": "Barley", "v": 94.0}]}, {"source": 5, "prod": 0.002122508329275, "target": 1, "value": 1.0, "supply": [{"l": "Millet", "v": 1.0}]}, {"source": 6, "prod": 0.0045482321341607148, "target": 7, "value": 3.0, "supply": [{"l": "Olives", "v": 3.0}]}, {"source": 8, "prod": 0.014433056639069998, "target": 7, "value": 5.0, "supply": [{"l": "Nuts", "v": 5.0}]}, {"source": 9, "prod": 0.25630370988408518, "target": 7, "value": 61.0, "supply": [{"l": "Sugar", "v": 61.0}]}, {"source": 10, "prod": 0.0084900333171, "target": 7, "value": 1.0, "supply": [{"l": "Oilcrops Oil, Other", "v": 1.0}]}, {"source": 11, "prod": 0.00084900333171000005, "target": 7, "value": 1.0, "supply": [{"l": "Beer", "v": 1.0}]}, {"source": 4, "prod": 0.10296753821775549, "target": 7, "value": 34.0, "supply": [{"l": "Barley", "v": 34.0}]}, {"source": 12, "prod": 0.078208189262227071, "target": 7, "value": 18.0, "supply": [{"l": "Rice", "v": 18.0}]}, {"source": 13, "prod": 0.0077825305406749997, "target": 7, "value": 1.0, "supply": [{"l": "Butter, Ghee", "v": 1.0}]}, {"source": 14, "prod": 0.022807174372135794, "target": 7, "value": 112.0, "supply": [{"l": "Tomatoes", "v": 112.0}]}, {"source": 15, "prod": 0.0097028952195428592, "target": 7, "value": 1.0, "supply": [{"l": "Fats, Animals, Raw", "v": 1.0}]}, {"source": 16, "prod": 0.00084900333171000005, "target": 7, "value": 1.0, "supply": [{"l": "Coffee", "v": 1.0}]}, {"source": 3, "prod": 0.77153492681361291, "target": 7, "value": 490.0, "supply": [{"l": "Wheat", "v": 490.0}]}, {"source": 17, "prod": 0.0014150055528499999, "target": 7, "value": 1.0, "supply": [{"l": "Coconuts - Incl Copra", "v": 1.0}]}, {"source": 18, "prod": 0.015034433999031252, "target": 7, "value": 5.0, "supply": [{"l": "Treenuts", "v": 5.0}]}, {"source": 19, "prod": 0.0069917921434941186, "target": 7, "value": 4.0, "supply": [{"l": "Eggs", "v": 4.0}]}, {"source": 20, "prod": 0.007986387272865254, "target": 7, "value": 37.0, "supply": [{"l": "Vegetables, Other", "v": 37.0}]}, {"source": 21, "prod": 0.00424501665855, "target": 7, "value": 1.0, "supply": [{"l": "Peas", "v": 1.0}]}, {"source": 22, "prod": 0.0016980066634200001, "target": 7, "value": 2.0, "supply": [{"l": "Marine Fish, Other", "v": 2.0}]}, {"source": 23, "prod": 0.0059430233219700005, "target": 7, "value": 7.0, "supply": [{"l": "Grapes", "v": 7.0}]}, {"source": 24, "prod": 0.041421071637972727, "target": 7, "value": 7.0, "supply": [{"l": "Groundnuts", "v": 7.0}]}, {"source": 25, "prod": 0.17476170990681147, "target": 7, "value": 17.0, "supply": [{"l": "Olive Oil", "v": 17.0}]}, {"source": 2, "prod": 0.094229302586627664, "target": 7, "value": 52.0, "supply": [{"l": "Dates", "v": 52.0}]}, {"source": 26, "prod": 0.0084900333171, "target": 7, "value": 1.0, "supply": [{"l": "Cocoa Beans", "v": 1.0}]}, {"source": 27, "prod": 0.0065001817584046887, "target": 7, "value": 7.0, "supply": [{"l": "Potatoes", "v": 7.0}]}, {"source": 28, "prod": 0.11189223154706321, "target": 7, "value": 121.0, "supply": [{"l": "Milk - Excluding Butter", "v": 121.0}]}, {"source": 29, "prod": 0.00424501665855, "target": 7, "value": 1.0, "supply": [{"l": "Beans", "v": 1.0}]}, {"source": 30, "prod": 0.020408733935336539, "target": 7, "value": 5.0, "supply": [{"l": "Pulses, Other", "v": 5.0}]}, {"source": 31, "prod": 0.012295910321317242, "target": 7, "value": 12.0, "supply": [{"l": "Fish, Seafood", "v": 12.0}]}, {"source": 32, "prod": 0.024591820642634484, "target": 7, "value": 12.0, "supply": [{"l": "Meat, Other", "v": 12.0}]}, {"source": 33, "prod": 0.0023244444400000001, "target": 7, "value": 2.0, "supply": [{"l": "Lemons, Limes", "v": 2.0}]}, {"source": 34, "prod": 0.082943410597909578, "target": 7, "value": 29.0, "supply": [{"l": "Mutton & Goat Meat", "v": 29.0}]}, {"source": 35, "prod": 0.0028300111056999999, "target": 7, "value": 1.0, "supply": [{"l": "Sweeteners, Other", "v": 1.0}]}, {"source": 36, "prod": 0.010612541646375, "target": 7, "value": 10.0, "supply": [{"l": "Pelagic Fish", "v": 10.0}]}, {"source": 37, "prod": 0.010057424083333846, "target": 7, "value": 14.0, "supply": [{"l": "Bananas", "v": 14.0}]}, {"source": 38, "prod": 0.0036385857073285722, "target": 7, "value": 1.0, "supply": [{"l": "Spices, Other", "v": 1.0}]}, {"source": 39, "prod": 0.0046141485419021735, "target": 7, "value": 10.0, "supply": [{"l": "Tea", "v": 10.0}]}, {"source": 40, "prod": 0.015872670984143477, "target": 7, "value": 43.0, "supply": [{"l": "Fruits, Other", "v": 43.0}]}, {"source": 41, "prod": 0.0039184769155846157, "target": 7, "value": 3.0, "supply": [{"l": "Poultry Meat", "v": 3.0}]}, {"source": 42, "prod": 0.0079045137779896538, "target": 7, "value": 6.0, "supply": [{"l": "Offals, Edible", "v": 6.0}]}, {"source": 43, "prod": 0.0052246358874461539, "target": 7, "value": 16.0, "supply": [{"l": "Oranges, Mandarines", "v": 16.0}]}, {"source": 44, "prod": 0.020027770901876924, "target": 7, "value": 8.0, "supply": [{"l": "Bovine Meat", "v": 8.0}]}, {"source": 45, "prod": 0.011320044422799999, "target": 7, "value": 24.0, "supply": [{"l": "Onions", "v": 24.0}]}, {"source": 46, "prod": 0.0073580288748200003, "target": 7, "value": 13.0, "supply": [{"l": "Apples", "v": 13.0}]}, {"source": 6, "prod": 0.1015771843295893, "target": 47, "value": 67.0, "supply": [{"l": "Olives", "v": 67.0}]}, {"source": 25, "prod": 0.10280100582753615, "target": 48, "value": 10.0, "supply": [{"l": "Olive Oil", "v": 10.0}]}, {"source": 49, "prod": 0.00424501665855, "target": 48, "value": 1.0, "supply": [{"l": "Oilcrops, Other", "v": 1.0}]}, {"source": 3, "prod": 0.015745610751298222, "target": 48, "value": 10.0, "supply": [{"l": "Wheat", "v": 10.0}]}, {"source": 6, "prod": 0.0030321547561071431, "target": 48, "value": 2.0, "supply": [{"l": "Olives", "v": 2.0}]}, {"source": 27, "prod": 0.0027857921821734378, "target": 27, "value": 3.0, "supply": [{"l": "Potatoes", "v": 3.0}]}, {"source": 3, "prod": 0.0062982443005192889, "target": 3, "value": 4.0, "supply": [{"l": "Wheat", "v": 4.0}]}, {"source": 4, "prod": 0.012113828025618294, "target": 4, "value": 4.0, "supply": [{"l": "Barley", "v": 4.0}]}, {"source": 2, "prod": 0.0072484078912790507, "target": 50, "value": 4.0, "supply": [{"l": "Dates", "v": 4.0}]}, {"source": 3, "prod": 0.02204385505181751, "target": 50, "value": 14.0, "supply": [{"l": "Wheat", "v": 14.0}]}, {"source": 23, "prod": 0.00084900333171000005, "target": 50, "value": 1.0, "supply": [{"l": "Grapes", "v": 1.0}]}, {"source": 27, "prod": 0.0009285973940578125, "target": 50, "value": 1.0, "supply": [{"l": "Potatoes", "v": 1.0}]}, {"source": 20, "prod": 0.00064754491401610174, "target": 50, "value": 3.0, "supply": [{"l": "Vegetables, Other", "v": 3.0}]}, {"source": 40, "prod": 0.00036913188335217393, "target": 50, "value": 1.0, "supply": [{"l": "Fruits, Other", "v": 1.0}]}, {"source": 6, "prod": 0.0030321547561071431, "target": 50, "value": 2.0, "supply": [{"l": "Olives", "v": 2.0}]}, {"source": 28, "prod": 0.0027741875590180957, "target": 50, "value": 3.0, "supply": [{"l": "Milk - Excluding Butter", "v": 3.0}]}, {"source": 46, "prod": 0.0005660022211400001, "target": 50, "value": 1.0, "supply": [{"l": "Apples", "v": 1.0}]}, {"source": 43, "prod": 0.00065307948593076924, "target": 50, "value": 2.0, "supply": [{"l": "Oranges, Mandarines", "v": 2.0}]}, {"source": 37, "prod": 0.0014367748690476926, "target": 50, "value": 2.0, "supply": [{"l": "Bananas", "v": 2.0}]}, {"source": 12, "prod": 0.0043448994034570596, "target": 50, "value": 1.0, "supply": [{"l": "Rice", "v": 1.0}]}, {"source": 45, "prod": 0.00047166851761666661, "target": 50, "value": 1.0, "supply": [{"l": "Onions", "v": 1.0}]}, {"source": 14, "prod": 0.0028508967965169742, "target": 50, "value": 14.0, "supply": [{"l": "Tomatoes", "v": 14.0}]}, {"source": 4, "prod": 0.015142285032022867, "target": 50, "value": 5.0, "supply": [{"l": "Barley", "v": 5.0}]}, {"source": 51, "prod": 0.0081454194186199261, "target": 14, "value": 40.0, "supply": [{"l": "Tomatoes", "v": 40.0}]}, {"source": 51, "prod": 0.0060137735996125012, "target": 18, "value": 2.0, "supply": [{"l": "Treenuts", "v": 2.0}]}, {"source": 51, "prod": 0.0073580288748200003, "target": 46, "value": 13.0, "supply": [{"l": "Apples", "v": 13.0}]}, {"source": 51, "prod": 0.0036913188335217389, "target": 39, "value": 8.0, "supply": [{"l": "Tea", "v": 8.0}]}, {"source": 51, "prod": 0.00086339321868813559, "target": 20, "value": 4.0, "supply": [{"l": "Vegetables, Other", "v": 4.0}]}, {"source": 51, "prod": 0.08255308866568413, "target": 12, "value": 19.0, "supply": [{"l": "Rice", "v": 19.0}]}, {"source": 51, "prod": 0.76996036573848303, "target": 3, "value": 489.0, "supply": [{"l": "Wheat", "v": 489.0}]}, {"source": 51, "prod": 0.36341484076854874, "target": 4, "value": 120.0, "supply": [{"l": "Barley", "v": 120.0}]}, {"source": 51, "prod": 0.00084900333171000005, "target": 16, "value": 1.0, "supply": [{"l": "Coffee", "v": 1.0}]}, {"source": 51, "prod": 0.0015160773780535715, "target": 6, "value": 1.0, "supply": [{"l": "Olives", "v": 1.0}]}, {"source": 51, "prod": 0.002122508329275, "target": 52, "value": 1.0, "supply": [{"l": "Cereals, Other", "v": 1.0}]}, {"source": 51, "prod": 0.092926281112561473, "target": 1, "value": 91.0, "supply": [{"l": "Milk - Excluding Butter", "v": 71.0}, {"l": "Fish, Seafood", "v": 7.0}, {"l": "Mutton & Goat Meat", "v": 1.0}, {"l": "Pelagic Fish", "v": 7.0}, {"l": "Bovine Meat", "v": 2.0}, {"l": "Eggs", "v": 2.0}, {"l": "Poultry Meat", "v": 1.0}]}, {"source": 51, "prod": 0.0057732226556280013, "target": 8, "value": 2.0, "supply": [{"l": "Nuts", "v": 2.0}]}, {"source": 51, "prod": 0.00424501665855, "target": 49, "value": 1.0, "supply": [{"l": "Oilcrops, Other", "v": 1.0}]}, {"source": 51, "prod": 0.0084900333171, "target": 26, "value": 1.0, "supply": [{"l": "Cocoa Beans", "v": 1.0}]}, {"source": 51, "prod": 0.0009285973940578125, "target": 27, "value": 1.0, "supply": [{"l": "Potatoes", "v": 1.0}]}, {"source": 51, "prod": 0.00094333703523333322, "target": 45, "value": 2.0, "supply": [{"l": "Onions", "v": 2.0}]}, {"source": 51, "prod": 0.010775811517857692, "target": 37, "value": 15.0, "supply": [{"l": "Bananas", "v": 15.0}]}, {"source": 51, "prod": 0.0036385857073285722, "target": 38, "value": 1.0, "supply": [{"l": "Spices, Other", "v": 1.0}]}, {"source": 51, "prod": 0.42755852319144949, "target": 47, "value": 82.0, "supply": [{"l": "Olive Oil", "v": 12.0}, {"l": "Sweeteners, Other", "v": 1.0}, {"l": "Sugar", "v": 66.0}, {"l": "Oilcrops Oil, Other", "v": 1.0}, {"l": "Butter, Ghee", "v": 2.0}]}, {"source": 51, "prod": 0.00084900333171000005, "target": 23, "value": 1.0, "supply": [{"l": "Grapes", "v": 1.0}]}, {"source": 51, "prod": 0.014396143450734785, "target": 40, "value": 39.0, "supply": [{"l": "Fruits, Other", "v": 39.0}]}, {"source": 51, "prod": 0.0014150055528499999, "target": 17, "value": 1.0, "supply": [{"l": "Coconuts - Incl Copra", "v": 1.0}]}, {"source": 51, "prod": 0.012245240361201924, "target": 30, "value": 3.0, "supply": [{"l": "Pulses, Other", "v": 3.0}]}, {"source": 3, "prod": 0.0015745610751298222, "target": 53, "value": 1.0, "supply": [{"l": "Wheat", "v": 1.0}]}, {"source": 54, "prod": 0.010181774273274906, "target": 14, "value": 50.0, "supply": [{"l": "Tomatoes", "v": 50.0}]}, {"source": 54, "prod": 0.10599599522416005, "target": 4, "value": 35.0, "supply": [{"l": "Barley", "v": 35.0}]}, {"source": 2, "prod": 0.021745223673837154, "target": 55, "value": 12.0, "supply": [{"l": "Dates", "v": 12.0}]}, {"source": 39, "prod": 0.00046141485419021736, "target": 55, "value": 1.0, "supply": [{"l": "Tea", "v": 1.0}]}, {"source": 54, "prod": 0.021008500810170919, "target": 47, "value": 5.0, "supply": [{"l": "Sugar", "v": 5.0}]}, {"source": 30, "prod": 0.0040817467870673078, "target": 55, "value": 1.0, "supply": [{"l": "Pulses, Other", "v": 1.0}]}, {"source": 3, "prod": 0.009447366450778932, "target": 55, "value": 6.0, "supply": [{"l": "Wheat", "v": 6.0}]}, {"source": 56, "prod": 0.002122508329275, "target": 0, "value": 1.0, "supply": [{"l": "Maize", "v": 1.0}]}, {"source": 56, "prod": 0.11067364859791073, "target": 6, "value": 73.0, "supply": [{"l": "Olives", "v": 73.0}]}, {"source": 56, "prod": 0.0018456594167608694, "target": 40, "value": 5.0, "supply": [{"l": "Fruits, Other", "v": 5.0}]}, {"source": 56, "prod": 0.16050822133944237, "target": 4, "value": 53.0, "supply": [{"l": "Barley", "v": 53.0}]}, {"source": 56, "prod": 0.027694426023307749, "target": 14, "value": 136.0, "supply": [{"l": "Tomatoes", "v": 136.0}]}, {"source": 56, "prod": 0.042513149028505198, "target": 3, "value": 27.0, "supply": [{"l": "Wheat", "v": 27.0}]}, {"source": 56, "prod": 0.012027547199225002, "target": 18, "value": 4.0, "supply": [{"l": "Treenuts", "v": 4.0}]}, {"source": 56, "prod": 0.0077705389681932205, "target": 20, "value": 36.0, "supply": [{"l": "Vegetables, Other", "v": 36.0}]}, {"source": 56, "prod": 0.00424501665855, "target": 21, "value": 1.0, "supply": [{"l": "Peas", "v": 1.0}]}, {"source": 56, "prod": 0.0059430233219700005, "target": 23, "value": 7.0, "supply": [{"l": "Grapes", "v": 7.0}]}, {"source": 56, "prod": 0.0092859739405781253, "target": 27, "value": 10.0, "supply": [{"l": "Potatoes", "v": 10.0}]}, {"source": 56, "prod": 0.088792996668168381, "target": 2, "value": 49.0, "supply": [{"l": "Dates", "v": 49.0}]}, {"source": 56, "prod": 0.011546445311256003, "target": 8, "value": 4.0, "supply": [{"l": "Nuts", "v": 4.0}]}, {"source": 56, "prod": 0.041421071637972727, "target": 24, "value": 7.0, "supply": [{"l": "Groundnuts", "v": 7.0}]}, {"source": 56, "prod": 0.0005660022211400001, "target": 46, "value": 1.0, "supply": [{"l": "Apples", "v": 1.0}]}, {"source": 56, "prod": 0.0023244444400000001, "target": 33, "value": 2.0, "supply": [{"l": "Lemons, Limes", "v": 2.0}]}, {"source": 56, "prod": 0.002122508329275, "target": 5, "value": 1.0, "supply": [{"l": "Millet", "v": 1.0}]}, {"source": 56, "prod": 0.0058777153733769235, "target": 43, "value": 18.0, "supply": [{"l": "Oranges, Mandarines", "v": 18.0}]}, {"source": 56, "prod": 0.011320044422799999, "target": 45, "value": 24.0, "supply": [{"l": "Onions", "v": 24.0}]}, {"source": 56, "prod": 0.0040817467870673078, "target": 30, "value": 1.0, "supply": [{"l": "Pulses, Other", "v": 1.0}]}, {"source": 1, "prod": 0.0039184769155846157, "target": 41, "value": 3.0, "supply": [{"l": "Poultry Meat", "v": 3.0}]}, {"source": 1, "prod": 0.010612541646375, "target": 36, "value": 10.0, "supply": [{"l": "Pelagic Fish", "v": 10.0}]}, {"source": 1, "prod": 0.020027770901876924, "target": 44, "value": 8.0, "supply": [{"l": "Bovine Meat", "v": 8.0}]}, {"source": 1, "prod": 0.0069917921434941186, "target": 19, "value": 4.0, "supply": [{"l": "Eggs", "v": 4.0}]}, {"source": 1, "prod": 0.1146664191060813, "target": 28, "value": 124.0, "supply": [{"l": "Milk - Excluding Butter", "v": 124.0}]}, {"source": 1, "prod": 0.0079045137779896538, "target": 42, "value": 6.0, "supply": [{"l": "Offals, Edible", "v": 6.0}]}, {"source": 1, "prod": 0.0016980066634200001, "target": 22, "value": 2.0, "supply": [{"l": "Marine Fish, Other", "v": 2.0}]}, {"source": 1, "prod": 0.012295910321317242, "target": 31, "value": 12.0, "supply": [{"l": "Fish, Seafood", "v": 12.0}]}, {"source": 1, "prod": 0.024591820642634484, "target": 32, "value": 12.0, "supply": [{"l": "Meat, Other", "v": 12.0}]}, {"source": 1, "prod": 0.082943410597909578, "target": 34, "value": 29.0, "supply": [{"l": "Mutton & Goat Meat", "v": 29.0}]}, {"source": 47, "prod": 0.27756271573434765, "target": 25, "value": 27.0, "supply": [{"l": "Olive Oil", "v": 27.0}]}, {"source": 47, "prod": 0.0097028952195428592, "target": 15, "value": 1.0, "supply": [{"l": "Fats, Animals, Raw", "v": 1.0}]}, {"source": 47, "prod": 0.0028300111056999999, "target": 35, "value": 1.0, "supply": [{"l": "Sweeteners, Other", "v": 1.0}]}, {"source": 47, "prod": 0.25630370988408518, "target": 9, "value": 61.0, "supply": [{"l": "Sugar", "v": 61.0}]}, {"source": 47, "prod": 0.00084900333171000005, "target": 11, "value": 1.0, "supply": [{"l": "Beer", "v": 1.0}]}, {"source": 47, "prod": 0.0084900333171, "target": 10, "value": 1.0, "supply": [{"l": "Oilcrops Oil, Other", "v": 1.0}]}, {"source": 47, "prod": 0.0077825305406749997, "target": 13, "value": 1.0, "supply": [{"l": "Butter, Ghee", "v": 1.0}]}]}