{"nodes": [{"layer": 3, "name": "Cereals", "fill": "#e7ba52"}, {"layer": 5, "name": "Production", "fill": "#b5cf6b"}, {"layer": 3, "name": "Oilcrops", "fill": "#ff9896"}, {"layer": 3, "name": "Sugar Crops", "fill": "#ffbb78"}, {"layer": 3, "name": "Starchy Roots"}, {"layer": 3, "name": "Fruits & Vegetables"}, {"layer": 3, "name": "Others"}, {"layer": 1, "name": "Electricity", "fill": "#bcbd22"}, {"layer": 0, "name": "Fossil Fuels", "fill": "#c49c94"}, {"layer": 0, "name": "Renewables & Nuclear", "fill": "#2ca02c"}, {"layer": 1, "name": "Fertilizers", "fill": "#c5b0d5"}, {"layer": 0, "name": "Labor", "fill": "#7f7f7f"}], "links": [{"source": 0, "prod": 2200.0, "target": 1, "value": 8.7266290075282456, "supply": [{"l": "Maize", "v": 0.94485854658048396}, {"l": "Rice", "v": 7.4577201277578657}, {"l": "Wheat", "v": 0.0063890611490014107}, {"l": "Sorghum", "v": 0.3141488469097064}, {"l": "Millet", "v": 0.0035124251311879433}]}, {"source": 2, "prod": 114.0, "target": 1, "value": 0.59589205532669209, "supply": [{"l": "Olives", "v": 0.002122508329275}, {"l": "Groundnuts", "v": 0.41123598879703122}, {"l": "Oilcrops, Other", "v": 0.15767204731757145}, {"l": "Soyabeans", "v": 0.024861510882814439}]}, {"source": 3, "prod": 7162.0, "target": 1, "value": 2.4142900188286522, "supply": [{"l": "Sugar cane", "v": 2.4142900188286522}]}, {"source": 4, "prod": 550.0, "target": 1, "value": 0.49952073170072359, "supply": [{"l": "Roots, Other", "v": 0.080220787248188971}, {"l": "Potatoes", "v": 0.03444070119200944}, {"l": "Sweet potatoes", "v": 0.35519527142969387}, {"l": "Cassava", "v": 0.029663971830831328}]}, {"source": 5, "prod": 5172.0, "target": 1, "value": 2.3435556243136912, "supply": [{"l": "Citrus, Other", "v": 0.0084900333171}, {"l": "Tomatoes", "v": 0.13209517712955787}, {"l": "Treenuts", "v": 0.15898533727563061}, {"l": "Vegetables, Other", "v": 0.99388542701130622}, {"l": "Grapes", "v": 0.058528486194036076}, {"l": "Beans", "v": 0.12439377173561944}, {"l": "Apples", "v": 0.0076192606691923067}, {"l": "Lemons, Limes", "v": 0.0036913188335217389}, {"l": "Pineapples", "v": 0.086436990784954745}, {"l": "Bananas", "v": 0.16090634572408571}, {"l": "Fruits, Other", "v": 0.44826591615598199}, {"l": "Grapefruit", "v": 0.017433333299999999}, {"l": "Oranges, Mandarines", "v": 0.12985334194824624}, {"l": "Onions", "v": 0.012970884234458333}]}, {"source": 6, "prod": 109.0, "target": 1, "value": 0.29421943939800921, "supply": [{"l": "Nuts", "v": 0.15898533727563061}, {"l": "Spices, Other", "v": 0.12128619024428573}, {"l": "Tea", "v": 0.013947911878092857}]}, {"source": 7, "prod": 0, "target": 0, "value": 0.0016798255138825205, "supply": "[{\"l\":'Energy for power irrigation',\"v\":0.0016798255138825205}]"}, {"source": 7, "prod": 0, "target": 2, "value": 0.0003299558509656218, "supply": "[{\"l\":'Energy for power irrigation',\"v\":0.0003299558509656218}]"}, {"source": 7, "prod": 0, "target": 3, "value": 0.0026403841392355124, "supply": "[{\"l\":'Energy for power irrigation',\"v\":0.0026403841392355124}]"}, {"source": 7, "prod": 0, "target": 4, "value": 0.00046912717357961315, "supply": "[{\"l\":'Energy for power irrigation',\"v\":0.00046912717357961315}]"}, {"source": 7, "prod": 0, "target": 5, "value": 0.0019366012124272755, "supply": "[{\"l\":'Energy for power irrigation',\"v\":0.0019366012124272755}]"}, {"source": 7, "prod": 0, "target": 6, "value": 4.3133893366455589e-05, "supply": "[{\"l\":'Energy for power irrigation',\"v\":4.3133893366455589e-05}]"}, {"source": 8, "prod": 0, "target": 7, "value": 0.011027825624512986, "supply": [{"l": "Coal", "v": 0.0075344988036162366}, {"l": "Natural gas", "v": 0.0014704202599963103}, {"l": "Oil", "v": 0.0020229065609004395}]}, {"source": 9, "prod": 0, "target": 7, "value": 0.0027105740364395414, "supply": [{"l": "Nuclear", "v": 0.0011542030400956008}, {"l": "Hydroelectric", "v": 0.0015090249462527017}, {"l": "Renewable", "v": 4.7346050091238913e-05}]}, {"source": 10, "prod": 108.57923064672482, "target": 0, "value": 1.0500071671098261, "supply": [{"l": "Potash", "v": 0.30169366042654006}, {"l": "Phosphate", "v": 0.63225719495025023}, {"l": "Nitrogen", "v": 3.5034326648397824}]}, {"source": 10, "prod": 21.3274248719014, "target": 2, "value": 0.20624523528218905, "supply": [{"l": "Potash", "v": 0.30169366042654006}, {"l": "Phosphate", "v": 0.63225719495025023}, {"l": "Nitrogen", "v": 3.5034326648397824}]}, {"source": 10, "prod": 170.66705802520428, "target": 3, "value": 1.6504227654648471, "supply": [{"l": "Potash", "v": 0.30169366042654006}, {"l": "Phosphate", "v": 0.63225719495025023}, {"l": "Nitrogen", "v": 3.5034326648397824}]}, {"source": 10, "prod": 30.323070558094443, "target": 4, "value": 0.29323694066657602, "supply": [{"l": "Potash", "v": 0.30169366042654006}, {"l": "Phosphate", "v": 0.63225719495025023}, {"l": "Nitrogen", "v": 3.5034326648397824}]}, {"source": 10, "prod": 125.17649480681347, "target": 5, "value": 1.2105097440640662, "supply": [{"l": "Potash", "v": 0.30169366042654006}, {"l": "Phosphate", "v": 0.63225719495025023}, {"l": "Nitrogen", "v": 3.5034326648397824}]}, {"source": 10, "prod": 2.7880544245949315, "target": 6, "value": 0.026961667629068289, "supply": [{"l": "Potash", "v": 0.30169366042654006}, {"l": "Phosphate", "v": 0.63225719495025023}, {"l": "Nitrogen", "v": 3.5034326648397824}]}, {"source": 8, "prod": 0, "target": 10, "value": 5.5129754501873371, "supply": [{"l": "Natural gas (including LNG)", "v": 3.6781145557512289}, {"l": "Fuel oil", "v": 1.2155549456573542}, {"l": "Liquefied petroleum gas (LPG)", "v": 0.30965297438937728}, {"l": "Coal", "v": 0.30965297438937728}]}, {"source": 11, "prod": 0, "target": 0, "value": 1.3543448232925395, "supply": "[{\"l\":'Labor',\"v\":1.3543448232925395}]"}, {"source": 11, "prod": 0, "target": 2, "value": 0.26602405724719036, "supply": "[{\"l\":'Labor',\"v\":0.26602405724719036}]"}, {"source": 11, "prod": 0, "target": 3, "value": 2.1287869251445559, "supply": "[{\"l\":'Labor',\"v\":2.1287869251445559}]"}, {"source": 11, "prod": 0, "target": 4, "value": 0.37822973502463658, "supply": "[{\"l\":'Labor',\"v\":0.37822973502463658}]"}, {"source": 11, "prod": 0, "target": 5, "value": 1.5613680142117219, "supply": "[{\"l\":'Labor',\"v\":1.5613680142117219}]"}, {"source": 11, "prod": 0, "target": 6, "value": 0.034776329271420416, "supply": "[{\"l\":'Labor',\"v\":0.034776329271420416}]"}]}