{"nodes": [{"layer": 3, "name": "Vegetables"}, {"layer": 5, "name": "Production", "fill": "#b5cf6b"}, {"layer": 3, "name": "Starchy Roots"}, {"layer": 3, "name": "Fruits - Excluding Wine"}, {"layer": 3, "name": "Cereals - Excluding Beer"}, {"layer": 0, "name": "Fossil Fuels", "fill": "#c49c94"}, {"layer": 1, "name": "Fertilizers", "fill": "#c5b0d5"}, {"layer": 0, "name": "Labor", "fill": "#7f7f7f"}], "links": [{"source": 0, "prod": 3.0, "target": 1, "value": 0.00076080617179455693, "supply": [{"l": "Vegetables, Other", "v": 0.00076080617179455693}]}, {"source": 2, "prod": 3.0, "target": 1, "value": 0.0035406557827865398, "supply": [{"l": "Cassava", "v": 0.0023712297060510023}, {"l": "Sweet potatoes", "v": 0.0011694260767355373}]}, {"source": 3, "prod": 2.0, "target": 1, "value": 0.00084078070645782373, "supply": [{"l": "Fruits, Other", "v": 0.00053205222219964191}, {"l": "Pineapples", "v": 0.00030872848425818182}]}, {"source": 4, "prod": 3.0, "target": 1, "value": 0.012985159915984264, "supply": [{"l": "Rice", "v": 0.012985159915984264}]}, {"source": 5, "prod": 0, "target": 2, "value": 0.0018663194459375, "supply": [{"l": "Gas-Diesel oil", "v": 0.0018663194459375}]}, {"source": 5, "prod": 0, "target": 3, "value": 0.0018663194459375, "supply": [{"l": "Gas-Diesel oil", "v": 0.0018663194459375}]}, {"source": 5, "prod": 0, "target": 0, "value": 0.0022395833351249997, "supply": [{"l": "Gas-Diesel oil", "v": 0.0022395833351249997}]}, {"source": 5, "prod": 0, "target": 4, "value": 0.0055989583378124996, "supply": [{"l": "Gas-Diesel oil", "v": 0.0055989583378124996}]}, {"source": 6, "prod": 0.0011846845165906458, "target": 2, "value": 7.8039312186103655e-06, "supply": [{"l": "Potash", "v": 8.1504064362845997e-06}, {"l": "Phosphate", "v": 1.1604816926993313e-05}, {"l": "Nitrogen", "v": 3.0189936435828425e-05}]}, {"source": 6, "prod": 0.0011846845165906458, "target": 3, "value": 7.8039312186103655e-06, "supply": [{"l": "Potash", "v": 8.1504064362845997e-06}, {"l": "Phosphate", "v": 1.1604816926993313e-05}, {"l": "Nitrogen", "v": 3.0189936435828425e-05}]}, {"source": 6, "prod": 0.0014216214199087749, "target": 0, "value": 9.3647174623324379e-06, "supply": [{"l": "Potash", "v": 8.1504064362845997e-06}, {"l": "Phosphate", "v": 1.1604816926993313e-05}, {"l": "Nitrogen", "v": 3.0189936435828425e-05}]}, {"source": 6, "prod": 0.0035540535497719373, "target": 4, "value": 2.3411793655831095e-05, "supply": [{"l": "Potash", "v": 8.1504064362845997e-06}, {"l": "Phosphate", "v": 1.1604816926993313e-05}, {"l": "Nitrogen", "v": 3.0189936435828425e-05}]}, {"source": 5, "prod": 0, "target": 6, "value": 6.679229951123021e-05, "supply": [{"l": "Natural gas (including LNG)", "v": 4.3075755979288301e-05}, {"l": "Fuel oil", "v": 1.8379832649611862e-05}, {"l": "Liquefied petroleum gas (LPG)", "v": 2.6683554411650221e-06}, {"l": "Coal", "v": 2.6683554411650221e-06}]}, {"source": 7, "prod": 0, "target": 2, "value": 0.0001396176764189817, "supply": "[{\"l\":'Labor',\"v\":0.0001396176764189817}]"}, {"source": 7, "prod": 0, "target": 3, "value": 0.0001396176764189817, "supply": "[{\"l\":'Labor',\"v\":0.0001396176764189817}]"}, {"source": 7, "prod": 0, "target": 0, "value": 0.00016754121170277803, "supply": "[{\"l\":'Labor',\"v\":0.00016754121170277803}]"}, {"source": 7, "prod": 0, "target": 4, "value": 0.00041885302925694507, "supply": "[{\"l\":'Labor',\"v\":0.00041885302925694507}]"}]}