{"nodes": [{"name": "Balance", "fill": "#9edae5"}, {"name": "Food", "fill": "#b5cf6b"}, {"name": "Stock Deposit", "fill": "#c7c7c7"}, {"name": "Biofuels & Other", "fill": "#e7ba52"}, {"name": "Renewables & Nuclear", "fill": "#2ca02c"}, {"name": "Fossil Fuels", "fill": "#c49c94"}, {"name": "Stock Draw", "fill": "#c7c7c7"}, {"name": "Labor", "fill": "#7f7f7f"}], "links": [{"source": 0, "target": 1, "value": 0.11413799368877765}, {"source": 0, "target": 2, "value": 0.0042410714757818314}, {"source": 0, "target": 3, "value": 0.0043300088751984586}, {"source": 4, "target": 0, "value": 0.012831112205119434}, {"source": 5, "target": 0, "value": 0.15756401844893964}, {"source": 6, "target": 0, "value": 0.0086600177503969172}, {"source": 7, "target": 0, "value": 0.0015652818956645872}]}