{"nodes": [{"layer": 13, "name": "Aquatic Products", "fill": "#1f77b4"}, {"layer": 10, "name": "Feed", "fill": "#dbdb8d"}, {"layer": 5, "name": "Cereals", "fill": "#e7ba52"}, {"layer": 13, "name": "Other Processed", "fill": "#9c9ede"}, {"layer": 16, "name": "Food", "fill": "#b5cf6b"}, {"layer": 13, "name": "Animal Products", "fill": "#17becf"}, {"layer": 5, "name": "Oilcrops", "fill": "#ff9896"}, {"layer": 5, "name": "Fruits, Roots & Vegetables", "fill": "#98df8a"}, {"layer": 13, "name": "Sugar", "fill": "#d6616b"}, {"layer": 13, "name": "Vegetable Oils", "fill": "#f7b6d2"}, {"layer": 16, "name": "Biofuels & Other", "fill": "#e7ba52"}, {"name": "Waste", "fill": "#c7c7c7"}, {"layer": 0, "name": "Import", "fill": "#aec7e8"}, {"layer": 10, "name": "Processing", "fill": "#9edae5"}, {"layer": 16, "name": "Export", "fill": "#aec7e8"}, {"layer": 0, "name": "Stock Draw", "fill": "#c7c7c7"}, {"layer": 16, "name": "Stock Deposit", "fill": "#c7c7c7"}, {"layer": 0, "name": "Production", "fill": "#b5cf6b"}], "links": [{"source": 0, "prod": 0.0027735753878829917, "target": 1, "value": 4.0, "supply": [{"l": "Crustaceans", "v": 1.0}, {"l": "Fish, Seafood", "v": 2.0}, {"l": "Pelagic Fish", "v": 1.0}]}, {"source": 2, "prod": 0.013006452680049099, "target": 1, "value": 3.0, "supply": [{"l": "Rice", "v": 3.0}]}, {"source": 3, "prod": 0.0030018332085460721, "target": 4, "value": 6.0, "supply": [{"l": "Beer", "v": 6.0}]}, {"source": 5, "prod": 0.037053760583629178, "target": 4, "value": 28.0, "supply": [{"l": "Pigmeat", "v": 1.0}, {"l": "Milk - Excluding Butter", "v": 15.0}, {"l": "Bovine Meat", "v": 4.0}, {"l": "Eggs", "v": 2.0}, {"l": "Poultry Meat", "v": 6.0}]}, {"source": 2, "prod": 0.10038915735635692, "target": 4, "value": 27.0, "supply": [{"l": "Maize", "v": 4.0}, {"l": "Rice", "v": 13.0}, {"l": "Wheat", "v": 10.0}]}, {"source": 6, "prod": 0.0011791712940416666, "target": 4, "value": 1.0, "supply": [{"l": "Coconuts - Incl Copra", "v": 1.0}]}, {"source": 7, "prod": 0.020501663373181916, "target": 4, "value": 36.0, "supply": [{"l": "Roots, Other", "v": 1.0}, {"l": "Potatoes", "v": 3.0}, {"l": "Fruits, Other", "v": 11.0}, {"l": "Apples", "v": 1.0}, {"l": "Pineapples", "v": 1.0}, {"l": "Bananas", "v": 1.0}, {"l": "Spices, Other", "v": 1.0}, {"l": "Vegetables, Other", "v": 13.0}, {"l": "Oranges, Mandarines", "v": 2.0}, {"l": "Onions", "v": 1.0}, {"l": "Cassava", "v": 1.0}]}, {"source": 8, "prod": 0.039518402315999984, "target": 4, "value": 11.0, "supply": [{"l": "Sugar", "v": 8.0}, {"l": "Sweeteners, Other", "v": 3.0}]}, {"source": 0, "prod": 0.011382428004227632, "target": 4, "value": 18.0, "supply": [{"l": "Fish, Seafood", "v": 9.0}, {"l": "Molluscs, Other", "v": 2.0}, {"l": "Marine Fish, Other", "v": 4.0}, {"l": "Crustaceans", "v": 3.0}]}, {"source": 9, "prod": 0.01027995487113248, "target": 4, "value": 1.0, "supply": [{"l": "Groundnut Oil", "v": 1.0}]}, {"source": 9, "prod": 0.020215100242206949, "target": 10, "value": 2.0, "supply": [{"l": "Palm Oil", "v": 1.0}, {"l": "Groundnut Oil", "v": 1.0}]}, {"source": 2, "prod": 0.013006452680049099, "target": 10, "value": 3.0, "supply": [{"l": "Rice", "v": 3.0}]}, {"source": 7, "prod": 0.00034065806791508358, "target": 11, "value": 1.0, "supply": [{"l": "Vegetables, Other", "v": 1.0}]}, {"source": 2, "prod": 0.0043354842266830331, "target": 11, "value": 1.0, "supply": [{"l": "Rice", "v": 1.0}]}, {"source": 12, "prod": 0.074859838014593727, "target": 13, "value": 21.0, "supply": [{"l": "Coconut Oil", "v": 1.0}, {"l": "Sugar", "v": 8.0}, {"l": "Beer", "v": 6.0}, {"l": "Groundnut Oil", "v": 1.0}, {"l": "Sweeteners, Other", "v": 4.0}, {"l": "Palm Oil", "v": 1.0}]}, {"source": 12, "prod": 0.13073754694313816, "target": 2, "value": 34.0, "supply": [{"l": "Maize", "v": 4.0}, {"l": "Rice", "v": 20.0}, {"l": "Wheat", "v": 10.0}]}, {"source": 12, "prod": 0.039217755162841518, "target": 1, "value": 40.0, "supply": [{"l": "Pigmeat", "v": 1.0}, {"l": "Molluscs, Other", "v": 2.0}, {"l": "Milk - Excluding Butter", "v": 16.0}, {"l": "Fish, Seafood", "v": 9.0}, {"l": "Pelagic Fish", "v": 2.0}, {"l": "Bovine Meat", "v": 3.0}, {"l": "Eggs", "v": 1.0}, {"l": "Poultry Meat", "v": 1.0}, {"l": "Marine Fish, Other", "v": 2.0}, {"l": "Crustaceans", "v": 3.0}]}, {"source": 12, "prod": 0.01457200860632319, "target": 7, "value": 23.0, "supply": [{"l": "Potatoes", "v": 3.0}, {"l": "Fruits, Other", "v": 8.0}, {"l": "Apples", "v": 1.0}, {"l": "Spices, Other", "v": 1.0}, {"l": "Vegetables, Other", "v": 6.0}, {"l": "Oranges, Mandarines", "v": 2.0}, {"l": "Onions", "v": 1.0}, {"l": "Cassava", "v": 1.0}]}, {"source": 5, "prod": 0.00094944105881199909, "target": 14, "value": 1.0, "supply": [{"l": "Milk - Excluding Butter", "v": 1.0}]}, {"source": 8, "prod": 0.0018470934955617719, "target": 14, "value": 1.0, "supply": [{"l": "Sweeteners, Other", "v": 1.0}]}, {"source": 15, "prod": 0.0042471402286643331, "target": 13, "value": 1.0, "supply": [{"l": "Sugar", "v": 1.0}]}, {"source": 2, "prod": 0.0086709684533660663, "target": 16, "value": 2.0, "supply": [{"l": "Rice", "v": 2.0}]}, {"source": 17, "prod": 0.0077480289362290723, "target": 7, "value": 16.0, "supply": [{"l": "Roots, Other", "v": 1.0}, {"l": "Bananas", "v": 1.0}, {"l": "Vegetables, Other", "v": 9.0}, {"l": "Fruits, Other", "v": 3.0}, {"l": "Pineapples", "v": 1.0}, {"l": "Cassava", "v": 1.0}]}, {"source": 17, "prod": 0.0086709684533660663, "target": 2, "value": 2.0, "supply": [{"l": "Rice", "v": 2.0}]}, {"source": 17, "prod": 0.0011791712940416666, "target": 6, "value": 1.0, "supply": [{"l": "Coconuts - Incl Copra", "v": 1.0}]}, {"source": 1, "prod": 0.014156003392110624, "target": 0, "value": 22.0, "supply": [{"l": "Crustaceans", "v": 4.0}, {"l": "Pelagic Fish", "v": 1.0}, {"l": "Marine Fish, Other", "v": 4.0}, {"l": "Fish, Seafood", "v": 11.0}, {"l": "Molluscs, Other", "v": 2.0}]}, {"source": 1, "prod": 0.038003201642441177, "target": 5, "value": 29.0, "supply": [{"l": "Milk - Excluding Butter", "v": 16.0}, {"l": "Bovine Meat", "v": 4.0}, {"l": "Pigmeat", "v": 1.0}, {"l": "Eggs", "v": 2.0}, {"l": "Poultry Meat", "v": 6.0}]}, {"source": 13, "prod": 0.0030018332085460721, "target": 3, "value": 6.0, "supply": [{"l": "Beer", "v": 6.0}]}, {"source": 13, "prod": 0.030495055113339428, "target": 9, "value": 3.0, "supply": [{"l": "Palm Oil", "v": 1.0}, {"l": "Groundnut Oil", "v": 2.0}]}, {"source": 13, "prod": 0.041365495811561757, "target": 8, "value": 12.0, "supply": [{"l": "Sweeteners, Other", "v": 4.0}, {"l": "Sugar", "v": 8.0}]}]}