{"nodes": [{"name": "Balance", "fill": "#9edae5"}, {"name": "Food", "fill": "#b5cf6b"}, {"name": "Stock Deposit", "fill": "#c7c7c7"}, {"name": "Export", "fill": "#aec7e8"}, {"name": "Biofuels & Other", "fill": "#e7ba52"}, {"name": "Renewables & Nuclear", "fill": "#2ca02c"}, {"name": "Fossil Fuels", "fill": "#c49c94"}, {"name": "Stock Draw", "fill": "#c7c7c7"}, {"name": "Labor", "fill": "#7f7f7f"}], "links": [{"source": 0, "target": 1, "value": 0.22330637100711587}, {"source": 0, "target": 2, "value": 0.0086709684533660663}, {"source": 0, "target": 3, "value": 0.0027965345543737711}, {"source": 0, "target": 4, "value": 0.033221552922256051}, {"source": 5, "target": 0, "value": 0.0025567824696298091}, {"source": 6, "target": 0, "value": 0.5787670713837666}, {"source": 7, "target": 0, "value": 0.0042471402286643331}, {"source": 8, "target": 0, "value": 0.00215558913766413}]}