{"nodes": [{"layer": 5, "name": "Cereals - Excluding Beer"}, {"layer": 10, "name": "Feed", "fill": "#dbdb8d"}, {"layer": 13, "name": "Fish, Seafood"}, {"layer": 5, "name": "Starchy Roots"}, {"layer": 16, "name": "Food", "fill": "#b5cf6b"}, {"layer": 13, "name": "Meat"}, {"layer": 13, "name": "Sugar & Sweeteners"}, {"layer": 13, "name": "Eggs"}, {"layer": 13, "name": "Alcoholic Beverages"}, {"layer": 13, "name": "Milk - Excluding Butter"}, {"layer": 5, "name": "Fruits - Excluding Wine"}, {"layer": 5, "name": "Vegetables"}, {"layer": 5, "name": "Oilcrops", "fill": "#ff9896"}, {"layer": 16, "name": "Biofuels & Other", "fill": "#e7ba52"}, {"name": "Waste", "fill": "#c7c7c7"}, {"layer": 0, "name": "Import", "fill": "#aec7e8"}, {"layer": 10, "name": "Processing", "fill": "#9edae5"}, {"layer": 16, "name": "Stock Deposit", "fill": "#c7c7c7"}, {"layer": 0, "name": "Production", "fill": "#b5cf6b"}], "links": [{"source": 0, "prod": 0.008663742438677494, "target": 1, "value": 2.0, "supply": [{"l": "Rice", "v": 2.0}]}, {"source": 2, "prod": 0.0013525129143329966, "target": 1, "value": 2.0, "supply": [{"l": "Marine Fish, Other", "v": 1.0}, {"l": "Fish, Seafood", "v": 1.0}]}, {"source": 3, "prod": 0.0029040743498164896, "target": 4, "value": 3.0, "supply": [{"l": "Roots, Other", "v": 2.0}, {"l": "Cassava", "v": 1.0}]}, {"source": 5, "prod": 0.0048061491917411577, "target": 4, "value": 4.0, "supply": [{"l": "Bovine Meat", "v": 3.0}, {"l": "Poultry Meat", "v": 1.0}]}, {"source": 6, "prod": 0.021193607637842317, "target": 4, "value": 5.0, "supply": [{"l": "Sugar", "v": 5.0}]}, {"source": 7, "prod": 0.0016693885735870788, "target": 4, "value": 1.0, "supply": [{"l": "Eggs", "v": 1.0}]}, {"source": 8, "prod": 0.00050787836393419736, "target": 4, "value": 1.0, "supply": [{"l": "Beer", "v": 1.0}]}, {"source": 9, "prod": 0.0020039417742958297, "target": 4, "value": 3.0, "supply": [{"l": "Milk - Excluding Butter", "v": 3.0}]}, {"source": 2, "prod": 0.0037512952976310205, "target": 4, "value": 6.0, "supply": [{"l": "Fish, Seafood", "v": 3.0}, {"l": "Marine Fish, Other", "v": 2.0}, {"l": "Crustaceans", "v": 1.0}]}, {"source": 10, "prod": 0.0020096709439488005, "target": 4, "value": 5.0, "supply": [{"l": "Fruits, Other", "v": 3.0}, {"l": "Pineapples", "v": 1.0}, {"l": "Oranges, Mandarines", "v": 1.0}]}, {"source": 0, "prod": 0.051154086173714329, "target": 4, "value": 13.0, "supply": [{"l": "Wheat", "v": 4.0}, {"l": "Rice", "v": 9.0}]}, {"source": 11, "prod": 0.001854354172043255, "target": 4, "value": 6.0, "supply": [{"l": "Vegetables, Other", "v": 6.0}]}, {"source": 12, "prod": 0.0011730615982176167, "target": 4, "value": 1.0, "supply": [{"l": "Coconuts - Incl Copra", "v": 1.0}]}, {"source": 0, "prod": 0.004331871219338747, "target": 13, "value": 1.0, "supply": [{"l": "Rice", "v": 1.0}]}, {"source": 0, "prod": 0.004331871219338747, "target": 14, "value": 1.0, "supply": [{"l": "Rice", "v": 1.0}]}, {"source": 11, "prod": 0.00030905902867387581, "target": 14, "value": 1.0, "supply": [{"l": "Vegetables, Other", "v": 1.0}]}, {"source": 15, "prod": 0.0083244147352677118, "target": 1, "value": 10.0, "supply": [{"l": "Bovine Meat", "v": 2.0}, {"l": "Eggs", "v": 1.0}, {"l": "Milk - Excluding Butter", "v": 3.0}, {"l": "Marine Fish, Other", "v": 1.0}, {"l": "Fish, Seafood", "v": 2.0}, {"l": "Crustaceans", "v": 1.0}]}, {"source": 15, "prod": 0.059817828612391821, "target": 0, "value": 15.0, "supply": [{"l": "Wheat", "v": 4.0}, {"l": "Rice", "v": 11.0}]}, {"source": 15, "prod": 0.01746276447420805, "target": 16, "value": 5.0, "supply": [{"l": "Sugar", "v": 4.0}, {"l": "Beer", "v": 1.0}]}, {"source": 15, "prod": 0.00061811805734775162, "target": 11, "value": 2.0, "supply": [{"l": "Vegetables, Other", "v": 2.0}]}, {"source": 15, "prod": 0.00097514276706224534, "target": 10, "value": 2.0, "supply": [{"l": "Fruits, Other", "v": 2.0}]}, {"source": 15, "prod": 0.00087286154733721738, "target": 3, "value": 1.0, "supply": [{"l": "Roots, Other", "v": 1.0}]}, {"source": 0, "prod": 0.004331871219338747, "target": 17, "value": 1.0, "supply": [{"l": "Rice", "v": 1.0}]}, {"source": 18, "prod": 0.0011730615982176167, "target": 12, "value": 1.0, "supply": [{"l": "Coconuts - Incl Copra", "v": 1.0}]}, {"source": 18, "prod": 0.0031895640576213267, "target": 3, "value": 3.0, "supply": [{"l": "Roots, Other", "v": 1.0}, {"l": "Cassava", "v": 2.0}]}, {"source": 18, "prod": 0.017327484877354988, "target": 0, "value": 4.0, "supply": [{"l": "Rice", "v": 4.0}]}, {"source": 18, "prod": 0.00076976622313083777, "target": 10, "value": 2.0, "supply": [{"l": "Fruits, Other", "v": 1.0}, {"l": "Pineapples", "v": 1.0}]}, {"source": 18, "prod": 0.0015452951433693792, "target": 11, "value": 5.0, "supply": [{"l": "Vegetables, Other", "v": 5.0}]}, {"source": 1, "prod": 0.0020039417742958297, "target": 9, "value": 3.0, "supply": [{"l": "Milk - Excluding Butter", "v": 3.0}]}, {"source": 1, "prod": 0.0016693885735870788, "target": 7, "value": 1.0, "supply": [{"l": "Eggs", "v": 1.0}]}, {"source": 1, "prod": 0.0048061491917411577, "target": 5, "value": 4.0, "supply": [{"l": "Poultry Meat", "v": 1.0}, {"l": "Bovine Meat", "v": 3.0}]}, {"source": 1, "prod": 0.0051038082119640171, "target": 2, "value": 8.0, "supply": [{"l": "Crustaceans", "v": 1.0}, {"l": "Marine Fish, Other", "v": 3.0}, {"l": "Fish, Seafood", "v": 4.0}]}, {"source": 16, "prod": 0.021193607637842317, "target": 6, "value": 5.0, "supply": [{"l": "Sugar", "v": 5.0}]}, {"source": 16, "prod": 0.00050787836393419736, "target": 8, "value": 1.0, "supply": [{"l": "Beer", "v": 1.0}]}]}