{"nodes": [{"layer": 13, "name": "Aquatic Products", "fill": "#1f77b4"}, {"layer": 10, "name": "Feed", "fill": "#dbdb8d"}, {"layer": 5, "name": "Cereals", "fill": "#e7ba52"}, {"layer": 13, "name": "Other Processed", "fill": "#9c9ede"}, {"layer": 16, "name": "Food", "fill": "#b5cf6b"}, {"layer": 13, "name": "Animal Products", "fill": "#17becf"}, {"layer": 5, "name": "Oilcrops", "fill": "#ff9896"}, {"layer": 5, "name": "Fruits, Roots & Vegetables", "fill": "#98df8a"}, {"layer": 13, "name": "Sugar", "fill": "#d6616b"}, {"layer": 13, "name": "Vegetable Oils", "fill": "#f7b6d2"}, {"layer": 16, "name": "Biofuels & Other", "fill": "#e7ba52"}, {"name": "Waste", "fill": "#c7c7c7"}, {"layer": 2, "name": "Import", "fill": "#aec7e8"}, {"layer": 10, "name": "Processing", "fill": "#9edae5"}, {"layer": 16, "name": "Export", "fill": "#aec7e8"}, {"layer": 0, "name": "Stock Draw", "fill": "#c7c7c7"}, {"layer": 2, "name": "Electricity", "fill": "#bcbd22"}, {"layer": 0, "name": "Fossil Fuels", "fill": "#c49c94"}, {"layer": 2, "name": "Fertilizers", "fill": "#c5b0d5"}, {"layer": 0, "name": "Labor", "fill": "#7f7f7f"}, {"layer": 0, "name": "Renewables & Nuclear", "fill": "#2ca02c"}], "links": [{"source": 0, "prod": 6.0, "target": 1, "value": 0.0040463058284993499, "supply": [{"l": "Crustaceans", "v": 0.00092821063962463565}, {"l": "Fish, Seafood", "v": 0.0019898515586953126}, {"l": "Pelagic Fish", "v": 0.0011282436301794021}]}, {"source": 2, "prod": 3.0, "target": 1, "value": 0.012980570637376699, "supply": [{"l": "Rice", "v": 0.012980570637376699}]}, {"source": 3, "prod": 8.0, "target": 4, "value": 0.0042676894970512125, "supply": [{"l": "Beer", "v": 0.0034552461174244186}, {"l": "Wine", "v": 0.00081244337962679423}]}, {"source": 5, "prod": 30.0, "target": 4, "value": 0.038736242696620626, "supply": [{"l": "Pigmeat", "v": 0.0040110393624094489}, {"l": "Milk - Excluding Butter", "v": 0.01354167798848447}, {"l": "Bovine Meat", "v": 0.0088689806731339031}, {"l": "Eggs", "v": 0.0051857681968191082}, {"l": "Poultry Meat", "v": 0.0071287764757736929}]}, {"source": 2, "prod": 30.0, "target": 4, "value": 0.11033547423913329, "supply": [{"l": "Maize", "v": 0.023619708074496155}, {"l": "Rice", "v": 0.056249139428632355}, {"l": "Wheat", "v": 0.030466626736004788}]}, {"source": 6, "prod": 3.0, "target": 4, "value": 0.011999434739987897, "supply": [{"l": "Soyabeans", "v": 0.004328799882074014}, {"l": "Coconuts - Incl Copra", "v": 0.0012108268992508391}, {"l": "Groundnuts", "v": 0.0064598079586630445}]}, {"source": 7, "prod": 33.0, "target": 4, "value": 0.020336731545401082, "supply": [{"l": "Roots, Other", "v": 0.0010107182520357142}, {"l": "Potatoes", "v": 0.0024581388223229401}, {"l": "Fruits, Other", "v": 0.0046925020077080602}, {"l": "Apples", "v": 0.00049843639826418801}, {"l": "Pineapples", "v": 0.00049360658820348836}, {"l": "Bananas", "v": 0.00069590437025409833}, {"l": "Spices, Other", "v": 0.0039184769155846157}, {"l": "Vegetables, Other", "v": 0.0032584349617867801}, {"l": "Oranges, Mandarines", "v": 0.0005339643595660378}, {"l": "Onions", "v": 0.00045505538453062793}, {"l": "Cassava", "v": 0.0023214934851445313}]}, {"source": 8, "prod": 11.0, "target": 4, "value": 0.039665963000279005, "supply": [{"l": "Sugar", "v": 0.034171981129851911}, {"l": "Sweeteners, Other", "v": 0.0054939818704270926}]}, {"source": 0, "prod": 20.0, "target": 4, "value": 0.013141045187592227, "supply": [{"l": "Pelagic Fish", "v": 0.0011282436301794021}, {"l": "Fish, Seafood", "v": 0.0066328385289843748}, {"l": "Crustaceans", "v": 0.0013923159594369534}, {"l": "Molluscs, Other", "v": 0.00089540140448801544}, {"l": "Marine Fish, Other", "v": 0.0030922456645034813}]}, {"source": 9, "prod": 1.0, "target": 4, "value": 0.010290949475272726, "supply": [{"l": "Groundnut Oil", "v": 0.010290949475272726}]}, {"source": 9, "prod": 1.0, "target": 10, "value": 0.010290949475272726, "supply": [{"l": "Groundnut Oil", "v": 0.010290949475272726}]}, {"source": 2, "prod": 3.0, "target": 10, "value": 0.012980570637376699, "supply": [{"l": "Rice", "v": 0.012980570637376699}]}, {"source": 7, "prod": 1.0, "target": 11, "value": 0.00036204832908742003, "supply": [{"l": "Vegetables, Other", "v": 0.00036204832908742003}]}, {"source": 2, "prod": 1.0, "target": 11, "value": 0.0043268568791255662, "supply": [{"l": "Rice", "v": 0.0043268568791255662}]}, {"source": 12, "prod": 24.0, "target": 13, "value": 0.086605188050559972, "supply": [{"l": "Sugar", "v": 0.034171981129851911}, {"l": "Beer", "v": 0.0034552461174244186}, {"l": "Groundnut Oil", "v": 0.020581898950545453}, {"l": "Oilcrops Oil, Other", "v": 0.010107182520357144}, {"l": "Wine", "v": 0.00081244337962679423}, {"l": "Sweeteners, Other", "v": 0.0073253091605694574}, {"l": "Palm Oil", "v": 0.010151126792184783}]}, {"source": 12, "prod": 35.0, "target": 2, "value": 0.13026328240906149, "supply": [{"l": "Maize", "v": 0.023619708074496155}, {"l": "Rice", "v": 0.073556566945134627}, {"l": "Cereals, Other", "v": 0.0026203806534259261}, {"l": "Wheat", "v": 0.030466626736004788}]}, {"source": 12, "prod": 2.0, "target": 6, "value": 0.010788607840737059, "supply": [{"l": "Soyabeans", "v": 0.004328799882074014}, {"l": "Groundnuts", "v": 0.0064598079586630445}]}, {"source": 12, "prod": 40.0, "target": 1, "value": 0.036844793850248615, "supply": [{"l": "Pigmeat", "v": 0.0040110393624094489}, {"l": "Molluscs, Other", "v": 0.00089540140448801544}, {"l": "Crustaceans", "v": 0.0018564212792492713}, {"l": "Milk - Excluding Butter", "v": 0.014388032862764751}, {"l": "Fish, Seafood", "v": 0.0059695546760859374}, {"l": "Pelagic Fish", "v": 0.0011282436301794021}, {"l": "Bovine Meat", "v": 0.005321388403880343}, {"l": "Eggs", "v": 0.0017285893989397027}, {"l": "Marine Fish, Other", "v": 0.0015461228322517406}]}, {"source": 12, "prod": 23.0, "target": 7, "value": 0.014609837330243784, "supply": [{"l": "Potatoes", "v": 0.0024581388223229401}, {"l": "Fruits, Other", "v": 0.0034127287328785893}, {"l": "Apples", "v": 0.00049843639826418801}, {"l": "Spices, Other", "v": 0.0039184769155846157}, {"l": "Vegetables, Other", "v": 0.0021722899745245201}, {"l": "Oranges, Mandarines", "v": 0.0005339643595660378}, {"l": "Onions", "v": 0.00045505538453062793}, {"l": "Cassava", "v": 0.0011607467425722657}]}, {"source": 7, "prod": 2.0, "target": 14, "value": 0.00078863942069724369, "supply": [{"l": "Vegetables, Other", "v": 0.00036204832908742003}, {"l": "Fruits, Other", "v": 0.00042659109160982366}]}, {"source": 5, "prod": 1.0, "target": 14, "value": 0.00084635487428027937, "supply": [{"l": "Milk - Excluding Butter", "v": 0.00084635487428027937}]}, {"source": 8, "prod": 1.0, "target": 14, "value": 0.0018313272901423643, "supply": [{"l": "Sweeteners, Other", "v": 0.0018313272901423643}]}, {"source": 15, "prod": 1.0, "target": 2, "value": 0.0043268568791255662, "supply": [{"l": "Rice", "v": 0.0043268568791255662}]}, {"source": 1, "prod": 26.0, "target": 0, "value": 0.017187351016091576, "supply": [{"l": "Crustaceans", "v": 0.0023205265990615892}, {"l": "Pelagic Fish", "v": 0.0022564872603588041}, {"l": "Marine Fish, Other", "v": 0.0030922456645034813}, {"l": "Fish, Seafood", "v": 0.008622690087679687}, {"l": "Molluscs, Other", "v": 0.00089540140448801544}]}, {"source": 1, "prod": 31.0, "target": 5, "value": 0.039582597570900907, "supply": [{"l": "Milk - Excluding Butter", "v": 0.014388032862764749}, {"l": "Bovine Meat", "v": 0.0088689806731339031}, {"l": "Pigmeat", "v": 0.0040110393624094489}, {"l": "Eggs", "v": 0.0051857681968191082}, {"l": "Poultry Meat", "v": 0.0071287764757736929}]}, {"source": 13, "prod": 8.0, "target": 3, "value": 0.0042676894970512125, "supply": [{"l": "Beer", "v": 0.0034552461174244186}, {"l": "Wine", "v": 0.00081244337962679423}]}, {"source": 13, "prod": 2.0, "target": 9, "value": 0.020581898950545453, "supply": [{"l": "Groundnut Oil", "v": 0.020581898950545453}]}, {"source": 13, "prod": 12.0, "target": 8, "value": 0.041497290290421367, "supply": [{"l": "Sweeteners, Other", "v": 0.0073253091605694574}, {"l": "Sugar", "v": 0.034171981129851911}]}, {"source": 16, "prod": 0, "target": 7, "value": 0.00019449225582275891, "supply": "[{\"l\":'Energy for power irrigation',\"v\":0.00019449225582275891}]"}, {"source": 16, "prod": 0, "target": 2, "value": 0.00015802495785599159, "supply": "[{\"l\":'Energy for power irrigation',\"v\":0.00015802495785599159}]"}, {"source": 16, "prod": 0, "target": 6, "value": 1.6207687985229908e-05, "supply": "[{\"l\":'Energy for power irrigation',\"v\":1.6207687985229908e-05}]"}, {"source": 16, "prod": 0, "target": 13, "value": 0.016000000012799998, "supply": "[{\"l\":'Electricity',\"v\":0.016000000012799998}]"}, {"source": 17, "prod": 0, "target": 16, "value": 0.035624138768839526, "supply": [{"l": "Coal", "v": 0.0}, {"l": "Natural gas", "v": 0.035394402278811965}, {"l": "Oil", "v": 0.00022973649002756434}]}, {"source": 17, "prod": 0, "target": 7, "value": 0.016689447324824084, "supply": [{"l": "Gas-Diesel oil", "v": 0.0063003663054065932}, {"l": "Other fossil fuels", "v": 0.010389081019417492}]}, {"source": 17, "prod": 0, "target": 2, "value": 0.013560175951419569, "supply": [{"l": "Gas-Diesel oil", "v": 0.0051190476231428566}, {"l": "Other fossil fuels", "v": 0.0084411283282767122}]}, {"source": 17, "prod": 0, "target": 6, "value": 0.0013907872770686739, "supply": [{"l": "Gas-Diesel oil", "v": 0.00052503052545054951}, {"l": "Other fossil fuels", "v": 0.00086575675161812437}]}, {"source": 18, "prod": 0.44571428571428573, "target": 7, "value": 0.0027542520168554164, "supply": [{"l": "Potash", "v": 0.0013050194454884601}, {"l": "Phosphate", "v": 0.00066912500053530001}, {"l": "Nitrogen", "v": 0.0032474583359312996}]}, {"source": 18, "prod": 0.3621428571428571, "target": 2, "value": 0.0022378297636950258, "supply": [{"l": "Potash", "v": 0.0013050194454884601}, {"l": "Phosphate", "v": 0.00066912500053530001}, {"l": "Nitrogen", "v": 0.0032474583359312996}]}, {"source": 18, "prod": 0.037142857142857144, "target": 6, "value": 0.00022952100140461804, "supply": [{"l": "Potash", "v": 0.0013050194454884601}, {"l": "Phosphate", "v": 0.00066912500053530001}, {"l": "Nitrogen", "v": 0.0032474583359312996}]}, {"source": 17, "prod": 0, "target": 18, "value": 0.0074825540088733402, "supply": [{"l": "Natural gas (including LNG)", "v": 0.0046190114075582121}, {"l": "Fuel oil", "v": 0.002289485538355882}, {"l": "Liquefied petroleum gas (LPG)", "v": 0.00028702853147962283}, {"l": "Coal", "v": 0.00028702853147962283}]}, {"source": 19, "prod": 0, "target": 2, "value": 0.00095750682383246861, "supply": "[{\"l\":'Labor',\"v\":0.00095750682383246861}]"}, {"source": 19, "prod": 0, "target": 6, "value": 9.8205828085381406e-05, "supply": "[{\"l\":'Labor',\"v\":9.8205828085381406e-05}]"}, {"source": 19, "prod": 0, "target": 7, "value": 0.0011784699370245768, "supply": "[{\"l\":'Labor',\"v\":0.0011784699370245768}]"}, {"source": 17, "prod": 0, "target": 12, "value": 0.64951371382215572, "supply": "[{\"l\":'Fossil Fuels',\"v\":0.64951371382215572}]"}, {"source": 20, "prod": 0, "target": 12, "value": 0.0025089815987384516, "supply": "[{\"l\":'Renewables & Nuclear',\"v\":0.0},{\"l\":'Biomass & Waste',\"v\":0.0025089815987384516}]"}]}