{"nodes": [{"layer": 3, "name": "Cereals", "fill": "#e7ba52"}, {"layer": 5, "name": "Production", "fill": "#b5cf6b"}, {"layer": 3, "name": "Oilcrops", "fill": "#ff9896"}, {"layer": 3, "name": "Starchy Roots"}, {"layer": 3, "name": "Fruits & Vegetables"}, {"layer": 0, "name": "Fossil Fuels", "fill": "#c49c94"}, {"layer": 1, "name": "Fertilizers", "fill": "#c5b0d5"}, {"layer": 0, "name": "Labor", "fill": "#7f7f7f"}], "links": [{"source": 0, "prod": 3.0, "target": 1, "value": 0.01298401103952369, "supply": [{"l": "Rice", "v": 0.01298401103952369}]}, {"source": 2, "prod": 1.0, "target": 1, "value": 0.0012629801628743804, "supply": [{"l": "Coconuts - Incl Copra", "v": 0.0012629801628743804}]}, {"source": 3, "prod": 4.0, "target": 1, "value": 0.0046731256566991944, "supply": [{"l": "Sweet potatoes", "v": 0.0011336839740934718}, {"l": "Cassava", "v": 0.0035394416826057223}]}, {"source": 4, "prod": 9.0, "target": 1, "value": 0.0030604685528916216, "supply": [{"l": "Pineapples", "v": 0.00057309771667984574}, {"l": "Vegetables, Other", "v": 0.0016440137894914394}, {"l": "Fruits, Other", "v": 0.0005459828499742766}, {"l": "Oranges, Mandarines", "v": 0.00029737419674605954}]}, {"source": 5, "prod": 0, "target": 3, "value": 0.0016475095798620689, "supply": [{"l": "Gas-Diesel oil", "v": 0.0016475095798620689}]}, {"source": 5, "prod": 0, "target": 4, "value": 0.0051484674370689647, "supply": [{"l": "Gas-Diesel oil", "v": 0.0051484674370689647}]}, {"source": 5, "prod": 0, "target": 0, "value": 0.0047365900421034481, "supply": [{"l": "Gas-Diesel oil", "v": 0.0047365900421034481}]}, {"source": 5, "prod": 0, "target": 2, "value": 0.00041187739496551722, "supply": [{"l": "Gas-Diesel oil", "v": 0.00041187739496551722}]}, {"source": 6, "prod": 0.0024729779684325806, "target": 3, "value": 1.6290370727834189e-05, "supply": [{"l": "Potash", "v": 1.9273244624433825e-05}, {"l": "Phosphate", "v": 2.7441880009810909e-05}, {"l": "Nitrogen", "v": 7.1390063142553136e-05}]}, {"source": 6, "prod": 0.0077280561513518135, "target": 4, "value": 5.090740852448184e-05, "supply": [{"l": "Potash", "v": 1.9273244624433825e-05}, {"l": "Phosphate", "v": 2.7441880009810909e-05}, {"l": "Nitrogen", "v": 7.1390063142553136e-05}]}, {"source": 6, "prod": 0.0071098116592436689, "target": 0, "value": 4.6834815842523298e-05, "supply": [{"l": "Potash", "v": 1.9273244624433825e-05}, {"l": "Phosphate", "v": 2.7441880009810909e-05}, {"l": "Nitrogen", "v": 7.1390063142553136e-05}]}, {"source": 6, "prod": 0.00061824449210814514, "target": 2, "value": 4.0725926819585472e-06, "supply": [{"l": "Potash", "v": 1.9273244624433825e-05}, {"l": "Phosphate", "v": 2.7441880009810909e-05}, {"l": "Nitrogen", "v": 7.1390063142553136e-05}]}, {"source": 5, "prod": 0, "target": 6, "value": 0.00015794357466364774, "supply": [{"l": "Natural gas (including LNG)", "v": 0.00010186112666421778}, {"l": "Fuel oil", "v": 4.3462741837645903e-05}, {"l": "Liquefied petroleum gas (LPG)", "v": 6.3098530808920167e-06}, {"l": "Coal", "v": 6.3098530808920167e-06}]}, {"source": 7, "prod": 0, "target": 3, "value": 0.00021557946906400964, "supply": "[{\"l\":'Labor',\"v\":0.00021557946906400964}]"}, {"source": 7, "prod": 0, "target": 4, "value": 0.00067368584082503008, "supply": "[{\"l\":'Labor',\"v\":0.00067368584082503008}]"}, {"source": 7, "prod": 0, "target": 0, "value": 0.00061979097355902772, "supply": "[{\"l\":'Labor',\"v\":0.00061979097355902772}]"}, {"source": 7, "prod": 0, "target": 2, "value": 5.3894867266002411e-05, "supply": "[{\"l\":'Labor',\"v\":5.3894867266002411e-05}]"}]}