{"nodes": [{"layer": 5, "name": "Cereals, Other"}, {"layer": 10, "name": "Feed", "fill": "#dbdb8d"}, {"layer": 5, "name": "Oilcrops, Other"}, {"layer": 5, "name": "Barley"}, {"layer": 5, "name": "Maize"}, {"layer": 16, "name": "Food", "fill": "#b5cf6b"}, {"layer": 5, "name": "Olives"}, {"layer": 5, "name": "Vegetables, Other"}, {"layer": 5, "name": "Nuts"}, {"layer": 13, "name": "Sugar", "fill": "#d6616b"}, {"layer": 5, "name": "Citrus, Other"}, {"layer": 5, "name": "Grapefruit"}, {"layer": 13, "name": "Beverages, Alcoholic"}, {"layer": 5, "name": "Rice"}, {"layer": 5, "name": "Tomatoes"}, {"layer": 5, "name": "Sunflower seed"}, {"layer": 13, "name": "Fats, Animals, Raw"}, {"layer": 5, "name": "Wheat"}, {"layer": 13, "name": "Soyabean Oil"}, {"layer": 5, "name": "Coconuts - Incl Copra"}, {"layer": 5, "name": "Treenuts"}, {"layer": 13, "name": "Eggs"}, {"layer": 5, "name": "Roots, Other"}, {"layer": 5, "name": "Peas"}, {"layer": 5, "name": "Grapes"}, {"layer": 5, "name": "Groundnuts"}, {"layer": 13, "name": "Palm Oil"}, {"layer": 13, "name": "Sunflowerseed Oil"}, {"layer": 13, "name": "Olive Oil"}, {"layer": 5, "name": "Dates"}, {"layer": 5, "name": "Cocoa Beans"}, {"layer": 5, "name": "Potatoes"}, {"layer": 13, "name": "Freshwater Fish"}, {"layer": 13, "name": "Milk - Excluding Butter"}, {"layer": 5, "name": "Apples"}, {"layer": 13, "name": "Fish, Seafood"}, {"layer": 13, "name": "Oilcrops Oil, Other"}, {"layer": 5, "name": "Lemons, Limes"}, {"layer": 13, "name": "Mutton & Goat Meat"}, {"layer": 13, "name": "Sweeteners, Other"}, {"layer": 13, "name": "Pelagic Fish"}, {"layer": 5, "name": "Bananas"}, {"layer": 13, "name": "Maize Germ Oil"}, {"layer": 5, "name": "Spices, Other"}, {"layer": 13, "name": "Bovine Meat"}, {"layer": 5, "name": "Fruits, Other"}, {"layer": 13, "name": "Poultry Meat"}, {"layer": 13, "name": "Offals, Edible"}, {"layer": 5, "name": "Oranges, Mandarines"}, {"layer": 5, "name": "Onions"}, {"layer": 5, "name": "Pulses, Other"}, {"layer": 10, "name": "Processing", "fill": "#9edae5"}, {"layer": 16, "name": "Biofuels & Other", "fill": "#e7ba52"}, {"name": "Waste", "fill": "#c7c7c7"}, {"layer": 0, "name": "Import", "fill": "#aec7e8"}, {"layer": 16, "name": "Export", "fill": "#aec7e8"}, {"layer": 16, "name": "Stock Deposit", "fill": "#c7c7c7"}, {"layer": 0, "name": "Stock Draw", "fill": "#c7c7c7"}, {"layer": 0, "name": "Production", "fill": "#b5cf6b"}], "links": [{"source": 0, "prod": 0.020534034069265118, "target": 1, "value": 8.0, "supply": [{"l": "Cereals, Other", "v": 8.0}]}, {"source": 2, "prod": 0.044572674914775005, "target": 1, "value": 7.0, "supply": [{"l": "Oilcrops, Other", "v": 7.0}]}, {"source": 3, "prod": 0.26446453782766505, "target": 1, "value": 89.0, "supply": [{"l": "Barley", "v": 89.0}]}, {"source": 4, "prod": 0.14008554973215001, "target": 1, "value": 33.0, "supply": [{"l": "Maize", "v": 33.0}]}, {"source": 4, "prod": 0.02971511660985, "target": 5, "value": 7.0, "supply": [{"l": "Maize", "v": 7.0}]}, {"source": 6, "prod": 0.024591820642634484, "target": 5, "value": 12.0, "supply": [{"l": "Olives", "v": 12.0}]}, {"source": 7, "prod": 0.096018233943392858, "target": 5, "value": 475.0, "supply": [{"l": "Vegetables, Other", "v": 475.0}]}, {"source": 8, "prod": 0.033960133268400007, "target": 5, "value": 12.0, "supply": [{"l": "Nuts", "v": 12.0}]}, {"source": 9, "prod": 0.4135040277606975, "target": 5, "value": 97.0, "supply": [{"l": "Sugar", "v": 97.0}]}, {"source": 10, "prod": 0.00049941372453529416, "target": 5, "value": 2.0, "supply": [{"l": "Citrus, Other", "v": 2.0}]}, {"source": 11, "prod": 0.00038591060532272727, "target": 5, "value": 1.0, "supply": [{"l": "Grapefruit", "v": 1.0}]}, {"source": 12, "prod": 0.0028300111056999999, "target": 5, "value": 1.0, "supply": [{"l": "Beverages, Alcoholic", "v": 1.0}]}, {"source": 13, "prod": 0.34259781503121184, "target": 5, "value": 70.0, "supply": [{"l": "Rice", "v": 70.0}]}, {"source": 14, "prod": 0.02969480552535933, "target": 5, "value": 172.0, "supply": [{"l": "Tomatoes", "v": 172.0}]}, {"source": 15, "prod": 0.00424501665855, "target": 5, "value": 1.0, "supply": [{"l": "Sunflower seed", "v": 1.0}]}, {"source": 16, "prod": 0.012735049975650002, "target": 5, "value": 1.0, "supply": [{"l": "Fats, Animals, Raw", "v": 1.0}]}, {"source": 17, "prod": 1.4671997696497365, "target": 5, "value": 481.0, "supply": [{"l": "Wheat", "v": 481.0}]}, {"source": 18, "prod": 0.052097931718568177, "target": 5, "value": 5.0, "supply": [{"l": "Soyabean Oil", "v": 5.0}]}, {"source": 19, "prod": 0.0084900333171, "target": 5, "value": 4.0, "supply": [{"l": "Coconuts - Incl Copra", "v": 4.0}]}, {"source": 20, "prod": 0.035131172346620693, "target": 5, "value": 12.0, "supply": [{"l": "Treenuts", "v": 12.0}]}, {"source": 21, "prod": 0.041388912420862498, "target": 5, "value": 26.0, "supply": [{"l": "Eggs", "v": 26.0}]}, {"source": 22, "prod": 0.0013405315763842104, "target": 5, "value": 1.0, "supply": [{"l": "Roots, Other", "v": 1.0}]}, {"source": 23, "prod": 0.0084900333171, "target": 5, "value": 2.0, "supply": [{"l": "Peas", "v": 2.0}]}, {"source": 24, "prod": 0.0083613964486590926, "target": 5, "value": 13.0, "supply": [{"l": "Grapes", "v": 13.0}]}, {"source": 25, "prod": 0.020012221390307148, "target": 5, "value": 3.0, "supply": [{"l": "Groundnuts", "v": 3.0}]}, {"source": 26, "prod": 0.018678073297620005, "target": 5, "value": 2.0, "supply": [{"l": "Palm Oil", "v": 2.0}]}, {"source": 2, "prod": 0.019102574963475002, "target": 5, "value": 3.0, "supply": [{"l": "Oilcrops, Other", "v": 3.0}]}, {"source": 27, "prod": 0.020376079961040003, "target": 5, "value": 2.0, "supply": [{"l": "Sunflowerseed Oil", "v": 2.0}]}, {"source": 28, "prod": 0.14433056639070002, "target": 5, "value": 14.0, "supply": [{"l": "Olive Oil", "v": 14.0}]}, {"source": 29, "prod": 0.0075466962818666657, "target": 5, "value": 4.0, "supply": [{"l": "Dates", "v": 4.0}]}, {"source": 30, "prod": 0.023650807097635718, "target": 5, "value": 3.0, "supply": [{"l": "Cocoa Beans", "v": 3.0}]}, {"source": 31, "prod": 0.04153585530519692, "target": 5, "value": 53.0, "supply": [{"l": "Potatoes", "v": 53.0}]}, {"source": 32, "prod": 0.0016980066634200001, "target": 5, "value": 2.0, "supply": [{"l": "Freshwater Fish", "v": 2.0}]}, {"source": 33, "prod": 0.15547591876993827, "target": 5, "value": 200.0, "supply": [{"l": "Milk - Excluding Butter", "v": 200.0}]}, {"source": 34, "prod": 0.0066707404634357157, "target": 5, "value": 11.0, "supply": [{"l": "Apples", "v": 11.0}]}, {"source": 35, "prod": 0.0067920266536800012, "target": 5, "value": 6.0, "supply": [{"l": "Fish, Seafood", "v": 6.0}]}, {"source": 36, "prod": 0.058899606137381252, "target": 5, "value": 6.0, "supply": [{"l": "Oilcrops Oil, Other", "v": 6.0}]}, {"source": 37, "prod": 0.0017687569410624999, "target": 5, "value": 15.0, "supply": [{"l": "Lemons, Limes", "v": 15.0}]}, {"source": 0, "prod": 0.04620157665584651, "target": 5, "value": 18.0, "supply": [{"l": "Cereals, Other", "v": 18.0}]}, {"source": 38, "prod": 0.040024442780614289, "target": 5, "value": 15.0, "supply": [{"l": "Mutton & Goat Meat", "v": 15.0}]}, {"source": 39, "prod": 0.017479480358735297, "target": 5, "value": 7.0, "supply": [{"l": "Sweeteners, Other", "v": 7.0}]}, {"source": 40, "prod": 0.0033960133268400002, "target": 5, "value": 4.0, "supply": [{"l": "Pelagic Fish", "v": 4.0}]}, {"source": 41, "prod": 0.0091975360935250012, "target": 5, "value": 13.0, "supply": [{"l": "Bananas", "v": 13.0}]}, {"source": 42, "prod": 0.012735049975650002, "target": 5, "value": 1.0, "supply": [{"l": "Maize Germ Oil", "v": 1.0}]}, {"source": 43, "prod": 0.0169800666342, "target": 5, "value": 4.0, "supply": [{"l": "Spices, Other", "v": 4.0}]}, {"source": 44, "prod": 0.020839172687427271, "target": 5, "value": 9.0, "supply": [{"l": "Bovine Meat", "v": 9.0}]}, {"source": 45, "prod": 0.05080543746899524, "target": 5, "value": 104.0, "supply": [{"l": "Fruits, Other", "v": 104.0}]}, {"source": 46, "prod": 0.11719659056318442, "target": 5, "value": 82.0, "supply": [{"l": "Poultry Meat", "v": 82.0}]}, {"source": 47, "prod": 0.0014150055528499999, "target": 5, "value": 1.0, "supply": [{"l": "Offals, Edible", "v": 1.0}]}, {"source": 48, "prod": 0.010704824617213044, "target": 5, "value": 29.0, "supply": [{"l": "Oranges, Mandarines", "v": 29.0}]}, {"source": 49, "prod": 0.012257485601563124, "target": 5, "value": 33.0, "supply": [{"l": "Onions", "v": 33.0}]}, {"source": 50, "prod": 0.099050388699500017, "target": 5, "value": 25.0, "supply": [{"l": "Pulses, Other", "v": 25.0}]}, {"source": 33, "prod": 0.00077737959384969134, "target": 51, "value": 1.0, "supply": [{"l": "Milk - Excluding Butter", "v": 1.0}]}, {"source": 6, "prod": 0.19263592836730348, "target": 51, "value": 94.0, "supply": [{"l": "Olives", "v": 94.0}]}, {"source": 36, "prod": 0.0098166010228968766, "target": 52, "value": 1.0, "supply": [{"l": "Oilcrops Oil, Other", "v": 1.0}]}, {"source": 31, "prod": 0.0031347815324676924, "target": 31, "value": 4.0, "supply": [{"l": "Potatoes", "v": 4.0}]}, {"source": 21, "prod": 0.0079594062347812505, "target": 21, "value": 5.0, "supply": [{"l": "Eggs", "v": 5.0}]}, {"source": 17, "prod": 0.0030503113714131736, "target": 17, "value": 1.0, "supply": [{"l": "Wheat", "v": 1.0}]}, {"source": 3, "prod": 0.0029715116609850003, "target": 3, "value": 1.0, "supply": [{"l": "Barley", "v": 1.0}]}, {"source": 6, "prod": 0.012295910321317242, "target": 53, "value": 6.0, "supply": [{"l": "Olives", "v": 6.0}]}, {"source": 17, "prod": 0.01830186822847904, "target": 53, "value": 6.0, "supply": [{"l": "Wheat", "v": 6.0}]}, {"source": 41, "prod": 0.00070750277642500007, "target": 53, "value": 1.0, "supply": [{"l": "Bananas", "v": 1.0}]}, {"source": 31, "prod": 0.00078369538311692311, "target": 53, "value": 1.0, "supply": [{"l": "Potatoes", "v": 1.0}]}, {"source": 21, "prod": 0.0031837624939125004, "target": 53, "value": 2.0, "supply": [{"l": "Eggs", "v": 2.0}]}, {"source": 7, "prod": 0.0038407293577357145, "target": 53, "value": 19.0, "supply": [{"l": "Vegetables, Other", "v": 19.0}]}, {"source": 45, "prod": 0.00048851382181726191, "target": 53, "value": 1.0, "supply": [{"l": "Fruits, Other", "v": 1.0}]}, {"source": 33, "prod": 0.0054416571569478392, "target": 53, "value": 7.0, "supply": [{"l": "Milk - Excluding Butter", "v": 7.0}]}, {"source": 24, "prod": 0.001286368684409091, "target": 53, "value": 2.0, "supply": [{"l": "Grapes", "v": 2.0}]}, {"source": 3, "prod": 0.0089145349829550021, "target": 53, "value": 3.0, "supply": [{"l": "Barley", "v": 3.0}]}, {"source": 48, "prod": 0.0011073956500565218, "target": 53, "value": 3.0, "supply": [{"l": "Oranges, Mandarines", "v": 3.0}]}, {"source": 37, "prod": 0.0002358342588083333, "target": 53, "value": 2.0, "supply": [{"l": "Lemons, Limes", "v": 2.0}]}, {"source": 49, "prod": 0.0014857558304925001, "target": 53, "value": 4.0, "supply": [{"l": "Onions", "v": 4.0}]}, {"source": 14, "prod": 0.0048340381087794253, "target": 53, "value": 28.0, "supply": [{"l": "Tomatoes", "v": 28.0}]}, {"source": 34, "prod": 0.0006064309512214287, "target": 53, "value": 1.0, "supply": [{"l": "Apples", "v": 1.0}]}, {"source": 54, "prod": 0.00034528843634138757, "target": 14, "value": 2.0, "supply": [{"l": "Tomatoes", "v": 2.0}]}, {"source": 54, "prod": 0.014637988477758624, "target": 20, "value": 5.0, "supply": [{"l": "Treenuts", "v": 5.0}]}, {"source": 54, "prod": 0.0072771714146571435, "target": 34, "value": 12.0, "supply": [{"l": "Apples", "v": 12.0}]}, {"source": 54, "prod": 0.0072771714146571435, "target": 7, "value": 36.0, "supply": [{"l": "Vegetables, Other", "v": 36.0}]}, {"source": 54, "prod": 0.27407825202496944, "target": 13, "value": 56.0, "supply": [{"l": "Rice", "v": 56.0}]}, {"source": 54, "prod": 1.2201245485652696, "target": 17, "value": 400.0, "supply": [{"l": "Wheat", "v": 400.0}]}, {"source": 54, "prod": 0.25852151450569505, "target": 3, "value": 87.0, "supply": [{"l": "Barley", "v": 87.0}]}, {"source": 54, "prod": 0.16170551829546281, "target": 0, "value": 63.0, "supply": [{"l": "Cereals, Other", "v": 63.0}]}, {"source": 54, "prod": 0.048608479097103079, "target": 1, "value": 44.0, "supply": [{"l": "Freshwater Fish", "v": 2.0}, {"l": "Milk - Excluding Butter", "v": 20.0}, {"l": "Fish, Seafood", "v": 5.0}, {"l": "Pelagic Fish", "v": 3.0}, {"l": "Bovine Meat", "v": 3.0}, {"l": "Eggs", "v": 3.0}, {"l": "Poultry Meat", "v": 8.0}]}, {"source": 54, "prod": 0.014150055528500002, "target": 8, "value": 5.0, "supply": [{"l": "Nuts", "v": 5.0}]}, {"source": 54, "prod": 0.044572674914775005, "target": 2, "value": 7.0, "supply": [{"l": "Oilcrops, Other", "v": 7.0}]}, {"source": 54, "prod": 0.031534409463514289, "target": 30, "value": 4.0, "supply": [{"l": "Cocoa Beans", "v": 4.0}]}, {"source": 54, "prod": 0.00073826376670434787, "target": 48, "value": 2.0, "supply": [{"l": "Oranges, Mandarines", "v": 2.0}]}, {"source": 54, "prod": 0.0039184769155846157, "target": 31, "value": 5.0, "supply": [{"l": "Potatoes", "v": 5.0}]}, {"source": 54, "prod": 0.0026000727033618754, "target": 49, "value": 7.0, "supply": [{"l": "Onions", "v": 7.0}]}, {"source": 54, "prod": 0.0070750277642500012, "target": 41, "value": 10.0, "supply": [{"l": "Bananas", "v": 10.0}]}, {"source": 54, "prod": 0.0084900333171, "target": 43, "value": 2.0, "supply": [{"l": "Spices, Other", "v": 2.0}]}, {"source": 54, "prod": 0.62440485482774111, "target": 51, "value": 128.0, "supply": [{"l": "Sugar", "v": 103.0}, {"l": "Maize Germ Oil", "v": 1.0}, {"l": "Beverages, Alcoholic", "v": 2.0}, {"l": "Oilcrops Oil, Other", "v": 7.0}, {"l": "Sweeteners, Other", "v": 7.0}, {"l": "Soyabean Oil", "v": 4.0}, {"l": "Palm Oil", "v": 2.0}, {"l": "Sunflowerseed Oil", "v": 2.0}]}, {"source": 54, "prod": 0.169800666342, "target": 4, "value": 40.0, "supply": [{"l": "Maize", "v": 40.0}]}, {"source": 54, "prod": 0.041523674854467264, "target": 45, "value": 85.0, "supply": [{"l": "Fruits, Other", "v": 85.0}]}, {"source": 54, "prod": 0.020012221390307148, "target": 25, "value": 3.0, "supply": [{"l": "Groundnuts", "v": 3.0}]}, {"source": 54, "prod": 0.010612541646375, "target": 19, "value": 5.0, "supply": [{"l": "Coconuts - Incl Copra", "v": 5.0}]}, {"source": 54, "prod": 0.039620155479800002, "target": 50, "value": 10.0, "supply": [{"l": "Pulses, Other", "v": 10.0}]}, {"source": 28, "prod": 0.030927978512292856, "target": 55, "value": 3.0, "supply": [{"l": "Olive Oil", "v": 3.0}]}, {"source": 0, "prod": 0.094969907570351175, "target": 55, "value": 37.0, "supply": [{"l": "Cereals, Other", "v": 37.0}]}, {"source": 8, "prod": 0.0028300111057000003, "target": 55, "value": 1.0, "supply": [{"l": "Nuts", "v": 1.0}]}, {"source": 30, "prod": 0.0078836023658785722, "target": 55, "value": 1.0, "supply": [{"l": "Cocoa Beans", "v": 1.0}]}, {"source": 43, "prod": 0.0084900333171, "target": 55, "value": 2.0, "supply": [{"l": "Spices, Other", "v": 2.0}]}, {"source": 44, "prod": 0.0046309272638727274, "target": 55, "value": 2.0, "supply": [{"l": "Bovine Meat", "v": 2.0}]}, {"source": 7, "prod": 0.0016171492032571429, "target": 55, "value": 8.0, "supply": [{"l": "Vegetables, Other", "v": 8.0}]}, {"source": 45, "prod": 0.00048851382181726191, "target": 55, "value": 1.0, "supply": [{"l": "Fruits, Other", "v": 1.0}]}, {"source": 9, "prod": 0.012788784363732913, "target": 55, "value": 3.0, "supply": [{"l": "Sugar", "v": 3.0}]}, {"source": 33, "prod": 0.00077737959384969134, "target": 55, "value": 1.0, "supply": [{"l": "Milk - Excluding Butter", "v": 1.0}]}, {"source": 20, "prod": 0.002927597695551724, "target": 55, "value": 1.0, "supply": [{"l": "Treenuts", "v": 1.0}]}, {"source": 12, "prod": 0.0028300111056999999, "target": 55, "value": 1.0, "supply": [{"l": "Beverages, Alcoholic", "v": 1.0}]}, {"source": 19, "prod": 0.002122508329275, "target": 55, "value": 1.0, "supply": [{"l": "Coconuts - Incl Copra", "v": 1.0}]}, {"source": 36, "prod": 0.0098166010228968766, "target": 55, "value": 1.0, "supply": [{"l": "Oilcrops Oil, Other", "v": 1.0}]}, {"source": 13, "prod": 0.0097885090008917649, "target": 55, "value": 2.0, "supply": [{"l": "Rice", "v": 2.0}]}, {"source": 49, "prod": 0.00037143895762312503, "target": 55, "value": 1.0, "supply": [{"l": "Onions", "v": 1.0}]}, {"source": 14, "prod": 0.00017264421817069379, "target": 55, "value": 1.0, "supply": [{"l": "Tomatoes", "v": 1.0}]}, {"source": 13, "prod": 0.073413817506688239, "target": 56, "value": 15.0, "supply": [{"l": "Rice", "v": 15.0}]}, {"source": 6, "prod": 0.071726143541017237, "target": 56, "value": 35.0, "supply": [{"l": "Olives", "v": 35.0}]}, {"source": 36, "prod": 0.019633202045793753, "target": 56, "value": 2.0, "supply": [{"l": "Oilcrops Oil, Other", "v": 2.0}]}, {"source": 23, "prod": 0.0084900333171, "target": 56, "value": 2.0, "supply": [{"l": "Peas", "v": 2.0}]}, {"source": 18, "prod": 0.010419586343713635, "target": 56, "value": 1.0, "supply": [{"l": "Soyabean Oil", "v": 1.0}]}, {"source": 57, "prod": 0.043716762876025772, "target": 51, "value": 6.0, "supply": [{"l": "Olive Oil", "v": 3.0}, {"l": "Sugar", "v": 3.0}]}, {"source": 50, "prod": 0.055468217671720013, "target": 56, "value": 14.0, "supply": [{"l": "Pulses, Other", "v": 14.0}]}, {"source": 17, "prod": 0.21352179599892213, "target": 56, "value": 70.0, "supply": [{"l": "Wheat", "v": 70.0}]}, {"source": 58, "prod": 0.15574819740335172, "target": 6, "value": 76.0, "supply": [{"l": "Olives", "v": 76.0}]}, {"source": 58, "prod": 0.094198941089728566, "target": 7, "value": 466.0, "supply": [{"l": "Vegetables, Other", "v": 466.0}]}, {"source": 58, "prod": 0.0102587902581625, "target": 45, "value": 21.0, "supply": [{"l": "Fruits, Other", "v": 21.0}]}, {"source": 58, "prod": 0.00049941372453529416, "target": 10, "value": 2.0, "supply": [{"l": "Citrus, Other", "v": 2.0}]}, {"source": 58, "prod": 0.00038591060532272727, "target": 11, "value": 1.0, "supply": [{"l": "Grapefruit", "v": 1.0}]}, {"source": 58, "prod": 0.017829069965910004, "target": 3, "value": 6.0, "supply": [{"l": "Barley", "v": 6.0}]}, {"source": 58, "prod": 0.034183555197797373, "target": 14, "value": 198.0, "supply": [{"l": "Tomatoes", "v": 198.0}]}, {"source": 58, "prod": 0.054905604685437127, "target": 17, "value": 18.0, "supply": [{"l": "Wheat", "v": 18.0}]}, {"source": 58, "prod": 0.023420781564413792, "target": 20, "value": 8.0, "supply": [{"l": "Treenuts", "v": 8.0}]}, {"source": 58, "prod": 0.0013405315763842104, "target": 22, "value": 1.0, "supply": [{"l": "Roots, Other", "v": 1.0}]}, {"source": 58, "prod": 0.0096477651330681823, "target": 24, "value": 15.0, "supply": [{"l": "Grapes", "v": 15.0}]}, {"source": 58, "prod": 0.04153585530519692, "target": 31, "value": 53.0, "supply": [{"l": "Potatoes", "v": 53.0}]}, {"source": 58, "prod": 0.019102574963475002, "target": 2, "value": 3.0, "supply": [{"l": "Oilcrops, Other", "v": 3.0}]}, {"source": 58, "prod": 0.0075466962818666657, "target": 29, "value": 4.0, "supply": [{"l": "Dates", "v": 4.0}]}, {"source": 58, "prod": 0.022640088845600002, "target": 8, "value": 8.0, "supply": [{"l": "Nuts", "v": 8.0}]}, {"source": 58, "prod": 0.0079240310959600019, "target": 50, "value": 2.0, "supply": [{"l": "Pulses, Other", "v": 2.0}]}, {"source": 58, "prod": 0.0020045911998708334, "target": 37, "value": 17.0, "supply": [{"l": "Lemons, Limes", "v": 17.0}]}, {"source": 58, "prod": 0.0028300111057000003, "target": 41, "value": 4.0, "supply": [{"l": "Bananas", "v": 4.0}]}, {"source": 58, "prod": 0.0169800666342, "target": 43, "value": 4.0, "supply": [{"l": "Spices, Other", "v": 4.0}]}, {"source": 58, "prod": 0.010704824617213044, "target": 48, "value": 29.0, "supply": [{"l": "Oranges, Mandarines", "v": 29.0}]}, {"source": 58, "prod": 0.011514607686316876, "target": 49, "value": 31.0, "supply": [{"l": "Onions", "v": 31.0}]}, {"source": 58, "prod": 0.0006064309512214287, "target": 34, "value": 1.0, "supply": [{"l": "Apples", "v": 1.0}]}, {"source": 1, "prod": 0.11719659056318442, "target": 46, "value": 82.0, "supply": [{"l": "Poultry Meat", "v": 82.0}]}, {"source": 1, "prod": 0.0033960133268400002, "target": 40, "value": 4.0, "supply": [{"l": "Pelagic Fish", "v": 4.0}]}, {"source": 1, "prod": 0.0254700999513, "target": 44, "value": 11.0, "supply": [{"l": "Bovine Meat", "v": 11.0}]}, {"source": 1, "prod": 0.044572674914774998, "target": 21, "value": 28.0, "supply": [{"l": "Eggs", "v": 33.0}]}, {"source": 1, "prod": 0.16247233511458548, "target": 33, "value": 209.0, "supply": [{"l": "Milk - Excluding Butter", "v": 209.0}]}, {"source": 1, "prod": 0.0014150055528499999, "target": 47, "value": 1.0, "supply": [{"l": "Offals, Edible", "v": 1.0}]}, {"source": 1, "prod": 0.0067920266536800012, "target": 35, "value": 6.0, "supply": [{"l": "Fish, Seafood", "v": 6.0}]}, {"source": 1, "prod": 0.0016980066634200001, "target": 32, "value": 2.0, "supply": [{"l": "Freshwater Fish", "v": 2.0}]}, {"source": 1, "prod": 0.040024442780614289, "target": 38, "value": 15.0, "supply": [{"l": "Mutton & Goat Meat", "v": 15.0}]}, {"source": 51, "prod": 0.17525854490299286, "target": 28, "value": 17.0, "supply": [{"l": "Olive Oil", "v": 17.0}]}, {"source": 51, "prod": 0.012735049975650002, "target": 16, "value": 1.0, "supply": [{"l": "Fats, Animals, Raw", "v": 1.0}]}, {"source": 51, "prod": 0.017479480358735297, "target": 39, "value": 7.0, "supply": [{"l": "Sweeteners, Other", "v": 7.0}]}, {"source": 51, "prod": 0.062517518062281813, "target": 18, "value": 6.0, "supply": [{"l": "Soyabean Oil", "v": 6.0}]}, {"source": 51, "prod": 0.42629281212443043, "target": 9, "value": 100.0, "supply": [{"l": "Sugar", "v": 100.0}]}, {"source": 51, "prod": 0.012735049975650002, "target": 42, "value": 1.0, "supply": [{"l": "Maize Germ Oil", "v": 1.0}]}, {"source": 51, "prod": 0.0056600222113999997, "target": 12, "value": 2.0, "supply": [{"l": "Beverages, Alcoholic", "v": 2.0}]}, {"source": 51, "prod": 0.018678073297620005, "target": 26, "value": 2.0, "supply": [{"l": "Palm Oil", "v": 2.0}]}, {"source": 51, "prod": 0.098166010228968759, "target": 36, "value": 10.0, "supply": [{"l": "Oilcrops Oil, Other", "v": 10.0}]}, {"source": 51, "prod": 0.020376079961040003, "target": 27, "value": 2.0, "supply": [{"l": "Sunflowerseed Oil", "v": 2.0}]}]}