{"nodes": [{"layer": 13, "name": "Other Processed", "fill": "#9c9ede"}, {"layer": 10, "name": "Feed", "fill": "#dbdb8d"}, {"layer": 13, "name": "Animal Products", "fill": "#17becf"}, {"layer": 5, "name": "Cereals", "fill": "#e7ba52"}, {"layer": 5, "name": "Oilcrops", "fill": "#ff9896"}, {"layer": 5, "name": "Fruits, Roots & Vegetables", "fill": "#98df8a"}, {"layer": 5, "name": "Sugar Crops", "fill": "#ffbb78"}, {"layer": 13, "name": "Aquatic Products", "fill": "#1f77b4"}, {"layer": 16, "name": "Food", "fill": "#b5cf6b"}, {"layer": 13, "name": "Sugar", "fill": "#d6616b"}, {"layer": 13, "name": "Vegetable Oils", "fill": "#f7b6d2"}, {"layer": 10, "name": "Processing", "fill": "#9edae5"}, {"layer": 16, "name": "Biofuels & Other", "fill": "#e7ba52"}, {"name": "Waste", "fill": "#c7c7c7"}, {"layer": 2, "name": "Import", "fill": "#aec7e8"}, {"layer": 16, "name": "Export", "fill": "#aec7e8"}, {"layer": 0, "name": "Stock Draw", "fill": "#c7c7c7"}, {"layer": 16, "name": "Stock Deposit", "fill": "#c7c7c7"}, {"name": "Crop Residue", "fill": "#bd9e39"}, {"layer": 2, "name": "Electricity", "fill": "#bcbd22"}, {"layer": 0, "name": "Fossil Fuels", "fill": "#c49c94"}, {"layer": 0, "name": "Renewables & Nuclear", "fill": "#2ca02c"}, {"layer": 2, "name": "Fertilizers", "fill": "#c5b0d5"}, {"layer": 0, "name": "Labor", "fill": "#7f7f7f"}], "links": [{"source": 0, "prod": 19.0, "target": 1, "value": 0.16131063302490001, "supply": [{"l": "Fish, Body Oil", "v": 0.16131063302490001}]}, {"source": 2, "prod": 1138.0, "target": 1, "value": 0.77239233566779997, "supply": [{"l": "Milk - Excluding Butter", "v": 0.77097733011494995}, {"l": "Meat, Other", "v": 0.0014150055528499999}]}, {"source": 3, "prod": 12885.0, "target": 1, "value": 46.167284632539697, "supply": [{"l": "Maize", "v": 31.198671999741961}, {"l": "Oats", "v": 0.30894287903891671}, {"l": "Barley", "v": 3.557183046448849}, {"l": "Rice", "v": 0.68815146632931956}, {"l": "Sorghum", "v": 5.2969689938560167}, {"l": "Cereals, Other", "v": 0.14767874854392254}, {"l": "Wheat", "v": 2.1600771435169355}, {"l": "Millet", "v": 2.8096103550637723}]}, {"source": 4, "prod": 25.0, "target": 1, "value": 0.12828690049000369, "supply": [{"l": "Soyabeans", "v": 0.0424501665855}, {"l": "Cottonseed", "v": 0.030901224205621323}, {"l": "Oilcrops, Other", "v": 0.054935509698882355}]}, {"source": 5, "prod": 9230.0, "target": 1, "value": 10.853411332935067, "supply": [{"l": "Dates", "v": 0.021876159467374236}, {"l": "Roots, Other", "v": 0.14857558304924998}, {"l": "Potatoes", "v": 0.11972876530137615}, {"l": "Yams", "v": 1.3267581429226665}, {"l": "Vegetables, Other", "v": 0.031996614327085678}, {"l": "Peas", "v": 0.0040428730081428577}, {"l": "Sweet potatoes", "v": 0.16555005677612647}, {"l": "Plantains", "v": 1.6514717670412546}, {"l": "Cassava", "v": 6.1065103601499491}, {"l": "Pulses, Other", "v": 1.2769010108918399}]}, {"source": 6, "prod": 825.0, "target": 1, "value": 0.29679141892404659, "supply": [{"l": "Sugar beet", "v": 0.017987358722669492}, {"l": "Sugar cane", "v": 0.2788040602013771}]}, {"source": 7, "prod": 2544.0, "target": 1, "value": 2.2685021825341791, "supply": [{"l": "Fish, Seafood", "v": 0.96346717375304447}, {"l": "Pelagic Fish", "v": 1.2972220946856439}, {"l": "Demersal Fish", "v": 0.0078129140954907965}]}, {"source": 0, "prod": 18763.0, "target": 8, "value": 14.634568116762196, "supply": [{"l": "Beverages, Alcoholic", "v": 1.051606399504432}, {"l": "Butter, Ghee", "v": 2.2923089956170002}, {"l": "Fats, Animals, Raw", "v": 2.2915228814209727}, {"l": "Wine", "v": 0.83802119906101513}, {"l": "Fish, Body Oil", "v": 0.20376079961040003}, {"l": "Beer", "v": 2.5137881256283041}, {"l": "Beverages, Fermented", "v": 5.4435597159200704}]}, {"source": 2, "prod": 26979.0, "target": 8, "value": 29.743340679251062, "supply": [{"l": "Eggs", "v": 1.4685523419289024}, {"l": "Pigmeat", "v": 1.474026179199138}, {"l": "Offals, Edible", "v": 1.047356788672009}, {"l": "Milk - Excluding Butter", "v": 12.143740549717361}, {"l": "Meat, Other", "v": 1.2579399364836501}, {"l": "Mutton & Goat Meat", "v": 2.5121790892136926}, {"l": "Bovine Meat", "v": 7.7476716055962074}, {"l": "Poultry Meat", "v": 2.0918741884401033}]}, {"source": 3, "prod": 66690.0, "target": 8, "value": 237.86935910601449, "supply": [{"l": "Maize", "v": 67.829819259615135}, {"l": "Barley", "v": 7.3332222422026101}, {"l": "Cereals, Other", "v": 5.4524548475558765}, {"l": "Sorghum", "v": 30.355976409895757}, {"l": "Rye", "v": 0.011863802015161573}, {"l": "Rice", "v": 31.412840083366159}, {"l": "Wheat", "v": 75.579293614416855}, {"l": "Oats", "v": 0.2098924903394167}, {"l": "Millet", "v": 19.683996356607498}]}, {"source": 4, "prod": 1897.0, "target": 8, "value": 8.9082666657928371, "supply": [{"l": "Sunflower seed", "v": 0.080655316512450004}, {"l": "Coconuts - Incl Copra", "v": 0.83987426362709683}, {"l": "Sesame seed", "v": 0.83143774553668981}, {"l": "Olives", "v": 0.21448505222147374}, {"l": "Groundnuts", "v": 4.8183695578866237}, {"l": "Oilcrops, Other", "v": 1.6630477027025297}, {"l": "Soyabeans", "v": 0.41919539503181258}, {"l": "Palm kernels", "v": 0.041201632274161772}]}, {"source": 5, "prod": 99153.0, "target": 8, "value": 95.670377250381733, "supply": [{"l": "Roots, Other", "v": 4.3986551055039422}, {"l": "Plantains", "v": 8.376281348174178}, {"l": "Nuts", "v": 1.676329982610383}, {"l": "Infant food", "v": 0.02440666662}, {"l": "Tomatoes", "v": 1.0467731136580409}, {"l": "Pepper", "v": 0.036983099676761361}, {"l": "Treenuts", "v": 1.6799427627453192}, {"l": "Vegetables, Other", "v": 4.8147286320757487}, {"l": "Peas", "v": 0.83687471268557156}, {"l": "Grapes", "v": 0.62951667493269892}, {"l": "Pimento", "v": 1.0419586343713638}, {"l": "Pulses, Other", "v": 9.8441087308442778}, {"l": "Pineapples", "v": 0.41868657454191793}, {"l": "Citrus, Other", "v": 0.62867661343208792}, {"l": "Tea", "v": 0.12898319847132694}, {"l": "Grapefruit", "v": 0.093868678224274651}, {"l": "Fruits, Other", "v": 2.930240665693542}, {"l": "Yams", "v": 7.1188167615380333}, {"l": "Coffee", "v": 0.21061813421267309}, {"l": "Cloves", "v": 0.0073966199353522732}, {"l": "Dates", "v": 1.4620566577361782}, {"l": "Cocoa Beans", "v": 0.22640088845600001}, {"l": "Potatoes", "v": 3.5607006776614742}, {"l": "Beans", "v": 5.0226640682174475}, {"l": "Apples", "v": 0.20926138457640847}, {"l": "Lemons, Limes", "v": 0.10478689769754053}, {"l": "Bananas", "v": 2.3036772290833953}, {"l": "Spices, Other", "v": 0.20163829128112501}, {"l": "Sweet potatoes", "v": 4.1857318409207123}, {"l": "Oranges, Mandarines", "v": 0.8376832872872001}, {"l": "Onions", "v": 0.83791973730125335}, {"l": "Cassava", "v": 30.77400958021552}]}, {"source": 6, "prod": 2911.0, "target": 8, "value": 1.0472240248338178, "supply": [{"l": "Sugar cane", "v": 1.0472240248338178}]}, {"source": 9, "prod": 7706.0, "target": 8, "value": 31.893448597090689, "supply": [{"l": "Sugar", "v": 30.769944056040298}, {"l": "Sweeteners, Other", "v": 0.63300689584848546}, {"l": "Honey", "v": 0.42003322726705272}, {"l": "Sugar non-centrifugal", "v": 0.070464417934853543}]}, {"source": 7, "prod": 7732.0, "target": 8, "value": 6.1157405150316722, "supply": [{"l": "Crustaceans", "v": 0.032595663628151784}, {"l": "Marine Fish, Other", "v": 0.42038029045834946}, {"l": "Fish, Seafood", "v": 2.9298195330885268}, {"l": "Demersal Fish", "v": 0.41773047363890797}, {"l": "Freshwater Fish", "v": 1.0481421440705503}, {"l": "Cephalopods", "v": 0.0075803868902678566}, {"l": "Pelagic Fish", "v": 1.2549437911227572}, {"l": "Molluscs, Other", "v": 0.0045482321341607139}]}, {"source": 10, "prod": 3520.0, "target": 8, "value": 35.995424512676692, "supply": [{"l": "Sunflowerseed Oil", "v": 3.7688864117126353}, {"l": "Rape and Mustard Oil", "v": 2.074269503609659}, {"l": "Sesameseed Oil", "v": 0.43393503620733342}, {"l": "Palmkernel Oil", "v": 1.8612765349026921}, {"l": "Oilcrops Oil, Other", "v": 2.2850834353471274}, {"l": "Maize Germ Oil", "v": 1.2628924559186252}, {"l": "Groundnut Oil", "v": 3.5681723357700839}, {"l": "Soyabean Oil", "v": 4.6065585267725737}, {"l": "Palm Oil", "v": 9.4075046594317744}, {"l": "Coconut Oil", "v": 1.2513570845638697}, {"l": "Olive Oil", "v": 0.85843670206233336}, {"l": "Cottonseed Oil", "v": 4.6170518263779776}]}, {"source": 0, "prod": 24.0, "target": 11, "value": 0.020274706428895523, "supply": [{"l": "Wine", "v": 0.020274706428895523}]}, {"source": 2, "prod": 13.0, "target": 11, "value": 0.0088150442317452508, "supply": [{"l": "Milk - Excluding Butter", "v": 0.0088150442317452508}]}, {"source": 3, "prod": 2321.0, "target": 11, "value": 7.8269065997770682, "supply": [{"l": "Maize", "v": 0.79092086835813336}, {"l": "Barley", "v": 2.2995308081896373}, {"l": "Rice", "v": 0.055222031248649106}, {"l": "Sorghum", "v": 3.7380065584949533}, {"l": "Millet", "v": 0.94322633348569496}]}, {"source": 4, "prod": 11308.258064516129, "target": 11, "value": 48.770129601119521, "supply": [{"l": "Olives", "v": 1.706943540595895}, {"l": "Soyabeans", "v": 1.4273868514374377}, {"l": "Oilcrops, Other", "v": 2.8666347788325885}, {"l": "Sunflower seed", "v": 1.3838754306873}, {"l": "Coconuts - Incl Copra", "v": 1.9481431288915485}, {"l": "Sesame seed", "v": 0.64407149302137934}, {"l": "Cottonseed", "v": 8.6265917574026201}, {"l": "Rape and Mustardseed", "v": 0.39656571063880702}, {"l": "Groundnuts", "v": 5.9976021075799295}, {"l": "Palm kernels", "v": 2.4102954880384635}, {"l": "Oil Palm", "v": 21.362019313993549}]}, {"source": 5, "prod": 3944.0, "target": 11, "value": 3.6103018655089669, "supply": [{"l": "Grapes", "v": 0.96164098963857114}, {"l": "Plantains", "v": 2.6007836531676616}, {"l": "Fruits, Other", "v": 0.026310259498304692}, {"l": "Citrus, Other", "v": 0.0096289402254914631}, {"l": "Bananas", "v": 0.010842534808989938}, {"l": "Oranges, Mandarines", "v": 0.0010954881699483871}]}, {"source": 6, "prod": 64367.0, "target": 11, "value": 23.155846378041343, "supply": [{"l": "Sugar beet", "v": 1.1619833734844491}, {"l": "Sugar cane", "v": 21.993863004556893}]}, {"source": 9, "prod": 91.0, "target": 11, "value": 0.37710646799220549, "supply": [{"l": "Sugar", "v": 0.24861252940511958}, {"l": "Sugar non-centrifugal", "v": 0.12849393858708588}]}, {"source": 10, "prod": 4.0, "target": 11, "value": 0.039740581484297877, "supply": [{"l": "Oilcrops Oil, Other", "v": 0.039740581484297877}]}, {"source": 0, "prod": 619.0, "target": 12, "value": 4.6795065872240222, "supply": [{"l": "Alcohol, Non-Food", "v": 0.0090901021871762338}, {"l": "Beer", "v": 0.0011073956500565218}, {"l": "Beverages, Alcoholic", "v": 0.21868267634954552}, {"l": "Fats, Animals, Raw", "v": 4.4360424081847505}, {"l": "Wine", "v": 0.0092925737799104489}, {"l": "Beverages, Fermented", "v": 0.0052914310725833006}]}, {"source": 2, "prod": 62.0, "target": 12, "value": 0.077809606305574416, "supply": [{"l": "Eggs", "v": 0.0031279070115631576}, {"l": "Milk - Excluding Butter", "v": 0.0081369639062263844}, {"l": "Bovine Meat", "v": 0.013482027155909872}, {"l": "Offals, Edible", "v": 0.053062708231874998}]}, {"source": 3, "prod": 352.0, "target": 12, "value": 1.3385072568362031, "supply": [{"l": "Maize", "v": 1.0805538624047739}, {"l": "Barley", "v": 0.0030824809761255188}, {"l": "Rice", "v": 0.25487091345530355}]}, {"source": 4, "prod": 204.0, "target": 12, "value": 1.1352943807524418, "supply": [{"l": "Sunflower seed", "v": 0.00424501665855}, {"l": "Coconuts - Incl Copra", "v": 0.0054774408497419358}, {"l": "Groundnuts", "v": 0.51987671545618841}, {"l": "Oilcrops, Other", "v": 0.064923784189588246}, {"l": "Cottonseed", "v": 0.39656571063880702}, {"l": "Palm kernels", "v": 0.14420571295956619}]}, {"source": 5, "prod": 2158.0, "target": 12, "value": 3.0203466759788413, "supply": [{"l": "Roots, Other", "v": 0.1417601893313945}, {"l": "Nuts", "v": 0.021676680809617023}, {"l": "Yams", "v": 1.8953687756038093}, {"l": "Tomatoes", "v": 0.00041374431369883038}, {"l": "Coffee", "v": 0.011428891003788461}, {"l": "Treenuts", "v": 0.021676680809617023}, {"l": "Vegetables, Other", "v": 0.0012189186410318353}, {"l": "Grapes", "v": 0.0036179119249005686}, {"l": "Dates", "v": 0.0036460265778957062}, {"l": "Cocoa Beans", "v": 0.0424501665855}, {"l": "Potatoes", "v": 0.045103301997093753}, {"l": "Beans", "v": 0.43606396803782105}, {"l": "Pulses, Other", "v": 0.203506098610887}, {"l": "Spices, Other", "v": 0.0035375138821250002}, {"l": "Fruits, Other", "v": 0.0067065367348619793}, {"l": "Cassava", "v": 0.18217127111479989}]}, {"source": 6, "prod": 664.0, "target": 12, "value": 0.23887212383705084, "supply": [{"l": "Sugar cane", "v": 0.23887212383705084}]}, {"source": 9, "prod": 84.0, "target": 12, "value": 0.34805754116716742, "supply": [{"l": "Sugar", "v": 0.34805754116716742}]}, {"source": 7, "prod": 146.0, "target": 12, "value": 0.11654426191092358, "supply": [{"l": "Freshwater Fish", "v": 0.029502046275637069}, {"l": "Aquatic Products, Other", "v": 0.026224041133899617}, {"l": "Marine Fish, Other", "v": 0.0024728252379902912}, {"l": "Aquatic Plants", "v": 0.026224041133899617}, {"l": "Fish, Seafood", "v": 0.031079586250098212}, {"l": "Demersal Fish", "v": 0.001041721879398773}]}, {"source": 10, "prod": 632.0, "target": 12, "value": 6.4144183808835784, "supply": [{"l": "Groundnut Oil", "v": 0.050114779996770845}, {"l": "Soyabean Oil", "v": 0.2098659921080899}, {"l": "Palm Oil", "v": 3.6664619687960078}, {"l": "Sunflowerseed Oil", "v": 0.18586289153651353}, {"l": "Olive Oil", "v": 0.066033592466333349}, {"l": "Coconut Oil", "v": 0.11073956500565219}, {"l": "Rape and Mustard Oil", "v": 0.34731954479045457}, {"l": "Oilcrops Oil, Other", "v": 1.31143918898183}, {"l": "Sesameseed Oil", "v": 0.075466962818666675}, {"l": "Cottonseed Oil", "v": 0.13641289487025843}, {"l": "Palmkernel Oil", "v": 0.25470099951300001}]}, {"source": 5, "prod": 2260.0, "target": 5, "value": 3.6462015906997585, "supply": [{"l": "Potatoes", "v": 0.59372346628901596}, {"l": "Yams", "v": 1.1207397977483393}, {"l": "Beans", "v": 0.38056491756028016}, {"l": "Roots, Other", "v": 0.061338543460699536}, {"l": "Peas", "v": 0.05255734910585716}, {"l": "Sweet potatoes", "v": 0.10850240207624505}, {"l": "Pulses, Other", "v": 1.3287751144593209}]}, {"source": 6, "prod": 264.0, "target": 6, "value": 0.094973254055694914, "supply": [{"l": "Sugar cane", "v": 0.094973254055694914}]}, {"source": 2, "prod": 91.0, "target": 2, "value": 0.14231976902612367, "supply": [{"l": "Eggs", "v": 0.14231976902612367}]}, {"source": 3, "prod": 2556.0, "target": 3, "value": 8.9163299121182789, "supply": [{"l": "Maize", "v": 1.8009231040079563}, {"l": "Oats", "v": 0.06839193505441668}, {"l": "Rye", "v": 0.0029659505037903933}, {"l": "Barley", "v": 1.4271886919461152}, {"l": "Rice", "v": 1.2743545672765177}, {"l": "Sorghum", "v": 1.0019399022769979}, {"l": "Cereals, Other", "v": 0.16711016282601757}, {"l": "Wheat", "v": 2.4543291382994279}, {"l": "Millet", "v": 0.71912645992703705}]}, {"source": 4, "prod": 519.0, "target": 4, "value": 3.0000371195320494, "supply": [{"l": "Soyabeans", "v": 0.074287791524625002}, {"l": "Sunflower seed", "v": 0.025470099951300004}, {"l": "Sesame seed", "v": 0.052696758519931039}, {"l": "Cottonseed", "v": 0.81888244144896516}, {"l": "Rape and Mustardseed", "v": 0.0051502040342702214}, {"l": "Groundnuts", "v": 1.7688488245399581}, {"l": "Oilcrops, Other", "v": 0.25470099951300007}]}, {"source": 0, "prod": 732.0, "target": 13, "value": 0.32318112227273671, "supply": [{"l": "Wine", "v": 0.00084477943453731361}, {"l": "Beverages, Fermented", "v": 0.3223363428381994}]}, {"source": 2, "prod": 656.0, "target": 13, "value": 0.51214705524034199, "supply": [{"l": "Eggs", "v": 0.11886046643939999}, {"l": "Milk - Excluding Butter", "v": 0.39328658880094197}]}, {"source": 3, "prod": 6466.0, "target": 13, "value": 23.11581909177799, "supply": [{"l": "Maize", "v": 7.3967810787295862}, {"l": "Barley", "v": 0.84768226843451766}, {"l": "Rice", "v": 2.7950843508931622}, {"l": "Cereals, Other", "v": 0.33810660850845425}, {"l": "Wheat", "v": 4.5943436458084657}, {"l": "Oats", "v": 0.023583425880833338}, {"l": "Sorghum", "v": 4.3440751007813887}, {"l": "Millet", "v": 2.7761626127415844}]}, {"source": 4, "prod": 432.0, "target": 13, "value": 1.9192027336440052, "supply": [{"l": "Olives", "v": 0.075963455995105275}, {"l": "Sunflower seed", "v": 0.025470099951300004}, {"l": "Coconuts - Incl Copra", "v": 0.20449112505703229}, {"l": "Sesame seed", "v": 0.11124871243096551}, {"l": "Cottonseed", "v": 0.16480652909664709}, {"l": "Groundnuts", "v": 0.88759439224227288}, {"l": "Oilcrops, Other", "v": 0.32461892094794126}, {"l": "Soyabeans", "v": 0.047756437408687499}, {"l": "Rape and Mustardseed", "v": 0.030901224205621323}, {"l": "Palm kernels", "v": 0.046351836308431996}]}, {"source": 5, "prod": 15268.0, "target": 13, "value": 14.9949497010264, "supply": [{"l": "Roots, Other", "v": 0.7660502538869588}, {"l": "Plantains", "v": 2.1509463215064555}, {"l": "Nuts", "v": 0.068642822563787231}, {"l": "Yams", "v": 1.4656733699544984}, {"l": "Citrus, Other", "v": 0.10591834248040613}, {"l": "Grapefruit", "v": 0.013751462415021128}, {"l": "Cocoa Beans", "v": 0.169800666342}, {"l": "Tomatoes", "v": 0.11067660391443714}, {"l": "Coffee", "v": 0.014694288433442308}, {"l": "Treenuts", "v": 0.065030042428851062}, {"l": "Vegetables, Other", "v": 0.54516136220148825}, {"l": "Peas", "v": 0.044471603089571439}, {"l": "Grapes", "v": 0.032561207324105119}, {"l": "Cloves", "v": 0.0036983099676761366}, {"l": "Dates", "v": 0.13854900996003683}, {"l": "Potatoes", "v": 0.43135157909947841}, {"l": "Pimento", "v": 0.05788659079840909}, {"l": "Beans", "v": 0.59859690157919065}, {"l": "Apples", "v": 0.022719807468295775}, {"l": "Lemons, Limes", "v": 0.011855451929283785}, {"l": "Pineapples", "v": 0.047683748767273978}, {"l": "Bananas", "v": 0.3259988799236308}, {"l": "Spices, Other", "v": 0.0070750277642500003}, {"l": "Fruits, Other", "v": 0.37298661994655469}, {"l": "Sweet potatoes", "v": 0.56488363967529653}, {"l": "Oranges, Mandarines", "v": 0.10041974891193549}, {"l": "Pulses, Other", "v": 1.0574336496448051}, {"l": "Onions", "v": 0.066058222676130554}, {"l": "Cassava", "v": 5.6343741663731306}]}, {"source": 6, "prod": 1433.0, "target": 13, "value": 0.51551770099170757, "supply": [{"l": "Sugar beet", "v": 0.010072920884694915}, {"l": "Sugar cane", "v": 0.50544478010701266}]}, {"source": 10, "prod": 20.0, "target": 13, "value": 0.20540403186532261, "supply": [{"l": "Palm Oil", "v": 0.20540403186532261}]}, {"source": 14, "prod": 5904.0, "target": 11, "value": 37.633684457750959, "supply": [{"l": "Alcohol, Non-Food", "v": 0.0034961931489139366}, {"l": "Sugar", "v": 12.832550059460923}, {"l": "Maize Germ Oil", "v": 0.02122508329275}, {"l": "Beer", "v": 0.021594215176102174}, {"l": "Groundnut Oil", "v": 0.19043616398772922}, {"l": "Beverages, Alcoholic", "v": 0.10612541646375004}, {"l": "Fats, Animals, Raw", "v": 5.344004304596834}, {"l": "Soyabean Oil", "v": 4.6275451259833824}, {"l": "Butter, Ghee", "v": 0.95937376483230008}, {"l": "Palm Oil", "v": 3.3172751146249597}, {"l": "Sunflowerseed Oil", "v": 2.8705491026194863}, {"l": "Olive Oil", "v": 0.037733481409333337}, {"l": "Coconut Oil", "v": 0.31007078201582611}, {"l": "Rape and Mustard Oil", "v": 2.0356784430773867}, {"l": "Oilcrops Oil, Other", "v": 2.4539809066553939}, {"l": "Wine", "v": 0.14530206274041793}, {"l": "Sweeteners, Other", "v": 0.2359729848429265}, {"l": "Beverages, Fermented", "v": 0.0013228577681458251}, {"l": "Fish, Body Oil", "v": 0.16131063302490001}, {"l": "Cottonseed Oil", "v": 1.6054748396268881}, {"l": "Palmkernel Oil", "v": 0.35266292240261543}]}, {"source": 14, "prod": 29110.0, "target": 3, "value": 102.1222566567445, "supply": [{"l": "Maize", "v": 26.397448136891882}, {"l": "Barley", "v": 3.9024209157749068}, {"l": "Rice", "v": 11.010423461269113}, {"l": "Cereals, Other", "v": 0.76559772271454574}, {"l": "Wheat", "v": 58.191675740905922}, {"l": "Oats", "v": 0.087258675759083332}, {"l": "Sorghum", "v": 1.6570544537658043}, {"l": "Millet", "v": 0.11037754966321962}]}, {"source": 14, "prod": 291.0, "target": 4, "value": 1.306935885735514, "supply": [{"l": "Olives", "v": 0.024576412233710529}, {"l": "Sunflower seed", "v": 0.0594302332197}, {"l": "Coconuts - Incl Copra", "v": 0.10772300337825806}, {"l": "Sesame seed", "v": 0.21078703407972416}, {"l": "Cottonseed", "v": 0.05150204034270222}, {"l": "Groundnuts", "v": 0.18385883839304223}, {"l": "Oilcrops, Other", "v": 0.47444303830852946}, {"l": "Soyabeans", "v": 0.13796304140287499}, {"l": "Rape and Mustardseed", "v": 0.05665224437697243}]}, {"source": 14, "prod": 9152.0, "target": 1, "value": 7.5419590422476332, "supply": [{"l": "Freshwater Fish", "v": 0.00081950128543436303}, {"l": "Pigmeat", "v": 0.06255814023126316}, {"l": "Meat, Other", "v": 0.011320044422799999}, {"l": "Crustaceans", "v": 0.014402735091508929}, {"l": "Eggs", "v": 0.084453489312205254}, {"l": "Marine Fish, Other", "v": 0.18958326824592231}, {"l": "Demersal Fish", "v": 0.20001060084456446}, {"l": "Mutton & Goat Meat", "v": 0.043538632395384622}, {"l": "Milk - Excluding Butter", "v": 3.2283404297953182}, {"l": "Pelagic Fish", "v": 1.3188768355349274}, {"l": "Fish, Seafood", "v": 1.4470958573521338}, {"l": "Poultry Meat", "v": 0.14441809250737114}, {"l": "Offals, Edible", "v": 0.050535912601785721}, {"l": "Bovine Meat", "v": 0.74600550262701293}]}, {"source": 14, "prod": 1904.0, "target": 5, "value": 2.8363529805585395, "supply": [{"l": "Nuts", "v": 0.17702622661187234}, {"l": "Cocoa Beans", "v": 0.24762597174875001}, {"l": "Tomatoes", "v": 0.06392349646646929}, {"l": "Coffee", "v": 0.10612541646375}, {"l": "Treenuts", "v": 0.17341344647693618}, {"l": "Vegetables, Other", "v": 0.03656755923095506}, {"l": "Peas", "v": 0.048514476097714289}, {"l": "Infant food", "v": 0.025568888840000002}, {"l": "Grapes", "v": 0.021707471549403414}, {"l": "Dates", "v": 0.023699172756322086}, {"l": "Potatoes", "v": 0.34442521525053416}, {"l": "Pimento", "v": 0.015436424212909092}, {"l": "Pepper", "v": 0.036983099676761361}, {"l": "Beans", "v": 0.37263648177777431}, {"l": "Pulses, Other", "v": 0.82200502576162193}, {"l": "Lemons, Limes", "v": 0.00076486786640540534}, {"l": "Pineapples", "v": 0.00038767275420547952}, {"l": "Bananas", "v": 0.024576412233710525}, {"l": "Citrus, Other", "v": 0.00062122195003170742}, {"l": "Spices, Other", "v": 0.084900333171}, {"l": "Tea", "v": 0.1020436696766827}, {"l": "Fruits, Other", "v": 0.073256016642338551}, {"l": "Grapefruit", "v": 0.0017936690106549298}, {"l": "Oranges, Mandarines", "v": 0.0069380917430064528}, {"l": "Onions", "v": 0.012856969514146215}, {"l": "Apples", "v": 0.012555683074584507}]}, {"source": 0, "prod": 203.0, "target": 15, "value": 0.32934723332613414, "supply": [{"l": "Beer", "v": 0.0060906760753108701}, {"l": "Beverages, Alcoholic", "v": 0.019295530266136368}, {"l": "Fats, Animals, Raw", "v": 0.086472561563055578}, {"l": "Butter, Ghee", "v": 0.0169800666342}, {"l": "Wine", "v": 0.14107816556773137}, {"l": "Fish, Body Oil", "v": 0.0594302332197}]}, {"source": 2, "prod": 191.0, "target": 15, "value": 0.32216131853964758, "supply": [{"l": "Pigmeat", "v": 0.0078197675289078949}, {"l": "Meat, Other", "v": 0.0056600222113999997}, {"l": "Mutton & Goat Meat", "v": 0.0043538632395384615}, {"l": "Milk - Excluding Butter", "v": 0.043397140833207386}, {"l": "Poultry Meat", "v": 0.0043763058335567007}, {"l": "Bovine Meat", "v": 0.24717049785834766}, {"l": "Eggs", "v": 0.0093837210346894746}]}, {"source": 3, "prod": 647.0, "target": 15, "value": 2.367991832469313, "supply": [{"l": "Maize", "v": 1.1473922456463062}, {"l": "Barley", "v": 0.10480435318826764}, {"l": "Rice", "v": 0.34832358172224814}, {"l": "Cereals, Other", "v": 0.11270220283615143}, {"l": "Wheat", "v": 0.4146278108298761}, {"l": "Sorghum", "v": 0.20669389592427578}, {"l": "Millet", "v": 0.033447742322187765}]}, {"source": 4, "prod": 547.0, "target": 15, "value": 2.636338223898218, "supply": [{"l": "Olives", "v": 0.046918605173447377}, {"l": "Sunflower seed", "v": 0.025470099951300004}, {"l": "Coconuts - Incl Copra", "v": 0.14971671655961291}, {"l": "Sesame seed", "v": 0.59137473450144828}, {"l": "Groundnuts", "v": 0.53889659528995137}, {"l": "Oilcrops, Other", "v": 0.44447821483641187}, {"l": "Cottonseed", "v": 0.32961305819329417}, {"l": "Rape and Mustardseed", "v": 0.0051502040342702214}, {"l": "Palm kernels", "v": 0.50471999535848167}]}, {"source": 5, "prod": 5432.0, "target": 15, "value": 11.129079511926543, "supply": [{"l": "Roots, Other", "v": 0.0027261574871422019}, {"l": "Nuts", "v": 0.41908249565259575}, {"l": "Yams", "v": 0.0011772476867104404}, {"l": "Tomatoes", "v": 0.028548357645219298}, {"l": "Coffee", "v": 0.67022282243645193}, {"l": "Treenuts", "v": 0.41185693538272339}, {"l": "Apples", "v": 0.18474790809745772}, {"l": "Vegetables, Other", "v": 0.058812824429786054}, {"l": "Peas", "v": 0.0040428730081428577}, {"l": "Grapes", "v": 0.10274869866717616}, {"l": "Cloves", "v": 0.033284789709085223}, {"l": "Dates", "v": 0.0583364252463313}, {"l": "Cocoa Beans", "v": 7.3368037915272506}, {"l": "Potatoes", "v": 0.16483206729846991}, {"l": "Pimento", "v": 0.011577318159681819}, {"l": "Pepper", "v": 0.014793239870704546}, {"l": "Grapefruit", "v": 0.050820621968556343}, {"l": "Pineapples", "v": 0.12831968164201371}, {"l": "Beans", "v": 0.083248575716311279}, {"l": "Pulses, Other", "v": 0.43095409117599603}, {"l": "Lemons, Limes", "v": 0.011473017996081081}, {"l": "Bananas", "v": 0.10336549851237073}, {"l": "Citrus, Other", "v": 0.0024848878001268297}, {"l": "Spices, Other", "v": 0.12027547199225001}, {"l": "Tea", "v": 0.15429002855114424}, {"l": "Fruits, Other", "v": 0.11297934961036721}, {"l": "Infant food", "v": 0.0023244444400000001}, {"l": "Sweet potatoes", "v": 0.003355744394110672}, {"l": "Oranges, Mandarines", "v": 0.39802736841458064}, {"l": "Onions", "v": 0.018177094830344652}, {"l": "Cassava", "v": 0.0053896825773609436}]}, {"source": 9, "prod": 2101.0, "target": 15, "value": 8.7047861928904631, "supply": [{"l": "Sugar", "v": 8.697294987022433}, {"l": "Sweeteners, Other", "v": 0.0074912058680294122}]}, {"source": 7, "prod": 1150.0, "target": 15, "value": 0.92006045048385854, "supply": [{"l": "Freshwater Fish", "v": 0.01065351671064672}, {"l": "Crustaceans", "v": 0.02122508329275}, {"l": "Marine Fish, Other", "v": 0.01648550158660194}, {"l": "Demersal Fish", "v": 0.067711922160920257}, {"l": "Fish, Seafood", "v": 0.43435616881234823}, {"l": "Pelagic Fish", "v": 0.29079223426180567}, {"l": "Cephalopods", "v": 0.077319946280732132}, {"l": "Molluscs, Other", "v": 0.0015160773780535713}]}, {"source": 10, "prod": 407.0, "target": 15, "value": 4.0693216075298633, "supply": [{"l": "Maize Germ Oil", "v": 0.010612541646375}, {"l": "Groundnut Oil", "v": 1.302984279916042}, {"l": "Palm Oil", "v": 0.71891411152862905}, {"l": "Sunflowerseed Oil", "v": 0.17553717534004054}, {"l": "Olive Oil", "v": 0.71693614677733342}, {"l": "Coconut Oil", "v": 0.25470099951300001}, {"l": "Oilcrops Oil, Other", "v": 0.49675726855372349}, {"l": "Sesameseed Oil", "v": 0.0094333703523333343}, {"l": "Cottonseed Oil", "v": 0.02098659921080899}, {"l": "Palmkernel Oil", "v": 0.36245911469157699}]}, {"source": 16, "prod": 549.0, "target": 5, "value": 1.3201601124826305, "supply": [{"l": "Roots, Other", "v": 0.068153937178555044}, {"l": "Plantains", "v": 0.13443414509415347}, {"l": "Nuts", "v": 0.010838340404808511}, {"l": "Cocoa Beans", "v": 0.014150055528500001}, {"l": "Coffee", "v": 0.058777153733769232}, {"l": "Treenuts", "v": 0.010838340404808511}, {"l": "Peas", "v": 0.024257238048857144}, {"l": "Dates", "v": 0.016407119600530679}, {"l": "Potatoes", "v": 0.0049203602178647735}, {"l": "Pulses, Other", "v": 0.96166607382791713}, {"l": "Lemons, Limes", "v": 0.00038243393320270267}, {"l": "Pineapples", "v": 0.00038767275420547952}, {"l": "Grapefruit", "v": 0.014947241755457747}]}, {"source": 10, "prod": 99.0, "target": 17, "value": 1.0048792632842363, "supply": [{"l": "Soyabean Oil", "v": 0.31479898816213486}, {"l": "Coconut Oil", "v": 0.044295826002260875}, {"l": "Oilcrops Oil, Other", "v": 0.64578444911984045}]}, {"source": 2, "prod": 137.0, "target": 17, "value": 0.19017030502498358, "supply": [{"l": "Milk - Excluding Butter", "v": 0.050856024413914909}, {"l": "Bovine Meat", "v": 0.13931428061106868}]}, {"source": 0, "prod": 16.0, "target": 17, "value": 0.020484356977298734, "supply": [{"l": "Alcohol, Non-Food", "v": 0.00069923862978278726}, {"l": "Beverages, Alcoholic", "v": 0.0096477651330681841}, {"l": "Wine", "v": 0.010137353214447762}]}, {"source": 7, "prod": 3.0, "target": 17, "value": 0.002274116067080357, "supply": [{"l": "Crustaceans", "v": 0.002274116067080357}]}, {"source": 3, "prod": 937.0, "target": 17, "value": 3.1323593455715661, "supply": [{"l": "Rye", "v": 0.0059319010075807865}, {"l": "Wheat", "v": 3.1264274445639852}]}, {"source": 16, "prod": 14.0, "target": 1, "value": 0.011459727798220975, "supply": [{"l": "Marine Fish, Other", "v": 0.0032971003173203881}, {"l": "Pelagic Fish", "v": 0.0030935344070404857}, {"l": "Fish, Seafood", "v": 0.0045482321341607139}, {"l": "Demersal Fish", "v": 0.0005208609396993865}]}, {"source": 5, "prod": 320.0, "target": 17, "value": 0.44497798389824733, "supply": [{"l": "Tomatoes", "v": 0.0035168266664400583}, {"l": "Cloves", "v": 0.066569579418170446}, {"l": "Apples", "v": 0.0041852276915281695}, {"l": "Vegetables, Other", "v": 0.0024378372820636706}, {"l": "Pepper", "v": 0.0036983099676761366}, {"l": "Beans", "v": 0.15064027986761089}, {"l": "Spices, Other", "v": 0.0035375138821250002}, {"l": "Tea", "v": 0.0032653974296538461}, {"l": "Fruits, Other", "v": 0.0010317748822864586}, {"l": "Oranges, Mandarines", "v": 0.0051122781264258069}, {"l": "Onions", "v": 0.01773375105399478}, {"l": "Cassava", "v": 0.18324920763027208}]}, {"source": 16, "prod": 132.0, "target": 4, "value": 0.82062084236286559, "supply": [{"l": "Sesame seed", "v": 0.14637988477758623}, {"l": "Soyabeans", "v": 0.02122508329275}, {"l": "Groundnuts", "v": 0.65301587429252939}]}, {"source": 4, "prod": 41.0, "target": 17, "value": 0.1714115900336029, "supply": [{"l": "Olives", "v": 0.017873754351789478}, {"l": "Coconuts - Incl Copra", "v": 0.0073032544663225807}, {"l": "Oilcrops, Other", "v": 0.099882744907058854}, {"l": "Cottonseed", "v": 0.041201632274161772}, {"l": "Palm kernels", "v": 0.0051502040342702214}]}, {"source": 16, "prod": 142.0, "target": 11, "value": 1.3907442895427713, "supply": [{"l": "Maize Germ Oil", "v": 0.02122508329275}, {"l": "Groundnut Oil", "v": 0.60137735996124997}, {"l": "Butter, Ghee", "v": 0.093390366488100007}, {"l": "Palm Oil", "v": 0.17459342708552419}, {"l": "Sunflowerseed Oil", "v": 0.020651432392945947}, {"l": "Olive Oil", "v": 0.23583425880833336}, {"l": "Rape and Mustard Oil", "v": 0.12542094672988635}, {"l": "Cottonseed Oil", "v": 0.010493299605404495}, {"l": "Palmkernel Oil", "v": 0.10775811517857693}]}, {"source": 9, "prod": 803.0, "target": 17, "value": 3.3236828988672142, "supply": [{"l": "Sugar", "v": 3.2899724724610819}, {"l": "Sweeteners, Other", "v": 0.033710426406132359}]}, {"source": 16, "prod": 2724.0, "target": 3, "value": 9.4895479730838961, "supply": [{"l": "Maize", "v": 1.5261430840149899}, {"l": "Barley", "v": 1.2823120860682158}, {"l": "Rice", "v": 0.87080895430562033}, {"l": "Cereals, Other", "v": 0.19431414282095069}, {"l": "Oats", "v": 0.0070750277642500003}, {"l": "Sorghum", "v": 2.8026290972783157}, {"l": "Millet", "v": 2.8062655808315538}]}, {"source": 1, "prod": 11575.0, "target": 7, "value": 9.4231215260277139, "supply": [{"l": "Pelagic Fish", "v": 2.842958120070207}, {"l": "Crustaceans", "v": 0.056094862987982143}, {"l": "Freshwater Fish", "v": 1.088297707056834}, {"l": "Molluscs, Other", "v": 0.0060643095122142852}, {"l": "Aquatic Plants", "v": 0.026224041133899617}, {"l": "Demersal Fish", "v": 0.49429703177471779}, {"l": "Aquatic Products, Other", "v": 0.026224041133899617}, {"l": "Fish, Seafood", "v": 4.3587224619040175}, {"l": "Marine Fish, Other", "v": 0.43933861728294171}, {"l": "Cephalopods", "v": 0.084900333170999986}]}, {"source": 1, "prod": 29176.0, "target": 2, "value": 31.626836344261157, "supply": [{"l": "Poultry Meat", "v": 2.0962504942736602}, {"l": "Pigmeat", "v": 1.481845946728046}, {"l": "Bovine Meat", "v": 8.1476384112215339}, {"l": "Eggs", "v": 1.7422442054406786}, {"l": "Milk - Excluding Butter", "v": 13.419209642018348}, {"l": "Offals, Edible", "v": 1.1004194969038841}, {"l": "Meat, Other", "v": 1.2650149642479001}, {"l": "Mutton & Goat Meat", "v": 2.5165329524532312}]}, {"source": 11, "prod": 20376.0, "target": 0, "value": 20.168672756016186, "supply": [{"l": "Fats, Animals, Raw", "v": 6.814037851168778}, {"l": "Alcohol, Non-Food", "v": 0.0097893408169590218}, {"l": "Beverages, Fermented", "v": 5.7711874898308535}, {"l": "Fish, Body Oil", "v": 0.42450166585500004}, {"l": "Beer", "v": 2.5209861973536714}, {"l": "Beverages, Alcoholic", "v": 1.2992323712531821}, {"l": "Butter, Ghee", "v": 2.3092890622512003}, {"l": "Wine", "v": 1.0196487774865375}]}, {"source": 11, "prod": 4682.0, "target": 10, "value": 47.729188377723986, "supply": [{"l": "Olive Oil", "v": 1.6414064413060001}, {"l": "Sesameseed Oil", "v": 0.51883536937833352}, {"l": "Soyabean Oil", "v": 5.1312235070427983}, {"l": "Coconut Oil", "v": 1.6610934750847828}, {"l": "Cottonseed Oil", "v": 4.7744513204590451}, {"l": "Rape and Mustard Oil", "v": 2.4215890484001137}, {"l": "Maize Germ Oil", "v": 1.2735049975650001}, {"l": "Groundnut Oil", "v": 4.9212713956828971}, {"l": "Palm Oil", "v": 13.998284771621735}, {"l": "Palmkernel Oil", "v": 2.4784366491072691}, {"l": "Oilcrops Oil, Other", "v": 4.7788049234868195}, {"l": "Sunflowerseed Oil", "v": 4.1302864785891895}]}, {"source": 11, "prod": 10785.0, "target": 9, "value": 44.647081698007732, "supply": [{"l": "Honey", "v": 0.42003322726705272}, {"l": "Sweeteners, Other", "v": 0.6742085281226472}, {"l": "Sugar non-centrifugal", "v": 0.19895835652193944}, {"l": "Sugar", "v": 43.353881586096101}]}, {"source": 5, "prod": 136540.5, "target": 18, "value": 466.51444996113463, "supply": [{"l": "Vegetables, Other", "v": 62.200389881069995}, {"l": "Pulses, Other", "v": 11.575733311199999}, {"l": "Beans", "v": 5.7059299890900004}, {"l": "Onions", "v": 7.3411766526300015}, {"l": "Roots, Other", "v": 7.0151733199199997}, {"l": "Tomatoes", "v": 19.518359962680005}, {"l": "Peas", "v": 0.78275666517000009}, {"l": "Yams", "v": 19.144414963395}, {"l": "Potatoes", "v": 10.07820998073}, {"l": "Sweet potatoes", "v": 7.8354116516850016}, {"l": "Cassava", "v": 69.359388200715003}]}, {"source": 6, "prod": 28367.600000000002, "target": 18, "value": 98.908365144216006, "supply": [{"l": "Sugar beet", "v": 4.6135573245120014}, {"l": "Sugar cane", "v": 94.294807819704019}]}, {"source": 3, "prod": 153859.0, "target": 18, "value": 559.86510766113565, "supply": [{"l": "Sorghum", "v": 85.025853170760001}, {"l": "Rice", "v": 50.713566569700006}, {"l": "Wheat", "v": 123.46286643059999}, {"l": "Oats", "v": 1.67011333014}, {"l": "Maize", "v": 182.69087298402002}, {"l": "Barley", "v": 29.364706610520003}, {"l": "Cereals, Other", "v": 10.296126646980001}, {"l": "Rye", "v": 0.045303106974605045}, {"l": "Millet", "v": 53.178639898319993}]}, {"source": 4, "prod": 9729.0, "target": 18, "value": 29.950936631696081, "supply": [{"l": "Coconuts - Incl Copra", "v": 5.9221033220099999}, {"l": "Sesame seed", "v": 1.2238199976599999}, {"l": "Groundnuts", "v": 7.761319985160001}, {"l": "Oilcrops, Other", "v": 3.8649699926099998}, {"l": "Soyabeans", "v": 1.2691466642400002}, {"l": "Palm kernels", "v": 2.1320966625900004}, {"l": "Sunflower seed", "v": 1.025967513189818}, {"l": "Cottonseed", "v": 7.0291199865600005}, {"l": "Olives", "v": 3.1990166605499999}, {"l": "Rape and Mustardseed", "v": 0.27544666614000002}]}, {"source": 19, "prod": 0, "target": 5, "value": 0.052851425477143707, "supply": "[{\"l\":'Energy for power irrigation',\"v\":0.052851425477143707}]"}, {"source": 19, "prod": 0, "target": 6, "value": 0.027450977866739567, "supply": "[{\"l\":'Energy for power irrigation',\"v\":0.027450977866739567}]"}, {"source": 19, "prod": 0, "target": 3, "value": 0.02977749265781161, "supply": "[{\"l\":'Energy for power irrigation',\"v\":0.02977749265781161}]"}, {"source": 19, "prod": 0, "target": 4, "value": 0.0057137152020511174, "supply": "[{\"l\":'Energy for power irrigation',\"v\":0.0057137152020511174}]"}, {"source": 19, "prod": 0, "target": 11, "value": 5.4930000043943989, "supply": "[{\"l\":'Electricity',\"v\":5.4930000043943989}]"}, {"source": 20, "prod": 0, "target": 19, "value": 8.9180504518400063, "supply": [{"l": "Coal", "v": 5.7994914748394217}, {"l": "Natural gas", "v": 1.222724365153649}, {"l": "Oil", "v": 1.8958346118469362}]}, {"source": 21, "prod": 0, "target": 19, "value": 2.0641215799382562, "supply": [{"l": "Nuclear", "v": 0.79900931983756218}, {"l": "Hydroelectric", "v": 1.2293200976414715}, {"l": "Renewable", "v": 0.035792162459222426}]}, {"source": 20, "prod": 0, "target": 5, "value": 3.4523693154789847, "supply": [{"l": "Motor Gasoline", "v": 0.17973113263397017}, {"l": "Gas-Diesel oil", "v": 1.6191776910753619}, {"l": "Natural gas (including LNG)", "v": 0.075310590282574974}, {"l": "Fuel oil", "v": 0.061465613079111699}, {"l": "Liquefied petroleum gas (LPG)", "v": 0.011993908822780459}, {"l": "Coal", "v": 1.5046903795851849}]}, {"source": 20, "prod": 0, "target": 6, "value": 1.7931571913421591, "supply": [{"l": "Motor Gasoline", "v": 0.093352171665319297}, {"l": "Gas-Diesel oil", "v": 0.840999283533996}, {"l": "Natural gas (including LNG)", "v": 0.039116245745767254}, {"l": "Fuel oil", "v": 0.031925178346040348}, {"l": "Liquefied petroleum gas (LPG)", "v": 0.0062296243224740444}, {"l": "Coal", "v": 0.78153468772856205}]}, {"source": 20, "prod": 0, "target": 3, "value": 1.9451301647140629, "supply": [{"l": "Motor Gasoline", "v": 0.10126391926179418}, {"l": "Gas-Diesel oil", "v": 0.91227533358660651}, {"l": "Natural gas (including LNG)", "v": 0.042431410864493327}, {"l": "Fuel oil", "v": 0.034630888867182429}, {"l": "Liquefied petroleum gas (LPG)", "v": 0.0067575950636044931}, {"l": "Coal", "v": 0.84777101707038183}]}, {"source": 20, "prod": 0, "target": 4, "value": 0.37323222340479334, "supply": [{"l": "Motor Gasoline", "v": 0.019430554531716306}, {"l": "Gas-Diesel oil", "v": 0.17504769464203507}, {"l": "Natural gas (including LNG)", "v": 0.0081417532391644225}, {"l": "Fuel oil", "v": 0.0066449864820655085}, {"l": "Liquefied petroleum gas (LPG)", "v": 0.0012966495899410005}, {"l": "Coal", "v": 0.16267058491987099}]}, {"source": 20, "prod": 0, "target": 1, "value": 1.2901698343654688, "supply": [{"l": "Gas-diesel oils used in fisheries", "v": 0.85294083401568577}, {"l": "Fuel oil used in fisheries", "v": 0.43722900034978318}]}, {"source": 22, "prod": 2097.2973935750056, "target": 5, "value": 28.277064983549174, "supply": [{"l": "Potash", "v": 1.2692446491635438}, {"l": "Phosphate", "v": 4.3275666423509422}, {"l": "Nitrogen", "v": 56.356171795084933}]}, {"source": 22, "prod": 1089.3341818357617, "target": 6, "value": 14.687079449455098, "supply": [{"l": "Potash", "v": 1.2692446491635438}, {"l": "Phosphate", "v": 4.3275666423509422}, {"l": "Nitrogen", "v": 56.356171795084933}]}, {"source": 22, "prod": 1181.6570163360202, "target": 3, "value": 15.931833197124268, "supply": [{"l": "Potash", "v": 1.2692446491635438}, {"l": "Phosphate", "v": 4.3275666423509422}, {"l": "Nitrogen", "v": 56.356171795084933}]}, {"source": 22, "prod": 226.73674158654543, "target": 4, "value": 3.0570054564708777, "supply": [{"l": "Potash", "v": 1.2692446491635438}, {"l": "Phosphate", "v": 4.3275666423509422}, {"l": "Nitrogen", "v": 56.356171795084933}]}, {"source": 20, "prod": 0, "target": 22, "value": 74.120821679424935, "supply": [{"l": "Natural gas (including LNG)", "v": 50.236478246013213}, {"l": "Fuel oil", "v": 13.922196081939891}, {"l": "Liquefied petroleum gas (LPG)", "v": 4.9810736757359182}, {"l": "Coal", "v": 4.9810736757359182}]}, {"source": 23, "prod": 0, "target": 3, "value": 19.43165170913937, "supply": "[{\"l\":'Labor',\"v\":19.43165170913937}]"}, {"source": 23, "prod": 0, "target": 4, "value": 3.7285517974041449, "supply": "[{\"l\":'Labor',\"v\":3.7285517974041449}]"}, {"source": 23, "prod": 0, "target": 5, "value": 34.488816906281002, "supply": "[{\"l\":'Labor',\"v\":34.488816906281002}]"}, {"source": 23, "prod": 0, "target": 6, "value": 17.913457224607662, "supply": "[{\"l\":'Labor',\"v\":17.913457224607662}]"}, {"source": 20, "prod": 0, "target": 14, "value": 88.44792824855449, "supply": "[{\"l\":'Fossil Fuels',\"v\":88.44792824855449}]"}, {"source": 21, "prod": 0, "target": 14, "value": 22.282134632562698, "supply": "[{\"l\":'Renewables & Nuclear',\"v\":8.3128579318883666},{\"l\":'Biomass & Waste',\"v\":13.969276700674332}]"}]}