{"nodes": [{"layer": 13, "name": "Other Processed", "fill": "#9c9ede"}, {"layer": 10, "name": "Feed", "fill": "#dbdb8d"}, {"layer": 13, "name": "Animal Products", "fill": "#17becf"}, {"layer": 5, "name": "Cereals", "fill": "#e7ba52"}, {"layer": 5, "name": "Oilcrops", "fill": "#ff9896"}, {"layer": 5, "name": "Sugar Crops", "fill": "#ffbb78"}, {"layer": 5, "name": "Starchy Roots"}, {"layer": 5, "name": "Fruits & Vegetables"}, {"layer": 13, "name": "Aquatic Products", "fill": "#1f77b4"}, {"layer": 16, "name": "Food", "fill": "#b5cf6b"}, {"layer": 13, "name": "Sugar", "fill": "#d6616b"}, {"layer": 5, "name": "Others"}, {"layer": 13, "name": "Vegetable Oils", "fill": "#f7b6d2"}, {"layer": 10, "name": "Processing", "fill": "#9edae5"}, {"layer": 16, "name": "Biofuels & Other", "fill": "#e7ba52"}, {"name": "Waste", "fill": "#c7c7c7"}, {"layer": 2, "name": "Import", "fill": "#aec7e8"}, {"layer": 16, "name": "Export", "fill": "#aec7e8"}, {"layer": 0, "name": "Stock Draw", "fill": "#c7c7c7"}, {"layer": 16, "name": "Stock Deposit", "fill": "#c7c7c7"}, {"layer": 2, "name": "Electricity", "fill": "#bcbd22"}, {"layer": 0, "name": "Fossil Fuels", "fill": "#c49c94"}, {"layer": 0, "name": "Renewables & Nuclear", "fill": "#2ca02c"}, {"layer": 2, "name": "Fertilizers", "fill": "#c5b0d5"}, {"layer": 0, "name": "Labor", "fill": "#7f7f7f"}], "links": [{"source": 0, "prod": 60.0, "target": 1, "value": 0.84900333170999998, "supply": [{"l": "Fish, Body Oil", "v": 0.84900333170999998}]}, {"source": 2, "prod": 1661.0, "target": 1, "value": 1.1689340953904301, "supply": [{"l": "Milk - Excluding Butter", "v": 1.1676075276846332}, {"l": "Meat, Other", "v": 0.001326567705796875}]}, {"source": 3, "prod": 7214.0, "target": 1, "value": 25.453471610558523, "supply": [{"l": "Maize", "v": 12.731702355982909}, {"l": "Oats", "v": 0.35658139931820004}, {"l": "Barley", "v": 3.4621654715369732}, {"l": "Rice", "v": 0.93394278945849818}, {"l": "Sorghum", "v": 4.6056014227245559}, {"l": "Cereals, Other", "v": 0.19251102634372347}, {"l": "Wheat", "v": 1.0421561710981091}, {"l": "Millet", "v": 2.1288109740955545}]}, {"source": 4, "prod": 22.0, "target": 1, "value": 0.1192202136138534, "supply": [{"l": "Soyabeans", "v": 0.039620155479800002}, {"l": "Cottonseed", "v": 0.069527137249358481}, {"l": "Oilcrops, Other", "v": 0.010072920884694915}]}, {"source": 5, "prod": 768.0, "target": 1, "value": 0.21929413410984755, "supply": [{"l": "Sugar cane", "v": 0.21929413410984755}]}, {"source": 6, "prod": 5977.0, "target": 1, "value": 6.6344638689320865, "supply": [{"l": "Roots, Other", "v": 0.19053086427300195}, {"l": "Potatoes", "v": 0.052330808807987073}, {"l": "Yams", "v": 2.0786866617367634}, {"l": "Sweet potatoes", "v": 0.13279864947870323}, {"l": "Cassava", "v": 4.1801168846356305}]}, {"source": 7, "prod": 1742.0, "target": 1, "value": 2.8111672741723468, "supply": [{"l": "Dates", "v": 0.044295826002260875}, {"l": "Vegetables, Other", "v": 0.01772616805811501}, {"l": "Plantains", "v": 1.3546106197778209}, {"l": "Pulses, Other", "v": 1.39453466033415}]}, {"source": 8, "prod": 1222.0, "target": 1, "value": 0.95746367994727988, "supply": [{"l": "Fish, Seafood", "v": 0.48299910211807268}, {"l": "Pelagic Fish", "v": 0.44163751291703673}, {"l": "Demersal Fish", "v": 0.026682961853742856}, {"l": "Marine Fish, Other", "v": 0.0061441030584276322}]}, {"source": 0, "prod": 10865.0, "target": 9, "value": 8.1935893665209161, "supply": [{"l": "Beverages, Alcoholic", "v": 0.41388912420862506}, {"l": "Butter, Ghee", "v": 1.4909690088451055}, {"l": "Fats, Animals, Raw", "v": 1.3619428446181252}, {"l": "Wine", "v": 0.54665784143015206}, {"l": "Beer", "v": 0.82027902198619274}, {"l": "Beverages, Fermented", "v": 3.5513335643744415}, {"l": "Fish, Liver Oil", "v": 0.0085179610582746725}]}, {"source": 2, "prod": 15911.0, "target": 9, "value": 18.038925361072856, "supply": [{"l": "Eggs", "v": 0.68308894822441912}, {"l": "Pigmeat", "v": 0.82112561037026877}, {"l": "Offals, Edible", "v": 0.68405411297777152}, {"l": "Milk - Excluding Butter", "v": 7.3777321433036853}, {"l": "Meat, Other", "v": 0.81981884218246881}, {"l": "Mutton & Goat Meat", "v": 1.9135228937771538}, {"l": "Bovine Meat", "v": 4.9199680553939746}, {"l": "Poultry Meat", "v": 0.81961475484311552}]}, {"source": 3, "prod": 40773.0, "target": 9, "value": 145.09762220627957, "supply": [{"l": "Maize", "v": 43.034707963509803}, {"l": "Barley", "v": 5.6025836556550477}, {"l": "Cereals, Other", "v": 5.6024637462479525}, {"l": "Sorghum", "v": 23.630706845946037}, {"l": "Rye", "v": 0.018387505312435829}, {"l": "Rice", "v": 14.891909683968381}, {"l": "Wheat", "v": 34.967522975590896}, {"l": "Oats", "v": 0.13867054417930003}, {"l": "Millet", "v": 17.210669285869702}]}, {"source": 4, "prod": 1540.0, "target": 9, "value": 7.5579338478998368, "supply": [{"l": "Sunflower seed", "v": 0.027013742372590913}, {"l": "Coconuts - Incl Copra", "v": 0.54746076906817254}, {"l": "Sesame seed", "v": 0.82001297404185369}, {"l": "Olives", "v": 0.14278692396940909}, {"l": "Groundnuts", "v": 4.7697225802935197}, {"l": "Oilcrops, Other", "v": 0.95189102360366951}, {"l": "Soyabeans", "v": 0.28300111057000005}, {"l": "Palm kernels", "v": 0.016044723980621189}]}, {"source": 5, "prod": 1436.0, "target": 9, "value": 0.41003434450747533, "supply": [{"l": "Sugar cane", "v": 0.41003434450747533}]}, {"source": 10, "prod": 3694.0, "target": 9, "value": 15.299269393092921, "supply": [{"l": "Sugar", "v": 14.47554600248522}, {"l": "Sweeteners, Other", "v": 0.40906524164209096}, {"l": "Honey", "v": 0.27315759368060877}, {"l": "Sugar non-centrifugal", "v": 0.14150055528500002}]}, {"source": 6, "prod": 32344.0, "target": 9, "value": 35.380941780519656, "supply": [{"l": "Roots, Other", "v": 2.8695102892024842}, {"l": "Yams", "v": 7.2396447468835401}, {"l": "Potatoes", "v": 1.5014916681060908}, {"l": "Sweet potatoes", "v": 2.7331551106386098}, {"l": "Cassava", "v": 21.037139965688933}]}, {"source": 7, "prod": 32508.0, "target": 9, "value": 27.733671242010072, "supply": [{"l": "Plantains", "v": 5.5999561532775308}, {"l": "Tomatoes", "v": 0.54634511697338106}, {"l": "Treenuts", "v": 1.2334805547843857}, {"l": "Vegetables, Other", "v": 3.2784397601720507}, {"l": "Peas", "v": 0.81928821510014993}, {"l": "Grapes", "v": 0.1358405330736}, {"l": "Pulses, Other", "v": 7.5099444455955213}, {"l": "Pineapples", "v": 0.27361244813402846}, {"l": "Citrus, Other", "v": 0.27354055471232858}, {"l": "Grapefruit", "v": 0.059565301931562953}, {"l": "Fruits, Other", "v": 1.7754589219082713}, {"l": "Dates", "v": 1.0963216935559565}, {"l": "Beans", "v": 2.7322470856849095}, {"l": "Apples", "v": 0.051567470405409793}, {"l": "Lemons, Limes", "v": 0.1627111108}, {"l": "Bananas", "v": 1.0923397196961733}, {"l": "Oranges, Mandarines", "v": 0.54598668591935828}, {"l": "Onions", "v": 0.5470254702854519}]}, {"source": 11, "prod": 880.0, "target": 9, "value": 2.5147433981616745, "supply": [{"l": "Nuts", "v": 1.2334805547843857}, {"l": "Infant food", "v": 0.0081355555400000005}, {"l": "Pepper", "v": 0.03168155815020772}, {"l": "Pimento", "v": 0.81654143961520598}, {"l": "Tea", "v": 0.10692444424000001}, {"l": "Coffee", "v": 0.13599775591280555}, {"l": "Cloves", "v": 0.013577810635803308}, {"l": "Cocoa Beans", "v": 0.035747508703578956}, {"l": "Spices, Other", "v": 0.1326567705796875}]}, {"source": 8, "prod": 3457.0, "target": 9, "value": 2.6191612391467021, "supply": [{"l": "Crustaceans", "v": 0.015810117908938551}, {"l": "Marine Fish, Other", "v": 0.13628737693239476}, {"l": "Fish, Seafood", "v": 1.3675751991231846}, {"l": "Aquatic Animals, Others", "v": 0.00077890213918348629}, {"l": "Demersal Fish", "v": 0.27248964074882859}, {"l": "Aquatic Products, Other", "v": 0.00077890213918348629}, {"l": "Freshwater Fish", "v": 0.54650130427719334}, {"l": "Cephalopods", "v": 0.0039525294772346379}, {"l": "Pelagic Fish", "v": 0.27261574871422023}, {"l": "Molluscs, Other", "v": 0.002371517686340782}]}, {"source": 12, "prod": 1941.0, "target": 9, "value": 19.782259127181458, "supply": [{"l": "Sunflowerseed Oil", "v": 1.2443963119063717}, {"l": "Rape and Mustard Oil", "v": 0.40024442780614294}, {"l": "Sesameseed Oil", "v": 0.41388912420862506}, {"l": "Palmkernel Oil", "v": 0.265313541159375}, {"l": "Oilcrops Oil, Other", "v": 0.94548098304068195}, {"l": "Maize Germ Oil", "v": 0.68728841138428576}, {"l": "Groundnut Oil", "v": 2.7289392804964292}, {"l": "Soyabean Oil", "v": 0.96078877038514998}, {"l": "Palm Oil", "v": 7.9117164032824769}, {"l": "Coconut Oil", "v": 0.41843735634278578}, {"l": "Olive Oil", "v": 1.3459808917353657}, {"l": "Cottonseed Oil", "v": 2.4597836254337673}]}, {"source": 0, "prod": 44.0, "target": 13, "value": 0.031524174341974687, "supply": [{"l": "Wine", "v": 0.031524174341974687}]}, {"source": 2, "prod": 8.0, "target": 13, "value": 0.0071743177726232253, "supply": [{"l": "Milk - Excluding Butter", "v": 0.004923646201079779}, {"l": "Bovine Meat", "v": 0.0022506715715434468}]}, {"source": 3, "prod": 1437.0, "target": 13, "value": 4.9041452298931443, "supply": [{"l": "Maize", "v": 0.44400008216156617}, {"l": "Oats", "v": 0.0028300111056999999}, {"l": "Barley", "v": 0.75930163319809063}, {"l": "Rice", "v": 0.0042645789472990784}, {"l": "Sorghum", "v": 2.7661479044200434}, {"l": "Millet", "v": 0.9276010200604452}]}, {"source": 4, "prod": 9082.3221757322171, "target": 13, "value": 41.901792762704837, "supply": [{"l": "Olives", "v": 3.2030580241786368}, {"l": "Soyabeans", "v": 0.0169800666342}, {"l": "Oilcrops, Other", "v": 2.024657097823678}, {"l": "Sunflower seed", "v": 0.41292434769531822}, {"l": "Coconuts - Incl Copra", "v": 0.64553529186915526}, {"l": "Sesame seed", "v": 0.49076534052504883}, {"l": "Cottonseed", "v": 6.5141579361322011}, {"l": "Rape and Mustardseed", "v": 0.44925227145739322}, {"l": "Groundnuts", "v": 8.3278846121167618}, {"l": "Palm kernels", "v": 1.1498718852778518}, {"l": "Oil Palm", "v": 18.666705888994596}]}, {"source": 5, "prod": 36874.0, "target": 13, "value": 10.528973829643904, "supply": [{"l": "Sugar beet", "v": 0.23899634147127916}, {"l": "Sugar cane", "v": 10.289977488172624}]}, {"source": 10, "prod": 61.0, "target": 13, "value": 0.26131219812557716, "supply": [{"l": "Sugar", "v": 0.19527860565924379}, {"l": "Sugar non-centrifugal", "v": 0.066033592466333349}]}, {"source": 7, "prod": 4481.0, "target": 13, "value": 3.3022432891388669, "supply": [{"l": "Plantains", "v": 2.0536975705666807}, {"l": "Citrus, Other", "v": 0.001712686836302594}, {"l": "Bananas", "v": 0.004679545922811024}, {"l": "Grapes", "v": 1.2370477956739234}, {"l": "Apples", "v": 0.0051056901391494849}]}, {"source": 12, "prod": 2.0, "target": 13, "value": 0.018009161581727277, "supply": [{"l": "Oilcrops Oil, Other", "v": 0.018009161581727277}]}, {"source": 0, "prod": 250.0, "target": 14, "value": 1.7007147958820326, "supply": [{"l": "Alcohol, Non-Food", "v": 0.002523713587334454}, {"l": "Beer", "v": 0.00054539828589507508}, {"l": "Beverages, Alcoholic", "v": 0.108247924793025}, {"l": "Fats, Animals, Raw", "v": 1.5388185387243751}, {"l": "Wine", "v": 0.017911462694303801}, {"l": "Beverages, Fermented", "v": 0.004367646740098932}, {"l": "Fish, Body Oil", "v": 0.028300111057000001}]}, {"source": 2, "prod": 37.0, "target": 14, "value": 0.048290023592456648, "supply": [{"l": "Eggs", "v": 0.001494724175545775}, {"l": "Milk - Excluding Butter", "v": 0.0014067560574513654}, {"l": "Bovine Meat", "v": 0.0090026862861737871}, {"l": "Offals, Edible", "v": 0.036385857073285718}]}, {"source": 3, "prod": 167.0, "target": 14, "value": 0.6524214962514463, "supply": [{"l": "Maize", "v": 0.37370006915265153}, {"l": "Rice", "v": 0.26866847367984192}, {"l": "Wheat", "v": 0.010052953418952822}]}, {"source": 4, "prod": 127.0, "target": 14, "value": 0.65762196992579036, "supply": [{"l": "Coconuts - Incl Copra", "v": 0.0073189942388793118}, {"l": "Oilcrops, Other", "v": 0.035255223096432198}, {"l": "Cottonseed", "v": 0.56156533932174157}, {"l": "Palm kernels", "v": 0.053482413268737289}]}, {"source": 5, "prod": 21.0, "target": 14, "value": 0.0059963239795661439, "supply": [{"l": "Sugar cane", "v": 0.0059963239795661439}]}, {"source": 10, "prod": 13.0, "target": 14, "value": 0.054013231352556784, "supply": [{"l": "Sugar", "v": 0.054013231352556784}]}, {"source": 6, "prod": 3671.0, "target": 14, "value": 4.2735813523356416, "supply": [{"l": "Roots, Other", "v": 0.76674238713498966}, {"l": "Yams", "v": 3.3788916859139051}, {"l": "Potatoes", "v": 0.021737412889471553}, {"l": "Cassava", "v": 0.10620986639727555}]}, {"source": 7, "prod": 80.0, "target": 14, "value": 0.25170709565536026, "supply": [{"l": "Treenuts", "v": 0.014554342829314287}, {"l": "Vegetables, Other", "v": 0.00060088705281745802}, {"l": "Grapes", "v": 0.0024970686226764706}, {"l": "Dates", "v": 0.0036913188335217393}, {"l": "Pulses, Other", "v": 0.2251798176743528}, {"l": "Bananas", "v": 0.00066850656040157478}, {"l": "Fruits, Other", "v": 0.0045151540822759096}]}, {"source": 11, "prod": 78.0, "target": 14, "value": 0.07702736994461655, "supply": [{"l": "Nuts", "v": 0.018192928536642856}, {"l": "Coffee", "v": 0.056600222114000003}, {"l": "Cocoa Beans", "v": 0.0022342192939736848}]}, {"source": 8, "prod": 225.0, "target": 14, "value": 0.17088663299357026, "supply": [{"l": "Freshwater Fish", "v": 0.02497068622676471}, {"l": "Aquatic Products, Other", "v": 0.035050596263256885}, {"l": "Marine Fish, Other", "v": 0.0072612127054144746}, {"l": "Fish, Seafood", "v": 0.05375440089039106}, {"l": "Pelagic Fish", "v": 0.015578042783669728}, {"l": "Aquatic Plants", "v": 0.034271694124073396}]}, {"source": 12, "prod": 248.0, "target": 14, "value": 2.453037096884676, "supply": [{"l": "Groundnut Oil", "v": 0.010107182520357146}, {"l": "Soyabean Oil", "v": 0.12876550530935002}, {"l": "Palm Oil", "v": 1.205300545812565}, {"l": "Sunflowerseed Oil", "v": 0.010915757121985717}, {"l": "Olive Oil", "v": 0.051768495835975613}, {"l": "Coconut Oil", "v": 0.063675249878250004}, {"l": "Rape and Mustard Oil", "v": 0.054578785609928578}, {"l": "Oilcrops Oil, Other", "v": 0.6123114937787274}, {"l": "Cottonseed Oil", "v": 0.198876122907411}, {"l": "Palmkernel Oil", "v": 0.116737958110125}]}, {"source": 2, "prod": 45.0, "target": 2, "value": 0.06726258789955987, "supply": [{"l": "Eggs", "v": 0.06726258789955987}]}, {"source": 3, "prod": 2380.0, "target": 3, "value": 8.3059118498202942, "supply": [{"l": "Maize", "v": 1.6391003033131151}, {"l": "Oats", "v": 0.050940199902600007}, {"l": "Rye", "v": 0.012258336874957221}, {"l": "Barley", "v": 1.0311503660714811}, {"l": "Rice", "v": 0.85718036840711476}, {"l": "Sorghum", "v": 1.1217879410872218}, {"l": "Cereals, Other", "v": 0.25930056609562757}, {"l": "Wheat", "v": 2.5433972149950637}, {"l": "Millet", "v": 0.79079655307311336}]}, {"source": 4, "prod": 544.0, "target": 4, "value": 3.224241458601524, "supply": [{"l": "Soyabeans", "v": 0.0339601332684}, {"l": "Sunflower seed", "v": 0.007718212106454546}, {"l": "Sesame seed", "v": 0.062122195003170733}, {"l": "Cottonseed", "v": 0.95198695618352391}, {"l": "Rape and Mustardseed", "v": 0.0053482413268737296}, {"l": "Groundnuts", "v": 1.976756684346245}, {"l": "Oilcrops, Other", "v": 0.18634903636685593}]}, {"source": 5, "prod": 206.0, "target": 5, "value": 0.058821082847172655, "supply": [{"l": "Sugar cane", "v": 0.058821082847172655}]}, {"source": 6, "prod": 1093.0, "target": 6, "value": 1.1347256993102313, "supply": [{"l": "Potatoes", "v": 0.31478994221419915}, {"l": "Yams", "v": 0.69993002654080538}, {"l": "Roots, Other", "v": 0.048498765451309579}, {"l": "Sweet potatoes", "v": 0.071506965103917131}]}, {"source": 7, "prod": 459.0, "target": 7, "value": 1.8109021664421021, "supply": [{"l": "Beans", "v": 0.26241921161945458}, {"l": "Peas", "v": 0.055185216561150004}, {"l": "Pulses, Other", "v": 1.4932977382614976}]}, {"source": 0, "prod": 394.0, "target": 15, "value": 0.17348375072870922, "supply": [{"l": "Wine", "v": 0.0035822925388607602}, {"l": "Beverages, Fermented", "v": 0.16990145818984848}]}, {"source": 2, "prod": 485.0, "target": 15, "value": 0.37279218980475981, "supply": [{"l": "Eggs", "v": 0.059788967021830987}, {"l": "Milk - Excluding Butter", "v": 0.3130032227829288}]}, {"source": 3, "prod": 4780.0, "target": 15, "value": 17.026668178245124, "supply": [{"l": "Maize", "v": 5.2429009701911609}, {"l": "Barley", "v": 1.0686467430195352}, {"l": "Rice", "v": 1.9403834210210806}, {"l": "Cereals, Other", "v": 0.36144927395148085}, {"l": "Wheat", "v": 2.2820204261022905}, {"l": "Oats", "v": 0.019810077739900001}, {"l": "Sorghum", "v": 3.6022631400130036}, {"l": "Millet", "v": 2.5091941262066721}]}, {"source": 4, "prod": 488.0, "target": 15, "value": 2.3429391428829418, "supply": [{"l": "Olives", "v": 0.19295530266136363}, {"l": "Sunflower seed", "v": 0.007718212106454546}, {"l": "Coconuts - Incl Copra", "v": 0.15223508016868967}, {"l": "Sesame seed", "v": 0.12424439000634147}, {"l": "Cottonseed", "v": 0.17114372245995935}, {"l": "Groundnuts", "v": 1.2880801620578757}, {"l": "Oilcrops, Other", "v": 0.21153133857859324}, {"l": "Soyabeans", "v": 0.045280177691199998}, {"l": "Rape and Mustardseed", "v": 0.032089447961242377}, {"l": "Palm kernels", "v": 0.11766130919122203}]}, {"source": 5, "prod": 891.0, "target": 15, "value": 0.2544154602758778, "supply": [{"l": "Sugar beet", "v": 0.0059963239795661439}, {"l": "Sugar cane", "v": 0.24841913629631168}]}, {"source": 6, "prod": 5071.0, "target": 15, "value": 5.6229599013397316, "supply": [{"l": "Roots, Other", "v": 0.89838189335997276}, {"l": "Yams", "v": 1.6237907650904779}, {"l": "Potatoes", "v": 0.1964418053715207}, {"l": "Sweet potatoes", "v": 0.38023544936209902}, {"l": "Cassava", "v": 2.5241099881556606}]}, {"source": 7, "prod": 5402.0, "target": 15, "value": 4.7880292326523506, "supply": [{"l": "Plantains", "v": 2.1957968469139719}, {"l": "Citrus, Other", "v": 0.044285188195824207}, {"l": "Grapefruit", "v": 0.0085093288473661356}, {"l": "Tomatoes", "v": 0.06447836113797567}, {"l": "Treenuts", "v": 0.065494542731914282}, {"l": "Vegetables, Other", "v": 0.37495352095809381}, {"l": "Peas", "v": 0.050940199902600007}, {"l": "Grapes", "v": 0.0084900333171}, {"l": "Dates", "v": 0.10520258675536959}, {"l": "Beans", "v": 0.28943295399204549}, {"l": "Apples", "v": 0.0071479661948092785}, {"l": "Lemons, Limes", "v": 0.02208222218}, {"l": "Pineapples", "v": 0.037018154747545023}, {"l": "Bananas", "v": 0.18250229098962989}, {"l": "Fruits, Other", "v": 0.23227959334374954}, {"l": "Oranges, Mandarines", "v": 0.071181075585990627}, {"l": "Pulses, Other", "v": 0.98368025615638344}, {"l": "Onions", "v": 0.044554110701982508}]}, {"source": 11, "prod": 58.0, "target": 15, "value": 0.15292182799093731, "supply": [{"l": "Nuts", "v": 0.069133128439242852}, {"l": "Cocoa Beans", "v": 0.015639535057815793}, {"l": "Coffee", "v": 0.014150055528500001}, {"l": "Pimento", "v": 0.048692838142191185}, {"l": "Spices, Other", "v": 0.0053062708231875}]}, {"source": 12, "prod": 20.0, "target": 15, "value": 0.20603428133548118, "supply": [{"l": "Palm Oil", "v": 0.20603428133548118}]}, {"source": 16, "prod": 278.0, "target": 11, "value": 0.50417465780352233, "supply": [{"l": "Nuts", "v": 0.16373635682978571}, {"l": "Cocoa Beans", "v": 0.096071429640868442}, {"l": "Coffee", "v": 0.066033592466333321}, {"l": "Cloves", "v": 0.0045259368786011028}, {"l": "Pimento", "v": 0.0037456029340147061}, {"l": "Pepper", "v": 0.027155621271606617}, {"l": "Spices, Other", "v": 0.037143895762312501}, {"l": "Tea", "v": 0.096464444260000004}, {"l": "Infant food", "v": 0.0092977777600000006}]}, {"source": 16, "prod": 1703.0, "target": 1, "value": 1.368272968792293, "supply": [{"l": "Freshwater Fish", "v": 0.042093442496546223}, {"l": "Pigmeat", "v": 0.038015074554179108}, {"l": "Meat, Other", "v": 0.0066328385289843748}, {"l": "Crustaceans", "v": 0.0031620235817877099}, {"l": "Marine Fish, Other", "v": 0.0368646183505658}, {"l": "Demersal Fish", "v": 0.075197437951457141}, {"l": "Mutton & Goat Meat", "v": 0.0065307948593076922}, {"l": "Poultry Meat", "v": 0.001632698714826923}, {"l": "Milk - Excluding Butter", "v": 0.67172601743302696}, {"l": "Pelagic Fish", "v": 0.088015941727733957}, {"l": "Fish, Seafood", "v": 0.26244795728837994}, {"l": "Offals, Edible", "v": 0.0024257238048857148}, {"l": "Bovine Meat", "v": 0.13053895114951991}, {"l": "Eggs", "v": 0.0029894483510915499}]}, {"source": 16, "prod": 2516.0, "target": 13, "value": 13.071661550237778, "supply": [{"l": "Sugar", "v": 6.1450437823408848}, {"l": "Beer", "v": 0.033269295439599576}, {"l": "Groundnut Oil", "v": 0.11117900772392859}, {"l": "Beverages, Alcoholic", "v": 0.054123962396512501}, {"l": "Sugar non-centrifugal", "v": 0.0047166851761666672}, {"l": "Fats, Animals, Raw", "v": 1.9721639892846874}, {"l": "Soyabean Oil", "v": 0.97069380925510007}, {"l": "Butter, Ghee", "v": 0.30310908421576316}, {"l": "Palm Oil", "v": 0.44297370487128451}, {"l": "Sunflowerseed Oil", "v": 1.2225647976624001}, {"l": "Olive Oil", "v": 0.082829593337560958}, {"l": "Coconut Oil", "v": 0.17283282109810716}, {"l": "Rape and Mustard Oil", "v": 0.19102574963475}, {"l": "Oilcrops Oil, Other", "v": 0.54927942824268194}, {"l": "Wine", "v": 0.17624879291194939}, {"l": "Sweeteners, Other", "v": 0.1003367573839091}, {"l": "Beverages, Fermented", "v": 0.00043676467400989322}, {"l": "Fish, Body Oil", "v": 0.028300111057000001}, {"l": "Honey", "v": 0.0073826376670434787}, {"l": "Cottonseed Oil", "v": 0.45008806763256165}, {"l": "Palmkernel Oil", "v": 0.053062708231874998}]}, {"source": 16, "prod": 6362.0, "target": 3, "value": 21.968034783087937, "supply": [{"l": "Maize", "v": 1.1026002040345559}, {"l": "Rye", "v": 0.0030645842187393053}, {"l": "Barley", "v": 0.54057276766777651}, {"l": "Cereals, Other", "v": 0.26322936255162188}, {"l": "Rice", "v": 2.575805684168643}, {"l": "Wheat", "v": 16.868855837002833}, {"l": "Oats", "v": 0.076410299853900007}, {"l": "Sorghum", "v": 0.24386694371461343}, {"l": "Millet", "v": 0.29362909987524888}]}, {"source": 16, "prod": 462.0, "target": 7, "value": 0.63887189113714549, "supply": [{"l": "Citrus, Other", "v": 0.0002446695480432277}, {"l": "Tomatoes", "v": 0.012161399075845947}, {"l": "Treenuts", "v": 0.16373635682978571}, {"l": "Apples", "v": 0.0086796732365541241}, {"l": "Vegetables, Other", "v": 0.02944346558805544}, {"l": "Peas", "v": 0.0084900333171}, {"l": "Grapes", "v": 0.0089894470416352953}, {"l": "Dates", "v": 0.029530550668173915}, {"l": "Beans", "v": 0.061745696851636368}, {"l": "Pulses, Other", "v": 0.24493243325982239}, {"l": "Pineapples", "v": 0.00040237124725592418}, {"l": "Bananas", "v": 0.020055196812047243}, {"l": "Fruits, Other", "v": 0.033612813723609553}, {"l": "Oranges, Mandarines", "v": 0.0039765964014519912}, {"l": "Onions", "v": 0.012871187536128282}]}, {"source": 16, "prod": 229.0, "target": 4, "value": 1.1014180045583344, "supply": [{"l": "Sunflower seed", "v": 0.077182121064545459}, {"l": "Coconuts - Incl Copra", "v": 0.046841563128827583}, {"l": "Sesame seed", "v": 0.068334414503487803}, {"l": "Cottonseed", "v": 0.037437689288116104}, {"l": "Groundnuts", "v": 0.15303922717519314}, {"l": "Oilcrops, Other", "v": 0.060437525308169482}, {"l": "Soyabeans", "v": 0.0056600222113999997}, {"l": "Rape and Mustardseed", "v": 0.37972513420803472}, {"l": "Palm kernels", "v": 0.2727603076705602}]}, {"source": 16, "prod": 214.0, "target": 6, "value": 0.17557268073640292, "supply": [{"l": "Roots, Other", "v": 0.0080831275752182644}, {"l": "Potatoes", "v": 0.16423823072045174}, {"l": "Cassava", "v": 0.003251322440732925}]}, {"source": 0, "prod": 926.0, "target": 17, "value": 1.9527464759805704, "supply": [{"l": "Beer", "v": 0.011453364003796575}, {"l": "Beverages, Alcoholic", "v": 0.041388912420862498}, {"l": "Fats, Animals, Raw", "v": 0.053062708231874998}, {"l": "Butter, Ghee", "v": 0.032768549644947374}, {"l": "Wine", "v": 0.56886805517108874}, {"l": "Fish, Body Oil", "v": 1.2452048865080001}]}, {"source": 2, "prod": 207.0, "target": 17, "value": 0.393206515875555, "supply": [{"l": "Pigmeat", "v": 0.026610552187925376}, {"l": "Meat, Other", "v": 0.015918812469562501}, {"l": "Mutton & Goat Meat", "v": 0.0043538632395384615}, {"l": "Milk - Excluding Butter", "v": 0.026728365091575942}, {"l": "Offals, Edible", "v": 0.0060643095122142861}, {"l": "Bovine Meat", "v": 0.29708864744373492}, {"l": "Eggs", "v": 0.016441965931003524}]}, {"source": 3, "prod": 5216.0, "target": 17, "value": 19.50045718535355, "supply": [{"l": "Maize", "v": 14.644602709962323}, {"l": "Barley", "v": 0.049995169264071819}, {"l": "Cereals, Other", "v": 0.23179899090366707}, {"l": "Rice", "v": 2.7677117367971023}, {"l": "Wheat", "v": 0.37531026097423864}, {"l": "Oats", "v": 0.12735049975650001}, {"l": "Sorghum", "v": 1.083465992789211}, {"l": "Millet", "v": 0.22022182490643666}]}, {"source": 4, "prod": 2583.0, "target": 17, "value": 13.522409469092986, "supply": [{"l": "Olives", "v": 0.12349139370327274}, {"l": "Sunflower seed", "v": 0.065604802904863646}, {"l": "Coconuts - Incl Copra", "v": 0.63675249878250006}, {"l": "Sesame seed", "v": 0.91319626654660979}, {"l": "Cottonseed", "v": 0.82897740566542799}, {"l": "Groundnuts", "v": 8.5128070116201187}, {"l": "Oilcrops, Other", "v": 0.54897418821587285}, {"l": "Soyabeans", "v": 0.084900333171}, {"l": "Rape and Mustardseed", "v": 0.0053482413268737296}, {"l": "Palm kernels", "v": 1.8023573271564468}]}, {"source": 10, "prod": 2040.0, "target": 17, "value": 8.4752715534713428, "supply": [{"l": "Sugar", "v": 8.4426835467996462}, {"l": "Sugar non-centrifugal", "v": 0.0094333703523333343}, {"l": "Sweeteners, Other", "v": 0.023154636319363639}]}, {"source": 6, "prod": 899.0, "target": 17, "value": 0.92309314589300695, "supply": [{"l": "Roots, Other", "v": 0.0011547325107454662}, {"l": "Yams", "v": 0.0035172363142754039}, {"l": "Potatoes", "v": 0.14894153276119398}, {"l": "Cassava", "v": 0.76947964430679205}]}, {"source": 7, "prod": 3395.0, "target": 17, "value": 4.0488008020973911, "supply": [{"l": "Plantains", "v": 0.0010372209952356974}, {"l": "Citrus, Other", "v": 0.0004893390960864554}, {"l": "Tomatoes", "v": 0.036025276507694597}, {"l": "Treenuts", "v": 1.1570702549304857}, {"l": "Apples", "v": 0.075564214059412368}, {"l": "Vegetables, Other", "v": 0.044766085434900627}, {"l": "Peas", "v": 0.17404568300055001}, {"l": "Grapes", "v": 0.066422025363194109}, {"l": "Dates", "v": 0.075672036087195665}, {"l": "Beans", "v": 0.26241921161945458}, {"l": "Pulses, Other", "v": 1.2088600738307362}, {"l": "Lemons, Limes", "v": 0.027893333280000002}, {"l": "Pineapples", "v": 0.069610225775274884}, {"l": "Bananas", "v": 0.19052436971444883}, {"l": "Fruits, Other", "v": 0.11388221963073683}, {"l": "Grapefruit", "v": 0.037040607923829065}, {"l": "Oranges, Mandarines", "v": 0.45054837228451056}, {"l": "Onions", "v": 0.056930252563644326}]}, {"source": 11, "prod": 2285.0, "target": 17, "value": 4.2711033797258775, "supply": [{"l": "Nuts", "v": 1.1534316692231572}, {"l": "Cocoa Beans", "v": 2.0130315838702897}, {"l": "Coffee", "v": 0.72401117454158337}, {"l": "Cloves", "v": 0.10862248508642647}, {"l": "Pimento", "v": 0.029964823472117649}, {"l": "Pepper", "v": 0.013577810635803308}, {"l": "Infant food", "v": 0.0011622222200000001}, {"l": "Spices, Other", "v": 0.12735049975650001}, {"l": "Tea", "v": 0.099951110920000003}]}, {"source": 8, "prod": 3548.0, "target": 17, "value": 2.7713559135382293, "supply": [{"l": "Freshwater Fish", "v": 0.061356543300050428}, {"l": "Crustaceans", "v": 0.013438600222597765}, {"l": "Marine Fish, Other", "v": 0.021783638116243426}, {"l": "Demersal Fish", "v": 0.033151558666771434}, {"l": "Pelagic Fish", "v": 1.2368965970233763}, {"l": "Fish, Seafood", "v": 1.4023574585228493}, {"l": "Cephalopods", "v": 0.00079050589544692748}, {"l": "Molluscs, Other", "v": 0.001581011790893855}]}, {"source": 12, "prod": 589.0, "target": 17, "value": 5.9289875460854793, "supply": [{"l": "Groundnut Oil", "v": 3.6284785248082145}, {"l": "Palm Oil", "v": 0.40176684860418832}, {"l": "Sunflowerseed Oil", "v": 0.010915757121985717}, {"l": "Olive Oil", "v": 0.43485536502219513}, {"l": "Coconut Oil", "v": 0.12735049975650001}, {"l": "Oilcrops Oil, Other", "v": 0.52226568587009092}, {"l": "Cottonseed Oil", "v": 0.2302776159980548}, {"l": "Palmkernel Oil", "v": 0.57307724890425005}]}, {"source": 18, "prod": 99.0, "target": 7, "value": 0.097061242531401262, "supply": [{"l": "Beans", "v": 0.054027484745181827}, {"l": "Apples", "v": 0.0010211380278298968}, {"l": "Lemons, Limes", "v": 0.0023244444400000001}, {"l": "Pineapples", "v": 0.0024142274835355455}, {"l": "Fruits, Other", "v": 0.0035117865084368181}, {"l": "Grapefruit", "v": 0.0090098776030935555}, {"l": "Onions", "v": 0.02475228372332362}]}, {"source": 18, "prod": 219.0, "target": 4, "value": 1.3931697943665602, "supply": [{"l": "Sesame seed", "v": 0.074546634003804874}, {"l": "Groundnuts", "v": 1.313586699920408}, {"l": "Oilcrops, Other", "v": 0.0050364604423474577}]}, {"source": 0, "prod": 384.0, "target": 19, "value": 0.32127743499344585, "supply": [{"l": "Butter, Ghee", "v": 0.032768549644947374}, {"l": "Fats, Animals, Raw", "v": 0.017687569410625003}, {"l": "Wine", "v": 0.27082131593787351}]}, {"source": 11, "prod": 12.0, "target": 19, "value": 0.060339879646532139, "supply": [{"l": "Nuts", "v": 0.0072771714146571435}, {"l": "Spices, Other", "v": 0.053062708231874998}]}, {"source": 8, "prod": 376.0, "target": 19, "value": 0.29504871051051779, "supply": [{"l": "Pelagic Fish", "v": 0.14643360216649542}, {"l": "Fish, Seafood", "v": 0.14861510834402236}]}, {"source": 3, "prod": 2694.0, "target": 19, "value": 8.7895936554979546, "supply": [{"l": "Barley", "v": 3.765261185200409}, {"l": "Rice", "v": 0.162053999997365}, {"l": "Wheat", "v": 4.8622784703001809}]}, {"source": 7, "prod": 59.0, "target": 19, "value": 0.13981824862273756, "supply": [{"l": "Pulses, Other", "v": 0.094812554810253816}, {"l": "Treenuts", "v": 0.0072771714146571435}, {"l": "Vegetables, Other", "v": 0.004506652896130935}, {"l": "Dates", "v": 0.033221869501695658}]}, {"source": 18, "prod": 78.0, "target": 1, "value": 0.11675522795331381, "supply": [{"l": "Milk - Excluding Butter", "v": 0.026728365091575942}, {"l": "Bovine Meat", "v": 0.090026862861737861}]}, {"source": 12, "prod": 46.0, "target": 19, "value": 0.48898418320591058, "supply": [{"l": "Palm Oil", "v": 0.051508570333870296}, {"l": "Sunflowerseed Oil", "v": 0.31655695653758575}, {"l": "Oilcrops Oil, Other", "v": 0.036018323163454553}, {"l": "Palmkernel Oil", "v": 0.084900333171}]}, {"source": 4, "prod": 216.0, "target": 19, "value": 1.143307044415554, "supply": [{"l": "Olives", "v": 0.007718212106454546}, {"l": "Sunflower seed", "v": 0.023154636319363639}, {"l": "Cottonseed", "v": 1.107085954662862}, {"l": "Palm kernels", "v": 0.0053482413268737296}]}, {"source": 18, "prod": 86.0, "target": 11, "value": 0.20605162351430639, "supply": [{"l": "Cocoa Beans", "v": 0.15416113128418427}, {"l": "Coffee", "v": 0.003144456784111111}, {"l": "Cloves", "v": 0.045259368786011028}, {"l": "Tea", "v": 0.0034866666600000002}]}, {"source": 18, "prod": 92.0, "target": 6, "value": 0.096641688928832931, "supply": [{"l": "Potatoes", "v": 0.0088559830290439664}, {"l": "Cassava", "v": 0.087785705899788957}]}, {"source": 18, "prod": 210.0, "target": 13, "value": 1.5850326898665563, "supply": [{"l": "Sugar", "v": 0.29915020441416063}, {"l": "Beer", "v": 0.0021815931435803003}, {"l": "Groundnut Oil", "v": 0.46493039593642871}, {"l": "Beverages, Alcoholic", "v": 0.044572674914775005}, {"l": "Soyabean Oil", "v": 0.10895542756944999}, {"l": "Olive Oil", "v": 0.22778138167829268}, {"l": "Coconut Oil", "v": 0.018192928536642859}, {"l": "Fish, Body Oil", "v": 0.0424501665855}, {"l": "Cottonseed Oil", "v": 0.37681791708772605}]}, {"source": 6, "prod": 100.0, "target": 19, "value": 0.11547325107454665, "supply": [{"l": "Roots, Other", "v": 0.11547325107454665}]}, {"source": 10, "prod": 1.0, "target": 19, "value": 0.003859106053227273, "supply": [{"l": "Sweeteners, Other", "v": 0.003859106053227273}]}, {"source": 18, "prod": 3787.0, "target": 3, "value": 13.726210582117298, "supply": [{"l": "Maize", "v": 9.4461017479873188}, {"l": "Cereals, Other", "v": 0.011786389367983072}, {"l": "Oats", "v": 0.0679202665368}, {"l": "Sorghum", "v": 4.0969646544055056}, {"l": "Millet", "v": 0.10343752381968993}]}, {"source": 1, "prod": 8828.0, "target": 8, "value": 6.8139161761362992, "supply": [{"l": "Pelagic Fish", "v": 2.1131615036047982}, {"l": "Crustaceans", "v": 0.029248718131536317}, {"l": "Freshwater Fish", "v": 0.6328285338040085}, {"l": "Molluscs, Other", "v": 0.003952529477234637}, {"l": "Aquatic Animals, Others", "v": 0.00077890213918348629}, {"l": "Aquatic Plants", "v": 0.034271694124073396}, {"l": "Marine Fish, Other", "v": 0.17147633081248029}, {"l": "Aquatic Products, Other", "v": 0.035829498402440374}, {"l": "Fish, Seafood", "v": 3.4553012689985199}, {"l": "Demersal Fish", "v": 0.33232416126934289}, {"l": "Cephalopods", "v": 0.0047430353726815658}]}, {"source": 1, "prod": 18309.0, "target": 2, "value": 20.029322503508681, "supply": [{"l": "Poultry Meat", "v": 0.81961475484311552}, {"l": "Pigmeat", "v": 0.84773616255819417}, {"l": "Bovine Meat", "v": 5.228310060695426}, {"l": "Eggs", "v": 0.82807719325235929}, {"l": "Milk - Excluding Butter", "v": 8.8914016611213533}, {"l": "Offals, Edible", "v": 0.72650427956327146}, {"l": "Meat, Other", "v": 0.83706422235782818}, {"l": "Mutton & Goat Meat", "v": 1.9178767570166924}]}, {"source": 13, "prod": 12923.0, "target": 0, "value": 13.222339330157647, "supply": [{"l": "Fats, Animals, Raw", "v": 2.9715116609850001}, {"l": "Alcohol, Non-Food", "v": 0.002523713587334454}, {"l": "Beverages, Fermented", "v": 3.7256026693043891}, {"l": "Fish, Body Oil", "v": 2.122508329275}, {"l": "Beer", "v": 0.83227778427588439}, {"l": "Beverages, Alcoholic", "v": 0.56352596142251254}, {"l": "Fish, Liver Oil", "v": 0.0085179610582746725}, {"l": "Butter, Ghee", "v": 1.5565061081350005}, {"l": "Wine", "v": 1.4393651421142533}]}, {"source": 13, "prod": 2846.0, "target": 12, "value": 28.877311396274731, "supply": [{"l": "Olive Oil", "v": 1.8326047525935365}, {"l": "Sesameseed Oil", "v": 0.41388912420862506}, {"l": "Soyabean Oil", "v": 1.0895542756945}, {"l": "Coconut Oil", "v": 0.60946310597753584}, {"l": "Cottonseed Oil", "v": 2.8889373643392333}, {"l": "Rape and Mustard Oil", "v": 0.45482321341607151}, {"l": "Maize Germ Oil", "v": 0.68728841138428576}, {"l": "Groundnut Oil", "v": 6.3675249878250009}, {"l": "Palm Oil", "v": 9.776326649368583}, {"l": "Palmkernel Oil", "v": 1.0400290813447501}, {"l": "Oilcrops Oil, Other", "v": 2.1340856474346821}, {"l": "Sunflowerseed Oil", "v": 1.5827847826879289}]}, {"source": 13, "prod": 5809.0, "target": 10, "value": 24.093725482095621, "supply": [{"l": "Honey", "v": 0.27315759368060877}, {"l": "Sweeteners, Other", "v": 0.43607898401468187}, {"l": "Sugar non-centrifugal", "v": 0.21696751810366671}, {"l": "Sugar", "v": 23.167521386296666}]}, {"source": 20, "prod": 0, "target": 3, "value": 0.032221398465052974, "supply": "[{\"l\":'Energy for power irrigation',\"v\":0.032221398465052974}]"}, {"source": 20, "prod": 0, "target": 4, "value": 0.0077750027252486819, "supply": "[{\"l\":'Energy for power irrigation',\"v\":0.0077750027252486819}]"}, {"source": 20, "prod": 0, "target": 5, "value": 0.021736262851422956, "supply": "[{\"l\":'Energy for power irrigation',\"v\":0.021736262851422956}]"}, {"source": 20, "prod": 0, "target": 6, "value": 0.026497956636503495, "supply": "[{\"l\":'Energy for power irrigation',\"v\":0.026497956636503495}]"}, {"source": 20, "prod": 0, "target": 7, "value": 0.025870130109392202, "supply": "[{\"l\":'Energy for power irrigation',\"v\":0.025870130109392202}]"}, {"source": 20, "prod": 0, "target": 11, "value": 0.001692860416125675, "supply": "[{\"l\":'Energy for power irrigation',\"v\":0.001692860416125675}]"}, {"source": 20, "prod": 0, "target": 13, "value": 0.27666666688799996, "supply": "[{\"l\":'Electricity',\"v\":0.27666666688799996}]"}, {"source": 21, "prod": 0, "target": 20, "value": 0.74044630418772206, "supply": [{"l": "Coal", "v": 0.38472954391068415}, {"l": "Natural gas", "v": 0.11425709325777313}, {"l": "Oil", "v": 0.24145966701926483}]}, {"source": 22, "prod": 0, "target": 20, "value": 0.10419653124109744, "supply": [{"l": "Nuclear", "v": 0.011896680699354092}, {"l": "Hydroelectric", "v": 0.091114532410891874}, {"l": "Renewable", "v": 0.0011853181308514734}]}, {"source": 21, "prod": 0, "target": 3, "value": 1.1561040995082723, "supply": [{"l": "Motor Gasoline", "v": 0.030817934130928881}, {"l": "Gas-Diesel oil", "v": 0.11411473143205754}, {"l": "Natural gas (including LNG)", "v": 0.045913852204092685}, {"l": "Fuel oil", "v": 0.040595884137356021}, {"l": "Liquefied petroleum gas (LPG)", "v": 0.0073122060917629088}, {"l": "Coal", "v": 0.91734949151207423}]}, {"source": 21, "prod": 0, "target": 4, "value": 0.27896717562079321, "supply": [{"l": "Motor Gasoline", "v": 0.0074363476841138552}, {"l": "Gas-Diesel oil", "v": 0.027535811297500431}, {"l": "Natural gas (including LNG)", "v": 0.011078983005677527}, {"l": "Fuel oil", "v": 0.0097957607316192536}, {"l": "Liquefied petroleum gas (LPG)", "v": 0.0017644306268301245}, {"l": "Coal", "v": 0.22135584227505203}]}, {"source": 21, "prod": 0, "target": 5, "value": 0.77989732872005979, "supply": [{"l": "Motor Gasoline", "v": 0.020789498554329981}, {"l": "Gas-Diesel oil", "v": 0.076980761723206656}, {"l": "Natural gas (including LNG)", "v": 0.030973067823606742}, {"l": "Fuel oil", "v": 0.027385614850098078}, {"l": "Liquefied petroleum gas (LPG)", "v": 0.0049327478385744064}, {"l": "Coal", "v": 0.61883563793024388}]}, {"source": 21, "prod": 0, "target": 6, "value": 0.95074694940009818, "supply": [{"l": "Motor Gasoline", "v": 0.025343787704114225}, {"l": "Gas-Diesel oil", "v": 0.093844691699290939}, {"l": "Natural gas (including LNG)", "v": 0.03775823901741622}, {"l": "Fuel oil", "v": 0.033384894161526929}, {"l": "Liquefied petroleum gas (LPG)", "v": 0.0060133491768477685}, {"l": "Coal", "v": 0.75440198764090194}]}, {"source": 21, "prod": 0, "target": 7, "value": 0.92822052732190563, "supply": [{"l": "Motor Gasoline", "v": 0.024743307356274863}, {"l": "Gas-Diesel oil", "v": 0.091621192442890534}, {"l": "Natural gas (including LNG)", "v": 0.03686361818316345}, {"l": "Fuel oil", "v": 0.032593892710096703}, {"l": "Liquefied petroleum gas (LPG)", "v": 0.0058708725254667709}, {"l": "Coal", "v": 0.73652764410401328}]}, {"source": 21, "prod": 0, "target": 11, "value": 0.060739848678537323, "supply": [{"l": "Motor Gasoline", "v": 0.0016191246588381785}, {"l": "Gas-Diesel oil", "v": 0.005995404325720502}, {"l": "Natural gas (including LNG)", "v": 0.0024122398980433355}, {"l": "Fuel oil", "v": 0.0021328424149029625}, {"l": "Liquefied petroleum gas (LPG)", "v": 0.00038417153931801271}, {"l": "Coal", "v": 0.048196065841714326}]}, {"source": 21, "prod": 0, "target": 1, "value": 1.2901698343654688, "supply": [{"l": "Gas-diesel oils used in fisheries", "v": 0.85294083401568577}, {"l": "Fuel oil used in fisheries", "v": 0.43722900034978318}]}, {"source": 23, "prod": 1278.6382658178677, "target": 3, "value": 17.239394586455635, "supply": [{"l": "Potash", "v": 1.2692446491635438}, {"l": "Phosphate", "v": 4.3275666423509422}, {"l": "Nitrogen", "v": 56.356171795084933}]}, {"source": 23, "prod": 308.53459113897668, "target": 4, "value": 4.1598548255658265, "supply": [{"l": "Potash", "v": 1.2692446491635438}, {"l": "Phosphate", "v": 4.3275666423509422}, {"l": "Nitrogen", "v": 56.356171795084933}]}, {"source": 23, "prod": 862.55776476767812, "target": 5, "value": 11.629539063520644, "supply": [{"l": "Potash", "v": 1.2692446491635438}, {"l": "Phosphate", "v": 4.3275666423509422}, {"l": "Nitrogen", "v": 56.356171795084933}]}, {"source": 23, "prod": 1051.5155435653492, "target": 6, "value": 14.177185099117439, "supply": [{"l": "Potash", "v": 1.2692446491635438}, {"l": "Phosphate", "v": 4.3275666423509422}, {"l": "Nitrogen", "v": 56.356171795084933}]}, {"source": 23, "prod": 1026.6015714815271, "target": 7, "value": 13.84127946657779, "supply": [{"l": "Potash", "v": 1.2692446491635438}, {"l": "Phosphate", "v": 4.3275666423509422}, {"l": "Nitrogen", "v": 56.356171795084933}]}, {"source": 23, "prod": 67.177596561933953, "target": 11, "value": 0.90573004536207713, "supply": [{"l": "Potash", "v": 1.2692446491635438}, {"l": "Phosphate", "v": 4.3275666423509422}, {"l": "Nitrogen", "v": 56.356171795084933}]}, {"source": 21, "prod": 0, "target": 23, "value": 74.120821679424935, "supply": [{"l": "Natural gas (including LNG)", "v": 50.236478246013213}, {"l": "Fuel oil", "v": 13.922196081939891}, {"l": "Liquefied petroleum gas (LPG)", "v": 4.9810736757359182}, {"l": "Coal", "v": 4.9810736757359182}]}, {"source": 24, "prod": 0, "target": 3, "value": 13.179929335178407, "supply": "[{\"l\":'Labor',\"v\":13.179929335178407}]"}, {"source": 24, "prod": 0, "target": 4, "value": 3.1803084714258909, "supply": "[{\"l\":'Labor',\"v\":3.1803084714258909}]"}, {"source": 24, "prod": 0, "target": 5, "value": 8.8910606627870052, "supply": "[{\"l\":'Labor',\"v\":8.8910606627870052}]"}, {"source": 24, "prod": 0, "target": 6, "value": 10.838796968248337, "supply": "[{\"l\":'Labor',\"v\":10.838796968248337}]"}, {"source": 24, "prod": 0, "target": 7, "value": 10.581989081059579, "supply": "[{\"l\":'Labor',\"v\":10.581989081059579}]"}, {"source": 24, "prod": 0, "target": 11, "value": 0.69245227462911818, "supply": "[{\"l\":'Labor',\"v\":0.69245227462911818}]"}, {"source": 21, "prod": 0, "target": 16, "value": 32.075323988802218, "supply": "[{\"l\":'Fossil Fuels',\"v\":32.075323988802218}]"}, {"source": 22, "prod": 0, "target": 16, "value": 1.7845174035630236, "supply": "[{\"l\":'Renewables & Nuclear',\"v\":1.0351274779418127},{\"l\":'Biomass & Waste',\"v\":0.74938992562121087}]"}]}