{"nodes": [{"layer": 5, "name": "Maize"}, {"layer": 10, "name": "Feed", "fill": "#dbdb8d"}, {"layer": 5, "name": "Vegetables, Other"}, {"layer": 5, "name": "Plantains"}, {"layer": 5, "name": "Yams"}, {"layer": 5, "name": "Barley"}, {"layer": 5, "name": "Rice"}, {"layer": 5, "name": "Cereals, Other"}, {"layer": 5, "name": "Wheat"}, {"layer": 5, "name": "Roots, Other"}, {"layer": 5, "name": "Soyabeans"}, {"layer": 13, "name": "Marine Fish, Other"}, {"layer": 5, "name": "Oilcrops, Other"}, {"layer": 5, "name": "Dates"}, {"layer": 5, "name": "Oats"}, {"layer": 5, "name": "Cottonseed"}, {"layer": 5, "name": "Potatoes"}, {"layer": 13, "name": "Milk - Excluding Butter"}, {"layer": 5, "name": "Pulses, Other"}, {"layer": 13, "name": "Fish, Seafood"}, {"layer": 5, "name": "Sugar beet"}, {"layer": 13, "name": "Meat, Other"}, {"layer": 5, "name": "Sorghum"}, {"layer": 5, "name": "Sugar cane"}, {"layer": 13, "name": "Pelagic Fish"}, {"layer": 13, "name": "Fish, Body Oil"}, {"layer": 5, "name": "Millet"}, {"layer": 5, "name": "Sweet potatoes"}, {"layer": 13, "name": "Demersal Fish"}, {"layer": 5, "name": "Cassava"}, {"layer": 16, "name": "Food", "fill": "#b5cf6b"}, {"layer": 5, "name": "Nuts"}, {"layer": 13, "name": "Sugar", "fill": "#d6616b"}, {"layer": 13, "name": "Beverages, Alcoholic"}, {"layer": 5, "name": "Cloves"}, {"layer": 13, "name": "Fats, Animals, Raw"}, {"layer": 5, "name": "Coconuts - Incl Copra"}, {"layer": 5, "name": "Treenuts"}, {"layer": 13, "name": "Eggs"}, {"layer": 5, "name": "Sesame seed"}, {"layer": 13, "name": "Pigmeat"}, {"layer": 5, "name": "Groundnuts"}, {"layer": 13, "name": "Rape and Mustard Oil"}, {"layer": 13, "name": "Wine"}, {"layer": 13, "name": "Sweeteners, Other"}, {"layer": 13, "name": "Honey"}, {"layer": 13, "name": "Oilcrops Oil, Other"}, {"layer": 13, "name": "Maize Germ Oil"}, {"layer": 13, "name": "Beer"}, {"layer": 13, "name": "Groundnut Oil"}, {"layer": 13, "name": "Sugar non-centrifugal"}, {"layer": 5, "name": "Coffee"}, {"layer": 5, "name": "Pimento"}, {"layer": 13, "name": "Palm Oil"}, {"layer": 13, "name": "Freshwater Fish"}, {"layer": 5, "name": "Beans"}, {"layer": 13, "name": "Cephalopods"}, {"layer": 13, "name": "Mutton & Goat Meat"}, {"layer": 13, "name": "Sesameseed Oil"}, {"layer": 13, "name": "Beverages, Fermented"}, {"layer": 13, "name": "Bovine Meat"}, {"layer": 13, "name": "Molluscs, Other"}, {"layer": 13, "name": "Cottonseed Oil"}, {"layer": 5, "name": "Palm kernels"}, {"layer": 5, "name": "Onions"}, {"layer": 5, "name": "Infant food"}, {"layer": 13, "name": "Butter, Ghee"}, {"layer": 5, "name": "Tomatoes"}, {"layer": 5, "name": "Sunflower seed"}, {"layer": 5, "name": "Pepper"}, {"layer": 13, "name": "Crustaceans"}, {"layer": 5, "name": "Peas"}, {"layer": 5, "name": "Grapes"}, {"layer": 13, "name": "Sunflowerseed Oil"}, {"layer": 5, "name": "Pineapples"}, {"layer": 5, "name": "Tea"}, {"layer": 13, "name": "Offals, Edible"}, {"layer": 5, "name": "Grapefruit"}, {"layer": 13, "name": "Palmkernel Oil"}, {"layer": 5, "name": "Olives"}, {"layer": 5, "name": "Rye"}, {"layer": 5, "name": "Fruits, Other"}, {"layer": 5, "name": "Citrus, Other"}, {"layer": 13, "name": "Soyabean Oil"}, {"layer": 13, "name": "Olive Oil"}, {"layer": 5, "name": "Cocoa Beans"}, {"layer": 13, "name": "Coconut Oil"}, {"layer": 5, "name": "Apples"}, {"layer": 5, "name": "Lemons, Limes"}, {"layer": 5, "name": "Bananas"}, {"layer": 5, "name": "Spices, Other"}, {"layer": 13, "name": "Poultry Meat"}, {"layer": 5, "name": "Oranges, Mandarines"}, {"layer": 10, "name": "Processing", "fill": "#9edae5"}, {"layer": 5, "name": "Rape and Mustardseed"}, {"layer": 16, "name": "Biofuels & Other", "fill": "#e7ba52"}, {"layer": 13, "name": "Alcohol, Non-Food"}, {"layer": 13, "name": "Aquatic Plants"}, {"layer": 13, "name": "Aquatic Products, Other"}, {"name": "Seed", "fill": "#dbdb8d"}, {"name": "Waste", "fill": "#c7c7c7"}, {"layer": 0, "name": "Import", "fill": "#aec7e8"}, {"layer": 16, "name": "Export", "fill": "#aec7e8"}, {"layer": 16, "name": "Stock Deposit", "fill": "#c7c7c7"}, {"layer": 0, "name": "Stock Draw", "fill": "#c7c7c7"}, {"layer": 13, "name": "Aquatic Animals, Others"}, {"layer": 0, "name": "Production", "fill": "#b5cf6b"}, {"layer": 5, "name": "Oil Palm"}], "links": [{"source": 0, "prod": 14.0316187306702, "target": 1, "value": 3779.0, "supply": [{"l": "Maize", "v": 3779.0}]}, {"source": 2, "prod": 0.019501410257120631, "target": 1, "value": 62.0, "supply": [{"l": "Vegetables, Other", "v": 62.0}]}, {"source": 3, "prod": 1.9553276994786579, "target": 1, "value": 1896.0, "supply": [{"l": "Plantains", "v": 1896.0}]}, {"source": 4, "prod": 2.3921810977169295, "target": 1, "value": 2074.0, "supply": [{"l": "Yams", "v": 2074.0}]}, {"source": 5, "prod": 2.8826381595128949, "target": 1, "value": 919.0, "supply": [{"l": "Barley", "v": 919.0}]}, {"source": 6, "prod": 0.92998746152324285, "target": 1, "value": 217.0, "supply": [{"l": "Rice", "v": 217.0}]}, {"source": 7, "prod": 0.22366600377402102, "target": 1, "value": 57.0, "supply": [{"l": "Cereals, Other", "v": 57.0}]}, {"source": 8, "prod": 1.2898619424878532, "target": 1, "value": 384.0, "supply": [{"l": "Wheat", "v": 384.0}]}, {"source": 9, "prod": 0.18250683865330611, "target": 1, "value": 158.0, "supply": [{"l": "Roots, Other", "v": 158.0}]}, {"source": 10, "prod": 0.029964823472117649, "target": 1, "value": 6.0, "supply": [{"l": "Soyabeans", "v": 6.0}]}, {"source": 11, "prod": 0.0048980961444807687, "target": 1, "value": 9.0, "supply": [{"l": "Marine Fish, Other", "v": 9.0}]}, {"source": 12, "prod": 0.020376079961040003, "target": 1, "value": 4.0, "supply": [{"l": "Oilcrops, Other", "v": 4.0}]}, {"source": 13, "prod": 0.042025664919645003, "target": 1, "value": 22.0, "supply": [{"l": "Dates", "v": 22.0}]}, {"source": 14, "prod": 0.21159775344156923, "target": 1, "value": 81.0, "supply": [{"l": "Oats", "v": 81.0}]}, {"source": 15, "prod": 0.030264471706838828, "target": 1, "value": 6.0, "supply": [{"l": "Cottonseed", "v": 6.0}]}, {"source": 16, "prod": 0.060523009785267333, "target": 1, "value": 72.0, "supply": [{"l": "Potatoes", "v": 72.0}]}, {"source": 17, "prod": 1.0526460047467163, "target": 1, "value": 1523.0, "supply": [{"l": "Milk - Excluding Butter", "v": 1523.0}]}, {"source": 18, "prod": 1.5376161325279878, "target": 1, "value": 387.0, "supply": [{"l": "Pulses, Other", "v": 387.0}]}, {"source": 19, "prod": 0.6583937601790294, "target": 1, "value": 791.0, "supply": [{"l": "Fish, Seafood", "v": 791.0}]}, {"source": 20, "prod": 0.00031061097501585371, "target": 1, "value": 1.0, "supply": [{"l": "Sugar beet", "v": 1.0}]}, {"source": 21, "prod": 0.0013767621595297296, "target": 1, "value": 1.0, "supply": [{"l": "Meat, Other", "v": 1.0}]}, {"source": 22, "prod": 4.8197073885284905, "target": 1, "value": 1378.0, "supply": [{"l": "Sorghum", "v": 1378.0}]}, {"source": 23, "prod": 0.26961032631376097, "target": 1, "value": 868.0, "supply": [{"l": "Sugar cane", "v": 868.0}]}, {"source": 24, "prod": 0.7192679911340899, "target": 1, "value": 754.0, "supply": [{"l": "Pelagic Fish", "v": 754.0}]}, {"source": 25, "prod": 0.9126785815882501, "target": 1, "value": 43.0, "supply": [{"l": "Fish, Body Oil", "v": 43.0}]}, {"source": 26, "prod": 2.3091319397456509, "target": 1, "value": 693.0, "supply": [{"l": "Millet", "v": 693.0}]}, {"source": 27, "prod": 0.11665934669052223, "target": 1, "value": 106.0, "supply": [{"l": "Sweet potatoes", "v": 106.0}]}, {"source": 28, "prod": 0.016610934750847826, "target": 1, "value": 27.0, "supply": [{"l": "Demersal Fish", "v": 27.0}]}, {"source": 29, "prod": 5.4890185335978279, "target": 1, "value": 5056.0, "supply": [{"l": "Cassava", "v": 5056.0}]}, {"source": 3, "prod": 5.4575918700638502, "target": 30, "value": 5292.0, "supply": [{"l": "Plantains", "v": 5292.0}]}, {"source": 31, "prod": 1.3319226580037615, "target": 30, "value": 380.0, "supply": [{"l": "Nuts", "v": 380.0}]}, {"source": 32, "prod": 17.558044662401915, "target": 30, "value": 4230.0, "supply": [{"l": "Sugar", "v": 4230.0}]}, {"source": 33, "prod": 0.73445526314595222, "target": 30, "value": 218.0, "supply": [{"l": "Beverages, Alcoholic", "v": 218.0}]}, {"source": 34, "prod": 0.012777288947376867, "target": 30, "value": 3.0, "supply": [{"l": "Cloves", "v": 3.0}]}, {"source": 35, "prod": 1.4722079049864891, "target": 30, "value": 163.0, "supply": [{"l": "Fats, Animals, Raw", "v": 163.0}]}, {"source": 36, "prod": 0.74048410885984961, "target": 30, "value": 464.0, "supply": [{"l": "Coconuts - Incl Copra", "v": 464.0}]}, {"source": 37, "prod": 1.3232874656516318, "target": 30, "value": 381.0, "supply": [{"l": "Treenuts", "v": 381.0}]}, {"source": 38, "prod": 0.73768296478998252, "target": 30, "value": 497.0, "supply": [{"l": "Eggs", "v": 497.0}]}, {"source": 9, "prod": 2.9512972959442858, "target": 30, "value": 2555.0, "supply": [{"l": "Roots, Other", "v": 2555.0}]}, {"source": 39, "prod": 1.1919340892242354, "target": 30, "value": 179.0, "supply": [{"l": "Sesame seed", "v": 179.0}]}, {"source": 11, "prod": 0.14694288433442307, "target": 30, "value": 270.0, "supply": [{"l": "Marine Fish, Other", "v": 270.0}]}, {"source": 40, "prod": 1.0272940313691001, "target": 30, "value": 242.0, "supply": [{"l": "Pigmeat", "v": 242.0}]}, {"source": 41, "prod": 5.3048790144469926, "target": 30, "value": 847.0, "supply": [{"l": "Groundnuts", "v": 847.0}]}, {"source": 42, "prod": 0.58486896184466675, "target": 30, "value": 62.0, "supply": [{"l": "Rape and Mustard Oil", "v": 62.0}]}, {"source": 18, "prod": 8.4032509568390044, "target": 30, "value": 2115.0, "supply": [{"l": "Pulses, Other", "v": 2115.0}]}, {"source": 22, "prod": 24.791063838817085, "target": 30, "value": 7088.0, "supply": [{"l": "Sorghum", "v": 7088.0}]}, {"source": 43, "prod": 0.5893081949516471, "target": 30, "value": 767.0, "supply": [{"l": "Wine", "v": 767.0}]}, {"source": 44, "prod": 0.44409405043292305, "target": 30, "value": 136.0, "supply": [{"l": "Sweeteners, Other", "v": 136.0}]}, {"source": 45, "prod": 0.29899682551526091, "target": 30, "value": 81.0, "supply": [{"l": "Honey", "v": 81.0}]}, {"source": 28, "prod": 0.29592072648732609, "target": 30, "value": 481.0, "supply": [{"l": "Demersal Fish", "v": 481.0}]}, {"source": 46, "prod": 1.030743107404172, "target": 30, "value": 111.0, "supply": [{"l": "Oilcrops Oil, Other", "v": 111.0}]}, {"source": 47, "prod": 0.74287791524625002, "target": 30, "value": 70.0, "supply": [{"l": "Maize Germ Oil", "v": 70.0}]}, {"source": 48, "prod": 1.0332040545615688, "target": 30, "value": 1968.0, "supply": [{"l": "Beer", "v": 1968.0}]}, {"source": 49, "prod": 4.1448778040406156, "target": 30, "value": 408.0, "supply": [{"l": "Groundnut Oil", "v": 408.0}]}, {"source": 50, "prod": 0.14326931222606251, "target": 30, "value": 27.0, "supply": [{"l": "Sugar non-centrifugal", "v": 27.0}]}, {"source": 51, "prod": 0.1458070939241087, "target": 30, "value": 158.0, "supply": [{"l": "Coffee", "v": 158.0}]}, {"source": 8, "prod": 40.721344606198549, "target": 30, "value": 12123.0, "supply": [{"l": "Wheat", "v": 12123.0}]}, {"source": 52, "prod": 0.88575123711237314, "target": 30, "value": 233.0, "supply": [{"l": "Pimento", "v": 233.0}]}, {"source": 53, "prod": 7.0704997464808805, "target": 30, "value": 694.0, "supply": [{"l": "Palm Oil", "v": 694.0}]}, {"source": 12, "prod": 0.89145349829550002, "target": 30, "value": 175.0, "supply": [{"l": "Oilcrops, Other", "v": 175.0}]}, {"source": 13, "prod": 1.3314494749542076, "target": 30, "value": 697.0, "supply": [{"l": "Dates", "v": 697.0}]}, {"source": 14, "prod": 0.054858676818184626, "target": 30, "value": 21.0, "supply": [{"l": "Oats", "v": 21.0}]}, {"source": 10, "prod": 0.29964823472117652, "target": 30, "value": 60.0, "supply": [{"l": "Soyabeans", "v": 60.0}]}, {"source": 54, "prod": 0.73677875338051724, "target": 30, "value": 906.0, "supply": [{"l": "Freshwater Fish", "v": 906.0}]}, {"source": 55, "prod": 3.2453152354614754, "target": 30, "value": 834.0, "supply": [{"l": "Beans", "v": 834.0}]}, {"source": 56, "prod": 0.0024970686226764701, "target": 30, "value": 3.0, "supply": [{"l": "Cephalopods", "v": 3.0}]}, {"source": 57, "prod": 2.0678159798165283, "target": 30, "value": 929.0, "supply": [{"l": "Mutton & Goat Meat", "v": 929.0}]}, {"source": 58, "prod": 0.59929646944235304, "target": 30, "value": 60.0, "supply": [{"l": "Sesameseed Oil", "v": 60.0}]}, {"source": 59, "prod": 4.2785013250916375, "target": 30, "value": 9495.0, "supply": [{"l": "Beverages, Fermented", "v": 9495.0}]}, {"source": 60, "prod": 5.0146480508768798, "target": 30, "value": 2241.0, "supply": [{"l": "Bovine Meat", "v": 2241.0}]}, {"source": 61, "prod": 0.0033294248302352942, "target": 30, "value": 4.0, "supply": [{"l": "Molluscs, Other", "v": 4.0}]}, {"source": 62, "prod": 2.9404505634834148, "target": 30, "value": 284.0, "supply": [{"l": "Cottonseed Oil", "v": 284.0}]}, {"source": 63, "prod": 0.020176314471225885, "target": 30, "value": 4.0, "supply": [{"l": "Palm kernels", "v": 4.0}]}, {"source": 64, "prod": 0.59019773593682456, "target": 30, "value": 1366.0, "supply": [{"l": "Onions", "v": 1366.0}]}, {"source": 0, "prod": 46.034403022717427, "target": 30, "value": 12398.0, "supply": [{"l": "Maize", "v": 12398.0}]}, {"source": 2, "prod": 3.6885973884718326, "target": 30, "value": 11727.0, "supply": [{"l": "Vegetables, Other", "v": 11727.0}]}, {"source": 65, "prod": 0.013946666640000001, "target": 30, "value": 12.0, "supply": [{"l": "Infant food", "v": 12.0}]}, {"source": 5, "prod": 6.637282204057982, "target": 30, "value": 2116.0, "supply": [{"l": "Barley", "v": 2116.0}]}, {"source": 66, "prod": 1.6093161368038664, "target": 30, "value": 193.0, "supply": [{"l": "Butter, Ghee", "v": 193.0}]}, {"source": 67, "prod": 0.59028016532462235, "target": 30, "value": 2715.0, "supply": [{"l": "Tomatoes", "v": 2715.0}]}, {"source": 68, "prod": 0.02122508329275, "target": 30, "value": 5.0, "supply": [{"l": "Sunflower seed", "v": 5.0}]}, {"source": 7, "prod": 4.8735645032865644, "target": 30, "value": 1242.0, "supply": [{"l": "Cereals, Other", "v": 1242.0}]}, {"source": 69, "prod": 0.029813674210546027, "target": 30, "value": 7.0, "supply": [{"l": "Pepper", "v": 7.0}]}, {"source": 70, "prod": 0.01664712415117647, "target": 30, "value": 20.0, "supply": [{"l": "Crustaceans", "v": 20.0}]}, {"source": 71, "prod": 0.87871844831985002, "target": 30, "value": 207.0, "supply": [{"l": "Peas", "v": 207.0}]}, {"source": 72, "prod": 0.29583827434843302, "target": 30, "value": 338.0, "supply": [{"l": "Grapes", "v": 338.0}]}, {"source": 73, "prod": 1.1686281154125884, "target": 30, "value": 117.0, "supply": [{"l": "Sunflowerseed Oil", "v": 117.0}]}, {"source": 19, "prod": 1.9185810584230882, "target": 30, "value": 2305.0, "supply": [{"l": "Fish, Seafood", "v": 2305.0}]}, {"source": 23, "prod": 0.44293125037260739, "target": 30, "value": 1426.0, "supply": [{"l": "Sugar cane", "v": 1426.0}]}, {"source": 74, "prod": 0.29482267594824058, "target": 30, "value": 823.0, "supply": [{"l": "Pineapples", "v": 823.0}]}, {"source": 75, "prod": 0.11273555534000002, "target": 30, "value": 97.0, "supply": [{"l": "Tea", "v": 97.0}]}, {"source": 76, "prod": 0.73913231231223531, "target": 30, "value": 592.0, "supply": [{"l": "Offals, Edible", "v": 592.0}]}, {"source": 77, "prod": 0.077669810291052202, "target": 30, "value": 111.0, "supply": [{"l": "Grapefruit", "v": 111.0}]}, {"source": 78, "prod": 0.29108685658628575, "target": 30, "value": 24.0, "supply": [{"l": "Palmkernel Oil", "v": 24.0}]}, {"source": 79, "prod": 0.14554342829314287, "target": 30, "value": 48.0, "supply": [{"l": "Olives", "v": 48.0}]}, {"source": 80, "prod": 0.02122508329275, "target": 30, "value": 7.0, "supply": [{"l": "Rye", "v": 7.0}]}, {"source": 81, "prod": 2.0653840310303146, "target": 30, "value": 3941.0, "supply": [{"l": "Fruits, Other", "v": 3941.0}]}, {"source": 4, "prod": 7.5260278026050944, "target": 30, "value": 6525.0, "supply": [{"l": "Yams", "v": 6525.0}]}, {"source": 82, "prod": 0.4421970789771153, "target": 30, "value": 1566.0, "supply": [{"l": "Citrus, Other", "v": 1566.0}]}, {"source": 6, "prod": 17.116912079833327, "target": 30, "value": 3994.0, "supply": [{"l": "Rice", "v": 3994.0}]}, {"source": 83, "prod": 1.4857558304925, "target": 30, "value": 147.0, "supply": [{"l": "Soyabean Oil", "v": 147.0}]}, {"source": 84, "prod": 1.3477927890896251, "target": 30, "value": 127.0, "supply": [{"l": "Olive Oil", "v": 127.0}]}, {"source": 85, "prod": 0.13442552752075002, "target": 30, "value": 19.0, "supply": [{"l": "Cocoa Beans", "v": 19.0}]}, {"source": 16, "prod": 1.7686168415028121, "target": 30, "value": 2104.0, "supply": [{"l": "Potatoes", "v": 2104.0}]}, {"source": 86, "prod": 0.59430233219700002, "target": 30, "value": 56.0, "supply": [{"l": "Coconut Oil", "v": 56.0}]}, {"source": 17, "prod": 8.1149814456541005, "target": 30, "value": 11741.0, "supply": [{"l": "Milk - Excluding Butter", "v": 11741.0}]}, {"source": 87, "prod": 0.14914923394905405, "target": 30, "value": 130.0, "supply": [{"l": "Apples", "v": 130.0}]}, {"source": 21, "prod": 0.8838813064180866, "target": 30, "value": 642.0, "supply": [{"l": "Meat, Other", "v": 642.0}]}, {"source": 88, "prod": 0.073323015011318174, "target": 30, "value": 171.0, "supply": [{"l": "Lemons, Limes", "v": 171.0}]}, {"source": 24, "prod": 0.59144052321370788, "target": 30, "value": 620.0, "supply": [{"l": "Pelagic Fish", "v": 620.0}]}, {"source": 89, "prod": 1.3273840551542886, "target": 30, "value": 1897.0, "supply": [{"l": "Bananas", "v": 1897.0}]}, {"source": 90, "prod": 0.14621724046116669, "target": 30, "value": 31.0, "supply": [{"l": "Spices, Other", "v": 31.0}]}, {"source": 26, "prod": 18.146511607294105, "target": 30, "value": 5446.0, "supply": [{"l": "Millet", "v": 5446.0}]}, {"source": 91, "prod": 0.88630058790072841, "target": 30, "value": 602.0, "supply": [{"l": "Poultry Meat", "v": 602.0}]}, {"source": 27, "prod": 3.0991766064199111, "target": 30, "value": 2816.0, "supply": [{"l": "Sweet potatoes", "v": 2816.0}]}, {"source": 92, "prod": 0.59010972315151866, "target": 30, "value": 1689.0, "supply": [{"l": "Oranges, Mandarines", "v": 1689.0}]}, {"source": 29, "prod": 21.835567596173476, "target": 30, "value": 20113.0, "supply": [{"l": "Cassava", "v": 20113.0}]}, {"source": 0, "prod": 0.49383574786428591, "target": 93, "value": 133.0, "supply": [{"l": "Maize", "v": 133.0}]}, {"source": 79, "prod": 4.1995343372083935, "target": 93, "value": 1385.0, "supply": [{"l": "Olives", "v": 1385.0}]}, {"source": 3, "prod": 2.5524451773257799, "target": 93, "value": 2475.0, "supply": [{"l": "Plantains", "v": 2475.0}]}, {"source": 32, "prod": 0.23244692697269681, "target": 93, "value": 56.0, "supply": [{"l": "Sugar", "v": 56.0}]}, {"source": 82, "prod": 0.0059298458866662972, "target": 93, "value": 21.0, "supply": [{"l": "Citrus, Other", "v": 21.0}]}, {"source": 5, "prod": 1.0978491358318967, "target": 93, "value": 350.0, "supply": [{"l": "Barley", "v": 350.0}]}, {"source": 50, "prod": 0.10612541646375, "target": 93, "value": 20.0, "supply": [{"l": "Sugar non-centrifugal", "v": 20.0}]}, {"source": 68, "prod": 0.70467276531930012, "target": 93, "value": 166.0, "supply": [{"l": "Sunflower seed", "v": 166.0}]}, {"source": 6, "prod": 0.0042856565047154046, "target": 93, "value": 1.0, "supply": [{"l": "Rice", "v": 1.0}]}, {"source": 36, "prod": 0.81708591322466173, "target": 93, "value": 512.0, "supply": [{"l": "Coconuts - Incl Copra", "v": 512.0}]}, {"source": 39, "prod": 1.2318871871870587, "target": 93, "value": 185.0, "supply": [{"l": "Sesame seed", "v": 185.0}]}, {"source": 15, "prod": 7.8233659362178365, "target": 93, "value": 1551.0, "supply": [{"l": "Cottonseed", "v": 1551.0}]}, {"source": 72, "prod": 1.9710881474339386, "target": 93, "value": 2252.0, "supply": [{"l": "Grapes", "v": 2252.0}]}, {"source": 41, "prod": 9.2882356297814503, "target": 93, "value": 1483.0, "supply": [{"l": "Groundnuts", "v": 1483.0}]}, {"source": 12, "prod": 2.2158986957631002, "target": 93, "value": 435.0, "supply": [{"l": "Oilcrops, Other", "v": 435.0}]}, {"source": 43, "prod": 0.060697975751212663, "target": 93, "value": 79.0, "supply": [{"l": "Wine", "v": 79.0}]}, {"source": 14, "prod": 0.002612317943723077, "target": 93, "value": 1.0, "supply": [{"l": "Oats", "v": 1.0}]}, {"source": 10, "prod": 0.009988274490705884, "target": 93, "value": 2.0, "supply": [{"l": "Soyabeans", "v": 2.0}]}, {"source": 17, "prod": 0.0062204951035590593, "target": 93, "value": 9.0, "supply": [{"l": "Milk - Excluding Butter", "v": 9.0}]}, {"source": 87, "prod": 0.019504130593337839, "target": 93, "value": 17.0, "supply": [{"l": "Apples", "v": 17.0}]}, {"source": 20, "prod": 0.52462193680177682, "target": 93, "value": 1689.0, "supply": [{"l": "Sugar beet", "v": 1689.0}]}, {"source": 46, "prod": 0.018571947881156251, "target": 93, "value": 2.0, "supply": [{"l": "Oilcrops Oil, Other", "v": 2.0}]}, {"source": 22, "prod": 3.1443519174797627, "target": 93, "value": 899.0, "supply": [{"l": "Sorghum", "v": 899.0}]}, {"source": 23, "prod": 13.278619181927745, "target": 93, "value": 42750.0, "supply": [{"l": "Sugar cane", "v": 42750.0}]}, {"source": 89, "prod": 0.0062975521857609887, "target": 93, "value": 9.0, "supply": [{"l": "Bananas", "v": 9.0}]}, {"source": 60, "prod": 0.0022376831998558145, "target": 93, "value": 1.0, "supply": [{"l": "Bovine Meat", "v": 1.0}]}, {"source": 26, "prod": 0.88966555254269652, "target": 93, "value": 267.0, "supply": [{"l": "Millet", "v": 267.0}]}, {"source": 94, "prod": 0.34299734601084003, "target": 93, "value": 68.0, "supply": [{"l": "Rape and Mustardseed", "v": 68.0}]}, {"source": 92, "prod": 0.00069876817424691377, "target": 93, "value": 2.0, "supply": [{"l": "Oranges, Mandarines", "v": 2.0}]}, {"source": 63, "prod": 1.0289920380325202, "target": 93, "value": 204.0, "supply": [{"l": "Palm kernels", "v": 204.0}]}, {"source": 0, "prod": 1.0396542060300755, "target": 95, "value": 280.0, "supply": [{"l": "Maize", "v": 280.0}]}, {"source": 9, "prod": 0.50824689245224486, "target": 95, "value": 440.0, "supply": [{"l": "Roots, Other", "v": 440.0}]}, {"source": 96, "prod": 0.001939996300833113, "target": 95, "value": 3.0, "supply": [{"l": "Alcohol, Non-Food", "v": 3.0}]}, {"source": 31, "prod": 0.017525298131628439, "target": 95, "value": 5.0, "supply": [{"l": "Nuts", "v": 5.0}]}, {"source": 4, "prod": 3.9423698129201852, "target": 95, "value": 3418.0, "supply": [{"l": "Yams", "v": 3418.0}]}, {"source": 32, "prod": 0.053960893761518892, "target": 95, "value": 13.0, "supply": [{"l": "Sugar", "v": 13.0}]}, {"source": 48, "prod": 0.00052500206024469964, "target": 95, "value": 1.0, "supply": [{"l": "Beer", "v": 1.0}]}, {"source": 49, "prod": 0.010159014225589744, "target": 95, "value": 1.0, "supply": [{"l": "Groundnut Oil", "v": 1.0}]}, {"source": 33, "prod": 0.1617149203257143, "target": 95, "value": 48.0, "supply": [{"l": "Beverages, Alcoholic", "v": 48.0}]}, {"source": 5, "prod": 0.0031367118166625617, "target": 95, "value": 1.0, "supply": [{"l": "Barley", "v": 1.0}]}, {"source": 6, "prod": 0.26571070329235508, "target": 95, "value": 62.0, "supply": [{"l": "Rice", "v": 62.0}]}, {"source": 67, "prod": 0.00021741442553393088, "target": 95, "value": 1.0, "supply": [{"l": "Tomatoes", "v": 1.0}]}, {"source": 35, "prod": 1.8063900674680848, "target": 95, "value": 200.0, "supply": [{"l": "Fats, Animals, Raw", "v": 200.0}]}, {"source": 51, "prod": 0.047987144835782612, "target": 95, "value": 52.0, "supply": [{"l": "Coffee", "v": 52.0}]}, {"source": 8, "prod": 0.0033590154752287842, "target": 95, "value": 1.0, "supply": [{"l": "Wheat", "v": 1.0}]}, {"source": 83, "prod": 0.16171492032571433, "target": 95, "value": 16.0, "supply": [{"l": "Soyabean Oil", "v": 16.0}]}, {"source": 36, "prod": 0.011171096469868422, "target": 95, "value": 7.0, "supply": [{"l": "Coconuts - Incl Copra", "v": 7.0}]}, {"source": 37, "prod": 0.013892781791618181, "target": 95, "value": 4.0, "supply": [{"l": "Treenuts", "v": 4.0}]}, {"source": 38, "prod": 0.0014842715589335664, "target": 95, "value": 1.0, "supply": [{"l": "Eggs", "v": 1.0}]}, {"source": 2, "prod": 0.00094361662534454664, "target": 95, "value": 3.0, "supply": [{"l": "Vegetables, Other", "v": 3.0}]}, {"source": 72, "prod": 0.0035010446668453615, "target": 95, "value": 4.0, "supply": [{"l": "Grapes", "v": 4.0}]}, {"source": 53, "prod": 1.2836930375455202, "target": 95, "value": 126.0, "supply": [{"l": "Palm Oil", "v": 126.0}]}, {"source": 12, "prod": 0.015282059970780002, "target": 95, "value": 3.0, "supply": [{"l": "Oilcrops, Other", "v": 3.0}]}, {"source": 23, "prod": 0.048144701127457321, "target": 95, "value": 155.0, "supply": [{"l": "Sugar cane", "v": 155.0}]}, {"source": 86, "prod": 0.053062708231874998, "target": 95, "value": 5.0, "supply": [{"l": "Coconut Oil", "v": 5.0}]}, {"source": 84, "prod": 0.053062708231874998, "target": 95, "value": 5.0, "supply": [{"l": "Olive Oil", "v": 5.0}]}, {"source": 13, "prod": 0.0019102574963475003, "target": 95, "value": 1.0, "supply": [{"l": "Dates", "v": 1.0}]}, {"source": 15, "prod": 0.504407861780647, "target": 95, "value": 100.0, "supply": [{"l": "Cottonseed", "v": 100.0}]}, {"source": 16, "prod": 0.020174336595089111, "target": 95, "value": 24.0, "supply": [{"l": "Potatoes", "v": 24.0}]}, {"source": 54, "prod": 0.045540408597471264, "target": 95, "value": 56.0, "supply": [{"l": "Freshwater Fish", "v": 56.0}]}, {"source": 42, "prod": 0.056600222114000003, "target": 95, "value": 6.0, "supply": [{"l": "Rape and Mustard Oil", "v": 6.0}]}, {"source": 17, "prod": 0.0013823322452353466, "target": 95, "value": 2.0, "supply": [{"l": "Milk - Excluding Butter", "v": 2.0}]}, {"source": 55, "prod": 0.035021387433037503, "target": 95, "value": 9.0, "supply": [{"l": "Beans", "v": 9.0}]}, {"source": 18, "prod": 0.1390608905387069, "target": 95, "value": 35.0, "supply": [{"l": "Pulses, Other", "v": 35.0}]}, {"source": 19, "prod": 0.048276660038411759, "target": 95, "value": 58.0, "supply": [{"l": "Fish, Seafood", "v": 58.0}]}, {"source": 46, "prod": 0.77073583706798443, "target": 95, "value": 83.0, "supply": [{"l": "Oilcrops Oil, Other", "v": 83.0}]}, {"source": 56, "prod": 0.0016647124151176471, "target": 95, "value": 2.0, "supply": [{"l": "Cephalopods", "v": 2.0}]}, {"source": 43, "prod": 0.016903233753502264, "target": 95, "value": 22.0, "supply": [{"l": "Wine", "v": 22.0}]}, {"source": 58, "prod": 0.19976548981411771, "target": 95, "value": 20.0, "supply": [{"l": "Sesameseed Oil", "v": 20.0}]}, {"source": 89, "prod": 0.00069972802064010989, "target": 95, "value": 1.0, "supply": [{"l": "Bananas", "v": 1.0}]}, {"source": 59, "prod": 0.0040554514929778554, "target": 95, "value": 9.0, "supply": [{"l": "Beverages, Fermented", "v": 9.0}]}, {"source": 60, "prod": 0.0089507327994232579, "target": 95, "value": 4.0, "supply": [{"l": "Bovine Meat", "v": 4.0}]}, {"source": 81, "prod": 0.0052407613068518513, "target": 95, "value": 10.0, "supply": [{"l": "Fruits, Other", "v": 10.0}]}, {"source": 25, "prod": 0.063675249878250004, "target": 95, "value": 3.0, "supply": [{"l": "Fish, Body Oil", "v": 3.0}]}, {"source": 76, "prod": 0.039953097962823529, "target": 95, "value": 32.0, "supply": [{"l": "Offals, Edible", "v": 32.0}]}, {"source": 27, "prod": 0.27513996860972223, "target": 95, "value": 250.0, "supply": [{"l": "Sweet potatoes", "v": 250.0}]}, {"source": 97, "prod": 0.039034635940689656, "target": 95, "value": 48.0, "supply": [{"l": "Aquatic Plants", "v": 48.0}]}, {"source": 62, "prod": 0.25884247917987802, "target": 95, "value": 25.0, "supply": [{"l": "Cottonseed Oil", "v": 25.0}]}, {"source": 78, "prod": 0.16980066634200003, "target": 95, "value": 14.0, "supply": [{"l": "Palmkernel Oil", "v": 14.0}]}, {"source": 63, "prod": 0.075661179267097062, "target": 95, "value": 15.0, "supply": [{"l": "Palm kernels", "v": 15.0}]}, {"source": 29, "prod": 0.1074788043564448, "target": 95, "value": 99.0, "supply": [{"l": "Cassava", "v": 99.0}]}, {"source": 98, "prod": 0.039034635940689656, "target": 95, "value": 48.0, "supply": [{"l": "Aquatic Products, Other", "v": 48.0}]}, {"source": 0, "prod": 1.5928987656675089, "target": 99, "value": 429.0, "supply": [{"l": "Maize", "v": 429.0}]}, {"source": 80, "prod": 0.0060643095122142852, "target": 99, "value": 2.0, "supply": [{"l": "Rye", "v": 2.0}]}, {"source": 4, "prod": 0.73933851670036244, "target": 99, "value": 641.0, "supply": [{"l": "Yams", "v": 641.0}]}, {"source": 5, "prod": 1.0602085940319459, "target": 99, "value": 338.0, "supply": [{"l": "Barley", "v": 338.0}]}, {"source": 6, "prod": 0.87427392696194262, "target": 99, "value": 204.0, "supply": [{"l": "Rice", "v": 204.0}]}, {"source": 68, "prod": 0.012735049975650002, "target": 99, "value": 3.0, "supply": [{"l": "Sunflower seed", "v": 3.0}]}, {"source": 7, "prod": 0.2589816885804454, "target": 99, "value": 66.0, "supply": [{"l": "Cereals, Other", "v": 66.0}]}, {"source": 8, "prod": 2.7308795813610014, "target": 99, "value": 813.0, "supply": [{"l": "Wheat", "v": 813.0}]}, {"source": 38, "prod": 0.07272930638774476, "target": 38, "value": 49.0, "supply": [{"l": "Eggs", "v": 49.0}]}, {"source": 9, "prod": 0.055445115540244894, "target": 99, "value": 48.0, "supply": [{"l": "Roots, Other", "v": 48.0}]}, {"source": 71, "prod": 0.0594302332197, "target": 99, "value": 14.0, "supply": [{"l": "Peas", "v": 14.0}]}, {"source": 39, "prod": 0.079906195925647044, "target": 99, "value": 12.0, "supply": [{"l": "Sesame seed", "v": 12.0}]}, {"source": 15, "prod": 0.96341901600103597, "target": 99, "value": 191.0, "supply": [{"l": "Cottonseed", "v": 191.0}]}, {"source": 41, "prod": 2.2672564382878524, "target": 99, "value": 362.0, "supply": [{"l": "Groundnuts", "v": 362.0}]}, {"source": 12, "prod": 0.16810265967858001, "target": 99, "value": 33.0, "supply": [{"l": "Oilcrops, Other", "v": 33.0}]}, {"source": 14, "prod": 0.054858676818184626, "target": 99, "value": 21.0, "supply": [{"l": "Oats", "v": 21.0}]}, {"source": 10, "prod": 0.034958960717470594, "target": 99, "value": 7.0, "supply": [{"l": "Soyabeans", "v": 7.0}]}, {"source": 16, "prod": 0.34716670890715845, "target": 99, "value": 413.0, "supply": [{"l": "Potatoes", "v": 413.0}]}, {"source": 55, "prod": 0.2996274258159875, "target": 99, "value": 77.0, "supply": [{"l": "Beans", "v": 77.0}]}, {"source": 18, "prod": 1.3111455393649507, "target": 99, "value": 330.0, "supply": [{"l": "Pulses, Other", "v": 330.0}]}, {"source": 22, "prod": 0.82543609847077193, "target": 99, "value": 236.0, "supply": [{"l": "Sorghum", "v": 236.0}]}, {"source": 23, "prod": 0.070508691328598785, "target": 99, "value": 227.0, "supply": [{"l": "Sugar cane", "v": 227.0}]}, {"source": 26, "prod": 0.6897407092746749, "target": 99, "value": 207.0, "supply": [{"l": "Millet", "v": 207.0}]}, {"source": 27, "prod": 0.077039191210722238, "target": 99, "value": 70.0, "supply": [{"l": "Sweet potatoes", "v": 70.0}]}, {"source": 94, "prod": 0.0050440786178064714, "target": 99, "value": 1.0, "supply": [{"l": "Rape and Mustardseed", "v": 1.0}]}, {"source": 0, "prod": 5.7700808434669204, "target": 100, "value": 1554.0, "supply": [{"l": "Maize", "v": 1554.0}]}, {"source": 79, "prod": 0.16070420207367861, "target": 100, "value": 53.0, "supply": [{"l": "Olives", "v": 53.0}]}, {"source": 9, "prod": 0.83398694625118364, "target": 100, "value": 722.0, "supply": [{"l": "Roots, Other", "v": 722.0}]}, {"source": 3, "prod": 3.93128121857207, "target": 100, "value": 3812.0, "supply": [{"l": "Plantains", "v": 3812.0}]}, {"source": 31, "prod": 0.063091073273862389, "target": 100, "value": 18.0, "supply": [{"l": "Nuts", "v": 18.0}]}, {"source": 4, "prod": 1.7531896183846347, "target": 100, "value": 1520.0, "supply": [{"l": "Yams", "v": 1520.0}]}, {"source": 82, "prod": 0.073699513162852559, "target": 100, "value": 261.0, "supply": [{"l": "Citrus, Other", "v": 261.0}]}, {"source": 77, "prod": 0.01329483239216209, "target": 100, "value": 19.0, "supply": [{"l": "Grapefruit", "v": 19.0}]}, {"source": 5, "prod": 0.89396286774883005, "target": 100, "value": 285.0, "supply": [{"l": "Barley", "v": 285.0}]}, {"source": 6, "prod": 2.0614007787681099, "target": 100, "value": 481.0, "supply": [{"l": "Rice", "v": 481.0}]}, {"source": 67, "prod": 0.0682681296176543, "target": 100, "value": 314.0, "supply": [{"l": "Tomatoes", "v": 314.0}]}, {"source": 68, "prod": 0.0084900333171, "target": 100, "value": 2.0, "supply": [{"l": "Sunflower seed", "v": 2.0}]}, {"source": 7, "prod": 0.35708081304273537, "target": 100, "value": 91.0, "supply": [{"l": "Cereals, Other", "v": 91.0}]}, {"source": 51, "prod": 0.020302253584369566, "target": 100, "value": 22.0, "supply": [{"l": "Coffee", "v": 22.0}]}, {"source": 8, "prod": 2.8450861075187803, "target": 100, "value": 847.0, "supply": [{"l": "Wheat", "v": 847.0}]}, {"source": 36, "prod": 0.17873754351789475, "target": 100, "value": 112.0, "supply": [{"l": "Coconuts - Incl Copra", "v": 112.0}]}, {"source": 37, "prod": 0.059044322614377275, "target": 100, "value": 17.0, "supply": [{"l": "Treenuts", "v": 17.0}]}, {"source": 38, "prod": 0.06382367703414335, "target": 100, "value": 43.0, "supply": [{"l": "Eggs", "v": 43.0}]}, {"source": 2, "prod": 0.42148209265389747, "target": 100, "value": 1340.0, "supply": [{"l": "Vegetables, Other", "v": 1340.0}]}, {"source": 71, "prod": 0.0594302332197, "target": 100, "value": 14.0, "supply": [{"l": "Peas", "v": 14.0}]}, {"source": 39, "prod": 0.15981239185129409, "target": 100, "value": 24.0, "supply": [{"l": "Sesame seed", "v": 24.0}]}, {"source": 10, "prod": 0.039953097962823536, "target": 100, "value": 8.0, "supply": [{"l": "Soyabeans", "v": 8.0}]}, {"source": 72, "prod": 0.015754701000804127, "target": 100, "value": 18.0, "supply": [{"l": "Grapes", "v": 18.0}]}, {"source": 41, "prod": 1.3528380957739674, "target": 100, "value": 216.0, "supply": [{"l": "Groundnuts", "v": 216.0}]}, {"source": 53, "prod": 0.17319667966884, "target": 100, "value": 17.0, "supply": [{"l": "Palm Oil", "v": 17.0}]}, {"source": 12, "prod": 0.19357275962988002, "target": 100, "value": 38.0, "supply": [{"l": "Oilcrops, Other", "v": 38.0}]}, {"source": 23, "prod": 0.36838461636880249, "target": 100, "value": 1186.0, "supply": [{"l": "Sugar cane", "v": 1186.0}]}, {"source": 14, "prod": 0.015673907662338463, "target": 100, "value": 6.0, "supply": [{"l": "Oats", "v": 6.0}]}, {"source": 13, "prod": 0.12416673726258751, "target": 100, "value": 65.0, "supply": [{"l": "Dates", "v": 65.0}]}, {"source": 85, "prod": 0.077825305406750006, "target": 100, "value": 11.0, "supply": [{"l": "Cocoa Beans", "v": 11.0}]}, {"source": 15, "prod": 0.22193945918348473, "target": 100, "value": 44.0, "supply": [{"l": "Cottonseed", "v": 44.0}]}, {"source": 16, "prod": 0.22359889726223764, "target": 100, "value": 266.0, "supply": [{"l": "Potatoes", "v": 266.0}]}, {"source": 52, "prod": 0.053221104375850752, "target": 100, "value": 14.0, "supply": [{"l": "Pimento", "v": 14.0}]}, {"source": 17, "prod": 0.33452440334695382, "target": 100, "value": 484.0, "supply": [{"l": "Milk - Excluding Butter", "v": 484.0}]}, {"source": 55, "prod": 0.36577893541172501, "target": 100, "value": 94.0, "supply": [{"l": "Beans", "v": 94.0}]}, {"source": 87, "prod": 0.01835682879372973, "target": 100, "value": 16.0, "supply": [{"l": "Apples", "v": 16.0}]}, {"source": 20, "prod": 0.0077652743753963416, "target": 100, "value": 25.0, "supply": [{"l": "Sugar beet", "v": 25.0}]}, {"source": 88, "prod": 0.0094333703523333326, "target": 100, "value": 22.0, "supply": [{"l": "Lemons, Limes", "v": 22.0}]}, {"source": 22, "prod": 3.8823477512820204, "target": 100, "value": 1110.0, "supply": [{"l": "Sorghum", "v": 1110.0}]}, {"source": 43, "prod": 0.002304986420932127, "target": 100, "value": 3.0, "supply": [{"l": "Wine", "v": 3.0}]}, {"source": 74, "prod": 0.039405217927468358, "target": 100, "value": 110.0, "supply": [{"l": "Pineapples", "v": 110.0}]}, {"source": 89, "prod": 0.22951079076995604, "target": 100, "value": 328.0, "supply": [{"l": "Bananas", "v": 328.0}]}, {"source": 59, "prod": 0.23206194654262169, "target": 100, "value": 515.0, "supply": [{"l": "Beverages, Fermented", "v": 515.0}]}, {"source": 90, "prod": 0.0047166851761666672, "target": 100, "value": 1.0, "supply": [{"l": "Spices, Other", "v": 1.0}]}, {"source": 81, "prod": 0.26832697891081481, "target": 100, "value": 512.0, "supply": [{"l": "Fruits, Other", "v": 512.0}]}, {"source": 26, "prod": 3.2554428645476206, "target": 100, "value": 977.0, "supply": [{"l": "Millet", "v": 977.0}]}, {"source": 27, "prod": 0.47434130588316115, "target": 100, "value": 431.0, "supply": [{"l": "Sweet potatoes", "v": 431.0}]}, {"source": 94, "prod": 0.025220393089032359, "target": 100, "value": 5.0, "supply": [{"l": "Rape and Mustardseed", "v": 5.0}]}, {"source": 92, "prod": 0.075117578731543219, "target": 100, "value": 215.0, "supply": [{"l": "Oranges, Mandarines", "v": 215.0}]}, {"source": 63, "prod": 0.055484864795871183, "target": 100, "value": 11.0, "supply": [{"l": "Palm kernels", "v": 11.0}]}, {"source": 29, "prod": 3.506631697690068, "target": 100, "value": 3230.0, "supply": [{"l": "Cassava", "v": 3230.0}]}, {"source": 64, "prod": 0.049255155122106882, "target": 100, "value": 114.0, "supply": [{"l": "Onions", "v": 114.0}]}, {"source": 18, "prod": 1.0568627680941725, "target": 100, "value": 266.0, "supply": [{"l": "Pulses, Other", "v": 266.0}]}, {"source": 101, "prod": 0.015108888860000001, "target": 65, "value": 13.0, "supply": [{"l": "Infant food", "v": 13.0}]}, {"source": 101, "prod": 0.042450166585500007, "target": 90, "value": 9.0, "supply": [{"l": "Spices, Other", "v": 9.0}]}, {"source": 101, "prod": 0.016523496340578748, "target": 67, "value": 76.0, "supply": [{"l": "Tomatoes", "v": 76.0}]}, {"source": 101, "prod": 0.0043425779537957501, "target": 29, "value": 4.0, "supply": [{"l": "Cassava", "v": 4.0}]}, {"source": 101, "prod": 0.19449894508265456, "target": 37, "value": 56.0, "supply": [{"l": "Treenuts", "v": 56.0}]}, {"source": 101, "prod": 0.0060643095122142852, "target": 80, "value": 2.0, "supply": [{"l": "Rye", "v": 2.0}]}, {"source": 101, "prod": 0.034599276262633372, "target": 2, "value": 110.0, "supply": [{"l": "Vegetables, Other", "v": 110.0}]}, {"source": 101, "prod": 0.09413999982, "target": 75, "value": 81.0, "supply": [{"l": "Tea", "v": 81.0}]}, {"source": 101, "prod": 0.013767621595297297, "target": 87, "value": 12.0, "supply": [{"l": "Apples", "v": 12.0}]}, {"source": 101, "prod": 3.4713817688194779, "target": 6, "value": 810.0, "supply": [{"l": "Rice", "v": 810.0}]}, {"source": 101, "prod": 20.00629617046264, "target": 8, "value": 5956.0, "supply": [{"l": "Wheat", "v": 5956.0}]}, {"source": 101, "prod": 0.00031061097501585371, "target": 20, "value": 1.0, "supply": [{"l": "Sugar beet", "v": 1.0}]}, {"source": 101, "prod": 0.0050440786178064714, "target": 63, "value": 1.0, "supply": [{"l": "Palm kernels", "v": 1.0}]}, {"source": 101, "prod": 0.8029982250656158, "target": 5, "value": 256.0, "supply": [{"l": "Barley", "v": 256.0}]}, {"source": 101, "prod": 0.025554577894753735, "target": 69, "value": 6.0, "supply": [{"l": "Pepper", "v": 6.0}]}, {"source": 101, "prod": 0.062752420169869566, "target": 51, "value": 68.0, "supply": [{"l": "Coffee", "v": 68.0}]}, {"source": 101, "prod": 0.02971511660985, "target": 68, "value": 7.0, "supply": [{"l": "Sunflower seed", "v": 7.0}]}, {"source": 101, "prod": 0.3898534443726423, "target": 26, "value": 117.0, "supply": [{"l": "Millet", "v": 117.0}]}, {"source": 101, "prod": 0.032474377437907508, "target": 13, "value": 17.0, "supply": [{"l": "Dates", "v": 17.0}]}, {"source": 101, "prod": 0.27075358351592022, "target": 7, "value": 69.0, "supply": [{"l": "Cereals, Other", "v": 69.0}]}, {"source": 101, "prod": 2.1278110565313257, "target": 1, "value": 2732.0, "supply": [{"l": "Freshwater Fish", "v": 19.0}, {"l": "Pigmeat", "v": 9.0}, {"l": "Meat, Other", "v": 3.0}, {"l": "Crustaceans", "v": 3.0}, {"l": "Marine Fish, Other", "v": 119.0}, {"l": "Demersal Fish", "v": 149.0}, {"l": "Mutton & Goat Meat", "v": 8.0}, {"l": "Poultry Meat", "v": 5.0}, {"l": "Milk - Excluding Butter", "v": 1695.0}, {"l": "Pelagic Fish", "v": 177.0}, {"l": "Fish, Seafood", "v": 473.0}, {"l": "Cephalopods", "v": 1.0}, {"l": "Molluscs, Other", "v": 1.0}, {"l": "Offals, Edible", "v": 5.0}, {"l": "Bovine Meat", "v": 63.0}, {"l": "Eggs", "v": 2.0}]}, {"source": 101, "prod": 0.0038015074554179108, "target": 52, "value": 1.0, "supply": [{"l": "Pimento", "v": 1.0}]}, {"source": 101, "prod": 0.19277827944791284, "target": 31, "value": 55.0, "supply": [{"l": "Nuts", "v": 55.0}]}, {"source": 101, "prod": 0.0084900333171, "target": 71, "value": 2.0, "supply": [{"l": "Peas", "v": 2.0}]}, {"source": 101, "prod": 0.015282059970780002, "target": 12, "value": 3.0, "supply": [{"l": "Oilcrops, Other", "v": 3.0}]}, {"source": 101, "prod": 0.24762597174875001, "target": 85, "value": 35.0, "supply": [{"l": "Cocoa Beans", "v": 35.0}]}, {"source": 101, "prod": 0.005240761306851853, "target": 92, "value": 15.0, "supply": [{"l": "Oranges, Mandarines", "v": 15.0}]}, {"source": 101, "prod": 0.24483274107183914, "target": 22, "value": 70.0, "supply": [{"l": "Sorghum", "v": 70.0}]}, {"source": 101, "prod": 0.00035822925388607601, "target": 74, "value": 1.0, "supply": [{"l": "Pineapples", "v": 1.0}]}, {"source": 101, "prod": 0.28751248121496886, "target": 94, "value": 57.0, "supply": [{"l": "Rape and Mustardseed", "v": 57.0}]}, {"source": 101, "prod": 0.15214812182129706, "target": 16, "value": 181.0, "supply": [{"l": "Potatoes", "v": 181.0}]}, {"source": 101, "prod": 0.012097757398412214, "target": 64, "value": 28.0, "supply": [{"l": "Onions", "v": 28.0}]}, {"source": 101, "prod": 0.029388576866884616, "target": 89, "value": 42.0, "supply": [{"l": "Bananas", "v": 42.0}]}, {"source": 101, "prod": 0.00056474722730155214, "target": 82, "value": 2.0, "supply": [{"l": "Citrus, Other", "v": 2.0}]}, {"source": 101, "prod": 0.011378395167247424, "target": 72, "value": 13.0, "supply": [{"l": "Grapes", "v": 13.0}]}, {"source": 101, "prod": 0.06658849660470588, "target": 39, "value": 10.0, "supply": [{"l": "Sesame seed", "v": 10.0}]}, {"source": 101, "prod": 15.318351930399899, "target": 93, "value": 2749.0, "supply": [{"l": "Sugar", "v": 1600.0}, {"l": "Beer", "v": 48.0}, {"l": "Groundnut Oil", "v": 11.0}, {"l": "Beverages, Alcoholic", "v": 18.0}, {"l": "Fats, Animals, Raw", "v": 249.0}, {"l": "Soyabean Oil", "v": 193.0}, {"l": "Butter, Ghee", "v": 41.0}, {"l": "Palm Oil", "v": 66.0}, {"l": "Sunflowerseed Oil", "v": 80.0}, {"l": "Olive Oil", "v": 9.0}, {"l": "Coconut Oil", "v": 23.0}, {"l": "Rape and Mustard Oil", "v": 55.0}, {"l": "Oilcrops Oil, Other", "v": 65.0}, {"l": "Wine", "v": 183.0}, {"l": "Sweeteners, Other", "v": 40.0}, {"l": "Beverages, Fermented", "v": 1.0}, {"l": "Fish, Body Oil", "v": 4.0}, {"l": "Honey", "v": 2.0}, {"l": "Cottonseed Oil", "v": 56.0}, {"l": "Palmkernel Oil", "v": 5.0}]}, {"source": 101, "prod": 0.1050641622991125, "target": 55, "value": 27.0, "supply": [{"l": "Beans", "v": 27.0}]}, {"source": 101, "prod": 2.376352470925887, "target": 0, "value": 640.0, "supply": [{"l": "Maize", "v": 640.0}]}, {"source": 101, "prod": 0.04192609045481481, "target": 81, "value": 80.0, "supply": [{"l": "Fruits, Other", "v": 80.0}]}, {"source": 101, "prod": 0.25030960296967242, "target": 18, "value": 63.0, "supply": [{"l": "Pulses, Other", "v": 63.0}]}, {"source": 101, "prod": 0.055484864795871183, "target": 15, "value": 11.0, "supply": [{"l": "Cottonseed", "v": 11.0}]}, {"source": 101, "prod": 0.10647336864887708, "target": 41, "value": 17.0, "supply": [{"l": "Groundnuts", "v": 17.0}]}, {"source": 101, "prod": 0.086177029910413552, "target": 36, "value": 54.0, "supply": [{"l": "Coconuts - Incl Copra", "v": 54.0}]}, {"source": 101, "prod": 0.020898543549784616, "target": 14, "value": 8.0, "supply": [{"l": "Oats", "v": 8.0}]}, {"source": 101, "prod": 0.017326598606326533, "target": 9, "value": 15.0, "supply": [{"l": "Roots, Other", "v": 15.0}]}, {"source": 0, "prod": 6.8060219987611728, "target": 102, "value": 1833.0, "supply": [{"l": "Maize", "v": 1833.0}]}, {"source": 79, "prod": 0.087932487927107145, "target": 102, "value": 29.0, "supply": [{"l": "Olives", "v": 29.0}]}, {"source": 31, "prod": 1.0585280071503578, "target": 102, "value": 302.0, "supply": [{"l": "Nuts", "v": 302.0}]}, {"source": 13, "prod": 0.064948754875815015, "target": 102, "value": 34.0, "supply": [{"l": "Dates", "v": 34.0}]}, {"source": 4, "prod": 0.003460242667864411, "target": 102, "value": 3.0, "supply": [{"l": "Yams", "v": 3.0}]}, {"source": 32, "prod": 8.0194189805580383, "target": 102, "value": 1932.0, "supply": [{"l": "Sugar", "v": 1932.0}]}, {"source": 46, "prod": 0.60358830613757819, "target": 102, "value": 65.0, "supply": [{"l": "Oilcrops Oil, Other", "v": 65.0}]}, {"source": 47, "prod": 0.010612541646375, "target": 102, "value": 1.0, "supply": [{"l": "Maize Germ Oil", "v": 1.0}]}, {"source": 48, "prod": 0.012075047385628092, "target": 102, "value": 23.0, "supply": [{"l": "Beer", "v": 23.0}]}, {"source": 49, "prod": 1.6762373472223075, "target": 102, "value": 165.0, "supply": [{"l": "Groundnut Oil", "v": 165.0}]}, {"source": 33, "prod": 0.077488399322738086, "target": 102, "value": 23.0, "supply": [{"l": "Beverages, Alcoholic", "v": 23.0}]}, {"source": 5, "prod": 0.043913965433275866, "target": 102, "value": 14.0, "supply": [{"l": "Barley", "v": 14.0}]}, {"source": 6, "prod": 2.404253299145342, "target": 102, "value": 561.0, "supply": [{"l": "Rice", "v": 561.0}]}, {"source": 66, "prod": 0.025015276737883934, "target": 102, "value": 3.0, "supply": [{"l": "Butter, Ghee", "v": 3.0}]}, {"source": 67, "prod": 0.036960452340768252, "target": 102, "value": 170.0, "supply": [{"l": "Tomatoes", "v": 170.0}]}, {"source": 68, "prod": 0.084900333171, "target": 102, "value": 20.0, "supply": [{"l": "Sunflower seed", "v": 20.0}]}, {"source": 7, "prod": 0.13733877424720589, "target": 102, "value": 35.0, "supply": [{"l": "Cereals, Other", "v": 35.0}]}, {"source": 51, "prod": 0.83516088608429362, "target": 102, "value": 905.0, "supply": [{"l": "Coffee", "v": 905.0}]}, {"source": 50, "prod": 0.0053062708231875, "target": 102, "value": 1.0, "supply": [{"l": "Sugar non-centrifugal", "v": 1.0}]}, {"source": 8, "prod": 0.24520812969170128, "target": 102, "value": 73.0, "supply": [{"l": "Wheat", "v": 73.0}]}, {"source": 35, "prod": 0.063223652361382984, "target": 102, "value": 7.0, "supply": [{"l": "Fats, Animals, Raw", "v": 7.0}]}, {"source": 36, "prod": 0.59366398382729324, "target": 102, "value": 372.0, "supply": [{"l": "Coconuts - Incl Copra", "v": 372.0}]}, {"source": 37, "prod": 1.0523782207150771, "target": 102, "value": 303.0, "supply": [{"l": "Treenuts", "v": 303.0}]}, {"source": 70, "prod": 0.014982411736058823, "target": 102, "value": 18.0, "supply": [{"l": "Crustaceans", "v": 18.0}]}, {"source": 38, "prod": 0.0074213577946678324, "target": 102, "value": 5.0, "supply": [{"l": "Eggs", "v": 5.0}]}, {"source": 2, "prod": 0.04592267576676793, "target": 102, "value": 146.0, "supply": [{"l": "Vegetables, Other", "v": 146.0}]}, {"source": 71, "prod": 0.1358405330736, "target": 102, "value": 32.0, "supply": [{"l": "Peas", "v": 32.0}]}, {"source": 39, "prod": 0.97885090008917641, "target": 102, "value": 147.0, "supply": [{"l": "Sesame seed", "v": 147.0}]}, {"source": 86, "prod": 0.13796304140287499, "target": 102, "value": 13.0, "supply": [{"l": "Coconut Oil", "v": 13.0}]}, {"source": 10, "prod": 0.059929646944235297, "target": 102, "value": 12.0, "supply": [{"l": "Soyabeans", "v": 12.0}]}, {"source": 11, "prod": 0.03319820720148077, "target": 102, "value": 61.0, "supply": [{"l": "Marine Fish, Other", "v": 61.0}]}, {"source": 72, "prod": 0.084900333171000014, "target": 102, "value": 97.0, "supply": [{"l": "Grapes", "v": 97.0}]}, {"source": 41, "prod": 3.6889890667169754, "target": 102, "value": 589.0, "supply": [{"l": "Groundnuts", "v": 589.0}]}, {"source": 53, "prod": 0.89654751828576007, "target": 102, "value": 88.0, "supply": [{"l": "Palm Oil", "v": 88.0}]}, {"source": 94, "prod": 0.020176314471225885, "target": 102, "value": 4.0, "supply": [{"l": "Rape and Mustardseed", "v": 4.0}]}, {"source": 12, "prod": 0.64694053876302005, "target": 102, "value": 127.0, "supply": [{"l": "Oilcrops, Other", "v": 127.0}]}, {"source": 43, "prod": 0.4886571212376109, "target": 102, "value": 636.0, "supply": [{"l": "Wine", "v": 636.0}]}, {"source": 73, "prod": 0.009988274490705884, "target": 102, "value": 1.0, "supply": [{"l": "Sunflowerseed Oil", "v": 1.0}]}, {"source": 14, "prod": 0.12016662541126154, "target": 102, "value": 46.0, "supply": [{"l": "Oats", "v": 46.0}]}, {"source": 84, "prod": 0.80655316512450004, "target": 102, "value": 76.0, "supply": [{"l": "Olive Oil", "v": 76.0}]}, {"source": 34, "prod": 0.072404637368468916, "target": 102, "value": 17.0, "supply": [{"l": "Cloves", "v": 17.0}]}, {"source": 40, "prod": 0.0169800666342, "target": 102, "value": 4.0, "supply": [{"l": "Pigmeat", "v": 4.0}]}, {"source": 85, "prod": 7.1740781529495008, "target": 102, "value": 1014.0, "supply": [{"l": "Cocoa Beans", "v": 1014.0}]}, {"source": 15, "prod": 1.5687084501378123, "target": 102, "value": 311.0, "supply": [{"l": "Cottonseed", "v": 311.0}]}, {"source": 16, "prod": 0.15971349804445548, "target": 102, "value": 190.0, "supply": [{"l": "Potatoes", "v": 190.0}]}, {"source": 54, "prod": 0.039847857522787355, "target": 102, "value": 49.0, "supply": [{"l": "Freshwater Fish", "v": 49.0}]}, {"source": 52, "prod": 0.022809044732507465, "target": 102, "value": 6.0, "supply": [{"l": "Pimento", "v": 6.0}]}, {"source": 69, "prod": 0.0042590963157922894, "target": 102, "value": 1.0, "supply": [{"l": "Pepper", "v": 1.0}]}, {"source": 77, "prod": 0.037785313114565934, "target": 102, "value": 54.0, "supply": [{"l": "Grapefruit", "v": 54.0}]}, {"source": 23, "prod": 0.00031061097501585371, "target": 102, "value": 1.0, "supply": [{"l": "Sugar cane", "v": 1.0}]}, {"source": 17, "prod": 0.04354346572491341, "target": 102, "value": 63.0, "supply": [{"l": "Milk - Excluding Butter", "v": 63.0}]}, {"source": 74, "prod": 0.082034499139911399, "target": 102, "value": 229.0, "supply": [{"l": "Pineapples", "v": 229.0}]}, {"source": 55, "prod": 0.34632260906003753, "target": 102, "value": 89.0, "supply": [{"l": "Beans", "v": 89.0}]}, {"source": 87, "prod": 0.16521145914356758, "target": 102, "value": 144.0, "supply": [{"l": "Apples", "v": 144.0}]}, {"source": 19, "prod": 0.74329409335002938, "target": 102, "value": 893.0, "supply": [{"l": "Fish, Seafood", "v": 893.0}]}, {"source": 21, "prod": 0.017897908073886484, "target": 102, "value": 13.0, "supply": [{"l": "Meat, Other", "v": 13.0}]}, {"source": 88, "prod": 0.0085757912293939389, "target": 102, "value": 20.0, "supply": [{"l": "Lemons, Limes", "v": 20.0}]}, {"source": 22, "prod": 0.93735963724646998, "target": 102, "value": 268.0, "supply": [{"l": "Sorghum", "v": 268.0}]}, {"source": 56, "prod": 0.0016647124151176471, "target": 102, "value": 2.0, "supply": [{"l": "Cephalopods", "v": 2.0}]}, {"source": 57, "prod": 0.0022258514314494383, "target": 102, "value": 1.0, "supply": [{"l": "Mutton & Goat Meat", "v": 1.0}]}, {"source": 44, "prod": 0.016326987148269231, "target": 102, "value": 5.0, "supply": [{"l": "Sweeteners, Other", "v": 5.0}]}, {"source": 24, "prod": 0.69828139192328098, "target": 102, "value": 732.0, "supply": [{"l": "Pelagic Fish", "v": 732.0}]}, {"source": 89, "prod": 0.20222139796499175, "target": 102, "value": 289.0, "supply": [{"l": "Bananas", "v": 289.0}]}, {"source": 82, "prod": 0.00056474722730155214, "target": 102, "value": 2.0, "supply": [{"l": "Citrus, Other", "v": 2.0}]}, {"source": 90, "prod": 0.11320044422800001, "target": 102, "value": 24.0, "supply": [{"l": "Spices, Other", "v": 24.0}]}, {"source": 75, "prod": 0.12435777754000001, "target": 102, "value": 107.0, "supply": [{"l": "Tea", "v": 107.0}]}, {"source": 81, "prod": 0.1163449010121111, "target": 102, "value": 222.0, "supply": [{"l": "Fruits, Other", "v": 222.0}]}, {"source": 25, "prod": 0.72165283195350005, "target": 102, "value": 34.0, "supply": [{"l": "Fish, Body Oil", "v": 34.0}]}, {"source": 26, "prod": 0.24990605408502717, "target": 102, "value": 75.0, "supply": [{"l": "Millet", "v": 75.0}]}, {"source": 91, "prod": 0.0014722601127919077, "target": 102, "value": 1.0, "supply": [{"l": "Poultry Meat", "v": 1.0}]}, {"source": 76, "prod": 0.0087397401793676485, "target": 102, "value": 7.0, "supply": [{"l": "Offals, Edible", "v": 7.0}]}, {"source": 65, "prod": 0.0011622222200000001, "target": 102, "value": 1.0, "supply": [{"l": "Infant food", "v": 1.0}]}, {"source": 28, "prod": 0.018456594167608694, "target": 102, "value": 30.0, "supply": [{"l": "Demersal Fish", "v": 30.0}]}, {"source": 92, "prod": 0.38572003218429635, "target": 102, "value": 1104.0, "supply": [{"l": "Oranges, Mandarines", "v": 1104.0}]}, {"source": 60, "prod": 0.42739749117246056, "target": 102, "value": 191.0, "supply": [{"l": "Bovine Meat", "v": 191.0}]}, {"source": 62, "prod": 0.47627016169097558, "target": 102, "value": 46.0, "supply": [{"l": "Cottonseed Oil", "v": 46.0}]}, {"source": 78, "prod": 0.66707404634357159, "target": 102, "value": 55.0, "supply": [{"l": "Palmkernel Oil", "v": 55.0}]}, {"source": 63, "prod": 2.0832044691540723, "target": 102, "value": 413.0, "supply": [{"l": "Palm kernels", "v": 413.0}]}, {"source": 29, "prod": 0.23992743194721516, "target": 102, "value": 221.0, "supply": [{"l": "Cassava", "v": 221.0}]}, {"source": 64, "prod": 0.054007845528625961, "target": 102, "value": 125.0, "supply": [{"l": "Onions", "v": 125.0}]}, {"source": 18, "prod": 0.8025799968233942, "target": 102, "value": 202.0, "supply": [{"l": "Pulses, Other", "v": 202.0}]}, {"source": 89, "prod": 0.00069972802064010989, "target": 103, "value": 1.0, "supply": [{"l": "Bananas", "v": 1.0}]}, {"source": 79, "prod": 0.021225083292750004, "target": 103, "value": 7.0, "supply": [{"l": "Olives", "v": 7.0}]}, {"source": 55, "prod": 0.027238856892362499, "target": 103, "value": 7.0, "supply": [{"l": "Beans", "v": 7.0}]}, {"source": 85, "prod": 0.99757891475925009, "target": 103, "value": 141.0, "supply": [{"l": "Cocoa Beans", "v": 141.0}]}, {"source": 84, "prod": 0.81716570677087508, "target": 103, "value": 77.0, "supply": [{"l": "Olive Oil", "v": 77.0}]}, {"source": 19, "prod": 0.0074912058680294113, "target": 103, "value": 9.0, "supply": [{"l": "Fish, Seafood", "v": 9.0}]}, {"source": 41, "prod": 2.3799929462690166, "target": 103, "value": 380.0, "supply": [{"l": "Groundnuts", "v": 380.0}]}, {"source": 29, "prod": 0.0097708003960404362, "target": 103, "value": 9.0, "supply": [{"l": "Cassava", "v": 9.0}]}, {"source": 2, "prod": 0.0018872332506890933, "target": 103, "value": 6.0, "supply": [{"l": "Vegetables, Other", "v": 6.0}]}, {"source": 9, "prod": 0.034653197212653065, "target": 103, "value": 30.0, "supply": [{"l": "Roots, Other", "v": 30.0}]}, {"source": 42, "prod": 0.10376707387566668, "target": 103, "value": 11.0, "supply": [{"l": "Rape and Mustard Oil", "v": 11.0}]}, {"source": 104, "prod": 0.018578698861847331, "target": 64, "value": 43.0, "supply": [{"l": "Onions", "v": 43.0}]}, {"source": 28, "prod": 0.0061521980558695653, "target": 103, "value": 10.0, "supply": [{"l": "Demersal Fish", "v": 10.0}]}, {"source": 7, "prod": 0.76909713578435313, "target": 103, "value": 196.0, "supply": [{"l": "Cereals, Other", "v": 196.0}]}, {"source": 105, "prod": 0.00081322158209770124, "target": 103, "value": 1.0, "supply": [{"l": "Aquatic Animals, Others", "v": 1.0}]}, {"source": 5, "prod": 0.8970995795654928, "target": 103, "value": 286.0, "supply": [{"l": "Barley", "v": 286.0}]}, {"source": 43, "prod": 0.29042828903744794, "target": 103, "value": 378.0, "supply": [{"l": "Wine", "v": 378.0}]}, {"source": 60, "prod": 0.011188415999279071, "target": 103, "value": 5.0, "supply": [{"l": "Bovine Meat", "v": 5.0}]}, {"source": 37, "prod": 0.048624736270663639, "target": 103, "value": 14.0, "supply": [{"l": "Treenuts", "v": 14.0}]}, {"source": 104, "prod": 0.043737754710556298, "target": 1, "value": 61.0, "supply": [{"l": "Pelagic Fish", "v": 6.0}, {"l": "Milk - Excluding Butter", "v": 55.0}]}, {"source": 104, "prod": 0.012784444420000001, "target": 75, "value": 11.0, "supply": [{"l": "Tea", "v": 11.0}]}, {"source": 25, "prod": 0.02122508329275, "target": 103, "value": 1.0, "supply": [{"l": "Fish, Body Oil", "v": 1.0}]}, {"source": 49, "prod": 0.88383423762630775, "target": 103, "value": 87.0, "supply": [{"l": "Groundnut Oil", "v": 87.0}]}, {"source": 104, "prod": 0.0055027993721944446, "target": 27, "value": 5.0, "supply": [{"l": "Sweet potatoes", "v": 5.0}]}, {"source": 32, "prod": 2.0173072590844754, "target": 103, "value": 486.0, "supply": [{"l": "Sugar", "v": 486.0}]}, {"source": 33, "prod": 0.040428730081428575, "target": 103, "value": 12.0, "supply": [{"l": "Beverages, Alcoholic", "v": 12.0}]}, {"source": 26, "prod": 0.37652512148810757, "target": 103, "value": 113.0, "supply": [{"l": "Millet", "v": 113.0}]}, {"source": 16, "prod": 0.014290155088188121, "target": 103, "value": 17.0, "supply": [{"l": "Potatoes", "v": 17.0}]}, {"source": 6, "prod": 0.29999595533007833, "target": 103, "value": 70.0, "supply": [{"l": "Rice", "v": 70.0}]}, {"source": 22, "prod": 2.4798059059990565, "target": 103, "value": 709.0, "supply": [{"l": "Sorghum", "v": 709.0}]}, {"source": 81, "prod": 0.0099574464830185175, "target": 103, "value": 19.0, "supply": [{"l": "Fruits, Other", "v": 19.0}]}, {"source": 15, "prod": 0.61033351275458292, "target": 103, "value": 121.0, "supply": [{"l": "Cottonseed", "v": 121.0}]}, {"source": 0, "prod": 12.605807248114667, "target": 103, "value": 3395.0, "supply": [{"l": "Maize", "v": 3395.0}]}, {"source": 104, "prod": 0.026635398641882354, "target": 39, "value": 4.0, "supply": [{"l": "Sesame seed", "v": 4.0}]}, {"source": 104, "prod": 0.0085181926315845789, "target": 34, "value": 2.0, "supply": [{"l": "Cloves", "v": 2.0}]}, {"source": 44, "prod": 0.0032653974296538461, "target": 103, "value": 1.0, "supply": [{"l": "Sweeteners, Other", "v": 1.0}]}, {"source": 58, "prod": 0.10987101939776471, "target": 103, "value": 11.0, "supply": [{"l": "Sesameseed Oil", "v": 11.0}]}, {"source": 63, "prod": 0.020176314471225885, "target": 103, "value": 4.0, "supply": [{"l": "Palm kernels", "v": 4.0}]}, {"source": 74, "prod": 0.0025076047772025316, "target": 103, "value": 7.0, "supply": [{"l": "Pineapples", "v": 7.0}]}, {"source": 83, "prod": 0.31332265813107146, "target": 103, "value": 31.0, "supply": [{"l": "Soyabean Oil", "v": 31.0}]}, {"source": 92, "prod": 0.010830906700827161, "target": 103, "value": 31.0, "supply": [{"l": "Oranges, Mandarines", "v": 31.0}]}, {"source": 77, "prod": 0.032187488949445051, "target": 103, "value": 46.0, "supply": [{"l": "Grapefruit", "v": 46.0}]}, {"source": 90, "prod": 0.023583425880833338, "target": 103, "value": 5.0, "supply": [{"l": "Spices, Other", "v": 5.0}]}, {"source": 87, "prod": 0.0011473017996081081, "target": 103, "value": 1.0, "supply": [{"l": "Apples", "v": 1.0}]}, {"source": 11, "prod": 0.0032653974296538461, "target": 103, "value": 6.0, "supply": [{"l": "Marine Fish, Other", "v": 6.0}]}, {"source": 18, "prod": 0.17481940524866013, "target": 103, "value": 44.0, "supply": [{"l": "Pulses, Other", "v": 44.0}]}, {"source": 98, "prod": 0.00081322158209770124, "target": 103, "value": 1.0, "supply": [{"l": "Aquatic Products, Other", "v": 1.0}]}, {"source": 69, "prod": 0.0085181926315845789, "target": 103, "value": 2.0, "supply": [{"l": "Pepper", "v": 2.0}]}, {"source": 86, "prod": 0.0424501665855, "target": 103, "value": 4.0, "supply": [{"l": "Coconut Oil", "v": 4.0}]}, {"source": 68, "prod": 0.00424501665855, "target": 103, "value": 1.0, "supply": [{"l": "Sunflower seed", "v": 1.0}]}, {"source": 104, "prod": 0.091692359824680006, "target": 13, "value": 48.0, "supply": [{"l": "Dates", "v": 48.0}]}, {"source": 71, "prod": 0.093390366488100007, "target": 103, "value": 22.0, "supply": [{"l": "Peas", "v": 22.0}]}, {"source": 31, "prod": 0.049070834768559626, "target": 103, "value": 14.0, "supply": [{"l": "Nuts", "v": 14.0}]}, {"source": 73, "prod": 0.10987101939776471, "target": 103, "value": 11.0, "supply": [{"l": "Sunflowerseed Oil", "v": 11.0}]}, {"source": 104, "prod": 0.10188039980520001, "target": 12, "value": 20.0, "supply": [{"l": "Oilcrops, Other", "v": 20.0}]}, {"source": 104, "prod": 0.65664419713516109, "target": 93, "value": 65.0, "supply": [{"l": "Butter, Ghee", "v": 5.0}, {"l": "Fats, Animals, Raw", "v": 2.0}, {"l": "Palm Oil", "v": 9.0}, {"l": "Oilcrops Oil, Other", "v": 2.0}, {"l": "Cottonseed Oil", "v": 47.0}]}, {"source": 51, "prod": 0.083054673754239139, "target": 103, "value": 90.0, "supply": [{"l": "Coffee", "v": 90.0}]}, {"source": 8, "prod": 2.5595697921243339, "target": 103, "value": 762.0, "supply": [{"l": "Wheat", "v": 762.0}]}, {"source": 106, "prod": 13.896645965440356, "target": 3, "value": 13475.0, "supply": [{"l": "Plantains", "v": 13475.0}]}, {"source": 106, "prod": 2.3238545322539315, "target": 31, "value": 663.0, "supply": [{"l": "Nuts", "v": 663.0}]}, {"source": 106, "prod": 0.072404637368468916, "target": 34, "value": 17.0, "supply": [{"l": "Cloves", "v": 17.0}]}, {"source": 106, "prod": 2.2533697450648877, "target": 36, "value": 1412.0, "supply": [{"l": "Coconuts - Incl Copra", "v": 1412.0}]}, {"source": 106, "prod": 2.3027285819607135, "target": 37, "value": 663.0, "supply": [{"l": "Treenuts", "v": 663.0}]}, {"source": 106, "prod": 4.5488096874475925, "target": 9, "value": 3938.0, "supply": [{"l": "Roots, Other", "v": 3938.0}]}, {"source": 106, "prod": 3.5491668690308233, "target": 39, "value": 533.0, "supply": [{"l": "Sesame seed", "v": 533.0}]}, {"source": 106, "prod": 24.181980961959667, "target": 41, "value": 3861.0, "supply": [{"l": "Groundnuts", "v": 3861.0}]}, {"source": 106, "prod": 13.178999254768307, "target": 18, "value": 3317.0, "supply": [{"l": "Pulses, Other", "v": 3317.0}]}, {"source": 106, "prod": 40.635239796751819, "target": 22, "value": 11618.0, "supply": [{"l": "Sorghum", "v": 11618.0}]}, {"source": 106, "prod": 0.16023771672658516, "target": 77, "value": 229.0, "supply": [{"l": "Grapefruit", "v": 229.0}]}, {"source": 106, "prod": 1.0704824617213047, "target": 51, "value": 1160.0, "supply": [{"l": "Coffee", "v": 1160.0}]}, {"source": 106, "prod": 30.389013004394815, "target": 8, "value": 9047.0, "supply": [{"l": "Wheat", "v": 9047.0}]}, {"source": 106, "prod": 0.9617813862207315, "target": 52, "value": 253.0, "supply": [{"l": "Pimento", "v": 253.0}]}, {"source": 106, "prod": 4.02936981229566, "target": 12, "value": 791.0, "supply": [{"l": "Oilcrops, Other", "v": 791.0}]}, {"source": 106, "prod": 1.4403341522460154, "target": 13, "value": 754.0, "supply": [{"l": "Dates", "v": 754.0}]}, {"source": 106, "prod": 0.43625709660175388, "target": 14, "value": 167.0, "supply": [{"l": "Oats", "v": 167.0}]}, {"source": 106, "prod": 0.47444303830852946, "target": 10, "value": 95.0, "supply": [{"l": "Soyabeans", "v": 95.0}]}, {"source": 106, "prod": 4.214240287775513, "target": 55, "value": 1083.0, "supply": [{"l": "Beans", "v": 1083.0}]}, {"source": 106, "prod": 0.53238721117717314, "target": 20, "value": 1714.0, "supply": [{"l": "Sugar beet", "v": 1714.0}]}, {"source": 106, "prod": 3.2685629443385933, "target": 63, "value": 648.0, "supply": [{"l": "Palm kernels", "v": 648.0}]}, {"source": 106, "prod": 0.66235221756306872, "target": 64, "value": 1533.0, "supply": [{"l": "Onions", "v": 1533.0}]}, {"source": 106, "prod": 85.997968092366378, "target": 0, "value": 23161.0, "supply": [{"l": "Maize", "v": 23161.0}]}, {"source": 106, "prod": 4.1434206018879038, "target": 2, "value": 13173.0, "supply": [{"l": "Vegetables, Other", "v": 13173.0}]}, {"source": 106, "prod": 12.713092992933364, "target": 5, "value": 4053.0, "supply": [{"l": "Barley", "v": 4053.0}]}, {"source": 106, "prod": 0.679202665368, "target": 67, "value": 3124.0, "supply": [{"l": "Tomatoes", "v": 3124.0}]}, {"source": 106, "prod": 0.80655316512450004, "target": 68, "value": 190.0, "supply": [{"l": "Sunflower seed", "v": 190.0}]}, {"source": 106, "prod": 6.3528993001778948, "target": 7, "value": 1619.0, "supply": [{"l": "Cereals, Other", "v": 1619.0}]}, {"source": 106, "prod": 0.017036385263169158, "target": 69, "value": 4.0, "supply": [{"l": "Pepper", "v": 4.0}]}, {"source": 106, "prod": 1.21831978100385, "target": 71, "value": 287.0, "supply": [{"l": "Peas", "v": 287.0}]}, {"source": 106, "prod": 2.359704105453774, "target": 72, "value": 2696.0, "supply": [{"l": "Grapes", "v": 2696.0}]}, {"source": 106, "prod": 11.666953842986368, "target": 15, "value": 2313.0, "supply": [{"l": "Cottonseed", "v": 2313.0}]}, {"source": 106, "prod": 14.478509378413989, "target": 23, "value": 46613.0, "supply": [{"l": "Sugar cane", "v": 46613.0}]}, {"source": 106, "prod": 0.4184117685389368, "target": 74, "value": 1168.0, "supply": [{"l": "Pineapples", "v": 1168.0}]}, {"source": 106, "prod": 0.12900666642, "target": 75, "value": 111.0, "supply": [{"l": "Tea", "v": 111.0}]}, {"source": 106, "prod": 4.6149395387950713, "target": 79, "value": 1522.0, "supply": [{"l": "Olives", "v": 1522.0}]}, {"source": 106, "prod": 0.02122508329275, "target": 80, "value": 7.0, "supply": [{"l": "Rye", "v": 7.0}]}, {"source": 106, "prod": 2.4217557998962405, "target": 81, "value": 4621.0, "supply": [{"l": "Fruits, Other", "v": 4621.0}]}, {"source": 106, "prod": 16.356567090995071, "target": 4, "value": 14181.0, "supply": [{"l": "Yams", "v": 14181.0}]}, {"source": 106, "prod": 0.5218264380266342, "target": 82, "value": 1848.0, "supply": [{"l": "Citrus, Other", "v": 1848.0}]}, {"source": 106, "prod": 20.485438092539635, "target": 6, "value": 4780.0, "supply": [{"l": "Rice", "v": 4780.0}]}, {"source": 106, "prod": 8.1362819288875006, "target": 85, "value": 1150.0, "supply": [{"l": "Cocoa Beans", "v": 1150.0}]}, {"source": 106, "prod": 2.4419353253639109, "target": 16, "value": 2905.0, "supply": [{"l": "Potatoes", "v": 2905.0}]}, {"source": 106, "prod": 0.33845403088439191, "target": 87, "value": 295.0, "supply": [{"l": "Apples", "v": 295.0}]}, {"source": 106, "prod": 0.090903387031575758, "target": 88, "value": 212.0, "supply": [{"l": "Lemons, Limes", "v": 212.0}]}, {"source": 106, "prod": 1.7374246752493929, "target": 89, "value": 2483.0, "supply": [{"l": "Bananas", "v": 2483.0}]}, {"source": 106, "prod": 0.24526762916066669, "target": 90, "value": 52.0, "supply": [{"l": "Spices, Other", "v": 52.0}]}, {"source": 106, "prod": 25.527070404605244, "target": 26, "value": 7661.0, "supply": [{"l": "Millet", "v": 7661.0}]}, {"source": 106, "prod": 4.0368536194418443, "target": 27, "value": 3668.0, "supply": [{"l": "Sweet potatoes", "v": 3668.0}]}, {"source": 106, "prod": 0.10592565097393589, "target": 94, "value": 21.0, "supply": [{"l": "Rape and Mustardseed", "v": 21.0}]}, {"source": 106, "prod": 1.05618809537421, "target": 92, "value": 3023.0, "supply": [{"l": "Oranges, Mandarines", "v": 3023.0}]}, {"source": 106, "prod": 31.18405228620728, "target": 29, "value": 28724.0, "supply": [{"l": "Cassava", "v": 28724.0}]}, {"source": 1, "prod": 0.8877728480135203, "target": 91, "value": 603.0, "supply": [{"l": "Poultry Meat", "v": 603.0}]}, {"source": 1, "prod": 1.0442740980033001, "target": 40, "value": 246.0, "supply": [{"l": "Pigmeat", "v": 246.0}]}, {"source": 1, "prod": 2.0089899062710788, "target": 24, "value": 2106.0, "supply": [{"l": "Pelagic Fish", "v": 2106.0}]}, {"source": 1, "prod": 5.4644223740478992, "target": 60, "value": 2442.0, "supply": [{"l": "Bovine Meat", "v": 2442.0}]}, {"source": 1, "prod": 0.81041227117772729, "target": 38, "value": 546.0, "supply": [{"l": "Eggs", "v": 595.0}]}, {"source": 1, "prod": 0.0033294248302352942, "target": 61, "value": 4.0, "supply": [{"l": "Molluscs, Other", "v": 4.0}]}, {"source": 1, "prod": 0.039847857522787355, "target": 98, "value": 49.0, "supply": [{"l": "Aquatic Products, Other", "v": 49.0}]}, {"source": 1, "prod": 0.00081322158209770124, "target": 105, "value": 1.0, "supply": [{"l": "Aquatic Animals, Others", "v": 1.0}]}, {"source": 1, "prod": 0.0058264934529117648, "target": 56, "value": 7.0, "supply": [{"l": "Cephalopods", "v": 7.0}]}, {"source": 1, "prod": 9.5532981468214793, "target": 17, "value": 13822.0, "supply": [{"l": "Milk - Excluding Butter", "v": 13822.0}]}, {"source": 1, "prod": 0.78782515045442647, "target": 76, "value": 631.0, "supply": [{"l": "Offals, Edible", "v": 631.0}]}, {"source": 1, "prod": 0.33714045346165222, "target": 28, "value": 548.0, "supply": [{"l": "Demersal Fish", "v": 548.0}]}, {"source": 1, "prod": 0.039034635940689656, "target": 97, "value": 48.0, "supply": [{"l": "Aquatic Plants", "v": 48.0}]}, {"source": 1, "prod": 3.3760367778585882, "target": 19, "value": 4056.0, "supply": [{"l": "Fish, Seafood", "v": 4056.0}]}, {"source": 1, "prod": 0.031629535887235292, "target": 70, "value": 38.0, "supply": [{"l": "Crustaceans", "v": 38.0}]}, {"source": 1, "prod": 0.18830458511003847, "target": 11, "value": 346.0, "supply": [{"l": "Marine Fish, Other", "v": 346.0}]}, {"source": 1, "prod": 0.90315597665150282, "target": 21, "value": 656.0, "supply": [{"l": "Meat, Other", "v": 656.0}]}, {"source": 1, "prod": 0.82216701950077575, "target": 54, "value": 1011.0, "supply": [{"l": "Freshwater Fish", "v": 1011.0}]}, {"source": 1, "prod": 2.0700418312479778, "target": 57, "value": 930.0, "supply": [{"l": "Mutton & Goat Meat", "v": 930.0}]}, {"source": 93, "prod": 0.001939996300833113, "target": 96, "value": 3.0, "supply": [{"l": "Alcohol, Non-Food", "v": 3.0}]}, {"source": 93, "prod": 27.881178722778643, "target": 32, "value": 6717.0, "supply": [{"l": "Sugar", "v": 6717.0}]}, {"source": 93, "prod": 0.75349045689262506, "target": 47, "value": 71.0, "supply": [{"l": "Maize Germ Oil", "v": 71.0}]}, {"source": 93, "prod": 1.0458041040074417, "target": 48, "value": 1992.0, "supply": [{"l": "Beer", "v": 1992.0}]}, {"source": 93, "prod": 6.7151084031148205, "target": 49, "value": 661.0, "supply": [{"l": "Groundnut Oil", "v": 661.0}]}, {"source": 93, "prod": 1.0140873128758332, "target": 33, "value": 301.0, "supply": [{"l": "Beverages, Alcoholic", "v": 301.0}]}, {"source": 93, "prod": 0.25470099951300001, "target": 50, "value": 48.0, "supply": [{"l": "Sugar non-centrifugal", "v": 48.0}]}, {"source": 93, "prod": 1.6343314135417504, "target": 66, "value": 196.0, "supply": [{"l": "Butter, Ghee", "v": 196.0}]}, {"source": 93, "prod": 3.3418216248159571, "target": 35, "value": 370.0, "supply": [{"l": "Fats, Animals, Raw", "v": 370.0}]}, {"source": 93, "prod": 1.960793408949286, "target": 83, "value": 194.0, "supply": [{"l": "Soyabean Oil", "v": 194.0}]}, {"source": 93, "prod": 9.4239369819810008, "target": 53, "value": 925.0, "supply": [{"l": "Palm Oil", "v": 925.0}]}, {"source": 93, "prod": 1.288487409301059, "target": 73, "value": 129.0, "supply": [{"l": "Sunflowerseed Oil", "v": 129.0}]}, {"source": 93, "prod": 3.0245743692168752, "target": 84, "value": 285.0, "supply": [{"l": "Olive Oil", "v": 285.0}]}, {"source": 93, "prod": 0.82777824841725001, "target": 86, "value": 78.0, "supply": [{"l": "Coconut Oil", "v": 78.0}]}, {"source": 93, "prod": 0.74523625783433334, "target": 42, "value": 79.0, "supply": [{"l": "Rape and Mustard Oil", "v": 79.0}]}, {"source": 93, "prod": 2.4236391984908909, "target": 46, "value": 261.0, "supply": [{"l": "Oilcrops Oil, Other", "v": 261.0}]}, {"source": 93, "prod": 1.4482998011523529, "target": 43, "value": 1885.0, "supply": [{"l": "Wine", "v": 1885.0}]}, {"source": 93, "prod": 0.46368643501084617, "target": 44, "value": 142.0, "supply": [{"l": "Sweeteners, Other", "v": 142.0}]}, {"source": 93, "prod": 0.90893297865423539, "target": 58, "value": 91.0, "supply": [{"l": "Sesameseed Oil", "v": 91.0}]}, {"source": 93, "prod": 4.5146187231272377, "target": 59, "value": 10019.0, "supply": [{"l": "Beverages, Fermented", "v": 10019.0}]}, {"source": 93, "prod": 1.7192317467127503, "target": 25, "value": 81.0, "supply": [{"l": "Fish, Body Oil", "v": 81.0}]}, {"source": 93, "prod": 0.29899682551526091, "target": 45, "value": 81.0, "supply": [{"l": "Honey", "v": 81.0}]}, {"source": 93, "prod": 3.6755632043542685, "target": 62, "value": 355.0, "supply": [{"l": "Cottonseed Oil", "v": 355.0}]}, {"source": 93, "prod": 1.1279615692718574, "target": 78, "value": 93.0, "supply": [{"l": "Palmkernel Oil", "v": 93.0}]}, {"source": 106, "prod": 17.503052686533362, "target": 107, "value": 4123.2000000000007, "supply": [{"l": "Oil Palm", "v": 4123.2000000000007}]}, {"source": 107, "prod": 17.503052686533362, "target": 93, "value": 4123.2000000000007, "supply": [{"l": "Oil Palm", "v": 4123.2000000000007}]}]}