{"nodes": [{"layer": 13, "name": "Milk - Excluding Butter"}, {"layer": 10, "name": "Feed", "fill": "#dbdb8d"}, {"layer": 5, "name": "Oilcrops", "fill": "#ff9896"}, {"layer": 5, "name": "Vegetables"}, {"layer": 5, "name": "Sugar Crops", "fill": "#ffbb78"}, {"layer": 13, "name": "Animal Fats"}, {"layer": 5, "name": "Starchy Roots"}, {"layer": 5, "name": "Pulses"}, {"layer": 13, "name": "Fish, Seafood"}, {"layer": 5, "name": "Fruits - Excluding Wine"}, {"layer": 5, "name": "Cereals - Excluding Beer"}, {"layer": 13, "name": "Meat"}, {"layer": 16, "name": "Food", "fill": "#b5cf6b"}, {"layer": 5, "name": "Treenuts"}, {"layer": 13, "name": "Alcoholic Beverages"}, {"layer": 13, "name": "Sugar & Sweeteners"}, {"layer": 5, "name": "Others"}, {"layer": 13, "name": "Vegetable Oils", "fill": "#f7b6d2"}, {"layer": 5, "name": "Spices"}, {"layer": 5, "name": "Stimulants"}, {"layer": 13, "name": "Eggs"}, {"layer": 10, "name": "Processing", "fill": "#9edae5"}, {"layer": 16, "name": "Biofuels & Other", "fill": "#e7ba52"}, {"layer": 13, "name": "Aquatic Products, Other"}, {"name": "Waste", "fill": "#c7c7c7"}, {"layer": 2, "name": "Import", "fill": "#aec7e8"}, {"layer": 16, "name": "Export", "fill": "#aec7e8"}, {"layer": 16, "name": "Stock Deposit", "fill": "#c7c7c7"}, {"layer": 0, "name": "Stock Draw", "fill": "#c7c7c7"}, {"name": "Crop Residue", "fill": "#bd9e39"}, {"layer": 2, "name": "Electricity", "fill": "#bcbd22"}, {"layer": 0, "name": "Fossil Fuels", "fill": "#c49c94"}, {"layer": 0, "name": "Renewables & Nuclear", "fill": "#2ca02c"}, {"layer": 2, "name": "Fertilizers", "fill": "#c5b0d5"}, {"layer": 0, "name": "Labor", "fill": "#7f7f7f"}], "links": [{"source": 0, "prod": 1274.0, "target": 1, "value": 0.89630247193912671, "supply": [{"l": "Milk - Excluding Butter", "v": 0.89630247193912671}]}, {"source": 2, "prod": 24.0, "target": 1, "value": 0.096425887188432258, "supply": [{"l": "Soyabeans", "v": 0.044295826002260875}, {"l": "Cottonseed", "v": 0.02051823500547988}, {"l": "Oilcrops, Other", "v": 0.031611826180691492}]}, {"source": 3, "prod": 99.0, "target": 1, "value": 0.030872848425818184, "supply": [{"l": "Vegetables, Other", "v": 0.030872848425818184}]}, {"source": 4, "prod": 851.0, "target": 1, "value": 0.28842388634140126, "supply": [{"l": "Sugar beet", "v": 0.033892348571257488}, {"l": "Sugar cane", "v": 0.25453153777014376}]}, {"source": 5, "prod": 24.0, "target": 1, "value": 0.20376079961040003, "supply": [{"l": "Fish, Body Oil", "v": 0.20376079961040003}]}, {"source": 6, "prod": 6871.0, "target": 1, "value": 7.5200786416455214, "supply": [{"l": "Roots, Other", "v": 0.13085670820603981}, {"l": "Potatoes", "v": 0.10915757121985716}, {"l": "Yams", "v": 1.3951236826843418}, {"l": "Sweet potatoes", "v": 0.14285403885729128}, {"l": "Cassava", "v": 5.7420866406779911}]}, {"source": 7, "prod": 305.0, "target": 1, "value": 1.1997498818759071, "supply": [{"l": "Pulses, Other", "v": 1.1997498818759071}]}, {"source": 8, "prod": 1974.0, "target": 1, "value": 1.8042904829897368, "supply": [{"l": "Fish, Seafood", "v": 0.80391799676986964}, {"l": "Pelagic Fish", "v": 0.98709423506042171}, {"l": "Demersal Fish", "v": 0.013278251159445498}]}, {"source": 9, "prod": 1521.0, "target": 1, "value": 1.5709189504090293, "supply": [{"l": "Dates", "v": 0.034930422790354285}, {"l": "Plantains", "v": 1.5359885276186751}]}, {"source": 10, "prod": 10700.0, "target": 1, "value": 38.363317879908244, "supply": [{"l": "Maize", "v": 24.335541211765054}, {"l": "Oats", "v": 0.34490760350718752}, {"l": "Barley", "v": 2.9687003916747021}, {"l": "Rice", "v": 0.99955171419516153}, {"l": "Sorghum", "v": 4.6639366416013708}, {"l": "Cereals, Other", "v": 0.19295530266136363}, {"l": "Wheat", "v": 2.3773035159781166}, {"l": "Millet", "v": 2.4804214985252941}]}, {"source": 11, "prod": 1.0, "target": 1, "value": 0.0014554342829314287, "supply": [{"l": "Meat, Other", "v": 0.0014554342829314287}]}, {"source": 0, "prod": 17763.0, "target": 12, "value": 12.496876616212484, "supply": [{"l": "Milk - Excluding Butter", "v": 12.496876616212484}]}, {"source": 2, "prod": 2026.0, "target": 12, "value": 8.9280405013427657, "supply": [{"l": "Sunflower seed", "v": 0.035375138821250006}, {"l": "Coconuts - Incl Copra", "v": 0.96316855245130706}, {"l": "Sesame seed", "v": 0.96839442523171881}, {"l": "Olives", "v": 0.18925699269368754}, {"l": "Groundnuts", "v": 5.3969076653565402}, {"l": "Oilcrops, Other", "v": 0.96190271092675528}, {"l": "Soyabeans", "v": 0.38020583985273915}, {"l": "Palm kernels", "v": 0.032829176008767808}]}, {"source": 13, "prod": 427.0, "target": 12, "value": 1.542657117617745, "supply": [{"l": "Treenuts", "v": 1.542657117617745}]}, {"source": 7, "prod": 3677.0, "target": 12, "value": 14.417708902660944, "supply": [{"l": "Peas", "v": 0.76229660847153202}, {"l": "Pulses, Other", "v": 9.2321736811893587}, {"l": "Beans", "v": 4.4232386130000547}]}, {"source": 3, "prod": 20967.0, "target": 12, "value": 6.3439955486844397, "supply": [{"l": "Tomatoes", "v": 0.96106658937975853}, {"l": "Vegetables, Other", "v": 4.613463834460144}, {"l": "Onions", "v": 0.76946512484453677}]}, {"source": 14, "prod": 17717.0, "target": 12, "value": 9.6197393702390599, "supply": [{"l": "Beverages, Alcoholic", "v": 1.1618552443538221}, {"l": "Wine", "v": 0.7684346481905816}, {"l": "Beer", "v": 2.1156428125834954}, {"l": "Beverages, Fermented", "v": 5.5738066651111611}]}, {"source": 4, "prod": 2269.0, "target": 12, "value": 0.76901738908183248, "supply": [{"l": "Sugar cane", "v": 0.76901738908183248}]}, {"source": 5, "prod": 597.0, "target": 12, "value": 5.2229548370046812, "supply": [{"l": "Butter, Ghee", "v": 2.3098745817903104}, {"l": "Fats, Animals, Raw", "v": 2.7005797154246034}, {"l": "Fish, Body Oil", "v": 0.20376079961040003}, {"l": "Fish, Liver Oil", "v": 0.0087397401793676485}]}, {"source": 6, "prod": 42377.0, "target": 12, "value": 46.332905857483972, "supply": [{"l": "Roots, Other", "v": 4.2301152726394555}, {"l": "Yams", "v": 6.3439724404068594}, {"l": "Potatoes", "v": 3.4612404669477534}, {"l": "Sweet potatoes", "v": 4.0386719357561338}, {"l": "Cassava", "v": 28.25890574173377}]}, {"source": 8, "prod": 8030.0, "target": 12, "value": 6.7741799429943779, "supply": [{"l": "Crustaceans", "v": 0.028507730381910276}, {"l": "Marine Fish, Other", "v": 0.38546702991431031}, {"l": "Fish, Seafood", "v": 3.2686149149315979}, {"l": "Demersal Fish", "v": 0.57579325482322763}, {"l": "Freshwater Fish", "v": 0.96249255258143895}, {"l": "Cephalopods", "v": 0.0048870394940417608}, {"l": "Pelagic Fish", "v": 1.5394578484621086}, {"l": "Molluscs, Other", "v": 0.0089595724057432279}]}, {"source": 15, "prod": 7332.0, "target": 12, "value": 30.374098918121565, "supply": [{"l": "Sugar", "v": 29.023404342282255}, {"l": "Sweeteners, Other", "v": 0.7714856362060436}, {"l": "Honey", "v": 0.39054153258660002}, {"l": "Sugar non-centrifugal", "v": 0.18866740704666671}]}, {"source": 16, "prod": 462.0, "target": 12, "value": 1.7283765964293076, "supply": [{"l": "Nuts", "v": 1.542657117617745}, {"l": "Infant food", "v": 0.18571947881156251}]}, {"source": 10, "prod": 61865.0, "target": 12, "value": 220.71848870881462, "supply": [{"l": "Maize", "v": 63.441982437761588}, {"l": "Barley", "v": 8.4607961162729008}, {"l": "Cereals, Other", "v": 5.9584597461829096}, {"l": "Sorghum", "v": 27.673395794838065}, {"l": "Rye", "v": 0.027954987751426831}, {"l": "Rice", "v": 29.229444169996381}, {"l": "Wheat", "v": 68.044895026762148}, {"l": "Oats", "v": 0.19898515586953128}, {"l": "Millet", "v": 17.682575273379651}]}, {"source": 17, "prod": 3543.0, "target": 12, "value": 36.446673540900143, "supply": [{"l": "Sunflowerseed Oil", "v": 3.474121633357321}, {"l": "Rape and Mustard Oil", "v": 3.0882496190951252}, {"l": "Sesameseed Oil", "v": 0.78532808183175007}, {"l": "Palmkernel Oil", "v": 1.1755430746753848}, {"l": "Oilcrops Oil, Other", "v": 2.1155776898324694}, {"l": "Maize Germ Oil", "v": 0.79240310959600013}, {"l": "Groundnut Oil", "v": 4.2233199067396336}, {"l": "Soyabean Oil", "v": 3.8609437227764296}, {"l": "Palm Oil", "v": 9.2468098909491179}, {"l": "Coconut Oil", "v": 0.94548098304068195}, {"l": "Olive Oil", "v": 0.9718853928785528}, {"l": "Cottonseed Oil", "v": 5.7670104361276824}]}, {"source": 18, "prod": 328.0, "target": 12, "value": 1.2174943610980211, "supply": [{"l": "Pepper", "v": 0.061906492937187502}, {"l": "Pimento", "v": 0.95512874817375004}, {"l": "Cloves", "v": 0.016508398116583337}, {"l": "Spices, Other", "v": 0.18395072187050004}]}, {"source": 19, "prod": 430.0, "target": 12, "value": 0.41495207328066669, "supply": [{"l": "Tea", "v": 0.16968444412}, {"l": "Coffee", "v": 0.19102574963475}, {"l": "Cocoa Beans", "v": 0.054241879525916678}]}, {"source": 20, "prod": 840.0, "target": 12, "value": 1.3419730081867742, "supply": [{"l": "Eggs", "v": 1.3419730081867742}]}, {"source": 9, "prod": 22480.0, "target": 12, "value": 16.316014546493939, "supply": [{"l": "Plantains", "v": 7.4959919162228754}, {"l": "Grapes", "v": 0.38602165873433092}, {"l": "Pineapples", "v": 0.38383511971426898}, {"l": "Citrus, Other", "v": 0.57717516102512756}, {"l": "Grapefruit", "v": 0.091619064573021589}, {"l": "Fruits, Other", "v": 2.691000960188016}, {"l": "Dates", "v": 1.53499802373168}, {"l": "Apples", "v": 0.19166893397695453}, {"l": "Lemons, Limes", "v": 0.07815591418078037}, {"l": "Bananas", "v": 2.1156348390332704}, {"l": "Oranges, Mandarines", "v": 0.76991295511361602}]}, {"source": 11, "prod": 7332.0, "target": 12, "value": 14.608410824244135, "supply": [{"l": "Pigmeat", "v": 1.3411958037418783}, {"l": "Offals, Edible", "v": 0.96211904506657209}, {"l": "Meat, Other", "v": 1.1541593863646229}, {"l": "Mutton & Goat Meat", "v": 2.3055006808507414}, {"l": "Bovine Meat", "v": 7.1165413803976421}, {"l": "Poultry Meat", "v": 1.7288945278226791}]}, {"source": 2, "prod": 11569.461928934012, "target": 21, "value": 47.176557788339693, "supply": [{"l": "Olives", "v": 1.1762233658065626}, {"l": "Soyabeans", "v": 0.7862509115401306}, {"l": "Oilcrops, Other", "v": 2.2850834353471274}, {"l": "Sunflower seed", "v": 2.1578834680962502}, {"l": "Coconuts - Incl Copra", "v": 1.519523008458239}, {"l": "Sesame seed", "v": 1.1076840343403906}, {"l": "Cottonseed", "v": 7.6040578930308449}, {"l": "Rape and Mustardseed", "v": 0.51295587513699703}, {"l": "Groundnuts", "v": 7.5299711711879347}, {"l": "Palm kernels", "v": 1.7071171524559263}, {"l": "Oil Palm", "v": 20.789807472939291}]}, {"source": 14, "prod": 25.0, "target": 21, "value": 0.021658248257908165, "supply": [{"l": "Wine", "v": 0.021658248257908165}]}, {"source": 4, "prod": 60051.0, "target": 21, "value": 20.352694240525832, "supply": [{"l": "Sugar beet", "v": 0.75410475571047908}, {"l": "Sugar cane", "v": 19.598589484815353}]}, {"source": 0, "prod": 12.0, "target": 21, "value": 0.0084424094688143794, "supply": [{"l": "Milk - Excluding Butter", "v": 0.0084424094688143794}]}, {"source": 15, "prod": 118.0, "target": 21, "value": 0.5079662205073483, "supply": [{"l": "Sugar", "v": 0.35703229487001492}, {"l": "Sugar non-centrifugal", "v": 0.15093392563733335}]}, {"source": 10, "prod": 2114.0, "target": 21, "value": 7.1317709986584141, "supply": [{"l": "Maize", "v": 0.60615727651554152}, {"l": "Oats", "v": 0.00265313541159375}, {"l": "Barley", "v": 2.1770469538947816}, {"l": "Rice", "v": 0.042534115497666447}, {"l": "Sorghum", "v": 3.3877876890241252}, {"l": "Millet", "v": 0.91559182831470609}]}, {"source": 17, "prod": 3.0, "target": 21, "value": 0.02858888770043878, "supply": [{"l": "Oilcrops Oil, Other", "v": 0.02858888770043878}]}, {"source": 9, "prod": 3976.0, "target": 21, "value": 3.454100138185336, "supply": [{"l": "Grapes", "v": 0.83923063148887767}, {"l": "Plantains", "v": 2.5640686731838032}, {"l": "Citrus, Other", "v": 0.0081958242417549503}, {"l": "Bananas", "v": 0.01050116564708771}, {"l": "Oranges, Mandarines", "v": 0.0018741795401986754}, {"l": "Apples", "v": 0.03022966408361364}]}, {"source": 11, "prod": 2.0, "target": 21, "value": 0.004519873852269065, "supply": [{"l": "Bovine Meat", "v": 0.004519873852269065}]}, {"source": 0, "prod": 3.0, "target": 22, "value": 0.0021106023672035948, "supply": [{"l": "Milk - Excluding Butter", "v": 0.0021106023672035948}]}, {"source": 2, "prod": 187.0, "target": 22, "value": 0.93520342888398444, "supply": [{"l": "Coconuts - Incl Copra", "v": 0.0064318434220454555}, {"l": "Groundnuts", "v": 0.48186675583540539}, {"l": "Oilcrops, Other", "v": 0.040643776518031915}, {"l": "Cottonseed", "v": 0.29135893707781435}, {"l": "Palm kernels", "v": 0.11490211603068735}]}, {"source": 13, "prod": 8.0, "target": 22, "value": 0.028902241079489365, "supply": [{"l": "Treenuts", "v": 0.028902241079489365}]}, {"source": 7, "prod": 153.0, "target": 22, "value": 0.60357364552500714, "supply": [{"l": "Beans", "v": 0.35575645680965584}, {"l": "Pulses, Other", "v": 0.24781718871535133}]}, {"source": 3, "prod": 6.0, "target": 22, "value": 0.0016792308119851834, "supply": [{"l": "Tomatoes", "v": 0.00043184299680061047}, {"l": "Vegetables, Other", "v": 0.001247387815184573}]}, {"source": 14, "prod": 101.0, "target": 22, "value": 0.2482935233423155, "supply": [{"l": "Alcohol, Non-Food", "v": 0.0069908286518122701}, {"l": "Beer", "v": 0.00053183580004612758}, {"l": "Beverages, Alcoholic", "v": 0.22329950642235619}, {"l": "Wine", "v": 0.01212861902442857}, {"l": "Beverages, Fermented", "v": 0.0053427334436723329}]}, {"source": 4, "prod": 365.0, "target": 22, "value": 0.12370707228508984, "supply": [{"l": "Sugar cane", "v": 0.12370707228508984}]}, {"source": 5, "prod": 445.0, "target": 22, "value": 3.8891843798186034, "supply": [{"l": "Fats, Animals, Raw", "v": 3.8891843798186034}]}, {"source": 6, "prod": 2139.0, "target": 22, "value": 2.4622226664367166, "supply": [{"l": "Roots, Other", "v": 0.18595426955595135}, {"l": "Yams", "v": 2.0909659796353655}, {"l": "Potatoes", "v": 0.036958862696487065}, {"l": "Cassava", "v": 0.14834355454891282}]}, {"source": 8, "prod": 132.0, "target": 22, "value": 0.11397126373598573, "supply": [{"l": "Marine Fish, Other", "v": 0.02146904976737931}, {"l": "Freshwater Fish", "v": 0.034653197212653065}, {"l": "Pelagic Fish", "v": 0.0040915823214939763}, {"l": "Fish, Seafood", "v": 0.053757434434459378}]}, {"source": 23, "prod": 48.0, "target": 22, "value": 0.041583836655183684, "supply": [{"l": "Aquatic Products, Other", "v": 0.020791918327591842}, {"l": "Aquatic Plants", "v": 0.020791918327591842}]}, {"source": 15, "prod": 80.0, "target": 22, "value": 0.3321230649953627, "supply": [{"l": "Sugar", "v": 0.3321230649953627}]}, {"source": 16, "prod": 8.0, "target": 22, "value": 0.028902241079489365, "supply": [{"l": "Nuts", "v": 0.028902241079489365}]}, {"source": 10, "prod": 463.0, "target": 22, "value": 1.707553973595483, "supply": [{"l": "Maize", "v": 1.0895955952089182}, {"l": "Barley", "v": 0.0092771887239834448}, {"l": "Rice", "v": 0.24244445833669875}, {"l": "Millet", "v": 0.36623673132588247}]}, {"source": 17, "prod": 510.0, "target": 22, "value": 5.1951760946261016, "supply": [{"l": "Groundnut Oil", "v": 0.17640402558863333}, {"l": "Soyabean Oil", "v": 0.28300111057000005}, {"l": "Palm Oil", "v": 3.0719267758522233}, {"l": "Olive Oil", "v": 0.089368771758947377}, {"l": "Coconut Oil", "v": 0.10612541646375}, {"l": "Rape and Mustard Oil", "v": 0.29715116609850001}, {"l": "Oilcrops Oil, Other", "v": 0.79095922637880622}, {"l": "Sesameseed Oil", "v": 0.053062708231874998}, {"l": "Cottonseed Oil", "v": 0.072475894170365845}, {"l": "Palmkernel Oil", "v": 0.25470099951300007}]}, {"source": 19, "prod": 1.0, "target": 22, "value": 0.00073189942388793099, "supply": [{"l": "Coffee", "v": 0.00073189942388793099}]}, {"source": 20, "prod": 2.0, "target": 22, "value": 0.0031951738290161296, "supply": [{"l": "Eggs", "v": 0.0031951738290161296}]}, {"source": 9, "prod": 20.0, "target": 22, "value": 0.013974429493491711, "supply": [{"l": "Grapes", "v": 0.0030539688191007193}, {"l": "Dates", "v": 0.0038811580878171433}, {"l": "Bananas", "v": 0.00070007770980584725}, {"l": "Fruits, Other", "v": 0.0063392248767680012}]}, {"source": 11, "prod": 42.0, "target": 22, "value": 0.059314292128004806, "supply": [{"l": "Bovine Meat", "v": 0.013559621556807195}, {"l": "Offals, Edible", "v": 0.045754670571197614}]}, {"source": 2, "prod": 546.0, "target": 2, "value": 2.9552400479053889, "supply": [{"l": "Soyabeans", "v": 0.066443739003391317}, {"l": "Sunflower seed", "v": 0.02122508329275}, {"l": "Sesame seed", "v": 0.06632838528984375}, {"l": "Cottonseed", "v": 0.71403457819069982}, {"l": "Rape and Mustardseed", "v": 0.0041036470010959759}, {"l": "Groundnuts", "v": 1.8889176828747889}, {"l": "Oilcrops, Other", "v": 0.19418693225281913}]}, {"source": 20, "prod": 75.0, "target": 20, "value": 0.11981901858810484, "supply": [{"l": "Eggs", "v": 0.11981901858810484}]}, {"source": 4, "prod": 247.0, "target": 4, "value": 0.083714100971005984, "supply": [{"l": "Sugar cane", "v": 0.083714100971005984}]}, {"source": 6, "prod": 1774.0, "target": 6, "value": 1.8438959690844983, "supply": [{"l": "Potatoes", "v": 0.59220131157859501}, {"l": "Yams", "v": 1.0787275147132009}, {"l": "Roots, Other", "v": 0.068871951687389382}, {"l": "Sweet potatoes", "v": 0.10409519110531303}]}, {"source": 7, "prod": 420.0, "target": 7, "value": 1.6495666052958495, "supply": [{"l": "Beans", "v": 0.39923780153083599}, {"l": "Peas", "v": 0.050578921889106392}, {"l": "Pulses, Other", "v": 1.1997498818759071}]}, {"source": 10, "prod": 2313.0, "target": 10, "value": 8.1148941344691359, "supply": [{"l": "Maize", "v": 1.6771590902362528}, {"l": "Oats", "v": 0.092859739405781253}, {"l": "Rye", "v": 0.0062122195003170731}, {"l": "Barley", "v": 1.119447439360669}, {"l": "Rice", "v": 1.2717700533802268}, {"l": "Sorghum", "v": 0.83548978386963346}, {"l": "Cereals, Other", "v": 0.16208245423554549}, {"l": "Wheat", "v": 2.3139532119057686}, {"l": "Millet", "v": 0.63592014257494123}]}, {"source": 0, "prod": 563.0, "target": 24, "value": 0.39608971091187473, "supply": [{"l": "Milk - Excluding Butter", "v": 0.39608971091187473}]}, {"source": 2, "prod": 480.0, "target": 24, "value": 2.0545496265761143, "supply": [{"l": "Olives", "v": 0.030068867998062503}, {"l": "Sunflower seed", "v": 0.017687569410625003}, {"l": "Coconuts - Incl Copra", "v": 0.22833044148261369}, {"l": "Sesame seed", "v": 0.16582096322460937}, {"l": "Cottonseed", "v": 0.11490211603068735}, {"l": "Groundnuts", "v": 1.1115059834603351}, {"l": "Oilcrops, Other", "v": 0.24386265910819144}, {"l": "Soyabeans", "v": 0.047987144835782612}, {"l": "Rape and Mustardseed", "v": 0.049243764013151718}, {"l": "Palm kernels", "v": 0.045140117012055746}]}, {"source": 13, "prod": 18.0, "target": 24, "value": 0.065030042428851062, "supply": [{"l": "Treenuts", "v": 0.065030042428851062}]}, {"source": 3, "prod": 2287.0, "target": 24, "value": 0.68646859837554453, "supply": [{"l": "Tomatoes", "v": 0.10148310424814345}, {"l": "Vegetables, Other", "v": 0.52421472933131685}, {"l": "Onions", "v": 0.06077076479608421}]}, {"source": 14, "prod": 790.0, "target": 24, "value": 0.35257215599511588, "supply": [{"l": "Wine", "v": 0.0017326598606326529}, {"l": "Beverages, Fermented", "v": 0.35083949613448323}]}, {"source": 4, "prod": 1310.0, "target": 24, "value": 0.44398976628347309, "supply": [{"l": "Sugar beet", "v": 0.0054227757714011985}, {"l": "Sugar cane", "v": 0.43856699051207187}]}, {"source": 6, "prod": 7444.0, "target": 24, "value": 8.1896500265944621, "supply": [{"l": "Roots, Other", "v": 0.70938110238011065}, {"l": "Yams", "v": 1.3630255207162552}, {"l": "Potatoes", "v": 0.42201864148779417}, {"l": "Sweet potatoes", "v": 0.52269074682667815}, {"l": "Cassava", "v": 5.1725340151836248}]}, {"source": 7, "prod": 401.0, "target": 24, "value": 1.5761047706852709, "supply": [{"l": "Peas", "v": 0.043353361619234046}, {"l": "Beans", "v": 0.52968183569437643}, {"l": "Pulses, Other", "v": 1.0030695733716604}]}, {"source": 16, "prod": 18.0, "target": 24, "value": 0.065030042428851062, "supply": [{"l": "Nuts", "v": 0.065030042428851062}]}, {"source": 10, "prod": 6200.0, "target": 24, "value": 22.196688597223798, "supply": [{"l": "Maize", "v": 7.5639503094025251}, {"l": "Barley", "v": 0.86587094757178817}, {"l": "Rice", "v": 2.6030878684571865}, {"l": "Cereals, Other", "v": 0.37433328716304554}, {"l": "Wheat", "v": 4.1211039912327525}, {"l": "Oats", "v": 0.026531354115937499}, {"l": "Sorghum", "v": 3.8284468577317377}, {"l": "Millet", "v": 2.8133639815488238}]}, {"source": 17, "prod": 21.0, "target": 24, "value": 0.21720694374712693, "supply": [{"l": "Palm Oil", "v": 0.21720694374712693}]}, {"source": 18, "prod": 17.0, "target": 24, "value": 0.062496078584208331, "supply": [{"l": "Pimento", "v": 0.053062708231874998}, {"l": "Spices, Other", "v": 0.0094333703523333343}]}, {"source": 19, "prod": 40.0, "target": 24, "value": 0.061804840239425299, "supply": [{"l": "Cocoa Beans", "v": 0.047166851761666677}, {"l": "Coffee", "v": 0.014637988477758624}]}, {"source": 20, "prod": 67.0, "target": 24, "value": 0.10703832327204033, "supply": [{"l": "Eggs", "v": 0.10703832327204033}]}, {"source": 9, "prod": 3982.0, "target": 24, "value": 3.1608266956045599, "supply": [{"l": "Plantains", "v": 2.0643358787689445}, {"l": "Citrus, Other", "v": 0.097088994863866324}, {"l": "Grapefruit", "v": 0.014048256567863309}, {"l": "Grapes", "v": 0.021377781733705036}, {"l": "Dates", "v": 0.14360284924923428}, {"l": "Apples", "v": 0.02122508329275}, {"l": "Lemons, Limes", "v": 0.0095215326920747648}, {"l": "Pineapples", "v": 0.041736718407592431}, {"l": "Bananas", "v": 0.30523388147534936}, {"l": "Fruits, Other", "v": 0.34707256200304804}, {"l": "Oranges, Mandarines", "v": 0.095583156550132456}]}, {"source": 25, "prod": 88.0, "target": 16, "value": 0.37889031665143086, "supply": [{"l": "Nuts", "v": 0.18786456701668086}, {"l": "Infant food", "v": 0.19102574963475}]}, {"source": 25, "prod": 9223.0, "target": 1, "value": 7.7335913520994399, "supply": [{"l": "Freshwater Fish", "v": 0.0017326598606326531}, {"l": "Pigmeat", "v": 0.044171119284912158}, {"l": "Meat, Other", "v": 0.014554342829314287}, {"l": "Crustaceans", "v": 0.010588585570423817}, {"l": "Eggs", "v": 0.099050388699500017}, {"l": "Marine Fish, Other", "v": 0.20005250919603448}, {"l": "Demersal Fish", "v": 0.30600333353813036}, {"l": "Mutton & Goat Meat", "v": 0.032471840575362558}, {"l": "Poultry Meat", "v": 0.16947031485106226}, {"l": "Milk - Excluding Butter", "v": 3.3938486064633806}, {"l": "Pelagic Fish", "v": 1.252024190377157}, {"l": "Fish, Seafood", "v": 1.5874733289812319}, {"l": "Molluscs, Other", "v": 0.0008145065823402935}, {"l": "Offals, Edible", "v": 0.029232150642709585}, {"l": "Bovine Meat", "v": 0.59210347464724744}]}, {"source": 25, "prod": 22055.0, "target": 10, "value": 77.032043004550687, "supply": [{"l": "Maize", "v": 12.297927076299972}, {"l": "Barley", "v": 3.3181411669447454}, {"l": "Rice", "v": 11.071630264042575}, {"l": "Cereals, Other", "v": 0.52869752929213643}, {"l": "Wheat", "v": 49.159835960142154}, {"l": "Oats", "v": 0.031837624939125002}, {"l": "Sorghum", "v": 0.50411408900150867}, {"l": "Millet", "v": 0.11985929388847059}]}, {"source": 25, "prod": 319.0, "target": 7, "value": 1.2548900989289675, "supply": [{"l": "Peas", "v": 0.028902241079489365}, {"l": "Beans", "v": 0.5415403842546983}, {"l": "Pulses, Other", "v": 0.68444747359477986}]}, {"source": 25, "prod": 5944.0, "target": 21, "value": 37.309246922876078, "supply": [{"l": "Alcohol, Non-Food", "v": 0.0027963314607249083}, {"l": "Sugar", "v": 13.201891833565666}, {"l": "Beer", "v": 0.03031464060262927}, {"l": "Groundnut Oil", "v": 0.16602731820106664}, {"l": "Beverages, Alcoholic", "v": 0.14654030108967125}, {"l": "Fats, Animals, Raw", "v": 5.6371324156921325}, {"l": "Soyabean Oil", "v": 4.5179105865996432}, {"l": "Butter, Ghee", "v": 1.1944598597851035}, {"l": "Palm Oil", "v": 3.1753586538270464}, {"l": "Sunflowerseed Oil", "v": 1.9662917162403601}, {"l": "Olive Oil", "v": 0.044684385879473688}, {"l": "Coconut Oil", "v": 0.24119412832670456}, {"l": "Rape and Mustard Oil", "v": 2.982124202631375}, {"l": "Oilcrops Oil, Other", "v": 1.448503643488898}, {"l": "Wine", "v": 0.14814241808409181}, {"l": "Sweeteners, Other", "v": 0.26946627484708702}, {"l": "Beverages, Fermented", "v": 0.00044522778697269445}, {"l": "Fish, Liver Oil", "v": 0.0087397401793676485}, {"l": "Honey", "v": 0.0169800666342}, {"l": "Cottonseed Oil", "v": 1.894726947596707}, {"l": "Palmkernel Oil", "v": 0.21551623035715387}]}, {"source": 25, "prod": 50.0, "target": 13, "value": 0.18063900674680852, "supply": [{"l": "Treenuts", "v": 0.18063900674680852}]}, {"source": 25, "prod": 484.0, "target": 3, "value": 0.12609599449417566, "supply": [{"l": "Tomatoes", "v": 0.06715158600249492}, {"l": "Vegetables, Other", "v": 0.04241118571627548}, {"l": "Onions", "v": 0.016533222775405264}]}, {"source": 25, "prod": 275.0, "target": 19, "value": 0.28314254767062363, "supply": [{"l": "Cocoa Beans", "v": 0.040091823997416676}, {"l": "Coffee", "v": 0.096610723953206912}, {"l": "Tea", "v": 0.14643999972000002}]}, {"source": 25, "prod": 228.0, "target": 9, "value": 0.1373212071599203, "supply": [{"l": "Citrus, Other", "v": 0.00094567202789480208}, {"l": "Grapes", "v": 0.018934606678424462}, {"l": "Dates", "v": 0.0097028952195428557}, {"l": "Pineapples", "v": 0.0017836204447689076}, {"l": "Bananas", "v": 0.026602952972622194}, {"l": "Fruits, Other", "v": 0.04701591783602934}, {"l": "Grapefruit", "v": 0.00061079376382014395}, {"l": "Oranges, Mandarines", "v": 0.0059973745286357617}, {"l": "Apples", "v": 0.025727373688181822}]}, {"source": 25, "prod": 232.0, "target": 2, "value": 0.94536434708317896, "supply": [{"l": "Sunflower seed", "v": 0.08136281928887501}, {"l": "Coconuts - Incl Copra", "v": 0.070750277642500012}, {"l": "Sesame seed", "v": 0.12602393205070314}, {"l": "Cottonseed", "v": 0.016414588004383904}, {"l": "Groundnuts", "v": 0.20559648248977297}, {"l": "Oilcrops, Other", "v": 0.045159751686702124}, {"l": "Soyabeans", "v": 0.092282970838043474}, {"l": "Rape and Mustardseed", "v": 0.30777352508219824}]}, {"source": 25, "prod": 32.0, "target": 18, "value": 0.13796304140287502, "supply": [{"l": "Pimento", "v": 0.017687569410625003}, {"l": "Pepper", "v": 0.049525194349750008}, {"l": "Spices, Other", "v": 0.070750277642500012}]}, {"source": 25, "prod": 288.0, "target": 6, "value": 0.24805635982192889, "supply": [{"l": "Roots, Other", "v": 0.0013774390337477876}, {"l": "Potatoes", "v": 0.2466789207881811}]}, {"source": 0, "prod": 52.0, "target": 26, "value": 0.036583774364862306, "supply": [{"l": "Milk - Excluding Butter", "v": 0.036583774364862306}]}, {"source": 11, "prod": 116.0, "target": 26, "value": 0.24130993238190163, "supply": [{"l": "Pigmeat", "v": 0.0040155562986283781}, {"l": "Meat, Other", "v": 0.02328694852690286}, {"l": "Mutton & Goat Meat", "v": 0.0020294900359601599}, {"l": "Poultry Meat", "v": 0.01635239880141829}, {"l": "Offals, Edible", "v": 0.0012709630714221559}, {"l": "Bovine Meat", "v": 0.19435457564756978}]}, {"source": 15, "prod": 2092.0, "target": 26, "value": 8.6827170522341337, "supply": [{"l": "Sugar", "v": 8.6642604580665257}, {"l": "Sweeteners, Other", "v": 0.018456594167608701}]}, {"source": 13, "prod": 171.0, "target": 26, "value": 0.61778540307408514, "supply": [{"l": "Treenuts", "v": 0.61778540307408514}]}, {"source": 3, "prod": 306.0, "target": 26, "value": 0.091484709775786641, "supply": [{"l": "Tomatoes", "v": 0.022239914335231436}, {"l": "Vegetables, Other", "v": 0.049583665653586781}, {"l": "Onions", "v": 0.019661129786968424}]}, {"source": 14, "prod": 371.0, "target": 26, "value": 0.3448198634828234, "supply": [{"l": "Beer", "v": 0.0079775370006919134}, {"l": "Beverages, Alcoholic", "v": 0.038379602666342466}, {"l": "Wine", "v": 0.29801749602881633}, {"l": "Beverages, Fermented", "v": 0.00044522778697269445}]}, {"source": 5, "prod": 34.0, "target": 26, "value": 0.29199342780545445, "supply": [{"l": "Fats, Animals, Raw", "v": 0.096137141973044113}, {"l": "Butter, Ghee", "v": 0.017565586173310346}, {"l": "Fish, Body Oil", "v": 0.17829069965910002}]}, {"source": 6, "prod": 179.0, "target": 26, "value": 0.15834464969235276, "supply": [{"l": "Yams", "v": 0.0022927258548633392}, {"l": "Potatoes", "v": 0.13752134956832396}, {"l": "Sweet potatoes", "v": 0.0055369782502826086}, {"l": "Cassava", "v": 0.012993596018882874}]}, {"source": 7, "prod": 140.0, "target": 26, "value": 0.55167334222824016, "supply": [{"l": "Peas", "v": 0.0036127801349361706}, {"l": "Beans", "v": 0.26484091784718822}, {"l": "Pulses, Other", "v": 0.28321964424611579}]}, {"source": 8, "prod": 1103.0, "target": 26, "value": 0.96502715737869305, "supply": [{"l": "Freshwater Fish", "v": 0.013861278885061225}, {"l": "Crustaceans", "v": 0.023620690887868511}, {"l": "Marine Fish, Other", "v": 0.014637988477758622}, {"l": "Demersal Fish", "v": 0.04285253783275593}, {"l": "Pelagic Fish", "v": 0.38460873822043373}, {"l": "Fish, Seafood", "v": 0.44797862028716146}, {"l": "Cephalopods", "v": 0.036652796205313212}, {"l": "Molluscs, Other", "v": 0.0008145065823402935}]}, {"source": 16, "prod": 175.0, "target": 26, "value": 0.63731699567858369, "supply": [{"l": "Nuts", "v": 0.62139818320902118}, {"l": "Infant food", "v": 0.015918812469562501}]}, {"source": 10, "prod": 5335.0, "target": 26, "value": 19.735290375709784, "supply": [{"l": "Maize", "v": 17.314529321818167}, {"l": "Barley", "v": 0.05257073610257286}, {"l": "Rice", "v": 0.46787527047433086}, {"l": "Cereals, Other", "v": 0.081041227117772743}, {"l": "Wheat", "v": 0.31675152036174065}, {"l": "Oats", "v": 0.076940926936218762}, {"l": "Sorghum", "v": 1.269098405877924}, {"l": "Millet", "v": 0.15648296702105885}]}, {"source": 17, "prod": 435.0, "target": 26, "value": 4.5091537090955986, "supply": [{"l": "Maize Germ Oil", "v": 0.45280177691200002}, {"l": "Groundnut Oil", "v": 0.94428037226856676}, {"l": "Palm Oil", "v": 0.85848458719102549}, {"l": "Sunflowerseed Oil", "v": 0.18338471964936004}, {"l": "Olive Oil", "v": 0.77080565642092114}, {"l": "Coconut Oil", "v": 0.17365977239522729}, {"l": "Rape and Mustard Oil", "v": 0.010612541646375}, {"l": "Oilcrops Oil, Other", "v": 0.42883331550658171}, {"l": "Cottonseed Oil", "v": 0.01035369916719512}, {"l": "Palmkernel Oil", "v": 0.6759372679383463}]}, {"source": 18, "prod": 50.0, "target": 26, "value": 0.22050503198579169, "supply": [{"l": "Cloves", "v": 0.061906492937187502}, {"l": "Pimento", "v": 0.014150055528500001}, {"l": "Pepper", "v": 0.012381298587437502}, {"l": "Spices, Other", "v": 0.1320671849326667}]}, {"source": 19, "prod": 2159.0, "target": 26, "value": 3.4565260297894311, "supply": [{"l": "Cocoa Beans", "v": 2.6177602727725002}, {"l": "Coffee", "v": 0.64699909071693118}, {"l": "Tea", "v": 0.1917666663}]}, {"source": 20, "prod": 1.0, "target": 26, "value": 0.0015975869145080648, "supply": [{"l": "Eggs", "v": 0.0015975869145080648}]}, {"source": 9, "prod": 2523.0, "target": 26, "value": 1.19692658331535, "supply": [{"l": "Apples", "v": 0.1382846335739773}, {"l": "Grapes", "v": 0.059857788854374101}, {"l": "Dates", "v": 0.065979687492891431}, {"l": "Lemons, Limes", "v": 0.015075760095785047}, {"l": "Pineapples", "v": 0.13163118882394539}, {"l": "Bananas", "v": 0.11901321066699402}, {"l": "Citrus, Other", "v": 0.0022065680650878712}, {"l": "Fruits, Other", "v": 0.15742408443973868}, {"l": "Grapefruit", "v": 0.058025407562913668}, {"l": "Oranges, Mandarines", "v": 0.4494282537396424}]}, {"source": 2, "prod": 775.0, "target": 26, "value": 3.4462021649513805, "supply": [{"l": "Olives", "v": 0.056600222114000003}, {"l": "Sunflower seed", "v": 0.22993840233812501}, {"l": "Coconuts - Incl Copra", "v": 0.2235065589160796}, {"l": "Sesame seed", "v": 0.60358830613757819}, {"l": "Cottonseed", "v": 0.20107870305370285}, {"l": "Groundnuts", "v": 1.2592784552498595}, {"l": "Oilcrops, Other", "v": 0.43353361619234043}, {"l": "Soyabeans", "v": 0.0036913188335217393}, {"l": "Palm kernels", "v": 0.43498658211617347}]}, {"source": 3, "prod": 126.0, "target": 27, "value": 0.028740916084771861, "supply": [{"l": "Tomatoes", "v": 0.023751364824033571}, {"l": "Vegetables, Other", "v": 0.0049895512607382921}]}, {"source": 16, "prod": 28.0, "target": 27, "value": 0.10115784377821278, "supply": [{"l": "Nuts", "v": 0.10115784377821278}]}, {"source": 8, "prod": 10.0, "target": 27, "value": 0.0091870108135689368, "supply": [{"l": "Pelagic Fish", "v": 0.0051144779018674705}, {"l": "Fish, Seafood", "v": 0.0040725329117014672}]}, {"source": 28, "prod": 50.0, "target": 6, "value": 0.068871951687389382, "supply": [{"l": "Roots, Other", "v": 0.068871951687389382}]}, {"source": 6, "prod": 201.0, "target": 27, "value": 0.22103697880693507, "supply": [{"l": "Sweet potatoes", "v": 0.15282059970779999}, {"l": "Cassava", "v": 0.068216379099135097}]}, {"source": 14, "prod": 1.0, "target": 27, "value": 0.0034890547878493154, "supply": [{"l": "Beverages, Alcoholic", "v": 0.0034890547878493154}]}, {"source": 0, "prod": 419.0, "target": 27, "value": 0.29478079728610207, "supply": [{"l": "Milk - Excluding Butter", "v": 0.29478079728610207}]}, {"source": 10, "prod": 6961.0, "target": 27, "value": 25.187258551043904, "supply": [{"l": "Maize", "v": 16.265840045883305}, {"l": "Cereals, Other", "v": 0.023154636319363639}, {"l": "Wheat", "v": 1.4170462753025239}, {"l": "Sorghum", "v": 5.453597871925413}, {"l": "Millet", "v": 2.0276197216132941}]}, {"source": 13, "prod": 28.0, "target": 27, "value": 0.10115784377821278, "supply": [{"l": "Treenuts", "v": 0.10115784377821278}]}, {"source": 9, "prod": 190.0, "target": 27, "value": 0.16056459220145003, "supply": [{"l": "Plantains", "v": 0.13285329912869445}, {"l": "Fruits, Other", "v": 0.0042261499178453338}, {"l": "Pineapples", "v": 0.0049941372453529411}, {"l": "Grapefruit", "v": 0.01099428774876259}, {"l": "Oranges, Mandarines", "v": 0.0074967181607947016}]}, {"source": 2, "prod": 422.0, "target": 27, "value": 2.6376199280658819, "supply": [{"l": "Sunflower seed", "v": 0.0035375138821250002}, {"l": "Sesame seed", "v": 0.11939109352171876}, {"l": "Soyabeans", "v": 0.051678463669304356}, {"l": "Groundnuts", "v": 2.3772093287879996}, {"l": "Oilcrops, Other", "v": 0.085803528204734039}]}, {"source": 17, "prod": 174.0, "target": 27, "value": 1.7683063815356126, "supply": [{"l": "Groundnut Oil", "v": 0.1245204886508}, {"l": "Soyabean Oil", "v": 0.7479315065064287}, {"l": "Palm Oil", "v": 0.17583419255719801}, {"l": "Sunflowerseed Oil", "v": 0.58071827888964012}, {"l": "Coconut Oil", "v": 0.038591060532272729}, {"l": "Rape and Mustard Oil", "v": 0.053062708231874998}, {"l": "Oilcrops Oil, Other", "v": 0.047648146167397966}]}, {"source": 5, "prod": 48.0, "target": 27, "value": 0.42006721640438494, "supply": [{"l": "Butter, Ghee", "v": 0.11417631012651727}, {"l": "Fats, Animals, Raw", "v": 0.30589090627786769}]}, {"source": 28, "prod": 35.0, "target": 9, "value": 0.066622871835095979, "supply": [{"l": "Dates", "v": 0.065979687492891431}, {"l": "Apples", "v": 0.0006431843422045455}]}, {"source": 28, "prod": 309.0, "target": 2, "value": 1.2656920332786232, "supply": [{"l": "Olives", "v": 0.0017687569410625001}, {"l": "Cottonseed", "v": 1.2516123353342727}, {"l": "Palm kernels", "v": 0.01231094100328793}]}, {"source": 11, "prod": 23.0, "target": 27, "value": 0.051978549301094239, "supply": [{"l": "Bovine Meat", "v": 0.051978549301094239}]}, {"source": 7, "prod": 73.0, "target": 27, "value": 0.28765988843201284, "supply": [{"l": "Pulses, Other", "v": 0.11407457893246331}, {"l": "Peas", "v": 0.0036127801349361706}, {"l": "Beans", "v": 0.16997252936461338}]}, {"source": 28, "prod": 86.0, "target": 19, "value": 0.2028174625751667, "supply": [{"l": "Cocoa Beans", "v": 0.2028174625751667}]}, {"source": 28, "prod": 3.0, "target": 18, "value": 0.012381298587437504, "supply": [{"l": "Cloves", "v": 0.0082541990582916686}, {"l": "Pepper", "v": 0.0041270995291458343}]}, {"source": 19, "prod": 122.0, "target": 27, "value": 0.092303989287112087, "supply": [{"l": "Coffee", "v": 0.084168433747112081}, {"l": "Tea", "v": 0.0081355555400000005}]}, {"source": 15, "prod": 478.0, "target": 27, "value": 1.9844353133472921, "supply": [{"l": "Sugar", "v": 1.9844353133472921}]}, {"source": 28, "prod": 103.0, "target": 21, "value": 0.87625543551690743, "supply": [{"l": "Olive Oil", "v": 0.40215947291526327}, {"l": "Wine", "v": 0.014727608815377552}, {"l": "Sweeteners, Other", "v": 0.029530550668173915}, {"l": "Cottonseed Oil", "v": 0.34167207251743897}, {"l": "Palmkernel Oil", "v": 0.088165730600653858}]}, {"source": 28, "prod": 854.0, "target": 10, "value": 2.712262270494108, "supply": [{"l": "Barley", "v": 2.3996994832703846}, {"l": "Rice", "v": 0.28072516228459859}, {"l": "Oats", "v": 0.031837624939125002}]}, {"source": 1, "prod": 20086.0, "target": 0, "value": 14.131186382550467, "supply": [{"l": "Milk - Excluding Butter", "v": 14.131186382550467}]}, {"source": 1, "prod": 910.0, "target": 20, "value": 1.4538040922023387, "supply": [{"l": "Eggs", "v": 1.5736231107904437}]}, {"source": 1, "prod": 7516.0, "target": 11, "value": 14.966988906190334, "supply": [{"l": "Pigmeat", "v": 1.3452113600405067}, {"l": "Bovine Meat", "v": 7.3809540007553824}, {"l": "Poultry Meat", "v": 1.7452469266240973}, {"l": "Offals, Edible", "v": 1.0091446787091918}, {"l": "Meat, Other", "v": 1.1789017691744572}, {"l": "Mutton & Goat Meat", "v": 2.3075301708867015}]}, {"source": 1, "prod": 11249.0, "target": 8, "value": 9.666655857912362, "supply": [{"l": "Pelagic Fish", "v": 2.9203668819663253}, {"l": "Crustaceans", "v": 0.052128421269778791}, {"l": "Freshwater Fish", "v": 1.0110070286791533}, {"l": "Molluscs, Other", "v": 0.0097740789880835215}, {"l": "Demersal Fish", "v": 0.63192404381542899}, {"l": "Fish, Seafood", "v": 4.5783414993347895}, {"l": "Marine Fish, Other", "v": 0.4215740681594482}, {"l": "Cephalopods", "v": 0.041539835699354974}]}, {"source": 1, "prod": 48.0, "target": 23, "value": 0.041583836655183684, "supply": [{"l": "Aquatic Plants", "v": 0.020791918327591842}, {"l": "Aquatic Products, Other", "v": 0.020791918327591842}]}, {"source": 21, "prod": 10100.0, "target": 15, "value": 41.881340569205697, "supply": [{"l": "Honey", "v": 0.39054153258660002}, {"l": "Sweeteners, Other", "v": 0.7899422303736523}, {"l": "Sugar non-centrifugal", "v": 0.33960133268400006}, {"l": "Sugar", "v": 40.361255473561449}]}, {"source": 21, "prod": 4686.0, "target": 17, "value": 48.165105557605017, "supply": [{"l": "Olive Oil", "v": 1.8320598210584214}, {"l": "Sesameseed Oil", "v": 0.83839079006362505}, {"l": "Soyabean Oil", "v": 4.8918763398528586}, {"l": "Coconut Oil", "v": 1.2638572324319322}, {"l": "Cottonseed Oil", "v": 5.849840029465244}, {"l": "Rape and Mustard Oil", "v": 3.4490760350718754}, {"l": "Maize Germ Oil", "v": 1.2452048865080001}, {"l": "Groundnut Oil", "v": 5.4685247932476342}, {"l": "Palm Oil", "v": 13.570262390296692}, {"l": "Palmkernel Oil", "v": 2.1061813421267312}, {"l": "Oilcrops Oil, Other", "v": 3.4116072655856944}, {"l": "Sunflowerseed Oil", "v": 4.2382246318963208}]}, {"source": 21, "prod": 19005.0, "target": 14, "value": 10.590572216105073, "supply": [{"l": "Beer", "v": 2.1241521853842333}, {"l": "Beverages, Alcoholic", "v": 1.4270234082303701}, {"l": "Alcohol, Non-Food", "v": 0.0069908286518122701}, {"l": "Beverages, Fermented", "v": 5.9304341224762895}, {"l": "Wine", "v": 1.1019716713623673}]}, {"source": 21, "prod": 1148.0, "target": 5, "value": 10.027960660643524, "supply": [{"l": "Fats, Animals, Raw", "v": 6.9917921434941182}, {"l": "Fish, Body Oil", "v": 0.58581229887990005}, {"l": "Butter, Ghee", "v": 2.4416164780901379}, {"l": "Fish, Liver Oil", "v": 0.0087397401793676485}]}, {"source": 2, "prod": 10862.0, "target": 29, "value": 39.372590293538551, "supply": [{"l": "Coconuts - Incl Copra", "v": 6.3004066546200006}, {"l": "Sesame seed", "v": 1.5620266636800004}, {"l": "Groundnuts", "v": 10.824356645970001}, {"l": "Oilcrops, Other", "v": 3.2826966603900005}, {"l": "Soyabeans", "v": 1.2621733309200003}, {"l": "Palm kernels", "v": 1.9769399962200003}, {"l": "Sunflower seed", "v": 2.0603739274799282}, {"l": "Cottonseed", "v": 7.0622433198300012}, {"l": "Olives", "v": 2.8590666612000004}, {"l": "Rape and Mustardseed", "v": 0.35215333265999998}]}, {"source": 3, "prod": 23549.5, "target": 29, "value": 79.610481608467154, "supply": [{"l": "Vegetables, Other", "v": 58.176776555429996}, {"l": "Onions", "v": 6.5671366541100005}, {"l": "Tomatoes", "v": 17.36534330013}]}, {"source": 4, "prod": 26166.400000000001, "target": 29, "value": 91.233514492223975, "supply": [{"l": "Sugar beet", "v": 3.264914660424}, {"l": "Sugar cane", "v": 87.968599831799992}]}, {"source": 6, "prod": 30407.75, "target": 29, "value": 104.7973777913614, "supply": [{"l": "Roots, Other", "v": 6.6952716538650012}, {"l": "Yams", "v": 18.665869964310001}, {"l": "Potatoes", "v": 9.4026683153549993}, {"l": "Sweet potatoes", "v": 7.8179783183850002}, {"l": "Cassava", "v": 63.439899878699997}]}, {"source": 7, "prod": 5009.5, "target": 29, "value": 17.424966888072674, "supply": [{"l": "Pulses, Other", "v": 11.467646644739999}, {"l": "Beans", "v": 5.1794433234299992}, {"l": "Peas", "v": 0.81936666510000011}]}, {"source": 10, "prod": 168954.0, "target": 29, "value": 616.50196696221008, "supply": [{"l": "Sorghum", "v": 92.696519822760024}, {"l": "Rice", "v": 47.844039908520003}, {"l": "Wheat", "v": 112.82504645094001}, {"l": "Oats", "v": 1.8653666630999999}, {"l": "Maize", "v": 236.54243954772005}, {"l": "Barley", "v": 28.8521666115}, {"l": "Cereals, Other", "v": 11.798879977440002}, {"l": "Rye", "v": 0.069468424507769536}, {"l": "Millet", "v": 56.585113225140006}]}, {"source": 30, "prod": 0, "target": 2, "value": 0.0062109705041948531, "supply": "[{\"l\":'Energy for power irrigation',\"v\":0.0062109705041948531}]"}, {"source": 30, "prod": 0, "target": 13, "value": 0.00024730438189813844, "supply": "[{\"l\":'Energy for power irrigation',\"v\":0.00024730438189813844}]"}, {"source": 30, "prod": 0, "target": 3, "value": 0.0092811068390601, "supply": "[{\"l\":'Energy for power irrigation',\"v\":0.0092811068390601}]"}, {"source": 30, "prod": 0, "target": 4, "value": 0.02578113696613327, "supply": "[{\"l\":'Energy for power irrigation',\"v\":0.02578113696613327}]"}, {"source": 30, "prod": 0, "target": 6, "value": 0.02396803129454381, "supply": "[{\"l\":'Energy for power irrigation',\"v\":0.02396803129454381}]"}, {"source": 30, "prod": 0, "target": 7, "value": 0.0019742968942131072, "supply": "[{\"l\":'Energy for power irrigation',\"v\":0.0019742968942131072}]"}, {"source": 30, "prod": 0, "target": 16, "value": 0.00025459542742023499, "supply": "[{\"l\":'Energy for power irrigation',\"v\":0.00025459542742023499}]"}, {"source": 30, "prod": 0, "target": 10, "value": 0.03329327851730525, "supply": "[{\"l\":'Energy for power irrigation',\"v\":0.03329327851730525}]"}, {"source": 30, "prod": 0, "target": 18, "value": 0.00014897379499202604, "supply": "[{\"l\":'Energy for power irrigation',\"v\":0.00014897379499202604}]"}, {"source": 30, "prod": 0, "target": 19, "value": 0.0010134553275714152, "supply": "[{\"l\":'Energy for power irrigation',\"v\":0.0010134553275714152}]"}, {"source": 30, "prod": 0, "target": 9, "value": 0.013620461256413811, "supply": "[{\"l\":'Energy for power irrigation',\"v\":0.013620461256413811}]"}, {"source": 30, "prod": 0, "target": 21, "value": 4.3620000034895998, "supply": "[{\"l\":'Electricity',\"v\":4.3620000034895998}]"}, {"source": 31, "prod": 0, "target": 30, "value": 7.5716453422242953, "supply": [{"l": "Coal", "v": 4.5264182998471361}, {"l": "Natural gas", "v": 1.0300550238625414}, {"l": "Oil", "v": 2.0151720185146176}]}, {"source": 32, "prod": 0, "target": 30, "value": 1.4832003499792643, "supply": [{"l": "Nuclear", "v": 0.48172933922308053}, {"l": "Hydroelectric", "v": 0.98120575299857327}, {"l": "Renewable", "v": 0.020265257757610379}]}, {"source": 31, "prod": 0, "target": 2, "value": 0.37742875956038247, "supply": [{"l": "Motor Gasoline", "v": 0.019801466210414984}, {"l": "Gas-Diesel oil", "v": 0.15248171948637093}, {"l": "Natural gas (including LNG)", "v": 0.0088503167260996999}, {"l": "Fuel oil", "v": 0.018058222006789287}, {"l": "Liquefied petroleum gas (LPG)", "v": 0.0014094948860084707}, {"l": "Coal", "v": 0.17682754024469907}]}, {"source": 31, "prod": 0, "target": 13, "value": 0.015028212745595935, "supply": [{"l": "Motor Gasoline", "v": 0.00078844189624409811}, {"l": "Gas-Diesel oil", "v": 0.0060714178827404814}, {"l": "Natural gas (including LNG)", "v": 0.00035239615227162846}, {"l": "Fuel oil", "v": 0.00071903053291786821}, {"l": "Liquefied petroleum gas (LPG)", "v": 5.6122350176592688e-05}, {"l": "Coal", "v": 0.0070408039312452649}]}, {"source": 31, "prod": 0, "target": 3, "value": 0.56399505346997847, "supply": [{"l": "Motor Gasoline", "v": 0.02958950188940301}, {"l": "Gas-Diesel oil", "v": 0.22785474968860076}, {"l": "Natural gas (including LNG)", "v": 0.013225104681945363}, {"l": "Fuel oil", "v": 0.02698455702780771}, {"l": "Liquefied petroleum gas (LPG)", "v": 0.0021062203752727801}, {"l": "Coal", "v": 0.2642349198069488}]}, {"source": 31, "prod": 0, "target": 4, "value": 1.566670223053233, "supply": [{"l": "Motor Gasoline", "v": 0.082193968262476366}, {"l": "Gas-Diesel oil", "v": 0.63293684815514162}, {"l": "Natural gas (including LNG)", "v": 0.036736807485260314}, {"l": "Fuel oil", "v": 0.074957930424470548}, {"l": "Liquefied petroleum gas (LPG)", "v": 0.0058506767476525692}, {"l": "Coal", "v": 0.73399399197823145}]}, {"source": 31, "prod": 0, "target": 6, "value": 1.4564912704857205, "supply": [{"l": "Motor Gasoline", "v": 0.076413526917980798}, {"l": "Gas-Diesel oil", "v": 0.58842440517578298}, {"l": "Natural gas (including LNG)", "v": 0.034153224220677646}, {"l": "Fuel oil", "v": 0.069686376692695798}, {"l": "Liquefied petroleum gas (LPG)", "v": 0.0054392171907005141}, {"l": "Coal", "v": 0.6823745202878827}]}, {"source": 31, "prod": 0, "target": 7, "value": 0.11997423386304834, "supply": [{"l": "Motor Gasoline", "v": 0.0062943421183024846}, {"l": "Gas-Diesel oil", "v": 0.048469749615280389}, {"l": "Natural gas (including LNG)", "v": 0.0028132725494895983}, {"l": "Fuel oil", "v": 0.0057402126767363516}, {"l": "Liquefied petroleum gas (LPG)", "v": 0.00044803970232612121}, {"l": "Coal", "v": 0.056208617200913392}]}, {"source": 31, "prod": 0, "target": 16, "value": 0.01547127559148203, "supply": [{"l": "Motor Gasoline", "v": 0.00081168679677081647}, {"l": "Gas-Diesel oil", "v": 0.0062504158601599221}, {"l": "Natural gas (including LNG)", "v": 0.00036278552090433786}, {"l": "Fuel oil", "v": 0.00074022904265329541}, {"l": "Liquefied petroleum gas (LPG)", "v": 5.7776953329209361e-05}, {"l": "Coal", "v": 0.0072483814176644472}]}, {"source": 31, "prod": 0, "target": 10, "value": 2.023168650374036, "supply": [{"l": "Motor Gasoline", "v": 0.10614375469165366}, {"l": "Gas-Diesel oil", "v": 0.81736281829524726}, {"l": "Natural gas (including LNG)", "v": 0.04744122670191292}, {"l": "Fuel oil", "v": 0.09679927064430717}, {"l": "Liquefied petroleum gas (LPG)", "v": 0.007555454622897243}, {"l": "Coal", "v": 0.94786612541801785}]}, {"source": 31, "prod": 0, "target": 18, "value": 0.0090528516618888655, "supply": [{"l": "Motor Gasoline", "v": 0.00047494985941078739}, {"l": "Gas-Diesel oil", "v": 0.0036573640791647843}, {"l": "Natural gas (including LNG)", "v": 0.00021228007260346704}, {"l": "Fuel oil", "v": 0.00043313711783737717}, {"l": "Liquefied petroleum gas (LPG)", "v": 3.3807567118329935e-05}, {"l": "Coal", "v": 0.0042413129657541196}]}, {"source": 31, "prod": 0, "target": 19, "value": 0.061585735578167246, "supply": [{"l": "Motor Gasoline", "v": 0.0032310411732138617}, {"l": "Gas-Diesel oil", "v": 0.024880718861302231}, {"l": "Natural gas (including LNG)", "v": 0.0014441222399466018}, {"l": "Fuel oil", "v": 0.0029465928532243797}, {"l": "Liquefied petroleum gas (LPG)", "v": 0.00022998983821371808}, {"l": "Coal", "v": 0.028853270612266453}]}, {"source": 31, "prod": 0, "target": 9, "value": 0.82768929480126774, "supply": [{"l": "Motor Gasoline", "v": 0.043423987146129134}, {"l": "Gas-Diesel oil", "v": 0.33438757295220883}, {"l": "Natural gas (including LNG)", "v": 0.019408463780888414}, {"l": "Fuel oil", "v": 0.039601107916560199}, {"l": "Liquefied petroleum gas (LPG)", "v": 0.0030909775651044515}, {"l": "Coal", "v": 0.38777718544037665}]}, {"source": 31, "prod": 0, "target": 1, "value": 1.2901698343654688, "supply": [{"l": "Gas-diesel oils used in fisheries", "v": 0.85294083401568577}, {"l": "Fuel oil used in fisheries", "v": 0.43722900034978318}]}, {"source": 33, "prod": 246.46926989041157, "target": 2, "value": 3.323051648511878, "supply": [{"l": "Potash", "v": 1.2692446491635438}, {"l": "Phosphate", "v": 4.3275666423509422}, {"l": "Nitrogen", "v": 56.356171795084933}]}, {"source": 33, "prod": 9.8137530046176273, "target": 13, "value": 0.13231510814546255, "supply": [{"l": "Potash", "v": 1.2692446491635438}, {"l": "Phosphate", "v": 4.3275666423509422}, {"l": "Nitrogen", "v": 56.356171795084933}]}, {"source": 33, "prod": 368.30115758126345, "target": 3, "value": 4.9656647637793956, "supply": [{"l": "Potash", "v": 1.2692446491635438}, {"l": "Phosphate", "v": 4.3275666423509422}, {"l": "Nitrogen", "v": 56.356171795084933}]}, {"source": 33, "prod": 1023.0700662152458, "target": 4, "value": 13.793665521025623, "supply": [{"l": "Potash", "v": 1.2692446491635438}, {"l": "Phosphate", "v": 4.3275666423509422}, {"l": "Nitrogen", "v": 56.356171795084933}]}, {"source": 33, "prod": 951.12079020290571, "target": 6, "value": 12.82360073214403, "supply": [{"l": "Potash", "v": 1.2692446491635438}, {"l": "Phosphate", "v": 4.3275666423509422}, {"l": "Nitrogen", "v": 56.356171795084933}]}, {"source": 33, "prod": 78.345809843238257, "target": 7, "value": 1.0563068274975214, "supply": [{"l": "Potash", "v": 1.2692446491635438}, {"l": "Phosphate", "v": 4.3275666423509422}, {"l": "Nitrogen", "v": 56.356171795084933}]}, {"source": 33, "prod": 10.103082774474879, "target": 16, "value": 0.13621603165253993, "supply": [{"l": "Potash", "v": 1.2692446491635438}, {"l": "Phosphate", "v": 4.3275666423509422}, {"l": "Nitrogen", "v": 56.356171795084933}]}, {"source": 33, "prod": 1321.1735658503319, "target": 10, "value": 17.812881897695998, "supply": [{"l": "Potash", "v": 1.2692446491635438}, {"l": "Phosphate", "v": 4.3275666423509422}, {"l": "Nitrogen", "v": 56.356171795084933}]}, {"source": 33, "prod": 5.9117109732995425, "target": 18, "value": 0.079705355982445963, "supply": [{"l": "Potash", "v": 1.2692446491635438}, {"l": "Phosphate", "v": 4.3275666423509422}, {"l": "Nitrogen", "v": 56.356171795084933}]}, {"source": 33, "prod": 40.216838010158135, "target": 19, "value": 0.54222836748375614, "supply": [{"l": "Potash", "v": 1.2692446491635438}, {"l": "Phosphate", "v": 4.3275666423509422}, {"l": "Nitrogen", "v": 56.356171795084933}]}, {"source": 33, "prod": 540.49928898738676, "target": 9, "value": 7.2873468326807744, "supply": [{"l": "Potash", "v": 1.2692446491635438}, {"l": "Phosphate", "v": 4.3275666423509422}, {"l": "Nitrogen", "v": 56.356171795084933}]}, {"source": 31, "prod": 0, "target": 33, "value": 74.120821679424935, "supply": [{"l": "Natural gas (including LNG)", "v": 50.236478246013213}, {"l": "Fuel oil", "v": 13.922196081939891}, {"l": "Liquefied petroleum gas (LPG)", "v": 4.9810736757359182}, {"l": "Coal", "v": 4.9810736757359182}]}, {"source": 34, "prod": 0, "target": 6, "value": 15.11686554441884, "supply": "[{\"l\":'Labor',\"v\":15.11686554441884}]"}, {"source": 34, "prod": 0, "target": 18, "value": 0.093959190926496058, "supply": "[{\"l\":'Labor',\"v\":0.093959190926496058}]"}, {"source": 34, "prod": 0, "target": 2, "value": 3.9173182335438006, "supply": "[{\"l\":'Labor',\"v\":3.9173182335438006}]"}, {"source": 34, "prod": 0, "target": 13, "value": 0.15597722832374675, "supply": "[{\"l\":'Labor',\"v\":0.15597722832374675}]"}, {"source": 34, "prod": 0, "target": 3, "value": 5.8536824516495214, "supply": "[{\"l\":'Labor',\"v\":5.8536824516495214}]"}, {"source": 34, "prod": 0, "target": 4, "value": 16.260408554623456, "supply": "[{\"l\":'Labor',\"v\":16.260408554623456}]"}, {"source": 34, "prod": 0, "target": 7, "value": 1.245207849064238, "supply": "[{\"l\":'Labor',\"v\":1.245207849064238}]"}, {"source": 34, "prod": 0, "target": 10, "value": 20.998387756342876, "supply": "[{\"l\":'Labor',\"v\":20.998387756342876}]"}, {"source": 34, "prod": 0, "target": 9, "value": 8.5905545989939256, "supply": "[{\"l\":'Labor',\"v\":8.5905545989939256}]"}, {"source": 34, "prod": 0, "target": 16, "value": 0.16057576015480543, "supply": "[{\"l\":'Labor',\"v\":0.16057576015480543}]"}, {"source": 34, "prod": 0, "target": 19, "value": 0.63919592451715512, "supply": "[{\"l\":'Labor',\"v\":0.63919592451715512}]"}, {"source": 31, "prod": 0, "target": 25, "value": 102.4934380704909, "supply": "[{\"l\":'Fossil Fuels',\"v\":102.4934380704909}]"}, {"source": 32, "prod": 0, "target": 25, "value": 22.803392229407223, "supply": "[{\"l\":'Renewables & Nuclear',\"v\":7.4618470257775256},{\"l\":'Biomass & Waste',\"v\":15.341545203629698}]"}]}