{"nodes": [{"layer": 13, "name": "Other Processed", "fill": "#9c9ede"}, {"layer": 10, "name": "Feed", "fill": "#dbdb8d"}, {"layer": 13, "name": "Animal Products", "fill": "#17becf"}, {"layer": 5, "name": "Cereals", "fill": "#e7ba52"}, {"layer": 5, "name": "Oilcrops", "fill": "#ff9896"}, {"layer": 5, "name": "Sugar Crops", "fill": "#ffbb78"}, {"layer": 5, "name": "Starchy Roots"}, {"layer": 5, "name": "Fruits & Vegetables"}, {"layer": 13, "name": "Aquatic Products", "fill": "#1f77b4"}, {"layer": 16, "name": "Food", "fill": "#b5cf6b"}, {"layer": 13, "name": "Sugar", "fill": "#d6616b"}, {"layer": 5, "name": "Others"}, {"layer": 13, "name": "Vegetable Oils", "fill": "#f7b6d2"}, {"layer": 10, "name": "Processing", "fill": "#9edae5"}, {"layer": 16, "name": "Biofuels & Other", "fill": "#e7ba52"}, {"name": "Waste", "fill": "#c7c7c7"}, {"layer": 2, "name": "Import", "fill": "#aec7e8"}, {"layer": 16, "name": "Export", "fill": "#aec7e8"}, {"layer": 0, "name": "Stock Draw", "fill": "#c7c7c7"}, {"layer": 16, "name": "Stock Deposit", "fill": "#c7c7c7"}, {"name": "Crop Residue", "fill": "#bd9e39"}, {"layer": 2, "name": "Electricity", "fill": "#bcbd22"}, {"layer": 0, "name": "Fossil Fuels", "fill": "#c49c94"}, {"layer": 0, "name": "Renewables & Nuclear", "fill": "#2ca02c"}, {"layer": 2, "name": "Fertilizers", "fill": "#c5b0d5"}, {"layer": 0, "name": "Labor", "fill": "#7f7f7f"}], "links": [{"source": 0, "prod": 36.0, "target": 1, "value": 0.041839999920000003, "supply": [{"l": "Fish, Body Oil", "v": 0.041839999920000003}]}, {"source": 2, "prod": 1094.0, "target": 1, "value": 0.75567356245345996, "supply": [{"l": "Milk - Excluding Butter", "v": 0.75443954598295127}, {"l": "Meat, Other", "v": 0.0012340164705087208}]}, {"source": 3, "prod": 9301.0, "target": 1, "value": 33.080133986067104, "supply": [{"l": "Maize", "v": 19.692183396414563}, {"l": "Oats", "v": 0.18371875374708196}, {"l": "Barley", "v": 3.5142110025743478}, {"l": "Rice", "v": 0.9123718607314184}, {"l": "Sorghum", "v": 4.1466083458911385}, {"l": "Cereals, Other", "v": 0.29851077997490394}, {"l": "Wheat", "v": 2.1204840576566171}, {"l": "Millet", "v": 2.2120457890770266}]}, {"source": 4, "prod": 30.0, "target": 1, "value": 0.13936611922480036, "supply": [{"l": "Soyabeans", "v": 0.040604507168739132}, {"l": "Cottonseed", "v": 0.05717777540087756}, {"l": "Oilcrops, Other", "v": 0.04158383665518367}]}, {"source": 5, "prod": 792.0, "target": 1, "value": 0.27728273761415262, "supply": [{"l": "Sugar cane", "v": 0.27728273761415262}]}, {"source": 6, "prod": 6994.0, "target": 1, "value": 7.6750983013234588, "supply": [{"l": "Roots, Other", "v": 0.12313788780526719}, {"l": "Potatoes", "v": 0.092287370502922544}, {"l": "Yams", "v": 1.5170959925419512}, {"l": "Sweet potatoes", "v": 0.12005650101555496}, {"l": "Cassava", "v": 5.8225205494577628}]}, {"source": 7, "prod": 2707.0, "target": 1, "value": 3.8048257490662722, "supply": [{"l": "Dates", "v": 0.043635925428670397}, {"l": "Vegetables, Other", "v": 0.027706524520332509}, {"l": "Peas", "v": 0.0361278013493617}, {"l": "Plantains", "v": 2.3229689278467784}, {"l": "Pulses, Other", "v": 1.3743865699211295}]}, {"source": 8, "prod": 1831.0, "target": 1, "value": 1.7216419455902738, "supply": [{"l": "Fish, Seafood", "v": 0.75056816281608685}, {"l": "Pelagic Fish", "v": 0.95844757937952541}, {"l": "Demersal Fish", "v": 0.012626203394661539}]}, {"source": 0, "prod": 17674.0, "target": 9, "value": 13.286331458055976, "supply": [{"l": "Beverages, Alcoholic", "v": 1.0667911428877828}, {"l": "Butter, Ghee", "v": 1.952707662933}, {"l": "Fats, Animals, Raw", "v": 1.9410546760271765}, {"l": "Wine", "v": 0.70779155306843877}, {"l": "Beer", "v": 1.7718575508396617}, {"l": "Beverages, Fermented", "v": 5.8461288722999152}]}, {"source": 2, "prod": 22752.0, "target": 9, "value": 24.786991013585112, "supply": [{"l": "Eggs", "v": 1.0631620372930282}, {"l": "Pigmeat", "v": 1.2346421690008098}, {"l": "Offals, Edible", "v": 0.88416915018319531}, {"l": "Milk - Excluding Butter", "v": 10.627727071820221}, {"l": "Meat, Other", "v": 0.88355579288424413}, {"l": "Mutton & Goat Meat", "v": 2.1231875319403684}, {"l": "Bovine Meat", "v": 6.5552923674277217}, {"l": "Poultry Meat", "v": 1.4152548930355244}]}, {"source": 3, "prod": 55091.0, "target": 9, "value": 196.3601332529673, "supply": [{"l": "Maize", "v": 57.750614792691451}, {"l": "Barley", "v": 6.9053323027818179}, {"l": "Cereals, Other", "v": 4.6112059959281222}, {"l": "Sorghum", "v": 25.501114662326287}, {"l": "Rye", "v": 0.027000105955441698}, {"l": "Rice", "v": 24.629776819838341}, {"l": "Wheat", "v": 59.51691967488722}, {"l": "Oats", "v": 0.062631393322868864}, {"l": "Millet", "v": 17.355537505235763}]}, {"source": 4, "prod": 1832.0, "target": 9, "value": 9.0402857552769689, "supply": [{"l": "Sunflower seed", "v": 0.065307948593076925}, {"l": "Coconuts - Incl Copra", "v": 0.70896154503618558}, {"l": "Sesame seed", "v": 1.0697441979546001}, {"l": "Olives", "v": 0.082878896666928589}, {"l": "Groundnuts", "v": 5.6748334844765616}, {"l": "Oilcrops, Other", "v": 1.0551898551252858}, {"l": "Soyabeans", "v": 0.34698397035104356}, {"l": "Palm kernels", "v": 0.036385857073285718}]}, {"source": 5, "prod": 2024.0, "target": 9, "value": 0.70861144056950109, "supply": [{"l": "Sugar cane", "v": 0.70861144056950109}]}, {"source": 10, "prod": 6103.0, "target": 9, "value": 25.14577487353294, "supply": [{"l": "Sugar", "v": 23.914874622991984}, {"l": "Sweeteners, Other", "v": 0.70916748884011771}, {"l": "Honey", "v": 0.34768707870028576}, {"l": "Sugar non-centrifugal", "v": 0.17404568300055001}]}, {"source": 6, "prod": 40161.0, "target": 9, "value": 43.750478686098646, "supply": [{"l": "Roots, Other", "v": 3.5437787922063211}, {"l": "Yams", "v": 6.1983876053358982}, {"l": "Potatoes", "v": 2.8333841821072712}, {"l": "Sweet potatoes", "v": 4.4262340185734788}, {"l": "Cassava", "v": 26.748694087875677}]}, {"source": 7, "prod": 42682.0, "target": 9, "value": 35.543371751690131, "supply": [{"l": "Plantains", "v": 6.9066287961985982}, {"l": "Tomatoes", "v": 0.88566897988739013}, {"l": "Treenuts", "v": 1.237547209398459}, {"l": "Vegetables, Other", "v": 4.0743648938649839}, {"l": "Peas", "v": 0.7044921263125532}, {"l": "Grapes", "v": 0.3550990125485477}, {"l": "Pulses, Other", "v": 8.5060145562851304}, {"l": "Pineapples", "v": 0.35471071401104237}, {"l": "Citrus, Other", "v": 0.53147608565046001}, {"l": "Grapefruit", "v": 0.095681327859380952}, {"l": "Fruits, Other", "v": 2.4808421198116761}, {"l": "Dates", "v": 1.4153217552081789}, {"l": "Beans", "v": 4.6014148197390536}, {"l": "Apples", "v": 0.17751887844845457}, {"l": "Lemons, Limes", "v": 0.20455111072000001}, {"l": "Bananas", "v": 1.5953719506357762}, {"l": "Oranges, Mandarines", "v": 0.70888021545874791}, {"l": "Onions", "v": 0.70778719965170356}]}, {"source": 11, "prod": 1095.0, "target": 9, "value": 2.9177642549253027, "supply": [{"l": "Nuts", "v": 1.237547209398459}, {"l": "Infant food", "v": 0.18799359487864289}, {"l": "Pepper", "v": 0.036385857073285718}, {"l": "Pimento", "v": 0.88269394011119029}, {"l": "Tea", "v": 0.14411555528}, {"l": "Coffee", "v": 0.17829069965910002}, {"l": "Cloves", "v": 0.012128619024428572}, {"l": "Cocoa Beans", "v": 0.049941372453529427}, {"l": "Spices, Other", "v": 0.18866740704666671}]}, {"source": 8, "prod": 6907.0, "target": 9, "value": 5.6997056700851321, "supply": [{"l": "Crustaceans", "v": 0.026249378371710142}, {"l": "Marine Fish, Other", "v": 0.35326345526324138}, {"l": "Fish, Seafood", "v": 2.8324719849223476}, {"l": "Demersal Fish", "v": 0.35396908137447697}, {"l": "Freshwater Fish", "v": 0.88559830290439667}, {"l": "Cephalopods", "v": 0.0049217584446956519}, {"l": "Pelagic Fish", "v": 1.2383099503595674}, {"l": "Molluscs, Other", "v": 0.0049217584446956519}]}, {"source": 12, "prod": 3108.0, "target": 9, "value": 32.007962607169958, "supply": [{"l": "Sunflowerseed Oil", "v": 2.8505930046505457}, {"l": "Rape and Mustard Oil", "v": 1.0799322379351202}, {"l": "Sesameseed Oil", "v": 0.71316279863640009}, {"l": "Palmkernel Oil", "v": 0.73226537359987498}, {"l": "Oilcrops Oil, Other", "v": 1.5950650094501626}, {"l": "Maize Germ Oil", "v": 0.72448284305919997}, {"l": "Groundnut Oil", "v": 5.1518092926705128}, {"l": "Soyabean Oil", "v": 3.3793556665342983}, {"l": "Palm Oil", "v": 9.022386841600456}, {"l": "Coconut Oil", "v": 0.72914403782152959}, {"l": "Olive Oil", "v": 0.90206603994187506}, {"l": "Cottonseed Oil", "v": 5.1276994612699847}]}, {"source": 0, "prod": 35.0, "target": 13, "value": 0.030321547561071426, "supply": [{"l": "Wine", "v": 0.030321547561071426}]}, {"source": 2, "prod": 13.0, "target": 13, "value": 0.010536411505439743, "supply": [{"l": "Milk - Excluding Butter", "v": 0.0082829593337560986}, {"l": "Bovine Meat", "v": 0.0022534521716836443}]}, {"source": 3, "prod": 2107.0, "target": 13, "value": 7.1358571367330219, "supply": [{"l": "Maize", "v": 0.63882601738651534}, {"l": "Oats", "v": 0.0020877131107622949}, {"l": "Barley", "v": 1.7140241054587668}, {"l": "Rice", "v": 0.0341073592796792}, {"l": "Sorghum", "v": 3.5672769512492772}, {"l": "Millet", "v": 1.1795349902480219}]}, {"source": 4, "prod": 11201.382775119619, "target": 13, "value": 49.948729758748087, "supply": [{"l": "Olives", "v": 1.2350977039876432}, {"l": "Soyabeans", "v": 0.49832804252543483}, {"l": "Oilcrops, Other", "v": 2.3754766689273676}, {"l": "Sunflower seed", "v": 1.786172394020654}, {"l": "Coconuts - Incl Copra", "v": 1.1746004857266186}, {"l": "Sesame seed", "v": 0.94876122318592504}, {"l": "Cottonseed", "v": 9.5330945532008577}, {"l": "Rape and Mustardseed", "v": 0.57697573359067345}, {"l": "Groundnuts", "v": 9.4707511843837011}, {"l": "Palm kernels", "v": 1.6321655887159594}, {"l": "Oil Palm", "v": 20.717306180483256}]}, {"source": 5, "prod": 53006.0, "target": 13, "value": 18.557637361080516, "supply": [{"l": "Sugar beet", "v": 0.88086283817829281}, {"l": "Sugar cane", "v": 17.676774522902225}]}, {"source": 10, "prod": 112.0, "target": 13, "value": 0.46743750415089169, "supply": [{"l": "Sugar", "v": 0.34857703771149168}, {"l": "Sugar non-centrifugal", "v": 0.1188604664394}]}, {"source": 7, "prod": 4247.0, "target": 13, "value": 3.9269945066884944, "supply": [{"l": "Grapes", "v": 0.81126985030066667}, {"l": "Plantains", "v": 3.0723807088590092}, {"l": "Fruits, Other", "v": 0.019034594269654804}, {"l": "Citrus, Other", "v": 0.0084900333171}, {"l": "Bananas", "v": 0.010833218315770323}, {"l": "Oranges, Mandarines", "v": 0.0011269955730663717}, {"l": "Apples", "v": 0.003859106053227273}]}, {"source": 12, "prod": 3.0, "target": 13, "value": 0.028653862445212504, "supply": [{"l": "Oilcrops Oil, Other", "v": 0.028653862445212504}]}, {"source": 0, "prod": 431.0, "target": 14, "value": 3.4157321367770237, "supply": [{"l": "Alcohol, Non-Food", "v": 0.0035751929063187055}, {"l": "Beer", "v": 0.00056374723221115544}, {"l": "Beverages, Alcoholic", "v": 0.22517044884482612}, {"l": "Fats, Animals, Raw", "v": 3.1771036442520297}, {"l": "Wine", "v": 0.0034653197212653059}, {"l": "Beverages, Fermented", "v": 0.0058537838203727103}]}, {"source": 2, "prod": 52.0, "target": 14, "value": 0.069771085064979851, "supply": [{"l": "Eggs", "v": 0.0014309044916460676}, {"l": "Milk - Excluding Butter", "v": 0.0020707398334390247}, {"l": "Bovine Meat", "v": 0.013520713030101867}, {"l": "Offals, Edible", "v": 0.052748727709792893}]}, {"source": 3, "prod": 671.0, "target": 14, "value": 2.5223708331970767, "supply": [{"l": "Maize", "v": 2.2656038988707814}, {"l": "Barley", "v": 0.0061544851183438663}, {"l": "Rice", "v": 0.24727835477767421}, {"l": "Wheat", "v": 0.0033340944302776999}]}, {"source": 4, "prod": 157.0, "target": 14, "value": 0.81149063639996033, "supply": [{"l": "Coconuts - Incl Copra", "v": 0.007002089333690723}, {"l": "Groundnuts", "v": 0.050781507691065417}, {"l": "Oilcrops, Other", "v": 0.062375754982775512}, {"l": "Cottonseed", "v": 0.57177775400877562}, {"l": "Palm kernels", "v": 0.11955353038365306}]}, {"source": 5, "prod": 146.0, "target": 14, "value": 0.051115252135942271, "supply": [{"l": "Sugar cane", "v": 0.051115252135942271}]}, {"source": 10, "prod": 67.0, "target": 14, "value": 0.27803168484130886, "supply": [{"l": "Sugar", "v": 0.27803168484130886}]}, {"source": 6, "prod": 2539.0, "target": 14, "value": 2.9255302361271402, "supply": [{"l": "Roots, Other", "v": 0.11795313463451908}, {"l": "Yams", "v": 2.3481906602236937}, {"l": "Potatoes", "v": 0.039667378549501794}, {"l": "Sweet potatoes", "v": 0.28315212503668624}, {"l": "Cassava", "v": 0.13656693768273978}]}, {"source": 7, "prod": 160.0, "target": 14, "value": 0.55606199509035015, "supply": [{"l": "Tomatoes", "v": 0.00022773694520118029}, {"l": "Treenuts", "v": 0.027967168573976475}, {"l": "Vegetables, Other", "v": 0.0012046315008840223}, {"l": "Grapes", "v": 0.0026952486720952383}, {"l": "Dates", "v": 0.0037944282981452523}, {"l": "Beans", "v": 0.27791116253816545}, {"l": "Pulses, Other", "v": 0.23572327798065881}, {"l": "Bananas", "v": 0.00072221455438468811}, {"l": "Fruits, Other", "v": 0.0058161260268389681}]}, {"source": 11, "prod": 25.0, "target": 14, "value": 0.070417335159476485, "supply": [{"l": "Nuts", "v": 0.027967168573976475}, {"l": "Cocoa Beans", "v": 0.042450166585500007}]}, {"source": 8, "prod": 206.0, "target": 14, "value": 0.17065353970843269, "supply": [{"l": "Aquatic Products, Other", "v": 0.027069671445826088}, {"l": "Marine Fish, Other", "v": 0.009758658985172414}, {"l": "Freshwater Fish", "v": 0.046353630179568971}, {"l": "Pelagic Fish", "v": 0.0021610993898072729}, {"l": "Fish, Seafood", "v": 0.057420515188115938}, {"l": "Cephalopods", "v": 0.00082029307411594194}, {"l": "Aquatic Plants", "v": 0.027069671445826088}]}, {"source": 12, "prod": 356.0, "target": 14, "value": 3.634239788825667, "supply": [{"l": "Groundnut Oil", "v": 0.020689997159319327}, {"l": "Soyabean Oil", "v": 0.061257202414518999}, {"l": "Palm Oil", "v": 1.9059921686044594}, {"l": "Olive Oil", "v": 0.053062708231874998}, {"l": "Coconut Oil", "v": 0.10987101939776471}, {"l": "Rape and Mustard Oil", "v": 0.36676943929872002}, {"l": "Oilcrops Oil, Other", "v": 0.63038497379467495}, {"l": "Sesameseed Oil", "v": 0.10188039980520001}, {"l": "Cottonseed Oil", "v": 0.1933061304843843}, {"l": "Palmkernel Oil", "v": 0.19102574963475}]}, {"source": 2, "prod": 65.0, "target": 2, "value": 0.093008791956994394, "supply": [{"l": "Eggs", "v": 0.093008791956994394}]}, {"source": 3, "prod": 2340.0, "target": 3, "value": 8.1784943256987344, "supply": [{"l": "Maize", "v": 1.5450675769348283}, {"l": "Oats", "v": 0.054280540879819671}, {"l": "Rye", "v": 0.0060000235456537099}, {"l": "Barley", "v": 1.1908928703995381}, {"l": "Rice", "v": 1.3003430725377694}, {"l": "Sorghum", "v": 0.78297515760687886}, {"l": "Cereals, Other", "v": 0.17674980393250891}, {"l": "Wheat", "v": 2.4538935006843872}, {"l": "Millet", "v": 0.6682917791773495}]}, {"source": 4, "prod": 583.0, "target": 4, "value": 3.3696545218006486, "supply": [{"l": "Soyabeans", "v": 0.051678463669304356}, {"l": "Sunflower seed", "v": 0.022857782007576922}, {"l": "Sesame seed", "v": 0.063675249878250004}, {"l": "Cottonseed", "v": 1.008408038888204}, {"l": "Rape and Mustardseed", "v": 0.0051979795818979588}, {"l": "Groundnuts", "v": 1.9995218653357012}, {"l": "Oilcrops, Other", "v": 0.21831514243971431}]}, {"source": 5, "prod": 277.0, "target": 5, "value": 0.096978937271616508, "supply": [{"l": "Sugar cane", "v": 0.096978937271616508}]}, {"source": 6, "prod": 1478.0, "target": 6, "value": 1.5201797773761323, "supply": [{"l": "Potatoes", "v": 0.45900823750137798}, {"l": "Yams", "v": 0.90770395269151183}, {"l": "Roots, Other", "v": 0.058328473170916037}, {"l": "Sweet potatoes", "v": 0.095139114012326567}]}, {"source": 7, "prod": 391.0, "target": 7, "value": 1.5551864929223611, "supply": [{"l": "Beans", "v": 0.37716514915893889}, {"l": "Peas", "v": 0.043353361619234046}, {"l": "Pulses, Other", "v": 1.1346679821441883}]}, {"source": 0, "prod": 794.0, "target": 15, "value": 0.35794714297305169, "supply": [{"l": "Wine", "v": 0.00086632993031632646}, {"l": "Beverages, Fermented", "v": 0.35708081304273537}]}, {"source": 2, "prod": 593.0, "target": 15, "value": 0.4537557132397641, "supply": [{"l": "Eggs", "v": 0.085854269498764055}, {"l": "Milk - Excluding Butter", "v": 0.36790144374100003}]}, {"source": 3, "prod": 5763.0, "target": 15, "value": 20.576617651983604, "supply": [{"l": "Maize", "v": 6.744814230080884}, {"l": "Rye", "v": 0.0030000117728268549}, {"l": "Barley", "v": 0.90470931239654828}, {"l": "Rice", "v": 2.4301493486771424}, {"l": "Cereals, Other", "v": 0.29851077997490394}, {"l": "Wheat", "v": 3.8475449725404656}, {"l": "Oats", "v": 0.014613991775336064}, {"l": "Sorghum", "v": 3.483010566574098}, {"l": "Millet", "v": 2.8502644381913949}]}, {"source": 4, "prod": 471.0, "target": 15, "value": 2.3492226339750033, "supply": [{"l": "Olives", "v": 0.044471603089571439}, {"l": "Sunflower seed", "v": 0.019592384577923075}, {"l": "Coconuts - Incl Copra", "v": 0.14354283134065982}, {"l": "Sesame seed", "v": 0.12735049975650001}, {"l": "Cottonseed", "v": 0.19232524453022448}, {"l": "Groundnuts", "v": 1.4345775922725981}, {"l": "Oilcrops, Other", "v": 0.23910706076730612}, {"l": "Soyabeans", "v": 0.044295826002260875}, {"l": "Rape and Mustardseed", "v": 0.051979795818979602}, {"l": "Palm kernels", "v": 0.051979795818979602}]}, {"source": 5, "prod": 1470.0, "target": 15, "value": 0.51465356602626799, "supply": [{"l": "Sugar beet", "v": 0.0094528206004824752}, {"l": "Sugar cane", "v": 0.50520074542578552}]}, {"source": 6, "prod": 7454.0, "target": 15, "value": 8.1695575100086639, "supply": [{"l": "Roots, Other", "v": 0.5988389912214046}, {"l": "Yams", "v": 1.3383409941858224}, {"l": "Potatoes", "v": 0.35943502195875099}, {"l": "Sweet potatoes", "v": 0.59235424557674765}, {"l": "Cassava", "v": 5.2805882570659382}]}, {"source": 7, "prod": 8612.0, "target": 15, "value": 7.7599397146589046, "supply": [{"l": "Plantains", "v": 4.5193059480986921}, {"l": "Citrus, Other", "v": 0.088975549163208004}, {"l": "Grapefruit", "v": 0.01549767986454762}, {"l": "Tomatoes", "v": 0.096560464765300433}, {"l": "Treenuts", "v": 0.052438441076205891}, {"l": "Vegetables, Other", "v": 0.46589123296689566}, {"l": "Peas", "v": 0.039740581484297877}, {"l": "Grapes", "v": 0.021561989376761907}, {"l": "Dates", "v": 0.13849663288230171}, {"l": "Beans", "v": 0.52803120882251442}, {"l": "Apples", "v": 0.026048965859284096}, {"l": "Lemons, Limes", "v": 0.025568888840000002}, {"l": "Pineapples", "v": 0.040291683538779662}, {"l": "Bananas", "v": 0.24699737759956336}, {"l": "Fruits, Other", "v": 0.32305936385441902}, {"l": "Oranges, Mandarines", "v": 0.093164967373486729}, {"l": "Pulses, Other", "v": 0.98284620988545901}, {"l": "Onions", "v": 0.055462529207185939}]}, {"source": 11, "prod": 70.0, "target": 15, "value": 0.17271193126796169, "supply": [{"l": "Nuts", "v": 0.062926129291447072}, {"l": "Cocoa Beans", "v": 0.034958960717470594}, {"l": "Coffee", "v": 0.014857558304925}, {"l": "Pimento", "v": 0.050535912601785714}, {"l": "Spices, Other", "v": 0.0094333703523333343}]}, {"source": 12, "prod": 19.0, "target": 15, "value": 0.19681440871459091, "supply": [{"l": "Palm Oil", "v": 0.19681440871459091}]}, {"source": 16, "prod": 351.0, "target": 11, "value": 0.72559605335897004, "supply": [{"l": "Nuts", "v": 0.13983584286988238}, {"l": "Cocoa Beans", "v": 0.059929646944235297}, {"l": "Coffee", "v": 0.076410299853900007}, {"l": "Pimento", "v": 0.013476243360476189}, {"l": "Pepper", "v": 0.036385857073285718}, {"l": "Infant food", "v": 0.19405790439085716}, {"l": "Spices, Other", "v": 0.066033592466333349}, {"l": "Tea", "v": 0.13946666639999999}]}, {"source": 16, "prod": 6184.0, "target": 1, "value": 5.0527836365010579, "supply": [{"l": "Freshwater Fish", "v": 0.0024396647462931035}, {"l": "Pigmeat", "v": 0.033481821532225356}, {"l": "Meat, Other", "v": 0.0074040988230523255}, {"l": "Crustaceans", "v": 0.0073826376670434778}, {"l": "Eggs", "v": 0.070114320090657309}, {"l": "Marine Fish, Other", "v": 0.22054569306489655}, {"l": "Demersal Fish", "v": 0.14280671425686156}, {"l": "Mutton & Goat Meat", "v": 0.012225647976624001}, {"l": "Poultry Meat", "v": 0.055353521186378846}, {"l": "Milk - Excluding Butter", "v": 2.3247505863408779}, {"l": "Pelagic Fish", "v": 0.76070698521216007}, {"l": "Fish, Seafood", "v": 1.0434127902754782}, {"l": "Molluscs, Other", "v": 0.00082029307411594194}, {"l": "Offals, Edible", "v": 0.0062796104416420117}, {"l": "Bovine Meat", "v": 0.3650592518127504}]}, {"source": 16, "prod": 4663.0, "target": 13, "value": 27.772991274450135, "supply": [{"l": "Sugar", "v": 11.050722040782171}, {"l": "Beer", "v": 0.025932372681713153}, {"l": "Groundnut Oil", "v": 0.10344998579659664}, {"l": "Beverages, Alcoholic", "v": 0.12919615917326088}, {"l": "Fats, Animals, Raw", "v": 3.8729534337712055}, {"l": "Soyabean Oil", "v": 3.5222891388348425}, {"l": "Butter, Ghee", "v": 0.85749336502710005}, {"l": "Palm Oil", "v": 1.6781018006191433}, {"l": "Sunflowerseed Oil", "v": 1.6053881181425456}, {"l": "Olive Oil", "v": 0.063675249878250004}, {"l": "Coconut Oil", "v": 0.17978894083270591}, {"l": "Rape and Mustard Oil", "v": 0.90673555826628016}, {"l": "Oilcrops Oil, Other", "v": 0.90737231076506264}, {"l": "Wine", "v": 0.13601379905966327}, {"l": "Sweeteners, Other", "v": 0.38621328030729407}, {"l": "Beverages, Fermented", "v": 0.0027017463786335586}, {"l": "Fish, Body Oil", "v": 0.0058111111000000003}, {"l": "Honey", "v": 0.0040428730081428577}, {"l": "Cottonseed Oil", "v": 2.2077594902690207}, {"l": "Palmkernel Oil", "v": 0.12735049975650001}]}, {"source": 16, "prod": 18180.0, "target": 3, "value": 62.872350762847319, "supply": [{"l": "Maize", "v": 7.0642272387741407}, {"l": "Rye", "v": 0.0030000117728268549}, {"l": "Barley", "v": 3.4895930621009721}, {"l": "Rice", "v": 8.062127049734169}, {"l": "Cereals, Other", "v": 0.38099402181007475}, {"l": "Wheat", "v": 43.033156811594274}, {"l": "Oats", "v": 0.025052557329147539}, {"l": "Sorghum", "v": 0.53017600358133943}, {"l": "Millet", "v": 0.28402400615037349}]}, {"source": 16, "prod": 749.0, "target": 7, "value": 1.1308675731552222, "supply": [{"l": "Citrus, Other", "v": 0.00067920266536800002}, {"l": "Tomatoes", "v": 0.046002862930638412}, {"l": "Treenuts", "v": 0.13983584286988238}, {"l": "Vegetables, Other", "v": 0.028308840270774519}, {"l": "Peas", "v": 0.028902241079489365}, {"l": "Grapes", "v": 0.012802431192452382}, {"l": "Dates", "v": 0.020869355639798887}, {"l": "Beans", "v": 0.30570227879198203}, {"l": "Pulses, Other", "v": 0.44347938738734116}, {"l": "Pineapples", "v": 0.0028779773956271186}, {"l": "Bananas", "v": 0.023110865740310019}, {"l": "Fruits, Other", "v": 0.04018414345816014}, {"l": "Grapefruit", "v": 0.0013476243360476192}, {"l": "Oranges, Mandarines", "v": 0.0071376386294203552}, {"l": "Onions", "v": 0.013225680041713568}, {"l": "Apples", "v": 0.016401200726215912}]}, {"source": 16, "prod": 290.0, "target": 4, "value": 1.2584367349843624, "supply": [{"l": "Sunflower seed", "v": 0.081634935741346143}, {"l": "Coconuts - Incl Copra", "v": 0.07352193800375259}, {"l": "Sesame seed", "v": 0.076410299853900007}, {"l": "Cottonseed", "v": 0.020791918327591835}, {"l": "Groundnuts", "v": 0.17138758845734578}, {"l": "Oilcrops, Other", "v": 0.04158383665518367}, {"l": "Soyabeans", "v": 0.24731836184595654}, {"l": "Rape and Mustardseed", "v": 0.54578785609928571}]}, {"source": 16, "prod": 311.0, "target": 6, "value": 0.25371302285844305, "supply": [{"l": "Roots, Other", "v": 0.0051847531707480922}, {"l": "Potatoes", "v": 0.24852826968769495}]}, {"source": 0, "prod": 478.0, "target": 17, "value": 0.51058953999180201, "supply": [{"l": "Beer", "v": 0.0078924612509561759}, {"l": "Beverages, Alcoholic", "v": 0.040604507168739132}, {"l": "Fats, Animals, Raw", "v": 0.045779591415735288}, {"l": "Butter, Ghee", "v": 0.025470099951300004}, {"l": "Wine", "v": 0.36992288024507142}, {"l": "Fish, Body Oil", "v": 0.020919999960000001}]}, {"source": 2, "prod": 285.0, "target": 17, "value": 0.46856309830828391, "supply": [{"l": "Pigmeat", "v": 0.025111366149169013}, {"l": "Meat, Other", "v": 0.016042214116613371}, {"l": "Mutton & Goat Meat", "v": 0.0020376079961039999}, {"l": "Poultry Meat", "v": 0.017952493357744494}, {"l": "Milk - Excluding Butter", "v": 0.064192934836609761}, {"l": "Offals, Edible", "v": 0.0062796104416420117}, {"l": "Bovine Meat", "v": 0.31548330403571023}, {"l": "Eggs", "v": 0.021463567374691014}]}, {"source": 3, "prod": 4248.0, "target": 17, "value": 15.637779395623634, "supply": [{"l": "Maize", "v": 12.858230652279744}, {"l": "Barley", "v": 0.14155315772190893}, {"l": "Rice", "v": 0.66083008604378435}, {"l": "Cereals, Other", "v": 0.10997765578022778}, {"l": "Wheat", "v": 0.64348022504359614}, {"l": "Oats", "v": 0.070982245765918023}, {"l": "Sorghum", "v": 1.0357743116324183}, {"l": "Millet", "v": 0.11695106135603614}]}, {"source": 4, "prod": 1008.0, "target": 17, "value": 4.3642414951611634, "supply": [{"l": "Olives", "v": 0.060643095122142866}, {"l": "Sunflower seed", "v": 0.17306606377165384}, {"l": "Coconuts - Incl Copra", "v": 0.49889886502546404}, {"l": "Sesame seed", "v": 0.63038497379467495}, {"l": "Cottonseed", "v": 0.28588887700438781}, {"l": "Groundnuts", "v": 1.3520576422746169}, {"l": "Oilcrops, Other", "v": 0.44182826446132656}, {"l": "Soyabeans", "v": 0.13657879684030438}, {"l": "Palm kernels", "v": 0.78489491686659174}]}, {"source": 10, "prod": 1865.0, "target": 17, "value": 7.7358521216549727, "supply": [{"l": "Sugar", "v": 7.7184915493258881}, {"l": "Sweeteners, Other", "v": 0.013317699320941177}, {"l": "Honey", "v": 0.0040428730081428577}]}, {"source": 6, "prod": 442.0, "target": 17, "value": 0.43267640405460689, "supply": [{"l": "Potatoes", "v": 0.13762151741663889}, {"l": "Sweet potatoes", "v": 0.0056630425007337245}, {"l": "Cassava", "v": 0.28939184413723429}]}, {"source": 7, "prod": 3593.0, "target": 17, "value": 2.9321081018362096, "supply": [{"l": "Tomatoes", "v": 0.038032069848597104}, {"l": "Treenuts", "v": 0.65722846148844705}, {"l": "Apples", "v": 0.27592608280574998}, {"l": "Vegetables, Other", "v": 0.056918838416770055}, {"l": "Peas", "v": 0.028902241079489365}, {"l": "Grapes", "v": 0.035712044905261899}, {"l": "Dates", "v": 0.094860707453631288}, {"l": "Pineapples", "v": 0.13418569607111441}, {"l": "Beans", "v": 0.14292574073391365}, {"l": "Pulses, Other", "v": 0.47943717555388232}, {"l": "Lemons, Limes", "v": 0.032542222160000002}, {"l": "Bananas", "v": 0.20872000621717487}, {"l": "Citrus, Other", "v": 0.00067920266536800002}, {"l": "Fruits, Other", "v": 0.11526504307735408}, {"l": "Grapefruit", "v": 0.071424089810523797}, {"l": "Oranges, Mandarines", "v": 0.53119058010528331}, {"l": "Onions", "v": 0.028157899443648243}]}, {"source": 11, "prod": 2158.0, "target": 17, "value": 3.9370125181180651, "supply": [{"l": "Nuts", "v": 0.66072435756019421}, {"l": "Cocoa Beans", "v": 2.2473617604088236}, {"l": "Coffee", "v": 0.59430233219700002}, {"l": "Infant food", "v": 0.018192928536642859}, {"l": "Cloves", "v": 0.064685968130285723}, {"l": "Pimento", "v": 0.010107182520357144}, {"l": "Pepper", "v": 0.012128619024428572}, {"l": "Spices, Other", "v": 0.12263381458033334}, {"l": "Tea", "v": 0.20687555516}]}, {"source": 8, "prod": 1014.0, "target": 17, "value": 0.90494640155427464, "supply": [{"l": "Freshwater Fish", "v": 0.014637988477758622}, {"l": "Crustaceans", "v": 0.019687033778782607}, {"l": "Marine Fish, Other", "v": 0.013662122579241378}, {"l": "Demersal Fish", "v": 0.026123179437230776}, {"l": "Fish, Seafood", "v": 0.41506829550266666}, {"l": "Pelagic Fish", "v": 0.39115898955511641}, {"l": "Cephalopods", "v": 0.024608792223478261}]}, {"source": 12, "prod": 547.0, "target": 17, "value": 5.678284092481694, "supply": [{"l": "Maize Germ Oil", "v": 0.39620155479800007}, {"l": "Groundnut Oil", "v": 1.634509775586227}, {"l": "Soyabean Oil", "v": 0.020419067471506333}, {"l": "Palm Oil", "v": 0.91156147194126302}, {"l": "Sunflowerseed Oil", "v": 0.41163797901090915}, {"l": "Olive Oil", "v": 0.79594062347812511}, {"l": "Coconut Oil", "v": 0.089894470416352956}, {"l": "Oilcrops Oil, Other", "v": 0.60173111134946256}, {"l": "Sesameseed Oil", "v": 0.022640088845599999}, {"l": "Cottonseed Oil", "v": 0.050870034337995869}, {"l": "Palmkernel Oil", "v": 0.74287791524625002}]}, {"source": 18, "prod": 69.0, "target": 7, "value": 0.047725001234931168, "supply": [{"l": "Dates", "v": 0.022766569788871514}, {"l": "Apples", "v": 0.00096477651330681825}, {"l": "Fruits, Other", "v": 0.00052873872971263348}, {"l": "Onions", "v": 0.023464916203040202}]}, {"source": 12, "prod": 72.0, "target": 19, "value": 0.73627596952778596, "supply": [{"l": "Groundnut Oil", "v": 0.072414990057617645}, {"l": "Soyabean Oil", "v": 0.29607647833684181}, {"l": "Sunflowerseed Oil", "v": 0.13378234317854548}, {"l": "Cottonseed Oil", "v": 0.23400215795478099}]}, {"source": 2, "prod": 9.0, "target": 19, "value": 0.019458521865115222, "supply": [{"l": "Eggs", "v": 0.0014309044916460676}, {"l": "Bovine Meat", "v": 0.018027617373469154}]}, {"source": 18, "prod": 82.0, "target": 6, "value": 0.09906843393162118, "supply": [{"l": "Roots, Other", "v": 0.062217038048977109}, {"l": "Cassava", "v": 0.036851395882644071}]}, {"source": 11, "prod": 32.0, "target": 19, "value": 0.0768635665197, "supply": [{"l": "Nuts", "v": 0.0594302332197}, {"l": "Tea", "v": 0.017433333299999999}]}, {"source": 8, "prod": 1.0, "target": 19, "value": 0.00043538632395384623, "supply": [{"l": "Demersal Fish", "v": 0.00043538632395384623}]}, {"source": 3, "prod": 4059.0, "target": 19, "value": 14.224886486134555, "supply": [{"l": "Maize", "v": 6.2954075550589748}, {"l": "Barley", "v": 1.1724294150445067}, {"l": "Rice", "v": 0.46044935027566908}, {"l": "Cereals, Other", "v": 0.02356664052433452}, {"l": "Wheat", "v": 3.2907512026840897}, {"l": "Sorghum", "v": 0.72679756782342564}, {"l": "Millet", "v": 2.2554847547235544}]}, {"source": 7, "prod": 146.0, "target": 19, "value": 0.41875462750079578, "supply": [{"l": "Pulses, Other", "v": 0.17579363103642351}, {"l": "Tomatoes", "v": 0.0054656866848283268}, {"l": "Treenuts", "v": 0.0594302332197}, {"l": "Vegetables, Other", "v": 0.00060231575044201113}, {"l": "Beans", "v": 0.1707168569877302}, {"l": "Pineapples", "v": 0.0035974717445338982}, {"l": "Grapefruit", "v": 0.0020214365040714284}, {"l": "Oranges, Mandarines", "v": 0.0011269955730663717}]}, {"source": 18, "prod": 21.0, "target": 1, "value": 0.016443461122806074, "supply": [{"l": "Marine Fish, Other", "v": 0.004879329492586207}, {"l": "Milk - Excluding Butter", "v": 0.0082829593337560986}, {"l": "Fish, Seafood", "v": 0.0032811722964637678}]}, {"source": 18, "prod": 203.0, "target": 4, "value": 1.0809198540556806, "supply": [{"l": "Sesame seed", "v": 0.14008554973215001}, {"l": "Cottonseed", "v": 0.94083430432353066}]}, {"source": 4, "prod": 352.0, "target": 19, "value": 2.0232117307710475, "supply": [{"l": "Sunflower seed", "v": 0.032653974296538463}, {"l": "Coconuts - Incl Copra", "v": 0.0035010446668453615}, {"l": "Soyabeans", "v": 0.23624440534539132}, {"l": "Groundnuts", "v": 1.7456143268803741}, {"l": "Oilcrops, Other", "v": 0.0051979795818979588}]}, {"source": 18, "prod": 87.0, "target": 11, "value": 0.12345626178542124, "supply": [{"l": "Cocoa Beans", "v": 0.072414990057617659}, {"l": "Coffee", "v": 0.038912652703375003}, {"l": "Cloves", "v": 0.012128619024428572}]}, {"source": 18, "prod": 14.0, "target": 3, "value": 0.029227983550672128, "supply": [{"l": "Oats", "v": 0.029227983550672128}]}, {"source": 18, "prod": 87.0, "target": 13, "value": 0.73854864903825668, "supply": [{"l": "Palm Oil", "v": 0.041434612360966509}, {"l": "Olive Oil", "v": 0.35021387433037504}, {"l": "Rape and Mustard Oil", "v": 0.15282059970780001}, {"l": "Oilcrops Oil, Other", "v": 0.1050641622991125}, {"l": "Wine", "v": 0.014727608815377552}, {"l": "Palmkernel Oil", "v": 0.074287791524625002}]}, {"source": 6, "prod": 1.0, "target": 19, "value": 0.00080953833774493461, "supply": [{"l": "Potatoes", "v": 0.00080953833774493461}]}, {"source": 10, "prod": 807.0, "target": 19, "value": 3.3258609473567309, "supply": [{"l": "Sugar", "v": 3.2326370521101429}, {"l": "Sweeteners, Other", "v": 0.093223895246588223}]}, {"source": 0, "prod": 19.0, "target": 19, "value": 0.14677696985291638, "supply": [{"l": "Beverages, Alcoholic", "v": 0.014765275334086957}, {"l": "Butter, Ghee", "v": 0.0679202665368}, {"l": "Fats, Animals, Raw", "v": 0.064091427982029409}]}, {"source": 1, "prod": 9959.0, "target": 8, "value": 8.4973829432620658, "supply": [{"l": "Pelagic Fish", "v": 2.5900776186840164}, {"l": "Crustaceans", "v": 0.045936412150492753}, {"l": "Freshwater Fish", "v": 0.94658992156172428}, {"l": "Molluscs, Other", "v": 0.0049217584446956519}, {"l": "Aquatic Plants", "v": 0.027069671445826088}, {"l": "Demersal Fish", "v": 0.39315385053032309}, {"l": "Aquatic Products, Other", "v": 0.027069671445826088}, {"l": "Fish, Seafood", "v": 4.0555289584292167}, {"l": "Marine Fish, Other", "v": 0.37668423682765517}, {"l": "Cephalopods", "v": 0.030350843742289857}]}, {"source": 1, "prod": 24798.0, "target": 2, "value": 26.564749406022155, "supply": [{"l": "Poultry Meat", "v": 1.4332073863932688}, {"l": "Pigmeat", "v": 1.2597535351499789}, {"l": "Bovine Meat", "v": 6.9045774540386864}, {"l": "Eggs", "v": 1.2663504751067698}, {"l": "Milk - Excluding Butter", "v": 11.824614695547977}, {"l": "Offals, Edible", "v": 0.94319748833463024}, {"l": "Meat, Other", "v": 0.90083202347136615}, {"l": "Mutton & Goat Meat", "v": 2.1252251399364726}]}, {"source": 13, "prod": 19467.0, "target": 0, "value": 17.789538795131843, "supply": [{"l": "Fats, Animals, Raw", "v": 5.2280293396769713}, {"l": "Alcohol, Non-Food", "v": 0.0035751929063187055}, {"l": "Beverages, Fermented", "v": 6.2090634691630227}, {"l": "Fish, Body Oil", "v": 0.06275999988}, {"l": "Beer", "v": 1.7803137593228289}, {"l": "Beverages, Alcoholic", "v": 1.3473313742354349}, {"l": "Butter, Ghee", "v": 2.0460980294211}, {"l": "Wine", "v": 1.1123676305261632}]}, {"source": 13, "prod": 4105.0, "target": 12, "value": 42.282230729164915, "supply": [{"l": "Olive Oil", "v": 1.7510693716518753}, {"l": "Sesameseed Oil", "v": 0.8376832872872001}, {"l": "Soyabean Oil", "v": 3.7571084147571652}, {"l": "Coconut Oil", "v": 0.92890952763564716}, {"l": "Cottonseed Oil", "v": 5.6058777840471459}, {"l": "Rape and Mustard Oil", "v": 1.4467016772338401}, {"l": "Maize Germ Oil", "v": 1.1206843978572001}, {"l": "Groundnut Oil", "v": 6.8794240554736765}, {"l": "Palm Oil", "v": 12.03675489086077}, {"l": "Palmkernel Oil", "v": 1.6661690384808749}, {"l": "Oilcrops Oil, Other", "v": 2.8558349570395127}, {"l": "Sunflowerseed Oil", "v": 3.3960133268400003}]}, {"source": 13, "prod": 8954.0, "target": 10, "value": 36.952957131536841, "supply": [{"l": "Honey", "v": 0.35172995170842863}, {"l": "Sweeteners, Other", "v": 0.81570908340764714}, {"l": "Sugar non-centrifugal", "v": 0.29290614943995003}, {"l": "Sugar", "v": 35.492611946980816}]}, {"source": 6, "prod": 29436.25, "target": 20, "value": 98.968819705819854, "supply": [{"l": "Roots, Other", "v": 5.9299483219950009}, {"l": "Yams", "v": 18.488049964649999}, {"l": "Potatoes", "v": 8.1788483176950013}, {"l": "Sweet potatoes", "v": 8.5004933170800001}, {"l": "Cassava", "v": 61.537051549005007}]}, {"source": 5, "prod": 23135.800000000003, "target": 20, "value": 80.666822512427999, "supply": [{"l": "Sugar beet", "v": 3.5466373265520001}, {"l": "Sugar cane", "v": 77.120185185875997}]}, {"source": 7, "prod": 62130.5, "target": 20, "value": 279.30410713347572, "supply": [{"l": "Vegetables, Other", "v": 53.40178656456002}, {"l": "Pulses, Other", "v": 11.05621997886}, {"l": "Beans", "v": 5.2212833233499998}, {"l": "Onions", "v": 6.3178399879200011}, {"l": "Tomatoes", "v": 15.355279970640002}, {"l": "Peas", "v": 0.80890666511999987}]}, {"source": 3, "prod": 148964.0, "target": 20, "value": 528.81569429822969, "supply": [{"l": "Sorghum", "v": 77.410973185320003}, {"l": "Rice", "v": 43.576359916679998}, {"l": "Wheat", "v": 105.32871313193999}, {"l": "Oats", "v": 0.71939531055526651}, {"l": "Maize", "v": 195.74843962572001}, {"l": "Barley", "v": 31.282373273520001}, {"l": "Cereals, Other", "v": 9.4558399819200023}, {"l": "Rye", "v": 0.068520118308981151}, {"l": "Millet", "v": 55.295046560940001}]}, {"source": 4, "prod": 10507.0, "target": 20, "value": 33.642564689172744, "supply": [{"l": "Coconuts - Incl Copra", "v": 4.9789599904799999}, {"l": "Sesame seed", "v": 1.49403666381}, {"l": "Groundnuts", "v": 11.884303310610001}, {"l": "Oilcrops, Other", "v": 2.9654099943300007}, {"l": "Soyabeans", "v": 1.1628033311100001}, {"l": "Palm kernels", "v": 1.7607666633000001}, {"l": "Sunflower seed", "v": 1.3810105529150001}, {"l": "Cottonseed", "v": 7.4911033190099996}, {"l": "Olives", "v": 0.95457185002666689}, {"l": "Rape and Mustardseed", "v": 0.24406666619999998}]}, {"source": 21, "prod": 0, "target": 3, "value": 0.031722633755622953, "supply": "[{\"l\":'Energy for power irrigation',\"v\":0.031722633755622953}]"}, {"source": 21, "prod": 0, "target": 4, "value": 0.0065536412587296365, "supply": "[{\"l\":'Energy for power irrigation',\"v\":0.0065536412587296365}]"}, {"source": 21, "prod": 0, "target": 5, "value": 0.02463442543310268, "supply": "[{\"l\":'Energy for power irrigation',\"v\":0.02463442543310268}]"}, {"source": 21, "prod": 0, "target": 6, "value": 0.025074390534329267, "supply": "[{\"l\":'Energy for power irrigation',\"v\":0.025074390534329267}]"}, {"source": 21, "prod": 0, "target": 7, "value": 0.026462005538972259, "supply": "[{\"l\":'Energy for power irrigation',\"v\":0.026462005538972259}]"}, {"source": 21, "prod": 0, "target": 11, "value": 0.0013465146829892049, "supply": "[{\"l\":'Energy for power irrigation',\"v\":0.0013465146829892049}]"}, {"source": 21, "prod": 0, "target": 13, "value": 2.3610000018888, "supply": "[{\"l\":'Electricity',\"v\":2.3610000018888}]"}, {"source": 22, "prod": 0, "target": 21, "value": 4.3342206837945714, "supply": [{"l": "Coal", "v": 2.3082171052694069}, {"l": "Natural gas", "v": 0.56064095169434325}, {"l": "Oil", "v": 1.4653626268308211}]}, {"source": 23, "prod": 0, "target": 21, "value": 0.77306912509625414, "supply": [{"l": "Nuclear", "v": 0.22284081538302736}, {"l": "Hydroelectric", "v": 0.54214944419629529}, {"l": "Renewable", "v": 0.0080788655169314379}]}, {"source": 22, "prod": 0, "target": 3, "value": 2.1123639414120579, "supply": [{"l": "Motor Gasoline", "v": 0.077537840395157626}, {"l": "Gas-Diesel oil", "v": 0.96859518357990604}, {"l": "Natural gas (including LNG)", "v": 0.04520313788862855}, {"l": "Fuel oil", "v": 0.11067919822427839}, {"l": "Liquefied petroleum gas (LPG)", "v": 0.0071990182563371396}, {"l": "Coal", "v": 0.90314956306775029}]}, {"source": 22, "prod": 0, "target": 4, "value": 0.43639741852887526, "supply": [{"l": "Motor Gasoline", "v": 0.016018694848640245}, {"l": "Gas-Diesel oil", "v": 0.20010398275934146}, {"l": "Natural gas (including LNG)", "v": 0.0093386051036336293}, {"l": "Fuel oil", "v": 0.022865433102230222}, {"l": "Liquefied petroleum gas (LPG)", "v": 0.0014872593313194299}, {"l": "Coal", "v": 0.1865834433837103}]}, {"source": 22, "prod": 0, "target": 5, "value": 1.6403704813149851, "supply": [{"l": "Motor Gasoline", "v": 0.060212533491792911}, {"l": "Gas-Diesel oil", "v": 0.75216912973161265}, {"l": "Natural gas (including LNG)", "v": 0.035102801937506124}, {"l": "Fuel oil", "v": 0.085948678683348337}, {"l": "Liquefied petroleum gas (LPG)", "v": 0.0055904462344917158}, {"l": "Coal", "v": 0.70134689123623351}]}, {"source": 22, "prod": 0, "target": 6, "value": 1.6696671160922287, "supply": [{"l": "Motor Gasoline", "v": 0.061287915317310461}, {"l": "Gas-Diesel oil", "v": 0.76560269521908675}, {"l": "Natural gas (including LNG)", "v": 0.035729729805164798}, {"l": "Fuel oil", "v": 0.087483702068403515}, {"l": "Liquefied petroleum gas (LPG)", "v": 0.0056902903023040236}, {"l": "Coal", "v": 0.7138727833799593}]}, {"source": 22, "prod": 0, "target": 7, "value": 1.7620663765997404, "supply": [{"l": "Motor Gasoline", "v": 0.06467958423070462}, {"l": "Gas-Diesel oil", "v": 0.80797109440416948}, {"l": "Natural gas (including LNG)", "v": 0.037707010533946941}, {"l": "Fuel oil", "v": 0.092325043974027673}, {"l": "Liquefied petroleum gas (LPG)", "v": 0.0060051905665174758}, {"l": "Coal", "v": 0.75337845289037431}]}, {"source": 22, "prod": 0, "target": 11, "value": 0.089662449998311272, "supply": [{"l": "Motor Gasoline", "v": 0.0032912097205941146}, {"l": "Gas-Diesel oil", "v": 0.041113472689883093}, {"l": "Natural gas (including LNG)", "v": 0.001918714863119937}, {"l": "Fuel oil", "v": 0.0046979442709118467}, {"l": "Liquefied petroleum gas (LPG)", "v": 0.00030557310783021222}, {"l": "Coal", "v": 0.038335535345972081}]}, {"source": 22, "prod": 0, "target": 1, "value": 1.2901698343654688, "supply": [{"l": "Gas-diesel oils used in fisheries", "v": 0.85294083401568577}, {"l": "Fuel oil used in fisheries", "v": 0.43722900034978318}]}, {"source": 24, "prod": 1258.8458398681237, "target": 3, "value": 16.972540817182125, "supply": [{"l": "Potash", "v": 1.2692446491635438}, {"l": "Phosphate", "v": 4.3275666423509422}, {"l": "Nitrogen", "v": 56.356171795084933}]}, {"source": 24, "prod": 260.06743633250659, "target": 4, "value": 3.5063905671212225, "supply": [{"l": "Potash", "v": 1.2692446491635438}, {"l": "Phosphate", "v": 4.3275666423509422}, {"l": "Nitrogen", "v": 56.356171795084933}]}, {"source": 24, "prod": 977.56523663505732, "target": 5, "value": 13.180141169616896, "supply": [{"l": "Potash", "v": 1.2692446491635438}, {"l": "Phosphate", "v": 4.3275666423509422}, {"l": "Nitrogen", "v": 56.356171795084933}]}, {"source": 24, "prod": 995.02432410026734, "target": 6, "value": 13.415535421438129, "supply": [{"l": "Potash", "v": 1.2692446491635438}, {"l": "Phosphate", "v": 4.3275666423509422}, {"l": "Nitrogen", "v": 56.356171795084933}]}, {"source": 24, "prod": 1050.0889000554021, "target": 7, "value": 14.157950205981768, "supply": [{"l": "Potash", "v": 1.2692446491635438}, {"l": "Phosphate", "v": 4.3275666423509422}, {"l": "Nitrogen", "v": 56.356171795084933}]}, {"source": 24, "prod": 53.433596341976219, "target": 11, "value": 0.72042490525927461, "supply": [{"l": "Potash", "v": 1.2692446491635438}, {"l": "Phosphate", "v": 4.3275666423509422}, {"l": "Nitrogen", "v": 56.356171795084933}]}, {"source": 22, "prod": 0, "target": 24, "value": 74.120821679424935, "supply": [{"l": "Natural gas (including LNG)", "v": 50.236478246013213}, {"l": "Fuel oil", "v": 13.922196081939891}, {"l": "Liquefied petroleum gas (LPG)", "v": 4.9810736757359182}, {"l": "Coal", "v": 4.9810736757359182}]}, {"source": 25, "prod": 0, "target": 3, "value": 17.829736304106103, "supply": "[{\"l\":'Labor',\"v\":17.829736304106103}]"}, {"source": 25, "prod": 0, "target": 4, "value": 3.6834802675911922, "supply": "[{\"l\":'Labor',\"v\":3.6834802675911922}]"}, {"source": 25, "prod": 0, "target": 5, "value": 13.845802112743279, "supply": "[{\"l\":'Labor',\"v\":13.845802112743279}]"}, {"source": 25, "prod": 0, "target": 6, "value": 14.093084913985749, "supply": "[{\"l\":'Labor',\"v\":14.093084913985749}]"}, {"source": 25, "prod": 0, "target": 7, "value": 14.872995239685618, "supply": "[{\"l\":'Labor',\"v\":14.872995239685618}]"}, {"source": 25, "prod": 0, "target": 11, "value": 0.75680985104362719, "supply": "[{\"l\":'Labor',\"v\":0.75680985104362719}]"}, {"source": 22, "prod": 0, "target": 16, "value": 83.964127931304461, "supply": "[{\"l\":'Fossil Fuels',\"v\":83.964127931304461}]"}, {"source": 23, "prod": 0, "target": 16, "value": 16.66328221611375, "supply": "[{\"l\":'Renewables & Nuclear',\"v\":4.9159509203122083},{\"l\":'Biomass & Waste',\"v\":11.747331295801541}]"}]}