{"nodes": [{"layer": 3, "name": "Plantains"}, {"layer": 5, "name": "Production", "fill": "#b5cf6b"}, {"layer": 3, "name": "Nuts"}, {"layer": 3, "name": "Cloves"}, {"layer": 3, "name": "Coconuts - Incl Copra"}, {"layer": 3, "name": "Treenuts"}, {"layer": 3, "name": "Roots, Other"}, {"layer": 3, "name": "Sesame seed"}, {"layer": 3, "name": "Groundnuts"}, {"layer": 3, "name": "Pulses, Other"}, {"layer": 3, "name": "Sorghum"}, {"layer": 3, "name": "Grapefruit"}, {"layer": 3, "name": "Coffee"}, {"layer": 3, "name": "Wheat"}, {"layer": 3, "name": "Pimento"}, {"layer": 3, "name": "Oilcrops, Other"}, {"layer": 3, "name": "Dates"}, {"layer": 3, "name": "Oats"}, {"layer": 3, "name": "Soyabeans"}, {"layer": 3, "name": "Beans"}, {"layer": 3, "name": "Sugar beet"}, {"layer": 3, "name": "Palm kernels"}, {"layer": 3, "name": "Onions"}, {"layer": 3, "name": "Maize"}, {"layer": 3, "name": "Vegetables, Other"}, {"layer": 3, "name": "Barley"}, {"layer": 3, "name": "Tomatoes"}, {"layer": 3, "name": "Sunflower seed"}, {"layer": 3, "name": "Cereals, Other"}, {"layer": 3, "name": "Pepper"}, {"layer": 3, "name": "Peas"}, {"layer": 3, "name": "Grapes"}, {"layer": 3, "name": "Cottonseed"}, {"layer": 3, "name": "Sugar cane"}, {"layer": 3, "name": "Pineapples"}, {"layer": 3, "name": "Tea"}, {"layer": 3, "name": "Olives"}, {"layer": 3, "name": "Rye"}, {"layer": 3, "name": "Fruits, Other"}, {"layer": 3, "name": "Yams"}, {"layer": 3, "name": "Citrus, Other"}, {"layer": 3, "name": "Rice"}, {"layer": 3, "name": "Cocoa Beans"}, {"layer": 3, "name": "Potatoes"}, {"layer": 3, "name": "Apples"}, {"layer": 3, "name": "Lemons, Limes"}, {"layer": 3, "name": "Bananas"}, {"layer": 3, "name": "Spices, Other"}, {"layer": 3, "name": "Millet"}, {"layer": 3, "name": "Sweet potatoes"}, {"layer": 3, "name": "Rape and Mustardseed"}, {"layer": 3, "name": "Oranges, Mandarines"}, {"layer": 3, "name": "Cassava"}, {"layer": 3, "name": "Oil Palm"}, {"layer": 1, "name": "Electricity", "fill": "#bcbd22"}, {"layer": 0, "name": "Fossil Fuels", "fill": "#c49c94"}, {"layer": 0, "name": "Renewables & Nuclear", "fill": "#2ca02c"}, {"layer": 1, "name": "Fertilizers", "fill": "#c5b0d5"}, {"layer": 0, "name": "Labor", "fill": "#7f7f7f"}], "links": [{"source": 0, "prod": 9627.0, "target": 1, "value": 9.9675061882587457, "supply": [{"l": "Plantains", "v": 9.9675061882587457}]}, {"source": 2, "prod": 541.0, "target": 1, "value": 1.968474867664757, "supply": [{"l": "Nuts", "v": 1.968474867664757}]}, {"source": 3, "prod": 15.0, "target": 1, "value": 0.06830833708954058, "supply": [{"l": "Cloves", "v": 0.06830833708954058}]}, {"source": 4, "prod": 1304.0, "target": 1, "value": 2.3064590511455001, "supply": [{"l": "Coconuts - Incl Copra", "v": 2.3064590511455001}]}, {"source": 5, "prod": 542.0, "target": 1, "value": 1.9721134533720859, "supply": [{"l": "Treenuts", "v": 1.9721134533720859}]}, {"source": 6, "prod": 4020.0, "target": 1, "value": 4.6360194866079043, "supply": [{"l": "Roots, Other", "v": 4.6360194866079043}]}, {"source": 7, "prod": 370.0, "target": 1, "value": 2.4637743743741174, "supply": [{"l": "Sesame seed", "v": 2.4637743743741174}]}, {"source": 8, "prod": 3690.0, "target": 1, "value": 23.035458044190442, "supply": [{"l": "Groundnuts", "v": 23.035458044190442}]}, {"source": 9, "prod": 3001.0, "target": 1, "value": 11.8844486834957, "supply": [{"l": "Pulses, Other", "v": 11.8844486834957}]}, {"source": 10, "prod": 10616.0, "target": 1, "value": 37.146541430113373, "supply": [{"l": "Sorghum", "v": 37.146541430113373}]}, {"source": 11, "prod": 152.0, "target": 1, "value": 0.078463942837751419, "supply": [{"l": "Grapefruit", "v": 0.078463942837751419}]}, {"source": 12, "prod": 1079.0, "target": 1, "value": 0.84821721751397217, "supply": [{"l": "Coffee", "v": 0.84821721751397217}]}, {"source": 13, "prod": 6811.0, "target": 1, "value": 22.928168000291116, "supply": [{"l": "Wheat", "v": 22.928168000291116}]}, {"source": 14, "prod": 213.0, "target": 1, "value": 0.8097210880040151, "supply": [{"l": "Pimento", "v": 0.8097210880040151}]}, {"source": 15, "prod": 713.0, "target": 1, "value": 3.4172384101327502, "supply": [{"l": "Oilcrops, Other", "v": 3.4172384101327502}]}, {"source": 16, "prod": 736.0, "target": 1, "value": 1.3643372317435807, "supply": [{"l": "Dates", "v": 1.3643372317435807}]}, {"source": 17, "prod": 189.0, "target": 1, "value": 0.80230814846595011, "supply": [{"l": "Oats", "v": 0.80230814846595011}]}, {"source": 18, "prod": 74.0, "target": 1, "value": 0.41884164364360005, "supply": [{"l": "Soyabeans", "v": 0.41884164364360005}]}, {"source": 19, "prod": 759.0, "target": 1, "value": 2.9717177297548325, "supply": [{"l": "Beans", "v": 2.9717177297548325}]}, {"source": 20, "prod": 241.0, "target": 1, "value": 0.074948645766340666, "supply": [{"l": "Sugar beet", "v": 0.074948645766340666}]}, {"source": 21, "prod": 694.0, "target": 1, "value": 3.627115685358695, "supply": [{"l": "Palm kernels", "v": 3.627115685358695}]}, {"source": 22, "prod": 1390.0, "target": 1, "value": 0.60830651086438148, "supply": [{"l": "Onions", "v": 0.60830651086438148}]}, {"source": 23, "prod": 15584.0, "target": 1, "value": 57.753788545656761, "supply": [{"l": "Maize", "v": 57.753788545656761}]}, {"source": 24, "prod": 11020.0, "target": 1, "value": 3.3494093253380193, "supply": [{"l": "Vegetables, Other", "v": 3.3494093253380193}]}, {"source": 25, "prod": 2859.0, "target": 1, "value": 9.0336427319181993, "supply": [{"l": "Barley", "v": 9.0336427319181993}]}, {"source": 26, "prod": 2398.0, "target": 1, "value": 0.58841329174583246, "supply": [{"l": "Tomatoes", "v": 0.58841329174583246}]}, {"source": 27, "prod": 118.0, "target": 1, "value": 0.50091196570890006, "supply": [{"l": "Sunflower seed", "v": 0.50091196570890006}]}, {"source": 28, "prod": 1539.0, "target": 1, "value": 5.9770737747417737, "supply": [{"l": "Cereals, Other", "v": 5.9770737747417737}]}, {"source": 29, "prod": 4.0, "target": 1, "value": 0.01821555655721082, "supply": [{"l": "Pepper", "v": 0.01821555655721082}]}, {"source": 30, "prod": 212.0, "target": 1, "value": 0.80352101036839285, "supply": [{"l": "Peas", "v": 0.80352101036839285}]}, {"source": 31, "prod": 2786.0, "target": 1, "value": 1.3913666365553294, "supply": [{"l": "Grapes", "v": 1.3913666365553294}]}, {"source": 32, "prod": 1769.0, "target": 1, "value": 9.2454865236304506, "supply": [{"l": "Cottonseed", "v": 9.2454865236304506}]}, {"source": 33, "prod": 29949.0, "target": 1, "value": 9.3138464400669569, "supply": [{"l": "Sugar cane", "v": 9.3138464400669569}]}, {"source": 34, "prod": 851.0, "target": 1, "value": 0.33142286022257345, "supply": [{"l": "Pineapples", "v": 0.33142286022257345}]}, {"source": 35, "prod": 59.0, "target": 1, "value": 0.068571110980000002, "supply": [{"l": "Tea", "v": 0.068571110980000002}]}, {"source": 36, "prod": 786.0, "target": 1, "value": 2.3832736383002149, "supply": [{"l": "Olives", "v": 2.3832736383002149}]}, {"source": 37, "prod": 16.0, "target": 1, "value": 0.048980961444807694, "supply": [{"l": "Rye", "v": 0.048980961444807694}]}, {"source": 38, "prod": 3791.0, "target": 1, "value": 2.0206279294698, "supply": [{"l": "Fruits, Other", "v": 2.0206279294698}]}, {"source": 39, "prod": 9168.0, "target": 1, "value": 10.583471940208911, "supply": [{"l": "Yams", "v": 10.583471940208911}]}, {"source": 40, "prod": 1256.0, "target": 1, "value": 0.43113808003817794, "supply": [{"l": "Citrus, Other", "v": 0.43113808003817794}]}, {"source": 41, "prod": 3846.0, "target": 1, "value": 16.513276825296085, "supply": [{"l": "Rice", "v": 16.513276825296085}]}, {"source": 42, "prod": 1150.0, "target": 1, "value": 2.7895823756185716, "supply": [{"l": "Cocoa Beans", "v": 2.7895823756185716}]}, {"source": 43, "prod": 2131.0, "target": 1, "value": 1.6972102250225236, "supply": [{"l": "Potatoes", "v": 1.6972102250225236}]}, {"source": 44, "prod": 201.0, "target": 1, "value": 0.10939081389340384, "supply": [{"l": "Apples", "v": 0.10939081389340384}]}, {"source": 45, "prod": 199.0, "target": 1, "value": 0.23128222178000002, "supply": [{"l": "Lemons, Limes", "v": 0.23128222178000002}]}, {"source": 46, "prod": 1901.0, "target": 1, "value": 1.3706627036778856, "supply": [{"l": "Bananas", "v": 1.3706627036778856}]}, {"source": 47, "prod": 25.0, "target": 1, "value": 0.1326567705796875, "supply": [{"l": "Spices, Other", "v": 0.1326567705796875}]}, {"source": 48, "prod": 7042.0, "target": 1, "value": 23.495422915575475, "supply": [{"l": "Millet", "v": 23.495422915575475}]}, {"source": 49, "prod": 2547.0, "target": 1, "value": 2.8986749140286463, "supply": [{"l": "Sweet potatoes", "v": 2.8986749140286463}]}, {"source": 50, "prod": 20.0, "target": 1, "value": 0.10452782954924196, "supply": [{"l": "Rape and Mustardseed", "v": 0.10452782954924196}]}, {"source": 51, "prod": 2196.0, "target": 1, "value": 0.8201222799568153, "supply": [{"l": "Oranges, Mandarines", "v": 0.8201222799568153}]}, {"source": 52, "prod": 23742.0, "target": 1, "value": 25.786176225110367, "supply": [{"l": "Cassava", "v": 25.786176225110367}]}, {"source": 53, "prod": 4578.5087719298244, "target": 1, "value": 19.435846008159409, "supply": [{"l": "Oil Palm", "v": 19.435846008159409}]}, {"source": 54, "prod": 0, "target": 23, "value": 0.010136680162535959, "supply": "[{\"l\":'Energy for power irrigation',\"v\":0.010136680162535959}]"}, {"source": 54, "prod": 0, "target": 36, "value": 0.0005006554359528254, "supply": "[{\"l\":'Energy for power irrigation',\"v\":0.0005006554359528254}]"}, {"source": 54, "prod": 0, "target": 24, "value": 0.0070407059304129216, "supply": "[{\"l\":'Energy for power irrigation',\"v\":0.0070407059304129216}]"}, {"source": 54, "prod": 0, "target": 0, "value": 0.0061604186371727121, "supply": "[{\"l\":'Energy for power irrigation',\"v\":0.0061604186371727121}]"}, {"source": 54, "prod": 0, "target": 37, "value": 1.0828425459539482e-05, "supply": "[{\"l\":'Energy for power irrigation',\"v\":1.0828425459539482e-05}]"}, {"source": 54, "prod": 0, "target": 2, "value": 0.00035956742187706099, "supply": "[{\"l\":'Energy for power irrigation',\"v\":0.00035956742187706099}]"}, {"source": 54, "prod": 0, "target": 39, "value": 0.0058393876706075414, "supply": "[{\"l\":'Energy for power irrigation',\"v\":0.0058393876706075414}]"}, {"source": 54, "prod": 0, "target": 40, "value": 0.00079971106849716588, "supply": "[{\"l\":'Energy for power irrigation',\"v\":0.00079971106849716588}]"}, {"source": 54, "prod": 0, "target": 11, "value": 9.9048244644611146e-05, "supply": "[{\"l\":'Energy for power irrigation',\"v\":9.9048244644611146e-05}]"}, {"source": 54, "prod": 0, "target": 25, "value": 0.0019675886026186743, "supply": "[{\"l\":'Energy for power irrigation',\"v\":0.0019675886026186743}]"}, {"source": 54, "prod": 0, "target": 42, "value": 0.00073696989745218708, "supply": "[{\"l\":'Energy for power irrigation',\"v\":0.00073696989745218708}]"}, {"source": 54, "prod": 0, "target": 41, "value": 0.0026351291838891079, "supply": "[{\"l\":'Energy for power irrigation',\"v\":0.0026351291838891079}]"}, {"source": 54, "prod": 0, "target": 26, "value": 0.001538910347661611, "supply": "[{\"l\":'Energy for power irrigation',\"v\":0.001538910347661611}]"}, {"source": 54, "prod": 0, "target": 3, "value": 9.8729761542859988e-06, "supply": "[{\"l\":'Energy for power irrigation',\"v\":9.8729761542859988e-06}]"}, {"source": 54, "prod": 0, "target": 28, "value": 0.0010009923888038997, "supply": "[{\"l\":'Energy for power irrigation',\"v\":0.0010009923888038997}]"}, {"source": 54, "prod": 0, "target": 12, "value": 0.00071053580000684071, "supply": "[{\"l\":'Energy for power irrigation',\"v\":0.00071053580000684071}]"}, {"source": 54, "prod": 0, "target": 13, "value": 0.0054664439584569315, "supply": "[{\"l\":'Energy for power irrigation',\"v\":0.0054664439584569315}]"}, {"source": 54, "prod": 0, "target": 4, "value": 0.00084525415204758192, "supply": "[{\"l\":'Energy for power irrigation',\"v\":0.00084525415204758192}]"}, {"source": 54, "prod": 0, "target": 5, "value": 0.00035924893877530988, "supply": "[{\"l\":'Energy for power irrigation',\"v\":0.00035924893877530988}]"}, {"source": 54, "prod": 0, "target": 6, "value": 0.0025628335197915944, "supply": "[{\"l\":'Energy for power irrigation',\"v\":0.0025628335197915944}]"}, {"source": 54, "prod": 0, "target": 30, "value": 0.00013758469995650167, "supply": "[{\"l\":'Energy for power irrigation',\"v\":0.00013758469995650167}]"}, {"source": 54, "prod": 0, "target": 7, "value": 0.00023981777561862439, "supply": "[{\"l\":'Energy for power irrigation',\"v\":0.00023981777561862439}]"}, {"source": 54, "prod": 0, "target": 32, "value": 0.0011280671464026131, "supply": "[{\"l\":'Energy for power irrigation',\"v\":0.0011280671464026131}]"}, {"source": 54, "prod": 0, "target": 43, "value": 0.0014322185085749721, "supply": "[{\"l\":'Energy for power irrigation',\"v\":0.0014322185085749721}]"}, {"source": 54, "prod": 0, "target": 31, "value": 0.0017806390218907426, "supply": "[{\"l\":'Energy for power irrigation',\"v\":0.0017806390218907426}]"}, {"source": 54, "prod": 0, "target": 8, "value": 0.0023574119191620952, "supply": "[{\"l\":'Energy for power irrigation',\"v\":0.0023574119191620952}]"}, {"source": 54, "prod": 0, "target": 53, "value": 0.0014581776750791106, "supply": "[{\"l\":'Energy for power irrigation',\"v\":0.0014581776750791106}]"}, {"source": 54, "prod": 0, "target": 15, "value": 0.00045797870031816983, "supply": "[{\"l\":'Energy for power irrigation',\"v\":0.00045797870031816983}]"}, {"source": 54, "prod": 0, "target": 27, "value": 7.7709876827283345e-05, "supply": "[{\"l\":'Energy for power irrigation',\"v\":7.7709876827283345e-05}]"}, {"source": 54, "prod": 0, "target": 16, "value": 0.00049237487530729524, "supply": "[{\"l\":'Energy for power irrigation',\"v\":0.00049237487530729524}]"}, {"source": 54, "prod": 0, "target": 17, "value": 0.00012898565620922029, "supply": "[{\"l\":'Energy for power irrigation',\"v\":0.00012898565620922029}]"}, {"source": 54, "prod": 0, "target": 18, "value": 5.0957296280185804e-05, "supply": "[{\"l\":'Energy for power irrigation',\"v\":5.0957296280185804e-05}]"}, {"source": 54, "prod": 0, "target": 38, "value": 0.0024383066270068907, "supply": "[{\"l\":'Energy for power irrigation',\"v\":0.0024383066270068907}]"}, {"source": 54, "prod": 0, "target": 14, "value": 0.00013694773375299933, "supply": "[{\"l\":'Energy for power irrigation',\"v\":0.00013694773375299933}]"}, {"source": 54, "prod": 0, "target": 29, "value": 4.1402803227650964e-06, "supply": "[{\"l\":'Energy for power irrigation',\"v\":4.1402803227650964e-06}]"}, {"source": 54, "prod": 0, "target": 19, "value": 0.00049683363873181149, "supply": "[{\"l\":'Energy for power irrigation',\"v\":0.00049683363873181149}]"}, {"source": 54, "prod": 0, "target": 9, "value": 0.001930007596612037, "supply": "[{\"l\":'Energy for power irrigation',\"v\":0.001930007596612037}]"}, {"source": 54, "prod": 0, "target": 20, "value": 0.00015350885504405971, "supply": "[{\"l\":'Energy for power irrigation',\"v\":0.00015350885504405971}]"}, {"source": 54, "prod": 0, "target": 45, "value": 0.00012707475759871333, "supply": "[{\"l\":'Energy for power irrigation',\"v\":0.00012707475759871333}]"}, {"source": 54, "prod": 0, "target": 10, "value": 0.0068222265226116248, "supply": "[{\"l\":'Energy for power irrigation',\"v\":0.0068222265226116248}]"}, {"source": 54, "prod": 0, "target": 33, "value": 0.019076182345589304, "supply": "[{\"l\":'Energy for power irrigation',\"v\":0.019076182345589304}]"}, {"source": 54, "prod": 0, "target": 34, "value": 0.00054237672228222753, "supply": "[{\"l\":'Energy for power irrigation',\"v\":0.00054237672228222753}]"}, {"source": 54, "prod": 0, "target": 46, "value": 0.0012261599417419708, "supply": "[{\"l\":'Energy for power irrigation',\"v\":0.0012261599417419708}]"}, {"source": 54, "prod": 0, "target": 47, "value": 1.815353679981619e-05, "supply": "[{\"l\":'Energy for power irrigation',\"v\":1.815353679981619e-05}]"}, {"source": 54, "prod": 0, "target": 35, "value": 6.7199934469495021e-05, "supply": "[{\"l\":'Energy for power irrigation',\"v\":6.7199934469495021e-05}]"}, {"source": 54, "prod": 0, "target": 48, "value": 0.0045374287506487945, "supply": "[{\"l\":'Energy for power irrigation',\"v\":0.0045374287506487945}]"}, {"source": 54, "prod": 0, "target": 49, "value": 0.0016538827473937803, "supply": "[{\"l\":'Energy for power irrigation',\"v\":0.0016538827473937803}]"}, {"source": 54, "prod": 0, "target": 50, "value": 3.4077691887374249e-05, "supply": "[{\"l\":'Energy for power irrigation',\"v\":3.4077691887374249e-05}]"}, {"source": 54, "prod": 0, "target": 51, "value": 0.0014048289618243722, "supply": "[{\"l\":'Energy for power irrigation',\"v\":0.0014048289618243722}]"}, {"source": 54, "prod": 0, "target": 21, "value": 0.0004430099945358653, "supply": "[{\"l\":'Energy for power irrigation',\"v\":0.0004430099945358653}]"}, {"source": 54, "prod": 0, "target": 52, "value": 0.015123170086653892, "supply": "[{\"l\":'Energy for power irrigation',\"v\":0.015123170086653892}]"}, {"source": 54, "prod": 0, "target": 22, "value": 0.0008968484145312701, "supply": "[{\"l\":'Energy for power irrigation',\"v\":0.0008968484145312701}]"}, {"source": 54, "prod": 0, "target": 44, "value": 0.00013599228444774586, "supply": "[{\"l\":'Energy for power irrigation',\"v\":0.00013599228444774586}]"}, {"source": 55, "prod": 0, "target": 54, "value": 0.21960804452339716, "supply": [{"l": "Coal", "v": 0.11351269341906228}, {"l": "Natural gas", "v": 0.034853780007861795}, {"l": "Oil", "v": 0.071241571096473097}]}, {"source": 56, "prod": 0, "target": 54, "value": 0.030742710283892964, "supply": [{"l": "Nuclear", "v": 0.0035100612633059466}, {"l": "Hydroelectric", "v": 0.026882926323900547}, {"l": "Renewable", "v": 0.0003497226966864677}]}, {"source": 55, "prod": 0, "target": 23, "value": 0.36370418571442148, "supply": [{"l": "Motor Gasoline", "v": 0.0096951577658599634}, {"l": "Gas-Diesel oil", "v": 0.035899886083934268}, {"l": "Natural gas (including LNG)", "v": 0.014444253104892947}, {"l": "Fuel oil", "v": 0.012771248704864941}, {"l": "Liquefied petroleum gas (LPG)", "v": 0.0023003810500385061}, {"l": "Coal", "v": 0.28859325900483085}]}, {"source": 55, "prod": 0, "target": 36, "value": 0.017963522054262618, "supply": [{"l": "Motor Gasoline", "v": 0.00047884843558916248}, {"l": "Gas-Diesel oil", "v": 0.0017731123829315279}, {"l": "Natural gas (including LNG)", "v": 0.00071340850448949706}, {"l": "Fuel oil", "v": 0.00063077802450822187}, {"l": "Liquefied petroleum gas (LPG)", "v": 0.00011361690997425323}, {"l": "Coal", "v": 0.014253757796769953}]}, {"source": 55, "prod": 0, "target": 24, "value": 0.25262059927072755, "supply": [{"l": "Motor Gasoline", "v": 0.0067340345836956837}, {"l": "Gas-Diesel oil", "v": 0.024935238835538987}, {"l": "Natural gas (including LNG)", "v": 0.010032647461036458}, {"l": "Fuel oil", "v": 0.0088706169133608535}, {"l": "Liquefied petroleum gas (LPG)", "v": 0.0015977920030539544}, {"l": "Coal", "v": 0.2004502694740416}]}, {"source": 55, "prod": 0, "target": 0, "value": 0.22103588237633703, "supply": [{"l": "Motor Gasoline", "v": 0.0058920898788811515}, {"l": "Gas-Diesel oil", "v": 0.021817629022292968}, {"l": "Natural gas (including LNG)", "v": 0.0087782828895294797}, {"l": "Fuel oil", "v": 0.0077615390127624279}, {"l": "Liquefied petroleum gas (LPG)", "v": 0.0013980228305546947}, {"l": "Coal", "v": 0.17538831874231631}]}, {"source": 55, "prod": 0, "target": 37, "value": 0.00038852401389626522, "supply": [{"l": "Motor Gasoline", "v": 1.0356772779918272e-05}, {"l": "Gas-Diesel oil", "v": 3.8349758918366378e-05}, {"l": "Natural gas (including LNG)", "v": 1.5429954931706678e-05}, {"l": "Fuel oil", "v": 1.3642781700559506e-05}, {"l": "Liquefied petroleum gas (LPG)", "v": 2.4573631928273596e-06}, {"l": "Coal", "v": 0.00030828738237288701}]}, {"source": 55, "prod": 0, "target": 2, "value": 0.012901282696731867, "supply": [{"l": "Motor Gasoline", "v": 0.00034390577848610965}, {"l": "Gas-Diesel oil", "v": 0.0012734375829069307}, {"l": "Natural gas (including LNG)", "v": 0.00051236526817343645}, {"l": "Fuel oil", "v": 0.00045302060411563772}, {"l": "Liquefied petroleum gas (LPG)", "v": 8.159891307947321e-05}, {"l": "Coal", "v": 0.010236954549970277}]}, {"source": 55, "prod": 0, "target": 39, "value": 0.20951728808200071, "supply": [{"l": "Motor Gasoline", "v": 0.0055850420270529859}, {"l": "Gas-Diesel oil", "v": 0.020680671463771987}, {"l": "Natural gas (including LNG)", "v": 0.008320830108024764}, {"l": "Fuel oil", "v": 0.0073570706611693695}, {"l": "Liquefied petroleum gas (LPG)", "v": 0.0013251692394261661}, {"l": "Coal", "v": 0.16624850458255541}]}, {"source": 55, "prod": 0, "target": 40, "value": 0.028693641143927119, "supply": [{"l": "Motor Gasoline", "v": 0.00076487813089337587}, {"l": "Gas-Diesel oil", "v": 0.0028322424895299405}, {"l": "Natural gas (including LNG)", "v": 0.0011395475539269257}, {"l": "Fuel oil", "v": 0.0010075595544148507}, {"l": "Liquefied petroleum gas (LPG)", "v": 0.00018148349932910296}, {"l": "Coal", "v": 0.022767929915832923}]}, {"source": 55, "prod": 0, "target": 11, "value": 0.0035538520094628968, "supply": [{"l": "Motor Gasoline", "v": 9.4734009839840658e-05}, {"l": "Gas-Diesel oil", "v": 0.00035078750069446893}, {"l": "Natural gas (including LNG)", "v": 0.00014113870540472873}, {"l": "Fuel oil", "v": 0.00012479132673158842}, {"l": "Liquefied petroleum gas (LPG)", "v": 2.2477645675567908e-05}, {"l": "Coal", "v": 0.0028199228211167019}]}, {"source": 55, "prod": 0, "target": 25, "value": 0.070597098760327257, "supply": [{"l": "Motor Gasoline", "v": 0.0018818865363039732}, {"l": "Gas-Diesel oil", "v": 0.006968376782284339}, {"l": "Natural gas (including LNG)", "v": 0.0028037135755318789}, {"l": "Fuel oil", "v": 0.0024789736866487246}, {"l": "Liquefied petroleum gas (LPG)", "v": 0.00044651734721433617}, {"l": "Coal", "v": 0.056017630832344005}]}, {"source": 55, "prod": 0, "target": 42, "value": 0.026442487298704642, "supply": [{"l": "Motor Gasoline", "v": 0.00070486977096267294}, {"l": "Gas-Diesel oil", "v": 0.0026100394746205826}, {"l": "Natural gas (including LNG)", "v": 0.0010501445797638017}, {"l": "Fuel oil", "v": 0.00092851167220866756}, {"l": "Liquefied petroleum gas (LPG)", "v": 0.00016724524788830914}, {"l": "Coal", "v": 0.020981676553260605}]}, {"source": 55, "prod": 0, "target": 41, "value": 0.09454846149934408, "supply": [{"l": "Motor Gasoline", "v": 0.0025203511170895231}, {"l": "Gas-Diesel oil", "v": 0.0093325266261930426}, {"l": "Natural gas (including LNG)", "v": 0.003754924914851208}, {"l": "Fuel oil", "v": 0.0033200110526596873}, {"l": "Liquefied petroleum gas (LPG)", "v": 0.00059800656051334049}, {"l": "Coal", "v": 0.075022641228037271}]}, {"source": 55, "prod": 0, "target": 26, "value": 0.055216118680786873, "supply": [{"l": "Motor Gasoline", "v": 0.0014718801786048556}, {"l": "Gas-Diesel oil", "v": 0.0054501775027513636}, {"l": "Natural gas (including LNG)", "v": 0.0021928688891178433}, {"l": "Fuel oil", "v": 0.0019388800346206922}, {"l": "Liquefied petroleum gas (LPG)", "v": 0.00034923467493358246}, {"l": "Coal", "v": 0.043813077400758536}]}, {"source": 55, "prod": 0, "target": 3, "value": 0.00035424248325835949, "supply": [{"l": "Motor Gasoline", "v": 9.4429398875725428e-06}, {"l": "Gas-Diesel oil", "v": 3.4965956660863464e-05}, {"l": "Natural gas (including LNG)", "v": 1.4068488320085504e-05}, {"l": "Fuel oil", "v": 1.2439006844627786e-05}, {"l": "Liquefied petroleum gas (LPG)", "v": 2.2405370287543578e-06}, {"l": "Coal", "v": 0.00028108555451645585}]}, {"source": 55, "prod": 0, "target": 28, "value": 0.035915616931645931, "supply": [{"l": "Motor Gasoline", "v": 0.00095739226021420972}, {"l": "Gas-Diesel oil", "v": 0.0035450968317772215}, {"l": "Natural gas (including LNG)", "v": 0.0014263631867751205}, {"l": "Fuel oil", "v": 0.0012611547907311334}, {"l": "Liquefied petroleum gas (LPG)", "v": 0.00022716154456048213}, {"l": "Coal", "v": 0.028498448317587764}]}, {"source": 55, "prod": 0, "target": 12, "value": 0.025494031617722582, "supply": [{"l": "Motor Gasoline", "v": 0.00067958706094110779}, {"l": "Gas-Diesel oil", "v": 0.002516420945496335}, {"l": "Natural gas (including LNG)", "v": 0.0010124773368422825}, {"l": "Fuel oil", "v": 0.00089520723452789002}, {"l": "Liquefied petroleum gas (LPG)", "v": 0.0001612463906822894}, {"l": "Coal", "v": 0.020229092649232675}]}, {"source": 55, "prod": 0, "target": 13, "value": 0.19613606395633815, "supply": [{"l": "Motor Gasoline", "v": 0.0052283425880740361}, {"l": "Gas-Diesel oil", "v": 0.019359860649260017}, {"l": "Natural gas (including LNG)", "v": 0.0077894043072886318}, {"l": "Fuel oil", "v": 0.0068871972090706881}, {"l": "Liquefied petroleum gas (LPG)", "v": 0.0012405347600496707}, {"l": "Coal", "v": 0.1556307244425951}]}, {"source": 55, "prod": 0, "target": 4, "value": 0.030327727437667294, "supply": [{"l": "Motor Gasoline", "v": 0.00080843749876185578}, {"l": "Gas-Diesel oil", "v": 0.0029935370638042463}, {"l": "Natural gas (including LNG)", "v": 0.0012044441290808684}, {"l": "Fuel oil", "v": 0.0010649394892142628}, {"l": "Liquefied petroleum gas (LPG)", "v": 0.00019181887981658275}, {"l": "Coal", "v": 0.024064550376989478}]}, {"source": 55, "prod": 0, "target": 5, "value": 0.012889855519852564, "supply": [{"l": "Motor Gasoline", "v": 0.00034360116752199445}, {"l": "Gas-Diesel oil", "v": 0.0012723096488210964}, {"l": "Natural gas (including LNG)", "v": 0.0005119114459695628}, {"l": "Fuel oil", "v": 0.00045261934583032718}, {"l": "Liquefied petroleum gas (LPG)", "v": 8.1526637691448886e-05}, {"l": "Coal", "v": 0.010227887274018134}]}, {"source": 55, "prod": 0, "target": 6, "value": 0.091954492347742542, "supply": [{"l": "Motor Gasoline", "v": 0.0024512044282353628}, {"l": "Gas-Diesel oil", "v": 0.0090764855887086552}, {"l": "Natural gas (including LNG)", "v": 0.003651907274571872}, {"l": "Fuel oil", "v": 0.0032289254218941868}, {"l": "Liquefied petroleum gas (LPG)", "v": 0.00058160004743181665}, {"l": "Coal", "v": 0.07296436958690064}]}, {"source": 55, "prod": 0, "target": 30, "value": 0.0049365404118584299, "supply": [{"l": "Motor Gasoline", "v": 0.0001315919364977851}, {"l": "Gas-Diesel oil", "v": 0.00048726752508041995}, {"l": "Natural gas (including LNG)", "v": 0.0001960511920734496}, {"l": "Fuel oil", "v": 0.00017334357925416786}, {"l": "Liquefied petroleum gas (LPG)", "v": 3.1222967626512343e-05}, {"l": "Coal", "v": 0.0039170632113260948}]}, {"source": 55, "prod": 0, "target": 7, "value": 0.0086046641901143441, "supply": [{"l": "Motor Gasoline", "v": 0.00022937205597877818}, {"l": "Gas-Diesel oil", "v": 0.0008493343666332319}, {"l": "Natural gas (including LNG)", "v": 0.00034172811951691559}, {"l": "Fuel oil", "v": 0.00030214748883886203}, {"l": "Liquefied petroleum gas (LPG)", "v": 5.4423367182323586e-05}, {"l": "Coal", "v": 0.0068276587919642332}]}, {"source": 55, "prod": 0, "target": 32, "value": 0.040475060506487394, "supply": [{"l": "Motor Gasoline", "v": 0.0010789320348961917}, {"l": "Gas-Diesel oil", "v": 0.003995142532025109}, {"l": "Natural gas (including LNG)", "v": 0.001607438246120737}, {"l": "Fuel oil", "v": 0.0014212568465700522}, {"l": "Liquefied petroleum gas (LPG)", "v": 0.00025599942438219142}, {"l": "Coal", "v": 0.032116291422493115}]}, {"source": 55, "prod": 0, "target": 43, "value": 0.051388014426220735, "supply": [{"l": "Motor Gasoline", "v": 0.0013698355056262492}, {"l": "Gas-Diesel oil", "v": 0.0050723195839968713}, {"l": "Natural gas (including LNG)", "v": 0.0020408384508201452}, {"l": "Fuel oil", "v": 0.0018044585090416503}, {"l": "Liquefied petroleum gas (LPG)", "v": 0.00032502241994543054}, {"l": "Coal", "v": 0.040775539956790383}]}, {"source": 55, "prod": 0, "target": 31, "value": 0.06388934593217703, "supply": [{"l": "Motor Gasoline", "v": 0.0017030799003683254}, {"l": "Gas-Diesel oil", "v": 0.0063062794738996007}, {"l": "Natural gas (including LNG)", "v": 0.0025373199418580014}, {"l": "Fuel oil", "v": 0.0022434350731714179}, {"l": "Liquefied petroleum gas (LPG)", "v": 0.00040409169444405204}, {"l": "Coal", "v": 0.050695139848435627}]}, {"source": 55, "prod": 0, "target": 8, "value": 0.084583963260592809, "supply": [{"l": "Motor Gasoline", "v": 0.002254730356381031}, {"l": "Gas-Diesel oil", "v": 0.0083489681033455283}, {"l": "Natural gas (including LNG)", "v": 0.0033591919530733187}, {"l": "Fuel oil", "v": 0.0029701138278688667}, {"l": "Liquefied petroleum gas (LPG)", "v": 0.00053498242215612108}, {"l": "Coal", "v": 0.06711597659776794}]}, {"source": 55, "prod": 0, "target": 53, "value": 0.052319429580277514, "supply": [{"l": "Motor Gasoline", "v": 0.0013946639712276423}, {"l": "Gas-Diesel oil", "v": 0.0051642561061510141}, {"l": "Natural gas (including LNG)", "v": 0.0020778289413323791}, {"l": "Fuel oil", "v": 0.0018371645791039821}, {"l": "Liquefied petroleum gas (LPG)", "v": 0.00033091349806404553}, {"l": "Coal", "v": 0.04151460248439845}]}, {"source": 55, "prod": 0, "target": 15, "value": 0.016432280352436157, "supply": [{"l": "Motor Gasoline", "v": 0.0004380305663977198}, {"l": "Gas-Diesel oil", "v": 0.0016219692154297309}, {"l": "Natural gas (including LNG)", "v": 0.00065259632917041778}, {"l": "Fuel oil", "v": 0.00057700941427660496}, {"l": "Liquefied petroleum gas (LPG)", "v": 0.00010393200797899245}, {"l": "Coal", "v": 0.013038742819182691}]}, {"source": 55, "prod": 0, "target": 27, "value": 0.0027882311585496681, "supply": [{"l": "Motor Gasoline", "v": 7.432507524411937e-05}, {"l": "Gas-Diesel oil", "v": 0.00027521591694357048}, {"l": "Natural gas (including LNG)", "v": 0.00011073261774518912}, {"l": "Fuel oil", "v": 9.790702161577999e-05}, {"l": "Liquefied petroleum gas (LPG)", "v": 1.7635194677937524e-05}, {"l": "Coal", "v": 0.0022124153323230715}]}, {"source": 55, "prod": 0, "target": 16, "value": 0.017666415455400767, "supply": [{"l": "Motor Gasoline", "v": 0.00047092855052216617}, {"l": "Gas-Diesel oil", "v": 0.0017437860966998361}, {"l": "Natural gas (including LNG)", "v": 0.00070160912718878019}, {"l": "Fuel oil", "v": 0.00062034530909014704}, {"l": "Liquefied petroleum gas (LPG)", "v": 0.00011173774988562055}, {"l": "Coal", "v": 0.014018008622014216}]}, {"source": 55, "prod": 0, "target": 17, "value": 0.0046280066361172774, "supply": [{"l": "Motor Gasoline", "v": 0.00012336744046667354}, {"l": "Gas-Diesel oil", "v": 0.00045681330476289361}, {"l": "Natural gas (including LNG)", "v": 0.00018379799256885897}, {"l": "Fuel oil", "v": 0.00016250960555078237}, {"l": "Liquefied petroleum gas (LPG)", "v": 2.9271532149855314e-05}, {"l": "Coal", "v": 0.003672246760618213}]}, {"source": 55, "prod": 0, "target": 18, "value": 0.0018283483006883072, "supply": [{"l": "Motor Gasoline", "v": 4.8737754258438928e-05}, {"l": "Gas-Diesel oil", "v": 0.00018046945373348885}, {"l": "Natural gas (including LNG)", "v": 7.2611552619796142e-05}, {"l": "Fuel oil", "v": 6.4201325649691801e-05}, {"l": "Liquefied petroleum gas (LPG)", "v": 1.1564062083893459e-05}, {"l": "Coal", "v": 0.0014507641523429978}]}, {"source": 55, "prod": 0, "target": 38, "value": 0.087486466187935499, "supply": [{"l": "Motor Gasoline", "v": 0.0023321015412663027}, {"l": "Gas-Diesel oil", "v": 0.0086354633611474413}, {"l": "Natural gas (including LNG)", "v": 0.0034744627928572453}, {"l": "Fuel oil", "v": 0.0030720334323377529}, {"l": "Liquefied petroleum gas (LPG)", "v": 0.00055334037071430207}, {"l": "Coal", "v": 0.069419064689612453}]}, {"source": 55, "prod": 0, "target": 14, "value": 0.0049136860580998257, "supply": [{"l": "Motor Gasoline", "v": 0.00013098271456955462}, {"l": "Gas-Diesel oil", "v": 0.00048501165690875128}, {"l": "Natural gas (including LNG)", "v": 0.00019514354766570212}, {"l": "Fuel oil", "v": 0.00017254106268354671}, {"l": "Liquefied petroleum gas (LPG)", "v": 3.1078416850463669e-05}, {"l": "Coal", "v": 0.0038989286594218069}]}, {"source": 55, "prod": 0, "target": 29, "value": 0.00014855329943092496, "supply": [{"l": "Motor Gasoline", "v": 3.959942533498163e-06}, {"l": "Gas-Diesel oil", "v": 1.4663143115845968e-05}, {"l": "Natural gas (including LNG)", "v": 5.8996886503584361e-06}, {"l": "Fuel oil", "v": 5.2163577090374587e-06}, {"l": "Liquefied petroleum gas (LPG)", "v": 9.3958004431634351e-07}, {"l": "Coal", "v": 0.00011787458737786857}]}, {"source": 55, "prod": 0, "target": 19, "value": 0.017826395931710995, "supply": [{"l": "Motor Gasoline", "v": 0.00047519310401977955}, {"l": "Gas-Diesel oil", "v": 0.0017595771739015163}, {"l": "Natural gas (including LNG)", "v": 0.00070796263804301233}, {"l": "Fuel oil", "v": 0.00062596292508449499}, {"l": "Liquefied petroleum gas (LPG)", "v": 0.00011274960531796122}, {"l": "Coal", "v": 0.014144950485344228}]}, {"source": 55, "prod": 0, "target": 9, "value": 0.069248691888569636, "supply": [{"l": "Motor Gasoline", "v": 0.0018459424425383744}, {"l": "Gas-Diesel oil", "v": 0.0068352805601558904}, {"l": "Natural gas (including LNG)", "v": 0.0027501625554747786}, {"l": "Fuel oil", "v": 0.0024316252089820766}, {"l": "Liquefied petroleum gas (LPG)", "v": 0.00043798885142746471}, {"l": "Coal", "v": 0.054947692269991043}]}, {"source": 55, "prod": 0, "target": 20, "value": 0.0055078992558235257, "supply": [{"l": "Motor Gasoline", "v": 0.00014682248470354728}, {"l": "Gas-Diesel oil", "v": 0.00054366422937213513}, {"l": "Natural gas (including LNG)", "v": 0.00021874230226713587}, {"l": "Fuel oil", "v": 0.00019340649351969654}, {"l": "Liquefied petroleum gas (LPG)", "v": 3.4836737027729046e-05}, {"l": "Coal", "v": 0.0043704270089332808}]}, {"source": 55, "prod": 0, "target": 45, "value": 0.0045594435748414659, "supply": [{"l": "Motor Gasoline", "v": 0.00012153977468198207}, {"l": "Gas-Diesel oil", "v": 0.00045004570024788782}, {"l": "Natural gas (including LNG)", "v": 0.00018107505934561663}, {"l": "Fuel oil", "v": 0.00016010205583891893}, {"l": "Liquefied petroleum gas (LPG)", "v": 2.8837879821709311e-05}, {"l": "Coal", "v": 0.0036178431049053508}]}, {"source": 55, "prod": 0, "target": 10, "value": 0.2447815559315264, "supply": [{"l": "Motor Gasoline", "v": 0.0065250714623126269}, {"l": "Gas-Diesel oil", "v": 0.024161476052656655}, {"l": "Natural gas (including LNG)", "v": 0.0097213254291790823}, {"l": "Fuel oil", "v": 0.0085953537296377999}, {"l": "Liquefied petroleum gas (LPG)", "v": 0.001548211086869261}, {"l": "Coal", "v": 0.19423011817087096}]}, {"source": 55, "prod": 0, "target": 33, "value": 0.68445361353954703, "supply": [{"l": "Motor Gasoline", "v": 0.018245282917610729}, {"l": "Gas-Diesel oil", "v": 0.06755986793921738}, {"l": "Natural gas (including LNG)", "v": 0.02718258854542456}, {"l": "Fuel oil", "v": 0.024034167515247437}, {"l": "Liquefied petroleum gas (LPG)", "v": 0.0043290789164935409}, {"l": "Coal", "v": 0.5431026277055534}]}, {"source": 55, "prod": 0, "target": 34, "value": 0.019460482225451166, "supply": [{"l": "Motor Gasoline", "v": 0.0005187524718882593}, {"l": "Gas-Diesel oil", "v": 0.0019208717481758219}, {"l": "Natural gas (including LNG)", "v": 0.00077285921319695508}, {"l": "Fuel oil", "v": 0.000683342859883907}, {"l": "Liquefied petroleum gas (LPG)", "v": 0.000123084985805441}, {"l": "Coal", "v": 0.015441570946500782}]}, {"source": 55, "prod": 0, "target": 46, "value": 0.043994630985312394, "supply": [{"l": "Motor Gasoline", "v": 0.0011727522118436867}, {"l": "Gas-Diesel oil", "v": 0.0043425462304620757}, {"l": "Natural gas (including LNG)", "v": 0.0017472154849138449}, {"l": "Fuel oil", "v": 0.001544844398445709}, {"l": "Liquefied petroleum gas (LPG)", "v": 0.00027826024389368634}, {"l": "Coal", "v": 0.034909012415753386}]}, {"source": 55, "prod": 0, "target": 47, "value": 0.00065134908212020946, "supply": [{"l": "Motor Gasoline", "v": 1.7362824954568867e-05}, {"l": "Gas-Diesel oil", "v": 6.4292242892555407e-05}, {"l": "Natural gas (including LNG)", "v": 2.5867865620802374e-05}, {"l": "Fuel oil", "v": 2.2871722262702705e-05}, {"l": "Liquefied petroleum gas (LPG)", "v": 4.1196971173870451e-06}, {"l": "Coal", "v": 0.00051683472927219296}]}, {"source": 55, "prod": 0, "target": 35, "value": 0.0024111343215327051, "supply": [{"l": "Motor Gasoline", "v": 6.427291342831634e-05}, {"l": "Gas-Diesel oil", "v": 0.00023799409211103841}, {"l": "Natural gas (including LNG)", "v": 9.5756485017356162e-05}, {"l": "Fuel oil", "v": 8.4665498200531058e-05}, {"l": "Liquefied petroleum gas (LPG)", "v": 1.5250106873134498e-05}, {"l": "Coal", "v": 0.0019131952259023284}]}, {"source": 55, "prod": 0, "target": 48, "value": 0.16280298899941445, "supply": [{"l": "Motor Gasoline", "v": 0.0043397924057498715}, {"l": "Gas-Diesel oil", "v": 0.016069676920881348}, {"l": "Natural gas (including LNG)", "v": 0.0064656049385889728}, {"l": "Fuel oil", "v": 0.0057167267908197449}, {"l": "Liquefied petroleum gas (LPG)", "v": 0.0010297074531826881}, {"l": "Coal", "v": 0.12918148049019182}]}, {"source": 55, "prod": 0, "target": 49, "value": 0.059341329534214872, "supply": [{"l": "Motor Gasoline", "v": 0.0015818447366504585}, {"l": "Gas-Diesel oil", "v": 0.0058573617077375476}, {"l": "Natural gas (including LNG)", "v": 0.0023566987047162584}, {"l": "Fuel oil", "v": 0.0020837342756178097}, {"l": "Liquefied petroleum gas (LPG)", "v": 0.0003753260900103671}, {"l": "Coal", "v": 0.047086364019482421}]}, {"source": 55, "prod": 0, "target": 50, "value": 0.0012227079260853054, "supply": [{"l": "Motor Gasoline", "v": 3.2593373160331029e-05}, {"l": "Gas-Diesel oil", "v": 0.00012068894718427067}, {"l": "Natural gas (including LNG)", "v": 4.8558975814488666e-05}, {"l": "Fuel oil", "v": 4.2934636528231388e-05}, {"l": "Liquefied petroleum gas (LPG)", "v": 7.7334665186037503e-06}, {"l": "Coal", "v": 0.00097019852687937978}]}, {"source": 55, "prod": 0, "target": 51, "value": 0.050405277214600766, "supply": [{"l": "Motor Gasoline", "v": 0.0013436389627123383}, {"l": "Gas-Diesel oil", "v": 0.0049753172526151206}, {"l": "Natural gas (including LNG)", "v": 0.0020018097412870051}, {"l": "Fuel oil", "v": 0.0017699502965049408}, {"l": "Liquefied petroleum gas (LPG)", "v": 0.00031880673657533782}, {"l": "Coal", "v": 0.039995754224906019}]}, {"source": 55, "prod": 0, "target": 21, "value": 0.01589520303910897, "supply": [{"l": "Motor Gasoline", "v": 0.00042371385108430344}, {"l": "Gas-Diesel oil", "v": 0.0015689563133955188}, {"l": "Natural gas (including LNG)", "v": 0.0006312666855883527}, {"l": "Fuel oil", "v": 0.00055815027486700805}, {"l": "Liquefied petroleum gas (LPG)", "v": 0.00010053506474184876}, {"l": "Coal", "v": 0.012612580849431938}]}, {"source": 55, "prod": 0, "target": 52, "value": 0.54261949411365162, "supply": [{"l": "Motor Gasoline", "v": 0.014464451631012329}, {"l": "Gas-Diesel oil", "v": 0.053559950065841987}, {"l": "Natural gas (including LNG)", "v": 0.021549747350943876}, {"l": "Fuel oil", "v": 0.019053749677972596}, {"l": "Liquefied petroleum gas (LPG)", "v": 0.0034319968003355054}, {"l": "Coal", "v": 0.43055959858754533}]}, {"source": 55, "prod": 0, "target": 22, "value": 0.032178930092114207, "supply": [{"l": "Motor Gasoline", "v": 0.00085778447494852517}, {"l": "Gas-Diesel oil", "v": 0.0031762623857094037}, {"l": "Natural gas (including LNG)", "v": 0.0012779633261084122}, {"l": "Fuel oil", "v": 0.0011299433314345758}, {"l": "Liquefied petroleum gas (LPG)", "v": 0.00020352749267652488}, {"l": "Coal", "v": 0.025533449081236764}]}, {"source": 55, "prod": 0, "target": 44, "value": 0.00487940452746192, "supply": [{"l": "Motor Gasoline", "v": 0.00013006888167720889}, {"l": "Gas-Diesel oil", "v": 0.00048162785465124836}, {"l": "Natural gas (including LNG)", "v": 0.00019378208105408096}, {"l": "Fuel oil", "v": 0.00017133728782761499}, {"l": "Liquefied petroleum gas (LPG)", "v": 3.0861590686390671e-05}, {"l": "Coal", "v": 0.0038717268315653754}]}, {"source": 57, "prod": 402.2527811209963, "target": 23, "value": 5.4234216217581963, "supply": [{"l": "Potash", "v": 1.2692446491635438}, {"l": "Phosphate", "v": 4.3275666423509422}, {"l": "Nitrogen", "v": 56.356171795084933}]}, {"source": 57, "prod": 19.867455445588984, "target": 36, "value": 0.26786536349767137, "supply": [{"l": "Potash", "v": 1.2692446491635438}, {"l": "Phosphate", "v": 4.3275666423509422}, {"l": "Nitrogen", "v": 56.356171795084933}]}, {"source": 57, "prod": 279.3955709514222, "target": 24, "value": 3.7669844725464512, "supply": [{"l": "Potash", "v": 1.2692446491635438}, {"l": "Phosphate", "v": 4.3275666423509422}, {"l": "Nitrogen", "v": 56.356171795084933}]}, {"source": 57, "prod": 244.46322562597183, "target": 0, "value": 3.2960049148444388, "supply": [{"l": "Potash", "v": 1.2692446491635438}, {"l": "Phosphate", "v": 4.3275666423509422}, {"l": "Nitrogen", "v": 56.356171795084933}]}, {"source": 57, "prod": 0.42970323482826045, "target": 37, "value": 0.0057935256736137567, "supply": [{"l": "Potash", "v": 1.2692446491635438}, {"l": "Phosphate", "v": 4.3275666423509422}, {"l": "Nitrogen", "v": 56.356171795084933}]}, {"source": 57, "prod": 14.268675062385471, "target": 2, "value": 0.1923791319267627, "supply": [{"l": "Potash", "v": 1.2692446491635438}, {"l": "Phosphate", "v": 4.3275666423509422}, {"l": "Nitrogen", "v": 56.356171795084933}]}, {"source": 57, "prod": 231.72378854635753, "target": 39, "value": 3.1242439184031836, "supply": [{"l": "Potash", "v": 1.2692446491635438}, {"l": "Phosphate", "v": 4.3275666423509422}, {"l": "Nitrogen", "v": 56.356171795084933}]}, {"source": 57, "prod": 31.734847725110647, "target": 40, "value": 0.42786891077776895, "supply": [{"l": "Potash", "v": 1.2692446491635438}, {"l": "Phosphate", "v": 4.3275666423509422}, {"l": "Nitrogen", "v": 56.356171795084933}]}, {"source": 57, "prod": 3.9305207656349705, "target": 11, "value": 0.052993720132172899, "supply": [{"l": "Potash", "v": 1.2692446491635438}, {"l": "Phosphate", "v": 4.3275666423509422}, {"l": "Nitrogen", "v": 56.356171795084933}]}, {"source": 57, "prod": 78.07960543438216, "target": 25, "value": 1.0527176944584058, "supply": [{"l": "Potash", "v": 1.2692446491635438}, {"l": "Phosphate", "v": 4.3275666423509422}, {"l": "Nitrogen", "v": 56.356171795084933}]}, {"source": 57, "prod": 29.245096629193963, "target": 42, "value": 0.39430054143359511, "supply": [{"l": "Potash", "v": 1.2692446491635438}, {"l": "Phosphate", "v": 4.3275666423509422}, {"l": "Nitrogen", "v": 56.356171795084933}]}, {"source": 57, "prod": 104.5695460285008, "target": 41, "value": 1.4098715124553007, "supply": [{"l": "Potash", "v": 1.2692446491635438}, {"l": "Phosphate", "v": 4.3275666423509422}, {"l": "Nitrogen", "v": 56.356171795084933}]}, {"source": 57, "prod": 61.068412667357485, "target": 26, "value": 0.82336223690887278, "supply": [{"l": "Potash", "v": 1.2692446491635438}, {"l": "Phosphate", "v": 4.3275666423509422}, {"l": "Nitrogen", "v": 56.356171795084933}]}, {"source": 57, "prod": 0.39178824351988456, "target": 3, "value": 0.0052823322318243087, "supply": [{"l": "Potash", "v": 1.2692446491635438}, {"l": "Phosphate", "v": 4.3275666423509422}, {"l": "Nitrogen", "v": 56.356171795084933}]}, {"source": 57, "prod": 39.722272560741843, "target": 28, "value": 0.53556032918141294, "supply": [{"l": "Potash", "v": 1.2692446491635438}, {"l": "Phosphate", "v": 4.3275666423509422}, {"l": "Nitrogen", "v": 56.356171795084933}]}, {"source": 57, "prod": 28.196115202995561, "target": 12, "value": 0.38015752287742038, "supply": [{"l": "Potash", "v": 1.2692446491635438}, {"l": "Phosphate", "v": 4.3275666423509422}, {"l": "Nitrogen", "v": 56.356171795084933}]}, {"source": 57, "prod": 216.92430360565479, "target": 13, "value": 2.9247080782913688, "supply": [{"l": "Potash", "v": 1.2692446491635438}, {"l": "Phosphate", "v": 4.3275666423509422}, {"l": "Nitrogen", "v": 56.356171795084933}]}, {"source": 57, "prod": 33.542128977476565, "target": 4, "value": 0.45223579816973275, "supply": [{"l": "Potash", "v": 1.2692446491635438}, {"l": "Phosphate", "v": 4.3275666423509422}, {"l": "Nitrogen", "v": 56.356171795084933}]}, {"source": 57, "prod": 14.256036731949347, "target": 5, "value": 0.19220873411283287, "supply": [{"l": "Potash", "v": 1.2692446491635438}, {"l": "Phosphate", "v": 4.3275666423509422}, {"l": "Nitrogen", "v": 56.356171795084933}]}, {"source": 57, "prod": 101.70064501950036, "target": 6, "value": 1.3711912086932325, "supply": [{"l": "Potash", "v": 1.2692446491635438}, {"l": "Phosphate", "v": 4.3275666423509422}, {"l": "Nitrogen", "v": 56.356171795084933}]}, {"source": 57, "prod": 5.4597587484061334, "target": 30, "value": 0.073611855617680688, "supply": [{"l": "Potash", "v": 1.2692446491635438}, {"l": "Phosphate", "v": 4.3275666423509422}, {"l": "Nitrogen", "v": 56.356171795084933}]}, {"source": 57, "prod": 9.5166628184023558, "target": 7, "value": 0.12830955388915175, "supply": [{"l": "Potash", "v": 1.2692446491635438}, {"l": "Phosphate", "v": 4.3275666423509422}, {"l": "Nitrogen", "v": 56.356171795084933}]}, {"source": 57, "prod": 44.764966404755839, "target": 32, "value": 0.60354905693940963, "supply": [{"l": "Potash", "v": 1.2692446491635438}, {"l": "Phosphate", "v": 4.3275666423509422}, {"l": "Nitrogen", "v": 56.356171795084933}]}, {"source": 57, "prod": 56.834571971255514, "target": 43, "value": 0.76627896924238437, "supply": [{"l": "Potash", "v": 1.2692446491635438}, {"l": "Phosphate", "v": 4.3275666423509422}, {"l": "Nitrogen", "v": 56.356171795084933}]}, {"source": 57, "prod": 70.660905468376598, "target": 31, "value": 0.95269417768160347, "supply": [{"l": "Potash", "v": 1.2692446491635438}, {"l": "Phosphate", "v": 4.3275666423509422}, {"l": "Nitrogen", "v": 56.356171795084933}]}, {"source": 57, "prod": 93.54892188819953, "target": 8, "value": 1.2612846187085009, "supply": [{"l": "Potash", "v": 1.2692446491635438}, {"l": "Phosphate", "v": 4.3275666423509422}, {"l": "Nitrogen", "v": 56.356171795084933}]}, {"source": 57, "prod": 57.864706764347403, "target": 53, "value": 0.78016788579533036, "supply": [{"l": "Potash", "v": 1.2692446491635438}, {"l": "Phosphate", "v": 4.3275666423509422}, {"l": "Nitrogen", "v": 56.356171795084933}]}, {"source": 57, "prod": 18.173919167148192, "target": 15, "value": 0.24503205643107595, "supply": [{"l": "Potash", "v": 1.2692446491635438}, {"l": "Phosphate", "v": 4.3275666423509422}, {"l": "Nitrogen", "v": 56.356171795084933}]}, {"source": 57, "prod": 3.0837526264145749, "target": 27, "value": 0.041577066598875202, "supply": [{"l": "Potash", "v": 1.2692446491635438}, {"l": "Phosphate", "v": 4.3275666423509422}, {"l": "Nitrogen", "v": 56.356171795084933}]}, {"source": 57, "prod": 19.538858854249728, "target": 16, "value": 0.26343502033549615, "supply": [{"l": "Potash", "v": 1.2692446491635438}, {"l": "Phosphate", "v": 4.3275666423509422}, {"l": "Nitrogen", "v": 56.356171795084933}]}, {"source": 57, "prod": 5.1185238266307493, "target": 17, "value": 0.069011114641575638, "supply": [{"l": "Potash", "v": 1.2692446491635438}, {"l": "Phosphate", "v": 4.3275666423509422}, {"l": "Nitrogen", "v": 56.356171795084933}]}, {"source": 57, "prod": 2.0221328697800494, "target": 18, "value": 0.027263650228770624, "supply": [{"l": "Potash", "v": 1.2692446491635438}, {"l": "Phosphate", "v": 4.3275666423509422}, {"l": "Nitrogen", "v": 56.356171795084933}]}, {"source": 57, "prod": 96.759057818975364, "target": 38, "value": 1.3045656634466745, "supply": [{"l": "Potash", "v": 1.2692446491635438}, {"l": "Phosphate", "v": 4.3275666423509422}, {"l": "Nitrogen", "v": 56.356171795084933}]}, {"source": 57, "prod": 5.4344820875338824, "target": 14, "value": 0.073271059989821058, "supply": [{"l": "Potash", "v": 1.2692446491635438}, {"l": "Phosphate", "v": 4.3275666423509422}, {"l": "Nitrogen", "v": 56.356171795084933}]}, {"source": 57, "prod": 0.164298295669629, "target": 29, "value": 0.0022151715810876131, "supply": [{"l": "Potash", "v": 1.2692446491635438}, {"l": "Phosphate", "v": 4.3275666423509422}, {"l": "Nitrogen", "v": 56.356171795084933}]}, {"source": 57, "prod": 19.715795480355482, "target": 19, "value": 0.26582058973051359, "supply": [{"l": "Potash", "v": 1.2692446491635438}, {"l": "Phosphate", "v": 4.3275666423509422}, {"l": "Nitrogen", "v": 56.356171795084933}]}, {"source": 57, "prod": 76.588282442919365, "target": 9, "value": 1.0326107524146872, "supply": [{"l": "Potash", "v": 1.2692446491635438}, {"l": "Phosphate", "v": 4.3275666423509422}, {"l": "Nitrogen", "v": 56.356171795084933}]}, {"source": 57, "prod": 6.0916752702123986, "target": 20, "value": 0.0821317463141715, "supply": [{"l": "Potash", "v": 1.2692446491635438}, {"l": "Phosphate", "v": 4.3275666423509422}, {"l": "Nitrogen", "v": 56.356171795084933}]}, {"source": 57, "prod": 5.0426938440139981, "target": 45, "value": 0.067988727757996734, "supply": [{"l": "Potash", "v": 1.2692446491635438}, {"l": "Phosphate", "v": 4.3275666423509422}, {"l": "Nitrogen", "v": 56.356171795084933}]}, {"source": 57, "prod": 270.72567627224021, "target": 10, "value": 3.6500915721905969, "supply": [{"l": "Potash", "v": 1.2692446491635438}, {"l": "Phosphate", "v": 4.3275666423509422}, {"l": "Nitrogen", "v": 56.356171795084933}]}, {"source": 57, "prod": 756.99807813259758, "target": 33, "value": 10.206317860954213, "supply": [{"l": "Potash", "v": 1.2692446491635438}, {"l": "Phosphate", "v": 4.3275666423509422}, {"l": "Nitrogen", "v": 56.356171795084933}]}, {"source": 57, "prod": 21.523076732721396, "target": 34, "value": 0.29018747712247728, "supply": [{"l": "Potash", "v": 1.2692446491635438}, {"l": "Phosphate", "v": 4.3275666423509422}, {"l": "Nitrogen", "v": 56.356171795084933}]}, {"source": 57, "prod": 48.657572179082436, "target": 46, "value": 0.65603158362979319, "supply": [{"l": "Potash", "v": 1.2692446491635438}, {"l": "Phosphate", "v": 4.3275666423509422}, {"l": "Nitrogen", "v": 56.356171795084933}]}, {"source": 57, "prod": 0.72038483485914262, "target": 47, "value": 0.0097126753939995349, "supply": [{"l": "Potash", "v": 1.2692446491635438}, {"l": "Phosphate", "v": 4.3275666423509422}, {"l": "Nitrogen", "v": 56.356171795084933}]}, {"source": 57, "prod": 2.6666877220224401, "target": 35, "value": 0.035953938739191262, "supply": [{"l": "Potash", "v": 1.2692446491635438}, {"l": "Phosphate", "v": 4.3275666423509422}, {"l": "Nitrogen", "v": 56.356171795084933}]}, {"source": 57, "prod": 180.05829372347728, "target": 48, "value": 2.4276576550580944, "supply": [{"l": "Potash", "v": 1.2692446491635438}, {"l": "Phosphate", "v": 4.3275666423509422}, {"l": "Nitrogen", "v": 56.356171795084933}]}, {"source": 57, "prod": 65.63084995479872, "target": 49, "value": 0.88487584773753658, "supply": [{"l": "Potash", "v": 1.2692446491635438}, {"l": "Phosphate", "v": 4.3275666423509422}, {"l": "Nitrogen", "v": 56.356171795084933}]}, {"source": 57, "prod": 1.3523013566654078, "target": 50, "value": 0.018232566090490353, "supply": [{"l": "Potash", "v": 1.2692446491635438}, {"l": "Phosphate", "v": 4.3275666423509422}, {"l": "Nitrogen", "v": 56.356171795084933}]}, {"source": 57, "prod": 55.747675553748735, "target": 51, "value": 0.75162475724442013, "supply": [{"l": "Potash", "v": 1.2692446491635438}, {"l": "Phosphate", "v": 4.3275666423509422}, {"l": "Nitrogen", "v": 56.356171795084933}]}, {"source": 57, "prod": 17.579917636650304, "target": 21, "value": 0.2370233591763746, "supply": [{"l": "Potash", "v": 1.2692446491635438}, {"l": "Phosphate", "v": 4.3275666423509422}, {"l": "Nitrogen", "v": 56.356171795084933}]}, {"source": 57, "prod": 600.13112075941024, "target": 52, "value": 8.0913401944573327, "supply": [{"l": "Potash", "v": 1.2692446491635438}, {"l": "Phosphate", "v": 4.3275666423509422}, {"l": "Nitrogen", "v": 56.356171795084933}]}, {"source": 57, "prod": 35.589538508128868, "target": 22, "value": 0.47984024402636299, "supply": [{"l": "Potash", "v": 1.2692446491635438}, {"l": "Phosphate", "v": 4.3275666423509422}, {"l": "Nitrogen", "v": 56.356171795084933}]}, {"source": 57, "prod": 5.3965670962255068, "target": 44, "value": 0.072759866548031599, "supply": [{"l": "Potash", "v": 1.2692446491635438}, {"l": "Phosphate", "v": 4.3275666423509422}, {"l": "Nitrogen", "v": 56.356171795084933}]}, {"source": 55, "prod": 0, "target": 57, "value": 74.120821679424935, "supply": [{"l": "Natural gas (including LNG)", "v": 50.236478246013213}, {"l": "Fuel oil", "v": 13.922196081939891}, {"l": "Liquefied petroleum gas (LPG)", "v": 4.9810736757359182}, {"l": "Coal", "v": 4.9810736757359182}]}, {"source": 58, "prod": 0, "target": 23, "value": 3.7178988995787048, "supply": "[{\"l\":'Labor',\"v\":3.7178988995787048}]"}, {"source": 58, "prod": 0, "target": 36, "value": 0.18362878817826203, "supply": "[{\"l\":'Labor',\"v\":0.18362878817826203}]"}, {"source": 58, "prod": 0, "target": 24, "value": 2.5823674429114751, "supply": "[{\"l\":'Labor',\"v\":2.5823674429114751}]"}, {"source": 58, "prod": 0, "target": 0, "value": 2.2594985049186529, "supply": "[{\"l\":'Labor',\"v\":2.2594985049186529}]"}, {"source": 58, "prod": 0, "target": 37, "value": 0.0039716150114891277, "supply": "[{\"l\":'Labor',\"v\":0.0039716150114891277}]"}, {"source": 58, "prod": 0, "target": 2, "value": 0.1318809808226831, "supply": "[{\"l\":'Labor',\"v\":0.1318809808226831}]"}, {"source": 58, "prod": 0, "target": 39, "value": 2.1417518010486223, "supply": "[{\"l\":'Labor',\"v\":2.1417518010486223}]"}, {"source": 58, "prod": 0, "target": 40, "value": 0.29331544981909413, "supply": "[{\"l\":'Labor',\"v\":0.29331544981909413}]"}, {"source": 58, "prod": 0, "target": 11, "value": 0.036328596134503489, "supply": "[{\"l\":'Labor',\"v\":0.036328596134503489}]"}, {"source": 58, "prod": 0, "target": 25, "value": 0.72166581002881858, "supply": "[{\"l\":'Labor',\"v\":0.72166581002881858}]"}, {"source": 58, "prod": 0, "target": 42, "value": 0.2703034451937012, "supply": "[{\"l\":'Labor',\"v\":0.2703034451937012}]"}, {"source": 58, "prod": 0, "target": 41, "value": 0.96650419426650125, "supply": "[{\"l\":'Labor',\"v\":0.96650419426650125}]"}, {"source": 58, "prod": 0, "target": 26, "value": 0.56443658045633727, "supply": "[{\"l\":'Labor',\"v\":0.56443658045633727}]"}, {"source": 58, "prod": 0, "target": 3, "value": 0.0036211783928283225, "supply": "[{\"l\":'Labor',\"v\":0.0036211783928283225}]"}, {"source": 58, "prod": 0, "target": 28, "value": 0.36714076415030378, "supply": "[{\"l\":'Labor',\"v\":0.36714076415030378}]"}, {"source": 58, "prod": 0, "target": 12, "value": 0.26060803207741895, "supply": "[{\"l\":'Labor',\"v\":0.26060803207741895}]"}, {"source": 58, "prod": 0, "target": 13, "value": 2.0049647075646879, "supply": "[{\"l\":'Labor',\"v\":2.0049647075646879}]"}, {"source": 58, "prod": 0, "target": 4, "value": 0.31001959530859252, "supply": "[{\"l\":'Labor',\"v\":0.31001959530859252}]"}, {"source": 58, "prod": 0, "target": 5, "value": 0.13176416861646281, "supply": "[{\"l\":'Labor',\"v\":0.13176416861646281}]"}, {"source": 58, "prod": 0, "target": 6, "value": 0.93998782345450027, "supply": "[{\"l\":'Labor',\"v\":0.93998782345450027}]"}, {"source": 58, "prod": 0, "target": 30, "value": 0.050462873087155982, "supply": "[{\"l\":'Labor',\"v\":0.050462873087155982}]"}, {"source": 58, "prod": 0, "target": 7, "value": 0.087959591283862146, "supply": "[{\"l\":'Labor',\"v\":0.087959591283862146}]"}, {"source": 58, "prod": 0, "target": 32, "value": 0.4137488344321909, "supply": "[{\"l\":'Labor',\"v\":0.4137488344321909}]"}, {"source": 58, "prod": 0, "target": 43, "value": 0.52530449137254731, "supply": "[{\"l\":'Labor',\"v\":0.52530449137254731}]"}, {"source": 58, "prod": 0, "target": 31, "value": 0.65309704497752097, "supply": "[{\"l\":'Labor',\"v\":0.65309704497752097}]"}, {"source": 58, "prod": 0, "target": 8, "value": 0.86464395044242714, "supply": "[{\"l\":'Labor',\"v\":0.86464395044242714}]"}, {"source": 58, "prod": 0, "target": 53, "value": 0.53482571084797481, "supply": "[{\"l\":'Labor',\"v\":0.53482571084797481}]"}, {"source": 58, "prod": 0, "target": 15, "value": 0.16797595254474604, "supply": "[{\"l\":'Labor',\"v\":0.16797595254474604}]"}, {"source": 58, "prod": 0, "target": 27, "value": 0.028502178317745507, "supply": "[{\"l\":'Labor',\"v\":0.028502178317745507}]"}, {"source": 58, "prod": 0, "target": 16, "value": 0.18059167081653504, "supply": "[{\"l\":'Labor',\"v\":0.18059167081653504}]"}, {"source": 58, "prod": 0, "target": 17, "value": 0.047308943519208724, "supply": "[{\"l\":'Labor',\"v\":0.047308943519208724}]"}, {"source": 58, "prod": 0, "target": 18, "value": 0.018689952995242957, "supply": "[{\"l\":'Labor',\"v\":0.018689952995242957}]"}, {"source": 58, "prod": 0, "target": 38, "value": 0.89431425082237537, "supply": "[{\"l\":'Labor',\"v\":0.89431425082237537}]"}, {"source": 58, "prod": 0, "target": 14, "value": 0.05022924867471544, "supply": "[{\"l\":'Labor',\"v\":0.05022924867471544}]"}, {"source": 58, "prod": 0, "target": 29, "value": 0.0015185586808634901, "supply": "[{\"l\":'Labor',\"v\":0.0015185586808634901}]"}, {"source": 58, "prod": 0, "target": 19, "value": 0.18222704170361881, "supply": "[{\"l\":'Labor',\"v\":0.18222704170361881}]"}, {"source": 58, "prod": 0, "target": 9, "value": 0.70788196969482686, "supply": "[{\"l\":'Labor',\"v\":0.70788196969482686}]"}, {"source": 58, "prod": 0, "target": 20, "value": 0.056303483398169402, "supply": "[{\"l\":'Labor',\"v\":0.056303483398169402}]"}, {"source": 58, "prod": 0, "target": 45, "value": 0.046608070281887119, "supply": "[{\"l\":'Labor',\"v\":0.046608070281887119}]"}, {"source": 58, "prod": 0, "target": 10, "value": 2.5022342694443709, "supply": "[{\"l\":'Labor',\"v\":2.5022342694443709}]"}, {"source": 58, "prod": 0, "target": 33, "value": 6.99670071597542, "supply": "[{\"l\":'Labor',\"v\":6.99670071597542}]"}, {"source": 58, "prod": 0, "target": 34, "value": 0.19893118719311717, "supply": "[{\"l\":'Labor',\"v\":0.19893118719311717}]"}, {"source": 58, "prod": 0, "target": 46, "value": 0.44972699394803362, "supply": "[{\"l\":'Labor',\"v\":0.44972699394803362}]"}, {"source": 58, "prod": 0, "target": 47, "value": 0.0066582957545553026, "supply": "[{\"l\":'Labor',\"v\":0.0066582957545553026}]"}, {"source": 58, "prod": 0, "target": 35, "value": 0.024647375512476647, "supply": "[{\"l\":'Labor',\"v\":0.024647375512476647}]"}, {"source": 58, "prod": 0, "target": 48, "value": 1.664223502020165, "supply": "[{\"l\":'Labor',\"v\":1.664223502020165}]"}, {"source": 58, "prod": 0, "target": 49, "value": 0.60660578690185418, "supply": "[{\"l\":'Labor',\"v\":0.60660578690185418}]"}, {"source": 58, "prod": 0, "target": 50, "value": 0.012498906065568725, "supply": "[{\"l\":'Labor',\"v\":0.012498906065568725}]"}, {"source": 58, "prod": 0, "target": 51, "value": 0.51525864163760426, "supply": "[{\"l\":'Labor',\"v\":0.51525864163760426}]"}, {"source": 58, "prod": 0, "target": 21, "value": 0.16248577885239343, "supply": "[{\"l\":'Labor',\"v\":0.16248577885239343}]"}, {"source": 58, "prod": 0, "target": 52, "value": 5.546827612369448, "supply": "[{\"l\":'Labor',\"v\":5.546827612369448}]"}, {"source": 58, "prod": 0, "target": 22, "value": 0.32894317271627599, "supply": "[{\"l\":'Labor',\"v\":0.32894317271627599}]"}, {"source": 58, "prod": 0, "target": 44, "value": 0.049878812056054635, "supply": "[{\"l\":'Labor',\"v\":0.049878812056054635}]"}]}