{"nodes": [{"layer": 5, "name": "Maize"}, {"layer": 10, "name": "Feed", "fill": "#dbdb8d"}, {"layer": 5, "name": "Cassava"}, {"layer": 13, "name": "Pelagic Fish"}, {"layer": 5, "name": "Wheat"}, {"layer": 13, "name": "Fats, Animals, Raw"}, {"layer": 13, "name": "Soyabean Oil"}, {"layer": 5, "name": "Oats"}, {"layer": 13, "name": "Fish, Body Oil"}, {"layer": 5, "name": "Millet"}, {"layer": 13, "name": "Milk - Excluding Butter"}, {"layer": 13, "name": "Offals, Edible"}, {"layer": 5, "name": "Sweet potatoes"}, {"layer": 5, "name": "Rape and Mustardseed"}, {"layer": 5, "name": "Barley"}, {"layer": 13, "name": "Fish, Seafood"}, {"layer": 5, "name": "Oilcrops, Other"}, {"layer": 5, "name": "Rice"}, {"layer": 5, "name": "Sorghum"}, {"layer": 5, "name": "Pulses, Other"}, {"layer": 16, "name": "Food", "fill": "#b5cf6b"}, {"layer": 5, "name": "Olives"}, {"layer": 5, "name": "Vegetables, Other"}, {"layer": 5, "name": "Nuts"}, {"layer": 13, "name": "Sugar", "fill": "#d6616b"}, {"layer": 13, "name": "Oilcrops Oil, Other"}, {"layer": 5, "name": "Citrus, Other"}, {"layer": 13, "name": "Beer"}, {"layer": 5, "name": "Infant food"}, {"layer": 13, "name": "Beverages, Alcoholic"}, {"layer": 13, "name": "Sesameseed Oil"}, {"layer": 13, "name": "Honey"}, {"layer": 13, "name": "Butter, Ghee"}, {"layer": 5, "name": "Tomatoes"}, {"layer": 5, "name": "Sunflower seed"}, {"layer": 5, "name": "Coffee"}, {"layer": 13, "name": "Sugar non-centrifugal"}, {"layer": 5, "name": "Coconuts - Incl Copra"}, {"layer": 5, "name": "Treenuts"}, {"layer": 13, "name": "Crustaceans"}, {"layer": 13, "name": "Eggs"}, {"layer": 5, "name": "Roots, Other"}, {"layer": 5, "name": "Sesame seed"}, {"layer": 13, "name": "Cephalopods"}, {"layer": 13, "name": "Marine Fish, Other"}, {"layer": 5, "name": "Grapes"}, {"layer": 5, "name": "Groundnuts"}, {"layer": 13, "name": "Palm Oil"}, {"layer": 5, "name": "Sugar cane"}, {"layer": 13, "name": "Coconut Oil"}, {"layer": 13, "name": "Pigmeat"}, {"layer": 5, "name": "Cocoa Beans"}, {"layer": 5, "name": "Soyabeans"}, {"layer": 5, "name": "Potatoes"}, {"layer": 13, "name": "Freshwater Fish"}, {"layer": 5, "name": "Grapefruit"}, {"layer": 5, "name": "Pineapples"}, {"layer": 5, "name": "Beans"}, {"layer": 5, "name": "Apples"}, {"layer": 13, "name": "Meat, Other"}, {"layer": 5, "name": "Lemons, Limes"}, {"layer": 5, "name": "Cereals, Other"}, {"layer": 13, "name": "Mutton & Goat Meat"}, {"layer": 13, "name": "Sweeteners, Other"}, {"layer": 5, "name": "Bananas"}, {"layer": 13, "name": "Beverages, Fermented"}, {"layer": 5, "name": "Spices, Other"}, {"layer": 5, "name": "Tea"}, {"layer": 5, "name": "Fruits, Other"}, {"layer": 13, "name": "Molluscs, Other"}, {"layer": 13, "name": "Aquatic Animals, Others"}, {"layer": 13, "name": "Poultry Meat"}, {"layer": 13, "name": "Groundnut Oil"}, {"layer": 13, "name": "Demersal Fish"}, {"layer": 5, "name": "Oranges, Mandarines"}, {"layer": 13, "name": "Bovine Meat"}, {"layer": 5, "name": "Onions"}, {"layer": 13, "name": "Aquatic Products, Other"}, {"layer": 10, "name": "Processing", "fill": "#9edae5"}, {"layer": 16, "name": "Biofuels & Other", "fill": "#e7ba52"}, {"layer": 13, "name": "Aquatic Plants"}, {"name": "Waste", "fill": "#c7c7c7"}, {"layer": 2, "name": "Import", "fill": "#aec7e8"}, {"layer": 16, "name": "Export", "fill": "#aec7e8"}, {"layer": 5, "name": "Pimento"}, {"layer": 16, "name": "Stock Deposit", "fill": "#c7c7c7"}, {"layer": 0, "name": "Stock Draw", "fill": "#c7c7c7"}, {"layer": 2, "name": "Electricity", "fill": "#bcbd22"}, {"layer": 0, "name": "Fossil Fuels", "fill": "#c49c94"}, {"layer": 0, "name": "Renewables & Nuclear", "fill": "#2ca02c"}, {"layer": 2, "name": "Fertilizers", "fill": "#c5b0d5"}, {"layer": 0, "name": "Labor", "fill": "#7f7f7f"}], "links": [{"source": 0, "prod": 2570.0, "target": 1, "value": 8.6535807011121264, "supply": [{"l": "Maize", "v": 8.6535807011121264}]}, {"source": 2, "prod": 83.0, "target": 1, "value": 0.061968710518028887, "supply": [{"l": "Cassava", "v": 0.061968710518028887}]}, {"source": 3, "prod": 692.0, "target": 1, "value": 0.66952741372458124, "supply": [{"l": "Pelagic Fish", "v": 0.66952741372458124}]}, {"source": 4, "prod": 4.0, "target": 1, "value": 0.012773995082609173, "supply": [{"l": "Wheat", "v": 0.012773995082609173}]}, {"source": 5, "prod": 21.0, "target": 1, "value": 0.1762949082450056, "supply": [{"l": "Fats, Animals, Raw", "v": 0.1762949082450056}]}, {"source": 6, "prod": 1.0, "target": 1, "value": 0.010250750453884945, "supply": [{"l": "Soyabean Oil", "v": 0.010250750453884945}]}, {"source": 7, "prod": 2.0, "target": 1, "value": 0.0043169660934406781, "supply": [{"l": "Oats", "v": 0.0043169660934406781}]}, {"source": 8, "prod": 1.0, "target": 1, "value": 0.008745729949517991, "supply": [{"l": "Fish, Body Oil", "v": 0.008745729949517991}]}, {"source": 9, "prod": 1.0, "target": 1, "value": 0.0035375138821250002, "supply": [{"l": "Millet", "v": 0.0035375138821250002}]}, {"source": 10, "prod": 28.0, "target": 1, "value": 0.016112471988656934, "supply": [{"l": "Milk - Excluding Butter", "v": 0.016112471988656934}]}, {"source": 11, "prod": 27.0, "target": 1, "value": 0.036385857073285718, "supply": [{"l": "Offals, Edible", "v": 0.036385857073285718}]}, {"source": 12, "prod": 686.0, "target": 1, "value": 0.68300417282341797, "supply": [{"l": "Sweet potatoes", "v": 0.68300417282341797}]}, {"source": 13, "prod": 2.0, "target": 1, "value": 0.0070750277642500003, "supply": [{"l": "Rape and Mustardseed", "v": 0.0070750277642500003}]}, {"source": 14, "prod": 315.0, "target": 1, "value": 1.1872161075430723, "supply": [{"l": "Barley", "v": 1.1872161075430723}]}, {"source": 15, "prod": 692.0, "target": 1, "value": 0.45912052903189959, "supply": [{"l": "Fish, Seafood", "v": 0.45912052903189959}]}, {"source": 16, "prod": 24.0, "target": 1, "value": 0.084900333171, "supply": [{"l": "Oilcrops, Other", "v": 0.084900333171}]}, {"source": 17, "prod": 45.0, "target": 1, "value": 0.18293076564524252, "supply": [{"l": "Rice", "v": 0.18293076564524252}]}, {"source": 18, "prod": 414.0, "target": 1, "value": 1.5976699060360908, "supply": [{"l": "Sorghum", "v": 1.5976699060360908}]}, {"source": 19, "prod": 9.0, "target": 1, "value": 0.019761284444974141, "supply": [{"l": "Pulses, Other", "v": 0.019761284444974141}]}, {"source": 0, "prod": 126.0, "target": 20, "value": 0.42426115499615874, "supply": [{"l": "Maize", "v": 0.42426115499615874}]}, {"source": 21, "prod": 1.0, "target": 20, "value": 0.0018456594167608697, "supply": [{"l": "Olives", "v": 0.0018456594167608697}]}, {"source": 22, "prod": 2044.0, "target": 20, "value": 0.7485226480982432, "supply": [{"l": "Vegetables, Other", "v": 0.7485226480982432}]}, {"source": 23, "prod": 23.0, "target": 20, "value": 0.061022114466656251, "supply": [{"l": "Nuts", "v": 0.061022114466656251}]}, {"source": 24, "prod": 504.0, "target": 20, "value": 2.0185279212288214, "supply": [{"l": "Sugar", "v": 2.0185279212288214}]}, {"source": 25, "prod": 1.0, "target": 20, "value": 0.010612541646375, "supply": [{"l": "Oilcrops Oil, Other", "v": 0.010612541646375}]}, {"source": 26, "prod": 8.0, "target": 20, "value": 0.0092977777600000006, "supply": [{"l": "Citrus, Other", "v": 0.0092977777600000006}]}, {"source": 27, "prod": 261.0, "target": 20, "value": 0.15094677764053815, "supply": [{"l": "Beer", "v": 0.15094677764053815}]}, {"source": 28, "prod": 2.0, "target": 20, "value": 0.0094333703523333343, "supply": [{"l": "Infant food", "v": 0.0094333703523333343}]}, {"source": 29, "prod": 194.0, "target": 20, "value": 0.66487086600702383, "supply": [{"l": "Beverages, Alcoholic", "v": 0.66487086600702383}]}, {"source": 14, "prod": 38.0, "target": 20, "value": 0.14321972090995794, "supply": [{"l": "Barley", "v": 0.14321972090995794}]}, {"source": 30, "prod": 5.0, "target": 20, "value": 0.055027993721944453, "supply": [{"l": "Sesameseed Oil", "v": 0.055027993721944453}]}, {"source": 31, "prod": 1.0, "target": 20, "value": 0.00424501665855, "supply": [{"l": "Honey", "v": 0.00424501665855}]}, {"source": 17, "prod": 1715.0, "target": 20, "value": 6.9716947351464649, "supply": [{"l": "Rice", "v": 6.9716947351464649}]}, {"source": 32, "prod": 3.0, "target": 20, "value": 0.027289392804964289, "supply": [{"l": "Butter, Ghee", "v": 0.027289392804964289}]}, {"source": 33, "prod": 249.0, "target": 20, "value": 0.067950588084361066, "supply": [{"l": "Tomatoes", "v": 0.067950588084361066}]}, {"source": 34, "prod": 1.0, "target": 20, "value": 0.0035375138821250002, "supply": [{"l": "Sunflower seed", "v": 0.0035375138821250002}]}, {"source": 5, "prod": 48.0, "target": 20, "value": 0.40295979027429851, "supply": [{"l": "Fats, Animals, Raw", "v": 0.40295979027429851}]}, {"source": 35, "prod": 1.0, "target": 20, "value": 0.00037901934451339288, "supply": [{"l": "Coffee", "v": 0.00037901934451339288}]}, {"source": 36, "prod": 16.0, "target": 20, "value": 0.067173889981450546, "supply": [{"l": "Sugar non-centrifugal", "v": 0.067173889981450546}]}, {"source": 4, "prod": 582.0, "target": 20, "value": 1.858616284519635, "supply": [{"l": "Wheat", "v": 1.858616284519635}]}, {"source": 6, "prod": 125.0, "target": 20, "value": 1.281343806735618, "supply": [{"l": "Soyabean Oil", "v": 1.281343806735618}]}, {"source": 37, "prod": 5.0, "target": 20, "value": 0.0073189942388793118, "supply": [{"l": "Coconuts - Incl Copra", "v": 0.0073189942388793118}]}, {"source": 38, "prod": 23.0, "target": 20, "value": 0.061022114466656251, "supply": [{"l": "Treenuts", "v": 0.061022114466656251}]}, {"source": 39, "prod": 78.0, "target": 20, "value": 0.04525439171301595, "supply": [{"l": "Crustaceans", "v": 0.04525439171301595}]}, {"source": 40, "prod": 105.0, "target": 20, "value": 0.17317086537834883, "supply": [{"l": "Eggs", "v": 0.17317086537834883}]}, {"source": 41, "prod": 76.0, "target": 20, "value": 0.075555331627587832, "supply": [{"l": "Roots, Other", "v": 0.075555331627587832}]}, {"source": 42, "prod": 1.0, "target": 20, "value": 0.0060643095122142861, "supply": [{"l": "Sesame seed", "v": 0.0060643095122142861}]}, {"source": 43, "prod": 48.0, "target": 20, "value": 0.037873754574423803, "supply": [{"l": "Cephalopods", "v": 0.037873754574423803}]}, {"source": 12, "prod": 251.0, "target": 20, "value": 0.24990385915259172, "supply": [{"l": "Sweet potatoes", "v": 0.24990385915259172}]}, {"source": 44, "prod": 4.0, "target": 20, "value": 0.0037733481409333329, "supply": [{"l": "Marine Fish, Other", "v": 0.0037733481409333329}]}, {"source": 45, "prod": 54.0, "target": 20, "value": 0.037826881115792084, "supply": [{"l": "Grapes", "v": 0.037826881115792084}]}, {"source": 46, "prod": 33.0, "target": 20, "value": 0.22078700773001902, "supply": [{"l": "Groundnuts", "v": 0.22078700773001902}]}, {"source": 47, "prod": 1.0, "target": 20, "value": 0.014150055528500001, "supply": [{"l": "Palm Oil", "v": 0.014150055528500001}]}, {"source": 16, "prod": 6.0, "target": 20, "value": 0.02122508329275, "supply": [{"l": "Oilcrops, Other", "v": 0.02122508329275}]}, {"source": 48, "prod": 319.0, "target": 20, "value": 0.11335047271853657, "supply": [{"l": "Sugar cane", "v": 0.11335047271853657}]}, {"source": 49, "prod": 3.0, "target": 20, "value": 0.033513289409605268, "supply": [{"l": "Coconut Oil", "v": 0.033513289409605268}]}, {"source": 7, "prod": 1.0, "target": 20, "value": 0.0021584830467203391, "supply": [{"l": "Oats", "v": 0.0021584830467203391}]}, {"source": 50, "prod": 581.0, "target": 20, "value": 1.732500679151592, "supply": [{"l": "Pigmeat", "v": 1.732500679151592}]}, {"source": 51, "prod": 1.0, "target": 20, "value": 0.0084900333171, "supply": [{"l": "Cocoa Beans", "v": 0.0084900333171}]}, {"source": 52, "prod": 323.0, "target": 20, "value": 0.60435939645692571, "supply": [{"l": "Soyabeans", "v": 0.60435939645692571}]}, {"source": 53, "prod": 22.0, "target": 20, "value": 0.014942458638095998, "supply": [{"l": "Potatoes", "v": 0.014942458638095998}]}, {"source": 54, "prod": 122.0, "target": 20, "value": 0.098142804962978114, "supply": [{"l": "Freshwater Fish", "v": 0.098142804962978114}]}, {"source": 55, "prod": 8.0, "target": 20, "value": 0.0092977777600000006, "supply": [{"l": "Grapefruit", "v": 0.0092977777600000006}]}, {"source": 10, "prod": 512.0, "target": 20, "value": 0.29462805922115537, "supply": [{"l": "Milk - Excluding Butter", "v": 0.29462805922115537}]}, {"source": 56, "prod": 156.0, "target": 20, "value": 0.075769176056498855, "supply": [{"l": "Pineapples", "v": 0.075769176056498855}]}, {"source": 57, "prod": 49.0, "target": 20, "value": 0.19524011635352712, "supply": [{"l": "Beans", "v": 0.19524011635352712}]}, {"source": 58, "prod": 57.0, "target": 20, "value": 0.030151520191570098, "supply": [{"l": "Apples", "v": 0.030151520191570098}]}, {"source": 15, "prod": 638.0, "target": 20, "value": 0.42329320451206925, "supply": [{"l": "Fish, Seafood", "v": 0.42329320451206925}]}, {"source": 59, "prod": 1.0, "target": 20, "value": 0.0022640088845600004, "supply": [{"l": "Meat, Other", "v": 0.0022640088845600004}]}, {"source": 60, "prod": 9.0, "target": 20, "value": 0.0037092378569854368, "supply": [{"l": "Lemons, Limes", "v": 0.0037092378569854368}]}, {"source": 18, "prod": 2.0, "target": 20, "value": 0.007718212106454546, "supply": [{"l": "Sorghum", "v": 0.007718212106454546}]}, {"source": 61, "prod": 18.0, "target": 20, "value": 0.05192932999779612, "supply": [{"l": "Cereals, Other", "v": 0.05192932999779612}]}, {"source": 62, "prod": 2.0, "target": 20, "value": 0.0065307948593076922, "supply": [{"l": "Mutton & Goat Meat", "v": 0.0065307948593076922}]}, {"source": 63, "prod": 3.0, "target": 20, "value": 0.0074912058680294122, "supply": [{"l": "Sweeteners, Other", "v": 0.0074912058680294122}]}, {"source": 3, "prod": 125.0, "target": 20, "value": 0.12094064554273505, "supply": [{"l": "Pelagic Fish", "v": 0.12094064554273505}]}, {"source": 64, "prod": 86.0, "target": 20, "value": 0.053239583925981257, "supply": [{"l": "Bananas", "v": 0.053239583925981257}]}, {"source": 65, "prod": 13.0, "target": 20, "value": 0.015119237414013699, "supply": [{"l": "Beverages, Fermented", "v": 0.015119237414013699}]}, {"source": 66, "prod": 62.0, "target": 20, "value": 0.24815154523980859, "supply": [{"l": "Spices, Other", "v": 0.24815154523980859}]}, {"source": 67, "prod": 6.0, "target": 20, "value": 0.0054191702024042557, "supply": [{"l": "Tea", "v": 0.0054191702024042557}]}, {"source": 68, "prod": 490.0, "target": 20, "value": 0.24221929114288213, "supply": [{"l": "Fruits, Other", "v": 0.24221929114288213}]}, {"source": 69, "prod": 41.0, "target": 20, "value": 0.0075019690948512942, "supply": [{"l": "Molluscs, Other", "v": 0.0075019690948512942}]}, {"source": 70, "prod": 2.0, "target": 20, "value": 0.0013269379451789005, "supply": [{"l": "Aquatic Animals, Others", "v": 0.0013269379451789005}]}, {"source": 9, "prod": 2.0, "target": 20, "value": 0.0070750277642500003, "supply": [{"l": "Millet", "v": 0.0070750277642500003}]}, {"source": 71, "prod": 249.0, "target": 20, "value": 0.47667556422815927, "supply": [{"l": "Poultry Meat", "v": 0.47667556422815927}]}, {"source": 11, "prod": 34.0, "target": 20, "value": 0.045819227425619051, "supply": [{"l": "Offals, Edible", "v": 0.045819227425619051}]}, {"source": 72, "prod": 8.0, "target": 20, "value": 0.078977054112558134, "supply": [{"l": "Groundnut Oil", "v": 0.078977054112558134}]}, {"source": 73, "prod": 220.0, "target": 20, "value": 0.10578196851402913, "supply": [{"l": "Demersal Fish", "v": 0.10578196851402913}]}, {"source": 74, "prod": 304.0, "target": 20, "value": 0.10583943115869245, "supply": [{"l": "Oranges, Mandarines", "v": 0.10583943115869245}]}, {"source": 75, "prod": 13.0, "target": 20, "value": 0.029432115499280001, "supply": [{"l": "Bovine Meat", "v": 0.029432115499280001}]}, {"source": 19, "prod": 10.0, "target": 20, "value": 0.021956982716637933, "supply": [{"l": "Pulses, Other", "v": 0.021956982716637933}]}, {"source": 2, "prod": 213.0, "target": 20, "value": 0.15902813663060425, "supply": [{"l": "Cassava", "v": 0.15902813663060425}]}, {"source": 76, "prod": 26.0, "target": 20, "value": 0.007664613411270834, "supply": [{"l": "Onions", "v": 0.007664613411270834}]}, {"source": 77, "prod": 2.0, "target": 20, "value": 0.0013269379451789005, "supply": [{"l": "Aquatic Products, Other", "v": 0.0013269379451789005}]}, {"source": 17, "prod": 5.0, "target": 78, "value": 0.020325640627249165, "supply": [{"l": "Rice", "v": 0.020325640627249165}]}, {"source": 52, "prod": 722.0, "target": 78, "value": 1.3509210038448927, "supply": [{"l": "Soyabeans", "v": 1.3509210038448927}]}, {"source": 42, "prod": 11.0, "target": 78, "value": 0.066707404634357148, "supply": [{"l": "Sesame seed", "v": 0.066707404634357148}]}, {"source": 24, "prod": 3.0, "target": 78, "value": 0.012015047150171553, "supply": [{"l": "Sugar", "v": 0.012015047150171553}]}, {"source": 14, "prod": 38.0, "target": 78, "value": 0.14321972090995794, "supply": [{"l": "Barley", "v": 0.14321972090995794}]}, {"source": 46, "prod": 21.0, "target": 78, "value": 0.14050082310092121, "supply": [{"l": "Groundnuts", "v": 0.14050082310092121}]}, {"source": 16, "prod": 5.0, "target": 78, "value": 0.017687569410625003, "supply": [{"l": "Oilcrops, Other", "v": 0.017687569410625003}]}, {"source": 48, "prod": 8848.0, "target": 78, "value": 3.1439654627385938, "supply": [{"l": "Sugar cane", "v": 3.1439654627385938}]}, {"source": 58, "prod": 15.0, "target": 78, "value": 0.0079346105767289718, "supply": [{"l": "Apples", "v": 0.0079346105767289718}]}, {"source": 0, "prod": 100.0, "target": 79, "value": 0.33671520237790376, "supply": [{"l": "Maize", "v": 0.33671520237790376}]}, {"source": 24, "prod": 1.0, "target": 79, "value": 0.0040050157167238519, "supply": [{"l": "Sugar", "v": 0.0040050157167238519}]}, {"source": 27, "prod": 1.0, "target": 79, "value": 0.00057834014421662128, "supply": [{"l": "Beer", "v": 0.00057834014421662128}]}, {"source": 29, "prod": 1.0, "target": 79, "value": 0.0034271694124073395, "supply": [{"l": "Beverages, Alcoholic", "v": 0.0034271694124073395}]}, {"source": 77, "prod": 13.0, "target": 79, "value": 0.0086250966436628527, "supply": [{"l": "Aquatic Products, Other", "v": 0.0086250966436628527}]}, {"source": 17, "prod": 1.0, "target": 79, "value": 0.0040651281254498331, "supply": [{"l": "Rice", "v": 0.0040651281254498331}]}, {"source": 5, "prod": 88.0, "target": 79, "value": 0.7387596155028805, "supply": [{"l": "Fats, Animals, Raw", "v": 0.7387596155028805}]}, {"source": 37, "prod": 11.0, "target": 79, "value": 0.016101787325534484, "supply": [{"l": "Coconuts - Incl Copra", "v": 0.016101787325534484}]}, {"source": 44, "prod": 30.0, "target": 79, "value": 0.028300111056999998, "supply": [{"l": "Marine Fish, Other", "v": 0.028300111056999998}]}, {"source": 47, "prod": 6.0, "target": 79, "value": 0.084900333171, "supply": [{"l": "Palm Oil", "v": 0.084900333171}]}, {"source": 16, "prod": 1.0, "target": 79, "value": 0.0035375138821250002, "supply": [{"l": "Oilcrops, Other", "v": 0.0035375138821250002}]}, {"source": 50, "prod": 1.0, "target": 79, "value": 0.002981928879778988, "supply": [{"l": "Pigmeat", "v": 0.002981928879778988}]}, {"source": 49, "prod": 1.0, "target": 79, "value": 0.011171096469868422, "supply": [{"l": "Coconut Oil", "v": 0.011171096469868422}]}, {"source": 10, "prod": 7.0, "target": 79, "value": 0.0040281179971642335, "supply": [{"l": "Milk - Excluding Butter", "v": 0.0040281179971642335}]}, {"source": 15, "prod": 30.0, "target": 79, "value": 0.019904069177683507, "supply": [{"l": "Fish, Seafood", "v": 0.019904069177683507}]}, {"source": 25, "prod": 2.0, "target": 79, "value": 0.02122508329275, "supply": [{"l": "Oilcrops Oil, Other", "v": 0.02122508329275}]}, {"source": 18, "prod": 13.0, "target": 79, "value": 0.050168378691954549, "supply": [{"l": "Sorghum", "v": 0.050168378691954549}]}, {"source": 63, "prod": 1.0, "target": 79, "value": 0.002497068622676471, "supply": [{"l": "Sweeteners, Other", "v": 0.002497068622676471}]}, {"source": 12, "prod": 1.0, "target": 79, "value": 0.00099563290499040508, "supply": [{"l": "Sweet potatoes", "v": 0.00099563290499040508}]}, {"source": 80, "prod": 13.0, "target": 79, "value": 0.0086250966436628527, "supply": [{"l": "Aquatic Plants", "v": 0.0086250966436628527}]}, {"source": 74, "prod": 1.0, "target": 79, "value": 0.00034815602354833046, "supply": [{"l": "Oranges, Mandarines", "v": 0.00034815602354833046}]}, {"source": 2, "prod": 185.0, "target": 79, "value": 0.13812302946789573, "supply": [{"l": "Cassava", "v": 0.13812302946789573}]}, {"source": 0, "prod": 1.0, "target": 0, "value": 0.0033671520237790378, "supply": [{"l": "Maize", "v": 0.0033671520237790378}]}, {"source": 52, "prod": 1.0, "target": 52, "value": 0.0018710817227768598, "supply": [{"l": "Soyabeans", "v": 0.0018710817227768598}]}, {"source": 53, "prod": 2.0, "target": 53, "value": 0.001358405330736, "supply": [{"l": "Potatoes", "v": 0.001358405330736}]}, {"source": 40, "prod": 11.0, "target": 40, "value": 0.018141709706303209, "supply": [{"l": "Eggs", "v": 0.018141709706303209}]}, {"source": 12, "prod": 2.0, "target": 12, "value": 0.0019912658099808102, "supply": [{"l": "Sweet potatoes", "v": 0.0019912658099808102}]}, {"source": 57, "prod": 3.0, "target": 57, "value": 0.011953476511440434, "supply": [{"l": "Beans", "v": 0.011953476511440434}]}, {"source": 46, "prod": 5.0, "target": 46, "value": 0.033452576928790757, "supply": [{"l": "Groundnuts", "v": 0.033452576928790757}]}, {"source": 17, "prod": 24.0, "target": 17, "value": 0.097563075010795988, "supply": [{"l": "Rice", "v": 0.097563075010795988}]}, {"source": 0, "prod": 30.0, "target": 81, "value": 0.10101456071337113, "supply": [{"l": "Maize", "v": 0.10101456071337113}]}, {"source": 22, "prod": 246.0, "target": 81, "value": 0.090086385240786604, "supply": [{"l": "Vegetables, Other", "v": 0.090086385240786604}]}, {"source": 68, "prod": 32.0, "target": 81, "value": 0.015818402686882095, "supply": [{"l": "Fruits, Other", "v": 0.015818402686882095}]}, {"source": 55, "prod": 1.0, "target": 81, "value": 0.0011622222200000001, "supply": [{"l": "Grapefruit", "v": 0.0011622222200000001}]}, {"source": 14, "prod": 4.0, "target": 81, "value": 0.015075760095785047, "supply": [{"l": "Barley", "v": 0.015075760095785047}]}, {"source": 17, "prod": 18.0, "target": 81, "value": 0.073172306258097009, "supply": [{"l": "Rice", "v": 0.073172306258097009}]}, {"source": 33, "prod": 37.0, "target": 81, "value": 0.010097075337836785, "supply": [{"l": "Tomatoes", "v": 0.010097075337836785}]}, {"source": 4, "prod": 12.0, "target": 81, "value": 0.038321985247827525, "supply": [{"l": "Wheat", "v": 0.038321985247827525}]}, {"source": 40, "prod": 13.0, "target": 81, "value": 0.021440202380176521, "supply": [{"l": "Eggs", "v": 0.021440202380176521}]}, {"source": 41, "prod": 5.0, "target": 81, "value": 0.0049707455018149884, "supply": [{"l": "Roots, Other", "v": 0.0049707455018149884}]}, {"source": 45, "prod": 5.0, "target": 81, "value": 0.0035024889922029706, "supply": [{"l": "Grapes", "v": 0.0035024889922029706}]}, {"source": 52, "prod": 3.0, "target": 81, "value": 0.0056132451683305797, "supply": [{"l": "Soyabeans", "v": 0.0056132451683305797}]}, {"source": 53, "prod": 1.0, "target": 81, "value": 0.00067920266536800002, "supply": [{"l": "Potatoes", "v": 0.00067920266536800002}]}, {"source": 10, "prod": 3.0, "target": 81, "value": 0.0017263362844989571, "supply": [{"l": "Milk - Excluding Butter", "v": 0.0017263362844989571}]}, {"source": 57, "prod": 8.0, "target": 81, "value": 0.031875937363841159, "supply": [{"l": "Beans", "v": 0.031875937363841159}]}, {"source": 58, "prod": 4.0, "target": 81, "value": 0.0021158961537943925, "supply": [{"l": "Apples", "v": 0.0021158961537943925}]}, {"source": 18, "prod": 5.0, "target": 81, "value": 0.019295530266136365, "supply": [{"l": "Sorghum", "v": 0.019295530266136365}]}, {"source": 56, "prod": 24.0, "target": 81, "value": 0.011656796316384442, "supply": [{"l": "Pineapples", "v": 0.011656796316384442}]}, {"source": 64, "prod": 11.0, "target": 81, "value": 0.0068097142230906247, "supply": [{"l": "Bananas", "v": 0.0068097142230906247}]}, {"source": 66, "prod": 4.0, "target": 81, "value": 0.016009777112245716, "supply": [{"l": "Spices, Other", "v": 0.016009777112245716}]}, {"source": 12, "prod": 113.0, "target": 81, "value": 0.11250651826391579, "supply": [{"l": "Sweet potatoes", "v": 0.11250651826391579}]}, {"source": 74, "prod": 31.0, "target": 81, "value": 0.010792836729998243, "supply": [{"l": "Oranges, Mandarines", "v": 0.010792836729998243}]}, {"source": 76, "prod": 2.0, "target": 81, "value": 0.0005895856470208334, "supply": [{"l": "Onions", "v": 0.0005895856470208334}]}, {"source": 2, "prod": 9.0, "target": 81, "value": 0.0067194987308706019, "supply": [{"l": "Cassava", "v": 0.0067194987308706019}]}, {"source": 82, "prod": 2.0, "target": 28, "value": 0.0094333703523333343, "supply": [{"l": "Infant food", "v": 0.0094333703523333343}]}, {"source": 82, "prod": 1.0, "target": 66, "value": 0.0040024442780614289, "supply": [{"l": "Spices, Other", "v": 0.0040024442780614289}]}, {"source": 82, "prod": 305.0, "target": 2, "value": 0.22771634587950376, "supply": [{"l": "Cassava", "v": 0.22771634587950376}]}, {"source": 82, "prod": 3.0, "target": 38, "value": 0.0079594062347812505, "supply": [{"l": "Treenuts", "v": 0.0079594062347812505}]}, {"source": 82, "prod": 56.0, "target": 58, "value": 0.029622546153121498, "supply": [{"l": "Apples", "v": 0.029622546153121498}]}, {"source": 82, "prod": 2.0, "target": 22, "value": 0.00073240963610395613, "supply": [{"l": "Vegetables, Other", "v": 0.00073240963610395613}]}, {"source": 82, "prod": 1.0, "target": 17, "value": 0.0040651281254498331, "supply": [{"l": "Rice", "v": 0.0040651281254498331}]}, {"source": 82, "prod": 686.0, "target": 4, "value": 2.1907401566674731, "supply": [{"l": "Wheat", "v": 2.1907401566674731}]}, {"source": 82, "prod": 388.0, "target": 14, "value": 1.4623487292911495, "supply": [{"l": "Barley", "v": 1.4623487292911495}]}, {"source": 82, "prod": 1.0, "target": 35, "value": 0.00037901934451339288, "supply": [{"l": "Coffee", "v": 0.00037901934451339288}]}, {"source": 82, "prod": 1.0, "target": 34, "value": 0.0035375138821250002, "supply": [{"l": "Sunflower seed", "v": 0.0035375138821250002}]}, {"source": 82, "prod": 18.0, "target": 61, "value": 0.05192932999779612, "supply": [{"l": "Cereals, Other", "v": 0.05192932999779612}]}, {"source": 82, "prod": 1941.0, "target": 1, "value": 1.4758699718995925, "supply": [{"l": "Meat, Other", "v": 0.0022640088845600004}, {"l": "Crustaceans", "v": 0.00058018450914123002}, {"l": "Aquatic Products, Other", "v": 0.0019904069177683506}, {"l": "Marine Fish, Other", "v": 0.0018866740704666664}, {"l": "Aquatic Plants", "v": 0.0013269379451789005}, {"l": "Milk - Excluding Butter", "v": 0.28829815951132587}, {"l": "Fish, Seafood", "v": 0.4703995015659202}, {"l": "Cephalopods", "v": 0.014202657965408925}, {"l": "Mutton & Goat Meat", "v": 0.0097961922889615374}, {"l": "Pelagic Fish", "v": 0.65694958658813685}, {"l": "Bovine Meat", "v": 0.024904097730160002}, {"l": "Molluscs, Other", "v": 0.001463798847775862}, {"l": "Aquatic Animals, Others", "v": 0.0013269379451789005}, {"l": "Demersal Fish", "v": 0.00048082712960922333}]}, {"source": 82, "prod": 3.0, "target": 23, "value": 0.0079594062347812505, "supply": [{"l": "Nuts", "v": 0.0079594062347812505}]}, {"source": 82, "prod": 8.0, "target": 16, "value": 0.028300111057000001, "supply": [{"l": "Oilcrops, Other", "v": 0.028300111057000001}]}, {"source": 82, "prod": 1.0, "target": 51, "value": 0.0084900333171, "supply": [{"l": "Cocoa Beans", "v": 0.0084900333171}]}, {"source": 82, "prod": 2.0, "target": 74, "value": 0.00069631204709666092, "supply": [{"l": "Oranges, Mandarines", "v": 0.00069631204709666092}]}, {"source": 82, "prod": 417.0, "target": 18, "value": 1.6092472241957732, "supply": [{"l": "Sorghum", "v": 1.6092472241957732}]}, {"source": 82, "prod": 1.0, "target": 64, "value": 0.00061906492937187504, "supply": [{"l": "Bananas", "v": 0.00061906492937187504}]}, {"source": 82, "prod": 9.0, "target": 45, "value": 0.0063044801859653476, "supply": [{"l": "Grapes", "v": 0.0063044801859653476}]}, {"source": 82, "prod": 11.0, "target": 42, "value": 0.066707404634357148, "supply": [{"l": "Sesame seed", "v": 0.066707404634357148}]}, {"source": 82, "prod": 124.0, "target": 78, "value": 0.92901645874534022, "supply": [{"l": "Sugar", "v": 0.0040050157167238519}, {"l": "Beer", "v": 0.011566802884332426}, {"l": "Beverages, Alcoholic", "v": 0.006854338824814679}, {"l": "Fats, Animals, Raw", "v": 0.68838964171859329}, {"l": "Butter, Ghee", "v": 0.027289392804964289}, {"l": "Palm Oil", "v": 0.11320044422800001}, {"l": "Coconut Oil", "v": 0.055855482349342109}, {"l": "Oilcrops Oil, Other", "v": 0.010612541646375}, {"l": "Sweeteners, Other", "v": 0.002497068622676471}, {"l": "Fish, Body Oil", "v": 0.008745729949517991}]}, {"source": 82, "prod": 939.0, "target": 52, "value": 1.7569457376874715, "supply": [{"l": "Soyabeans", "v": 1.7569457376874715}]}, {"source": 82, "prod": 21.0, "target": 57, "value": 0.08367433558008304, "supply": [{"l": "Beans", "v": 0.08367433558008304}]}, {"source": 82, "prod": 2605.0, "target": 0, "value": 8.7714310219443927, "supply": [{"l": "Maize", "v": 8.7714310219443927}]}, {"source": 82, "prod": 8.0, "target": 68, "value": 0.0039546006717205238, "supply": [{"l": "Fruits, Other", "v": 0.0039546006717205238}]}, {"source": 82, "prod": 16.0, "target": 37, "value": 0.023420781564413792, "supply": [{"l": "Coconuts - Incl Copra", "v": 0.023420781564413792}]}, {"source": 82, "prod": 3.0, "target": 7, "value": 0.0064754491401610168, "supply": [{"l": "Oats", "v": 0.0064754491401610168}]}, {"source": 82, "prod": 23.0, "target": 19, "value": 0.050501060248267254, "supply": [{"l": "Pulses, Other", "v": 0.050501060248267254}]}, {"source": 0, "prod": 1.0, "target": 83, "value": 0.0033671520237790378, "supply": [{"l": "Maize", "v": 0.0033671520237790378}]}, {"source": 22, "prod": 559.0, "target": 83, "value": 0.20470849329105573, "supply": [{"l": "Vegetables, Other", "v": 0.20470849329105573}]}, {"source": 68, "prod": 177.0, "target": 83, "value": 0.087495539861816601, "supply": [{"l": "Fruits, Other", "v": 0.087495539861816601}]}, {"source": 24, "prod": 409.0, "target": 83, "value": 1.6380514281400553, "supply": [{"l": "Sugar", "v": 1.6380514281400553}]}, {"source": 55, "prod": 5.0, "target": 83, "value": 0.0058111111000000003, "supply": [{"l": "Grapefruit", "v": 0.0058111111000000003}]}, {"source": 17, "prod": 266.0, "target": 83, "value": 1.0813240813696559, "supply": [{"l": "Rice", "v": 1.0813240813696559}]}, {"source": 33, "prod": 43.0, "target": 83, "value": 0.011734438906134643, "supply": [{"l": "Tomatoes", "v": 0.011734438906134643}]}, {"source": 5, "prod": 1.0, "target": 83, "value": 0.0083949956307145523, "supply": [{"l": "Fats, Animals, Raw", "v": 0.0083949956307145523}]}, {"source": 4, "prod": 15.0, "target": 83, "value": 0.04790248155978441, "supply": [{"l": "Wheat", "v": 0.04790248155978441}]}, {"source": 6, "prod": 4.0, "target": 83, "value": 0.041003001815539779, "supply": [{"l": "Soyabean Oil", "v": 0.041003001815539779}]}, {"source": 39, "prod": 15.0, "target": 83, "value": 0.0087027676371184519, "supply": [{"l": "Crustaceans", "v": 0.0087027676371184519}]}, {"source": 40, "prod": 1.0, "target": 83, "value": 0.0016492463369366555, "supply": [{"l": "Eggs", "v": 0.0016492463369366555}]}, {"source": 41, "prod": 2.0, "target": 83, "value": 0.0019882982007259956, "supply": [{"l": "Roots, Other", "v": 0.0019882982007259956}]}, {"source": 44, "prod": 130.0, "target": 83, "value": 0.12263381458033333, "supply": [{"l": "Marine Fish, Other", "v": 0.12263381458033333}]}, {"source": 84, "prod": 1.0, "target": 83, "value": 0.003859106053227273, "supply": [{"l": "Pimento", "v": 0.003859106053227273}]}, {"source": 62, "prod": 1.0, "target": 83, "value": 0.0032653974296538461, "supply": [{"l": "Mutton & Goat Meat", "v": 0.0032653974296538461}]}, {"source": 50, "prod": 16.0, "target": 83, "value": 0.047710862076463807, "supply": [{"l": "Pigmeat", "v": 0.047710862076463807}]}, {"source": 61, "prod": 1.0, "target": 83, "value": 0.0028849627776553395, "supply": [{"l": "Cereals, Other", "v": 0.0028849627776553395}]}, {"source": 53, "prod": 11.0, "target": 83, "value": 0.0074712293190479992, "supply": [{"l": "Potatoes", "v": 0.0074712293190479992}]}, {"source": 46, "prod": 1.0, "target": 83, "value": 0.006690515385758153, "supply": [{"l": "Groundnuts", "v": 0.006690515385758153}]}, {"source": 10, "prod": 1.0, "target": 83, "value": 0.00057544542816631908, "supply": [{"l": "Milk - Excluding Butter", "v": 0.00057544542816631908}]}, {"source": 56, "prod": 49.0, "target": 83, "value": 0.0237992924792849, "supply": [{"l": "Pineapples", "v": 0.0237992924792849}]}, {"source": 57, "prod": 18.0, "target": 83, "value": 0.071720859068642603, "supply": [{"l": "Beans", "v": 0.071720859068642603}]}, {"source": 19, "prod": 4.0, "target": 83, "value": 0.0087827930866551732, "supply": [{"l": "Pulses, Other", "v": 0.0087827930866551732}]}, {"source": 15, "prod": 253.0, "target": 83, "value": 0.16785765006513093, "supply": [{"l": "Fish, Seafood", "v": 0.16785765006513093}]}, {"source": 43, "prod": 7.0, "target": 83, "value": 0.0055232558754368041, "supply": [{"l": "Cephalopods", "v": 0.0055232558754368041}]}, {"source": 48, "prod": 4.0, "target": 83, "value": 0.0014213225419252235, "supply": [{"l": "Sugar cane", "v": 0.0014213225419252235}]}, {"source": 3, "prod": 93.0, "target": 83, "value": 0.089979840283794882, "supply": [{"l": "Pelagic Fish", "v": 0.089979840283794882}]}, {"source": 64, "prod": 121.0, "target": 83, "value": 0.074906856453996876, "supply": [{"l": "Bananas", "v": 0.074906856453996876}]}, {"source": 65, "prod": 1.0, "target": 83, "value": 0.0011630182626164384, "supply": [{"l": "Beverages, Fermented", "v": 0.0011630182626164384}]}, {"source": 66, "prod": 11.0, "target": 83, "value": 0.044026887058675718, "supply": [{"l": "Spices, Other", "v": 0.044026887058675718}]}, {"source": 75, "prod": 4.0, "target": 83, "value": 0.0090560355382400017, "supply": [{"l": "Bovine Meat", "v": 0.0090560355382400017}]}, {"source": 69, "prod": 7.0, "target": 83, "value": 0.0012808239918038794, "supply": [{"l": "Molluscs, Other", "v": 0.0012808239918038794}]}, {"source": 71, "prod": 1.0, "target": 83, "value": 0.0019143596956954186, "supply": [{"l": "Poultry Meat", "v": 0.0019143596956954186}]}, {"source": 12, "prod": 4.0, "target": 83, "value": 0.0039825316199616203, "supply": [{"l": "Sweet potatoes", "v": 0.0039825316199616203}]}, {"source": 73, "prod": 2.0, "target": 83, "value": 0.00096165425921844667, "supply": [{"l": "Demersal Fish", "v": 0.00096165425921844667}]}, {"source": 74, "prod": 36.0, "target": 83, "value": 0.012533616847739895, "supply": [{"l": "Oranges, Mandarines", "v": 0.012533616847739895}]}, {"source": 67, "prod": 18.0, "target": 83, "value": 0.016257510607212766, "supply": [{"l": "Tea", "v": 0.016257510607212766}]}, {"source": 76, "prod": 15.0, "target": 83, "value": 0.0044218923526562507, "supply": [{"l": "Onions", "v": 0.0044218923526562507}]}, {"source": 3, "prod": 9.0, "target": 85, "value": 0.0087077264790769229, "supply": [{"l": "Pelagic Fish", "v": 0.0087077264790769229}]}, {"source": 86, "prod": 25.0, "target": 66, "value": 0.10006110695153574, "supply": [{"l": "Spices, Other", "v": 0.10006110695153574}]}, {"source": 68, "prod": 17.0, "target": 85, "value": 0.0084035264274061137, "supply": [{"l": "Fruits, Other", "v": 0.0084035264274061137}]}, {"source": 86, "prod": 107.0, "target": 0, "value": 0.360285266544357, "supply": [{"l": "Maize", "v": 0.360285266544357}]}, {"source": 86, "prod": 93.0, "target": 17, "value": 0.37805691566683453, "supply": [{"l": "Rice", "v": 0.37805691566683453}]}, {"source": 43, "prod": 10.0, "target": 85, "value": 0.0078903655363382914, "supply": [{"l": "Cephalopods", "v": 0.0078903655363382914}]}, {"source": 86, "prod": 2.0, "target": 64, "value": 0.0012381298587437501, "supply": [{"l": "Bananas", "v": 0.0012381298587437501}]}, {"source": 86, "prod": 14.0, "target": 22, "value": 0.0051268674527276924, "supply": [{"l": "Vegetables, Other", "v": 0.0051268674527276924}]}, {"source": 86, "prod": 85.0, "target": 52, "value": 0.15904194643603306, "supply": [{"l": "Soyabeans", "v": 0.15904194643603306}]}, {"source": 15, "prod": 19.0, "target": 85, "value": 0.012605910479199553, "supply": [{"l": "Fish, Seafood", "v": 0.012605910479199553}]}, {"source": 86, "prod": 2.0, "target": 74, "value": 0.00069631204709666092, "supply": [{"l": "Oranges, Mandarines", "v": 0.00069631204709666092}]}, {"source": 86, "prod": 1.0, "target": 1, "value": 0.0022640088845600004, "supply": [{"l": "Bovine Meat", "v": 0.0022640088845600004}]}, {"source": 86, "prod": 1.0, "target": 53, "value": 0.00067920266536800002, "supply": [{"l": "Potatoes", "v": 0.00067920266536800002}]}, {"source": 86, "prod": 15.0, "target": 78, "value": 0.060075235750857769, "supply": [{"l": "Sugar", "v": 0.060075235750857769}]}, {"source": 86, "prod": 4.0, "target": 57, "value": 0.015937968681920579, "supply": [{"l": "Beans", "v": 0.015937968681920579}]}, {"source": 86, "prod": 7.0, "target": 14, "value": 0.026382580167623831, "supply": [{"l": "Barley", "v": 0.026382580167623831}]}, {"source": 86, "prod": 9.0, "target": 18, "value": 0.034731954479045458, "supply": [{"l": "Sorghum", "v": 0.034731954479045458}]}, {"source": 4, "prod": 74.0, "target": 85, "value": 0.23631890902826971, "supply": [{"l": "Wheat", "v": 0.23631890902826971}]}, {"source": 1, "prod": 250.0, "target": 71, "value": 0.47858992392385469, "supply": [{"l": "Poultry Meat", "v": 0.47858992392385469}]}, {"source": 1, "prod": 598.0, "target": 50, "value": 1.7831934701078349, "supply": [{"l": "Pigmeat", "v": 1.7831934701078349}]}, {"source": 1, "prod": 919.0, "target": 3, "value": 0.88915562603018816, "supply": [{"l": "Pelagic Fish", "v": 0.88915562603018816}]}, {"source": 1, "prod": 122.0, "target": 54, "value": 0.098142804962978114, "supply": [{"l": "Freshwater Fish", "v": 0.098142804962978114}]}, {"source": 1, "prod": 93.0, "target": 39, "value": 0.053957159350134398, "supply": [{"l": "Crustaceans", "v": 0.053957159350134398}]}, {"source": 1, "prod": 119.0, "target": 40, "value": 0.19626031409546202, "supply": [{"l": "Eggs", "v": 0.21440202380176523}]}, {"source": 1, "prod": 48.0, "target": 69, "value": 0.0087827930866551732, "supply": [{"l": "Molluscs, Other", "v": 0.0087827930866551732}]}, {"source": 1, "prod": 2.0, "target": 70, "value": 0.0013269379451789005, "supply": [{"l": "Aquatic Animals, Others", "v": 0.0013269379451789005}]}, {"source": 1, "prod": 551.0, "target": 10, "value": 0.31707043091964188, "supply": [{"l": "Milk - Excluding Butter", "v": 0.31707043091964188}]}, {"source": 1, "prod": 61.0, "target": 11, "value": 0.082205084498904762, "supply": [{"l": "Offals, Edible", "v": 0.082205084498904762}]}, {"source": 1, "prod": 13.0, "target": 80, "value": 0.0086250966436628527, "supply": [{"l": "Aquatic Plants", "v": 0.0086250966436628527}]}, {"source": 1, "prod": 164.0, "target": 44, "value": 0.15470727377826665, "supply": [{"l": "Marine Fish, Other", "v": 0.15470727377826665}]}, {"source": 1, "prod": 15.0, "target": 77, "value": 0.0099520345888417534, "supply": [{"l": "Aquatic Products, Other", "v": 0.0099520345888417534}]}, {"source": 1, "prod": 1632.0, "target": 15, "value": 1.0827813632659828, "supply": [{"l": "Fish, Seafood", "v": 1.0827813632659828}]}, {"source": 1, "prod": 17.0, "target": 75, "value": 0.038488151037519999, "supply": [{"l": "Bovine Meat", "v": 0.038488151037519999}]}, {"source": 1, "prod": 222.0, "target": 73, "value": 0.10674362277324757, "supply": [{"l": "Demersal Fish", "v": 0.10674362277324757}]}, {"source": 1, "prod": 1.0, "target": 59, "value": 0.0022640088845600004, "supply": [{"l": "Meat, Other", "v": 0.0022640088845600004}]}, {"source": 1, "prod": 65.0, "target": 43, "value": 0.051287375986198896, "supply": [{"l": "Cephalopods", "v": 0.051287375986198896}]}, {"source": 1, "prod": 3.0, "target": 62, "value": 0.0097961922889615374, "supply": [{"l": "Mutton & Goat Meat", "v": 0.0097961922889615374}]}, {"source": 78, "prod": 158.0, "target": 5, "value": 1.326409309652899, "supply": [{"l": "Fats, Animals, Raw", "v": 1.326409309652899}]}, {"source": 78, "prod": 4.0, "target": 63, "value": 0.009988274490705884, "supply": [{"l": "Sweeteners, Other", "v": 0.009988274490705884}]}, {"source": 78, "prod": 5.0, "target": 30, "value": 0.055027993721944453, "supply": [{"l": "Sesameseed Oil", "v": 0.055027993721944453}]}, {"source": 78, "prod": 14.0, "target": 65, "value": 0.016282255676630136, "supply": [{"l": "Beverages, Fermented", "v": 0.016282255676630136}]}, {"source": 78, "prod": 130.0, "target": 6, "value": 1.3325975590050427, "supply": [{"l": "Soyabean Oil", "v": 1.3325975590050427}]}, {"source": 78, "prod": 4.0, "target": 49, "value": 0.044684385879473688, "supply": [{"l": "Coconut Oil", "v": 0.044684385879473688}]}, {"source": 78, "prod": 1.0, "target": 8, "value": 0.008745729949517991, "supply": [{"l": "Fish, Body Oil", "v": 0.008745729949517991}]}, {"source": 78, "prod": 917.0, "target": 24, "value": 3.6725994122357721, "supply": [{"l": "Sugar", "v": 3.6725994122357721}]}, {"source": 78, "prod": 1.0, "target": 31, "value": 0.00424501665855, "supply": [{"l": "Honey", "v": 0.00424501665855}]}, {"source": 78, "prod": 262.0, "target": 27, "value": 0.15152511778475478, "supply": [{"l": "Beer", "v": 0.15152511778475478}]}, {"source": 78, "prod": 8.0, "target": 72, "value": 0.078977054112558134, "supply": [{"l": "Groundnut Oil", "v": 0.078977054112558134}]}, {"source": 78, "prod": 195.0, "target": 29, "value": 0.66829803541943122, "supply": [{"l": "Beverages, Alcoholic", "v": 0.66829803541943122}]}, {"source": 78, "prod": 7.0, "target": 47, "value": 0.099050388699500003, "supply": [{"l": "Palm Oil", "v": 0.099050388699500003}]}, {"source": 78, "prod": 3.0, "target": 25, "value": 0.031837624939125002, "supply": [{"l": "Oilcrops Oil, Other", "v": 0.031837624939125002}]}, {"source": 78, "prod": 16.0, "target": 36, "value": 0.067173889981450546, "supply": [{"l": "Sugar non-centrifugal", "v": 0.067173889981450546}]}, {"source": 78, "prod": 3.0, "target": 32, "value": 0.027289392804964289, "supply": [{"l": "Butter, Ghee", "v": 0.027289392804964289}]}, {"source": 87, "prod": 0, "target": 0, "value": 0.00059524918486479291, "supply": "[{\"l\":'Energy for power irrigation',\"v\":0.00059524918486479291}]"}, {"source": 87, "prod": 0, "target": 21, "value": 4.0451864414868698e-07, "supply": "[{\"l\":'Energy for power irrigation',\"v\":4.0451864414868698e-07}]"}, {"source": 87, "prod": 0, "target": 22, "value": 0.0011492374680264197, "supply": "[{\"l\":'Energy for power irrigation',\"v\":0.0011492374680264197}]"}, {"source": 87, "prod": 0, "target": 23, "value": 8.6971508491967694e-06, "supply": "[{\"l\":'Energy for power irrigation',\"v\":8.6971508491967694e-06}]"}, {"source": 87, "prod": 0, "target": 26, "value": 3.2361491531894958e-06, "supply": "[{\"l\":'Energy for power irrigation',\"v\":3.2361491531894958e-06}]"}, {"source": 87, "prod": 0, "target": 55, "value": 5.4610016960072744e-06, "supply": "[{\"l\":'Energy for power irrigation',\"v\":5.4610016960072744e-06}]"}, {"source": 87, "prod": 0, "target": 17, "value": 0.00081975703236731418, "supply": "[{\"l\":'Energy for power irrigation',\"v\":0.00081975703236731418}]"}, {"source": 87, "prod": 0, "target": 33, "value": 0.00013308663392491802, "supply": "[{\"l\":'Energy for power irrigation',\"v\":0.00013308663392491802}]"}, {"source": 87, "prod": 0, "target": 61, "value": 4.0451864414868695e-06, "supply": "[{\"l\":'Energy for power irrigation',\"v\":4.0451864414868695e-06}]"}, {"source": 87, "prod": 0, "target": 4, "value": 0.00013955893223129701, "supply": "[{\"l\":'Energy for power irrigation',\"v\":0.00013955893223129701}]"}, {"source": 87, "prod": 0, "target": 38, "value": 8.6971508491967694e-06, "supply": "[{\"l\":'Energy for power irrigation',\"v\":8.6971508491967694e-06}]"}, {"source": 87, "prod": 0, "target": 41, "value": 3.3372788142266672e-05, "supply": "[{\"l\":'Energy for power irrigation',\"v\":3.3372788142266672e-05}]"}, {"source": 87, "prod": 0, "target": 42, "value": 2.6293711869664651e-06, "supply": "[{\"l\":'Energy for power irrigation',\"v\":2.6293711869664651e-06}]"}, {"source": 87, "prod": 0, "target": 45, "value": 2.2046266106103439e-05, "supply": "[{\"l\":'Energy for power irrigation',\"v\":2.2046266106103439e-05}]"}, {"source": 87, "prod": 0, "target": 46, "value": 2.4271118648921216e-05, "supply": "[{\"l\":'Energy for power irrigation',\"v\":2.4271118648921216e-05}]"}, {"source": 87, "prod": 0, "target": 16, "value": 1.2944596612757983e-05, "supply": "[{\"l\":'Energy for power irrigation',\"v\":1.2944596612757983e-05}]"}, {"source": 87, "prod": 0, "target": 52, "value": 0.00021742877122991926, "supply": "[{\"l\":'Energy for power irrigation',\"v\":0.00021742877122991926}]"}, {"source": 87, "prod": 0, "target": 53, "value": 1.4562671189352731e-05, "supply": "[{\"l\":'Energy for power irrigation',\"v\":1.4562671189352731e-05}]"}, {"source": 87, "prod": 0, "target": 57, "value": 2.6293711869664653e-05, "supply": "[{\"l\":'Energy for power irrigation',\"v\":2.6293711869664653e-05}]"}, {"source": 87, "prod": 0, "target": 58, "value": 1.9416894919136977e-05, "supply": "[{\"l\":'Energy for power irrigation',\"v\":1.9416894919136977e-05}]"}, {"source": 87, "prod": 0, "target": 60, "value": 3.8429271194125261e-06, "supply": "[{\"l\":'Energy for power irrigation',\"v\":3.8429271194125261e-06}]"}, {"source": 87, "prod": 0, "target": 18, "value": 8.960087967893417e-05, "supply": "[{\"l\":'Energy for power irrigation',\"v\":8.960087967893417e-05}]"}, {"source": 87, "prod": 0, "target": 48, "value": 0.0037098404854876083, "supply": "[{\"l\":'Energy for power irrigation',\"v\":0.0037098404854876083}]"}, {"source": 87, "prod": 0, "target": 56, "value": 9.2634769510049317e-05, "supply": "[{\"l\":'Energy for power irrigation',\"v\":9.2634769510049317e-05}]"}, {"source": 87, "prod": 0, "target": 64, "value": 8.7376027136116391e-05, "supply": "[{\"l\":'Energy for power irrigation',\"v\":8.7376027136116391e-05}]"}, {"source": 87, "prod": 0, "target": 66, "value": 2.5889193225515966e-05, "supply": "[{\"l\":'Energy for power irrigation',\"v\":2.5889193225515966e-05}]"}, {"source": 87, "prod": 0, "target": 67, "value": 9.7084474595684883e-06, "supply": "[{\"l\":'Energy for power irrigation',\"v\":9.7084474595684883e-06}]"}, {"source": 87, "prod": 0, "target": 68, "value": 0.00028801727463386513, "supply": "[{\"l\":'Energy for power irrigation',\"v\":0.00028801727463386513}]"}, {"source": 87, "prod": 0, "target": 9, "value": 1.213555932446061e-06, "supply": "[{\"l\":'Energy for power irrigation',\"v\":1.213555932446061e-06}]"}, {"source": 87, "prod": 0, "target": 12, "value": 0.00042717168822101344, "supply": "[{\"l\":'Energy for power irrigation',\"v\":0.00042717168822101344}]"}, {"source": 87, "prod": 0, "target": 13, "value": 8.0903728829737395e-07, "supply": "[{\"l\":'Energy for power irrigation',\"v\":8.0903728829737395e-07}]"}, {"source": 87, "prod": 0, "target": 74, "value": 0.00014967189833501419, "supply": "[{\"l\":'Energy for power irrigation',\"v\":0.00014967189833501419}]"}, {"source": 87, "prod": 0, "target": 76, "value": 1.7192042376319197e-05, "supply": "[{\"l\":'Energy for power irrigation',\"v\":1.7192042376319197e-05}]"}, {"source": 87, "prod": 0, "target": 2, "value": 0.00013652504240018186, "supply": "[{\"l\":'Energy for power irrigation',\"v\":0.00013652504240018186}]"}, {"source": 88, "prod": 0, "target": 87, "value": 0.014524779034473606, "supply": [{"l": "Coal", "v": 0.0084173477826938198}, {"l": "Natural gas", "v": 0.0019900963807823044}, {"l": "Oil", "v": 0.004117334870997481}]}, {"source": 89, "prod": 0, "target": 87, "value": 0.0026332281444572713, "supply": [{"l": "Nuclear", "v": 0.00077810767050239731}, {"l": "Hydroelectric", "v": 0.0018203412026641613}, {"l": "Renewable", "v": 3.4779271290712646e-05}]}, {"source": 88, "prod": 0, "target": 1, "value": 8.4521815808358181, "supply": [{"l": "Gas-diesel oils used in fisheries", "v": 5.5464863933260773}, {"l": "Fuel oil used in fisheries", "v": 2.9056951875097412}]}, {"source": 90, "prod": 32.63482126631223, "target": 0, "value": 0.31559254954077748, "supply": [{"l": "Potash", "v": 0.30169366042654006}, {"l": "Phosphate", "v": 0.63225719495025023}, {"l": "Nitrogen", "v": 3.5034326648397824}]}, {"source": 90, "prod": 0.022177928145642019, "target": 21, "value": 0.00021446996231109584, "supply": [{"l": "Potash", "v": 0.30169366042654006}, {"l": "Phosphate", "v": 0.63225719495025023}, {"l": "Nitrogen", "v": 3.5034326648397824}]}, {"source": 90, "prod": 63.007493861768971, "target": 22, "value": 0.60930916292582327, "supply": [{"l": "Potash", "v": 0.30169366042654006}, {"l": "Phosphate", "v": 0.63225719495025023}, {"l": "Nitrogen", "v": 3.5034326648397824}]}, {"source": 90, "prod": 0.47682545513130331, "target": 23, "value": 0.0046111041896885595, "supply": [{"l": "Potash", "v": 0.30169366042654006}, {"l": "Phosphate", "v": 0.63225719495025023}, {"l": "Nitrogen", "v": 3.5034326648397824}]}, {"source": 90, "prod": 0.17742342516513615, "target": 26, "value": 0.0017157596984887667, "supply": [{"l": "Potash", "v": 0.30169366042654006}, {"l": "Phosphate", "v": 0.63225719495025023}, {"l": "Nitrogen", "v": 3.5034326648397824}]}, {"source": 90, "prod": 0.29940202996616727, "target": 55, "value": 0.0028953444911997937, "supply": [{"l": "Potash", "v": 0.30169366042654006}, {"l": "Phosphate", "v": 0.63225719495025023}, {"l": "Nitrogen", "v": 3.5034326648397824}]}, {"source": 90, "prod": 44.94357138714355, "target": 17, "value": 0.4346233786234357, "supply": [{"l": "Potash", "v": 0.30169366042654006}, {"l": "Phosphate", "v": 0.63225719495025023}, {"l": "Nitrogen", "v": 3.5034326648397824}]}, {"source": 90, "prod": 7.2965383599162239, "target": 33, "value": 0.070560617600350525, "supply": [{"l": "Potash", "v": 0.30169366042654006}, {"l": "Phosphate", "v": 0.63225719495025023}, {"l": "Nitrogen", "v": 3.5034326648397824}]}, {"source": 90, "prod": 0.22177928145642017, "target": 61, "value": 0.0021446996231109581, "supply": [{"l": "Potash", "v": 0.30169366042654006}, {"l": "Phosphate", "v": 0.63225719495025023}, {"l": "Nitrogen", "v": 3.5034326648397824}]}, {"source": 90, "prod": 7.6513852102464961, "target": 4, "value": 0.073992136997328053, "supply": [{"l": "Potash", "v": 0.30169366042654006}, {"l": "Phosphate", "v": 0.63225719495025023}, {"l": "Nitrogen", "v": 3.5034326648397824}]}, {"source": 90, "prod": 0.47682545513130331, "target": 38, "value": 0.0046111041896885595, "supply": [{"l": "Potash", "v": 0.30169366042654006}, {"l": "Phosphate", "v": 0.63225719495025023}, {"l": "Nitrogen", "v": 3.5034326648397824}]}, {"source": 90, "prod": 1.8296790720154663, "target": 41, "value": 0.017693771890665403, "supply": [{"l": "Potash", "v": 0.30169366042654006}, {"l": "Phosphate", "v": 0.63225719495025023}, {"l": "Nitrogen", "v": 3.5034326648397824}]}, {"source": 90, "prod": 0.1441565329466731, "target": 42, "value": 0.0013940547550221228, "supply": [{"l": "Potash", "v": 0.30169366042654006}, {"l": "Phosphate", "v": 0.63225719495025023}, {"l": "Nitrogen", "v": 3.5034326648397824}]}, {"source": 90, "prod": 1.20869708393749, "target": 45, "value": 0.011688612945954722, "supply": [{"l": "Potash", "v": 0.30169366042654006}, {"l": "Phosphate", "v": 0.63225719495025023}, {"l": "Nitrogen", "v": 3.5034326648397824}]}, {"source": 90, "prod": 1.3306756887385209, "target": 46, "value": 0.012868197738665748, "supply": [{"l": "Potash", "v": 0.30169366042654006}, {"l": "Phosphate", "v": 0.63225719495025023}, {"l": "Nitrogen", "v": 3.5034326648397824}]}, {"source": 90, "prod": 0.7096937006605446, "target": 16, "value": 0.0068630387939550667, "supply": [{"l": "Potash", "v": 0.30169366042654006}, {"l": "Phosphate", "v": 0.63225719495025023}, {"l": "Nitrogen", "v": 3.5034326648397824}]}, {"source": 90, "prod": 11.920636378282584, "target": 52, "value": 0.115277604742214, "supply": [{"l": "Potash", "v": 0.30169366042654006}, {"l": "Phosphate", "v": 0.63225719495025023}, {"l": "Nitrogen", "v": 3.5034326648397824}]}, {"source": 90, "prod": 0.79840541324311265, "target": 53, "value": 0.0077209186431994497, "supply": [{"l": "Potash", "v": 0.30169366042654006}, {"l": "Phosphate", "v": 0.63225719495025023}, {"l": "Nitrogen", "v": 3.5034326648397824}]}, {"source": 90, "prod": 1.441565329466731, "target": 57, "value": 0.013940547550221229, "supply": [{"l": "Potash", "v": 0.30169366042654006}, {"l": "Phosphate", "v": 0.63225719495025023}, {"l": "Nitrogen", "v": 3.5034326648397824}]}, {"source": 90, "prod": 1.0645405509908168, "target": 58, "value": 0.0102945581909326, "supply": [{"l": "Potash", "v": 0.30169366042654006}, {"l": "Phosphate", "v": 0.63225719495025023}, {"l": "Nitrogen", "v": 3.5034326648397824}]}, {"source": 90, "prod": 0.21069031738359914, "target": 60, "value": 0.0020374646419554104, "supply": [{"l": "Potash", "v": 0.30169366042654006}, {"l": "Phosphate", "v": 0.63225719495025023}, {"l": "Nitrogen", "v": 3.5034326648397824}]}, {"source": 90, "prod": 4.9124110842597073, "target": 18, "value": 0.047505096651907726, "supply": [{"l": "Potash", "v": 0.30169366042654006}, {"l": "Phosphate", "v": 0.63225719495025023}, {"l": "Nitrogen", "v": 3.5034326648397824}]}, {"source": 90, "prod": 203.39377902368292, "target": 48, "value": 1.9669040243550597, "supply": [{"l": "Potash", "v": 0.30169366042654006}, {"l": "Phosphate", "v": 0.63225719495025023}, {"l": "Nitrogen", "v": 3.5034326648397824}]}, {"source": 90, "prod": 5.0787455453520218, "target": 56, "value": 0.04911362136924094, "supply": [{"l": "Potash", "v": 0.30169366042654006}, {"l": "Phosphate", "v": 0.63225719495025023}, {"l": "Nitrogen", "v": 3.5034326648397824}]}, {"source": 90, "prod": 4.7904324794586763, "target": 64, "value": 0.0463255118591967, "supply": [{"l": "Potash", "v": 0.30169366042654006}, {"l": "Phosphate", "v": 0.63225719495025023}, {"l": "Nitrogen", "v": 3.5034326648397824}]}, {"source": 90, "prod": 1.4193874013210892, "target": 66, "value": 0.013726077587910133, "supply": [{"l": "Potash", "v": 0.30169366042654006}, {"l": "Phosphate", "v": 0.63225719495025023}, {"l": "Nitrogen", "v": 3.5034326648397824}]}, {"source": 90, "prod": 0.5322702754954084, "target": 67, "value": 0.0051472790954663001, "supply": [{"l": "Potash", "v": 0.30169366042654006}, {"l": "Phosphate", "v": 0.63225719495025023}, {"l": "Nitrogen", "v": 3.5034326648397824}]}, {"source": 90, "prod": 15.790684839697116, "target": 68, "value": 0.15270261316550021, "supply": [{"l": "Potash", "v": 0.30169366042654006}, {"l": "Phosphate", "v": 0.63225719495025023}, {"l": "Nitrogen", "v": 3.5034326648397824}]}, {"source": 90, "prod": 0.066533784436926049, "target": 9, "value": 0.00064340988693328751, "supply": [{"l": "Potash", "v": 0.30169366042654006}, {"l": "Phosphate", "v": 0.63225719495025023}, {"l": "Nitrogen", "v": 3.5034326648397824}]}, {"source": 90, "prod": 23.419892121797968, "target": 12, "value": 0.22648028020051719, "supply": [{"l": "Potash", "v": 0.30169366042654006}, {"l": "Phosphate", "v": 0.63225719495025023}, {"l": "Nitrogen", "v": 3.5034326648397824}]}, {"source": 90, "prod": 0.044355856291284038, "target": 13, "value": 0.00042893992462219167, "supply": [{"l": "Potash", "v": 0.30169366042654006}, {"l": "Phosphate", "v": 0.63225719495025023}, {"l": "Nitrogen", "v": 3.5034326648397824}]}, {"source": 90, "prod": 8.2058334138875466, "target": 74, "value": 0.07935388605510546, "supply": [{"l": "Potash", "v": 0.30169366042654006}, {"l": "Phosphate", "v": 0.63225719495025023}, {"l": "Nitrogen", "v": 3.5034326648397824}]}, {"source": 90, "prod": 0.94256194618978573, "target": 76, "value": 0.0091149733982215722, "supply": [{"l": "Potash", "v": 0.30169366042654006}, {"l": "Phosphate", "v": 0.63225719495025023}, {"l": "Nitrogen", "v": 3.5034326648397824}]}, {"source": 90, "prod": 7.4850507491541816, "target": 2, "value": 0.072383612279994847, "supply": [{"l": "Potash", "v": 0.30169366042654006}, {"l": "Phosphate", "v": 0.63225719495025023}, {"l": "Nitrogen", "v": 3.5034326648397824}]}, {"source": 88, "prod": 0, "target": 90, "value": 5.5129754501873371, "supply": [{"l": "Natural gas (including LNG)", "v": 3.6781145557512289}, {"l": "Fuel oil", "v": 1.2155549456573542}, {"l": "Liquefied petroleum gas (LPG)", "v": 0.30965297438937728}, {"l": "Coal", "v": 0.30965297438937728}]}, {"source": 91, "prod": 0, "target": 0, "value": 0.36415224185801109, "supply": "[{\"l\":'Labor',\"v\":0.36415224185801109}]"}, {"source": 91, "prod": 0, "target": 21, "value": 0.00024747009300578397, "supply": "[{\"l\":'Labor',\"v\":0.00024747009300578397}]"}, {"source": 91, "prod": 0, "target": 41, "value": 0.020416282672977175, "supply": "[{\"l\":'Labor',\"v\":0.020416282672977175}]"}, {"source": 91, "prod": 0, "target": 23, "value": 0.0053206069996243549, "supply": "[{\"l\":'Labor',\"v\":0.0053206069996243549}]"}, {"source": 91, "prod": 0, "target": 26, "value": 0.0019797607440462718, "supply": "[{\"l\":'Labor',\"v\":0.0019797607440462718}]"}, {"source": 91, "prod": 0, "target": 28, "value": 0.00024747009300578397, "supply": "[{\"l\":'Labor',\"v\":0.00024747009300578397}]"}, {"source": 91, "prod": 0, "target": 14, "value": 0.048875343368642334, "supply": "[{\"l\":'Labor',\"v\":0.048875343368642334}]"}, {"source": 91, "prod": 0, "target": 51, "value": 0.00012373504650289198, "supply": "[{\"l\":'Labor',\"v\":0.00012373504650289198}]"}, {"source": 91, "prod": 0, "target": 17, "value": 0.50149814347622124, "supply": "[{\"l\":'Labor',\"v\":0.50149814347622124}]"}, {"source": 91, "prod": 0, "target": 33, "value": 0.08141766059890293, "supply": "[{\"l\":'Labor',\"v\":0.08141766059890293}]"}, {"source": 91, "prod": 0, "target": 34, "value": 0.00012373504650289198, "supply": "[{\"l\":'Labor',\"v\":0.00012373504650289198}]"}, {"source": 91, "prod": 0, "target": 35, "value": 0.00012373504650289198, "supply": "[{\"l\":'Labor',\"v\":0.00012373504650289198}]"}, {"source": 91, "prod": 0, "target": 4, "value": 0.085377182086995462, "supply": "[{\"l\":'Labor',\"v\":0.085377182086995462}]"}, {"source": 91, "prod": 0, "target": 37, "value": 0.0019797607440462718, "supply": "[{\"l\":'Labor',\"v\":0.0019797607440462718}]"}, {"source": 91, "prod": 0, "target": 38, "value": 0.0053206069996243549, "supply": "[{\"l\":'Labor',\"v\":0.0053206069996243549}]"}, {"source": 91, "prod": 0, "target": 22, "value": 0.70306253422943221, "supply": "[{\"l\":'Labor',\"v\":0.70306253422943221}]"}, {"source": 91, "prod": 0, "target": 42, "value": 0.0016085556045375956, "supply": "[{\"l\":'Labor',\"v\":0.0016085556045375956}]"}, {"source": 91, "prod": 0, "target": 45, "value": 0.013487120068815224, "supply": "[{\"l\":'Labor',\"v\":0.013487120068815224}]"}, {"source": 91, "prod": 0, "target": 46, "value": 0.014848205580347036, "supply": "[{\"l\":'Labor',\"v\":0.014848205580347036}]"}, {"source": 91, "prod": 0, "target": 16, "value": 0.007919042976185087, "supply": "[{\"l\":'Labor',\"v\":0.007919042976185087}]"}, {"source": 91, "prod": 0, "target": 7, "value": 0.00037120513950867593, "supply": "[{\"l\":'Labor',\"v\":0.00037120513950867593}]"}, {"source": 91, "prod": 0, "target": 52, "value": 0.13301517499060889, "supply": "[{\"l\":'Labor',\"v\":0.13301517499060889}]"}, {"source": 91, "prod": 0, "target": 53, "value": 0.0089089233482082218, "supply": "[{\"l\":'Labor',\"v\":0.0089089233482082218}]"}, {"source": 91, "prod": 0, "target": 56, "value": 0.05667065129832452, "supply": "[{\"l\":'Labor',\"v\":0.05667065129832452}]"}, {"source": 91, "prod": 0, "target": 61, "value": 0.0024747009300578396, "supply": "[{\"l\":'Labor',\"v\":0.0024747009300578396}]"}, {"source": 91, "prod": 0, "target": 55, "value": 0.0033408462555780836, "supply": "[{\"l\":'Labor',\"v\":0.0033408462555780836}]"}, {"source": 91, "prod": 0, "target": 57, "value": 0.016085556045375957, "supply": "[{\"l\":'Labor',\"v\":0.016085556045375957}]"}, {"source": 91, "prod": 0, "target": 19, "value": 0.0028459060695665158, "supply": "[{\"l\":'Labor',\"v\":0.0028459060695665158}]"}, {"source": 91, "prod": 0, "target": 60, "value": 0.0023509658835549475, "supply": "[{\"l\":'Labor',\"v\":0.0023509658835549475}]"}, {"source": 91, "prod": 0, "target": 18, "value": 0.054814625600781146, "supply": "[{\"l\":'Labor',\"v\":0.054814625600781146}]"}, {"source": 91, "prod": 0, "target": 48, "value": 2.2695482229560446, "supply": "[{\"l\":'Labor',\"v\":2.2695482229560446}]"}, {"source": 91, "prod": 0, "target": 64, "value": 0.053453540089249338, "supply": "[{\"l\":'Labor',\"v\":0.053453540089249338}]"}, {"source": 91, "prod": 0, "target": 66, "value": 0.015838085952370174, "supply": "[{\"l\":'Labor',\"v\":0.015838085952370174}]"}, {"source": 91, "prod": 0, "target": 67, "value": 0.0059392822321388148, "supply": "[{\"l\":'Labor',\"v\":0.0059392822321388148}]"}, {"source": 91, "prod": 0, "target": 68, "value": 0.17619870622011818, "supply": "[{\"l\":'Labor',\"v\":0.17619870622011818}]"}, {"source": 91, "prod": 0, "target": 58, "value": 0.01187856446427763, "supply": "[{\"l\":'Labor',\"v\":0.01187856446427763}]"}, {"source": 91, "prod": 0, "target": 9, "value": 0.00074241027901735185, "supply": "[{\"l\":'Labor',\"v\":0.00074241027901735185}]"}, {"source": 91, "prod": 0, "target": 12, "value": 0.26132841821410785, "supply": "[{\"l\":'Labor',\"v\":0.26132841821410785}]"}, {"source": 91, "prod": 0, "target": 13, "value": 0.00049494018601156794, "supply": "[{\"l\":'Labor',\"v\":0.00049494018601156794}]"}, {"source": 91, "prod": 0, "target": 74, "value": 0.091563934412140058, "supply": "[{\"l\":'Labor',\"v\":0.091563934412140058}]"}, {"source": 91, "prod": 0, "target": 76, "value": 0.010517478952745818, "supply": "[{\"l\":'Labor',\"v\":0.010517478952745818}]"}, {"source": 91, "prod": 0, "target": 84, "value": 0.00012373504650289198, "supply": "[{\"l\":'Labor',\"v\":0.00012373504650289198}]"}, {"source": 91, "prod": 0, "target": 2, "value": 0.083521156389452095, "supply": "[{\"l\":'Labor',\"v\":0.083521156389452095}]"}, {"source": 88, "prod": 0, "target": 82, "value": 14.251212761167277, "supply": "[{\"l\":'Fossil Fuels',\"v\":14.251212761167277}]"}, {"source": 89, "prod": 0, "target": 82, "value": 2.962378288575954, "supply": "[{\"l\":'Renewables & Nuclear',\"v\":0.9098843543924735},{\"l\":'Biomass & Waste',\"v\":2.0524939341834805}]"}]}