{"nodes": [{"name": "Balance", "fill": "#9edae5"}, {"name": "Food", "fill": "#b5cf6b"}, {"name": "Stock Deposit", "fill": "#c7c7c7"}, {"name": "Export", "fill": "#aec7e8"}, {"name": "Biofuels & Other", "fill": "#e7ba52"}, {"name": "Renewables & Nuclear", "fill": "#2ca02c"}, {"name": "Fossil Fuels", "fill": "#c49c94"}, {"name": "Stock Draw", "fill": "#c7c7c7"}, {"name": "Labor", "fill": "#7f7f7f"}], "links": [{"source": 0, "target": 1, "value": 20.980920540856854}, {"source": 0, "target": 2, "value": 0.50566825894772138}, {"source": 0, "target": 3, "value": 3.7044315140637041}, {"source": 0, "target": 4, "value": 1.2750983359510866}, {"source": 5, "target": 0, "value": 2.5496054013599156}, {"source": 6, "target": 0, "value": 26.760241349187716}, {"source": 7, "target": 0, "value": 0.61994101657515066}, {"source": 8, "target": 0, "value": 5.068939514806087}]}