{"nodes": [{"layer": 13, "name": "Animal Products", "fill": "#17becf"}, {"layer": 10, "name": "Feed", "fill": "#dbdb8d"}, {"layer": 5, "name": "Cereals", "fill": "#e7ba52"}, {"layer": 5, "name": "Oilcrops", "fill": "#ff9896"}, {"layer": 5, "name": "Sugar Crops", "fill": "#ffbb78"}, {"layer": 5, "name": "Starchy Roots"}, {"layer": 5, "name": "Fruits & Vegetables"}, {"layer": 13, "name": "Aquatic Products", "fill": "#1f77b4"}, {"layer": 13, "name": "Other Processed", "fill": "#9c9ede"}, {"layer": 16, "name": "Food", "fill": "#b5cf6b"}, {"layer": 13, "name": "Sugar", "fill": "#d6616b"}, {"layer": 5, "name": "Others"}, {"layer": 13, "name": "Vegetable Oils", "fill": "#f7b6d2"}, {"layer": 10, "name": "Processing", "fill": "#9edae5"}, {"layer": 16, "name": "Biofuels & Other", "fill": "#e7ba52"}, {"name": "Seed", "fill": "#dbdb8d"}, {"name": "Waste", "fill": "#c7c7c7"}, {"layer": 0, "name": "Import", "fill": "#aec7e8"}, {"layer": 16, "name": "Export", "fill": "#aec7e8"}, {"layer": 16, "name": "Stock Deposit", "fill": "#c7c7c7"}, {"layer": 0, "name": "Stock Draw", "fill": "#c7c7c7"}, {"layer": 0, "name": "Production", "fill": "#b5cf6b"}], "links": [{"source": 0, "prod": 0.041655296638136323, "target": 1, "value": 58.0, "supply": [{"l": "Milk - Excluding Butter", "v": 53.0}, {"l": "Offals, Edible", "v": 5.0}]}, {"source": 2, "prod": 35.285214744711752, "target": 1, "value": 9937.0, "supply": [{"l": "Maize", "v": 5335.0}, {"l": "Oats", "v": 3.0}, {"l": "Barley", "v": 2.0}, {"l": "Rice", "v": 4316.0}, {"l": "Sorghum", "v": 25.0}, {"l": "Cereals, Other", "v": 17.0}, {"l": "Wheat", "v": 64.0}, {"l": "Millet", "v": 175.0}]}, {"source": 3, "prod": 0.12820034243900758, "target": 1, "value": 41.0, "supply": [{"l": "Coconuts - Incl Copra", "v": 26.0}, {"l": "Oilcrops, Other", "v": 15.0}]}, {"source": 4, "prod": 0.42012846929734637, "target": 1, "value": 1393.0, "supply": [{"l": "Sugar cane", "v": 1393.0}]}, {"source": 5, "prod": 3.9401591213092604, "target": 1, "value": 3338.0, "supply": [{"l": "Potatoes", "v": 2.0}, {"l": "Yams", "v": 1.0}, {"l": "Roots, Other", "v": 41.0}, {"l": "Sweet potatoes", "v": 276.0}, {"l": "Cassava", "v": 3018.0}]}, {"source": 6, "prod": 0.54925300931470245, "target": 1, "value": 441.0, "supply": [{"l": "Bananas", "v": 370.0}, {"l": "Pulses, Other", "v": 71.0}]}, {"source": 7, "prod": 1.9202583807310563, "target": 1, "value": 2323.0, "supply": [{"l": "Molluscs, Other", "v": 6.0}, {"l": "Fish, Seafood", "v": 1162.0}, {"l": "Pelagic Fish", "v": 580.0}, {"l": "Crustaceans", "v": 2.0}, {"l": "Marine Fish, Other", "v": 573.0}]}, {"source": 8, "prod": 5.0874579636484594, "target": 9, "value": 2413.0, "supply": [{"l": "Beverages, Alcoholic", "v": 682.0}, {"l": "Butter, Ghee", "v": 44.0}, {"l": "Fats, Animals, Raw", "v": 182.0}, {"l": "Wine", "v": 4.0}, {"l": "Cream", "v": 2.0}, {"l": "Beer", "v": 1495.0}, {"l": "Beverages, Fermented", "v": 3.0}, {"l": "Fish, Liver Oil", "v": 1.0}]}, {"source": 0, "prod": 18.029577600575269, "target": 9, "value": 9788.0, "supply": [{"l": "Eggs", "v": 1200.0}, {"l": "Pigmeat", "v": 2006.0}, {"l": "Offals, Edible", "v": 415.0}, {"l": "Milk - Excluding Butter", "v": 3514.0}, {"l": "Meat, Other", "v": 50.0}, {"l": "Mutton & Goat Meat", "v": 115.0}, {"l": "Bovine Meat", "v": 1035.0}, {"l": "Poultry Meat", "v": 1453.0}]}, {"source": 2, "prod": 236.93768662345229, "target": 9, "value": 59169.0, "supply": [{"l": "Maize", "v": 5670.0}, {"l": "Barley", "v": 27.0}, {"l": "Cereals, Other", "v": 57.0}, {"l": "Rice", "v": 50572.0}, {"l": "Wheat", "v": 2812.0}, {"l": "Oats", "v": 3.0}, {"l": "Millet", "v": 28.0}]}, {"source": 3, "prod": 12.724452066964254, "target": 9, "value": 5720.0, "supply": [{"l": "Sunflower seed", "v": 7.0}, {"l": "Coconuts - Incl Copra", "v": 4592.0}, {"l": "Sesame seed", "v": 35.0}, {"l": "Groundnuts", "v": 810.0}, {"l": "Oilcrops, Other", "v": 9.0}, {"l": "Soyabeans", "v": 267.0}]}, {"source": 4, "prod": 0.67377386964125752, "target": 9, "value": 2234.0, "supply": [{"l": "Sugar cane", "v": 2234.0}]}, {"source": 10, "prod": 25.001113161041019, "target": 9, "value": 5802.0, "supply": [{"l": "Sugar", "v": 5218.0}, {"l": "Sweeteners, Other", "v": 274.0}, {"l": "Honey", "v": 2.0}, {"l": "Sugar non-centrifugal", "v": 308.0}]}, {"source": 5, "prod": 20.077218064695924, "target": 9, "value": 17158.0, "supply": [{"l": "Roots, Other", "v": 576.0}, {"l": "Yams", "v": 13.0}, {"l": "Potatoes", "v": 736.0}, {"l": "Sweet potatoes", "v": 3974.0}, {"l": "Cassava", "v": 11859.0}]}, {"source": 6, "prod": 20.059357685293293, "target": 9, "value": 34510.0, "supply": [{"l": "Vegetables, Other", "v": 12261.0}, {"l": "Plantains", "v": 173.0}, {"l": "Tomatoes", "v": 404.0}, {"l": "Treenuts", "v": 168.0}, {"l": "Peas", "v": 35.0}, {"l": "Grapes", "v": 38.0}, {"l": "Pulses, Other", "v": 340.0}, {"l": "Pineapples", "v": 2417.0}, {"l": "Citrus, Other", "v": 3.0}, {"l": "Grapefruit", "v": 96.0}, {"l": "Fruits, Other", "v": 8626.0}, {"l": "Dates", "v": 6.0}, {"l": "Beans", "v": 806.0}, {"l": "Apples", "v": 27.0}, {"l": "Lemons, Limes", "v": 51.0}, {"l": "Bananas", "v": 6726.0}, {"l": "Oranges, Mandarines", "v": 1405.0}, {"l": "Onions", "v": 928.0}]}, {"source": 11, "prod": 1.8909473921531759, "target": 9, "value": 727.0, "supply": [{"l": "Nuts", "v": 169.0}, {"l": "Infant food", "v": 8.0}, {"l": "Pepper", "v": 16.0}, {"l": "Pimento", "v": 138.0}, {"l": "Tea", "v": 82.0}, {"l": "Coffee", "v": 148.0}, {"l": "Cloves", "v": 3.0}, {"l": "Cocoa Beans", "v": 15.0}, {"l": "Spices, Other", "v": 148.0}]}, {"source": 7, "prod": 11.51829390017167, "target": 9, "value": 14444.0, "supply": [{"l": "Crustaceans", "v": 426.0}, {"l": "Aquatic Products, Other", "v": 38.0}, {"l": "Marine Fish, Other", "v": 1443.0}, {"l": "Fish, Seafood", "v": 7184.0}, {"l": "Aquatic Animals, Others", "v": 38.0}, {"l": "Demersal Fish", "v": 834.0}, {"l": "Freshwater Fish", "v": 1420.0}, {"l": "Cephalopods", "v": 114.0}, {"l": "Pelagic Fish", "v": 2493.0}, {"l": "Molluscs, Other", "v": 454.0}]}, {"source": 12, "prod": 24.341510429367823, "target": 9, "value": 2353.0, "supply": [{"l": "Ricebran Oil", "v": 14.0}, {"l": "Sunflowerseed Oil", "v": 50.0}, {"l": "Sesameseed Oil", "v": 101.0}, {"l": "Palmkernel Oil", "v": 63.0}, {"l": "Oilcrops Oil, Other", "v": 46.0}, {"l": "Maize Germ Oil", "v": 8.0}, {"l": "Groundnut Oil", "v": 160.0}, {"l": "Soyabean Oil", "v": 240.0}, {"l": "Palm Oil", "v": 996.0}, {"l": "Coconut Oil", "v": 654.0}, {"l": "Cottonseed Oil", "v": 21.0}]}, {"source": 8, "prod": 0.35713509714322833, "target": 13, "value": 43.0, "supply": [{"l": "Fats, Animals, Raw", "v": 43.0}]}, {"source": 2, "prod": 6.7550644769111781, "target": 13, "value": 1709.0, "supply": [{"l": "Maize", "v": 17.0}, {"l": "Rice", "v": 1417.0}, {"l": "Wheat", "v": 16.0}, {"l": "Barley", "v": 259.0}]}, {"source": 3, "prod": 154.44396843676819, "target": 13, "value": 44554.466135458162, "supply": [{"l": "Soyabeans", "v": 1369.0}, {"l": "Oilcrops, Other", "v": 575.0}, {"l": "Sunflower seed", "v": 130.0}, {"l": "Coconuts - Incl Copra", "v": 13253.0}, {"l": "Sesame seed", "v": 225.0}, {"l": "Cottonseed", "v": 132.0}, {"l": "Rape and Mustardseed", "v": 11.0}, {"l": "Groundnuts", "v": 456.0}, {"l": "Palm kernels", "v": 1510.0}, {"l": "Oil Palm", "v": 26893.466135458166}]}, {"source": 4, "prod": 22.273444067536484, "target": 13, "value": 73851.0, "supply": [{"l": "Sugar cane", "v": 73851.0}]}, {"source": 10, "prod": 1.4685296759360653, "target": 13, "value": 341.0, "supply": [{"l": "Sugar", "v": 1.0}, {"l": "Sweeteners, Other", "v": 340.0}]}, {"source": 5, "prod": 0.0036713657587459456, "target": 13, "value": 4.0, "supply": [{"l": "Potatoes", "v": 4.0}]}, {"source": 6, "prod": 0.025393853130967835, "target": 13, "value": 53.0, "supply": [{"l": "Fruits, Other", "v": 39.0}, {"l": "Apples", "v": 2.0}, {"l": "Bananas", "v": 5.0}, {"l": "Oranges, Mandarines", "v": 7.0}]}, {"source": 8, "prod": 1.2648556108950735, "target": 14, "value": 577.0, "supply": [{"l": "Alcohol, Non-Food", "v": 559.0}, {"l": "Beer", "v": 1.0}, {"l": "Fats, Animals, Raw", "v": 17.0}]}, {"source": 0, "prod": 0.057139646292524646, "target": 14, "value": 66.0, "supply": [{"l": "Milk - Excluding Butter", "v": 54.0}, {"l": "Poultry Meat", "v": 12.0}]}, {"source": 2, "prod": 4.546083330922194, "target": 14, "value": 1324.0, "supply": [{"l": "Maize", "v": 747.0}, {"l": "Rice", "v": 503.0}, {"l": "Wheat", "v": 74.0}]}, {"source": 3, "prod": 0.87517680032185674, "target": 14, "value": 481.0, "supply": [{"l": "Cottonseed", "v": 1.0}, {"l": "Coconuts - Incl Copra", "v": 437.0}, {"l": "Sesame seed", "v": 1.0}, {"l": "Soyabeans", "v": 9.0}, {"l": "Oilcrops, Other", "v": 33.0}]}, {"source": 4, "prod": 0.31698135048923975, "target": 14, "value": 1051.0, "supply": [{"l": "Sugar cane", "v": 1051.0}]}, {"source": 10, "prod": 0.24116616379008698, "target": 14, "value": 56.0, "supply": [{"l": "Sugar", "v": 53.0}, {"l": "Sweeteners, Other", "v": 3.0}]}, {"source": 5, "prod": 0.94960656099212659, "target": 14, "value": 805.0, "supply": [{"l": "Potatoes", "v": 1.0}, {"l": "Cassava", "v": 804.0}]}, {"source": 6, "prod": 0.00046906261420441993, "target": 14, "value": 1.0, "supply": [{"l": "Fruits, Other", "v": 1.0}]}, {"source": 11, "prod": 0.20569482264402514, "target": 14, "value": 50.0, "supply": [{"l": "Cloves", "v": 50.0}]}, {"source": 7, "prod": 0.63077989483241537, "target": 14, "value": 827.0, "supply": [{"l": "Aquatic Plants", "v": 311.0}, {"l": "Fish, Seafood", "v": 102.0}, {"l": "Aquatic Products, Other", "v": 311.0}, {"l": "Marine Fish, Other", "v": 19.0}, {"l": "Freshwater Fish", "v": 84.0}]}, {"source": 12, "prod": 5.5361669444832096, "target": 14, "value": 535.0, "supply": [{"l": "Ricebran Oil", "v": 12.0}, {"l": "Coconut Oil", "v": 164.0}, {"l": "Rape and Mustard Oil", "v": 3.0}, {"l": "Palm Oil", "v": 287.0}, {"l": "Groundnut Oil", "v": 1.0}, {"l": "Oilcrops Oil, Other", "v": 51.0}, {"l": "Cottonseed Oil", "v": 1.0}, {"l": "Palmkernel Oil", "v": 16.0}]}, {"source": 0, "prod": 0.29349651599511262, "target": 0, "value": 174.0, "supply": [{"l": "Eggs", "v": 174.0}]}, {"source": 2, "prod": 7.2819668440907783, "target": 15, "value": 1801.0, "supply": [{"l": "Maize", "v": 193.0}, {"l": "Wheat", "v": 7.0}, {"l": "Cereals, Other", "v": 1.0}, {"l": "Millet", "v": 4.0}, {"l": "Rice", "v": 1594.0}, {"l": "Sorghum", "v": 2.0}]}, {"source": 3, "prod": 0.8936434574394877, "target": 15, "value": 237.0, "supply": [{"l": "Sunflower seed", "v": 7.0}, {"l": "Coconuts - Incl Copra", "v": 86.0}, {"l": "Soyabeans", "v": 47.0}, {"l": "Sesame seed", "v": 15.0}, {"l": "Cottonseed", "v": 9.0}, {"l": "Groundnuts", "v": 73.0}]}, {"source": 4, "prod": 0.3003933635464156, "target": 15, "value": 996.0, "supply": [{"l": "Sugar cane", "v": 996.0}]}, {"source": 5, "prod": 0.33651106126905522, "target": 15, "value": 302.0, "supply": [{"l": "Potatoes", "v": 75.0}, {"l": "Roots, Other", "v": 24.0}, {"l": "Yams", "v": 6.0}, {"l": "Sweet potatoes", "v": 197.0}]}, {"source": 6, "prod": 0.43321097180865503, "target": 15, "value": 109.0, "supply": [{"l": "Peas", "v": 1.0}, {"l": "Beans", "v": 83.0}, {"l": "Pulses, Other", "v": 25.0}]}, {"source": 0, "prod": 0.18268646761162927, "target": 16, "value": 141.0, "supply": [{"l": "Eggs", "v": 67.0}, {"l": "Pigmeat", "v": 2.0}, {"l": "Milk - Excluding Butter", "v": 60.0}, {"l": "Bovine Meat", "v": 2.0}, {"l": "Poultry Meat", "v": 10.0}]}, {"source": 2, "prod": 19.535753389648768, "target": 16, "value": 4841.0, "supply": [{"l": "Maize", "v": 529.0}, {"l": "Barley", "v": 3.0}, {"l": "Rice", "v": 4248.0}, {"l": "Cereals, Other", "v": 1.0}, {"l": "Wheat", "v": 37.0}, {"l": "Sorghum", "v": 12.0}, {"l": "Millet", "v": 11.0}]}, {"source": 3, "prod": 2.3398508757180148, "target": 16, "value": 1247.0, "supply": [{"l": "Coconuts - Incl Copra", "v": 1096.0}, {"l": "Sesame seed", "v": 2.0}, {"l": "Cottonseed", "v": 3.0}, {"l": "Groundnuts", "v": 61.0}, {"l": "Oilcrops, Other", "v": 9.0}, {"l": "Soyabeans", "v": 76.0}]}, {"source": 4, "prod": 0.49281401208317588, "target": 16, "value": 1634.0, "supply": [{"l": "Sugar cane", "v": 1634.0}]}, {"source": 5, "prod": 3.0781990700116144, "target": 16, "value": 2626.0, "supply": [{"l": "Roots, Other", "v": 20.0}, {"l": "Yams", "v": 1.0}, {"l": "Potatoes", "v": 52.0}, {"l": "Sweet potatoes", "v": 355.0}, {"l": "Cassava", "v": 2198.0}]}, {"source": 6, "prod": 1.8951975200876752, "target": 16, "value": 3225.0, "supply": [{"l": "Plantains", "v": 31.0}, {"l": "Grapefruit", "v": 2.0}, {"l": "Tomatoes", "v": 29.0}, {"l": "Treenuts", "v": 1.0}, {"l": "Vegetables, Other", "v": 1097.0}, {"l": "Peas", "v": 1.0}, {"l": "Grapes", "v": 1.0}, {"l": "Beans", "v": 90.0}, {"l": "Pulses, Other", "v": 11.0}, {"l": "Lemons, Limes", "v": 3.0}, {"l": "Pineapples", "v": 292.0}, {"l": "Bananas", "v": 929.0}, {"l": "Fruits, Other", "v": 601.0}, {"l": "Oranges, Mandarines", "v": 73.0}, {"l": "Onions", "v": 64.0}]}, {"source": 11, "prod": 0.045039184903909672, "target": 16, "value": 33.0, "supply": [{"l": "Nuts", "v": 1.0}, {"l": "Cloves", "v": 3.0}, {"l": "Pepper", "v": 1.0}, {"l": "Pimento", "v": 5.0}, {"l": "Coffee", "v": 20.0}, {"l": "Tea", "v": 3.0}]}, {"source": 12, "prod": 0.26971076957062207, "target": 16, "value": 26.0, "supply": [{"l": "Palm Oil", "v": 21.0}, {"l": "Palmkernel Oil", "v": 5.0}]}, {"source": 17, "prod": 0.360466924934563, "target": 11, "value": 116.0, "supply": [{"l": "Infant food", "v": 12.0}, {"l": "Nuts", "v": 11.0}, {"l": "Cocoa Beans", "v": 7.0}, {"l": "Coffee", "v": 11.0}, {"l": "Cloves", "v": 14.0}, {"l": "Pimento", "v": 22.0}, {"l": "Spices, Other", "v": 33.0}, {"l": "Tea", "v": 6.0}]}, {"source": 17, "prod": 3.4046332837776059, "target": 1, "value": 4383.0, "supply": [{"l": "Pigmeat", "v": 3.0}, {"l": "Meat, Other", "v": 11.0}, {"l": "Crustaceans", "v": 54.0}, {"l": "Eggs", "v": 3.0}, {"l": "Aquatic Products, Other", "v": 1.0}, {"l": "Marine Fish, Other", "v": 32.0}, {"l": "Mutton & Goat Meat", "v": 6.0}, {"l": "Freshwater Fish", "v": 1.0}, {"l": "Poultry Meat", "v": 8.0}, {"l": "Milk - Excluding Butter", "v": 2487.0}, {"l": "Pelagic Fish", "v": 777.0}, {"l": "Fish, Seafood", "v": 908.0}, {"l": "Cephalopods", "v": 2.0}, {"l": "Molluscs, Other", "v": 42.0}, {"l": "Aquatic Animals, Others", "v": 1.0}, {"l": "Offals, Edible", "v": 5.0}, {"l": "Bovine Meat", "v": 42.0}]}, {"source": 17, "prod": 5.0768703425587471, "target": 13, "value": 917.0, "supply": [{"l": "Sugar", "v": 629.0}, {"l": "Maize Germ Oil", "v": 1.0}, {"l": "Beer", "v": 17.0}, {"l": "Groundnut Oil", "v": 4.0}, {"l": "Beverages, Alcoholic", "v": 17.0}, {"l": "Fats, Animals, Raw", "v": 25.0}, {"l": "Soyabean Oil", "v": 20.0}, {"l": "Butter, Ghee", "v": 32.0}, {"l": "Palm Oil", "v": 97.0}, {"l": "Coconut Oil", "v": 3.0}, {"l": "Oilcrops Oil, Other", "v": 30.0}, {"l": "Wine", "v": 4.0}, {"l": "Sweeteners, Other", "v": 27.0}, {"l": "Sesameseed Oil", "v": 1.0}, {"l": "Beverages, Fermented", "v": 1.0}, {"l": "Fish, Liver Oil", "v": 1.0}, {"l": "Honey", "v": 1.0}, {"l": "Palmkernel Oil", "v": 7.0}]}, {"source": 17, "prod": 20.607583088536504, "target": 2, "value": 6246.0, "supply": [{"l": "Maize", "v": 1543.0}, {"l": "Barley", "v": 203.0}, {"l": "Rice", "v": 1485.0}, {"l": "Cereals, Other", "v": 42.0}, {"l": "Wheat", "v": 2936.0}, {"l": "Oats", "v": 8.0}, {"l": "Sorghum", "v": 26.0}, {"l": "Millet", "v": 3.0}]}, {"source": 17, "prod": 0.47092216527582426, "target": 6, "value": 556.0, "supply": [{"l": "Tomatoes", "v": 28.0}, {"l": "Treenuts", "v": 11.0}, {"l": "Vegetables, Other", "v": 169.0}, {"l": "Peas", "v": 13.0}, {"l": "Grapes", "v": 18.0}, {"l": "Dates", "v": 6.0}, {"l": "Beans", "v": 32.0}, {"l": "Apples", "v": 29.0}, {"l": "Lemons, Limes", "v": 1.0}, {"l": "Bananas", "v": 4.0}, {"l": "Fruits, Other", "v": 80.0}, {"l": "Grapefruit", "v": 4.0}, {"l": "Oranges, Mandarines", "v": 47.0}, {"l": "Pulses, Other", "v": 15.0}, {"l": "Onions", "v": 99.0}]}, {"source": 17, "prod": 3.2576582491084611, "target": 3, "value": 847.0, "supply": [{"l": "Sunflower seed", "v": 3.0}, {"l": "Coconuts - Incl Copra", "v": 213.0}, {"l": "Sesame seed", "v": 5.0}, {"l": "Groundnuts", "v": 41.0}, {"l": "Oilcrops, Other", "v": 52.0}, {"l": "Soyabeans", "v": 531.0}, {"l": "Palm kernels", "v": 2.0}]}, {"source": 17, "prod": 0.17898492628883356, "target": 5, "value": 161.0, "supply": [{"l": "Roots, Other", "v": 13.0}, {"l": "Potatoes", "v": 56.0}, {"l": "Cassava", "v": 92.0}]}, {"source": 8, "prod": 0.15320663606814827, "target": 18, "value": 67.0, "supply": [{"l": "Alcohol, Non-Food", "v": 33.0}, {"l": "Beer", "v": 15.0}, {"l": "Beverages, Alcoholic", "v": 15.0}, {"l": "Fats, Animals, Raw", "v": 2.0}, {"l": "Beverages, Fermented", "v": 1.0}, {"l": "Fish, Liver Oil", "v": 1.0}]}, {"source": 0, "prod": 0.20266834125209821, "target": 18, "value": 136.0, "supply": [{"l": "Meat, Other", "v": 11.0}, {"l": "Eggs", "v": 17.0}, {"l": "Pigmeat", "v": 4.0}, {"l": "Milk - Excluding Butter", "v": 56.0}, {"l": "Poultry Meat", "v": 45.0}, {"l": "Bovine Meat", "v": 3.0}]}, {"source": 2, "prod": 31.408572729072976, "target": 18, "value": 8439.0, "supply": [{"l": "Maize", "v": 2872.0}, {"l": "Barley", "v": 38.0}, {"l": "Rice", "v": 5092.0}, {"l": "Cereals, Other", "v": 7.0}, {"l": "Wheat", "v": 111.0}, {"l": "Oats", "v": 2.0}, {"l": "Sorghum", "v": 317.0}]}, {"source": 3, "prod": 2.6877754572870067, "target": 18, "value": 1317.0, "supply": [{"l": "Coconuts - Incl Copra", "v": 1100.0}, {"l": "Sesame seed", "v": 31.0}, {"l": "Cottonseed", "v": 40.0}, {"l": "Groundnuts", "v": 61.0}, {"l": "Oilcrops, Other", "v": 29.0}, {"l": "Soyabeans", "v": 31.0}, {"l": "Palm kernels", "v": 25.0}]}, {"source": 4, "prod": 0.0021111983381776199, "target": 18, "value": 7.0, "supply": [{"l": "Sugar cane", "v": 7.0}]}, {"source": 10, "prod": 11.080723918426676, "target": 18, "value": 2573.0, "supply": [{"l": "Sugar", "v": 2568.0}, {"l": "Sweeteners, Other", "v": 5.0}]}, {"source": 5, "prod": 24.723323827978312, "target": 18, "value": 20947.0, "supply": [{"l": "Roots, Other", "v": 42.0}, {"l": "Potatoes", "v": 20.0}, {"l": "Cassava", "v": 20885.0}]}, {"source": 6, "prod": 3.0390027518002434, "target": 18, "value": 2777.0, "supply": [{"l": "Tomatoes", "v": 11.0}, {"l": "Treenuts", "v": 48.0}, {"l": "Vegetables, Other", "v": 221.0}, {"l": "Grapes", "v": 2.0}, {"l": "Beans", "v": 387.0}, {"l": "Apples", "v": 1.0}, {"l": "Lemons, Limes", "v": 2.0}, {"l": "Pineapples", "v": 987.0}, {"l": "Bananas", "v": 834.0}, {"l": "Fruits, Other", "v": 190.0}, {"l": "Grapefruit", "v": 5.0}, {"l": "Oranges, Mandarines", "v": 12.0}, {"l": "Pulses, Other", "v": 57.0}, {"l": "Onions", "v": 20.0}]}, {"source": 11, "prod": 0.94045178093793735, "target": 18, "value": 748.0, "supply": [{"l": "Infant food", "v": 4.0}, {"l": "Nuts", "v": 48.0}, {"l": "Cocoa Beans", "v": 131.0}, {"l": "Coffee", "v": 362.0}, {"l": "Pimento", "v": 13.0}, {"l": "Pepper", "v": 48.0}, {"l": "Spices, Other", "v": 40.0}, {"l": "Tea", "v": 102.0}]}, {"source": 7, "prod": 1.907727275279899, "target": 18, "value": 2412.0, "supply": [{"l": "Crustaceans", "v": 235.0}, {"l": "Aquatic Products, Other", "v": 24.0}, {"l": "Marine Fish, Other", "v": 325.0}, {"l": "Freshwater Fish", "v": 2.0}, {"l": "Pelagic Fish", "v": 445.0}, {"l": "Fish, Seafood", "v": 1181.0}, {"l": "Cephalopods", "v": 78.0}, {"l": "Molluscs, Other", "v": 78.0}, {"l": "Aquatic Animals, Others", "v": 24.0}, {"l": "Demersal Fish", "v": 20.0}]}, {"source": 12, "prod": 58.981630498504174, "target": 18, "value": 5703.0, "supply": [{"l": "Ricebran Oil", "v": 3.0}, {"l": "Groundnut Oil", "v": 5.0}, {"l": "Soyabean Oil", "v": 25.0}, {"l": "Palm Oil", "v": 4199.0}, {"l": "Coconut Oil", "v": 916.0}, {"l": "Oilcrops Oil, Other", "v": 25.0}, {"l": "Palmkernel Oil", "v": 530.0}]}, {"source": 12, "prod": 2.1995359323481716, "target": 19, "value": 211.0, "supply": [{"l": "Cottonseed Oil", "v": 1.0}, {"l": "Groundnut Oil", "v": 41.0}, {"l": "Palm Oil", "v": 127.0}, {"l": "Palmkernel Oil", "v": 42.0}]}, {"source": 0, "prod": 0.0084059735812871302, "target": 19, "value": 2.0, "supply": [{"l": "Pigmeat", "v": 2.0}]}, {"source": 20, "prod": 0.10383657626942129, "target": 5, "value": 88.0, "supply": [{"l": "Cassava", "v": 88.0}]}, {"source": 11, "prod": 0.11731539520683303, "target": 19, "value": 39.0, "supply": [{"l": "Nuts", "v": 33.0}, {"l": "Spices, Other", "v": 3.0}, {"l": "Pepper", "v": 3.0}]}, {"source": 7, "prod": 0.0019880388302390304, "target": 19, "value": 4.0, "supply": [{"l": "Fish, Seafood", "v": 1.0}, {"l": "Crustaceans", "v": 3.0}]}, {"source": 2, "prod": 12.451511024444835, "target": 19, "value": 3113.0, "supply": [{"l": "Maize", "v": 406.0}, {"l": "Rice", "v": 2635.0}, {"l": "Sorghum", "v": 50.0}, {"l": "Wheat", "v": 22.0}]}, {"source": 6, "prod": 0.33845120501789044, "target": 19, "value": 93.0, "supply": [{"l": "Beans", "v": 60.0}, {"l": "Treenuts", "v": 33.0}]}, {"source": 20, "prod": 0.010425112144406761, "target": 1, "value": 12.0, "supply": [{"l": "Aquatic Products, Other", "v": 5.0}, {"l": "Aquatic Animals, Others", "v": 5.0}, {"l": "Cephalopods", "v": 2.0}]}, {"source": 20, "prod": 0.16841281441383157, "target": 3, "value": 36.0, "supply": [{"l": "Oilcrops, Other", "v": 2.0}, {"l": "Sesame seed", "v": 5.0}, {"l": "Palm kernels", "v": 29.0}]}, {"source": 3, "prod": 2.333862984711248, "target": 19, "value": 1528.0, "supply": [{"l": "Soyabeans", "v": 38.0}, {"l": "Coconuts - Incl Copra", "v": 1480.0}, {"l": "Cottonseed", "v": 10.0}]}, {"source": 20, "prod": 0.003144456784111111, "target": 11, "value": 8.0, "supply": [{"l": "Coffee", "v": 8.0}]}, {"source": 20, "prod": 2.8711329567961639, "target": 13, "value": 634.0, "supply": [{"l": "Coconut Oil", "v": 7.0}, {"l": "Sugar", "v": 603.0}, {"l": "Oilcrops Oil, Other", "v": 3.0}, {"l": "Fats, Animals, Raw", "v": 20.0}, {"l": "Sweeteners, Other", "v": 1.0}]}, {"source": 10, "prod": 0.34830905916307692, "target": 19, "value": 80.0, "supply": [{"l": "Sugar non-centrifugal", "v": 80.0}]}, {"source": 20, "prod": 0.35809189604332831, "target": 2, "value": 125.0, "supply": [{"l": "Barley", "v": 125.0}]}, {"source": 21, "prod": 333.32172889865109, "target": 2, "value": 83985.0, "supply": [{"l": "Maize", "v": 14225.0}, {"l": "Cereals, Other", "v": 41.0}, {"l": "Sorghum", "v": 405.0}, {"l": "Rice", "v": 68893.0}, {"l": "Wheat", "v": 206.0}, {"l": "Millet", "v": 215.0}]}, {"source": 21, "prod": 172.96180590885098, "target": 3, "value": 54236.466135458162, "supply": [{"l": "Sunflower seed", "v": 142.0}, {"l": "Coconuts - Incl Copra", "v": 21857.0}, {"l": "Sesame seed", "v": 298.0}, {"l": "Cottonseed", "v": 196.0}, {"l": "Groundnuts", "v": 1420.0}, {"l": "Rape and Mustardseed", "v": 11.0}, {"l": "Oilcrops, Other", "v": 609.0}, {"l": "Soyabeans", "v": 1306.0}, {"l": "Palm kernels", "v": 1504.0}, {"l": "Oil Palm", "v": 26893.466135458166}]}, {"source": 21, "prod": 24.479947930694699, "target": 4, "value": 81167.0, "supply": [{"l": "Sugar cane", "v": 81167.0}]}, {"source": 21, "prod": 52.825640401408158, "target": 5, "value": 44931.0, "supply": [{"l": "Roots, Other", "v": 690.0}, {"l": "Yams", "v": 21.0}, {"l": "Potatoes", "v": 835.0}, {"l": "Sweet potatoes", "v": 4801.0}, {"l": "Cassava", "v": 38584.0}]}, {"source": 21, "prod": 25.875924424065516, "target": 6, "value": 40652.0, "supply": [{"l": "Plantains", "v": 203.0}, {"l": "Tomatoes", "v": 416.0}, {"l": "Treenuts", "v": 242.0}, {"l": "Vegetables, Other", "v": 13411.0}, {"l": "Peas", "v": 24.0}, {"l": "Grapes", "v": 23.0}, {"l": "Pulses, Other", "v": 489.0}, {"l": "Pineapples", "v": 3696.0}, {"l": "Citrus, Other", "v": 3.0}, {"l": "Grapefruit", "v": 99.0}, {"l": "Fruits, Other", "v": 9377.0}, {"l": "Beans", "v": 1394.0}, {"l": "Lemons, Limes", "v": 55.0}, {"l": "Bananas", "v": 8859.0}, {"l": "Oranges, Mandarines", "v": 1449.0}, {"l": "Onions", "v": 912.0}]}, {"source": 21, "prod": 2.8302182637181534, "target": 11, "value": 1472.0, "supply": [{"l": "Nuts", "v": 241.0}, {"l": "Pepper", "v": 68.0}, {"l": "Pimento", "v": 133.0}, {"l": "Tea", "v": 180.0}, {"l": "Coffee", "v": 512.0}, {"l": "Cocoa Beans", "v": 139.0}, {"l": "Cloves", "v": 42.0}, {"l": "Spices, Other", "v": 157.0}]}, {"source": 1, "prod": 15.97904748984528, "target": 7, "value": 20010.0, "supply": [{"l": "Pelagic Fish", "v": 3518.0}, {"l": "Crustaceans", "v": 666.0}, {"l": "Freshwater Fish", "v": 1506.0}, {"l": "Molluscs, Other", "v": 538.0}, {"l": "Aquatic Animals, Others", "v": 62.0}, {"l": "Aquatic Plants", "v": 311.0}, {"l": "Marine Fish, Other", "v": 2360.0}, {"l": "Aquatic Products, Other", "v": 373.0}, {"l": "Fish, Seafood", "v": 9630.0}, {"l": "Demersal Fish", "v": 854.0}, {"l": "Cephalopods", "v": 192.0}]}, {"source": 1, "prod": 18.522133325950943, "target": 0, "value": 10191.0, "supply": [{"l": "Poultry Meat", "v": 1520.0}, {"l": "Pigmeat", "v": 2014.0}, {"l": "Bovine Meat", "v": 1040.0}, {"l": "Eggs", "v": 1458.0}, {"l": "Milk - Excluding Butter", "v": 3737.0}, {"l": "Offals, Edible", "v": 420.0}, {"l": "Meat, Other", "v": 61.0}, {"l": "Mutton & Goat Meat", "v": 115.0}]}, {"source": 13, "prod": 6.8626553077549097, "target": 8, "value": 3100.0, "supply": [{"l": "Fats, Animals, Raw", "v": 244.0}, {"l": "Alcohol, Non-Food", "v": 592.0}, {"l": "Beverages, Fermented", "v": 4.0}, {"l": "Beer", "v": 1511.0}, {"l": "Beverages, Alcoholic", "v": 697.0}, {"l": "Fish, Liver Oil", "v": 2.0}, {"l": "Wine", "v": 4.0}, {"l": "Butter, Ghee", "v": 44.0}, {"l": "Cream", "v": 2.0}]}, {"source": 13, "prod": 91.328554574273994, "target": 12, "value": 8828.0, "supply": [{"l": "Ricebran Oil", "v": 29.0}, {"l": "Sesameseed Oil", "v": 101.0}, {"l": "Soyabean Oil", "v": 265.0}, {"l": "Coconut Oil", "v": 1734.0}, {"l": "Cottonseed Oil", "v": 23.0}, {"l": "Rape and Mustard Oil", "v": 3.0}, {"l": "Maize Germ Oil", "v": 8.0}, {"l": "Groundnut Oil", "v": 207.0}, {"l": "Palm Oil", "v": 5630.0}, {"l": "Palmkernel Oil", "v": 656.0}, {"l": "Oilcrops Oil, Other", "v": 122.0}, {"l": "Sunflowerseed Oil", "v": 50.0}]}, {"source": 13, "prod": 38.139841978356927, "target": 10, "value": 8852.0, "supply": [{"l": "Honey", "v": 2.0}, {"l": "Sweeteners, Other", "v": 622.0}, {"l": "Sugar non-centrifugal", "v": 388.0}, {"l": "Sugar", "v": 7840.0}]}]}