{"nodes": [{"name": "Balance", "fill": "#9edae5"}, {"name": "Food", "fill": "#b5cf6b"}, {"name": "Stock Deposit", "fill": "#c7c7c7"}, {"name": "Export", "fill": "#aec7e8"}, {"name": "Biofuels & Other", "fill": "#e7ba52"}, {"name": "Renewables & Nuclear", "fill": "#2ca02c"}, {"name": "Fossil Fuels", "fill": "#c49c94"}, {"name": "Stock Draw", "fill": "#c7c7c7"}, {"name": "Labor", "fill": "#7f7f7f"}], "links": [{"source": 0, "target": 1, "value": 250.15754030933343}, {"source": 0, "target": 2, "value": 0.74656773820837941}, {"source": 0, "target": 3, "value": 57.779929201863197}, {"source": 0, "target": 4, "value": 7.85923040907665}, {"source": 5, "target": 0, "value": 5.4540175687774752}, {"source": 6, "target": 0, "value": 189.64664154032857}, {"source": 7, "target": 0, "value": 20.030262717834692}, {"source": 8, "target": 0, "value": 41.847470159892197}]}