{"nodes": [{"layer": 13, "name": "Animal Products", "fill": "#17becf"}, {"layer": 10, "name": "Feed", "fill": "#dbdb8d"}, {"layer": 5, "name": "Cereals", "fill": "#e7ba52"}, {"layer": 5, "name": "Oilcrops", "fill": "#ff9896"}, {"layer": 5, "name": "Fruits, Roots & Vegetables", "fill": "#98df8a"}, {"layer": 5, "name": "Sugar Crops", "fill": "#ffbb78"}, {"layer": 13, "name": "Aquatic Products", "fill": "#1f77b4"}, {"layer": 13, "name": "Other Processed", "fill": "#9c9ede"}, {"layer": 16, "name": "Food", "fill": "#b5cf6b"}, {"layer": 13, "name": "Sugar", "fill": "#d6616b"}, {"layer": 13, "name": "Vegetable Oils", "fill": "#f7b6d2"}, {"layer": 10, "name": "Processing", "fill": "#9edae5"}, {"layer": 16, "name": "Biofuels & Other", "fill": "#e7ba52"}, {"name": "Seed", "fill": "#dbdb8d"}, {"name": "Waste", "fill": "#c7c7c7"}, {"layer": 0, "name": "Import", "fill": "#aec7e8"}, {"layer": 16, "name": "Export", "fill": "#aec7e8"}, {"layer": 0, "name": "Stock Draw", "fill": "#c7c7c7"}, {"layer": 16, "name": "Stock Deposit", "fill": "#c7c7c7"}, {"layer": 0, "name": "Production", "fill": "#b5cf6b"}], "links": [{"source": 0, "prod": 0.0071573432277821118, "target": 1, "value": 8.0, "supply": [{"l": "Milk - Excluding Butter", "v": 7.0}, {"l": "Offals, Edible", "v": 1.0}]}, {"source": 2, "prod": 7.5020289477358153, "target": 1, "value": 2089.0, "supply": [{"l": "Maize", "v": 944.0}, {"l": "Oats", "v": 1.0}, {"l": "Rice", "v": 1080.0}, {"l": "Sorghum", "v": 19.0}, {"l": "Cereals, Other", "v": 1.0}, {"l": "Millet", "v": 44.0}]}, {"source": 3, "prod": 0.036842541931985655, "target": 1, "value": 23.0, "supply": [{"l": "Coconuts - Incl Copra", "v": 22.0}, {"l": "Oilcrops, Other", "v": 1.0}]}, {"source": 4, "prod": 2.1206393543693478, "target": 1, "value": 1779.0, "supply": [{"l": "Potatoes", "v": 1.0}, {"l": "Yams", "v": 2.0}, {"l": "Pulses, Other", "v": 14.0}, {"l": "Bananas", "v": 103.0}, {"l": "Roots, Other", "v": 97.0}, {"l": "Sweet potatoes", "v": 191.0}, {"l": "Cassava", "v": 1371.0}]}, {"source": 5, "prod": 0.39325535555306301, "target": 1, "value": 1053.0, "supply": [{"l": "Sugar cane", "v": 1053.0}]}, {"source": 6, "prod": 0.23382489550519236, "target": 1, "value": 280.0, "supply": [{"l": "Molluscs, Other", "v": 24.0}, {"l": "Freshwater Fish", "v": 1.0}, {"l": "Fish, Seafood", "v": 140.0}, {"l": "Pelagic Fish", "v": 37.0}, {"l": "Crustaceans", "v": 6.0}, {"l": "Demersal Fish", "v": 4.0}, {"l": "Marine Fish, Other", "v": 68.0}]}, {"source": 7, "prod": 1.4828445224839191, "target": 8, "value": 593.0, "supply": [{"l": "Beer", "v": 372.0}, {"l": "Beverages, Alcoholic", "v": 111.0}, {"l": "Fats, Animals, Raw", "v": 98.0}, {"l": "Butter, Ghee", "v": 9.0}, {"l": "Wine", "v": 2.0}, {"l": "Beverages, Fermented", "v": 1.0}]}, {"source": 0, "prod": 7.9523113335633333, "target": 8, "value": 4101.0, "supply": [{"l": "Mutton & Goat Meat", "v": 47.0}, {"l": "Pigmeat", "v": 865.0}, {"l": "Meat, Other", "v": 43.0}, {"l": "Milk - Excluding Butter", "v": 1460.0}, {"l": "Poultry Meat", "v": 378.0}, {"l": "Offals, Edible", "v": 190.0}, {"l": "Bovine Meat", "v": 626.0}, {"l": "Eggs", "v": 492.0}]}, {"source": 2, "prod": 119.76537406406977, "target": 8, "value": 29917.0, "supply": [{"l": "Maize", "v": 3222.0}, {"l": "Barley", "v": 1.0}, {"l": "Cereals, Other", "v": 41.0}, {"l": "Rice", "v": 25569.0}, {"l": "Wheat", "v": 1078.0}, {"l": "Oats", "v": 1.0}, {"l": "Millet", "v": 5.0}]}, {"source": 3, "prod": 7.2678734195299883, "target": 8, "value": 3515.0, "supply": [{"l": "Coconuts - Incl Copra", "v": 3015.0}, {"l": "Sesame seed", "v": 13.0}, {"l": "Groundnuts", "v": 347.0}, {"l": "Oilcrops, Other", "v": 1.0}, {"l": "Soyabeans", "v": 139.0}]}, {"source": 4, "prod": 29.811677859260367, "target": 8, "value": 34092.0, "supply": [{"l": "Roots, Other", "v": 1005.0}, {"l": "Infant food", "v": 5.0}, {"l": "Plantains", "v": 102.0}, {"l": "Nuts", "v": 30.0}, {"l": "Yams", "v": 28.0}, {"l": "Cocoa Beans", "v": 11.0}, {"l": "Tomatoes", "v": 75.0}, {"l": "Cloves", "v": 1.0}, {"l": "Coffee", "v": 113.0}, {"l": "Treenuts", "v": 30.0}, {"l": "Apples", "v": 13.0}, {"l": "Vegetables, Other", "v": 7260.0}, {"l": "Peas", "v": 18.0}, {"l": "Grapes", "v": 9.0}, {"l": "Dates", "v": 4.0}, {"l": "Potatoes", "v": 183.0}, {"l": "Pimento", "v": 92.0}, {"l": "Pepper", "v": 20.0}, {"l": "Pineapples", "v": 592.0}, {"l": "Beans", "v": 482.0}, {"l": "Pulses, Other", "v": 106.0}, {"l": "Lemons, Limes", "v": 33.0}, {"l": "Bananas", "v": 3062.0}, {"l": "Citrus, Other", "v": 4.0}, {"l": "Spices, Other", "v": 33.0}, {"l": "Tea", "v": 59.0}, {"l": "Fruits, Other", "v": 5296.0}, {"l": "Sweet potatoes", "v": 4193.0}, {"l": "Grapefruit", "v": 52.0}, {"l": "Oranges, Mandarines", "v": 596.0}, {"l": "Onions", "v": 433.0}, {"l": "Cassava", "v": 10152.0}]}, {"source": 5, "prod": 0.2946614202577082, "target": 8, "value": 789.0, "supply": [{"l": "Sugar cane", "v": 789.0}]}, {"source": 9, "prod": 9.4280731520585626, "target": 8, "value": 2214.0, "supply": [{"l": "Sugar", "v": 1618.0}, {"l": "Sugar non-centrifugal", "v": 272.0}, {"l": "Sweeteners, Other", "v": 324.0}]}, {"source": 6, "prod": 5.2003534426837605, "target": 8, "value": 6337.0, "supply": [{"l": "Crustaceans", "v": 172.0}, {"l": "Aquatic Products, Other", "v": 5.0}, {"l": "Marine Fish, Other", "v": 796.0}, {"l": "Demersal Fish", "v": 395.0}, {"l": "Freshwater Fish", "v": 827.0}, {"l": "Fish, Seafood", "v": 3163.0}, {"l": "Pelagic Fish", "v": 824.0}, {"l": "Cephalopods", "v": 38.0}, {"l": "Molluscs, Other", "v": 112.0}, {"l": "Aquatic Animals, Others", "v": 5.0}]}, {"source": 10, "prod": 7.0990093518664832, "target": 8, "value": 684.0, "supply": [{"l": "Ricebran Oil", "v": 3.0}, {"l": "Maize Germ Oil", "v": 3.0}, {"l": "Groundnut Oil", "v": 127.0}, {"l": "Soyabean Oil", "v": 48.0}, {"l": "Palm Oil", "v": 28.0}, {"l": "Coconut Oil", "v": 417.0}, {"l": "Oilcrops Oil, Other", "v": 4.0}, {"l": "Sesameseed Oil", "v": 36.0}, {"l": "Cottonseed Oil", "v": 11.0}, {"l": "Palmkernel Oil", "v": 7.0}]}, {"source": 7, "prod": 0.0080857460162857154, "target": 11, "value": 1.0, "supply": [{"l": "Fats, Animals, Raw", "v": 1.0}]}, {"source": 2, "prod": 1.4151094183037489, "target": 11, "value": 359.0, "supply": [{"l": "Maize", "v": 11.0}, {"l": "Wheat", "v": 7.0}, {"l": "Barley", "v": 50.0}, {"l": "Rice", "v": 291.0}]}, {"source": 3, "prod": 19.92886837912755, "target": 11, "value": 8415.0, "supply": [{"l": "Coconuts - Incl Copra", "v": 6059.0}, {"l": "Soyabeans", "v": 257.0}, {"l": "Sesame seed", "v": 82.0}, {"l": "Cottonseed", "v": 51.0}, {"l": "Rape and Mustardseed", "v": 1.0}, {"l": "Groundnuts", "v": 274.0}, {"l": "Palm kernels", "v": 13.0}, {"l": "Oilcrops, Other", "v": 298.0}, {"l": "Oil Palm", "v": 1380.0000000000005}]}, {"source": 4, "prod": 0.016996547676054664, "target": 11, "value": 28.0, "supply": [{"l": "Bananas", "v": 12.0}, {"l": "Potatoes", "v": 2.0}, {"l": "Fruits, Other", "v": 9.0}, {"l": "Oranges, Mandarines", "v": 5.0}]}, {"source": 5, "prod": 11.402911463534354, "target": 11, "value": 30533.0, "supply": [{"l": "Sugar cane", "v": 30533.0}]}, {"source": 9, "prod": 1.37114038071165, "target": 11, "value": 323.0, "supply": [{"l": "Sweeteners, Other", "v": 322.0}, {"l": "Sugar", "v": 1.0}]}, {"source": 7, "prod": 0.47011582001209007, "target": 12, "value": 136.0, "supply": [{"l": "Alcohol, Non-Food", "v": 104.0}, {"l": "Fats, Animals, Raw", "v": 32.0}]}, {"source": 0, "prod": 0.0069965409269286847, "target": 12, "value": 8.0, "supply": [{"l": "Milk - Excluding Butter", "v": 8.0}]}, {"source": 2, "prod": 0.70300816462224758, "target": 12, "value": 212.0, "supply": [{"l": "Maize", "v": 146.0}, {"l": "Rice", "v": 66.0}]}, {"source": 3, "prod": 0.17922017260820539, "target": 12, "value": 109.0, "supply": [{"l": "Cottonseed", "v": 1.0}, {"l": "Coconuts - Incl Copra", "v": 104.0}, {"l": "Sesame seed", "v": 2.0}, {"l": "Oilcrops, Other", "v": 2.0}]}, {"source": 4, "prod": 0.68160318013497234, "target": 12, "value": 561.0, "supply": [{"l": "Fruits, Other", "v": 1.0}, {"l": "Cloves", "v": 10.0}, {"l": "Cassava", "v": 550.0}]}, {"source": 5, "prod": 0.11278548658786805, "target": 12, "value": 302.0, "supply": [{"l": "Sugar cane", "v": 302.0}]}, {"source": 9, "prod": 0.072165283195350011, "target": 12, "value": 17.0, "supply": [{"l": "Sugar", "v": 17.0}]}, {"source": 6, "prod": 0.13990893113225994, "target": 12, "value": 174.0, "supply": [{"l": "Aquatic Products, Other", "v": 5.0}, {"l": "Fish, Seafood", "v": 82.0}, {"l": "Pelagic Fish", "v": 24.0}, {"l": "Marine Fish, Other", "v": 34.0}, {"l": "Demersal Fish", "v": 24.0}, {"l": "Aquatic Plants", "v": 5.0}]}, {"source": 10, "prod": 1.511933433220225, "target": 12, "value": 101.0, "supply": [{"l": "Ricebran Oil", "v": 42.0}, {"l": "Coconut Oil", "v": 24.0}, {"l": "Oilcrops Oil, Other", "v": 23.0}, {"l": "Palm Oil", "v": 12.0}]}, {"source": 4, "prod": 0.63442428370002601, "target": 13, "value": 399.0, "supply": [{"l": "Potatoes", "v": 31.0}, {"l": "Roots, Other", "v": 13.0}, {"l": "Peas", "v": 1.0}, {"l": "Yams", "v": 6.0}, {"l": "Sweet potatoes", "v": 285.0}, {"l": "Beans", "v": 47.0}, {"l": "Pulses, Other", "v": 16.0}]}, {"source": 5, "prod": 0.30063681027560851, "target": 13, "value": 805.0, "supply": [{"l": "Sugar cane", "v": 805.0}]}, {"source": 0, "prod": 0.073540429436852114, "target": 0, "value": 41.0, "supply": [{"l": "Eggs", "v": 41.0}]}, {"source": 2, "prod": 5.5178880595313053, "target": 13, "value": 1370.0, "supply": [{"l": "Maize", "v": 159.0}, {"l": "Wheat", "v": 5.0}, {"l": "Cereals, Other", "v": 1.0}, {"l": "Millet", "v": 3.0}, {"l": "Rice", "v": 1202.0}]}, {"source": 3, "prod": 0.74252758463124668, "target": 13, "value": 181.0, "supply": [{"l": "Coconuts - Incl Copra", "v": 73.0}, {"l": "Soyabeans", "v": 26.0}, {"l": "Sesame seed", "v": 7.0}, {"l": "Cottonseed", "v": 9.0}, {"l": "Groundnuts", "v": 66.0}]}, {"source": 0, "prod": 0.074659093249222541, "target": 14, "value": 49.0, "supply": [{"l": "Pigmeat", "v": 1.0}, {"l": "Bovine Meat", "v": 1.0}, {"l": "Milk - Excluding Butter", "v": 17.0}, {"l": "Eggs", "v": 28.0}, {"l": "Poultry Meat", "v": 2.0}]}, {"source": 2, "prod": 9.1957914882019232, "target": 14, "value": 2248.0, "supply": [{"l": "Maize", "v": 151.0}, {"l": "Barley", "v": 1.0}, {"l": "Rice", "v": 2085.0}, {"l": "Sorghum", "v": 1.0}, {"l": "Wheat", "v": 7.0}, {"l": "Millet", "v": 3.0}]}, {"source": 3, "prod": 1.2236167125731967, "target": 14, "value": 686.0, "supply": [{"l": "Soyabeans", "v": 21.0}, {"l": "Coconuts - Incl Copra", "v": 628.0}, {"l": "Sesame seed", "v": 1.0}, {"l": "Cottonseed", "v": 1.0}, {"l": "Groundnuts", "v": 30.0}, {"l": "Oilcrops, Other", "v": 5.0}]}, {"source": 4, "prod": 3.3600746897111349, "target": 14, "value": 3642.0, "supply": [{"l": "Vegetables, Other", "v": 631.0}, {"l": "Potatoes", "v": 14.0}, {"l": "Pineapples", "v": 55.0}, {"l": "Nuts", "v": 1.0}, {"l": "Pepper", "v": 2.0}, {"l": "Yams", "v": 2.0}, {"l": "Plantains", "v": 18.0}, {"l": "Grapefruit", "v": 1.0}, {"l": "Beans", "v": 44.0}, {"l": "Tomatoes", "v": 4.0}, {"l": "Cloves", "v": 1.0}, {"l": "Coffee", "v": 7.0}, {"l": "Lemons, Limes", "v": 2.0}, {"l": "Bananas", "v": 389.0}, {"l": "Tea", "v": 2.0}, {"l": "Fruits, Other", "v": 386.0}, {"l": "Roots, Other", "v": 29.0}, {"l": "Sweet potatoes", "v": 414.0}, {"l": "Oranges, Mandarines", "v": 24.0}, {"l": "Cassava", "v": 1576.0}, {"l": "Onions", "v": 32.0}, {"l": "Pimento", "v": 4.0}, {"l": "Pulses, Other", "v": 4.0}]}, {"source": 5, "prod": 0.3682334098531056, "target": 14, "value": 986.0, "supply": [{"l": "Sugar cane", "v": 986.0}]}, {"source": 10, "prod": 0.010612541646375, "target": 14, "value": 1.0, "supply": [{"l": "Palm Oil", "v": 1.0}]}, {"source": 15, "prod": 2.0920301803088699, "target": 11, "value": 421.0, "supply": [{"l": "Sugar", "v": 301.0}, {"l": "Beer", "v": 27.0}, {"l": "Groundnut Oil", "v": 5.0}, {"l": "Beverages, Alcoholic", "v": 5.0}, {"l": "Fats, Animals, Raw", "v": 38.0}, {"l": "Soyabean Oil", "v": 3.0}, {"l": "Butter, Ghee", "v": 7.0}, {"l": "Palm Oil", "v": 9.0}, {"l": "Coconut Oil", "v": 9.0}, {"l": "Oilcrops Oil, Other", "v": 8.0}, {"l": "Wine", "v": 2.0}, {"l": "Sweeteners, Other", "v": 4.0}, {"l": "Cottonseed Oil", "v": 3.0}]}, {"source": 15, "prod": 14.872523135059922, "target": 2, "value": 3944.0, "supply": [{"l": "Maize", "v": 241.0}, {"l": "Barley", "v": 54.0}, {"l": "Rice", "v": 2526.0}, {"l": "Cereals, Other", "v": 35.0}, {"l": "Wheat", "v": 1086.0}, {"l": "Oats", "v": 2.0}]}, {"source": 15, "prod": 0.63091226155076585, "target": 3, "value": 320.0, "supply": [{"l": "Coconuts - Incl Copra", "v": 270.0}, {"l": "Sesame seed", "v": 2.0}, {"l": "Oilcrops, Other", "v": 1.0}, {"l": "Soyabeans", "v": 35.0}, {"l": "Groundnuts", "v": 10.0}, {"l": "Palm kernels", "v": 2.0}]}, {"source": 15, "prod": 0.40638528583495703, "target": 4, "value": 311.0, "supply": [{"l": "Vegetables, Other", "v": 61.0}, {"l": "Nuts", "v": 9.0}, {"l": "Tomatoes", "v": 3.0}, {"l": "Cloves", "v": 4.0}, {"l": "Pepper", "v": 2.0}, {"l": "Treenuts", "v": 8.0}, {"l": "Cocoa Beans", "v": 7.0}, {"l": "Peas", "v": 4.0}, {"l": "Grapes", "v": 9.0}, {"l": "Pimento", "v": 4.0}, {"l": "Pulses, Other", "v": 14.0}, {"l": "Dates", "v": 4.0}, {"l": "Potatoes", "v": 24.0}, {"l": "Coffee", "v": 13.0}, {"l": "Beans", "v": 14.0}, {"l": "Apples", "v": 14.0}, {"l": "Spices, Other", "v": 10.0}, {"l": "Tea", "v": 5.0}, {"l": "Fruits, Other", "v": 40.0}, {"l": "Infant food", "v": 6.0}, {"l": "Oranges, Mandarines", "v": 12.0}, {"l": "Onions", "v": 29.0}, {"l": "Cassava", "v": 15.0}]}, {"source": 15, "prod": 1.4423904096929112, "target": 1, "value": 1608.0, "supply": [{"l": "Pigmeat", "v": 2.0}, {"l": "Meat, Other", "v": 4.0}, {"l": "Crustaceans", "v": 28.0}, {"l": "Eggs", "v": 6.0}, {"l": "Aquatic Products, Other", "v": 1.0}, {"l": "Marine Fish, Other", "v": 16.0}, {"l": "Mutton & Goat Meat", "v": 2.0}, {"l": "Freshwater Fish", "v": 3.0}, {"l": "Milk - Excluding Butter", "v": 1080.0}, {"l": "Fish, Seafood", "v": 245.0}, {"l": "Cephalopods", "v": 20.0}, {"l": "Pelagic Fish", "v": 165.0}, {"l": "Molluscs, Other", "v": 9.0}, {"l": "Aquatic Animals, Others", "v": 1.0}, {"l": "Poultry Meat", "v": 3.0}, {"l": "Offals, Edible", "v": 1.0}, {"l": "Demersal Fish", "v": 4.0}, {"l": "Bovine Meat", "v": 18.0}]}, {"source": 7, "prod": 0.010195071064012424, "target": 16, "value": 5.0, "supply": [{"l": "Beer", "v": 4.0}, {"l": "Fats, Animals, Raw", "v": 1.0}]}, {"source": 0, "prod": 0.016009419759126092, "target": 16, "value": 12.0, "supply": [{"l": "Eggs", "v": 6.0}, {"l": "Milk - Excluding Butter", "v": 6.0}]}, {"source": 2, "prod": 18.949744400038718, "target": 16, "value": 4811.0, "supply": [{"l": "Maize", "v": 907.0}, {"l": "Rice", "v": 3883.0}, {"l": "Wheat", "v": 21.0}]}, {"source": 3, "prod": 8.9747323924393285, "target": 16, "value": 5679.0, "supply": [{"l": "Coconuts - Incl Copra", "v": 5472.0}, {"l": "Sesame seed", "v": 14.0}, {"l": "Cottonseed", "v": 14.0}, {"l": "Groundnuts", "v": 14.0}, {"l": "Oilcrops, Other", "v": 101.0}, {"l": "Soyabeans", "v": 13.0}, {"l": "Palm kernels", "v": 51.0}]}, {"source": 4, "prod": 2.6911256279850218, "target": 16, "value": 1822.0, "supply": [{"l": "Roots, Other", "v": 146.0}, {"l": "Nuts", "v": 20.0}, {"l": "Citrus, Other", "v": 1.0}, {"l": "Pepper", "v": 40.0}, {"l": "Treenuts", "v": 20.0}, {"l": "Vegetables, Other", "v": 33.0}, {"l": "Cocoa Beans", "v": 1.0}, {"l": "Potatoes", "v": 4.0}, {"l": "Pimento", "v": 10.0}, {"l": "Coffee", "v": 79.0}, {"l": "Pineapples", "v": 171.0}, {"l": "Beans", "v": 117.0}, {"l": "Pulses, Other", "v": 58.0}, {"l": "Bananas", "v": 32.0}, {"l": "Spices, Other", "v": 20.0}, {"l": "Tea", "v": 32.0}, {"l": "Fruits, Other", "v": 64.0}, {"l": "Grapefruit", "v": 1.0}, {"l": "Onions", "v": 2.0}, {"l": "Cassava", "v": 971.0}]}, {"source": 9, "prod": 5.3572110230901, "target": 16, "value": 1262.0, "supply": [{"l": "Sugar", "v": 1253.0}, {"l": "Sweeteners, Other", "v": 9.0}]}, {"source": 6, "prod": 0.12530308517431402, "target": 16, "value": 151.0, "supply": [{"l": "Crustaceans", "v": 20.0}, {"l": "Marine Fish, Other", "v": 1.0}, {"l": "Freshwater Fish", "v": 8.0}, {"l": "Fish, Seafood", "v": 75.0}, {"l": "Pelagic Fish", "v": 42.0}, {"l": "Molluscs, Other", "v": 5.0}]}, {"source": 10, "prod": 4.9825653321036985, "target": 16, "value": 475.0, "supply": [{"l": "Groundnut Oil", "v": 1.0}, {"l": "Soyabean Oil", "v": 1.0}, {"l": "Palm Oil", "v": 228.0}, {"l": "Coconut Oil", "v": 243.0}, {"l": "Oilcrops Oil, Other", "v": 2.0}]}, {"source": 17, "prod": 0.0053770211008300007, "target": 3, "value": 1.0, "supply": [{"l": "Cottonseed", "v": 1.0}]}, {"source": 6, "prod": 0.0082862550603737036, "target": 18, "value": 12.0, "supply": [{"l": "Fish, Seafood", "v": 6.0}, {"l": "Crustaceans", "v": 6.0}]}, {"source": 2, "prod": 5.3437648204458847, "target": 18, "value": 1279.0, "supply": [{"l": "Barley", "v": 2.0}, {"l": "Rice", "v": 1277.0}]}, {"source": 4, "prod": 1.4984406398522756, "target": 18, "value": 1233.0, "supply": [{"l": "Fruits, Other", "v": 8.0}, {"l": "Pepper", "v": 18.0}, {"l": "Pineapples", "v": 20.0}, {"l": "Spices, Other", "v": 1.0}, {"l": "Tea", "v": 4.0}, {"l": "Cassava", "v": 1182.0}]}, {"source": 10, "prod": 1.0619279768055239, "target": 18, "value": 102.0, "supply": [{"l": "Coconut Oil", "v": 85.0}, {"l": "Soyabean Oil", "v": 1.0}, {"l": "Palm Oil", "v": 16.0}]}, {"source": 3, "prod": 0.18053038304528407, "target": 18, "value": 77.0, "supply": [{"l": "Oilcrops, Other", "v": 12.0}, {"l": "Coconuts - Incl Copra", "v": 60.0}, {"l": "Sesame seed", "v": 3.0}, {"l": "Soyabeans", "v": 1.0}, {"l": "Palm kernels", "v": 1.0}]}, {"source": 17, "prod": 0.25328599396015, "target": 11, "value": 55.0, "supply": [{"l": "Sugar", "v": 53.0}, {"l": "Palmkernel Oil", "v": 2.0}]}, {"source": 17, "prod": 0.68164057873974437, "target": 2, "value": 233.0, "supply": [{"l": "Maize", "v": 233.0}]}, {"source": 19, "prod": 152.84257489683165, "target": 2, "value": 38110.0, "supply": [{"l": "Maize", "v": 5068.0}, {"l": "Cereals, Other", "v": 9.0}, {"l": "Rice", "v": 32926.0}, {"l": "Wheat", "v": 32.0}, {"l": "Sorghum", "v": 20.0}, {"l": "Millet", "v": 55.0}]}, {"source": 19, "prod": 37.796112653707624, "target": 3, "value": 18346.0, "supply": [{"l": "Coconuts - Incl Copra", "v": 15163.0}, {"l": "Sesame seed", "v": 117.0}, {"l": "Cottonseed", "v": 76.0}, {"l": "Groundnuts", "v": 721.0}, {"l": "Oilcrops, Other", "v": 402.0}, {"l": "Soyabeans", "v": 423.0}, {"l": "Rape and Mustardseed", "v": 1.0}, {"l": "Palm kernels", "v": 63.0}, {"l": "Oil Palm", "v": 1380.0000000000005}]}, {"source": 19, "prod": 40.413644263450976, "target": 4, "value": 43246.0, "supply": [{"l": "Roots, Other", "v": 1290.0}, {"l": "Plantains", "v": 120.0}, {"l": "Nuts", "v": 43.0}, {"l": "Yams", "v": 38.0}, {"l": "Tomatoes", "v": 77.0}, {"l": "Cloves", "v": 8.0}, {"l": "Coffee", "v": 186.0}, {"l": "Treenuts", "v": 44.0}, {"l": "Vegetables, Other", "v": 7863.0}, {"l": "Peas", "v": 15.0}, {"l": "Grapes", "v": 1.0}, {"l": "Cocoa Beans", "v": 5.0}, {"l": "Potatoes", "v": 210.0}, {"l": "Pimento", "v": 101.0}, {"l": "Pepper", "v": 78.0}, {"l": "Grapefruit", "v": 55.0}, {"l": "Pineapples", "v": 838.0}, {"l": "Beans", "v": 676.0}, {"l": "Pulses, Other", "v": 185.0}, {"l": "Lemons, Limes", "v": 35.0}, {"l": "Bananas", "v": 3597.0}, {"l": "Citrus, Other", "v": 4.0}, {"l": "Spices, Other", "v": 42.0}, {"l": "Tea", "v": 92.0}, {"l": "Fruits, Other", "v": 5723.0}, {"l": "Sweet potatoes", "v": 5083.0}, {"l": "Oranges, Mandarines", "v": 612.0}, {"l": "Onions", "v": 438.0}, {"l": "Cassava", "v": 15787.0}]}, {"source": 19, "prod": 12.872483946061706, "target": 5, "value": 34468.0, "supply": [{"l": "Sugar cane", "v": 34468.0}]}, {"source": 1, "prod": 5.7076766095559011, "target": 6, "value": 6954.0, "supply": [{"l": "Pelagic Fish", "v": 927.0}, {"l": "Crustaceans", "v": 204.0}, {"l": "Freshwater Fish", "v": 836.0}, {"l": "Molluscs, Other", "v": 141.0}, {"l": "Aquatic Animals, Others", "v": 5.0}, {"l": "Aquatic Plants", "v": 5.0}, {"l": "Demersal Fish", "v": 423.0}, {"l": "Aquatic Products, Other", "v": 10.0}, {"l": "Fish, Seafood", "v": 3466.0}, {"l": "Marine Fish, Other", "v": 899.0}, {"l": "Cephalopods", "v": 38.0}]}, {"source": 1, "prod": 8.0571337307263935, "target": 0, "value": 4178.0, "supply": [{"l": "Poultry Meat", "v": 380.0}, {"l": "Pigmeat", "v": 866.0}, {"l": "Bovine Meat", "v": 627.0}, {"l": "Eggs", "v": 567.0}, {"l": "Milk - Excluding Butter", "v": 1498.0}, {"l": "Offals, Edible", "v": 191.0}, {"l": "Meat, Other", "v": 43.0}, {"l": "Mutton & Goat Meat", "v": 47.0}]}, {"source": 11, "prod": 1.9712411595763073, "target": 7, "value": 735.0, "supply": [{"l": "Fats, Animals, Raw", "v": 132.0}, {"l": "Alcohol, Non-Food", "v": 104.0}, {"l": "Beverages, Fermented", "v": 1.0}, {"l": "Beer", "v": 376.0}, {"l": "Beverages, Alcoholic", "v": 111.0}, {"l": "Butter, Ghee", "v": 9.0}, {"l": "Wine", "v": 2.0}]}, {"source": 11, "prod": 14.666048635642307, "target": 10, "value": 1363.0, "supply": [{"l": "Ricebran Oil", "v": 45.0}, {"l": "Sesameseed Oil", "v": 36.0}, {"l": "Soyabean Oil", "v": 50.0}, {"l": "Coconut Oil", "v": 769.0}, {"l": "Cottonseed Oil", "v": 11.0}, {"l": "Maize Germ Oil", "v": 3.0}, {"l": "Groundnut Oil", "v": 128.0}, {"l": "Palm Oil", "v": 285.0}, {"l": "Palmkernel Oil", "v": 7.0}, {"l": "Oilcrops Oil, Other", "v": 29.0}]}, {"source": 11, "prod": 16.228589839055662, "target": 9, "value": 3816.0, "supply": [{"l": "Sweeteners, Other", "v": 655.0}, {"l": "Sugar non-centrifugal", "v": 272.0}, {"l": "Sugar", "v": 2889.0}]}]}