{"nodes": [{"layer": 13, "name": "Milk - Excluding Butter"}, {"layer": 10, "name": "Feed", "fill": "#dbdb8d"}, {"layer": 5, "name": "Oilcrops", "fill": "#ff9896"}, {"layer": 5, "name": "Sugar Crops", "fill": "#ffbb78"}, {"layer": 13, "name": "Animal Fats"}, {"layer": 5, "name": "Starchy Roots"}, {"layer": 5, "name": "Pulses"}, {"layer": 13, "name": "Fish, Seafood"}, {"layer": 5, "name": "Fruits - Excluding Wine"}, {"layer": 5, "name": "Cereals - Excluding Beer"}, {"layer": 13, "name": "Meat"}, {"layer": 16, "name": "Food", "fill": "#b5cf6b"}, {"layer": 5, "name": "Treenuts"}, {"layer": 5, "name": "Vegetables"}, {"layer": 13, "name": "Alcoholic Beverages"}, {"layer": 13, "name": "Aquatic Products, Other"}, {"layer": 13, "name": "Sugar & Sweeteners"}, {"layer": 5, "name": "Others"}, {"layer": 13, "name": "Vegetable Oils", "fill": "#f7b6d2"}, {"layer": 5, "name": "Spices"}, {"layer": 5, "name": "Stimulants"}, {"layer": 13, "name": "Eggs"}, {"layer": 10, "name": "Processing", "fill": "#9edae5"}, {"layer": 16, "name": "Biofuels & Other", "fill": "#e7ba52"}, {"name": "Seed", "fill": "#dbdb8d"}, {"name": "Waste", "fill": "#c7c7c7"}, {"layer": 0, "name": "Import", "fill": "#aec7e8"}, {"layer": 16, "name": "Export", "fill": "#aec7e8"}, {"layer": 16, "name": "Stock Deposit", "fill": "#c7c7c7"}, {"layer": 0, "name": "Stock Draw", "fill": "#c7c7c7"}, {"layer": 0, "name": "Production", "fill": "#b5cf6b"}], "links": [{"source": 0, "prod": 0.027354740967811427, "target": 1, "value": 46.0, "supply": [{"l": "Milk - Excluding Butter", "v": 46.0}]}, {"source": 2, "prod": 0.053746146288013434, "target": 1, "value": 33.0, "supply": [{"l": "Coconuts - Incl Copra", "v": 31.0}, {"l": "Oilcrops, Other", "v": 2.0}]}, {"source": 3, "prod": 0.64725214104965834, "target": 1, "value": 1911.0, "supply": [{"l": "Sugar cane", "v": 1911.0}]}, {"source": 4, "prod": 0.0081041227117772726, "target": 1, "value": 1.0, "supply": [{"l": "Fish, Body Oil", "v": 1.0}]}, {"source": 5, "prod": 3.4834917666610474, "target": 1, "value": 2961.0, "supply": [{"l": "Potatoes", "v": 2.0}, {"l": "Yams", "v": 1.0}, {"l": "Roots, Other", "v": 30.0}, {"l": "Sweet potatoes", "v": 221.0}, {"l": "Cassava", "v": 2707.0}]}, {"source": 6, "prod": 0.055715843643468752, "target": 1, "value": 14.0, "supply": [{"l": "Pulses, Other", "v": 14.0}]}, {"source": 7, "prod": 1.0158924016155506, "target": 1, "value": 1243.0, "supply": [{"l": "Molluscs, Other", "v": 28.0}, {"l": "Freshwater Fish", "v": 1.0}, {"l": "Fish, Seafood", "v": 622.0}, {"l": "Pelagic Fish", "v": 193.0}, {"l": "Crustaceans", "v": 1.0}, {"l": "Marine Fish, Other", "v": 398.0}]}, {"source": 8, "prod": 0.19384323856741595, "target": 1, "value": 258.0, "supply": [{"l": "Bananas", "v": 258.0}]}, {"source": 9, "prod": 16.839235777212735, "target": 1, "value": 4766.0, "supply": [{"l": "Maize", "v": 2282.0}, {"l": "Oats", "v": 6.0}, {"l": "Rice", "v": 2320.0}, {"l": "Sorghum", "v": 42.0}, {"l": "Cereals, Other", "v": 42.0}, {"l": "Wheat", "v": 26.0}, {"l": "Millet", "v": 48.0}]}, {"source": 10, "prod": 0.003144456784111111, "target": 1, "value": 3.0, "supply": [{"l": "Offals, Edible", "v": 3.0}]}, {"source": 0, "prod": 1.8280102985880942, "target": 11, "value": 3074.0, "supply": [{"l": "Milk - Excluding Butter", "v": 3074.0}]}, {"source": 2, "prod": 9.5835438100473951, "target": 11, "value": 4131.0, "supply": [{"l": "Coconuts - Incl Copra", "v": 3245.0}, {"l": "Sesame seed", "v": 16.0}, {"l": "Groundnuts", "v": 575.0}, {"l": "Oilcrops, Other", "v": 3.0}, {"l": "Soyabeans", "v": 292.0}]}, {"source": 12, "prod": 0.14278692396940909, "target": 11, "value": 74.0, "supply": [{"l": "Treenuts", "v": 74.0}]}, {"source": 6, "prod": 2.9445143759298902, "target": 11, "value": 724.0, "supply": [{"l": "Peas", "v": 19.0}, {"l": "Pulses, Other", "v": 211.0}, {"l": "Beans", "v": 494.0}]}, {"source": 13, "prod": 3.4278288658859126, "target": 11, "value": 10984.0, "supply": [{"l": "Vegetables, Other", "v": 10110.0}, {"l": "Tomatoes", "v": 244.0}, {"l": "Onions", "v": 630.0}]}, {"source": 14, "prod": 1.9795389100943079, "target": 11, "value": 1430.0, "supply": [{"l": "Beverages, Alcoholic", "v": 467.0}, {"l": "Wine", "v": 3.0}, {"l": "Beer", "v": 957.0}, {"l": "Beverages, Fermented", "v": 3.0}]}, {"source": 3, "prod": 1.265714940399044, "target": 11, "value": 3737.0, "supply": [{"l": "Sugar cane", "v": 3737.0}]}, {"source": 4, "prod": 1.42208058061425, "target": 11, "value": 171.0, "supply": [{"l": "Butter, Ghee", "v": 38.0}, {"l": "Fats, Animals, Raw", "v": 132.0}, {"l": "Cream", "v": 1.0}]}, {"source": 5, "prod": 19.983338030743553, "target": 11, "value": 17162.0, "supply": [{"l": "Roots, Other", "v": 515.0}, {"l": "Yams", "v": 16.0}, {"l": "Potatoes", "v": 605.0}, {"l": "Sweet potatoes", "v": 4209.0}, {"l": "Cassava", "v": 11817.0}]}, {"source": 7, "prod": 9.1359794624382751, "target": 11, "value": 11238.0, "supply": [{"l": "Crustaceans", "v": 435.0}, {"l": "Marine Fish, Other", "v": 1087.0}, {"l": "Fish, Seafood", "v": 5619.0}, {"l": "Demersal Fish", "v": 738.0}, {"l": "Freshwater Fish", "v": 999.0}, {"l": "Cephalopods", "v": 122.0}, {"l": "Pelagic Fish", "v": 1970.0}, {"l": "Molluscs, Other", "v": 268.0}]}, {"source": 15, "prod": 0.11669814792328591, "target": 11, "value": 148.0, "supply": [{"l": "Aquatic Products, Other", "v": 74.0}, {"l": "Aquatic Animals, Others", "v": 74.0}]}, {"source": 16, "prod": 18.65388657479803, "target": 11, "value": 4444.0, "supply": [{"l": "Sugar", "v": 3720.0}, {"l": "Sweeteners, Other", "v": 286.0}, {"l": "Honey", "v": 1.0}, {"l": "Sugar non-centrifugal", "v": 437.0}]}, {"source": 17, "prod": 0.14656001179706524, "target": 11, "value": 82.0, "supply": [{"l": "Nuts", "v": 75.0}, {"l": "Infant food", "v": 7.0}]}, {"source": 9, "prod": 186.11786286265095, "target": 11, "value": 46833.0, "supply": [{"l": "Maize", "v": 4358.0}, {"l": "Barley", "v": 20.0}, {"l": "Cereals, Other", "v": 44.0}, {"l": "Rice", "v": 39237.0}, {"l": "Wheat", "v": 3164.0}, {"l": "Oats", "v": 5.0}, {"l": "Millet", "v": 5.0}]}, {"source": 18, "prod": 13.743439073750517, "target": 11, "value": 1315.0, "supply": [{"l": "Ricebran Oil", "v": 8.0}, {"l": "Sunflowerseed Oil", "v": 1.0}, {"l": "Rape and Mustard Oil", "v": 2.0}, {"l": "Sesameseed Oil", "v": 37.0}, {"l": "Palmkernel Oil", "v": 25.0}, {"l": "Oilcrops Oil, Other", "v": 6.0}, {"l": "Maize Germ Oil", "v": 5.0}, {"l": "Groundnut Oil", "v": 122.0}, {"l": "Soyabean Oil", "v": 83.0}, {"l": "Palm Oil", "v": 132.0}, {"l": "Coconut Oil", "v": 884.0}, {"l": "Cottonseed Oil", "v": 10.0}]}, {"source": 19, "prod": 1.0142788154007198, "target": 11, "value": 282.0, "supply": [{"l": "Cloves", "v": 2.0}, {"l": "Pepper", "v": 14.0}, {"l": "Pimento", "v": 145.0}, {"l": "Spices, Other", "v": 121.0}]}, {"source": 20, "prod": 0.13542505262492688, "target": 11, "value": 199.0, "supply": [{"l": "Tea", "v": 62.0}, {"l": "Coffee", "v": 127.0}, {"l": "Cocoa Beans", "v": 10.0}]}, {"source": 21, "prod": 1.5445329842262692, "target": 11, "value": 903.0, "supply": [{"l": "Eggs", "v": 903.0}]}, {"source": 8, "prod": 8.2316886905036242, "target": 11, "value": 15345.0, "supply": [{"l": "Plantains", "v": 177.0}, {"l": "Grapes", "v": 13.0}, {"l": "Pineapples", "v": 2288.0}, {"l": "Citrus, Other", "v": 3.0}, {"l": "Grapefruit", "v": 67.0}, {"l": "Fruits, Other", "v": 6574.0}, {"l": "Dates", "v": 6.0}, {"l": "Apples", "v": 23.0}, {"l": "Lemons, Limes", "v": 43.0}, {"l": "Bananas", "v": 5241.0}, {"l": "Oranges, Mandarines", "v": 910.0}]}, {"source": 10, "prod": 8.0092934764604493, "target": 11, "value": 3186.0, "supply": [{"l": "Pigmeat", "v": 1089.0}, {"l": "Offals, Edible", "v": 270.0}, {"l": "Meat, Other", "v": 48.0}, {"l": "Mutton & Goat Meat", "v": 74.0}, {"l": "Bovine Meat", "v": 901.0}, {"l": "Poultry Meat", "v": 804.0}]}, {"source": 2, "prod": 71.60935882951226, "target": 22, "value": 25197.0, "supply": [{"l": "Soyabeans", "v": 424.0}, {"l": "Oilcrops, Other", "v": 405.0}, {"l": "Sunflower seed", "v": 2.0}, {"l": "Coconuts - Incl Copra", "v": 13107.0}, {"l": "Sesame seed", "v": 83.0}, {"l": "Cottonseed", "v": 62.0}, {"l": "Rape and Mustardseed", "v": 5.0}, {"l": "Groundnuts", "v": 270.0}, {"l": "Palm kernels", "v": 394.0}, {"l": "Oil Palm", "v": 10445.0}]}, {"source": 3, "prod": 24.189482292844346, "target": 22, "value": 71419.0, "supply": [{"l": "Sugar cane", "v": 71419.0}]}, {"source": 4, "prod": 0.025470099951300004, "target": 22, "value": 3.0, "supply": [{"l": "Fats, Animals, Raw", "v": 3.0}]}, {"source": 5, "prod": 0.0027836174810163933, "target": 22, "value": 3.0, "supply": [{"l": "Potatoes", "v": 3.0}]}, {"source": 16, "prod": 1.3458034049614109, "target": 22, "value": 303.0, "supply": [{"l": "Sugar", "v": 1.0}, {"l": "Sweeteners, Other", "v": 302.0}]}, {"source": 9, "prod": 3.6506257824730755, "target": 22, "value": 927.0, "supply": [{"l": "Maize", "v": 15.0}, {"l": "Rice", "v": 746.0}, {"l": "Wheat", "v": 15.0}, {"l": "Barley", "v": 151.0}]}, {"source": 8, "prod": 0.019313088917872846, "target": 22, "value": 42.0, "supply": [{"l": "Fruits, Other", "v": 35.0}, {"l": "Apples", "v": 1.0}, {"l": "Bananas", "v": 1.0}, {"l": "Oranges, Mandarines", "v": 5.0}]}, {"source": 5, "prod": 1.3203691248576805, "target": 23, "value": 1121.0, "supply": [{"l": "Cassava", "v": 1121.0}]}, {"source": 2, "prod": 0.3156052897959663, "target": 23, "value": 165.0, "supply": [{"l": "Cottonseed", "v": 4.0}, {"l": "Coconuts - Incl Copra", "v": 147.0}, {"l": "Sesame seed", "v": 5.0}, {"l": "Soyabeans", "v": 1.0}, {"l": "Oilcrops, Other", "v": 8.0}]}, {"source": 16, "prod": 0.17167038826701322, "target": 23, "value": 41.0, "supply": [{"l": "Sugar", "v": 40.0}, {"l": "Sweeteners, Other", "v": 1.0}]}, {"source": 14, "prod": 0.6496014117537523, "target": 23, "value": 347.0, "supply": [{"l": "Alcohol, Non-Food", "v": 346.0}, {"l": "Beer", "v": 1.0}]}, {"source": 3, "prod": 0.1801874092299415, "target": 23, "value": 532.0, "supply": [{"l": "Sugar cane", "v": 532.0}]}, {"source": 4, "prod": 0.25470099951300001, "target": 23, "value": 30.0, "supply": [{"l": "Fats, Animals, Raw", "v": 30.0}]}, {"source": 0, "prod": 0.030328082377356149, "target": 23, "value": 51.0, "supply": [{"l": "Milk - Excluding Butter", "v": 51.0}]}, {"source": 15, "prod": 0.10881313792846931, "target": 23, "value": 138.0, "supply": [{"l": "Aquatic Plants", "v": 69.0}, {"l": "Aquatic Products, Other", "v": 69.0}]}, {"source": 7, "prod": 0.50433176247835043, "target": 23, "value": 586.0, "supply": [{"l": "Pelagic Fish", "v": 170.0}, {"l": "Fish, Seafood", "v": 293.0}, {"l": "Marine Fish, Other", "v": 56.0}, {"l": "Freshwater Fish", "v": 67.0}]}, {"source": 8, "prod": 0.00047048043570831243, "target": 23, "value": 1.0, "supply": [{"l": "Fruits, Other", "v": 1.0}]}, {"source": 9, "prod": 2.3599929368385251, "target": 23, "value": 663.0, "supply": [{"l": "Maize", "v": 317.0}, {"l": "Rice", "v": 345.0}, {"l": "Wheat", "v": 1.0}]}, {"source": 18, "prod": 2.0866272609545797, "target": 23, "value": 191.0, "supply": [{"l": "Ricebran Oil", "v": 19.0}, {"l": "Coconut Oil", "v": 79.0}, {"l": "Rape and Mustard Oil", "v": 1.0}, {"l": "Oilcrops Oil, Other", "v": 32.0}, {"l": "Palm Oil", "v": 46.0}, {"l": "Palmkernel Oil", "v": 14.0}]}, {"source": 19, "prod": 0.14841478696369886, "target": 23, "value": 39.0, "supply": [{"l": "Cloves", "v": 39.0}]}, {"source": 10, "prod": 0.0017469204356172843, "target": 23, "value": 1.0, "supply": [{"l": "Poultry Meat", "v": 1.0}]}, {"source": 2, "prod": 0.86831008374848662, "target": 24, "value": 228.0, "supply": [{"l": "Sunflower seed", "v": 1.0}, {"l": "Coconuts - Incl Copra", "v": 103.0}, {"l": "Soyabeans", "v": 37.0}, {"l": "Sesame seed", "v": 12.0}, {"l": "Cottonseed", "v": 6.0}, {"l": "Groundnuts", "v": 69.0}]}, {"source": 21, "prod": 0.17104462726758243, "target": 21, "value": 100.0, "supply": [{"l": "Eggs", "v": 100.0}]}, {"source": 3, "prod": 0.54462660534162766, "target": 24, "value": 1608.0, "supply": [{"l": "Sugar cane", "v": 1608.0}]}, {"source": 5, "prod": 0.37437240423602863, "target": 24, "value": 344.0, "supply": [{"l": "Potatoes", "v": 96.0}, {"l": "Roots, Other", "v": 15.0}, {"l": "Yams", "v": 8.0}, {"l": "Sweet potatoes", "v": 225.0}]}, {"source": 6, "prod": 0.36187401866164109, "target": 24, "value": 90.0, "supply": [{"l": "Peas", "v": 1.0}, {"l": "Beans", "v": 68.0}, {"l": "Pulses, Other", "v": 21.0}]}, {"source": 9, "prod": 6.4276017350372827, "target": 24, "value": 1602.0, "supply": [{"l": "Maize", "v": 184.0}, {"l": "Wheat", "v": 6.0}, {"l": "Cereals, Other", "v": 1.0}, {"l": "Millet", "v": 4.0}, {"l": "Rice", "v": 1405.0}, {"l": "Sorghum", "v": 2.0}]}, {"source": 0, "prod": 0.016650711893450434, "target": 25, "value": 28.0, "supply": [{"l": "Milk - Excluding Butter", "v": 28.0}]}, {"source": 2, "prod": 1.7382321895111397, "target": 25, "value": 981.0, "supply": [{"l": "Coconuts - Incl Copra", "v": 894.0}, {"l": "Sesame seed", "v": 1.0}, {"l": "Cottonseed", "v": 1.0}, {"l": "Groundnuts", "v": 42.0}, {"l": "Oilcrops, Other", "v": 6.0}, {"l": "Soyabeans", "v": 37.0}]}, {"source": 12, "prod": 0.0019295530266136365, "target": 25, "value": 1.0, "supply": [{"l": "Treenuts", "v": 1.0}]}, {"source": 13, "prod": 0.29479998101028698, "target": 25, "value": 950.0, "supply": [{"l": "Tomatoes", "v": 17.0}, {"l": "Vegetables, Other", "v": 893.0}, {"l": "Onions", "v": 40.0}]}, {"source": 3, "prod": 0.63573640436954926, "target": 25, "value": 1877.0, "supply": [{"l": "Sugar cane", "v": 1877.0}]}, {"source": 5, "prod": 2.3873886928050587, "target": 25, "value": 2046.0, "supply": [{"l": "Roots, Other", "v": 19.0}, {"l": "Yams", "v": 1.0}, {"l": "Potatoes", "v": 40.0}, {"l": "Sweet potatoes", "v": 381.0}, {"l": "Cassava", "v": 1605.0}]}, {"source": 6, "prod": 0.20644301860927969, "target": 25, "value": 51.0, "supply": [{"l": "Peas", "v": 1.0}, {"l": "Beans", "v": 43.0}, {"l": "Pulses, Other", "v": 7.0}]}, {"source": 17, "prod": 0.0018456594167608697, "target": 25, "value": 1.0, "supply": [{"l": "Nuts", "v": 1.0}]}, {"source": 9, "prod": 12.779163676532987, "target": 25, "value": 3150.0, "supply": [{"l": "Maize", "v": 232.0}, {"l": "Barley", "v": 1.0}, {"l": "Rice", "v": 2872.0}, {"l": "Cereals, Other", "v": 1.0}, {"l": "Wheat", "v": 36.0}, {"l": "Sorghum", "v": 5.0}, {"l": "Millet", "v": 3.0}]}, {"source": 18, "prod": 0.095512874817374999, "target": 25, "value": 9.0, "supply": [{"l": "Palm Oil", "v": 8.0}, {"l": "Palmkernel Oil", "v": 1.0}]}, {"source": 19, "prod": 0.02613921417560985, "target": 25, "value": 9.0, "supply": [{"l": "Cloves", "v": 2.0}, {"l": "Pepper", "v": 1.0}, {"l": "Pimento", "v": 6.0}]}, {"source": 20, "prod": 0.0078094439280438433, "target": 25, "value": 16.0, "supply": [{"l": "Coffee", "v": 14.0}, {"l": "Tea", "v": 2.0}]}, {"source": 21, "prod": 0.075259635997736274, "target": 25, "value": 44.0, "supply": [{"l": "Eggs", "v": 44.0}]}, {"source": 8, "prod": 0.89873898841264765, "target": 25, "value": 1555.0, "supply": [{"l": "Plantains", "v": 31.0}, {"l": "Grapefruit", "v": 1.0}, {"l": "Apples", "v": 1.0}, {"l": "Lemons, Limes", "v": 2.0}, {"l": "Pineapples", "v": 268.0}, {"l": "Bananas", "v": 738.0}, {"l": "Fruits, Other", "v": 473.0}, {"l": "Oranges, Mandarines", "v": 41.0}]}, {"source": 10, "prod": 0.022202960892979455, "target": 25, "value": 10.0, "supply": [{"l": "Pigmeat", "v": 2.0}, {"l": "Bovine Meat", "v": 1.0}, {"l": "Poultry Meat", "v": 7.0}]}, {"source": 26, "prod": 0.017842637647043479, "target": 17, "value": 13.0, "supply": [{"l": "Nuts", "v": 4.0}, {"l": "Infant food", "v": 9.0}]}, {"source": 26, "prod": 2.3432124925397644, "target": 1, "value": 3474.0, "supply": [{"l": "Pigmeat", "v": 2.0}, {"l": "Meat, Other", "v": 3.0}, {"l": "Crustaceans", "v": 39.0}, {"l": "Eggs", "v": 3.0}, {"l": "Marine Fish, Other", "v": 17.0}, {"l": "Mutton & Goat Meat", "v": 4.0}, {"l": "Freshwater Fish", "v": 1.0}, {"l": "Poultry Meat", "v": 4.0}, {"l": "Milk - Excluding Butter", "v": 2614.0}, {"l": "Fish, Seafood", "v": 405.0}, {"l": "Cephalopods", "v": 5.0}, {"l": "Pelagic Fish", "v": 308.0}, {"l": "Molluscs, Other", "v": 33.0}, {"l": "Offals, Edible", "v": 4.0}, {"l": "Demersal Fish", "v": 1.0}, {"l": "Bovine Meat", "v": 31.0}]}, {"source": 26, "prod": 24.013719891788654, "target": 9, "value": 6849.0, "supply": [{"l": "Maize", "v": 702.0}, {"l": "Barley", "v": 162.0}, {"l": "Rice", "v": 2714.0}, {"l": "Cereals, Other", "v": 56.0}, {"l": "Wheat", "v": 3202.0}, {"l": "Oats", "v": 13.0}]}, {"source": 26, "prod": 0.12792623607624182, "target": 6, "value": 29.0, "supply": [{"l": "Peas", "v": 4.0}, {"l": "Beans", "v": 15.0}, {"l": "Pulses, Other", "v": 10.0}]}, {"source": 26, "prod": 4.8923137859873131, "target": 22, "value": 979.0, "supply": [{"l": "Sugar", "v": 782.0}, {"l": "Beer", "v": 11.0}, {"l": "Groundnut Oil", "v": 2.0}, {"l": "Beverages, Alcoholic", "v": 9.0}, {"l": "Fats, Animals, Raw", "v": 42.0}, {"l": "Soyabean Oil", "v": 3.0}, {"l": "Butter, Ghee", "v": 33.0}, {"l": "Palm Oil", "v": 38.0}, {"l": "Coconut Oil", "v": 19.0}, {"l": "Rape and Mustard Oil", "v": 2.0}, {"l": "Oilcrops Oil, Other", "v": 12.0}, {"l": "Wine", "v": 3.0}, {"l": "Sweeteners, Other", "v": 10.0}, {"l": "Beverages, Fermented", "v": 1.0}, {"l": "Honey", "v": 1.0}, {"l": "Palmkernel Oil", "v": 11.0}]}, {"source": 26, "prod": 0.007718212106454546, "target": 12, "value": 4.0, "supply": [{"l": "Treenuts", "v": 4.0}]}, {"source": 26, "prod": 0.070949313167206235, "target": 13, "value": 205.0, "supply": [{"l": "Tomatoes", "v": 1.0}, {"l": "Vegetables, Other", "v": 145.0}, {"l": "Onions", "v": 59.0}]}, {"source": 26, "prod": 0.036624746448136347, "target": 20, "value": 22.0, "supply": [{"l": "Cocoa Beans", "v": 12.0}, {"l": "Coffee", "v": 5.0}, {"l": "Tea", "v": 5.0}]}, {"source": 26, "prod": 0.05703726434556039, "target": 8, "value": 113.0, "supply": [{"l": "Grapes", "v": 9.0}, {"l": "Dates", "v": 6.0}, {"l": "Apples", "v": 25.0}, {"l": "Bananas", "v": 8.0}, {"l": "Fruits, Other", "v": 45.0}, {"l": "Oranges, Mandarines", "v": 20.0}]}, {"source": 26, "prod": 0.95711822083639619, "target": 2, "value": 328.0, "supply": [{"l": "Coconuts - Incl Copra", "v": 172.0}, {"l": "Sesame seed", "v": 3.0}, {"l": "Groundnuts", "v": 8.0}, {"l": "Oilcrops, Other", "v": 12.0}, {"l": "Soyabeans", "v": 130.0}, {"l": "Palm kernels", "v": 3.0}]}, {"source": 26, "prod": 0.1244392211425379, "target": 19, "value": 31.0, "supply": [{"l": "Cloves", "v": 4.0}, {"l": "Pepper", "v": 1.0}, {"l": "Pimento", "v": 8.0}, {"l": "Spices, Other", "v": 18.0}]}, {"source": 26, "prod": 0.074141752356805174, "target": 5, "value": 70.0, "supply": [{"l": "Roots, Other", "v": 1.0}, {"l": "Potatoes", "v": 34.0}, {"l": "Cassava", "v": 35.0}]}, {"source": 0, "prod": 0.03686943347835453, "target": 27, "value": 62.0, "supply": [{"l": "Milk - Excluding Butter", "v": 62.0}]}, {"source": 10, "prod": 0.019606606642353332, "target": 27, "value": 8.0, "supply": [{"l": "Meat, Other", "v": 3.0}, {"l": "Pigmeat", "v": 1.0}, {"l": "Poultry Meat", "v": 4.0}]}, {"source": 12, "prod": 0.025084189345977274, "target": 27, "value": 13.0, "supply": [{"l": "Treenuts", "v": 13.0}]}, {"source": 6, "prod": 0.63397471942539529, "target": 27, "value": 159.0, "supply": [{"l": "Beans", "v": 135.0}, {"l": "Pulses, Other", "v": 24.0}]}, {"source": 13, "prod": 0.051408331473390578, "target": 27, "value": 165.0, "supply": [{"l": "Tomatoes", "v": 7.0}, {"l": "Vegetables, Other", "v": 147.0}, {"l": "Onions", "v": 11.0}]}, {"source": 17, "prod": 0.026318016857891306, "target": 27, "value": 15.0, "supply": [{"l": "Infant food", "v": 2.0}, {"l": "Nuts", "v": 13.0}]}, {"source": 3, "prod": 0.00067739627530053197, "target": 27, "value": 2.0, "supply": [{"l": "Sugar cane", "v": 2.0}]}, {"source": 4, "prod": 0.0081041227117772726, "target": 27, "value": 1.0, "supply": [{"l": "Fish, Liver Oil", "v": 1.0}]}, {"source": 5, "prod": 13.294575859357298, "target": 27, "value": 11274.0, "supply": [{"l": "Roots, Other", "v": 94.0}, {"l": "Potatoes", "v": 10.0}, {"l": "Cassava", "v": 11170.0}]}, {"source": 7, "prod": 1.3415585521020403, "target": 27, "value": 1689.0, "supply": [{"l": "Crustaceans", "v": 117.0}, {"l": "Marine Fish, Other", "v": 507.0}, {"l": "Freshwater Fish", "v": 2.0}, {"l": "Pelagic Fish", "v": 119.0}, {"l": "Fish, Seafood", "v": 845.0}, {"l": "Cephalopods", "v": 37.0}, {"l": "Molluscs, Other", "v": 59.0}, {"l": "Demersal Fish", "v": 3.0}]}, {"source": 15, "prod": 0.017347021988596553, "target": 27, "value": 22.0, "supply": [{"l": "Aquatic Products, Other", "v": 11.0}, {"l": "Aquatic Animals, Others", "v": 11.0}]}, {"source": 16, "prod": 17.28823420188068, "target": 27, "value": 4135.0, "supply": [{"l": "Sugar", "v": 4131.0}, {"l": "Sweeteners, Other", "v": 4.0}]}, {"source": 14, "prod": 0.0403812561622061, "target": 27, "value": 33.0, "supply": [{"l": "Beer", "v": 24.0}, {"l": "Beverages, Alcoholic", "v": 9.0}]}, {"source": 9, "prod": 20.620998923994502, "target": 27, "value": 5457.0, "supply": [{"l": "Maize", "v": 1574.0}, {"l": "Rice", "v": 3711.0}, {"l": "Cereals, Other", "v": 4.0}, {"l": "Wheat", "v": 29.0}, {"l": "Oats", "v": 1.0}, {"l": "Sorghum", "v": 138.0}]}, {"source": 18, "prod": 29.44303120435745, "target": 27, "value": 2795.0, "supply": [{"l": "Maize Germ Oil", "v": 1.0}, {"l": "Groundnut Oil", "v": 1.0}, {"l": "Palm Oil", "v": 1869.0}, {"l": "Coconut Oil", "v": 797.0}, {"l": "Oilcrops Oil, Other", "v": 5.0}, {"l": "Palmkernel Oil", "v": 122.0}]}, {"source": 19, "prod": 0.18963636579902277, "target": 27, "value": 90.0, "supply": [{"l": "Pepper", "v": 63.0}, {"l": "Pimento", "v": 6.0}, {"l": "Spices, Other", "v": 21.0}]}, {"source": 20, "prod": 0.18607749662907874, "target": 27, "value": 270.0, "supply": [{"l": "Cocoa Beans", "v": 20.0}, {"l": "Coffee", "v": 189.0}, {"l": "Tea", "v": 61.0}]}, {"source": 21, "prod": 0.010262677636054944, "target": 27, "value": 6.0, "supply": [{"l": "Eggs", "v": 6.0}]}, {"source": 8, "prod": 0.84517548224325734, "target": 27, "value": 1574.0, "supply": [{"l": "Grapes", "v": 2.0}, {"l": "Pineapples", "v": 639.0}, {"l": "Bananas", "v": 744.0}, {"l": "Fruits, Other", "v": 184.0}, {"l": "Grapefruit", "v": 2.0}, {"l": "Oranges, Mandarines", "v": 3.0}]}, {"source": 2, "prod": 5.8235889960455074, "target": 27, "value": 3560.0, "supply": [{"l": "Coconuts - Incl Copra", "v": 3371.0}, {"l": "Sesame seed", "v": 17.0}, {"l": "Cottonseed", "v": 8.0}, {"l": "Groundnuts", "v": 24.0}, {"l": "Oilcrops, Other", "v": 98.0}, {"l": "Soyabeans", "v": 12.0}, {"l": "Palm kernels", "v": 30.0}]}, {"source": 18, "prod": 1.1659953365386793, "target": 28, "value": 109.0, "supply": [{"l": "Oilcrops Oil, Other", "v": 20.0}, {"l": "Palm Oil", "v": 72.0}, {"l": "Palmkernel Oil", "v": 17.0}]}, {"source": 9, "prod": 0.0093345916051884824, "target": 28, "value": 3.0, "supply": [{"l": "Wheat", "v": 3.0}]}, {"source": 5, "prod": 1.1307353790039014, "target": 28, "value": 960.0, "supply": [{"l": "Cassava", "v": 960.0}]}, {"source": 29, "prod": 0.0035986040209885542, "target": 1, "value": 4.0, "supply": [{"l": "Pelagic Fish", "v": 2.0}, {"l": "Fish, Seafood", "v": 2.0}]}, {"source": 29, "prod": 0.11320044422800001, "target": 2, "value": 24.0, "supply": [{"l": "Oilcrops, Other", "v": 24.0}]}, {"source": 2, "prod": 0.26162449731034837, "target": 28, "value": 123.0, "supply": [{"l": "Cottonseed", "v": 10.0}, {"l": "Coconuts - Incl Copra", "v": 100.0}, {"l": "Soyabeans", "v": 2.0}, {"l": "Palm kernels", "v": 11.0}]}, {"source": 20, "prod": 0.017126359543407309, "target": 28, "value": 11.0, "supply": [{"l": "Cocoa Beans", "v": 6.0}, {"l": "Coffee", "v": 5.0}]}, {"source": 29, "prod": 3.7747679643464247, "target": 22, "value": 881.0, "supply": [{"l": "Coconut Oil", "v": 10.0}, {"l": "Sugar", "v": 866.0}, {"l": "Soyabean Oil", "v": 5.0}]}, {"source": 29, "prod": 0.024573178920694647, "target": 8, "value": 80.0, "supply": [{"l": "Pineapples", "v": 80.0}]}, {"source": 29, "prod": 10.258332615556759, "target": 9, "value": 2471.0, "supply": [{"l": "Barley", "v": 10.0}, {"l": "Rice", "v": 2431.0}, {"l": "Sorghum", "v": 25.0}, {"l": "Cereals, Other", "v": 5.0}]}, {"source": 30, "prod": 89.104855767483457, "target": 2, "value": 34053.0, "supply": [{"l": "Sunflower seed", "v": 3.0}, {"l": "Coconuts - Incl Copra", "v": 20825.0}, {"l": "Sesame seed", "v": 126.0}, {"l": "Cottonseed", "v": 90.0}, {"l": "Groundnuts", "v": 971.0}, {"l": "Rape and Mustardseed", "v": 5.0}, {"l": "Oilcrops, Other", "v": 481.0}, {"l": "Soyabeans", "v": 675.0}, {"l": "Palm kernels", "v": 432.0}, {"l": "Oil Palm", "v": 10445.0}]}, {"source": 30, "prod": 0.16401200726215912, "target": 12, "value": 85.0, "supply": [{"l": "Treenuts", "v": 85.0}]}, {"source": 30, "prod": 4.0745957401934332, "target": 6, "value": 1009.0, "supply": [{"l": "Peas", "v": 17.0}, {"l": "Pulses, Other", "v": 267.0}, {"l": "Beans", "v": 725.0}]}, {"source": 30, "prod": 3.7040566278285438, "target": 13, "value": 11897.0, "supply": [{"l": "Tomatoes", "v": 268.0}, {"l": "Vegetables, Other", "v": 11006.0}, {"l": "Onions", "v": 623.0}]}, {"source": 30, "prod": 27.463677189509461, "target": 3, "value": 81086.0, "supply": [{"l": "Sugar cane", "v": 81086.0}]}, {"source": 30, "prod": 41.900828542115832, "target": 5, "value": 35799.0, "supply": [{"l": "Roots, Other", "v": 672.0}, {"l": "Yams", "v": 27.0}, {"l": "Potatoes", "v": 721.0}, {"l": "Sweet potatoes", "v": 5035.0}, {"l": "Cassava", "v": 29344.0}]}, {"source": 30, "prod": 0.15688105042467393, "target": 17, "value": 85.0, "supply": [{"l": "Nuts", "v": 85.0}]}, {"source": 30, "prod": 214.51612433234928, "target": 9, "value": 54076.0, "supply": [{"l": "Maize", "v": 8259.0}, {"l": "Cereals, Other", "v": 31.0}, {"l": "Sorghum", "v": 159.0}, {"l": "Rice", "v": 45491.0}, {"l": "Wheat", "v": 76.0}, {"l": "Millet", "v": 60.0}]}, {"source": 30, "prod": 1.2513866760584698, "target": 19, "value": 389.0, "supply": [{"l": "Pepper", "v": 78.0}, {"l": "Pimento", "v": 148.0}, {"l": "Cloves", "v": 40.0}, {"l": "Spices, Other", "v": 123.0}]}, {"source": 30, "prod": 0.31231067489999687, "target": 20, "value": 475.0, "supply": [{"l": "Tea", "v": 120.0}, {"l": "Coffee", "v": 330.0}, {"l": "Cocoa Beans", "v": 25.0}]}, {"source": 30, "prod": 10.108876120446007, "target": 8, "value": 18584.0, "supply": [{"l": "Plantains", "v": 208.0}, {"l": "Grapes", "v": 7.0}, {"l": "Pineapples", "v": 3115.0}, {"l": "Citrus, Other", "v": 4.0}, {"l": "Grapefruit", "v": 70.0}, {"l": "Fruits, Other", "v": 7222.0}, {"l": "Lemons, Limes", "v": 45.0}, {"l": "Bananas", "v": 6974.0}, {"l": "Oranges, Mandarines", "v": 939.0}]}, {"source": 1, "prod": 1.9392132673050668, "target": 0, "value": 3261.0, "supply": [{"l": "Milk - Excluding Butter", "v": 3261.0}]}, {"source": 1, "prod": 1.6300552978600604, "target": 21, "value": 953.0, "supply": [{"l": "Eggs", "v": 1053.0}]}, {"source": 1, "prod": 8.0559944212155106, "target": 10, "value": 3208.0, "supply": [{"l": "Pigmeat", "v": 1092.0}, {"l": "Bovine Meat", "v": 902.0}, {"l": "Poultry Meat", "v": 816.0}, {"l": "Offals, Edible", "v": 273.0}, {"l": "Meat, Other", "v": 51.0}, {"l": "Mutton & Goat Meat", "v": 74.0}]}, {"source": 1, "prod": 11.997762178634217, "target": 7, "value": 14756.0, "supply": [{"l": "Pelagic Fish", "v": 2452.0}, {"l": "Crustaceans", "v": 553.0}, {"l": "Freshwater Fish", "v": 1069.0}, {"l": "Molluscs, Other", "v": 355.0}, {"l": "Marine Fish, Other", "v": 2048.0}, {"l": "Fish, Seafood", "v": 7379.0}, {"l": "Demersal Fish", "v": 741.0}, {"l": "Cephalopods", "v": 159.0}]}, {"source": 1, "prod": 0.24285830784035178, "target": 15, "value": 308.0, "supply": [{"l": "Aquatic Plants", "v": 69.0}, {"l": "Aquatic Products, Other", "v": 154.0}, {"l": "Aquatic Animals, Others", "v": 85.0}]}, {"source": 22, "prod": 37.459594569907139, "target": 16, "value": 8923.0, "supply": [{"l": "Honey", "v": 1.0}, {"l": "Sweeteners, Other", "v": 593.0}, {"l": "Sugar non-centrifugal", "v": 437.0}, {"l": "Sugar", "v": 7892.0}]}, {"source": 22, "prod": 46.534605750418599, "target": 18, "value": 4419.0, "supply": [{"l": "Ricebran Oil", "v": 27.0}, {"l": "Sesameseed Oil", "v": 37.0}, {"l": "Soyabean Oil", "v": 83.0}, {"l": "Coconut Oil", "v": 1760.0}, {"l": "Cottonseed Oil", "v": 10.0}, {"l": "Rape and Mustard Oil", "v": 3.0}, {"l": "Maize Germ Oil", "v": 6.0}, {"l": "Groundnut Oil", "v": 123.0}, {"l": "Palm Oil", "v": 2127.0}, {"l": "Palmkernel Oil", "v": 179.0}, {"l": "Oilcrops Oil, Other", "v": 63.0}, {"l": "Sunflowerseed Oil", "v": 1.0}]}, {"source": 22, "prod": 2.6695215780102663, "target": 14, "value": 1810.0, "supply": [{"l": "Beer", "v": 982.0}, {"l": "Beverages, Alcoholic", "v": 476.0}, {"l": "Alcohol, Non-Food", "v": 346.0}, {"l": "Beverages, Fermented", "v": 3.0}, {"l": "Wine", "v": 3.0}]}, {"source": 22, "prod": 1.7184599255021047, "target": 4, "value": 206.0, "supply": [{"l": "Fats, Animals, Raw", "v": 165.0}, {"l": "Fish, Body Oil", "v": 1.0}, {"l": "Butter, Ghee", "v": 38.0}, {"l": "Fish, Liver Oil", "v": 1.0}, {"l": "Cream", "v": 1.0}]}]}