{"nodes": [{"layer": 5, "name": "Maize"}, {"layer": 10, "name": "Feed", "fill": "#dbdb8d"}, {"layer": 5, "name": "Yams"}, {"layer": 5, "name": "Rice"}, {"layer": 5, "name": "Cereals, Other"}, {"layer": 5, "name": "Coconuts - Incl Copra"}, {"layer": 13, "name": "Crustaceans"}, {"layer": 5, "name": "Roots, Other"}, {"layer": 13, "name": "Marine Fish, Other"}, {"layer": 5, "name": "Oats"}, {"layer": 5, "name": "Potatoes"}, {"layer": 13, "name": "Freshwater Fish"}, {"layer": 13, "name": "Milk - Excluding Butter"}, {"layer": 5, "name": "Pulses, Other"}, {"layer": 13, "name": "Fish, Seafood"}, {"layer": 5, "name": "Sorghum"}, {"layer": 5, "name": "Sugar cane"}, {"layer": 13, "name": "Pelagic Fish"}, {"layer": 5, "name": "Bananas"}, {"layer": 13, "name": "Molluscs, Other"}, {"layer": 5, "name": "Millet"}, {"layer": 5, "name": "Sweet potatoes"}, {"layer": 5, "name": "Cassava"}, {"layer": 16, "name": "Food", "fill": "#b5cf6b"}, {"layer": 13, "name": "Ricebran Oil"}, {"layer": 5, "name": "Vegetables, Other"}, {"layer": 5, "name": "Plantains"}, {"layer": 5, "name": "Nuts"}, {"layer": 5, "name": "Dates"}, {"layer": 13, "name": "Sugar", "fill": "#d6616b"}, {"layer": 13, "name": "Oilcrops Oil, Other"}, {"layer": 13, "name": "Maize Germ Oil"}, {"layer": 13, "name": "Beer"}, {"layer": 5, "name": "Infant food"}, {"layer": 13, "name": "Beverages, Alcoholic"}, {"layer": 13, "name": "Aquatic Products, Other"}, {"layer": 13, "name": "Sesameseed Oil"}, {"layer": 13, "name": "Sugar non-centrifugal"}, {"layer": 13, "name": "Butter, Ghee"}, {"layer": 5, "name": "Tomatoes"}, {"layer": 5, "name": "Cloves"}, {"layer": 5, "name": "Coffee"}, {"layer": 5, "name": "Wheat"}, {"layer": 13, "name": "Fats, Animals, Raw"}, {"layer": 13, "name": "Soyabean Oil"}, {"layer": 5, "name": "Treenuts"}, {"layer": 13, "name": "Eggs"}, {"layer": 5, "name": "Peas"}, {"layer": 5, "name": "Sesame seed"}, {"layer": 5, "name": "Grapes"}, {"layer": 5, "name": "Groundnuts"}, {"layer": 13, "name": "Palm Oil"}, {"layer": 5, "name": "Oilcrops, Other"}, {"layer": 13, "name": "Wine"}, {"layer": 13, "name": "Coconut Oil"}, {"layer": 13, "name": "Pigmeat"}, {"layer": 5, "name": "Cocoa Beans"}, {"layer": 5, "name": "Soyabeans"}, {"layer": 5, "name": "Pimento"}, {"layer": 5, "name": "Pepper"}, {"layer": 5, "name": "Grapefruit"}, {"layer": 5, "name": "Beans"}, {"layer": 5, "name": "Apples"}, {"layer": 13, "name": "Meat, Other"}, {"layer": 5, "name": "Lemons, Limes"}, {"layer": 13, "name": "Cephalopods"}, {"layer": 13, "name": "Mutton & Goat Meat"}, {"layer": 13, "name": "Sweeteners, Other"}, {"layer": 5, "name": "Pineapples"}, {"layer": 13, "name": "Beverages, Fermented"}, {"layer": 5, "name": "Citrus, Other"}, {"layer": 5, "name": "Spices, Other"}, {"layer": 5, "name": "Tea"}, {"layer": 5, "name": "Fruits, Other"}, {"layer": 13, "name": "Aquatic Animals, Others"}, {"layer": 13, "name": "Poultry Meat"}, {"layer": 13, "name": "Offals, Edible"}, {"layer": 13, "name": "Groundnut Oil"}, {"layer": 13, "name": "Demersal Fish"}, {"layer": 5, "name": "Oranges, Mandarines"}, {"layer": 13, "name": "Bovine Meat"}, {"layer": 13, "name": "Cottonseed Oil"}, {"layer": 13, "name": "Palmkernel Oil"}, {"layer": 5, "name": "Onions"}, {"layer": 10, "name": "Processing", "fill": "#9edae5"}, {"layer": 5, "name": "Cottonseed"}, {"layer": 5, "name": "Barley"}, {"layer": 5, "name": "Palm kernels"}, {"layer": 16, "name": "Biofuels & Other", "fill": "#e7ba52"}, {"layer": 13, "name": "Alcohol, Non-Food"}, {"layer": 13, "name": "Aquatic Plants"}, {"name": "Waste", "fill": "#c7c7c7"}, {"layer": 2, "name": "Import", "fill": "#aec7e8"}, {"layer": 16, "name": "Export", "fill": "#aec7e8"}, {"layer": 16, "name": "Stock Deposit", "fill": "#c7c7c7"}, {"layer": 0, "name": "Stock Draw", "fill": "#c7c7c7"}, {"layer": 5, "name": "Oil Palm"}, {"layer": 2, "name": "Electricity", "fill": "#bcbd22"}, {"layer": 5, "name": "Rape and Mustardseed"}, {"layer": 0, "name": "Fossil Fuels", "fill": "#c49c94"}, {"layer": 0, "name": "Renewables & Nuclear", "fill": "#2ca02c"}, {"layer": 2, "name": "Fertilizers", "fill": "#c5b0d5"}, {"layer": 0, "name": "Labor", "fill": "#7f7f7f"}], "links": [{"source": 0, "prod": 881.0, "target": 1, "value": 2.5750835240328205, "supply": [{"l": "Maize", "v": 2.5750835240328205}]}, {"source": 2, "prod": 2.0, "target": 1, "value": 0.0023360517037005566, "supply": [{"l": "Yams", "v": 0.0023360517037005566}]}, {"source": 3, "prod": 967.0, "target": 1, "value": 4.0298432063769321, "supply": [{"l": "Rice", "v": 4.0298432063769321}]}, {"source": 4, "prod": 1.0, "target": 1, "value": 0.0053062708231875, "supply": [{"l": "Cereals, Other", "v": 0.0053062708231875}]}, {"source": 5, "prod": 15.0, "target": 1, "value": 0.021752414554681677, "supply": [{"l": "Coconuts - Incl Copra", "v": 0.021752414554681677}]}, {"source": 6, "prod": 2.0, "target": 1, "value": 0.0011957793404366198, "supply": [{"l": "Crustaceans", "v": 0.0011957793404366198}]}, {"source": 7, "prod": 89.0, "target": 1, "value": 0.13801150049715072, "supply": [{"l": "Roots, Other", "v": 0.13801150049715072}]}, {"source": 8, "prod": 54.0, "target": 1, "value": 0.038984846864234694, "supply": [{"l": "Marine Fish, Other", "v": 0.038984846864234694}]}, {"source": 9, "prod": 2.0, "target": 1, "value": 0.0072277271409432534, "supply": [{"l": "Oats", "v": 0.0072277271409432534}]}, {"source": 10, "prod": 1.0, "target": 1, "value": 0.00061521980558695648, "supply": [{"l": "Potatoes", "v": 0.00061521980558695648}]}, {"source": 11, "prod": 1.0, "target": 1, "value": 0.00090560355382399995, "supply": [{"l": "Freshwater Fish", "v": 0.00090560355382399995}]}, {"source": 12, "prod": 3.0, "target": 1, "value": 0.0027731264603592966, "supply": [{"l": "Milk - Excluding Butter", "v": 0.0027731264603592966}]}, {"source": 13, "prod": 25.0, "target": 1, "value": 0.10353699167195123, "supply": [{"l": "Pulses, Other", "v": 0.10353699167195123}]}, {"source": 14, "prod": 136.0, "target": 1, "value": 0.11644979755339646, "supply": [{"l": "Fish, Seafood", "v": 0.11644979755339646}]}, {"source": 15, "prod": 19.0, "target": 1, "value": 0.066407820481807628, "supply": [{"l": "Sorghum", "v": 0.066407820481807628}]}, {"source": 16, "prod": 897.0, "target": 1, "value": 0.32731632745438538, "supply": [{"l": "Sugar cane", "v": 0.32731632745438538}]}, {"source": 17, "prod": 52.0, "target": 1, "value": 0.054429254690449319, "supply": [{"l": "Pelagic Fish", "v": 0.054429254690449319}]}, {"source": 18, "prod": 104.0, "target": 1, "value": 0.077571274616131405, "supply": [{"l": "Bananas", "v": 0.077571274616131405}]}, {"source": 19, "prod": 27.0, "target": 1, "value": 0.03137999994, "supply": [{"l": "Molluscs, Other", "v": 0.03137999994}]}, {"source": 20, "prod": 28.0, "target": 1, "value": 0.097693534059780818, "supply": [{"l": "Millet", "v": 0.097693534059780818}]}, {"source": 21, "prod": 201.0, "target": 1, "value": 0.23167343947615168, "supply": [{"l": "Sweet potatoes", "v": 0.23167343947615168}]}, {"source": 22, "prod": 1132.0, "target": 1, "value": 1.3396626007929913, "supply": [{"l": "Cassava", "v": 1.3396626007929913}]}, {"source": 0, "prod": 2737.0, "target": 23, "value": 8.0000040922563347, "supply": [{"l": "Maize", "v": 8.0000040922563347}]}, {"source": 24, "prod": 3.0, "target": 23, "value": 0.063675249878250004, "supply": [{"l": "Ricebran Oil", "v": 0.063675249878250004}]}, {"source": 25, "prod": 6624.0, "target": 23, "value": 2.1400952282045322, "supply": [{"l": "Vegetables, Other", "v": 2.1400952282045322}]}, {"source": 26, "prod": 78.0, "target": 23, "value": 0.091975360935250022, "supply": [{"l": "Plantains", "v": 0.091975360935250022}]}, {"source": 27, "prod": 35.0, "target": 23, "value": 0.092859739405781253, "supply": [{"l": "Nuts", "v": 0.092859739405781253}]}, {"source": 28, "prod": 4.0, "target": 23, "value": 0.0019271197945498111, "supply": [{"l": "Dates", "v": 0.0019271197945498111}]}, {"source": 2, "prod": 23.0, "target": 23, "value": 0.026864594592556398, "supply": [{"l": "Yams", "v": 0.026864594592556398}]}, {"source": 29, "prod": 1472.0, "target": 23, "value": 6.0593110510405825, "supply": [{"l": "Sugar", "v": 6.0593110510405825}]}, {"source": 30, "prod": 4.0, "target": 23, "value": 0.039953097962823536, "supply": [{"l": "Oilcrops Oil, Other", "v": 0.039953097962823536}]}, {"source": 31, "prod": 3.0, "target": 23, "value": 0.034731954479045458, "supply": [{"l": "Maize Germ Oil", "v": 0.034731954479045458}]}, {"source": 32, "prod": 259.0, "target": 23, "value": 0.093174518183427965, "supply": [{"l": "Beer", "v": 0.093174518183427965}]}, {"source": 33, "prod": 5.0, "target": 23, "value": 0.0058111111000000003, "supply": [{"l": "Infant food", "v": 0.0058111111000000003}]}, {"source": 34, "prod": 76.0, "target": 23, "value": 0.18435500917131431, "supply": [{"l": "Beverages, Alcoholic", "v": 0.18435500917131431}]}, {"source": 35, "prod": 5.0, "target": 23, "value": 0.0039454753000474291, "supply": [{"l": "Aquatic Products, Other", "v": 0.0039454753000474291}]}, {"source": 36, "prod": 26.0, "target": 23, "value": 0.27592608280574998, "supply": [{"l": "Sesameseed Oil", "v": 0.27592608280574998}]}, {"source": 37, "prod": 363.0, "target": 23, "value": 1.4942458638096001, "supply": [{"l": "Sugar non-centrifugal", "v": 1.4942458638096001}]}, {"source": 38, "prod": 5.0, "target": 23, "value": 0.04295552571151786, "supply": [{"l": "Butter, Ghee", "v": 0.04295552571151786}]}, {"source": 39, "prod": 68.0, "target": 23, "value": 0.014578845089969697, "supply": [{"l": "Tomatoes", "v": 0.014578845089969697}]}, {"source": 40, "prod": 1.0, "target": 23, "value": 0.0036225502735222361, "supply": [{"l": "Cloves", "v": 0.0036225502735222361}]}, {"source": 4, "prod": 17.0, "target": 23, "value": 0.090206603994187506, "supply": [{"l": "Cereals, Other", "v": 0.090206603994187506}]}, {"source": 41, "prod": 85.0, "target": 23, "value": 0.032802401452431823, "supply": [{"l": "Coffee", "v": 0.032802401452431823}]}, {"source": 3, "prod": 23844.0, "target": 23, "value": 99.366681916082271, "supply": [{"l": "Rice", "v": 99.366681916082271}]}, {"source": 42, "prod": 943.0, "target": 23, "value": 2.8859202785905156, "supply": [{"l": "Wheat", "v": 2.8859202785905156}]}, {"source": 43, "prod": 91.0, "target": 23, "value": 0.75374929937180501, "supply": [{"l": "Fats, Animals, Raw", "v": 0.75374929937180501}]}, {"source": 44, "prod": 46.0, "target": 23, "value": 0.46493039593642871, "supply": [{"l": "Soyabean Oil", "v": 0.46493039593642871}]}, {"source": 5, "prod": 2823.0, "target": 23, "value": 4.0938044191910912, "supply": [{"l": "Coconuts - Incl Copra", "v": 4.0938044191910912}]}, {"source": 45, "prod": 36.0, "target": 23, "value": 0.095512874817374999, "supply": [{"l": "Treenuts", "v": 0.095512874817374999}]}, {"source": 6, "prod": 155.0, "target": 23, "value": 0.09267289888383802, "supply": [{"l": "Crustaceans", "v": 0.09267289888383802}]}, {"source": 46, "prod": 450.0, "target": 23, "value": 0.83864963254280478, "supply": [{"l": "Eggs", "v": 0.83864963254280478}]}, {"source": 7, "prod": 959.0, "target": 23, "value": 1.4871126851322194, "supply": [{"l": "Roots, Other", "v": 1.4871126851322194}]}, {"source": 47, "prod": 9.0, "target": 23, "value": 0.035158113429708593, "supply": [{"l": "Peas", "v": 0.035158113429708593}]}, {"source": 48, "prod": 9.0, "target": 23, "value": 0.095512874817374999, "supply": [{"l": "Sesame seed", "v": 0.095512874817374999}]}, {"source": 21, "prod": 3795.0, "target": 23, "value": 4.3741328498109224, "supply": [{"l": "Sweet potatoes", "v": 4.3741328498109224}]}, {"source": 8, "prod": 643.0, "target": 23, "value": 0.4642084543278317, "supply": [{"l": "Marine Fish, Other", "v": 0.4642084543278317}]}, {"source": 49, "prod": 7.0, "target": 23, "value": 0.0055715843643468757, "supply": [{"l": "Grapes", "v": 0.0055715843643468757}]}, {"source": 50, "prod": 348.0, "target": 23, "value": 2.2298351655477737, "supply": [{"l": "Groundnuts", "v": 2.2298351655477737}]}, {"source": 51, "prod": 22.0, "target": 23, "value": 0.18678073297620001, "supply": [{"l": "Palm Oil", "v": 0.18678073297620001}]}, {"source": 52, "prod": 1.0, "target": 23, "value": 0.0060643095122142861, "supply": [{"l": "Oilcrops, Other", "v": 0.0060643095122142861}]}, {"source": 53, "prod": 2.0, "target": 23, "value": 0.0027854709793391046, "supply": [{"l": "Wine", "v": 0.0027854709793391046}]}, {"source": 54, "prod": 365.0, "target": 23, "value": 3.7112121685526951, "supply": [{"l": "Coconut Oil", "v": 3.7112121685526951}]}, {"source": 9, "prod": 1.0, "target": 23, "value": 0.0036138635704716267, "supply": [{"l": "Oats", "v": 0.0036138635704716267}]}, {"source": 55, "prod": 783.0, "target": 23, "value": 3.2586745525927951, "supply": [{"l": "Pigmeat", "v": 3.2586745525927951}]}, {"source": 56, "prod": 8.0, "target": 23, "value": 0.02122508329275, "supply": [{"l": "Cocoa Beans", "v": 0.02122508329275}]}, {"source": 57, "prod": 191.0, "target": 23, "value": 0.83875673977556886, "supply": [{"l": "Soyabeans", "v": 0.83875673977556886}]}, {"source": 10, "prod": 151.0, "target": 23, "value": 0.092898190643630446, "supply": [{"l": "Potatoes", "v": 0.092898190643630446}]}, {"source": 11, "prod": 822.0, "target": 23, "value": 0.74440612124332783, "supply": [{"l": "Freshwater Fish", "v": 0.74440612124332783}]}, {"source": 58, "prod": 70.0, "target": 23, "value": 0.27857921821734377, "supply": [{"l": "Pimento", "v": 0.27857921821734377}]}, {"source": 59, "prod": 10.0, "target": 23, "value": 0.011622222200000001, "supply": [{"l": "Pepper", "v": 0.011622222200000001}]}, {"source": 60, "prod": 51.0, "target": 23, "value": 0.059273333220000002, "supply": [{"l": "Grapefruit", "v": 0.059273333220000002}]}, {"source": 16, "prod": 764.0, "target": 23, "value": 0.27878447511165044, "supply": [{"l": "Sugar cane", "v": 0.27878447511165044}]}, {"source": 12, "prod": 1309.0, "target": 23, "value": 1.2100075122034395, "supply": [{"l": "Milk - Excluding Butter", "v": 1.2100075122034395}]}, {"source": 17, "prod": 801.0, "target": 23, "value": 0.83841986552019054, "supply": [{"l": "Pelagic Fish", "v": 0.83841986552019054}]}, {"source": 61, "prod": 382.0, "target": 23, "value": 1.4911230929343449, "supply": [{"l": "Beans", "v": 1.4911230929343449}]}, {"source": 62, "prod": 8.0, "target": 23, "value": 0.0047496689885874127, "supply": [{"l": "Apples", "v": 0.0047496689885874127}]}, {"source": 14, "prod": 2825.0, "target": 23, "value": 2.418902044767242, "supply": [{"l": "Fish, Seafood", "v": 2.418902044767242}]}, {"source": 63, "prod": 41.0, "target": 23, "value": 0.091602991052921065, "supply": [{"l": "Meat, Other", "v": 0.091602991052921065}]}, {"source": 64, "prod": 31.0, "target": 23, "value": 0.014935178407761035, "supply": [{"l": "Lemons, Limes", "v": 0.014935178407761035}]}, {"source": 65, "prod": 33.0, "target": 23, "value": 0.038353333260000004, "supply": [{"l": "Cephalopods", "v": 0.038353333260000004}]}, {"source": 66, "prod": 45.0, "target": 23, "value": 0.090964642683214303, "supply": [{"l": "Mutton & Goat Meat", "v": 0.090964642683214303}]}, {"source": 67, "prod": 308.0, "target": 23, "value": 1.3909203519504256, "supply": [{"l": "Sweeteners, Other", "v": 1.3909203519504256}]}, {"source": 68, "prod": 667.0, "target": 23, "value": 0.27941705045258386, "supply": [{"l": "Pineapples", "v": 0.27941705045258386}]}, {"source": 18, "prod": 2868.0, "target": 23, "value": 2.1391770730679314, "supply": [{"l": "Bananas", "v": 2.1391770730679314}]}, {"source": 69, "prod": 1.0, "target": 23, "value": 0.0013927354896695523, "supply": [{"l": "Beverages, Fermented", "v": 0.0013927354896695523}]}, {"source": 70, "prod": 4.0, "target": 23, "value": 0.0019271197945498111, "supply": [{"l": "Citrus, Other", "v": 0.0019271197945498111}]}, {"source": 71, "prod": 29.0, "target": 23, "value": 0.094696525459961545, "supply": [{"l": "Spices, Other", "v": 0.094696525459961545}]}, {"source": 72, "prod": 59.0, "target": 23, "value": 0.068571110980000002, "supply": [{"l": "Tea", "v": 0.068571110980000002}]}, {"source": 73, "prod": 5215.0, "target": 23, "value": 2.5124824321443162, "supply": [{"l": "Fruits, Other", "v": 2.5124824321443162}]}, {"source": 19, "prod": 109.0, "target": 23, "value": 0.12668222198000001, "supply": [{"l": "Molluscs, Other", "v": 0.12668222198000001}]}, {"source": 74, "prod": 5.0, "target": 23, "value": 0.0039454753000474291, "supply": [{"l": "Aquatic Animals, Others", "v": 0.0039454753000474291}]}, {"source": 20, "prod": 2.0, "target": 23, "value": 0.0069781095756986308, "supply": [{"l": "Millet", "v": 0.0069781095756986308}]}, {"source": 75, "prod": 325.0, "target": 23, "value": 0.55930962730895273, "supply": [{"l": "Poultry Meat", "v": 0.55930962730895273}]}, {"source": 76, "prod": 178.0, "target": 23, "value": 0.18657110252392595, "supply": [{"l": "Offals, Edible", "v": 0.18657110252392595}]}, {"source": 77, "prod": 108.0, "target": 23, "value": 1.1227635896899593, "supply": [{"l": "Groundnut Oil", "v": 1.1227635896899593}]}, {"source": 78, "prod": 262.0, "target": 23, "value": 0.18536572742335, "supply": [{"l": "Demersal Fish", "v": 0.18536572742335}]}, {"source": 79, "prod": 563.0, "target": 23, "value": 0.18598788939794944, "supply": [{"l": "Oranges, Mandarines", "v": 0.18598788939794944}]}, {"source": 80, "prod": 587.0, "target": 23, "value": 1.0227639016513936, "supply": [{"l": "Bovine Meat", "v": 1.0227639016513936}]}, {"source": 81, "prod": 7.0, "target": 23, "value": 0.099050388699500017, "supply": [{"l": "Cottonseed Oil", "v": 0.099050388699500017}]}, {"source": 82, "prod": 4.0, "target": 23, "value": 0.0424501665855, "supply": [{"l": "Palmkernel Oil", "v": 0.0424501665855}]}, {"source": 22, "prod": 9670.0, "target": 23, "value": 11.443937588046138, "supply": [{"l": "Cassava", "v": 11.443937588046138}]}, {"source": 83, "prod": 371.0, "target": 23, "value": 0.18637883790793491, "supply": [{"l": "Onions", "v": 0.18637883790793491}]}, {"source": 13, "prod": 91.0, "target": 23, "value": 0.37687464968590251, "supply": [{"l": "Pulses, Other", "v": 0.37687464968590251}]}, {"source": 0, "prod": 1.0, "target": 84, "value": 0.0029229097889135309, "supply": [{"l": "Maize", "v": 0.0029229097889135309}]}, {"source": 67, "prod": 301.0, "target": 84, "value": 1.3593085257697342, "supply": [{"l": "Sweeteners, Other", "v": 1.3593085257697342}]}, {"source": 42, "prod": 7.0, "target": 84, "value": 0.021422525928031396, "supply": [{"l": "Wheat", "v": 0.021422525928031396}]}, {"source": 18, "prod": 1.0, "target": 84, "value": 0.00074587764053972504, "supply": [{"l": "Bananas", "v": 0.00074587764053972504}]}, {"source": 5, "prod": 3868.0, "target": 84, "value": 5.6092226331672483, "supply": [{"l": "Coconuts - Incl Copra", "v": 5.6092226331672483}]}, {"source": 57, "prod": 251.0, "target": 84, "value": 1.102240532375224, "supply": [{"l": "Soyabeans", "v": 1.102240532375224}]}, {"source": 10, "prod": 2.0, "target": 84, "value": 0.001230439611173913, "supply": [{"l": "Potatoes", "v": 0.001230439611173913}]}, {"source": 73, "prod": 18.0, "target": 84, "value": 0.0086720390754741489, "supply": [{"l": "Fruits, Other", "v": 0.0086720390754741489}]}, {"source": 48, "prod": 59.0, "target": 84, "value": 0.62613995713612502, "supply": [{"l": "Sesame seed", "v": 0.62613995713612502}]}, {"source": 29, "prod": 1.0, "target": 84, "value": 0.0041163797901090909, "supply": [{"l": "Sugar", "v": 0.0041163797901090909}]}, {"source": 85, "prod": 40.0, "target": 84, "value": 0.21597937716240079, "supply": [{"l": "Cottonseed", "v": 0.21597937716240079}]}, {"source": 86, "prod": 30.0, "target": 84, "value": 0.090297420365244518, "supply": [{"l": "Barley", "v": 0.090297420365244518}]}, {"source": 79, "prod": 5.0, "target": 84, "value": 0.0016517574546887159, "supply": [{"l": "Oranges, Mandarines", "v": 0.0016517574546887159}]}, {"source": 50, "prod": 240.0, "target": 84, "value": 1.5378173555501888, "supply": [{"l": "Groundnuts", "v": 1.5378173555501888}]}, {"source": 87, "prod": 5.0, "target": 84, "value": 0.026997422145300098, "supply": [{"l": "Palm kernels", "v": 0.026997422145300098}]}, {"source": 3, "prod": 248.0, "target": 84, "value": 1.033506840932243, "supply": [{"l": "Rice", "v": 1.033506840932243}]}, {"source": 43, "prod": 1.0, "target": 84, "value": 0.0082829593337560969, "supply": [{"l": "Fats, Animals, Raw", "v": 0.0082829593337560969}]}, {"source": 52, "prod": 290.0, "target": 84, "value": 1.7586497585421432, "supply": [{"l": "Oilcrops, Other", "v": 1.7586497585421432}]}, {"source": 16, "prod": 29364.0, "target": 84, "value": 10.714957234526837, "supply": [{"l": "Sugar cane", "v": 10.714957234526837}]}, {"source": 0, "prod": 143.0, "target": 88, "value": 0.41797609981463496, "supply": [{"l": "Maize", "v": 0.41797609981463496}]}, {"source": 24, "prod": 35.0, "target": 88, "value": 0.74287791524625002, "supply": [{"l": "Ricebran Oil", "v": 0.74287791524625002}]}, {"source": 89, "prod": 88.0, "target": 88, "value": 0.1225607230909206, "supply": [{"l": "Alcohol, Non-Food", "v": 0.1225607230909206}]}, {"source": 73, "prod": 1.0, "target": 88, "value": 0.00048177994863745277, "supply": [{"l": "Fruits, Other", "v": 0.00048177994863745277}]}, {"source": 29, "prod": 19.0, "target": 88, "value": 0.078211216012072746, "supply": [{"l": "Sugar", "v": 0.078211216012072746}]}, {"source": 35, "prod": 10.0, "target": 88, "value": 0.0078909506000948582, "supply": [{"l": "Aquatic Products, Other", "v": 0.0078909506000948582}]}, {"source": 3, "prod": 58.0, "target": 88, "value": 0.24170724505673427, "supply": [{"l": "Rice", "v": 0.24170724505673427}]}, {"source": 40, "prod": 14.0, "target": 88, "value": 0.050715703829311308, "supply": [{"l": "Cloves", "v": 0.050715703829311308}]}, {"source": 43, "prod": 30.0, "target": 88, "value": 0.24848878001268293, "supply": [{"l": "Fats, Animals, Raw", "v": 0.24848878001268293}]}, {"source": 5, "prod": 96.0, "target": 88, "value": 0.13921545314996273, "supply": [{"l": "Coconuts - Incl Copra", "v": 0.13921545314996273}]}, {"source": 48, "prod": 2.0, "target": 88, "value": 0.02122508329275, "supply": [{"l": "Sesame seed", "v": 0.02122508329275}]}, {"source": 8, "prod": 10.0, "target": 88, "value": 0.0072194160859693889, "supply": [{"l": "Marine Fish, Other", "v": 0.0072194160859693889}]}, {"source": 51, "prod": 8.0, "target": 88, "value": 0.0679202665368, "supply": [{"l": "Palm Oil", "v": 0.0679202665368}]}, {"source": 78, "prod": 24.0, "target": 88, "value": 0.0169800666342, "supply": [{"l": "Demersal Fish", "v": 0.0169800666342}]}, {"source": 52, "prod": 2.0, "target": 88, "value": 0.012128619024428572, "supply": [{"l": "Oilcrops, Other", "v": 0.012128619024428572}]}, {"source": 85, "prod": 4.0, "target": 88, "value": 0.021597937716240079, "supply": [{"l": "Cottonseed", "v": 0.021597937716240079}]}, {"source": 54, "prod": 49.0, "target": 88, "value": 0.49821752399748503, "supply": [{"l": "Coconut Oil", "v": 0.49821752399748503}]}, {"source": 12, "prod": 4.0, "target": 88, "value": 0.0036975019471457283, "supply": [{"l": "Milk - Excluding Butter", "v": 0.0036975019471457283}]}, {"source": 14, "prod": 58.0, "target": 88, "value": 0.049662413662477894, "supply": [{"l": "Fish, Seafood", "v": 0.049662413662477894}]}, {"source": 30, "prod": 22.0, "target": 88, "value": 0.21974203879552942, "supply": [{"l": "Oilcrops Oil, Other", "v": 0.21974203879552942}]}, {"source": 16, "prod": 268.0, "target": 88, "value": 0.09779350697633811, "supply": [{"l": "Sugar cane", "v": 0.09779350697633811}]}, {"source": 17, "prod": 24.0, "target": 88, "value": 0.025121194472515068, "supply": [{"l": "Pelagic Fish", "v": 0.025121194472515068}]}, {"source": 90, "prod": 10.0, "target": 88, "value": 0.0078909506000948582, "supply": [{"l": "Aquatic Plants", "v": 0.0078909506000948582}]}, {"source": 81, "prod": 1.0, "target": 88, "value": 0.014150055528500001, "supply": [{"l": "Cottonseed Oil", "v": 0.014150055528500001}]}, {"source": 22, "prod": 571.0, "target": 88, "value": 0.67574853803250723, "supply": [{"l": "Cassava", "v": 0.67574853803250723}]}, {"source": 0, "prod": 143.0, "target": 0, "value": 0.41797609981463496, "supply": [{"l": "Maize", "v": 0.41797609981463496}]}, {"source": 16, "prod": 763.0, "target": 16, "value": 0.27841957396621636, "supply": [{"l": "Sugar cane", "v": 0.27841957396621636}]}, {"source": 7, "prod": 13.0, "target": 7, "value": 0.020158983218684937, "supply": [{"l": "Roots, Other", "v": 0.020158983218684937}]}, {"source": 42, "prod": 2.0, "target": 42, "value": 0.0061207216937232559, "supply": [{"l": "Wheat", "v": 0.0061207216937232559}]}, {"source": 4, "prod": 1.0, "target": 4, "value": 0.0053062708231875, "supply": [{"l": "Cereals, Other", "v": 0.0053062708231875}]}, {"source": 57, "prod": 28.0, "target": 57, "value": 0.12295910321317241, "supply": [{"l": "Soyabeans", "v": 0.12295910321317241}]}, {"source": 10, "prod": 31.0, "target": 10, "value": 0.019071813973195649, "supply": [{"l": "Potatoes", "v": 0.019071813973195649}]}, {"source": 46, "prod": 39.0, "target": 46, "value": 0.072682968153709754, "supply": [{"l": "Eggs", "v": 0.072682968153709754}]}, {"source": 5, "prod": 50.0, "target": 5, "value": 0.072508048515605591, "supply": [{"l": "Coconuts - Incl Copra", "v": 0.072508048515605591}]}, {"source": 47, "prod": 1.0, "target": 47, "value": 0.0039064570477454, "supply": [{"l": "Peas", "v": 0.0039064570477454}]}, {"source": 2, "prod": 8.0, "target": 2, "value": 0.0093442068148022264, "supply": [{"l": "Yams", "v": 0.0093442068148022264}]}, {"source": 20, "prod": 4.0, "target": 20, "value": 0.013956219151397262, "supply": [{"l": "Millet", "v": 0.013956219151397262}]}, {"source": 85, "prod": 7.0, "target": 85, "value": 0.037796391003420138, "supply": [{"l": "Cottonseed", "v": 0.037796391003420138}]}, {"source": 21, "prod": 230.0, "target": 21, "value": 0.26509896059460142, "supply": [{"l": "Sweet potatoes", "v": 0.26509896059460142}]}, {"source": 61, "prod": 38.0, "target": 61, "value": 0.14833161657462068, "supply": [{"l": "Beans", "v": 0.14833161657462068}]}, {"source": 48, "prod": 7.0, "target": 48, "value": 0.074287791524625002, "supply": [{"l": "Sesame seed", "v": 0.074287791524625002}]}, {"source": 50, "prod": 65.0, "target": 50, "value": 0.41649220046150942, "supply": [{"l": "Groundnuts", "v": 0.41649220046150942}]}, {"source": 3, "prod": 1174.0, "target": 3, "value": 4.8924880292518278, "supply": [{"l": "Rice", "v": 4.8924880292518278}]}, {"source": 13, "prod": 14.0, "target": 13, "value": 0.057980715336292683, "supply": [{"l": "Pulses, Other", "v": 0.057980715336292683}]}, {"source": 0, "prod": 131.0, "target": 91, "value": 0.38290118234767256, "supply": [{"l": "Maize", "v": 0.38290118234767256}]}, {"source": 7, "prod": 27.0, "target": 91, "value": 0.041868657454191792, "supply": [{"l": "Roots, Other", "v": 0.041868657454191792}]}, {"source": 26, "prod": 14.0, "target": 91, "value": 0.016508398116583337, "supply": [{"l": "Plantains", "v": 0.016508398116583337}]}, {"source": 27, "prod": 1.0, "target": 91, "value": 0.00265313541159375, "supply": [{"l": "Nuts", "v": 0.00265313541159375}]}, {"source": 2, "prod": 2.0, "target": 91, "value": 0.0023360517037005566, "supply": [{"l": "Yams", "v": 0.0023360517037005566}]}, {"source": 60, "prod": 1.0, "target": 91, "value": 0.0011622222200000001, "supply": [{"l": "Grapefruit", "v": 0.0011622222200000001}]}, {"source": 86, "prod": 1.0, "target": 91, "value": 0.003009914012174817, "supply": [{"l": "Barley", "v": 0.003009914012174817}]}, {"source": 3, "prod": 1930.0, "target": 91, "value": 8.0430169475775362, "supply": [{"l": "Rice", "v": 8.0430169475775362}]}, {"source": 39, "prod": 4.0, "target": 91, "value": 0.00085757912293939393, "supply": [{"l": "Tomatoes", "v": 0.00085757912293939393}]}, {"source": 40, "prod": 1.0, "target": 91, "value": 0.0036225502735222361, "supply": [{"l": "Cloves", "v": 0.0036225502735222361}]}, {"source": 59, "prod": 1.0, "target": 91, "value": 0.0011622222200000001, "supply": [{"l": "Pepper", "v": 0.0011622222200000001}]}, {"source": 42, "prod": 5.0, "target": 91, "value": 0.015301804234308141, "supply": [{"l": "Wheat", "v": 0.015301804234308141}]}, {"source": 5, "prod": 643.0, "target": 91, "value": 0.93245350391068782, "supply": [{"l": "Coconuts - Incl Copra", "v": 0.93245350391068782}]}, {"source": 46, "prod": 27.0, "target": 91, "value": 0.050318977952568289, "supply": [{"l": "Eggs", "v": 0.050318977952568289}]}, {"source": 25, "prod": 573.0, "target": 91, "value": 0.18512599120791015, "supply": [{"l": "Vegetables, Other", "v": 0.18512599120791015}]}, {"source": 48, "prod": 1.0, "target": 91, "value": 0.010612541646375, "supply": [{"l": "Sesame seed", "v": 0.010612541646375}]}, {"source": 85, "prod": 1.0, "target": 91, "value": 0.0053994844290600197, "supply": [{"l": "Cottonseed", "v": 0.0053994844290600197}]}, {"source": 50, "prod": 29.0, "target": 91, "value": 0.18581959712898116, "supply": [{"l": "Groundnuts", "v": 0.18581959712898116}]}, {"source": 51, "prod": 1.0, "target": 91, "value": 0.0084900333171, "supply": [{"l": "Palm Oil", "v": 0.0084900333171}]}, {"source": 52, "prod": 5.0, "target": 91, "value": 0.030321547561071433, "supply": [{"l": "Oilcrops, Other", "v": 0.030321547561071433}]}, {"source": 55, "prod": 1.0, "target": 91, "value": 0.0041617810377941183, "supply": [{"l": "Pigmeat", "v": 0.0041617810377941183}]}, {"source": 57, "prod": 22.0, "target": 91, "value": 0.096610723953206884, "supply": [{"l": "Soyabeans", "v": 0.096610723953206884}]}, {"source": 10, "prod": 12.0, "target": 91, "value": 0.0073826376670434778, "supply": [{"l": "Potatoes", "v": 0.0073826376670434778}]}, {"source": 58, "prod": 3.0, "target": 91, "value": 0.011939109352171875, "supply": [{"l": "Pimento", "v": 0.011939109352171875}]}, {"source": 41, "prod": 6.0, "target": 91, "value": 0.0023154636319363637, "supply": [{"l": "Coffee", "v": 0.0023154636319363637}]}, {"source": 12, "prod": 16.0, "target": 91, "value": 0.014790007788582913, "supply": [{"l": "Milk - Excluding Butter", "v": 0.014790007788582913}]}, {"source": 61, "prod": 40.0, "target": 91, "value": 0.15613854376275862, "supply": [{"l": "Beans", "v": 0.15613854376275862}]}, {"source": 13, "prod": 3.0, "target": 91, "value": 0.012424439000634146, "supply": [{"l": "Pulses, Other", "v": 0.012424439000634146}]}, {"source": 64, "prod": 2.0, "target": 91, "value": 0.00096355989727490553, "supply": [{"l": "Lemons, Limes", "v": 0.00096355989727490553}]}, {"source": 15, "prod": 1.0, "target": 91, "value": 0.0034951484464109278, "supply": [{"l": "Sorghum", "v": 0.0034951484464109278}]}, {"source": 16, "prod": 830.0, "target": 91, "value": 0.30286795071030087, "supply": [{"l": "Sugar cane", "v": 0.30286795071030087}]}, {"source": 68, "prod": 64.0, "target": 91, "value": 0.026810631527684214, "supply": [{"l": "Pineapples", "v": 0.026810631527684214}]}, {"source": 18, "prod": 367.0, "target": 91, "value": 0.27373709407807906, "supply": [{"l": "Bananas", "v": 0.27373709407807906}]}, {"source": 80, "prod": 1.0, "target": 91, "value": 0.0017423575837332093, "supply": [{"l": "Bovine Meat", "v": 0.0017423575837332093}]}, {"source": 73, "prod": 376.0, "target": 91, "value": 0.18114926068768222, "supply": [{"l": "Fruits, Other", "v": 0.18114926068768222}]}, {"source": 20, "prod": 2.0, "target": 91, "value": 0.0069781095756986308, "supply": [{"l": "Millet", "v": 0.0069781095756986308}]}, {"source": 75, "prod": 2.0, "target": 91, "value": 0.0034419053988243241, "supply": [{"l": "Poultry Meat", "v": 0.0034419053988243241}]}, {"source": 21, "prod": 358.0, "target": 91, "value": 0.41263229518637956, "supply": [{"l": "Sweet potatoes", "v": 0.41263229518637956}]}, {"source": 79, "prod": 21.0, "target": 91, "value": 0.006937381309692606, "supply": [{"l": "Oranges, Mandarines", "v": 0.006937381309692606}]}, {"source": 72, "prod": 2.0, "target": 91, "value": 0.0023244444400000001, "supply": [{"l": "Tea", "v": 0.0023244444400000001}]}, {"source": 83, "prod": 28.0, "target": 91, "value": 0.014066327389278106, "supply": [{"l": "Onions", "v": 0.014066327389278106}]}, {"source": 22, "prod": 1491.0, "target": 91, "value": 1.7645202630586132, "supply": [{"l": "Cassava", "v": 1.7645202630586132}]}, {"source": 92, "prod": 5.0, "target": 33, "value": 0.0058111111000000003, "supply": [{"l": "Infant food", "v": 0.0058111111000000003}]}, {"source": 92, "prod": 12.0, "target": 71, "value": 0.03918476915584615, "supply": [{"l": "Spices, Other", "v": 0.03918476915584615}]}, {"source": 92, "prod": 1.0, "target": 59, "value": 0.0011622222200000001, "supply": [{"l": "Pepper", "v": 0.0011622222200000001}]}, {"source": 92, "prod": 7.0, "target": 22, "value": 0.0082841326904160243, "supply": [{"l": "Cassava", "v": 0.0082841326904160243}]}, {"source": 92, "prod": 12.0, "target": 45, "value": 0.031837624939125002, "supply": [{"l": "Treenuts", "v": 0.031837624939125002}]}, {"source": 92, "prod": 8.0, "target": 62, "value": 0.0047496689885874127, "supply": [{"l": "Apples", "v": 0.0047496689885874127}]}, {"source": 92, "prod": 6.0, "target": 72, "value": 0.0069733333200000004, "supply": [{"l": "Tea", "v": 0.0069733333200000004}]}, {"source": 92, "prod": 63.0, "target": 25, "value": 0.020354166572597455, "supply": [{"l": "Vegetables, Other", "v": 0.020354166572597455}]}, {"source": 92, "prod": 1875.0, "target": 3, "value": 7.8138118014030473, "supply": [{"l": "Rice", "v": 7.8138118014030473}]}, {"source": 92, "prod": 969.0, "target": 42, "value": 2.9654896606089176, "supply": [{"l": "Wheat", "v": 2.9654896606089176}]}, {"source": 92, "prod": 2.0, "target": 87, "value": 0.010798968858120039, "supply": [{"l": "Palm kernels", "v": 0.010798968858120039}]}, {"source": 92, "prod": 34.0, "target": 86, "value": 0.10233707641394377, "supply": [{"l": "Barley", "v": 0.10233707641394377}]}, {"source": 92, "prod": 18.0, "target": 41, "value": 0.0069463908958090903, "supply": [{"l": "Coffee", "v": 0.0069463908958090903}]}, {"source": 92, "prod": 4.0, "target": 28, "value": 0.0019271197945498111, "supply": [{"l": "Dates", "v": 0.0019271197945498111}]}, {"source": 92, "prod": 9.0, "target": 40, "value": 0.03260295246170012, "supply": [{"l": "Cloves", "v": 0.03260295246170012}]}, {"source": 92, "prod": 13.0, "target": 4, "value": 0.068981520701437496, "supply": [{"l": "Cereals, Other", "v": 0.068981520701437496}]}, {"source": 92, "prod": 1615.0, "target": 1, "value": 1.5180410891592377, "supply": [{"l": "Pigmeat", "v": 0.0041617810377941183}, {"l": "Meat, Other", "v": 0.0067026578819210543}, {"l": "Crustaceans", "v": 0.016143021095894366}, {"l": "Eggs", "v": 0.014909326800760975}, {"l": "Aquatic Products, Other", "v": 0.00078909506000948574}, {"l": "Marine Fish, Other", "v": 0.03104348916966837}, {"l": "Mutton & Goat Meat", "v": 0.0020214365040714288}, {"l": "Freshwater Fish", "v": 0.0054336213229439993}, {"l": "Milk - Excluding Butter", "v": 0.85874482722459544}, {"l": "Fish, Seafood", "v": 0.27828076621216064}, {"l": "Cephalopods", "v": 0.023244444400000001}, {"l": "Pelagic Fish", "v": 0.23341776530711919}, {"l": "Molluscs, Other", "v": 0.0092977777600000006}, {"l": "Aquatic Animals, Others", "v": 0.00078909506000948574}, {"l": "Poultry Meat", "v": 0.0034419053988243241}, {"l": "Bovine Meat", "v": 0.029620078923464556}]}, {"source": 92, "prod": 5.0, "target": 58, "value": 0.019898515586953127, "supply": [{"l": "Pimento", "v": 0.019898515586953127}]}, {"source": 92, "prod": 12.0, "target": 27, "value": 0.031837624939125002, "supply": [{"l": "Nuts", "v": 0.031837624939125002}]}, {"source": 92, "prod": 5.0, "target": 47, "value": 0.019532285238726996, "supply": [{"l": "Peas", "v": 0.019532285238726996}]}, {"source": 92, "prod": 4.0, "target": 52, "value": 0.024257238048857144, "supply": [{"l": "Oilcrops, Other", "v": 0.024257238048857144}]}, {"source": 92, "prod": 4.0, "target": 56, "value": 0.010612541646375, "supply": [{"l": "Cocoa Beans", "v": 0.010612541646375}]}, {"source": 92, "prod": 10.0, "target": 79, "value": 0.0033035149093774319, "supply": [{"l": "Oranges, Mandarines", "v": 0.0033035149093774319}]}, {"source": 92, "prod": 28.0, "target": 10, "value": 0.017226154556434784, "supply": [{"l": "Potatoes", "v": 0.017226154556434784}]}, {"source": 92, "prod": 34.0, "target": 83, "value": 0.017080540401266272, "supply": [{"l": "Onions", "v": 0.017080540401266272}]}, {"source": 92, "prod": 6.0, "target": 49, "value": 0.0047756437408687505, "supply": [{"l": "Grapes", "v": 0.0047756437408687505}]}, {"source": 92, "prod": 481.0, "target": 84, "value": 2.1802329004604291, "supply": [{"l": "Sugar", "v": 1.4242674073777453}, {"l": "Beer", "v": 0.015109381327042376}, {"l": "Groundnut Oil", "v": 0.051979795818979602}, {"l": "Beverages, Alcoholic", "v": 0.0072771714146571435}, {"l": "Fats, Animals, Raw", "v": 0.31475245468273166}, {"l": "Butter, Ghee", "v": 0.025773315426910717}, {"l": "Palm Oil", "v": 0.093390366488100007}, {"l": "Coconut Oil", "v": 0.091509341142395229}, {"l": "Oilcrops Oil, Other", "v": 0.069917921434941188}, {"l": "Wine", "v": 0.0027854709793391046}, {"l": "Sweeteners, Other", "v": 0.058707677192712769}, {"l": "Cottonseed Oil", "v": 0.014150055528500001}, {"l": "Palmkernel Oil", "v": 0.010612541646375}]}, {"source": 92, "prod": 21.0, "target": 57, "value": 0.092219327409879315, "supply": [{"l": "Soyabeans", "v": 0.092219327409879315}]}, {"source": 92, "prod": 15.0, "target": 61, "value": 0.058551953911034488, "supply": [{"l": "Beans", "v": 0.058551953911034488}]}, {"source": 92, "prod": 74.0, "target": 0, "value": 0.21629532437960131, "supply": [{"l": "Maize", "v": 0.21629532437960131}]}, {"source": 92, "prod": 34.0, "target": 73, "value": 0.016380518253673391, "supply": [{"l": "Fruits, Other", "v": 0.016380518253673391}]}, {"source": 92, "prod": 13.0, "target": 50, "value": 0.08329844009230189, "supply": [{"l": "Groundnuts", "v": 0.08329844009230189}]}, {"source": 92, "prod": 521.0, "target": 5, "value": 0.75553386553261037, "supply": [{"l": "Coconuts - Incl Copra", "v": 0.75553386553261037}]}, {"source": 92, "prod": 2.0, "target": 9, "value": 0.0072277271409432534, "supply": [{"l": "Oats", "v": 0.0072277271409432534}]}, {"source": 92, "prod": 16.0, "target": 13, "value": 0.066263674670048775, "supply": [{"l": "Pulses, Other", "v": 0.066263674670048775}]}, {"source": 0, "prod": 713.0, "target": 93, "value": 2.0840346794953479, "supply": [{"l": "Maize", "v": 2.0840346794953479}]}, {"source": 25, "prod": 31.0, "target": 93, "value": 0.010015542281754304, "supply": [{"l": "Vegetables, Other", "v": 0.010015542281754304}]}, {"source": 27, "prod": 25.0, "target": 93, "value": 0.06632838528984375, "supply": [{"l": "Nuts", "v": 0.06632838528984375}]}, {"source": 29, "prod": 1118.0, "target": 93, "value": 4.6021126053419632, "supply": [{"l": "Sugar", "v": 4.6021126053419632}]}, {"source": 32, "prod": 2.0, "target": 93, "value": 0.00071949434890677965, "supply": [{"l": "Beer", "v": 0.00071949434890677965}]}, {"source": 77, "prod": 5.0, "target": 93, "value": 0.051979795818979602, "supply": [{"l": "Groundnut Oil", "v": 0.051979795818979602}]}, {"source": 37, "prod": 5.0, "target": 93, "value": 0.020581898950545456, "supply": [{"l": "Sugar non-centrifugal", "v": 0.020581898950545456}]}, {"source": 59, "prod": 32.0, "target": 93, "value": 0.037191111040000002, "supply": [{"l": "Pepper", "v": 0.037191111040000002}]}, {"source": 3, "prod": 3730.0, "target": 93, "value": 15.544276276924464, "supply": [{"l": "Rice", "v": 15.544276276924464}]}, {"source": 42, "prod": 19.0, "target": 93, "value": 0.05814685609037093, "supply": [{"l": "Wheat", "v": 0.05814685609037093}]}, {"source": 5, "prod": 6086.0, "target": 93, "value": 8.8256796653195124, "supply": [{"l": "Coconuts - Incl Copra", "v": 8.8256796653195124}]}, {"source": 45, "prod": 26.0, "target": 93, "value": 0.068981520701437496, "supply": [{"l": "Treenuts", "v": 0.068981520701437496}]}, {"source": 6, "prod": 18.0, "target": 93, "value": 0.010762014063929577, "supply": [{"l": "Crustaceans", "v": 0.010762014063929577}]}, {"source": 46, "prod": 18.0, "target": 93, "value": 0.03354598530171219, "supply": [{"l": "Eggs", "v": 0.03354598530171219}]}, {"source": 7, "prod": 101.0, "target": 93, "value": 0.15661979269901372, "supply": [{"l": "Roots, Other", "v": 0.15661979269901372}]}, {"source": 47, "prod": 1.0, "target": 93, "value": 0.0039064570477454, "supply": [{"l": "Peas", "v": 0.0039064570477454}]}, {"source": 48, "prod": 12.0, "target": 93, "value": 0.12735049975650001, "supply": [{"l": "Sesame seed", "v": 0.12735049975650001}]}, {"source": 57, "prod": 10.0, "target": 93, "value": 0.043913965433275859, "supply": [{"l": "Soyabeans", "v": 0.043913965433275859}]}, {"source": 8, "prod": 1.0, "target": 93, "value": 0.00072194160859693883, "supply": [{"l": "Marine Fish, Other", "v": 0.00072194160859693883}]}, {"source": 50, "prod": 19.0, "target": 93, "value": 0.12174387398105661, "supply": [{"l": "Groundnuts", "v": 0.12174387398105661}]}, {"source": 51, "prod": 213.0, "target": 93, "value": 1.8083770965423001, "supply": [{"l": "Palm Oil", "v": 1.8083770965423001}]}, {"source": 52, "prod": 69.0, "target": 93, "value": 0.41843735634278578, "supply": [{"l": "Oilcrops, Other", "v": 0.41843735634278578}]}, {"source": 54, "prod": 123.0, "target": 93, "value": 1.2506276622794013, "supply": [{"l": "Coconut Oil", "v": 1.2506276622794013}]}, {"source": 85, "prod": 10.0, "target": 93, "value": 0.053994844290600197, "supply": [{"l": "Cottonseed", "v": 0.053994844290600197}]}, {"source": 10, "prod": 6.0, "target": 93, "value": 0.0036913188335217389, "supply": [{"l": "Potatoes", "v": 0.0036913188335217389}]}, {"source": 11, "prod": 16.0, "target": 93, "value": 0.014489656861183999, "supply": [{"l": "Freshwater Fish", "v": 0.014489656861183999}]}, {"source": 58, "prod": 9.0, "target": 93, "value": 0.035817328056515628, "supply": [{"l": "Pimento", "v": 0.035817328056515628}]}, {"source": 41, "prod": 72.0, "target": 93, "value": 0.027785563583236361, "supply": [{"l": "Coffee", "v": 0.027785563583236361}]}, {"source": 12, "prod": 4.0, "target": 93, "value": 0.0036975019471457283, "supply": [{"l": "Milk - Excluding Butter", "v": 0.0036975019471457283}]}, {"source": 68, "prod": 153.0, "target": 93, "value": 0.064094165995870075, "supply": [{"l": "Pineapples", "v": 0.064094165995870075}]}, {"source": 61, "prod": 113.0, "target": 93, "value": 0.44109138612979309, "supply": [{"l": "Beans", "v": 0.44109138612979309}]}, {"source": 13, "prod": 31.0, "target": 93, "value": 0.12838586967321952, "supply": [{"l": "Pulses, Other", "v": 0.12838586967321952}]}, {"source": 14, "prod": 84.0, "target": 93, "value": 0.071924874959450755, "supply": [{"l": "Fish, Seafood", "v": 0.071924874959450755}]}, {"source": 30, "prod": 1.0, "target": 93, "value": 0.009988274490705884, "supply": [{"l": "Oilcrops Oil, Other", "v": 0.009988274490705884}]}, {"source": 17, "prod": 46.0, "target": 93, "value": 0.048148956072320545, "supply": [{"l": "Pelagic Fish", "v": 0.048148956072320545}]}, {"source": 18, "prod": 26.0, "target": 93, "value": 0.019392818654032851, "supply": [{"l": "Bananas", "v": 0.019392818654032851}]}, {"source": 71, "prod": 15.0, "target": 93, "value": 0.048980961444807694, "supply": [{"l": "Spices, Other", "v": 0.048980961444807694}]}, {"source": 72, "prod": 37.0, "target": 93, "value": 0.043002222140000004, "supply": [{"l": "Tea", "v": 0.043002222140000004}]}, {"source": 73, "prod": 44.0, "target": 93, "value": 0.021198317740047923, "supply": [{"l": "Fruits, Other", "v": 0.021198317740047923}]}, {"source": 19, "prod": 3.0, "target": 93, "value": 0.0034866666600000002, "supply": [{"l": "Molluscs, Other", "v": 0.0034866666600000002}]}, {"source": 21, "prod": 1.0, "target": 93, "value": 0.001152604176498267, "supply": [{"l": "Sweet potatoes", "v": 0.001152604176498267}]}, {"source": 60, "prod": 1.0, "target": 93, "value": 0.0011622222200000001, "supply": [{"l": "Grapefruit", "v": 0.0011622222200000001}]}, {"source": 79, "prod": 1.0, "target": 93, "value": 0.0003303514909377432, "supply": [{"l": "Oranges, Mandarines", "v": 0.0003303514909377432}]}, {"source": 87, "prod": 54.0, "target": 93, "value": 0.29157215916924106, "supply": [{"l": "Palm kernels", "v": 0.29157215916924106}]}, {"source": 83, "prod": 1.0, "target": 93, "value": 0.00050236883533136094, "supply": [{"l": "Onions", "v": 0.00050236883533136094}]}, {"source": 22, "prod": 1307.0, "target": 93, "value": 1.5467659180533924, "supply": [{"l": "Cassava", "v": 1.5467659180533924}]}, {"source": 22, "prod": 410.0, "target": 94, "value": 0.48521348615293858, "supply": [{"l": "Cassava", "v": 0.48521348615293858}]}, {"source": 3, "prod": 613.0, "target": 94, "value": 2.5545955382720367, "supply": [{"l": "Rice", "v": 2.5545955382720367}]}, {"source": 87, "prod": 2.0, "target": 94, "value": 0.010798968858120039, "supply": [{"l": "Palm kernels", "v": 0.010798968858120039}]}, {"source": 51, "prod": 9.0, "target": 94, "value": 0.076410299853900007, "supply": [{"l": "Palm Oil", "v": 0.076410299853900007}]}, {"source": 85, "prod": 12.0, "target": 94, "value": 0.064793813148720236, "supply": [{"l": "Cottonseed", "v": 0.064793813148720236}]}, {"source": 0, "prod": 36.0, "target": 94, "value": 0.10522475240088712, "supply": [{"l": "Maize", "v": 0.10522475240088712}]}, {"source": 29, "prod": 2.0, "target": 94, "value": 0.0082327595802181817, "supply": [{"l": "Sugar", "v": 0.0082327595802181817}]}, {"source": 95, "prod": 10.0, "target": 59, "value": 0.011622222200000001, "supply": [{"l": "Pepper", "v": 0.011622222200000001}]}, {"source": 86, "prod": 3.0, "target": 94, "value": 0.0090297420365244505, "supply": [{"l": "Barley", "v": 0.0090297420365244505}]}, {"source": 73, "prod": 16.0, "target": 94, "value": 0.0077084791781992443, "supply": [{"l": "Fruits, Other", "v": 0.0077084791781992443}]}, {"source": 95, "prod": 1.0, "target": 52, "value": 0.0060643095122142861, "supply": [{"l": "Oilcrops, Other", "v": 0.0060643095122142861}]}, {"source": 95, "prod": 91.0, "target": 84, "value": 0.92570595307032721, "supply": [{"l": "Coconut Oil", "v": 0.91509341142395217}, {"l": "Palmkernel Oil", "v": 0.010612541646375}]}, {"source": 71, "prod": 1.0, "target": 94, "value": 0.0032653974296538461, "supply": [{"l": "Spices, Other", "v": 0.0032653974296538461}]}, {"source": 5, "prod": 40.0, "target": 94, "value": 0.058006438812484476, "supply": [{"l": "Coconuts - Incl Copra", "v": 0.058006438812484476}]}, {"source": 1, "prod": 327.0, "target": 75, "value": 0.562751532707777, "supply": [{"l": "Poultry Meat", "v": 0.562751532707777}]}, {"source": 1, "prod": 784.0, "target": 55, "value": 3.2628363336305894, "supply": [{"l": "Pigmeat", "v": 3.2628363336305894}]}, {"source": 1, "prod": 923.0, "target": 17, "value": 0.96611927075547543, "supply": [{"l": "Pelagic Fish", "v": 0.96611927075547543}]}, {"source": 1, "prod": 175.0, "target": 6, "value": 0.10463069228820421, "supply": [{"l": "Crustaceans", "v": 0.10463069228820421}]}, {"source": 1, "prod": 839.0, "target": 11, "value": 0.75980138165833577, "supply": [{"l": "Freshwater Fish", "v": 0.75980138165833577}]}, {"source": 1, "prod": 139.0, "target": 19, "value": 0.16154888858000002, "supply": [{"l": "Molluscs, Other", "v": 0.16154888858000002}]}, {"source": 1, "prod": 5.0, "target": 74, "value": 0.0039454753000474291, "supply": [{"l": "Aquatic Animals, Others", "v": 0.0039454753000474291}]}, {"source": 1, "prod": 33.0, "target": 65, "value": 0.038353333260000004, "supply": [{"l": "Cephalopods", "v": 0.038353333260000004}]}, {"source": 1, "prod": 1336.0, "target": 12, "value": 1.234965650346673, "supply": [{"l": "Milk - Excluding Butter", "v": 1.234965650346673}]}, {"source": 1, "prod": 178.0, "target": 76, "value": 0.18657110252392595, "supply": [{"l": "Offals, Edible", "v": 0.18657110252392595}]}, {"source": 1, "prod": 10.0, "target": 90, "value": 0.0078909506000948582, "supply": [{"l": "Aquatic Plants", "v": 0.0078909506000948582}]}, {"source": 1, "prod": 708.0, "target": 8, "value": 0.51113465888663279, "supply": [{"l": "Marine Fish, Other", "v": 0.51113465888663279}]}, {"source": 1, "prod": 15.0, "target": 35, "value": 0.011836425900142288, "supply": [{"l": "Aquatic Products, Other", "v": 0.011836425900142288}]}, {"source": 1, "prod": 3103.0, "target": 14, "value": 2.656939130942567, "supply": [{"l": "Fish, Seafood", "v": 2.656939130942567}]}, {"source": 1, "prod": 588.0, "target": 80, "value": 1.0245062592351268, "supply": [{"l": "Bovine Meat", "v": 1.0245062592351268}]}, {"source": 1, "prod": 286.0, "target": 78, "value": 0.20234579405754999, "supply": [{"l": "Demersal Fish", "v": 0.20234579405754999}]}, {"source": 1, "prod": 41.0, "target": 63, "value": 0.091602991052921065, "supply": [{"l": "Meat, Other", "v": 0.091602991052921065}]}, {"source": 1, "prod": 495.0, "target": 46, "value": 0.92251459579708528, "supply": [{"l": "Eggs", "v": 0.99519756395079506}]}, {"source": 1, "prod": 45.0, "target": 66, "value": 0.090964642683214303, "supply": [{"l": "Mutton & Goat Meat", "v": 0.090964642683214303}]}, {"source": 84, "prod": 88.0, "target": 89, "value": 0.1225607230909206, "supply": [{"l": "Alcohol, Non-Food", "v": 0.1225607230909206}]}, {"source": 84, "prod": 122.0, "target": 43, "value": 1.0105210387182439, "supply": [{"l": "Fats, Animals, Raw", "v": 1.0105210387182439}]}, {"source": 84, "prod": 38.0, "target": 24, "value": 0.80655316512450004, "supply": [{"l": "Ricebran Oil", "v": 0.80655316512450004}]}, {"source": 84, "prod": 26.0, "target": 36, "value": 0.27592608280574998, "supply": [{"l": "Sesameseed Oil", "v": 0.27592608280574998}]}, {"source": 84, "prod": 1.0, "target": 69, "value": 0.0013927354896695523, "supply": [{"l": "Beverages, Fermented", "v": 0.0013927354896695523}]}, {"source": 84, "prod": 46.0, "target": 44, "value": 0.46493039593642871, "supply": [{"l": "Soyabean Oil", "v": 0.46493039593642871}]}, {"source": 84, "prod": 8.0, "target": 81, "value": 0.11320044422800002, "supply": [{"l": "Cottonseed Oil", "v": 0.11320044422800002}]}, {"source": 84, "prod": 537.0, "target": 54, "value": 5.4600573548295817, "supply": [{"l": "Coconut Oil", "v": 5.4600573548295817}]}, {"source": 84, "prod": 609.0, "target": 67, "value": 2.7502288777201596, "supply": [{"l": "Sweeteners, Other", "v": 2.7502288777201596}]}, {"source": 84, "prod": 2612.0, "target": 29, "value": 10.751984011764947, "supply": [{"l": "Sugar", "v": 10.751984011764947}]}, {"source": 84, "prod": 3.0, "target": 31, "value": 0.034731954479045458, "supply": [{"l": "Maize Germ Oil", "v": 0.034731954479045458}]}, {"source": 84, "prod": 261.0, "target": 32, "value": 0.093894012532334745, "supply": [{"l": "Beer", "v": 0.093894012532334745}]}, {"source": 84, "prod": 113.0, "target": 77, "value": 1.1747433855089389, "supply": [{"l": "Groundnut Oil", "v": 1.1747433855089389}]}, {"source": 84, "prod": 76.0, "target": 34, "value": 0.18435500917131431, "supply": [{"l": "Beverages, Alcoholic", "v": 0.18435500917131431}]}, {"source": 84, "prod": 253.0, "target": 51, "value": 2.1479784292263, "supply": [{"l": "Palm Oil", "v": 2.1479784292263}]}, {"source": 84, "prod": 4.0, "target": 82, "value": 0.0424501665855, "supply": [{"l": "Palmkernel Oil", "v": 0.0424501665855}]}, {"source": 84, "prod": 27.0, "target": 30, "value": 0.26968341124905887, "supply": [{"l": "Oilcrops Oil, Other", "v": 0.26968341124905887}]}, {"source": 84, "prod": 368.0, "target": 37, "value": 1.5148277627601456, "supply": [{"l": "Sugar non-centrifugal", "v": 1.5148277627601456}]}, {"source": 84, "prod": 5.0, "target": 38, "value": 0.04295552571151786, "supply": [{"l": "Butter, Ghee", "v": 0.04295552571151786}]}, {"source": 84, "prod": 2.0, "target": 53, "value": 0.0027854709793391046, "supply": [{"l": "Wine", "v": 0.0027854709793391046}]}, {"source": 96, "prod": 967.99999999999989, "target": 84, "value": 4.1091761254763997, "supply": [{"l": "Oil Palm", "v": 4.1091761254763997}]}, {"source": 97, "prod": 0, "target": 0, "value": 1.6131133323243022e-05, "supply": "[{\"l\":'Energy for power irrigation',\"v\":1.6131133323243022e-05}]"}, {"source": 97, "prod": 0, "target": 25, "value": 2.4447236171573846e-05, "supply": "[{\"l\":'Energy for power irrigation',\"v\":2.4447236171573846e-05}]"}, {"source": 97, "prod": 0, "target": 26, "value": 3.125332769797532e-07, "supply": "[{\"l\":'Energy for power irrigation',\"v\":3.125332769797532e-07}]"}, {"source": 97, "prod": 0, "target": 27, "value": 1.8853909643887286e-07, "supply": "[{\"l\":'Energy for power irrigation',\"v\":1.8853909643887286e-07}]"}, {"source": 97, "prod": 0, "target": 2, "value": 1.1889852928577567e-07, "supply": "[{\"l\":'Energy for power irrigation',\"v\":1.1889852928577567e-07}]"}, {"source": 97, "prod": 0, "target": 70, "value": 1.5286953765314016e-08, "supply": "[{\"l\":'Energy for power irrigation',\"v\":1.5286953765314016e-08}]"}, {"source": 97, "prod": 0, "target": 60, "value": 1.8004634434703173e-07, "supply": "[{\"l\":'Energy for power irrigation',\"v\":1.8004634434703173e-07}]"}, {"source": 97, "prod": 0, "target": 3, "value": 0.0001074367110626269, "supply": "[{\"l\":'Energy for power irrigation',\"v\":0.0001074367110626269}]"}, {"source": 97, "prod": 0, "target": 39, "value": 2.4459126024502425e-07, "supply": "[{\"l\":'Energy for power irrigation',\"v\":2.4459126024502425e-07}]"}, {"source": 97, "prod": 0, "target": 40, "value": 3.9066659622469149e-08, "supply": "[{\"l\":'Energy for power irrigation',\"v\":3.9066659622469149e-08}]"}, {"source": 97, "prod": 0, "target": 4, "value": 4.416231087757382e-08, "supply": "[{\"l\":'Energy for power irrigation',\"v\":4.416231087757382e-08}]"}, {"source": 97, "prod": 0, "target": 41, "value": 5.2315352885741292e-07, "supply": "[{\"l\":'Energy for power irrigation',\"v\":5.2315352885741292e-07}]"}, {"source": 97, "prod": 0, "target": 42, "value": 1.669675061255964e-06, "supply": "[{\"l\":'Energy for power irrigation',\"v\":1.669675061255964e-06}]"}, {"source": 97, "prod": 0, "target": 5, "value": 4.5388664279635679e-05, "supply": "[{\"l\":'Energy for power irrigation',\"v\":4.5388664279635679e-05}]"}, {"source": 97, "prod": 0, "target": 45, "value": 1.9023764685724107e-07, "supply": "[{\"l\":'Energy for power irrigation',\"v\":1.9023764685724107e-07}]"}, {"source": 97, "prod": 0, "target": 7, "value": 4.0408514452980045e-06, "supply": "[{\"l\":'Energy for power irrigation',\"v\":4.0408514452980045e-06}]"}, {"source": 97, "prod": 0, "target": 47, "value": 2.8875357112259808e-08, "supply": "[{\"l\":'Energy for power irrigation',\"v\":2.8875357112259808e-08}]"}, {"source": 97, "prod": 0, "target": 48, "value": 3.0234197446954383e-07, "supply": "[{\"l\":'Energy for power irrigation',\"v\":3.0234197446954383e-07}]"}, {"source": 97, "prod": 0, "target": 85, "value": 2.4968691150012894e-07, "supply": "[{\"l\":'Energy for power irrigation',\"v\":2.4968691150012894e-07}]"}, {"source": 97, "prod": 0, "target": 49, "value": 1.358840334694579e-08, "supply": "[{\"l\":'Energy for power irrigation',\"v\":1.358840334694579e-08}]"}, {"source": 97, "prod": 0, "target": 50, "value": 2.3609850815318311e-06, "supply": "[{\"l\":'Energy for power irrigation',\"v\":2.3609850815318311e-06}]"}, {"source": 97, "prod": 0, "target": 96, "value": 1.6441968049804405e-06, "supply": "[{\"l\":'Energy for power irrigation',\"v\":1.6441968049804405e-06}]"}, {"source": 97, "prod": 0, "target": 52, "value": 1.2399418054088034e-06, "supply": "[{\"l\":'Energy for power irrigation',\"v\":1.2399418054088034e-06}]"}, {"source": 97, "prod": 0, "target": 56, "value": 2.208115543878691e-08, "supply": "[{\"l\":'Energy for power irrigation',\"v\":2.208115543878691e-08}]"}, {"source": 97, "prod": 0, "target": 57, "value": 1.669675061255964e-06, "supply": "[{\"l\":'Energy for power irrigation',\"v\":1.669675061255964e-06}]"}, {"source": 97, "prod": 0, "target": 10, "value": 6.420520581431886e-07, "supply": "[{\"l\":'Energy for power irrigation',\"v\":6.420520581431886e-07}]"}, {"source": 97, "prod": 0, "target": 58, "value": 2.7006951652054762e-07, "supply": "[{\"l\":'Energy for power irrigation',\"v\":2.7006951652054762e-07}]"}, {"source": 97, "prod": 0, "target": 59, "value": 1.2739128137761678e-07, "supply": "[{\"l\":'Energy for power irrigation',\"v\":1.2739128137761678e-07}]"}, {"source": 97, "prod": 0, "target": 61, "value": 1.9210605231744614e-06, "supply": "[{\"l\":'Energy for power irrigation',\"v\":1.9210605231744614e-06}]"}, {"source": 97, "prod": 0, "target": 13, "value": 5.2824918011251761e-07, "supply": "[{\"l\":'Energy for power irrigation',\"v\":5.2824918011251761e-07}]"}, {"source": 97, "prod": 0, "target": 64, "value": 1.1210432761230277e-07, "supply": "[{\"l\":'Energy for power irrigation',\"v\":1.1210432761230277e-07}]"}, {"source": 97, "prod": 0, "target": 15, "value": 6.7942016734728957e-08, "supply": "[{\"l\":'Energy for power irrigation',\"v\":6.7942016734728957e-08}]"}, {"source": 97, "prod": 0, "target": 16, "value": 0.00011171705811691482, "supply": "[{\"l\":'Energy for power irrigation',\"v\":0.00011171705811691482}]"}, {"source": 97, "prod": 0, "target": 68, "value": 3.0030371396750196e-06, "supply": "[{\"l\":'Energy for power irrigation',\"v\":3.0030371396750196e-06}]"}, {"source": 97, "prod": 0, "target": 18, "value": 1.1432942866036514e-05, "supply": "[{\"l\":'Energy for power irrigation',\"v\":1.1432942866036514e-05}]"}, {"source": 97, "prod": 0, "target": 71, "value": 1.3248693263272147e-07, "supply": "[{\"l\":'Energy for power irrigation',\"v\":1.3248693263272147e-07}]"}, {"source": 97, "prod": 0, "target": 72, "value": 3.2272457948996251e-07, "supply": "[{\"l\":'Energy for power irrigation',\"v\":3.2272457948996251e-07}]"}, {"source": 97, "prod": 0, "target": 73, "value": 1.9200413929234404e-05, "supply": "[{\"l\":'Energy for power irrigation',\"v\":1.9200413929234404e-05}]"}, {"source": 97, "prod": 0, "target": 20, "value": 1.1889852928577567e-07, "supply": "[{\"l\":'Energy for power irrigation',\"v\":1.1889852928577567e-07}]"}, {"source": 97, "prod": 0, "target": 21, "value": 1.5572310235599877e-05, "supply": "[{\"l\":'Energy for power irrigation',\"v\":1.5572310235599877e-05}]"}, {"source": 97, "prod": 0, "target": 98, "value": 1.6985504183682238e-09, "supply": "[{\"l\":'Energy for power irrigation',\"v\":1.6985504183682238e-09}]"}, {"source": 97, "prod": 0, "target": 79, "value": 1.9873039894908217e-06, "supply": "[{\"l\":'Energy for power irrigation',\"v\":1.9873039894908217e-06}]"}, {"source": 97, "prod": 0, "target": 87, "value": 2.0382605020418686e-07, "supply": "[{\"l\":'Energy for power irrigation',\"v\":2.0382605020418686e-07}]"}, {"source": 97, "prod": 0, "target": 83, "value": 1.3010896204700594e-06, "supply": "[{\"l\":'Energy for power irrigation',\"v\":1.3010896204700594e-06}]"}, {"source": 97, "prod": 0, "target": 22, "value": 4.9521237447525566e-05, "supply": "[{\"l\":'Energy for power irrigation',\"v\":4.9521237447525566e-05}]"}, {"source": 97, "prod": 0, "target": 84, "value": 0.95233333409519993, "supply": "[{\"l\":'Electricity',\"v\":0.95233333409519993}]"}, {"source": 99, "prod": 0, "target": 97, "value": 1.8144357020188873, "supply": [{"l": "Coal", "v": 0.93399251786603599}, {"l": "Natural gas", "v": 0.29426121312446268}, {"l": "Oil", "v": 0.58618197102838865}]}, {"source": 100, "prod": 0, "target": 97, "value": 0.25295374921706676, "supply": [{"l": "Nuclear", "v": 0.028881095659286156}, {"l": "Hydroelectric", "v": 0.22119510416489269}, {"l": "Renewable", "v": 0.0028775493928879081}]}, {"source": 99, "prod": 0, "target": 0, "value": 0.37600673642481436, "supply": [{"l": "Motor Gasoline", "v": 0.029922671353032091}, {"l": "Gas-Diesel oil", "v": 0.33333545807781867}, {"l": "Fuel oil", "v": 0.0018380784564278479}, {"l": "Liquefied petroleum gas (LPG)", "v": 0.0031452420197861891}, {"l": "Coal", "v": 0.0077652865177496354}]}, {"source": 99, "prod": 0, "target": 25, "value": 0.56984994812702461, "supply": [{"l": "Motor Gasoline", "v": 0.045348742632851526}, {"l": "Gas-Diesel oil", "v": 0.50518029357839789}, {"l": "Fuel oil", "v": 0.002785665286234181}, {"l": "Liquefied petroleum gas (LPG)", "v": 0.004766712476653957}, {"l": "Coal", "v": 0.011768534152887282}]}, {"source": 99, "prod": 0, "target": 26, "value": 0.0072849573025340463, "supply": [{"l": "Motor Gasoline", "v": 0.00057973797293439037}, {"l": "Gas-Diesel oil", "v": 0.0064582209420152295}, {"l": "Fuel oil", "v": 3.5611923342394861e-05}, {"l": "Liquefied petroleum gas (LPG)", "v": 6.093761520908275e-05}, {"l": "Coal", "v": 0.00015044884903295071}]}, {"source": 99, "prod": 0, "target": 27, "value": 0.00439472967707217, "supply": [{"l": "Motor Gasoline", "v": 0.00034973323367237682}, {"l": "Gas-Diesel oil", "v": 0.0038959919813244051}, {"l": "Fuel oil", "v": 2.1483279842422988e-05}, {"l": "Liquefied petroleum gas (LPG)", "v": 3.6761278740261879e-05}, {"l": "Coal", "v": 9.0759903492703968e-05}]}, {"source": 99, "prod": 0, "target": 2, "value": 0.0027714511477031699, "supply": [{"l": "Motor Gasoline", "v": 0.00022055248970330067}, {"l": "Gas-Diesel oil", "v": 0.0024569318801144894}, {"l": "Fuel oil", "v": 1.3548014315041522e-05}, {"l": "Liquefied petroleum gas (LPG)", "v": 2.3182788394759741e-05}, {"l": "Coal", "v": 5.7235975175579071e-05}]}, {"source": 99, "prod": 0, "target": 70, "value": 0.00035632943327612186, "supply": [{"l": "Motor Gasoline", "v": 2.835674867613866e-05}, {"l": "Gas-Diesel oil", "v": 0.00031589124172900579}, {"l": "Fuel oil", "v": 1.7418875547910531e-06}, {"l": "Liquefied petroleum gas (LPG)", "v": 2.9806442221833953e-06}, {"l": "Coal", "v": 7.3589110940030245e-06}]}, {"source": 99, "prod": 0, "target": 60, "value": 0.0041967688808076577, "supply": [{"l": "Motor Gasoline", "v": 0.00033397948440785534}, {"l": "Gas-Diesel oil", "v": 0.0037204968470305128}, {"l": "Fuel oil", "v": 2.0515564534205738e-05}, {"l": "Liquefied petroleum gas (LPG)", "v": 3.5105365283493324e-05}, {"l": "Coal", "v": 8.667161955159118e-05}]}, {"source": 99, "prod": 0, "target": 3, "value": 2.5042832570645843, "supply": [{"l": "Motor Gasoline", "v": 0.19929122969590252}, {"l": "Gas-Diesel oil", "v": 2.2200836468714527}, {"l": "Fuel oil", "v": 0.012241985735071521}, {"l": "Liquefied petroleum gas (LPG)", "v": 0.020947967593504903}, {"l": "Coal", "v": 0.051718427168653255}]}, {"source": 99, "prod": 0, "target": 39, "value": 0.0057012709324179497, "supply": [{"l": "Motor Gasoline", "v": 0.00045370797881821856}, {"l": "Gas-Diesel oil", "v": 0.0050542598676640927}, {"l": "Fuel oil", "v": 2.787020087665685e-05}, {"l": "Liquefied petroleum gas (LPG)", "v": 4.7690307554934325e-05}, {"l": "Coal", "v": 0.00011774257750404839}]}, {"source": 99, "prod": 0, "target": 40, "value": 0.00091061966281675579, "supply": [{"l": "Motor Gasoline", "v": 7.2467246616798796e-05}, {"l": "Gas-Diesel oil", "v": 0.00080727761775190368}, {"l": "Fuel oil", "v": 4.4514904177993576e-06}, {"l": "Liquefied petroleum gas (LPG)", "v": 7.6172019011353437e-06}, {"l": "Coal", "v": 1.8806106129118839e-05}]}, {"source": 99, "prod": 0, "target": 4, "value": 0.0010293961405754631, "supply": [{"l": "Motor Gasoline", "v": 8.1919496175511674e-05}, {"l": "Gas-Diesel oil", "v": 0.00091257469832823897}, {"l": "Fuel oil", "v": 5.032119602729709e-06}, {"l": "Liquefied petroleum gas (LPG)", "v": 8.6107499751964753e-06}, {"l": "Coal", "v": 2.1259076493786515e-05}]}, {"source": 99, "prod": 0, "target": 41, "value": 0.012194385049893949, "supply": [{"l": "Motor Gasoline", "v": 0.00097043095469452297}, {"l": "Gas-Diesel oil", "v": 0.010810500272503755}, {"l": "Fuel oil", "v": 5.9611262986182706e-05}, {"l": "Liquefied petroleum gas (LPG)", "v": 0.00010200426893694286}, {"l": "Coal", "v": 0.00025183829077254796}]}, {"source": 99, "prod": 0, "target": 42, "value": 0.038919092545603086, "supply": [{"l": "Motor Gasoline", "v": 0.0030971871054049221}, {"l": "Gas-Diesel oil", "v": 0.034502343402179184}, {"l": "Fuel oil", "v": 0.00019025282959551167}, {"l": "Liquefied petroleum gas (LPG)", "v": 0.00032555258560069749}, {"l": "Coal", "v": 0.00080375662282277467}]}, {"source": 99, "prod": 0, "target": 5, "value": 1.0579816795560586, "supply": [{"l": "Motor Gasoline", "v": 0.08419433756930858}, {"l": "Gas-Diesel oil", "v": 0.93791619572027696}, {"l": "Fuel oil", "v": 0.0051718576932362802}, {"l": "Liquefied petroleum gas (LPG)", "v": 0.0088498638783538544}, {"l": "Coal", "v": 0.021849424694883202}]}, {"source": 99, "prod": 0, "target": 45, "value": 0.0044343218363250723, "supply": [{"l": "Motor Gasoline", "v": 0.00035288398352528109}, {"l": "Gas-Diesel oil", "v": 0.0039310910081831836}, {"l": "Fuel oil", "v": 2.1676822904066439e-05}, {"l": "Liquefied petroleum gas (LPG)", "v": 3.7092461431615583e-05}, {"l": "Coal", "v": 9.157756028092652e-05}]}, {"source": 99, "prod": 0, "target": 7, "value": 0.094189746862654883, "supply": [{"l": "Motor Gasoline", "v": 0.0074956339000593186}, {"l": "Gas-Diesel oil", "v": 0.083500584897033867}, {"l": "Fuel oil", "v": 0.00046043894364976838}, {"l": "Liquefied petroleum gas (LPG)", "v": 0.0007878836227304775}, {"l": "Coal", "v": 0.0019452054991814661}]}, {"source": 99, "prod": 0, "target": 47, "value": 0.00067306670729934133, "supply": [{"l": "Motor Gasoline", "v": 5.3562747499373027e-05}, {"l": "Gas-Diesel oil", "v": 0.00059668345659923323}, {"l": "Fuel oil", "v": 3.2902320479386562e-06}, {"l": "Liquefied petroleum gas (LPG)", "v": 5.6301057530130804e-06}, {"l": "Coal", "v": 1.3900165399783492e-05}]}, {"source": 99, "prod": 0, "target": 48, "value": 0.0070474043470166317, "supply": [{"l": "Motor Gasoline", "v": 0.00056083347381696456}, {"l": "Gas-Diesel oil", "v": 0.0062476267808625587}, {"l": "Fuel oil", "v": 3.445066497253416e-05}, {"l": "Liquefied petroleum gas (LPG)", "v": 5.8950519060960483e-05}, {"l": "Coal", "v": 0.00014554290830361537}]}, {"source": 99, "prod": 0, "target": 85, "value": 0.0058200474101766575, "supply": [{"l": "Motor Gasoline", "v": 0.00046316022837693146}, {"l": "Gas-Diesel oil", "v": 0.0051595569482404281}, {"l": "Fuel oil", "v": 2.8450830061587204e-05}, {"l": "Liquefied petroleum gas (LPG)", "v": 4.8683855628995459e-05}, {"l": "Coal", "v": 0.00012019554786871608}]}, {"source": 99, "prod": 0, "target": 49, "value": 0.00031673727402321941, "supply": [{"l": "Motor Gasoline", "v": 2.5205998823234361e-05}, {"l": "Gas-Diesel oil", "v": 0.00028079221487022738}, {"l": "Fuel oil", "v": 1.5483444931476027e-06}, {"l": "Liquefied petroleum gas (LPG)", "v": 2.6494615308296847e-06}, {"l": "Coal", "v": 6.5412543057804656e-06}]}, {"source": 99, "prod": 0, "target": 50, "value": 0.055033101361534373, "supply": [{"l": "Motor Gasoline", "v": 0.0043795422955369701}, {"l": "Gas-Diesel oil", "v": 0.048787647333702007}, {"l": "Fuel oil", "v": 0.00026902485568439598}, {"l": "Liquefied petroleum gas (LPG)", "v": 0.00046034394098165771}, {"l": "Coal", "v": 0.001136542935629356}]}, {"source": 99, "prod": 0, "target": 96, "value": 0.038325210156809543, "supply": [{"l": "Motor Gasoline", "v": 0.0030499258576113576}, {"l": "Gas-Diesel oil", "v": 0.033975857999297511}, {"l": "Fuel oil", "v": 0.0001873496836708599}, {"l": "Liquefied petroleum gas (LPG)", "v": 0.00032058484523039181}, {"l": "Coal", "v": 0.00079149177099943635}]}, {"source": 99, "prod": 0, "target": 52, "value": 0.028902276254618772, "supply": [{"l": "Motor Gasoline", "v": 0.0023000473926201356}, {"l": "Gas-Diesel oil", "v": 0.025622289606908249}, {"l": "Fuel oil", "v": 0.00014128643499971877}, {"l": "Liquefied petroleum gas (LPG)", "v": 0.00024176336468820873}, {"l": "Coal", "v": 0.00059688945540246755}]}, {"source": 99, "prod": 0, "target": 56, "value": 0.00051469807028773154, "supply": [{"l": "Motor Gasoline", "v": 4.0959748087755837e-05}, {"l": "Gas-Diesel oil", "v": 0.00045628734916411948}, {"l": "Fuel oil", "v": 2.5160598013648545e-06}, {"l": "Liquefied petroleum gas (LPG)", "v": 4.3053749875982377e-06}, {"l": "Coal", "v": 1.0629538246893258e-05}]}, {"source": 99, "prod": 0, "target": 57, "value": 0.038919092545603086, "supply": [{"l": "Motor Gasoline", "v": 0.0030971871054049221}, {"l": "Gas-Diesel oil", "v": 0.034502343402179184}, {"l": "Fuel oil", "v": 0.00019025282959551167}, {"l": "Liquefied petroleum gas (LPG)", "v": 0.00032555258560069749}, {"l": "Coal", "v": 0.00080375662282277467}]}, {"source": 99, "prod": 0, "target": 10, "value": 0.014965836197597117, "supply": [{"l": "Motor Gasoline", "v": 0.0011909834443978237}, {"l": "Gas-Diesel oil", "v": 0.013267432152618244}, {"l": "Fuel oil", "v": 7.3159277301224228e-05}, {"l": "Liquefied petroleum gas (LPG)", "v": 0.00012518705733170261}, {"l": "Coal", "v": 0.00030907426594812702}]}, {"source": 99, "prod": 0, "target": 58, "value": 0.0062951533212114866, "supply": [{"l": "Motor Gasoline", "v": 0.00050096922661178303}, {"l": "Gas-Diesel oil", "v": 0.0055807452705457696}, {"l": "Fuel oil", "v": 3.0773346801308609e-05}, {"l": "Liquefied petroleum gas (LPG)", "v": 5.2658047925239985e-05}, {"l": "Coal", "v": 0.00013000742932738678}]}, {"source": 99, "prod": 0, "target": 59, "value": 0.0029694119439676822, "supply": [{"l": "Motor Gasoline", "v": 0.00023630623896782216}, {"l": "Gas-Diesel oil", "v": 0.0026324270144083817}, {"l": "Fuel oil", "v": 1.4515729623258776e-05}, {"l": "Liquefied petroleum gas (LPG)", "v": 2.4838701851528293e-05}, {"l": "Coal", "v": 6.1324259116691873e-05}]}, {"source": 99, "prod": 0, "target": 61, "value": 0.044778732115032652, "supply": [{"l": "Motor Gasoline", "v": 0.0035634980836347584}, {"l": "Gas-Diesel oil", "v": 0.0396969993772784}, {"l": "Fuel oil", "v": 0.00021889720271874236}, {"l": "Liquefied petroleum gas (LPG)", "v": 0.00037456762392104668}, {"l": "Coal", "v": 0.00092476982747971342}]}, {"source": 99, "prod": 0, "target": 13, "value": 0.012313161527652655, "supply": [{"l": "Motor Gasoline", "v": 0.00097988320425323582}, {"l": "Gas-Diesel oil", "v": 0.010915797353080089}, {"l": "Fuel oil", "v": 6.0191892171113056e-05}, {"l": "Liquefied petroleum gas (LPG)", "v": 0.00010299781701100399}, {"l": "Coal", "v": 0.00025429126113721561}]}, {"source": 99, "prod": 0, "target": 64, "value": 0.0026130825106915603, "supply": [{"l": "Motor Gasoline", "v": 0.0002079494902916835}, {"l": "Gas-Diesel oil", "v": 0.002316535772679376}, {"l": "Fuel oil", "v": 1.2773842068467722e-05}, {"l": "Liquefied petroleum gas (LPG)", "v": 2.1858057629344899e-05}, {"l": "Coal", "v": 5.3965348022688843e-05}]}, {"source": 99, "prod": 0, "target": 15, "value": 0.0015836863701160972, "supply": [{"l": "Motor Gasoline", "v": 0.00012602999411617181}, {"l": "Gas-Diesel oil", "v": 0.0014039610743511368}, {"l": "Fuel oil", "v": 7.7417224657380143e-06}, {"l": "Liquefied petroleum gas (LPG)", "v": 1.3247307654148424e-05}, {"l": "Coal", "v": 3.270627152890233e-05}]}, {"source": 99, "prod": 0, "target": 16, "value": 2.6040554983818982, "supply": [{"l": "Motor Gasoline", "v": 0.20723111932522131}, {"l": "Gas-Diesel oil", "v": 2.3085331945555745}, {"l": "Fuel oil", "v": 0.012729714250413016}, {"l": "Liquefied petroleum gas (LPG)", "v": 0.021782547975716254}, {"l": "Coal", "v": 0.053778922274974099}]}, {"source": 99, "prod": 0, "target": 68, "value": 0.069998937559131488, "supply": [{"l": "Motor Gasoline", "v": 0.0055705257399347938}, {"l": "Gas-Diesel oil", "v": 0.062055079486320247}, {"l": "Fuel oil", "v": 0.00034218413298562017}, {"l": "Liquefied petroleum gas (LPG)", "v": 0.00058553099831336027}, {"l": "Coal", "v": 0.001445617201577483}]}, {"source": 99, "prod": 0, "target": 18, "value": 0.26649482393128626, "supply": [{"l": "Motor Gasoline", "v": 0.021207697259898812}, {"l": "Gas-Diesel oil", "v": 0.23625154978643756}, {"l": "Fuel oil", "v": 0.0013027383479220643}, {"l": "Liquefied petroleum gas (LPG)", "v": 0.0022291906955018261}, {"l": "Coal", "v": 0.0055036478415260402}]}, {"source": 99, "prod": 0, "target": 71, "value": 0.0030881884217263894, "supply": [{"l": "Motor Gasoline", "v": 0.00024575848852653504}, {"l": "Gas-Diesel oil", "v": 0.0027377240949847167}, {"l": "Fuel oil", "v": 1.5096358808189126e-05}, {"l": "Liquefied petroleum gas (LPG)", "v": 2.5832249925589426e-05}, {"l": "Coal", "v": 6.3777229481359543e-05}]}, {"source": 99, "prod": 0, "target": 72, "value": 0.0075225102580514609, "supply": [{"l": "Motor Gasoline", "v": 0.00059864247205181607}, {"l": "Gas-Diesel oil", "v": 0.0066688151031679003}, {"l": "Fuel oil", "v": 3.6773181712255562e-05}, {"l": "Liquefied petroleum gas (LPG)", "v": 6.2924711357205016e-05}, {"l": "Coal", "v": 0.00015535478976228608}]}, {"source": 99, "prod": 0, "target": 73, "value": 0.44754976819480907, "supply": [{"l": "Motor Gasoline", "v": 0.035616076337230157}, {"l": "Gas-Diesel oil", "v": 0.39675939961163131}, {"l": "Fuel oil", "v": 0.0021878107688175627}, {"l": "Liquefied petroleum gas (LPG)", "v": 0.0037436891430623447}, {"l": "Coal", "v": 0.0092427923340677991}]}, {"source": 99, "prod": 0, "target": 20, "value": 0.0027714511477031699, "supply": [{"l": "Motor Gasoline", "v": 0.00022055248970330067}, {"l": "Gas-Diesel oil", "v": 0.0024569318801144894}, {"l": "Fuel oil", "v": 1.3548014315041522e-05}, {"l": "Liquefied petroleum gas (LPG)", "v": 2.3182788394759741e-05}, {"l": "Coal", "v": 5.7235975175579071e-05}]}, {"source": 99, "prod": 0, "target": 21, "value": 0.36298091603060945, "supply": [{"l": "Motor Gasoline", "v": 0.028886074651426581}, {"l": "Gas-Diesel oil", "v": 0.32178787824128058}, {"l": "Fuel oil", "v": 0.0017744027891471528}, {"l": "Liquefied petroleum gas (LPG)", "v": 0.0030362829143308185}, {"l": "Coal", "v": 0.007496277434424414}]}, {"source": 99, "prod": 0, "target": 98, "value": 3.9592159252902427e-05, "supply": [{"l": "Motor Gasoline", "v": 3.1507498529042951e-06}, {"l": "Gas-Diesel oil", "v": 3.5099026858778423e-05}, {"l": "Fuel oil", "v": 1.9354306164345034e-07}, {"l": "Liquefied petroleum gas (LPG)", "v": 3.3118269135371058e-07}, {"l": "Coal", "v": 8.176567882225582e-07}]}, {"source": 99, "prod": 0, "target": 79, "value": 0.046322826325895836, "supply": [{"l": "Motor Gasoline", "v": 0.0036863773278980254}, {"l": "Gas-Diesel oil", "v": 0.041065861424770748}, {"l": "Fuel oil", "v": 0.00022644538212283688}, {"l": "Liquefied petroleum gas (LPG)", "v": 0.00038748374888384138}, {"l": "Coal", "v": 0.0009566584422203931}]}, {"source": 99, "prod": 0, "target": 87, "value": 0.0047510591103482915, "supply": [{"l": "Motor Gasoline", "v": 0.00037808998234851548}, {"l": "Gas-Diesel oil", "v": 0.0042118832230534104}, {"l": "Fuel oil", "v": 2.3225167397214043e-05}, {"l": "Liquefied petroleum gas (LPG)", "v": 3.9741922962445272e-05}, {"l": "Coal", "v": 9.8118814586706991e-05}]}, {"source": 99, "prod": 0, "target": 83, "value": 0.030327593987723257, "supply": [{"l": "Motor Gasoline", "v": 0.0024134743873246902}, {"l": "Gas-Diesel oil", "v": 0.02688585457382427}, {"l": "Fuel oil", "v": 0.00014825398521888295}, {"l": "Liquefied petroleum gas (LPG)", "v": 0.0002536859415769423}, {"l": "Coal", "v": 0.00062632509977847959}]}, {"source": 99, "prod": 0, "target": 22, "value": 1.1543094030183703, "supply": [{"l": "Motor Gasoline", "v": 0.091860111961424726}, {"l": "Gas-Diesel oil", "v": 1.0233121280676849}, {"l": "Fuel oil", "v": 0.0056427479622147949}, {"l": "Liquefied petroleum gas (LPG)", "v": 0.0096556313664174324}, {"l": "Coal", "v": 0.023838783660628686}]}, {"source": 99, "prod": 0, "target": 1, "value": 1.2843800565830594, "supply": [{"l": "Gas-diesel oils used in fisheries", "v": 1.2402991676589059}, {"l": "Fuel oil used in fisheries", "v": 0.044080888924153599}]}, {"source": 101, "prod": 367.36909029823022, "target": 0, "value": 4.575143471664302, "supply": [{"l": "Potash", "v": 5.4444103682444167}, {"l": "Phosphate", "v": 7.073358255658686}, {"l": "Nitrogen", "v": 108.52577656830209}]}, {"source": 101, "prod": 556.75932575154559, "target": 25, "value": 6.9337727690496269, "supply": [{"l": "Potash", "v": 5.4444103682444167}, {"l": "Phosphate", "v": 7.073358255658686}, {"l": "Nitrogen", "v": 108.52577656830209}]}, {"source": 101, "prod": 7.1176068879513918, "target": 26, "value": 0.088641297123958268, "supply": [{"l": "Potash", "v": 5.4444103682444167}, {"l": "Phosphate", "v": 7.073358255658686}, {"l": "Nitrogen", "v": 108.52577656830209}]}, {"source": 101, "prod": 4.2937737204489377, "target": 27, "value": 0.053473825982387868, "supply": [{"l": "Potash", "v": 5.4444103682444167}, {"l": "Phosphate", "v": 7.073358255658686}, {"l": "Nitrogen", "v": 108.52577656830209}]}, {"source": 101, "prod": 2.7077852291119422, "target": 2, "value": 0.033722232601505864, "supply": [{"l": "Potash", "v": 5.4444103682444167}, {"l": "Phosphate", "v": 7.073358255658686}, {"l": "Nitrogen", "v": 108.52577656830209}]}, {"source": 101, "prod": 0.34814381517153548, "target": 70, "value": 0.0043357156201936113, "supply": [{"l": "Potash", "v": 5.4444103682444167}, {"l": "Phosphate", "v": 7.073358255658686}, {"l": "Nitrogen", "v": 108.52577656830209}]}, {"source": 101, "prod": 4.1003604897980841, "target": 60, "value": 0.051065095082280305, "supply": [{"l": "Potash", "v": 5.4444103682444167}, {"l": "Phosphate", "v": 7.073358255658686}, {"l": "Nitrogen", "v": 108.52577656830209}]}, {"source": 101, "prod": 2446.7547330255516, "target": 3, "value": 30.471409378720701, "supply": [{"l": "Potash", "v": 5.4444103682444167}, {"l": "Phosphate", "v": 7.073358255658686}, {"l": "Nitrogen", "v": 108.52577656830209}]}, {"source": 101, "prod": 5.5703010427445676, "target": 39, "value": 0.06937144992309778, "supply": [{"l": "Potash", "v": 5.4444103682444167}, {"l": "Phosphate", "v": 7.073358255658686}, {"l": "Nitrogen", "v": 108.52577656830209}]}, {"source": 101, "prod": 0.88970086099392398, "target": 40, "value": 0.011080162140494784, "supply": [{"l": "Potash", "v": 5.4444103682444167}, {"l": "Phosphate", "v": 7.073358255658686}, {"l": "Nitrogen", "v": 108.52577656830209}]}, {"source": 101, "prod": 1.0057487993844358, "target": 4, "value": 0.01252540068055932, "supply": [{"l": "Potash", "v": 5.4444103682444167}, {"l": "Phosphate", "v": 7.073358255658686}, {"l": "Nitrogen", "v": 108.52577656830209}]}, {"source": 101, "prod": 11.914255008092548, "target": 41, "value": 0.14837782344662581, "supply": [{"l": "Potash", "v": 5.4444103682444167}, {"l": "Phosphate", "v": 7.073358255658686}, {"l": "Nitrogen", "v": 108.52577656830209}]}, {"source": 101, "prod": 38.025041145957701, "target": 42, "value": 0.4735564949611466, "supply": [{"l": "Potash", "v": 5.4444103682444167}, {"l": "Phosphate", "v": 7.073358255658686}, {"l": "Nitrogen", "v": 108.52577656830209}]}, {"source": 101, "prod": 1033.6776698904189, "target": 5, "value": 12.873221422534852, "supply": [{"l": "Potash", "v": 5.4444103682444167}, {"l": "Phosphate", "v": 7.073358255658686}, {"l": "Nitrogen", "v": 108.52577656830209}]}, {"source": 101, "prod": 4.332456366579108, "target": 45, "value": 0.053955572162409378, "supply": [{"l": "Potash", "v": 5.4444103682444167}, {"l": "Phosphate", "v": 7.073358255658686}, {"l": "Nitrogen", "v": 108.52577656830209}]}, {"source": 101, "prod": 92.026015143675878, "target": 7, "value": 1.1460741622711779, "supply": [{"l": "Potash", "v": 5.4444103682444167}, {"l": "Phosphate", "v": 7.073358255658686}, {"l": "Nitrogen", "v": 108.52577656830209}]}, {"source": 101, "prod": 0.65760498421290037, "target": 47, "value": 0.0081896850603657093, "supply": [{"l": "Potash", "v": 5.4444103682444167}, {"l": "Phosphate", "v": 7.073358255658686}, {"l": "Nitrogen", "v": 108.52577656830209}]}, {"source": 101, "prod": 6.8855110111703679, "target": 48, "value": 0.085750820043829196, "supply": [{"l": "Potash", "v": 5.4444103682444167}, {"l": "Phosphate", "v": 7.073358255658686}, {"l": "Nitrogen", "v": 108.52577656830209}]}, {"source": 101, "prod": 5.6863489811350796, "target": 85, "value": 0.070816688463162317, "supply": [{"l": "Potash", "v": 5.4444103682444167}, {"l": "Phosphate", "v": 7.073358255658686}, {"l": "Nitrogen", "v": 108.52577656830209}]}, {"source": 101, "prod": 0.30946116904136484, "target": 49, "value": 0.0038539694401720985, "supply": [{"l": "Potash", "v": 5.4444103682444167}, {"l": "Phosphate", "v": 7.073358255658686}, {"l": "Nitrogen", "v": 108.52577656830209}]}, {"source": 101, "prod": 53.768878120937138, "target": 50, "value": 0.66962719022990214, "supply": [{"l": "Potash", "v": 5.4444103682444167}, {"l": "Phosphate", "v": 7.073358255658686}, {"l": "Nitrogen", "v": 108.52577656830209}]}, {"source": 101, "prod": 37.444801454005145, "target": 96, "value": 0.46633030226082389, "supply": [{"l": "Potash", "v": 5.4444103682444167}, {"l": "Phosphate", "v": 7.073358255658686}, {"l": "Nitrogen", "v": 108.52577656830209}]}, {"source": 101, "prod": 28.238331675024543, "target": 52, "value": 0.351674711415704, "supply": [{"l": "Potash", "v": 5.4444103682444167}, {"l": "Phosphate", "v": 7.073358255658686}, {"l": "Nitrogen", "v": 108.52577656830209}]}, {"source": 101, "prod": 0.50287439969221792, "target": 56, "value": 0.0062627003402796599, "supply": [{"l": "Potash", "v": 5.4444103682444167}, {"l": "Phosphate", "v": 7.073358255658686}, {"l": "Nitrogen", "v": 108.52577656830209}]}, {"source": 101, "prod": 38.025041145957701, "target": 57, "value": 0.4735564949611466, "supply": [{"l": "Potash", "v": 5.4444103682444167}, {"l": "Phosphate", "v": 7.073358255658686}, {"l": "Nitrogen", "v": 108.52577656830209}]}, {"source": 101, "prod": 14.622040237204489, "target": 10, "value": 0.18210005604813168, "supply": [{"l": "Potash", "v": 5.4444103682444167}, {"l": "Phosphate", "v": 7.073358255658686}, {"l": "Nitrogen", "v": 108.52577656830209}]}, {"source": 101, "prod": 6.1505407346971266, "target": 58, "value": 0.076597642623420462, "supply": [{"l": "Potash", "v": 5.4444103682444167}, {"l": "Phosphate", "v": 7.073358255658686}, {"l": "Nitrogen", "v": 108.52577656830209}]}, {"source": 101, "prod": 2.9011984597627953, "target": 59, "value": 0.036130963501613426, "supply": [{"l": "Potash", "v": 5.4444103682444167}, {"l": "Phosphate", "v": 7.073358255658686}, {"l": "Nitrogen", "v": 108.52577656830209}]}, {"source": 101, "prod": 43.750072773222961, "target": 61, "value": 0.54485492960433046, "supply": [{"l": "Potash", "v": 5.4444103682444167}, {"l": "Phosphate", "v": 7.073358255658686}, {"l": "Nitrogen", "v": 108.52577656830209}]}, {"source": 101, "prod": 12.030302946483058, "target": 13, "value": 0.14982306198669032, "supply": [{"l": "Potash", "v": 5.4444103682444167}, {"l": "Phosphate", "v": 7.073358255658686}, {"l": "Nitrogen", "v": 108.52577656830209}]}, {"source": 101, "prod": 2.5530546445912599, "target": 64, "value": 0.031795247881419811, "supply": [{"l": "Potash", "v": 5.4444103682444167}, {"l": "Phosphate", "v": 7.073358255658686}, {"l": "Nitrogen", "v": 108.52577656830209}]}, {"source": 101, "prod": 1.5473058452068242, "target": 15, "value": 0.019269847200860495, "supply": [{"l": "Potash", "v": 5.4444103682444167}, {"l": "Phosphate", "v": 7.073358255658686}, {"l": "Nitrogen", "v": 108.52577656830209}]}, {"source": 101, "prod": 2544.235001273581, "target": 16, "value": 31.685409752374909, "supply": [{"l": "Potash", "v": 5.4444103682444167}, {"l": "Phosphate", "v": 7.073358255658686}, {"l": "Nitrogen", "v": 108.52577656830209}]}, {"source": 101, "prod": 68.390918358141633, "target": 68, "value": 0.85172724627803376, "supply": [{"l": "Potash", "v": 5.4444103682444167}, {"l": "Phosphate", "v": 7.073358255658686}, {"l": "Nitrogen", "v": 108.52577656830209}]}, {"source": 101, "prod": 260.37289110217836, "target": 18, "value": 3.2426335377247995, "supply": [{"l": "Potash", "v": 5.4444103682444167}, {"l": "Phosphate", "v": 7.073358255658686}, {"l": "Nitrogen", "v": 108.52577656830209}]}, {"source": 101, "prod": 3.0172463981533073, "target": 71, "value": 0.037576202041677963, "supply": [{"l": "Potash", "v": 5.4444103682444167}, {"l": "Phosphate", "v": 7.073358255658686}, {"l": "Nitrogen", "v": 108.52577656830209}]}, {"source": 101, "prod": 7.3497027647324149, "target": 72, "value": 0.091531774204087341, "supply": [{"l": "Potash", "v": 5.4444103682444167}, {"l": "Phosphate", "v": 7.073358255658686}, {"l": "Nitrogen", "v": 108.52577656830209}]}, {"source": 101, "prod": 437.26863185544858, "target": 73, "value": 5.4456588189631754, "supply": [{"l": "Potash", "v": 5.4444103682444167}, {"l": "Phosphate", "v": 7.073358255658686}, {"l": "Nitrogen", "v": 108.52577656830209}]}, {"source": 101, "prod": 2.7077852291119422, "target": 20, "value": 0.033722232601505864, "supply": [{"l": "Potash", "v": 5.4444103682444167}, {"l": "Phosphate", "v": 7.073358255658686}, {"l": "Nitrogen", "v": 108.52577656830209}]}, {"source": 101, "prod": 354.64249972140414, "target": 21, "value": 4.4166489784372249, "supply": [{"l": "Potash", "v": 5.4444103682444167}, {"l": "Phosphate", "v": 7.073358255658686}, {"l": "Nitrogen", "v": 108.52577656830209}]}, {"source": 101, "prod": 0.038682646130170605, "target": 98, "value": 0.00048174618002151231, "supply": [{"l": "Potash", "v": 5.4444103682444167}, {"l": "Phosphate", "v": 7.073358255658686}, {"l": "Nitrogen", "v": 108.52577656830209}]}, {"source": 101, "prod": 45.258695972299606, "target": 79, "value": 0.56364303062516941, "supply": [{"l": "Potash", "v": 5.4444103682444167}, {"l": "Phosphate", "v": 7.073358255658686}, {"l": "Nitrogen", "v": 108.52577656830209}]}, {"source": 101, "prod": 4.6419175356204727, "target": 87, "value": 0.057809541602581484, "supply": [{"l": "Potash", "v": 5.4444103682444167}, {"l": "Phosphate", "v": 7.073358255658686}, {"l": "Nitrogen", "v": 108.52577656830209}]}, {"source": 101, "prod": 29.630906935710684, "target": 83, "value": 0.36901757389647843, "supply": [{"l": "Potash", "v": 5.4444103682444167}, {"l": "Phosphate", "v": 7.073358255658686}, {"l": "Nitrogen", "v": 108.52577656830209}]}, {"source": 101, "prod": 1127.7925479251239, "target": 22, "value": 14.045309878527192, "supply": [{"l": "Potash", "v": 5.4444103682444167}, {"l": "Phosphate", "v": 7.073358255658686}, {"l": "Nitrogen", "v": 108.52577656830209}]}, {"source": 99, "prod": 0, "target": 101, "value": 147.97960790652672, "supply": [{"l": "Natural gas (including LNG)", "v": 99.007392704184397}, {"l": "Fuel oil", "v": 29.787984918967631}, {"l": "Liquefied petroleum gas (LPG)", "v": 9.592115141687346}, {"l": "Coal", "v": 9.592115141687346}]}, {"source": 102, "prod": 0, "target": 26, "value": 0.021375691133104387, "supply": "[{\"l\":'Labor',\"v\":0.021375691133104387}]"}, {"source": 102, "prod": 0, "target": 27, "value": 0.012895118020514061, "supply": "[{\"l\":'Labor',\"v\":0.012895118020514061}]"}, {"source": 102, "prod": 0, "target": 40, "value": 0.0026719613916380484, "supply": "[{\"l\":'Labor',\"v\":0.0026719613916380484}]"}, {"source": 102, "prod": 0, "target": 5, "value": 3.1043544481457364, "supply": "[{\"l\":'Labor',\"v\":3.1043544481457364}]"}, {"source": 102, "prod": 0, "target": 45, "value": 0.013011290254933106, "supply": "[{\"l\":'Labor',\"v\":0.013011290254933106}]"}, {"source": 102, "prod": 0, "target": 25, "value": 1.6720669699933233, "supply": "[{\"l\":'Labor',\"v\":1.6720669699933233}]"}, {"source": 102, "prod": 0, "target": 48, "value": 0.020678657726590114, "supply": "[{\"l\":'Labor',\"v\":0.020678657726590114}]"}, {"source": 102, "prod": 0, "target": 58, "value": 0.01847138527262825, "supply": "[{\"l\":'Labor',\"v\":0.01847138527262825}]"}, {"source": 102, "prod": 0, "target": 13, "value": 0.036129564904323175, "supply": "[{\"l\":'Labor',\"v\":0.036129564904323175}]"}, {"source": 102, "prod": 0, "target": 15, "value": 0.0046468893767618235, "supply": "[{\"l\":'Labor',\"v\":0.0046468893767618235}]"}, {"source": 102, "prod": 0, "target": 3, "value": 7.3481261714734716, "supply": "[{\"l\":'Labor',\"v\":7.3481261714734716}]"}, {"source": 102, "prod": 0, "target": 41, "value": 0.035781048201066042, "supply": "[{\"l\":'Labor',\"v\":0.035781048201066042}]"}, {"source": 102, "prod": 0, "target": 42, "value": 0.1141973064339218, "supply": "[{\"l\":'Labor',\"v\":0.1141973064339218}]"}, {"source": 102, "prod": 0, "target": 50, "value": 0.16147940584247336, "supply": "[{\"l\":'Labor',\"v\":0.16147940584247336}]"}, {"source": 102, "prod": 0, "target": 52, "value": 0.084805731125903283, "supply": "[{\"l\":'Labor',\"v\":0.084805731125903283}]"}, {"source": 102, "prod": 0, "target": 28, "value": 0.00046468893767618235, "supply": "[{\"l\":'Labor',\"v\":0.00046468893767618235}]"}, {"source": 102, "prod": 0, "target": 9, "value": 0.00034851670325713676, "supply": "[{\"l\":'Labor',\"v\":0.00034851670325713676}]"}, {"source": 102, "prod": 0, "target": 57, "value": 0.1141973064339218, "supply": "[{\"l\":'Labor',\"v\":0.1141973064339218}]"}, {"source": 102, "prod": 0, "target": 61, "value": 0.13139079712794058, "supply": "[{\"l\":'Labor',\"v\":0.13139079712794058}]"}, {"source": 102, "prod": 0, "target": 87, "value": 0.013940668130285471, "supply": "[{\"l\":'Labor',\"v\":0.013940668130285471}]"}, {"source": 102, "prod": 0, "target": 83, "value": 0.088987931564988923, "supply": "[{\"l\":'Labor',\"v\":0.088987931564988923}]"}, {"source": 102, "prod": 0, "target": 0, "value": 1.1032877102776759, "supply": "[{\"l\":'Labor',\"v\":1.1032877102776759}]"}, {"source": 102, "prod": 0, "target": 7, "value": 0.27637374568290946, "supply": "[{\"l\":'Labor',\"v\":0.27637374568290946}]"}, {"source": 102, "prod": 0, "target": 33, "value": 0.00058086117209522794, "supply": "[{\"l\":'Labor',\"v\":0.00058086117209522794}]"}, {"source": 102, "prod": 0, "target": 86, "value": 0.0039498559702475502, "supply": "[{\"l\":'Labor',\"v\":0.0039498559702475502}]"}, {"source": 102, "prod": 0, "target": 39, "value": 0.016728801756342563, "supply": "[{\"l\":'Labor',\"v\":0.016728801756342563}]"}, {"source": 102, "prod": 0, "target": 4, "value": 0.0030204780948951851, "supply": "[{\"l\":'Labor',\"v\":0.0030204780948951851}]"}, {"source": 102, "prod": 0, "target": 59, "value": 0.0087129175814284199, "supply": "[{\"l\":'Labor',\"v\":0.0087129175814284199}]"}, {"source": 102, "prod": 0, "target": 47, "value": 0.0019749279851237751, "supply": "[{\"l\":'Labor',\"v\":0.0019749279851237751}]"}, {"source": 102, "prod": 0, "target": 49, "value": 0.00092937787535236471, "supply": "[{\"l\":'Labor',\"v\":0.00092937787535236471}]"}, {"source": 102, "prod": 0, "target": 85, "value": 0.017077318459599703, "supply": "[{\"l\":'Labor',\"v\":0.017077318459599703}]"}, {"source": 102, "prod": 0, "target": 16, "value": 7.6408802022094662, "supply": "[{\"l\":'Labor',\"v\":7.6408802022094662}]"}, {"source": 102, "prod": 0, "target": 68, "value": 0.2053925104528726, "supply": "[{\"l\":'Labor',\"v\":0.2053925104528726}]"}, {"source": 102, "prod": 0, "target": 72, "value": 0.022072724539618661, "supply": "[{\"l\":'Labor',\"v\":0.022072724539618661}]"}, {"source": 102, "prod": 0, "target": 60, "value": 0.012314256848418833, "supply": "[{\"l\":'Labor',\"v\":0.012314256848418833}]"}, {"source": 102, "prod": 0, "target": 73, "value": 1.3132109378728913, "supply": "[{\"l\":'Labor',\"v\":1.3132109378728913}]"}, {"source": 102, "prod": 0, "target": 2, "value": 0.008132056409333191, "supply": "[{\"l\":'Labor',\"v\":0.008132056409333191}]"}, {"source": 102, "prod": 0, "target": 70, "value": 0.0010455501097714102, "supply": "[{\"l\":'Labor',\"v\":0.0010455501097714102}]"}, {"source": 102, "prod": 0, "target": 96, "value": 0.11245472291763611, "supply": "[{\"l\":'Labor',\"v\":0.11245472291763611}]"}, {"source": 102, "prod": 0, "target": 56, "value": 0.0015102390474475925, "supply": "[{\"l\":'Labor',\"v\":0.0015102390474475925}]"}, {"source": 102, "prod": 0, "target": 10, "value": 0.043913104610399233, "supply": "[{\"l\":'Labor',\"v\":0.043913104610399233}]"}, {"source": 102, "prod": 0, "target": 62, "value": 0.00092937787535236471, "supply": "[{\"l\":'Labor',\"v\":0.00092937787535236471}]"}, {"source": 102, "prod": 0, "target": 64, "value": 0.007667367471657009, "supply": "[{\"l\":'Labor',\"v\":0.007667367471657009}]"}, {"source": 102, "prod": 0, "target": 18, "value": 0.78195530987459594, "supply": "[{\"l\":'Labor',\"v\":0.78195530987459594}]"}, {"source": 102, "prod": 0, "target": 71, "value": 0.0090614342846855565, "supply": "[{\"l\":'Labor',\"v\":0.0090614342846855565}]"}, {"source": 102, "prod": 0, "target": 20, "value": 0.008132056409333191, "supply": "[{\"l\":'Labor',\"v\":0.008132056409333191}]"}, {"source": 102, "prod": 0, "target": 21, "value": 1.06506704515381, "supply": "[{\"l\":'Labor',\"v\":1.06506704515381}]"}, {"source": 102, "prod": 0, "target": 98, "value": 0.00011617223441904559, "supply": "[{\"l\":'Labor',\"v\":0.00011617223441904559}]"}, {"source": 102, "prod": 0, "target": 79, "value": 0.13592151427028332, "supply": "[{\"l\":'Labor',\"v\":0.13592151427028332}]"}, {"source": 102, "prod": 0, "target": 22, "value": 3.3870014944872739, "supply": "[{\"l\":'Labor',\"v\":3.3870014944872739}]"}, {"source": 99, "prod": 0, "target": 92, "value": 16.639983348949222, "supply": "[{\"l\":'Fossil Fuels',\"v\":16.639983348949222}]"}, {"source": 100, "prod": 0, "target": 92, "value": 1.020233824821049, "supply": "[{\"l\":'Renewables & Nuclear',\"v\":0.49522667721680302},{\"l\":'Biomass & Waste',\"v\":0.52500714760424605}]"}]}