{"nodes": [{"layer": 13, "name": "Milk - Excluding Butter"}, {"layer": 10, "name": "Feed", "fill": "#dbdb8d"}, {"layer": 5, "name": "Cereals - Excluding Beer"}, {"layer": 16, "name": "Food", "fill": "#b5cf6b"}, {"layer": 13, "name": "Meat"}, {"layer": 13, "name": "Sugar & Sweeteners"}, {"layer": 13, "name": "Eggs"}, {"layer": 13, "name": "Alcoholic Beverages"}, {"layer": 13, "name": "Animal Fats"}, {"layer": 5, "name": "Starchy Roots"}, {"layer": 5, "name": "Pulses"}, {"layer": 13, "name": "Fish, Seafood"}, {"layer": 5, "name": "Fruits - Excluding Wine"}, {"layer": 13, "name": "Vegetable Oils", "fill": "#f7b6d2"}, {"layer": 5, "name": "Spices"}, {"layer": 5, "name": "Stimulants"}, {"layer": 5, "name": "Vegetables"}, {"layer": 10, "name": "Processing", "fill": "#9edae5"}, {"layer": 5, "name": "Oilcrops", "fill": "#ff9896"}, {"layer": 16, "name": "Biofuels & Other", "fill": "#e7ba52"}, {"name": "Waste", "fill": "#c7c7c7"}, {"layer": 2, "name": "Import", "fill": "#aec7e8"}, {"layer": 16, "name": "Export", "fill": "#aec7e8"}, {"layer": 16, "name": "Stock Deposit", "fill": "#c7c7c7"}, {"layer": 2, "name": "Electricity", "fill": "#bcbd22"}, {"layer": 0, "name": "Fossil Fuels", "fill": "#c49c94"}, {"layer": 2, "name": "Fertilizers", "fill": "#c5b0d5"}, {"layer": 0, "name": "Labor", "fill": "#7f7f7f"}, {"layer": 0, "name": "Renewables & Nuclear", "fill": "#2ca02c"}], "links": [{"source": 0, "prod": 14.0, "target": 1, "value": 0.0099041062799048105, "supply": [{"l": "Milk - Excluding Butter", "v": 0.0099041062799048105}]}, {"source": 2, "prod": 5.0, "target": 1, "value": 0.018481129354272187, "supply": [{"l": "Maize", "v": 0.018481129354272187}]}, {"source": 0, "prod": 106.0, "target": 3, "value": 0.074988233262136439, "supply": [{"l": "Milk - Excluding Butter", "v": 0.074988233262136439}]}, {"source": 4, "prod": 18.0, "target": 3, "value": 0.026642348618557771, "supply": [{"l": "Meat, Other", "v": 0.0063089419553821659}, {"l": "Poultry Meat", "v": 0.0014245022344127516}, {"l": "Offals, Edible", "v": 0.0048514476097714296}, {"l": "Bovine Meat", "v": 0.009412453788359202}, {"l": "Mutton & Goat Meat", "v": 0.0046450030306322198}]}, {"source": 5, "prod": 20.0, "target": 3, "value": 0.081420077411686234, "supply": [{"l": "Sugar", "v": 0.07438170782238053}, {"l": "Sweeteners, Other", "v": 0.0070383695893056998}]}, {"source": 6, "prod": 1.0, "target": 3, "value": 0.0013842445625706524, "supply": [{"l": "Eggs", "v": 0.0013842445625706524}]}, {"source": 7, "prod": 33.0, "target": 3, "value": 0.018064575843905428, "supply": [{"l": "Beer", "v": 0.0070290860255211056}, {"l": "Beverages, Alcoholic", "v": 0.0035010446668453615}, {"l": "Wine", "v": 0.00067381216802380958}, {"l": "Beverages, Fermented", "v": 0.0068606329835151515}]}, {"source": 8, "prod": 2.0, "target": 3, "value": 0.018087240450192006, "supply": [{"l": "Fats, Animals, Raw", "v": 0.0097961922889615374}, {"l": "Butter, Ghee", "v": 0.0082910481612304687}]}, {"source": 9, "prod": 45.0, "target": 3, "value": 0.047459050993944145, "supply": [{"l": "Roots, Other", "v": 0.045623368114571169}, {"l": "Potatoes", "v": 0.0018356828793729728}]}, {"source": 10, "prod": 16.0, "target": 3, "value": 0.063425851868007421, "supply": [{"l": "Pulses, Other", "v": 0.063425851868007421}]}, {"source": 11, "prod": 6.0, "target": 3, "value": 0.0059732689300559631, "supply": [{"l": "Freshwater Fish", "v": 0.00067920266536800002}, {"l": "Fish, Seafood", "v": 0.0029616395292209304}, {"l": "Marine Fish, Other", "v": 0.0023324267354670326}]}, {"source": 12, "prod": 15.0, "target": 3, "value": 0.0070569486809155093, "supply": [{"l": "Fruits, Other", "v": 0.0065745604242621004}, {"l": "Oranges, Mandarines", "v": 0.00048238825665340913}]}, {"source": 2, "prod": 119.0, "target": 3, "value": 0.42354669237010228, "supply": [{"l": "Maize", "v": 0.22177355225126621}, {"l": "Rice", "v": 0.0042450166585500009}, {"l": "Sorghum", "v": 0.083013251963271695}, {"l": "Cereals, Other", "v": 0.015943724539154928}, {"l": "Wheat", "v": 0.091382005842573139}, {"l": "Millet", "v": 0.0071891411152862914}]}, {"source": 13, "prod": 4.0, "target": 3, "value": 0.040881183393959797, "supply": [{"l": "Groundnut Oil", "v": 0.020686375594964466}, {"l": "Oilcrops Oil, Other", "v": 0.0098943997304548875}, {"l": "Sunflowerseed Oil", "v": 0.010300408068540443}]}, {"source": 14, "prod": 1.0, "target": 3, "value": 0.00424501665855, "supply": [{"l": "Spices, Other", "v": 0.00424501665855}]}, {"source": 15, "prod": 2.0, "target": 3, "value": 0.0013259627957623119, "supply": [{"l": "Coffee", "v": 0.00083235620755882356}, {"l": "Tea", "v": 0.00049360658820348836}]}, {"source": 16, "prod": 22.0, "target": 3, "value": 0.0065310773087004486, "supply": [{"l": "Vegetables, Other", "v": 0.0059373686851270221}, {"l": "Onions", "v": 0.00059370862357342659}]}, {"source": 2, "prod": 7.0, "target": 17, "value": 0.023176827477327942, "supply": [{"l": "Sorghum", "v": 0.014437087297960293}, {"l": "Barley", "v": 0.0087397401793676485}]}, {"source": 18, "prod": 3.0, "target": 17, "value": 0.02122508329275, "supply": [{"l": "Sunflower seed", "v": 0.0070750277642500003}, {"l": "Cottonseed", "v": 0.014150055528500001}]}, {"source": 2, "prod": 3.0, "target": 19, "value": 0.0087397401793676485, "supply": [{"l": "Barley", "v": 0.0087397401793676485}]}, {"source": 13, "prod": 1.0, "target": 19, "value": 0.0098943997304548875, "supply": [{"l": "Oilcrops Oil, Other", "v": 0.0098943997304548875}]}, {"source": 5, "prod": 19.0, "target": 19, "value": 0.078514024923623887, "supply": [{"l": "Sugar", "v": 0.078514024923623887}]}, {"source": 8, "prod": 4.0, "target": 19, "value": 0.03918476915584615, "supply": [{"l": "Fats, Animals, Raw", "v": 0.03918476915584615}]}, {"source": 2, "prod": 3.0, "target": 2, "value": 0.010914769519834583, "supply": [{"l": "Maize", "v": 0.0036962258708544372}, {"l": "Sorghum", "v": 0.0072185436489801465}]}, {"source": 10, "prod": 1.0, "target": 10, "value": 0.0039641157417504638, "supply": [{"l": "Pulses, Other", "v": 0.0039641157417504638}]}, {"source": 9, "prod": 6.0, "target": 20, "value": 0.006366051364823884, "supply": [{"l": "Roots, Other", "v": 0.006366051364823884}]}, {"source": 16, "prod": 2.0, "target": 20, "value": 0.00056546368429781166, "supply": [{"l": "Vegetables, Other", "v": 0.00056546368429781166}]}, {"source": 0, "prod": 6.0, "target": 20, "value": 0.0042446169771020621, "supply": [{"l": "Milk - Excluding Butter", "v": 0.0042446169771020621}]}, {"source": 10, "prod": 1.0, "target": 20, "value": 0.0039641157417504638, "supply": [{"l": "Pulses, Other", "v": 0.0039641157417504638}]}, {"source": 12, "prod": 1.0, "target": 20, "value": 0.00050573541725093074, "supply": [{"l": "Fruits, Other", "v": 0.00050573541725093074}]}, {"source": 2, "prod": 8.0, "target": 20, "value": 0.028997237691798086, "supply": [{"l": "Maize", "v": 0.014784903483417749}, {"l": "Wheat", "v": 0.0033845187349101163}, {"l": "Sorghum", "v": 0.010827815473470221}]}, {"source": 21, "prod": 39.0, "target": 1, "value": 0.030959239454426916, "supply": [{"l": "Milk - Excluding Butter", "v": 0.02334539337406134}, {"l": "Fish, Seafood", "v": 0.0019744263528139534}, {"l": "Poultry Meat", "v": 0.0014245022344127516}, {"l": "Marine Fish, Other", "v": 0.0023324267354670326}, {"l": "Bovine Meat", "v": 0.0018824907576718405}]}, {"source": 21, "prod": 128.0, "target": 2, "value": 0.45333783103685399, "supply": [{"l": "Maize", "v": 0.26612826270151946}, {"l": "Barley", "v": 0.017479480358735297}, {"l": "Rice", "v": 0.0084900333171000018}, {"l": "Sorghum", "v": 0.050529805542861031}, {"l": "Cereals, Other", "v": 0.015943724539154928}, {"l": "Wheat", "v": 0.09476652457748326}]}, {"source": 21, "prod": 47.0, "target": 17, "value": 0.21547029946338742, "supply": [{"l": "Sugar", "v": 0.15289573274600443}, {"l": "Beer", "v": 0.00058575716879342532}, {"l": "Groundnut Oil", "v": 0.020686375594964466}, {"l": "Beverages, Alcoholic", "v": 0.0035010446668453615}, {"l": "Oilcrops Oil, Other", "v": 0.019788799460909775}, {"l": "Wine", "v": 0.00067381216802380958}, {"l": "Sweeteners, Other", "v": 0.0070383695893056998}, {"l": "Sunflowerseed Oil", "v": 0.010300408068540443}]}, {"source": 21, "prod": 9.0, "target": 16, "value": 0.0028555633607646731, "supply": [{"l": "Vegetables, Other", "v": 0.0022618547371912466}, {"l": "Onions", "v": 0.00059370862357342659}]}, {"source": 21, "prod": 2.0, "target": 15, "value": 0.0013259627957623119, "supply": [{"l": "Coffee", "v": 0.00083235620755882356}, {"l": "Tea", "v": 0.00049360658820348836}]}, {"source": 21, "prod": 7.0, "target": 12, "value": 0.0032756066318322891, "supply": [{"l": "Fruits, Other", "v": 0.0030344125035055847}, {"l": "Oranges, Mandarines", "v": 0.00024119412832670456}]}, {"source": 21, "prod": 1.0, "target": 14, "value": 0.00424501665855, "supply": [{"l": "Spices, Other", "v": 0.00424501665855}]}, {"source": 21, "prod": 2.0, "target": 9, "value": 0.0018356828793729728, "supply": [{"l": "Potatoes", "v": 0.0018356828793729728}]}, {"source": 2, "prod": 2.0, "target": 22, "value": 0.007080744605764553, "supply": [{"l": "Maize", "v": 0.0036962258708544372}, {"l": "Wheat", "v": 0.0033845187349101163}]}, {"source": 8, "prod": 3.0, "target": 22, "value": 0.029388576866884616, "supply": [{"l": "Fats, Animals, Raw", "v": 0.029388576866884616}]}, {"source": 10, "prod": 1.0, "target": 22, "value": 0.0039641157417504638, "supply": [{"l": "Pulses, Other", "v": 0.0039641157417504638}]}, {"source": 4, "prod": 26.0, "target": 22, "value": 0.048324057332872442, "supply": [{"l": "Bovine Meat", "v": 0.047062268941796007}, {"l": "Meat, Other", "v": 0.0012617883910764332}]}, {"source": 7, "prod": 1.0, "target": 22, "value": 0.00058575716879342532, "supply": [{"l": "Beer", "v": 0.00058575716879342532}]}, {"source": 2, "prod": 26.0, "target": 23, "value": 0.093067501236883468, "supply": [{"l": "Maize", "v": 0.048050936321107678}, {"l": "Sorghum", "v": 0.039701990069390812}, {"l": "Cereals, Other", "v": 0.0053145748463849759}]}, {"source": 1, "prod": 126.0, "target": 0, "value": 0.089136956519143315, "supply": [{"l": "Milk - Excluding Butter", "v": 0.089136956519143315}]}, {"source": 1, "prod": 1.0, "target": 6, "value": 0.0013842445625706524, "supply": [{"l": "Eggs", "v": 0.0013842445625706524}]}, {"source": 1, "prod": 44.0, "target": 4, "value": 0.074966405951430212, "supply": [{"l": "Poultry Meat", "v": 0.0014245022344127516}, {"l": "Bovine Meat", "v": 0.056474722730155205}, {"l": "Meat, Other", "v": 0.0075707303464585991}, {"l": "Offals, Edible", "v": 0.0048514476097714296}, {"l": "Mutton & Goat Meat", "v": 0.0046450030306322198}]}, {"source": 1, "prod": 6.0, "target": 11, "value": 0.0059732689300559631, "supply": [{"l": "Freshwater Fish", "v": 0.00067920266536800002}, {"l": "Marine Fish, Other", "v": 0.0023324267354670326}, {"l": "Fish, Seafood", "v": 0.0029616395292209304}]}, {"source": 17, "prod": 39.0, "target": 5, "value": 0.15993410233531014, "supply": [{"l": "Sweeteners, Other", "v": 0.0070383695893056998}, {"l": "Sugar", "v": 0.15289573274600443}]}, {"source": 17, "prod": 5.0, "target": 13, "value": 0.050775583124414686, "supply": [{"l": "Oilcrops Oil, Other", "v": 0.019788799460909775}, {"l": "Groundnut Oil", "v": 0.020686375594964466}, {"l": "Sunflowerseed Oil", "v": 0.010300408068540443}]}, {"source": 17, "prod": 9.0, "target": 8, "value": 0.086660586472922768, "supply": [{"l": "Fats, Animals, Raw", "v": 0.078369538311692299}, {"l": "Butter, Ghee", "v": 0.0082910481612304687}]}, {"source": 17, "prod": 34.0, "target": 7, "value": 0.018650333012698854, "supply": [{"l": "Beer", "v": 0.0076148431943145311}, {"l": "Beverages, Alcoholic", "v": 0.0035010446668453615}, {"l": "Beverages, Fermented", "v": 0.0068606329835151515}, {"l": "Wine", "v": 0.00067381216802380958}]}, {"source": 24, "prod": 0, "target": 18, "value": 1.1509887600488088e-05, "supply": "[{\"l\":'Energy for power irrigation',\"v\":1.1509887600488088e-05}]"}, {"source": 24, "prod": 0, "target": 16, "value": 6.5770786288503358e-05, "supply": "[{\"l\":'Energy for power irrigation',\"v\":6.5770786288503358e-05}]"}, {"source": 24, "prod": 0, "target": 9, "value": 0.0001644269657212584, "supply": "[{\"l\":'Energy for power irrigation',\"v\":0.0001644269657212584}]"}, {"source": 24, "prod": 0, "target": 10, "value": 6.0837977316865613e-05, "supply": "[{\"l\":'Energy for power irrigation',\"v\":6.0837977316865613e-05}]"}, {"source": 24, "prod": 0, "target": 2, "value": 0.00036173932458676851, "supply": "[{\"l\":'Energy for power irrigation',\"v\":0.00036173932458676851}]"}, {"source": 24, "prod": 0, "target": 12, "value": 4.11067414303146e-05, "supply": "[{\"l\":'Energy for power irrigation',\"v\":4.11067414303146e-05}]"}, {"source": 24, "prod": 0, "target": 17, "value": 0.0040000000031999994, "supply": "[{\"l\":'Electricity',\"v\":0.0040000000031999994}]"}, {"source": 25, "prod": 0, "target": 24, "value": 0.012134832994991265, "supply": [{"l": "Coal", "v": 0.0099087957019155151}, {"l": "Natural gas", "v": 0.0}, {"l": "Oil", "v": 0.00222603729307575}]}, {"source": 25, "prod": 0, "target": 18, "value": 0.0036450831647816349, "supply": [{"l": "Gas-Diesel oil", "v": 0.0021289866272175919}, {"l": "Liquefied petroleum gas (LPG)", "v": 0.00078062842997978367}, {"l": "Coal", "v": 0.00073546810758425918}]}, {"source": 25, "prod": 0, "target": 16, "value": 0.020829046655895057, "supply": [{"l": "Gas-Diesel oil", "v": 0.012165637869814812}, {"l": "Liquefied petroleum gas (LPG)", "v": 0.0044607338855987642}, {"l": "Coal", "v": 0.004202674900481481}]}, {"source": 25, "prod": 0, "target": 9, "value": 0.05207261663973764, "supply": [{"l": "Gas-Diesel oil", "v": 0.030414094674537033}, {"l": "Liquefied petroleum gas (LPG)", "v": 0.011151834713996911}, {"l": "Coal", "v": 0.010506687251203703}]}, {"source": 25, "prod": 0, "target": 10, "value": 0.019266868156702928, "supply": [{"l": "Gas-Diesel oil", "v": 0.011253215029578703}, {"l": "Liquefied petroleum gas (LPG)", "v": 0.0041261788441788573}, {"l": "Coal", "v": 0.0038874742829453704}]}, {"source": 25, "prod": 0, "target": 2, "value": 0.11455975660742282, "supply": [{"l": "Gas-Diesel oil", "v": 0.066911008283981471}, {"l": "Liquefied petroleum gas (LPG)", "v": 0.024534036370793204}, {"l": "Coal", "v": 0.023114711952648147}]}, {"source": 25, "prod": 0, "target": 12, "value": 0.01301815415993441, "supply": [{"l": "Gas-Diesel oil", "v": 0.0076035236686342583}, {"l": "Liquefied petroleum gas (LPG)", "v": 0.0027879586784992278}, {"l": "Coal", "v": 0.0026266718128009257}]}, {"source": 26, "prod": 0.028745964013367101, "target": 18, "value": 0.00024846740443510324, "supply": [{"l": "Potash", "v": 0.00095898837649494658}, {"l": "Phosphate", "v": 0.0033666666693600001}, {"l": "Nitrogen", "v": 0.011008333342139997}]}, {"source": 26, "prod": 0.16426265150495487, "target": 16, "value": 0.0014198137396291615, "supply": [{"l": "Potash", "v": 0.00095898837649494658}, {"l": "Phosphate", "v": 0.0033666666693600001}, {"l": "Nitrogen", "v": 0.011008333342139997}]}, {"source": 26, "prod": 0.41065662876238718, "target": 9, "value": 0.0035495343490729039, "supply": [{"l": "Potash", "v": 0.00095898837649494658}, {"l": "Phosphate", "v": 0.0033666666693600001}, {"l": "Nitrogen", "v": 0.011008333342139997}]}, {"source": 26, "prod": 0.15194295264208327, "target": 10, "value": 0.0013133277091569744, "supply": [{"l": "Potash", "v": 0.00095898837649494658}, {"l": "Phosphate", "v": 0.0033666666693600001}, {"l": "Nitrogen", "v": 0.011008333342139997}]}, {"source": 26, "prod": 0.90344458327725197, "target": 2, "value": 0.0078089755679603889, "supply": [{"l": "Potash", "v": 0.00095898837649494658}, {"l": "Phosphate", "v": 0.0033666666693600001}, {"l": "Nitrogen", "v": 0.011008333342139997}]}, {"source": 26, "prod": 0.10266415719059679, "target": 12, "value": 0.00088738358726822596, "supply": [{"l": "Potash", "v": 0.00095898837649494658}, {"l": "Phosphate", "v": 0.0033666666693600001}, {"l": "Nitrogen", "v": 0.011008333342139997}]}, {"source": 25, "prod": 0, "target": 26, "value": 0.018905201523788356, "supply": [{"l": "Natural gas (including LNG)", "v": 0.012738016954608168}, {"l": "Fuel oil", "v": 0.0042212284235556268}, {"l": "Liquefied petroleum gas (LPG)", "v": 0.00097297807281228061}, {"l": "Coal", "v": 0.00097297807281228061}]}, {"source": 27, "prod": 0, "target": 9, "value": 0.025570540077596054, "supply": "[{\"l\":'Labor',\"v\":0.025570540077596054}]"}, {"source": 27, "prod": 0, "target": 10, "value": 0.00946109982871054, "supply": "[{\"l\":'Labor',\"v\":0.00946109982871054}]"}, {"source": 27, "prod": 0, "target": 2, "value": 0.056255188170711318, "supply": "[{\"l\":'Labor',\"v\":0.056255188170711318}]"}, {"source": 27, "prod": 0, "target": 14, "value": 0.00025570540077596049, "supply": "[{\"l\":'Labor',\"v\":0.00025570540077596049}]"}, {"source": 27, "prod": 0, "target": 15, "value": 0.00051141080155192099, "supply": "[{\"l\":'Labor',\"v\":0.00051141080155192099}]"}, {"source": 27, "prod": 0, "target": 16, "value": 0.01022821603103842, "supply": "[{\"l\":'Labor',\"v\":0.01022821603103842}]"}, {"source": 27, "prod": 0, "target": 12, "value": 0.0063926350193990135, "supply": "[{\"l\":'Labor',\"v\":0.0063926350193990135}]"}, {"source": 27, "prod": 0, "target": 18, "value": 0.0017899378054317236, "supply": "[{\"l\":'Labor',\"v\":0.0017899378054317236}]"}, {"source": 25, "prod": 0, "target": 21, "value": 0.44932662075193003, "supply": "[{\"l\":'Fossil Fuels',\"v\":0.44932662075193003}]"}, {"source": 28, "prod": 0, "target": 21, "value": 0.41366932038782339, "supply": "[{\"l\":'Renewables & Nuclear',\"v\":0.00013630871343614051},{\"l\":'Biomass & Waste',\"v\":0.41353301167438727}]"}]}