{"nodes": [{"layer": 13, "name": "Milk - Excluding Butter"}, {"layer": 10, "name": "Feed", "fill": "#dbdb8d"}, {"layer": 5, "name": "Cereals - Excluding Beer"}, {"layer": 16, "name": "Food", "fill": "#b5cf6b"}, {"layer": 13, "name": "Meat"}, {"layer": 13, "name": "Sugar & Sweeteners"}, {"layer": 13, "name": "Eggs"}, {"layer": 13, "name": "Alcoholic Beverages"}, {"layer": 13, "name": "Animal Fats"}, {"layer": 5, "name": "Starchy Roots"}, {"layer": 5, "name": "Pulses"}, {"layer": 13, "name": "Fish, Seafood"}, {"layer": 5, "name": "Fruits - Excluding Wine"}, {"layer": 13, "name": "Vegetable Oils", "fill": "#f7b6d2"}, {"layer": 5, "name": "Stimulants"}, {"layer": 5, "name": "Vegetables"}, {"layer": 10, "name": "Processing", "fill": "#9edae5"}, {"layer": 5, "name": "Oilcrops", "fill": "#ff9896"}, {"layer": 16, "name": "Biofuels & Other", "fill": "#e7ba52"}, {"name": "Waste", "fill": "#c7c7c7"}, {"layer": 2, "name": "Import", "fill": "#aec7e8"}, {"layer": 16, "name": "Export", "fill": "#aec7e8"}, {"layer": 16, "name": "Stock Deposit", "fill": "#c7c7c7"}, {"name": "Crop Residue", "fill": "#bd9e39"}, {"layer": 2, "name": "Electricity", "fill": "#bcbd22"}, {"layer": 0, "name": "Fossil Fuels", "fill": "#c49c94"}, {"layer": 2, "name": "Fertilizers", "fill": "#c5b0d5"}, {"layer": 0, "name": "Labor", "fill": "#7f7f7f"}, {"layer": 0, "name": "Renewables & Nuclear", "fill": "#2ca02c"}], "links": [{"source": 0, "prod": 15.0, "target": 1, "value": 0.010680199015705261, "supply": [{"l": "Milk - Excluding Butter", "v": 0.010680199015705261}]}, {"source": 2, "prod": 12.0, "target": 1, "value": 0.044313246100578574, "supply": [{"l": "Maize", "v": 0.044313246100578574}]}, {"source": 0, "prod": 151.0, "target": 3, "value": 0.10751400342476629, "supply": [{"l": "Milk - Excluding Butter", "v": 0.10751400342476629}]}, {"source": 4, "prod": 37.0, "target": 3, "value": 0.065096895439238536, "supply": [{"l": "Meat, Other", "v": 0.0048640815879218754}, {"l": "Poultry Meat", "v": 0.0013061589718615385}, {"l": "Offals, Edible", "v": 0.0096593193428083837}, {"l": "Bovine Meat", "v": 0.043412140145543295}, {"l": "Mutton & Goat Meat", "v": 0.0058551953911034479}]}, {"source": 5, "prod": 26.0, "target": 3, "value": 0.10555889179911523, "supply": [{"l": "Sugar", "v": 0.091276592761003084}, {"l": "Sweeteners, Other", "v": 0.014282299038112152}]}, {"source": 6, "prod": 1.0, "target": 3, "value": 0.0015436424212909091, "supply": [{"l": "Eggs", "v": 0.0015436424212909091}]}, {"source": 7, "prod": 46.0, "target": 3, "value": 0.021866941212210084, "supply": [{"l": "Beer", "v": 0.0091007409322933705}, {"l": "Wine", "v": 0.003193742940601881}, {"l": "Beverages, Fermented", "v": 0.0095724573393148309}]}, {"source": 8, "prod": 4.0, "target": 3, "value": 0.036775280191539805, "supply": [{"l": "Fats, Animals, Raw", "v": 0.019907664329751724}, {"l": "Butter, Ghee", "v": 0.016867615861788081}]}, {"source": 9, "prod": 53.0, "target": 3, "value": 0.055126738862796835, "supply": [{"l": "Roots, Other", "v": 0.051759586839017796}, {"l": "Potatoes", "v": 0.0033671520237790378}]}, {"source": 10, "prod": 15.0, "target": 3, "value": 0.059411068358939056, "supply": [{"l": "Pulses, Other", "v": 0.059411068358939056}]}, {"source": 11, "prod": 8.0, "target": 3, "value": 0.0068377897550027508, "supply": [{"l": "Freshwater Fish", "v": 0.0012961882926870228}, {"l": "Fish, Seafood", "v": 0.0034057440240515763}, {"l": "Marine Fish, Other", "v": 0.0021358574382641512}]}, {"source": 12, "prod": 17.0, "target": 3, "value": 0.0080260448342409918, "supply": [{"l": "Fruits, Other", "v": 0.0071032151258605576}, {"l": "Oranges, Mandarines", "v": 0.00092282970838043472}]}, {"source": 2, "prod": 153.0, "target": 3, "value": 0.53938235759055009, "supply": [{"l": "Maize", "v": 0.26957224711185301}, {"l": "Rice", "v": 0.012381298587437502}, {"l": "Sorghum", "v": 0.11562963831014592}, {"l": "Cereals, Other", "v": 0.036848634269766298}, {"l": "Wheat", "v": 0.10495053931134724}]}, {"source": 13, "prod": 5.0, "target": 3, "value": 0.050977978858678677, "supply": [{"l": "Oilcrops Oil, Other", "v": 0.03041205964334328}, {"l": "Sunflowerseed Oil", "v": 0.020565919215335401}]}, {"source": 14, "prod": 2.0, "target": 3, "value": 0.001209636205893807, "supply": [{"l": "Coffee", "v": 0.00075803868902678576}, {"l": "Tea", "v": 0.00045159751686702133}]}, {"source": 15, "prod": 23.0, "target": 3, "value": 0.0065602698258112966, "supply": [{"l": "Vegetables, Other", "v": 0.0054206680382810953}, {"l": "Onions", "v": 0.0011396017875302015}]}, {"source": 2, "prod": 9.0, "target": 16, "value": 0.030218020853979177, "supply": [{"l": "Sorghum", "v": 0.021680557183152361}, {"l": "Barley", "v": 0.0085374636708268163}]}, {"source": 17, "prod": 2.0, "target": 16, "value": 0.014150055528500001, "supply": [{"l": "Cottonseed", "v": 0.014150055528500001}]}, {"source": 2, "prod": 1.0, "target": 18, "value": 0.0028458212236089392, "supply": [{"l": "Barley", "v": 0.0028458212236089392}]}, {"source": 13, "prod": 1.0, "target": 18, "value": 0.010137353214447762, "supply": [{"l": "Oilcrops Oil, Other", "v": 0.010137353214447762}]}, {"source": 5, "prod": 18.0, "target": 18, "value": 0.074680848622638893, "supply": [{"l": "Sugar", "v": 0.074680848622638893}]}, {"source": 8, "prod": 5.0, "target": 18, "value": 0.049769160824379315, "supply": [{"l": "Fats, Animals, Raw", "v": 0.049769160824379315}]}, {"source": 2, "prod": 3.0, "target": 2, "value": 0.010919622902765668, "supply": [{"l": "Maize", "v": 0.0036927705083815484}, {"l": "Sorghum", "v": 0.0072268523943841197}]}, {"source": 10, "prod": 1.0, "target": 10, "value": 0.003960737890595937, "supply": [{"l": "Pulses, Other", "v": 0.003960737890595937}]}, {"source": 9, "prod": 7.0, "target": 19, "value": 0.0073942266912882561, "supply": [{"l": "Roots, Other", "v": 0.0073942266912882561}]}, {"source": 15, "prod": 2.0, "target": 19, "value": 0.00051625409888391381, "supply": [{"l": "Vegetables, Other", "v": 0.00051625409888391381}]}, {"source": 0, "prod": 7.0, "target": 19, "value": 0.0049840928739957888, "supply": [{"l": "Milk - Excluding Butter", "v": 0.0049840928739957888}]}, {"source": 10, "prod": 1.0, "target": 19, "value": 0.003960737890595937, "supply": [{"l": "Pulses, Other", "v": 0.003960737890595937}]}, {"source": 12, "prod": 1.0, "target": 19, "value": 0.00050737250899003986, "supply": [{"l": "Fruits, Other", "v": 0.00050737250899003986}]}, {"source": 2, "prod": 12.0, "target": 19, "value": 0.043529910993168081, "supply": [{"l": "Maize", "v": 0.01846385254190774}, {"l": "Wheat", "v": 0.0033855012681079755}, {"l": "Sorghum", "v": 0.021680557183152361}]}, {"source": 20, "prod": 80.0, "target": 1, "value": 0.059410331536093409, "supply": [{"l": "Milk - Excluding Butter", "v": 0.053400995078526303}, {"l": "Fish, Seafood", "v": 0.0017028720120257882}, {"l": "Bovine Meat", "v": 0.0021706070072771647}, {"l": "Marine Fish, Other", "v": 0.0021358574382641512}]}, {"source": 20, "prod": 242.0, "target": 2, "value": 0.85822532134658691, "supply": [{"l": "Maize", "v": 0.36189150982139173}, {"l": "Barley", "v": 0.011383284894435757}, {"l": "Rice", "v": 0.012381298587437502}, {"l": "Sorghum", "v": 0.31798150535290132}, {"l": "Cereals, Other", "v": 0.0394806795747496}, {"l": "Wheat", "v": 0.11510704311567116}]}, {"source": 20, "prod": 4.0, "target": 10, "value": 0.015842951562383748, "supply": [{"l": "Pulses, Other", "v": 0.015842951562383748}]}, {"source": 20, "prod": 58.0, "target": 16, "value": 0.27534615033752219, "supply": [{"l": "Fats, Animals, Raw", "v": 0.0099538321648758622}, {"l": "Sugar", "v": 0.16595744138364196}, {"l": "Beer", "v": 0.00056879630826833566}, {"l": "Oilcrops Oil, Other", "v": 0.060824119286686559}, {"l": "Wine", "v": 0.003193742940601881}, {"l": "Sweeteners, Other", "v": 0.014282299038112152}, {"l": "Sunflowerseed Oil", "v": 0.020565919215335401}]}, {"source": 20, "prod": 9.0, "target": 15, "value": 0.0026348172893007559, "supply": [{"l": "Vegetables, Other", "v": 0.0020650163955356553}, {"l": "Onions", "v": 0.00056980089376510075}]}, {"source": 20, "prod": 2.0, "target": 14, "value": 0.001209636205893807, "supply": [{"l": "Coffee", "v": 0.00075803868902678576}, {"l": "Tea", "v": 0.00045159751686702133}]}, {"source": 20, "prod": 9.0, "target": 12, "value": 0.0039670647623206738, "supply": [{"l": "Fruits, Other", "v": 0.0030442350539402392}, {"l": "Oranges, Mandarines", "v": 0.00092282970838043472}]}, {"source": 20, "prod": 5.0, "target": 9, "value": 0.0042089400297237968, "supply": [{"l": "Potatoes", "v": 0.0042089400297237968}]}, {"source": 9, "prod": 1.0, "target": 21, "value": 0.00084178800594475944, "supply": [{"l": "Potatoes", "v": 0.00084178800594475944}]}, {"source": 2, "prod": 1.0, "target": 21, "value": 0.0033855012681079755, "supply": [{"l": "Wheat", "v": 0.0033855012681079755}]}, {"source": 4, "prod": 34.0, "target": 21, "value": 0.071891465026830206, "supply": [{"l": "Meat, Other", "v": 0.0024320407939609377}, {"l": "Bovine Meat", "v": 0.069459424232869271}]}, {"source": 8, "prod": 4.0, "target": 21, "value": 0.039815328659503449, "supply": [{"l": "Fats, Animals, Raw", "v": 0.039815328659503449}]}, {"source": 2, "prod": 58.0, "target": 22, "value": 0.20802278721315376, "supply": [{"l": "Sorghum", "v": 0.16983103126802682}, {"l": "Maize", "v": 0.029542164067052387}, {"l": "Wheat", "v": 0.0033855012681079755}, {"l": "Cereals, Other", "v": 0.0052640906099666145}]}, {"source": 13, "prod": 2.0, "target": 22, "value": 0.020274706428895523, "supply": [{"l": "Oilcrops Oil, Other", "v": 0.020274706428895523}]}, {"source": 1, "prod": 173.0, "target": 0, "value": 0.12317829531446733, "supply": [{"l": "Milk - Excluding Butter", "v": 0.12317829531446733}]}, {"source": 1, "prod": 1.0, "target": 6, "value": 0.0015436424212909091, "supply": [{"l": "Eggs", "v": 0.0015436424212909091}]}, {"source": 1, "prod": 71.0, "target": 4, "value": 0.13698836046606874, "supply": [{"l": "Poultry Meat", "v": 0.0013061589718615385}, {"l": "Bovine Meat", "v": 0.11287156437841256}, {"l": "Meat, Other", "v": 0.0072961223818828131}, {"l": "Offals, Edible", "v": 0.0096593193428083837}, {"l": "Mutton & Goat Meat", "v": 0.0058551953911034479}]}, {"source": 1, "prod": 8.0, "target": 11, "value": 0.0068377897550027508, "supply": [{"l": "Freshwater Fish", "v": 0.0012961882926870228}, {"l": "Marine Fish, Other", "v": 0.0021358574382641512}, {"l": "Fish, Seafood", "v": 0.0034057440240515763}]}, {"source": 16, "prod": 44.0, "target": 5, "value": 0.18023974042175411, "supply": [{"l": "Sweeteners, Other", "v": 0.014282299038112152}, {"l": "Sugar", "v": 0.16595744138364199}]}, {"source": 16, "prod": 8.0, "target": 13, "value": 0.081390038502021964, "supply": [{"l": "Oilcrops Oil, Other", "v": 0.060824119286686559}, {"l": "Sunflowerseed Oil", "v": 0.020565919215335401}]}, {"source": 16, "prod": 13.0, "target": 8, "value": 0.12635976967542256, "supply": [{"l": "Fats, Animals, Raw", "v": 0.10949215381363449}, {"l": "Butter, Ghee", "v": 0.016867615861788081}]}, {"source": 16, "prod": 46.0, "target": 7, "value": 0.021866941212210084, "supply": [{"l": "Beer", "v": 0.0091007409322933705}, {"l": "Beverages, Fermented", "v": 0.0095724573393148309}, {"l": "Wine", "v": 0.003193742940601881}]}, {"source": 9, "prod": 29.25, "target": 23, "value": 0.11252648856503013, "supply": [{"l": "Roots, Other", "v": 0.097626666480000013}, {"l": "Potatoes", "v": 0.0043583333250000007}]}, {"source": 2, "prod": 259.0, "target": 23, "value": 0.87521308316221513, "supply": [{"l": "Maize", "v": 0.34517999934000004}, {"l": "Barley", "v": 0.010864673241669788}, {"l": "Rice", "v": 0.010459999980000002}, {"l": "Wheat", "v": 0.12203333310000003}, {"l": "Cereals, Other", "v": 0.062759999880000014}, {"l": "Sorghum", "v": 0.34517999934000004}, {"l": "Millet", "v": 0.0034866666600000002}]}, {"source": 15, "prod": 20.5, "target": 23, "value": 0.04850691513139814, "supply": [{"l": "Vegetables, Other", "v": 0.066246666540000013}, {"l": "Onions", "v": 0.0052299999900000012}]}, {"source": 10, "prod": 15.0, "target": 23, "value": 0.052299999900000005, "supply": [{"l": "Pulses, Other", "v": 0.052299999900000005}]}, {"source": 17, "prod": 2.0, "target": 23, "value": 0.0069733333199999996, "supply": [{"l": "Cottonseed", "v": 0.0069733333199999996}]}, {"source": 24, "prod": 0, "target": 17, "value": 6.894597850821686e-06, "supply": "[{\"l\":'Energy for power irrigation',\"v\":6.894597850821686e-06}]"}, {"source": 24, "prod": 0, "target": 15, "value": 7.0669627970922289e-05, "supply": "[{\"l\":'Energy for power irrigation',\"v\":7.0669627970922289e-05}]"}, {"source": 24, "prod": 0, "target": 9, "value": 0.00020166698713653433, "supply": "[{\"l\":'Energy for power irrigation',\"v\":0.00020166698713653433}]"}, {"source": 24, "prod": 0, "target": 10, "value": 5.1709483881162646e-05, "supply": "[{\"l\":'Energy for power irrigation',\"v\":5.1709483881162646e-05}]"}, {"source": 24, "prod": 0, "target": 2, "value": 0.00044642521084070418, "supply": "[{\"l\":'Energy for power irrigation',\"v\":0.00044642521084070418}]"}, {"source": 24, "prod": 0, "target": 12, "value": 4.9985834418457225e-05, "supply": "[{\"l\":'Energy for power irrigation',\"v\":4.9985834418457225e-05}]"}, {"source": 24, "prod": 0, "target": 16, "value": 0.0051745462536692882, "supply": "[{\"l\":'Electricity',\"v\":0.0051745462536692882}]"}, {"source": 25, "prod": 0, "target": 24, "value": 0.015443535175769988, "supply": [{"l": "Coal", "v": 0.01368019279007057}, {"l": "Natural gas", "v": 0.0}, {"l": "Oil", "v": 0.0017633423856994177}]}, {"source": 25, "prod": 0, "target": 17, "value": 0.0018668357168769014, "supply": [{"l": "Gas-Diesel oil", "v": 0.0010903642240165973}, {"l": "Liquefied petroleum gas (LPG)", "v": 0.00039980021547275234}, {"l": "Coal", "v": 0.00037667127738755181}]}, {"source": 25, "prod": 0, "target": 15, "value": 0.019135066097988238, "supply": [{"l": "Gas-Diesel oil", "v": 0.011176233296170122}, {"l": "Liquefied petroleum gas (LPG)", "v": 0.0040979522085957112}, {"l": "Coal", "v": 0.0038608805932224062}]}, {"source": 25, "prod": 0, "target": 9, "value": 0.054604944718649365, "supply": [{"l": "Gas-Diesel oil", "v": 0.031893153552485468}, {"l": "Liquefied petroleum gas (LPG)", "v": 0.011694156302578005}, {"l": "Coal", "v": 0.01101763486358589}]}, {"source": 25, "prod": 0, "target": 10, "value": 0.01400126787657676, "supply": [{"l": "Gas-Diesel oil", "v": 0.0081777316801244799}, {"l": "Liquefied petroleum gas (LPG)", "v": 0.0029985016160456422}, {"l": "Coal", "v": 0.0028250345804066387}]}, {"source": 25, "prod": 0, "target": 2, "value": 0.12087761266777935, "supply": [{"l": "Gas-Diesel oil", "v": 0.070601083505074672}, {"l": "Liquefied petroleum gas (LPG)", "v": 0.02588706395186071}, {"l": "Coal", "v": 0.02438946521084398}]}, {"source": 25, "prod": 0, "target": 12, "value": 0.013534558947357535, "supply": [{"l": "Gas-Diesel oil", "v": 0.0079051406241203298}, {"l": "Liquefied petroleum gas (LPG)", "v": 0.0028985515621774544}, {"l": "Coal", "v": 0.002730866761059751}]}, {"source": 26, "prod": 0.0099585062240663911, "target": 17, "value": 8.3384048015070544e-05, "supply": [{"l": "Potash", "v": 0.001025555556376}, {"l": "Phosphate", "v": 0.00168333333468}, {"l": "Nitrogen", "v": 0.0073388888947599996}]}, {"source": 26, "prod": 0.10207468879668051, "target": 15, "value": 0.000854686492154473, "supply": [{"l": "Potash", "v": 0.001025555556376}, {"l": "Phosphate", "v": 0.00168333333468}, {"l": "Nitrogen", "v": 0.0073388888947599996}]}, {"source": 26, "prod": 0.29128630705394193, "target": 9, "value": 0.0024389834044408133, "supply": [{"l": "Potash", "v": 0.001025555556376}, {"l": "Phosphate", "v": 0.00168333333468}, {"l": "Nitrogen", "v": 0.0073388888947599996}]}, {"source": 26, "prod": 0.074688796680497938, "target": 10, "value": 0.00062538036011302906, "supply": [{"l": "Potash", "v": 0.001025555556376}, {"l": "Phosphate", "v": 0.00168333333468}, {"l": "Nitrogen", "v": 0.0073388888947599996}]}, {"source": 26, "prod": 0.6448132780082988, "target": 2, "value": 0.0053991171089758172, "supply": [{"l": "Potash", "v": 0.001025555556376}, {"l": "Phosphate", "v": 0.00168333333468}, {"l": "Nitrogen", "v": 0.0073388888947599996}]}, {"source": 26, "prod": 0.072199170124481335, "target": 12, "value": 0.00060453434810926146, "supply": [{"l": "Potash", "v": 0.001025555556376}, {"l": "Phosphate", "v": 0.00168333333468}, {"l": "Nitrogen", "v": 0.0073388888947599996}]}, {"source": 25, "prod": 0, "target": 26, "value": 0.012828243963984864, "supply": [{"l": "Natural gas (including LNG)", "v": 0.0084460213074743391}, {"l": "Fuel oil", "v": 0.0030849185594274825}, {"l": "Liquefied petroleum gas (LPG)", "v": 0.00064865204854152052}, {"l": "Coal", "v": 0.00064865204854152052}]}, {"source": 27, "prod": 0, "target": 9, "value": 0.03154968598760087, "supply": "[{\"l\":'Labor',\"v\":0.03154968598760087}]"}, {"source": 27, "prod": 0, "target": 10, "value": 0.0080896630737438118, "supply": "[{\"l\":'Labor',\"v\":0.0080896630737438118}]"}, {"source": 27, "prod": 0, "target": 2, "value": 0.069840757869988251, "supply": "[{\"l\":'Labor',\"v\":0.069840757869988251}]"}, {"source": 27, "prod": 0, "target": 14, "value": 0.00053931087158292084, "supply": "[{\"l\":'Labor',\"v\":0.00053931087158292084}]"}, {"source": 27, "prod": 0, "target": 15, "value": 0.011055872867449877, "supply": "[{\"l\":'Labor',\"v\":0.011055872867449877}]"}, {"source": 27, "prod": 0, "target": 12, "value": 0.0078200076379523527, "supply": "[{\"l\":'Labor',\"v\":0.0078200076379523527}]"}, {"source": 27, "prod": 0, "target": 17, "value": 0.0010786217431658417, "supply": "[{\"l\":'Labor',\"v\":0.0010786217431658417}]"}, {"source": 25, "prod": 0, "target": 20, "value": 0.50957045834640491, "supply": "[{\"l\":'Fossil Fuels',\"v\":0.50957045834640491}]"}, {"source": 28, "prod": 0, "target": 20, "value": 0.50425925550489104, "supply": "[{\"l\":'Renewables & Nuclear',\"v\":0.00035440948977319241},{\"l\":'Biomass & Waste',\"v\":0.50390484601511787}]"}]}