{"nodes": [{"layer": 3, "name": "Cereals", "fill": "#e7ba52"}, {"layer": 5, "name": "Production", "fill": "#b5cf6b"}, {"layer": 3, "name": "Oilcrops", "fill": "#ff9896"}, {"layer": 3, "name": "Starchy Roots"}, {"layer": 3, "name": "Fruits & Vegetables"}, {"layer": 1, "name": "Electricity", "fill": "#bcbd22"}, {"layer": 0, "name": "Fossil Fuels", "fill": "#c49c94"}, {"layer": 1, "name": "Fertilizers", "fill": "#c5b0d5"}, {"layer": 0, "name": "Labor", "fill": "#7f7f7f"}], "links": [{"source": 0, "prod": 51.0, "target": 1, "value": 0.18504322569366971, "supply": [{"l": "Maize", "v": 0.047987144835782612}, {"l": "Sorghum", "v": 0.10840023899745577}, {"l": "Wheat", "v": 0.0033946689035118773}, {"l": "Millet", "v": 0.025261172956919462}]}, {"source": 2, "prod": 5.0, "target": 1, "value": 0.032240632849746834, "supply": [{"l": "Cottonseed", "v": 0.012896253139898735}, {"l": "Groundnuts", "v": 0.019344379709848102}]}, {"source": 3, "prod": 35.0, "target": 1, "value": 0.036901125201774507, "supply": [{"l": "Roots, Other", "v": 0.036901125201774507}]}, {"source": 4, "prod": 30.0, "target": 1, "value": 0.053897779984715927, "supply": [{"l": "Fruits, Other", "v": 0.0031414734285284632}, {"l": "Pulses, Other", "v": 0.047557583078035509}, {"l": "Vegetables, Other", "v": 0.0027905487994452196}, {"l": "Onions", "v": 0.00040817467870673076}]}, {"source": 5, "prod": 0, "target": 3, "value": 1.1749669009620318e-05, "supply": "[{\"l\":'Energy for power irrigation',\"v\":1.1749669009620318e-05}]"}, {"source": 5, "prod": 0, "target": 4, "value": 1.0756739234159446e-05, "supply": "[{\"l\":'Energy for power irrigation',\"v\":1.0756739234159446e-05}]"}, {"source": 5, "prod": 0, "target": 0, "value": 2.747105712108412e-05, "supply": "[{\"l\":'Energy for power irrigation',\"v\":2.747105712108412e-05}]"}, {"source": 5, "prod": 0, "target": 2, "value": 1.6548829591014531e-06, "supply": "[{\"l\":'Energy for power irrigation',\"v\":1.6548829591014531e-06}]"}, {"source": 6, "prod": 0, "target": 5, "value": 0.00013344263172012619, "supply": [{"l": "Coal", "v": 0.00010896365662275299}, {"l": "Natural gas", "v": 0.0}, {"l": "Oil", "v": 2.4478975097373206e-05}]}, {"source": 6, "prod": 0, "target": 3, "value": 0.051027836983195941, "supply": [{"l": "Gas-Diesel oil", "v": 0.029803869388415331}, {"l": "Liquefied petroleum gas (LPG)", "v": 0.010928085442418954}, {"l": "Coal", "v": 0.010295882152361661}]}, {"source": 6, "prod": 0, "target": 4, "value": 0.046715625407151212, "supply": [{"l": "Gas-Diesel oil", "v": 0.027285232538690092}, {"l": "Liquefied petroleum gas (LPG)", "v": 0.010004585264186365}, {"l": "Coal", "v": 0.00942580760427476}]}, {"source": 6, "prod": 0, "target": 0, "value": 0.1193045202705708, "supply": [{"l": "Gas-Diesel oil", "v": 0.06968228617573162}, {"l": "Liquefied petroleum gas (LPG)", "v": 0.025550171597768258}, {"l": "Coal", "v": 0.024072062497070924}]}, {"source": 6, "prod": 0, "target": 2, "value": 0.0071870192934078789, "supply": [{"l": "Gas-Diesel oil", "v": 0.0041977280828753988}, {"l": "Liquefied petroleum gas (LPG)", "v": 0.0015391669637209793}, {"l": "Coal", "v": 0.0014501242468115015}]}, {"source": 7, "prod": 0.34644263193980634, "target": 3, "value": 0.0046549958319524135, "supply": [{"l": "Potash", "v": 6.9930748286700645e-05}, {"l": "Phosphate", "v": 0.0021041666683499997}, {"l": "Nitrogen", "v": 0.018347222236899996}]}, {"source": 7, "prod": 0.31716578980404808, "target": 4, "value": 0.0042616159024916464, "supply": [{"l": "Potash", "v": 6.9930748286700645e-05}, {"l": "Phosphate", "v": 0.0021041666683499997}, {"l": "Nitrogen", "v": 0.018347222236899996}]}, {"source": 7, "prod": 0.80999263242264585, "target": 0, "value": 0.010883511381747897, "supply": [{"l": "Potash", "v": 6.9930748286700645e-05}, {"l": "Phosphate", "v": 0.0021041666683499997}, {"l": "Nitrogen", "v": 0.018347222236899996}]}, {"source": 7, "prod": 0.048794736892930471, "target": 2, "value": 0.00065563321576794559, "supply": [{"l": "Potash", "v": 6.9930748286700645e-05}, {"l": "Phosphate", "v": 0.0021041666683499997}, {"l": "Nitrogen", "v": 0.018347222236899996}]}, {"source": 6, "prod": 0, "target": 7, "value": 0.024152808659154638, "supply": [{"l": "Natural gas (including LNG)", "v": 0.016562234632054265}, {"l": "Fuel oil", "v": 0.0043473137843927723}, {"l": "Liquefied petroleum gas (LPG)", "v": 0.0016216301213538009}, {"l": "Coal", "v": 0.0016216301213538009}]}, {"source": 8, "prod": 0, "target": 3, "value": 0.016850417087718311, "supply": "[{\"l\":'Labor',\"v\":0.016850417087718311}]"}, {"source": 8, "prod": 0, "target": 4, "value": 0.015426438178897045, "supply": "[{\"l\":'Labor',\"v\":0.015426438178897045}]"}, {"source": 8, "prod": 0, "target": 0, "value": 0.039396749810721686, "supply": "[{\"l\":'Labor',\"v\":0.039396749810721686}]"}, {"source": 8, "prod": 0, "target": 2, "value": 0.0023732981813687761, "supply": "[{\"l\":'Labor',\"v\":0.0023732981813687761}]"}]}