{"nodes": [{"layer": 13, "name": "Milk - Excluding Butter"}, {"layer": 10, "name": "Feed", "fill": "#dbdb8d"}, {"layer": 5, "name": "Maize"}, {"layer": 16, "name": "Food", "fill": "#b5cf6b"}, {"layer": 5, "name": "Vegetables, Other"}, {"layer": 5, "name": "Fruits, Other"}, {"layer": 13, "name": "Sugar", "fill": "#d6616b"}, {"layer": 13, "name": "Beer"}, {"layer": 13, "name": "Groundnut Oil"}, {"layer": 13, "name": "Beverages, Alcoholic"}, {"layer": 5, "name": "Rice"}, {"layer": 13, "name": "Meat, Other"}, {"layer": 13, "name": "Fats, Animals, Raw"}, {"layer": 5, "name": "Wheat"}, {"layer": 13, "name": "Eggs"}, {"layer": 5, "name": "Roots, Other"}, {"layer": 13, "name": "Butter, Ghee"}, {"layer": 13, "name": "Sunflowerseed Oil"}, {"layer": 13, "name": "Pigmeat"}, {"layer": 5, "name": "Cereals, Other"}, {"layer": 5, "name": "Potatoes"}, {"layer": 13, "name": "Freshwater Fish"}, {"layer": 5, "name": "Pulses, Other"}, {"layer": 13, "name": "Fish, Seafood"}, {"layer": 13, "name": "Oilcrops Oil, Other"}, {"layer": 5, "name": "Sorghum"}, {"layer": 13, "name": "Mutton & Goat Meat"}, {"layer": 13, "name": "Sweeteners, Other"}, {"layer": 13, "name": "Beverages, Fermented"}, {"layer": 5, "name": "Tea"}, {"layer": 5, "name": "Millet"}, {"layer": 13, "name": "Poultry Meat"}, {"layer": 13, "name": "Offals, Edible"}, {"layer": 5, "name": "Oranges, Mandarines"}, {"layer": 13, "name": "Bovine Meat"}, {"layer": 5, "name": "Onions"}, {"layer": 5, "name": "Cottonseed"}, {"layer": 10, "name": "Processing", "fill": "#9edae5"}, {"layer": 5, "name": "Barley"}, {"layer": 16, "name": "Biofuels & Other", "fill": "#e7ba52"}, {"name": "Seed", "fill": "#dbdb8d"}, {"name": "Waste", "fill": "#c7c7c7"}, {"layer": 0, "name": "Import", "fill": "#aec7e8"}, {"layer": 16, "name": "Export", "fill": "#aec7e8"}, {"layer": 5, "name": "Groundnuts"}, {"layer": 16, "name": "Stock Deposit", "fill": "#c7c7c7"}, {"layer": 0, "name": "Production", "fill": "#b5cf6b"}, {"layer": 5, "name": "Sunflower seed"}], "links": [{"source": 0, "prod": 0.0082691030820825299, "target": 1, "value": 12.0, "supply": [{"l": "Milk - Excluding Butter", "v": 12.0}]}, {"source": 2, "prod": 0.018456594167608694, "target": 1, "value": 5.0, "supply": [{"l": "Maize", "v": 5.0}]}, {"source": 2, "prod": 0.169800666342, "target": 3, "value": 46.0, "supply": [{"l": "Maize", "v": 46.0}]}, {"source": 4, "prod": 0.0040510569616006359, "target": 3, "value": 15.0, "supply": [{"l": "Vegetables, Other", "v": 15.0}]}, {"source": 5, "prod": 0.0045691531651366147, "target": 3, "value": 9.0, "supply": [{"l": "Fruits, Other", "v": 9.0}]}, {"source": 6, "prod": 0.053883337271371887, "target": 3, "value": 13.0, "supply": [{"l": "Sugar", "v": 13.0}]}, {"source": 7, "prod": 0.0097423132313722519, "target": 3, "value": 17.0, "supply": [{"l": "Beer", "v": 17.0}]}, {"source": 8, "prod": 0.010389900912534965, "target": 3, "value": 1.0, "supply": [{"l": "Groundnut Oil", "v": 1.0}]}, {"source": 9, "prod": 0.0036516272331612904, "target": 3, "value": 1.0, "supply": [{"l": "Beverages, Alcoholic", "v": 1.0}]}, {"source": 10, "prod": 0.004323628078152778, "target": 3, "value": 1.0, "supply": [{"l": "Rice", "v": 1.0}]}, {"source": 11, "prod": 0.0062084338699085924, "target": 3, "value": 5.0, "supply": [{"l": "Meat, Other", "v": 5.0}]}, {"source": 12, "prod": 0.0099234155654415596, "target": 3, "value": 1.0, "supply": [{"l": "Fats, Animals, Raw", "v": 1.0}]}, {"source": 13, "prod": 0.061041038399691862, "target": 3, "value": 18.0, "supply": [{"l": "Wheat", "v": 18.0}]}, {"source": 14, "prod": 0.0014982411736058823, "target": 3, "value": 1.0, "supply": [{"l": "Eggs", "v": 1.0}]}, {"source": 15, "prod": 0.04130666463729267, "target": 3, "value": 39.0, "supply": [{"l": "Roots, Other", "v": 39.0}]}, {"source": 16, "prod": 0.0082910481612304687, "target": 3, "value": 1.0, "supply": [{"l": "Butter, Ghee", "v": 1.0}]}, {"source": 17, "prod": 0.010137353214447762, "target": 3, "value": 1.0, "supply": [{"l": "Sunflowerseed Oil", "v": 1.0}]}, {"source": 18, "prod": 0.00342340053108871, "target": 3, "value": 1.0, "supply": [{"l": "Pigmeat", "v": 1.0}]}, {"source": 19, "prod": 0.0027467754849441178, "target": 3, "value": 1.0, "supply": [{"l": "Cereals, Other", "v": 1.0}]}, {"source": 20, "prod": 0.00075355325299704152, "target": 3, "value": 1.0, "supply": [{"l": "Potatoes", "v": 1.0}]}, {"source": 21, "prod": 0.00181604990740107, "target": 3, "value": 2.0, "supply": [{"l": "Freshwater Fish", "v": 2.0}]}, {"source": 0, "prod": 0.047547342721974542, "target": 3, "value": 69.0, "supply": [{"l": "Milk - Excluding Butter", "v": 69.0}]}, {"source": 22, "prod": 0.059506249186724966, "target": 3, "value": 15.0, "supply": [{"l": "Pulses, Other", "v": 15.0}]}, {"source": 23, "prod": 0.0014512877465128206, "target": 3, "value": 2.0, "supply": [{"l": "Fish, Seafood", "v": 2.0}]}, {"source": 24, "prod": 0.0099882744907058823, "target": 3, "value": 1.0, "supply": [{"l": "Oilcrops Oil, Other", "v": 1.0}]}, {"source": 25, "prod": 0.12265746303947683, "target": 3, "value": 34.0, "supply": [{"l": "Sorghum", "v": 34.0}]}, {"source": 26, "prod": 0.0045715564015153844, "target": 3, "value": 3.0, "supply": [{"l": "Mutton & Goat Meat", "v": 3.0}]}, {"source": 27, "prod": 0.0049456504759805824, "target": 3, "value": 2.0, "supply": [{"l": "Sweeteners, Other", "v": 2.0}]}, {"source": 28, "prod": 0.0099264849794735554, "target": 3, "value": 28.0, "supply": [{"l": "Beverages, Fermented", "v": 28.0}]}, {"source": 29, "prod": 0.0006064309512214287, "target": 3, "value": 1.0, "supply": [{"l": "Tea", "v": 1.0}]}, {"source": 30, "prod": 0.010915757121985715, "target": 3, "value": 3.0, "supply": [{"l": "Millet", "v": 3.0}]}, {"source": 31, "prod": 0.0013405315763842104, "target": 3, "value": 1.0, "supply": [{"l": "Poultry Meat", "v": 1.0}]}, {"source": 32, "prod": 0.0075976150422911951, "target": 3, "value": 6.0, "supply": [{"l": "Offals, Edible", "v": 6.0}]}, {"source": 33, "prod": 0.00027211645247115384, "target": 3, "value": 1.0, "supply": [{"l": "Oranges, Mandarines", "v": 1.0}]}, {"source": 34, "prod": 0.0069448125293251539, "target": 3, "value": 4.0, "supply": [{"l": "Bovine Meat", "v": 4.0}]}, {"source": 35, "prod": 0.00053062708231875, "target": 3, "value": 1.0, "supply": [{"l": "Onions", "v": 1.0}]}, {"source": 36, "prod": 0.012128619024428572, "target": 37, "value": 2.0, "supply": [{"l": "Cottonseed", "v": 2.0}]}, {"source": 25, "prod": 0.021645434654025322, "target": 37, "value": 6.0, "supply": [{"l": "Sorghum", "v": 6.0}]}, {"source": 38, "prod": 0.0058658412009054547, "target": 37, "value": 2.0, "supply": [{"l": "Barley", "v": 2.0}]}, {"source": 12, "prod": 0.069463908958090917, "target": 39, "value": 7.0, "supply": [{"l": "Fats, Animals, Raw", "v": 7.0}]}, {"source": 38, "prod": 0.0029329206004527274, "target": 39, "value": 1.0, "supply": [{"l": "Barley", "v": 1.0}]}, {"source": 6, "prod": 0.058028209369169727, "target": 39, "value": 14.0, "supply": [{"l": "Sugar", "v": 14.0}]}, {"source": 2, "prod": 0.0036913188335217389, "target": 40, "value": 1.0, "supply": [{"l": "Maize", "v": 1.0}]}, {"source": 25, "prod": 0.0072151448846751072, "target": 40, "value": 2.0, "supply": [{"l": "Sorghum", "v": 2.0}]}, {"source": 22, "prod": 0.0039670832791149973, "target": 40, "value": 1.0, "supply": [{"l": "Pulses, Other", "v": 1.0}]}, {"source": 2, "prod": 0.022147913001130434, "target": 41, "value": 6.0, "supply": [{"l": "Maize", "v": 6.0}]}, {"source": 15, "prod": 0.005295726235550342, "target": 41, "value": 5.0, "supply": [{"l": "Roots, Other", "v": 5.0}]}, {"source": 13, "prod": 0.0033911687999828815, "target": 41, "value": 1.0, "supply": [{"l": "Wheat", "v": 1.0}]}, {"source": 4, "prod": 0.00054014092821341817, "target": 41, "value": 2.0, "supply": [{"l": "Vegetables, Other", "v": 2.0}]}, {"source": 5, "prod": 0.00050768368501517944, "target": 41, "value": 1.0, "supply": [{"l": "Fruits, Other", "v": 1.0}]}, {"source": 0, "prod": 0.0034454596175343866, "target": 41, "value": 5.0, "supply": [{"l": "Milk - Excluding Butter", "v": 5.0}]}, {"source": 22, "prod": 0.0039670832791149973, "target": 41, "value": 1.0, "supply": [{"l": "Pulses, Other", "v": 1.0}]}, {"source": 25, "prod": 0.014430289769350214, "target": 41, "value": 4.0, "supply": [{"l": "Sorghum", "v": 4.0}]}, {"source": 42, "prod": 0.0027467754849441178, "target": 19, "value": 1.0, "supply": [{"l": "Cereals, Other", "v": 1.0}]}, {"source": 42, "prod": 0.001507106505994083, "target": 20, "value": 2.0, "supply": [{"l": "Potatoes", "v": 2.0}]}, {"source": 42, "prod": 0.004323628078152778, "target": 10, "value": 1.0, "supply": [{"l": "Rice", "v": 1.0}]}, {"source": 42, "prod": 0.061041038399691862, "target": 13, "value": 18.0, "supply": [{"l": "Wheat", "v": 18.0}]}, {"source": 42, "prod": 0.0072489385203863077, "target": 1, "value": 9.0, "supply": [{"l": "Bovine Meat", "v": 1.0}, {"l": "Milk - Excluding Butter", "v": 8.0}]}, {"source": 42, "prod": 0.0087987618013581816, "target": 38, "value": 3.0, "supply": [{"l": "Barley", "v": 3.0}]}, {"source": 42, "prod": 0.15618204820751033, "target": 37, "value": 42.0, "supply": [{"l": "Sweeteners, Other", "v": 2.0}, {"l": "Sugar", "v": 27.0}, {"l": "Beer", "v": 9.0}, {"l": "Groundnut Oil", "v": 1.0}, {"l": "Beverages, Alcoholic", "v": 1.0}, {"l": "Oilcrops Oil, Other", "v": 1.0}, {"l": "Sunflowerseed Oil", "v": 1.0}]}, {"source": 42, "prod": 0.0006064309512214287, "target": 29, "value": 1.0, "supply": [{"l": "Tea", "v": 1.0}]}, {"source": 42, "prod": 0.00027211645247115384, "target": 33, "value": 1.0, "supply": [{"l": "Oranges, Mandarines", "v": 1.0}]}, {"source": 42, "prod": 0.10335692733860868, "target": 2, "value": 28.0, "supply": [{"l": "Maize", "v": 28.0}]}, {"source": 42, "prod": 0.0015230510550455381, "target": 5, "value": 3.0, "supply": [{"l": "Fruits, Other", "v": 3.0}]}, {"source": 42, "prod": 0.0036075724423375536, "target": 25, "value": 1.0, "supply": [{"l": "Sorghum", "v": 1.0}]}, {"source": 42, "prod": 0.00081021139232012726, "target": 4, "value": 3.0, "supply": [{"l": "Vegetables, Other", "v": 3.0}]}, {"source": 2, "prod": 0.0073826376670434778, "target": 43, "value": 2.0, "supply": [{"l": "Maize", "v": 2.0}]}, {"source": 12, "prod": 0.039693662261766238, "target": 43, "value": 4.0, "supply": [{"l": "Fats, Animals, Raw", "v": 4.0}]}, {"source": 34, "prod": 0.072920531557914114, "target": 43, "value": 42.0, "supply": [{"l": "Bovine Meat", "v": 42.0}]}, {"source": 22, "prod": 0.0039670832791149973, "target": 43, "value": 1.0, "supply": [{"l": "Pulses, Other", "v": 1.0}]}, {"source": 44, "prod": 0.0060643095122142861, "target": 43, "value": 1.0, "supply": [{"l": "Groundnuts", "v": 1.0}]}, {"source": 11, "prod": 0.0012416867739817184, "target": 43, "value": 1.0, "supply": [{"l": "Meat, Other", "v": 1.0}]}, {"source": 19, "prod": 0.0027467754849441178, "target": 45, "value": 1.0, "supply": [{"l": "Cereals, Other", "v": 1.0}]}, {"source": 2, "prod": 0.11443088383917389, "target": 45, "value": 31.0, "supply": [{"l": "Maize", "v": 31.0}]}, {"source": 25, "prod": 0.036075724423375533, "target": 45, "value": 10.0, "supply": [{"l": "Sorghum", "v": 10.0}]}, {"source": 46, "prod": 0.23255308651186957, "target": 2, "value": 63.0, "supply": [{"l": "Maize", "v": 63.0}]}, {"source": 46, "prod": 0.0037809864974939268, "target": 4, "value": 14.0, "supply": [{"l": "Vegetables, Other", "v": 14.0}]}, {"source": 46, "prod": 0.0040614694801214355, "target": 5, "value": 8.0, "supply": [{"l": "Fruits, Other", "v": 8.0}]}, {"source": 46, "prod": 0.0060643095122142861, "target": 47, "value": 1.0, "supply": [{"l": "Sunflower seed", "v": 1.0}]}, {"source": 46, "prod": 0.0033911687999828815, "target": 13, "value": 1.0, "supply": [{"l": "Wheat", "v": 1.0}]}, {"source": 46, "prod": 0.046602390872843014, "target": 15, "value": 44.0, "supply": [{"l": "Roots, Other", "v": 44.0}]}, {"source": 46, "prod": 0.012128619024428572, "target": 44, "value": 2.0, "supply": [{"l": "Groundnuts", "v": 2.0}]}, {"source": 46, "prod": 0.0027467754849441178, "target": 19, "value": 1.0, "supply": [{"l": "Cereals, Other", "v": 1.0}]}, {"source": 46, "prod": 0.012128619024428572, "target": 36, "value": 2.0, "supply": [{"l": "Cottonseed", "v": 2.0}]}, {"source": 46, "prod": 0.071407499024069954, "target": 22, "value": 18.0, "supply": [{"l": "Pulses, Other", "v": 18.0}]}, {"source": 46, "prod": 0.20202405677090302, "target": 25, "value": 56.0, "supply": [{"l": "Sorghum", "v": 56.0}]}, {"source": 46, "prod": 0.014554342829314287, "target": 30, "value": 4.0, "supply": [{"l": "Millet", "v": 4.0}]}, {"source": 46, "prod": 0.00053062708231875, "target": 35, "value": 1.0, "supply": [{"l": "Onions", "v": 1.0}]}, {"source": 1, "prod": 0.0013405315763842104, "target": 31, "value": 1.0, "supply": [{"l": "Poultry Meat", "v": 1.0}]}, {"source": 1, "prod": 0.00342340053108871, "target": 18, "value": 1.0, "supply": [{"l": "Pigmeat", "v": 1.0}]}, {"source": 1, "prod": 0.079865344087239262, "target": 34, "value": 46.0, "supply": [{"l": "Bovine Meat", "v": 46.0}]}, {"source": 1, "prod": 0.00181604990740107, "target": 21, "value": 2.0, "supply": [{"l": "Freshwater Fish", "v": 2.0}]}, {"source": 1, "prod": 0.05926190542159146, "target": 0, "value": 86.0, "supply": [{"l": "Milk - Excluding Butter", "v": 86.0}]}, {"source": 1, "prod": 0.0075976150422911951, "target": 32, "value": 6.0, "supply": [{"l": "Offals, Edible", "v": 6.0}]}, {"source": 1, "prod": 0.0014512877465128206, "target": 23, "value": 2.0, "supply": [{"l": "Fish, Seafood", "v": 2.0}]}, {"source": 1, "prod": 0.007450120643890311, "target": 11, "value": 6.0, "supply": [{"l": "Meat, Other", "v": 6.0}]}, {"source": 1, "prod": 0.0014982411736058823, "target": 14, "value": 1.0, "supply": [{"l": "Eggs", "v": 1.0}]}, {"source": 1, "prod": 0.0045715564015153844, "target": 26, "value": 3.0, "supply": [{"l": "Mutton & Goat Meat", "v": 3.0}]}, {"source": 37, "prod": 0.11908098678529871, "target": 12, "value": 12.0, "supply": [{"l": "Fats, Animals, Raw", "v": 12.0}]}, {"source": 37, "prod": 0.0049456504759805824, "target": 27, "value": 2.0, "supply": [{"l": "Sweeteners, Other", "v": 2.0}]}, {"source": 37, "prod": 0.0099264849794735554, "target": 28, "value": 28.0, "supply": [{"l": "Beverages, Fermented", "v": 28.0}]}, {"source": 37, "prod": 0.11191154664054162, "target": 6, "value": 27.0, "supply": [{"l": "Sugar", "v": 27.0}]}, {"source": 37, "prod": 0.0097423132313722519, "target": 7, "value": 17.0, "supply": [{"l": "Beer", "v": 17.0}]}, {"source": 37, "prod": 0.010389900912534965, "target": 8, "value": 1.0, "supply": [{"l": "Groundnut Oil", "v": 1.0}]}, {"source": 37, "prod": 0.0036516272331612904, "target": 9, "value": 1.0, "supply": [{"l": "Beverages, Alcoholic", "v": 1.0}]}, {"source": 37, "prod": 0.010137353214447762, "target": 17, "value": 1.0, "supply": [{"l": "Sunflowerseed Oil", "v": 1.0}]}, {"source": 37, "prod": 0.0099882744907058823, "target": 24, "value": 1.0, "supply": [{"l": "Oilcrops Oil, Other", "v": 1.0}]}, {"source": 37, "prod": 0.0082910481612304687, "target": 16, "value": 1.0, "supply": [{"l": "Butter, Ghee", "v": 1.0}]}]}