{"nodes": [{"layer": 13, "name": "Animal Products", "fill": "#17becf"}, {"layer": 10, "name": "Feed", "fill": "#dbdb8d"}, {"layer": 5, "name": "Cereals", "fill": "#e7ba52"}, {"layer": 13, "name": "Other Processed", "fill": "#9c9ede"}, {"layer": 16, "name": "Food", "fill": "#b5cf6b"}, {"layer": 5, "name": "Oilcrops", "fill": "#ff9896"}, {"layer": 5, "name": "Fruits, Roots & Vegetables", "fill": "#98df8a"}, {"layer": 13, "name": "Sugar", "fill": "#d6616b"}, {"layer": 13, "name": "Aquatic Products", "fill": "#1f77b4"}, {"layer": 13, "name": "Vegetable Oils", "fill": "#f7b6d2"}, {"layer": 10, "name": "Processing", "fill": "#9edae5"}, {"layer": 16, "name": "Biofuels & Other", "fill": "#e7ba52"}, {"name": "Waste", "fill": "#c7c7c7"}, {"layer": 2, "name": "Import", "fill": "#aec7e8"}, {"layer": 16, "name": "Export", "fill": "#aec7e8"}, {"layer": 16, "name": "Stock Deposit", "fill": "#c7c7c7"}, {"name": "Crop Residue", "fill": "#bd9e39"}, {"layer": 2, "name": "Electricity", "fill": "#bcbd22"}, {"layer": 0, "name": "Fossil Fuels", "fill": "#c49c94"}, {"layer": 2, "name": "Fertilizers", "fill": "#c5b0d5"}, {"layer": 0, "name": "Labor", "fill": "#7f7f7f"}, {"layer": 0, "name": "Renewables & Nuclear", "fill": "#2ca02c"}], "links": [{"source": 0, "prod": 8.0, "target": 1, "value": 0.0055516138318477491, "supply": [{"l": "Milk - Excluding Butter", "v": 0.0055516138318477491}]}, {"source": 2, "prod": 1.0, "target": 1, "value": 0.0036913188335217393, "supply": [{"l": "Maize", "v": 0.0036913188335217393}]}, {"source": 3, "prod": 49.0, "target": 4, "value": 0.037879532035614311, "supply": [{"l": "Beer", "v": 0.0068954585316548236}, {"l": "Butter, Ghee", "v": 0.008366091224879562}, {"l": "Fats, Animals, Raw", "v": 0.010087168297544555}, {"l": "Beverages, Fermented", "v": 0.012530813981535367}]}, {"source": 0, "prod": 80.0, "target": 4, "value": 0.083658160343780819, "supply": [{"l": "Milk - Excluding Butter", "v": 0.038167345093953281}, {"l": "Meat, Other", "v": 0.0049486532995846998}, {"l": "Mutton & Goat Meat", "v": 0.0061441030584276322}, {"l": "Offals, Edible", "v": 0.0039138451461808504}, {"l": "Bovine Meat", "v": 0.030484213745634356}]}, {"source": 2, "prod": 85.0, "target": 4, "value": 0.3075403884261308, "supply": [{"l": "Maize", "v": 0.10335692733860871}, {"l": "Sorghum", "v": 0.15537367589635323}, {"l": "Wheat", "v": 0.027157351228095018}, {"l": "Millet", "v": 0.021652433963073828}]}, {"source": 5, "prod": 1.0, "target": 4, "value": 0.0064481265699493674, "supply": [{"l": "Groundnuts", "v": 0.0064481265699493674}]}, {"source": 6, "prod": 62.0, "target": 4, "value": 0.080399266721721513, "supply": [{"l": "Roots, Other", "v": 0.032683853750143141}, {"l": "Potatoes", "v": 0.00075133038204424794}, {"l": "Fruits, Other", "v": 0.0036650523332832073}, {"l": "Pulses, Other", "v": 0.039631319231696251}, {"l": "Tea", "v": 0.00035672408895378151}, {"l": "Vegetables, Other", "v": 0.0025368625449501995}, {"l": "Oranges, Mandarines", "v": 0.00036594971194396549}, {"l": "Onions", "v": 0.00040817467870673076}]}, {"source": 7, "prod": 11.0, "target": 4, "value": 0.045476531103371416, "supply": [{"l": "Sugar", "v": 0.045476531103371416}]}, {"source": 8, "prod": 2.0, "target": 4, "value": 0.0012832490716726637, "supply": [{"l": "Freshwater Fish", "v": 0.00071344817790756302}, {"l": "Fish, Seafood", "v": 0.00056980089376510075}]}, {"source": 9, "prod": 1.0, "target": 4, "value": 0.010389900912534965, "supply": [{"l": "Groundnut Oil", "v": 0.010389900912534965}]}, {"source": 2, "prod": 9.0, "target": 10, "value": 0.031906742172148388, "supply": [{"l": "Sorghum", "v": 0.028906730399321533}, {"l": "Barley", "v": 0.0030000117728268549}]}, {"source": 5, "prod": 4.0, "target": 10, "value": 0.02579250627979747, "supply": [{"l": "Cottonseed", "v": 0.012896253139898735}, {"l": "Groundnuts", "v": 0.012896253139898735}]}, {"source": 9, "prod": 1.0, "target": 11, "value": 0.010612541646375, "supply": [{"l": "Oilcrops Oil, Other", "v": 0.010612541646375}]}, {"source": 7, "prod": 8.0, "target": 11, "value": 0.033073840802451945, "supply": [{"l": "Sugar", "v": 0.033073840802451945}]}, {"source": 6, "prod": 1.0, "target": 6, "value": 0.0039631319231696258, "supply": [{"l": "Pulses, Other", "v": 0.0039631319231696258}]}, {"source": 2, "prod": 3.0, "target": 2, "value": 0.010918001433352122, "supply": [{"l": "Maize", "v": 0.0036913188335217393}, {"l": "Sorghum", "v": 0.0072266825998303832}]}, {"source": 6, "prod": 7.0, "target": 12, "value": 0.0089576685340507622, "supply": [{"l": "Vegetables, Other", "v": 0.00025368625449501998}, {"l": "Pulses, Other", "v": 0.0039631319231696258}, {"l": "Fruits, Other", "v": 0.00052357890475474391}, {"l": "Roots, Other", "v": 0.0042172714516313728}]}, {"source": 0, "prod": 4.0, "target": 12, "value": 0.0027758069159238745, "supply": [{"l": "Milk - Excluding Butter", "v": 0.0027758069159238745}]}, {"source": 2, "prod": 7.0, "target": 12, "value": 0.025444741860549881, "supply": [{"l": "Maize", "v": 0.0073826376670434787}, {"l": "Sorghum", "v": 0.014453365199660766}, {"l": "Millet", "v": 0.0036087389938456375}]}, {"source": 13, "prod": 26.0, "target": 10, "value": 0.089051034262023848, "supply": [{"l": "Sugar", "v": 0.074416141805516867}, {"l": "Beer", "v": 0.0040223508101319798}, {"l": "Oilcrops Oil, Other", "v": 0.010612541646375}]}, {"source": 13, "prod": 65.0, "target": 2, "value": 0.23460986920354937, "supply": [{"l": "Maize", "v": 0.099665608505086961}, {"l": "Wheat", "v": 0.027157351228095018}, {"l": "Barley", "v": 0.0030000117728268549}, {"l": "Sorghum", "v": 0.10478689769754056}]}, {"source": 13, "prod": 7.0, "target": 6, "value": 0.0067379801701161288, "supply": [{"l": "Potatoes", "v": 0.00075133038204424794}, {"l": "Vegetables, Other", "v": 0.00025368625449501998}, {"l": "Fruits, Other", "v": 0.0010471578095094878}, {"l": "Oranges, Mandarines", "v": 0.00036594971194396549}, {"l": "Tea", "v": 0.00035672408895378151}, {"l": "Pulses, Other", "v": 0.0039631319231696258}]}, {"source": 6, "prod": 2.0, "target": 14, "value": 0.0079262638463392515, "supply": [{"l": "Pulses, Other", "v": 0.0079262638463392515}]}, {"source": 0, "prod": 9.0, "target": 14, "value": 0.014895591980376405, "supply": [{"l": "Bovine Meat", "v": 0.0087097753558955295}, {"l": "Meat, Other", "v": 0.0061858166244808744}]}, {"source": 2, "prod": 1.0, "target": 14, "value": 0.0036133412999151916, "supply": [{"l": "Sorghum", "v": 0.0036133412999151916}]}, {"source": 2, "prod": 9.0, "target": 15, "value": 0.033221869501695658, "supply": [{"l": "Maize", "v": 0.033221869501695658}]}, {"source": 1, "prod": 2.0, "target": 8, "value": 0.0012832490716726637, "supply": [{"l": "Freshwater Fish", "v": 0.00071344817790756302}, {"l": "Fish, Seafood", "v": 0.00056980089376510075}]}, {"source": 1, "prod": 101.0, "target": 0, "value": 0.10688117307192885, "supply": [{"l": "Milk - Excluding Butter", "v": 0.046494765841724905}, {"l": "Bovine Meat", "v": 0.039193989101529887}, {"l": "Meat, Other", "v": 0.011134469924065575}, {"l": "Offals, Edible", "v": 0.0039138451461808504}, {"l": "Mutton & Goat Meat", "v": 0.0061441030584276322}]}, {"source": 10, "prod": 49.0, "target": 3, "value": 0.037879532035614311, "supply": [{"l": "Fats, Animals, Raw", "v": 0.010087168297544555}, {"l": "Beer", "v": 0.0068954585316548236}, {"l": "Butter, Ghee", "v": 0.008366091224879562}, {"l": "Beverages, Fermented", "v": 0.012530813981535367}]}, {"source": 10, "prod": 2.0, "target": 9, "value": 0.021002442558909963, "supply": [{"l": "Oilcrops Oil, Other", "v": 0.010612541646375}, {"l": "Groundnut Oil", "v": 0.010389900912534965}]}, {"source": 10, "prod": 19.0, "target": 7, "value": 0.078550371905823368, "supply": [{"l": "Sugar", "v": 0.078550371905823368}]}, {"source": 6, "prod": 68.5, "target": 16, "value": 0.71864249754086906, "supply": [{"l": "Roots, Other", "v": 0.061016666549999987}, {"l": "Vegetables, Other", "v": 0.038353333260000004}, {"l": "Potatoes", "v": 0.00087166666500000005}, {"l": "Pulses, Other", "v": 0.045326666579999994}, {"l": "Onions", "v": 0.0034866666600000002}]}, {"source": 2, "prod": 166.0, "target": 16, "value": 0.58066657193479387, "supply": [{"l": "Maize", "v": 0.18827999964000003}, {"l": "Barley", "v": 0.0028966836707587816}, {"l": "Wheat", "v": 0.031379999940000007}, {"l": "Sorghum", "v": 0.30682666608000003}, {"l": "Millet", "v": 0.048813333240000006}]}, {"source": 5, "prod": 5.0, "target": 16, "value": 0.017433333299999996, "supply": [{"l": "Groundnuts", "v": 0.010459999979999999}, {"l": "Cottonseed", "v": 0.0069733333199999996}]}, {"source": 17, "prod": 0, "target": 6, "value": 2.2671896539689907e-05, "supply": "[{\"l\":'Energy for power irrigation',\"v\":2.2671896539689907e-05}]"}, {"source": 17, "prod": 0, "target": 2, "value": 2.747105712108412e-05, "supply": "[{\"l\":'Energy for power irrigation',\"v\":2.747105712108412e-05}]"}, {"source": 17, "prod": 0, "target": 5, "value": 1.6548829591014531e-06, "supply": "[{\"l\":'Energy for power irrigation',\"v\":1.6548829591014531e-06}]"}, {"source": 17, "prod": 0, "target": 10, "value": 0.00044095812343852148, "supply": "[{\"l\":'Electricity',\"v\":0.00044095812343852148}]"}, {"source": 18, "prod": 0, "target": 17, "value": 0.0012694478456410857, "supply": [{"l": "Coal", "v": 0.0010365778714784327}, {"l": "Natural gas", "v": 0.0}, {"l": "Oil", "v": 0.00023286997416265297}]}, {"source": 18, "prod": 0, "target": 6, "value": 0.098462164319687948, "supply": [{"l": "Gas-Diesel oil", "v": 0.057508874735392963}, {"l": "Liquefied petroleum gas (LPG)", "v": 0.021086587402977419}, {"l": "Coal", "v": 0.019866702181317572}]}, {"source": 18, "prod": 0, "target": 2, "value": 0.1193045202705708, "supply": [{"l": "Gas-Diesel oil", "v": 0.06968228617573162}, {"l": "Liquefied petroleum gas (LPG)", "v": 0.025550171597768258}, {"l": "Coal", "v": 0.024072062497070924}]}, {"source": 18, "prod": 0, "target": 5, "value": 0.0071870192934078789, "supply": [{"l": "Gas-Diesel oil", "v": 0.0041977280828753988}, {"l": "Liquefied petroleum gas (LPG)", "v": 0.0015391669637209793}, {"l": "Coal", "v": 0.0014501242468115015}]}, {"source": 19, "prod": 0.66848789543314746, "target": 6, "value": 0.0089821750560208549, "supply": [{"l": "Potash", "v": 6.9930748286700645e-05}, {"l": "Phosphate", "v": 0.0021041666683499997}, {"l": "Nitrogen", "v": 0.018347222236899996}]}, {"source": 19, "prod": 0.80999263242264585, "target": 2, "value": 0.010883511381747897, "supply": [{"l": "Potash", "v": 6.9930748286700645e-05}, {"l": "Phosphate", "v": 0.0021041666683499997}, {"l": "Nitrogen", "v": 0.018347222236899996}]}, {"source": 19, "prod": 0.048794736892930471, "target": 5, "value": 0.00065563321576794559, "supply": [{"l": "Potash", "v": 6.9930748286700645e-05}, {"l": "Phosphate", "v": 0.0021041666683499997}, {"l": "Nitrogen", "v": 0.018347222236899996}]}, {"source": 18, "prod": 0, "target": 19, "value": 0.024152808659154638, "supply": [{"l": "Natural gas (including LNG)", "v": 0.016562234632054265}, {"l": "Fuel oil", "v": 0.0043473137843927723}, {"l": "Liquefied petroleum gas (LPG)", "v": 0.0016216301213538009}, {"l": "Coal", "v": 0.0016216301213538009}]}, {"source": 20, "prod": 0, "target": 2, "value": 0.039396749810721686, "supply": "[{\"l\":'Labor',\"v\":0.039396749810721686}]"}, {"source": 20, "prod": 0, "target": 5, "value": 0.0023732981813687761, "supply": "[{\"l\":'Labor',\"v\":0.0023732981813687761}]"}, {"source": 20, "prod": 0, "target": 6, "value": 0.032514185084752234, "supply": "[{\"l\":'Labor',\"v\":0.032514185084752234}]"}, {"source": 18, "prod": 0, "target": 13, "value": 0.54839049458447986, "supply": "[{\"l\":'Fossil Fuels',\"v\":0.54839049458447986}]"}, {"source": 21, "prod": 0, "target": 13, "value": 0.5048717630446109, "supply": "[{\"l\":'Renewables & Nuclear',\"v\":0.00016636094841727259},{\"l\":'Biomass & Waste',\"v\":0.50470540209619363}]"}]}