{"nodes": [{"layer": 5, "name": "Starchy Roots"}, {"layer": 10, "name": "Feed", "fill": "#dbdb8d"}, {"layer": 5, "name": "Fruits & Vegetables"}, {"layer": 13, "name": "Animal Products", "fill": "#17becf"}, {"layer": 5, "name": "Cereals", "fill": "#e7ba52"}, {"layer": 13, "name": "Other Processed", "fill": "#9c9ede"}, {"layer": 16, "name": "Food", "fill": "#b5cf6b"}, {"layer": 13, "name": "Sugar", "fill": "#d6616b"}, {"layer": 5, "name": "Others"}, {"layer": 10, "name": "Processing", "fill": "#9edae5"}, {"layer": 16, "name": "Biofuels & Other", "fill": "#e7ba52"}, {"name": "Waste", "fill": "#c7c7c7"}, {"layer": 2, "name": "Import", "fill": "#aec7e8"}, {"layer": 16, "name": "Export", "fill": "#aec7e8"}, {"layer": 0, "name": "Stock Draw", "fill": "#c7c7c7"}, {"layer": 16, "name": "Stock Deposit", "fill": "#c7c7c7"}, {"layer": 2, "name": "Electricity", "fill": "#bcbd22"}, {"layer": 0, "name": "Fossil Fuels", "fill": "#c49c94"}, {"layer": 2, "name": "Fertilizers", "fill": "#c5b0d5"}, {"layer": 0, "name": "Labor", "fill": "#7f7f7f"}, {"layer": 0, "name": "Renewables & Nuclear", "fill": "#2ca02c"}], "links": [{"source": 0, "prod": 9.0, "target": 1, "value": 0.0070385316740880621, "supply": [{"l": "Potatoes", "v": 0.0070385316740880621}]}, {"source": 2, "prod": 4.0, "target": 1, "value": 0.00099009134893294462, "supply": [{"l": "Vegetables, Other", "v": 0.00099009134893294462}]}, {"source": 3, "prod": 117.0, "target": 1, "value": 0.087054170036500456, "supply": [{"l": "Milk - Excluding Butter", "v": 0.087054170036500456}]}, {"source": 4, "prod": 84.0, "target": 1, "value": 0.26019124355247691, "supply": [{"l": "Cereals, Other", "v": 0.014389886978135593}, {"l": "Wheat", "v": 0.20435755169668723}, {"l": "Barley", "v": 0.017565586173310346}, {"l": "Oats", "v": 0.02387821870434375}]}, {"source": 5, "prod": 10.0, "target": 6, "value": 0.065377712891058176, "supply": [{"l": "Fats, Animals, Raw", "v": 0.04110448407126225}, {"l": "Beer", "v": 0.0011026017294935065}, {"l": "Beverages, Alcoholic", "v": 0.0067534355931477283}, {"l": "Butter, Ghee", "v": 0.016417191497154697}]}, {"source": 3, "prod": 256.0, "target": 6, "value": 0.40603869297729811, "supply": [{"l": "Pigmeat", "v": 0.0037733481409333329}, {"l": "Milk - Excluding Butter", "v": 0.089286328242564578}, {"l": "Bovine Meat", "v": 0.093621562554223756}, {"l": "Meat, Other", "v": 0.054319257385440078}, {"l": "Mutton & Goat Meat", "v": 0.16503819665413638}]}, {"source": 4, "prod": 151.0, "target": 6, "value": 0.48099126491576999, "supply": [{"l": "Wheat", "v": 0.44329868906512149}, {"l": "Millet", "v": 0.024678656167502543}, {"l": "Rice", "v": 0.013013919683145986}]}, {"source": 7, "prod": 22.0, "target": 6, "value": 0.091298117951706739, "supply": [{"l": "Sugar", "v": 0.091298117951706739}]}, {"source": 0, "prod": 15.0, "target": 6, "value": 0.011730886123480102, "supply": [{"l": "Potatoes", "v": 0.011730886123480102}]}, {"source": 2, "prod": 15.0, "target": 6, "value": 0.008062883578962371, "supply": [{"l": "Vegetables, Other", "v": 0.0027227512095655978}, {"l": "Fruits, Other", "v": 0.0015787252035929756}, {"l": "Pulses, Other", "v": 0.0037614071658037978}]}, {"source": 8, "prod": 6.0, "target": 6, "value": 0.0029164236585458012, "supply": [{"l": "Tea", "v": 0.0029164236585458012}]}, {"source": 3, "prod": 2.0, "target": 9, "value": 0.0014881054707094096, "supply": [{"l": "Milk - Excluding Butter", "v": 0.0014881054707094096}]}, {"source": 4, "prod": 6.0, "target": 9, "value": 0.018863774002771127, "supply": [{"l": "Wheat", "v": 0.018863774002771127}]}, {"source": 5, "prod": 2.0, "target": 10, "value": 0.013652838814389426, "supply": [{"l": "Fats, Animals, Raw", "v": 0.010276121017815562}, {"l": "Beverages, Alcoholic", "v": 0.0033767177965738642}]}, {"source": 3, "prod": 59.0, "target": 10, "value": 0.05799932606134163, "supply": [{"l": "Milk - Excluding Butter", "v": 0.024553740266705256}, {"l": "Offals, Edible", "v": 0.03344558579463637}]}, {"source": 0, "prod": 3.0, "target": 0, "value": 0.0023461772246960205, "supply": [{"l": "Potatoes", "v": 0.0023461772246960205}]}, {"source": 4, "prod": 48.0, "target": 4, "value": 0.14602270293440642, "supply": [{"l": "Cereals, Other", "v": 0.0035974717445338982}, {"l": "Wheat", "v": 0.11003868168283158}, {"l": "Barley", "v": 0.0058551953911034479}, {"l": "Oats", "v": 0.026531354115937499}]}, {"source": 0, "prod": 1.0, "target": 11, "value": 0.00078205907489867362, "supply": [{"l": "Potatoes", "v": 0.00078205907489867362}]}, {"source": 2, "prod": 2.0, "target": 11, "value": 0.00049504567446647231, "supply": [{"l": "Vegetables, Other", "v": 0.00049504567446647231}]}, {"source": 3, "prod": 5.0, "target": 11, "value": 0.0037202636767735241, "supply": [{"l": "Milk - Excluding Butter", "v": 0.0037202636767735241}]}, {"source": 4, "prod": 39.0, "target": 11, "value": 0.12261453101801231, "supply": [{"l": "Wheat", "v": 0.12261453101801231}]}, {"source": 12, "prod": 6.0, "target": 8, "value": 0.0029164236585458012, "supply": [{"l": "Tea", "v": 0.0029164236585458012}]}, {"source": 12, "prod": 42.0, "target": 1, "value": 0.033036474651008403, "supply": [{"l": "Milk - Excluding Butter", "v": 0.030506162149542895}, {"l": "Bovine Meat", "v": 0.002530312501465507}]}, {"source": 12, "prod": 19.0, "target": 9, "value": 0.07884837459465581, "supply": [{"l": "Sugar", "v": 0.07884837459465581}]}, {"source": 12, "prod": 77.0, "target": 4, "value": 0.24833805221492611, "supply": [{"l": "Wheat", "v": 0.21064547636427758}, {"l": "Millet", "v": 0.024678656167502543}, {"l": "Rice", "v": 0.013013919683145986}]}, {"source": 12, "prod": 2.0, "target": 2, "value": 0.0007737645717642279, "supply": [{"l": "Vegetables, Other", "v": 0.00024752283723323616}, {"l": "Fruits, Other", "v": 0.00052624173453099169}]}, {"source": 12, "prod": 4.0, "target": 0, "value": 0.0031282362995946945, "supply": [{"l": "Potatoes", "v": 0.0031282362995946945}]}, {"source": 5, "prod": 2.0, "target": 13, "value": 0.016417191497154697, "supply": [{"l": "Butter, Ghee", "v": 0.016417191497154697}]}, {"source": 3, "prod": 17.0, "target": 13, "value": 0.045150873076462289, "supply": [{"l": "Bovine Meat", "v": 0.022772812513189564}, {"l": "Mutton & Goat Meat", "v": 0.022378060563272729}]}, {"source": 4, "prod": 60.0, "target": 13, "value": 0.18863774002771128, "supply": [{"l": "Wheat", "v": 0.18863774002771128}]}, {"source": 14, "prod": 3.0, "target": 9, "value": 0.012449743357050918, "supply": [{"l": "Sugar", "v": 0.012449743357050918}]}, {"source": 4, "prod": 13.0, "target": 15, "value": 0.04087151033933744, "supply": [{"l": "Wheat", "v": 0.04087151033933744}]}, {"source": 1, "prod": 456.0, "target": 3, "value": 0.6014514312990854, "supply": [{"l": "Pigmeat", "v": 0.0037733481409333329}, {"l": "Bovine Meat", "v": 0.11639437506741332}, {"l": "Milk - Excluding Butter", "v": 0.20610260769325323}, {"l": "Offals, Edible", "v": 0.03344558579463637}, {"l": "Meat, Other", "v": 0.054319257385440078}, {"l": "Mutton & Goat Meat", "v": 0.18741625721740912}]}, {"source": 9, "prod": 14.0, "target": 5, "value": 0.095447743202602298, "supply": [{"l": "Fats, Animals, Raw", "v": 0.05138060508907781}, {"l": "Beer", "v": 0.0011026017294935065}, {"l": "Beverages, Alcoholic", "v": 0.010130153389721593}, {"l": "Butter, Ghee", "v": 0.032834382994309394}]}, {"source": 9, "prod": 22.0, "target": 7, "value": 0.091298117951706739, "supply": [{"l": "Sugar", "v": 0.091298117951706739}]}, {"source": 16, "prod": 0, "target": 0, "value": 0.050232215028778414, "supply": "[{\"l\":'Energy for power irrigation',\"v\":0.050232215028778414}]"}, {"source": 16, "prod": 0, "target": 2, "value": 0.038640165406752629, "supply": "[{\"l\":'Energy for power irrigation',\"v\":0.038640165406752629}]"}, {"source": 16, "prod": 0, "target": 4, "value": 0.69938699386222258, "supply": "[{\"l\":'Energy for power irrigation',\"v\":0.69938699386222258}]"}, {"source": 16, "prod": 0, "target": 9, "value": 0.031548908069324665, "supply": "[{\"l\":'Electricity',\"v\":0.031548908069324665}]"}, {"source": 17, "prod": 0, "target": 16, "value": 2.1211074499823916, "supply": [{"l": "Coal", "v": 1.9583476184782267}, {"l": "Natural gas", "v": 0.0}, {"l": "Oil", "v": 0.16275983150416484}]}, {"source": 17, "prod": 0, "target": 0, "value": 0.19950063142960164, "supply": [{"l": "Coal", "v": 0.05304379566287299}, {"l": "Other fossil fuels", "v": 0.14645683576672866}]}, {"source": 17, "prod": 0, "target": 2, "value": 0.15346202417661664, "supply": [{"l": "Coal", "v": 0.040802919740671531}, {"l": "Other fossil fuels", "v": 0.11265910443594511}]}, {"source": 17, "prod": 0, "target": 4, "value": 2.7776626375967615, "supply": [{"l": "Coal", "v": 0.73853284730615465}, {"l": "Other fossil fuels", "v": 2.0391297902906063}]}, {"source": 18, "prod": 0.15189241360139183, "target": 0, "value": 0.0012155354896701326, "supply": [{"l": "Potash", "v": 0.00089511028956686263}, {"l": "Phosphate", "v": 0.0057527783838888314}, {"l": "Nitrogen", "v": 0.012566922336329861}]}, {"source": 18, "prod": 0.11684031815491679, "target": 2, "value": 0.00093502729974625587, "supply": [{"l": "Potash", "v": 0.00089511028956686263}, {"l": "Phosphate", "v": 0.0057527783838888314}, {"l": "Nitrogen", "v": 0.012566922336329861}]}, {"source": 18, "prod": 2.114809758603994, "target": 4, "value": 0.016923994125407231, "supply": [{"l": "Potash", "v": 0.00089511028956686263}, {"l": "Phosphate", "v": 0.0057527783838888314}, {"l": "Nitrogen", "v": 0.012566922336329861}]}, {"source": 17, "prod": 0, "target": 18, "value": 0.02329400482106124, "supply": [{"l": "Natural gas (including LNG)", "v": 0.01593653422831837}, {"l": "Fuel oil", "v": 0.0051360008214419821}, {"l": "Liquefied petroleum gas (LPG)", "v": 0.0011107348856504431}, {"l": "Coal", "v": 0.0011107348856504431}]}, {"source": 19, "prod": 0, "target": 4, "value": 0.080725105057889643, "supply": "[{\"l\":'Labor',\"v\":0.080725105057889643}]"}, {"source": 19, "prod": 0, "target": 0, "value": 0.0057979357223898638, "supply": "[{\"l\":'Labor',\"v\":0.0057979357223898638}]"}, {"source": 19, "prod": 0, "target": 2, "value": 0.0044599505556845104, "supply": "[{\"l\":'Labor',\"v\":0.0044599505556845104}]"}, {"source": 19, "prod": 0, "target": 8, "value": 0.00066899258335267647, "supply": "[{\"l\":'Labor',\"v\":0.00066899258335267647}]"}, {"source": 17, "prod": 0, "target": 12, "value": 0.10959662205549683, "supply": "[{\"l\":'Fossil Fuels',\"v\":0.10959662205549683}]"}, {"source": 20, "prod": 0, "target": 12, "value": 0.0025888316575392849, "supply": "[{\"l\":'Renewables & Nuclear',\"v\":0},{\"l\":'Biomass & Waste',\"v\":0.0025888316575392849}]"}]}