{"nodes": [{"layer": 5, "name": "Starchy Roots"}, {"layer": 10, "name": "Feed", "fill": "#dbdb8d"}, {"layer": 5, "name": "Fruits & Vegetables"}, {"layer": 13, "name": "Animal Products", "fill": "#17becf"}, {"layer": 5, "name": "Cereals", "fill": "#e7ba52"}, {"layer": 13, "name": "Other Processed", "fill": "#9c9ede"}, {"layer": 16, "name": "Food", "fill": "#b5cf6b"}, {"layer": 13, "name": "Sugar", "fill": "#d6616b"}, {"layer": 5, "name": "Others"}, {"layer": 13, "name": "Aquatic Products", "fill": "#1f77b4"}, {"layer": 13, "name": "Vegetable Oils", "fill": "#f7b6d2"}, {"layer": 10, "name": "Processing", "fill": "#9edae5"}, {"layer": 16, "name": "Biofuels & Other", "fill": "#e7ba52"}, {"name": "Waste", "fill": "#c7c7c7"}, {"layer": 2, "name": "Import", "fill": "#aec7e8"}, {"layer": 16, "name": "Export", "fill": "#aec7e8"}, {"layer": 0, "name": "Stock Draw", "fill": "#c7c7c7"}, {"layer": 2, "name": "Electricity", "fill": "#bcbd22"}, {"layer": 0, "name": "Fossil Fuels", "fill": "#c49c94"}, {"layer": 2, "name": "Fertilizers", "fill": "#c5b0d5"}, {"layer": 0, "name": "Labor", "fill": "#7f7f7f"}, {"layer": 0, "name": "Renewables & Nuclear", "fill": "#2ca02c"}], "links": [{"source": 0, "prod": 58.0, "target": 1, "value": 0.046208504467610767, "supply": [{"l": "Potatoes", "v": 0.046208504467610767}]}, {"source": 2, "prod": 8.0, "target": 1, "value": 0.0021661318172615167, "supply": [{"l": "Vegetables, Other", "v": 0.0021661318172615167}]}, {"source": 3, "prod": 131.0, "target": 1, "value": 0.096669810706932674, "supply": [{"l": "Milk - Excluding Butter", "v": 0.096669810706932674}]}, {"source": 4, "prod": 267.0, "target": 1, "value": 0.85311507675983067, "supply": [{"l": "Cereals, Other", "v": 0.033767177965738637}, {"l": "Wheat", "v": 0.50256923631734995}, {"l": "Barley", "v": 0.22640088845600001}, {"l": "Oats", "v": 0.090377774020741944}]}, {"source": 5, "prod": 28.0, "target": 6, "value": 0.13908826673251035, "supply": [{"l": "Beer", "v": 0.0048980961444807687}, {"l": "Beverages, Alcoholic", "v": 0.020975376430482355}, {"l": "Butter, Ghee", "v": 0.041435421567519927}, {"l": "Fats, Animals, Raw", "v": 0.071779372590027285}]}, {"source": 3, "prod": 321.0, "target": 6, "value": 0.56982781847634256, "supply": [{"l": "Pigmeat", "v": 0.0074912058680294113}, {"l": "Milk - Excluding Butter", "v": 0.093718060761682834}, {"l": "Meat, Other", "v": 0.047910203263757001}, {"l": "Mutton & Goat Meat", "v": 0.29540880851476681}, {"l": "Eggs", "v": 0.0014389886978135593}, {"l": "Bovine Meat", "v": 0.12386055137029293}]}, {"source": 4, "prod": 287.0, "target": 6, "value": 0.91623756165374071, "supply": [{"l": "Barley", "v": 0.0035375138821250002}, {"l": "Rice", "v": 0.0425289238518924}, {"l": "Wheat", "v": 0.84180347083156104}, {"l": "Millet", "v": 0.028367653088162293}]}, {"source": 7, "prod": 39.0, "target": 6, "value": 0.16138062844991974, "supply": [{"l": "Sugar", "v": 0.16138062844991974}]}, {"source": 0, "prod": 46.0, "target": 6, "value": 0.036648124232932677, "supply": [{"l": "Potatoes", "v": 0.036648124232932677}]}, {"source": 2, "prod": 34.0, "target": 6, "value": 0.010345050865311609, "supply": [{"l": "Fruits, Other", "v": 0.0033051224592116797}, {"l": "Vegetables, Other", "v": 0.0070399284060999297}]}, {"source": 8, "prod": 6.0, "target": 6, "value": 0.0025052557329147546, "supply": [{"l": "Tea", "v": 0.0025052557329147546}]}, {"source": 9, "prod": 4.0, "target": 6, "value": 0.0049531205418368723, "supply": [{"l": "Fish, Seafood", "v": 0.0023803831730186912}, {"l": "Marine Fish, Other", "v": 0.0025727373688181816}]}, {"source": 10, "prod": 1.0, "target": 6, "value": 0.01045873669497826, "supply": [{"l": "Sunflowerseed Oil", "v": 0.01045873669497826}]}, {"source": 3, "prod": 2.0, "target": 11, "value": 0.0014758749726249264, "supply": [{"l": "Milk - Excluding Butter", "v": 0.0014758749726249264}]}, {"source": 4, "prod": 18.0, "target": 11, "value": 0.057331951395984987, "supply": [{"l": "Wheat", "v": 0.050256923631734986}, {"l": "Barley", "v": 0.0070750277642500003}]}, {"source": 5, "prod": 4.0, "target": 12, "value": 0.020741884299530788, "supply": [{"l": "Fats, Animals, Raw", "v": 0.01025419608428961}, {"l": "Beverages, Alcoholic", "v": 0.010487688215241178}]}, {"source": 3, "prod": 73.0, "target": 12, "value": 0.083599562008686512, "supply": [{"l": "Milk - Excluding Butter", "v": 0.019924312130436505}, {"l": "Offals, Edible", "v": 0.063675249878250004}]}, {"source": 0, "prod": 20.0, "target": 0, "value": 0.01593396705779682, "supply": [{"l": "Potatoes", "v": 0.01593396705779682}]}, {"source": 4, "prod": 71.0, "target": 4, "value": 0.22386952168962215, "supply": [{"l": "Cereals, Other", "v": 0.013506871186295457}, {"l": "Wheat", "v": 0.11621913589838716}, {"l": "Barley", "v": 0.053062708231874998}, {"l": "Oats", "v": 0.041080806373064521}]}, {"source": 0, "prod": 8.0, "target": 13, "value": 0.0063735868231187265, "supply": [{"l": "Potatoes", "v": 0.0063735868231187265}]}, {"source": 2, "prod": 4.0, "target": 13, "value": 0.0010830659086307583, "supply": [{"l": "Vegetables, Other", "v": 0.0010830659086307583}]}, {"source": 3, "prod": 5.0, "target": 13, "value": 0.0036896874315623159, "supply": [{"l": "Milk - Excluding Butter", "v": 0.0036896874315623159}]}, {"source": 4, "prod": 65.0, "target": 13, "value": 0.20615103302963123, "supply": [{"l": "Wheat", "v": 0.18846346361900623}, {"l": "Barley", "v": 0.017687569410625003}]}, {"source": 14, "prod": 6.0, "target": 8, "value": 0.0025052557329147546, "supply": [{"l": "Tea", "v": 0.0025052557329147546}]}, {"source": 14, "prod": 47.0, "target": 1, "value": 0.03668443245327279, "supply": [{"l": "Milk - Excluding Butter", "v": 0.031731311911435918}, {"l": "Marine Fish, Other", "v": 0.0025727373688181816}, {"l": "Fish, Seafood", "v": 0.0023803831730186912}]}, {"source": 14, "prod": 40.0, "target": 11, "value": 0.171839365144898, "supply": [{"l": "Sugar", "v": 0.16138062844991974}, {"l": "Sunflowerseed Oil", "v": 0.01045873669497826}]}, {"source": 14, "prod": 68.0, "target": 4, "value": 0.22889210356758827, "supply": [{"l": "Cereals, Other", "v": 0.013506871186295457}, {"l": "Wheat", "v": 0.1444886554412381}, {"l": "Millet", "v": 0.028367653088162293}, {"l": "Rice", "v": 0.0425289238518924}]}, {"source": 14, "prod": 7.0, "target": 2, "value": 0.0024648606610789088, "supply": [{"l": "Vegetables, Other", "v": 0.0008122994314730687}, {"l": "Fruits, Other", "v": 0.0016525612296058399}]}, {"source": 14, "prod": 6.0, "target": 0, "value": 0.0047801901173390449, "supply": [{"l": "Potatoes", "v": 0.0047801901173390449}]}, {"source": 3, "prod": 42.0, "target": 15, "value": 0.11102133335543948, "supply": [{"l": "Bovine Meat", "v": 0.050555327089915475}, {"l": "Offals, Edible", "v": 0.0013842445625706524}, {"l": "Mutton & Goat Meat", "v": 0.059081761702953359}]}, {"source": 4, "prod": 65.0, "target": 15, "value": 0.20416875225392342, "supply": [{"l": "Wheat", "v": 0.20416875225392342}]}, {"source": 16, "prod": 1.0, "target": 2, "value": 0.00041314030740145996, "supply": [{"l": "Fruits, Other", "v": 0.00041314030740145996}]}, {"source": 16, "prod": 110.0, "target": 4, "value": 0.34149297694705338, "supply": [{"l": "Wheat", "v": 0.31410577269834372}, {"l": "Oats", "v": 0.02738720424870968}]}, {"source": 1, "prod": 4.0, "target": 9, "value": 0.0049531205418368723, "supply": [{"l": "Marine Fish, Other", "v": 0.0025727373688181816}, {"l": "Fish, Seafood", "v": 0.0023803831730186912}]}, {"source": 1, "prod": 574.0, "target": 3, "value": 0.86628408695158854, "supply": [{"l": "Pigmeat", "v": 0.0074912058680294113}, {"l": "Bovine Meat", "v": 0.1744158784602084}, {"l": "Eggs", "v": 0.0014389886978135593}, {"l": "Milk - Excluding Butter", "v": 0.21547774600323924}, {"l": "Offals, Edible", "v": 0.065059494440820653}, {"l": "Meat, Other", "v": 0.047910203263757001}, {"l": "Mutton & Goat Meat", "v": 0.35449057021772018}]}, {"source": 11, "prod": 32.0, "target": 5, "value": 0.15983015103204112, "supply": [{"l": "Fats, Animals, Raw", "v": 0.082033568674316895}, {"l": "Beer", "v": 0.0048980961444807687}, {"l": "Beverages, Alcoholic", "v": 0.031463064645723529}, {"l": "Butter, Ghee", "v": 0.041435421567519927}]}, {"source": 11, "prod": 1.0, "target": 10, "value": 0.01045873669497826, "supply": [{"l": "Sunflowerseed Oil", "v": 0.01045873669497826}]}, {"source": 11, "prod": 39.0, "target": 7, "value": 0.16138062844991974, "supply": [{"l": "Sugar", "v": 0.16138062844991974}]}, {"source": 17, "prod": 0, "target": 0, "value": 0.030412259140691296, "supply": "[{\"l\":'Energy for power irrigation',\"v\":0.030412259140691296}]"}, {"source": 17, "prod": 0, "target": 2, "value": 0.0097837887933231692, "supply": "[{\"l\":'Energy for power irrigation',\"v\":0.0097837887933231692}]"}, {"source": 17, "prod": 0, "target": 4, "value": 0.16137357660312554, "supply": "[{\"l\":'Energy for power irrigation',\"v\":0.16137357660312554}]"}, {"source": 17, "prod": 0, "target": 11, "value": 0.11200000008959998, "supply": "[{\"l\":'Electricity',\"v\":0.11200000008959998}]"}, {"source": 18, "prod": 0, "target": 17, "value": 0.80742680173432957, "supply": [{"l": "Coal", "v": 0.74547018081759231}, {"l": "Natural gas", "v": 0.0}, {"l": "Oil", "v": 0.061956620916737218}]}, {"source": 18, "prod": 0, "target": 0, "value": 0.47414936246037509, "supply": [{"l": "Coal", "v": 0.12606818191903635}, {"l": "Other fossil fuels", "v": 0.34808118054133874}]}, {"source": 18, "prod": 0, "target": 2, "value": 0.1525364228070199, "supply": [{"l": "Coal", "v": 0.040556818214263629}, {"l": "Other fossil fuels", "v": 0.11197960459275627}]}, {"source": 18, "prod": 0, "target": 4, "value": 2.5159320822025331, "supply": [{"l": "Coal", "v": 0.66894318235333627}, {"l": "Other fossil fuels", "v": 1.8469888998491968}]}, {"source": 19, "prod": 2.5409090909090906, "target": 0, "value": 0.035332126096641762, "supply": [{"l": "Potash", "v": 0.004615000003692}, {"l": "Phosphate", "v": 0.013887500011109999}, {"l": "Nitrogen", "v": 0.21649722239541996}]}, {"source": 19, "prod": 0.81742424242424239, "target": 2, "value": 0.011366536690004909, "supply": [{"l": "Potash", "v": 0.004615000003692}, {"l": "Phosphate", "v": 0.013887500011109999}, {"l": "Nitrogen", "v": 0.21649722239541996}]}, {"source": 19, "prod": 13.482575757575756, "target": 4, "value": 0.18747938227249059, "supply": [{"l": "Potash", "v": 0.004615000003692}, {"l": "Phosphate", "v": 0.013887500011109999}, {"l": "Nitrogen", "v": 0.21649722239541996}]}, {"source": 18, "prod": 0, "target": 19, "value": 0.28107146348650591, "supply": [{"l": "Natural gas (including LNG)", "v": 0.19038015565409622}, {"l": "Fuel oil", "v": 0.052420836968459963}, {"l": "Liquefied petroleum gas (LPG)", "v": 0.019135235431974852}, {"l": "Coal", "v": 0.019135235431974852}]}, {"source": 20, "prod": 0, "target": 4, "value": 0.1219528995839034, "supply": "[{\"l\":'Labor',\"v\":0.1219528995839034}]"}, {"source": 20, "prod": 0, "target": 0, "value": 0.022983088453357982, "supply": "[{\"l\":'Labor',\"v\":0.022983088453357982}]"}, {"source": 20, "prod": 0, "target": 2, "value": 0.0073937842698787309, "supply": "[{\"l\":'Labor',\"v\":0.0073937842698787309}]"}, {"source": 20, "prod": 0, "target": 8, "value": 0.00053449042914786003, "supply": "[{\"l\":'Labor',\"v\":0.00053449042914786003}]"}, {"source": 18, "prod": 0, "target": 14, "value": 0.82034963158977092, "supply": "[{\"l\":'Fossil Fuels',\"v\":0.82034963158977092}]"}, {"source": 21, "prod": 0, "target": 14, "value": 0.019377851768413799, "supply": "[{\"l\":'Renewables & Nuclear',\"v\":0},{\"l\":'Biomass & Waste',\"v\":0.019377851768413799}]"}]}