{"nodes": [{"layer": 13, "name": "Milk - Excluding Butter"}, {"layer": 10, "name": "Feed", "fill": "#dbdb8d"}, {"layer": 5, "name": "Cereals - Excluding Beer"}, {"layer": 5, "name": "Vegetables"}, {"layer": 5, "name": "Starchy Roots"}, {"layer": 16, "name": "Food", "fill": "#b5cf6b"}, {"layer": 13, "name": "Meat"}, {"layer": 13, "name": "Sugar & Sweeteners"}, {"layer": 13, "name": "Alcoholic Beverages"}, {"layer": 13, "name": "Animal Fats"}, {"layer": 5, "name": "Pulses"}, {"layer": 13, "name": "Fish, Seafood"}, {"layer": 5, "name": "Fruits - Excluding Wine"}, {"layer": 13, "name": "Vegetable Oils", "fill": "#f7b6d2"}, {"layer": 5, "name": "Stimulants"}, {"layer": 10, "name": "Processing", "fill": "#9edae5"}, {"layer": 16, "name": "Biofuels & Other", "fill": "#e7ba52"}, {"name": "Waste", "fill": "#c7c7c7"}, {"layer": 2, "name": "Import", "fill": "#aec7e8"}, {"layer": 16, "name": "Export", "fill": "#aec7e8"}, {"layer": 16, "name": "Stock Deposit", "fill": "#c7c7c7"}, {"layer": 0, "name": "Stock Draw", "fill": "#c7c7c7"}, {"name": "Crop Residue", "fill": "#bd9e39"}, {"layer": 2, "name": "Electricity", "fill": "#bcbd22"}, {"layer": 0, "name": "Fossil Fuels", "fill": "#c49c94"}, {"layer": 2, "name": "Fertilizers", "fill": "#c5b0d5"}, {"layer": 0, "name": "Labor", "fill": "#7f7f7f"}, {"layer": 0, "name": "Renewables & Nuclear", "fill": "#2ca02c"}], "links": [{"source": 0, "prod": 101.0, "target": 1, "value": 0.073618849883239454, "supply": [{"l": "Milk - Excluding Butter", "v": 0.073618849883239454}]}, {"source": 2, "prod": 134.0, "target": 1, "value": 0.41892369181435585, "supply": [{"l": "Cereals, Other", "v": 0.0033016796233166666}, {"l": "Wheat", "v": 0.25143083214783735}, {"l": "Barley", "v": 0.11749599679915181}, {"l": "Oats", "v": 0.046695183244050004}]}, {"source": 3, "prod": 4.0, "target": 1, "value": 0.0010625823926282854, "supply": [{"l": "Vegetables, Other", "v": 0.0010625823926282854}]}, {"source": 4, "prod": 13.0, "target": 1, "value": 0.010688671787310261, "supply": [{"l": "Potatoes", "v": 0.010688671787310261}]}, {"source": 0, "prod": 141.0, "target": 5, "value": 0.10277483003501747, "supply": [{"l": "Milk - Excluding Butter", "v": 0.10277483003501747}]}, {"source": 6, "prod": 174.0, "target": 5, "value": 0.40320678614509298, "supply": [{"l": "Bovine Meat", "v": 0.1313696769354698}, {"l": "Meat, Other", "v": 0.060021751934415987}, {"l": "Mutton & Goat Meat", "v": 0.2118153572752072}]}, {"source": 7, "prod": 30.0, "target": 5, "value": 0.12421249976250001, "supply": [{"l": "Sugar", "v": 0.12421249976250001}]}, {"source": 3, "prod": 12.0, "target": 5, "value": 0.003187747177884856, "supply": [{"l": "Vegetables, Other", "v": 0.003187747177884856}]}, {"source": 8, "prod": 13.0, "target": 5, "value": 0.020990533987696208, "supply": [{"l": "Beer", "v": 0.0040915823214939754}, {"l": "Beverages, Alcoholic", "v": 0.016898951666202231}]}, {"source": 9, "prod": 9.0, "target": 5, "value": 0.086878281717904141, "supply": [{"l": "Fats, Animals, Raw", "v": 0.061528893140780909}, {"l": "Butter, Ghee", "v": 0.025349388577123228}]}, {"source": 4, "prod": 22.0, "target": 5, "value": 0.018088521486217361, "supply": [{"l": "Potatoes", "v": 0.018088521486217361}]}, {"source": 10, "prod": 1.0, "target": 5, "value": 0.0040155562986283781, "supply": [{"l": "Pulses, Other", "v": 0.0040155562986283781}]}, {"source": 11, "prod": 2.0, "target": 5, "value": 0.0025937368576028452, "supply": [{"l": "Fish, Seafood", "v": 0.001326567705796875}, {"l": "Marine Fish, Other", "v": 0.0012671691518059702}]}, {"source": 12, "prod": 5.0, "target": 5, "value": 0.0024752283723323614, "supply": [{"l": "Fruits, Other", "v": 0.0024752283723323614}]}, {"source": 2, "prod": 218.0, "target": 5, "value": 0.69828769062373419, "supply": [{"l": "Wheat", "v": 0.63800573657513715}, {"l": "Barley", "v": 0.0037901934451339291}, {"l": "Millet", "v": 0.018021297135353775}, {"l": "Rice", "v": 0.038470463468109381}]}, {"source": 13, "prod": 1.0, "target": 5, "value": 0.010246591934431035, "supply": [{"l": "Sunflowerseed Oil", "v": 0.010246591934431035}]}, {"source": 14, "prod": 5.0, "target": 5, "value": 0.0025044346068141595, "supply": [{"l": "Tea", "v": 0.0025044346068141595}]}, {"source": 0, "prod": 2.0, "target": 15, "value": 0.0014577990075889001, "supply": [{"l": "Milk - Excluding Butter", "v": 0.0014577990075889001}]}, {"source": 2, "prod": 14.0, "target": 15, "value": 0.045295011712443461, "supply": [{"l": "Wheat", "v": 0.037714624822175601}, {"l": "Barley", "v": 0.0075803868902678583}]}, {"source": 0, "prod": 36.0, "target": 16, "value": 0.026240382136600199, "supply": [{"l": "Milk - Excluding Butter", "v": 0.026240382136600199}]}, {"source": 8, "prod": 3.0, "target": 16, "value": 0.01013937099972134, "supply": [{"l": "Beverages, Alcoholic", "v": 0.01013937099972134}]}, {"source": 6, "prod": 36.0, "target": 16, "value": 0.043414943098806821, "supply": [{"l": "Offals, Edible", "v": 0.043414943098806821}]}, {"source": 9, "prod": 2.0, "target": 16, "value": 0.020509631046926966, "supply": [{"l": "Fats, Animals, Raw", "v": 0.020509631046926966}]}, {"source": 4, "prod": 9.0, "target": 4, "value": 0.0073998496989071023, "supply": [{"l": "Potatoes", "v": 0.0073998496989071023}]}, {"source": 2, "prod": 69.0, "target": 2, "value": 0.2095953721723457, "supply": [{"l": "Wheat", "v": 0.1225725306720707}, {"l": "Barley", "v": 0.053062708231874998}, {"l": "Oats", "v": 0.0339601332684}]}, {"source": 0, "prod": 5.0, "target": 17, "value": 0.0036444975189722493, "supply": [{"l": "Milk - Excluding Butter", "v": 0.0036444975189722493}]}, {"source": 4, "prod": 3.0, "target": 17, "value": 0.0024666165663023674, "supply": [{"l": "Potatoes", "v": 0.0024666165663023674}]}, {"source": 3, "prod": 2.0, "target": 17, "value": 0.00053129119631414271, "supply": [{"l": "Vegetables, Other", "v": 0.00053129119631414271}]}, {"source": 2, "prod": 38.0, "target": 17, "value": 0.12201887744336658, "supply": [{"l": "Wheat", "v": 0.10685810366283086}, {"l": "Barley", "v": 0.015160773780535717}]}, {"source": 18, "prod": 51.0, "target": 1, "value": 0.038309812543530893, "supply": [{"l": "Milk - Excluding Butter", "v": 0.03571607568592805}, {"l": "Marine Fish, Other", "v": 0.0012671691518059702}, {"l": "Fish, Seafood", "v": 0.001326567705796875}]}, {"source": 18, "prod": 109.0, "target": 2, "value": 0.35506587377901999, "supply": [{"l": "Wheat", "v": 0.29857411317555682}, {"l": "Millet", "v": 0.018021297135353775}, {"l": "Rice", "v": 0.038470463468109381}]}, {"source": 18, "prod": 32.0, "target": 15, "value": 0.13859950835568102, "supply": [{"l": "Sugar", "v": 0.12835291642124999}, {"l": "Sunflowerseed Oil", "v": 0.010246591934431035}]}, {"source": 18, "prod": 1.0, "target": 3, "value": 0.00026564559815707135, "supply": [{"l": "Vegetables, Other", "v": 0.00026564559815707135}]}, {"source": 18, "prod": 5.0, "target": 14, "value": 0.0025044346068141595, "supply": [{"l": "Tea", "v": 0.0025044346068141595}]}, {"source": 18, "prod": 3.0, "target": 12, "value": 0.0014851370233994168, "supply": [{"l": "Fruits, Other", "v": 0.0014851370233994168}]}, {"source": 18, "prod": 2.0, "target": 4, "value": 0.0016444110442015783, "supply": [{"l": "Potatoes", "v": 0.0016444110442015783}]}, {"source": 2, "prod": 2.0, "target": 19, "value": 0.006285770803695934, "supply": [{"l": "Wheat", "v": 0.006285770803695934}]}, {"source": 6, "prod": 34.0, "target": 19, "value": 0.088729608303150409, "supply": [{"l": "Bovine Meat", "v": 0.027789739351733997}, {"l": "Offals, Edible", "v": 0.0024119412832670456}, {"l": "Mutton & Goat Meat", "v": 0.05852792766814937}]}, {"source": 7, "prod": 1.0, "target": 20, "value": 0.0041404166587499999, "supply": [{"l": "Sugar", "v": 0.0041404166587499999}]}, {"source": 2, "prod": 49.0, "target": 20, "value": 0.14787912225511257, "supply": [{"l": "Wheat", "v": 0.13514407227946257}, {"l": "Oats", "v": 0.012735049975650002}]}, {"source": 21, "prod": 1.0, "target": 2, "value": 0.0033016796233166666, "supply": [{"l": "Cereals, Other", "v": 0.0033016796233166666}]}, {"source": 1, "prod": 285.0, "target": 0, "value": 0.20773635858141831, "supply": [{"l": "Milk - Excluding Butter", "v": 0.20773635858141831}]}, {"source": 1, "prod": 244.0, "target": 6, "value": 0.53535133754705022, "supply": [{"l": "Bovine Meat", "v": 0.15915941628720381}, {"l": "Meat, Other", "v": 0.060021751934415987}, {"l": "Offals, Edible", "v": 0.045826884382073864}, {"l": "Mutton & Goat Meat", "v": 0.27034328494335658}]}, {"source": 1, "prod": 2.0, "target": 11, "value": 0.0025937368576028452, "supply": [{"l": "Marine Fish, Other", "v": 0.0012671691518059702}, {"l": "Fish, Seafood", "v": 0.001326567705796875}]}, {"source": 15, "prod": 31.0, "target": 7, "value": 0.12835291642125002, "supply": [{"l": "Sugar", "v": 0.12835291642125002}]}, {"source": 15, "prod": 1.0, "target": 13, "value": 0.010246591934431035, "supply": [{"l": "Sunflowerseed Oil", "v": 0.010246591934431035}]}, {"source": 15, "prod": 11.0, "target": 9, "value": 0.1073879127648311, "supply": [{"l": "Fats, Animals, Raw", "v": 0.082038524187707879}, {"l": "Butter, Ghee", "v": 0.025349388577123228}]}, {"source": 15, "prod": 16.0, "target": 8, "value": 0.03112990498741755, "supply": [{"l": "Beer", "v": 0.0040915823214939754}, {"l": "Beverages, Alcoholic", "v": 0.02703832266592357}]}, {"source": 4, "prod": 23.0, "target": 22, "value": 0.08019333318000002, "supply": [{"l": "Potatoes", "v": 0.08019333318000002}]}, {"source": 2, "prod": 938.0, "target": 22, "value": 2.7704099671766858, "supply": [{"l": "Barley", "v": 0.35912666598000004}, {"l": "Rice", "v": 0.03137999994}, {"l": "Cereals, Other", "v": 0.0062272930606627986}, {"l": "Wheat", "v": 2.5487533284600001}, {"l": "Oats", "v": 0.17614343228731918}, {"l": "Millet", "v": 0.017433333299999999}]}, {"source": 3, "prod": 17.5, "target": 22, "value": 0.061016666550000015, "supply": [{"l": "Vegetables, Other", "v": 0.061016666550000015}]}, {"source": 10, "prod": 1.0, "target": 22, "value": 0.0034866666600000002, "supply": [{"l": "Pulses, Other", "v": 0.0034866666600000002}]}, {"source": 23, "prod": 0, "target": 4, "value": 0.03308911874454494, "supply": "[{\"l\":'Energy for power irrigation',\"v\":0.03308911874454494}]"}, {"source": 23, "prod": 0, "target": 12, "value": 0.0028773146734386908, "supply": "[{\"l\":'Energy for power irrigation',\"v\":0.0028773146734386908}]"}, {"source": 23, "prod": 0, "target": 3, "value": 0.012588251696294272, "supply": "[{\"l\":'Energy for power irrigation',\"v\":0.012588251696294272}]"}, {"source": 23, "prod": 0, "target": 10, "value": 0.00071932866835967271, "supply": "[{\"l\":'Energy for power irrigation',\"v\":0.00071932866835967271}]"}, {"source": 23, "prod": 0, "target": 2, "value": 0.33736514546068647, "supply": "[{\"l\":'Energy for power irrigation',\"v\":0.33736514546068647}]"}, {"source": 23, "prod": 0, "target": 15, "value": 0.06600000005279999, "supply": "[{\"l\":'Electricity',\"v\":0.06600000005279999}]"}, {"source": 24, "prod": 0, "target": 23, "value": 1.167521436176882, "supply": [{"l": "Coal", "v": 1.0779335219808202}, {"l": "Natural gas", "v": 0.0}, {"l": "Oil", "v": 0.089587914196061713}]}, {"source": 24, "prod": 0, "target": 4, "value": 0.26864379898917723, "supply": [{"l": "Coal", "v": 0.071427777834919992}, {"l": "Other fossil fuels", "v": 0.19721602115425724}]}, {"source": 24, "prod": 0, "target": 12, "value": 0.023360330346884978, "supply": [{"l": "Coal", "v": 0.006211111116079999}, {"l": "Other fossil fuels", "v": 0.017149219230804976}]}, {"source": 24, "prod": 0, "target": 3, "value": 0.10220144526762177, "supply": [{"l": "Coal", "v": 0.027173611132849995}, {"l": "Other fossil fuels", "v": 0.075027834134771765}]}, {"source": 24, "prod": 0, "target": 10, "value": 0.0058400825867212444, "supply": [{"l": "Coal", "v": 0.0015527777790199997}, {"l": "Other fossil fuels", "v": 0.004287304807701244}]}, {"source": 24, "prod": 0, "target": 2, "value": 2.7389987331722634, "supply": [{"l": "Coal", "v": 0.72825277836037983}, {"l": "Other fossil fuels", "v": 2.0107459548118833}]}, {"source": 25, "prod": 0.52814814814814814, "target": 4, "value": 0.0066649835444266359, "supply": [{"l": "Potash", "v": 0.000256388889094}, {"l": "Phosphate", "v": 0.010100000008079998}, {"l": "Nitrogen", "v": 0.067884722276529988}]}, {"source": 25, "prod": 0.045925925925925926, "target": 12, "value": 0.00057956378647188139, "supply": [{"l": "Potash", "v": 0.000256388889094}, {"l": "Phosphate", "v": 0.010100000008079998}, {"l": "Nitrogen", "v": 0.067884722276529988}]}, {"source": 25, "prod": 0.20092592592592592, "target": 3, "value": 0.002535591565814481, "supply": [{"l": "Potash", "v": 0.000256388889094}, {"l": "Phosphate", "v": 0.010100000008079998}, {"l": "Nitrogen", "v": 0.067884722276529988}]}, {"source": 25, "prod": 0.011481481481481481, "target": 10, "value": 0.00014489094661797035, "supply": [{"l": "Potash", "v": 0.000256388889094}, {"l": "Phosphate", "v": 0.010100000008079998}, {"l": "Nitrogen", "v": 0.067884722276529988}]}, {"source": 25, "prod": 5.3848148148148143, "target": 2, "value": 0.067953853963828081, "supply": [{"l": "Potash", "v": 0.000256388889094}, {"l": "Phosphate", "v": 0.010100000008079998}, {"l": "Nitrogen", "v": 0.067884722276529988}]}, {"source": 24, "prod": 0, "target": 25, "value": 0.091973398222570613, "supply": [{"l": "Natural gas (including LNG)", "v": 0.063237581042800611}, {"l": "Fuel oil", "v": 0.016735754281751874}, {"l": "Liquefied petroleum gas (LPG)", "v": 0.0060000314490090646}, {"l": "Coal", "v": 0.0060000314490090646}]}, {"source": 26, "prod": 0, "target": 4, "value": 0.010875030456095612, "supply": "[{\"l\":'Labor',\"v\":0.010875030456095612}]"}, {"source": 26, "prod": 0, "target": 3, "value": 0.0041372398474276784, "supply": "[{\"l\":'Labor',\"v\":0.0041372398474276784}]"}, {"source": 26, "prod": 0, "target": 10, "value": 0.00023641370556729593, "supply": "[{\"l\":'Labor',\"v\":0.00023641370556729593}]"}, {"source": 26, "prod": 0, "target": 2, "value": 0.11087802791106179, "supply": "[{\"l\":'Labor',\"v\":0.11087802791106179}]"}, {"source": 26, "prod": 0, "target": 14, "value": 0.00059103426391823974, "supply": "[{\"l\":'Labor',\"v\":0.00059103426391823974}]"}, {"source": 26, "prod": 0, "target": 12, "value": 0.00094565482226918371, "supply": "[{\"l\":'Labor',\"v\":0.00094565482226918371}]"}, {"source": 24, "prod": 0, "target": 18, "value": 0.44012898955022561, "supply": "[{\"l\":'Fossil Fuels',\"v\":0.44012898955022561}]"}, {"source": 27, "prod": 0, "target": 18, "value": 0.010396487046575477, "supply": "[{\"l\":'Renewables & Nuclear',\"v\":0},{\"l\":'Biomass & Waste',\"v\":0.010396487046575477}]"}]}