{"nodes": [{"layer": 13, "name": "Milk - Excluding Butter"}, {"layer": 10, "name": "Feed", "fill": "#dbdb8d"}, {"layer": 5, "name": "Cereals - Excluding Beer"}, {"layer": 5, "name": "Vegetables"}, {"layer": 5, "name": "Starchy Roots"}, {"layer": 16, "name": "Food", "fill": "#b5cf6b"}, {"layer": 13, "name": "Meat"}, {"layer": 13, "name": "Sugar & Sweeteners"}, {"layer": 13, "name": "Alcoholic Beverages"}, {"layer": 13, "name": "Animal Fats"}, {"layer": 5, "name": "Pulses"}, {"layer": 13, "name": "Fish, Seafood"}, {"layer": 5, "name": "Fruits - Excluding Wine"}, {"layer": 13, "name": "Vegetable Oils", "fill": "#f7b6d2"}, {"layer": 5, "name": "Stimulants"}, {"layer": 10, "name": "Processing", "fill": "#9edae5"}, {"layer": 16, "name": "Biofuels & Other", "fill": "#e7ba52"}, {"name": "Seed", "fill": "#dbdb8d"}, {"name": "Waste", "fill": "#c7c7c7"}, {"layer": 0, "name": "Import", "fill": "#aec7e8"}, {"layer": 16, "name": "Export", "fill": "#aec7e8"}, {"layer": 16, "name": "Stock Deposit", "fill": "#c7c7c7"}, {"layer": 0, "name": "Stock Draw", "fill": "#c7c7c7"}, {"layer": 0, "name": "Production", "fill": "#b5cf6b"}], "links": [{"source": 0, "prod": 0.073618849883239454, "target": 1, "value": 101.0, "supply": [{"l": "Milk - Excluding Butter", "v": 101.0}]}, {"source": 2, "prod": 0.41892369181435585, "target": 1, "value": 134.0, "supply": [{"l": "Cereals, Other", "v": 1.0}, {"l": "Wheat", "v": 80.0}, {"l": "Barley", "v": 31.0}, {"l": "Oats", "v": 22.0}]}, {"source": 3, "prod": 0.0010625823926282854, "target": 1, "value": 4.0, "supply": [{"l": "Vegetables, Other", "v": 4.0}]}, {"source": 4, "prod": 0.010688671787310261, "target": 1, "value": 13.0, "supply": [{"l": "Potatoes", "v": 13.0}]}, {"source": 0, "prod": 0.10277483003501747, "target": 5, "value": 141.0, "supply": [{"l": "Milk - Excluding Butter", "v": 141.0}]}, {"source": 6, "prod": 0.40320678614509298, "target": 5, "value": 174.0, "supply": [{"l": "Bovine Meat", "v": 52.0}, {"l": "Meat, Other", "v": 46.0}, {"l": "Mutton & Goat Meat", "v": 76.0}]}, {"source": 7, "prod": 0.12421249976250001, "target": 5, "value": 30.0, "supply": [{"l": "Sugar", "v": 30.0}]}, {"source": 3, "prod": 0.003187747177884856, "target": 5, "value": 12.0, "supply": [{"l": "Vegetables, Other", "v": 12.0}]}, {"source": 8, "prod": 0.020990533987696208, "target": 5, "value": 13.0, "supply": [{"l": "Beer", "v": 8.0}, {"l": "Beverages, Alcoholic", "v": 5.0}]}, {"source": 9, "prod": 0.086878281717904141, "target": 5, "value": 9.0, "supply": [{"l": "Fats, Animals, Raw", "v": 6.0}, {"l": "Butter, Ghee", "v": 3.0}]}, {"source": 4, "prod": 0.018088521486217361, "target": 5, "value": 22.0, "supply": [{"l": "Potatoes", "v": 22.0}]}, {"source": 10, "prod": 0.0040155562986283781, "target": 5, "value": 1.0, "supply": [{"l": "Pulses, Other", "v": 1.0}]}, {"source": 11, "prod": 0.0025937368576028452, "target": 5, "value": 2.0, "supply": [{"l": "Fish, Seafood", "v": 1.0}, {"l": "Marine Fish, Other", "v": 1.0}]}, {"source": 12, "prod": 0.0024752283723323614, "target": 5, "value": 5.0, "supply": [{"l": "Fruits, Other", "v": 5.0}]}, {"source": 2, "prod": 0.69828769062373419, "target": 5, "value": 218.0, "supply": [{"l": "Wheat", "v": 203.0}, {"l": "Barley", "v": 1.0}, {"l": "Millet", "v": 5.0}, {"l": "Rice", "v": 9.0}]}, {"source": 13, "prod": 0.010246591934431035, "target": 5, "value": 1.0, "supply": [{"l": "Sunflowerseed Oil", "v": 1.0}]}, {"source": 14, "prod": 0.0025044346068141595, "target": 5, "value": 5.0, "supply": [{"l": "Tea", "v": 5.0}]}, {"source": 0, "prod": 0.0014577990075889001, "target": 15, "value": 2.0, "supply": [{"l": "Milk - Excluding Butter", "v": 2.0}]}, {"source": 2, "prod": 0.045295011712443461, "target": 15, "value": 14.0, "supply": [{"l": "Wheat", "v": 12.0}, {"l": "Barley", "v": 2.0}]}, {"source": 0, "prod": 0.026240382136600199, "target": 16, "value": 36.0, "supply": [{"l": "Milk - Excluding Butter", "v": 36.0}]}, {"source": 8, "prod": 0.01013937099972134, "target": 16, "value": 3.0, "supply": [{"l": "Beverages, Alcoholic", "v": 3.0}]}, {"source": 6, "prod": 0.043414943098806821, "target": 16, "value": 36.0, "supply": [{"l": "Offals, Edible", "v": 36.0}]}, {"source": 9, "prod": 0.020509631046926966, "target": 16, "value": 2.0, "supply": [{"l": "Fats, Animals, Raw", "v": 2.0}]}, {"source": 4, "prod": 0.0073998496989071023, "target": 17, "value": 9.0, "supply": [{"l": "Potatoes", "v": 9.0}]}, {"source": 2, "prod": 0.2095953721723457, "target": 17, "value": 69.0, "supply": [{"l": "Wheat", "v": 39.0}, {"l": "Barley", "v": 14.0}, {"l": "Oats", "v": 16.0}]}, {"source": 0, "prod": 0.0036444975189722493, "target": 18, "value": 5.0, "supply": [{"l": "Milk - Excluding Butter", "v": 5.0}]}, {"source": 4, "prod": 0.0024666165663023674, "target": 18, "value": 3.0, "supply": [{"l": "Potatoes", "v": 3.0}]}, {"source": 3, "prod": 0.00053129119631414271, "target": 18, "value": 2.0, "supply": [{"l": "Vegetables, Other", "v": 2.0}]}, {"source": 2, "prod": 0.12201887744336658, "target": 18, "value": 38.0, "supply": [{"l": "Wheat", "v": 34.0}, {"l": "Barley", "v": 4.0}]}, {"source": 19, "prod": 0.038309812543530893, "target": 1, "value": 51.0, "supply": [{"l": "Milk - Excluding Butter", "v": 49.0}, {"l": "Marine Fish, Other", "v": 1.0}, {"l": "Fish, Seafood", "v": 1.0}]}, {"source": 19, "prod": 0.35506587377901999, "target": 2, "value": 109.0, "supply": [{"l": "Wheat", "v": 95.0}, {"l": "Millet", "v": 5.0}, {"l": "Rice", "v": 9.0}]}, {"source": 19, "prod": 0.13859950835568102, "target": 15, "value": 32.0, "supply": [{"l": "Sugar", "v": 31.0}, {"l": "Sunflowerseed Oil", "v": 1.0}]}, {"source": 19, "prod": 0.00026564559815707135, "target": 3, "value": 1.0, "supply": [{"l": "Vegetables, Other", "v": 1.0}]}, {"source": 19, "prod": 0.0025044346068141595, "target": 14, "value": 5.0, "supply": [{"l": "Tea", "v": 5.0}]}, {"source": 19, "prod": 0.0014851370233994168, "target": 12, "value": 3.0, "supply": [{"l": "Fruits, Other", "v": 3.0}]}, {"source": 19, "prod": 0.0016444110442015783, "target": 4, "value": 2.0, "supply": [{"l": "Potatoes", "v": 2.0}]}, {"source": 2, "prod": 0.006285770803695934, "target": 20, "value": 2.0, "supply": [{"l": "Wheat", "v": 2.0}]}, {"source": 6, "prod": 0.088729608303150409, "target": 20, "value": 34.0, "supply": [{"l": "Bovine Meat", "v": 11.0}, {"l": "Offals, Edible", "v": 2.0}, {"l": "Mutton & Goat Meat", "v": 21.0}]}, {"source": 7, "prod": 0.0041404166587499999, "target": 21, "value": 1.0, "supply": [{"l": "Sugar", "v": 1.0}]}, {"source": 2, "prod": 0.14787912225511257, "target": 21, "value": 49.0, "supply": [{"l": "Wheat", "v": 43.0}, {"l": "Oats", "v": 6.0}]}, {"source": 22, "prod": 0.0033016796233166666, "target": 2, "value": 1.0, "supply": [{"l": "Cereals, Other", "v": 1.0}]}, {"source": 23, "prod": 0.0045159751686702125, "target": 3, "value": 17.0, "supply": [{"l": "Vegetables, Other", "v": 17.0}]}, {"source": 23, "prod": 0.036999248494535515, "target": 4, "value": 45.0, "supply": [{"l": "Potatoes", "v": 45.0}]}, {"source": 23, "prod": 0.0040155562986283781, "target": 10, "value": 1.0, "supply": [{"l": "Pulses, Other", "v": 1.0}]}, {"source": 23, "prod": 0.0014851370233994168, "target": 12, "value": 3.0, "supply": [{"l": "Fruits, Other", "v": 3.0}]}, {"source": 23, "prod": 1.2894294696009003, "target": 2, "value": 414.0, "supply": [{"l": "Cereals, Other", "v": 1.0}, {"l": "Wheat", "v": 318.0}, {"l": "Oats", "v": 44.0}, {"l": "Barley", "v": 51.0}]}, {"source": 1, "prod": 0.20773635858141831, "target": 0, "value": 285.0, "supply": [{"l": "Milk - Excluding Butter", "v": 285.0}]}, {"source": 1, "prod": 0.53535133754705022, "target": 6, "value": 244.0, "supply": [{"l": "Bovine Meat", "v": 63.0}, {"l": "Meat, Other", "v": 46.0}, {"l": "Offals, Edible", "v": 38.0}, {"l": "Mutton & Goat Meat", "v": 97.0}]}, {"source": 1, "prod": 0.0025937368576028452, "target": 11, "value": 2.0, "supply": [{"l": "Marine Fish, Other", "v": 1.0}, {"l": "Fish, Seafood", "v": 1.0}]}, {"source": 15, "prod": 0.12835291642125002, "target": 7, "value": 31.0, "supply": [{"l": "Sugar", "v": 31.0}]}, {"source": 15, "prod": 0.010246591934431035, "target": 13, "value": 1.0, "supply": [{"l": "Sunflowerseed Oil", "v": 1.0}]}, {"source": 15, "prod": 0.1073879127648311, "target": 9, "value": 11.0, "supply": [{"l": "Fats, Animals, Raw", "v": 8.0}, {"l": "Butter, Ghee", "v": 3.0}]}, {"source": 15, "prod": 0.03112990498741755, "target": 8, "value": 16.0, "supply": [{"l": "Beer", "v": 8.0}, {"l": "Beverages, Alcoholic", "v": 8.0}]}]}