{"nodes": [{"layer": 13, "name": "Milk - Excluding Butter"}, {"layer": 10, "name": "Feed", "fill": "#dbdb8d"}, {"layer": 5, "name": "Oilcrops", "fill": "#ff9896"}, {"layer": 5, "name": "Vegetables"}, {"layer": 5, "name": "Starchy Roots"}, {"layer": 5, "name": "Pulses"}, {"layer": 13, "name": "Fish, Seafood"}, {"layer": 5, "name": "Fruits - Excluding Wine"}, {"layer": 5, "name": "Cereals - Excluding Beer"}, {"layer": 16, "name": "Food", "fill": "#b5cf6b"}, {"layer": 5, "name": "Treenuts"}, {"layer": 5, "name": "Others"}, {"layer": 13, "name": "Alcoholic Beverages"}, {"layer": 13, "name": "Animal Fats"}, {"layer": 13, "name": "Sugar & Sweeteners"}, {"layer": 13, "name": "Vegetable Oils", "fill": "#f7b6d2"}, {"layer": 5, "name": "Stimulants"}, {"layer": 13, "name": "Eggs"}, {"layer": 13, "name": "Meat"}, {"layer": 10, "name": "Processing", "fill": "#9edae5"}, {"layer": 16, "name": "Biofuels & Other", "fill": "#e7ba52"}, {"name": "Waste", "fill": "#c7c7c7"}, {"layer": 2, "name": "Import", "fill": "#aec7e8"}, {"layer": 16, "name": "Export", "fill": "#aec7e8"}, {"layer": 5, "name": "Spices"}, {"layer": 16, "name": "Stock Deposit", "fill": "#c7c7c7"}, {"layer": 0, "name": "Stock Draw", "fill": "#c7c7c7"}, {"layer": 2, "name": "Electricity", "fill": "#bcbd22"}, {"layer": 0, "name": "Fossil Fuels", "fill": "#c49c94"}, {"layer": 0, "name": "Renewables & Nuclear", "fill": "#2ca02c"}, {"layer": 2, "name": "Fertilizers", "fill": "#c5b0d5"}, {"layer": 0, "name": "Labor", "fill": "#7f7f7f"}], "links": [{"source": 0, "prod": 23.0, "target": 1, "value": 0.016708757970932017, "supply": [{"l": "Milk - Excluding Butter", "v": 0.016708757970932017}]}, {"source": 2, "prod": 15.0, "target": 1, "value": 0.094805372040950006, "supply": [{"l": "Soyabeans", "v": 0.077825305406750006}, {"l": "Oilcrops, Other", "v": 0.0169800666342}]}, {"source": 3, "prod": 78.0, "target": 1, "value": 0.021636547551746897, "supply": [{"l": "Vegetables, Other", "v": 0.021636547551746897}]}, {"source": 4, "prod": 31.0, "target": 1, "value": 0.024069355372666856, "supply": [{"l": "Potatoes", "v": 0.024069355372666856}]}, {"source": 5, "prod": 23.0, "target": 1, "value": 0.089573746006100935, "supply": [{"l": "Beans", "v": 0.089573746006100935}]}, {"source": 6, "prod": 2.0, "target": 1, "value": 0.0019389617055429326, "supply": [{"l": "Pelagic Fish", "v": 0.00098913009519611657}, {"l": "Fish, Seafood", "v": 0.000949831610346816}]}, {"source": 7, "prod": 38.0, "target": 1, "value": 0.020626949042420243, "supply": [{"l": "Fruits, Other", "v": 0.0011345256103028954}, {"l": "Apples", "v": 0.019492423432117347}]}, {"source": 8, "prod": 324.0, "target": 1, "value": 1.1521881121084336, "supply": [{"l": "Maize", "v": 0.78653936411296088}, {"l": "Wheat", "v": 0.34343704106704342}, {"l": "Cereals, Other", "v": 0.0037614071658037978}, {"l": "Rice", "v": 0.012595104371521977}, {"l": "Oats", "v": 0.0058551953911034479}]}, {"source": 0, "prod": 808.0, "target": 9, "value": 0.58698593219622042, "supply": [{"l": "Milk - Excluding Butter", "v": 0.58698593219622042}]}, {"source": 2, "prod": 2.0, "target": 9, "value": 0.008401595470046876, "supply": [{"l": "Olives", "v": 0.001326567705796875}, {"l": "Groundnuts", "v": 0.0070750277642500003}]}, {"source": 10, "prod": 14.0, "target": 9, "value": 0.047468237395926517, "supply": [{"l": "Treenuts", "v": 0.047468237395926517}]}, {"source": 3, "prod": 415.0, "target": 9, "value": 0.10622554904966215, "supply": [{"l": "Vegetables, Other", "v": 0.056865285232155303}, {"l": "Tomatoes", "v": 0.034165573317104153}, {"l": "Onions", "v": 0.015194690500402685}]}, {"source": 11, "prod": 15.0, "target": 9, "value": 0.052462374641279459, "supply": [{"l": "Nuts", "v": 0.047468237395926517}, {"l": "Infant food", "v": 0.004994137245352942}]}, {"source": 12, "prod": 83.0, "target": 9, "value": 0.05121809947512368, "supply": [{"l": "Beer", "v": 0.034272266846234564}, {"l": "Wine", "v": 0.016945832628889115}]}, {"source": 13, "prod": 16.0, "target": 9, "value": 0.13657818007859449, "supply": [{"l": "Butter, Ghee", "v": 0.04979117283712782}, {"l": "Fats, Animals, Raw", "v": 0.086787007241466665}]}, {"source": 4, "prod": 240.0, "target": 9, "value": 0.1863433964335498, "supply": [{"l": "Potatoes", "v": 0.1863433964335498}]}, {"source": 6, "prod": 52.0, "target": 9, "value": 0.050412259985817928, "supply": [{"l": "Marine Fish, Other", "v": 0.00069024661114634148}, {"l": "Freshwater Fish", "v": 0.001326567705796875}, {"l": "Fish, Seafood", "v": 0.02469562186901722}, {"l": "Pelagic Fish", "v": 0.022749992189510682}, {"l": "Demersal Fish", "v": 0.000949831610346816}]}, {"source": 14, "prod": 172.0, "target": 9, "value": 0.69394726104475635, "supply": [{"l": "Sugar", "v": 0.68324553837614288}, {"l": "Sweeteners, Other", "v": 0.0040428730081428577}, {"l": "Honey", "v": 0.0066588496604705885}]}, {"source": 7, "prod": 265.0, "target": 9, "value": 0.13380617077354781, "supply": [{"l": "Citrus, Other", "v": 0.0017017884154543431}, {"l": "Grapes", "v": 0.014934666638110898}, {"l": "Apples", "v": 0.0097462117160586736}, {"l": "Lemons, Limes", "v": 0.0012268834273265897}, {"l": "Bananas", "v": 0.0054356920627774393}, {"l": "Fruits, Other", "v": 0.068638799423325181}, {"l": "Oranges, Mandarines", "v": 0.032122129090494694}]}, {"source": 8, "prod": 917.0, "target": 9, "value": 2.9674838246339617, "supply": [{"l": "Maize", "v": 0.71814463679879026}, {"l": "Rye", "v": 0.0033960133268400002}, {"l": "Barley", "v": 0.088673681311933331}, {"l": "Rice", "v": 0.016793472495362637}, {"l": "Wheat", "v": 2.1225027943422687}, {"l": "Oats", "v": 0.002927597695551724}, {"l": "Cereals, Other", "v": 0.015045628663215191}]}, {"source": 15, "prod": 33.0, "target": 9, "value": 0.33829927613413469, "supply": [{"l": "Soyabean Oil", "v": 0.0099050388699500006}, {"l": "Sunflowerseed Oil", "v": 0.22696463568821121}, {"l": "Oilcrops Oil, Other", "v": 0.10142960157597346}]}, {"source": 16, "prod": 29.0, "target": 9, "value": 0.066403157310805955, "supply": [{"l": "Coffee", "v": 0.0036127801349361706}, {"l": "Cocoa Beans", "v": 0.055369782502826086}, {"l": "Tea", "v": 0.0074205946730437023}]}, {"source": 17, "prod": 32.0, "target": 9, "value": 0.052390288237752075, "supply": [{"l": "Eggs", "v": 0.052390288237752075}]}, {"source": 18, "prod": 156.0, "target": 9, "value": 0.32409932154091514, "supply": [{"l": "Mutton & Goat Meat", "v": 0.029616395292209306}, {"l": "Pigmeat", "v": 0.088914642402454891}, {"l": "Poultry Meat", "v": 0.04726233121867409}, {"l": "Bovine Meat", "v": 0.1359867928764377}, {"l": "Offals, Edible", "v": 0.02231915975113918}]}, {"source": 8, "prod": 41.0, "target": 19, "value": 0.1236253747169913, "supply": [{"l": "Wheat", "v": 0.095914849307012134}, {"l": "Barley", "v": 0.027710525409979161}]}, {"source": 2, "prod": 22.0, "target": 19, "value": 0.15565061081350001, "supply": [{"l": "Sunflower seed", "v": 0.15565061081350001}]}, {"source": 7, "prod": 151.0, "target": 19, "value": 0.097941456020214437, "supply": [{"l": "Grapes", "v": 0.097399999813766736}, {"l": "Apples", "v": 0.00054145620644770415}]}, {"source": 18, "prod": 3.0, "target": 20, "value": 0.0039386752502010318, "supply": [{"l": "Offals, Edible", "v": 0.0039386752502010318}]}, {"source": 12, "prod": 5.0, "target": 20, "value": 0.0033302638989929144, "supply": [{"l": "Alcohol, Non-Food", "v": 0.0033302638989929144}]}, {"source": 13, "prod": 8.0, "target": 20, "value": 0.069429605793173338, "supply": [{"l": "Fats, Animals, Raw", "v": 0.069429605793173338}]}, {"source": 4, "prod": 4.0, "target": 20, "value": 0.0031057232738924971, "supply": [{"l": "Potatoes", "v": 0.0031057232738924971}]}, {"source": 7, "prod": 6.0, "target": 20, "value": 0.0038959999925506695, "supply": [{"l": "Grapes", "v": 0.0038959999925506695}]}, {"source": 8, "prod": 59.0, "target": 20, "value": 0.17743974869098764, "supply": [{"l": "Maize", "v": 0.0037997070730094724}, {"l": "Wheat", "v": 0.12376109588001566}, {"l": "Barley", "v": 0.049878945737962505}]}, {"source": 15, "prod": 16.0, "target": 20, "value": 0.16454434701582593, "supply": [{"l": "Oilcrops Oil, Other", "v": 0.03042888047279204}, {"l": "Sunflowerseed Oil", "v": 0.13411546654303388}]}, {"source": 4, "prod": 131.0, "target": 4, "value": 0.10171243721997929, "supply": [{"l": "Potatoes", "v": 0.10171243721997929}]}, {"source": 8, "prod": 43.0, "target": 8, "value": 0.13475318724305563, "supply": [{"l": "Maize", "v": 0.026597949511066307}, {"l": "Wheat", "v": 0.08044471232201017}, {"l": "Barley", "v": 0.027710525409979161}]}, {"source": 17, "prod": 1.0, "target": 17, "value": 0.0016371965074297523, "supply": [{"l": "Eggs", "v": 0.0016371965074297523}]}, {"source": 2, "prod": 5.0, "target": 2, "value": 0.035375138821250006, "supply": [{"l": "Sunflower seed", "v": 0.035375138821250006}]}, {"source": 18, "prod": 2.0, "target": 21, "value": 0.0046411369579019788, "supply": [{"l": "Pigmeat", "v": 0.0021686498146940218}, {"l": "Bovine Meat", "v": 0.0024724871432079574}]}, {"source": 10, "prod": 1.0, "target": 21, "value": 0.0033905883854233225, "supply": [{"l": "Treenuts", "v": 0.0033905883854233225}]}, {"source": 3, "prod": 39.0, "target": 21, "value": 0.011718008834981388, "supply": [{"l": "Vegetables, Other", "v": 0.0049930494350185137}, {"l": "Onions", "v": 0.005318141675140939}, {"l": "Tomatoes", "v": 0.0014068177248219361}]}, {"source": 11, "prod": 1.0, "target": 21, "value": 0.0033905883854233225, "supply": [{"l": "Nuts", "v": 0.0033905883854233225}]}, {"source": 4, "prod": 18.0, "target": 21, "value": 0.013975754732516237, "supply": [{"l": "Potatoes", "v": 0.013975754732516237}]}, {"source": 5, "prod": 1.0, "target": 21, "value": 0.0038945106959174321, "supply": [{"l": "Beans", "v": 0.0038945106959174321}]}, {"source": 7, "prod": 22.0, "target": 21, "value": 0.013007312935335774, "supply": [{"l": "Fruits, Other", "v": 0.0051053652463630295}, {"l": "Grapes", "v": 0.0051946666567342257}, {"l": "Apples", "v": 0.0027072810322385206}]}, {"source": 8, "prod": 70.0, "target": 21, "value": 0.23710635835829488, "supply": [{"l": "Maize", "v": 0.11399121219028417}, {"l": "Wheat", "v": 0.11757304108601488}, {"l": "Barley", "v": 0.0055421050819958332}]}, {"source": 22, "prod": 1.0, "target": 11, "value": 0.004994137245352942, "supply": [{"l": "Infant food", "v": 0.004994137245352942}]}, {"source": 22, "prod": 153.0, "target": 1, "value": 0.16446808950126984, "supply": [{"l": "Eggs", "v": 0.0081859825371487609}, {"l": "Marine Fish, Other", "v": 0.001380493222292683}, {"l": "Pigmeat", "v": 0.019517848332246197}, {"l": "Freshwater Fish", "v": 0.001326567705796875}, {"l": "Milk - Excluding Butter", "v": 0.050126273912796053}, {"l": "Pelagic Fish", "v": 0.017804341713530097}, {"l": "Fish, Seafood", "v": 0.020896295427629955}, {"l": "Bovine Meat", "v": 0.017307410002455705}, {"l": "Poultry Meat", "v": 0.024347261536892716}, {"l": "Offals, Edible", "v": 0.0026257835001340206}, {"l": "Demersal Fish", "v": 0.000949831610346816}]}, {"source": 22, "prod": 1156.0, "target": 8, "value": 3.6032336296561214, "supply": [{"l": "Maize", "v": 0.079793848533198916}, {"l": "Rye", "v": 0.0033960133268400002}, {"l": "Barley", "v": 0.047107893196964588}, {"l": "Rice", "v": 0.029388576866884612}, {"l": "Wheat", "v": 3.3879599997154282}, {"l": "Oats", "v": 0.002927597695551724}, {"l": "Cereals, Other", "v": 0.052659700321253167}]}, {"source": 22, "prod": 1.0, "target": 5, "value": 0.0038945106959174321, "supply": [{"l": "Beans", "v": 0.0038945106959174321}]}, {"source": 22, "prod": 383.0, "target": 19, "value": 1.7852895385948517, "supply": [{"l": "Alcohol, Non-Food", "v": 0.0019981583393957484}, {"l": "Sugar", "v": 1.2775478705731431}, {"l": "Beer", "v": 0.0061802448411242663}, {"l": "Beverages, Alcoholic", "v": 0.013361363908878692}, {"l": "Butter, Ghee", "v": 0.041492644030939857}, {"l": "Fats, Animals, Raw", "v": 0.034714802896586669}, {"l": "Soyabean Oil", "v": 0.0099050388699500006}, {"l": "Sunflowerseed Oil", "v": 0.26823093308606777}, {"l": "Oilcrops Oil, Other", "v": 0.13185848204876552}]}, {"source": 22, "prod": 33.0, "target": 3, "value": 0.0098504639521799792, "supply": [{"l": "Vegetables, Other", "v": 0.0019417414469516448}, {"l": "Tomatoes", "v": 0.002210713567577328}, {"l": "Onions", "v": 0.0056980089376510064}]}, {"source": 22, "prod": 14.0, "target": 16, "value": 0.068647365290569182, "supply": [{"l": "Coffee", "v": 0.0036127801349361706}, {"l": "Cocoa Beans", "v": 0.064598079586630441}, {"l": "Tea", "v": 0.00043650556900257071}]}, {"source": 22, "prod": 28.0, "target": 7, "value": 0.016317607305622886, "supply": [{"l": "Fruits, Other", "v": 0.0034035768309086862}, {"l": "Citrus, Other", "v": 0.0017017884154543431}, {"l": "Grapes", "v": 0.0025973333283671129}, {"l": "Apples", "v": 0.00054145620644770415}, {"l": "Lemons, Limes", "v": 0.00024537668546531792}, {"l": "Pineapples", "v": 0.0005672628051514477}, {"l": "Bananas", "v": 0.0054356920627774393}, {"l": "Oranges, Mandarines", "v": 0.0018251209710508347}]}, {"source": 22, "prod": 18.0, "target": 2, "value": 0.093301928641046875, "supply": [{"l": "Olives", "v": 0.001326567705796875}, {"l": "Sunflower seed", "v": 0.035375138821250006}, {"l": "Groundnuts", "v": 0.0070750277642500003}, {"l": "Oilcrops, Other", "v": 0.0424501665855}, {"l": "Soyabeans", "v": 0.0070750277642500003}]}, {"source": 22, "prod": 8.0, "target": 4, "value": 0.0062114465477849943, "supply": [{"l": "Potatoes", "v": 0.0062114465477849943}]}, {"source": 0, "prod": 26.0, "target": 23, "value": 0.018888161184531845, "supply": [{"l": "Milk - Excluding Butter", "v": 0.018888161184531845}]}, {"source": 2, "prod": 11.0, "target": 23, "value": 0.063675249878250004, "supply": [{"l": "Cottonseed", "v": 0.035375138821250006}, {"l": "Soyabeans", "v": 0.0070750277642500003}, {"l": "Oilcrops, Other", "v": 0.02122508329275}]}, {"source": 10, "prod": 20.0, "target": 23, "value": 0.067811767708466447, "supply": [{"l": "Treenuts", "v": 0.067811767708466447}]}, {"source": 3, "prod": 7.0, "target": 23, "value": 0.0016360707485918108, "supply": [{"l": "Vegetables, Other", "v": 0.00083217490583641909}, {"l": "Tomatoes", "v": 0.00080389584275539184}]}, {"source": 12, "prod": 79.0, "target": 23, "value": 0.096832006448247798, "supply": [{"l": "Beverages, Alcoholic", "v": 0.046764773681075421}, {"l": "Wine", "v": 0.050067232767172384}]}, {"source": 11, "prod": 20.0, "target": 23, "value": 0.067811767708466447, "supply": [{"l": "Nuts", "v": 0.067811767708466447}]}, {"source": 4, "prod": 1.0, "target": 23, "value": 0.00077643081847312428, "supply": [{"l": "Potatoes", "v": 0.00077643081847312428}]}, {"source": 6, "prod": 12.0, "target": 23, "value": 0.011036003265158044, "supply": [{"l": "Fish, Seafood", "v": 0.0056989896620808951}, {"l": "Pelagic Fish", "v": 0.0039565203807844663}, {"l": "Marine Fish, Other", "v": 0.001380493222292683}]}, {"source": 14, "prod": 112.0, "target": 23, "value": 0.45280177691199996, "supply": [{"l": "Sugar", "v": 0.42450166585499999}, {"l": "Sweeteners, Other", "v": 0.028300111057000001}]}, {"source": 8, "prod": 76.0, "target": 23, "value": 0.24981186148734758, "supply": [{"l": "Maize", "v": 0.030397656584075779}, {"l": "Barley", "v": 0.0027710525409979166}, {"l": "Cereals, Other", "v": 0.052659700321253167}, {"l": "Wheat", "v": 0.16398345204102072}]}, {"source": 24, "prod": 4.0, "target": 23, "value": 0.018866740704666669, "supply": [{"l": "Spices, Other", "v": 0.018866740704666669}]}, {"source": 16, "prod": 6.0, "target": 23, "value": 0.0026190334140154242, "supply": [{"l": "Tea", "v": 0.0026190334140154242}]}, {"source": 7, "prod": 46.0, "target": 23, "value": 0.019037330074036844, "supply": [{"l": "Fruits, Other", "v": 0.0028363140257572387}, {"l": "Oranges, Mandarines", "v": 0.012410822603145674}, {"l": "Apples", "v": 0.0037901934451339291}]}, {"source": 18, "prod": 1.0, "target": 23, "value": 0.0014321918551113363, "supply": [{"l": "Poultry Meat", "v": 0.0014321918551113363}]}, {"source": 3, "prod": 50.0, "target": 25, "value": 0.01386958176394032, "supply": [{"l": "Vegetables, Other", "v": 0.01386958176394032}]}, {"source": 8, "prod": 310.0, "target": 25, "value": 0.95591874451009651, "supply": [{"l": "Wheat", "v": 0.9282082191001173}, {"l": "Barley", "v": 0.027710525409979161}]}, {"source": 26, "prod": 2.0, "target": 1, "value": 0.0026257835001340206, "supply": [{"l": "Offals, Edible", "v": 0.0026257835001340206}]}, {"source": 7, "prod": 107.0, "target": 25, "value": 0.065163581508057303, "supply": [{"l": "Grapes", "v": 0.043505333250149138}, {"l": "Apples", "v": 0.021658248257908165}]}, {"source": 2, "prod": 1.0, "target": 25, "value": 0.00424501665855, "supply": [{"l": "Oilcrops, Other", "v": 0.00424501665855}]}, {"source": 26, "prod": 4.0, "target": 11, "value": 0.01356235354169329, "supply": [{"l": "Nuts", "v": 0.01356235354169329}]}, {"source": 14, "prod": 41.0, "target": 25, "value": 0.16575779333385718, "supply": [{"l": "Sugar", "v": 0.16575779333385718}]}, {"source": 4, "prod": 15.0, "target": 25, "value": 0.011646462277096863, "supply": [{"l": "Potatoes", "v": 0.011646462277096863}]}, {"source": 26, "prod": 4.0, "target": 10, "value": 0.01356235354169329, "supply": [{"l": "Treenuts", "v": 0.01356235354169329}]}, {"source": 26, "prod": 4.0, "target": 8, "value": 0.015045628663215191, "supply": [{"l": "Cereals, Other", "v": 0.015045628663215191}]}, {"source": 1, "prod": 857.0, "target": 0, "value": 0.62258285135168423, "supply": [{"l": "Milk - Excluding Butter", "v": 0.62258285135168423}]}, {"source": 1, "prod": 32.0, "target": 17, "value": 0.052390288237752075, "supply": [{"l": "Eggs", "v": 0.054027484745181827}]}, {"source": 1, "prod": 162.0, "target": 18, "value": 0.33411132560412948, "supply": [{"l": "Poultry Meat", "v": 0.048694523073785426}, {"l": "Bovine Meat", "v": 0.13845928001964566}, {"l": "Pigmeat", "v": 0.091083292217148906}, {"l": "Offals, Edible", "v": 0.026257835001340213}, {"l": "Mutton & Goat Meat", "v": 0.029616395292209306}]}, {"source": 1, "prod": 66.0, "target": 6, "value": 0.063387224956518912, "supply": [{"l": "Demersal Fish", "v": 0.000949831610346816}, {"l": "Freshwater Fish", "v": 0.001326567705796875}, {"l": "Pelagic Fish", "v": 0.027695642665491266}, {"l": "Marine Fish, Other", "v": 0.0020707398334390247}, {"l": "Fish, Seafood", "v": 0.031344443141444932}]}, {"source": 19, "prod": 325.0, "target": 14, "value": 1.3125068312906134, "supply": [{"l": "Honey", "v": 0.0066588496604705885}, {"l": "Sweeteners, Other", "v": 0.032342984065142862}, {"l": "Sugar", "v": 1.2735049975650001}]}, {"source": 19, "prod": 49.0, "target": 15, "value": 0.50284362314996067, "supply": [{"l": "Oilcrops Oil, Other", "v": 0.13185848204876549}, {"l": "Sunflowerseed Oil", "v": 0.36108010223124509}, {"l": "Soyabean Oil", "v": 0.0099050388699500006}]}, {"source": 19, "prod": 24.0, "target": 13, "value": 0.20600778587176782, "supply": [{"l": "Fats, Animals, Raw", "v": 0.15621661303464002}, {"l": "Butter, Ghee", "v": 0.04979117283712782}]}, {"source": 19, "prod": 167.0, "target": 12, "value": 0.15138036982236439, "supply": [{"l": "Beer", "v": 0.034272266846234564}, {"l": "Beverages, Alcoholic", "v": 0.046764773681075421}, {"l": "Alcohol, Non-Food", "v": 0.0033302638989929144}, {"l": "Wine", "v": 0.0670130653960615}]}, {"source": 27, "prod": 0, "target": 2, "value": 0.0024880379778239908, "supply": "[{\"l\":'Energy for power irrigation',\"v\":0.0024880379778239908}]"}, {"source": 27, "prod": 0, "target": 10, "value": 0.0018450618711953191, "supply": "[{\"l\":'Energy for power irrigation',\"v\":0.0018450618711953191}]"}, {"source": 27, "prod": 0, "target": 3, "value": 0.032009027916949095, "supply": "[{\"l\":'Energy for power irrigation',\"v\":0.032009027916949095}]"}, {"source": 27, "prod": 0, "target": 11, "value": 0.0018730173540922178, "supply": "[{\"l\":'Energy for power irrigation',\"v\":0.0018730173540922178}]"}, {"source": 27, "prod": 0, "target": 4, "value": 0.024377181086095729, "supply": "[{\"l\":'Energy for power irrigation',\"v\":0.024377181086095729}]"}, {"source": 27, "prod": 0, "target": 5, "value": 0.0013139076961542423, "supply": "[{\"l\":'Energy for power irrigation',\"v\":0.0013139076961542423}]"}, {"source": 27, "prod": 0, "target": 8, "value": 0.070447816900184909, "supply": "[{\"l\":'Energy for power irrigation',\"v\":0.070447816900184909}]"}, {"source": 27, "prod": 0, "target": 7, "value": 0.034748665240845175, "supply": "[{\"l\":'Energy for power irrigation',\"v\":0.034748665240845175}]"}, {"source": 27, "prod": 0, "target": 24, "value": 0.00022364386317519016, "supply": "[{\"l\":'Energy for power irrigation',\"v\":0.00022364386317519016}]"}, {"source": 27, "prod": 0, "target": 16, "value": 0.0016214180080201287, "supply": "[{\"l\":'Energy for power irrigation',\"v\":0.0016214180080201287}]"}, {"source": 27, "prod": 0, "target": 19, "value": 0.0010000000007999998, "supply": "[{\"l\":'Electricity',\"v\":0.0010000000007999998}]"}, {"source": 28, "prod": 0, "target": 27, "value": 0.047191322660348228, "supply": [{"l": "Coal", "v": 0.0}, {"l": "Natural gas", "v": 0.04308170190089048}, {"l": "Oil", "v": 0.0041096207594577463}]}, {"source": 29, "prod": 0, "target": 27, "value": 0.14755282001927009, "supply": [{"l": "Nuclear", "v": 0.0}, {"l": "Hydroelectric", "v": 0.14755282001927009}, {"l": "Renewable", "v": 0.0}]}, {"source": 28, "prod": 0, "target": 2, "value": 0.023316909249143217, "supply": [{"l": "Motor Gasoline", "v": 0.0020894960799248295}, {"l": "Gas-Diesel oil", "v": 0.0083445080470135723}, {"l": "Natural gas (including LNG)", "v": 0.009480550557234662}, {"l": "Fuel oil", "v": 0.00070777384145535025}, {"l": "Liquefied petroleum gas (LPG)", "v": 0.00095614154705363837}, {"l": "Coal", "v": 0.0017384391764611608}]}, {"source": 28, "prod": 0, "target": 10, "value": 0.017291191128578114, "supply": [{"l": "Motor Gasoline", "v": 0.0015495139469105478}, {"l": "Gas-Diesel oil", "v": 0.0061880621472235478}, {"l": "Natural gas (including LNG)", "v": 0.0070305206379493003}, {"l": "Fuel oil", "v": 0.0005248659947871137}, {"l": "Liquefied petroleum gas (LPG)", "v": 0.0007090487877026982}, {"l": "Coal", "v": 0.0012891796140049058}]}, {"source": 28, "prod": 0, "target": 3, "value": 0.29997596730639309, "supply": [{"l": "Motor Gasoline", "v": 0.026881719230493595}, {"l": "Gas-Diesel oil", "v": 0.10735350240259034}, {"l": "Natural gas (including LNG)", "v": 0.12196888076442347}, {"l": "Fuel oil", "v": 0.0091056297580491691}, {"l": "Liquefied petroleum gas (LPG)", "v": 0.012300922150296809}, {"l": "Coal", "v": 0.022365313000539656}]}, {"source": 28, "prod": 0, "target": 11, "value": 0.017553178872950513, "supply": [{"l": "Motor Gasoline", "v": 0.0015729914309546471}, {"l": "Gas-Diesel oil", "v": 0.0062818206646057233}, {"l": "Natural gas (including LNG)", "v": 0.0071370436779182294}, {"l": "Fuel oil", "v": 0.00053281850985964572}, {"l": "Liquefied petroleum gas (LPG)", "v": 0.00071979195115273904}, {"l": "Coal", "v": 0.0013087126384595256}]}, {"source": 28, "prod": 0, "target": 4, "value": 0.22845331309272904, "supply": [{"l": "Motor Gasoline", "v": 0.020472366086454509}, {"l": "Gas-Diesel oil", "v": 0.081757427157256563}, {"l": "Natural gas (including LNG)", "v": 0.092888090852905905}, {"l": "Fuel oil", "v": 0.0069345931432479259}, {"l": "Liquefied petroleum gas (LPG)", "v": 0.0093680385284356481}, {"l": "Coal", "v": 0.017032797324428452}]}, {"source": 28, "prod": 0, "target": 5, "value": 0.012313423985502598, "supply": [{"l": "Motor Gasoline", "v": 0.0011034417500726628}, {"l": "Gas-Diesel oil", "v": 0.0044066503169622236}, {"l": "Natural gas (including LNG)", "v": 0.0050065828785396532}, {"l": "Fuel oil", "v": 0.00037376820840900519}, {"l": "Liquefied petroleum gas (LPG)", "v": 0.0005049286821519214}, {"l": "Coal", "v": 0.00091805214936712992}]}, {"source": 28, "prod": 0, "target": 8, "value": 0.66020911581843711, "supply": [{"l": "Motor Gasoline", "v": 0.059163259791130005}, {"l": "Gas-Diesel oil", "v": 0.23627146380308089}, {"l": "Natural gas (including LNG)", "v": 0.26843806072170057}, {"l": "Fuel oil", "v": 0.020040337982780702}, {"l": "Liquefied petroleum gas (LPG)", "v": 0.02707277189410302}, {"l": "Coal", "v": 0.049223221625641855}]}, {"source": 28, "prod": 0, "target": 7, "value": 0.32565076625488781, "supply": [{"l": "Motor Gasoline", "v": 0.029182512666815315}, {"l": "Gas-Diesel oil", "v": 0.11654183710604347}, {"l": "Natural gas (including LNG)", "v": 0.13240813868137849}, {"l": "Fuel oil", "v": 0.009884976235157307}, {"l": "Liquefied petroleum gas (LPG)", "v": 0.013353752168400814}, {"l": "Coal", "v": 0.024279549397092391}]}, {"source": 28, "prod": 0, "target": 24, "value": 0.0020959019549791655, "supply": [{"l": "Motor Gasoline", "v": 0.00018781987235279367}, {"l": "Gas-Diesel oil", "v": 0.00075006813905739971}, {"l": "Natural gas (including LNG)", "v": 0.00085218431975143027}, {"l": "Fuel oil", "v": 6.3620120580256193e-05}, {"l": "Liquefied petroleum gas (LPG)", "v": 8.594530760032705e-05}, {"l": "Coal", "v": 0.00015626419563695827}]}, {"source": 28, "prod": 0, "target": 16, "value": 0.01519528917359895, "supply": [{"l": "Motor Gasoline", "v": 0.0013616940745577542}, {"l": "Gas-Diesel oil", "v": 0.0054379940081661481}, {"l": "Natural gas (including LNG)", "v": 0.0061783363181978695}, {"l": "Fuel oil", "v": 0.00046124587420685745}, {"l": "Liquefied petroleum gas (LPG)", "v": 0.00062310348010237112}, {"l": "Coal", "v": 0.0011329154183679475}]}, {"source": 30, "prod": 0.36451430907604254, "target": 2, "value": 0.0064922155375822521, "supply": [{"l": "Potash", "v": 0.00049739444484235996}, {"l": "Phosphate", "v": 0.0030889166691378}, {"l": "Nitrogen", "v": 0.44247995868731727}]}, {"source": 30, "prod": 0.2703139820114473, "target": 10, "value": 0.0048144519716902092, "supply": [{"l": "Potash", "v": 0.00049739444484235996}, {"l": "Phosphate", "v": 0.0030889166691378}, {"l": "Nitrogen", "v": 0.44247995868731727}]}, {"source": 30, "prod": 4.6895380212591995, "target": 3, "value": 0.083523447084625613, "supply": [{"l": "Potash", "v": 0.00049739444484235996}, {"l": "Phosphate", "v": 0.0030889166691378}, {"l": "Nitrogen", "v": 0.44247995868731727}]}, {"source": 30, "prod": 0.27440964840556015, "target": 11, "value": 0.0048873982136855157, "supply": [{"l": "Potash", "v": 0.00049739444484235996}, {"l": "Phosphate", "v": 0.0030889166691378}, {"l": "Nitrogen", "v": 0.44247995868731727}]}, {"source": 30, "prod": 3.5714210956663943, "target": 4, "value": 0.06360912301990701, "supply": [{"l": "Potash", "v": 0.00049739444484235996}, {"l": "Phosphate", "v": 0.0030889166691378}, {"l": "Nitrogen", "v": 0.44247995868731727}]}, {"source": 30, "prod": 0.19249632052330337, "target": 5, "value": 0.0034284733737793916, "supply": [{"l": "Potash", "v": 0.00049739444484235996}, {"l": "Phosphate", "v": 0.0030889166691378}, {"l": "Nitrogen", "v": 0.44247995868731727}]}, {"source": 30, "prod": 10.321079313164351, "target": 8, "value": 0.18382452982817163, "supply": [{"l": "Potash", "v": 0.00049739444484235996}, {"l": "Phosphate", "v": 0.0030889166691378}, {"l": "Nitrogen", "v": 0.44247995868731727}]}, {"source": 30, "prod": 5.0909133278822569, "target": 7, "value": 0.090672178800165606, "supply": [{"l": "Potash", "v": 0.00049739444484235996}, {"l": "Phosphate", "v": 0.0030889166691378}, {"l": "Nitrogen", "v": 0.44247995868731727}]}, {"source": 30, "prod": 0.032765331152902699, "target": 24, "value": 0.00058356993596244962, "supply": [{"l": "Potash", "v": 0.00049739444484235996}, {"l": "Phosphate", "v": 0.0030889166691378}, {"l": "Nitrogen", "v": 0.44247995868731727}]}, {"source": 30, "prod": 0.23754865085854457, "target": 16, "value": 0.0042308820357277593, "supply": [{"l": "Potash", "v": 0.00049739444484235996}, {"l": "Phosphate", "v": 0.0030889166691378}, {"l": "Nitrogen", "v": 0.44247995868731727}]}, {"source": 28, "prod": 0, "target": 30, "value": 0.52604418937299668, "supply": [{"l": "Natural gas (including LNG)", "v": 0.35775521505503594}, {"l": "Fuel oil", "v": 0.090071267044581557}, {"l": "Liquefied petroleum gas (LPG)", "v": 0.039108853636689624}, {"l": "Coal", "v": 0.039108853636689624}]}, {"source": 31, "prod": 0, "target": 4, "value": 0.047501017974443012, "supply": "[{\"l\":'Labor',\"v\":0.047501017974443012}]"}, {"source": 31, "prod": 0, "target": 2, "value": 0.004848154357483289, "supply": "[{\"l\":'Labor',\"v\":0.004848154357483289}]"}, {"source": 31, "prod": 0, "target": 10, "value": 0.0035952605347628888, "supply": "[{\"l\":'Labor',\"v\":0.0035952605347628888}]"}, {"source": 31, "prod": 0, "target": 3, "value": 0.062372322913689514, "supply": "[{\"l\":'Labor',\"v\":0.062372322913689514}]"}, {"source": 31, "prod": 0, "target": 11, "value": 0.0036497341792289932, "supply": "[{\"l\":'Labor',\"v\":0.0036497341792289932}]"}, {"source": 31, "prod": 0, "target": 5, "value": 0.0025602612899069056, "supply": "[{\"l\":'Labor',\"v\":0.0025602612899069056}]"}, {"source": 31, "prod": 0, "target": 8, "value": 0.13727358405458304, "supply": "[{\"l\":'Labor',\"v\":0.13727358405458304}]"}, {"source": 31, "prod": 0, "target": 7, "value": 0.067710740071367737, "supply": "[{\"l\":'Labor',\"v\":0.067710740071367737}]"}, {"source": 31, "prod": 0, "target": 24, "value": 0.000435789155728835, "supply": "[{\"l\":'Labor',\"v\":0.000435789155728835}]"}, {"source": 31, "prod": 0, "target": 16, "value": 0.0031594713790340538, "supply": "[{\"l\":'Labor',\"v\":0.0031594713790340538}]"}, {"source": 28, "prod": 0, "target": 22, "value": 1.6997846656035298, "supply": "[{\"l\":'Fossil Fuels',\"v\":1.6997846656035298}]"}, {"source": 29, "prod": 0, "target": 22, "value": 0.83154587744929764, "supply": "[{\"l\":'Renewables & Nuclear',\"v\":0.50731755647586885},{\"l\":'Biomass & Waste',\"v\":0.32422832097342874}]"}]}