{"nodes": [{"layer": 13, "name": "Animal Products", "fill": "#17becf"}, {"layer": 10, "name": "Feed", "fill": "#dbdb8d"}, {"layer": 5, "name": "Cereals", "fill": "#e7ba52"}, {"layer": 5, "name": "Oilcrops", "fill": "#ff9896"}, {"layer": 5, "name": "Starchy Roots"}, {"layer": 5, "name": "Fruits & Vegetables"}, {"layer": 5, "name": "Others"}, {"layer": 13, "name": "Aquatic Products", "fill": "#1f77b4"}, {"layer": 13, "name": "Other Processed", "fill": "#9c9ede"}, {"layer": 16, "name": "Food", "fill": "#b5cf6b"}, {"layer": 13, "name": "Sugar", "fill": "#d6616b"}, {"layer": 13, "name": "Vegetable Oils", "fill": "#f7b6d2"}, {"layer": 10, "name": "Processing", "fill": "#9edae5"}, {"layer": 16, "name": "Biofuels & Other", "fill": "#e7ba52"}, {"name": "Waste", "fill": "#c7c7c7"}, {"layer": 2, "name": "Import", "fill": "#aec7e8"}, {"layer": 16, "name": "Export", "fill": "#aec7e8"}, {"layer": 0, "name": "Stock Draw", "fill": "#c7c7c7"}, {"layer": 16, "name": "Stock Deposit", "fill": "#c7c7c7"}, {"name": "Crop Residue", "fill": "#bd9e39"}, {"layer": 2, "name": "Electricity", "fill": "#bcbd22"}, {"layer": 0, "name": "Fossil Fuels", "fill": "#c49c94"}, {"layer": 0, "name": "Renewables & Nuclear", "fill": "#2ca02c"}, {"layer": 2, "name": "Fertilizers", "fill": "#c5b0d5"}, {"layer": 0, "name": "Labor", "fill": "#7f7f7f"}], "links": [{"source": 0, "prod": 42.0, "target": 1, "value": 0.030363918282554154, "supply": [{"l": "Milk - Excluding Butter", "v": 0.030363918282554154}]}, {"source": 2, "prod": 217.0, "target": 1, "value": 0.77777900384105658, "supply": [{"l": "Maize", "v": 0.57049430226015874}, {"l": "Wheat", "v": 0.19926702016089526}, {"l": "Cereals, Other", "v": 0.005520612797326109}, {"l": "Oats", "v": 0.0024970686226764706}]}, {"source": 3, "prod": 2.0, "target": 1, "value": 0.0082187352599746247, "supply": [{"l": "Soyabeans", "v": 0.0082187352599746247}]}, {"source": 4, "prod": 24.0, "target": 1, "value": 0.018664791236440506, "supply": [{"l": "Potatoes", "v": 0.018664791236440506}]}, {"source": 5, "prod": 98.0, "target": 1, "value": 0.12328546329456985, "supply": [{"l": "Vegetables, Other", "v": 0.0073493525558304788}, {"l": "Fruits, Other", "v": 0.00052204088357572819}, {"l": "Peas", "v": 0.0082829593337560969}, {"l": "Beans", "v": 0.078738212215040335}, {"l": "Apples", "v": 0.028392898306367216}]}, {"source": 6, "prod": 1.0, "target": 1, "value": 0.0092060602233614459, "supply": [{"l": "Cocoa Beans", "v": 0.0092060602233614459}]}, {"source": 7, "prod": 10.0, "target": 1, "value": 0.0088747239245593156, "supply": [{"l": "Pelagic Fish", "v": 0.0047483407813758392}, {"l": "Fish, Seafood", "v": 0.0041263831431834755}]}, {"source": 8, "prod": 163.0, "target": 9, "value": 0.24718001753395152, "supply": [{"l": "Beer", "v": 0.031475738110580888}, {"l": "Beverages, Alcoholic", "v": 0.020302253584369566}, {"l": "Butter, Ghee", "v": 0.0169800666342}, {"l": "Fats, Animals, Raw", "v": 0.10965140749935343}, {"l": "Wine", "v": 0.068770551705447672}]}, {"source": 0, "prod": 753.0, "target": 9, "value": 0.70687181683986411, "supply": [{"l": "Eggs", "v": 0.039726091724398394}, {"l": "Mutton & Goat Meat", "v": 0.011710390782206896}, {"l": "Pigmeat", "v": 0.067250339780367221}, {"l": "Poultry Meat", "v": 0.080424863208405986}, {"l": "Milk - Excluding Butter", "v": 0.43449321161464399}, {"l": "Bovine Meat", "v": 0.062192963229276373}, {"l": "Offals, Edible", "v": 0.011073956500565217}]}, {"source": 2, "prod": 899.0, "target": 9, "value": 2.8699100425972426, "supply": [{"l": "Maize", "v": 0.47160862320173125}, {"l": "Rye", "v": 0.002497068622676471}, {"l": "Barley", "v": 0.055121858103559705}, {"l": "Rice", "v": 0.048438986767686723}, {"l": "Cereals, Other", "v": 0.12145348154117437}, {"l": "Wheat", "v": 2.1608017498697079}, {"l": "Oats", "v": 0.0099882744907058823}]}, {"source": 3, "prod": 3.0, "target": 9, "value": 0.014921393141895679, "supply": [{"l": "Olives", "v": 0.0015160773780535715}, {"l": "Groundnuts", "v": 0.013405315763842107}]}, {"source": 10, "prod": 132.0, "target": 9, "value": 0.48645033111757052, "supply": [{"l": "Sugar", "v": 0.47248881069078263}, {"l": "Sweeteners, Other", "v": 0.0036913188335217393}, {"l": "Honey", "v": 0.01027020159326613}]}, {"source": 4, "prod": 213.0, "target": 9, "value": 0.16565002222340949, "supply": [{"l": "Potatoes", "v": 0.1648723225885578}, {"l": "Cassava", "v": 0.0007776996348516879}]}, {"source": 5, "prod": 417.0, "target": 9, "value": 0.17842618594954199, "supply": [{"l": "Vegetables, Other", "v": 0.044708561381302081}, {"l": "Grapefruit", "v": 0.00055672349620327873}, {"l": "Tomatoes", "v": 0.016667402517706233}, {"l": "Treenuts", "v": 0.027836174810163934}, {"l": "Grapes", "v": 0.0094172724507081921}, {"l": "Apples", "v": 0.0072374054506426245}, {"l": "Lemons, Limes", "v": 0.00089841622403174614}, {"l": "Pineapples", "v": 0.00055672349620327873}, {"l": "Bananas", "v": 0.0089683450532746494}, {"l": "Fruits, Other", "v": 0.035498780083149516}, {"l": "Oranges, Mandarines", "v": 0.013080017469347069}, {"l": "Onions", "v": 0.013000363516809377}]}, {"source": 6, "prod": 31.0, "target": 9, "value": 0.11243883460003899, "supply": [{"l": "Nuts", "v": 0.028943295399204545}, {"l": "Coffee", "v": 0.007574750914884759}, {"l": "Cocoa Beans", "v": 0.064442421563530125}, {"l": "Spices, Other", "v": 0.0070750277642500003}, {"l": "Infant food", "v": 0.003859106053227273}, {"l": "Tea", "v": 0.00054423290494230768}]}, {"source": 7, "prod": 72.0, "target": 9, "value": 0.059866517385798623, "supply": [{"l": "Marine Fish, Other", "v": 0.0074912058680294122}, {"l": "Freshwater Fish", "v": 0.0020214365040714288}, {"l": "Pelagic Fish", "v": 0.018993363125503357}, {"l": "Fish, Seafood", "v": 0.029709958630921025}, {"l": "Molluscs, Other", "v": 0.00082527662863669511}, {"l": "Demersal Fish", "v": 0.00082527662863669511}]}, {"source": 11, "prod": 19.0, "target": 9, "value": 0.19483869665159387, "supply": [{"l": "Maize Germ Oil", "v": 0.010612541646375}, {"l": "Sunflowerseed Oil", "v": 0.10301714066774059}, {"l": "Oilcrops Oil, Other", "v": 0.081209014337478264}]}, {"source": 5, "prod": 169.0, "target": 12, "value": 0.12225685978227838, "supply": [{"l": "Grapes", "v": 0.12170013628607509}, {"l": "Apples", "v": 0.00055672349620327873}]}, {"source": 2, "prod": 64.0, "target": 12, "value": 0.1987783233567651, "supply": [{"l": "Wheat", "v": 0.19615347297088129}, {"l": "Barley", "v": 0.0026248503858837956}]}, {"source": 3, "prod": 10.0, "target": 12, "value": 0.041093676299873122, "supply": [{"l": "Sunflower seed", "v": 0.041093676299873122}]}, {"source": 8, "prod": 8.0, "target": 13, "value": 0.029256501519173597, "supply": [{"l": "Alcohol, Non-Food", "v": 0.0039523305577843486}, {"l": "Fats, Animals, Raw", "v": 0.02530417096138925}]}, {"source": 0, "prod": 5.0, "target": 13, "value": 0.0077835514992402625, "supply": [{"l": "Bovine Meat", "v": 0.0021445849389405648}, {"l": "Eggs", "v": 0.0031780873379518714}, {"l": "Offals, Edible", "v": 0.0024608792223478259}]}, {"source": 2, "prod": 14.0, "target": 13, "value": 0.042525672956319018, "supply": [{"l": "Maize", "v": 0.0076065906968021168}, {"l": "Wheat", "v": 0.021794830330097922}, {"l": "Barley", "v": 0.013124251929418978}]}, {"source": 4, "prod": 9.0, "target": 13, "value": 0.0069992967136651906, "supply": [{"l": "Potatoes", "v": 0.0069992967136651906}]}, {"source": 5, "prod": 1.0, "target": 13, "value": 0.00072440557313139945, "supply": [{"l": "Grapes", "v": 0.00072440557313139945}]}, {"source": 11, "prod": 38.0, "target": 13, "value": 0.39131454726282494, "supply": [{"l": "Palm Oil", "v": 0.010301714066774059}, {"l": "Oilcrops Oil, Other", "v": 0.010151126792184783}, {"l": "Sunflowerseed Oil", "v": 0.37086170640386612}]}, {"source": 4, "prod": 38.0, "target": 4, "value": 0.029552586124364143, "supply": [{"l": "Potatoes", "v": 0.029552586124364143}]}, {"source": 0, "prod": 1.0, "target": 0, "value": 0.0015890436689759357, "supply": [{"l": "Eggs", "v": 0.0015890436689759357}]}, {"source": 2, "prod": 23.0, "target": 2, "value": 0.072616842141606117, "supply": [{"l": "Maize", "v": 0.019016476742005291}, {"l": "Wheat", "v": 0.040476113470181846}, {"l": "Barley", "v": 0.013124251929418978}]}, {"source": 3, "prod": 3.0, "target": 3, "value": 0.012328102889961936, "supply": [{"l": "Sunflower seed", "v": 0.012328102889961936}]}, {"source": 4, "prod": 3.0, "target": 14, "value": 0.0023330989045550633, "supply": [{"l": "Potatoes", "v": 0.0023330989045550633}]}, {"source": 5, "prod": 40.0, "target": 14, "value": 0.024356650716984365, "supply": [{"l": "Grapes", "v": 0.0036220278656569969}, {"l": "Treenuts", "v": 0.0034795218512704918}, {"l": "Fruits, Other", "v": 0.0062644906029087379}, {"l": "Vegetables, Other", "v": 0.0024497841852768264}, {"l": "Beans", "v": 0.0039369106107520167}, {"l": "Oranges, Mandarines", "v": 0.00033538506331659145}, {"l": "Onions", "v": 0.00074287791524625007}, {"l": "Tomatoes", "v": 0.0012987586377433426}, {"l": "Apples", "v": 0.0022268939848131149}]}, {"source": 2, "prod": 27.0, "target": 14, "value": 0.092543803385279386, "supply": [{"l": "Maize", "v": 0.049442839529213752}, {"l": "Wheat", "v": 0.040476113470181846}, {"l": "Barley", "v": 0.0026248503858837956}]}, {"source": 3, "prod": 1.0, "target": 14, "value": 0.0041093676299873124, "supply": [{"l": "Sunflower seed", "v": 0.0041093676299873124}]}, {"source": 6, "prod": 1.0, "target": 14, "value": 0.0036179119249005682, "supply": [{"l": "Nuts", "v": 0.0036179119249005682}]}, {"source": 15, "prod": 24.0, "target": 6, "value": 0.09278199746697148, "supply": [{"l": "Nuts", "v": 0.0036179119249005682}, {"l": "Coffee", "v": 0.007574750914884759}, {"l": "Cocoa Beans", "v": 0.073648481786891568}, {"l": "Spices, Other", "v": 0.0035375138821250002}, {"l": "Infant food", "v": 0.003859106053227273}, {"l": "Tea", "v": 0.00054423290494230768}]}, {"source": 15, "prod": 192.0, "target": 1, "value": 0.2181251173594525, "supply": [{"l": "Marine Fish, Other", "v": 0.0081154730236985308}, {"l": "Pigmeat", "v": 0.041741590208503786}, {"l": "Freshwater Fish", "v": 0.0010107182520357144}, {"l": "Milk - Excluding Butter", "v": 0.041931125247336692}, {"l": "Pelagic Fish", "v": 0.015194690500402685}, {"l": "Fish, Seafood", "v": 0.025583575487737549}, {"l": "Bovine Meat", "v": 0.019301264450465084}, {"l": "Poultry Meat", "v": 0.063190963949461845}, {"l": "Offals, Edible", "v": 0.001230439611173913}, {"l": "Demersal Fish", "v": 0.00082527662863669511}]}, {"source": 15, "prod": 225.0, "target": 12, "value": 1.1746381419068237, "supply": [{"l": "Alcohol, Non-Food", "v": 0.0039523305577843486}, {"l": "Sugar", "v": 0.47248881069078263}, {"l": "Maize Germ Oil", "v": 0.010612541646375}, {"l": "Beer", "v": 0.0085842922119766067}, {"l": "Beverages, Alcoholic", "v": 0.030453380376554349}, {"l": "Butter, Ghee", "v": 0.0084900333171}, {"l": "Fats, Animals, Raw", "v": 0.084347236537964165}, {"l": "Palm Oil", "v": 0.010301714066774059}, {"l": "Sunflowerseed Oil", "v": 0.44297370487128451}, {"l": "Oilcrops Oil, Other", "v": 0.091360141129663036}, {"l": "Sweeteners, Other", "v": 0.011073956500565219}]}, {"source": 15, "prod": 761.0, "target": 2, "value": 2.382636931714555, "supply": [{"l": "Maize", "v": 0.098885679058427503}, {"l": "Rye", "v": 0.002497068622676471}, {"l": "Barley", "v": 0.0052497007717675912}, {"l": "Rice", "v": 0.048438986767686723}, {"l": "Cereals, Other", "v": 0.11593286874384828}, {"l": "Wheat", "v": 2.1016443532594424}, {"l": "Oats", "v": 0.0099882744907058823}]}, {"source": 15, "prod": 146.0, "target": 5, "value": 0.11168130703885946, "supply": [{"l": "Vegetables, Other", "v": 0.0097991367411073057}, {"l": "Grapefruit", "v": 0.00055672349620327873}, {"l": "Tomatoes", "v": 0.0047621150050589237}, {"l": "Treenuts", "v": 0.0034795218512704918}, {"l": "Peas", "v": 0.0082829593337560969}, {"l": "Grapes", "v": 0.0028976222925255978}, {"l": "Beans", "v": 0.047242927329024201}, {"l": "Apples", "v": 0.0089075759392524597}, {"l": "Lemons, Limes", "v": 0.00067381216802380958}, {"l": "Pineapples", "v": 0.00055672349620327873}, {"l": "Bananas", "v": 0.0097157071410475353}, {"l": "Fruits, Other", "v": 0.0026102044178786411}, {"l": "Oranges, Mandarines", "v": 0.0040246207597990974}, {"l": "Onions", "v": 0.0081716570677087506}]}, {"source": 15, "prod": 6.0, "target": 3, "value": 0.026172283157977448, "supply": [{"l": "Olives", "v": 0.0015160773780535715}, {"l": "Sunflower seed", "v": 0.0082187352599746247}, {"l": "Groundnuts", "v": 0.013405315763842107}, {"l": "Oilcrops, Other", "v": 0.0030321547561071431}]}, {"source": 15, "prod": 54.0, "target": 4, "value": 0.041995780281991135, "supply": [{"l": "Potatoes", "v": 0.04121808064713945}, {"l": "Cassava", "v": 0.0007776996348516879}]}, {"source": 8, "prod": 52.0, "target": 16, "value": 0.10765837903989242, "supply": [{"l": "Alcohol, Non-Food", "v": 0.0023713983346706092}, {"l": "Beer", "v": 0.0017168584423953213}, {"l": "Beverages, Alcoholic", "v": 0.067674178614565206}, {"l": "Wine", "v": 0.018971186677364874}, {"l": "Fish, Body Oil", "v": 0.016924756970896418}]}, {"source": 0, "prod": 4.0, "target": 16, "value": 0.0036050095774754036, "supply": [{"l": "Milk - Excluding Butter", "v": 0.0021688513058967253}, {"l": "Poultry Meat", "v": 0.0014361582715786783}]}, {"source": 2, "prod": 25.0, "target": 16, "value": 0.078158453693071062, "supply": [{"l": "Maize", "v": 0.0076065906968021168}, {"l": "Cereals, Other", "v": 0.0082809191959891636}, {"l": "Wheat", "v": 0.062270943800279775}]}, {"source": 3, "prod": 3.0, "target": 16, "value": 0.0090964642683214296, "supply": [{"l": "Oilcrops, Other", "v": 0.0090964642683214296}]}, {"source": 10, "prod": 6.0, "target": 16, "value": 0.022147913001130438, "supply": [{"l": "Sugar", "v": 0.011073956500565219}, {"l": "Sweeteners, Other", "v": 0.011073956500565219}]}, {"source": 4, "prod": 1.0, "target": 16, "value": 0.0007776996348516879, "supply": [{"l": "Potatoes", "v": 0.0007776996348516879}]}, {"source": 5, "prod": 83.0, "target": 16, "value": 0.16087839785726057, "supply": [{"l": "Fruits, Other", "v": 0.0046983679521815534}, {"l": "Apples", "v": 0.0066806819544393461}, {"l": "Vegetables, Other", "v": 0.0021435611621172233}, {"l": "Treenuts", "v": 0.14266039590209018}, {"l": "Oranges, Mandarines", "v": 0.0046953908864322807}]}, {"source": 6, "prod": 46.0, "target": 16, "value": 0.16003539637718292, "supply": [{"l": "Nuts", "v": 0.14833438892092329}, {"l": "Spices, Other", "v": 0.010612541646375}, {"l": "Tea", "v": 0.0010884658098846154}]}, {"source": 7, "prod": 44.0, "target": 16, "value": 0.038723384267454933, "supply": [{"l": "Fish, Seafood", "v": 0.018156085830007291}, {"l": "Pelagic Fish", "v": 0.019943031281778524}, {"l": "Marine Fish, Other", "v": 0.00062426715566911775}]}, {"source": 11, "prod": 2.0, "target": 16, "value": 0.020603428133548117, "supply": [{"l": "Sunflowerseed Oil", "v": 0.020603428133548117}]}, {"source": 17, "prod": 33.0, "target": 5, "value": 0.051456546694727108, "supply": [{"l": "Grapes", "v": 0.016661328182022185}, {"l": "Treenuts", "v": 0.034795218512704923}]}, {"source": 17, "prod": 5.0, "target": 3, "value": 0.018392412402176223, "supply": [{"l": "Sunflower seed", "v": 0.012328102889961936}, {"l": "Oilcrops, Other", "v": 0.0060643095122142861}]}, {"source": 5, "prod": 12.0, "target": 18, "value": 0.0040246207597990974, "supply": [{"l": "Oranges, Mandarines", "v": 0.0040246207597990974}]}, {"source": 17, "prod": 10.0, "target": 6, "value": 0.03617911924900568, "supply": [{"l": "Nuts", "v": 0.03617911924900568}]}, {"source": 17, "prod": 4.0, "target": 12, "value": 0.014765275334086957, "supply": [{"l": "Sweeteners, Other", "v": 0.0036913188335217393}, {"l": "Sugar", "v": 0.011073956500565219}]}, {"source": 4, "prod": 40.0, "target": 18, "value": 0.031107985394067516, "supply": [{"l": "Potatoes", "v": 0.031107985394067516}]}, {"source": 17, "prod": 101.0, "target": 2, "value": 0.31446826619141283, "supply": [{"l": "Wheat", "v": 0.31446826619141283}]}, {"source": 1, "prod": 126.0, "target": 7, "value": 0.10746462557781288, "supply": [{"l": "Pelagic Fish", "v": 0.043684735188657717}, {"l": "Freshwater Fish", "v": 0.0020214365040714288}, {"l": "Molluscs, Other", "v": 0.00082527662863669511}, {"l": "Demersal Fish", "v": 0.00082527662863669511}, {"l": "Fish, Seafood", "v": 0.051992427604111796}, {"l": "Marine Fish, Other", "v": 0.0081154730236985308}]}, {"source": 1, "prod": 804.0, "target": 0, "value": 0.74862429619913395, "supply": [{"l": "Poultry Meat", "v": 0.081861021479984669}, {"l": "Pigmeat", "v": 0.067250339780367221}, {"l": "Bovine Meat", "v": 0.064337548168216935}, {"l": "Eggs", "v": 0.0444932227313262}, {"l": "Milk - Excluding Butter", "v": 0.46702598120309485}, {"l": "Offals, Edible", "v": 0.013534835722913044}, {"l": "Mutton & Goat Meat", "v": 0.011710390782206896}]}, {"source": 12, "prod": 223.0, "target": 8, "value": 0.38409489809301756, "supply": [{"l": "Fats, Animals, Raw", "v": 0.13495557846074269}, {"l": "Alcohol, Non-Food", "v": 0.0063237288924549578}, {"l": "Fish, Body Oil", "v": 0.016924756970896418}, {"l": "Beer", "v": 0.033192596552976211}, {"l": "Beverages, Alcoholic", "v": 0.087976432198934779}, {"l": "Butter, Ghee", "v": 0.0169800666342}, {"l": "Wine", "v": 0.087741738382812545}]}, {"source": 12, "prod": 59.0, "target": 11, "value": 0.60675667204796691, "supply": [{"l": "Palm Oil", "v": 0.010301714066774059}, {"l": "Maize Germ Oil", "v": 0.010612541646375}, {"l": "Oilcrops Oil, Other", "v": 0.09136014112966305}, {"l": "Sunflowerseed Oil", "v": 0.49448227520515481}]}, {"source": 12, "prod": 138.0, "target": 10, "value": 0.50859824411870092, "supply": [{"l": "Honey", "v": 0.01027020159326613}, {"l": "Sweeteners, Other", "v": 0.014765275334086957}, {"l": "Sugar", "v": 0.48356276719134783}]}, {"source": 4, "prod": 150.5, "target": 19, "value": 0.52474333233000015, "supply": [{"l": "Potatoes", "v": 0.5238716656650001}, {"l": "Cassava", "v": 0.00087166666500000016}]}, {"source": 5, "prod": 730.0, "target": 19, "value": 3.544462318120666, "supply": [{"l": "Vegetables, Other", "v": 0.58750333221000017}, {"l": "Peas", "v": 0.027660590447753527}, {"l": "Tomatoes", "v": 0.25278333284999999}, {"l": "Beans", "v": 0.39441436681801789}, {"l": "Onions", "v": 0.090653333160000016}]}, {"source": 2, "prod": 1674.0, "target": 19, "value": 7.0253343274067914, "supply": [{"l": "Maize", "v": 1.9734533295600003}, {"l": "Rye", "v": 0.0034866666600000002}, {"l": "Barley", "v": 0.21965999958000001}, {"l": "Rice", "v": 0.038353333260000004}, {"l": "Cereals, Other", "v": 0.19525333296}, {"l": "Wheat", "v": 3.3855533268600002}, {"l": "Oats", "v": 0.020919999960000001}]}, {"source": 3, "prod": 16.0, "target": 19, "value": 0.055515857499029132, "supply": [{"l": "Olives", "v": 0.0017433333300000001}, {"l": "Sunflower seed", "v": 0.038353333260000004}, {"l": "Groundnuts", "v": 0.0034866666600000002}, {"l": "Oilcrops, Other", "v": 0.0038590291188349522}, {"l": "Soyabeans", "v": 0.0069733333200000013}]}, {"source": 20, "prod": 0, "target": 4, "value": 0.010557978026032313, "supply": "[{\"l\":'Energy for power irrigation',\"v\":0.010557978026032313}]"}, {"source": 20, "prod": 0, "target": 5, "value": 0.025605727438550125, "supply": "[{\"l\":'Energy for power irrigation',\"v\":0.025605727438550125}]"}, {"source": 20, "prod": 0, "target": 2, "value": 0.029358895706940349, "supply": "[{\"l\":'Energy for power irrigation',\"v\":0.029358895706940349}]"}, {"source": 20, "prod": 0, "target": 3, "value": 0.0005612214233106877, "supply": "[{\"l\":'Energy for power irrigation',\"v\":0.0005612214233106877}]"}, {"source": 20, "prod": 0, "target": 6, "value": 0.0021747330153289147, "supply": "[{\"l\":'Energy for power irrigation',\"v\":0.0021747330153289147}]"}, {"source": 20, "prod": 0, "target": 12, "value": 0.36000000028799994, "supply": "[{\"l\":'Electricity',\"v\":0.36000000028799994}]"}, {"source": 21, "prod": 0, "target": 20, "value": 0.17622645018764108, "supply": [{"l": "Coal", "v": 0.0}, {"l": "Natural gas", "v": 0.17545256619724239}, {"l": "Oil", "v": 0.00077388399039866949}]}, {"source": 22, "prod": 0, "target": 20, "value": 0.33146556857332748, "supply": [{"l": "Nuclear", "v": 0.0}, {"l": "Hydroelectric", "v": 0.33146556857332748}, {"l": "Renewable", "v": 0.0}]}, {"source": 21, "prod": 0, "target": 4, "value": 0.28235291789174966, "supply": [{"l": "Motor Gasoline", "v": 0.022206068496315349}, {"l": "Gas-Diesel oil", "v": 0.12008892895298562}, {"l": "Natural gas (including LNG)", "v": 0.079142685914633096}, {"l": "Fuel oil", "v": 0.0075218491933342927}, {"l": "Liquefied petroleum gas (LPG)", "v": 0.010161370911406474}, {"l": "Coal", "v": 0.043232014423074824}]}, {"source": 21, "prod": 0, "target": 5, "value": 0.68477617960457549, "supply": [{"l": "Motor Gasoline", "v": 0.053855249177110313}, {"l": "Gas-Diesel oil", "v": 0.291245575201593}, {"l": "Natural gas (including LNG)", "v": 0.19194073328133607}, {"l": "Fuel oil", "v": 0.018242358508750941}, {"l": "Liquefied petroleum gas (LPG)", "v": 0.024643856363211713}, {"l": "Coal", "v": 0.10484840707257348}]}, {"source": 21, "prod": 0, "target": 2, "value": 0.78514748264250644, "supply": [{"l": "Motor Gasoline", "v": 0.061749100768823742}, {"l": "Gas-Diesel oil", "v": 0.33393499512840186}, {"l": "Natural gas (including LNG)", "v": 0.22007451199517572}, {"l": "Fuel oil", "v": 0.020916238454554162}, {"l": "Liquefied petroleum gas (LPG)", "v": 0.028256038049326304}, {"l": "Coal", "v": 0.12021659824622467}]}, {"source": 21, "prod": 0, "target": 3, "value": 0.015008792977634531, "supply": [{"l": "Motor Gasoline", "v": 0.001180389023059952}, {"l": "Gas-Diesel oil", "v": 0.0063834646619527237}, {"l": "Natural gas (including LNG)", "v": 0.0042069201815087354}, {"l": "Fuel oil", "v": 0.00039983251526029464}, {"l": "Liquefied petroleum gas (LPG)", "v": 0.00054013931754984571}, {"l": "Coal", "v": 0.0022980472783029806}]}, {"source": 21, "prod": 0, "target": 6, "value": 0.058159072788333807, "supply": [{"l": "Motor Gasoline", "v": 0.0045740074643573136}, {"l": "Gas-Diesel oil", "v": 0.024735925565066801}, {"l": "Natural gas (including LNG)", "v": 0.016301815703346351}, {"l": "Fuel oil", "v": 0.0015493509966336416}, {"l": "Liquefied petroleum gas (LPG)", "v": 0.0020930398555056521}, {"l": "Coal", "v": 0.0089049332034240487}]}, {"source": 23, "prod": 0.87948920863309354, "target": 4, "value": 0.009334344451911919, "supply": [{"l": "Potash", "v": 0.0028920666689803195}, {"l": "Phosphate", "v": 0.0077896250062316997}, {"l": "Nitrogen", "v": 0.049665930595288295}]}, {"source": 23, "prod": 2.1329804727646455, "target": 5, "value": 0.022638111129221598, "supply": [{"l": "Potash", "v": 0.0028920666689803195}, {"l": "Phosphate", "v": 0.0077896250062316997}, {"l": "Nitrogen", "v": 0.049665930595288295}]}, {"source": 23, "prod": 2.4456228160328881, "target": 2, "value": 0.025956300020765037, "supply": [{"l": "Potash", "v": 0.0028920666689803195}, {"l": "Phosphate", "v": 0.0077896250062316997}, {"l": "Nitrogen", "v": 0.049665930595288295}]}, {"source": 23, "prod": 0.046750256937307298, "target": 3, "value": 0.00049617777817471996, "supply": [{"l": "Potash", "v": 0.0028920666689803195}, {"l": "Phosphate", "v": 0.0077896250062316997}, {"l": "Nitrogen", "v": 0.049665930595288295}]}, {"source": 23, "prod": 0.18115724563206578, "target": 6, "value": 0.0019226888904270397, "supply": [{"l": "Potash", "v": 0.0028920666689803195}, {"l": "Phosphate", "v": 0.0077896250062316997}, {"l": "Nitrogen", "v": 0.049665930595288295}]}, {"source": 21, "prod": 0, "target": 23, "value": 0.073751589243614399, "supply": [{"l": "Natural gas (including LNG)", "v": 0.049609885671783968}, {"l": "Fuel oil", "v": 0.015362198094820943}, {"l": "Liquefied petroleum gas (LPG)", "v": 0.0043897527385047402}, {"l": "Coal", "v": 0.0043897527385047402}]}, {"source": 24, "prod": 0, "target": 2, "value": 0.11187257173480049, "supply": "[{\"l\":'Labor',\"v\":0.11187257173480049}]"}, {"source": 24, "prod": 0, "target": 3, "value": 0.0021385437846556843, "supply": "[{\"l\":'Labor',\"v\":0.0021385437846556843}]"}, {"source": 24, "prod": 0, "target": 4, "value": 0.040231354948835063, "supply": "[{\"l\":'Labor',\"v\":0.040231354948835063}]"}, {"source": 24, "prod": 0, "target": 5, "value": 0.097571060174915597, "supply": "[{\"l\":'Labor',\"v\":0.097571060174915597}]"}, {"source": 24, "prod": 0, "target": 6, "value": 0.0082868571655407772, "supply": "[{\"l\":'Labor',\"v\":0.0082868571655407772}]"}, {"source": 21, "prod": 0, "target": 15, "value": 2.3504187618999381, "supply": "[{\"l\":'Fossil Fuels',\"v\":2.3504187618999381}]"}, {"source": 22, "prod": 0, "target": 15, "value": 0.91366517784193979, "supply": "[{\"l\":'Renewables & Nuclear',\"v\":0.62659005227599063},{\"l\":'Biomass & Waste',\"v\":0.28707512556594922}]"}]}