{"nodes": [{"layer": 5, "name": "Fruits, Roots & Vegetables", "fill": "#98df8a"}, {"layer": 10, "name": "Feed", "fill": "#dbdb8d"}, {"layer": 13, "name": "Animal Products", "fill": "#17becf"}, {"layer": 5, "name": "Cereals", "fill": "#e7ba52"}, {"layer": 5, "name": "Oilcrops", "fill": "#ff9896"}, {"layer": 13, "name": "Other Processed", "fill": "#9c9ede"}, {"layer": 16, "name": "Food", "fill": "#b5cf6b"}, {"layer": 13, "name": "Sugar", "fill": "#d6616b"}, {"layer": 13, "name": "Aquatic Products", "fill": "#1f77b4"}, {"layer": 13, "name": "Vegetable Oils", "fill": "#f7b6d2"}, {"layer": 10, "name": "Processing", "fill": "#9edae5"}, {"layer": 16, "name": "Biofuels & Other", "fill": "#e7ba52"}, {"name": "Waste", "fill": "#c7c7c7"}, {"layer": 2, "name": "Import", "fill": "#aec7e8"}, {"layer": 16, "name": "Export", "fill": "#aec7e8"}, {"layer": 0, "name": "Stock Draw", "fill": "#c7c7c7"}, {"layer": 16, "name": "Stock Deposit", "fill": "#c7c7c7"}, {"name": "Crop Residue", "fill": "#bd9e39"}, {"layer": 2, "name": "Electricity", "fill": "#bcbd22"}, {"layer": 0, "name": "Fossil Fuels", "fill": "#c49c94"}, {"layer": 0, "name": "Renewables & Nuclear", "fill": "#2ca02c"}, {"layer": 2, "name": "Fertilizers", "fill": "#c5b0d5"}, {"layer": 0, "name": "Labor", "fill": "#7f7f7f"}], "links": [{"source": 0, "prod": 112.0, "target": 1, "value": 0.075395169846321428, "supply": [{"l": "Potatoes", "v": 0.0046658029627864861}, {"l": "Vegetables, Other", "v": 0.0091990510887635987}, {"l": "Fruits, Other", "v": 0.010040387227179131}, {"l": "Beans", "v": 0.02122508329275}, {"l": "Pulses, Other", "v": 0.0070750277642500003}, {"l": "Apples", "v": 0.023189817510592216}]}, {"source": 2, "prod": 2.0, "target": 1, "value": 0.001426896355815126, "supply": [{"l": "Milk - Excluding Butter", "v": 0.001426896355815126}]}, {"source": 3, "prod": 279.0, "target": 1, "value": 0.9538747946911541, "supply": [{"l": "Maize", "v": 0.45929451588129633}, {"l": "Wheat", "v": 0.4788939315382636}, {"l": "Cereals, Other", "v": 0.0060643095122142861}, {"l": "Rice", "v": 0.0070750277642500003}, {"l": "Oats", "v": 0.0025470099951300004}]}, {"source": 4, "prod": 1.0, "target": 1, "value": 0.0047166851761666672, "supply": [{"l": "Soyabeans", "v": 0.0047166851761666672}]}, {"source": 5, "prod": 85.0, "target": 6, "value": 0.12997436754136255, "supply": [{"l": "Beer", "v": 0.012306981068905463}, {"l": "Beverages, Alcoholic", "v": 0.0027387204248709679}, {"l": "Fats, Animals, Raw", "v": 0.05170621794624812}, {"l": "Butter, Ghee", "v": 0.02122508329275}, {"l": "Wine", "v": 0.041997364808588004}]}, {"source": 2, "prod": 785.0, "target": 6, "value": 0.78397048412881332, "supply": [{"l": "Pigmeat", "v": 0.087134552464973702}, {"l": "Milk - Excluding Butter", "v": 0.44305131848059665}, {"l": "Poultry Meat", "v": 0.042585358198829623}, {"l": "Eggs", "v": 0.042763451947754626}, {"l": "Offals, Edible", "v": 0.014028595824392705}, {"l": "Bovine Meat", "v": 0.12784747731652538}, {"l": "Mutton & Goat Meat", "v": 0.026559729895740646}]}, {"source": 3, "prod": 891.0, "target": 6, "value": 2.856798494857439, "supply": [{"l": "Maize", "v": 0.5807608341308953}, {"l": "Barley", "v": 0.063856660846564106}, {"l": "Wheat", "v": 2.2121809998799793}]}, {"source": 0, "prod": 888.0, "target": 6, "value": 0.54434088090612998, "supply": [{"l": "Oranges, Mandarines", "v": 0.010176409797893837}, {"l": "Cocoa Beans", "v": 0.009988274490705884}, {"l": "Potatoes", "v": 0.18118868172154187}, {"l": "Fruits, Other", "v": 0.064376600456619137}, {"l": "Lemons, Limes", "v": 0.00044920811201587307}, {"l": "Nuts", "v": 0.060008088890497399}, {"l": "Coffee", "v": 0.0023583425880833331}, {"l": "Bananas", "v": 0.0022342192939736848}, {"l": "Spices, Other", "v": 0.015848062191920004}, {"l": "Tea", "v": 0.006026048884376971}, {"l": "Vegetables, Other", "v": 0.046413394129670882}, {"l": "Treenuts", "v": 0.060483086955593672}, {"l": "Tomatoes", "v": 0.022216566422342127}, {"l": "Grapes", "v": 0.014038637768433069}, {"l": "Onions", "v": 0.010074098453187399}, {"l": "Apples", "v": 0.038461160749274893}]}, {"source": 7, "prod": 145.0, "target": 6, "value": 0.60038479992351768, "supply": [{"l": "Sugar", "v": 0.59755478881781765}, {"l": "Honey", "v": 0.0028300111056999999}]}, {"source": 8, "prod": 8.0, "target": 6, "value": 0.0085113115960902264, "supply": [{"l": "Fish, Seafood", "v": 0.0040428730081428577}, {"l": "Pelagic Fish", "v": 0.0044684385879473695}]}, {"source": 9, "prod": 11.0, "target": 6, "value": 0.11249160761924672, "supply": [{"l": "Oilcrops Oil, Other", "v": 0.040838134943012666}, {"l": "Sunflowerseed Oil", "v": 0.071653472676234051}]}, {"source": 0, "prod": 112.0, "target": 10, "value": 0.065513642919354326, "supply": [{"l": "Grapes", "v": 0.065513642919354326}]}, {"source": 3, "prod": 22.0, "target": 10, "value": 0.067036728020937769, "supply": [{"l": "Wheat", "v": 0.052523850555809562}, {"l": "Barley", "v": 0.014512877465128207}]}, {"source": 4, "prod": 4.0, "target": 10, "value": 0.018866740704666669, "supply": [{"l": "Sunflower seed", "v": 0.018866740704666669}]}, {"source": 0, "prod": 71.0, "target": 11, "value": 0.043072494759185453, "supply": [{"l": "Grapes", "v": 0.03685142414213681}, {"l": "Potatoes", "v": 0.006221070617048647}]}, {"source": 5, "prod": 10.0, "target": 11, "value": 0.070526430147522842, "supply": [{"l": "Alcohol, Non-Food", "v": 0.0015848062191920003}, {"l": "Fats, Animals, Raw", "v": 0.068941623928330836}]}, {"source": 9, "prod": 1.0, "target": 11, "value": 0.010209533735753167, "supply": [{"l": "Oilcrops Oil, Other", "v": 0.010209533735753167}]}, {"source": 2, "prod": 1.0, "target": 11, "value": 0.0012753268931266096, "supply": [{"l": "Offals, Edible", "v": 0.0012753268931266096}]}, {"source": 3, "prod": 140.0, "target": 11, "value": 0.43396172587305398, "supply": [{"l": "Maize", "v": 0.0075916448905999391}, {"l": "Wheat", "v": 0.42637008098245405}]}, {"source": 0, "prod": 112.0, "target": 0, "value": 0.087094988638681078, "supply": [{"l": "Potatoes", "v": 0.087094988638681078}]}, {"source": 2, "prod": 1.0, "target": 2, "value": 0.0016447481518367161, "supply": [{"l": "Eggs", "v": 0.0016447481518367161}]}, {"source": 3, "prod": 53.0, "target": 3, "value": 0.16679998282444214, "supply": [{"l": "Maize", "v": 0.030366579562399756}, {"l": "Wheat", "v": 0.10195806284363033}, {"l": "Barley", "v": 0.031928330423282053}, {"l": "Oats", "v": 0.0025470099951300004}]}, {"source": 4, "prod": 11.0, "target": 4, "value": 0.05188353693783334, "supply": [{"l": "Sunflower seed", "v": 0.05188353693783334}]}, {"source": 0, "prod": 65.0, "target": 12, "value": 0.032179029066798384, "supply": [{"l": "Treenuts", "v": 0.0033601714975329822}, {"l": "Potatoes", "v": 0.006221070617048647}, {"l": "Fruits, Other", "v": 0.0035436660801808702}, {"l": "Vegetables, Other", "v": 0.0041813868585289082}, {"l": "Nuts", "v": 0.0033337827161387442}, {"l": "Grapes", "v": 0.004679545922811024}, {"l": "Onions", "v": 0.0010421481158469723}, {"l": "Tomatoes", "v": 0.0024236254278918682}, {"l": "Apples", "v": 0.0033936318308183731}]}, {"source": 2, "prod": 2.0, "target": 12, "value": 0.0048433514841068562, "supply": [{"l": "Pigmeat", "v": 0.0022342192939736848}, {"l": "Bovine Meat", "v": 0.002609132190133171}]}, {"source": 3, "prod": 58.0, "target": 12, "value": 0.19313564031461056, "supply": [{"l": "Maize", "v": 0.075916448905999384}, {"l": "Wheat", "v": 0.11431661591558552}, {"l": "Barley", "v": 0.0029025754930256413}]}, {"source": 4, "prod": 1.0, "target": 12, "value": 0.0047166851761666672, "supply": [{"l": "Sunflower seed", "v": 0.0047166851761666672}]}, {"source": 13, "prod": 131.0, "target": 10, "value": 0.62458832127633956, "supply": [{"l": "Sugar", "v": 0.46891452178064852}, {"l": "Oilcrops Oil, Other", "v": 0.051047668678765826}, {"l": "Fats, Animals, Raw", "v": 0.0086177029910413545}, {"l": "Butter, Ghee", "v": 0.0424501665855}, {"l": "Alcohol, Non-Food", "v": 0.0023772093287880002}, {"l": "Sunflowerseed Oil", "v": 0.051181051911595742}]}, {"source": 13, "prod": 1038.0, "target": 3, "value": 3.2123210179381898, "supply": [{"l": "Barley", "v": 0.026123179437230769}, {"l": "Rice", "v": 0.0070750277642500003}, {"l": "Cereals, Other", "v": 0.0060643095122142861}, {"l": "Wheat", "v": 3.173058501224495}]}, {"source": 13, "prod": 1.0, "target": 4, "value": 0.0047166851761666672, "supply": [{"l": "Sunflower seed", "v": 0.0047166851761666672}]}, {"source": 13, "prod": 38.0, "target": 1, "value": 0.055158390561242394, "supply": [{"l": "Pigmeat", "v": 0.0067026578819210543}, {"l": "Milk - Excluding Butter", "v": 0.0028537927116302521}, {"l": "Fish, Seafood", "v": 0.0030321547561071431}, {"l": "Pelagic Fish", "v": 0.0033513289409605272}, {"l": "Eggs", "v": 0.0098684889110202973}, {"l": "Poultry Meat", "v": 0.024131702979336787}, {"l": "Bovine Meat", "v": 0.0052182643802663421}]}, {"source": 13, "prod": 29.0, "target": 0, "value": 0.038027786876987303, "supply": [{"l": "Oranges, Mandarines", "v": 0.0010903296212029111}, {"l": "Cocoa Beans", "v": 0.009988274490705884}, {"l": "Potatoes", "v": 0.0046658029627864861}, {"l": "Fruits, Other", "v": 0.0005906110133634784}, {"l": "Beans", "v": 0.0070750277642500003}, {"l": "Tomatoes", "v": 0.0004039375713153114}, {"l": "Coffee", "v": 0.0023583425880833331}, {"l": "Bananas", "v": 0.0022342192939736848}, {"l": "Tea", "v": 0.00040173659229179816}, {"l": "Vegetables, Other", "v": 0.00062720802877933631}, {"l": "Grapes", "v": 0.001169886480702756}, {"l": "Onions", "v": 0.00034738270528232411}, {"l": "Pulses, Other", "v": 0.0070750277642500003}]}, {"source": 5, "prod": 27.0, "target": 14, "value": 0.054490617223813612, "supply": [{"l": "Alcohol, Non-Food", "v": 0.0015848062191920003}, {"l": "Beer", "v": 0.00053508613343067227}, {"l": "Beverages, Alcoholic", "v": 0.0054774408497419358}, {"l": "Butter, Ghee", "v": 0.031837624939125002}, {"l": "Wine", "v": 0.015055659082324003}]}, {"source": 3, "prod": 21.0, "target": 14, "value": 0.064882403627764762, "supply": [{"l": "Wheat", "v": 0.064882403627764762}]}, {"source": 4, "prod": 2.0, "target": 14, "value": 0.0094333703523333343, "supply": [{"l": "Soyabeans", "v": 0.0094333703523333343}]}, {"source": 0, "prod": 68.0, "target": 14, "value": 0.12270142203426807, "supply": [{"l": "Oranges, Mandarines", "v": 0.0047247616918792814}, {"l": "Treenuts", "v": 0.04704240096546175}, {"l": "Potatoes", "v": 0.00077763382713108087}, {"l": "Fruits, Other", "v": 0.0035436660801808702}, {"l": "Spices, Other", "v": 0.011886046643940001}, {"l": "Apples", "v": 0.0016968159154091866}, {"l": "Grapes", "v": 0.002339772961405512}, {"l": "Tea", "v": 0.0040173659229179818}, {"l": "Nuts", "v": 0.046672958025942408}]}, {"source": 7, "prod": 13.0, "target": 14, "value": 0.054512917577651476, "supply": [{"l": "Sweeteners, Other", "v": 0.0047166851761666672}, {"l": "Sugar", "v": 0.049796232401484807}]}, {"source": 8, "prod": 2.0, "target": 14, "value": 0.0018711946017417953, "supply": [{"l": "Marine Fish, Other", "v": 0.00086047634970608103}, {"l": "Fish, Seafood", "v": 0.0010107182520357144}]}, {"source": 15, "prod": 40.0, "target": 10, "value": 0.16598744133828269, "supply": [{"l": "Sugar", "v": 0.16598744133828269}]}, {"source": 15, "prod": 99.0, "target": 0, "value": 0.079842123734982159, "supply": [{"l": "Apples", "v": 0.019796185679773842}, {"l": "Treenuts", "v": 0.0067203429950659643}, {"l": "Potatoes", "v": 0.046658029627864861}, {"l": "Nuts", "v": 0.0066675654322774884}]}, {"source": 15, "prod": 11.0, "target": 4, "value": 0.05188353693783334, "supply": [{"l": "Sunflower seed", "v": 0.05188353693783334}]}, {"source": 5, "prod": 2.0, "target": 16, "value": 0.0054774408497419358, "supply": [{"l": "Beverages, Alcoholic", "v": 0.0054774408497419358}]}, {"source": 15, "prod": 8.0, "target": 3, "value": 0.030366579562399756, "supply": [{"l": "Maize", "v": 0.030366579562399756}]}, {"source": 1, "prod": 10.0, "target": 8, "value": 0.010382506197832021, "supply": [{"l": "Pelagic Fish", "v": 0.0044684385879473695}, {"l": "Marine Fish, Other", "v": 0.00086047634970608103}, {"l": "Fish, Seafood", "v": 0.0050535912601785719}]}, {"source": 1, "prod": 790.0, "target": 2, "value": 0.79151605886186194, "supply": [{"l": "Poultry Meat", "v": 0.042585358198829623}, {"l": "Pigmeat", "v": 0.089368771758947391}, {"l": "Bovine Meat", "v": 0.13045660950665855}, {"l": "Eggs", "v": 0.044408200099591344}, {"l": "Milk - Excluding Butter", "v": 0.44447821483641176}, {"l": "Offals, Edible", "v": 0.015303922717519314}, {"l": "Mutton & Goat Meat", "v": 0.026559729895740646}]}, {"source": 10, "prod": 124.0, "target": 5, "value": 0.26046885576244094, "supply": [{"l": "Fats, Animals, Raw", "v": 0.12064784187457896}, {"l": "Alcohol, Non-Food", "v": 0.0031696124383840006}, {"l": "Beer", "v": 0.012842067202336134}, {"l": "Beverages, Alcoholic", "v": 0.013693602124354838}, {"l": "Butter, Ghee", "v": 0.053062708231875005}, {"l": "Wine", "v": 0.057053023890912005}]}, {"source": 10, "prod": 12.0, "target": 9, "value": 0.12270114135499988, "supply": [{"l": "Oilcrops Oil, Other", "v": 0.051047668678765833}, {"l": "Sunflowerseed Oil", "v": 0.071653472676234051}]}, {"source": 10, "prod": 158.0, "target": 7, "value": 0.65489771750116921, "supply": [{"l": "Honey", "v": 0.0028300111056999999}, {"l": "Sweeteners, Other", "v": 0.0047166851761666672}, {"l": "Sugar", "v": 0.64735102121930244}]}, {"source": 0, "prod": 1365.0, "target": 17, "value": 5.4182071278104287, "supply": [{"l": "Tomatoes", "v": 0.42188666586000001}, {"l": "Vegetables, Other", "v": 0.99195666477}, {"l": "Potatoes", "v": 0.58401666554999998}, {"l": "Beans", "v": 0.13166236444047386}, {"l": "Pulses, Other", "v": 0.0017433333299999999}, {"l": "Onions", "v": 0.10982999979000001}]}, {"source": 3, "prod": 1881.0, "target": 17, "value": 5.7200195671911302, "supply": [{"l": "Maize", "v": 2.0919999960000002}, {"l": "Barley", "v": 0.24057999954000001}, {"l": "Rice", "v": 0.0034866666599999998}, {"l": "Wheat", "v": 4.2049199919600007}, {"l": "Oats", "v": 0.0093582615738020767}, {"l": "Cereals, Other", "v": 0.0034866666600000002}]}, {"source": 4, "prod": 12.0, "target": 17, "value": 0.041839999920000003, "supply": [{"l": "Sunflower seed", "v": 0.033123333269999999}, {"l": "Soyabeans", "v": 0.0087166666499999997}]}, {"source": 18, "prod": 0, "target": 0, "value": 0.10068768796260696, "supply": "[{\"l\":'Energy for power irrigation',\"v\":0.10068768796260696}]"}, {"source": 18, "prod": 0, "target": 3, "value": 0.069374923464345678, "supply": "[{\"l\":'Energy for power irrigation',\"v\":0.069374923464345678}]"}, {"source": 18, "prod": 0, "target": 4, "value": 0.00088516648758335797, "supply": "[{\"l\":'Energy for power irrigation',\"v\":0.00088516648758335797}]"}, {"source": 18, "prod": 0, "target": 10, "value": 0.0070000000055999989, "supply": "[{\"l\":'Electricity',\"v\":0.0070000000055999989}]"}, {"source": 19, "prod": 0, "target": 18, "value": 0.077517533466613595, "supply": [{"l": "Coal", "v": 0.0}, {"l": "Natural gas", "v": 0.060234436274676603}, {"l": "Oil", "v": 0.017283097191936988}]}, {"source": 20, "prod": 0, "target": 18, "value": 0.14045985703286598, "supply": [{"l": "Nuclear", "v": 0.0}, {"l": "Hydroelectric", "v": 0.14045985703286598}, {"l": "Renewable", "v": 0.0}]}, {"source": 19, "prod": 0, "target": 0, "value": 1.3193582892744158, "supply": [{"l": "Motor Gasoline", "v": 0.079727256446378}, {"l": "Gas-Diesel oil", "v": 0.28140956512983817}, {"l": "Natural gas (including LNG)", "v": 0.82273585090516566}, {"l": "Fuel oil", "v": 0.026439410305222004}, {"l": "Liquefied petroleum gas (LPG)", "v": 0.038693815205352741}, {"l": "Coal", "v": 0.070352391282459542}]}, {"source": 19, "prod": 0, "target": 3, "value": 0.90905235975281184, "supply": [{"l": "Motor Gasoline", "v": 0.054932955815251656}, {"l": "Gas-Diesel oil", "v": 0.19389428278726212}, {"l": "Natural gas (including LNG)", "v": 0.56687404232696581}, {"l": "Fuel oil", "v": 0.018217044243268348}, {"l": "Liquefied petroleum gas (LPG)", "v": 0.026660463883248539}, {"l": "Coal", "v": 0.048473570696815529}]}, {"source": 19, "prod": 0, "target": 4, "value": 0.011598754191423435, "supply": [{"l": "Motor Gasoline", "v": 0.00070089895777035601}, {"l": "Gas-Diesel oil", "v": 0.0024739302428996761}, {"l": "Natural gas (including LNG)", "v": 0.0072328426453201373}, {"l": "Fuel oil", "v": 0.00023243437630964399}, {"l": "Liquefied petroleum gas (LPG)", "v": 0.00034016540839870544}, {"l": "Coal", "v": 0.00061848256072491903}]}, {"source": 21, "prod": 26.307550181772921, "target": 0, "value": 0.44188418773524291, "supply": [{"l": "Potash", "v": 0.00512777778188}, {"l": "Phosphate", "v": 0.011215277853054442}, {"l": "Nitrogen", "v": 0.73388888947599995}]}, {"source": 21, "prod": 18.126191169199586, "target": 3, "value": 0.30446306121977729, "supply": [{"l": "Potash", "v": 0.00512777778188}, {"l": "Phosphate", "v": 0.011215277853054442}, {"l": "Nitrogen", "v": 0.73388888947599995}]}, {"source": 21, "prod": 0.23127516643316856, "target": 4, "value": 0.0038846961559142234, "supply": [{"l": "Potash", "v": 0.00512777778188}, {"l": "Phosphate", "v": 0.011215277853054442}, {"l": "Nitrogen", "v": 0.73388888947599995}]}, {"source": 19, "prod": 0, "target": 21, "value": 0.88892687027212691, "supply": [{"l": "Natural gas (including LNG)", "v": 0.60330552940584214}, {"l": "Fuel oil", "v": 0.15589093115798064}, {"l": "Liquefied petroleum gas (LPG)", "v": 0.06486520485415205}, {"l": "Coal", "v": 0.06486520485415205}]}, {"source": 22, "prod": 0, "target": 3, "value": 0.12937493112669302, "supply": "[{\"l\":'Labor',\"v\":0.12937493112669302}]"}, {"source": 22, "prod": 0, "target": 4, "value": 0.0016507168245830049, "supply": "[{\"l\":'Labor',\"v\":0.0016507168245830049}]"}, {"source": 22, "prod": 0, "target": 0, "value": 0.18776903879631679, "supply": "[{\"l\":'Labor',\"v\":0.18776903879631679}]"}, {"source": 19, "prod": 0, "target": 13, "value": 1.666538254028656, "supply": "[{\"l\":'Fossil Fuels',\"v\":1.666538254028656}]"}, {"source": 20, "prod": 0, "target": 13, "value": 1.136864770045793, "supply": "[{\"l\":'Renewables & Nuclear',\"v\":0.5019129058698798},{\"l\":'Biomass & Waste',\"v\":0.63495186417591321}]"}]}