{"nodes": [{"layer": 13, "name": "Other Processed", "fill": "#9c9ede"}, {"layer": 10, "name": "Feed", "fill": "#dbdb8d"}, {"layer": 13, "name": "Animal Products", "fill": "#17becf"}, {"layer": 5, "name": "Cereals", "fill": "#e7ba52"}, {"layer": 5, "name": "Oilcrops", "fill": "#ff9896"}, {"layer": 5, "name": "Sugar Crops", "fill": "#ffbb78"}, {"layer": 13, "name": "Sugar", "fill": "#d6616b"}, {"layer": 5, "name": "Starchy Roots"}, {"layer": 5, "name": "Fruits & Vegetables"}, {"layer": 13, "name": "Aquatic Products", "fill": "#1f77b4"}, {"layer": 16, "name": "Food", "fill": "#b5cf6b"}, {"layer": 5, "name": "Others"}, {"layer": 13, "name": "Vegetable Oils", "fill": "#f7b6d2"}, {"layer": 10, "name": "Processing", "fill": "#9edae5"}, {"layer": 16, "name": "Biofuels & Other", "fill": "#e7ba52"}, {"name": "Seed", "fill": "#dbdb8d"}, {"name": "Waste", "fill": "#c7c7c7"}, {"layer": 0, "name": "Import", "fill": "#aec7e8"}, {"layer": 16, "name": "Export", "fill": "#aec7e8"}, {"layer": 0, "name": "Stock Draw", "fill": "#c7c7c7"}, {"layer": 16, "name": "Stock Deposit", "fill": "#c7c7c7"}, {"layer": 0, "name": "Production", "fill": "#b5cf6b"}], "links": [{"source": 0, "prod": 0.7429971572872206, "target": 1, "value": 93.0, "supply": [{"l": "Fish, Body Oil", "v": 93.0}]}, {"source": 2, "prod": 29.616720199050025, "target": 1, "value": 50784.0, "supply": [{"l": "Milk - Excluding Butter", "v": 50779.0}, {"l": "Eggs", "v": 5.0}]}, {"source": 3, "prod": 487.31947935526989, "target": 1, "value": 164009.0, "supply": [{"l": "Maize", "v": 38326.0}, {"l": "Oats", "v": 13560.0}, {"l": "Rye", "v": 10188.0}, {"l": "Barley", "v": 43598.0}, {"l": "Rice", "v": 8.0}, {"l": "Sorghum", "v": 2574.0}, {"l": "Cereals, Other", "v": 2671.0}, {"l": "Wheat", "v": 52865.0}, {"l": "Millet", "v": 219.0}]}, {"source": 4, "prod": 8.2946613372257829, "target": 1, "value": 1605.0, "supply": [{"l": "Cottonseed", "v": 1290.0}, {"l": "Sunflower seed", "v": 156.0}, {"l": "Soyabeans", "v": 157.0}, {"l": "Oilcrops, Other", "v": 2.0}]}, {"source": 5, "prod": 4.9731488793800001, "target": 1, "value": 4279.0, "supply": [{"l": "Sugar beet", "v": 4279.0}]}, {"source": 6, "prod": 0.31022338536604011, "target": 1, "value": 75.0, "supply": [{"l": "Sugar", "v": 75.0}]}, {"source": 7, "prod": 30.632840839922377, "target": 1, "value": 39354.0, "supply": [{"l": "Potatoes", "v": 39354.0}]}, {"source": 8, "prod": 19.394874968754589, "target": 1, "value": 8609.0, "supply": [{"l": "Fruits, Other", "v": 69.0}, {"l": "Beans", "v": 104.0}, {"l": "Tomatoes", "v": 1.0}, {"l": "Apples", "v": 680.0}, {"l": "Vegetables, Other", "v": 3002.0}, {"l": "Peas", "v": 3882.0}, {"l": "Onions", "v": 2.0}, {"l": "Pulses, Other", "v": 869.0}]}, {"source": 9, "prod": 7.5214000030541879, "target": 1, "value": 6720.0, "supply": [{"l": "Fish, Seafood", "v": 3360.0}, {"l": "Cephalopods", "v": 50.0}, {"l": "Pelagic Fish", "v": 2311.0}, {"l": "Crustaceans", "v": 122.0}, {"l": "Demersal Fish", "v": 877.0}]}, {"source": 0, "prod": 60.866983399637981, "target": 10, "value": 28705.0, "supply": [{"l": "Beer", "v": 12334.0}, {"l": "Beverages, Alcoholic", "v": 5074.0}, {"l": "Fats, Animals, Raw", "v": 1296.0}, {"l": "Butter, Ghee", "v": 2026.0}, {"l": "Wine", "v": 5688.0}, {"l": "Beverages, Fermented", "v": 227.0}, {"l": "Cream", "v": 2060.0}]}, {"source": 2, "prod": 93.004783301909399, "target": 10, "value": 90577.0, "supply": [{"l": "Pigmeat", "v": 9313.0}, {"l": "Meat, Other", "v": 310.0}, {"l": "Eggs", "v": 4997.0}, {"l": "Mutton & Goat Meat", "v": 1076.0}, {"l": "Poultry Meat", "v": 3717.0}, {"l": "Milk - Excluding Butter", "v": 61733.0}, {"l": "Offals, Edible", "v": 1090.0}, {"l": "Bovine Meat", "v": 8341.0}]}, {"source": 3, "prod": 195.12396106895892, "target": 10, "value": 61426.0, "supply": [{"l": "Maize", "v": 923.0}, {"l": "Rye", "v": 5820.0}, {"l": "Barley", "v": 791.0}, {"l": "Rice", "v": 2431.0}, {"l": "Cereals, Other", "v": 132.0}, {"l": "Wheat", "v": 48959.0}, {"l": "Oats", "v": 514.0}, {"l": "Millet", "v": 1856.0}]}, {"source": 4, "prod": 2.2019113757960778, "target": 10, "value": 532.0, "supply": [{"l": "Olives", "v": 22.0}, {"l": "Sunflower seed", "v": 340.0}, {"l": "Groundnuts", "v": 58.0}, {"l": "Oilcrops, Other", "v": 2.0}, {"l": "Soyabeans", "v": 84.0}, {"l": "Rape and Mustardseed", "v": 26.0}]}, {"source": 6, "prod": 70.205152397924635, "target": 10, "value": 16995.0, "supply": [{"l": "Sugar", "v": 16769.0}, {"l": "Sweeteners, Other", "v": 20.0}, {"l": "Honey", "v": 206.0}]}, {"source": 7, "prod": 30.280229240072686, "target": 10, "value": 38901.0, "supply": [{"l": "Potatoes", "v": 38901.0}]}, {"source": 8, "prod": 24.840522395529749, "target": 10, "value": 57763.0, "supply": [{"l": "Tomatoes", "v": 9314.0}, {"l": "Treenuts", "v": 242.0}, {"l": "Vegetables, Other", "v": 26995.0}, {"l": "Peas", "v": 759.0}, {"l": "Grapes", "v": 2463.0}, {"l": "Dates", "v": 16.0}, {"l": "Beans", "v": 232.0}, {"l": "Apples", "v": 8741.0}, {"l": "Lemons, Limes", "v": 292.0}, {"l": "Pineapples", "v": 4.0}, {"l": "Bananas", "v": 99.0}, {"l": "Citrus, Other", "v": 12.0}, {"l": "Fruits, Other", "v": 4795.0}, {"l": "Grapefruit", "v": 59.0}, {"l": "Oranges, Mandarines", "v": 747.0}, {"l": "Onions", "v": 2947.0}, {"l": "Pulses, Other", "v": 46.0}]}, {"source": 11, "prod": 1.8881225130760331, "target": 10, "value": 1057.0, "supply": [{"l": "Nuts", "v": 242.0}, {"l": "Cocoa Beans", "v": 188.0}, {"l": "Coffee", "v": 163.0}, {"l": "Pimento", "v": 212.0}, {"l": "Pepper", "v": 17.0}, {"l": "Spices, Other", "v": 6.0}, {"l": "Tea", "v": 229.0}]}, {"source": 9, "prod": 17.777417878574319, "target": 10, "value": 16627.0, "supply": [{"l": "Crustaceans", "v": 390.0}, {"l": "Marine Fish, Other", "v": 540.0}, {"l": "Demersal Fish", "v": 3128.0}, {"l": "Freshwater Fish", "v": 1190.0}, {"l": "Fish, Seafood", "v": 8315.0}, {"l": "Pelagic Fish", "v": 2953.0}, {"l": "Cephalopods", "v": 91.0}, {"l": "Molluscs, Other", "v": 20.0}]}, {"source": 12, "prod": 31.954803593279305, "target": 10, "value": 3180.0, "supply": [{"l": "Maize Germ Oil", "v": 15.0}, {"l": "Groundnut Oil", "v": 3.0}, {"l": "Soyabean Oil", "v": 447.0}, {"l": "Sunflowerseed Oil", "v": 2152.0}, {"l": "Olive Oil", "v": 19.0}, {"l": "Rape and Mustard Oil", "v": 170.0}, {"l": "Sesameseed Oil", "v": 6.0}, {"l": "Oilcrops Oil, Other", "v": 53.0}, {"l": "Cottonseed Oil", "v": 315.0}]}, {"source": 0, "prod": 0.22572197935645011, "target": 13, "value": 58.0, "supply": [{"l": "Wine", "v": 33.0}, {"l": "Fats, Animals, Raw", "v": 25.0}]}, {"source": 2, "prod": 0.30486226828579727, "target": 13, "value": 123.0, "supply": [{"l": "Poultry Meat", "v": 15.0}, {"l": "Milk - Excluding Butter", "v": 3.0}, {"l": "Bovine Meat", "v": 105.0}]}, {"source": 3, "prod": 21.36232790322288, "target": 13, "value": 7417.0, "supply": [{"l": "Maize", "v": 708.0}, {"l": "Oats", "v": 567.0}, {"l": "Rye", "v": 1194.0}, {"l": "Barley", "v": 2585.0}, {"l": "Rice", "v": 8.0}, {"l": "Cereals, Other", "v": 66.0}, {"l": "Wheat", "v": 2289.0}]}, {"source": 4, "prod": 62.019282716364742, "target": 13, "value": 13325.0, "supply": [{"l": "Soyabeans", "v": 2315.0}, {"l": "Sunflower seed", "v": 5488.0}, {"l": "Coconuts - Incl Copra", "v": 47.0}, {"l": "Sesame seed", "v": 13.0}, {"l": "Cottonseed", "v": 4112.0}, {"l": "Rape and Mustardseed", "v": 940.0}, {"l": "Groundnuts", "v": 13.0}, {"l": "Oilcrops, Other", "v": 397.0}]}, {"source": 5, "prod": 118.33049310708, "target": 13, "value": 101814.0, "supply": [{"l": "Sugar beet", "v": 101814.0}]}, {"source": 6, "prod": 0.71725275814863665, "target": 13, "value": 175.0, "supply": [{"l": "Sugar", "v": 159.0}, {"l": "Honey", "v": 16.0}]}, {"source": 7, "prod": 4.6462221622578816, "target": 13, "value": 5969.0, "supply": [{"l": "Potatoes", "v": 5969.0}]}, {"source": 8, "prod": 8.2132234111833942, "target": 13, "value": 11342.0, "supply": [{"l": "Treenuts", "v": 1.0}, {"l": "Grapes", "v": 9713.0}, {"l": "Fruits, Other", "v": 1063.0}, {"l": "Apples", "v": 565.0}]}, {"source": 11, "prod": 0.0031679228795149254, "target": 13, "value": 1.0, "supply": [{"l": "Nuts", "v": 1.0}]}, {"source": 12, "prod": 0.77157668931264545, "target": 13, "value": 56.0, "supply": [{"l": "Coconut Oil", "v": 1.0}, {"l": "Maize Germ Oil", "v": 2.0}, {"l": "Groundnut Oil", "v": 3.0}, {"l": "Oilcrops Oil, Other", "v": 20.0}, {"l": "Rape and Mustard Oil", "v": 30.0}]}, {"source": 0, "prod": 14.185408454085556, "target": 14, "value": 2286.0, "supply": [{"l": "Alcohol, Non-Food", "v": 496.0}, {"l": "Beer", "v": 30.0}, {"l": "Beverages, Alcoholic", "v": 57.0}, {"l": "Butter, Ghee", "v": 5.0}, {"l": "Fats, Animals, Raw", "v": 1698.0}]}, {"source": 2, "prod": 1.7007350517538757, "target": 14, "value": 2249.0, "supply": [{"l": "Pigmeat", "v": 71.0}, {"l": "Milk - Excluding Butter", "v": 1771.0}, {"l": "Eggs", "v": 18.0}, {"l": "Poultry Meat", "v": 46.0}, {"l": "Offals, Edible", "v": 343.0}]}, {"source": 3, "prod": 6.4854406284403705, "target": 14, "value": 2015.0, "supply": [{"l": "Maize", "v": 1162.0}, {"l": "Oats", "v": 3.0}, {"l": "Rye", "v": 1.0}, {"l": "Barley", "v": 136.0}, {"l": "Wheat", "v": 713.0}]}, {"source": 4, "prod": 1.3735824064238267, "target": 14, "value": 368.0, "supply": [{"l": "Sunflower seed", "v": 350.0}, {"l": "Oilcrops, Other", "v": 18.0}]}, {"source": 5, "prod": 0.9797533314600001, "target": 14, "value": 843.0, "supply": [{"l": "Sugar beet", "v": 843.0}]}, {"source": 6, "prod": 1.6946605662851768, "target": 14, "value": 428.0, "supply": [{"l": "Sugar", "v": 194.0}, {"l": "Sweeteners, Other", "v": 234.0}]}, {"source": 7, "prod": 1.2181835623946364, "target": 14, "value": 1565.0, "supply": [{"l": "Potatoes", "v": 1565.0}]}, {"source": 8, "prod": 0.45826304865759687, "target": 14, "value": 1840.0, "supply": [{"l": "Fruits, Other", "v": 8.0}, {"l": "Vegetables, Other", "v": 1831.0}, {"l": "Pulses, Other", "v": 1.0}]}, {"source": 9, "prod": 0.25021383253782564, "target": 14, "value": 248.0, "supply": [{"l": "Fish, Seafood", "v": 15.0}, {"l": "Pelagic Fish", "v": 15.0}, {"l": "Aquatic Products, Other", "v": 109.0}, {"l": "Aquatic Plants", "v": 109.0}]}, {"source": 12, "prod": 19.941046292366433, "target": 14, "value": 1632.0, "supply": [{"l": "Coconut Oil", "v": 103.0}, {"l": "Palm Oil", "v": 398.0}, {"l": "Oilcrops Oil, Other", "v": 394.0}, {"l": "Rape and Mustard Oil", "v": 177.0}, {"l": "Soyabean Oil", "v": 135.0}, {"l": "Cottonseed Oil", "v": 342.0}, {"l": "Palmkernel Oil", "v": 14.0}, {"l": "Sunflowerseed Oil", "v": 69.0}]}, {"source": 7, "prod": 18.663506246349009, "target": 15, "value": 23977.0, "supply": [{"l": "Potatoes", "v": 23977.0}]}, {"source": 8, "prod": 3.0698168216726183, "target": 15, "value": 819.0, "supply": [{"l": "Peas", "v": 636.0}, {"l": "Beans", "v": 25.0}, {"l": "Pulses, Other", "v": 158.0}]}, {"source": 2, "prod": 0.41457704569917664, "target": 2, "value": 253.0, "supply": [{"l": "Eggs", "v": 253.0}]}, {"source": 3, "prod": 77.233770382805375, "target": 15, "value": 26208.0, "supply": [{"l": "Maize", "v": 2407.0}, {"l": "Wheat", "v": 12010.0}, {"l": "Oats", "v": 2601.0}, {"l": "Rye", "v": 2479.0}, {"l": "Millet", "v": 87.0}, {"l": "Barley", "v": 6176.0}, {"l": "Rice", "v": 109.0}, {"l": "Sorghum", "v": 5.0}, {"l": "Cereals, Other", "v": 334.0}]}, {"source": 4, "prod": 3.8586635820914368, "target": 15, "value": 846.0, "supply": [{"l": "Sunflower seed", "v": 399.0}, {"l": "Soyabeans", "v": 129.0}, {"l": "Cottonseed", "v": 161.0}, {"l": "Groundnuts", "v": 1.0}, {"l": "Rape and Mustardseed", "v": 48.0}, {"l": "Oilcrops, Other", "v": 108.0}]}, {"source": 0, "prod": 0.096978499570787302, "target": 16, "value": 60.0, "supply": [{"l": "Wine", "v": 26.0}, {"l": "Cream", "v": 34.0}]}, {"source": 2, "prod": 4.7901481221085431, "target": 16, "value": 7064.0, "supply": [{"l": "Eggs", "v": 227.0}, {"l": "Mutton & Goat Meat", "v": 13.0}, {"l": "Pigmeat", "v": 108.0}, {"l": "Milk - Excluding Butter", "v": 6533.0}, {"l": "Meat, Other", "v": 1.0}, {"l": "Bovine Meat", "v": 109.0}, {"l": "Poultry Meat", "v": 8.0}, {"l": "Offals, Edible", "v": 65.0}]}, {"source": 3, "prod": 48.828229172792021, "target": 16, "value": 15929.0, "supply": [{"l": "Maize", "v": 4627.0}, {"l": "Rye", "v": 1244.0}, {"l": "Barley", "v": 2336.0}, {"l": "Rice", "v": 57.0}, {"l": "Cereals, Other", "v": 191.0}, {"l": "Wheat", "v": 5824.0}, {"l": "Oats", "v": 1183.0}, {"l": "Sorghum", "v": 283.0}, {"l": "Millet", "v": 184.0}]}, {"source": 4, "prod": 1.306714463441583, "target": 16, "value": 287.0, "supply": [{"l": "Sunflower seed", "v": 134.0}, {"l": "Soyabeans", "v": 24.0}, {"l": "Groundnuts", "v": 1.0}, {"l": "Oilcrops, Other", "v": 9.0}, {"l": "Cottonseed", "v": 113.0}, {"l": "Rape and Mustardseed", "v": 6.0}]}, {"source": 5, "prod": 0.90537110938000009, "target": 16, "value": 779.0, "supply": [{"l": "Sugar beet", "v": 779.0}]}, {"source": 6, "prod": 0.062044677073208022, "target": 16, "value": 15.0, "supply": [{"l": "Sugar", "v": 15.0}]}, {"source": 7, "prod": 9.1686799881446799, "target": 16, "value": 11779.0, "supply": [{"l": "Potatoes", "v": 11779.0}]}, {"source": 8, "prod": 3.7749409314679818, "target": 16, "value": 6412.0, "supply": [{"l": "Grapefruit", "v": 5.0}, {"l": "Tomatoes", "v": 903.0}, {"l": "Treenuts", "v": 4.0}, {"l": "Vegetables, Other", "v": 2405.0}, {"l": "Peas", "v": 276.0}, {"l": "Grapes", "v": 748.0}, {"l": "Beans", "v": 21.0}, {"l": "Apples", "v": 1228.0}, {"l": "Lemons, Limes", "v": 17.0}, {"l": "Bananas", "v": 10.0}, {"l": "Fruits, Other", "v": 491.0}, {"l": "Oranges, Mandarines", "v": 79.0}, {"l": "Pulses, Other", "v": 51.0}, {"l": "Onions", "v": 174.0}]}, {"source": 11, "prod": 0.089521131026292486, "target": 16, "value": 39.0, "supply": [{"l": "Nuts", "v": 4.0}, {"l": "Pimento", "v": 35.0}]}, {"source": 17, "prod": 0.80303415100432385, "target": 11, "value": 551.0, "supply": [{"l": "Nuts", "v": 68.0}, {"l": "Cocoa Beans", "v": 190.0}, {"l": "Coffee", "v": 157.0}, {"l": "Pimento", "v": 8.0}, {"l": "Pepper", "v": 17.0}, {"l": "Spices, Other", "v": 6.0}, {"l": "Tea", "v": 105.0}]}, {"source": 17, "prod": 6.0936139138521161, "target": 1, "value": 4801.0, "supply": [{"l": "Pigmeat", "v": 304.0}, {"l": "Meat, Other", "v": 14.0}, {"l": "Eggs", "v": 38.0}, {"l": "Marine Fish, Other", "v": 99.0}, {"l": "Demersal Fish", "v": 35.0}, {"l": "Mutton & Goat Meat", "v": 121.0}, {"l": "Poultry Meat", "v": 293.0}, {"l": "Milk - Excluding Butter", "v": 1047.0}, {"l": "Pelagic Fish", "v": 1105.0}, {"l": "Fish, Seafood", "v": 1238.0}, {"l": "Offals, Edible", "v": 8.0}, {"l": "Bovine Meat", "v": 499.0}]}, {"source": 17, "prod": 52.957859793252155, "target": 13, "value": 10984.0, "supply": [{"l": "Alcohol, Non-Food", "v": 83.0}, {"l": "Sugar", "v": 7954.0}, {"l": "Beer", "v": 308.0}, {"l": "Beverages, Alcoholic", "v": 79.0}, {"l": "Fats, Animals, Raw", "v": 154.0}, {"l": "Soyabean Oil", "v": 247.0}, {"l": "Butter, Ghee", "v": 179.0}, {"l": "Palm Oil", "v": 399.0}, {"l": "Sunflowerseed Oil", "v": 252.0}, {"l": "Olive Oil", "v": 19.0}, {"l": "Coconut Oil", "v": 98.0}, {"l": "Rape and Mustard Oil", "v": 74.0}, {"l": "Oilcrops Oil, Other", "v": 261.0}, {"l": "Wine", "v": 825.0}, {"l": "Sweeteners, Other", "v": 7.0}, {"l": "Beverages, Fermented", "v": 3.0}, {"l": "Fish, Body Oil", "v": 25.0}, {"l": "Honey", "v": 3.0}, {"l": "Palmkernel Oil", "v": 14.0}]}, {"source": 17, "prod": 152.83187031943544, "target": 3, "value": 47920.0, "supply": [{"l": "Maize", "v": 13900.0}, {"l": "Rye", "v": 369.0}, {"l": "Barley", "v": 3229.0}, {"l": "Rice", "v": 1111.0}, {"l": "Cereals, Other", "v": 50.0}, {"l": "Wheat", "v": 26480.0}, {"l": "Oats", "v": 71.0}, {"l": "Sorghum", "v": 2709.0}, {"l": "Millet", "v": 1.0}]}, {"source": 17, "prod": 2.3911594757783678, "target": 8, "value": 4252.0, "supply": [{"l": "Citrus, Other", "v": 12.0}, {"l": "Grapefruit", "v": 65.0}, {"l": "Tomatoes", "v": 178.0}, {"l": "Treenuts", "v": 69.0}, {"l": "Vegetables, Other", "v": 915.0}, {"l": "Peas", "v": 5.0}, {"l": "Grapes", "v": 456.0}, {"l": "Dates", "v": 16.0}, {"l": "Beans", "v": 34.0}, {"l": "Apples", "v": 588.0}, {"l": "Lemons, Limes", "v": 309.0}, {"l": "Pineapples", "v": 5.0}, {"l": "Bananas", "v": 114.0}, {"l": "Fruits, Other", "v": 897.0}, {"l": "Oranges, Mandarines", "v": 560.0}, {"l": "Onions", "v": 19.0}, {"l": "Pulses, Other", "v": 10.0}]}, {"source": 17, "prod": 12.14578409280112, "target": 4, "value": 2267.0, "supply": [{"l": "Olives", "v": 22.0}, {"l": "Sunflower seed", "v": 78.0}, {"l": "Coconuts - Incl Copra", "v": 40.0}, {"l": "Sesame seed", "v": 14.0}, {"l": "Groundnuts", "v": 66.0}, {"l": "Oilcrops, Other", "v": 147.0}, {"l": "Soyabeans", "v": 1888.0}, {"l": "Rape and Mustardseed", "v": 12.0}]}, {"source": 17, "prod": 0.90371317312471122, "target": 7, "value": 1161.0, "supply": [{"l": "Potatoes", "v": 1161.0}]}, {"source": 0, "prod": 3.2364456107821908, "target": 18, "value": 1330.0, "supply": [{"l": "Alcohol, Non-Food", "v": 54.0}, {"l": "Beer", "v": 251.0}, {"l": "Beverages, Alcoholic", "v": 74.0}, {"l": "Fats, Animals, Raw", "v": 260.0}, {"l": "Butter, Ghee", "v": 24.0}, {"l": "Wine", "v": 654.0}, {"l": "Beverages, Fermented", "v": 13.0}]}, {"source": 2, "prod": 2.6469075375174622, "target": 18, "value": 2402.0, "supply": [{"l": "Meat, Other", "v": 57.0}, {"l": "Eggs", "v": 51.0}, {"l": "Mutton & Goat Meat", "v": 28.0}, {"l": "Pigmeat", "v": 318.0}, {"l": "Poultry Meat", "v": 260.0}, {"l": "Milk - Excluding Butter", "v": 1458.0}, {"l": "Offals, Edible", "v": 13.0}, {"l": "Bovine Meat", "v": 217.0}]}, {"source": 3, "prod": 20.67386479242851, "target": 18, "value": 6556.0, "supply": [{"l": "Maize", "v": 905.0}, {"l": "Rye", "v": 11.0}, {"l": "Barley", "v": 442.0}, {"l": "Rice", "v": 24.0}, {"l": "Cereals, Other", "v": 278.0}, {"l": "Wheat", "v": 4855.0}, {"l": "Oats", "v": 19.0}, {"l": "Sorghum", "v": 11.0}, {"l": "Millet", "v": 11.0}]}, {"source": 4, "prod": 0.80827726901515706, "target": 18, "value": 202.0, "supply": [{"l": "Sunflower seed", "v": 160.0}, {"l": "Oilcrops, Other", "v": 16.0}, {"l": "Soyabeans", "v": 5.0}, {"l": "Rape and Mustardseed", "v": 21.0}]}, {"source": 5, "prod": 0.06275999988, "target": 18, "value": 54.0, "supply": [{"l": "Sugar beet", "v": 54.0}]}, {"source": 6, "prod": 3.2407344152388968, "target": 18, "value": 788.0, "supply": [{"l": "Sugar", "v": 741.0}, {"l": "Sweeteners, Other", "v": 8.0}, {"l": "Honey", "v": 39.0}]}, {"source": 7, "prod": 0.34482767932321023, "target": 18, "value": 443.0, "supply": [{"l": "Roots, Other", "v": 2.0}, {"l": "Potatoes", "v": 441.0}]}, {"source": 8, "prod": 1.9759375144007307, "target": 18, "value": 3938.0, "supply": [{"l": "Tomatoes", "v": 718.0}, {"l": "Treenuts", "v": 2.0}, {"l": "Vegetables, Other", "v": 1107.0}, {"l": "Peas", "v": 88.0}, {"l": "Grapes", "v": 128.0}, {"l": "Beans", "v": 15.0}, {"l": "Apples", "v": 937.0}, {"l": "Fruits, Other", "v": 843.0}, {"l": "Oranges, Mandarines", "v": 7.0}, {"l": "Onions", "v": 90.0}, {"l": "Pulses, Other", "v": 3.0}]}, {"source": 11, "prod": 0.057529038002170359, "target": 18, "value": 37.0, "supply": [{"l": "Nuts", "v": 2.0}, {"l": "Pimento", "v": 15.0}, {"l": "Cocoa Beans", "v": 2.0}, {"l": "Spices, Other", "v": 1.0}, {"l": "Tea", "v": 17.0}]}, {"source": 9, "prod": 1.2602099834571328, "target": 18, "value": 1158.0, "supply": [{"l": "Crustaceans", "v": 19.0}, {"l": "Marine Fish, Other", "v": 3.0}, {"l": "Demersal Fish", "v": 370.0}, {"l": "Freshwater Fish", "v": 13.0}, {"l": "Fish, Seafood", "v": 579.0}, {"l": "Cephalopods", "v": 38.0}, {"l": "Pelagic Fish", "v": 136.0}]}, {"source": 12, "prod": 4.5098979894045979, "target": 18, "value": 461.0, "supply": [{"l": "Soyabean Oil", "v": 2.0}, {"l": "Sunflowerseed Oil", "v": 422.0}, {"l": "Rape and Mustard Oil", "v": 28.0}, {"l": "Oilcrops Oil, Other", "v": 4.0}, {"l": "Cottonseed Oil", "v": 5.0}]}, {"source": 19, "prod": 0.029619663759064562, "target": 8, "value": 42.0, "supply": [{"l": "Fruits, Other", "v": 40.0}, {"l": "Peas", "v": 2.0}]}, {"source": 12, "prod": 1.2666759619440842, "target": 20, "value": 120.0, "supply": [{"l": "Soyabean Oil", "v": 70.0}, {"l": "Rape and Mustard Oil", "v": 50.0}]}, {"source": 2, "prod": 0.31143299802573288, "target": 20, "value": 126.0, "supply": [{"l": "Pigmeat", "v": 28.0}, {"l": "Eggs", "v": 1.0}, {"l": "Bovine Meat", "v": 97.0}]}, {"source": 0, "prod": 0.77659202455218268, "target": 20, "value": 683.0, "supply": [{"l": "Beer", "v": 44.0}, {"l": "Fats, Animals, Raw", "v": 10.0}, {"l": "Butter, Ghee", "v": 21.0}, {"l": "Wine", "v": 601.0}, {"l": "Beverages, Alcoholic", "v": 7.0}]}, {"source": 19, "prod": 0.1144236317393045, "target": 7, "value": 147.0, "supply": [{"l": "Potatoes", "v": 147.0}]}, {"source": 3, "prod": 29.132770763181661, "target": 20, "value": 9175.0, "supply": [{"l": "Maize", "v": 2498.0}, {"l": "Oats", "v": 56.0}, {"l": "Rye", "v": 1663.0}, {"l": "Barley", "v": 160.0}, {"l": "Rice", "v": 124.0}, {"l": "Cereals, Other", "v": 75.0}, {"l": "Wheat", "v": 4599.0}]}, {"source": 8, "prod": 0.70559846427260275, "target": 20, "value": 1640.0, "supply": [{"l": "Beans", "v": 3.0}, {"l": "Tomatoes", "v": 122.0}, {"l": "Bananas", "v": 4.0}, {"l": "Vegetables, Other", "v": 595.0}, {"l": "Apples", "v": 916.0}]}, {"source": 19, "prod": 0.0069970327048905264, "target": 1, "value": 12.0, "supply": [{"l": "Milk - Excluding Butter", "v": 12.0}]}, {"source": 19, "prod": 0.86424915373369482, "target": 4, "value": 167.0, "supply": [{"l": "Coconuts - Incl Copra", "v": 6.0}, {"l": "Rape and Mustardseed", "v": 161.0}]}, {"source": 4, "prod": 2.8341688008377566, "target": 20, "value": 641.0, "supply": [{"l": "Soyabeans", "v": 181.0}, {"l": "Sunflower seed", "v": 368.0}, {"l": "Oilcrops, Other", "v": 92.0}]}, {"source": 19, "prod": 0.027617004928037932, "target": 11, "value": 16.0, "supply": [{"l": "Coffee", "v": 6.0}, {"l": "Pimento", "v": 10.0}]}, {"source": 19, "prod": 0.55953541174421761, "target": 13, "value": 86.0, "supply": [{"l": "Beverages, Fermented", "v": 30.0}, {"l": "Sunflowerseed Oil", "v": 56.0}]}, {"source": 5, "prod": 0.58111111000000004, "target": 20, "value": 500.0, "supply": [{"l": "Sugar beet", "v": 500.0}]}, {"source": 6, "prod": 6.6425041456565479, "target": 20, "value": 1606.0, "supply": [{"l": "Sugar", "v": 1605.0}, {"l": "Honey", "v": 1.0}]}, {"source": 19, "prod": 0.0032458321577990392, "target": 3, "value": 1.0, "supply": [{"l": "Sorghum", "v": 1.0}]}, {"source": 21, "prod": 733.33088526270524, "target": 3, "value": 244816.0, "supply": [{"l": "Maize", "v": 37655.0}, {"l": "Rye", "v": 22231.0}, {"l": "Barley", "v": 52995.0}, {"l": "Rice", "v": 1651.0}, {"l": "Cereals, Other", "v": 3698.0}, {"l": "Wheat", "v": 105635.0}, {"l": "Oats", "v": 18433.0}, {"l": "Sorghum", "v": 163.0}, {"l": "Millet", "v": 2355.0}]}, {"source": 21, "prod": 69.634921345846195, "target": 4, "value": 15361.0, "supply": [{"l": "Sunflower seed", "v": 7317.0}, {"l": "Cottonseed", "v": 5677.0}, {"l": "Groundnuts", "v": 7.0}, {"l": "Oilcrops, Other", "v": 496.0}, {"l": "Soyabeans", "v": 1007.0}, {"l": "Rape and Mustardseed", "v": 857.0}]}, {"source": 21, "prod": 125.83379975940001, "target": 5, "value": 108270.0, "supply": [{"l": "Sugar beet", "v": 108270.0}]}, {"source": 21, "prod": 93.935574521547807, "target": 7, "value": 120679.0, "supply": [{"l": "Roots, Other", "v": 2.0}, {"l": "Potatoes", "v": 120677.0}]}, {"source": 21, "prod": 60.015248719449836, "target": 8, "value": 88072.0, "supply": [{"l": "Tomatoes", "v": 10880.0}, {"l": "Treenuts", "v": 181.0}, {"l": "Vegetables, Other", "v": 35019.0}, {"l": "Peas", "v": 5634.0}, {"l": "Grapes", "v": 12597.0}, {"l": "Beans", "v": 366.0}, {"l": "Apples", "v": 12479.0}, {"l": "Fruits, Other", "v": 6332.0}, {"l": "Oranges, Mandarines", "v": 273.0}, {"l": "Onions", "v": 3194.0}, {"l": "Pulses, Other", "v": 1117.0}]}, {"source": 21, "prod": 1.2092113351552893, "target": 11, "value": 567.0, "supply": [{"l": "Nuts", "v": 181.0}, {"l": "Pimento", "v": 245.0}, {"l": "Spices, Other", "v": 1.0}, {"l": "Tea", "v": 140.0}]}, {"source": 1, "prod": 26.809241697623467, "target": 9, "value": 24753.0, "supply": [{"l": "Pelagic Fish", "v": 5415.0}, {"l": "Crustaceans", "v": 531.0}, {"l": "Freshwater Fish", "v": 1203.0}, {"l": "Molluscs, Other", "v": 20.0}, {"l": "Aquatic Plants", "v": 109.0}, {"l": "Demersal Fish", "v": 4375.0}, {"l": "Aquatic Products, Other", "v": 109.0}, {"l": "Fish, Seafood", "v": 12269.0}, {"l": "Marine Fish, Other", "v": 543.0}, {"l": "Cephalopods", "v": 179.0}]}, {"source": 1, "prod": 132.37558947865082, "target": 2, "value": 153325.0, "supply": [{"l": "Poultry Meat", "v": 4046.0}, {"l": "Pigmeat", "v": 9838.0}, {"l": "Bovine Meat", "v": 8869.0}, {"l": "Eggs", "v": 5552.0}, {"l": "Milk - Excluding Butter", "v": 122277.0}, {"l": "Offals, Edible", "v": 1511.0}, {"l": "Meat, Other", "v": 368.0}, {"l": "Mutton & Goat Meat", "v": 1117.0}]}, {"source": 13, "prod": 80.131127125272357, "target": 0, "value": 33215.0, "supply": [{"l": "Fats, Animals, Raw", "v": 3289.0}, {"l": "Alcohol, Non-Food", "v": 550.0}, {"l": "Beverages, Fermented", "v": 240.0}, {"l": "Fish, Body Oil", "v": 93.0}, {"l": "Beer", "v": 12659.0}, {"l": "Beverages, Alcoholic", "v": 5212.0}, {"l": "Cream", "v": 2094.0}, {"l": "Butter, Ghee", "v": 2076.0}, {"l": "Wine", "v": 7002.0}]}, {"source": 13, "prod": 58.444000526307065, "target": 12, "value": 5449.0, "supply": [{"l": "Olive Oil", "v": 19.0}, {"l": "Sesameseed Oil", "v": 6.0}, {"l": "Soyabean Oil", "v": 654.0}, {"l": "Coconut Oil", "v": 104.0}, {"l": "Rape and Mustard Oil", "v": 455.0}, {"l": "Maize Germ Oil", "v": 17.0}, {"l": "Groundnut Oil", "v": 6.0}, {"l": "Cottonseed Oil", "v": 662.0}, {"l": "Palmkernel Oil", "v": 14.0}, {"l": "Oilcrops Oil, Other", "v": 471.0}, {"l": "Palm Oil", "v": 398.0}, {"l": "Sunflowerseed Oil", "v": 2643.0}]}, {"source": 13, "prod": 82.872572345693129, "target": 6, "value": 20082.0, "supply": [{"l": "Honey", "v": 262.0}, {"l": "Sweeteners, Other", "v": 262.0}, {"l": "Sugar", "v": 19558.0}]}]}