{"nodes": [{"layer": 3, "name": "Maize"}, {"layer": 5, "name": "Production", "fill": "#b5cf6b"}, {"layer": 3, "name": "Vegetables, Other"}, {"layer": 3, "name": "Rye"}, {"layer": 3, "name": "Nuts"}, {"layer": 3, "name": "Barley"}, {"layer": 3, "name": "Rice"}, {"layer": 3, "name": "Tomatoes"}, {"layer": 3, "name": "Sunflower seed"}, {"layer": 3, "name": "Cereals, Other"}, {"layer": 3, "name": "Wheat"}, {"layer": 3, "name": "Treenuts"}, {"layer": 3, "name": "Roots, Other"}, {"layer": 3, "name": "Peas"}, {"layer": 3, "name": "Soyabeans"}, {"layer": 3, "name": "Grapes"}, {"layer": 3, "name": "Groundnuts"}, {"layer": 3, "name": "Oilcrops, Other"}, {"layer": 3, "name": "Oats"}, {"layer": 3, "name": "Pulses, Other"}, {"layer": 3, "name": "Cottonseed"}, {"layer": 3, "name": "Potatoes"}, {"layer": 3, "name": "Pimento"}, {"layer": 3, "name": "Rape and Mustardseed"}, {"layer": 3, "name": "Beans"}, {"layer": 3, "name": "Apples"}, {"layer": 3, "name": "Sugar beet"}, {"layer": 3, "name": "Sorghum"}, {"layer": 3, "name": "Spices, Other"}, {"layer": 3, "name": "Tea"}, {"layer": 3, "name": "Fruits, Other"}, {"layer": 3, "name": "Millet"}, {"layer": 3, "name": "Oranges, Mandarines"}, {"layer": 3, "name": "Onions"}, {"layer": 1, "name": "Electricity", "fill": "#bcbd22"}, {"layer": 0, "name": "Fossil Fuels", "fill": "#c49c94"}, {"layer": 0, "name": "Renewables & Nuclear", "fill": "#2ca02c"}, {"layer": 1, "name": "Fertilizers", "fill": "#c5b0d5"}, {"layer": 0, "name": "Labor", "fill": "#7f7f7f"}], "links": [{"source": 0, "prod": 19160.0, "target": 1, "value": 64.997347939077031, "supply": [{"l": "Maize", "v": 64.997347939077031}]}, {"source": 2, "prod": 23959.0, "target": 1, "value": 5.7687549210637776, "supply": [{"l": "Vegetables, Other", "v": 5.7687549210637776}]}, {"source": 3, "prod": 24160.0, "target": 1, "value": 72.696869020138536, "supply": [{"l": "Rye", "v": 72.696869020138536}]}, {"source": 4, "prod": 125.0, "target": 1, "value": 0.42450166585499999, "supply": [{"l": "Nuts", "v": 0.42450166585499999}]}, {"source": 5, "prod": 23901.0, "target": 1, "value": 60.733184283523258, "supply": [{"l": "Barley", "v": 60.733184283523258}]}, {"source": 6, "prod": 429.0, "target": 1, "value": 1.7924332150767226, "supply": [{"l": "Rice", "v": 1.7924332150767226}]}, {"source": 7, "prod": 5335.0, "target": 1, "value": 1.0940658876021379, "supply": [{"l": "Tomatoes", "v": 1.0940658876021379}]}, {"source": 8, "prod": 6450.0, "target": 1, "value": 22.816964539706252, "supply": [{"l": "Sunflower seed", "v": 22.816964539706252}]}, {"source": 9, "prod": 1859.0, "target": 1, "value": 5.8025632119444479, "supply": [{"l": "Cereals, Other", "v": 5.8025632119444479}]}, {"source": 10, "prod": 72748.0, "target": 1, "value": 222.60429990435051, "supply": [{"l": "Wheat", "v": 222.60429990435051}]}, {"source": 11, "prod": 125.0, "target": 1, "value": 0.42450166585499999, "supply": [{"l": "Treenuts", "v": 0.42450166585499999}]}, {"source": 12, "prod": 5.0, "target": 1, "value": 0.0038935223847634502, "supply": [{"l": "Roots, Other", "v": 0.0038935223847634502}]}, {"source": 13, "prod": 4723.0, "target": 1, "value": 18.689944954376962, "supply": [{"l": "Peas", "v": 18.689944954376962}]}, {"source": 14, "prod": 425.0, "target": 1, "value": 1.8990863998776319, "supply": [{"l": "Soyabeans", "v": 1.8990863998776319}]}, {"source": 15, "prod": 6444.0, "target": 1, "value": 4.9671650177399069, "supply": [{"l": "Grapes", "v": 4.9671650177399069}]}, {"source": 16, "prod": 1.0, "target": 1, "value": 0.0053062708231875, "supply": [{"l": "Groundnuts", "v": 0.0053062708231875}]}, {"source": 17, "prod": 773.0, "target": 1, "value": 3.4541030284833165, "supply": [{"l": "Oilcrops, Other", "v": 3.4541030284833165}]}, {"source": 18, "prod": 8978.0, "target": 1, "value": 23.290519731393385, "supply": [{"l": "Oats", "v": 23.290519731393385}]}, {"source": 19, "prod": 2409.0, "target": 1, "value": 8.5218709420391257, "supply": [{"l": "Pulses, Other", "v": 8.5218709420391257}]}, {"source": 20, "prod": 3479.0, "target": 1, "value": 15.545697847468896, "supply": [{"l": "Cottonseed", "v": 15.545697847468896}]}, {"source": 21, "prod": 139260.0, "target": 1, "value": 108.44238546043161, "supply": [{"l": "Potatoes", "v": 108.44238546043161}]}, {"source": 22, "prod": 132.0, "target": 1, "value": 0.31130122162700002, "supply": [{"l": "Pimento", "v": 0.31130122162700002}]}, {"source": 23, "prod": 658.0, "target": 1, "value": 2.9402325908693689, "supply": [{"l": "Rape and Mustardseed", "v": 2.9402325908693689}]}, {"source": 24, "prod": 263.0, "target": 1, "value": 1.0149448919987727, "supply": [{"l": "Beans", "v": 1.0149448919987727}]}, {"source": 25, "prod": 3900.0, "target": 1, "value": 2.2315841574854254, "supply": [{"l": "Apples", "v": 2.2315841574854254}]}, {"source": 26, "prod": 98227.0, "target": 1, "value": 114.16160200394, "supply": [{"l": "Sugar beet", "v": 114.16160200394}]}, {"source": 27, "prod": 87.0, "target": 1, "value": 0.26888536766884913, "supply": [{"l": "Sorghum", "v": 0.26888536766884913}]}, {"source": 28, "prod": 3.0, "target": 1, "value": 0.014150055528500001, "supply": [{"l": "Spices, Other", "v": 0.014150055528500001}]}, {"source": 29, "prod": 48.0, "target": 1, "value": 0.055786666560000003, "supply": [{"l": "Tea", "v": 0.055786666560000003}]}, {"source": 30, "prod": 4176.0, "target": 1, "value": 2.4818065392546718, "supply": [{"l": "Fruits, Other", "v": 2.4818065392546718}]}, {"source": 31, "prod": 2071.0, "target": 1, "value": 7.5847627057590241, "supply": [{"l": "Millet", "v": 7.5847627057590241}]}, {"source": 32, "prod": 34.0, "target": 1, "value": 0.01874422940138961, "supply": [{"l": "Oranges, Mandarines", "v": 0.01874422940138961}]}, {"source": 33, "prod": 1487.0, "target": 1, "value": 0.65075667744988153, "supply": [{"l": "Onions", "v": 0.65075667744988153}]}, {"source": 34, "prod": 0, "target": 0, "value": 0.00021933292799379558, "supply": "[{\"l\":'Energy for power irrigation',\"v\":0.00021933292799379558}]"}, {"source": 34, "prod": 0, "target": 12, "value": 4.5620437992700728e-08, "supply": "[{\"l\":'Energy for power irrigation',\"v\":4.5620437992700728e-08}]"}, {"source": 34, "prod": 0, "target": 3, "value": 0.00024522506102343062, "supply": "[{\"l\":'Energy for power irrigation',\"v\":0.00024522506102343062}]"}, {"source": 34, "prod": 0, "target": 4, "value": 1.5054744537591241e-06, "supply": "[{\"l\":'Energy for power irrigation',\"v\":1.5054744537591241e-06}]"}, {"source": 34, "prod": 0, "target": 5, "value": 0.00027186232787361313, "supply": "[{\"l\":'Energy for power irrigation',\"v\":0.00027186232787361313}]"}, {"source": 34, "prod": 0, "target": 6, "value": 6.7366180102554744e-06, "supply": "[{\"l\":'Energy for power irrigation',\"v\":6.7366180102554744e-06}]"}, {"source": 34, "prod": 0, "target": 7, "value": 5.522100572138685e-05, "supply": "[{\"l\":'Energy for power irrigation',\"v\":5.522100572138685e-05}]"}, {"source": 34, "prod": 0, "target": 8, "value": 6.7067112786824815e-05, "supply": "[{\"l\":'Energy for power irrigation',\"v\":6.7067112786824815e-05}]"}, {"source": 34, "prod": 0, "target": 9, "value": 1.8881792391423355e-05, "supply": "[{\"l\":'Energy for power irrigation',\"v\":1.8881792391423355e-05}]"}, {"source": 34, "prod": 0, "target": 10, "value": 0.00084621350432660572, "supply": "[{\"l\":'Energy for power irrigation',\"v\":0.00084621350432660572}]"}, {"source": 34, "prod": 0, "target": 11, "value": 1.5004055162043795e-06, "supply": "[{\"l\":'Energy for power irrigation',\"v\":1.5004055162043795e-06}]"}, {"source": 34, "prod": 0, "target": 2, "value": 0.00024477392558105835, "supply": "[{\"l\":'Energy for power irrigation',\"v\":0.00024477392558105835}]"}, {"source": 34, "prod": 0, "target": 13, "value": 4.7886253079671527e-05, "supply": "[{\"l\":'Energy for power irrigation',\"v\":4.7886253079671527e-05}]"}, {"source": 34, "prod": 0, "target": 14, "value": 5.3680048704744521e-06, "supply": "[{\"l\":'Energy for power irrigation',\"v\":5.3680048704744521e-06}]"}, {"source": 34, "prod": 0, "target": 15, "value": 6.7634833792956197e-05, "supply": "[{\"l\":'Energy for power irrigation',\"v\":6.7634833792956197e-05}]"}, {"source": 34, "prod": 0, "target": 16, "value": 5.0182481791970798e-07, "supply": "[{\"l\":'Energy for power irrigation',\"v\":5.0182481791970798e-07}]"}, {"source": 34, "prod": 0, "target": 17, "value": 8.1204379627007297e-06, "supply": "[{\"l\":'Energy for power irrigation',\"v\":8.1204379627007297e-06}]"}, {"source": 34, "prod": 0, "target": 18, "value": 9.1519667550912404e-05, "supply": "[{\"l\":'Energy for power irrigation',\"v\":9.1519667550912404e-05}]"}, {"source": 34, "prod": 0, "target": 20, "value": 3.5406528819890505e-05, "supply": "[{\"l\":'Energy for power irrigation',\"v\":3.5406528819890505e-05}]"}, {"source": 34, "prod": 0, "target": 21, "value": 0.0014261607878400364, "supply": "[{\"l\":'Energy for power irrigation',\"v\":0.0014261607878400364}]"}, {"source": 34, "prod": 0, "target": 22, "value": 1.3787510148905109e-06, "supply": "[{\"l\":'Energy for power irrigation',\"v\":1.3787510148905109e-06}]"}, {"source": 34, "prod": 0, "target": 24, "value": 3.000811032408759e-06, "supply": "[{\"l\":'Energy for power irrigation',\"v\":3.000811032408759e-06}]"}, {"source": 34, "prod": 0, "target": 19, "value": 2.4837794018248174e-05, "supply": "[{\"l\":'Energy for power irrigation',\"v\":2.4837794018248174e-05}]"}, {"source": 34, "prod": 0, "target": 26, "value": 0.0009958079894422261, "supply": "[{\"l\":'Energy for power irrigation',\"v\":0.0009958079894422261}]"}, {"source": 34, "prod": 0, "target": 27, "value": 1.0442011362773721e-06, "supply": "[{\"l\":'Energy for power irrigation',\"v\":1.0442011362773721e-06}]"}, {"source": 34, "prod": 0, "target": 28, "value": 7.0965125766423353e-08, "supply": "[{\"l\":'Energy for power irrigation',\"v\":7.0965125766423353e-08}]"}, {"source": 34, "prod": 0, "target": 29, "value": 7.2485807032846697e-07, "supply": "[{\"l\":'Energy for power irrigation',\"v\":7.2485807032846697e-07}]"}, {"source": 34, "prod": 0, "target": 30, "value": 4.4267031665583941e-05, "supply": "[{\"l\":'Energy for power irrigation',\"v\":4.4267031665583941e-05}]"}, {"source": 34, "prod": 0, "target": 31, "value": 2.0995539351751823e-05, "supply": "[{\"l\":'Energy for power irrigation',\"v\":2.0995539351751823e-05}]"}, {"source": 34, "prod": 0, "target": 23, "value": 6.9697891377737219e-06, "supply": "[{\"l\":'Energy for power irrigation',\"v\":6.9697891377737219e-06}]"}, {"source": 34, "prod": 0, "target": 32, "value": 1.5510948917518246e-06, "supply": "[{\"l\":'Energy for power irrigation',\"v\":1.5510948917518246e-06}]"}, {"source": 34, "prod": 0, "target": 33, "value": 1.5151054351131385e-05, "supply": "[{\"l\":'Energy for power irrigation',\"v\":1.5151054351131385e-05}]"}, {"source": 34, "prod": 0, "target": 25, "value": 4.2457420958540145e-05, "supply": "[{\"l\":'Energy for power irrigation',\"v\":4.2457420958540145e-05}]"}, {"source": 35, "prod": 0, "target": 34, "value": 0.009133374518095495, "supply": [{"l": "Coal", "v": 0.0047272334583680284}, {"l": "Natural gas", "v": 0.0014392875002699717}, {"l": "Oil", "v": 0.0029668535594574953}]}, {"source": 36, "prod": 0, "target": 34, "value": 0.0012802794496155319, "supply": [{"l": "Nuclear", "v": 0.00014617641908614039}, {"l": "Hydroelectric", "v": 0.0011195388370182425}, {"l": "Renewable", "v": 1.4564193511149096e-05}]}, {"source": 35, "prod": 0, "target": 0, "value": 1.294202832255003, "supply": [{"l": "Motor Gasoline", "v": 0.0029850840891321485}, {"l": "Gas-Diesel oil", "v": 0.32415621097700548}, {"l": "Natural gas (including LNG)", "v": 0.42078820085445634}, {"l": "Fuel oil", "v": 0.015653161036239236}, {"l": "Liquefied petroleum gas (LPG)", "v": 0.010159309182016765}, {"l": "Coal", "v": 0.52046086611615294}]}, {"source": 35, "prod": 0, "target": 12, "value": 0.00026918940351964476, "supply": [{"l": "Motor Gasoline", "v": 6.2088645255810815e-07}, {"l": "Gas-Diesel oil", "v": 6.742329324689276e-05}, {"l": "Natural gas (including LNG)", "v": 8.7522389824130055e-05}, {"l": "Fuel oil", "v": 3.2557996146557233e-06}, {"l": "Liquefied petroleum gas (LPG)", "v": 2.1130987436596002e-06}, {"l": "Coal", "v": 0.00010825393563774848}]}, {"source": 35, "prod": 0, "target": 3, "value": 1.4469827737192638, "supply": [{"l": "Motor Gasoline", "v": 0.0033374716446506838}, {"l": "Gas-Diesel oil", "v": 0.36242267563313085}, {"l": "Natural gas (including LNG)", "v": 0.47046201943464039}, {"l": "Fuel oil", "v": 0.01750100819531273}, {"l": "Liquefied petroleum gas (LPG)", "v": 0.011358610113418236}, {"l": "Coal", "v": 0.58190098869811069}]}, {"source": 35, "prod": 0, "target": 4, "value": 0.0088832503161482765, "supply": [{"l": "Motor Gasoline", "v": 2.0489252934417568e-05}, {"l": "Gas-Diesel oil", "v": 0.0022249686771474613}, {"l": "Natural gas (including LNG)", "v": 0.0028882388641962918}, {"l": "Fuel oil", "v": 0.00010744138728363886}, {"l": "Liquefied petroleum gas (LPG)", "v": 6.9732258540766801e-05}, {"l": "Coal", "v": 0.0035723798760457001}]}, {"source": 35, "prod": 0, "target": 5, "value": 1.6041594754410118, "supply": [{"l": "Motor Gasoline", "v": 0.0037000003455610014}, {"l": "Gas-Diesel oil", "v": 0.40179038741228884}, {"l": "Natural gas (including LNG)", "v": 0.52156537038195194}, {"l": "Fuel oil", "v": 0.019402033414758935}, {"l": "Liquefied petroleum gas (LPG)", "v": 0.012592424990966147}, {"l": "Coal", "v": 0.64510925889548487}]}, {"source": 35, "prod": 0, "target": 6, "value": 0.039750301919734207, "supply": [{"l": "Motor Gasoline", "v": 9.1684232827747301e-05}, {"l": "Gas-Diesel oil", "v": 0.009956172969457831}, {"l": "Natural gas (including LNG)", "v": 0.012924139564029871}, {"l": "Fuel oil", "v": 0.00048077307643082845}, {"l": "Liquefied petroleum gas (LPG)", "v": 0.00031203424781373426}, {"l": "Coal", "v": 0.015985497829174192}]}, {"source": 35, "prod": 0, "target": 7, "value": 0.32583881799366771, "supply": [{"l": "Motor Gasoline", "v": 0.000751548557129781}, {"l": "Gas-Diesel oil", "v": 0.081612150736849964}, {"l": "Natural gas (including LNG)", "v": 0.10594099052711919}, {"l": "Fuel oil", "v": 0.0039409645557843829}, {"l": "Liquefied petroleum gas (LPG)", "v": 0.0025577886348252979}, {"l": "Coal", "v": 0.13103537498195911}]}, {"source": 35, "prod": 0, "target": 8, "value": 0.39573833310760215, "supply": [{"l": "Motor Gasoline", "v": 0.00091277207264403647}, {"l": "Gas-Diesel oil", "v": 0.099119732549959788}, {"l": "Natural gas (including LNG)", "v": 0.12866763775145162}, {"l": "Fuel oil", "v": 0.0047863871890566527}, {"l": "Liquefied petroleum gas (LPG)", "v": 0.0031064899419289073}, {"l": "Coal", "v": 0.15914531360256112}]}, {"source": 35, "prod": 0, "target": 9, "value": 0.1114145031234085, "supply": [{"l": "Motor Gasoline", "v": 0.00025697800397543916}, {"l": "Gas-Diesel oil", "v": 0.027905751927186168}, {"l": "Natural gas (including LNG)", "v": 0.036224544677209376}, {"l": "Fuel oil", "v": 0.0013475392849547298}, {"l": "Liquefied petroleum gas (LPG)", "v": 0.00087458809112577883}, {"l": "Coal", "v": 0.044805101138957006}]}, {"source": 35, "prod": 0, "target": 10, "value": 4.9931942458858902, "supply": [{"l": "Motor Gasoline", "v": 0.011516822808500348}, {"l": "Gas-Diesel oil", "v": 1.2506346664366137}, {"l": "Natural gas (including LNG)", "v": 1.6234528088477882}, {"l": "Fuel oil", "v": 0.060391827052249006}, {"l": "Liquefied petroleum gas (LPG)", "v": 0.039195868596141922}, {"l": "Coal", "v": 2.0080022521445966}]}, {"source": 35, "prod": 0, "target": 11, "value": 0.0088533403824238716, "supply": [{"l": "Motor Gasoline", "v": 2.0420265550800002e-05}, {"l": "Gas-Diesel oil", "v": 0.0022174772001200284}, {"l": "Natural gas (including LNG)", "v": 0.0028785141542158328}, {"l": "Fuel oil", "v": 0.00010707963177089934}, {"l": "Liquefied petroleum gas (LPG)", "v": 6.9497469791471298e-05}, {"l": "Coal", "v": 0.0035603516609748389}]}, {"source": 35, "prod": 0, "target": 2, "value": 1.4443207896177914, "supply": [{"l": "Motor Gasoline", "v": 0.0033313317675087201}, {"l": "Gas-Diesel oil", "v": 0.36175593417768936}, {"l": "Natural gas (including LNG)", "v": 0.46959652024637955}, {"l": "Fuel oil", "v": 0.017468811954678913}, {"l": "Liquefied petroleum gas (LPG)", "v": 0.011337713914730934}, {"l": "Coal", "v": 0.58083047755680395}]}, {"source": 35, "prod": 0, "target": 13, "value": 0.28255914389445375, "supply": [{"l": "Motor Gasoline", "v": 0.00065172381303516078}, {"l": "Gas-Diesel oil", "v": 0.070771983478155095}, {"l": "Natural gas (including LNG)", "v": 0.091869335185395168}, {"l": "Fuel oil", "v": 0.0034175043288502903}, {"l": "Liquefied petroleum gas (LPG)", "v": 0.0022180493145946933}, {"l": "Coal", "v": 0.11363054777442332}]}, {"source": 35, "prod": 0, "target": 14, "value": 0.031674619814144864, "supply": [{"l": "Motor Gasoline", "v": 7.3057639251004048e-05}, {"l": "Gas-Diesel oil", "v": 0.0079334741720510481}, {"l": "Natural gas (including LNG)", "v": 0.01029846786930597}, {"l": "Fuel oil", "v": 0.00038309908799115676}, {"l": "Liquefied petroleum gas (LPG)", "v": 0.00024864128550394624}, {"l": "Coal", "v": 0.012737879760041737}]}, {"source": 35, "prod": 0, "target": 15, "value": 0.3990882456847355, "supply": [{"l": "Motor Gasoline", "v": 0.00092049865960920402}, {"l": "Gas-Diesel oil", "v": 0.099958777977032232}, {"l": "Natural gas (including LNG)", "v": 0.12975680526926303}, {"l": "Fuel oil", "v": 0.0048269038064834794}, {"l": "Liquefied petroleum gas (LPG)", "v": 0.0031327862818500045}, {"l": "Coal", "v": 0.16049247369049754}]}, {"source": 35, "prod": 0, "target": 16, "value": 0.0029610834387160923, "supply": [{"l": "Motor Gasoline", "v": 6.8297509781391896e-06}, {"l": "Gas-Diesel oil", "v": 0.00074165622571582032}, {"l": "Natural gas (including LNG)", "v": 0.00096274628806543056}, {"l": "Fuel oil", "v": 3.5813795761212957e-05}, {"l": "Liquefied petroleum gas (LPG)", "v": 2.3244086180255599e-05}, {"l": "Coal", "v": 0.0011907932920152333}]}, {"source": 35, "prod": 0, "target": 17, "value": 0.047915713826496766, "supply": [{"l": "Motor Gasoline", "v": 0.00011051778855534324}, {"l": "Gas-Diesel oil", "v": 0.012001346197946912}, {"l": "Natural gas (including LNG)", "v": 0.015578985388695149}, {"l": "Fuel oil", "v": 0.00057953233140871873}, {"l": "Liquefied petroleum gas (LPG)", "v": 0.00037613157637140881}, {"l": "Coal", "v": 0.01926920054351923}]}, {"source": 35, "prod": 0, "target": 18, "value": 0.54002385339413173, "supply": [{"l": "Motor Gasoline", "v": 0.0012455672112151824}, {"l": "Gas-Diesel oil", "v": 0.13525861773029432}, {"l": "Natural gas (including LNG)", "v": 0.17557963869718535}, {"l": "Fuel oil", "v": 0.0065314957825121202}, {"l": "Liquefied petroleum gas (LPG)", "v": 0.0042391108685304532}, {"l": "Coal", "v": 0.21716942310439433}]}, {"source": 35, "prod": 0, "target": 20, "value": 0.2089208870649687, "supply": [{"l": "Motor Gasoline", "v": 0.00048187687456870945}, {"l": "Gas-Diesel oil", "v": 0.052327967036616213}, {"l": "Natural gas (including LNG)", "v": 0.067927099213505371}, {"l": "Fuel oil", "v": 0.0025268622564855805}, {"l": "Liquefied petroleum gas (LPG)", "v": 0.0016399994138291451}, {"l": "Coal", "v": 0.084017082269963683}]}, {"source": 35, "prod": 0, "target": 21, "value": 8.4152495831625114, "supply": [{"l": "Motor Gasoline", "v": 0.019409807342953486}, {"l": "Gas-Diesel oil", "v": 2.1077495360992242}, {"l": "Natural gas (including LNG)", "v": 2.7360763271320514}, {"l": "Fuel oil", "v": 0.10178099877580352}, {"l": "Liquefied petroleum gas (LPG)", "v": 0.066058518980539938}, {"l": "Coal", "v": 3.3841743948319385}]}, {"source": 35, "prod": 0, "target": 22, "value": 0.0081355019730381516, "supply": [{"l": "Motor Gasoline", "v": 1.8764568343978378e-05}, {"l": "Gas-Diesel oil", "v": 0.0020376817514616481}, {"l": "Natural gas (including LNG)", "v": 0.0026451211146848192}, {"l": "Fuel oil", "v": 9.8397499465150743e-05}, {"l": "Liquefied petroleum gas (LPG)", "v": 6.3862539808379019e-05}, {"l": "Coal", "v": 0.0032716744992741763}]}, {"source": 35, "prod": 0, "target": 24, "value": 0.017706680764847743, "supply": [{"l": "Motor Gasoline", "v": 4.0840531101600004e-05}, {"l": "Gas-Diesel oil", "v": 0.0044349544002400569}, {"l": "Natural gas (including LNG)", "v": 0.0057570283084316656}, {"l": "Fuel oil", "v": 0.00021415926354179869}, {"l": "Liquefied petroleum gas (LPG)", "v": 0.0001389949395829426}, {"l": "Coal", "v": 0.0071207033219496778}]}, {"source": 35, "prod": 0, "target": 19, "value": 0.14655867524958435, "supply": [{"l": "Motor Gasoline", "v": 0.00033803817972608111}, {"l": "Gas-Diesel oil", "v": 0.036708237434419394}, {"l": "Natural gas (including LNG)", "v": 0.047651078904248585}, {"l": "Fuel oil", "v": 0.0017726020124236715}, {"l": "Liquefied petroleum gas (LPG)", "v": 0.0011504648715480045}, {"l": "Coal", "v": 0.058938253847218618}]}, {"source": 35, "prod": 0, "target": 26, "value": 5.875896209960529, "supply": [{"l": "Motor Gasoline", "v": 0.013552778473822}, {"l": "Gas-Diesel oil", "v": 1.4717231364702026}, {"l": "Natural gas (including LNG)", "v": 1.9104484497910912}, {"l": "Fuel oil", "v": 0.071067955744217856}, {"l": "Liquefied petroleum gas (LPG)", "v": 0.046124954165351041}, {"l": "Coal", "v": 2.3629789353158444}]}, {"source": 35, "prod": 0, "target": 27, "value": 0.006161446347227424, "supply": [{"l": "Motor Gasoline", "v": 1.4211401025218919e-05}, {"l": "Gas-Diesel oil", "v": 0.001543244267651101}, {"l": "Natural gas (including LNG)", "v": 0.0020032902559745324}, {"l": "Fuel oil", "v": 7.4521635624342114e-05}, {"l": "Liquefied petroleum gas (LPG)", "v": 4.8366482354875291e-05}, {"l": "Coal", "v": 0.0024778123045973541}]}, {"source": 35, "prod": 0, "target": 28, "value": 0.00041873907214166959, "supply": [{"l": "Motor Gasoline", "v": 9.6582337064594584e-07}, {"l": "Gas-Diesel oil", "v": 0.0001048806783840554}, {"l": "Natural gas (including LNG)", "v": 0.00013614593972642453}, {"l": "Fuel oil", "v": 5.0645771783533472e-06}, {"l": "Liquefied petroleum gas (LPG)", "v": 3.2870424901371556e-06}, {"l": "Coal", "v": 0.00016839501099205319}]}, {"source": 35, "prod": 0, "target": 29, "value": 0.0042771205225899103, "supply": [{"l": "Motor Gasoline", "v": 9.865195857312161e-06}, {"l": "Gas-Diesel oil", "v": 0.0010712812149228515}, {"l": "Natural gas (including LNG)", "v": 0.0013906335272056219}, {"l": "Fuel oil", "v": 5.1731038321752038e-05}, {"l": "Liquefied petroleum gas (LPG)", "v": 3.3574791149258086e-05}, {"l": "Coal", "v": 0.0017200347551331145}]}, {"source": 35, "prod": 0, "target": 30, "value": 0.26120345121522864, "supply": [{"l": "Motor Gasoline", "v": 0.00060246682113221763}, {"l": "Gas-Diesel oil", "v": 0.065423068880568272}, {"l": "Natural gas (including LNG)", "v": 0.084925892259347532}, {"l": "Fuel oil", "v": 0.0031592108927542702}, {"l": "Liquefied petroleum gas (LPG)", "v": 0.0020504101475976987}, {"l": "Coal", "v": 0.10504240221382861}]}, {"source": 35, "prod": 0, "target": 31, "value": 0.12388694548648539, "supply": [{"l": "Motor Gasoline", "v": 0.00028574574294396488}, {"l": "Gas-Diesel oil", "v": 0.031029697847625534}, {"l": "Natural gas (including LNG)", "v": 0.04027974873906074}, {"l": "Fuel oil", "v": 0.0014983913337671118}, {"l": "Liquefied petroleum gas (LPG)", "v": 0.00097249499958200708}, {"l": "Coal", "v": 0.049820866823506026}]}, {"source": 35, "prod": 0, "target": 23, "value": 0.041126158871056834, "supply": [{"l": "Motor Gasoline", "v": 9.485765247415541e-05}, {"l": "Gas-Diesel oil", "v": 0.010300780912719727}, {"l": "Natural gas (including LNG)", "v": 0.013371476223130981}, {"l": "Fuel oil", "v": 0.00049741383001684664}, {"l": "Liquefied petroleum gas (LPG)", "v": 0.00032283453028132778}, {"l": "Coal", "v": 0.016538795722433795}]}, {"source": 35, "prod": 0, "target": 32, "value": 0.0091524397196679208, "supply": [{"l": "Motor Gasoline", "v": 2.1110139386975675e-05}, {"l": "Gas-Diesel oil", "v": 0.0022923919703943538}, {"l": "Natural gas (including LNG)", "v": 0.0029757612540204218}, {"l": "Fuel oil", "v": 0.00011069718689829458}, {"l": "Liquefied petroleum gas (LPG)", "v": 7.1845357284426397e-05}, {"l": "Coal", "v": 0.0036806338116834483}]}, {"source": 35, "prod": 0, "target": 33, "value": 0.089400791902246451, "supply": [{"l": "Motor Gasoline", "v": 0.00020620328963290944}, {"l": "Gas-Diesel oil", "v": 0.022392024834995829}, {"l": "Natural gas (including LNG)", "v": 0.029067158131591636}, {"l": "Fuel oil", "v": 0.0010812872275784396}, {"l": "Liquefied petroleum gas (LPG)", "v": 0.00070178357164428268}, {"l": "Coal", "v": 0.035952334846803359}]}, {"source": 35, "prod": 0, "target": 25, "value": 0.25052560487561604, "supply": [{"l": "Motor Gasoline", "v": 0.00057783832518074594}, {"l": "Gas-Diesel oil", "v": 0.06274861158177486}, {"l": "Natural gas (including LNG)", "v": 0.081454170796323708}, {"l": "Fuel oil", "v": 0.0030300641747062597}, {"l": "Liquefied petroleum gas (LPG)", "v": 0.0019665905640992012}, {"l": "Coal", "v": 0.10074832943353125}]}, {"source": 37, "prod": 276.36605387766713, "target": 0, "value": 3.3852735073724092, "supply": [{"l": "Potash", "v": 3.2626118563137929}, {"l": "Phosphate", "v": 5.0502637262624335}, {"l": "Nitrogen", "v": 66.115261122336634}]}, {"source": 37, "prod": 0.057483117284469719, "target": 12, "value": 0.00070412437176685199, "supply": [{"l": "Potash", "v": 3.2626118563137929}, {"l": "Phosphate", "v": 5.0502637262624335}, {"l": "Nitrogen", "v": 66.115261122336634}]}, {"source": 37, "prod": 308.99091644311954, "target": 3, "value": 3.7849032063707515, "supply": [{"l": "Potash", "v": 3.2626118563137929}, {"l": "Phosphate", "v": 5.0502637262624335}, {"l": "Nitrogen", "v": 66.115261122336634}]}, {"source": 37, "prod": 1.8969428703875006, "target": 4, "value": 0.023236104268306114, "supply": [{"l": "Potash", "v": 3.2626118563137929}, {"l": "Phosphate", "v": 5.0502637262624335}, {"l": "Nitrogen", "v": 66.115261122336634}]}, {"source": 37, "prod": 342.55466992421822, "target": 5, "value": 4.1960336034412862, "supply": [{"l": "Potash", "v": 3.2626118563137929}, {"l": "Phosphate", "v": 5.0502637262624335}, {"l": "Nitrogen", "v": 66.115261122336634}]}, {"source": 37, "prod": 8.4883403190066939, "target": 6, "value": 0.10397569889757181, "supply": [{"l": "Potash", "v": 3.2626118563137929}, {"l": "Phosphate", "v": 5.0502637262624335}, {"l": "Nitrogen", "v": 66.115261122336634}]}, {"source": 37, "prod": 69.580119966334777, "target": 7, "value": 0.85230343400312047, "supply": [{"l": "Potash", "v": 3.2626118563137929}, {"l": "Phosphate", "v": 5.0502637262624335}, {"l": "Nitrogen", "v": 66.115261122336634}]}, {"source": 37, "prod": 84.506569421202087, "target": 8, "value": 1.0351410625385797, "supply": [{"l": "Potash", "v": 3.2626118563137929}, {"l": "Phosphate", "v": 5.0502637262624335}, {"l": "Nitrogen", "v": 66.115261122336634}]}, {"source": 37, "prod": 23.791623542738851, "target": 9, "value": 0.29142925387016927, "supply": [{"l": "Potash", "v": 3.2626118563137929}, {"l": "Phosphate", "v": 5.0502637262624335}, {"l": "Nitrogen", "v": 66.115261122336634}]}, {"source": 37, "prod": 1066.2543425096287, "target": 10, "value": 13.060802971903337, "supply": [{"l": "Potash", "v": 3.2626118563137929}, {"l": "Phosphate", "v": 5.0502637262624335}, {"l": "Nitrogen", "v": 66.115261122336634}]}, {"source": 37, "prod": 1.8905558573558929, "target": 11, "value": 0.023157868226998689, "supply": [{"l": "Potash", "v": 3.2626118563137929}, {"l": "Phosphate", "v": 5.0502637262624335}, {"l": "Nitrogen", "v": 66.115261122336634}]}, {"source": 37, "prod": 308.42247228330643, "target": 2, "value": 3.7779401986943904, "supply": [{"l": "Potash", "v": 3.2626118563137929}, {"l": "Phosphate", "v": 5.0502637262624335}, {"l": "Nitrogen", "v": 66.115261122336634}]}, {"source": 37, "prod": 60.33811210959837, "target": 13, "value": 0.73909588223127221, "supply": [{"l": "Potash", "v": 3.2626118563137929}, {"l": "Phosphate", "v": 5.0502637262624335}, {"l": "Nitrogen", "v": 66.115261122336634}]}, {"source": 37, "prod": 6.7638468004726029, "target": 14, "value": 0.082851967744566241, "supply": [{"l": "Potash", "v": 3.2626118563137929}, {"l": "Phosphate", "v": 5.0502637262624335}, {"l": "Nitrogen", "v": 66.115261122336634}]}, {"source": 37, "prod": 85.221914880742148, "target": 15, "value": 1.0439034991650118, "supply": [{"l": "Potash", "v": 3.2626118563137929}, {"l": "Phosphate", "v": 5.0502637262624335}, {"l": "Nitrogen", "v": 66.115261122336634}]}, {"source": 37, "prod": 0.63231429012916684, "target": 16, "value": 0.0077453680894353722, "supply": [{"l": "Potash", "v": 3.2626118563137929}, {"l": "Phosphate", "v": 5.0502637262624335}, {"l": "Nitrogen", "v": 66.115261122336634}]}, {"source": 37, "prod": 10.231994876635609, "target": 17, "value": 0.12533413817449965, "supply": [{"l": "Potash", "v": 3.2626118563137929}, {"l": "Phosphate", "v": 5.0502637262624335}, {"l": "Nitrogen", "v": 66.115261122336634}]}, {"source": 37, "prod": 115.31752028567786, "target": 18, "value": 1.4125517258056124, "supply": [{"l": "Potash", "v": 3.2626118563137929}, {"l": "Phosphate", "v": 5.0502637262624335}, {"l": "Nitrogen", "v": 66.115261122336634}]}, {"source": 37, "prod": 44.613286025780106, "target": 20, "value": 0.54647874853238454, "supply": [{"l": "Potash", "v": 3.2626118563137929}, {"l": "Phosphate", "v": 5.0502637262624335}, {"l": "Nitrogen", "v": 66.115261122336634}]}, {"source": 37, "prod": 1797.0052774819342, "target": 21, "value": 22.011944929968788, "supply": [{"l": "Potash", "v": 3.2626118563137929}, {"l": "Phosphate", "v": 5.0502637262624335}, {"l": "Nitrogen", "v": 66.115261122336634}]}, {"source": 37, "prod": 1.7372675445973069, "target": 22, "value": 0.021280203235620417, "supply": [{"l": "Potash", "v": 3.2626118563137929}, {"l": "Phosphate", "v": 5.0502637262624335}, {"l": "Nitrogen", "v": 66.115261122336634}]}, {"source": 37, "prod": 3.7811117147117859, "target": 24, "value": 0.046315736453997378, "supply": [{"l": "Potash", "v": 3.2626118563137929}, {"l": "Phosphate", "v": 5.0502637262624335}, {"l": "Nitrogen", "v": 66.115261122336634}]}, {"source": 37, "prod": 31.296363854877956, "target": 19, "value": 0.38335660240639718, "supply": [{"l": "Potash", "v": 3.2626118563137929}, {"l": "Phosphate", "v": 5.0502637262624335}, {"l": "Nitrogen", "v": 66.115261122336634}]}, {"source": 37, "prod": 1254.7478710984365, "target": 26, "value": 15.369705022968152, "supply": [{"l": "Potash", "v": 3.2626118563137929}, {"l": "Phosphate", "v": 5.0502637262624335}, {"l": "Nitrogen", "v": 66.115261122336634}]}, {"source": 37, "prod": 1.3157246845111956, "target": 27, "value": 0.016116624509330168, "supply": [{"l": "Potash", "v": 3.2626118563137929}, {"l": "Phosphate", "v": 5.0502637262624335}, {"l": "Nitrogen", "v": 66.115261122336634}]}, {"source": 37, "prod": 0.089418182442508445, "target": 28, "value": 0.001095304578303992, "supply": [{"l": "Potash", "v": 3.2626118563137929}, {"l": "Phosphate", "v": 5.0502637262624335}, {"l": "Nitrogen", "v": 66.115261122336634}]}, {"source": 37, "prod": 0.91334286351990757, "target": 29, "value": 0.011187753906962201, "supply": [{"l": "Potash", "v": 3.2626118563137929}, {"l": "Phosphate", "v": 5.0502637262624335}, {"l": "Nitrogen", "v": 66.115261122336634}]}, {"source": 37, "prod": 55.77778480503045, "target": 30, "value": 0.6832353487377687, "supply": [{"l": "Potash", "v": 3.2626118563137929}, {"l": "Phosphate", "v": 5.0502637262624335}, {"l": "Nitrogen", "v": 66.115261122336634}]}, {"source": 37, "prod": 26.455007976919283, "target": 31, "value": 0.32405368309536675, "supply": [{"l": "Potash", "v": 3.2626118563137929}, {"l": "Phosphate", "v": 5.0502637262624335}, {"l": "Nitrogen", "v": 66.115261122336634}]}, {"source": 37, "prod": 8.7821429184606519, "target": 23, "value": 0.10757455679771349, "supply": [{"l": "Potash", "v": 3.2626118563137929}, {"l": "Phosphate", "v": 5.0502637262624335}, {"l": "Nitrogen", "v": 66.115261122336634}]}, {"source": 37, "prod": 1.9544259876719703, "target": 32, "value": 0.023940228640072968, "supply": [{"l": "Potash", "v": 3.2626118563137929}, {"l": "Phosphate", "v": 5.0502637262624335}, {"l": "Nitrogen", "v": 66.115261122336634}]}, {"source": 37, "prod": 19.090781951475552, "target": 33, "value": 0.23384752746790227, "supply": [{"l": "Potash", "v": 3.2626118563137929}, {"l": "Phosphate", "v": 5.0502637262624335}, {"l": "Nitrogen", "v": 66.115261122336634}]}, {"source": 37, "prod": 53.497621152746483, "target": 25, "value": 0.65530508199101689, "supply": [{"l": "Potash", "v": 3.2626118563137929}, {"l": "Phosphate", "v": 5.0502637262624335}, {"l": "Nitrogen", "v": 66.115261122336634}]}, {"source": 35, "prod": 0, "target": 37, "value": 90.867313564474131, "supply": [{"l": "Natural gas (including LNG)", "v": 60.883862227424729}, {"l": "Fuel oil", "v": 18.296178186618722}, {"l": "Liquefied petroleum gas (LPG)", "v": 5.8436365752153394}, {"l": "Coal", "v": 5.8436365752153394}]}, {"source": 38, "prod": 0, "target": 0, "value": 1.4440987558396805, "supply": "[{\"l\":'Labor',\"v\":1.4440987558396805}]"}, {"source": 38, "prod": 0, "target": 12, "value": 0.00030036720135329618, "supply": "[{\"l\":'Labor',\"v\":0.00030036720135329618}]"}, {"source": 38, "prod": 0, "target": 3, "value": 1.6145738296744181, "supply": "[{\"l\":'Labor',\"v\":1.6145738296744181}]"}, {"source": 38, "prod": 0, "target": 4, "value": 0.0099121176446587741, "supply": "[{\"l\":'Labor',\"v\":0.0099121176446587741}]"}, {"source": 38, "prod": 0, "target": 5, "value": 1.7899549011312594, "supply": "[{\"l\":'Labor',\"v\":1.7899549011312594}]"}, {"source": 38, "prod": 0, "target": 6, "value": 0.044354223399836738, "supply": "[{\"l\":'Labor',\"v\":0.044354223399836738}]"}, {"source": 38, "prod": 0, "target": 7, "value": 0.36357781017142315, "supply": "[{\"l\":'Labor',\"v\":0.36357781017142315}]"}, {"source": 38, "prod": 0, "target": 8, "value": 0.4415731601228291, "supply": "[{\"l\":'Labor',\"v\":0.4415731601228291}]"}, {"source": 38, "prod": 0, "target": 9, "value": 0.1243186472267809, "supply": "[{\"l\":'Labor',\"v\":0.1243186472267809}]"}, {"source": 38, "prod": 0, "target": 10, "value": 5.571511217902291, "supply": "[{\"l\":'Labor',\"v\":5.571511217902291}]"}, {"source": 38, "prod": 0, "target": 11, "value": 0.0098787435111750751, "supply": "[{\"l\":'Labor',\"v\":0.0098787435111750751}]"}, {"source": 38, "prod": 0, "target": 2, "value": 1.6116035317943687, "supply": "[{\"l\":'Labor',\"v\":1.6116035317943687}]"}, {"source": 38, "prod": 0, "target": 13, "value": 0.31528543902050987, "supply": "[{\"l\":'Labor',\"v\":0.31528543902050987}]"}, {"source": 38, "prod": 0, "target": 14, "value": 0.035343207359237849, "supply": "[{\"l\":'Labor',\"v\":0.035343207359237849}]"}, {"source": 38, "prod": 0, "target": 15, "value": 0.44531106307300344, "supply": "[{\"l\":'Labor',\"v\":0.44531106307300344}]"}, {"source": 38, "prod": 0, "target": 16, "value": 0.003304039214886258, "supply": "[{\"l\":'Labor',\"v\":0.003304039214886258}]"}, {"source": 38, "prod": 0, "target": 17, "value": 0.053465361840886724, "supply": "[{\"l\":'Labor',\"v\":0.053465361840886724}]"}, {"source": 38, "prod": 0, "target": 18, "value": 0.60256998004819584, "supply": "[{\"l\":'Labor',\"v\":0.60256998004819584}]"}, {"source": 38, "prod": 0, "target": 20, "value": 0.23311832238364152, "supply": "[{\"l\":'Labor',\"v\":0.23311832238364152}]"}, {"source": 38, "prod": 0, "target": 21, "value": 9.3899125780393273, "supply": "[{\"l\":'Labor',\"v\":9.3899125780393273}]"}, {"source": 38, "prod": 0, "target": 22, "value": 0.0090777643075662853, "supply": "[{\"l\":'Labor',\"v\":0.0090777643075662853}]"}, {"source": 38, "prod": 0, "target": 24, "value": 0.01975748702235015, "supply": "[{\"l\":'Labor',\"v\":0.01975748702235015}]"}, {"source": 38, "prod": 0, "target": 19, "value": 0.16353325407012795, "supply": "[{\"l\":'Labor',\"v\":0.16353325407012795}]"}, {"source": 38, "prod": 0, "target": 26, "value": 6.5564486452732327, "supply": "[{\"l\":'Labor',\"v\":6.5564486452732327}]"}, {"source": 38, "prod": 0, "target": 27, "value": 0.0068750714976421132, "supply": "[{\"l\":'Labor',\"v\":0.0068750714976421132}]"}, {"source": 38, "prod": 0, "target": 28, "value": 0.0004672378687717941, "supply": "[{\"l\":'Labor',\"v\":0.0004672378687717941}]"}, {"source": 38, "prod": 0, "target": 29, "value": 0.0047725010881690391, "supply": "[{\"l\":'Labor',\"v\":0.0047725010881690391}]"}, {"source": 38, "prod": 0, "target": 30, "value": 0.2914563077131484, "supply": "[{\"l\":'Labor',\"v\":0.2914563077131484}]"}, {"source": 38, "prod": 0, "target": 31, "value": 0.13823566088948366, "supply": "[{\"l\":'Labor',\"v\":0.13823566088948366}]"}, {"source": 38, "prod": 0, "target": 23, "value": 0.04588943354008692, "supply": "[{\"l\":'Labor',\"v\":0.04588943354008692}]"}, {"source": 38, "prod": 0, "target": 32, "value": 0.01021248484601207, "supply": "[{\"l\":'Labor',\"v\":0.01021248484601207}]"}, {"source": 38, "prod": 0, "target": 33, "value": 0.099755284982778039, "supply": "[{\"l\":'Labor',\"v\":0.099755284982778039}]"}, {"source": 38, "prod": 0, "target": 25, "value": 0.27954174205946769, "supply": "[{\"l\":'Labor',\"v\":0.27954174205946769}]"}]}