{"nodes": [{"layer": 13, "name": "Animal Products", "fill": "#17becf"}, {"layer": 10, "name": "Feed", "fill": "#dbdb8d"}, {"layer": 5, "name": "Cereals", "fill": "#e7ba52"}, {"layer": 5, "name": "Oilcrops", "fill": "#ff9896"}, {"layer": 5, "name": "Fruits, Roots & Vegetables", "fill": "#98df8a"}, {"layer": 13, "name": "Sugar", "fill": "#d6616b"}, {"layer": 13, "name": "Aquatic Products", "fill": "#1f77b4"}, {"layer": 13, "name": "Other Processed", "fill": "#9c9ede"}, {"layer": 16, "name": "Food", "fill": "#b5cf6b"}, {"layer": 13, "name": "Vegetable Oils", "fill": "#f7b6d2"}, {"layer": 10, "name": "Processing", "fill": "#9edae5"}, {"layer": 5, "name": "Sugar Crops", "fill": "#ffbb78"}, {"layer": 16, "name": "Biofuels & Other", "fill": "#e7ba52"}, {"name": "Seed", "fill": "#dbdb8d"}, {"name": "Waste", "fill": "#c7c7c7"}, {"layer": 0, "name": "Import", "fill": "#aec7e8"}, {"layer": 16, "name": "Export", "fill": "#aec7e8"}, {"layer": 0, "name": "Stock Draw", "fill": "#c7c7c7"}, {"layer": 16, "name": "Stock Deposit", "fill": "#c7c7c7"}, {"layer": 0, "name": "Production", "fill": "#b5cf6b"}], "links": [{"source": 0, "prod": 0.15559947846856542, "target": 1, "value": 315.0, "supply": [{"l": "Milk - Excluding Butter", "v": 315.0}]}, {"source": 2, "prod": 2.2696028487110449, "target": 1, "value": 738.0, "supply": [{"l": "Maize", "v": 2.0}, {"l": "Wheat", "v": 162.0}, {"l": "Oats", "v": 48.0}, {"l": "Rye", "v": 37.0}, {"l": "Barley", "v": 359.0}, {"l": "Cereals, Other", "v": 130.0}]}, {"source": 3, "prod": 0.12431834500039288, "target": 1, "value": 82.0, "supply": [{"l": "Sunflower seed", "v": 2.0}, {"l": "Soyabeans", "v": 1.0}, {"l": "Rape and Mustardseed", "v": 40.0}, {"l": "Oilcrops, Other", "v": 39.0}]}, {"source": 4, "prod": 0.25028693610960484, "target": 1, "value": 201.0, "supply": [{"l": "Vegetables, Other", "v": 13.0}, {"l": "Potatoes", "v": 167.0}, {"l": "Apples", "v": 3.0}, {"l": "Peas", "v": 2.0}, {"l": "Beans", "v": 3.0}, {"l": "Pulses, Other", "v": 13.0}]}, {"source": 5, "prod": 0.0097446580397130573, "target": 1, "value": 4.0, "supply": [{"l": "Sweeteners, Other", "v": 4.0}]}, {"source": 6, "prod": 0.12716458610382964, "target": 1, "value": 106.0, "supply": [{"l": "Pelagic Fish", "v": 53.0}, {"l": "Fish, Seafood", "v": 53.0}]}, {"source": 7, "prod": 0.49330217636288759, "target": 8, "value": 409.0, "supply": [{"l": "Beer", "v": 307.0}, {"l": "Beverages, Alcoholic", "v": 48.0}, {"l": "Butter, Ghee", "v": 4.0}, {"l": "Fats, Animals, Raw", "v": 9.0}, {"l": "Wine", "v": 10.0}, {"l": "Beverages, Fermented", "v": 22.0}, {"l": "Cream", "v": 9.0}]}, {"source": 0, "prod": 1.0689531813244137, "target": 8, "value": 1288.0, "supply": [{"l": "Eggs", "v": 38.0}, {"l": "Mutton & Goat Meat", "v": 1.0}, {"l": "Pigmeat", "v": 148.0}, {"l": "Poultry Meat", "v": 83.0}, {"l": "Milk - Excluding Butter", "v": 977.0}, {"l": "Offals, Edible", "v": 15.0}, {"l": "Bovine Meat", "v": 26.0}]}, {"source": 2, "prod": 1.559664494169819, "target": 8, "value": 474.0, "supply": [{"l": "Maize", "v": 2.0}, {"l": "Rye", "v": 53.0}, {"l": "Barley", "v": 28.0}, {"l": "Rice", "v": 12.0}, {"l": "Cereals, Other", "v": 3.0}, {"l": "Wheat", "v": 374.0}, {"l": "Oats", "v": 2.0}]}, {"source": 3, "prod": 0.024257238048857141, "target": 8, "value": 6.0, "supply": [{"l": "Olives", "v": 1.0}, {"l": "Coconuts - Incl Copra", "v": 2.0}, {"l": "Groundnuts", "v": 3.0}]}, {"source": 4, "prod": 0.62087630021906026, "target": 8, "value": 1023.0, "supply": [{"l": "Nuts", "v": 5.0}, {"l": "Grapefruit", "v": 7.0}, {"l": "Tomatoes", "v": 35.0}, {"l": "Coffee", "v": 16.0}, {"l": "Treenuts", "v": 5.0}, {"l": "Vegetables, Other", "v": 221.0}, {"l": "Peas", "v": 10.0}, {"l": "Grapes", "v": 11.0}, {"l": "Potatoes", "v": 350.0}, {"l": "Apples", "v": 202.0}, {"l": "Lemons, Limes", "v": 4.0}, {"l": "Pineapples", "v": 3.0}, {"l": "Bananas", "v": 15.0}, {"l": "Spices, Other", "v": 1.0}, {"l": "Tea", "v": 1.0}, {"l": "Fruits, Other", "v": 51.0}, {"l": "Infant food", "v": 1.0}, {"l": "Oranges, Mandarines", "v": 59.0}, {"l": "Onions", "v": 26.0}]}, {"source": 5, "prod": 0.52030808433207432, "target": 8, "value": 149.0, "supply": [{"l": "Sugar", "v": 103.0}, {"l": "Sweeteners, Other", "v": 45.0}, {"l": "Honey", "v": 1.0}]}, {"source": 6, "prod": 0.2677470073654698, "target": 8, "value": 240.0, "supply": [{"l": "Freshwater Fish", "v": 8.0}, {"l": "Crustaceans", "v": 4.0}, {"l": "Pelagic Fish", "v": 79.0}, {"l": "Fish, Seafood", "v": 120.0}, {"l": "Molluscs, Other", "v": 1.0}, {"l": "Demersal Fish", "v": 28.0}]}, {"source": 9, "prod": 0.33918071307606773, "target": 8, "value": 33.0, "supply": [{"l": "Soyabean Oil", "v": 20.0}, {"l": "Sunflowerseed Oil", "v": 7.0}, {"l": "Coconut Oil", "v": 1.0}, {"l": "Rape and Mustard Oil", "v": 4.0}, {"l": "Oilcrops Oil, Other", "v": 1.0}]}, {"source": 0, "prod": 0.0014288510083573388, "target": 10, "value": 1.0, "supply": [{"l": "Poultry Meat", "v": 1.0}]}, {"source": 2, "prod": 0.2786428990747824, "target": 10, "value": 93.0, "supply": [{"l": "Maize", "v": 29.0}, {"l": "Barley", "v": 58.0}, {"l": "Rye", "v": 6.0}]}, {"source": 3, "prod": 0.034869779695232146, "target": 10, "value": 23.0, "supply": [{"l": "Sunflower seed", "v": 3.0}, {"l": "Rape and Mustardseed", "v": 20.0}]}, {"source": 4, "prod": 0.01799359858981403, "target": 10, "value": 22.0, "supply": [{"l": "Grapes", "v": 9.0}, {"l": "Potatoes", "v": 13.0}]}, {"source": 11, "prod": 0.81355555400000001, "target": 10, "value": 700.0, "supply": [{"l": "Sugar beet", "v": 700.0}]}, {"source": 5, "prod": 0.3751410070346512, "target": 10, "value": 95.0, "supply": [{"l": "Sugar", "v": 95.0}]}, {"source": 7, "prod": 0.23082445819147476, "target": 12, "value": 36.0, "supply": [{"l": "Fats, Animals, Raw", "v": 26.0}, {"l": "Alcohol, Non-Food", "v": 10.0}]}, {"source": 0, "prod": 0.0066605909914487452, "target": 12, "value": 5.0, "supply": [{"l": "Offals, Edible", "v": 5.0}]}, {"source": 2, "prod": 0.030908267220138706, "target": 12, "value": 10.0, "supply": [{"l": "Wheat", "v": 5.0}, {"l": "Barley", "v": 5.0}]}, {"source": 4, "prod": 0.00077367775162767152, "target": 12, "value": 1.0, "supply": [{"l": "Potatoes", "v": 1.0}]}, {"source": 5, "prod": 0.022514692470825402, "target": 12, "value": 8.0, "supply": [{"l": "Sweeteners, Other", "v": 6.0}, {"l": "Sugar", "v": 2.0}]}, {"source": 9, "prod": 0.52081835010110311, "target": 12, "value": 51.0, "supply": [{"l": "Rape and Mustard Oil", "v": 18.0}, {"l": "Palm Oil", "v": 9.0}, {"l": "Oilcrops Oil, Other", "v": 5.0}, {"l": "Sunflowerseed Oil", "v": 19.0}]}, {"source": 4, "prod": 0.17334245359619571, "target": 13, "value": 190.0, "supply": [{"l": "Potatoes", "v": 174.0}, {"l": "Vegetables, Other", "v": 9.0}, {"l": "Peas", "v": 4.0}, {"l": "Pulses, Other", "v": 3.0}]}, {"source": 0, "prod": 0.0049445836833843827, "target": 0, "value": 3.0, "supply": [{"l": "Eggs", "v": 3.0}]}, {"source": 2, "prod": 0.61171690531648104, "target": 13, "value": 196.0, "supply": [{"l": "Cereals, Other", "v": 20.0}, {"l": "Rye", "v": 9.0}, {"l": "Wheat", "v": 86.0}, {"l": "Oats", "v": 12.0}, {"l": "Barley", "v": 69.0}]}, {"source": 3, "prod": 0.043966243963553572, "target": 13, "value": 29.0, "supply": [{"l": "Rape and Mustardseed", "v": 29.0}]}, {"source": 4, "prod": 0.035909803880089977, "target": 14, "value": 56.0, "supply": [{"l": "Potatoes", "v": 38.0}, {"l": "Vegetables, Other", "v": 10.0}, {"l": "Fruits, Other", "v": 6.0}, {"l": "Onions", "v": 1.0}, {"l": "Tomatoes", "v": 1.0}]}, {"source": 0, "prod": 0.025390634245295425, "target": 14, "value": 27.0, "supply": [{"l": "Pigmeat", "v": 5.0}, {"l": "Milk - Excluding Butter", "v": 20.0}, {"l": "Bovine Meat", "v": 2.0}]}, {"source": 2, "prod": 0.13851050344962723, "target": 14, "value": 44.0, "supply": [{"l": "Cereals, Other", "v": 3.0}, {"l": "Rye", "v": 3.0}, {"l": "Wheat", "v": 22.0}, {"l": "Oats", "v": 1.0}, {"l": "Barley", "v": 15.0}]}, {"source": 15, "prod": 2.4495687526260084, "target": 10, "value": 508.0, "supply": [{"l": "Alcohol, Non-Food", "v": 14.0}, {"l": "Sugar", "v": 234.0}, {"l": "Beer", "v": 26.0}, {"l": "Beverages, Alcoholic", "v": 12.0}, {"l": "Fats, Animals, Raw", "v": 13.0}, {"l": "Soyabean Oil", "v": 33.0}, {"l": "Palm Oil", "v": 10.0}, {"l": "Sunflowerseed Oil", "v": 38.0}, {"l": "Olive Oil", "v": 1.0}, {"l": "Coconut Oil", "v": 1.0}, {"l": "Rape and Mustard Oil", "v": 27.0}, {"l": "Oilcrops Oil, Other", "v": 6.0}, {"l": "Wine", "v": 18.0}, {"l": "Sweeteners, Other", "v": 50.0}, {"l": "Beverages, Fermented", "v": 24.0}, {"l": "Cream", "v": 1.0}]}, {"source": 15, "prod": 0.86823471741406333, "target": 2, "value": 265.0, "supply": [{"l": "Maize", "v": 39.0}, {"l": "Rye", "v": 20.0}, {"l": "Barley", "v": 36.0}, {"l": "Rice", "v": 14.0}, {"l": "Cereals, Other", "v": 13.0}, {"l": "Wheat", "v": 140.0}, {"l": "Oats", "v": 3.0}]}, {"source": 15, "prod": 0.13010189944259723, "target": 3, "value": 69.0, "supply": [{"l": "Olives", "v": 1.0}, {"l": "Sunflower seed", "v": 5.0}, {"l": "Coconuts - Incl Copra", "v": 3.0}, {"l": "Groundnuts", "v": 5.0}, {"l": "Oilcrops, Other", "v": 40.0}, {"l": "Soyabeans", "v": 1.0}, {"l": "Rape and Mustardseed", "v": 14.0}]}, {"source": 15, "prod": 0.4413735407529748, "target": 4, "value": 682.0, "supply": [{"l": "Vegetables, Other", "v": 96.0}, {"l": "Nuts", "v": 8.0}, {"l": "Grapefruit", "v": 8.0}, {"l": "Tomatoes", "v": 52.0}, {"l": "Coffee", "v": 24.0}, {"l": "Treenuts", "v": 8.0}, {"l": "Cocoa Beans", "v": 17.0}, {"l": "Peas", "v": 2.0}, {"l": "Grapes", "v": 29.0}, {"l": "Dates", "v": 1.0}, {"l": "Potatoes", "v": 93.0}, {"l": "Beans", "v": 1.0}, {"l": "Apples", "v": 152.0}, {"l": "Lemons, Limes", "v": 5.0}, {"l": "Pineapples", "v": 5.0}, {"l": "Bananas", "v": 20.0}, {"l": "Spices, Other", "v": 1.0}, {"l": "Tea", "v": 1.0}, {"l": "Fruits, Other", "v": 61.0}, {"l": "Infant food", "v": 1.0}, {"l": "Oranges, Mandarines", "v": 69.0}, {"l": "Onions", "v": 28.0}]}, {"source": 15, "prod": 0.61918998764486999, "target": 1, "value": 582.0, "supply": [{"l": "Freshwater Fish", "v": 15.0}, {"l": "Pigmeat", "v": 51.0}, {"l": "Meat, Other", "v": 1.0}, {"l": "Crustaceans", "v": 1.0}, {"l": "Eggs", "v": 2.0}, {"l": "Demersal Fish", "v": 42.0}, {"l": "Milk - Excluding Butter", "v": 162.0}, {"l": "Pelagic Fish", "v": 101.0}, {"l": "Fish, Seafood", "v": 160.0}, {"l": "Molluscs, Other", "v": 1.0}, {"l": "Poultry Meat", "v": 34.0}, {"l": "Offals, Edible", "v": 7.0}, {"l": "Bovine Meat", "v": 5.0}]}, {"source": 7, "prod": 0.26691303135654287, "target": 16, "value": 92.0, "supply": [{"l": "Alcohol, Non-Food", "v": 7.0}, {"l": "Beer", "v": 13.0}, {"l": "Beverages, Alcoholic", "v": 5.0}, {"l": "Fats, Animals, Raw", "v": 5.0}, {"l": "Butter, Ghee", "v": 12.0}, {"l": "Wine", "v": 15.0}, {"l": "Beverages, Fermented", "v": 2.0}, {"l": "Cream", "v": 33.0}]}, {"source": 0, "prod": 0.50327864585692195, "target": 16, "value": 814.0, "supply": [{"l": "Meat, Other", "v": 1.0}, {"l": "Eggs", "v": 17.0}, {"l": "Pigmeat", "v": 7.0}, {"l": "Milk - Excluding Butter", "v": 741.0}, {"l": "Bovine Meat", "v": 28.0}, {"l": "Poultry Meat", "v": 16.0}, {"l": "Offals, Edible", "v": 4.0}]}, {"source": 2, "prod": 2.7051347612044525, "target": 16, "value": 867.0, "supply": [{"l": "Maize", "v": 12.0}, {"l": "Rye", "v": 12.0}, {"l": "Barley", "v": 369.0}, {"l": "Rice", "v": 2.0}, {"l": "Cereals, Other", "v": 3.0}, {"l": "Wheat", "v": 466.0}, {"l": "Oats", "v": 3.0}]}, {"source": 3, "prod": 0.11948935779622225, "target": 16, "value": 72.0, "supply": [{"l": "Sunflower seed", "v": 1.0}, {"l": "Coconuts - Incl Copra", "v": 1.0}, {"l": "Groundnuts", "v": 2.0}, {"l": "Oilcrops, Other", "v": 2.0}, {"l": "Rape and Mustardseed", "v": 66.0}]}, {"source": 4, "prod": 0.18192670535153471, "target": 16, "value": 244.0, "supply": [{"l": "Vegetables, Other", "v": 56.0}, {"l": "Nuts", "v": 3.0}, {"l": "Grapefruit", "v": 1.0}, {"l": "Tomatoes", "v": 17.0}, {"l": "Coffee", "v": 8.0}, {"l": "Treenuts", "v": 3.0}, {"l": "Cocoa Beans", "v": 17.0}, {"l": "Peas", "v": 2.0}, {"l": "Grapes", "v": 11.0}, {"l": "Potatoes", "v": 5.0}, {"l": "Apples", "v": 47.0}, {"l": "Lemons, Limes", "v": 1.0}, {"l": "Pineapples", "v": 1.0}, {"l": "Bananas", "v": 6.0}, {"l": "Spices, Other", "v": 1.0}, {"l": "Fruits, Other", "v": 40.0}, {"l": "Infant food", "v": 1.0}, {"l": "Oranges, Mandarines", "v": 11.0}, {"l": "Onions", "v": 13.0}]}, {"source": 11, "prod": 0.0011622222200000001, "target": 16, "value": 1.0, "supply": [{"l": "Sugar beet", "v": 1.0}]}, {"source": 5, "prod": 0.28237412869612705, "target": 16, "value": 83.0, "supply": [{"l": "Sugar", "v": 53.0}, {"l": "Sweeteners, Other", "v": 30.0}]}, {"source": 6, "prod": 0.33287386561398385, "target": 16, "value": 296.0, "supply": [{"l": "Crustaceans", "v": 1.0}, {"l": "Demersal Fish", "v": 31.0}, {"l": "Freshwater Fish", "v": 11.0}, {"l": "Pelagic Fish", "v": 105.0}, {"l": "Fish, Seafood", "v": 148.0}]}, {"source": 9, "prod": 0.41343628078394984, "target": 16, "value": 40.0, "supply": [{"l": "Soyabean Oil", "v": 12.0}, {"l": "Palm Oil", "v": 1.0}, {"l": "Sunflowerseed Oil", "v": 14.0}, {"l": "Rape and Mustard Oil", "v": 12.0}, {"l": "Oilcrops Oil, Other", "v": 1.0}]}, {"source": 17, "prod": 0.15762410449289455, "target": 4, "value": 207.0, "supply": [{"l": "Potatoes", "v": 197.0}, {"l": "Fruits, Other", "v": 9.0}, {"l": "Grapes", "v": 1.0}]}, {"source": 0, "prod": 0.0069766673542871237, "target": 18, "value": 5.0, "supply": [{"l": "Eggs", "v": 1.0}, {"l": "Offals, Edible", "v": 4.0}]}, {"source": 17, "prod": 0.020792734685270195, "target": 1, "value": 14.0, "supply": [{"l": "Fish, Seafood", "v": 4.0}, {"l": "Pigmeat", "v": 3.0}, {"l": "Bovine Meat", "v": 3.0}, {"l": "Demersal Fish", "v": 4.0}]}, {"source": 4, "prod": 0.0054531462757055789, "target": 18, "value": 8.0, "supply": [{"l": "Cocoa Beans", "v": 1.0}, {"l": "Vegetables, Other", "v": 6.0}, {"l": "Pineapples", "v": 1.0}]}, {"source": 3, "prod": 0.045482321341607151, "target": 18, "value": 30.0, "supply": [{"l": "Rape and Mustardseed", "v": 30.0}]}, {"source": 17, "prod": 0.036115635519911732, "target": 10, "value": 5.0, "supply": [{"l": "Sweeteners, Other", "v": 1.0}, {"l": "Butter, Ghee", "v": 4.0}]}, {"source": 11, "prod": 0.018595555520000001, "target": 18, "value": 16.0, "supply": [{"l": "Sugar beet", "v": 16.0}]}, {"source": 5, "prod": 0.34355018538962795, "target": 18, "value": 87.0, "supply": [{"l": "Sugar", "v": 87.0}]}, {"source": 17, "prod": 0.92814906823692667, "target": 2, "value": 297.0, "supply": [{"l": "Rye", "v": 11.0}, {"l": "Wheat", "v": 164.0}, {"l": "Barley", "v": 122.0}]}, {"source": 19, "prod": 5.7951327302699696, "target": 2, "value": 1859.0, "supply": [{"l": "Maize", "v": 5.0}, {"l": "Rye", "v": 90.0}, {"l": "Barley", "v": 744.0}, {"l": "Cereals, Other", "v": 147.0}, {"l": "Wheat", "v": 810.0}, {"l": "Oats", "v": 63.0}]}, {"source": 19, "prod": 0.26076530902521433, "target": 3, "value": 172.0, "supply": [{"l": "Rape and Mustardseed", "v": 171.0}, {"l": "Oilcrops, Other", "v": 1.0}]}, {"source": 19, "prod": 0.69225820870833277, "target": 4, "value": 851.0, "supply": [{"l": "Fruits, Other", "v": 27.0}, {"l": "Tomatoes", "v": 1.0}, {"l": "Vegetables, Other", "v": 218.0}, {"l": "Peas", "v": 16.0}, {"l": "Potatoes", "v": 457.0}, {"l": "Beans", "v": 3.0}, {"l": "Apples", "v": 99.0}, {"l": "Spices, Other", "v": 1.0}, {"l": "Pulses, Other", "v": 17.0}, {"l": "Onions", "v": 12.0}]}, {"source": 19, "prod": 0.83331333174000011, "target": 11, "value": 717.0, "supply": [{"l": "Sugar beet", "v": 717.0}]}, {"source": 1, "prod": 0.72778545908328329, "target": 6, "value": 642.0, "supply": [{"l": "Pelagic Fish", "v": 237.0}, {"l": "Crustaceans", "v": 5.0}, {"l": "Freshwater Fish", "v": 19.0}, {"l": "Molluscs, Other", "v": 1.0}, {"l": "Demersal Fish", "v": 59.0}, {"l": "Fish, Seafood", "v": 321.0}]}, {"source": 1, "prod": 1.7682880492492898, "target": 0, "value": 2455.0, "supply": [{"l": "Poultry Meat", "v": 100.0}, {"l": "Pigmeat", "v": 160.0}, {"l": "Bovine Meat", "v": 56.0}, {"l": "Eggs", "v": 59.0}, {"l": "Milk - Excluding Butter", "v": 2053.0}, {"l": "Offals, Edible", "v": 28.0}, {"l": "Meat, Other", "v": 1.0}, {"l": "Mutton & Goat Meat", "v": 1.0}]}, {"source": 10, "prod": 0.9910396659109052, "target": 7, "value": 537.0, "supply": [{"l": "Fats, Animals, Raw", "v": 40.0}, {"l": "Alcohol, Non-Food", "v": 17.0}, {"l": "Beverages, Fermented", "v": 24.0}, {"l": "Beer", "v": 320.0}, {"l": "Beverages, Alcoholic", "v": 53.0}, {"l": "Cream", "v": 42.0}, {"l": "Butter, Ghee", "v": 16.0}, {"l": "Wine", "v": 25.0}]}, {"source": 10, "prod": 1.2734353439611206, "target": 9, "value": 124.0, "supply": [{"l": "Soyabean Oil", "v": 32.0}, {"l": "Coconut Oil", "v": 1.0}, {"l": "Rape and Mustard Oil", "v": 34.0}, {"l": "Palm Oil", "v": 10.0}, {"l": "Oilcrops Oil, Other", "v": 7.0}, {"l": "Sunflowerseed Oil", "v": 40.0}]}, {"source": 10, "prod": 1.553632755963019, "target": 5, "value": 426.0, "supply": [{"l": "Honey", "v": 1.0}, {"l": "Sweeteners, Other", "v": 85.0}, {"l": "Sugar", "v": 340.0}]}]}