{"nodes": [{"layer": 5, "name": "Fruits, Roots & Vegetables", "fill": "#98df8a"}, {"layer": 10, "name": "Feed", "fill": "#dbdb8d"}, {"layer": 5, "name": "Sugar Crops", "fill": "#ffbb78"}, {"layer": 13, "name": "Animal Products", "fill": "#17becf"}, {"layer": 5, "name": "Cereals", "fill": "#e7ba52"}, {"layer": 13, "name": "Other Processed", "fill": "#9c9ede"}, {"layer": 16, "name": "Food", "fill": "#b5cf6b"}, {"layer": 5, "name": "Oilcrops", "fill": "#ff9896"}, {"layer": 13, "name": "Sugar", "fill": "#d6616b"}, {"layer": 13, "name": "Aquatic Products", "fill": "#1f77b4"}, {"layer": 13, "name": "Vegetable Oils", "fill": "#f7b6d2"}, {"layer": 10, "name": "Processing", "fill": "#9edae5"}, {"layer": 16, "name": "Biofuels & Other", "fill": "#e7ba52"}, {"name": "Waste", "fill": "#c7c7c7"}, {"layer": 2, "name": "Import", "fill": "#aec7e8"}, {"layer": 16, "name": "Export", "fill": "#aec7e8"}, {"layer": 0, "name": "Stock Draw", "fill": "#c7c7c7"}, {"layer": 16, "name": "Stock Deposit", "fill": "#c7c7c7"}, {"name": "Crop Residue", "fill": "#bd9e39"}, {"layer": 2, "name": "Electricity", "fill": "#bcbd22"}, {"layer": 0, "name": "Fossil Fuels", "fill": "#c49c94"}, {"layer": 0, "name": "Renewables & Nuclear", "fill": "#2ca02c"}, {"layer": 2, "name": "Fertilizers", "fill": "#c5b0d5"}, {"layer": 0, "name": "Labor", "fill": "#7f7f7f"}], "links": [{"source": 0, "prod": 54.0, "target": 1, "value": 0.22081875645851834, "supply": [{"l": "Pulses, Other", "v": 0.22081875645851834}]}, {"source": 2, "prod": 623.0, "target": 1, "value": 0.20163505476339202, "supply": [{"l": "Sugar cane", "v": 0.20163505476339202}]}, {"source": 3, "prod": 191.0, "target": 1, "value": 0.098295588369957568, "supply": [{"l": "Milk - Excluding Butter", "v": 0.098295588369957568}]}, {"source": 4, "prod": 1264.0, "target": 1, "value": 4.7294993917723493, "supply": [{"l": "Maize", "v": 1.7096787364158104}, {"l": "Wheat", "v": 0.88271723980690597}, {"l": "Barley", "v": 0.28653862445212502}, {"l": "Rice", "v": 0.15176651617941006}, {"l": "Sorghum", "v": 1.6987982749180981}]}, {"source": 5, "prod": 93.0, "target": 6, "value": 0.58836034558570049, "supply": [{"l": "Beer", "v": 0.013938860669865674}, {"l": "Beverages, Alcoholic", "v": 0.0068838107976486483}, {"l": "Butter, Ghee", "v": 0.35103022368778852}, {"l": "Fats, Animals, Raw", "v": 0.21524028127859157}, {"l": "Wine", "v": 0.0012671691518059702}]}, {"source": 3, "prod": 1387.0, "target": 6, "value": 1.3168367667101941, "supply": [{"l": "Mutton & Goat Meat", "v": 0.15368034991712659}, {"l": "Pigmeat", "v": 0.0026782439486119874}, {"l": "Poultry Meat", "v": 0.15424200800070817}, {"l": "Eggs", "v": 0.070179710887318544}, {"l": "Milk - Excluding Butter", "v": 0.48941939549649033}, {"l": "Meat, Other", "v": 0.055445115540244894}, {"l": "Offals, Edible", "v": 0.042049693315825476}, {"l": "Bovine Meat", "v": 0.34914224960386808}]}, {"source": 4, "prod": 5646.0, "target": 6, "value": 21.097054028231373, "supply": [{"l": "Maize", "v": 6.528961386359672}, {"l": "Barley", "v": 0.028300111057000001}, {"l": "Rice", "v": 3.4817024299982307}, {"l": "Wheat", "v": 10.025630804422281}, {"l": "Sorghum", "v": 1.0324592963941888}]}, {"source": 7, "prod": 47.0, "target": 6, "value": 0.28523834907923584, "supply": [{"l": "Olives", "v": 0.014857558304925}, {"l": "Coconuts - Incl Copra", "v": 0.0015297357328108107}, {"l": "Sesame seed", "v": 0.12735049975650001}, {"l": "Groundnuts", "v": 0.141500555285}]}, {"source": 0, "prod": 6440.0, "target": 6, "value": 4.0704612167033911, "supply": [{"l": "Roots, Other", "v": 0.028300111057000001}, {"l": "Nuts", "v": 0.005992964694423529}, {"l": "Tomatoes", "v": 0.25175766627487611}, {"l": "Coffee", "v": 0.0019517317970344826}, {"l": "Treenuts", "v": 0.005992964694423529}, {"l": "Vegetables, Other", "v": 0.76902368405065502}, {"l": "Peas", "v": 0.0078276902923617026}, {"l": "Grapes", "v": 0.084349032306253249}, {"l": "Pimento", "v": 0.083737314908383584}, {"l": "Dates", "v": 0.53048463209530872}, {"l": "Cocoa Beans", "v": 0.0021769316197692307}, {"l": "Potatoes", "v": 0.16777233073723211}, {"l": "Beans", "v": 0.025839231834652178}, {"l": "Apples", "v": 0.0034485628560754363}, {"l": "Lemons, Limes", "v": 0.013994560412802197}, {"l": "Bananas", "v": 0.055865154294337666}, {"l": "Spices, Other", "v": 0.004994137245352942}, {"l": "Tea", "v": 0.014150055528500001}, {"l": "Fruits, Other", "v": 0.083702142985118966}, {"l": "Sweet potatoes", "v": 0.069767634897465278}, {"l": "Oranges, Mandarines", "v": 0.16768094711696846}, {"l": "Onions", "v": 0.22361592817832129}, {"l": "Pulses, Other", "v": 1.4680358068260757}]}, {"source": 2, "prod": 1080.0, "target": 6, "value": 0.34954391515965233, "supply": [{"l": "Sugar cane", "v": 0.34954391515965233}]}, {"source": 8, "prod": 493.0, "target": 6, "value": 1.9582034434284441, "supply": [{"l": "Sugar", "v": 1.6953535280084062}, {"l": "Sweeteners, Other", "v": 0.25072129639560936}, {"l": "Honey", "v": 0.012128619024428572}]}, {"source": 9, "prod": 270.0, "target": 6, "value": 0.19735673960295738, "supply": [{"l": "Freshwater Fish", "v": 0.056080954021211014}, {"l": "Crustaceans", "v": 0.0034653197212653059}, {"l": "Marine Fish, Other", "v": 0.028087328267097745}, {"l": "Fish, Seafood", "v": 0.097842457129993912}, {"l": "Cephalopods", "v": 0.00072475894170365856}, {"l": "Pelagic Fish", "v": 0.0045022903954318192}, {"l": "Demersal Fish", "v": 0.0066536311262539198}]}, {"source": 10, "prod": 201.0, "target": 6, "value": 2.0764265877446131, "supply": [{"l": "Soyabean Oil", "v": 0.169800666342}, {"l": "Sunflowerseed Oil", "v": 0.12735049975650001}, {"l": "Coconut Oil", "v": 0.0169800666342}, {"l": "Cottonseed Oil", "v": 1.7622953550119131}]}, {"source": 0, "prod": 5.0, "target": 11, "value": 0.0041347564856006498, "supply": [{"l": "Grapes", "v": 0.0041347564856006498}]}, {"source": 2, "prod": 3365.0, "target": 11, "value": 1.0890882171409537, "supply": [{"l": "Sugar cane", "v": 1.0890882171409537}]}, {"source": 4, "prod": 51.0, "target": 11, "value": 0.20224989067795346, "supply": [{"l": "Maize", "v": 0.18102480738520346}, {"l": "Barley", "v": 0.02122508329275}]}, {"source": 7, "prod": 740.0, "target": 11, "value": 4.9821671703680472, "supply": [{"l": "Cottonseed", "v": 4.9457813132947619}, {"l": "Oilcrops, Other", "v": 0.036385857073285718}]}, {"source": 8, "prod": 35.0, "target": 11, "value": 0.13928960910867189, "supply": [{"l": "Sugar", "v": 0.13928960910867189}]}, {"source": 5, "prod": 77.0, "target": 12, "value": 0.57450733635869122, "supply": [{"l": "Beverages, Alcoholic", "v": 0.072280013375310814}, {"l": "Fats, Animals, Raw", "v": 0.50222732298338035}]}, {"source": 10, "prod": 7.0, "target": 12, "value": 0.07413443109620918, "supply": [{"l": "Palm Oil", "v": 0.010459181217959176}, {"l": "Oilcrops Oil, Other", "v": 0.063675249878250004}]}, {"source": 4, "prod": 57.0, "target": 12, "value": 0.24958167742055223, "supply": [{"l": "Maize", "v": 0.044250508471938621}, {"l": "Rice", "v": 0.20533116894861361}]}, {"source": 7, "prod": 1.0, "target": 12, "value": 0.0060643095122142861, "supply": [{"l": "Oilcrops, Other", "v": 0.0060643095122142861}]}, {"source": 0, "prod": 78.0, "target": 0, "value": 0.16466473634068593, "supply": [{"l": "Potatoes", "v": 0.036510040885822527}, {"l": "Roots, Other", "v": 0.002927597695551724}, {"l": "Sweet potatoes", "v": 0.0029479282351041669}, {"l": "Beans", "v": 0.0036913188335217393}, {"l": "Pulses, Other", "v": 0.11858785069068578}]}, {"source": 2, "prod": 69.0, "target": 2, "value": 0.022331972357422233, "supply": [{"l": "Sugar cane", "v": 0.022331972357422233}]}, {"source": 3, "prod": 7.0, "target": 3, "value": 0.011981901858810484, "supply": [{"l": "Eggs", "v": 0.011981901858810484}]}, {"source": 4, "prod": 192.0, "target": 4, "value": 0.72315558396841129, "supply": [{"l": "Maize", "v": 0.2091842218673462}, {"l": "Wheat", "v": 0.31913623285326598}, {"l": "Barley", "v": 0.024762597174875004}, {"l": "Rice", "v": 0.15176651617941006}, {"l": "Sorghum", "v": 0.018306015893513983}]}, {"source": 7, "prod": 47.0, "target": 7, "value": 0.31534409463514279, "supply": [{"l": "Cottonseed", "v": 0.29647735393047614}, {"l": "Groundnuts", "v": 0.0067381216802380947}, {"l": "Oilcrops, Other", "v": 0.012128619024428572}]}, {"source": 0, "prod": 737.0, "target": 13, "value": 0.40460291348969374, "supply": [{"l": "Dates", "v": 0.059544193398453016}, {"l": "Roots, Other", "v": 0.0039034635940689653}, {"l": "Grapes", "v": 0.0099234155654415596}, {"l": "Potatoes", "v": 0.030425034071518774}, {"l": "Pimento", "v": 0.0034890547878493154}, {"l": "Fruits, Other", "v": 0.0097566915136028248}, {"l": "Apples", "v": 0.00057476047601257257}, {"l": "Tomatoes", "v": 0.028132789787649284}, {"l": "Lemons, Limes", "v": 0.001632698714826923}, {"l": "Bananas", "v": 0.0066156103769610388}, {"l": "Vegetables, Other", "v": 0.086050302804114936}, {"l": "Sweet potatoes", "v": 0.0078611419602777795}, {"l": "Oranges, Mandarines", "v": 0.019077473025283839}, {"l": "Pulses, Other", "v": 0.10223090576783257}, {"l": "Onions", "v": 0.035385377645800291}]}, {"source": 2, "prod": 52.0, "target": 13, "value": 0.016829892211390668, "supply": [{"l": "Sugar cane", "v": 0.016829892211390668}]}, {"source": 3, "prod": 60.0, "target": 13, "value": 0.03327232265390305, "supply": [{"l": "Milk - Excluding Butter", "v": 0.029848922122814342}, {"l": "Eggs", "v": 0.00342340053108871}]}, {"source": 4, "prod": 581.0, "target": 13, "value": 2.2106759528123479, "supply": [{"l": "Maize", "v": 0.93730622490560889}, {"l": "Rice", "v": 0.30353303235882012}, {"l": "Sorghum", "v": 0.25262301933049303}, {"l": "Wheat", "v": 0.69598859292467585}, {"l": "Barley", "v": 0.02122508329275}]}, {"source": 7, "prod": 10.0, "target": 13, "value": 0.067718122886392854, "supply": [{"l": "Cottonseed", "v": 0.053904973441904758}, {"l": "Sesame seed", "v": 0.0070750277642500003}, {"l": "Groundnuts", "v": 0.0067381216802380947}]}, {"source": 14, "prod": 377.0, "target": 11, "value": 2.1234732909544261, "supply": [{"l": "Coconut Oil", "v": 0.0169800666342}, {"l": "Sugar", "v": 1.0466619198737344}, {"l": "Cottonseed Oil", "v": 0.10305820789543352}, {"l": "Beverages, Alcoholic", "v": 0.0034419053988243241}, {"l": "Fats, Animals, Raw", "v": 0.64572084383577477}, {"l": "Soyabean Oil", "v": 0.169800666342}, {"l": "Palm Oil", "v": 0.010459181217959176}, {"l": "Sunflowerseed Oil", "v": 0.12735049975650001}]}, {"source": 14, "prod": 2342.0, "target": 4, "value": 8.056119405817622, "supply": [{"l": "Maize", "v": 0.66778040057652821}, {"l": "Barley", "v": 0.0035375138821250002}, {"l": "Sorghum", "v": 0.0073224063574055939}, {"l": "Wheat", "v": 7.3774790850015632}]}, {"source": 14, "prod": 9.0, "target": 7, "value": 0.057793051762798912, "supply": [{"l": "Cottonseed", "v": 0.0067381216802380947}, {"l": "Coconuts - Incl Copra", "v": 0.0015297357328108107}, {"l": "Sesame seed", "v": 0.049525194349750008}]}, {"source": 14, "prod": 74.0, "target": 0, "value": 0.077074116927851377, "supply": [{"l": "Dates", "v": 0.018043694969228186}, {"l": "Cocoa Beans", "v": 0.0021769316197692307}, {"l": "Potatoes", "v": 0.019124307130668941}, {"l": "Tomatoes", "v": 0.00020534883056678313}, {"l": "Coffee", "v": 0.002927597695551724}, {"l": "Tea", "v": 0.014150055528500001}, {"l": "Pulses, Other", "v": 0.020446181153566511}]}, {"source": 14, "prod": 140.0, "target": 1, "value": 0.14213396755279645, "supply": [{"l": "Milk - Excluding Butter", "v": 0.017497644003029098}, {"l": "Fish, Seafood", "v": 0.02681608084303537}, {"l": "Mutton & Goat Meat", "v": 0.044330870168401898}, {"l": "Pelagic Fish", "v": 0.0011255725988579548}, {"l": "Marine Fish, Other", "v": 0.022980541309443613}, {"l": "Bovine Meat", "v": 0.029383258630028504}]}, {"source": 5, "prod": 2.0, "target": 15, "value": 0.0040754899747273091, "supply": [{"l": "Beverages, Alcoholic", "v": 0.0034419053988243241}, {"l": "Wine", "v": 0.0006335845759029851}]}, {"source": 3, "prod": 2.0, "target": 15, "value": 0.0010292731766487705, "supply": [{"l": "Milk - Excluding Butter", "v": 0.0010292731766487705}]}, {"source": 4, "prod": 370.0, "target": 15, "value": 1.619347493745164, "supply": [{"l": "Maize", "v": 0.0080455469948979303}, {"l": "Barley", "v": 0.017687569410625003}, {"l": "Rice", "v": 1.5087377196659}, {"l": "Wheat", "v": 0.084876657673740946}]}, {"source": 7, "prod": 6.0, "target": 15, "value": 0.040428730081428575, "supply": [{"l": "Groundnuts", "v": 0.040428730081428575}]}, {"source": 0, "prod": 312.0, "target": 15, "value": 0.25417869958586514, "supply": [{"l": "Potatoes", "v": 0.066935074957341301}, {"l": "Fruits, Other", "v": 0.0056486108762963715}, {"l": "Tomatoes", "v": 0.0010267441528339155}, {"l": "Bananas", "v": 0.00073506781966233762}, {"l": "Vegetables, Other", "v": 0.010858082372758983}, {"l": "Oranges, Mandarines", "v": 0.0026775400737240472}, {"l": "Onions", "v": 0.072245146026842261}, {"l": "Pulses, Other", "v": 0.094052433306405947}]}, {"source": 2, "prod": 1.0, "target": 15, "value": 0.0003236517732959744, "supply": [{"l": "Sugar beet", "v": 0.0003236517732959744}]}, {"source": 8, "prod": 7.0, "target": 15, "value": 0.027857921821734376, "supply": [{"l": "Sugar", "v": 0.02387821870434375}, {"l": "Sweeteners, Other", "v": 0.0039797031173906252}]}, {"source": 9, "prod": 4.0, "target": 15, "value": 0.0029541961834304103, "supply": [{"l": "Fish, Seafood", "v": 0.0014495178834073171}, {"l": "Crustaceans", "v": 0.00086632993031632646}, {"l": "Marine Fish, Other", "v": 0.000638348369706767}]}, {"source": 10, "prod": 1.0, "target": 15, "value": 0.010305820789543351, "supply": [{"l": "Cottonseed Oil", "v": 0.010305820789543351}]}, {"source": 16, "prod": 11.0, "target": 0, "value": 0.044583681140654759, "supply": [{"l": "Beans", "v": 0.0036913188335217393}, {"l": "Pulses, Other", "v": 0.040892362307133022}]}, {"source": 5, "prod": 6.0, "target": 17, "value": 0.00380150745541791, "supply": [{"l": "Beer", "v": 0.00380150745541791}]}, {"source": 4, "prod": 290.0, "target": 17, "value": 1.0893707824604204, "supply": [{"l": "Maize", "v": 0.60341602461734478}, {"l": "Wheat", "v": 0.33950663069496378}, {"l": "Sorghum", "v": 0.14644812714811187}]}, {"source": 0, "prod": 55.0, "target": 17, "value": 0.026363400997168811, "supply": [{"l": "Coffee", "v": 0.00097586589851724132}, {"l": "Onions", "v": 0.024573178920694647}, {"l": "Vegetables, Other", "v": 0.00081435617795692363}]}, {"source": 7, "prod": 35.0, "target": 17, "value": 0.23583425880833331, "supply": [{"l": "Cottonseed", "v": 0.23583425880833331}]}, {"source": 16, "prod": 33.0, "target": 11, "value": 0.34101224862542556, "supply": [{"l": "Cottonseed Oil", "v": 0.30917462368630055}, {"l": "Oilcrops Oil, Other", "v": 0.031837624939125002}]}, {"source": 8, "prod": 163.0, "target": 17, "value": 0.64869160813467186, "supply": [{"l": "Sugar", "v": 0.64869160813467186}]}, {"source": 16, "prod": 190.0, "target": 4, "value": 0.83884493035930319, "supply": [{"l": "Barley", "v": 0.035375138821250006}, {"l": "Rice", "v": 0.8034697915380532}]}, {"source": 1, "prod": 274.0, "target": 9, "value": 0.20031093578638778, "supply": [{"l": "Pelagic Fish", "v": 0.0045022903954318192}, {"l": "Crustaceans", "v": 0.0043316496515816323}, {"l": "Freshwater Fish", "v": 0.056080954021211014}, {"l": "Marine Fish, Other", "v": 0.02872567663680451}, {"l": "Fish, Seafood", "v": 0.099291975013401229}, {"l": "Demersal Fish", "v": 0.0066536311262539198}, {"l": "Cephalopods", "v": 0.00072475894170365856}]}, {"source": 1, "prod": 1640.0, "target": 3, "value": 1.4494339509107037, "supply": [{"l": "Poultry Meat", "v": 0.15424200800070817}, {"l": "Pigmeat", "v": 0.0026782439486119874}, {"l": "Bovine Meat", "v": 0.34914224960386808}, {"l": "Eggs", "v": 0.085585013277217736}, {"l": "Milk - Excluding Butter", "v": 0.61859317916591106}, {"l": "Offals, Edible", "v": 0.042049693315825476}, {"l": "Meat, Other", "v": 0.055445115540244894}, {"l": "Mutton & Goat Meat", "v": 0.15368034991712659}]}, {"source": 11, "prod": 178.0, "target": 5, "value": 1.1707446793745369, "supply": [{"l": "Fats, Animals, Raw", "v": 0.71746760426197187}, {"l": "Beer", "v": 0.017740368125283585}, {"l": "Beverages, Alcoholic", "v": 0.08260572957178379}, {"l": "Butter, Ghee", "v": 0.35103022368778852}, {"l": "Wine", "v": 0.0019007537277089554}]}, {"source": 11, "prod": 209.0, "target": 10, "value": 2.1608668396303656, "supply": [{"l": "Soyabean Oil", "v": 0.169800666342}, {"l": "Coconut Oil", "v": 0.0169800666342}, {"l": "Palm Oil", "v": 0.010459181217959176}, {"l": "Cottonseed Oil", "v": 1.7726011758014566}, {"l": "Oilcrops Oil, Other", "v": 0.063675249878250004}, {"l": "Sunflowerseed Oil", "v": 0.12735049975650001}]}, {"source": 11, "prod": 698.0, "target": 8, "value": 2.7740425824935224, "supply": [{"l": "Honey", "v": 0.012128619024428572}, {"l": "Sweeteners, Other", "v": 0.25470099951299996}, {"l": "Sugar", "v": 2.5072129639560936}]}, {"source": 0, "prod": 7637.0, "target": 18, "value": 22.693044298038217, "supply": [{"l": "Roots, Other", "v": 0.061888333215000001}, {"l": "Tomatoes", "v": 4.7662733242200011}, {"l": "Vegetables, Other", "v": 11.13292664538}, {"l": "Peas", "v": 0.05314899911035461}, {"l": "Potatoes", "v": 0.58488833221500003}, {"l": "Beans", "v": 0.026149999949999999}, {"l": "Pulses, Other", "v": 1.6823166634500002}, {"l": "Sweet potatoes", "v": 0.14382499972499999}, {"l": "Onions", "v": 2.5243466618400001}]}, {"source": 2, "prod": 2076.0, "target": 18, "value": 7.2383199861600023, "supply": [{"l": "Sugar beet", "v": 0.0013946666640000003}, {"l": "Sugar cane", "v": 7.2369253194960024}]}, {"source": 4, "prod": 14372.0, "target": 18, "value": 52.333781746417323, "supply": [{"l": "Maize", "v": 17.143939967220003}, {"l": "Barley", "v": 0.74963333189999992}, {"l": "Rice", "v": 8.4342466505400004}, {"l": "Wheat", "v": 17.788973299319998}, {"l": "Sorghum", "v": 5.9935799885400005}]}, {"source": 7, "prod": 880.5, "target": 18, "value": 3.0514208779493268, "supply": [{"l": "Olives", "v": 0.02440666662}, {"l": "Coconuts - Incl Copra", "v": 0.00039578378302702698}, {"l": "Sesame seed", "v": 0.052299999900000005}, {"l": "Oilcrops, Other", "v": 0.028241999946000008}, {"l": "Cottonseed", "v": 2.8608099945299998}, {"l": "Groundnuts", "v": 0.099369999809999998}]}, {"source": 19, "prod": 0, "target": 0, "value": 0.0087382192038498209, "supply": "[{\"l\":'Energy for power irrigation',\"v\":0.0087382192038498209}]"}, {"source": 19, "prod": 0, "target": 2, "value": 0.0059383734015949425, "supply": "[{\"l\":'Energy for power irrigation',\"v\":0.0059383734015949425}]"}, {"source": 19, "prod": 0, "target": 4, "value": 0.0082221871413990875, "supply": "[{\"l\":'Energy for power irrigation',\"v\":0.0082221871413990875}]"}, {"source": 19, "prod": 0, "target": 7, "value": 0.0010074639268023789, "supply": "[{\"l\":'Energy for power irrigation',\"v\":0.0010074639268023789}]"}, {"source": 19, "prod": 0, "target": 11, "value": 0.27802812105552155, "supply": "[{\"l\":'Electricity',\"v\":0.27802812105552155}]"}, {"source": 20, "prod": 0, "target": 19, "value": 0.28927909196318591, "supply": [{"l": "Coal", "v": 0.0}, {"l": "Natural gas", "v": 0.0}, {"l": "Oil", "v": 0.28927909196318591}]}, {"source": 21, "prod": 0, "target": 19, "value": 0.19200830978315714, "supply": [{"l": "Nuclear", "v": 0.0}, {"l": "Hydroelectric", "v": 0.19200830978315714}, {"l": "Renewable", "v": 0.0}]}, {"source": 20, "prod": 0, "target": 0, "value": 5.8999591768530673, "supply": [{"l": "Gas-Diesel oil", "v": 5.6757191941875407}, {"l": "Fuel oil", "v": 0.22423998266552755}]}, {"source": 20, "prod": 0, "target": 2, "value": 4.0095309844006053, "supply": [{"l": "Gas-Diesel oil", "v": 3.8571405810964174}, {"l": "Fuel oil", "v": 0.15239040330418857}]}, {"source": 20, "prod": 0, "target": 4, "value": 5.5515394323512046, "supply": [{"l": "Gas-Diesel oil", "v": 5.3405418527473714}, {"l": "Fuel oil", "v": 0.21099757960383411}]}, {"source": 20, "prod": 0, "target": 7, "value": 0.68022967856738592, "supply": [{"l": "Gas-Diesel oil", "v": 0.65437616216866956}, {"l": "Fuel oil", "v": 0.025853516398716383}]}, {"source": 22, "prod": 105.22125440926604, "target": 0, "value": 1.70241689153498, "supply": [{"l": "Potash", "v": 0.0017793388903123597}, {"l": "Phosphate", "v": 0.18248175014598539}, {"l": "Nitrogen", "v": 4.4732546008008249}]}, {"source": 22, "prod": 71.506915069279927, "target": 2, "value": 1.1569390686220435, "supply": [{"l": "Potash", "v": 0.0017793388903123597}, {"l": "Phosphate", "v": 0.18248175014598539}, {"l": "Nitrogen", "v": 4.4732546008008249}]}, {"source": 22, "prod": 99.007455045827669, "target": 4, "value": 1.6018813385583826, "supply": [{"l": "Potash", "v": 0.0017793388903123597}, {"l": "Phosphate", "v": 0.18248175014598539}, {"l": "Nitrogen", "v": 4.4732546008008249}]}, {"source": 22, "prod": 12.131375475626392, "target": 7, "value": 0.19627839112171663, "supply": [{"l": "Potash", "v": 0.0017793388903123597}, {"l": "Phosphate", "v": 0.18248175014598539}, {"l": "Nitrogen", "v": 4.4732546008008249}]}, {"source": 20, "prod": 0, "target": 22, "value": 5.4815986890776909, "supply": [{"l": "Natural gas (including LNG)", "v": 3.7411973177863072}, {"l": "Fuel oil", "v": 0.94965884825660085}, {"l": "Liquefied petroleum gas (LPG)", "v": 0.39537126151739155}, {"l": "Coal", "v": 0.39537126151739155}]}, {"source": 23, "prod": 0, "target": 4, "value": 1.01042940697353, "supply": "[{\"l\":'Labor',\"v\":1.01042940697353}]"}, {"source": 23, "prod": 0, "target": 7, "value": 0.12380783368218662, "supply": "[{\"l\":'Labor',\"v\":0.12380783368218662}]"}, {"source": 23, "prod": 0, "target": 0, "value": 1.0738448902110838, "supply": "[{\"l\":'Labor',\"v\":1.0738448902110838}]"}, {"source": 23, "prod": 0, "target": 2, "value": 0.72977019512839136, "supply": "[{\"l\":'Labor',\"v\":0.72977019512839136}]"}, {"source": 20, "prod": 0, "target": 14, "value": 3.0645267858724781, "supply": "[{\"l\":'Fossil Fuels',\"v\":3.0645267858724781}]"}, {"source": 21, "prod": 0, "target": 14, "value": 0.48277123863133642, "supply": "[{\"l\":'Renewables & Nuclear',\"v\":0.19240895824781204},{\"l\":'Biomass & Waste',\"v\":0.29036228038352435}]"}]}