{"nodes": [{"layer": 5, "name": "Maize"}, {"layer": 10, "name": "Feed", "fill": "#dbdb8d"}, {"layer": 5, "name": "Sugar cane"}, {"layer": 13, "name": "Pelagic Fish"}, {"layer": 5, "name": "Wheat"}, {"layer": 13, "name": "Milk - Excluding Butter"}, {"layer": 5, "name": "Barley"}, {"layer": 13, "name": "Fish, Seafood"}, {"layer": 5, "name": "Rice"}, {"layer": 5, "name": "Sorghum"}, {"layer": 5, "name": "Pulses, Other"}, {"layer": 16, "name": "Food", "fill": "#b5cf6b"}, {"layer": 5, "name": "Olives"}, {"layer": 5, "name": "Vegetables, Other"}, {"layer": 5, "name": "Nuts"}, {"layer": 5, "name": "Dates"}, {"layer": 13, "name": "Sugar", "fill": "#d6616b"}, {"layer": 13, "name": "Beer"}, {"layer": 13, "name": "Groundnut Oil"}, {"layer": 13, "name": "Beverages, Alcoholic"}, {"layer": 13, "name": "Honey"}, {"layer": 13, "name": "Butter, Ghee"}, {"layer": 5, "name": "Tomatoes"}, {"layer": 13, "name": "Fats, Animals, Raw"}, {"layer": 5, "name": "Coffee"}, {"layer": 13, "name": "Soyabean Oil"}, {"layer": 5, "name": "Coconuts - Incl Copra"}, {"layer": 5, "name": "Treenuts"}, {"layer": 13, "name": "Crustaceans"}, {"layer": 13, "name": "Eggs"}, {"layer": 5, "name": "Roots, Other"}, {"layer": 5, "name": "Peas"}, {"layer": 5, "name": "Sesame seed"}, {"layer": 13, "name": "Marine Fish, Other"}, {"layer": 5, "name": "Grapes"}, {"layer": 5, "name": "Groundnuts"}, {"layer": 13, "name": "Wine"}, {"layer": 13, "name": "Coconut Oil"}, {"layer": 13, "name": "Olive Oil"}, {"layer": 13, "name": "Pigmeat"}, {"layer": 5, "name": "Cocoa Beans"}, {"layer": 5, "name": "Potatoes"}, {"layer": 13, "name": "Freshwater Fish"}, {"layer": 5, "name": "Pimento"}, {"layer": 5, "name": "Beans"}, {"layer": 5, "name": "Apples"}, {"layer": 13, "name": "Meat, Other"}, {"layer": 5, "name": "Lemons, Limes"}, {"layer": 13, "name": "Cephalopods"}, {"layer": 13, "name": "Mutton & Goat Meat"}, {"layer": 13, "name": "Sweeteners, Other"}, {"layer": 5, "name": "Bananas"}, {"layer": 5, "name": "Spices, Other"}, {"layer": 5, "name": "Tea"}, {"layer": 5, "name": "Fruits, Other"}, {"layer": 13, "name": "Poultry Meat"}, {"layer": 13, "name": "Offals, Edible"}, {"layer": 5, "name": "Sweet potatoes"}, {"layer": 13, "name": "Demersal Fish"}, {"layer": 5, "name": "Oranges, Mandarines"}, {"layer": 13, "name": "Bovine Meat"}, {"layer": 13, "name": "Cottonseed Oil"}, {"layer": 5, "name": "Onions"}, {"layer": 10, "name": "Processing", "fill": "#9edae5"}, {"layer": 5, "name": "Cottonseed"}, {"layer": 5, "name": "Oilcrops, Other"}, {"layer": 16, "name": "Biofuels & Other", "fill": "#e7ba52"}, {"layer": 13, "name": "Palm Oil"}, {"layer": 13, "name": "Oilcrops Oil, Other"}, {"name": "Waste", "fill": "#c7c7c7"}, {"layer": 2, "name": "Import", "fill": "#aec7e8"}, {"layer": 5, "name": "Infant food"}, {"layer": 16, "name": "Export", "fill": "#aec7e8"}, {"layer": 16, "name": "Stock Deposit", "fill": "#c7c7c7"}, {"layer": 0, "name": "Stock Draw", "fill": "#c7c7c7"}, {"layer": 2, "name": "Electricity", "fill": "#bcbd22"}, {"layer": 0, "name": "Fossil Fuels", "fill": "#c49c94"}, {"layer": 0, "name": "Renewables & Nuclear", "fill": "#2ca02c"}, {"layer": 2, "name": "Fertilizers", "fill": "#c5b0d5"}, {"layer": 0, "name": "Labor", "fill": "#7f7f7f"}], "links": [{"source": 0, "prod": 341.0, "target": 1, "value": 1.3717136484591106, "supply": [{"l": "Maize", "v": 1.3717136484591106}]}, {"source": 2, "prod": 636.0, "target": 1, "value": 0.20248729461283499, "supply": [{"l": "Sugar cane", "v": 0.20248729461283499}]}, {"source": 3, "prod": 1.0, "target": 1, "value": 0.00075803868902678576, "supply": [{"l": "Pelagic Fish", "v": 0.00075803868902678576}]}, {"source": 4, "prod": 208.0, "target": 1, "value": 0.70613207944882195, "supply": [{"l": "Wheat", "v": 0.70613207944882195}]}, {"source": 5, "prod": 191.0, "target": 1, "value": 0.095227974370492449, "supply": [{"l": "Milk - Excluding Butter", "v": 0.095227974370492449}]}, {"source": 6, "prod": 112.0, "target": 1, "value": 0.29715116609850001, "supply": [{"l": "Barley", "v": 0.29715116609850001}]}, {"source": 7, "prod": 1.0, "target": 1, "value": 0.00074148762594759832, "supply": [{"l": "Fish, Seafood", "v": 0.00074148762594759832}]}, {"source": 8, "prod": 41.0, "target": 1, "value": 0.1831263273310135, "supply": [{"l": "Rice", "v": 0.1831263273310135}]}, {"source": 9, "prod": 420.0, "target": 1, "value": 1.5318532667607641, "supply": [{"l": "Sorghum", "v": 1.5318532667607641}]}, {"source": 10, "prod": 36.0, "target": 1, "value": 0.14803135014430768, "supply": [{"l": "Pulses, Other", "v": 0.14803135014430768}]}, {"source": 0, "prod": 1497.0, "target": 11, "value": 6.0218631429421938, "supply": [{"l": "Maize", "v": 6.0218631429421938}]}, {"source": 12, "prod": 10.0, "target": 11, "value": 0.01326567705796875, "supply": [{"l": "Olives", "v": 0.01326567705796875}]}, {"source": 13, "prod": 2443.0, "target": 11, "value": 0.64990178941686272, "supply": [{"l": "Vegetables, Other", "v": 0.64990178941686272}]}, {"source": 14, "prod": 3.0, "target": 11, "value": 0.015918812469562501, "supply": [{"l": "Nuts", "v": 0.015918812469562501}]}, {"source": 15, "prod": 378.0, "target": 11, "value": 0.68901773278661271, "supply": [{"l": "Dates", "v": 0.68901773278661271}]}, {"source": 16, "prod": 368.0, "target": 11, "value": 1.5621661303464001, "supply": [{"l": "Sugar", "v": 1.5621661303464001}]}, {"source": 17, "prod": 18.0, "target": 11, "value": 0.01317418962998276, "supply": [{"l": "Beer", "v": 0.01317418962998276}]}, {"source": 18, "prod": 1.0, "target": 11, "value": 0.014150055528500001, "supply": [{"l": "Groundnut Oil", "v": 0.014150055528500001}]}, {"source": 19, "prod": 2.0, "target": 11, "value": 0.014150055528500001, "supply": [{"l": "Beverages, Alcoholic", "v": 0.014150055528500001}]}, {"source": 6, "prod": 10.0, "target": 11, "value": 0.026531354115937499, "supply": [{"l": "Barley", "v": 0.026531354115937499}]}, {"source": 20, "prod": 3.0, "target": 11, "value": 0.012735049975650002, "supply": [{"l": "Honey", "v": 0.012735049975650002}]}, {"source": 8, "prod": 718.0, "target": 11, "value": 3.2069439761870173, "supply": [{"l": "Rice", "v": 3.2069439761870173}]}, {"source": 21, "prod": 42.0, "target": 11, "value": 0.35658139931820004, "supply": [{"l": "Butter, Ghee", "v": 0.35658139931820004}]}, {"source": 22, "prod": 1069.0, "target": 11, "value": 0.22543742763246391, "supply": [{"l": "Tomatoes", "v": 0.22543742763246391}]}, {"source": 23, "prod": 23.0, "target": 11, "value": 0.19790956043239866, "supply": [{"l": "Fats, Animals, Raw", "v": 0.19790956043239866}]}, {"source": 24, "prod": 3.0, "target": 11, "value": 0.0015160773780535715, "supply": [{"l": "Coffee", "v": 0.0015160773780535715}]}, {"source": 4, "prod": 2774.0, "target": 11, "value": 9.4173576364953462, "supply": [{"l": "Wheat", "v": 9.4173576364953462}]}, {"source": 25, "prod": 12.0, "target": 11, "value": 0.13061589718615385, "supply": [{"l": "Soyabean Oil", "v": 0.13061589718615385}]}, {"source": 26, "prod": 3.0, "target": 11, "value": 0.0044597451276595333, "supply": [{"l": "Coconuts - Incl Copra", "v": 0.0044597451276595333}]}, {"source": 27, "prod": 3.0, "target": 11, "value": 0.012735049975650002, "supply": [{"l": "Treenuts", "v": 0.012735049975650002}]}, {"source": 28, "prod": 6.0, "target": 11, "value": 0.0054191702024042557, "supply": [{"l": "Crustaceans", "v": 0.0054191702024042557}]}, {"source": 29, "prod": 36.0, "target": 11, "value": 0.053154991202713039, "supply": [{"l": "Eggs", "v": 0.053154991202713039}]}, {"source": 30, "prod": 25.0, "target": 11, "value": 0.026531354115937499, "supply": [{"l": "Roots, Other", "v": 0.026531354115937499}]}, {"source": 31, "prod": 1.0, "target": 11, "value": 0.0039549844644875777, "supply": [{"l": "Peas", "v": 0.0039549844644875777}]}, {"source": 32, "prod": 24.0, "target": 11, "value": 0.169800666342, "supply": [{"l": "Sesame seed", "v": 0.169800666342}]}, {"source": 33, "prod": 16.0, "target": 11, "value": 0.013061589718615384, "supply": [{"l": "Marine Fish, Other", "v": 0.013061589718615384}]}, {"source": 34, "prod": 79.0, "target": 11, "value": 0.066804047017021917, "supply": [{"l": "Grapes", "v": 0.066804047017021917}]}, {"source": 35, "prod": 24.0, "target": 11, "value": 0.17200586980098706, "supply": [{"l": "Groundnuts", "v": 0.17200586980098706}]}, {"source": 36, "prod": 1.0, "target": 11, "value": 0.0039034635940689661, "supply": [{"l": "Wine", "v": 0.0039034635940689661}]}, {"source": 37, "prod": 1.0, "target": 11, "value": 0.014150055528500001, "supply": [{"l": "Coconut Oil", "v": 0.014150055528500001}]}, {"source": 38, "prod": 1.0, "target": 11, "value": 0.010612541646375, "supply": [{"l": "Olive Oil", "v": 0.010612541646375}]}, {"source": 39, "prod": 1.0, "target": 11, "value": 0.0026622111313597489, "supply": [{"l": "Pigmeat", "v": 0.0026622111313597489}]}, {"source": 40, "prod": 1.0, "target": 11, "value": 0.0024257238048857148, "supply": [{"l": "Cocoa Beans", "v": 0.0024257238048857148}]}, {"source": 41, "prod": 236.0, "target": 11, "value": 0.21202622887149208, "supply": [{"l": "Potatoes", "v": 0.21202622887149208}]}, {"source": 42, "prod": 91.0, "target": 11, "value": 0.079923417088562071, "supply": [{"l": "Freshwater Fish", "v": 0.079923417088562071}]}, {"source": 43, "prod": 22.0, "target": 11, "value": 0.0789214364688169, "supply": [{"l": "Pimento", "v": 0.0789214364688169}]}, {"source": 2, "prod": 500.0, "target": 11, "value": 0.15918812469562502, "supply": [{"l": "Sugar cane", "v": 0.15918812469562502}]}, {"source": 5, "prod": 931.0, "target": 11, "value": 0.4641740530833951, "supply": [{"l": "Milk - Excluding Butter", "v": 0.4641740530833951}]}, {"source": 44, "prod": 6.0, "target": 11, "value": 0.025470099951300004, "supply": [{"l": "Beans", "v": 0.025470099951300004}]}, {"source": 45, "prod": 9.0, "target": 11, "value": 0.0048980961444807687, "supply": [{"l": "Apples", "v": 0.0048980961444807687}]}, {"source": 7, "prod": 143.0, "target": 11, "value": 0.10603273051050657, "supply": [{"l": "Fish, Seafood", "v": 0.10603273051050657}]}, {"source": 46, "prod": 30.0, "target": 11, "value": 0.052515670002680412, "supply": [{"l": "Meat, Other", "v": 0.052515670002680412}]}, {"source": 47, "prod": 79.0, "target": 11, "value": 0.013255190356737154, "supply": [{"l": "Lemons, Limes", "v": 0.013255190356737154}]}, {"source": 9, "prod": 262.0, "target": 11, "value": 0.95558465688409555, "supply": [{"l": "Sorghum", "v": 0.95558465688409555}]}, {"source": 48, "prod": 1.0, "target": 11, "value": 0.00074148762594759832, "supply": [{"l": "Cephalopods", "v": 0.00074148762594759832}]}, {"source": 49, "prod": 37.0, "target": 11, "value": 0.1064851636382034, "supply": [{"l": "Mutton & Goat Meat", "v": 0.1064851636382034}]}, {"source": 50, "prod": 62.0, "target": 11, "value": 0.24047911629146196, "supply": [{"l": "Sweeteners, Other", "v": 0.24047911629146196}]}, {"source": 3, "prod": 18.0, "target": 11, "value": 0.013644696402482146, "supply": [{"l": "Pelagic Fish", "v": 0.013644696402482146}]}, {"source": 51, "prod": 44.0, "target": 11, "value": 0.026874925608086332, "supply": [{"l": "Bananas", "v": 0.026874925608086332}]}, {"source": 52, "prod": 1.0, "target": 11, "value": 0.00424501665855, "supply": [{"l": "Spices, Other", "v": 0.00424501665855}]}, {"source": 53, "prod": 26.0, "target": 11, "value": 0.01313933727646429, "supply": [{"l": "Tea", "v": 0.01313933727646429}]}, {"source": 54, "prod": 157.0, "target": 11, "value": 0.079657483911436261, "supply": [{"l": "Fruits, Other", "v": 0.079657483911436261}]}, {"source": 55, "prod": 72.0, "target": 11, "value": 0.1461762258074609, "supply": [{"l": "Poultry Meat", "v": 0.1461762258074609}]}, {"source": 56, "prod": 34.0, "target": 11, "value": 0.040466513941317755, "supply": [{"l": "Offals, Edible", "v": 0.040466513941317755}]}, {"source": 57, "prod": 75.0, "target": 11, "value": 0.079927091897384936, "supply": [{"l": "Sweet potatoes", "v": 0.079927091897384936}]}, {"source": 58, "prod": 11.0, "target": 11, "value": 0.0078085590709113719, "supply": [{"l": "Demersal Fish", "v": 0.0078085590709113719}]}, {"source": 59, "prod": 333.0, "target": 11, "value": 0.11923444166517666, "supply": [{"l": "Oranges, Mandarines", "v": 0.11923444166517666}]}, {"source": 60, "prod": 185.0, "target": 11, "value": 0.31837624939125003, "supply": [{"l": "Bovine Meat", "v": 0.31837624939125003}]}, {"source": 61, "prod": 127.0, "target": 11, "value": 1.3045303045015633, "supply": [{"l": "Cottonseed Oil", "v": 1.3045303045015633}]}, {"source": 62, "prod": 433.0, "target": 11, "value": 0.21218957727586144, "supply": [{"l": "Onions", "v": 0.21218957727586144}]}, {"source": 10, "prod": 329.0, "target": 11, "value": 1.3528420610410341, "supply": [{"l": "Pulses, Other", "v": 1.3528420610410341}]}, {"source": 0, "prod": 43.0, "target": 63, "value": 0.17297268880862685, "supply": [{"l": "Maize", "v": 0.17297268880862685}]}, {"source": 64, "prod": 578.0, "target": 63, "value": 4.0893660477365001, "supply": [{"l": "Cottonseed", "v": 4.0893660477365001}]}, {"source": 16, "prod": 34.0, "target": 63, "value": 0.14433056639070002, "supply": [{"l": "Sugar", "v": 0.14433056639070002}]}, {"source": 6, "prod": 4.0, "target": 63, "value": 0.010612541646375, "supply": [{"l": "Barley", "v": 0.010612541646375}]}, {"source": 34, "prod": 4.0, "target": 63, "value": 0.0033824833932669324, "supply": [{"l": "Grapes", "v": 0.0033824833932669324}]}, {"source": 35, "prod": 2.0, "target": 63, "value": 0.014333822483415587, "supply": [{"l": "Groundnuts", "v": 0.014333822483415587}]}, {"source": 65, "prod": 9.0, "target": 63, "value": 0.047756437408687499, "supply": [{"l": "Oilcrops, Other", "v": 0.047756437408687499}]}, {"source": 2, "prod": 3641.0, "target": 63, "value": 1.1592079240335413, "supply": [{"l": "Sugar cane", "v": 1.1592079240335413}]}, {"source": 0, "prod": 10.0, "target": 66, "value": 0.040226206699680661, "supply": [{"l": "Maize", "v": 0.040226206699680661}]}, {"source": 23, "prod": 50.0, "target": 66, "value": 0.43023817485304056, "supply": [{"l": "Fats, Animals, Raw", "v": 0.43023817485304056}]}, {"source": 19, "prod": 22.0, "target": 66, "value": 0.15565061081350001, "supply": [{"l": "Beverages, Alcoholic", "v": 0.15565061081350001}]}, {"source": 67, "prod": 2.0, "target": 66, "value": 0.021769316197692307, "supply": [{"l": "Palm Oil", "v": 0.021769316197692307}]}, {"source": 65, "prod": 2.0, "target": 66, "value": 0.010612541646375, "supply": [{"l": "Oilcrops, Other", "v": 0.010612541646375}]}, {"source": 8, "prod": 51.0, "target": 66, "value": 0.22779128521662656, "supply": [{"l": "Rice", "v": 0.22779128521662656}]}, {"source": 68, "prod": 8.0, "target": 66, "value": 0.077182121064545459, "supply": [{"l": "Oilcrops Oil, Other", "v": 0.077182121064545459}]}, {"source": 0, "prod": 51.0, "target": 0, "value": 0.20515365416837139, "supply": [{"l": "Maize", "v": 0.20515365416837139}]}, {"source": 2, "prod": 65.0, "target": 2, "value": 0.020694456210431249, "supply": [{"l": "Sugar cane", "v": 0.020694456210431249}]}, {"source": 4, "prod": 86.0, "target": 4, "value": 0.29195845592595521, "supply": [{"l": "Wheat", "v": 0.29195845592595521}]}, {"source": 64, "prod": 45.0, "target": 64, "value": 0.31837624939125003, "supply": [{"l": "Cottonseed", "v": 0.31837624939125003}]}, {"source": 41, "prod": 58.0, "target": 41, "value": 0.052108140993841277, "supply": [{"l": "Potatoes", "v": 0.052108140993841277}]}, {"source": 29, "prod": 6.0, "target": 29, "value": 0.0088591652004521744, "supply": [{"l": "Eggs", "v": 0.0088591652004521744}]}, {"source": 30, "prod": 3.0, "target": 30, "value": 0.0031837624939125004, "supply": [{"l": "Roots, Other", "v": 0.0031837624939125004}]}, {"source": 57, "prod": 4.0, "target": 57, "value": 0.0042627782345271972, "supply": [{"l": "Sweet potatoes", "v": 0.0042627782345271972}]}, {"source": 44, "prod": 1.0, "target": 44, "value": 0.00424501665855, "supply": [{"l": "Beans", "v": 0.00424501665855}]}, {"source": 6, "prod": 8.0, "target": 6, "value": 0.02122508329275, "supply": [{"l": "Barley", "v": 0.02122508329275}]}, {"source": 35, "prod": 1.0, "target": 35, "value": 0.0071669112417077933, "supply": [{"l": "Groundnuts", "v": 0.0071669112417077933}]}, {"source": 65, "prod": 2.0, "target": 65, "value": 0.010612541646375, "supply": [{"l": "Oilcrops, Other", "v": 0.010612541646375}]}, {"source": 8, "prod": 39.0, "target": 8, "value": 0.1741933357538909, "supply": [{"l": "Rice", "v": 0.1741933357538909}]}, {"source": 9, "prod": 5.0, "target": 9, "value": 0.018236348413818618, "supply": [{"l": "Sorghum", "v": 0.018236348413818618}]}, {"source": 10, "prod": 42.0, "target": 10, "value": 0.17270324183502564, "supply": [{"l": "Pulses, Other", "v": 0.17270324183502564}]}, {"source": 0, "prod": 216.0, "target": 69, "value": 0.86888606471310226, "supply": [{"l": "Maize", "v": 0.86888606471310226}]}, {"source": 13, "prod": 275.0, "target": 69, "value": 0.073157180552450768, "supply": [{"l": "Vegetables, Other", "v": 0.073157180552450768}]}, {"source": 54, "prod": 18.0, "target": 69, "value": 0.0091327051618207197, "supply": [{"l": "Fruits, Other", "v": 0.0091327051618207197}]}, {"source": 6, "prod": 8.0, "target": 69, "value": 0.02122508329275, "supply": [{"l": "Barley", "v": 0.02122508329275}]}, {"source": 8, "prod": 80.0, "target": 69, "value": 0.35731966308490437, "supply": [{"l": "Rice", "v": 0.35731966308490437}]}, {"source": 22, "prod": 119.0, "target": 69, "value": 0.025095466686869228, "supply": [{"l": "Tomatoes", "v": 0.025095466686869228}]}, {"source": 4, "prod": 172.0, "target": 69, "value": 0.58391691185191041, "supply": [{"l": "Wheat", "v": 0.58391691185191041}]}, {"source": 29, "prod": 2.0, "target": 69, "value": 0.0029530550668173915, "supply": [{"l": "Eggs", "v": 0.0029530550668173915}]}, {"source": 30, "prod": 3.0, "target": 69, "value": 0.0031837624939125004, "supply": [{"l": "Roots, Other", "v": 0.0031837624939125004}]}, {"source": 32, "prod": 1.0, "target": 69, "value": 0.0070750277642500003, "supply": [{"l": "Sesame seed", "v": 0.0070750277642500003}]}, {"source": 34, "prod": 9.0, "target": 69, "value": 0.0076105876348505986, "supply": [{"l": "Grapes", "v": 0.0076105876348505986}]}, {"source": 43, "prod": 1.0, "target": 69, "value": 0.0035873380213098595, "supply": [{"l": "Pimento", "v": 0.0035873380213098595}]}, {"source": 65, "prod": 1.0, "target": 69, "value": 0.0053062708231875, "supply": [{"l": "Oilcrops, Other", "v": 0.0053062708231875}]}, {"source": 15, "prod": 42.0, "target": 69, "value": 0.076557525865179193, "supply": [{"l": "Dates", "v": 0.076557525865179193}]}, {"source": 64, "prod": 9.0, "target": 69, "value": 0.063675249878250004, "supply": [{"l": "Cottonseed", "v": 0.063675249878250004}]}, {"source": 41, "prod": 39.0, "target": 69, "value": 0.035038232737238099, "supply": [{"l": "Potatoes", "v": 0.035038232737238099}]}, {"source": 35, "prod": 1.0, "target": 69, "value": 0.0071669112417077933, "supply": [{"l": "Groundnuts", "v": 0.0071669112417077933}]}, {"source": 5, "prod": 57.0, "target": 69, "value": 0.028418819576534395, "supply": [{"l": "Milk - Excluding Butter", "v": 0.028418819576534395}]}, {"source": 45, "prod": 1.0, "target": 69, "value": 0.00054423290494230768, "supply": [{"l": "Apples", "v": 0.00054423290494230768}]}, {"source": 47, "prod": 9.0, "target": 69, "value": 0.0015100849773498023, "supply": [{"l": "Lemons, Limes", "v": 0.0015100849773498023}]}, {"source": 9, "prod": 60.0, "target": 69, "value": 0.21883618096582338, "supply": [{"l": "Sorghum", "v": 0.21883618096582338}]}, {"source": 2, "prod": 49.0, "target": 69, "value": 0.015600436220171252, "supply": [{"l": "Sugar cane", "v": 0.015600436220171252}]}, {"source": 51, "prod": 5.0, "target": 69, "value": 0.0030539688191007193, "supply": [{"l": "Bananas", "v": 0.0030539688191007193}]}, {"source": 57, "prod": 9.0, "target": 69, "value": 0.0095912510276861939, "supply": [{"l": "Sweet potatoes", "v": 0.0095912510276861939}]}, {"source": 59, "prod": 38.0, "target": 69, "value": 0.013606332682512651, "supply": [{"l": "Oranges, Mandarines", "v": 0.013606332682512651}]}, {"source": 62, "prod": 68.0, "target": 69, "value": 0.033323074491359309, "supply": [{"l": "Onions", "v": 0.033323074491359309}]}, {"source": 10, "prod": 25.0, "target": 69, "value": 0.10279954871132478, "supply": [{"l": "Pulses, Other", "v": 0.10279954871132478}]}, {"source": 70, "prod": 19.0, "target": 41, "value": 0.017069908256603178, "supply": [{"l": "Potatoes", "v": 0.017069908256603178}]}, {"source": 70, "prod": 1.0, "target": 71, "value": 0.0011622222200000001, "supply": [{"l": "Infant food", "v": 0.0011622222200000001}]}, {"source": 70, "prod": 1759.0, "target": 4, "value": 5.9715688834157588, "supply": [{"l": "Wheat", "v": 5.9715688834157588}]}, {"source": 70, "prod": 81.0, "target": 1, "value": 0.062581054748799117, "supply": [{"l": "Milk - Excluding Butter", "v": 0.023931637538134227}, {"l": "Fish, Seafood", "v": 0.0081563638854235815}, {"l": "Mutton & Goat Meat", "v": 0.0057559547912542372}, {"l": "Pelagic Fish", "v": 0.0045482321341607148}, {"l": "Poultry Meat", "v": 0.0040604507168739137}, {"l": "Marine Fish, Other", "v": 0.0040817467870673078}, {"l": "Bovine Meat", "v": 0.012046668895885135}]}, {"source": 70, "prod": 26.0, "target": 53, "value": 0.01313933727646429, "supply": [{"l": "Tea", "v": 0.01313933727646429}]}, {"source": 70, "prod": 1.0, "target": 22, "value": 0.00021088627467957336, "supply": [{"l": "Tomatoes", "v": 0.00021088627467957336}]}, {"source": 70, "prod": 1.0, "target": 6, "value": 0.00265313541159375, "supply": [{"l": "Barley", "v": 0.00265313541159375}]}, {"source": 70, "prod": 3.0, "target": 15, "value": 0.0054683947046556573, "supply": [{"l": "Dates", "v": 0.0054683947046556573}]}, {"source": 70, "prod": 205.0, "target": 63, "value": 1.6760503547590089, "supply": [{"l": "Olive Oil", "v": 0.010612541646375}, {"l": "Coconut Oil", "v": 0.014150055528500001}, {"l": "Sugar", "v": 0.21225083292749999}, {"l": "Cottonseed Oil", "v": 0.50332271591005184}, {"l": "Beverages, Alcoholic", "v": 0.0070750277642500003}, {"l": "Oilcrops Oil, Other", "v": 0.096477651330681813}, {"l": "Fats, Animals, Raw", "v": 0.6797763162678041}, {"l": "Soyabean Oil", "v": 0.13061589718615385}, {"l": "Palm Oil", "v": 0.021769316197692307}]}, {"source": 70, "prod": 8.0, "target": 9, "value": 0.029178157462109788, "supply": [{"l": "Sorghum", "v": 0.029178157462109788}]}, {"source": 70, "prod": 1.0, "target": 27, "value": 0.00424501665855, "supply": [{"l": "Treenuts", "v": 0.00424501665855}]}, {"source": 70, "prod": 3.0, "target": 24, "value": 0.0015160773780535715, "supply": [{"l": "Coffee", "v": 0.0015160773780535715}]}, {"source": 70, "prod": 1.0, "target": 40, "value": 0.0024257238048857148, "supply": [{"l": "Cocoa Beans", "v": 0.0024257238048857148}]}, {"source": 70, "prod": 425.0, "target": 0, "value": 1.7096137847364279, "supply": [{"l": "Maize", "v": 1.7096137847364279}]}, {"source": 70, "prod": 5.0, "target": 54, "value": 0.0025368625449501995, "supply": [{"l": "Fruits, Other", "v": 0.0025368625449501995}]}, {"source": 70, "prod": 1.0, "target": 14, "value": 0.0053062708231875, "supply": [{"l": "Nuts", "v": 0.0053062708231875}]}, {"source": 70, "prod": 3.0, "target": 45, "value": 0.001632698714826923, "supply": [{"l": "Apples", "v": 0.001632698714826923}]}, {"source": 70, "prod": 7.0, "target": 32, "value": 0.049525194349750008, "supply": [{"l": "Sesame seed", "v": 0.049525194349750008}]}, {"source": 70, "prod": 3.0, "target": 26, "value": 0.0044597451276595333, "supply": [{"l": "Coconuts - Incl Copra", "v": 0.0044597451276595333}]}, {"source": 70, "prod": 7.0, "target": 10, "value": 0.02878387363917094, "supply": [{"l": "Pulses, Other", "v": 0.02878387363917094}]}, {"source": 0, "prod": 1.0, "target": 72, "value": 0.0040226206699680656, "supply": [{"l": "Maize", "v": 0.0040226206699680656}]}, {"source": 4, "prod": 19.0, "target": 72, "value": 0.064502449565036618, "supply": [{"l": "Wheat", "v": 0.064502449565036618}]}, {"source": 51, "prod": 1.0, "target": 72, "value": 0.00061079376382014395, "supply": [{"l": "Bananas", "v": 0.00061079376382014395}]}, {"source": 41, "prod": 61.0, "target": 72, "value": 0.054803389665936522, "supply": [{"l": "Potatoes", "v": 0.054803389665936522}]}, {"source": 13, "prod": 32.0, "target": 72, "value": 0.0085128355551942706, "supply": [{"l": "Vegetables, Other", "v": 0.0085128355551942706}]}, {"source": 54, "prod": 9.0, "target": 72, "value": 0.0045663525809103598, "supply": [{"l": "Fruits, Other", "v": 0.0045663525809103598}]}, {"source": 35, "prod": 4.0, "target": 72, "value": 0.028667644966831173, "supply": [{"l": "Groundnuts", "v": 0.028667644966831173}]}, {"source": 32, "prod": 5.0, "target": 72, "value": 0.035375138821250006, "supply": [{"l": "Sesame seed", "v": 0.035375138821250006}]}, {"source": 16, "prod": 26.0, "target": 72, "value": 0.11037043312230001, "supply": [{"l": "Sugar", "v": 0.11037043312230001}]}, {"source": 5, "prod": 1.0, "target": 72, "value": 0.00049857578204446306, "supply": [{"l": "Milk - Excluding Butter", "v": 0.00049857578204446306}]}, {"source": 33, "prod": 1.0, "target": 72, "value": 0.00081634935741346152, "supply": [{"l": "Marine Fish, Other", "v": 0.00081634935741346152}]}, {"source": 6, "prod": 1.0, "target": 72, "value": 0.00265313541159375, "supply": [{"l": "Barley", "v": 0.00265313541159375}]}, {"source": 7, "prod": 4.0, "target": 72, "value": 0.0029659505037903933, "supply": [{"l": "Fish, Seafood", "v": 0.0029659505037903933}]}, {"source": 28, "prod": 3.0, "target": 72, "value": 0.0027095851012021279, "supply": [{"l": "Crustaceans", "v": 0.0027095851012021279}]}, {"source": 10, "prod": 56.0, "target": 72, "value": 0.23027098911336752, "supply": [{"l": "Pulses, Other", "v": 0.23027098911336752}]}, {"source": 59, "prod": 12.0, "target": 72, "value": 0.0042967366365829433, "supply": [{"l": "Oranges, Mandarines", "v": 0.0042967366365829433}]}, {"source": 8, "prod": 513.0, "target": 72, "value": 2.2913123395319497, "supply": [{"l": "Rice", "v": 2.2913123395319497}]}, {"source": 62, "prod": 175.0, "target": 72, "value": 0.085757912293939392, "supply": [{"l": "Onions", "v": 0.085757912293939392}]}, {"source": 22, "prod": 6.0, "target": 72, "value": 0.0012653176480774402, "supply": [{"l": "Tomatoes", "v": 0.0012653176480774402}]}, {"source": 36, "prod": 1.0, "target": 72, "value": 0.0039034635940689661, "supply": [{"l": "Wine", "v": 0.0039034635940689661}]}, {"source": 23, "prod": 13.0, "target": 73, "value": 0.11186192546179054, "supply": [{"l": "Fats, Animals, Raw", "v": 0.11186192546179054}]}, {"source": 68, "prod": 6.0, "target": 73, "value": 0.05788659079840909, "supply": [{"l": "Oilcrops Oil, Other", "v": 0.05788659079840909}]}, {"source": 64, "prod": 280.0, "target": 73, "value": 1.9810077739900001, "supply": [{"l": "Cottonseed", "v": 1.9810077739900001}]}, {"source": 0, "prod": 200.0, "target": 73, "value": 0.80452413399361322, "supply": [{"l": "Maize", "v": 0.80452413399361322}]}, {"source": 74, "prod": 84.0, "target": 8, "value": 0.37518564623914963, "supply": [{"l": "Rice", "v": 0.37518564623914963}]}, {"source": 65, "prod": 1.0, "target": 73, "value": 0.0053062708231875, "supply": [{"l": "Oilcrops, Other", "v": 0.0053062708231875}]}, {"source": 6, "prod": 1.0, "target": 73, "value": 0.00265313541159375, "supply": [{"l": "Barley", "v": 0.00265313541159375}]}, {"source": 71, "prod": 1.0, "target": 73, "value": 0.0011622222200000001, "supply": [{"l": "Infant food", "v": 0.0011622222200000001}]}, {"source": 44, "prod": 3.0, "target": 73, "value": 0.012735049975650002, "supply": [{"l": "Beans", "v": 0.012735049975650002}]}, {"source": 13, "prod": 13.0, "target": 73, "value": 0.0034583394442976724, "supply": [{"l": "Vegetables, Other", "v": 0.0034583394442976724}]}, {"source": 74, "prod": 90.0, "target": 15, "value": 0.16405184113966967, "supply": [{"l": "Dates", "v": 0.16405184113966967}]}, {"source": 10, "prod": 9.0, "target": 73, "value": 0.037007837536076921, "supply": [{"l": "Pulses, Other", "v": 0.037007837536076921}]}, {"source": 61, "prod": 24.0, "target": 73, "value": 0.24652541187431115, "supply": [{"l": "Cottonseed Oil", "v": 0.24652541187431115}]}, {"source": 1, "prod": 72.0, "target": 55, "value": 0.1461762258074609, "supply": [{"l": "Poultry Meat", "v": 0.1461762258074609}]}, {"source": 1, "prod": 1.0, "target": 39, "value": 0.0026622111313597489, "supply": [{"l": "Pigmeat", "v": 0.0026622111313597489}]}, {"source": 1, "prod": 19.0, "target": 3, "value": 0.014402735091508932, "supply": [{"l": "Pelagic Fish", "v": 0.014402735091508932}]}, {"source": 1, "prod": 9.0, "target": 28, "value": 0.0081287553036063845, "supply": [{"l": "Crustaceans", "v": 0.0081287553036063845}]}, {"source": 1, "prod": 38.0, "target": 29, "value": 0.056108046269530434, "supply": [{"l": "Eggs", "v": 0.064967211469982605}]}, {"source": 1, "prod": 1.0, "target": 48, "value": 0.00074148762594759832, "supply": [{"l": "Cephalopods", "v": 0.00074148762594759832}]}, {"source": 1, "prod": 1180.0, "target": 5, "value": 0.58831942281246641, "supply": [{"l": "Milk - Excluding Butter", "v": 0.58831942281246641}]}, {"source": 1, "prod": 34.0, "target": 56, "value": 0.040466513941317755, "supply": [{"l": "Offals, Edible", "v": 0.040466513941317755}]}, {"source": 1, "prod": 17.0, "target": 33, "value": 0.013877939076028845, "supply": [{"l": "Marine Fish, Other", "v": 0.013877939076028845}]}, {"source": 1, "prod": 148.0, "target": 7, "value": 0.10974016864024456, "supply": [{"l": "Fish, Seafood", "v": 0.10974016864024456}]}, {"source": 1, "prod": 185.0, "target": 60, "value": 0.31837624939125003, "supply": [{"l": "Bovine Meat", "v": 0.31837624939125003}]}, {"source": 1, "prod": 11.0, "target": 58, "value": 0.0078085590709113719, "supply": [{"l": "Demersal Fish", "v": 0.0078085590709113719}]}, {"source": 1, "prod": 30.0, "target": 46, "value": 0.052515670002680412, "supply": [{"l": "Meat, Other", "v": 0.052515670002680412}]}, {"source": 1, "prod": 91.0, "target": 42, "value": 0.079923417088562071, "supply": [{"l": "Freshwater Fish", "v": 0.079923417088562071}]}, {"source": 1, "prod": 37.0, "target": 49, "value": 0.1064851636382034, "supply": [{"l": "Mutton & Goat Meat", "v": 0.1064851636382034}]}, {"source": 63, "prod": 1.0, "target": 38, "value": 0.010612541646375, "supply": [{"l": "Olive Oil", "v": 0.010612541646375}]}, {"source": 63, "prod": 86.0, "target": 23, "value": 0.74000966074722974, "supply": [{"l": "Fats, Animals, Raw", "v": 0.74000966074722974}]}, {"source": 63, "prod": 62.0, "target": 50, "value": 0.24047911629146196, "supply": [{"l": "Sweeteners, Other", "v": 0.24047911629146196}]}, {"source": 63, "prod": 12.0, "target": 25, "value": 0.13061589718615385, "supply": [{"l": "Soyabean Oil", "v": 0.13061589718615385}]}, {"source": 63, "prod": 1.0, "target": 37, "value": 0.014150055528500001, "supply": [{"l": "Coconut Oil", "v": 0.014150055528500001}]}, {"source": 63, "prod": 428.0, "target": 16, "value": 1.8168671298594001, "supply": [{"l": "Sugar", "v": 1.8168671298594001}]}, {"source": 63, "prod": 3.0, "target": 20, "value": 0.012735049975650002, "supply": [{"l": "Honey", "v": 0.012735049975650002}]}, {"source": 63, "prod": 2.0, "target": 67, "value": 0.021769316197692307, "supply": [{"l": "Palm Oil", "v": 0.021769316197692307}]}, {"source": 63, "prod": 18.0, "target": 17, "value": 0.01317418962998276, "supply": [{"l": "Beer", "v": 0.01317418962998276}]}, {"source": 63, "prod": 1.0, "target": 18, "value": 0.014150055528500001, "supply": [{"l": "Groundnut Oil", "v": 0.014150055528500001}]}, {"source": 63, "prod": 24.0, "target": 19, "value": 0.169800666342, "supply": [{"l": "Beverages, Alcoholic", "v": 0.169800666342}]}, {"source": 63, "prod": 151.0, "target": 61, "value": 1.5510557163758745, "supply": [{"l": "Cottonseed Oil", "v": 1.5510557163758745}]}, {"source": 63, "prod": 14.0, "target": 68, "value": 0.13506871186295455, "supply": [{"l": "Oilcrops Oil, Other", "v": 0.13506871186295455}]}, {"source": 63, "prod": 42.0, "target": 21, "value": 0.35658139931820004, "supply": [{"l": "Butter, Ghee", "v": 0.35658139931820004}]}, {"source": 63, "prod": 2.0, "target": 36, "value": 0.0078069271881379323, "supply": [{"l": "Wine", "v": 0.0078069271881379323}]}, {"source": 75, "prod": 0, "target": 0, "value": 0.0023478461862693834, "supply": "[{\"l\":'Energy for power irrigation',\"v\":0.0023478461862693834}]"}, {"source": 75, "prod": 0, "target": 12, "value": 1.093802090039312e-05, "supply": "[{\"l\":'Energy for power irrigation',\"v\":1.093802090039312e-05}]"}, {"source": 75, "prod": 0, "target": 30, "value": 3.3907864791218676e-05, "supply": "[{\"l\":'Energy for power irrigation',\"v\":3.3907864791218676e-05}]"}, {"source": 75, "prod": 0, "target": 14, "value": 2.73450522509828e-06, "supply": "[{\"l\":'Energy for power irrigation',\"v\":2.73450522509828e-06}]"}, {"source": 75, "prod": 0, "target": 6, "value": 0.00015641369887562162, "supply": "[{\"l\":'Energy for power irrigation',\"v\":0.00015641369887562162}]"}, {"source": 75, "prod": 0, "target": 8, "value": 0.001531322926055037, "supply": "[{\"l\":'Energy for power irrigation',\"v\":0.001531322926055037}]"}, {"source": 75, "prod": 0, "target": 22, "value": 0.0013054527944619189, "supply": "[{\"l\":'Energy for power irrigation',\"v\":0.0013054527944619189}]"}, {"source": 75, "prod": 0, "target": 4, "value": 0.0026027020732485428, "supply": "[{\"l\":'Energy for power irrigation',\"v\":0.0026027020732485428}]"}, {"source": 75, "prod": 0, "target": 27, "value": 2.73450522509828e-06, "supply": "[{\"l\":'Energy for power irrigation',\"v\":2.73450522509828e-06}]"}, {"source": 75, "prod": 0, "target": 13, "value": 0.0030221751747786193, "supply": "[{\"l\":'Energy for power irrigation',\"v\":0.0030221751747786193}]"}, {"source": 75, "prod": 0, "target": 31, "value": 1.093802090039312e-06, "supply": "[{\"l\":'Energy for power irrigation',\"v\":1.093802090039312e-06}]"}, {"source": 75, "prod": 0, "target": 32, "value": 2.8985755386041771e-05, "supply": "[{\"l\":'Energy for power irrigation',\"v\":2.8985755386041771e-05}]"}, {"source": 75, "prod": 0, "target": 34, "value": 0.00010008289123859704, "supply": "[{\"l\":'Energy for power irrigation',\"v\":0.00010008289123859704}]"}, {"source": 75, "prod": 0, "target": 43, "value": 2.5157448070904175e-05, "supply": "[{\"l\":'Energy for power irrigation',\"v\":2.5157448070904175e-05}]"}, {"source": 75, "prod": 0, "target": 65, "value": 1.5860130305570022e-05, "supply": "[{\"l\":'Energy for power irrigation',\"v\":1.5860130305570022e-05}]"}, {"source": 75, "prod": 0, "target": 15, "value": 0.00040853508062968302, "supply": "[{\"l\":'Energy for power irrigation',\"v\":0.00040853508062968302}]"}, {"source": 75, "prod": 0, "target": 64, "value": 0.00099754750611585246, "supply": "[{\"l\":'Energy for power irrigation',\"v\":0.00099754750611585246}]"}, {"source": 75, "prod": 0, "target": 41, "value": 0.00042111380466513512, "supply": "[{\"l\":'Energy for power irrigation',\"v\":0.00042111380466513512}]"}, {"source": 75, "prod": 0, "target": 35, "value": 3.5001666881257985e-05, "supply": "[{\"l\":'Energy for power irrigation',\"v\":3.5001666881257985e-05}]"}, {"source": 75, "prod": 0, "target": 44, "value": 1.093802090039312e-05, "supply": "[{\"l\":'Energy for power irrigation',\"v\":1.093802090039312e-05}]"}, {"source": 75, "prod": 0, "target": 45, "value": 9.2973177653341527e-06, "supply": "[{\"l\":'Energy for power irrigation',\"v\":9.2973177653341527e-06}]"}, {"source": 75, "prod": 0, "target": 47, "value": 9.6254583923459448e-05, "supply": "[{\"l\":'Energy for power irrigation',\"v\":9.6254583923459448e-05}]"}, {"source": 75, "prod": 0, "target": 9, "value": 0.00081324185394422851, "supply": "[{\"l\":'Energy for power irrigation',\"v\":0.00081324185394422851}]"}, {"source": 75, "prod": 0, "target": 2, "value": 0.0053492391213372558, "supply": "[{\"l\":'Energy for power irrigation',\"v\":0.0053492391213372558}]"}, {"source": 75, "prod": 0, "target": 51, "value": 5.4690104501965607e-05, "supply": "[{\"l\":'Energy for power irrigation',\"v\":5.4690104501965607e-05}]"}, {"source": 75, "prod": 0, "target": 52, "value": 1.093802090039312e-06, "supply": "[{\"l\":'Energy for power irrigation',\"v\":1.093802090039312e-06}]"}, {"source": 75, "prod": 0, "target": 54, "value": 0.00019852507934213512, "supply": "[{\"l\":'Energy for power irrigation',\"v\":0.00019852507934213512}]"}, {"source": 75, "prod": 0, "target": 57, "value": 9.6254583923459448e-05, "supply": "[{\"l\":'Energy for power irrigation',\"v\":9.6254583923459448e-05}]"}, {"source": 75, "prod": 0, "target": 59, "value": 0.00041947310153007619, "supply": "[{\"l\":'Energy for power irrigation',\"v\":0.00041947310153007619}]"}, {"source": 75, "prod": 0, "target": 62, "value": 0.00073886331182155521, "supply": "[{\"l\":'Energy for power irrigation',\"v\":0.00073886331182155521}]"}, {"source": 75, "prod": 0, "target": 10, "value": 0.00053979133143440051, "supply": "[{\"l\":'Energy for power irrigation',\"v\":0.00053979133143440051}]"}, {"source": 75, "prod": 0, "target": 63, "value": 0.24883254690263698, "supply": "[{\"l\":'Electricity',\"v\":0.24883254690263698}]"}, {"source": 76, "prod": 0, "target": 75, "value": 0.25890205978303554, "supply": [{"l": "Coal", "v": 0.0}, {"l": "Natural gas", "v": 0.0}, {"l": "Oil", "v": 0.25890205978303554}]}, {"source": 77, "prod": 0, "target": 75, "value": 0.17184562686834245, "supply": [{"l": "Nuclear", "v": 0.0}, {"l": "Hydroelectric", "v": 0.17184562686834245}, {"l": "Renewable", "v": 0.0}]}, {"source": 76, "prod": 0, "target": 0, "value": 1.7712393552332582, "supply": [{"l": "Gas-Diesel oil", "v": 1.703919790739957}, {"l": "Fuel oil", "v": 0.067319564493301481}]}, {"source": 76, "prod": 0, "target": 12, "value": 0.0082517556731109155, "supply": [{"l": "Gas-Diesel oil", "v": 0.0079381308676448031}, {"l": "Fuel oil", "v": 0.00031362480546611452}]}, {"source": 76, "prod": 0, "target": 30, "value": 0.02558044258664384, "supply": [{"l": "Gas-Diesel oil", "v": 0.024608205689698889}, {"l": "Fuel oil", "v": 0.00097223689694495507}]}, {"source": 76, "prod": 0, "target": 14, "value": 0.0020629389182777289, "supply": [{"l": "Gas-Diesel oil", "v": 0.0019845327169112008}, {"l": "Fuel oil", "v": 7.840620136652863e-05}]}, {"source": 76, "prod": 0, "target": 6, "value": 0.11800010612548611, "supply": [{"l": "Gas-Diesel oil", "v": 0.11351527140732068}, {"l": "Fuel oil", "v": 0.0044848347181654378}]}, {"source": 76, "prod": 0, "target": 8, "value": 1.1552457942355283, "supply": [{"l": "Gas-Diesel oil", "v": 1.1113383214702723}, {"l": "Fuel oil", "v": 0.043907472765256035}]}, {"source": 76, "prod": 0, "target": 22, "value": 0.9848470395857879, "supply": [{"l": "Gas-Diesel oil", "v": 0.94741591905340716}, {"l": "Fuel oil", "v": 0.03743112053238077}]}, {"source": 76, "prod": 0, "target": 4, "value": 1.9635052624167424, "supply": [{"l": "Gas-Diesel oil", "v": 1.8888782399560808}, {"l": "Fuel oil", "v": 0.07462702246066194}]}, {"source": 76, "prod": 0, "target": 27, "value": 0.0020629389182777289, "supply": [{"l": "Gas-Diesel oil", "v": 0.0019845327169112008}, {"l": "Fuel oil", "v": 7.840620136652863e-05}]}, {"source": 76, "prod": 0, "target": 13, "value": 2.2799600924805463, "supply": [{"l": "Gas-Diesel oil", "v": 2.193305558730259}, {"l": "Fuel oil", "v": 0.086654533750287449}]}, {"source": 76, "prod": 0, "target": 31, "value": 0.00082517556731109159, "supply": [{"l": "Gas-Diesel oil", "v": 0.00079381308676448024}, {"l": "Fuel oil", "v": 3.1362480546611451e-05}]}, {"source": 76, "prod": 0, "target": 32, "value": 0.021867152533743928, "supply": [{"l": "Gas-Diesel oil", "v": 0.021036046799258728}, {"l": "Fuel oil", "v": 0.00083110573448520351}]}, {"source": 76, "prod": 0, "target": 34, "value": 0.075503564408964885, "supply": [{"l": "Gas-Diesel oil", "v": 0.072633897438949935}, {"l": "Fuel oil", "v": 0.0028696669700149476}]}, {"source": 76, "prod": 0, "target": 43, "value": 0.018979038048155109, "supply": [{"l": "Gas-Diesel oil", "v": 0.018257700995583045}, {"l": "Fuel oil", "v": 0.00072133705257206341}]}, {"source": 76, "prod": 0, "target": 65, "value": 0.011965045726010828, "supply": [{"l": "Gas-Diesel oil", "v": 0.011510289758084963}, {"l": "Fuel oil", "v": 0.00045475596792586602}]}, {"source": 76, "prod": 0, "target": 15, "value": 0.30820307439069272, "supply": [{"l": "Gas-Diesel oil", "v": 0.29648918790653334}, {"l": "Fuel oil", "v": 0.011713886484159376}]}, {"source": 76, "prod": 0, "target": 64, "value": 0.75256011738771555, "supply": [{"l": "Gas-Diesel oil", "v": 0.72395753512920602}, {"l": "Fuel oil", "v": 0.028602582258509642}]}, {"source": 76, "prod": 0, "target": 41, "value": 0.31769259341477024, "supply": [{"l": "Gas-Diesel oil", "v": 0.30561803840432489}, {"l": "Fuel oil", "v": 0.012074555010445407}]}, {"source": 76, "prod": 0, "target": 35, "value": 0.026405618153954931, "supply": [{"l": "Gas-Diesel oil", "v": 0.025402018776463368}, {"l": "Fuel oil", "v": 0.0010035993774915664}]}, {"source": 76, "prod": 0, "target": 44, "value": 0.0082517556731109155, "supply": [{"l": "Gas-Diesel oil", "v": 0.0079381308676448031}, {"l": "Fuel oil", "v": 0.00031362480546611452}]}, {"source": 76, "prod": 0, "target": 45, "value": 0.0070139923221442793, "supply": [{"l": "Gas-Diesel oil", "v": 0.006747411237498082}, {"l": "Fuel oil", "v": 0.00026658108464619733}]}, {"source": 76, "prod": 0, "target": 47, "value": 0.072615449923376055, "supply": [{"l": "Gas-Diesel oil", "v": 0.069855551635274252}, {"l": "Fuel oil", "v": 0.0027598982881018074}]}, {"source": 76, "prod": 0, "target": 9, "value": 0.61351803429579665, "supply": [{"l": "Gas-Diesel oil", "v": 0.59020003000939114}, {"l": "Fuel oil", "v": 0.023318004286405614}]}, {"source": 76, "prod": 0, "target": 2, "value": 4.0355211119348935, "supply": [{"l": "Gas-Diesel oil", "v": 3.8821429008216906}, {"l": "Fuel oil", "v": 0.15337821111320329}]}, {"source": 76, "prod": 0, "target": 51, "value": 0.041258778365554583, "supply": [{"l": "Gas-Diesel oil", "v": 0.039690654338224017}, {"l": "Fuel oil", "v": 0.0015681240273305727}]}, {"source": 76, "prod": 0, "target": 52, "value": 0.00082517556731109159, "supply": [{"l": "Gas-Diesel oil", "v": 0.00079381308676448024}, {"l": "Fuel oil", "v": 3.1362480546611451e-05}]}, {"source": 76, "prod": 0, "target": 54, "value": 0.14976936546696312, "supply": [{"l": "Gas-Diesel oil", "v": 0.14407707524775318}, {"l": "Fuel oil", "v": 0.0056922902192099783}]}, {"source": 76, "prod": 0, "target": 57, "value": 0.072615449923376055, "supply": [{"l": "Gas-Diesel oil", "v": 0.069855551635274252}, {"l": "Fuel oil", "v": 0.0027598982881018074}]}, {"source": 76, "prod": 0, "target": 59, "value": 0.31645483006380365, "supply": [{"l": "Gas-Diesel oil", "v": 0.30442731877417822}, {"l": "Fuel oil", "v": 0.012027511289625493}]}, {"source": 76, "prod": 0, "target": 62, "value": 0.5574060957186423, "supply": [{"l": "Gas-Diesel oil", "v": 0.53622074010940635}, {"l": "Fuel oil", "v": 0.021185355609236033}]}, {"source": 76, "prod": 0, "target": 10, "value": 0.40722414246802374, "supply": [{"l": "Gas-Diesel oil", "v": 0.39174675831827105}, {"l": "Fuel oil", "v": 0.015477384149752752}]}, {"source": 78, "prod": 33.432552272378715, "target": 0, "value": 0.54487367064958936, "supply": [{"l": "Potash", "v": 0.0023562138907738603}, {"l": "Phosphate", "v": 0.18153908347856459}, {"l": "Nitrogen", "v": 4.7815246288252187}]}, {"source": 78, "prod": 0.15575379581820972, "target": 12, "value": 0.0025384284679692026, "supply": [{"l": "Potash", "v": 0.0023562138907738603}, {"l": "Phosphate", "v": 0.18153908347856459}, {"l": "Nitrogen", "v": 4.7815246288252187}]}, {"source": 78, "prod": 0.48283676703645012, "target": 30, "value": 0.0078691282507045279, "supply": [{"l": "Potash", "v": 0.0023562138907738603}, {"l": "Phosphate", "v": 0.18153908347856459}, {"l": "Nitrogen", "v": 4.7815246288252187}]}, {"source": 78, "prod": 0.038938448954552431, "target": 14, "value": 0.00063460711699230064, "supply": [{"l": "Potash", "v": 0.0023562138907738603}, {"l": "Phosphate", "v": 0.18153908347856459}, {"l": "Nitrogen", "v": 4.7815246288252187}]}, {"source": 78, "prod": 2.2272792802003991, "target": 6, "value": 0.036299527091959598, "supply": [{"l": "Potash", "v": 0.0023562138907738603}, {"l": "Phosphate", "v": 0.18153908347856459}, {"l": "Nitrogen", "v": 4.7815246288252187}]}, {"source": 78, "prod": 21.80553141454936, "target": 8, "value": 0.35537998551568839, "supply": [{"l": "Potash", "v": 0.0023562138907738603}, {"l": "Phosphate", "v": 0.18153908347856459}, {"l": "Nitrogen", "v": 4.7815246288252187}]}, {"source": 78, "prod": 18.589215530903328, "target": 22, "value": 0.30296143765212435, "supply": [{"l": "Potash", "v": 0.0023562138907738603}, {"l": "Phosphate", "v": 0.18153908347856459}, {"l": "Nitrogen", "v": 4.7815246288252187}]}, {"source": 78, "prod": 37.061615714943002, "target": 4, "value": 0.60401905395327171, "supply": [{"l": "Potash", "v": 0.0023562138907738603}, {"l": "Phosphate", "v": 0.18153908347856459}, {"l": "Nitrogen", "v": 4.7815246288252187}]}, {"source": 78, "prod": 0.038938448954552431, "target": 27, "value": 0.00063460711699230064, "supply": [{"l": "Potash", "v": 0.0023562138907738603}, {"l": "Phosphate", "v": 0.18153908347856459}, {"l": "Nitrogen", "v": 4.7815246288252187}]}, {"source": 78, "prod": 43.03477378457135, "target": 13, "value": 0.70136778569989078, "supply": [{"l": "Potash", "v": 0.0023562138907738603}, {"l": "Phosphate", "v": 0.18153908347856459}, {"l": "Nitrogen", "v": 4.7815246288252187}]}, {"source": 78, "prod": 0.01557537958182097, "target": 31, "value": 0.00025384284679692024, "supply": [{"l": "Potash", "v": 0.0023562138907738603}, {"l": "Phosphate", "v": 0.18153908347856459}, {"l": "Nitrogen", "v": 4.7815246288252187}]}, {"source": 78, "prod": 0.41274755891825576, "target": 32, "value": 0.0067268354401183875, "supply": [{"l": "Potash", "v": 0.0023562138907738603}, {"l": "Phosphate", "v": 0.18153908347856459}, {"l": "Nitrogen", "v": 4.7815246288252187}]}, {"source": 78, "prod": 1.4251472317366187, "target": 34, "value": 0.023226620481918203, "supply": [{"l": "Potash", "v": 0.0023562138907738603}, {"l": "Phosphate", "v": 0.18153908347856459}, {"l": "Nitrogen", "v": 4.7815246288252187}]}, {"source": 78, "prod": 0.35823373038188233, "target": 43, "value": 0.005838385476329166, "supply": [{"l": "Potash", "v": 0.0023562138907738603}, {"l": "Phosphate", "v": 0.18153908347856459}, {"l": "Nitrogen", "v": 4.7815246288252187}]}, {"source": 78, "prod": 0.22584300393640408, "target": 65, "value": 0.0036807212785553438, "supply": [{"l": "Potash", "v": 0.0023562138907738603}, {"l": "Phosphate", "v": 0.18153908347856459}, {"l": "Nitrogen", "v": 4.7815246288252187}]}, {"source": 78, "prod": 5.8174042738101326, "target": 15, "value": 0.094810303278649713, "supply": [{"l": "Potash", "v": 0.0023562138907738603}, {"l": "Phosphate", "v": 0.18153908347856459}, {"l": "Nitrogen", "v": 4.7815246288252187}]}, {"source": 78, "prod": 14.204746178620725, "target": 64, "value": 0.23150467627879129, "supply": [{"l": "Potash", "v": 0.0023562138907738603}, {"l": "Phosphate", "v": 0.18153908347856459}, {"l": "Nitrogen", "v": 4.7815246288252187}]}, {"source": 78, "prod": 5.9965211390010733, "target": 41, "value": 0.097729496016814299, "supply": [{"l": "Potash", "v": 0.0023562138907738603}, {"l": "Phosphate", "v": 0.18153908347856459}, {"l": "Nitrogen", "v": 4.7815246288252187}]}, {"source": 78, "prod": 0.49841214661827105, "target": 35, "value": 0.0081229710975014476, "supply": [{"l": "Potash", "v": 0.0023562138907738603}, {"l": "Phosphate", "v": 0.18153908347856459}, {"l": "Nitrogen", "v": 4.7815246288252187}]}, {"source": 78, "prod": 0.15575379581820972, "target": 44, "value": 0.0025384284679692026, "supply": [{"l": "Potash", "v": 0.0023562138907738603}, {"l": "Phosphate", "v": 0.18153908347856459}, {"l": "Nitrogen", "v": 4.7815246288252187}]}, {"source": 78, "prod": 0.13239072644547825, "target": 45, "value": 0.0021576641977738222, "supply": [{"l": "Potash", "v": 0.0023562138907738603}, {"l": "Phosphate", "v": 0.18153908347856459}, {"l": "Nitrogen", "v": 4.7815246288252187}]}, {"source": 78, "prod": 1.3706334032002454, "target": 47, "value": 0.022338170518128982, "supply": [{"l": "Potash", "v": 0.0023562138907738603}, {"l": "Phosphate", "v": 0.18153908347856459}, {"l": "Nitrogen", "v": 4.7815246288252187}]}, {"source": 78, "prod": 11.580294719083893, "target": 9, "value": 0.18873215659351023, "supply": [{"l": "Potash", "v": 0.0023562138907738603}, {"l": "Phosphate", "v": 0.18153908347856459}, {"l": "Nitrogen", "v": 4.7815246288252187}]}, {"source": 78, "prod": 76.171393844895462, "target": 2, "value": 1.2414184422603385, "supply": [{"l": "Potash", "v": 0.0023562138907738603}, {"l": "Phosphate", "v": 0.18153908347856459}, {"l": "Nitrogen", "v": 4.7815246288252187}]}, {"source": 78, "prod": 0.77876897909104859, "target": 51, "value": 0.012692142339846014, "supply": [{"l": "Potash", "v": 0.0023562138907738603}, {"l": "Phosphate", "v": 0.18153908347856459}, {"l": "Nitrogen", "v": 4.7815246288252187}]}, {"source": 78, "prod": 0.01557537958182097, "target": 52, "value": 0.00025384284679692024, "supply": [{"l": "Potash", "v": 0.0023562138907738603}, {"l": "Phosphate", "v": 0.18153908347856459}, {"l": "Nitrogen", "v": 4.7815246288252187}]}, {"source": 78, "prod": 2.8269313941005061, "target": 54, "value": 0.046072476693641028, "supply": [{"l": "Potash", "v": 0.0023562138907738603}, {"l": "Phosphate", "v": 0.18153908347856459}, {"l": "Nitrogen", "v": 4.7815246288252187}]}, {"source": 78, "prod": 1.3706334032002454, "target": 57, "value": 0.022338170518128982, "supply": [{"l": "Potash", "v": 0.0023562138907738603}, {"l": "Phosphate", "v": 0.18153908347856459}, {"l": "Nitrogen", "v": 4.7815246288252187}]}, {"source": 78, "prod": 5.9731580696283428, "target": 59, "value": 0.097348731746618927, "supply": [{"l": "Potash", "v": 0.0023562138907738603}, {"l": "Phosphate", "v": 0.18153908347856459}, {"l": "Nitrogen", "v": 4.7815246288252187}]}, {"source": 78, "prod": 10.521168907520066, "target": 62, "value": 0.17147084301131962, "supply": [{"l": "Potash", "v": 0.0023562138907738603}, {"l": "Phosphate", "v": 0.18153908347856459}, {"l": "Nitrogen", "v": 4.7815246288252187}]}, {"source": 78, "prod": 7.6864498236286494, "target": 10, "value": 0.12527144489428016, "supply": [{"l": "Potash", "v": 0.0023562138907738603}, {"l": "Phosphate", "v": 0.18153908347856459}, {"l": "Nitrogen", "v": 4.7815246288252187}]}, {"source": 76, "prod": 0, "target": 78, "value": 5.8451047231001958, "supply": [{"l": "Natural gas (including LNG)", "v": 3.9880761698460976}, {"l": "Fuel oil", "v": 1.0117927716213422}, {"l": "Liquefied petroleum gas (LPG)", "v": 0.42261789081637818}, {"l": "Coal", "v": 0.42261789081637818}]}, {"source": 79, "prod": 0, "target": 0, "value": 0.29454959363357602, "supply": "[{\"l\":'Labor',\"v\":0.29454959363357602}]"}, {"source": 79, "prod": 0, "target": 12, "value": 0.0013722319759309389, "supply": "[{\"l\":'Labor',\"v\":0.0013722319759309389}]"}, {"source": 79, "prod": 0, "target": 30, "value": 0.004253919125385911, "supply": "[{\"l\":'Labor',\"v\":0.004253919125385911}]"}, {"source": 79, "prod": 0, "target": 71, "value": 6.8611598796546944e-05, "supply": "[{\"l\":'Labor',\"v\":6.8611598796546944e-05}]"}, {"source": 79, "prod": 0, "target": 14, "value": 0.00034305799398273474, "supply": "[{\"l\":'Labor',\"v\":0.00034305799398273474}]"}, {"source": 79, "prod": 0, "target": 6, "value": 0.019622917255812427, "supply": "[{\"l\":'Labor',\"v\":0.019622917255812427}]"}, {"source": 79, "prod": 0, "target": 8, "value": 0.19211247663033146, "supply": "[{\"l\":'Labor',\"v\":0.19211247663033146}]"}, {"source": 79, "prod": 0, "target": 22, "value": 0.16377588632735754, "supply": "[{\"l\":'Labor',\"v\":0.16377588632735754}]"}, {"source": 79, "prod": 0, "target": 24, "value": 0.00020583479638964082, "supply": "[{\"l\":'Labor',\"v\":0.00020583479638964082}]"}, {"source": 79, "prod": 0, "target": 4, "value": 0.32652259867276689, "supply": "[{\"l\":'Labor',\"v\":0.32652259867276689}]"}, {"source": 79, "prod": 0, "target": 26, "value": 0.00020583479638964082, "supply": "[{\"l\":'Labor',\"v\":0.00020583479638964082}]"}, {"source": 79, "prod": 0, "target": 27, "value": 0.00034305799398273474, "supply": "[{\"l\":'Labor',\"v\":0.00034305799398273474}]"}, {"source": 79, "prod": 0, "target": 13, "value": 0.37914769494971845, "supply": "[{\"l\":'Labor',\"v\":0.37914769494971845}]"}, {"source": 79, "prod": 0, "target": 31, "value": 0.00013722319759309389, "supply": "[{\"l\":'Labor',\"v\":0.00013722319759309389}]"}, {"source": 79, "prod": 0, "target": 32, "value": 0.0036364147362169881, "supply": "[{\"l\":'Labor',\"v\":0.0036364147362169881}]"}, {"source": 79, "prod": 0, "target": 34, "value": 0.01255592257976809, "supply": "[{\"l\":'Labor',\"v\":0.01255592257976809}]"}, {"source": 79, "prod": 0, "target": 35, "value": 0.0043911423229790044, "supply": "[{\"l\":'Labor',\"v\":0.0043911423229790044}]"}, {"source": 79, "prod": 0, "target": 65, "value": 0.0019897363650998611, "supply": "[{\"l\":'Labor',\"v\":0.0019897363650998611}]"}, {"source": 79, "prod": 0, "target": 15, "value": 0.051252864301020565, "supply": "[{\"l\":'Labor',\"v\":0.051252864301020565}]"}, {"source": 79, "prod": 0, "target": 40, "value": 6.8611598796546944e-05, "supply": "[{\"l\":'Labor',\"v\":6.8611598796546944e-05}]"}, {"source": 79, "prod": 0, "target": 64, "value": 0.12514755620490162, "supply": "[{\"l\":'Labor',\"v\":0.12514755620490162}]"}, {"source": 79, "prod": 0, "target": 41, "value": 0.052830931073341143, "supply": "[{\"l\":'Labor',\"v\":0.052830931073341143}]"}, {"source": 79, "prod": 0, "target": 43, "value": 0.0031561335446411592, "supply": "[{\"l\":'Labor',\"v\":0.0031561335446411592}]"}, {"source": 79, "prod": 0, "target": 44, "value": 0.0013722319759309389, "supply": "[{\"l\":'Labor',\"v\":0.0013722319759309389}]"}, {"source": 79, "prod": 0, "target": 10, "value": 0.067719648012191838, "supply": "[{\"l\":'Labor',\"v\":0.067719648012191838}]"}, {"source": 79, "prod": 0, "target": 47, "value": 0.012075641388192261, "supply": "[{\"l\":'Labor',\"v\":0.012075641388192261}]"}, {"source": 79, "prod": 0, "target": 9, "value": 0.10202544741046531, "supply": "[{\"l\":'Labor',\"v\":0.10202544741046531}]"}, {"source": 79, "prod": 0, "target": 2, "value": 0.67109004782902559, "supply": "[{\"l\":'Labor',\"v\":0.67109004782902559}]"}, {"source": 79, "prod": 0, "target": 51, "value": 0.0068611598796546949, "supply": "[{\"l\":'Labor',\"v\":0.0068611598796546949}]"}, {"source": 79, "prod": 0, "target": 52, "value": 0.00013722319759309389, "supply": "[{\"l\":'Labor',\"v\":0.00013722319759309389}]"}, {"source": 79, "prod": 0, "target": 53, "value": 0.0017839015687102205, "supply": "[{\"l\":'Labor',\"v\":0.0017839015687102205}]"}, {"source": 79, "prod": 0, "target": 54, "value": 0.02490601036314654, "supply": "[{\"l\":'Labor',\"v\":0.02490601036314654}]"}, {"source": 79, "prod": 0, "target": 57, "value": 0.012075641388192261, "supply": "[{\"l\":'Labor',\"v\":0.012075641388192261}]"}, {"source": 79, "prod": 0, "target": 59, "value": 0.052625096276951507, "supply": "[{\"l\":'Labor',\"v\":0.052625096276951507}]"}, {"source": 79, "prod": 0, "target": 62, "value": 0.092694269974134907, "supply": "[{\"l\":'Labor',\"v\":0.092694269974134907}]"}, {"source": 79, "prod": 0, "target": 45, "value": 0.0011663971795412981, "supply": "[{\"l\":'Labor',\"v\":0.0011663971795412981}]"}, {"source": 76, "prod": 0, "target": 70, "value": 2.8020853786259168, "supply": "[{\"l\":'Fossil Fuels',\"v\":2.8020853786259168}]"}, {"source": 77, "prod": 0, "target": 70, "value": 0.44142744492437369, "supply": "[{\"l\":'Renewables & Nuclear',\"v\":0.17593134806597635},{\"l\":'Biomass & Waste',\"v\":0.26549609685839737}]"}]}