{"nodes": [{"layer": 5, "name": "Sugar Crops", "fill": "#ffbb78"}, {"layer": 10, "name": "Feed", "fill": "#dbdb8d"}, {"layer": 5, "name": "Fruits & Vegetables"}, {"layer": 13, "name": "Animal Products", "fill": "#17becf"}, {"layer": 5, "name": "Cereals", "fill": "#e7ba52"}, {"layer": 13, "name": "Other Processed", "fill": "#9c9ede"}, {"layer": 16, "name": "Food", "fill": "#b5cf6b"}, {"layer": 5, "name": "Oilcrops", "fill": "#ff9896"}, {"layer": 13, "name": "Sugar", "fill": "#d6616b"}, {"layer": 5, "name": "Starchy Roots"}, {"layer": 5, "name": "Others"}, {"layer": 13, "name": "Aquatic Products", "fill": "#1f77b4"}, {"layer": 13, "name": "Vegetable Oils", "fill": "#f7b6d2"}, {"layer": 10, "name": "Processing", "fill": "#9edae5"}, {"layer": 16, "name": "Biofuels & Other", "fill": "#e7ba52"}, {"name": "Waste", "fill": "#c7c7c7"}, {"layer": 2, "name": "Import", "fill": "#aec7e8"}, {"layer": 16, "name": "Export", "fill": "#aec7e8"}, {"layer": 0, "name": "Stock Draw", "fill": "#c7c7c7"}, {"layer": 16, "name": "Stock Deposit", "fill": "#c7c7c7"}, {"layer": 2, "name": "Electricity", "fill": "#bcbd22"}, {"layer": 0, "name": "Fossil Fuels", "fill": "#c49c94"}, {"layer": 0, "name": "Renewables & Nuclear", "fill": "#2ca02c"}, {"layer": 2, "name": "Fertilizers", "fill": "#c5b0d5"}, {"layer": 0, "name": "Labor", "fill": "#7f7f7f"}], "links": [{"source": 0, "prod": 544.0, "target": 1, "value": 0.17428596696235474, "supply": [{"l": "Sugar cane", "v": 0.17428596696235474}]}, {"source": 2, "prod": 27.0, "target": 1, "value": 0.11212380956822283, "supply": [{"l": "Pulses, Other", "v": 0.11212380956822283}]}, {"source": 3, "prod": 224.0, "target": 1, "value": 0.11819948249125808, "supply": [{"l": "Milk - Excluding Butter", "v": 0.11819948249125808}]}, {"source": 4, "prod": 989.0, "target": 1, "value": 3.5981029379699523, "supply": [{"l": "Maize", "v": 1.1589903816915113}, {"l": "Wheat", "v": 0.71673204025091375}, {"l": "Barley", "v": 0.23082278080865629}, {"l": "Rice", "v": 0.10254539573924967}, {"l": "Sorghum", "v": 1.3890123394796214}]}, {"source": 5, "prod": 81.0, "target": 6, "value": 0.54919206615209748, "supply": [{"l": "Beer", "v": 0.012128619024428572}, {"l": "Beverages, Alcoholic", "v": 0.012128619024428572}, {"l": "Butter, Ghee", "v": 0.35527085726254026}, {"l": "Fats, Animals, Raw", "v": 0.16284162263945906}, {"l": "Wine", "v": 0.0068223482012410731}]}, {"source": 3, "prod": 1248.0, "target": 6, "value": 1.1507076927343536, "supply": [{"l": "Mutton & Goat Meat", "v": 0.11119409307097389}, {"l": "Pigmeat", "v": 0.0024347975847044891}, {"l": "Poultry Meat", "v": 0.14584538561325311}, {"l": "Eggs", "v": 0.048024430884606062}, {"l": "Milk - Excluding Butter", "v": 0.46435510978708544}, {"l": "Meat, Other", "v": 0.048772531821638293}, {"l": "Offals, Edible", "v": 0.03704741811098182}, {"l": "Bovine Meat", "v": 0.29303392586111038}]}, {"source": 4, "prod": 4647.0, "target": 6, "value": 17.363656439733891, "supply": [{"l": "Maize", "v": 5.4126460533857035}, {"l": "Barley", "v": 0.061022114466656251}, {"l": "Rice", "v": 2.8846465670997623}, {"l": "Wheat", "v": 8.0878625015991759}, {"l": "Sorghum", "v": 0.91747920318259224}]}, {"source": 7, "prod": 46.0, "target": 6, "value": 0.22507799003207424, "supply": [{"l": "Olives", "v": 0.011710390782206896}, {"l": "Coconuts - Incl Copra", "v": 0.011710390782206896}, {"l": "Sesame seed", "v": 0.13733877424720589}, {"l": "Groundnuts", "v": 0.064318434220454565}]}, {"source": 0, "prod": 534.0, "target": 6, "value": 0.17108218080495849, "supply": [{"l": "Sugar cane", "v": 0.17108218080495849}]}, {"source": 8, "prod": 356.0, "target": 6, "value": 1.5137802911171268, "supply": [{"l": "Sugar", "v": 1.307593767701841}, {"l": "Sweeteners, Other", "v": 0.19405790439085713}, {"l": "Honey", "v": 0.012128619024428572}]}, {"source": 9, "prod": 347.0, "target": 6, "value": 0.31905142452023749, "supply": [{"l": "Roots, Other", "v": 0.012555683074584507}, {"l": "Potatoes", "v": 0.22044810647504484}, {"l": "Sweet potatoes", "v": 0.086047634970608106}]}, {"source": 2, "prod": 4147.0, "target": 6, "value": 2.550788220887966, "supply": [{"l": "Tomatoes", "v": 0.1587828255522892}, {"l": "Treenuts", "v": 0.012735049975650002}, {"l": "Vegetables, Other", "v": 0.56197591260165591}, {"l": "Peas", "v": 0.0039064570477454}, {"l": "Grapes", "v": 0.073226537359987506}, {"l": "Dates", "v": 0.63510768606236945}, {"l": "Beans", "v": 0.0039357770344172188}, {"l": "Apples", "v": 0.0029685431178671329}, {"l": "Lemons, Limes", "v": 0.01212861902442857}, {"l": "Bananas", "v": 0.036565985078599011}, {"l": "Fruits, Other", "v": 0.061268281669793818}, {"l": "Oranges, Mandarines", "v": 0.061212270929603248}, {"l": "Onions", "v": 0.15871854320684739}, {"l": "Pulses, Other", "v": 0.76825573222671195}]}, {"source": 10, "prod": 53.0, "target": 6, "value": 0.10788824681789161, "supply": [{"l": "Nuts", "v": 0.014150055528500001}, {"l": "Coffee", "v": 0.002149375523316456}, {"l": "Cocoa Beans", "v": 0.00265313541159375}, {"l": "Pimento", "v": 0.062426715566911775}, {"l": "Spices, Other", "v": 0.014150055528500001}, {"l": "Tea", "v": 0.012358909259069623}]}, {"source": 11, "prod": 216.0, "target": 6, "value": 0.18424062573057412, "supply": [{"l": "Crustaceans", "v": 0.0080857460162857154}, {"l": "Marine Fish, Other", "v": 0.011939109352171875}, {"l": "Freshwater Fish", "v": 0.04864081587921875}, {"l": "Fish, Seafood", "v": 0.085579535836368001}, {"l": "Cephalopods", "v": 0.00079240310959599993}, {"l": "Pelagic Fish", "v": 0.024817020465369235}, {"l": "Demersal Fish", "v": 0.0043859950715645756}]}, {"source": 12, "prod": 135.0, "target": 6, "value": 1.4058845035431156, "supply": [{"l": "Soyabean Oil", "v": 0.045280177691199998}, {"l": "Olive Oil", "v": 0.010612541646375}, {"l": "Coconut Oil", "v": 0.028300111057000001}, {"l": "Cottonseed Oil", "v": 1.3216916731485406}]}, {"source": 0, "prod": 3005.0, "target": 13, "value": 0.96273774029756609, "supply": [{"l": "Sugar cane", "v": 0.96273774029756609}]}, {"source": 2, "prod": 3.0, "target": 13, "value": 0.0023878218704343752, "supply": [{"l": "Grapes", "v": 0.0023878218704343752}]}, {"source": 4, "prod": 41.0, "target": 13, "value": 0.16088174826352233, "supply": [{"l": "Maize", "v": 0.15292234202874108}, {"l": "Barley", "v": 0.0079594062347812505}]}, {"source": 7, "prod": 595.0, "target": 13, "value": 2.3553030404037529, "supply": [{"l": "Cottonseed", "v": 2.3371101118671103}, {"l": "Oilcrops, Other", "v": 0.018192928536642859}]}, {"source": 8, "prod": 26.0, "target": 13, "value": 0.11183367750081535, "supply": [{"l": "Sugar", "v": 0.11183367750081535}]}, {"source": 5, "prod": 52.0, "target": 14, "value": 0.40481751366781271, "supply": [{"l": "Beverages, Alcoholic", "v": 0.1334148092687143}, {"l": "Fats, Animals, Raw", "v": 0.27140270439909842}]}, {"source": 12, "prod": 3.0, "target": 14, "value": 0.031920860559880887, "supply": [{"l": "Palm Oil", "v": 0.021932586069175}, {"l": "Oilcrops Oil, Other", "v": 0.009988274490705884}]}, {"source": 4, "prod": 44.0, "target": 14, "value": 0.19313423738674182, "supply": [{"l": "Maize", "v": 0.028169905110557569}, {"l": "Rice", "v": 0.16496433227618426}]}, {"source": 7, "prod": 2.0, "target": 14, "value": 0.012128619024428572, "supply": [{"l": "Oilcrops, Other", "v": 0.012128619024428572}]}, {"source": 3, "prod": 5.0, "target": 3, "value": 0.0085757912293939389, "supply": [{"l": "Eggs", "v": 0.0085757912293939389}]}, {"source": 4, "prod": 203.0, "target": 4, "value": 0.74521021252111164, "supply": [{"l": "Maize", "v": 0.2454806016777159}, {"l": "Wheat", "v": 0.37025494022440575}, {"l": "Barley", "v": 0.02122508329275}, {"l": "Rice", "v": 0.093628404805401869}, {"l": "Sorghum", "v": 0.014621182520838121}]}, {"source": 7, "prod": 33.0, "target": 7, "value": 0.13699509649379379, "supply": [{"l": "Cottonseed", "v": 0.11843463404731976}, {"l": "Groundnuts", "v": 0.0064318434220454555}, {"l": "Oilcrops, Other", "v": 0.012128619024428572}]}, {"source": 0, "prod": 61.0, "target": 0, "value": 0.019543095560116984, "supply": [{"l": "Sugar cane", "v": 0.019543095560116984}]}, {"source": 9, "prod": 64.0, "target": 9, "value": 0.05672518644146906, "supply": [{"l": "Potatoes", "v": 0.050940199902600007}, {"l": "Roots, Other", "v": 0.0011957793404366198}, {"l": "Sweet potatoes", "v": 0.0045892071984324325}]}, {"source": 2, "prod": 34.0, "target": 2, "value": 0.14119294538220653, "supply": [{"l": "Pulses, Other", "v": 0.14119294538220653}]}, {"source": 3, "prod": 59.0, "target": 15, "value": 0.032320381390936688, "supply": [{"l": "Milk - Excluding Butter", "v": 0.030605223145057897}, {"l": "Eggs", "v": 0.0017151582458787879}]}, {"source": 4, "prod": 458.0, "target": 15, "value": 1.7286071289838703, "supply": [{"l": "Maize", "v": 0.72034471639854347}, {"l": "Sorghum", "v": 0.2046965552917337}, {"l": "Rice", "v": 0.21846627787927106}, {"l": "Wheat", "v": 0.56387449612157203}, {"l": "Barley", "v": 0.02122508329275}]}, {"source": 7, "prod": 10.0, "target": 15, "value": 0.046997839590994649, "supply": [{"l": "Cottonseed", "v": 0.027634747944374611}, {"l": "Sesame seed", "v": 0.0068669387123602944}, {"l": "Groundnuts", "v": 0.0064318434220454555}, {"l": "Oilcrops, Other", "v": 0.0060643095122142861}]}, {"source": 0, "prod": 42.0, "target": 15, "value": 0.013455901861064155, "supply": [{"l": "Sugar cane", "v": 0.013455901861064155}]}, {"source": 9, "prod": 53.0, "target": 15, "value": 0.048128836862414121, "supply": [{"l": "Roots, Other", "v": 0.0017936690106549298}, {"l": "Potatoes", "v": 0.036009451655286212}, {"l": "Sweet potatoes", "v": 0.010325716196472974}]}, {"source": 2, "prod": 490.0, "target": 15, "value": 0.28060263203286218, "supply": [{"l": "Dates", "v": 0.089169847040275363}, {"l": "Grapes", "v": 0.0087553468582593757}, {"l": "Fruits, Other", "v": 0.0071114969795296398}, {"l": "Apples", "v": 0.00059370862357342659}, {"l": "Lemons, Limes", "v": 0.001426896355815126}, {"l": "Tomatoes", "v": 0.017801682761661292}, {"l": "Bananas", "v": 0.0044131361301757424}, {"l": "Vegetables, Other", "v": 0.063729227202249647}, {"l": "Oranges, Mandarines", "v": 0.0072440557313139938}, {"l": "Pulses, Other", "v": 0.053985537940255436}, {"l": "Onions", "v": 0.026371696409753103}]}, {"source": 10, "prod": 1.0, "target": 15, "value": 0.0031213357783455888, "supply": [{"l": "Pimento", "v": 0.0031213357783455888}]}, {"source": 16, "prod": 31.0, "target": 10, "value": 0.032074468912742085, "supply": [{"l": "Cocoa Beans", "v": 0.00265313541159375}, {"l": "Nuts", "v": 0.0047166851761666672}, {"l": "Coffee", "v": 0.002149375523316456}, {"l": "Spices, Other", "v": 0.0070750277642500003}, {"l": "Tea", "v": 0.012358909259069623}, {"l": "Pimento", "v": 0.0031213357783455888}]}, {"source": 16, "prod": 55.0, "target": 1, "value": 0.064801192560684603, "supply": [{"l": "Milk - Excluding Butter", "v": 0.0036937338278518151}, {"l": "Fish, Seafood", "v": 0.014263255972727998}, {"l": "Bovine Meat", "v": 0.0085184280773578595}, {"l": "Mutton & Goat Meat", "v": 0.019957914140944031}, {"l": "Pelagic Fish", "v": 0.013061589718615384}, {"l": "Marine Fish, Other", "v": 0.0053062708231875}]}, {"source": 16, "prod": 139.0, "target": 13, "value": 0.93865925312934495, "supply": [{"l": "Olive Oil", "v": 0.010612541646375}, {"l": "Coconut Oil", "v": 0.028300111057000001}, {"l": "Sugar", "v": 0.32259714663696731}, {"l": "Cottonseed Oil", "v": 0.12390859435767569}, {"l": "Beverages, Alcoholic", "v": 0.0060643095122142861}, {"l": "Fats, Animals, Raw", "v": 0.37996378615873772}, {"l": "Soyabean Oil", "v": 0.045280177691199998}, {"l": "Palm Oil", "v": 0.021932586069175}]}, {"source": 16, "prod": 1299.0, "target": 4, "value": 4.4784436093404789, "supply": [{"l": "Maize", "v": 0.40645148802375919}, {"l": "Sorghum", "v": 0.036552956302095298}, {"l": "Wheat", "v": 4.0354391650146244}]}, {"source": 16, "prod": 36.0, "target": 2, "value": 0.099888675224721252, "supply": [{"l": "Dates", "v": 0.016378135170662823}, {"l": "Pulses, Other", "v": 0.074749206378815214}, {"l": "Fruits, Other", "v": 0.0027351911459729383}, {"l": "Treenuts", "v": 0.00424501665855}, {"l": "Apples", "v": 0.0017811258707202795}]}, {"source": 16, "prod": 20.0, "target": 7, "value": 0.094113655330530441, "supply": [{"l": "Coconuts - Incl Copra", "v": 0.011710390782206896}, {"l": "Sesame seed", "v": 0.082403264548323543}]}, {"source": 16, "prod": 16.0, "target": 9, "value": 0.014052468938648277, "supply": [{"l": "Potatoes", "v": 0.014052468938648277}]}, {"source": 3, "prod": 1.0, "target": 17, "value": 0.00052767626112168789, "supply": [{"l": "Milk - Excluding Butter", "v": 0.00052767626112168789}]}, {"source": 4, "prod": 255.0, "target": 17, "value": 1.1283067937843603, "supply": [{"l": "Maize", "v": 0.0040242721586510807}, {"l": "Barley", "v": 0.00265313541159375}, {"l": "Rice", "v": 1.1012483803302031}, {"l": "Wheat", "v": 0.020381005883912243}]}, {"source": 7, "prod": 8.0, "target": 17, "value": 0.052324937956993327, "supply": [{"l": "Sesame seed", "v": 0.013733877424720589}, {"l": "Groundnuts", "v": 0.038591060532272736}]}, {"source": 0, "prod": 1.0, "target": 17, "value": 0.00032037861573962266, "supply": [{"l": "Sugar beet", "v": 0.00032037861573962266}]}, {"source": 8, "prod": 75.0, "target": 17, "value": 0.32217700943629157, "supply": [{"l": "Sugar", "v": 0.31829585134847443}, {"l": "Sweeteners, Other", "v": 0.0038811580878171433}]}, {"source": 9, "prod": 59.0, "target": 17, "value": 0.05181847921126552, "supply": [{"l": "Potatoes", "v": 0.05181847921126552}]}, {"source": 2, "prod": 231.0, "target": 17, "value": 0.10566028317215749, "supply": [{"l": "Fruits, Other", "v": 0.0043763058335567016}, {"l": "Lemons, Limes", "v": 0.00071344817790756302}, {"l": "Tomatoes", "v": 0.0012277022594249167}, {"l": "Bananas", "v": 0.00063044801859653472}, {"l": "Vegetables, Other", "v": 0.010483595816820289}, {"l": "Oranges, Mandarines", "v": 0.0039842306522226969}, {"l": "Onions", "v": 0.080091818725916822}, {"l": "Pulses, Other", "v": 0.0041527336877119564}]}, {"source": 11, "prod": 4.0, "target": 17, "value": 0.0032588083241261515, "supply": [{"l": "Fish, Seafood", "v": 0.0015848062191919999}, {"l": "Crustaceans", "v": 0.0010107182520357144}, {"l": "Marine Fish, Other", "v": 0.0006632838528984375}]}, {"source": 18, "prod": 6.0, "target": 2, "value": 0.02491640212627174, "supply": [{"l": "Pulses, Other", "v": 0.02491640212627174}]}, {"source": 4, "prod": 3.0, "target": 19, "value": 0.0079594062347812505, "supply": [{"l": "Barley", "v": 0.0079594062347812505}]}, {"source": 2, "prod": 94.0, "target": 19, "value": 0.16488488810839877, "supply": [{"l": "Dates", "v": 0.16378135170662822}, {"l": "Vegetables, Other", "v": 0.0011035364017705567}]}, {"source": 7, "prod": 34.0, "target": 19, "value": 0.1426918720961769, "supply": [{"l": "Cottonseed", "v": 0.11843463404731976}, {"l": "Oilcrops, Other", "v": 0.024257238048857144}]}, {"source": 18, "prod": 10.0, "target": 13, "value": 0.10325716196472974, "supply": [{"l": "Cottonseed Oil", "v": 0.10325716196472974}]}, {"source": 18, "prod": 712.0, "target": 4, "value": 2.8232504837135597, "supply": [{"l": "Maize", "v": 0.80485443173021631}, {"l": "Wheat", "v": 0.84581174418235805}, {"l": "Rice", "v": 1.1725843078009854}]}, {"source": 1, "prod": 220.0, "target": 11, "value": 0.18749943405470026, "supply": [{"l": "Pelagic Fish", "v": 0.024817020465369235}, {"l": "Crustaceans", "v": 0.0090964642683214296}, {"l": "Freshwater Fish", "v": 0.04864081587921875}, {"l": "Marine Fish, Other", "v": 0.012602393205070313}, {"l": "Fish, Seafood", "v": 0.087164342055560007}, {"l": "Demersal Fish", "v": 0.0043859950715645756}, {"l": "Cephalopods", "v": 0.00079240310959599993}]}, {"source": 1, "prod": 1532.0, "target": 3, "value": 1.30175523287767, "supply": [{"l": "Poultry Meat", "v": 0.14584538561325311}, {"l": "Pigmeat", "v": 0.0024347975847044891}, {"l": "Bovine Meat", "v": 0.29303392586111038}, {"l": "Eggs", "v": 0.058315380359878793}, {"l": "Milk - Excluding Butter", "v": 0.61368749168452308}, {"l": "Offals, Edible", "v": 0.03704741811098182}, {"l": "Meat, Other", "v": 0.048772531821638293}, {"l": "Mutton & Goat Meat", "v": 0.11119409307097389}]}, {"source": 13, "prod": 133.0, "target": 5, "value": 0.95400957981991019, "supply": [{"l": "Fats, Animals, Raw", "v": 0.43424432703855748}, {"l": "Beer", "v": 0.012128619024428572}, {"l": "Beverages, Alcoholic", "v": 0.14554342829314287}, {"l": "Butter, Ghee", "v": 0.35527085726254026}, {"l": "Wine", "v": 0.0068223482012410731}]}, {"source": 13, "prod": 138.0, "target": 12, "value": 1.4378053641029964, "supply": [{"l": "Olive Oil", "v": 0.010612541646375}, {"l": "Soyabean Oil", "v": 0.045280177691199998}, {"l": "Coconut Oil", "v": 0.028300111057000001}, {"l": "Palm Oil", "v": 0.021932586069175}, {"l": "Cottonseed Oil", "v": 1.3216916731485406}, {"l": "Oilcrops Oil, Other", "v": 0.009988274490705884}]}, {"source": 13, "prod": 457.0, "target": 8, "value": 1.9477909780542335, "supply": [{"l": "Honey", "v": 0.012128619024428572}, {"l": "Sweeteners, Other", "v": 0.19793906247867427}, {"l": "Sugar", "v": 1.7377232965511307}]}, {"source": 20, "prod": 0, "target": 4, "value": 0.0062964613014512543, "supply": "[{\"l\":'Energy for power irrigation',\"v\":0.0062964613014512543}]"}, {"source": 20, "prod": 0, "target": 7, "value": 0.00080179447755635361, "supply": "[{\"l\":'Energy for power irrigation',\"v\":0.00080179447755635361}]"}, {"source": 20, "prod": 0, "target": 0, "value": 0.0046789038014333839, "supply": "[{\"l\":'Energy for power irrigation',\"v\":0.0046789038014333839}]"}, {"source": 20, "prod": 0, "target": 9, "value": 0.00057438656650030074, "supply": "[{\"l\":'Energy for power irrigation',\"v\":0.00057438656650030074}]"}, {"source": 20, "prod": 0, "target": 2, "value": 0.0055913291546386282, "supply": "[{\"l\":'Energy for power irrigation',\"v\":0.0055913291546386282}]"}, {"source": 20, "prod": 0, "target": 10, "value": 4.3023118307901905e-05, "supply": "[{\"l\":'Energy for power irrigation',\"v\":4.3023118307901905e-05}]"}, {"source": 20, "prod": 0, "target": 13, "value": 0.20917487546106761, "supply": "[{\"l\":'Electricity',\"v\":0.20917487546106761}]"}, {"source": 21, "prod": 0, "target": 20, "value": 0.21763956036233634, "supply": [{"l": "Coal", "v": 0.0}, {"l": "Natural gas", "v": 0.0}, {"l": "Oil", "v": 0.21763956036233634}]}, {"source": 22, "prod": 0, "target": 20, "value": 0.14445774094326763, "supply": [{"l": "Nuclear", "v": 0.0}, {"l": "Hydroelectric", "v": 0.14445774094326763}, {"l": "Renewable", "v": 0.0}]}, {"source": 21, "prod": 0, "target": 4, "value": 5.6506943379344277, "supply": [{"l": "Gas-Diesel oil", "v": 5.4359281738976017}, {"l": "Fuel oil", "v": 0.21476616403682736}]}, {"source": 21, "prod": 0, "target": 7, "value": 0.71956219495393592, "supply": [{"l": "Gas-Diesel oil", "v": 0.69221376604339846}, {"l": "Fuel oil", "v": 0.027348428910537511}]}, {"source": 21, "prod": 0, "target": 0, "value": 4.1990340212851986, "supply": [{"l": "Gas-Diesel oil", "v": 4.0394411685347871}, {"l": "Fuel oil", "v": 0.15959285275041193}]}, {"source": 21, "prod": 0, "target": 9, "value": 0.5154773076046314, "supply": [{"l": "Gas-Diesel oil", "v": 0.49588554110983524}, {"l": "Fuel oil", "v": 0.019591766494796211}]}, {"source": 21, "prod": 0, "target": 2, "value": 5.0178807560306877, "supply": [{"l": "Gas-Diesel oil", "v": 4.8271659629242425}, {"l": "Fuel oil", "v": 0.19071479310644521}]}, {"source": 21, "prod": 0, "target": 10, "value": 0.03861065436338193, "supply": [{"l": "Gas-Diesel oil", "v": 0.037143177690133575}, {"l": "Fuel oil", "v": 0.0014674766732483543}]}, {"source": 23, "prod": 84.816466324945637, "target": 4, "value": 1.3054951990341963, "supply": [{"l": "Potash", "v": 0.00512777778188}, {"l": "Phosphate", "v": 0.20371279182963686}, {"l": "Nitrogen", "v": 3.5203182250384764}]}, {"source": 23, "prod": 10.800570518794656, "target": 7, "value": 0.16624240044494376, "supply": [{"l": "Potash", "v": 0.00512777778188}, {"l": "Phosphate", "v": 0.20371279182963686}, {"l": "Nitrogen", "v": 3.5203182250384764}]}, {"source": 23, "prod": 63.02716203789997, "target": 0, "value": 0.9701141890773235, "supply": [{"l": "Potash", "v": 0.00512777778188}, {"l": "Phosphate", "v": 0.20371279182963686}, {"l": "Nitrogen", "v": 3.5203182250384764}]}, {"source": 23, "prod": 7.7372728176452306, "target": 9, "value": 0.11909211683442662, "supply": [{"l": "Potash", "v": 0.00512777778188}, {"l": "Phosphate", "v": 0.20371279182963686}, {"l": "Nitrogen", "v": 3.5203182250384764}]}, {"source": 23, "prod": 75.317985492388942, "target": 2, "value": 1.1592945653327891, "supply": [{"l": "Potash", "v": 0.00512777778188}, {"l": "Phosphate", "v": 0.20371279182963686}, {"l": "Nitrogen", "v": 3.5203182250384764}]}, {"source": 23, "prod": 0.57954280832556693, "target": 10, "value": 0.0089203239263140558, "supply": [{"l": "Potash", "v": 0.00512777778188}, {"l": "Phosphate", "v": 0.20371279182963686}, {"l": "Nitrogen", "v": 3.5203182250384764}]}, {"source": 21, "prod": 0, "target": 23, "value": 4.3899989036855072, "supply": [{"l": "Natural gas (including LNG)", "v": 2.999248025328316}, {"l": "Fuel oil", "v": 0.76846004906839827}, {"l": "Liquefied petroleum gas (LPG)", "v": 0.31114541464439655}, {"l": "Coal", "v": 0.31114541464439655}]}, {"source": 24, "prod": 0, "target": 4, "value": 0.81664402709438499, "supply": "[{\"l\":'Labor',\"v\":0.81664402709438499}]"}, {"source": 24, "prod": 0, "target": 7, "value": 0.10399185188396862, "supply": "[{\"l\":'Labor',\"v\":0.10399185188396862}]"}, {"source": 24, "prod": 0, "target": 0, "value": 0.60684861858979322, "supply": "[{\"l\":'Labor',\"v\":0.60684861858979322}]"}, {"source": 24, "prod": 0, "target": 9, "value": 0.074497298771233261, "supply": "[{\"l\":'Labor',\"v\":0.074497298771233261}]"}, {"source": 24, "prod": 0, "target": 2, "value": 0.72518917198806543, "supply": "[{\"l\":'Labor',\"v\":0.72518917198806543}]"}, {"source": 24, "prod": 0, "target": 10, "value": 0.005580050588895877, "supply": "[{\"l\":'Labor',\"v\":0.005580050588895877}]"}, {"source": 21, "prod": 0, "target": 16, "value": 1.5967513232280004, "supply": "[{\"l\":'Fossil Fuels',\"v\":1.5967513232280004}]"}, {"source": 22, "prod": 0, "target": 16, "value": 0.25154474669782989, "supply": "[{\"l\":'Renewables & Nuclear',\"v\":0.10025340946584224},{\"l\":'Biomass & Waste',\"v\":0.15129133723198762}]"}]}