{"nodes": [{"layer": 3, "name": "Maize"}, {"layer": 5, "name": "Production", "fill": "#b5cf6b"}, {"layer": 3, "name": "Roots, Other"}, {"layer": 3, "name": "Fruits, Other"}, {"layer": 3, "name": "Rice"}, {"layer": 3, "name": "Coffee"}, {"layer": 3, "name": "Coconuts - Incl Copra"}, {"layer": 3, "name": "Vegetables, Other"}, {"layer": 3, "name": "Groundnuts"}, {"layer": 3, "name": "Soyabeans"}, {"layer": 3, "name": "Potatoes"}, {"layer": 3, "name": "Beans"}, {"layer": 3, "name": "Bananas"}, {"layer": 3, "name": "Sweet potatoes"}, {"layer": 3, "name": "Cassava"}, {"layer": 1, "name": "Electricity", "fill": "#bcbd22"}, {"layer": 0, "name": "Fossil Fuels", "fill": "#c49c94"}, {"layer": 0, "name": "Renewables & Nuclear", "fill": "#2ca02c"}, {"layer": 0, "name": "Labor", "fill": "#7f7f7f"}], "links": [{"source": 0, "prod": 25.0, "target": 1, "value": 0.073739725993591548, "supply": [{"l": "Maize", "v": 0.073739725993591548}]}, {"source": 2, "prod": 45.0, "target": 1, "value": 0.048586716745477314, "supply": [{"l": "Roots, Other", "v": 0.048586716745477314}]}, {"source": 3, "prod": 9.0, "target": 1, "value": 0.0041624287858155638, "supply": [{"l": "Fruits, Other", "v": 0.0041624287858155638}]}, {"source": 4, "prod": 16.0, "target": 1, "value": 0.061231219661641863, "supply": [{"l": "Rice", "v": 0.061231219661641863}]}, {"source": 5, "prod": 6.0, "target": 1, "value": 0.0022342192939736848, "supply": [{"l": "Coffee", "v": 0.0022342192939736848}]}, {"source": 6, "prod": 15.0, "target": 1, "value": 0.02491640212627174, "supply": [{"l": "Coconuts - Incl Copra", "v": 0.02491640212627174}]}, {"source": 7, "prod": 22.0, "target": 1, "value": 0.0057365089980405404, "supply": [{"l": "Vegetables, Other", "v": 0.0057365089980405404}]}, {"source": 8, "prod": 1.0, "target": 1, "value": 0.0064012155962261908, "supply": [{"l": "Groundnuts", "v": 0.0064012155962261908}]}, {"source": 9, "prod": 1.0, "target": 1, "value": 0.0038058770042172412, "supply": [{"l": "Soyabeans", "v": 0.0038058770042172412}]}, {"source": 10, "prod": 1.0, "target": 1, "value": 0.0010353699167195121, "supply": [{"l": "Potatoes", "v": 0.0010353699167195121}]}, {"source": 11, "prod": 6.0, "target": 1, "value": 0.023737876528919396, "supply": [{"l": "Beans", "v": 0.023737876528919396}]}, {"source": 12, "prod": 21.0, "target": 1, "value": 0.015435060571194171, "supply": [{"l": "Bananas", "v": 0.015435060571194171}]}, {"source": 13, "prod": 18.0, "target": 1, "value": 0.020909055895634611, "supply": [{"l": "Sweet potatoes", "v": 0.020909055895634611}]}, {"source": 14, "prod": 25.0, "target": 1, "value": 0.025682407856244965, "supply": [{"l": "Cassava", "v": 0.025682407856244965}]}, {"source": 15, "prod": 0, "target": 0, "value": 0.0011214234599728889, "supply": "[{\"l\":'Energy for power irrigation',\"v\":0.0011214234599728889}]"}, {"source": 15, "prod": 0, "target": 5, "value": 0.00026914163039349335, "supply": "[{\"l\":'Energy for power irrigation',\"v\":0.00026914163039349335}]"}, {"source": 15, "prod": 0, "target": 7, "value": 0.00098685264477614229, "supply": "[{\"l\":'Energy for power irrigation',\"v\":0.00098685264477614229}]"}, {"source": 15, "prod": 0, "target": 12, "value": 0.00091956723717776889, "supply": "[{\"l\":'Energy for power irrigation',\"v\":0.00091956723717776889}]"}, {"source": 15, "prod": 0, "target": 6, "value": 0.00071771101438264904, "supply": "[{\"l\":'Energy for power irrigation',\"v\":0.00071771101438264904}]"}, {"source": 15, "prod": 0, "target": 9, "value": 4.4856938398915565e-05, "supply": "[{\"l\":'Energy for power irrigation',\"v\":4.4856938398915565e-05}]"}, {"source": 15, "prod": 0, "target": 10, "value": 4.4856938398915565e-05, "supply": "[{\"l\":'Energy for power irrigation',\"v\":4.4856938398915565e-05}]"}, {"source": 15, "prod": 0, "target": 2, "value": 0.0020409906971506579, "supply": "[{\"l\":'Energy for power irrigation',\"v\":0.0020409906971506579}]"}, {"source": 15, "prod": 0, "target": 3, "value": 0.00040371244559024003, "supply": "[{\"l\":'Energy for power irrigation',\"v\":0.00040371244559024003}]"}, {"source": 15, "prod": 0, "target": 13, "value": 0.00080742489118048005, "supply": "[{\"l\":'Energy for power irrigation',\"v\":0.00080742489118048005}]"}, {"source": 15, "prod": 0, "target": 11, "value": 0.00024671316119403557, "supply": "[{\"l\":'Energy for power irrigation',\"v\":0.00024671316119403557}]"}, {"source": 15, "prod": 0, "target": 8, "value": 4.4856938398915565e-05, "supply": "[{\"l\":'Energy for power irrigation',\"v\":4.4856938398915565e-05}]"}, {"source": 15, "prod": 0, "target": 4, "value": 0.0014578504979647557, "supply": "[{\"l\":'Energy for power irrigation',\"v\":0.0014578504979647557}]"}, {"source": 15, "prod": 0, "target": 14, "value": 0.0011214234599728889, "supply": "[{\"l\":'Energy for power irrigation',\"v\":0.0011214234599728889}]"}, {"source": 16, "prod": 0, "target": 15, "value": 0.0051699856279977079, "supply": [{"l": "Coal", "v": 0.00020605538194763348}, {"l": "Natural gas", "v": 0.0010129398362225728}, {"l": "Oil", "v": 0.0039509904098275015}]}, {"source": 17, "prod": 0, "target": 15, "value": 0.008363702688958476, "supply": [{"l": "Nuclear", "v": 0.0}, {"l": "Hydroelectric", "v": 0.0083354375748416597}, {"l": "Renewable", "v": 2.8265114116816756e-05}]}, {"source": 16, "prod": 0, "target": 0, "value": 0.0005787787981592073, "supply": [{"l": "Other fossil fuels", "v": 0.0005787787981592073}]}, {"source": 16, "prod": 0, "target": 5, "value": 0.00013890691155820978, "supply": [{"l": "Other fossil fuels", "v": 0.00013890691155820978}]}, {"source": 16, "prod": 0, "target": 7, "value": 0.00050932534238010249, "supply": [{"l": "Other fossil fuels", "v": 0.00050932534238010249}]}, {"source": 16, "prod": 0, "target": 12, "value": 0.00047459861449054998, "supply": [{"l": "Other fossil fuels", "v": 0.00047459861449054998}]}, {"source": 16, "prod": 0, "target": 6, "value": 0.00037041843082189272, "supply": [{"l": "Other fossil fuels", "v": 0.00037041843082189272}]}, {"source": 16, "prod": 0, "target": 9, "value": 2.3151151926368295e-05, "supply": [{"l": "Other fossil fuels", "v": 2.3151151926368295e-05}]}, {"source": 16, "prod": 0, "target": 10, "value": 2.3151151926368295e-05, "supply": [{"l": "Other fossil fuels", "v": 2.3151151926368295e-05}]}, {"source": 16, "prod": 0, "target": 2, "value": 0.0010533774126497573, "supply": [{"l": "Other fossil fuels", "v": 0.0010533774126497573}]}, {"source": 16, "prod": 0, "target": 3, "value": 0.00020836036733731464, "supply": [{"l": "Other fossil fuels", "v": 0.00020836036733731464}]}, {"source": 16, "prod": 0, "target": 13, "value": 0.00041672073467462927, "supply": [{"l": "Other fossil fuels", "v": 0.00041672073467462927}]}, {"source": 16, "prod": 0, "target": 11, "value": 0.00012733133559502562, "supply": [{"l": "Other fossil fuels", "v": 0.00012733133559502562}]}, {"source": 16, "prod": 0, "target": 8, "value": 2.3151151926368295e-05, "supply": [{"l": "Other fossil fuels", "v": 2.3151151926368295e-05}]}, {"source": 16, "prod": 0, "target": 4, "value": 0.00075241243760696948, "supply": [{"l": "Other fossil fuels", "v": 0.00075241243760696948}]}, {"source": 16, "prod": 0, "target": 14, "value": 0.0005787787981592073, "supply": [{"l": "Other fossil fuels", "v": 0.0005787787981592073}]}, {"source": 18, "prod": 0, "target": 0, "value": 0.011957973665475444, "supply": "[{\"l\":'Labor',\"v\":0.011957973665475444}]"}, {"source": 18, "prod": 0, "target": 5, "value": 0.0028699136797141066, "supply": "[{\"l\":'Labor',\"v\":0.0028699136797141066}]"}, {"source": 18, "prod": 0, "target": 7, "value": 0.010523016825618391, "supply": "[{\"l\":'Labor',\"v\":0.010523016825618391}]"}, {"source": 18, "prod": 0, "target": 12, "value": 0.0098055384056898627, "supply": "[{\"l\":'Labor',\"v\":0.0098055384056898627}]"}, {"source": 18, "prod": 0, "target": 6, "value": 0.0076531031459042848, "supply": "[{\"l\":'Labor',\"v\":0.0076531031459042848}]"}, {"source": 18, "prod": 0, "target": 9, "value": 0.0004783189466190178, "supply": "[{\"l\":'Labor',\"v\":0.0004783189466190178}]"}, {"source": 18, "prod": 0, "target": 10, "value": 0.0004783189466190178, "supply": "[{\"l\":'Labor',\"v\":0.0004783189466190178}]"}, {"source": 18, "prod": 0, "target": 2, "value": 0.021763512071165309, "supply": "[{\"l\":'Labor',\"v\":0.021763512071165309}]"}, {"source": 18, "prod": 0, "target": 3, "value": 0.0043048705195711601, "supply": "[{\"l\":'Labor',\"v\":0.0043048705195711601}]"}, {"source": 18, "prod": 0, "target": 13, "value": 0.0086097410391423202, "supply": "[{\"l\":'Labor',\"v\":0.0086097410391423202}]"}, {"source": 18, "prod": 0, "target": 11, "value": 0.0026307542064045977, "supply": "[{\"l\":'Labor',\"v\":0.0026307542064045977}]"}, {"source": 18, "prod": 0, "target": 8, "value": 0.0004783189466190178, "supply": "[{\"l\":'Labor',\"v\":0.0004783189466190178}]"}, {"source": 18, "prod": 0, "target": 4, "value": 0.015545365765118077, "supply": "[{\"l\":'Labor',\"v\":0.015545365765118077}]"}, {"source": 18, "prod": 0, "target": 14, "value": 0.011957973665475444, "supply": "[{\"l\":'Labor',\"v\":0.011957973665475444}]"}]}