{"nodes": [{"layer": 5, "name": "Starchy Roots"}, {"layer": 10, "name": "Feed", "fill": "#dbdb8d"}, {"layer": 5, "name": "Cereals - Excluding Beer"}, {"layer": 13, "name": "Milk - Excluding Butter"}, {"layer": 16, "name": "Food", "fill": "#b5cf6b"}, {"layer": 13, "name": "Meat"}, {"layer": 13, "name": "Eggs"}, {"layer": 13, "name": "Alcoholic Beverages"}, {"layer": 5, "name": "Pulses"}, {"layer": 13, "name": "Sugar & Sweeteners"}, {"layer": 13, "name": "Vegetable Oils", "fill": "#f7b6d2"}, {"layer": 5, "name": "Vegetables"}, {"layer": 5, "name": "Fruits - Excluding Wine"}, {"layer": 5, "name": "Oilcrops", "fill": "#ff9896"}, {"layer": 10, "name": "Processing", "fill": "#9edae5"}, {"name": "Waste", "fill": "#c7c7c7"}, {"layer": 2, "name": "Import", "fill": "#aec7e8"}, {"layer": 16, "name": "Export", "fill": "#aec7e8"}, {"layer": 5, "name": "Stimulants"}, {"layer": 16, "name": "Stock Deposit", "fill": "#c7c7c7"}, {"layer": 2, "name": "Electricity", "fill": "#bcbd22"}, {"layer": 0, "name": "Fossil Fuels", "fill": "#c49c94"}, {"layer": 0, "name": "Renewables & Nuclear", "fill": "#2ca02c"}, {"layer": 0, "name": "Labor", "fill": "#7f7f7f"}], "links": [{"source": 0, "prod": 1.0, "target": 1, "value": 0.001167588078972495, "supply": [{"l": "Sweet potatoes", "v": 0.001167588078972495}]}, {"source": 2, "prod": 2.0, "target": 1, "value": 0.0067713634123066063, "supply": [{"l": "Maize", "v": 0.0029416080214301303}, {"l": "Rice", "v": 0.0038297553908764759}]}, {"source": 3, "prod": 3.0, "target": 4, "value": 0.0016883588982869321, "supply": [{"l": "Milk - Excluding Butter", "v": 0.0016883588982869321}]}, {"source": 5, "prod": 46.0, "target": 4, "value": 0.078522459543423156, "supply": [{"l": "Pigmeat", "v": 0.016576846054496042}, {"l": "Meat, Other", "v": 0.051357674763859551}, {"l": "Poultry Meat", "v": 0.0043819526797935484}, {"l": "Bovine Meat", "v": 0.0029702740467988336}, {"l": "Offals, Edible", "v": 0.0013061589718615385}, {"l": "Mutton & Goat Meat", "v": 0.0019295530266136365}]}, {"source": 6, "prod": 1.0, "target": 4, "value": 0.001829748559719828, "supply": [{"l": "Eggs", "v": 0.001829748559719828}]}, {"source": 7, "prod": 2.0, "target": 4, "value": 0.0012612903958368954, "supply": [{"l": "Beer", "v": 0.00048238825665340913}, {"l": "Wine", "v": 0.00077890213918348629}]}, {"source": 0, "prod": 50.0, "target": 4, "value": 0.054219298526643124, "supply": [{"l": "Roots, Other", "v": 0.030247472119146988}, {"l": "Potatoes", "v": 0.0016079608555113639}, {"l": "Sweet potatoes", "v": 0.01401105694766994}, {"l": "Cassava", "v": 0.0083528086043148288}]}, {"source": 8, "prod": 4.0, "target": 4, "value": 0.01574365837552584, "supply": [{"l": "Beans", "v": 0.0079403189296618701}, {"l": "Pulses, Other", "v": 0.0078033394458639719}]}, {"source": 9, "prod": 2.0, "target": 4, "value": 0.0078691635337066329, "supply": [{"l": "Sugar", "v": 0.0043316496515816332}, {"l": "Honey", "v": 0.0035375138821250002}]}, {"source": 2, "prod": 60.0, "target": 4, "value": 0.21481070117425835, "supply": [{"l": "Maize", "v": 0.044124120321451958}, {"l": "Rice", "v": 0.16467948180768846}, {"l": "Wheat", "v": 0.0060070990451179251}]}, {"source": 10, "prod": 1.0, "target": 4, "value": 0.010130153389721593, "supply": [{"l": "Oilcrops Oil, Other", "v": 0.010130153389721593}]}, {"source": 11, "prod": 19.0, "target": 4, "value": 0.0049225093996002438, "supply": [{"l": "Vegetables, Other", "v": 0.0049225093996002438}]}, {"source": 12, "prod": 22.0, "target": 4, "value": 0.014268962929797659, "supply": [{"l": "Fruits, Other", "v": 0.0032450205346170047}, {"l": "Bananas", "v": 0.011023942395180654}]}, {"source": 13, "prod": 4.0, "target": 4, "value": 0.012178792245380586, "supply": [{"l": "Soyabeans", "v": 0.0038358584264006029}, {"l": "Coconuts - Incl Copra", "v": 0.003461164661647483}, {"l": "Palm kernels", "v": 0.0048817691573325005}]}, {"source": 13, "prod": 1.0, "target": 14, "value": 0.0017305823308237415, "supply": [{"l": "Coconuts - Incl Copra", "v": 0.0017305823308237415}]}, {"source": 0, "prod": 4.0, "target": 15, "value": 0.0044083886631668158, "supply": [{"l": "Sweet potatoes", "v": 0.001167588078972495}, {"l": "Roots, Other", "v": 0.0032408005841943204}]}, {"source": 12, "prod": 3.0, "target": 15, "value": 0.0019334333481122309, "supply": [{"l": "Bananas", "v": 0.0014698589860240874}, {"l": "Fruits, Other", "v": 0.00046357436208814356}]}, {"source": 11, "prod": 1.0, "target": 15, "value": 0.00025907944208422335, "supply": [{"l": "Vegetables, Other", "v": 0.00025907944208422335}]}, {"source": 13, "prod": 1.0, "target": 15, "value": 0.0017305823308237415, "supply": [{"l": "Coconuts - Incl Copra", "v": 0.0017305823308237415}]}, {"source": 16, "prod": 38.0, "target": 2, "value": 0.14387829311667105, "supply": [{"l": "Wheat", "v": 0.0060070990451179251}, {"l": "Rice", "v": 0.13787119407155313}]}, {"source": 16, "prod": 4.0, "target": 14, "value": 0.01572309343714012, "supply": [{"l": "Beer", "v": 0.00048238825665340913}, {"l": "Sugar", "v": 0.0043316496515816332}, {"l": "Oilcrops Oil, Other", "v": 0.010130153389721593}, {"l": "Wine", "v": 0.00077890213918348629}]}, {"source": 16, "prod": 4.0, "target": 1, "value": 0.0040468743853869869, "supply": [{"l": "Poultry Meat", "v": 0.0029213017865290323}, {"l": "Milk - Excluding Butter", "v": 0.0011255725988579548}]}, {"source": 2, "prod": 1.0, "target": 17, "value": 0.0038297553908764759, "supply": [{"l": "Rice", "v": 0.0038297553908764759}]}, {"source": 18, "prod": 4.0, "target": 17, "value": 0.0025343383036119404, "supply": [{"l": "Coffee", "v": 0.0025343383036119404}]}, {"source": 13, "prod": 8.0, "target": 17, "value": 0.013844658646589932, "supply": [{"l": "Coconuts - Incl Copra", "v": 0.013844658646589932}]}, {"source": 18, "prod": 2.0, "target": 19, "value": 0.0012671691518059702, "supply": [{"l": "Coffee", "v": 0.0012671691518059702}]}, {"source": 1, "prod": 3.0, "target": 3, "value": 0.0016883588982869321, "supply": [{"l": "Milk - Excluding Butter", "v": 0.0016883588982869321}]}, {"source": 1, "prod": 1.0, "target": 6, "value": 0.001829748559719828, "supply": [{"l": "Eggs", "v": 0.001829748559719828}]}, {"source": 1, "prod": 46.0, "target": 5, "value": 0.078522459543423156, "supply": [{"l": "Pigmeat", "v": 0.016576846054496042}, {"l": "Bovine Meat", "v": 0.0029702740467988336}, {"l": "Poultry Meat", "v": 0.0043819526797935484}, {"l": "Offals, Edible", "v": 0.0013061589718615385}, {"l": "Meat, Other", "v": 0.051357674763859551}, {"l": "Mutton & Goat Meat", "v": 0.0019295530266136365}]}, {"source": 14, "prod": 2.0, "target": 9, "value": 0.0078691635337066329, "supply": [{"l": "Honey", "v": 0.0035375138821250002}, {"l": "Sugar", "v": 0.0043316496515816332}]}, {"source": 14, "prod": 1.0, "target": 10, "value": 0.010130153389721593, "supply": [{"l": "Oilcrops Oil, Other", "v": 0.010130153389721593}]}, {"source": 14, "prod": 2.0, "target": 7, "value": 0.0012612903958368954, "supply": [{"l": "Beer", "v": 0.00048238825665340913}, {"l": "Wine", "v": 0.00077890213918348629}]}, {"source": 20, "prod": 0, "target": 13, "value": 0.00089096762112757277, "supply": "[{\"l\":'Energy for power irrigation',\"v\":0.00089096762112757277}]"}, {"source": 20, "prod": 0, "target": 11, "value": 0.0012289208567276865, "supply": "[{\"l\":'Energy for power irrigation',\"v\":0.0012289208567276865}]"}, {"source": 20, "prod": 0, "target": 0, "value": 0.0033488093345829459, "supply": "[{\"l\":'Energy for power irrigation',\"v\":0.0033488093345829459}]"}, {"source": 20, "prod": 0, "target": 8, "value": 0.00024578417134553734, "supply": "[{\"l\":'Energy for power irrigation',\"v\":0.00024578417134553734}]"}, {"source": 20, "prod": 0, "target": 2, "value": 0.002734348906219103, "supply": "[{\"l\":'Energy for power irrigation',\"v\":0.002734348906219103}]"}, {"source": 20, "prod": 0, "target": 12, "value": 0.0015361510709096084, "supply": "[{\"l\":'Energy for power irrigation',\"v\":0.0015361510709096084}]"}, {"source": 20, "prod": 0, "target": 18, "value": 0.00039939927843649818, "supply": "[{\"l\":'Energy for power irrigation',\"v\":0.00039939927843649818}]"}, {"source": 20, "prod": 0, "target": 14, "value": 0.00034413606194054968, "supply": "[{\"l\":'Electricity',\"v\":0.00034413606194054968}]"}, {"source": 21, "prod": 0, "target": 20, "value": 0.0081680834843759105, "supply": [{"l": "Coal", "v": 0.000571089341144102}, {"l": "Natural gas", "v": 0.0010290239955489833}, {"l": "Oil", "v": 0.0065679701476828254}]}, {"source": 22, "prod": 0, "target": 20, "value": 0.0075949241239190715, "supply": [{"l": "Nuclear", "v": 0.0}, {"l": "Hydroelectric", "v": 0.0075509340619184405}, {"l": "Renewable", "v": 4.3990062000631257e-05}]}, {"source": 21, "prod": 0, "target": 13, "value": 0.00041909289974355839, "supply": [{"l": "Other fossil fuels", "v": 0.00041909289974355839}]}, {"source": 21, "prod": 0, "target": 11, "value": 0.0005780591720600805, "supply": [{"l": "Other fossil fuels", "v": 0.0005780591720600805}]}, {"source": 21, "prod": 0, "target": 0, "value": 0.0015752112438637196, "supply": [{"l": "Other fossil fuels", "v": 0.0015752112438637196}]}, {"source": 21, "prod": 0, "target": 8, "value": 0.00011561183441201611, "supply": [{"l": "Other fossil fuels", "v": 0.00011561183441201611}]}, {"source": 21, "prod": 0, "target": 2, "value": 0.0012861816578336794, "supply": [{"l": "Other fossil fuels", "v": 0.0012861816578336794}]}, {"source": 21, "prod": 0, "target": 12, "value": 0.00072257396507510079, "supply": [{"l": "Other fossil fuels", "v": 0.00072257396507510079}]}, {"source": 21, "prod": 0, "target": 18, "value": 0.00018786923091952619, "supply": [{"l": "Other fossil fuels", "v": 0.00018786923091952619}]}, {"source": 23, "prod": 0, "target": 0, "value": 0.030096560978026574, "supply": "[{\"l\":'Labor',\"v\":0.030096560978026574}]"}, {"source": 23, "prod": 0, "target": 8, "value": 0.0022089219066441525, "supply": "[{\"l\":'Labor',\"v\":0.0022089219066441525}]"}, {"source": 23, "prod": 0, "target": 2, "value": 0.024574256211416196, "supply": "[{\"l\":'Labor',\"v\":0.024574256211416196}]"}, {"source": 23, "prod": 0, "target": 18, "value": 0.0035894980982967479, "supply": "[{\"l\":'Labor',\"v\":0.0035894980982967479}]"}, {"source": 23, "prod": 0, "target": 11, "value": 0.011044609533220761, "supply": "[{\"l\":'Labor',\"v\":0.011044609533220761}]"}, {"source": 23, "prod": 0, "target": 12, "value": 0.013805761916525952, "supply": "[{\"l\":'Labor',\"v\":0.013805761916525952}]"}, {"source": 23, "prod": 0, "target": 13, "value": 0.0080073419115850517, "supply": "[{\"l\":'Labor',\"v\":0.0080073419115850517}]"}, {"source": 21, "prod": 0, "target": 16, "value": 0.025565903849121795, "supply": "[{\"l\":'Fossil Fuels',\"v\":0.025565903849121795}]"}, {"source": 22, "prod": 0, "target": 16, "value": 0.14842792057780491, "supply": "[{\"l\":'Renewables & Nuclear',\"v\":0.0018234447073688701},{\"l\":'Biomass & Waste',\"v\":0.14660447587043604}]"}]}