{"nodes": [{"layer": 3, "name": "Cereals", "fill": "#e7ba52"}, {"layer": 5, "name": "Production", "fill": "#b5cf6b"}, {"layer": 3, "name": "Oilcrops", "fill": "#ff9896"}, {"layer": 3, "name": "Starchy Roots"}, {"layer": 3, "name": "Fruits & Vegetables"}, {"layer": 3, "name": "Others"}, {"layer": 1, "name": "Electricity", "fill": "#bcbd22"}, {"layer": 0, "name": "Fossil Fuels", "fill": "#c49c94"}, {"layer": 0, "name": "Renewables & Nuclear", "fill": "#2ca02c"}, {"layer": 0, "name": "Labor", "fill": "#7f7f7f"}], "links": [{"source": 0, "prod": 70.0, "target": 1, "value": 0.22379808281755037, "supply": [{"l": "Maize", "v": 0.14723374820763044}, {"l": "Rice", "v": 0.076564334609919946}]}, {"source": 2, "prod": 16.0, "target": 1, "value": 0.034070189255843895, "supply": [{"l": "Coconuts - Incl Copra", "v": 0.023772093287880002}, {"l": "Soyabeans", "v": 0.0039305709801388897}, {"l": "Groundnuts", "v": 0.0063675249878250009}]}, {"source": 3, "prod": 85.0, "target": 1, "value": 0.091556689189386878, "supply": [{"l": "Potatoes", "v": 0.00096477651330681825}, {"l": "Roots, Other", "v": 0.053987623094535177}, {"l": "Sweet potatoes", "v": 0.013974987601036042}, {"l": "Cassava", "v": 0.022629301980508849}]}, {"source": 4, "prod": 51.0, "target": 1, "value": 0.041514068591806341, "supply": [{"l": "Vegetables, Other", "v": 0.0051313388180274722}, {"l": "Bananas", "v": 0.012350340181234537}, {"l": "Fruits, Other", "v": 0.0043552419169417354}, {"l": "Beans", "v": 0.019677147675602597}]}, {"source": 5, "prod": 8.0, "target": 1, "value": 0.0032971003173203881, "supply": [{"l": "Coffee", "v": 0.0032971003173203881}]}, {"source": 6, "prod": 0, "target": 3, "value": 0.0035443696445682056, "supply": "[{\"l\":'Energy for power irrigation',\"v\":0.0035443696445682056}]"}, {"source": 6, "prod": 0, "target": 4, "value": 0.0021763673256120558, "supply": "[{\"l\":'Energy for power irrigation',\"v\":0.0021763673256120558}]"}, {"source": 6, "prod": 0, "target": 0, "value": 0.0036687334917460371, "supply": "[{\"l\":'Energy for power irrigation',\"v\":0.0036687334917460371}]"}, {"source": 6, "prod": 0, "target": 2, "value": 0.00066327385161510269, "supply": "[{\"l\":'Energy for power irrigation',\"v\":0.00066327385161510269}]"}, {"source": 6, "prod": 0, "target": 5, "value": 0.00033163692580755134, "supply": "[{\"l\":'Energy for power irrigation',\"v\":0.00033163692580755134}]"}, {"source": 7, "prod": 0, "target": 6, "value": 0.0055414398993041316, "supply": [{"l": "Coal", "v": 0.000202115089785483}, {"l": "Natural gas", "v": 0.0013669055205145384}, {"l": "Oil", "v": 0.0039724192890041102}]}, {"source": 8, "prod": 0, "target": 6, "value": 0.0081854858920145587, "supply": [{"l": "Nuclear", "v": 0.0}, {"l": "Hydroelectric", "v": 0.0081617928629923071}, {"l": "Renewable", "v": 2.3693029022252027e-05}]}, {"source": 7, "prod": 0, "target": 3, "value": 0.0019682208099578106, "supply": [{"l": "Other fossil fuels", "v": 0.0019682208099578106}]}, {"source": 7, "prod": 0, "target": 4, "value": 0.0012085566376933922, "supply": [{"l": "Other fossil fuels", "v": 0.0012085566376933922}]}, {"source": 7, "prod": 0, "target": 0, "value": 0.0020372811892545757, "supply": [{"l": "Other fossil fuels", "v": 0.0020372811892545757}]}, {"source": 7, "prod": 0, "target": 2, "value": 0.00036832202291608144, "supply": [{"l": "Other fossil fuels", "v": 0.00036832202291608144}]}, {"source": 7, "prod": 0, "target": 5, "value": 0.00018416101145804072, "supply": [{"l": "Other fossil fuels", "v": 0.00018416101145804072}]}, {"source": 9, "prod": 0, "target": 3, "value": 0.039272160283337978, "supply": "[{\"l\":'Labor',\"v\":0.039272160283337978}]"}, {"source": 9, "prod": 0, "target": 4, "value": 0.024114484384505773, "supply": "[{\"l\":'Labor',\"v\":0.024114484384505773}]"}, {"source": 9, "prod": 0, "target": 0, "value": 0.040650130819595454, "supply": "[{\"l\":'Labor',\"v\":0.040650130819595454}]"}, {"source": 9, "prod": 0, "target": 2, "value": 0.0073491761933731879, "supply": "[{\"l\":'Labor',\"v\":0.0073491761933731879}]"}, {"source": 9, "prod": 0, "target": 5, "value": 0.003674588096686594, "supply": "[{\"l\":'Labor',\"v\":0.003674588096686594}]"}]}