{"nodes": [{"layer": 5, "name": "Starchy Roots"}, {"layer": 10, "name": "Feed", "fill": "#dbdb8d"}, {"layer": 5, "name": "Cereals - Excluding Beer"}, {"layer": 13, "name": "Milk - Excluding Butter"}, {"layer": 16, "name": "Food", "fill": "#b5cf6b"}, {"layer": 13, "name": "Meat"}, {"layer": 13, "name": "Eggs"}, {"layer": 13, "name": "Alcoholic Beverages"}, {"layer": 5, "name": "Pulses"}, {"layer": 13, "name": "Sugar & Sweeteners"}, {"layer": 13, "name": "Vegetable Oils", "fill": "#f7b6d2"}, {"layer": 5, "name": "Vegetables"}, {"layer": 5, "name": "Fruits - Excluding Wine"}, {"layer": 5, "name": "Oilcrops", "fill": "#ff9896"}, {"layer": 10, "name": "Processing", "fill": "#9edae5"}, {"name": "Waste", "fill": "#c7c7c7"}, {"layer": 0, "name": "Import", "fill": "#aec7e8"}, {"layer": 16, "name": "Export", "fill": "#aec7e8"}, {"layer": 5, "name": "Stimulants"}, {"layer": 16, "name": "Stock Deposit", "fill": "#c7c7c7"}, {"layer": 0, "name": "Production", "fill": "#b5cf6b"}], "links": [{"source": 0, "prod": 0.001167588078972495, "target": 1, "value": 1.0, "supply": [{"l": "Sweet potatoes", "v": 1.0}]}, {"source": 2, "prod": 0.0067713634123066063, "target": 1, "value": 2.0, "supply": [{"l": "Maize", "v": 1.0}, {"l": "Rice", "v": 1.0}]}, {"source": 3, "prod": 0.0016883588982869321, "target": 4, "value": 3.0, "supply": [{"l": "Milk - Excluding Butter", "v": 3.0}]}, {"source": 5, "prod": 0.078522459543423156, "target": 4, "value": 46.0, "supply": [{"l": "Pigmeat", "v": 4.0}, {"l": "Meat, Other", "v": 35.0}, {"l": "Poultry Meat", "v": 3.0}, {"l": "Bovine Meat", "v": 2.0}, {"l": "Offals, Edible", "v": 1.0}, {"l": "Mutton & Goat Meat", "v": 1.0}]}, {"source": 6, "prod": 0.001829748559719828, "target": 4, "value": 1.0, "supply": [{"l": "Eggs", "v": 1.0}]}, {"source": 7, "prod": 0.0012612903958368954, "target": 4, "value": 2.0, "supply": [{"l": "Beer", "v": 1.0}, {"l": "Wine", "v": 1.0}]}, {"source": 0, "prod": 0.054219298526643124, "target": 4, "value": 50.0, "supply": [{"l": "Roots, Other", "v": 28.0}, {"l": "Potatoes", "v": 2.0}, {"l": "Sweet potatoes", "v": 12.0}, {"l": "Cassava", "v": 8.0}]}, {"source": 8, "prod": 0.01574365837552584, "target": 4, "value": 4.0, "supply": [{"l": "Beans", "v": 2.0}, {"l": "Pulses, Other", "v": 2.0}]}, {"source": 9, "prod": 0.0078691635337066329, "target": 4, "value": 2.0, "supply": [{"l": "Sugar", "v": 1.0}, {"l": "Honey", "v": 1.0}]}, {"source": 2, "prod": 0.21481070117425835, "target": 4, "value": 60.0, "supply": [{"l": "Maize", "v": 15.0}, {"l": "Rice", "v": 43.0}, {"l": "Wheat", "v": 2.0}]}, {"source": 10, "prod": 0.010130153389721593, "target": 4, "value": 1.0, "supply": [{"l": "Oilcrops Oil, Other", "v": 1.0}]}, {"source": 11, "prod": 0.0049225093996002438, "target": 4, "value": 19.0, "supply": [{"l": "Vegetables, Other", "v": 19.0}]}, {"source": 12, "prod": 0.014268962929797659, "target": 4, "value": 22.0, "supply": [{"l": "Fruits, Other", "v": 7.0}, {"l": "Bananas", "v": 15.0}]}, {"source": 13, "prod": 0.012178792245380586, "target": 4, "value": 4.0, "supply": [{"l": "Soyabeans", "v": 1.0}, {"l": "Coconuts - Incl Copra", "v": 2.0}, {"l": "Palm kernels", "v": 1.0}]}, {"source": 13, "prod": 0.0017305823308237415, "target": 14, "value": 1.0, "supply": [{"l": "Coconuts - Incl Copra", "v": 1.0}]}, {"source": 0, "prod": 0.0044083886631668158, "target": 15, "value": 4.0, "supply": [{"l": "Sweet potatoes", "v": 1.0}, {"l": "Roots, Other", "v": 3.0}]}, {"source": 12, "prod": 0.0019334333481122309, "target": 15, "value": 3.0, "supply": [{"l": "Bananas", "v": 2.0}, {"l": "Fruits, Other", "v": 1.0}]}, {"source": 11, "prod": 0.00025907944208422335, "target": 15, "value": 1.0, "supply": [{"l": "Vegetables, Other", "v": 1.0}]}, {"source": 13, "prod": 0.0017305823308237415, "target": 15, "value": 1.0, "supply": [{"l": "Coconuts - Incl Copra", "v": 1.0}]}, {"source": 16, "prod": 0.14387829311667105, "target": 2, "value": 38.0, "supply": [{"l": "Wheat", "v": 2.0}, {"l": "Rice", "v": 36.0}]}, {"source": 16, "prod": 0.01572309343714012, "target": 14, "value": 4.0, "supply": [{"l": "Beer", "v": 1.0}, {"l": "Sugar", "v": 1.0}, {"l": "Oilcrops Oil, Other", "v": 1.0}, {"l": "Wine", "v": 1.0}]}, {"source": 16, "prod": 0.0040468743853869869, "target": 1, "value": 4.0, "supply": [{"l": "Poultry Meat", "v": 2.0}, {"l": "Milk - Excluding Butter", "v": 2.0}]}, {"source": 2, "prod": 0.0038297553908764759, "target": 17, "value": 1.0, "supply": [{"l": "Rice", "v": 1.0}]}, {"source": 18, "prod": 0.0025343383036119404, "target": 17, "value": 4.0, "supply": [{"l": "Coffee", "v": 4.0}]}, {"source": 13, "prod": 0.013844658646589932, "target": 17, "value": 8.0, "supply": [{"l": "Coconuts - Incl Copra", "v": 8.0}]}, {"source": 18, "prod": 0.0012671691518059702, "target": 19, "value": 2.0, "supply": [{"l": "Coffee", "v": 2.0}]}, {"source": 20, "prod": 0.058627687189809936, "target": 0, "value": 54.0, "supply": [{"l": "Roots, Other", "v": 31.0}, {"l": "Potatoes", "v": 2.0}, {"l": "Sweet potatoes", "v": 13.0}, {"l": "Cassava", "v": 8.0}]}, {"source": 20, "prod": 0.01574365837552584, "target": 8, "value": 4.0, "supply": [{"l": "Beans", "v": 2.0}, {"l": "Pulses, Other", "v": 2.0}]}, {"source": 20, "prod": 0.01620239627790989, "target": 12, "value": 25.0, "supply": [{"l": "Fruits, Other", "v": 8.0}, {"l": "Bananas", "v": 17.0}]}, {"source": 20, "prod": 0.085363282251646841, "target": 2, "value": 26.0, "supply": [{"l": "Maize", "v": 16.0}, {"l": "Rice", "v": 10.0}]}, {"source": 20, "prod": 0.0044350920313208954, "target": 18, "value": 7.0, "supply": [{"l": "Coffee", "v": 7.0}]}, {"source": 20, "prod": 0.0051815888416844669, "target": 11, "value": 20.0, "supply": [{"l": "Vegetables, Other", "v": 20.0}]}, {"source": 20, "prod": 0.035806980789756304, "target": 13, "value": 15.0, "supply": [{"l": "Soyabeans", "v": 1.0}, {"l": "Coconuts - Incl Copra", "v": 12.0}, {"l": "Groundnuts", "v": 1.0}, {"l": "Palm kernels", "v": 1.0}]}, {"source": 1, "prod": 0.0016883588982869321, "target": 3, "value": 3.0, "supply": [{"l": "Milk - Excluding Butter", "v": 3.0}]}, {"source": 1, "prod": 0.001829748559719828, "target": 6, "value": 1.0, "supply": [{"l": "Eggs", "v": 1.0}]}, {"source": 1, "prod": 0.078522459543423156, "target": 5, "value": 46.0, "supply": [{"l": "Pigmeat", "v": 4.0}, {"l": "Bovine Meat", "v": 2.0}, {"l": "Poultry Meat", "v": 3.0}, {"l": "Offals, Edible", "v": 1.0}, {"l": "Meat, Other", "v": 35.0}, {"l": "Mutton & Goat Meat", "v": 1.0}]}, {"source": 14, "prod": 0.0078691635337066329, "target": 9, "value": 2.0, "supply": [{"l": "Honey", "v": 1.0}, {"l": "Sugar", "v": 1.0}]}, {"source": 14, "prod": 0.010130153389721593, "target": 10, "value": 1.0, "supply": [{"l": "Oilcrops Oil, Other", "v": 1.0}]}, {"source": 14, "prod": 0.0012612903958368954, "target": 7, "value": 2.0, "supply": [{"l": "Beer", "v": 1.0}, {"l": "Wine", "v": 1.0}]}]}