{"nodes": [{"layer": 3, "name": "Fruits, Roots & Vegetables", "fill": "#98df8a"}, {"layer": 5, "name": "Production", "fill": "#b5cf6b"}, {"layer": 3, "name": "Cereals", "fill": "#e7ba52"}, {"layer": 3, "name": "Oilcrops", "fill": "#ff9896"}, {"layer": 1, "name": "Electricity", "fill": "#bcbd22"}, {"layer": 0, "name": "Fossil Fuels", "fill": "#c49c94"}, {"layer": 0, "name": "Renewables & Nuclear", "fill": "#2ca02c"}, {"layer": 0, "name": "Labor", "fill": "#7f7f7f"}], "links": [{"source": 0, "prod": 131.0, "target": 1, "value": 0.12678614651854447, "supply": [{"l": "Roots, Other", "v": 0.036793423645369645}, {"l": "Potatoes", "v": 0.00074473976465789485}, {"l": "Fruits, Other", "v": 0.0037377505169622644}, {"l": "Beans", "v": 0.011828998989240121}, {"l": "Pulses, Other", "v": 0.0079463366022118238}, {"l": "Coffee", "v": 0.0035082782302066117}, {"l": "Bananas", "v": 0.012507923990151095}, {"l": "Vegetables, Other", "v": 0.0051800081251372788}, {"l": "Sweet potatoes", "v": 0.020874129363394681}, {"l": "Cassava", "v": 0.023664557291213056}]}, {"source": 2, "prod": 25.0, "target": 1, "value": 0.081751163524273529, "supply": [{"l": "Maize", "v": 0.047275638569683691}, {"l": "Rice", "v": 0.034475524954589831}]}, {"source": 3, "prod": 19.0, "target": 1, "value": 0.042406009506621732, "supply": [{"l": "Soyabeans", "v": 0.0039797031173906252}, {"l": "Coconuts - Incl Copra", "v": 0.027013742372590913}, {"l": "Groundnuts", "v": 0.0065307948593076922}, {"l": "Palm kernels", "v": 0.0048817691573325005}]}, {"source": 4, "prod": 0, "target": 0, "value": 0.00706566146182506, "supply": "[{\"l\":'Energy for power irrigation',\"v\":0.00706566146182506}]"}, {"source": 4, "prod": 0, "target": 2, "value": 0.0023016927489278604, "supply": "[{\"l\":'Energy for power irrigation',\"v\":0.0023016927489278604}]"}, {"source": 4, "prod": 0, "target": 3, "value": 0.0010170270285960314, "supply": "[{\"l\":'Energy for power irrigation',\"v\":0.0010170270285960314}]"}, {"source": 5, "prod": 0, "target": 4, "value": 0.0078898824544151695, "supply": [{"l": "Coal", "v": 0.00055277064608509955}, {"l": "Natural gas", "v": 0.00097982085499360582}, {"l": "Oil", "v": 0.0063572909533364643}]}, {"source": 6, "prod": 0, "target": 4, "value": 0.0073513035745605285, "supply": [{"l": "Nuclear", "v": 0.0}, {"l": "Hydroelectric", "v": 0.0073087245711690486}, {"l": "Renewable", "v": 4.2579003391479514e-05}]}, {"source": 5, "prod": 0, "target": 0, "value": 0.0033235422707000718, "supply": [{"l": "Other fossil fuels", "v": 0.0033235422707000718}]}, {"source": 5, "prod": 0, "target": 2, "value": 0.0010826690730310839, "supply": [{"l": "Other fossil fuels", "v": 0.0010826690730310839}]}, {"source": 5, "prod": 0, "target": 3, "value": 0.00047838866017652543, "supply": [{"l": "Other fossil fuels", "v": 0.00047838866017652543}]}, {"source": 7, "prod": 0, "target": 0, "value": 0.068715033300262934, "supply": "[{\"l\":'Labor',\"v\":0.068715033300262934}]"}, {"source": 7, "prod": 0, "target": 2, "value": 0.022384442665994739, "supply": "[{\"l\":'Labor',\"v\":0.022384442665994739}]"}, {"source": 7, "prod": 0, "target": 3, "value": 0.0098908002477651191, "supply": "[{\"l\":'Labor',\"v\":0.0098908002477651191}]"}]}