{"nodes": [{"layer": 5, "name": "Fruits, Roots & Vegetables", "fill": "#98df8a"}, {"layer": 10, "name": "Feed", "fill": "#dbdb8d"}, {"layer": 5, "name": "Cereals", "fill": "#e7ba52"}, {"layer": 13, "name": "Other Processed", "fill": "#9c9ede"}, {"layer": 16, "name": "Food", "fill": "#b5cf6b"}, {"layer": 13, "name": "Animal Products", "fill": "#17becf"}, {"layer": 5, "name": "Oilcrops", "fill": "#ff9896"}, {"layer": 13, "name": "Sugar", "fill": "#d6616b"}, {"layer": 13, "name": "Vegetable Oils", "fill": "#f7b6d2"}, {"layer": 10, "name": "Processing", "fill": "#9edae5"}, {"name": "Waste", "fill": "#c7c7c7"}, {"layer": 2, "name": "Import", "fill": "#aec7e8"}, {"layer": 16, "name": "Export", "fill": "#aec7e8"}, {"layer": 0, "name": "Stock Draw", "fill": "#c7c7c7"}, {"layer": 2, "name": "Electricity", "fill": "#bcbd22"}, {"layer": 0, "name": "Fossil Fuels", "fill": "#c49c94"}, {"layer": 0, "name": "Renewables & Nuclear", "fill": "#2ca02c"}, {"layer": 0, "name": "Labor", "fill": "#7f7f7f"}], "links": [{"source": 0, "prod": 1.0, "target": 1, "value": 0.0011687578332631168, "supply": [{"l": "Sweet potatoes", "v": 0.0011687578332631168}]}, {"source": 2, "prod": 2.0, "target": 1, "value": 0.0067618719086282126, "supply": [{"l": "Maize", "v": 0.0029340952173871277}, {"l": "Rice", "v": 0.003827776691241085}]}, {"source": 3, "prod": 2.0, "target": 4, "value": 0.0011073956500565218, "supply": [{"l": "Beer", "v": 0.0011073956500565218}]}, {"source": 5, "prod": 51.0, "target": 4, "value": 0.086826975098123579, "supply": [{"l": "Pigmeat", "v": 0.020803741688923696}, {"l": "Milk - Excluding Butter", "v": 0.002497068622676471}, {"l": "Meat, Other", "v": 0.051280751612147853}, {"l": "Mutton & Goat Meat", "v": 0.0019121696660135135}, {"l": "Poultry Meat", "v": 0.0043485536502219516}, {"l": "Bovine Meat", "v": 0.0030916087709327734}, {"l": "Eggs", "v": 0.0015869221153457943}, {"l": "Offals, Edible", "v": 0.0013061589718615385}]}, {"source": 2, "prod": 60.0, "target": 4, "value": 0.21691084528892285, "supply": [{"l": "Maize", "v": 0.029340952173871278}, {"l": "Rice", "v": 0.17224995110584881}, {"l": "Wheat", "v": 0.015319942009202756}]}, {"source": 6, "prod": 5.0, "target": 4, "value": 0.018257716902838349, "supply": [{"l": "Soyabeans", "v": 0.0038058770042172412}, {"l": "Coconuts - Incl Copra", "v": 0.0033960133268400002}, {"l": "Groundnuts", "v": 0.0063863082473761068}, {"l": "Palm kernels", "v": 0.0046695183244050012}]}, {"source": 0, "prod": 124.0, "target": 4, "value": 0.13180797702956165, "supply": [{"l": "Roots, Other", "v": 0.038808060872650103}, {"l": "Potatoes", "v": 0.00099882744907058832}, {"l": "Fruits, Other", "v": 0.0037823537450883066}, {"l": "Beans", "v": 0.023623653472954156}, {"l": "Pulses, Other", "v": 0.011819071903155454}, {"l": "Bananas", "v": 0.012466171761192897}, {"l": "Vegetables, Other", "v": 0.0055113044716877902}, {"l": "Sweet potatoes", "v": 0.015193851832420517}, {"l": "Cassava", "v": 0.019604681521341837}]}, {"source": 7, "prod": 2.0, "target": 4, "value": 0.0076837044517312015, "supply": [{"l": "Sugar", "v": 0.0041754262215245898}, {"l": "Honey", "v": 0.0035082782302066117}]}, {"source": 8, "prod": 1.0, "target": 4, "value": 0.010107182520357146, "supply": [{"l": "Oilcrops Oil, Other", "v": 0.010107182520357146}]}, {"source": 6, "prod": 1.0, "target": 9, "value": 0.0016980066634200001, "supply": [{"l": "Coconuts - Incl Copra", "v": 0.0016980066634200001}]}, {"source": 0, "prod": 10.0, "target": 10, "value": 0.008714435670829114, "supply": [{"l": "Sweet potatoes", "v": 0.0011687578332631168}, {"l": "Bananas", "v": 0.0014666084424932821}, {"l": "Fruits, Other", "v": 0.00047279421813603833}, {"l": "Roots, Other", "v": 0.0043120067636277896}, {"l": "Vegetables, Other", "v": 0.00026244307008037098}, {"l": "Cassava", "v": 0.0010318253432285178}]}, {"source": 2, "prod": 1.0, "target": 10, "value": 0.0029340952173871277, "supply": [{"l": "Maize", "v": 0.0029340952173871277}]}, {"source": 6, "prod": 2.0, "target": 10, "value": 0.0033960133268400002, "supply": [{"l": "Coconuts - Incl Copra", "v": 0.0033960133268400002}]}, {"source": 11, "prod": 4.0, "target": 9, "value": 0.015390004391938257, "supply": [{"l": "Beer", "v": 0.0011073956500565218}, {"l": "Oilcrops Oil, Other", "v": 0.010107182520357146}, {"l": "Sugar", "v": 0.0041754262215245898}]}, {"source": 11, "prod": 38.0, "target": 2, "value": 0.14163657282015854, "supply": [{"l": "Wheat", "v": 0.015319942009202756}, {"l": "Rice", "v": 0.12631663081095579}]}, {"source": 11, "prod": 4.0, "target": 1, "value": 0.0045637481819322812, "supply": [{"l": "Poultry Meat", "v": 0.0028990357668146343}, {"l": "Milk - Excluding Butter", "v": 0.0016647124151176473}]}, {"source": 0, "prod": 6.0, "target": 12, "value": 0.0021956982716637933, "supply": [{"l": "Coffee", "v": 0.0021956982716637933}]}, {"source": 6, "prod": 12.0, "target": 12, "value": 0.020376079961040003, "supply": [{"l": "Coconuts - Incl Copra", "v": 0.020376079961040003}]}, {"source": 13, "prod": 1.0, "target": 0, "value": 0.00036594971194396549, "supply": [{"l": "Coffee", "v": 0.00036594971194396549}]}, {"source": 13, "prod": 2.0, "target": 6, "value": 0.0033960133268400002, "supply": [{"l": "Coconuts - Incl Copra", "v": 0.0033960133268400002}]}, {"source": 13, "prod": 1.0, "target": 2, "value": 0.0029340952173871277, "supply": [{"l": "Maize", "v": 0.0029340952173871277}]}, {"source": 1, "prod": 51.0, "target": 5, "value": 0.086826975098123579, "supply": [{"l": "Poultry Meat", "v": 0.0043485536502219516}, {"l": "Pigmeat", "v": 0.020803741688923696}, {"l": "Bovine Meat", "v": 0.0030916087709327734}, {"l": "Eggs", "v": 0.0015869221153457943}, {"l": "Milk - Excluding Butter", "v": 0.002497068622676471}, {"l": "Offals, Edible", "v": 0.0013061589718615385}, {"l": "Meat, Other", "v": 0.051280751612147853}, {"l": "Mutton & Goat Meat", "v": 0.0019121696660135135}]}, {"source": 9, "prod": 2.0, "target": 3, "value": 0.0011073956500565218, "supply": [{"l": "Beer", "v": 0.0011073956500565218}]}, {"source": 9, "prod": 1.0, "target": 8, "value": 0.010107182520357146, "supply": [{"l": "Oilcrops Oil, Other", "v": 0.010107182520357146}]}, {"source": 9, "prod": 2.0, "target": 7, "value": 0.0076837044517312015, "supply": [{"l": "Honey", "v": 0.0035082782302066117}, {"l": "Sugar", "v": 0.0041754262215245898}]}, {"source": 14, "prod": 0, "target": 0, "value": 0.0071793253012782873, "supply": "[{\"l\":'Energy for power irrigation',\"v\":0.0071793253012782873}]"}, {"source": 14, "prod": 0, "target": 2, "value": 0.0022307189328971823, "supply": "[{\"l\":'Energy for power irrigation',\"v\":0.0022307189328971823}]"}, {"source": 14, "prod": 0, "target": 6, "value": 0.00097433700517348201, "supply": "[{\"l\":'Energy for power irrigation',\"v\":0.00097433700517348201}]"}, {"source": 14, "prod": 0, "target": 9, "value": 0.00036912465021335459, "supply": "[{\"l\":'Electricity',\"v\":0.00036912465021335459}]"}, {"source": 15, "prod": 0, "target": 14, "value": 0.0075391367496065592, "supply": [{"l": "Coal", "v": 0.0004923410489449968}, {"l": "Natural gas", "v": 0.00099345568475473736}, {"l": "Oil", "v": 0.0060533400159068253}]}, {"source": 16, "prod": 0, "target": 14, "value": 0.0078406607678829891, "supply": [{"l": "Nuclear", "v": 0.0}, {"l": "Hydroelectric", "v": 0.0078017917377031206}, {"l": "Renewable", "v": 3.8869030179868123e-05}]}, {"source": 15, "prod": 0, "target": 0, "value": 0.003330104529413055, "supply": [{"l": "Other fossil fuels", "v": 0.003330104529413055}]}, {"source": 15, "prod": 0, "target": 2, "value": 0.0010347110502104851, "supply": [{"l": "Other fossil fuels", "v": 0.0010347110502104851}]}, {"source": 15, "prod": 0, "target": 6, "value": 0.00045194275756320037, "supply": [{"l": "Other fossil fuels", "v": 0.00045194275756320037}]}, {"source": 17, "prod": 0, "target": 2, "value": 0.022927902942761331, "supply": "[{\"l\":'Labor',\"v\":0.022927902942761331}]"}, {"source": 17, "prod": 0, "target": 6, "value": 0.010014486342815295, "supply": "[{\"l\":'Labor',\"v\":0.010014486342815295}]"}, {"source": 17, "prod": 0, "target": 0, "value": 0.073790951999691629, "supply": "[{\"l\":'Labor',\"v\":0.073790951999691629}]"}, {"source": 15, "prod": 0, "target": 11, "value": 0.019631374265735781, "supply": "[{\"l\":'Fossil Fuels',\"v\":0.019631374265735781}]"}, {"source": 16, "prod": 0, "target": 11, "value": 0.11005570673066829, "supply": "[{\"l\":'Renewables & Nuclear',\"v\":0.0015215878873336842},{\"l\":'Biomass & Waste',\"v\":0.10853411884333461}]"}]}