{"nodes": [{"name": "Balance", "fill": "#9edae5"}, {"name": "Food", "fill": "#b5cf6b"}, {"name": "Export", "fill": "#aec7e8"}, {"name": "Renewables & Nuclear", "fill": "#2ca02c"}, {"name": "Fossil Fuels", "fill": "#c49c94"}, {"name": "Labor", "fill": "#7f7f7f"}], "links": [{"source": 0, "target": 1, "value": 0.52107108156845061}, {"source": 0, "target": 2, "value": 0.022594561941460561}, {"source": 3, "target": 0, "value": 0.10877633051803297}, {"source": 4, "target": 0, "value": 0.027632271452399597}, {"source": 5, "target": 0, "value": 0.1167698461363656}]}