{"nodes": [{"layer": 13, "name": "Milk - Excluding Butter"}, {"layer": 10, "name": "Feed", "fill": "#dbdb8d"}, {"layer": 5, "name": "Oilcrops", "fill": "#ff9896"}, {"layer": 5, "name": "Vegetables"}, {"layer": 5, "name": "Sugar Crops", "fill": "#ffbb78"}, {"layer": 13, "name": "Animal Fats"}, {"layer": 5, "name": "Starchy Roots"}, {"layer": 5, "name": "Pulses"}, {"layer": 13, "name": "Fish, Seafood"}, {"layer": 13, "name": "Sugar & Sweeteners"}, {"layer": 5, "name": "Cereals - Excluding Beer"}, {"layer": 5, "name": "Fruits - Excluding Wine"}, {"layer": 13, "name": "Meat"}, {"layer": 16, "name": "Food", "fill": "#b5cf6b"}, {"layer": 5, "name": "Treenuts"}, {"layer": 13, "name": "Alcoholic Beverages"}, {"layer": 13, "name": "Aquatic Products, Other"}, {"layer": 5, "name": "Others"}, {"layer": 13, "name": "Vegetable Oils", "fill": "#f7b6d2"}, {"layer": 5, "name": "Spices"}, {"layer": 5, "name": "Stimulants"}, {"layer": 13, "name": "Eggs"}, {"layer": 10, "name": "Processing", "fill": "#9edae5"}, {"layer": 16, "name": "Biofuels & Other", "fill": "#e7ba52"}, {"name": "Waste", "fill": "#c7c7c7"}, {"layer": 2, "name": "Import", "fill": "#aec7e8"}, {"layer": 16, "name": "Export", "fill": "#aec7e8"}, {"layer": 16, "name": "Stock Deposit", "fill": "#c7c7c7"}, {"layer": 0, "name": "Stock Draw", "fill": "#c7c7c7"}, {"layer": 2, "name": "Electricity", "fill": "#bcbd22"}, {"layer": 0, "name": "Fossil Fuels", "fill": "#c49c94"}, {"layer": 0, "name": "Renewables & Nuclear", "fill": "#2ca02c"}, {"layer": 2, "name": "Fertilizers", "fill": "#c5b0d5"}, {"layer": 0, "name": "Labor", "fill": "#7f7f7f"}], "links": [{"source": 0, "prod": 3479.0, "target": 1, "value": 2.665778511750081, "supply": [{"l": "Milk - Excluding Butter", "v": 2.665778511750081}]}, {"source": 2, "prod": 1057.0, "target": 1, "value": 6.0509897370944081, "supply": [{"l": "Soyabeans", "v": 0.031837624939125002}, {"l": "Coconuts - Incl Copra", "v": 0.02788996451994203}, {"l": "Cottonseed", "v": 5.8928549432780457}, {"l": "Oilcrops, Other", "v": 0.098407204357295483}]}, {"source": 3, "prod": 13.0, "target": 1, "value": 0.0036662622209891684, "supply": [{"l": "Vegetables, Other", "v": 0.0036662622209891684}]}, {"source": 4, "prod": 3307.0, "target": 1, "value": 1.1431816034059326, "supply": [{"l": "Sugar beet", "v": 0.0096791910781270363}, {"l": "Sugar cane", "v": 1.1335024123278055}]}, {"source": 5, "prod": 3.0, "target": 1, "value": 0.02813821110816133, "supply": [{"l": "Fats, Animals, Raw", "v": 0.0092282970838043505}, {"l": "Fish, Body Oil", "v": 0.018909914024356982}]}, {"source": 6, "prod": 6851.0, "target": 1, "value": 7.4311702306728638, "supply": [{"l": "Potatoes", "v": 0.074679467051116874}, {"l": "Yams", "v": 2.4035816393642779}, {"l": "Roots, Other", "v": 0.16995336478295506}, {"l": "Sweet potatoes", "v": 0.20058362875726166}, {"l": "Cassava", "v": 4.5823721307172516}]}, {"source": 7, "prod": 1218.0, "target": 1, "value": 4.9053339317688422, "supply": [{"l": "Beans", "v": 0.3926251671369505}, {"l": "Peas", "v": 0.17873754351789475}, {"l": "Pulses, Other", "v": 4.3339712211139974}]}, {"source": 8, "prod": 367.0, "target": 1, "value": 0.28987114480608184, "supply": [{"l": "Fish, Seafood", "v": 0.14023035281385995}, {"l": "Pelagic Fish", "v": 0.14243147999082237}, {"l": "Demersal Fish", "v": 0.0025572389509337353}, {"l": "Marine Fish, Other", "v": 0.0046520730504657536}]}, {"source": 9, "prod": 366.0, "target": 1, "value": 1.492125903509532, "supply": [{"l": "Sugar non-centrifugal", "v": 1.492125903509532}]}, {"source": 10, "prod": 7282.0, "target": 1, "value": 26.40048242059067, "supply": [{"l": "Maize", "v": 13.3164954862127}, {"l": "Oats", "v": 0.11461544978085002}, {"l": "Barley", "v": 1.0826144395435797}, {"l": "Sorghum", "v": 4.04823369773107}, {"l": "Cereals, Other", "v": 0.059829093845335572}, {"l": "Rice", "v": 3.8302243019916999}, {"l": "Wheat", "v": 0.94683688516749143}, {"l": "Millet", "v": 3.0016330663179458}]}, {"source": 11, "prod": 1632.0, "target": 1, "value": 1.6330119086768546, "supply": [{"l": "Bananas", "v": 0.13180092044691535}, {"l": "Plantains", "v": 1.5012109882299394}]}, {"source": 12, "prod": 2.0, "target": 1, "value": 0.0026429441103968474, "supply": [{"l": "Meat, Other", "v": 0.0011957793404366198}, {"l": "Offals, Edible", "v": 0.0014471647699602274}]}, {"source": 0, "prod": 28409.0, "target": 13, "value": 21.76835347522508, "supply": [{"l": "Milk - Excluding Butter", "v": 21.76835347522508}]}, {"source": 2, "prod": 5535.0, "target": 13, "value": 17.134346982719244, "supply": [{"l": "Sunflower seed", "v": 0.034731954479045458}, {"l": "Coconuts - Incl Copra", "v": 6.7301970632185109}, {"l": "Sesame seed", "v": 1.5706561636635001}, {"l": "Groundnuts", "v": 5.9217982386772512}, {"l": "Oilcrops, Other", "v": 1.1808864522875457}, {"l": "Soyabeans", "v": 1.2098297476867501}, {"l": "Rape and Mustardseed", "v": 0.46309272638727278}, {"l": "Palm kernels", "v": 0.023154636319363639}]}, {"source": 14, "prod": 651.0, "target": 13, "value": 1.9739327462257503, "supply": [{"l": "Treenuts", "v": 1.9739327462257503}]}, {"source": 7, "prod": 11901.0, "target": 13, "value": 47.474878742903066, "supply": [{"l": "Peas", "v": 3.9396733550402634}, {"l": "Pulses, Other", "v": 33.637941273697692}, {"l": "Beans", "v": 9.8972641141651092}]}, {"source": 3, "prod": 35956.0, "target": 13, "value": 10.685295847543895, "supply": [{"l": "Tomatoes", "v": 0.395504016849412}, {"l": "Vegetables, Other", "v": 9.1013549535201879}, {"l": "Onions", "v": 1.1884368771742946}]}, {"source": 15, "prod": 9564.0, "target": 13, "value": 6.0320921161458774, "supply": [{"l": "Beverages, Alcoholic", "v": 1.5954855063833211}, {"l": "Wine", "v": 0.083669893559826083}, {"l": "Beer", "v": 0.79240310959600013}, {"l": "Beverages, Fermented", "v": 3.5605336066067306}]}, {"source": 4, "prod": 5722.0, "target": 13, "value": 1.9780118338943893, "supply": [{"l": "Sugar cane", "v": 1.9780118338943893}]}, {"source": 5, "prod": 752.0, "target": 13, "value": 7.1826588502379494, "supply": [{"l": "Butter, Ghee", "v": 5.18934668013621}, {"l": "Fats, Animals, Raw", "v": 1.9933121701017393}]}, {"source": 6, "prod": 44014.0, "target": 13, "value": 46.313763735632989, "supply": [{"l": "Roots, Other", "v": 2.7737671799482286}, {"l": "Yams", "v": 7.9151632137486798}, {"l": "Potatoes", "v": 4.3560286934871248}, {"l": "Sweet potatoes", "v": 6.7324382210817211}, {"l": "Cassava", "v": 24.536366427367238}]}, {"source": 8, "prod": 10392.0, "target": 13, "value": 7.6668790473867769, "supply": [{"l": "Crustaceans", "v": 0.12041519426407539}, {"l": "Marine Fish, Other", "v": 0.39658922755220549}, {"l": "Fish, Seafood", "v": 3.9599832240261761}, {"l": "Demersal Fish", "v": 0.39432624623398205}, {"l": "Freshwater Fish", "v": 1.5838175690240701}, {"l": "Cephalopods", "v": 0.020577280032468583}, {"l": "Pelagic Fish", "v": 1.1888839418057469}, {"l": "Molluscs, Other", "v": 0.002286364448052065}]}, {"source": 16, "prod": 4.0, "target": 13, "value": 0.0029659505037903933, "supply": [{"l": "Aquatic Animals, Others", "v": 0.0014829752518951966}, {"l": "Aquatic Products, Other", "v": 0.0014829752518951966}]}, {"source": 9, "prod": 14086.0, "target": 13, "value": 57.414312383544654, "supply": [{"l": "Sugar", "v": 24.150341252223441}, {"l": "Sweeteners, Other", "v": 1.1994640093344768}, {"l": "Honey", "v": 0.39148486962183343}, {"l": "Sugar non-centrifugal", "v": 31.673022252364898}]}, {"source": 17, "prod": 663.0, "target": 13, "value": 1.9916192779379647, "supply": [{"l": "Nuts", "v": 1.9799970557379647}, {"l": "Infant food", "v": 0.011622222200000001}]}, {"source": 10, "prod": 131501.0, "target": 13, "value": 503.40897509374719, "supply": [{"l": "Maize", "v": 49.876198795895263}, {"l": "Barley", "v": 8.6995803177609101}, {"l": "Cereals, Other", "v": 5.5361854838217184}, {"l": "Sorghum", "v": 58.569567211256391}, {"l": "Rice", "v": 236.6600364994039}, {"l": "Wheat", "v": 94.204950765821764}, {"l": "Oats", "v": 0.38629651592805003}, {"l": "Millet", "v": 49.476159503859165}]}, {"source": 18, "prod": 3968.0, "target": 13, "value": 41.079367996393628, "supply": [{"l": "Ricebran Oil", "v": 0.45280177691200002}, {"l": "Sunflowerseed Oil", "v": 0.10895542756944999}, {"l": "Rape and Mustard Oil", "v": 4.798566830824921}, {"l": "Sesameseed Oil", "v": 1.9911149565103574}, {"l": "Palmkernel Oil", "v": 0.46695183244049998}, {"l": "Oilcrops Oil, Other", "v": 1.9951578295185002}, {"l": "Maize Germ Oil", "v": 0.42450166585499999}, {"l": "Groundnut Oil", "v": 15.428161464365679}, {"l": "Soyabean Oil", "v": 1.6131063302490001}, {"l": "Palm Oil", "v": 8.2718592051140583}, {"l": "Coconut Oil", "v": 3.5289493748314351}, {"l": "Olive Oil", "v": 0.031097215056819769}, {"l": "Cottonseed Oil", "v": 1.9681440871459095}]}, {"source": 19, "prod": 1044.0, "target": 13, "value": 3.5958877004603398, "supply": [{"l": "Pepper", "v": 0.021210565451920488}, {"l": "Pimento", "v": 1.9726842119144121}, {"l": "Cloves", "v": 0.010605282725960244}, {"l": "Spices, Other", "v": 1.5913876403680467}]}, {"source": 20, "prod": 531.0, "target": 13, "value": 0.54299250565028012, "supply": [{"l": "Tea", "v": 0.33355777714000001}, {"l": "Coffee", "v": 0.15436424212909092}, {"l": "Cocoa Beans", "v": 0.055070486381189186}]}, {"source": 21, "prod": 791.0, "target": 13, "value": 1.185108768322253, "supply": [{"l": "Eggs", "v": 1.185108768322253}]}, {"source": 11, "prod": 32331.0, "target": 13, "value": 20.542957411335262, "supply": [{"l": "Plantains", "v": 5.9347805711766988}, {"l": "Grapes", "v": 0.39404828547844573}, {"l": "Pineapples", "v": 0.39711446160629033}, {"l": "Citrus, Other", "v": 0.39453684238288234}, {"l": "Grapefruit", "v": 0.074063105332250453}, {"l": "Fruits, Other", "v": 7.5212526358775724}, {"l": "Dates", "v": 0.39973906868012504}, {"l": "Apples", "v": 0.15815564456734926}, {"l": "Lemons, Limes", "v": 0.51835111012000001}, {"l": "Bananas", "v": 4.3539492634492429}, {"l": "Oranges, Mandarines", "v": 0.39696642266440535}]}, {"source": 12, "prod": 7217.0, "target": 13, "value": 14.264373099397613, "supply": [{"l": "Pigmeat", "v": 3.1669798699135816}, {"l": "Offals, Edible", "v": 1.1808864522875457}, {"l": "Meat, Other", "v": 0.79638904073078876}, {"l": "Mutton & Goat Meat", "v": 2.3785786890004359}, {"l": "Bovine Meat", "v": 5.9442718562813379}, {"l": "Poultry Meat", "v": 0.79726719118392197}]}, {"source": 12, "prod": 2.0, "target": 22, "value": 0.0030685808074439724, "supply": [{"l": "Meat, Other", "v": 0.0011957793404366198}, {"l": "Bovine Meat", "v": 0.0018728014670073528}]}, {"source": 4, "prod": 153500.0, "target": 22, "value": 53.062708231875007, "supply": [{"l": "Sugar beet", "v": 0.013827415825895766}, {"l": "Sugar cane", "v": 53.048880816049113}]}, {"source": 5, "prod": 1.0, "target": 22, "value": 0.0092282970838043505, "supply": [{"l": "Fats, Animals, Raw", "v": 0.0092282970838043505}]}, {"source": 0, "prod": 10.0, "target": 22, "value": 0.007662484943231046, "supply": [{"l": "Milk - Excluding Butter", "v": 0.007662484943231046}]}, {"source": 9, "prod": 370.0, "target": 22, "value": 1.1360866641278926, "supply": [{"l": "Sugar", "v": 0.0082862725174896006}, {"l": "Sweeteners, Other", "v": 0.98918760275979067}, {"l": "Sugar non-centrifugal", "v": 0.13861278885061226}]}, {"source": 10, "prod": 1539.0, "target": 22, "value": 5.4634383469730388, "supply": [{"l": "Maize", "v": 0.66368385863761048}, {"l": "Oats", "v": 0.00424501665855}, {"l": "Barley", "v": 0.81493504515093629}, {"l": "Rice", "v": 0.59571944236891716}, {"l": "Sorghum", "v": 2.5159754146693554}, {"l": "Wheat", "v": 0.021277233374550369}, {"l": "Millet", "v": 0.84760233611311875}]}, {"source": 18, "prod": 1.0, "target": 22, "value": 0.010612541646375, "supply": [{"l": "Oilcrops Oil, Other", "v": 0.010612541646375}]}, {"source": 11, "prod": 2075.0, "target": 22, "value": 2.1104954248460008, "supply": [{"l": "Plantains", "v": 2.0679001052693811}, {"l": "Fruits, Other", "v": 0.015880820077033713}, {"l": "Citrus, Other", "v": 0.0035672408895378151}, {"l": "Bananas", "v": 0.0075314811683951629}, {"l": "Grapes", "v": 0.0046141485419021753}, {"l": "Lemons, Limes", "v": 0.010459999980000001}, {"l": "Apples", "v": 0.00054162891975119616}]}, {"source": 2, "prod": 18967.767441860466, "target": 22, "value": 84.266342105174687, "supply": [{"l": "Olives", "v": 0.0057886590798409097}, {"l": "Cottonseed", "v": 10.373277071074911}, {"l": "Oilcrops, Other", "v": 5.557112716647274}, {"l": "Sunflower seed", "v": 0.10419586343713638}, {"l": "Coconuts - Incl Copra", "v": 9.3605693420055438}, {"l": "Sesame seed", "v": 3.3252630491975004}, {"l": "Soyabeans", "v": 0.2812323536289375}, {"l": "Rape and Mustardseed", "v": 8.613524710803274}, {"l": "Groundnuts", "v": 26.80091267375543}, {"l": "Palm kernels", "v": 1.0824792479302503}, {"l": "Oil Palm", "v": 18.761986417614594}]}, {"source": 0, "prod": 39.0, "target": 23, "value": 0.029883691278601084, "supply": [{"l": "Milk - Excluding Butter", "v": 0.029883691278601084}]}, {"source": 2, "prod": 199.0, "target": 23, "value": 0.86066454347953469, "supply": [{"l": "Cottonseed", "v": 0.65411847602202289}, {"l": "Oilcrops, Other", "v": 0.0057886590798409097}, {"l": "Coconuts - Incl Copra", "v": 0.12550484033973913}, {"l": "Palm kernels", "v": 0.07525256803793183}]}, {"source": 15, "prod": 468.0, "target": 23, "value": 0.55350007984960825, "supply": [{"l": "Alcohol, Non-Food", "v": 0.22024869040013045}, {"l": "Beverages, Alcoholic", "v": 0.32998997421181137}, {"l": "Beverages, Fermented", "v": 0.0032614152376664635}]}, {"source": 4, "prod": 342.0, "target": 23, "value": 0.11822440531140879, "supply": [{"l": "Sugar cane", "v": 0.11822440531140879}]}, {"source": 5, "prod": 338.0, "target": 23, "value": 3.1191644143258701, "supply": [{"l": "Fats, Animals, Raw", "v": 3.1191644143258701}]}, {"source": 6, "prod": 4563.0, "target": 23, "value": 5.1648027706398167, "supply": [{"l": "Potatoes", "v": 0.032826139363128296}, {"l": "Yams", "v": 3.9616299878838555}, {"l": "Roots, Other", "v": 0.9224512818093723}, {"l": "Cassava", "v": 0.24789536158346093}]}, {"source": 7, "prod": 52.0, "target": 23, "value": 0.21081992843585393, "supply": [{"l": "Pulses, Other", "v": 0.21081992843585393}]}, {"source": 16, "prod": 19.0, "target": 23, "value": 0.014088264893004368, "supply": [{"l": "Aquatic Products, Other", "v": 0.0074148762594759823}, {"l": "Aquatic Plants", "v": 0.0066733886335283857}]}, {"source": 8, "prod": 176.0, "target": 23, "value": 0.12546612069241359, "supply": [{"l": "Fish, Seafood", "v": 0.067066690476193888}, {"l": "Pelagic Fish", "v": 0.0092161545876414466}, {"l": "Marine Fish, Other", "v": 0.0011630182626164384}, {"l": "Demersal Fish", "v": 0.016877777076162653}, {"l": "Freshwater Fish", "v": 0.031142480289799129}]}, {"source": 11, "prod": 20.0, "target": 23, "value": 0.017115577168281923, "supply": [{"l": "Fruits, Other", "v": 0.0043311327482819214}, {"l": "Lemons, Limes", "v": 0.012784444420000001}]}, {"source": 10, "prod": 355.0, "target": 23, "value": 1.2665985037431127, "supply": [{"l": "Maize", "v": 1.2488674759309875}, {"l": "Wheat", "v": 0.017731027812125311}]}, {"source": 18, "prod": 439.0, "target": 23, "value": 4.6510451127413033, "supply": [{"l": "Ricebran Oil", "v": 0.18395072187050002}, {"l": "Coconut Oil", "v": 0.99534469546527649}, {"l": "Rape and Mustard Oil", "v": 0.19357275962988002}, {"l": "Cottonseed Oil", "v": 0.28943295399204549}, {"l": "Groundnut Oil", "v": 0.51799620453104001}, {"l": "Oilcrops Oil, Other", "v": 1.326567705796875}, {"l": "Palm Oil", "v": 0.97437940511368604}, {"l": "Palmkernel Oil", "v": 0.169800666342}]}, {"source": 20, "prod": 27.0, "target": 23, "value": 0.018944702443115701, "supply": [{"l": "Coffee", "v": 0.018944702443115701}]}, {"source": 12, "prod": 32.0, "target": 23, "value": 0.046309272638727278, "supply": [{"l": "Offals, Edible", "v": 0.046309272638727278}]}, {"source": 2, "prod": 1136.0, "target": 2, "value": 6.7538778989018962, "supply": [{"l": "Soyabeans", "v": 0.16449439551881251}, {"l": "Sunflower seed", "v": 0.0057886590798409097}, {"l": "Coconuts - Incl Copra", "v": 0.092385507472307962}, {"l": "Sesame seed", "v": 0.14857558304925}, {"l": "Cottonseed", "v": 1.6729224740740229}, {"l": "Rape and Mustardseed", "v": 0.14471647699602275}, {"l": "Groundnuts", "v": 4.183463917001025}, {"l": "Oilcrops, Other", "v": 0.34153088571061369}]}, {"source": 21, "prod": 53.0, "target": 21, "value": 0.079406782201111775, "supply": [{"l": "Eggs", "v": 0.079406782201111775}]}, {"source": 4, "prod": 7337.0, "target": 4, "value": 2.536293747864931, "supply": [{"l": "Sugar cane", "v": 2.536293747864931}]}, {"source": 6, "prod": 1824.0, "target": 6, "value": 1.7409722471271181, "supply": [{"l": "Potatoes", "v": 0.88384380235222937}, {"l": "Yams", "v": 0.72870858171294273}, {"l": "Roots, Other", "v": 0.055582232507633098}, {"l": "Sweet potatoes", "v": 0.072837630554312888}]}, {"source": 7, "prod": 1157.0, "target": 7, "value": 4.6148494693297692, "supply": [{"l": "Beans", "v": 1.3061589718615383}, {"l": "Peas", "v": 0.22342192939736844}, {"l": "Pulses, Other", "v": 3.0852685680708625}]}, {"source": 10, "prod": 7725.0, "target": 10, "value": 29.625095902165128, "supply": [{"l": "Maize", "v": 2.7974631460854118}, {"l": "Oats", "v": 0.072165283195350011}, {"l": "Barley", "v": 1.0201559141852963}, {"l": "Rice", "v": 15.018842279441717}, {"l": "Sorghum", "v": 2.2746173080295624}, {"l": "Cereals, Other", "v": 0.23931637538134229}, {"l": "Wheat", "v": 6.5108334126124134}, {"l": "Millet", "v": 1.6917021832340347}]}, {"source": 3, "prod": 18.0, "target": 3, "value": 0.0090605098640988146, "supply": [{"l": "Onions", "v": 0.0090605098640988146}]}, {"source": 0, "prod": 1039.0, "target": 24, "value": 0.79613218560170584, "supply": [{"l": "Milk - Excluding Butter", "v": 0.79613218560170584}]}, {"source": 2, "prod": 835.0, "target": 24, "value": 4.1651406204579597, "supply": [{"l": "Sunflower seed", "v": 0.0057886590798409097}, {"l": "Coconuts - Incl Copra", "v": 0.38000076658421017}, {"l": "Sesame seed", "v": 0.21932586069175003}, {"l": "Cottonseed", "v": 0.78725763485836386}, {"l": "Groundnuts", "v": 2.0057703711648749}, {"l": "Oilcrops, Other", "v": 0.28364429491220461}, {"l": "Soyabeans", "v": 0.095512874817374999}, {"l": "Rape and Mustardseed", "v": 0.27785563583236367}, {"l": "Palm kernels", "v": 0.1099845225169773}]}, {"source": 14, "prod": 24.0, "target": 24, "value": 0.072771714146571437, "supply": [{"l": "Treenuts", "v": 0.072771714146571437}]}, {"source": 3, "prod": 3189.0, "target": 24, "value": 0.93035120761387335, "supply": [{"l": "Tomatoes", "v": 0.046934339112137326}, {"l": "Vegetables, Other", "v": 0.81898657613481118}, {"l": "Onions", "v": 0.064430292366924907}]}, {"source": 15, "prod": 402.0, "target": 24, "value": 0.18729841793455976, "supply": [{"l": "Beverages, Fermented", "v": 0.18729841793455976}]}, {"source": 4, "prod": 3435.0, "target": 24, "value": 1.1874293340487989, "supply": [{"l": "Sugar cane", "v": 1.1874293340487989}]}, {"source": 6, "prod": 7081.0, "target": 24, "value": 7.4307476330274689, "supply": [{"l": "Roots, Other", "v": 0.98765351609717267}, {"l": "Yams", "v": 1.8055779302442918}, {"l": "Potatoes", "v": 0.88138184189999469}, {"l": "Sweet potatoes", "v": 0.69700009545819408}, {"l": "Cassava", "v": 3.0591342493278155}]}, {"source": 7, "prod": 692.0, "target": 24, "value": 2.760635456374807, "supply": [{"l": "Peas", "v": 0.18618494116447371}, {"l": "Beans", "v": 0.66085424171565932}, {"l": "Pulses, Other", "v": 1.9135962734946741}]}, {"source": 17, "prod": 26.0, "target": 24, "value": 0.078836023658785725, "supply": [{"l": "Nuts", "v": 0.078836023658785725}]}, {"source": 10, "prod": 8539.0, "target": 24, "value": 32.008896463421586, "supply": [{"l": "Maize", "v": 6.3406785849410419}, {"l": "Barley", "v": 0.41044173806871975}, {"l": "Rice", "v": 10.345381301984153}, {"l": "Cereals, Other", "v": 0.35099735055930203}, {"l": "Wheat", "v": 3.3688952843038091}, {"l": "Oats", "v": 0.02122508329275}, {"l": "Sorghum", "v": 6.1802303063825725}, {"l": "Millet", "v": 4.9910468138892323}]}, {"source": 18, "prod": 20.0, "target": 24, "value": 0.20731476704546511, "supply": [{"l": "Palm Oil", "v": 0.20731476704546511}]}, {"source": 19, "prod": 40.0, "target": 24, "value": 0.13023229116115859, "supply": [{"l": "Pimento", "v": 0.1030040806854044}, {"l": "Pepper", "v": 0.0035350942419867474}, {"l": "Spices, Other", "v": 0.023693116233767443}]}, {"source": 20, "prod": 35.0, "target": 24, "value": 0.041197312059813716, "supply": [{"l": "Cocoa Beans", "v": 0.020651432392945947}, {"l": "Coffee", "v": 0.014734768566867769}, {"l": "Tea", "v": 0.0058111111000000003}]}, {"source": 21, "prod": 65.0, "target": 24, "value": 0.097385676284382369, "supply": [{"l": "Eggs", "v": 0.097385676284382369}]}, {"source": 11, "prod": 6443.0, "target": 24, "value": 4.9173116711117704, "supply": [{"l": "Plantains", "v": 2.6562264431412381}, {"l": "Citrus, Other", "v": 0.064567060100634455}, {"l": "Grapefruit", "v": 0.0074063105332250459}, {"l": "Grapes", "v": 0.032299039793315221}, {"l": "Dates", "v": 0.024762597174875004}, {"l": "Apples", "v": 0.018957012191291867}, {"l": "Lemons, Limes", "v": 0.058111111000000007}, {"l": "Pineapples", "v": 0.038684426001302424}, {"l": "Bananas", "v": 1.1018556949362124}, {"l": "Fruits, Other", "v": 0.87055768240466636}, {"l": "Oranges, Mandarines", "v": 0.043884293835010135}]}, {"source": 25, "prod": 261.0, "target": 17, "value": 0.772693065982893, "supply": [{"l": "Nuts", "v": 0.76107084378289303}, {"l": "Infant food", "v": 0.011622222200000001}]}, {"source": 25, "prod": 3346.0, "target": 1, "value": 2.6194581448362055, "supply": [{"l": "Freshwater Fish", "v": 0.037815868923327514}, {"l": "Pigmeat", "v": 0.027641968939395349}, {"l": "Meat, Other", "v": 0.0023915586808732395}, {"l": "Crustaceans", "v": 0.00076212148268402159}, {"l": "Marine Fish, Other", "v": 0.038379602666342466}, {"l": "Demersal Fish", "v": 0.04449595774624699}, {"l": "Mutton & Goat Meat", "v": 0.0041080806373064525}, {"l": "Poultry Meat", "v": 0.001326567705796875}, {"l": "Milk - Excluding Butter", "v": 1.6037580986182582}, {"l": "Fish, Seafood", "v": 0.45803501109309702}, {"l": "Cephalopods", "v": 0.0076212148268402146}, {"l": "Pelagic Fish", "v": 0.32424107503793098}, {"l": "Molluscs, Other", "v": 0.00076212148268402159}, {"l": "Offals, Edible", "v": 0.0014471647699602274}, {"l": "Bovine Meat", "v": 0.063675249878250004}, {"l": "Eggs", "v": 0.0029964823472117645}]}, {"source": 25, "prod": 9673.0, "target": 10, "value": 35.483394053342678, "supply": [{"l": "Maize", "v": 1.28454940381473}, {"l": "Barley", "v": 0.48777134089326118}, {"l": "Cereals, Other", "v": 0.12364679394702685}, {"l": "Rice", "v": 7.7149862994115406}, {"l": "Wheat", "v": 23.933341340806741}, {"l": "Oats", "v": 0.089145349829550011}, {"l": "Sorghum", "v": 1.5907693392168161}, {"l": "Millet", "v": 0.2591841854230198}]}, {"source": 25, "prod": 129.0, "target": 7, "value": 0.51170679342423031, "supply": [{"l": "Peas", "v": 0.067026578819210536}, {"l": "Beans", "v": 0.12439609255824174}, {"l": "Pulses, Other", "v": 0.32028412204677809}]}, {"source": 25, "prod": 2100.0, "target": 22, "value": 11.393902297281928, "supply": [{"l": "Sugar", "v": 5.3819340001094966}, {"l": "Beer", "v": 0.024608792223478261}, {"l": "Groundnut Oil", "v": 0.060940729944828222}, {"l": "Beverages, Alcoholic", "v": 0.035241647731358489}, {"l": "Sugar non-centrifugal", "v": 0.008153693461800721}, {"l": "Fats, Animals, Raw", "v": 2.648521263051848}, {"l": "Soyabean Oil", "v": 1.5069809137852501}, {"l": "Butter, Ghee", "v": 0.32917497597878947}, {"l": "Palm Oil", "v": 0.4975554409091163}, {"l": "Sunflowerseed Oil", "v": 0.019810077739900001}, {"l": "Olive Oil", "v": 0.031097215056819769}, {"l": "Coconut Oil", "v": 0.16086378916610528}, {"l": "Rape and Mustard Oil", "v": 0.030564119941560004}, {"l": "Oilcrops Oil, Other", "v": 0.38205149926949999}, {"l": "Wine", "v": 0.08243945394865218}, {"l": "Sweeteners, Other", "v": 0.071079348701302336}, {"l": "Beverages, Fermented", "v": 0.00046591646252378048}, {"l": "Honey", "v": 0.0047166851761666672}, {"l": "Cottonseed Oil", "v": 0.096477651330681813}, {"l": "Palmkernel Oil", "v": 0.02122508329275}]}, {"source": 25, "prod": 251.0, "target": 14, "value": 0.76107084378289303, "supply": [{"l": "Treenuts", "v": 0.76107084378289303}]}, {"source": 25, "prod": 199.0, "target": 3, "value": 0.076395524186491676, "supply": [{"l": "Tomatoes", "v": 0.014050407250130282}, {"l": "Vegetables, Other", "v": 0.018049290934100522}, {"l": "Onions", "v": 0.044295826002260875}]}, {"source": 25, "prod": 79.0, "target": 20, "value": 0.10461810679125419, "supply": [{"l": "Cocoa Beans", "v": 0.039008261186675677}, {"l": "Coffee", "v": 0.0098231790445785123}, {"l": "Tea", "v": 0.055786666560000003}]}, {"source": 25, "prod": 280.0, "target": 11, "value": 0.28013417277443481, "supply": [{"l": "Citrus, Other", "v": 0.00035672408895378151}, {"l": "Apples", "v": 0.01137420731477512}, {"l": "Grapes", "v": 0.066443739003391317}, {"l": "Dates", "v": 0.1574193677545625}, {"l": "Bananas", "v": 0.0037657405841975814}, {"l": "Fruits, Other", "v": 0.035611535930318024}, {"l": "Oranges, Mandarines", "v": 0.0051628580982364869}]}, {"source": 25, "prod": 280.0, "target": 2, "value": 1.051658599972785, "supply": [{"l": "Coconuts - Incl Copra", "v": 0.25449592624447104}, {"l": "Sesame seed", "v": 0.056600222114000003}, {"l": "Cottonseed", "v": 0.034731954479045458}, {"l": "Groundnuts", "v": 0.13371802474432501}, {"l": "Oilcrops, Other", "v": 0.023154636319363639}, {"l": "Soyabeans", "v": 0.010612541646375}, {"l": "Rape and Mustardseed", "v": 0.53834529442520462}]}, {"source": 25, "prod": 40.0, "target": 19, "value": 0.14636887124316383, "supply": [{"l": "Pimento", "v": 0.040577365118492643}, {"l": "Pepper", "v": 0.0070701884839734948}, {"l": "Spices, Other", "v": 0.098721317640697692}]}, {"source": 25, "prod": 115.0, "target": 6, "value": 0.09915766502224771, "supply": [{"l": "Roots, Other", "v": 0.0074822236067967627}, {"l": "Potatoes", "v": 0.077962080987429697}, {"l": "Cassava", "v": 0.013713360428021244}]}, {"source": 0, "prod": 40.0, "target": 26, "value": 0.030649939772924184, "supply": [{"l": "Milk - Excluding Butter", "v": 0.030649939772924184}]}, {"source": 12, "prod": 155.0, "target": 26, "value": 0.29267118234461537, "supply": [{"l": "Mutton & Goat Meat", "v": 0.024648483823838711}, {"l": "Pigmeat", "v": 0.011846558116883722}, {"l": "Meat, Other", "v": 0.008370455383056339}, {"l": "Offals, Edible", "v": 0.0043414943098806823}, {"l": "Bovine Meat", "v": 0.2434641907109559}]}, {"source": 14, "prod": 473.0, "target": 26, "value": 1.4342091996386788, "supply": [{"l": "Treenuts", "v": 1.4342091996386788}]}, {"source": 3, "prod": 164.0, "target": 26, "value": 0.07526396764643413, "supply": [{"l": "Tomatoes", "v": 0.00029894483510915494}, {"l": "Vegetables, Other", "v": 0.0090246454670502609}, {"l": "Onions", "v": 0.065940377344274714}]}, {"source": 17, "prod": 475.0, "target": 26, "value": 1.4365336440786787, "supply": [{"l": "Infant food", "v": 0.0023244444400000001}, {"l": "Nuts", "v": 1.4342091996386788}]}, {"source": 4, "prod": 27.0, "target": 26, "value": 0.0093335056824796429, "supply": [{"l": "Sugar cane", "v": 0.0093335056824796429}]}, {"source": 15, "prod": 16.0, "target": 26, "value": 0.012432083241200575, "supply": [{"l": "Beer", "v": 0.0086130772782173921}, {"l": "Beverages, Alcoholic", "v": 0.0032037861573962268}, {"l": "Wine", "v": 0.00061521980558695648}]}, {"source": 5, "prod": 12.0, "target": 26, "value": 0.11391280400289017, "supply": [{"l": "Fats, Animals, Raw", "v": 0.046141485419021751}, {"l": "Butter, Ghee", "v": 0.067771318583868423}]}, {"source": 6, "prod": 250.0, "target": 26, "value": 0.26146147986030621, "supply": [{"l": "Roots, Other", "v": 0.0010688890866852518}, {"l": "Yams", "v": 0.0034700408652997279}, {"l": "Potatoes", "v": 0.0090271883248602813}, {"l": "Cassava", "v": 0.24789536158346093}]}, {"source": 7, "prod": 216.0, "target": 26, "value": 0.86007074944364759, "supply": [{"l": "Peas", "v": 0.048408084702763157}, {"l": "Beans", "v": 0.26434169668626373}, {"l": "Pulses, Other", "v": 0.54732096805462072}]}, {"source": 8, "prod": 464.0, "target": 26, "value": 0.35490969952957985, "supply": [{"l": "Crustaceans", "v": 0.042678803030305204}, {"l": "Marine Fish, Other", "v": 0.0005815091313082192}, {"l": "Demersal Fish", "v": 0.0051144779018674705}, {"l": "Freshwater Fish", "v": 0.066733886335283849}, {"l": "Pelagic Fish", "v": 0.064513082113490133}, {"l": "Fish, Seafood", "v": 0.17528794101732498}]}, {"source": 9, "prod": 1714.0, "target": 26, "value": 7.0982320271617496, "supply": [{"l": "Sugar", "v": 7.0764767299361191}, {"l": "Sugar non-centrifugal", "v": 0.008153693461800721}, {"l": "Sweeteners, Other", "v": 0.008884918587662792}, {"l": "Honey", "v": 0.0047166851761666672}]}, {"source": 10, "prod": 1290.0, "target": 26, "value": 4.8840938119752382, "supply": [{"l": "Maize", "v": 2.3728482042688759}, {"l": "Barley", "v": 0.0089226464797547769}, {"l": "Cereals, Other", "v": 0.0039886062563557053}, {"l": "Rice", "v": 1.9172097546661631}, {"l": "Wheat", "v": 0.36171296736735636}, {"l": "Oats", "v": 0.0084900333171}, {"l": "Sorghum", "v": 0.018284705048469151}, {"l": "Millet", "v": 0.19263689457116334}]}, {"source": 18, "prod": 744.0, "target": 26, "value": 8.2738477930075778, "supply": [{"l": "Groundnut Oil", "v": 2.4782563510896813}, {"l": "Palm Oil", "v": 0.362800842329564}, {"l": "Coconut Oil", "v": 2.8553322576983686}, {"l": "Rape and Mustard Oil", "v": 0.010188039980520001}, {"l": "Oilcrops Oil, Other", "v": 0.85961587335637502}, {"l": "Cottonseed Oil", "v": 0.32802401452431823}, {"l": "Palmkernel Oil", "v": 1.3796304140287501}]}, {"source": 19, "prod": 69.0, "target": 26, "value": 0.2546792227517557, "supply": [{"l": "Cloves", "v": 0.031815848177880725}, {"l": "Pimento", "v": 0.018728014670073529}, {"l": "Pepper", "v": 0.077772073323708446}, {"l": "Spices, Other", "v": 0.12636328658009302}]}, {"source": 20, "prod": 2187.0, "target": 26, "value": 3.1117282683410528, "supply": [{"l": "Cocoa Beans", "v": 1.9435292485361353}, {"l": "Coffee", "v": 0.59289902090491742}, {"l": "Tea", "v": 0.57529999890000005}]}, {"source": 21, "prod": 1.0, "target": 26, "value": 0.0014982411736058823, "supply": [{"l": "Eggs", "v": 0.0014982411736058823}]}, {"source": 11, "prod": 1724.0, "target": 26, "value": 1.2003945394079425, "supply": [{"l": "Plantains", "v": 0.024728252379902914}, {"l": "Citrus, Other", "v": 0.0032105168005840336}, {"l": "Apples", "v": 0.026539817067808613}, {"l": "Grapes", "v": 0.12919615917326088}, {"l": "Dates", "v": 0.0053062708231875}, {"l": "Lemons, Limes", "v": 0.013946666640000001}, {"l": "Pineapples", "v": 0.072918431312189516}, {"l": "Bananas", "v": 0.86687348248228313}, {"l": "Fruits, Other", "v": 0.050529882063289087}, {"l": "Grapefruit", "v": 0.0037031552666125229}, {"l": "Oranges, Mandarines", "v": 0.0034419053988243241}]}, {"source": 2, "prod": 5588.0, "target": 26, "value": 18.644557334408209, "supply": [{"l": "Sunflower seed", "v": 0.07525256803793183}, {"l": "Coconuts - Incl Copra", "v": 6.2612970347269847}, {"l": "Sesame seed", "v": 1.3301052196790002}, {"l": "Cottonseed", "v": 1.8813142009482959}, {"l": "Groundnuts", "v": 6.5076105375571505}, {"l": "Oilcrops, Other", "v": 0.61359786246313641}, {"l": "Soyabeans", "v": 0.047756437408687499}, {"l": "Rape and Mustardseed", "v": 0.011577318159681819}, {"l": "Palm kernels", "v": 1.9160461554273414}]}, {"source": 7, "prod": 13.0, "target": 27, "value": 0.052704982108963482, "supply": [{"l": "Pulses, Other", "v": 0.052704982108963482}]}, {"source": 19, "prod": 6.0, "target": 27, "value": 0.021210565451920488, "supply": [{"l": "Pepper", "v": 0.017675471209933739}, {"l": "Cloves", "v": 0.0035350942419867474}]}, {"source": 28, "prod": 11.0, "target": 2, "value": 0.076056548465687518, "supply": [{"l": "Sesame seed", "v": 0.070750277642500012}, {"l": "Soyabeans", "v": 0.0053062708231875}]}, {"source": 28, "prod": 91.0, "target": 6, "value": 0.099655995092985269, "supply": [{"l": "Potatoes", "v": 0.00328261393631283}, {"l": "Sweet potatoes", "v": 0.078440525212336965}, {"l": "Cassava", "v": 0.017932855944335472}]}, {"source": 17, "prod": 1.0, "target": 27, "value": 0.0030321547561071431, "supply": [{"l": "Nuts", "v": 0.0030321547561071431}]}, {"source": 0, "prod": 4.0, "target": 27, "value": 0.0030649939772924182, "supply": [{"l": "Milk - Excluding Butter", "v": 0.0030649939772924182}]}, {"source": 10, "prod": 3539.0, "target": 27, "value": 13.453331286811791, "supply": [{"l": "Maize", "v": 1.8911421778383524}, {"l": "Barley", "v": 0.0059484309865031858}, {"l": "Rice", "v": 5.1097625408826834}, {"l": "Wheat", "v": 0.060285494561226047}, {"l": "Sorghum", "v": 4.2566793352836187}, {"l": "Millet", "v": 2.1295133072594061}]}, {"source": 14, "prod": 1.0, "target": 27, "value": 0.0030321547561071431, "supply": [{"l": "Treenuts", "v": 0.0030321547561071431}]}, {"source": 8, "prod": 16.0, "target": 27, "value": 0.012799629743393225, "supply": [{"l": "Fish, Seafood", "v": 0.0060969718614721728}, {"l": "Pelagic Fish", "v": 0.0067026578819210534}]}, {"source": 11, "prod": 80.0, "target": 27, "value": 0.02738720424870968, "supply": [{"l": "Pineapples", "v": 0.02738720424870968}]}, {"source": 5, "prod": 2.0, "target": 27, "value": 0.018909914024356982, "supply": [{"l": "Butter, Ghee", "v": 0.0096816169405526328}, {"l": "Fats, Animals, Raw", "v": 0.0092282970838043505}]}, {"source": 18, "prod": 39.0, "target": 27, "value": 0.40768597729993378, "supply": [{"l": "Palm Oil", "v": 0.062194430113639537}, {"l": "Coconut Oil", "v": 0.050269934114407909}, {"l": "Oilcrops Oil, Other", "v": 0.27592608280574998}, {"l": "Cottonseed Oil", "v": 0.019295530266136365}]}, {"source": 2, "prod": 172.0, "target": 27, "value": 0.9020492612199047, "supply": [{"l": "Sunflower seed", "v": 0.017365977239522729}, {"l": "Coconuts - Incl Copra", "v": 0.047064315127402175}, {"l": "Groundnuts", "v": 0.17192317467127502}, {"l": "Oilcrops, Other", "v": 0.11577318159681819}, {"l": "Cottonseed", "v": 0.45730406730743189}, {"l": "Rape and Mustardseed", "v": 0.0057886590798409097}, {"l": "Palm kernels", "v": 0.086829886197613657}]}, {"source": 20, "prod": 201.0, "target": 27, "value": 0.3253922509599958, "supply": [{"l": "Cocoa Beans", "v": 0.26158481031064867}, {"l": "Coffee", "v": 0.056834107329347107}, {"l": "Tea", "v": 0.0069733333200000004}]}, {"source": 28, "prod": 7.0, "target": 7, "value": 0.027211645247115387, "supply": [{"l": "Beans", "v": 0.027211645247115387}]}, {"source": 9, "prod": 815.0, "target": 27, "value": 3.3766560508770125, "supply": [{"l": "Sugar", "v": 3.3766560508770125}]}, {"source": 28, "prod": 55.0, "target": 22, "value": 0.70150419460279545, "supply": [{"l": "Groundnut Oil", "v": 0.38595795631724544}, {"l": "Sunflowerseed Oil", "v": 0.039620155479800002}, {"l": "Palmkernel Oil", "v": 0.27592608280574998}]}, {"source": 4, "prod": 6.0, "target": 27, "value": 0.0020741123738843652, "supply": [{"l": "Sugar cane", "v": 0.0020741123738843652}]}, {"source": 28, "prod": 11.0, "target": 10, "value": 0.044900310428689937, "supply": [{"l": "Cereals, Other", "v": 0.027920243794489936}, {"l": "Oats", "v": 0.0169800666342}]}, {"source": 1, "prod": 33020.0, "target": 0, "value": 25.301525282548919, "supply": [{"l": "Milk - Excluding Butter", "v": 25.301525282548919}]}, {"source": 1, "prod": 857.0, "target": 21, "value": 1.2839926857802413, "supply": [{"l": "Eggs", "v": 1.363399467981353}]}, {"source": 1, "prod": 7408.0, "target": 12, "value": 14.609065079298796, "supply": [{"l": "Pigmeat", "v": 3.1788264280304652}, {"l": "Bovine Meat", "v": 6.1896088484593008}, {"l": "Poultry Meat", "v": 0.79726719118392197}, {"l": "Offals, Edible", "v": 1.2329843840061141}, {"l": "Meat, Other", "v": 0.80715105479471827}, {"l": "Mutton & Goat Meat", "v": 2.4032271728242747}]}, {"source": 1, "prod": 11415.0, "target": 8, "value": 8.4499256421582452, "supply": [{"l": "Pelagic Fish", "v": 1.4117473163796219}, {"l": "Crustaceans", "v": 0.16309399729438059}, {"l": "Freshwater Fish", "v": 1.6816939356491529}, {"l": "Molluscs, Other", "v": 0.002286364448052065}, {"l": "Marine Fish, Other", "v": 0.40298582799659594}, {"l": "Fish, Seafood", "v": 4.3486651801950282}, {"l": "Demersal Fish", "v": 0.41887574016294593}, {"l": "Cephalopods", "v": 0.020577280032468583}]}, {"source": 1, "prod": 23.0, "target": 16, "value": 0.017054215396794761, "supply": [{"l": "Aquatic Plants", "v": 0.0066733886335283857}, {"l": "Aquatic Animals, Others", "v": 0.0014829752518951966}, {"l": "Aquatic Products, Other", "v": 0.0088978515113711798}]}, {"source": 22, "prod": 17351.0, "target": 9, "value": 70.517413029220847, "supply": [{"l": "Honey", "v": 0.39620155479800012}, {"l": "Sweeteners, Other", "v": 2.1975365306819303}, {"l": "Sugar non-centrifugal", "v": 33.311914638186849}, {"l": "Sugar", "v": 34.611760305554064}]}, {"source": 22, "prod": 5211.0, "target": 18, "value": 54.629874188134281, "supply": [{"l": "Olive Oil", "v": 0.031097215056819769}, {"l": "Ricebran Oil", "v": 0.63675249878250006}, {"l": "Sesameseed Oil", "v": 1.9911149565103574}, {"l": "Soyabean Oil", "v": 1.6131063302490001}, {"l": "Coconut Oil", "v": 7.4298962621094882}, {"l": "Cottonseed Oil", "v": 2.6048965859284094}, {"l": "Rape and Mustard Oil", "v": 5.002327630435321}, {"l": "Maize Germ Oil", "v": 0.42450166585499999}, {"l": "Groundnut Oil", "v": 18.424414019986401}, {"l": "Palm Oil", "v": 9.8785486497164126}, {"l": "Palmkernel Oil", "v": 2.0163829128112498}, {"l": "Oilcrops Oil, Other", "v": 4.4678800331238753}, {"l": "Sunflowerseed Oil", "v": 0.10895542756944999}]}, {"source": 22, "prod": 10450.0, "target": 15, "value": 6.7853226971712459, "supply": [{"l": "Beer", "v": 0.8010161868742175}, {"l": "Beverages, Alcoholic", "v": 1.9286792667525285}, {"l": "Alcohol, Non-Food", "v": 0.22024869040013045}, {"l": "Beverages, Fermented", "v": 3.7510934397789568}, {"l": "Wine", "v": 0.084285113365413042}]}, {"source": 22, "prod": 1108.0, "target": 5, "value": 10.472012490783031, "supply": [{"l": "Fats, Animals, Raw", "v": 5.1863029610980442}, {"l": "Fish, Body Oil", "v": 0.018909914024356982}, {"l": "Butter, Ghee", "v": 5.2667996156606307}]}, {"source": 29, "prod": 0, "target": 2, "value": 0.015921917087830122, "supply": "[{\"l\":'Energy for power irrigation',\"v\":0.015921917087830122}]"}, {"source": 29, "prod": 0, "target": 14, "value": 0.00048941638675673959, "supply": "[{\"l\":'Energy for power irrigation',\"v\":0.00048941638675673959}]"}, {"source": 29, "prod": 0, "target": 3, "value": 0.018736052983552277, "supply": "[{\"l\":'Energy for power irrigation',\"v\":0.018736052983552277}]"}, {"source": 29, "prod": 0, "target": 4, "value": 0.082926473832361097, "supply": "[{\"l\":'Energy for power irrigation',\"v\":0.082926473832361097}]"}, {"source": 29, "prod": 0, "target": 6, "value": 0.030787871822511775, "supply": "[{\"l\":'Energy for power irrigation',\"v\":0.030787871822511775}]"}, {"source": 29, "prod": 0, "target": 7, "value": 0.0072488535371194561, "supply": "[{\"l\":'Energy for power irrigation',\"v\":0.0072488535371194561}]"}, {"source": 29, "prod": 0, "target": 17, "value": 0.00049323622197045079, "supply": "[{\"l\":'Energy for power irrigation',\"v\":0.00049323622197045079}]"}, {"source": 29, "prod": 0, "target": 10, "value": 0.074926545196345701, "supply": "[{\"l\":'Energy for power irrigation',\"v\":0.074926545196345701}]"}, {"source": 29, "prod": 0, "target": 19, "value": 0.00054361029885126636, "supply": "[{\"l\":'Energy for power irrigation',\"v\":0.00054361029885126636}]"}, {"source": 29, "prod": 0, "target": 20, "value": 0.0014045056601414143, "supply": "[{\"l\":'Energy for power irrigation',\"v\":0.0014045056601414143}]"}, {"source": 29, "prod": 0, "target": 11, "value": 0.021086922817890624, "supply": "[{\"l\":'Energy for power irrigation',\"v\":0.021086922817890624}]"}, {"source": 29, "prod": 0, "target": 22, "value": 5.9607954258905043, "supply": "[{\"l\":'Electricity',\"v\":5.9607954258905043}]"}, {"source": 30, "prod": 0, "target": 29, "value": 5.7487319691709988, "supply": [{"l": "Coal", "v": 3.8185471765735985}, {"l": "Natural gas", "v": 0.25180904865505138}, {"l": "Oil", "v": 1.6783757439423488}]}, {"source": 31, "prod": 0, "target": 29, "value": 3.9851029402254681, "supply": [{"l": "Nuclear", "v": 0.0}, {"l": "Hydroelectric", "v": 3.9597693145718402}, {"l": "Renewable", "v": 0.025333625653628046}]}, {"source": 30, "prod": 0, "target": 2, "value": 0.38642280890541142, "supply": [{"l": "Motor Gasoline", "v": 0.056441510125726513}, {"l": "Gas-Diesel oil", "v": 0.077695392966011384}, {"l": "Natural gas (including LNG)", "v": 0.059649861922325381}, {"l": "Fuel oil", "v": 0.13827417118468052}, {"l": "Liquefied petroleum gas (LPG)", "v": 0.0019174824546098965}, {"l": "Coal", "v": 0.052444390252057681}]}, {"source": 30, "prod": 0, "target": 14, "value": 0.011878070577281876, "supply": [{"l": "Motor Gasoline", "v": 0.0017349292674021571}, {"l": "Gas-Diesel oil", "v": 0.0023882424637253581}, {"l": "Natural gas (including LNG)", "v": 0.0018335492975828259}, {"l": "Fuel oil", "v": 0.0042503452862919008}, {"l": "Liquefied petroleum gas (LPG)", "v": 5.8940599265016856e-05}, {"l": "Coal", "v": 0.0016120636630146167}]}, {"source": 30, "prod": 0, "target": 3, "value": 0.45472151260219723, "supply": [{"l": "Motor Gasoline", "v": 0.066417323890953103}, {"l": "Gas-Diesel oil", "v": 0.091427746493025541}, {"l": "Natural gas (including LNG)", "v": 0.070192739182928079}, {"l": "Fuel oil", "v": 0.16271358425507418}, {"l": "Liquefied petroleum gas (LPG)", "v": 0.002256389897424028}, {"l": "Coal", "v": 0.061713728882792245}]}, {"source": 30, "prod": 0, "target": 4, "value": 2.0126144844338718, "supply": [{"l": "Motor Gasoline", "v": 0.29396556876166174}, {"l": "Gas-Diesel oil", "v": 0.40466263805730091}, {"l": "Natural gas (including LNG)", "v": 0.31067569856814248}, {"l": "Fuel oil", "v": 0.72017643197013559}, {"l": "Liquefied petroleum gas (LPG)", "v": 0.0099868663879526202}, {"l": "Coal", "v": 0.27314728068867811}]}, {"source": 30, "prod": 0, "target": 6, "value": 0.74721755202257112, "supply": [{"l": "Motor Gasoline", "v": 0.10913974552399131}, {"l": "Gas-Diesel oil", "v": 0.15023792591318155}, {"l": "Natural gas (including LNG)", "v": 0.1153436670323323}, {"l": "Fuel oil", "v": 0.26737781859522119}, {"l": "Liquefied petroleum gas (LPG)", "v": 0.0037077949664471093}, {"l": "Coal", "v": 0.10141059999139755}]}, {"source": 30, "prod": 0, "target": 7, "value": 0.17592871070146809, "supply": [{"l": "Motor Gasoline", "v": 0.025696418217625215}, {"l": "Gas-Diesel oil", "v": 0.035372783378581976}, {"l": "Natural gas (including LNG)", "v": 0.027157101132930409}, {"l": "Fuel oil", "v": 0.062952797037893166}, {"l": "Liquefied petroleum gas (LPG)", "v": 0.00087298215389449113}, {"l": "Coal", "v": 0.023876628780542832}]}, {"source": 30, "prod": 0, "target": 17, "value": 0.011970777469592369, "supply": [{"l": "Motor Gasoline", "v": 0.001748470178757491}, {"l": "Gas-Diesel oil", "v": 0.0024068824049056537}, {"l": "Natural gas (including LNG)", "v": 0.0018478599262468868}, {"l": "Fuel oil", "v": 0.0042835187129166181}, {"l": "Liquefied petroleum gas (LPG)", "v": 5.9400623454402356e-05}, {"l": "Coal", "v": 0.0016246456233113161}]}, {"source": 30, "prod": 0, "target": 10, "value": 1.8184572810318529, "supply": [{"l": "Motor Gasoline", "v": 0.26560666884879403}, {"l": "Gas-Diesel oil", "v": 0.36562477624414336}, {"l": "Natural gas (including LNG)", "v": 0.28070477007414107}, {"l": "Fuel oil", "v": 0.65070090992215734}, {"l": "Liquefied petroleum gas (LPG)", "v": 0.0090234319778202052}, {"l": "Coal", "v": 0.24679672396479674}]}, {"source": 30, "prod": 0, "target": 19, "value": 0.013193349611936991, "supply": [{"l": "Motor Gasoline", "v": 0.0019270409472559567}, {"l": "Gas-Diesel oil", "v": 0.0026526966292208}, {"l": "Natural gas (including LNG)", "v": 0.0020365813417541922}, {"l": "Fuel oil", "v": 0.0047209932765300763}, {"l": "Liquefied petroleum gas (LPG)", "v": 6.5467192451923594e-05}, {"l": "Coal", "v": 0.0017905702247240399}]}, {"source": 30, "prod": 0, "target": 20, "value": 0.034087165466414285, "supply": [{"l": "Motor Gasoline", "v": 0.0049788238439643362}, {"l": "Gas-Diesel oil", "v": 0.0068536733727298932}, {"l": "Natural gas (including LNG)", "v": 0.005261839276916958}, {"l": "Fuel oil", "v": 0.012197454302075732}, {"l": "Liquefied petroleum gas (LPG)", "v": 0.0001691451441346801}, {"l": "Coal", "v": 0.0046262295265926782}]}, {"source": 30, "prod": 0, "target": 11, "value": 0.51177681063853608, "supply": [{"l": "Motor Gasoline", "v": 0.074750908523201418}, {"l": "Gas-Diesel oil", "v": 0.10289946529317365}, {"l": "Natural gas (including LNG)", "v": 0.079000036711366184}, {"l": "Fuel oil", "v": 0.1831297550034236}, {"l": "Liquefied petroleum gas (LPG)", "v": 0.0025395060344789652}, {"l": "Coal", "v": 0.069457139072892207}]}, {"source": 30, "prod": 0, "target": 1, "value": 1.2843800565830594, "supply": [{"l": "Gas-diesel oils used in fisheries", "v": 1.2402991676589059}, {"l": "Fuel oil used in fisheries", "v": 0.044080888924153599}]}, {"source": 32, "prod": 249.96109301189298, "target": 2, "value": 3.2733554599511017, "supply": [{"l": "Potash", "v": 1.1674647924020125}, {"l": "Phosphate", "v": 4.1079349341374751}, {"l": "Nitrogen", "v": 47.060198841261098}]}, {"source": 32, "prod": 7.6834375092401697, "target": 14, "value": 0.10061814748452773, "supply": [{"l": "Potash", "v": 1.1674647924020125}, {"l": "Phosphate", "v": 4.1079349341374751}, {"l": "Nitrogen", "v": 47.060198841261098}]}, {"source": 32, "prod": 294.14072794519961, "target": 3, "value": 3.851908095823537, "supply": [{"l": "Potash", "v": 1.1674647924020125}, {"l": "Phosphate", "v": 4.1079349341374751}, {"l": "Nitrogen", "v": 47.060198841261098}]}, {"source": 32, "prod": 1301.8779035473572, "target": 4, "value": 17.048689827755215, "supply": [{"l": "Potash", "v": 1.1674647924020125}, {"l": "Phosphate", "v": 4.1079349341374751}, {"l": "Nitrogen", "v": 47.060198841261098}]}, {"source": 32, "prod": 483.34443960566455, "target": 6, "value": 6.3296177071242417, "supply": [{"l": "Potash", "v": 1.1674647924020125}, {"l": "Phosphate", "v": 4.1079349341374751}, {"l": "Nitrogen", "v": 47.060198841261098}]}, {"source": 32, "prod": 113.80107955758989, "target": 7, "value": 1.4902774693037637, "supply": [{"l": "Potash", "v": 1.1674647924020125}, {"l": "Phosphate", "v": 4.1079349341374751}, {"l": "Nitrogen", "v": 47.060198841261098}]}, {"source": 32, "prod": 7.7434058019952152, "target": 17, "value": 0.10140345985513868, "supply": [{"l": "Potash", "v": 1.1674647924020125}, {"l": "Phosphate", "v": 4.1079349341374751}, {"l": "Nitrogen", "v": 47.060198841261098}]}, {"source": 32, "prod": 1176.2855584268066, "target": 10, "value": 15.404000313580074, "supply": [{"l": "Potash", "v": 1.1674647924020125}, {"l": "Phosphate", "v": 4.1079349341374751}, {"l": "Nitrogen", "v": 47.060198841261098}]}, {"source": 32, "prod": 8.5342376627023739, "target": 19, "value": 0.11175976674257054, "supply": [{"l": "Potash", "v": 1.1674647924020125}, {"l": "Phosphate", "v": 4.1079349341374751}, {"l": "Nitrogen", "v": 47.060198841261098}]}, {"source": 32, "prod": 22.049591642370693, "target": 20, "value": 0.288749542269013, "supply": [{"l": "Potash", "v": 1.1674647924020125}, {"l": "Phosphate", "v": 4.1079349341374751}, {"l": "Nitrogen", "v": 47.060198841261098}]}, {"source": 32, "prod": 331.04746411763279, "target": 11, "value": 4.3352187779114129, "supply": [{"l": "Potash", "v": 1.1674647924020125}, {"l": "Phosphate", "v": 4.1079349341374751}, {"l": "Nitrogen", "v": 47.060198841261098}]}, {"source": 30, "prod": 0, "target": 32, "value": 62.691605148702116, "supply": [{"l": "Natural gas (including LNG)", "v": 42.487964957983628}, {"l": "Fuel oil", "v": 11.884753007414542}, {"l": "Liquefied petroleum gas (LPG)", "v": 4.1594435916519714}, {"l": "Coal", "v": 4.1594435916519714}]}, {"source": 33, "prod": 0, "target": 6, "value": 16.891802159786817, "supply": "[{\"l\":'Labor',\"v\":16.891802159786817}]"}, {"source": 33, "prod": 0, "target": 19, "value": 0.29825243112464778, "supply": "[{\"l\":'Labor',\"v\":0.29825243112464778}]"}, {"source": 33, "prod": 0, "target": 2, "value": 8.7355785746614067, "supply": "[{\"l\":'Labor',\"v\":8.7355785746614067}]"}, {"source": 33, "prod": 0, "target": 14, "value": 0.26851887738494862, "supply": "[{\"l\":'Labor',\"v\":0.26851887738494862}]"}, {"source": 33, "prod": 0, "target": 3, "value": 10.279557550387015, "supply": "[{\"l\":'Labor',\"v\":10.279557550387015}]"}, {"source": 33, "prod": 0, "target": 4, "value": 45.497707599287452, "supply": "[{\"l\":'Labor',\"v\":45.497707599287452}]"}, {"source": 33, "prod": 0, "target": 7, "value": 3.9770920361166802, "supply": "[{\"l\":'Labor',\"v\":3.9770920361166802}]"}, {"source": 33, "prod": 0, "target": 10, "value": 41.108537324998558, "supply": "[{\"l\":'Labor',\"v\":41.108537324998558}]"}, {"source": 33, "prod": 0, "target": 17, "value": 0.27061463447673356, "supply": "[{\"l\":'Labor',\"v\":0.27061463447673356}]"}, {"source": 33, "prod": 0, "target": 20, "value": 0.77058368568568425, "supply": "[{\"l\":'Labor',\"v\":0.77058368568568425}]"}, {"source": 33, "prod": 0, "target": 11, "value": 11.569365055562425, "supply": "[{\"l\":'Labor',\"v\":11.569365055562425}]"}, {"source": 30, "prod": 0, "target": 25, "value": 25.355863746240448, "supply": "[{\"l\":'Fossil Fuels',\"v\":25.355863746240448}]"}, {"source": 31, "prod": 0, "target": 25, "value": 52.437588912184317, "supply": "[{\"l\":'Renewables & Nuclear',\"v\":1.415871213283789},{\"l\":'Biomass & Waste',\"v\":51.021717698900531}]"}]}