{"nodes": [{"layer": 13, "name": "Milk - Excluding Butter"}, {"layer": 10, "name": "Feed", "fill": "#dbdb8d"}, {"layer": 5, "name": "Oilcrops", "fill": "#ff9896"}, {"layer": 5, "name": "Vegetables"}, {"layer": 5, "name": "Sugar Crops", "fill": "#ffbb78"}, {"layer": 13, "name": "Animal Fats"}, {"layer": 5, "name": "Starchy Roots"}, {"layer": 5, "name": "Pulses"}, {"layer": 13, "name": "Fish, Seafood"}, {"layer": 13, "name": "Sugar & Sweeteners"}, {"layer": 5, "name": "Cereals - Excluding Beer"}, {"layer": 5, "name": "Fruits - Excluding Wine"}, {"layer": 13, "name": "Meat"}, {"layer": 16, "name": "Food", "fill": "#b5cf6b"}, {"layer": 5, "name": "Treenuts"}, {"layer": 13, "name": "Alcoholic Beverages"}, {"layer": 5, "name": "Others"}, {"layer": 13, "name": "Vegetable Oils", "fill": "#f7b6d2"}, {"layer": 5, "name": "Spices"}, {"layer": 5, "name": "Stimulants"}, {"layer": 13, "name": "Eggs"}, {"layer": 10, "name": "Processing", "fill": "#9edae5"}, {"layer": 16, "name": "Biofuels & Other", "fill": "#e7ba52"}, {"layer": 13, "name": "Aquatic Products, Other"}, {"name": "Waste", "fill": "#c7c7c7"}, {"layer": 2, "name": "Import", "fill": "#aec7e8"}, {"layer": 16, "name": "Export", "fill": "#aec7e8"}, {"layer": 16, "name": "Stock Deposit", "fill": "#c7c7c7"}, {"layer": 0, "name": "Stock Draw", "fill": "#c7c7c7"}, {"name": "Crop Residue", "fill": "#bd9e39"}, {"layer": 2, "name": "Electricity", "fill": "#bcbd22"}, {"layer": 0, "name": "Fossil Fuels", "fill": "#c49c94"}, {"layer": 0, "name": "Renewables & Nuclear", "fill": "#2ca02c"}, {"layer": 2, "name": "Fertilizers", "fill": "#c5b0d5"}, {"layer": 0, "name": "Labor", "fill": "#7f7f7f"}], "links": [{"source": 0, "prod": 3416.0, "target": 1, "value": 2.5795892843519086, "supply": [{"l": "Milk - Excluding Butter", "v": 2.5795892843519086}]}, {"source": 2, "prod": 1367.0, "target": 1, "value": 7.4828599594173353, "supply": [{"l": "Soyabeans", "v": 0.027013742372590913}, {"l": "Coconuts - Incl Copra", "v": 0.030758383415764833}, {"l": "Cottonseed", "v": 7.3807920076267184}, {"l": "Oilcrops, Other", "v": 0.044295826002260875}]}, {"source": 3, "prod": 11.0, "target": 1, "value": 0.0031844204320182899, "supply": [{"l": "Vegetables, Other", "v": 0.0031844204320182899}]}, {"source": 4, "prod": 3037.0, "target": 1, "value": 0.98263076158661189, "supply": [{"l": "Sugar cane", "v": 0.98263076158661189}]}, {"source": 5, "prod": 3.0, "target": 1, "value": 0.028329202454056953, "supply": [{"l": "Fish, Body Oil", "v": 0.028329202454056953}]}, {"source": 6, "prod": 4670.0, "target": 1, "value": 5.0620292652776158, "supply": [{"l": "Potatoes", "v": 0.0793540802502814}, {"l": "Yams", "v": 0.9182598414944052}, {"l": "Roots, Other", "v": 0.14966805057167096}, {"l": "Sweet potatoes", "v": 0.16511239493195481}, {"l": "Cassava", "v": 3.7496348980293028}]}, {"source": 7, "prod": 1274.0, "target": 1, "value": 5.1795872608721636, "supply": [{"l": "Beans", "v": 0.35603365523322578}, {"l": "Peas", "v": 0.2152614830399468}, {"l": "Pulses, Other", "v": 4.608292122598991}]}, {"source": 8, "prod": 292.0, "target": 1, "value": 0.22971458567462491, "supply": [{"l": "Pelagic Fish", "v": 0.10791070384351402}, {"l": "Fish, Seafood", "v": 0.115845314420243}, {"l": "Demersal Fish", "v": 0.0045892071984324325}, {"l": "Marine Fish, Other", "v": 0.0013693602124354839}]}, {"source": 9, "prod": 282.0, "target": 1, "value": 1.1474741921064948, "supply": [{"l": "Sugar non-centrifugal", "v": 1.1474741921064948}]}, {"source": 10, "prod": 6068.0, "target": 1, "value": 21.908836301734297, "supply": [{"l": "Maize", "v": 9.8501960423127759}, {"l": "Oats", "v": 0.060476949656054796}, {"l": "Barley", "v": 1.3463306166850137}, {"l": "Sorghum", "v": 4.1889225283205382}, {"l": "Cereals, Other", "v": 0.053334824684346166}, {"l": "Rice", "v": 3.0971641540780799}, {"l": "Wheat", "v": 0.76121277443105118}, {"l": "Millet", "v": 2.5511984115664363}]}, {"source": 11, "prod": 1191.0, "target": 1, "value": 1.1454958238565198, "supply": [{"l": "Bananas", "v": 0.11365204174486702}, {"l": "Plantains", "v": 1.0318437821116528}]}, {"source": 12, "prod": 1.0, "target": 1, "value": 0.0012485343113382355, "supply": [{"l": "Meat, Other", "v": 0.0012485343113382355}]}, {"source": 0, "prod": 24964.0, "target": 13, "value": 18.851541830960493, "supply": [{"l": "Milk - Excluding Butter", "v": 18.851541830960493}]}, {"source": 2, "prod": 5266.0, "target": 13, "value": 14.973050893205249, "supply": [{"l": "Sunflower seed", "v": 0.0055369782502826094}, {"l": "Coconuts - Incl Copra", "v": 6.0545449460505516}, {"l": "Sesame seed", "v": 1.3584053307360002}, {"l": "Groundnuts", "v": 5.3770211008299995}, {"l": "Oilcrops, Other", "v": 1.0298779545525654}, {"l": "Soyabeans", "v": 0.6714844532615456}, {"l": "Rape and Mustardseed", "v": 0.45956919477345659}, {"l": "Palm kernels", "v": 0.016610934750847826}]}, {"source": 14, "prod": 521.0, "target": 13, "value": 1.6754952114428414, "supply": [{"l": "Treenuts", "v": 1.6754952114428414}]}, {"source": 7, "prod": 11985.0, "target": 13, "value": 48.454258728724227, "supply": [{"l": "Peas", "v": 4.3717650282840106}, {"l": "Pulses, Other", "v": 35.343845429215818}, {"l": "Beans", "v": 8.7386482712243989}]}, {"source": 3, "prod": 28374.0, "target": 13, "value": 8.4185496410727101, "supply": [{"l": "Tomatoes", "v": 0.33757989617992856}, {"l": "Vegetables, Other", "v": 7.4066724321079951}, {"l": "Onions", "v": 0.67429731278478666}]}, {"source": 15, "prod": 8227.0, "target": 13, "value": 4.7782436623685127, "supply": [{"l": "Beverages, Alcoholic", "v": 1.3468280125763183}, {"l": "Wine", "v": 0.066636889407470937}, {"l": "Beer", "v": 0.33591001385047825}, {"l": "Beverages, Fermented", "v": 3.0288687465342452}]}, {"source": 4, "prod": 5200.0, "target": 13, "value": 1.6824761146692071, "supply": [{"l": "Sugar cane", "v": 1.6824761146692071}]}, {"source": 5, "prod": 661.0, "target": 13, "value": 6.4205527863804068, "supply": [{"l": "Butter, Ghee", "v": 5.0442737012926173}, {"l": "Fats, Animals, Raw", "v": 1.3762790850877897}]}, {"source": 6, "prod": 31547.0, "target": 13, "value": 33.665055017573025, "supply": [{"l": "Roots, Other", "v": 2.3564524458620024}, {"l": "Yams", "v": 4.712212925730916}, {"l": "Potatoes", "v": 2.6912125710686836}, {"l": "Sweet potatoes", "v": 4.3782488078936481}, {"l": "Cassava", "v": 19.526928267017773}]}, {"source": 8, "prod": 6781.0, "target": 13, "value": 5.1507232841578725, "supply": [{"l": "Crustaceans", "v": 0.094421865863074772}, {"l": "Marine Fish, Other", "v": 0.33617793215291131}, {"l": "Fish, Seafood", "v": 2.6906264465687943}, {"l": "Demersal Fish", "v": 0.33730672908478382}, {"l": "Freshwater Fish", "v": 1.0074334177165982}, {"l": "Cephalopods", "v": 0.010314993749747663}, {"l": "Pelagic Fish", "v": 0.67285497690661689}, {"l": "Molluscs, Other", "v": 0.0015869221153457943}]}, {"source": 9, "prod": 11173.0, "target": 13, "value": 45.780636504609163, "supply": [{"l": "Sugar", "v": 19.515110810560934}, {"l": "Sweeteners, Other", "v": 1.0110857859455455}, {"l": "Honey", "v": 0.339601332684}, {"l": "Sugar non-centrifugal", "v": 24.914838575418681}]}, {"source": 16, "prod": 526.0, "target": 13, "value": 1.683360022033864, "supply": [{"l": "Nuts", "v": 1.678711133153864}, {"l": "Infant food", "v": 0.0046488888800000003}]}, {"source": 10, "prod": 111690.0, "target": 13, "value": 427.66965818969231, "supply": [{"l": "Maize", "v": 39.711842991639919}, {"l": "Barley", "v": 10.764607576454615}, {"l": "Cereals, Other", "v": 4.7201319845646346}, {"l": "Sorghum", "v": 59.912183153529575}, {"l": "Rice", "v": 204.67722623108679}, {"l": "Wheat", "v": 65.974134133712582}, {"l": "Oats", "v": 0.17445273939246575}, {"l": "Millet", "v": 41.735079379311728}]}, {"source": 17, "prod": 3347.0, "target": 13, "value": 34.716823765349027, "supply": [{"l": "Ricebran Oil", "v": 0.42450166585499999}, {"l": "Sunflowerseed Oil", "v": 0.050364604423474582}, {"l": "Rape and Mustard Oil", "v": 4.3746826219384358}, {"l": "Sesameseed Oil", "v": 2.048220537750375}, {"l": "Palmkernel Oil", "v": 0.10376707387566668}, {"l": "Oilcrops Oil, Other", "v": 1.6474707508182147}, {"l": "Maize Germ Oil", "v": 0.17365977239522731}, {"l": "Groundnut Oil", "v": 14.447287092641277}, {"l": "Soyabean Oil", "v": 0.31130122162700002}, {"l": "Palm Oil", "v": 6.421796719788742}, {"l": "Coconut Oil", "v": 3.3454774142382151}, {"l": "Olive Oil", "v": 0.031114042554144891}, {"l": "Cottonseed Oil", "v": 1.3371802474432501}]}, {"source": 18, "prod": 1001.0, "target": 13, "value": 3.3997997983275781, "supply": [{"l": "Pepper", "v": 0.020634532693770052}, {"l": "Pimento", "v": 2.0212810089557309}, {"l": "Cloves", "v": 0.010317266346885026}, {"l": "Spices, Other", "v": 1.3475669903311915}]}, {"source": 19, "prod": 383.0, "target": 13, "value": 0.32218529895770953, "supply": [{"l": "Tea", "v": 0.20571333294000002}, {"l": "Coffee", "v": 0.06902766218685652}, {"l": "Cocoa Beans", "v": 0.047444303830852942}]}, {"source": 20, "prod": 538.0, "target": 13, "value": 1.007567189249956, "supply": [{"l": "Eggs", "v": 1.007567189249956}]}, {"source": 11, "prod": 27239.0, "target": 13, "value": 17.025915859124982, "supply": [{"l": "Plantains", "v": 4.7117558858156148}, {"l": "Grapes", "v": 0.16591950825418286}, {"l": "Pineapples", "v": 0.3378686728233673}, {"l": "Citrus, Other", "v": 0.33600939551138082}, {"l": "Grapefruit", "v": 0.045286533695929262}, {"l": "Fruits, Other", "v": 6.7333925100526395}, {"l": "Dates", "v": 0.33775567326723915}, {"l": "Apples", "v": 0.11970946977110999}, {"l": "Lemons, Limes", "v": 0.53462222120000003}, {"l": "Bananas", "v": 3.3659068257155327}, {"l": "Oranges, Mandarines", "v": 0.33768916301798646}]}, {"source": 12, "prod": 5849.0, "target": 13, "value": 11.760145571860926, "supply": [{"l": "Pigmeat", "v": 2.3483196320839794}, {"l": "Offals, Edible", "v": 1.0041660095742413}, {"l": "Meat, Other", "v": 0.67046292518863237}, {"l": "Mutton & Goat Meat", "v": 2.0236790351931329}, {"l": "Bovine Meat", "v": 5.0443035789436479}, {"l": "Poultry Meat", "v": 0.66921439087729406}]}, {"source": 2, "prod": 17071.696202531646, "target": 21, "value": 72.6675137633232, "supply": [{"l": "Olives", "v": 0.0055369782502826094}, {"l": "Soyabeans", "v": 0.069463908958090917}, {"l": "Oilcrops, Other", "v": 5.4207017070266748}, {"l": "Sunflower seed", "v": 0.083054673754239139}, {"l": "Coconuts - Incl Copra", "v": 8.1801111263084056}, {"l": "Sesame seed", "v": 2.8866113278140006}, {"l": "Cottonseed", "v": 5.9134927713018257}, {"l": "Rape and Mustardseed", "v": 8.2445606146708048}, {"l": "Groundnuts", "v": 24.533051829634893}, {"l": "Palm kernels", "v": 0.19933121701017392}, {"l": "Oil Palm", "v": 17.131597608593815}]}, {"source": 4, "prod": 122789.0, "target": 21, "value": 39.728761470022555, "supply": [{"l": "Sugar beet", "v": 0.019413185938490854}, {"l": "Sugar cane", "v": 39.709348284084065}]}, {"source": 5, "prod": 1.0, "target": 21, "value": 0.0089368771758947391, "supply": [{"l": "Fats, Animals, Raw", "v": 0.0089368771758947391}]}, {"source": 0, "prod": 8.0, "target": 21, "value": 0.0060411927034002546, "supply": [{"l": "Milk - Excluding Butter", "v": 0.0060411927034002546}]}, {"source": 9, "prod": 272.0, "target": 21, "value": 1.0539378728505995, "supply": [{"l": "Sugar", "v": 0.0041310564797969801}, {"l": "Sweeteners, Other", "v": 0.97249472541327275}, {"l": "Sugar non-centrifugal", "v": 0.077312090957529792}]}, {"source": 10, "prod": 1361.0, "target": 21, "value": 4.869010369737766, "supply": [{"l": "Maize", "v": 0.47910209425405148}, {"l": "Barley", "v": 0.59769834552384016}, {"l": "Rice", "v": 0.5203907250754497}, {"l": "Sorghum", "v": 2.4505379394098354}, {"l": "Wheat", "v": 0.014162098128949786}, {"l": "Millet", "v": 0.80711916734564004}]}, {"source": 11, "prod": 1687.0, "target": 21, "value": 1.6556628875992272, "supply": [{"l": "Grapes", "v": 0.0014554342829314287}, {"l": "Plantains", "v": 1.6122559095494575}, {"l": "Fruits, Other", "v": 0.014301010640819766}, {"l": "Citrus, Other", "v": 0.00097961922889615392}, {"l": "Bananas", "v": 0.0060213002248936179}, {"l": "Oranges, Mandarines", "v": 0.00038243393320270267}, {"l": "Lemons, Limes", "v": 0.019757777740000003}, {"l": "Apples", "v": 0.00050940199902599998}]}, {"source": 12, "prod": 2.0, "target": 21, "value": 0.003160703977351749, "supply": [{"l": "Meat, Other", "v": 0.0012485343113382355}, {"l": "Bovine Meat", "v": 0.0019121696660135135}]}, {"source": 0, "prod": 4.0, "target": 22, "value": 0.0030205963517001273, "supply": [{"l": "Milk - Excluding Butter", "v": 0.0030205963517001273}]}, {"source": 2, "prod": 123.0, "target": 22, "value": 0.35584469966964549, "supply": [{"l": "Cottonseed", "v": 0.19379423875989132}, {"l": "Oilcrops, Other", "v": 0.0055369782502826094}, {"l": "Coconuts - Incl Copra", "v": 0.13436556965834112}, {"l": "Palm kernels", "v": 0.022147913001130438}]}, {"source": 15, "prod": 339.0, "target": 22, "value": 0.40329901922535016, "supply": [{"l": "Alcohol, Non-Food", "v": 0.11417120385146685}, {"l": "Beverages, Alcoholic", "v": 0.28557384793881818}, {"l": "Beverages, Fermented", "v": 0.0035539674350651162}]}, {"source": 4, "prod": 95.0, "target": 22, "value": 0.030737544402610516, "supply": [{"l": "Sugar cane", "v": 0.030737544402610516}]}, {"source": 5, "prod": 137.0, "target": 22, "value": 1.2243521730975793, "supply": [{"l": "Fats, Animals, Raw", "v": 1.2243521730975793}]}, {"source": 6, "prod": 2124.0, "target": 22, "value": 2.3733558722547747, "supply": [{"l": "Potatoes", "v": 0.015358854241989951}, {"l": "Yams", "v": 1.3973519327088773}, {"l": "Roots, Other", "v": 0.84447739483139894}, {"l": "Cassava", "v": 0.11616769047250852}]}, {"source": 7, "prod": 45.0, "target": 22, "value": 0.18367860541802888, "supply": [{"l": "Pulses, Other", "v": 0.18367860541802888}]}, {"source": 23, "prod": 10.0, "target": 22, "value": 0.0075803868902678583, "supply": [{"l": "Aquatic Products, Other", "v": 0.0037901934451339291}, {"l": "Aquatic Plants", "v": 0.0037901934451339291}]}, {"source": 8, "prod": 30.0, "target": 22, "value": 0.023191596081135739, "supply": [{"l": "Fish, Seafood", "v": 0.011901915865093459}, {"l": "Pelagic Fish", "v": 0.0047607663460373824}, {"l": "Marine Fish, Other", "v": 0.0027387204248709679}, {"l": "Freshwater Fish", "v": 0.0037901934451339291}]}, {"source": 11, "prod": 18.0, "target": 22, "value": 0.015435825037551937, "supply": [{"l": "Fruits, Other", "v": 0.0038136028375519377}, {"l": "Lemons, Limes", "v": 0.011622222200000001}]}, {"source": 10, "prod": 244.0, "target": 22, "value": 0.87235999396309194, "supply": [{"l": "Maize", "v": 0.86881946943085453}, {"l": "Wheat", "v": 0.0035405245322374466}]}, {"source": 17, "prod": 361.0, "target": 22, "value": 3.712265604357134, "supply": [{"l": "Ricebran Oil", "v": 0.084900333171}, {"l": "Coconut Oil", "v": 0.19203646788678572}, {"l": "Rape and Mustard Oil", "v": 0.61205422004184551}, {"l": "Cottonseed Oil", "v": 0.27592608280574998}, {"l": "Groundnut Oil", "v": 0.11408482269853126}, {"l": "Oilcrops Oil, Other", "v": 1.3745768227685715}, {"l": "Palm Oil", "v": 1.0209533735753167}, {"l": "Palmkernel Oil", "v": 0.037733481409333337}]}, {"source": 12, "prod": 26.0, "target": 22, "value": 0.03805877004217241, "supply": [{"l": "Offals, Edible", "v": 0.03805877004217241}]}, {"source": 2, "prod": 1090.0, "target": 2, "value": 6.1989315889734371, "supply": [{"l": "Soyabeans", "v": 0.12735049975650001}, {"l": "Sunflower seed", "v": 0.0055369782502826094}, {"l": "Coconuts - Incl Copra", "v": 0.10360718624257627}, {"l": "Sesame seed", "v": 0.12735049975650004}, {"l": "Cottonseed", "v": 1.500521105826587}, {"l": "Rape and Mustardseed", "v": 0.13842445625706523}, {"l": "Groundnuts", "v": 3.8362372766155555}, {"l": "Oilcrops, Other", "v": 0.3599035862683696}]}, {"source": 20, "prod": 41.0, "target": 20, "value": 0.076784860147301487, "supply": [{"l": "Eggs", "v": 0.076784860147301487}]}, {"source": 4, "prod": 5954.0, "target": 4, "value": 1.9264351512962423, "supply": [{"l": "Sugar cane", "v": 1.9264351512962423}]}, {"source": 6, "prod": 1305.0, "target": 6, "value": 1.2965411190447707, "supply": [{"l": "Potatoes", "v": 0.55803837079230156}, {"l": "Yams", "v": 0.62510110948935893}, {"l": "Roots, Other", "v": 0.051345973553784931}, {"l": "Sweet potatoes", "v": 0.062055665209325303}]}, {"source": 7, "prod": 1193.0, "target": 7, "value": 4.8186407550677277, "supply": [{"l": "Beans", "v": 1.1986466392851935}, {"l": "Peas", "v": 0.29745223110974472}, {"l": "Pulses, Other", "v": 3.322541884672789}]}, {"source": 10, "prod": 6505.0, "target": 10, "value": 24.892962870896771, "supply": [{"l": "Maize", "v": 2.2739472533251996}, {"l": "Oats", "v": 0.025586401777561645}, {"l": "Barley", "v": 1.1923780125349335}, {"l": "Rice", "v": 12.732785966765441}, {"l": "Sorghum", "v": 2.2131534892434579}, {"l": "Cereals, Other", "v": 0.22095855940657694}, {"l": "Wheat", "v": 4.5672766465863059}, {"l": "Millet", "v": 1.6668765412573001}]}, {"source": 3, "prod": 13.0, "target": 3, "value": 0.0049053525832133344, "supply": [{"l": "Onions", "v": 0.0049053525832133344}]}, {"source": 0, "prod": 963.0, "target": 24, "value": 0.72720857167180564, "supply": [{"l": "Milk - Excluding Butter", "v": 0.72720857167180564}]}, {"source": 2, "prod": 752.0, "target": 24, "value": 3.5678834140321967, "supply": [{"l": "Sunflower seed", "v": 0.0055369782502826094}, {"l": "Coconuts - Incl Copra", "v": 0.33024790614821192}, {"l": "Sesame seed", "v": 0.16373635682978574}, {"l": "Cottonseed", "v": 0.63675249878250006}, {"l": "Groundnuts", "v": 1.7923403669433333}, {"l": "Oilcrops, Other", "v": 0.27684891251413046}, {"l": "Soyabeans", "v": 0.05788659079840909}, {"l": "Rape and Mustardseed", "v": 0.26577495601356521}, {"l": "Palm kernels", "v": 0.038758847751978263}]}, {"source": 14, "prod": 21.0, "target": 24, "value": 0.067534355931477288, "supply": [{"l": "Treenuts", "v": 0.067534355931477288}]}, {"source": 3, "prod": 2574.0, "target": 24, "value": 0.75901328960985226, "supply": [{"l": "Tomatoes", "v": 0.040428730081428575}, {"l": "Vegetables, Other", "v": 0.68349242181774372}, {"l": "Onions", "v": 0.035092137710680003}]}, {"source": 15, "prod": 324.0, "target": 24, "value": 0.14393568112013722, "supply": [{"l": "Beverages, Fermented", "v": 0.14393568112013722}]}, {"source": 4, "prod": 2835.0, "target": 24, "value": 0.91727303559369278, "supply": [{"l": "Sugar cane", "v": 0.91727303559369278}]}, {"source": 6, "prod": 4877.0, "target": 24, "value": 5.1916785687418763, "supply": [{"l": "Roots, Other", "v": 0.87288155041434379}, {"l": "Yams", "v": 0.96616905061585223}, {"l": "Potatoes", "v": 0.52732066230832164}, {"l": "Sweet potatoes", "v": 0.50087786918955424}, {"l": "Cassava", "v": 2.3244294362138049}]}, {"source": 7, "prod": 626.0, "target": 24, "value": 2.5274858419938315, "supply": [{"l": "Peas", "v": 0.21134763789376595}, {"l": "Beans", "v": 0.58547756638352688}, {"l": "Pulses, Other", "v": 1.7306606377165388}]}, {"source": 16, "prod": 22.0, "target": 24, "value": 0.070750277642500012, "supply": [{"l": "Nuts", "v": 0.070750277642500012}]}, {"source": 10, "prod": 7407.0, "target": 24, "value": 27.828197653908283, "supply": [{"l": "Maize", "v": 5.2844245918469257}, {"l": "Barley", "v": 0.47695120501397342}, {"l": "Rice", "v": 9.3376561555877071}, {"l": "Cereals, Other", "v": 0.3161993177714808}, {"l": "Wheat", "v": 2.4287998291148885}, {"l": "Oats", "v": 0.011630182626164385}, {"l": "Sorghum", "v": 6.2632974159282675}, {"l": "Millet", "v": 3.7092389560188765}]}, {"source": 17, "prod": 20.0, "target": 24, "value": 0.2041906747150633, "supply": [{"l": "Palm Oil", "v": 0.2041906747150633}]}, {"source": 18, "prod": 39.0, "target": 24, "value": 0.12926110463555279, "supply": [{"l": "Pimento", "v": 0.10775811517857693}, {"l": "Pepper", "v": 0.0034390887822950082}, {"l": "Spices, Other", "v": 0.01806390067468085}]}, {"source": 19, "prod": 28.0, "target": 24, "value": 0.024147737777073661, "supply": [{"l": "Cocoa Beans", "v": 0.012485343113382357}, {"l": "Coffee", "v": 0.0070135057836913043}, {"l": "Tea", "v": 0.0046488888800000003}]}, {"source": 20, "prod": 48.0, "target": 24, "value": 0.089894470416352956, "supply": [{"l": "Eggs", "v": 0.089894470416352956}]}, {"source": 11, "prod": 5040.0, "target": 24, "value": 3.6991949384990006, "supply": [{"l": "Plantains", "v": 1.9297463040453504}, {"l": "Citrus, Other", "v": 0.055511756304115395}, {"l": "Grapefruit", "v": 0.0047670035469399219}, {"l": "Grapes", "v": 0.014554342829314287}, {"l": "Dates", "v": 0.020302253584369566}, {"l": "Apples", "v": 0.014263255972728001}, {"l": "Lemons, Limes", "v": 0.061597777660000005}, {"l": "Pineapples", "v": 0.039851176794551017}, {"l": "Bananas", "v": 0.75115720305547884}, {"l": "Fruits, Other", "v": 0.7703477731854913}, {"l": "Oranges, Mandarines", "v": 0.037096091520662164}]}, {"source": 25, "prod": 180.0, "target": 16, "value": 0.57065111002000013, "supply": [{"l": "Nuts", "v": 0.56600222114000009}, {"l": "Infant food", "v": 0.0046488888800000003}]}, {"source": 25, "prod": 2531.0, "target": 1, "value": 1.9920116998314341, "supply": [{"l": "Freshwater Fish", "v": 0.047756437408687499}, {"l": "Pigmeat", "v": 0.028889696704020841}, {"l": "Meat, Other", "v": 0.0037456029340147061}, {"l": "Crustaceans", "v": 0.0023803831730186912}, {"l": "Marine Fish, Other", "v": 0.015747642443008067}, {"l": "Demersal Fish", "v": 0.079737475072763506}, {"l": "Mutton & Goat Meat", "v": 0.0059695546760859374}, {"l": "Milk - Excluding Butter", "v": 1.140275122766798}, {"l": "Fish, Seafood", "v": 0.38165476874066356}, {"l": "Cephalopods", "v": 0.0031738442306915885}, {"l": "Pelagic Fish", "v": 0.19836526441822433}, {"l": "Molluscs, Other", "v": 0.00079346105767289714}, {"l": "Poultry Meat", "v": 0.0033294248302352942}, {"l": "Bovine Meat", "v": 0.074574616974527025}, {"l": "Eggs", "v": 0.0056184044010220598}]}, {"source": 25, "prod": 7511.0, "target": 10, "value": 27.775522724208983, "supply": [{"l": "Maize", "v": 1.1476997929518695}, {"l": "Barley", "v": 0.21734485291776004}, {"l": "Cereals, Other", "v": 0.1600044740530385}, {"l": "Rice", "v": 7.7345169864036594}, {"l": "Wheat", "v": 18.010648295491894}, {"l": "Oats", "v": 0.018608292201863014}, {"l": "Sorghum", "v": 0.062085163889667963}, {"l": "Millet", "v": 0.42461486629922801}]}, {"source": 25, "prod": 121.0, "target": 7, "value": 0.48759744651805864, "supply": [{"l": "Peas", "v": 0.08219074806979787}, {"l": "Beans", "v": 0.087030449057010753}, {"l": "Pulses, Other", "v": 0.31837624939125003}]}, {"source": 25, "prod": 1513.0, "target": 21, "value": 6.8749119913644137, "supply": [{"l": "Sugar", "v": 4.1104011973979953}, {"l": "Beer", "v": 0.032114473851639132}, {"l": "Groundnut Oil", "v": 0.051856737590241488}, {"l": "Beverages, Alcoholic", "v": 0.05788659079840909}, {"l": "Sugar non-centrifugal", "v": 0.012207172256452075}, {"l": "Fats, Animals, Raw", "v": 0.67920266536800011}, {"l": "Soyabean Oil", "v": 0.26885105504150003}, {"l": "Butter, Ghee", "v": 0.14923886690214844}, {"l": "Palm Oil", "v": 0.57173388920217727}, {"l": "Sunflowerseed Oil", "v": 0.010072920884694915}, {"l": "Olive Oil", "v": 0.031114042554144891}, {"l": "Coconut Oil", "v": 0.23246519796821435}, {"l": "Rape and Mustard Oil", "v": 0.13043778459908181}, {"l": "Oilcrops Oil, Other", "v": 0.20214365040714288}, {"l": "Wine", "v": 0.066192643478087787}, {"l": "Sweeteners, Other", "v": 0.038591060532272729}, {"l": "Beverages, Fermented", "v": 0.00044424592938313953}, {"l": "Fish, Body Oil", "v": 0.018886134969371301}, {"l": "Cottonseed Oil", "v": 0.20163829128112501}, {"l": "Palmkernel Oil", "v": 0.0094333703523333343}]}, {"source": 25, "prod": 175.0, "target": 14, "value": 0.5627862994289774, "supply": [{"l": "Treenuts", "v": 0.5627862994289774}]}, {"source": 25, "prod": 201.0, "target": 3, "value": 0.069504631624157265, "supply": [{"l": "Tomatoes", "v": 0.01549767986454762}, {"l": "Vegetables, Other", "v": 0.014764131093902979}, {"l": "Onions", "v": 0.039242820665706675}]}, {"source": 25, "prod": 109.0, "target": 19, "value": 0.15340142843644222, "supply": [{"l": "Cocoa Beans", "v": 0.10487688215241178}, {"l": "Coffee", "v": 0.013657879684030436}, {"l": "Tea", "v": 0.034866666599999999}]}, {"source": 25, "prod": 200.0, "target": 11, "value": 0.19242641337223854, "supply": [{"l": "Citrus, Other", "v": 0.00032653974296538462}, {"l": "Apples", "v": 0.0091692359824680006}, {"l": "Grapes", "v": 0.02692553423423143}, {"l": "Dates", "v": 0.11627654325593481}, {"l": "Lemons, Limes", "v": 0.0011622222200000001}, {"l": "Bananas", "v": 0.0045159751686702134}, {"l": "Fruits, Other", "v": 0.028602021281639533}, {"l": "Grapefruit", "v": 0.00047670035469399221}, {"l": "Oranges, Mandarines", "v": 0.0049716411316351357}]}, {"source": 25, "prod": 678.0, "target": 2, "value": 1.5955426865438269, "supply": [{"l": "Coconuts - Incl Copra", "v": 0.89199311905718015}, {"l": "Sesame seed", "v": 0.0060643095122142861}, {"l": "Cottonseed", "v": 0.049832804252543481}, {"l": "Groundnuts", "v": 0.012577827136444444}, {"l": "Soyabeans", "v": 0.003859106053227273}, {"l": "Rape and Mustardseed", "v": 0.63121552053221741}]}, {"source": 25, "prod": 47.0, "target": 18, "value": 0.16215824682578886, "supply": [{"l": "Cloves", "v": 0.0068781775645900163}, {"l": "Pimento", "v": 0.065307948593076925}, {"l": "Pepper", "v": 0.0068781775645900163}, {"l": "Spices, Other", "v": 0.083093943103531909}]}, {"source": 25, "prod": 138.0, "target": 6, "value": 0.1195469132822332, "supply": [{"l": "Roots, Other", "v": 0.0010924675224209561}, {"l": "Potatoes", "v": 0.11092505841437188}, {"l": "Cassava", "v": 0.0075293873454403666}]}, {"source": 0, "prod": 33.0, "target": 26, "value": 0.024919919901526047, "supply": [{"l": "Milk - Excluding Butter", "v": 0.024919919901526047}]}, {"source": 12, "prod": 106.0, "target": 26, "value": 0.20303589062759586, "supply": [{"l": "Pigmeat", "v": 0.0082541990582916686}, {"l": "Meat, Other", "v": 0.0087397401793676485}, {"l": "Mutton & Goat Meat", "v": 0.025868070263039066}, {"l": "Offals, Edible", "v": 0.001463798847775862}, {"l": "Bovine Meat", "v": 0.15871008227912162}]}, {"source": 14, "prod": 362.0, "target": 26, "value": 1.1641636593902276, "supply": [{"l": "Treenuts", "v": 1.1641636593902276}]}, {"source": 7, "prod": 197.0, "target": 26, "value": 0.79441444300859176, "supply": [{"l": "Peas", "v": 0.046966141754170215}, {"l": "Beans", "v": 0.24131169965807531}, {"l": "Pulses, Other", "v": 0.50613660159634621}]}, {"source": 3, "prod": 146.0, "target": 26, "value": 0.05350972600179478, "supply": [{"l": "Vegetables, Other", "v": 0.0052108697978481104}, {"l": "Onions", "v": 0.048298856203946673}]}, {"source": 15, "prod": 19.0, "target": 26, "value": 0.010503479953566403, "supply": [{"l": "Beer", "v": 0.0066443739003391299}, {"l": "Beverages, Alcoholic", "v": 0.003859106053227273}]}, {"source": 4, "prod": 31.0, "target": 26, "value": 0.010030146068220273, "supply": [{"l": "Sugar cane", "v": 0.010030146068220273}]}, {"source": 5, "prod": 12.0, "target": 26, "value": 0.11837871290413693, "supply": [{"l": "Fats, Animals, Raw", "v": 0.0089368771758947391}, {"l": "Butter, Ghee", "v": 0.10944183572824219}]}, {"source": 6, "prod": 243.0, "target": 26, "value": 0.25634500009252192, "supply": [{"l": "Roots, Other", "v": 0.0010924675224209561}, {"l": "Yams", "v": 0.0011406954552725529}, {"l": "Potatoes", "v": 0.019625202642542715}, {"l": "Cassava", "v": 0.23448663447228571}]}, {"source": 8, "prod": 401.0, "target": 26, "value": 0.31225160141010738, "supply": [{"l": "Crustaceans", "v": 0.0071411495190560744}, {"l": "Marine Fish, Other", "v": 0.00068468010621774197}, {"l": "Demersal Fish", "v": 0.0034419053988243241}, {"l": "Freshwater Fish", "v": 0.096270913506401795}, {"l": "Fish, Seafood", "v": 0.15869221153457944}, {"l": "Pelagic Fish", "v": 0.046020741345028045}]}, {"source": 9, "prod": 1691.0, "target": 26, "value": 6.9863957731315551, "supply": [{"l": "Sugar", "v": 6.9690922814175051}, {"l": "Sugar non-centrifugal", "v": 0.0081381148376347152}, {"l": "Sweeteners, Other", "v": 0.003859106053227273}, {"l": "Honey", "v": 0.0053062708231875}]}, {"source": 16, "prod": 362.0, "target": 26, "value": 1.1641636593902276, "supply": [{"l": "Nuts", "v": 1.1641636593902276}]}, {"source": 10, "prod": 1348.0, "target": 26, "value": 5.0600540669393528, "supply": [{"l": "Maize", "v": 1.9593130421732852}, {"l": "Barley", "v": 0.0030186785127466671}, {"l": "Cereals, Other", "v": 0.064763715688134618}, {"l": "Rice", "v": 1.6660896601205932}, {"l": "Wheat", "v": 0.54524077796456683}, {"l": "Sorghum", "v": 0.28120927173555488}, {"l": "Millet", "v": 0.54041892074447206}]}, {"source": 17, "prod": 717.0, "target": 26, "value": 7.3295059075607645, "supply": [{"l": "Groundnut Oil", "v": 2.3335531915608665}, {"l": "Palm Oil", "v": 1.4905919254199622}, {"l": "Coconut Oil", "v": 2.7390464630167859}, {"l": "Rape and Mustard Oil", "v": 0.020067351476781816}, {"l": "Oilcrops Oil, Other", "v": 0.54578785609928582}, {"l": "Sesameseed Oil", "v": 0.02122508329275}, {"l": "Cottonseed Oil", "v": 0.169800666342}, {"l": "Palmkernel Oil", "v": 0.0094333703523333343}]}, {"source": 18, "prod": 85.0, "target": 26, "value": 0.29683852166374591, "supply": [{"l": "Cloves", "v": 0.041269065387540105}, {"l": "Pimento", "v": 0.032653974296538463}, {"l": "Pepper", "v": 0.092855397121965222}, {"l": "Spices, Other", "v": 0.13006008485770212}]}, {"source": 19, "prod": 1999.0, "target": 26, "value": 2.9701342938947097, "supply": [{"l": "Coffee", "v": 0.23882832852885652}, {"l": "Cocoa Beans", "v": 2.1699526331058534}, {"l": "Tea", "v": 0.56135333225999995}]}, {"source": 20, "prod": 1.0, "target": 26, "value": 0.001872801467007353, "supply": [{"l": "Eggs", "v": 0.001872801467007353}]}, {"source": 11, "prod": 1015.0, "target": 26, "value": 0.72313194656176794, "supply": [{"l": "Plantains", "v": 0.0059529448967979969}, {"l": "Citrus, Other", "v": 0.00065307948593076924}, {"l": "Apples", "v": 0.017829069965910001}, {"l": "Grapes", "v": 0.077865734136831441}, {"l": "Dates", "v": 0.0073826376670434787}, {"l": "Pineapples", "v": 0.036819022038443873}, {"l": "Lemons, Limes", "v": 0.013946666640000001}, {"l": "Bananas", "v": 0.5441750078247608}, {"l": "Fruits, Other", "v": 0.012394209222043796}, {"l": "Grapefruit", "v": 0.0019068014187759688}, {"l": "Oranges, Mandarines", "v": 0.0042067732652297293}]}, {"source": 2, "prod": 7171.0, "target": 26, "value": 22.164355836439825, "supply": [{"l": "Sunflower seed", "v": 0.071980717253673915}, {"l": "Coconuts - Incl Copra", "v": 7.6491242968152013}, {"l": "Sesame seed", "v": 0.8308104031733573}, {"l": "Cottonseed", "v": 2.0043861266023044}, {"l": "Groundnuts", "v": 7.7479415160497789}, {"l": "Oilcrops, Other", "v": 0.54816084677797827}, {"l": "Soyabeans", "v": 0.061745696851636368}, {"l": "Rape and Mustardseed", "v": 0.060906760753108705}, {"l": "Palm kernels", "v": 3.1892994721627828}]}, {"source": 17, "prod": 118.0, "target": 27, "value": 1.1965433968463532, "supply": [{"l": "Coconut Oil", "v": 0.81868178414892867}, {"l": "Sesameseed Oil", "v": 0.010612541646375}, {"l": "Oilcrops Oil, Other", "v": 0.27289392804964291}, {"l": "Rape and Mustard Oil", "v": 0.020067351476781816}, {"l": "Cottonseed Oil", "v": 0.074287791524625002}]}, {"source": 5, "prod": 2.0, "target": 27, "value": 0.017873754351789478, "supply": [{"l": "Fats, Animals, Raw", "v": 0.017873754351789478}]}, {"source": 28, "prod": 36.0, "target": 19, "value": 0.048921916303162671, "supply": [{"l": "Coffee", "v": 0.0066443739003391299}, {"l": "Cocoa Beans", "v": 0.039953097962823536}, {"l": "Tea", "v": 0.0023244444400000001}]}, {"source": 16, "prod": 2.0, "target": 27, "value": 0.0064318434220454555, "supply": [{"l": "Nuts", "v": 0.0064318434220454555}]}, {"source": 10, "prod": 796.0, "target": 27, "value": 2.8225004028044554, "supply": [{"l": "Maize", "v": 0.76155780653815652}, {"l": "Oats", "v": 0.00697810957569863}, {"l": "Barley", "v": 0.015093392563733335}, {"l": "Sorghum", "v": 0.50033337958144175}, {"l": "Cereals, Other", "v": 0.019048151672980768}, {"l": "Millet", "v": 1.5194895628724441}]}, {"source": 14, "prod": 2.0, "target": 27, "value": 0.0064318434220454555, "supply": [{"l": "Treenuts", "v": 0.0064318434220454555}]}, {"source": 28, "prod": 2863.0, "target": 10, "value": 11.960031681552099, "supply": [{"l": "Rice", "v": 11.662627620844153}, {"l": "Wheat", "v": 0.29740406070794551}]}, {"source": 3, "prod": 1.0, "target": 27, "value": 0.0002894927665471172, "supply": [{"l": "Vegetables, Other", "v": 0.0002894927665471172}]}, {"source": 11, "prod": 150.0, "target": 27, "value": 0.14323369724353491, "supply": [{"l": "Pineapples", "v": 0.0043316496515816323}, {"l": "Plantains", "v": 0.13890204759195326}]}, {"source": 28, "prod": 3.0, "target": 18, "value": 0.010317266346885024, "supply": [{"l": "Pepper", "v": 0.0034390887822950082}, {"l": "Cloves", "v": 0.0068781775645900163}]}, {"source": 28, "prod": 42.0, "target": 2, "value": 0.24046305544084479, "supply": [{"l": "Oilcrops, Other", "v": 0.060906760753108705}, {"l": "Sunflower seed", "v": 0.011073956500565219}, {"l": "Sesame seed", "v": 0.090964642683214303}, {"l": "Palm kernels", "v": 0.077517695503956527}]}, {"source": 2, "prod": 603.0, "target": 27, "value": 1.9666222317845028, "supply": [{"l": "Cottonseed", "v": 0.4097363905209131}, {"l": "Coconuts - Incl Copra", "v": 0.61354880603025641}, {"l": "Groundnuts", "v": 0.94333703523333323}]}, {"source": 9, "prod": 3.0, "target": 27, "value": 0.011997220890861988, "supply": [{"l": "Sugar non-centrifugal", "v": 0.0081381148376347152}, {"l": "Sweeteners, Other", "v": 0.003859106053227273}]}, {"source": 28, "prod": 87.0, "target": 21, "value": 0.37812278685709122, "supply": [{"l": "Sugar", "v": 0.34700874430294631}, {"l": "Groundnut Oil", "v": 0.031114042554144891}]}, {"source": 6, "prod": 298.0, "target": 27, "value": 0.32563718028861649, "supply": [{"l": "Potatoes", "v": 0.015358854241989951}, {"l": "Sweet potatoes", "v": 0.31027832604662653}]}, {"source": 7, "prod": 33.0, "target": 27, "value": 0.13121553701003905, "supply": [{"l": "Beans", "v": 0.067250801544053773}, {"l": "Peas", "v": 0.03131076116944681}, {"l": "Pulses, Other", "v": 0.032653974296538463}]}, {"source": 1, "prod": 29388.0, "target": 0, "value": 22.19232139594083, "supply": [{"l": "Milk - Excluding Butter", "v": 22.19232139594083}]}, {"source": 1, "prod": 587.0, "target": 20, "value": 1.0993344611333162, "supply": [{"l": "Eggs", "v": 1.1761193212806178}]}, {"source": 1, "prod": 5984.0, "target": 12, "value": 12.005649470819385, "supply": [{"l": "Pigmeat", "v": 2.356573831142271}, {"l": "Bovine Meat", "v": 5.2049258308887829}, {"l": "Poultry Meat", "v": 0.66921439087729406}, {"l": "Offals, Edible", "v": 1.0436885784641896}, {"l": "Meat, Other", "v": 0.6816997339906764}, {"l": "Mutton & Goat Meat", "v": 2.0495471054561718}]}, {"source": 1, "prod": 7504.0, "target": 8, "value": 5.7158810673237399, "supply": [{"l": "Pelagic Fish", "v": 0.83154718844119635}, {"l": "Crustaceans", "v": 0.10156301538213085}, {"l": "Freshwater Fish", "v": 1.1074945246681338}, {"l": "Molluscs, Other", "v": 0.0015869221153457943}, {"l": "Marine Fish, Other", "v": 0.3409706928964355}, {"l": "Fish, Seafood", "v": 2.9770658883887102}, {"l": "Demersal Fish", "v": 0.34533784168204057}, {"l": "Cephalopods", "v": 0.010314993749747663}]}, {"source": 1, "prod": 10.0, "target": 23, "value": 0.0075803868902678583, "supply": [{"l": "Aquatic Plants", "v": 0.0037901934451339291}, {"l": "Aquatic Products, Other", "v": 0.0037901934451339291}]}, {"source": 21, "prod": 13421.0, "target": 9, "value": 54.98044156358867, "supply": [{"l": "Honey", "v": 0.34490760350718752}, {"l": "Sweeteners, Other", "v": 1.991298723465273}, {"l": "Sugar non-centrifugal", "v": 26.155901088157975}, {"l": "Sugar", "v": 26.488334148458236}]}, {"source": 21, "prod": 4563.0, "target": 17, "value": 47.159329348828344, "supply": [{"l": "Olive Oil", "v": 0.031114042554144891}, {"l": "Ricebran Oil", "v": 0.50940199902600003}, {"l": "Sesameseed Oil", "v": 2.0800581626894998}, {"l": "Soyabean Oil", "v": 0.31130122162700002}, {"l": "Coconut Oil", "v": 7.0952421292907157}, {"l": "Cottonseed Oil", "v": 1.857194788115625}, {"l": "Rape and Mustard Oil", "v": 5.0268715449338455}, {"l": "Maize Germ Oil", "v": 0.17365977239522731}, {"l": "Groundnut Oil", "v": 16.894925106900676}, {"l": "Palm Oil", "v": 9.1375326934990841}, {"l": "Palmkernel Oil", "v": 0.15093392563733335}, {"l": "Oilcrops Oil, Other", "v": 3.8407293577357149}, {"l": "Sunflowerseed Oil", "v": 0.050364604423474582}]}, {"source": 21, "prod": 8909.0, "target": 15, "value": 5.3359818426675663, "supply": [{"l": "Beer", "v": 0.34255438775081737}, {"l": "Beverages, Alcoholic", "v": 1.6362609665683638}, {"l": "Alcohol, Non-Food", "v": 0.11417120385146685}, {"l": "Beverages, Fermented", "v": 3.1763583950894474}, {"l": "Wine", "v": 0.066636889407470937}]}, {"source": 21, "prod": 816.0, "target": 5, "value": 7.8184235063638656, "supply": [{"l": "Fats, Animals, Raw", "v": 2.636378766888948}, {"l": "Fish, Body Oil", "v": 0.028329202454056953}, {"l": "Butter, Ghee", "v": 5.1537155370208598}]}, {"source": 2, "prod": 29050.5, "target": 29, "value": 70.108728059921177, "supply": [{"l": "Coconuts - Incl Copra", "v": 48.787183240050005}, {"l": "Sesame seed", "v": 3.0578066608200003}, {"l": "Groundnuts", "v": 24.518239953120002}, {"l": "Oilcrops, Other", "v": 4.8203166574500003}, {"l": "Soyabeans", "v": 0.91873666490999994}, {"l": "Palm kernels", "v": 2.1582466625400003}, {"l": "Sunflower seed", "v": 0.10459999980000001}, {"l": "Cottonseed", "v": 11.345613311640001}, {"l": "Olives", "v": 0.0034866666600000002}, {"l": "Rape and Mustardseed", "v": 5.5751799893399996}]}, {"source": 3, "prod": 31018.0, "target": 29, "value": 95.258183026293509, "supply": [{"l": "Onions", "v": 6.8635033202100004}, {"l": "Vegetables, Other", "v": 97.454076480330016}, {"l": "Tomatoes", "v": 3.83184665934}]}, {"source": 4, "prod": 55976.400000000001, "target": 29, "value": 195.17104762682402, "supply": [{"l": "Sugar beet", "v": 0.083679999840000019}, {"l": "Sugar cane", "v": 195.08736762698405}]}, {"source": 6, "prod": 22497.25, "target": 29, "value": 76.773253831281949, "supply": [{"l": "Roots, Other", "v": 6.8225349869550005}, {"l": "Yams", "v": 13.173498308145001}, {"l": "Potatoes", "v": 7.8676633182900009}, {"l": "Sweet potatoes", "v": 8.5214133170400004}, {"l": "Cassava", "v": 42.055301586254998}]}, {"source": 7, "prod": 15292.5, "target": 29, "value": 54.509151956133131, "supply": [{"l": "Pulses, Other", "v": 38.923403258910007}, {"l": "Beans", "v": 9.8236833145500011}, {"l": "Peas", "v": 4.5727633245900003}]}, {"source": 10, "prod": 260459.0, "target": 29, "value": 967.47492757314296, "supply": [{"l": "Sorghum", "v": 144.69317972333999}, {"l": "Wheat", "v": 128.29189975470001}, {"l": "Oats", "v": 0.52398115525537958}, {"l": "Maize", "v": 118.22240644061999}, {"l": "Barley", "v": 33.008273270220009}, {"l": "Cereals, Other", "v": 9.7208266480799992}, {"l": "Rice", "v": 369.42976596030007}, {"l": "Millet", "v": 103.96193980122001}]}, {"source": 30, "prod": 0, "target": 2, "value": 0.012443842098645861, "supply": "[{\"l\":'Energy for power irrigation',\"v\":0.012443842098645861}]"}, {"source": 30, "prod": 0, "target": 14, "value": 0.00030802896218124767, "supply": "[{\"l\":'Energy for power irrigation',\"v\":0.00030802896218124767}]"}, {"source": 30, "prod": 0, "target": 3, "value": 0.011665985774038998, "supply": "[{\"l\":'Energy for power irrigation',\"v\":0.011665985774038998}]"}, {"source": 30, "prod": 0, "target": 4, "value": 0.052632333329189235, "supply": "[{\"l\":'Energy for power irrigation',\"v\":0.052632333329189235}]"}, {"source": 30, "prod": 0, "target": 6, "value": 0.016922599681152804, "supply": "[{\"l\":'Energy for power irrigation',\"v\":0.016922599681152804}]"}, {"source": 30, "prod": 0, "target": 7, "value": 0.0057515664275417941, "supply": "[{\"l\":'Energy for power irrigation',\"v\":0.0057515664275417941}]"}, {"source": 30, "prod": 0, "target": 16, "value": 0.00030915727339802878, "supply": "[{\"l\":'Energy for power irrigation',\"v\":0.00030915727339802878}]"}, {"source": 30, "prod": 0, "target": 10, "value": 0.048979801868599258, "supply": "[{\"l\":'Energy for power irrigation',\"v\":0.048979801868599258}]"}, {"source": 30, "prod": 0, "target": 18, "value": 0.00041390216468921009, "supply": "[{\"l\":'Energy for power irrigation',\"v\":0.00041390216468921009}]"}, {"source": 30, "prod": 0, "target": 19, "value": 0.00087933054161142498, "supply": "[{\"l\":'Energy for power irrigation',\"v\":0.00087933054161142498}]"}, {"source": 30, "prod": 0, "target": 11, "value": 0.013630187550585477, "supply": "[{\"l\":'Energy for power irrigation',\"v\":0.013630187550585477}]"}, {"source": 30, "prod": 0, "target": 21, "value": 3.8386729763297724, "supply": "[{\"l\":'Electricity',\"v\":3.8386729763297724}]"}, {"source": 31, "prod": 0, "target": 30, "value": 3.7118925491419024, "supply": [{"l": "Coal", "v": 2.4590935954430257}, {"l": "Natural gas", "v": 0.17194729681847473}, {"l": "Oil", "v": 1.0808516568804019}]}, {"source": 32, "prod": 0, "target": 30, "value": 2.5663532920609295, "supply": [{"l": "Nuclear", "v": 0.0}, {"l": "Hydroelectric", "v": 2.5500387740745136}, {"l": "Renewable", "v": 0.016314517986415967}]}, {"source": 31, "prod": 0, "target": 2, "value": 0.4689699208295714, "supply": [{"l": "Motor Gasoline", "v": 0.068498468323184791}, {"l": "Gas-Diesel oil", "v": 0.094292576546670143}, {"l": "Natural gas (including LNG)", "v": 0.072392183842479321}, {"l": "Fuel oil", "v": 0.16781211051423039}, {"l": "Liquefied petroleum gas (LPG)", "v": 0.0023270924340043596}, {"l": "Coal", "v": 0.063647489169002341}]}, {"source": 31, "prod": 0, "target": 14, "value": 0.01160865887418119, "supply": [{"l": "Motor Gasoline", "v": 0.0016955785794559163}, {"l": "Gas-Diesel oil", "v": 0.0023340736940263263}, {"l": "Natural gas (including LNG)", "v": 0.001791961765688071}, {"l": "Fuel oil", "v": 0.0041539413497354034}, {"l": "Liquefied petroleum gas (LPG)", "v": 5.7603741807701011e-05}, {"l": "Coal", "v": 0.0015754997434677702}]}, {"source": 31, "prod": 0, "target": 3, "value": 0.43965492180629073, "supply": [{"l": "Motor Gasoline", "v": 0.064216674453679623}, {"l": "Gas-Diesel oil", "v": 0.088398410062647842}, {"l": "Natural gas (including LNG)", "v": 0.067866996395741869}, {"l": "Fuel oil", "v": 0.15732228667410592}, {"l": "Liquefied petroleum gas (LPG)", "v": 0.0021816274278281681}, {"l": "Coal", "v": 0.059668926792287288}]}, {"source": 31, "prod": 0, "target": 4, "value": 1.9835498553257509, "supply": [{"l": "Motor Gasoline", "v": 0.28972034430725324}, {"l": "Gas-Diesel oil", "v": 0.39881881174082801}, {"l": "Natural gas (including LNG)", "v": 0.30618915928223978}, {"l": "Fuel oil", "v": 0.70977619831907468}, {"l": "Liquefied petroleum gas (LPG)", "v": 0.0098426437512960773}, {"l": "Coal", "v": 0.26920269792505891}]}, {"source": 31, "prod": 0, "target": 6, "value": 0.63776044165365753, "supply": [{"l": "Motor Gasoline", "v": 0.093152271542526532}, {"l": "Gas-Diesel oil", "v": 0.12823013287651713}, {"l": "Natural gas (including LNG)", "v": 0.098447403743897335}, {"l": "Fuel oil", "v": 0.22821063987871745}, {"l": "Liquefied petroleum gas (LPG)", "v": 0.0031646539203499424}, {"l": "Coal", "v": 0.086555339691649066}]}, {"source": 31, "prod": 0, "target": 7, "value": 0.21675874949135021, "supply": [{"l": "Motor Gasoline", "v": 0.031660116515664957}, {"l": "Gas-Diesel oil", "v": 0.043582200202561157}, {"l": "Natural gas (including LNG)", "v": 0.033459798903278173}, {"l": "Fuel oil", "v": 0.077563062381964171}, {"l": "Liquefied petroleum gas (LPG)", "v": 0.0010755863511529519}, {"l": "Coal", "v": 0.029417985136728782}]}, {"source": 31, "prod": 0, "target": 16, "value": 0.011651181434159875, "supply": [{"l": "Motor Gasoline", "v": 0.001701789490003374}, {"l": "Gas-Diesel oil", "v": 0.002342623414517265}, {"l": "Natural gas (including LNG)", "v": 0.001798525728199749}, {"l": "Fuel oil", "v": 0.0041691572521153865}, {"l": "Liquefied petroleum gas (LPG)", "v": 5.7814744524945336e-05}, {"l": "Coal", "v": 0.001581270804799154}]}, {"source": 31, "prod": 0, "target": 10, "value": 1.8458972415814154, "supply": [{"l": "Motor Gasoline", "v": 0.26961459171337515}, {"l": "Gas-Diesel oil", "v": 0.37114194155824354}, {"l": "Natural gas (including LNG)", "v": 0.28494051863818642}, {"l": "Fuel oil", "v": 0.66051978633133912}, {"l": "Liquefied petroleum gas (LPG)", "v": 0.0091595927884566535}, {"l": "Coal", "v": 0.25052081055181435}]}, {"source": 31, "prod": 0, "target": 18, "value": 0.015598692418847862, "supply": [{"l": "Motor Gasoline", "v": 0.0022783690191590183}, {"l": "Gas-Diesel oil", "v": 0.0031363224667594284}, {"l": "Natural gas (including LNG)", "v": 0.0024078802480338489}, {"l": "Fuel oil", "v": 0.0055817001897238237}, {"l": "Liquefied petroleum gas (LPG)", "v": 7.7402830109126933e-05}, {"l": "Coal", "v": 0.002117017665062614}]}, {"source": 31, "prod": 0, "target": 19, "value": 0.033139248410055701, "supply": [{"l": "Motor Gasoline", "v": 0.0048403696199852651}, {"l": "Gas-Diesel oil", "v": 0.0066630821692717345}, {"l": "Natural gas (including LNG)", "v": 0.0051155147841009888}, {"l": "Fuel oil", "v": 0.011858259921466878}, {"l": "Liquefied petroleum gas (LPG)", "v": 0.00016444145097241141}, {"l": "Coal", "v": 0.0044975804642584209}]}, {"source": 31, "prod": 0, "target": 11, "value": 0.51367961163585274, "supply": [{"l": "Motor Gasoline", "v": 0.075028834565045333}, {"l": "Gas-Diesel oil", "v": 0.10328204848395735}, {"l": "Natural gas (including LNG)", "v": 0.079293761134821172}, {"l": "Fuel oil", "v": 0.18381063673392659}, {"l": "Liquefied petroleum gas (LPG)", "v": 0.0025489479914309991}, {"l": "Coal", "v": 0.069715382726671216}]}, {"source": 31, "prod": 0, "target": 1, "value": 1.2843800565830594, "supply": [{"l": "Gas-diesel oils used in fisheries", "v": 1.2402991676589059}, {"l": "Fuel oil used in fisheries", "v": 0.044080888924153599}]}, {"source": 33, "prod": 195.35815662690601, "target": 2, "value": 2.5583048983156718, "supply": [{"l": "Potash", "v": 0.75183179914961495}, {"l": "Phosphate", "v": 2.6454554624878375}, {"l": "Nitrogen", "v": 30.306142158144418}]}, {"source": 33, "prod": 4.8358031034463087, "target": 14, "value": 0.063327065429183829, "supply": [{"l": "Potash", "v": 0.75183179914961495}, {"l": "Phosphate", "v": 2.6454554624878375}, {"l": "Nitrogen", "v": 30.306142158144418}]}, {"source": 33, "prod": 183.14644769560147, "target": 3, "value": 2.3983869541909941, "supply": [{"l": "Potash", "v": 0.75183179914961495}, {"l": "Phosphate", "v": 2.6454554624878375}, {"l": "Nitrogen", "v": 30.306142158144418}]}, {"source": 33, "prod": 826.28464236798527, "target": 4, "value": 10.820577366575598, "supply": [{"l": "Potash", "v": 0.75183179914961495}, {"l": "Phosphate", "v": 2.6454554624878375}, {"l": "Nitrogen", "v": 30.306142158144418}]}, {"source": 33, "prod": 265.67099235410859, "target": 6, "value": 3.479083816182432, "supply": [{"l": "Potash", "v": 0.75183179914961495}, {"l": "Phosphate", "v": 2.6454554624878375}, {"l": "Nitrogen", "v": 30.306142158144418}]}, {"source": 33, "prod": 90.294894944386655, "target": 7, "value": 1.1824531722537164, "supply": [{"l": "Potash", "v": 0.75183179914961495}, {"l": "Phosphate", "v": 2.6454554624878375}, {"l": "Nitrogen", "v": 30.306142158144418}]}, {"source": 33, "prod": 4.8535166679277975, "target": 16, "value": 0.063559032701818202, "supply": [{"l": "Potash", "v": 0.75183179914961495}, {"l": "Phosphate", "v": 2.6454554624878375}, {"l": "Nitrogen", "v": 30.306142158144418}]}, {"source": 33, "prod": 768.94288188066071, "target": 10, "value": 10.069660643846028, "supply": [{"l": "Potash", "v": 0.75183179914961495}, {"l": "Phosphate", "v": 2.6454554624878375}, {"l": "Nitrogen", "v": 30.306142158144418}]}, {"source": 33, "prod": 6.4979259039592954, "target": 18, "value": 0.08509332784470916, "supply": [{"l": "Potash", "v": 0.75183179914961495}, {"l": "Phosphate", "v": 2.6454554624878375}, {"l": "Nitrogen", "v": 30.306142158144418}]}, {"source": 33, "prod": 13.804771252573223, "target": 19, "value": 0.18077982780638804, "supply": [{"l": "Potash", "v": 0.75183179914961495}, {"l": "Phosphate", "v": 2.6454554624878375}, {"l": "Nitrogen", "v": 30.306142158144418}]}, {"source": 33, "prod": 213.9828111971257, "target": 11, "value": 2.8022033146353316, "supply": [{"l": "Potash", "v": 0.75183179914961495}, {"l": "Phosphate", "v": 2.6454554624878375}, {"l": "Nitrogen", "v": 30.306142158144418}]}, {"source": 31, "prod": 0, "target": 33, "value": 40.37255992409893, "supply": [{"l": "Natural gas (including LNG)", "v": 27.361684347536951}, {"l": "Fuel oil", "v": 7.6536228708269434}, {"l": "Liquefied petroleum gas (LPG)", "v": 2.6786263528675192}, {"l": "Coal", "v": 2.6786263528675192}]}, {"source": 34, "prod": 0, "target": 6, "value": 12.213806259859664, "supply": "[{\"l\":'Labor',\"v\":12.213806259859664}]"}, {"source": 34, "prod": 0, "target": 18, "value": 0.29873192921302738, "supply": "[{\"l\":'Labor',\"v\":0.29873192921302738}]"}, {"source": 34, "prod": 0, "target": 2, "value": 8.9812841634738945, "supply": "[{\"l\":'Labor',\"v\":8.9812841634738945}]"}, {"source": 34, "prod": 0, "target": 14, "value": 0.2223184461839795, "supply": "[{\"l\":'Labor',\"v\":0.2223184461839795}]"}, {"source": 34, "prod": 0, "target": 3, "value": 8.4198700411900802, "supply": "[{\"l\":'Labor',\"v\":8.4198700411900802}]"}, {"source": 34, "prod": 0, "target": 4, "value": 37.98713757928239, "supply": "[{\"l\":'Labor',\"v\":37.98713757928239}]"}, {"source": 34, "prod": 0, "target": 7, "value": 4.1511658586917051, "supply": "[{\"l\":'Labor',\"v\":4.1511658586917051}]"}, {"source": 34, "prod": 0, "target": 10, "value": 35.350940277553796, "supply": "[{\"l\":'Labor',\"v\":35.350940277553796}]"}, {"source": 34, "prod": 0, "target": 16, "value": 0.22313279946670472, "supply": "[{\"l\":'Labor',\"v\":0.22313279946670472}]"}, {"source": 34, "prod": 0, "target": 19, "value": 0.63465265833717222, "supply": "[{\"l\":'Labor',\"v\":0.63465265833717222}]"}, {"source": 34, "prod": 0, "target": 11, "value": 9.8375233808675322, "supply": "[{\"l\":'Labor',\"v\":9.8375233808675322}]"}, {"source": 31, "prod": 0, "target": 25, "value": 24.28939109926861, "supply": "[{\"l\":'Fossil Fuels',\"v\":24.28939109926861}]"}, {"source": 32, "prod": 0, "target": 25, "value": 50.23205354538814, "supply": "[{\"l\":'Renewables & Nuclear',\"v\":1.3563193898588866},{\"l\":'Biomass & Waste',\"v\":48.875734155529251}]"}]}