{"nodes": [{"name": "Balance", "fill": "#9edae5"}, {"name": "Food", "fill": "#b5cf6b"}, {"name": "Stock Deposit", "fill": "#c7c7c7"}, {"name": "Export", "fill": "#aec7e8"}, {"name": "Biofuels & Other", "fill": "#e7ba52"}, {"name": "Crop Residue", "fill": "#bd9e39"}, {"name": "Renewables & Nuclear", "fill": "#2ca02c"}, {"name": "Fossil Fuels", "fill": "#c49c94"}, {"name": "Stock Draw", "fill": "#c7c7c7"}, {"name": "Labor", "fill": "#7f7f7f"}], "links": [{"source": 0, "target": 1, "value": 687.43603936976024}, {"source": 0, "target": 2, "value": 6.6287766008307916}, {"source": 0, "target": 3, "value": 49.64400538640723}, {"source": 0, "target": 4, "value": 9.2431806867910424}, {"source": 0, "target": 5, "value": 1733.5508263417225}, {"source": 6, "target": 0, "value": 52.798406837449072}, {"source": 7, "target": 0, "value": 75.836492152553632}, {"source": 8, "target": 0, "value": 12.637856706500083}, {"source": 9, "target": 0, "value": 118.32056339411994}]}