{"nodes": [{"layer": 3, "name": "Treenuts"}, {"layer": 5, "name": "Production", "fill": "#b5cf6b"}, {"layer": 3, "name": "Vegetables"}, {"layer": 3, "name": "Others"}, {"layer": 3, "name": "Sugar Crops", "fill": "#ffbb78"}, {"layer": 3, "name": "Starchy Roots"}, {"layer": 3, "name": "Pulses"}, {"layer": 3, "name": "Cereals - Excluding Beer"}, {"layer": 3, "name": "Fruits - Excluding Wine"}, {"layer": 3, "name": "Oilcrops", "fill": "#ff9896"}, {"layer": 1, "name": "Electricity", "fill": "#bcbd22"}, {"layer": 0, "name": "Fossil Fuels", "fill": "#c49c94"}, {"layer": 0, "name": "Renewables & Nuclear", "fill": "#2ca02c"}, {"layer": 1, "name": "Fertilizers", "fill": "#c5b0d5"}, {"layer": 0, "name": "Labor", "fill": "#7f7f7f"}], "links": [{"source": 0, "prod": 6.0, "target": 1, "value": 0.017094026812953019, "supply": [{"l": "Treenuts", "v": 0.017094026812953019}]}, {"source": 2, "prod": 435.0, "target": 1, "value": 0.13027511193220473, "supply": [{"l": "Tomatoes", "v": 0.012219811648672396}, {"l": "Vegetables, Other", "v": 0.10122866798638837}, {"l": "Onions", "v": 0.016826632297143977}]}, {"source": 3, "prod": 6.0, "target": 1, "value": 0.016980066634200004, "supply": [{"l": "Nuts", "v": 0.016980066634200004}]}, {"source": 4, "prod": 1176.0, "target": 1, "value": 1.3667733307200001, "supply": [{"l": "Sugar beet", "v": 1.3667733307200001}]}, {"source": 5, "prod": 441.0, "target": 1, "value": 0.34297518934026155, "supply": [{"l": "Potatoes", "v": 0.34297518934026155}]}, {"source": 6, "prod": 135.0, "target": 1, "value": 0.53542332657947345, "supply": [{"l": "Peas", "v": 0.42789767918184007}, {"l": "Beans", "v": 0.0078977054112558138}, {"l": "Pulses, Other", "v": 0.099627941986377561}]}, {"source": 7, "prod": 3490.0, "target": 1, "value": 10.717233933987361, "supply": [{"l": "Maize", "v": 2.0743747964778634}, {"l": "Rye", "v": 0.23784427476718403}, {"l": "Barley", "v": 2.0223259361332202}, {"l": "Cereals, Other", "v": 0.10246591934431036}, {"l": "Wheat", "v": 6.1150394363654899}, {"l": "Oats", "v": 0.15887290068632676}, {"l": "Millet", "v": 0.0063106702129674822}]}, {"source": 8, "prod": 248.0, "target": 1, "value": 0.14094445959610741, "supply": [{"l": "Grapes", "v": 0.065709103068464378}, {"l": "Apples", "v": 0.020354654009451103}, {"l": "Fruits, Other", "v": 0.054880702518191916}]}, {"source": 9, "prod": 241.0, "target": 1, "value": 0.85417453382132469, "supply": [{"l": "Sunflower seed", "v": 0.35478691500344944}, {"l": "Oilcrops, Other", "v": 0.046309272638727278}, {"l": "Soyabeans", "v": 0.0043800853704129552}, {"l": "Rape and Mustardseed", "v": 0.44869826080873509}]}, {"source": 10, "prod": 0, "target": 9, "value": 0.0062587061898655818, "supply": "[{\"l\":'Energy for power irrigation',\"v\":0.0062587061898655818}]"}, {"source": 10, "prod": 0, "target": 0, "value": 0.00017547774364109106, "supply": "[{\"l\":'Energy for power irrigation',\"v\":0.00017547774364109106}]"}, {"source": 10, "prod": 0, "target": 2, "value": 0.010797730492048472, "supply": "[{\"l\":'Energy for power irrigation',\"v\":0.010797730492048472}]"}, {"source": 10, "prod": 0, "target": 4, "value": 0.027514910202923085, "supply": "[{\"l\":'Energy for power irrigation',\"v\":0.027514910202923085}]"}, {"source": 10, "prod": 0, "target": 5, "value": 0.011768707340195842, "supply": "[{\"l\":'Energy for power irrigation',\"v\":0.011768707340195842}]"}, {"source": 10, "prod": 0, "target": 6, "value": 0.0032170919667533367, "supply": "[{\"l\":'Energy for power irrigation',\"v\":0.0032170919667533367}]"}, {"source": 10, "prod": 0, "target": 3, "value": 0.00017547774364109106, "supply": "[{\"l\":'Energy for power irrigation',\"v\":0.00017547774364109106}]"}, {"source": 10, "prod": 0, "target": 7, "value": 0.092675645674981572, "supply": "[{\"l\":'Energy for power irrigation',\"v\":0.092675645674981572}]"}, {"source": 10, "prod": 0, "target": 8, "value": 0.0085516153734425063, "supply": "[{\"l\":'Energy for power irrigation',\"v\":0.0085516153734425063}]"}, {"source": 11, "prod": 0, "target": 10, "value": 0.15073183897816905, "supply": [{"l": "Coal", "v": 0.10953348911006859}, {"l": "Natural gas", "v": 0.029297376689437035}, {"l": "Oil", "v": 0.011900973178663414}]}, {"source": 12, "prod": 0, "target": 10, "value": 0.099718254264020964, "supply": [{"l": "Nuclear", "v": 0.069895058774137861}, {"l": "Hydroelectric", "v": 0.0298231954898831}, {"l": "Renewable", "v": 0.0}]}, {"source": 11, "prod": 0, "target": 9, "value": 0.080867078119860228, "supply": [{"l": "Motor Gasoline", "v": 0.0042917028862379395}, {"l": "Gas-Diesel oil", "v": 0.048600548109767487}, {"l": "Natural gas (including LNG)", "v": 0.026027934735197735}, {"l": "Fuel oil", "v": 0.00043487533635317972}, {"l": "Liquefied petroleum gas (LPG)", "v": 0.00067886479899357751}, {"l": "Coal", "v": 0.0008331522533102998}]}, {"source": 11, "prod": 0, "target": 0, "value": 0.0022673012556970154, "supply": [{"l": "Motor Gasoline", "v": 0.00012032811830573662}, {"l": "Gas-Diesel oil", "v": 0.0013626321899934807}, {"l": "Natural gas (including LNG)", "v": 0.00072975517949152528}, {"l": "Fuel oil", "v": 1.2192766439808776e-05}, {"l": "Liquefied petroleum gas (LPG)", "v": 1.9033592495147033e-05}, {"l": "Coal", "v": 2.3359408971316818e-05}]}, {"source": 11, "prod": 0, "target": 2, "value": 0.1395146039338897, "supply": [{"l": "Motor Gasoline", "v": 0.0074041902130796604}, {"l": "Gas-Diesel oil", "v": 0.083847300757598858}, {"l": "Natural gas (including LNG)", "v": 0.04490426871137853}, {"l": "Fuel oil", "v": 0.0007502615615962335}, {"l": "Liquefied petroleum gas (LPG)", "v": 0.0011712003915347142}, {"l": "Coal", "v": 0.001437382298701695}]}, {"source": 11, "prod": 0, "target": 4, "value": 0.35551283689329211, "supply": [{"l": "Motor Gasoline", "v": 0.018867448950339503}, {"l": "Gas-Diesel oil", "v": 0.21366072739097783}, {"l": "Natural gas (including LNG)", "v": 0.11442561214427117}, {"l": "Fuel oil", "v": 0.0019118257777620165}, {"l": "Liquefied petroleum gas (LPG)", "v": 0.0029844673032390552}, {"l": "Coal", "v": 0.0036627553267024773}]}, {"source": 11, "prod": 0, "target": 5, "value": 0.15206033754874651, "supply": [{"l": "Motor Gasoline", "v": 0.0080700058010380691}, {"l": "Gas-Diesel oil", "v": 0.091387198875562778}, {"l": "Natural gas (including LNG)", "v": 0.04894224737123163}, {"l": "Fuel oil", "v": 0.00081772820256317531}, {"l": "Liquefied petroleum gas (LPG)", "v": 0.0012765196033411943}, {"l": "Coal", "v": 0.001566637695009648}]}, {"source": 11, "prod": 0, "target": 6, "value": 0.041567189687778623, "supply": [{"l": "Motor Gasoline", "v": 0.0022060155022718382}, {"l": "Gas-Diesel oil", "v": 0.024981590149880484}, {"l": "Natural gas (including LNG)", "v": 0.013378844957344631}, {"l": "Fuel oil", "v": 0.00022353405139649424}, {"l": "Liquefied petroleum gas (LPG)", "v": 0.00034894919574436227}, {"l": "Coal", "v": 0.00042825583114080836}]}, {"source": 11, "prod": 0, "target": 3, "value": 0.0022673012556970154, "supply": [{"l": "Motor Gasoline", "v": 0.00012032811830573662}, {"l": "Gas-Diesel oil", "v": 0.0013626321899934807}, {"l": "Natural gas (including LNG)", "v": 0.00072975517949152528}, {"l": "Fuel oil", "v": 1.2192766439808776e-05}, {"l": "Liquefied petroleum gas (LPG)", "v": 1.9033592495147033e-05}, {"l": "Coal", "v": 2.3359408971316818e-05}]}, {"source": 11, "prod": 0, "target": 7, "value": 1.197437369842117, "supply": [{"l": "Motor Gasoline", "v": 0.063549290214536369}, {"l": "Gas-Diesel oil", "v": 0.71965148060855699}, {"l": "Natural gas (including LNG)", "v": 0.38540803546212421}, {"l": "Fuel oil", "v": 0.0064394063824110082}, {"l": "Liquefied petroleum gas (LPG)", "v": 0.010052274649770319}, {"l": "Coal", "v": 0.012336882524718122}]}, {"source": 11, "prod": 0, "target": 8, "value": 0.11049314786096789, "supply": [{"l": "Motor Gasoline", "v": 0.0058639902987662317}, {"l": "Gas-Diesel oil", "v": 0.066405608725682297}, {"l": "Natural gas (including LNG)", "v": 0.035563402413887002}, {"l": "Fuel oil", "v": 0.0005941941511666811}, {"l": "Liquefied petroleum gas (LPG)", "v": 0.00092757040759683211}, {"l": "Coal", "v": 0.0011383818638688397}]}, {"source": 13, "prod": 4.1668850499782701, "target": 9, "value": 0.055808676239175889, "supply": [{"l": "Potash", "v": 0.047944722260577999}, {"l": "Phosphate", "v": 0.070700000056559992}, {"l": "Nitrogen", "v": 1.32153207050167}]}, {"source": 13, "prod": 0.11682855280312907, "target": 0, "value": 0.0015647292403507256, "supply": [{"l": "Potash", "v": 0.047944722260577999}, {"l": "Phosphate", "v": 0.070700000056559992}, {"l": "Nitrogen", "v": 1.32153207050167}]}, {"source": 13, "prod": 7.188850282485876, "target": 2, "value": 0.096283005922914666, "supply": [{"l": "Potash", "v": 0.047944722260577999}, {"l": "Phosphate", "v": 0.070700000056559992}, {"l": "Nitrogen", "v": 1.32153207050167}]}, {"source": 13, "prod": 18.318717079530639, "target": 4, "value": 0.24534954488699381, "supply": [{"l": "Potash", "v": 0.047944722260577999}, {"l": "Phosphate", "v": 0.070700000056559992}, {"l": "Nitrogen", "v": 1.32153207050167}]}, {"source": 13, "prod": 7.8353016079965228, "target": 5, "value": 0.10494117438618868, "supply": [{"l": "Potash", "v": 0.047944722260577999}, {"l": "Phosphate", "v": 0.070700000056559992}, {"l": "Nitrogen", "v": 1.32153207050167}]}, {"source": 13, "prod": 2.1418568013906998, "target": 6, "value": 0.028686702739763308, "supply": [{"l": "Potash", "v": 0.047944722260577999}, {"l": "Phosphate", "v": 0.070700000056559992}, {"l": "Nitrogen", "v": 1.32153207050167}]}, {"source": 13, "prod": 0.11682855280312907, "target": 3, "value": 0.0015647292403507256, "supply": [{"l": "Potash", "v": 0.047944722260577999}, {"l": "Phosphate", "v": 0.070700000056559992}, {"l": "Nitrogen", "v": 1.32153207050167}]}, {"source": 13, "prod": 61.701053020425896, "target": 7, "value": 0.82638566947056324, "supply": [{"l": "Potash", "v": 0.047944722260577999}, {"l": "Phosphate", "v": 0.070700000056559992}, {"l": "Nitrogen", "v": 1.32153207050167}]}, {"source": 13, "prod": 5.6934448066058234, "target": 8, "value": 0.076254471646425376, "supply": [{"l": "Potash", "v": 0.047944722260577999}, {"l": "Phosphate", "v": 0.070700000056559992}, {"l": "Nitrogen", "v": 1.32153207050167}]}, {"source": 11, "prod": 0, "target": 13, "value": 1.7437583547679878, "supply": [{"l": "Natural gas (including LNG)", "v": 1.1721653729876318}, {"l": "Fuel oil", "v": 0.33798418975836997}, {"l": "Liquefied petroleum gas (LPG)", "v": 0.11680439601099295}, {"l": "Coal", "v": 0.11680439601099295}]}, {"source": 14, "prod": 0, "target": 9, "value": 0.0078847621551896199, "supply": "[{\"l\":'Labor',\"v\":0.0078847621551896199}]"}, {"source": 14, "prod": 0, "target": 0, "value": 0.00022106809780905474, "supply": "[{\"l\":'Labor',\"v\":0.00022106809780905474}]"}, {"source": 14, "prod": 0, "target": 2, "value": 0.013603056951850503, "supply": "[{\"l\":'Labor',\"v\":0.013603056951850503}]"}, {"source": 14, "prod": 0, "target": 4, "value": 0.034663477736459787, "supply": "[{\"l\":'Labor',\"v\":0.034663477736459787}]"}, {"source": 14, "prod": 0, "target": 5, "value": 0.014826300426393938, "supply": "[{\"l\":'Labor',\"v\":0.014826300426393938}]"}, {"source": 14, "prod": 0, "target": 6, "value": 0.0040529151264993377, "supply": "[{\"l\":'Labor',\"v\":0.0040529151264993377}]"}, {"source": 14, "prod": 0, "target": 3, "value": 0.00022106809780905474, "supply": "[{\"l\":'Labor',\"v\":0.00022106809780905474}]"}, {"source": 14, "prod": 0, "target": 7, "value": 0.11675343138955545, "supply": "[{\"l\":'Labor',\"v\":0.11675343138955545}]"}, {"source": 14, "prod": 0, "target": 8, "value": 0.010773385299894602, "supply": "[{\"l\":'Labor',\"v\":0.010773385299894602}]"}]}