{"nodes": [{"layer": 13, "name": "Animal Products", "fill": "#17becf"}, {"layer": 10, "name": "Feed", "fill": "#dbdb8d"}, {"layer": 5, "name": "Cereals", "fill": "#e7ba52"}, {"layer": 5, "name": "Oilcrops", "fill": "#ff9896"}, {"layer": 5, "name": "Starchy Roots"}, {"layer": 5, "name": "Fruits & Vegetables"}, {"layer": 13, "name": "Aquatic Products", "fill": "#1f77b4"}, {"layer": 13, "name": "Other Processed", "fill": "#9c9ede"}, {"layer": 16, "name": "Food", "fill": "#b5cf6b"}, {"layer": 13, "name": "Sugar", "fill": "#d6616b"}, {"layer": 5, "name": "Others"}, {"layer": 13, "name": "Vegetable Oils", "fill": "#f7b6d2"}, {"layer": 10, "name": "Processing", "fill": "#9edae5"}, {"layer": 5, "name": "Sugar Crops", "fill": "#ffbb78"}, {"layer": 16, "name": "Biofuels & Other", "fill": "#e7ba52"}, {"name": "Seed", "fill": "#dbdb8d"}, {"name": "Waste", "fill": "#c7c7c7"}, {"layer": 0, "name": "Import", "fill": "#aec7e8"}, {"layer": 16, "name": "Export", "fill": "#aec7e8"}, {"layer": 0, "name": "Stock Draw", "fill": "#c7c7c7"}, {"layer": 16, "name": "Stock Deposit", "fill": "#c7c7c7"}, {"layer": 0, "name": "Production", "fill": "#b5cf6b"}], "links": [{"source": 0, "prod": 0.12639095711216228, "target": 1, "value": 222.0, "supply": [{"l": "Milk - Excluding Butter", "v": 222.0}]}, {"source": 2, "prod": 7.2062382879326794, "target": 1, "value": 1841.0, "supply": [{"l": "Maize", "v": 1063.0}, {"l": "Wheat", "v": 704.0}, {"l": "Oats", "v": 25.0}, {"l": "Rye", "v": 1.0}, {"l": "Millet", "v": 1.0}, {"l": "Barley", "v": 5.0}, {"l": "Rice", "v": 8.0}, {"l": "Cereals, Other", "v": 34.0}]}, {"source": 3, "prod": 0.12965657637371231, "target": 1, "value": 34.0, "supply": [{"l": "Sunflower seed", "v": 19.0}, {"l": "Cottonseed", "v": 4.0}, {"l": "Rape and Mustardseed", "v": 9.0}, {"l": "Oilcrops, Other", "v": 2.0}]}, {"source": 4, "prod": 0.0015177713192581004, "target": 1, "value": 2.0, "supply": [{"l": "Potatoes", "v": 2.0}]}, {"source": 5, "prod": 0.070431981871300897, "target": 1, "value": 17.0, "supply": [{"l": "Peas", "v": 14.0}, {"l": "Beans", "v": 1.0}, {"l": "Pulses, Other", "v": 2.0}]}, {"source": 6, "prod": 0.006548235657559319, "target": 1, "value": 6.0, "supply": [{"l": "Pelagic Fish", "v": 3.0}, {"l": "Fish, Seafood", "v": 3.0}]}, {"source": 7, "prod": 0.93332762744522835, "target": 8, "value": 557.0, "supply": [{"l": "Beer", "v": 399.0}, {"l": "Beverages, Alcoholic", "v": 34.0}, {"l": "Butter, Ghee", "v": 14.0}, {"l": "Fats, Animals, Raw", "v": 56.0}, {"l": "Wine", "v": 38.0}, {"l": "Beverages, Fermented", "v": 7.0}, {"l": "Cream", "v": 9.0}]}, {"source": 0, "prod": 1.096667923258658, "target": 8, "value": 1117.0, "supply": [{"l": "Pigmeat", "v": 189.0}, {"l": "Eggs", "v": 67.0}, {"l": "Mutton & Goat Meat", "v": 1.0}, {"l": "Poultry Meat", "v": 89.0}, {"l": "Milk - Excluding Butter", "v": 722.0}, {"l": "Meat, Other", "v": 16.0}, {"l": "Offals, Edible", "v": 9.0}, {"l": "Bovine Meat", "v": 24.0}]}, {"source": 2, "prod": 2.232168233675369, "target": 8, "value": 703.0, "supply": [{"l": "Maize", "v": 5.0}, {"l": "Rye", "v": 33.0}, {"l": "Barley", "v": 5.0}, {"l": "Rice", "v": 7.0}, {"l": "Cereals, Other", "v": 2.0}, {"l": "Wheat", "v": 650.0}, {"l": "Oats", "v": 1.0}]}, {"source": 3, "prod": 0.044941786698876024, "target": 8, "value": 13.0, "supply": [{"l": "Olives", "v": 2.0}, {"l": "Coconuts - Incl Copra", "v": 3.0}, {"l": "Oilcrops, Other", "v": 2.0}, {"l": "Groundnuts", "v": 3.0}, {"l": "Rape and Mustardseed", "v": 3.0}]}, {"source": 9, "prod": 0.80403071581996688, "target": 8, "value": 262.0, "supply": [{"l": "Sugar", "v": 189.0}, {"l": "Sweeteners, Other", "v": 70.0}, {"l": "Honey", "v": 3.0}]}, {"source": 4, "prod": 0.22159461261168267, "target": 8, "value": 292.0, "supply": [{"l": "Potatoes", "v": 292.0}]}, {"source": 5, "prod": 0.3839616893404928, "target": 8, "value": 876.0, "supply": [{"l": "Plantains", "v": 2.0}, {"l": "Grapefruit", "v": 10.0}, {"l": "Tomatoes", "v": 81.0}, {"l": "Treenuts", "v": 13.0}, {"l": "Vegetables, Other", "v": 389.0}, {"l": "Peas", "v": 4.0}, {"l": "Grapes", "v": 37.0}, {"l": "Dates", "v": 1.0}, {"l": "Beans", "v": 2.0}, {"l": "Apples", "v": 56.0}, {"l": "Lemons, Limes", "v": 11.0}, {"l": "Pineapples", "v": 7.0}, {"l": "Bananas", "v": 43.0}, {"l": "Fruits, Other", "v": 95.0}, {"l": "Oranges, Mandarines", "v": 74.0}, {"l": "Onions", "v": 48.0}, {"l": "Pulses, Other", "v": 3.0}]}, {"source": 10, "prod": 0.12752359446159769, "target": 8, "value": 60.0, "supply": [{"l": "Nuts", "v": 13.0}, {"l": "Cocoa Beans", "v": 5.0}, {"l": "Coffee", "v": 34.0}, {"l": "Pimento", "v": 2.0}, {"l": "Spices, Other", "v": 2.0}, {"l": "Tea", "v": 1.0}, {"l": "Infant food", "v": 3.0}]}, {"source": 6, "prod": 0.079156808628505937, "target": 8, "value": 88.0, "supply": [{"l": "Crustaceans", "v": 1.0}, {"l": "Marine Fish, Other", "v": 5.0}, {"l": "Demersal Fish", "v": 12.0}, {"l": "Freshwater Fish", "v": 10.0}, {"l": "Pelagic Fish", "v": 16.0}, {"l": "Fish, Seafood", "v": 44.0}]}, {"source": 11, "prod": 0.69494567088573567, "target": 8, "value": 67.0, "supply": [{"l": "Maize Germ Oil", "v": 2.0}, {"l": "Soyabean Oil", "v": 9.0}, {"l": "Sunflowerseed Oil", "v": 10.0}, {"l": "Olive Oil", "v": 1.0}, {"l": "Rape and Mustard Oil", "v": 45.0}]}, {"source": 7, "prod": 0.039197121888738778, "target": 12, "value": 41.0, "supply": [{"l": "Fats, Animals, Raw", "v": 1.0}, {"l": "Wine", "v": 40.0}]}, {"source": 0, "prod": 0.00056932863564037066, "target": 12, "value": 1.0, "supply": [{"l": "Milk - Excluding Butter", "v": 1.0}]}, {"source": 2, "prod": 1.6786453779468369, "target": 12, "value": 452.0, "supply": [{"l": "Maize", "v": 216.0}, {"l": "Wheat", "v": 161.0}, {"l": "Oats", "v": 5.0}, {"l": "Barley", "v": 70.0}]}, {"source": 3, "prod": 0.71129269670303874, "target": 12, "value": 201.0, "supply": [{"l": "Sunflower seed", "v": 80.0}, {"l": "Soyabeans", "v": 39.0}, {"l": "Rape and Mustardseed", "v": 79.0}, {"l": "Oilcrops, Other", "v": 3.0}]}, {"source": 13, "prod": 1.3505022196400001, "target": 12, "value": 1162.0, "supply": [{"l": "Sugar beet", "v": 1162.0}]}, {"source": 9, "prod": 0.08622690087679688, "target": 12, "value": 26.0, "supply": [{"l": "Sugar", "v": 26.0}]}, {"source": 4, "prod": 0.003794428298145251, "target": 12, "value": 5.0, "supply": [{"l": "Potatoes", "v": 5.0}]}, {"source": 5, "prod": 0.032306023784464372, "target": 12, "value": 54.0, "supply": [{"l": "Fruits, Other", "v": 9.0}, {"l": "Grapes", "v": 42.0}, {"l": "Apples", "v": 3.0}]}, {"source": 11, "prod": 0.0097961922889615409, "target": 12, "value": 1.0, "supply": [{"l": "Oilcrops Oil, Other", "v": 1.0}]}, {"source": 7, "prod": 0.020125826658026012, "target": 14, "value": 26.0, "supply": [{"l": "Alcohol, Non-Food", "v": 7.0}, {"l": "Wine", "v": 19.0}]}, {"source": 0, "prod": 0.0039853004494825942, "target": 14, "value": 7.0, "supply": [{"l": "Milk - Excluding Butter", "v": 7.0}]}, {"source": 2, "prod": 0.55404284968240813, "target": 14, "value": 125.0, "supply": [{"l": "Maize", "v": 124.0}, {"l": "Sorghum", "v": 1.0}]}, {"source": 9, "prod": 0.0047793776296419076, "target": 14, "value": 2.0, "supply": [{"l": "Sweeteners, Other", "v": 2.0}]}, {"source": 6, "prod": 0.0015841529759126438, "target": 14, "value": 2.0, "supply": [{"l": "Freshwater Fish", "v": 1.0}, {"l": "Fish, Seafood", "v": 1.0}]}, {"source": 11, "prod": 0.87718592681720975, "target": 14, "value": 85.0, "supply": [{"l": "Rape and Mustard Oil", "v": 31.0}, {"l": "Palm Oil", "v": 11.0}, {"l": "Palmkernel Oil", "v": 1.0}, {"l": "Oilcrops Oil, Other", "v": 4.0}, {"l": "Sunflowerseed Oil", "v": 38.0}]}, {"source": 4, "prod": 0.031114312044791061, "target": 15, "value": 41.0, "supply": [{"l": "Potatoes", "v": 41.0}]}, {"source": 5, "prod": 0.0041852276915281695, "target": 15, "value": 1.0, "supply": [{"l": "Peas", "v": 1.0}]}, {"source": 0, "prod": 0.0049456504759805833, "target": 0, "value": 3.0, "supply": [{"l": "Eggs", "v": 3.0}]}, {"source": 2, "prod": 0.61442776050972892, "target": 15, "value": 184.0, "supply": [{"l": "Maize", "v": 38.0}, {"l": "Wheat", "v": 100.0}, {"l": "Barley", "v": 40.0}, {"l": "Oats", "v": 3.0}, {"l": "Rye", "v": 2.0}, {"l": "Cereals, Other", "v": 1.0}]}, {"source": 3, "prod": 0.0082835189931705407, "target": 15, "value": 2.0, "supply": [{"l": "Sunflower seed", "v": 2.0}]}, {"source": 7, "prod": 0.0023729906786925468, "target": 16, "value": 1.0, "supply": [{"l": "Cream", "v": 1.0}]}, {"source": 0, "prod": 0.005005086224241501, "target": 16, "value": 5.0, "supply": [{"l": "Milk - Excluding Butter", "v": 3.0}, {"l": "Eggs", "v": 2.0}]}, {"source": 2, "prod": 0.49316621710941655, "target": 16, "value": 127.0, "supply": [{"l": "Maize", "v": 75.0}, {"l": "Oats", "v": 3.0}, {"l": "Rye", "v": 3.0}, {"l": "Barley", "v": 10.0}, {"l": "Cereals, Other", "v": 3.0}, {"l": "Wheat", "v": 33.0}]}, {"source": 3, "prod": 0.051582688910380543, "target": 16, "value": 19.0, "supply": [{"l": "Sunflower seed", "v": 2.0}, {"l": "Rape and Mustardseed", "v": 17.0}]}, {"source": 4, "prod": 0.0015177713192581004, "target": 16, "value": 2.0, "supply": [{"l": "Potatoes", "v": 2.0}]}, {"source": 5, "prod": 0.026611965193432615, "target": 16, "value": 52.0, "supply": [{"l": "Oranges, Mandarines", "v": 2.0}, {"l": "Fruits, Other", "v": 3.0}, {"l": "Apples", "v": 8.0}, {"l": "Lemons, Limes", "v": 1.0}, {"l": "Tomatoes", "v": 8.0}, {"l": "Bananas", "v": 3.0}, {"l": "Vegetables, Other", "v": 21.0}, {"l": "Peas", "v": 2.0}, {"l": "Grapes", "v": 1.0}, {"l": "Onions", "v": 3.0}]}, {"source": 17, "prod": 0.35134845340337467, "target": 10, "value": 114.0, "supply": [{"l": "Nuts", "v": 19.0}, {"l": "Cocoa Beans", "v": 26.0}, {"l": "Coffee", "v": 60.0}, {"l": "Pimento", "v": 2.0}, {"l": "Pepper", "v": 1.0}, {"l": "Spices, Other", "v": 2.0}, {"l": "Tea", "v": 1.0}, {"l": "Infant food", "v": 3.0}]}, {"source": 17, "prod": 0.87007094825792941, "target": 1, "value": 956.0, "supply": [{"l": "Pigmeat", "v": 146.0}, {"l": "Meat, Other", "v": 12.0}, {"l": "Crustaceans", "v": 1.0}, {"l": "Eggs", "v": 12.0}, {"l": "Marine Fish, Other", "v": 5.0}, {"l": "Demersal Fish", "v": 12.0}, {"l": "Poultry Meat", "v": 52.0}, {"l": "Freshwater Fish", "v": 10.0}, {"l": "Milk - Excluding Butter", "v": 617.0}, {"l": "Pelagic Fish", "v": 19.0}, {"l": "Fish, Seafood", "v": 47.0}, {"l": "Offals, Edible", "v": 7.0}, {"l": "Bovine Meat", "v": 16.0}]}, {"source": 17, "prod": 2.86026554817296, "target": 12, "value": 673.0, "supply": [{"l": "Alcohol, Non-Food", "v": 19.0}, {"l": "Sugar", "v": 161.0}, {"l": "Beer", "v": 103.0}, {"l": "Beverages, Alcoholic", "v": 14.0}, {"l": "Fats, Animals, Raw", "v": 48.0}, {"l": "Soyabean Oil", "v": 2.0}, {"l": "Butter, Ghee", "v": 9.0}, {"l": "Palm Oil", "v": 14.0}, {"l": "Sunflowerseed Oil", "v": 43.0}, {"l": "Olive Oil", "v": 2.0}, {"l": "Rape and Mustard Oil", "v": 73.0}, {"l": "Oilcrops Oil, Other", "v": 10.0}, {"l": "Wine", "v": 78.0}, {"l": "Sweeteners, Other", "v": 76.0}, {"l": "Beverages, Fermented", "v": 8.0}, {"l": "Honey", "v": 1.0}, {"l": "Palmkernel Oil", "v": 1.0}, {"l": "Cream", "v": 11.0}]}, {"source": 17, "prod": 2.4553665369465913, "target": 2, "value": 686.0, "supply": [{"l": "Maize", "v": 219.0}, {"l": "Rye", "v": 4.0}, {"l": "Barley", "v": 76.0}, {"l": "Rice", "v": 29.0}, {"l": "Cereals, Other", "v": 4.0}, {"l": "Wheat", "v": 352.0}, {"l": "Oats", "v": 2.0}]}, {"source": 17, "prod": 0.35949524707929459, "target": 5, "value": 736.0, "supply": [{"l": "Plantains", "v": 2.0}, {"l": "Citrus, Other", "v": 1.0}, {"l": "Grapefruit", "v": 12.0}, {"l": "Tomatoes", "v": 45.0}, {"l": "Treenuts", "v": 19.0}, {"l": "Vegetables, Other", "v": 250.0}, {"l": "Peas", "v": 1.0}, {"l": "Grapes", "v": 33.0}, {"l": "Dates", "v": 1.0}, {"l": "Beans", "v": 4.0}, {"l": "Apples", "v": 58.0}, {"l": "Lemons, Limes", "v": 14.0}, {"l": "Pineapples", "v": 9.0}, {"l": "Bananas", "v": 53.0}, {"l": "Fruits, Other", "v": 105.0}, {"l": "Oranges, Mandarines", "v": 102.0}, {"l": "Onions", "v": 24.0}, {"l": "Pulses, Other", "v": 3.0}]}, {"source": 17, "prod": 0.0011622222200000001, "target": 13, "value": 1.0, "supply": [{"l": "Sugar beet", "v": 1.0}]}, {"source": 17, "prod": 0.47814491720261809, "target": 3, "value": 152.0, "supply": [{"l": "Olives", "v": 2.0}, {"l": "Sunflower seed", "v": 15.0}, {"l": "Coconuts - Incl Copra", "v": 6.0}, {"l": "Cottonseed", "v": 4.0}, {"l": "Groundnuts", "v": 7.0}, {"l": "Oilcrops, Other", "v": 7.0}, {"l": "Soyabeans", "v": 13.0}, {"l": "Rape and Mustardseed", "v": 98.0}]}, {"source": 17, "prod": 0.078924108601421225, "target": 4, "value": 104.0, "supply": [{"l": "Potatoes", "v": 104.0}]}, {"source": 7, "prod": 0.27889563343092877, "target": 18, "value": 144.0, "supply": [{"l": "Alcohol, Non-Food", "v": 75.0}, {"l": "Beer", "v": 14.0}, {"l": "Beverages, Alcoholic", "v": 3.0}, {"l": "Butter, Ghee", "v": 2.0}, {"l": "Fats, Animals, Raw", "v": 18.0}, {"l": "Wine", "v": 12.0}, {"l": "Beverages, Fermented", "v": 1.0}, {"l": "Cream", "v": 19.0}]}, {"source": 0, "prod": 0.48864494750191378, "target": 18, "value": 694.0, "supply": [{"l": "Eggs", "v": 20.0}, {"l": "Mutton & Goat Meat", "v": 1.0}, {"l": "Pigmeat", "v": 28.0}, {"l": "Milk - Excluding Butter", "v": 611.0}, {"l": "Bovine Meat", "v": 5.0}, {"l": "Poultry Meat", "v": 26.0}, {"l": "Offals, Edible", "v": 3.0}]}, {"source": 2, "prod": 4.3560647851619665, "target": 18, "value": 1288.0, "supply": [{"l": "Maize", "v": 347.0}, {"l": "Rye", "v": 9.0}, {"l": "Barley", "v": 429.0}, {"l": "Rice", "v": 14.0}, {"l": "Cereals, Other", "v": 4.0}, {"l": "Wheat", "v": 481.0}, {"l": "Oats", "v": 4.0}]}, {"source": 3, "prod": 1.3893054462045882, "target": 18, "value": 457.0, "supply": [{"l": "Sunflower seed", "v": 113.0}, {"l": "Coconuts - Incl Copra", "v": 2.0}, {"l": "Groundnuts", "v": 4.0}, {"l": "Oilcrops, Other", "v": 5.0}, {"l": "Soyabeans", "v": 10.0}, {"l": "Rape and Mustardseed", "v": 323.0}]}, {"source": 9, "prod": 1.1456104909580773, "target": 18, "value": 403.0, "supply": [{"l": "Sugar", "v": 197.0}, {"l": "Sweeteners, Other", "v": 206.0}]}, {"source": 4, "prod": 0.0083477422559195529, "target": 18, "value": 11.0, "supply": [{"l": "Potatoes", "v": 11.0}]}, {"source": 5, "prod": 0.10113957183049441, "target": 18, "value": 168.0, "supply": [{"l": "Citrus, Other", "v": 1.0}, {"l": "Grapefruit", "v": 1.0}, {"l": "Tomatoes", "v": 4.0}, {"l": "Treenuts", "v": 7.0}, {"l": "Vegetables, Other", "v": 32.0}, {"l": "Peas", "v": 2.0}, {"l": "Grapes", "v": 3.0}, {"l": "Beans", "v": 1.0}, {"l": "Apples", "v": 23.0}, {"l": "Lemons, Limes", "v": 3.0}, {"l": "Pineapples", "v": 2.0}, {"l": "Bananas", "v": 7.0}, {"l": "Fruits, Other", "v": 55.0}, {"l": "Oranges, Mandarines", "v": 25.0}, {"l": "Onions", "v": 1.0}, {"l": "Pulses, Other", "v": 1.0}]}, {"source": 10, "prod": 0.26607546471521881, "target": 18, "value": 59.0, "supply": [{"l": "Nuts", "v": 7.0}, {"l": "Cocoa Beans", "v": 26.0}, {"l": "Coffee", "v": 26.0}]}, {"source": 6, "prod": 0.0031683059518252876, "target": 18, "value": 4.0, "supply": [{"l": "Freshwater Fish", "v": 2.0}, {"l": "Fish, Seafood", "v": 2.0}]}, {"source": 11, "prod": 0.70873132465634392, "target": 18, "value": 69.0, "supply": [{"l": "Palm Oil", "v": 3.0}, {"l": "Sunflowerseed Oil", "v": 29.0}, {"l": "Olive Oil", "v": 1.0}, {"l": "Rape and Mustard Oil", "v": 28.0}, {"l": "Oilcrops Oil, Other", "v": 8.0}]}, {"source": 19, "prod": 0.025111366149169013, "target": 5, "value": 6.0, "supply": [{"l": "Peas", "v": 6.0}]}, {"source": 19, "prod": 0.024284341108129607, "target": 4, "value": 32.0, "supply": [{"l": "Potatoes", "v": 32.0}]}, {"source": 2, "prod": 0.12871985996893551, "target": 20, "value": 47.0, "supply": [{"l": "Barley", "v": 47.0}]}, {"source": 19, "prod": 0.044947235208176471, "target": 10, "value": 5.0, "supply": [{"l": "Cocoa Beans", "v": 5.0}]}, {"source": 19, "prod": 0.29724651305407213, "target": 12, "value": 98.0, "supply": [{"l": "Sweeteners, Other", "v": 20.0}, {"l": "Sugar", "v": 61.0}, {"l": "Beer", "v": 13.0}, {"l": "Palm Oil", "v": 1.0}, {"l": "Oilcrops Oil, Other", "v": 3.0}]}, {"source": 19, "prod": 1.7020547138519919, "target": 2, "value": 423.0, "supply": [{"l": "Maize", "v": 283.0}, {"l": "Wheat", "v": 138.0}, {"l": "Oats", "v": 2.0}]}, {"source": 21, "prod": 13.096603930144591, "target": 2, "value": 3655.0, "supply": [{"l": "Maize", "v": 1366.0}, {"l": "Rye", "v": 43.0}, {"l": "Barley", "v": 530.0}, {"l": "Cereals, Other", "v": 38.0}, {"l": "Wheat", "v": 1639.0}, {"l": "Oats", "v": 37.0}, {"l": "Sorghum", "v": 1.0}, {"l": "Millet", "v": 1.0}]}, {"source": 21, "prod": 1.862575633555787, "target": 3, "value": 576.0, "supply": [{"l": "Sunflower seed", "v": 201.0}, {"l": "Oilcrops, Other", "v": 5.0}, {"l": "Soyabeans", "v": 37.0}, {"l": "Rape and Mustardseed", "v": 333.0}]}, {"source": 21, "prod": 1.34933999742, "target": 13, "value": 1161.0, "supply": [{"l": "Sugar beet", "v": 1161.0}]}, {"source": 21, "prod": 0.16467818813950391, "target": 4, "value": 217.0, "supply": [{"l": "Potatoes", "v": 217.0}]}, {"source": 21, "prod": 0.22896880367730213, "target": 5, "value": 424.0, "supply": [{"l": "Tomatoes", "v": 48.0}, {"l": "Treenuts", "v": 1.0}, {"l": "Vegetables, Other", "v": 192.0}, {"l": "Peas", "v": 15.0}, {"l": "Grapes", "v": 49.0}, {"l": "Apples", "v": 31.0}, {"l": "Fruits, Other", "v": 57.0}, {"l": "Onions", "v": 28.0}, {"l": "Pulses, Other", "v": 3.0}]}, {"source": 21, "prod": 0.002609641388452869, "target": 10, "value": 1.0, "supply": [{"l": "Nuts", "v": 1.0}]}, {"source": 1, "prod": 0.090457503213803192, "target": 6, "value": 100.0, "supply": [{"l": "Pelagic Fish", "v": 19.0}, {"l": "Crustaceans", "v": 1.0}, {"l": "Freshwater Fish", "v": 13.0}, {"l": "Demersal Fish", "v": 12.0}, {"l": "Fish, Seafood", "v": 50.0}, {"l": "Marine Fish, Other", "v": 5.0}]}, {"source": 1, "prod": 1.7212635431820984, "target": 0, "value": 2046.0, "supply": [{"l": "Poultry Meat", "v": 115.0}, {"l": "Pigmeat", "v": 217.0}, {"l": "Bovine Meat", "v": 29.0}, {"l": "Eggs", "v": 92.0}, {"l": "Milk - Excluding Butter", "v": 1566.0}, {"l": "Offals, Edible", "v": 12.0}, {"l": "Meat, Other", "v": 16.0}, {"l": "Mutton & Goat Meat", "v": 2.0}]}, {"source": 12, "prod": 1.2739192001016144, "target": 7, "value": 769.0, "supply": [{"l": "Fats, Animals, Raw", "v": 75.0}, {"l": "Alcohol, Non-Food", "v": 82.0}, {"l": "Beverages, Fermented", "v": 8.0}, {"l": "Beer", "v": 413.0}, {"l": "Beverages, Alcoholic", "v": 37.0}, {"l": "Cream", "v": 29.0}, {"l": "Butter, Ghee", "v": 16.0}, {"l": "Wine", "v": 109.0}]}, {"source": 12, "prod": 2.2906591146482507, "target": 11, "value": 222.0, "supply": [{"l": "Olive Oil", "v": 2.0}, {"l": "Soyabean Oil", "v": 9.0}, {"l": "Rape and Mustard Oil", "v": 104.0}, {"l": "Maize Germ Oil", "v": 2.0}, {"l": "Palm Oil", "v": 14.0}, {"l": "Palmkernel Oil", "v": 1.0}, {"l": "Oilcrops Oil, Other", "v": 13.0}, {"l": "Sunflowerseed Oil", "v": 77.0}]}, {"source": 12, "prod": 2.0406474852844827, "target": 9, "value": 693.0, "supply": [{"l": "Honey", "v": 3.0}, {"l": "Sweeteners, Other", "v": 278.0}, {"l": "Sugar", "v": 412.0}]}]}