{"nodes": [{"layer": 3, "name": "Cereals", "fill": "#e7ba52"}, {"layer": 5, "name": "Production", "fill": "#b5cf6b"}, {"layer": 3, "name": "Oilcrops", "fill": "#ff9896"}, {"layer": 3, "name": "Sugar Crops", "fill": "#ffbb78"}, {"layer": 3, "name": "Starchy Roots"}, {"layer": 3, "name": "Fruits & Vegetables"}, {"layer": 3, "name": "Others"}, {"layer": 1, "name": "Electricity", "fill": "#bcbd22"}, {"layer": 0, "name": "Fossil Fuels", "fill": "#c49c94"}, {"layer": 0, "name": "Renewables & Nuclear", "fill": "#2ca02c"}, {"layer": 1, "name": "Fertilizers", "fill": "#c5b0d5"}, {"layer": 0, "name": "Labor", "fill": "#7f7f7f"}], "links": [{"source": 0, "prod": 3798.0, "target": 1, "value": 12.09952018324805, "supply": [{"l": "Maize", "v": 3.0048210982692427}, {"l": "Rye", "v": 0.34443207710340251}, {"l": "Barley", "v": 2.6622067127520621}, {"l": "Cereals, Other", "v": 0.2477228899373014}, {"l": "Wheat", "v": 5.6208850009316427}, {"l": "Oats", "v": 0.20671385467721742}, {"l": "Sorghum", "v": 0.0031846373942955486}, {"l": "Millet", "v": 0.0095539121828866463}]}, {"source": 2, "prod": 484.807024075453, "target": 1, "value": 1.540801761037949, "supply": [{"l": "Sunflower seed", "v": 1.1093643534344002}, {"l": "Oilcrops, Other", "v": 0.022640088845599999}, {"l": "Soyabeans", "v": 0.079240310959600005}, {"l": "Rape and Mustardseed", "v": 0.30915111051999999}, {"l": "Oil Palm", "v": 0.020405897278348795}]}, {"source": 3, "prod": 1599.0, "target": 1, "value": 1.8583933297800002, "supply": [{"l": "Sugar beet", "v": 1.8583933297800002}]}, {"source": 4, "prod": 382.0, "target": 1, "value": 0.29261167927091292, "supply": [{"l": "Potatoes", "v": 0.29261167927091292}]}, {"source": 5, "prod": 553.0, "target": 1, "value": 0.36646685709278765, "supply": [{"l": "Tomatoes", "v": 0.013154006627001818}, {"l": "Treenuts", "v": 0.0028553923712219733}, {"l": "Vegetables, Other", "v": 0.075901647144983445}, {"l": "Peas", "v": 0.13382594889666102}, {"l": "Grapes", "v": 0.039797031173906254}, {"l": "Beans", "v": 0.0043538632395384615}, {"l": "Apples", "v": 0.01905396790249924}, {"l": "Fruits, Other", "v": 0.037022423342574544}, {"l": "Onions", "v": 0.013073237985308562}, {"l": "Pulses, Other", "v": 0.027429338409092306}]}, {"source": 6, "prod": 1.0, "target": 1, "value": 0.0027565043237337667, "supply": [{"l": "Nuts", "v": 0.0027565043237337667}]}, {"source": 7, "prod": 0, "target": 0, "value": 0.076339566459297223, "supply": "[{\"l\":'Energy for power irrigation',\"v\":0.076339566459297223}]"}, {"source": 7, "prod": 0, "target": 2, "value": 0.010497937082046308, "supply": "[{\"l\":'Energy for power irrigation',\"v\":0.010497937082046308}]"}, {"source": 7, "prod": 0, "target": 3, "value": 0.031505217903836952, "supply": "[{\"l\":'Energy for power irrigation',\"v\":0.031505217903836952}]"}, {"source": 7, "prod": 0, "target": 4, "value": 0.0082949948327175459, "supply": "[{\"l\":'Energy for power irrigation',\"v\":0.0082949948327175459}]"}, {"source": 7, "prod": 0, "target": 5, "value": 0.015417656666511828, "supply": "[{\"l\":'Energy for power irrigation',\"v\":0.015417656666511828}]"}, {"source": 7, "prod": 0, "target": 6, "value": 0.00084723225132269471, "supply": "[{\"l\":'Energy for power irrigation',\"v\":0.00084723225132269471}]"}, {"source": 8, "prod": 0, "target": 7, "value": 0.10434495213575215, "supply": [{"l": "Coal", "v": 0.073644685820272907}, {"l": "Natural gas", "v": 0.021590789168979659}, {"l": "Oil", "v": 0.0091094771464995897}]}, {"source": 9, "prod": 0, "target": 7, "value": 0.099348427447827001, "supply": [{"l": "Nuclear", "v": 0.079969096337306297}, {"l": "Hydroelectric", "v": 0.019257212203862062}, {"l": "Renewable", "v": 0.00012211890665863765}]}, {"source": 8, "prod": 0, "target": 0, "value": 0.76004206063636537, "supply": [{"l": "Motor Gasoline", "v": 0.052589707548955499}, {"l": "Gas-Diesel oil", "v": 0.45303718156591744}, {"l": "Natural gas (including LNG)", "v": 0.23653497131217571}, {"l": "Fuel oil", "v": 0.0059949892352646784}, {"l": "Liquefied petroleum gas (LPG)", "v": 0.0070188859115846358}, {"l": "Coal", "v": 0.0048663250624674933}]}, {"source": 8, "prod": 0, "target": 2, "value": 0.10451819550905585, "supply": [{"l": "Motor Gasoline", "v": 0.0072319436252825829}, {"l": "Gas-Diesel oil", "v": 0.062300010970619997}, {"l": "Natural gas (including LNG)", "v": 0.032527421384594912}, {"l": "Fuel oil", "v": 0.00082440892342386103}, {"l": "Liquefied petroleum gas (LPG)", "v": 0.00096521143757298576}, {"l": "Coal", "v": 0.00066919916756151717}]}, {"source": 8, "prod": 0, "target": 3, "value": 0.31366815200865877, "supply": [{"l": "Motor Gasoline", "v": 0.021703688829727667}, {"l": "Gas-Diesel oil", "v": 0.18696772572561676}, {"l": "Natural gas (including LNG)", "v": 0.097617607208199508}, {"l": "Fuel oil", "v": 0.0024741225415378042}, {"l": "Liquefied petroleum gas (LPG)", "v": 0.0028966830746222313}, {"l": "Coal", "v": 0.0020083246289548389}]}, {"source": 8, "prod": 0, "target": 4, "value": 0.082585548465069006, "supply": [{"l": "Motor Gasoline", "v": 0.0057143545949439323}, {"l": "Gas-Diesel oil", "v": 0.049226649487482579}, {"l": "Natural gas (including LNG)", "v": 0.025701696456943084}, {"l": "Fuel oil", "v": 0.00065141062538299913}, {"l": "Liquefied petroleum gas (LPG)", "v": 0.0007626664005102935}, {"l": "Coal", "v": 0.0005287708998061208}]}, {"source": 8, "prod": 0, "target": 5, "value": 0.15349926763400593, "supply": [{"l": "Motor Gasoline", "v": 0.010621098504854222}, {"l": "Gas-Diesel oil", "v": 0.091496088417945667}, {"l": "Natural gas (including LNG)", "v": 0.047770967880185186}, {"l": "Fuel oil", "v": 0.0012107572787700637}, {"l": "Liquefied petroleum gas (LPG)", "v": 0.0014175450318273271}, {"l": "Coal", "v": 0.00098281052042349052}]}, {"source": 8, "prod": 0, "target": 6, "value": 0.0084351035249357886, "supply": [{"l": "Motor Gasoline", "v": 0.00058365141943607867}, {"l": "Gas-Diesel oil", "v": 0.005027900066417461}, {"l": "Natural gas (including LNG)", "v": 0.0026251138899015501}, {"l": "Fuel oil", "v": 6.6533626820591357e-05}, {"l": "Liquefied petroleum gas (LPG)", "v": 7.7897043282524039e-05}, {"l": "Coal", "v": 5.4007479077584779e-05}]}, {"source": 10, "prod": 62.260752905881006, "target": 0, "value": 0.86111843448193259, "supply": [{"l": "Potash", "v": 0.044042483368567316}, {"l": "Phosphate", "v": 0.075973041727445095}, {"l": "Nitrogen", "v": 1.491941070637997}]}, {"source": 10, "prod": 8.5618702987429547, "target": 2, "value": 0.11841784758106375, "supply": [{"l": "Potash", "v": 0.044042483368567316}, {"l": "Phosphate", "v": 0.075973041727445095}, {"l": "Nitrogen", "v": 1.491941070637997}]}, {"source": 10, "prod": 25.694913897665181, "target": 3, "value": 0.35538221105603574, "supply": [{"l": "Potash", "v": 0.044042483368567316}, {"l": "Phosphate", "v": 0.075973041727445095}, {"l": "Nitrogen", "v": 1.491941070637997}]}, {"source": 10, "prod": 6.7652024708674423, "target": 4, "value": 0.093568424549462806, "supply": [{"l": "Potash", "v": 0.044042483368567316}, {"l": "Phosphate", "v": 0.075973041727445095}, {"l": "Nitrogen", "v": 1.491941070637997}]}, {"source": 10, "prod": 12.574277751671673, "target": 5, "value": 0.17391280809965476, "supply": [{"l": "Potash", "v": 0.044042483368567316}, {"l": "Phosphate", "v": 0.075973041727445095}, {"l": "Nitrogen", "v": 1.491941070637997}]}, {"source": 10, "prod": 0.69098267517173406, "target": 6, "value": 0.0095568699658596223, "supply": [{"l": "Potash", "v": 0.044042483368567316}, {"l": "Phosphate", "v": 0.075973041727445095}, {"l": "Nitrogen", "v": 1.491941070637997}]}, {"source": 8, "prod": 0, "target": 10, "value": 1.9418628211587441, "supply": [{"l": "Natural gas (including LNG)", "v": 1.3088540460802687}, {"l": "Fuel oil", "v": 0.36927658192222124}, {"l": "Liquefied petroleum gas (LPG)", "v": 0.13186609657812703}, {"l": "Coal", "v": 0.13186609657812703}]}, {"source": 11, "prod": 0, "target": 0, "value": 0.091168169915711209, "supply": "[{\"l\":'Labor',\"v\":0.091168169915711209}]"}, {"source": 11, "prod": 0, "target": 2, "value": 0.012537112221756443, "supply": "[{\"l\":'Labor',\"v\":0.012537112221756443}]"}, {"source": 11, "prod": 0, "target": 3, "value": 0.037624959012833206, "supply": "[{\"l\":'Labor',\"v\":0.037624959012833206}]"}, {"source": 11, "prod": 0, "target": 4, "value": 0.0099062587519717187, "supply": "[{\"l\":'Labor',\"v\":0.0099062587519717187}]"}, {"source": 11, "prod": 0, "target": 5, "value": 0.018412464307405868, "supply": "[{\"l\":'Labor',\"v\":0.018412464307405868}]"}, {"source": 11, "prod": 0, "target": 6, "value": 0.0010118031504389167, "supply": "[{\"l\":'Labor',\"v\":0.0010118031504389167}]"}]}