{"nodes": [{"name": "Balance", "fill": "#9edae5"}, {"name": "Food", "fill": "#b5cf6b"}, {"name": "Stock Deposit", "fill": "#c7c7c7"}, {"name": "Export", "fill": "#aec7e8"}, {"name": "Biofuels & Other", "fill": "#e7ba52"}, {"name": "Renewables & Nuclear", "fill": "#2ca02c"}, {"name": "Fossil Fuels", "fill": "#c49c94"}, {"name": "Stock Draw", "fill": "#c7c7c7"}, {"name": "Labor", "fill": "#7f7f7f"}], "links": [{"source": 0, "target": 1, "value": 6.2269586673983142}, {"source": 0, "target": 2, "value": 0.11770109135973539}, {"source": 0, "target": 3, "value": 2.2232032085580768}, {"source": 0, "target": 4, "value": 0.22733187689994197}, {"source": 5, "target": 0, "value": 2.5583378724666037}, {"source": 6, "target": 0, "value": 12.527794604742269}, {"source": 7, "target": 0, "value": 0.86133343836915766}, {"source": 8, "target": 0, "value": 0.21394611065163954}]}