{"nodes": [{"layer": 13, "name": "Milk - Excluding Butter"}, {"layer": 10, "name": "Feed", "fill": "#dbdb8d"}, {"layer": 5, "name": "Oilcrops", "fill": "#ff9896"}, {"layer": 5, "name": "Starchy Roots"}, {"layer": 5, "name": "Pulses"}, {"layer": 13, "name": "Fish, Seafood"}, {"layer": 5, "name": "Cereals - Excluding Beer"}, {"layer": 16, "name": "Food", "fill": "#b5cf6b"}, {"layer": 5, "name": "Spices"}, {"layer": 13, "name": "Meat"}, {"layer": 5, "name": "Treenuts"}, {"layer": 5, "name": "Vegetables"}, {"layer": 13, "name": "Alcoholic Beverages"}, {"layer": 5, "name": "Others"}, {"layer": 13, "name": "Sugar & Sweeteners"}, {"layer": 5, "name": "Fruits - Excluding Wine"}, {"layer": 13, "name": "Vegetable Oils", "fill": "#f7b6d2"}, {"layer": 13, "name": "Animal Fats"}, {"layer": 5, "name": "Stimulants"}, {"layer": 13, "name": "Eggs"}, {"layer": 10, "name": "Processing", "fill": "#9edae5"}, {"layer": 5, "name": "Sugar Crops", "fill": "#ffbb78"}, {"layer": 16, "name": "Biofuels & Other", "fill": "#e7ba52"}, {"name": "Waste", "fill": "#c7c7c7"}, {"layer": 2, "name": "Import", "fill": "#aec7e8"}, {"layer": 16, "name": "Export", "fill": "#aec7e8"}, {"layer": 16, "name": "Stock Deposit", "fill": "#c7c7c7"}, {"layer": 0, "name": "Stock Draw", "fill": "#c7c7c7"}, {"name": "Crop Residue", "fill": "#bd9e39"}, {"layer": 2, "name": "Electricity", "fill": "#bcbd22"}, {"layer": 0, "name": "Fossil Fuels", "fill": "#c49c94"}, {"layer": 0, "name": "Renewables & Nuclear", "fill": "#2ca02c"}, {"layer": 2, "name": "Fertilizers", "fill": "#c5b0d5"}, {"layer": 0, "name": "Labor", "fill": "#7f7f7f"}], "links": [{"source": 0, "prod": 284.0, "target": 1, "value": 0.16268903166581081, "supply": [{"l": "Milk - Excluding Butter", "v": 0.16268903166581081}]}, {"source": 2, "prod": 14.0, "target": 1, "value": 0.067038609230793467, "supply": [{"l": "Sunflower seed", "v": 0.019592384577923075}, {"l": "Rape and Mustardseed", "v": 0.034384634934255004}, {"l": "Oilcrops, Other", "v": 0.013061589718615384}]}, {"source": 3, "prod": 8.0, "target": 1, "value": 0.0061643089915797023, "supply": [{"l": "Potatoes", "v": 0.0061643089915797023}]}, {"source": 4, "prod": 26.0, "target": 1, "value": 0.10484804800814825, "supply": [{"l": "Peas", "v": 0.073207472913916161}, {"l": "Beans", "v": 0.0087827930866551732}, {"l": "Pulses, Other", "v": 0.022857782007576922}]}, {"source": 5, "prod": 94.0, "target": 1, "value": 0.082209544436331772, "supply": [{"l": "Pelagic Fish", "v": 0.046399019291127913}, {"l": "Fish, Seafood", "v": 0.035810525145203852}]}, {"source": 6, "prod": 1774.0, "target": 1, "value": 5.5840444229559774, "supply": [{"l": "Maize", "v": 1.5458824071388393}, {"l": "Wheat", "v": 2.5146924670483086}, {"l": "Oats", "v": 0.10006110695153574}, {"l": "Rye", "v": 0.040994935122284713}, {"l": "Barley", "v": 1.3055165985966886}, {"l": "Rice", "v": 0.008323562075588235}, {"l": "Cereals, Other", "v": 0.068573346022730769}]}, {"source": 0, "prod": 770.0, "target": 7, "value": 0.44109350134744474, "supply": [{"l": "Milk - Excluding Butter", "v": 0.44109350134744474}]}, {"source": 8, "prod": 2.0, "target": 7, "value": 0.006367524987825, "supply": [{"l": "Pimento", "v": 0.0028300111056999999}, {"l": "Spices, Other", "v": 0.0035375138821250002}]}, {"source": 5, "prod": 84.0, "target": 7, "value": 0.064729243359078842, "supply": [{"l": "Marine Fish, Other", "v": 0.020826115561683275}, {"l": "Demersal Fish", "v": 0.00082161612746129039}, {"l": "Freshwater Fish", "v": 0.0021956982716637933}, {"l": "Pelagic Fish", "v": 0.008884918587662792}, {"l": "Fish, Seafood", "v": 0.032000894810607694}]}, {"source": 9, "prod": 373.0, "target": 7, "value": 0.62762496053611128, "supply": [{"l": "Meat, Other", "v": 0.0066156103769610397}, {"l": "Poultry Meat", "v": 0.066585355637884897}, {"l": "Mutton & Goat Meat", "v": 0.0053062708231875}, {"l": "Pigmeat", "v": 0.45797623395968373}, {"l": "Offals, Edible", "v": 0.017941202481418866}, {"l": "Bovine Meat", "v": 0.073200287256975263}]}, {"source": 10, "prod": 10.0, "target": 7, "value": 0.029669471269435487, "supply": [{"l": "Treenuts", "v": 0.029669471269435487}]}, {"source": 11, "prod": 495.0, "target": 7, "value": 0.13932194206107798, "supply": [{"l": "Vegetables, Other", "v": 0.1072969112959284}, {"l": "Tomatoes", "v": 0.01377890653103115}, {"l": "Onions", "v": 0.018246124234118425}]}, {"source": 12, "prod": 509.0, "target": 7, "value": 0.41105978495613238, "supply": [{"l": "Beer", "v": 0.24700007343589928}, {"l": "Beverages, Alcoholic", "v": 0.13380525111402122}, {"l": "Wine", "v": 0.029740535871278447}, {"l": "Beverages, Fermented", "v": 0.00051392453493341399}]}, {"source": 13, "prod": 12.0, "target": 7, "value": 0.037821673540358751, "supply": [{"l": "Nuts", "v": 0.028593376456554402}, {"l": "Infant food", "v": 0.0092282970838043505}]}, {"source": 3, "prod": 421.0, "target": 7, "value": 0.32439676068188183, "supply": [{"l": "Potatoes", "v": 0.32439676068188183}]}, {"source": 4, "prod": 15.0, "target": 7, "value": 0.06062505088199787, "supply": [{"l": "Peas", "v": 0.03660373645695808}, {"l": "Beans", "v": 0.0087827930866551732}, {"l": "Pulses, Other", "v": 0.015238521338384617}]}, {"source": 14, "prod": 217.0, "target": 7, "value": 0.73820797199525257, "supply": [{"l": "Sugar", "v": 0.71591632295545948}, {"l": "Sweeteners, Other", "v": 0.015407838242144445}, {"l": "Honey", "v": 0.0068838107976486483}]}, {"source": 15, "prod": 422.0, "target": 7, "value": 0.20460750489295912, "supply": [{"l": "Citrus, Other", "v": 0.00051144779018674703}, {"l": "Grapefruit", "v": 0.0021630658132738858}, {"l": "Grapes", "v": 0.013700298262312957}, {"l": "Apples", "v": 0.041317754066636632}, {"l": "Lemons, Limes", "v": 0.0023260365252328768}, {"l": "Pineapples", "v": 0.0027684891251413047}, {"l": "Bananas", "v": 0.038798539352338707}, {"l": "Fruits, Other", "v": 0.077911982622851081}, {"l": "Oranges, Mandarines", "v": 0.025109891334984959}]}, {"source": 6, "prod": 666.0, "target": 7, "value": 2.1175820636166578, "supply": [{"l": "Rye", "v": 0.17491172318841475}, {"l": "Barley", "v": 0.019485322367114755}, {"l": "Rice", "v": 0.12485343113382352}, {"l": "Wheat", "v": 1.7952994321711975}, {"l": "Oats", "v": 0.0030321547561071431}]}, {"source": 16, "prod": 63.0, "target": 7, "value": 0.6483202555464449, "supply": [{"l": "Soyabean Oil", "v": 0.040327658256225002}, {"l": "Sunflowerseed Oil", "v": 0.11286513485528675}, {"l": "Rape and Mustard Oil", "v": 0.44425464374913559}, {"l": "Oilcrops Oil, Other", "v": 0.030658453645083333}, {"l": "Maize Germ Oil", "v": 0.020214365040714291}]}, {"source": 17, "prod": 74.0, "target": 7, "value": 0.52669471622946784, "supply": [{"l": "Fats, Animals, Raw", "v": 0.37605310616502718}, {"l": "Butter, Ghee", "v": 0.1165298690582353}, {"l": "Cream", "v": 0.034111741006205364}]}, {"source": 18, "prod": 20.0, "target": 7, "value": 0.050537637867649789, "supply": [{"l": "Coffee", "v": 0.0089368771758947373}, {"l": "Cocoa Beans", "v": 0.03671365758745946}, {"l": "Tea", "v": 0.0048871031042955907}]}, {"source": 19, "prod": 86.0, "target": 7, "value": 0.13979508719870246, "supply": [{"l": "Eggs", "v": 0.13979508719870246}]}, {"source": 2, "prod": 13.0, "target": 7, "value": 0.061294631090381038, "supply": [{"l": "Coconuts - Incl Copra", "v": 0.002497068622676471}, {"l": "Oilcrops, Other", "v": 0.0065307948593076922}, {"l": "Groundnuts", "v": 0.033164192644921875}, {"l": "Rape and Mustardseed", "v": 0.019102574963475002}]}, {"source": 2, "prod": 201.81481481481481, "target": 20, "value": 0.9546691737206876, "supply": [{"l": "Sunflower seed", "v": 0.39184769155846155}, {"l": "Soyabeans", "v": 0.03918476915584615}, {"l": "Rape and Mustardseed", "v": 0.49666694905035003}, {"l": "Oilcrops, Other", "v": 0.0065307948593076922}, {"l": "Oil Palm", "v": 0.020438969096722215}]}, {"source": 21, "prod": 1331.0, "target": 20, "value": 1.5469177748200003, "supply": [{"l": "Sugar beet", "v": 1.5469177748200003}]}, {"source": 3, "prod": 8.0, "target": 20, "value": 0.0061643089915797023, "supply": [{"l": "Potatoes", "v": 0.0061643089915797023}]}, {"source": 12, "prod": 9.0, "target": 20, "value": 0.0074351339678196118, "supply": [{"l": "Wine", "v": 0.0074351339678196118}]}, {"source": 6, "prod": 170.0, "target": 20, "value": 0.49616874156666968, "supply": [{"l": "Maize", "v": 0.062670908397520514}, {"l": "Wheat", "v": 0.082762030561083555}, {"l": "Barley", "v": 0.35073580260806558}]}, {"source": 16, "prod": 2.0, "target": 20, "value": 0.020438969096722222, "supply": [{"l": "Oilcrops Oil, Other", "v": 0.020438969096722222}]}, {"source": 15, "prod": 106.0, "target": 20, "value": 0.063511192287697582, "supply": [{"l": "Fruits, Other", "v": 0.0049731052737990054}, {"l": "Grapes", "v": 0.044214598937464551}, {"l": "Apples", "v": 0.01432348807643403}]}, {"source": 2, "prod": 1.0, "target": 22, "value": 0.0065307948593076922, "supply": [{"l": "Oilcrops, Other", "v": 0.0065307948593076922}]}, {"source": 17, "prod": 6.0, "target": 22, "value": 0.05014041415533696, "supply": [{"l": "Fats, Animals, Raw", "v": 0.05014041415533696}]}, {"source": 0, "prod": 1.0, "target": 22, "value": 0.00057284870304862956, "supply": [{"l": "Milk - Excluding Butter", "v": 0.00057284870304862956}]}, {"source": 14, "prod": 1.0, "target": 22, "value": 0.002201119748877778, "supply": [{"l": "Sweeteners, Other", "v": 0.002201119748877778}]}, {"source": 12, "prod": 3.0, "target": 22, "value": 0.0024783779892732036, "supply": [{"l": "Alcohol, Non-Food", "v": 0.0024783779892732036}]}, {"source": 6, "prod": 14.0, "target": 22, "value": 0.046148203422237313, "supply": [{"l": "Maize", "v": 0.0069634342663911671}, {"l": "Cereals, Other", "v": 0.03918476915584615}]}, {"source": 16, "prod": 25.0, "target": 22, "value": 0.25594130768462958, "supply": [{"l": "Soyabean Oil", "v": 0.050409572820281252}, {"l": "Coconut Oil", "v": 0.010219484548361111}, {"l": "Sunflowerseed Oil", "v": 0.06156280083015641}, {"l": "Palm Oil", "v": 0.040877938193444444}, {"l": "Rape and Mustard Oil", "v": 0.082652026744025234}, {"l": "Oilcrops Oil, Other", "v": 0.010219484548361111}]}, {"source": 3, "prod": 56.0, "target": 3, "value": 0.043150162941057911, "supply": [{"l": "Potatoes", "v": 0.043150162941057911}]}, {"source": 6, "prod": 120.0, "target": 6, "value": 0.36582592375657741, "supply": [{"l": "Maize", "v": 0.034817171331955839}, {"l": "Wheat", "v": 0.18780614627322809}, {"l": "Barley", "v": 0.11134469924065574}, {"l": "Oats", "v": 0.018192928536642859}, {"l": "Rye", "v": 0.013664978374094902}]}, {"source": 19, "prod": 1.0, "target": 19, "value": 0.0016255242697523539, "supply": [{"l": "Eggs", "v": 0.0016255242697523539}]}, {"source": 4, "prod": 3.0, "target": 4, "value": 0.012201245485652695, "supply": [{"l": "Peas", "v": 0.012201245485652695}]}, {"source": 2, "prod": 3.0, "target": 2, "value": 0.019592384577923075, "supply": [{"l": "Sunflower seed", "v": 0.019592384577923075}]}, {"source": 0, "prod": 5.0, "target": 23, "value": 0.0028642435152431475, "supply": [{"l": "Milk - Excluding Butter", "v": 0.0028642435152431475}]}, {"source": 2, "prod": 21.0, "target": 23, "value": 0.082941094713207694, "supply": [{"l": "Sunflower seed", "v": 0.0065307948593076922}, {"l": "Rape and Mustardseed", "v": 0.076410299853900007}]}, {"source": 11, "prod": 42.0, "target": 23, "value": 0.011540449215001363, "supply": [{"l": "Vegetables, Other", "v": 0.0087531690794046841}, {"l": "Onions", "v": 0.0011171096469868424}, {"l": "Tomatoes", "v": 0.0016701704886098365}]}, {"source": 3, "prod": 10.0, "target": 23, "value": 0.0077053862394746275, "supply": [{"l": "Potatoes", "v": 0.0077053862394746275}]}, {"source": 4, "prod": 1.0, "target": 23, "value": 0.0040670818285508982, "supply": [{"l": "Peas", "v": 0.0040670818285508982}]}, {"source": 15, "prod": 25.0, "target": 23, "value": 0.01335803075304616, "supply": [{"l": "Bananas", "v": 0.0021162839646730208}, {"l": "Fruits, Other", "v": 0.0038679707685103375}, {"l": "Grapes", "v": 0.00062274083010513447}, {"l": "Oranges, Mandarines", "v": 0.00069109792665096202}, {"l": "Apples", "v": 0.0060599372631067053}]}, {"source": 6, "prod": 174.0, "target": 23, "value": 0.55794294948210221, "supply": [{"l": "Maize", "v": 0.19149444232575713}, {"l": "Wheat", "v": 0.25783555674799113}, {"l": "Oats", "v": 0.0030321547561071431}, {"l": "Rye", "v": 0.016397974048913883}, {"l": "Barley", "v": 0.069590437025409846}, {"l": "Cereals, Other", "v": 0.019592384577923075}]}, {"source": 19, "prod": 2.0, "target": 23, "value": 0.0032510485395047077, "supply": [{"l": "Eggs", "v": 0.0032510485395047077}]}, {"source": 24, "prod": 7.0, "target": 13, "value": 0.023524985312081553, "supply": [{"l": "Nuts", "v": 0.014296688228277201}, {"l": "Infant food", "v": 0.0092282970838043505}]}, {"source": 24, "prod": 303.0, "target": 1, "value": 0.25917155631147826, "supply": [{"l": "Freshwater Fish", "v": 0.00073189942388793099}, {"l": "Eggs", "v": 0.0032510485395047077}, {"l": "Marine Fish, Other", "v": 0.021544257477603388}, {"l": "Demersal Fish", "v": 0.00082161612746129039}, {"l": "Pigmeat", "v": 0.040463763643024266}, {"l": "Milk - Excluding Butter", "v": 0.049837837165230763}, {"l": "Pelagic Fish", "v": 0.056271151055197678}, {"l": "Fish, Seafood", "v": 0.067811419955811539}, {"l": "Poultry Meat", "v": 0.0061939865709660378}, {"l": "Offals, Edible", "v": 0.0038445433888754715}, {"l": "Bovine Meat", "v": 0.0084000329639151942}]}, {"source": 24, "prod": 153.0, "target": 6, "value": 0.51828151602175221, "supply": [{"l": "Maize", "v": 0.041780605598347009}, {"l": "Rye", "v": 0.0054659913496379608}, {"l": "Barley", "v": 0.03061979229118033}, {"l": "Rice", "v": 0.14150055528500002}, {"l": "Wheat", "v": 0.29285026198537262}, {"l": "Oats", "v": 0.0060643095122142861}]}, {"source": 24, "prod": 4.0, "target": 4, "value": 0.016402053755847482, "supply": [{"l": "Beans", "v": 0.0087827930866551732}, {"l": "Pulses, Other", "v": 0.0076192606691923084}]}, {"source": 24, "prod": 174.0, "target": 20, "value": 0.71553771006952838, "supply": [{"l": "Alcohol, Non-Food", "v": 0.0074351339678196118}, {"l": "Sugar", "v": 0.15144383754827026}, {"l": "Beer", "v": 0.02566975359033595}, {"l": "Beverages, Alcoholic", "v": 0.044601750371340412}, {"l": "Fats, Animals, Raw", "v": 0.02507020707766848}, {"l": "Soyabean Oil", "v": 0.080655316512450004}, {"l": "Palm Oil", "v": 0.040877938193444444}, {"l": "Sunflowerseed Oil", "v": 0.041041867220104271}, {"l": "Coconut Oil", "v": 0.010219484548361111}, {"l": "Rape and Mustard Oil", "v": 0.17563555683105364}, {"l": "Oilcrops Oil, Other", "v": 0.081755876386888887}, {"l": "Wine", "v": 0.0041306299821220064}, {"l": "Sweeteners, Other", "v": 0.024212317237655556}, {"l": "Beverages, Fermented", "v": 0.00051392453493341399}, {"l": "Cream", "v": 0.0022741160670803574}]}, {"source": 24, "prod": 5.0, "target": 10, "value": 0.014834735634717744, "supply": [{"l": "Treenuts", "v": 0.014834735634717744}]}, {"source": 24, "prod": 109.0, "target": 11, "value": 0.030516364717520113, "supply": [{"l": "Vegetables, Other", "v": 0.02287118372360579}, {"l": "Tomatoes", "v": 0.003549112288295902}, {"l": "Onions", "v": 0.0040960687056184218}]}, {"source": 24, "prod": 34.0, "target": 18, "value": 0.16187019425348081, "supply": [{"l": "Coffee", "v": 0.01012846079934737}, {"l": "Cocoa Beans", "v": 0.14685463034983784}, {"l": "Tea", "v": 0.0048871031042955907}]}, {"source": 24, "prod": 284.0, "target": 15, "value": 0.12696268159698446, "supply": [{"l": "Citrus, Other", "v": 0.001534343370560241}, {"l": "Grapefruit", "v": 0.0024334490399331213}, {"l": "Grapes", "v": 0.012454816602102691}, {"l": "Apples", "v": 0.018179811789320117}, {"l": "Lemons, Limes", "v": 0.0026167910908869861}, {"l": "Pineapples", "v": 0.0027684891251413047}, {"l": "Bananas", "v": 0.043031107281684751}, {"l": "Fruits, Other", "v": 0.017682152084618687}, {"l": "Oranges, Mandarines", "v": 0.026261721212736559}]}, {"source": 24, "prod": 25.0, "target": 2, "value": 0.12069221033578451, "supply": [{"l": "Sunflower seed", "v": 0.0065307948593076922}, {"l": "Coconuts - Incl Copra", "v": 0.002497068622676471}, {"l": "Oilcrops, Other", "v": 0.019592384577923075}, {"l": "Soyabeans", "v": 0.013061589718615384}, {"l": "Groundnuts", "v": 0.033164192644921875}, {"l": "Rape and Mustardseed", "v": 0.045846179912340003}]}, {"source": 24, "prod": 2.0, "target": 8, "value": 0.006367524987825, "supply": [{"l": "Pimento", "v": 0.0028300111056999999}, {"l": "Spices, Other", "v": 0.0035375138821250002}]}, {"source": 24, "prod": 46.0, "target": 3, "value": 0.035444776701583282, "supply": [{"l": "Potatoes", "v": 0.035444776701583282}]}, {"source": 0, "prod": 222.0, "target": 25, "value": 0.12717241207679575, "supply": [{"l": "Milk - Excluding Butter", "v": 0.12717241207679575}]}, {"source": 5, "prod": 2.0, "target": 25, "value": 0.0014800679828393436, "supply": [{"l": "Marine Fish, Other", "v": 0.00071814191592011291}, {"l": "Fish, Seafood", "v": 0.0007619260669192308}]}, {"source": 9, "prod": 8.0, "target": 25, "value": 0.011041684766409309, "supply": [{"l": "Meat, Other", "v": 0.0016539025942402599}, {"l": "Pigmeat", "v": 0.0018392619837738302}, {"l": "Bovine Meat", "v": 0.0060000235456537099}, {"l": "Poultry Meat", "v": 0.0015484966427415094}]}, {"source": 10, "prod": 1.0, "target": 25, "value": 0.0029669471269435487, "supply": [{"l": "Treenuts", "v": 0.0029669471269435487}]}, {"source": 11, "prod": 70.0, "target": 25, "value": 0.01875139536420958, "supply": [{"l": "Vegetables, Other", "v": 0.015247455815737191}, {"l": "Tomatoes", "v": 0.0031315696661434432}, {"l": "Onions", "v": 0.00037236988232894742}]}, {"source": 12, "prod": 49.0, "target": 25, "value": 0.030252692714784903, "supply": [{"l": "Beer", "v": 0.02281755874696529}, {"l": "Wine", "v": 0.0074351339678196118}]}, {"source": 13, "prod": 1.0, "target": 25, "value": 0.0028593376456554406, "supply": [{"l": "Nuts", "v": 0.0028593376456554406}]}, {"source": 3, "prod": 3.0, "target": 25, "value": 0.0023116158718423877, "supply": [{"l": "Potatoes", "v": 0.0023116158718423877}]}, {"source": 4, "prod": 24.0, "target": 25, "value": 0.097609963885221557, "supply": [{"l": "Peas", "v": 0.097609963885221557}]}, {"source": 14, "prod": 92.0, "target": 25, "value": 0.27943172719344145, "supply": [{"l": "Sugar", "v": 0.20995622932828378}, {"l": "Honey", "v": 0.0034419053988243241}, {"l": "Sweeteners, Other", "v": 0.066033592466333349}]}, {"source": 15, "prod": 28.0, "target": 25, "value": 0.014641760259036397, "supply": [{"l": "Citrus, Other", "v": 0.00051144779018674703}, {"l": "Grapes", "v": 0.0012454816602102689}, {"l": "Apples", "v": 0.0022036135502206205}, {"l": "Lemons, Limes", "v": 0.0002907545656541096}, {"l": "Bananas", "v": 0.0014108559764486805}, {"l": "Fruits, Other", "v": 0.0082885087896650087}, {"l": "Oranges, Mandarines", "v": 0.00069109792665096202}]}, {"source": 6, "prod": 646.0, "target": 25, "value": 2.085486549659179, "supply": [{"l": "Maize", "v": 1.1315580682885646}, {"l": "Barley", "v": 0.48434944169685246}, {"l": "Rice", "v": 0.008323562075588235}, {"l": "Wheat", "v": 0.45519116808595961}, {"l": "Oats", "v": 0.0030321547561071431}, {"l": "Millet", "v": 0.0030321547561071431}]}, {"source": 16, "prod": 36.0, "target": 25, "value": 0.37048060566251334, "supply": [{"l": "Palm Oil", "v": 0.010219484548361111}, {"l": "Sunflowerseed Oil", "v": 0.11286513485528675}, {"l": "Rape and Mustard Oil", "v": 0.19629856351705993}, {"l": "Oilcrops Oil, Other", "v": 0.040877938193444444}, {"l": "Cottonseed Oil", "v": 0.010219484548361111}]}, {"source": 17, "prod": 12.0, "target": 25, "value": 0.10024765469370599, "supply": [{"l": "Fats, Animals, Raw", "v": 0.09192409261811775}, {"l": "Butter, Ghee", "v": 0.008323562075588235}]}, {"source": 18, "prod": 8.0, "target": 25, "value": 0.056262070004641819, "supply": [{"l": "Coffee", "v": 0.0011915836234526317}, {"l": "Cocoa Beans", "v": 0.055070486381189186}]}, {"source": 19, "prod": 1.0, "target": 25, "value": 0.0016255242697523539, "supply": [{"l": "Eggs", "v": 0.0016255242697523539}]}, {"source": 2, "prod": 87.0, "target": 25, "value": 0.46247823796187426, "supply": [{"l": "Sunflower seed", "v": 0.30041656352815388}, {"l": "Oilcrops, Other", "v": 0.0065307948593076922}, {"l": "Soyabeans", "v": 0.0065307948593076922}, {"l": "Rape and Mustardseed", "v": 0.14900008471510504}]}, {"source": 12, "prod": 30.0, "target": 26, "value": 0.019670039337726659, "supply": [{"l": "Alcohol, Non-Food", "v": 0.0082612599642440127}, {"l": "Beer", "v": 0.011408779373482645}]}, {"source": 27, "prod": 79.0, "target": 2, "value": 0.31808236362258119, "supply": [{"l": "Sunflower seed", "v": 0.032653974296538463}, {"l": "Rape and Mustardseed", "v": 0.27889759446673507}, {"l": "Oilcrops, Other", "v": 0.0065307948593076922}]}, {"source": 4, "prod": 10.0, "target": 26, "value": 0.040670818285508989, "supply": [{"l": "Peas", "v": 0.040670818285508989}]}, {"source": 27, "prod": 48.0, "target": 3, "value": 0.036985853949478203, "supply": [{"l": "Potatoes", "v": 0.036985853949478203}]}, {"source": 6, "prod": 280.0, "target": 26, "value": 0.86809540227863313, "supply": [{"l": "Wheat", "v": 0.69392779470446997}, {"l": "Oats", "v": 0.024257238048857144}, {"l": "Rye", "v": 0.021863965398551843}, {"l": "Barley", "v": 0.12804640412675411}]}, {"source": 11, "prod": 1.0, "target": 26, "value": 0.0002823602928840221, "supply": [{"l": "Vegetables, Other", "v": 0.0002823602928840221}]}, {"source": 18, "prod": 6.0, "target": 26, "value": 0.055070486381189186, "supply": [{"l": "Cocoa Beans", "v": 0.055070486381189186}]}, {"source": 14, "prod": 2.0, "target": 26, "value": 0.004402239497755556, "supply": [{"l": "Sweeteners, Other", "v": 0.004402239497755556}]}, {"source": 27, "prod": 73.0, "target": 20, "value": 0.25617392440790754, "supply": [{"l": "Sugar", "v": 0.24781718871535138}, {"l": "Fats, Animals, Raw", "v": 0.0083567356925561605}]}, {"source": 27, "prod": 204.0, "target": 6, "value": 0.71027029517189899, "supply": [{"l": "Maize", "v": 0.71027029517189899}]}, {"source": 1, "prod": 1282.0, "target": 0, "value": 0.73439203730834313, "supply": [{"l": "Milk - Excluding Butter", "v": 0.73439203730834313}]}, {"source": 1, "prod": 89.0, "target": 19, "value": 0.1446716600079595, "supply": [{"l": "Eggs", "v": 0.14629718427771185}]}, {"source": 1, "prod": 381.0, "target": 9, "value": 0.6386666453025206, "supply": [{"l": "Pigmeat", "v": 0.45981549594345755}, {"l": "Bovine Meat", "v": 0.079200310802628973}, {"l": "Poultry Meat", "v": 0.068133852280626406}, {"l": "Offals, Edible", "v": 0.017941202481418866}, {"l": "Meat, Other", "v": 0.0082695129712012996}, {"l": "Mutton & Goat Meat", "v": 0.0053062708231875}]}, {"source": 1, "prod": 180.0, "target": 5, "value": 0.14841885577824995, "supply": [{"l": "Demersal Fish", "v": 0.00082161612746129039}, {"l": "Freshwater Fish", "v": 0.0021956982716637933}, {"l": "Pelagic Fish", "v": 0.055283937878790705}, {"l": "Marine Fish, Other", "v": 0.021544257477603388}, {"l": "Fish, Seafood", "v": 0.068573346022730783}]}, {"source": 20, "prod": 312.0, "target": 14, "value": 1.0242430584353275, "supply": [{"l": "Honey", "v": 0.010325716196472972}, {"l": "Sweeteners, Other", "v": 0.088044789955111141}, {"l": "Sugar", "v": 0.92587255228374321}]}, {"source": 20, "prod": 126.0, "target": 16, "value": 1.2951811379903102, "supply": [{"l": "Soyabean Oil", "v": 0.090737231076506247}, {"l": "Coconut Oil", "v": 0.010219484548361111}, {"l": "Cottonseed Oil", "v": 0.010219484548361111}, {"l": "Rape and Mustard Oil", "v": 0.72320523401022085}, {"l": "Maize Germ Oil", "v": 0.020214365040714291}, {"l": "Palm Oil", "v": 0.051097422741805551}, {"l": "Oilcrops Oil, Other", "v": 0.1021948454836111}, {"l": "Sunflowerseed Oil", "v": 0.28729307054072989}]}, {"source": 20, "prod": 92.0, "target": 17, "value": 0.67708278507851083, "supply": [{"l": "Fats, Animals, Raw", "v": 0.51811761293848191}, {"l": "Butter, Ghee", "v": 0.12485343113382354}, {"l": "Cream", "v": 0.034111741006205364}]}, {"source": 20, "prod": 600.0, "target": 12, "value": 0.47089602896573673, "supply": [{"l": "Beer", "v": 0.28122641155634726}, {"l": "Beverages, Alcoholic", "v": 0.13380525111402122}, {"l": "Alcohol, Non-Food", "v": 0.010739637953517216}, {"l": "Beverages, Fermented", "v": 0.00051392453493341399}, {"l": "Wine", "v": 0.044610803806917669}]}, {"source": 2, "prod": 285.5, "target": 28, "value": 0.75979779842468287, "supply": [{"l": "Sunflower seed", "v": 0.3835333326}, {"l": "Coconuts - Incl Copra", "v": 0.0034866666600000002}, {"l": "Oilcrops, Other", "v": 0.01568999997}, {"l": "Soyabeans", "v": 0.022663333289999997}, {"l": "Groundnuts", "v": 0.0087166666499999997}, {"l": "Rape and Mustardseed", "v": 0.56135333225999995}]}, {"source": 11, "prod": 553.5, "target": 28, "value": 1.9095143652982678, "supply": [{"l": "Tomatoes", "v": 0.28067666613000003}, {"l": "Vegetables, Other", "v": 1.4835766638299999}, {"l": "Onions", "v": 0.16561666635}]}, {"source": 21, "prod": 532.39999999999998, "target": 28, "value": 0.6187671099280001, "supply": [{"l": "Sugar beet", "v": 0.6187671099280001}]}, {"source": 3, "prod": 229.5, "target": 28, "value": 0.80018999847000016, "supply": [{"l": "Potatoes", "v": 0.80018999847000016}]}, {"source": 4, "prod": 77.0, "target": 28, "value": 0.26721067818418848, "supply": [{"l": "Peas", "v": 0.22488999956999997}, {"l": "Beans", "v": 0.010459999980000001}, {"l": "Pulses, Other", "v": 0.033123333269999999}]}, {"source": 6, "prod": 7328.0, "target": 28, "value": 26.453088211972844, "supply": [{"l": "Maize", "v": 5.9693933008890854}, {"l": "Rye", "v": 0.67641333204000009}, {"l": "Barley", "v": 6.1435066549200004}, {"l": "Rice", "v": 0.11854666644}, {"l": "Cereals, Other", "v": 0.29287999943999993}, {"l": "Wheat", "v": 12.796066642200001}, {"l": "Oats", "v": 0.33820666602000005}, {"l": "Millet", "v": 0.0069733333200000004}]}, {"source": 29, "prod": 0, "target": 2, "value": 0.0057394977160481388, "supply": "[{\"l\":'Energy for power irrigation',\"v\":0.0057394977160481388}]"}, {"source": 29, "prod": 0, "target": 10, "value": 0.00017792918862023319, "supply": "[{\"l\":'Energy for power irrigation',\"v\":0.00017792918862023319}]"}, {"source": 29, "prod": 0, "target": 11, "value": 0.010942645100144342, "supply": "[{\"l\":'Energy for power irrigation',\"v\":0.010942645100144342}]"}, {"source": 29, "prod": 0, "target": 21, "value": 0.026313750005947819, "supply": "[{\"l\":'Energy for power irrigation',\"v\":0.026313750005947819}]"}, {"source": 29, "prod": 0, "target": 3, "value": 0.0090743886196318936, "supply": "[{\"l\":'Energy for power irrigation',\"v\":0.0090743886196318936}]"}, {"source": 29, "prod": 0, "target": 4, "value": 0.0015222830581953283, "supply": "[{\"l\":'Energy for power irrigation',\"v\":0.0015222830581953283}]"}, {"source": 29, "prod": 0, "target": 13, "value": 0.00019769909846692579, "supply": "[{\"l\":'Energy for power irrigation',\"v\":0.00019769909846692579}]"}, {"source": 29, "prod": 0, "target": 6, "value": 0.072436949678281612, "supply": "[{\"l\":'Energy for power irrigation',\"v\":0.072436949678281612}]"}, {"source": 29, "prod": 0, "target": 15, "value": 0.0086987603325447346, "supply": "[{\"l\":'Energy for power irrigation',\"v\":0.0086987603325447346}]"}, {"source": 29, "prod": 0, "target": 20, "value": 0.84400000067519998, "supply": "[{\"l\":'Electricity',\"v\":0.84400000067519998}]"}, {"source": 30, "prod": 0, "target": 29, "value": 0.93251643262452832, "supply": [{"l": "Coal", "v": 0.63244814745628675}, {"l": "Natural gas", "v": 0.17670381692340389}, {"l": "Oil", "v": 0.12336446824483766}]}, {"source": 31, "prod": 0, "target": 29, "value": 0.59639655250147339, "supply": [{"l": "Nuclear", "v": 0.43390219776526318}, {"l": "Hydroelectric", "v": 0.16249435473621016}, {"l": "Renewable", "v": 0.0}]}, {"source": 30, "prod": 0, "target": 2, "value": 0.081925714378711031, "supply": [{"l": "Motor Gasoline", "v": 0.0046925328012286062}, {"l": "Gas-Diesel oil", "v": 0.043523918482426358}, {"l": "Natural gas (including LNG)", "v": 0.031766104917271158}, {"l": "Fuel oil", "v": 0.00047549115919146153}, {"l": "Liquefied petroleum gas (LPG)", "v": 0.00055670128291475569}, {"l": "Coal", "v": 0.00091096573567869116}]}, {"source": 30, "prod": 0, "target": 10, "value": 0.0025397650818430543, "supply": [{"l": "Motor Gasoline", "v": 0.00014547240807533986}, {"l": "Gas-Diesel oil", "v": 0.0013492775647419284}, {"l": "Natural gas (including LNG)", "v": 0.00098477559416940618}, {"l": "Fuel oil", "v": 1.474062023136125e-05}, {"l": "Liquefied petroleum gas (LPG)", "v": 1.725820140948978e-05}, {"l": "Coal", "v": 2.8240693215528733e-05}]}, {"source": 30, "prod": 0, "target": 11, "value": 0.15619555253334785, "supply": [{"l": "Motor Gasoline", "v": 0.0089465530966334021}, {"l": "Gas-Diesel oil", "v": 0.082980570231628595}, {"l": "Natural gas (including LNG)", "v": 0.060563699041418492}, {"l": "Fuel oil", "v": 0.00090654814422871694}, {"l": "Liquefied petroleum gas (LPG)", "v": 0.0010613793866836214}, {"l": "Coal", "v": 0.0017368026327550172}]}, {"source": 30, "prod": 0, "target": 21, "value": 0.37560303599256722, "supply": [{"l": "Motor Gasoline", "v": 0.021513752794253039}, {"l": "Gas-Diesel oil", "v": 0.19954315985238963}, {"l": "Natural gas (including LNG)", "v": 0.14563736842660885}, {"l": "Fuel oil", "v": 0.0021799739475490913}, {"l": "Liquefied petroleum gas (LPG)", "v": 0.0025522962306700992}, {"l": "Coal", "v": 0.0041764847410965264}]}, {"source": 30, "prod": 0, "target": 3, "value": 0.12952801917399578, "supply": [{"l": "Motor Gasoline", "v": 0.0074190928118423333}, {"l": "Gas-Diesel oil", "v": 0.068813155801838347}, {"l": "Natural gas (including LNG)", "v": 0.050223555302639722}, {"l": "Fuel oil", "v": 0.0007517716317994238}, {"l": "Liquefied petroleum gas (LPG)", "v": 0.00088016827188397884}, {"l": "Coal", "v": 0.0014402753539919655}]}, {"source": 30, "prod": 0, "target": 4, "value": 0.021729101255768352, "supply": [{"l": "Motor Gasoline", "v": 0.0012445972690890187}, {"l": "Gas-Diesel oil", "v": 0.011543819165014275}, {"l": "Natural gas (including LNG)", "v": 0.0084253023056715861}, {"l": "Fuel oil", "v": 0.00012611419531275735}, {"l": "Liquefied petroleum gas (LPG)", "v": 0.00014765350094785698}, {"l": "Coal", "v": 0.00024161481973285692}]}, {"source": 30, "prod": 0, "target": 13, "value": 0.0028219612020478381, "supply": [{"l": "Motor Gasoline", "v": 0.00016163600897259984}, {"l": "Gas-Diesel oil", "v": 0.0014991972941576983}, {"l": "Natural gas (including LNG)", "v": 0.0010941951046326737}, {"l": "Fuel oil", "v": 1.6378466923734721e-05}, {"l": "Liquefied petroleum gas (LPG)", "v": 1.9175779343877534e-05}, {"l": "Coal", "v": 3.1378548017254152e-05}]}, {"source": 30, "prod": 0, "target": 6, "value": 1.0339665844303279, "supply": [{"l": "Motor Gasoline", "v": 0.059223433687560584}, {"l": "Gas-Diesel oil", "v": 0.54930588857938067}, {"l": "Natural gas (including LNG)", "v": 0.40091308633741163}, {"l": "Fuel oil", "v": 0.0060010702808564022}, {"l": "Liquefied petroleum gas (LPG)", "v": 0.0070260055515967285}, {"l": "Coal", "v": 0.011497099993521919}]}, {"source": 30, "prod": 0, "target": 15, "value": 0.12416629289010486, "supply": [{"l": "Motor Gasoline", "v": 0.0071119843947943925}, {"l": "Gas-Diesel oil", "v": 0.065964680942938725}, {"l": "Natural gas (including LNG)", "v": 0.048144584603837637}, {"l": "Fuel oil", "v": 0.0007206525446443277}, {"l": "Liquefied petroleum gas (LPG)", "v": 0.00084373429113061144}, {"l": "Coal", "v": 0.0013806561127591825}]}, {"source": 32, "prod": 5.1020013027097439, "target": 2, "value": 0.069890994299950729, "supply": [{"l": "Potash", "v": 0.043842500035074006}, {"l": "Phosphate", "v": 0.086270833402349992}, {"l": "Nitrogen", "v": 1.5194068623266361}]}, {"source": 32, "prod": 0.15816627116903334, "target": 10, "value": 0.0021666787797267372, "supply": [{"l": "Potash", "v": 0.043842500035074006}, {"l": "Phosphate", "v": 0.086270833402349992}, {"l": "Nitrogen", "v": 1.5194068623266361}]}, {"source": 32, "prod": 9.7272256768955501, "target": 11, "value": 0.13325074495319433, "supply": [{"l": "Potash", "v": 0.043842500035074006}, {"l": "Phosphate", "v": 0.086270833402349992}, {"l": "Nitrogen", "v": 1.5194068623266361}]}, {"source": 32, "prod": 23.391034102887041, "target": 21, "value": 0.32042771731292075, "supply": [{"l": "Potash", "v": 0.043842500035074006}, {"l": "Phosphate", "v": 0.086270833402349992}, {"l": "Nitrogen", "v": 1.5194068623266361}]}, {"source": 32, "prod": 8.0664798296207003, "target": 3, "value": 0.1105006177660636, "supply": [{"l": "Potash", "v": 0.043842500035074006}, {"l": "Phosphate", "v": 0.086270833402349992}, {"l": "Nitrogen", "v": 1.5194068623266361}]}, {"source": 32, "prod": 1.3532003200017295, "target": 4, "value": 0.018537140670995416, "supply": [{"l": "Potash", "v": 0.043842500035074006}, {"l": "Phosphate", "v": 0.086270833402349992}, {"l": "Nitrogen", "v": 1.5194068623266361}]}, {"source": 32, "prod": 0.17574030129892593, "target": 13, "value": 0.0024074208663630412, "supply": [{"l": "Potash", "v": 0.043842500035074006}, {"l": "Phosphate", "v": 0.086270833402349992}, {"l": "Nitrogen", "v": 1.5194068623266361}]}, {"source": 32, "prod": 64.391246395926458, "target": 6, "value": 0.88207900543541828, "supply": [{"l": "Potash", "v": 0.043842500035074006}, {"l": "Phosphate", "v": 0.086270833402349992}, {"l": "Nitrogen", "v": 1.5194068623266361}]}, {"source": 32, "prod": 7.7325732571527404, "target": 15, "value": 0.10592651811997381, "supply": [{"l": "Potash", "v": 0.043842500035074006}, {"l": "Phosphate", "v": 0.086270833402349992}, {"l": "Nitrogen", "v": 1.5194068623266361}]}, {"source": 30, "prod": 0, "target": 32, "value": 1.9854126899609987, "supply": [{"l": "Natural gas (including LNG)", "v": 1.3393618079283449}, {"l": "Fuel oil", "v": 0.3774635282930664}, {"l": "Liquefied petroleum gas (LPG)", "v": 0.13429367686979365}, {"l": "Coal", "v": 0.13429367686979365}]}, {"source": 33, "prod": 0, "target": 3, "value": 0.013270811510568086, "supply": "[{\"l\":'Labor',\"v\":0.013270811510568086}]"}, {"source": 33, "prod": 0, "target": 2, "value": 0.0083937106451696872, "supply": "[{\"l\":'Labor',\"v\":0.0083937106451696872}]"}, {"source": 33, "prod": 0, "target": 10, "value": 0.00026021199040329583, "supply": "[{\"l\":'Labor',\"v\":0.00026021199040329583}]"}, {"source": 33, "prod": 0, "target": 11, "value": 0.016003037409802693, "supply": "[{\"l\":'Labor',\"v\":0.016003037409802693}]"}, {"source": 33, "prod": 0, "target": 13, "value": 0.00028912443378143978, "supply": "[{\"l\":'Labor',\"v\":0.00028912443378143978}]"}, {"source": 33, "prod": 0, "target": 21, "value": 0.038482462136309632, "supply": "[{\"l\":'Labor',\"v\":0.038482462136309632}]"}, {"source": 33, "prod": 0, "target": 4, "value": 0.0022262581401170864, "supply": "[{\"l\":'Labor',\"v\":0.0022262581401170864}]"}, {"source": 33, "prod": 0, "target": 6, "value": 0.10593519253751954, "supply": "[{\"l\":'Labor',\"v\":0.10593519253751954}]"}, {"source": 33, "prod": 0, "target": 8, "value": 2.891244337814398e-05, "supply": "[{\"l\":'Labor',\"v\":2.891244337814398e-05}]"}, {"source": 33, "prod": 0, "target": 18, "value": 0.00049151153742844759, "supply": "[{\"l\":'Labor',\"v\":0.00049151153742844759}]"}, {"source": 33, "prod": 0, "target": 15, "value": 0.01272147508638335, "supply": "[{\"l\":'Labor',\"v\":0.01272147508638335}]"}, {"source": 30, "prod": 0, "target": 24, "value": 4.9796198490400165, "supply": "[{\"l\":'Fossil Fuels',\"v\":4.9796198490400165}]"}, {"source": 31, "prod": 0, "target": 24, "value": 1.325374563367389, "supply": "[{\"l\":'Renewables & Nuclear',\"v\":1.2059932976517993},{\"l\":'Biomass & Waste',\"v\":0.11938126571558975}]"}]}