{"nodes": [{"layer": 5, "name": "Cereals", "fill": "#e7ba52"}, {"layer": 10, "name": "Feed", "fill": "#dbdb8d"}, {"layer": 5, "name": "Oilcrops", "fill": "#ff9896"}, {"layer": 13, "name": "Other Processed", "fill": "#9c9ede"}, {"layer": 16, "name": "Food", "fill": "#b5cf6b"}, {"layer": 13, "name": "Animal Products", "fill": "#17becf"}, {"layer": 13, "name": "Sugar", "fill": "#d6616b"}, {"layer": 5, "name": "Starchy Roots"}, {"layer": 5, "name": "Fruits & Vegetables"}, {"layer": 5, "name": "Others"}, {"layer": 13, "name": "Aquatic Products", "fill": "#1f77b4"}, {"layer": 13, "name": "Vegetable Oils", "fill": "#f7b6d2"}, {"layer": 5, "name": "Sugar Crops", "fill": "#ffbb78"}, {"layer": 10, "name": "Processing", "fill": "#9edae5"}, {"layer": 16, "name": "Biofuels & Other", "fill": "#e7ba52"}, {"name": "Waste", "fill": "#c7c7c7"}, {"layer": 0, "name": "Import", "fill": "#aec7e8"}, {"layer": 16, "name": "Export", "fill": "#aec7e8"}, {"layer": 16, "name": "Stock Deposit", "fill": "#c7c7c7"}, {"layer": 0, "name": "Stock Draw", "fill": "#c7c7c7"}, {"layer": 0, "name": "Production", "fill": "#b5cf6b"}], "links": [{"source": 0, "prod": 0.37292683090091933, "target": 1, "value": 98.0, "supply": [{"l": "Maize", "v": 96.0}, {"l": "Rice", "v": 1.0}, {"l": "Oats", "v": 1.0}]}, {"source": 2, "prod": 0.0121612114390752, "target": 1, "value": 3.0, "supply": [{"l": "Oilcrops, Other", "v": 3.0}]}, {"source": 3, "prod": 0.094219300241041207, "target": 4, "value": 48.0, "supply": [{"l": "Beer", "v": 33.0}, {"l": "Beverages, Alcoholic", "v": 8.0}, {"l": "Butter, Ghee", "v": 3.0}, {"l": "Fats, Animals, Raw", "v": 3.0}, {"l": "Wine", "v": 1.0}]}, {"source": 5, "prod": 0.25499206931714097, "target": 4, "value": 257.0, "supply": [{"l": "Eggs", "v": 8.0}, {"l": "Mutton & Goat Meat", "v": 3.0}, {"l": "Pigmeat", "v": 7.0}, {"l": "Milk - Excluding Butter", "v": 191.0}, {"l": "Meat, Other", "v": 2.0}, {"l": "Bovine Meat", "v": 15.0}, {"l": "Poultry Meat", "v": 28.0}, {"l": "Offals, Edible", "v": 3.0}]}, {"source": 0, "prod": 0.51364353256932915, "target": 4, "value": 146.0, "supply": [{"l": "Maize", "v": 3.0}, {"l": "Barley", "v": 1.0}, {"l": "Rice", "v": 43.0}, {"l": "Wheat", "v": 99.0}]}, {"source": 2, "prod": 0.019328567278254563, "target": 4, "value": 9.0, "supply": [{"l": "Coconuts - Incl Copra", "v": 8.0}, {"l": "Groundnuts", "v": 1.0}]}, {"source": 6, "prod": 0.24941213672382162, "target": 4, "value": 61.0, "supply": [{"l": "Sugar", "v": 59.0}, {"l": "Sweeteners, Other", "v": 2.0}]}, {"source": 7, "prod": 0.04563147322478868, "target": 4, "value": 49.0, "supply": [{"l": "Roots, Other", "v": 21.0}, {"l": "Yams", "v": 3.0}, {"l": "Potatoes", "v": 22.0}, {"l": "Sweet potatoes", "v": 1.0}, {"l": "Cassava", "v": 2.0}]}, {"source": 8, "prod": 0.11299566987964832, "target": 4, "value": 164.0, "supply": [{"l": "Plantains", "v": 5.0}, {"l": "Citrus, Other", "v": 4.0}, {"l": "Tomatoes", "v": 7.0}, {"l": "Treenuts", "v": 2.0}, {"l": "Vegetables, Other", "v": 34.0}, {"l": "Peas", "v": 6.0}, {"l": "Grapes", "v": 4.0}, {"l": "Beans", "v": 1.0}, {"l": "Apples", "v": 3.0}, {"l": "Lemons, Limes", "v": 1.0}, {"l": "Pineapples", "v": 3.0}, {"l": "Bananas", "v": 5.0}, {"l": "Fruits, Other", "v": 37.0}, {"l": "Grapefruit", "v": 6.0}, {"l": "Oranges, Mandarines", "v": 41.0}, {"l": "Pulses, Other", "v": 5.0}]}, {"source": 9, "prod": 0.019532832841179588, "target": 4, "value": 7.0, "supply": [{"l": "Infant food", "v": 2.0}, {"l": "Nuts", "v": 2.0}, {"l": "Coffee", "v": 1.0}, {"l": "Cocoa Beans", "v": 1.0}, {"l": "Spices, Other", "v": 1.0}]}, {"source": 10, "prod": 0.03000065099831719, "target": 4, "value": 36.0, "supply": [{"l": "Crustaceans", "v": 1.0}, {"l": "Marine Fish, Other", "v": 1.0}, {"l": "Demersal Fish", "v": 9.0}, {"l": "Pelagic Fish", "v": 7.0}, {"l": "Fish, Seafood", "v": 18.0}]}, {"source": 11, "prod": 0.14685503562222885, "target": 4, "value": 14.0, "supply": [{"l": "Groundnut Oil", "v": 1.0}, {"l": "Soyabean Oil", "v": 2.0}, {"l": "Coconut Oil", "v": 4.0}, {"l": "Maize Germ Oil", "v": 7.0}]}, {"source": 12, "prod": 0.3009169066826976, "target": 13, "value": 879.0, "supply": [{"l": "Sugar cane", "v": 879.0}]}, {"source": 0, "prod": 0.017873754351789475, "target": 13, "value": 8.0, "supply": [{"l": "Barley", "v": 8.0}]}, {"source": 2, "prod": 0.07703704548959163, "target": 13, "value": 45.0, "supply": [{"l": "Coconuts - Incl Copra", "v": 44.0}, {"l": "Groundnuts", "v": 1.0}]}, {"source": 3, "prod": 0.016909609926174275, "target": 14, "value": 2.0, "supply": [{"l": "Fats, Animals, Raw", "v": 2.0}]}, {"source": 11, "prod": 0.073962372627459277, "target": 14, "value": 7.0, "supply": [{"l": "Coconut Oil", "v": 3.0}, {"l": "Soyabean Oil", "v": 4.0}]}, {"source": 5, "prod": 0.00068600620253773752, "target": 14, "value": 1.0, "supply": [{"l": "Milk - Excluding Butter", "v": 1.0}]}, {"source": 5, "prod": 0.0030531240144481327, "target": 5, "value": 2.0, "supply": [{"l": "Eggs", "v": 2.0}]}, {"source": 7, "prod": 0.0036438615638800268, "target": 15, "value": 4.0, "supply": [{"l": "Roots, Other", "v": 2.0}, {"l": "Potatoes", "v": 2.0}]}, {"source": 8, "prod": 0.0025454648105694578, "target": 15, "value": 4.0, "supply": [{"l": "Bananas", "v": 1.0}, {"l": "Plantains", "v": 1.0}, {"l": "Vegetables, Other", "v": 2.0}]}, {"source": 5, "prod": 0.0022125682097618041, "target": 15, "value": 2.0, "supply": [{"l": "Milk - Excluding Butter", "v": 1.0}, {"l": "Eggs", "v": 1.0}]}, {"source": 0, "prod": 0.043152148229759477, "target": 15, "value": 12.0, "supply": [{"l": "Maize", "v": 6.0}, {"l": "Wheat", "v": 5.0}, {"l": "Rice", "v": 1.0}]}, {"source": 16, "prod": 0.01890856568551047, "target": 9, "value": 6.0, "supply": [{"l": "Infant food", "v": 2.0}, {"l": "Nuts", "v": 2.0}, {"l": "Cocoa Beans", "v": 1.0}, {"l": "Spices, Other", "v": 1.0}]}, {"source": 16, "prod": 0.20496533363038688, "target": 1, "value": 240.0, "supply": [{"l": "Eggs", "v": 3.0}, {"l": "Marine Fish, Other", "v": 1.0}, {"l": "Mutton & Goat Meat", "v": 3.0}, {"l": "Pigmeat", "v": 2.0}, {"l": "Milk - Excluding Butter", "v": 184.0}, {"l": "Fish, Seafood", "v": 15.0}, {"l": "Meat, Other", "v": 2.0}, {"l": "Pelagic Fish", "v": 6.0}, {"l": "Bovine Meat", "v": 13.0}, {"l": "Poultry Meat", "v": 1.0}, {"l": "Offals, Edible", "v": 2.0}, {"l": "Demersal Fish", "v": 8.0}]}, {"source": 16, "prod": 0.57690130000069639, "target": 13, "value": 103.0, "supply": [{"l": "Sugar", "v": 69.0}, {"l": "Maize Germ Oil", "v": 8.0}, {"l": "Beer", "v": 1.0}, {"l": "Beverages, Alcoholic", "v": 2.0}, {"l": "Butter, Ghee", "v": 4.0}, {"l": "Fats, Animals, Raw", "v": 4.0}, {"l": "Soyabean Oil", "v": 8.0}, {"l": "Coconut Oil", "v": 4.0}, {"l": "Wine", "v": 1.0}, {"l": "Sweeteners, Other", "v": 2.0}]}, {"source": 16, "prod": 1.0291222081307114, "target": 0, "value": 286.0, "supply": [{"l": "Maize", "v": 123.0}, {"l": "Barley", "v": 8.0}, {"l": "Rice", "v": 45.0}, {"l": "Cereals, Other", "v": 1.0}, {"l": "Wheat", "v": 108.0}, {"l": "Oats", "v": 1.0}]}, {"source": 16, "prod": 0.071365162109057578, "target": 8, "value": 99.0, "supply": [{"l": "Plantains", "v": 2.0}, {"l": "Grapefruit", "v": 7.0}, {"l": "Tomatoes", "v": 4.0}, {"l": "Treenuts", "v": 2.0}, {"l": "Vegetables, Other", "v": 21.0}, {"l": "Peas", "v": 6.0}, {"l": "Grapes", "v": 4.0}, {"l": "Beans", "v": 1.0}, {"l": "Apples", "v": 3.0}, {"l": "Fruits, Other", "v": 12.0}, {"l": "Oranges, Mandarines", "v": 35.0}, {"l": "Pulses, Other", "v": 2.0}]}, {"source": 16, "prod": 0.031674594466280848, "target": 2, "value": 6.0, "supply": [{"l": "Groundnuts", "v": 3.0}, {"l": "Oilcrops, Other", "v": 3.0}]}, {"source": 16, "prod": 0.039486689390419917, "target": 7, "value": 44.0, "supply": [{"l": "Roots, Other", "v": 14.0}, {"l": "Yams", "v": 3.0}, {"l": "Potatoes", "v": 25.0}, {"l": "Sweet potatoes", "v": 1.0}, {"l": "Cassava", "v": 1.0}]}, {"source": 3, "prod": 0.014028626785836365, "target": 17, "value": 5.0, "supply": [{"l": "Beer", "v": 1.0}, {"l": "Beverages, Alcoholic", "v": 4.0}]}, {"source": 5, "prod": 0.001372012405075475, "target": 17, "value": 2.0, "supply": [{"l": "Milk - Excluding Butter", "v": 2.0}]}, {"source": 0, "prod": 0.007025290297165197, "target": 17, "value": 2.0, "supply": [{"l": "Maize", "v": 1.0}, {"l": "Wheat", "v": 1.0}]}, {"source": 6, "prod": 0.26400944889474742, "target": 17, "value": 64.0, "supply": [{"l": "Sugar", "v": 64.0}]}, {"source": 8, "prod": 0.00066082673747152351, "target": 17, "value": 3.0, "supply": [{"l": "Grapefruit", "v": 2.0}, {"l": "Oranges, Mandarines", "v": 1.0}]}, {"source": 9, "prod": 0.0048514476097714296, "target": 17, "value": 2.0, "supply": [{"l": "Cocoa Beans", "v": 2.0}]}, {"source": 11, "prod": 0.020554817504557895, "target": 18, "value": 2.0, "supply": [{"l": "Soyabean Oil", "v": 2.0}]}, {"source": 3, "prod": 0.0099137277412266311, "target": 18, "value": 3.0, "supply": [{"l": "Beer", "v": 2.0}, {"l": "Butter, Ghee", "v": 1.0}]}, {"source": 0, "prod": 0.098453618719439556, "target": 18, "value": 26.0, "supply": [{"l": "Maize", "v": 20.0}, {"l": "Wheat", "v": 3.0}, {"l": "Rice", "v": 3.0}]}, {"source": 19, "prod": 0.0057335853587950226, "target": 1, "value": 2.0, "supply": [{"l": "Bovine Meat", "v": 1.0}, {"l": "Pigmeat", "v": 1.0}]}, {"source": 19, "prod": 0.0068068780239139946, "target": 13, "value": 2.0, "supply": [{"l": "Beverages, Alcoholic", "v": 2.0}]}, {"source": 6, "prod": 0.045376624028784708, "target": 18, "value": 11.0, "supply": [{"l": "Sugar", "v": 11.0}]}, {"source": 20, "prod": 0.024077090231800463, "target": 0, "value": 6.0, "supply": [{"l": "Maize", "v": 3.0}, {"l": "Rice", "v": 3.0}]}, {"source": 20, "prod": 0.083356690749709084, "target": 2, "value": 52.0, "supply": [{"l": "Coconuts - Incl Copra", "v": 52.0}]}, {"source": 20, "prod": 0.3009169066826976, "target": 12, "value": 879.0, "supply": [{"l": "Sugar cane", "v": 879.0}]}, {"source": 20, "prod": 0.011665538959150399, "target": 7, "value": 11.0, "supply": [{"l": "Roots, Other", "v": 9.0}, {"l": "Cassava", "v": 2.0}]}, {"source": 20, "prod": 0.043920504403515241, "target": 8, "value": 72.0, "supply": [{"l": "Plantains", "v": 3.0}, {"l": "Fruits, Other", "v": 26.0}, {"l": "Citrus, Other", "v": 3.0}, {"l": "Pulses, Other", "v": 3.0}, {"l": "Tomatoes", "v": 4.0}, {"l": "Pineapples", "v": 3.0}, {"l": "Bananas", "v": 5.0}, {"l": "Vegetables, Other", "v": 15.0}, {"l": "Grapefruit", "v": 2.0}, {"l": "Oranges, Mandarines", "v": 7.0}, {"l": "Lemons, Limes", "v": 1.0}]}, {"source": 20, "prod": 0.0054757147654405473, "target": 9, "value": 3.0, "supply": [{"l": "Cocoa Beans", "v": 2.0}, {"l": "Coffee", "v": 1.0}]}, {"source": 1, "prod": 0.03000065099831719, "target": 10, "value": 36.0, "supply": [{"l": "Crustaceans", "v": 1.0}, {"l": "Demersal Fish", "v": 9.0}, {"l": "Pelagic Fish", "v": 7.0}, {"l": "Marine Fish, Other", "v": 1.0}, {"l": "Fish, Seafood", "v": 18.0}]}, {"source": 1, "prod": 0.25926265613451593, "target": 5, "value": 262.0, "supply": [{"l": "Poultry Meat", "v": 28.0}, {"l": "Pigmeat", "v": 7.0}, {"l": "Bovine Meat", "v": 15.0}, {"l": "Eggs", "v": 11.0}, {"l": "Milk - Excluding Butter", "v": 195.0}, {"l": "Offals, Edible", "v": 3.0}, {"l": "Meat, Other", "v": 2.0}, {"l": "Mutton & Goat Meat", "v": 3.0}]}, {"source": 13, "prod": 0.13507126469427846, "target": 3, "value": 58.0, "supply": [{"l": "Fats, Animals, Raw", "v": 5.0}, {"l": "Beer", "v": 36.0}, {"l": "Beverages, Alcoholic", "v": 12.0}, {"l": "Butter, Ghee", "v": 4.0}, {"l": "Wine", "v": 1.0}]}, {"source": 13, "prod": 0.24137222575424602, "target": 11, "value": 23.0, "supply": [{"l": "Maize Germ Oil", "v": 7.0}, {"l": "Coconut Oil", "v": 7.0}, {"l": "Groundnut Oil", "v": 1.0}, {"l": "Soyabean Oil", "v": 8.0}]}, {"source": 13, "prod": 0.55879820964735383, "target": 6, "value": 136.0, "supply": [{"l": "Sweeteners, Other", "v": 2.0}, {"l": "Sugar", "v": 134.0}]}]}