{"nodes": [{"layer": 13, "name": "Aquatic Products", "fill": "#1f77b4"}, {"layer": 10, "name": "Feed", "fill": "#dbdb8d"}, {"layer": 5, "name": "Cereals", "fill": "#e7ba52"}, {"layer": 13, "name": "Other Processed", "fill": "#9c9ede"}, {"layer": 16, "name": "Food", "fill": "#b5cf6b"}, {"layer": 13, "name": "Animal Products", "fill": "#17becf"}, {"layer": 5, "name": "Oilcrops", "fill": "#ff9896"}, {"layer": 13, "name": "Sugar", "fill": "#d6616b"}, {"layer": 5, "name": "Starchy Roots"}, {"layer": 5, "name": "Fruits & Vegetables"}, {"layer": 5, "name": "Others"}, {"layer": 13, "name": "Vegetable Oils", "fill": "#f7b6d2"}, {"layer": 5, "name": "Sugar Crops", "fill": "#ffbb78"}, {"layer": 10, "name": "Processing", "fill": "#9edae5"}, {"layer": 16, "name": "Biofuels & Other", "fill": "#e7ba52"}, {"name": "Waste", "fill": "#c7c7c7"}, {"layer": 0, "name": "Import", "fill": "#aec7e8"}, {"layer": 16, "name": "Export", "fill": "#aec7e8"}, {"layer": 0, "name": "Stock Draw", "fill": "#c7c7c7"}, {"layer": 16, "name": "Stock Deposit", "fill": "#c7c7c7"}, {"layer": 0, "name": "Production", "fill": "#b5cf6b"}], "links": [{"source": 0, "prod": 0.0038517195097327577, "target": 1, "value": 4.0, "supply": [{"l": "Pelagic Fish", "v": 2.0}, {"l": "Fish, Seafood", "v": 2.0}]}, {"source": 2, "prod": 0.052977460325602584, "target": 1, "value": 14.0, "supply": [{"l": "Maize", "v": 13.0}, {"l": "Oats", "v": 1.0}]}, {"source": 3, "prod": 0.043232730122477893, "target": 4, "value": 17.0, "supply": [{"l": "Beer", "v": 10.0}, {"l": "Beverages, Alcoholic", "v": 4.0}, {"l": "Fats, Animals, Raw", "v": 1.0}, {"l": "Butter, Ghee", "v": 2.0}]}, {"source": 5, "prod": 0.1114019406543607, "target": 4, "value": 112.0, "supply": [{"l": "Pigmeat", "v": 7.0}, {"l": "Milk - Excluding Butter", "v": 85.0}, {"l": "Meat, Other", "v": 1.0}, {"l": "Mutton & Goat Meat", "v": 1.0}, {"l": "Bovine Meat", "v": 6.0}, {"l": "Poultry Meat", "v": 10.0}, {"l": "Offals, Edible", "v": 1.0}, {"l": "Eggs", "v": 1.0}]}, {"source": 2, "prod": 0.4105511193114183, "target": 4, "value": 118.0, "supply": [{"l": "Maize", "v": 3.0}, {"l": "Rice", "v": 33.0}, {"l": "Cereals, Other", "v": 1.0}, {"l": "Wheat", "v": 81.0}]}, {"source": 6, "prod": 0.015676079873751997, "target": 4, "value": 7.0, "supply": [{"l": "Coconuts - Incl Copra", "v": 6.0}, {"l": "Groundnuts", "v": 1.0}]}, {"source": 7, "prod": 0.11461544978085002, "target": 4, "value": 36.0, "supply": [{"l": "Sugar", "v": 36.0}]}, {"source": 8, "prod": 0.022233966287603803, "target": 4, "value": 24.0, "supply": [{"l": "Potatoes", "v": 10.0}, {"l": "Yams", "v": 3.0}, {"l": "Roots, Other", "v": 6.0}, {"l": "Sweet potatoes", "v": 2.0}, {"l": "Cassava", "v": 3.0}]}, {"source": 9, "prod": 0.062095369365800727, "target": 4, "value": 64.0, "supply": [{"l": "Vegetables, Other", "v": 13.0}, {"l": "Pineapples", "v": 2.0}, {"l": "Fruits, Other", "v": 23.0}, {"l": "Citrus, Other", "v": 2.0}, {"l": "Grapefruit", "v": 1.0}, {"l": "Pulses, Other", "v": 9.0}, {"l": "Tomatoes", "v": 3.0}, {"l": "Lemons, Limes", "v": 2.0}, {"l": "Bananas", "v": 4.0}, {"l": "Apples", "v": 1.0}, {"l": "Oranges, Mandarines", "v": 1.0}, {"l": "Plantains", "v": 3.0}]}, {"source": 10, "prod": 0.0037733481409333329, "target": 4, "value": 2.0, "supply": [{"l": "Cocoa Beans", "v": 2.0}]}, {"source": 0, "prod": 0.019201878856649431, "target": 4, "value": 24.0, "supply": [{"l": "Pelagic Fish", "v": 2.0}, {"l": "Fish, Seafood", "v": 12.0}, {"l": "Demersal Fish", "v": 9.0}, {"l": "Marine Fish, Other", "v": 1.0}]}, {"source": 11, "prod": 0.063577137012489973, "target": 4, "value": 6.0, "supply": [{"l": "Coconut Oil", "v": 6.0}]}, {"source": 12, "prod": 0.85146931649090052, "target": 13, "value": 2417.0, "supply": [{"l": "Sugar cane", "v": 2417.0}]}, {"source": 2, "prod": 0.0057937235234803153, "target": 13, "value": 2.0, "supply": [{"l": "Barley", "v": 2.0}]}, {"source": 6, "prod": 0.1900271166818987, "target": 13, "value": 119.0, "supply": [{"l": "Coconuts - Incl Copra", "v": 118.0}, {"l": "Groundnuts", "v": 1.0}]}, {"source": 3, "prod": 0.017083603625871951, "target": 14, "value": 2.0, "supply": [{"l": "Fats, Animals, Raw", "v": 2.0}]}, {"source": 11, "prod": 0.063273179506802085, "target": 14, "value": 6.0, "supply": [{"l": "Coconut Oil", "v": 5.0}, {"l": "Oilcrops Oil, Other", "v": 1.0}]}, {"source": 5, "prod": 0.001645355294011628, "target": 5, "value": 1.0, "supply": [{"l": "Eggs", "v": 1.0}]}, {"source": 8, "prod": 0.0017654607789625823, "target": 15, "value": 2.0, "supply": [{"l": "Roots, Other", "v": 1.0}, {"l": "Potatoes", "v": 1.0}]}, {"source": 9, "prod": 0.00075720402850154155, "target": 15, "value": 2.0, "supply": [{"l": "Vegetables, Other", "v": 1.0}, {"l": "Grapefruit", "v": 1.0}]}, {"source": 2, "prod": 0.014372722921599506, "target": 15, "value": 4.0, "supply": [{"l": "Maize", "v": 1.0}, {"l": "Wheat", "v": 2.0}, {"l": "Rice", "v": 1.0}]}, {"source": 6, "prod": 0.001556705685787024, "target": 15, "value": 1.0, "supply": [{"l": "Coconuts - Incl Copra", "v": 1.0}]}, {"source": 16, "prod": 0.0018866740704666664, "target": 10, "value": 1.0, "supply": [{"l": "Cocoa Beans", "v": 1.0}]}, {"source": 16, "prod": 0.10832906833470271, "target": 1, "value": 123.0, "supply": [{"l": "Pigmeat", "v": 5.0}, {"l": "Fish, Seafood", "v": 13.0}, {"l": "Milk - Excluding Butter", "v": 82.0}, {"l": "Meat, Other", "v": 1.0}, {"l": "Mutton & Goat Meat", "v": 1.0}, {"l": "Pelagic Fish", "v": 4.0}, {"l": "Bovine Meat", "v": 5.0}, {"l": "Poultry Meat", "v": 3.0}, {"l": "Demersal Fish", "v": 9.0}]}, {"source": 16, "prod": 0.089893312037130274, "target": 13, "value": 13.0, "supply": [{"l": "Coconut Oil", "v": 2.0}, {"l": "Sugar", "v": 1.0}, {"l": "Beer", "v": 2.0}, {"l": "Beverages, Alcoholic", "v": 1.0}, {"l": "Oilcrops Oil, Other", "v": 1.0}, {"l": "Fats, Animals, Raw", "v": 4.0}, {"l": "Butter, Ghee", "v": 2.0}]}, {"source": 16, "prod": 0.4501506106380565, "target": 2, "value": 130.0, "supply": [{"l": "Maize", "v": 14.0}, {"l": "Oats", "v": 1.0}, {"l": "Rice", "v": 28.0}, {"l": "Cereals, Other", "v": 1.0}, {"l": "Wheat", "v": 84.0}, {"l": "Barley", "v": 2.0}]}, {"source": 16, "prod": 0.035244857082847372, "target": 9, "value": 23.0, "supply": [{"l": "Vegetables, Other", "v": 7.0}, {"l": "Fruits, Other", "v": 7.0}, {"l": "Apples", "v": 1.0}, {"l": "Plantains", "v": 1.0}, {"l": "Pulses, Other", "v": 7.0}]}, {"source": 16, "prod": 0.02968643104583521, "target": 6, "value": 16.0, "supply": [{"l": "Coconuts - Incl Copra", "v": 15.0}, {"l": "Groundnuts", "v": 1.0}]}, {"source": 16, "prod": 0.012461393898255464, "target": 8, "value": 15.0, "supply": [{"l": "Potatoes", "v": 12.0}, {"l": "Roots, Other", "v": 1.0}, {"l": "Sweet potatoes", "v": 2.0}]}, {"source": 3, "prod": 0.0034672321493675502, "target": 17, "value": 1.0, "supply": [{"l": "Beverages, Alcoholic", "v": 1.0}]}, {"source": 5, "prod": 0.00060209839136819709, "target": 17, "value": 1.0, "supply": [{"l": "Milk - Excluding Butter", "v": 1.0}]}, {"source": 2, "prod": 0.0031747618803342329, "target": 17, "value": 1.0, "supply": [{"l": "Wheat", "v": 1.0}]}, {"source": 7, "prod": 0.62401744880685006, "target": 17, "value": 196.0, "supply": [{"l": "Sugar", "v": 196.0}]}, {"source": 8, "prod": 0.00077517695503956526, "target": 17, "value": 1.0, "supply": [{"l": "Potatoes", "v": 1.0}]}, {"source": 9, "prod": 0.023166745989121367, "target": 17, "value": 47.0, "supply": [{"l": "Vegetables, Other", "v": 1.0}, {"l": "Fruits, Other", "v": 3.0}, {"l": "Grapefruit", "v": 28.0}, {"l": "Pulses, Other", "v": 1.0}, {"l": "Oranges, Mandarines", "v": 12.0}, {"l": "Lemons, Limes", "v": 2.0}]}, {"source": 10, "prod": 0.014645707191080225, "target": 17, "value": 11.0, "supply": [{"l": "Coffee", "v": 4.0}, {"l": "Cocoa Beans", "v": 7.0}]}, {"source": 18, "prod": 0.0038712638141926484, "target": 9, "value": 10.0, "supply": [{"l": "Grapefruit", "v": 9.0}, {"l": "Fruits, Other", "v": 1.0}]}, {"source": 6, "prod": 0.0093402341147221443, "target": 19, "value": 6.0, "supply": [{"l": "Coconuts - Incl Copra", "v": 6.0}]}, {"source": 20, "prod": 0.040935703938240101, "target": 2, "value": 10.0, "supply": [{"l": "Maize", "v": 3.0}, {"l": "Rice", "v": 7.0}]}, {"source": 20, "prod": 0.17902115386550776, "target": 6, "value": 115.0, "supply": [{"l": "Coconuts - Incl Copra", "v": 115.0}]}, {"source": 20, "prod": 0.85146931649090052, "target": 12, "value": 2417.0, "supply": [{"l": "Sugar cane", "v": 2417.0}]}, {"source": 20, "prod": 0.013495885416240916, "target": 8, "value": 13.0, "supply": [{"l": "Roots, Other", "v": 5.0}, {"l": "Yams", "v": 3.0}, {"l": "Sweet potatoes", "v": 1.0}, {"l": "Cassava", "v": 4.0}]}, {"source": 20, "prod": 0.047000290673981301, "target": 9, "value": 79.0, "supply": [{"l": "Plantains", "v": 2.0}, {"l": "Fruits, Other", "v": 17.0}, {"l": "Citrus, Other", "v": 2.0}, {"l": "Grapefruit", "v": 22.0}, {"l": "Pulses, Other", "v": 3.0}, {"l": "Tomatoes", "v": 3.0}, {"l": "Pineapples", "v": 2.0}, {"l": "Bananas", "v": 5.0}, {"l": "Vegetables, Other", "v": 8.0}, {"l": "Oranges, Mandarines", "v": 13.0}, {"l": "Lemons, Limes", "v": 2.0}]}, {"source": 20, "prod": 0.014645707191080225, "target": 10, "value": 11.0, "supply": [{"l": "Cocoa Beans", "v": 7.0}, {"l": "Coffee", "v": 4.0}]}, {"source": 1, "prod": 0.02305359836638219, "target": 0, "value": 28.0, "supply": [{"l": "Marine Fish, Other", "v": 1.0}, {"l": "Pelagic Fish", "v": 4.0}, {"l": "Demersal Fish", "v": 9.0}, {"l": "Fish, Seafood", "v": 14.0}]}, {"source": 1, "prod": 0.11200403904572889, "target": 5, "value": 113.0, "supply": [{"l": "Poultry Meat", "v": 10.0}, {"l": "Pigmeat", "v": 7.0}, {"l": "Bovine Meat", "v": 6.0}, {"l": "Eggs", "v": 2.0}, {"l": "Milk - Excluding Butter", "v": 86.0}, {"l": "Offals, Edible", "v": 1.0}, {"l": "Meat, Other", "v": 1.0}, {"l": "Mutton & Goat Meat", "v": 1.0}]}, {"source": 13, "prod": 0.063783565897717387, "target": 3, "value": 20.0, "supply": [{"l": "Fats, Animals, Raw", "v": 3.0}, {"l": "Beer", "v": 10.0}, {"l": "Beverages, Alcoholic", "v": 5.0}, {"l": "Butter, Ghee", "v": 2.0}]}, {"source": 13, "prod": 0.12685031651929207, "target": 11, "value": 12.0, "supply": [{"l": "Coconut Oil", "v": 11.0}, {"l": "Oilcrops Oil, Other", "v": 1.0}]}, {"source": 13, "prod": 0.73863289858770009, "target": 7, "value": 232.0, "supply": [{"l": "Sugar", "v": 232.0}]}]}