{"nodes": [{"name": "Balance", "fill": "#9edae5"}, {"name": "Food", "fill": "#b5cf6b"}, {"name": "Stock Deposit", "fill": "#c7c7c7"}, {"name": "Export", "fill": "#aec7e8"}, {"name": "Biofuels & Other", "fill": "#e7ba52"}, {"name": "Crop Residue", "fill": "#bd9e39"}, {"name": "Renewables & Nuclear", "fill": "#2ca02c"}, {"name": "Fossil Fuels", "fill": "#c49c94"}, {"name": "Stock Draw", "fill": "#c7c7c7"}, {"name": "Labor", "fill": "#7f7f7f"}], "links": [{"source": 0, "target": 1, "value": 1.232758315982414}, {"source": 0, "target": 2, "value": 0.025489844214828139}, {"source": 0, "target": 3, "value": 0.3967400211514801}, {"source": 0, "target": 4, "value": 0.13708906389077635}, {"source": 0, "target": 5, "value": 1.8887079474155963}, {"source": 6, "target": 0, "value": 0.022067046392998529}, {"source": 7, "target": 0, "value": 2.6704743165033769}, {"source": 8, "target": 0, "value": 0.024360200826344457}, {"source": 9, "target": 0, "value": 0.034816379047580857}]}