{"nodes": [{"layer": 5, "name": "Cereals - Excluding Beer"}, {"layer": 10, "name": "Feed", "fill": "#dbdb8d"}, {"layer": 13, "name": "Fish, Seafood"}, {"layer": 13, "name": "Milk - Excluding Butter"}, {"layer": 16, "name": "Food", "fill": "#b5cf6b"}, {"layer": 5, "name": "Oilcrops", "fill": "#ff9896"}, {"layer": 5, "name": "Pulses"}, {"layer": 5, "name": "Vegetables"}, {"layer": 13, "name": "Animal Fats"}, {"layer": 5, "name": "Starchy Roots"}, {"layer": 13, "name": "Sugar & Sweeteners"}, {"layer": 13, "name": "Alcoholic Beverages"}, {"layer": 13, "name": "Vegetable Oils", "fill": "#f7b6d2"}, {"layer": 5, "name": "Spices"}, {"layer": 5, "name": "Stimulants"}, {"layer": 13, "name": "Eggs"}, {"layer": 5, "name": "Fruits - Excluding Wine"}, {"layer": 13, "name": "Meat"}, {"layer": 10, "name": "Processing", "fill": "#9edae5"}, {"layer": 5, "name": "Sugar Crops", "fill": "#ffbb78"}, {"layer": 16, "name": "Biofuels & Other", "fill": "#e7ba52"}, {"name": "Waste", "fill": "#c7c7c7"}, {"layer": 2, "name": "Import", "fill": "#aec7e8"}, {"layer": 5, "name": "Others"}, {"layer": 16, "name": "Export", "fill": "#aec7e8"}, {"layer": 16, "name": "Stock Deposit", "fill": "#c7c7c7"}, {"layer": 0, "name": "Stock Draw", "fill": "#c7c7c7"}, {"layer": 2, "name": "Electricity", "fill": "#bcbd22"}, {"layer": 0, "name": "Fossil Fuels", "fill": "#c49c94"}, {"layer": 0, "name": "Renewables & Nuclear", "fill": "#2ca02c"}, {"layer": 2, "name": "Fertilizers", "fill": "#c5b0d5"}, {"layer": 0, "name": "Labor", "fill": "#7f7f7f"}], "links": [{"source": 0, "prod": 53.0, "target": 1, "value": 0.19754858011008292, "supply": [{"l": "Maize", "v": 0.19754858011008292}]}, {"source": 2, "prod": 2.0, "target": 1, "value": 0.0016878593428157509, "supply": [{"l": "Pelagic Fish", "v": 0.00095662347234929572}, {"l": "Fish, Seafood", "v": 0.00073123587046645521}]}, {"source": 3, "prod": 115.0, "target": 4, "value": 0.058826693790135887, "supply": [{"l": "Milk - Excluding Butter", "v": 0.058826693790135887}]}, {"source": 5, "prod": 8.0, "target": 4, "value": 0.017267984569945289, "supply": [{"l": "Coconuts - Incl Copra", "v": 0.010871384125554879}, {"l": "Groundnuts", "v": 0.0063966004443904113}]}, {"source": 6, "prod": 10.0, "target": 4, "value": 0.039448639655212128, "supply": [{"l": "Pulses, Other", "v": 0.039448639655212128}]}, {"source": 7, "prod": 35.0, "target": 4, "value": 0.010430627286414553, "supply": [{"l": "Vegetables, Other", "v": 0.0084155877333053752}, {"l": "Tomatoes", "v": 0.0020150395531091771}]}, {"source": 8, "prod": 5.0, "target": 4, "value": 0.041866813344895878, "supply": [{"l": "Butter, Ghee", "v": 0.016782623998918604}, {"l": "Fats, Animals, Raw", "v": 0.025084189345977278}]}, {"source": 9, "prod": 33.0, "target": 4, "value": 0.031052063067419283, "supply": [{"l": "Yams", "v": 0.0031738442306915894}, {"l": "Roots, Other", "v": 0.010228955803734941}, {"l": "Potatoes", "v": 0.009378112115959833}, {"l": "Sweet potatoes", "v": 0.0040643776518031914}, {"l": "Cassava", "v": 0.0042067732652297293}]}, {"source": 2, "prod": 22.0, "target": 4, "value": 0.016913719219519757, "supply": [{"l": "Marine Fish, Other", "v": 0.00071949434890677965}, {"l": "Freshwater Fish", "v": 0.00077182121064545454}, {"l": "Pelagic Fish", "v": 0.0038264938893971829}, {"l": "Fish, Seafood", "v": 0.0080435945751310082}, {"l": "Demersal Fish", "v": 0.0035523151954393304}]}, {"source": 10, "prod": 46.0, "target": 4, "value": 0.18922829800253921, "supply": [{"l": "Sugar", "v": 0.18558971229521062}, {"l": "Sweeteners, Other", "v": 0.0036385857073285722}]}, {"source": 11, "prod": 26.0, "target": 4, "value": 0.029372042953261374, "supply": [{"l": "Beer", "v": 0.0085801246256695298}, {"l": "Beverages, Alcoholic", "v": 0.020791918327591842}]}, {"source": 0, "prod": 140.0, "target": 4, "value": 0.49095724641132432, "supply": [{"l": "Maize", "v": 0.0074546634003804877}, {"l": "Barley", "v": 0.0021769316197692307}, {"l": "Rice", "v": 0.1857206834133385}, {"l": "Wheat", "v": 0.29560496797783609}]}, {"source": 12, "prod": 10.0, "target": 4, "value": 0.10776207860541571, "supply": [{"l": "Soyabean Oil", "v": 0.041095374034898935}, {"l": "Coconut Oil", "v": 0.06666670457051678}]}, {"source": 13, "prod": 1.0, "target": 4, "value": 0.0040915823214939763, "supply": [{"l": "Spices, Other", "v": 0.0040915823214939763}]}, {"source": 14, "prod": 2.0, "target": 4, "value": 0.0025397535563974356, "supply": [{"l": "Coffee", "v": 0.00065307948593076924}, {"l": "Cocoa Beans", "v": 0.0018866740704666664}]}, {"source": 15, "prod": 7.0, "target": 4, "value": 0.01045027036737844, "supply": [{"l": "Eggs", "v": 0.01045027036737844}]}, {"source": 16, "prod": 63.0, "target": 4, "value": 0.029188421497771219, "supply": [{"l": "Plantains", "v": 0.0020294900359601599}, {"l": "Fruits, Other", "v": 0.015469364711065333}, {"l": "Citrus, Other", "v": 0.00070165564604132225}, {"l": "Grapefruit", "v": 0.0025893816956035123}, {"l": "Grapes", "v": 0.0014722601127919077}, {"l": "Apples", "v": 0.00050535912601785721}, {"l": "Lemons, Limes", "v": 0.0004202986790643565}, {"l": "Pineapples", "v": 0.00071645850777215202}, {"l": "Bananas", "v": 0.0030321547561071431}, {"l": "Oranges, Mandarines", "v": 0.0022519982273474805}]}, {"source": 17, "prod": 32.0, "target": 4, "value": 0.061095672030981929, "supply": [{"l": "Pigmeat", "v": 0.016942416819046565}, {"l": "Meat, Other", "v": 0.0024970686226764706}, {"l": "Mutton & Goat Meat", "v": 0.0023803831730186912}, {"l": "Bovine Meat", "v": 0.014656037785376082}, {"l": "Poultry Meat", "v": 0.023227956890355922}, {"l": "Offals, Edible", "v": 0.0013918087405081967}]}, {"source": 0, "prod": 5.0, "target": 18, "value": 0.010884658098846154, "supply": [{"l": "Barley", "v": 0.010884658098846154}]}, {"source": 19, "prod": 1975.0, "target": 18, "value": 0.71862067719739287, "supply": [{"l": "Sugar cane", "v": 0.71862067719739287}]}, {"source": 5, "prod": 53.0, "target": 18, "value": 0.087155453948512387, "supply": [{"l": "Coconuts - Incl Copra", "v": 0.080758853504121972}, {"l": "Groundnuts", "v": 0.0063966004443904113}]}, {"source": 0, "prod": 1.0, "target": 20, "value": 0.0021769316197692307, "supply": [{"l": "Barley", "v": 0.0021769316197692307}]}, {"source": 12, "prod": 3.0, "target": 20, "value": 0.032914715325411029, "supply": [{"l": "Oilcrops Oil, Other", "v": 0.0106924804685721}, {"l": "Coconut Oil", "v": 0.022222234856838927}]}, {"source": 8, "prod": 3.0, "target": 20, "value": 0.025084189345977278, "supply": [{"l": "Fats, Animals, Raw", "v": 0.025084189345977278}]}, {"source": 15, "prod": 1.0, "target": 15, "value": 0.0014928957667683486, "supply": [{"l": "Eggs", "v": 0.0014928957667683486}]}, {"source": 9, "prod": 2.0, "target": 21, "value": 0.0018044049233701467, "supply": [{"l": "Roots, Other", "v": 0.0010228955803734938}, {"l": "Potatoes", "v": 0.00078150934299665289}]}, {"source": 0, "prod": 9.0, "target": 21, "value": 0.032338036517721297, "supply": [{"l": "Maize", "v": 0.011181995100570732}, {"l": "Wheat", "v": 0.012714192171089725}, {"l": "Rice", "v": 0.0084418492460608414}]}, {"source": 7, "prod": 4.0, "target": 21, "value": 0.0011949226375217255, "supply": [{"l": "Vegetables, Other", "v": 0.00097102935384292793}, {"l": "Tomatoes", "v": 0.00022389328367879749}]}, {"source": 16, "prod": 1.0, "target": 21, "value": 0.00023539833596395566, "supply": [{"l": "Grapefruit", "v": 0.00023539833596395566}]}, {"source": 22, "prod": 1.0, "target": 23, "value": 0.0047166851761666672, "supply": [{"l": "Infant food", "v": 0.0047166851761666672}]}, {"source": 22, "prod": 151.0, "target": 1, "value": 0.10253169318878154, "supply": [{"l": "Pigmeat", "v": 0.0067769667276186265}, {"l": "Milk - Excluding Butter", "v": 0.061384376128837452}, {"l": "Fish, Seafood", "v": 0.0065811228341980969}, {"l": "Meat, Other", "v": 0.0024970686226764706}, {"l": "Mutton & Goat Meat", "v": 0.0023803831730186912}, {"l": "Pelagic Fish", "v": 0.0028698704170478872}, {"l": "Bovine Meat", "v": 0.012824033062204072}, {"l": "Eggs", "v": 0.0014928957667683486}, {"l": "Offals, Edible", "v": 0.0013918087405081967}, {"l": "Demersal Fish", "v": 0.0028418521563514649}, {"l": "Marine Fish, Other", "v": 0.00071949434890677965}, {"l": "Freshwater Fish", "v": 0.00077182121064545454}]}, {"source": 22, "prod": 215.0, "target": 0, "value": 0.75785683076398203, "supply": [{"l": "Maize", "v": 0.23482189711198537}, {"l": "Rice", "v": 0.18994160803636892}, {"l": "Wheat", "v": 0.31785480427724311}, {"l": "Barley", "v": 0.015238521338384613}]}, {"source": 22, "prod": 8.0, "target": 6, "value": 0.031558911724169698, "supply": [{"l": "Pulses, Other", "v": 0.031558911724169698}]}, {"source": 22, "prod": 24.0, "target": 18, "value": 0.1902494153730111, "supply": [{"l": "Coconut Oil", "v": 0.044444469713677853}, {"l": "Sugar", "v": 0.016496863315129836}, {"l": "Beverages, Alcoholic", "v": 0.0069306394425306126}, {"l": "Oilcrops Oil, Other", "v": 0.0106924804685721}, {"l": "Fats, Animals, Raw", "v": 0.050168378691954556}, {"l": "Sweeteners, Other", "v": 0.0036385857073285722}, {"l": "Soyabean Oil", "v": 0.041095374034898935}, {"l": "Butter, Ghee", "v": 0.016782623998918604}]}, {"source": 22, "prod": 9.0, "target": 7, "value": 0.0029130880615287837, "supply": [{"l": "Vegetables, Other", "v": 0.0029130880615287837}]}, {"source": 22, "prod": 1.0, "target": 14, "value": 0.0018866740704666664, "supply": [{"l": "Cocoa Beans", "v": 0.0018866740704666664}]}, {"source": 22, "prod": 7.0, "target": 16, "value": 0.0038060554883347334, "supply": [{"l": "Oranges, Mandarines", "v": 0.00028149977841843507}, {"l": "Fruits, Other", "v": 0.0015469364711065334}, {"l": "Apples", "v": 0.00050535912601785721}, {"l": "Grapes", "v": 0.0014722601127919077}]}, {"source": 22, "prod": 1.0, "target": 5, "value": 0.0063966004443904113, "supply": [{"l": "Groundnuts", "v": 0.0063966004443904113}]}, {"source": 22, "prod": 1.0, "target": 13, "value": 0.0040915823214939763, "supply": [{"l": "Spices, Other", "v": 0.0040915823214939763}]}, {"source": 22, "prod": 16.0, "target": 9, "value": 0.013214705865231576, "supply": [{"l": "Roots, Other", "v": 0.0010228955803734938}, {"l": "Potatoes", "v": 0.010159621458956486}, {"l": "Sweet potatoes", "v": 0.0020321888259015957}]}, {"source": 7, "prod": 2.0, "target": 24, "value": 0.00064735290256195195, "supply": [{"l": "Vegetables, Other", "v": 0.00064735290256195195}]}, {"source": 23, "prod": 1.0, "target": 24, "value": 0.0047166851761666672, "supply": [{"l": "Infant food", "v": 0.0047166851761666672}]}, {"source": 11, "prod": 8.0, "target": 24, "value": 0.024686244280140622, "supply": [{"l": "Beer", "v": 0.00042900623128347653}, {"l": "Beverages, Alcoholic", "v": 0.024257238048857144}]}, {"source": 3, "prod": 3.0, "target": 24, "value": 0.0015346094032209362, "supply": [{"l": "Milk - Excluding Butter", "v": 0.0015346094032209362}]}, {"source": 6, "prod": 1.0, "target": 24, "value": 0.0039448639655212123, "supply": [{"l": "Pulses, Other", "v": 0.0039448639655212123}]}, {"source": 10, "prod": 142.0, "target": 24, "value": 0.58563864768710916, "supply": [{"l": "Sugar", "v": 0.58563864768710916}]}, {"source": 16, "prod": 16.0, "target": 24, "value": 0.0056752195877294905, "supply": [{"l": "Fruits, Other", "v": 0.0025782274518442224}, {"l": "Grapefruit", "v": 0.00070619500789186702}, {"l": "Oranges, Mandarines", "v": 0.0019704984489290452}, {"l": "Lemons, Limes", "v": 0.0004202986790643565}]}, {"source": 0, "prod": 6.0, "target": 24, "value": 0.020717639228888026, "supply": [{"l": "Maize", "v": 0.011181995100570732}, {"l": "Wheat", "v": 0.0095356441283172937}]}, {"source": 12, "prod": 1.0, "target": 24, "value": 0.011111117428419463, "supply": [{"l": "Coconut Oil", "v": 0.011111117428419463}]}, {"source": 14, "prod": 5.0, "target": 24, "value": 0.0081997757677974344, "supply": [{"l": "Coffee", "v": 0.00065307948593076924}, {"l": "Cocoa Beans", "v": 0.0075466962818666657}]}, {"source": 11, "prod": 1.0, "target": 25, "value": 0.0034653197212653063, "supply": [{"l": "Beverages, Alcoholic", "v": 0.0034653197212653063}]}, {"source": 3, "prod": 9.0, "target": 25, "value": 0.0046038282096628079, "supply": [{"l": "Milk - Excluding Butter", "v": 0.0046038282096628079}]}, {"source": 0, "prod": 16.0, "target": 25, "value": 0.065066829354285843, "supply": [{"l": "Maize", "v": 0.018636658500951218}, {"l": "Rice", "v": 0.046430170853334625}]}, {"source": 16, "prod": 5.0, "target": 25, "value": 0.0011769916798197782, "supply": [{"l": "Grapefruit", "v": 0.0011769916798197782}]}, {"source": 10, "prod": 6.0, "target": 25, "value": 0.024745294972694752, "supply": [{"l": "Sugar", "v": 0.024745294972694752}]}, {"source": 26, "prod": 4.0, "target": 16, "value": 0.001594290537574559, "supply": [{"l": "Oranges, Mandarines", "v": 0.00056299955683687013}, {"l": "Fruits, Other", "v": 0.0010312909807376888}]}, {"source": 1, "prod": 127.0, "target": 3, "value": 0.064965131403019627, "supply": [{"l": "Milk - Excluding Butter", "v": 0.064965131403019627}]}, {"source": 1, "prod": 7.0, "target": 15, "value": 0.01045027036737844, "supply": [{"l": "Eggs", "v": 0.011943166134146789}]}, {"source": 1, "prod": 32.0, "target": 17, "value": 0.061095672030981929, "supply": [{"l": "Pigmeat", "v": 0.016942416819046565}, {"l": "Bovine Meat", "v": 0.014656037785376082}, {"l": "Poultry Meat", "v": 0.023227956890355922}, {"l": "Offals, Edible", "v": 0.0013918087405081967}, {"l": "Meat, Other", "v": 0.0024970686226764706}, {"l": "Mutton & Goat Meat", "v": 0.0023803831730186912}]}, {"source": 1, "prod": 24.0, "target": 2, "value": 0.018601578562335509, "supply": [{"l": "Demersal Fish", "v": 0.0035523151954393304}, {"l": "Freshwater Fish", "v": 0.00077182121064545454}, {"l": "Pelagic Fish", "v": 0.0047831173617464782}, {"l": "Marine Fish, Other", "v": 0.00071949434890677965}, {"l": "Fish, Seafood", "v": 0.0087748304455974625}]}, {"source": 18, "prod": 194.0, "target": 10, "value": 0.79961224066234315, "supply": [{"l": "Sweeteners, Other", "v": 0.0036385857073285722}, {"l": "Sugar", "v": 0.79597365495501449}]}, {"source": 18, "prod": 14.0, "target": 12, "value": 0.15178791135924621, "supply": [{"l": "Coconut Oil", "v": 0.10000005685577518}, {"l": "Oilcrops Oil, Other", "v": 0.0106924804685721}, {"l": "Soyabean Oil", "v": 0.041095374034898935}]}, {"source": 18, "prod": 35.0, "target": 11, "value": 0.057523606954667302, "supply": [{"l": "Beer", "v": 0.0090091308569530057}, {"l": "Beverages, Alcoholic", "v": 0.048514476097714296}]}, {"source": 18, "prod": 8.0, "target": 8, "value": 0.06695100269087316, "supply": [{"l": "Fats, Animals, Raw", "v": 0.050168378691954556}, {"l": "Butter, Ghee", "v": 0.016782623998918604}]}, {"source": 27, "prod": 0, "target": 5, "value": 1.2060986850210065e-05, "supply": "[{\"l\":'Energy for power irrigation',\"v\":1.2060986850210065e-05}]"}, {"source": 27, "prod": 0, "target": 7, "value": 7.4376085576295396e-06, "supply": "[{\"l\":'Energy for power irrigation',\"v\":7.4376085576295396e-06}]"}, {"source": 27, "prod": 0, "target": 19, "value": 0.00039700748381941466, "supply": "[{\"l\":'Energy for power irrigation',\"v\":0.00039700748381941466}]"}, {"source": 27, "prod": 0, "target": 9, "value": 5.6284605300980298e-06, "supply": "[{\"l\":'Energy for power irrigation',\"v\":5.6284605300980298e-06}]"}, {"source": 27, "prod": 0, "target": 6, "value": 1.4071151325245075e-06, "supply": "[{\"l\":'Energy for power irrigation',\"v\":1.4071151325245075e-06}]"}, {"source": 27, "prod": 0, "target": 16, "value": 1.6081315800280085e-05, "supply": "[{\"l\":'Energy for power irrigation',\"v\":1.6081315800280085e-05}]"}, {"source": 27, "prod": 0, "target": 0, "value": 2.4725023042930633e-05, "supply": "[{\"l\":'Energy for power irrigation',\"v\":2.4725023042930633e-05}]"}, {"source": 27, "prod": 0, "target": 14, "value": 1.306606908772757e-06, "supply": "[{\"l\":'Energy for power irrigation',\"v\":1.306606908772757e-06}]"}, {"source": 27, "prod": 0, "target": 18, "value": 0.0027647999999999995, "supply": "[{\"l\":'Electricity',\"v\":0.0027647999999999995}]"}, {"source": 28, "prod": 0, "target": 27, "value": 0.0074349737235825178, "supply": [{"l": "Coal", "v": 0.0}, {"l": "Natural gas", "v": 0.0071840547474745168}, {"l": "Oil", "v": 0.00025091897610800078}]}, {"source": 29, "prod": 0, "target": 27, "value": 7.0109713912529627e-05, "supply": [{"l": "Nuclear", "v": 0.0}, {"l": "Hydroelectric", "v": 0.0}, {"l": "Renewable", "v": 7.0109713912529627e-05}]}, {"source": 28, "prod": 0, "target": 5, "value": 0.0038139757911370008, "supply": [{"l": "Gas-Diesel oil", "v": 0.0038139757911370008}]}, {"source": 28, "prod": 0, "target": 7, "value": 0.0023519517378678173, "supply": [{"l": "Gas-Diesel oil", "v": 0.0023519517378678173}]}, {"source": 28, "prod": 0, "target": 19, "value": 0.12554336979159295, "supply": [{"l": "Gas-Diesel oil", "v": 0.12554336979159295}]}, {"source": 28, "prod": 0, "target": 9, "value": 0.0017798553691972668, "supply": [{"l": "Gas-Diesel oil", "v": 0.0017798553691972668}]}, {"source": 28, "prod": 0, "target": 6, "value": 0.00044496384229931671, "supply": [{"l": "Gas-Diesel oil", "v": 0.00044496384229931671}]}, {"source": 28, "prod": 0, "target": 16, "value": 0.0050853010548493338, "supply": [{"l": "Gas-Diesel oil", "v": 0.0050853010548493338}]}, {"source": 28, "prod": 0, "target": 0, "value": 0.0078186503718308525, "supply": [{"l": "Gas-Diesel oil", "v": 0.0078186503718308525}]}, {"source": 28, "prod": 0, "target": 14, "value": 0.00041318071070650843, "supply": [{"l": "Gas-Diesel oil", "v": 0.00041318071070650843}]}, {"source": 30, "prod": 0.22767637540453076, "target": 5, "value": 0.0028340402755502236, "supply": [{"l": "Potash", "v": 0.0075250138949089001}, {"l": "Phosphate", "v": 0.0016538750013231}, {"l": "Nitrogen", "v": 0.10028591674689538}]}, {"source": 30, "prod": 0.14040043149946063, "target": 7, "value": 0.0017476581699226378, "supply": [{"l": "Potash", "v": 0.0075250138949089001}, {"l": "Phosphate", "v": 0.0016538750013231}, {"l": "Nitrogen", "v": 0.10028591674689538}]}, {"source": 30, "prod": 7.4943473570658039, "target": 19, "value": 0.093287159070194858, "supply": [{"l": "Potash", "v": 0.0075250138949089001}, {"l": "Phosphate", "v": 0.0016538750013231}, {"l": "Nitrogen", "v": 0.10028591674689538}]}, {"source": 30, "prod": 0.10624897518878101, "target": 9, "value": 0.0013225521285901043, "supply": [{"l": "Potash", "v": 0.0075250138949089001}, {"l": "Phosphate", "v": 0.0016538750013231}, {"l": "Nitrogen", "v": 0.10028591674689538}]}, {"source": 30, "prod": 0.026562243797195254, "target": 6, "value": 0.00033063803214752608, "supply": [{"l": "Potash", "v": 0.0075250138949089001}, {"l": "Phosphate", "v": 0.0016538750013231}, {"l": "Nitrogen", "v": 0.10028591674689538}]}, {"source": 30, "prod": 0.30356850053937434, "target": 16, "value": 0.0037787203674002979, "supply": [{"l": "Potash", "v": 0.0075250138949089001}, {"l": "Phosphate", "v": 0.0016538750013231}, {"l": "Nitrogen", "v": 0.10028591674689538}]}, {"source": 30, "prod": 0.46673656957928805, "target": 0, "value": 0.0058097825648779581, "supply": [{"l": "Potash", "v": 0.0075250138949089001}, {"l": "Phosphate", "v": 0.0016538750013231}, {"l": "Nitrogen", "v": 0.10028591674689538}]}, {"source": 30, "prod": 0.024664940668824166, "target": 14, "value": 0.00030702102985127422, "supply": [{"l": "Potash", "v": 0.0075250138949089001}, {"l": "Phosphate", "v": 0.0016538750013231}, {"l": "Nitrogen", "v": 0.10028591674689538}]}, {"source": 28, "prod": 0, "target": 30, "value": 0.13677393457136289, "supply": [{"l": "Natural gas (including LNG)", "v": 0.090126979426474213}, {"l": "Fuel oil", "v": 0.028919294658248905}, {"l": "Liquefied petroleum gas (LPG)", "v": 0.0088638302433198778}, {"l": "Coal", "v": 0.0088638302433198778}]}, {"source": 31, "prod": 0, "target": 9, "value": 0.00037186967148244635, "supply": "[{\"l\":'Labor',\"v\":0.00037186967148244635}]"}, {"source": 31, "prod": 0, "target": 5, "value": 0.00079686358174809932, "supply": "[{\"l\":'Labor',\"v\":0.00079686358174809932}]"}, {"source": 31, "prod": 0, "target": 23, "value": 6.6405298479008277e-06, "supply": "[{\"l\":'Labor',\"v\":6.6405298479008277e-06}]"}, {"source": 31, "prod": 0, "target": 7, "value": 0.00049139920874466121, "supply": "[{\"l\":'Labor',\"v\":0.00049139920874466121}]"}, {"source": 31, "prod": 0, "target": 19, "value": 0.02623009289920827, "supply": "[{\"l\":'Labor',\"v\":0.02623009289920827}]"}, {"source": 31, "prod": 0, "target": 6, "value": 9.2967417870611587e-05, "supply": "[{\"l\":'Labor',\"v\":9.2967417870611587e-05}]"}, {"source": 31, "prod": 0, "target": 0, "value": 0.0016335703425836036, "supply": "[{\"l\":'Labor',\"v\":0.0016335703425836036}]"}, {"source": 31, "prod": 0, "target": 13, "value": 6.6405298479008277e-06, "supply": "[{\"l\":'Labor',\"v\":6.6405298479008277e-06}]"}, {"source": 31, "prod": 0, "target": 14, "value": 8.6326888022710758e-05, "supply": "[{\"l\":'Labor',\"v\":8.6326888022710758e-05}]"}, {"source": 31, "prod": 0, "target": 16, "value": 0.0010624847756641324, "supply": "[{\"l\":'Labor',\"v\":0.0010624847756641324}]"}, {"source": 28, "prod": 0, "target": 22, "value": 2.0633234825331668, "supply": "[{\"l\":'Fossil Fuels',\"v\":2.0633234825331668}]"}, {"source": 29, "prod": 0, "target": 22, "value": 0.028027342607818698, "supply": "[{\"l\":'Renewables & Nuclear',\"v\":0},{\"l\":'Biomass & Waste',\"v\":0.028027342607818698}]"}]}