{"nodes": [{"layer": 13, "name": "Milk - Excluding Butter"}, {"layer": 10, "name": "Feed", "fill": "#dbdb8d"}, {"layer": 5, "name": "Cereals - Excluding Beer"}, {"layer": 5, "name": "Vegetables"}, {"layer": 5, "name": "Pulses"}, {"layer": 5, "name": "Fruits - Excluding Wine"}, {"layer": 16, "name": "Food", "fill": "#b5cf6b"}, {"layer": 5, "name": "Oilcrops", "fill": "#ff9896"}, {"layer": 5, "name": "Treenuts"}, {"layer": 5, "name": "Stimulants"}, {"layer": 13, "name": "Alcoholic Beverages"}, {"layer": 5, "name": "Others"}, {"layer": 5, "name": "Starchy Roots"}, {"layer": 13, "name": "Fish, Seafood"}, {"layer": 13, "name": "Sugar & Sweeteners"}, {"layer": 13, "name": "Vegetable Oils", "fill": "#f7b6d2"}, {"layer": 5, "name": "Spices"}, {"layer": 13, "name": "Animal Fats"}, {"layer": 13, "name": "Eggs"}, {"layer": 13, "name": "Meat"}, {"layer": 10, "name": "Processing", "fill": "#9edae5"}, {"layer": 5, "name": "Sugar Crops", "fill": "#ffbb78"}, {"layer": 16, "name": "Biofuels & Other", "fill": "#e7ba52"}, {"name": "Waste", "fill": "#c7c7c7"}, {"layer": 2, "name": "Import", "fill": "#aec7e8"}, {"layer": 16, "name": "Export", "fill": "#aec7e8"}, {"layer": 16, "name": "Stock Deposit", "fill": "#c7c7c7"}, {"layer": 0, "name": "Stock Draw", "fill": "#c7c7c7"}, {"name": "Crop Residue", "fill": "#bd9e39"}, {"layer": 2, "name": "Electricity", "fill": "#bcbd22"}, {"layer": 0, "name": "Fossil Fuels", "fill": "#c49c94"}, {"layer": 0, "name": "Renewables & Nuclear", "fill": "#2ca02c"}, {"layer": 2, "name": "Fertilizers", "fill": "#c5b0d5"}, {"layer": 0, "name": "Labor", "fill": "#7f7f7f"}], "links": [{"source": 0, "prod": 3.0, "target": 1, "value": 0.0020152735879004789, "supply": [{"l": "Milk - Excluding Butter", "v": 0.0020152735879004789}]}, {"source": 2, "prod": 485.0, "target": 1, "value": 1.6256156652142133, "supply": [{"l": "Cereals, Other", "v": 0.032747271365957148}, {"l": "Wheat", "v": 0.054186779731887166}, {"l": "Barley", "v": 0.73091558708942594}, {"l": "Maize", "v": 0.80048885561228589}, {"l": "Oats", "v": 0.0072771714146571444}]}, {"source": 3, "prod": 37.0, "target": 1, "value": 0.010095447039927119, "supply": [{"l": "Vegetables, Other", "v": 0.010095447039927119}]}, {"source": 4, "prod": 12.0, "target": 1, "value": 0.047657151676029103, "supply": [{"l": "Pulses, Other", "v": 0.047657151676029103}]}, {"source": 5, "prod": 8.0, "target": 1, "value": 0.014104847683361024, "supply": [{"l": "Dates", "v": 0.014104847683361024}]}, {"source": 0, "prod": 470.0, "target": 6, "value": 0.31572619543774172, "supply": [{"l": "Milk - Excluding Butter", "v": 0.31572619543774172}]}, {"source": 7, "prod": 25.0, "target": 6, "value": 0.044885191478594641, "supply": [{"l": "Olives", "v": 0.025782616515119636}, {"l": "Sesame seed", "v": 0.019102574963475002}]}, {"source": 8, "prod": 33.0, "target": 6, "value": 0.11287885205689774, "supply": [{"l": "Treenuts", "v": 0.11287885205689774}]}, {"source": 9, "prod": 17.0, "target": 6, "value": 0.010880319399990963, "supply": [{"l": "Cocoa Beans", "v": 0.0022342192939736848}, {"l": "Coffee", "v": 0.00265313541159375}, {"l": "Tea", "v": 0.005992964694423529}]}, {"source": 3, "prod": 1046.0, "target": 6, "value": 0.26648906432479824, "supply": [{"l": "Tomatoes", "v": 0.078127544705742846}, {"l": "Vegetables, Other", "v": 0.17953524735870391}, {"l": "Onions", "v": 0.0088262722603514848}]}, {"source": 10, "prod": 57.0, "target": 6, "value": 0.037354591114647825, "supply": [{"l": "Beer", "v": 0.017170853899752807}, {"l": "Beverages, Alcoholic", "v": 0.0030321547561071431}, {"l": "Wine", "v": 0.017151582458787878}]}, {"source": 11, "prod": 33.0, "target": 6, "value": 0.11241433003197222, "supply": [{"l": "Nuts", "v": 0.11241433003197222}]}, {"source": 12, "prod": 143.0, "target": 6, "value": 0.1190269376809118, "supply": [{"l": "Potatoes", "v": 0.1190269376809118}]}, {"source": 4, "prod": 34.0, "target": 6, "value": 0.13459468099120503, "supply": [{"l": "Peas", "v": 0.0035375138821250002}, {"l": "Pulses, Other", "v": 0.13105716710908002}]}, {"source": 13, "prod": 126.0, "target": 6, "value": 0.094042641320602888, "supply": [{"l": "Crustaceans", "v": 0.0005660022211400001}, {"l": "Marine Fish, Other", "v": 0.014454357797930107}, {"l": "Freshwater Fish", "v": 0.00073586420949945828}, {"l": "Fish, Seafood", "v": 0.046359445198465875}, {"l": "Cephalopods", "v": 0.0012128619024428574}, {"l": "Pelagic Fish", "v": 0.020459588485470491}, {"l": "Molluscs, Other", "v": 0.0014717284189989166}, {"l": "Demersal Fish", "v": 0.0087827930866551732}]}, {"source": 2, "prod": 1418.0, "target": 6, "value": 4.7868174084014781, "supply": [{"l": "Barley", "v": 0.18119335982468965}, {"l": "Rice", "v": 0.0084900333171}, {"l": "Cereals, Other", "v": 0.0072771714146571444}, {"l": "Wheat", "v": 4.5787828873444658}, {"l": "Sorghum", "v": 0.011073956500565219}]}, {"source": 14, "prod": 187.0, "target": 6, "value": 0.71972327892688648, "supply": [{"l": "Sugar", "v": 0.71393461984704554}, {"l": "Honey", "v": 0.003859106053227273}, {"l": "Sweeteners, Other", "v": 0.0019295530266136365}]}, {"source": 15, "prod": 129.0, "target": 6, "value": 1.3244080977173542, "supply": [{"l": "Soyabean Oil", "v": 0.71756075163026301}, {"l": "Sunflowerseed Oil", "v": 0.011577318159681819}, {"l": "Olive Oil", "v": 0.48269947488350806}, {"l": "Rape and Mustard Oil", "v": 0.08260572957178379}, {"l": "Oilcrops Oil, Other", "v": 0.029964823472117645}]}, {"source": 16, "prod": 15.0, "target": 6, "value": 0.057349812958547325, "supply": [{"l": "Pepper", "v": 0.0047166851761666672}, {"l": "Pimento", "v": 0.020975376430482355}, {"l": "Spices, Other", "v": 0.031657751351898307}]}, {"source": 17, "prod": 10.0, "target": 6, "value": 0.092282970838043488, "supply": [{"l": "Fats, Animals, Raw", "v": 0.0424501665855}, {"l": "Butter, Ghee", "v": 0.049832804252543481}]}, {"source": 18, "prod": 43.0, "target": 6, "value": 0.060556872712016589, "supply": [{"l": "Eggs", "v": 0.060556872712016589}]}, {"source": 5, "prod": 391.0, "target": 6, "value": 0.24374703606582496, "supply": [{"l": "Citrus, Other", "v": 0.002913246726455882}, {"l": "Grapefruit", "v": 0.0057365089980405404}, {"l": "Grapes", "v": 0.026123179437230769}, {"l": "Dates", "v": 0.075813556298065507}, {"l": "Apples", "v": 0.023142404604456421}, {"l": "Lemons, Limes", "v": 0.0028300111056999999}, {"l": "Fruits, Other", "v": 0.078041007472733237}, {"l": "Oranges, Mandarines", "v": 0.029147121423142606}]}, {"source": 19, "prod": 135.0, "target": 6, "value": 0.25647790226559825, "supply": [{"l": "Meat, Other", "v": 0.0061745696851636363}, {"l": "Mutton & Goat Meat", "v": 0.087352328352833949}, {"l": "Bovine Meat", "v": 0.095462418993382717}, {"l": "Poultry Meat", "v": 0.052506173498159142}, {"l": "Offals, Edible", "v": 0.014982411736058823}]}, {"source": 2, "prod": 9.0, "target": 20, "value": 0.027639665058003506, "supply": [{"l": "Barley", "v": 0.027639665058003506}]}, {"source": 10, "prod": 1.0, "target": 20, "value": 0.00085757912293939393, "supply": [{"l": "Wine", "v": 0.00085757912293939393}]}, {"source": 21, "prod": 67.0, "target": 20, "value": 0.077868888740000003, "supply": [{"l": "Sugar beet", "v": 0.077868888740000003}]}, {"source": 7, "prod": 734.0, "target": 20, "value": 0.87838639947079167, "supply": [{"l": "Sunflower seed", "v": 0.0075394621021486197}, {"l": "Olives", "v": 0.85317021922759517}, {"l": "Oilcrops, Other", "v": 0.01130919315322293}, {"l": "Sesame seed", "v": 0.0063675249878250009}]}, {"source": 5, "prod": 64.0, "target": 20, "value": 0.041797087099569231, "supply": [{"l": "Grapes", "v": 0.041797087099569231}]}, {"source": 7, "prod": 1.0, "target": 22, "value": 0.0037697310510743098, "supply": [{"l": "Sunflower seed", "v": 0.0037697310510743098}]}, {"source": 8, "prod": 4.0, "target": 22, "value": 0.013682285097805787, "supply": [{"l": "Treenuts", "v": 0.013682285097805787}]}, {"source": 18, "prod": 2.0, "target": 22, "value": 0.002816598730791469, "supply": [{"l": "Eggs", "v": 0.002816598730791469}]}, {"source": 11, "prod": 4.0, "target": 22, "value": 0.013625979397814816, "supply": [{"l": "Nuts", "v": 0.013625979397814816}]}, {"source": 10, "prod": 3.0, "target": 22, "value": 0.0018115154507034388, "supply": [{"l": "Beer", "v": 0.00095393632776404492}, {"l": "Wine", "v": 0.00085757912293939393}]}, {"source": 0, "prod": 3.0, "target": 22, "value": 0.0020152735879004789, "supply": [{"l": "Milk - Excluding Butter", "v": 0.0020152735879004789}]}, {"source": 5, "prod": 3.0, "target": 22, "value": 0.0041086074989949819, "supply": [{"l": "Dates", "v": 0.0035262119208402561}, {"l": "Fruits, Other", "v": 0.00058239557815472557}]}, {"source": 2, "prod": 5.0, "target": 22, "value": 0.018192928536642859, "supply": [{"l": "Maize", "v": 0.018192928536642859}]}, {"source": 15, "prod": 44.0, "target": 22, "value": 0.45036027079532792, "supply": [{"l": "Olive Oil", "v": 0.092431814339395194}, {"l": "Soyabean Oil", "v": 0.17426475396734958}, {"l": "Palm Oil", "v": 0.15369887901646551}, {"l": "Oilcrops Oil, Other", "v": 0.029964823472117645}]}, {"source": 3, "prod": 6.0, "target": 22, "value": 0.001517162866399439, "supply": [{"l": "Vegetables, Other", "v": 0.001091399679992121}, {"l": "Tomatoes", "v": 0.00042576318640731803}]}, {"source": 12, "prod": 12.0, "target": 12, "value": 0.009988274490705884, "supply": [{"l": "Potatoes", "v": 0.009988274490705884}]}, {"source": 2, "prod": 117.0, "target": 2, "value": 0.38253170329405056, "supply": [{"l": "Cereals, Other", "v": 0.0036385857073285722}, {"l": "Wheat", "v": 0.23029381386052045}, {"l": "Barley", "v": 0.14126939918535122}, {"l": "Oats", "v": 0.0036385857073285722}, {"l": "Sorghum", "v": 0.0036913188335217393}]}, {"source": 18, "prod": 2.0, "target": 18, "value": 0.002816598730791469, "supply": [{"l": "Eggs", "v": 0.002816598730791469}]}, {"source": 4, "prod": 8.0, "target": 4, "value": 0.031771434450686066, "supply": [{"l": "Pulses, Other", "v": 0.031771434450686066}]}, {"source": 0, "prod": 9.0, "target": 23, "value": 0.0060458207637014375, "supply": [{"l": "Milk - Excluding Butter", "v": 0.0060458207637014375}]}, {"source": 3, "prod": 92.0, "target": 23, "value": 0.024317660275652752, "supply": [{"l": "Vegetables, Other", "v": 0.019645194239858176}, {"l": "Onions", "v": 0.00084059735812871299}, {"l": "Tomatoes", "v": 0.0038318686776658618}]}, {"source": 12, "prod": 17.0, "target": 23, "value": 0.014150055528500001, "supply": [{"l": "Potatoes", "v": 0.014150055528500001}]}, {"source": 4, "prod": 3.0, "target": 23, "value": 0.011914287919007276, "supply": [{"l": "Pulses, Other", "v": 0.011914287919007276}]}, {"source": 2, "prod": 130.0, "target": 23, "value": 0.4380583864562187, "supply": [{"l": "Wheat", "v": 0.41656086918888263}, {"l": "Barley", "v": 0.02149751726733606}]}, {"source": 5, "prod": 40.0, "target": 23, "value": 0.023948860575941477, "supply": [{"l": "Dates", "v": 0.0070524238416805121}, {"l": "Grapes", "v": 0.00065307948593076924}, {"l": "Apples", "v": 0.0026909772795879554}, {"l": "Fruits, Other", "v": 0.0087359336723208843}, {"l": "Citrus, Other", "v": 0.00020808905188970589}, {"l": "Grapefruit", "v": 0.00057365089980405406}, {"l": "Oranges, Mandarines", "v": 0.0037368104388644367}, {"l": "Lemons, Limes", "v": 0.00029789590586315793}]}, {"source": 16, "prod": 1.0, "target": 23, "value": 0.0039572189189872884, "supply": [{"l": "Spices, Other", "v": 0.0039572189189872884}]}, {"source": 18, "prod": 2.0, "target": 23, "value": 0.002816598730791469, "supply": [{"l": "Eggs", "v": 0.002816598730791469}]}, {"source": 24, "prod": 1.0, "target": 11, "value": 0.0034064948494537039, "supply": [{"l": "Nuts", "v": 0.0034064948494537039}]}, {"source": 24, "prod": 213.0, "target": 1, "value": 0.16158895161197212, "supply": [{"l": "Milk - Excluding Butter", "v": 0.13166454107616463}, {"l": "Fish, Seafood", "v": 0.0014717284189989166}, {"l": "Mutton & Goat Meat", "v": 0.0022987454829693143}, {"l": "Pelagic Fish", "v": 0.0019485322367114755}, {"l": "Eggs", "v": 0.0042248980961872044}, {"l": "Bovine Meat", "v": 0.01998050630094057}]}, {"source": 24, "prod": 1145.0, "target": 2, "value": 3.9332200677634193, "supply": [{"l": "Maize", "v": 0.81868178414892867}, {"l": "Barley", "v": 0.02149751726733606}, {"l": "Cereals, Other", "v": 0.014554342829314289}, {"l": "Wheat", "v": 3.0784864235178402}]}, {"source": 24, "prod": 329.0, "target": 20, "value": 2.0317167991710958, "supply": [{"l": "Rape and Mustard Oil", "v": 0.08260572957178379}, {"l": "Beverages, Alcoholic", "v": 0.0030321547561071431}, {"l": "Oilcrops Oil, Other", "v": 0.04994137245352942}, {"l": "Sugar", "v": 0.79883495301804541}, {"l": "Butter, Ghee", "v": 0.041527336877119569}, {"l": "Soyabean Oil", "v": 0.90207637347804492}, {"l": "Palm Oil", "v": 0.15369887901646551}]}, {"source": 24, "prod": 1.0, "target": 8, "value": 0.0034205712744514467, "supply": [{"l": "Treenuts", "v": 0.0034205712744514467}]}, {"source": 24, "prod": 29.0, "target": 3, "value": 0.0062335345297004829, "supply": [{"l": "Vegetables, Other", "v": 0.00027284991999803026}, {"l": "Tomatoes", "v": 0.0059606846097024525}]}, {"source": 24, "prod": 17.0, "target": 9, "value": 0.010880319399990963, "supply": [{"l": "Cocoa Beans", "v": 0.0022342192939736848}, {"l": "Coffee", "v": 0.00265313541159375}, {"l": "Tea", "v": 0.005992964694423529}]}, {"source": 24, "prod": 30.0, "target": 5, "value": 0.016234263922002005, "supply": [{"l": "Fruits, Other", "v": 0.0011647911563094511}, {"l": "Apples", "v": 0.015069472765692553}]}, {"source": 24, "prod": 4.0, "target": 7, "value": 0.025470099951300004, "supply": [{"l": "Sesame seed", "v": 0.025470099951300004}]}, {"source": 24, "prod": 2.0, "target": 16, "value": 0.0086739040951539555, "supply": [{"l": "Pepper", "v": 0.0047166851761666672}, {"l": "Spices, Other", "v": 0.0039572189189872884}]}, {"source": 24, "prod": 24.0, "target": 12, "value": 0.019976548981411768, "supply": [{"l": "Potatoes", "v": 0.019976548981411768}]}, {"source": 8, "prod": 1.0, "target": 25, "value": 0.0034205712744514467, "supply": [{"l": "Treenuts", "v": 0.0034205712744514467}]}, {"source": 3, "prod": 3.0, "target": 25, "value": 0.00075858143319971951, "supply": [{"l": "Vegetables, Other", "v": 0.00054569983999606052}, {"l": "Tomatoes", "v": 0.00021288159320365902}]}, {"source": 10, "prod": 23.0, "target": 25, "value": 0.019724319827606061, "supply": [{"l": "Wine", "v": 0.019724319827606061}]}, {"source": 12, "prod": 3.0, "target": 25, "value": 0.002497068622676471, "supply": [{"l": "Potatoes", "v": 0.002497068622676471}]}, {"source": 4, "prod": 2.0, "target": 25, "value": 0.0079428586126715165, "supply": [{"l": "Pulses, Other", "v": 0.0079428586126715165}]}, {"source": 13, "prod": 16.0, "target": 25, "value": 0.013818897964758572, "supply": [{"l": "Pelagic Fish", "v": 0.0019485322367114755}, {"l": "Fish, Seafood", "v": 0.0058869136759956663}, {"l": "Crustaceans", "v": 0.0011320044422800002}, {"l": "Cephalopods", "v": 0.0048514476097714296}]}, {"source": 11, "prod": 2.0, "target": 25, "value": 0.004568717069453704, "supply": [{"l": "Infant food", "v": 0.0011622222200000001}, {"l": "Nuts", "v": 0.0034064948494537039}]}, {"source": 2, "prod": 7.0, "target": 25, "value": 0.024210540080871885, "supply": [{"l": "Cereals, Other", "v": 0.0072771714146571444}, {"l": "Wheat", "v": 0.01693336866621474}]}, {"source": 15, "prod": 36.0, "target": 25, "value": 0.36972725735758077, "supply": [{"l": "Olive Oil", "v": 0.36972725735758077}]}, {"source": 16, "prod": 4.0, "target": 25, "value": 0.014906229981468695, "supply": [{"l": "Spices, Other", "v": 0.0079144378379745767}, {"l": "Pimento", "v": 0.0069917921434941186}]}, {"source": 5, "prod": 34.0, "target": 25, "value": 0.031306967415897405, "supply": [{"l": "Dates", "v": 0.022920377485461659}, {"l": "Fruits, Other", "v": 0.0017471867344641769}, {"l": "Grapefruit", "v": 0.00028682544990202703}, {"l": "Oranges, Mandarines", "v": 0.0063525777460695428}]}, {"source": 10, "prod": 9.0, "target": 26, "value": 0.0077182121064545452, "supply": [{"l": "Wine", "v": 0.0077182121064545452}]}, {"source": 16, "prod": 1.0, "target": 26, "value": 0.0039572189189872884, "supply": [{"l": "Spices, Other", "v": 0.0039572189189872884}]}, {"source": 15, "prod": 72.0, "target": 26, "value": 0.73915325389976727, "supply": [{"l": "Olive Oil", "v": 0.71891411152862916}, {"l": "Soyabean Oil", "v": 0.010250867880432328}, {"l": "Oilcrops Oil, Other", "v": 0.0099882744907058823}]}, {"source": 4, "prod": 9.0, "target": 26, "value": 0.035742863757021827, "supply": [{"l": "Pulses, Other", "v": 0.035742863757021827}]}, {"source": 0, "prod": 11.0, "target": 26, "value": 0.007389336488968422, "supply": [{"l": "Milk - Excluding Butter", "v": 0.007389336488968422}]}, {"source": 2, "prod": 12.0, "target": 26, "value": 0.043663028487942866, "supply": [{"l": "Cereals, Other", "v": 0.043663028487942866}]}, {"source": 13, "prod": 1.0, "target": 26, "value": 0.0005660022211400001, "supply": [{"l": "Crustaceans", "v": 0.0005660022211400001}]}, {"source": 27, "prod": 4.0, "target": 1, "value": 0.0076344348853359285, "supply": [{"l": "Pelagic Fish", "v": 0.00097426611835573775}, {"l": "Bovine Meat", "v": 0.0066601687669801905}]}, {"source": 5, "prod": 8.0, "target": 26, "value": 0.014104847683361024, "supply": [{"l": "Dates", "v": 0.014104847683361024}]}, {"source": 27, "prod": 1.0, "target": 11, "value": 0.0011622222200000001, "supply": [{"l": "Infant food", "v": 0.0011622222200000001}]}, {"source": 14, "prod": 27.0, "target": 26, "value": 0.10419586343713638, "supply": [{"l": "Sugar", "v": 0.10419586343713638}]}, {"source": 27, "prod": 6.0, "target": 5, "value": 0.0020683750753498291, "supply": [{"l": "Grapefruit", "v": 0.00057365089980405406}, {"l": "Oranges, Mandarines", "v": 0.001494724175545775}]}, {"source": 27, "prod": 88.0, "target": 2, "value": 0.28396398248053228, "supply": [{"l": "Wheat", "v": 0.12192025439674614}, {"l": "Barley", "v": 0.15355369476668612}, {"l": "Rice", "v": 0.0084900333171}]}, {"source": 1, "prod": 496.0, "target": 0, "value": 0.33319189986621256, "supply": [{"l": "Milk - Excluding Butter", "v": 0.33319189986621256}]}, {"source": 1, "prod": 47.0, "target": 18, "value": 0.066190070173599527, "supply": [{"l": "Eggs", "v": 0.069006668904391}]}, {"source": 1, "prod": 135.0, "target": 19, "value": 0.25647790226559825, "supply": [{"l": "Poultry Meat", "v": 0.052506173498159142}, {"l": "Bovine Meat", "v": 0.095462418993382717}, {"l": "Meat, Other", "v": 0.0061745696851636363}, {"l": "Offals, Edible", "v": 0.014982411736058823}, {"l": "Mutton & Goat Meat", "v": 0.087352328352833949}]}, {"source": 1, "prod": 143.0, "target": 13, "value": 0.10842754150650147, "supply": [{"l": "Pelagic Fish", "v": 0.022408120722181967}, {"l": "Crustaceans", "v": 0.0022640088845600004}, {"l": "Freshwater Fish", "v": 0.00073586420949945828}, {"l": "Molluscs, Other", "v": 0.0014717284189989166}, {"l": "Marine Fish, Other", "v": 0.014454357797930107}, {"l": "Fish, Seafood", "v": 0.052246358874461538}, {"l": "Demersal Fish", "v": 0.0087827930866551732}, {"l": "Cephalopods", "v": 0.006064309512214287}]}, {"source": 20, "prod": 214.0, "target": 14, "value": 0.82391914236402286, "supply": [{"l": "Honey", "v": 0.003859106053227273}, {"l": "Sweeteners, Other", "v": 0.0019295530266136365}, {"l": "Sugar", "v": 0.81813048328418192}]}, {"source": 20, "prod": 281.0, "target": 15, "value": 2.8836488797700301, "supply": [{"l": "Olive Oil", "v": 1.6637726581091132}, {"l": "Soyabean Oil", "v": 0.90207637347804481}, {"l": "Rape and Mustard Oil", "v": 0.08260572957178379}, {"l": "Palm Oil", "v": 0.15369887901646551}, {"l": "Oilcrops Oil, Other", "v": 0.069917921434941174}, {"l": "Sunflowerseed Oil", "v": 0.011577318159681819}]}, {"source": 20, "prod": 10.0, "target": 17, "value": 0.092282970838043488, "supply": [{"l": "Fats, Animals, Raw", "v": 0.0424501665855}, {"l": "Butter, Ghee", "v": 0.049832804252543481}]}, {"source": 20, "prod": 93.0, "target": 10, "value": 0.067466217622351263, "supply": [{"l": "Beer", "v": 0.018124790227516851}, {"l": "Beverages, Alcoholic", "v": 0.0030321547561071431}, {"l": "Wine", "v": 0.046309272638727278}]}, {"source": 7, "prod": 758.5, "target": 28, "value": 0.84739549060772024, "supply": [{"l": "Olives", "v": 2.6149999949999998}, {"l": "Sunflower seed", "v": 0.010459999980000001}, {"l": "Sesame seed", "v": 0.0069733333200000004}, {"l": "Oilcrops, Other", "v": 0.012203333310000002}]}, {"source": 3, "prod": 1169.0, "target": 28, "value": 3.8326473934637679, "supply": [{"l": "Tomatoes", "v": 1.3040133308400002}, {"l": "Vegetables, Other", "v": 2.69170666152}, {"l": "Onions", "v": 0.080193333180000007}]}, {"source": 21, "prod": 26.800000000000001, "target": 28, "value": 0.031147555496000002, "supply": [{"l": "Sugar beet", "v": 0.031147555496000002}]}, {"source": 12, "prod": 81.25, "target": 28, "value": 0.28329166612499995, "supply": [{"l": "Potatoes", "v": 0.28329166612499995}]}, {"source": 4, "prod": 68.0, "target": 28, "value": 0.25039115851569055, "supply": [{"l": "Peas", "v": 0.0034866666599999998}, {"l": "Pulses, Other", "v": 0.23360666622000001}]}, {"source": 2, "prod": 3134.0, "target": 28, "value": 10.042051075535957, "supply": [{"l": "Maize", "v": 0.78449999850000007}, {"l": "Barley", "v": 2.3081733289200006}, {"l": "Rice", "v": 0.0069733333199999996}, {"l": "Cereals, Other", "v": 0.16735999967999998}, {"l": "Wheat", "v": 7.6079066521200014}, {"l": "Oats", "v": 0.024406666620000003}, {"l": "Sorghum", "v": 0.027893333279999998}]}, {"source": 29, "prod": 0, "target": 7, "value": 1.0327692451100292e-05, "supply": "[{\"l\":'Energy for power irrigation',\"v\":1.0327692451100292e-05}]"}, {"source": 29, "prod": 0, "target": 8, "value": 5.1059784695617796e-07, "supply": "[{\"l\":'Energy for power irrigation',\"v\":5.1059784695617796e-07}]"}, {"source": 29, "prod": 0, "target": 3, "value": 1.5917036882447251e-05, "supply": "[{\"l\":'Energy for power irrigation',\"v\":1.5917036882447251e-05}]"}, {"source": 29, "prod": 0, "target": 21, "value": 9.1226815322837123e-07, "supply": "[{\"l\":'Energy for power irrigation',\"v\":9.1226815322837123e-07}]"}, {"source": 29, "prod": 0, "target": 12, "value": 2.2125906701434379e-06, "supply": "[{\"l\":'Energy for power irrigation',\"v\":2.2125906701434379e-06}]"}, {"source": 29, "prod": 0, "target": 4, "value": 9.2588409581386939e-07, "supply": "[{\"l\":'Energy for power irrigation',\"v\":9.2588409581386939e-07}]"}, {"source": 29, "prod": 0, "target": 11, "value": 5.1740581824892694e-07, "supply": "[{\"l\":'Energy for power irrigation',\"v\":5.1740581824892694e-07}]"}, {"source": 29, "prod": 0, "target": 2, "value": 2.1336182031475488e-05, "supply": "[{\"l\":'Energy for power irrigation',\"v\":2.1336182031475488e-05}]"}, {"source": 29, "prod": 0, "target": 16, "value": 2.7231885170996158e-07, "supply": "[{\"l\":'Energy for power irrigation',\"v\":2.7231885170996158e-07}]"}, {"source": 29, "prod": 0, "target": 5, "value": 7.2300655128994794e-06, "supply": "[{\"l\":'Energy for power irrigation',\"v\":7.2300655128994794e-06}]"}, {"source": 29, "prod": 0, "target": 20, "value": 0.075000000059999988, "supply": "[{\"l\":'Electricity',\"v\":0.075000000059999988}]"}, {"source": 30, "prod": 0, "target": 29, "value": 0.18534257099126861, "supply": [{"l": "Coal", "v": 0.0}, {"l": "Natural gas", "v": 0.052397022641356698}, {"l": "Oil", "v": 0.1329455483499119}]}, {"source": 31, "prod": 0, "target": 29, "value": 0.00061299579197323436, "supply": [{"l": "Nuclear", "v": 0.0}, {"l": "Hydroelectric", "v": 0.00061299579197323436}, {"l": "Renewable", "v": 0.0}]}, {"source": 30, "prod": 0, "target": 7, "value": 0.47910657075532892, "supply": [{"l": "Gas-Diesel oil", "v": 0.41816842598856013}, {"l": "Natural gas (including LNG)", "v": 0.01094640213711091}, {"l": "Fuel oil", "v": 0.049991742629657818}]}, {"source": 30, "prod": 0, "target": 8, "value": 0.023686877262128984, "supply": [{"l": "Gas-Diesel oil", "v": 0.020674114666540545}, {"l": "Natural gas (including LNG)", "v": 0.00054118665806415181}, {"l": "Fuel oil", "v": 0.0024715759375242823}]}, {"source": 30, "prod": 0, "target": 3, "value": 0.73839892051810074, "supply": [{"l": "Gas-Diesel oil", "v": 0.64448106787162385}, {"l": "Natural gas (including LNG)", "v": 0.016870592087386491}, {"l": "Fuel oil", "v": 0.07704726055909028}]}, {"source": 30, "prod": 0, "target": 21, "value": 0.042320554041670448, "supply": [{"l": "Gas-Diesel oil", "v": 0.036937751537552438}, {"l": "Natural gas (including LNG)", "v": 0.00096692016240795115}, {"l": "Fuel oil", "v": 0.0044158823417100503}]}, {"source": 30, "prod": 0, "target": 12, "value": 0.10264313480255893, "supply": [{"l": "Gas-Diesel oil", "v": 0.089587830221675699}, {"l": "Natural gas (including LNG)", "v": 0.0023451421849446578}, {"l": "Fuel oil", "v": 0.010710162395938557}]}, {"source": 30, "prod": 0, "target": 4, "value": 0.042952204101993893, "supply": [{"l": "Gas-Diesel oil", "v": 0.037489061261993521}, {"l": "Natural gas (including LNG)", "v": 0.00098135180662299528}, {"l": "Fuel oil", "v": 0.0044817910333773648}]}, {"source": 30, "prod": 0, "target": 11, "value": 0.024002702292290703, "supply": [{"l": "Gas-Diesel oil", "v": 0.020949769528761087}, {"l": "Natural gas (including LNG)", "v": 0.00054840248017167382}, {"l": "Fuel oil", "v": 0.0025045302833579391}]}, {"source": 30, "prod": 0, "target": 2, "value": 0.98979564452682978, "supply": [{"l": "Gas-Diesel oil", "v": 0.86390233819917428}, {"l": "Natural gas (including LNG)", "v": 0.022614386484974023}, {"l": "Fuel oil", "v": 0.10327891984268134}]}, {"source": 30, "prod": 0, "target": 16, "value": 0.012633001206468791, "supply": [{"l": "Gas-Diesel oil", "v": 0.011026194488821625}, {"l": "Natural gas (including LNG)", "v": 0.00028863288430088099}, {"l": "Fuel oil", "v": 0.0013181738333462839}]}, {"source": 30, "prod": 0, "target": 5, "value": 0.33540618203174638, "supply": [{"l": "Gas-Diesel oil", "v": 0.29274546367821414}, {"l": "Natural gas (including LNG)", "v": 0.0076632030781883893}, {"l": "Fuel oil", "v": 0.034997515275343838}]}, {"source": 32, "prod": 13.48406370002259, "target": 7, "value": 0.13604497930844445, "supply": [{"l": "Potash", "v": 0.01025555556376}, {"l": "Phosphate", "v": 0.17464583347304999}, {"l": "Nitrogen", "v": 0.60912777826508002}]}, {"source": 32, "prod": 0.66664784278292299, "target": 8, "value": 0.0067260207304768189, "supply": [{"l": "Potash", "v": 0.01025555556376}, {"l": "Phosphate", "v": 0.17464583347304999}, {"l": "Nitrogen", "v": 0.60912777826508002}]}, {"source": 32, "prod": 20.781635419019651, "target": 3, "value": 0.209672486238064, "supply": [{"l": "Potash", "v": 0.01025555556376}, {"l": "Phosphate", "v": 0.17464583347304999}, {"l": "Nitrogen", "v": 0.60912777826508002}]}, {"source": 32, "prod": 1.191077479105489, "target": 21, "value": 0.012017157038451916, "supply": [{"l": "Potash", "v": 0.01025555556376}, {"l": "Phosphate", "v": 0.17464583347304999}, {"l": "Nitrogen", "v": 0.60912777826508002}]}, {"source": 32, "prod": 2.8888073187259997, "target": 12, "value": 0.029146089832066215, "supply": [{"l": "Potash", "v": 0.01025555556376}, {"l": "Phosphate", "v": 0.17464583347304999}, {"l": "Nitrogen", "v": 0.60912777826508002}]}, {"source": 32, "prod": 1.2088547549130337, "target": 4, "value": 0.012196517591264631, "supply": [{"l": "Potash", "v": 0.01025555556376}, {"l": "Phosphate", "v": 0.17464583347304999}, {"l": "Nitrogen", "v": 0.60912777826508002}]}, {"source": 32, "prod": 0.67553648068669525, "target": 11, "value": 0.0068157010068831759, "supply": [{"l": "Potash", "v": 0.01025555556376}, {"l": "Phosphate", "v": 0.17464583347304999}, {"l": "Nitrogen", "v": 0.60912777826508002}]}, {"source": 32, "prod": 27.856991190422409, "target": 2, "value": 0.28105798625752465, "supply": [{"l": "Potash", "v": 0.01025555556376}, {"l": "Phosphate", "v": 0.17464583347304999}, {"l": "Nitrogen", "v": 0.60912777826508002}]}, {"source": 32, "prod": 0.3555455161508923, "target": 16, "value": 0.0035872110562543032, "supply": [{"l": "Potash", "v": 0.01025555556376}, {"l": "Phosphate", "v": 0.17464583347304999}, {"l": "Nitrogen", "v": 0.60912777826508002}]}, {"source": 32, "prod": 9.4397334538061894, "target": 5, "value": 0.095240453543551748, "supply": [{"l": "Potash", "v": 0.01025555556376}, {"l": "Phosphate", "v": 0.17464583347304999}, {"l": "Nitrogen", "v": 0.60912777826508002}]}, {"source": 30, "prod": 0, "target": 32, "value": 0.93781250358860868, "supply": [{"l": "Natural gas (including LNG)", "v": 0.64741293479568451}, {"l": "Fuel oil", "v": 0.18272332873503178}, {"l": "Liquefied petroleum gas (LPG)", "v": 0.05383812002894621}, {"l": "Coal", "v": 0.05383812002894621}]}, {"source": 33, "prod": 0, "target": 12, "value": 0.020144058735961073, "supply": "[{\"l\":'Labor',\"v\":0.020144058735961073}]"}, {"source": 33, "prod": 0, "target": 7, "value": 0.094026268007547542, "supply": "[{\"l\":'Labor',\"v\":0.094026268007547542}]"}, {"source": 33, "prod": 0, "target": 8, "value": 0.0046486289390679399, "supply": "[{\"l\":'Labor',\"v\":0.0046486289390679399}]"}, {"source": 33, "prod": 0, "target": 3, "value": 0.14491325946054456, "supply": "[{\"l\":'Labor',\"v\":0.14491325946054456}]"}, {"source": 33, "prod": 0, "target": 21, "value": 0.0083055503711347185, "supply": "[{\"l\":'Labor',\"v\":0.0083055503711347185}]"}, {"source": 33, "prod": 0, "target": 11, "value": 0.0047106106582555122, "supply": "[{\"l\":'Labor',\"v\":0.0047106106582555122}]"}, {"source": 33, "prod": 0, "target": 4, "value": 0.008429513809509865, "supply": "[{\"l\":'Labor',\"v\":0.008429513809509865}]"}, {"source": 33, "prod": 0, "target": 5, "value": 0.06582458577720203, "supply": "[{\"l\":'Labor',\"v\":0.06582458577720203}]"}, {"source": 33, "prod": 0, "target": 2, "value": 0.19425070793385232, "supply": "[{\"l\":'Labor',\"v\":0.19425070793385232}]"}, {"source": 33, "prod": 0, "target": 16, "value": 0.0024792687675029013, "supply": "[{\"l\":'Labor',\"v\":0.0024792687675029013}]"}, {"source": 33, "prod": 0, "target": 9, "value": 0.0010536892261887331, "supply": "[{\"l\":'Labor',\"v\":0.0010536892261887331}]"}, {"source": 30, "prod": 0, "target": 24, "value": 2.3543226754930986, "supply": "[{\"l\":'Fossil Fuels',\"v\":2.3543226754930986}]"}, {"source": 31, "prod": 0, "target": 24, "value": 0.39825139596723791, "supply": "[{\"l\":'Renewables & Nuclear',\"v\":0.0018210200787310816},{\"l\":'Biomass & Waste',\"v\":0.39643037588850683}]"}]}