{"nodes": [{"layer": 3, "name": "Cereals", "fill": "#e7ba52"}, {"layer": 5, "name": "Production", "fill": "#b5cf6b"}, {"layer": 3, "name": "Oilcrops", "fill": "#ff9896"}, {"layer": 3, "name": "Fruits, Roots & Vegetables", "fill": "#98df8a"}, {"layer": 3, "name": "Sugar Crops", "fill": "#ffbb78"}, {"layer": 1, "name": "Electricity", "fill": "#bcbd22"}, {"layer": 0, "name": "Fossil Fuels", "fill": "#c49c94"}, {"layer": 0, "name": "Renewables & Nuclear", "fill": "#2ca02c"}, {"layer": 1, "name": "Fertilizers", "fill": "#c5b0d5"}, {"layer": 0, "name": "Labor", "fill": "#7f7f7f"}], "links": [{"source": 0, "prod": 813.0, "target": 1, "value": 2.7259597897893033, "supply": [{"l": "Barley", "v": 0.47631373786592168}, {"l": "Cereals, Other", "v": 0.17326598606326532}, {"l": "Wheat", "v": 2.032231892611196}, {"l": "Oats", "v": 0.023772093287880002}, {"l": "Sorghum", "v": 0.020376079961040003}]}, {"source": 2, "prod": 282.0, "target": 1, "value": 0.30202019141700248, "supply": [{"l": "Olives", "v": 0.29530550668173911}, {"l": "Oilcrops, Other", "v": 0.006714684735263354}]}, {"source": 3, "prod": 989.0, "target": 1, "value": 0.77436960765706431, "supply": [{"l": "Nuts", "v": 0.042060715515908259}, {"l": "Grapefruit", "v": 0.0046488888800000003}, {"l": "Tomatoes", "v": 0.020941662299226636}, {"l": "Treenuts", "v": 0.043663028487942859}, {"l": "Vegetables, Other", "v": 0.10842863919167779}, {"l": "Grapes", "v": 0.099336248407146457}, {"l": "Pimento", "v": 0.020877131107622952}, {"l": "Dates", "v": 0.12173209535547795}, {"l": "Potatoes", "v": 0.048560724406673021}, {"l": "Apples", "v": 0.004218650095453416}, {"l": "Lemons, Limes", "v": 0.0040428730081428568}, {"l": "Spices, Other", "v": 0.019295530266136365}, {"l": "Fruits, Other", "v": 0.054571417068601455}, {"l": "Oranges, Mandarines", "v": 0.017801682761661292}, {"l": "Onions", "v": 0.0089818992271586909}, {"l": "Pulses, Other", "v": 0.15520842157823439}]}, {"source": 4, "prod": 34.0, "target": 1, "value": 0.039515555480000006, "supply": [{"l": "Sugar beet", "v": 0.039515555480000006}]}, {"source": 5, "prod": 0, "target": 3, "value": 3.7794106295008447e-06, "supply": "[{\"l\":'Energy for power irrigation',\"v\":3.7794106295008447e-06}]"}, {"source": 5, "prod": 0, "target": 4, "value": 1.2901602550504891e-07, "supply": "[{\"l\":'Energy for power irrigation',\"v\":1.2901602550504891e-07}]"}, {"source": 5, "prod": 0, "target": 0, "value": 3.7092107332701564e-06, "supply": "[{\"l\":'Energy for power irrigation',\"v\":3.7092107332701564e-06}]"}, {"source": 5, "prod": 0, "target": 2, "value": 1.0700740938948175e-06, "supply": "[{\"l\":'Energy for power irrigation',\"v\":1.0700740938948175e-06}]"}, {"source": 6, "prod": 0, "target": 5, "value": 2.1377504697338055e-05, "supply": [{"l": "Coal", "v": 0.0}, {"l": "Natural gas", "v": 2.7895324115860787e-06}, {"l": "Oil", "v": 1.8587972285751978e-05}]}, {"source": 7, "prod": 0, "target": 5, "value": 4.8987216620677705e-07, "supply": [{"l": "Nuclear", "v": 0.0}, {"l": "Hydroelectric", "v": 4.8987216620677705e-07}, {"l": "Renewable", "v": 0.0}]}, {"source": 6, "prod": 0, "target": 3, "value": 1.21647938754473, "supply": [{"l": "Gas-Diesel oil", "v": 1.0617539015069946}, {"l": "Natural gas (including LNG)", "v": 0.027793550287940599}, {"l": "Fuel oil", "v": 0.12693193574979478}]}, {"source": 6, "prod": 0, "target": 4, "value": 0.041526404795703638, "supply": [{"l": "Gas-Diesel oil", "v": 0.036244611095620292}, {"l": "Natural gas (including LNG)", "v": 0.00094877581304214891}, {"l": "Fuel oil", "v": 0.0043330178870411868}]}, {"source": 6, "prod": 0, "target": 0, "value": 1.1938841378764795, "supply": [{"l": "Gas-Diesel oil", "v": 1.0420325689990835}, {"l": "Natural gas (including LNG)", "v": 0.027277304624961782}, {"l": "Fuel oil", "v": 0.12457426425243412}]}, {"source": 6, "prod": 0, "target": 2, "value": 0.34442488683495365, "supply": [{"l": "Gas-Diesel oil", "v": 0.3006170684989683}, {"l": "Natural gas (including LNG)", "v": 0.00786925821405547}, {"l": "Fuel oil", "v": 0.035938560121929843}]}, {"source": 8, "prod": 12.518408386110504, "target": 3, "value": 0.10605745688036172, "supply": [{"l": "Potash", "v": 0.008204444451008}, {"l": "Phosphate", "v": 0.069546916722304189}, {"l": "Nitrogen", "v": 0.166042361243945}]}, {"source": 8, "prod": 0.42733522603188467, "target": 4, "value": 0.0036204352750324282, "supply": [{"l": "Potash", "v": 0.008204444451008}, {"l": "Phosphate", "v": 0.069546916722304189}, {"l": "Nitrogen", "v": 0.166042361243945}]}, {"source": 8, "prod": 12.285887748416684, "target": 0, "value": 0.10408751415718231, "supply": [{"l": "Potash", "v": 0.008204444451008}, {"l": "Phosphate", "v": 0.069546916722304189}, {"l": "Nitrogen", "v": 0.166042361243945}]}, {"source": 8, "prod": 3.5443686394409259, "target": 2, "value": 0.030028316104680729, "supply": [{"l": "Potash", "v": 0.008204444451008}, {"l": "Phosphate", "v": 0.069546916722304189}, {"l": "Nitrogen", "v": 0.166042361243945}]}, {"source": 6, "prod": 0, "target": 8, "value": 0.29242951251845112, "supply": [{"l": "Natural gas (including LNG)", "v": 0.20106674060213212}, {"l": "Fuel oil", "v": 0.062011266719815189}, {"l": "Liquefied petroleum gas (LPG)", "v": 0.014675752598251903}, {"l": "Coal", "v": 0.014675752598251903}]}, {"source": 9, "prod": 0, "target": 3, "value": 0.14113503585839474, "supply": "[{\"l\":'Labor',\"v\":0.14113503585839474}]"}, {"source": 9, "prod": 0, "target": 4, "value": 0.0048178626698648806, "supply": "[{\"l\":'Labor',\"v\":0.0048178626698648806}]"}, {"source": 9, "prod": 0, "target": 0, "value": 0.13851355175861529, "supply": "[{\"l\":'Labor',\"v\":0.13851355175861529}]"}, {"source": 9, "prod": 0, "target": 2, "value": 0.039959919791232243, "supply": "[{\"l\":'Labor',\"v\":0.039959919791232243}]"}]}