{"nodes": [{"layer": 5, "name": "Fruits, Roots & Vegetables", "fill": "#98df8a"}, {"layer": 10, "name": "Feed", "fill": "#dbdb8d"}, {"layer": 13, "name": "Animal Products", "fill": "#17becf"}, {"layer": 5, "name": "Cereals", "fill": "#e7ba52"}, {"layer": 13, "name": "Other Processed", "fill": "#9c9ede"}, {"layer": 16, "name": "Food", "fill": "#b5cf6b"}, {"layer": 5, "name": "Oilcrops", "fill": "#ff9896"}, {"layer": 13, "name": "Sugar", "fill": "#d6616b"}, {"layer": 13, "name": "Aquatic Products", "fill": "#1f77b4"}, {"layer": 13, "name": "Vegetable Oils", "fill": "#f7b6d2"}, {"layer": 10, "name": "Processing", "fill": "#9edae5"}, {"layer": 5, "name": "Sugar Crops", "fill": "#ffbb78"}, {"layer": 16, "name": "Biofuels & Other", "fill": "#e7ba52"}, {"name": "Seed", "fill": "#dbdb8d"}, {"name": "Waste", "fill": "#c7c7c7"}, {"layer": 0, "name": "Import", "fill": "#aec7e8"}, {"layer": 16, "name": "Export", "fill": "#aec7e8"}, {"layer": 0, "name": "Stock Draw", "fill": "#c7c7c7"}, {"layer": 16, "name": "Stock Deposit", "fill": "#c7c7c7"}, {"layer": 0, "name": "Production", "fill": "#b5cf6b"}], "links": [{"source": 0, "prod": 0.028454746443109732, "target": 1, "value": 24.0, "supply": [{"l": "Dates", "v": 2.0}, {"l": "Vegetables, Other", "v": 17.0}, {"l": "Pulses, Other", "v": 5.0}]}, {"source": 2, "prod": 0.0013858819467232081, "target": 1, "value": 2.0, "supply": [{"l": "Milk - Excluding Butter", "v": 2.0}]}, {"source": 3, "prod": 0.39724962581195017, "target": 1, "value": 123.0, "supply": [{"l": "Cereals, Other", "v": 14.0}, {"l": "Wheat", "v": 9.0}, {"l": "Barley", "v": 86.0}, {"l": "Maize", "v": 10.0}, {"l": "Oats", "v": 4.0}]}, {"source": 4, "prod": 0.087223088890991327, "target": 5, "value": 62.0, "supply": [{"l": "Beer", "v": 36.0}, {"l": "Beverages, Alcoholic", "v": 1.0}, {"l": "Fats, Animals, Raw", "v": 3.0}, {"l": "Butter, Ghee", "v": 2.0}, {"l": "Wine", "v": 20.0}]}, {"source": 2, "prod": 0.24405540666216177, "target": 5, "value": 237.0, "supply": [{"l": "Meat, Other", "v": 3.0}, {"l": "Eggs", "v": 6.0}, {"l": "Mutton & Goat Meat", "v": 24.0}, {"l": "Milk - Excluding Butter", "v": 174.0}, {"l": "Bovine Meat", "v": 15.0}, {"l": "Poultry Meat", "v": 8.0}, {"l": "Offals, Edible", "v": 7.0}]}, {"source": 3, "prod": 2.4325303709539869, "target": 5, "value": 723.0, "supply": [{"l": "Barley", "v": 72.0}, {"l": "Rice", "v": 3.0}, {"l": "Wheat", "v": 636.0}, {"l": "Cereals, Other", "v": 9.0}, {"l": "Sorghum", "v": 3.0}]}, {"source": 6, "prod": 0.013277841204022924, "target": 5, "value": 7.0, "supply": [{"l": "Olives", "v": 6.0}, {"l": "Sesame seed", "v": 1.0}]}, {"source": 0, "prod": 0.35729185383103329, "target": 5, "value": 615.0, "supply": [{"l": "Nuts", "v": 3.0}, {"l": "Grapefruit", "v": 1.0}, {"l": "Tomatoes", "v": 77.0}, {"l": "Coffee", "v": 3.0}, {"l": "Treenuts", "v": 3.0}, {"l": "Vegetables, Other", "v": 279.0}, {"l": "Grapes", "v": 52.0}, {"l": "Pimento", "v": 3.0}, {"l": "Dates", "v": 9.0}, {"l": "Potatoes", "v": 39.0}, {"l": "Apples", "v": 4.0}, {"l": "Lemons, Limes", "v": 6.0}, {"l": "Bananas", "v": 3.0}, {"l": "Spices, Other", "v": 4.0}, {"l": "Fruits, Other", "v": 69.0}, {"l": "Oranges, Mandarines", "v": 30.0}, {"l": "Tea", "v": 4.0}, {"l": "Onions", "v": 9.0}, {"l": "Pulses, Other", "v": 17.0}]}, {"source": 7, "prod": 0.40777151716241034, "target": 5, "value": 100.0, "supply": [{"l": "Sugar", "v": 97.0}, {"l": "Sweeteners, Other", "v": 3.0}]}, {"source": 8, "prod": 0.023923086039025553, "target": 5, "value": 30.0, "supply": [{"l": "Fish, Seafood", "v": 15.0}, {"l": "Cephalopods", "v": 1.0}, {"l": "Pelagic Fish", "v": 6.0}, {"l": "Demersal Fish", "v": 8.0}]}, {"source": 9, "prod": 0.45214066441629325, "target": 5, "value": 44.0, "supply": [{"l": "Soyabean Oil", "v": 6.0}, {"l": "Olive Oil", "v": 37.0}, {"l": "Oilcrops Oil, Other", "v": 1.0}]}, {"source": 0, "prod": 0.14879439834092784, "target": 10, "value": 221.0, "supply": [{"l": "Grapes", "v": 221.0}]}, {"source": 11, "prod": 0.038353333260000004, "target": 10, "value": 33.0, "supply": [{"l": "Sugar beet", "v": 33.0}]}, {"source": 3, "prod": 0.027741875590180959, "target": 10, "value": 9.0, "supply": [{"l": "Barley", "v": 9.0}]}, {"source": 6, "prod": 0.25279798644141366, "target": 10, "value": 220.0, "supply": [{"l": "Olives", "v": 219.0}, {"l": "Oilcrops, Other", "v": 1.0}]}, {"source": 4, "prod": 0.0008610581457505072, "target": 10, "value": 1.0, "supply": [{"l": "Wine", "v": 1.0}]}, {"source": 0, "prod": 0.010204330680445819, "target": 12, "value": 5.0, "supply": [{"l": "Dates", "v": 1.0}, {"l": "Treenuts", "v": 1.0}, {"l": "Vegetables, Other", "v": 2.0}, {"l": "Nuts", "v": 1.0}]}, {"source": 4, "prod": 0.0039344192641278947, "target": 12, "value": 5.0, "supply": [{"l": "Beer", "v": 1.0}, {"l": "Wine", "v": 4.0}]}, {"source": 9, "prod": 0.10157409100426491, "target": 12, "value": 10.0, "supply": [{"l": "Olive Oil", "v": 2.0}, {"l": "Soyabean Oil", "v": 5.0}, {"l": "Palm Oil", "v": 2.0}, {"l": "Oilcrops Oil, Other", "v": 1.0}]}, {"source": 2, "prod": 0.00069294097336160406, "target": 12, "value": 1.0, "supply": [{"l": "Milk - Excluding Butter", "v": 1.0}]}, {"source": 0, "prod": 0.028888541546934533, "target": 13, "value": 12.0, "supply": [{"l": "Potatoes", "v": 6.0}, {"l": "Pulses, Other", "v": 6.0}]}, {"source": 2, "prod": 0.0013693602124354839, "target": 2, "value": 1.0, "supply": [{"l": "Eggs", "v": 1.0}]}, {"source": 3, "prod": 0.43315895301654628, "target": 13, "value": 132.0, "supply": [{"l": "Cereals, Other", "v": 1.0}, {"l": "Wheat", "v": 83.0}, {"l": "Barley", "v": 47.0}, {"l": "Oats", "v": 1.0}]}, {"source": 0, "prod": 0.032986503783248328, "target": 14, "value": 63.0, "supply": [{"l": "Dates", "v": 1.0}, {"l": "Grapes", "v": 3.0}, {"l": "Spices, Other", "v": 1.0}, {"l": "Potatoes", "v": 5.0}, {"l": "Vegetables, Other", "v": 30.0}, {"l": "Fruits, Other", "v": 8.0}, {"l": "Oranges, Mandarines", "v": 7.0}, {"l": "Lemons, Limes", "v": 1.0}, {"l": "Onions", "v": 1.0}, {"l": "Tomatoes", "v": 5.0}, {"l": "Pulses, Other", "v": 1.0}]}, {"source": 2, "prod": 0.0027717638934464162, "target": 14, "value": 4.0, "supply": [{"l": "Milk - Excluding Butter", "v": 4.0}]}, {"source": 3, "prod": 0.25241803175204364, "target": 14, "value": 75.0, "supply": [{"l": "Wheat", "v": 70.0}, {"l": "Barley", "v": 5.0}]}, {"source": 15, "prod": 0.57716741806991589, "target": 10, "value": 118.0, "supply": [{"l": "Sugar", "v": 100.0}, {"l": "Beer", "v": 1.0}, {"l": "Oilcrops Oil, Other", "v": 2.0}, {"l": "Butter, Ghee", "v": 1.0}, {"l": "Sweeteners, Other", "v": 1.0}, {"l": "Soyabean Oil", "v": 11.0}, {"l": "Palm Oil", "v": 2.0}]}, {"source": 15, "prod": 1.2798063548478471, "target": 3, "value": 385.0, "supply": [{"l": "Maize", "v": 10.0}, {"l": "Rice", "v": 4.0}, {"l": "Cereals, Other", "v": 4.0}, {"l": "Wheat", "v": 273.0}, {"l": "Barley", "v": 94.0}]}, {"source": 15, "prod": 0.015020828176407692, "target": 6, "value": 2.0, "supply": [{"l": "Sesame seed", "v": 1.0}, {"l": "Groundnuts", "v": 1.0}]}, {"source": 15, "prod": 0.02155747391946523, "target": 0, "value": 28.0, "supply": [{"l": "Potatoes", "v": 13.0}, {"l": "Fruits, Other", "v": 1.0}, {"l": "Coffee", "v": 3.0}, {"l": "Apples", "v": 1.0}, {"l": "Pulses, Other", "v": 1.0}, {"l": "Bananas", "v": 3.0}, {"l": "Tea", "v": 4.0}, {"l": "Vegetables, Other", "v": 2.0}]}, {"source": 15, "prod": 0.029103520881187367, "target": 1, "value": 42.0, "supply": [{"l": "Milk - Excluding Butter", "v": 42.0}]}, {"source": 4, "prod": 0.10763226821881339, "target": 16, "value": 125.0, "supply": [{"l": "Wine", "v": 125.0}]}, {"source": 2, "prod": 0.00069294097336160406, "target": 16, "value": 1.0, "supply": [{"l": "Milk - Excluding Butter", "v": 1.0}]}, {"source": 3, "prod": 0.12527453585594772, "target": 16, "value": 37.0, "supply": [{"l": "Wheat", "v": 37.0}]}, {"source": 6, "prod": 0.0065307948593076922, "target": 16, "value": 1.0, "supply": [{"l": "Oilcrops, Other", "v": 1.0}]}, {"source": 0, "prod": 0.081331351579833455, "target": 16, "value": 90.0, "supply": [{"l": "Dates", "v": 10.0}, {"l": "Treenuts", "v": 3.0}, {"l": "Potatoes", "v": 4.0}, {"l": "Fruits, Other", "v": 10.0}, {"l": "Vegetables, Other", "v": 5.0}, {"l": "Nuts", "v": 3.0}, {"l": "Pulses, Other", "v": 1.0}, {"l": "Oranges, Mandarines", "v": 36.0}, {"l": "Pimento", "v": 2.0}, {"l": "Lemons, Limes", "v": 5.0}, {"l": "Tomatoes", "v": 11.0}]}, {"source": 7, "prod": 0.0041266011473647512, "target": 16, "value": 1.0, "supply": [{"l": "Sugar", "v": 1.0}]}, {"source": 8, "prod": 0.0098968381001495014, "target": 16, "value": 10.0, "supply": [{"l": "Pelagic Fish", "v": 5.0}, {"l": "Fish, Seafood", "v": 5.0}]}, {"source": 9, "prod": 0.5547942563649505, "target": 16, "value": 54.0, "supply": [{"l": "Olive Oil", "v": 54.0}]}, {"source": 17, "prod": 0.0158166295731639, "target": 0, "value": 11.0, "supply": [{"l": "Dates", "v": 7.0}, {"l": "Oranges, Mandarines", "v": 2.0}, {"l": "Fruits, Other", "v": 2.0}]}, {"source": 4, "prod": 0.030998093247018257, "target": 18, "value": 36.0, "supply": [{"l": "Wine", "v": 36.0}]}, {"source": 3, "prod": 0.32235507893365067, "target": 18, "value": 97.0, "supply": [{"l": "Wheat", "v": 77.0}, {"l": "Barley", "v": 20.0}]}, {"source": 6, "prod": 0.0084900333171, "target": 18, "value": 1.0, "supply": [{"l": "Groundnuts", "v": 1.0}]}, {"source": 17, "prod": 0.41095870841848187, "target": 10, "value": 40.0, "supply": [{"l": "Olive Oil", "v": 40.0}]}, {"source": 7, "prod": 0.020633005736823758, "target": 18, "value": 5.0, "supply": [{"l": "Sugar", "v": 5.0}]}, {"source": 19, "prod": 2.7251366248616669, "target": 3, "value": 815.0, "supply": [{"l": "Barley", "v": 145.0}, {"l": "Cereals, Other", "v": 20.0}, {"l": "Wheat", "v": 640.0}, {"l": "Oats", "v": 6.0}, {"l": "Sorghum", "v": 4.0}]}, {"source": 19, "prod": 0.26607582764543658, "target": 6, "value": 227.0, "supply": [{"l": "Olives", "v": 225.0}, {"l": "Oilcrops, Other", "v": 2.0}]}, {"source": 19, "prod": 0.64819107547483379, "target": 0, "value": 990.0, "supply": [{"l": "Nuts", "v": 7.0}, {"l": "Grapefruit", "v": 1.0}, {"l": "Tomatoes", "v": 93.0}, {"l": "Treenuts", "v": 7.0}, {"l": "Vegetables, Other", "v": 331.0}, {"l": "Grapes", "v": 275.0}, {"l": "Pimento", "v": 5.0}, {"l": "Dates", "v": 15.0}, {"l": "Potatoes", "v": 41.0}, {"l": "Apples", "v": 3.0}, {"l": "Lemons, Limes", "v": 13.0}, {"l": "Spices, Other", "v": 5.0}, {"l": "Fruits, Other", "v": 84.0}, {"l": "Oranges, Mandarines", "v": 71.0}, {"l": "Onions", "v": 10.0}, {"l": "Pulses, Other", "v": 29.0}]}, {"source": 19, "prod": 0.038353333260000004, "target": 11, "value": 33.0, "supply": [{"l": "Sugar beet", "v": 33.0}]}, {"source": 1, "prod": 0.033819924139175055, "target": 8, "value": 40.0, "supply": [{"l": "Pelagic Fish", "v": 11.0}, {"l": "Demersal Fish", "v": 8.0}, {"l": "Cephalopods", "v": 1.0}, {"l": "Fish, Seafood", "v": 20.0}]}, {"source": 1, "prod": 0.24959893444905462, "target": 2, "value": 245.0, "supply": [{"l": "Poultry Meat", "v": 8.0}, {"l": "Bovine Meat", "v": 15.0}, {"l": "Eggs", "v": 7.0}, {"l": "Milk - Excluding Butter", "v": 182.0}, {"l": "Offals, Edible", "v": 7.0}, {"l": "Meat, Other", "v": 3.0}, {"l": "Mutton & Goat Meat", "v": 24.0}]}, {"source": 10, "prod": 0.23064892776670137, "target": 4, "value": 229.0, "supply": [{"l": "Fats, Animals, Raw", "v": 3.0}, {"l": "Beer", "v": 37.0}, {"l": "Beverages, Alcoholic", "v": 1.0}, {"l": "Butter, Ghee", "v": 2.0}, {"l": "Wine", "v": 186.0}]}, {"source": 10, "prod": 1.1085090117855088, "target": 9, "value": 108.0, "supply": [{"l": "Olive Oil", "v": 93.0}, {"l": "Palm Oil", "v": 2.0}, {"l": "Oilcrops Oil, Other", "v": 2.0}, {"l": "Soyabean Oil", "v": 11.0}]}, {"source": 10, "prod": 0.43253112404659882, "target": 7, "value": 106.0, "supply": [{"l": "Sweeteners, Other", "v": 3.0}, {"l": "Sugar", "v": 103.0}]}]}