{"nodes": [{"layer": 13, "name": "Milk - Excluding Butter"}, {"layer": 10, "name": "Feed", "fill": "#dbdb8d"}, {"layer": 5, "name": "Cereals - Excluding Beer"}, {"layer": 5, "name": "Vegetables"}, {"layer": 5, "name": "Pulses"}, {"layer": 5, "name": "Fruits - Excluding Wine"}, {"layer": 16, "name": "Food", "fill": "#b5cf6b"}, {"layer": 5, "name": "Spices"}, {"layer": 5, "name": "Oilcrops", "fill": "#ff9896"}, {"layer": 5, "name": "Treenuts"}, {"layer": 13, "name": "Alcoholic Beverages"}, {"layer": 5, "name": "Others"}, {"layer": 5, "name": "Starchy Roots"}, {"layer": 13, "name": "Fish, Seafood"}, {"layer": 13, "name": "Sugar & Sweeteners"}, {"layer": 13, "name": "Vegetable Oils", "fill": "#f7b6d2"}, {"layer": 13, "name": "Animal Fats"}, {"layer": 5, "name": "Stimulants"}, {"layer": 13, "name": "Eggs"}, {"layer": 13, "name": "Meat"}, {"layer": 10, "name": "Processing", "fill": "#9edae5"}, {"layer": 5, "name": "Sugar Crops", "fill": "#ffbb78"}, {"layer": 16, "name": "Biofuels & Other", "fill": "#e7ba52"}, {"name": "Seed", "fill": "#dbdb8d"}, {"name": "Waste", "fill": "#c7c7c7"}, {"layer": 0, "name": "Import", "fill": "#aec7e8"}, {"layer": 16, "name": "Export", "fill": "#aec7e8"}, {"layer": 16, "name": "Stock Deposit", "fill": "#c7c7c7"}, {"layer": 0, "name": "Stock Draw", "fill": "#c7c7c7"}, {"layer": 0, "name": "Production", "fill": "#b5cf6b"}], "links": [{"source": 0, "prod": 0.0019984012664946761, "target": 1, "value": 3.0, "supply": [{"l": "Milk - Excluding Butter", "v": 3.0}]}, {"source": 2, "prod": 0.43781040131518911, "target": 1, "value": 135.0, "supply": [{"l": "Cereals, Other", "v": 18.0}, {"l": "Wheat", "v": 9.0}, {"l": "Barley", "v": 89.0}, {"l": "Maize", "v": 15.0}, {"l": "Oats", "v": 4.0}]}, {"source": 3, "prod": 0.0037689099184273034, "target": 1, "value": 13.0, "supply": [{"l": "Vegetables, Other", "v": 13.0}]}, {"source": 4, "prod": 0.027857921821734376, "target": 1, "value": 7.0, "supply": [{"l": "Pulses, Other", "v": 7.0}]}, {"source": 5, "prod": 0.012173209535547796, "target": 1, "value": 6.0, "supply": [{"l": "Dates", "v": 6.0}]}, {"source": 0, "prod": 0.16986410765204746, "target": 6, "value": 255.0, "supply": [{"l": "Milk - Excluding Butter", "v": 255.0}]}, {"source": 7, "prod": 0.02587498976672057, "target": 6, "value": 7.0, "supply": [{"l": "Pimento", "v": 3.0}, {"l": "Spices, Other", "v": 4.0}]}, {"source": 8, "prod": 0.014097322402306833, "target": 6, "value": 9.0, "supply": [{"l": "Olives", "v": 8.0}, {"l": "Sesame seed", "v": 1.0}]}, {"source": 9, "prod": 0.018192928536642856, "target": 6, "value": 5.0, "supply": [{"l": "Treenuts", "v": 5.0}]}, {"source": 3, "prod": 0.11326821782370472, "target": 6, "value": 397.0, "supply": [{"l": "Tomatoes", "v": 64.0}, {"l": "Vegetables, Other", "v": 314.0}, {"l": "Onions", "v": 19.0}]}, {"source": 10, "prod": 0.032244226861890518, "target": 6, "value": 50.0, "supply": [{"l": "Beer", "v": 31.0}, {"l": "Wine", "v": 19.0}]}, {"source": 11, "prod": 0.017525298131628439, "target": 6, "value": 5.0, "supply": [{"l": "Nuts", "v": 5.0}]}, {"source": 12, "prod": 0.04046727033889419, "target": 6, "value": 50.0, "supply": [{"l": "Potatoes", "v": 50.0}]}, {"source": 4, "prod": 0.075493762166258527, "target": 6, "value": 19.0, "supply": [{"l": "Beans", "v": 1.0}, {"l": "Pulses, Other", "v": 18.0}]}, {"source": 13, "prod": 0.04033052263993523, "target": 6, "value": 52.0, "supply": [{"l": "Marine Fish, Other", "v": 5.0}, {"l": "Fish, Seafood", "v": 26.0}, {"l": "Cephalopods", "v": 3.0}, {"l": "Pelagic Fish", "v": 9.0}, {"l": "Demersal Fish", "v": 9.0}]}, {"source": 2, "prod": 2.8215798479276675, "target": 6, "value": 835.0, "supply": [{"l": "Barley", "v": 57.0}, {"l": "Rice", "v": 2.0}, {"l": "Wheat", "v": 749.0}, {"l": "Cereals, Other", "v": 21.0}, {"l": "Sorghum", "v": 6.0}]}, {"source": 14, "prod": 0.4060281601022378, "target": 6, "value": 99.0, "supply": [{"l": "Sugar", "v": 97.0}, {"l": "Sweeteners, Other", "v": 2.0}]}, {"source": 15, "prod": 0.78764658477853544, "target": 6, "value": 77.0, "supply": [{"l": "Soyabean Oil", "v": 21.0}, {"l": "Olive Oil", "v": 47.0}, {"l": "Oilcrops Oil, Other", "v": 9.0}]}, {"source": 16, "prod": 0.047197882585194084, "target": 6, "value": 5.0, "supply": [{"l": "Fats, Animals, Raw", "v": 3.0}, {"l": "Butter, Ghee", "v": 2.0}]}, {"source": 17, "prod": 0.0042994399490442307, "target": 6, "value": 6.0, "supply": [{"l": "Coffee", "v": 2.0}, {"l": "Tea", "v": 4.0}]}, {"source": 18, "prod": 0.01401656443860849, "target": 6, "value": 10.0, "supply": [{"l": "Eggs", "v": 10.0}]}, {"source": 5, "prod": 0.13767942363266092, "target": 6, "value": 173.0, "supply": [{"l": "Grapefruit", "v": 3.0}, {"l": "Grapes", "v": 28.0}, {"l": "Dates", "v": 26.0}, {"l": "Apples", "v": 8.0}, {"l": "Lemons, Limes", "v": 5.0}, {"l": "Bananas", "v": 1.0}, {"l": "Fruits, Other", "v": 78.0}, {"l": "Oranges, Mandarines", "v": 24.0}]}, {"source": 19, "prod": 0.12405232148423991, "target": 6, "value": 62.0, "supply": [{"l": "Meat, Other", "v": 3.0}, {"l": "Mutton & Goat Meat", "v": 22.0}, {"l": "Bovine Meat", "v": 19.0}, {"l": "Poultry Meat", "v": 11.0}, {"l": "Offals, Edible", "v": 7.0}]}, {"source": 2, "prod": 0.024583934857595961, "target": 20, "value": 8.0, "supply": [{"l": "Barley", "v": 8.0}]}, {"source": 21, "prod": 0.039515555480000006, "target": 20, "value": 34.0, "supply": [{"l": "Sugar beet", "v": 34.0}]}, {"source": 8, "prod": 0.29022554885846402, "target": 20, "value": 273.0, "supply": [{"l": "Olives", "v": 272.0}, {"l": "Oilcrops, Other", "v": 1.0}]}, {"source": 5, "prod": 0.07789677033366163, "target": 20, "value": 109.0, "supply": [{"l": "Grapes", "v": 109.0}]}, {"source": 9, "prod": 0.0036385857073285718, "target": 22, "value": 1.0, "supply": [{"l": "Treenuts", "v": 1.0}]}, {"source": 18, "prod": 0.0014016564438608489, "target": 22, "value": 1.0, "supply": [{"l": "Eggs", "v": 1.0}]}, {"source": 10, "prod": 0.0022207376362928543, "target": 22, "value": 3.0, "supply": [{"l": "Beer", "v": 1.0}, {"l": "Wine", "v": 2.0}]}, {"source": 0, "prod": 0.0013322675109964507, "target": 22, "value": 2.0, "supply": [{"l": "Milk - Excluding Butter", "v": 2.0}]}, {"source": 11, "prod": 0.0035050596263256884, "target": 22, "value": 1.0, "supply": [{"l": "Nuts", "v": 1.0}]}, {"source": 5, "prod": 0.0040577365118492645, "target": 22, "value": 2.0, "supply": [{"l": "Dates", "v": 2.0}]}, {"source": 15, "prod": 0.16434095379228914, "target": 22, "value": 16.0, "supply": [{"l": "Olive Oil", "v": 4.0}, {"l": "Soyabean Oil", "v": 7.0}, {"l": "Palm Oil", "v": 4.0}, {"l": "Oilcrops Oil, Other", "v": 1.0}]}, {"source": 3, "prod": 0.00057983229514266201, "target": 22, "value": 2.0, "supply": [{"l": "Vegetables, Other", "v": 2.0}]}, {"source": 12, "prod": 0.0072841086610009546, "target": 23, "value": 9.0, "supply": [{"l": "Potatoes", "v": 9.0}]}, {"source": 2, "prod": 0.25838118236039187, "target": 23, "value": 78.0, "supply": [{"l": "Cereals, Other", "v": 1.0}, {"l": "Wheat", "v": 56.0}, {"l": "Barley", "v": 20.0}, {"l": "Oats", "v": 1.0}]}, {"source": 18, "prod": 0.0014016564438608489, "target": 18, "value": 1.0, "supply": [{"l": "Eggs", "v": 1.0}]}, {"source": 4, "prod": 0.031837624939125002, "target": 23, "value": 8.0, "supply": [{"l": "Pulses, Other", "v": 8.0}]}, {"source": 0, "prod": 0.0039968025329893521, "target": 24, "value": 6.0, "supply": [{"l": "Milk - Excluding Butter", "v": 6.0}]}, {"source": 3, "prod": 0.012104676891602573, "target": 24, "value": 42.0, "supply": [{"l": "Vegetables, Other", "v": 35.0}, {"l": "Onions", "v": 2.0}, {"l": "Tomatoes", "v": 5.0}]}, {"source": 12, "prod": 0.0056654178474451868, "target": 24, "value": 7.0, "supply": [{"l": "Potatoes", "v": 7.0}]}, {"source": 4, "prod": 0.0079594062347812505, "target": 24, "value": 2.0, "supply": [{"l": "Pulses, Other", "v": 2.0}]}, {"source": 5, "prod": 0.014783081056674001, "target": 24, "value": 20.0, "supply": [{"l": "Dates", "v": 3.0}, {"l": "Grapes", "v": 1.0}, {"l": "Apples", "v": 1.0}, {"l": "Fruits, Other", "v": 9.0}, {"l": "Oranges, Mandarines", "v": 5.0}, {"l": "Lemons, Limes", "v": 1.0}]}, {"source": 2, "prod": 0.24678495864022434, "target": 24, "value": 73.0, "supply": [{"l": "Cereals, Other", "v": 1.0}, {"l": "Wheat", "v": 68.0}, {"l": "Sorghum", "v": 1.0}, {"l": "Barley", "v": 3.0}]}, {"source": 7, "prod": 0.003859106053227273, "target": 24, "value": 1.0, "supply": [{"l": "Spices, Other", "v": 1.0}]}, {"source": 25, "prod": 0.043298694107384648, "target": 1, "value": 65.0, "supply": [{"l": "Milk - Excluding Butter", "v": 65.0}]}, {"source": 25, "prod": 1.1066229060579555, "target": 2, "value": 328.0, "supply": [{"l": "Maize", "v": 15.0}, {"l": "Wheat", "v": 286.0}, {"l": "Cereals, Other", "v": 2.0}, {"l": "Barley", "v": 22.0}, {"l": "Rice", "v": 2.0}, {"l": "Sorghum", "v": 1.0}]}, {"source": 25, "prod": 0.003859106053227273, "target": 4, "value": 1.0, "supply": [{"l": "Beans", "v": 1.0}]}, {"source": 25, "prod": 0.72585531384862101, "target": 20, "value": 128.0, "supply": [{"l": "Sweeteners, Other", "v": 1.0}, {"l": "Soyabean Oil", "v": 18.0}, {"l": "Sugar", "v": 94.0}, {"l": "Palm Oil", "v": 4.0}, {"l": "Oilcrops Oil, Other", "v": 10.0}, {"l": "Butter, Ghee", "v": 1.0}]}, {"source": 25, "prod": 0.0042994399490442307, "target": 17, "value": 6.0, "supply": [{"l": "Coffee", "v": 2.0}, {"l": "Tea", "v": 4.0}]}, {"source": 25, "prod": 0.0018291827550497774, "target": 5, "value": 3.0, "supply": [{"l": "Bananas", "v": 1.0}, {"l": "Fruits, Other", "v": 1.0}, {"l": "Apples", "v": 1.0}]}, {"source": 25, "prod": 0.0056600222113999997, "target": 8, "value": 1.0, "supply": [{"l": "Sesame seed", "v": 1.0}]}, {"source": 25, "prod": 0.0048560724406673025, "target": 12, "value": 6.0, "supply": [{"l": "Potatoes", "v": 6.0}]}, {"source": 19, "prod": 0.0023222191786378562, "target": 26, "value": 1.0, "supply": [{"l": "Mutton & Goat Meat", "v": 1.0}]}, {"source": 9, "prod": 0.02183151424397143, "target": 26, "value": 6.0, "supply": [{"l": "Treenuts", "v": 6.0}]}, {"source": 3, "prod": 0.0086305637891858633, "target": 26, "value": 36.0, "supply": [{"l": "Vegetables, Other", "v": 10.0}, {"l": "Tomatoes", "v": 26.0}]}, {"source": 11, "prod": 0.02103035775795413, "target": 26, "value": 6.0, "supply": [{"l": "Nuts", "v": 6.0}]}, {"source": 10, "prod": 0.057876918853413548, "target": 26, "value": 68.0, "supply": [{"l": "Wine", "v": 68.0}]}, {"source": 12, "prod": 0.00080934540677788378, "target": 26, "value": 1.0, "supply": [{"l": "Potatoes", "v": 1.0}]}, {"source": 4, "prod": 0.011939109352171875, "target": 26, "value": 3.0, "supply": [{"l": "Pulses, Other", "v": 3.0}]}, {"source": 13, "prod": 0.0018659413883736263, "target": 26, "value": 2.0, "supply": [{"l": "Pelagic Fish", "v": 1.0}, {"l": "Fish, Seafood", "v": 1.0}]}, {"source": 5, "prod": 0.022601149588547458, "target": 26, "value": 37.0, "supply": [{"l": "Dates", "v": 5.0}, {"l": "Fruits, Other", "v": 5.0}, {"l": "Oranges, Mandarines", "v": 23.0}, {"l": "Lemons, Limes", "v": 4.0}]}, {"source": 2, "prod": 0.0072374084002023338, "target": 26, "value": 2.0, "supply": [{"l": "Cereals, Other", "v": 1.0}, {"l": "Wheat", "v": 1.0}]}, {"source": 15, "prod": 0.33964403908901558, "target": 26, "value": 33.0, "supply": [{"l": "Olive Oil", "v": 33.0}]}, {"source": 7, "prod": 0.014297671607038749, "target": 26, "value": 4.0, "supply": [{"l": "Spices, Other", "v": 1.0}, {"l": "Pimento", "v": 3.0}]}, {"source": 2, "prod": 0.040046357419350018, "target": 27, "value": 11.0, "supply": [{"l": "Cereals, Other", "v": 6.0}, {"l": "Wheat", "v": 4.0}, {"l": "Oats", "v": 1.0}]}, {"source": 28, "prod": 0.3270448783876545, "target": 20, "value": 32.0, "supply": [{"l": "Olive Oil", "v": 22.0}, {"l": "Soyabean Oil", "v": 10.0}]}, {"source": 10, "prod": 0.005106786957654136, "target": 27, "value": 6.0, "supply": [{"l": "Wine", "v": 6.0}]}, {"source": 5, "prod": 0.036519628606643387, "target": 27, "value": 18.0, "supply": [{"l": "Dates", "v": 18.0}]}, {"source": 29, "prod": 0.040172661373759314, "target": 7, "value": 11.0, "supply": [{"l": "Pimento", "v": 6.0}, {"l": "Spices, Other", "v": 5.0}]}, {"source": 29, "prod": 0.30202019141700248, "target": 8, "value": 282.0, "supply": [{"l": "Olives", "v": 280.0}, {"l": "Oilcrops, Other", "v": 2.0}]}, {"source": 29, "prod": 0.043663028487942859, "target": 9, "value": 12.0, "supply": [{"l": "Treenuts", "v": 12.0}]}, {"source": 29, "prod": 0.13835220071806312, "target": 3, "value": 490.0, "supply": [{"l": "Tomatoes", "v": 95.0}, {"l": "Vegetables, Other", "v": 374.0}, {"l": "Onions", "v": 21.0}]}, {"source": 29, "prod": 0.039515555480000006, "target": 21, "value": 34.0, "supply": [{"l": "Sugar beet", "v": 34.0}]}, {"source": 29, "prod": 0.042060715515908259, "target": 11, "value": 12.0, "supply": [{"l": "Nuts", "v": 12.0}]}, {"source": 29, "prod": 0.048560724406673021, "target": 12, "value": 60.0, "supply": [{"l": "Potatoes", "v": 60.0}]}, {"source": 29, "prod": 0.15520842157823439, "target": 4, "value": 39.0, "supply": [{"l": "Pulses, Other", "v": 39.0}]}, {"source": 29, "prod": 2.7259597897893033, "target": 2, "value": 813.0, "supply": [{"l": "Barley", "v": 155.0}, {"l": "Cereals, Other", "v": 45.0}, {"l": "Wheat", "v": 600.0}, {"l": "Oats", "v": 7.0}, {"l": "Sorghum", "v": 6.0}]}, {"source": 29, "prod": 0.30635185557648337, "target": 5, "value": 365.0, "supply": [{"l": "Grapefruit", "v": 4.0}, {"l": "Grapes", "v": 139.0}, {"l": "Dates", "v": 60.0}, {"l": "Apples", "v": 8.0}, {"l": "Lemons, Limes", "v": 10.0}, {"l": "Fruits, Other", "v": 92.0}, {"l": "Oranges, Mandarines", "v": 52.0}]}, {"source": 1, "prod": 0.17719157896252791, "target": 0, "value": 266.0, "supply": [{"l": "Milk - Excluding Butter", "v": 266.0}]}, {"source": 1, "prod": 0.015418220882469339, "target": 18, "value": 11.0, "supply": [{"l": "Eggs", "v": 12.0}]}, {"source": 1, "prod": 0.12637454066287776, "target": 19, "value": 63.0, "supply": [{"l": "Poultry Meat", "v": 11.0}, {"l": "Bovine Meat", "v": 19.0}, {"l": "Meat, Other", "v": 3.0}, {"l": "Offals, Edible", "v": 7.0}, {"l": "Mutton & Goat Meat", "v": 23.0}]}, {"source": 1, "prod": 0.042196464028308858, "target": 13, "value": 54.0, "supply": [{"l": "Demersal Fish", "v": 9.0}, {"l": "Pelagic Fish", "v": 10.0}, {"l": "Marine Fish, Other", "v": 5.0}, {"l": "Cephalopods", "v": 3.0}, {"l": "Fish, Seafood", "v": 27.0}]}, {"source": 20, "prod": 0.4060281601022378, "target": 14, "value": 99.0, "supply": [{"l": "Sweeteners, Other", "v": 2.0}, {"l": "Sugar", "v": 97.0}]}, {"source": 20, "prod": 1.2916315776598402, "target": 15, "value": 126.0, "supply": [{"l": "Olive Oil", "v": 84.0}, {"l": "Palm Oil", "v": 4.0}, {"l": "Oilcrops Oil, Other", "v": 10.0}, {"l": "Soyabean Oil", "v": 28.0}]}, {"source": 20, "prod": 0.047197882585194084, "target": 16, "value": 5.0, "supply": [{"l": "Fats, Animals, Raw", "v": 3.0}, {"l": "Butter, Ghee", "v": 2.0}]}, {"source": 20, "prod": 0.097448670309251056, "target": 10, "value": 127.0, "supply": [{"l": "Beer", "v": 32.0}, {"l": "Wine", "v": 95.0}]}]}