{"nodes": [{"layer": 5, "name": "Fruits & Vegetables"}, {"layer": 10, "name": "Feed", "fill": "#dbdb8d"}, {"layer": 13, "name": "Animal Products", "fill": "#17becf"}, {"layer": 5, "name": "Cereals", "fill": "#e7ba52"}, {"layer": 13, "name": "Other Processed", "fill": "#9c9ede"}, {"layer": 16, "name": "Food", "fill": "#b5cf6b"}, {"layer": 5, "name": "Oilcrops", "fill": "#ff9896"}, {"layer": 13, "name": "Sugar", "fill": "#d6616b"}, {"layer": 5, "name": "Starchy Roots"}, {"layer": 5, "name": "Others"}, {"layer": 13, "name": "Aquatic Products", "fill": "#1f77b4"}, {"layer": 13, "name": "Vegetable Oils", "fill": "#f7b6d2"}, {"layer": 5, "name": "Sugar Crops", "fill": "#ffbb78"}, {"layer": 10, "name": "Processing", "fill": "#9edae5"}, {"layer": 16, "name": "Biofuels & Other", "fill": "#e7ba52"}, {"name": "Waste", "fill": "#c7c7c7"}, {"layer": 2, "name": "Import", "fill": "#aec7e8"}, {"layer": 16, "name": "Export", "fill": "#aec7e8"}, {"layer": 0, "name": "Stock Draw", "fill": "#c7c7c7"}, {"layer": 16, "name": "Stock Deposit", "fill": "#c7c7c7"}, {"name": "Crop Residue", "fill": "#bd9e39"}, {"layer": 2, "name": "Electricity", "fill": "#bcbd22"}, {"layer": 0, "name": "Fossil Fuels", "fill": "#c49c94"}, {"layer": 0, "name": "Renewables & Nuclear", "fill": "#2ca02c"}, {"layer": 2, "name": "Fertilizers", "fill": "#c5b0d5"}, {"layer": 0, "name": "Labor", "fill": "#7f7f7f"}], "links": [{"source": 0, "prod": 22.0, "target": 1, "value": 0.033139534865260112, "supply": [{"l": "Dates", "v": 0.0053062708231875}, {"l": "Vegetables, Other", "v": 0.0037880647873488309}, {"l": "Pulses, Other", "v": 0.02404519925472378}]}, {"source": 2, "prod": 2.0, "target": 1, "value": 0.001438214839949718, "supply": [{"l": "Milk - Excluding Butter", "v": 0.001438214839949718}]}, {"source": 3, "prod": 124.0, "target": 1, "value": 0.3968836082734099, "supply": [{"l": "Cereals, Other", "v": 0.050168378691954549}, {"l": "Wheat", "v": 0.033870549122150394}, {"l": "Barley", "v": 0.30546204279226147}, {"l": "Oats", "v": 0.0073826376670434787}]}, {"source": 4, "prod": 60.0, "target": 5, "value": 0.086713905432415431, "supply": [{"l": "Beer", "v": 0.017857642193419475}, {"l": "Beverages, Alcoholic", "v": 0.0032653974296538461}, {"l": "Fats, Animals, Raw", "v": 0.031837624939125002}, {"l": "Butter, Ghee", "v": 0.016257510607212766}, {"l": "Wine", "v": 0.017495730263004342}]}, {"source": 2, "prod": 222.0, "target": 5, "value": 0.24002755986811575, "supply": [{"l": "Meat, Other", "v": 0.0060643095122142861}, {"l": "Eggs", "v": 0.0084900333171000018}, {"l": "Mutton & Goat Meat", "v": 0.059661648097167806}, {"l": "Milk - Excluding Butter", "v": 0.11289986493605285}, {"l": "Bovine Meat", "v": 0.033125852537817926}, {"l": "Poultry Meat", "v": 0.010557554383958549}, {"l": "Offals, Edible", "v": 0.009228297083804347}]}, {"source": 3, "prod": 742.0, "target": 5, "value": 2.5029229382816305, "supply": [{"l": "Barley", "v": 0.22215421293982648}, {"l": "Rice", "v": 0.013305276093962688}, {"l": "Wheat", "v": 2.1948115831153454}, {"l": "Cereals, Other", "v": 0.05788659079840909}, {"l": "Sorghum", "v": 0.014765275334086957}]}, {"source": 6, "prod": 9.0, "target": 5, "value": 0.014732704873791178, "supply": [{"l": "Olives", "v": 0.0084900333171}, {"l": "Sesame seed", "v": 0.0062426715566911775}]}, {"source": 7, "prod": 101.0, "target": 5, "value": 0.41294551535797663, "supply": [{"l": "Sugar", "v": 0.40472935408336375}, {"l": "Sweeteners, Other", "v": 0.0082161612746129049}]}, {"source": 8, "prod": 41.0, "target": 5, "value": 0.034091422443406703, "supply": [{"l": "Potatoes", "v": 0.034091422443406703}]}, {"source": 0, "prod": 521.0, "target": 5, "value": 0.28249130656417987, "supply": [{"l": "Tomatoes", "v": 0.012545866277810009}, {"l": "Treenuts", "v": 0.01429900348143158}, {"l": "Vegetables, Other", "v": 0.078966581336271768}, {"l": "Grapes", "v": 0.03070863114695745}, {"l": "Dates", "v": 0.038912652703375003}, {"l": "Apples", "v": 0.0033960133268400002}, {"l": "Lemons, Limes", "v": 0.0018342664573981482}, {"l": "Bananas", "v": 0.0020214365040714284}, {"l": "Fruits, Other", "v": 0.041311753298046192}, {"l": "Oranges, Mandarines", "v": 0.0070470632276324122}, {"l": "Onions", "v": 0.0033576402948983053}, {"l": "Pulses, Other", "v": 0.04809039850944756}]}, {"source": 9, "prod": 22.0, "target": 5, "value": 0.053158626817562629, "supply": [{"l": "Nuts", "v": 0.014606508932645161}, {"l": "Pepper", "v": 0.0035375138821250002}, {"l": "Pimento", "v": 0.011404522366253732}, {"l": "Coffee", "v": 0.001872801467007353}, {"l": "Spices, Other", "v": 0.019836526441822429}, {"l": "Tea", "v": 0.001900753727708955}]}, {"source": 10, "prod": 40.0, "target": 5, "value": 0.029755602063855871, "supply": [{"l": "Marine Fish, Other", "v": 0.002122508329275}, {"l": "Fish, Seafood", "v": 0.014329170155443041}, {"l": "Cephalopods", "v": 0.0013693602124354839}, {"l": "Pelagic Fish", "v": 0.0067152805897966105}, {"l": "Demersal Fish", "v": 0.0052192827769057381}]}, {"source": 11, "prod": 55.0, "target": 5, "value": 0.56492893976668235, "supply": [{"l": "Soyabean Oil", "v": 0.10159014225589744}, {"l": "Olive Oil", "v": 0.41152953907966283}, {"l": "Oilcrops Oil, Other", "v": 0.051809258431122052}]}, {"source": 12, "prod": 45.0, "target": 13, "value": 0.052299999900000005, "supply": [{"l": "Sugar beet", "v": 0.052299999900000005}]}, {"source": 0, "prod": 232.0, "target": 13, "value": 0.16191823695668475, "supply": [{"l": "Grapes", "v": 0.16191823695668475}]}, {"source": 3, "prod": 9.0, "target": 13, "value": 0.027769276617478311, "supply": [{"l": "Barley", "v": 0.027769276617478311}]}, {"source": 6, "prod": 441.0, "target": 13, "value": 0.47060379530116431, "supply": [{"l": "Olives", "v": 0.46695183244049998}, {"l": "Oilcrops, Other", "v": 0.0036519628606643383}]}, {"source": 4, "prod": 1.0, "target": 13, "value": 0.0009208279085791758, "supply": [{"l": "Wine", "v": 0.0009208279085791758}]}, {"source": 4, "prod": 6.0, "target": 14, "value": 0.014806071629075117, "supply": [{"l": "Fats, Animals, Raw", "v": 0.010612541646375}, {"l": "Beer", "v": 0.00051021834838341348}, {"l": "Wine", "v": 0.0036833116343167032}]}, {"source": 11, "prod": 13.0, "target": 14, "value": 0.13109166762612293, "supply": [{"l": "Olive Oil", "v": 0.051441192384957854}, {"l": "Soyabean Oil", "v": 0.030477042676769234}, {"l": "Palm Oil", "v": 0.038811580878171437}, {"l": "Oilcrops Oil, Other", "v": 0.010361851686224411}]}, {"source": 2, "prod": 1.0, "target": 14, "value": 0.00071910741997485901, "supply": [{"l": "Milk - Excluding Butter", "v": 0.00071910741997485901}]}, {"source": 0, "prod": 4.0, "target": 14, "value": 0.005926287009474061, "supply": [{"l": "Dates", "v": 0.0017687569410625001}, {"l": "Treenuts", "v": 0.0035747508703578949}, {"l": "Vegetables, Other", "v": 0.0005827791980536662}]}, {"source": 9, "prod": 1.0, "target": 14, "value": 0.0036516272331612904, "supply": [{"l": "Nuts", "v": 0.0036516272331612904}]}, {"source": 8, "prod": 7.0, "target": 8, "value": 0.0058204867586304134, "supply": [{"l": "Potatoes", "v": 0.0058204867586304134}]}, {"source": 0, "prod": 7.0, "target": 0, "value": 0.028052732463844404, "supply": [{"l": "Pulses, Other", "v": 0.028052732463844404}]}, {"source": 2, "prod": 1.0, "target": 2, "value": 0.0014150055528500001, "supply": [{"l": "Eggs", "v": 0.0014150055528500001}]}, {"source": 3, "prod": 128.0, "target": 3, "value": 0.42031825199589684, "supply": [{"l": "Cereals, Other", "v": 0.007718212106454546}, {"l": "Wheat", "v": 0.25402911841612796}, {"l": "Barley", "v": 0.15118828380627081}, {"l": "Oats", "v": 0.0073826376670434787}]}, {"source": 8, "prod": 6.0, "target": 15, "value": 0.0049889886502546398, "supply": [{"l": "Potatoes", "v": 0.0049889886502546398}]}, {"source": 0, "prod": 59.0, "target": 15, "value": 0.031929354651336922, "supply": [{"l": "Dates", "v": 0.0035375138821250002}, {"l": "Grapes", "v": 0.0020937703054743715}, {"l": "Apples", "v": 0.00067920266536800002}, {"l": "Vegetables, Other", "v": 0.0084502983717781605}, {"l": "Fruits, Other", "v": 0.0052367011222875463}, {"l": "Oranges, Mandarines", "v": 0.0020134466364664034}, {"l": "Lemons, Limes", "v": 0.00026203806534259264}, {"l": "Onions", "v": 0.00047966289927118649}, {"l": "Tomatoes", "v": 0.0011616542849824081}, {"l": "Pulses, Other", "v": 0.0080150664182412588}]}, {"source": 2, "prod": 4.0, "target": 15, "value": 0.002876429679899436, "supply": [{"l": "Milk - Excluding Butter", "v": 0.002876429679899436}]}, {"source": 3, "prod": 83.0, "target": 15, "value": 0.27979081464870059, "supply": [{"l": "Cereals, Other", "v": 0.003859106053227273}, {"l": "Wheat", "v": 0.25064206350391288}, {"l": "Oats", "v": 0.0036913188335217393}, {"l": "Barley", "v": 0.021598326258038689}]}, {"source": 9, "prod": 1.0, "target": 15, "value": 0.0039673052883644859, "supply": [{"l": "Spices, Other", "v": 0.0039673052883644859}]}, {"source": 16, "prod": 10.0, "target": 9, "value": 0.0073110690768413084, "supply": [{"l": "Pepper", "v": 0.0035375138821250002}, {"l": "Tea", "v": 0.001900753727708955}, {"l": "Coffee", "v": 0.001872801467007353}]}, {"source": 16, "prod": 27.0, "target": 1, "value": 0.019653469805685997, "supply": [{"l": "Milk - Excluding Butter", "v": 0.017977685499371475}, {"l": "Fish, Seafood", "v": 0.00071645850777215202}, {"l": "Pelagic Fish", "v": 0.00095932579854237298}]}, {"source": 16, "prod": 91.0, "target": 13, "value": 0.54708932366544882, "supply": [{"l": "Sugar", "v": 0.25192337346005295}, {"l": "Oilcrops Oil, Other", "v": 0.062171110117346454}, {"l": "Butter, Ghee", "v": 0.0081287553036063828}, {"l": "Fats, Animals, Raw", "v": 0.010612541646375}, {"l": "Sweeteners, Other", "v": 0.0027387204248709679}, {"l": "Soyabean Oil", "v": 0.17270324183502567}, {"l": "Palm Oil", "v": 0.038811580878171437}]}, {"source": 16, "prod": 173.0, "target": 3, "value": 0.58548565438057665, "supply": [{"l": "Rice", "v": 0.013305276093962688}, {"l": "Wheat", "v": 0.53515467612997625}, {"l": "Barley", "v": 0.037025702156637752}]}, {"source": 16, "prod": 9.0, "target": 0, "value": 0.0089585437583671861, "supply": [{"l": "Fruits, Other", "v": 0.00058185568025417172}, {"l": "Apples", "v": 0.001358405330736}, {"l": "Pulses, Other", "v": 0.0040075332091206294}, {"l": "Bananas", "v": 0.0020214365040714284}, {"l": "Vegetables, Other", "v": 0.0002913895990268331}, {"l": "Grapes", "v": 0.00069792343515812387}]}, {"source": 16, "prod": 2.0, "target": 6, "value": 0.012585799897053246, "supply": [{"l": "Groundnuts", "v": 0.0063431283403620684}, {"l": "Sesame seed", "v": 0.0062426715566911775}]}, {"source": 16, "prod": 5.0, "target": 8, "value": 0.0041574905418788662, "supply": [{"l": "Potatoes", "v": 0.0041574905418788662}]}, {"source": 4, "prod": 167.0, "target": 17, "value": 0.15377826073272235, "supply": [{"l": "Wine", "v": 0.15377826073272235}]}, {"source": 2, "prod": 1.0, "target": 17, "value": 0.00071910741997485901, "supply": [{"l": "Milk - Excluding Butter", "v": 0.00071910741997485901}]}, {"source": 3, "prod": 146.0, "target": 17, "value": 0.49240969581117505, "supply": [{"l": "Oats", "v": 0.014765275334086957}, {"l": "Barley", "v": 0.033940226976917932}, {"l": "Wheat", "v": 0.44370419350017015}]}, {"source": 6, "prod": 1.0, "target": 17, "value": 0.0036519628606643383, "supply": [{"l": "Oilcrops, Other", "v": 0.0036519628606643383}]}, {"source": 8, "prod": 4.0, "target": 17, "value": 0.0033259924335030931, "supply": [{"l": "Potatoes", "v": 0.0033259924335030931}]}, {"source": 0, "prod": 99.0, "target": 17, "value": 0.070837292187684558, "supply": [{"l": "Dates", "v": 0.0035375138821250002}, {"l": "Fruits, Other", "v": 0.0046548454420333738}, {"l": "Grapefruit", "v": 0.0011622222200000001}, {"l": "Lemons, Limes", "v": 0.0010481522613703706}, {"l": "Vegetables, Other", "v": 0.0034966751883219981}, {"l": "Treenuts", "v": 0.0035747508703578949}, {"l": "Tomatoes", "v": 0.0078992491378803761}, {"l": "Oranges, Mandarines", "v": 0.0093960843035098829}, {"l": "Pulses, Other", "v": 0.036067798882085667}]}, {"source": 9, "prod": 4.0, "target": 17, "value": 0.015221947432361597, "supply": [{"l": "Nuts", "v": 0.0036516272331612904}, {"l": "Spices, Other", "v": 0.0039673052883644859}, {"l": "Pimento", "v": 0.0076030149108358216}]}, {"source": 10, "prod": 12.0, "target": 17, "value": 0.0096173083170353509, "supply": [{"l": "Fish, Seafood", "v": 0.0042987510466329119}, {"l": "Pelagic Fish", "v": 0.0047966289927118648}, {"l": "Demersal Fish", "v": 0.00052192827769057372}]}, {"source": 11, "prod": 29.0, "target": 17, "value": 0.29835891583275553, "supply": [{"l": "Olive Oil", "v": 0.29835891583275553}]}, {"source": 18, "prod": 1.0, "target": 0, "value": 0.0040075332091206294, "supply": [{"l": "Pulses, Other", "v": 0.0040075332091206294}]}, {"source": 11, "prod": 38.0, "target": 19, "value": 0.39043616512007234, "supply": [{"l": "Olive Oil", "v": 0.34980010821771335}, {"l": "Soyabean Oil", "v": 0.040636056902358976}]}, {"source": 4, "prod": 8.0, "target": 19, "value": 0.0073666232686334064, "supply": [{"l": "Wine", "v": 0.0073666232686334064}]}, {"source": 3, "prod": 135.0, "target": 19, "value": 0.42257074391207927, "supply": [{"l": "Wheat", "v": 0.067741098244300788}, {"l": "Barley", "v": 0.35482964566777847}]}, {"source": 0, "prod": 9.0, "target": 19, "value": 0.0059310399014096647, "supply": [{"l": "Dates", "v": 0.0017687569410625001}, {"l": "Fruits, Other", "v": 0.0034911340815250301}, {"l": "Oranges, Mandarines", "v": 0.00067114887882213441}]}, {"source": 6, "prod": 1.0, "target": 19, "value": 0.0063431283403620684, "supply": [{"l": "Groundnuts", "v": 0.0063431283403620684}]}, {"source": 18, "prod": 33.0, "target": 13, "value": 0.13628641515052042, "supply": [{"l": "Sugar", "v": 0.13628641515052042}]}, {"source": 1, "prod": 52.0, "target": 10, "value": 0.039372910380891218, "supply": [{"l": "Demersal Fish", "v": 0.0057412110545963114}, {"l": "Pelagic Fish", "v": 0.011511909582508476}, {"l": "Marine Fish, Other", "v": 0.002122508329275}, {"l": "Cephalopods", "v": 0.0013693602124354839}, {"l": "Fish, Seafood", "v": 0.018627921202075952}]}, {"source": 1, "prod": 230.0, "target": 2, "value": 0.2457804192279146, "supply": [{"l": "Poultry Meat", "v": 0.010557554383958549}, {"l": "Bovine Meat", "v": 0.033125852537817926}, {"l": "Eggs", "v": 0.0099050388699500024}, {"l": "Milk - Excluding Butter", "v": 0.11865272429585172}, {"l": "Offals, Edible", "v": 0.009228297083804347}, {"l": "Meat, Other", "v": 0.0060643095122142861}, {"l": "Mutton & Goat Meat", "v": 0.059661648097167806}]}, {"source": 13, "prod": 242.0, "target": 4, "value": 0.26358568897142548, "supply": [{"l": "Fats, Animals, Raw", "v": 0.0424501665855}, {"l": "Beer", "v": 0.018367860541802887}, {"l": "Beverages, Alcoholic", "v": 0.0032653974296538461}, {"l": "Butter, Ghee", "v": 0.016257510607212766}, {"l": "Wine", "v": 0.18324475380725599}]}, {"source": 13, "prod": 135.0, "target": 11, "value": 1.3848156883456331, "supply": [{"l": "Olive Oil", "v": 1.1111297555150896}, {"l": "Palm Oil", "v": 0.038811580878171437}, {"l": "Oilcrops Oil, Other", "v": 0.062171110117346461}, {"l": "Soyabean Oil", "v": 0.17270324183502564}]}, {"source": 13, "prod": 101.0, "target": 7, "value": 0.41294551535797663, "supply": [{"l": "Sweeteners, Other", "v": 0.0082161612746129049}, {"l": "Sugar", "v": 0.40472935408336375}]}, {"source": 8, "prod": 27.5, "target": 20, "value": 0.09588333315, "supply": [{"l": "Potatoes", "v": 0.09588333315}]}, {"source": 12, "prod": 18.0, "target": 20, "value": 0.020919999960000005, "supply": [{"l": "Sugar beet", "v": 0.020919999960000005}]}, {"source": 0, "prod": 946.5, "target": 20, "value": 3.3915631196220568, "supply": [{"l": "Vegetables, Other", "v": 1.13665333116}, {"l": "Tomatoes", "v": 0.32425999938000005}, {"l": "Pulses, Other", "v": 0.12028999977000003}, {"l": "Onions", "v": 0.027893333280000002}]}, {"source": 3, "prod": 2561.0, "target": 20, "value": 8.0284425462854436, "supply": [{"l": "Barley", "v": 2.4825066619200005}, {"l": "Rice", "v": 0.010459999980000001}, {"l": "Cereals, Other", "v": 0.21268666625999996}, {"l": "Wheat", "v": 6.1295599882799996}, {"l": "Oats", "v": 0.06275999988}, {"l": "Sorghum", "v": 0.03137999994}]}, {"source": 6, "prod": 451.0, "target": 20, "value": 0.46690368054289416, "supply": [{"l": "Olives", "v": 1.56202666368}, {"l": "Sesame seed", "v": 0.0017433333300000005}, {"l": "Oilcrops, Other", "v": 0.0069733333199999996}, {"l": "Groundnuts", "v": 0.0030280119141762448}]}, {"source": 21, "prod": 0, "target": 3, "value": 2.8108419903316578e-06, "supply": "[{\"l\":'Energy for power irrigation',\"v\":2.8108419903316578e-06}]"}, {"source": 21, "prod": 0, "target": 6, "value": 9.8999589038623788e-07, "supply": "[{\"l\":'Energy for power irrigation',\"v\":9.8999589038623788e-07}]"}, {"source": 21, "prod": 0, "target": 12, "value": 9.8780077754724398e-08, "supply": "[{\"l\":'Energy for power irrigation',\"v\":9.8780077754724398e-08}]"}, {"source": 21, "prod": 0, "target": 8, "value": 1.2073120614466315e-07, "supply": "[{\"l\":'Energy for power irrigation',\"v\":1.2073120614466315e-07}]"}, {"source": 21, "prod": 0, "target": 0, "value": 2.0776743021077034e-06, "supply": "[{\"l\":'Energy for power irrigation',\"v\":2.0776743021077034e-06}]"}, {"source": 21, "prod": 0, "target": 9, "value": 4.9390038877362199e-08, "supply": "[{\"l\":'Energy for power irrigation',\"v\":4.9390038877362199e-08}]"}, {"source": 21, "prod": 0, "target": 13, "value": 0.0053972602123152713, "supply": "[{\"l\":'Electricity',\"v\":0.0053972602123152713}]"}, {"source": 22, "prod": 0, "target": 21, "value": 0.013370093679512498, "supply": [{"l": "Coal", "v": 0.0}, {"l": "Natural gas", "v": 0.0018091214483902493}, {"l": "Oil", "v": 0.011560972231122249}]}, {"source": 23, "prod": 0, "target": 21, "value": 0.00030468081312222265, "supply": [{"l": "Nuclear", "v": 0.0}, {"l": "Hydroelectric", "v": 0.00030468081312222265}, {"l": "Renewable", "v": 0.0}]}, {"source": 22, "prod": 0, "target": 3, "value": 1.2785863678753491, "supply": [{"l": "Gas-Diesel oil", "v": 1.1159614198192835}, {"l": "Natural gas (including LNG)", "v": 0.029212541434625958}, {"l": "Fuel oil", "v": 0.13341240662143955}]}, {"source": 22, "prod": 0, "target": 6, "value": 0.4503260069596115, "supply": [{"l": "Gas-Diesel oil", "v": 0.39304849694533139}, {"l": "Natural gas (including LNG)", "v": 0.010288837319028745}, {"l": "Fuel oil", "v": 0.046988672695251262}]}, {"source": 22, "prod": 0, "target": 12, "value": 0.04493275014009427, "supply": [{"l": "Gas-Diesel oil", "v": 0.039217699251751469}, {"l": "Natural gas (including LNG)", "v": 0.0010266023932512052}, {"l": "Fuel oil", "v": 0.0046884484950915897}]}, {"source": 22, "prod": 0, "target": 8, "value": 0.054917805726781885, "supply": [{"l": "Gas-Diesel oil", "v": 0.047932743529918456}, {"l": "Natural gas (including LNG)", "v": 0.0012547362584181395}, {"l": "Fuel oil", "v": 0.0057303259384452751}]}, {"source": 22, "prod": 0, "target": 0, "value": 0.94508551127998286, "supply": [{"l": "Gas-Diesel oil", "v": 0.82487894092850589}, {"l": "Natural gas (including LNG)", "v": 0.021592870338050348}, {"l": "Fuel oil", "v": 0.098613700013426425}]}, {"source": 22, "prod": 0, "target": 9, "value": 0.022466375070047135, "supply": [{"l": "Gas-Diesel oil", "v": 0.019608849625875734}, {"l": "Natural gas (including LNG)", "v": 0.0005133011966256026}, {"l": "Fuel oil", "v": 0.0023442242475457948}]}, {"source": 24, "prod": 9.2961419389394742, "target": 3, "value": 0.073166674969263559, "supply": [{"l": "Potash", "v": 0.0095402305631877397}, {"l": "Phosphate", "v": 0.045917125036733696}, {"l": "Nitrogen", "v": 0.10456081952809308}]}, {"source": 24, "prod": 3.2741585431173004, "target": 6, "value": 0.025769754323418874, "supply": [{"l": "Potash", "v": 0.0095402305631877397}, {"l": "Phosphate", "v": 0.045917125036733696}, {"l": "Nitrogen", "v": 0.10456081952809308}]}, {"source": 24, "prod": 0.32668987680771289, "target": 12, "value": 0.0025712615178577589, "supply": [{"l": "Potash", "v": 0.0095402305631877397}, {"l": "Phosphate", "v": 0.045917125036733696}, {"l": "Nitrogen", "v": 0.10456081952809308}]}, {"source": 24, "prod": 0.39928762720942684, "target": 8, "value": 0.003142652966270594, "supply": [{"l": "Potash", "v": 0.0095402305631877397}, {"l": "Phosphate", "v": 0.045917125036733696}, {"l": "Nitrogen", "v": 0.10456081952809308}]}, {"source": 24, "prod": 6.8713770755222283, "target": 0, "value": 0.054082200592274858, "supply": [{"l": "Potash", "v": 0.0095402305631877397}, {"l": "Phosphate", "v": 0.045917125036733696}, {"l": "Nitrogen", "v": 0.10456081952809308}]}, {"source": 24, "prod": 0.16334493840385644, "target": 9, "value": 0.0012856307589288794, "supply": [{"l": "Potash", "v": 0.0095402305631877397}, {"l": "Phosphate", "v": 0.045917125036733696}, {"l": "Nitrogen", "v": 0.10456081952809308}]}, {"source": 22, "prod": 0, "target": 24, "value": 0.19626469521463111, "supply": [{"l": "Natural gas (including LNG)", "v": 0.13327283459615785}, {"l": "Fuel oil", "v": 0.04450852049528263}, {"l": "Liquefied petroleum gas (LPG)", "v": 0.0092416700615953126}, {"l": "Coal", "v": 0.0092416700615953126}]}, {"source": 25, "prod": 0, "target": 3, "value": 0.12774532173284639, "supply": "[{\"l\":'Labor',\"v\":0.12774532173284639}]"}, {"source": 25, "prod": 0, "target": 6, "value": 0.044992690434606582, "supply": "[{\"l\":'Labor',\"v\":0.044992690434606582}]"}, {"source": 25, "prod": 0, "target": 12, "value": 0.004489292837155867, "supply": "[{\"l\":'Labor',\"v\":0.004489292837155867}]"}, {"source": 25, "prod": 0, "target": 8, "value": 0.0054869134676349485, "supply": "[{\"l\":'Labor',\"v\":0.0054869134676349485}]"}, {"source": 25, "prod": 0, "target": 0, "value": 0.094424792674845076, "supply": "[{\"l\":'Labor',\"v\":0.094424792674845076}]"}, {"source": 25, "prod": 0, "target": 9, "value": 0.0022446464185779335, "supply": "[{\"l\":'Labor',\"v\":0.0022446464185779335}]"}, {"source": 22, "prod": 0, "target": 16, "value": 0.45424151489981879, "supply": "[{\"l\":'Fossil Fuels',\"v\":0.45424151489981879}]"}, {"source": 23, "prod": 0, "target": 16, "value": 0.14305185644024218, "supply": "[{\"l\":'Renewables & Nuclear',\"v\":0.0017115446399966828},{\"l\":'Biomass & Waste',\"v\":0.14134031180024551}]"}]}