{"nodes": [{"layer": 3, "name": "Fruits, Roots & Vegetables", "fill": "#98df8a"}, {"layer": 5, "name": "Production", "fill": "#b5cf6b"}, {"layer": 3, "name": "Sugar Crops", "fill": "#ffbb78"}, {"layer": 1, "name": "Electricity", "fill": "#bcbd22"}, {"layer": 0, "name": "Fossil Fuels", "fill": "#c49c94"}, {"layer": 0, "name": "Renewables & Nuclear", "fill": "#2ca02c"}, {"layer": 1, "name": "Fertilizers", "fill": "#c5b0d5"}, {"layer": 0, "name": "Labor", "fill": "#7f7f7f"}], "links": [{"source": 0, "prod": 6.0, "target": 1, "value": 0.0028243054381481857, "supply": [{"l": "Fruits, Other", "v": 0.0028243054381481857}]}, {"source": 2, "prod": 198.0, "target": 1, "value": 0.063917361094517108, "supply": [{"l": "Sugar cane", "v": 0.063917361094517108}]}, {"source": 3, "prod": 0, "target": 0, "value": 1.3906043533092338e-07, "supply": "[{\"l\":'Energy for power irrigation',\"v\":1.3906043533092338e-07}]"}, {"source": 3, "prod": 0, "target": 2, "value": 4.2359947993112042e-06, "supply": "[{\"l\":'Energy for power irrigation',\"v\":4.2359947993112042e-06}]"}, {"source": 4, "prod": 0, "target": 3, "value": 8.4626031185148586e-06, "supply": [{"l": "Coal", "v": 4.3622785466919874e-06}, {"l": "Natural gas", "v": 1.3625199451678937e-06}, {"l": "Oil", "v": 2.7378046266549766e-06}]}, {"source": 5, "prod": 0, "target": 3, "value": 1.1814384937858632e-06, "supply": [{"l": "Nuclear", "v": 1.3489121335502355e-07}, {"l": "Hydroelectric", "v": 1.0331074811353148e-06}, {"l": "Renewable", "v": 1.3439799295524899e-08}]}, {"source": 4, "prod": 0, "target": 0, "value": 0.00055313140838700509, "supply": [{"l": "Other fossil fuels", "v": 0.00055313140838700509}]}, {"source": 4, "prod": 0, "target": 2, "value": 0.016849233670865691, "supply": [{"l": "Other fossil fuels", "v": 0.016849233670865691}]}, {"source": 6, "prod": 2.2310335993661118e-05, "target": 0, "value": 2.0591677987833343e-07, "supply": [{"l": "Potash", "v": 5.8480450681566132e-07}, {"l": "Phosphate", "v": 8.6591478755648879e-07}, {"l": "Nitrogen", "v": 5.1386176617345197e-06}]}, {"source": 6, "prod": 0.000679607157960754, "target": 2, "value": 6.272541910140003e-06, "supply": [{"l": "Potash", "v": 5.8480450681566132e-07}, {"l": "Phosphate", "v": 8.6591478755648879e-07}, {"l": "Nitrogen", "v": 5.1386176617345197e-06}]}, {"source": 4, "prod": 0, "target": 6, "value": 8.3329415701200518e-06, "supply": [{"l": "Natural gas (including LNG)", "v": 5.5009136659074154e-06}, {"l": "Fuel oil", "v": 1.9236683634828024e-06}, {"l": "Liquefied petroleum gas (LPG)", "v": 4.5417977036491674e-07}, {"l": "Coal", "v": 4.5417977036491674e-07}]}, {"source": 7, "prod": 0, "target": 0, "value": 0.00011983075596135432, "supply": "[{\"l\":'Labor',\"v\":0.00011983075596135432}]"}, {"source": 7, "prod": 0, "target": 2, "value": 0.0036502291815920236, "supply": "[{\"l\":'Labor',\"v\":0.0036502291815920236}]"}]}