{"nodes": [{"layer": 13, "name": "Other Processed", "fill": "#9c9ede"}, {"layer": 16, "name": "Food", "fill": "#b5cf6b"}, {"layer": 13, "name": "Animal Products", "fill": "#17becf"}, {"layer": 5, "name": "Cereals", "fill": "#e7ba52"}, {"layer": 13, "name": "Sugar", "fill": "#d6616b"}, {"layer": 5, "name": "Starchy Roots"}, {"layer": 5, "name": "Fruits & Vegetables"}, {"layer": 13, "name": "Aquatic Products", "fill": "#1f77b4"}, {"layer": 13, "name": "Vegetable Oils", "fill": "#f7b6d2"}, {"layer": 5, "name": "Sugar Crops", "fill": "#ffbb78"}, {"layer": 10, "name": "Processing", "fill": "#9edae5"}, {"layer": 2, "name": "Import", "fill": "#aec7e8"}, {"layer": 10, "name": "Feed", "fill": "#dbdb8d"}, {"layer": 16, "name": "Export", "fill": "#aec7e8"}, {"layer": 2, "name": "Electricity", "fill": "#bcbd22"}, {"layer": 0, "name": "Fossil Fuels", "fill": "#c49c94"}, {"layer": 0, "name": "Renewables & Nuclear", "fill": "#2ca02c"}, {"layer": 2, "name": "Fertilizers", "fill": "#c5b0d5"}, {"layer": 0, "name": "Labor", "fill": "#7f7f7f"}], "links": [{"source": 0, "prod": 1.0, "target": 1, "value": 0.00040817467870673076, "supply": [{"l": "Beer", "v": 0.00040817467870673076}]}, {"source": 2, "prod": 7.0, "target": 1, "value": 0.0073371541984284354, "supply": [{"l": "Milk - Excluding Butter", "v": 0.0036581358681862992}, {"l": "Bovine Meat", "v": 0.0018560050412942826}, {"l": "Poultry Meat", "v": 0.0018230132889478531}]}, {"source": 3, "prod": 4.0, "target": 1, "value": 0.013467596804595087, "supply": [{"l": "Wheat", "v": 0.0092409568415366457}, {"l": "Rice", "v": 0.0042266399630584419}]}, {"source": 4, "prod": 3.0, "target": 1, "value": 0.012605019250747551, "supply": [{"l": "Sugar", "v": 0.012605019250747551}]}, {"source": 5, "prod": 1.0, "target": 1, "value": 0.00084738925693488606, "supply": [{"l": "Potatoes", "v": 0.00084738925693488606}]}, {"source": 6, "prod": 7.0, "target": 1, "value": 0.002997844872316371, "supply": [{"l": "Fruits, Other", "v": 0.0028680278491191231}, {"l": "Oranges, Mandarines", "v": 0.00012981702319724771}]}, {"source": 7, "prod": 4.0, "target": 1, "value": 0.0032068925527092345, "supply": [{"l": "Fish, Seafood", "v": 0.0015790514538933666}, {"l": "Marine Fish, Other", "v": 0.0016278410988158679}]}, {"source": 8, "prod": 1.0, "target": 1, "value": 0.010273327986445207, "supply": [{"l": "Soyabean Oil", "v": 0.010273327986445207}]}, {"source": 9, "prod": 50.0, "target": 10, "value": 0.018783259551106199, "supply": [{"l": "Sugar cane", "v": 0.018783259551106199}]}, {"source": 11, "prod": 4.0, "target": 10, "value": 0.019084848832316974, "supply": [{"l": "Beer", "v": 0.00040817467870673076}, {"l": "Soyabean Oil", "v": 0.010273327986445207}, {"l": "Sugar", "v": 0.0084033461671650343}]}, {"source": 11, "prod": 4.0, "target": 3, "value": 0.013467596804595087, "supply": [{"l": "Wheat", "v": 0.0092409568415366457}, {"l": "Rice", "v": 0.0042266399630584419}]}, {"source": 11, "prod": 5.0, "target": 12, "value": 0.0037983277972663968, "supply": [{"l": "Milk - Excluding Butter", "v": 0.0021948815209117795}, {"l": "Marine Fish, Other", "v": 0.00081392054940793396}, {"l": "Fish, Seafood", "v": 0.00078952572694668331}]}, {"source": 11, "prod": 1.0, "target": 5, "value": 0.00084738925693488606, "supply": [{"l": "Potatoes", "v": 0.00084738925693488606}]}, {"source": 11, "prod": 1.0, "target": 6, "value": 0.00012981702319724771, "supply": [{"l": "Oranges, Mandarines", "v": 0.00012981702319724771}]}, {"source": 4, "prod": 4.0, "target": 13, "value": 0.016806692334330069, "supply": [{"l": "Sugar", "v": 0.016806692334330069}]}, {"source": 12, "prod": 4.0, "target": 7, "value": 0.0032068925527092345, "supply": [{"l": "Marine Fish, Other", "v": 0.0016278410988158679}, {"l": "Fish, Seafood", "v": 0.0015790514538933666}]}, {"source": 12, "prod": 7.0, "target": 2, "value": 0.0073371541984284354, "supply": [{"l": "Milk - Excluding Butter", "v": 0.0036581358681862992}, {"l": "Bovine Meat", "v": 0.0018560050412942826}, {"l": "Poultry Meat", "v": 0.0018230132889478531}]}, {"source": 10, "prod": 1.0, "target": 0, "value": 0.00040817467870673076, "supply": [{"l": "Beer", "v": 0.00040817467870673076}]}, {"source": 10, "prod": 1.0, "target": 8, "value": 0.010273327986445207, "supply": [{"l": "Soyabean Oil", "v": 0.010273327986445207}]}, {"source": 10, "prod": 7.0, "target": 4, "value": 0.029411711585077618, "supply": [{"l": "Sugar", "v": 0.029411711585077618}]}, {"source": 14, "prod": 0, "target": 6, "value": 9.4399305339659934e-07, "supply": "[{\"l\":'Energy for power irrigation',\"v\":9.4399305339659934e-07}]"}, {"source": 14, "prod": 0, "target": 9, "value": 7.2614850261276872e-06, "supply": "[{\"l\":'Energy for power irrigation',\"v\":7.2614850261276872e-06}]"}, {"source": 14, "prod": 0, "target": 10, "value": 0.0011260330016057616, "supply": "[{\"l\":'Electricity',\"v\":0.0011260330016057616}]"}, {"source": 15, "prod": 0, "target": 14, "value": 0.0021433580631554303, "supply": [{"l": "Coal", "v": 0.0011122520232845934}, {"l": "Natural gas", "v": 0.00033304682545773882}, {"l": "Oil", "v": 0.00069805921441309774}]}, {"source": 16, "prod": 0, "target": 14, "value": 0.00030123187711066915, "supply": [{"l": "Nuclear", "v": 3.4393270253503652e-05}, {"l": "Hydroelectric", "v": 0.00026341185549340346}, {"l": "Renewable", "v": 3.4267513637619856e-06}]}, {"source": 15, "prod": 0, "target": 6, "value": 0.0019500225922796112, "supply": [{"l": "Other fossil fuels", "v": 0.0019500225922796112}]}, {"source": 15, "prod": 0, "target": 9, "value": 0.015000173786766239, "supply": [{"l": "Other fossil fuels", "v": 0.015000173786766239}]}, {"source": 17, "prod": 0.00015145071383418032, "target": 6, "value": 1.3978383522269724e-06, "supply": [{"l": "Potash", "v": 1.126067959236362e-06}, {"l": "Phosphate", "v": 1.6673587264328009e-06}, {"l": "Nitrogen", "v": 9.8946445114679708e-06}]}, {"source": 17, "prod": 0.0011650054910321563, "target": 9, "value": 1.0752602709438249e-05, "supply": [{"l": "Potash", "v": 1.126067959236362e-06}, {"l": "Phosphate", "v": 1.6673587264328009e-06}, {"l": "Nitrogen", "v": 9.8946445114679708e-06}]}, {"source": 15, "prod": 0, "target": 17, "value": 1.6045462028661715e-05, "supply": [{"l": "Natural gas (including LNG)", "v": 1.0592262120948979e-05}, {"l": "Fuel oil", "v": 3.7041118580117969e-06}, {"l": "Liquefied petroleum gas (LPG)", "v": 8.7454402485046796e-07}, {"l": "Coal", "v": 8.7454402485046796e-07}]}, {"source": 18, "prod": 0, "target": 3, "value": 0.00012902768896496956, "supply": "[{\"l\":'Labor',\"v\":0.00012902768896496956}]"}, {"source": 18, "prod": 0, "target": 9, "value": 0.0032256922241242392, "supply": "[{\"l\":'Labor',\"v\":0.0032256922241242392}]"}, {"source": 18, "prod": 0, "target": 5, "value": 3.2256922241242389e-05, "supply": "[{\"l\":'Labor',\"v\":3.2256922241242389e-05}]"}, {"source": 18, "prod": 0, "target": 6, "value": 0.0004193399891361511, "supply": "[{\"l\":'Labor',\"v\":0.0004193399891361511}]"}, {"source": 15, "prod": 0, "target": 11, "value": 0.15257307454504876, "supply": "[{\"l\":'Fossil Fuels',\"v\":0.15257307454504876}]"}, {"source": 16, "prod": 0, "target": 11, "value": 0.0096448067730656121, "supply": "[{\"l\":'Renewables & Nuclear',\"v\":0.00033381385911876422},{\"l\":'Biomass & Waste',\"v\":0.0093109929139468476}]"}]}