{"nodes": [{"layer": 3, "name": "Vegetables"}, {"layer": 5, "name": "Production", "fill": "#b5cf6b"}, {"layer": 3, "name": "Sugar Crops", "fill": "#ffbb78"}, {"layer": 3, "name": "Fruits - Excluding Wine"}, {"layer": 1, "name": "Electricity", "fill": "#bcbd22"}, {"layer": 0, "name": "Fossil Fuels", "fill": "#c49c94"}, {"layer": 0, "name": "Renewables & Nuclear", "fill": "#2ca02c"}, {"layer": 1, "name": "Fertilizers", "fill": "#c5b0d5"}, {"layer": 0, "name": "Labor", "fill": "#7f7f7f"}], "links": [{"source": 0, "prod": 1.0, "target": 1, "value": 0.00028300111057000005, "supply": [{"l": "Vegetables, Other", "v": 0.00028300111057000005}]}, {"source": 2, "prod": 3.0, "target": 1, "value": 0.00093297069418681337, "supply": [{"l": "Sugar cane", "v": 0.00093297069418681337}]}, {"source": 3, "prod": 8.0, "target": 1, "value": 0.0037152629096032534, "supply": [{"l": "Fruits, Other", "v": 0.0037152629096032534}]}, {"source": 4, "prod": 0, "target": 3, "value": 2.6076042743539156e-05, "supply": "[{\"l\":'Energy for power irrigation',\"v\":2.6076042743539156e-05}]"}, {"source": 4, "prod": 0, "target": 0, "value": 2.8973380826154618e-06, "supply": "[{\"l\":'Energy for power irrigation',\"v\":2.8973380826154618e-06}]"}, {"source": 4, "prod": 0, "target": 2, "value": 8.6920142478463863e-06, "supply": "[{\"l\":'Energy for power irrigation',\"v\":8.6920142478463863e-06}]"}, {"source": 5, "prod": 0, "target": 4, "value": 8.5478835455762281e-05, "supply": [{"l": "Coal", "v": 4.9536387740089718e-05}, {"l": "Natural gas", "v": 1.1711787192786281e-05}, {"l": "Oil", "v": 2.4230660522886282e-05}]}, {"source": 6, "prod": 0, "target": 4, "value": 1.5496640241019864e-05, "supply": [{"l": "Nuclear", "v": 4.5791910070287257e-06}, {"l": "Hydroelectric", "v": 1.0712771999254957e-05}, {"l": "Renewable", "v": 2.0467723473618299e-07}]}, {"source": 5, "prod": 0, "target": 3, "value": 0.011682946660873885, "supply": [{"l": "Other fossil fuels", "v": 0.011682946660873885}]}, {"source": 5, "prod": 0, "target": 0, "value": 0.0012981051845415428, "supply": [{"l": "Other fossil fuels", "v": 0.0012981051845415428}]}, {"source": 5, "prod": 0, "target": 2, "value": 0.0038943155536246285, "supply": [{"l": "Other fossil fuels", "v": 0.0038943155536246285}]}, {"source": 7, "prod": 0.0041835427424701732, "target": 3, "value": 3.8612670389974906e-05, "supply": [{"l": "Potash", "v": 6.4729945912659261e-06}, {"l": "Phosphate", "v": 9.5845050286473436e-06}, {"l": "Nitrogen", "v": 5.6877544450039331e-05}]}, {"source": 7, "prod": 0.00046483808249668594, "target": 0, "value": 4.2902967099972111e-06, "supply": [{"l": "Potash", "v": 6.4729945912659261e-06}, {"l": "Phosphate", "v": 9.5845050286473436e-06}, {"l": "Nitrogen", "v": 5.6877544450039331e-05}]}, {"source": 7, "prod": 0.0013945142474900579, "target": 2, "value": 1.2870890129991636e-05, "supply": [{"l": "Potash", "v": 6.4729945912659261e-06}, {"l": "Phosphate", "v": 9.5845050286473436e-06}, {"l": "Nitrogen", "v": 5.6877544450039331e-05}]}, {"source": 5, "prod": 0, "target": 7, "value": 9.2234387875065506e-05, "supply": [{"l": "Natural gas (including LNG)", "v": 6.0887670993382874e-05}, {"l": "Fuel oil", "v": 2.1292405867416768e-05}, {"l": "Liquefied petroleum gas (LPG)", "v": 5.0271555071329261e-06}, {"l": "Coal", "v": 5.0271555071329261e-06}]}, {"source": 8, "prod": 0, "target": 3, "value": 0.0022780543010224074, "supply": "[{\"l\":'Labor',\"v\":0.0022780543010224074}]"}, {"source": 8, "prod": 0, "target": 0, "value": 0.0002531171445580453, "supply": "[{\"l\":'Labor',\"v\":0.0002531171445580453}]"}, {"source": 8, "prod": 0, "target": 2, "value": 0.0007593514336741359, "supply": "[{\"l\":'Labor',\"v\":0.0007593514336741359}]"}]}