{"nodes": [{"layer": 5, "name": "Sugar cane"}, {"layer": 10, "name": "Feed", "fill": "#dbdb8d"}, {"layer": 13, "name": "Poultry Meat"}, {"layer": 16, "name": "Food", "fill": "#b5cf6b"}, {"layer": 13, "name": "Pigmeat"}, {"layer": 5, "name": "Wheat"}, {"layer": 5, "name": "Bananas"}, {"layer": 13, "name": "Bovine Meat"}, {"layer": 5, "name": "Vegetables, Other"}, {"layer": 5, "name": "Fruits, Other"}, {"layer": 13, "name": "Sugar", "fill": "#d6616b"}, {"layer": 13, "name": "Milk - Excluding Butter"}, {"layer": 13, "name": "Beer"}, {"layer": 13, "name": "Marine Fish, Other"}, {"layer": 5, "name": "Oranges, Mandarines"}, {"layer": 5, "name": "Potatoes"}, {"layer": 5, "name": "Rice"}, {"layer": 13, "name": "Fish, Seafood"}, {"layer": 10, "name": "Processing", "fill": "#9edae5"}, {"layer": 16, "name": "Biofuels & Other", "fill": "#e7ba52"}, {"layer": 0, "name": "Import", "fill": "#aec7e8"}, {"layer": 13, "name": "Beverages, Alcoholic"}, {"layer": 16, "name": "Export", "fill": "#aec7e8"}, {"layer": 0, "name": "Production", "fill": "#b5cf6b"}], "links": [{"source": 0, "prod": 0.0002907545656541096, "target": 1, "value": 1.0, "supply": [{"l": "Sugar cane", "v": 1.0}]}, {"source": 2, "prod": 0.0036651561356037371, "target": 3, "value": 2.0, "supply": [{"l": "Poultry Meat", "v": 2.0}]}, {"source": 4, "prod": 0.0030209934502564415, "target": 3, "value": 1.0, "supply": [{"l": "Pigmeat", "v": 1.0}]}, {"source": 5, "prod": 0.0091488934571878344, "target": 3, "value": 3.0, "supply": [{"l": "Wheat", "v": 3.0}]}, {"source": 6, "prod": 0.00071775643985144937, "target": 3, "value": 1.0, "supply": [{"l": "Bananas", "v": 1.0}]}, {"source": 7, "prod": 0.0020976212969384422, "target": 3, "value": 1.0, "supply": [{"l": "Bovine Meat", "v": 1.0}]}, {"source": 8, "prod": 0.00063774898156619718, "target": 3, "value": 2.0, "supply": [{"l": "Vegetables, Other", "v": 2.0}]}, {"source": 9, "prod": 0.0032858061635891835, "target": 3, "value": 7.0, "supply": [{"l": "Fruits, Other", "v": 7.0}]}, {"source": 10, "prod": 0.0084336211355910302, "target": 3, "value": 2.0, "supply": [{"l": "Sugar", "v": 2.0}]}, {"source": 11, "prod": 0.0070007136644491689, "target": 3, "value": 9.0, "supply": [{"l": "Milk - Excluding Butter", "v": 9.0}]}, {"source": 12, "prod": 0.00041645029351373449, "target": 3, "value": 1.0, "supply": [{"l": "Beer", "v": 1.0}]}, {"source": 13, "prod": 0.001666966595774543, "target": 3, "value": 2.0, "supply": [{"l": "Marine Fish, Other", "v": 2.0}]}, {"source": 14, "prod": 0.00012205338293703277, "target": 3, "value": 1.0, "supply": [{"l": "Oranges, Mandarines", "v": 1.0}]}, {"source": 15, "prod": 0.0008409303998712361, "target": 3, "value": 1.0, "supply": [{"l": "Potatoes", "v": 1.0}]}, {"source": 16, "prod": 0.004223078587963178, "target": 3, "value": 1.0, "supply": [{"l": "Rice", "v": 1.0}]}, {"source": 17, "prod": 0.0016974225281544326, "target": 3, "value": 2.0, "supply": [{"l": "Fish, Seafood", "v": 2.0}]}, {"source": 0, "prod": 0.0011630182626164384, "target": 18, "value": 4.0, "supply": [{"l": "Sugar cane", "v": 4.0}]}, {"source": 11, "prod": 0.00077785707382768536, "target": 19, "value": 1.0, "supply": [{"l": "Milk - Excluding Butter", "v": 1.0}]}, {"source": 5, "prod": 0.0030496311523959445, "target": 19, "value": 1.0, "supply": [{"l": "Wheat", "v": 1.0}]}, {"source": 9, "prod": 0.00046940088051274038, "target": 19, "value": 1.0, "supply": [{"l": "Fruits, Other", "v": 1.0}]}, {"source": 20, "prod": 0.0008409303998712361, "target": 15, "value": 1.0, "supply": [{"l": "Potatoes", "v": 1.0}]}, {"source": 20, "prod": 0.004223078587963178, "target": 16, "value": 1.0, "supply": [{"l": "Rice", "v": 1.0}]}, {"source": 20, "prod": 0.012198524609583778, "target": 5, "value": 4.0, "supply": [{"l": "Wheat", "v": 4.0}]}, {"source": 20, "prod": 0.016187828881703403, "target": 1, "value": 12.0, "supply": [{"l": "Milk - Excluding Butter", "v": 5.0}, {"l": "Pigmeat", "v": 1.0}, {"l": "Fish, Seafood", "v": 1.0}, {"l": "Bovine Meat", "v": 1.0}, {"l": "Poultry Meat", "v": 3.0}, {"l": "Marine Fish, Other", "v": 1.0}]}, {"source": 20, "prod": 0.012309959614756803, "target": 18, "value": 4.0, "supply": [{"l": "Sugar", "v": 2.0}, {"l": "Beer", "v": 1.0}, {"l": "Beverages, Alcoholic", "v": 1.0}]}, {"source": 20, "prod": 0.00012205338293703277, "target": 14, "value": 1.0, "supply": [{"l": "Oranges, Mandarines", "v": 1.0}]}, {"source": 20, "prod": 0.00046940088051274038, "target": 9, "value": 1.0, "supply": [{"l": "Fruits, Other", "v": 1.0}]}, {"source": 20, "prod": 0.00031887449078309859, "target": 8, "value": 1.0, "supply": [{"l": "Vegetables, Other", "v": 1.0}]}, {"source": 21, "prod": 0.0034598881856520375, "target": 22, "value": 1.0, "supply": [{"l": "Beverages, Alcoholic", "v": 1.0}]}, {"source": 23, "prod": 0.00071775643985144937, "target": 6, "value": 1.0, "supply": [{"l": "Bananas", "v": 1.0}]}, {"source": 23, "prod": 0.00031887449078309859, "target": 8, "value": 1.0, "supply": [{"l": "Vegetables, Other", "v": 1.0}]}, {"source": 23, "prod": 0.0037552070441019231, "target": 9, "value": 8.0, "supply": [{"l": "Fruits, Other", "v": 8.0}]}, {"source": 23, "prod": 0.0014537728282705482, "target": 0, "value": 5.0, "supply": [{"l": "Sugar cane", "v": 5.0}]}, {"source": 1, "prod": 0.007778570738276854, "target": 11, "value": 10.0, "supply": [{"l": "Milk - Excluding Butter", "v": 10.0}]}, {"source": 1, "prod": 0.0030209934502564415, "target": 4, "value": 1.0, "supply": [{"l": "Pigmeat", "v": 1.0}]}, {"source": 1, "prod": 0.0020976212969384422, "target": 7, "value": 1.0, "supply": [{"l": "Bovine Meat", "v": 1.0}]}, {"source": 1, "prod": 0.0036651561356037371, "target": 2, "value": 2.0, "supply": [{"l": "Poultry Meat", "v": 2.0}]}, {"source": 1, "prod": 0.001666966595774543, "target": 13, "value": 2.0, "supply": [{"l": "Marine Fish, Other", "v": 2.0}]}, {"source": 1, "prod": 0.0016974225281544326, "target": 17, "value": 2.0, "supply": [{"l": "Fish, Seafood", "v": 2.0}]}, {"source": 18, "prod": 0.00041645029351373449, "target": 12, "value": 1.0, "supply": [{"l": "Beer", "v": 1.0}]}, {"source": 18, "prod": 0.0034598881856520375, "target": 21, "value": 1.0, "supply": [{"l": "Beverages, Alcoholic", "v": 1.0}]}, {"source": 18, "prod": 0.0084336211355910302, "target": 10, "value": 2.0, "supply": [{"l": "Sugar", "v": 2.0}]}]}