{"nodes": [{"layer": 13, "name": "Other Processed", "fill": "#9c9ede"}, {"layer": 10, "name": "Feed", "fill": "#dbdb8d"}, {"layer": 13, "name": "Animal Products", "fill": "#17becf"}, {"layer": 5, "name": "Cereals", "fill": "#e7ba52"}, {"layer": 5, "name": "Oilcrops", "fill": "#ff9896"}, {"layer": 5, "name": "Fruits, Roots & Vegetables", "fill": "#98df8a"}, {"layer": 13, "name": "Aquatic Products", "fill": "#1f77b4"}, {"layer": 13, "name": "Vegetable Oils", "fill": "#f7b6d2"}, {"layer": 16, "name": "Food", "fill": "#b5cf6b"}, {"layer": 13, "name": "Sugar", "fill": "#d6616b"}, {"layer": 10, "name": "Processing", "fill": "#9edae5"}, {"layer": 5, "name": "Sugar Crops", "fill": "#ffbb78"}, {"layer": 16, "name": "Biofuels & Other", "fill": "#e7ba52"}, {"name": "Waste", "fill": "#c7c7c7"}, {"layer": 2, "name": "Import", "fill": "#aec7e8"}, {"layer": 16, "name": "Export", "fill": "#aec7e8"}, {"layer": 0, "name": "Stock Draw", "fill": "#c7c7c7"}, {"layer": 16, "name": "Stock Deposit", "fill": "#c7c7c7"}, {"name": "Crop Residue", "fill": "#bd9e39"}, {"layer": 2, "name": "Electricity", "fill": "#bcbd22"}, {"layer": 0, "name": "Fossil Fuels", "fill": "#c49c94"}, {"layer": 0, "name": "Renewables & Nuclear", "fill": "#2ca02c"}, {"layer": 2, "name": "Fertilizers", "fill": "#c5b0d5"}, {"layer": 0, "name": "Labor", "fill": "#7f7f7f"}], "links": [{"source": 0, "prod": 38.0, "target": 1, "value": 0.31854390407760663, "supply": [{"l": "Fats, Animals, Raw", "v": 0.31854390407760663}]}, {"source": 2, "prod": 838.0, "target": 1, "value": 0.52542531135860115, "supply": [{"l": "Milk - Excluding Butter", "v": 0.52542531135860115}]}, {"source": 3, "prod": 3257.0, "target": 1, "value": 9.6287484847207079, "supply": [{"l": "Maize", "v": 2.1320263038457399}, {"l": "Oats", "v": 0.13678387010883336}, {"l": "Rye", "v": 0.096220377593800019}, {"l": "Rice", "v": 0.12944567965235085}, {"l": "Sorghum", "v": 0.13448864287634474}, {"l": "Cereals, Other", "v": 0.21635129506194592}, {"l": "Wheat", "v": 5.4311781478887191}, {"l": "Millet", "v": 0.052625990690743592}, {"l": "Barley", "v": 1.2996281770022307}]}, {"source": 4, "prod": 392.0, "target": 1, "value": 0.61404652962301631, "supply": [{"l": "Soyabeans", "v": 0.48771550087905985}, {"l": "Rape and Mustardseed", "v": 0.048813333239999999}, {"l": "Oilcrops, Other", "v": 0.077517695503956527}]}, {"source": 5, "prod": 2918.0, "target": 1, "value": 2.6689185469006991, "supply": [{"l": "Vegetables, Other", "v": 0.17283864450257155}, {"l": "Potatoes", "v": 0.86076919619923775}, {"l": "Fruits, Other", "v": 0.0045496960003126819}, {"l": "Apples", "v": 0.008538293235386971}, {"l": "Pulses, Other", "v": 0.017873754351789478}, {"l": "Roots, Other", "v": 0.00075705294300724502}, {"l": "Peas", "v": 0.70042774866075008}, {"l": "Cassava", "v": 0.90316416100764341}]}, {"source": 6, "prod": 94.0, "target": 1, "value": 0.093070898419364029, "supply": [{"l": "Fish, Seafood", "v": 0.041431519302414628}, {"l": "Pelagic Fish", "v": 0.051639379116949408}]}, {"source": 7, "prod": 70.0, "target": 1, "value": 0.71726143541017251, "supply": [{"l": "Soyabean Oil", "v": 0.71726143541017251}]}, {"source": 0, "prod": 1604.0, "target": 8, "value": 2.6874969926843408, "supply": [{"l": "Beer", "v": 0.59260297616899205}, {"l": "Beverages, Alcoholic", "v": 0.056965384837316141}, {"l": "Fats, Animals, Raw", "v": 1.0981381956359599}, {"l": "Butter, Ghee", "v": 0.53956928752157796}, {"l": "Wine", "v": 0.23280197820012163}, {"l": "Cream", "v": 0.16741917032037307}]}, {"source": 2, "prod": 3860.0, "target": 8, "value": 3.3364359182126648, "supply": [{"l": "Pigmeat", "v": 0.61080151803784866}, {"l": "Meat, Other", "v": 0.035658139931820002}, {"l": "Poultry Meat", "v": 0.37790879237632796}, {"l": "Eggs", "v": 0.20155942020365403}, {"l": "Mutton & Goat Meat", "v": 0.047008573735620819}, {"l": "Milk - Excluding Butter", "v": 1.7775426702883468}, {"l": "Offals, Edible", "v": 0.039620155479800002}, {"l": "Bovine Meat", "v": 0.24633664815924658}]}, {"source": 3, "prod": 1157.0, "target": 8, "value": 3.5503550587618444, "supply": [{"l": "Maize", "v": 0.061295756235565026}, {"l": "Rye", "v": 0.014150055528500001}, {"l": "Barley", "v": 0.0032653974296538461}, {"l": "Rice", "v": 0.21425491804527041}, {"l": "Wheat", "v": 3.2526722463466884}, {"l": "Oats", "v": 0.0047166851761666672}]}, {"source": 4, "prod": 32.0, "target": 8, "value": 0.058588285334836419, "supply": [{"l": "Olives", "v": 0.0084900333171}, {"l": "Coconuts - Incl Copra", "v": 0.030684087803649462}, {"l": "Groundnuts", "v": 0.014765275334086957}, {"l": "Rape and Mustardseed", "v": 0.0046488888800000003}]}, {"source": 5, "prod": 3374.0, "target": 8, "value": 2.3033258872532851, "supply": [{"l": "Plantains", "v": 0.0010385361855779816}, {"l": "Nuts", "v": 0.19584152483562609}, {"l": "Citrus, Other", "v": 0.00050552177781252022}, {"l": "Grapefruit", "v": 0.0043430863503316841}, {"l": "Cocoa Beans", "v": 0.0070750277642500003}, {"l": "Tomatoes", "v": 0.061384418838142746}, {"l": "Coffee", "v": 0.048243747994490438}, {"l": "Treenuts", "v": 0.19750119877491101}, {"l": "Vegetables, Other", "v": 0.46529982454244917}, {"l": "Peas", "v": 0.048305361976603442}, {"l": "Grapes", "v": 0.031106733641165292}, {"l": "Dates", "v": 0.0056600222113999997}, {"l": "Potatoes", "v": 0.84259992556706376}, {"l": "Pimento", "v": 0.00424501665855}, {"l": "Pepper", "v": 0.0090964642683214296}, {"l": "Beans", "v": 0.037785313114565934}, {"l": "Apples", "v": 0.10075186017756625}, {"l": "Lemons, Limes", "v": 0.0043414943098806823}, {"l": "Pineapples", "v": 0.012919615917326089}, {"l": "Bananas", "v": 0.0046429869702890626}, {"l": "Spices, Other", "v": 0.025901796560644067}, {"l": "Tea", "v": 0.0038353147956712375}, {"l": "Fruits, Other", "v": 0.16227249067781899}, {"l": "Oranges, Mandarines", "v": 0.017469204356172843}, {"l": "Onions", "v": 0.0022225218107591619}, {"l": "Pulses, Other", "v": 0.0089368771758947391}]}, {"source": 9, "prod": 562.0, "target": 8, "value": 1.9153863663518924, "supply": [{"l": "Sugar", "v": 1.7989127971068442}, {"l": "Sweeteners, Other", "v": 0.095596438137425202}, {"l": "Honey", "v": 0.020877131107622952}]}, {"source": 6, "prod": 452.0, "target": 8, "value": 0.39930300055754947, "supply": [{"l": "Freshwater Fish", "v": 0.03070863114695745}, {"l": "Crustaceans", "v": 0.012942123958993903}, {"l": "Aquatic Products, Other", "v": 0.0018063900674680853}, {"l": "Marine Fish, Other", "v": 0.013405315763842107}, {"l": "Demersal Fish", "v": 0.083234410935813227}, {"l": "Pelagic Fish", "v": 0.048343248535016467}, {"l": "Fish, Seafood", "v": 0.19746085795193352}, {"l": "Cephalopods", "v": 0.00088152168728541762}, {"l": "Molluscs, Other", "v": 0.0087141104427712612}, {"l": "Aquatic Animals, Others", "v": 0.0018063900674680853}]}, {"source": 7, "prod": 237.0, "target": 8, "value": 2.3761553346764521, "supply": [{"l": "Soyabean Oil", "v": 0.4918364128526897}, {"l": "Palm Oil", "v": 0.31614984205284968}, {"l": "Sunflowerseed Oil", "v": 0.18443865481975863}, {"l": "Olive Oil", "v": 0.13139337276464289}, {"l": "Coconut Oil", "v": 0.24805662561266087}, {"l": "Rape and Mustard Oil", "v": 0.59994306983527768}, {"l": "Oilcrops Oil, Other", "v": 0.24836515375397017}, {"l": "Maize Germ Oil", "v": 0.10290949475272727}, {"l": "Palmkernel Oil", "v": 0.053062708231874998}]}, {"source": 2, "prod": 208.0, "target": 10, "value": 0.13693903541366031, "supply": [{"l": "Poultry Meat", "v": 0.011539199767216122}, {"l": "Milk - Excluding Butter", "v": 0.12539983564644419}]}, {"source": 3, "prod": 353.0, "target": 10, "value": 1.1249007541929861, "supply": [{"l": "Wheat", "v": 0.33793997364640921}, {"l": "Barley", "v": 0.78696078054657692}]}, {"source": 4, "prod": 2038.0, "target": 10, "value": 3.154746416069429, "supply": [{"l": "Sunflower seed", "v": 0.1243513032042636}, {"l": "Coconuts - Incl Copra", "v": 0.12758120718359511}, {"l": "Soyabeans", "v": 1.9234078196919213}, {"l": "Sesame seed", "v": 0.0016149519896657611}, {"l": "Rape and Mustardseed", "v": 0.43931999916000003}, {"l": "Groundnuts", "v": 0.044295826002260875}, {"l": "Palm kernels", "v": 0.0016149519896657611}, {"l": "Oilcrops, Other", "v": 0.4925603568480571}]}, {"source": 5, "prod": 48.0, "target": 10, "value": 0.030839651328950442, "supply": [{"l": "Fruits, Other", "v": 0.013649088000938045}, {"l": "Grapes", "v": 0.017190563328012397}]}, {"source": 11, "prod": 6300.0, "target": 10, "value": 7.3219999860000007, "supply": [{"l": "Sugar beet", "v": 7.3219999860000007}]}, {"source": 9, "prod": 13.0, "target": 10, "value": 0.045233784066516396, "supply": [{"l": "Sugar", "v": 0.045233784066516396}]}, {"source": 7, "prod": 42.0, "target": 10, "value": 0.37254773063095525, "supply": [{"l": "Oilcrops Oil, Other", "v": 0.37254773063095525}]}, {"source": 0, "prod": 268.0, "target": 12, "value": 1.7902573067160641, "supply": [{"l": "Alcohol, Non-Food", "v": 0.00084044035451307441}, {"l": "Beverages, Alcoholic", "v": 0.014241346209329035}, {"l": "Butter, Ghee", "v": 0.09131172558057471}, {"l": "Fats, Animals, Raw", "v": 1.5088921772097157}, {"l": "Fish, Body Oil", "v": 0.016602131923740861}, {"l": "Cream", "v": 0.15836948543819074}]}, {"source": 2, "prod": 68.0, "target": 12, "value": 0.042635944119791026, "supply": [{"l": "Milk - Excluding Butter", "v": 0.042635944119791026}]}, {"source": 3, "prod": 656.0, "target": 12, "value": 1.872162843415871, "supply": [{"l": "Maize", "v": 0.81283502834118837}, {"l": "Barley", "v": 0.0032653974296538461}, {"l": "Wheat", "v": 1.0560624176450288}]}, {"source": 4, "prod": 4.0, "target": 12, "value": 0.0064598079586630445, "supply": [{"l": "Oilcrops, Other", "v": 0.0064598079586630445}]}, {"source": 5, "prod": 100.0, "target": 12, "value": 0.075705294300724507, "supply": [{"l": "Potatoes", "v": 0.067377711927644815}, {"l": "Cassava", "v": 0.0083275823730796956}]}, {"source": 11, "prod": 50.0, "target": 12, "value": 0.058111111000000007, "supply": [{"l": "Sugar beet", "v": 0.058111111000000007}]}, {"source": 9, "prod": 228.0, "target": 12, "value": 0.56401314014470683, "supply": [{"l": "Sugar", "v": 0.017397609256352461}, {"l": "Sweeteners, Other", "v": 0.54661553088835435}]}, {"source": 6, "prod": 4.0, "target": 12, "value": 0.0036454343093136536, "supply": [{"l": "Fish, Seafood", "v": 0.00088152168728541762}, {"l": "Aquatic Products, Other", "v": 0.00090319503373404266}, {"l": "Marine Fish, Other", "v": 0.00095752255456015055}, {"l": "Aquatic Plants", "v": 0.00090319503373404266}]}, {"source": 7, "prod": 304.0, "target": 12, "value": 3.0315347768048673, "supply": [{"l": "Olive Oil", "v": 0.020214365040714288}, {"l": "Coconut Oil", "v": 0.020671385467721737}, {"l": "Oilcrops Oil, Other", "v": 0.26610552187925374}, {"l": "Rape and Mustard Oil", "v": 1.032688890700068}, {"l": "Soyabean Oil", "v": 0.39961708544281038}, {"l": "Palm Oil", "v": 0.042153312273713286}, {"l": "Sunflowerseed Oil", "v": 1.2500842160005861}]}, {"source": 5, "prod": 67.0, "target": 5, "value": 0.057432256250695222, "supply": [{"l": "Potatoes", "v": 0.049208441295470938}, {"l": "Peas", "v": 0.004025446831383621}, {"l": "Beans", "v": 0.0041983681238406591}]}, {"source": 2, "prod": 16.0, "target": 2, "value": 0.025799605786067711, "supply": [{"l": "Eggs", "v": 0.025799605786067711}]}, {"source": 3, "prod": 61.0, "target": 3, "value": 0.17715684277304511, "supply": [{"l": "Cereals, Other", "v": 0.0058473322989715101}, {"l": "Wheat", "v": 0.10258892057123135}, {"l": "Barley", "v": 0.013061589718615384}, {"l": "Maize", "v": 0.053300657596143504}, {"l": "Oats", "v": 0.0023583425880833336}]}, {"source": 4, "prod": 3.0, "target": 4, "value": 0.0048448559689972829, "supply": [{"l": "Oilcrops, Other", "v": 0.0048448559689972829}]}, {"source": 5, "prod": 390.0, "target": 13, "value": 0.21650592729188786, "supply": [{"l": "Pineapples", "v": 0.0055369782502826094}, {"l": "Bananas", "v": 0.0033164192644921874}, {"l": "Potatoes", "v": 0.086304035502825963}, {"l": "Vegetables, Other", "v": 0.087783837865779757}, {"l": "Fruits, Other", "v": 0.010110435556250406}, {"l": "Grapes", "v": 0.0081859825371487609}, {"l": "Oranges, Mandarines", "v": 0.00069876817424691377}, {"l": "Lemons, Limes", "v": 0.00016079608555113638}, {"l": "Onions", "v": 0.0031115305350628269}, {"l": "Tomatoes", "v": 0.0027588502848603482}, {"l": "Apples", "v": 0.008538293235386971}]}, {"source": 11, "prod": 33.0, "target": 13, "value": 0.038353333260000004, "supply": [{"l": "Sugar beet", "v": 0.038353333260000004}]}, {"source": 2, "prod": 5.0, "target": 13, "value": 0.0080623768081461607, "supply": [{"l": "Eggs", "v": 0.0080623768081461607}]}, {"source": 3, "prod": 31.0, "target": 13, "value": 0.092415532056160155, "supply": [{"l": "Maize", "v": 0.015990197278843047}, {"l": "Wheat", "v": 0.063363745058701723}, {"l": "Barley", "v": 0.013061589718615384}]}, {"source": 4, "prod": 10.0, "target": 13, "value": 0.012074951969665761, "supply": [{"l": "Soyabeans", "v": 0.0016149519896657611}, {"l": "Rape and Mustardseed", "v": 0.010459999980000001}]}, {"source": 14, "prod": 4978.0, "target": 1, "value": 3.9294268515184272, "supply": [{"l": "Crustaceans", "v": 0.045556276335658535}, {"l": "Eggs", "v": 0.0854611941663493}, {"l": "Aquatic Products, Other", "v": 0.0036127801349361706}, {"l": "Marine Fish, Other", "v": 0.025853108973124064}, {"l": "Pigmeat", "v": 0.24036933054858736}, {"l": "Fish, Seafood", "v": 0.42930106170799837}, {"l": "Aquatic Animals, Others", "v": 0.0027095851012021279}, {"l": "Offals, Edible", "v": 0.11461544978085002}, {"l": "Demersal Fish", "v": 0.11605924905134522}, {"l": "Freshwater Fish", "v": 0.083997138137265961}, {"l": "Milk - Excluding Butter", "v": 2.1506071813365177}, {"l": "Meat, Other", "v": 0.089994353161260005}, {"l": "Cephalopods", "v": 0.005289130123712505}, {"l": "Mutton & Goat Meat", "v": 0.10028495730265774}, {"l": "Pelagic Fish", "v": 0.14612845579902708}, {"l": "Bovine Meat", "v": 0.060674051270750387}, {"l": "Molluscs, Other", "v": 0.010207957947246334}, {"l": "Poultry Meat", "v": 0.21780239560620426}, {"l": "Aquatic Plants", "v": 0.00090319503373404266}]}, {"source": 14, "prod": 4068.0, "target": 10, "value": 24.022433531119674, "supply": [{"l": "Sugar", "v": 3.6534979438340169}, {"l": "Beverages, Alcoholic", "v": 0.16733581795961616}, {"l": "Butter, Ghee", "v": 0.7387948706064682}, {"l": "Fats, Animals, Raw", "v": 1.8106706126516587}, {"l": "Sunflowerseed Oil", "v": 2.7153468626242239}, {"l": "Rape and Mustard Oil", "v": 3.2259233919011647}, {"l": "Sesameseed Oil", "v": 0.010612541646375}, {"l": "Wine", "v": 0.25129166599940927}, {"l": "Sweeteners, Other", "v": 1.1765715463067716}, {"l": "Fish, Body Oil", "v": 0.016602131923740861}, {"l": "Honey", "v": 0.031315696661434432}, {"l": "Palmkernel Oil", "v": 0.55185216561149997}, {"l": "Cream", "v": 0.29185233745038008}, {"l": "Alcohol, Non-Food", "v": 0.021851449217339933}, {"l": "Oilcrops Oil, Other", "v": 0.69187435688605969}, {"l": "Maize Germ Oil", "v": 0.36018323163454546}, {"l": "Beer", "v": 0.10189811021541745}, {"l": "Groundnut Oil", "v": 0.35375138821250007}, {"l": "Soyabean Oil", "v": 2.7665798222963791}, {"l": "Palm Oil", "v": 4.2996378519187557}, {"l": "Coconut Oil", "v": 0.60980587129779129}, {"l": "Olive Oil", "v": 0.17182210284607144}, {"l": "Beverages, Fermented", "v": 0.0033617614180522976}]}, {"source": 14, "prod": 7055.0, "target": 3, "value": 21.661393534687644, "supply": [{"l": "Maize", "v": 2.0280900215332602}, {"l": "Barley", "v": 4.9536079007848848}, {"l": "Cereals, Other", "v": 0.21635129506194592}, {"l": "Sorghum", "v": 0.15787797207223078}, {"l": "Rye", "v": 0.11037043312230001}, {"l": "Rice", "v": 0.96861077532965989}, {"l": "Wheat", "v": 13.06198344567237}, {"l": "Oats", "v": 0.094333703523333354}, {"l": "Millet", "v": 0.070167987587658132}]}, {"source": 14, "prod": 9456.0, "target": 5, "value": 8.6495990949046462, "supply": [{"l": "Roots, Other", "v": 0.00075705294300724502}, {"l": "Plantains", "v": 0.022847796082715598}, {"l": "Nuts", "v": 0.35636736486482784}, {"l": "Infant food", "v": 0.016052584002920169}, {"l": "Tomatoes", "v": 0.054487293125991876}, {"l": "Pepper", "v": 0.012128619024428572}, {"l": "Treenuts", "v": 0.35938742727893641}, {"l": "Vegetables, Other", "v": 0.59811267768653054}, {"l": "Peas", "v": 0.86547106874747859}, {"l": "Grapes", "v": 0.13752450662409918}, {"l": "Pimento", "v": 0.0084900333171}, {"l": "Pulses, Other", "v": 0.058089701643315797}, {"l": "Pineapples", "v": 0.12919615917326088}, {"l": "Citrus, Other", "v": 0.00050552177781252022}, {"l": "Tea", "v": 0.04218846275238361}, {"l": "Grapefruit", "v": 0.023116427348539609}, {"l": "Fruits, Other", "v": 0.24871671468375997}, {"l": "Coffee", "v": 0.13281920744162182}, {"l": "Dates", "v": 0.0056600222113999997}, {"l": "Cocoa Beans", "v": 1.7404568300055001}, {"l": "Potatoes", "v": 1.1128678262206504}, {"l": "Beans", "v": 0.10915757121985716}, {"l": "Apples", "v": 0.25913719969399457}, {"l": "Lemons, Limes", "v": 0.0082006003631079558}, {"l": "Bananas", "v": 0.58103665513903135}, {"l": "Spices, Other", "v": 0.047486627027847464}, {"l": "Oranges, Mandarines", "v": 0.38047927087744454}, {"l": "Onions", "v": 0.079121776463026178}, {"l": "Cassava", "v": 1.2597360971640559}]}, {"source": 14, "prod": 2955.0, "target": 4, "value": 4.6582736439572123, "supply": [{"l": "Sunflower seed", "v": 0.029069135813983696}, {"l": "Coconuts - Incl Copra", "v": 0.24708765441886144}, {"l": "Sesame seed", "v": 0.0032299039793315222}, {"l": "Olives", "v": 0.012128619024428572}, {"l": "Groundnuts", "v": 0.16241802867495653}, {"l": "Rape and Mustardseed", "v": 0.60784222105999997}, {"l": "Oilcrops, Other", "v": 0.70250411550460612}, {"l": "Soyabeans", "v": 2.8923790134913783}, {"l": "Palm kernels", "v": 0.0016149519896657611}]}, {"source": 14, "prod": 48.0, "target": 11, "value": 0.055786666560000003, "supply": [{"l": "Sugar beet", "v": 0.055786666560000003}]}, {"source": 0, "prod": 1283.0, "target": 15, "value": 3.2392120636674133, "supply": [{"l": "Alcohol, Non-Food", "v": 0.059671265170428284}, {"l": "Beer", "v": 0.42922444191298753}, {"l": "Beverages, Alcoholic", "v": 0.17445649106428068}, {"l": "Fats, Animals, Raw", "v": 1.3747684281244077}, {"l": "Butter, Ghee", "v": 0.9629236515769698}, {"l": "Wine", "v": 0.018489687799287634}, {"l": "Beverages, Fermented", "v": 0.016808807090261488}, {"l": "Fish, Body Oil", "v": 0.0083010659618704304}, {"l": "Cream", "v": 0.19456822496692006}]}, {"source": 2, "prod": 5049.0, "target": 15, "value": 4.6697071998147326, "supply": [{"l": "Meat, Other", "v": 0.06282624654654001}, {"l": "Mutton & Goat Meat", "v": 0.05954419339845303}, {"l": "Pigmeat", "v": 1.3434340666277211}, {"l": "Poultry Meat", "v": 0.50195518987390131}, {"l": "Milk - Excluding Butter", "v": 2.1531151780494469}, {"l": "Offals, Edible", "v": 0.19668577184614999}, {"l": "Bovine Meat", "v": 0.18444911586308116}, {"l": "Eggs", "v": 0.16769743760944014}]}, {"source": 3, "prod": 3841.0, "target": 15, "value": 11.9843376272832, "supply": [{"l": "Maize", "v": 0.32513401133647535}, {"l": "Rye", "v": 0.0084900333171}, {"l": "Barley", "v": 3.6931644929385006}, {"l": "Rice", "v": 0.53563729511317604}, {"l": "Cereals, Other", "v": 0.14325964132480201}, {"l": "Wheat", "v": 7.2023456883390962}, {"l": "Oats", "v": 0.035375138821250006}, {"l": "Sorghum", "v": 0.02338932919588604}, {"l": "Millet", "v": 0.017541996896914533}]}, {"source": 4, "prod": 384.0, "target": 15, "value": 0.67049106088155142, "supply": [{"l": "Olives", "v": 0.0036385857073285718}, {"l": "Sunflower seed", "v": 0.033913991782980983}, {"l": "Coconuts - Incl Copra", "v": 0.088822359431616857}, {"l": "Groundnuts", "v": 0.088591652004521751}, {"l": "Oilcrops, Other", "v": 0.14373072708025272}, {"l": "Soyabeans", "v": 0.26646707829485056}, {"l": "Rape and Mustardseed", "v": 0.045326666580000001}]}, {"source": 5, "prod": 8514.0, "target": 15, "value": 6.8879678258175376, "supply": [{"l": "Plantains", "v": 0.03115608556733945}, {"l": "Nuts", "v": 0.1605258400292017}, {"l": "Cocoa Beans", "v": 1.7333818022412502}, {"l": "Tomatoes", "v": 0.044141604557765571}, {"l": "Coffee", "v": 0.084575459447131379}, {"l": "Treenuts", "v": 0.16188622850402543}, {"l": "Apples", "v": 0.28987505534138763}, {"l": "Vegetables, Other", "v": 0.803244858398793}, {"l": "Peas", "v": 0.13283974543565949}, {"l": "Grapes", "v": 0.082678423625202488}, {"l": "Potatoes", "v": 1.4368864858277512}, {"l": "Pimento", "v": 0.00424501665855}, {"l": "Pepper", "v": 0.0030321547561071431}, {"l": "Pineapples", "v": 0.11443088383917394}, {"l": "Beans", "v": 0.067173889981450546}, {"l": "Pulses, Other", "v": 0.035747508703578956}, {"l": "Lemons, Limes", "v": 0.0035375138821250002}, {"l": "Bananas", "v": 0.58965934522671093}, {"l": "Infant food", "v": 0.044947235208176478}, {"l": "Spices, Other", "v": 0.02158483046720339}, {"l": "Tea", "v": 0.0306825183653699}, {"l": "Fruits, Other", "v": 0.16480009956688157}, {"l": "Grapefruit", "v": 0.018633241438519802}, {"l": "Oranges, Mandarines", "v": 0.39235832983964208}, {"l": "Onions", "v": 0.08845636806821465}, {"l": "Cassava", "v": 0.34748730084032553}]}, {"source": 11, "prod": 2.0, "target": 15, "value": 0.0023244444400000001, "supply": [{"l": "Sugar beet", "v": 0.0023244444400000001}]}, {"source": 9, "prod": 1653.0, "target": 15, "value": 5.4452069434703034, "supply": [{"l": "Sugar", "v": 4.7008340210664343}, {"l": "Sweeteners, Other", "v": 0.73045483499878738}, {"l": "Honey", "v": 0.013918087405081967}]}, {"source": 6, "prod": 490.0, "target": 15, "value": 0.43148351237098981, "supply": [{"l": "Freshwater Fish", "v": 0.0550948970577766}, {"l": "Pelagic Fish", "v": 0.046145828147061183}, {"l": "Crustaceans", "v": 0.03261415237666463}, {"l": "Aquatic Products, Other", "v": 0.00090319503373404266}, {"l": "Marine Fish, Other", "v": 0.012447793209281958}, {"l": "Demersal Fish", "v": 0.062132729290114097}, {"l": "Fish, Seafood", "v": 0.21509129169764191}, {"l": "Cephalopods", "v": 0.0044076084364270875}, {"l": "Molluscs, Other", "v": 0.0017428220885542522}, {"l": "Aquatic Animals, Others", "v": 0.00090319503373404266}]}, {"source": 7, "prod": 1407.0, "target": 15, "value": 14.349108979792224, "supply": [{"l": "Maize Germ Oil", "v": 0.68949361484327265}, {"l": "Groundnut Oil", "v": 0.32545127715550004}, {"l": "Soyabean Oil", "v": 3.2071832754769138}, {"l": "Palm Oil", "v": 3.4987249187182026}, {"l": "Sunflowerseed Oil", "v": 1.6292081175745345}, {"l": "Olive Oil", "v": 0.020214365040714288}, {"l": "Coconut Oil", "v": 0.49611325122532174}, {"l": "Rape and Mustard Oil", "v": 2.9603748200068623}, {"l": "Oilcrops Oil, Other", "v": 1.0023307990785224}, {"l": "Sesameseed Oil", "v": 0.010612541646375}, {"l": "Palmkernel Oil", "v": 0.50940199902600003}]}, {"source": 16, "prod": 166.0, "target": 5, "value": 0.08984696944985196, "supply": [{"l": "Potatoes", "v": 0.028010958891268069}, {"l": "Pineapples", "v": 0.0036913188335217393}, {"l": "Plantains", "v": 0.0093468256702018346}, {"l": "Bananas", "v": 0.016582096322460937}, {"l": "Vegetables, Other", "v": 0.0018193541526586479}, {"l": "Oranges, Mandarines", "v": 0.030396415579740745}]}, {"source": 7, "prod": 47.0, "target": 17, "value": 0.49411232497376312, "supply": [{"l": "Rape and Mustard Oil", "v": 0.16719724897048721}, {"l": "Groundnut Oil", "v": 0.070750277642500012}, {"l": "Soyabean Oil", "v": 0.25616479836077588}]}, {"source": 2, "prod": 10.0, "target": 17, "value": 0.014150055528500001, "supply": [{"l": "Offals, Edible", "v": 0.014150055528500001}]}, {"source": 0, "prod": 2.0, "target": 17, "value": 0.016765468635663507, "supply": [{"l": "Fats, Animals, Raw", "v": 0.016765468635663507}]}, {"source": 3, "prod": 339.0, "target": 17, "value": 1.0659141740238463, "supply": [{"l": "Maize", "v": 0.042640526076914799}, {"l": "Barley", "v": 0.2612317943723077}, {"l": "Cereals, Other", "v": 0.002923666149485755}, {"l": "Rice", "v": 0.089272882518862673}, {"l": "Wheat", "v": 0.66984530490627536}]}, {"source": 16, "prod": 72.0, "target": 1, "value": 0.045143940832719914, "supply": [{"l": "Milk - Excluding Butter", "v": 0.045143940832719914}]}, {"source": 5, "prod": 12.0, "target": 17, "value": 0.012725847369467677, "supply": [{"l": "Fruits, Other", "v": 0.005055217778125203}, {"l": "Tea", "v": 0.007670629591342475}]}, {"source": 16, "prod": 80.0, "target": 4, "value": 0.12919615917326088, "supply": [{"l": "Sunflower seed", "v": 0.12919615917326088}]}, {"source": 4, "prod": 203.0, "target": 17, "value": 0.30191185570292395, "supply": [{"l": "Soyabeans", "v": 0.21317366263588045}, {"l": "Rape and Mustardseed", "v": 0.081355555400000001}, {"l": "Groundnuts", "v": 0.0073826376670434787}]}, {"source": 16, "prod": 137.0, "target": 10, "value": 0.29790259697746641, "supply": [{"l": "Coconut Oil", "v": 0.020671385467721737}, {"l": "Beer", "v": 0.062618950411709048}, {"l": "Beverages, Alcoholic", "v": 0.024922355866325806}, {"l": "Palm Oil", "v": 0.18968990523170981}]}, {"source": 11, "prod": 200.0, "target": 17, "value": 0.23244444400000003, "supply": [{"l": "Sugar beet", "v": 0.23244444400000003}]}, {"source": 9, "prod": 255.0, "target": 17, "value": 0.88727807207397547, "supply": [{"l": "Sugar", "v": 0.88727807207397547}]}, {"source": 1, "prod": 1040.0, "target": 6, "value": 0.92750284565721697, "supply": [{"l": "Pelagic Fish", "v": 0.14612845579902706}, {"l": "Crustaceans", "v": 0.045556276335658535}, {"l": "Freshwater Fish", "v": 0.085803528204734053}, {"l": "Molluscs, Other", "v": 0.010456932531325513}, {"l": "Aquatic Animals, Others", "v": 0.0027095851012021279}, {"l": "Aquatic Plants", "v": 0.00090319503373404266}, {"l": "Marine Fish, Other", "v": 0.026810631527684217}, {"l": "Aquatic Products, Other", "v": 0.0036127801349361706}, {"l": "Fish, Seafood", "v": 0.45486519063927544}, {"l": "Demersal Fish", "v": 0.14536714022592734}, {"l": "Cephalopods", "v": 0.005289130123712505}]}, {"source": 1, "prod": 10038.0, "target": 2, "value": 8.7333558412560954, "supply": [{"l": "Poultry Meat", "v": 0.89140318201744539}, {"l": "Pigmeat", "v": 1.9542355846655699}, {"l": "Bovine Meat", "v": 0.43078576402232771}, {"l": "Eggs", "v": 0.40311884040730805}, {"l": "Milk - Excluding Butter", "v": 4.6241189394626296}, {"l": "Offals, Edible", "v": 0.25045598285444998}, {"l": "Meat, Other", "v": 0.098484386478360011}, {"l": "Mutton & Goat Meat", "v": 0.10655276713407386}]}, {"source": 10, "prod": 3195.0, "target": 0, "value": 8.0522757357810875, "supply": [{"l": "Fats, Animals, Raw", "v": 4.3171081736833532}, {"l": "Alcohol, Non-Food", "v": 0.06051170552494136}, {"l": "Beverages, Fermented", "v": 0.016808807090261488}, {"l": "Fish, Body Oil", "v": 0.024903197885611291}, {"l": "Beer", "v": 1.0218274180819795}, {"l": "Beverages, Alcoholic", "v": 0.24566322211092587}, {"l": "Wine", "v": 0.25129166599940927}, {"l": "Butter, Ghee", "v": 1.5938046646791224}, {"l": "Cream", "v": 0.52035688072548392}]}, {"source": 10, "prod": 2107.0, "target": 7, "value": 21.340720582288434, "supply": [{"l": "Olive Oil", "v": 0.17182210284607144}, {"l": "Sesameseed Oil", "v": 0.010612541646375}, {"l": "Soyabean Oil", "v": 5.0720630075433624}, {"l": "Coconut Oil", "v": 0.76484126230570437}, {"l": "Rape and Mustard Oil", "v": 4.7602040295126953}, {"l": "Maize Germ Oil", "v": 0.79240310959599991}, {"l": "Groundnut Oil", "v": 0.39620155479800007}, {"l": "Palm Oil", "v": 3.8570280730447655}, {"l": "Palmkernel Oil", "v": 0.56246470725787501}, {"l": "Oilcrops Oil, Other", "v": 1.8893492053427017}, {"l": "Sunflowerseed Oil", "v": 3.0637309883948793}]}, {"source": 10, "prod": 2711.0, "target": 9, "value": 8.8571183061073953, "supply": [{"l": "Honey", "v": 0.034795218512704923}, {"l": "Sweeteners, Other", "v": 1.3726668040245671}, {"l": "Sugar", "v": 7.449656283570123}]}, {"source": 5, "prod": 10608.0, "target": 18, "value": 31.521126925735867, "supply": [{"l": "Vegetables, Other", "v": 9.4174866486600006}, {"l": "Pulses, Other", "v": 0.026149999950000002}, {"l": "Beans", "v": 0.045326666580000001}, {"l": "Onions", "v": 0.28389863820062822}, {"l": "Roots, Other", "v": 0.00087166666499999994}, {"l": "Tomatoes", "v": 1.22904999765}, {"l": "Peas", "v": 0.39224999925000004}, {"l": "Potatoes", "v": 6.3849583211250005}, {"l": "Cassava", "v": 1.4495816638950001}]}, {"source": 11, "prod": 2624.4000000000001, "target": 18, "value": 3.0501359941680004, "supply": [{"l": "Sugar beet", "v": 3.0501359941680004}]}, {"source": 3, "prod": 12335.0, "target": 18, "value": 44.519214492124263, "supply": [{"l": "Sorghum", "v": 0.18827999964}, {"l": "Rice", "v": 0.75660666522000009}, {"l": "Wheat", "v": 26.77411328214}, {"l": "Oats", "v": 0.39050666592000005}, {"l": "Maize", "v": 6.356193321180001}, {"l": "Barley", "v": 7.6811266519800014}, {"l": "Cereals, Other", "v": 0.62062666548000001}, {"l": "Rye", "v": 0.15689999970000001}, {"l": "Millet", "v": 0.083679999840000005}]}, {"source": 4, "prod": 1549.0, "target": 18, "value": 5.2535730642633638, "supply": [{"l": "Coconuts - Incl Copra", "v": 0.26672999948999998}, {"l": "Sesame seed", "v": 0.0017433333300000001}, {"l": "Groundnuts", "v": 0.036609999929999998}, {"l": "Oilcrops, Other", "v": 0.80716333178999999}, {"l": "Soyabeans", "v": 3.1223099940299996}, {"l": "Palm kernels", "v": 0.0017433333300000001}, {"l": "Sunflower seed", "v": 0.17084666634000001}, {"l": "Olives", "v": 0.017433333299999999}, {"l": "Rape and Mustardseed", "v": 0.70258361718275142}]}, {"source": 19, "prod": 0, "target": 5, "value": 0.0079750244041594375, "supply": "[{\"l\":'Energy for power irrigation',\"v\":0.0079750244041594375}]"}, {"source": 19, "prod": 0, "target": 11, "value": 0.0049325165078893353, "supply": "[{\"l\":'Energy for power irrigation',\"v\":0.0049325165078893353}]"}, {"source": 19, "prod": 0, "target": 3, "value": 0.004636685804360231, "supply": "[{\"l\":'Energy for power irrigation',\"v\":0.004636685804360231}]"}, {"source": 19, "prod": 0, "target": 4, "value": 0.0011645279790764487, "supply": "[{\"l\":'Energy for power irrigation',\"v\":0.0011645279790764487}]"}, {"source": 19, "prod": 0, "target": 10, "value": 0.27900000022319998, "supply": "[{\"l\":'Electricity',\"v\":0.27900000022319998}]"}, {"source": 20, "prod": 0, "target": 19, "value": 0.25819798854875198, "supply": [{"l": "Coal", "v": 0.12080407257843451}, {"l": "Natural gas", "v": 0.12787483227674609}, {"l": "Oil", "v": 0.0095190836935713403}]}, {"source": 21, "prod": 0, "target": 19, "value": 0.18048300202563089, "supply": [{"l": "Nuclear", "v": 0.17624798911158973}, {"l": "Hydroelectric", "v": 0.0013397228902063407}, {"l": "Renewable", "v": 0.0028952900238348122}]}, {"source": 20, "prod": 0, "target": 5, "value": 4.2480951929726753, "supply": [{"l": "Gas-Diesel oil", "v": 2.15883252133353}, {"l": "Natural gas (including LNG)", "v": 0.60506988723202826}, {"l": "Fuel oil", "v": 0.68885608140137922}, {"l": "Liquefied petroleum gas (LPG)", "v": 0.005600744748742649}, {"l": "Other fossil fuels", "v": 0.78973595825699527}]}, {"source": 20, "prod": 0, "target": 11, "value": 2.6274276547034052, "supply": [{"l": "Gas-Diesel oil", "v": 1.3352281459718411}, {"l": "Natural gas (including LNG)", "v": 0.3742329873802166}, {"l": "Fuel oil", "v": 0.42605436935090957}, {"l": "Liquefied petroleum gas (LPG)", "v": 0.0034640352843609088}, {"l": "Other fossil fuels", "v": 0.48844811671607713}]}, {"source": 20, "prod": 0, "target": 3, "value": 2.4698460692551825, "supply": [{"l": "Gas-Diesel oil", "v": 1.2551470187900213}, {"l": "Natural gas (including LNG)", "v": 0.35178813438004658}, {"l": "Fuel oil", "v": 0.40050149717599981}, {"l": "Liquefied petroleum gas (LPG)", "v": 0.0032562776430873196}, {"l": "Other fossil fuels", "v": 0.45915314126602735}]}, {"source": 20, "prod": 0, "target": 4, "value": 0.62031480523328375, "supply": [{"l": "Gas-Diesel oil", "v": 0.31523676240060688}, {"l": "Natural gas (including LNG)", "v": 0.0883534365877085}, {"l": "Fuel oil", "v": 0.10058805336451135}, {"l": "Liquefied petroleum gas (LPG)", "v": 0.00081783122320912163}, {"l": "Other fossil fuels", "v": 0.11531872165724789}]}, {"source": 22, "prod": 84.820973625263576, "target": 5, "value": 1.1223342967374637, "supply": [{"l": "Potash", "v": 0.078149980368389771}, {"l": "Phosphate", "v": 0.1597714147836283}, {"l": "Nitrogen", "v": 2.3949830299479209}]}, {"source": 22, "prod": 52.461388381915, "target": 11, "value": 0.69415868409638948, "supply": [{"l": "Potash", "v": 0.078149980368389771}, {"l": "Phosphate", "v": 0.1597714147836283}, {"l": "Nitrogen", "v": 2.3949830299479209}]}, {"source": 22, "prod": 49.314984430035167, "target": 3, "value": 0.65252609116971227, "supply": [{"l": "Potash", "v": 0.078149980368389771}, {"l": "Phosphate", "v": 0.1597714147836283}, {"l": "Nitrogen", "v": 2.3949830299479209}]}, {"source": 22, "prod": 12.385717208289336, "target": 4, "value": 0.16388535309637361, "supply": [{"l": "Potash", "v": 0.078149980368389771}, {"l": "Phosphate", "v": 0.1597714147836283}, {"l": "Nitrogen", "v": 2.3949830299479209}]}, {"source": 20, "prod": 0, "target": 22, "value": 3.1764803156427468, "supply": [{"l": "Natural gas (including LNG)", "v": 2.1413737181742247}, {"l": "Fuel oil", "v": 0.6117426057593387}, {"l": "Liquefied petroleum gas (LPG)", "v": 0.21168199585459188}, {"l": "Coal", "v": 0.21168199585459188}]}, {"source": 23, "prod": 0, "target": 3, "value": 0.018893191886967042, "supply": "[{\"l\":'Labor',\"v\":0.018893191886967042}]"}, {"source": 23, "prod": 0, "target": 4, "value": 0.0047451243182670367, "supply": "[{\"l\":'Labor',\"v\":0.0047451243182670367}]"}, {"source": 23, "prod": 0, "target": 5, "value": 0.032495983710895238, "supply": "[{\"l\":'Labor',\"v\":0.032495983710895238}]"}, {"source": 23, "prod": 0, "target": 11, "value": 0.020098618884538431, "supply": "[{\"l\":'Labor',\"v\":0.020098618884538431}]"}, {"source": 20, "prod": 0, "target": 14, "value": 31.129910281580639, "supply": "[{\"l\":'Fossil Fuels',\"v\":31.129910281580639}]"}, {"source": 21, "prod": 0, "target": 14, "value": 9.9943732551217472, "supply": "[{\"l\":'Renewables & Nuclear',\"v\":9.1386561183286865},{\"l\":'Biomass & Waste',\"v\":0.85571713679306016}]"}]}