{"nodes": [{"layer": 5, "name": "Maize"}, {"layer": 10, "name": "Feed", "fill": "#dbdb8d"}, {"layer": 5, "name": "Roots, Other"}, {"layer": 5, "name": "Rye"}, {"layer": 5, "name": "Barley"}, {"layer": 5, "name": "Rice"}, {"layer": 13, "name": "Fats, Animals, Raw"}, {"layer": 5, "name": "Wheat"}, {"layer": 13, "name": "Soyabean Oil"}, {"layer": 5, "name": "Vegetables, Other"}, {"layer": 5, "name": "Peas"}, {"layer": 5, "name": "Oilcrops, Other"}, {"layer": 5, "name": "Oats"}, {"layer": 5, "name": "Soyabeans"}, {"layer": 5, "name": "Potatoes"}, {"layer": 13, "name": "Milk - Excluding Butter"}, {"layer": 5, "name": "Apples"}, {"layer": 13, "name": "Fish, Seafood"}, {"layer": 5, "name": "Sorghum"}, {"layer": 5, "name": "Cereals, Other"}, {"layer": 13, "name": "Pelagic Fish"}, {"layer": 5, "name": "Millet"}, {"layer": 5, "name": "Sweet potatoes"}, {"layer": 5, "name": "Rape and Mustardseed"}, {"layer": 5, "name": "Cassava"}, {"layer": 5, "name": "Pulses, Other"}, {"layer": 16, "name": "Food", "fill": "#b5cf6b"}, {"layer": 5, "name": "Olives"}, {"layer": 5, "name": "Plantains"}, {"layer": 5, "name": "Nuts"}, {"layer": 5, "name": "Dates"}, {"layer": 13, "name": "Sugar", "fill": "#d6616b"}, {"layer": 13, "name": "Oilcrops Oil, Other"}, {"layer": 13, "name": "Maize Germ Oil"}, {"layer": 13, "name": "Beer"}, {"layer": 13, "name": "Groundnut Oil"}, {"layer": 13, "name": "Beverages, Alcoholic"}, {"layer": 13, "name": "Honey"}, {"layer": 13, "name": "Butter, Ghee"}, {"layer": 5, "name": "Tomatoes"}, {"layer": 5, "name": "Coffee"}, {"layer": 5, "name": "Coconuts - Incl Copra"}, {"layer": 5, "name": "Treenuts"}, {"layer": 13, "name": "Crustaceans"}, {"layer": 13, "name": "Eggs"}, {"layer": 13, "name": "Coconut Oil"}, {"layer": 13, "name": "Marine Fish, Other"}, {"layer": 5, "name": "Grapes"}, {"layer": 5, "name": "Groundnuts"}, {"layer": 13, "name": "Palm Oil"}, {"layer": 13, "name": "Wine"}, {"layer": 13, "name": "Sunflowerseed Oil"}, {"layer": 13, "name": "Olive Oil"}, {"layer": 13, "name": "Pigmeat"}, {"layer": 5, "name": "Cocoa Beans"}, {"layer": 13, "name": "Freshwater Fish"}, {"layer": 5, "name": "Pimento"}, {"layer": 5, "name": "Pepper"}, {"layer": 13, "name": "Rape and Mustard Oil"}, {"layer": 5, "name": "Pineapples"}, {"layer": 5, "name": "Beans"}, {"layer": 13, "name": "Meat, Other"}, {"layer": 5, "name": "Lemons, Limes"}, {"layer": 13, "name": "Mutton & Goat Meat"}, {"layer": 13, "name": "Sweeteners, Other"}, {"layer": 5, "name": "Bananas"}, {"layer": 13, "name": "Beverages, Fermented"}, {"layer": 5, "name": "Spices, Other"}, {"layer": 5, "name": "Tea"}, {"layer": 5, "name": "Fruits, Other"}, {"layer": 13, "name": "Molluscs, Other"}, {"layer": 13, "name": "Aquatic Animals, Others"}, {"layer": 13, "name": "Fish, Liver Oil"}, {"layer": 13, "name": "Poultry Meat"}, {"layer": 13, "name": "Offals, Edible"}, {"layer": 5, "name": "Grapefruit"}, {"layer": 13, "name": "Demersal Fish"}, {"layer": 5, "name": "Oranges, Mandarines"}, {"layer": 13, "name": "Bovine Meat"}, {"layer": 13, "name": "Cream"}, {"layer": 5, "name": "Onions"}, {"layer": 13, "name": "Aquatic Products, Other"}, {"layer": 5, "name": "Sunflower seed"}, {"layer": 10, "name": "Processing", "fill": "#9edae5"}, {"layer": 5, "name": "Sesame seed"}, {"layer": 5, "name": "Sugar beet"}, {"layer": 16, "name": "Biofuels & Other", "fill": "#e7ba52"}, {"layer": 13, "name": "Alcohol, Non-Food"}, {"layer": 13, "name": "Fish, Body Oil"}, {"layer": 13, "name": "Palmkernel Oil"}, {"name": "Seed", "fill": "#dbdb8d"}, {"name": "Waste", "fill": "#c7c7c7"}, {"layer": 0, "name": "Import", "fill": "#aec7e8"}, {"layer": 5, "name": "Infant food"}, {"layer": 16, "name": "Export", "fill": "#aec7e8"}, {"layer": 13, "name": "Cephalopods"}, {"layer": 13, "name": "Sesameseed Oil"}, {"layer": 13, "name": "Cottonseed Oil"}, {"layer": 16, "name": "Stock Deposit", "fill": "#c7c7c7"}, {"layer": 0, "name": "Stock Draw", "fill": "#c7c7c7"}, {"layer": 0, "name": "Production", "fill": "#b5cf6b"}], "links": [{"source": 0, "prod": 2.6885105504149998, "target": 1, "value": 950.0, "supply": [{"l": "Maize", "v": 950.0}]}, {"source": 2, "prod": 0.0015550098786984517, "target": 1, "value": 2.0, "supply": [{"l": "Roots, Other", "v": 2.0}]}, {"source": 3, "prod": 0.039892927634566269, "target": 1, "value": 13.0, "supply": [{"l": "Rye", "v": 13.0}]}, {"source": 4, "prod": 5.0212482761134289, "target": 1, "value": 828.0, "supply": [{"l": "Barley", "v": 828.0}]}, {"source": 5, "prod": 0.25640905355312671, "target": 1, "value": 58.0, "supply": [{"l": "Rice", "v": 58.0}]}, {"source": 6, "prod": 0.31118038426125705, "target": 1, "value": 37.0, "supply": [{"l": "Fats, Animals, Raw", "v": 37.0}]}, {"source": 7, "prod": 3.1999267291601599, "target": 1, "value": 1061.0, "supply": [{"l": "Wheat", "v": 1061.0}]}, {"source": 8, "prod": 0.20545880627382002, "target": 1, "value": 20.0, "supply": [{"l": "Soyabean Oil", "v": 20.0}]}, {"source": 9, "prod": 0.089831862862233311, "target": 1, "value": 223.0, "supply": [{"l": "Vegetables, Other", "v": 223.0}]}, {"source": 10, "prod": 0.33636360811391947, "target": 1, "value": 85.0, "supply": [{"l": "Peas", "v": 85.0}]}, {"source": 11, "prod": 0.032907494451224512, "target": 1, "value": 16.0, "supply": [{"l": "Oilcrops, Other", "v": 16.0}]}, {"source": 12, "prod": 0.20975376430482356, "target": 1, "value": 84.0, "supply": [{"l": "Oats", "v": 84.0}]}, {"source": 13, "prod": 0.57176771609002575, "target": 1, "value": 278.0, "supply": [{"l": "Soyabeans", "v": 278.0}]}, {"source": 14, "prod": 0.87002802713178384, "target": 1, "value": 1119.0, "supply": [{"l": "Potatoes", "v": 1119.0}]}, {"source": 15, "prod": 0.21945585964475242, "target": 1, "value": 332.0, "supply": [{"l": "Milk - Excluding Butter", "v": 332.0}]}, {"source": 16, "prod": 0.00024443474041554704, "target": 1, "value": 1.0, "supply": [{"l": "Apples", "v": 1.0}]}, {"source": 17, "prod": 0.016356944922853212, "target": 1, "value": 21.0, "supply": [{"l": "Fish, Seafood", "v": 21.0}]}, {"source": 18, "prod": 0.22817401136271176, "target": 1, "value": 75.0, "supply": [{"l": "Sorghum", "v": 75.0}]}, {"source": 19, "prod": 0.16732760833265531, "target": 1, "value": 55.0, "supply": [{"l": "Cereals, Other", "v": 55.0}]}, {"source": 20, "prod": 0.022120434200880886, "target": 1, "value": 21.0, "supply": [{"l": "Pelagic Fish", "v": 21.0}]}, {"source": 21, "prod": 0.088227284393581892, "target": 1, "value": 29.0, "supply": [{"l": "Millet", "v": 29.0}]}, {"source": 22, "prod": 0.00077750493934922583, "target": 1, "value": 1.0, "supply": [{"l": "Sweet potatoes", "v": 1.0}]}, {"source": 23, "prod": 1.1461544978085001, "target": 1, "value": 450.0, "supply": [{"l": "Rape and Mustardseed", "v": 450.0}]}, {"source": 24, "prod": 0.0054425345754445806, "target": 1, "value": 7.0, "supply": [{"l": "Cassava", "v": 7.0}]}, {"source": 25, "prod": 0.022342192939736844, "target": 1, "value": 5.0, "supply": [{"l": "Pulses, Other", "v": 5.0}]}, {"source": 0, "prod": 0.065090255431100003, "target": 26, "value": 23.0, "supply": [{"l": "Maize", "v": 23.0}]}, {"source": 27, "prod": 0.0097028952195428592, "target": 26, "value": 8.0, "supply": [{"l": "Olives", "v": 8.0}]}, {"source": 28, "prod": 0.023680878053894627, "target": 26, "value": 27.0, "supply": [{"l": "Plantains", "v": 27.0}]}, {"source": 3, "prod": 0.027618180670084341, "target": 26, "value": 9.0, "supply": [{"l": "Rye", "v": 9.0}]}, {"source": 29, "prod": 0.19073499506909591, "target": 26, "value": 64.0, "supply": [{"l": "Nuts", "v": 64.0}]}, {"source": 30, "prod": 0.004994137245352942, "target": 26, "value": 2.0, "supply": [{"l": "Dates", "v": 2.0}]}, {"source": 31, "prod": 1.6676851158589288, "target": 26, "value": 495.0, "supply": [{"l": "Sugar", "v": 495.0}]}, {"source": 32, "prod": 0.26707630231419655, "target": 26, "value": 32.0, "supply": [{"l": "Oilcrops Oil, Other", "v": 32.0}]}, {"source": 33, "prod": 0.22640088845600001, "target": 26, "value": 22.0, "supply": [{"l": "Maize Germ Oil", "v": 22.0}]}, {"source": 34, "prod": 0.55615703868091504, "target": 26, "value": 976.0, "supply": [{"l": "Beer", "v": 976.0}]}, {"source": 35, "prod": 0.010612541646375, "target": 26, "value": 1.0, "supply": [{"l": "Groundnut Oil", "v": 1.0}]}, {"source": 36, "prod": 0.056232688204168844, "target": 26, "value": 17.0, "supply": [{"l": "Beverages, Alcoholic", "v": 17.0}]}, {"source": 4, "prod": 0.0060643095122142861, "target": 26, "value": 1.0, "supply": [{"l": "Barley", "v": 1.0}]}, {"source": 37, "prod": 0.023583425880833331, "target": 26, "value": 7.0, "supply": [{"l": "Honey", "v": 7.0}]}, {"source": 5, "prod": 0.41113865483518586, "target": 26, "value": 93.0, "supply": [{"l": "Rice", "v": 93.0}]}, {"source": 38, "prod": 0.68216563001557839, "target": 26, "value": 82.0, "supply": [{"l": "Butter, Ghee", "v": 82.0}]}, {"source": 39, "prod": 0.074754234510172185, "target": 26, "value": 303.0, "supply": [{"l": "Tomatoes", "v": 303.0}]}, {"source": 6, "prod": 1.0849262045865451, "target": 26, "value": 129.0, "supply": [{"l": "Fats, Animals, Raw", "v": 129.0}]}, {"source": 40, "prod": 0.032761347132716639, "target": 26, "value": 57.0, "supply": [{"l": "Coffee", "v": 57.0}]}, {"source": 7, "prod": 3.9750267945646476, "target": 26, "value": 1318.0, "supply": [{"l": "Wheat", "v": 1318.0}]}, {"source": 8, "prod": 0.56501171725300503, "target": 26, "value": 55.0, "supply": [{"l": "Soyabean Oil", "v": 55.0}]}, {"source": 41, "prod": 0.046992804338191883, "target": 26, "value": 30.0, "supply": [{"l": "Coconuts - Incl Copra", "v": 30.0}]}, {"source": 42, "prod": 0.19171985735000349, "target": 26, "value": 64.0, "supply": [{"l": "Treenuts", "v": 64.0}]}, {"source": 43, "prod": 0.018587646907260353, "target": 26, "value": 37.0, "supply": [{"l": "Crustaceans", "v": 37.0}]}, {"source": 44, "prod": 0.24743531185998291, "target": 26, "value": 151.0, "supply": [{"l": "Eggs", "v": 151.0}]}, {"source": 9, "prod": 0.44392247925641748, "target": 26, "value": 1102.0, "supply": [{"l": "Vegetables, Other", "v": 1102.0}]}, {"source": 10, "prod": 0.051443845946834744, "target": 26, "value": 13.0, "supply": [{"l": "Peas", "v": 13.0}]}, {"source": 45, "prod": 0.052696758519931039, "target": 26, "value": 6.0, "supply": [{"l": "Coconut Oil", "v": 6.0}]}, {"source": 46, "prod": 0.013820984469697675, "target": 26, "value": 14.0, "supply": [{"l": "Marine Fish, Other", "v": 14.0}]}, {"source": 47, "prod": 0.037456029340147058, "target": 26, "value": 45.0, "supply": [{"l": "Grapes", "v": 45.0}]}, {"source": 48, "prod": 0.02122508329275, "target": 26, "value": 3.0, "supply": [{"l": "Groundnuts", "v": 3.0}]}, {"source": 49, "prod": 0.65114864223323476, "target": 26, "value": 63.0, "supply": [{"l": "Palm Oil", "v": 63.0}]}, {"source": 23, "prod": 0.017829069965910001, "target": 26, "value": 7.0, "supply": [{"l": "Rape and Mustardseed", "v": 7.0}]}, {"source": 50, "prod": 0.26144290931505415, "target": 26, "value": 313.0, "supply": [{"l": "Wine", "v": 313.0}]}, {"source": 51, "prod": 0.22640088845600001, "target": 26, "value": 22.0, "supply": [{"l": "Sunflowerseed Oil", "v": 22.0}]}, {"source": 12, "prod": 0.004994137245352942, "target": 26, "value": 2.0, "supply": [{"l": "Oats", "v": 2.0}]}, {"source": 52, "prod": 0.14628980484849233, "target": 26, "value": 14.0, "supply": [{"l": "Olive Oil", "v": 14.0}]}, {"source": 53, "prod": 0.66289986634883946, "target": 26, "value": 386.0, "supply": [{"l": "Pigmeat", "v": 386.0}]}, {"source": 54, "prod": 0.0080857460162857154, "target": 26, "value": 2.0, "supply": [{"l": "Cocoa Beans", "v": 2.0}]}, {"source": 13, "prod": 0.002056718403201532, "target": 26, "value": 1.0, "supply": [{"l": "Soyabeans", "v": 1.0}]}, {"source": 14, "prod": 0.90657075928119735, "target": 26, "value": 1166.0, "supply": [{"l": "Potatoes", "v": 1166.0}]}, {"source": 55, "prod": 0.051450452322325556, "target": 26, "value": 66.0, "supply": [{"l": "Freshwater Fish", "v": 66.0}]}, {"source": 56, "prod": 0.003859106053227273, "target": 26, "value": 1.0, "supply": [{"l": "Pimento", "v": 1.0}]}, {"source": 57, "prod": 0.0032653974296538461, "target": 26, "value": 1.0, "supply": [{"l": "Pepper", "v": 1.0}]}, {"source": 58, "prod": 0.31968985389471011, "target": 26, "value": 34.0, "supply": [{"l": "Rape and Mustard Oil", "v": 34.0}]}, {"source": 15, "prod": 1.6353427613286668, "target": 26, "value": 2474.0, "supply": [{"l": "Milk - Excluding Butter", "v": 2474.0}]}, {"source": 59, "prod": 0.018376695491558442, "target": 26, "value": 25.0, "supply": [{"l": "Pineapples", "v": 25.0}]}, {"source": 60, "prod": 0.031696124383840008, "target": 26, "value": 8.0, "supply": [{"l": "Beans", "v": 8.0}]}, {"source": 16, "prod": 0.055975555555160261, "target": 26, "value": 229.0, "supply": [{"l": "Apples", "v": 229.0}]}, {"source": 17, "prod": 0.21497699041464219, "target": 26, "value": 276.0, "supply": [{"l": "Fish, Seafood", "v": 276.0}]}, {"source": 61, "prod": 0.022993840233812502, "target": 26, "value": 13.0, "supply": [{"l": "Meat, Other", "v": 13.0}]}, {"source": 62, "prod": 0.0046272693434431279, "target": 26, "value": 23.0, "supply": [{"l": "Lemons, Limes", "v": 23.0}]}, {"source": 63, "prod": 0.05014247865132887, "target": 26, "value": 16.0, "supply": [{"l": "Mutton & Goat Meat", "v": 16.0}]}, {"source": 64, "prod": 0.15511202738507957, "target": 26, "value": 64.0, "supply": [{"l": "Sweeteners, Other", "v": 64.0}]}, {"source": 20, "prod": 0.046347576420893287, "target": 26, "value": 44.0, "supply": [{"l": "Pelagic Fish", "v": 44.0}]}, {"source": 65, "prod": 0.046784624437828201, "target": 26, "value": 68.0, "supply": [{"l": "Bananas", "v": 68.0}]}, {"source": 66, "prod": 0.0033411234417259315, "target": 26, "value": 4.0, "supply": [{"l": "Beverages, Fermented", "v": 4.0}]}, {"source": 67, "prod": 0.024490480722403847, "target": 26, "value": 6.0, "supply": [{"l": "Spices, Other", "v": 6.0}]}, {"source": 68, "prod": 0.0046176334841554305, "target": 26, "value": 2.0, "supply": [{"l": "Tea", "v": 2.0}]}, {"source": 69, "prod": 0.070210199187213759, "target": 26, "value": 130.0, "supply": [{"l": "Fruits, Other", "v": 130.0}]}, {"source": 70, "prod": 0.0093683126257655177, "target": 26, "value": 48.0, "supply": [{"l": "Molluscs, Other", "v": 48.0}]}, {"source": 71, "prod": 0.0015591046158280469, "target": 26, "value": 2.0, "supply": [{"l": "Aquatic Animals, Others", "v": 2.0}]}, {"source": 72, "prod": 0.022342192939736844, "target": 26, "value": 2.0, "supply": [{"l": "Fish, Liver Oil", "v": 2.0}]}, {"source": 73, "prod": 0.3642079766061056, "target": 26, "value": 252.0, "supply": [{"l": "Poultry Meat", "v": 252.0}]}, {"source": 74, "prod": 0.03671365758745946, "target": 26, "value": 28.0, "supply": [{"l": "Offals, Edible", "v": 28.0}]}, {"source": 75, "prod": 0.0047166851761666672, "target": 26, "value": 25.0, "supply": [{"l": "Grapefruit", "v": 25.0}]}, {"source": 76, "prod": 0.075217485255629768, "target": 26, "value": 67.0, "supply": [{"l": "Demersal Fish", "v": 67.0}]}, {"source": 77, "prod": 0.03288629506228459, "target": 26, "value": 84.0, "supply": [{"l": "Oranges, Mandarines", "v": 84.0}]}, {"source": 78, "prod": 0.21989974839275109, "target": 26, "value": 178.0, "supply": [{"l": "Bovine Meat", "v": 178.0}]}, {"source": 25, "prod": 0.0089368771758947391, "target": 26, "value": 2.0, "supply": [{"l": "Pulses, Other", "v": 2.0}]}, {"source": 79, "prod": 0.23329294136427806, "target": 26, "value": 102.0, "supply": [{"l": "Cream", "v": 102.0}]}, {"source": 80, "prod": 0.002272087417600357, "target": 26, "value": 5.0, "supply": [{"l": "Onions", "v": 5.0}]}, {"source": 81, "prod": 0.0015591046158280469, "target": 26, "value": 2.0, "supply": [{"l": "Aquatic Products, Other", "v": 2.0}]}, {"source": 82, "prod": 0.065814988902449023, "target": 83, "value": 32.0, "supply": [{"l": "Sunflower seed", "v": 32.0}]}, {"source": 73, "prod": 0.0014452697484369269, "target": 83, "value": 1.0, "supply": [{"l": "Poultry Meat", "v": 1.0}]}, {"source": 7, "prod": 2.7626134626868111, "target": 83, "value": 916.0, "supply": [{"l": "Wheat", "v": 916.0}]}, {"source": 13, "prod": 0.061701552096045956, "target": 83, "value": 30.0, "supply": [{"l": "Soyabeans", "v": 30.0}]}, {"source": 69, "prod": 0.017822589024446566, "target": 83, "value": 33.0, "supply": [{"l": "Fruits, Other", "v": 33.0}]}, {"source": 84, "prod": 0.0041134368064030639, "target": 83, "value": 2.0, "supply": [{"l": "Sesame seed", "v": 2.0}]}, {"source": 31, "prod": 0.18192928536642858, "target": 83, "value": 54.0, "supply": [{"l": "Sugar", "v": 54.0}]}, {"source": 15, "prod": 0.13088030183632826, "target": 83, "value": 198.0, "supply": [{"l": "Milk - Excluding Butter", "v": 198.0}]}, {"source": 23, "prod": 3.3544121635862103, "target": 83, "value": 1317.0, "supply": [{"l": "Rape and Mustardseed", "v": 1317.0}]}, {"source": 4, "prod": 1.9951578295185004, "target": 83, "value": 329.0, "supply": [{"l": "Barley", "v": 329.0}]}, {"source": 47, "prod": 0.02497068622676471, "target": 83, "value": 30.0, "supply": [{"l": "Grapes", "v": 30.0}]}, {"source": 48, "prod": 0.0424501665855, "target": 83, "value": 6.0, "supply": [{"l": "Groundnuts", "v": 6.0}]}, {"source": 85, "prod": 6.2759999880000006, "target": 83, "value": 5400.0, "supply": [{"l": "Sugar beet", "v": 5400.0}]}, {"source": 11, "prod": 0.63552598658927328, "target": 83, "value": 309.0, "supply": [{"l": "Oilcrops, Other", "v": 309.0}]}, {"source": 32, "prod": 0.52580647018107451, "target": 83, "value": 63.0, "supply": [{"l": "Oilcrops Oil, Other", "v": 63.0}]}, {"source": 16, "prod": 0.021999126637399235, "target": 83, "value": 90.0, "supply": [{"l": "Apples", "v": 90.0}]}, {"source": 0, "prod": 2.2696689067714, "target": 86, "value": 802.0, "supply": [{"l": "Maize", "v": 802.0}]}, {"source": 87, "prod": 0.015870336348198174, "target": 86, "value": 19.0, "supply": [{"l": "Alcohol, Non-Food", "v": 19.0}]}, {"source": 31, "prod": 0.016845304200595237, "target": 86, "value": 5.0, "supply": [{"l": "Sugar", "v": 5.0}]}, {"source": 33, "prod": 0.20581898950545455, "target": 86, "value": 20.0, "supply": [{"l": "Maize Germ Oil", "v": 20.0}]}, {"source": 35, "prod": 0.010612541646375, "target": 86, "value": 1.0, "supply": [{"l": "Groundnut Oil", "v": 1.0}]}, {"source": 36, "prod": 0.10584976603137664, "target": 86, "value": 32.0, "supply": [{"l": "Beverages, Alcoholic", "v": 32.0}]}, {"source": 38, "prod": 0.024957279146911412, "target": 86, "value": 3.0, "supply": [{"l": "Butter, Ghee", "v": 3.0}]}, {"source": 82, "prod": 0.11517623057928576, "target": 86, "value": 56.0, "supply": [{"l": "Sunflower seed", "v": 56.0}]}, {"source": 6, "prod": 1.8502617442561231, "target": 86, "value": 220.0, "supply": [{"l": "Fats, Animals, Raw", "v": 220.0}]}, {"source": 7, "prod": 1.2938440780487357, "target": 86, "value": 429.0, "supply": [{"l": "Wheat", "v": 429.0}]}, {"source": 8, "prod": 0.30818820941073, "target": 86, "value": 30.0, "supply": [{"l": "Soyabean Oil", "v": 30.0}]}, {"source": 46, "prod": 0.00098721317640697672, "target": 86, "value": 1.0, "supply": [{"l": "Marine Fish, Other", "v": 1.0}]}, {"source": 49, "prod": 1.9431102339658437, "target": 86, "value": 188.0, "supply": [{"l": "Palm Oil", "v": 188.0}]}, {"source": 11, "prod": 0.006170155209604595, "target": 86, "value": 3.0, "supply": [{"l": "Oilcrops, Other", "v": 3.0}]}, {"source": 55, "prod": 0.0015591046158280469, "target": 86, "value": 2.0, "supply": [{"l": "Freshwater Fish", "v": 2.0}]}, {"source": 14, "prod": 0.0015550098786984517, "target": 86, "value": 2.0, "supply": [{"l": "Potatoes", "v": 2.0}]}, {"source": 45, "prod": 0.0087827930866551732, "target": 86, "value": 1.0, "supply": [{"l": "Coconut Oil", "v": 1.0}]}, {"source": 58, "prod": 3.9114993888293941, "target": 86, "value": 416.0, "supply": [{"l": "Rape and Mustard Oil", "v": 416.0}]}, {"source": 15, "prod": 0.07072824392165214, "target": 86, "value": 107.0, "supply": [{"l": "Milk - Excluding Butter", "v": 107.0}]}, {"source": 17, "prod": 0.0023367064175504586, "target": 86, "value": 3.0, "supply": [{"l": "Fish, Seafood", "v": 3.0}]}, {"source": 85, "prod": 0.058111111000000007, "target": 86, "value": 50.0, "supply": [{"l": "Sugar beet", "v": 50.0}]}, {"source": 32, "prod": 0.87634411696845749, "target": 86, "value": 105.0, "supply": [{"l": "Oilcrops Oil, Other", "v": 105.0}]}, {"source": 64, "prod": 0.99126280000777423, "target": 86, "value": 409.0, "supply": [{"l": "Sweeteners, Other", "v": 409.0}]}, {"source": 88, "prod": 0.033458747409360237, "target": 86, "value": 4.0, "supply": [{"l": "Fish, Body Oil", "v": 4.0}]}, {"source": 51, "prod": 1.8729528044996362, "target": 86, "value": 182.0, "supply": [{"l": "Sunflowerseed Oil", "v": 182.0}]}, {"source": 89, "prod": 0.0094333703523333343, "target": 86, "value": 1.0, "supply": [{"l": "Palmkernel Oil", "v": 1.0}]}, {"source": 24, "prod": 0.0015550098786984517, "target": 86, "value": 2.0, "supply": [{"l": "Cassava", "v": 2.0}]}, {"source": 79, "prod": 0.22871856996497847, "target": 86, "value": 100.0, "supply": [{"l": "Cream", "v": 100.0}]}, {"source": 19, "prod": 0.0060846403030056471, "target": 90, "value": 2.0, "supply": [{"l": "Cereals, Other", "v": 2.0}]}, {"source": 7, "prod": 0.10857432822786593, "target": 90, "value": 36.0, "supply": [{"l": "Wheat", "v": 36.0}]}, {"source": 0, "prod": 0.065090255431100003, "target": 90, "value": 23.0, "supply": [{"l": "Maize", "v": 23.0}]}, {"source": 14, "prod": 0.045095286482255102, "target": 90, "value": 58.0, "supply": [{"l": "Potatoes", "v": 58.0}]}, {"source": 44, "prod": 0.027856955639865628, "target": 44, "value": 17.0, "supply": [{"l": "Eggs", "v": 17.0}]}, {"source": 12, "prod": 0.002497068622676471, "target": 90, "value": 1.0, "supply": [{"l": "Oats", "v": 1.0}]}, {"source": 10, "prod": 0.0039572189189872884, "target": 90, "value": 1.0, "supply": [{"l": "Peas", "v": 1.0}]}, {"source": 4, "prod": 0.036385857073285718, "target": 90, "value": 6.0, "supply": [{"l": "Barley", "v": 6.0}]}, {"source": 11, "prod": 0.002056718403201532, "target": 90, "value": 1.0, "supply": [{"l": "Oilcrops, Other", "v": 1.0}]}, {"source": 0, "prod": 0.022640088845599999, "target": 91, "value": 8.0, "supply": [{"l": "Maize", "v": 8.0}]}, {"source": 39, "prod": 0.0029605637429771159, "target": 91, "value": 12.0, "supply": [{"l": "Tomatoes", "v": 12.0}]}, {"source": 59, "prod": 0.0088208138359480506, "target": 91, "value": 12.0, "supply": [{"l": "Pineapples", "v": 12.0}]}, {"source": 7, "prod": 0.090478606856554955, "target": 91, "value": 30.0, "supply": [{"l": "Wheat", "v": 30.0}]}, {"source": 77, "prod": 0.00078300702529249017, "target": 91, "value": 2.0, "supply": [{"l": "Oranges, Mandarines", "v": 2.0}]}, {"source": 13, "prod": 0.0041134368064030639, "target": 91, "value": 2.0, "supply": [{"l": "Soyabeans", "v": 2.0}]}, {"source": 14, "prod": 0.14383841377960679, "target": 91, "value": 185.0, "supply": [{"l": "Potatoes", "v": 185.0}]}, {"source": 44, "prod": 0.0065545777976154405, "target": 91, "value": 4.0, "supply": [{"l": "Eggs", "v": 4.0}]}, {"source": 9, "prod": 0.070898689971986825, "target": 91, "value": 176.0, "supply": [{"l": "Vegetables, Other", "v": 176.0}]}, {"source": 69, "prod": 0.0070210199187213749, "target": 91, "value": 13.0, "supply": [{"l": "Fruits, Other", "v": 13.0}]}, {"source": 5, "prod": 0.0044208457509159766, "target": 91, "value": 1.0, "supply": [{"l": "Rice", "v": 1.0}]}, {"source": 42, "prod": 0.0029956227710938046, "target": 91, "value": 1.0, "supply": [{"l": "Treenuts", "v": 1.0}]}, {"source": 23, "prod": 0.28271810945943004, "target": 91, "value": 111.0, "supply": [{"l": "Rape and Mustardseed", "v": 111.0}]}, {"source": 4, "prod": 0.18192928536642861, "target": 91, "value": 30.0, "supply": [{"l": "Barley", "v": 30.0}]}, {"source": 47, "prod": 0.0041617810377941175, "target": 91, "value": 5.0, "supply": [{"l": "Grapes", "v": 5.0}]}, {"source": 62, "prod": 0.00020118562362796209, "target": 91, "value": 1.0, "supply": [{"l": "Lemons, Limes", "v": 1.0}]}, {"source": 80, "prod": 0.0036353398681605712, "target": 91, "value": 8.0, "supply": [{"l": "Onions", "v": 8.0}]}, {"source": 29, "prod": 0.0029802342979546237, "target": 91, "value": 1.0, "supply": [{"l": "Nuts", "v": 1.0}]}, {"source": 16, "prod": 0.00048886948083109408, "target": 91, "value": 2.0, "supply": [{"l": "Apples", "v": 2.0}]}, {"source": 92, "prod": 0.0424501665855, "target": 93, "value": 13.0, "supply": [{"l": "Infant food", "v": 13.0}]}, {"source": 92, "prod": 0.00077750493934922583, "target": 22, "value": 1.0, "supply": [{"l": "Sweet potatoes", "v": 1.0}]}, {"source": 92, "prod": 0.048980961444807694, "target": 67, "value": 12.0, "supply": [{"l": "Spices, Other", "v": 12.0}]}, {"source": 92, "prod": 0.077714798253149295, "target": 39, "value": 315.0, "supply": [{"l": "Tomatoes", "v": 315.0}]}, {"source": 92, "prod": 0.010885069150889161, "target": 24, "value": 14.0, "supply": [{"l": "Cassava", "v": 14.0}]}, {"source": 92, "prod": 0.0062367543324668264, "target": 62, "value": 31.0, "supply": [{"l": "Lemons, Limes", "v": 31.0}]}, {"source": 92, "prod": 0.37744846915781932, "target": 42, "value": 126.0, "supply": [{"l": "Treenuts", "v": 126.0}]}, {"source": 92, "prod": 0.073648481786891568, "target": 3, "value": 24.0, "supply": [{"l": "Rye", "v": 24.0}]}, {"source": 92, "prod": 0.12490615235234453, "target": 16, "value": 511.0, "supply": [{"l": "Apples", "v": 511.0}]}, {"source": 92, "prod": 0.041558701357398878, "target": 68, "value": 18.0, "supply": [{"l": "Tea", "v": 18.0}]}, {"source": 92, "prod": 0.61955787032338483, "target": 9, "value": 1538.0, "supply": [{"l": "Vegetables, Other", "v": 1538.0}]}, {"source": 92, "prod": 1.8390718323810464, "target": 5, "value": 416.0, "supply": [{"l": "Rice", "v": 416.0}]}, {"source": 92, "prod": 13.411945489703328, "target": 7, "value": 4447.0, "supply": [{"l": "Wheat", "v": 4447.0}]}, {"source": 92, "prod": 0.011622222200000001, "target": 85, "value": 10.0, "supply": [{"l": "Sugar beet", "v": 10.0}]}, {"source": 92, "prod": 14.536149900777646, "target": 4, "value": 2397.0, "supply": [{"l": "Barley", "v": 2397.0}]}, {"source": 92, "prod": 0.0097961922889615374, "target": 57, "value": 3.0, "supply": [{"l": "Pepper", "v": 3.0}]}, {"source": 92, "prod": 0.019998745146946668, "target": 75, "value": 106.0, "supply": [{"l": "Grapefruit", "v": 106.0}]}, {"source": 92, "prod": 0.20174092708041297, "target": 40, "value": 351.0, "supply": [{"l": "Coffee", "v": 351.0}]}, {"source": 92, "prod": 0.2056718403201532, "target": 82, "value": 100.0, "supply": [{"l": "Sunflower seed", "v": 100.0}]}, {"source": 92, "prod": 0.097354244848090354, "target": 21, "value": 32.0, "supply": [{"l": "Millet", "v": 32.0}]}, {"source": 92, "prod": 0.0074912058680294122, "target": 30, "value": 3.0, "supply": [{"l": "Dates", "v": 3.0}]}, {"source": 92, "prod": 0.019405790439085718, "target": 27, "value": 16.0, "supply": [{"l": "Olives", "v": 16.0}]}, {"source": 92, "prod": 0.17036992848415811, "target": 19, "value": 56.0, "supply": [{"l": "Cereals, Other", "v": 56.0}]}, {"source": 92, "prod": 4.8398431839571447, "target": 1, "value": 6097.0, "supply": [{"l": "Crustaceans", "v": 149.0}, {"l": "Eggs", "v": 84.0}, {"l": "Aquatic Products, Other", "v": 2.0}, {"l": "Marine Fish, Other", "v": 36.0}, {"l": "Pigmeat", "v": 182.0}, {"l": "Fish, Seafood", "v": 595.0}, {"l": "Aquatic Animals, Others", "v": 2.0}, {"l": "Offals, Edible", "v": 88.0}, {"l": "Demersal Fish", "v": 99.0}, {"l": "Freshwater Fish", "v": 129.0}, {"l": "Milk - Excluding Butter", "v": 4157.0}, {"l": "Meat, Other", "v": 53.0}, {"l": "Cephalopods", "v": 6.0}, {"l": "Mutton & Goat Meat", "v": 28.0}, {"l": "Pelagic Fish", "v": 100.0}, {"l": "Bovine Meat", "v": 86.0}, {"l": "Molluscs, Other", "v": 76.0}, {"l": "Poultry Meat", "v": 225.0}]}, {"source": 92, "prod": 0.011577318159681819, "target": 56, "value": 3.0, "supply": [{"l": "Pimento", "v": 3.0}]}, {"source": 92, "prod": 0.37550952154228256, "target": 29, "value": 126.0, "supply": [{"l": "Nuts", "v": 126.0}]}, {"source": 92, "prod": 0.41155076757467796, "target": 10, "value": 104.0, "supply": [{"l": "Peas", "v": 104.0}]}, {"source": 92, "prod": 1.0571532592455875, "target": 11, "value": 514.0, "supply": [{"l": "Oilcrops, Other", "v": 514.0}]}, {"source": 92, "prod": 1.528205997078, "target": 54, "value": 378.0, "supply": [{"l": "Cocoa Beans", "v": 378.0}]}, {"source": 92, "prod": 1.1349686831614645, "target": 77, "value": 2899.0, "supply": [{"l": "Oranges, Mandarines", "v": 2899.0}]}, {"source": 92, "prod": 0.23730097181722024, "target": 18, "value": 78.0, "supply": [{"l": "Sorghum", "v": 78.0}]}, {"source": 92, "prod": 0.169800666342, "target": 48, "value": 24.0, "supply": [{"l": "Groundnuts", "v": 24.0}]}, {"source": 92, "prod": 1.5005845329440057, "target": 14, "value": 1930.0, "supply": [{"l": "Potatoes", "v": 1930.0}]}, {"source": 92, "prod": 0.089065826769934006, "target": 80, "value": 196.0, "supply": [{"l": "Onions", "v": 196.0}]}, {"source": 92, "prod": 5.6008749792908699, "target": 23, "value": 2199.0, "supply": [{"l": "Rape and Mustardseed", "v": 2199.0}]}, {"source": 92, "prod": 0.92193230509837931, "target": 65, "value": 1340.0, "supply": [{"l": "Bananas", "v": 1340.0}]}, {"source": 92, "prod": 0.10820630698264706, "target": 47, "value": 130.0, "supply": [{"l": "Grapes", "v": 130.0}]}, {"source": 92, "prod": 0.006170155209604595, "target": 84, "value": 3.0, "supply": [{"l": "Sesame seed", "v": 3.0}]}, {"source": 92, "prod": 28.949895041823535, "target": 83, "value": 4962.0, "supply": [{"l": "Sugar", "v": 823.0}, {"l": "Beverages, Alcoholic", "v": 46.0}, {"l": "Butter, Ghee", "v": 127.0}, {"l": "Fats, Animals, Raw", "v": 285.0}, {"l": "Sunflowerseed Oil", "v": 473.0}, {"l": "Rape and Mustard Oil", "v": 419.0}, {"l": "Sesameseed Oil", "v": 1.0}, {"l": "Wine", "v": 335.0}, {"l": "Sweeteners, Other", "v": 763.0}, {"l": "Fish, Body Oil", "v": 17.0}, {"l": "Honey", "v": 21.0}, {"l": "Palmkernel Oil", "v": 56.0}, {"l": "Cream", "v": 115.0}, {"l": "Alcohol, Non-Food", "v": 174.0}, {"l": "Oilcrops Oil, Other", "v": 196.0}, {"l": "Maize Germ Oil", "v": 49.0}, {"l": "Beer", "v": 257.0}, {"l": "Groundnut Oil", "v": 30.0}, {"l": "Soyabean Oil", "v": 139.0}, {"l": "Palm Oil", "v": 561.0}, {"l": "Coconut Oil", "v": 45.0}, {"l": "Olive Oil", "v": 20.0}, {"l": "Beverages, Fermented", "v": 7.0}, {"l": "Cottonseed Oil", "v": 1.0}, {"l": "Fish, Liver Oil", "v": 2.0}]}, {"source": 92, "prod": 1.1826130818408807, "target": 13, "value": 575.0, "supply": [{"l": "Soyabeans", "v": 575.0}]}, {"source": 92, "prod": 0.054378312568202476, "target": 28, "value": 62.0, "supply": [{"l": "Plantains", "v": 62.0}]}, {"source": 92, "prod": 0.095088373151520009, "target": 60, "value": 24.0, "supply": [{"l": "Beans", "v": 24.0}]}, {"source": 92, "prod": 3.8573051370691003, "target": 0, "value": 1363.0, "supply": [{"l": "Maize", "v": 1363.0}]}, {"source": 92, "prod": 0.43854370569244283, "target": 69, "value": 812.0, "supply": [{"l": "Fruits, Other", "v": 812.0}]}, {"source": 92, "prod": 0.0031100197573969033, "target": 2, "value": 4.0, "supply": [{"l": "Roots, Other", "v": 4.0}]}, {"source": 92, "prod": 0.25433346560316883, "target": 59, "value": 346.0, "supply": [{"l": "Pineapples", "v": 346.0}]}, {"source": 92, "prod": 0.13941198620330258, "target": 41, "value": 89.0, "supply": [{"l": "Coconuts - Incl Copra", "v": 89.0}]}, {"source": 92, "prod": 0.2347244505315883, "target": 12, "value": 94.0, "supply": [{"l": "Oats", "v": 94.0}]}, {"source": 92, "prod": 0.058089701643315797, "target": 25, "value": 13.0, "supply": [{"l": "Pulses, Other", "v": 13.0}]}, {"source": 28, "prod": 0.031574504071859508, "target": 94, "value": 36.0, "supply": [{"l": "Plantains", "v": 36.0}]}, {"source": 29, "prod": 0.18477452647318665, "target": 94, "value": 62.0, "supply": [{"l": "Nuts", "v": 62.0}]}, {"source": 31, "prod": 2.7895823756185711, "target": 94, "value": 828.0, "supply": [{"l": "Sugar", "v": 828.0}]}, {"source": 36, "prod": 0.095926350465935076, "target": 94, "value": 29.0, "supply": [{"l": "Beverages, Alcoholic", "v": 29.0}]}, {"source": 81, "prod": 0.00077955230791402347, "target": 94, "value": 1.0, "supply": [{"l": "Aquatic Products, Other", "v": 1.0}]}, {"source": 6, "prod": 1.5895430439291238, "target": 94, "value": 189.0, "supply": [{"l": "Fats, Animals, Raw", "v": 189.0}]}, {"source": 41, "prod": 0.093985608676383767, "target": 94, "value": 60.0, "supply": [{"l": "Coconuts - Incl Copra", "v": 60.0}]}, {"source": 42, "prod": 0.18572861180781586, "target": 94, "value": 62.0, "supply": [{"l": "Treenuts", "v": 62.0}]}, {"source": 44, "prod": 0.11962104480648179, "target": 94, "value": 73.0, "supply": [{"l": "Eggs", "v": 73.0}]}, {"source": 2, "prod": 0.0015550098786984517, "target": 94, "value": 2.0, "supply": [{"l": "Roots, Other", "v": 2.0}]}, {"source": 84, "prod": 0.002056718403201532, "target": 94, "value": 1.0, "supply": [{"l": "Sesame seed", "v": 1.0}]}, {"source": 46, "prod": 0.020731476704546514, "target": 94, "value": 21.0, "supply": [{"l": "Marine Fish, Other", "v": 21.0}]}, {"source": 53, "prod": 1.5524908787029812, "target": 94, "value": 904.0, "supply": [{"l": "Pigmeat", "v": 904.0}]}, {"source": 48, "prod": 0.11320044422800001, "target": 94, "value": 16.0, "supply": [{"l": "Groundnuts", "v": 16.0}]}, {"source": 58, "prod": 4.8611663077519163, "target": 94, "value": 517.0, "supply": [{"l": "Rape and Mustard Oil", "v": 517.0}]}, {"source": 25, "prod": 0.040215947291526319, "target": 94, "value": 9.0, "supply": [{"l": "Pulses, Other", "v": 9.0}]}, {"source": 18, "prod": 0.0091269604545084707, "target": 94, "value": 3.0, "supply": [{"l": "Sorghum", "v": 3.0}]}, {"source": 50, "prod": 0.021717302371218557, "target": 94, "value": 26.0, "supply": [{"l": "Wine", "v": 26.0}]}, {"source": 64, "prod": 0.84826889976215381, "target": 94, "value": 350.0, "supply": [{"l": "Sweeteners, Other", "v": 350.0}]}, {"source": 88, "prod": 0.11710561593276082, "target": 94, "value": 14.0, "supply": [{"l": "Fish, Body Oil", "v": 14.0}]}, {"source": 37, "prod": 0.057274034282023809, "target": 94, "value": 17.0, "supply": [{"l": "Honey", "v": 17.0}]}, {"source": 76, "prod": 0.056132451683305801, "target": 94, "value": 50.0, "supply": [{"l": "Demersal Fish", "v": 50.0}]}, {"source": 87, "prod": 0.31740672696396344, "target": 94, "value": 380.0, "supply": [{"l": "Alcohol, Non-Food", "v": 380.0}]}, {"source": 32, "prod": 1.3103431082290269, "target": 94, "value": 157.0, "supply": [{"l": "Oilcrops Oil, Other", "v": 157.0}]}, {"source": 33, "prod": 0.69978456431854552, "target": 94, "value": 68.0, "supply": [{"l": "Maize Germ Oil", "v": 68.0}]}, {"source": 34, "prod": 0.63878282823904275, "target": 94, "value": 1121.0, "supply": [{"l": "Beer", "v": 1121.0}]}, {"source": 35, "prod": 0.32898879103762502, "target": 94, "value": 31.0, "supply": [{"l": "Groundnut Oil", "v": 31.0}]}, {"source": 5, "prod": 1.1759449697436499, "target": 94, "value": 266.0, "supply": [{"l": "Rice", "v": 266.0}]}, {"source": 40, "prod": 0.16897957994769633, "target": 94, "value": 294.0, "supply": [{"l": "Coffee", "v": 294.0}]}, {"source": 7, "prod": 7.0693951490588267, "target": 94, "value": 2344.0, "supply": [{"l": "Wheat", "v": 2344.0}]}, {"source": 56, "prod": 0.007718212106454546, "target": 94, "value": 2.0, "supply": [{"l": "Pimento", "v": 2.0}]}, {"source": 49, "prod": 2.2428453232478089, "target": 94, "value": 217.0, "supply": [{"l": "Palm Oil", "v": 217.0}]}, {"source": 11, "prod": 0.39283321501149254, "target": 94, "value": 191.0, "supply": [{"l": "Oilcrops, Other", "v": 191.0}]}, {"source": 30, "prod": 0.002497068622676471, "target": 94, "value": 1.0, "supply": [{"l": "Dates", "v": 1.0}]}, {"source": 12, "prod": 0.059929646944235297, "target": 94, "value": 24.0, "supply": [{"l": "Oats", "v": 24.0}]}, {"source": 13, "prod": 0.54503037684840583, "target": 94, "value": 265.0, "supply": [{"l": "Soyabeans", "v": 265.0}]}, {"source": 55, "prod": 0.048332243090669448, "target": 94, "value": 62.0, "supply": [{"l": "Freshwater Fish", "v": 62.0}]}, {"source": 60, "prod": 0.063392248767680015, "target": 94, "value": 16.0, "supply": [{"l": "Beans", "v": 16.0}]}, {"source": 85, "prod": 0.0011622222200000001, "target": 94, "value": 1.0, "supply": [{"l": "Sugar beet", "v": 1.0}]}, {"source": 95, "prod": 0.0054523149742844047, "target": 94, "value": 7.0, "supply": [{"l": "Cephalopods", "v": 7.0}]}, {"source": 63, "prod": 0.043874668819912761, "target": 94, "value": 14.0, "supply": [{"l": "Mutton & Goat Meat", "v": 14.0}]}, {"source": 96, "prod": 0.011577318159681819, "target": 94, "value": 1.0, "supply": [{"l": "Sesameseed Oil", "v": 1.0}]}, {"source": 66, "prod": 0.064316626253224179, "target": 94, "value": 77.0, "supply": [{"l": "Beverages, Fermented", "v": 77.0}]}, {"source": 78, "prod": 0.22237053208255733, "target": 94, "value": 180.0, "supply": [{"l": "Bovine Meat", "v": 180.0}]}, {"source": 70, "prod": 0.0058551953911034479, "target": 94, "value": 30.0, "supply": [{"l": "Molluscs, Other", "v": 30.0}]}, {"source": 97, "prod": 0.010426356705210527, "target": 94, "value": 1.0, "supply": [{"l": "Cottonseed Oil", "v": 1.0}]}, {"source": 80, "prod": 0.11678529326465835, "target": 94, "value": 257.0, "supply": [{"l": "Onions", "v": 257.0}]}, {"source": 0, "prod": 1.3725553862645001, "target": 94, "value": 485.0, "supply": [{"l": "Maize", "v": 485.0}]}, {"source": 9, "prod": 0.84715877847209242, "target": 94, "value": 2103.0, "supply": [{"l": "Vegetables, Other", "v": 2103.0}]}, {"source": 93, "prod": 0.055511756304115381, "target": 94, "value": 17.0, "supply": [{"l": "Infant food", "v": 17.0}]}, {"source": 4, "prod": 9.3572295773466454, "target": 94, "value": 1543.0, "supply": [{"l": "Barley", "v": 1543.0}]}, {"source": 38, "prod": 0.94837660758263354, "target": 94, "value": 114.0, "supply": [{"l": "Butter, Ghee", "v": 114.0}]}, {"source": 39, "prod": 0.053783574664084267, "target": 94, "value": 218.0, "supply": [{"l": "Tomatoes", "v": 218.0}]}, {"source": 82, "prod": 0.02468062083841838, "target": 94, "value": 12.0, "supply": [{"l": "Sunflower seed", "v": 12.0}]}, {"source": 19, "prod": 0.091269604545084704, "target": 94, "value": 30.0, "supply": [{"l": "Cereals, Other", "v": 30.0}]}, {"source": 57, "prod": 0.0065307948593076922, "target": 94, "value": 2.0, "supply": [{"l": "Pepper", "v": 2.0}]}, {"source": 43, "prod": 0.05727004722777515, "target": 94, "value": 114.0, "supply": [{"l": "Crustaceans", "v": 114.0}]}, {"source": 10, "prod": 0.035614970270885588, "target": 94, "value": 9.0, "supply": [{"l": "Peas", "v": 9.0}]}, {"source": 47, "prod": 0.041617810377941176, "target": 94, "value": 50.0, "supply": [{"l": "Grapes", "v": 50.0}]}, {"source": 51, "prod": 2.9226296509774543, "target": 94, "value": 284.0, "supply": [{"l": "Sunflowerseed Oil", "v": 284.0}]}, {"source": 17, "prod": 0.24846978239953216, "target": 94, "value": 319.0, "supply": [{"l": "Fish, Seafood", "v": 319.0}]}, {"source": 59, "prod": 0.23301649883296105, "target": 94, "value": 317.0, "supply": [{"l": "Pineapples", "v": 317.0}]}, {"source": 68, "prod": 0.034632251131165727, "target": 94, "value": 15.0, "supply": [{"l": "Tea", "v": 15.0}]}, {"source": 71, "prod": 0.00077955230791402347, "target": 94, "value": 1.0, "supply": [{"l": "Aquatic Animals, Others", "v": 1.0}]}, {"source": 74, "prod": 0.22421555169484172, "target": 94, "value": 171.0, "supply": [{"l": "Offals, Edible", "v": 171.0}]}, {"source": 75, "prod": 0.015282059970780002, "target": 94, "value": 81.0, "supply": [{"l": "Grapefruit", "v": 81.0}]}, {"source": 89, "prod": 0.51883536937833341, "target": 94, "value": 55.0, "supply": [{"l": "Palmkernel Oil", "v": 55.0}]}, {"source": 79, "prod": 0.18983641307093213, "target": 94, "value": 83.0, "supply": [{"l": "Cream", "v": 83.0}]}, {"source": 27, "prod": 0.010915757121985717, "target": 94, "value": 9.0, "supply": [{"l": "Olives", "v": 9.0}]}, {"source": 3, "prod": 0.012274746964481928, "target": 94, "value": 4.0, "supply": [{"l": "Rye", "v": 4.0}]}, {"source": 69, "prod": 0.52441618008295809, "target": 94, "value": 971.0, "supply": [{"l": "Fruits, Other", "v": 971.0}]}, {"source": 8, "prod": 0.41091761254764003, "target": 94, "value": 40.0, "supply": [{"l": "Soyabean Oil", "v": 40.0}]}, {"source": 52, "prod": 0.052246358874461538, "target": 94, "value": 5.0, "supply": [{"l": "Olive Oil", "v": 5.0}]}, {"source": 54, "prod": 1.3867054417930005, "target": 94, "value": 343.0, "supply": [{"l": "Cocoa Beans", "v": 343.0}]}, {"source": 14, "prod": 2.7298198420551318, "target": 94, "value": 3511.0, "supply": [{"l": "Potatoes", "v": 3511.0}]}, {"source": 45, "prod": 0.33374613729289654, "target": 94, "value": 38.0, "supply": [{"l": "Coconut Oil", "v": 38.0}]}, {"source": 15, "prod": 3.0095859306101143, "target": 94, "value": 4553.0, "supply": [{"l": "Milk - Excluding Butter", "v": 4553.0}]}, {"source": 16, "prod": 0.10559580785951632, "target": 94, "value": 432.0, "supply": [{"l": "Apples", "v": 432.0}]}, {"source": 61, "prod": 0.074287791524625002, "target": 94, "value": 42.0, "supply": [{"l": "Meat, Other", "v": 42.0}]}, {"source": 62, "prod": 0.0014082993653957345, "target": 94, "value": 7.0, "supply": [{"l": "Lemons, Limes", "v": 7.0}]}, {"source": 20, "prod": 0.036867390334801485, "target": 94, "value": 35.0, "supply": [{"l": "Pelagic Fish", "v": 35.0}]}, {"source": 65, "prod": 0.87514768066055115, "target": 94, "value": 1272.0, "supply": [{"l": "Bananas", "v": 1272.0}]}, {"source": 67, "prod": 0.024490480722403847, "target": 94, "value": 6.0, "supply": [{"l": "Spices, Other", "v": 6.0}]}, {"source": 21, "prod": 0.0091269604545084707, "target": 94, "value": 3.0, "supply": [{"l": "Millet", "v": 3.0}]}, {"source": 73, "prod": 0.69662001874659873, "target": 94, "value": 482.0, "supply": [{"l": "Poultry Meat", "v": 482.0}]}, {"source": 22, "prod": 0.00077750493934922583, "target": 94, "value": 1.0, "supply": [{"l": "Sweet potatoes", "v": 1.0}]}, {"source": 23, "prod": 0.93475266821271008, "target": 94, "value": 367.0, "supply": [{"l": "Rape and Mustardseed", "v": 367.0}]}, {"source": 77, "prod": 1.2218824629689309, "target": 94, "value": 3121.0, "supply": [{"l": "Oranges, Mandarines", "v": 3121.0}]}, {"source": 24, "prod": 0.0038875246967461298, "target": 94, "value": 5.0, "supply": [{"l": "Cassava", "v": 5.0}]}, {"source": 14, "prod": 0.013217583968936842, "target": 98, "value": 17.0, "supply": [{"l": "Potatoes", "v": 17.0}]}, {"source": 99, "prod": 0.0029802342979546237, "target": 29, "value": 1.0, "supply": [{"l": "Nuts", "v": 1.0}]}, {"source": 99, "prod": 0.19244075518760004, "target": 0, "value": 68.0, "supply": [{"l": "Maize", "v": 68.0}]}, {"source": 99, "prod": 0.0088416915018319532, "target": 5, "value": 2.0, "supply": [{"l": "Rice", "v": 2.0}]}, {"source": 99, "prod": 0.00040283346574992507, "target": 9, "value": 1.0, "supply": [{"l": "Vegetables, Other", "v": 1.0}]}, {"source": 99, "prod": 0.0034220863658176587, "target": 16, "value": 14.0, "supply": [{"l": "Apples", "v": 14.0}]}, {"source": 99, "prod": 0.005880542557298701, "target": 59, "value": 8.0, "supply": [{"l": "Pineapples", "v": 8.0}]}, {"source": 99, "prod": 0.12058308189504348, "target": 77, "value": 308.0, "supply": [{"l": "Oranges, Mandarines", "v": 308.0}]}, {"source": 54, "prod": 0.1334148092687143, "target": 98, "value": 33.0, "supply": [{"l": "Cocoa Beans", "v": 33.0}]}, {"source": 99, "prod": 0.11605471696583491, "target": 83, "value": 32.0, "supply": [{"l": "Fats, Animals, Raw", "v": 2.0}, {"l": "Beverages, Alcoholic", "v": 30.0}]}, {"source": 31, "prod": 1.2633978150446428, "target": 98, "value": 375.0, "supply": [{"l": "Sugar", "v": 375.0}]}, {"source": 99, "prod": 0.0029956227710938046, "target": 42, "value": 1.0, "supply": [{"l": "Treenuts", "v": 1.0}]}, {"source": 100, "prod": 2.4338095509020001, "target": 0, "value": 860.0, "supply": [{"l": "Maize", "v": 860.0}]}, {"source": 100, "prod": 0.006137373482240964, "target": 3, "value": 2.0, "supply": [{"l": "Rye", "v": 2.0}]}, {"source": 100, "prod": 0.18092628252089696, "target": 69, "value": 335.0, "supply": [{"l": "Fruits, Other", "v": 335.0}]}, {"source": 100, "prod": 2.0618652341528572, "target": 4, "value": 340.0, "supply": [{"l": "Barley", "v": 340.0}]}, {"source": 100, "prod": 0.053783574664084267, "target": 39, "value": 218.0, "supply": [{"l": "Tomatoes", "v": 218.0}]}, {"source": 100, "prod": 5.0909296124621584, "target": 7, "value": 1688.0, "supply": [{"l": "Wheat", "v": 1688.0}]}, {"source": 100, "prod": 0.81976610280109763, "target": 9, "value": 2035.0, "supply": [{"l": "Vegetables, Other", "v": 2035.0}]}, {"source": 100, "prod": 0.015828875675949153, "target": 10, "value": 4.0, "supply": [{"l": "Peas", "v": 4.0}]}, {"source": 100, "prod": 0.13244451974676003, "target": 23, "value": 52.0, "supply": [{"l": "Rape and Mustardseed", "v": 52.0}]}, {"source": 100, "prod": 0.01234031041920919, "target": 11, "value": 6.0, "supply": [{"l": "Oilcrops, Other", "v": 6.0}]}, {"source": 100, "prod": 0.044947235208176478, "target": 12, "value": 18.0, "supply": [{"l": "Oats", "v": 18.0}]}, {"source": 100, "prod": 3.2103178945729542, "target": 14, "value": 4129.0, "supply": [{"l": "Potatoes", "v": 4129.0}]}, {"source": 100, "prod": 0.097354244848090354, "target": 19, "value": 32.0, "supply": [{"l": "Cereals, Other", "v": 32.0}]}, {"source": 100, "prod": 0.0039620155479800009, "target": 60, "value": 1.0, "supply": [{"l": "Beans", "v": 1.0}]}, {"source": 100, "prod": 0.055731120814744725, "target": 16, "value": 228.0, "supply": [{"l": "Apples", "v": 228.0}]}, {"source": 100, "prod": 6.2864599879800007, "target": 85, "value": 5409.0, "supply": [{"l": "Sugar beet", "v": 5409.0}]}, {"source": 100, "prod": 0.034081311264005355, "target": 80, "value": 75.0, "supply": [{"l": "Onions", "v": 75.0}]}, {"source": 100, "prod": 0.0089368771758947391, "target": 25, "value": 2.0, "supply": [{"l": "Pulses, Other", "v": 2.0}]}, {"source": 1, "prod": 1.0622732651011413, "target": 73, "value": 735.0, "supply": [{"l": "Poultry Meat", "v": 735.0}]}, {"source": 1, "prod": 2.2153907450518204, "target": 53, "value": 1290.0, "supply": [{"l": "Pigmeat", "v": 1290.0}]}, {"source": 1, "prod": 0.10533540095657565, "target": 20, "value": 100.0, "supply": [{"l": "Pelagic Fish", "v": 100.0}]}, {"source": 1, "prod": 0.0758576941350355, "target": 43, "value": 151.0, "supply": [{"l": "Crustaceans", "v": 151.0}]}, {"source": 1, "prod": 0.37361093446408011, "target": 44, "value": 228.0, "supply": [{"l": "Eggs", "v": 245.0}]}, {"source": 1, "prod": 0.015223508016868965, "target": 70, "value": 78.0, "supply": [{"l": "Molluscs, Other", "v": 78.0}]}, {"source": 1, "prod": 0.0023386569237420704, "target": 71, "value": 3.0, "supply": [{"l": "Aquatic Animals, Others", "v": 3.0}]}, {"source": 1, "prod": 0.0054523149742844047, "target": 95, "value": 7.0, "supply": [{"l": "Cephalopods", "v": 7.0}]}, {"source": 1, "prod": 5.0659930973415142, "target": 15, "value": 7664.0, "supply": [{"l": "Milk - Excluding Butter", "v": 7664.0}]}, {"source": 1, "prod": 0.26092920928230118, "target": 74, "value": 199.0, "supply": [{"l": "Offals, Edible", "v": 199.0}]}, {"source": 1, "prod": 0.035539674350651168, "target": 46, "value": 36.0, "supply": [{"l": "Marine Fish, Other", "v": 36.0}]}, {"source": 1, "prod": 0.0023386569237420704, "target": 81, "value": 3.0, "supply": [{"l": "Aquatic Products, Other", "v": 3.0}]}, {"source": 1, "prod": 0.48214042415457803, "target": 17, "value": 619.0, "supply": [{"l": "Fish, Seafood", "v": 619.0}]}, {"source": 1, "prod": 0.44227028047530842, "target": 78, "value": 358.0, "supply": [{"l": "Bovine Meat", "v": 358.0}]}, {"source": 1, "prod": 0.13134993693893557, "target": 76, "value": 117.0, "supply": [{"l": "Demersal Fish", "v": 117.0}]}, {"source": 1, "prod": 0.097281631758437501, "target": 61, "value": 55.0, "supply": [{"l": "Meat, Other", "v": 55.0}]}, {"source": 1, "prod": 0.10134180002882305, "target": 55, "value": 130.0, "supply": [{"l": "Freshwater Fish", "v": 130.0}]}, {"source": 1, "prod": 0.094017147471241624, "target": 63, "value": 30.0, "supply": [{"l": "Mutton & Goat Meat", "v": 30.0}]}, {"source": 83, "prod": 0.33327706331216161, "target": 87, "value": 399.0, "supply": [{"l": "Alcohol, Non-Food", "v": 399.0}]}, {"source": 83, "prod": 5.9194398960891661, "target": 31, "value": 1757.0, "supply": [{"l": "Sugar", "v": 1757.0}]}, {"source": 83, "prod": 1.13200444228, "target": 33, "value": 110.0, "supply": [{"l": "Maize Germ Oil", "v": 110.0}]}, {"source": 83, "prod": 1.1949398669199578, "target": 34, "value": 2097.0, "supply": [{"l": "Beer", "v": 2097.0}]}, {"source": 83, "prod": 0.35021387433037504, "target": 35, "value": 33.0, "supply": [{"l": "Groundnut Oil", "v": 33.0}]}, {"source": 83, "prod": 0.25800880470148058, "target": 36, "value": 78.0, "supply": [{"l": "Beverages, Alcoholic", "v": 78.0}]}, {"source": 83, "prod": 1.6554995167451234, "target": 38, "value": 199.0, "supply": [{"l": "Butter, Ghee", "v": 199.0}]}, {"source": 83, "prod": 4.8359113770330495, "target": 6, "value": 575.0, "supply": [{"l": "Fats, Animals, Raw", "v": 575.0}]}, {"source": 83, "prod": 1.4895763454851951, "target": 8, "value": 145.0, "supply": [{"l": "Soyabean Oil", "v": 145.0}]}, {"source": 83, "prod": 4.8371041994468875, "target": 49, "value": 468.0, "supply": [{"l": "Palm Oil", "v": 468.0}]}, {"source": 83, "prod": 5.0219833439330905, "target": 51, "value": 488.0, "supply": [{"l": "Sunflowerseed Oil", "v": 488.0}]}, {"source": 83, "prod": 0.19853616372295385, "target": 52, "value": 19.0, "supply": [{"l": "Olive Oil", "v": 19.0}]}, {"source": 83, "prod": 0.39522568889948273, "target": 45, "value": 45.0, "supply": [{"l": "Coconut Oil", "v": 45.0}]}, {"source": 83, "prod": 9.0923555504760216, "target": 58, "value": 967.0, "supply": [{"l": "Rape and Mustard Oil", "v": 967.0}]}, {"source": 83, "prod": 0.022342192939736844, "target": 72, "value": 2.0, "supply": [{"l": "Fish, Liver Oil", "v": 2.0}]}, {"source": 83, "prod": 2.9795699976927557, "target": 32, "value": 357.0, "supply": [{"l": "Oilcrops Oil, Other", "v": 357.0}]}, {"source": 83, "prod": 0.2831602116862727, "target": 50, "value": 339.0, "supply": [{"l": "Wine", "v": 339.0}]}, {"source": 83, "prod": 1.9946437271550077, "target": 64, "value": 823.0, "supply": [{"l": "Sweeteners, Other", "v": 823.0}]}, {"source": 83, "prod": 0.011577318159681819, "target": 96, "value": 1.0, "supply": [{"l": "Sesameseed Oil", "v": 1.0}]}, {"source": 83, "prod": 0.067657749694950114, "target": 66, "value": 81.0, "supply": [{"l": "Beverages, Fermented", "v": 81.0}]}, {"source": 83, "prod": 0.15056436334212106, "target": 88, "value": 18.0, "supply": [{"l": "Fish, Body Oil", "v": 18.0}]}, {"source": 83, "prod": 0.080857460162857137, "target": 37, "value": 24.0, "supply": [{"l": "Honey", "v": 24.0}]}, {"source": 83, "prod": 0.010426356705210527, "target": 97, "value": 1.0, "supply": [{"l": "Cottonseed Oil", "v": 1.0}]}, {"source": 83, "prod": 0.52826873973066679, "target": 89, "value": 56.0, "supply": [{"l": "Palmkernel Oil", "v": 56.0}]}, {"source": 83, "prod": 0.65184792440018868, "target": 79, "value": 285.0, "supply": [{"l": "Cream", "v": 285.0}]}]}