{"nodes": [{"layer": 3, "name": "Maize"}, {"layer": 5, "name": "Production", "fill": "#b5cf6b"}, {"layer": 3, "name": "Olives"}, {"layer": 3, "name": "Pulses, Other"}, {"layer": 3, "name": "Rye"}, {"layer": 3, "name": "Nuts"}, {"layer": 3, "name": "Dates"}, {"layer": 3, "name": "Citrus, Other"}, {"layer": 3, "name": "Barley"}, {"layer": 3, "name": "Rice"}, {"layer": 3, "name": "Tomatoes"}, {"layer": 3, "name": "Sunflower seed"}, {"layer": 3, "name": "Wheat"}, {"layer": 3, "name": "Treenuts"}, {"layer": 3, "name": "Vegetables, Other"}, {"layer": 3, "name": "Peas"}, {"layer": 3, "name": "Grapes"}, {"layer": 3, "name": "Pimento"}, {"layer": 3, "name": "Oilcrops, Other"}, {"layer": 3, "name": "Oats"}, {"layer": 3, "name": "Cereals, Other"}, {"layer": 3, "name": "Cottonseed"}, {"layer": 3, "name": "Potatoes"}, {"layer": 3, "name": "Groundnuts"}, {"layer": 3, "name": "Grapefruit"}, {"layer": 3, "name": "Beans"}, {"layer": 3, "name": "Apples"}, {"layer": 3, "name": "Sugar beet"}, {"layer": 3, "name": "Lemons, Limes"}, {"layer": 3, "name": "Sorghum"}, {"layer": 3, "name": "Spices, Other"}, {"layer": 3, "name": "Fruits, Other"}, {"layer": 3, "name": "Millet"}, {"layer": 3, "name": "Sweet potatoes"}, {"layer": 3, "name": "Oranges, Mandarines"}, {"layer": 3, "name": "Onions"}, {"layer": 1, "name": "Electricity", "fill": "#bcbd22"}, {"layer": 0, "name": "Fossil Fuels", "fill": "#c49c94"}, {"layer": 0, "name": "Renewables & Nuclear", "fill": "#2ca02c"}, {"layer": 1, "name": "Fertilizers", "fill": "#c5b0d5"}, {"layer": 0, "name": "Labor", "fill": "#7f7f7f"}], "links": [{"source": 0, "prod": 320.0, "target": 1, "value": 1.0282083426494029, "supply": [{"l": "Maize", "v": 1.0282083426494029}]}, {"source": 2, "prod": 160.0, "target": 1, "value": 0.38970644734229509, "supply": [{"l": "Olives", "v": 0.38970644734229509}]}, {"source": 3, "prod": 359.0, "target": 1, "value": 1.4513914099232859, "supply": [{"l": "Pulses, Other", "v": 1.4513914099232859}]}, {"source": 4, "prod": 8.0, "target": 1, "value": 0.028902241079489365, "supply": [{"l": "Rye", "v": 0.028902241079489365}]}, {"source": 5, "prod": 14.0, "target": 1, "value": 0.042450166585500007, "supply": [{"l": "Nuts", "v": 0.042450166585500007}]}, {"source": 6, "prod": 90.0, "target": 1, "value": 0.19246926915340051, "supply": [{"l": "Dates", "v": 0.19246926915340051}]}, {"source": 7, "prod": 4.0, "target": 1, "value": 0.0046488888800000003, "supply": [{"l": "Citrus, Other", "v": 0.0046488888800000003}]}, {"source": 8, "prod": 1955.0, "target": 1, "value": 5.7935581007651775, "supply": [{"l": "Barley", "v": 5.7935581007651775}]}, {"source": 9, "prod": 27.0, "target": 1, "value": 0.11461544978085002, "supply": [{"l": "Rice", "v": 0.11461544978085002}]}, {"source": 10, "prod": 250.0, "target": 1, "value": 0.065509516335648166, "supply": [{"l": "Tomatoes", "v": 0.065509516335648166}]}, {"source": 11, "prod": 21.0, "target": 1, "value": 0.051148971213676238, "supply": [{"l": "Sunflower seed", "v": 0.051148971213676238}]}, {"source": 12, "prod": 1801.0, "target": 1, "value": 5.9183669042976623, "supply": [{"l": "Wheat", "v": 5.9183669042976623}]}, {"source": 13, "prod": 14.0, "target": 1, "value": 0.047544186575760004, "supply": [{"l": "Treenuts", "v": 0.047544186575760004}]}, {"source": 14, "prod": 666.0, "target": 1, "value": 0.17129240197481374, "supply": [{"l": "Vegetables, Other", "v": 0.17129240197481374}]}, {"source": 15, "prod": 33.0, "target": 1, "value": 0.1474584734022632, "supply": [{"l": "Peas", "v": 0.1474584734022632}]}, {"source": 16, "prod": 203.0, "target": 1, "value": 0.1473057062710513, "supply": [{"l": "Grapes", "v": 0.1473057062710513}]}, {"source": 17, "prod": 6.0, "target": 1, "value": 0.023154636319363639, "supply": [{"l": "Pimento", "v": 0.023154636319363639}]}, {"source": 18, "prod": 9.0, "target": 1, "value": 0.021920987663004099, "supply": [{"l": "Oilcrops, Other", "v": 0.021920987663004099}]}, {"source": 19, "prod": 12.0, "target": 1, "value": 0.03918476915584615, "supply": [{"l": "Oats", "v": 0.03918476915584615}]}, {"source": 20, "prod": 62.0, "target": 1, "value": 0.20052650120388574, "supply": [{"l": "Cereals, Other", "v": 0.20052650120388574}]}, {"source": 21, "prod": 13.0, "target": 1, "value": 0.031663648846561476, "supply": [{"l": "Cottonseed", "v": 0.031663648846561476}]}, {"source": 22, "prod": 275.0, "target": 1, "value": 0.22426908029245454, "supply": [{"l": "Potatoes", "v": 0.22426908029245454}]}, {"source": 23, "prod": 2.0, "target": 1, "value": 0.0048713305917786887, "supply": [{"l": "Groundnuts", "v": 0.0048713305917786887}]}, {"source": 24, "prod": 17.0, "target": 1, "value": 0.019757777740000003, "supply": [{"l": "Grapefruit", "v": 0.019757777740000003}]}, {"source": 25, "prod": 3.0, "target": 1, "value": 0.015918812469562501, "supply": [{"l": "Beans", "v": 0.015918812469562501}]}, {"source": 26, "prod": 14.0, "target": 1, "value": 0.0074287791524625, "supply": [{"l": "Apples", "v": 0.0074287791524625}]}, {"source": 27, "prod": 1114.0, "target": 1, "value": 1.2947155530800001, "supply": [{"l": "Sugar beet", "v": 1.2947155530800001}]}, {"source": 28, "prod": 4.0, "target": 1, "value": 0.0046488888800000003, "supply": [{"l": "Lemons, Limes", "v": 0.0046488888800000003}]}, {"source": 29, "prod": 48.0, "target": 1, "value": 0.18693651340403672, "supply": [{"l": "Sorghum", "v": 0.18693651340403672}]}, {"source": 30, "prod": 14.0, "target": 1, "value": 0.050940199902600014, "supply": [{"l": "Spices, Other", "v": 0.050940199902600014}]}, {"source": 31, "prod": 170.0, "target": 1, "value": 0.12342978881758838, "supply": [{"l": "Fruits, Other", "v": 0.12342978881758838}]}, {"source": 32, "prod": 6.0, "target": 1, "value": 0.031837624939125002, "supply": [{"l": "Millet", "v": 0.031837624939125002}]}, {"source": 33, "prod": 1.0, "target": 1, "value": 0.001149400778385291, "supply": [{"l": "Sweet potatoes", "v": 0.001149400778385291}]}, {"source": 34, "prod": 936.0, "target": 1, "value": 0.35292396083518585, "supply": [{"l": "Oranges, Mandarines", "v": 0.35292396083518585}]}, {"source": 35, "prod": 80.0, "target": 1, "value": 0.039396906343851512, "supply": [{"l": "Onions", "v": 0.039396906343851512}]}, {"source": 36, "prod": 0, "target": 0, "value": 6.9064993721962899e-05, "supply": "[{\"l\":'Energy for power irrigation',\"v\":6.9064993721962899e-05}]"}, {"source": 36, "prod": 0, "target": 2, "value": 3.2986265658250944e-05, "supply": "[{\"l\":'Energy for power irrigation',\"v\":3.2986265658250944e-05}]"}, {"source": 36, "prod": 0, "target": 4, "value": 1.6493132829125471e-06, "supply": "[{\"l\":'Energy for power irrigation',\"v\":1.6493132829125471e-06}]"}, {"source": 36, "prod": 0, "target": 5, "value": 2.8862982450969574e-06, "supply": "[{\"l\":'Energy for power irrigation',\"v\":2.8862982450969574e-06}]"}, {"source": 36, "prod": 0, "target": 7, "value": 8.2465664145627353e-07, "supply": "[{\"l\":'Energy for power irrigation',\"v\":8.2465664145627353e-07}]"}, {"source": 36, "prod": 0, "target": 24, "value": 3.5047907261891623e-06, "supply": "[{\"l\":'Energy for power irrigation',\"v\":3.5047907261891623e-06}]"}, {"source": 36, "prod": 0, "target": 8, "value": 0.00042418275994907068, "supply": "[{\"l\":'Energy for power irrigation',\"v\":0.00042418275994907068}]"}, {"source": 36, "prod": 0, "target": 9, "value": 5.5664323298298463e-06, "supply": "[{\"l\":'Energy for power irrigation',\"v\":5.5664323298298463e-06}]"}, {"source": 36, "prod": 0, "target": 10, "value": 5.174720425138116e-05, "supply": "[{\"l\":'Energy for power irrigation',\"v\":5.174720425138116e-05}]"}, {"source": 36, "prod": 0, "target": 11, "value": 4.3294473676454365e-06, "supply": "[{\"l\":'Energy for power irrigation',\"v\":4.3294473676454365e-06}]"}, {"source": 36, "prod": 0, "target": 20, "value": 1.2782177942572239e-05, "supply": "[{\"l\":'Energy for power irrigation',\"v\":1.2782177942572239e-05}]"}, {"source": 36, "prod": 0, "target": 12, "value": 0.00042036872298233541, "supply": "[{\"l\":'Energy for power irrigation',\"v\":0.00042036872298233541}]"}, {"source": 36, "prod": 0, "target": 13, "value": 2.8862982450969574e-06, "supply": "[{\"l\":'Energy for power irrigation',\"v\":2.8862982450969574e-06}]"}, {"source": 36, "prod": 0, "target": 14, "value": 0.00013730533080246954, "supply": "[{\"l\":'Energy for power irrigation',\"v\":0.00013730533080246954}]"}, {"source": 36, "prod": 0, "target": 15, "value": 6.8034172920142568e-06, "supply": "[{\"l\":'Energy for power irrigation',\"v\":6.8034172920142568e-06}]"}, {"source": 36, "prod": 0, "target": 16, "value": 4.2366734954816048e-05, "supply": "[{\"l\":'Energy for power irrigation',\"v\":4.2366734954816048e-05}]"}, {"source": 36, "prod": 0, "target": 17, "value": 1.2369849621844104e-06, "supply": "[{\"l\":'Energy for power irrigation',\"v\":1.2369849621844104e-06}]"}, {"source": 36, "prod": 0, "target": 18, "value": 2.1647236838227183e-06, "supply": "[{\"l\":'Energy for power irrigation',\"v\":2.1647236838227183e-06}]"}, {"source": 36, "prod": 0, "target": 6, "value": 1.8760938593130223e-05, "supply": "[{\"l\":'Energy for power irrigation',\"v\":1.8760938593130223e-05}]"}, {"source": 36, "prod": 0, "target": 19, "value": 2.577052004550855e-06, "supply": "[{\"l\":'Energy for power irrigation',\"v\":2.577052004550855e-06}]"}, {"source": 36, "prod": 0, "target": 21, "value": 2.6801340847328888e-06, "supply": "[{\"l\":'Energy for power irrigation',\"v\":2.6801340847328888e-06}]"}, {"source": 36, "prod": 0, "target": 22, "value": 5.9375278184851687e-05, "supply": "[{\"l\":'Energy for power irrigation',\"v\":5.9375278184851687e-05}]"}, {"source": 36, "prod": 0, "target": 23, "value": 4.1232832072813677e-07, "supply": "[{\"l\":'Energy for power irrigation',\"v\":4.1232832072813677e-07}]"}, {"source": 36, "prod": 0, "target": 25, "value": 6.1849248109220518e-07, "supply": "[{\"l\":'Energy for power irrigation',\"v\":6.1849248109220518e-07}]"}, {"source": 36, "prod": 0, "target": 3, "value": 7.4012933570700545e-05, "supply": "[{\"l\":'Energy for power irrigation',\"v\":7.4012933570700545e-05}]"}, {"source": 36, "prod": 0, "target": 27, "value": 0.00022966687464557218, "supply": "[{\"l\":'Energy for power irrigation',\"v\":0.00022966687464557218}]"}, {"source": 36, "prod": 0, "target": 28, "value": 8.2465664145627353e-07, "supply": "[{\"l\":'Energy for power irrigation',\"v\":8.2465664145627353e-07}]"}, {"source": 36, "prod": 0, "target": 29, "value": 1.082361841911359e-05, "supply": "[{\"l\":'Energy for power irrigation',\"v\":1.082361841911359e-05}]"}, {"source": 36, "prod": 0, "target": 30, "value": 3.4017086460071284e-06, "supply": "[{\"l\":'Energy for power irrigation',\"v\":3.4017086460071284e-06}]"}, {"source": 36, "prod": 0, "target": 31, "value": 3.5563317662801796e-05, "supply": "[{\"l\":'Energy for power irrigation',\"v\":3.5563317662801796e-05}]"}, {"source": 36, "prod": 0, "target": 32, "value": 1.1339028820023761e-06, "supply": "[{\"l\":'Energy for power irrigation',\"v\":1.1339028820023761e-06}]"}, {"source": 36, "prod": 0, "target": 33, "value": 1.0308208018203419e-07, "supply": "[{\"l\":'Energy for power irrigation',\"v\":1.0308208018203419e-07}]"}, {"source": 36, "prod": 0, "target": 34, "value": 0.00019307273618095005, "supply": "[{\"l\":'Energy for power irrigation',\"v\":0.00019307273618095005}]"}, {"source": 36, "prod": 0, "target": 35, "value": 1.6493132829125472e-05, "supply": "[{\"l\":'Energy for power irrigation',\"v\":1.6493132829125472e-05}]"}, {"source": 36, "prod": 0, "target": 26, "value": 2.9893803252789917e-06, "supply": "[{\"l\":'Energy for power irrigation',\"v\":2.9893803252789917e-06}]"}, {"source": 37, "prod": 0, "target": 36, "value": 0.002136169925516393, "supply": [{"l": "Coal", "v": 0.0010679568227900916}, {"l": "Natural gas", "v": 0.0}, {"l": "Oil", "v": 0.0010682131027263014}]}, {"source": 38, "prod": 0, "target": 36, "value": 0.001059442315879086, "supply": [{"l": "Nuclear", "v": 0.0}, {"l": "Hydroelectric", "v": 0.001059442315879086}, {"l": "Renewable", "v": 0.0}]}, {"source": 37, "prod": 0, "target": 0, "value": 0.52112742275598056, "supply": [{"l": "Gas-Diesel oil", "v": 0.33724823119134234}, {"l": "Liquefied petroleum gas (LPG)", "v": 0.18387919156463828}]}, {"source": 37, "prod": 0, "target": 2, "value": 0.2488966795252445, "supply": [{"l": "Gas-Diesel oil", "v": 0.16107378206153666}, {"l": "Liquefied petroleum gas (LPG)", "v": 0.087822897463707847}]}, {"source": 37, "prod": 0, "target": 4, "value": 0.012444833976262224, "supply": [{"l": "Gas-Diesel oil", "v": 0.0080536891030768328}, {"l": "Liquefied petroleum gas (LPG)", "v": 0.0043911448731853925}]}, {"source": 37, "prod": 0, "target": 5, "value": 0.021778459458458892, "supply": [{"l": "Gas-Diesel oil", "v": 0.014093955930384457}, {"l": "Liquefied petroleum gas (LPG)", "v": 0.0076845035280744371}]}, {"source": 37, "prod": 0, "target": 7, "value": 0.0062224169881311122, "supply": [{"l": "Gas-Diesel oil", "v": 0.0040268445515384164}, {"l": "Liquefied petroleum gas (LPG)", "v": 0.0021955724365926963}]}, {"source": 37, "prod": 0, "target": 24, "value": 0.026445272199557224, "supply": [{"l": "Gas-Diesel oil", "v": 0.017114089344038269}, {"l": "Liquefied petroleum gas (LPG)", "v": 0.0093311828555189581}]}, {"source": 37, "prod": 0, "target": 8, "value": 3.200655738269941, "supply": [{"l": "Gas-Diesel oil", "v": 2.0713081661975727}, {"l": "Liquefied petroleum gas (LPG)", "v": 1.129347572072368}]}, {"source": 37, "prod": 0, "target": 9, "value": 0.042001314669885007, "supply": [{"l": "Gas-Diesel oil", "v": 0.027181200722884311}, {"l": "Liquefied petroleum gas (LPG)", "v": 0.014820113947000699}]}, {"source": 37, "prod": 0, "target": 10, "value": 0.39045666600522727, "supply": [{"l": "Gas-Diesel oil", "v": 0.25268449560903561}, {"l": "Liquefied petroleum gas (LPG)", "v": 0.13777217039619169}]}, {"source": 37, "prod": 0, "target": 11, "value": 0.032667689187688344, "supply": [{"l": "Gas-Diesel oil", "v": 0.021140933895576686}, {"l": "Liquefied petroleum gas (LPG)", "v": 0.011526755292111656}]}, {"source": 37, "prod": 0, "target": 20, "value": 0.096447463316032239, "supply": [{"l": "Gas-Diesel oil", "v": 0.062416090548845449}, {"l": "Liquefied petroleum gas (LPG)", "v": 0.03403137276718679}]}, {"source": 37, "prod": 0, "target": 12, "value": 3.1718770596998342, "supply": [{"l": "Gas-Diesel oil", "v": 2.0526840101467076}, {"l": "Liquefied petroleum gas (LPG)", "v": 1.1191930495531268}]}, {"source": 37, "prod": 0, "target": 13, "value": 0.021778459458458892, "supply": [{"l": "Gas-Diesel oil", "v": 0.014093955930384457}, {"l": "Liquefied petroleum gas (LPG)", "v": 0.0076845035280744371}]}, {"source": 37, "prod": 0, "target": 14, "value": 1.0360324285238303, "supply": [{"l": "Gas-Diesel oil", "v": 0.67046961783114634}, {"l": "Liquefied petroleum gas (LPG)", "v": 0.36556281069268393}]}, {"source": 37, "prod": 0, "target": 15, "value": 0.051334940152081676, "supply": [{"l": "Gas-Diesel oil", "v": 0.033221467550191938}, {"l": "Liquefied petroleum gas (LPG)", "v": 0.018113472601889745}]}, {"source": 37, "prod": 0, "target": 16, "value": 0.31967667276523587, "supply": [{"l": "Gas-Diesel oil", "v": 0.20687913883528614}, {"l": "Liquefied petroleum gas (LPG)", "v": 0.11279753392994976}]}, {"source": 37, "prod": 0, "target": 17, "value": 0.0093336254821966679, "supply": [{"l": "Gas-Diesel oil", "v": 0.0060402668273076242}, {"l": "Liquefied petroleum gas (LPG)", "v": 0.0032933586548890442}]}, {"source": 37, "prod": 0, "target": 18, "value": 0.016333844593844172, "supply": [{"l": "Gas-Diesel oil", "v": 0.010570466947788343}, {"l": "Liquefied petroleum gas (LPG)", "v": 0.0057633776460558278}]}, {"source": 37, "prod": 0, "target": 6, "value": 0.1415599864799828, "supply": [{"l": "Gas-Diesel oil", "v": 0.091610713547498973}, {"l": "Liquefied petroleum gas (LPG)", "v": 0.049949272932483836}]}, {"source": 37, "prod": 0, "target": 19, "value": 0.019445053087909725, "supply": [{"l": "Gas-Diesel oil", "v": 0.012583889223557552}, {"l": "Liquefied petroleum gas (LPG)", "v": 0.0068611638643521758}]}, {"source": 37, "prod": 0, "target": 21, "value": 0.020222855211426114, "supply": [{"l": "Gas-Diesel oil", "v": 0.013087244792499852}, {"l": "Liquefied petroleum gas (LPG)", "v": 0.0071356104189262623}]}, {"source": 37, "prod": 0, "target": 22, "value": 0.44801402314544003, "supply": [{"l": "Gas-Diesel oil", "v": 0.28993280771076596}, {"l": "Liquefied petroleum gas (LPG)", "v": 0.1580812154346741}]}, {"source": 37, "prod": 0, "target": 23, "value": 0.0031112084940655561, "supply": [{"l": "Gas-Diesel oil", "v": 0.0020134222757692082}, {"l": "Liquefied petroleum gas (LPG)", "v": 0.0010977862182963481}]}, {"source": 37, "prod": 0, "target": 25, "value": 0.004666812741098334, "supply": [{"l": "Gas-Diesel oil", "v": 0.0030201334136538121}, {"l": "Liquefied petroleum gas (LPG)", "v": 0.0016466793274445221}]}, {"source": 37, "prod": 0, "target": 3, "value": 0.5584619246847673, "supply": [{"l": "Gas-Diesel oil", "v": 0.36140929850057285}, {"l": "Liquefied petroleum gas (LPG)", "v": 0.19705262618419447}]}, {"source": 37, "prod": 0, "target": 27, "value": 1.7329431311945147, "supply": [{"l": "Gas-Diesel oil", "v": 1.1214762076034488}, {"l": "Liquefied petroleum gas (LPG)", "v": 0.61146692359106591}]}, {"source": 37, "prod": 0, "target": 28, "value": 0.0062224169881311122, "supply": [{"l": "Gas-Diesel oil", "v": 0.0040268445515384164}, {"l": "Liquefied petroleum gas (LPG)", "v": 0.0021955724365926963}]}, {"source": 37, "prod": 0, "target": 29, "value": 0.081669222969220842, "supply": [{"l": "Gas-Diesel oil", "v": 0.052852334738941714}, {"l": "Liquefied petroleum gas (LPG)", "v": 0.028816888230279135}]}, {"source": 37, "prod": 0, "target": 30, "value": 0.025667470076040838, "supply": [{"l": "Gas-Diesel oil", "v": 0.016610733775095969}, {"l": "Liquefied petroleum gas (LPG)", "v": 0.0090567363009448724}]}, {"source": 37, "prod": 0, "target": 31, "value": 0.26834173261315419, "supply": [{"l": "Gas-Diesel oil", "v": 0.17365767128509421}, {"l": "Liquefied petroleum gas (LPG)", "v": 0.094684061328060024}]}, {"source": 37, "prod": 0, "target": 32, "value": 0.0085558233586802788, "supply": [{"l": "Gas-Diesel oil", "v": 0.0055369112583653216}, {"l": "Liquefied petroleum gas (LPG)", "v": 0.0030189121003149572}]}, {"source": 37, "prod": 0, "target": 33, "value": 0.00077780212351638903, "supply": [{"l": "Gas-Diesel oil", "v": 0.00050335556894230205}, {"l": "Liquefied petroleum gas (LPG)", "v": 0.00027444655457408703}]}, {"source": 37, "prod": 0, "target": 34, "value": 1.4568233773461967, "supply": [{"l": "Gas-Diesel oil", "v": 0.94278498062893168}, {"l": "Liquefied petroleum gas (LPG)", "v": 0.51403839671726503}]}, {"source": 37, "prod": 0, "target": 35, "value": 0.12444833976262225, "supply": [{"l": "Gas-Diesel oil", "v": 0.080536891030768332}, {"l": "Liquefied petroleum gas (LPG)", "v": 0.043911448731853923}]}, {"source": 37, "prod": 0, "target": 26, "value": 0.022556261581975282, "supply": [{"l": "Gas-Diesel oil", "v": 0.01459731149932676}, {"l": "Liquefied petroleum gas (LPG)", "v": 0.0079589500826485245}]}, {"source": 39, "prod": 3.2222830850131468, "target": 0, "value": 0.031846041509555126, "supply": [{"l": "Potash", "v": 0.04102222225504}, {"l": "Phosphate", "v": 0.14602916678349001}, {"l": "Nitrogen", "v": 0.68068194498898993}]}, {"source": 39, "prod": 1.5390008764241896, "target": 2, "value": 0.015210049676205433, "supply": [{"l": "Potash", "v": 0.04102222225504}, {"l": "Phosphate", "v": 0.14602916678349001}, {"l": "Nitrogen", "v": 0.68068194498898993}]}, {"source": 39, "prod": 0.076950043821209471, "target": 4, "value": 0.00076050248381027172, "supply": [{"l": "Potash", "v": 0.04102222225504}, {"l": "Phosphate", "v": 0.14602916678349001}, {"l": "Nitrogen", "v": 0.68068194498898993}]}, {"source": 39, "prod": 0.13466257668711659, "target": 5, "value": 0.0013308793466679754, "supply": [{"l": "Potash", "v": 0.04102222225504}, {"l": "Phosphate", "v": 0.14602916678349001}, {"l": "Nitrogen", "v": 0.68068194498898993}]}, {"source": 39, "prod": 0.038475021910604736, "target": 7, "value": 0.00038025124190513586, "supply": [{"l": "Potash", "v": 0.04102222225504}, {"l": "Phosphate", "v": 0.14602916678349001}, {"l": "Nitrogen", "v": 0.68068194498898993}]}, {"source": 39, "prod": 0.16351884312007012, "target": 24, "value": 0.0016160677780968271, "supply": [{"l": "Potash", "v": 0.04102222225504}, {"l": "Phosphate", "v": 0.14602916678349001}, {"l": "Nitrogen", "v": 0.68068194498898993}]}, {"source": 39, "prod": 19.790589395267311, "target": 8, "value": 0.19559173255495424, "supply": [{"l": "Potash", "v": 0.04102222225504}, {"l": "Phosphate", "v": 0.14602916678349001}, {"l": "Nitrogen", "v": 0.68068194498898993}]}, {"source": 39, "prod": 0.25970639789658195, "target": 9, "value": 0.0025666958828596668, "supply": [{"l": "Potash", "v": 0.04102222225504}, {"l": "Phosphate", "v": 0.14602916678349001}, {"l": "Nitrogen", "v": 0.68068194498898993}]}, {"source": 39, "prod": 2.4143076248904469, "target": 10, "value": 0.023860765429547272, "supply": [{"l": "Potash", "v": 0.04102222225504}, {"l": "Phosphate", "v": 0.14602916678349001}, {"l": "Nitrogen", "v": 0.68068194498898993}]}, {"source": 39, "prod": 0.20199386503067487, "target": 11, "value": 0.0019963190200019631, "supply": [{"l": "Potash", "v": 0.04102222225504}, {"l": "Phosphate", "v": 0.14602916678349001}, {"l": "Nitrogen", "v": 0.68068194498898993}]}, {"source": 39, "prod": 0.59636283961437342, "target": 20, "value": 0.0058938942495296055, "supply": [{"l": "Potash", "v": 0.04102222225504}, {"l": "Phosphate", "v": 0.14602916678349001}, {"l": "Nitrogen", "v": 0.68068194498898993}]}, {"source": 39, "prod": 19.612642418930765, "target": 12, "value": 0.19383307056114299, "supply": [{"l": "Potash", "v": 0.04102222225504}, {"l": "Phosphate", "v": 0.14602916678349001}, {"l": "Nitrogen", "v": 0.68068194498898993}]}, {"source": 39, "prod": 0.13466257668711659, "target": 13, "value": 0.0013308793466679754, "supply": [{"l": "Potash", "v": 0.04102222225504}, {"l": "Phosphate", "v": 0.14602916678349001}, {"l": "Nitrogen", "v": 0.68068194498898993}]}, {"source": 39, "prod": 6.4060911481156886, "target": 14, "value": 0.063311831777205119, "supply": [{"l": "Potash", "v": 0.04102222225504}, {"l": "Phosphate", "v": 0.14602916678349001}, {"l": "Nitrogen", "v": 0.68068194498898993}]}, {"source": 39, "prod": 0.31741893076248912, "target": 15, "value": 0.0031370727457173705, "supply": [{"l": "Potash", "v": 0.04102222225504}, {"l": "Phosphate", "v": 0.14602916678349001}, {"l": "Nitrogen", "v": 0.68068194498898993}]}, {"source": 39, "prod": 1.9766542506573184, "target": 16, "value": 0.019535407552876353, "supply": [{"l": "Potash", "v": 0.04102222225504}, {"l": "Phosphate", "v": 0.14602916678349001}, {"l": "Nitrogen", "v": 0.68068194498898993}]}, {"source": 39, "prod": 0.057712532865907107, "target": 17, "value": 0.00057037686285770373, "supply": [{"l": "Potash", "v": 0.04102222225504}, {"l": "Phosphate", "v": 0.14602916678349001}, {"l": "Nitrogen", "v": 0.68068194498898993}]}, {"source": 39, "prod": 0.10099693251533744, "target": 18, "value": 0.00099815951000098153, "supply": [{"l": "Potash", "v": 0.04102222225504}, {"l": "Phosphate", "v": 0.14602916678349001}, {"l": "Nitrogen", "v": 0.68068194498898993}]}, {"source": 39, "prod": 0.87530674846625778, "target": 6, "value": 0.0086507157533418401, "supply": [{"l": "Potash", "v": 0.04102222225504}, {"l": "Phosphate", "v": 0.14602916678349001}, {"l": "Nitrogen", "v": 0.68068194498898993}]}, {"source": 39, "prod": 0.12023444347063982, "target": 19, "value": 0.0011882851309535495, "supply": [{"l": "Potash", "v": 0.04102222225504}, {"l": "Phosphate", "v": 0.14602916678349001}, {"l": "Nitrogen", "v": 0.68068194498898993}]}, {"source": 39, "prod": 0.12504382120946539, "target": 21, "value": 0.0012358165361916913, "supply": [{"l": "Potash", "v": 0.04102222225504}, {"l": "Phosphate", "v": 0.14602916678349001}, {"l": "Nitrogen", "v": 0.68068194498898993}]}, {"source": 39, "prod": 2.7702015775635407, "target": 22, "value": 0.027378089417169776, "supply": [{"l": "Potash", "v": 0.04102222225504}, {"l": "Phosphate", "v": 0.14602916678349001}, {"l": "Nitrogen", "v": 0.68068194498898993}]}, {"source": 39, "prod": 0.019237510955302368, "target": 23, "value": 0.00019012562095256793, "supply": [{"l": "Potash", "v": 0.04102222225504}, {"l": "Phosphate", "v": 0.14602916678349001}, {"l": "Nitrogen", "v": 0.68068194498898993}]}, {"source": 39, "prod": 0.028856266432953553, "target": 25, "value": 0.00028518843142885187, "supply": [{"l": "Potash", "v": 0.04102222225504}, {"l": "Phosphate", "v": 0.14602916678349001}, {"l": "Nitrogen", "v": 0.68068194498898993}]}, {"source": 39, "prod": 3.4531332164767754, "target": 3, "value": 0.034127548960985937, "supply": [{"l": "Potash", "v": 0.04102222225504}, {"l": "Phosphate", "v": 0.14602916678349001}, {"l": "Nitrogen", "v": 0.68068194498898993}]}, {"source": 39, "prod": 10.715293602103419, "target": 27, "value": 0.10589997087058033, "supply": [{"l": "Potash", "v": 0.04102222225504}, {"l": "Phosphate", "v": 0.14602916678349001}, {"l": "Nitrogen", "v": 0.68068194498898993}]}, {"source": 39, "prod": 0.038475021910604736, "target": 28, "value": 0.00038025124190513586, "supply": [{"l": "Potash", "v": 0.04102222225504}, {"l": "Phosphate", "v": 0.14602916678349001}, {"l": "Nitrogen", "v": 0.68068194498898993}]}, {"source": 39, "prod": 0.50498466257668717, "target": 29, "value": 0.0049907975500049079, "supply": [{"l": "Potash", "v": 0.04102222225504}, {"l": "Phosphate", "v": 0.14602916678349001}, {"l": "Nitrogen", "v": 0.68068194498898993}]}, {"source": 39, "prod": 0.15870946538124456, "target": 30, "value": 0.0015685363728586853, "supply": [{"l": "Potash", "v": 0.04102222225504}, {"l": "Phosphate", "v": 0.14602916678349001}, {"l": "Nitrogen", "v": 0.68068194498898993}]}, {"source": 39, "prod": 1.6592353198948293, "target": 31, "value": 0.016398334807158983, "supply": [{"l": "Potash", "v": 0.04102222225504}, {"l": "Phosphate", "v": 0.14602916678349001}, {"l": "Nitrogen", "v": 0.68068194498898993}]}, {"source": 39, "prod": 0.052903155127081512, "target": 32, "value": 0.00052284545761956168, "supply": [{"l": "Potash", "v": 0.04102222225504}, {"l": "Phosphate", "v": 0.14602916678349001}, {"l": "Nitrogen", "v": 0.68068194498898993}]}, {"source": 39, "prod": 0.0048093777388255919, "target": 33, "value": 4.7531405238141982e-05, "supply": [{"l": "Potash", "v": 0.04102222225504}, {"l": "Phosphate", "v": 0.14602916678349001}, {"l": "Nitrogen", "v": 0.68068194498898993}]}, {"source": 39, "prod": 9.0079645048203343, "target": 34, "value": 0.089026322011039924, "supply": [{"l": "Potash", "v": 0.04102222225504}, {"l": "Phosphate", "v": 0.14602916678349001}, {"l": "Nitrogen", "v": 0.68068194498898993}]}, {"source": 39, "prod": 0.76950043821209479, "target": 35, "value": 0.0076050248381027167, "supply": [{"l": "Potash", "v": 0.04102222225504}, {"l": "Phosphate", "v": 0.14602916678349001}, {"l": "Nitrogen", "v": 0.68068194498898993}]}, {"source": 39, "prod": 0.13947195442594218, "target": 26, "value": 0.0013784107519061175, "supply": [{"l": "Potash", "v": 0.04102222225504}, {"l": "Phosphate", "v": 0.14602916678349001}, {"l": "Nitrogen", "v": 0.68068194498898993}]}, {"source": 37, "prod": 0, "target": 39, "value": 1.0581985005132795, "supply": [{"l": "Natural gas (including LNG)", "v": 0.71470710624119316}, {"l": "Fuel oil", "v": 0.22316643926763433}, {"l": "Liquefied petroleum gas (LPG)", "v": 0.060162477502226024}, {"l": "Coal", "v": 0.060162477502226024}]}, {"source": 40, "prod": 0, "target": 0, "value": 0.058169648015608852, "supply": "[{\"l\":'Labor',\"v\":0.058169648015608852}]"}, {"source": 40, "prod": 0, "target": 2, "value": 0.027782518455216169, "supply": "[{\"l\":'Labor',\"v\":0.027782518455216169}]"}, {"source": 40, "prod": 0, "target": 4, "value": 0.0013891259227608085, "supply": "[{\"l\":'Labor',\"v\":0.0013891259227608085}]"}, {"source": 40, "prod": 0, "target": 5, "value": 0.0024309703648314148, "supply": "[{\"l\":'Labor',\"v\":0.0024309703648314148}]"}, {"source": 40, "prod": 0, "target": 7, "value": 0.00069456296138040424, "supply": "[{\"l\":'Labor',\"v\":0.00069456296138040424}]"}, {"source": 40, "prod": 0, "target": 24, "value": 0.0029518925858667178, "supply": "[{\"l\":'Labor',\"v\":0.0029518925858667178}]"}, {"source": 40, "prod": 0, "target": 8, "value": 0.35726582326004547, "supply": "[{\"l\":'Labor',\"v\":0.35726582326004547}]"}, {"source": 40, "prod": 0, "target": 9, "value": 0.0046882999893177284, "supply": "[{\"l\":'Labor',\"v\":0.0046882999893177284}]"}, {"source": 40, "prod": 0, "target": 10, "value": 0.043583825826620362, "supply": "[{\"l\":'Labor',\"v\":0.043583825826620362}]"}, {"source": 40, "prod": 0, "target": 11, "value": 0.0036464555472471225, "supply": "[{\"l\":'Labor',\"v\":0.0036464555472471225}]"}, {"source": 40, "prod": 0, "target": 20, "value": 0.010765725901396265, "supply": "[{\"l\":'Labor',\"v\":0.010765725901396265}]"}, {"source": 40, "prod": 0, "target": 12, "value": 0.35405346956366107, "supply": "[{\"l\":'Labor',\"v\":0.35405346956366107}]"}, {"source": 40, "prod": 0, "target": 13, "value": 0.0024309703648314148, "supply": "[{\"l\":'Labor',\"v\":0.0024309703648314148}]"}, {"source": 40, "prod": 0, "target": 14, "value": 0.1156447330698373, "supply": "[{\"l\":'Labor',\"v\":0.1156447330698373}]"}, {"source": 40, "prod": 0, "target": 15, "value": 0.0057301444313883352, "supply": "[{\"l\":'Labor',\"v\":0.0057301444313883352}]"}, {"source": 40, "prod": 0, "target": 16, "value": 0.035683172140918269, "supply": "[{\"l\":'Labor',\"v\":0.035683172140918269}]"}, {"source": 40, "prod": 0, "target": 17, "value": 0.0010418444420706064, "supply": "[{\"l\":'Labor',\"v\":0.0010418444420706064}]"}, {"source": 40, "prod": 0, "target": 18, "value": 0.0018232277736235612, "supply": "[{\"l\":'Labor',\"v\":0.0018232277736235612}]"}, {"source": 40, "prod": 0, "target": 6, "value": 0.015801307371404196, "supply": "[{\"l\":'Labor',\"v\":0.015801307371404196}]"}, {"source": 40, "prod": 0, "target": 19, "value": 0.0021705092543137633, "supply": "[{\"l\":'Labor',\"v\":0.0021705092543137633}]"}, {"source": 40, "prod": 0, "target": 21, "value": 0.0022573296244863135, "supply": "[{\"l\":'Labor',\"v\":0.0022573296244863135}]"}, {"source": 40, "prod": 0, "target": 22, "value": 0.050008533219389098, "supply": "[{\"l\":'Labor',\"v\":0.050008533219389098}]"}, {"source": 40, "prod": 0, "target": 23, "value": 0.00034728148069020212, "supply": "[{\"l\":'Labor',\"v\":0.00034728148069020212}]"}, {"source": 40, "prod": 0, "target": 25, "value": 0.00052092222103530318, "supply": "[{\"l\":'Labor',\"v\":0.00052092222103530318}]"}, {"source": 40, "prod": 0, "target": 3, "value": 0.062337025783891283, "supply": "[{\"l\":'Labor',\"v\":0.062337025783891283}]"}, {"source": 40, "prod": 0, "target": 27, "value": 0.19343578474444256, "supply": "[{\"l\":'Labor',\"v\":0.19343578474444256}]"}, {"source": 40, "prod": 0, "target": 28, "value": 0.00069456296138040424, "supply": "[{\"l\":'Labor',\"v\":0.00069456296138040424}]"}, {"source": 40, "prod": 0, "target": 29, "value": 0.0091161388681178044, "supply": "[{\"l\":'Labor',\"v\":0.0091161388681178044}]"}, {"source": 40, "prod": 0, "target": 30, "value": 0.0028650722156941676, "supply": "[{\"l\":'Labor',\"v\":0.0028650722156941676}]"}, {"source": 40, "prod": 0, "target": 31, "value": 0.029953027709529935, "supply": "[{\"l\":'Labor',\"v\":0.029953027709529935}]"}, {"source": 40, "prod": 0, "target": 32, "value": 0.00095502407189805572, "supply": "[{\"l\":'Labor',\"v\":0.00095502407189805572}]"}, {"source": 40, "prod": 0, "target": 33, "value": 8.6820370172550529e-05, "supply": "[{\"l\":'Labor',\"v\":8.6820370172550529e-05}]"}, {"source": 40, "prod": 0, "target": 34, "value": 0.16261455333318714, "supply": "[{\"l\":'Labor',\"v\":0.16261455333318714}]"}, {"source": 40, "prod": 0, "target": 35, "value": 0.013891259227608085, "supply": "[{\"l\":'Labor',\"v\":0.013891259227608085}]"}, {"source": 40, "prod": 0, "target": 26, "value": 0.0025177907350039655, "supply": "[{\"l\":'Labor',\"v\":0.0025177907350039655}]"}]}