{"nodes": [{"layer": 5, "name": "Fruits & Vegetables"}, {"layer": 10, "name": "Feed", "fill": "#dbdb8d"}, {"layer": 13, "name": "Animal Products", "fill": "#17becf"}, {"layer": 5, "name": "Cereals", "fill": "#e7ba52"}, {"layer": 13, "name": "Other Processed", "fill": "#9c9ede"}, {"layer": 16, "name": "Food", "fill": "#b5cf6b"}, {"layer": 5, "name": "Oilcrops", "fill": "#ff9896"}, {"layer": 13, "name": "Sugar", "fill": "#d6616b"}, {"layer": 5, "name": "Starchy Roots"}, {"layer": 5, "name": "Others"}, {"layer": 13, "name": "Aquatic Products", "fill": "#1f77b4"}, {"layer": 13, "name": "Vegetable Oils", "fill": "#f7b6d2"}, {"layer": 5, "name": "Sugar Crops", "fill": "#ffbb78"}, {"layer": 10, "name": "Processing", "fill": "#9edae5"}, {"layer": 16, "name": "Biofuels & Other", "fill": "#e7ba52"}, {"name": "Waste", "fill": "#c7c7c7"}, {"layer": 2, "name": "Import", "fill": "#aec7e8"}, {"layer": 16, "name": "Export", "fill": "#aec7e8"}, {"layer": 0, "name": "Stock Draw", "fill": "#c7c7c7"}, {"layer": 16, "name": "Stock Deposit", "fill": "#c7c7c7"}, {"name": "Crop Residue", "fill": "#bd9e39"}, {"layer": 2, "name": "Electricity", "fill": "#bcbd22"}, {"layer": 0, "name": "Fossil Fuels", "fill": "#c49c94"}, {"layer": 0, "name": "Renewables & Nuclear", "fill": "#2ca02c"}, {"layer": 2, "name": "Fertilizers", "fill": "#c5b0d5"}, {"layer": 0, "name": "Labor", "fill": "#7f7f7f"}], "links": [{"source": 0, "prod": 85.0, "target": 1, "value": 0.29837347621085653, "supply": [{"l": "Dates", "v": 0.037225530698053851}, {"l": "Vegetables, Other", "v": 0.0007869237884026777}, {"l": "Pulses, Other", "v": 0.26036102172440001}]}, {"source": 2, "prod": 116.0, "target": 1, "value": 0.071520977834684099, "supply": [{"l": "Milk - Excluding Butter", "v": 0.071520977834684099}]}, {"source": 3, "prod": 866.0, "target": 1, "value": 2.623672898791388, "supply": [{"l": "Maize", "v": 0.1279101064723164}, {"l": "Barley", "v": 2.2637525749970231}, {"l": "Oats", "v": 0.035375138821250006}, {"l": "Sorghum", "v": 0.095512874817374999}, {"l": "Cereals, Other", "v": 0.096405518507257024}, {"l": "Millet", "v": 0.0047166851761666672}]}, {"source": 4, "prod": 121.0, "target": 5, "value": 0.37948740521476926, "supply": [{"l": "Beer", "v": 0.027820448157728817}, {"l": "Beverages, Alcoholic", "v": 0.0070750277642500003}, {"l": "Fats, Animals, Raw", "v": 0.16404471155074579}, {"l": "Butter, Ghee", "v": 0.15992002411951295}, {"l": "Wine", "v": 0.020627193622531691}]}, {"source": 2, "prod": 716.0, "target": 5, "value": 0.78623496233053269, "supply": [{"l": "Pigmeat", "v": 0.0065307948593076922}, {"l": "Meat, Other", "v": 0.0068468010621774199}, {"l": "Eggs", "v": 0.054914258051029792}, {"l": "Mutton & Goat Meat", "v": 0.16569559528757805}, {"l": "Poultry Meat", "v": 0.041123598879703127}, {"l": "Milk - Excluding Butter", "v": 0.27621894887878001}, {"l": "Offals, Edible", "v": 0.034552461174244188}, {"l": "Bovine Meat", "v": 0.20035250413771247}]}, {"source": 3, "prod": 3474.0, "target": 5, "value": 11.088591842237824, "supply": [{"l": "Maize", "v": 0.82821793940824873}, {"l": "Rye", "v": 0.0030321547561071426}, {"l": "Barley", "v": 3.0874740617105996}, {"l": "Rice", "v": 0.026123179437230769}, {"l": "Cereals, Other", "v": 0.0035705747595280372}, {"l": "Wheat", "v": 6.9803962218234643}, {"l": "Oats", "v": 0.0070750277642500003}, {"l": "Sorghum", "v": 0.14326931222606251}, {"l": "Millet", "v": 0.0094333703523333343}]}, {"source": 6, "prod": 20.0, "target": 5, "value": 0.049115895222892565, "supply": [{"l": "Olives", "v": 0.049115895222892565}]}, {"source": 7, "prod": 443.0, "target": 5, "value": 1.8135007084129207, "supply": [{"l": "Sugar", "v": 1.8021110178584678}, {"l": "Sweeteners, Other", "v": 0.0038984846864234695}, {"l": "Honey", "v": 0.0074912058680294122}]}, {"source": 8, "prod": 170.0, "target": 5, "value": 0.13885322980359707, "supply": [{"l": "Potatoes", "v": 0.13769823710075815}, {"l": "Sweet potatoes", "v": 0.0011549927028389195}]}, {"source": 0, "prod": 1220.0, "target": 5, "value": 0.86220476349363373, "supply": [{"l": "Citrus, Other", "v": 0.0058111111000000003}, {"l": "Tomatoes", "v": 0.013785363375703609}, {"l": "Treenuts", "v": 0.014150055528500001}, {"l": "Vegetables, Other", "v": 0.12433395856762307}, {"l": "Peas", "v": 0.096373351167081081}, {"l": "Grapes", "v": 0.069121159407310853}, {"l": "Dates", "v": 0.13028935744318848}, {"l": "Beans", "v": 0.007718212106454546}, {"l": "Apples", "v": 0.0067920266536800012}, {"l": "Lemons, Limes", "v": 0.00085757912293939393}, {"l": "Pineapples", "v": 0.00070762857706092202}, {"l": "Bananas", "v": 0.014150055528500001}, {"l": "Fruits, Other", "v": 0.10325716196472973}, {"l": "Grapefruit", "v": 0.0058111111000000003}, {"l": "Oranges, Mandarines", "v": 0.068956608631845079}, {"l": "Onions", "v": 0.041432525605710618}, {"l": "Pulses, Other", "v": 0.15865749761330628}]}, {"source": 9, "prod": 44.0, "target": 5, "value": 0.07949865890204888, "supply": [{"l": "Nuts", "v": 0.013405315763842109}, {"l": "Cocoa Beans", "v": 0.0022342192939736848}, {"l": "Coffee", "v": 0.007174676042619719}, {"l": "Pimento", "v": 0.014637988477758624}, {"l": "Pepper", "v": 0.0060643095122142861}, {"l": "Spices, Other", "v": 0.028990357668146342}, {"l": "Tea", "v": 0.0069917921434941169}]}, {"source": 10, "prod": 156.0, "target": 5, "value": 0.15438516118382162, "supply": [{"l": "Crustaceans", "v": 0.0023583425880833331}, {"l": "Marine Fish, Other", "v": 0.0069104922348488373}, {"l": "Demersal Fish", "v": 0.0068838107976486483}, {"l": "Pelagic Fish", "v": 0.062194430113639537}, {"l": "Fish, Seafood", "v": 0.076038085449601264}]}, {"source": 11, "prod": 151.0, "target": 5, "value": 1.5525202592748324, "supply": [{"l": "Groundnut Oil", "v": 0.010612541646375}, {"l": "Soyabean Oil", "v": 0.56642086183610951}, {"l": "Sunflowerseed Oil", "v": 0.15565061081349998}, {"l": "Olive Oil", "v": 0.57357085549245357}, {"l": "Rape and Mustard Oil", "v": 0.15565061081349998}, {"l": "Oilcrops Oil, Other", "v": 0.031837624939125002}, {"l": "Cottonseed Oil", "v": 0.058777153733769232}]}, {"source": 12, "prod": 1584.0, "target": 13, "value": 1.8409599964800001, "supply": [{"l": "Sugar beet", "v": 1.8409599964800001}]}, {"source": 0, "prod": 167.0, "target": 13, "value": 0.11659831940425165, "supply": [{"l": "Grapes", "v": 0.11659831940425165}]}, {"source": 3, "prod": 11.0, "target": 13, "value": 0.03259329623686813, "supply": [{"l": "Barley", "v": 0.03259329623686813}]}, {"source": 6, "prod": 447.0, "target": 13, "value": 1.0977402582316484, "supply": [{"l": "Sunflower seed", "v": 0.027013742372590906}, {"l": "Olives", "v": 0.9921410835024298}, {"l": "Cottonseed", "v": 0.034381126656024795}, {"l": "Rape and Mustardseed", "v": 0.029469537133735537}, {"l": "Groundnuts", "v": 0.0024557947611446281}, {"l": "Palm kernels", "v": 0.0024557947611446281}, {"l": "Oilcrops, Other", "v": 0.0098231790445785123}]}, {"source": 4, "prod": 10.0, "target": 13, "value": 0.0089683450532746494, "supply": [{"l": "Wine", "v": 0.0089683450532746494}]}, {"source": 4, "prod": 11.0, "target": 14, "value": 0.043454249661615207, "supply": [{"l": "Fats, Animals, Raw", "v": 0.034535728747525425}, {"l": "Beverages, Alcoholic", "v": 0.0035375138821250002}, {"l": "Wine", "v": 0.0053810070319647886}]}, {"source": 3, "prod": 1.0, "target": 14, "value": 0.00319775266180791, "supply": [{"l": "Maize", "v": 0.00319775266180791}]}, {"source": 0, "prod": 4.0, "target": 14, "value": 0.014848249057866776, "supply": [{"l": "Treenuts", "v": 0.014150055528500001}, {"l": "Grapes", "v": 0.00069819352936677638}]}, {"source": 9, "prod": 3.0, "target": 14, "value": 0.013405315763842109, "supply": [{"l": "Nuts", "v": 0.013405315763842109}]}, {"source": 10, "prod": 18.0, "target": 14, "value": 0.017658543831847551, "supply": [{"l": "Aquatic Products, Other", "v": 0.0088292719159237757}, {"l": "Aquatic Plants", "v": 0.0088292719159237757}]}, {"source": 11, "prod": 16.0, "target": 14, "value": 0.16563937782267188, "supply": [{"l": "Soyabean Oil", "v": 0.11328417236722188}, {"l": "Rape and Mustard Oil", "v": 0.010376707387566665}, {"l": "Palmkernel Oil", "v": 0.02075341477513333}, {"l": "Oilcrops Oil, Other", "v": 0.02122508329275}]}, {"source": 8, "prod": 34.0, "target": 8, "value": 0.027702603913761999, "supply": [{"l": "Potatoes", "v": 0.027702603913761999}]}, {"source": 0, "prod": 21.0, "target": 0, "value": 0.085325790921688002, "supply": [{"l": "Peas", "v": 0.0080311125972567562}, {"l": "Pulses, Other", "v": 0.077294678324431251}]}, {"source": 2, "prod": 3.0, "target": 2, "value": 0.0043353361619234048, "supply": [{"l": "Eggs", "v": 0.0043353361619234048}]}, {"source": 3, "prod": 384.0, "target": 3, "value": 1.2118386012979843, "supply": [{"l": "Maize", "v": 0.060757300574350283}, {"l": "Wheat", "v": 0.65697846793632608}, {"l": "Oats", "v": 0.0070750277642500003}, {"l": "Barley", "v": 0.46519522810802694}, {"l": "Sorghum", "v": 0.0039797031173906252}, {"l": "Cereals, Other", "v": 0.017852873797640188}]}, {"source": 6, "prod": 3.0, "target": 6, "value": 0.0073673842834338843, "supply": [{"l": "Cottonseed", "v": 0.0049115895222892562}, {"l": "Groundnuts", "v": 0.0024557947611446281}]}, {"source": 4, "prod": 3.0, "target": 15, "value": 0.0026905035159823943, "supply": [{"l": "Wine", "v": 0.0026905035159823943}]}, {"source": 2, "prod": 28.0, "target": 15, "value": 0.019749340005605322, "supply": [{"l": "Milk - Excluding Butter", "v": 0.015414003843681919}, {"l": "Eggs", "v": 0.0043353361619234048}]}, {"source": 3, "prod": 471.0, "target": 15, "value": 1.4848468427338226, "supply": [{"l": "Maize", "v": 0.099130332516045222}, {"l": "Oats", "v": 0.0035375138821250002}, {"l": "Sorghum", "v": 0.031837624939125002}, {"l": "Cereals, Other", "v": 0.010711724278584111}, {"l": "Wheat", "v": 0.72924609940932195}, {"l": "Barley", "v": 0.61038354770862135}]}, {"source": 6, "prod": 54.0, "target": 15, "value": 0.13261291710180992, "supply": [{"l": "Olives", "v": 0.12770132757952066}, {"l": "Cottonseed", "v": 0.0024557947611446281}, {"l": "Sunflower seed", "v": 0.0024557947611446281}]}, {"source": 8, "prod": 30.0, "target": 15, "value": 0.024443474041554704, "supply": [{"l": "Potatoes", "v": 0.024443474041554704}]}, {"source": 0, "prod": 167.0, "target": 15, "value": 0.14194915067982763, "supply": [{"l": "Oranges, Mandarines", "v": 0.015943724539154928}, {"l": "Fruits, Other", "v": 0.012907145245591216}, {"l": "Dates", "v": 0.010340425193903848}, {"l": "Grapefruit", "v": 0.0011622222200000001}, {"l": "Apples", "v": 0.0005660022211400001}, {"l": "Tomatoes", "v": 0.0039386752502010318}, {"l": "Bananas", "v": 0.00088437847053125004}, {"l": "Vegetables, Other", "v": 0.014689244050183316}, {"l": "Peas", "v": 0.0040155562986283781}, {"l": "Grapes", "v": 0.0020945805881003293}, {"l": "Pulses, Other", "v": 0.073226537359987506}, {"l": "Onions", "v": 0.0021806592424058221}]}, {"source": 16, "prod": 30.0, "target": 9, "value": 0.030248542601522613, "supply": [{"l": "Cocoa Beans", "v": 0.0022342192939736848}, {"l": "Pepper", "v": 0.0060643095122142861}, {"l": "Coffee", "v": 0.007174676042619719}, {"l": "Spices, Other", "v": 0.0082829593337560969}, {"l": "Tea", "v": 0.0064923784189588243}]}, {"source": 16, "prod": 81.0, "target": 1, "value": 0.04994137245352942, "supply": [{"l": "Milk - Excluding Butter", "v": 0.04994137245352942}]}, {"source": 16, "prod": 366.0, "target": 13, "value": 2.1652599812721389, "supply": [{"l": "Rape and Mustard Oil", "v": 0.11414378126323334}, {"l": "Cottonseed Oil", "v": 0.03918476915584615}, {"l": "Beer", "v": 0.0014389886978135593}, {"l": "Oilcrops Oil, Other", "v": 0.031837624939125002}, {"l": "Sugar", "v": 1.013944012325835}, {"l": "Butter, Ghee", "v": 0.067334746997689668}, {"l": "Fats, Animals, Raw", "v": 0.15541077936386441}, {"l": "Soyabean Oil", "v": 0.6797050342033315}, {"l": "Palm Oil", "v": 0.010376707387566665}, {"l": "Palmkernel Oil", "v": 0.010376707387566665}, {"l": "Sunflowerseed Oil", "v": 0.041506829550266661}]}, {"source": 16, "prod": 766.0, "target": 3, "value": 2.5134249429630486, "supply": [{"l": "Maize", "v": 0.031977526618079101}, {"l": "Barley", "v": 0.017778161583746253}, {"l": "Wheat", "v": 2.4636692547612231}]}, {"source": 16, "prod": 25.0, "target": 0, "value": 0.021822558897603272, "supply": [{"l": "Dates", "v": 0.0020680850387807693}, {"l": "Fruits, Other", "v": 0.00071706362475506755}, {"l": "Bananas", "v": 0.014150055528500001}, {"l": "Grapes", "v": 0.0048873547055674352}]}, {"source": 16, "prod": 13.0, "target": 6, "value": 0.031925331894880164, "supply": [{"l": "Rape and Mustardseed", "v": 0.029469537133735537}, {"l": "Palm kernels", "v": 0.0024557947611446281}]}, {"source": 16, "prod": 28.0, "target": 8, "value": 0.022813909105451054, "supply": [{"l": "Potatoes", "v": 0.022813909105451054}]}, {"source": 4, "prod": 49.0, "target": 17, "value": 0.066830550587452228, "supply": [{"l": "Wine", "v": 0.041254387245063383}, {"l": "Fish, Body Oil", "v": 0.025576163342388849}]}, {"source": 2, "prod": 3.0, "target": 17, "value": 0.0041080806373064525, "supply": [{"l": "Meat, Other", "v": 0.0041080806373064525}]}, {"source": 3, "prod": 34.0, "target": 17, "value": 0.12529330785296613, "supply": [{"l": "Sorghum", "v": 0.0079594062347812505}, {"l": "Cereals, Other", "v": 0.10354666802631309}, {"l": "Rice", "v": 0.0043538632395384615}, {"l": "Millet", "v": 0.0094333703523333343}]}, {"source": 6, "prod": 25.0, "target": 17, "value": 0.061394869028615719, "supply": [{"l": "Olives", "v": 0.056483279506326457}, {"l": "Cottonseed", "v": 0.0024557947611446281}, {"l": "Oilcrops, Other", "v": 0.0024557947611446281}]}, {"source": 7, "prod": 30.0, "target": 17, "value": 0.12315109461447386, "supply": [{"l": "Sugar", "v": 0.12315109461447386}]}, {"source": 8, "prod": 69.0, "target": 17, "value": 0.056219990295575825, "supply": [{"l": "Potatoes", "v": 0.056219990295575825}]}, {"source": 0, "prod": 950.0, "target": 17, "value": 0.87871124044369564, "supply": [{"l": "Grapes", "v": 0.0090765158817680928}, {"l": "Dates", "v": 0.014476595271465387}, {"l": "Grapefruit", "v": 0.0069733333200000004}, {"l": "Beans", "v": 0.003859106053227273}, {"l": "Pulses, Other", "v": 0.44342736512436881}, {"l": "Lemons, Limes", "v": 0.00042878956146969697}, {"l": "Tomatoes", "v": 0.031509402001608254}, {"l": "Fruits, Other", "v": 0.012907145245591216}, {"l": "Vegetables, Other", "v": 0.019148478851131821}, {"l": "Peas", "v": 0.084326682271195941}, {"l": "Treenuts", "v": 0.033016796233166675}, {"l": "Oranges, Mandarines", "v": 0.21842902618642251}, {"l": "Apples", "v": 0.0011320044422800002}]}, {"source": 9, "prod": 23.0, "target": 17, "value": 0.09632886281435403, "supply": [{"l": "Nuts", "v": 0.031279070115631587}, {"l": "Spices, Other", "v": 0.062122195003170733}, {"l": "Pimento", "v": 0.002927597695551724}]}, {"source": 10, "prod": 326.0, "target": 17, "value": 0.3399819252648511, "supply": [{"l": "Fish, Seafood", "v": 0.15890010164467955}, {"l": "Pelagic Fish", "v": 0.17991960140017152}, {"l": "Cephalopods", "v": 0.0011622222200000001}]}, {"source": 11, "prod": 8.0, "target": 17, "value": 0.081938693641779067, "supply": [{"l": "Olive Oil", "v": 0.081938693641779067}]}, {"source": 18, "prod": 11.0, "target": 0, "value": 0.018437924399565278, "supply": [{"l": "Fruits, Other", "v": 0.0043023817485304053}, {"l": "Dates", "v": 0.0041361700775615386}, {"l": "Apples", "v": 0.0005660022211400001}, {"l": "Treenuts", "v": 0.0094333703523333343}]}, {"source": 11, "prod": 5.0, "target": 19, "value": 0.051346054208456199, "supply": [{"l": "Olive Oil", "v": 0.040969346820889534}, {"l": "Palm Oil", "v": 0.010376707387566665}]}, {"source": 9, "prod": 5.0, "target": 19, "value": 0.02070739833439024, "supply": [{"l": "Spices, Other", "v": 0.02070739833439024}]}, {"source": 4, "prod": 27.0, "target": 19, "value": 0.024214531643841554, "supply": [{"l": "Wine", "v": 0.024214531643841554}]}, {"source": 3, "prod": 888.0, "target": 19, "value": 2.8172321674507321, "supply": [{"l": "Maize", "v": 0.1598876330903955}, {"l": "Sorghum", "v": 0.19102574963475}, {"l": "Wheat", "v": 1.2811080124758361}, {"l": "Barley", "v": 1.1852107722497502}]}, {"source": 0, "prod": 70.0, "target": 19, "value": 0.17447439707089976, "supply": [{"l": "Beans", "v": 0.003859106053227273}, {"l": "Pulses, Other", "v": 0.15865749761330628}, {"l": "Oranges, Mandarines", "v": 0.011957793404366195}]}, {"source": 18, "prod": 30.0, "target": 1, "value": 0.031281931092175669, "supply": [{"l": "Fish, Seafood", "v": 0.014622708740307933}, {"l": "Pelagic Fish", "v": 0.016659222351867734}]}, {"source": 18, "prod": 3.0, "target": 6, "value": 0.0073673842834338843, "supply": [{"l": "Oilcrops, Other", "v": 0.0073673842834338843}]}, {"source": 6, "prod": 7.0, "target": 19, "value": 0.017190563328012397, "supply": [{"l": "Olives", "v": 0.017190563328012397}]}, {"source": 18, "prod": 3.0, "target": 9, "value": 0.0094362909004300326, "supply": [{"l": "Nuts", "v": 0.0089368771758947391}, {"l": "Tea", "v": 0.00049941372453529416}]}, {"source": 18, "prod": 10.0, "target": 13, "value": 0.09788748183710029, "supply": [{"l": "Butter, Ghee", "v": 0.025250530124133627}, {"l": "Sunflowerseed Oil", "v": 0.072636951712966663}]}, {"source": 18, "prod": 16.0, "target": 3, "value": 0.061828927032511145, "supply": [{"l": "Rice", "v": 0.026123179437230769}, {"l": "Cereals, Other", "v": 0.035705747595280377}]}, {"source": 1, "prod": 500.0, "target": 10, "value": 0.51202563028052028, "supply": [{"l": "Pelagic Fish", "v": 0.24211403151381106}, {"l": "Crustaceans", "v": 0.0023583425880833331}, {"l": "Aquatic Plants", "v": 0.0088292719159237757}, {"l": "Demersal Fish", "v": 0.0068838107976486483}, {"l": "Aquatic Products, Other", "v": 0.0088292719159237757}, {"l": "Fish, Seafood", "v": 0.23493818709428083}, {"l": "Marine Fish, Other", "v": 0.0069104922348488373}, {"l": "Cephalopods", "v": 0.0011622222200000001}]}, {"source": 1, "prod": 863.0, "target": 2, "value": 0.88161336080812869, "supply": [{"l": "Poultry Meat", "v": 0.041123598879703127}, {"l": "Pigmeat", "v": 0.0065307948593076922}, {"l": "Bovine Meat", "v": 0.20035250413771247}, {"l": "Eggs", "v": 0.0635849303748766}, {"l": "Milk - Excluding Butter", "v": 0.36315393055714601}, {"l": "Offals, Edible", "v": 0.034552461174244188}, {"l": "Meat, Other", "v": 0.010954881699483873}, {"l": "Mutton & Goat Meat", "v": 0.16569559528757805}]}, {"source": 13, "prod": 221.0, "target": 4, "value": 0.52564558567693531, "supply": [{"l": "Fats, Animals, Raw", "v": 0.19858044029827121}, {"l": "Fish, Body Oil", "v": 0.025576163342388849}, {"l": "Beer", "v": 0.027820448157728817}, {"l": "Beverages, Alcoholic", "v": 0.010612541646375}, {"l": "Butter, Ghee", "v": 0.15992002411951295}, {"l": "Wine", "v": 0.10313596811265846}]}, {"source": 13, "prod": 180.0, "target": 11, "value": 1.8514443849477396, "supply": [{"l": "Olive Oil", "v": 0.69647889595512213}, {"l": "Soyabean Oil", "v": 0.67970503420333139}, {"l": "Rape and Mustard Oil", "v": 0.16602731820106664}, {"l": "Palm Oil", "v": 0.010376707387566665}, {"l": "Groundnut Oil", "v": 0.010612541646375}, {"l": "Cottonseed Oil", "v": 0.058777153733769232}, {"l": "Palmkernel Oil", "v": 0.02075341477513333}, {"l": "Oilcrops Oil, Other", "v": 0.053062708231875005}, {"l": "Sunflowerseed Oil", "v": 0.15565061081349998}]}, {"source": 13, "prod": 473.0, "target": 7, "value": 1.9366518030273945, "supply": [{"l": "Honey", "v": 0.0074912058680294122}, {"l": "Sweeteners, Other", "v": 0.0038984846864234695}, {"l": "Sugar", "v": 1.9252621124729417}]}, {"source": 8, "prod": 144.75, "target": 20, "value": 0.50542292319238846, "supply": [{"l": "Sweet potatoes", "v": 0.0024712574873884071}, {"l": "Potatoes", "v": 0.50295166570500005}]}, {"source": 12, "prod": 633.60000000000002, "target": 20, "value": 0.7363839985920001, "supply": [{"l": "Sugar beet", "v": 0.7363839985920001}]}, {"source": 0, "prod": 2665.5, "target": 20, "value": 12.408503186548243, "supply": [{"l": "Tomatoes", "v": 0.78449999850000007}, {"l": "Vegetables, Other", "v": 2.1129199959600005}, {"l": "Peas", "v": 0.16735999968000001}, {"l": "Beans", "v": 0.013946666640000001}, {"l": "Pulses, Other", "v": 1.0041599980800002}, {"l": "Onions", "v": 0.34866666600000001}]}, {"source": 3, "prod": 11481.0, "target": 20, "value": 35.69785457258785, "supply": [{"l": "Maize", "v": 2.7544666614000013}, {"l": "Rye", "v": 0.0059771428457142846}, {"l": "Barley", "v": 17.970279965640003}, {"l": "Rice", "v": 0.03137999994}, {"l": "Cereals, Other", "v": 0.42582953189607481}, {"l": "Wheat", "v": 17.869166632500004}, {"l": "Oats", "v": 0.10459999980000001}, {"l": "Sorghum", "v": 0.83679999839999997}, {"l": "Millet", "v": 0.034866666599999999}]}, {"source": 6, "prod": 548.0, "target": 20, "value": 1.9106933296799997, "supply": [{"l": "Olives", "v": 1.7642533299600001}, {"l": "Sunflower seed", "v": 0.041839999919999996}, {"l": "Rape and Mustardseed", "v": 0.020919999960000001}, {"l": "Oilcrops, Other", "v": 0.013946666640000001}, {"l": "Cottonseed", "v": 0.061016666550000008}, {"l": "Groundnuts", "v": 0.0069733333200000004}, {"l": "Palm kernels", "v": 0.0017433333300000001}]}, {"source": 21, "prod": 0, "target": 3, "value": 0.0010927703398787489, "supply": "[{\"l\":'Energy for power irrigation',\"v\":0.0010927703398787489}]"}, {"source": 21, "prod": 0, "target": 6, "value": 0.00010431811623613873, "supply": "[{\"l\":'Energy for power irrigation',\"v\":0.00010431811623613873}]"}, {"source": 21, "prod": 0, "target": 12, "value": 0.00030153265714971488, "supply": "[{\"l\":'Energy for power irrigation',\"v\":0.00030153265714971488}]"}, {"source": 21, "prod": 0, "target": 8, "value": 5.5109661770733871e-05, "supply": "[{\"l\":'Energy for power irrigation',\"v\":5.5109661770733871e-05}]"}, {"source": 21, "prod": 0, "target": 0, "value": 0.00050740864749530617, "supply": "[{\"l\":'Energy for power irrigation',\"v\":0.00050740864749530617}]"}, {"source": 21, "prod": 0, "target": 9, "value": 1.1136149269733787e-05, "supply": "[{\"l\":'Energy for power irrigation',\"v\":1.1136149269733787e-05}]"}, {"source": 21, "prod": 0, "target": 13, "value": 0.044568786922743804, "supply": "[{\"l\":'Electricity',\"v\":0.044568786922743804}]"}, {"source": 22, "prod": 0, "target": 21, "value": 0.040848620138174432, "supply": [{"l": "Coal", "v": 0.016032702033171045}, {"l": "Natural gas", "v": 0.0}, {"l": "Oil", "v": 0.024815918105003384}]}, {"source": 23, "prod": 0, "target": 21, "value": 0.030958259821706188, "supply": [{"l": "Nuclear", "v": 0.0}, {"l": "Hydroelectric", "v": 0.030958259821706188}, {"l": "Renewable", "v": 0.0}]}, {"source": 22, "prod": 0, "target": 3, "value": 7.4878328800180682, "supply": [{"l": "Gas-Diesel oil", "v": 4.8457599503930302}, {"l": "Liquefied petroleum gas (LPG)", "v": 2.6420729296250385}]}, {"source": 22, "prod": 0, "target": 6, "value": 0.71480400979878089, "supply": [{"l": "Gas-Diesel oil", "v": 0.46258626475313658}, {"l": "Liquefied petroleum gas (LPG)", "v": 0.25221774504564431}]}, {"source": 22, "prod": 0, "target": 12, "value": 2.0661488166446516, "supply": [{"l": "Gas-Diesel oil", "v": 1.3371106630820591}, {"l": "Liquefied petroleum gas (LPG)", "v": 0.72903815356259238}]}, {"source": 22, "prod": 0, "target": 8, "value": 0.37762000152691066, "supply": [{"l": "Gas-Diesel oil", "v": 0.24437723293071723}, {"l": "Liquefied petroleum gas (LPG)", "v": 0.13324276859619347}]}, {"source": 22, "prod": 0, "target": 0, "value": 3.4768432264938878, "supply": [{"l": "Gas-Diesel oil", "v": 2.2500432275538058}, {"l": "Liquefied petroleum gas (LPG)", "v": 1.226799998940082}]}, {"source": 22, "prod": 0, "target": 9, "value": 0.076306632432899049, "supply": [{"l": "Gas-Diesel oil", "v": 0.049381927897916955}, {"l": "Liquefied petroleum gas (LPG)", "v": 0.026924704534982101}]}, {"source": 24, "prod": 57.441385678853578, "target": 3, "value": 0.58011279935831217, "supply": [{"l": "Potash", "v": 0.05591328893361952}, {"l": "Phosphate", "v": 0.16496666679864003}, {"l": "Nitrogen", "v": 0.87921723681448483}]}, {"source": 24, "prod": 5.4834734521403643, "target": 6, "value": 0.055378767363183534, "supply": [{"l": "Potash", "v": 0.05591328893361952}, {"l": "Phosphate", "v": 0.16496666679864003}, {"l": "Nitrogen", "v": 0.87921723681448483}]}, {"source": 24, "prod": 15.850040051442221, "target": 12, "value": 0.16007293340015097, "supply": [{"l": "Potash", "v": 0.05591328893361952}, {"l": "Phosphate", "v": 0.16496666679864003}, {"l": "Nitrogen", "v": 0.87921723681448483}]}, {"source": 24, "prod": 2.8968349715230572, "target": 8, "value": 0.029255753926353344, "supply": [{"l": "Potash", "v": 0.05591328893361952}, {"l": "Phosphate", "v": 0.16496666679864003}, {"l": "Nitrogen", "v": 0.87921723681448483}]}, {"source": 24, "prod": 26.671895048686387, "target": 0, "value": 0.26936515402657979, "supply": [{"l": "Potash", "v": 0.05591328893361952}, {"l": "Phosphate", "v": 0.16496666679864003}, {"l": "Nitrogen", "v": 0.87921723681448483}]}, {"source": 24, "prod": 0.58537079735440012, "target": 9, "value": 0.0059117844721646657, "supply": [{"l": "Potash", "v": 0.05591328893361952}, {"l": "Phosphate", "v": 0.16496666679864003}, {"l": "Nitrogen", "v": 0.87921723681448483}]}, {"source": 22, "prod": 0, "target": 24, "value": 1.3466396021121398, "supply": [{"l": "Natural gas (including LNG)", "v": 0.90638730204528051}, {"l": "Fuel oil", "v": 0.28483202597606838}, {"l": "Liquefied petroleum gas (LPG)", "v": 0.077710137045395519}, {"l": "Coal", "v": 0.077710137045395519}]}, {"source": 25, "prod": 0, "target": 3, "value": 0.88746511220389968, "supply": "[{\"l\":'Labor',\"v\":0.88746511220389968}]"}, {"source": 25, "prod": 0, "target": 6, "value": 0.084719254679511719, "supply": "[{\"l\":'Labor',\"v\":0.084719254679511719}]"}, {"source": 25, "prod": 0, "target": 12, "value": 0.24488193323420906, "supply": "[{\"l\":'Labor',\"v\":0.24488193323420906}]"}, {"source": 25, "prod": 0, "target": 8, "value": 0.044755883630873433, "supply": "[{\"l\":'Labor',\"v\":0.044755883630873433}]"}, {"source": 25, "prod": 0, "target": 0, "value": 0.41207878348218702, "supply": "[{\"l\":'Labor',\"v\":0.41207878348218702}]"}, {"source": 25, "prod": 0, "target": 9, "value": 0.0090439350342179474, "supply": "[{\"l\":'Labor',\"v\":0.0090439350342179474}]"}, {"source": 22, "prod": 0, "target": 16, "value": 1.1273672150726459, "supply": "[{\"l\":'Fossil Fuels',\"v\":1.1273672150726459}]"}, {"source": 23, "prod": 0, "target": 16, "value": 0.13313696149181981, "supply": "[{\"l\":'Renewables & Nuclear',\"v\":0.067801110325847},{\"l\":'Biomass & Waste',\"v\":0.065335851165972819}]"}]}