{"nodes": [{"layer": 5, "name": "Maize"}, {"layer": 10, "name": "Feed", "fill": "#dbdb8d"}, {"layer": 5, "name": "Dates"}, {"layer": 13, "name": "Pelagic Fish"}, {"layer": 5, "name": "Oats"}, {"layer": 5, "name": "Potatoes"}, {"layer": 5, "name": "Millet"}, {"layer": 13, "name": "Milk - Excluding Butter"}, {"layer": 5, "name": "Barley"}, {"layer": 13, "name": "Fish, Seafood"}, {"layer": 5, "name": "Sorghum"}, {"layer": 5, "name": "Cereals, Other"}, {"layer": 5, "name": "Pulses, Other"}, {"layer": 16, "name": "Food", "fill": "#b5cf6b"}, {"layer": 5, "name": "Olives"}, {"layer": 5, "name": "Rye"}, {"layer": 5, "name": "Nuts"}, {"layer": 13, "name": "Sugar", "fill": "#d6616b"}, {"layer": 13, "name": "Oilcrops Oil, Other"}, {"layer": 13, "name": "Maize Germ Oil"}, {"layer": 13, "name": "Beer"}, {"layer": 5, "name": "Infant food"}, {"layer": 13, "name": "Beverages, Alcoholic"}, {"layer": 13, "name": "Honey"}, {"layer": 5, "name": "Rice"}, {"layer": 13, "name": "Butter, Ghee"}, {"layer": 5, "name": "Tomatoes"}, {"layer": 13, "name": "Fats, Animals, Raw"}, {"layer": 5, "name": "Coffee"}, {"layer": 5, "name": "Wheat"}, {"layer": 13, "name": "Soyabean Oil"}, {"layer": 5, "name": "Treenuts"}, {"layer": 13, "name": "Crustaceans"}, {"layer": 13, "name": "Eggs"}, {"layer": 5, "name": "Vegetables, Other"}, {"layer": 5, "name": "Peas"}, {"layer": 5, "name": "Sweet potatoes"}, {"layer": 13, "name": "Marine Fish, Other"}, {"layer": 5, "name": "Grapes"}, {"layer": 5, "name": "Pimento"}, {"layer": 13, "name": "Wine"}, {"layer": 13, "name": "Sunflowerseed Oil"}, {"layer": 13, "name": "Olive Oil"}, {"layer": 13, "name": "Pigmeat"}, {"layer": 5, "name": "Cocoa Beans"}, {"layer": 13, "name": "Freshwater Fish"}, {"layer": 5, "name": "Pepper"}, {"layer": 5, "name": "Grapefruit"}, {"layer": 13, "name": "Rape and Mustard Oil"}, {"layer": 5, "name": "Beans"}, {"layer": 5, "name": "Apples"}, {"layer": 13, "name": "Meat, Other"}, {"layer": 5, "name": "Lemons, Limes"}, {"layer": 13, "name": "Mutton & Goat Meat"}, {"layer": 13, "name": "Sweeteners, Other"}, {"layer": 5, "name": "Bananas"}, {"layer": 5, "name": "Citrus, Other"}, {"layer": 5, "name": "Spices, Other"}, {"layer": 5, "name": "Tea"}, {"layer": 5, "name": "Fruits, Other"}, {"layer": 13, "name": "Poultry Meat"}, {"layer": 13, "name": "Offals, Edible"}, {"layer": 13, "name": "Groundnut Oil"}, {"layer": 13, "name": "Demersal Fish"}, {"layer": 5, "name": "Oranges, Mandarines"}, {"layer": 13, "name": "Bovine Meat"}, {"layer": 13, "name": "Cottonseed Oil"}, {"layer": 5, "name": "Onions"}, {"layer": 5, "name": "Sunflower seed"}, {"layer": 10, "name": "Processing", "fill": "#9edae5"}, {"layer": 5, "name": "Soyabeans"}, {"layer": 5, "name": "Cottonseed"}, {"layer": 5, "name": "Rape and Mustardseed"}, {"layer": 5, "name": "Groundnuts"}, {"layer": 5, "name": "Sugar beet"}, {"layer": 5, "name": "Sugar cane"}, {"layer": 16, "name": "Biofuels & Other", "fill": "#e7ba52"}, {"layer": 13, "name": "Aquatic Plants"}, {"layer": 13, "name": "Aquatic Products, Other"}, {"layer": 13, "name": "Palm Oil"}, {"layer": 13, "name": "Palmkernel Oil"}, {"name": "Seed", "fill": "#dbdb8d"}, {"name": "Waste", "fill": "#c7c7c7"}, {"layer": 0, "name": "Import", "fill": "#aec7e8"}, {"layer": 16, "name": "Export", "fill": "#aec7e8"}, {"layer": 13, "name": "Cephalopods"}, {"layer": 13, "name": "Fish, Body Oil"}, {"layer": 0, "name": "Stock Draw", "fill": "#c7c7c7"}, {"layer": 16, "name": "Stock Deposit", "fill": "#c7c7c7"}, {"layer": 0, "name": "Production", "fill": "#b5cf6b"}, {"layer": 5, "name": "Oil Palm"}], "links": [{"source": 0, "prod": 0.38327709463023624, "target": 1, "value": 120.0, "supply": [{"l": "Maize", "v": 120.0}]}, {"source": 2, "prod": 0.019189801333171233, "target": 1, "value": 11.0, "supply": [{"l": "Dates", "v": 11.0}]}, {"source": 3, "prod": 0.136350253647985, "target": 1, "value": 107.0, "supply": [{"l": "Pelagic Fish", "v": 107.0}]}, {"source": 4, "prod": 0.10309326170764287, "target": 1, "value": 34.0, "supply": [{"l": "Oats", "v": 34.0}]}, {"source": 5, "prod": 0.016334292287932886, "target": 1, "value": 20.0, "supply": [{"l": "Potatoes", "v": 20.0}]}, {"source": 6, "prod": 0.0032653974296538461, "target": 1, "value": 1.0, "supply": [{"l": "Millet", "v": 1.0}]}, {"source": 7, "prod": 0.11269955730663715, "target": 1, "value": 200.0, "supply": [{"l": "Milk - Excluding Butter", "v": 200.0}]}, {"source": 8, "prod": 0.7401360476153116, "target": 1, "value": 250.0, "supply": [{"l": "Barley", "v": 250.0}]}, {"source": 9, "prod": 0.11266473716491056, "target": 1, "value": 107.0, "supply": [{"l": "Fish, Seafood", "v": 107.0}]}, {"source": 10, "prod": 0.018807035829018989, "target": 1, "value": 5.0, "supply": [{"l": "Sorghum", "v": 5.0}]}, {"source": 11, "prod": 0.10250162175523171, "target": 1, "value": 33.0, "supply": [{"l": "Cereals, Other", "v": 33.0}]}, {"source": 12, "prod": 0.17703118922194783, "target": 1, "value": 44.0, "supply": [{"l": "Pulses, Other", "v": 44.0}]}, {"source": 0, "prod": 0.77613611662622828, "target": 13, "value": 243.0, "supply": [{"l": "Maize", "v": 243.0}]}, {"source": 14, "prod": 0.11747348079848763, "target": 13, "value": 43.0, "supply": [{"l": "Olives", "v": 43.0}]}, {"source": 15, "prod": 0.0079594062347812505, "target": 13, "value": 3.0, "supply": [{"l": "Rye", "v": 3.0}]}, {"source": 16, "prod": 0.12565249309308002, "target": 13, "value": 37.0, "supply": [{"l": "Nuts", "v": 37.0}]}, {"source": 2, "prod": 0.054080349211664387, "target": 13, "value": 31.0, "supply": [{"l": "Dates", "v": 31.0}]}, {"source": 17, "prod": 2.9516084245165319, "target": 13, "value": 717.0, "supply": [{"l": "Sugar", "v": 717.0}]}, {"source": 18, "prod": 0.039953097962823536, "target": 13, "value": 4.0, "supply": [{"l": "Oilcrops Oil, Other", "v": 4.0}]}, {"source": 19, "prod": 0.014150055528500001, "target": 13, "value": 1.0, "supply": [{"l": "Maize Germ Oil", "v": 1.0}]}, {"source": 20, "prod": 0.036203745676522521, "target": 13, "value": 71.0, "supply": [{"l": "Beer", "v": 71.0}]}, {"source": 21, "prod": 0.0011622222200000001, "target": 13, "value": 1.0, "supply": [{"l": "Infant food", "v": 1.0}]}, {"source": 22, "prod": 0.0033820187664271978, "target": 13, "value": 1.0, "supply": [{"l": "Beverages, Alcoholic", "v": 1.0}]}, {"source": 8, "prod": 3.9730503035989919, "target": 13, "value": 1342.0, "supply": [{"l": "Barley", "v": 1342.0}]}, {"source": 23, "prod": 0.0097961922889615374, "target": 13, "value": 3.0, "supply": [{"l": "Honey", "v": 3.0}]}, {"source": 24, "prod": 0.082854542010253024, "target": 13, "value": 18.0, "supply": [{"l": "Rice", "v": 18.0}]}, {"source": 25, "prod": 0.17108703502640907, "target": 13, "value": 21.0, "supply": [{"l": "Butter, Ghee", "v": 21.0}]}, {"source": 26, "prod": 0.063315502703796614, "target": 13, "value": 264.0, "supply": [{"l": "Tomatoes", "v": 264.0}]}, {"source": 27, "prod": 0.16131063302490001, "target": 13, "value": 19.0, "supply": [{"l": "Fats, Animals, Raw", "v": 19.0}]}, {"source": 28, "prod": 0.0090467568133032784, "target": 13, "value": 13.0, "supply": [{"l": "Coffee", "v": 13.0}]}, {"source": 29, "prod": 10.84387658577584, "target": 13, "value": 3300.0, "supply": [{"l": "Wheat", "v": 3300.0}]}, {"source": 30, "prod": 1.5717779344077625, "target": 13, "value": 153.0, "supply": [{"l": "Soyabean Oil", "v": 153.0}]}, {"source": 31, "prod": 0.12637463385798275, "target": 13, "value": 37.0, "supply": [{"l": "Treenuts", "v": 37.0}]}, {"source": 32, "prod": 0.0005660022211400001, "target": 13, "value": 1.0, "supply": [{"l": "Crustaceans", "v": 1.0}]}, {"source": 33, "prod": 0.090964642683214303, "target": 13, "value": 66.0, "supply": [{"l": "Eggs", "v": 66.0}]}, {"source": 34, "prod": 0.23474416942042223, "target": 13, "value": 808.0, "supply": [{"l": "Vegetables, Other", "v": 808.0}]}, {"source": 35, "prod": 0.081287553036063831, "target": 13, "value": 20.0, "supply": [{"l": "Peas", "v": 20.0}]}, {"source": 36, "prod": 0.0034635073155533476, "target": 13, "value": 3.0, "supply": [{"l": "Sweet potatoes", "v": 3.0}]}, {"source": 37, "prod": 0.018031929169061947, "target": 13, "value": 24.0, "supply": [{"l": "Marine Fish, Other", "v": 24.0}]}, {"source": 38, "prod": 0.099560300610436941, "target": 13, "value": 142.0, "supply": [{"l": "Grapes", "v": 142.0}]}, {"source": 39, "prod": 0.019592384577923075, "target": 13, "value": 6.0, "supply": [{"l": "Pimento", "v": 6.0}]}, {"source": 40, "prod": 0.017769837175325584, "target": 13, "value": 18.0, "supply": [{"l": "Wine", "v": 18.0}]}, {"source": 41, "prod": 0.08260572957178379, "target": 13, "value": 8.0, "supply": [{"l": "Sunflowerseed Oil", "v": 8.0}]}, {"source": 4, "prod": 0.0090964642683214296, "target": 13, "value": 3.0, "supply": [{"l": "Oats", "v": 3.0}]}, {"source": 42, "prod": 0.23504814461230555, "target": 13, "value": 23.0, "supply": [{"l": "Olive Oil", "v": 23.0}]}, {"source": 43, "prod": 0.0027630285943224852, "target": 13, "value": 1.0, "supply": [{"l": "Pigmeat", "v": 1.0}]}, {"source": 44, "prod": 0.0023583425880833336, "target": 13, "value": 1.0, "supply": [{"l": "Cocoa Beans", "v": 1.0}]}, {"source": 5, "prod": 0.38793944183840606, "target": 13, "value": 475.0, "supply": [{"l": "Potatoes", "v": 475.0}]}, {"source": 45, "prod": 0.0021058829376618803, "target": 13, "value": 2.0, "supply": [{"l": "Freshwater Fish", "v": 2.0}]}, {"source": 46, "prod": 0.0097961922889615374, "target": 13, "value": 3.0, "supply": [{"l": "Pepper", "v": 3.0}]}, {"source": 47, "prod": 0.011622222200000001, "target": 13, "value": 10.0, "supply": [{"l": "Grapefruit", "v": 10.0}]}, {"source": 48, "prod": 0.2819903923179643, "target": 13, "value": 27.0, "supply": [{"l": "Rape and Mustard Oil", "v": 27.0}]}, {"source": 7, "prod": 0.37923401033683407, "target": 13, "value": 673.0, "supply": [{"l": "Milk - Excluding Butter", "v": 673.0}]}, {"source": 49, "prod": 0.019295530266136365, "target": 13, "value": 5.0, "supply": [{"l": "Beans", "v": 5.0}]}, {"source": 50, "prod": 0.045182107999418318, "target": 13, "value": 86.0, "supply": [{"l": "Apples", "v": 86.0}]}, {"source": 9, "prod": 0.17162945941944321, "target": 13, "value": 163.0, "supply": [{"l": "Fish, Seafood", "v": 163.0}]}, {"source": 51, "prod": 0.0084900333171, "target": 13, "value": 4.0, "supply": [{"l": "Meat, Other", "v": 4.0}]}, {"source": 52, "prod": 0.0089368771758947391, "target": 13, "value": 24.0, "supply": [{"l": "Lemons, Limes", "v": 24.0}]}, {"source": 10, "prod": 0.063943921818664554, "target": 13, "value": 17.0, "supply": [{"l": "Sorghum", "v": 17.0}]}, {"source": 11, "prod": 0.0031061097501585365, "target": 13, "value": 1.0, "supply": [{"l": "Cereals, Other", "v": 1.0}]}, {"source": 53, "prod": 0.13611738198611412, "target": 13, "value": 59.0, "supply": [{"l": "Mutton & Goat Meat", "v": 59.0}]}, {"source": 54, "prod": 0.0037733481409333329, "target": 13, "value": 1.0, "supply": [{"l": "Sweeteners, Other", "v": 1.0}]}, {"source": 3, "prod": 0.14399606226375986, "target": 13, "value": 113.0, "supply": [{"l": "Pelagic Fish", "v": 113.0}]}, {"source": 55, "prod": 0.0037657405841975814, "target": 13, "value": 5.0, "supply": [{"l": "Bananas", "v": 5.0}]}, {"source": 56, "prod": 0.0058111111000000003, "target": 13, "value": 5.0, "supply": [{"l": "Citrus, Other", "v": 5.0}]}, {"source": 57, "prod": 0.025470099951300007, "target": 13, "value": 7.0, "supply": [{"l": "Spices, Other", "v": 7.0}]}, {"source": 58, "prod": 0.0092519593840192302, "target": 13, "value": 17.0, "supply": [{"l": "Tea", "v": 17.0}]}, {"source": 59, "prod": 0.13565878924112387, "target": 13, "value": 209.0, "supply": [{"l": "Fruits, Other", "v": 209.0}]}, {"source": 6, "prod": 0.0097961922889615374, "target": 13, "value": 3.0, "supply": [{"l": "Millet", "v": 3.0}]}, {"source": 60, "prod": 0.081082872147124105, "target": 13, "value": 59.0, "supply": [{"l": "Poultry Meat", "v": 59.0}]}, {"source": 61, "prod": 0.03620749502880883, "target": 13, "value": 29.0, "supply": [{"l": "Offals, Edible", "v": 29.0}]}, {"source": 62, "prod": 0.093183292504756099, "target": 13, "value": 9.0, "supply": [{"l": "Groundnut Oil", "v": 9.0}]}, {"source": 63, "prod": 0.0088759439224227257, "target": 13, "value": 23.0, "supply": [{"l": "Demersal Fish", "v": 23.0}]}, {"source": 64, "prod": 0.12645538442274826, "target": 13, "value": 333.0, "supply": [{"l": "Oranges, Mandarines", "v": 333.0}]}, {"source": 65, "prod": 0.27947542783798246, "target": 13, "value": 127.0, "supply": [{"l": "Bovine Meat", "v": 127.0}]}, {"source": 66, "prod": 0.029388576866884623, "target": 13, "value": 3.0, "supply": [{"l": "Cottonseed Oil", "v": 3.0}]}, {"source": 67, "prod": 0.063045425448198078, "target": 13, "value": 143.0, "supply": [{"l": "Onions", "v": 143.0}]}, {"source": 12, "prod": 0.62363259839549789, "target": 13, "value": 155.0, "supply": [{"l": "Pulses, Other", "v": 155.0}]}, {"source": 68, "prod": 0.040979121208774755, "target": 69, "value": 15.0, "supply": [{"l": "Sunflower seed", "v": 15.0}]}, {"source": 14, "prod": 0.47808974743570543, "target": 69, "value": 175.0, "supply": [{"l": "Olives", "v": 175.0}]}, {"source": 70, "prod": 0.06829853534795792, "target": 69, "value": 25.0, "supply": [{"l": "Soyabeans", "v": 25.0}]}, {"source": 71, "prod": 0.040979121208774755, "target": 69, "value": 15.0, "supply": [{"l": "Cottonseed", "v": 15.0}]}, {"source": 72, "prod": 0.054638828278366337, "target": 69, "value": 20.0, "supply": [{"l": "Rape and Mustardseed", "v": 20.0}]}, {"source": 8, "prod": 0.041447618666457443, "target": 69, "value": 14.0, "supply": [{"l": "Barley", "v": 14.0}]}, {"source": 38, "prod": 0.03926321714214414, "target": 69, "value": 56.0, "supply": [{"l": "Grapes", "v": 56.0}]}, {"source": 73, "prod": 0.051906886864448019, "target": 69, "value": 19.0, "supply": [{"l": "Groundnuts", "v": 19.0}]}, {"source": 74, "prod": 3.0089933275800003, "target": 69, "value": 2589.0, "supply": [{"l": "Sugar beet", "v": 2589.0}]}, {"source": 75, "prod": 0.27775257365290068, "target": 69, "value": 735.0, "supply": [{"l": "Sugar cane", "v": 735.0}]}, {"source": 40, "prod": 0.0049360658820348843, "target": 69, "value": 5.0, "supply": [{"l": "Wine", "v": 5.0}]}, {"source": 0, "prod": 0.063879515771706044, "target": 76, "value": 20.0, "supply": [{"l": "Maize", "v": 20.0}]}, {"source": 30, "prod": 0.14382281752750767, "target": 76, "value": 14.0, "supply": [{"l": "Soyabean Oil", "v": 14.0}]}, {"source": 27, "prod": 0.0339601332684, "target": 76, "value": 4.0, "supply": [{"l": "Fats, Animals, Raw", "v": 4.0}]}, {"source": 31, "prod": 0.0068310612896206888, "target": 76, "value": 2.0, "supply": [{"l": "Treenuts", "v": 2.0}]}, {"source": 16, "prod": 0.0067920266536800004, "target": 76, "value": 2.0, "supply": [{"l": "Nuts", "v": 2.0}]}, {"source": 48, "prod": 0.041776354417476194, "target": 76, "value": 4.0, "supply": [{"l": "Rape and Mustard Oil", "v": 4.0}]}, {"source": 77, "prod": 0.0045106796271879692, "target": 76, "value": 5.0, "supply": [{"l": "Aquatic Plants", "v": 5.0}]}, {"source": 78, "prod": 0.0045106796271879692, "target": 76, "value": 5.0, "supply": [{"l": "Aquatic Products, Other", "v": 5.0}]}, {"source": 79, "prod": 0.020598774591294951, "target": 76, "value": 2.0, "supply": [{"l": "Palm Oil", "v": 2.0}]}, {"source": 80, "prod": 0.010299387295647475, "target": 76, "value": 1.0, "supply": [{"l": "Palmkernel Oil", "v": 1.0}]}, {"source": 40, "prod": 0.0019744263528139534, "target": 76, "value": 2.0, "supply": [{"l": "Wine", "v": 2.0}]}, {"source": 0, "prod": 0.04790963682877953, "target": 81, "value": 15.0, "supply": [{"l": "Maize", "v": 15.0}]}, {"source": 29, "prod": 0.61120031665282015, "target": 81, "value": 186.0, "supply": [{"l": "Wheat", "v": 186.0}]}, {"source": 4, "prod": 0.012128619024428572, "target": 81, "value": 4.0, "supply": [{"l": "Oats", "v": 4.0}]}, {"source": 71, "prod": 0.0027319414139183166, "target": 81, "value": 1.0, "supply": [{"l": "Cottonseed", "v": 1.0}]}, {"source": 5, "prod": 0.053903164550178531, "target": 81, "value": 66.0, "supply": [{"l": "Potatoes", "v": 66.0}]}, {"source": 33, "prod": 0.0082695129712012996, "target": 33, "value": 6.0, "supply": [{"l": "Eggs", "v": 6.0}]}, {"source": 35, "prod": 0.0040643776518031914, "target": 81, "value": 1.0, "supply": [{"l": "Peas", "v": 1.0}]}, {"source": 8, "prod": 0.50329251237841177, "target": 81, "value": 170.0, "supply": [{"l": "Barley", "v": 170.0}]}, {"source": 73, "prod": 0.0054638828278366332, "target": 81, "value": 2.0, "supply": [{"l": "Groundnuts", "v": 2.0}]}, {"source": 10, "prod": 0.0037614071658037978, "target": 81, "value": 1.0, "supply": [{"l": "Sorghum", "v": 1.0}]}, {"source": 11, "prod": 0.0062122195003170731, "target": 81, "value": 2.0, "supply": [{"l": "Cereals, Other", "v": 2.0}]}, {"source": 12, "prod": 0.072421850136251381, "target": 81, "value": 18.0, "supply": [{"l": "Pulses, Other", "v": 18.0}]}, {"source": 0, "prod": 0.10540120102331496, "target": 82, "value": 33.0, "supply": [{"l": "Maize", "v": 33.0}]}, {"source": 14, "prod": 0.079226301003631192, "target": 82, "value": 29.0, "supply": [{"l": "Olives", "v": 29.0}]}, {"source": 59, "prod": 0.015578042783669728, "target": 82, "value": 24.0, "supply": [{"l": "Fruits, Other", "v": 24.0}]}, {"source": 47, "prod": 0.0011622222200000001, "target": 82, "value": 1.0, "supply": [{"l": "Grapefruit", "v": 1.0}]}, {"source": 8, "prod": 0.45592380533103188, "target": 82, "value": 154.0, "supply": [{"l": "Barley", "v": 154.0}]}, {"source": 26, "prod": 0.0069551120394322043, "target": 82, "value": 29.0, "supply": [{"l": "Tomatoes", "v": 29.0}]}, {"source": 68, "prod": 0.0027319414139183166, "target": 82, "value": 1.0, "supply": [{"l": "Sunflower seed", "v": 1.0}]}, {"source": 11, "prod": 0.0062122195003170731, "target": 82, "value": 2.0, "supply": [{"l": "Cereals, Other", "v": 2.0}]}, {"source": 29, "prod": 0.96280479988858214, "target": 82, "value": 293.0, "supply": [{"l": "Wheat", "v": 293.0}]}, {"source": 33, "prod": 0.0068912608093344161, "target": 82, "value": 5.0, "supply": [{"l": "Eggs", "v": 5.0}]}, {"source": 34, "prod": 0.026147246593858916, "target": 82, "value": 90.0, "supply": [{"l": "Vegetables, Other", "v": 90.0}]}, {"source": 35, "prod": 0.0040643776518031914, "target": 82, "value": 1.0, "supply": [{"l": "Peas", "v": 1.0}]}, {"source": 71, "prod": 0.0027319414139183166, "target": 82, "value": 1.0, "supply": [{"l": "Cottonseed", "v": 1.0}]}, {"source": 38, "prod": 0.0014022577550765766, "target": 82, "value": 2.0, "supply": [{"l": "Grapes", "v": 2.0}]}, {"source": 73, "prod": 0.0027319414139183166, "target": 82, "value": 1.0, "supply": [{"l": "Groundnuts", "v": 1.0}]}, {"source": 2, "prod": 0.005233582181773974, "target": 82, "value": 3.0, "supply": [{"l": "Dates", "v": 3.0}]}, {"source": 4, "prod": 0.0090964642683214296, "target": 82, "value": 3.0, "supply": [{"l": "Oats", "v": 3.0}]}, {"source": 70, "prod": 0.0027319414139183166, "target": 82, "value": 1.0, "supply": [{"l": "Soyabeans", "v": 1.0}]}, {"source": 5, "prod": 0.054719879164575172, "target": 82, "value": 67.0, "supply": [{"l": "Potatoes", "v": 67.0}]}, {"source": 7, "prod": 0.023666907034393801, "target": 82, "value": 42.0, "supply": [{"l": "Milk - Excluding Butter", "v": 42.0}]}, {"source": 50, "prod": 0.0026268667441522275, "target": 82, "value": 5.0, "supply": [{"l": "Apples", "v": 5.0}]}, {"source": 52, "prod": 0.00037236988232894742, "target": 82, "value": 1.0, "supply": [{"l": "Lemons, Limes", "v": 1.0}]}, {"source": 10, "prod": 0.0075228143316075956, "target": 82, "value": 2.0, "supply": [{"l": "Sorghum", "v": 2.0}]}, {"source": 40, "prod": 0.00098721317640697672, "target": 82, "value": 1.0, "supply": [{"l": "Wine", "v": 1.0}]}, {"source": 64, "prod": 0.017848057260868369, "target": 82, "value": 47.0, "supply": [{"l": "Oranges, Mandarines", "v": 47.0}]}, {"source": 67, "prod": 0.0035270168082908015, "target": 82, "value": 8.0, "supply": [{"l": "Onions", "v": 8.0}]}, {"source": 12, "prod": 0.056328105661528849, "target": 82, "value": 14.0, "supply": [{"l": "Pulses, Other", "v": 14.0}]}, {"source": 83, "prod": 0.023684723817502688, "target": 5, "value": 29.0, "supply": [{"l": "Potatoes", "v": 29.0}]}, {"source": 83, "prod": 0.0011622222200000001, "target": 21, "value": 1.0, "supply": [{"l": "Infant food", "v": 1.0}]}, {"source": 83, "prod": 0.11967878290369882, "target": 24, "value": 26.0, "supply": [{"l": "Rice", "v": 26.0}]}, {"source": 83, "prod": 5.9214138204751698, "target": 29, "value": 1802.0, "supply": [{"l": "Wheat", "v": 1802.0}]}, {"source": 83, "prod": 0.042612242871927608, "target": 1, "value": 64.0, "supply": [{"l": "Milk - Excluding Butter", "v": 60.0}, {"l": "Bovine Meat", "v": 4.0}]}, {"source": 83, "prod": 0.00075314811683951629, "target": 55, "value": 1.0, "supply": [{"l": "Bananas", "v": 1.0}]}, {"source": 83, "prod": 0.0097961922889615374, "target": 46, "value": 3.0, "supply": [{"l": "Pepper", "v": 3.0}]}, {"source": 83, "prod": 0.0059210883809224912, "target": 8, "value": 2.0, "supply": [{"l": "Barley", "v": 2.0}]}, {"source": 83, "prod": 3.0822624731541164, "target": 69, "value": 455.0, "supply": [{"l": "Rape and Mustard Oil", "v": 23.0}, {"l": "Oilcrops Oil, Other", "v": 4.0}, {"l": "Sugar", "v": 248.0}, {"l": "Butter, Ghee", "v": 17.0}, {"l": "Fats, Animals, Raw", "v": 18.0}, {"l": "Soyabean Oil", "v": 138.0}, {"l": "Palm Oil", "v": 3.0}, {"l": "Palmkernel Oil", "v": 1.0}, {"l": "Sunflowerseed Oil", "v": 3.0}]}, {"source": 83, "prod": 0.043711062622693066, "target": 70, "value": 16.0, "supply": [{"l": "Soyabeans", "v": 16.0}]}, {"source": 83, "prod": 0.0092519593840192302, "target": 58, "value": 17.0, "supply": [{"l": "Tea", "v": 17.0}]}, {"source": 83, "prod": 0.0090467568133032784, "target": 28, "value": 13.0, "supply": [{"l": "Coffee", "v": 13.0}]}, {"source": 83, "prod": 0.0023583425880833336, "target": 44, "value": 1.0, "supply": [{"l": "Cocoa Beans", "v": 1.0}]}, {"source": 83, "prod": 0.55255781142525717, "target": 0, "value": 173.0, "supply": [{"l": "Maize", "v": 173.0}]}, {"source": 83, "prod": 0.0072771714146571444, "target": 57, "value": 2.0, "supply": [{"l": "Spices, Other", "v": 2.0}]}, {"source": 83, "prod": 0.051906886864448019, "target": 72, "value": 19.0, "supply": [{"l": "Rape and Mustardseed", "v": 19.0}]}, {"source": 14, "prod": 0.073762418175794556, "target": 84, "value": 27.0, "supply": [{"l": "Olives", "v": 27.0}]}, {"source": 59, "prod": 0.0077890213918348642, "target": 84, "value": 12.0, "supply": [{"l": "Fruits, Other", "v": 12.0}]}, {"source": 47, "prod": 0.0011622222200000001, "target": 84, "value": 1.0, "supply": [{"l": "Grapefruit", "v": 1.0}]}, {"source": 16, "prod": 0.010188039980520001, "target": 84, "value": 3.0, "supply": [{"l": "Nuts", "v": 3.0}]}, {"source": 11, "prod": 0.018636658500951218, "target": 84, "value": 6.0, "supply": [{"l": "Cereals, Other", "v": 6.0}]}, {"source": 31, "prod": 0.010246591934431035, "target": 84, "value": 3.0, "supply": [{"l": "Treenuts", "v": 3.0}]}, {"source": 32, "prod": 0.0005660022211400001, "target": 84, "value": 1.0, "supply": [{"l": "Crustaceans", "v": 1.0}]}, {"source": 34, "prod": 0.018303072615701237, "target": 84, "value": 63.0, "supply": [{"l": "Vegetables, Other", "v": 63.0}]}, {"source": 35, "prod": 0.0040643776518031914, "target": 84, "value": 1.0, "supply": [{"l": "Peas", "v": 1.0}]}, {"source": 37, "prod": 0.0052593126743097351, "target": 84, "value": 7.0, "supply": [{"l": "Marine Fish, Other", "v": 7.0}]}, {"source": 26, "prod": 0.017507695823398305, "target": 84, "value": 73.0, "supply": [{"l": "Tomatoes", "v": 73.0}]}, {"source": 42, "prod": 0.010219484548361111, "target": 84, "value": 1.0, "supply": [{"l": "Olive Oil", "v": 1.0}]}, {"source": 2, "prod": 0.019189801333171233, "target": 84, "value": 11.0, "supply": [{"l": "Dates", "v": 11.0}]}, {"source": 5, "prod": 0.03348529919026242, "target": 84, "value": 41.0, "supply": [{"l": "Potatoes", "v": 41.0}]}, {"source": 12, "prod": 0.036210925068125691, "target": 84, "value": 9.0, "supply": [{"l": "Pulses, Other", "v": 9.0}]}, {"source": 9, "prod": 0.1969000546713858, "target": 84, "value": 187.0, "supply": [{"l": "Fish, Seafood", "v": 187.0}]}, {"source": 51, "prod": 0.00424501665855, "target": 84, "value": 2.0, "supply": [{"l": "Meat, Other", "v": 2.0}]}, {"source": 52, "prod": 0.00037236988232894742, "target": 84, "value": 1.0, "supply": [{"l": "Lemons, Limes", "v": 1.0}]}, {"source": 85, "prod": 0.084900333171, "target": 84, "value": 70.0, "supply": [{"l": "Cephalopods", "v": 70.0}]}, {"source": 40, "prod": 0.015795410822511628, "target": 84, "value": 16.0, "supply": [{"l": "Wine", "v": 16.0}]}, {"source": 3, "prod": 0.13889885651990996, "target": 84, "value": 109.0, "supply": [{"l": "Pelagic Fish", "v": 109.0}]}, {"source": 57, "prod": 0.054578785609928585, "target": 84, "value": 15.0, "supply": [{"l": "Spices, Other", "v": 15.0}]}, {"source": 65, "prod": 0.0022005939199841139, "target": 84, "value": 1.0, "supply": [{"l": "Bovine Meat", "v": 1.0}]}, {"source": 86, "prod": 0.066548139940096979, "target": 84, "value": 8.0, "supply": [{"l": "Fish, Body Oil", "v": 8.0}]}, {"source": 64, "prod": 0.21075897403791374, "target": 84, "value": 555.0, "supply": [{"l": "Oranges, Mandarines", "v": 555.0}]}, {"source": 50, "prod": 0.0047283601394740105, "target": 84, "value": 9.0, "supply": [{"l": "Apples", "v": 9.0}]}, {"source": 87, "prod": 0.071316279863640003, "target": 16, "value": 21.0, "supply": [{"l": "Nuts", "v": 21.0}]}, {"source": 12, "prod": 0.10460933908569643, "target": 88, "value": 26.0, "supply": [{"l": "Pulses, Other", "v": 26.0}]}, {"source": 24, "prod": 0.050633331228487954, "target": 88, "value": 11.0, "supply": [{"l": "Rice", "v": 11.0}]}, {"source": 87, "prod": 0.027319414139183169, "target": 70, "value": 10.0, "supply": [{"l": "Soyabeans", "v": 10.0}]}, {"source": 87, "prod": 2.0723809333228722, "target": 8, "value": 700.0, "supply": [{"l": "Barley", "v": 700.0}]}, {"source": 87, "prod": 0.023002162454676026, "target": 29, "value": 7.0, "supply": [{"l": "Wheat", "v": 7.0}]}, {"source": 25, "prod": 0.065176013343393929, "target": 88, "value": 8.0, "supply": [{"l": "Butter, Ghee", "v": 8.0}]}, {"source": 87, "prod": 0.0093089716191736664, "target": 1, "value": 8.0, "supply": [{"l": "Pelagic Fish", "v": 4.0}, {"l": "Fish, Seafood", "v": 4.0}]}, {"source": 79, "prod": 0.010299387295647475, "target": 88, "value": 1.0, "supply": [{"l": "Palm Oil", "v": 1.0}]}, {"source": 87, "prod": 0.25682645987054942, "target": 69, "value": 25.0, "supply": [{"l": "Soyabean Oil", "v": 25.0}]}, {"source": 87, "prod": 0.071726143541017237, "target": 31, "value": 21.0, "supply": [{"l": "Treenuts", "v": 21.0}]}, {"source": 89, "prod": 0.82404575345500786, "target": 0, "value": 258.0, "supply": [{"l": "Maize", "v": 258.0}]}, {"source": 89, "prod": 0.74855194741361886, "target": 14, "value": 274.0, "supply": [{"l": "Olives", "v": 274.0}]}, {"source": 89, "prod": 1.0662105714503674, "target": 12, "value": 265.0, "supply": [{"l": "Pulses, Other", "v": 265.0}]}, {"source": 89, "prod": 0.010612541646375, "target": 15, "value": 4.0, "supply": [{"l": "Rye", "v": 4.0}]}, {"source": 89, "prod": 0.071316279863640003, "target": 16, "value": 21.0, "supply": [{"l": "Nuts", "v": 21.0}]}, {"source": 89, "prod": 0.097693534059780818, "target": 2, "value": 56.0, "supply": [{"l": "Dates", "v": 56.0}]}, {"source": 89, "prod": 0.013946666640000001, "target": 47, "value": 12.0, "supply": [{"l": "Grapefruit", "v": 12.0}]}, {"source": 89, "prod": 3.6355482658864098, "target": 8, "value": 1228.0, "supply": [{"l": "Barley", "v": 1228.0}]}, {"source": 89, "prod": 0.013809090335042171, "target": 24, "value": 3.0, "supply": [{"l": "Rice", "v": 3.0}]}, {"source": 89, "prod": 0.087778310566627132, "target": 26, "value": 366.0, "supply": [{"l": "Tomatoes", "v": 366.0}]}, {"source": 89, "prod": 0.043711062622693066, "target": 68, "value": 16.0, "supply": [{"l": "Sunflower seed", "v": 16.0}]}, {"source": 89, "prod": 6.473465719387395, "target": 29, "value": 1970.0, "supply": [{"l": "Wheat", "v": 1970.0}]}, {"source": 89, "prod": 0.071726143541017237, "target": 31, "value": 21.0, "supply": [{"l": "Treenuts", "v": 21.0}]}, {"source": 89, "prod": 0.27948501359213634, "target": 34, "value": 962.0, "supply": [{"l": "Vegetables, Other", "v": 962.0}]}, {"source": 89, "prod": 0.089416308339670222, "target": 35, "value": 22.0, "supply": [{"l": "Peas", "v": 22.0}]}, {"source": 89, "prod": 0.0027319414139183166, "target": 70, "value": 1.0, "supply": [{"l": "Soyabeans", "v": 1.0}]}, {"source": 89, "prod": 0.27775257365290068, "target": 75, "value": 735.0, "supply": [{"l": "Sugar cane", "v": 735.0}]}, {"source": 89, "prod": 0.13952464663011935, "target": 38, "value": 199.0, "supply": [{"l": "Grapes", "v": 199.0}]}, {"source": 89, "prod": 0.060102711106202973, "target": 73, "value": 22.0, "supply": [{"l": "Groundnuts", "v": 22.0}]}, {"source": 89, "prod": 0.1334148092687143, "target": 4, "value": 44.0, "supply": [{"l": "Oats", "v": 44.0}]}, {"source": 89, "prod": 0.13977493875713415, "target": 11, "value": 45.0, "supply": [{"l": "Cereals, Other", "v": 45.0}]}, {"source": 89, "prod": 0.046443004036611384, "target": 71, "value": 17.0, "supply": [{"l": "Cottonseed", "v": 17.0}]}, {"source": 89, "prod": 0.52188063859945577, "target": 5, "value": 639.0, "supply": [{"l": "Potatoes", "v": 639.0}]}, {"source": 89, "prod": 0.019592384577923075, "target": 39, "value": 6.0, "supply": [{"l": "Pimento", "v": 6.0}]}, {"source": 89, "prod": 0.0027319414139183166, "target": 72, "value": 1.0, "supply": [{"l": "Rape and Mustardseed", "v": 1.0}]}, {"source": 89, "prod": 0.019295530266136365, "target": 49, "value": 5.0, "supply": [{"l": "Beans", "v": 5.0}]}, {"source": 89, "prod": 0.052537334883044559, "target": 50, "value": 100.0, "supply": [{"l": "Apples", "v": 100.0}]}, {"source": 89, "prod": 3.0089933275800003, "target": 74, "value": 2589.0, "supply": [{"l": "Sugar beet", "v": 2589.0}]}, {"source": 89, "prod": 0.01005398682288158, "target": 52, "value": 27.0, "supply": [{"l": "Lemons, Limes", "v": 27.0}]}, {"source": 89, "prod": 0.090273771979291165, "target": 10, "value": 24.0, "supply": [{"l": "Sorghum", "v": 24.0}]}, {"source": 89, "prod": 0.0030125924673580651, "target": 55, "value": 4.0, "supply": [{"l": "Bananas", "v": 4.0}]}, {"source": 89, "prod": 0.0058111111000000003, "target": 56, "value": 5.0, "supply": [{"l": "Citrus, Other", "v": 5.0}]}, {"source": 89, "prod": 0.072771714146571437, "target": 57, "value": 20.0, "supply": [{"l": "Spices, Other", "v": 20.0}]}, {"source": 89, "prod": 0.15902585341662845, "target": 59, "value": 245.0, "supply": [{"l": "Fruits, Other", "v": 245.0}]}, {"source": 89, "prod": 0.013061589718615384, "target": 6, "value": 4.0, "supply": [{"l": "Millet", "v": 4.0}]}, {"source": 89, "prod": 0.0034635073155533476, "target": 36, "value": 3.0, "supply": [{"l": "Sweet potatoes", "v": 3.0}]}, {"source": 89, "prod": 0.35506241572153036, "target": 64, "value": 935.0, "supply": [{"l": "Oranges, Mandarines", "v": 935.0}]}, {"source": 89, "prod": 0.066572442256488881, "target": 67, "value": 151.0, "supply": [{"l": "Onions", "v": 151.0}]}, {"source": 1, "prod": 0.081082872147124105, "target": 60, "value": 59.0, "supply": [{"l": "Poultry Meat", "v": 59.0}]}, {"source": 1, "prod": 0.0027630285943224852, "target": 43, "value": 1.0, "supply": [{"l": "Pigmeat", "v": 1.0}]}, {"source": 1, "prod": 0.41924517243165482, "target": 3, "value": 329.0, "supply": [{"l": "Pelagic Fish", "v": 329.0}]}, {"source": 1, "prod": 0.0011320044422800002, "target": 32, "value": 2.0, "supply": [{"l": "Crustaceans", "v": 2.0}]}, {"source": 1, "prod": 0.097855903492548718, "target": 33, "value": 71.0, "supply": [{"l": "Eggs", "v": 77.0}]}, {"source": 1, "prod": 0.0045106796271879692, "target": 78, "value": 5.0, "supply": [{"l": "Aquatic Products, Other", "v": 5.0}]}, {"source": 1, "prod": 0.084900333171, "target": 85, "value": 70.0, "supply": [{"l": "Cephalopods", "v": 70.0}]}, {"source": 1, "prod": 0.51560047467786507, "target": 7, "value": 915.0, "supply": [{"l": "Milk - Excluding Butter", "v": 915.0}]}, {"source": 1, "prod": 0.03620749502880883, "target": 61, "value": 29.0, "supply": [{"l": "Offals, Edible", "v": 29.0}]}, {"source": 1, "prod": 0.023291241843371682, "target": 37, "value": 31.0, "supply": [{"l": "Marine Fish, Other", "v": 31.0}]}, {"source": 1, "prod": 0.0045106796271879692, "target": 77, "value": 5.0, "supply": [{"l": "Aquatic Plants", "v": 5.0}]}, {"source": 1, "prod": 0.48119425125573956, "target": 9, "value": 457.0, "supply": [{"l": "Fish, Seafood", "v": 457.0}]}, {"source": 1, "prod": 0.28167602175796658, "target": 65, "value": 128.0, "supply": [{"l": "Bovine Meat", "v": 128.0}]}, {"source": 1, "prod": 0.0088759439224227257, "target": 63, "value": 23.0, "supply": [{"l": "Demersal Fish", "v": 23.0}]}, {"source": 1, "prod": 0.01273504997565, "target": 51, "value": 6.0, "supply": [{"l": "Meat, Other", "v": 6.0}]}, {"source": 1, "prod": 0.0021058829376618803, "target": 45, "value": 2.0, "supply": [{"l": "Freshwater Fish", "v": 2.0}]}, {"source": 1, "prod": 0.13611738198611412, "target": 53, "value": 59.0, "supply": [{"l": "Mutton & Goat Meat", "v": 59.0}]}, {"source": 69, "prod": 0.24526762916066666, "target": 42, "value": 24.0, "supply": [{"l": "Olive Oil", "v": 24.0}]}, {"source": 69, "prod": 0.19527076629330001, "target": 27, "value": 23.0, "supply": [{"l": "Fats, Animals, Raw", "v": 23.0}]}, {"source": 69, "prod": 0.0037733481409333329, "target": 54, "value": 1.0, "supply": [{"l": "Sweeteners, Other", "v": 1.0}]}, {"source": 69, "prod": 1.7156007519352701, "target": 30, "value": 167.0, "supply": [{"l": "Soyabean Oil", "v": 167.0}]}, {"source": 69, "prod": 0.030898161886942426, "target": 79, "value": 3.0, "supply": [{"l": "Palm Oil", "v": 3.0}]}, {"source": 69, "prod": 0.066548139940096979, "target": 86, "value": 8.0, "supply": [{"l": "Fish, Body Oil", "v": 8.0}]}, {"source": 69, "prod": 2.9516084245165319, "target": 17, "value": 717.0, "supply": [{"l": "Sugar", "v": 717.0}]}, {"source": 69, "prod": 0.0097961922889615374, "target": 23, "value": 3.0, "supply": [{"l": "Honey", "v": 3.0}]}, {"source": 69, "prod": 0.014150055528500001, "target": 19, "value": 1.0, "supply": [{"l": "Maize Germ Oil", "v": 1.0}]}, {"source": 69, "prod": 0.036203745676522521, "target": 20, "value": 71.0, "supply": [{"l": "Beer", "v": 71.0}]}, {"source": 69, "prod": 0.093183292504756099, "target": 62, "value": 9.0, "supply": [{"l": "Groundnut Oil", "v": 9.0}]}, {"source": 69, "prod": 0.0033820187664271978, "target": 22, "value": 1.0, "supply": [{"l": "Beverages, Alcoholic", "v": 1.0}]}, {"source": 69, "prod": 0.08260572957178379, "target": 41, "value": 8.0, "supply": [{"l": "Sunflowerseed Oil", "v": 8.0}]}, {"source": 69, "prod": 0.029388576866884623, "target": 66, "value": 3.0, "supply": [{"l": "Cottonseed Oil", "v": 3.0}]}, {"source": 69, "prod": 0.010299387295647475, "target": 80, "value": 1.0, "supply": [{"l": "Palmkernel Oil", "v": 1.0}]}, {"source": 69, "prod": 0.039953097962823536, "target": 18, "value": 4.0, "supply": [{"l": "Oilcrops Oil, Other", "v": 4.0}]}, {"source": 69, "prod": 0.32376674673544048, "target": 48, "value": 31.0, "supply": [{"l": "Rape and Mustard Oil", "v": 31.0}]}, {"source": 69, "prod": 0.236263048369803, "target": 25, "value": 29.0, "supply": [{"l": "Butter, Ghee", "v": 29.0}]}, {"source": 69, "prod": 0.041462953409093027, "target": 40, "value": 42.0, "supply": [{"l": "Wine", "v": 42.0}]}, {"source": 89, "prod": 6.9388939039072284e-18, "target": 90, "value": 1.6345975674633499e-15, "supply": [{"l": "Oil Palm", "v": 1.6345975674633499e-15}]}, {"source": 90, "prod": 6.9388939039072284e-18, "target": 69, "value": 1.6345975674633499e-15, "supply": [{"l": "Oil Palm", "v": 1.6345975674633499e-15}]}]}