{"nodes": [{"layer": 3, "name": "Cereals", "fill": "#e7ba52"}, {"layer": 5, "name": "Production", "fill": "#b5cf6b"}, {"layer": 3, "name": "Oilcrops", "fill": "#ff9896"}, {"layer": 3, "name": "Fruits, Roots & Vegetables", "fill": "#98df8a"}, {"layer": 3, "name": "Sugar Crops", "fill": "#ffbb78"}, {"layer": 1, "name": "Electricity", "fill": "#bcbd22"}, {"layer": 0, "name": "Fossil Fuels", "fill": "#c49c94"}, {"layer": 0, "name": "Renewables & Nuclear", "fill": "#2ca02c"}, {"layer": 1, "name": "Fertilizers", "fill": "#c5b0d5"}, {"layer": 0, "name": "Labor", "fill": "#7f7f7f"}], "links": [{"source": 0, "prod": 2173.0, "target": 1, "value": 7.0237284674147382, "supply": [{"l": "Maize", "v": 0.70489139278669311}, {"l": "Rye", "v": 0.0031008937808047858}, {"l": "Barley", "v": 2.0870893492165572}, {"l": "Rice", "v": 0.072165283195350011}, {"l": "Cereals, Other", "v": 0.18799359487864289}, {"l": "Wheat", "v": 3.7794341863219363}, {"l": "Oats", "v": 0.039418011829392863}, {"l": "Sorghum", "v": 0.14020238505302754}, {"l": "Millet", "v": 0.0094333703523333343}]}, {"source": 2, "prod": 270.0, "target": 1, "value": 0.71634656113031248, "supply": [{"l": "Olives", "v": 0.63675249878250006}, {"l": "Sunflower seed", "v": 0.0079594062347812505}, {"l": "Oilcrops, Other", "v": 0.018571947881156251}, {"l": "Cottonseed", "v": 0.053062708231874998}]}, {"source": 3, "prod": 2728.0, "target": 1, "value": 2.4740680363433598, "supply": [{"l": "Nuts", "v": 0.075803868902678581}, {"l": "Citrus, Other", "v": 0.0034866666600000002}, {"l": "Tomatoes", "v": 0.067651452816997359}, {"l": "Treenuts", "v": 0.077182121064545459}, {"l": "Vegetables, Other", "v": 0.15498148440464191}, {"l": "Peas", "v": 0.13426099199134883}, {"l": "Grapes", "v": 0.25706810917390155}, {"l": "Pimento", "v": 0.017565586173310346}, {"l": "Dates", "v": 0.18338471964936001}, {"l": "Potatoes", "v": 0.22492862834320806}, {"l": "Beans", "v": 0.012735049975650002}, {"l": "Apples", "v": 0.0072475894170365854}, {"l": "Lemons, Limes", "v": 0.010459999980000001}, {"l": "Spices, Other", "v": 0.048305361976603456}, {"l": "Fruits, Other", "v": 0.1120926106990783}, {"l": "Sweet potatoes", "v": 0.0011456052350245841}, {"l": "Grapefruit", "v": 0.016271111080000001}, {"l": "Oranges, Mandarines", "v": 0.24588243130175563}, {"l": "Onions", "v": 0.027271016109472732}, {"l": "Pulses, Other", "v": 0.79634363138874686}]}, {"source": 4, "prod": 382.0, "target": 1, "value": 0.44396888804000001, "supply": [{"l": "Sugar beet", "v": 0.44396888804000001}]}, {"source": 5, "prod": 0, "target": 3, "value": 0.00060896258659633412, "supply": "[{\"l\":'Energy for power irrigation',\"v\":0.00060896258659633412}]"}, {"source": 5, "prod": 0, "target": 4, "value": 8.4040356965245532e-05, "supply": "[{\"l\":'Energy for power irrigation',\"v\":8.4040356965245532e-05}]"}, {"source": 5, "prod": 0, "target": 0, "value": 0.00061468261089239794, "supply": "[{\"l\":'Energy for power irrigation',\"v\":0.00061468261089239794}]"}, {"source": 5, "prod": 0, "target": 2, "value": 6.0500256977598225e-05, "supply": "[{\"l\":'Energy for power irrigation',\"v\":6.0500256977598225e-05}]"}, {"source": 6, "prod": 0, "target": 5, "value": 0.0015530737443592514, "supply": [{"l": "Coal", "v": 0.00077644370973140942}, {"l": "Natural gas", "v": 0.0}, {"l": "Oil", "v": 0.00077663003462784199}]}, {"source": 7, "prod": 0, "target": 5, "value": 0.00077025335147774614, "supply": [{"l": "Nuclear", "v": 0.0}, {"l": "Hydroelectric", "v": 0.00077025335147774614}, {"l": "Renewable", "v": 0.0}]}, {"source": 6, "prod": 0, "target": 3, "value": 6.3200466006144502, "supply": [{"l": "Gas-Diesel oil", "v": 4.0900256713263099}, {"l": "Liquefied petroleum gas (LPG)", "v": 2.2300209292881403}]}, {"source": 6, "prod": 0, "target": 4, "value": 0.87220296294606947, "supply": [{"l": "Gas-Diesel oil", "v": 0.56444718440991715}, {"l": "Liquefied petroleum gas (LPG)", "v": 0.30775577853615238}]}, {"source": 6, "prod": 0, "target": 0, "value": 6.3794112001866958, "supply": [{"l": "Gas-Diesel oil", "v": 4.1284435425165142}, {"l": "Liquefied petroleum gas (LPG)", "v": 2.2509676576701825}]}, {"source": 6, "prod": 0, "target": 2, "value": 0.62789480316798185, "supply": [{"l": "Gas-Diesel oil", "v": 0.4063428683579246}, {"l": "Liquefied petroleum gas (LPG)", "v": 0.22155193481005733}]}, {"source": 8, "prod": 26.468026370799162, "target": 3, "value": 0.26143450066831392, "supply": [{"l": "Potash", "v": 0.031335850025068675}, {"l": "Phosphate", "v": 0.092499166740665995}, {"l": "Nitrogen", "v": 0.46354256981527847}]}, {"source": 8, "prod": 3.6527406335423702, "target": 4, "value": 0.036079472274312109, "supply": [{"l": "Potash", "v": 0.031335850025068675}, {"l": "Phosphate", "v": 0.092499166740665995}, {"l": "Nitrogen", "v": 0.46354256981527847}]}, {"source": 8, "prod": 26.716642225438171, "target": 0, "value": 0.26389017155609434, "supply": [{"l": "Potash", "v": 0.031335850025068675}, {"l": "Phosphate", "v": 0.092499166740665995}, {"l": "Nitrogen", "v": 0.46354256981527847}]}, {"source": 8, "prod": 2.6295907702202928, "target": 2, "value": 0.025973442082292752, "supply": [{"l": "Potash", "v": 0.031335850025068675}, {"l": "Phosphate", "v": 0.092499166740665995}, {"l": "Nitrogen", "v": 0.46354256981527847}]}, {"source": 6, "prod": 0, "target": 8, "value": 0.72034289891894798, "supply": [{"l": "Natural gas (including LNG)", "v": 0.48460924927145821}, {"l": "Fuel oil", "v": 0.15379267961548221}, {"l": "Liquefied petroleum gas (LPG)", "v": 0.04097048501600379}, {"l": "Coal", "v": 0.04097048501600379}]}, {"source": 9, "prod": 0, "target": 3, "value": 0.57362110882065409, "supply": "[{\"l\":'Labor',\"v\":0.57362110882065409}]"}, {"source": 9, "prod": 0, "target": 4, "value": 0.079163028746202985, "supply": "[{\"l\":'Labor',\"v\":0.079163028746202985}]"}, {"source": 9, "prod": 0, "target": 0, "value": 0.57900916836882488, "supply": "[{\"l\":'Labor',\"v\":0.57900916836882488}]"}, {"source": 9, "prod": 0, "target": 2, "value": 0.056989091374884344, "supply": "[{\"l\":'Labor',\"v\":0.056989091374884344}]"}]}