{"nodes": [{"layer": 3, "name": "Cereals", "fill": "#e7ba52"}, {"layer": 5, "name": "Production", "fill": "#b5cf6b"}, {"layer": 3, "name": "Oilcrops", "fill": "#ff9896"}, {"layer": 3, "name": "Fruits, Roots & Vegetables", "fill": "#98df8a"}, {"layer": 3, "name": "Sugar Crops", "fill": "#ffbb78"}, {"layer": 1, "name": "Electricity", "fill": "#bcbd22"}, {"layer": 0, "name": "Fossil Fuels", "fill": "#c49c94"}, {"layer": 0, "name": "Renewables & Nuclear", "fill": "#2ca02c"}, {"layer": 1, "name": "Fertilizers", "fill": "#c5b0d5"}, {"layer": 0, "name": "Labor", "fill": "#7f7f7f"}], "links": [{"source": 0, "prod": 5707.0, "target": 1, "value": 17.821425851600139, "supply": [{"l": "Maize", "v": 1.5760354389368256}, {"l": "Rye", "v": 0.015722283920555559}, {"l": "Barley", "v": 8.4749070951291294}, {"l": "Rice", "v": 0.052696758519931039}, {"l": "Cereals, Other", "v": 0.28461825977325711}, {"l": "Wheat", "v": 7.1910451268644398}, {"l": "Oats", "v": 0.13892781791618183}, {"l": "Sorghum", "v": 0.073323015011318188}, {"l": "Millet", "v": 0.014150055528500001}]}, {"source": 2, "prod": 349.83516483516485, "target": 1, "value": 0.91979862109651789, "supply": [{"l": "Olives", "v": 0.79240310959600013}, {"l": "Sunflower seed", "v": 0.041705426820842106}, {"l": "Oilcrops, Other", "v": 0.0026065891763026316}, {"l": "Cottonseed", "v": 0.039098837644539475}, {"l": "Groundnuts", "v": 0.023459302586723685}, {"l": "Oil Palm", "v": 0.020525355272109885}]}, {"source": 3, "prod": 3307.0, "target": 1, "value": 3.5589269567580093, "supply": [{"l": "Nuts", "v": 0.076099688878884131}, {"l": "Citrus, Other", "v": 0.0058111111000000003}, {"l": "Tomatoes", "v": 0.10599455898352346}, {"l": "Treenuts", "v": 0.075182825157451824}, {"l": "Vegetables, Other", "v": 0.18832640450353272}, {"l": "Peas", "v": 0.44853006203547169}, {"l": "Grapes", "v": 0.18074888448813869}, {"l": "Pimento", "v": 0.026348379259965519}, {"l": "Dates", "v": 0.20735782307185052}, {"l": "Potatoes", "v": 0.12840797721592526}, {"l": "Beans", "v": 0.003859106053227273}, {"l": "Apples", "v": 0.018323812914604318}, {"l": "Lemons, Limes", "v": 0.0034866666600000002}, {"l": "Spices, Other", "v": 0.050578921889106392}, {"l": "Fruits, Other", "v": 0.13123609852862816}, {"l": "Sweet potatoes", "v": 0.0011551065737551022}, {"l": "Grapefruit", "v": 0.011830374294319672}, {"l": "Oranges, Mandarines", "v": 0.28125750183189102}, {"l": "Onions", "v": 0.073729236701131573}, {"l": "Pulses, Other", "v": 1.5406624166166021}]}, {"source": 4, "prod": 2440.0, "target": 1, "value": 2.7762105679556468, "supply": [{"l": "Sugar beet", "v": 2.7451688836399999}, {"l": "Sugar cane", "v": 0.031041684315646877}]}, {"source": 5, "prod": 0, "target": 3, "value": 0.0012373735848571436, "supply": "[{\"l\":'Energy for power irrigation',\"v\":0.0012373735848571436}]"}, {"source": 5, "prod": 0, "target": 4, "value": 0.00089563676862991113, "supply": "[{\"l\":'Energy for power irrigation',\"v\":0.00089563676862991113}]"}, {"source": 5, "prod": 0, "target": 0, "value": 0.0022910315128703241, "supply": "[{\"l\":'Energy for power irrigation',\"v\":0.0022910315128703241}]"}, {"source": 5, "prod": 0, "target": 2, "value": 0.0001348356065725831, "supply": "[{\"l\":'Energy for power irrigation',\"v\":0.0001348356065725831}]"}, {"source": 6, "prod": 0, "target": 5, "value": 0.0085792357779414432, "supply": [{"l": "Coal", "v": 0.0037398396307473237}, {"l": "Natural gas", "v": 0.0}, {"l": "Oil", "v": 0.0048393961471941199}]}, {"source": 7, "prod": 0, "target": 5, "value": 0.0012613694810047391, "supply": [{"l": "Nuclear", "v": 0.0}, {"l": "Hydroelectric", "v": 0.0012613694810047391}, {"l": "Renewable", "v": 0.0}]}, {"source": 6, "prod": 0, "target": 3, "value": 3.8540529065633873, "supply": [{"l": "Gas-Diesel oil", "v": 2.4941549204655393}, {"l": "Liquefied petroleum gas (LPG)", "v": 1.3598979860978486}]}, {"source": 6, "prod": 0, "target": 4, "value": 2.7896437531933151, "supply": [{"l": "Gas-Diesel oil", "v": 1.8053212714137989}, {"l": "Liquefied petroleum gas (LPG)", "v": 0.98432248177951664}]}, {"source": 6, "prod": 0, "target": 0, "value": 7.1358858547360979, "supply": [{"l": "Gas-Diesel oil", "v": 4.6179970145611584}, {"l": "Liquefied petroleum gas (LPG)", "v": 2.51788884017494}]}, {"source": 6, "prod": 0, "target": 2, "value": 0.41997305242239935, "supply": [{"l": "Gas-Diesel oil", "v": 0.27178606017017098}, {"l": "Liquefied petroleum gas (LPG)", "v": 0.14818699225222839}]}, {"source": 8, "prod": 50.701381430802385, "target": 3, "value": 0.51444591586150712, "supply": [{"l": "Potash", "v": 0.082557222288267992}, {"l": "Phosphate", "v": 0.30468333357708}, {"l": "Nitrogen", "v": 1.50814166787318}]}, {"source": 8, "prod": 36.698715719714571, "target": 4, "value": 0.37236666707270172, "supply": [{"l": "Potash", "v": 0.082557222288267992}, {"l": "Phosphate", "v": 0.30468333357708}, {"l": "Nitrogen", "v": 1.50814166787318}]}, {"source": 8, "prod": 93.875014001884637, "target": 0, "value": 0.9525108821861753, "supply": [{"l": "Potash", "v": 0.082557222288267992}, {"l": "Phosphate", "v": 0.30468333357708}, {"l": "Nitrogen", "v": 1.50814166787318}]}, {"source": 8, "prod": 5.5248888475984455, "target": 2, "value": 0.056058758618144189, "supply": [{"l": "Potash", "v": 0.082557222288267992}, {"l": "Phosphate", "v": 0.30468333357708}, {"l": "Nitrogen", "v": 1.50814166787318}]}, {"source": 6, "prod": 0, "target": 8, "value": 2.3047644190808501, "supply": [{"l": "Natural gas (including LNG)", "v": 1.5582967279068918}, {"l": "Fuel oil", "v": 0.47987169922339346}, {"l": "Liquefied petroleum gas (LPG)", "v": 0.13329799597528247}, {"l": "Coal", "v": 0.13329799597528247}]}, {"source": 9, "prod": 0, "target": 3, "value": 0.53258033867376819, "supply": "[{\"l\":'Labor',\"v\":0.53258033867376819}]"}, {"source": 9, "prod": 0, "target": 4, "value": 0.38549273994778838, "supply": "[{\"l\":'Labor',\"v\":0.38549273994778838}]"}, {"source": 9, "prod": 0, "target": 0, "value": 0.98608726900988575, "supply": "[{\"l\":'Labor',\"v\":0.98608726900988575}]"}, {"source": 9, "prod": 0, "target": 2, "value": 0.058034852119459086, "supply": "[{\"l\":'Labor',\"v\":0.058034852119459086}]"}]}