{"nodes": [{"layer": 13, "name": "Aquatic Products", "fill": "#1f77b4"}, {"layer": 10, "name": "Feed", "fill": "#dbdb8d"}, {"layer": 5, "name": "Fruits & Vegetables"}, {"layer": 13, "name": "Animal Products", "fill": "#17becf"}, {"layer": 5, "name": "Cereals", "fill": "#e7ba52"}, {"layer": 13, "name": "Other Processed", "fill": "#9c9ede"}, {"layer": 16, "name": "Food", "fill": "#b5cf6b"}, {"layer": 5, "name": "Oilcrops", "fill": "#ff9896"}, {"layer": 13, "name": "Sugar", "fill": "#d6616b"}, {"layer": 5, "name": "Starchy Roots"}, {"layer": 5, "name": "Others"}, {"layer": 13, "name": "Vegetable Oils", "fill": "#f7b6d2"}, {"layer": 5, "name": "Sugar Crops", "fill": "#ffbb78"}, {"layer": 10, "name": "Processing", "fill": "#9edae5"}, {"layer": 16, "name": "Biofuels & Other", "fill": "#e7ba52"}, {"name": "Seed", "fill": "#dbdb8d"}, {"name": "Waste", "fill": "#c7c7c7"}, {"layer": 0, "name": "Import", "fill": "#aec7e8"}, {"layer": 16, "name": "Export", "fill": "#aec7e8"}, {"layer": 0, "name": "Stock Draw", "fill": "#c7c7c7"}, {"layer": 16, "name": "Stock Deposit", "fill": "#c7c7c7"}, {"layer": 0, "name": "Production", "fill": "#b5cf6b"}], "links": [{"source": 0, "prod": 0.0020947396492540728, "target": 1, "value": 2.0, "supply": [{"l": "Pelagic Fish", "v": 1.0}, {"l": "Fish, Seafood", "v": 1.0}]}, {"source": 2, "prod": 0.59911833296645389, "target": 1, "value": 161.0, "supply": [{"l": "Dates", "v": 20.0}, {"l": "Vegetables, Other", "v": 5.0}, {"l": "Peas", "v": 20.0}, {"l": "Pulses, Other", "v": 116.0}]}, {"source": 3, "prod": 0.076843628586530807, "target": 1, "value": 126.0, "supply": [{"l": "Milk - Excluding Butter", "v": 126.0}]}, {"source": 4, "prod": 2.0242476503516253, "target": 1, "value": 655.0, "supply": [{"l": "Maize", "v": 120.0}, {"l": "Wheat", "v": 60.0}, {"l": "Oats", "v": 16.0}, {"l": "Millet", "v": 1.0}, {"l": "Barley", "v": 400.0}, {"l": "Sorghum", "v": 8.0}, {"l": "Cereals, Other", "v": 50.0}]}, {"source": 5, "prod": 0.35769509604640226, "target": 6, "value": 129.0, "supply": [{"l": "Beer", "v": 66.0}, {"l": "Beverages, Alcoholic", "v": 3.0}, {"l": "Fats, Animals, Raw", "v": 13.0}, {"l": "Butter, Ghee", "v": 22.0}, {"l": "Wine", "v": 25.0}]}, {"source": 3, "prod": 0.76351073547925896, "target": 6, "value": 737.0, "supply": [{"l": "Pigmeat", "v": 1.0}, {"l": "Meat, Other", "v": 6.0}, {"l": "Eggs", "v": 50.0}, {"l": "Mutton & Goat Meat", "v": 54.0}, {"l": "Poultry Meat", "v": 46.0}, {"l": "Milk - Excluding Butter", "v": 478.0}, {"l": "Offals, Edible", "v": 21.0}, {"l": "Bovine Meat", "v": 81.0}]}, {"source": 4, "prod": 12.932655243780655, "target": 6, "value": 4050.0, "supply": [{"l": "Maize", "v": 250.0}, {"l": "Rye", "v": 5.0}, {"l": "Barley", "v": 1174.0}, {"l": "Rice", "v": 10.0}, {"l": "Cereals, Other", "v": 1.0}, {"l": "Wheat", "v": 2578.0}, {"l": "Oats", "v": 2.0}, {"l": "Sorghum", "v": 28.0}, {"l": "Millet", "v": 2.0}]}, {"source": 7, "prod": 0.054738372702355272, "target": 6, "value": 21.0, "supply": [{"l": "Olives", "v": 21.0}]}, {"source": 8, "prod": 2.3837746600619192, "target": 6, "value": 578.0, "supply": [{"l": "Sugar", "v": 576.0}, {"l": "Sweeteners, Other", "v": 1.0}, {"l": "Honey", "v": 1.0}]}, {"source": 9, "prod": 0.039677499738532684, "target": 6, "value": 52.0, "supply": [{"l": "Potatoes", "v": 51.0}, {"l": "Sweet potatoes", "v": 1.0}]}, {"source": 2, "prod": 1.3763678088047175, "target": 6, "value": 1742.0, "supply": [{"l": "Citrus, Other", "v": 4.0}, {"l": "Tomatoes", "v": 293.0}, {"l": "Treenuts", "v": 15.0}, {"l": "Vegetables, Other", "v": 550.0}, {"l": "Peas", "v": 48.0}, {"l": "Grapes", "v": 149.0}, {"l": "Dates", "v": 58.0}, {"l": "Beans", "v": 2.0}, {"l": "Apples", "v": 25.0}, {"l": "Lemons, Limes", "v": 3.0}, {"l": "Bananas", "v": 24.0}, {"l": "Fruits, Other", "v": 158.0}, {"l": "Grapefruit", "v": 11.0}, {"l": "Oranges, Mandarines", "v": 153.0}, {"l": "Onions", "v": 155.0}, {"l": "Pulses, Other", "v": 94.0}]}, {"source": 10, "prod": 0.13811365769218845, "target": 6, "value": 56.0, "supply": [{"l": "Infant food", "v": 1.0}, {"l": "Nuts", "v": 15.0}, {"l": "Cocoa Beans", "v": 1.0}, {"l": "Pepper", "v": 3.0}, {"l": "Pimento", "v": 5.0}, {"l": "Coffee", "v": 10.0}, {"l": "Spices, Other", "v": 8.0}, {"l": "Tea", "v": 13.0}]}, {"source": 0, "prod": 0.16960667846771332, "target": 6, "value": 166.0, "supply": [{"l": "Demersal Fish", "v": 11.0}, {"l": "Freshwater Fish", "v": 1.0}, {"l": "Fish, Seafood", "v": 83.0}, {"l": "Pelagic Fish", "v": 71.0}]}, {"source": 11, "prod": 1.5239004561053191, "target": 6, "value": 148.0, "supply": [{"l": "Groundnut Oil", "v": 4.0}, {"l": "Soyabean Oil", "v": 81.0}, {"l": "Sunflowerseed Oil", "v": 5.0}, {"l": "Olive Oil", "v": 20.0}, {"l": "Rape and Mustard Oil", "v": 33.0}, {"l": "Oilcrops Oil, Other", "v": 3.0}, {"l": "Cottonseed Oil", "v": 2.0}]}, {"source": 12, "prod": 2.7762105679556468, "target": 13, "value": 2440.0, "supply": [{"l": "Sugar beet", "v": 2362.0}, {"l": "Sugar cane", "v": 78.0}]}, {"source": 2, "prod": 0.075914531485018255, "target": 13, "value": 105.0, "supply": [{"l": "Grapes", "v": 105.0}]}, {"source": 4, "prod": 0.035534201656725904, "target": 13, "value": 12.0, "supply": [{"l": "Barley", "v": 12.0}]}, {"source": 7, "prod": 0.75297691381314935, "target": 13, "value": 285.83516483516485, "supply": [{"l": "Sunflower seed", "v": 14.0}, {"l": "Olives", "v": 212.0}, {"l": "Soyabeans", "v": 16.0}, {"l": "Cottonseed", "v": 12.0}, {"l": "Rape and Mustardseed", "v": 18.0}, {"l": "Groundnuts", "v": 8.0}, {"l": "Oilcrops, Other", "v": 1.0}, {"l": "Oil Palm", "v": 4.835164835164834}]}, {"source": 5, "prod": 0.016373635682978574, "target": 13, "value": 18.0, "supply": [{"l": "Wine", "v": 18.0}]}, {"source": 5, "prod": 0.033811609882067994, "target": 14, "value": 9.0, "supply": [{"l": "Fats, Animals, Raw", "v": 3.0}, {"l": "Beverages, Alcoholic", "v": 1.0}, {"l": "Wine", "v": 5.0}]}, {"source": 4, "prod": 0.012787305792590879, "target": 14, "value": 4.0, "supply": [{"l": "Maize", "v": 4.0}]}, {"source": 2, "prod": 0.014320538125228916, "target": 14, "value": 4.0, "supply": [{"l": "Treenuts", "v": 4.0}]}, {"source": 10, "prod": 0.014495178834073171, "target": 14, "value": 4.0, "supply": [{"l": "Nuts", "v": 4.0}]}, {"source": 0, "prod": 0.010173242536830066, "target": 14, "value": 10.0, "supply": [{"l": "Aquatic Products, Other", "v": 5.0}, {"l": "Aquatic Plants", "v": 5.0}]}, {"source": 11, "prod": 0.18399202526060726, "target": 14, "value": 18.0, "supply": [{"l": "Olive Oil", "v": 1.0}, {"l": "Soyabean Oil", "v": 7.0}, {"l": "Rape and Mustard Oil", "v": 3.0}, {"l": "Palm Oil", "v": 3.0}, {"l": "Palmkernel Oil", "v": 3.0}, {"l": "Oilcrops Oil, Other", "v": 1.0}]}, {"source": 9, "prod": 0.032479664825204625, "target": 15, "value": 43.0, "supply": [{"l": "Potatoes", "v": 43.0}]}, {"source": 2, "prod": 0.073569568228239596, "target": 15, "value": 18.0, "supply": [{"l": "Peas", "v": 2.0}, {"l": "Pulses, Other", "v": 16.0}]}, {"source": 3, "prod": 0.0054774408497419358, "target": 3, "value": 4.0, "supply": [{"l": "Eggs", "v": 4.0}]}, {"source": 4, "prod": 1.3103335682298818, "target": 15, "value": 417.0, "supply": [{"l": "Maize", "v": 17.0}, {"l": "Wheat", "v": 203.0}, {"l": "Oats", "v": 2.0}, {"l": "Barley", "v": 187.0}, {"l": "Rice", "v": 1.0}, {"l": "Sorghum", "v": 1.0}, {"l": "Cereals, Other", "v": 6.0}]}, {"source": 7, "prod": 0.010426356705210527, "target": 15, "value": 4.0, "supply": [{"l": "Cottonseed", "v": 2.0}, {"l": "Groundnuts", "v": 2.0}]}, {"source": 5, "prod": 0.0018192928536642861, "target": 16, "value": 2.0, "supply": [{"l": "Wine", "v": 2.0}]}, {"source": 3, "prod": 0.020574572477277342, "target": 16, "value": 30.0, "supply": [{"l": "Milk - Excluding Butter", "v": 27.0}, {"l": "Eggs", "v": 3.0}]}, {"source": 4, "prod": 1.6581473918403731, "target": 16, "value": 527.0, "supply": [{"l": "Maize", "v": 37.0}, {"l": "Oats", "v": 3.0}, {"l": "Rice", "v": 1.0}, {"l": "Sorghum", "v": 3.0}, {"l": "Cereals, Other", "v": 4.0}, {"l": "Wheat", "v": 250.0}, {"l": "Barley", "v": 229.0}]}, {"source": 7, "prod": 0.091230621170592108, "target": 16, "value": 35.0, "supply": [{"l": "Olives", "v": 33.0}, {"l": "Cottonseed", "v": 1.0}, {"l": "Sunflower seed", "v": 1.0}]}, {"source": 9, "prod": 0.014351479806485766, "target": 16, "value": 19.0, "supply": [{"l": "Potatoes", "v": 19.0}]}, {"source": 2, "prod": 0.17008055037227413, "target": 16, "value": 197.0, "supply": [{"l": "Grapes", "v": 2.0}, {"l": "Fruits, Other", "v": 20.0}, {"l": "Dates", "v": 5.0}, {"l": "Grapefruit", "v": 1.0}, {"l": "Apples", "v": 2.0}, {"l": "Tomatoes", "v": 36.0}, {"l": "Bananas", "v": 1.0}, {"l": "Vegetables, Other", "v": 62.0}, {"l": "Peas", "v": 3.0}, {"l": "Oranges, Mandarines", "v": 36.0}, {"l": "Pulses, Other", "v": 21.0}, {"l": "Onions", "v": 8.0}]}, {"source": 17, "prod": 0.042588551873487181, "target": 10, "value": 29.0, "supply": [{"l": "Cocoa Beans", "v": 1.0}, {"l": "Coffee", "v": 10.0}, {"l": "Infant food", "v": 1.0}, {"l": "Pepper", "v": 3.0}, {"l": "Spices, Other", "v": 3.0}, {"l": "Tea", "v": 11.0}]}, {"source": 17, "prod": 0.052193582347492613, "target": 1, "value": 83.0, "supply": [{"l": "Milk - Excluding Butter", "v": 82.0}, {"l": "Bovine Meat", "v": 1.0}]}, {"source": 17, "prod": 2.5640124247575136, "target": 13, "value": 415.0, "supply": [{"l": "Rape and Mustard Oil", "v": 29.0}, {"l": "Beer", "v": 4.0}, {"l": "Oilcrops Oil, Other", "v": 3.0}, {"l": "Sugar", "v": 263.0}, {"l": "Butter, Ghee", "v": 13.0}, {"l": "Fats, Animals, Raw", "v": 12.0}, {"l": "Soyabean Oil", "v": 85.0}, {"l": "Palm Oil", "v": 3.0}, {"l": "Palmkernel Oil", "v": 3.0}]}, {"source": 17, "prod": 3.4427662370735193, "target": 4, "value": 1048.0, "supply": [{"l": "Wheat", "v": 1048.0}]}, {"source": 17, "prod": 0.029483262623514625, "target": 2, "value": 36.0, "supply": [{"l": "Dates", "v": 4.0}, {"l": "Bananas", "v": 25.0}, {"l": "Grapes", "v": 7.0}]}, {"source": 17, "prod": 0.091230621170592108, "target": 7, "value": 35.0, "supply": [{"l": "Soyabeans", "v": 16.0}, {"l": "Groundnuts", "v": 1.0}, {"l": "Rape and Mustardseed", "v": 18.0}]}, {"source": 17, "prod": 0.014351479806485766, "target": 9, "value": 19.0, "supply": [{"l": "Potatoes", "v": 19.0}]}, {"source": 5, "prod": 0.074370440979037541, "target": 18, "value": 48.0, "supply": [{"l": "Wine", "v": 44.0}, {"l": "Fish, Body Oil", "v": 4.0}]}, {"source": 3, "prod": 0.0013693602124354839, "target": 18, "value": 1.0, "supply": [{"l": "Meat, Other", "v": 1.0}]}, {"source": 4, "prod": 0.10189798901390407, "target": 18, "value": 31.0, "supply": [{"l": "Cereals, Other", "v": 27.0}, {"l": "Wheat", "v": 3.0}, {"l": "Millet", "v": 1.0}]}, {"source": 7, "prod": 0.059951551054960521, "target": 18, "value": 23.0, "supply": [{"l": "Olives", "v": 23.0}]}, {"source": 9, "prod": 0.058161260268389678, "target": 18, "value": 77.0, "supply": [{"l": "Potatoes", "v": 77.0}]}, {"source": 2, "prod": 1.0414440028300245, "target": 18, "value": 944.0, "supply": [{"l": "Fruits, Other", "v": 18.0}, {"l": "Dates", "v": 21.0}, {"l": "Grapefruit", "v": 5.0}, {"l": "Beans", "v": 1.0}, {"l": "Pulses, Other", "v": 134.0}, {"l": "Vegetables, Other", "v": 57.0}, {"l": "Peas", "v": 39.0}, {"l": "Treenuts", "v": 2.0}, {"l": "Tomatoes", "v": 121.0}, {"l": "Oranges, Mandarines", "v": 540.0}, {"l": "Onions", "v": 2.0}, {"l": "Apples", "v": 4.0}]}, {"source": 10, "prod": 0.046988170901334461, "target": 18, "value": 13.0, "supply": [{"l": "Nuts", "v": 2.0}, {"l": "Spices, Other", "v": 11.0}]}, {"source": 0, "prod": 0.44124568697247102, "target": 18, "value": 420.0, "supply": [{"l": "Fish, Seafood", "v": 210.0}, {"l": "Cephalopods", "v": 4.0}, {"l": "Pelagic Fish", "v": 206.0}]}, {"source": 11, "prod": 0.20467044603723217, "target": 18, "value": 20.0, "supply": [{"l": "Olive Oil", "v": 20.0}]}, {"source": 19, "prod": 0.049275303240561952, "target": 2, "value": 44.0, "supply": [{"l": "Apples", "v": 1.0}, {"l": "Fruits, Other", "v": 3.0}, {"l": "Dates", "v": 3.0}, {"l": "Beans", "v": 2.0}, {"l": "Oranges, Mandarines", "v": 30.0}, {"l": "Pulses, Other", "v": 5.0}]}, {"source": 11, "prod": 0.010262677636054944, "target": 20, "value": 1.0, "supply": [{"l": "Palm Oil", "v": 1.0}]}, {"source": 4, "prod": 3.2710615680145585, "target": 20, "value": 1080.0, "supply": [{"l": "Maize", "v": 65.0}, {"l": "Wheat", "v": 142.0}, {"l": "Oats", "v": 13.0}, {"l": "Barley", "v": 860.0}]}, {"source": 19, "prod": 0.018852656843286655, "target": 1, "value": 18.0, "supply": [{"l": "Pelagic Fish", "v": 9.0}, {"l": "Fish, Seafood", "v": 9.0}]}, {"source": 7, "prod": 0.041705426820842106, "target": 20, "value": 16.0, "supply": [{"l": "Olives", "v": 16.0}]}, {"source": 19, "prod": 0.0083728620694804492, "target": 10, "value": 4.0, "supply": [{"l": "Spices, Other", "v": 2.0}, {"l": "Tea", "v": 2.0}]}, {"source": 19, "prod": 0.015463989256146431, "target": 13, "value": 17.0, "supply": [{"l": "Wine", "v": 17.0}]}, {"source": 8, "prod": 0.061795390114256436, "target": 20, "value": 15.0, "supply": [{"l": "Sugar", "v": 15.0}]}, {"source": 19, "prod": 0.077182121064545459, "target": 4, "value": 20.0, "supply": [{"l": "Sorghum", "v": 20.0}]}, {"source": 21, "prod": 17.821425851600139, "target": 4, "value": 5707.0, "supply": [{"l": "Maize", "v": 493.0}, {"l": "Rye", "v": 5.0}, {"l": "Barley", "v": 2862.0}, {"l": "Rice", "v": 12.0}, {"l": "Cereals, Other", "v": 88.0}, {"l": "Wheat", "v": 2189.0}, {"l": "Oats", "v": 36.0}, {"l": "Sorghum", "v": 19.0}, {"l": "Millet", "v": 3.0}]}, {"source": 21, "prod": 0.91979862109651789, "target": 7, "value": 349.83516483516485, "supply": [{"l": "Olives", "v": 304.0}, {"l": "Sunflower seed", "v": 16.0}, {"l": "Oilcrops, Other", "v": 1.0}, {"l": "Cottonseed", "v": 15.0}, {"l": "Groundnuts", "v": 9.0}, {"l": "Oil Palm", "v": 4.835164835164834}]}, {"source": 21, "prod": 2.7762105679556468, "target": 12, "value": 2440.0, "supply": [{"l": "Sugar beet", "v": 2362.0}, {"l": "Sugar cane", "v": 78.0}]}, {"source": 21, "prod": 0.12956308378968037, "target": 9, "value": 171.0, "supply": [{"l": "Potatoes", "v": 170.0}, {"l": "Sweet potatoes", "v": 1.0}]}, {"source": 21, "prod": 3.276336882940373, "target": 2, "value": 3095.0, "supply": [{"l": "Citrus, Other", "v": 5.0}, {"l": "Tomatoes", "v": 450.0}, {"l": "Treenuts", "v": 21.0}, {"l": "Vegetables, Other", "v": 675.0}, {"l": "Peas", "v": 112.0}, {"l": "Grapes", "v": 250.0}, {"l": "Dates", "v": 98.0}, {"l": "Beans", "v": 1.0}, {"l": "Apples", "v": 30.0}, {"l": "Lemons, Limes", "v": 3.0}, {"l": "Fruits, Other", "v": 193.0}, {"l": "Grapefruit", "v": 17.0}, {"l": "Oranges, Mandarines", "v": 699.0}, {"l": "Onions", "v": 165.0}, {"l": "Pulses, Other", "v": 376.0}]}, {"source": 21, "prod": 0.15302699002795606, "target": 10, "value": 41.0, "supply": [{"l": "Nuts", "v": 21.0}, {"l": "Pimento", "v": 6.0}, {"l": "Spices, Other", "v": 14.0}]}, {"source": 1, "prod": 0.62312034762626856, "target": 0, "value": 598.0, "supply": [{"l": "Pelagic Fish", "v": 278.0}, {"l": "Freshwater Fish", "v": 1.0}, {"l": "Aquatic Plants", "v": 5.0}, {"l": "Aquatic Products, Other", "v": 5.0}, {"l": "Fish, Seafood", "v": 294.0}, {"l": "Demersal Fish", "v": 11.0}, {"l": "Cephalopods", "v": 4.0}]}, {"source": 1, "prod": 0.86229829675550262, "target": 3, "value": 894.0, "supply": [{"l": "Poultry Meat", "v": 46.0}, {"l": "Pigmeat", "v": 1.0}, {"l": "Bovine Meat", "v": 81.0}, {"l": "Eggs", "v": 57.0}, {"l": "Milk - Excluding Butter", "v": 631.0}, {"l": "Offals, Edible", "v": 21.0}, {"l": "Meat, Other", "v": 7.0}, {"l": "Mutton & Goat Meat", "v": 54.0}]}, {"source": 13, "prod": 0.48407007544415065, "target": 5, "value": 206.0, "supply": [{"l": "Fats, Animals, Raw", "v": 16.0}, {"l": "Fish, Body Oil", "v": 4.0}, {"l": "Beer", "v": 66.0}, {"l": "Beverages, Alcoholic", "v": 4.0}, {"l": "Butter, Ghee", "v": 22.0}, {"l": "Wine", "v": 94.0}]}, {"source": 13, "prod": 1.9228256050392136, "target": 11, "value": 187.0, "supply": [{"l": "Olive Oil", "v": 41.0}, {"l": "Soyabean Oil", "v": 88.0}, {"l": "Rape and Mustard Oil", "v": 36.0}, {"l": "Palm Oil", "v": 4.0}, {"l": "Groundnut Oil", "v": 4.0}, {"l": "Cottonseed Oil", "v": 2.0}, {"l": "Palmkernel Oil", "v": 3.0}, {"l": "Oilcrops Oil, Other", "v": 4.0}, {"l": "Sunflowerseed Oil", "v": 5.0}]}, {"source": 13, "prod": 2.4455700501761757, "target": 8, "value": 593.0, "supply": [{"l": "Honey", "v": 1.0}, {"l": "Sweeteners, Other", "v": 1.0}, {"l": "Sugar", "v": 591.0}]}]}