{"nodes": [{"layer": 3, "name": "Oilcrops", "fill": "#ff9896"}, {"layer": 5, "name": "Production", "fill": "#b5cf6b"}, {"layer": 3, "name": "Sugar Crops", "fill": "#ffbb78"}, {"layer": 3, "name": "Starchy Roots"}, {"layer": 3, "name": "Fruits & Vegetables"}, {"layer": 3, "name": "Others"}, {"layer": 0, "name": "Fossil Fuels", "fill": "#c49c94"}, {"layer": 1, "name": "Fertilizers", "fill": "#c5b0d5"}, {"layer": 0, "name": "Labor", "fill": "#7f7f7f"}], "links": [{"source": 0, "prod": 358.0, "target": 1, "value": 0.4618930889183846, "supply": [{"l": "Coconuts - Incl Copra", "v": 0.4618930889183846}]}, {"source": 2, "prod": 3.0, "target": 1, "value": 0.0010962740294677188, "supply": [{"l": "Sugar cane", "v": 0.0010962740294677188}]}, {"source": 3, "prod": 55.0, "target": 1, "value": 0.053002654100990504, "supply": [{"l": "Potatoes", "v": 0.00080541610709095989}, {"l": "Yams", "v": 0.001091965699948553}, {"l": "Roots, Other", "v": 0.044046143468497057}, {"l": "Cassava", "v": 0.0070591288254539322}]}, {"source": 4, "prod": 63.0, "target": 1, "value": 0.031625778552115104, "supply": [{"l": "Vegetables, Other", "v": 0.0022342192939736843}, {"l": "Fruits, Other", "v": 0.01024701383927259}, {"l": "Citrus, Other", "v": 0.0003303514909377432}, {"l": "Pineapples", "v": 0.0017279579342808684}, {"l": "Tomatoes", "v": 0.0001566426811273063}, {"l": "Bananas", "v": 0.01692959331252291}]}, {"source": 5, "prod": 1.0, "target": 1, "value": 0.004603030111680723, "supply": [{"l": "Cocoa Beans", "v": 0.004603030111680723}]}, {"source": 6, "prod": 0, "target": 3, "value": 0.0010285192462704219, "supply": [{"l": "Motor Gasoline", "v": 0.00013766764813106966}, {"l": "Gas-Diesel oil", "v": 0.0008908515981393523}]}, {"source": 6, "prod": 0, "target": 4, "value": 0.0012450496139063002, "supply": [{"l": "Motor Gasoline", "v": 0.00016665031089550537}, {"l": "Gas-Diesel oil", "v": 0.0010783993030107949}]}, {"source": 6, "prod": 0, "target": 2, "value": 5.4132591908969575e-05, "supply": [{"l": "Motor Gasoline", "v": 7.2456656911089294e-06}, {"l": "Gas-Diesel oil", "v": 4.6886926217860646e-05}]}, {"source": 6, "prod": 0, "target": 0, "value": 0.0064598226344703682, "supply": [{"l": "Motor Gasoline", "v": 0.00086464943913899881}, {"l": "Gas-Diesel oil", "v": 0.0055951731953313702}]}, {"source": 6, "prod": 0, "target": 5, "value": 1.8044197302989856e-05, "supply": [{"l": "Motor Gasoline", "v": 2.4152218970363097e-06}, {"l": "Gas-Diesel oil", "v": 1.5628975405953548e-05}]}, {"source": 7, "prod": 0.38085770363101085, "target": 3, "value": 0.0047778833480595761, "supply": [{"l": "Potash", "v": 0.00087514074144085332}, {"l": "Phosphate", "v": 0.0042756666700871993}, {"l": "Nitrogen", "v": 0.037556763918934297}]}, {"source": 7, "prod": 0.46103827281648685, "target": 4, "value": 0.005783753526598435, "supply": [{"l": "Potash", "v": 0.00087514074144085332}, {"l": "Phosphate", "v": 0.0042756666700871993}, {"l": "Nitrogen", "v": 0.037556763918934297}]}, {"source": 7, "prod": 0.02004514229636899, "target": 2, "value": 0.00025146754463471451, "supply": [{"l": "Potash", "v": 0.00087514074144085332}, {"l": "Phosphate", "v": 0.0042756666700871993}, {"l": "Nitrogen", "v": 0.037556763918934297}]}, {"source": 7, "prod": 2.3920536473666996, "target": 0, "value": 0.030008460326409265, "supply": [{"l": "Potash", "v": 0.00087514074144085332}, {"l": "Phosphate", "v": 0.0042756666700871993}, {"l": "Nitrogen", "v": 0.037556763918934297}]}, {"source": 7, "prod": 0.0066817140987896631, "target": 5, "value": 8.3822514878238174e-05, "supply": [{"l": "Potash", "v": 0.00087514074144085332}, {"l": "Phosphate", "v": 0.0042756666700871993}, {"l": "Nitrogen", "v": 0.037556763918934297}]}, {"source": 6, "prod": 0, "target": 7, "value": 0.05103181424394472, "supply": [{"l": "Natural gas (including LNG)", "v": 0.034689492980974249}, {"l": "Fuel oil", "v": 0.009703367546148008}, {"l": "Liquefied petroleum gas (LPG)", "v": 0.0033194768584112314}, {"l": "Coal", "v": 0.0033194768584112314}]}, {"source": 8, "prod": 0, "target": 3, "value": 0.0064234785089573258, "supply": "[{\"l\":'Labor',\"v\":0.0064234785089573258}]"}, {"source": 8, "prod": 0, "target": 4, "value": 0.0077757897740009735, "supply": "[{\"l\":'Labor',\"v\":0.0077757897740009735}]"}, {"source": 8, "prod": 0, "target": 2, "value": 0.00033807781626091183, "supply": "[{\"l\":'Labor',\"v\":0.00033807781626091183}]"}, {"source": 8, "prod": 0, "target": 0, "value": 0.040343952740468814, "supply": "[{\"l\":'Labor',\"v\":0.040343952740468814}]"}, {"source": 8, "prod": 0, "target": 5, "value": 0.00011269260542030395, "supply": "[{\"l\":'Labor',\"v\":0.00011269260542030395}]"}]}