{"nodes": [{"layer": 5, "name": "Fruits, Roots & Vegetables", "fill": "#98df8a"}, {"layer": 10, "name": "Feed", "fill": "#dbdb8d"}, {"layer": 13, "name": "Other Processed", "fill": "#9c9ede"}, {"layer": 16, "name": "Food", "fill": "#b5cf6b"}, {"layer": 13, "name": "Animal Products", "fill": "#17becf"}, {"layer": 5, "name": "Cereals", "fill": "#e7ba52"}, {"layer": 5, "name": "Oilcrops", "fill": "#ff9896"}, {"layer": 5, "name": "Sugar Crops", "fill": "#ffbb78"}, {"layer": 13, "name": "Sugar", "fill": "#d6616b"}, {"layer": 13, "name": "Aquatic Products", "fill": "#1f77b4"}, {"layer": 10, "name": "Processing", "fill": "#9edae5"}, {"layer": 16, "name": "Biofuels & Other", "fill": "#e7ba52"}, {"layer": 13, "name": "Vegetable Oils", "fill": "#f7b6d2"}, {"name": "Waste", "fill": "#c7c7c7"}, {"layer": 2, "name": "Import", "fill": "#aec7e8"}, {"layer": 16, "name": "Export", "fill": "#aec7e8"}, {"layer": 16, "name": "Stock Deposit", "fill": "#c7c7c7"}, {"layer": 0, "name": "Stock Draw", "fill": "#c7c7c7"}, {"layer": 0, "name": "Fossil Fuels", "fill": "#c49c94"}, {"layer": 2, "name": "Fertilizers", "fill": "#c5b0d5"}, {"layer": 0, "name": "Labor", "fill": "#7f7f7f"}, {"layer": 0, "name": "Renewables & Nuclear", "fill": "#2ca02c"}], "links": [{"source": 0, "prod": 7.0, "target": 1, "value": 0.0064414418616194277, "supply": [{"l": "Roots, Other", "v": 0.0018803084429255127}, {"l": "Bananas", "v": 0.002199667198043583}, {"l": "Cassava", "v": 0.0023614662206503313}]}, {"source": 2, "prod": 12.0, "target": 3, "value": 0.018047009138810213, "supply": [{"l": "Beer", "v": 0.0030175608975994079}, {"l": "Beverages, Alcoholic", "v": 0.0033960133268400002}, {"l": "Butter, Ghee", "v": 0.0084045631830352348}, {"l": "Wine", "v": 0.003228871731335571}]}, {"source": 4, "prod": 17.0, "target": 3, "value": 0.02923283140167017, "supply": [{"l": "Pigmeat", "v": 0.0079481162968595767}, {"l": "Milk - Excluding Butter", "v": 0.0075489035636104127}, {"l": "Bovine Meat", "v": 0.009226271112984635}, {"l": "Eggs", "v": 0.0017036856154715721}, {"l": "Poultry Meat", "v": 0.0014612794005335631}, {"l": "Offals, Edible", "v": 0.0013445754122104073}]}, {"source": 5, "prod": 18.0, "target": 3, "value": 0.058457758076635884, "supply": [{"l": "Rice", "v": 0.012790259729879698}, {"l": "Wheat", "v": 0.045667498346756187}]}, {"source": 6, "prod": 22.0, "target": 3, "value": 0.028418484417062743, "supply": [{"l": "Coconuts - Incl Copra", "v": 0.028418484417062743}]}, {"source": 0, "prod": 83.0, "target": 3, "value": 0.056430066684500298, "supply": [{"l": "Roots, Other", "v": 0.025384163979494421}, {"l": "Potatoes", "v": 0.0036391477378672384}, {"l": "Fruits, Other", "v": 0.0077476334994905863}, {"l": "Coffee", "v": 0.00056349778653318585}, {"l": "Yams", "v": 0.0011026017294935065}, {"l": "Citrus, Other", "v": 0.00036594971194396549}, {"l": "Apples", "v": 0.00050940199902599998}, {"l": "Pineapples", "v": 0.00082994532788450417}, {"l": "Bananas", "v": 0.0087986687921743321}, {"l": "Vegetables, Other", "v": 0.001955656669021207}, {"l": "Oranges, Mandarines", "v": 0.00030106501124468085}, {"l": "Onions", "v": 0.00050940199902599998}, {"l": "Cassava", "v": 0.0047229324413006627}]}, {"source": 7, "prod": 1.0, "target": 3, "value": 0.00032780051417374519, "supply": [{"l": "Sugar cane", "v": 0.00032780051417374519}]}, {"source": 8, "prod": 7.0, "target": 3, "value": 0.021149249331005364, "supply": [{"l": "Sugar", "v": 0.019295530266136368}, {"l": "Sweeteners, Other", "v": 0.0018537190648689956}]}, {"source": 9, "prod": 16.0, "target": 3, "value": 0.014632830157518997, "supply": [{"l": "Pelagic Fish", "v": 0.0053414116895662252}, {"l": "Fish, Seafood", "v": 0.0074495758851418547}, {"l": "Marine Fish, Other", "v": 0.0014451120539744683}, {"l": "Crustaceans", "v": 0.00039673052883644857}]}, {"source": 5, "prod": 2.0, "target": 10, "value": 0.0062188142131624205, "supply": [{"l": "Barley", "v": 0.0062188142131624205}]}, {"source": 6, "prod": 23.0, "target": 10, "value": 0.029710233708747417, "supply": [{"l": "Coconuts - Incl Copra", "v": 0.029710233708747417}]}, {"source": 2, "prod": 3.0, "target": 11, "value": 0.0015087804487997039, "supply": [{"l": "Beer", "v": 0.0015087804487997039}]}, {"source": 4, "prod": 3.0, "target": 11, "value": 0.0055567485019436189, "supply": [{"l": "Milk - Excluding Butter", "v": 0.00094361294545130159}, {"l": "Bovine Meat", "v": 0.0046131355564923175}]}, {"source": 5, "prod": 6.0, "target": 11, "value": 0.018266999338702475, "supply": [{"l": "Wheat", "v": 0.018266999338702475}]}, {"source": 6, "prod": 19.0, "target": 11, "value": 0.024543236542008736, "supply": [{"l": "Coconuts - Incl Copra", "v": 0.024543236542008736}]}, {"source": 0, "prod": 4.0, "target": 11, "value": 0.0021797692518404524, "supply": [{"l": "Bananas", "v": 0.0014664447986957221}, {"l": "Vegetables, Other", "v": 0.00032594277817020115}, {"l": "Fruits, Other", "v": 0.0003873816749745293}]}, {"source": 8, "prod": 2.0, "target": 11, "value": 0.0064318434220454555, "supply": [{"l": "Sugar", "v": 0.0064318434220454555}]}, {"source": 12, "prod": 1.0, "target": 11, "value": 0.01017811011699123, "supply": [{"l": "Groundnut Oil", "v": 0.01017811011699123}]}, {"source": 0, "prod": 4.0, "target": 13, "value": 0.0027939806951330077, "supply": [{"l": "Roots, Other", "v": 0.00094015422146275635}, {"l": "Fruits, Other", "v": 0.0003873816749745293}, {"l": "Bananas", "v": 0.0014664447986957221}]}, {"source": 6, "prod": 4.0, "target": 13, "value": 0.0051669971667386806, "supply": [{"l": "Coconuts - Incl Copra", "v": 0.0051669971667386806}]}, {"source": 14, "prod": 20.0, "target": 10, "value": 0.055104649492886452, "supply": [{"l": "Sugar", "v": 0.025727373688181822}, {"l": "Beer", "v": 0.0015087804487997039}, {"l": "Groundnut Oil", "v": 0.01017811011699123}, {"l": "Beverages, Alcoholic", "v": 0.0033960133268400002}, {"l": "Butter, Ghee", "v": 0.0084045631830352348}, {"l": "Wine", "v": 0.0040360896641694639}, {"l": "Sweeteners, Other", "v": 0.0018537190648689956}]}, {"source": 14, "prod": 25.0, "target": 5, "value": 0.081117991758893213, "supply": [{"l": "Barley", "v": 0.0062188142131624205}, {"l": "Rice", "v": 0.0170536796398396}, {"l": "Wheat", "v": 0.057845497905891191}]}, {"source": 14, "prod": 28.0, "target": 1, "value": 0.038148971914309777, "supply": [{"l": "Pigmeat", "v": 0.0039740581484297884}, {"l": "Milk - Excluding Butter", "v": 0.0075489035636104127}, {"l": "Fish, Seafood", "v": 0.0055871819138563917}, {"l": "Pelagic Fish", "v": 0.0053414116895662252}, {"l": "Crustaceans", "v": 0.00039673052883644857}, {"l": "Poultry Meat", "v": 0.0014612794005335631}, {"l": "Bovine Meat", "v": 0.01383940666947695}]}, {"source": 14, "prod": 14.0, "target": 0, "value": 0.0070375512097937826, "supply": [{"l": "Potatoes", "v": 0.0036391477378672384}, {"l": "Fruits, Other", "v": 0.00077476334994905859}, {"l": "Vegetables, Other", "v": 0.0013037711126808046}, {"l": "Oranges, Mandarines", "v": 0.00030106501124468085}, {"l": "Onions", "v": 0.00050940199902599998}, {"l": "Apples", "v": 0.00050940199902599998}]}, {"source": 0, "prod": 7.0, "target": 15, "value": 0.014895252166260184, "supply": [{"l": "Roots, Other", "v": 0.00094015422146275635}, {"l": "Bananas", "v": 0.002199667198043583}, {"l": "Cocoa Beans", "v": 0.011755430746753845}]}, {"source": 6, "prod": 155.0, "target": 15, "value": 0.20022114021112386, "supply": [{"l": "Coconuts - Incl Copra", "v": 0.20022114021112386}]}, {"source": 12, "prod": 1.0, "target": 16, "value": 0.010348548073082092, "supply": [{"l": "Coconut Oil", "v": 0.010348548073082092}]}, {"source": 6, "prod": 2.0, "target": 16, "value": 0.0025834985833693403, "supply": [{"l": "Coconuts - Incl Copra", "v": 0.0025834985833693403}]}, {"source": 17, "prod": 2.0, "target": 5, "value": 0.0060889997795674925, "supply": [{"l": "Wheat", "v": 0.0060889997795674925}]}, {"source": 1, "prod": 16.0, "target": 9, "value": 0.014632830157518997, "supply": [{"l": "Crustaceans", "v": 0.00039673052883644857}, {"l": "Pelagic Fish", "v": 0.0053414116895662252}, {"l": "Marine Fish, Other", "v": 0.0014451120539744683}, {"l": "Fish, Seafood", "v": 0.0074495758851418547}]}, {"source": 1, "prod": 20.0, "target": 4, "value": 0.034789579903613789, "supply": [{"l": "Poultry Meat", "v": 0.0014612794005335631}, {"l": "Pigmeat", "v": 0.0079481162968595767}, {"l": "Bovine Meat", "v": 0.013839406669476952}, {"l": "Eggs", "v": 0.0017036856154715721}, {"l": "Milk - Excluding Butter", "v": 0.008492516509061715}, {"l": "Offals, Edible", "v": 0.0013445754122104073}]}, {"source": 10, "prod": 15.0, "target": 2, "value": 0.019555789587609916, "supply": [{"l": "Beer", "v": 0.0045263413463991122}, {"l": "Beverages, Alcoholic", "v": 0.0033960133268400002}, {"l": "Butter, Ghee", "v": 0.0084045631830352348}, {"l": "Wine", "v": 0.003228871731335571}]}, {"source": 10, "prod": 2.0, "target": 12, "value": 0.020526658190073321, "supply": [{"l": "Coconut Oil", "v": 0.010348548073082092}, {"l": "Groundnut Oil", "v": 0.01017811011699123}]}, {"source": 10, "prod": 9.0, "target": 8, "value": 0.027581092753050818, "supply": [{"l": "Sweeteners, Other", "v": 0.0018537190648689956}, {"l": "Sugar", "v": 0.025727373688181822}]}, {"source": 18, "prod": 0, "target": 0, "value": 0.0026616390414640665, "supply": [{"l": "Motor Gasoline", "v": 0.00035626128372502207}, {"l": "Gas-Diesel oil", "v": 0.0023053777577390446}]}, {"source": 18, "prod": 0, "target": 7, "value": 4.0739373083633673e-05, "supply": [{"l": "Motor Gasoline", "v": 5.4529788325258486e-06}, {"l": "Gas-Diesel oil", "v": 3.5286394251107828e-05}]}, {"source": 18, "prod": 0, "target": 6, "value": 0.0061380655446008061, "supply": [{"l": "Motor Gasoline", "v": 0.00082158214410056108}, {"l": "Gas-Diesel oil", "v": 0.0053164834005002453}]}, {"source": 19, "prod": 0.98559724273756777, "target": 0, "value": 0.012364378110444049, "supply": [{"l": "Potash", "v": 0.00087514074144085332}, {"l": "Phosphate", "v": 0.0042756666700871993}, {"l": "Nitrogen", "v": 0.037556763918934297}]}, {"source": 19, "prod": 0.015085672082717876, "target": 7, "value": 0.00018925068536393953, "supply": [{"l": "Potash", "v": 0.00087514074144085332}, {"l": "Phosphate", "v": 0.0042756666700871993}, {"l": "Nitrogen", "v": 0.037556763918934297}]}, {"source": 19, "prod": 2.2729079271294927, "target": 6, "value": 0.028513769928166885, "supply": [{"l": "Potash", "v": 0.00087514074144085332}, {"l": "Phosphate", "v": 0.0042756666700871993}, {"l": "Nitrogen", "v": 0.037556763918934297}]}, {"source": 18, "prod": 0, "target": 19, "value": 0.05103181424394472, "supply": [{"l": "Natural gas (including LNG)", "v": 0.034689492980974249}, {"l": "Fuel oil", "v": 0.009703367546148008}, {"l": "Liquefied petroleum gas (LPG)", "v": 0.0033194768584112314}, {"l": "Coal", "v": 0.0033194768584112314}]}, {"source": 20, "prod": 0, "target": 5, "value": 0.0015445898762507313, "supply": "[{\"l\":'Labor',\"v\":0.0015445898762507313}]"}, {"source": 20, "prod": 0, "target": 6, "value": 0.026852100925589636, "supply": "[{\"l\":'Labor',\"v\":0.026852100925589636}]"}, {"source": 20, "prod": 0, "target": 0, "value": 0.011643831374813205, "supply": "[{\"l\":'Labor',\"v\":0.011643831374813205}]"}, {"source": 20, "prod": 0, "target": 7, "value": 0.00017822190879816132, "supply": "[{\"l\":'Labor',\"v\":0.00017822190879816132}]"}, {"source": 18, "prod": 0, "target": 14, "value": 0.47606171474290088, "supply": "[{\"l\":'Fossil Fuels',\"v\":0.47606171474290088}]"}, {"source": 21, "prod": 0, "target": 14, "value": 0.026710168040981773, "supply": "[{\"l\":'Renewables & Nuclear',\"v\":0.015375506689924403},{\"l\":'Biomass & Waste',\"v\":0.011334661351057368}]"}]}