{"nodes": [{"layer": 3, "name": "Vegetables"}, {"layer": 5, "name": "Production", "fill": "#b5cf6b"}, {"layer": 3, "name": "Sugar Crops", "fill": "#ffbb78"}, {"layer": 3, "name": "Starchy Roots"}, {"layer": 3, "name": "Fruits - Excluding Wine"}, {"layer": 3, "name": "Stimulants"}, {"layer": 3, "name": "Oilcrops", "fill": "#ff9896"}, {"layer": 0, "name": "Fossil Fuels", "fill": "#c49c94"}, {"layer": 1, "name": "Fertilizers", "fill": "#c5b0d5"}, {"layer": 0, "name": "Labor", "fill": "#7f7f7f"}], "links": [{"source": 0, "prod": 5.0, "target": 1, "value": 0.0013333487637088993, "supply": [{"l": "Vegetables, Other", "v": 0.0011542341367658613}, {"l": "Tomatoes", "v": 0.000179114626943038}]}, {"source": 2, "prod": 2.0, "target": 1, "value": 0.00072564387325641021, "supply": [{"l": "Sugar cane", "v": 0.00072564387325641021}]}, {"source": 3, "prod": 45.0, "target": 1, "value": 0.043801366403841205, "supply": [{"l": "Potatoes", "v": 0.00073067037363790945}, {"l": "Yams", "v": 0.001041721879398773}, {"l": "Roots, Other", "v": 0.034973544801413944}, {"l": "Cassava", "v": 0.0070554293493905827}]}, {"source": 4, "prod": 56.0, "target": 1, "value": 0.028802506696653914, "supply": [{"l": "Fruits, Other", "v": 0.0099411241987530131}, {"l": "Citrus, Other", "v": 0.00028779773956271186}, {"l": "Pineapples", "v": 0.0017125372827891197}, {"l": "Bananas", "v": 0.016861047475549066}]}, {"source": 5, "prod": 2.0, "target": 1, "value": 0.011428891003788461, "supply": [{"l": "Cocoa Beans", "v": 0.011428891003788461}]}, {"source": 6, "prod": 256.0, "target": 1, "value": 0.33165188868971923, "supply": [{"l": "Coconuts - Incl Copra", "v": 0.33165188868971923}]}, {"source": 7, "prod": 0, "target": 6, "value": 0.0060738669952427925, "supply": [{"l": "Motor Gasoline", "v": 0.0008129891466086888}, {"l": "Gas-Diesel oil", "v": 0.0052608778486341037}]}, {"source": 7, "prod": 0, "target": 0, "value": 0.00017725292787673519, "supply": [{"l": "Motor Gasoline", "v": 2.3725364200642667e-05}, {"l": "Gas-Diesel oil", "v": 0.00015352756367609255}]}, {"source": 7, "prod": 0, "target": 2, "value": 4.7267447433796048e-05, "supply": [{"l": "Motor Gasoline", "v": 6.3267637868380449e-06}, {"l": "Gas-Diesel oil", "v": 4.0940683646958005e-05}]}, {"source": 7, "prod": 0, "target": 3, "value": 0.0011226018765526562, "supply": [{"l": "Motor Gasoline", "v": 0.00015026063993740357}, {"l": "Gas-Diesel oil", "v": 0.00097234123661525272}]}, {"source": 7, "prod": 0, "target": 4, "value": 0.0013707559755800854, "supply": [{"l": "Motor Gasoline", "v": 0.00018347614981830331}, {"l": "Gas-Diesel oil", "v": 0.0011872798257617824}]}, {"source": 7, "prod": 0, "target": 5, "value": 4.7267447433796048e-05, "supply": [{"l": "Motor Gasoline", "v": 6.3267637868380449e-06}, {"l": "Gas-Diesel oil", "v": 4.0940683646958005e-05}]}, {"source": 8, "prod": 2.2491353898886035, "target": 6, "value": 0.028215541984392863, "supply": [{"l": "Potash", "v": 0.00087514074144085332}, {"l": "Phosphate", "v": 0.0042756666700871993}, {"l": "Nitrogen", "v": 0.037556763918934297}]}, {"source": 8, "prod": 0.065636246786632393, "target": 0, "value": 0.00082341075829940266, "supply": [{"l": "Potash", "v": 0.00087514074144085332}, {"l": "Phosphate", "v": 0.0042756666700871993}, {"l": "Nitrogen", "v": 0.037556763918934297}]}, {"source": 8, "prod": 0.017502999143101973, "target": 2, "value": 0.00021957620221317402, "supply": [{"l": "Potash", "v": 0.00087514074144085332}, {"l": "Phosphate", "v": 0.0042756666700871993}, {"l": "Nitrogen", "v": 0.037556763918934297}]}, {"source": 8, "prod": 0.41569622964867187, "target": 3, "value": 0.0052149348025628834, "supply": [{"l": "Potash", "v": 0.00087514074144085332}, {"l": "Phosphate", "v": 0.0042756666700871993}, {"l": "Nitrogen", "v": 0.037556763918934297}]}, {"source": 8, "prod": 0.50758697514995721, "target": 4, "value": 0.0063677098641820471, "supply": [{"l": "Potash", "v": 0.00087514074144085332}, {"l": "Phosphate", "v": 0.0042756666700871993}, {"l": "Nitrogen", "v": 0.037556763918934297}]}, {"source": 8, "prod": 0.017502999143101973, "target": 5, "value": 0.00021957620221317402, "supply": [{"l": "Potash", "v": 0.00087514074144085332}, {"l": "Phosphate", "v": 0.0042756666700871993}, {"l": "Nitrogen", "v": 0.037556763918934297}]}, {"source": 7, "prod": 0, "target": 8, "value": 0.05103181424394472, "supply": [{"l": "Natural gas (including LNG)", "v": 0.034689492980974249}, {"l": "Fuel oil", "v": 0.009703367546148008}, {"l": "Liquefied petroleum gas (LPG)", "v": 0.0033194768584112314}, {"l": "Coal", "v": 0.0033194768584112314}]}, {"source": 9, "prod": 0, "target": 6, "value": 0.032938469115567491, "supply": "[{\"l\":'Labor',\"v\":0.032938469115567491}]"}, {"source": 9, "prod": 0, "target": 0, "value": 0.00096123937107687237, "supply": "[{\"l\":'Labor',\"v\":0.00096123937107687237}]"}, {"source": 9, "prod": 0, "target": 2, "value": 0.0002563304989538326, "supply": "[{\"l\":'Labor',\"v\":0.0002563304989538326}]"}, {"source": 9, "prod": 0, "target": 3, "value": 0.0060878493501535253, "supply": "[{\"l\":'Labor',\"v\":0.0060878493501535253}]"}, {"source": 9, "prod": 0, "target": 4, "value": 0.0074335844696611468, "supply": "[{\"l\":'Labor',\"v\":0.0074335844696611468}]"}, {"source": 9, "prod": 0, "target": 5, "value": 0.0002563304989538326, "supply": "[{\"l\":'Labor',\"v\":0.0002563304989538326}]"}]}