{"nodes": [{"name": "Balance", "fill": "#9edae5"}, {"name": "Food", "fill": "#b5cf6b"}, {"name": "Stock Deposit", "fill": "#c7c7c7"}, {"name": "Export", "fill": "#aec7e8"}, {"name": "Biofuels & Other", "fill": "#e7ba52"}, {"name": "Crop Residue", "fill": "#bd9e39"}, {"name": "Renewables & Nuclear", "fill": "#2ca02c"}, {"name": "Fossil Fuels", "fill": "#c49c94"}, {"name": "Stock Draw", "fill": "#c7c7c7"}, {"name": "Labor", "fill": "#7f7f7f"}], "links": [{"source": 0, "target": 1, "value": 0.33485200295036932}, {"source": 0, "target": 2, "value": 0.01503587201280447}, {"source": 0, "target": 3, "value": 0.23626578713165661}, {"source": 0, "target": 4, "value": 0.090575006116123485}, {"source": 0, "target": 5, "value": 1.1143010809372798}, {"source": 6, "target": 0, "value": 0.20239835591983374}, {"source": 7, "target": 0, "value": 0.9699366226228503}, {"source": 8, "target": 0, "value": 0.0094324394945037998}, {"source": 9, "target": 0, "value": 0.055449317240406942}]}