{"nodes": [{"layer": 5, "name": "Fruits, Roots & Vegetables", "fill": "#98df8a"}, {"layer": 10, "name": "Feed", "fill": "#dbdb8d"}, {"layer": 13, "name": "Other Processed", "fill": "#9c9ede"}, {"layer": 16, "name": "Food", "fill": "#b5cf6b"}, {"layer": 13, "name": "Animal Products", "fill": "#17becf"}, {"layer": 5, "name": "Cereals", "fill": "#e7ba52"}, {"layer": 5, "name": "Oilcrops", "fill": "#ff9896"}, {"layer": 5, "name": "Sugar Crops", "fill": "#ffbb78"}, {"layer": 13, "name": "Sugar", "fill": "#d6616b"}, {"layer": 13, "name": "Aquatic Products", "fill": "#1f77b4"}, {"layer": 10, "name": "Processing", "fill": "#9edae5"}, {"layer": 16, "name": "Biofuels & Other", "fill": "#e7ba52"}, {"name": "Waste", "fill": "#c7c7c7"}, {"layer": 0, "name": "Import", "fill": "#aec7e8"}, {"layer": 16, "name": "Export", "fill": "#aec7e8"}, {"layer": 16, "name": "Stock Deposit", "fill": "#c7c7c7"}, {"layer": 0, "name": "Production", "fill": "#b5cf6b"}], "links": [{"source": 0, "prod": 0.0079156682034241272, "target": 1, "value": 9.0, "supply": [{"l": "Roots, Other", "v": 2.0}, {"l": "Bananas", "v": 5.0}, {"l": "Cassava", "v": 2.0}]}, {"source": 2, "prod": 0.001773900715378875, "target": 3, "value": 3.0, "supply": [{"l": "Beer", "v": 2.0}, {"l": "Wine", "v": 1.0}]}, {"source": 4, "prod": 0.02133399133063343, "target": 3, "value": 11.0, "supply": [{"l": "Pigmeat", "v": 2.0}, {"l": "Milk - Excluding Butter", "v": 4.0}, {"l": "Bovine Meat", "v": 3.0}, {"l": "Poultry Meat", "v": 1.0}, {"l": "Offals, Edible", "v": 1.0}]}, {"source": 5, "prod": 0.052435904824624416, "target": 3, "value": 16.0, "supply": [{"l": "Rice", "v": 3.0}, {"l": "Wheat", "v": 13.0}]}, {"source": 6, "prod": 0.024450884148883391, "target": 3, "value": 19.0, "supply": [{"l": "Coconuts - Incl Copra", "v": 19.0}]}, {"source": 0, "prod": 0.040619006183666879, "target": 3, "value": 58.0, "supply": [{"l": "Vegetables, Other", "v": 4.0}, {"l": "Potatoes", "v": 2.0}, {"l": "Fruits, Other", "v": 15.0}, {"l": "Yams", "v": 1.0}, {"l": "Citrus, Other", "v": 1.0}, {"l": "Pineapples", "v": 3.0}, {"l": "Bananas", "v": 5.0}, {"l": "Roots, Other", "v": 23.0}, {"l": "Cassava", "v": 4.0}]}, {"source": 7, "prod": 0.00035228354012863068, "target": 3, "value": 1.0, "supply": [{"l": "Sugar cane", "v": 1.0}]}, {"source": 8, "prod": 0.011791712940416669, "target": 3, "value": 5.0, "supply": [{"l": "Sugar", "v": 5.0}]}, {"source": 9, "prod": 0.013866440594334265, "target": 3, "value": 15.0, "supply": [{"l": "Pelagic Fish", "v": 5.0}, {"l": "Fish, Seafood", "v": 8.0}, {"l": "Marine Fish, Other", "v": 2.0}]}, {"source": 5, "prod": 0.003009914012174817, "target": 10, "value": 1.0, "supply": [{"l": "Barley", "v": 1.0}]}, {"source": 6, "prod": 0.011581997754734237, "target": 10, "value": 9.0, "supply": [{"l": "Coconuts - Incl Copra", "v": 9.0}]}, {"source": 0, "prod": 0.0033243333740302851, "target": 11, "value": 5.0, "supply": [{"l": "Bananas", "v": 4.0}, {"l": "Fruits, Other", "v": 1.0}]}, {"source": 2, "prod": 0.00049941372453529416, "target": 11, "value": 1.0, "supply": [{"l": "Beer", "v": 1.0}]}, {"source": 4, "prod": 0.002304986420932127, "target": 11, "value": 1.0, "supply": [{"l": "Bovine Meat", "v": 1.0}]}, {"source": 5, "prod": 0.0061014000902706424, "target": 11, "value": 2.0, "supply": [{"l": "Wheat", "v": 2.0}]}, {"source": 6, "prod": 0.015442663672978984, "target": 11, "value": 12.0, "supply": [{"l": "Coconuts - Incl Copra", "v": 12.0}]}, {"source": 0, "prod": 0.0042641894607941232, "target": 12, "value": 6.0, "supply": [{"l": "Roots, Other", "v": 1.0}, {"l": "Fruits, Other", "v": 1.0}, {"l": "Bananas", "v": 4.0}]}, {"source": 6, "prod": 0.006434443197074576, "target": 12, "value": 5.0, "supply": [{"l": "Coconuts - Incl Copra", "v": 5.0}]}, {"source": 13, "prod": 0.015700202061116574, "target": 10, "value": 8.0, "supply": [{"l": "Sugar", "v": 6.0}, {"l": "Wine", "v": 2.0}]}, {"source": 13, "prod": 0.058496518881934564, "target": 5, "value": 18.0, "supply": [{"l": "Wheat", "v": 14.0}, {"l": "Barley", "v": 1.0}, {"l": "Rice", "v": 3.0}]}, {"source": 13, "prod": 0.017400776313864563, "target": 1, "value": 14.0, "supply": [{"l": "Pelagic Fish", "v": 4.0}, {"l": "Bovine Meat", "v": 3.0}, {"l": "Milk - Excluding Butter", "v": 3.0}, {"l": "Fish, Seafood", "v": 4.0}]}, {"source": 13, "prod": 0.0021873923520115413, "target": 0, "value": 4.0, "supply": [{"l": "Vegetables, Other", "v": 1.0}, {"l": "Fruits, Other", "v": 1.0}, {"l": "Potatoes", "v": 2.0}]}, {"source": 0, "prod": 0.02867583260343632, "target": 14, "value": 22.0, "supply": [{"l": "Cocoa Beans", "v": 4.0}, {"l": "Bananas", "v": 18.0}]}, {"source": 6, "prod": 0.28568927795011123, "target": 14, "value": 222.0, "supply": [{"l": "Coconuts - Incl Copra", "v": 222.0}]}, {"source": 0, "prod": 0.003859106053227273, "target": 15, "value": 1.0, "supply": [{"l": "Cocoa Beans", "v": 1.0}]}, {"source": 6, "prod": 0.0051475545576596619, "target": 15, "value": 4.0, "supply": [{"l": "Coconuts - Incl Copra", "v": 4.0}]}, {"source": 16, "prod": 0.35003370992085697, "target": 6, "value": 272.0, "supply": [{"l": "Coconuts - Incl Copra", "v": 272.0}]}, {"source": 16, "prod": 0.082472273293421564, "target": 0, "value": 97.0, "supply": [{"l": "Roots, Other", "v": 26.0}, {"l": "Bananas", "v": 36.0}, {"l": "Potatoes", "v": 1.0}, {"l": "Vegetables, Other", "v": 3.0}, {"l": "Fruits, Other", "v": 16.0}, {"l": "Yams", "v": 1.0}, {"l": "Citrus, Other", "v": 1.0}, {"l": "Pineapples", "v": 4.0}, {"l": "Cocoa Beans", "v": 4.0}, {"l": "Cassava", "v": 5.0}]}, {"source": 16, "prod": 0.00035228354012863068, "target": 7, "value": 1.0, "supply": [{"l": "Sugar cane", "v": 1.0}]}, {"source": 1, "prod": 0.013866440594334265, "target": 9, "value": 15.0, "supply": [{"l": "Pelagic Fish", "v": 5.0}, {"l": "Marine Fish, Other", "v": 2.0}, {"l": "Fish, Seafood", "v": 8.0}]}, {"source": 1, "prod": 0.023638977751565558, "target": 4, "value": 12.0, "supply": [{"l": "Milk - Excluding Butter", "v": 4.0}, {"l": "Bovine Meat", "v": 4.0}, {"l": "Pigmeat", "v": 2.0}, {"l": "Offals, Edible", "v": 1.0}, {"l": "Poultry Meat", "v": 1.0}]}, {"source": 10, "prod": 0.0022733144399141691, "target": 2, "value": 4.0, "supply": [{"l": "Beer", "v": 3.0}, {"l": "Wine", "v": 1.0}]}, {"source": 10, "prod": 0.011791712940416669, "target": 8, "value": 5.0, "supply": [{"l": "Sugar", "v": 5.0}]}]}