{"nodes": [{"layer": 5, "name": "Fruits, Roots & Vegetables", "fill": "#98df8a"}, {"layer": 10, "name": "Feed", "fill": "#dbdb8d"}, {"layer": 5, "name": "Cereals", "fill": "#e7ba52"}, {"layer": 13, "name": "Other Processed", "fill": "#9c9ede"}, {"layer": 16, "name": "Food", "fill": "#b5cf6b"}, {"layer": 13, "name": "Animal Products", "fill": "#17becf"}, {"layer": 5, "name": "Oilcrops", "fill": "#ff9896"}, {"layer": 5, "name": "Sugar Crops", "fill": "#ffbb78"}, {"layer": 13, "name": "Sugar", "fill": "#d6616b"}, {"layer": 13, "name": "Aquatic Products", "fill": "#1f77b4"}, {"layer": 10, "name": "Processing", "fill": "#9edae5"}, {"layer": 16, "name": "Biofuels & Other", "fill": "#e7ba52"}, {"name": "Waste", "fill": "#c7c7c7"}, {"layer": 2, "name": "Import", "fill": "#aec7e8"}, {"layer": 16, "name": "Export", "fill": "#aec7e8"}, {"layer": 13, "name": "Vegetable Oils", "fill": "#f7b6d2"}, {"layer": 16, "name": "Stock Deposit", "fill": "#c7c7c7"}, {"layer": 0, "name": "Stock Draw", "fill": "#c7c7c7"}, {"layer": 0, "name": "Fossil Fuels", "fill": "#c49c94"}, {"layer": 2, "name": "Fertilizers", "fill": "#c5b0d5"}, {"layer": 0, "name": "Labor", "fill": "#7f7f7f"}, {"layer": 0, "name": "Renewables & Nuclear", "fill": "#2ca02c"}], "links": [{"source": 0, "prod": 8.0, "target": 1, "value": 0.0073845198271425784, "supply": [{"l": "Roots, Other", "v": 0.0028221717397562329}, {"l": "Bananas", "v": 0.002208789155668293}, {"l": "Cassava", "v": 0.0023535589317180529}]}, {"source": 2, "prod": 4.0, "target": 1, "value": 0.014074038346075211, "supply": [{"l": "Maize", "v": 0.014074038346075211}]}, {"source": 3, "prod": 13.0, "target": 4, "value": 0.018578887811409601, "supply": [{"l": "Beer", "v": 0.0035085968749141694}, {"l": "Beverages, Alcoholic", "v": 0.0035067528918456521}, {"l": "Butter, Ghee", "v": 0.0083669893559826097}, {"l": "Wine", "v": 0.0031965486886671689}]}, {"source": 5, "prod": 27.0, "target": 4, "value": 0.049610551486931873, "supply": [{"l": "Pigmeat", "v": 0.011766078781850544}, {"l": "Mutton & Goat Meat", "v": 0.0058828577315338595}, {"l": "Milk - Excluding Butter", "v": 0.010591738568378748}, {"l": "Meat, Other", "v": 0.0047417739271037231}, {"l": "Poultry Meat", "v": 0.0062444375175275809}, {"l": "Bovine Meat", "v": 0.0073826376670434778}, {"l": "Eggs", "v": 0.0016379485499228295}, {"l": "Offals, Edible", "v": 0.0013630787435711012}]}, {"source": 2, "prod": 27.0, "target": 4, "value": 0.089230787601645378, "supply": [{"l": "Oats", "v": 0.0024728252379902912}, {"l": "Rice", "v": 0.025602069381099483}, {"l": "Wheat", "v": 0.061155892982555596}]}, {"source": 6, "prod": 32.0, "target": 4, "value": 0.041364675306425146, "supply": [{"l": "Coconuts - Incl Copra", "v": 0.041364675306425146}]}, {"source": 0, "prod": 105.0, "target": 4, "value": 0.070720175686115938, "supply": [{"l": "Roots, Other", "v": 0.036688232616831032}, {"l": "Potatoes", "v": 0.0024947392676180034}, {"l": "Fruits, Other", "v": 0.0095179265062300226}, {"l": "Yams", "v": 0.0010176409797893835}, {"l": "Citrus, Other", "v": 0.0003228149550228137}, {"l": "Apples", "v": 0.00046648534709340663}, {"l": "Tomatoes", "v": 0.00022167188817493478}, {"l": "Coffee", "v": 0.00054423290494230768}, {"l": "Pineapples", "v": 0.0017146633935285634}, {"l": "Bananas", "v": 0.0080988935707837408}, {"l": "Vegetables, Other", "v": 0.0028023337354731053}, {"l": "Oranges, Mandarines", "v": 0.00049504567446647242}, {"l": "Onions", "v": 0.00045159751686702133}, {"l": "Cassava", "v": 0.0058838973292951327}]}, {"source": 7, "prod": 2.0, "target": 4, "value": 0.00074912058680294113, "supply": [{"l": "Sugar cane", "v": 0.00074912058680294113}]}, {"source": 8, "prod": 8.0, "target": 4, "value": 0.026531354115937499, "supply": [{"l": "Sugar", "v": 0.023214934851445313}, {"l": "Honey", "v": 0.0033164192644921874}]}, {"source": 9, "prod": 22.0, "target": 4, "value": 0.020989568787122992, "supply": [{"l": "Pelagic Fish", "v": 0.0041113962794673128}, {"l": "Fish, Seafood", "v": 0.010722500772926634}, {"l": "Molluscs, Other", "v": 0.0002294603599216216}, {"l": "Marine Fish, Other", "v": 0.0059262113748074262}]}, {"source": 2, "prod": 3.0, "target": 10, "value": 0.0074912058680294122, "supply": [{"l": "Barley", "v": 0.0074912058680294122}]}, {"source": 6, "prod": 129.0, "target": 10, "value": 0.16675134732902638, "supply": [{"l": "Coconuts - Incl Copra", "v": 0.16675134732902638}]}, {"source": 3, "prod": 4.0, "target": 11, "value": 0.0098782070346877058, "supply": [{"l": "Fats, Animals, Raw", "v": 0.0083745226597244909}, {"l": "Beer", "v": 0.0015036843749632153}]}, {"source": 5, "prod": 4.0, "target": 11, "value": 0.0074457531484756149, "supply": [{"l": "Poultry Meat", "v": 0.0015611093793818952}, {"l": "Milk - Excluding Butter", "v": 0.000962885324398068}, {"l": "Bovine Meat", "v": 0.0049217584446956519}]}, {"source": 2, "prod": 7.0, "target": 11, "value": 0.022613779458283259, "supply": [{"l": "Wheat", "v": 0.018346767894766677}, {"l": "Rice", "v": 0.0042670115635165809}]}, {"source": 6, "prod": 19.0, "target": 11, "value": 0.02456027596318993, "supply": [{"l": "Coconuts - Incl Copra", "v": 0.02456027596318993}]}, {"source": 0, "prod": 9.0, "target": 11, "value": 0.0061051284273136979, "supply": [{"l": "Pineapples", "v": 0.00034293267870571273}, {"l": "Bananas", "v": 0.0014725261037788621}, {"l": "Potatoes", "v": 0.00083157975587266788}, {"l": "Vegetables, Other", "v": 0.00031137041505256723}, {"l": "Fruits, Other", "v": 0.00079316054218583518}, {"l": "Cassava", "v": 0.0023535589317180529}]}, {"source": 8, "prod": 5.0, "target": 11, "value": 0.016582096322460937, "supply": [{"l": "Sugar", "v": 0.016582096322460937}]}, {"source": 0, "prod": 5.0, "target": 12, "value": 0.0031527629668295703, "supply": [{"l": "Pineapples", "v": 0.00034293267870571273}, {"l": "Bananas", "v": 0.0014725261037788621}, {"l": "Roots, Other", "v": 0.00094072391325207767}, {"l": "Fruits, Other", "v": 0.00039658027109291759}]}, {"source": 7, "prod": 1.0, "target": 12, "value": 0.00037456029340147056, "supply": [{"l": "Sugar cane", "v": 0.00037456029340147056}]}, {"source": 6, "prod": 9.0, "target": 12, "value": 0.011633814929932072, "supply": [{"l": "Coconuts - Incl Copra", "v": 0.011633814929932072}]}, {"source": 13, "prod": 23.0, "target": 10, "value": 0.084935143692473763, "supply": [{"l": "Sugar", "v": 0.039797031173906254}, {"l": "Beer", "v": 0.00050122812498773841}, {"l": "Groundnut Oil", "v": 0.010122732031926922}, {"l": "Beverages, Alcoholic", "v": 0.0035067528918456521}, {"l": "Butter, Ghee", "v": 0.0083669893559826097}, {"l": "Wine", "v": 0.0039956858608339611}, {"l": "Fats, Animals, Raw", "v": 0.0083745226597244909}, {"l": "Soyabean Oil", "v": 0.01027020159326613}]}, {"source": 13, "prod": 42.0, "target": 2, "value": 0.13767682283754981, "supply": [{"l": "Maize", "v": 0.014074038346075211}, {"l": "Oats", "v": 0.0024728252379902912}, {"l": "Rice", "v": 0.034136092508132647}, {"l": "Wheat", "v": 0.079502660877322273}, {"l": "Barley", "v": 0.0074912058680294122}]}, {"source": 13, "prod": 37.0, "target": 1, "value": 0.053322841235785713, "supply": [{"l": "Pigmeat", "v": 0.0039220262606168479}, {"l": "Molluscs, Other", "v": 0.0002294603599216216}, {"l": "Mutton & Goat Meat", "v": 0.0058828577315338595}, {"l": "Milk - Excluding Butter", "v": 0.0096288532439806791}, {"l": "Fish, Seafood", "v": 0.0068234095827714933}, {"l": "Meat, Other", "v": 0.0047417739271037231}, {"l": "Pelagic Fish", "v": 0.0020556981397336564}, {"l": "Bovine Meat", "v": 0.0098435168893913037}, {"l": "Poultry Meat", "v": 0.0062444375175275809}, {"l": "Marine Fish, Other", "v": 0.0039508075832049502}]}, {"source": 13, "prod": 20.0, "target": 0, "value": 0.01020892390420154, "supply": [{"l": "Potatoes", "v": 0.0033263190234906715}, {"l": "Fruits, Other", "v": 0.00079316054218583518}, {"l": "Apples", "v": 0.00046648534709340663}, {"l": "Tomatoes", "v": 0.00022167188817493478}, {"l": "Coffee", "v": 0.00054423290494230768}, {"l": "Vegetables, Other", "v": 0.0015568520752628364}, {"l": "Oranges, Mandarines", "v": 0.00049504567446647242}, {"l": "Cassava", "v": 0.0023535589317180529}, {"l": "Onions", "v": 0.00045159751686702133}]}, {"source": 0, "prod": 8.0, "target": 14, "value": 0.013628155290522753, "supply": [{"l": "Bananas", "v": 0.0014725261037788621}, {"l": "Cocoa Beans", "v": 0.0089368771758947391}, {"l": "Roots, Other", "v": 0.0028221717397562329}, {"l": "Fruits, Other", "v": 0.00039658027109291759}]}, {"source": 3, "prod": 1.0, "target": 14, "value": 0.00050122812498773841, "supply": [{"l": "Beer", "v": 0.00050122812498773841}]}, {"source": 15, "prod": 12.0, "target": 14, "value": 0.12464091465529786, "supply": [{"l": "Coconut Oil", "v": 0.12464091465529786}]}, {"source": 6, "prod": 154.0, "target": 14, "value": 0.19906749991217101, "supply": [{"l": "Coconuts - Incl Copra", "v": 0.19906749991217101}]}, {"source": 2, "prod": 1.0, "target": 16, "value": 0.0042670115635165809, "supply": [{"l": "Rice", "v": 0.0042670115635165809}]}, {"source": 17, "prod": 11.0, "target": 6, "value": 0.014219107136583644, "supply": [{"l": "Coconuts - Incl Copra", "v": 0.014219107136583644}]}, {"source": 1, "prod": 22.0, "target": 9, "value": 0.020989568787122992, "supply": [{"l": "Pelagic Fish", "v": 0.0041113962794673128}, {"l": "Marine Fish, Other", "v": 0.0059262113748074262}, {"l": "Fish, Seafood", "v": 0.010722500772926634}, {"l": "Molluscs, Other", "v": 0.0002294603599216216}]}, {"source": 1, "prod": 31.0, "target": 5, "value": 0.057056304635407486, "supply": [{"l": "Poultry Meat", "v": 0.0078055468969094764}, {"l": "Pigmeat", "v": 0.011766078781850544}, {"l": "Bovine Meat", "v": 0.012304396111739131}, {"l": "Eggs", "v": 0.0016379485499228295}, {"l": "Milk - Excluding Butter", "v": 0.011554623892776816}, {"l": "Offals, Edible", "v": 0.0013630787435711012}, {"l": "Meat, Other", "v": 0.0047417739271037231}, {"l": "Mutton & Goat Meat", "v": 0.0058828577315338595}]}, {"source": 10, "prod": 18.0, "target": 3, "value": 0.028958322971085044, "supply": [{"l": "Fats, Animals, Raw", "v": 0.0083745226597244909}, {"l": "Beer", "v": 0.0055135093748651231}, {"l": "Beverages, Alcoholic", "v": 0.0035067528918456521}, {"l": "Butter, Ghee", "v": 0.0083669893559826097}, {"l": "Wine", "v": 0.0031965486886671689}]}, {"source": 10, "prod": 12.0, "target": 15, "value": 0.12464091465529786, "supply": [{"l": "Coconut Oil", "v": 0.12464091465529786}]}, {"source": 10, "prod": 13.0, "target": 8, "value": 0.04311345043839844, "supply": [{"l": "Honey", "v": 0.0033164192644921874}, {"l": "Sugar", "v": 0.039797031173906247}]}, {"source": 18, "prod": 0, "target": 0, "value": 0.0023761709420718766, "supply": [{"l": "Motor Gasoline", "v": 0.00031805128230572304}, {"l": "Gas-Diesel oil", "v": 0.0020581196597661538}]}, {"source": 18, "prod": 0, "target": 7, "value": 5.6575498620758966e-05, "supply": [{"l": "Motor Gasoline", "v": 7.5726495787076911e-06}, {"l": "Gas-Diesel oil", "v": 4.9002849042051281e-05}]}, {"source": 18, "prod": 0, "target": 6, "value": 0.006364743594835384, "supply": [{"l": "Motor Gasoline", "v": 0.00085192307760461521}, {"l": "Gas-Diesel oil", "v": 0.0055128205172307685}]}, {"source": 19, "prod": 0.87988923076923087, "target": 0, "value": 0.011038264590027193, "supply": [{"l": "Potash", "v": 0.00087514074144085332}, {"l": "Phosphate", "v": 0.0042756666700871993}, {"l": "Nitrogen", "v": 0.037556763918934297}]}, {"source": 19, "prod": 0.020949743589743591, "target": 7, "value": 0.000262815823572076, "supply": [{"l": "Potash", "v": 0.00087514074144085332}, {"l": "Phosphate", "v": 0.0042756666700871993}, {"l": "Nitrogen", "v": 0.037556763918934297}]}, {"source": 19, "prod": 2.356846153846154, "target": 6, "value": 0.029566780151858551, "supply": [{"l": "Potash", "v": 0.00087514074144085332}, {"l": "Phosphate", "v": 0.0042756666700871993}, {"l": "Nitrogen", "v": 0.037556763918934297}]}, {"source": 18, "prod": 0, "target": 19, "value": 0.05103181424394472, "supply": [{"l": "Natural gas (including LNG)", "v": 0.034689492980974249}, {"l": "Fuel oil", "v": 0.009703367546148008}, {"l": "Liquefied petroleum gas (LPG)", "v": 0.0033194768584112314}, {"l": "Coal", "v": 0.0033194768584112314}]}, {"source": 20, "prod": 0, "target": 2, "value": 0.0023289976949776195, "supply": "[{\"l\":'Labor',\"v\":0.0023289976949776195}]"}, {"source": 20, "prod": 0, "target": 6, "value": 0.037430320097854602, "supply": "[{\"l\":'Labor',\"v\":0.037430320097854602}]"}, {"source": 20, "prod": 0, "target": 0, "value": 0.013973986169865718, "supply": "[{\"l\":'Labor',\"v\":0.013973986169865718}]"}, {"source": 20, "prod": 0, "target": 7, "value": 0.00033271395642537423, "supply": "[{\"l\":'Labor',\"v\":0.00033271395642537423}]"}, {"source": 18, "prod": 0, "target": 13, "value": 0.90126290264028652, "supply": "[{\"l\":'Fossil Fuels',\"v\":0.90126290264028652}]"}, {"source": 21, "prod": 0, "target": 13, "value": 0.18734417202412507, "supply": "[{\"l\":'Renewables & Nuclear',\"v\":0.057542121365366253},{\"l\":'Biomass & Waste',\"v\":0.1298020506587588}]"}]}