{"nodes": [{"name": "Balance", "fill": "#9edae5"}, {"name": "Food", "fill": "#b5cf6b"}, {"name": "Stock Deposit", "fill": "#c7c7c7"}, {"name": "Export", "fill": "#aec7e8"}, {"name": "Biofuels & Other", "fill": "#e7ba52"}, {"name": "Renewables & Nuclear", "fill": "#2ca02c"}, {"name": "Fossil Fuels", "fill": "#c49c94"}, {"name": "Stock Draw", "fill": "#c7c7c7"}, {"name": "Labor", "fill": "#7f7f7f"}], "links": [{"source": 0, "target": 1, "value": 1.2624943032341351}, {"source": 0, "target": 2, "value": 0.23445430670128928}, {"source": 0, "target": 3, "value": 2.5775028192468055}, {"source": 0, "target": 4, "value": 0.31116259591300771}, {"source": 5, "target": 0, "value": 0.49002798960862859}, {"source": 6, "target": 0, "value": 3.0178383831216222}, {"source": 7, "target": 0, "value": 0.040244220359805905}, {"source": 8, "target": 0, "value": 0.91665343325803117}]}