{"nodes": [{"name": "Balance", "fill": "#9edae5"}, {"name": "Food", "fill": "#b5cf6b"}, {"name": "Stock Deposit", "fill": "#c7c7c7"}, {"name": "Export", "fill": "#aec7e8"}, {"name": "Biofuels & Other", "fill": "#e7ba52"}, {"name": "Renewables & Nuclear", "fill": "#2ca02c"}, {"name": "Fossil Fuels", "fill": "#c49c94"}, {"name": "Stock Draw", "fill": "#c7c7c7"}, {"name": "Labor", "fill": "#7f7f7f"}], "links": [{"source": 0, "target": 1, "value": 0.93004672465887694}, {"source": 0, "target": 2, "value": 0.048918054900216466}, {"source": 0, "target": 3, "value": 2.0069549209485671}, {"source": 0, "target": 4, "value": 0.15216954491398443}, {"source": 5, "target": 0, "value": 0.077885412370532578}, {"source": 6, "target": 0, "value": 1.9328406617770657}, {"source": 7, "target": 0, "value": 0.1366555498747363}, {"source": 8, "target": 0, "value": 0.66499413152379283}]}