{"nodes": [{"layer": 3, "name": "Cereals", "fill": "#e7ba52"}, {"layer": 5, "name": "Production", "fill": "#b5cf6b"}, {"layer": 3, "name": "Oilcrops", "fill": "#ff9896"}, {"layer": 3, "name": "Sugar Crops", "fill": "#ffbb78"}, {"layer": 3, "name": "Starchy Roots"}, {"layer": 3, "name": "Fruits & Vegetables"}, {"layer": 3, "name": "Others"}, {"layer": 1, "name": "Electricity", "fill": "#bcbd22"}, {"layer": 0, "name": "Fossil Fuels", "fill": "#c49c94"}, {"layer": 0, "name": "Renewables & Nuclear", "fill": "#2ca02c"}, {"layer": 1, "name": "Fertilizers", "fill": "#c5b0d5"}, {"layer": 0, "name": "Labor", "fill": "#7f7f7f"}], "links": [{"source": 0, "prod": 387.0, "target": 1, "value": 1.5356661129086433, "supply": [{"l": "Maize", "v": 0.72899758218383581}, {"l": "Rice", "v": 0.34151303050062032}, {"l": "Sorghum", "v": 0.46515550022418706}]}, {"source": 2, "prod": 66.0, "target": 1, "value": 0.25682664907635561, "supply": [{"l": "Coconuts - Incl Copra", "v": 0.052696758519931039}, {"l": "Sesame seed", "v": 0.026307145489605634}, {"l": "Groundnuts", "v": 0.15241949577155908}, {"l": "Oilcrops, Other", "v": 0.0063508123238149618}, {"l": "Cottonseed", "v": 0.019052436971444885}]}, {"source": 3, "prod": 2860.0, "target": 1, "value": 0.9700839521403124, "supply": [{"l": "Sugar cane", "v": 0.9700839521403124}]}, {"source": 4, "prod": 678.0, "target": 1, "value": 0.68956068998663689, "supply": [{"l": "Roots, Other", "v": 0.041241620917585403}, {"l": "Yams", "v": 0.11511454782035084}, {"l": "Potatoes", "v": 0.0084900333171000018}, {"l": "Sweet potatoes", "v": 0.28389385855287069}, {"l": "Cassava", "v": 0.24082062937872992}]}, {"source": 5, "prod": 1371.0, "target": 1, "value": 1.0644151131744244, "supply": [{"l": "Plantains", "v": 0.26405341800066356}, {"l": "Fruits, Other", "v": 0.16731326813156827}, {"l": "Grapefruit", "v": 0.0024824658821929828}, {"l": "Tomatoes", "v": 0.00093041461009315065}, {"l": "Vegetables, Other", "v": 0.069503648036442212}, {"l": "Beans", "v": 0.20266531144045161}, {"l": "Pulses, Other", "v": 0.17355731825222126}, {"l": "Lemons, Limes", "v": 0.010559742931716418}, {"l": "Pineapples", "v": 0.00089841622403174614}, {"l": "Bananas", "v": 0.15755629167470842}, {"l": "Oranges, Mandarines", "v": 0.012445769918094294}, {"l": "Onions", "v": 0.0024490480722403844}]}, {"source": 6, "prod": 44.0, "target": 1, "value": 0.03232700432993281, "supply": [{"l": "Coffee", "v": 0.024608792223478261}, {"l": "Cocoa Beans", "v": 0.007718212106454546}]}, {"source": 7, "prod": 0, "target": 0, "value": 0.0028556821376272282, "supply": "[{\"l\":'Energy for power irrigation',\"v\":0.0028556821376272282}]"}, {"source": 7, "prod": 0, "target": 2, "value": 0.00038390762967067184, "supply": "[{\"l\":'Energy for power irrigation',\"v\":0.00038390762967067184}]"}, {"source": 7, "prod": 0, "target": 3, "value": 0.016891935705509561, "supply": "[{\"l\":'Energy for power irrigation',\"v\":0.016891935705509561}]"}, {"source": 7, "prod": 0, "target": 4, "value": 0.0040044518910263924, "supply": "[{\"l\":'Energy for power irrigation',\"v\":0.0040044518910263924}]"}, {"source": 7, "prod": 0, "target": 5, "value": 0.0081181697997282833, "supply": "[{\"l\":'Energy for power irrigation',\"v\":0.0081181697997282833}]"}, {"source": 7, "prod": 0, "target": 6, "value": 0.00026282906954376768, "supply": "[{\"l\":'Energy for power irrigation',\"v\":0.00026282906954376768}]"}, {"source": 8, "prod": 0, "target": 7, "value": 0.022615190237310481, "supply": [{"l": "Coal", "v": 0.0}, {"l": "Natural gas", "v": 0.0}, {"l": "Oil", "v": 0.022615190237310481}]}, {"source": 9, "prod": 0, "target": 7, "value": 0.02392320394292792, "supply": [{"l": "Nuclear", "v": 0.0}, {"l": "Hydroelectric", "v": 0.022529619247223381}, {"l": "Renewable", "v": 0.0013935846957045406}]}, {"source": 8, "prod": 0, "target": 0, "value": 0.0051796784137318813, "supply": [{"l": "Gas-Diesel oil", "v": 0.004195905108352738}, {"l": "Other fossil fuels", "v": 0.00098377330537914348}]}, {"source": 8, "prod": 0, "target": 2, "value": 0.00069633732552755391, "supply": [{"l": "Gas-Diesel oil", "v": 0.00056408238271546634}, {"l": "Other fossil fuels", "v": 0.00013225494281208754}]}, {"source": 8, "prod": 0, "target": 3, "value": 0.030638842323212366, "supply": [{"l": "Gas-Diesel oil", "v": 0.024819624839480515}, {"l": "Other fossil fuels", "v": 0.0058192174837318521}]}, {"source": 8, "prod": 0, "target": 4, "value": 0.0072633339493489461, "supply": [{"l": "Gas-Diesel oil", "v": 0.0058838131612474797}, {"l": "Other fossil fuels", "v": 0.0013795207881014671}]}, {"source": 8, "prod": 0, "target": 5, "value": 0.014724856214424967, "supply": [{"l": "Gas-Diesel oil", "v": 0.011928172846806284}, {"l": "Other fossil fuels", "v": 0.0027966833676186824}]}, {"source": 8, "prod": 0, "target": 6, "value": 0.00047672324593809457, "supply": [{"l": "Gas-Diesel oil", "v": 0.00038617947739751155}, {"l": "Other fossil fuels", "v": 9.0543768540583025e-05}]}, {"source": 10, "prod": 0.34250295159386068, "target": 0, "value": 0.0041817317312134762, "supply": [{"l": "Potash", "v": 0.002051111112752}, {"l": "Phosphate", "v": 0.0033666666693600001}, {"l": "Nitrogen", "v": 0.042198611144869995}]}, {"source": 10, "prod": 0.046044864226682407, "target": 2, "value": 0.0005621769648994332, "supply": [{"l": "Potash", "v": 0.002051111112752}, {"l": "Phosphate", "v": 0.0033666666693600001}, {"l": "Nitrogen", "v": 0.042198611144869995}]}, {"source": 10, "prod": 2.0259740259740258, "target": 3, "value": 0.02473578645557506, "supply": [{"l": "Potash", "v": 0.002051111112752}, {"l": "Phosphate", "v": 0.0033666666693600001}, {"l": "Nitrogen", "v": 0.042198611144869995}]}, {"source": 10, "prod": 0.48028335301062569, "target": 4, "value": 0.0058639381877202421, "supply": [{"l": "Potash", "v": 0.002051111112752}, {"l": "Phosphate", "v": 0.0033666666693600001}, {"l": "Nitrogen", "v": 0.042198611144869995}]}, {"source": 10, "prod": 0.97367178276269184, "target": 5, "value": 0.011887880588527246, "supply": [{"l": "Potash", "v": 0.002051111112752}, {"l": "Phosphate", "v": 0.0033666666693600001}, {"l": "Nitrogen", "v": 0.042198611144869995}]}, {"source": 10, "prod": 0.031523022432113343, "target": 6, "value": 0.00038487499904653506, "supply": [{"l": "Potash", "v": 0.002051111112752}, {"l": "Phosphate", "v": 0.0033666666693600001}, {"l": "Nitrogen", "v": 0.042198611144869995}]}, {"source": 8, "prod": 0, "target": 10, "value": 0.058089090355045746, "supply": [{"l": "Natural gas (including LNG)", "v": 0.038946212265360373}, {"l": "Fuel oil", "v": 0.011683379531457889}, {"l": "Liquefied petroleum gas (LPG)", "v": 0.0037297492791137426}, {"l": "Coal", "v": 0.0037297492791137426}]}, {"source": 11, "prod": 0, "target": 0, "value": 0.075265559688159928, "supply": "[{\"l\":'Labor',\"v\":0.075265559688159928}]"}, {"source": 11, "prod": 0, "target": 2, "value": 0.010118430981862244, "supply": "[{\"l\":'Labor',\"v\":0.010118430981862244}]"}, {"source": 11, "prod": 0, "target": 3, "value": 0.4452109632019387, "supply": "[{\"l\":'Labor',\"v\":0.4452109632019387}]"}, {"source": 11, "prod": 0, "target": 4, "value": 0.10554301854927078, "supply": "[{\"l\":'Labor',\"v\":0.10554301854927078}]"}, {"source": 11, "prod": 0, "target": 5, "value": 0.21396589822414852, "supply": "[{\"l\":'Labor',\"v\":0.21396589822414852}]"}, {"source": 11, "prod": 0, "target": 6, "value": 0.0069272335183518437, "supply": "[{\"l\":'Labor',\"v\":0.0069272335183518437}]"}]}