{"nodes": [{"layer": 5, "name": "Fruits, Roots & Vegetables", "fill": "#98df8a"}, {"layer": 10, "name": "Feed", "fill": "#dbdb8d"}, {"layer": 5, "name": "Sugar Crops", "fill": "#ffbb78"}, {"layer": 13, "name": "Animal Products", "fill": "#17becf"}, {"layer": 5, "name": "Cereals", "fill": "#e7ba52"}, {"layer": 13, "name": "Other Processed", "fill": "#9c9ede"}, {"layer": 16, "name": "Food", "fill": "#b5cf6b"}, {"layer": 5, "name": "Oilcrops", "fill": "#ff9896"}, {"layer": 13, "name": "Sugar", "fill": "#d6616b"}, {"layer": 13, "name": "Aquatic Products", "fill": "#1f77b4"}, {"layer": 13, "name": "Vegetable Oils", "fill": "#f7b6d2"}, {"layer": 10, "name": "Processing", "fill": "#9edae5"}, {"layer": 16, "name": "Biofuels & Other", "fill": "#e7ba52"}, {"name": "Waste", "fill": "#c7c7c7"}, {"layer": 2, "name": "Import", "fill": "#aec7e8"}, {"layer": 16, "name": "Export", "fill": "#aec7e8"}, {"layer": 16, "name": "Stock Deposit", "fill": "#c7c7c7"}, {"name": "Crop Residue", "fill": "#bd9e39"}, {"layer": 2, "name": "Electricity", "fill": "#bcbd22"}, {"layer": 0, "name": "Fossil Fuels", "fill": "#c49c94"}, {"layer": 0, "name": "Renewables & Nuclear", "fill": "#2ca02c"}, {"layer": 2, "name": "Fertilizers", "fill": "#c5b0d5"}, {"layer": 0, "name": "Labor", "fill": "#7f7f7f"}], "links": [{"source": 0, "prod": 75.0, "target": 1, "value": 0.066658749405927559, "supply": [{"l": "Plantains", "v": 0.049448082330521122}, {"l": "Cassava", "v": 0.01721066707540643}]}, {"source": 2, "prod": 472.0, "target": 1, "value": 0.15708512576975509, "supply": [{"l": "Sugar cane", "v": 0.15708512576975509}]}, {"source": 3, "prod": 1.0, "target": 1, "value": 0.0014808197646104652, "supply": [{"l": "Meat, Other", "v": 0.0014808197646104652}]}, {"source": 4, "prod": 69.0, "target": 1, "value": 0.26768778570171653, "supply": [{"l": "Maize", "v": 0.12778141730586784}, {"l": "Sorghum", "v": 0.13990636839584869}]}, {"source": 5, "prod": 49.0, "target": 6, "value": 0.19856757175864448, "supply": [{"l": "Beverages, Alcoholic", "v": 0.14800193214944596}, {"l": "Fats, Animals, Raw", "v": 0.050565639609198534}]}, {"source": 3, "prod": 107.0, "target": 6, "value": 0.14596400528010994, "supply": [{"l": "Eggs", "v": 0.0012128619024428574}, {"l": "Pigmeat", "v": 0.049183641285268968}, {"l": "Milk - Excluding Butter", "v": 0.041187817233372399}, {"l": "Meat, Other", "v": 0.0059232790584418608}, {"l": "Mutton & Goat Meat", "v": 0.0079906195925647065}, {"l": "Bovine Meat", "v": 0.033076312765358044}, {"l": "Poultry Meat", "v": 0.00424501665855}, {"l": "Offals, Edible", "v": 0.003144456784111111}]}, {"source": 4, "prod": 373.0, "target": 6, "value": 1.4610910322136774, "supply": [{"l": "Maize", "v": 0.74272948809035677}, {"l": "Rice", "v": 0.16803190940093748}, {"l": "Wheat", "v": 0.037207317325936254}, {"l": "Sorghum", "v": 0.51046918198485325}, {"l": "Cereals, Other", "v": 0.00265313541159375}]}, {"source": 7, "prod": 19.0, "target": 6, "value": 0.034998611096557462, "supply": [{"l": "Coconuts - Incl Copra", "v": 0.02836577256757309}, {"l": "Groundnuts", "v": 0.0066328385289843748}]}, {"source": 0, "prod": 1099.0, "target": 6, "value": 0.96337374777280571, "supply": [{"l": "Roots, Other", "v": 0.012689729513103203}, {"l": "Plantains", "v": 0.10670375660796663}, {"l": "Fruits, Other", "v": 0.090695848713811852}, {"l": "Yams", "v": 0.071142608202439936}, {"l": "Grapefruit", "v": 0.0017479480358735292}, {"l": "Tomatoes", "v": 0.00042503295705131417}, {"l": "Coffee", "v": 0.0050491387568656395}, {"l": "Vegetables, Other", "v": 0.040807358281107584}, {"l": "Cocoa Beans", "v": 0.0022946035992162162}, {"l": "Potatoes", "v": 0.0034653197212653059}, {"l": "Beans", "v": 0.13393312632104032}, {"l": "Pulses, Other", "v": 0.11077232819056508}, {"l": "Lemons, Limes", "v": 0.0033809867191991155}, {"l": "Pineapples", "v": 0.00040047326967452835}, {"l": "Bananas", "v": 0.067967963353188207}, {"l": "Sweet potatoes", "v": 0.17962454529245986}, {"l": "Oranges, Mandarines", "v": 0.0089965031225157002}, {"l": "Onions", "v": 0.0018456594167608697}, {"l": "Cassava", "v": 0.12143081769870091}]}, {"source": 2, "prod": 155.0, "target": 6, "value": 0.051585157826932279, "supply": [{"l": "Sugar cane", "v": 0.051585157826932279}]}, {"source": 8, "prod": 102.0, "target": 6, "value": 0.41135506131333732, "supply": [{"l": "Sugar", "v": 0.16485592166280988}, {"l": "Sugar non-centrifugal", "v": 0.24649913965052744}]}, {"source": 9, "prod": 10.0, "target": 6, "value": 0.0066832852384702711, "supply": [{"l": "Marine Fish, Other", "v": 0.0018456594167608694}, {"l": "Pelagic Fish", "v": 0.0015722283920555555}, {"l": "Fish, Seafood", "v": 0.0032653974296538461}]}, {"source": 10, "prod": 5.0, "target": 6, "value": 0.051678463669304342, "supply": [{"l": "Soyabean Oil", "v": 0.051678463669304342}]}, {"source": 2, "prod": 1902.0, "target": 11, "value": 0.63299980765693686, "supply": [{"l": "Sugar cane", "v": 0.63299980765693686}]}, {"source": 7, "prod": 2.0, "target": 11, "value": 0.01326567705796875, "supply": [{"l": "Cottonseed", "v": 0.01326567705796875}]}, {"source": 0, "prod": 11.0, "target": 12, "value": 0.0041323171012433635, "supply": [{"l": "Lemons, Limes", "v": 0.0041323171012433635}]}, {"source": 5, "prod": 7.0, "target": 12, "value": 0.058993246210731626, "supply": [{"l": "Fats, Animals, Raw", "v": 0.058993246210731626}]}, {"source": 10, "prod": 1.0, "target": 12, "value": 0.0084900333171, "supply": [{"l": "Oilcrops Oil, Other", "v": 0.0084900333171}]}, {"source": 7, "prod": 3.0, "target": 12, "value": 0.0047276287612621811, "supply": [{"l": "Coconuts - Incl Copra", "v": 0.0047276287612621811}]}, {"source": 0, "prod": 6.0, "target": 0, "value": 0.02366914754717956, "supply": [{"l": "Pulses, Other", "v": 0.0079123091564689343}, {"l": "Beans", "v": 0.015756838390710626}]}, {"source": 4, "prod": 13.0, "target": 4, "value": 0.051478793305256676, "supply": [{"l": "Maize", "v": 0.027952185035658592}, {"l": "Rice", "v": 0.008401595470046876}, {"l": "Sorghum", "v": 0.01512501279955121}]}, {"source": 0, "prod": 232.0, "target": 13, "value": 0.18980976112548859, "supply": [{"l": "Coffee", "v": 0.00056101541742951543}, {"l": "Vegetables, Other", "v": 0.0045341509201230652}, {"l": "Bananas", "v": 0.022655987784396068}, {"l": "Cassava", "v": 0.024859852442253728}, {"l": "Potatoes", "v": 0.00086632993031632646}, {"l": "Roots, Other", "v": 0.0031724323782758006}, {"l": "Fruits, Other", "v": 0.022269069996694871}, {"l": "Yams", "v": 0.017785652050609984}, {"l": "Plantains", "v": 0.027760326922397823}, {"l": "Sweet potatoes", "v": 0.044906136323114965}, {"l": "Beans", "v": 0.011817628793032971}, {"l": "Pulses, Other", "v": 0.0079123091564689343}, {"l": "Oranges, Mandarines", "v": 0.0003332038193524333}, {"l": "Lemons, Limes", "v": 0.00037566519102212397}]}, {"source": 2, "prod": 281.0, "target": 13, "value": 0.093518899028180461, "supply": [{"l": "Sugar cane", "v": 0.093518899028180461}]}, {"source": 3, "prod": 1.0, "target": 13, "value": 0.0006752101185798755, "supply": [{"l": "Milk - Excluding Butter", "v": 0.0006752101185798755}]}, {"source": 4, "prod": 25.0, "target": 13, "value": 0.097934186887027902, "supply": [{"l": "Maize", "v": 0.047918031489700433}, {"l": "Wheat", "v": 0.0033824833932669324}, {"l": "Rice", "v": 0.012602393205070313}, {"l": "Sorghum", "v": 0.034031278798990219}]}, {"source": 7, "prod": 1.0, "target": 13, "value": 0.0015758762537540602, "supply": [{"l": "Coconuts - Incl Copra", "v": 0.0015758762537540602}]}, {"source": 14, "prod": 16.0, "target": 11, "value": 0.14438213628616833, "supply": [{"l": "Fats, Animals, Raw", "v": 0.092703672616863991}, {"l": "Soyabean Oil", "v": 0.051678463669304342}]}, {"source": 14, "prod": 87.0, "target": 4, "value": 0.29598945082271572, "supply": [{"l": "Maize", "v": 0.01597267716323348}, {"l": "Wheat", "v": 0.27736363824788851}, {"l": "Cereals, Other", "v": 0.00265313541159375}]}, {"source": 14, "prod": 32.0, "target": 1, "value": 0.02178427068415361, "supply": [{"l": "Milk - Excluding Butter", "v": 0.018905883320236516}, {"l": "Pelagic Fish", "v": 0.0015722283920555555}, {"l": "Fish, Seafood", "v": 0.0013061589718615385}]}, {"source": 14, "prod": 2.0, "target": 0, "value": 0.0041911068710178264, "supply": [{"l": "Beans", "v": 0.0039392095976776564}, {"l": "Vegetables, Other", "v": 0.00025189727334017033}]}, {"source": 0, "prod": 24.0, "target": 15, "value": 0.013502430958020631, "supply": [{"l": "Coffee", "v": 0.01234233918344934}, {"l": "Bananas", "v": 0.0007551995928132023}, {"l": "Fruits, Other", "v": 0.00040489218175808863}]}, {"source": 3, "prod": 2.0, "target": 15, "value": 0.0050886635023627757, "supply": [{"l": "Bovine Meat", "v": 0.0050886635023627757}]}, {"source": 4, "prod": 5.0, "target": 15, "value": 0.016912416966334661, "supply": [{"l": "Wheat", "v": 0.016912416966334661}]}, {"source": 7, "prod": 1.0, "target": 15, "value": 0.0066328385289843748, "supply": [{"l": "Oilcrops, Other", "v": 0.0066328385289843748}]}, {"source": 8, "prod": 15.0, "target": 15, "value": 0.065074705919530226, "supply": [{"l": "Sugar", "v": 0.065074705919530226}]}, {"source": 0, "prod": 4.0, "target": 16, "value": 0.0028303480518966544, "supply": [{"l": "Coffee", "v": 0.0016830462522885465}, {"l": "Cocoa Beans", "v": 0.0011473017996081081}]}, {"source": 4, "prod": 65.0, "target": 16, "value": 0.21986142056235061, "supply": [{"l": "Wheat", "v": 0.21986142056235061}]}, {"source": 8, "prod": 9.0, "target": 16, "value": 0.039044823551718136, "supply": [{"l": "Sugar", "v": 0.039044823551718136}]}, {"source": 1, "prod": 10.0, "target": 9, "value": 0.0066832852384702711, "supply": [{"l": "Pelagic Fish", "v": 0.0015722283920555555}, {"l": "Marine Fish, Other", "v": 0.0018456594167608694}, {"l": "Fish, Seafood", "v": 0.0032653974296538461}]}, {"source": 1, "prod": 111.0, "target": 3, "value": 0.15320869866566306, "supply": [{"l": "Poultry Meat", "v": 0.00424501665855}, {"l": "Pigmeat", "v": 0.049183641285268968}, {"l": "Bovine Meat", "v": 0.038164976267720821}, {"l": "Eggs", "v": 0.0012128619024428574}, {"l": "Milk - Excluding Butter", "v": 0.041863027351952277}, {"l": "Offals, Edible", "v": 0.003144456784111111}, {"l": "Meat, Other", "v": 0.0074040988230523255}, {"l": "Mutton & Goat Meat", "v": 0.0079906195925647065}]}, {"source": 11, "prod": 56.0, "target": 5, "value": 0.25756081796937613, "supply": [{"l": "Fats, Animals, Raw", "v": 0.10955888581993016}, {"l": "Beverages, Alcoholic", "v": 0.14800193214944596}]}, {"source": 11, "prod": 6.0, "target": 10, "value": 0.060168496986404342, "supply": [{"l": "Oilcrops Oil, Other", "v": 0.0084900333171}, {"l": "Soyabean Oil", "v": 0.051678463669304342}]}, {"source": 11, "prod": 126.0, "target": 8, "value": 0.51547459078458568, "supply": [{"l": "Sugar non-centrifugal", "v": 0.24649913965052744}, {"l": "Sugar", "v": 0.26897545113405824}]}, {"source": 0, "prod": 1451.0, "target": 17, "value": 5.0782750934651348, "supply": [{"l": "Roots, Other", "v": 0.026149999950000002}, {"l": "Yams", "v": 0.14818333305000003}, {"l": "Tomatoes", "v": 0.0031936013021462879}, {"l": "Vegetables, Other", "v": 0.62585666546999996}, {"l": "Potatoes", "v": 0.0087166666500000014}, {"l": "Beans", "v": 0.14120999973000001}, {"l": "Pulses, Other", "v": 0.11331666645000002}, {"l": "Sweet potatoes", "v": 0.36609999930000003}, {"l": "Onions", "v": 0.0069733333199999996}, {"l": "Cassava", "v": 0.29723833276500006}]}, {"source": 2, "prod": 1124.0, "target": 17, "value": 3.9190133258400008, "supply": [{"l": "Sugar cane", "v": 3.9190133258400008}]}, {"source": 4, "prod": 1012.0, "target": 17, "value": 3.6237776771773298, "supply": [{"l": "Maize", "v": 1.6352466635399998}, {"l": "Rice", "v": 0.31379999940000003}, {"l": "Wheat", "v": 0.28590666612000004}, {"l": "Sorghum", "v": 1.2900666642}, {"l": "Cereals, Other", "v": 0.0034866666599999998}]}, {"source": 7, "prod": 26.5, "target": 17, "value": 0.033914507282408357, "supply": [{"l": "Coconuts - Incl Copra", "v": 0.076706666520000022}, {"l": "Groundnuts", "v": 0.0052299999899999994}, {"l": "Oilcrops, Other", "v": 0.0034866666600000002}, {"l": "Cottonseed", "v": 0.0069733333200000004}]}, {"source": 18, "prod": 0, "target": 0, "value": 0.0056245370980627539, "supply": "[{\"l\":'Energy for power irrigation',\"v\":0.0056245370980627539}]"}, {"source": 18, "prod": 0, "target": 2, "value": 0.010892452960410984, "supply": "[{\"l\":'Energy for power irrigation',\"v\":0.010892452960410984}]"}, {"source": 18, "prod": 0, "target": 4, "value": 0.0019614167964298783, "supply": "[{\"l\":'Energy for power irrigation',\"v\":0.0019614167964298783}]"}, {"source": 18, "prod": 0, "target": 7, "value": 0.00010272242115690073, "supply": "[{\"l\":'Energy for power irrigation',\"v\":0.00010272242115690073}]"}, {"source": 18, "prod": 0, "target": 11, "value": 0.004475642821706133, "supply": "[{\"l\":'Electricity',\"v\":0.004475642821706133}]"}, {"source": 19, "prod": 0, "target": 18, "value": 0.017778276691596654, "supply": [{"l": "Coal", "v": 0.0}, {"l": "Natural gas", "v": 0.0}, {"l": "Oil", "v": 0.017778276691596654}]}, {"source": 20, "prod": 0, "target": 18, "value": 0.016301026954959923, "supply": [{"l": "Nuclear", "v": 0.0}, {"l": "Hydroelectric", "v": 0.01355027975230075}, {"l": "Renewable", "v": 0.0027507472026591737}]}, {"source": 19, "prod": 0, "target": 0, "value": 0.012052007164392057, "supply": [{"l": "Gas-Diesel oil", "v": 0.012052007164392057}]}, {"source": 19, "prod": 0, "target": 2, "value": 0.023339862254956361, "supply": [{"l": "Gas-Diesel oil", "v": 0.023339862254956361}]}, {"source": 19, "prod": 0, "target": 4, "value": 0.0042028364060526409, "supply": [{"l": "Gas-Diesel oil", "v": 0.0042028364060526409}]}, {"source": 19, "prod": 0, "target": 7, "value": 0.00022010902126560268, "supply": [{"l": "Gas-Diesel oil", "v": 0.00022010902126560268}]}, {"source": 21, "prod": 0.05754752599147147, "target": 0, "value": 0.00064033119103405387, "supply": [{"l": "Potash", "v": 0.00015366758205336074}, {"l": "Phosphate", "v": 0.00012699790219718857}, {"l": "Nitrogen", "v": 0.0018347222236899999}]}, {"source": 21, "prod": 0.11144627707514461, "target": 2, "value": 0.0012400624719543013, "supply": [{"l": "Potash", "v": 0.00015366758205336074}, {"l": "Phosphate", "v": 0.00012699790219718857}, {"l": "Nitrogen", "v": 0.0018347222236899999}]}, {"source": 21, "prod": 0.020068261992890808, "target": 4, "value": 0.00022329950562593469, "supply": [{"l": "Potash", "v": 0.00015366758205336074}, {"l": "Phosphate", "v": 0.00012699790219718857}, {"l": "Nitrogen", "v": 0.0018347222236899999}]}, {"source": 21, "prod": 0.0010510058158332142, "target": 7, "value": 1.1694539326259425e-05, "supply": [{"l": "Potash", "v": 0.00015366758205336074}, {"l": "Phosphate", "v": 0.00012699790219718857}, {"l": "Nitrogen", "v": 0.0018347222236899999}]}, {"source": 19, "prod": 0, "target": 21, "value": 0.0026470417390996857, "supply": [{"l": "Natural gas (including LNG)", "v": 0.0017485582807465422}, {"l": "Fuel oil", "v": 0.00057415743408238294}, {"l": "Liquefied petroleum gas (LPG)", "v": 0.00016216301213538013}, {"l": "Coal", "v": 0.00016216301213538013}]}, {"source": 22, "prod": 0, "target": 4, "value": 0.064882576337621622, "supply": "[{\"l\":'Labor',\"v\":0.064882576337621622}]"}, {"source": 22, "prod": 0, "target": 7, "value": 0.0033980005394208946, "supply": "[{\"l\":'Labor',\"v\":0.0033980005394208946}]"}, {"source": 22, "prod": 0, "target": 0, "value": 0.18605655783772523, "supply": "[{\"l\":'Labor',\"v\":0.18605655783772523}]"}, {"source": 22, "prod": 0, "target": 2, "value": 0.3603162836140647, "supply": "[{\"l\":'Labor',\"v\":0.3603162836140647}]"}, {"source": 19, "prod": 0, "target": 14, "value": 0.028610987380592246, "supply": "[{\"l\":'Fossil Fuels',\"v\":0.028610987380592246}]"}, {"source": 20, "prod": 0, "target": 14, "value": 0.33239702588814535, "supply": "[{\"l\":'Renewables & Nuclear',\"v\":0.0012601810916677402},{\"l\":'Biomass & Waste',\"v\":0.33113684479647759}]"}]}