{"nodes": [{"layer": 5, "name": "Starchy Roots"}, {"layer": 10, "name": "Feed", "fill": "#dbdb8d"}, {"layer": 5, "name": "Sugar Crops", "fill": "#ffbb78"}, {"layer": 5, "name": "Fruits & Vegetables"}, {"layer": 13, "name": "Animal Products", "fill": "#17becf"}, {"layer": 5, "name": "Cereals", "fill": "#e7ba52"}, {"layer": 13, "name": "Other Processed", "fill": "#9c9ede"}, {"layer": 16, "name": "Food", "fill": "#b5cf6b"}, {"layer": 5, "name": "Oilcrops", "fill": "#ff9896"}, {"layer": 13, "name": "Sugar", "fill": "#d6616b"}, {"layer": 5, "name": "Others"}, {"layer": 13, "name": "Aquatic Products", "fill": "#1f77b4"}, {"layer": 13, "name": "Vegetable Oils", "fill": "#f7b6d2"}, {"layer": 10, "name": "Processing", "fill": "#9edae5"}, {"layer": 16, "name": "Biofuels & Other", "fill": "#e7ba52"}, {"name": "Waste", "fill": "#c7c7c7"}, {"layer": 2, "name": "Import", "fill": "#aec7e8"}, {"layer": 16, "name": "Export", "fill": "#aec7e8"}, {"layer": 0, "name": "Stock Draw", "fill": "#c7c7c7"}, {"layer": 16, "name": "Stock Deposit", "fill": "#c7c7c7"}, {"layer": 2, "name": "Electricity", "fill": "#bcbd22"}, {"layer": 0, "name": "Fossil Fuels", "fill": "#c49c94"}, {"layer": 0, "name": "Renewables & Nuclear", "fill": "#2ca02c"}, {"layer": 2, "name": "Fertilizers", "fill": "#c5b0d5"}, {"layer": 0, "name": "Labor", "fill": "#7f7f7f"}], "links": [{"source": 0, "prod": 30.0, "target": 1, "value": 0.028609160631725437, "supply": [{"l": "Cassava", "v": 0.028609160631725437}]}, {"source": 2, "prod": 286.0, "target": 1, "value": 0.096657339501555833, "supply": [{"l": "Sugar cane", "v": 0.096657339501555833}]}, {"source": 3, "prod": 62.0, "target": 1, "value": 0.054105473647999655, "supply": [{"l": "Plantains", "v": 0.054105473647999655}]}, {"source": 4, "prod": 2.0, "target": 1, "value": 0.0030108764771169172, "supply": [{"l": "Offals, Edible", "v": 0.0014150055528499999}, {"l": "Meat, Other", "v": 0.0015958709242669174}]}, {"source": 5, "prod": 40.0, "target": 1, "value": 0.15725575893039345, "supply": [{"l": "Maize", "v": 0.11956163007914494}, {"l": "Sorghum", "v": 0.03769412885124851}]}, {"source": 6, "prod": 67.0, "target": 7, "value": 0.24906036093931028, "supply": [{"l": "Beverages, Alcoholic", "v": 0.21649584958605}, {"l": "Fats, Animals, Raw", "v": 0.032564511353260273}]}, {"source": 4, "prod": 175.0, "target": 7, "value": 0.22951106650297926, "supply": [{"l": "Meat, Other", "v": 0.01276696739413534}, {"l": "Eggs", "v": 0.0048980961444807687}, {"l": "Pigmeat", "v": 0.047118226141293816}, {"l": "Milk - Excluding Butter", "v": 0.065950698175012298}, {"l": "Mutton & Goat Meat", "v": 0.0078369538311692313}, {"l": "Bovine Meat", "v": 0.073156946922962096}, {"l": "Poultry Meat", "v": 0.010708150129675676}, {"l": "Offals, Edible", "v": 0.0070750277642500003}]}, {"source": 5, "prod": 520.0, "target": 7, "value": 1.9412524961370505, "supply": [{"l": "Maize", "v": 0.60976431340363912}, {"l": "Rice", "v": 0.38002470086488738}, {"l": "Wheat", "v": 0.55776554865123606}, {"l": "Sorghum", "v": 0.37694128851248515}, {"l": "Cereals, Other", "v": 0.016756644704802634}]}, {"source": 8, "prod": 58.0, "target": 7, "value": 0.23237253994619128, "supply": [{"l": "Coconuts - Incl Copra", "v": 0.045973001986786305}, {"l": "Sesame seed", "v": 0.027467754849441178}, {"l": "Groundnuts", "v": 0.15893178310996378}]}, {"source": 2, "prod": 247.0, "target": 7, "value": 0.083476793205889147, "supply": [{"l": "Sugar cane", "v": 0.083476793205889147}]}, {"source": 9, "prod": 141.0, "target": 7, "value": 0.57296890947430779, "supply": [{"l": "Sugar", "v": 0.25923125444504946}, {"l": "Sugar non-centrifugal", "v": 0.31373765502925827}]}, {"source": 0, "prod": 575.0, "target": 7, "value": 0.58638562405232697, "supply": [{"l": "Roots, Other", "v": 0.035019548171053724}, {"l": "Yams", "v": 0.096117734703955973}, {"l": "Potatoes", "v": 0.0053904973441904766}, {"l": "Sweet potatoes", "v": 0.26771285447780818}, {"l": "Cassava", "v": 0.18214498935531862}]}, {"source": 3, "prod": 1098.0, "target": 7, "value": 0.80838772635846079, "supply": [{"l": "Plantains", "v": 0.14922638699690227}, {"l": "Fruits, Other", "v": 0.14151975481760315}, {"l": "Grapefruit", "v": 0.0024257238048857139}, {"l": "Tomatoes", "v": 0.00070036938454537119}, {"l": "Vegetables, Other", "v": 0.068368934661745415}, {"l": "Beans", "v": 0.1610114248022709}, {"l": "Pulses, Other", "v": 0.13515053036584981}, {"l": "Lemons, Limes", "v": 0.002510493722798387}, {"l": "Pineapples", "v": 0.0010167704571377245}, {"l": "Bananas", "v": 0.13123895262382024}, {"l": "Oranges, Mandarines", "v": 0.012565249309308002}, {"l": "Onions", "v": 0.00265313541159375}]}, {"source": 10, "prod": 21.0, "target": 7, "value": 0.023010824799669448, "supply": [{"l": "Infant food", "v": 0.010188039980520001}, {"l": "Coffee", "v": 0.010325716196472974}, {"l": "Cocoa Beans", "v": 0.002497068622676471}]}, {"source": 11, "prod": 39.0, "target": 7, "value": 0.02985543342247704, "supply": [{"l": "Marine Fish, Other", "v": 0.004879329492586207}, {"l": "Fish, Seafood", "v": 0.01507106505994083}, {"l": "Demersal Fish", "v": 0.0099050388699500006}]}, {"source": 12, "prod": 21.0, "target": 7, "value": 0.21809868773441105, "supply": [{"l": "Soyabean Oil", "v": 0.20536363775876104}, {"l": "Oilcrops Oil, Other", "v": 0.012735049975650002}]}, {"source": 2, "prod": 2167.0, "target": 13, "value": 0.732365226223327, "supply": [{"l": "Sugar cane", "v": 0.732365226223327}]}, {"source": 8, "prod": 4.0, "target": 13, "value": 0.0254290852975942, "supply": [{"l": "Cottonseed", "v": 0.019071813973195649}, {"l": "Oilcrops, Other", "v": 0.0063572713243985508}]}, {"source": 6, "prod": 22.0, "target": 14, "value": 0.17910481244293153, "supply": [{"l": "Fats, Animals, Raw", "v": 0.17910481244293153}]}, {"source": 12, "prod": 2.0, "target": 14, "value": 0.023347591622025002, "supply": [{"l": "Oilcrops Oil, Other", "v": 0.012735049975650002}, {"l": "Rape and Mustard Oil", "v": 0.010612541646375}]}, {"source": 3, "prod": 13.0, "target": 14, "value": 0.0029669471269435487, "supply": [{"l": "Lemons, Limes", "v": 0.0029669471269435487}]}, {"source": 8, "prod": 5.0, "target": 14, "value": 0.0079263796528941926, "supply": [{"l": "Coconuts - Incl Copra", "v": 0.0079263796528941926}]}, {"source": 0, "prod": 1.0, "target": 0, "value": 0.00067381216802380958, "supply": [{"l": "Potatoes", "v": 0.00067381216802380958}]}, {"source": 3, "prod": 6.0, "target": 3, "value": 0.023706370563006573, "supply": [{"l": "Beans", "v": 0.011781323766019824}, {"l": "Pulses, Other", "v": 0.011925046796986749}]}, {"source": 5, "prod": 12.0, "target": 5, "value": 0.047888054700033107, "supply": [{"l": "Maize", "v": 0.023912326015828982}, {"l": "Rice", "v": 0.012667490028829576}, {"l": "Sorghum", "v": 0.011308238655374553}]}, {"source": 8, "prod": 2.0, "target": 8, "value": 0.012714542648797102, "supply": [{"l": "Groundnuts", "v": 0.0063572713243985508}, {"l": "Cottonseed", "v": 0.0063572713243985508}]}, {"source": 4, "prod": 2.0, "target": 15, "value": 0.0012931509446080843, "supply": [{"l": "Milk - Excluding Butter", "v": 0.0012931509446080843}]}, {"source": 5, "prod": 26.0, "target": 15, "value": 0.10077662589055508, "supply": [{"l": "Maize", "v": 0.03985387669304831}, {"l": "Rice", "v": 0.025334980057659152}, {"l": "Sorghum", "v": 0.022616477310749106}, {"l": "Wheat", "v": 0.012971291829098515}]}, {"source": 8, "prod": 2.0, "target": 15, "value": 0.0079425472549773894, "supply": [{"l": "Groundnuts", "v": 0.0063572713243985508}, {"l": "Coconuts - Incl Copra", "v": 0.0015852759305788383}]}, {"source": 2, "prod": 300.0, "target": 15, "value": 0.10138881765897467, "supply": [{"l": "Sugar cane", "v": 0.10138881765897467}]}, {"source": 0, "prod": 135.0, "target": 15, "value": 0.13862867439188364, "supply": [{"l": "Potatoes", "v": 0.00067381216802380958}, {"l": "Yams", "v": 0.024029433675988993}, {"l": "Roots, Other", "v": 0.0092698803982201056}, {"l": "Sweet potatoes", "v": 0.067463639328407668}, {"l": "Cassava", "v": 0.037191908821243069}]}, {"source": 3, "prod": 224.0, "target": 15, "value": 0.14724716209229452, "supply": [{"l": "Vegetables, Other", "v": 0.0072788219411744157}, {"l": "Fruits, Other", "v": 0.035077546065901632}, {"l": "Grapefruit", "v": 0.00024257238048857146}, {"l": "Beans", "v": 0.011781323766019824}, {"l": "Pulses, Other", "v": 0.011925046796986749}, {"l": "Lemons, Limes", "v": 0.00022822670207258065}, {"l": "Bananas", "v": 0.044254995652218465}, {"l": "Oranges, Mandarines", "v": 0.00067920266536800012}, {"l": "Plantains", "v": 0.035779426122064285}]}, {"source": 10, "prod": 1.0, "target": 15, "value": 0.00057365089980405406, "supply": [{"l": "Coffee", "v": 0.00057365089980405406}]}, {"source": 16, "prod": 2.0, "target": 10, "value": 0.010188039980520001, "supply": [{"l": "Infant food", "v": 0.010188039980520001}]}, {"source": 16, "prod": 53.0, "target": 13, "value": 0.43055129993018781, "supply": [{"l": "Fats, Animals, Raw", "v": 0.19538706811956164}, {"l": "Soyabean Oil", "v": 0.16429091020700884}, {"l": "Sugar", "v": 0.047525729981592393}, {"l": "Rape and Mustard Oil", "v": 0.010612541646375}, {"l": "Oilcrops Oil, Other", "v": 0.012735049975650002}]}, {"source": 16, "prod": 205.0, "target": 5, "value": 0.69575359683101745, "supply": [{"l": "Maize", "v": 0.031883101354438642}, {"l": "Wheat", "v": 0.54155143386486304}, {"l": "Cereals, Other", "v": 0.016756644704802634}, {"l": "Rice", "v": 0.10556241690691313}]}, {"source": 16, "prod": 96.0, "target": 1, "value": 0.066653979198224994, "supply": [{"l": "Pigmeat", "v": 0.0027716603612525773}, {"l": "Milk - Excluding Butter", "v": 0.042673981172066784}, {"l": "Fish, Seafood", "v": 0.011303298794955624}, {"l": "Demersal Fish", "v": 0.0099050388699500006}]}, {"source": 16, "prod": 8.0, "target": 3, "value": 0.0058900456654952318, "supply": [{"l": "Vegetables, Other", "v": 0.0015597475588230891}, {"l": "Fruits, Other", "v": 0.00040319018466553595}, {"l": "Beans", "v": 0.0039271079220066073}]}, {"source": 9, "prod": 6.0, "target": 17, "value": 0.025923125444504945, "supply": [{"l": "Sugar", "v": 0.025923125444504945}]}, {"source": 3, "prod": 7.0, "target": 17, "value": 0.0028223312926587518, "supply": [{"l": "Fruits, Other", "v": 0.0028223312926587518}]}, {"source": 4, "prod": 1.0, "target": 17, "value": 0.0025226533421711067, "supply": [{"l": "Bovine Meat", "v": 0.0025226533421711067}]}, {"source": 10, "prod": 17.0, "target": 17, "value": 0.013598900742413753, "supply": [{"l": "Coffee", "v": 0.0086047634970608106}, {"l": "Cocoa Beans", "v": 0.004994137245352942}]}, {"source": 18, "prod": 4.0, "target": 13, "value": 0.04107272755175221, "supply": [{"l": "Soyabean Oil", "v": 0.04107272755175221}]}, {"source": 10, "prod": 2.0, "target": 19, "value": 0.004994137245352942, "supply": [{"l": "Cocoa Beans", "v": 0.004994137245352942}]}, {"source": 5, "prod": 2.0, "target": 19, "value": 0.0084449933525530506, "supply": [{"l": "Rice", "v": 0.0084449933525530506}]}, {"source": 18, "prod": 1.0, "target": 10, "value": 0.00057365089980405406, "supply": [{"l": "Coffee", "v": 0.00057365089980405406}]}, {"source": 18, "prod": 41.0, "target": 5, "value": 0.1541261146230665, "supply": [{"l": "Maize", "v": 0.079707753386096619}, {"l": "Wheat", "v": 0.029185406615471657}, {"l": "Sorghum", "v": 0.045232954621498213}]}, {"source": 1, "prod": 39.0, "target": 11, "value": 0.02985543342247704, "supply": [{"l": "Demersal Fish", "v": 0.0099050388699500006}, {"l": "Marine Fish, Other", "v": 0.004879329492586207}, {"l": "Fish, Seafood", "v": 0.01507106505994083}]}, {"source": 1, "prod": 180.0, "target": 4, "value": 0.23633774726687537, "supply": [{"l": "Poultry Meat", "v": 0.010708150129675676}, {"l": "Pigmeat", "v": 0.047118226141293816}, {"l": "Bovine Meat", "v": 0.075679600265133207}, {"l": "Eggs", "v": 0.0048980961444807687}, {"l": "Milk - Excluding Butter", "v": 0.067243849119620377}, {"l": "Offals, Edible", "v": 0.0084900333171}, {"l": "Meat, Other", "v": 0.014362838318402257}, {"l": "Mutton & Goat Meat", "v": 0.0078369538311692313}]}, {"source": 13, "prod": 89.0, "target": 6, "value": 0.4281651733822418, "supply": [{"l": "Fats, Animals, Raw", "v": 0.2116693237961918}, {"l": "Beverages, Alcoholic", "v": 0.21649584958605}]}, {"source": 13, "prod": 23.0, "target": 12, "value": 0.24144627935643603, "supply": [{"l": "Oilcrops Oil, Other", "v": 0.025470099951300004}, {"l": "Soyabean Oil", "v": 0.20536363775876104}, {"l": "Rape and Mustard Oil", "v": 0.010612541646375}]}, {"source": 13, "prod": 147.0, "target": 9, "value": 0.59889203491881271, "supply": [{"l": "Sugar non-centrifugal", "v": 0.31373765502925827}, {"l": "Sugar", "v": 0.28515437988955439}]}, {"source": 20, "prod": 0, "target": 5, "value": 0.0027820660208258017, "supply": "[{\"l\":'Energy for power irrigation',\"v\":0.0027820660208258017}]"}, {"source": 20, "prod": 0, "target": 8, "value": 0.00041410207018581122, "supply": "[{\"l\":'Energy for power irrigation',\"v\":0.00041410207018581122}]"}, {"source": 20, "prod": 0, "target": 2, "value": 0.01749727057123146, "supply": "[{\"l\":'Energy for power irrigation',\"v\":0.01749727057123146}]"}, {"source": 20, "prod": 0, "target": 0, "value": 0.0043189096193322982, "supply": "[{\"l\":'Energy for power irrigation',\"v\":0.0043189096193322982}]"}, {"source": 20, "prod": 0, "target": 3, "value": 0.0082091361096694269, "supply": "[{\"l\":'Energy for power irrigation',\"v\":0.0082091361096694269}]"}, {"source": 20, "prod": 0, "target": 10, "value": 0.00022454830566413705, "supply": "[{\"l\":'Energy for power irrigation',\"v\":0.00022454830566413705}]"}, {"source": 20, "prod": 0, "target": 13, "value": 0.012354591754539537, "supply": "[{\"l\":'Electricity',\"v\":0.012354591754539537}]"}, {"source": 21, "prod": 0, "target": 20, "value": 0.042030262654500626, "supply": [{"l": "Coal", "v": 0.0}, {"l": "Natural gas", "v": 0.0}, {"l": "Oil", "v": 0.042030262654500626}]}, {"source": 22, "prod": 0, "target": 20, "value": 0.02982912464273824, "supply": [{"l": "Nuclear", "v": 0.0}, {"l": "Hydroelectric", "v": 0.028419874659616748}, {"l": "Renewable", "v": 0.001409249983121492}]}, {"source": 21, "prod": 0, "target": 5, "value": 0.0036518319505181168, "supply": [{"l": "Gas-Diesel oil", "v": 0.0033118260845513992}, {"l": "Other fossil fuels", "v": 0.00034000586596671782}]}, {"source": 21, "prod": 0, "target": 8, "value": 0.00054356408487795879, "supply": [{"l": "Gas-Diesel oil", "v": 0.0004929552452896213}, {"l": "Other fossil fuels", "v": 5.0608839588337453e-05}]}, {"source": 21, "prod": 0, "target": 2, "value": 0.022967496544139102, "supply": [{"l": "Gas-Diesel oil", "v": 0.020829094871392451}, {"l": "Other fossil fuels", "v": 0.0021384016727466529}]}, {"source": 21, "prod": 0, "target": 0, "value": 0.0056691437303116677, "supply": [{"l": "Gas-Diesel oil", "v": 0.0051413149174220352}, {"l": "Other fossil fuels", "v": 0.00052782881288963217}]}, {"source": 21, "prod": 0, "target": 3, "value": 0.010775583795291928, "supply": [{"l": "Gas-Diesel oil", "v": 0.0097723170104949564}, {"l": "Other fossil fuels", "v": 0.0010032667847969714}]}, {"source": 21, "prod": 0, "target": 10, "value": 0.00029474953898311846, "supply": [{"l": "Gas-Diesel oil", "v": 0.00026730671751620306}, {"l": "Other fossil fuels", "v": 2.7442821466915377e-05}]}, {"source": 23, "prod": 0.38263144127648441, "target": 5, "value": 0.0045175926446464213, "supply": [{"l": "Potash", "v": 0.002820277780034}, {"l": "Phosphate", "v": 0.0037875000030299995}, {"l": "Nitrogen", "v": 0.047702777815939991}]}, {"source": 23, "prod": 0.056953526898596216, "target": 8, "value": 0.00067242993243164762, "supply": [{"l": "Potash", "v": 0.002820277780034}, {"l": "Phosphate", "v": 0.0037875000030299995}, {"l": "Nitrogen", "v": 0.047702777815939991}]}, {"source": 23, "prod": 2.406487052053361, "target": 2, "value": 0.028412532356266802, "supply": [{"l": "Potash", "v": 0.002820277780034}, {"l": "Phosphate", "v": 0.0037875000030299995}, {"l": "Nitrogen", "v": 0.047702777815939991}]}, {"source": 23, "prod": 0.59400122068183792, "target": 0, "value": 0.0070131600699385212, "supply": [{"l": "Potash", "v": 0.002820277780034}, {"l": "Phosphate", "v": 0.0037875000030299995}, {"l": "Nitrogen", "v": 0.047702777815939991}]}, {"source": 23, "prod": 1.1290435085883685, "target": 3, "value": 0.013330213097148507, "supply": [{"l": "Potash", "v": 0.002820277780034}, {"l": "Phosphate", "v": 0.0037875000030299995}, {"l": "Nitrogen", "v": 0.047702777815939991}]}, {"source": 23, "prod": 0.030883250501351465, "target": 10, "value": 0.00036462749857209059, "supply": [{"l": "Potash", "v": 0.002820277780034}, {"l": "Phosphate", "v": 0.0037875000030299995}, {"l": "Nitrogen", "v": 0.047702777815939991}]}, {"source": 21, "prod": 0, "target": 23, "value": 0.066760004510069887, "supply": [{"l": "Natural gas (including LNG)", "v": 0.044568026632492742}, {"l": "Fuel oil", "v": 0.013759501246537372}, {"l": "Liquefied petroleum gas (LPG)", "v": 0.0042162383155198825}, {"l": "Coal", "v": 0.0042162383155198825}]}, {"source": 24, "prod": 0, "target": 5, "value": 0.074528974396204276, "supply": "[{\"l\":'Labor',\"v\":0.074528974396204276}]"}, {"source": 24, "prod": 0, "target": 8, "value": 0.011093411283292462, "supply": "[{\"l\":'Labor',\"v\":0.011093411283292462}]"}, {"source": 24, "prod": 0, "target": 2, "value": 0.46873568802644205, "supply": "[{\"l\":'Labor',\"v\":0.46873568802644205}]"}, {"source": 24, "prod": 0, "target": 0, "value": 0.11569959232786009, "supply": "[{\"l\":'Labor',\"v\":0.11569959232786009}]"}, {"source": 24, "prod": 0, "target": 3, "value": 0.21991516029907238, "supply": "[{\"l\":'Labor',\"v\":0.21991516029907238}]"}, {"source": 24, "prod": 0, "target": 10, "value": 0.0060154413296726727, "supply": "[{\"l\":'Labor',\"v\":0.0060154413296726727}]"}, {"source": 21, "prod": 0, "target": 16, "value": 0.212052553412338, "supply": "[{\"l\":'Fossil Fuels',\"v\":0.212052553412338}]"}, {"source": 22, "prod": 0, "target": 16, "value": 1.6078154722024234, "supply": "[{\"l\":'Renewables & Nuclear',\"v\":0.021069999148353766},{\"l\":'Biomass & Waste',\"v\":1.5867454730540695}]"}]}