{"nodes": [{"layer": 5, "name": "Maize"}, {"layer": 10, "name": "Feed", "fill": "#dbdb8d"}, {"layer": 13, "name": "Pelagic Fish"}, {"layer": 5, "name": "Plantains"}, {"layer": 13, "name": "Offals, Edible"}, {"layer": 13, "name": "Fish, Seafood"}, {"layer": 13, "name": "Meat, Other"}, {"layer": 5, "name": "Sugar cane"}, {"layer": 5, "name": "Sorghum"}, {"layer": 5, "name": "Cassava"}, {"layer": 16, "name": "Food", "fill": "#b5cf6b"}, {"layer": 5, "name": "Vegetables, Other"}, {"layer": 5, "name": "Fruits, Other"}, {"layer": 5, "name": "Yams"}, {"layer": 13, "name": "Sugar", "fill": "#d6616b"}, {"layer": 5, "name": "Infant food"}, {"layer": 13, "name": "Beverages, Alcoholic"}, {"layer": 5, "name": "Rice"}, {"layer": 13, "name": "Oilcrops Oil, Other"}, {"layer": 5, "name": "Tomatoes"}, {"layer": 13, "name": "Fats, Animals, Raw"}, {"layer": 5, "name": "Coffee"}, {"layer": 13, "name": "Sugar non-centrifugal"}, {"layer": 5, "name": "Wheat"}, {"layer": 13, "name": "Soyabean Oil"}, {"layer": 5, "name": "Coconuts - Incl Copra"}, {"layer": 13, "name": "Eggs"}, {"layer": 5, "name": "Roots, Other"}, {"layer": 5, "name": "Sesame seed"}, {"layer": 5, "name": "Sweet potatoes"}, {"layer": 13, "name": "Marine Fish, Other"}, {"layer": 5, "name": "Groundnuts"}, {"layer": 13, "name": "Mutton & Goat Meat"}, {"layer": 13, "name": "Pigmeat"}, {"layer": 5, "name": "Cocoa Beans"}, {"layer": 5, "name": "Potatoes"}, {"layer": 13, "name": "Milk - Excluding Butter"}, {"layer": 5, "name": "Pineapples"}, {"layer": 5, "name": "Beans"}, {"layer": 5, "name": "Pulses, Other"}, {"layer": 5, "name": "Lemons, Limes"}, {"layer": 5, "name": "Cereals, Other"}, {"layer": 5, "name": "Bananas"}, {"layer": 13, "name": "Bovine Meat"}, {"layer": 13, "name": "Poultry Meat"}, {"layer": 5, "name": "Grapefruit"}, {"layer": 13, "name": "Demersal Fish"}, {"layer": 5, "name": "Oranges, Mandarines"}, {"layer": 13, "name": "Cottonseed Oil"}, {"layer": 5, "name": "Onions"}, {"layer": 5, "name": "Cottonseed"}, {"layer": 10, "name": "Processing", "fill": "#9edae5"}, {"layer": 5, "name": "Oilcrops, Other"}, {"layer": 16, "name": "Biofuels & Other", "fill": "#e7ba52"}, {"name": "Seed", "fill": "#dbdb8d"}, {"name": "Waste", "fill": "#c7c7c7"}, {"layer": 0, "name": "Import", "fill": "#aec7e8"}, {"layer": 16, "name": "Export", "fill": "#aec7e8"}, {"layer": 16, "name": "Stock Deposit", "fill": "#c7c7c7"}, {"layer": 0, "name": "Production", "fill": "#b5cf6b"}], "links": [{"source": 0, "prod": 0.039835933452668622, "target": 1, "value": 10.0, "supply": [{"l": "Maize", "v": 10.0}]}, {"source": 2, "prod": 0.011245077241192052, "target": 1, "value": 10.0, "supply": [{"l": "Pelagic Fish", "v": 10.0}]}, {"source": 3, "prod": 0.085093626398884931, "target": 1, "value": 97.0, "supply": [{"l": "Plantains", "v": 97.0}]}, {"source": 4, "prod": 0.0014150055528499999, "target": 1, "value": 1.0, "supply": [{"l": "Offals, Edible", "v": 1.0}]}, {"source": 5, "prod": 0.0077182121064545452, "target": 1, "value": 10.0, "supply": [{"l": "Fish, Seafood", "v": 10.0}]}, {"source": 6, "prod": 0.0015839614397574627, "target": 1, "value": 1.0, "supply": [{"l": "Meat, Other", "v": 1.0}]}, {"source": 7, "prod": 0.053931240695912479, "target": 1, "value": 159.0, "supply": [{"l": "Sugar cane", "v": 159.0}]}, {"source": 8, "prod": 0.045381024412115813, "target": 1, "value": 12.0, "supply": [{"l": "Sorghum", "v": 12.0}]}, {"source": 9, "prod": 0.027495268708595141, "target": 1, "value": 29.0, "supply": [{"l": "Cassava", "v": 29.0}]}, {"source": 0, "prod": 0.60550618848056303, "target": 10, "value": 152.0, "supply": [{"l": "Maize", "v": 152.0}]}, {"source": 11, "prod": 0.063733533859831923, "target": 10, "value": 243.0, "supply": [{"l": "Vegetables, Other", "v": 243.0}]}, {"source": 3, "prod": 0.13948336698373923, "target": 10, "value": 159.0, "supply": [{"l": "Plantains", "v": 159.0}]}, {"source": 12, "prod": 0.13248969318552414, "target": 10, "value": 331.0, "supply": [{"l": "Fruits, Other", "v": 331.0}]}, {"source": 13, "prod": 0.092091638256280681, "target": 10, "value": 88.0, "supply": [{"l": "Yams", "v": 88.0}]}, {"source": 14, "prod": 0.29670396012960898, "target": 10, "value": 69.0, "supply": [{"l": "Sugar", "v": 69.0}]}, {"source": 15, "prod": 0.0040428730081428577, "target": 10, "value": 1.0, "supply": [{"l": "Infant food", "v": 1.0}]}, {"source": 16, "prod": 0.19159597575306267, "target": 10, "value": 56.0, "supply": [{"l": "Beverages, Alcoholic", "v": 56.0}]}, {"source": 17, "prod": 0.37945892277846693, "target": 10, "value": 90.0, "supply": [{"l": "Rice", "v": 90.0}]}, {"source": 18, "prod": 0.010188039980520001, "target": 10, "value": 1.0, "supply": [{"l": "Oilcrops Oil, Other", "v": 1.0}]}, {"source": 19, "prod": 0.00069781095756986313, "target": 10, "value": 3.0, "supply": [{"l": "Tomatoes", "v": 3.0}]}, {"source": 20, "prod": 0.033481821532225356, "target": 10, "value": 4.0, "supply": [{"l": "Fats, Animals, Raw", "v": 4.0}]}, {"source": 21, "prod": 0.009228297083804347, "target": 10, "value": 15.0, "supply": [{"l": "Coffee", "v": 15.0}]}, {"source": 22, "prod": 0.30508437776645314, "target": 10, "value": 79.0, "supply": [{"l": "Sugar non-centrifugal", "v": 79.0}]}, {"source": 23, "prod": 0.4218308977313221, "target": 10, "value": 126.0, "supply": [{"l": "Wheat", "v": 126.0}]}, {"source": 24, "prod": 0.12377992499697195, "target": 10, "value": 12.0, "supply": [{"l": "Soyabean Oil", "v": 12.0}]}, {"source": 25, "prod": 0.041847425883474648, "target": 10, "value": 27.0, "supply": [{"l": "Coconuts - Incl Copra", "v": 27.0}]}, {"source": 26, "prod": 0.0048056792360943405, "target": 10, "value": 3.0, "supply": [{"l": "Eggs", "v": 3.0}]}, {"source": 27, "prod": 0.032781801242183273, "target": 10, "value": 31.0, "supply": [{"l": "Roots, Other", "v": 31.0}]}, {"source": 28, "prod": 0.026307145489605634, "target": 10, "value": 4.0, "supply": [{"l": "Sesame seed", "v": 4.0}]}, {"source": 29, "prod": 0.22711508684229653, "target": 10, "value": 212.0, "supply": [{"l": "Sweet potatoes", "v": 212.0}]}, {"source": 30, "prod": 0.0023915586808732395, "target": 10, "value": 4.0, "supply": [{"l": "Marine Fish, Other", "v": 4.0}]}, {"source": 31, "prod": 0.13336705880011418, "target": 10, "value": 21.0, "supply": [{"l": "Groundnuts", "v": 21.0}]}, {"source": 32, "prod": 0.0078369538311692313, "target": 10, "value": 4.0, "supply": [{"l": "Mutton & Goat Meat", "v": 4.0}]}, {"source": 33, "prod": 0.079272470176710241, "target": 10, "value": 29.0, "supply": [{"l": "Pigmeat", "v": 29.0}]}, {"source": 34, "prod": 0.0019295530266136365, "target": 10, "value": 1.0, "supply": [{"l": "Cocoa Beans", "v": 1.0}]}, {"source": 35, "prod": 0.0067920266536800012, "target": 10, "value": 8.0, "supply": [{"l": "Potatoes", "v": 8.0}]}, {"source": 36, "prod": 0.059314809806023418, "target": 10, "value": 74.0, "supply": [{"l": "Milk - Excluding Butter", "v": 74.0}]}, {"source": 37, "prod": 0.00089841622403174614, "target": 10, "value": 2.0, "supply": [{"l": "Pineapples", "v": 2.0}]}, {"source": 38, "prod": 0.17538344259269847, "target": 10, "value": 45.0, "supply": [{"l": "Beans", "v": 45.0}]}, {"source": 39, "prod": 0.14989041121782745, "target": 10, "value": 38.0, "supply": [{"l": "Pulses, Other", "v": 38.0}]}, {"source": 5, "prod": 0.011577318159681819, "target": 10, "value": 15.0, "supply": [{"l": "Fish, Seafood", "v": 15.0}]}, {"source": 6, "prod": 0.011087730078302238, "target": 10, "value": 7.0, "supply": [{"l": "Meat, Other", "v": 7.0}]}, {"source": 40, "prod": 0.0046462868899552244, "target": 10, "value": 11.0, "supply": [{"l": "Lemons, Limes", "v": 11.0}]}, {"source": 8, "prod": 0.37817520343429839, "target": 10, "value": 100.0, "supply": [{"l": "Sorghum", "v": 100.0}]}, {"source": 41, "prod": 0.012671691518059702, "target": 10, "value": 4.0, "supply": [{"l": "Cereals, Other", "v": 4.0}]}, {"source": 7, "prod": 0.078013744402892257, "target": 10, "value": 230.0, "supply": [{"l": "Sugar cane", "v": 230.0}]}, {"source": 2, "prod": 0.0011245077241192052, "target": 10, "value": 1.0, "supply": [{"l": "Pelagic Fish", "v": 1.0}]}, {"source": 42, "prod": 0.11854235278382824, "target": 10, "value": 158.0, "supply": [{"l": "Bananas", "v": 158.0}]}, {"source": 43, "prod": 0.051746641062007923, "target": 10, "value": 21.0, "supply": [{"l": "Bovine Meat", "v": 21.0}]}, {"source": 44, "prod": 0.0064974744773724502, "target": 10, "value": 5.0, "supply": [{"l": "Poultry Meat", "v": 5.0}]}, {"source": 4, "prod": 0.0070750277642500003, "target": 10, "value": 5.0, "supply": [{"l": "Offals, Edible", "v": 5.0}]}, {"source": 45, "prod": 0.0024824658821929828, "target": 10, "value": 10.0, "supply": [{"l": "Grapefruit", "v": 10.0}]}, {"source": 46, "prod": 0.0069590437025409835, "target": 10, "value": 10.0, "supply": [{"l": "Demersal Fish", "v": 10.0}]}, {"source": 47, "prod": 0.011773025598197307, "target": 10, "value": 35.0, "supply": [{"l": "Oranges, Mandarines", "v": 35.0}]}, {"source": 48, "prod": 0.0097961922889615409, "target": 10, "value": 1.0, "supply": [{"l": "Cottonseed Oil", "v": 1.0}]}, {"source": 49, "prod": 0.0024490480722403844, "target": 10, "value": 3.0, "supply": [{"l": "Onions", "v": 3.0}]}, {"source": 9, "prod": 0.17729707753473423, "target": 10, "value": 187.0, "supply": [{"l": "Cassava", "v": 187.0}]}, {"source": 50, "prod": 0.019052436971444885, "target": 51, "value": 3.0, "supply": [{"l": "Cottonseed", "v": 3.0}]}, {"source": 52, "prod": 0.0063508123238149618, "target": 51, "value": 1.0, "supply": [{"l": "Oilcrops, Other", "v": 1.0}]}, {"source": 7, "prod": 0.74113057182747655, "target": 51, "value": 2185.0, "supply": [{"l": "Sugar cane", "v": 2185.0}]}, {"source": 20, "prod": 0.11718637536278873, "target": 53, "value": 14.0, "supply": [{"l": "Fats, Animals, Raw", "v": 14.0}]}, {"source": 18, "prod": 0.010188039980520001, "target": 53, "value": 1.0, "supply": [{"l": "Oilcrops Oil, Other", "v": 1.0}]}, {"source": 40, "prod": 0.0054910663244925381, "target": 53, "value": 13.0, "supply": [{"l": "Lemons, Limes", "v": 13.0}]}, {"source": 25, "prod": 0.0077495233117545635, "target": 53, "value": 5.0, "supply": [{"l": "Coconuts - Incl Copra", "v": 5.0}]}, {"source": 0, "prod": 0.023901560071601175, "target": 54, "value": 6.0, "supply": [{"l": "Maize", "v": 6.0}]}, {"source": 35, "prod": 0.00084900333171000015, "target": 54, "value": 1.0, "supply": [{"l": "Potatoes", "v": 1.0}]}, {"source": 38, "prod": 0.015589639341573197, "target": 54, "value": 4.0, "supply": [{"l": "Beans", "v": 4.0}]}, {"source": 39, "prod": 0.011833453517196901, "target": 54, "value": 3.0, "supply": [{"l": "Pulses, Other", "v": 3.0}]}, {"source": 31, "prod": 0.0063508123238149618, "target": 54, "value": 1.0, "supply": [{"l": "Groundnuts", "v": 1.0}]}, {"source": 17, "prod": 0.012648630759282234, "target": 54, "value": 3.0, "supply": [{"l": "Rice", "v": 3.0}]}, {"source": 8, "prod": 0.011345256103028953, "target": 54, "value": 3.0, "supply": [{"l": "Sorghum", "v": 3.0}]}, {"source": 0, "prod": 0.039835933452668622, "target": 55, "value": 10.0, "supply": [{"l": "Maize", "v": 10.0}]}, {"source": 27, "prod": 0.0084598196754021356, "target": 55, "value": 8.0, "supply": [{"l": "Roots, Other", "v": 8.0}]}, {"source": 3, "prod": 0.0394764246180394, "target": 55, "value": 45.0, "supply": [{"l": "Plantains", "v": 45.0}]}, {"source": 12, "prod": 0.032822220064087554, "target": 55, "value": 82.0, "supply": [{"l": "Fruits, Other", "v": 82.0}]}, {"source": 13, "prod": 0.02302290956407017, "target": 55, "value": 22.0, "supply": [{"l": "Yams", "v": 22.0}]}, {"source": 45, "prod": 0.00024824658821929828, "target": 55, "value": 1.0, "supply": [{"l": "Grapefruit", "v": 1.0}]}, {"source": 17, "prod": 0.025297261518564467, "target": 55, "value": 6.0, "supply": [{"l": "Rice", "v": 6.0}]}, {"source": 21, "prod": 0.00061521980558695648, "target": 55, "value": 1.0, "supply": [{"l": "Coffee", "v": 1.0}]}, {"source": 23, "prod": 0.010043592803126717, "target": 55, "value": 3.0, "supply": [{"l": "Wheat", "v": 3.0}]}, {"source": 25, "prod": 0.0015499046623509128, "target": 55, "value": 1.0, "supply": [{"l": "Coconuts - Incl Copra", "v": 1.0}]}, {"source": 11, "prod": 0.0068192258450848978, "target": 55, "value": 26.0, "supply": [{"l": "Vegetables, Other", "v": 26.0}]}, {"source": 31, "prod": 0.0063508123238149618, "target": 55, "value": 1.0, "supply": [{"l": "Groundnuts", "v": 1.0}]}, {"source": 35, "prod": 0.00084900333171000015, "target": 55, "value": 1.0, "supply": [{"l": "Potatoes", "v": 1.0}]}, {"source": 36, "prod": 0.0016031029677303626, "target": 55, "value": 2.0, "supply": [{"l": "Milk - Excluding Butter", "v": 2.0}]}, {"source": 38, "prod": 0.015589639341573197, "target": 55, "value": 4.0, "supply": [{"l": "Beans", "v": 4.0}]}, {"source": 39, "prod": 0.011833453517196901, "target": 55, "value": 3.0, "supply": [{"l": "Pulses, Other", "v": 3.0}]}, {"source": 40, "prod": 0.00042238971726865681, "target": 55, "value": 1.0, "supply": [{"l": "Lemons, Limes", "v": 1.0}]}, {"source": 8, "prod": 0.022690512206057906, "target": 55, "value": 6.0, "supply": [{"l": "Sorghum", "v": 6.0}]}, {"source": 7, "prod": 0.097008395214031234, "target": 55, "value": 286.0, "supply": [{"l": "Sugar cane", "v": 286.0}]}, {"source": 42, "prod": 0.039764206946474021, "target": 55, "value": 53.0, "supply": [{"l": "Bananas", "v": 53.0}]}, {"source": 29, "prod": 0.056778771710574133, "target": 55, "value": 53.0, "supply": [{"l": "Sweet potatoes", "v": 53.0}]}, {"source": 47, "prod": 0.00067274431989698886, "target": 55, "value": 2.0, "supply": [{"l": "Oranges, Mandarines", "v": 2.0}]}, {"source": 9, "prod": 0.036028283135400539, "target": 55, "value": 38.0, "supply": [{"l": "Cassava", "v": 38.0}]}, {"source": 56, "prod": 0.0040428730081428577, "target": 15, "value": 1.0, "supply": [{"l": "Infant food", "v": 1.0}]}, {"source": 56, "prod": 0.012671691518059702, "target": 41, "value": 4.0, "supply": [{"l": "Cereals, Other", "v": 4.0}]}, {"source": 56, "prod": 0.075891784555693398, "target": 17, "value": 18.0, "supply": [{"l": "Rice", "v": 18.0}]}, {"source": 56, "prod": 0.48544031881779132, "target": 23, "value": 145.0, "supply": [{"l": "Wheat", "v": 145.0}]}, {"source": 56, "prod": 0.065995830478283668, "target": 1, "value": 80.0, "supply": [{"l": "Pelagic Fish", "v": 11.0}, {"l": "Milk - Excluding Butter", "v": 38.0}, {"l": "Demersal Fish", "v": 10.0}, {"l": "Fish, Seafood", "v": 21.0}]}, {"source": 56, "prod": 0.35002994041402907, "target": 51, "value": 43.0, "supply": [{"l": "Soyabean Oil", "v": 17.0}, {"l": "Fats, Animals, Raw", "v": 14.0}, {"l": "Sugar", "v": 11.0}, {"l": "Oilcrops Oil, Other", "v": 1.0}]}, {"source": 56, "prod": 0.099589833631671551, "target": 0, "value": 25.0, "supply": [{"l": "Maize", "v": 25.0}]}, {"source": 56, "prod": 0.00040027097639131165, "target": 12, "value": 1.0, "supply": [{"l": "Fruits, Other", "v": 1.0}]}, {"source": 56, "prod": 0.0013113895855932495, "target": 11, "value": 5.0, "supply": [{"l": "Vegetables, Other", "v": 5.0}]}, {"source": 43, "prod": 0.0024641257648575204, "target": 57, "value": 1.0, "supply": [{"l": "Bovine Meat", "v": 1.0}]}, {"source": 21, "prod": 0.0086130772782173921, "target": 57, "value": 14.0, "supply": [{"l": "Coffee", "v": 14.0}]}, {"source": 12, "prod": 0.0024016258583478699, "target": 57, "value": 6.0, "supply": [{"l": "Fruits, Other", "v": 6.0}]}, {"source": 34, "prod": 0.0057886590798409097, "target": 57, "value": 3.0, "supply": [{"l": "Cocoa Beans", "v": 3.0}]}, {"source": 0, "prod": 0.11950780035800587, "target": 58, "value": 30.0, "supply": [{"l": "Maize", "v": 30.0}]}, {"source": 8, "prod": 0.0075635040686859688, "target": 58, "value": 2.0, "supply": [{"l": "Sorghum", "v": 2.0}]}, {"source": 24, "prod": 0.061889962498485974, "target": 58, "value": 6.0, "supply": [{"l": "Soyabean Oil", "v": 6.0}]}, {"source": 21, "prod": 0.0061521980558695653, "target": 58, "value": 10.0, "supply": [{"l": "Coffee", "v": 10.0}]}, {"source": 14, "prod": 0.0043000573931827393, "target": 58, "value": 1.0, "supply": [{"l": "Sugar", "v": 1.0}]}, {"source": 23, "prod": 0.056913692551051408, "target": 58, "value": 17.0, "supply": [{"l": "Wheat", "v": 17.0}]}, {"source": 59, "prod": 0.72899758218383581, "target": 0, "value": 183.0, "supply": [{"l": "Maize", "v": 183.0}]}, {"source": 59, "prod": 0.069503648036442212, "target": 11, "value": 265.0, "supply": [{"l": "Vegetables, Other", "v": 265.0}]}, {"source": 59, "prod": 0.26405341800066356, "target": 3, "value": 301.0, "supply": [{"l": "Plantains", "v": 301.0}]}, {"source": 59, "prod": 0.16731326813156827, "target": 12, "value": 418.0, "supply": [{"l": "Fruits, Other", "v": 418.0}]}, {"source": 59, "prod": 0.11511454782035084, "target": 13, "value": 110.0, "supply": [{"l": "Yams", "v": 110.0}]}, {"source": 59, "prod": 0.0024824658821929828, "target": 45, "value": 10.0, "supply": [{"l": "Grapefruit", "v": 10.0}]}, {"source": 59, "prod": 0.00093041461009315065, "target": 19, "value": 4.0, "supply": [{"l": "Tomatoes", "v": 4.0}]}, {"source": 59, "prod": 0.024608792223478261, "target": 21, "value": 40.0, "supply": [{"l": "Coffee", "v": 40.0}]}, {"source": 59, "prod": 0.34151303050062032, "target": 17, "value": 81.0, "supply": [{"l": "Rice", "v": 81.0}]}, {"source": 59, "prod": 0.052696758519931039, "target": 25, "value": 34.0, "supply": [{"l": "Coconuts - Incl Copra", "v": 34.0}]}, {"source": 59, "prod": 0.041241620917585403, "target": 27, "value": 39.0, "supply": [{"l": "Roots, Other", "v": 39.0}]}, {"source": 59, "prod": 0.026307145489605634, "target": 28, "value": 4.0, "supply": [{"l": "Sesame seed", "v": 4.0}]}, {"source": 59, "prod": 0.15241949577155908, "target": 31, "value": 24.0, "supply": [{"l": "Groundnuts", "v": 24.0}]}, {"source": 59, "prod": 0.0063508123238149618, "target": 52, "value": 1.0, "supply": [{"l": "Oilcrops, Other", "v": 1.0}]}, {"source": 59, "prod": 0.9700839521403124, "target": 7, "value": 2860.0, "supply": [{"l": "Sugar cane", "v": 2860.0}]}, {"source": 59, "prod": 0.007718212106454546, "target": 34, "value": 4.0, "supply": [{"l": "Cocoa Beans", "v": 4.0}]}, {"source": 59, "prod": 0.019052436971444885, "target": 50, "value": 3.0, "supply": [{"l": "Cottonseed", "v": 3.0}]}, {"source": 59, "prod": 0.0084900333171000018, "target": 35, "value": 10.0, "supply": [{"l": "Potatoes", "v": 10.0}]}, {"source": 59, "prod": 0.20266531144045161, "target": 38, "value": 52.0, "supply": [{"l": "Beans", "v": 52.0}]}, {"source": 59, "prod": 0.17355731825222126, "target": 39, "value": 44.0, "supply": [{"l": "Pulses, Other", "v": 44.0}]}, {"source": 59, "prod": 0.010559742931716418, "target": 40, "value": 25.0, "supply": [{"l": "Lemons, Limes", "v": 25.0}]}, {"source": 59, "prod": 0.46515550022418706, "target": 8, "value": 123.0, "supply": [{"l": "Sorghum", "v": 123.0}]}, {"source": 59, "prod": 0.00089841622403174614, "target": 37, "value": 2.0, "supply": [{"l": "Pineapples", "v": 2.0}]}, {"source": 59, "prod": 0.15755629167470842, "target": 42, "value": 210.0, "supply": [{"l": "Bananas", "v": 210.0}]}, {"source": 59, "prod": 0.28389385855287069, "target": 29, "value": 265.0, "supply": [{"l": "Sweet potatoes", "v": 265.0}]}, {"source": 59, "prod": 0.012445769918094294, "target": 47, "value": 37.0, "supply": [{"l": "Oranges, Mandarines", "v": 37.0}]}, {"source": 59, "prod": 0.0024490480722403844, "target": 49, "value": 3.0, "supply": [{"l": "Onions", "v": 3.0}]}, {"source": 59, "prod": 0.24082062937872992, "target": 9, "value": 254.0, "supply": [{"l": "Cassava", "v": 254.0}]}, {"source": 1, "prod": 0.0064974744773724502, "target": 44, "value": 5.0, "supply": [{"l": "Poultry Meat", "v": 5.0}]}, {"source": 1, "prod": 0.079272470176710241, "target": 33, "value": 29.0, "supply": [{"l": "Pigmeat", "v": 29.0}]}, {"source": 1, "prod": 0.012369584965311257, "target": 2, "value": 11.0, "supply": [{"l": "Pelagic Fish", "v": 11.0}]}, {"source": 1, "prod": 0.054210766826865445, "target": 43, "value": 22.0, "supply": [{"l": "Bovine Meat", "v": 22.0}]}, {"source": 1, "prod": 0.0048056792360943405, "target": 26, "value": 3.0, "supply": [{"l": "Eggs", "v": 3.0}]}, {"source": 1, "prod": 0.060917912773753781, "target": 36, "value": 76.0, "supply": [{"l": "Milk - Excluding Butter", "v": 76.0}]}, {"source": 1, "prod": 0.0084900333171, "target": 4, "value": 6.0, "supply": [{"l": "Offals, Edible", "v": 6.0}]}, {"source": 1, "prod": 0.0023915586808732395, "target": 30, "value": 4.0, "supply": [{"l": "Marine Fish, Other", "v": 4.0}]}, {"source": 1, "prod": 0.019295530266136365, "target": 5, "value": 25.0, "supply": [{"l": "Fish, Seafood", "v": 25.0}]}, {"source": 1, "prod": 0.0069590437025409835, "target": 46, "value": 10.0, "supply": [{"l": "Demersal Fish", "v": 10.0}]}, {"source": 1, "prod": 0.012671691518059702, "target": 6, "value": 8.0, "supply": [{"l": "Meat, Other", "v": 8.0}]}, {"source": 1, "prod": 0.0078369538311692313, "target": 32, "value": 4.0, "supply": [{"l": "Mutton & Goat Meat", "v": 4.0}]}, {"source": 51, "prod": 0.15066819689501409, "target": 20, "value": 18.0, "supply": [{"l": "Fats, Animals, Raw", "v": 18.0}]}, {"source": 51, "prod": 0.18566988749545793, "target": 24, "value": 18.0, "supply": [{"l": "Soyabean Oil", "v": 18.0}]}, {"source": 51, "prod": 0.30100401752279171, "target": 14, "value": 70.0, "supply": [{"l": "Sugar", "v": 70.0}]}, {"source": 51, "prod": 0.19159597575306267, "target": 16, "value": 56.0, "supply": [{"l": "Beverages, Alcoholic", "v": 56.0}]}, {"source": 51, "prod": 0.0097961922889615409, "target": 48, "value": 1.0, "supply": [{"l": "Cottonseed Oil", "v": 1.0}]}, {"source": 51, "prod": 0.020376079961040003, "target": 18, "value": 2.0, "supply": [{"l": "Oilcrops Oil, Other", "v": 2.0}]}, {"source": 51, "prod": 0.30508437776645314, "target": 22, "value": 79.0, "supply": [{"l": "Sugar non-centrifugal", "v": 79.0}]}]}