{"nodes": [{"layer": 5, "name": "Starchy Roots"}, {"layer": 10, "name": "Feed", "fill": "#dbdb8d"}, {"layer": 5, "name": "Cereals - Excluding Beer"}, {"layer": 5, "name": "Sugar Crops", "fill": "#ffbb78"}, {"layer": 13, "name": "Meat"}, {"layer": 5, "name": "Fruits - Excluding Wine"}, {"layer": 13, "name": "Milk - Excluding Butter"}, {"layer": 16, "name": "Food", "fill": "#b5cf6b"}, {"layer": 5, "name": "Oilcrops", "fill": "#ff9896"}, {"layer": 5, "name": "Pulses"}, {"layer": 5, "name": "Vegetables"}, {"layer": 13, "name": "Animal Fats"}, {"layer": 13, "name": "Fish, Seafood"}, {"layer": 13, "name": "Sugar & Sweeteners"}, {"layer": 13, "name": "Alcoholic Beverages"}, {"layer": 13, "name": "Vegetable Oils", "fill": "#f7b6d2"}, {"layer": 5, "name": "Stimulants"}, {"layer": 13, "name": "Eggs"}, {"layer": 10, "name": "Processing", "fill": "#9edae5"}, {"layer": 16, "name": "Biofuels & Other", "fill": "#e7ba52"}, {"name": "Seed", "fill": "#dbdb8d"}, {"name": "Waste", "fill": "#c7c7c7"}, {"layer": 0, "name": "Import", "fill": "#aec7e8"}, {"layer": 16, "name": "Export", "fill": "#aec7e8"}, {"layer": 16, "name": "Stock Deposit", "fill": "#c7c7c7"}, {"layer": 0, "name": "Stock Draw", "fill": "#c7c7c7"}, {"layer": 0, "name": "Production", "fill": "#b5cf6b"}], "links": [{"source": 0, "prod": 0.017117891850386691, "target": 1, "value": 18.0, "supply": [{"l": "Cassava", "v": 18.0}]}, {"source": 2, "prod": 0.26319541125355556, "target": 1, "value": 68.0, "supply": [{"l": "Maize", "v": 31.0}, {"l": "Sorghum", "v": 37.0}]}, {"source": 3, "prod": 0.13921841325151521, "target": 1, "value": 413.0, "supply": [{"l": "Sugar cane", "v": 413.0}]}, {"source": 4, "prod": 0.0015160773780535715, "target": 1, "value": 1.0, "supply": [{"l": "Meat, Other", "v": 1.0}]}, {"source": 5, "prod": 0.047065246964872777, "target": 1, "value": 54.0, "supply": [{"l": "Plantains", "v": 54.0}]}, {"source": 6, "prod": 0.034725511897988316, "target": 7, "value": 49.0, "supply": [{"l": "Milk - Excluding Butter", "v": 49.0}]}, {"source": 8, "prod": 0.033988992136260256, "target": 7, "value": 18.0, "supply": [{"l": "Coconuts - Incl Copra", "v": 17.0}, {"l": "Groundnuts", "v": 1.0}]}, {"source": 9, "prod": 0.24014940231819543, "target": 7, "value": 61.0, "supply": [{"l": "Beans", "v": 34.0}, {"l": "Pulses, Other", "v": 27.0}]}, {"source": 10, "prod": 0.042399856195907075, "target": 7, "value": 161.0, "supply": [{"l": "Tomatoes", "v": 2.0}, {"l": "Vegetables, Other", "v": 157.0}, {"l": "Onions", "v": 2.0}]}, {"source": 3, "prod": 0.050563588348007941, "target": 7, "value": 150.0, "supply": [{"l": "Sugar cane", "v": 150.0}]}, {"source": 11, "prod": 0.041182997433694031, "target": 7, "value": 5.0, "supply": [{"l": "Fats, Animals, Raw", "v": 5.0}]}, {"source": 0, "prod": 0.37512122840253015, "target": 7, "value": 368.0, "supply": [{"l": "Roots, Other", "v": 12.0}, {"l": "Yams", "v": 66.0}, {"l": "Potatoes", "v": 3.0}, {"l": "Sweet potatoes", "v": 160.0}, {"l": "Cassava", "v": 127.0}]}, {"source": 12, "prod": 0.0070058507225580742, "target": 7, "value": 10.0, "supply": [{"l": "Marine Fish, Other", "v": 3.0}, {"l": "Pelagic Fish", "v": 2.0}, {"l": "Fish, Seafood", "v": 5.0}]}, {"source": 13, "prod": 0.39170516467642319, "target": 7, "value": 97.0, "supply": [{"l": "Sugar", "v": 34.0}, {"l": "Sugar non-centrifugal", "v": 63.0}]}, {"source": 14, "prod": 0.1776480278143793, "target": 7, "value": 52.0, "supply": [{"l": "Beverages, Alcoholic", "v": 52.0}]}, {"source": 2, "prod": 1.5408532359376181, "target": 7, "value": 399.0, "supply": [{"l": "Maize", "v": 182.0}, {"l": "Rice", "v": 38.0}, {"l": "Wheat", "v": 44.0}, {"l": "Sorghum", "v": 134.0}, {"l": "Cereals, Other", "v": 1.0}]}, {"source": 15, "prod": 0.052131783526052633, "target": 7, "value": 5.0, "supply": [{"l": "Soyabean Oil", "v": 5.0}]}, {"source": 16, "prod": 0.0067680978501888653, "target": 7, "value": 11.0, "supply": [{"l": "Coffee", "v": 9.0}, {"l": "Cocoa Beans", "v": 2.0}]}, {"source": 17, "prod": 0.0012128619024428574, "target": 7, "value": 1.0, "supply": [{"l": "Eggs", "v": 1.0}]}, {"source": 5, "prod": 0.27213457190802465, "target": 7, "value": 465.0, "supply": [{"l": "Plantains", "v": 122.0}, {"l": "Fruits, Other", "v": 214.0}, {"l": "Grapefruit", "v": 7.0}, {"l": "Lemons, Limes", "v": 9.0}, {"l": "Pineapples", "v": 1.0}, {"l": "Bananas", "v": 86.0}, {"l": "Oranges, Mandarines", "v": 26.0}]}, {"source": 4, "prod": 0.10060938243329141, "target": 7, "value": 43.0, "supply": [{"l": "Pigmeat", "v": 18.0}, {"l": "Meat, Other", "v": 3.0}, {"l": "Mutton & Goat Meat", "v": 4.0}, {"l": "Bovine Meat", "v": 13.0}, {"l": "Poultry Meat", "v": 2.0}, {"l": "Offals, Edible", "v": 3.0}]}, {"source": 3, "prod": 0.68159717093114702, "target": 18, "value": 2022.0, "supply": [{"l": "Sugar cane", "v": 2022.0}]}, {"source": 8, "prod": 0.012863686844090911, "target": 18, "value": 2.0, "supply": [{"l": "Cottonseed", "v": 2.0}]}, {"source": 5, "prod": 0.003723698823289474, "target": 19, "value": 10.0, "supply": [{"l": "Lemons, Limes", "v": 10.0}]}, {"source": 15, "prod": 0.0084900333171, "target": 19, "value": 1.0, "supply": [{"l": "Oilcrops Oil, Other", "v": 1.0}]}, {"source": 8, "prod": 0.0048630262436849649, "target": 19, "value": 3.0, "supply": [{"l": "Coconuts - Incl Copra", "v": 3.0}]}, {"source": 11, "prod": 0.049419596920432837, "target": 19, "value": 6.0, "supply": [{"l": "Fats, Animals, Raw", "v": 6.0}]}, {"source": 2, "prod": 0.051399167670712412, "target": 20, "value": 13.0, "supply": [{"l": "Maize", "v": 7.0}, {"l": "Rice", "v": 2.0}, {"l": "Sorghum", "v": 4.0}]}, {"source": 9, "prod": 0.023617593776953955, "target": 20, "value": 6.0, "supply": [{"l": "Pulses, Other", "v": 2.0}, {"l": "Beans", "v": 4.0}]}, {"source": 6, "prod": 0.00070868391628547576, "target": 21, "value": 1.0, "supply": [{"l": "Milk - Excluding Butter", "v": 1.0}]}, {"source": 8, "prod": 0.0016210087478949883, "target": 21, "value": 1.0, "supply": [{"l": "Coconuts - Incl Copra", "v": 1.0}]}, {"source": 10, "prod": 0.0043438929952710021, "target": 21, "value": 17.0, "supply": [{"l": "Vegetables, Other", "v": 17.0}]}, {"source": 3, "prod": 0.096744999039188539, "target": 21, "value": 287.0, "supply": [{"l": "Sugar cane", "v": 287.0}]}, {"source": 0, "prod": 0.088439169779302579, "target": 21, "value": 86.0, "supply": [{"l": "Cassava", "v": 26.0}, {"l": "Roots, Other", "v": 3.0}, {"l": "Yams", "v": 17.0}, {"l": "Sweet potatoes", "v": 40.0}]}, {"source": 9, "prod": 0.019683188093419811, "target": 21, "value": 5.0, "supply": [{"l": "Beans", "v": 3.0}, {"l": "Pulses, Other", "v": 2.0}]}, {"source": 5, "prod": 0.071065992441836298, "target": 21, "value": 115.0, "supply": [{"l": "Bananas", "v": 29.0}, {"l": "Fruits, Other", "v": 53.0}, {"l": "Oranges, Mandarines", "v": 1.0}, {"l": "Plantains", "v": 31.0}, {"l": "Lemons, Limes", "v": 1.0}]}, {"source": 2, "prod": 0.097739754217014183, "target": 21, "value": 25.0, "supply": [{"l": "Maize", "v": 12.0}, {"l": "Wheat", "v": 1.0}, {"l": "Rice", "v": 3.0}, {"l": "Sorghum", "v": 9.0}]}, {"source": 16, "prod": 0.00055130086474675327, "target": 21, "value": 1.0, "supply": [{"l": "Coffee", "v": 1.0}]}, {"source": 22, "prod": 0.24095278494036695, "target": 2, "value": 72.0, "supply": [{"l": "Maize", "v": 1.0}, {"l": "Wheat", "v": 70.0}, {"l": "Cereals, Other", "v": 1.0}]}, {"source": 22, "prod": 0.12626117890670191, "target": 18, "value": 14.0, "supply": [{"l": "Fats, Animals, Raw", "v": 9.0}, {"l": "Soyabean Oil", "v": 5.0}]}, {"source": 22, "prod": 0.00025552311736888248, "target": 10, "value": 1.0, "supply": [{"l": "Vegetables, Other", "v": 1.0}]}, {"source": 22, "prod": 0.015172095177993939, "target": 1, "value": 21.0, "supply": [{"l": "Milk - Excluding Butter", "v": 17.0}, {"l": "Pelagic Fish", "v": 2.0}, {"l": "Fish, Seafood", "v": 2.0}]}, {"source": 4, "prod": 0.0025283798279764889, "target": 23, "value": 1.0, "supply": [{"l": "Bovine Meat", "v": 1.0}]}, {"source": 13, "prod": 0.21276166525704876, "target": 23, "value": 49.0, "supply": [{"l": "Sugar", "v": 49.0}]}, {"source": 2, "prod": 0.033419062728978453, "target": 23, "value": 10.0, "supply": [{"l": "Wheat", "v": 10.0}]}, {"source": 16, "prod": 0.015237017517149629, "target": 23, "value": 27.0, "supply": [{"l": "Coffee", "v": 26.0}, {"l": "Cocoa Beans", "v": 1.0}]}, {"source": 5, "prod": 0.00040676664033633574, "target": 23, "value": 1.0, "supply": [{"l": "Fruits, Other", "v": 1.0}]}, {"source": 8, "prod": 0.0064318434220454555, "target": 23, "value": 1.0, "supply": [{"l": "Oilcrops, Other", "v": 1.0}]}, {"source": 2, "prod": 0.050128594093467677, "target": 24, "value": 15.0, "supply": [{"l": "Wheat", "v": 15.0}]}, {"source": 25, "prod": 0.052104897613971121, "target": 18, "value": 12.0, "supply": [{"l": "Sugar", "v": 12.0}]}, {"source": 25, "prod": 0.0011026017294935065, "target": 16, "value": 2.0, "supply": [{"l": "Coffee", "v": 2.0}]}, {"source": 26, "prod": 0.046488226073809202, "target": 10, "value": 177.0, "supply": [{"l": "Vegetables, Other", "v": 173.0}, {"l": "Tomatoes", "v": 2.0}, {"l": "Onions", "v": 2.0}]}, {"source": 26, "prod": 0.96812417156985886, "target": 3, "value": 2872.0, "supply": [{"l": "Sugar cane", "v": 2872.0}]}, {"source": 26, "prod": 0.48025792312285009, "target": 0, "value": 472.0, "supply": [{"l": "Potatoes", "v": 4.0}, {"l": "Yams", "v": 83.0}, {"l": "Roots, Other", "v": 15.0}, {"l": "Sweet potatoes", "v": 200.0}, {"l": "Cassava", "v": 170.0}]}, {"source": 26, "prod": 0.28345576402644379, "target": 9, "value": 72.0, "supply": [{"l": "Beans", "v": 40.0}, {"l": "Pulses, Other", "v": 32.0}]}, {"source": 26, "prod": 0.39510132821700117, "target": 5, "value": 647.0, "supply": [{"l": "Pineapples", "v": 1.0}, {"l": "Fruits, Other", "v": 268.0}, {"l": "Grapefruit", "v": 7.0}, {"l": "Plantains", "v": 207.0}, {"l": "Bananas", "v": 115.0}, {"l": "Oranges, Mandarines", "v": 28.0}, {"l": "Lemons, Limes", "v": 21.0}]}, {"source": 26, "prod": 1.7917952498795686, "target": 2, "value": 457.0, "supply": [{"l": "Maize", "v": 230.0}, {"l": "Rice", "v": 43.0}, {"l": "Sorghum", "v": 184.0}]}, {"source": 26, "prod": 0.022005115367338492, "target": 16, "value": 38.0, "supply": [{"l": "Cocoa Beans", "v": 3.0}, {"l": "Coffee", "v": 35.0}]}, {"source": 26, "prod": 0.072632244238067481, "target": 8, "value": 27.0, "supply": [{"l": "Cottonseed", "v": 2.0}, {"l": "Coconuts - Incl Copra", "v": 21.0}, {"l": "Groundnuts", "v": 2.0}, {"l": "Oilcrops, Other", "v": 2.0}]}, {"source": 1, "prod": 0.035434195814273789, "target": 6, "value": 50.0, "supply": [{"l": "Milk - Excluding Butter", "v": 50.0}]}, {"source": 1, "prod": 0.0012128619024428574, "target": 17, "value": 1.0, "supply": [{"l": "Eggs", "v": 1.0}]}, {"source": 1, "prod": 0.10465383963932147, "target": 4, "value": 45.0, "supply": [{"l": "Pigmeat", "v": 18.0}, {"l": "Bovine Meat", "v": 14.0}, {"l": "Poultry Meat", "v": 2.0}, {"l": "Offals, Edible", "v": 3.0}, {"l": "Meat, Other", "v": 4.0}, {"l": "Mutton & Goat Meat", "v": 4.0}]}, {"source": 1, "prod": 0.0070058507225580742, "target": 12, "value": 10.0, "supply": [{"l": "Pelagic Fish", "v": 2.0}, {"l": "Marine Fish, Other", "v": 3.0}, {"l": "Fish, Seafood", "v": 5.0}]}, {"source": 18, "prod": 0.60446682993347189, "target": 13, "value": 146.0, "supply": [{"l": "Sugar non-centrifugal", "v": 63.0}, {"l": "Sugar", "v": 83.0}]}, {"source": 18, "prod": 0.060621816843152633, "target": 15, "value": 6.0, "supply": [{"l": "Oilcrops Oil, Other", "v": 1.0}, {"l": "Soyabean Oil", "v": 5.0}]}, {"source": 18, "prod": 0.1776480278143793, "target": 14, "value": 52.0, "supply": [{"l": "Beverages, Alcoholic", "v": 52.0}]}, {"source": 18, "prod": 0.090602594354126875, "target": 11, "value": 11.0, "supply": [{"l": "Fats, Animals, Raw", "v": 11.0}]}]}