{"nodes": [{"layer": 5, "name": "Starchy Roots"}, {"layer": 10, "name": "Feed", "fill": "#dbdb8d"}, {"layer": 5, "name": "Cereals - Excluding Beer"}, {"layer": 5, "name": "Sugar Crops", "fill": "#ffbb78"}, {"layer": 13, "name": "Meat"}, {"layer": 5, "name": "Fruits - Excluding Wine"}, {"layer": 13, "name": "Milk - Excluding Butter"}, {"layer": 16, "name": "Food", "fill": "#b5cf6b"}, {"layer": 5, "name": "Oilcrops", "fill": "#ff9896"}, {"layer": 5, "name": "Pulses"}, {"layer": 5, "name": "Vegetables"}, {"layer": 13, "name": "Animal Fats"}, {"layer": 13, "name": "Fish, Seafood"}, {"layer": 13, "name": "Sugar & Sweeteners"}, {"layer": 13, "name": "Alcoholic Beverages"}, {"layer": 13, "name": "Vegetable Oils", "fill": "#f7b6d2"}, {"layer": 5, "name": "Stimulants"}, {"layer": 13, "name": "Eggs"}, {"layer": 10, "name": "Processing", "fill": "#9edae5"}, {"layer": 16, "name": "Biofuels & Other", "fill": "#e7ba52"}, {"name": "Waste", "fill": "#c7c7c7"}, {"layer": 2, "name": "Import", "fill": "#aec7e8"}, {"layer": 16, "name": "Export", "fill": "#aec7e8"}, {"layer": 16, "name": "Stock Deposit", "fill": "#c7c7c7"}, {"layer": 0, "name": "Stock Draw", "fill": "#c7c7c7"}, {"name": "Crop Residue", "fill": "#bd9e39"}, {"layer": 2, "name": "Electricity", "fill": "#bcbd22"}, {"layer": 0, "name": "Fossil Fuels", "fill": "#c49c94"}, {"layer": 0, "name": "Renewables & Nuclear", "fill": "#2ca02c"}, {"layer": 2, "name": "Fertilizers", "fill": "#c5b0d5"}, {"layer": 0, "name": "Labor", "fill": "#7f7f7f"}], "links": [{"source": 0, "prod": 17.0, "target": 1, "value": 0.016276083772085569, "supply": [{"l": "Cassava", "v": 0.016276083772085569}]}, {"source": 2, "prod": 67.0, "target": 1, "value": 0.25966039554647252, "supply": [{"l": "Maize", "v": 0.12371983262524834}, {"l": "Sorghum", "v": 0.13594056292122417}]}, {"source": 3, "prod": 449.0, "target": 1, "value": 0.15046052842202032, "supply": [{"l": "Sugar cane", "v": 0.15046052842202032}]}, {"source": 4, "prod": 1.0, "target": 1, "value": 0.0014982411736058823, "supply": [{"l": "Meat, Other", "v": 0.0014982411736058823}]}, {"source": 5, "prod": 48.0, "target": 1, "value": 0.041556478867910522, "supply": [{"l": "Plantains", "v": 0.041556478867910522}]}, {"source": 6, "prod": 49.0, "target": 7, "value": 0.03360352443763328, "supply": [{"l": "Milk - Excluding Butter", "v": 0.03360352443763328}]}, {"source": 8, "prod": 17.0, "target": 7, "value": 0.030554790234618132, "supply": [{"l": "Coconuts - Incl Copra", "v": 0.024490480722403847}, {"l": "Groundnuts", "v": 0.0060643095122142861}]}, {"source": 9, "prod": 58.0, "target": 7, "value": 0.22860576278014241, "supply": [{"l": "Beans", "v": 0.1250273563115224}, {"l": "Pulses, Other", "v": 0.10357840646862002}]}, {"source": 10, "prod": 152.0, "target": 7, "value": 0.040607145052956373, "supply": [{"l": "Tomatoes", "v": 0.00021439478073484848}, {"l": "Vegetables, Other", "v": 0.038547090855460653}, {"l": "Onions", "v": 0.0018456594167608697}]}, {"source": 3, "prod": 140.0, "target": 7, "value": 0.046914195944505223, "supply": [{"l": "Sugar cane", "v": 0.046914195944505223}]}, {"source": 11, "prod": 5.0, "target": 7, "value": 0.0424501665855, "supply": [{"l": "Fats, Animals, Raw", "v": 0.0424501665855}]}, {"source": 0, "prod": 341.0, "target": 7, "value": 0.34936720773865537, "supply": [{"l": "Roots, Other", "v": 0.012211691757472602}, {"l": "Yams", "v": 0.067040361788328187}, {"l": "Potatoes", "v": 0.0020214365040714288}, {"l": "Sweet potatoes", "v": 0.15416113128418421}, {"l": "Cassava", "v": 0.113932586404599}]}, {"source": 12, "prod": 10.0, "target": 7, "value": 0.0073206937818024644, "supply": [{"l": "Marine Fish, Other", "v": 0.0017936690106549298}, {"l": "Fish, Seafood", "v": 0.0035974717445338982}, {"l": "Pelagic Fish", "v": 0.0019295530266136365}]}, {"source": 13, "prod": 93.0, "target": 7, "value": 0.37496154158072259, "supply": [{"l": "Sugar", "v": 0.14371984465444634}, {"l": "Sugar non-centrifugal", "v": 0.23124169692627627}]}, {"source": 14, "prod": 51.0, "target": 7, "value": 0.17227324654073925, "supply": [{"l": "Beer", "v": 0.00053847991440380551}, {"l": "Beverages, Alcoholic", "v": 0.17173476662633544}]}, {"source": 2, "prod": 372.0, "target": 7, "value": 1.4459523105540284, "supply": [{"l": "Maize", "v": 0.72236418403774028}, {"l": "Rice", "v": 0.13467666069720444}, {"l": "Wheat", "v": 0.082910481612304687}, {"l": "Sorghum", "v": 0.50600098420677886}]}, {"source": 15, "prod": 5.0, "target": 7, "value": 0.053332580424944327, "supply": [{"l": "Soyabean Oil", "v": 0.042012536002144329}, {"l": "Cottonseed Oil", "v": 0.011320044422799999}]}, {"source": 16, "prod": 12.0, "target": 7, "value": 0.0070635236540642268, "supply": [{"l": "Coffee", "v": 0.0051768495835975599}, {"l": "Cocoa Beans", "v": 0.0018866740704666664}]}, {"source": 17, "prod": 1.0, "target": 7, "value": 0.0012128619024428574, "supply": [{"l": "Eggs", "v": 0.0012128619024428574}]}, {"source": 5, "prod": 440.0, "target": 7, "value": 0.25944862765784243, "supply": [{"l": "Plantains", "v": 0.10389119716977632}, {"l": "Fruits, Other", "v": 0.080243352870481011}, {"l": "Grapefruit", "v": 0.0017176367982572258}, {"l": "Lemons, Limes", "v": 0.0033513289409605267}, {"l": "Bananas", "v": 0.061741996845832689}, {"l": "Oranges, Mandarines", "v": 0.008503115032534668}]}, {"source": 4, "prod": 42.0, "target": 7, "value": 0.097234595446994865, "supply": [{"l": "Pigmeat", "v": 0.046344677281417432}, {"l": "Meat, Other", "v": 0.0044947235208176476}, {"l": "Mutton & Goat Meat", "v": 0.0057886590798409097}, {"l": "Bovine Meat", "v": 0.034552461174244188}, {"l": "Poultry Meat", "v": 0.0028300111056999999}, {"l": "Offals, Edible", "v": 0.0032240632849746841}]}, {"source": 3, "prod": 1976.0, "target": 18, "value": 0.66216036561673075, "supply": [{"l": "Sugar cane", "v": 0.66216036561673075}]}, {"source": 8, "prod": 2.0, "target": 18, "value": 0.012128619024428572, "supply": [{"l": "Cottonseed", "v": 0.012128619024428572}]}, {"source": 5, "prod": 10.0, "target": 19, "value": 0.003723698823289474, "supply": [{"l": "Lemons, Limes", "v": 0.003723698823289474}]}, {"source": 15, "prod": 1.0, "target": 19, "value": 0.009988274490705884, "supply": [{"l": "Oilcrops Oil, Other", "v": 0.009988274490705884}]}, {"source": 8, "prod": 3.0, "target": 19, "value": 0.0045919651354507209, "supply": [{"l": "Coconuts - Incl Copra", "v": 0.0045919651354507209}]}, {"source": 11, "prod": 4.0, "target": 19, "value": 0.0339601332684, "supply": [{"l": "Fats, Animals, Raw", "v": 0.0339601332684}]}, {"source": 2, "prod": 13.0, "target": 2, "value": 0.051458534684072028, "supply": [{"l": "Maize", "v": 0.027936736399249623}, {"l": "Rice", "v": 0.0084172912935752773}, {"l": "Sorghum", "v": 0.015104506991247128}]}, {"source": 9, "prod": 6.0, "target": 9, "value": 0.023595989267295683, "supply": [{"l": "Pulses, Other", "v": 0.0079675697283553854}, {"l": "Beans", "v": 0.0156284195389403}]}, {"source": 6, "prod": 1.0, "target": 20, "value": 0.000685786213012924, "supply": [{"l": "Milk - Excluding Butter", "v": 0.000685786213012924}]}, {"source": 8, "prod": 1.0, "target": 20, "value": 0.0015306550451502404, "supply": [{"l": "Coconuts - Incl Copra", "v": 0.0015306550451502404}]}, {"source": 10, "prod": 16.0, "target": 20, "value": 0.004139284924076312, "supply": [{"l": "Vegetables, Other", "v": 0.004139284924076312}]}, {"source": 3, "prod": 285.0, "target": 20, "value": 0.095503898887028496, "supply": [{"l": "Sugar cane", "v": 0.095503898887028496}]}, {"source": 0, "prod": 79.0, "target": 20, "value": 0.081331296826911176, "supply": [{"l": "Cassava", "v": 0.022978000619414924}, {"l": "Roots, Other", "v": 0.0030529229393681506}, {"l": "Yams", "v": 0.016760090447082047}, {"l": "Sweet potatoes", "v": 0.038540282821046053}]}, {"source": 9, "prod": 5.0, "target": 20, "value": 0.019688884382560612, "supply": [{"l": "Beans", "v": 0.011721314654205226}, {"l": "Pulses, Other", "v": 0.0079675697283553854}]}, {"source": 5, "prod": 109.0, "target": 20, "value": 0.067815683347568712, "supply": [{"l": "Bananas", "v": 0.021082633069308722}, {"l": "Fruits, Other", "v": 0.020060838217620253}, {"l": "Oranges, Mandarines", "v": 0.00032704288586671797}, {"l": "Plantains", "v": 0.025972799292444081}, {"l": "Lemons, Limes", "v": 0.00037236988232894742}]}, {"source": 2, "prod": 23.0, "target": 20, "value": 0.089619437058622908, "supply": [{"l": "Maize", "v": 0.043900585770249405}, {"l": "Wheat", "v": 0.0033164192644921874}, {"l": "Rice", "v": 0.0084172912935752773}, {"l": "Sorghum", "v": 0.033985140730306042}]}, {"source": 16, "prod": 1.0, "target": 20, "value": 0.00051768495835975605, "supply": [{"l": "Coffee", "v": 0.00051768495835975605}]}, {"source": 21, "prod": 34.0, "target": 2, "value": 0.11410734114924989, "supply": [{"l": "Maize", "v": 0.0079819246854998926}, {"l": "Wheat", "v": 0.10612541646375}]}, {"source": 21, "prod": 12.0, "target": 18, "value": 0.10198124913624813, "supply": [{"l": "Beer", "v": 0.00053847991440380551}, {"l": "Soyabean Oil", "v": 0.042012536002144329}, {"l": "Fats, Animals, Raw", "v": 0.0594302332197}]}, {"source": 21, "prod": 2.0, "target": 10, "value": 0.000517410615509539, "supply": [{"l": "Vegetables, Other", "v": 0.000517410615509539}]}, {"source": 21, "prod": 22.0, "target": 1, "value": 0.01571269355865983, "supply": [{"l": "Milk - Excluding Butter", "v": 0.012344151834232632}, {"l": "Pelagic Fish", "v": 0.0019295530266136365}, {"l": "Fish, Seafood", "v": 0.0014389886978135593}]}, {"source": 21, "prod": 1.0, "target": 5, "value": 0.00040940486158408678, "supply": [{"l": "Fruits, Other", "v": 0.00040940486158408678}]}, {"source": 2, "prod": 4.0, "target": 22, "value": 0.01326567705796875, "supply": [{"l": "Wheat", "v": 0.01326567705796875}]}, {"source": 16, "prod": 18.0, "target": 22, "value": 0.0097439813273491865, "supply": [{"l": "Coffee", "v": 0.0088006442921158539}, {"l": "Cocoa Beans", "v": 0.00094333703523333322}]}, {"source": 8, "prod": 2.0, "target": 22, "value": 0.012128619024428572, "supply": [{"l": "Oilcrops, Other", "v": 0.012128619024428572}]}, {"source": 13, "prod": 41.0, "target": 22, "value": 0.17856101911613032, "supply": [{"l": "Sugar", "v": 0.17856101911613032}]}, {"source": 5, "prod": 1.0, "target": 22, "value": 0.00040940486158408678, "supply": [{"l": "Fruits, Other", "v": 0.00040940486158408678}]}, {"source": 2, "prod": 3.0, "target": 23, "value": 0.0099492577934765635, "supply": [{"l": "Wheat", "v": 0.0099492577934765635}]}, {"source": 24, "prod": 2.0, "target": 18, "value": 0.0087102936154209911, "supply": [{"l": "Sugar", "v": 0.0087102936154209911}]}, {"source": 16, "prod": 18.0, "target": 23, "value": 0.0093183292504756092, "supply": [{"l": "Coffee", "v": 0.0093183292504756092}]}, {"source": 1, "prod": 50.0, "target": 6, "value": 0.034289310650646207, "supply": [{"l": "Milk - Excluding Butter", "v": 0.034289310650646207}]}, {"source": 1, "prod": 1.0, "target": 17, "value": 0.0012128619024428574, "supply": [{"l": "Eggs", "v": 0.0012128619024428574}]}, {"source": 1, "prod": 43.0, "target": 4, "value": 0.098732836620600742, "supply": [{"l": "Pigmeat", "v": 0.046344677281417432}, {"l": "Bovine Meat", "v": 0.034552461174244188}, {"l": "Poultry Meat", "v": 0.0028300111056999999}, {"l": "Offals, Edible", "v": 0.0032240632849746841}, {"l": "Meat, Other", "v": 0.0059929646944235299}, {"l": "Mutton & Goat Meat", "v": 0.0057886590798409097}]}, {"source": 1, "prod": 10.0, "target": 12, "value": 0.0073206937818024644, "supply": [{"l": "Pelagic Fish", "v": 0.0019295530266136365}, {"l": "Marine Fish, Other", "v": 0.0017936690106549298}, {"l": "Fish, Seafood", "v": 0.0035974717445338982}]}, {"source": 18, "prod": 134.0, "target": 13, "value": 0.55352256069685291, "supply": [{"l": "Sugar non-centrifugal", "v": 0.23124169692627627}, {"l": "Sugar", "v": 0.32228086377057663}]}, {"source": 18, "prod": 6.0, "target": 15, "value": 0.063320854915650204, "supply": [{"l": "Cottonseed Oil", "v": 0.011320044422799999}, {"l": "Oilcrops Oil, Other", "v": 0.009988274490705884}, {"l": "Soyabean Oil", "v": 0.042012536002144329}]}, {"source": 18, "prod": 51.0, "target": 14, "value": 0.17227324654073925, "supply": [{"l": "Beer", "v": 0.00053847991440380551}, {"l": "Beverages, Alcoholic", "v": 0.17173476662633544}]}, {"source": 18, "prod": 9.0, "target": 11, "value": 0.076410299853899993, "supply": [{"l": "Fats, Animals, Raw", "v": 0.076410299853899993}]}, {"source": 8, "prod": 26.5, "target": 25, "value": 0.040264294794807698, "supply": [{"l": "Coconuts - Incl Copra", "v": 0.069733333199999983}, {"l": "Groundnuts", "v": 0.0052299999900000003}, {"l": "Oilcrops, Other", "v": 0.0087166666499999997}, {"l": "Cottonseed", "v": 0.0087166666499999997}]}, {"source": 10, "prod": 167.5, "target": 25, "value": 0.26332672979619282, "supply": [{"l": "Tomatoes", "v": 0.0012862205841409739}, {"l": "Vegetables, Other", "v": 0.57355666556999996}, {"l": "Onions", "v": 0.0069733333199999996}]}, {"source": 3, "prod": 1140.0, "target": 25, "value": 3.9747999924000004, "supply": [{"l": "Sugar cane", "v": 3.9747999924000004}]}, {"source": 0, "prod": 218.25, "target": 25, "value": 0.76484602060161444, "supply": [{"l": "Roots, Other", "v": 0.025278333284999999}, {"l": "Yams", "v": 0.13946666640000002}, {"l": "Potatoes", "v": 0.0034866666600000002}, {"l": "Sweet potatoes", "v": 0.31379999940000003}, {"l": "Cassava", "v": 0.27893333279999999}]}, {"source": 9, "prod": 68.5, "target": 25, "value": 0.23854867093206372, "supply": [{"l": "Beans", "v": 0.13423666641000001}, {"l": "Pulses, Other", "v": 0.10459999980000001}]}, {"source": 2, "prod": 930.0, "target": 25, "value": 3.255977007797668, "supply": [{"l": "Maize", "v": 1.5968933302800001}, {"l": "Rice", "v": 0.25452666618000003}, {"l": "Wheat", "v": 0.11505999978000001}, {"l": "Sorghum", "v": 1.2761199975599999}]}, {"source": 26, "prod": 0, "target": 8, "value": 9.2239335279095119e-05, "supply": "[{\"l\":'Energy for power irrigation',\"v\":9.2239335279095119e-05}]"}, {"source": 26, "prod": 0, "target": 10, "value": 0.00058302221355654451, "supply": "[{\"l\":'Energy for power irrigation',\"v\":0.00058302221355654451}]"}, {"source": 26, "prod": 0, "target": 3, "value": 0.0099200794545441923, "supply": "[{\"l\":'Energy for power irrigation',\"v\":0.0099200794545441923}]"}, {"source": 26, "prod": 0, "target": 0, "value": 0.0015193384848801892, "supply": "[{\"l\":'Energy for power irrigation',\"v\":0.0015193384848801892}]"}, {"source": 26, "prod": 0, "target": 9, "value": 0.00023842997987237792, "supply": "[{\"l\":'Energy for power irrigation',\"v\":0.00023842997987237792}]"}, {"source": 26, "prod": 0, "target": 5, "value": 0.0021162836169694274, "supply": "[{\"l\":'Energy for power irrigation',\"v\":0.0021162836169694274}]"}, {"source": 26, "prod": 0, "target": 2, "value": 0.0016185392794256311, "supply": "[{\"l\":'Energy for power irrigation',\"v\":0.0016185392794256311}]"}, {"source": 26, "prod": 0, "target": 16, "value": 0.00017055575202549661, "supply": "[{\"l\":'Energy for power irrigation',\"v\":0.00017055575202549661}]"}, {"source": 26, "prod": 0, "target": 18, "value": 0.0037788523566427024, "supply": "[{\"l\":'Electricity',\"v\":0.0037788523566427024}]"}, {"source": 27, "prod": 0, "target": 26, "value": 0.015450097766751407, "supply": [{"l": "Coal", "v": 0.0}, {"l": "Natural gas", "v": 0.0}, {"l": "Oil", "v": 0.015450097766751407}]}, {"source": 28, "prod": 0, "target": 26, "value": 0.014166303321830125, "supply": [{"l": "Nuclear", "v": 0.0}, {"l": "Hydroelectric", "v": 0.011775784040915201}, {"l": "Renewable", "v": 0.0023905192809149235}]}, {"source": 27, "prod": 0, "target": 8, "value": 0.00022588152289374153, "supply": [{"l": "Gas-Diesel oil", "v": 0.00022588152289374153}]}, {"source": 27, "prod": 0, "target": 10, "value": 0.0014277417013094981, "supply": [{"l": "Gas-Diesel oil", "v": 0.0014277417013094981}]}, {"source": 27, "prod": 0, "target": 3, "value": 0.024292918499892957, "supply": [{"l": "Gas-Diesel oil", "v": 0.024292918499892957}]}, {"source": 27, "prod": 0, "target": 0, "value": 0.0037206522544572895, "supply": [{"l": "Gas-Diesel oil", "v": 0.0037206522544572895}]}, {"source": 27, "prod": 0, "target": 9, "value": 0.00058388242710269032, "supply": [{"l": "Gas-Diesel oil", "v": 0.00058388242710269032}]}, {"source": 27, "prod": 0, "target": 5, "value": 0.005182489279977164, "supply": [{"l": "Gas-Diesel oil", "v": 0.005182489279977164}]}, {"source": 27, "prod": 0, "target": 2, "value": 0.0039635814394562187, "supply": [{"l": "Gas-Diesel oil", "v": 0.0039635814394562187}]}, {"source": 27, "prod": 0, "target": 16, "value": 0.00041766772157710697, "supply": [{"l": "Gas-Diesel oil", "v": 0.00041766772157710697}]}, {"source": 29, "prod": 0.00099897691189445572, "target": 8, "value": 1.1753338895977847e-05, "supply": [{"l": "Potash", "v": 0.00012974384411680283}, {"l": "Phosphate", "v": 0.00010722623344272664}, {"l": "Nitrogen", "v": 0.0018347222236899999}]}, {"source": 29, "prod": 0.0063142880280121251, "target": 10, "value": 7.4289972267029778e-05, "supply": [{"l": "Potash", "v": 0.00012974384411680283}, {"l": "Phosphate", "v": 0.00010722623344272664}, {"l": "Nitrogen", "v": 0.0018347222236899999}]}, {"source": 29, "prod": 0.10743713958110185, "target": 3, "value": 0.0012640383340957308, "supply": [{"l": "Potash", "v": 0.00012974384411680283}, {"l": "Phosphate", "v": 0.00010722623344272664}, {"l": "Nitrogen", "v": 0.0018347222236899999}]}, {"source": 29, "prod": 0.016454846114789808, "target": 0, "value": 0.00019359745011676718, "supply": [{"l": "Potash", "v": 0.00012974384411680283}, {"l": "Phosphate", "v": 0.00010722623344272664}, {"l": "Nitrogen", "v": 0.0018347222236899999}]}, {"source": 29, "prod": 0.0025822610741422724, "target": 9, "value": 3.0381272240546512e-05, "supply": [{"l": "Potash", "v": 0.00012974384411680283}, {"l": "Phosphate", "v": 0.00010722623344272664}, {"l": "Nitrogen", "v": 0.0018347222236899999}]}, {"source": 29, "prod": 0.022919923110635058, "target": 5, "value": 0.0002696615112737559, "supply": [{"l": "Potash", "v": 0.00012974384411680283}, {"l": "Phosphate", "v": 0.00010722623344272664}, {"l": "Nitrogen", "v": 0.0018347222236899999}]}, {"source": 29, "prod": 0.017529217510600825, "target": 2, "value": 0.00020623783345772448, "supply": [{"l": "Potash", "v": 0.00012974384411680283}, {"l": "Phosphate", "v": 0.00010722623344272664}, {"l": "Nitrogen", "v": 0.0018347222236899999}]}, {"source": 29, "prod": 0.0018471648559557859, "target": 16, "value": 2.1732588901996773e-05, "supply": [{"l": "Potash", "v": 0.00012974384411680283}, {"l": "Phosphate", "v": 0.00010722623344272664}, {"l": "Nitrogen", "v": 0.0018347222236899999}]}, {"source": 27, "prod": 0, "target": 29, "value": 0.0025715550251988921, "supply": [{"l": "Natural gas (including LNG)", "v": 0.0017052342108412569}, {"l": "Fuel oil", "v": 0.00054199479008687457}, {"l": "Liquefied petroleum gas (LPG)", "v": 0.00016216301213538013}, {"l": "Coal", "v": 0.00016216301213538013}]}, {"source": 30, "prod": 0, "target": 10, "value": 0.021161564075430041, "supply": "[{\"l\":'Labor',\"v\":0.021161564075430041}]"}, {"source": 30, "prod": 0, "target": 3, "value": 0.36006243352224254, "supply": "[{\"l\":'Labor',\"v\":0.36006243352224254}]"}, {"source": 30, "prod": 0, "target": 0, "value": 0.055146404292090834, "supply": "[{\"l\":'Labor',\"v\":0.055146404292090834}]"}, {"source": 30, "prod": 0, "target": 9, "value": 0.0086541321741310934, "supply": "[{\"l\":'Labor',\"v\":0.0086541321741310934}]"}, {"source": 30, "prod": 0, "target": 5, "value": 0.076813319151411749, "supply": "[{\"l\":'Labor',\"v\":0.076813319151411749}]"}, {"source": 30, "prod": 0, "target": 2, "value": 0.058747028627313257, "supply": "[{\"l\":'Labor',\"v\":0.058747028627313257}]"}, {"source": 30, "prod": 0, "target": 16, "value": 0.006190547102663117, "supply": "[{\"l\":'Labor',\"v\":0.006190547102663117}]"}, {"source": 30, "prod": 0, "target": 8, "value": 0.0033479489432769924, "supply": "[{\"l\":'Labor',\"v\":0.0033479489432769924}]"}, {"source": 27, "prod": 0, "target": 21, "value": 0.0229416324174775, "supply": "[{\"l\":'Fossil Fuels',\"v\":0.0229416324174775}]"}, {"source": 28, "prod": 0, "target": 21, "value": 0.26653153500607124, "supply": "[{\"l\":'Renewables & Nuclear',\"v\":0.0010104723405703856},{\"l\":'Biomass & Waste',\"v\":0.26552106266550085}]"}]}