{"nodes": [{"layer": 5, "name": "Starchy Roots"}, {"layer": 10, "name": "Feed", "fill": "#dbdb8d"}, {"layer": 5, "name": "Cereals - Excluding Beer"}, {"layer": 5, "name": "Sugar Crops", "fill": "#ffbb78"}, {"layer": 13, "name": "Meat"}, {"layer": 5, "name": "Fruits - Excluding Wine"}, {"layer": 13, "name": "Milk - Excluding Butter"}, {"layer": 16, "name": "Food", "fill": "#b5cf6b"}, {"layer": 5, "name": "Oilcrops", "fill": "#ff9896"}, {"layer": 5, "name": "Vegetables"}, {"layer": 13, "name": "Alcoholic Beverages"}, {"layer": 5, "name": "Others"}, {"layer": 5, "name": "Pulses"}, {"layer": 13, "name": "Fish, Seafood"}, {"layer": 13, "name": "Sugar & Sweeteners"}, {"layer": 13, "name": "Vegetable Oils", "fill": "#f7b6d2"}, {"layer": 13, "name": "Animal Fats"}, {"layer": 5, "name": "Stimulants"}, {"layer": 13, "name": "Eggs"}, {"layer": 10, "name": "Processing", "fill": "#9edae5"}, {"layer": 16, "name": "Biofuels & Other", "fill": "#e7ba52"}, {"name": "Waste", "fill": "#c7c7c7"}, {"layer": 2, "name": "Import", "fill": "#aec7e8"}, {"layer": 16, "name": "Export", "fill": "#aec7e8"}, {"layer": 16, "name": "Stock Deposit", "fill": "#c7c7c7"}, {"layer": 0, "name": "Stock Draw", "fill": "#c7c7c7"}, {"layer": 2, "name": "Electricity", "fill": "#bcbd22"}, {"layer": 0, "name": "Fossil Fuels", "fill": "#c49c94"}, {"layer": 0, "name": "Renewables & Nuclear", "fill": "#2ca02c"}, {"layer": 2, "name": "Fertilizers", "fill": "#c5b0d5"}, {"layer": 0, "name": "Labor", "fill": "#7f7f7f"}], "links": [{"source": 0, "prod": 24.0, "target": 1, "value": 0.022731294657497365, "supply": [{"l": "Cassava", "v": 0.022731294657497365}]}, {"source": 2, "prod": 26.0, "target": 1, "value": 0.10097007888413037, "supply": [{"l": "Maize", "v": 0.051878178590572713}, {"l": "Sorghum", "v": 0.049091900293557665}]}, {"source": 3, "prod": 230.0, "target": 1, "value": 0.076991923624760969, "supply": [{"l": "Sugar cane", "v": 0.076991923624760969}]}, {"source": 4, "prod": 1.0, "target": 1, "value": 0.0017397609256352459, "supply": [{"l": "Meat, Other", "v": 0.0017397609256352459}]}, {"source": 5, "prod": 71.0, "target": 1, "value": 0.06218775738139061, "supply": [{"l": "Plantains", "v": 0.06218775738139061}]}, {"source": 6, "prod": 62.0, "target": 7, "value": 0.055998092091510639, "supply": [{"l": "Milk - Excluding Butter", "v": 0.055998092091510639}]}, {"source": 8, "prod": 31.0, "target": 7, "value": 0.077789567738371854, "supply": [{"l": "Coconuts - Incl Copra", "v": 0.039224999925000004}, {"l": "Sesame seed", "v": 0.020107973645763159}, {"l": "Groundnuts", "v": 0.018456594167608694}]}, {"source": 9, "prod": 222.0, "target": 7, "value": 0.057487340740202147, "supply": [{"l": "Tomatoes", "v": 0.00065509516335648162}, {"l": "Vegetables, Other", "v": 0.055867469063538844}, {"l": "Onions", "v": 0.00096477651330681825}]}, {"source": 10, "prod": 52.0, "target": 7, "value": 0.17449503583167414, "supply": [{"l": "Beer", "v": 0.00052515670002680414}, {"l": "Beverages, Alcoholic", "v": 0.17396987913164733}]}, {"source": 3, "prod": 205.0, "target": 7, "value": 0.068623236274243465, "supply": [{"l": "Sugar cane", "v": 0.068623236274243465}]}, {"source": 11, "prod": 1.0, "target": 7, "value": 0.0047166851761666672, "supply": [{"l": "Infant food", "v": 0.0047166851761666672}]}, {"source": 0, "prod": 513.0, "target": 7, "value": 0.52360058980010549, "supply": [{"l": "Roots, Other", "v": 0.027695183032547397}, {"l": "Yams", "v": 0.088268991975219271}, {"l": "Potatoes", "v": 0.0044684385879473695}, {"l": "Sweet potatoes", "v": 0.24878459998888855}, {"l": "Cassava", "v": 0.15438337621550294}]}, {"source": 12, "prod": 73.0, "target": 7, "value": 0.28734562557989957, "supply": [{"l": "Beans", "v": 0.13605031587358649}, {"l": "Pulses, Other", "v": 0.15129530970631308}]}, {"source": 13, "prod": 16.0, "target": 7, "value": 0.012679622616394482, "supply": [{"l": "Marine Fish, Other", "v": 0.0023915586808732395}, {"l": "Freshwater Fish", "v": 0.0018456594167608697}, {"l": "Pelagic Fish", "v": 0.0010849882833354634}, {"l": "Fish, Seafood", "v": 0.0067026578819210534}, {"l": "Demersal Fish", "v": 0.00065475835350385604}]}, {"source": 14, "prod": 123.0, "target": 7, "value": 0.49895691230138917, "supply": [{"l": "Sugar", "v": 0.21802200361132931}, {"l": "Sugar non-centrifugal", "v": 0.28093490869005988}]}, {"source": 2, "prod": 450.0, "target": 7, "value": 1.7240608225415759, "supply": [{"l": "Maize", "v": 0.71033198377861095}, {"l": "Rice", "v": 0.28672091605620764}, {"l": "Wheat", "v": 0.30028602015506384}, {"l": "Sorghum", "v": 0.42672190255169357}]}, {"source": 15, "prod": 7.0, "target": 7, "value": 0.072280013375310814, "supply": [{"l": "Soyabean Oil", "v": 0.072280013375310814}]}, {"source": 16, "prod": 3.0, "target": 7, "value": 0.025470099951300004, "supply": [{"l": "Fats, Animals, Raw", "v": 0.025470099951300004}]}, {"source": 17, "prod": 14.0, "target": 7, "value": 0.0086770842347350073, "supply": [{"l": "Coffee", "v": 0.0067026578819210534}, {"l": "Cocoa Beans", "v": 0.0019744263528139534}]}, {"source": 18, "prod": 2.0, "target": 7, "value": 0.0024257238048857148, "supply": [{"l": "Eggs", "v": 0.0024257238048857148}]}, {"source": 5, "prod": 636.0, "target": 7, "value": 0.36907398347084541, "supply": [{"l": "Plantains", "v": 0.12437551476278122}, {"l": "Fruits, Other", "v": 0.11996754953070686}, {"l": "Grapefruit", "v": 0.0022083901691878614}, {"l": "Lemons, Limes", "v": 0.0044899214657740383}, {"l": "Pineapples", "v": 0.00032404707317175571}, {"l": "Bananas", "v": 0.10714403937328475}, {"l": "Oranges, Mandarines", "v": 0.010564521095938915}]}, {"source": 4, "prod": 67.0, "target": 7, "value": 0.15850164336115585, "supply": [{"l": "Pigmeat", "v": 0.076684171896387099}, {"l": "Meat, Other", "v": 0.010438565553811476}, {"l": "Mutton & Goat Meat", "v": 0.0085975020932658238}, {"l": "Bovine Meat", "v": 0.04994137245352942}, {"l": "Poultry Meat", "v": 0.006137373482240964}, {"l": "Offals, Edible", "v": 0.0067026578819210534}]}, {"source": 3, "prod": 2139.0, "target": 19, "value": 0.716024889710277, "supply": [{"l": "Sugar cane", "v": 0.716024889710277}]}, {"source": 8, "prod": 2.0, "target": 19, "value": 0.012304396111739131, "supply": [{"l": "Cottonseed", "v": 0.012304396111739131}]}, {"source": 5, "prod": 12.0, "target": 20, "value": 0.0048980961444807687, "supply": [{"l": "Lemons, Limes", "v": 0.0048980961444807687}]}, {"source": 15, "prod": 1.0, "target": 20, "value": 0.0084900333171, "supply": [{"l": "Oilcrops Oil, Other", "v": 0.0084900333171}]}, {"source": 8, "prod": 5.0, "target": 20, "value": 0.007844999985, "supply": [{"l": "Coconuts - Incl Copra", "v": 0.007844999985}]}, {"source": 16, "prod": 8.0, "target": 20, "value": 0.0679202665368, "supply": [{"l": "Fats, Animals, Raw", "v": 0.0679202665368}]}, {"source": 0, "prod": 1.0, "target": 0, "value": 0.00074473976465789485, "supply": [{"l": "Potatoes", "v": 0.00074473976465789485}]}, {"source": 2, "prod": 12.0, "target": 2, "value": 0.047922126980804898, "supply": [{"l": "Maize", "v": 0.023943774734110482}, {"l": "Rice", "v": 0.012649452178950337}, {"l": "Sorghum", "v": 0.011328900067744077}]}, {"source": 12, "prod": 5.0, "target": 12, "value": 0.019624366683481789, "supply": [{"l": "Beans", "v": 0.011661455646307415}, {"l": "Pulses, Other", "v": 0.0079629110371743726}]}, {"source": 8, "prod": 1.0, "target": 8, "value": 0.0061521980558695653, "supply": [{"l": "Groundnuts", "v": 0.0061521980558695653}]}, {"source": 6, "prod": 2.0, "target": 21, "value": 0.0018063900674680853, "supply": [{"l": "Milk - Excluding Butter", "v": 0.0018063900674680853}]}, {"source": 8, "prod": 1.0, "target": 21, "value": 0.0015689999970000001, "supply": [{"l": "Coconuts - Incl Copra", "v": 0.0015689999970000001}]}, {"source": 9, "prod": 24.0, "target": 21, "value": 0.0061788905876724977, "supply": [{"l": "Vegetables, Other", "v": 0.0061788905876724977}]}, {"source": 3, "prod": 286.0, "target": 21, "value": 0.09573778328992015, "supply": [{"l": "Sugar cane", "v": 0.09573778328992015}]}, {"source": 0, "prod": 120.0, "target": 21, "value": 0.12318428586553151, "supply": [{"l": "Cassava", "v": 0.03125553015405888}, {"l": "Potatoes", "v": 0.00074473976465789485}, {"l": "Roots, Other", "v": 0.0071802326380678442}, {"l": "Yams", "v": 0.021807633311524757}, {"l": "Sweet potatoes", "v": 0.062196149997222137}]}, {"source": 12, "prod": 6.0, "target": 21, "value": 0.023605822202068971, "supply": [{"l": "Beans", "v": 0.011661455646307415}, {"l": "Pulses, Other", "v": 0.011944366555761558}]}, {"source": 5, "prod": 163.0, "target": 21, "value": 0.10034034014018496, "supply": [{"l": "Bananas", "v": 0.036217703450124428}, {"l": "Fruits, Other", "v": 0.029790599547893648}, {"l": "Plantains", "v": 0.033283588457645674}, {"l": "Oranges, Mandarines", "v": 0.00064027400581447968}, {"l": "Lemons, Limes", "v": 0.00040817467870673076}]}, {"source": 2, "prod": 24.0, "target": 21, "value": 0.094022504430498283, "supply": [{"l": "Maize", "v": 0.039906291223517472}, {"l": "Wheat", "v": 0.0065996927506607435}, {"l": "Rice", "v": 0.021082420298250561}, {"l": "Sorghum", "v": 0.026434100158069511}]}, {"source": 17, "prod": 1.0, "target": 21, "value": 0.00055855482349342108, "supply": [{"l": "Coffee", "v": 0.00055855482349342108}]}, {"source": 22, "prod": 83.0, "target": 2, "value": 0.27388724915242085, "supply": [{"l": "Wheat", "v": 0.27388724915242085}]}, {"source": 22, "prod": 1.0, "target": 11, "value": 0.0047166851761666672, "supply": [{"l": "Infant food", "v": 0.0047166851761666672}]}, {"source": 22, "prod": 14.0, "target": 19, "value": 0.12007400421919166, "supply": [{"l": "Fats, Animals, Raw", "v": 0.0679202665368}, {"l": "Soyabean Oil", "v": 0.05162858098236487}, {"l": "Beer", "v": 0.00052515670002680414}]}, {"source": 22, "prod": 3.0, "target": 9, "value": 0.00077236132345906222, "supply": [{"l": "Vegetables, Other", "v": 0.00077236132345906222}]}, {"source": 22, "prod": 31.0, "target": 1, "value": 0.027710220770443692, "supply": [{"l": "Pelagic Fish", "v": 0.0010849882833354634}, {"l": "Freshwater Fish", "v": 0.0018456594167608697}, {"l": "Milk - Excluding Butter", "v": 0.020773485775882977}, {"l": "Demersal Fish", "v": 0.00065475835350385604}, {"l": "Fish, Seafood", "v": 0.0033513289409605267}]}, {"source": 4, "prod": 1.0, "target": 23, "value": 0.0024970686226764706, "supply": [{"l": "Bovine Meat", "v": 0.0024970686226764706}]}, {"source": 14, "prod": 8.0, "target": 23, "value": 0.034883520577812688, "supply": [{"l": "Sugar", "v": 0.034883520577812688}]}, {"source": 2, "prod": 1.0, "target": 23, "value": 0.0032998463753303718, "supply": [{"l": "Wheat", "v": 0.0032998463753303718}]}, {"source": 17, "prod": 20.0, "target": 23, "value": 0.011599754822781977, "supply": [{"l": "Coffee", "v": 0.010612541646375}, {"l": "Cocoa Beans", "v": 0.00098721317640697672}]}, {"source": 5, "prod": 3.0, "target": 23, "value": 0.0012077270086983912, "supply": [{"l": "Fruits, Other", "v": 0.0012077270086983912}]}, {"source": 8, "prod": 1.0, "target": 23, "value": 0.0061521980558695653, "supply": [{"l": "Oilcrops, Other", "v": 0.0061521980558695653}]}, {"source": 16, "prod": 1.0, "target": 24, "value": 0.0084900333171, "supply": [{"l": "Fats, Animals, Raw", "v": 0.0084900333171}]}, {"source": 25, "prod": 2.0, "target": 19, "value": 0.020651432392945947, "supply": [{"l": "Soyabean Oil", "v": 0.020651432392945947}]}, {"source": 2, "prod": 4.0, "target": 24, "value": 0.01686593623860045, "supply": [{"l": "Rice", "v": 0.01686593623860045}]}, {"source": 14, "prod": 9.0, "target": 24, "value": 0.039243960650039281, "supply": [{"l": "Sugar", "v": 0.039243960650039281}]}, {"source": 25, "prod": 13.0, "target": 2, "value": 0.044970351120358965, "supply": [{"l": "Maize", "v": 0.011971887367055241}, {"l": "Wheat", "v": 0.032998463753303724}]}, {"source": 1, "prod": 64.0, "target": 6, "value": 0.057804482158978723, "supply": [{"l": "Milk - Excluding Butter", "v": 0.057804482158978723}]}, {"source": 1, "prod": 2.0, "target": 18, "value": 0.0024257238048857148, "supply": [{"l": "Eggs", "v": 0.0024257238048857148}]}, {"source": 1, "prod": 69.0, "target": 4, "value": 0.16273847290946755, "supply": [{"l": "Pigmeat", "v": 0.076684171896387099}, {"l": "Bovine Meat", "v": 0.052438441076205891}, {"l": "Poultry Meat", "v": 0.006137373482240964}, {"l": "Offals, Edible", "v": 0.0067026578819210534}, {"l": "Meat, Other", "v": 0.012178326479446722}, {"l": "Mutton & Goat Meat", "v": 0.0085975020932658238}]}, {"source": 1, "prod": 16.0, "target": 13, "value": 0.012679622616394482, "supply": [{"l": "Demersal Fish", "v": 0.00065475835350385604}, {"l": "Freshwater Fish", "v": 0.0018456594167608697}, {"l": "Pelagic Fish", "v": 0.0010849882833354634}, {"l": "Marine Fish, Other", "v": 0.0023915586808732395}, {"l": "Fish, Seafood", "v": 0.0067026578819210534}]}, {"source": 19, "prod": 140.0, "target": 14, "value": 0.57308439352924123, "supply": [{"l": "Sugar non-centrifugal", "v": 0.28093490869005988}, {"l": "Sugar", "v": 0.29214948483918129}]}, {"source": 19, "prod": 8.0, "target": 15, "value": 0.080770046692410807, "supply": [{"l": "Oilcrops Oil, Other", "v": 0.0084900333171}, {"l": "Soyabean Oil", "v": 0.072280013375310814}]}, {"source": 19, "prod": 12.0, "target": 16, "value": 0.1018803998052, "supply": [{"l": "Fats, Animals, Raw", "v": 0.1018803998052}]}, {"source": 19, "prod": 52.0, "target": 10, "value": 0.17449503583167414, "supply": [{"l": "Beer", "v": 0.00052515670002680414}, {"l": "Beverages, Alcoholic", "v": 0.17396987913164733}]}, {"source": 26, "prod": 0, "target": 8, "value": 0.00024972741773789499, "supply": "[{\"l\":'Energy for power irrigation',\"v\":0.00024972741773789499}]"}, {"source": 26, "prod": 0, "target": 9, "value": 0.0015045306155073179, "supply": "[{\"l\":'Energy for power irrigation',\"v\":0.0015045306155073179}]"}, {"source": 26, "prod": 0, "target": 3, "value": 0.017635071968651349, "supply": "[{\"l\":'Energy for power irrigation',\"v\":0.017635071968651349}]"}, {"source": 26, "prod": 0, "target": 0, "value": 0.0040542167200658258, "supply": "[{\"l\":'Energy for power irrigation',\"v\":0.0040542167200658258}]"}, {"source": 26, "prod": 0, "target": 12, "value": 0.00052103621725560804, "supply": "[{\"l\":'Energy for power irrigation',\"v\":0.00052103621725560804}]"}, {"source": 26, "prod": 0, "target": 5, "value": 0.0054477573721340797, "supply": "[{\"l\":'Energy for power irrigation',\"v\":0.0054477573721340797}]"}, {"source": 26, "prod": 0, "target": 2, "value": 0.0028857390494156756, "supply": "[{\"l\":'Energy for power irrigation',\"v\":0.0028857390494156756}]"}, {"source": 26, "prod": 0, "target": 17, "value": 0.00021581381779818085, "supply": "[{\"l\":'Energy for power irrigation',\"v\":0.00021581381779818085}]"}, {"source": 26, "prod": 0, "target": 19, "value": 0.0078675662490588442, "supply": "[{\"l\":'Electricity',\"v\":0.0078675662490588442}]"}, {"source": 27, "prod": 0, "target": 26, "value": 0.0091495129360080526, "supply": [{"l": "Coal", "v": 0.0}, {"l": "Natural gas", "v": 0.0}, {"l": "Oil", "v": 0.0091495129360080526}]}, {"source": 28, "prod": 0, "target": 26, "value": 0.036907727566481682, "supply": [{"l": "Nuclear", "v": 0.0}, {"l": "Hydroelectric", "v": 0.033698359952005014}, {"l": "Renewable", "v": 0.0032093676144766704}]}, {"source": 27, "prod": 0, "target": 8, "value": 0.00030577415403242628, "supply": [{"l": "Gas-Diesel oil", "v": 0.00030577415403242628}]}, {"source": 27, "prod": 0, "target": 9, "value": 0.0018421949033064695, "supply": [{"l": "Gas-Diesel oil", "v": 0.0018421949033064695}]}, {"source": 27, "prod": 0, "target": 3, "value": 0.021592940260067632, "supply": [{"l": "Gas-Diesel oil", "v": 0.021592940260067632}]}, {"source": 27, "prod": 0, "target": 0, "value": 0.0049641112660819822, "supply": [{"l": "Gas-Diesel oil", "v": 0.0049641112660819822}]}, {"source": 27, "prod": 0, "target": 12, "value": 0.00063797323495654371, "supply": [{"l": "Gas-Diesel oil", "v": 0.00063797323495654371}]}, {"source": 27, "prod": 0, "target": 5, "value": 0.0066704065453740396, "supply": [{"l": "Gas-Diesel oil", "v": 0.0066704065453740396}]}, {"source": 27, "prod": 0, "target": 2, "value": 0.0035333902243747037, "supply": [{"l": "Gas-Diesel oil", "v": 0.0035333902243747037}]}, {"source": 27, "prod": 0, "target": 17, "value": 0.00026424926891691156, "supply": [{"l": "Gas-Diesel oil", "v": 0.00026424926891691156}]}, {"source": 29, "prod": 0.012410732909832181, "target": 8, "value": 0.00014480003330063189, "supply": [{"l": "Potash", "v": 0.00111272777866796}, {"l": "Phosphate", "v": 0.0011741250009393001}, {"l": "Nitrogen", "v": 0.016567541679920698}]}, {"source": 29, "prod": 0.074770835308618569, "target": 9, "value": 0.0008723755092680045, "supply": [{"l": "Potash", "v": 0.00111272777866796}, {"l": "Phosphate", "v": 0.0011741250009393001}, {"l": "Nitrogen", "v": 0.016567541679920698}]}, {"source": 29, "prod": 0.87641224992888966, "target": 3, "value": 0.01022538506764956, "supply": [{"l": "Potash", "v": 0.00111272777866796}, {"l": "Phosphate", "v": 0.0011741250009393001}, {"l": "Nitrogen", "v": 0.016567541679920698}]}, {"source": 29, "prod": 0.201482886128757, "target": 0, "value": 0.0023507659727201352, "supply": [{"l": "Potash", "v": 0.00111272777866796}, {"l": "Phosphate", "v": 0.0011741250009393001}, {"l": "Nitrogen", "v": 0.016567541679920698}]}, {"source": 29, "prod": 0.025893998293353562, "target": 12, "value": 0.00030211364972600971, "supply": [{"l": "Potash", "v": 0.00111272777866796}, {"l": "Phosphate", "v": 0.0011741250009393001}, {"l": "Nitrogen", "v": 0.016567541679920698}]}, {"source": 29, "prod": 0.27073784014411684, "target": 5, "value": 0.0031587859116323034, "supply": [{"l": "Potash", "v": 0.00111272777866796}, {"l": "Phosphate", "v": 0.0011741250009393001}, {"l": "Nitrogen", "v": 0.016567541679920698}]}, {"source": 29, "prod": 0.14341291362472744, "target": 2, "value": 0.0016732448292517464, "supply": [{"l": "Potash", "v": 0.00111272777866796}, {"l": "Phosphate", "v": 0.0011741250009393001}, {"l": "Nitrogen", "v": 0.016567541679920698}]}, {"source": 29, "prod": 0.010725324736892007, "target": 17, "value": 0.00012513583124745966, "supply": [{"l": "Potash", "v": 0.00111272777866796}, {"l": "Phosphate", "v": 0.0011741250009393001}, {"l": "Nitrogen", "v": 0.016567541679920698}]}, {"source": 27, "prod": 0, "target": 29, "value": 0.023322780059200177, "supply": [{"l": "Natural gas (including LNG)", "v": 0.015507193078863172}, {"l": "Fuel oil", "v": 0.0048869229811720413}, {"l": "Liquefied petroleum gas (LPG)", "v": 0.0014643319995824825}, {"l": "Coal", "v": 0.0014643319995824825}]}, {"source": 30, "prod": 0, "target": 9, "value": 0.035296084713157566, "supply": "[{\"l\":'Labor',\"v\":0.035296084713157566}]"}, {"source": 30, "prod": 0, "target": 3, "value": 0.41371640278537142, "supply": "[{\"l\":'Labor',\"v\":0.41371640278537142}]"}, {"source": 30, "prod": 0, "target": 11, "value": 7.2328042444995018e-05, "supply": "[{\"l\":'Labor',\"v\":7.2328042444995018e-05}]"}, {"source": 30, "prod": 0, "target": 0, "value": 0.095111375815168445, "supply": "[{\"l\":'Labor',\"v\":0.095111375815168445}]"}, {"source": 30, "prod": 0, "target": 12, "value": 0.012223439173204155, "supply": "[{\"l\":'Labor',\"v\":0.012223439173204155}]"}, {"source": 30, "prod": 0, "target": 5, "value": 0.12780365100030619, "supply": "[{\"l\":'Labor',\"v\":0.12780365100030619}]"}, {"source": 30, "prod": 0, "target": 2, "value": 0.06769904772851533, "supply": "[{\"l\":'Labor',\"v\":0.06769904772851533}]"}, {"source": 30, "prod": 0, "target": 17, "value": 0.0050629629711496501, "supply": "[{\"l\":'Labor',\"v\":0.0050629629711496501}]"}, {"source": 30, "prod": 0, "target": 8, "value": 0.0058585714380445962, "supply": "[{\"l\":'Labor',\"v\":0.0058585714380445962}]"}, {"source": 27, "prod": 0, "target": 22, "value": 0.074795954070886558, "supply": "[{\"l\":'Fossil Fuels',\"v\":0.074795954070886558}]"}, {"source": 28, "prod": 0, "target": 22, "value": 0.83723884805552917, "supply": "[{\"l\":'Renewables & Nuclear',\"v\":0.0059691775481637566},{\"l\":'Biomass & Waste',\"v\":0.83126967050736544}]"}]}