{"nodes": [{"layer": 3, "name": "Cereals", "fill": "#e7ba52"}, {"layer": 5, "name": "Production", "fill": "#b5cf6b"}, {"layer": 3, "name": "Oilcrops", "fill": "#ff9896"}, {"layer": 3, "name": "Fruits, Roots & Vegetables", "fill": "#98df8a"}, {"layer": 3, "name": "Sugar Crops", "fill": "#ffbb78"}, {"layer": 1, "name": "Electricity", "fill": "#bcbd22"}, {"layer": 0, "name": "Fossil Fuels", "fill": "#c49c94"}, {"layer": 0, "name": "Renewables & Nuclear", "fill": "#2ca02c"}, {"layer": 1, "name": "Fertilizers", "fill": "#c5b0d5"}, {"layer": 0, "name": "Labor", "fill": "#7f7f7f"}], "links": [{"source": 0, "prod": 171907.0, "target": 1, "value": 516.29323449060439, "supply": [{"l": "Maize", "v": 48.367719807518704}, {"l": "Rye", "v": 48.751726078896937}, {"l": "Barley", "v": 124.69736434490625}, {"l": "Rice", "v": 6.5835590597142497}, {"l": "Cereals, Other", "v": 3.2128949611770588}, {"l": "Wheat", "v": 236.09358852642504}, {"l": "Oats", "v": 39.604541625423728}, {"l": "Sorghum", "v": 0.49307393859426196}, {"l": "Millet", "v": 8.4887661479481942}]}, {"source": 2, "prod": 11760.0, "target": 1, "value": 47.028539034983503, "supply": [{"l": "Sunflower seed", "v": 17.616819132982499}, {"l": "Cottonseed", "v": 24.701605556217679}, {"l": "Oilcrops, Other", "v": 1.5106404109046898}, {"l": "Soyabeans", "v": 2.459182064263449}, {"l": "Groundnuts", "v": 0.011320044422799999}, {"l": "Rape and Mustardseed", "v": 0.72897182619237944}]}, {"source": 3, "prod": 143725.0, "target": 1, "value": 118.39088408437159, "supply": [{"l": "Nuts", "v": 0.28060279607364408}, {"l": "Tomatoes", "v": 1.5273633138703473}, {"l": "Treenuts", "v": 0.28060279607364408}, {"l": "Vegetables, Other", "v": 5.9562039747482922}, {"l": "Peas", "v": 26.034494211584487}, {"l": "Grapes", "v": 4.9059448127421792}, {"l": "Pimento", "v": 0.41388912420862506}, {"l": "Potatoes", "v": 64.630054461515286}, {"l": "Beans", "v": 0.5132611050792274}, {"l": "Apples", "v": 4.6231707479841075}, {"l": "Tea", "v": 0.086079504465041673}, {"l": "Fruits, Other", "v": 1.8602845154303926}, {"l": "Oranges, Mandarines", "v": 0.13783414413591497}, {"l": "Onions", "v": 0.97371568552050858}, {"l": "Pulses, Other", "v": 6.1673828909399218}]}, {"source": 4, "prod": 81845.0, "target": 1, "value": 95.122077595900009, "supply": [{"l": "Sugar beet", "v": 95.122077595900009}]}, {"source": 5, "prod": 0, "target": 3, "value": 3.6777342368301991, "supply": "[{\"l\":'Energy for power irrigation',\"v\":3.6777342368301991}]"}, {"source": 5, "prod": 0, "target": 4, "value": 2.0644437643231166, "supply": "[{\"l\":'Energy for power irrigation',\"v\":2.0644437643231166}]"}, {"source": 5, "prod": 0, "target": 0, "value": 4.7919209306744257, "supply": "[{\"l\":'Energy for power irrigation',\"v\":4.7919209306744257}]"}, {"source": 5, "prod": 0, "target": 2, "value": 0.32038038331663593, "supply": "[{\"l\":'Energy for power irrigation',\"v\":0.32038038331663593}]"}, {"source": 6, "prod": 0, "target": 5, "value": 18.545772698656204, "supply": [{"l": "Coal", "v": 4.0102950858394504}, {"l": "Natural gas", "v": 11.268233533492673}, {"l": "Oil", "v": 3.2672440793240813}]}, {"source": 7, "prod": 0, "target": 5, "value": 2.9030848345621867, "supply": [{"l": "Nuclear", "v": 1.2095935388383254}, {"l": "Hydroelectric", "v": 1.6928314249266752}, {"l": "Renewable", "v": 0.00065987079718602163}]}, {"source": 6, "prod": 0, "target": 3, "value": 72.567945191576499, "supply": [{"l": "Natural gas (including LNG)", "v": 25.68739149674234}, {"l": "Liquefied petroleum gas (LPG)", "v": 0.075679614131358389}, {"l": "Other fossil fuels", "v": 46.804874080702803}]}, {"source": 6, "prod": 0, "target": 4, "value": 40.734983088286874, "supply": [{"l": "Natural gas (including LNG)", "v": 14.419251577809092}, {"l": "Liquefied petroleum gas (LPG)", "v": 0.04248167415558577}, {"l": "Other fossil fuels", "v": 26.273249836322194}]}, {"source": 6, "prod": 0, "target": 0, "value": 94.552741733525409, "supply": [{"l": "Natural gas (including LNG)", "v": 33.469506234294826}, {"l": "Liquefied petroleum gas (LPG)", "v": 0.098607105252386376}, {"l": "Other fossil fuels", "v": 60.984628393978191}]}, {"source": 6, "prod": 0, "target": 2, "value": 6.321649309009417, "supply": [{"l": "Natural gas (including LNG)", "v": 2.237719151023791}, {"l": "Liquefied petroleum gas (LPG)", "v": 0.0065927177504694571}, {"l": "Other fossil fuels", "v": 4.0773374402351559}]}, {"source": 8, "prod": 7781.0426734119319, "target": 3, "value": 78.642575965242486, "supply": [{"l": "Potash", "v": 15.89867501271894}, {"l": "Phosphate", "v": 27.194250021755398}, {"l": "Nitrogen", "v": 189.01308348454378}]}, {"source": 8, "prod": 4367.7775479781048, "target": 4, "value": 44.144890605712263, "supply": [{"l": "Potash", "v": 15.89867501271894}, {"l": "Phosphate", "v": 27.194250021755398}, {"l": "Nitrogen", "v": 189.01308348454378}]}, {"source": 8, "prod": 10138.345744452177, "target": 0, "value": 102.46771015591415, "supply": [{"l": "Potash", "v": 15.89867501271894}, {"l": "Phosphate", "v": 27.194250021755398}, {"l": "Nitrogen", "v": 189.01308348454378}]}, {"source": 8, "prod": 677.83403415778491, "target": 2, "value": 6.8508317921492381, "supply": [{"l": "Potash", "v": 15.89867501271894}, {"l": "Phosphate", "v": 27.194250021755398}, {"l": "Nitrogen", "v": 189.01308348454378}]}, {"source": 6, "prod": 0, "target": 8, "value": 288.78068789474486, "supply": [{"l": "Natural gas (including LNG)", "v": 192.16062074892926}, {"l": "Fuel oil", "v": 63.208000125441863}, {"l": "Liquefied petroleum gas (LPG)", "v": 16.70603351018686}, {"l": "Coal", "v": 16.70603351018686}]}, {"source": 9, "prod": 0, "target": 3, "value": 9.2307837381075384, "supply": "[{\"l\":'Labor',\"v\":9.2307837381075384}]"}, {"source": 9, "prod": 0, "target": 4, "value": 5.1815690587735013, "supply": "[{\"l\":'Labor',\"v\":5.1815690587735013}]"}, {"source": 9, "prod": 0, "target": 0, "value": 12.027292608095237, "supply": "[{\"l\":'Labor',\"v\":12.027292608095237}]"}, {"source": 9, "prod": 0, "target": 2, "value": 0.80412608467238844, "supply": "[{\"l\":'Labor',\"v\":0.80412608467238844}]"}]}