{"nodes": [{"layer": 3, "name": "Cereals", "fill": "#e7ba52"}, {"layer": 5, "name": "Production", "fill": "#b5cf6b"}, {"layer": 3, "name": "Oilcrops", "fill": "#ff9896"}, {"layer": 3, "name": "Sugar Crops", "fill": "#ffbb78"}, {"layer": 3, "name": "Starchy Roots"}, {"layer": 3, "name": "Fruits & Vegetables"}, {"layer": 3, "name": "Others"}, {"layer": 1, "name": "Electricity", "fill": "#bcbd22"}, {"layer": 0, "name": "Fossil Fuels", "fill": "#c49c94"}, {"layer": 0, "name": "Renewables & Nuclear", "fill": "#2ca02c"}, {"layer": 1, "name": "Fertilizers", "fill": "#c5b0d5"}, {"layer": 0, "name": "Labor", "fill": "#7f7f7f"}], "links": [{"source": 0, "prod": 131734.0, "target": 1, "value": 395.21494046205231, "supply": [{"l": "Maize", "v": 45.222489003276117}, {"l": "Rye", "v": 37.659831272834609}, {"l": "Barley", "v": 69.084363888526084}, {"l": "Rice", "v": 1.1936357952485779}, {"l": "Cereals, Other", "v": 2.7266068537609613}, {"l": "Wheat", "v": 215.33360617328952}, {"l": "Oats", "v": 11.962631996027245}, {"l": "Sorghum", "v": 0.27281138976040104}, {"l": "Millet", "v": 11.758964089328765}]}, {"source": 2, "prod": 10140.0, "target": 1, "value": 37.022000239533497, "supply": [{"l": "Sunflower seed", "v": 21.269129330259766}, {"l": "Cottonseed", "v": 12.441757915604729}, {"l": "Oilcrops, Other", "v": 1.8755255418684547}, {"l": "Soyabeans", "v": 1.0998452251697728}, {"l": "Rape and Mustardseed", "v": 0.3357422266307728}]}, {"source": 3, "prod": 81174.0, "target": 1, "value": 94.342226486279998, "supply": [{"l": "Sugar beet", "v": 94.342226486279998}]}, {"source": 4, "prod": 93642.0, "target": 1, "value": 72.914528181117944, "supply": [{"l": "Potatoes", "v": 72.914528181117944}]}, {"source": 5, "prod": 39847.0, "target": 1, "value": 54.423161576356875, "supply": [{"l": "Tomatoes", "v": 0.72711071051449283}, {"l": "Treenuts", "v": 0.11791712940416668}, {"l": "Vegetables, Other", "v": 4.433795330303111}, {"l": "Peas", "v": 30.49755036214183}, {"l": "Grapes", "v": 2.1257426276815146}, {"l": "Beans", "v": 0.22413687957144002}, {"l": "Apples", "v": 1.4608116005755114}, {"l": "Fruits, Other", "v": 0.95910208376615302}, {"l": "Oranges, Mandarines", "v": 0.010426356705210527}, {"l": "Onions", "v": 0.20367916467465863}, {"l": "Pulses, Other", "v": 13.662889331018787}]}, {"source": 6, "prod": 148.0, "target": 1, "value": 0.41152028933661117, "supply": [{"l": "Nuts", "v": 0.11791712940416668}, {"l": "Pimento", "v": 0.23897871559244446}, {"l": "Tea", "v": 0.054624444340000002}]}, {"source": 7, "prod": 0, "target": 0, "value": 2.0703288075191475, "supply": "[{\"l\":'Energy for power irrigation',\"v\":2.0703288075191475}]"}, {"source": 7, "prod": 0, "target": 2, "value": 0.15751603061674038, "supply": "[{\"l\":'Energy for power irrigation',\"v\":0.15751603061674038}]"}, {"source": 7, "prod": 0, "target": 3, "value": 1.2315151716140893, "supply": "[{\"l\":'Energy for power irrigation',\"v\":1.2315151716140893}]"}, {"source": 7, "prod": 0, "target": 4, "value": 1.4221273949387923, "supply": "[{\"l\":'Energy for power irrigation',\"v\":1.4221273949387923}]"}, {"source": 7, "prod": 0, "target": 5, "value": 0.61429355527928009, "supply": "[{\"l\":'Energy for power irrigation',\"v\":0.61429355527928009}]"}, {"source": 7, "prod": 0, "target": 6, "value": 0.0034590565837338601, "supply": "[{\"l\":'Energy for power irrigation',\"v\":0.0034590565837338601}]"}, {"source": 8, "prod": 0, "target": 7, "value": 10.315128385052144, "supply": [{"l": "Coal", "v": 2.031748789963578}, {"l": "Natural gas", "v": 6.6280851435350527}, {"l": "Oil", "v": 1.6552944515535142}]}, {"source": 9, "prod": 0, "target": 7, "value": 1.4707992737518649, "supply": [{"l": "Nuclear", "v": 0.6128202928408939}, {"l": "Hydroelectric", "v": 0.8576446684314607}, {"l": "Renewable", "v": 0.00033431247951031071}]}, {"source": 8, "prod": 0, "target": 0, "value": 67.998836938546319, "supply": [{"l": "Natural gas (including LNG)", "v": 3.2825521140502758}, {"l": "Liquefied petroleum gas (LPG)", "v": 0.084089972758221901}, {"l": "Other fossil fuels", "v": 64.632194851737822}]}, {"source": 8, "prod": 0, "target": 2, "value": 5.1735293651009773, "supply": [{"l": "Natural gas (including LNG)", "v": 0.24974515034516184}, {"l": "Liquefied petroleum gas (LPG)", "v": 0.0063977850645941144}, {"l": "Other fossil fuels", "v": 4.9173864296912209}]}, {"source": 8, "prod": 0, "target": 3, "value": 40.448453906352675, "supply": [{"l": "Natural gas (including LNG)", "v": 1.9525945421736735}, {"l": "Liquefied petroleum gas (LPG)", "v": 0.050020111228833382}, {"l": "Other fossil fuels", "v": 38.445839252950172}]}, {"source": 8, "prod": 0, "target": 4, "value": 46.70900993265932, "supply": [{"l": "Natural gas (including LNG)", "v": 2.254814438050063}, {"l": "Liquefied petroleum gas (LPG)", "v": 0.057762155202015227}, {"l": "Other fossil fuels", "v": 44.396433339407238}]}, {"source": 8, "prod": 0, "target": 5, "value": 20.17614165736779, "supply": [{"l": "Natural gas (including LNG)", "v": 0.97397601830491454}, {"l": "Liquefied petroleum gas (LPG)", "v": 0.02495059149125432}, {"l": "Other fossil fuels", "v": 19.177215047571622}]}, {"source": 8, "prod": 0, "target": 6, "value": 0.11361085434558368, "supply": [{"l": "Natural gas (including LNG)", "v": 0.0054844107179096453}, {"l": "Liquefied petroleum gas (LPG)", "v": 0.0001404955448810458}, {"l": "Other fossil fuels", "v": 0.10798594808279299}]}, {"source": 10, "prod": 1893.2949901579825, "target": 0, "value": 16.45094459183229, "supply": [{"l": "Potash", "v": 3.6432861140257398}, {"l": "Phosphate", "v": 7.7812083395583}, {"l": "Nitrogen", "v": 32.272763914707099}]}, {"source": 10, "prod": 144.04683476032241, "target": 2, "value": 1.2516308919579138, "supply": [{"l": "Potash", "v": 3.6432861140257398}, {"l": "Phosphate", "v": 7.7812083395583}, {"l": "Nitrogen", "v": 32.272763914707099}]}, {"source": 10, "prod": 1126.2083086765624, "target": 3, "value": 9.785686108720606, "supply": [{"l": "Potash", "v": 3.6432861140257398}, {"l": "Phosphate", "v": 7.7812083395583}, {"l": "Nitrogen", "v": 32.272763914707099}]}, {"source": 10, "prod": 1300.5212806899206, "target": 4, "value": 11.300301136561611, "supply": [{"l": "Potash", "v": 3.6432861140257398}, {"l": "Phosphate", "v": 7.7812083395583}, {"l": "Nitrogen", "v": 32.272763914707099}]}, {"source": 10, "prod": 561.76531306167431, "target": 5, "value": 4.8812097886657266, "supply": [{"l": "Potash", "v": 3.6432861140257398}, {"l": "Phosphate", "v": 7.7812083395583}, {"l": "Nitrogen", "v": 32.272763914707099}]}, {"source": 10, "prod": 3.1632726535375397, "target": 6, "value": 0.027485850552988619, "supply": [{"l": "Potash", "v": 3.6432861140257398}, {"l": "Phosphate", "v": 7.7812083395583}, {"l": "Nitrogen", "v": 32.272763914707099}]}, {"source": 8, "prod": 0, "target": 10, "value": 54.914058366068083, "supply": [{"l": "Natural gas (including LNG)", "v": 36.499211708861736}, {"l": "Fuel oil", "v": 12.709951890283673}, {"l": "Liquefied petroleum gas (LPG)", "v": 2.8524473834613366}, {"l": "Coal", "v": 2.8524473834613366}]}, {"source": 11, "prod": 0, "target": 0, "value": 8.3572667464963732, "supply": "[{\"l\":'Labor',\"v\":8.3572667464963732}]"}, {"source": 11, "prod": 0, "target": 2, "value": 0.63584271248721169, "supply": "[{\"l\":'Labor',\"v\":0.63584271248721169}]"}, {"source": 11, "prod": 0, "target": 3, "value": 4.9712397152359173, "supply": "[{\"l\":'Labor',\"v\":4.9712397152359173}]"}, {"source": 11, "prod": 0, "target": 4, "value": 5.7406813564292074, "supply": "[{\"l\":'Labor',\"v\":5.7406813564292074}]"}, {"source": 11, "prod": 0, "target": 5, "value": 2.4797100264833558, "supply": "[{\"l\":'Labor',\"v\":2.4797100264833558}]"}, {"source": 11, "prod": 0, "target": 6, "value": 0.013963124338751192, "supply": "[{\"l\":'Labor',\"v\":0.013963124338751192}]"}]}