{"nodes": [{"layer": 3, "name": "Cereals", "fill": "#e7ba52"}, {"layer": 5, "name": "Production", "fill": "#b5cf6b"}, {"layer": 3, "name": "Oilcrops", "fill": "#ff9896"}, {"layer": 3, "name": "Sugar Crops", "fill": "#ffbb78"}, {"layer": 3, "name": "Starchy Roots"}, {"layer": 3, "name": "Fruits & Vegetables"}, {"layer": 3, "name": "Others"}, {"layer": 1, "name": "Electricity", "fill": "#bcbd22"}, {"layer": 0, "name": "Fossil Fuels", "fill": "#c49c94"}, {"layer": 0, "name": "Renewables & Nuclear", "fill": "#2ca02c"}, {"layer": 1, "name": "Fertilizers", "fill": "#c5b0d5"}, {"layer": 0, "name": "Labor", "fill": "#7f7f7f"}], "links": [{"source": 0, "prod": 118699.0, "target": 1, "value": 358.25381904630905, "supply": [{"l": "Maize", "v": 54.483727558324617}, {"l": "Rye", "v": 46.301171705359344}, {"l": "Barley", "v": 31.254359650240232}, {"l": "Rice", "v": 0.65890041178363046}, {"l": "Cereals, Other", "v": 2.8551667599728887}, {"l": "Wheat", "v": 192.4402334953445}, {"l": "Oats", "v": 20.376079961040002}, {"l": "Sorghum", "v": 0.18671388409843392}, {"l": "Millet", "v": 9.6974656201453939}]}, {"source": 2, "prod": 8448.0, "target": 1, "value": 35.255170959160544, "supply": [{"l": "Sunflower seed", "v": 17.544838415728826}, {"l": "Cottonseed", "v": 12.999184345515335}, {"l": "Oilcrops, Other", "v": 2.3300424770263337}, {"l": "Soyabeans", "v": 1.9047205180972173}, {"l": "Rape and Mustardseed", "v": 0.47638520279283342}]}, {"source": 3, "prod": 50911.0, "target": 1, "value": 59.16989544242, "supply": [{"l": "Sugar beet", "v": 59.16989544242}]}, {"source": 4, "prod": 84310.0, "target": 1, "value": 65.72855223068909, "supply": [{"l": "Potatoes", "v": 65.72855223068909}]}, {"source": 5, "prod": 27192.0, "target": 1, "value": 25.731158508945605, "supply": [{"l": "Tomatoes", "v": 0.69532963849614593}, {"l": "Treenuts", "v": 0.065604802904863646}, {"l": "Vegetables, Other", "v": 3.2753019175461655}, {"l": "Peas", "v": 7.9170217805279268}, {"l": "Grapes", "v": 1.8052539130387577}, {"l": "Beans", "v": 0.11939109352171876}, {"l": "Apples", "v": 0.95807528914850826}, {"l": "Fruits, Other", "v": 0.58465456706393182}, {"l": "Oranges, Mandarines", "v": 0.012215875276402877}, {"l": "Onions", "v": 0.38922788846303724}, {"l": "Pulses, Other", "v": 9.9090817429581453}]}, {"source": 6, "prod": 127.0, "target": 1, "value": 0.34067151178063287, "supply": [{"l": "Nuts", "v": 0.065604802904863646}, {"l": "Pimento", "v": 0.22857782007576921}, {"l": "Tea", "v": 0.046488888800000003}]}, {"source": 7, "prod": 0, "target": 0, "value": 2.1824076953374805, "supply": "[{\"l\":'Energy for power irrigation',\"v\":2.1824076953374805}]"}, {"source": 7, "prod": 0, "target": 2, "value": 0.15629533179399599, "supply": "[{\"l\":'Energy for power irrigation',\"v\":0.15629533179399599}]"}, {"source": 7, "prod": 0, "target": 3, "value": 0.93300716854829457, "supply": "[{\"l\":'Energy for power irrigation',\"v\":0.93300716854829457}]"}, {"source": 7, "prod": 0, "target": 4, "value": 1.5469453479191995, "supply": "[{\"l\":'Energy for power irrigation',\"v\":1.5469453479191995}]"}, {"source": 7, "prod": 0, "target": 5, "value": 0.50727946669680557, "supply": "[{\"l\":'Energy for power irrigation',\"v\":0.50727946669680557}]"}, {"source": 7, "prod": 0, "target": 6, "value": 0.0032254181152304977, "supply": "[{\"l\":'Energy for power irrigation',\"v\":0.0032254181152304977}]"}, {"source": 8, "prod": 0, "target": 7, "value": 10.163662738941335, "supply": [{"l": "Coal", "v": 1.9689111985214054}, {"l": "Natural gas", "v": 6.5906517626258019}, {"l": "Oil", "v": 1.6040997777941275}]}, {"source": 9, "prod": 0, "target": 7, "value": 1.4253106364193333, "supply": [{"l": "Nuclear", "v": 0.5938670879076704}, {"l": "Hydroelectric", "v": 0.83111957559337446}, {"l": "Renewable", "v": 0.0003239729182883424}]}, {"source": 8, "prod": 0, "target": 0, "value": 73.967667592075315, "supply": [{"l": "Natural gas (including LNG)", "v": 3.570689361130793}, {"l": "Liquefied petroleum gas (LPG)", "v": 0.091471257933838951}, {"l": "Other fossil fuels", "v": 70.305506973010679}]}, {"source": 8, "prod": 0, "target": 2, "value": 5.2972692375627322, "supply": [{"l": "Natural gas (including LNG)", "v": 0.25571852574728426}, {"l": "Liquefied petroleum gas (LPG)", "v": 0.0065508065422087772}, {"l": "Other fossil fuels", "v": 5.0349999052732395}]}, {"source": 8, "prod": 0, "target": 3, "value": 31.622122782852351, "supply": [{"l": "Natural gas (including LNG)", "v": 1.5265153150401582}, {"l": "Liquefied petroleum gas (LPG)", "v": 0.039105131250558839}, {"l": "Other fossil fuels", "v": 30.056502336561632}]}, {"source": 8, "prod": 0, "target": 4, "value": 52.430139209301352, "supply": [{"l": "Natural gas (including LNG)", "v": 2.5309942353423094}, {"l": "Liquefied petroleum gas (LPG)", "v": 0.064837123343806785}, {"l": "Other fossil fuels", "v": 49.834307850615239}]}, {"source": 8, "prod": 0, "target": 5, "value": 17.193065736103094, "supply": [{"l": "Natural gas (including LNG)", "v": 0.82997205275812891}, {"l": "Liquefied petroleum gas (LPG)", "v": 0.021261605263716957}, {"l": "Other fossil fuels", "v": 16.341832078081246}]}, {"source": 8, "prod": 0, "target": 6, "value": 0.1093180964778145, "supply": [{"l": "Natural gas (including LNG)", "v": 0.0052771836233243873}, {"l": "Liquefied petroleum gas (LPG)", "v": 0.00013518695566966583}, {"l": "Other fossil fuels", "v": 0.10390572589882045}]}, {"source": 10, "prod": 1109.8042428660838, "target": 0, "value": 9.1707688555017519, "supply": [{"l": "Potash", "v": 1.80241389033082}, {"l": "Phosphate", "v": 4.8311666705315996}, {"l": "Nitrogen", "v": 15.760263901497098}]}, {"source": 10, "prod": 79.479751989380802, "target": 2, "value": 0.656773875998931, "supply": [{"l": "Potash", "v": 1.80241389033082}, {"l": "Phosphate", "v": 4.8311666705315996}, {"l": "Nitrogen", "v": 15.760263901497098}]}, {"source": 10, "prod": 474.45549082855905, "target": 3, "value": 3.9206208361354959, "supply": [{"l": "Potash", "v": 1.80241389033082}, {"l": "Phosphate", "v": 4.8311666705315996}, {"l": "Nitrogen", "v": 15.760263901497098}]}, {"source": 10, "prod": 786.65710090304469, "target": 4, "value": 6.5004711301968419, "supply": [{"l": "Potash", "v": 1.80241389033082}, {"l": "Phosphate", "v": 4.8311666705315996}, {"l": "Nitrogen", "v": 15.760263901497098}]}, {"source": 10, "prod": 257.96321450924023, "target": 5, "value": 2.1316561264687119, "supply": [{"l": "Potash", "v": 1.80241389033082}, {"l": "Phosphate", "v": 4.8311666705315996}, {"l": "Nitrogen", "v": 15.760263901497098}]}, {"source": 10, "prod": 1.640198903691273, "target": 6, "value": 0.013553638057784119, "supply": [{"l": "Potash", "v": 1.80241389033082}, {"l": "Phosphate", "v": 4.8311666705315996}, {"l": "Nitrogen", "v": 15.760263901497098}]}, {"source": 8, "prod": 0, "target": 10, "value": 28.032977539090346, "supply": [{"l": "Natural gas (including LNG)", "v": 18.72327718150725}, {"l": "Fuel oil", "v": 6.5237398090972665}, {"l": "Liquefied petroleum gas (LPG)", "v": 1.3929802742429152}, {"l": "Coal", "v": 1.3929802742429152}]}, {"source": 11, "prod": 0, "target": 0, "value": 8.3919949815317363, "supply": "[{\"l\":'Labor',\"v\":8.3919949815317363}]"}, {"source": 11, "prod": 0, "target": 2, "value": 0.60100119828858367, "supply": "[{\"l\":'Labor',\"v\":0.60100119828858367}]"}, {"source": 11, "prod": 0, "target": 3, "value": 3.5876850567004843, "supply": "[{\"l\":'Labor',\"v\":3.5876850567004843}]"}, {"source": 11, "prod": 0, "target": 4, "value": 5.9484566628758602, "supply": "[{\"l\":'Labor',\"v\":5.9484566628758602}]"}, {"source": 11, "prod": 0, "target": 5, "value": 1.950637705250295, "supply": "[{\"l\":'Labor',\"v\":1.950637705250295}]"}, {"source": 11, "prod": 0, "target": 6, "value": 0.01240267466715023, "supply": "[{\"l\":'Labor',\"v\":0.01240267466715023}]"}]}