{"nodes": [{"layer": 5, "name": "Maize"}, {"layer": 10, "name": "Feed", "fill": "#dbdb8d"}, {"layer": 5, "name": "Rye"}, {"layer": 5, "name": "Barley"}, {"layer": 5, "name": "Sunflower seed"}, {"layer": 5, "name": "Cereals, Other"}, {"layer": 5, "name": "Wheat"}, {"layer": 13, "name": "Crustaceans"}, {"layer": 5, "name": "Vegetables, Other"}, {"layer": 5, "name": "Peas"}, {"layer": 5, "name": "Cottonseed"}, {"layer": 5, "name": "Oats"}, {"layer": 5, "name": "Soyabeans"}, {"layer": 5, "name": "Potatoes"}, {"layer": 13, "name": "Milk - Excluding Butter"}, {"layer": 5, "name": "Pulses, Other"}, {"layer": 13, "name": "Fish, Seafood"}, {"layer": 5, "name": "Sugar beet"}, {"layer": 5, "name": "Sorghum"}, {"layer": 13, "name": "Pelagic Fish"}, {"layer": 13, "name": "Fish, Body Oil"}, {"layer": 5, "name": "Millet"}, {"layer": 13, "name": "Demersal Fish"}, {"layer": 16, "name": "Food", "fill": "#b5cf6b"}, {"layer": 5, "name": "Olives"}, {"layer": 5, "name": "Nuts"}, {"layer": 5, "name": "Dates"}, {"layer": 13, "name": "Sugar", "fill": "#d6616b"}, {"layer": 13, "name": "Oilcrops Oil, Other"}, {"layer": 13, "name": "Maize Germ Oil"}, {"layer": 13, "name": "Beer"}, {"layer": 13, "name": "Groundnut Oil"}, {"layer": 13, "name": "Beverages, Alcoholic"}, {"layer": 13, "name": "Honey"}, {"layer": 5, "name": "Rice"}, {"layer": 13, "name": "Butter, Ghee"}, {"layer": 5, "name": "Tomatoes"}, {"layer": 13, "name": "Fats, Animals, Raw"}, {"layer": 5, "name": "Coffee"}, {"layer": 13, "name": "Soyabean Oil"}, {"layer": 5, "name": "Treenuts"}, {"layer": 13, "name": "Eggs"}, {"layer": 13, "name": "Cephalopods"}, {"layer": 13, "name": "Marine Fish, Other"}, {"layer": 5, "name": "Grapes"}, {"layer": 5, "name": "Groundnuts"}, {"layer": 5, "name": "Rape and Mustardseed"}, {"layer": 13, "name": "Wine"}, {"layer": 13, "name": "Sunflowerseed Oil"}, {"layer": 13, "name": "Olive Oil"}, {"layer": 13, "name": "Pigmeat"}, {"layer": 5, "name": "Cocoa Beans"}, {"layer": 13, "name": "Freshwater Fish"}, {"layer": 5, "name": "Pimento"}, {"layer": 5, "name": "Pepper"}, {"layer": 13, "name": "Rape and Mustard Oil"}, {"layer": 5, "name": "Beans"}, {"layer": 5, "name": "Apples"}, {"layer": 13, "name": "Meat, Other"}, {"layer": 5, "name": "Lemons, Limes"}, {"layer": 13, "name": "Mutton & Goat Meat"}, {"layer": 13, "name": "Sweeteners, Other"}, {"layer": 13, "name": "Sesameseed Oil"}, {"layer": 5, "name": "Bananas"}, {"layer": 5, "name": "Spices, Other"}, {"layer": 5, "name": "Tea"}, {"layer": 5, "name": "Fruits, Other"}, {"layer": 13, "name": "Molluscs, Other"}, {"layer": 13, "name": "Poultry Meat"}, {"layer": 13, "name": "Offals, Edible"}, {"layer": 5, "name": "Grapefruit"}, {"layer": 5, "name": "Oranges, Mandarines"}, {"layer": 13, "name": "Bovine Meat"}, {"layer": 13, "name": "Cottonseed Oil"}, {"layer": 5, "name": "Onions"}, {"layer": 5, "name": "Pineapples"}, {"layer": 13, "name": "Cream"}, {"layer": 10, "name": "Processing", "fill": "#9edae5"}, {"layer": 5, "name": "Sesame seed"}, {"layer": 5, "name": "Palm kernels"}, {"layer": 5, "name": "Coconuts - Incl Copra"}, {"layer": 5, "name": "Oilcrops, Other"}, {"layer": 16, "name": "Biofuels & Other", "fill": "#e7ba52"}, {"layer": 13, "name": "Coconut Oil"}, {"layer": 13, "name": "Aquatic Plants"}, {"layer": 13, "name": "Palm Oil"}, {"layer": 13, "name": "Palmkernel Oil"}, {"layer": 13, "name": "Aquatic Products, Other"}, {"name": "Waste", "fill": "#c7c7c7"}, {"layer": 2, "name": "Import", "fill": "#aec7e8"}, {"layer": 16, "name": "Export", "fill": "#aec7e8"}, {"layer": 16, "name": "Stock Deposit", "fill": "#c7c7c7"}, {"layer": 0, "name": "Stock Draw", "fill": "#c7c7c7"}, {"layer": 2, "name": "Electricity", "fill": "#bcbd22"}, {"layer": 0, "name": "Fossil Fuels", "fill": "#c49c94"}, {"layer": 0, "name": "Renewables & Nuclear", "fill": "#2ca02c"}, {"layer": 2, "name": "Fertilizers", "fill": "#c5b0d5"}, {"layer": 0, "name": "Labor", "fill": "#7f7f7f"}], "links": [{"source": 0, "prod": 14800.0, "target": 1, "value": 36.956615615611767, "supply": [{"l": "Maize", "v": 36.956615615611767}]}, {"source": 2, "prod": 1770.0, "target": 1, "value": 5.4347311312207456, "supply": [{"l": "Rye", "v": 5.4347311312207456}]}, {"source": 3, "prod": 36400.0, "target": 1, "value": 92.375253808881538, "supply": [{"l": "Barley", "v": 92.375253808881538}]}, {"source": 4, "prod": 93.0, "target": 1, "value": 0.33598855254906385, "supply": [{"l": "Sunflower seed", "v": 0.33598855254906385}]}, {"source": 5, "prod": 325.0, "target": 1, "value": 0.95146925105431035, "supply": [{"l": "Cereals, Other", "v": 0.95146925105431035}]}, {"source": 6, "prod": 53000.0, "target": 1, "value": 169.70881714174786, "supply": [{"l": "Wheat", "v": 169.70881714174786}]}, {"source": 7, "prod": 34.0, "target": 1, "value": 0.014150055528499999, "supply": [{"l": "Crustaceans", "v": 0.014150055528499999}]}, {"source": 8, "prod": 1944.0, "target": 1, "value": 0.45620891558962412, "supply": [{"l": "Vegetables, Other", "v": 0.45620891558962412}]}, {"source": 9, "prod": 2731.0, "target": 1, "value": 11.021647653221878, "supply": [{"l": "Peas", "v": 11.021647653221878}]}, {"source": 10, "prod": 1171.0, "target": 1, "value": 4.9709145071620506, "supply": [{"l": "Cottonseed", "v": 4.9709145071620506}]}, {"source": 11, "prod": 10200.0, "target": 1, "value": 25.620810601899407, "supply": [{"l": "Oats", "v": 25.620810601899407}]}, {"source": 12, "prod": 178.0, "target": 1, "value": 0.75561296522190002, "supply": [{"l": "Soyabeans", "v": 0.75561296522190002}]}, {"source": 13, "prod": 23052.0, "target": 1, "value": 17.937314018522077, "supply": [{"l": "Potatoes", "v": 17.937314018522077}]}, {"source": 14, "prod": 41636.0, "target": 1, "value": 24.413995416985728, "supply": [{"l": "Milk - Excluding Butter", "v": 24.413995416985728}]}, {"source": 15, "prod": 557.0, "target": 1, "value": 2.2385555302365443, "supply": [{"l": "Pulses, Other", "v": 2.2385555302365443}]}, {"source": 16, "prod": 1590.0, "target": 1, "value": 1.6211335062407679, "supply": [{"l": "Fish, Seafood", "v": 1.6211335062407679}]}, {"source": 17, "prod": 3482.0, "target": 1, "value": 4.0468577700400008, "supply": [{"l": "Sugar beet", "v": 4.0468577700400008}]}, {"source": 18, "prod": 77.0, "target": 1, "value": 0.23092558955670675, "supply": [{"l": "Sorghum", "v": 0.23092558955670675}]}, {"source": 19, "prod": 899.0, "target": 1, "value": 1.0404225670764584, "supply": [{"l": "Pelagic Fish", "v": 1.0404225670764584}]}, {"source": 20, "prod": 73.0, "target": 1, "value": 0.61046032548830886, "supply": [{"l": "Fish, Body Oil", "v": 0.61046032548830886}]}, {"source": 21, "prod": 97.0, "target": 1, "value": 0.35847917147143415, "supply": [{"l": "Millet", "v": 0.35847917147143415}]}, {"source": 22, "prod": 657.0, "target": 1, "value": 0.6714201348273251, "supply": [{"l": "Demersal Fish", "v": 0.6714201348273251}]}, {"source": 0, "prod": 91.0, "target": 23, "value": 0.22723324466355888, "supply": [{"l": "Maize", "v": 0.22723324466355888}]}, {"source": 24, "prod": 2.0, "target": 23, "value": 0.0084900333171, "supply": [{"l": "Olives", "v": 0.0084900333171}]}, {"source": 15, "prod": 7.0, "target": 23, "value": 0.028132654778556213, "supply": [{"l": "Pulses, Other", "v": 0.028132654778556213}]}, {"source": 2, "prod": 6039.0, "target": 23, "value": 18.542565707029425, "supply": [{"l": "Rye", "v": 18.542565707029425}]}, {"source": 25, "prod": 132.0, "target": 23, "value": 0.44827375914288004, "supply": [{"l": "Nuts", "v": 0.44827375914288004}]}, {"source": 26, "prod": 22.0, "target": 23, "value": 0.116737958110125, "supply": [{"l": "Dates", "v": 0.116737958110125}]}, {"source": 27, "prod": 12026.0, "target": 23, "value": 49.821781990661158, "supply": [{"l": "Sugar", "v": 49.821781990661158}]}, {"source": 28, "prod": 11.0, "target": 23, "value": 0.116737958110125, "supply": [{"l": "Oilcrops Oil, Other", "v": 0.116737958110125}]}, {"source": 29, "prod": 11.0, "target": 23, "value": 0.116737958110125, "supply": [{"l": "Maize Germ Oil", "v": 0.116737958110125}]}, {"source": 30, "prod": 6399.0, "target": 23, "value": 3.6874020268861698, "supply": [{"l": "Beer", "v": 3.6874020268861698}]}, {"source": 31, "prod": 2.0, "target": 23, "value": 0.020438969096722222, "supply": [{"l": "Groundnut Oil", "v": 0.020438969096722222}]}, {"source": 32, "prod": 3554.0, "target": 23, "value": 12.18118535769667, "supply": [{"l": "Beverages, Alcoholic", "v": 12.18118535769667}]}, {"source": 3, "prod": 483.0, "target": 23, "value": 1.2257485601563125, "supply": [{"l": "Barley", "v": 1.2257485601563125}]}, {"source": 33, "prod": 178.0, "target": 23, "value": 0.66671732225461766, "supply": [{"l": "Honey", "v": 0.66671732225461766}]}, {"source": 34, "prod": 1962.0, "target": 23, "value": 8.0384454859706072, "supply": [{"l": "Rice", "v": 8.0384454859706072}]}, {"source": 35, "prod": 1576.0, "target": 23, "value": 13.179253054377737, "supply": [{"l": "Butter, Ghee", "v": 13.179253054377737}]}, {"source": 36, "prod": 7248.0, "target": 23, "value": 1.5640897980260915, "supply": [{"l": "Tomatoes", "v": 1.5640897980260915}]}, {"source": 4, "prod": 370.0, "target": 23, "value": 1.3367286499263829, "supply": [{"l": "Sunflower seed", "v": 1.3367286499263829}]}, {"source": 37, "prod": 663.0, "target": 23, "value": 5.584218342497322, "supply": [{"l": "Fats, Animals, Raw", "v": 5.584218342497322}]}, {"source": 38, "prod": 41.0, "target": 23, "value": 0.015134407217439132, "supply": [{"l": "Coffee", "v": 0.015134407217439132}]}, {"source": 6, "prod": 35274.0, "target": 23, "value": 112.94922294071725, "supply": [{"l": "Wheat", "v": 112.94922294071725}]}, {"source": 39, "prod": 187.0, "target": 23, "value": 1.9006912616240073, "supply": [{"l": "Soyabean Oil", "v": 1.9006912616240073}]}, {"source": 40, "prod": 132.0, "target": 23, "value": 0.44827375914288004, "supply": [{"l": "Treenuts", "v": 0.44827375914288004}]}, {"source": 7, "prod": 269.0, "target": 23, "value": 0.11195190991666176, "supply": [{"l": "Crustaceans", "v": 0.11195190991666176}]}, {"source": 41, "prod": 3469.0, "target": 23, "value": 5.6982101837178103, "supply": [{"l": "Eggs", "v": 5.6982101837178103}]}, {"source": 8, "prod": 17139.0, "target": 23, "value": 4.0221011338943251, "supply": [{"l": "Vegetables, Other", "v": 4.0221011338943251}]}, {"source": 9, "prod": 748.0, "target": 23, "value": 3.0187449449322461, "supply": [{"l": "Peas", "v": 3.0187449449322461}]}, {"source": 42, "prod": 57.0, "target": 23, "value": 0.071166455746279431, "supply": [{"l": "Cephalopods", "v": 0.071166455746279431}]}, {"source": 43, "prod": 267.0, "target": 23, "value": 0.22223910741820588, "supply": [{"l": "Marine Fish, Other", "v": 0.22223910741820588}]}, {"source": 44, "prod": 1166.0, "target": 23, "value": 0.8938491058906185, "supply": [{"l": "Grapes", "v": 0.8938491058906185}]}, {"source": 45, "prod": 26.0, "target": 23, "value": 0.22074086624460001, "supply": [{"l": "Groundnuts", "v": 0.22074086624460001}]}, {"source": 46, "prod": 23.0, "target": 23, "value": 0.097635383146650004, "supply": [{"l": "Rape and Mustardseed", "v": 0.097635383146650004}]}, {"source": 47, "prod": 3615.0, "target": 23, "value": 2.9038509151172822, "supply": [{"l": "Wine", "v": 2.9038509151172822}]}, {"source": 48, "prod": 1687.0, "target": 23, "value": 16.087884661906934, "supply": [{"l": "Sunflowerseed Oil", "v": 16.087884661906934}]}, {"source": 11, "prod": 446.0, "target": 23, "value": 1.1202825027889349, "supply": [{"l": "Oats", "v": 1.1202825027889349}]}, {"source": 49, "prod": 7.0, "target": 23, "value": 0.099050388699500017, "supply": [{"l": "Olive Oil", "v": 0.099050388699500017}]}, {"source": 50, "prod": 5379.0, "target": 23, "value": 8.9369646208768891, "supply": [{"l": "Pigmeat", "v": 8.9369646208768891}]}, {"source": 51, "prod": 133.0, "target": 23, "value": 0.22583488623486001, "supply": [{"l": "Cocoa Beans", "v": 0.22583488623486001}]}, {"source": 12, "prod": 79.0, "target": 23, "value": 0.33535631602545002, "supply": [{"l": "Soyabeans", "v": 0.33535631602545002}]}, {"source": 13, "prod": 30294.0, "target": 23, "value": 23.572487891597596, "supply": [{"l": "Potatoes", "v": 23.572487891597596}]}, {"source": 52, "prod": 1034.0, "target": 23, "value": 0.89350579642558781, "supply": [{"l": "Freshwater Fish", "v": 0.89350579642558781}]}, {"source": 53, "prod": 90.0, "target": 23, "value": 0.33710426406132354, "supply": [{"l": "Pimento", "v": 0.33710426406132354}]}, {"source": 54, "prod": 12.0, "target": 23, "value": 0.044947235208176478, "supply": [{"l": "Pepper", "v": 0.044947235208176478}]}, {"source": 55, "prod": 13.0, "target": 23, "value": 0.11037043312230001, "supply": [{"l": "Rape and Mustard Oil", "v": 0.11037043312230001}]}, {"source": 14, "prod": 47252.0, "target": 23, "value": 27.707035052440428, "supply": [{"l": "Milk - Excluding Butter", "v": 27.707035052440428}]}, {"source": 19, "prod": 2414.0, "target": 23, "value": 2.7937486951307799, "supply": [{"l": "Pelagic Fish", "v": 2.7937486951307799}]}, {"source": 56, "prod": 63.0, "target": 23, "value": 0.22286337457387501, "supply": [{"l": "Beans", "v": 0.22286337457387501}]}, {"source": 57, "prod": 6049.0, "target": 23, "value": 3.4639742332229657, "supply": [{"l": "Apples", "v": 3.4639742332229657}]}, {"source": 16, "prod": 6903.0, "target": 23, "value": 7.0381664110566184, "supply": [{"l": "Fish, Seafood", "v": 7.0381664110566184}]}, {"source": 58, "prod": 321.0, "target": 23, "value": 0.4467706057031311, "supply": [{"l": "Meat, Other", "v": 0.4467706057031311}]}, {"source": 59, "prod": 61.0, "target": 23, "value": 0.034931795044900134, "supply": [{"l": "Lemons, Limes", "v": 0.034931795044900134}]}, {"source": 5, "prod": 152.0, "target": 23, "value": 0.44499484972386205, "supply": [{"l": "Cereals, Other", "v": 0.44499484972386205}]}, {"source": 60, "prod": 922.0, "target": 23, "value": 1.5655621436732401, "supply": [{"l": "Mutton & Goat Meat", "v": 1.5655621436732401}]}, {"source": 61, "prod": 7.0, "target": 23, "value": 0.027609546820466246, "supply": [{"l": "Sweeteners, Other", "v": 0.027609546820466246}]}, {"source": 62, "prod": 3.0, "target": 23, "value": 0.031837624939125002, "supply": [{"l": "Sesameseed Oil", "v": 0.031837624939125002}]}, {"source": 63, "prod": 29.0, "target": 23, "value": 0.016606918955772196, "supply": [{"l": "Bananas", "v": 0.016606918955772196}]}, {"source": 64, "prod": 2.0, "target": 23, "value": 0.0074912058680294122, "supply": [{"l": "Spices, Other", "v": 0.0074912058680294122}]}, {"source": 65, "prod": 150.0, "target": 23, "value": 0.11171096469868422, "supply": [{"l": "Tea", "v": 0.11171096469868422}]}, {"source": 66, "prod": 2440.0, "target": 23, "value": 1.3408207957102913, "supply": [{"l": "Fruits, Other", "v": 1.3408207957102913}]}, {"source": 67, "prod": 18.0, "target": 23, "value": 0.018352454787631339, "supply": [{"l": "Molluscs, Other", "v": 0.018352454787631339}]}, {"source": 21, "prod": 1119.0, "target": 23, "value": 4.1354452873869567, "supply": [{"l": "Millet", "v": 4.1354452873869567}]}, {"source": 68, "prod": 2174.0, "target": 23, "value": 3.2400886229412027, "supply": [{"l": "Poultry Meat", "v": 3.2400886229412027}]}, {"source": 69, "prod": 798.0, "target": 23, "value": 1.0061950376800695, "supply": [{"l": "Offals, Edible", "v": 1.0061950376800695}]}, {"source": 70, "prod": 7.0, "target": 23, "value": 0.0040085666444967362, "supply": [{"l": "Grapefruit", "v": 0.0040085666444967362}]}, {"source": 22, "prod": 2844.0, "target": 23, "value": 2.9064214055539002, "supply": [{"l": "Demersal Fish", "v": 2.9064214055539002}]}, {"source": 71, "prod": 597.0, "target": 23, "value": 0.22328413613694717, "supply": [{"l": "Oranges, Mandarines", "v": 0.22328413613694717}]}, {"source": 72, "prod": 7188.0, "target": 23, "value": 20.222942267447785, "supply": [{"l": "Bovine Meat", "v": 20.222942267447785}]}, {"source": 73, "prod": 285.0, "target": 23, "value": 2.9125530962829167, "supply": [{"l": "Cottonseed Oil", "v": 2.9125530962829167}]}, {"source": 74, "prod": 1918.0, "target": 23, "value": 0.89349157213705355, "supply": [{"l": "Onions", "v": 0.89349157213705355}]}, {"source": 75, "prod": 3.0, "target": 23, "value": 0.0017179571333557442, "supply": [{"l": "Pineapples", "v": 0.0017179571333557442}]}, {"source": 76, "prod": 1667.0, "target": 23, "value": 3.7949377629857559, "supply": [{"l": "Cream", "v": 3.7949377629857559}]}, {"source": 4, "prod": 4092.0, "target": 77, "value": 14.783496312158809, "supply": [{"l": "Sunflower seed", "v": 14.783496312158809}]}, {"source": 0, "prod": 93.0, "target": 77, "value": 0.23222738190891179, "supply": [{"l": "Maize", "v": 0.23222738190891179}]}, {"source": 6, "prod": 782.0, "target": 77, "value": 2.5040055661291856, "supply": [{"l": "Wheat", "v": 2.5040055661291856}]}, {"source": 11, "prod": 146.0, "target": 77, "value": 0.36672924979189353, "supply": [{"l": "Oats", "v": 0.36672924979189353}]}, {"source": 12, "prod": 1526.0, "target": 77, "value": 6.4778954209473003, "supply": [{"l": "Soyabeans", "v": 6.4778954209473003}]}, {"source": 13, "prod": 4842.0, "target": 77, "value": 3.767676317789515, "supply": [{"l": "Potatoes", "v": 3.767676317789515}]}, {"source": 2, "prod": 424.0, "target": 77, "value": 1.30187909584045, "supply": [{"l": "Rye", "v": 1.30187909584045}]}, {"source": 66, "prod": 230.0, "target": 77, "value": 0.12638884549728155, "supply": [{"l": "Fruits, Other", "v": 0.12638884549728155}]}, {"source": 78, "prod": 7.0, "target": 77, "value": 0.02971511660985, "supply": [{"l": "Sesame seed", "v": 0.02971511660985}]}, {"source": 27, "prod": 220.0, "target": 77, "value": 0.91142458323178577, "supply": [{"l": "Sugar", "v": 0.91142458323178577}]}, {"source": 10, "prod": 4105.0, "target": 77, "value": 17.425793383347749, "supply": [{"l": "Cottonseed", "v": 17.425793383347749}]}, {"source": 46, "prod": 39.0, "target": 77, "value": 0.16555564968344999, "supply": [{"l": "Rape and Mustardseed", "v": 0.16555564968344999}]}, {"source": 3, "prod": 1265.0, "target": 77, "value": 3.2102938480284378, "supply": [{"l": "Barley", "v": 3.2102938480284378}]}, {"source": 44, "prod": 4700.0, "target": 77, "value": 3.6029938230582395, "supply": [{"l": "Grapes", "v": 3.6029938230582395}]}, {"source": 45, "prod": 4.0, "target": 77, "value": 0.0339601332684, "supply": [{"l": "Groundnuts", "v": 0.0339601332684}]}, {"source": 17, "prod": 72349.0, "target": 77, "value": 84.085615394779992, "supply": [{"l": "Sugar beet", "v": 84.085615394779992}]}, {"source": 79, "prod": 2.0, "target": 77, "value": 0.0084900333171, "supply": [{"l": "Palm kernels", "v": 0.0084900333171}]}, {"source": 80, "prod": 47.0, "target": 77, "value": 0.19951578295185002, "supply": [{"l": "Coconuts - Incl Copra", "v": 0.19951578295185002}]}, {"source": 81, "prod": 219.0, "target": 77, "value": 0.92965864822245015, "supply": [{"l": "Oilcrops, Other", "v": 0.92965864822245015}]}, {"source": 4, "prod": 400.0, "target": 82, "value": 1.4451120539744682, "supply": [{"l": "Sunflower seed", "v": 1.4451120539744682}]}, {"source": 0, "prod": 839.0, "target": 82, "value": 2.0950405744255591, "supply": [{"l": "Maize", "v": 2.0950405744255591}]}, {"source": 61, "prod": 46.0, "target": 82, "value": 0.18143416482020677, "supply": [{"l": "Sweeteners, Other", "v": 0.18143416482020677}]}, {"source": 6, "prod": 375.0, "target": 82, "value": 1.2007699326067065, "supply": [{"l": "Wheat", "v": 1.2007699326067065}]}, {"source": 39, "prod": 100.0, "target": 82, "value": 1.0164124393711269, "supply": [{"l": "Soyabean Oil", "v": 1.0164124393711269}]}, {"source": 37, "prod": 1390.0, "target": 82, "value": 11.707486419413693, "supply": [{"l": "Fats, Animals, Raw", "v": 11.707486419413693}]}, {"source": 13, "prod": 547.0, "target": 82, "value": 0.42563381780893528, "supply": [{"l": "Potatoes", "v": 0.42563381780893528}]}, {"source": 83, "prod": 55.0, "target": 82, "value": 0.56207165015986116, "supply": [{"l": "Coconut Oil", "v": 0.56207165015986116}]}, {"source": 8, "prod": 1540.0, "target": 82, "value": 0.36140006687655407, "supply": [{"l": "Vegetables, Other", "v": 0.36140006687655407}]}, {"source": 55, "prod": 7.0, "target": 82, "value": 0.0594302332197, "supply": [{"l": "Rape and Mustard Oil", "v": 0.0594302332197}]}, {"source": 14, "prod": 917.0, "target": 82, "value": 0.53769895756979336, "supply": [{"l": "Milk - Excluding Butter", "v": 0.53769895756979336}]}, {"source": 73, "prod": 378.0, "target": 82, "value": 3.8629651592805003, "supply": [{"l": "Cottonseed Oil", "v": 3.8629651592805003}]}, {"source": 69, "prod": 146.0, "target": 82, "value": 0.18409082143018815, "supply": [{"l": "Offals, Edible", "v": 0.18409082143018815}]}, {"source": 84, "prod": 125.0, "target": 82, "value": 0.11773164687456809, "supply": [{"l": "Aquatic Plants", "v": 0.11773164687456809}]}, {"source": 3, "prod": 165.0, "target": 82, "value": 0.41873398017762237, "supply": [{"l": "Barley", "v": 0.41873398017762237}]}, {"source": 85, "prod": 117.0, "target": 82, "value": 1.19567969215825, "supply": [{"l": "Palm Oil", "v": 1.19567969215825}]}, {"source": 86, "prod": 2.0, "target": 82, "value": 0.020438969096722222, "supply": [{"l": "Palmkernel Oil", "v": 0.020438969096722222}]}, {"source": 28, "prod": 231.0, "target": 82, "value": 2.451497120312625, "supply": [{"l": "Oilcrops Oil, Other", "v": 2.451497120312625}]}, {"source": 79, "prod": 1.0, "target": 82, "value": 0.00424501665855, "supply": [{"l": "Palm kernels", "v": 0.00424501665855}]}, {"source": 48, "prod": 56.0, "target": 82, "value": 0.53403766512554141, "supply": [{"l": "Sunflowerseed Oil", "v": 0.53403766512554141}]}, {"source": 87, "prod": 125.0, "target": 82, "value": 0.11773164687456809, "supply": [{"l": "Aquatic Products, Other", "v": 0.11773164687456809}]}, {"source": 4, "prod": 390.0, "target": 4, "value": 1.4089842526251064, "supply": [{"l": "Sunflower seed", "v": 1.4089842526251064}]}, {"source": 0, "prod": 1994.0, "target": 0, "value": 4.9791548336168834, "supply": [{"l": "Maize", "v": 4.9791548336168834}]}, {"source": 6, "prod": 12300.0, "target": 6, "value": 39.385253789499977, "supply": [{"l": "Wheat", "v": 39.385253789499977}]}, {"source": 11, "prod": 2175.0, "target": 11, "value": 5.4632610842285496, "supply": [{"l": "Oats", "v": 5.4632610842285496}]}, {"source": 12, "prod": 77.0, "target": 12, "value": 0.32686628270835, "supply": [{"l": "Soyabeans", "v": 0.32686628270835}]}, {"source": 13, "prod": 17322.0, "target": 13, "value": 13.478663605276738, "supply": [{"l": "Potatoes", "v": 13.478663605276738}]}, {"source": 41, "prod": 131.0, "target": 41, "value": 0.21518176248689344, "supply": [{"l": "Eggs", "v": 0.21518176248689344}]}, {"source": 2, "prod": 1424.0, "target": 2, "value": 4.3723486615018885, "supply": [{"l": "Rye", "v": 4.3723486615018885}]}, {"source": 9, "prod": 457.0, "target": 9, "value": 1.8443401602059313, "supply": [{"l": "Peas", "v": 1.8443401602059313}]}, {"source": 21, "prod": 87.0, "target": 21, "value": 0.3215225558558224, "supply": [{"l": "Millet", "v": 0.3215225558558224}]}, {"source": 10, "prod": 157.0, "target": 10, "value": 0.66646761539235, "supply": [{"l": "Cottonseed", "v": 0.66646761539235}]}, {"source": 56, "prod": 6.0, "target": 56, "value": 0.02122508329275, "supply": [{"l": "Beans", "v": 0.02122508329275}]}, {"source": 3, "prod": 5522.0, "target": 3, "value": 14.013630536611092, "supply": [{"l": "Barley", "v": 14.013630536611092}]}, {"source": 46, "prod": 14.0, "target": 46, "value": 0.0594302332197, "supply": [{"l": "Rape and Mustardseed", "v": 0.0594302332197}]}, {"source": 81, "prod": 107.0, "target": 81, "value": 0.45421678246485003, "supply": [{"l": "Oilcrops, Other", "v": 0.45421678246485003}]}, {"source": 34, "prod": 102.0, "target": 34, "value": 0.41790083566208053, "supply": [{"l": "Rice", "v": 0.41790083566208053}]}, {"source": 18, "prod": 3.0, "target": 18, "value": 0.008997100891819744, "supply": [{"l": "Sorghum", "v": 0.008997100891819744}]}, {"source": 5, "prod": 165.0, "target": 5, "value": 0.48305361976603456, "supply": [{"l": "Cereals, Other", "v": 0.48305361976603456}]}, {"source": 15, "prod": 100.0, "target": 15, "value": 0.40189506826508875, "supply": [{"l": "Pulses, Other", "v": 0.40189506826508875}]}, {"source": 0, "prod": 3089.0, "target": 88, "value": 7.7134449754476186, "supply": [{"l": "Maize", "v": 7.7134449754476186}]}, {"source": 2, "prod": 462.0, "target": 88, "value": 1.4185569393355846, "supply": [{"l": "Rye", "v": 1.4185569393355846}]}, {"source": 66, "prod": 247.0, "target": 88, "value": 0.13573062972968933, "supply": [{"l": "Fruits, Other", "v": 0.13573062972968933}]}, {"source": 70, "prod": 1.0, "target": 88, "value": 0.00057265237778524806, "supply": [{"l": "Grapefruit", "v": 0.00057265237778524806}]}, {"source": 3, "prod": 1872.0, "target": 88, "value": 4.7507273387424789, "supply": [{"l": "Barley", "v": 4.7507273387424789}]}, {"source": 34, "prod": 50.0, "target": 88, "value": 0.20485335081474534, "supply": [{"l": "Rice", "v": 0.20485335081474534}]}, {"source": 25, "prod": 2.0, "target": 88, "value": 0.0067920266536800004, "supply": [{"l": "Nuts", "v": 0.0067920266536800004}]}, {"source": 4, "prod": 109.0, "target": 88, "value": 0.3937930347080425, "supply": [{"l": "Sunflower seed", "v": 0.3937930347080425}]}, {"source": 5, "prod": 99.0, "target": 88, "value": 0.28983217185962074, "supply": [{"l": "Cereals, Other", "v": 0.28983217185962074}]}, {"source": 6, "prod": 6543.0, "target": 88, "value": 20.951033784121819, "supply": [{"l": "Wheat", "v": 20.951033784121819}]}, {"source": 40, "prod": 2.0, "target": 88, "value": 0.0067920266536800004, "supply": [{"l": "Treenuts", "v": 0.0067920266536800004}]}, {"source": 41, "prod": 187.0, "target": 88, "value": 0.30716785942785546, "supply": [{"l": "Eggs", "v": 0.30716785942785546}]}, {"source": 8, "prod": 1409.0, "target": 88, "value": 0.33065759365523684, "supply": [{"l": "Vegetables, Other", "v": 0.33065759365523684}]}, {"source": 9, "prod": 210.0, "target": 88, "value": 0.84750860753445423, "supply": [{"l": "Peas", "v": 0.84750860753445423}]}, {"source": 10, "prod": 112.0, "target": 88, "value": 0.4754418657576, "supply": [{"l": "Cottonseed", "v": 0.4754418657576}]}, {"source": 36, "prod": 806.0, "target": 88, "value": 0.17393161937210674, "supply": [{"l": "Tomatoes", "v": 0.17393161937210674}]}, {"source": 44, "prod": 490.0, "target": 88, "value": 0.37563127091458243, "supply": [{"l": "Grapes", "v": 0.37563127091458243}]}, {"source": 53, "prod": 23.0, "target": 88, "value": 0.086148867482338257, "supply": [{"l": "Pimento", "v": 0.086148867482338257}]}, {"source": 81, "prod": 6.0, "target": 88, "value": 0.025470099951300004, "supply": [{"l": "Oilcrops, Other", "v": 0.025470099951300004}]}, {"source": 50, "prod": 55.0, "target": 88, "value": 0.091380006348434434, "supply": [{"l": "Pigmeat", "v": 0.091380006348434434}]}, {"source": 11, "prod": 662.0, "target": 88, "value": 1.6628408449468048, "supply": [{"l": "Oats", "v": 1.6628408449468048}]}, {"source": 12, "prod": 22.0, "target": 88, "value": 0.093390366488100007, "supply": [{"l": "Soyabeans", "v": 0.093390366488100007}]}, {"source": 13, "prod": 7310.0, "target": 88, "value": 5.6880863038086229, "supply": [{"l": "Potatoes", "v": 5.6880863038086229}]}, {"source": 14, "prod": 3692.0, "target": 88, "value": 2.164868649234108, "supply": [{"l": "Milk - Excluding Butter", "v": 2.164868649234108}]}, {"source": 56, "prod": 4.0, "target": 88, "value": 0.014150055528500001, "supply": [{"l": "Beans", "v": 0.014150055528500001}]}, {"source": 57, "prod": 810.0, "target": 88, "value": 0.46384842600605097, "supply": [{"l": "Apples", "v": 0.46384842600605097}]}, {"source": 17, "prod": 381.0, "target": 88, "value": 0.44280666582, "supply": [{"l": "Sugar beet", "v": 0.44280666582}]}, {"source": 59, "prod": 3.0, "target": 88, "value": 0.0017179571333557442, "supply": [{"l": "Lemons, Limes", "v": 0.0017179571333557442}]}, {"source": 18, "prod": 9.0, "target": 88, "value": 0.026991302675459228, "supply": [{"l": "Sorghum", "v": 0.026991302675459228}]}, {"source": 60, "prod": 11.0, "target": 88, "value": 0.018678073297619998, "supply": [{"l": "Mutton & Goat Meat", "v": 0.018678073297619998}]}, {"source": 63, "prod": 3.0, "target": 88, "value": 0.0017179571333557442, "supply": [{"l": "Bananas", "v": 0.0017179571333557442}]}, {"source": 72, "prod": 72.0, "target": 88, "value": 0.20256703439847526, "supply": [{"l": "Bovine Meat", "v": 0.20256703439847526}]}, {"source": 21, "prod": 111.0, "target": 88, "value": 0.41021843333329067, "supply": [{"l": "Millet", "v": 0.41021843333329067}]}, {"source": 69, "prod": 49.0, "target": 88, "value": 0.061783905822460392, "supply": [{"l": "Offals, Edible", "v": 0.061783905822460392}]}, {"source": 71, "prod": 66.0, "target": 88, "value": 0.024684678366898676, "supply": [{"l": "Oranges, Mandarines", "v": 0.024684678366898676}]}, {"source": 15, "prod": 35.0, "target": 88, "value": 0.14066327389278105, "supply": [{"l": "Pulses, Other", "v": 0.14066327389278105}]}, {"source": 74, "prod": 101.0, "target": 88, "value": 0.04705039039929218, "supply": [{"l": "Onions", "v": 0.04705039039929218}]}, {"source": 76, "prod": 34.0, "target": 88, "value": 0.077401250114886438, "supply": [{"l": "Cream", "v": 0.077401250114886438}]}, {"source": 89, "prod": 2.0, "target": 64, "value": 0.0074912058680294122, "supply": [{"l": "Spices, Other", "v": 0.0074912058680294122}]}, {"source": 89, "prod": 85.0, "target": 36, "value": 0.018342664573981482, "supply": [{"l": "Tomatoes", "v": 0.018342664573981482}]}, {"source": 89, "prod": 64.0, "target": 59, "value": 0.036649752178255876, "supply": [{"l": "Lemons, Limes", "v": 0.036649752178255876}]}, {"source": 89, "prod": 74.0, "target": 40, "value": 0.25130498618616004, "supply": [{"l": "Treenuts", "v": 0.25130498618616004}]}, {"source": 89, "prod": 144.0, "target": 2, "value": 0.44214761745524711, "supply": [{"l": "Rye", "v": 0.44214761745524711}]}, {"source": 89, "prod": 427.0, "target": 57, "value": 0.24452256531430092, "supply": [{"l": "Apples", "v": 0.24452256531430092}]}, {"source": 89, "prod": 49.0, "target": 65, "value": 0.03649224846823685, "supply": [{"l": "Tea", "v": 0.03649224846823685}]}, {"source": 89, "prod": 608.0, "target": 8, "value": 0.14268262380580835, "supply": [{"l": "Vegetables, Other", "v": 0.14268262380580835}]}, {"source": 89, "prod": 647.0, "target": 34, "value": 2.6508023595428045, "supply": [{"l": "Rice", "v": 2.6508023595428045}]}, {"source": 89, "prod": 10265.0, "target": 6, "value": 32.869075621887582, "supply": [{"l": "Wheat", "v": 32.869075621887582}]}, {"source": 89, "prod": 2.0, "target": 79, "value": 0.0084900333171, "supply": [{"l": "Palm kernels", "v": 0.0084900333171}]}, {"source": 89, "prod": 1406.0, "target": 3, "value": 3.5681210674529513, "supply": [{"l": "Barley", "v": 3.5681210674529513}]}, {"source": 89, "prod": 12.0, "target": 54, "value": 0.044947235208176478, "supply": [{"l": "Pepper", "v": 0.044947235208176478}]}, {"source": 89, "prod": 8.0, "target": 70, "value": 0.0045812190222819845, "supply": [{"l": "Grapefruit", "v": 0.0045812190222819845}]}, {"source": 89, "prod": 41.0, "target": 38, "value": 0.015134407217439132, "supply": [{"l": "Coffee", "v": 0.015134407217439132}]}, {"source": 89, "prod": 22.0, "target": 26, "value": 0.116737958110125, "supply": [{"l": "Dates", "v": 0.116737958110125}]}, {"source": 89, "prod": 2.0, "target": 24, "value": 0.0084900333171, "supply": [{"l": "Olives", "v": 0.0084900333171}]}, {"source": 89, "prod": 1382.0, "target": 1, "value": 2.0212980597116967, "supply": [{"l": "Pigmeat", "v": 0.28078583768882587}, {"l": "Meat, Other", "v": 0.0097426611835573773}, {"l": "Crustaceans", "v": 0.00083235620755882356}, {"l": "Eggs", "v": 0.073917399327558808}, {"l": "Mutton & Goat Meat", "v": 0.1188604664394}, {"l": "Milk - Excluding Butter", "v": 0.24451522934198888}, {"l": "Pelagic Fish", "v": 0.13309076219554253}, {"l": "Fish, Seafood", "v": 0.11929095611960369}, {"l": "Poultry Meat", "v": 0.2086533611829661}, {"l": "Offals, Edible", "v": 0.010087168297544555}, {"l": "Bovine Meat", "v": 0.8215218617271498}]}, {"source": 89, "prod": 3.0, "target": 53, "value": 0.01123680880204412, "supply": [{"l": "Pimento", "v": 0.01123680880204412}]}, {"source": 89, "prod": 74.0, "target": 25, "value": 0.25130498618616004, "supply": [{"l": "Nuts", "v": 0.25130498618616004}]}, {"source": 89, "prod": 12.0, "target": 81, "value": 0.050940199902600007, "supply": [{"l": "Oilcrops, Other", "v": 0.050940199902600007}]}, {"source": 89, "prod": 133.0, "target": 51, "value": 0.22583488623486001, "supply": [{"l": "Cocoa Beans", "v": 0.22583488623486001}]}, {"source": 89, "prod": 333.0, "target": 71, "value": 0.12454542266935244, "supply": [{"l": "Oranges, Mandarines", "v": 0.12454542266935244}]}, {"source": 89, "prod": 3.0, "target": 75, "value": 0.0017179571333557442, "supply": [{"l": "Pineapples", "v": 0.0017179571333557442}]}, {"source": 89, "prod": 584.0, "target": 13, "value": 0.45442440511959453, "supply": [{"l": "Potatoes", "v": 0.45442440511959453}]}, {"source": 89, "prod": 32.0, "target": 63, "value": 0.018324876089127938, "supply": [{"l": "Bananas", "v": 0.018324876089127938}]}, {"source": 89, "prod": 269.0, "target": 44, "value": 0.20621390178780136, "supply": [{"l": "Grapes", "v": 0.20621390178780136}]}, {"source": 89, "prod": 7.0, "target": 78, "value": 0.02971511660985, "supply": [{"l": "Sesame seed", "v": 0.02971511660985}]}, {"source": 89, "prod": 5532.0, "target": 77, "value": 23.635687580519747, "supply": [{"l": "Sugar", "v": 16.940068731067143}, {"l": "Beer", "v": 0.03976101576107919}, {"l": "Beverages, Alcoholic", "v": 0.19536509999682339}, {"l": "Fats, Animals, Raw", "v": 1.0275635562363095}, {"l": "Soyabean Oil", "v": 0.20328248787422537}, {"l": "Butter, Ghee", "v": 1.4550698169173391}, {"l": "Palm Oil", "v": 1.19567969215825}, {"l": "Sunflowerseed Oil", "v": 0.10490025564965992}, {"l": "Olive Oil", "v": 0.099050388699500017}, {"l": "Coconut Oil", "v": 0.49053525832133332}, {"l": "Rape and Mustard Oil", "v": 0.0424501665855}, {"l": "Oilcrops Oil, Other", "v": 1.25227991427225}, {"l": "Wine", "v": 0.55185216561150019}, {"l": "Sweeteners, Other", "v": 0.027609546820466246}, {"l": "Palmkernel Oil", "v": 0.010219484548361111}]}, {"source": 89, "prod": 1765.0, "target": 12, "value": 7.4924544023407513, "supply": [{"l": "Soyabeans", "v": 7.4924544023407513}]}, {"source": 89, "prod": 14495.0, "target": 0, "value": 36.195009685695453, "supply": [{"l": "Maize", "v": 36.195009685695453}]}, {"source": 89, "prod": 499.0, "target": 66, "value": 0.2742088430571456, "supply": [{"l": "Fruits, Other", "v": 0.2742088430571456}]}, {"source": 89, "prod": 30.0, "target": 45, "value": 0.25470099951300001, "supply": [{"l": "Groundnuts", "v": 0.25470099951300001}]}, {"source": 89, "prod": 41.0, "target": 80, "value": 0.17404568300055001, "supply": [{"l": "Coconuts - Incl Copra", "v": 0.17404568300055001}]}, {"source": 89, "prod": 109.0, "target": 11, "value": 0.27379101525559174, "supply": [{"l": "Oats", "v": 0.27379101525559174}]}, {"source": 0, "prod": 163.0, "target": 90, "value": 0.40702218549626473, "supply": [{"l": "Maize", "v": 0.40702218549626473}]}, {"source": 2, "prod": 20.0, "target": 90, "value": 0.061409391313228777, "supply": [{"l": "Rye", "v": 0.061409391313228777}]}, {"source": 66, "prod": 36.0, "target": 90, "value": 0.01978260190392233, "supply": [{"l": "Fruits, Other", "v": 0.01978260190392233}]}, {"source": 27, "prod": 250.0, "target": 90, "value": 1.0357097536724837, "supply": [{"l": "Sugar", "v": 1.0357097536724837}]}, {"source": 32, "prod": 27.0, "target": 90, "value": 0.092541363156390014, "supply": [{"l": "Beverages, Alcoholic", "v": 0.092541363156390014}]}, {"source": 3, "prod": 26.0, "target": 90, "value": 0.065982324149201091, "supply": [{"l": "Barley", "v": 0.065982324149201091}]}, {"source": 34, "prod": 21.0, "target": 90, "value": 0.086038407342193035, "supply": [{"l": "Rice", "v": 0.086038407342193035}]}, {"source": 58, "prod": 17.0, "target": 90, "value": 0.023660748588639344, "supply": [{"l": "Meat, Other", "v": 0.023660748588639344}]}, {"source": 37, "prod": 129.0, "target": 90, "value": 1.0865221209383931, "supply": [{"l": "Fats, Animals, Raw", "v": 1.0865221209383931}]}, {"source": 6, "prod": 3576.0, "target": 90, "value": 11.450542077337554, "supply": [{"l": "Wheat", "v": 11.450542077337554}]}, {"source": 7, "prod": 25.0, "target": 90, "value": 0.010404452594485294, "supply": [{"l": "Crustaceans", "v": 0.010404452594485294}]}, {"source": 8, "prod": 22.0, "target": 90, "value": 0.0051628580982364869, "supply": [{"l": "Vegetables, Other", "v": 0.0051628580982364869}]}, {"source": 9, "prod": 54.0, "target": 90, "value": 0.21793078479457392, "supply": [{"l": "Peas", "v": 0.21793078479457392}]}, {"source": 35, "prod": 18.0, "target": 90, "value": 0.15052446381903509, "supply": [{"l": "Butter, Ghee", "v": 0.15052446381903509}]}, {"source": 48, "prod": 119.0, "target": 90, "value": 1.1348300383917753, "supply": [{"l": "Sunflowerseed Oil", "v": 1.1348300383917753}]}, {"source": 11, "prod": 16.0, "target": 90, "value": 0.040189506826508882, "supply": [{"l": "Oats", "v": 0.040189506826508882}]}, {"source": 10, "prod": 43.0, "target": 90, "value": 0.18253571631765003, "supply": [{"l": "Cottonseed", "v": 0.18253571631765003}]}, {"source": 13, "prod": 173.0, "target": 90, "value": 0.13461544877686618, "supply": [{"l": "Potatoes", "v": 0.13461544877686618}]}, {"source": 52, "prod": 10.0, "target": 90, "value": 0.0086412552845801533, "supply": [{"l": "Freshwater Fish", "v": 0.0086412552845801533}]}, {"source": 14, "prod": 306.0, "target": 90, "value": 0.1794284416754163, "supply": [{"l": "Milk - Excluding Butter", "v": 0.1794284416754163}]}, {"source": 16, "prod": 663.0, "target": 90, "value": 0.67598208467775422, "supply": [{"l": "Fish, Seafood", "v": 0.67598208467775422}]}, {"source": 28, "prod": 1.0, "target": 90, "value": 0.010612541646375, "supply": [{"l": "Oilcrops Oil, Other", "v": 0.010612541646375}]}, {"source": 5, "prod": 246.0, "target": 90, "value": 0.72018903310572424, "supply": [{"l": "Cereals, Other", "v": 0.72018903310572424}]}, {"source": 47, "prod": 12.0, "target": 90, "value": 0.0096393391373187781, "supply": [{"l": "Wine", "v": 0.0096393391373187781}]}, {"source": 19, "prod": 174.0, "target": 90, "value": 0.20137210975673392, "supply": [{"l": "Pelagic Fish", "v": 0.20137210975673392}]}, {"source": 72, "prod": 32.0, "target": 90, "value": 0.090029793065989031, "supply": [{"l": "Bovine Meat", "v": 0.090029793065989031}]}, {"source": 20, "prod": 1.0, "target": 90, "value": 0.0083624702121686146, "supply": [{"l": "Fish, Body Oil", "v": 0.0083624702121686146}]}, {"source": 21, "prod": 6.0, "target": 90, "value": 0.022173969369367059, "supply": [{"l": "Millet", "v": 0.022173969369367059}]}, {"source": 33, "prod": 11.0, "target": 90, "value": 0.041201632274161772, "supply": [{"l": "Honey", "v": 0.041201632274161772}]}, {"source": 22, "prod": 454.0, "target": 90, "value": 0.46396459849559446, "supply": [{"l": "Demersal Fish", "v": 0.46396459849559446}]}, {"source": 65, "prod": 17.0, "target": 90, "value": 0.012660575999184211, "supply": [{"l": "Tea", "v": 0.012660575999184211}]}, {"source": 13, "prod": 8000.0, "target": 91, "value": 6.2249918509533497, "supply": [{"l": "Potatoes", "v": 6.2249918509533497}]}, {"source": 92, "prod": 40.0, "target": 4, "value": 0.1445112053974468, "supply": [{"l": "Sunflower seed", "v": 0.1445112053974468}]}, {"source": 92, "prod": 1000.0, "target": 9, "value": 4.0357552739735914, "supply": [{"l": "Peas", "v": 4.0357552739735914}]}, {"source": 92, "prod": 1.0, "target": 79, "value": 0.00424501665855, "supply": [{"l": "Palm kernels", "v": 0.00424501665855}]}, {"source": 0, "prod": 1800.0, "target": 91, "value": 4.4947235208176473, "supply": [{"l": "Maize", "v": 4.4947235208176473}]}, {"source": 92, "prod": 143.0, "target": 5, "value": 0.41864647046389658, "supply": [{"l": "Cereals, Other", "v": 0.41864647046389658}]}, {"source": 92, "prod": 8.0, "target": 46, "value": 0.0339601332684, "supply": [{"l": "Rape and Mustardseed", "v": 0.0339601332684}]}, {"source": 92, "prod": 700.0, "target": 8, "value": 0.16427275767116092, "supply": [{"l": "Vegetables, Other", "v": 0.16427275767116092}]}, {"source": 81, "prod": 17.0, "target": 91, "value": 0.072165283195350011, "supply": [{"l": "Oilcrops, Other", "v": 0.072165283195350011}]}, {"source": 92, "prod": 5.0, "target": 80, "value": 0.02122508329275, "supply": [{"l": "Coconuts - Incl Copra", "v": 0.02122508329275}]}, {"source": 92, "prod": 16700.0, "target": 6, "value": 53.474287665418657, "supply": [{"l": "Wheat", "v": 53.474287665418657}]}, {"source": 92, "prod": 5.0, "target": 15, "value": 0.020094753413254438, "supply": [{"l": "Pulses, Other", "v": 0.020094753413254438}]}, {"source": 92, "prod": 707.0, "target": 77, "value": 2.9289871833857841, "supply": [{"l": "Sugar", "v": 2.9289871833857841}]}, {"source": 92, "prod": 2700.0, "target": 2, "value": 8.2902678272858843, "supply": [{"l": "Rye", "v": 8.2902678272858843}]}, {"source": 12, "prod": 350.0, "target": 91, "value": 1.4857558304925, "supply": [{"l": "Soyabeans", "v": 1.4857558304925}]}, {"source": 57, "prod": 1000.0, "target": 91, "value": 0.57265237778524802, "supply": [{"l": "Apples", "v": 0.57265237778524802}]}, {"source": 1, "prod": 2174.0, "target": 68, "value": 3.2400886229412027, "supply": [{"l": "Poultry Meat", "v": 3.2400886229412027}]}, {"source": 1, "prod": 5434.0, "target": 50, "value": 9.0283446272253229, "supply": [{"l": "Pigmeat", "v": 9.0283446272253229}]}, {"source": 1, "prod": 3487.0, "target": 19, "value": 4.0355433719639722, "supply": [{"l": "Pelagic Fish", "v": 4.0355433719639722}]}, {"source": 1, "prod": 1044.0, "target": 52, "value": 0.90214705171016796, "supply": [{"l": "Freshwater Fish", "v": 0.90214705171016796}]}, {"source": 1, "prod": 328.0, "target": 7, "value": 0.13650641803964705, "supply": [{"l": "Crustaceans", "v": 0.13650641803964705}]}, {"source": 1, "prod": 3656.0, "target": 41, "value": 6.005378043145666, "supply": [{"l": "Eggs", "v": 6.2205598056325595}]}, {"source": 1, "prod": 18.0, "target": 67, "value": 0.018352454787631339, "supply": [{"l": "Molluscs, Other", "v": 0.018352454787631339}]}, {"source": 1, "prod": 125.0, "target": 87, "value": 0.11773164687456809, "supply": [{"l": "Aquatic Products, Other", "v": 0.11773164687456809}]}, {"source": 1, "prod": 93803.0, "target": 14, "value": 55.003026517905482, "supply": [{"l": "Milk - Excluding Butter", "v": 55.003026517905482}]}, {"source": 1, "prod": 993.0, "target": 69, "value": 1.2520697649327179, "supply": [{"l": "Offals, Edible", "v": 1.2520697649327179}]}, {"source": 1, "prod": 3955.0, "target": 22, "value": 4.0418061388768196, "supply": [{"l": "Demersal Fish", "v": 4.0418061388768196}]}, {"source": 1, "prod": 125.0, "target": 84, "value": 0.11773164687456809, "supply": [{"l": "Aquatic Plants", "v": 0.11773164687456809}]}, {"source": 1, "prod": 9156.0, "target": 16, "value": 9.3352820019751395, "supply": [{"l": "Fish, Seafood", "v": 9.3352820019751395}]}, {"source": 1, "prod": 7292.0, "target": 72, "value": 20.515539094912246, "supply": [{"l": "Bovine Meat", "v": 20.515539094912246}]}, {"source": 1, "prod": 267.0, "target": 43, "value": 0.22223910741820588, "supply": [{"l": "Marine Fish, Other", "v": 0.22223910741820588}]}, {"source": 1, "prod": 338.0, "target": 58, "value": 0.47043135429177046, "supply": [{"l": "Meat, Other", "v": 0.47043135429177046}]}, {"source": 1, "prod": 57.0, "target": 42, "value": 0.071166455746279431, "supply": [{"l": "Cephalopods", "v": 0.071166455746279431}]}, {"source": 1, "prod": 933.0, "target": 60, "value": 1.58424021697086, "supply": [{"l": "Mutton & Goat Meat", "v": 1.58424021697086}]}, {"source": 77, "prod": 12496.0, "target": 27, "value": 51.768916327565428, "supply": [{"l": "Sugar", "v": 51.768916327565428}]}, {"source": 77, "prod": 11.0, "target": 29, "value": 0.116737958110125, "supply": [{"l": "Maize Germ Oil", "v": 0.116737958110125}]}, {"source": 77, "prod": 6399.0, "target": 30, "value": 3.6874020268861698, "supply": [{"l": "Beer", "v": 3.6874020268861698}]}, {"source": 77, "prod": 2.0, "target": 31, "value": 0.020438969096722222, "supply": [{"l": "Groundnut Oil", "v": 0.020438969096722222}]}, {"source": 77, "prod": 3581.0, "target": 32, "value": 12.273726720853059, "supply": [{"l": "Beverages, Alcoholic", "v": 12.273726720853059}]}, {"source": 77, "prod": 1594.0, "target": 35, "value": 13.329777518196773, "supply": [{"l": "Butter, Ghee", "v": 13.329777518196773}]}, {"source": 77, "prod": 2182.0, "target": 37, "value": 18.378226882849408, "supply": [{"l": "Fats, Animals, Raw", "v": 18.378226882849408}]}, {"source": 77, "prod": 287.0, "target": 39, "value": 2.9171037009951339, "supply": [{"l": "Soyabean Oil", "v": 2.9171037009951339}]}, {"source": 77, "prod": 117.0, "target": 85, "value": 1.19567969215825, "supply": [{"l": "Palm Oil", "v": 1.19567969215825}]}, {"source": 77, "prod": 1862.0, "target": 48, "value": 17.756752365424251, "supply": [{"l": "Sunflowerseed Oil", "v": 17.756752365424251}]}, {"source": 77, "prod": 7.0, "target": 49, "value": 0.099050388699500017, "supply": [{"l": "Olive Oil", "v": 0.099050388699500017}]}, {"source": 77, "prod": 55.0, "target": 83, "value": 0.56207165015986116, "supply": [{"l": "Coconut Oil", "v": 0.56207165015986116}]}, {"source": 77, "prod": 20.0, "target": 55, "value": 0.169800666342, "supply": [{"l": "Rape and Mustard Oil", "v": 0.169800666342}]}, {"source": 77, "prod": 243.0, "target": 28, "value": 2.578847620069125, "supply": [{"l": "Oilcrops Oil, Other", "v": 2.578847620069125}]}, {"source": 77, "prod": 3627.0, "target": 47, "value": 2.9134902542546008, "supply": [{"l": "Wine", "v": 2.9134902542546008}]}, {"source": 77, "prod": 53.0, "target": 61, "value": 0.20904371164067301, "supply": [{"l": "Sweeteners, Other", "v": 0.20904371164067301}]}, {"source": 77, "prod": 3.0, "target": 62, "value": 0.031837624939125002, "supply": [{"l": "Sesameseed Oil", "v": 0.031837624939125002}]}, {"source": 77, "prod": 74.0, "target": 20, "value": 0.61882279570047749, "supply": [{"l": "Fish, Body Oil", "v": 0.61882279570047749}]}, {"source": 77, "prod": 189.0, "target": 33, "value": 0.7079189545287794, "supply": [{"l": "Honey", "v": 0.7079189545287794}]}, {"source": 77, "prod": 663.0, "target": 73, "value": 6.7755182555634175, "supply": [{"l": "Cottonseed Oil", "v": 6.7755182555634175}]}, {"source": 77, "prod": 2.0, "target": 86, "value": 0.020438969096722222, "supply": [{"l": "Palmkernel Oil", "v": 0.020438969096722222}]}, {"source": 77, "prod": 1701.0, "target": 76, "value": 3.8723390131006425, "supply": [{"l": "Cream", "v": 3.8723390131006425}]}, {"source": 93, "prod": 0, "target": 0, "value": 0.3589592720276143, "supply": "[{\"l\":'Energy for power irrigation',\"v\":0.3589592720276143}]"}, {"source": 93, "prod": 0, "target": 2, "value": 0.20030393843515118, "supply": "[{\"l\":'Energy for power irrigation',\"v\":0.20030393843515118}]"}, {"source": 93, "prod": 0, "target": 25, "value": 0.0022289184384776486, "supply": "[{\"l\":'Energy for power irrigation',\"v\":0.0022289184384776486}]"}, {"source": 93, "prod": 0, "target": 3, "value": 1.0347236833468918, "supply": "[{\"l\":'Energy for power irrigation',\"v\":1.0347236833468918}]"}, {"source": 93, "prod": 0, "target": 34, "value": 0.041625626302085154, "supply": "[{\"l\":'Energy for power irrigation',\"v\":0.041625626302085154}]"}, {"source": 93, "prod": 0, "target": 36, "value": 0.18409257803983176, "supply": "[{\"l\":'Energy for power irrigation',\"v\":0.18409257803983176}]"}, {"source": 93, "prod": 0, "target": 4, "value": 0.12486538963595403, "supply": "[{\"l\":'Energy for power irrigation',\"v\":0.12486538963595403}]"}, {"source": 93, "prod": 0, "target": 5, "value": 0.02104834319222192, "supply": "[{\"l\":'Energy for power irrigation',\"v\":0.02104834319222192}]"}, {"source": 93, "prod": 0, "target": 6, "value": 2.2603530820223643, "supply": "[{\"l\":'Energy for power irrigation',\"v\":2.2603530820223643}]"}, {"source": 93, "prod": 0, "target": 40, "value": 0.0022289184384776486, "supply": "[{\"l\":'Energy for power irrigation',\"v\":0.0022289184384776486}]"}, {"source": 93, "prod": 0, "target": 8, "value": 0.4917407689012544, "supply": "[{\"l\":'Energy for power irrigation',\"v\":0.4917407689012544}]"}, {"source": 93, "prod": 0, "target": 9, "value": 0.085020600230590715, "supply": "[{\"l\":'Energy for power irrigation',\"v\":0.085020600230590715}]"}, {"source": 93, "prod": 0, "target": 12, "value": 0.031009540543562749, "supply": "[{\"l\":'Energy for power irrigation',\"v\":0.031009540543562749}]"}, {"source": 93, "prod": 0, "target": 44, "value": 0.14296099036070814, "supply": "[{\"l\":'Energy for power irrigation',\"v\":0.14296099036070814}]"}, {"source": 93, "prod": 0, "target": 53, "value": 0.0025621072772191527, "supply": "[{\"l\":'Energy for power irrigation',\"v\":0.0025621072772191527}]"}, {"source": 93, "prod": 0, "target": 81, "value": 0.007881639426781788, "supply": "[{\"l\":'Energy for power irrigation',\"v\":0.007881639426781788}]"}, {"source": 93, "prod": 0, "target": 11, "value": 0.31227836679289939, "supply": "[{\"l\":'Energy for power irrigation',\"v\":0.31227836679289939}]"}, {"source": 93, "prod": 0, "target": 10, "value": 0.12840408488879484, "supply": "[{\"l\":'Energy for power irrigation',\"v\":0.12840408488879484}]"}, {"source": 93, "prod": 0, "target": 13, "value": 2.0967458729299842, "supply": "[{\"l\":'Energy for power irrigation',\"v\":2.0967458729299842}]"}, {"source": 93, "prod": 0, "target": 45, "value": 0.00035616737934436653, "supply": "[{\"l\":'Energy for power irrigation',\"v\":0.00035616737934436653}]"}, {"source": 93, "prod": 0, "target": 56, "value": 0.0016659441937075207, "supply": "[{\"l\":'Energy for power irrigation',\"v\":0.0016659441937075207}]"}, {"source": 93, "prod": 0, "target": 15, "value": 0.01600455352989363, "supply": "[{\"l\":'Energy for power irrigation',\"v\":0.01600455352989363}]"}, {"source": 93, "prod": 0, "target": 17, "value": 1.7512405364253458, "supply": "[{\"l\":'Energy for power irrigation',\"v\":1.7512405364253458}]"}, {"source": 93, "prod": 0, "target": 18, "value": 0.0020450901136547495, "supply": "[{\"l\":'Energy for power irrigation',\"v\":0.0020450901136547495}]"}, {"source": 93, "prod": 0, "target": 65, "value": 0.0032744420359078854, "supply": "[{\"l\":'Energy for power irrigation',\"v\":0.0032744420359078854}]"}, {"source": 93, "prod": 0, "target": 66, "value": 0.062122484519838372, "supply": "[{\"l\":'Energy for power irrigation',\"v\":0.062122484519838372}]"}, {"source": 93, "prod": 0, "target": 21, "value": 0.032629527656064541, "supply": "[{\"l\":'Energy for power irrigation',\"v\":0.032629527656064541}]"}, {"source": 93, "prod": 0, "target": 46, "value": 0.0016659441937075207, "supply": "[{\"l\":'Energy for power irrigation',\"v\":0.0016659441937075207}]"}, {"source": 93, "prod": 0, "target": 71, "value": 0.011408845409321159, "supply": "[{\"l\":'Energy for power irrigation',\"v\":0.011408845409321159}]"}, {"source": 93, "prod": 0, "target": 74, "value": 0.046393673477179098, "supply": "[{\"l\":'Energy for power irrigation',\"v\":0.046393673477179098}]"}, {"source": 93, "prod": 0, "target": 57, "value": 0.17568243217918414, "supply": "[{\"l\":'Energy for power irrigation',\"v\":0.17568243217918414}]"}, {"source": 93, "prod": 0, "target": 77, "value": 102.03100008162478, "supply": "[{\"l\":'Electricity',\"v\":102.03100008162478}]"}, {"source": 94, "prod": 0, "target": 93, "value": 194.28190465595753, "supply": [{"l": "Coal", "v": 41.257162224454966}, {"l": "Natural gas", "v": 119.4119493271898}, {"l": "Oil", "v": 33.612793104312772}]}, {"source": 95, "prod": 0, "target": 93, "value": 29.866391227371693, "supply": [{"l": "Nuclear", "v": 12.444071019541743}, {"l": "Hydroelectric", "v": 17.415531581072081}, {"l": "Renewable", "v": 0.0067886267578699654}]}, {"source": 94, "prod": 0, "target": 0, "value": 7.3520601917732318, "supply": [{"l": "Natural gas (including LNG)", "v": 1.6013492955712925}, {"l": "Liquefied petroleum gas (LPG)", "v": 0.0083190335409500816}, {"l": "Other fossil fuels", "v": 5.7423918626609893}]}, {"source": 94, "prod": 0, "target": 2, "value": 4.1025451263762935, "supply": [{"l": "Natural gas (including LNG)", "v": 0.89357371632013294}, {"l": "Liquefied petroleum gas (LPG)", "v": 0.0046421288209494514}, {"l": "Other fossil fuels", "v": 3.2043292812352107}]}, {"source": 94, "prod": 0, "target": 25, "value": 0.045651815677239929, "supply": [{"l": "Natural gas (including LNG)", "v": 0.0099434037493464373}, {"l": "Liquefied petroleum gas (LPG)", "v": 5.1656131195605921e-05}, {"l": "Other fossil fuels", "v": 0.03565675579669788}]}, {"source": 94, "prod": 0, "target": 3, "value": 21.192796494289833, "supply": [{"l": "Natural gas (including LNG)", "v": 4.6159945446708255}, {"l": "Liquefied petroleum gas (LPG)", "v": 0.023980160698331282}, {"l": "Other fossil fuels", "v": 16.552821788920674}]}, {"source": 94, "prod": 0, "target": 34, "value": 0.85255942370433113, "supply": [{"l": "Natural gas (including LNG)", "v": 0.18569562775196982}, {"l": "Liquefied petroleum gas (LPG)", "v": 0.00096469156351381574}, {"l": "Other fossil fuels", "v": 0.66589910438884758}]}, {"source": 94, "prod": 0, "target": 36, "value": 3.7705105288475016, "supply": [{"l": "Natural gas (including LNG)", "v": 0.82125339317411328}, {"l": "Liquefied petroleum gas (LPG)", "v": 0.004266423660552545}, {"l": "Other fossil fuels", "v": 2.944990712012836}]}, {"source": 94, "prod": 0, "target": 4, "value": 2.557442952475482, "supply": [{"l": "Natural gas (including LNG)", "v": 0.55703562859740763}, {"l": "Liquefied petroleum gas (LPG)", "v": 0.0028938084218239437}, {"l": "Other fossil fuels", "v": 1.9975135154562502}]}, {"source": 94, "prod": 0, "target": 5, "value": 0.4311037439211523, "supply": [{"l": "Natural gas (including LNG)", "v": 0.093898534375271514}, {"l": "Liquefied petroleum gas (LPG)", "v": 0.00048780429046572189}, {"l": "Other fossil fuels", "v": 0.33671740525541505}]}, {"source": 94, "prod": 0, "target": 6, "value": 46.295647469471518, "supply": [{"l": "Natural gas (including LNG)", "v": 10.083636495007324}, {"l": "Liquefied petroleum gas (LPG)", "v": 0.052384642406694465}, {"l": "Other fossil fuels", "v": 36.159626332057499}]}, {"source": 94, "prod": 0, "target": 40, "value": 0.045651815677239929, "supply": [{"l": "Natural gas (including LNG)", "v": 0.0099434037493464373}, {"l": "Liquefied petroleum gas (LPG)", "v": 5.1656131195605921e-05}, {"l": "Other fossil fuels", "v": 0.03565675579669788}]}, {"source": 94, "prod": 0, "target": 8, "value": 10.071637685494169, "supply": [{"l": "Natural gas (including LNG)", "v": 2.1936993838764303}, {"l": "Liquefied petroleum gas (LPG)", "v": 0.011396301109133677}, {"l": "Other fossil fuels", "v": 7.8665420005086037}]}, {"source": 94, "prod": 0, "target": 9, "value": 1.7413579175854403, "supply": [{"l": "Natural gas (including LNG)", "v": 0.3792844729132146}, {"l": "Liquefied petroleum gas (LPG)", "v": 0.0019703885095231125}, {"l": "Other fossil fuels", "v": 1.3601030561627028}]}, {"source": 94, "prod": 0, "target": 12, "value": 0.63512500264366267, "supply": [{"l": "Natural gas (including LNG)", "v": 0.13833632329631976}, {"l": "Liquefied petroleum gas (LPG)", "v": 0.00071865926854092969}, {"l": "Other fossil fuels", "v": 0.49607002007880191}]}, {"source": 94, "prod": 0, "target": 44, "value": 2.928069806556167, "supply": [{"l": "Natural gas (including LNG)", "v": 0.63776171573772023}, {"l": "Liquefied petroleum gas (LPG)", "v": 0.0033131816518913631}, {"l": "Other fossil fuels", "v": 2.2869949091665553}]}, {"source": 94, "prod": 0, "target": 53, "value": 0.05247605616507476, "supply": [{"l": "Natural gas (including LNG)", "v": 0.011429788845898224}, {"l": "Liquefied petroleum gas (LPG)", "v": 5.9377924003196497e-05}, {"l": "Other fossil fuels", "v": 0.040986889395173337}]}, {"source": 94, "prod": 0, "target": 81, "value": 0.16142858533292054, "supply": [{"l": "Natural gas (including LNG)", "v": 0.035160695732225029}, {"l": "Liquefied petroleum gas (LPG)", "v": 0.00018266034020714256}, {"l": "Other fossil fuels", "v": 0.12608522926048837}]}, {"source": 94, "prod": 0, "target": 11, "value": 6.3959605675638196, "supply": [{"l": "Natural gas (including LNG)", "v": 1.3931016180785369}, {"l": "Liquefied petroleum gas (LPG)", "v": 0.0072371837417348909}, {"l": "Other fossil fuels", "v": 4.9956217657435475}]}, {"source": 94, "prod": 0, "target": 10, "value": 2.6299210928290382, "supply": [{"l": "Natural gas (including LNG)", "v": 0.57282206341595765}, {"l": "Liquefied petroleum gas (LPG)", "v": 0.0029758191868149058}, {"l": "Other fossil fuels", "v": 2.0541232102262654}]}, {"source": 94, "prod": 0, "target": 13, "value": 42.944710071307099, "supply": [{"l": "Natural gas (including LNG)", "v": 9.3537701579418933}, {"l": "Liquefied petroleum gas (LPG)", "v": 0.048592975869449988}, {"l": "Other fossil fuels", "v": 33.542346937495751}]}, {"source": 94, "prod": 0, "target": 45, "value": 0.0072948777628579261, "supply": [{"l": "Natural gas (including LNG)", "v": 0.0015888944135553586}, {"l": "Liquefied petroleum gas (LPG)", "v": 8.2543302425968212e-06}, {"l": "Other fossil fuels", "v": 0.005697729019059971}]}, {"source": 94, "prod": 0, "target": 56, "value": 0.034121202439174173, "supply": [{"l": "Natural gas (including LNG)", "v": 0.0074319254827589351}, {"l": "Liquefied petroleum gas (LPG)", "v": 3.8608964037952874e-05}, {"l": "Other fossil fuels", "v": 0.02665066799237728}]}, {"source": 94, "prod": 0, "target": 15, "value": 0.32779886205358355, "supply": [{"l": "Natural gas (including LNG)", "v": 0.071397739292987553}, {"l": "Liquefied petroleum gas (LPG)", "v": 0.00037091232348185072}, {"l": "Other fossil fuels", "v": 0.25603021043711416}]}, {"source": 94, "prod": 0, "target": 17, "value": 35.868208004059888, "supply": [{"l": "Natural gas (including LNG)", "v": 7.8124400674761922}, {"l": "Liquefied petroleum gas (LPG)", "v": 0.04058574299669606}, {"l": "Other fossil fuels", "v": 28.015182193586995}]}, {"source": 94, "prod": 0, "target": 18, "value": 0.041886717477055184, "supply": [{"l": "Natural gas (including LNG)", "v": 0.0091233292133178646}, {"l": "Liquefied petroleum gas (LPG)", "v": 4.739583171555594e-05}, {"l": "Other fossil fuels", "v": 0.032715992432021765}]}, {"source": 94, "prod": 0, "target": 65, "value": 0.067065811690790608, "supply": [{"l": "Natural gas (including LNG)", "v": 0.01460757767300894}, {"l": "Liquefied petroleum gas (LPG)", "v": 7.588658448839014e-05}, {"l": "Other fossil fuels", "v": 0.052382347433293279}]}, {"source": 94, "prod": 0, "target": 66, "value": 1.2723678730249293, "supply": [{"l": "Natural gas (including LNG)", "v": 0.27713393851915558}, {"l": "Liquefied petroleum gas (LPG)", "v": 0.0014397149555393876}, {"l": "Other fossil fuels", "v": 0.99379421955023417}]}, {"source": 94, "prod": 0, "target": 21, "value": 0.66830493053279061, "supply": [{"l": "Natural gas (including LNG)", "v": 0.14556323014507155}, {"l": "Liquefied petroleum gas (LPG)", "v": 0.00075620315770887005}, {"l": "Other fossil fuels", "v": 0.5219854972300102}]}, {"source": 94, "prod": 0, "target": 46, "value": 0.034121202439174173, "supply": [{"l": "Natural gas (including LNG)", "v": 0.0074319254827589351}, {"l": "Liquefied petroleum gas (LPG)", "v": 3.8608964037952874e-05}, {"l": "Other fossil fuels", "v": 0.02665066799237728}]}, {"source": 94, "prod": 0, "target": 71, "value": 0.23367140704896519, "supply": [{"l": "Natural gas (including LNG)", "v": 0.050895875892273262}, {"l": "Liquefied petroleum gas (LPG)", "v": 0.0002644048364806014}, {"l": "Other fossil fuels", "v": 0.18251112632021133}]}, {"source": 94, "prod": 0, "target": 74, "value": 0.95021665827162272, "supply": [{"l": "Natural gas (including LNG)", "v": 0.2069663110302109}, {"l": "Liquefied petroleum gas (LPG)", "v": 0.0010751930812776119}, {"l": "Other fossil fuels", "v": 0.74217515416013424}]}, {"source": 94, "prod": 0, "target": 57, "value": 3.5982572861890501, "supply": [{"l": "Natural gas (including LNG)", "v": 0.78373498315080614}, {"l": "Liquefied petroleum gas (LPG)", "v": 0.0040715149593402583}, {"l": "Other fossil fuels", "v": 2.8104507880789038}]}, {"source": 96, "prod": 646.49474284024916, "target": 0, "value": 6.3826249013404412, "supply": [{"l": "Potash", "v": 11.309313897936338}, {"l": "Phosphate", "v": 23.061666685115998}, {"l": "Nitrogen", "v": 136.99870844293227}]}, {"source": 96, "prod": 360.75246764641372, "target": 2, "value": 3.561587636589612, "supply": [{"l": "Potash", "v": 11.309313897936338}, {"l": "Phosphate", "v": 23.061666685115998}, {"l": "Nitrogen", "v": 136.99870844293227}]}, {"source": 96, "prod": 4.0143385753931549, "target": 25, "value": 0.039632213003234183, "supply": [{"l": "Potash", "v": 11.309313897936338}, {"l": "Phosphate", "v": 23.061666685115998}, {"l": "Nitrogen", "v": 136.99870844293227}]}, {"source": 96, "prod": 1863.5635675252963, "target": 3, "value": 18.3983355828416, "supply": [{"l": "Potash", "v": 11.309313897936338}, {"l": "Phosphate", "v": 23.061666685115998}, {"l": "Nitrogen", "v": 136.99870844293227}]}, {"source": 96, "prod": 74.968807518811332, "target": 34, "value": 0.74014179232328581, "supply": [{"l": "Potash", "v": 11.309313897936338}, {"l": "Phosphate", "v": 23.061666685115998}, {"l": "Nitrogen", "v": 136.99870844293227}]}, {"source": 96, "prod": 331.55539687383771, "target": 36, "value": 3.2733347884062955, "supply": [{"l": "Potash", "v": 11.309313897936338}, {"l": "Phosphate", "v": 23.061666685115998}, {"l": "Nitrogen", "v": 136.99870844293227}]}, {"source": 96, "prod": 224.88573008955052, "target": 4, "value": 2.2202210872121086, "supply": [{"l": "Potash", "v": 11.309313897936338}, {"l": "Phosphate", "v": 23.061666685115998}, {"l": "Nitrogen", "v": 136.99870844293227}]}, {"source": 96, "prod": 37.9085993305168, "target": 5, "value": 0.37425883619548977, "supply": [{"l": "Potash", "v": 11.309313897936338}, {"l": "Phosphate", "v": 23.061666685115998}, {"l": "Nitrogen", "v": 136.99870844293227}]}, {"source": 96, "prod": 4070.9531647863282, "target": 6, "value": 40.191149780434436, "supply": [{"l": "Potash", "v": 11.309313897936338}, {"l": "Phosphate", "v": 23.061666685115998}, {"l": "Nitrogen", "v": 136.99870844293227}]}, {"source": 96, "prod": 4.0143385753931549, "target": 40, "value": 0.039632213003234183, "supply": [{"l": "Potash", "v": 11.309313897936338}, {"l": "Phosphate", "v": 23.061666685115998}, {"l": "Nitrogen", "v": 136.99870844293227}]}, {"source": 96, "prod": 885.6375826125103, "target": 8, "value": 8.7436016316413543, "supply": [{"l": "Potash", "v": 11.309313897936338}, {"l": "Phosphate", "v": 23.061666685115998}, {"l": "Nitrogen", "v": 136.99870844293227}]}, {"source": 96, "prod": 153.12425493767702, "target": 9, "value": 1.5117442073398606, "supply": [{"l": "Potash", "v": 11.309313897936338}, {"l": "Phosphate", "v": 23.061666685115998}, {"l": "Nitrogen", "v": 136.99870844293227}]}, {"source": 96, "prod": 55.848968118485175, "target": 12, "value": 0.55137805616355184, "supply": [{"l": "Potash", "v": 11.309313897936338}, {"l": "Phosphate", "v": 23.061666685115998}, {"l": "Nitrogen", "v": 136.99870844293227}]}, {"source": 96, "prod": 257.47636543101555, "target": 44, "value": 2.5419774556662005, "supply": [{"l": "Potash", "v": 11.309313897936338}, {"l": "Phosphate", "v": 23.061666685115998}, {"l": "Nitrogen", "v": 136.99870844293227}]}, {"source": 96, "prod": 4.6144201150137807, "target": 53, "value": 0.045556615977944449, "supply": [{"l": "Potash", "v": 11.309313897936338}, {"l": "Phosphate", "v": 23.061666685115998}, {"l": "Nitrogen", "v": 136.99870844293227}]}, {"source": 96, "prod": 14.195032282060328, "target": 81, "value": 0.14014277381556003, "supply": [{"l": "Potash", "v": 11.309313897936338}, {"l": "Phosphate", "v": 23.061666685115998}, {"l": "Nitrogen", "v": 136.99870844293227}]}, {"source": 96, "prod": 562.42124989271099, "target": 11, "value": 5.5525956156077578, "supply": [{"l": "Potash", "v": 11.309313897936338}, {"l": "Phosphate", "v": 23.061666685115998}, {"l": "Nitrogen", "v": 136.99870844293227}]}, {"source": 96, "prod": 231.25900988965924, "target": 10, "value": 2.2831423325986866, "supply": [{"l": "Potash", "v": 11.309313897936338}, {"l": "Phosphate", "v": 23.061666685115998}, {"l": "Nitrogen", "v": 136.99870844293227}]}, {"source": 96, "prod": 3776.2924363657171, "target": 13, "value": 37.282063630093944, "supply": [{"l": "Potash", "v": 11.309313897936338}, {"l": "Phosphate", "v": 23.061666685115998}, {"l": "Nitrogen", "v": 136.99870844293227}]}, {"source": 96, "prod": 0.64146647338756591, "target": 45, "value": 0.0063329824902075239, "supply": [{"l": "Potash", "v": 11.309313897936338}, {"l": "Phosphate", "v": 23.061666685115998}, {"l": "Nitrogen", "v": 136.99870844293227}]}, {"source": 96, "prod": 3.0004076981031309, "target": 56, "value": 0.02962201487355132, "supply": [{"l": "Potash", "v": 11.309313897936338}, {"l": "Phosphate", "v": 23.061666685115998}, {"l": "Nitrogen", "v": 136.99870844293227}]}, {"source": 96, "prod": 28.824606368673525, "target": 15, "value": 0.28457563254384127, "supply": [{"l": "Potash", "v": 11.309313897936338}, {"l": "Phosphate", "v": 23.061666685115998}, {"l": "Nitrogen", "v": 136.99870844293227}]}, {"source": 96, "prod": 3154.0285722460112, "target": 17, "value": 31.138662035077147, "supply": [{"l": "Potash", "v": 11.309313897936338}, {"l": "Phosphate", "v": 23.061666685115998}, {"l": "Nitrogen", "v": 136.99870844293227}]}, {"source": 96, "prod": 3.6832591052576364, "target": 18, "value": 0.0363635768792561, "supply": [{"l": "Potash", "v": 11.309313897936338}, {"l": "Phosphate", "v": 23.061666685115998}, {"l": "Nitrogen", "v": 136.99870844293227}]}, {"source": 96, "prod": 5.8973530617889125, "target": 65, "value": 0.058222580958359492, "supply": [{"l": "Potash", "v": 11.309313897936338}, {"l": "Phosphate", "v": 23.061666685115998}, {"l": "Nitrogen", "v": 136.99870844293227}]}, {"source": 96, "prod": 111.88416843892158, "target": 66, "value": 1.1045947201468413, "supply": [{"l": "Potash", "v": 11.309313897936338}, {"l": "Phosphate", "v": 23.061666685115998}, {"l": "Nitrogen", "v": 136.99870844293227}]}, {"source": 96, "prod": 58.766605949054423, "target": 21, "value": 0.58018291200610861, "supply": [{"l": "Potash", "v": 11.309313897936338}, {"l": "Phosphate", "v": 23.061666685115998}, {"l": "Nitrogen", "v": 136.99870844293227}]}, {"source": 96, "prod": 3.0004076981031309, "target": 46, "value": 0.02962201487355132, "supply": [{"l": "Potash", "v": 11.309313897936338}, {"l": "Phosphate", "v": 23.061666685115998}, {"l": "Nitrogen", "v": 136.99870844293227}]}, {"source": 96, "prod": 20.54761961528558, "target": 71, "value": 0.2028597294443894, "supply": [{"l": "Potash", "v": 11.309313897936338}, {"l": "Phosphate", "v": 23.061666685115998}, {"l": "Nitrogen", "v": 136.99870844293227}]}, {"source": 96, "prod": 83.556181275451323, "target": 74, "value": 0.82492204178896711, "supply": [{"l": "Potash", "v": 11.309313897936338}, {"l": "Phosphate", "v": 23.061666685115998}, {"l": "Nitrogen", "v": 136.99870844293227}]}, {"source": 96, "prod": 316.4085111151378, "target": 57, "value": 3.1237946857342984, "supply": [{"l": "Potash", "v": 11.309313897936338}, {"l": "Phosphate", "v": 23.061666685115998}, {"l": "Nitrogen", "v": 136.99870844293227}]}, {"source": 94, "prod": 0, "target": 96, "value": 212.61866915629295, "supply": [{"l": "Natural gas (including LNG)", "v": 141.87958505996062}, {"l": "Fuel oil", "v": 46.521659864034667}, {"l": "Liquefied petroleum gas (LPG)", "v": 12.108712116148832}, {"l": "Coal", "v": 12.108712116148832}]}, {"source": 97, "prod": 0, "target": 0, "value": 1.0071530400194746, "supply": "[{\"l\":'Labor',\"v\":1.0071530400194746}]"}, {"source": 97, "prod": 0, "target": 24, "value": 6.4472236342187034e-05, "supply": "[{\"l\":'Labor',\"v\":6.4472236342187034e-05}]"}, {"source": 97, "prod": 0, "target": 2, "value": 0.56200448419484439, "supply": "[{\"l\":'Labor',\"v\":0.56200448419484439}]"}, {"source": 97, "prod": 0, "target": 25, "value": 0.0062538069251921423, "supply": "[{\"l\":'Labor',\"v\":0.0062538069251921423}]"}, {"source": 97, "prod": 0, "target": 3, "value": 2.9031848024886817, "supply": "[{\"l\":'Labor',\"v\":2.9031848024886817}]"}, {"source": 97, "prod": 0, "target": 51, "value": 0.0042874037167554375, "supply": "[{\"l\":'Labor',\"v\":0.0042874037167554375}]"}, {"source": 97, "prod": 0, "target": 34, "value": 0.1167914561338718, "supply": "[{\"l\":'Labor',\"v\":0.1167914561338718}]"}, {"source": 97, "prod": 0, "target": 36, "value": 0.51651932145543145, "supply": "[{\"l\":'Labor',\"v\":0.51651932145543145}]"}, {"source": 97, "prod": 0, "target": 4, "value": 0.3503421322834443, "supply": "[{\"l\":'Labor',\"v\":0.3503421322834443}]"}, {"source": 97, "prod": 0, "target": 5, "value": 0.059056568489443316, "supply": "[{\"l\":'Labor',\"v\":0.059056568489443316}]"}, {"source": 97, "prod": 0, "target": 38, "value": 0.0013216808450148339, "supply": "[{\"l\":'Labor',\"v\":0.0013216808450148339}]"}, {"source": 97, "prod": 0, "target": 6, "value": 6.342004944508254, "supply": "[{\"l\":'Labor',\"v\":6.342004944508254}]"}, {"source": 97, "prod": 0, "target": 80, "value": 0.0015150975540413952, "supply": "[{\"l\":'Labor',\"v\":0.0015150975540413952}]"}, {"source": 97, "prod": 0, "target": 40, "value": 0.0062538069251921423, "supply": "[{\"l\":'Labor',\"v\":0.0062538069251921423}]"}, {"source": 97, "prod": 0, "target": 8, "value": 1.3797058577228023, "supply": "[{\"l\":'Labor',\"v\":1.3797058577228023}]"}, {"source": 97, "prod": 0, "target": 9, "value": 0.238547274466092, "supply": "[{\"l\":'Labor',\"v\":0.238547274466092}]"}, {"source": 97, "prod": 0, "target": 78, "value": 0.0002256528271976546, "supply": "[{\"l\":'Labor',\"v\":0.0002256528271976546}]"}, {"source": 97, "prod": 0, "target": 12, "value": 0.08700528294378139, "supply": "[{\"l\":'Labor',\"v\":0.08700528294378139}]"}, {"source": 97, "prod": 0, "target": 44, "value": 0.40111401840291661, "supply": "[{\"l\":'Labor',\"v\":0.40111401840291661}]"}, {"source": 97, "prod": 0, "target": 45, "value": 0.00099931966330389903, "supply": "[{\"l\":'Labor',\"v\":0.00099931966330389903}]"}, {"source": 97, "prod": 0, "target": 46, "value": 0.0046742371348085596, "supply": "[{\"l\":'Labor',\"v\":0.0046742371348085596}]"}, {"source": 97, "prod": 0, "target": 81, "value": 0.02211397706537015, "supply": "[{\"l\":'Labor',\"v\":0.02211397706537015}]"}, {"source": 97, "prod": 0, "target": 26, "value": 0.00070919459976405723, "supply": "[{\"l\":'Labor',\"v\":0.00070919459976405723}]"}, {"source": 97, "prod": 0, "target": 11, "value": 0.87617769189032169, "supply": "[{\"l\":'Labor',\"v\":0.87617769189032169}]"}, {"source": 97, "prod": 0, "target": 10, "value": 0.36027085668014108, "supply": "[{\"l\":'Labor',\"v\":0.36027085668014108}]"}, {"source": 97, "prod": 0, "target": 13, "value": 5.882962621751882, "supply": "[{\"l\":'Labor',\"v\":5.882962621751882}]"}, {"source": 97, "prod": 0, "target": 53, "value": 0.0071886543521538539, "supply": "[{\"l\":'Labor',\"v\":0.0071886543521538539}]"}, {"source": 97, "prod": 0, "target": 54, "value": 0.00038683341805312218, "supply": "[{\"l\":'Labor',\"v\":0.00038683341805312218}]"}, {"source": 97, "prod": 0, "target": 56, "value": 0.0046742371348085596, "supply": "[{\"l\":'Labor',\"v\":0.0046742371348085596}]"}, {"source": 97, "prod": 0, "target": 15, "value": 0.044904912612333266, "supply": "[{\"l\":'Labor',\"v\":0.044904912612333266}]"}, {"source": 97, "prod": 0, "target": 17, "value": 4.9135580761107578, "supply": "[{\"l\":'Labor',\"v\":4.9135580761107578}]"}, {"source": 97, "prod": 0, "target": 59, "value": 0.0020631115629499851, "supply": "[{\"l\":'Labor',\"v\":0.0020631115629499851}]"}, {"source": 97, "prod": 0, "target": 18, "value": 0.0057380290344546453, "supply": "[{\"l\":'Labor',\"v\":0.0057380290344546453}]"}, {"source": 97, "prod": 0, "target": 63, "value": 0.0010315557814749925, "supply": "[{\"l\":'Labor',\"v\":0.0010315557814749925}]"}, {"source": 97, "prod": 0, "target": 64, "value": 6.4472236342187034e-05, "supply": "[{\"l\":'Labor',\"v\":6.4472236342187034e-05}]"}, {"source": 97, "prod": 0, "target": 65, "value": 0.0091872936787616519, "supply": "[{\"l\":'Labor',\"v\":0.0091872936787616519}]"}, {"source": 97, "prod": 0, "target": 66, "value": 0.17430069095110262, "supply": "[{\"l\":'Labor',\"v\":0.17430069095110262}]"}, {"source": 97, "prod": 0, "target": 21, "value": 0.091550575605905571, "supply": "[{\"l\":'Labor',\"v\":0.091550575605905571}]"}, {"source": 97, "prod": 0, "target": 70, "value": 0.00025788894536874814, "supply": "[{\"l\":'Labor',\"v\":0.00025788894536874814}]"}, {"source": 97, "prod": 0, "target": 71, "value": 0.032010465343895858, "supply": "[{\"l\":'Labor',\"v\":0.032010465343895858}]"}, {"source": 97, "prod": 0, "target": 79, "value": 9.6708354513280544e-05, "supply": "[{\"l\":'Labor',\"v\":9.6708354513280544e-05}]"}, {"source": 97, "prod": 0, "target": 74, "value": 0.13016944517487561, "supply": "[{\"l\":'Labor',\"v\":0.13016944517487561}]"}, {"source": 97, "prod": 0, "target": 75, "value": 9.6708354513280544e-05, "supply": "[{\"l\":'Labor',\"v\":9.6708354513280544e-05}]"}, {"source": 97, "prod": 0, "target": 57, "value": 0.49292248295419094, "supply": "[{\"l\":'Labor',\"v\":0.49292248295419094}]"}, {"source": 94, "prod": 0, "target": 89, "value": 291.09941767523355, "supply": "[{\"l\":'Fossil Fuels',\"v\":291.09941767523355}]"}, {"source": 95, "prod": 0, "target": 89, "value": 20.553380007457719, "supply": "[{\"l\":'Renewables & Nuclear',\"v\":16.338135790296764},{\"l\":'Biomass & Waste',\"v\":4.2152442171609525}]"}]}