{"nodes": [{"layer": 13, "name": "Other Processed", "fill": "#9c9ede"}, {"layer": 10, "name": "Feed", "fill": "#dbdb8d"}, {"layer": 13, "name": "Animal Products", "fill": "#17becf"}, {"layer": 5, "name": "Cereals", "fill": "#e7ba52"}, {"layer": 5, "name": "Oilcrops", "fill": "#ff9896"}, {"layer": 5, "name": "Fruits, Roots & Vegetables", "fill": "#98df8a"}, {"layer": 5, "name": "Sugar Crops", "fill": "#ffbb78"}, {"layer": 13, "name": "Aquatic Products", "fill": "#1f77b4"}, {"layer": 16, "name": "Food", "fill": "#b5cf6b"}, {"layer": 13, "name": "Sugar", "fill": "#d6616b"}, {"layer": 13, "name": "Vegetable Oils", "fill": "#f7b6d2"}, {"layer": 10, "name": "Processing", "fill": "#9edae5"}, {"layer": 16, "name": "Biofuels & Other", "fill": "#e7ba52"}, {"name": "Waste", "fill": "#c7c7c7"}, {"layer": 2, "name": "Import", "fill": "#aec7e8"}, {"layer": 16, "name": "Export", "fill": "#aec7e8"}, {"layer": 0, "name": "Stock Draw", "fill": "#c7c7c7"}, {"layer": 16, "name": "Stock Deposit", "fill": "#c7c7c7"}, {"layer": 2, "name": "Electricity", "fill": "#bcbd22"}, {"layer": 0, "name": "Fossil Fuels", "fill": "#c49c94"}, {"layer": 0, "name": "Renewables & Nuclear", "fill": "#2ca02c"}, {"layer": 2, "name": "Fertilizers", "fill": "#c5b0d5"}, {"layer": 0, "name": "Labor", "fill": "#7f7f7f"}], "links": [{"source": 0, "prod": 146.0, "target": 1, "value": 1.2152400630358824, "supply": [{"l": "Fish, Body Oil", "v": 1.2152400630358824}]}, {"source": 2, "prod": 36860.0, "target": 1, "value": 23.545834837454077, "supply": [{"l": "Milk - Excluding Butter", "v": 23.545834837454077}]}, {"source": 3, "prod": 84838.0, "target": 1, "value": 246.3316631155345, "supply": [{"l": "Maize", "v": 36.749715644018579}, {"l": "Wheat", "v": 96.093896650528492}, {"l": "Oats", "v": 20.036478628356001}, {"l": "Rye", "v": 3.8693706831386705}, {"l": "Millet", "v": 0.97317006897258751}, {"l": "Barley", "v": 87.080206590255401}, {"l": "Sorghum", "v": 0.2957485827811499}, {"l": "Cereals, Other", "v": 1.2330762674835714}]}, {"source": 4, "prod": 800.0, "target": 1, "value": 3.5131172346620696, "supply": [{"l": "Soyabeans", "v": 0.65431808495581056}, {"l": "Cottonseed", "v": 2.8587991497062588}]}, {"source": 5, "prod": 33553.0, "target": 1, "value": 37.335166050224494, "supply": [{"l": "Vegetables, Other", "v": 0.37925411331130304}, {"l": "Potatoes", "v": 21.954559523746642}, {"l": "Peas", "v": 11.348189038741303}, {"l": "Pulses, Other", "v": 3.6531633744252399}]}, {"source": 6, "prod": 1448.0, "target": 1, "value": 1.68289777456, "supply": [{"l": "Sugar beet", "v": 1.68289777456}]}, {"source": 7, "prod": 4660.0, "target": 1, "value": 3.8409683095612808, "supply": [{"l": "Pelagic Fish", "v": 0.96145410412192045}, {"l": "Demersal Fish", "v": 0.76795885891850713}, {"l": "Fish, Seafood", "v": 2.0830232673404354}, {"l": "Crustaceans", "v": 0.028532079180418033}]}, {"source": 0, "prod": 15748.0, "target": 8, "value": 34.474929607483261, "supply": [{"l": "Beer", "v": 3.240726180694637}, {"l": "Beverages, Alcoholic", "v": 11.450082461707225}, {"l": "Fats, Animals, Raw", "v": 3.2461892094794114}, {"l": "Butter, Ghee", "v": 10.922633931218982}, {"l": "Wine", "v": 3.0248158862289074}, {"l": "Cream", "v": 2.5904819381541011}]}, {"source": 2, "prod": 68762.0, "target": 8, "value": 70.965571304649316, "supply": [{"l": "Pigmeat", "v": 9.5068637714216067}, {"l": "Meat, Other", "v": 0.53791814146511452}, {"l": "Eggs", "v": 4.9693271151459086}, {"l": "Mutton & Goat Meat", "v": 1.6196026618108974}, {"l": "Poultry Meat", "v": 2.3770719496081121}, {"l": "Milk - Excluding Butter", "v": 31.646981810014921}, {"l": "Offals, Edible", "v": 1.0822172098649074}, {"l": "Bovine Meat", "v": 19.225588645317849}]}, {"source": 3, "prod": 44500.0, "target": 8, "value": 142.68555870163291, "supply": [{"l": "Maize", "v": 0.32383412795224287}, {"l": "Rye", "v": 21.38595034712516}, {"l": "Barley", "v": 1.1863100607947838}, {"l": "Rice", "v": 5.7291487121785742}, {"l": "Cereals, Other", "v": 0.5424187952591667}, {"l": "Wheat", "v": 109.41251072629174}, {"l": "Oats", "v": 1.0818728169790288}, {"l": "Millet", "v": 3.0235131150522374}]}, {"source": 4, "prod": 453.0, "target": 8, "value": 1.6662993931168288, "supply": [{"l": "Sunflower seed", "v": 1.1845469278821508}, {"l": "Groundnuts", "v": 0.10848375905183336}, {"l": "Soyabeans", "v": 0.329354740749569}, {"l": "Rape and Mustardseed", "v": 0.043913965433275866}]}, {"source": 5, "prod": 64861.0, "target": 8, "value": 40.640648236726896, "supply": [{"l": "Nuts", "v": 0.53455765329888894}, {"l": "Cocoa Beans", "v": 0.21508084403320002}, {"l": "Tomatoes", "v": 1.0799020660496892}, {"l": "Coffee", "v": 0.018618494116447372}, {"l": "Treenuts", "v": 0.54464364675735844}, {"l": "Vegetables, Other", "v": 3.888247444193472}, {"l": "Peas", "v": 3.6677410415219089}, {"l": "Grapes", "v": 0.86492214417956259}, {"l": "Dates", "v": 0.10775811517857693}, {"l": "Potatoes", "v": 23.763671899493445}, {"l": "Pimento", "v": 0.21909763398967744}, {"l": "Pepper", "v": 0.021909763398967743}, {"l": "Beans", "v": 0.21610993898072731}, {"l": "Apples", "v": 3.1321560270538544}, {"l": "Lemons, Limes", "v": 0.042372240625728558}, {"l": "Pineapples", "v": 0.0028248160417152367}, {"l": "Bananas", "v": 0.01751385945863447}, {"l": "Spices, Other", "v": 0.0054774408497419358}, {"l": "Tea", "v": 0.10892872935147169}, {"l": "Fruits, Other", "v": 1.4045157198120239}, {"l": "Grapefruit", "v": 0.00056496320834304738}, {"l": "Oranges, Mandarines", "v": 0.21529973991982876}, {"l": "Onions", "v": 0.54016178770416512}, {"l": "Pulses, Other", "v": 0.028572227509471151}]}, {"source": 9, "prod": 11482.0, "target": 8, "value": 47.423323471109626, "supply": [{"l": "Sugar", "v": 46.878904815223684}, {"l": "Sweeteners, Other", "v": 0.0073597301451448615}, {"l": "Honey", "v": 0.53705892574079561}]}, {"source": 7, "prod": 14500.0, "target": 8, "value": 12.966097995620803, "supply": [{"l": "Crustaceans", "v": 0.017397609256352461}, {"l": "Marine Fish, Other", "v": 0.3228785397866818}, {"l": "Demersal Fish", "v": 1.6205324317206435}, {"l": "Freshwater Fish", "v": 1.4057958184327439}, {"l": "Fish, Seafood", "v": 6.4815101666172357}, {"l": "Pelagic Fish", "v": 3.0260502856047817}, {"l": "Cephalopods", "v": 0.060643095122142866}, {"l": "Molluscs, Other", "v": 0.031290049080221136}]}, {"source": 10, "prod": 1752.0, "target": 8, "value": 16.975430589375357, "supply": [{"l": "Maize Germ Oil", "v": 0.116737958110125}, {"l": "Groundnut Oil", "v": 0.018085459760477037}, {"l": "Soyabean Oil", "v": 0.10612541646375}, {"l": "Sunflowerseed Oil", "v": 13.49116957938811}, {"l": "Olive Oil", "v": 0.053062708231874998}, {"l": "Rape and Mustard Oil", "v": 0.22074086624460001}, {"l": "Sesameseed Oil", "v": 0.046309272638727278}, {"l": "Oilcrops Oil, Other", "v": 0.10612541646375}, {"l": "Cottonseed Oil", "v": 2.8170739120739432}]}, {"source": 5, "prod": 9247.0, "target": 11, "value": 7.0315566101414362, "supply": [{"l": "Potatoes", "v": 3.6563686871268302}, {"l": "Fruits, Other", "v": 0.19142542910210605}, {"l": "Grapes", "v": 3.1837624939125004}]}, {"source": 6, "prod": 64533.0, "target": 11, "value": 75.001686523260005, "supply": [{"l": "Sugar beet", "v": 75.001686523260005}]}, {"source": 3, "prod": 1987.0, "target": 11, "value": 5.5077448577973485, "supply": [{"l": "Maize", "v": 0.18192928536642861}, {"l": "Wheat", "v": 1.3997677612093653}, {"l": "Oats", "v": 0.23044376146414292}, {"l": "Rye", "v": 0.83836364801337848}, {"l": "Barley", "v": 2.8572404017440323}]}, {"source": 4, "prod": 10411.0, "target": 11, "value": 40.467490511352608, "supply": [{"l": "Sunflower seed", "v": 18.825712479935746}, {"l": "Soyabeans", "v": 0.54892456791594835}, {"l": "Sesame seed", "v": 0.035131172346620693}, {"l": "Cottonseed", "v": 18.742480446922141}, {"l": "Rape and Mustardseed", "v": 0.31178915457625866}, {"l": "Groundnuts", "v": 0.014150055528500001}, {"l": "Palm kernels", "v": 0.0087827930866551732}, {"l": "Coconuts - Incl Copra", "v": 0.50940199902600003}, {"l": "Oilcrops, Other", "v": 1.4711178420147417}]}, {"source": 9, "prod": 412.0, "target": 11, "value": 1.7072490748583187, "supply": [{"l": "Sugar", "v": 1.7072490748583187}]}, {"source": 0, "prod": 1455.0, "target": 12, "value": 12.110782819980882, "supply": [{"l": "Fats, Animals, Raw", "v": 12.110782819980882}]}, {"source": 2, "prod": 847.0, "target": 12, "value": 0.64512284593400415, "supply": [{"l": "Milk - Excluding Butter", "v": 0.44204334529349487}, {"l": "Offals, Edible", "v": 0.20307950064050925}]}, {"source": 3, "prod": 996.0, "target": 12, "value": 3.3070653837297774, "supply": [{"l": "Maize", "v": 1.6337249825905289}, {"l": "Wheat", "v": 1.3805489818792593}, {"l": "Barley", "v": 0.29279141925998919}]}, {"source": 4, "prod": 400.0, "target": 12, "value": 1.3733877424720589, "supply": [{"l": "Sunflower seed", "v": 1.3733877424720589}]}, {"source": 5, "prod": 1897.0, "target": 12, "value": 0.77423127749934706, "supply": [{"l": "Potatoes", "v": 0.46473325659244563}, {"l": "Vegetables, Other", "v": 0.30949802090690143}]}, {"source": 9, "prod": 25.0, "target": 12, "value": 0.09199662681431077, "supply": [{"l": "Sweeteners, Other", "v": 0.09199662681431077}]}, {"source": 7, "prod": 234.0, "target": 12, "value": 0.263134807443894, "supply": [{"l": "Aquatic Plants", "v": 0.131567403721947}, {"l": "Aquatic Products, Other", "v": 0.131567403721947}]}, {"source": 10, "prod": 839.0, "target": 12, "value": 7.8126013277583519, "supply": [{"l": "Coconut Oil", "v": 0.33458100556882514}, {"l": "Cottonseed Oil", "v": 4.6250467213154289}, {"l": "Palmkernel Oil", "v": 0.0090427298802385186}, {"l": "Oilcrops Oil, Other", "v": 1.7404568300055001}, {"l": "Sunflowerseed Oil", "v": 1.103474040988359}]}, {"source": 5, "prod": 18335.0, "target": 5, "value": 16.259411774664045, "supply": [{"l": "Potatoes", "v": 13.791757298238458}, {"l": "Peas", "v": 1.8199925816849256}, {"l": "Beans", "v": 0.023154636319363639}, {"l": "Pulses, Other", "v": 0.62450725842129806}]}, {"source": 2, "prod": 98.0, "target": 2, "value": 0.1618996201078122, "supply": [{"l": "Eggs", "v": 0.1618996201078122}]}, {"source": 3, "prod": 23947.0, "target": 3, "value": 71.887505682788586, "supply": [{"l": "Maize", "v": 7.7938505850978013}, {"l": "Wheat", "v": 38.117245671376303}, {"l": "Oats", "v": 5.0576341331867152}, {"l": "Rye", "v": 4.5787553083807602}, {"l": "Millet", "v": 0.33429506186081254}, {"l": "Barley", "v": 15.149431882745301}, {"l": "Rice", "v": 0.32784828109748637}, {"l": "Sorghum", "v": 0.019716572185409991}, {"l": "Cereals, Other", "v": 0.50872818685797616}]}, {"source": 4, "prod": 752.0, "target": 4, "value": 2.9114959082261902, "supply": [{"l": "Sunflower seed", "v": 1.4008554973215002}, {"l": "Soyabeans", "v": 0.30300636148960353}, {"l": "Cottonseed", "v": 0.64553529186915526}, {"l": "Rape and Mustardseed", "v": 0.057088155063258636}, {"l": "Oilcrops, Other", "v": 0.50501060248267249}]}, {"source": 0, "prod": 24.0, "target": 13, "value": 0.053503929875816203, "supply": [{"l": "Cream", "v": 0.053503929875816203}]}, {"source": 2, "prod": 3850.0, "target": 13, "value": 2.8823805203003126, "supply": [{"l": "Pigmeat", "v": 0.0968554538455038}, {"l": "Milk - Excluding Butter", "v": 2.2332132010781187}, {"l": "Mutton & Goat Meat", "v": 0.020161028985197893}, {"l": "Bovine Meat", "v": 0.1943970715895269}, {"l": "Offals, Edible", "v": 0.066819706662361117}, {"l": "Eggs", "v": 0.27093405813960403}]}, {"source": 3, "prod": 8106.0, "target": 13, "value": 24.581557046424745, "supply": [{"l": "Maize", "v": 3.4602950076694725}, {"l": "Oats", "v": 1.3705339497604287}, {"l": "Rye", "v": 2.0575225061134197}, {"l": "Barley", "v": 5.1137535812132588}, {"l": "Rice", "v": 0.1598260370350246}, {"l": "Sorghum", "v": 0.036147049006584983}, {"l": "Cereals, Other", "v": 0.31332265813107141}, {"l": "Wheat", "v": 11.669002183262512}, {"l": "Millet", "v": 0.40115407423297506}]}, {"source": 4, "prod": 261.0, "target": 13, "value": 1.0149184731693011, "supply": [{"l": "Soyabeans", "v": 0.048305361976603456}, {"l": "Sunflower seed", "v": 0.4703853017966802}, {"l": "Cottonseed", "v": 0.46109663704939657}, {"l": "Oilcrops, Other", "v": 0.035131172346620693}]}, {"source": 5, "prod": 10667.0, "target": 13, "value": 7.981004717666619, "supply": [{"l": "Grapes", "v": 0.25091080606786614}, {"l": "Potatoes", "v": 5.5339844574802282}, {"l": "Nuts", "v": 0.0078611419602777795}, {"l": "Pineapples", "v": 0.00056496320834304738}, {"l": "Beans", "v": 0.011577318159681819}, {"l": "Fruits, Other", "v": 0.15587499226885779}, {"l": "Tomatoes", "v": 0.12005896077735193}, {"l": "Lemons, Limes", "v": 0.0022598528333721895}, {"l": "Bananas", "v": 0.0016948896250291419}, {"l": "Treenuts", "v": 0.0080094653934905651}, {"l": "Apples", "v": 0.33897792500582846}, {"l": "Vegetables, Other", "v": 0.31711643372922516}, {"l": "Peas", "v": 0.89215322631614002}, {"l": "Oranges, Mandarines", "v": 0.023922193324425418}, {"l": "Pimento", "v": 0.054774408497419359}, {"l": "Onions", "v": 0.02860411615624512}, {"l": "Pulses, Other", "v": 0.23265956686283651}]}, {"source": 6, "prod": 332.0, "target": 13, "value": 0.38585777704000002, "supply": [{"l": "Sugar beet", "v": 0.38585777704000002}]}, {"source": 14, "prod": 4315.0, "target": 11, "value": 15.288652477786645, "supply": [{"l": "Sugar", "v": 13.434226943423955}, {"l": "Beer", "v": 0.023123872852154562}, {"l": "Beverages, Alcoholic", "v": 0.1887753403458925}, {"l": "Oilcrops Oil, Other", "v": 0.60845238772550003}, {"l": "Fats, Animals, Raw", "v": 0.01664712415117647}, {"l": "Butter, Ghee", "v": 0.099902139614807761}, {"l": "Olive Oil", "v": 0.053062708231874998}, {"l": "Coconut Oil", "v": 0.18085459760477035}, {"l": "Wine", "v": 0.67624763369136542}, {"l": "Sweeteners, Other", "v": 0.0073597301451448615}]}, {"source": 14, "prod": 16839.0, "target": 3, "value": 55.675666128612264, "supply": [{"l": "Maize", "v": 20.186873504258916}, {"l": "Barley", "v": 2.8521922738257564}, {"l": "Rice", "v": 1.1720576049235136}, {"l": "Wheat", "v": 30.94543785135853}, {"l": "Oats", "v": 0.51910489424554296}]}, {"source": 14, "prod": 511.0, "target": 4, "value": 2.2527864267270514, "supply": [{"l": "Coconuts - Incl Copra", "v": 0.50940199902600003}, {"l": "Sesame seed", "v": 0.035131172346620693}, {"l": "Groundnuts", "v": 0.12735049975650004}, {"l": "Oilcrops, Other", "v": 0.030739775803293106}, {"l": "Soyabeans", "v": 1.5325973936213275}, {"l": "Palm kernels", "v": 0.017565586173310346}]}, {"source": 14, "prod": 2847.0, "target": 5, "value": 2.3443887297176595, "supply": [{"l": "Vegetables, Other", "v": 0.11546656933834401}, {"l": "Nuts", "v": 0.33802910429194449}, {"l": "Grapefruit", "v": 0.0011299264166860948}, {"l": "Tomatoes", "v": 0.013409726858203358}, {"l": "Pepper", "v": 0.021909763398967743}, {"l": "Treenuts", "v": 0.34440701192009437}, {"l": "Cocoa Beans", "v": 0.2433809550902}, {"l": "Grapes", "v": 0.20694456210431253}, {"l": "Dates", "v": 0.10775811517857693}, {"l": "Potatoes", "v": 0.20239639315583902}, {"l": "Pimento", "v": 0.0054774408497419358}, {"l": "Coffee", "v": 0.022342192939736844}, {"l": "Apples", "v": 0.19265245404497913}, {"l": "Lemons, Limes", "v": 0.044632093459100748}, {"l": "Pineapples", "v": 0.0033897792500582839}, {"l": "Bananas", "v": 0.019208749083663611}, {"l": "Spices, Other", "v": 0.0054774408497419358}, {"l": "Tea", "v": 0.053663418136386795}, {"l": "Fruits, Other", "v": 0.23572674269430774}, {"l": "Oranges, Mandarines", "v": 0.16698629065677348}]}, {"source": 14, "prod": 1248.0, "target": 1, "value": 2.0497810084908408, "supply": [{"l": "Pigmeat", "v": 0.0050097648540777832}, {"l": "Eggs", "v": 0.071037588414652283}, {"l": "Marine Fish, Other", "v": 0.012863686844090909}, {"l": "Milk - Excluding Butter", "v": 0.1443667572779333}, {"l": "Pelagic Fish", "v": 0.19004180537614571}, {"l": "Fish, Seafood", "v": 0.19846831130883122}, {"l": "Meat, Other", "v": 0.034024942683034354}, {"l": "Poultry Meat", "v": 0.07253620698104854}, {"l": "Offals, Edible", "v": 0.0052407613068518521}, {"l": "Demersal Fish", "v": 0.023028055044278808}, {"l": "Bovine Meat", "v": 1.2931631283998961}]}, {"source": 0, "prod": 192.0, "target": 15, "value": 1.4073581668674711, "supply": [{"l": "Beverages, Alcoholic", "v": 0.0652132993922174}, {"l": "Wine", "v": 0.010342610868220883}, {"l": "Fats, Animals, Raw", "v": 1.1320044422800002}, {"l": "Butter, Ghee", "v": 0.16650356602467961}, {"l": "Fish, Body Oil", "v": 0.03329424830235294}]}, {"source": 2, "prod": 403.0, "target": 15, "value": 0.37009262805106785, "supply": [{"l": "Milk - Excluding Butter", "v": 0.21527255399408637}, {"l": "Meat, Other", "v": 0.042126119512328246}, {"l": "Bovine Meat", "v": 0.11269395454465327}]}, {"source": 3, "prod": 4486.0, "target": 15, "value": 13.886617027449878, "supply": [{"l": "Maize", "v": 0.34566564219621432}, {"l": "Oats", "v": 0.021831514243971433}, {"l": "Rye", "v": 0.0030709291136021195}, {"l": "Barley", "v": 2.0646843185747512}, {"l": "Rice", "v": 0.065569656219497272}, {"l": "Cereals, Other", "v": 0.44134697005559514}, {"l": "Wheat", "v": 10.92587604916509}, {"l": "Millet", "v": 0.018571947881156251}]}, {"source": 4, "prod": 119.0, "target": 15, "value": 0.46414263023998897, "supply": [{"l": "Cottonseed", "v": 0.25030960296967242}, {"l": "Sunflower seed", "v": 0.20944163072698899}, {"l": "Oilcrops, Other", "v": 0.0043913965433275866}]}, {"source": 5, "prod": 307.0, "target": 15, "value": 0.349527441552823, "supply": [{"l": "Potatoes", "v": 0.087964586256191565}, {"l": "Fruits, Other", "v": 0.028987279264033203}, {"l": "Tea", "v": 0.013616091168933961}, {"l": "Vegetables, Other", "v": 0.017379504250926003}, {"l": "Peas", "v": 0.11102351260823076}, {"l": "Grapes", "v": 0.00075803868902678576}, {"l": "Pulses, Other", "v": 0.089798429315480752}]}, {"source": 9, "prod": 74.0, "target": 15, "value": 0.300146617063342, "supply": [{"l": "Sugar", "v": 0.27763516508618291}, {"l": "Honey", "v": 0.022511451977159095}]}, {"source": 7, "prod": 1328.0, "target": 15, "value": 1.0569433249189188, "supply": [{"l": "Freshwater Fish", "v": 0.011893365638178881}, {"l": "Crustaceans", "v": 0.0097426611835573773}, {"l": "Fish, Seafood", "v": 0.59361693112190961}, {"l": "Pelagic Fish", "v": 0.1889172976520265}, {"l": "Demersal Fish", "v": 0.2527730693232465}]}, {"source": 10, "prod": 419.0, "target": 15, "value": 4.0445285390518881, "supply": [{"l": "Oilcrops Oil, Other", "v": 0.0070750277642500003}, {"l": "Cottonseed Oil", "v": 0.30483262481397144}, {"l": "Sunflowerseed Oil", "v": 3.7326208864736667}]}, {"source": 16, "prod": 1400.0, "target": 5, "value": 3.3149456006537346, "supply": [{"l": "Vegetables, Other", "v": 0.14284524041856991}, {"l": "Peas", "v": 3.1721003602351647}]}, {"source": 16, "prod": 2324.0, "target": 4, "value": 8.4420616151548771, "supply": [{"l": "Oilcrops, Other", "v": 0.061479551606586212}, {"l": "Sunflower seed", "v": 6.3210170847276519}, {"l": "Cottonseed", "v": 1.7565586173310346}, {"l": "Rape and Mustardseed", "v": 0.30300636148960353}]}, {"source": 0, "prod": 250.0, "target": 17, "value": 2.0808905188970588, "supply": [{"l": "Fats, Animals, Raw", "v": 2.0808905188970588}]}, {"source": 16, "prod": 6.0, "target": 1, "value": 0.0047697173176383927, "supply": [{"l": "Fish, Seafood", "v": 0.0026820042068760974}, {"l": "Crustaceans", "v": 0.0020877131107622949}]}, {"source": 5, "prod": 30.0, "target": 17, "value": 0.032023809880289474, "supply": [{"l": "Cocoa Beans", "v": 0.028300111057000001}, {"l": "Coffee", "v": 0.003723698823289474}]}, {"source": 10, "prod": 568.0, "target": 17, "value": 5.4325594290842663, "supply": [{"l": "Soyabean Oil", "v": 0.049525194349750008}, {"l": "Sunflowerseed Oil", "v": 5.3830342347345166}]}, {"source": 4, "prod": 702.0, "target": 17, "value": 3.0827603734159661, "supply": [{"l": "Soyabeans", "v": 3.073977580329311}, {"l": "Palm kernels", "v": 0.0087827930866551732}]}, {"source": 16, "prod": 848.0, "target": 11, "value": 3.5139495521355686, "supply": [{"l": "Sugar", "v": 3.5139495521355686}]}, {"source": 16, "prod": 27145.0, "target": 3, "value": 79.764205317662004, "supply": [{"l": "Maize", "v": 3.6385857073285721}, {"l": "Cereals, Other", "v": 1.1117900772392857}, {"l": "Rye", "v": 7.6773227840052982}, {"l": "Barley", "v": 27.764703550516217}, {"l": "Wheat", "v": 38.66177775239597}, {"l": "Millet", "v": 0.91002544617665637}]}, {"source": 1, "prod": 20722.0, "target": 7, "value": 18.127144437544896, "supply": [{"l": "Pelagic Fish", "v": 4.1764216873787285}, {"l": "Crustaceans", "v": 0.055672349620327868}, {"l": "Freshwater Fish", "v": 1.4176891840709227}, {"l": "Molluscs, Other", "v": 0.031290049080221136}, {"l": "Demersal Fish", "v": 2.6412643599623973}, {"l": "Aquatic Plants", "v": 0.131567403721947}, {"l": "Fish, Seafood", "v": 9.1581503650795799}, {"l": "Marine Fish, Other", "v": 0.3228785397866818}, {"l": "Cephalopods", "v": 0.060643095122142866}, {"l": "Aquatic Products, Other", "v": 0.131567403721947}]}, {"source": 1, "prod": 110722.0, "target": 2, "value": 98.409002136388779, "supply": [{"l": "Poultry Meat", "v": 2.3770719496081121}, {"l": "Pigmeat", "v": 9.6037192252671097}, {"l": "Bovine Meat", "v": 19.53267967145203}, {"l": "Eggs", "v": 5.4021607933933247}, {"l": "Milk - Excluding Butter", "v": 58.083345747834699}, {"l": "Offals, Edible", "v": 1.3521164171677778}, {"l": "Meat, Other", "v": 0.58004426097744277}, {"l": "Mutton & Goat Meat", "v": 1.6397636907960953}]}, {"source": 11, "prod": 17815.0, "target": 0, "value": 51.342705106140372, "supply": [{"l": "Fats, Animals, Raw", "v": 18.569866990637351}, {"l": "Fish, Body Oil", "v": 1.2485343113382352}, {"l": "Beer", "v": 3.240726180694637}, {"l": "Beverages, Alcoholic", "v": 11.515295761099443}, {"l": "Cream", "v": 2.6439858680299171}, {"l": "Butter, Ghee", "v": 11.089137497243662}, {"l": "Wine", "v": 3.0351584970971284}]}, {"source": 11, "prod": 3578.0, "target": 10, "value": 34.265119885269861, "supply": [{"l": "Olive Oil", "v": 0.053062708231874998}, {"l": "Sesameseed Oil", "v": 0.046309272638727278}, {"l": "Soyabean Oil", "v": 0.15565061081350001}, {"l": "Coconut Oil", "v": 0.33458100556882514}, {"l": "Rape and Mustard Oil", "v": 0.22074086624460001}, {"l": "Maize Germ Oil", "v": 0.116737958110125}, {"l": "Groundnut Oil", "v": 0.018085459760477037}, {"l": "Cottonseed Oil", "v": 7.7469532582033436}, {"l": "Palmkernel Oil", "v": 0.0090427298802385186}, {"l": "Oilcrops Oil, Other", "v": 1.8536572742335}, {"l": "Sunflowerseed Oil", "v": 23.710298741584651}]}, {"source": 11, "prod": 11993.0, "target": 9, "value": 49.522715789845599, "supply": [{"l": "Honey", "v": 0.5595703777179547}, {"l": "Sweeteners, Other", "v": 0.099356356959455633}, {"l": "Sugar", "v": 48.863789055168183}]}, {"source": 18, "prod": 0, "target": 5, "value": 3.1022012196263606, "supply": "[{\"l\":'Energy for power irrigation',\"v\":3.1022012196263606}]"}, {"source": 18, "prod": 0, "target": 6, "value": 1.5040484183870695, "supply": "[{\"l\":'Energy for power irrigation',\"v\":1.5040484183870695}]"}, {"source": 18, "prod": 0, "target": 3, "value": 3.3311908193554594, "supply": "[{\"l\":'Energy for power irrigation',\"v\":3.3311908193554594}]"}, {"source": 18, "prod": 0, "target": 4, "value": 0.28307296943532251, "supply": "[{\"l\":'Energy for power irrigation',\"v\":0.28307296943532251}]"}, {"source": 18, "prod": 0, "target": 11, "value": 73.804000059043204, "supply": "[{\"l\":'Electricity',\"v\":73.804000059043204}]"}, {"source": 19, "prod": 0, "target": 18, "value": 145.42633432129435, "supply": [{"l": "Coal", "v": 30.304770390203679}, {"l": "Natural gas", "v": 90.431839231706633}, {"l": "Oil", "v": 24.689724699384037}]}, {"source": 20, "prod": 0, "target": 18, "value": 21.937866778268202, "supply": [{"l": "Nuclear", "v": 9.1405878309067869}, {"l": "Hydroelectric", "v": 12.792292473157424}, {"l": "Renewable", "v": 0.004986474203989193}]}, {"source": 19, "prod": 0, "target": 5, "value": 71.513164235621673, "supply": [{"l": "Natural gas (including LNG)", "v": 7.8623603735935701}, {"l": "Liquefied petroleum gas (LPG)", "v": 0.084290490859242034}, {"l": "Other fossil fuels", "v": 63.56651337116886}]}, {"source": 19, "prod": 0, "target": 6, "value": 34.671916470781447, "supply": [{"l": "Natural gas (including LNG)", "v": 3.8119289651097694}, {"l": "Liquefied petroleum gas (LPG)", "v": 0.04086678151624934}, {"l": "Other fossil fuels", "v": 30.819120724155429}]}, {"source": 19, "prod": 0, "target": 3, "value": 76.791922670140195, "supply": [{"l": "Natural gas (including LNG)", "v": 8.4427220675690382}, {"l": "Liquefied petroleum gas (LPG)", "v": 0.090512410198552926}, {"l": "Other fossil fuels", "v": 68.258688192372603}]}, {"source": 19, "prod": 0, "target": 4, "value": 6.5255095723066985, "supply": [{"l": "Natural gas (including LNG)", "v": 0.71743305483962272}, {"l": "Liquefied petroleum gas (LPG)", "v": 0.0076914287157557014}, {"l": "Other fossil fuels", "v": 5.8003850887513195}]}, {"source": 21, "prod": 6507.045588612642, "target": 5, "value": 63.32999305145524, "supply": [{"l": "Potash", "v": 13.270688899505439}, {"l": "Phosphate", "v": 19.897000015917598}, {"l": "Nitrogen", "v": 134.65026399660908}]}, {"source": 21, "prod": 3154.8281149551508, "target": 6, "value": 30.704447952276201, "supply": [{"l": "Potash", "v": 13.270688899505439}, {"l": "Phosphate", "v": 19.897000015917598}, {"l": "Nitrogen", "v": 134.65026399660908}]}, {"source": 21, "prod": 6987.3644523048142, "target": 3, "value": 68.004709078240239, "supply": [{"l": "Potash", "v": 13.270688899505439}, {"l": "Phosphate", "v": 19.897000015917598}, {"l": "Nitrogen", "v": 134.65026399660908}]}, {"source": 21, "prod": 593.76184412739326, "target": 4, "value": 5.7788028300604442, "supply": [{"l": "Potash", "v": 13.270688899505439}, {"l": "Phosphate", "v": 19.897000015917598}, {"l": "Nitrogen", "v": 134.65026399660908}]}, {"source": 19, "prod": 0, "target": 21, "value": 210.63668744156723, "supply": [{"l": "Natural gas (including LNG)", "v": 139.49717674043123}, {"l": "Fuel oil", "v": 47.33722377990491}, {"l": "Liquefied petroleum gas (LPG)", "v": 11.901143460615547}, {"l": "Coal", "v": 11.901143460615547}]}, {"source": 22, "prod": 0, "target": 3, "value": 10.452041812597416, "supply": "[{\"l\":'Labor',\"v\":10.452041812597416}]"}, {"source": 22, "prod": 0, "target": 4, "value": 0.88817803392198591, "supply": "[{\"l\":'Labor',\"v\":0.88817803392198591}]"}, {"source": 22, "prod": 0, "target": 5, "value": 9.7335573423857777, "supply": "[{\"l\":'Labor',\"v\":9.7335573423857777}]"}, {"source": 22, "prod": 0, "target": 6, "value": 4.719146338243795, "supply": "[{\"l\":'Labor',\"v\":4.719146338243795}]"}, {"source": 19, "prod": 0, "target": 14, "value": 206.64850868159917, "supply": "[{\"l\":'Fossil Fuels',\"v\":206.64850868159917}]"}, {"source": 20, "prod": 0, "target": 14, "value": 14.590634913759537, "supply": "[{\"l\":'Renewables & Nuclear',\"v\":11.598276020837039},{\"l\":'Biomass & Waste',\"v\":2.992358892922498}]"}]}