{"nodes": [{"name": "Balance", "fill": "#9edae5"}, {"name": "Food", "fill": "#b5cf6b"}, {"name": "Stock Deposit", "fill": "#c7c7c7"}, {"name": "Biofuels & Other", "fill": "#e7ba52"}, {"name": "Renewables & Nuclear", "fill": "#2ca02c"}, {"name": "Fossil Fuels", "fill": "#c49c94"}, {"name": "Stock Draw", "fill": "#c7c7c7"}, {"name": "Labor", "fill": "#7f7f7f"}], "links": [{"source": 0, "target": 1, "value": 3841.2896131801958}, {"source": 0, "target": 2, "value": 18.647212264196121}, {"source": 0, "target": 3, "value": 226.907444243051}, {"source": 4, "target": 0, "value": 24.228815779332272}, {"source": 5, "target": 0, "value": 771.54397174457301}, {"source": 6, "target": 0, "value": 157.32583277441117}, {"source": 7, "target": 0, "value": 534.35687244229609}]}