{"nodes": [{"layer": 13, "name": "Milk - Excluding Butter"}, {"layer": 10, "name": "Feed", "fill": "#dbdb8d"}, {"layer": 13, "name": "Meat"}, {"layer": 5, "name": "Vegetables"}, {"layer": 5, "name": "Sugar Crops", "fill": "#ffbb78"}, {"layer": 13, "name": "Animal Fats"}, {"layer": 5, "name": "Starchy Roots"}, {"layer": 5, "name": "Pulses"}, {"layer": 13, "name": "Aquatic Products, Other"}, {"layer": 13, "name": "Fish, Seafood"}, {"layer": 13, "name": "Sugar & Sweeteners"}, {"layer": 5, "name": "Cereals - Excluding Beer"}, {"layer": 13, "name": "Vegetable Oils", "fill": "#f7b6d2"}, {"layer": 13, "name": "Eggs"}, {"layer": 5, "name": "Fruits - Excluding Wine"}, {"layer": 5, "name": "Oilcrops", "fill": "#ff9896"}, {"layer": 16, "name": "Food", "fill": "#b5cf6b"}, {"layer": 5, "name": "Treenuts"}, {"layer": 13, "name": "Alcoholic Beverages"}, {"layer": 5, "name": "Others"}, {"layer": 5, "name": "Spices"}, {"layer": 5, "name": "Stimulants"}, {"layer": 10, "name": "Processing", "fill": "#9edae5"}, {"layer": 16, "name": "Biofuels & Other", "fill": "#e7ba52"}, {"name": "Seed", "fill": "#dbdb8d"}, {"name": "Waste", "fill": "#c7c7c7"}, {"layer": 16, "name": "Stock Deposit", "fill": "#c7c7c7"}, {"layer": 0, "name": "Stock Draw", "fill": "#c7c7c7"}, {"layer": 0, "name": "Production", "fill": "#b5cf6b"}], "links": [{"source": 0, "prod": 65.327950485366472, "target": 1, "value": 99835.0, "supply": [{"l": "Milk - Excluding Butter", "v": 99835.0}]}, {"source": 2, "prod": 0.90974384545884535, "target": 1, "value": 713.0, "supply": [{"l": "Meat, Other", "v": 33.0}, {"l": "Offals, Edible", "v": 680.0}]}, {"source": 3, "prod": 1.6498333900875701, "target": 1, "value": 5900.0, "supply": [{"l": "Tomatoes", "v": 287.0}, {"l": "Vegetables, Other", "v": 5612.0}, {"l": "Onions", "v": 1.0}]}, {"source": 4, "prod": 8.7334142721901991, "target": 1, "value": 29317.0, "supply": [{"l": "Sugar beet", "v": 4619.0}, {"l": "Sugar cane", "v": 24698.0}]}, {"source": 5, "prod": 15.896558291322224, "target": 1, "value": 1475.0, "supply": [{"l": "Fats, Animals, Raw", "v": 808.0}, {"l": "Butter, Ghee", "v": 5.0}, {"l": "Fish, Body Oil", "v": 638.0}, {"l": "Fish, Liver Oil", "v": 24.0}]}, {"source": 6, "prod": 124.24752183423706, "target": 1, "value": 137334.0, "supply": [{"l": "Roots, Other", "v": 395.0}, {"l": "Yams", "v": 2144.0}, {"l": "Potatoes", "v": 86805.0}, {"l": "Sweet potatoes", "v": 21413.0}, {"l": "Cassava", "v": 26577.0}]}, {"source": 7, "prod": 37.935733452477706, "target": 1, "value": 9472.0, "supply": [{"l": "Peas", "v": 3777.0}, {"l": "Beans", "v": 199.0}, {"l": "Pulses, Other", "v": 5496.0}]}, {"source": 8, "prod": 0.41026444366000003, "target": 1, "value": 353.0, "supply": [{"l": "Aquatic Products, Other", "v": 176.0}, {"l": "Aquatic Plants", "v": 177.0}]}, {"source": 9, "prod": 37.96604996710667, "target": 1, "value": 39403.0, "supply": [{"l": "Crustaceans", "v": 19.0}, {"l": "Marine Fish, Other", "v": 441.0}, {"l": "Demersal Fish", "v": 1894.0}, {"l": "Freshwater Fish", "v": 24.0}, {"l": "Fish, Seafood", "v": 19704.0}, {"l": "Cephalopods", "v": 3.0}, {"l": "Pelagic Fish", "v": 17049.0}, {"l": "Molluscs, Other", "v": 269.0}]}, {"source": 10, "prod": 3.4106579196627282, "target": 1, "value": 823.0, "supply": [{"l": "Sugar", "v": 428.0}, {"l": "Sugar non-centrifugal", "v": 393.0}, {"l": "Sweeteners, Other", "v": 2.0}]}, {"source": 11, "prod": 1452.2255779878819, "target": 1, "value": 439846.0, "supply": [{"l": "Maize", "v": 193308.0}, {"l": "Rye", "v": 13378.0}, {"l": "Barley", "v": 81403.0}, {"l": "Cereals, Other", "v": 6461.0}, {"l": "Rice", "v": 8072.0}, {"l": "Wheat", "v": 64815.0}, {"l": "Oats", "v": 42406.0}, {"l": "Sorghum", "v": 27337.0}, {"l": "Millet", "v": 2666.0}]}, {"source": 12, "prod": 0.094412314942936115, "target": 1, "value": 9.0, "supply": [{"l": "Soyabean Oil", "v": 2.0}, {"l": "Oilcrops Oil, Other", "v": 7.0}]}, {"source": 13, "prod": 0.0048882010007545457, "target": 1, "value": 3.0, "supply": [{"l": "Eggs", "v": 3.0}]}, {"source": 14, "prod": 2.2328105874115978, "target": 1, "value": 2596.0, "supply": [{"l": "Plantains", "v": 1738.0}, {"l": "Fruits, Other", "v": 124.0}, {"l": "Dates", "v": 21.0}, {"l": "Bananas", "v": 550.0}, {"l": "Apples", "v": 163.0}]}, {"source": 15, "prod": 20.629284045199302, "target": 1, "value": 4027.0, "supply": [{"l": "Sunflower seed", "v": 41.0}, {"l": "Coconuts - Incl Copra", "v": 16.0}, {"l": "Cottonseed", "v": 2881.0}, {"l": "Groundnuts", "v": 9.0}, {"l": "Oilcrops, Other", "v": 110.0}, {"l": "Soyabeans", "v": 756.0}, {"l": "Rape and Mustardseed", "v": 214.0}]}, {"source": 0, "prod": 178.94172051563882, "target": 16, "value": 273461.0, "supply": [{"l": "Milk - Excluding Butter", "v": 273461.0}]}, {"source": 15, "prod": 62.347711789143233, "target": 16, "value": 18176.0, "supply": [{"l": "Sunflower seed", "v": 360.0}, {"l": "Coconuts - Incl Copra", "v": 7717.0}, {"l": "Sesame seed", "v": 455.0}, {"l": "Olives", "v": 468.0}, {"l": "Groundnuts", "v": 3260.0}, {"l": "Oilcrops, Other", "v": 232.0}, {"l": "Soyabeans", "v": 5485.0}, {"l": "Rape and Mustardseed", "v": 194.0}, {"l": "Palm kernels", "v": 5.0}]}, {"source": 17, "prod": 9.1307346685881274, "target": 16, "value": 3083.0, "supply": [{"l": "Treenuts", "v": 3083.0}]}, {"source": 7, "prod": 106.04682577602591, "target": 16, "value": 26373.0, "supply": [{"l": "Peas", "v": 4239.0}, {"l": "Pulses, Other", "v": 12324.0}, {"l": "Beans", "v": 9810.0}]}, {"source": 3, "prod": 63.691501614819593, "target": 16, "value": 222122.0, "supply": [{"l": "Tomatoes", "v": 30208.0}, {"l": "Vegetables, Other", "v": 176443.0}, {"l": "Onions", "v": 15471.0}]}, {"source": 18, "prod": 93.98188842878352, "target": 16, "value": 109049.0, "supply": [{"l": "Beverages, Alcoholic", "v": 9563.0}, {"l": "Wine", "v": 26291.0}, {"l": "Beer", "v": 61324.0}, {"l": "Beverages, Fermented", "v": 11871.0}]}, {"source": 4, "prod": 3.0409214070511164, "target": 16, "value": 10208.0, "supply": [{"l": "Sugar cane", "v": 10165.0}, {"l": "Sugar beet", "v": 43.0}]}, {"source": 5, "prod": 107.88254784782715, "target": 16, "value": 14040.0, "supply": [{"l": "Butter, Ghee", "v": 5910.0}, {"l": "Fats, Animals, Raw", "v": 6276.0}, {"l": "Fish, Body Oil", "v": 101.0}, {"l": "Cream", "v": 1725.0}, {"l": "Fish, Liver Oil", "v": 28.0}]}, {"source": 6, "prod": 268.40501924834336, "target": 16, "value": 273060.0, "supply": [{"l": "Roots, Other", "v": 5898.0}, {"l": "Yams", "v": 7252.0}, {"l": "Potatoes", "v": 117993.0}, {"l": "Sweet potatoes", "v": 95131.0}, {"l": "Cassava", "v": 46786.0}]}, {"source": 9, "prod": 65.937634421650259, "target": 16, "value": 75254.0, "supply": [{"l": "Crustaceans", "v": 1868.0}, {"l": "Marine Fish, Other", "v": 4773.0}, {"l": "Pelagic Fish", "v": 9077.0}, {"l": "Fish, Seafood", "v": 37628.0}, {"l": "Demersal Fish", "v": 12671.0}, {"l": "Freshwater Fish", "v": 5989.0}, {"l": "Cephalopods", "v": 998.0}, {"l": "Molluscs, Other", "v": 2250.0}]}, {"source": 8, "prod": 2.04899777386, "target": 16, "value": 1763.0, "supply": [{"l": "Aquatic Products, Other", "v": 881.0}, {"l": "Aquatic Animals, Others", "v": 118.0}, {"l": "Aquatic Plants", "v": 764.0}]}, {"source": 10, "prod": 329.49323908791757, "target": 16, "value": 79789.0, "supply": [{"l": "Sugar", "v": 64876.0}, {"l": "Sweeteners, Other", "v": 3558.0}, {"l": "Honey", "v": 735.0}, {"l": "Sugar non-centrifugal", "v": 10620.0}]}, {"source": 19, "prod": 9.1994179475265714, "target": 16, "value": 3139.0, "supply": [{"l": "Nuts", "v": 3085.0}, {"l": "Infant food", "v": 54.0}]}, {"source": 11, "prod": 1757.4386329130502, "target": 16, "value": 481471.0, "supply": [{"l": "Maize", "v": 42761.0}, {"l": "Barley", "v": 10098.0}, {"l": "Cereals, Other", "v": 3897.0}, {"l": "Sorghum", "v": 23636.0}, {"l": "Rye", "v": 13001.0}, {"l": "Rice", "v": 158780.0}, {"l": "Wheat", "v": 202542.0}, {"l": "Oats", "v": 2380.0}, {"l": "Millet", "v": 24376.0}]}, {"source": 12, "prod": 208.4128616732612, "target": 16, "value": 20463.0, "supply": [{"l": "Ricebran Oil", "v": 135.0}, {"l": "Sunflowerseed Oil", "v": 3229.0}, {"l": "Rape and Mustard Oil", "v": 1628.0}, {"l": "Palmkernel Oil", "v": 275.0}, {"l": "Oilcrops Oil, Other", "v": 722.0}, {"l": "Maize Germ Oil", "v": 459.0}, {"l": "Groundnut Oil", "v": 2789.0}, {"l": "Soyabean Oil", "v": 4840.0}, {"l": "Palm Oil", "v": 1321.0}, {"l": "Coconut Oil", "v": 1339.0}, {"l": "Olive Oil", "v": 1301.0}, {"l": "Sesameseed Oil", "v": 479.0}, {"l": "Cottonseed Oil", "v": 1946.0}]}, {"source": 20, "prod": 6.2012575395168668, "target": 16, "value": 1854.0, "supply": [{"l": "Pepper", "v": 99.0}, {"l": "Pimento", "v": 1105.0}, {"l": "Cloves", "v": 6.0}, {"l": "Spices, Other", "v": 644.0}]}, {"source": 21, "prod": 7.7071092758352169, "target": 16, "value": 7057.0, "supply": [{"l": "Tea", "v": 1414.0}, {"l": "Coffee", "v": 4322.0}, {"l": "Cocoa Beans", "v": 1321.0}]}, {"source": 13, "prod": 28.828980102116724, "target": 16, "value": 17693.0, "supply": [{"l": "Eggs", "v": 17693.0}]}, {"source": 14, "prod": 93.465492222848724, "target": 16, "value": 154141.0, "supply": [{"l": "Plantains", "v": 9548.0}, {"l": "Grapes", "v": 11298.0}, {"l": "Pineapples", "v": 4352.0}, {"l": "Citrus, Other", "v": 1441.0}, {"l": "Grapefruit", "v": 2899.0}, {"l": "Fruits, Other", "v": 48372.0}, {"l": "Dates", "v": 1613.0}, {"l": "Apples", "v": 22400.0}, {"l": "Lemons, Limes", "v": 2992.0}, {"l": "Bananas", "v": 21885.0}, {"l": "Oranges, Mandarines", "v": 27341.0}]}, {"source": 2, "prod": 209.26669369665589, "target": 16, "value": 101420.0, "supply": [{"l": "Pigmeat", "v": 33637.0}, {"l": "Offals, Edible", "v": 6007.0}, {"l": "Meat, Other", "v": 2971.0}, {"l": "Mutton & Goat Meat", "v": 6447.0}, {"l": "Bovine Meat", "v": 38782.0}, {"l": "Poultry Meat", "v": 13576.0}]}, {"source": 0, "prod": 0.005889232777766297, "target": 22, "value": 9.0, "supply": [{"l": "Milk - Excluding Butter", "v": 9.0}]}, {"source": 15, "prod": 434.02718314684893, "target": 22, "value": 104641.32432432432, "supply": [{"l": "Olives", "v": 6145.0}, {"l": "Sunflower seed", "v": 8829.0}, {"l": "Coconuts - Incl Copra", "v": 15413.0}, {"l": "Sesame seed", "v": 1136.0}, {"l": "Cottonseed", "v": 16071.0}, {"l": "Groundnuts", "v": 6659.0}, {"l": "Oilcrops, Other", "v": 6499.0}, {"l": "Soyabeans", "v": 28679.0}, {"l": "Rape and Mustardseed", "v": 4745.0}, {"l": "Palm kernels", "v": 901.0}, {"l": "Oil Palm", "v": 9564.3243243243232}]}, {"source": 17, "prod": 0.0029616395292209304, "target": 22, "value": 1.0, "supply": [{"l": "Treenuts", "v": 1.0}]}, {"source": 3, "prod": 0.015806282420214954, "target": 22, "value": 55.0, "supply": [{"l": "Vegetables, Other", "v": 54.0}, {"l": "Onions", "v": 1.0}]}, {"source": 18, "prod": 1.2790419758152829, "target": 22, "value": 1584.0, "supply": [{"l": "Wine", "v": 1584.0}]}, {"source": 4, "prod": 197.71291692956618, "target": 22, "value": 663698.0, "supply": [{"l": "Sugar beet", "v": 209408.0}, {"l": "Sugar cane", "v": 454290.0}]}, {"source": 5, "prod": 1.3941020617283524, "target": 22, "value": 170.0, "supply": [{"l": "Fats, Animals, Raw", "v": 170.0}]}, {"source": 6, "prod": 8.4116161797584574, "target": 22, "value": 10416.0, "supply": [{"l": "Potatoes", "v": 9696.0}, {"l": "Sweet potatoes", "v": 514.0}, {"l": "Cassava", "v": 206.0}]}, {"source": 7, "prod": 0.011771894935474791, "target": 22, "value": 3.0, "supply": [{"l": "Peas", "v": 3.0}]}, {"source": 10, "prod": 5.0952683804403947, "target": 22, "value": 1290.0, "supply": [{"l": "Sugar", "v": 452.0}, {"l": "Sugar non-centrifugal", "v": 58.0}, {"l": "Sweeteners, Other", "v": 774.0}, {"l": "Honey", "v": 6.0}]}, {"source": 19, "prod": 0.0029616395292209304, "target": 22, "value": 1.0, "supply": [{"l": "Nuts", "v": 1.0}]}, {"source": 11, "prod": 79.319872707125541, "target": 22, "value": 24133.0, "supply": [{"l": "Maize", "v": 7422.0}, {"l": "Rye", "v": 642.0}, {"l": "Barley", "v": 12201.0}, {"l": "Cereals, Other", "v": 75.0}, {"l": "Rice", "v": 1550.0}, {"l": "Wheat", "v": 892.0}, {"l": "Oats", "v": 194.0}, {"l": "Sorghum", "v": 874.0}, {"l": "Millet", "v": 283.0}]}, {"source": 12, "prod": 0.60462804839347295, "target": 22, "value": 57.0, "supply": [{"l": "Palm Oil", "v": 1.0}, {"l": "Oilcrops Oil, Other", "v": 56.0}]}, {"source": 21, "prod": 0.016062225194513512, "target": 22, "value": 7.0, "supply": [{"l": "Cocoa Beans", "v": 7.0}]}, {"source": 14, "prod": 36.293384358418031, "target": 22, "value": 46035.0, "supply": [{"l": "Plantains", "v": 2007.0}, {"l": "Citrus, Other", "v": 10.0}, {"l": "Grapes", "v": 39848.0}, {"l": "Apples", "v": 2330.0}, {"l": "Lemons, Limes", "v": 9.0}, {"l": "Bananas", "v": 11.0}, {"l": "Fruits, Other", "v": 1815.0}, {"l": "Oranges, Mandarines", "v": 5.0}]}, {"source": 2, "prod": 0.21964504504837806, "target": 22, "value": 123.0, "supply": [{"l": "Meat, Other", "v": 3.0}, {"l": "Pigmeat", "v": 2.0}, {"l": "Poultry Meat", "v": 20.0}, {"l": "Bovine Meat", "v": 98.0}]}, {"source": 0, "prod": 5.1269043126443261, "target": 23, "value": 7835.0, "supply": [{"l": "Milk - Excluding Butter", "v": 7835.0}]}, {"source": 2, "prod": 1.9963961960095225, "target": 23, "value": 1286.0, "supply": [{"l": "Mutton & Goat Meat", "v": 91.0}, {"l": "Pigmeat", "v": 169.0}, {"l": "Poultry Meat", "v": 58.0}, {"l": "Offals, Edible", "v": 945.0}, {"l": "Bovine Meat", "v": 23.0}]}, {"source": 10, "prod": 7.171316748173636, "target": 23, "value": 1794.0, "supply": [{"l": "Sugar", "v": 978.0}, {"l": "Sweeteners, Other", "v": 816.0}]}, {"source": 17, "prod": 0.056271151055197678, "target": 23, "value": 19.0, "supply": [{"l": "Treenuts", "v": 19.0}]}, {"source": 3, "prod": 0.15438540127450801, "target": 23, "value": 549.0, "supply": [{"l": "Vegetables, Other", "v": 526.0}, {"l": "Tomatoes", "v": 21.0}, {"l": "Onions", "v": 2.0}]}, {"source": 19, "prod": 0.053309511525976738, "target": 23, "value": 18.0, "supply": [{"l": "Nuts", "v": 18.0}]}, {"source": 4, "prod": 3.7773200863448424, "target": 23, "value": 12680.0, "supply": [{"l": "Sugar beet", "v": 1965.0}, {"l": "Sugar cane", "v": 10715.0}]}, {"source": 5, "prod": 52.54451068696936, "target": 23, "value": 6083.0, "supply": [{"l": "Butter, Ghee", "v": 21.0}, {"l": "Fats, Animals, Raw", "v": 5611.0}, {"l": "Fish, Body Oil", "v": 446.0}, {"l": "Fish, Liver Oil", "v": 5.0}]}, {"source": 6, "prod": 12.74309065661518, "target": 23, "value": 12311.0, "supply": [{"l": "Yams", "v": 3425.0}, {"l": "Roots, Other", "v": 864.0}, {"l": "Potatoes", "v": 4406.0}, {"l": "Sweet potatoes", "v": 171.0}, {"l": "Cassava", "v": 3445.0}]}, {"source": 7, "prod": 0.23139871044029547, "target": 23, "value": 57.0, "supply": [{"l": "Beans", "v": 1.0}, {"l": "Pulses, Other", "v": 56.0}]}, {"source": 8, "prod": 2.1082711070800002, "target": 23, "value": 1814.0, "supply": [{"l": "Aquatic Products, Other", "v": 908.0}, {"l": "Aquatic Animals, Others", "v": 9.0}, {"l": "Aquatic Plants", "v": 897.0}]}, {"source": 9, "prod": 1.4240117484579431, "target": 23, "value": 1630.0, "supply": [{"l": "Freshwater Fish", "v": 52.0}, {"l": "Crustaceans", "v": 2.0}, {"l": "Pelagic Fish", "v": 124.0}, {"l": "Marine Fish, Other", "v": 347.0}, {"l": "Demersal Fish", "v": 223.0}, {"l": "Fish, Seafood", "v": 815.0}, {"l": "Molluscs, Other", "v": 67.0}]}, {"source": 18, "prod": 5.7879274869836301, "target": 23, "value": 3872.0, "supply": [{"l": "Alcohol, Non-Food", "v": 2352.0}, {"l": "Beer", "v": 98.0}, {"l": "Beverages, Alcoholic", "v": 1079.0}, {"l": "Wine", "v": 335.0}, {"l": "Beverages, Fermented", "v": 8.0}]}, {"source": 11, "prod": 43.271441512357853, "target": 23, "value": 12345.0, "supply": [{"l": "Maize", "v": 7841.0}, {"l": "Rye", "v": 112.0}, {"l": "Barley", "v": 413.0}, {"l": "Rice", "v": 855.0}, {"l": "Wheat", "v": 3100.0}, {"l": "Oats", "v": 2.0}, {"l": "Sorghum", "v": 22.0}]}, {"source": 12, "prod": 53.739938086715114, "target": 23, "value": 5177.0, "supply": [{"l": "Ricebran Oil", "v": 56.0}, {"l": "Maize Germ Oil", "v": 36.0}, {"l": "Groundnut Oil", "v": 118.0}, {"l": "Soyabean Oil", "v": 325.0}, {"l": "Palm Oil", "v": 616.0}, {"l": "Sunflowerseed Oil", "v": 437.0}, {"l": "Olive Oil", "v": 96.0}, {"l": "Coconut Oil", "v": 501.0}, {"l": "Rape and Mustard Oil", "v": 188.0}, {"l": "Oilcrops Oil, Other", "v": 2003.0}, {"l": "Sesameseed Oil", "v": 15.0}, {"l": "Cottonseed Oil", "v": 591.0}, {"l": "Palmkernel Oil", "v": 195.0}]}, {"source": 20, "prod": 0.056904524383430112, "target": 23, "value": 15.0, "supply": [{"l": "Cloves", "v": 14.0}, {"l": "Spices, Other", "v": 1.0}]}, {"source": 21, "prod": 0.026129283994414568, "target": 23, "value": 33.0, "supply": [{"l": "Cocoa Beans", "v": 1.0}, {"l": "Coffee", "v": 29.0}, {"l": "Tea", "v": 3.0}]}, {"source": 13, "prod": 0.071693614677733331, "target": 23, "value": 44.0, "supply": [{"l": "Eggs", "v": 44.0}]}, {"source": 14, "prod": 0.15688868274807841, "target": 23, "value": 218.0, "supply": [{"l": "Apples", "v": 11.0}, {"l": "Grapes", "v": 62.0}, {"l": "Dates", "v": 6.0}, {"l": "Grapefruit", "v": 1.0}, {"l": "Pineapples", "v": 1.0}, {"l": "Lemons, Limes", "v": 18.0}, {"l": "Bananas", "v": 14.0}, {"l": "Citrus, Other", "v": 12.0}, {"l": "Fruits, Other", "v": 63.0}, {"l": "Oranges, Mandarines", "v": 30.0}]}, {"source": 15, "prod": 9.4125515196635643, "target": 23, "value": 1913.0, "supply": [{"l": "Sunflower seed", "v": 60.0}, {"l": "Coconuts - Incl Copra", "v": 316.0}, {"l": "Sesame seed", "v": 3.0}, {"l": "Cottonseed", "v": 1242.0}, {"l": "Oilcrops, Other", "v": 224.0}, {"l": "Soyabeans", "v": 1.0}, {"l": "Rape and Mustardseed", "v": 35.0}, {"l": "Palm kernels", "v": 32.0}]}, {"source": 15, "prod": 28.197756789756358, "target": 24, "value": 5717.0, "supply": [{"l": "Soyabeans", "v": 2374.0}, {"l": "Sunflower seed", "v": 480.0}, {"l": "Coconuts - Incl Copra", "v": 53.0}, {"l": "Sesame seed", "v": 45.0}, {"l": "Cottonseed", "v": 1290.0}, {"l": "Rape and Mustardseed", "v": 140.0}, {"l": "Groundnuts", "v": 971.0}, {"l": "Oilcrops, Other", "v": 364.0}]}, {"source": 3, "prod": 0.019884984960718818, "target": 24, "value": 57.0, "supply": [{"l": "Vegetables, Other", "v": 39.0}, {"l": "Onions", "v": 18.0}]}, {"source": 4, "prod": 3.3134961609159053, "target": 24, "value": 11123.0, "supply": [{"l": "Sugar cane", "v": 11123.0}]}, {"source": 6, "prod": 35.340086130905817, "target": 24, "value": 44219.0, "supply": [{"l": "Potatoes", "v": 42621.0}, {"l": "Yams", "v": 652.0}, {"l": "Roots, Other", "v": 163.0}, {"l": "Sweet potatoes", "v": 783.0}]}, {"source": 7, "prod": 14.235871801293552, "target": 24, "value": 3544.0, "supply": [{"l": "Beans", "v": 1011.0}, {"l": "Peas", "v": 783.0}, {"l": "Pulses, Other", "v": 1750.0}]}, {"source": 9, "prod": 0.17809054743043176, "target": 9, "value": 183.0, "supply": [{"l": "Freshwater Fish", "v": 6.0}, {"l": "Fish, Seafood", "v": 92.0}, {"l": "Molluscs, Other", "v": 1.0}, {"l": "Cephalopods", "v": 33.0}, {"l": "Pelagic Fish", "v": 46.0}, {"l": "Marine Fish, Other", "v": 4.0}, {"l": "Demersal Fish", "v": 1.0}]}, {"source": 11, "prod": 216.13557708797254, "target": 24, "value": 64130.0, "supply": [{"l": "Maize", "v": 6012.0}, {"l": "Oats", "v": 4700.0}, {"l": "Rye", "v": 3581.0}, {"l": "Barley", "v": 9067.0}, {"l": "Rice", "v": 10553.0}, {"l": "Sorghum", "v": 981.0}, {"l": "Cereals, Other", "v": 900.0}, {"l": "Wheat", "v": 27501.0}, {"l": "Millet", "v": 835.0}]}, {"source": 13, "prod": 1.516971710567494, "target": 13, "value": 931.0, "supply": [{"l": "Eggs", "v": 931.0}]}, {"source": 0, "prod": 5.493345463260896, "target": 25, "value": 8395.0, "supply": [{"l": "Milk - Excluding Butter", "v": 8395.0}]}, {"source": 2, "prod": 0.83512416926178512, "target": 25, "value": 423.0, "supply": [{"l": "Mutton & Goat Meat", "v": 20.0}, {"l": "Pigmeat", "v": 128.0}, {"l": "Meat, Other", "v": 10.0}, {"l": "Poultry Meat", "v": 16.0}, {"l": "Offals, Edible", "v": 79.0}, {"l": "Bovine Meat", "v": 170.0}]}, {"source": 17, "prod": 0.423514452678593, "target": 25, "value": 143.0, "supply": [{"l": "Treenuts", "v": 143.0}]}, {"source": 3, "prod": 6.7168932636114649, "target": 25, "value": 23644.0, "supply": [{"l": "Tomatoes", "v": 3408.0}, {"l": "Vegetables, Other", "v": 18816.0}, {"l": "Onions", "v": 1420.0}]}, {"source": 18, "prod": 0.57240058282746964, "target": 25, "value": 833.0, "supply": [{"l": "Beer", "v": 112.0}, {"l": "Wine", "v": 317.0}, {"l": "Beverages, Fermented", "v": 404.0}]}, {"source": 4, "prod": 5.0103112407124533, "target": 25, "value": 16819.0, "supply": [{"l": "Sugar beet", "v": 723.0}, {"l": "Sugar cane", "v": 16096.0}]}, {"source": 5, "prod": 0.68306177142122748, "target": 25, "value": 98.0, "supply": [{"l": "Fats, Animals, Raw", "v": 71.0}, {"l": "Butter, Ghee", "v": 5.0}, {"l": "Cream", "v": 22.0}]}, {"source": 6, "prod": 39.01578884668443, "target": 25, "value": 41979.0, "supply": [{"l": "Roots, Other", "v": 1140.0}, {"l": "Yams", "v": 1618.0}, {"l": "Potatoes", "v": 24469.0}, {"l": "Sweet potatoes", "v": 7159.0}, {"l": "Cassava", "v": 7593.0}]}, {"source": 7, "prod": 6.7198889214281214, "target": 25, "value": 1673.0, "supply": [{"l": "Peas", "v": 379.0}, {"l": "Beans", "v": 458.0}, {"l": "Pulses, Other", "v": 836.0}]}, {"source": 10, "prod": 0.72951397391377792, "target": 25, "value": 176.0, "supply": [{"l": "Sugar", "v": 167.0}, {"l": "Sugar non-centrifugal", "v": 9.0}]}, {"source": 19, "prod": 0.43536101079547668, "target": 25, "value": 147.0, "supply": [{"l": "Nuts", "v": 147.0}]}, {"source": 11, "prod": 165.90804734249164, "target": 25, "value": 47199.0, "supply": [{"l": "Maize", "v": 9835.0}, {"l": "Rye", "v": 1605.0}, {"l": "Barley", "v": 4229.0}, {"l": "Cereals, Other", "v": 405.0}, {"l": "Rice", "v": 9624.0}, {"l": "Wheat", "v": 15831.0}, {"l": "Oats", "v": 1145.0}, {"l": "Sorghum", "v": 2353.0}, {"l": "Millet", "v": 2172.0}]}, {"source": 12, "prod": 0.61250745224911185, "target": 25, "value": 60.0, "supply": [{"l": "Maize Germ Oil", "v": 1.0}, {"l": "Soyabean Oil", "v": 25.0}, {"l": "Palm Oil", "v": 28.0}, {"l": "Rape and Mustard Oil", "v": 1.0}, {"l": "Oilcrops Oil, Other", "v": 1.0}, {"l": "Cottonseed Oil", "v": 3.0}, {"l": "Palmkernel Oil", "v": 1.0}]}, {"source": 20, "prod": 0.22844211933620701, "target": 25, "value": 79.0, "supply": [{"l": "Cloves", "v": 1.0}, {"l": "Pimento", "v": 67.0}, {"l": "Pepper", "v": 3.0}, {"l": "Spices, Other", "v": 8.0}]}, {"source": 21, "prod": 0.17755988202219788, "target": 25, "value": 130.0, "supply": [{"l": "Cocoa Beans", "v": 49.0}, {"l": "Coffee", "v": 63.0}, {"l": "Tea", "v": 18.0}]}, {"source": 13, "prod": 1.0639984178309059, "target": 25, "value": 653.0, "supply": [{"l": "Eggs", "v": 653.0}]}, {"source": 14, "prod": 13.952861137835836, "target": 25, "value": 21247.0, "supply": [{"l": "Plantains", "v": 3005.0}, {"l": "Grapefruit", "v": 175.0}, {"l": "Apples", "v": 2463.0}, {"l": "Grapes", "v": 1545.0}, {"l": "Dates", "v": 138.0}, {"l": "Lemons, Limes", "v": 306.0}, {"l": "Pineapples", "v": 429.0}, {"l": "Bananas", "v": 5359.0}, {"l": "Citrus, Other", "v": 214.0}, {"l": "Fruits, Other", "v": 5218.0}, {"l": "Oranges, Mandarines", "v": 2395.0}]}, {"source": 15, "prod": 16.96145070818449, "target": 25, "value": 4280.0, "supply": [{"l": "Olives", "v": 49.0}, {"l": "Sunflower seed", "v": 199.0}, {"l": "Coconuts - Incl Copra", "v": 1058.0}, {"l": "Sesame seed", "v": 48.0}, {"l": "Cottonseed", "v": 407.0}, {"l": "Groundnuts", "v": 443.0}, {"l": "Oilcrops, Other", "v": 227.0}, {"l": "Soyabeans", "v": 1682.0}, {"l": "Rape and Mustardseed", "v": 141.0}, {"l": "Palm kernels", "v": 26.0}]}, {"source": 20, "prod": 0.0082161612746129049, "target": 26, "value": 3.0, "supply": [{"l": "Pimento", "v": 3.0}]}, {"source": 3, "prod": 0.03672098693023871, "target": 26, "value": 120.0, "supply": [{"l": "Vegetables, Other", "v": 107.0}, {"l": "Onions", "v": 13.0}]}, {"source": 9, "prod": 0.0040817467870673078, "target": 26, "value": 5.0, "supply": [{"l": "Crustaceans", "v": 5.0}]}, {"source": 14, "prod": 0.63231187902487007, "target": 26, "value": 888.0, "supply": [{"l": "Dates", "v": 164.0}, {"l": "Grapefruit", "v": 6.0}, {"l": "Pineapples", "v": 72.0}, {"l": "Lemons, Limes", "v": 61.0}, {"l": "Fruits, Other", "v": 126.0}, {"l": "Oranges, Mandarines", "v": 459.0}]}, {"source": 6, "prod": 0.24915979456176299, "target": 26, "value": 233.0, "supply": [{"l": "Cassava", "v": 233.0}]}, {"source": 18, "prod": 0.25438420722504851, "target": 26, "value": 73.0, "supply": [{"l": "Beverages, Alcoholic", "v": 73.0}]}, {"source": 4, "prod": 0.0035747508703578949, "target": 26, "value": 12.0, "supply": [{"l": "Sugar beet", "v": 6.0}, {"l": "Sugar cane", "v": 6.0}]}, {"source": 11, "prod": 26.236694762639619, "target": 26, "value": 6977.0, "supply": [{"l": "Maize", "v": 730.0}, {"l": "Rice", "v": 4126.0}, {"l": "Cereals, Other", "v": 7.0}, {"l": "Oats", "v": 1726.0}, {"l": "Sorghum", "v": 178.0}, {"l": "Millet", "v": 210.0}]}, {"source": 27, "prod": 3.298602922583509, "target": 1, "value": 3875.0, "supply": [{"l": "Freshwater Fish", "v": 39.0}, {"l": "Mutton & Goat Meat", "v": 23.0}, {"l": "Pelagic Fish", "v": 925.0}, {"l": "Demersal Fish", "v": 85.0}, {"l": "Poultry Meat", "v": 53.0}, {"l": "Milk - Excluding Butter", "v": 1689.0}, {"l": "Fish, Seafood", "v": 1045.0}, {"l": "Cephalopods", "v": 1.0}, {"l": "Offals, Edible", "v": 1.0}, {"l": "Eggs", "v": 14.0}]}, {"source": 15, "prod": 15.012617406035757, "target": 26, "value": 3571.0, "supply": [{"l": "Coconuts - Incl Copra", "v": 88.0}, {"l": "Groundnuts", "v": 89.0}, {"l": "Oilcrops, Other", "v": 365.0}, {"l": "Soyabeans", "v": 3015.0}, {"l": "Palm kernels", "v": 14.0}]}, {"source": 27, "prod": 0.079964267288965121, "target": 19, "value": 27.0, "supply": [{"l": "Nuts", "v": 27.0}]}, {"source": 12, "prod": 0.4591413548047063, "target": 26, "value": 45.0, "supply": [{"l": "Coconut Oil", "v": 13.0}, {"l": "Sesameseed Oil", "v": 5.0}, {"l": "Cottonseed Oil", "v": 27.0}]}, {"source": 27, "prod": 0.29762862848271887, "target": 14, "value": 494.0, "supply": [{"l": "Apples", "v": 379.0}, {"l": "Grapes", "v": 112.0}, {"l": "Bananas", "v": 3.0}]}, {"source": 27, "prod": 0.079964267288965121, "target": 17, "value": 27.0, "supply": [{"l": "Treenuts", "v": 27.0}]}, {"source": 7, "prod": 0.052785859319360869, "target": 26, "value": 13.0, "supply": [{"l": "Pulses, Other", "v": 13.0}]}, {"source": 27, "prod": 3.8639748398341247, "target": 15, "value": 732.0, "supply": [{"l": "Olives", "v": 10.0}, {"l": "Sunflower seed", "v": 56.0}, {"l": "Sesame seed", "v": 23.0}, {"l": "Cottonseed", "v": 397.0}, {"l": "Rape and Mustardseed", "v": 246.0}]}, {"source": 2, "prod": 0.39530511882477892, "target": 26, "value": 156.0, "supply": [{"l": "Pigmeat", "v": 134.0}, {"l": "Meat, Other", "v": 2.0}, {"l": "Bovine Meat", "v": 20.0}]}, {"source": 27, "prod": 0.22803808496342973, "target": 21, "value": 325.0, "supply": [{"l": "Coffee", "v": 325.0}]}, {"source": 27, "prod": 5.9592880231948309, "target": 6, "value": 7567.0, "supply": [{"l": "Roots, Other", "v": 3.0}, {"l": "Potatoes", "v": 7494.0}, {"l": "Sweet potatoes", "v": 70.0}]}, {"source": 27, "prod": 0.036328511356858162, "target": 3, "value": 181.0, "supply": [{"l": "Tomatoes", "v": 181.0}]}, {"source": 27, "prod": 0.031786777717000003, "target": 20, "value": 9.0, "supply": [{"l": "Pepper", "v": 3.0}, {"l": "Spices, Other", "v": 6.0}]}, {"source": 21, "prod": 0.14479875347689189, "target": 26, "value": 71.0, "supply": [{"l": "Cocoa Beans", "v": 55.0}, {"l": "Tea", "v": 16.0}]}, {"source": 27, "prod": 0.54877136666144455, "target": 7, "value": 137.0, "supply": [{"l": "Peas", "v": 12.0}, {"l": "Beans", "v": 125.0}]}, {"source": 10, "prod": 0.052334991090409289, "target": 26, "value": 13.0, "supply": [{"l": "Sweeteners, Other", "v": 1.0}, {"l": "Honey", "v": 12.0}]}, {"source": 27, "prod": 16.560028424461262, "target": 22, "value": 3797.0, "supply": [{"l": "Sugar", "v": 1853.0}, {"l": "Maize Germ Oil", "v": 19.0}, {"l": "Beer", "v": 14.0}, {"l": "Groundnut Oil", "v": 57.0}, {"l": "Fats, Animals, Raw", "v": 44.0}, {"l": "Soyabean Oil", "v": 195.0}, {"l": "Butter, Ghee", "v": 149.0}, {"l": "Palm Oil", "v": 10.0}, {"l": "Wine", "v": 1124.0}, {"l": "Sunflowerseed Oil", "v": 150.0}, {"l": "Olive Oil", "v": 35.0}, {"l": "Rape and Mustard Oil", "v": 72.0}, {"l": "Oilcrops Oil, Other", "v": 26.0}, {"l": "Fish, Body Oil", "v": 36.0}, {"l": "Fish, Liver Oil", "v": 6.0}, {"l": "Palmkernel Oil", "v": 7.0}]}, {"source": 27, "prod": 35.54547639446087, "target": 11, "value": 11134.0, "supply": [{"l": "Rye", "v": 3012.0}, {"l": "Barley", "v": 151.0}, {"l": "Wheat", "v": 7971.0}]}, {"source": 28, "prod": 581.892313758152, "target": 15, "value": 141126.32432432432, "supply": [{"l": "Sunflower seed", "v": 9913.0}, {"l": "Coconuts - Incl Copra", "v": 24235.0}, {"l": "Sesame seed", "v": 1673.0}, {"l": "Cottonseed", "v": 21551.0}, {"l": "Olives", "v": 6640.0}, {"l": "Groundnuts", "v": 11431.0}, {"l": "Oilcrops, Other", "v": 7995.0}, {"l": "Soyabeans", "v": 41965.0}, {"l": "Rape and Mustardseed", "v": 5180.0}, {"l": "Palm kernels", "v": 979.0}, {"l": "Oil Palm", "v": 9564.3243243243232}]}, {"source": 28, "prod": 9.5660956793836061, "target": 17, "value": 3230.0, "supply": [{"l": "Treenuts", "v": 3230.0}]}, {"source": 28, "prod": 164.90492905372443, "target": 7, "value": 41055.0, "supply": [{"l": "Peas", "v": 9244.0}, {"l": "Pulses, Other", "v": 20419.0}, {"l": "Beans", "v": 11392.0}]}, {"source": 28, "prod": 72.395361191345046, "target": 3, "value": 252806.0, "supply": [{"l": "Tomatoes", "v": 34195.0}, {"l": "Vegetables, Other", "v": 201535.0}, {"l": "Onions", "v": 17076.0}]}, {"source": 28, "prod": 221.59672118214485, "target": 4, "value": 743873.0, "supply": [{"l": "Sugar cane", "v": 527141.0}, {"l": "Sugar beet", "v": 216732.0}]}, {"source": 28, "prod": 482.19537380834544, "target": 6, "value": 511690.0, "supply": [{"l": "Roots, Other", "v": 8509.0}, {"l": "Yams", "v": 15097.0}, {"l": "Potatoes", "v": 278331.0}, {"l": "Sweet potatoes", "v": 125080.0}, {"l": "Cassava", "v": 84673.0}]}, {"source": 28, "prod": 9.5660956793836061, "target": 19, "value": 3230.0, "supply": [{"l": "Nuts", "v": 3230.0}]}, {"source": 28, "prod": 3712.0415604117361, "target": 11, "value": 1066899.0, "supply": [{"l": "Maize", "v": 268750.0}, {"l": "Barley", "v": 117249.0}, {"l": "Cereals, Other", "v": 11400.0}, {"l": "Sorghum", "v": 55367.0}, {"l": "Rye", "v": 29429.0}, {"l": "Rice", "v": 194135.0}, {"l": "Wheat", "v": 307542.0}, {"l": "Oats", "v": 52527.0}, {"l": "Millet", "v": 30500.0}]}, {"source": 28, "prod": 6.3113471647543982, "target": 20, "value": 1916.0, "supply": [{"l": "Pepper", "v": 103.0}, {"l": "Pimento", "v": 1181.0}, {"l": "Cloves", "v": 24.0}, {"l": "Spices, Other", "v": 608.0}]}, {"source": 28, "prod": 7.7173233192723671, "target": 21, "value": 6961.0, "supply": [{"l": "Tea", "v": 1451.0}, {"l": "Coffee", "v": 4151.0}, {"l": "Cocoa Beans", "v": 1359.0}]}, {"source": 28, "prod": 146.39315539034709, "target": 14, "value": 224408.0, "supply": [{"l": "Plantains", "v": 16355.0}, {"l": "Grapes", "v": 52713.0}, {"l": "Pineapples", "v": 4996.0}, {"l": "Citrus, Other", "v": 1657.0}, {"l": "Grapefruit", "v": 3006.0}, {"l": "Fruits, Other", "v": 55568.0}, {"l": "Dates", "v": 2006.0}, {"l": "Apples", "v": 26752.0}, {"l": "Lemons, Limes", "v": 3428.0}, {"l": "Bananas", "v": 27770.0}, {"l": "Oranges, Mandarines", "v": 30157.0}]}, {"source": 1, "prod": 254.89581000968829, "target": 0, "value": 389535.0, "supply": [{"l": "Milk - Excluding Butter", "v": 389535.0}]}, {"source": 1, "prod": 29.969560335626117, "target": 13, "value": 18393.0, "supply": [{"l": "Eggs", "v": 19324.0}]}, {"source": 1, "prod": 213.62290807125919, "target": 2, "value": 104121.0, "supply": [{"l": "Pigmeat", "v": 34070.0}, {"l": "Bovine Meat", "v": 39093.0}, {"l": "Poultry Meat", "v": 13670.0}, {"l": "Offals, Edible", "v": 7711.0}, {"l": "Meat, Other", "v": 3019.0}, {"l": "Mutton & Goat Meat", "v": 6558.0}]}, {"source": 1, "prod": 105.33177788400194, "target": 9, "value": 116292.0, "supply": [{"l": "Pelagic Fish", "v": 26296.0}, {"l": "Crustaceans", "v": 1894.0}, {"l": "Freshwater Fish", "v": 6071.0}, {"l": "Molluscs, Other", "v": 2587.0}, {"l": "Demersal Fish", "v": 14789.0}, {"l": "Fish, Seafood", "v": 58239.0}, {"l": "Marine Fish, Other", "v": 5565.0}, {"l": "Cephalopods", "v": 1034.0}]}, {"source": 1, "prod": 4.5675333246000003, "target": 8, "value": 3930.0, "supply": [{"l": "Aquatic Plants", "v": 1838.0}, {"l": "Aquatic Products, Other", "v": 1965.0}, {"l": "Aquatic Animals, Others", "v": 127.0}]}, {"source": 22, "prod": 345.95233110119852, "target": 10, "value": 83885.0, "supply": [{"l": "Honey", "v": 753.0}, {"l": "Sweeteners, Other", "v": 5151.0}, {"l": "Sugar non-centrifugal", "v": 11080.0}, {"l": "Sugar", "v": 66901.0}]}, {"source": 22, "prod": 263.9234889303666, "target": 12, "value": 25811.0, "supply": [{"l": "Olive Oil", "v": 1397.0}, {"l": "Ricebran Oil", "v": 191.0}, {"l": "Sesameseed Oil", "v": 499.0}, {"l": "Soyabean Oil", "v": 5192.0}, {"l": "Coconut Oil", "v": 1853.0}, {"l": "Cottonseed Oil", "v": 2567.0}, {"l": "Rape and Mustard Oil", "v": 1817.0}, {"l": "Maize Germ Oil", "v": 496.0}, {"l": "Groundnut Oil", "v": 2907.0}, {"l": "Palm Oil", "v": 1966.0}, {"l": "Palmkernel Oil", "v": 471.0}, {"l": "Oilcrops Oil, Other", "v": 2789.0}, {"l": "Sunflowerseed Oil", "v": 3666.0}]}, {"source": 22, "prod": 101.87564268163496, "target": 18, "value": 115411.0, "supply": [{"l": "Beer", "v": 61534.0}, {"l": "Beverages, Alcoholic", "v": 10715.0}, {"l": "Alcohol, Non-Food", "v": 2352.0}, {"l": "Beverages, Fermented", "v": 12283.0}, {"l": "Wine", "v": 28527.0}]}, {"source": 22, "prod": 178.40078065926829, "target": 5, "value": 21866.0, "supply": [{"l": "Fats, Animals, Raw", "v": 12936.0}, {"l": "Cream", "v": 1747.0}, {"l": "Fish, Body Oil", "v": 1185.0}, {"l": "Butter, Ghee", "v": 5941.0}, {"l": "Fish, Liver Oil", "v": 57.0}]}]}