{"nodes": [{"layer": 13, "name": "Other Processed", "fill": "#9c9ede"}, {"layer": 10, "name": "Feed", "fill": "#dbdb8d"}, {"layer": 13, "name": "Animal Products", "fill": "#17becf"}, {"layer": 5, "name": "Cereals", "fill": "#e7ba52"}, {"layer": 5, "name": "Oilcrops", "fill": "#ff9896"}, {"layer": 5, "name": "Fruits, Roots & Vegetables", "fill": "#98df8a"}, {"layer": 5, "name": "Sugar Crops", "fill": "#ffbb78"}, {"layer": 13, "name": "Sugar", "fill": "#d6616b"}, {"layer": 13, "name": "Aquatic Products", "fill": "#1f77b4"}, {"layer": 13, "name": "Vegetable Oils", "fill": "#f7b6d2"}, {"layer": 16, "name": "Food", "fill": "#b5cf6b"}, {"layer": 10, "name": "Processing", "fill": "#9edae5"}, {"layer": 16, "name": "Biofuels & Other", "fill": "#e7ba52"}, {"name": "Waste", "fill": "#c7c7c7"}, {"layer": 0, "name": "Stock Draw", "fill": "#c7c7c7"}, {"layer": 16, "name": "Stock Deposit", "fill": "#c7c7c7"}, {"name": "Crop Residue", "fill": "#bd9e39"}, {"layer": 2, "name": "Electricity", "fill": "#bcbd22"}, {"layer": 0, "name": "Fossil Fuels", "fill": "#c49c94"}, {"layer": 0, "name": "Renewables & Nuclear", "fill": "#2ca02c"}, {"layer": 2, "name": "Fertilizers", "fill": "#c5b0d5"}, {"layer": 0, "name": "Labor", "fill": "#7f7f7f"}], "links": [{"source": 0, "prod": 1592.0, "target": 1, "value": 9.4875574413831654, "supply": [{"l": "Butter, Ghee", "v": 0.10188039980520001}, {"l": "Fats, Animals, Raw", "v": 8.7386700071007866}, {"l": "Fish, Body Oil", "v": 0.61365333216000006}, {"l": "Fish, Liver Oil", "v": 0.033353702317178574}]}, {"source": 2, "prod": 95639.0, "target": 1, "value": 61.650410531070662, "supply": [{"l": "Eggs", "v": 0.016264431641954024}, {"l": "Milk - Excluding Butter", "v": 60.605549619766641}, {"l": "Meat, Other", "v": 0.049348318655643757}, {"l": "Offals, Edible", "v": 0.97924816100642043}]}, {"source": 3, "prod": 516889.0, "target": 1, "value": 1711.4861949181122, "supply": [{"l": "Maize", "v": 860.35273894190482}, {"l": "Rye", "v": 34.293101762555018}, {"l": "Barley", "v": 326.33141060937271}, {"l": "Cereals, Other", "v": 18.658667507180915}, {"l": "Rice", "v": 44.245888726720587}, {"l": "Wheat", "v": 207.47306483103625}, {"l": "Oats", "v": 103.20484500266761}, {"l": "Sorghum", "v": 107.45287150580494}, {"l": "Millet", "v": 9.4736060308693943}]}, {"source": 4, "prod": 4140.0, "target": 1, "value": 16.036556338068284, "supply": [{"l": "Sunflower seed", "v": 0.59816143825022738}, {"l": "Coconuts - Incl Copra", "v": 0.057779393408041668}, {"l": "Cottonseed", "v": 9.767397420718229}, {"l": "Groundnuts", "v": 0.051335085173162792}, {"l": "Oilcrops, Other", "v": 0.77825305406750001}, {"l": "Soyabeans", "v": 3.5487160094183965}, {"l": "Rape and Mustardseed", "v": 1.2349139370327273}]}, {"source": 5, "prod": 160526.0, "target": 1, "value": 172.65551180590563, "supply": [{"l": "Roots, Other", "v": 0.3228886686739606}, {"l": "Plantains", "v": 2.5958276867033252}, {"l": "Fruits, Other", "v": 0.051929953975903109}, {"l": "Yams", "v": 1.7421548366689203}, {"l": "Tomatoes", "v": 0.10412723916631536}, {"l": "Vegetables, Other", "v": 1.9299468458846476}, {"l": "Peas", "v": 18.622978400562221}, {"l": "Dates", "v": 0.16036729598966665}, {"l": "Potatoes", "v": 61.168471959186078}, {"l": "Beans", "v": 0.99627941986377566}, {"l": "Pulses, Other", "v": 18.401142127304567}, {"l": "Bananas", "v": 0.45085495719163587}, {"l": "Sweet potatoes", "v": 31.12434662983123}, {"l": "Oranges, Mandarines", "v": 0.00033462969155236488}, {"l": "Cassava", "v": 34.86055689118232}, {"l": "Onions", "v": 0.0004924613292981439}, {"l": "Apples", "v": 0.12281180270018871}]}, {"source": 6, "prod": 30349.0, "target": 1, "value": 12.078000990968807, "supply": [{"l": "Sugar beet", "v": 4.8261859704596111}, {"l": "Sugar cane", "v": 7.2518150205091967}]}, {"source": 7, "prod": 588.0, "target": 1, "value": 2.4069205592062186, "supply": [{"l": "Sugar", "v": 0.45494868188873788}, {"l": "Sugar non-centrifugal", "v": 1.9181620101254895}, {"l": "Sweeteners, Other", "v": 0.033809867191991153}]}, {"source": 8, "prod": 37419.0, "target": 1, "value": 40.886926183270283, "supply": [{"l": "Crustaceans", "v": 0.0006632838528984375}, {"l": "Aquatic Products, Other", "v": 0.21036222182}, {"l": "Marine Fish, Other", "v": 0.42200459723232348}, {"l": "Demersal Fish", "v": 1.564305351339685}, {"l": "Freshwater Fish", "v": 0.0037456029340147056}, {"l": "Fish, Seafood", "v": 18.893597729656086}, {"l": "Cephalopods", "v": 0.0028300111056999999}, {"l": "Pelagic Fish", "v": 19.551161830229578}, {"l": "Molluscs, Other", "v": 0.027893333280000002}, {"l": "Aquatic Plants", "v": 0.21036222182}]}, {"source": 9, "prod": 24.0, "target": 1, "value": 0.23550243171051258, "supply": [{"l": "Soyabean Oil", "v": 0.23550243171051258}]}, {"source": 0, "prod": 156191.0, "target": 10, "value": 236.44325213737343, "supply": [{"l": "Beverages, Alcoholic", "v": 45.144956223055779}, {"l": "Butter, Ghee", "v": 53.9371816635363}, {"l": "Fats, Animals, Raw", "v": 57.226614750699149}, {"l": "Wine", "v": 22.580080652365755}, {"l": "Fish, Body Oil", "v": 0.066246666539999999}, {"l": "Cream", "v": 5.176308005487277}, {"l": "Beer", "v": 41.693468687014459}, {"l": "Beverages, Fermented", "v": 10.43495012593025}, {"l": "Fish, Liver Oil", "v": 0.18344536274448217}]}, {"source": 2, "prod": 458826.0, "target": 10, "value": 488.21631864172247, "supply": [{"l": "Eggs", "v": 34.766849077840924}, {"l": "Pigmeat", "v": 109.43272358041479}, {"l": "Offals, Edible", "v": 8.6974602674609667}, {"l": "Milk - Excluding Butter", "v": 199.80790236932248}, {"l": "Meat, Other", "v": 5.2150029650286749}, {"l": "Mutton & Goat Meat", "v": 15.608142142131038}, {"l": "Bovine Meat", "v": 83.41768345025767}, {"l": "Poultry Meat", "v": 31.270554789265866}]}, {"source": 3, "prod": 557131.0, "target": 10, "value": 2055.417636630023, "supply": [{"l": "Maize", "v": 177.25796507576851}, {"l": "Barley", "v": 33.018820119896802}, {"l": "Cereals, Other", "v": 13.959231922515658}, {"l": "Sorghum", "v": 86.841824903631149}, {"l": "Rye", "v": 36.435066418181705}, {"l": "Rice", "v": 844.37850620249071}, {"l": "Wheat", "v": 778.45681486711055}, {"l": "Oats", "v": 6.9148055970349853}, {"l": "Millet", "v": 78.154601523392913}]}, {"source": 4, "prod": 19081.0, "target": 10, "value": 66.745798833320606, "supply": [{"l": "Sunflower seed", "v": 1.694147557366773}, {"l": "Coconuts - Incl Copra", "v": 12.156784373051966}, {"l": "Sesame seed", "v": 3.4172384101327502}, {"l": "Olives", "v": 1.7717359001211321}, {"l": "Groundnuts", "v": 22.465516648905368}, {"l": "Oilcrops, Other", "v": 1.7074400337723334}, {"l": "Soyabeans", "v": 22.610609563248964}, {"l": "Rape and Mustardseed", "v": 0.89531260434872739}, {"l": "Palm kernels", "v": 0.027013742372590913}]}, {"source": 5, "prod": 763549.0, "target": 10, "value": 606.63713477627846, "supply": [{"l": "Roots, Other", "v": 5.2193649703352953}, {"l": "Plantains", "v": 12.150298930934738}, {"l": "Nuts", "v": 10.405537463250203}, {"l": "Infant food", "v": 0.15225111082000001}, {"l": "Tomatoes", "v": 8.6831904558520137}, {"l": "Pepper", "v": 0.15225111082000001}, {"l": "Treenuts", "v": 10.396952036300327}, {"l": "Vegetables, Other", "v": 55.596899732536279}, {"l": "Peas", "v": 15.676304603004908}, {"l": "Grapes", "v": 8.699425552951034}, {"l": "Pimento", "v": 3.4623417121298439}, {"l": "Pulses, Other", "v": 59.127288019722144}, {"l": "Pineapples", "v": 1.7324189286401981}, {"l": "Citrus, Other", "v": 2.49064221746}, {"l": "Tea", "v": 2.1001355515400002}, {"l": "Grapefruit", "v": 4.4117955471200005}, {"l": "Fruits, Other", "v": 27.791780220390997}, {"l": "Yams", "v": 6.9708833555602414}, {"l": "Coffee", "v": 1.7404568300055001}, {"l": "Cloves", "v": 0.035607869997705592}, {"l": "Dates", "v": 3.5129871192089333}, {"l": "Cocoa Beans", "v": 3.5176273175984591}, {"l": "Potatoes", "v": 92.102677385371337}, {"l": "Beans", "v": 40.006596384049772}, {"l": "Apples", "v": 13.89001488539134}, {"l": "Lemons, Limes", "v": 4.6023999912000004}, {"l": "Bananas", "v": 17.362545484139826}, {"l": "Spices, Other", "v": 3.5032558529507374}, {"l": "Sweet potatoes", "v": 111.22290177373128}, {"l": "Oranges, Mandarines", "v": 12.169477992684852}, {"l": "Cassava", "v": 59.057404524480326}, {"l": "Onions", "v": 8.6934198461001344}]}, {"source": 6, "prod": 13145.0, "target": 10, "value": 5.2313197478099767, "supply": [{"l": "Sugar cane", "v": 5.2157989056521536}, {"l": "Sugar beet", "v": 0.015520842157823438}]}, {"source": 7, "prod": 95210.0, "target": 10, "value": 388.59960781004651, "supply": [{"l": "Sugar", "v": 319.0829714749562}, {"l": "Sweeteners, Other", "v": 17.408324951965223}, {"l": "Honey", "v": 3.3960133268399999}, {"l": "Sugar non-centrifugal", "v": 48.712298056285135}]}, {"source": 8, "prod": 98581.0, "target": 10, "value": 98.078913172520302, "supply": [{"l": "Crustaceans", "v": 1.746426384681586}, {"l": "Aquatic Products, Other", "v": 1.6759244412400001}, {"l": "Marine Fish, Other", "v": 5.2205381338089412}, {"l": "Pelagic Fish", "v": 13.905590739369323}, {"l": "Fish, Seafood", "v": 48.790105622470044}, {"l": "Aquatic Animals, Others", "v": 0.24987777730000002}, {"l": "Demersal Fish", "v": 13.887109614742046}, {"l": "Aquatic Plants", "v": 1.4295333306}, {"l": "Freshwater Fish", "v": 5.2011442341728209}, {"l": "Cephalopods", "v": 1.7305517911355499}, {"l": "Molluscs, Other", "v": 4.242111103}]}, {"source": 9, "prod": 27182.0, "target": 10, "value": 271.50028490393004, "supply": [{"l": "Ricebran Oil", "v": 1.7546068855340002}, {"l": "Sunflowerseed Oil", "v": 34.927602181278836}, {"l": "Rape and Mustard Oil", "v": 21.055282626408001}, {"l": "Palmkernel Oil", "v": 1.7546068855340002}, {"l": "Oilcrops Oil, Other", "v": 10.642072197043174}, {"l": "Maize Germ Oil", "v": 6.9505072755992003}, {"l": "Groundnut Oil", "v": 29.587766110093504}, {"l": "Soyabean Oil", "v": 79.835324349863754}, {"l": "Palm Oil", "v": 22.480714535963212}, {"l": "Coconut Oil", "v": 20.738539075731584}, {"l": "Olive Oil", "v": 15.777694348210705}, {"l": "Sesameseed Oil", "v": 5.0477107176212739}, {"l": "Cottonseed Oil", "v": 20.947857715048777}]}, {"source": 0, "prod": 2784.0, "target": 11, "value": 3.7895336311764378, "supply": [{"l": "Fats, Animals, Raw", "v": 1.7927614995483483}, {"l": "Wine", "v": 1.9967721316280893}]}, {"source": 2, "prod": 169.0, "target": 11, "value": 0.27114283095423075, "supply": [{"l": "Meat, Other", "v": 0.0031837624939125004}, {"l": "Pigmeat", "v": 0.0052696758519931034}, {"l": "Poultry Meat", "v": 0.048056792360943401}, {"l": "Milk - Excluding Butter", "v": 0.014066656380001964}, {"l": "Bovine Meat", "v": 0.2005659438673798}]}, {"source": 3, "prod": 33575.0, "target": 11, "value": 110.31760549880529, "supply": [{"l": "Maize", "v": 45.518915117863706}, {"l": "Rye", "v": 1.6188547903074533}, {"l": "Barley", "v": 44.348692399445689}, {"l": "Cereals, Other", "v": 0.20376079961040003}, {"l": "Rice", "v": 7.8803528113474988}, {"l": "Wheat", "v": 4.8661412892161664}, {"l": "Oats", "v": 0.38923537361473848}, {"l": "Sorghum", "v": 4.2840594539045576}, {"l": "Millet", "v": 1.2075934634950924}]}, {"source": 4, "prod": 147214.22807017545, "target": 11, "value": 534.44172557110744, "supply": [{"l": "Olives", "v": 15.179285883257212}, {"l": "Sunflower seed", "v": 32.775387710059228}, {"l": "Coconuts - Incl Copra", "v": 39.786890300777493}, {"l": "Sesame seed", "v": 7.3014286527060008}, {"l": "Cottonseed", "v": 62.131607456959102}, {"l": "Groundnuts", "v": 44.289344733146201}, {"l": "Oilcrops, Other", "v": 28.653862445212503}, {"l": "Soyabeans", "v": 207.32779277487606}, {"l": "Rape and Mustardseed", "v": 28.271810945943002}, {"l": "Palm kernels", "v": 4.3221987796145456}, {"l": "Oil Palm", "v": 64.402115888556111}]}, {"source": 5, "prod": 65437.0, "target": 11, "value": 47.901371836242213, "supply": [{"l": "Vegetables, Other", "v": 0.036076427646062739}, {"l": "Plantains", "v": 2.836732382076038}, {"l": "Nuts", "v": 0.0057236179665842704}, {"l": "Citrus, Other", "v": 0.046488888800000003}, {"l": "Treenuts", "v": 0.0057236179665842704}, {"l": "Cocoa Beans", "v": 0.01835682879372973}, {"l": "Peas", "v": 0.016257510607212766}, {"l": "Grapes", "v": 32.496531565250102}, {"l": "Potatoes", "v": 9.1077131559556364}, {"l": "Apples", "v": 1.5426230347862833}, {"l": "Lemons, Limes", "v": 0.023244444400000001}, {"l": "Bananas", "v": 0.017094026812953019}, {"l": "Fruits, Other", "v": 0.79077494272216808}, {"l": "Sweet potatoes", "v": 0.54405519623865317}, {"l": "Oranges, Mandarines", "v": 0.002677037532418919}, {"l": "Cassava", "v": 0.41129915868778355}]}, {"source": 6, "prod": 891281.0, "target": 11, "value": 354.70337741710335, "supply": [{"l": "Sugar beet", "v": 111.8025956174783}, {"l": "Sugar cane", "v": 242.90078179962507}]}, {"source": 7, "prod": 1399.0, "target": 11, "value": 5.45910758451764, "supply": [{"l": "Sugar", "v": 2.041121113338662}, {"l": "Sugar non-centrifugal", "v": 0.36068003609197241}, {"l": "Sweeteners, Other", "v": 3.0128348319974338}, {"l": "Honey", "v": 0.044471603089571439}]}, {"source": 9, "prod": 72.0, "target": 11, "value": 0.79732486804069569, "supply": [{"l": "Oilcrops Oil, Other", "v": 0.79732486804069569}]}, {"source": 0, "prod": 13244.0, "target": 12, "value": 66.134663207616882, "supply": [{"l": "Beverages, Alcoholic", "v": 3.4456269590368032}, {"l": "Butter, Ghee", "v": 0.2716810661472}, {"l": "Wine", "v": 0.40650518678142888}, {"l": "Fish, Body Oil", "v": 0.54856888784000002}, {"l": "Alcohol, Non-Food", "v": 2.7524178049319481}, {"l": "Beer", "v": 0.092477644853604477}, {"l": "Fats, Animals, Raw", "v": 58.577439694544871}, {"l": "Beverages, Fermented", "v": 0.0065922611638658838}, {"l": "Fish, Liver Oil", "v": 0.033353702317178574}]}, {"source": 2, "prod": 10255.0, "target": 12, "value": 8.0163150183294416, "supply": [{"l": "Eggs", "v": 0.10734524883689657}, {"l": "Pigmeat", "v": 0.50852371971733445}, {"l": "Offals, Edible", "v": 1.296418439756037}, {"l": "Milk - Excluding Butter", "v": 5.512850514017134}, {"l": "Mutton & Goat Meat", "v": 0.29444733383190763}, {"l": "Bovine Meat", "v": 0.11891963043464111}, {"l": "Poultry Meat", "v": 0.17781013173549057}]}, {"source": 3, "prod": 14264.0, "target": 12, "value": 50.265989455310454, "supply": [{"l": "Maize", "v": 33.243158618070211}, {"l": "Barley", "v": 0.90040662433898733}, {"l": "Cereals, Other", "v": 0.0032342984065142858}, {"l": "Sorghum", "v": 0.30879301780422241}, {"l": "Rye", "v": 0.173338180224125}, {"l": "Rice", "v": 4.4548646518594532}, {"l": "Wheat", "v": 11.182194064606946}]}, {"source": 4, "prod": 2268.0, "target": 12, "value": 7.9896967271514914, "supply": [{"l": "Sunflower seed", "v": 1.5475015273441364}, {"l": "Coconuts - Incl Copra", "v": 0.71316279863639986}, {"l": "Sesame seed", "v": 0.0424501665855}, {"l": "Cottonseed", "v": 4.2874668251354997}, {"l": "Groundnuts", "v": 0.10267017034632558}, {"l": "Rape and Mustardseed", "v": 0.28171474188559098}, {"l": "Oilcrops, Other", "v": 0.72165283195350016}, {"l": "Soyabeans", "v": 0.030658453645083336}, {"l": "Palm kernels", "v": 0.26241921161945458}]}, {"source": 5, "prod": 14228.0, "target": 12, "value": 12.846181454135079, "supply": [{"l": "Roots, Other", "v": 0.2697423971220354}, {"l": "Nuts", "v": 0.057236179665842705}, {"l": "Tomatoes", "v": 0.012655122883752614}, {"l": "Treenuts", "v": 0.05437437068255057}, {"l": "Vegetables, Other", "v": 0.44854078152073285}, {"l": "Grapes", "v": 0.058601240067525255}, {"l": "Pulses, Other", "v": 0.17689540170447912}, {"l": "Pineapples", "v": 0.00025118441766568047}, {"l": "Citrus, Other", "v": 0.013946666640000001}, {"l": "Tea", "v": 0.0081355555400000005}, {"l": "Grapefruit", "v": 0.0011622222200000001}, {"l": "Fruits, Other", "v": 0.027764529848502653}, {"l": "Yams", "v": 2.5979501950325998}, {"l": "Coffee", "v": 0.0011171096469868424}, {"l": "Cocoa Beans", "v": 0.0022946035992162162}, {"l": "Cloves", "v": 0.096141248993805106}, {"l": "Dates", "v": 0.043393503620733326}, {"l": "Potatoes", "v": 4.4355243673068596}, {"l": "Beans", "v": 0.33873500275368373}, {"l": "Apples", "v": 0.0074755010339245297}, {"l": "Lemons, Limes", "v": 0.025568888840000002}, {"l": "Bananas", "v": 0.012820520109714769}, {"l": "Spices, Other", "v": 0.013405315763842109}, {"l": "Sweet potatoes", "v": 0.43316496515816333}, {"l": "Oranges, Mandarines", "v": 0.013050557970542229}, {"l": "Cassava", "v": 3.6952490993333238}, {"l": "Onions", "v": 0.0009849226585962878}]}, {"source": 6, "prod": 16797.0, "target": 12, "value": 6.6847073262810337, "supply": [{"l": "Sugar cane", "v": 6.2660425583315398}, {"l": "Sugar beet", "v": 0.41866476794949375}]}, {"source": 7, "prod": 2433.0, "target": 12, "value": 9.4812349913923484, "supply": [{"l": "Sugar", "v": 4.0904395002248695}, {"l": "Sweeteners, Other", "v": 5.390795491167478}]}, {"source": 8, "prod": 4589.0, "target": 12, "value": 5.0553166198821158, "supply": [{"l": "Crustaceans", "v": 0.001326567705796875}, {"l": "Marine Fish, Other", "v": 0.27467754849441173}, {"l": "Fish, Seafood", "v": 0.78213457786302987}, {"l": "Aquatic Animals, Others", "v": 0.02208222218}, {"l": "Demersal Fish", "v": 0.048132472348913387}, {"l": "Aquatic Products, Other", "v": 1.7747133299400002}, {"l": "Freshwater Fish", "v": 0.094389193937170587}, {"l": "Cephalopods", "v": 0.019810077739900001}, {"l": "Pelagic Fish", "v": 0.11922174445289363}, {"l": "Molluscs, Other", "v": 0.16503555523999999}, {"l": "Aquatic Plants", "v": 1.7537933299800001}]}, {"source": 9, "prod": 6709.0, "target": 12, "value": 67.880988967430284, "supply": [{"l": "Ricebran Oil", "v": 0.23347591622024999}, {"l": "Sunflowerseed Oil", "v": 1.7177509269481397}, {"l": "Rape and Mustard Oil", "v": 4.6745124616503535}, {"l": "Sesameseed Oil", "v": 0.40520613558886365}, {"l": "Palmkernel Oil", "v": 2.1578834680962502}, {"l": "Maize Germ Oil", "v": 0.36224142152959998}, {"l": "Groundnut Oil", "v": 1.9515118835925633}, {"l": "Soyabean Oil", "v": 6.4370664667540094}, {"l": "Palm Oil", "v": 9.3814868153954993}, {"l": "Coconut Oil", "v": 10.922754402192117}, {"l": "Olive Oil", "v": 1.1255030654155542}, {"l": "Oilcrops Oil, Other", "v": 20.641854917053564}, {"l": "Cottonseed Oil", "v": 7.8697410869935114}]}, {"source": 2, "prod": 1239.0, "target": 2, "value": 2.0151630804381035, "supply": [{"l": "Eggs", "v": 2.0151630804381035}]}, {"source": 3, "prod": 72500.0, "target": 3, "value": 245.13902985654767, "supply": [{"l": "Maize", "v": 22.709972793312186}, {"l": "Oats", "v": 12.264832745779847}, {"l": "Rye", "v": 8.1376084965932982}, {"l": "Barley", "v": 34.646591053148065}, {"l": "Rice", "v": 49.622002088139325}, {"l": "Sorghum", "v": 3.3718777806208196}, {"l": "Cereals, Other", "v": 2.3642721351619427}, {"l": "Wheat", "v": 109.03466788040961}, {"l": "Millet", "v": 2.987204883382597}]}, {"source": 4, "prod": 6345.0, "target": 4, "value": 27.046142160588822, "supply": [{"l": "Soyabeans", "v": 10.569501894142482}, {"l": "Sunflower seed", "v": 1.8716664358152275}, {"l": "Coconuts - Incl Copra", "v": 0.18984657834070834}, {"l": "Sesame seed", "v": 0.33252630491975005}, {"l": "Cottonseed", "v": 5.5764082469134095}, {"l": "Rape and Mustardseed", "v": 0.76024389248577284}, {"l": "Groundnuts", "v": 6.1281257925463084}, {"l": "Oilcrops, Other", "v": 1.6178230154251667}]}, {"source": 5, "prod": 43178.0, "target": 5, "value": 44.973399682300915, "supply": [{"l": "Vegetables, Other", "v": 0.007953858063698872}, {"l": "Potatoes", "v": 29.492563330167822}, {"l": "Yams", "v": 0.90899956715084018}, {"l": "Beans", "v": 4.0887307391209351}, {"l": "Roots, Other", "v": 0.16244709417758268}, {"l": "Peas", "v": 3.1417639248438674}, {"l": "Sweet potatoes", "v": 0.72656203489195936}, {"l": "Onions", "v": 0.011819071903155454}, {"l": "Pulses, Other", "v": 6.432560061981059}]}, {"source": 6, "prod": 13374.0, "target": 6, "value": 5.3224549491982227, "supply": [{"l": "Sugar cane", "v": 5.3224549491982227}]}, {"source": 8, "prod": 208.0, "target": 8, "value": 0.22774877048092135, "supply": [{"l": "Freshwater Fish", "v": 0.011236808802044118}, {"l": "Fish, Seafood", "v": 0.10605214615091932}, {"l": "Molluscs, Other", "v": 0.011622222200000001}, {"l": "Cephalopods", "v": 0.0424501665855}, {"l": "Pelagic Fish", "v": 0.049374661844127664}, {"l": "Marine Fish, Other", "v": 0.0016647124151176471}, {"l": "Demersal Fish", "v": 0.0053480524832125982}]}, {"source": 0, "prod": 1036.0, "target": 13, "value": 1.037685438730551, "supply": [{"l": "Beer", "v": 0.026348379259965519}, {"l": "Fats, Animals, Raw", "v": 0.35021387433037504}, {"l": "Butter, Ghee", "v": 0.0084900333171}, {"l": "Wine", "v": 0.15311954454290916}, {"l": "Beverages, Fermented", "v": 0.4231033074263012}, {"l": "Cream", "v": 0.076410299853900007}]}, {"source": 2, "prod": 11073.0, "target": 13, "value": 8.581709453032154, "supply": [{"l": "Mutton & Goat Meat", "v": 0.046235531758729305}, {"l": "Pigmeat", "v": 0.46109663704939657}, {"l": "Meat, Other", "v": 0.015918812469562501}, {"l": "Milk - Excluding Butter", "v": 6.2232166612072319}, {"l": "Poultry Meat", "v": 0.046454899282245291}, {"l": "Offals, Edible", "v": 0.10974332838865059}, {"l": "Bovine Meat", "v": 0.31771065444478747}, {"l": "Eggs", "v": 1.3613329284315518}]}, {"source": 3, "prod": 60422.0, "target": 13, "value": 213.61480320705425, "supply": [{"l": "Maize", "v": 55.433541372375878}, {"l": "Rye", "v": 4.1477350267915627}, {"l": "Barley", "v": 13.338922890859003}, {"l": "Cereals, Other", "v": 1.3034222578252572}, {"l": "Rice", "v": 50.889259702697402}, {"l": "Wheat", "v": 69.066103304902114}, {"l": "Oats", "v": 3.283683655259908}, {"l": "Sorghum", "v": 9.1502114930952345}, {"l": "Millet", "v": 7.0019235032478608}]}, {"source": 4, "prod": 4693.0, "target": 13, "value": 16.899675020643684, "supply": [{"l": "Olives", "v": 0.12288206116855266}, {"l": "Sunflower seed", "v": 0.69849819563413651}, {"l": "Coconuts - Incl Copra", "v": 1.9975161721065833}, {"l": "Sesame seed", "v": 0.31837624939125003}, {"l": "Cottonseed", "v": 1.6362609665683638}, {"l": "Groundnuts", "v": 3.0929388816830592}, {"l": "Oilcrops, Other", "v": 1.2169047754510003}, {"l": "Soyabeans", "v": 6.9441397506113764}, {"l": "Rape and Mustardseed", "v": 0.82198958933740929}, {"l": "Palm kernels", "v": 0.050168378691954549}]}, {"source": 5, "prod": 98345.0, "target": 13, "value": 73.250236375647532, "supply": [{"l": "Roots, Other", "v": 0.79719407327887792}, {"l": "Plantains", "v": 4.9889558279608881}, {"l": "Nuts", "v": 0.3977914486776068}, {"l": "Yams", "v": 1.4750017882908404}, {"l": "Grapefruit", "v": 0.3021777772}, {"l": "Cocoa Beans", "v": 0.045892071984324323}, {"l": "Tomatoes", "v": 0.91072480823075841}, {"l": "Coffee", "v": 0.030161960468644743}, {"l": "Treenuts", "v": 0.38920602172773028}, {"l": "Apples", "v": 1.4908284919083774}, {"l": "Vegetables, Other", "v": 5.9960727145912776}, {"l": "Peas", "v": 1.7761330338379946}, {"l": "Grapes", "v": 1.162019711582879}, {"l": "Cloves", "v": 0.00712157399954112}, {"l": "Dates", "v": 0.26224769579486668}, {"l": "Potatoes", "v": 19.260307466267257}, {"l": "Pimento", "v": 0.20429142669271877}, {"l": "Pepper", "v": 0.0046488888800000003}, {"l": "Beans", "v": 1.9925588397275513}, {"l": "Pulses, Other", "v": 3.4454399831986047}, {"l": "Lemons, Limes", "v": 0.47186222132000005}, {"l": "Pineapples", "v": 0.17909448979563017}, {"l": "Bananas", "v": 3.6217969309944213}, {"l": "Citrus, Other", "v": 0.36842444374000005}, {"l": "Spices, Other", "v": 0.040215947291526319}, {"l": "Tea", "v": 0.026731111060000003}, {"l": "Fruits, Other", "v": 3.1800669835738686}, {"l": "Sweet potatoes", "v": 8.58475205614792}, {"l": "Oranges, Mandarines", "v": 1.1330561355963074}, {"l": "Onions", "v": 0.76233013775352676}, {"l": "Cassava", "v": 9.9431303140735956}]}, {"source": 6, "prod": 8871.0, "target": 13, "value": 3.5303946354372231, "supply": [{"l": "Sugar beet", "v": 0.32792753687298748}, {"l": "Sugar cane", "v": 3.2024670985642358}]}, {"source": 7, "prod": 253.0, "target": 13, "value": 1.0369551037644207, "supply": [{"l": "Sugar", "v": 0.9672782786102897}, {"l": "Sugar non-centrifugal", "v": 0.069676825154131039}]}, {"source": 9, "prod": 47.0, "target": 13, "value": 0.45663903349839952, "supply": [{"l": "Maize Germ Oil", "v": 0.011320044422799999}, {"l": "Soyabean Oil", "v": 0.088313411891442206}, {"l": "Palm Oil", "v": 0.33885659291934211}, {"l": "Oilcrops Oil, Other", "v": 0.011073956500565219}, {"l": "Palmkernel Oil", "v": 0.0070750277642500003}]}, {"source": 14, "prod": 8765.0, "target": 5, "value": 7.1696008413488785, "supply": [{"l": "Tomatoes", "v": 0.037299309552112969}, {"l": "Grapes", "v": 0.11219993525123739}, {"l": "Pimento", "v": 0.0079594062347812505}, {"l": "Pulses, Other", "v": 0.67943915654674925}, {"l": "Pineapples", "v": 0.013312774136281064}, {"l": "Tea", "v": 0.016271111080000001}, {"l": "Coffee", "v": 0.44609911903007898}, {"l": "Dates", "v": 0.18489405890573329}, {"l": "Cocoa Beans", "v": 0.42909087305343241}, {"l": "Potatoes", "v": 5.0704965565935085}, {"l": "Beans", "v": 0.083687471268557162}, {"l": "Lemons, Limes", "v": 0.033704444380000004}, {"l": "Bananas", "v": 0.0021367533516191274}, {"l": "Spices, Other", "v": 0.017873754351789478}, {"l": "Oranges, Mandarines", "v": 0.035136117612998306}]}, {"source": 14, "prod": 9345.0, "target": 4, "value": 36.327305234489195, "supply": [{"l": "Coconuts - Incl Copra", "v": 0.32026292346171664}, {"l": "Sesame seed", "v": 0.014150055528500001}, {"l": "Olives", "v": 0.0044684385879473695}, {"l": "Groundnuts", "v": 1.3988810709686863}, {"l": "Oilcrops, Other", "v": 1.9008241259951668}, {"l": "Soyabeans", "v": 30.604801351204447}, {"l": "Rape and Mustardseed", "v": 2.0839172687427276}]}, {"source": 2, "prod": 4048.0, "target": 15, "value": 2.6778243363402794, "supply": [{"l": "Offals, Edible", "v": 0.0060298532081676133}, {"l": "Milk - Excluding Butter", "v": 2.5345557222876267}, {"l": "Meat, Other", "v": 0.0015918812469562502}, {"l": "Mutton & Goat Meat", "v": 0.014600694239598729}, {"l": "Bovine Meat", "v": 0.058572355288703831}, {"l": "Poultry Meat", "v": 0.06247383006922641}]}, {"source": 0, "prod": 203.0, "target": 15, "value": 0.99692031291001915, "supply": [{"l": "Beverages, Alcoholic", "v": 0.48631972094513443}, {"l": "Butter, Ghee", "v": 0.50940199902600003}, {"l": "Beverages, Fermented", "v": 0.0011985929388847059}]}, {"source": 8, "prod": 1566.0, "target": 15, "value": 1.7162015918925264, "supply": [{"l": "Crustaceans", "v": 0.012602393205070313}, {"l": "Marine Fish, Other", "v": 0.0049941372453529403}, {"l": "Fish, Seafood", "v": 0.79743056048095085}, {"l": "Demersal Fish", "v": 0.040110393624094486}, {"l": "Cephalopods", "v": 0.0084900333171}, {"l": "Pelagic Fish", "v": 0.8514118517999576}, {"l": "Molluscs, Other", "v": 0.0011622222200000001}]}, {"source": 3, "prod": 91214.0, "target": 15, "value": 300.71369494652532, "supply": [{"l": "Maize", "v": 43.277962160515855}, {"l": "Barley", "v": 31.87791400632069}, {"l": "Cereals, Other", "v": 0.29432115499280004}, {"l": "Sorghum", "v": 9.1182673878051421}, {"l": "Rye", "v": 6.9706711047273133}, {"l": "Wheat", "v": 209.17455913216352}]}, {"source": 14, "prod": 1395.0, "target": 1, "value": 3.6606840103959915, "supply": [{"l": "Eggs", "v": 0.016264431641954024}, {"l": "Pigmeat", "v": 3.641346013727234}, {"l": "Aquatic Animals, Others", "v": 0.0011622222200000001}, {"l": "Aquatic Products, Other", "v": 0.0011622222200000001}, {"l": "Freshwater Fish", "v": 0.00074912058680294113}]}, {"source": 5, "prod": 1393.0, "target": 15, "value": 3.0794661354300112, "supply": [{"l": "Nuts", "v": 0.14309044916460675}, {"l": "Pepper", "v": 0.012784444420000001}, {"l": "Treenuts", "v": 0.14309044916460675}, {"l": "Vegetables, Other", "v": 0.060222068196577168}, {"l": "Peas", "v": 2.4061115698674893}, {"l": "Grapefruit", "v": 0.0081355555400000005}, {"l": "Fruits, Other", "v": 0.10643069775259349}, {"l": "Cloves", "v": 0.024925508998393915}, {"l": "Apples", "v": 0.085968261890132083}, {"l": "Sweet potatoes", "v": 0.010395959163795921}, {"l": "Cassava", "v": 0.065507176710064743}, {"l": "Onions", "v": 0.01280399456175174}]}, {"source": 9, "prod": 607.0, "target": 15, "value": 5.9807467220130786, "supply": [{"l": "Rape and Mustard Oil", "v": 1.4283232521709415}, {"l": "Soyabean Oil", "v": 4.1801681628615981}, {"l": "Coconut Oil", "v": 0.37225530698053855}]}, {"source": 4, "prod": 455.0, "target": 15, "value": 1.7558932542184091, "supply": [{"l": "Sunflower seed", "v": 1.0496768464778183}, {"l": "Cottonseed", "v": 0.68306177142122737}, {"l": "Palm kernels", "v": 0.023154636319363639}]}, {"source": 14, "prod": 2233.0, "target": 11, "value": 15.274660198486393, "supply": [{"l": "Fats, Animals, Raw", "v": 1.667685115858929}, {"l": "Sunflowerseed Oil", "v": 3.1097215056819767}, {"l": "Sesameseed Oil", "v": 0.21996904503395459}, {"l": "Wine", "v": 0.453140581058457}, {"l": "Sweeteners, Other", "v": 0.05634977865331859}, {"l": "Fish, Body Oil", "v": 0.0092977777600000006}, {"l": "Honey", "v": 0.060643095122142866}, {"l": "Palmkernel Oil", "v": 0.21225083292749999}, {"l": "Alcohol, Non-Food", "v": 0.020648295610892337}, {"l": "Oilcrops Oil, Other", "v": 1.6389455620836524}, {"l": "Beer", "v": 0.053213393407381335}, {"l": "Groundnut Oil", "v": 1.9210195104114296}, {"l": "Palm Oil", "v": 1.8879153034077631}, {"l": "Olive Oil", "v": 2.3129604280099461}, {"l": "Cottonseed Oil", "v": 1.6425615478797553}, {"l": "Fish, Liver Oil", "v": 0.0083384255792946435}]}, {"source": 6, "prod": 1176.0, "target": 15, "value": 0.46801308660513757, "supply": [{"l": "Sugar cane", "v": 0.00039797031173906256}, {"l": "Sugar beet", "v": 0.46761511629339853}]}, {"source": 7, "prod": 2155.0, "target": 15, "value": 8.8325622474795509, "supply": [{"l": "Sugar", "v": 8.8325622474795509}]}, {"source": 14, "prod": 5231.0, "target": 3, "value": 19.270981233481468, "supply": [{"l": "Rice", "v": 13.04021060714199}, {"l": "Oats", "v": 4.5323716323595384}, {"l": "Millet", "v": 1.69839899397994}]}, {"source": 1, "prod": 142155.0, "target": 8, "value": 145.73735756756523, "supply": [{"l": "Pelagic Fish", "v": 34.476760827695884}, {"l": "Crustaceans", "v": 1.7610186294453516}, {"l": "Freshwater Fish", "v": 5.310515839846051}, {"l": "Molluscs, Other", "v": 4.4478244359399994}, {"l": "Aquatic Plants", "v": 3.3936888824000002}, {"l": "Aquatic Animals, Others", "v": 0.27195999948000005}, {"l": "Demersal Fish", "v": 15.54500588453795}, {"l": "Aquatic Products, Other", "v": 3.6609999930000003}, {"l": "Fish, Seafood", "v": 69.369320636621026}, {"l": "Marine Fish, Other", "v": 5.9238791291961475}, {"l": "Cephalopods", "v": 1.8041320798837499}]}, {"source": 1, "prod": 580010.0, "target": 2, "value": 569.41372081144937, "supply": [{"l": "Poultry Meat", "v": 31.605350442713771}, {"l": "Pigmeat", "v": 110.4076136130335}, {"l": "Bovine Meat", "v": 84.113452034293175}, {"l": "Eggs", "v": 38.266954767189432}, {"l": "Milk - Excluding Butter", "v": 274.69814154298115}, {"l": "Offals, Edible", "v": 11.088900049820243}, {"l": "Meat, Other", "v": 5.2850457398947501}, {"l": "Mutton & Goat Meat", "v": 15.963425701961274}]}, {"source": 11, "prod": 175050.0, "target": 0, "value": 317.88961216919046, "supply": [{"l": "Fats, Animals, Raw", "v": 126.68569982622354}, {"l": "Alcohol, Non-Food", "v": 2.7524178049319481}, {"l": "Beverages, Fermented", "v": 10.8658442874593}, {"l": "Fish, Body Oil", "v": 1.22846888654}, {"l": "Beer", "v": 41.812294711128025}, {"l": "Beverages, Alcoholic", "v": 49.076902903037713}, {"l": "Fish, Liver Oil", "v": 0.25015276737883929}, {"l": "Cream", "v": 5.252718305341177}, {"l": "Butter, Ghee", "v": 54.828635161831798}, {"l": "Wine", "v": 25.136477515318184}]}, {"source": 11, "prod": 34641.0, "target": 9, "value": 346.85148692662295, "supply": [{"l": "Olive Oil", "v": 16.903197413626259}, {"l": "Ricebran Oil", "v": 1.9880828017542502}, {"l": "Sesameseed Oil", "v": 5.4529168532101373}, {"l": "Soyabean Oil", "v": 90.776374823081312}, {"l": "Coconut Oil", "v": 32.033548784904241}, {"l": "Cottonseed Oil", "v": 28.817598802042287}, {"l": "Rape and Mustard Oil", "v": 27.158118340229294}, {"l": "Maize Germ Oil", "v": 7.3240687415516001}, {"l": "Groundnut Oil", "v": 31.539277993686067}, {"l": "Palm Oil", "v": 32.201057944278055}, {"l": "Palmkernel Oil", "v": 3.9195653813945004}, {"l": "Oilcrops Oil, Other", "v": 32.092325938637998}, {"l": "Sunflowerseed Oil", "v": 36.645353108226978}]}, {"source": 11, "prod": 102038.0, "target": 7, "value": 415.81638829640667, "supply": [{"l": "Honey", "v": 3.4404849299295712}, {"l": "Sweeteners, Other", "v": 25.845765142322126}, {"l": "Sugar non-centrifugal", "v": 51.060816927656731}, {"l": "Sugar", "v": 335.46932129649832}]}, {"source": 5, "prod": 1143266.0, "target": 16, "value": 3148.0127703560397, "supply": [{"l": "Pulses, Other", "v": 75.665896521990007}, {"l": "Roots, Other", "v": 11.804981644095001}, {"l": "Beans", "v": 41.512253253959997}, {"l": "Onions", "v": 67.207243204829993}, {"l": "Vegetables, Other", "v": 786.08991849696019}, {"l": "Tomatoes", "v": 153.39764304003003}, {"l": "Peas", "v": 35.837703264809996}, {"l": "Yams", "v": 21.101306626320003}, {"l": "Potatoes", "v": 480.42692741473502}, {"l": "Sweet potatoes", "v": 230.33965955957999}, {"l": "Cassava", "v": 176.02785299676}]}, {"source": 6, "prod": 390058.60000000003, "target": 16, "value": 1360.004316066276, "supply": [{"l": "Sugar beet", "v": 413.04099254358005}, {"l": "Sugar cane", "v": 946.96332352269599}]}, {"source": 3, "prod": 2687285.0, "target": 16, "value": 9856.0524523875574, "supply": [{"l": "Sorghum", "v": 435.23711250114007}, {"l": "Wheat", "v": 2920.4389677493205}, {"l": "Oats", "v": 330.94742603387999}, {"l": "Maize", "v": 2446.5765619887002}, {"l": "Barley", "v": 1152.4026044632203}, {"l": "Cereals, Other", "v": 77.149473185819971}, {"l": "Rye", "v": 206.72097960473999}, {"l": "Rice", "v": 1606.9593369274203}, {"l": "Millet", "v": 193.23455296386001}]}, {"source": 4, "prod": 164040.5, "target": 16, "value": 531.06827630936687, "supply": [{"l": "Coconuts - Incl Copra", "v": 114.61021978086001}, {"l": "Sesame seed", "v": 5.6588599891799998}, {"l": "Groundnuts", "v": 40.984023254970012}, {"l": "Oilcrops, Other", "v": 24.819836619210005}, {"l": "Soyabeans", "v": 214.25740959033001}, {"l": "Palm kernels", "v": 4.3095199917600002}, {"l": "Sunflower seed", "v": 36.416489930369998}, {"l": "Cottonseed", "v": 76.004103188009992}, {"l": "Olives", "v": 26.625929949090001}, {"l": "Rape and Mustardseed", "v": 28.26814994595}]}, {"source": 17, "prod": 0, "target": 5, "value": 0.40958023420388034, "supply": "[{\"l\":'Energy for power irrigation',\"v\":0.40958023420388034}]"}, {"source": 17, "prod": 0, "target": 6, "value": 0.34935066017278066, "supply": "[{\"l\":'Energy for power irrigation',\"v\":0.34935066017278066}]"}, {"source": 17, "prod": 0, "target": 3, "value": 0.48136602491133934, "supply": "[{\"l\":'Energy for power irrigation',\"v\":0.48136602491133934}]"}, {"source": 17, "prod": 0, "target": 4, "value": 0.064203415088933444, "supply": "[{\"l\":'Energy for power irrigation',\"v\":0.064203415088933444}]"}, {"source": 17, "prod": 0, "target": 11, "value": 138.45800011076639, "supply": "[{\"l\":'Electricity',\"v\":138.45800011076639}]"}, {"source": 18, "prod": 0, "target": 17, "value": 252.33667876339504, "supply": [{"l": "Coal", "v": 133.76135941039203}, {"l": "Natural gas", "v": 33.25637075588164}, {"l": "Oil", "v": 85.318948597121363}]}, {"source": 19, "prod": 0, "target": 17, "value": 40.76327581396896, "supply": [{"l": "Nuclear", "v": 9.5769697662948925}, {"l": "Hydroelectric", "v": 30.725227926459048}, {"l": "Renewable", "v": 0.46107812121502101}]}, {"source": 18, "prod": 0, "target": 5, "value": 151.84644748902502, "supply": [{"l": "Motor Gasoline", "v": 20.496580344684808}, {"l": "Gas-Diesel oil", "v": 105.18339027612316}, {"l": "Natural gas (including LNG)", "v": 12.398952156392841}, {"l": "Fuel oil", "v": 9.3125972932408789}, {"l": "Liquefied petroleum gas (LPG)", "v": 0.86218352852286217}, {"l": "Coal", "v": 3.5927438900604693}]}, {"source": 18, "prod": 0, "target": 6, "value": 129.51713057709802, "supply": [{"l": "Motor Gasoline", "v": 17.482518141087187}, {"l": "Gas-Diesel oil", "v": 89.715967137915015}, {"l": "Natural gas (including LNG)", "v": 10.575662006019536}, {"l": "Fuel oil", "v": 7.9431616582784024}, {"l": "Liquefied petroleum gas (LPG)", "v": 0.73539775537514385}, {"l": "Coal", "v": 3.0644238784227391}]}, {"source": 18, "prod": 0, "target": 3, "value": 178.46007868708793, "supply": [{"l": "Motor Gasoline", "v": 24.088949077277864}, {"l": "Gas-Diesel oil", "v": 123.61853975285349}, {"l": "Natural gas (including LNG)", "v": 14.572076028497362}, {"l": "Fuel oil", "v": 10.944785822882343}, {"l": "Liquefied petroleum gas (LPG)", "v": 1.0132956212493678}, {"l": "Coal", "v": 4.2224323843275089}]}, {"source": 18, "prod": 0, "target": 4, "value": 23.802565855912206, "supply": [{"l": "Motor Gasoline", "v": 3.2129247113971351}, {"l": "Gas-Diesel oil", "v": 16.487936434446333}, {"l": "Natural gas (including LNG)", "v": 1.9435876184602614}, {"l": "Fuel oil", "v": 1.4597885826599726}, {"l": "Liquefied petroleum gas (LPG)", "v": 0.13515087482722615}, {"l": "Coal", "v": 0.56317763412128152}]}, {"source": 18, "prod": 0, "target": 1, "value": 4.5318022258476631, "supply": [{"l": "Gas-diesel oils used in fisheries", "v": 2.1720494461820836}, {"l": "Fuel oil used in fisheries", "v": 2.3597527796655799}]}, {"source": 20, "prod": 7235.224683408811, "target": 5, "value": 88.349511455676364, "supply": [{"l": "Potash", "v": 9.7387922516312422}, {"l": "Phosphate", "v": 24.243030872541446}, {"l": "Nitrogen", "v": 247.40862888332958}]}, {"source": 20, "prod": 6171.2707512859743, "target": 6, "value": 75.357543102578674, "supply": [{"l": "Potash", "v": 9.7387922516312422}, {"l": "Phosphate", "v": 24.243030872541446}, {"l": "Nitrogen", "v": 247.40862888332958}]}, {"source": 20, "prod": 8503.3188966322123, "target": 3, "value": 103.83424194026902, "supply": [{"l": "Potash", "v": 9.7387922516312422}, {"l": "Phosphate", "v": 24.243030872541446}, {"l": "Nitrogen", "v": 247.40862888332958}]}, {"source": 20, "prod": 1134.1517358949545, "target": 4, "value": 13.849155508978244, "supply": [{"l": "Potash", "v": 9.7387922516312422}, {"l": "Phosphate", "v": 24.243030872541446}, {"l": "Nitrogen", "v": 247.40862888332958}]}, {"source": 18, "prod": 0, "target": 20, "value": 340.57770353665092, "supply": [{"l": "Natural gas (including LNG)", "v": 229.61330297645486}, {"l": "Fuel oil", "v": 67.229683696828488}, {"l": "Liquefied petroleum gas (LPG)", "v": 21.867358431683783}, {"l": "Coal", "v": 21.867358431683783}]}, {"source": 21, "prod": 0, "target": 3, "value": 215.99745711544753, "supply": "[{\"l\":'Labor',\"v\":215.99745711544753}]"}, {"source": 21, "prod": 0, "target": 4, "value": 28.809208958798912, "supply": "[{\"l\":'Labor',\"v\":28.809208958798912}]"}, {"source": 21, "prod": 0, "target": 5, "value": 183.78590198400934, "supply": "[{\"l\":'Labor',\"v\":183.78590198400934}]"}, {"source": 21, "prod": 0, "target": 6, "value": 156.75982585771794, "supply": "[{\"l\":'Labor',\"v\":156.75982585771794}]"}]}