{"nodes": [{"layer": 5, "name": "Maize"}, {"layer": 10, "name": "Feed", "fill": "#dbdb8d"}, {"layer": 5, "name": "Vegetables, Other"}, {"layer": 5, "name": "Plantains"}, {"layer": 5, "name": "Rye"}, {"layer": 5, "name": "Fruits, Other"}, {"layer": 5, "name": "Yams"}, {"layer": 13, "name": "Sugar", "fill": "#d6616b"}, {"layer": 5, "name": "Barley"}, {"layer": 5, "name": "Rice"}, {"layer": 13, "name": "Butter, Ghee"}, {"layer": 5, "name": "Tomatoes"}, {"layer": 5, "name": "Sunflower seed"}, {"layer": 13, "name": "Fats, Animals, Raw"}, {"layer": 13, "name": "Sugar non-centrifugal"}, {"layer": 5, "name": "Wheat"}, {"layer": 13, "name": "Soyabean Oil"}, {"layer": 5, "name": "Coconuts - Incl Copra"}, {"layer": 13, "name": "Crustaceans"}, {"layer": 13, "name": "Eggs"}, {"layer": 5, "name": "Roots, Other"}, {"layer": 5, "name": "Peas"}, {"layer": 5, "name": "Soyabeans"}, {"layer": 13, "name": "Marine Fish, Other"}, {"layer": 5, "name": "Groundnuts"}, {"layer": 13, "name": "Aquatic Plants"}, {"layer": 5, "name": "Oilcrops, Other"}, {"layer": 5, "name": "Oats"}, {"layer": 5, "name": "Dates"}, {"layer": 5, "name": "Cereals, Other"}, {"layer": 5, "name": "Cottonseed"}, {"layer": 5, "name": "Potatoes"}, {"layer": 13, "name": "Freshwater Fish"}, {"layer": 5, "name": "Rape and Mustardseed"}, {"layer": 13, "name": "Rape and Mustard Oil"}, {"layer": 13, "name": "Milk - Excluding Butter"}, {"layer": 5, "name": "Beans"}, {"layer": 5, "name": "Apples"}, {"layer": 13, "name": "Fish, Seafood"}, {"layer": 5, "name": "Sugar beet"}, {"layer": 13, "name": "Meat, Other"}, {"layer": 5, "name": "Sorghum"}, {"layer": 13, "name": "Cephalopods"}, {"layer": 5, "name": "Sugar cane"}, {"layer": 13, "name": "Sweeteners, Other"}, {"layer": 13, "name": "Pelagic Fish"}, {"layer": 5, "name": "Bananas"}, {"layer": 13, "name": "Molluscs, Other"}, {"layer": 13, "name": "Fish, Body Oil"}, {"layer": 13, "name": "Fish, Liver Oil"}, {"layer": 5, "name": "Millet"}, {"layer": 13, "name": "Offals, Edible"}, {"layer": 5, "name": "Sweet potatoes"}, {"layer": 13, "name": "Demersal Fish"}, {"layer": 5, "name": "Oranges, Mandarines"}, {"layer": 5, "name": "Pulses, Other"}, {"layer": 5, "name": "Cassava"}, {"layer": 13, "name": "Aquatic Products, Other"}, {"layer": 13, "name": "Ricebran Oil"}, {"layer": 16, "name": "Food", "fill": "#b5cf6b"}, {"layer": 5, "name": "Nuts"}, {"layer": 13, "name": "Beverages, Alcoholic"}, {"layer": 5, "name": "Cloves"}, {"layer": 5, "name": "Treenuts"}, {"layer": 5, "name": "Sesame seed"}, {"layer": 13, "name": "Pigmeat"}, {"layer": 13, "name": "Wine"}, {"layer": 13, "name": "Honey"}, {"layer": 13, "name": "Oilcrops Oil, Other"}, {"layer": 13, "name": "Maize Germ Oil"}, {"layer": 13, "name": "Beer"}, {"layer": 13, "name": "Groundnut Oil"}, {"layer": 5, "name": "Coffee"}, {"layer": 5, "name": "Pimento"}, {"layer": 13, "name": "Palm Oil"}, {"layer": 13, "name": "Mutton & Goat Meat"}, {"layer": 13, "name": "Sesameseed Oil"}, {"layer": 13, "name": "Beverages, Fermented"}, {"layer": 13, "name": "Bovine Meat"}, {"layer": 13, "name": "Cottonseed Oil"}, {"layer": 5, "name": "Palm kernels"}, {"layer": 5, "name": "Onions"}, {"layer": 5, "name": "Infant food"}, {"layer": 5, "name": "Pepper"}, {"layer": 5, "name": "Grapes"}, {"layer": 13, "name": "Sunflowerseed Oil"}, {"layer": 5, "name": "Pineapples"}, {"layer": 5, "name": "Tea"}, {"layer": 13, "name": "Aquatic Animals, Others"}, {"layer": 5, "name": "Grapefruit"}, {"layer": 13, "name": "Palmkernel Oil"}, {"layer": 13, "name": "Cream"}, {"layer": 5, "name": "Olives"}, {"layer": 5, "name": "Citrus, Other"}, {"layer": 13, "name": "Olive Oil"}, {"layer": 5, "name": "Cocoa Beans"}, {"layer": 13, "name": "Coconut Oil"}, {"layer": 5, "name": "Lemons, Limes"}, {"layer": 5, "name": "Spices, Other"}, {"layer": 13, "name": "Poultry Meat"}, {"layer": 10, "name": "Processing", "fill": "#9edae5"}, {"layer": 16, "name": "Biofuels & Other", "fill": "#e7ba52"}, {"layer": 13, "name": "Alcohol, Non-Food"}, {"name": "Seed", "fill": "#dbdb8d"}, {"name": "Waste", "fill": "#c7c7c7"}, {"layer": 0, "name": "Stock Draw", "fill": "#c7c7c7"}, {"layer": 16, "name": "Stock Deposit", "fill": "#c7c7c7"}, {"layer": 0, "name": "Production", "fill": "#b5cf6b"}, {"layer": 5, "name": "Oil Palm"}], "links": [{"source": 0, "prod": 1053.6036216447094, "target": 1, "value": 299446.0, "supply": [{"l": "Maize", "v": 299446.0}]}, {"source": 2, "prod": 1.9161061476267054, "target": 1, "value": 6731.0, "supply": [{"l": "Vegetables, Other", "v": 6731.0}]}, {"source": 3, "prod": 1.8864743411269591, "target": 1, "value": 1949.0, "supply": [{"l": "Plantains", "v": 1949.0}]}, {"source": 4, "prod": 30.079139080839941, "target": 1, "value": 9659.0, "supply": [{"l": "Rye", "v": 9659.0}]}, {"source": 5, "prod": 0.049784488561005237, "target": 1, "value": 98.0, "supply": [{"l": "Fruits, Other", "v": 98.0}]}, {"source": 6, "prod": 1.6034034350294573, "target": 1, "value": 1322.0, "supply": [{"l": "Yams", "v": 1322.0}]}, {"source": 7, "prod": 0.69613168971772854, "target": 1, "value": 167.0, "supply": [{"l": "Sugar", "v": 167.0}]}, {"source": 8, "prod": 329.4619855416222, "target": 1, "value": 113091.0, "supply": [{"l": "Barley", "v": 113091.0}]}, {"source": 9, "prod": 58.007300882601783, "target": 1, "value": 13404.0, "supply": [{"l": "Rice", "v": 13404.0}]}, {"source": 10, "prod": 0.0679202665368, "target": 1, "value": 8.0, "supply": [{"l": "Butter, Ghee", "v": 8.0}]}, {"source": 11, "prod": 0.11638251413153826, "target": 1, "value": 573.0, "supply": [{"l": "Tomatoes", "v": 573.0}]}, {"source": 12, "prod": 0.70750277642500015, "target": 1, "value": 200.0, "supply": [{"l": "Sunflower seed", "v": 200.0}]}, {"source": 13, "prod": 9.2174633906598107, "target": 1, "value": 1112.0, "supply": [{"l": "Fats, Animals, Raw", "v": 1112.0}]}, {"source": 14, "prod": 1.8519083909659326, "target": 1, "value": 448.0, "supply": [{"l": "Sugar non-centrifugal", "v": 448.0}]}, {"source": 15, "prod": 288.97109996150715, "target": 1, "value": 86079.0, "supply": [{"l": "Wheat", "v": 86079.0}]}, {"source": 16, "prod": 0.42450166585499999, "target": 1, "value": 42.0, "supply": [{"l": "Soyabean Oil", "v": 42.0}]}, {"source": 17, "prod": 0.045073491486851129, "target": 1, "value": 27.0, "supply": [{"l": "Coconuts - Incl Copra", "v": 27.0}]}, {"source": 18, "prod": 0.084900333171000014, "target": 1, "value": 152.0, "supply": [{"l": "Crustaceans", "v": 152.0}]}, {"source": 19, "prod": 0.016706684523810376, "target": 1, "value": 10.0, "supply": [{"l": "Eggs", "v": 10.0}]}, {"source": 20, "prod": 0.339601332684, "target": 1, "value": 280.0, "supply": [{"l": "Roots, Other", "v": 280.0}]}, {"source": 21, "prod": 15.556975335333718, "target": 1, "value": 3848.0, "supply": [{"l": "Peas", "v": 3848.0}]}, {"source": 22, "prod": 4.9873209228964459, "target": 1, "value": 1242.0, "supply": [{"l": "Soyabeans", "v": 1242.0}]}, {"source": 23, "prod": 0.481101887969, "target": 1, "value": 510.0, "supply": [{"l": "Marine Fish, Other", "v": 510.0}]}, {"source": 24, "prod": 0.024257238048857144, "target": 1, "value": 4.0, "supply": [{"l": "Groundnuts", "v": 4.0}]}, {"source": 25, "prod": 0.28939333278000001, "target": 1, "value": 249.0, "supply": [{"l": "Aquatic Plants", "v": 249.0}]}, {"source": 26, "prod": 1.2492477595161431, "target": 1, "value": 206.0, "supply": [{"l": "Oilcrops, Other", "v": 206.0}]}, {"source": 27, "prod": 72.825059513297518, "target": 1, "value": 33739.0, "supply": [{"l": "Oats", "v": 33739.0}]}, {"source": 28, "prod": 0.25277144648638639, "target": 1, "value": 131.0, "supply": [{"l": "Dates", "v": 131.0}]}, {"source": 29, "prod": 20.777098556017915, "target": 1, "value": 5751.0, "supply": [{"l": "Cereals, Other", "v": 5751.0}]}, {"source": 30, "prod": 16.676605308203655, "target": 1, "value": 4153.0, "supply": [{"l": "Cottonseed", "v": 4153.0}]}, {"source": 31, "prod": 43.748163821267184, "target": 1, "value": 56318.0, "supply": [{"l": "Potatoes", "v": 56318.0}]}, {"source": 32, "prod": 0.053121996174033521, "target": 1, "value": 56.0, "supply": [{"l": "Freshwater Fish", "v": 56.0}]}, {"source": 33, "prod": 1.5941758505554662, "target": 1, "value": 397.0, "supply": [{"l": "Rape and Mustardseed", "v": 397.0}]}, {"source": 34, "prod": 0.81443676749037863, "target": 1, "value": 79.0, "supply": [{"l": "Rape and Mustard Oil", "v": 79.0}]}, {"source": 35, "prod": 63.440123458992964, "target": 1, "value": 100981.0, "supply": [{"l": "Milk - Excluding Butter", "v": 100981.0}]}, {"source": 36, "prod": 0.93261729619659095, "target": 1, "value": 232.0, "supply": [{"l": "Beans", "v": 232.0}]}, {"source": 37, "prod": 0.082605729571783776, "target": 1, "value": 162.0, "supply": [{"l": "Apples", "v": 162.0}]}, {"source": 38, "prod": 17.887695454153299, "target": 1, "value": 18969.0, "supply": [{"l": "Fish, Seafood", "v": 18969.0}]}, {"source": 39, "prod": 4.3927370184629124, "target": 1, "value": 14125.0, "supply": [{"l": "Sugar beet", "v": 14125.0}]}, {"source": 40, "prod": 0.029770246696324679, "target": 1, "value": 27.0, "supply": [{"l": "Meat, Other", "v": 27.0}]}, {"source": 41, "prod": 108.24743964826402, "target": 1, "value": 30426.0, "supply": [{"l": "Sorghum", "v": 30426.0}]}, {"source": 42, "prod": 0.011791712940416669, "target": 1, "value": 10.0, "supply": [{"l": "Cephalopods", "v": 10.0}]}, {"source": 43, "prod": 5.6289231882604396, "target": 1, "value": 18100.0, "supply": [{"l": "Sugar cane", "v": 18100.0}]}, {"source": 44, "prod": 0.050828488937901331, "target": 1, "value": 14.0, "supply": [{"l": "Sweeteners, Other", "v": 14.0}]}, {"source": 45, "prod": 18.026257836500712, "target": 1, "value": 16455.0, "supply": [{"l": "Pelagic Fish", "v": 16455.0}]}, {"source": 46, "prod": 0.59228399605566506, "target": 1, "value": 827.0, "supply": [{"l": "Bananas", "v": 827.0}]}, {"source": 47, "prod": 0.011622222200000001, "target": 1, "value": 10.0, "supply": [{"l": "Molluscs, Other", "v": 10.0}]}, {"source": 48, "prod": 6.8238642786191255, "target": 1, "value": 643.0, "supply": [{"l": "Fish, Body Oil", "v": 643.0}]}, {"source": 49, "prod": 0.041947797750168637, "target": 1, "value": 5.0, "supply": [{"l": "Fish, Liver Oil", "v": 5.0}]}, {"source": 50, "prod": 8.3158476884953227, "target": 1, "value": 2409.0, "supply": [{"l": "Millet", "v": 2409.0}]}, {"source": 51, "prod": 0.90324521123591661, "target": 1, "value": 766.0, "supply": [{"l": "Offals, Edible", "v": 766.0}]}, {"source": 52, "prod": 40.302952339291409, "target": 1, "value": 35345.0, "supply": [{"l": "Sweet potatoes", "v": 35345.0}]}, {"source": 53, "prod": 1.6619842823111686, "target": 1, "value": 1773.0, "supply": [{"l": "Demersal Fish", "v": 1773.0}]}, {"source": 54, "prod": 0.00095855214870483869, "target": 1, "value": 3.0, "supply": [{"l": "Oranges, Mandarines", "v": 3.0}]}, {"source": 55, "prod": 13.617704712144141, "target": 1, "value": 3393.0, "supply": [{"l": "Pulses, Other", "v": 3393.0}]}, {"source": 56, "prod": 41.371575516983413, "target": 1, "value": 38405.0, "supply": [{"l": "Cassava", "v": 38405.0}]}, {"source": 57, "prod": 0.28939333278000001, "target": 1, "value": 249.0, "supply": [{"l": "Aquatic Products, Other", "v": 249.0}]}, {"source": 58, "prod": 1.8961074408190002, "target": 59, "value": 268.0, "supply": [{"l": "Ricebran Oil", "v": 268.0}]}, {"source": 3, "prod": 13.019479919188676, "target": 59, "value": 13451.0, "supply": [{"l": "Plantains", "v": 13451.0}]}, {"source": 60, "prod": 11.209771576267551, "target": 59, "value": 3829.0, "supply": [{"l": "Nuts", "v": 3829.0}]}, {"source": 7, "prod": 365.01894415276843, "target": 59, "value": 87567.0, "supply": [{"l": "Sugar", "v": 87567.0}]}, {"source": 61, "prod": 52.209801436570928, "target": 59, "value": 15286.0, "supply": [{"l": "Beverages, Alcoholic", "v": 15286.0}]}, {"source": 57, "prod": 2.3314177733200001, "target": 59, "value": 2006.0, "supply": [{"l": "Aquatic Products, Other", "v": 2006.0}]}, {"source": 62, "prod": 0.044379719612113643, "target": 59, "value": 12.0, "supply": [{"l": "Cloves", "v": 12.0}]}, {"source": 13, "prod": 61.637641882145992, "target": 59, "value": 7436.0, "supply": [{"l": "Fats, Animals, Raw", "v": 7436.0}]}, {"source": 17, "prod": 13.021230873979214, "target": 59, "value": 7800.0, "supply": [{"l": "Coconuts - Incl Copra", "v": 7800.0}]}, {"source": 63, "prod": 11.206843978572, "target": 59, "value": 3828.0, "supply": [{"l": "Treenuts", "v": 3828.0}]}, {"source": 19, "prod": 40.998203821430664, "target": 59, "value": 24540.0, "supply": [{"l": "Eggs", "v": 24540.0}]}, {"source": 20, "prod": 7.4530363905113575, "target": 59, "value": 6145.0, "supply": [{"l": "Roots, Other", "v": 6145.0}]}, {"source": 64, "prod": 3.5743040264991004, "target": 59, "value": 421.0, "supply": [{"l": "Sesame seed", "v": 421.0}]}, {"source": 23, "prod": 5.6053086633564657, "target": 59, "value": 5942.0, "supply": [{"l": "Marine Fish, Other", "v": 5942.0}]}, {"source": 65, "prod": 143.45185510092426, "target": 59, "value": 52050.0, "supply": [{"l": "Pigmeat", "v": 52050.0}]}, {"source": 24, "prod": 22.48039536177836, "target": 59, "value": 3707.0, "supply": [{"l": "Groundnuts", "v": 3707.0}]}, {"source": 34, "prod": 31.70117797510018, "target": 59, "value": 3075.0, "supply": [{"l": "Rape and Mustard Oil", "v": 3075.0}]}, {"source": 55, "prod": 48.482721167904877, "target": 59, "value": 12080.0, "supply": [{"l": "Pulses, Other", "v": 12080.0}]}, {"source": 41, "prod": 81.959385629956557, "target": 59, "value": 23037.0, "supply": [{"l": "Sorghum", "v": 23037.0}]}, {"source": 66, "prod": 22.353485902713654, "target": 59, "value": 28962.0, "supply": [{"l": "Wine", "v": 28962.0}]}, {"source": 44, "prod": 24.154424064561248, "target": 59, "value": 6653.0, "supply": [{"l": "Sweeteners, Other", "v": 6653.0}]}, {"source": 48, "prod": 1.7298442883591252, "target": 59, "value": 163.0, "supply": [{"l": "Fish, Body Oil", "v": 163.0}]}, {"source": 49, "prod": 0.067116476400269826, "target": 59, "value": 8.0, "supply": [{"l": "Fish, Liver Oil", "v": 8.0}]}, {"source": 67, "prod": 3.6422242930359006, "target": 59, "value": 858.0, "supply": [{"l": "Honey", "v": 858.0}]}, {"source": 53, "prod": 13.052154059165659, "target": 59, "value": 13924.0, "supply": [{"l": "Demersal Fish", "v": 13924.0}]}, {"source": 68, "prod": 9.4769996902128746, "target": 59, "value": 893.0, "supply": [{"l": "Oilcrops Oil, Other", "v": 893.0}]}, {"source": 69, "prod": 7.4240624672863351, "target": 59, "value": 787.0, "supply": [{"l": "Maize Germ Oil", "v": 787.0}]}, {"source": 70, "prod": 46.577951679351685, "target": 59, "value": 90588.0, "supply": [{"l": "Beer", "v": 90588.0}]}, {"source": 71, "prod": 29.989409993940924, "target": 59, "value": 2870.0, "supply": [{"l": "Groundnut Oil", "v": 2870.0}]}, {"source": 14, "prod": 48.389374162158937, "target": 59, "value": 11706.0, "supply": [{"l": "Sugar non-centrifugal", "v": 11706.0}]}, {"source": 72, "prod": 1.8689443877955403, "target": 59, "value": 4931.0, "supply": [{"l": "Coffee", "v": 4931.0}]}, {"source": 15, "prod": 949.98674218342683, "target": 59, "value": 282983.0, "supply": [{"l": "Wheat", "v": 282983.0}]}, {"source": 73, "prod": 5.6535903679779551, "target": 59, "value": 1465.0, "supply": [{"l": "Pimento", "v": 1465.0}]}, {"source": 74, "prod": 29.823171579340368, "target": 59, "value": 2898.0, "supply": [{"l": "Palm Oil", "v": 2898.0}]}, {"source": 26, "prod": 1.9527076629330005, "target": 59, "value": 322.0, "supply": [{"l": "Oilcrops, Other", "v": 322.0}]}, {"source": 28, "prod": 3.747191977683682, "target": 59, "value": 1942.0, "supply": [{"l": "Dates", "v": 1942.0}]}, {"source": 27, "prod": 5.6250068197532039, "target": 59, "value": 2606.0, "supply": [{"l": "Oats", "v": 2606.0}]}, {"source": 22, "prod": 26.153318172966628, "target": 59, "value": 6513.0, "supply": [{"l": "Soyabeans", "v": 6513.0}]}, {"source": 32, "prod": 7.4380280714392306, "target": 59, "value": 7841.0, "supply": [{"l": "Freshwater Fish", "v": 7841.0}]}, {"source": 36, "prod": 46.626844907690767, "target": 59, "value": 11599.0, "supply": [{"l": "Beans", "v": 11599.0}]}, {"source": 39, "prod": 0.012128619024428572, "target": 59, "value": 39.0, "supply": [{"l": "Sugar beet", "v": 39.0}]}, {"source": 42, "prod": 1.8642698158798754, "target": 59, "value": 1581.0, "supply": [{"l": "Cephalopods", "v": 1581.0}]}, {"source": 75, "prod": 16.714152383136117, "target": 59, "value": 6956.0, "supply": [{"l": "Mutton & Goat Meat", "v": 6956.0}]}, {"source": 76, "prod": 5.4992261258488648, "target": 59, "value": 475.0, "supply": [{"l": "Sesameseed Oil", "v": 475.0}]}, {"source": 77, "prod": 11.183858766420828, "target": 59, "value": 18003.0, "supply": [{"l": "Beverages, Fermented", "v": 18003.0}]}, {"source": 78, "prod": 83.799269472194212, "target": 59, "value": 46544.0, "supply": [{"l": "Bovine Meat", "v": 46544.0}]}, {"source": 47, "prod": 4.7383799909400004, "target": 59, "value": 4077.0, "supply": [{"l": "Molluscs, Other", "v": 4077.0}]}, {"source": 25, "prod": 2.1164066626200002, "target": 59, "value": 1821.0, "supply": [{"l": "Aquatic Plants", "v": 1821.0}]}, {"source": 79, "prod": 26.159728973373213, "target": 59, "value": 2509.0, "supply": [{"l": "Cottonseed Oil", "v": 2509.0}]}, {"source": 80, "prod": 0.032124450389027025, "target": 59, "value": 8.0, "supply": [{"l": "Palm kernels", "v": 8.0}]}, {"source": 81, "prod": 9.322074919180805, "target": 59, "value": 20335.0, "supply": [{"l": "Onions", "v": 20335.0}]}, {"source": 0, "prod": 201.16374859003952, "target": 59, "value": 57173.0, "supply": [{"l": "Maize", "v": 57173.0}]}, {"source": 2, "prod": 61.475665296497567, "target": 59, "value": 215955.0, "supply": [{"l": "Vegetables, Other", "v": 215955.0}]}, {"source": 82, "prod": 0.21036222182, "target": 59, "value": 181.0, "supply": [{"l": "Infant food", "v": 181.0}]}, {"source": 8, "prod": 26.088124435412428, "target": 59, "value": 8955.0, "supply": [{"l": "Barley", "v": 8955.0}]}, {"source": 10, "prod": 57.876557122670704, "target": 59, "value": 6817.0, "supply": [{"l": "Butter, Ghee", "v": 6817.0}]}, {"source": 11, "prod": 9.3118197955925037, "target": 59, "value": 45846.0, "supply": [{"l": "Tomatoes", "v": 45846.0}]}, {"source": 12, "prod": 1.81828213541225, "target": 59, "value": 514.0, "supply": [{"l": "Sunflower seed", "v": 514.0}]}, {"source": 29, "prod": 14.906330836746639, "target": 59, "value": 4126.0, "supply": [{"l": "Cereals, Other", "v": 4126.0}]}, {"source": 83, "prod": 0.18130666632, "target": 59, "value": 156.0, "supply": [{"l": "Pepper", "v": 156.0}]}, {"source": 18, "prod": 1.8622217815270661, "target": 59, "value": 3334.0, "supply": [{"l": "Crustaceans", "v": 3334.0}]}, {"source": 21, "prod": 14.910115654030861, "target": 59, "value": 3688.0, "supply": [{"l": "Peas", "v": 3688.0}]}, {"source": 84, "prod": 9.3289977580634282, "target": 59, "value": 13010.0, "supply": [{"l": "Grapes", "v": 13010.0}]}, {"source": 85, "prod": 48.613619212858929, "target": 59, "value": 4801.0, "supply": [{"l": "Sunflowerseed Oil", "v": 4801.0}]}, {"source": 38, "prod": 47.430824289788731, "target": 59, "value": 50298.0, "supply": [{"l": "Fish, Seafood", "v": 50298.0}]}, {"source": 43, "prod": 3.7250409916565497, "target": 59, "value": 11978.0, "supply": [{"l": "Sugar cane", "v": 11978.0}]}, {"source": 86, "prod": 3.7339417465551135, "target": 59, "value": 8928.0, "supply": [{"l": "Pineapples", "v": 8928.0}]}, {"source": 87, "prod": 1.8533562092222553, "target": 59, "value": 2052.0, "supply": [{"l": "Tea", "v": 2052.0}]}, {"source": 88, "prod": 0.21849777736000001, "target": 59, "value": 188.0, "supply": [{"l": "Aquatic Animals, Others", "v": 188.0}]}, {"source": 51, "prod": 9.3354991349278755, "target": 59, "value": 7917.0, "supply": [{"l": "Offals, Edible", "v": 7917.0}]}, {"source": 89, "prod": 4.3408999916999997, "target": 59, "value": 3735.0, "supply": [{"l": "Grapefruit", "v": 3735.0}]}, {"source": 90, "prod": 3.7477432785484295, "target": 59, "value": 309.0, "supply": [{"l": "Palmkernel Oil", "v": 309.0}]}, {"source": 91, "prod": 7.4587439759346195, "target": 59, "value": 2987.0, "supply": [{"l": "Cream", "v": 2987.0}]}, {"source": 92, "prod": 1.84565941676087, "target": 59, "value": 1000.0, "supply": [{"l": "Olives", "v": 1000.0}]}, {"source": 4, "prod": 35.363775070091975, "target": 59, "value": 11356.0, "supply": [{"l": "Rye", "v": 11356.0}]}, {"source": 5, "prod": 29.80008044364417, "target": 59, "value": 58661.0, "supply": [{"l": "Fruits, Other", "v": 58661.0}]}, {"source": 6, "prod": 7.4627392857309012, "target": 59, "value": 6153.0, "supply": [{"l": "Yams", "v": 6153.0}]}, {"source": 93, "prod": 2.95669332768, "target": 59, "value": 2544.0, "supply": [{"l": "Citrus, Other", "v": 2544.0}]}, {"source": 9, "prod": 936.89320968936329, "target": 59, "value": 216492.0, "supply": [{"l": "Rice", "v": 216492.0}]}, {"source": 16, "prod": 111.55297347718181, "target": 59, "value": 11037.0, "supply": [{"l": "Soyabean Oil", "v": 11037.0}]}, {"source": 94, "prod": 15.072306206475179, "target": 59, "value": 1509.0, "supply": [{"l": "Olive Oil", "v": 1509.0}]}, {"source": 95, "prod": 3.7477432785484286, "target": 59, "value": 1545.0, "supply": [{"l": "Cocoa Beans", "v": 1545.0}]}, {"source": 31, "prod": 95.000274205150944, "target": 59, "value": 122296.0, "supply": [{"l": "Potatoes", "v": 122296.0}]}, {"source": 96, "prod": 16.870589888795291, "target": 59, "value": 1678.0, "supply": [{"l": "Coconut Oil", "v": 1678.0}]}, {"source": 35, "prod": 212.36148000587252, "target": 59, "value": 338027.0, "supply": [{"l": "Milk - Excluding Butter", "v": 338027.0}]}, {"source": 37, "prod": 14.894017006556989, "target": 59, "value": 29209.0, "supply": [{"l": "Apples", "v": 29209.0}]}, {"source": 40, "prod": 3.7157678283931177, "target": 59, "value": 3370.0, "supply": [{"l": "Meat, Other", "v": 3370.0}]}, {"source": 97, "prod": 1.8558553411117134, "target": 59, "value": 4503.0, "supply": [{"l": "Lemons, Limes", "v": 4503.0}]}, {"source": 45, "prod": 14.905212040317757, "target": 59, "value": 13606.0, "supply": [{"l": "Pelagic Fish", "v": 13606.0}]}, {"source": 46, "prod": 20.474978431965425, "target": 59, "value": 28589.0, "supply": [{"l": "Bananas", "v": 28589.0}]}, {"source": 98, "prod": 3.7886773677558749, "target": 59, "value": 1071.0, "supply": [{"l": "Spices, Other", "v": 1071.0}]}, {"source": 50, "prod": 68.96388755531737, "target": 59, "value": 19978.0, "supply": [{"l": "Millet", "v": 19978.0}]}, {"source": 99, "prod": 41.013935949357254, "target": 59, "value": 25296.0, "supply": [{"l": "Poultry Meat", "v": 25296.0}]}, {"source": 52, "prod": 106.19477307428343, "target": 59, "value": 93131.0, "supply": [{"l": "Sweet potatoes", "v": 93131.0}]}, {"source": 33, "prod": 0.93964017387904031, "target": 59, "value": 234.0, "supply": [{"l": "Rape and Mustardseed", "v": 234.0}]}, {"source": 54, "prod": 13.039823913597724, "target": 59, "value": 40811.0, "supply": [{"l": "Oranges, Mandarines", "v": 40811.0}]}, {"source": 56, "prod": 59.615788587042807, "target": 59, "value": 55341.0, "supply": [{"l": "Cassava", "v": 55341.0}]}, {"source": 0, "prod": 56.320782951406478, "target": 100, "value": 16007.0, "supply": [{"l": "Maize", "v": 16007.0}]}, {"source": 92, "prod": 17.674034574902091, "target": 100, "value": 9576.0, "supply": [{"l": "Olives", "v": 9576.0}]}, {"source": 3, "prod": 2.285257013545793, "target": 100, "value": 2361.0, "supply": [{"l": "Plantains", "v": 2361.0}]}, {"source": 4, "prod": 2.478827488181861, "target": 100, "value": 796.0, "supply": [{"l": "Rye", "v": 796.0}]}, {"source": 60, "prod": 0.002927597695551724, "target": 100, "value": 1.0, "supply": [{"l": "Nuts", "v": 1.0}]}, {"source": 7, "prod": 1.5173169763907373, "target": 100, "value": 364.0, "supply": [{"l": "Sugar", "v": 364.0}]}, {"source": 93, "prod": 0.030217777720000002, "target": 100, "value": 26.0, "supply": [{"l": "Citrus, Other", "v": 26.0}]}, {"source": 89, "prod": 0.0011622222200000001, "target": 100, "value": 1.0, "supply": [{"l": "Grapefruit", "v": 1.0}]}, {"source": 8, "prod": 48.418160593696769, "target": 100, "value": 16620.0, "supply": [{"l": "Barley", "v": 16620.0}]}, {"source": 95, "prod": 0.029108685658628574, "target": 100, "value": 12.0, "supply": [{"l": "Cocoa Beans", "v": 12.0}]}, {"source": 67, "prod": 0.02971511660985, "target": 100, "value": 7.0, "supply": [{"l": "Honey", "v": 7.0}]}, {"source": 9, "prod": 11.121960852602699, "target": 100, "value": 2570.0, "supply": [{"l": "Rice", "v": 2570.0}]}, {"source": 68, "prod": 0.87022841500275006, "target": 100, "value": 82.0, "supply": [{"l": "Oilcrops Oil, Other", "v": 82.0}]}, {"source": 12, "prod": 45.273102663435758, "target": 100, "value": 12798.0, "supply": [{"l": "Sunflower seed", "v": 12798.0}]}, {"source": 13, "prod": 1.5417699556319469, "target": 100, "value": 186.0, "supply": [{"l": "Fats, Animals, Raw", "v": 186.0}]}, {"source": 14, "prod": 0.33896537513215724, "target": 100, "value": 82.0, "supply": [{"l": "Sugar non-centrifugal", "v": 82.0}]}, {"source": 15, "prod": 8.7484599786206587, "target": 100, "value": 2606.0, "supply": [{"l": "Wheat", "v": 2606.0}]}, {"source": 17, "prod": 33.397787803183093, "target": 100, "value": 20006.0, "supply": [{"l": "Coconuts - Incl Copra", "v": 20006.0}]}, {"source": 63, "prod": 0.002927597695551724, "target": 100, "value": 1.0, "supply": [{"l": "Treenuts", "v": 1.0}]}, {"source": 2, "prod": 0.026189535816618169, "target": 100, "value": 92.0, "supply": [{"l": "Vegetables, Other", "v": 92.0}]}, {"source": 21, "prod": 0.028300111057000001, "target": 100, "value": 7.0, "supply": [{"l": "Peas", "v": 7.0}]}, {"source": 64, "prod": 10.035219380812201, "target": 100, "value": 1182.0, "supply": [{"l": "Sesame seed", "v": 1182.0}]}, {"source": 22, "prod": 295.9143747585224, "target": 100, "value": 73692.0, "supply": [{"l": "Soyabeans", "v": 73692.0}]}, {"source": 84, "prod": 36.626892888864091, "target": 100, "value": 51079.0, "supply": [{"l": "Grapes", "v": 51079.0}]}, {"source": 24, "prod": 39.327047186709649, "target": 100, "value": 6485.0, "supply": [{"l": "Groundnuts", "v": 6485.0}]}, {"source": 26, "prod": 43.238526822087863, "target": 100, "value": 7130.0, "supply": [{"l": "Oilcrops, Other", "v": 7130.0}]}, {"source": 43, "prod": 190.12418895393418, "target": 100, "value": 611351.0, "supply": [{"l": "Sugar cane", "v": 611351.0}]}, {"source": 27, "prod": 0.40147784668998304, "target": 100, "value": 186.0, "supply": [{"l": "Oats", "v": 186.0}]}, {"source": 65, "prod": 0.0082681184496209963, "target": 100, "value": 3.0, "supply": [{"l": "Pigmeat", "v": 3.0}]}, {"source": 29, "prod": 0.27095851012021277, "target": 100, "value": 75.0, "supply": [{"l": "Cereals, Other", "v": 75.0}]}, {"source": 30, "prod": 77.970056650467228, "target": 100, "value": 19417.0, "supply": [{"l": "Cottonseed", "v": 19417.0}]}, {"source": 31, "prod": 9.4832484095676293, "target": 100, "value": 12208.0, "supply": [{"l": "Potatoes", "v": 12208.0}]}, {"source": 35, "prod": 0.016334193659538102, "target": 100, "value": 26.0, "supply": [{"l": "Milk - Excluding Butter", "v": 26.0}]}, {"source": 37, "prod": 1.2972159014235674, "target": 100, "value": 2544.0, "supply": [{"l": "Apples", "v": 2544.0}]}, {"source": 39, "prod": 77.536395481783487, "target": 100, "value": 249321.0, "supply": [{"l": "Sugar beet", "v": 249321.0}]}, {"source": 40, "prod": 0.0022052034589870131, "target": 100, "value": 2.0, "supply": [{"l": "Meat, Other", "v": 2.0}]}, {"source": 97, "prod": 0.0041213753966504851, "target": 100, "value": 10.0, "supply": [{"l": "Lemons, Limes", "v": 10.0}]}, {"source": 41, "prod": 4.5752385258551085, "target": 100, "value": 1286.0, "supply": [{"l": "Sorghum", "v": 1286.0}]}, {"source": 66, "prod": 3.1613796788037818, "target": 100, "value": 4096.0, "supply": [{"l": "Wine", "v": 4096.0}]}, {"source": 44, "prod": 2.5123795960734081, "target": 100, "value": 692.0, "supply": [{"l": "Sweeteners, Other", "v": 692.0}]}, {"source": 46, "prod": 0.030795903059726234, "target": 100, "value": 43.0, "supply": [{"l": "Bananas", "v": 43.0}]}, {"source": 78, "prod": 0.19624700009602025, "target": 100, "value": 109.0, "supply": [{"l": "Bovine Meat", "v": 109.0}]}, {"source": 5, "prod": 1.0444582498104773, "target": 100, "value": 2056.0, "supply": [{"l": "Fruits, Other", "v": 2056.0}]}, {"source": 50, "prod": 1.1288012428966254, "target": 100, "value": 327.0, "supply": [{"l": "Millet", "v": 327.0}]}, {"source": 99, "prod": 0.05188353693783334, "target": 100, "value": 32.0, "supply": [{"l": "Poultry Meat", "v": 32.0}]}, {"source": 52, "prod": 0.31699591880953493, "target": 100, "value": 278.0, "supply": [{"l": "Sweet potatoes", "v": 278.0}]}, {"source": 33, "prod": 39.998956290637274, "target": 100, "value": 9961.0, "supply": [{"l": "Rape and Mustardseed", "v": 9961.0}]}, {"source": 54, "prod": 0.0025561390632129035, "target": 100, "value": 8.0, "supply": [{"l": "Oranges, Mandarines", "v": 8.0}]}, {"source": 80, "prod": 6.0233344479425668, "target": 100, "value": 1500.0, "supply": [{"l": "Palm kernels", "v": 1500.0}]}, {"source": 56, "prod": 0.29193326298925931, "target": 100, "value": 271.0, "supply": [{"l": "Cassava", "v": 271.0}]}, {"source": 58, "prod": 0.73580288748200007, "target": 101, "value": 104.0, "supply": [{"l": "Ricebran Oil", "v": 104.0}]}, {"source": 60, "prod": 0.070262344693241371, "target": 101, "value": 24.0, "supply": [{"l": "Nuts", "v": 24.0}]}, {"source": 7, "prod": 4.6436569002727515, "target": 101, "value": 1114.0, "supply": [{"l": "Sugar", "v": 1114.0}]}, {"source": 61, "prod": 3.4394393593240169, "target": 101, "value": 1007.0, "supply": [{"l": "Beverages, Alcoholic", "v": 1007.0}]}, {"source": 57, "prod": 1.8711777742000002, "target": 101, "value": 1610.0, "supply": [{"l": "Aquatic Products, Other", "v": 1610.0}]}, {"source": 62, "prod": 0.1442340887393693, "target": 101, "value": 39.0, "supply": [{"l": "Cloves", "v": 39.0}]}, {"source": 13, "prod": 63.19599000934388, "target": 101, "value": 7624.0, "supply": [{"l": "Fats, Animals, Raw", "v": 7624.0}]}, {"source": 17, "prod": 1.2320087673072642, "target": 101, "value": 738.0, "supply": [{"l": "Coconuts - Incl Copra", "v": 738.0}]}, {"source": 63, "prod": 0.070262344693241371, "target": 101, "value": 24.0, "supply": [{"l": "Treenuts", "v": 24.0}]}, {"source": 19, "prod": 0.13532414464286405, "target": 101, "value": 81.0, "supply": [{"l": "Eggs", "v": 81.0}]}, {"source": 20, "prod": 0.12856336165894289, "target": 101, "value": 106.0, "supply": [{"l": "Roots, Other", "v": 106.0}]}, {"source": 64, "prod": 0.0424501665855, "target": 101, "value": 5.0, "supply": [{"l": "Sesame seed", "v": 5.0}]}, {"source": 23, "prod": 0.47732853982806667, "target": 101, "value": 506.0, "supply": [{"l": "Marine Fish, Other", "v": 506.0}]}, {"source": 65, "prod": 0.66971759441930057, "target": 101, "value": 243.0, "supply": [{"l": "Pigmeat", "v": 243.0}]}, {"source": 34, "prod": 4.6185781245024007, "target": 101, "value": 448.0, "supply": [{"l": "Rape and Mustard Oil", "v": 448.0}]}, {"source": 55, "prod": 0.20468698506317451, "target": 101, "value": 51.0, "supply": [{"l": "Pulses, Other", "v": 51.0}]}, {"source": 41, "prod": 0.099616390920639994, "target": 101, "value": 28.0, "supply": [{"l": "Sorghum", "v": 28.0}]}, {"source": 66, "prod": 0.37896421442691819, "target": 101, "value": 491.0, "supply": [{"l": "Wine", "v": 491.0}]}, {"source": 44, "prod": 6.3971283934701519, "target": 101, "value": 1762.0, "supply": [{"l": "Sweeteners, Other", "v": 1762.0}]}, {"source": 48, "prod": 4.2662417418427507, "target": 101, "value": 402.0, "supply": [{"l": "Fish, Body Oil", "v": 402.0}]}, {"source": 49, "prod": 0.050337357300202369, "target": 101, "value": 6.0, "supply": [{"l": "Fish, Liver Oil", "v": 6.0}]}, {"source": 53, "prod": 0.07874037208919242, "target": 101, "value": 84.0, "supply": [{"l": "Demersal Fish", "v": 84.0}]}, {"source": 102, "prod": 4.9111736629673342, "target": 101, "value": 7051.0, "supply": [{"l": "Alcohol, Non-Food", "v": 7051.0}]}, {"source": 68, "prod": 22.456138123729502, "target": 101, "value": 2116.0, "supply": [{"l": "Oilcrops Oil, Other", "v": 2116.0}]}, {"source": 69, "prod": 0.31130122162700002, "target": 101, "value": 33.0, "supply": [{"l": "Maize Germ Oil", "v": 33.0}]}, {"source": 70, "prod": 0.10797644116951309, "target": 101, "value": 210.0, "supply": [{"l": "Beer", "v": 210.0}]}, {"source": 89, "prod": 0.0011622222200000001, "target": 101, "value": 1.0, "supply": [{"l": "Grapefruit", "v": 1.0}]}, {"source": 9, "prod": 5.2061163057124702, "target": 101, "value": 1203.0, "supply": [{"l": "Rice", "v": 1203.0}]}, {"source": 72, "prod": 0.0015160773780535715, "target": 101, "value": 4.0, "supply": [{"l": "Coffee", "v": 4.0}]}, {"source": 15, "prod": 11.52809346376951, "target": 101, "value": 3434.0, "supply": [{"l": "Wheat", "v": 3434.0}]}, {"source": 24, "prod": 0.24863669000078573, "target": 101, "value": 41.0, "supply": [{"l": "Groundnuts", "v": 41.0}]}, {"source": 74, "prod": 17.700433097469094, "target": 101, "value": 1720.0, "supply": [{"l": "Palm Oil", "v": 1720.0}]}, {"source": 26, "prod": 1.1764760453695715, "target": 101, "value": 194.0, "supply": [{"l": "Oilcrops, Other", "v": 194.0}]}, {"source": 28, "prod": 0.065604802904863646, "target": 101, "value": 34.0, "supply": [{"l": "Dates", "v": 34.0}]}, {"source": 27, "prod": 0.11871656756961865, "target": 101, "value": 55.0, "supply": [{"l": "Oats", "v": 55.0}]}, {"source": 22, "prod": 0.012046668895885135, "target": 101, "value": 3.0, "supply": [{"l": "Soyabeans", "v": 3.0}]}, {"source": 32, "prod": 0.11288424186982125, "target": 101, "value": 119.0, "supply": [{"l": "Freshwater Fish", "v": 119.0}]}, {"source": 36, "prod": 0.34169168179616483, "target": 101, "value": 85.0, "supply": [{"l": "Beans", "v": 85.0}]}, {"source": 39, "prod": 0.84216154661929665, "target": 101, "value": 2708.0, "supply": [{"l": "Sugar beet", "v": 2708.0}]}, {"source": 42, "prod": 0.0035375138821250002, "target": 101, "value": 3.0, "supply": [{"l": "Cephalopods", "v": 3.0}]}, {"source": 75, "prod": 0.33639754652660381, "target": 101, "value": 140.0, "supply": [{"l": "Mutton & Goat Meat", "v": 140.0}]}, {"source": 76, "prod": 0.50940199902600014, "target": 101, "value": 44.0, "supply": [{"l": "Sesameseed Oil", "v": 44.0}]}, {"source": 77, "prod": 0.0086971073004439032, "target": 101, "value": 14.0, "supply": [{"l": "Beverages, Fermented", "v": 14.0}]}, {"source": 78, "prod": 0.11162673399957117, "target": 101, "value": 62.0, "supply": [{"l": "Bovine Meat", "v": 62.0}]}, {"source": 47, "prod": 0.07321999986000001, "target": 101, "value": 63.0, "supply": [{"l": "Molluscs, Other", "v": 63.0}]}, {"source": 25, "prod": 1.8618799964399999, "target": 101, "value": 1602.0, "supply": [{"l": "Aquatic Plants", "v": 1602.0}]}, {"source": 79, "prod": 7.0794962028379471, "target": 101, "value": 679.0, "supply": [{"l": "Cottonseed Oil", "v": 679.0}]}, {"source": 80, "prod": 0.29715116609849995, "target": 101, "value": 74.0, "supply": [{"l": "Palm kernels", "v": 74.0}]}, {"source": 81, "prod": 0.00091685025022678198, "target": 101, "value": 2.0, "supply": [{"l": "Onions", "v": 2.0}]}, {"source": 0, "prod": 42.299522249129048, "target": 101, "value": 12022.0, "supply": [{"l": "Maize", "v": 12022.0}]}, {"source": 2, "prod": 0.53204611349194952, "target": 101, "value": 1869.0, "supply": [{"l": "Vegetables, Other", "v": 1869.0}]}, {"source": 8, "prod": 0.39911480152445589, "target": 101, "value": 137.0, "supply": [{"l": "Barley", "v": 137.0}]}, {"source": 10, "prod": 0.56034219892860004, "target": 101, "value": 66.0, "supply": [{"l": "Butter, Ghee", "v": 66.0}]}, {"source": 11, "prod": 0.01543642421290909, "target": 101, "value": 76.0, "supply": [{"l": "Tomatoes", "v": 76.0}]}, {"source": 12, "prod": 1.1355419561621252, "target": 101, "value": 321.0, "supply": [{"l": "Sunflower seed", "v": 321.0}]}, {"source": 29, "prod": 0.0036127801349361706, "target": 101, "value": 1.0, "supply": [{"l": "Cereals, Other", "v": 1.0}]}, {"source": 83, "prod": 0.0011622222200000001, "target": 101, "value": 1.0, "supply": [{"l": "Pepper", "v": 1.0}]}, {"source": 84, "prod": 0.17281233356597128, "target": 101, "value": 241.0, "supply": [{"l": "Grapes", "v": 241.0}]}, {"source": 85, "prod": 2.6529406860589546, "target": 101, "value": 262.0, "supply": [{"l": "Sunflowerseed Oil", "v": 262.0}]}, {"source": 30, "prod": 5.2121920756196349, "target": 101, "value": 1298.0, "supply": [{"l": "Cottonseed", "v": 1298.0}]}, {"source": 38, "prod": 0.80248979026224132, "target": 101, "value": 851.0, "supply": [{"l": "Fish, Seafood", "v": 851.0}]}, {"source": 43, "prod": 18.881460908952725, "target": 101, "value": 60714.0, "supply": [{"l": "Sugar cane", "v": 60714.0}]}, {"source": 86, "prod": 0.00041822824222167488, "target": 101, "value": 1.0, "supply": [{"l": "Pineapples", "v": 1.0}]}, {"source": 87, "prod": 0.0045159751686702125, "target": 101, "value": 5.0, "supply": [{"l": "Tea", "v": 5.0}]}, {"source": 88, "prod": 0.0092977777600000006, "target": 101, "value": 8.0, "supply": [{"l": "Aquatic Animals, Others", "v": 8.0}]}, {"source": 51, "prod": 1.3407177613253751, "target": 101, "value": 1137.0, "supply": [{"l": "Offals, Edible", "v": 1137.0}]}, {"source": 71, "prod": 0.80459392666670781, "target": 101, "value": 77.0, "supply": [{"l": "Groundnut Oil", "v": 77.0}]}, {"source": 90, "prod": 4.9363479429424295, "target": 101, "value": 407.0, "supply": [{"l": "Palmkernel Oil", "v": 407.0}]}, {"source": 4, "prod": 0.19930271261763705, "target": 101, "value": 64.0, "supply": [{"l": "Rye", "v": 64.0}]}, {"source": 5, "prod": 0.073152717885558716, "target": 101, "value": 144.0, "supply": [{"l": "Fruits, Other", "v": 144.0}]}, {"source": 6, "prod": 2.2280273147875289, "target": 101, "value": 1837.0, "supply": [{"l": "Yams", "v": 1837.0}]}, {"source": 93, "prod": 0.018595555520000001, "target": 101, "value": 16.0, "supply": [{"l": "Citrus, Other", "v": 16.0}]}, {"source": 16, "prod": 8.1666034764485715, "target": 101, "value": 808.0, "supply": [{"l": "Soyabean Oil", "v": 808.0}]}, {"source": 94, "prod": 1.7679245848549416, "target": 101, "value": 177.0, "supply": [{"l": "Olive Oil", "v": 177.0}]}, {"source": 95, "prod": 0.0048514476097714296, "target": 101, "value": 2.0, "supply": [{"l": "Cocoa Beans", "v": 2.0}]}, {"source": 31, "prod": 4.1636804943711079, "target": 101, "value": 5360.0, "supply": [{"l": "Potatoes", "v": 5360.0}]}, {"source": 96, "prod": 9.4507476135086854, "target": 101, "value": 940.0, "supply": [{"l": "Coconut Oil", "v": 940.0}]}, {"source": 35, "prod": 6.4765077860068576, "target": 101, "value": 10309.0, "supply": [{"l": "Milk - Excluding Butter", "v": 10309.0}]}, {"source": 37, "prod": 0.0076486786640540538, "target": 101, "value": 15.0, "supply": [{"l": "Apples", "v": 15.0}]}, {"source": 40, "prod": 0.0022052034589870131, "target": 101, "value": 2.0, "supply": [{"l": "Meat, Other", "v": 2.0}]}, {"source": 97, "prod": 0.0090670258726310675, "target": 101, "value": 22.0, "supply": [{"l": "Lemons, Limes", "v": 22.0}]}, {"source": 45, "prod": 0.081066124576180662, "target": 101, "value": 74.0, "supply": [{"l": "Pelagic Fish", "v": 74.0}]}, {"source": 46, "prod": 0.017904594802166413, "target": 101, "value": 25.0, "supply": [{"l": "Bananas", "v": 25.0}]}, {"source": 98, "prod": 0.014150055528500001, "target": 101, "value": 4.0, "supply": [{"l": "Spices, Other", "v": 4.0}]}, {"source": 99, "prod": 0.32265074533215105, "target": 101, "value": 199.0, "supply": [{"l": "Poultry Meat", "v": 199.0}]}, {"source": 52, "prod": 0.05929420064063242, "target": 101, "value": 52.0, "supply": [{"l": "Sweet potatoes", "v": 52.0}]}, {"source": 33, "prod": 0.23290226532044592, "target": 101, "value": 58.0, "supply": [{"l": "Rape and Mustardseed", "v": 58.0}]}, {"source": 54, "prod": 0.015017316996375808, "target": 101, "value": 47.0, "supply": [{"l": "Oranges, Mandarines", "v": 47.0}]}, {"source": 56, "prod": 3.3706980807874261, "target": 101, "value": 3129.0, "supply": [{"l": "Cassava", "v": 3129.0}]}, {"source": 0, "prod": 23.303088991514031, "target": 103, "value": 6623.0, "supply": [{"l": "Maize", "v": 6623.0}]}, {"source": 20, "prod": 0.20376079961040003, "target": 103, "value": 168.0, "supply": [{"l": "Roots, Other", "v": 168.0}]}, {"source": 4, "prod": 8.0468470219370971, "target": 103, "value": 2584.0, "supply": [{"l": "Rye", "v": 2584.0}]}, {"source": 6, "prod": 1.1376644644914, "target": 103, "value": 938.0, "supply": [{"l": "Yams", "v": 938.0}]}, {"source": 8, "prod": 33.849013714690898, "target": 103, "value": 11619.0, "supply": [{"l": "Barley", "v": 11619.0}]}, {"source": 9, "prod": 52.593459238008016, "target": 103, "value": 12153.0, "supply": [{"l": "Rice", "v": 12153.0}]}, {"source": 12, "prod": 1.7404568300055001, "target": 103, "value": 492.0, "supply": [{"l": "Sunflower seed", "v": 492.0}]}, {"source": 29, "prod": 3.0780886749656173, "target": 103, "value": 852.0, "supply": [{"l": "Cereals, Other", "v": 852.0}]}, {"source": 15, "prod": 112.12531208209136, "target": 103, "value": 33400.0, "supply": [{"l": "Wheat", "v": 33400.0}]}, {"source": 17, "prod": 0.15191436019642418, "target": 103, "value": 91.0, "supply": [{"l": "Coconuts - Incl Copra", "v": 91.0}]}, {"source": 19, "prod": 2.627961475595372, "target": 19, "value": 1573.0, "supply": [{"l": "Eggs", "v": 1573.0}]}, {"source": 2, "prod": 0.010817416967733591, "target": 103, "value": 38.0, "supply": [{"l": "Vegetables, Other", "v": 38.0}]}, {"source": 21, "prod": 3.4243134378970002, "target": 103, "value": 847.0, "supply": [{"l": "Peas", "v": 847.0}]}, {"source": 64, "prod": 0.45846179912340007, "target": 103, "value": 54.0, "supply": [{"l": "Sesame seed", "v": 54.0}]}, {"source": 30, "prod": 5.6539032684687562, "target": 103, "value": 1408.0, "supply": [{"l": "Cottonseed", "v": 1408.0}]}, {"source": 23, "prod": 0.0018866740704666664, "target": 23, "value": 2.0, "supply": [{"l": "Marine Fish, Other", "v": 2.0}]}, {"source": 24, "prod": 6.2159172500196442, "target": 103, "value": 1025.0, "supply": [{"l": "Groundnuts", "v": 1025.0}]}, {"source": 53, "prod": 0.087176840527320179, "target": 53, "value": 93.0, "supply": [{"l": "Demersal Fish", "v": 93.0}]}, {"source": 26, "prod": 1.6858780443955717, "target": 103, "value": 278.0, "supply": [{"l": "Oilcrops, Other", "v": 278.0}]}, {"source": 27, "prod": 9.3829258040933148, "target": 103, "value": 4347.0, "supply": [{"l": "Oats", "v": 4347.0}]}, {"source": 22, "prod": 13.869731455462418, "target": 103, "value": 3454.0, "supply": [{"l": "Soyabeans", "v": 3454.0}]}, {"source": 31, "prod": 28.527425834941155, "target": 103, "value": 36724.0, "supply": [{"l": "Potatoes", "v": 36724.0}]}, {"source": 32, "prod": 0.018972141490726256, "target": 32, "value": 20.0, "supply": [{"l": "Freshwater Fish", "v": 20.0}]}, {"source": 36, "prod": 4.5304297104032667, "target": 103, "value": 1127.0, "supply": [{"l": "Beans", "v": 1127.0}]}, {"source": 55, "prod": 5.4743734828660795, "target": 103, "value": 1364.0, "supply": [{"l": "Pulses, Other", "v": 1364.0}]}, {"source": 38, "prod": 0.33476366103771527, "target": 38, "value": 355.0, "supply": [{"l": "Fish, Seafood", "v": 355.0}]}, {"source": 41, "prod": 3.0347421948323539, "target": 103, "value": 853.0, "supply": [{"l": "Sorghum", "v": 853.0}]}, {"source": 42, "prod": 0.038912652703375003, "target": 42, "value": 33.0, "supply": [{"l": "Cephalopods", "v": 33.0}]}, {"source": 43, "prod": 4.0242135942591206, "target": 103, "value": 12940.0, "supply": [{"l": "Sugar cane", "v": 12940.0}]}, {"source": 45, "prod": 0.21362019313993552, "target": 45, "value": 195.0, "supply": [{"l": "Pelagic Fish", "v": 195.0}]}, {"source": 47, "prod": 0.013946666640000001, "target": 47, "value": 12.0, "supply": [{"l": "Molluscs, Other", "v": 12.0}]}, {"source": 50, "prod": 2.6511295246012487, "target": 103, "value": 768.0, "supply": [{"l": "Millet", "v": 768.0}]}, {"source": 52, "prod": 0.62829047217285516, "target": 103, "value": 551.0, "supply": [{"l": "Sweet potatoes", "v": 551.0}]}, {"source": 33, "prod": 1.0079046309557229, "target": 103, "value": 251.0, "supply": [{"l": "Rape and Mustardseed", "v": 251.0}]}, {"source": 81, "prod": 0.0100853527524946, "target": 103, "value": 22.0, "supply": [{"l": "Onions", "v": 22.0}]}, {"source": 0, "prod": 75.10258712424384, "target": 104, "value": 21345.0, "supply": [{"l": "Maize", "v": 21345.0}]}, {"source": 92, "prod": 0.11073956500565219, "target": 104, "value": 60.0, "supply": [{"l": "Olives", "v": 60.0}]}, {"source": 2, "prod": 6.6196898465178142, "target": 104, "value": 23254.0, "supply": [{"l": "Vegetables, Other", "v": 23254.0}]}, {"source": 3, "prod": 2.7856711922849611, "target": 104, "value": 2878.0, "supply": [{"l": "Plantains", "v": 2878.0}]}, {"source": 4, "prod": 3.5407372538477078, "target": 104, "value": 1137.0, "supply": [{"l": "Rye", "v": 1137.0}]}, {"source": 60, "prod": 0.46256043589717238, "target": 104, "value": 158.0, "supply": [{"l": "Nuts", "v": 158.0}]}, {"source": 28, "prod": 0.29522161307188644, "target": 104, "value": 153.0, "supply": [{"l": "Dates", "v": 153.0}]}, {"source": 6, "prod": 1.5330574446877716, "target": 104, "value": 1264.0, "supply": [{"l": "Yams", "v": 1264.0}]}, {"source": 7, "prod": 0.81284838020932371, "target": 104, "value": 195.0, "supply": [{"l": "Sugar", "v": 195.0}]}, {"source": 68, "prod": 0.02122508329275, "target": 104, "value": 2.0, "supply": [{"l": "Oilcrops Oil, Other", "v": 2.0}]}, {"source": 69, "prod": 0.0094333703523333343, "target": 104, "value": 1.0, "supply": [{"l": "Maize Germ Oil", "v": 1.0}]}, {"source": 70, "prod": 0.029307891174582129, "target": 104, "value": 57.0, "supply": [{"l": "Beer", "v": 57.0}]}, {"source": 89, "prod": 0.34401777712000003, "target": 104, "value": 296.0, "supply": [{"l": "Grapefruit", "v": 296.0}]}, {"source": 8, "prod": 13.348496500620854, "target": 104, "value": 4582.0, "supply": [{"l": "Barley", "v": 4582.0}]}, {"source": 56, "prod": 10.865088156862248, "target": 104, "value": 10086.0, "supply": [{"l": "Cassava", "v": 10086.0}]}, {"source": 9, "prod": 61.196750356675011, "target": 104, "value": 14141.0, "supply": [{"l": "Rice", "v": 14141.0}]}, {"source": 10, "prod": 0.0084900333171, "target": 104, "value": 1.0, "supply": [{"l": "Butter, Ghee", "v": 1.0}]}, {"source": 11, "prod": 0.94629342642030867, "target": 104, "value": 4659.0, "supply": [{"l": "Tomatoes", "v": 4659.0}]}, {"source": 12, "prod": 0.71457780418924999, "target": 104, "value": 202.0, "supply": [{"l": "Sunflower seed", "v": 202.0}]}, {"source": 29, "prod": 1.506529316268383, "target": 104, "value": 417.0, "supply": [{"l": "Cereals, Other", "v": 417.0}]}, {"source": 72, "prod": 0.034490760350718762, "target": 104, "value": 91.0, "supply": [{"l": "Coffee", "v": 91.0}]}, {"source": 14, "prod": 0.082674481739550568, "target": 104, "value": 20.0, "supply": [{"l": "Sugar non-centrifugal", "v": 20.0}]}, {"source": 15, "prod": 79.071844334777822, "target": 104, "value": 23554.0, "supply": [{"l": "Wheat", "v": 23554.0}]}, {"source": 13, "prod": 0.37300886023353547, "target": 104, "value": 45.0, "supply": [{"l": "Fats, Animals, Raw", "v": 45.0}]}, {"source": 16, "prod": 0.14150055528500002, "target": 104, "value": 14.0, "supply": [{"l": "Soyabean Oil", "v": 14.0}]}, {"source": 17, "prod": 2.1651969799424409, "target": 104, "value": 1297.0, "supply": [{"l": "Coconuts - Incl Copra", "v": 1297.0}]}, {"source": 63, "prod": 0.45085004511496551, "target": 104, "value": 154.0, "supply": [{"l": "Treenuts", "v": 154.0}]}, {"source": 19, "prod": 1.6823631315477048, "target": 104, "value": 1007.0, "supply": [{"l": "Eggs", "v": 1007.0}]}, {"source": 20, "prod": 0.84051329839290001, "target": 104, "value": 693.0, "supply": [{"l": "Roots, Other", "v": 693.0}]}, {"source": 21, "prod": 1.5160773780535717, "target": 104, "value": 375.0, "supply": [{"l": "Peas", "v": 375.0}]}, {"source": 64, "prod": 0.45846179912340007, "target": 104, "value": 54.0, "supply": [{"l": "Sesame seed", "v": 54.0}]}, {"source": 22, "prod": 7.9869414779718442, "target": 104, "value": 1989.0, "supply": [{"l": "Soyabeans", "v": 1989.0}]}, {"source": 84, "prod": 1.2993192880561824, "target": 104, "value": 1812.0, "supply": [{"l": "Grapes", "v": 1812.0}]}, {"source": 24, "prod": 3.0685406131804291, "target": 104, "value": 506.0, "supply": [{"l": "Groundnuts", "v": 506.0}]}, {"source": 74, "prod": 0.49396557481309095, "target": 104, "value": 48.0, "supply": [{"l": "Palm Oil", "v": 48.0}]}, {"source": 26, "prod": 1.2795693070772145, "target": 104, "value": 211.0, "supply": [{"l": "Oilcrops, Other", "v": 211.0}]}, {"source": 66, "prod": 0.39671610227176368, "target": 104, "value": 514.0, "supply": [{"l": "Wine", "v": 514.0}]}, {"source": 27, "prod": 2.8772579012782118, "target": 104, "value": 1333.0, "supply": [{"l": "Oats", "v": 1333.0}]}, {"source": 62, "prod": 0.011094929903028411, "target": 104, "value": 3.0, "supply": [{"l": "Cloves", "v": 3.0}]}, {"source": 65, "prod": 0.64215719958723072, "target": 104, "value": 233.0, "supply": [{"l": "Pigmeat", "v": 233.0}]}, {"source": 95, "prod": 0.065494542731914296, "target": 104, "value": 27.0, "supply": [{"l": "Cocoa Beans", "v": 27.0}]}, {"source": 30, "prod": 2.0318714871059593, "target": 104, "value": 506.0, "supply": [{"l": "Cottonseed", "v": 506.0}]}, {"source": 31, "prod": 15.867040630228407, "target": 104, "value": 20426.0, "supply": [{"l": "Potatoes", "v": 20426.0}]}, {"source": 73, "prod": 0.339601332684, "target": 104, "value": 88.0, "supply": [{"l": "Pimento", "v": 88.0}]}, {"source": 83, "prod": 0.0069733333200000004, "target": 104, "value": 6.0, "supply": [{"l": "Pepper", "v": 6.0}]}, {"source": 43, "prod": 3.7511641710937806, "target": 104, "value": 12062.0, "supply": [{"l": "Sugar cane", "v": 12062.0}]}, {"source": 35, "prod": 6.9388911142153207, "target": 104, "value": 11045.0, "supply": [{"l": "Milk - Excluding Butter", "v": 11045.0}]}, {"source": 36, "prod": 2.4079213811282671, "target": 104, "value": 599.0, "supply": [{"l": "Beans", "v": 599.0}]}, {"source": 37, "prod": 1.4751751583405583, "target": 104, "value": 2893.0, "supply": [{"l": "Apples", "v": 2893.0}]}, {"source": 39, "prod": 0.28175714964441761, "target": 104, "value": 906.0, "supply": [{"l": "Sugar beet", "v": 906.0}]}, {"source": 40, "prod": 0.015436424212909092, "target": 104, "value": 14.0, "supply": [{"l": "Meat, Other", "v": 14.0}]}, {"source": 97, "prod": 0.19452891872190289, "target": 104, "value": 472.0, "supply": [{"l": "Lemons, Limes", "v": 472.0}]}, {"source": 41, "prod": 9.6770208322907436, "target": 104, "value": 2720.0, "supply": [{"l": "Sorghum", "v": 2720.0}]}, {"source": 75, "prod": 0.067279509305320756, "target": 104, "value": 28.0, "supply": [{"l": "Mutton & Goat Meat", "v": 28.0}]}, {"source": 86, "prod": 0.40777253616613307, "target": 104, "value": 975.0, "supply": [{"l": "Pineapples", "v": 975.0}]}, {"source": 46, "prod": 3.6267547231268287, "target": 104, "value": 5064.0, "supply": [{"l": "Bananas", "v": 5064.0}]}, {"source": 77, "prod": 0.46405279667368537, "target": 104, "value": 747.0, "supply": [{"l": "Beverages, Fermented", "v": 747.0}]}, {"source": 93, "prod": 0.43350888805999999, "target": 104, "value": 373.0, "supply": [{"l": "Citrus, Other", "v": 373.0}]}, {"source": 98, "prod": 0.053062708231874998, "target": 104, "value": 15.0, "supply": [{"l": "Spices, Other", "v": 15.0}]}, {"source": 87, "prod": 0.026192655978287235, "target": 104, "value": 29.0, "supply": [{"l": "Tea", "v": 29.0}]}, {"source": 5, "prod": 3.3914412819721531, "target": 104, "value": 6676.0, "supply": [{"l": "Fruits, Other", "v": 6676.0}]}, {"source": 50, "prod": 5.8027978266337223, "target": 104, "value": 1681.0, "supply": [{"l": "Millet", "v": 1681.0}]}, {"source": 99, "prod": 0.11511659758081773, "target": 104, "value": 71.0, "supply": [{"l": "Poultry Meat", "v": 71.0}]}, {"source": 51, "prod": 0.10612541646375, "target": 104, "value": 90.0, "supply": [{"l": "Offals, Edible", "v": 90.0}]}, {"source": 52, "prod": 8.4984553341275664, "target": 104, "value": 7453.0, "supply": [{"l": "Sweet potatoes", "v": 7453.0}]}, {"source": 33, "prod": 1.1524646577063444, "target": 104, "value": 287.0, "supply": [{"l": "Rape and Mustardseed", "v": 287.0}]}, {"source": 54, "prod": 1.3183287218520547, "target": 104, "value": 4126.0, "supply": [{"l": "Oranges, Mandarines", "v": 4126.0}]}, {"source": 78, "prod": 0.36728796348246001, "target": 104, "value": 204.0, "supply": [{"l": "Bovine Meat", "v": 204.0}]}, {"source": 90, "prod": 0.024257238048857144, "target": 104, "value": 2.0, "supply": [{"l": "Palmkernel Oil", "v": 2.0}]}, {"source": 80, "prod": 0.080311125972567565, "target": 104, "value": 20.0, "supply": [{"l": "Palm kernels", "v": 20.0}]}, {"source": 91, "prod": 0.10987101939776471, "target": 104, "value": 44.0, "supply": [{"l": "Cream", "v": 44.0}]}, {"source": 81, "prod": 0.83341687745614479, "target": 104, "value": 1818.0, "supply": [{"l": "Onions", "v": 1818.0}]}, {"source": 55, "prod": 2.889698612656582, "target": 104, "value": 720.0, "supply": [{"l": "Pulses, Other", "v": 720.0}]}, {"source": 105, "prod": 0.06641724628449043, "target": 11, "value": 327.0, "supply": [{"l": "Tomatoes", "v": 327.0}]}, {"source": 105, "prod": 2.4390858427939834, "target": 27, "value": 1130.0, "supply": [{"l": "Oats", "v": 1130.0}]}, {"source": 105, "prod": 2.578847620069125, "target": 12, "value": 729.0, "supply": [{"l": "Sunflower seed", "v": 729.0}]}, {"source": 92, "prod": 0.046141485419021737, "target": 106, "value": 25.0, "supply": [{"l": "Olives", "v": 25.0}]}, {"source": 105, "prod": 0.079973081692325906, "target": 72, "value": 211.0, "supply": [{"l": "Coffee", "v": 211.0}]}, {"source": 105, "prod": 0.0023244444400000001, "target": 82, "value": 2.0, "supply": [{"l": "Infant food", "v": 2.0}]}, {"source": 52, "prod": 0.045610923569717257, "target": 106, "value": 40.0, "supply": [{"l": "Sweet potatoes", "v": 40.0}]}, {"source": 16, "prod": 10.460933908569643, "target": 106, "value": 1035.0, "supply": [{"l": "Soyabean Oil", "v": 1035.0}]}, {"source": 105, "prod": 0.058217371317257148, "target": 20, "value": 48.0, "supply": [{"l": "Roots, Other", "v": 48.0}]}, {"source": 60, "prod": 0.064407149302137937, "target": 106, "value": 22.0, "supply": [{"l": "Nuts", "v": 22.0}]}, {"source": 56, "prod": 2.4593492228947569, "target": 106, "value": 2283.0, "supply": [{"l": "Cassava", "v": 2283.0}]}, {"source": 95, "prod": 0.10915757121985716, "target": 106, "value": 45.0, "supply": [{"l": "Cocoa Beans", "v": 45.0}]}, {"source": 105, "prod": 0.26488903949352, "target": 55, "value": 66.0, "supply": [{"l": "Pulses, Other", "v": 66.0}]}, {"source": 105, "prod": 0.01925385525476242, "target": 81, "value": 42.0, "supply": [{"l": "Onions", "v": 42.0}]}, {"source": 53, "prod": 0.049681425246752363, "target": 106, "value": 53.0, "supply": [{"l": "Demersal Fish", "v": 53.0}]}, {"source": 29, "prod": 0.60694706266927656, "target": 106, "value": 168.0, "supply": [{"l": "Cereals, Other", "v": 168.0}]}, {"source": 77, "prod": 0.016151770700824391, "target": 106, "value": 26.0, "supply": [{"l": "Beverages, Fermented", "v": 26.0}]}, {"source": 17, "prod": 1.7044457336324075, "target": 106, "value": 1021.0, "supply": [{"l": "Coconuts - Incl Copra", "v": 1021.0}]}, {"source": 66, "prod": 0.92772909519583635, "target": 106, "value": 1202.0, "supply": [{"l": "Wine", "v": 1202.0}]}, {"source": 105, "prod": 0.0040155562986283781, "target": 80, "value": 1.0, "supply": [{"l": "Palm kernels", "v": 1.0}]}, {"source": 105, "prod": 0.091975360935250008, "target": 98, "value": 26.0, "supply": [{"l": "Spices, Other", "v": 26.0}]}, {"source": 69, "prod": 0.14150055528500002, "target": 106, "value": 15.0, "supply": [{"l": "Maize Germ Oil", "v": 15.0}]}, {"source": 63, "prod": 0.064407149302137937, "target": 106, "value": 22.0, "supply": [{"l": "Treenuts", "v": 22.0}]}, {"source": 42, "prod": 0.020045911998708338, "target": 106, "value": 17.0, "supply": [{"l": "Cephalopods", "v": 17.0}]}, {"source": 105, "prod": 1.0814387507738625, "target": 1, "value": 1199.0, "supply": [{"l": "Pigmeat", "v": 122.0}, {"l": "Crustaceans", "v": 18.0}, {"l": "Poultry Meat", "v": 2.0}, {"l": "Milk - Excluding Butter", "v": 999.0}, {"l": "Bovine Meat", "v": 57.0}, {"l": "Eggs", "v": 1.0}]}, {"source": 105, "prod": 4.9903916424189267, "target": 8, "value": 1713.0, "supply": [{"l": "Barley", "v": 1713.0}]}, {"source": 38, "prod": 0.21406014381848271, "target": 106, "value": 227.0, "supply": [{"l": "Fish, Seafood", "v": 227.0}]}, {"source": 105, "prod": 0.027999046045755319, "target": 87, "value": 31.0, "supply": [{"l": "Tea", "v": 31.0}]}, {"source": 48, "prod": 0.19102574963475, "target": 106, "value": 18.0, "supply": [{"l": "Fish, Body Oil", "v": 18.0}]}, {"source": 74, "prod": 1.1217134928047274, "target": 106, "value": 109.0, "supply": [{"l": "Palm Oil", "v": 109.0}]}, {"source": 47, "prod": 0.0046488888800000003, "target": 106, "value": 4.0, "supply": [{"l": "Molluscs, Other", "v": 4.0}]}, {"source": 61, "prod": 1.3115637676071725, "target": 106, "value": 384.0, "supply": [{"l": "Beverages, Alcoholic", "v": 384.0}]}, {"source": 39, "prod": 0.076192606691923098, "target": 106, "value": 245.0, "supply": [{"l": "Sugar beet", "v": 245.0}]}, {"source": 9, "prod": 9.7760737611009709, "target": 106, "value": 2259.0, "supply": [{"l": "Rice", "v": 2259.0}]}, {"source": 94, "prod": 4.1551221881336478, "target": 106, "value": 416.0, "supply": [{"l": "Olive Oil", "v": 416.0}]}, {"source": 68, "prod": 0.095512874817374999, "target": 106, "value": 9.0, "supply": [{"l": "Oilcrops Oil, Other", "v": 9.0}]}, {"source": 45, "prod": 0.17637359536169034, "target": 106, "value": 161.0, "supply": [{"l": "Pelagic Fish", "v": 161.0}]}, {"source": 105, "prod": 64.912983361685392, "target": 0, "value": 18449.0, "supply": [{"l": "Maize", "v": 18449.0}]}, {"source": 46, "prod": 0.0021485513762599696, "target": 106, "value": 3.0, "supply": [{"l": "Bananas", "v": 3.0}]}, {"source": 105, "prod": 10.8247924793025, "target": 31, "value": 13935.0, "supply": [{"l": "Potatoes", "v": 13935.0}]}, {"source": 105, "prod": 0.44997176580630005, "target": 64, "value": 53.0, "supply": [{"l": "Sesame seed", "v": 53.0}]}, {"source": 105, "prod": 23.189837624578885, "target": 22, "value": 5775.0, "supply": [{"l": "Soyabeans", "v": 5775.0}]}, {"source": 105, "prod": 0.51552094195724318, "target": 37, "value": 1011.0, "supply": [{"l": "Apples", "v": 1011.0}]}, {"source": 62, "prod": 0.011094929903028411, "target": 106, "value": 3.0, "supply": [{"l": "Cloves", "v": 3.0}]}, {"source": 105, "prod": 0.15259113934787835, "target": 33, "value": 38.0, "supply": [{"l": "Rape and Mustardseed", "v": 38.0}]}, {"source": 70, "prod": 0.082267764700581406, "target": 106, "value": 160.0, "supply": [{"l": "Beer", "v": 160.0}]}, {"source": 86, "prod": 0.22333388134637439, "target": 106, "value": 534.0, "supply": [{"l": "Pineapples", "v": 534.0}]}, {"source": 43, "prod": 0.0087077264790769229, "target": 106, "value": 28.0, "supply": [{"l": "Sugar cane", "v": 28.0}]}, {"source": 105, "prod": 1.1023931291663047, "target": 4, "value": 354.0, "supply": [{"l": "Rye", "v": 354.0}]}, {"source": 54, "prod": 0.044093398840422585, "target": 106, "value": 138.0, "supply": [{"l": "Oranges, Mandarines", "v": 138.0}]}, {"source": 89, "prod": 0.025568888840000002, "target": 106, "value": 22.0, "supply": [{"l": "Grapefruit", "v": 22.0}]}, {"source": 105, "prod": 1.2542094672988637, "target": 36, "value": 312.0, "supply": [{"l": "Beans", "v": 312.0}]}, {"source": 23, "prod": 0.0075466962818666657, "target": 106, "value": 8.0, "supply": [{"l": "Marine Fish, Other", "v": 8.0}]}, {"source": 105, "prod": 5.2974573600297479, "target": 41, "value": 1489.0, "supply": [{"l": "Sorghum", "v": 1489.0}]}, {"source": 13, "prod": 1.0610029802198342, "target": 106, "value": 128.0, "supply": [{"l": "Fats, Animals, Raw", "v": 128.0}]}, {"source": 83, "prod": 0.023244444400000001, "target": 106, "value": 20.0, "supply": [{"l": "Pepper", "v": 20.0}]}, {"source": 40, "prod": 0.0022052034589870131, "target": 106, "value": 2.0, "supply": [{"l": "Meat, Other", "v": 2.0}]}, {"source": 105, "prod": 1.0390494621158539, "target": 50, "value": 301.0, "supply": [{"l": "Millet", "v": 301.0}]}, {"source": 51, "prod": 0.010612541646375, "target": 106, "value": 9.0, "supply": [{"l": "Offals, Edible", "v": 9.0}]}, {"source": 21, "prod": 2.1225083292750004, "target": 106, "value": 525.0, "supply": [{"l": "Peas", "v": 525.0}]}, {"source": 105, "prod": 0.064904501806401546, "target": 2, "value": 228.0, "supply": [{"l": "Vegetables, Other", "v": 228.0}]}, {"source": 34, "prod": 1.4845429685900575, "target": 106, "value": 144.0, "supply": [{"l": "Rape and Mustard Oil", "v": 144.0}]}, {"source": 105, "prod": 1.3765982592726431, "target": 24, "value": 227.0, "supply": [{"l": "Groundnuts", "v": 227.0}]}, {"source": 28, "prod": 0.24505323437993184, "target": 106, "value": 127.0, "supply": [{"l": "Dates", "v": 127.0}]}, {"source": 67, "prod": 0.084900333171, "target": 106, "value": 20.0, "supply": [{"l": "Honey", "v": 20.0}]}, {"source": 5, "prod": 0.088392867445050122, "target": 106, "value": 174.0, "supply": [{"l": "Fruits, Other", "v": 174.0}]}, {"source": 32, "prod": 0.004743035372681564, "target": 106, "value": 5.0, "supply": [{"l": "Freshwater Fish", "v": 5.0}]}, {"source": 105, "prod": 2.2134729719582147, "target": 26, "value": 365.0, "supply": [{"l": "Oilcrops, Other", "v": 365.0}]}, {"source": 105, "prod": 24.919996084401035, "target": 100, "value": 5417.0, "supply": [{"l": "Sugar", "v": 4913.0}, {"l": "Groundnut Oil", "v": 212.0}, {"l": "Butter, Ghee", "v": 31.0}, {"l": "Sunflowerseed Oil", "v": 96.0}, {"l": "Coconut Oil", "v": 41.0}, {"l": "Sweeteners, Other", "v": 109.0}, {"l": "Palmkernel Oil", "v": 15.0}]}, {"source": 105, "prod": 4.1239763186913443, "target": 30, "value": 1027.0, "supply": [{"l": "Cottonseed", "v": 1027.0}]}, {"source": 84, "prod": 0.029399608614957769, "target": 106, "value": 41.0, "supply": [{"l": "Grapes", "v": 41.0}]}, {"source": 73, "prod": 0.038591060532272729, "target": 106, "value": 10.0, "supply": [{"l": "Pimento", "v": 10.0}]}, {"source": 75, "prod": 0.0024028396180471702, "target": 106, "value": 1.0, "supply": [{"l": "Mutton & Goat Meat", "v": 1.0}]}, {"source": 15, "prod": 7.7614886686765008, "target": 106, "value": 2312.0, "supply": [{"l": "Wheat", "v": 2312.0}]}, {"source": 107, "prod": 19.994305010087018, "target": 3, "value": 20657.0, "supply": [{"l": "Plantains", "v": 20657.0}]}, {"source": 107, "prod": 11.505458943518276, "target": 60, "value": 3930.0, "supply": [{"l": "Nuts", "v": 3930.0}]}, {"source": 107, "prod": 0.19970873825451135, "target": 62, "value": 54.0, "supply": [{"l": "Cloves", "v": 54.0}]}, {"source": 107, "prod": 51.565743649531278, "target": 17, "value": 30889.0, "supply": [{"l": "Coconuts - Incl Copra", "v": 30889.0}]}, {"source": 107, "prod": 11.514241736604932, "target": 63, "value": 3933.0, "supply": [{"l": "Treenuts", "v": 3933.0}]}, {"source": 107, "prod": 8.925450740076986, "target": 20, "value": 7359.0, "supply": [{"l": "Roots, Other", "v": 7359.0}]}, {"source": 107, "prod": 14.135905472971501, "target": 64, "value": 1665.0, "supply": [{"l": "Sesame seed", "v": 1665.0}]}, {"source": 107, "prod": 70.067032104123868, "target": 24, "value": 11554.0, "supply": [{"l": "Groundnuts", "v": 11554.0}]}, {"source": 107, "prod": 69.790234965951811, "target": 55, "value": 17389.0, "supply": [{"l": "Pulses, Other", "v": 17389.0}]}, {"source": 107, "prod": 202.82608737091738, "target": 41, "value": 57010.0, "supply": [{"l": "Sorghum", "v": 57010.0}]}, {"source": 107, "prod": 1.7658511260878975, "target": 72, "value": 4659.0, "supply": [{"l": "Coffee", "v": 4659.0}]}, {"source": 107, "prod": 1469.7278482271829, "target": 15, "value": 437804.0, "supply": [{"l": "Wheat", "v": 437804.0}]}, {"source": 107, "prod": 6.0472191854071369, "target": 73, "value": 1567.0, "supply": [{"l": "Pimento", "v": 1567.0}]}, {"source": 107, "prod": 46.476868101610286, "target": 26, "value": 7664.0, "supply": [{"l": "Oilcrops, Other", "v": 7664.0}]}, {"source": 107, "prod": 4.7331935742832503, "target": 28, "value": 2453.0, "supply": [{"l": "Dates", "v": 2453.0}]}, {"source": 107, "prod": 89.430269591717092, "target": 27, "value": 41432.0, "supply": [{"l": "Oats", "v": 41432.0}]}, {"source": 107, "prod": 325.38454243415612, "target": 22, "value": 81031.0, "supply": [{"l": "Soyabeans", "v": 81031.0}]}, {"source": 107, "prod": 53.440579032920176, "target": 36, "value": 13294.0, "supply": [{"l": "Beans", "v": 13294.0}]}, {"source": 107, "prod": 83.144171334309036, "target": 39, "value": 267353.0, "supply": [{"l": "Sugar beet", "v": 267353.0}]}, {"source": 107, "prod": 6.4851234222848317, "target": 80, "value": 1615.0, "supply": [{"l": "Palm kernels", "v": 1615.0}]}, {"source": 107, "prod": 10.15411652126161, "target": 81, "value": 22150.0, "supply": [{"l": "Onions", "v": 22150.0}]}, {"source": 107, "prod": 1392.049058771953, "target": 0, "value": 395636.0, "supply": [{"l": "Maize", "v": 395636.0}]}, {"source": 107, "prod": 70.416260420329394, "target": 2, "value": 247362.0, "supply": [{"l": "Vegetables, Other", "v": 247362.0}]}, {"source": 107, "prod": 0.0011622222200000001, "target": 82, "value": 1.0, "supply": [{"l": "Infant food", "v": 1.0}]}, {"source": 107, "prod": 451.66394597626709, "target": 8, "value": 155038.0, "supply": [{"l": "Barley", "v": 155038.0}]}, {"source": 107, "prod": 10.501033792521223, "target": 11, "value": 51701.0, "supply": [{"l": "Tomatoes", "v": 51701.0}]}, {"source": 107, "prod": 48.262301893831385, "target": 12, "value": 13643.0, "supply": [{"l": "Sunflower seed", "v": 13643.0}]}, {"source": 107, "prod": 39.263694506486296, "target": 29, "value": 10868.0, "supply": [{"l": "Cereals, Other", "v": 10868.0}]}, {"source": 107, "prod": 0.20803777738000001, "target": 83, "value": 179.0, "supply": [{"l": "Pepper", "v": 179.0}]}, {"source": 107, "prod": 37.812991245160148, "target": 21, "value": 9353.0, "supply": [{"l": "Peas", "v": 9353.0}]}, {"source": 107, "prod": 47.414398059679336, "target": 84, "value": 66123.0, "supply": [{"l": "Grapes", "v": 66123.0}]}, {"source": 107, "prod": 103.55718138532724, "target": 30, "value": 25789.0, "supply": [{"l": "Cottonseed", "v": 25789.0}]}, {"source": 107, "prod": 226.31318921074646, "target": 43, "value": 727718.0, "supply": [{"l": "Sugar cane", "v": 727718.0}]}, {"source": 107, "prod": 4.4482755842697346, "target": 86, "value": 10636.0, "supply": [{"l": "Pineapples", "v": 10636.0}]}, {"source": 107, "prod": 1.9391597374269893, "target": 87, "value": 2147.0, "supply": [{"l": "Tea", "v": 2147.0}]}, {"source": 107, "prod": 5.2660288788200003, "target": 89, "value": 4531.0, "supply": [{"l": "Grapefruit", "v": 4531.0}]}, {"source": 107, "prod": 19.683957679754677, "target": 92, "value": 10665.0, "supply": [{"l": "Olives", "v": 10665.0}]}, {"source": 107, "prod": 79.029753762662395, "target": 4, "value": 25378.0, "supply": [{"l": "Rye", "v": 25378.0}]}, {"source": 107, "prod": 34.191275536718955, "target": 5, "value": 67305.0, "supply": [{"l": "Fruits, Other", "v": 67305.0}]}, {"source": 107, "prod": 13.981872011361258, "target": 6, "value": 11528.0, "supply": [{"l": "Yams", "v": 11528.0}]}, {"source": 107, "prod": 3.2054088827600005, "target": 93, "value": 2758.0, "supply": [{"l": "Citrus, Other", "v": 2758.0}]}, {"source": 107, "prod": 1137.3135408199998, "target": 9, "value": 262804.0, "supply": [{"l": "Rice", "v": 262804.0}]}, {"source": 107, "prod": 3.9442269067441718, "target": 95, "value": 1626.0, "supply": [{"l": "Cocoa Beans", "v": 1626.0}]}, {"source": 107, "prod": 186.44277664458926, "target": 31, "value": 240012.0, "supply": [{"l": "Potatoes", "v": 240012.0}]}, {"source": 107, "prod": 17.25949836139344, "target": 37, "value": 33848.0, "supply": [{"l": "Apples", "v": 33848.0}]}, {"source": 107, "prod": 2.0977800768950967, "target": 97, "value": 5090.0, "supply": [{"l": "Lemons, Limes", "v": 5090.0}]}, {"source": 107, "prod": 24.863752709872458, "target": 46, "value": 34717.0, "supply": [{"l": "Bananas", "v": 34717.0}]}, {"source": 107, "prod": 3.6082641597675003, "target": 98, "value": 1020.0, "supply": [{"l": "Spices, Other", "v": 1020.0}]}, {"source": 107, "prod": 85.581774966034047, "target": 50, "value": 24792.0, "supply": [{"l": "Millet", "v": 24792.0}]}, {"source": 107, "prod": 155.69174733214061, "target": 52, "value": 136539.0, "supply": [{"l": "Sweet potatoes", "v": 136539.0}]}, {"source": 107, "prod": 44.239383741988838, "target": 33, "value": 11017.0, "supply": [{"l": "Rape and Mustardseed", "v": 11017.0}]}, {"source": 107, "prod": 15.45409725880231, "target": 54, "value": 48367.0, "supply": [{"l": "Oranges, Mandarines", "v": 48367.0}]}, {"source": 107, "prod": 118.92994871048046, "target": 56, "value": 110402.0, "supply": [{"l": "Cassava", "v": 110402.0}]}, {"source": 1, "prod": 14.842560138812773, "target": 53, "value": 15834.0, "supply": [{"l": "Demersal Fish", "v": 15927.0}]}, {"source": 1, "prod": 144.7719980133804, "target": 65, "value": 52529.0, "supply": [{"l": "Pigmeat", "v": 52529.0}]}, {"source": 1, "prod": 33.188909596756339, "target": 45, "value": 30296.0, "supply": [{"l": "Pelagic Fish", "v": 30491.0}]}, {"source": 1, "prod": 41.503586829208061, "target": 99, "value": 25598.0, "supply": [{"l": "Poultry Meat", "v": 25598.0}]}, {"source": 1, "prod": 1.9471221146980662, "target": 18, "value": 3486.0, "supply": [{"l": "Crustaceans", "v": 3486.0}]}, {"source": 1, "prod": 7.608777344855767, "target": 32, "value": 8021.0, "supply": [{"l": "Freshwater Fish", "v": 8041.0}]}, {"source": 1, "prod": 4.8278711018800005, "target": 47, "value": 4154.0, "supply": [{"l": "Molluscs, Other", "v": 4166.0}]}, {"source": 1, "prod": 0.22779555511999999, "target": 88, "value": 196.0, "supply": [{"l": "Aquatic Animals, Others", "v": 196.0}]}, {"source": 1, "prod": 1.8996449547011254, "target": 42, "value": 1611.0, "supply": [{"l": "Cephalopods", "v": 1644.0}]}, {"source": 1, "prod": 289.23333655874717, "target": 35, "value": 460388.0, "supply": [{"l": "Milk - Excluding Butter", "v": 460388.0}]}, {"source": 1, "prod": 11.696200065599292, "target": 51, "value": 9919.0, "supply": [{"l": "Offals, Edible", "v": 9919.0}]}, {"source": 1, "prod": 6.5712857874353992, "target": 23, "value": 6966.0, "supply": [{"l": "Marine Fish, Other", "v": 6968.0}]}, {"source": 1, "prod": 4.4919888803000001, "target": 57, "value": 3865.0, "supply": [{"l": "Aquatic Products, Other", "v": 3865.0}]}, {"source": 1, "prod": 66.335069678022762, "target": 38, "value": 70345.0, "supply": [{"l": "Fish, Seafood", "v": 70700.0}]}, {"source": 1, "prod": 84.474431169772259, "target": 78, "value": 46919.0, "supply": [{"l": "Bovine Meat", "v": 46919.0}]}, {"source": 1, "prod": 4.2676799918399997, "target": 25, "value": 3672.0, "supply": [{"l": "Aquatic Plants", "v": 3672.0}]}, {"source": 1, "prod": 3.7675901096793125, "target": 40, "value": 3417.0, "supply": [{"l": "Meat, Other", "v": 3417.0}]}, {"source": 1, "prod": 42.832597782145044, "target": 19, "value": 25638.0, "supply": [{"l": "Eggs", "v": 27211.0}]}, {"source": 1, "prod": 17.120232278586091, "target": 75, "value": 7125.0, "supply": [{"l": "Mutton & Goat Meat", "v": 7125.0}]}, {"source": 100, "prod": 2.6319103283010001, "target": 58, "value": 372.0, "supply": [{"l": "Ricebran Oil", "v": 372.0}]}, {"source": 100, "prod": 4.9111736629673342, "target": 102, "value": 7051.0, "supply": [{"l": "Alcohol, Non-Food", "v": 7051.0}]}, {"source": 100, "prod": 372.68889809935899, "target": 7, "value": 89407.0, "supply": [{"l": "Sugar", "v": 89407.0}]}, {"source": 100, "prod": 7.886297614550668, "target": 69, "value": 836.0, "supply": [{"l": "Maize Germ Oil", "v": 836.0}]}, {"source": 100, "prod": 46.797503776396361, "target": 70, "value": 91015.0, "supply": [{"l": "Beer", "v": 91015.0}]}, {"source": 100, "prod": 30.794003920607633, "target": 71, "value": 2947.0, "supply": [{"l": "Groundnut Oil", "v": 2947.0}]}, {"source": 100, "prod": 56.960804563502123, "target": 61, "value": 16677.0, "supply": [{"l": "Beverages, Alcoholic", "v": 16677.0}]}, {"source": 100, "prod": 50.662922409996575, "target": 14, "value": 12256.0, "supply": [{"l": "Sugar non-centrifugal", "v": 12256.0}]}, {"source": 100, "prod": 58.51330962145321, "target": 10, "value": 6892.0, "supply": [{"l": "Butter, Ghee", "v": 6892.0}]}, {"source": 100, "prod": 137.026877078235, "target": 13, "value": 16531.0, "supply": [{"l": "Fats, Animals, Raw", "v": 16531.0}]}, {"source": 100, "prod": 130.74651308334003, "target": 16, "value": 12936.0, "supply": [{"l": "Soyabean Oil", "v": 12936.0}]}, {"source": 100, "prod": 49.139283744427281, "target": 74, "value": 4775.0, "supply": [{"l": "Palm Oil", "v": 4775.0}]}, {"source": 100, "prod": 51.266559898917883, "target": 85, "value": 5063.0, "supply": [{"l": "Sunflowerseed Oil", "v": 5063.0}]}, {"source": 100, "prod": 20.995352979463767, "target": 94, "value": 2102.0, "supply": [{"l": "Olive Oil", "v": 2102.0}]}, {"source": 100, "prod": 26.321337502303976, "target": 96, "value": 2618.0, "supply": [{"l": "Coconut Oil", "v": 2618.0}]}, {"source": 100, "prod": 38.618735835683012, "target": 34, "value": 3746.0, "supply": [{"l": "Rape and Mustard Oil", "v": 3746.0}]}, {"source": 100, "prod": 0.15940163145064082, "target": 49, "value": 19.0, "supply": [{"l": "Fish, Liver Oil", "v": 19.0}]}, {"source": 100, "prod": 32.920104187055244, "target": 68, "value": 3102.0, "supply": [{"l": "Oilcrops Oil, Other", "v": 3102.0}]}, {"source": 100, "prod": 27.218274993411956, "target": 66, "value": 35265.0, "supply": [{"l": "Wine", "v": 35265.0}]}, {"source": 100, "prod": 33.114760543042713, "target": 44, "value": 9121.0, "supply": [{"l": "Sweeteners, Other", "v": 9121.0}]}, {"source": 100, "prod": 6.008628124874865, "target": 76, "value": 519.0, "supply": [{"l": "Sesameseed Oil", "v": 519.0}]}, {"source": 100, "prod": 11.672760441095782, "target": 77, "value": 18790.0, "supply": [{"l": "Beverages, Fermented", "v": 18790.0}]}, {"source": 100, "prod": 13.010976058455753, "target": 48, "value": 1226.0, "supply": [{"l": "Fish, Body Oil", "v": 1226.0}]}, {"source": 100, "prod": 3.7568397428167506, "target": 67, "value": 885.0, "supply": [{"l": "Honey", "v": 885.0}]}, {"source": 100, "prod": 33.239225176211157, "target": 79, "value": 3188.0, "supply": [{"l": "Cottonseed Oil", "v": 3188.0}]}, {"source": 100, "prod": 8.7083484595397174, "target": 90, "value": 718.0, "supply": [{"l": "Palmkernel Oil", "v": 718.0}]}, {"source": 100, "prod": 7.5686149953323838, "target": 91, "value": 3031.0, "supply": [{"l": "Cream", "v": 3031.0}]}, {"source": 107, "prod": 98.278567488854563, "target": 108, "value": 23151.515151515156, "supply": [{"l": "Oil Palm", "v": 23151.515151515156}]}, {"source": 108, "prod": 98.278567488854563, "target": 100, "value": 23151.515151515156, "supply": [{"l": "Oil Palm", "v": 23151.515151515156}]}]}